{
"type": "FeatureCollection",
"name": "districts",
"crs": { "type": "name", "properties": { "name": "urn:ogc:def:crs:OGC:1.3:CRS84" } },
"features": [
{ "type": "Feature", "properties": { "district_num": "45" }, "geometry": { "type": "Polygon", "coordinates": [ [ [ -86.754795, 36.405496 ], [ -86.753733, 36.405531 ], [ -86.753645, 36.405563 ], [ -86.753461, 36.405766 ], [ -86.753381, 36.40632 ], [ -86.753476, 36.406607 ], [ -86.753515, 36.40715 ], [ -86.753363, 36.407341 ], [ -86.753124, 36.407576 ], [ -86.752908, 36.407679 ], [ -86.752797, 36.407763 ], [ -86.752414, 36.408179 ], [ -86.752189, 36.408424 ], [ -86.751878, 36.408675 ], [ -86.751519, 36.408682 ], [ -86.751285, 36.40875 ], [ -86.751136, 36.408793 ], [ -86.750777, 36.409279 ], [ -86.750361, 36.409921 ], [ -86.750137, 36.410268 ], [ -86.749906, 36.410522 ], [ -86.749852, 36.410547 ], [ -86.749084, 36.4109 ], [ -86.748828, 36.410912 ], [ -86.748263, 36.410799 ], [ -86.747785, 36.410639 ], [ -86.747538, 36.410627 ], [ -86.746995, 36.410778 ], [ -86.746596, 36.411184 ], [ -86.746539, 36.411587 ], [ -86.746555, 36.411906 ], [ -86.746746, 36.412193 ], [ -86.74716, 36.412429 ], [ -86.747644, 36.412598 ], [ -86.748037, 36.412737 ], [ -86.748356, 36.412957 ], [ -86.748674, 36.413081 ], [ -86.749009, 36.413281 ], [ -86.749311, 36.413556 ], [ -86.749375, 36.41378 ], [ -86.749183, 36.414011 ], [ -86.748744, 36.414357 ], [ -86.748378, 36.414668 ], [ -86.748193, 36.414858 ], [ -86.748042, 36.415014 ], [ -86.747746, 36.415507 ], [ -86.747499, 36.415862 ], [ -86.747275, 36.416149 ], [ -86.747298, 36.416448 ], [ -86.747362, 36.416922 ], [ -86.747513, 36.417186 ], [ -86.747744, 36.417533 ], [ -86.748102, 36.417809 ], [ -86.748206, 36.417897 ], [ -86.748365, 36.418136 ], [ -86.748396, 36.418347 ], [ -86.748412, 36.418375 ], [ -86.748341, 36.418508 ], [ -86.748276, 36.418627 ], [ -86.74798, 36.418635 ], [ -86.747818, 36.418655 ], [ -86.74766, 36.418675 ], [ -86.74714, 36.418703 ], [ -86.74666, 36.418759 ], [ -86.746052, 36.418815 ], [ -86.745468, 36.418851 ], [ -86.745449, 36.418844 ], [ -86.745196, 36.418747 ], [ -86.744844, 36.418715 ], [ -86.744444, 36.418611 ], [ -86.744098, 36.418468 ], [ -86.744036, 36.418443 ], [ -86.743652, 36.418347 ], [ -86.7431, 36.418171 ], [ -86.742548, 36.418151 ], [ -86.742092, 36.418211 ], [ -86.739913, 36.418314 ], [ -86.738501, 36.41843 ], [ -86.73791, 36.418445 ], [ -86.736253, 36.418352 ], [ -86.735484, 36.418279 ], [ -86.735052, 36.418168 ], [ -86.734833, 36.418049 ], [ -86.734782, 36.418018 ], [ -86.734661, 36.417946 ], [ -86.734641, 36.417946 ], [ -86.734597, 36.417946 ], [ -86.734268, 36.417723 ], [ -86.734077, 36.417618 ], [ -86.73394, 36.417543 ], [ -86.733906, 36.41749 ], [ -86.733838, 36.417386 ], [ -86.73378, 36.417295 ], [ -86.733596, 36.417107 ], [ -86.733572, 36.417083 ], [ -86.733552, 36.416996 ], [ -86.733467, 36.416834 ], [ -86.733384, 36.416522 ], [ -86.733427, 36.416246 ], [ -86.733509, 36.415992 ], [ -86.733875, 36.415707 ], [ -86.734143, 36.415552 ], [ -86.734402, 36.415192 ], [ -86.734439, 36.414862 ], [ -86.734411, 36.41481 ], [ -86.73427, 36.414555 ], [ -86.733831, 36.414459 ], [ -86.733175, 36.414361 ], [ -86.731859, 36.414481 ], [ -86.730392, 36.414613 ], [ -86.72997, 36.414587 ], [ -86.729455, 36.414443 ], [ -86.729084, 36.414333 ], [ -86.728493, 36.414067 ], [ -86.728083, 36.41392 ], [ -86.728037, 36.413901 ], [ -86.727711, 36.413877 ], [ -86.727443, 36.413968 ], [ -86.727342, 36.414198 ], [ -86.727249, 36.414501 ], [ -86.727178, 36.414858 ], [ -86.727171, 36.41492 ], [ -86.727032, 36.4152 ], [ -86.726765, 36.415372 ], [ -86.726227, 36.41567 ], [ -86.725816, 36.415871 ], [ -86.725738, 36.415914 ], [ -86.725635, 36.416038 ], [ -86.724993, 36.416819 ], [ -86.724667, 36.41699 ], [ -86.724391, 36.417137 ], [ -86.72368, 36.417483 ], [ -86.72364, 36.417503 ], [ -86.723346, 36.417635 ], [ -86.723227, 36.41769 ], [ -86.722869, 36.417855 ], [ -86.722751, 36.417911 ], [ -86.722509, 36.418025 ], [ -86.722453, 36.418046 ], [ -86.72217, 36.418155 ], [ -86.721817, 36.418264 ], [ -86.72166, 36.418299 ], [ -86.721515, 36.418326 ], [ -86.721457, 36.418338 ], [ -86.721329, 36.418353 ], [ -86.721192, 36.418369 ], [ -86.721156, 36.41837 ], [ -86.72111, 36.418372 ], [ -86.721048, 36.418375 ], [ -86.721013, 36.418377 ], [ -86.720977, 36.418377 ], [ -86.720733, 36.418389 ], [ -86.720719, 36.418389 ], [ -86.720528, 36.418375 ], [ -86.720305, 36.41834 ], [ -86.719927, 36.418282 ], [ -86.719812, 36.418264 ], [ -86.719793, 36.41809 ], [ -86.719785, 36.418007 ], [ -86.719655, 36.416316 ], [ -86.719418, 36.415755 ], [ -86.719141, 36.4151 ], [ -86.719055, 36.414905 ], [ -86.718898, 36.414546 ], [ -86.718874, 36.414304 ], [ -86.718867, 36.414227 ], [ -86.718818, 36.414102 ], [ -86.718813, 36.41409 ], [ -86.7188, 36.414057 ], [ -86.718796, 36.414046 ], [ -86.718763, 36.413967 ], [ -86.718731, 36.413959 ], [ -86.718387, 36.413873 ], [ -86.718329, 36.413859 ], [ -86.718272, 36.413866 ], [ -86.717767, 36.413916 ], [ -86.717695, 36.413922 ], [ -86.71757, 36.413935 ], [ -86.717037, 36.41395 ], [ -86.71686, 36.413956 ], [ -86.716156, 36.413998 ], [ -86.715691, 36.413895 ], [ -86.715212, 36.413746 ], [ -86.714732, 36.413554 ], [ -86.714256, 36.413379 ], [ -86.714156, 36.413343 ], [ -86.713843, 36.413218 ], [ -86.71346, 36.413146 ], [ -86.713076, 36.413311 ], [ -86.712754, 36.413536 ], [ -86.712596, 36.413647 ], [ -86.712475, 36.413761 ], [ -86.712358, 36.413869 ], [ -86.712205, 36.414014 ], [ -86.711832, 36.414057 ], [ -86.711271, 36.414122 ], [ -86.710746, 36.413921 ], [ -86.710645, 36.413878 ], [ -86.710421, 36.413739 ], [ -86.71037, 36.413718 ], [ -86.710366, 36.413704 ], [ -86.710279, 36.413653 ], [ -86.710032, 36.413488 ], [ -86.709949, 36.413435 ], [ -86.709849, 36.413375 ], [ -86.709636, 36.413248 ], [ -86.70955, 36.413196 ], [ -86.709476, 36.413152 ], [ -86.70946, 36.413128 ], [ -86.70941, 36.412924 ], [ -86.709258, 36.412397 ], [ -86.70923, 36.41234 ], [ -86.709123, 36.412286 ], [ -86.709032, 36.412278 ], [ -86.708795, 36.412429 ], [ -86.708671, 36.41253 ], [ -86.708523, 36.412753 ], [ -86.708497, 36.412774 ], [ -86.708473, 36.412795 ], [ -86.708451, 36.412818 ], [ -86.70841, 36.412799 ], [ -86.7082, 36.412704 ], [ -86.70813, 36.412673 ], [ -86.708105, 36.412668 ], [ -86.708049, 36.41266 ], [ -86.708044, 36.412641 ], [ -86.708038, 36.412617 ], [ -86.708018, 36.412584 ], [ -86.707999, 36.41254 ], [ -86.707999, 36.412434 ], [ -86.708, 36.412116 ], [ -86.708001, 36.412011 ], [ -86.708004, 36.411947 ], [ -86.707988, 36.411732 ], [ -86.707988, 36.411719 ], [ -86.707924, 36.411531 ], [ -86.707828, 36.411187 ], [ -86.707724, 36.410951 ], [ -86.707718, 36.410941 ], [ -86.707577, 36.410701 ], [ -86.707568, 36.410687 ], [ -86.707544, 36.410645 ], [ -86.707536, 36.410631 ], [ -86.706386, 36.410299 ], [ -86.706195, 36.410244 ], [ -86.704113, 36.409767 ], [ -86.702956, 36.409543 ], [ -86.70288, 36.409539 ], [ -86.702675, 36.40953 ], [ -86.702319, 36.409593 ], [ -86.702226, 36.409678 ], [ -86.702076, 36.409815 ], [ -86.701954, 36.409899 ], [ -86.70194, 36.40992 ], [ -86.701896, 36.409952 ], [ -86.701873, 36.409955 ], [ -86.70155, 36.410049 ], [ -86.701188, 36.410083 ], [ -86.700886, 36.409605 ], [ -86.700821, 36.409548 ], [ -86.700682, 36.409456 ], [ -86.700706, 36.409308 ], [ -86.70049, 36.409244 ], [ -86.700309, 36.409213 ], [ -86.699818, 36.408918 ], [ -86.699668, 36.408772 ], [ -86.699633, 36.408739 ], [ -86.699509, 36.408635 ], [ -86.699469, 36.408602 ], [ -86.699319, 36.408484 ], [ -86.699202, 36.408391 ], [ -86.699022, 36.408103 ], [ -86.698993, 36.408027 ], [ -86.698926, 36.40785 ], [ -86.698904, 36.40779 ], [ -86.698869, 36.407677 ], [ -86.69886, 36.407646 ], [ -86.69875, 36.4074 ], [ -86.698588, 36.407235 ], [ -86.698288, 36.40716 ], [ -86.698121, 36.407152 ], [ -86.698062, 36.407149 ], [ -86.698033, 36.407177 ], [ -86.697867, 36.407341 ], [ -86.697697, 36.407339 ], [ -86.697647, 36.407327 ], [ -86.697463, 36.407282 ], [ -86.697214, 36.407144 ], [ -86.697008, 36.406981 ], [ -86.69656, 36.406832 ], [ -86.695745, 36.406869 ], [ -86.694528, 36.407048 ], [ -86.693292, 36.407231 ], [ -86.693211, 36.407279 ], [ -86.693096, 36.407349 ], [ -86.692988, 36.407446 ], [ -86.69292, 36.40751 ], [ -86.692889, 36.407538 ], [ -86.692795, 36.407623 ], [ -86.692765, 36.407652 ], [ -86.692359, 36.40801 ], [ -86.691956, 36.408367 ], [ -86.691236, 36.408787 ], [ -86.69108, 36.408982 ], [ -86.69094, 36.409159 ], [ -86.690845, 36.409459 ], [ -86.690827, 36.409515 ], [ -86.690775, 36.409685 ], [ -86.690759, 36.409742 ], [ -86.690819, 36.409815 ], [ -86.690923, 36.40995 ], [ -86.691074, 36.410174 ], [ -86.691168, 36.410314 ], [ -86.691187, 36.410342 ], [ -86.691332, 36.410557 ], [ -86.691458, 36.410773 ], [ -86.69157, 36.410981 ], [ -86.691931, 36.411764 ], [ -86.692106, 36.41219 ], [ -86.69211, 36.412201 ], [ -86.692332, 36.412698 ], [ -86.692397, 36.412845 ], [ -86.692465, 36.412999 ], [ -86.69258, 36.413257 ], [ -86.692672, 36.413464 ], [ -86.692741, 36.413619 ], [ -86.692809, 36.413776 ], [ -86.693015, 36.41425 ], [ -86.693084, 36.414408 ], [ -86.693127, 36.414507 ], [ -86.693258, 36.414804 ], [ -86.693302, 36.414904 ], [ -86.693367, 36.415051 ], [ -86.693562, 36.415494 ], [ -86.693627, 36.415642 ], [ -86.693695, 36.415797 ], [ -86.693702, 36.415813 ], [ -86.69378, 36.415981 ], [ -86.693908, 36.416258 ], [ -86.69398, 36.416412 ], [ -86.694013, 36.416486 ], [ -86.694115, 36.416709 ], [ -86.694149, 36.416784 ], [ -86.694188, 36.416871 ], [ -86.694207, 36.416911 ], [ -86.694301, 36.417135 ], [ -86.694339, 36.417224 ], [ -86.694528, 36.417675 ], [ -86.694603, 36.417853 ], [ -86.694781, 36.418426 ], [ -86.694869, 36.41882 ], [ -86.694903, 36.419007 ], [ -86.694918, 36.419089 ], [ -86.695007, 36.419572 ], [ -86.695032, 36.419745 ], [ -86.695042, 36.419867 ], [ -86.695073, 36.42024 ], [ -86.695075, 36.42026 ], [ -86.695092, 36.420465 ], [ -86.695096, 36.420799 ], [ -86.695079, 36.421067 ], [ -86.695064, 36.421319 ], [ -86.694981, 36.421871 ], [ -86.694911, 36.422242 ], [ -86.694908, 36.422259 ], [ -86.69488, 36.422372 ], [ -86.69483, 36.422571 ], [ -86.694735, 36.422891 ], [ -86.694719, 36.422937 ], [ -86.694671, 36.423078 ], [ -86.694656, 36.423125 ], [ -86.694636, 36.423185 ], [ -86.694576, 36.423365 ], [ -86.694557, 36.423426 ], [ -86.694533, 36.423499 ], [ -86.694441, 36.423711 ], [ -86.694423, 36.423751 ], [ -86.694356, 36.423885 ], [ -86.694214, 36.424177 ], [ -86.693831, 36.424841 ], [ -86.693601, 36.425187 ], [ -86.693535, 36.425288 ], [ -86.693308, 36.425594 ], [ -86.69329, 36.425616 ], [ -86.693251, 36.425663 ], [ -86.693235, 36.425684 ], [ -86.693218, 36.425707 ], [ -86.693074, 36.425876 ], [ -86.692863, 36.426129 ], [ -86.692665, 36.42636 ], [ -86.692643, 36.426384 ], [ -86.692562, 36.426476 ], [ -86.692496, 36.426551 ], [ -86.692431, 36.426623 ], [ -86.692238, 36.426841 ], [ -86.692174, 36.426914 ], [ -86.691522, 36.427649 ], [ -86.690864, 36.428393 ], [ -86.690528, 36.428773 ], [ -86.689669, 36.42974 ], [ -86.689568, 36.429853 ], [ -86.689348, 36.430101 ], [ -86.68904, 36.430448 ], [ -86.688997, 36.430496 ], [ -86.688916, 36.430588 ], [ -86.688829, 36.430686 ], [ -86.688652, 36.430888 ], [ -86.688648, 36.430907 ], [ -86.68857, 36.430982 ], [ -86.688485, 36.431081 ], [ -86.688428, 36.431145 ], [ -86.688259, 36.43134 ], [ -86.688203, 36.431406 ], [ -86.688137, 36.431481 ], [ -86.687941, 36.431709 ], [ -86.687876, 36.431785 ], [ -86.687857, 36.431805 ], [ -86.6878, 36.431865 ], [ -86.687782, 36.431886 ], [ -86.687706, 36.431968 ], [ -86.687478, 36.432213 ], [ -86.687403, 36.432296 ], [ -86.687304, 36.432397 ], [ -86.687258, 36.432445 ], [ -86.687205, 36.4325 ], [ -86.687044, 36.432669 ], [ -86.687009, 36.432703 ], [ -86.686909, 36.432803 ], [ -86.68686, 36.432852 ], [ -86.686834, 36.43288 ], [ -86.686711, 36.433 ], [ -86.686662, 36.433049 ], [ -86.686643, 36.433067 ], [ -86.686589, 36.43312 ], [ -86.686571, 36.433139 ], [ -86.686549, 36.433159 ], [ -86.686484, 36.43322 ], [ -86.686463, 36.433241 ], [ -86.686448, 36.433254 ], [ -86.686419, 36.433282 ], [ -86.686405, 36.433293 ], [ -86.686391, 36.433307 ], [ -86.686375, 36.433321 ], [ -86.686326, 36.433365 ], [ -86.686311, 36.43338 ], [ -86.686295, 36.433394 ], [ -86.686248, 36.433436 ], [ -86.686233, 36.433451 ], [ -86.686205, 36.433462 ], [ -86.686152, 36.433523 ], [ -86.686132, 36.433542 ], [ -86.686103, 36.433553 ], [ -86.686055, 36.433611 ], [ -86.686036, 36.433629 ], [ -86.685777, 36.433857 ], [ -86.685674, 36.433951 ], [ -86.685659, 36.433964 ], [ -86.685566, 36.434052 ], [ -86.685482, 36.434132 ], [ -86.685359, 36.43424 ], [ -86.685243, 36.434336 ], [ -86.685149, 36.434418 ], [ -86.685097, 36.434461 ], [ -86.685032, 36.434515 ], [ -86.684874, 36.434659 ], [ -86.684526, 36.434968 ], [ -86.684478, 36.435011 ], [ -86.684288, 36.435178 ], [ -86.684148, 36.435302 ], [ -86.684071, 36.43537 ], [ -86.683925, 36.435502 ], [ -86.683844, 36.435575 ], [ -86.683769, 36.435644 ], [ -86.683704, 36.435703 ], [ -86.683509, 36.435879 ], [ -86.683445, 36.435939 ], [ -86.683408, 36.43597 ], [ -86.683298, 36.436066 ], [ -86.683262, 36.436098 ], [ -86.683159, 36.436188 ], [ -86.683115, 36.436227 ], [ -86.682851, 36.436461 ], [ -86.682749, 36.436552 ], [ -86.682642, 36.436649 ], [ -86.682321, 36.436939 ], [ -86.682215, 36.437037 ], [ -86.682141, 36.437105 ], [ -86.681987, 36.437253 ], [ -86.68182, 36.43742 ], [ -86.681792, 36.437449 ], [ -86.681578, 36.437682 ], [ -86.681392, 36.437884 ], [ -86.681292, 36.437993 ], [ -86.681239, 36.438058 ], [ -86.681124, 36.438197 ], [ -86.68108, 36.438251 ], [ -86.681033, 36.438311 ], [ -86.68098, 36.438379 ], [ -86.680923, 36.438452 ], [ -86.680759, 36.438681 ], [ -86.680748, 36.438698 ], [ -86.680567, 36.438955 ], [ -86.680451, 36.439137 ], [ -86.680385, 36.43924 ], [ -86.680259, 36.439439 ], [ -86.680195, 36.439554 ], [ -86.680137, 36.439662 ], [ -86.680114, 36.439704 ], [ -86.680059, 36.439808 ], [ -86.680048, 36.439829 ], [ -86.680027, 36.439872 ], [ -86.680013, 36.439898 ], [ -86.679971, 36.439977 ], [ -86.679958, 36.440004 ], [ -86.679948, 36.440023 ], [ -86.679917, 36.440082 ], [ -86.679908, 36.440102 ], [ -86.67987, 36.440186 ], [ -86.679805, 36.440331 ], [ -86.679755, 36.440438 ], [ -86.679717, 36.440522 ], [ -86.679694, 36.440574 ], [ -86.679626, 36.440732 ], [ -86.679604, 36.440785 ], [ -86.679146, 36.440729 ], [ -86.67837, 36.440636 ], [ -86.677772, 36.440573 ], [ -86.677678, 36.440564 ], [ -86.6775, 36.440545 ], [ -86.677314, 36.440526 ], [ -86.677257, 36.44052 ], [ -86.677098, 36.440504 ], [ -86.676814, 36.440478 ], [ -86.676625, 36.44046 ], [ -86.676512, 36.440448 ], [ -86.676452, 36.440441 ], [ -86.676237, 36.440419 ], [ -86.675868, 36.440381 ], [ -86.675745, 36.440368 ], [ -86.675171, 36.440311 ], [ -86.675077, 36.440301 ], [ -86.67478, 36.440273 ], [ -86.674537, 36.440248 ], [ -86.674124, 36.440206 ], [ -86.673793, 36.440173 ], [ -86.673555, 36.440148 ], [ -86.672753, 36.440067 ], [ -86.672542, 36.440045 ], [ -86.672516, 36.440042 ], [ -86.671598, 36.439942 ], [ -86.670992, 36.439877 ], [ -86.670439, 36.439817 ], [ -86.670259, 36.439797 ], [ -86.670221, 36.439792 ], [ -86.670077, 36.439777 ], [ -86.670034, 36.439772 ], [ -86.669569, 36.439713 ], [ -86.669493, 36.439704 ], [ -86.669353, 36.439683 ], [ -86.668911, 36.4396 ], [ -86.668662, 36.439543 ], [ -86.668355, 36.439474 ], [ -86.667704, 36.439279 ], [ -86.66711, 36.439097 ], [ -86.666926, 36.439055 ], [ -86.666623, 36.438985 ], [ -86.666602, 36.43898 ], [ -86.666046, 36.438854 ], [ -86.665936, 36.438832 ], [ -86.665754, 36.438795 ], [ -86.665389, 36.438722 ], [ -86.665207, 36.438692 ], [ -86.665024, 36.438662 ], [ -86.664983, 36.438655 ], [ -86.66486, 36.438645 ], [ -86.664819, 36.438643 ], [ -86.664696, 36.438634 ], [ -86.664629, 36.438633 ], [ -86.664526, 36.438633 ], [ -86.664323, 36.438638 ], [ -86.663738, 36.438648 ], [ -86.663683, 36.43865 ], [ -86.66359, 36.438652 ], [ -86.663399, 36.438656 ], [ -86.663323, 36.438657 ], [ -86.662838, 36.438657 ], [ -86.662329, 36.438657 ], [ -86.661897, 36.438719 ], [ -86.66137, 36.438832 ], [ -86.661179, 36.438873 ], [ -86.660632, 36.438994 ], [ -86.66042, 36.439033 ], [ -86.659929, 36.439126 ], [ -86.659783, 36.439136 ], [ -86.659569, 36.439152 ], [ -86.65929, 36.439157 ], [ -86.659053, 36.439137 ], [ -86.658955, 36.43913 ], [ -86.658612, 36.439084 ], [ -86.658481, 36.439075 ], [ -86.658268, 36.439088 ], [ -86.658045, 36.439145 ], [ -86.657917, 36.43919 ], [ -86.657549, 36.43933 ], [ -86.657491, 36.439353 ], [ -86.657162, 36.439486 ], [ -86.657069, 36.439521 ], [ -86.656853, 36.439604 ], [ -86.656652, 36.439703 ], [ -86.656632, 36.439715 ], [ -86.656533, 36.439779 ], [ -86.656463, 36.439852 ], [ -86.656401, 36.439941 ], [ -86.656356, 36.440054 ], [ -86.656313, 36.440334 ], [ -86.656223, 36.440907 ], [ -86.656172, 36.441013 ], [ -86.656107, 36.441082 ], [ -86.656008, 36.441146 ], [ -86.655837, 36.441198 ], [ -86.655748, 36.44121 ], [ -86.655623, 36.441214 ], [ -86.654943, 36.441145 ], [ -86.654716, 36.441127 ], [ -86.653405, 36.441023 ], [ -86.652091, 36.440918 ], [ -86.651616, 36.440889 ], [ -86.651457, 36.44088 ], [ -86.650888, 36.44087 ], [ -86.650581, 36.440874 ], [ -86.650165, 36.440879 ], [ -86.650118, 36.44088 ], [ -86.650057, 36.440882 ], [ -86.650036, 36.440883 ], [ -86.649809, 36.440903 ], [ -86.649633, 36.440933 ], [ -86.649502, 36.440965 ], [ -86.649399, 36.441 ], [ -86.649286, 36.441053 ], [ -86.649162, 36.441128 ], [ -86.648853, 36.441358 ], [ -86.648708, 36.441467 ], [ -86.648486, 36.441584 ], [ -86.648457, 36.441594 ], [ -86.648383, 36.441619 ], [ -86.648117, 36.441661 ], [ -86.647845, 36.441675 ], [ -86.647567, 36.44169 ], [ -86.647105, 36.441663 ], [ -86.646316, 36.441581 ], [ -86.645996, 36.441543 ], [ -86.645382, 36.441471 ], [ -86.64542, 36.441206 ], [ -86.645423, 36.441187 ], [ -86.645443, 36.441052 ], [ -86.64546, 36.440937 ], [ -86.64389, 36.440743 ], [ -86.640051, 36.440268 ], [ -86.639663, 36.442608 ], [ -86.640358, 36.442688 ], [ -86.640046, 36.444549 ], [ -86.639829, 36.445035 ], [ -86.639639, 36.446367 ], [ -86.636954, 36.446025 ], [ -86.637163, 36.44471 ], [ -86.637402, 36.444722 ], [ -86.638845, 36.444882 ], [ -86.639054, 36.443171 ], [ -86.637622, 36.442972 ], [ -86.635463, 36.442681 ], [ -86.635427, 36.442891 ], [ -86.634211, 36.442743 ], [ -86.633368, 36.442641 ], [ -86.632811, 36.442584 ], [ -86.632647, 36.442571 ], [ -86.632141, 36.446017 ], [ -86.632075, 36.446469 ], [ -86.631419, 36.446409 ], [ -86.631377, 36.446724 ], [ -86.631342, 36.44689 ], [ -86.628965, 36.446633 ], [ -86.628745, 36.447856 ], [ -86.628726, 36.447999 ], [ -86.6285, 36.447974 ], [ -86.628334, 36.447955 ], [ -86.628316, 36.447953 ], [ -86.628281, 36.447949 ], [ -86.628231, 36.447944 ], [ -86.628135, 36.447933 ], [ -86.628038, 36.447922 ], [ -86.627775, 36.447893 ], [ -86.627748, 36.447889 ], [ -86.627652, 36.447878 ], [ -86.627393, 36.447845 ], [ -86.627317, 36.447835 ], [ -86.627258, 36.448322 ], [ -86.627534, 36.448494 ], [ -86.627687, 36.448543 ], [ -86.627523, 36.449448 ], [ -86.627291, 36.450719 ], [ -86.627247, 36.450962 ], [ -86.627831, 36.450998 ], [ -86.629603, 36.451116 ], [ -86.629547, 36.451715 ], [ -86.629517, 36.452039 ], [ -86.629427, 36.452695 ], [ -86.629417, 36.452909 ], [ -86.624102, 36.45237 ], [ -86.62382, 36.453933 ], [ -86.623535, 36.455495 ], [ -86.627261, 36.455941 ], [ -86.631202, 36.456419 ], [ -86.63119, 36.459907 ], [ -86.632565, 36.45991 ], [ -86.632784, 36.460126 ], [ -86.632985, 36.460135 ], [ -86.632154, 36.460388 ], [ -86.63204, 36.460423 ], [ -86.631807, 36.460477 ], [ -86.630882, 36.460658 ], [ -86.630763, 36.460689 ], [ -86.630544, 36.460765 ], [ -86.630373, 36.460837 ], [ -86.630235, 36.460922 ], [ -86.630113, 36.461046 ], [ -86.630045, 36.461169 ], [ -86.629968, 36.461431 ], [ -86.629965, 36.461444 ], [ -86.629894, 36.461827 ], [ -86.629848, 36.461922 ], [ -86.629761, 36.462008 ], [ -86.629671, 36.462051 ], [ -86.62955, 36.462076 ], [ -86.629522, 36.462075 ], [ -86.629489, 36.462073 ], [ -86.629452, 36.462072 ], [ -86.629392, 36.462055 ], [ -86.629361, 36.462046 ], [ -86.629101, 36.46191 ], [ -86.628879, 36.461794 ], [ -86.628642, 36.4617 ], [ -86.628534, 36.461663 ], [ -86.628406, 36.461631 ], [ -86.628284, 36.461601 ], [ -86.628204, 36.461582 ], [ -86.628048, 36.461554 ], [ -86.627997, 36.461552 ], [ -86.627926, 36.461549 ], [ -86.627853, 36.461546 ], [ -86.627715, 36.461558 ], [ -86.627695, 36.46156 ], [ -86.627646, 36.46157 ], [ -86.627517, 36.461598 ], [ -86.627353, 36.461651 ], [ -86.627244, 36.461685 ], [ -86.6271, 36.46173 ], [ -86.626731, 36.461821 ], [ -86.626552, 36.46185 ], [ -86.626447, 36.461855 ], [ -86.626216, 36.461869 ], [ -86.625807, 36.461866 ], [ -86.625363, 36.46185 ], [ -86.623453, 36.461715 ], [ -86.623159, 36.461693 ], [ -86.622746, 36.461664 ], [ -86.621859, 36.461603 ], [ -86.621514, 36.461577 ], [ -86.621259, 36.461557 ], [ -86.620129, 36.461467 ], [ -86.619063, 36.461383 ], [ -86.618186, 36.461317 ], [ -86.616885, 36.461237 ], [ -86.616751, 36.461257 ], [ -86.616653, 36.461299 ], [ -86.616567, 36.461381 ], [ -86.616514, 36.461522 ], [ -86.616487, 36.461643 ], [ -86.616481, 36.461671 ], [ -86.616452, 36.461918 ], [ -86.616353, 36.46277 ], [ -86.616297, 36.463088 ], [ -86.616282, 36.463126 ], [ -86.6162, 36.463241 ], [ -86.616177, 36.463253 ], [ -86.616068, 36.463312 ], [ -86.616013, 36.463322 ], [ -86.615769, 36.463312 ], [ -86.615007, 36.463243 ], [ -86.614603, 36.463199 ], [ -86.614464, 36.463185 ], [ -86.61439, 36.463177 ], [ -86.613832, 36.463117 ], [ -86.613579, 36.463091 ], [ -86.613177, 36.463049 ], [ -86.612861, 36.463016 ], [ -86.611898, 36.462916 ], [ -86.611609, 36.462887 ], [ -86.609842, 36.462705 ], [ -86.609282, 36.462647 ], [ -86.608326, 36.462549 ], [ -86.608255, 36.462551 ], [ -86.608448, 36.46328 ], [ -86.608491, 36.463443 ], [ -86.60873, 36.464235 ], [ -86.608861, 36.464652 ], [ -86.608873, 36.464851 ], [ -86.608837, 36.465284 ], [ -86.608789, 36.465477 ], [ -86.608743, 36.465665 ], [ -86.608715, 36.465786 ], [ -86.608661, 36.466002 ], [ -86.608637, 36.466098 ], [ -86.608609, 36.466211 ], [ -86.608593, 36.46627 ], [ -86.608378, 36.466228 ], [ -86.607861, 36.46629 ], [ -86.606632, 36.466438 ], [ -86.606026, 36.46652 ], [ -86.605625, 36.466573 ], [ -86.605105, 36.466643 ], [ -86.605037, 36.466655 ], [ -86.604956, 36.466696 ], [ -86.604916, 36.466749 ], [ -86.604825, 36.46435 ], [ -86.604734, 36.464335 ], [ -86.602639, 36.464013 ], [ -86.600607, 36.464492 ], [ -86.600696, 36.465167 ], [ -86.600254, 36.46522 ], [ -86.600277, 36.467364 ], [ -86.600298, 36.469249 ], [ -86.600563, 36.469284 ], [ -86.600482, 36.469615 ], [ -86.600339, 36.469479 ], [ -86.600248, 36.469423 ], [ -86.599536, 36.469089 ], [ -86.598792, 36.468709 ], [ -86.598687, 36.468629 ], [ -86.598268, 36.468158 ], [ -86.598192, 36.468056 ], [ -86.598086, 36.46788 ], [ -86.597987, 36.467761 ], [ -86.597972, 36.467743 ], [ -86.597844, 36.467661 ], [ -86.597739, 36.467635 ], [ -86.597058, 36.467584 ], [ -86.596915, 36.467543 ], [ -86.59681, 36.467479 ], [ -86.596707, 36.467388 ], [ -86.596652, 36.467318 ], [ -86.596511, 36.46702 ], [ -86.596487, 36.466968 ], [ -86.596425, 36.466756 ], [ -86.596425, 36.466553 ], [ -86.596458, 36.466384 ], [ -86.596486, 36.466308 ], [ -86.597167, 36.465366 ], [ -86.597352, 36.465065 ], [ -86.597478, 36.464823 ], [ -86.597548, 36.464615 ], [ -86.597557, 36.464455 ], [ -86.597534, 36.464377 ], [ -86.597459, 36.46424 ], [ -86.597116, 36.463736 ], [ -86.596508, 36.463097 ], [ -86.596455, 36.46303 ], [ -86.5962, 36.462608 ], [ -86.596118, 36.46245 ], [ -86.596037, 36.462368 ], [ -86.5959, 36.462275 ], [ -86.595679, 36.462163 ], [ -86.595246, 36.462009 ], [ -86.595044, 36.461953 ], [ -86.594877, 36.461918 ], [ -86.594772, 36.461909 ], [ -86.59469, 36.461916 ], [ -86.594541, 36.46192 ], [ -86.594309, 36.461895 ], [ -86.594124, 36.461838 ], [ -86.59394, 36.461736 ], [ -86.593912, 36.461721 ], [ -86.593275, 36.461227 ], [ -86.592608, 36.460738 ], [ -86.592485, 36.460661 ], [ -86.591447, 36.460094 ], [ -86.591283, 36.460015 ], [ -86.591022, 36.45989 ], [ -86.590983, 36.459872 ], [ -86.590747, 36.45978 ], [ -86.590454, 36.459671 ], [ -86.590218, 36.459573 ], [ -86.589952, 36.459464 ], [ -86.589825, 36.459412 ], [ -86.589534, 36.459309 ], [ -86.589475, 36.459292 ], [ -86.588831, 36.45911 ], [ -86.588703, 36.459054 ], [ -86.58857, 36.458972 ], [ -86.588356, 36.458805 ], [ -86.58817, 36.458686 ], [ -86.588113, 36.458656 ], [ -86.588006, 36.4586 ], [ -86.587936, 36.458575 ], [ -86.587632, 36.458508 ], [ -86.587568, 36.458492 ], [ -86.587464, 36.458466 ], [ -86.587383, 36.458432 ], [ -86.58736, 36.458423 ], [ -86.587328, 36.458399 ], [ -86.58729, 36.458371 ], [ -86.587235, 36.458273 ], [ -86.587216, 36.458239 ], [ -86.587089, 36.458001 ], [ -86.587008, 36.457824 ], [ -86.58696, 36.457718 ], [ -86.586902, 36.4575 ], [ -86.586879, 36.457246 ], [ -86.586896, 36.456556 ], [ -86.586888, 36.456452 ], [ -86.586884, 36.456397 ], [ -86.586846, 36.45623 ], [ -86.586758, 36.456078 ], [ -86.586721, 36.456029 ], [ -86.586592, 36.455859 ], [ -86.586541, 36.455781 ], [ -86.586432, 36.455612 ], [ -86.586233, 36.455247 ], [ -86.586102, 36.454978 ], [ -86.586094, 36.454961 ], [ -86.585985, 36.454736 ], [ -86.585972, 36.454703 ], [ -86.58588, 36.454796 ], [ -86.585714, 36.454944 ], [ -86.585626, 36.454999 ], [ -86.585596, 36.455006 ], [ -86.585574, 36.455019 ], [ -86.585536, 36.45503 ], [ -86.585383, 36.455044 ], [ -86.585205, 36.455037 ], [ -86.585167, 36.45504 ], [ -86.585064, 36.455062 ], [ -86.58495, 36.455117 ], [ -86.584844, 36.455185 ], [ -86.584768, 36.455247 ], [ -86.584745, 36.455267 ], [ -86.584577, 36.45542 ], [ -86.584539, 36.455448 ], [ -86.584356, 36.455544 ], [ -86.584224, 36.455647 ], [ -86.584106, 36.455771 ], [ -86.583996, 36.455929 ], [ -86.583919, 36.456115 ], [ -86.583861, 36.456232 ], [ -86.583775, 36.456332 ], [ -86.583639, 36.456466 ], [ -86.58358, 36.456535 ], [ -86.583538, 36.456611 ], [ -86.583512, 36.456672 ], [ -86.58347, 36.456823 ], [ -86.583411, 36.456974 ], [ -86.583361, 36.457064 ], [ -86.583251, 36.457198 ], [ -86.583141, 36.457311 ], [ -86.58306, 36.457381 ], [ -86.582962, 36.457442 ], [ -86.582928, 36.45745 ], [ -86.582809, 36.457498 ], [ -86.582686, 36.457567 ], [ -86.582622, 36.457622 ], [ -86.582555, 36.457712 ], [ -86.582538, 36.457774 ], [ -86.582504, 36.457849 ], [ -86.58247, 36.457897 ], [ -86.582356, 36.458007 ], [ -86.582309, 36.458042 ], [ -86.582147, 36.458118 ], [ -86.582055, 36.458172 ], [ -86.581977, 36.458235 ], [ -86.581956, 36.458257 ], [ -86.581919, 36.458296 ], [ -86.581884, 36.458345 ], [ -86.581859, 36.45842 ], [ -86.581837, 36.458517 ], [ -86.581842, 36.458533 ], [ -86.581821, 36.458775 ], [ -86.581818, 36.458874 ], [ -86.581786, 36.459044 ], [ -86.581767, 36.459121 ], [ -86.581742, 36.45917 ], [ -86.581683, 36.459231 ], [ -86.581538, 36.459307 ], [ -86.581457, 36.459325 ], [ -86.581337, 36.459337 ], [ -86.581139, 36.459356 ], [ -86.581054, 36.459377 ], [ -86.580988, 36.459415 ], [ -86.580926, 36.459453 ], [ -86.58085, 36.459528 ], [ -86.580799, 36.4596 ], [ -86.580732, 36.459666 ], [ -86.5806, 36.459742 ], [ -86.580427, 36.459868 ], [ -86.580374, 36.459913 ], [ -86.580257, 36.460037 ], [ -86.580197, 36.46012 ], [ -86.580185, 36.460132 ], [ -86.58007, 36.460268 ], [ -86.579939, 36.460398 ], [ -86.579714, 36.460463 ], [ -86.579329, 36.460576 ], [ -86.57923, 36.460857 ], [ -86.579154, 36.461078 ], [ -86.57906, 36.461174 ], [ -86.578852, 36.461352 ], [ -86.578712, 36.461453 ], [ -86.578586, 36.461552 ], [ -86.578534, 36.4616 ], [ -86.578432, 36.461683 ], [ -86.57828, 36.461793 ], [ -86.578048, 36.461914 ], [ -86.577855, 36.462 ], [ -86.577804, 36.462014 ], [ -86.57766, 36.462069 ], [ -86.577609, 36.462091 ], [ -86.577524, 36.462131 ], [ -86.577447, 36.462172 ], [ -86.577389, 36.462221 ], [ -86.577295, 36.462331 ], [ -86.577066, 36.462616 ], [ -86.576905, 36.462791 ], [ -86.576821, 36.462868 ], [ -86.576752, 36.462922 ], [ -86.576523, 36.463074 ], [ -86.576468, 36.463102 ], [ -86.57629, 36.463205 ], [ -86.576162, 36.463295 ], [ -86.576014, 36.463388 ], [ -86.575887, 36.463446 ], [ -86.575853, 36.463453 ], [ -86.575691, 36.463501 ], [ -86.575462, 36.463584 ], [ -86.575377, 36.463626 ], [ -86.575284, 36.463681 ], [ -86.57519, 36.463729 ], [ -86.57508, 36.46377 ], [ -86.575054, 36.463785 ], [ -86.574997, 36.463803 ], [ -86.574953, 36.463826 ], [ -86.574918, 36.463833 ], [ -86.57457, 36.46395 ], [ -86.574537, 36.463971 ], [ -86.574494, 36.463985 ], [ -86.574263, 36.464105 ], [ -86.574154, 36.46415 ], [ -86.574052, 36.464205 ], [ -86.57401, 36.464233 ], [ -86.573904, 36.464338 ], [ -86.573815, 36.464439 ], [ -86.573781, 36.464488 ], [ -86.573773, 36.464515 ], [ -86.573747, 36.464549 ], [ -86.573692, 36.46469 ], [ -86.573587, 36.465099 ], [ -86.573574, 36.465123 ], [ -86.573553, 36.465209 ], [ -86.573482, 36.465427 ], [ -86.573418, 36.465629 ], [ -86.573299, 36.465945 ], [ -86.573175, 36.466239 ], [ -86.573088, 36.466405 ], [ -86.573016, 36.466567 ], [ -86.572965, 36.466808 ], [ -86.572962, 36.467011 ], [ -86.572979, 36.467114 ], [ -86.573013, 36.467186 ], [ -86.573028, 36.467176 ], [ -86.57308, 36.467112 ], [ -86.573141, 36.466958 ], [ -86.573225, 36.46675 ], [ -86.573351, 36.466527 ], [ -86.573428, 36.46642 ], [ -86.573513, 36.46633 ], [ -86.573565, 36.466296 ], [ -86.573716, 36.466201 ], [ -86.573801, 36.466177 ], [ -86.573905, 36.466083 ], [ -86.574147, 36.465716 ], [ -86.574211, 36.465661 ], [ -86.574426, 36.465533 ], [ -86.574631, 36.465336 ], [ -86.574794, 36.465196 ], [ -86.574895, 36.46511 ], [ -86.574956, 36.465078 ], [ -86.575007, 36.465068 ], [ -86.575097, 36.465076 ], [ -86.575129, 36.465091 ], [ -86.575374, 36.465363 ], [ -86.575613, 36.465661 ], [ -86.57585, 36.465925 ], [ -86.576067, 36.466202 ], [ -86.576213, 36.466428 ], [ -86.57625, 36.466712 ], [ -86.576308, 36.466829 ], [ -86.576397, 36.466951 ], [ -86.576624, 36.4672 ], [ -86.576774, 36.467327 ], [ -86.576921, 36.467551 ], [ -86.577028, 36.467782 ], [ -86.577211, 36.468262 ], [ -86.577218, 36.468279 ], [ -86.57743, 36.468769 ], [ -86.5775, 36.468892 ], [ -86.577649, 36.469088 ], [ -86.577935, 36.469433 ], [ -86.577939, 36.469459 ], [ -86.577946, 36.469502 ], [ -86.577939, 36.469661 ], [ -86.577917, 36.469735 ], [ -86.577891, 36.469772 ], [ -86.577824, 36.469828 ], [ -86.577727, 36.469884 ], [ -86.577248, 36.470095 ], [ -86.576648, 36.470377 ], [ -86.576572, 36.470414 ], [ -86.57626, 36.470547 ], [ -86.576132, 36.470626 ], [ -86.576083, 36.470672 ], [ -86.575929, 36.470881 ], [ -86.575651, 36.471337 ], [ -86.57551, 36.471536 ], [ -86.575255, 36.472374 ], [ -86.575203, 36.47256 ], [ -86.574575, 36.473515 ], [ -86.574462, 36.473714 ], [ -86.574358, 36.473839 ], [ -86.574167, 36.473998 ], [ -86.573854, 36.47421 ], [ -86.573737, 36.474354 ], [ -86.573704, 36.474555 ], [ -86.573689, 36.474748 ], [ -86.573577, 36.474875 ], [ -86.573189, 36.475207 ], [ -86.572699, 36.475636 ], [ -86.571578, 36.474949 ], [ -86.571319, 36.474841 ], [ -86.571019, 36.47474 ], [ -86.570574, 36.47459 ], [ -86.57038, 36.474502 ], [ -86.57024, 36.474419 ], [ -86.570165, 36.474358 ], [ -86.57, 36.474189 ], [ -86.569534, 36.473752 ], [ -86.569488, 36.473705 ], [ -86.569429, 36.473633 ], [ -86.569353, 36.473475 ], [ -86.569303, 36.473007 ], [ -86.569189, 36.472541 ], [ -86.569118, 36.47218 ], [ -86.569073, 36.471939 ], [ -86.56902, 36.471642 ], [ -86.568955, 36.471472 ], [ -86.568861, 36.471293 ], [ -86.568799, 36.471214 ], [ -86.568773, 36.47118 ], [ -86.568401, 36.470774 ], [ -86.568229, 36.470601 ], [ -86.568104, 36.47048 ], [ -86.568013, 36.470397 ], [ -86.567718, 36.470181 ], [ -86.567579, 36.470075 ], [ -86.567369, 36.469914 ], [ -86.567284, 36.469856 ], [ -86.566891, 36.469587 ], [ -86.566331, 36.469221 ], [ -86.565936, 36.468951 ], [ -86.565489, 36.468646 ], [ -86.565283, 36.468505 ], [ -86.564918, 36.468279 ], [ -86.564748, 36.468185 ], [ -86.564512, 36.468055 ], [ -86.564366, 36.468 ], [ -86.563288, 36.467659 ], [ -86.562894, 36.467515 ], [ -86.562559, 36.46738 ], [ -86.562303, 36.46726 ], [ -86.562003, 36.46712 ], [ -86.561939, 36.46709 ], [ -86.561574, 36.466895 ], [ -86.561525, 36.466867 ], [ -86.56136, 36.466771 ], [ -86.560904, 36.466486 ], [ -86.560612, 36.466283 ], [ -86.559939, 36.465816 ], [ -86.55976, 36.465658 ], [ -86.55961, 36.46548 ], [ -86.559471, 36.465286 ], [ -86.559309, 36.465079 ], [ -86.558539, 36.464172 ], [ -86.558361, 36.463974 ], [ -86.557638, 36.463169 ], [ -86.557557, 36.463085 ], [ -86.557306, 36.46281 ], [ -86.55678, 36.462234 ], [ -86.556649, 36.46209 ], [ -86.55591, 36.461273 ], [ -86.555751, 36.461102 ], [ -86.555196, 36.460556 ], [ -86.555161, 36.460522 ], [ -86.554962, 36.460334 ], [ -86.554589, 36.460024 ], [ -86.554426, 36.459889 ], [ -86.554345, 36.459826 ], [ -86.553879, 36.459455 ], [ -86.55383, 36.459415 ], [ -86.553711, 36.459319 ], [ -86.553618, 36.459243 ], [ -86.553433, 36.45909 ], [ -86.553045, 36.45878 ], [ -86.552981, 36.458732 ], [ -86.552763, 36.45857 ], [ -86.552483, 36.458372 ], [ -86.551782, 36.457938 ], [ -86.551508, 36.457792 ], [ -86.551317, 36.457708 ], [ -86.551116, 36.457632 ], [ -86.551094, 36.457625 ], [ -86.549206, 36.457052 ], [ -86.548923, 36.456972 ], [ -86.548614, 36.456868 ], [ -86.548216, 36.456725 ], [ -86.548102, 36.456667 ], [ -86.547968, 36.4566 ], [ -86.547788, 36.456513 ], [ -86.547264, 36.456265 ], [ -86.547137, 36.456203 ], [ -86.546845, 36.456062 ], [ -86.546541, 36.455897 ], [ -86.546313, 36.455755 ], [ -86.546125, 36.455626 ], [ -86.545785, 36.455431 ], [ -86.545152, 36.455069 ], [ -86.54489, 36.45491 ], [ -86.544108, 36.45449 ], [ -86.54357, 36.454191 ], [ -86.542655, 36.453684 ], [ -86.54229, 36.453486 ], [ -86.541937, 36.453341 ], [ -86.54174, 36.453284 ], [ -86.541371, 36.453204 ], [ -86.54134, 36.453199 ], [ -86.540793, 36.453111 ], [ -86.540604, 36.453076 ], [ -86.540403, 36.453039 ], [ -86.540071, 36.452939 ], [ -86.539809, 36.452829 ], [ -86.539616, 36.452728 ], [ -86.538764, 36.452144 ], [ -86.538637, 36.452064 ], [ -86.538421, 36.451928 ], [ -86.537994, 36.451688 ], [ -86.537914, 36.451643 ], [ -86.537794, 36.451575 ], [ -86.537675, 36.451513 ], [ -86.537596, 36.451466 ], [ -86.537315, 36.451298 ], [ -86.537231, 36.451251 ], [ -86.536388, 36.450783 ], [ -86.536124, 36.450629 ], [ -86.535759, 36.450416 ], [ -86.535548, 36.450293 ], [ -86.535456, 36.450237 ], [ -86.535391, 36.450194 ], [ -86.534841, 36.449828 ], [ -86.53451, 36.449586 ], [ -86.534336, 36.449447 ], [ -86.534044, 36.449168 ], [ -86.534031, 36.449153 ], [ -86.533894, 36.448998 ], [ -86.533879, 36.448981 ], [ -86.533654, 36.448713 ], [ -86.533517, 36.448511 ], [ -86.533509, 36.448498 ], [ -86.533459, 36.448413 ], [ -86.533413, 36.448334 ], [ -86.533352, 36.448224 ], [ -86.533172, 36.447897 ], [ -86.533113, 36.447788 ], [ -86.532964, 36.447522 ], [ -86.532326, 36.446292 ], [ -86.532274, 36.446192 ], [ -86.53213, 36.445893 ], [ -86.531992, 36.445607 ], [ -86.531457, 36.444283 ], [ -86.531225, 36.443742 ], [ -86.531045, 36.443412 ], [ -86.530855, 36.44315 ], [ -86.530639, 36.442915 ], [ -86.530436, 36.442734 ], [ -86.530125, 36.442487 ], [ -86.53004, 36.442405 ], [ -86.529956, 36.4423 ], [ -86.529725, 36.44198 ], [ -86.529384, 36.441481 ], [ -86.529059, 36.441011 ], [ -86.528897, 36.440789 ], [ -86.528755, 36.440543 ], [ -86.528745, 36.440526 ], [ -86.528448, 36.43992 ], [ -86.527967, 36.439088 ], [ -86.527911, 36.438998 ], [ -86.527829, 36.438866 ], [ -86.527703, 36.43869 ], [ -86.527618, 36.438577 ], [ -86.527363, 36.438238 ], [ -86.527278, 36.438126 ], [ -86.526742, 36.437424 ], [ -86.52658, 36.437194 ], [ -86.526481, 36.437022 ], [ -86.526423, 36.43692 ], [ -86.52618, 36.436338 ], [ -86.526069, 36.436149 ], [ -86.525951, 36.436003 ], [ -86.525105, 36.435213 ], [ -86.524776, 36.43489 ], [ -86.524692, 36.434808 ], [ -86.524559, 36.434646 ], [ -86.524468, 36.434458 ], [ -86.524423, 36.434349 ], [ -86.524209, 36.433726 ], [ -86.524198, 36.433692 ], [ -86.523976, 36.433061 ], [ -86.523757, 36.432442 ], [ -86.523666, 36.43219 ], [ -86.523573, 36.431928 ], [ -86.523439, 36.431624 ], [ -86.523351, 36.431453 ], [ -86.523229, 36.431215 ], [ -86.523112, 36.430989 ], [ -86.522911, 36.430583 ], [ -86.522765, 36.430286 ], [ -86.522629, 36.43 ], [ -86.522397, 36.429533 ], [ -86.522324, 36.429402 ], [ -86.521904, 36.428771 ], [ -86.521879, 36.428736 ], [ -86.521533, 36.428251 ], [ -86.521467, 36.428163 ], [ -86.52128, 36.427917 ], [ -86.52112, 36.427705 ], [ -86.520759, 36.427154 ], [ -86.52059, 36.426897 ], [ -86.519904, 36.425851 ], [ -86.519708, 36.425552 ], [ -86.518987, 36.424437 ], [ -86.518749, 36.424068 ], [ -86.517869, 36.422699 ], [ -86.517574, 36.422239 ], [ -86.517239, 36.421699 ], [ -86.517204, 36.421641 ], [ -86.517097, 36.421464 ], [ -86.51686, 36.421073 ], [ -86.516775, 36.420934 ], [ -86.516767, 36.42092 ], [ -86.516653, 36.420769 ], [ -86.516607, 36.420707 ], [ -86.516493, 36.420563 ], [ -86.516465, 36.420528 ], [ -86.515964, 36.419989 ], [ -86.515907, 36.419928 ], [ -86.515784, 36.419802 ], [ -86.515435, 36.41944 ], [ -86.515272, 36.419269 ], [ -86.515021, 36.419019 ], [ -86.514976, 36.418974 ], [ -86.514711, 36.41875 ], [ -86.514449, 36.418569 ], [ -86.513986, 36.418314 ], [ -86.513457, 36.418021 ], [ -86.51311, 36.417827 ], [ -86.512742, 36.417612 ], [ -86.512428, 36.417439 ], [ -86.512227, 36.417323 ], [ -86.511694, 36.417018 ], [ -86.511275, 36.416789 ], [ -86.510857, 36.416546 ], [ -86.510836, 36.416534 ], [ -86.510283, 36.416213 ], [ -86.509603, 36.415824 ], [ -86.509223, 36.415607 ], [ -86.509185, 36.415585 ], [ -86.509138, 36.415559 ], [ -86.50911, 36.415543 ], [ -86.509011, 36.415486 ], [ -86.508886, 36.415416 ], [ -86.508812, 36.415375 ], [ -86.508278, 36.415085 ], [ -86.507982, 36.414925 ], [ -86.507652, 36.414729 ], [ -86.507461, 36.414615 ], [ -86.50671, 36.414157 ], [ -86.506192, 36.413842 ], [ -86.50679, 36.41343 ], [ -86.506873, 36.413376 ], [ -86.507154, 36.413199 ], [ -86.50793, 36.412676 ], [ -86.508153, 36.412524 ], [ -86.508286, 36.41242 ], [ -86.508409, 36.41227 ], [ -86.508711, 36.411779 ], [ -86.508784, 36.411661 ], [ -86.509006, 36.411336 ], [ -86.509147, 36.411166 ], [ -86.509159, 36.411152 ], [ -86.509196, 36.411113 ], [ -86.509232, 36.411076 ], [ -86.50942, 36.410909 ], [ -86.509473, 36.410884 ], [ -86.509624, 36.410831 ], [ -86.510037, 36.41069 ], [ -86.511117, 36.41036 ], [ -86.511617, 36.410208 ], [ -86.511685, 36.410186 ], [ -86.511892, 36.410121 ], [ -86.511961, 36.4101 ], [ -86.512008, 36.410084 ], [ -86.51215, 36.410039 ], [ -86.512198, 36.410025 ], [ -86.512257, 36.410005 ], [ -86.512399, 36.409961 ], [ -86.512437, 36.409948 ], [ -86.512497, 36.409928 ], [ -86.512523, 36.409919 ], [ -86.512844, 36.409756 ], [ -86.512856, 36.409749 ], [ -86.513567, 36.409341 ], [ -86.513703, 36.409274 ], [ -86.513886, 36.409233 ], [ -86.513931, 36.409231 ], [ -86.514022, 36.40923 ], [ -86.514206, 36.409244 ], [ -86.514332, 36.409255 ], [ -86.514665, 36.409283 ], [ -86.515665, 36.409367 ], [ -86.515999, 36.409395 ], [ -86.516516, 36.409443 ], [ -86.516806, 36.409472 ], [ -86.517041, 36.409495 ], [ -86.517267, 36.409519 ], [ -86.519029, 36.409674 ], [ -86.519372, 36.409708 ], [ -86.519845, 36.409755 ], [ -86.520169, 36.409784 ], [ -86.520935, 36.409853 ], [ -86.521212, 36.409887 ], [ -86.521293, 36.40989 ], [ -86.521393, 36.409895 ], [ -86.521536, 36.409909 ], [ -86.521617, 36.409917 ], [ -86.521958, 36.409949 ], [ -86.522986, 36.410048 ], [ -86.523095, 36.410059 ], [ -86.523326, 36.410082 ], [ -86.523506, 36.4101 ], [ -86.523749, 36.410125 ], [ -86.524048, 36.410157 ], [ -86.524229, 36.410177 ], [ -86.525063, 36.410249 ], [ -86.5259, 36.410323 ], [ -86.527335, 36.410454 ], [ -86.527568, 36.410471 ], [ -86.527763, 36.410486 ], [ -86.528403, 36.410544 ], [ -86.528654, 36.410569 ], [ -86.529391, 36.410644 ], [ -86.529409, 36.410645 ], [ -86.529634, 36.410665 ], [ -86.529662, 36.410667 ], [ -86.529999, 36.410685 ], [ -86.530618, 36.41072 ], [ -86.531045, 36.410748 ], [ -86.531391, 36.410772 ], [ -86.531925, 36.410813 ], [ -86.532246, 36.410835 ], [ -86.533417, 36.410919 ], [ -86.534813, 36.411016 ], [ -86.535308, 36.411051 ], [ -86.535668, 36.411087 ], [ -86.536153, 36.411131 ], [ -86.536188, 36.411135 ], [ -86.536848, 36.411199 ], [ -86.537608, 36.411275 ], [ -86.537937, 36.411308 ], [ -86.538065, 36.41132 ], [ -86.538094, 36.411323 ], [ -86.538628, 36.411369 ], [ -86.538734, 36.41138 ], [ -86.539193, 36.41143 ], [ -86.539611, 36.411465 ], [ -86.540214, 36.411522 ], [ -86.540656, 36.411559 ], [ -86.54098, 36.411586 ], [ -86.541105, 36.411597 ], [ -86.541298, 36.411614 ], [ -86.542407, 36.411716 ], [ -86.54287, 36.411762 ], [ -86.543112, 36.411786 ], [ -86.543661, 36.411827 ], [ -86.543801, 36.411817 ], [ -86.543919, 36.411784 ], [ -86.543966, 36.411756 ], [ -86.544241, 36.41157 ], [ -86.544379, 36.411459 ], [ -86.544457, 36.411382 ], [ -86.544598, 36.411179 ], [ -86.544642, 36.411097 ], [ -86.544697, 36.410966 ], [ -86.544779, 36.410609 ], [ -86.544855, 36.410078 ], [ -86.54499, 36.409148 ], [ -86.545185, 36.407821 ], [ -86.545281, 36.40709 ], [ -86.545388, 36.406421 ], [ -86.545449, 36.406122 ], [ -86.54548, 36.406049 ], [ -86.545522, 36.406004 ], [ -86.545601, 36.405963 ], [ -86.545704, 36.405949 ], [ -86.54632, 36.406085 ], [ -86.546338, 36.406091 ], [ -86.546423, 36.40612 ], [ -86.546481, 36.406139 ], [ -86.54697, 36.406363 ], [ -86.547844, 36.406762 ], [ -86.548079, 36.406841 ], [ -86.548319, 36.406894 ], [ -86.548637, 36.406921 ], [ -86.54906, 36.406925 ], [ -86.549357, 36.4069 ], [ -86.549599, 36.406853 ], [ -86.549796, 36.406785 ], [ -86.549924, 36.406712 ], [ -86.550059, 36.406606 ], [ -86.55018, 36.40646 ], [ -86.550274, 36.406288 ], [ -86.550422, 36.405896 ], [ -86.550542, 36.405644 ], [ -86.550601, 36.405562 ], [ -86.550753, 36.405392 ], [ -86.550835, 36.405325 ], [ -86.550909, 36.405278 ], [ -86.551071, 36.405183 ], [ -86.551192, 36.405094 ], [ -86.551393, 36.404857 ], [ -86.551546, 36.404641 ], [ -86.551789, 36.404263 ], [ -86.55208, 36.403778 ], [ -86.552117, 36.403722 ], [ -86.552208, 36.403614 ], [ -86.552295, 36.403544 ], [ -86.552507, 36.403418 ], [ -86.552787, 36.403289 ], [ -86.553098, 36.403108 ], [ -86.553407, 36.402904 ], [ -86.553786, 36.402656 ], [ -86.554031, 36.40251 ], [ -86.55415, 36.402444 ], [ -86.554307, 36.402342 ], [ -86.554543, 36.402177 ], [ -86.554725, 36.402014 ], [ -86.55482, 36.401923 ], [ -86.555055, 36.401658 ], [ -86.555168, 36.401462 ], [ -86.555193, 36.401394 ], [ -86.555212, 36.401319 ], [ -86.555257, 36.400902 ], [ -86.555296, 36.40057 ], [ -86.555324, 36.400322 ], [ -86.555343, 36.400165 ], [ -86.555451, 36.399315 ], [ -86.555495, 36.399099 ], [ -86.555556, 36.399001 ], [ -86.555613, 36.398951 ], [ -86.555776, 36.398858 ], [ -86.555991, 36.398764 ], [ -86.556266, 36.39864 ], [ -86.556865, 36.398439 ], [ -86.557453, 36.398274 ], [ -86.55759, 36.398256 ], [ -86.557717, 36.39824 ], [ -86.55791, 36.398237 ], [ -86.558288, 36.398244 ], [ -86.559138, 36.398282 ], [ -86.559263, 36.398272 ], [ -86.559373, 36.398233 ], [ -86.559422, 36.398197 ], [ -86.55944, 36.398179 ], [ -86.559481, 36.398091 ], [ -86.559494, 36.397977 ], [ -86.559479, 36.397852 ], [ -86.559409, 36.397547 ], [ -86.559308, 36.397243 ], [ -86.559036, 36.396519 ], [ -86.558969, 36.39634 ], [ -86.558878, 36.396033 ], [ -86.558612, 36.395037 ], [ -86.558495, 36.39457 ], [ -86.55842, 36.394163 ], [ -86.558386, 36.393989 ], [ -86.558334, 36.393798 ], [ -86.558221, 36.393393 ], [ -86.558216, 36.393361 ], [ -86.558209, 36.393317 ], [ -86.558194, 36.393222 ], [ -86.558191, 36.392913 ], [ -86.558214, 36.392581 ], [ -86.558242, 36.392393 ], [ -86.558379, 36.391971 ], [ -86.558482, 36.391686 ], [ -86.558579, 36.391576 ], [ -86.558638, 36.391538 ], [ -86.558888, 36.391462 ], [ -86.558938, 36.391447 ], [ -86.558982, 36.391434 ], [ -86.559058, 36.391412 ], [ -86.55932, 36.391336 ], [ -86.559472, 36.391309 ], [ -86.559706, 36.391309 ], [ -86.560107, 36.391355 ], [ -86.560332, 36.391372 ], [ -86.560674, 36.391399 ], [ -86.56068, 36.391223 ], [ -86.560703, 36.391038 ], [ -86.560783, 36.3904 ], [ -86.560844, 36.389961 ], [ -86.560894, 36.389603 ], [ -86.560913, 36.389454 ], [ -86.560917, 36.389421 ], [ -86.560946, 36.389213 ], [ -86.561066, 36.38837 ], [ -86.561105, 36.3881 ], [ -86.56117, 36.387584 ], [ -86.561271, 36.386813 ], [ -86.561369, 36.386052 ], [ -86.561464, 36.385416 ], [ -86.561567, 36.384672 ], [ -86.56174, 36.38344 ], [ -86.561486, 36.383369 ], [ -86.560725, 36.383158 ], [ -86.560472, 36.383088 ], [ -86.560137, 36.382994 ], [ -86.559377, 36.382782 ], [ -86.559132, 36.382716 ], [ -86.55884, 36.382639 ], [ -86.558797, 36.382628 ], [ -86.558738, 36.382612 ], [ -86.55868, 36.382596 ], [ -86.558655, 36.38259 ], [ -86.558542, 36.382564 ], [ -86.558513, 36.382557 ], [ -86.558325, 36.382521 ], [ -86.558207, 36.382499 ], [ -86.558243, 36.381954 ], [ -86.558246, 36.38191 ], [ -86.558263, 36.381368 ], [ -86.558247, 36.381117 ], [ -86.558176, 36.380639 ], [ -86.558145, 36.380325 ], [ -86.558105, 36.379908 ], [ -86.558086, 36.379783 ], [ -86.558055, 36.379582 ], [ -86.558047, 36.37953 ], [ -86.557875, 36.379003 ], [ -86.557813, 36.378811 ], [ -86.557593, 36.378086 ], [ -86.557552, 36.377856 ], [ -86.557508, 36.377387 ], [ -86.557512, 36.377062 ], [ -86.557514, 36.376997 ], [ -86.55745, 36.376338 ], [ -86.557441, 36.376213 ], [ -86.557409, 36.376073 ], [ -86.557194, 36.375713 ], [ -86.557171, 36.375612 ], [ -86.557148, 36.375549 ], [ -86.557122, 36.375387 ], [ -86.557116, 36.375307 ], [ -86.55711, 36.375204 ], [ -86.557076, 36.37469 ], [ -86.557009, 36.374229 ], [ -86.557006, 36.37383 ], [ -86.557006, 36.37371 ], [ -86.557056, 36.373486 ], [ -86.55715, 36.373219 ], [ -86.55724, 36.373026 ], [ -86.55764, 36.372322 ], [ -86.557672, 36.372268 ], [ -86.557711, 36.372144 ], [ -86.557688, 36.372016 ], [ -86.557635, 36.371896 ], [ -86.557516, 36.371709 ], [ -86.557459, 36.37164 ], [ -86.557207, 36.371425 ], [ -86.55704, 36.371296 ], [ -86.556787, 36.371139 ], [ -86.556638, 36.371073 ], [ -86.556028, 36.370889 ], [ -86.555951, 36.370869 ], [ -86.555741, 36.370816 ], [ -86.555348, 36.370691 ], [ -86.555218, 36.370633 ], [ -86.554827, 36.37039 ], [ -86.554702, 36.370312 ], [ -86.55457, 36.37023 ], [ -86.554486, 36.370175 ], [ -86.554346, 36.370082 ], [ -86.554323, 36.370067 ], [ -86.55373, 36.369635 ], [ -86.553426, 36.369396 ], [ -86.553344, 36.369305 ], [ -86.553214, 36.369158 ], [ -86.553104, 36.36896 ], [ -86.553175, 36.368931 ], [ -86.553298, 36.368883 ], [ -86.553391, 36.368847 ], [ -86.553421, 36.368836 ], [ -86.553465, 36.368823 ], [ -86.553508, 36.368809 ], [ -86.553573, 36.36879 ], [ -86.553637, 36.36877 ], [ -86.553681, 36.368758 ], [ -86.553835, 36.368712 ], [ -86.554129, 36.368658 ], [ -86.554573, 36.36863 ], [ -86.554756, 36.36863 ], [ -86.554997, 36.368626 ], [ -86.555117, 36.368632 ], [ -86.555614, 36.368689 ], [ -86.555723, 36.368703 ], [ -86.555744, 36.368706 ], [ -86.555869, 36.368721 ], [ -86.556373, 36.368784 ], [ -86.557197, 36.368863 ], [ -86.557765, 36.36892 ], [ -86.558393, 36.368989 ], [ -86.558492, 36.369 ], [ -86.559667, 36.36912 ], [ -86.559833, 36.369137 ], [ -86.560273, 36.369183 ], [ -86.560415, 36.369201 ], [ -86.560488, 36.36921 ], [ -86.560806, 36.36924 ], [ -86.561201, 36.36928 ], [ -86.561572, 36.369312 ], [ -86.561795, 36.369332 ], [ -86.561869, 36.369339 ], [ -86.562247, 36.369377 ], [ -86.5625, 36.369406 ], [ -86.563066, 36.369463 ], [ -86.56321, 36.369464 ], [ -86.563444, 36.369445 ], [ -86.563913, 36.369352 ], [ -86.564112, 36.369287 ], [ -86.564219, 36.369252 ], [ -86.564711, 36.369094 ], [ -86.564911, 36.36903 ], [ -86.564936, 36.369022 ], [ -86.565019, 36.369003 ], [ -86.565261, 36.368949 ], [ -86.565349, 36.368937 ], [ -86.565461, 36.368923 ], [ -86.56562, 36.368918 ], [ -86.566294, 36.368963 ], [ -86.567566, 36.369091 ], [ -86.56844, 36.369179 ], [ -86.569169, 36.369243 ], [ -86.569851, 36.369325 ], [ -86.571675, 36.369485 ], [ -86.573343, 36.369656 ], [ -86.573875, 36.369719 ], [ -86.574337, 36.369775 ], [ -86.574918, 36.369844 ], [ -86.575361, 36.369876 ], [ -86.575826, 36.369873 ], [ -86.575979, 36.36989 ], [ -86.576009, 36.369792 ], [ -86.576086, 36.369104 ], [ -86.576154, 36.368579 ], [ -86.576169, 36.368431 ], [ -86.576249, 36.367651 ], [ -86.576229, 36.367522 ], [ -86.576231, 36.36725 ], [ -86.576239, 36.367183 ], [ -86.57631, 36.366598 ], [ -86.576447, 36.365793 ], [ -86.576545, 36.364923 ], [ -86.57659, 36.364444 ], [ -86.576628, 36.363982 ], [ -86.576657, 36.363649 ], [ -86.576699, 36.363361 ], [ -86.576717, 36.363304 ], [ -86.576736, 36.363245 ], [ -86.576809, 36.363149 ], [ -86.576818, 36.363139 ], [ -86.576863, 36.36311 ], [ -86.576937, 36.363062 ], [ -86.577066, 36.363018 ], [ -86.577344, 36.363011 ], [ -86.577401, 36.363011 ], [ -86.577667, 36.363032 ], [ -86.578527, 36.363105 ], [ -86.578617, 36.363113 ], [ -86.57891, 36.363124 ], [ -86.580741, 36.363312 ], [ -86.580846, 36.363317 ], [ -86.581043, 36.363328 ], [ -86.581238, 36.363311 ], [ -86.58134, 36.363279 ], [ -86.581402, 36.363228 ], [ -86.581492, 36.363107 ], [ -86.581608, 36.362793 ], [ -86.581694, 36.362482 ], [ -86.581763, 36.362229 ], [ -86.582007, 36.361414 ], [ -86.582072, 36.361234 ], [ -86.582087, 36.361203 ], [ -86.582161, 36.361128 ], [ -86.582256, 36.361079 ], [ -86.582292, 36.361071 ], [ -86.582347, 36.36106 ], [ -86.582365, 36.36106 ], [ -86.582629, 36.361056 ], [ -86.58304, 36.36109 ], [ -86.583288, 36.361092 ], [ -86.583202, 36.360921 ], [ -86.583149, 36.360648 ], [ -86.583506, 36.360171 ], [ -86.583505, 36.360161 ], [ -86.58359, 36.359602 ], [ -86.583924, 36.359364 ], [ -86.584369, 36.359028 ], [ -86.584751, 36.358753 ], [ -86.584926, 36.358581 ], [ -86.585007, 36.358275 ], [ -86.585032, 36.358083 ], [ -86.585125, 36.357357 ], [ -86.585131, 36.357314 ], [ -86.585244, 36.357326 ], [ -86.585248, 36.357296 ], [ -86.585258, 36.357192 ], [ -86.585305, 36.356699 ], [ -86.58532, 36.356555 ], [ -86.585373, 36.35619 ], [ -86.585375, 36.356178 ], [ -86.585446, 36.355687 ], [ -86.585529, 36.355086 ], [ -86.585619, 36.354425 ], [ -86.585966, 36.351701 ], [ -86.585991, 36.351502 ], [ -86.586053, 36.351163 ], [ -86.586167, 36.350861 ], [ -86.586409, 36.350875 ], [ -86.586835, 36.350916 ], [ -86.587241, 36.350955 ], [ -86.587881, 36.351018 ], [ -86.58846, 36.351074 ], [ -86.588867, 36.351114 ], [ -86.589018, 36.351119 ], [ -86.589198, 36.351107 ], [ -86.589427, 36.351092 ], [ -86.589702, 36.351094 ], [ -86.589757, 36.3511 ], [ -86.590031, 36.351132 ], [ -86.590189, 36.351154 ], [ -86.590518, 36.351201 ], [ -86.590605, 36.351213 ], [ -86.59086, 36.35124 ], [ -86.591625, 36.35132 ], [ -86.591825, 36.351338 ], [ -86.592037, 36.351357 ], [ -86.592409, 36.351386 ], [ -86.592562, 36.351385 ], [ -86.592617, 36.351373 ], [ -86.592724, 36.351352 ], [ -86.592794, 36.351327 ], [ -86.592888, 36.351273 ], [ -86.593041, 36.351124 ], [ -86.593131, 36.351023 ], [ -86.593247, 36.350889 ], [ -86.593365, 36.350753 ], [ -86.593414, 36.350697 ], [ -86.593614, 36.350507 ], [ -86.593777, 36.350403 ], [ -86.593969, 36.350324 ], [ -86.594119, 36.350263 ], [ -86.594316, 36.350175 ], [ -86.59451, 36.350099 ], [ -86.594475, 36.349981 ], [ -86.594471, 36.349968 ], [ -86.594302, 36.349404 ], [ -86.594281, 36.349167 ], [ -86.594282, 36.349133 ], [ -86.594305, 36.348896 ], [ -86.594308, 36.348866 ], [ -86.594387, 36.348362 ], [ -86.594436, 36.348046 ], [ -86.594478, 36.347791 ], [ -86.594485, 36.34762 ], [ -86.594479, 36.347553 ], [ -86.594453, 36.347422 ], [ -86.594441, 36.347386 ], [ -86.594436, 36.347371 ], [ -86.594273, 36.346906 ], [ -86.594255, 36.346832 ], [ -86.594222, 36.34659 ], [ -86.594222, 36.346551 ], [ -86.59422, 36.346268 ], [ -86.594235, 36.345019 ], [ -86.594245, 36.344325 ], [ -86.594246, 36.344226 ], [ -86.594248, 36.344138 ], [ -86.594252, 36.34395 ], [ -86.594291, 36.342157 ], [ -86.594265, 36.342045 ], [ -86.594172, 36.341823 ], [ -86.59408, 36.341703 ], [ -86.593964, 36.341525 ], [ -86.593838, 36.34127 ], [ -86.593779, 36.341121 ], [ -86.593749, 36.340864 ], [ -86.593717, 36.340618 ], [ -86.593875, 36.339605 ], [ -86.5939, 36.339443 ], [ -86.593919, 36.339179 ], [ -86.593917, 36.33913 ], [ -86.593891, 36.338906 ], [ -86.593848, 36.338739 ], [ -86.593749, 36.338432 ], [ -86.593711, 36.338216 ], [ -86.59363, 36.337511 ], [ -86.593605, 36.337345 ], [ -86.593556, 36.336637 ], [ -86.593546, 36.336481 ], [ -86.593544, 36.336445 ], [ -86.593871, 36.336471 ], [ -86.593951, 36.336247 ], [ -86.594024, 36.336087 ], [ -86.594166, 36.335731 ], [ -86.594481, 36.335473 ], [ -86.595378, 36.334998 ], [ -86.595598, 36.334585 ], [ -86.595584, 36.334359 ], [ -86.595627, 36.333933 ], [ -86.595687, 36.333346 ], [ -86.595791, 36.333228 ], [ -86.595814, 36.3332 ], [ -86.595886, 36.33312 ], [ -86.59591, 36.333093 ], [ -86.595945, 36.333051 ], [ -86.596054, 36.332928 ], [ -86.59609, 36.332888 ], [ -86.596197, 36.332765 ], [ -86.596368, 36.332572 ], [ -86.596416, 36.332384 ], [ -86.596419, 36.332348 ], [ -86.596433, 36.332187 ], [ -86.596441, 36.332094 ], [ -86.596465, 36.331819 ], [ -86.596474, 36.331727 ], [ -86.596487, 36.331574 ], [ -86.596651, 36.331324 ], [ -86.597001, 36.331078 ], [ -86.598658, 36.330501 ], [ -86.598865, 36.33038 ], [ -86.599404, 36.330069 ], [ -86.600023, 36.329554 ], [ -86.600444, 36.329123 ], [ -86.600445, 36.328879 ], [ -86.600065, 36.32859 ], [ -86.599482, 36.328439 ], [ -86.599122, 36.328279 ], [ -86.598902, 36.327965 ], [ -86.598886, 36.327934 ], [ -86.598747, 36.327661 ], [ -86.598698, 36.327384 ], [ -86.598802, 36.327029 ], [ -86.599066, 36.326461 ], [ -86.599233, 36.326329 ], [ -86.600483, 36.325973 ], [ -86.601216, 36.325844 ], [ -86.601452, 36.325637 ], [ -86.601616, 36.32538 ], [ -86.602006, 36.324772 ], [ -86.602279, 36.324616 ], [ -86.602757, 36.324597 ], [ -86.603161, 36.32455 ], [ -86.603402, 36.324305 ], [ -86.60362, 36.323929 ], [ -86.603664, 36.323854 ], [ -86.603708, 36.323778 ], [ -86.603928, 36.323398 ], [ -86.604354, 36.322663 ], [ -86.604436, 36.322294 ], [ -86.604425, 36.322204 ], [ -86.604416, 36.32212 ], [ -86.604183, 36.321969 ], [ -86.604119, 36.321928 ], [ -86.603993, 36.321846 ], [ -86.603807, 36.321725 ], [ -86.603686, 36.321737 ], [ -86.603519, 36.321603 ], [ -86.603447, 36.321568 ], [ -86.603353, 36.32154 ], [ -86.603252, 36.321526 ], [ -86.603133, 36.321498 ], [ -86.603095, 36.321495 ], [ -86.603065, 36.321477 ], [ -86.60298, 36.321457 ], [ -86.602863, 36.32138 ], [ -86.602795, 36.321276 ], [ -86.602779, 36.321229 ], [ -86.602753, 36.321194 ], [ -86.602719, 36.321091 ], [ -86.602704, 36.320891 ], [ -86.60273, 36.320726 ], [ -86.602761, 36.320586 ], [ -86.602834, 36.320431 ], [ -86.602885, 36.3203 ], [ -86.602911, 36.320273 ], [ -86.602937, 36.320204 ], [ -86.602962, 36.320176 ], [ -86.602979, 36.320142 ], [ -86.603005, 36.320115 ], [ -86.603022, 36.320081 ], [ -86.603279, 36.319764 ], [ -86.603496, 36.319475 ], [ -86.603527, 36.319435 ], [ -86.603569, 36.319388 ], [ -86.603595, 36.319367 ], [ -86.603697, 36.319188 ], [ -86.603834, 36.318934 ], [ -86.603903, 36.31879 ], [ -86.603938, 36.318755 ], [ -86.603955, 36.318707 ], [ -86.603997, 36.318666 ], [ -86.604014, 36.318618 ], [ -86.604057, 36.318577 ], [ -86.604057, 36.318556 ], [ -86.604228, 36.31833 ], [ -86.604365, 36.318199 ], [ -86.604459, 36.318103 ], [ -86.604476, 36.318069 ], [ -86.604587, 36.317969 ], [ -86.604668, 36.31785 ], [ -86.604743, 36.317783 ], [ -86.604793, 36.317703 ], [ -86.605052, 36.317376 ], [ -86.605133, 36.317299 ], [ -86.605211, 36.317171 ], [ -86.605253, 36.317115 ], [ -86.605279, 36.317088 ], [ -86.605304, 36.317026 ], [ -86.60533, 36.317005 ], [ -86.605356, 36.316937 ], [ -86.605399, 36.316888 ], [ -86.605416, 36.316854 ], [ -86.605441, 36.316827 ], [ -86.605458, 36.316792 ], [ -86.605501, 36.316744 ], [ -86.60551, 36.316717 ], [ -86.605536, 36.316682 ], [ -86.605562, 36.316627 ], [ -86.605621, 36.316552 ], [ -86.605715, 36.316449 ], [ -86.60597, 36.316209 ], [ -86.606137, 36.316079 ], [ -86.606685, 36.315805 ], [ -86.607078, 36.315504 ], [ -86.607469, 36.315185 ], [ -86.607509, 36.315127 ], [ -86.607623, 36.314983 ], [ -86.607665, 36.314941 ], [ -86.607726, 36.314824 ], [ -86.60789, 36.314446 ], [ -86.60799, 36.31401 ], [ -86.60814, 36.312944 ], [ -86.608213, 36.312271 ], [ -86.608241, 36.31201 ], [ -86.608256, 36.311872 ], [ -86.608286, 36.311806 ], [ -86.608303, 36.311675 ], [ -86.608329, 36.311641 ], [ -86.608342, 36.311583 ], [ -86.608407, 36.311484 ], [ -86.608449, 36.311428 ], [ -86.608475, 36.31138 ], [ -86.608518, 36.311333 ], [ -86.608526, 36.311305 ], [ -86.608561, 36.311263 ], [ -86.608612, 36.311146 ], [ -86.608706, 36.310892 ], [ -86.608732, 36.310748 ], [ -86.608725, 36.310631 ], [ -86.608692, 36.310514 ], [ -86.608549, 36.3103 ], [ -86.608523, 36.310253 ], [ -86.608474, 36.31008 ], [ -86.608474, 36.309991 ], [ -86.608513, 36.309795 ], [ -86.608552, 36.309702 ], [ -86.608591, 36.309547 ], [ -86.608764, 36.309146 ], [ -86.608718, 36.309128 ], [ -86.608651, 36.309078 ], [ -86.608628, 36.30902 ], [ -86.60863, 36.308933 ], [ -86.608673, 36.308798 ], [ -86.608718, 36.30869 ], [ -86.60875, 36.308614 ], [ -86.609482, 36.306894 ], [ -86.609487, 36.306884 ], [ -86.609585, 36.30665 ], [ -86.609629, 36.306474 ], [ -86.609612, 36.306393 ], [ -86.609597, 36.306354 ], [ -86.609577, 36.306306 ], [ -86.609322, 36.306383 ], [ -86.608846, 36.306528 ], [ -86.60856, 36.306622 ], [ -86.608308, 36.306706 ], [ -86.608093, 36.306788 ], [ -86.607451, 36.307034 ], [ -86.607374, 36.307064 ], [ -86.60724, 36.307122 ], [ -86.606845, 36.307299 ], [ -86.60566, 36.307833 ], [ -86.605382, 36.307959 ], [ -86.605266, 36.308013 ], [ -86.605174, 36.308055 ], [ -86.604833, 36.30821 ], [ -86.60473, 36.308258 ], [ -86.604471, 36.308374 ], [ -86.604227, 36.308484 ], [ -86.604031, 36.308573 ], [ -86.603534, 36.308799 ], [ -86.602829, 36.30912 ], [ -86.602087, 36.309456 ], [ -86.601293, 36.309817 ], [ -86.601032, 36.309936 ], [ -86.600693, 36.310092 ], [ -86.600551, 36.310156 ], [ -86.599295, 36.310726 ], [ -86.599272, 36.310737 ], [ -86.598322, 36.311168 ], [ -86.597686, 36.311458 ], [ -86.597583, 36.311512 ], [ -86.597534, 36.311538 ], [ -86.597479, 36.311564 ], [ -86.597105, 36.311735 ], [ -86.596636, 36.311952 ], [ -86.595664, 36.312391 ], [ -86.595574, 36.312433 ], [ -86.595497, 36.312468 ], [ -86.595186, 36.312613 ], [ -86.595088, 36.312479 ], [ -86.595045, 36.312334 ], [ -86.594934, 36.311754 ], [ -86.594909, 36.311617 ], [ -86.594906, 36.311603 ], [ -86.594693, 36.310347 ], [ -86.594477, 36.309073 ], [ -86.594326, 36.308179 ], [ -86.594617, 36.308144 ], [ -86.595085, 36.308089 ], [ -86.595311, 36.30806 ], [ -86.595488, 36.308031 ], [ -86.595778, 36.307984 ], [ -86.595669, 36.307493 ], [ -86.595604, 36.307189 ], [ -86.595584, 36.307098 ], [ -86.595539, 36.306894 ], [ -86.59544, 36.306483 ], [ -86.595406, 36.306371 ], [ -86.595389, 36.306315 ], [ -86.595279, 36.306038 ], [ -86.595062, 36.305525 ], [ -86.594964, 36.305228 ], [ -86.59489, 36.304853 ], [ -86.594859, 36.304518 ], [ -86.594858, 36.304493 ], [ -86.59484, 36.303587 ], [ -86.594835, 36.303324 ], [ -86.594821, 36.302537 ], [ -86.594817, 36.302275 ], [ -86.594804, 36.301804 ], [ -86.594782, 36.300927 ], [ -86.594809, 36.300488 ], [ -86.594825, 36.300393 ], [ -86.594858, 36.300204 ], [ -86.594952, 36.299941 ], [ -86.595061, 36.299683 ], [ -86.595186, 36.299393 ], [ -86.595317, 36.299055 ], [ -86.595363, 36.298902 ], [ -86.595445, 36.298635 ], [ -86.595491, 36.298468 ], [ -86.595546, 36.298272 ], [ -86.595657, 36.297976 ], [ -86.595739, 36.297823 ], [ -86.595868, 36.297606 ], [ -86.595909, 36.297539 ], [ -86.596107, 36.297295 ], [ -86.596291, 36.297131 ], [ -86.596388, 36.297064 ], [ -86.596598, 36.296923 ], [ -86.596816, 36.296816 ], [ -86.597472, 36.296497 ], [ -86.597691, 36.296391 ], [ -86.597423, 36.296009 ], [ -86.597358, 36.295884 ], [ -86.597262, 36.295697 ], [ -86.597161, 36.295363 ], [ -86.597112, 36.295075 ], [ -86.597079, 36.294751 ], [ -86.597016, 36.29411 ], [ -86.596956, 36.293507 ], [ -86.596937, 36.293299 ], [ -86.596906, 36.292956 ], [ -86.596794, 36.291714 ], [ -86.596751, 36.291305 ], [ -86.596694, 36.290756 ], [ -86.596641, 36.290269 ], [ -86.596488, 36.288837 ], [ -86.596486, 36.288811 ], [ -86.596448, 36.288324 ], [ -86.595487, 36.288244 ], [ -86.595423, 36.288237 ], [ -86.593228, 36.288025 ], [ -86.592355, 36.28794 ], [ -86.592231, 36.287928 ], [ -86.591513, 36.287855 ], [ -86.591387, 36.287829 ], [ -86.591339, 36.287808 ], [ -86.591294, 36.287784 ], [ -86.591256, 36.287753 ], [ -86.591157, 36.287856 ], [ -86.590285, 36.288559 ], [ -86.590201, 36.288619 ], [ -86.590177, 36.288676 ], [ -86.590102, 36.288707 ], [ -86.589966, 36.288743 ], [ -86.589929, 36.288754 ], [ -86.589873, 36.288762 ], [ -86.589756, 36.288763 ], [ -86.589639, 36.288753 ], [ -86.589602, 36.28875 ], [ -86.589493, 36.288741 ], [ -86.588793, 36.288683 ], [ -86.588524, 36.288661 ], [ -86.588153, 36.288622 ], [ -86.587565, 36.288561 ], [ -86.587041, 36.288515 ], [ -86.586671, 36.288483 ], [ -86.586293, 36.288447 ], [ -86.585159, 36.288339 ], [ -86.584782, 36.288304 ], [ -86.584704, 36.28876 ], [ -86.584699, 36.288791 ], [ -86.584712, 36.288951 ], [ -86.584753, 36.289074 ], [ -86.584831, 36.28919 ], [ -86.585272, 36.289683 ], [ -86.585333, 36.289795 ], [ -86.585369, 36.289931 ], [ -86.5854, 36.290048 ], [ -86.585412, 36.290187 ], [ -86.585393, 36.290389 ], [ -86.585124, 36.29037 ], [ -86.584816, 36.290349 ], [ -86.584737, 36.290343 ], [ -86.584592, 36.29031 ], [ -86.584519, 36.290282 ], [ -86.584348, 36.29019 ], [ -86.58416, 36.29009 ], [ -86.584114, 36.290058 ], [ -86.583904, 36.290311 ], [ -86.583804, 36.290477 ], [ -86.58374, 36.290584 ], [ -86.583699, 36.290712 ], [ -86.58365, 36.291055 ], [ -86.583652, 36.291174 ], [ -86.583748, 36.291595 ], [ -86.583768, 36.291685 ], [ -86.583773, 36.291859 ], [ -86.58375, 36.292003 ], [ -86.583671, 36.29252 ], [ -86.583585, 36.293051 ], [ -86.583382, 36.29432 ], [ -86.58334, 36.294506 ], [ -86.583294, 36.294625 ], [ -86.583285, 36.294635 ], [ -86.583148, 36.294813 ], [ -86.58294, 36.295048 ], [ -86.582699, 36.294916 ], [ -86.582652, 36.294891 ], [ -86.582335, 36.294737 ], [ -86.582015, 36.294597 ], [ -86.581953, 36.294575 ], [ -86.581695, 36.294484 ], [ -86.58131, 36.2944 ], [ -86.581102, 36.294373 ], [ -86.579308, 36.294147 ], [ -86.579054, 36.294116 ], [ -86.578711, 36.294068 ], [ -86.578235, 36.293998 ], [ -86.577878, 36.293964 ], [ -86.577512, 36.293931 ], [ -86.577259, 36.293897 ], [ -86.577129, 36.293869 ], [ -86.576924, 36.293801 ], [ -86.576841, 36.293759 ], [ -86.576653, 36.293638 ], [ -86.575713, 36.29294 ], [ -86.57567, 36.292898 ], [ -86.575509, 36.292741 ], [ -86.575408, 36.2926 ], [ -86.575333, 36.292462 ], [ -86.575295, 36.292281 ], [ -86.575289, 36.292183 ], [ -86.575114, 36.292162 ], [ -86.574862, 36.292119 ], [ -86.574532, 36.292064 ], [ -86.573589, 36.291889 ], [ -86.573395, 36.291854 ], [ -86.573332, 36.291843 ], [ -86.573165, 36.291813 ], [ -86.573004, 36.291599 ], [ -86.572944, 36.291537 ], [ -86.572937, 36.29152 ], [ -86.572895, 36.291407 ], [ -86.572752, 36.290959 ], [ -86.572745, 36.290917 ], [ -86.572719, 36.290894 ], [ -86.572676, 36.290814 ], [ -86.572559, 36.29067 ], [ -86.572534, 36.290622 ], [ -86.572461, 36.290532 ], [ -86.572399, 36.290455 ], [ -86.572378, 36.290408 ], [ -86.572332, 36.290242 ], [ -86.572306, 36.290201 ], [ -86.572172, 36.29018 ], [ -86.572133, 36.29016 ], [ -86.571934, 36.290008 ], [ -86.571857, 36.289992 ], [ -86.571756, 36.289973 ], [ -86.571733, 36.289966 ], [ -86.571634, 36.289728 ], [ -86.571442, 36.289388 ], [ -86.571154, 36.288884 ], [ -86.570794, 36.288508 ], [ -86.57009, 36.288008 ], [ -86.570081, 36.288002 ], [ -86.569658, 36.287724 ], [ -86.569186, 36.287364 ], [ -86.567494, 36.287452 ], [ -86.562417, 36.287451 ], [ -86.561695, 36.287451 ], [ -86.561193, 36.287451 ], [ -86.560691, 36.287451 ], [ -86.560242, 36.287451 ], [ -86.558491, 36.287448 ], [ -86.558468, 36.287384 ], [ -86.558442, 36.287311 ], [ -86.558394, 36.287174 ], [ -86.558345, 36.287032 ], [ -86.5583, 36.286899 ], [ -86.558268, 36.286802 ], [ -86.558225, 36.286672 ], [ -86.558186, 36.28655 ], [ -86.558157, 36.286456 ], [ -86.558115, 36.286322 ], [ -86.558083, 36.286216 ], [ -86.558036, 36.286057 ], [ -86.558007, 36.285954 ], [ -86.557979, 36.285856 ], [ -86.557949, 36.28575 ], [ -86.557926, 36.285664 ], [ -86.557716, 36.284499 ], [ -86.557449, 36.282989 ], [ -86.557421, 36.282831 ], [ -86.557273, 36.282004 ], [ -86.557239, 36.281872 ], [ -86.557211, 36.281723 ], [ -86.557195, 36.2816 ], [ -86.557185, 36.281473 ], [ -86.557183, 36.281352 ], [ -86.557185, 36.281252 ], [ -86.557197, 36.281107 ], [ -86.55722, 36.28095 ], [ -86.557252, 36.280801 ], [ -86.557279, 36.280665 ], [ -86.557345, 36.280327 ], [ -86.557427, 36.279909 ], [ -86.559469, 36.27529 ], [ -86.559896, 36.274324 ], [ -86.559949, 36.274201 ], [ -86.559981, 36.274121 ], [ -86.560032, 36.273988 ], [ -86.560079, 36.273858 ], [ -86.560126, 36.273715 ], [ -86.560172, 36.273565 ], [ -86.560209, 36.273429 ], [ -86.560248, 36.273269 ], [ -86.560293, 36.273055 ], [ -86.560326, 36.272863 ], [ -86.560407, 36.272687 ], [ -86.560865, 36.272033 ], [ -86.561507, 36.271131 ], [ -86.565462, 36.265463 ], [ -86.565966, 36.264742 ], [ -86.566424, 36.264087 ], [ -86.566665, 36.263743 ], [ -86.5667, 36.263693 ], [ -86.566752, 36.263617 ], [ -86.566806, 36.263538 ], [ -86.566868, 36.263445 ], [ -86.566933, 36.263347 ], [ -86.567004, 36.263238 ], [ -86.567075, 36.263125 ], [ -86.567157, 36.262993 ], [ -86.567243, 36.262853 ], [ -86.567346, 36.262679 ], [ -86.567443, 36.26251 ], [ -86.567514, 36.262382 ], [ -86.567583, 36.262261 ], [ -86.567655, 36.26214 ], [ -86.567774, 36.261953 ], [ -86.567876, 36.261802 ], [ -86.567954, 36.261692 ], [ -86.568063, 36.261544 ], [ -86.568181, 36.261394 ], [ -86.568304, 36.261245 ], [ -86.568403, 36.26113 ], [ -86.568467, 36.261058 ], [ -86.568537, 36.260981 ], [ -86.568623, 36.26089 ], [ -86.568711, 36.2608 ], [ -86.56882, 36.260691 ], [ -86.568932, 36.260585 ], [ -86.569042, 36.260484 ], [ -86.569148, 36.26039 ], [ -86.569272, 36.260284 ], [ -86.569404, 36.260175 ], [ -86.569551, 36.260059 ], [ -86.569672, 36.259968 ], [ -86.569806, 36.25987 ], [ -86.570856, 36.259005 ], [ -86.571048, 36.258844 ], [ -86.571149, 36.258761 ], [ -86.571211, 36.25868 ], [ -86.571262, 36.258614 ], [ -86.571362, 36.258481 ], [ -86.571474, 36.258327 ], [ -86.571521, 36.258259 ], [ -86.57162, 36.258117 ], [ -86.571689, 36.258014 ], [ -86.571859, 36.257753 ], [ -86.57192, 36.257656 ], [ -86.571975, 36.257565 ], [ -86.572029, 36.257474 ], [ -86.572111, 36.257333 ], [ -86.572171, 36.257227 ], [ -86.572238, 36.257106 ], [ -86.572303, 36.256985 ], [ -86.572377, 36.256842 ], [ -86.572435, 36.256726 ], [ -86.572481, 36.256632 ], [ -86.572506, 36.256581 ], [ -86.572567, 36.256451 ], [ -86.572637, 36.256297 ], [ -86.572707, 36.256136 ], [ -86.572768, 36.255988 ], [ -86.572824, 36.255848 ], [ -86.572886, 36.255684 ], [ -86.572943, 36.255527 ], [ -86.572995, 36.255378 ], [ -86.573052, 36.255205 ], [ -86.573121, 36.255004 ], [ -86.573181, 36.254855 ], [ -86.573254, 36.254698 ], [ -86.573353, 36.254514 ], [ -86.573455, 36.254347 ], [ -86.573528, 36.254238 ], [ -86.573656, 36.254067 ], [ -86.573799, 36.253897 ], [ -86.573916, 36.253771 ], [ -86.574058, 36.25363 ], [ -86.574196, 36.253506 ], [ -86.574324, 36.253401 ], [ -86.574449, 36.253305 ], [ -86.5746, 36.253199 ], [ -86.574666, 36.253154 ], [ -86.574767, 36.253086 ], [ -86.574888, 36.253006 ], [ -86.574966, 36.252954 ], [ -86.575074, 36.252883 ], [ -86.575151, 36.252833 ], [ -86.575228, 36.252783 ], [ -86.575339, 36.252711 ], [ -86.575427, 36.252655 ], [ -86.575516, 36.252598 ], [ -86.575627, 36.252527 ], [ -86.575728, 36.252464 ], [ -86.575873, 36.252373 ], [ -86.575979, 36.252308 ], [ -86.576076, 36.252248 ], [ -86.576166, 36.252193 ], [ -86.576324, 36.252097 ], [ -86.576449, 36.252022 ], [ -86.576597, 36.251934 ], [ -86.576746, 36.251846 ], [ -86.576849, 36.251786 ], [ -86.576987, 36.251706 ], [ -86.577113, 36.251633 ], [ -86.577217, 36.251574 ], [ -86.577368, 36.251488 ], [ -86.577496, 36.251417 ], [ -86.577659, 36.251326 ], [ -86.577764, 36.251268 ], [ -86.577916, 36.251185 ], [ -86.578075, 36.251099 ], [ -86.578175, 36.251045 ], [ -86.578281, 36.250989 ], [ -86.578364, 36.250945 ], [ -86.578506, 36.25087 ], [ -86.578673, 36.250783 ], [ -86.57878, 36.250728 ], [ -86.578876, 36.250679 ], [ -86.578936, 36.250648 ], [ -86.579019, 36.250606 ], [ -86.579091, 36.25057 ], [ -86.579199, 36.250515 ], [ -86.579308, 36.250461 ], [ -86.579428, 36.250402 ], [ -86.579549, 36.250342 ], [ -86.579695, 36.250272 ], [ -86.579804, 36.250219 ], [ -86.579914, 36.250166 ], [ -86.579974, 36.250137 ], [ -86.580048, 36.250103 ], [ -86.580145, 36.250057 ], [ -86.580231, 36.250017 ], [ -86.580329, 36.249971 ], [ -86.580434, 36.249923 ], [ -86.580522, 36.249882 ], [ -86.580611, 36.249841 ], [ -86.580734, 36.249785 ], [ -86.580834, 36.249739 ], [ -86.580945, 36.249688 ], [ -86.581079, 36.249627 ], [ -86.581202, 36.249572 ], [ -86.581336, 36.249511 ], [ -86.581447, 36.249461 ], [ -86.581559, 36.249411 ], [ -86.581693, 36.249351 ], [ -86.581817, 36.249296 ], [ -86.581951, 36.249237 ], [ -86.582063, 36.249187 ], [ -86.582176, 36.249138 ], [ -86.582333, 36.249069 ], [ -86.582434, 36.249025 ], [ -86.582581, 36.248961 ], [ -86.582682, 36.248917 ], [ -86.582795, 36.248869 ], [ -86.582919, 36.248815 ], [ -86.583009, 36.248776 ], [ -86.583122, 36.248728 ], [ -86.583258, 36.24867 ], [ -86.583382, 36.248617 ], [ -86.583484, 36.248574 ], [ -86.58362, 36.248517 ], [ -86.583734, 36.248469 ], [ -86.583881, 36.248407 ], [ -86.584006, 36.248355 ], [ -86.584165, 36.248289 ], [ -86.584325, 36.248223 ], [ -86.584496, 36.248153 ], [ -86.584633, 36.248097 ], [ -86.58477, 36.248041 ], [ -86.584918, 36.247981 ], [ -86.585055, 36.247925 ], [ -86.58525, 36.247847 ], [ -86.58541, 36.247783 ], [ -86.585548, 36.247728 ], [ -86.585685, 36.247673 ], [ -86.585858, 36.247605 ], [ -86.586007, 36.247547 ], [ -86.586737, 36.24726 ], [ -86.587415, 36.246995 ], [ -86.587517, 36.246955 ], [ -86.587612, 36.246919 ], [ -86.587735, 36.246873 ], [ -86.587845, 36.246832 ], [ -86.587983, 36.246783 ], [ -86.588149, 36.246725 ], [ -86.588351, 36.246657 ], [ -86.58854, 36.246595 ], [ -86.588758, 36.246527 ], [ -86.589055, 36.246439 ], [ -86.589297, 36.246371 ], [ -86.589483, 36.246321 ], [ -86.589656, 36.246276 ], [ -86.58985, 36.246228 ], [ -86.590053, 36.24618 ], [ -86.590242, 36.246137 ], [ -86.590417, 36.246099 ], [ -86.590541, 36.246074 ], [ -86.59068, 36.246046 ], [ -86.590856, 36.246012 ], [ -86.590951, 36.245994 ], [ -86.591099, 36.245967 ], [ -86.594359, 36.245376 ], [ -86.594325, 36.245252 ], [ -86.594286, 36.245105 ], [ -86.596537, 36.244975 ], [ -86.597918, 36.244725 ], [ -86.598281, 36.244659 ], [ -86.602202, 36.244479 ], [ -86.608803, 36.244177 ], [ -86.611881, 36.244035 ], [ -86.612325, 36.244015 ], [ -86.612461, 36.24401 ], [ -86.612627, 36.24401 ], [ -86.612821, 36.244018 ], [ -86.613001, 36.244032 ], [ -86.613193, 36.244055 ], [ -86.613384, 36.244085 ], [ -86.613526, 36.244114 ], [ -86.613689, 36.244152 ], [ -86.613814, 36.244185 ], [ -86.613946, 36.244225 ], [ -86.614108, 36.24428 ], [ -86.614244, 36.244332 ], [ -86.61437, 36.244385 ], [ -86.614501, 36.244445 ], [ -86.614576, 36.244482 ], [ -86.614625, 36.244507 ], [ -86.616269, 36.245456 ], [ -86.617184, 36.245983 ], [ -86.61785, 36.246335 ], [ -86.618475, 36.246662 ], [ -86.619123, 36.246993 ], [ -86.619765, 36.247315 ], [ -86.620367, 36.247609 ], [ -86.621036, 36.247928 ], [ -86.621472, 36.248132 ], [ -86.621909, 36.248334 ], [ -86.622321, 36.248521 ], [ -86.622827, 36.248754 ], [ -86.62777, 36.250976 ], [ -86.627893, 36.251031 ], [ -86.628002, 36.251077 ], [ -86.628166, 36.251143 ], [ -86.628317, 36.251201 ], [ -86.628442, 36.251246 ], [ -86.628623, 36.251308 ], [ -86.628806, 36.251367 ], [ -86.629009, 36.251427 ], [ -86.629161, 36.251468 ], [ -86.630421, 36.251801 ], [ -86.635078, 36.25303 ], [ -86.635197, 36.253062 ], [ -86.635335, 36.253097 ], [ -86.635589, 36.253161 ], [ -86.635839, 36.253223 ], [ -86.636125, 36.25329 ], [ -86.636385, 36.25335 ], [ -86.636687, 36.253417 ], [ -86.63698, 36.253479 ], [ -86.637197, 36.253523 ], [ -86.637382, 36.253562 ], [ -86.637498, 36.253591 ], [ -86.637583, 36.253616 ], [ -86.637681, 36.253649 ], [ -86.637748, 36.253675 ], [ -86.63786, 36.253722 ], [ -86.637998, 36.253789 ], [ -86.638123, 36.253861 ], [ -86.638212, 36.253918 ], [ -86.638312, 36.253991 ], [ -86.638384, 36.254049 ], [ -86.638479, 36.254134 ], [ -86.638569, 36.254226 ], [ -86.638643, 36.254313 ], [ -86.638707, 36.254397 ], [ -86.638788, 36.254521 ], [ -86.638901, 36.254712 ], [ -86.639036, 36.254944 ], [ -86.639161, 36.255163 ], [ -86.639331, 36.255465 ], [ -86.639479, 36.255736 ], [ -86.639585, 36.255933 ], [ -86.639668, 36.256093 ], [ -86.639762, 36.256279 ], [ -86.639846, 36.256448 ], [ -86.639927, 36.256613 ], [ -86.640009, 36.256783 ], [ -86.640116, 36.257008 ], [ -86.6402, 36.257187 ], [ -86.640327, 36.257464 ], [ -86.640414, 36.257659 ], [ -86.640514, 36.257886 ], [ -86.640609, 36.258104 ], [ -86.640672, 36.258253 ], [ -86.640738, 36.258412 ], [ -86.640801, 36.258564 ], [ -86.640894, 36.258793 ], [ -86.640974, 36.258994 ], [ -86.641039, 36.259159 ], [ -86.641098, 36.259313 ], [ -86.641159, 36.259473 ], [ -86.641218, 36.259633 ], [ -86.64129, 36.259829 ], [ -86.641359, 36.26002 ], [ -86.641418, 36.260187 ], [ -86.641478, 36.26036 ], [ -86.641529, 36.260509 ], [ -86.641597, 36.260713 ], [ -86.641648, 36.260868 ], [ -86.641698, 36.261024 ], [ -86.641742, 36.261162 ], [ -86.64179, 36.261319 ], [ -86.641827, 36.261439 ], [ -86.641874, 36.261594 ], [ -86.641922, 36.261771 ], [ -86.641951, 36.261892 ], [ -86.641984, 36.262041 ], [ -86.642011, 36.262176 ], [ -86.642041, 36.262354 ], [ -86.642077, 36.262571 ], [ -86.642109, 36.262778 ], [ -86.642138, 36.262973 ], [ -86.642163, 36.263145 ], [ -86.642187, 36.263318 ], [ -86.642211, 36.263502 ], [ -86.642236, 36.263697 ], [ -86.642262, 36.263916 ], [ -86.64229, 36.264157 ], [ -86.642311, 36.264353 ], [ -86.642335, 36.264595 ], [ -86.642357, 36.264837 ], [ -86.642375, 36.264997 ], [ -86.642394, 36.265287 ], [ -86.642409, 36.265495 ], [ -86.642426, 36.26576 ], [ -86.642445, 36.266107 ], [ -86.64246, 36.26643 ], [ -86.64247, 36.266719 ], [ -86.642476, 36.266939 ], [ -86.642482, 36.267228 ], [ -86.642486, 36.267563 ], [ -86.642486, 36.267748 ], [ -86.642485, 36.26802 ], [ -86.642481, 36.268227 ], [ -86.642464, 36.268588 ], [ -86.642444, 36.268852 ], [ -86.642418, 36.269116 ], [ -86.642396, 36.26929 ], [ -86.642371, 36.269476 ], [ -86.64235, 36.269644 ], [ -86.642334, 36.269827 ], [ -86.642324, 36.269984 ], [ -86.642322, 36.270084 ], [ -86.642321, 36.270173 ], [ -86.642321, 36.270254 ], [ -86.642323, 36.270342 ], [ -86.642326, 36.270423 ], [ -86.64233, 36.270512 ], [ -86.642335, 36.270579 ], [ -86.642343, 36.270681 ], [ -86.642354, 36.270782 ], [ -86.642365, 36.270877 ], [ -86.642379, 36.270978 ], [ -86.642396, 36.271079 ], [ -86.642409, 36.271152 ], [ -86.642424, 36.271233 ], [ -86.642444, 36.271326 ], [ -86.642461, 36.2714 ], [ -86.642477, 36.271466 ], [ -86.642499, 36.271553 ], [ -86.642524, 36.271645 ], [ -86.642548, 36.271725 ], [ -86.642566, 36.271783 ], [ -86.642606, 36.271908 ], [ -86.642629, 36.271974 ], [ -86.642682, 36.272117 ], [ -86.642747, 36.272278 ], [ -86.642829, 36.272463 ], [ -86.642902, 36.272615 ], [ -86.642959, 36.272727 ], [ -86.643034, 36.272875 ], [ -86.643104, 36.273035 ], [ -86.643164, 36.2732 ], [ -86.643219, 36.273385 ], [ -86.643263, 36.273592 ], [ -86.643291, 36.273784 ], [ -86.643304, 36.273991 ], [ -86.643302, 36.274204 ], [ -86.643285, 36.274397 ], [ -86.642994, 36.276783 ], [ -86.64278, 36.278528 ], [ -86.642668, 36.279446 ], [ -86.642554, 36.280378 ], [ -86.642476, 36.281019 ], [ -86.64246, 36.281149 ], [ -86.642277, 36.28264 ], [ -86.642132, 36.283826 ], [ -86.642117, 36.283954 ], [ -86.642055, 36.284459 ], [ -86.641802, 36.286529 ], [ -86.641776, 36.286625 ], [ -86.641754, 36.286721 ], [ -86.641732, 36.286828 ], [ -86.641719, 36.286903 ], [ -86.641704, 36.287 ], [ -86.641695, 36.287076 ], [ -86.641687, 36.287163 ], [ -86.64168, 36.28726 ], [ -86.641677, 36.287336 ], [ -86.641675, 36.287401 ], [ -86.641675, 36.287455 ], [ -86.641676, 36.287521 ], [ -86.641681, 36.287651 ], [ -86.641696, 36.287824 ], [ -86.641712, 36.287943 ], [ -86.641733, 36.288072 ], [ -86.641765, 36.288222 ], [ -86.6418, 36.28836 ], [ -86.641842, 36.288497 ], [ -86.641893, 36.288643 ], [ -86.64195, 36.288788 ], [ -86.642009, 36.288921 ], [ -86.642074, 36.289052 ], [ -86.642133, 36.289161 ], [ -86.642208, 36.289289 ], [ -86.642269, 36.289385 ], [ -86.642346, 36.2895 ], [ -86.642435, 36.289621 ], [ -86.642537, 36.289749 ], [ -86.642652, 36.289883 ], [ -86.642748, 36.289987 ], [ -86.642866, 36.290105 ], [ -86.64298, 36.290212 ], [ -86.64308, 36.2903 ], [ -86.643193, 36.290393 ], [ -86.643318, 36.290491 ], [ -86.643438, 36.290578 ], [ -86.643593, 36.290682 ], [ -86.643709, 36.290755 ], [ -86.643839, 36.290832 ], [ -86.643961, 36.2909 ], [ -86.64413, 36.290987 ], [ -86.644257, 36.291048 ], [ -86.644387, 36.291106 ], [ -86.650945, 36.294128 ], [ -86.655005, 36.295998 ], [ -86.655992, 36.296454 ], [ -86.658132, 36.297438 ], [ -86.66246, 36.299432 ], [ -86.662513, 36.299456 ], [ -86.662582, 36.299487 ], [ -86.6627, 36.299537 ], [ -86.662815, 36.299584 ], [ -86.662947, 36.299633 ], [ -86.663075, 36.299678 ], [ -86.663215, 36.299724 ], [ -86.663351, 36.299765 ], [ -86.663505, 36.299807 ], [ -86.663687, 36.299851 ], [ -86.663859, 36.299889 ], [ -86.664006, 36.299916 ], [ -86.664226, 36.299952 ], [ -86.664402, 36.299974 ], [ -86.664585, 36.299993 ], [ -86.664713, 36.300003 ], [ -86.66488, 36.300012 ], [ -86.665059, 36.300018 ], [ -86.665234, 36.300029 ], [ -86.665419, 36.300047 ], [ -86.665596, 36.300067 ], [ -86.665788, 36.300092 ], [ -86.665965, 36.300117 ], [ -86.666185, 36.300152 ], [ -86.666345, 36.30018 ], [ -86.666614, 36.300231 ], [ -86.666744, 36.300259 ], [ -86.66696, 36.300307 ], [ -86.667146, 36.300352 ], [ -86.667367, 36.300409 ], [ -86.667572, 36.300466 ], [ -86.66781, 36.300538 ], [ -86.667984, 36.300593 ], [ -86.668136, 36.300644 ], [ -86.6683, 36.300702 ], [ -86.66847, 36.300764 ], [ -86.668511, 36.300779 ], [ -86.668538, 36.30079 ], [ -86.668568, 36.3008 ], [ -86.66833, 36.301101 ], [ -86.668176, 36.3013 ], [ -86.667752, 36.301783 ], [ -86.667552, 36.302015 ], [ -86.667537, 36.302038 ], [ -86.667559, 36.302108 ], [ -86.667566, 36.302383 ], [ -86.667497, 36.302429 ], [ -86.667458, 36.302468 ], [ -86.667411, 36.302504 ], [ -86.667345, 36.302554 ], [ -86.667269, 36.302605 ], [ -86.667208, 36.302648 ], [ -86.667061, 36.30277 ], [ -86.666998, 36.302817 ], [ -86.666953, 36.302846 ], [ -86.66691, 36.302899 ], [ -86.666853, 36.302961 ], [ -86.666826, 36.302999 ], [ -86.666757, 36.303068 ], [ -86.666703, 36.303096 ], [ -86.666634, 36.303151 ], [ -86.666599, 36.303192 ], [ -86.666569, 36.303243 ], [ -86.666551, 36.303296 ], [ -86.666546, 36.303328 ], [ -86.666548, 36.303377 ], [ -86.666556, 36.303489 ], [ -86.666559, 36.303518 ], [ -86.66656, 36.30353 ], [ -86.666561, 36.303553 ], [ -86.666556, 36.303618 ], [ -86.666548, 36.303737 ], [ -86.666562, 36.303833 ], [ -86.666574, 36.303895 ], [ -86.666607, 36.303978 ], [ -86.666687, 36.304085 ], [ -86.666766, 36.304161 ], [ -86.666884, 36.30425 ], [ -86.666979, 36.304314 ], [ -86.667109, 36.304401 ], [ -86.667196, 36.304454 ], [ -86.667298, 36.304527 ], [ -86.667429, 36.304593 ], [ -86.667526, 36.304643 ], [ -86.66766, 36.304747 ], [ -86.667733, 36.304795 ], [ -86.667751, 36.30481 ], [ -86.667832, 36.304893 ], [ -86.669843, 36.30684 ], [ -86.670226, 36.307174 ], [ -86.67076, 36.307641 ], [ -86.670815, 36.307699 ], [ -86.670849, 36.307739 ], [ -86.670908, 36.307785 ], [ -86.670948, 36.307818 ], [ -86.670998, 36.307857 ], [ -86.671095, 36.307949 ], [ -86.671155, 36.307996 ], [ -86.671244, 36.308083 ], [ -86.671384, 36.308203 ], [ -86.671459, 36.308267 ], [ -86.671538, 36.308335 ], [ -86.671625, 36.308407 ], [ -86.671761, 36.308529 ], [ -86.671816, 36.308598 ], [ -86.671892, 36.30868 ], [ -86.67196, 36.308786 ], [ -86.672023, 36.308876 ], [ -86.672076, 36.30895 ], [ -86.672119, 36.30902 ], [ -86.672184, 36.309083 ], [ -86.672213, 36.309121 ], [ -86.672226, 36.309142 ], [ -86.67222, 36.309392 ], [ -86.672219, 36.309455 ], [ -86.672217, 36.309698 ], [ -86.672216, 36.309708 ], [ -86.672213, 36.309733 ], [ -86.672221, 36.309743 ], [ -86.672213, 36.309801 ], [ -86.672186, 36.309871 ], [ -86.672168, 36.309927 ], [ -86.672144, 36.310009 ], [ -86.672128, 36.310073 ], [ -86.6721, 36.310165 ], [ -86.672083, 36.310218 ], [ -86.672067, 36.310286 ], [ -86.672048, 36.310376 ], [ -86.672035, 36.310434 ], [ -86.672028, 36.3105 ], [ -86.672028, 36.310579 ], [ -86.672031, 36.310641 ], [ -86.672033, 36.310681 ], [ -86.672035, 36.310726 ], [ -86.672036, 36.310742 ], [ -86.672041, 36.31078 ], [ -86.672046, 36.310815 ], [ -86.672052, 36.310865 ], [ -86.672063, 36.310964 ], [ -86.672066, 36.310996 ], [ -86.672083, 36.31106 ], [ -86.672102, 36.311112 ], [ -86.672127, 36.311167 ], [ -86.672155, 36.311237 ], [ -86.672204, 36.311331 ], [ -86.672215, 36.311346 ], [ -86.672282, 36.31144 ], [ -86.672335, 36.311519 ], [ -86.672372, 36.311574 ], [ -86.672414, 36.311635 ], [ -86.672453, 36.311687 ], [ -86.672507, 36.311758 ], [ -86.672562, 36.311829 ], [ -86.672587, 36.311879 ], [ -86.67263, 36.311946 ], [ -86.672676, 36.312028 ], [ -86.672753, 36.312213 ], [ -86.672807, 36.312342 ], [ -86.672927, 36.312631 ], [ -86.672999, 36.31263 ], [ -86.673049, 36.312628 ], [ -86.673107, 36.312627 ], [ -86.673156, 36.312703 ], [ -86.673192, 36.312746 ], [ -86.673231, 36.312789 ], [ -86.673282, 36.312848 ], [ -86.673395, 36.312982 ], [ -86.673435, 36.313024 ], [ -86.673475, 36.313054 ], [ -86.673538, 36.313098 ], [ -86.673585, 36.31314 ], [ -86.67367, 36.313223 ], [ -86.673736, 36.313291 ], [ -86.673809, 36.313359 ], [ -86.673867, 36.313416 ], [ -86.673949, 36.313509 ], [ -86.674074, 36.313644 ], [ -86.67414, 36.31373 ], [ -86.674178, 36.313787 ], [ -86.674225, 36.313853 ], [ -86.674258, 36.313907 ], [ -86.674312, 36.314018 ], [ -86.674343, 36.314154 ], [ -86.674365, 36.314326 ], [ -86.674374, 36.314394 ], [ -86.674379, 36.314432 ], [ -86.674392, 36.314561 ], [ -86.674395, 36.314589 ], [ -86.67439, 36.314894 ], [ -86.674404, 36.315076 ], [ -86.674407, 36.315123 ], [ -86.674449, 36.315392 ], [ -86.674571, 36.315769 ], [ -86.674771, 36.316061 ], [ -86.674793, 36.316094 ], [ -86.674903, 36.316185 ], [ -86.674793, 36.316224 ], [ -86.674921, 36.316309 ], [ -86.674988, 36.316353 ], [ -86.675121, 36.316409 ], [ -86.675206, 36.316442 ], [ -86.675247, 36.316456 ], [ -86.675307, 36.316466 ], [ -86.675349, 36.316474 ], [ -86.675468, 36.31648 ], [ -86.675616, 36.316466 ], [ -86.675823, 36.316396 ], [ -86.676131, 36.316198 ], [ -86.676445, 36.316008 ], [ -86.676566, 36.315975 ], [ -86.676804, 36.315955 ], [ -86.67712, 36.316061 ], [ -86.677582, 36.316312 ], [ -86.677964, 36.316505 ], [ -86.678029, 36.316539 ], [ -86.678193, 36.316621 ], [ -86.678247, 36.316644 ], [ -86.678316, 36.316643 ], [ -86.678387, 36.316633 ], [ -86.678456, 36.316637 ], [ -86.678586, 36.316656 ], [ -86.678717, 36.316548 ], [ -86.678744, 36.316598 ], [ -86.678772, 36.316632 ], [ -86.678803, 36.316662 ], [ -86.678895, 36.316735 ], [ -86.678914, 36.316487 ], [ -86.67913, 36.316264 ], [ -86.679173, 36.31623 ], [ -86.679216, 36.31621 ], [ -86.679281, 36.316205 ], [ -86.679385, 36.316217 ], [ -86.679494, 36.316184 ], [ -86.679622, 36.316128 ], [ -86.679761, 36.316109 ], [ -86.679863, 36.316086 ], [ -86.680028, 36.315997 ], [ -86.680149, 36.315947 ], [ -86.680288, 36.315862 ], [ -86.680375, 36.31585 ], [ -86.680445, 36.315877 ], [ -86.680559, 36.315943 ], [ -86.680598, 36.315954 ], [ -86.683548, 36.316866 ], [ -86.684127, 36.31702 ], [ -86.685331, 36.317397 ], [ -86.685466, 36.317518 ], [ -86.686186, 36.31765 ], [ -86.686684, 36.317789 ], [ -86.686995, 36.317924 ], [ -86.687374, 36.318183 ], [ -86.687387, 36.3182 ], [ -86.687439, 36.318245 ], [ -86.687508, 36.318363 ], [ -86.688418, 36.31991 ], [ -86.691558, 36.320714 ], [ -86.691578, 36.320718 ], [ -86.691829, 36.320866 ], [ -86.692087, 36.321042 ], [ -86.692346, 36.321092 ], [ -86.692638, 36.321147 ], [ -86.693025, 36.321174 ], [ -86.693942, 36.32113 ], [ -86.694349, 36.321185 ], [ -86.694831, 36.321306 ], [ -86.695239, 36.321377 ], [ -86.695544, 36.32135 ], [ -86.696081, 36.321355 ], [ -86.696318, 36.321421 ], [ -86.69657, 36.321559 ], [ -86.696869, 36.321756 ], [ -86.697181, 36.321921 ], [ -86.697419, 36.322152 ], [ -86.697555, 36.322377 ], [ -86.697684, 36.322685 ], [ -86.697711, 36.323097 ], [ -86.697684, 36.323405 ], [ -86.697616, 36.323515 ], [ -86.697297, 36.323806 ], [ -86.696957, 36.324087 ], [ -86.696726, 36.324307 ], [ -86.69655, 36.324603 ], [ -86.696448, 36.324917 ], [ -86.696407, 36.325241 ], [ -86.69655, 36.325944 ], [ -86.696645, 36.326219 ], [ -86.69674, 36.32645 ], [ -86.696876, 36.32673 ], [ -86.697114, 36.326944 ], [ -86.697385, 36.327098 ], [ -86.697739, 36.32717 ], [ -86.698139, 36.327181 ], [ -86.698486, 36.327192 ], [ -86.698723, 36.327296 ], [ -86.699022, 36.327505 ], [ -86.699304, 36.327723 ], [ -86.699322, 36.327737 ], [ -86.699669, 36.327924 ], [ -86.700214, 36.328108 ], [ -86.700499, 36.328058 ], [ -86.701134, 36.327806 ], [ -86.70152, 36.32762 ], [ -86.701898, 36.327411 ], [ -86.702376, 36.327243 ], [ -86.702782, 36.327189 ], [ -86.702966, 36.327206 ], [ -86.703036, 36.327213 ], [ -86.703328, 36.327307 ], [ -86.703559, 36.327449 ], [ -86.703709, 36.327559 ], [ -86.703939, 36.327752 ], [ -86.704177, 36.327977 ], [ -86.704501, 36.328447 ], [ -86.704687, 36.328658 ], [ -86.704897, 36.328779 ], [ -86.706011, 36.329004 ], [ -86.70631, 36.329136 ], [ -86.706494, 36.329268 ], [ -86.706643, 36.329411 ], [ -86.706691, 36.329526 ], [ -86.706759, 36.329746 ], [ -86.706881, 36.329977 ], [ -86.706983, 36.330213 ], [ -86.707119, 36.330631 ], [ -86.707165, 36.330696 ], [ -86.707255, 36.330823 ], [ -86.707425, 36.33112 ], [ -86.707533, 36.33134 ], [ -86.707567, 36.33162 ], [ -86.707493, 36.331774 ], [ -86.707323, 36.331999 ], [ -86.707228, 36.332329 ], [ -86.707208, 36.332642 ], [ -86.707235, 36.332994 ], [ -86.707394, 36.333256 ], [ -86.70752, 36.333461 ], [ -86.707704, 36.333697 ], [ -86.707819, 36.333873 ], [ -86.707962, 36.333972 ], [ -86.708145, 36.333961 ], [ -86.708498, 36.33384 ], [ -86.70877, 36.333719 ], [ -86.709076, 36.333626 ], [ -86.70918, 36.333613 ], [ -86.709508, 36.333571 ], [ -86.709697, 36.333606 ], [ -86.709716, 36.33361 ], [ -86.709781, 36.333615 ], [ -86.709929, 36.333657 ], [ -86.710074, 36.333726 ], [ -86.710376, 36.334004 ], [ -86.710723, 36.334259 ], [ -86.711076, 36.334445 ], [ -86.711495, 36.334613 ], [ -86.712021, 36.334733 ], [ -86.712496, 36.334797 ], [ -86.712821, 36.3349 ], [ -86.713095, 36.335027 ], [ -86.713687, 36.335521 ], [ -86.713983, 36.335807 ], [ -86.714272, 36.335992 ], [ -86.714502, 36.336049 ], [ -86.714863, 36.336177 ], [ -86.715259, 36.336362 ], [ -86.715455, 36.336507 ], [ -86.715851, 36.336856 ], [ -86.716047, 36.337117 ], [ -86.716344, 36.337624 ], [ -86.716553, 36.337815 ], [ -86.716591, 36.337845 ], [ -86.716793, 36.338004 ], [ -86.716986, 36.338177 ], [ -86.717128, 36.338347 ], [ -86.717262, 36.33851 ], [ -86.717578, 36.33884 ], [ -86.717588, 36.33885 ], [ -86.717758, 36.338971 ], [ -86.717771, 36.338974 ], [ -86.717813, 36.338983 ], [ -86.717827, 36.338987 ], [ -86.717936, 36.339013 ], [ -86.718059, 36.339041 ], [ -86.71818, 36.33907 ], [ -86.71839, 36.339169 ], [ -86.718662, 36.339345 ], [ -86.718689, 36.33937 ], [ -86.718866, 36.339532 ], [ -86.718941, 36.339707 ], [ -86.718938, 36.339731 ], [ -86.718934, 36.339779 ], [ -86.719097, 36.340059 ], [ -86.719297, 36.340243 ], [ -86.719342, 36.340284 ], [ -86.719464, 36.340379 ], [ -86.719553, 36.340449 ], [ -86.719715, 36.340576 ], [ -86.719818, 36.340667 ], [ -86.719904, 36.340743 ], [ -86.719919, 36.340757 ], [ -86.720053, 36.340918 ], [ -86.720157, 36.341043 ], [ -86.720516, 36.341431 ], [ -86.720673, 36.341601 ], [ -86.720959, 36.341911 ], [ -86.721054, 36.342076 ], [ -86.721058, 36.342102 ], [ -86.721095, 36.342345 ], [ -86.721129, 36.34268 ], [ -86.72119, 36.342993 ], [ -86.721299, 36.343329 ], [ -86.72149, 36.343719 ], [ -86.721636, 36.343893 ], [ -86.722047, 36.344383 ], [ -86.722081, 36.344713 ], [ -86.722006, 36.344939 ], [ -86.722054, 36.345048 ], [ -86.722129, 36.34512 ], [ -86.722185, 36.34516 ], [ -86.722299, 36.345241 ], [ -86.722312, 36.345483 ], [ -86.722197, 36.345598 ], [ -86.721762, 36.345648 ], [ -86.721626, 36.345697 ], [ -86.721586, 36.345812 ], [ -86.721715, 36.345972 ], [ -86.722122, 36.346175 ], [ -86.722313, 36.346307 ], [ -86.722428, 36.346477 ], [ -86.722409, 36.346523 ], [ -86.722367, 36.346631 ], [ -86.722394, 36.346889 ], [ -86.722598, 36.347109 ], [ -86.722904, 36.347301 ], [ -86.723244, 36.347488 ], [ -86.723495, 36.34768 ], [ -86.723618, 36.347867 ], [ -86.723672, 36.348032 ], [ -86.723679, 36.348323 ], [ -86.723672, 36.348347 ], [ -86.723632, 36.348488 ], [ -86.722993, 36.349335 ], [ -86.722898, 36.349593 ], [ -86.722824, 36.349857 ], [ -86.722763, 36.350148 ], [ -86.722722, 36.35067 ], [ -86.722768, 36.351313 ], [ -86.722791, 36.351627 ], [ -86.722879, 36.351775 ], [ -86.723049, 36.35194 ], [ -86.723436, 36.352225 ], [ -86.723586, 36.352401 ], [ -86.723695, 36.352583 ], [ -86.723851, 36.352797 ], [ -86.724055, 36.352962 ], [ -86.724306, 36.353115 ], [ -86.72468, 36.353429 ], [ -86.724775, 36.353571 ], [ -86.724905, 36.353995 ], [ -86.724803, 36.354242 ], [ -86.724782, 36.35439 ], [ -86.72483, 36.354491 ], [ -86.724837, 36.354506 ], [ -86.724946, 36.354687 ], [ -86.724939, 36.354792 ], [ -86.724905, 36.354907 ], [ -86.72483, 36.355072 ], [ -86.72483, 36.355209 ], [ -86.725068, 36.355462 ], [ -86.725068, 36.355621 ], [ -86.725007, 36.355946 ], [ -86.724994, 36.356253 ], [ -86.725035, 36.356869 ], [ -86.725069, 36.35716 ], [ -86.725042, 36.35738 ], [ -86.724956, 36.357736 ], [ -86.725835, 36.359994 ], [ -86.725846, 36.360023 ], [ -86.726126, 36.360741 ], [ -86.72619, 36.360906 ], [ -86.726192, 36.360972 ], [ -86.726138, 36.361045 ], [ -86.725934, 36.361238 ], [ -86.725696, 36.36143 ], [ -86.725499, 36.361623 ], [ -86.725397, 36.361842 ], [ -86.725384, 36.362002 ], [ -86.725438, 36.362392 ], [ -86.72552, 36.362628 ], [ -86.725534, 36.362837 ], [ -86.725432, 36.363348 ], [ -86.725459, 36.363612 ], [ -86.725527, 36.363898 ], [ -86.725636, 36.364277 ], [ -86.725732, 36.364535 ], [ -86.725779, 36.364695 ], [ -86.725868, 36.364898 ], [ -86.726201, 36.365497 ], [ -86.726269, 36.36575 ], [ -86.726344, 36.365958 ], [ -86.726371, 36.366173 ], [ -86.726337, 36.366447 ], [ -86.726317, 36.366755 ], [ -86.726311, 36.367206 ], [ -86.726413, 36.367453 ], [ -86.726576, 36.367805 ], [ -86.72661, 36.367975 ], [ -86.72663, 36.368624 ], [ -86.726665, 36.368849 ], [ -86.72678, 36.369184 ], [ -86.727046, 36.369871 ], [ -86.727216, 36.370168 ], [ -86.727345, 36.370525 ], [ -86.72742, 36.370954 ], [ -86.727488, 36.371146 ], [ -86.727502, 36.371454 ], [ -86.72742, 36.371767 ], [ -86.72742, 36.37208 ], [ -86.727529, 36.372316 ], [ -86.72772, 36.372459 ], [ -86.727876, 36.372641 ], [ -86.728298, 36.373031 ], [ -86.728372, 36.373106 ], [ -86.728484, 36.373224 ], [ -86.728549, 36.373382 ], [ -86.728597, 36.373597 ], [ -86.728605, 36.373697 ], [ -86.728619, 36.373861 ], [ -86.728624, 36.373926 ], [ -86.728614, 36.374238 ], [ -86.728611, 36.374366 ], [ -86.728571, 36.375049 ], [ -86.728561, 36.375372 ], [ -86.728558, 36.375472 ], [ -86.728599, 36.375637 ], [ -86.728626, 36.375742 ], [ -86.728715, 36.375875 ], [ -86.728776, 36.375967 ], [ -86.729054, 36.376213 ], [ -86.729187, 36.376303 ], [ -86.729217, 36.376324 ], [ -86.729415, 36.376555 ], [ -86.729474, 36.376684 ], [ -86.729632, 36.377027 ], [ -86.729837, 36.377742 ], [ -86.729852, 36.377844 ], [ -86.729886, 36.378066 ], [ -86.729912, 36.378236 ], [ -86.729934, 36.378547 ], [ -86.729946, 36.37872 ], [ -86.729988, 36.378888 ], [ -86.730075, 36.379231 ], [ -86.730069, 36.379605 ], [ -86.730108, 36.379918 ], [ -86.730151, 36.380264 ], [ -86.730236, 36.380454 ], [ -86.730334, 36.380671 ], [ -86.730375, 36.38083 ], [ -86.730413, 36.381052 ], [ -86.73045, 36.381259 ], [ -86.730611, 36.381529 ], [ -86.730682, 36.381649 ], [ -86.731049, 36.382165 ], [ -86.731176, 36.382282 ], [ -86.731409, 36.382495 ], [ -86.731736, 36.382632 ], [ -86.732028, 36.382835 ], [ -86.732375, 36.383192 ], [ -86.732688, 36.383659 ], [ -86.732783, 36.383962 ], [ -86.732804, 36.384396 ], [ -86.73296, 36.385061 ], [ -86.733097, 36.385335 ], [ -86.73343, 36.385835 ], [ -86.733987, 36.386231 ], [ -86.734552, 36.386868 ], [ -86.734651, 36.386988 ], [ -86.735113, 36.387319 ], [ -86.73514, 36.387349 ], [ -86.73516, 36.387372 ], [ -86.735187, 36.387391 ], [ -86.735213, 36.387411 ], [ -86.735263, 36.387453 ], [ -86.735333, 36.387519 ], [ -86.735396, 36.38759 ], [ -86.735451, 36.387665 ], [ -86.735497, 36.387744 ], [ -86.735558, 36.387842 ], [ -86.735641, 36.387956 ], [ -86.735703, 36.388028 ], [ -86.735765, 36.388094 ], [ -86.735831, 36.388157 ], [ -86.735901, 36.388218 ], [ -86.735974, 36.388275 ], [ -86.736051, 36.388329 ], [ -86.736104, 36.388364 ], [ -86.736153, 36.388404 ], [ -86.736227, 36.388465 ], [ -86.736302, 36.388525 ], [ -86.736378, 36.388584 ], [ -86.736454, 36.388642 ], [ -86.736531, 36.388701 ], [ -86.736583, 36.388739 ], [ -86.736635, 36.388777 ], [ -86.736687, 36.388815 ], [ -86.736715, 36.388831 ], [ -86.736744, 36.388847 ], [ -86.736801, 36.388878 ], [ -86.736859, 36.388909 ], [ -86.736918, 36.388939 ], [ -86.736977, 36.388968 ], [ -86.737097, 36.389023 ], [ -86.737189, 36.389063 ], [ -86.737282, 36.389101 ], [ -86.737313, 36.389113 ], [ -86.737344, 36.389125 ], [ -86.737375, 36.389137 ], [ -86.737407, 36.389149 ], [ -86.737438, 36.38916 ], [ -86.73747, 36.389171 ], [ -86.737502, 36.389183 ], [ -86.737534, 36.389193 ], [ -86.737566, 36.389204 ], [ -86.737598, 36.389215 ], [ -86.73763, 36.389225 ], [ -86.737663, 36.389235 ], [ -86.737695, 36.389245 ], [ -86.737727, 36.389254 ], [ -86.73776, 36.389264 ], [ -86.737793, 36.389273 ], [ -86.737826, 36.389282 ], [ -86.737858, 36.389291 ], [ -86.737891, 36.389299 ], [ -86.737924, 36.389308 ], [ -86.737958, 36.389316 ], [ -86.737991, 36.389324 ], [ -86.738024, 36.389331 ], [ -86.738058, 36.389339 ], [ -86.738091, 36.389347 ], [ -86.738124, 36.389355 ], [ -86.738156, 36.389364 ], [ -86.738189, 36.389374 ], [ -86.738222, 36.389384 ], [ -86.738254, 36.389394 ], [ -86.738286, 36.389405 ], [ -86.738317, 36.389417 ], [ -86.738349, 36.389427 ], [ -86.73838, 36.38944 ], [ -86.738411, 36.389452 ], [ -86.738442, 36.389465 ], [ -86.738472, 36.389478 ], [ -86.738503, 36.389492 ], [ -86.738533, 36.389506 ], [ -86.738562, 36.389521 ], [ -86.738591, 36.389536 ], [ -86.738619, 36.389554 ], [ -86.738649, 36.389567 ], [ -86.738677, 36.389583 ], [ -86.738705, 36.389599 ], [ -86.738733, 36.389616 ], [ -86.73876, 36.389633 ], [ -86.738813, 36.389668 ], [ -86.738867, 36.389709 ], [ -86.738916, 36.389744 ], [ -86.739098, 36.389875 ], [ -86.73916, 36.389926 ], [ -86.73922, 36.389962 ], [ -86.739291, 36.389995 ], [ -86.739395, 36.390045 ], [ -86.739482, 36.390086 ], [ -86.739553, 36.390112 ], [ -86.739591, 36.390147 ], [ -86.739624, 36.39018 ], [ -86.73966, 36.390197 ], [ -86.739711, 36.390208 ], [ -86.739758, 36.390225 ], [ -86.739804, 36.390253 ], [ -86.739829, 36.390279 ], [ -86.739839, 36.390288 ], [ -86.739867, 36.390314 ], [ -86.73996, 36.390378 ], [ -86.740009, 36.390412 ], [ -86.740059, 36.390439 ], [ -86.740097, 36.390465 ], [ -86.740132, 36.390486 ], [ -86.740155, 36.390526 ], [ -86.740169, 36.390572 ], [ -86.740196, 36.390635 ], [ -86.740205, 36.390671 ], [ -86.740213, 36.390717 ], [ -86.740241, 36.390765 ], [ -86.74028, 36.390817 ], [ -86.740315, 36.390865 ], [ -86.740353, 36.390933 ], [ -86.740415, 36.391014 ], [ -86.740439, 36.391049 ], [ -86.740462, 36.391097 ], [ -86.740465, 36.391139 ], [ -86.740469, 36.391153 ], [ -86.740487, 36.391209 ], [ -86.740496, 36.39124 ], [ -86.740507, 36.391271 ], [ -86.740484, 36.391423 ], [ -86.740468, 36.391508 ], [ -86.74046, 36.391552 ], [ -86.74045, 36.391607 ], [ -86.740434, 36.391647 ], [ -86.740451, 36.391669 ], [ -86.740451, 36.391735 ], [ -86.740484, 36.391787 ], [ -86.740526, 36.39184 ], [ -86.740542, 36.391871 ], [ -86.740581, 36.391912 ], [ -86.740611, 36.39196 ], [ -86.740617, 36.392017 ], [ -86.740628, 36.392037 ], [ -86.740631, 36.392094 ], [ -86.740643, 36.392138 ], [ -86.740659, 36.392162 ], [ -86.740659, 36.392186 ], [ -86.74067, 36.392213 ], [ -86.740671, 36.392263 ], [ -86.74065, 36.392338 ], [ -86.740651, 36.392435 ], [ -86.740649, 36.392485 ], [ -86.740636, 36.39254 ], [ -86.740638, 36.392583 ], [ -86.740639, 36.392604 ], [ -86.740636, 36.392643 ], [ -86.740631, 36.392672 ], [ -86.740632, 36.392707 ], [ -86.740637, 36.392736 ], [ -86.74064, 36.392771 ], [ -86.740638, 36.392802 ], [ -86.740701, 36.392874 ], [ -86.740742, 36.392893 ], [ -86.740794, 36.392902 ], [ -86.740846, 36.392928 ], [ -86.740884, 36.392941 ], [ -86.740917, 36.392954 ], [ -86.74096, 36.392962 ], [ -86.740985, 36.392962 ], [ -86.741023, 36.392966 ], [ -86.741066, 36.392973 ], [ -86.741113, 36.392988 ], [ -86.741151, 36.393005 ], [ -86.741214, 36.393033 ], [ -86.741241, 36.393062 ], [ -86.741263, 36.39308 ], [ -86.741307, 36.393123 ], [ -86.741334, 36.393156 ], [ -86.741343, 36.393184 ], [ -86.741338, 36.393217 ], [ -86.741346, 36.393276 ], [ -86.74136, 36.393298 ], [ -86.741366, 36.393342 ], [ -86.741358, 36.393393 ], [ -86.74137, 36.39343 ], [ -86.741367, 36.393452 ], [ -86.741365, 36.393478 ], [ -86.741351, 36.393529 ], [ -86.741341, 36.393571 ], [ -86.741341, 36.393591 ], [ -86.741333, 36.393626 ], [ -86.741328, 36.393663 ], [ -86.741312, 36.393685 ], [ -86.741296, 36.393712 ], [ -86.741275, 36.393769 ], [ -86.741235, 36.393846 ], [ -86.741213, 36.393871 ], [ -86.741184, 36.39393 ], [ -86.741187, 36.393998 ], [ -86.741196, 36.394031 ], [ -86.741221, 36.394073 ], [ -86.741234, 36.394095 ], [ -86.741275, 36.394103 ], [ -86.741305, 36.394127 ], [ -86.741333, 36.394151 ], [ -86.74136, 36.39416 ], [ -86.741402, 36.394234 ], [ -86.741418, 36.394267 ], [ -86.741432, 36.394293 ], [ -86.741446, 36.394317 ], [ -86.741454, 36.394339 ], [ -86.74146, 36.39437 ], [ -86.741466, 36.394405 ], [ -86.741474, 36.39444 ], [ -86.74148, 36.394471 ], [ -86.741486, 36.394504 ], [ -86.741491, 36.394539 ], [ -86.741489, 36.394572 ], [ -86.741497, 36.394596 ], [ -86.7415, 36.394623 ], [ -86.741503, 36.394658 ], [ -86.741506, 36.394675 ], [ -86.741507, 36.39471 ], [ -86.741504, 36.39473 ], [ -86.741504, 36.394754 ], [ -86.741499, 36.394794 ], [ -86.741497, 36.394836 ], [ -86.741492, 36.394866 ], [ -86.741484, 36.394906 ], [ -86.741466, 36.39497 ], [ -86.74145, 36.395021 ], [ -86.74142, 36.395071 ], [ -86.741416, 36.395146 ], [ -86.741416, 36.395192 ], [ -86.741407, 36.395223 ], [ -86.741397, 36.395247 ], [ -86.741397, 36.395282 ], [ -86.741799, 36.396342 ], [ -86.741795, 36.396373 ], [ -86.74174, 36.396778 ], [ -86.741679, 36.397296 ], [ -86.741674, 36.397337 ], [ -86.741712, 36.397346 ], [ -86.743483, 36.397743 ], [ -86.743508, 36.397728 ], [ -86.74356, 36.397693 ], [ -86.743603, 36.397708 ], [ -86.743631, 36.397723 ], [ -86.743656, 36.397776 ], [ -86.743686, 36.397826 ], [ -86.7437, 36.397846 ], [ -86.743716, 36.397868 ], [ -86.743744, 36.397896 ], [ -86.743763, 36.397909 ], [ -86.74379, 36.397929 ], [ -86.743812, 36.397942 ], [ -86.743845, 36.397946 ], [ -86.743913, 36.397983 ], [ -86.744039, 36.398033 ], [ -86.744069, 36.398066 ], [ -86.74408, 36.398099 ], [ -86.744094, 36.398123 ], [ -86.744119, 36.398187 ], [ -86.744122, 36.398213 ], [ -86.744128, 36.398248 ], [ -86.744131, 36.398336 ], [ -86.744159, 36.398366 ], [ -86.744216, 36.398432 ], [ -86.744276, 36.398464 ], [ -86.744438, 36.398586 ], [ -86.744484, 36.398608 ], [ -86.744525, 36.398643 ], [ -86.744556, 36.398678 ], [ -86.744602, 36.398728 ], [ -86.744674, 36.398807 ], [ -86.744687, 36.398845 ], [ -86.744696, 36.398873 ], [ -86.744713, 36.398952 ], [ -86.744893, 36.3991 ], [ -86.744913, 36.399098 ], [ -86.744978, 36.39908 ], [ -86.745038, 36.399049 ], [ -86.745105, 36.399042 ], [ -86.745209, 36.399052 ], [ -86.745241, 36.39906 ], [ -86.745312, 36.399095 ], [ -86.745383, 36.399128 ], [ -86.745446, 36.399178 ], [ -86.745474, 36.399208 ], [ -86.745493, 36.399222 ], [ -86.745545, 36.39927 ], [ -86.745586, 36.399307 ], [ -86.74563, 36.399339 ], [ -86.745661, 36.399368 ], [ -86.745734, 36.399405 ], [ -86.745756, 36.399415 ], [ -86.745832, 36.399463 ], [ -86.745852, 36.399481 ], [ -86.745896, 36.399522 ], [ -86.745978, 36.399575 ], [ -86.74606, 36.399644 ], [ -86.746118, 36.399734 ], [ -86.746116, 36.399818 ], [ -86.746106, 36.399899 ], [ -86.746095, 36.399963 ], [ -86.746088, 36.400044 ], [ -86.74609, 36.400093 ], [ -86.745945, 36.401196 ], [ -86.745693, 36.403097 ], [ -86.74588, 36.403204 ], [ -86.746122, 36.403341 ], [ -86.746153, 36.403359 ], [ -86.747306, 36.404017 ], [ -86.748493, 36.404694 ], [ -86.750048, 36.404579 ], [ -86.750135, 36.404588 ], [ -86.750235, 36.404612 ], [ -86.750511, 36.40466 ], [ -86.750592, 36.404638 ], [ -86.750736, 36.404637 ], [ -86.750829, 36.404689 ], [ -86.750941, 36.404726 ], [ -86.751042, 36.404751 ], [ -86.751135, 36.404788 ], [ -86.751229, 36.404793 ], [ -86.751281, 36.404783 ], [ -86.751352, 36.404763 ], [ -86.75143, 36.404729 ], [ -86.751476, 36.404709 ], [ -86.751598, 36.404667 ], [ -86.751663, 36.404633 ], [ -86.751731, 36.404613 ], [ -86.751829, 36.404593 ], [ -86.75191, 36.404579 ], [ -86.751994, 36.404556 ], [ -86.752178, 36.404467 ], [ -86.752304, 36.404412 ], [ -86.752986, 36.404362 ], [ -86.753895, 36.404295 ], [ -86.754795, 36.405496 ] ] ] } },
{ "type": "Feature", "properties": { "district_num": "44" }, "geometry": { "type": "Polygon", "coordinates": [ [ [ -86.679604, 36.440785 ], [ -86.678871, 36.442631 ], [ -86.678748, 36.442941 ], [ -86.678625, 36.443249 ], [ -86.678411, 36.443788 ], [ -86.67838, 36.443867 ], [ -86.67837, 36.443892 ], [ -86.678228, 36.444246 ], [ -86.67818, 36.444371 ], [ -86.678098, 36.444575 ], [ -86.678092, 36.444593 ], [ -86.677614, 36.445781 ], [ -86.677524, 36.445998 ], [ -86.677254, 36.446652 ], [ -86.677165, 36.44687 ], [ -86.67708, 36.447088 ], [ -86.676946, 36.447437 ], [ -86.676809, 36.447738 ], [ -86.676712, 36.447952 ], [ -86.676655, 36.448067 ], [ -86.676588, 36.448207 ], [ -86.676473, 36.448405 ], [ -86.676409, 36.448517 ], [ -86.676344, 36.448622 ], [ -86.676308, 36.448683 ], [ -86.676225, 36.448807 ], [ -86.676135, 36.448929 ], [ -86.676062, 36.449029 ], [ -86.676042, 36.449053 ], [ -86.675985, 36.449127 ], [ -86.675966, 36.449152 ], [ -86.675848, 36.449306 ], [ -86.675834, 36.449325 ], [ -86.675703, 36.449487 ], [ -86.675604, 36.449602 ], [ -86.675523, 36.449699 ], [ -86.675473, 36.449752 ], [ -86.675341, 36.449895 ], [ -86.675239, 36.450001 ], [ -86.67485, 36.450371 ], [ -86.6742, 36.45099 ], [ -86.673605, 36.451545 ], [ -86.673507, 36.451631 ], [ -86.673232, 36.451875 ], [ -86.673179, 36.451924 ], [ -86.672828, 36.452246 ], [ -86.672607, 36.452448 ], [ -86.668115, 36.456613 ], [ -86.666472, 36.458143 ], [ -86.666397, 36.458211 ], [ -86.665133, 36.459346 ], [ -86.664615, 36.459809 ], [ -86.664374, 36.460026 ], [ -86.664021, 36.46033 ], [ -86.663264, 36.460985 ], [ -86.66313, 36.461101 ], [ -86.662965, 36.461242 ], [ -86.662812, 36.461375 ], [ -86.662737, 36.461439 ], [ -86.662615, 36.461548 ], [ -86.662405, 36.461719 ], [ -86.662228, 36.461865 ], [ -86.661775, 36.462235 ], [ -86.661566, 36.462408 ], [ -86.661391, 36.462551 ], [ -86.660866, 36.462981 ], [ -86.660692, 36.463125 ], [ -86.660301, 36.463434 ], [ -86.659967, 36.4637 ], [ -86.659131, 36.464363 ], [ -86.659102, 36.464387 ], [ -86.659091, 36.464396 ], [ -86.659057, 36.464422 ], [ -86.658737, 36.464668 ], [ -86.658723, 36.464678 ], [ -86.658679, 36.464703 ], [ -86.658669, 36.464721 ], [ -86.658656, 36.464731 ], [ -86.658428, 36.464901 ], [ -86.658106, 36.465142 ], [ -86.657896, 36.465286 ], [ -86.657697, 36.46543 ], [ -86.657682, 36.465442 ], [ -86.657458, 36.465612 ], [ -86.656766, 36.466135 ], [ -86.656429, 36.466391 ], [ -86.655035, 36.467392 ], [ -86.654661, 36.467661 ], [ -86.653959, 36.468168 ], [ -86.65388, 36.468227 ], [ -86.653644, 36.468403 ], [ -86.653566, 36.468463 ], [ -86.653469, 36.468527 ], [ -86.653231, 36.468685 ], [ -86.653181, 36.468718 ], [ -86.653085, 36.468783 ], [ -86.652876, 36.468955 ], [ -86.652773, 36.469046 ], [ -86.652675, 36.469134 ], [ -86.652495, 36.469306 ], [ -86.652325, 36.469489 ], [ -86.652168, 36.469693 ], [ -86.652045, 36.469861 ], [ -86.651973, 36.469968 ], [ -86.651919, 36.470051 ], [ -86.651764, 36.470319 ], [ -86.651636, 36.470543 ], [ -86.651569, 36.470659 ], [ -86.650984, 36.471678 ], [ -86.650933, 36.471767 ], [ -86.650789, 36.472019 ], [ -86.650609, 36.472332 ], [ -86.650423, 36.472656 ], [ -86.650077, 36.473276 ], [ -86.650003, 36.473411 ], [ -86.649899, 36.473591 ], [ -86.649781, 36.473801 ], [ -86.649429, 36.474433 ], [ -86.649312, 36.474644 ], [ -86.649254, 36.47475 ], [ -86.649152, 36.474927 ], [ -86.648739, 36.47565 ], [ -86.648668, 36.475773 ], [ -86.648507, 36.476055 ], [ -86.648489, 36.476083 ], [ -86.648437, 36.47617 ], [ -86.64842, 36.476199 ], [ -86.648045, 36.476863 ], [ -86.648006, 36.476933 ], [ -86.646917, 36.478856 ], [ -86.646817, 36.479034 ], [ -86.646533, 36.479515 ], [ -86.646503, 36.479572 ], [ -86.646413, 36.479746 ], [ -86.646384, 36.479804 ], [ -86.646274, 36.480014 ], [ -86.646253, 36.480056 ], [ -86.646153, 36.480267 ], [ -86.646048, 36.480524 ], [ -86.646019, 36.480605 ], [ -86.645996, 36.480668 ], [ -86.645916, 36.480892 ], [ -86.645895, 36.480952 ], [ -86.645829, 36.481195 ], [ -86.64578, 36.481395 ], [ -86.645772, 36.481433 ], [ -86.645658, 36.482017 ], [ -86.64556, 36.483099 ], [ -86.645515, 36.483602 ], [ -86.64551, 36.483658 ], [ -86.645487, 36.483911 ], [ -86.645439, 36.484459 ], [ -86.645422, 36.484673 ], [ -86.645404, 36.484927 ], [ -86.645341, 36.485776 ], [ -86.645244, 36.486722 ], [ -86.645196, 36.487091 ], [ -86.645148, 36.48733 ], [ -86.645129, 36.487425 ], [ -86.645061, 36.487711 ], [ -86.645051, 36.487745 ], [ -86.645039, 36.487783 ], [ -86.645022, 36.487836 ], [ -86.644954, 36.488055 ], [ -86.644827, 36.488423 ], [ -86.644731, 36.488657 ], [ -86.644631, 36.488875 ], [ -86.644438, 36.489265 ], [ -86.643689, 36.49054 ], [ -86.643626, 36.490646 ], [ -86.643581, 36.490721 ], [ -86.643575, 36.490733 ], [ -86.643555, 36.490765 ], [ -86.643439, 36.490965 ], [ -86.643377, 36.491072 ], [ -86.643335, 36.491143 ], [ -86.643258, 36.491263 ], [ -86.643202, 36.491349 ], [ -86.64317, 36.491427 ], [ -86.643106, 36.491536 ], [ -86.642914, 36.491864 ], [ -86.642851, 36.491974 ], [ -86.642834, 36.492003 ], [ -86.642694, 36.492233 ], [ -86.642605, 36.492382 ], [ -86.642414, 36.4927 ], [ -86.642339, 36.492823 ], [ -86.642092, 36.493236 ], [ -86.642086, 36.493246 ], [ -86.641997, 36.493395 ], [ -86.641578, 36.494118 ], [ -86.641351, 36.494529 ], [ -86.641318, 36.494591 ], [ -86.641152, 36.494906 ], [ -86.641146, 36.494918 ], [ -86.641001, 36.495292 ], [ -86.640945, 36.495468 ], [ -86.640893, 36.495637 ], [ -86.640882, 36.495708 ], [ -86.640827, 36.495951 ], [ -86.640822, 36.49598 ], [ -86.640774, 36.496277 ], [ -86.640757, 36.496512 ], [ -86.640748, 36.496774 ], [ -86.64075, 36.496814 ], [ -86.640766, 36.497093 ], [ -86.640822, 36.497518 ], [ -86.640848, 36.497678 ], [ -86.64092, 36.498113 ], [ -86.641124, 36.499429 ], [ -86.641215, 36.500013 ], [ -86.641245, 36.500189 ], [ -86.641322, 36.500638 ], [ -86.641499, 36.501855 ], [ -86.641609, 36.502536 ], [ -86.641673, 36.502929 ], [ -86.641713, 36.503166 ], [ -86.641726, 36.503245 ], [ -86.641735, 36.503297 ], [ -86.641765, 36.503485 ], [ -86.641778, 36.503565 ], [ -86.641811, 36.503768 ], [ -86.641821, 36.503845 ], [ -86.641867, 36.504188 ], [ -86.642038, 36.505463 ], [ -86.642089, 36.506064 ], [ -86.642103, 36.506221 ], [ -86.642129, 36.506573 ], [ -86.642143, 36.506692 ], [ -86.642145, 36.506774 ], [ -86.642148, 36.50684 ], [ -86.642154, 36.507022 ], [ -86.642158, 36.507105 ], [ -86.642164, 36.507271 ], [ -86.642197, 36.50804 ], [ -86.642195, 36.508477 ], [ -86.642195, 36.508544 ], [ -86.642174, 36.509026 ], [ -86.642162, 36.509192 ], [ -86.642144, 36.509352 ], [ -86.642124, 36.509516 ], [ -86.642105, 36.509684 ], [ -86.642064, 36.509917 ], [ -86.641874, 36.510945 ], [ -86.641658, 36.511897 ], [ -86.641432, 36.512902 ], [ -86.641402, 36.513004 ], [ -86.640281, 36.516717 ], [ -86.640232, 36.516869 ], [ -86.640091, 36.517313 ], [ -86.640085, 36.517328 ], [ -86.640036, 36.517481 ], [ -86.639986, 36.517648 ], [ -86.639905, 36.517919 ], [ -86.639836, 36.518149 ], [ -86.639786, 36.518316 ], [ -86.639697, 36.518613 ], [ -86.639429, 36.519506 ], [ -86.639341, 36.519804 ], [ -86.639214, 36.520222 ], [ -86.638835, 36.521479 ], [ -86.63871, 36.521898 ], [ -86.638651, 36.522094 ], [ -86.638473, 36.522683 ], [ -86.638415, 36.52288 ], [ -86.638333, 36.523154 ], [ -86.63815, 36.523748 ], [ -86.637751, 36.525054 ], [ -86.637498, 36.525912 ], [ -86.637369, 36.526358 ], [ -86.637241, 36.526804 ], [ -86.637134, 36.527117 ], [ -86.637097, 36.527224 ], [ -86.637073, 36.527316 ], [ -86.637011, 36.527502 ], [ -86.636986, 36.527578 ], [ -86.63695, 36.527698 ], [ -86.636528, 36.529127 ], [ -86.636388, 36.529603 ], [ -86.636303, 36.529869 ], [ -86.635587, 36.532265 ], [ -86.635477, 36.53262 ], [ -86.635146, 36.533685 ], [ -86.635037, 36.534041 ], [ -86.634939, 36.534293 ], [ -86.634644, 36.53505 ], [ -86.634547, 36.535303 ], [ -86.634422, 36.535542 ], [ -86.634407, 36.535573 ], [ -86.634184, 36.536003 ], [ -86.634043, 36.536256 ], [ -86.633984, 36.536363 ], [ -86.633907, 36.536489 ], [ -86.633672, 36.536872 ], [ -86.633612, 36.536972 ], [ -86.633309, 36.537423 ], [ -86.633031, 36.537809 ], [ -86.632901, 36.537978 ], [ -86.63263, 36.538337 ], [ -86.632258, 36.538801 ], [ -86.631143, 36.540195 ], [ -86.630772, 36.54066 ], [ -86.630679, 36.540772 ], [ -86.630403, 36.54111 ], [ -86.630311, 36.541223 ], [ -86.630168, 36.541405 ], [ -86.62974, 36.541953 ], [ -86.629598, 36.542136 ], [ -86.629564, 36.542179 ], [ -86.629463, 36.542309 ], [ -86.629453, 36.542323 ], [ -86.629429, 36.542352 ], [ -86.629276, 36.542535 ], [ -86.62884, 36.543059 ], [ -86.628818, 36.543087 ], [ -86.628676, 36.543279 ], [ -86.628644, 36.543322 ], [ -86.628628, 36.543343 ], [ -86.628548, 36.54345 ], [ -86.628517, 36.543494 ], [ -86.628454, 36.543577 ], [ -86.628264, 36.543828 ], [ -86.628202, 36.543912 ], [ -86.628154, 36.543967 ], [ -86.62801, 36.544134 ], [ -86.627963, 36.54419 ], [ -86.627725, 36.544482 ], [ -86.627012, 36.545358 ], [ -86.626775, 36.545651 ], [ -86.626632, 36.54583 ], [ -86.626204, 36.546369 ], [ -86.626062, 36.546549 ], [ -86.625998, 36.546635 ], [ -86.625928, 36.54672 ], [ -86.625922, 36.546728 ], [ -86.62562, 36.547102 ], [ -86.62552, 36.547229 ], [ -86.625386, 36.547401 ], [ -86.625302, 36.547506 ], [ -86.625052, 36.547823 ], [ -86.624969, 36.547929 ], [ -86.62478, 36.548195 ], [ -86.624668, 36.54833 ], [ -86.62442, 36.548631 ], [ -86.624177, 36.548925 ], [ -86.623708, 36.54949 ], [ -86.623389, 36.549877 ], [ -86.622915, 36.550483 ], [ -86.622257, 36.551326 ], [ -86.621478, 36.552288 ], [ -86.621442, 36.552334 ], [ -86.620995, 36.552886 ], [ -86.620906, 36.552996 ], [ -86.620691, 36.55326 ], [ -86.620582, 36.553393 ], [ -86.619736, 36.554437 ], [ -86.619429, 36.554815 ], [ -86.619346, 36.554916 ], [ -86.618934, 36.555424 ], [ -86.618912, 36.55545 ], [ -86.618849, 36.555527 ], [ -86.618828, 36.555554 ], [ -86.618776, 36.555619 ], [ -86.61874, 36.555665 ], [ -86.616903, 36.557971 ], [ -86.616738, 36.558176 ], [ -86.616622, 36.558326 ], [ -86.616427, 36.558579 ], [ -86.615777, 36.559379 ], [ -86.614946, 36.560402 ], [ -86.612422, 36.563558 ], [ -86.61209, 36.563958 ], [ -86.611768, 36.564322 ], [ -86.611503, 36.564611 ], [ -86.611141, 36.56497 ], [ -86.609416, 36.566506 ], [ -86.608707, 36.567155 ], [ -86.606951, 36.568685 ], [ -86.606381, 36.569176 ], [ -86.606335, 36.569218 ], [ -86.606255, 36.569284 ], [ -86.606222, 36.569313 ], [ -86.605333, 36.570081 ], [ -86.60483, 36.570527 ], [ -86.604302, 36.571021 ], [ -86.603893, 36.57145 ], [ -86.603566, 36.571804 ], [ -86.602998, 36.572478 ], [ -86.602777, 36.572757 ], [ -86.602487, 36.573157 ], [ -86.60221, 36.573562 ], [ -86.601863, 36.574103 ], [ -86.601439, 36.574793 ], [ -86.601413, 36.574833 ], [ -86.601338, 36.574954 ], [ -86.601313, 36.574995 ], [ -86.600822, 36.575781 ], [ -86.599349, 36.578139 ], [ -86.598858, 36.578925 ], [ -86.598587, 36.579357 ], [ -86.598478, 36.579538 ], [ -86.598249, 36.579912 ], [ -86.597906, 36.58047 ], [ -86.597791, 36.580664 ], [ -86.597534, 36.581105 ], [ -86.59748, 36.581197 ], [ -86.597326, 36.581471 ], [ -86.597125, 36.581832 ], [ -86.596969, 36.582143 ], [ -86.596742, 36.582594 ], [ -86.596554, 36.582971 ], [ -86.59636, 36.58335 ], [ -86.595893, 36.584291 ], [ -86.595187, 36.585714 ], [ -86.595051, 36.585983 ], [ -86.595014, 36.586053 ], [ -86.594279, 36.587529 ], [ -86.594027, 36.587987 ], [ -86.593821, 36.588341 ], [ -86.593613, 36.588674 ], [ -86.593492, 36.588847 ], [ -86.593415, 36.588956 ], [ -86.593216, 36.58924 ], [ -86.592949, 36.589607 ], [ -86.592833, 36.589782 ], [ -86.592824, 36.589805 ], [ -86.59263, 36.590088 ], [ -86.592526, 36.590242 ], [ -86.592394, 36.59044 ], [ -86.592352, 36.590505 ], [ -86.592214, 36.590704 ], [ -86.592206, 36.590717 ], [ -86.592114, 36.590859 ], [ -86.592083, 36.590908 ], [ -86.591907, 36.59115 ], [ -86.591479, 36.591756 ], [ -86.591371, 36.59191 ], [ -86.591046, 36.592374 ], [ -86.590939, 36.592529 ], [ -86.590571, 36.593054 ], [ -86.590013, 36.593853 ], [ -86.589483, 36.594639 ], [ -86.589126, 36.595171 ], [ -86.58902, 36.595323 ], [ -86.588995, 36.59536 ], [ -86.588728, 36.595749 ], [ -86.588705, 36.595781 ], [ -86.588601, 36.595934 ], [ -86.588538, 36.596024 ], [ -86.58839, 36.596239 ], [ -86.588351, 36.596294 ], [ -86.588289, 36.596384 ], [ -86.588242, 36.596451 ], [ -86.588101, 36.596652 ], [ -86.588055, 36.59672 ], [ -86.587355, 36.597726 ], [ -86.587159, 36.598009 ], [ -86.585254, 36.600747 ], [ -86.584554, 36.601754 ], [ -86.584333, 36.602073 ], [ -86.584086, 36.602432 ], [ -86.583947, 36.602639 ], [ -86.583676, 36.603035 ], [ -86.583458, 36.603357 ], [ -86.583074, 36.603919 ], [ -86.583066, 36.603932 ], [ -86.582109, 36.605281 ], [ -86.5819, 36.605587 ], [ -86.581517, 36.60615 ], [ -86.581034, 36.606837 ], [ -86.580356, 36.607806 ], [ -86.579594, 36.608906 ], [ -86.579117, 36.609597 ], [ -86.578875, 36.609942 ], [ -86.578148, 36.61098 ], [ -86.577907, 36.611327 ], [ -86.577722, 36.611601 ], [ -86.577168, 36.612425 ], [ -86.576984, 36.6127 ], [ -86.576454, 36.613466 ], [ -86.574865, 36.615765 ], [ -86.574336, 36.616532 ], [ -86.574013, 36.616988 ], [ -86.573045, 36.618359 ], [ -86.572723, 36.618816 ], [ -86.572368, 36.619321 ], [ -86.572305, 36.61941 ], [ -86.571581, 36.620538 ], [ -86.571565, 36.620561 ], [ -86.570346, 36.622516 ], [ -86.570316, 36.622564 ], [ -86.569642, 36.623711 ], [ -86.569578, 36.623803 ], [ -86.569513, 36.623915 ], [ -86.569288, 36.624297 ], [ -86.569038, 36.624725 ], [ -86.568619, 36.625448 ], [ -86.568529, 36.625602 ], [ -86.568397, 36.625832 ], [ -86.568268, 36.626061 ], [ -86.56825, 36.626093 ], [ -86.567883, 36.626749 ], [ -86.567755, 36.626979 ], [ -86.567682, 36.62711 ], [ -86.567327, 36.62771 ], [ -86.567286, 36.627779 ], [ -86.566036, 36.6299 ], [ -86.565749, 36.630385 ], [ -86.565606, 36.63063 ], [ -86.565329, 36.631087 ], [ -86.56473, 36.632184 ], [ -86.564604, 36.632415 ], [ -86.564287, 36.632991 ], [ -86.563909, 36.633562 ], [ -86.563148, 36.633952 ], [ -86.5621, 36.63432 ], [ -86.555452, 36.636567 ], [ -86.555103, 36.636686 ], [ -86.555092, 36.63669 ], [ -86.555066, 36.636698 ], [ -86.551222, 36.637998 ], [ -86.550209, 36.643349 ], [ -86.550194, 36.643431 ], [ -86.549943, 36.644759 ], [ -86.545708, 36.644177 ], [ -86.543352, 36.643855 ], [ -86.543822, 36.640427 ], [ -86.539206, 36.641959 ], [ -86.537872, 36.6424 ], [ -86.536268, 36.642931 ], [ -86.536254, 36.642936 ], [ -86.531778, 36.644416 ], [ -86.531404, 36.64454 ], [ -86.522085, 36.647637 ], [ -86.513019, 36.650643 ], [ -86.507781, 36.652379 ], [ -86.507374, 36.652374 ], [ -86.507128, 36.652372 ], [ -86.507011, 36.652368 ], [ -86.499931, 36.652271 ], [ -86.497429, 36.652236 ], [ -86.496911, 36.652237 ], [ -86.493428, 36.65224 ], [ -86.485832, 36.652117 ], [ -86.479721, 36.652016 ], [ -86.474526, 36.651931 ], [ -86.473184, 36.651912 ], [ -86.472514, 36.651899 ], [ -86.464218, 36.651763 ], [ -86.462299, 36.651732 ], [ -86.459689, 36.651692 ], [ -86.458666, 36.651672 ], [ -86.458246, 36.651665 ], [ -86.450319, 36.651537 ], [ -86.448781, 36.651514 ], [ -86.439657, 36.651388 ], [ -86.431412, 36.651275 ], [ -86.431186, 36.651271 ], [ -86.431061, 36.65127 ], [ -86.42773, 36.651215 ], [ -86.415418, 36.650996 ], [ -86.411379, 36.650924 ], [ -86.409886, 36.65089 ], [ -86.403147, 36.650735 ], [ -86.401659, 36.650701 ], [ -86.37959, 36.650197 ], [ -86.373638, 36.650062 ], [ -86.358661, 36.649726 ], [ -86.355055, 36.649562 ], [ -86.353524, 36.649494 ], [ -86.351432, 36.649399 ], [ -86.347433, 36.64922 ], [ -86.340176, 36.648973 ], [ -86.340076, 36.648971 ], [ -86.33996, 36.648966 ], [ -86.332126, 36.648701 ], [ -86.321782, 36.647798 ], [ -86.313769, 36.647099 ], [ -86.30667, 36.64648 ], [ -86.298264, 36.645746 ], [ -86.296197, 36.645565 ], [ -86.293112, 36.645296 ], [ -86.291113, 36.645182 ], [ -86.273432, 36.644176 ], [ -86.264418, 36.643663 ], [ -86.263576, 36.643618 ], [ -86.263161, 36.64359 ], [ -86.254553, 36.643061 ], [ -86.251936, 36.642893 ], [ -86.244565, 36.642421 ], [ -86.244251, 36.642393 ], [ -86.236155, 36.641878 ], [ -86.229549, 36.641518 ], [ -86.225856, 36.641315 ], [ -86.225329, 36.641286 ], [ -86.222257, 36.641118 ], [ -86.221542, 36.641078 ], [ -86.219426, 36.640962 ], [ -86.218955, 36.640936 ], [ -86.216432, 36.640798 ], [ -86.215895, 36.640769 ], [ -86.209166, 36.6404 ], [ -86.206185, 36.640229 ], [ -86.205388, 36.640184 ], [ -86.205446, 36.639897 ], [ -86.205517, 36.63954 ], [ -86.205572, 36.639206 ], [ -86.206809, 36.63166 ], [ -86.207039, 36.63026 ], [ -86.207097, 36.629941 ], [ -86.208209, 36.625071 ], [ -86.208215, 36.625043 ], [ -86.209222, 36.615138 ], [ -86.209227, 36.615085 ], [ -86.209243, 36.614929 ], [ -86.209246, 36.614901 ], [ -86.209249, 36.614877 ], [ -86.209252, 36.614847 ], [ -86.209432, 36.61383 ], [ -86.209763, 36.61198 ], [ -86.209986, 36.61069 ], [ -86.210167, 36.609647 ], [ -86.210217, 36.609356 ], [ -86.210367, 36.608496 ], [ -86.210418, 36.60821 ], [ -86.210644, 36.6069 ], [ -86.210803, 36.605981 ], [ -86.211358, 36.602978 ], [ -86.211602, 36.601666 ], [ -86.211627, 36.601528 ], [ -86.211728, 36.60098 ], [ -86.212111, 36.598907 ], [ -86.212239, 36.598216 ], [ -86.212301, 36.597872 ], [ -86.212489, 36.59684 ], [ -86.212553, 36.596497 ], [ -86.212567, 36.596415 ], [ -86.212599, 36.596244 ], [ -86.212634, 36.596176 ], [ -86.212673, 36.596103 ], [ -86.213135, 36.593481 ], [ -86.213997, 36.588594 ], [ -86.214544, 36.585619 ], [ -86.215026, 36.583001 ], [ -86.21521, 36.582001 ], [ -86.215603, 36.579869 ], [ -86.21576, 36.579 ], [ -86.215856, 36.578474 ], [ -86.215941, 36.578 ], [ -86.215946, 36.57797 ], [ -86.215962, 36.577881 ], [ -86.215968, 36.577852 ], [ -86.216019, 36.577567 ], [ -86.216069, 36.577295 ], [ -86.216081, 36.577227 ], [ -86.216174, 36.576712 ], [ -86.216226, 36.576427 ], [ -86.216241, 36.576345 ], [ -86.216286, 36.576102 ], [ -86.216303, 36.576018 ], [ -86.216304, 36.576008 ], [ -86.216309, 36.575972 ], [ -86.216312, 36.57596 ], [ -86.216322, 36.575904 ], [ -86.216353, 36.575736 ], [ -86.216364, 36.575681 ], [ -86.216482, 36.575041 ], [ -86.216835, 36.573121 ], [ -86.216952, 36.572493 ], [ -86.216953, 36.57248 ], [ -86.216967, 36.572403 ], [ -86.21701, 36.572171 ], [ -86.217026, 36.572095 ], [ -86.21712, 36.571573 ], [ -86.217409, 36.57001 ], [ -86.217505, 36.569498 ], [ -86.217561, 36.569192 ], [ -86.217725, 36.568298 ], [ -86.217782, 36.568001 ], [ -86.217901, 36.567487 ], [ -86.218259, 36.565945 ], [ -86.218364, 36.565496 ], [ -86.218373, 36.56543 ], [ -86.218524, 36.564318 ], [ -86.218796, 36.562321 ], [ -86.21906, 36.560997 ], [ -86.219281, 36.559898 ], [ -86.219616, 36.558215 ], [ -86.220159, 36.555506 ], [ -86.220552, 36.553156 ], [ -86.220837, 36.551466 ], [ -86.220878, 36.551208 ], [ -86.221007, 36.550436 ], [ -86.221051, 36.550192 ], [ -86.221057, 36.550178 ], [ -86.221057, 36.550156 ], [ -86.221068, 36.550082 ], [ -86.221073, 36.550058 ], [ -86.221113, 36.54982 ], [ -86.221233, 36.549106 ], [ -86.221274, 36.548869 ], [ -86.22131, 36.548687 ], [ -86.22142, 36.548142 ], [ -86.221458, 36.547961 ], [ -86.221481, 36.547848 ], [ -86.221552, 36.54751 ], [ -86.221573, 36.547411 ], [ -86.221578, 36.547391 ], [ -86.221614, 36.547216 ], [ -86.221727, 36.54667 ], [ -86.221765, 36.546489 ], [ -86.221817, 36.546235 ], [ -86.221978, 36.545473 ], [ -86.222032, 36.54522 ], [ -86.222034, 36.545211 ], [ -86.222077, 36.544993 ], [ -86.222251, 36.544144 ], [ -86.222913, 36.540921 ], [ -86.223038, 36.540314 ], [ -86.223122, 36.539844 ], [ -86.223394, 36.538322 ], [ -86.224211, 36.533757 ], [ -86.224484, 36.532236 ], [ -86.224496, 36.532169 ], [ -86.224531, 36.531968 ], [ -86.224544, 36.531902 ], [ -86.224616, 36.531502 ], [ -86.224832, 36.530301 ], [ -86.224898, 36.52994 ], [ -86.224905, 36.529902 ], [ -86.224944, 36.529676 ], [ -86.225063, 36.529001 ], [ -86.225104, 36.528776 ], [ -86.22503, 36.528781 ], [ -86.224808, 36.528795 ], [ -86.224735, 36.528801 ], [ -86.224451, 36.528816 ], [ -86.223599, 36.52886 ], [ -86.223316, 36.528876 ], [ -86.223156, 36.528884 ], [ -86.222678, 36.528909 ], [ -86.22252, 36.52892 ], [ -86.218287, 36.529156 ], [ -86.217928, 36.529177 ], [ -86.218631, 36.525152 ], [ -86.214784, 36.52491 ], [ -86.21521, 36.520516 ], [ -86.21562, 36.516299 ], [ -86.215638, 36.516122 ], [ -86.215691, 36.515592 ], [ -86.215709, 36.515422 ], [ -86.215871, 36.515422 ], [ -86.216107, 36.515466 ], [ -86.216668, 36.515569 ], [ -86.216709, 36.515577 ], [ -86.217121, 36.515658 ], [ -86.217287, 36.515703 ], [ -86.217517, 36.515762 ], [ -86.217541, 36.515768 ], [ -86.217793, 36.515886 ], [ -86.218333, 36.516191 ], [ -86.218618, 36.516319 ], [ -86.21883, 36.516376 ], [ -86.219071, 36.516419 ], [ -86.219579, 36.516491 ], [ -86.21962, 36.516497 ], [ -86.220093, 36.516528 ], [ -86.220422, 36.516519 ], [ -86.220592, 36.516505 ], [ -86.221041, 36.516462 ], [ -86.221692, 36.516361 ], [ -86.222285, 36.516301 ], [ -86.222442, 36.516286 ], [ -86.222885, 36.516277 ], [ -86.223197, 36.516286 ], [ -86.223479, 36.516268 ], [ -86.223627, 36.51624 ], [ -86.223717, 36.516224 ], [ -86.223959, 36.516169 ], [ -86.224194, 36.516103 ], [ -86.224419, 36.516001 ], [ -86.224904, 36.515699 ], [ -86.225172, 36.51553 ], [ -86.225355, 36.515451 ], [ -86.225493, 36.515419 ], [ -86.225687, 36.515399 ], [ -86.225882, 36.515411 ], [ -86.225955, 36.515421 ], [ -86.226183, 36.5155 ], [ -86.226619, 36.515677 ], [ -86.226887, 36.515752 ], [ -86.227088, 36.51577 ], [ -86.227344, 36.515744 ], [ -86.227929, 36.515643 ], [ -86.228759, 36.515551 ], [ -86.229047, 36.515555 ], [ -86.229674, 36.515612 ], [ -86.22979, 36.515616 ], [ -86.229983, 36.515602 ], [ -86.230097, 36.515584 ], [ -86.230748, 36.515417 ], [ -86.231083, 36.515373 ], [ -86.231797, 36.515316 ], [ -86.232011, 36.515316 ], [ -86.232376, 36.51535 ], [ -86.23248, 36.515369 ], [ -86.232912, 36.515494 ], [ -86.233631, 36.515738 ], [ -86.234016, 36.515811 ], [ -86.234284, 36.515904 ], [ -86.234517, 36.516002 ], [ -86.234696, 36.51605 ], [ -86.234945, 36.51607 ], [ -86.235137, 36.516063 ], [ -86.235242, 36.516051 ], [ -86.235424, 36.516029 ], [ -86.235741, 36.515992 ], [ -86.235895, 36.515989 ], [ -86.236094, 36.516008 ], [ -86.236125, 36.516013 ], [ -86.236215, 36.516029 ], [ -86.236521, 36.51611 ], [ -86.237179, 36.516304 ], [ -86.237525, 36.516391 ], [ -86.23818, 36.516503 ], [ -86.238213, 36.516509 ], [ -86.238857, 36.516595 ], [ -86.238879, 36.516597 ], [ -86.238922, 36.516599 ], [ -86.238987, 36.516604 ], [ -86.239054, 36.516607 ], [ -86.239098, 36.516609 ], [ -86.239231, 36.516616 ], [ -86.239343, 36.516623 ], [ -86.239573, 36.516651 ], [ -86.23963, 36.516661 ], [ -86.239762, 36.516687 ], [ -86.239868, 36.516716 ], [ -86.240085, 36.516798 ], [ -86.240244, 36.516859 ], [ -86.240345, 36.516906 ], [ -86.240604, 36.517074 ], [ -86.240964, 36.517324 ], [ -86.241069, 36.517397 ], [ -86.241189, 36.517448 ], [ -86.241272, 36.517467 ], [ -86.241412, 36.517498 ], [ -86.24172, 36.51756 ], [ -86.241931, 36.51758 ], [ -86.241973, 36.517585 ], [ -86.242597, 36.517567 ], [ -86.242753, 36.517589 ], [ -86.242952, 36.517659 ], [ -86.243281, 36.517897 ], [ -86.243562, 36.518058 ], [ -86.243794, 36.518144 ], [ -86.244049, 36.518195 ], [ -86.244325, 36.518239 ], [ -86.244368, 36.518249 ], [ -86.244453, 36.518269 ], [ -86.24457, 36.518296 ], [ -86.24486, 36.518363 ], [ -86.244925, 36.518373 ], [ -86.245045, 36.518393 ], [ -86.245241, 36.518419 ], [ -86.245925, 36.518464 ], [ -86.246506, 36.518504 ], [ -86.248422, 36.51863 ], [ -86.24857, 36.518635 ], [ -86.248652, 36.518638 ], [ -86.248957, 36.51863 ], [ -86.249185, 36.518599 ], [ -86.249335, 36.518559 ], [ -86.249439, 36.518519 ], [ -86.249669, 36.518423 ], [ -86.249956, 36.518282 ], [ -86.250007, 36.518258 ], [ -86.250132, 36.518228 ], [ -86.250264, 36.518188 ], [ -86.251316, 36.518098 ], [ -86.251448, 36.518098 ], [ -86.251575, 36.518108 ], [ -86.251641, 36.518118 ], [ -86.251717, 36.51813 ], [ -86.251824, 36.518156 ], [ -86.251994, 36.518253 ], [ -86.252082, 36.518318 ], [ -86.252136, 36.518373 ], [ -86.252487, 36.518788 ], [ -86.252993, 36.519325 ], [ -86.253042, 36.519377 ], [ -86.253266, 36.519564 ], [ -86.253492, 36.519692 ], [ -86.253964, 36.519938 ], [ -86.254277, 36.520112 ], [ -86.255246, 36.520722 ], [ -86.25541, 36.520804 ], [ -86.255514, 36.52085 ], [ -86.255718, 36.520899 ], [ -86.255836, 36.520919 ], [ -86.2562, 36.520937 ], [ -86.256396, 36.520971 ], [ -86.256563, 36.521036 ], [ -86.256648, 36.521082 ], [ -86.256911, 36.521255 ], [ -86.257011, 36.52131 ], [ -86.25749, 36.5215 ], [ -86.257542, 36.521535 ], [ -86.257978, 36.521607 ], [ -86.258929, 36.521765 ], [ -86.259273, 36.521886 ], [ -86.259691, 36.522034 ], [ -86.259836, 36.521955 ], [ -86.259971, 36.521883 ], [ -86.260113, 36.52179 ], [ -86.260377, 36.52162 ], [ -86.260929, 36.52119 ], [ -86.261182, 36.520952 ], [ -86.261252, 36.520875 ], [ -86.261464, 36.520649 ], [ -86.261512, 36.520591 ], [ -86.261578, 36.520512 ], [ -86.261765, 36.52027 ], [ -86.261789, 36.520233 ], [ -86.261938, 36.520014 ], [ -86.262078, 36.519776 ], [ -86.2623, 36.519317 ], [ -86.262307, 36.519303 ], [ -86.262428, 36.518991 ], [ -86.262454, 36.518923 ], [ -86.262508, 36.518764 ], [ -86.262744, 36.518082 ], [ -86.262823, 36.517855 ], [ -86.262853, 36.517767 ], [ -86.263371, 36.516256 ], [ -86.263402, 36.516161 ], [ -86.263716, 36.515223 ], [ -86.265137, 36.511079 ], [ -86.265719, 36.509387 ], [ -86.266188, 36.50802 ], [ -86.266433, 36.507309 ], [ -86.266639, 36.506814 ], [ -86.266761, 36.506588 ], [ -86.266967, 36.506276 ], [ -86.267062, 36.506148 ], [ -86.267299, 36.505871 ], [ -86.267477, 36.50569 ], [ -86.267923, 36.505328 ], [ -86.268342, 36.505058 ], [ -86.268666, 36.50489 ], [ -86.268847, 36.504805 ], [ -86.269219, 36.504633 ], [ -86.269431, 36.504536 ], [ -86.270162, 36.504207 ], [ -86.270179, 36.504198 ], [ -86.270228, 36.504171 ], [ -86.270251, 36.504167 ], [ -86.270325, 36.504133 ], [ -86.27055, 36.504031 ], [ -86.270625, 36.503998 ], [ -86.272141, 36.503315 ], [ -86.276253, 36.501464 ], [ -86.27647, 36.501371 ], [ -86.276691, 36.501269 ], [ -86.277109, 36.501079 ], [ -86.277533, 36.500888 ], [ -86.278207, 36.500585 ], [ -86.278715, 36.500353 ], [ -86.27949, 36.5 ], [ -86.280245, 36.499667 ], [ -86.280506, 36.499553 ], [ -86.280756, 36.49944 ], [ -86.28283, 36.498503 ], [ -86.282986, 36.498433 ], [ -86.284403, 36.497801 ], [ -86.285503, 36.497349 ], [ -86.285924, 36.497195 ], [ -86.286425, 36.497011 ], [ -86.287264, 36.496737 ], [ -86.288436, 36.49639 ], [ -86.288807, 36.496294 ], [ -86.289242, 36.496189 ], [ -86.290052, 36.495994 ], [ -86.290863, 36.495841 ], [ -86.291274, 36.495764 ], [ -86.291471, 36.495727 ], [ -86.29181, 36.495668 ], [ -86.291857, 36.495661 ], [ -86.292827, 36.495493 ], [ -86.293167, 36.495435 ], [ -86.294017, 36.495287 ], [ -86.296571, 36.494846 ], [ -86.297422, 36.4947 ], [ -86.297493, 36.494687 ], [ -86.29771, 36.494649 ], [ -86.297782, 36.494637 ], [ -86.297867, 36.494619 ], [ -86.298123, 36.494567 ], [ -86.298209, 36.49455 ], [ -86.298404, 36.494507 ], [ -86.299043, 36.494339 ], [ -86.299174, 36.494297 ], [ -86.29938, 36.494232 ], [ -86.299725, 36.494111 ], [ -86.30007, 36.493978 ], [ -86.300654, 36.493726 ], [ -86.300843, 36.493632 ], [ -86.301592, 36.493223 ], [ -86.301879, 36.493037 ], [ -86.302111, 36.492889 ], [ -86.302299, 36.492759 ], [ -86.302702, 36.492473 ], [ -86.302885, 36.492343 ], [ -86.303942, 36.491602 ], [ -86.304168, 36.491441 ], [ -86.30449, 36.491214 ], [ -86.304696, 36.491068 ], [ -86.306181, 36.490021 ], [ -86.307985, 36.488746 ], [ -86.308559, 36.488339 ], [ -86.310022, 36.487303 ], [ -86.310233, 36.487153 ], [ -86.310869, 36.486705 ], [ -86.311044, 36.486582 ], [ -86.311081, 36.486556 ], [ -86.311118, 36.486529 ], [ -86.311231, 36.486451 ], [ -86.311269, 36.486425 ], [ -86.311327, 36.486384 ], [ -86.311817, 36.486039 ], [ -86.312548, 36.485527 ], [ -86.313458, 36.484879 ], [ -86.313688, 36.484715 ], [ -86.314005, 36.484491 ], [ -86.314396, 36.484214 ], [ -86.314999, 36.483789 ], [ -86.31557, 36.483384 ], [ -86.315962, 36.483108 ], [ -86.316785, 36.482522 ], [ -86.317105, 36.482296 ], [ -86.31844, 36.481361 ], [ -86.319265, 36.480777 ], [ -86.320091, 36.480194 ], [ -86.320183, 36.480129 ], [ -86.320341, 36.480017 ], [ -86.321092, 36.479487 ], [ -86.321343, 36.479311 ], [ -86.321528, 36.479179 ], [ -86.321807, 36.478982 ], [ -86.322084, 36.478785 ], [ -86.32227, 36.478654 ], [ -86.322647, 36.478388 ], [ -86.322749, 36.478312 ], [ -86.323448, 36.477799 ], [ -86.32414, 36.477225 ], [ -86.324241, 36.477142 ], [ -86.324583, 36.476838 ], [ -86.32465, 36.476774 ], [ -86.324851, 36.476584 ], [ -86.324919, 36.476521 ], [ -86.325091, 36.476355 ], [ -86.325174, 36.476273 ], [ -86.325271, 36.476179 ], [ -86.325937, 36.475527 ], [ -86.326065, 36.475402 ], [ -86.326193, 36.47528 ], [ -86.326364, 36.475115 ], [ -86.326372, 36.475108 ], [ -86.326879, 36.47462 ], [ -86.327051, 36.474456 ], [ -86.327265, 36.47425 ], [ -86.327274, 36.474241 ], [ -86.327331, 36.474188 ], [ -86.327944, 36.473597 ], [ -86.328168, 36.473383 ], [ -86.328201, 36.473351 ], [ -86.328212, 36.473341 ], [ -86.328301, 36.473255 ], [ -86.328335, 36.473224 ], [ -86.328446, 36.473117 ], [ -86.328454, 36.473108 ], [ -86.328811, 36.472763 ], [ -86.328931, 36.472648 ], [ -86.329623, 36.471976 ], [ -86.329716, 36.471885 ], [ -86.330002, 36.471609 ], [ -86.330157, 36.471459 ], [ -86.331173, 36.470492 ], [ -86.331393, 36.470283 ], [ -86.332083, 36.469609 ], [ -86.332867, 36.468845 ], [ -86.33293, 36.468783 ], [ -86.332968, 36.468746 ], [ -86.333119, 36.468597 ], [ -86.333183, 36.468536 ], [ -86.333255, 36.468465 ], [ -86.333572, 36.46814 ], [ -86.333596, 36.468116 ], [ -86.334175, 36.467439 ], [ -86.3344, 36.467169 ], [ -86.334653, 36.466875 ], [ -86.335017, 36.466456 ], [ -86.33521, 36.466233 ], [ -86.33524, 36.466197 ], [ -86.335906, 36.465415 ], [ -86.336128, 36.465155 ], [ -86.336386, 36.464849 ], [ -86.336739, 36.464432 ], [ -86.33716, 36.463935 ], [ -86.337419, 36.46363 ], [ -86.337771, 36.463222 ], [ -86.337816, 36.46317 ], [ -86.338186, 36.462745 ], [ -86.338557, 36.462294 ], [ -86.338816, 36.461989 ], [ -86.339167, 36.46158 ], [ -86.340009, 36.460606 ], [ -86.340549, 36.459983 ], [ -86.341208, 36.459188 ], [ -86.341549, 36.458795 ], [ -86.34251, 36.457665 ], [ -86.342805, 36.45732 ], [ -86.343039, 36.457046 ], [ -86.343345, 36.456686 ], [ -86.343938, 36.455987 ], [ -86.344482, 36.455349 ], [ -86.345055, 36.454692 ], [ -86.345474, 36.454223 ], [ -86.34577, 36.453937 ], [ -86.345929, 36.453786 ], [ -86.346464, 36.453338 ], [ -86.346537, 36.453283 ], [ -86.346756, 36.453119 ], [ -86.34683, 36.453065 ], [ -86.346888, 36.453022 ], [ -86.34728, 36.452737 ], [ -86.347651, 36.452497 ], [ -86.347865, 36.45237 ], [ -86.34807, 36.452249 ], [ -86.348569, 36.451973 ], [ -86.348981, 36.451765 ], [ -86.349339, 36.451605 ], [ -86.349916, 36.451357 ], [ -86.350145, 36.451262 ], [ -86.351261, 36.450807 ], [ -86.351723, 36.45062 ], [ -86.352415, 36.450333 ], [ -86.353029, 36.450079 ], [ -86.353674, 36.449814 ], [ -86.354234, 36.449584 ], [ -86.354872, 36.449323 ], [ -86.35538, 36.449117 ], [ -86.355488, 36.449073 ], [ -86.355695, 36.448988 ], [ -86.356316, 36.448735 ], [ -86.356524, 36.448651 ], [ -86.356805, 36.448535 ], [ -86.357651, 36.448188 ], [ -86.357901, 36.448086 ], [ -86.357934, 36.448073 ], [ -86.358044, 36.448028 ], [ -86.358297, 36.447926 ], [ -86.358374, 36.447894 ], [ -86.358485, 36.447849 ], [ -86.358968, 36.44765 ], [ -86.359881, 36.447275 ], [ -86.360418, 36.447052 ], [ -86.360902, 36.446853 ], [ -86.362054, 36.446391 ], [ -86.362142, 36.446353 ], [ -86.363118, 36.445936 ], [ -86.363618, 36.445713 ], [ -86.364316, 36.445385 ], [ -86.364549, 36.445272 ], [ -86.36513, 36.444981 ], [ -86.365762, 36.444629 ], [ -86.366117, 36.444433 ], [ -86.366776, 36.44404 ], [ -86.366916, 36.443954 ], [ -86.366974, 36.443918 ], [ -86.367117, 36.44383 ], [ -86.367154, 36.443808 ], [ -86.367713, 36.443448 ], [ -86.367912, 36.443321 ], [ -86.368121, 36.443177 ], [ -86.368377, 36.443001 ], [ -86.368739, 36.442733 ], [ -86.368944, 36.442583 ], [ -86.369167, 36.442414 ], [ -86.369284, 36.442326 ], [ -86.369715, 36.441983 ], [ -86.369825, 36.441893 ], [ -86.370043, 36.441717 ], [ -86.370097, 36.441669 ], [ -86.370537, 36.441293 ], [ -86.371192, 36.440683 ], [ -86.371323, 36.440562 ], [ -86.371884, 36.439998 ], [ -86.372294, 36.439581 ], [ -86.37294, 36.438837 ], [ -86.373349, 36.438352 ], [ -86.373519, 36.438144 ], [ -86.374276, 36.437222 ], [ -86.374485, 36.436968 ], [ -86.374953, 36.436384 ], [ -86.375174, 36.436121 ], [ -86.375254, 36.436024 ], [ -86.375617, 36.435583 ], [ -86.376015, 36.435094 ], [ -86.376525, 36.434471 ], [ -86.377028, 36.433868 ], [ -86.377408, 36.433393 ], [ -86.378302, 36.432305 ], [ -86.378997, 36.431461 ], [ -86.379066, 36.431378 ], [ -86.380189, 36.430032 ], [ -86.380899, 36.4293 ], [ -86.381123, 36.429069 ], [ -86.381189, 36.429001 ], [ -86.381266, 36.428922 ], [ -86.381309, 36.428878 ], [ -86.381412, 36.428772 ], [ -86.38157, 36.428581 ], [ -86.382162, 36.428009 ], [ -86.382583, 36.427612 ], [ -86.382888, 36.427345 ], [ -86.383115, 36.427147 ], [ -86.383874, 36.426551 ], [ -86.384529, 36.426072 ], [ -86.385027, 36.425725 ], [ -86.385723, 36.425268 ], [ -86.38604, 36.425079 ], [ -86.386524, 36.424791 ], [ -86.386871, 36.424596 ], [ -86.387597, 36.42419 ], [ -86.387617, 36.424179 ], [ -86.389442, 36.423292 ], [ -86.390307, 36.422872 ], [ -86.390477, 36.422788 ], [ -86.390811, 36.422625 ], [ -86.390825, 36.422618 ], [ -86.39099, 36.422537 ], [ -86.391162, 36.422454 ], [ -86.392125, 36.421982 ], [ -86.392271, 36.421912 ], [ -86.394594, 36.420779 ], [ -86.395019, 36.420573 ], [ -86.395119, 36.420525 ], [ -86.395964, 36.420065 ], [ -86.396303, 36.41988 ], [ -86.396565, 36.419725 ], [ -86.396645, 36.419678 ], [ -86.396732, 36.419618 ], [ -86.397999, 36.418757 ], [ -86.398928, 36.418107 ], [ -86.399657, 36.417599 ], [ -86.399667, 36.417687 ], [ -86.399677, 36.417761 ], [ -86.399675, 36.417804 ], [ -86.399668, 36.417955 ], [ -86.399665, 36.418045 ], [ -86.399622, 36.418427 ], [ -86.399533, 36.418891 ], [ -86.399441, 36.419426 ], [ -86.399279, 36.420381 ], [ -86.398828, 36.422969 ], [ -86.398723, 36.423566 ], [ -86.398584, 36.424368 ], [ -86.39848, 36.424946 ], [ -86.398356, 36.42561 ], [ -86.398253, 36.426163 ], [ -86.398186, 36.426511 ], [ -86.398065, 36.42713 ], [ -86.398022, 36.427339 ], [ -86.397973, 36.427598 ], [ -86.397942, 36.427767 ], [ -86.397943, 36.427985 ], [ -86.397986, 36.428119 ], [ -86.398036, 36.428194 ], [ -86.398077, 36.428231 ], [ -86.398113, 36.428255 ], [ -86.398159, 36.428287 ], [ -86.398229, 36.428314 ], [ -86.39827, 36.42833 ], [ -86.397941, 36.428535 ], [ -86.397692, 36.428846 ], [ -86.397358, 36.429057 ], [ -86.397222, 36.430507 ], [ -86.397197, 36.430844 ], [ -86.397178, 36.431112 ], [ -86.397087, 36.432517 ], [ -86.398333, 36.432592 ], [ -86.398478, 36.431127 ], [ -86.398621, 36.4299 ], [ -86.400277, 36.430039 ], [ -86.400393, 36.430063 ], [ -86.400497, 36.430058 ], [ -86.400984, 36.430018 ], [ -86.401952, 36.429495 ], [ -86.40199, 36.42941 ], [ -86.402269, 36.428781 ], [ -86.405326, 36.427608 ], [ -86.406836, 36.427023 ], [ -86.407097, 36.427255 ], [ -86.409879, 36.425769 ], [ -86.417057, 36.426444 ], [ -86.416691, 36.422743 ], [ -86.423012, 36.42325 ], [ -86.423516, 36.420503 ], [ -86.423929, 36.420494 ], [ -86.425079, 36.420545 ], [ -86.426164, 36.420599 ], [ -86.426061, 36.420922 ], [ -86.42602, 36.421046 ], [ -86.42607, 36.421046 ], [ -86.42644, 36.42106 ], [ -86.42647, 36.421061 ], [ -86.426438, 36.421096 ], [ -86.431461, 36.421699 ], [ -86.431877, 36.419968 ], [ -86.431922, 36.419745 ], [ -86.432315, 36.419798 ], [ -86.432634, 36.419838 ], [ -86.433554, 36.41996 ], [ -86.43365, 36.419973 ], [ -86.433812, 36.419991 ], [ -86.43398, 36.420008 ], [ -86.434639, 36.420077 ], [ -86.434877, 36.420102 ], [ -86.435385, 36.420156 ], [ -86.437114, 36.42039 ], [ -86.437548, 36.420449 ], [ -86.437754, 36.420491 ], [ -86.437927, 36.420554 ], [ -86.437981, 36.420569 ], [ -86.438288, 36.420627 ], [ -86.439169, 36.420714 ], [ -86.439388, 36.420733 ], [ -86.439551, 36.420753 ], [ -86.441134, 36.420954 ], [ -86.442634, 36.421142 ], [ -86.443711, 36.421254 ], [ -86.444398, 36.421331 ], [ -86.444433, 36.421335 ], [ -86.444478, 36.42134 ], [ -86.444697, 36.421363 ], [ -86.445568, 36.421466 ], [ -86.446062, 36.421523 ], [ -86.446359, 36.421533 ], [ -86.446438, 36.42155 ], [ -86.446635, 36.421591 ], [ -86.446783, 36.421493 ], [ -86.446877, 36.42119 ], [ -86.447055, 36.421011 ], [ -86.44709, 36.420977 ], [ -86.447249, 36.420903 ], [ -86.447466, 36.420828 ], [ -86.447785, 36.42068 ], [ -86.448105, 36.420508 ], [ -86.448393, 36.420279 ], [ -86.448716, 36.419973 ], [ -86.449034, 36.419616 ], [ -86.449216, 36.4194 ], [ -86.44942, 36.419201 ], [ -86.449462, 36.419157 ], [ -86.449626, 36.418992 ], [ -86.449738, 36.418868 ], [ -86.449806, 36.418794 ], [ -86.450016, 36.418654 ], [ -86.45028, 36.418571 ], [ -86.450637, 36.418302 ], [ -86.450698, 36.41822 ], [ -86.450721, 36.418191 ], [ -86.450763, 36.418099 ], [ -86.450831, 36.417712 ], [ -86.450852, 36.417624 ], [ -86.450916, 36.417496 ], [ -86.451013, 36.417376 ], [ -86.451138, 36.417284 ], [ -86.451637, 36.417 ], [ -86.451835, 36.416889 ], [ -86.451978, 36.416828 ], [ -86.45214, 36.416787 ], [ -86.452313, 36.416767 ], [ -86.452475, 36.416776 ], [ -86.452538, 36.41678 ], [ -86.453476, 36.416903 ], [ -86.453495, 36.416906 ], [ -86.453812, 36.416931 ], [ -86.454037, 36.416954 ], [ -86.454096, 36.416961 ], [ -86.454607, 36.41703 ], [ -86.454826, 36.417058 ], [ -86.454949, 36.417064 ], [ -86.455007, 36.417067 ], [ -86.45523, 36.417018 ], [ -86.4547, 36.416257 ], [ -86.454661, 36.416199 ], [ -86.454233, 36.415547 ], [ -86.453958, 36.415067 ], [ -86.453756, 36.414657 ], [ -86.453591, 36.414246 ], [ -86.453467, 36.413869 ], [ -86.453378, 36.413521 ], [ -86.453278, 36.413124 ], [ -86.453169, 36.41263 ], [ -86.453151, 36.412551 ], [ -86.453133, 36.41247 ], [ -86.453118, 36.412399 ], [ -86.452947, 36.411644 ], [ -86.452518, 36.409745 ], [ -86.452333, 36.408927 ], [ -86.452129, 36.408022 ], [ -86.452033, 36.407586 ], [ -86.451885, 36.406906 ], [ -86.451743, 36.406336 ], [ -86.451724, 36.406287 ], [ -86.451597, 36.405946 ], [ -86.451563, 36.405873 ], [ -86.451885, 36.405929 ], [ -86.456306, 36.40704 ], [ -86.45697, 36.407208 ], [ -86.45722, 36.406953 ], [ -86.457229, 36.406921 ], [ -86.457247, 36.406889 ], [ -86.457345, 36.406771 ], [ -86.457457, 36.40666 ], [ -86.457608, 36.406529 ], [ -86.457798, 36.406364 ], [ -86.457986, 36.406173 ], [ -86.459685, 36.404729 ], [ -86.459727, 36.404625 ], [ -86.459844, 36.404436 ], [ -86.459928, 36.404324 ], [ -86.460047, 36.404173 ], [ -86.460098, 36.404115 ], [ -86.460182, 36.404033 ], [ -86.460302, 36.403928 ], [ -86.460366, 36.403879 ], [ -86.460623, 36.403737 ], [ -86.460867, 36.403645 ], [ -86.461022, 36.403592 ], [ -86.4611, 36.403526 ], [ -86.462238, 36.402304 ], [ -86.464406, 36.400003 ], [ -86.465432, 36.398909 ], [ -86.469229, 36.39486 ], [ -86.46928, 36.39478 ], [ -86.469089, 36.394695 ], [ -86.469003, 36.394658 ], [ -86.468871, 36.3946 ], [ -86.468767, 36.394555 ], [ -86.468784, 36.394534 ], [ -86.46883, 36.394484 ], [ -86.468945, 36.394364 ], [ -86.469033, 36.394282 ], [ -86.469107, 36.394222 ], [ -86.469374, 36.394003 ], [ -86.46951, 36.39391 ], [ -86.469947, 36.393666 ], [ -86.470122, 36.393556 ], [ -86.47039, 36.393366 ], [ -86.470666, 36.393136 ], [ -86.470729, 36.393085 ], [ -86.471072, 36.39276 ], [ -86.471152, 36.392675 ], [ -86.471713, 36.392033 ], [ -86.471962, 36.391786 ], [ -86.472021, 36.391734 ], [ -86.472044, 36.391721 ], [ -86.472133, 36.391675 ], [ -86.472216, 36.39165 ], [ -86.47235, 36.391662 ], [ -86.472563, 36.391715 ], [ -86.472685, 36.391751 ], [ -86.472857, 36.391803 ], [ -86.472943, 36.391821 ], [ -86.473031, 36.391832 ], [ -86.473121, 36.391836 ], [ -86.473298, 36.391823 ], [ -86.473385, 36.391809 ], [ -86.473633, 36.391726 ], [ -86.473766, 36.391714 ], [ -86.473835, 36.391715 ], [ -86.473923, 36.391725 ], [ -86.473968, 36.391724 ], [ -86.474012, 36.391729 ], [ -86.474401, 36.391807 ], [ -86.474577, 36.391828 ], [ -86.474799, 36.391833 ], [ -86.475113, 36.391825 ], [ -86.475284, 36.391787 ], [ -86.475448, 36.39173 ], [ -86.475644, 36.391645 ], [ -86.475681, 36.391625 ], [ -86.475923, 36.391471 ], [ -86.4761, 36.391366 ], [ -86.476377, 36.391193 ], [ -86.476443, 36.391146 ], [ -86.476616, 36.391038 ], [ -86.476784, 36.390924 ], [ -86.476976, 36.390777 ], [ -86.477058, 36.3907 ], [ -86.477015, 36.390643 ], [ -86.47653, 36.390002 ], [ -86.476303, 36.389701 ], [ -86.474928, 36.387881 ], [ -86.47486, 36.387791 ], [ -86.473617, 36.38615 ], [ -86.472421, 36.384571 ], [ -86.470813, 36.382447 ], [ -86.470697, 36.382296 ], [ -86.470413, 36.381863 ], [ -86.470177, 36.381536 ], [ -86.470008, 36.381293 ], [ -86.468217, 36.379011 ], [ -86.46812, 36.378884 ], [ -86.467912, 36.378614 ], [ -86.467866, 36.378554 ], [ -86.468079, 36.378451 ], [ -86.468639, 36.37818 ], [ -86.468927, 36.37804 ], [ -86.469054, 36.377982 ], [ -86.469281, 36.377869 ], [ -86.469484, 36.377768 ], [ -86.469536, 36.377743 ], [ -86.469596, 36.377714 ], [ -86.46997, 36.377534 ], [ -86.470028, 36.377507 ], [ -86.47007, 36.377486 ], [ -86.470763, 36.377153 ], [ -86.471071, 36.377006 ], [ -86.47129, 36.376898 ], [ -86.471482, 36.376806 ], [ -86.471899, 36.376602 ], [ -86.471949, 36.376576 ], [ -86.472169, 36.376468 ], [ -86.472234, 36.376437 ], [ -86.472304, 36.376402 ], [ -86.47234, 36.376383 ], [ -86.472576, 36.376267 ], [ -86.472854, 36.376125 ], [ -86.473025, 36.376039 ], [ -86.473265, 36.375915 ], [ -86.473751, 36.375665 ], [ -86.473984, 36.375543 ], [ -86.474224, 36.375418 ], [ -86.474336, 36.37536 ], [ -86.474647, 36.375203 ], [ -86.474743, 36.375154 ], [ -86.47499, 36.375028 ], [ -86.475039, 36.375004 ], [ -86.475137, 36.374943 ], [ -86.475404, 36.374802 ], [ -86.476138, 36.374418 ], [ -86.476289, 36.374338 ], [ -86.476805, 36.374068 ], [ -86.476993, 36.373967 ], [ -86.477193, 36.373861 ], [ -86.477559, 36.373666 ], [ -86.477619, 36.373634 ], [ -86.477748, 36.373566 ], [ -86.477935, 36.37347 ], [ -86.478127, 36.373372 ], [ -86.478237, 36.373317 ], [ -86.478455, 36.373204 ], [ -86.478771, 36.37304 ], [ -86.478854, 36.372997 ], [ -86.479263, 36.372782 ], [ -86.479641, 36.372585 ], [ -86.480039, 36.372376 ], [ -86.480132, 36.372327 ], [ -86.480271, 36.372254 ], [ -86.480414, 36.372179 ], [ -86.480434, 36.37217 ], [ -86.480766, 36.371999 ], [ -86.48092, 36.371917 ], [ -86.48103, 36.371858 ], [ -86.481428, 36.37165 ], [ -86.481698, 36.371509 ], [ -86.482146, 36.371273 ], [ -86.482161, 36.371264 ], [ -86.48279, 36.370931 ], [ -86.482893, 36.370875 ], [ -86.482902, 36.370869 ], [ -86.483236, 36.370681 ], [ -86.483348, 36.370619 ], [ -86.48355, 36.370504 ], [ -86.48409, 36.370173 ], [ -86.484156, 36.370131 ], [ -86.484682, 36.369793 ], [ -86.484817, 36.369701 ], [ -86.484887, 36.369652 ], [ -86.484903, 36.369641 ], [ -86.485016, 36.369564 ], [ -86.485087, 36.369514 ], [ -86.485115, 36.369495 ], [ -86.48516, 36.369463 ], [ -86.485213, 36.369428 ], [ -86.485296, 36.369369 ], [ -86.485311, 36.36936 ], [ -86.485342, 36.369338 ], [ -86.486601, 36.368449 ], [ -86.487099, 36.36809 ], [ -86.487206, 36.368012 ], [ -86.487318, 36.367931 ], [ -86.487914, 36.367502 ], [ -86.489022, 36.366705 ], [ -86.489628, 36.36627 ], [ -86.489654, 36.366251 ], [ -86.489733, 36.366195 ], [ -86.48976, 36.366177 ], [ -86.490079, 36.365951 ], [ -86.490605, 36.365573 ], [ -86.490688, 36.365514 ], [ -86.491162, 36.365174 ], [ -86.492034, 36.364549 ], [ -86.492584, 36.364152 ], [ -86.492892, 36.36393 ], [ -86.493135, 36.363757 ], [ -86.493979, 36.363151 ], [ -86.49482, 36.362548 ], [ -86.494906, 36.362486 ], [ -86.497343, 36.360743 ], [ -86.498185, 36.360142 ], [ -86.498298, 36.360061 ], [ -86.498449, 36.359953 ], [ -86.499074, 36.359507 ], [ -86.499239, 36.359387 ], [ -86.499503, 36.359198 ], [ -86.499886, 36.358922 ], [ -86.500151, 36.358731 ], [ -86.500168, 36.358718 ], [ -86.500246, 36.358663 ], [ -86.500856, 36.358227 ], [ -86.500981, 36.358138 ], [ -86.501018, 36.35811 ], [ -86.501146, 36.35802 ], [ -86.501258, 36.35794 ], [ -86.501302, 36.357908 ], [ -86.501345, 36.357876 ], [ -86.501437, 36.35781 ], [ -86.501477, 36.357781 ], [ -86.501522, 36.35775 ], [ -86.502011, 36.357397 ], [ -86.503359, 36.356427 ], [ -86.503483, 36.35634 ], [ -86.503978, 36.355994 ], [ -86.504058, 36.355937 ], [ -86.504748, 36.355441 ], [ -86.50535, 36.355007 ], [ -86.506289, 36.354332 ], [ -86.506346, 36.354292 ], [ -86.508069, 36.352992 ], [ -86.509157, 36.352127 ], [ -86.509449, 36.351896 ], [ -86.510291, 36.351236 ], [ -86.510408, 36.351143 ], [ -86.510682, 36.350924 ], [ -86.510993, 36.350677 ], [ -86.511038, 36.350642 ], [ -86.511539, 36.350297 ], [ -86.51183, 36.350115 ], [ -86.511912, 36.350066 ], [ -86.512004, 36.350013 ], [ -86.512162, 36.34993 ], [ -86.512247, 36.349886 ], [ -86.512297, 36.34986 ], [ -86.51238, 36.349817 ], [ -86.512463, 36.349774 ], [ -86.512518, 36.349745 ], [ -86.512585, 36.349712 ], [ -86.512623, 36.349693 ], [ -86.51273, 36.349646 ], [ -86.513319, 36.349387 ], [ -86.513669, 36.349254 ], [ -86.514047, 36.349131 ], [ -86.514805, 36.348932 ], [ -86.514948, 36.348896 ], [ -86.515024, 36.348877 ], [ -86.515931, 36.348653 ], [ -86.516129, 36.348603 ], [ -86.519187, 36.347849 ], [ -86.519971, 36.347654 ], [ -86.520105, 36.347622 ], [ -86.521431, 36.347295 ], [ -86.521992, 36.347148 ], [ -86.522043, 36.347134 ], [ -86.522157, 36.347104 ], [ -86.523085, 36.346811 ], [ -86.52383, 36.3465 ], [ -86.523844, 36.346495 ], [ -86.524411, 36.346248 ], [ -86.524501, 36.346208 ], [ -86.52469, 36.346125 ], [ -86.524772, 36.346089 ], [ -86.524863, 36.34605 ], [ -86.525014, 36.345982 ], [ -86.526447, 36.345337 ], [ -86.527364, 36.344899 ], [ -86.527547, 36.344812 ], [ -86.528199, 36.344475 ], [ -86.528521, 36.344309 ], [ -86.528533, 36.344302 ], [ -86.529199, 36.343962 ], [ -86.53006, 36.343478 ], [ -86.530308, 36.343338 ], [ -86.530334, 36.343322 ], [ -86.530432, 36.343265 ], [ -86.531418, 36.342689 ], [ -86.531893, 36.342392 ], [ -86.532196, 36.342203 ], [ -86.533086, 36.341652 ], [ -86.533286, 36.341519 ], [ -86.534504, 36.340756 ], [ -86.535549, 36.340104 ], [ -86.536655, 36.339418 ], [ -86.536844, 36.339304 ], [ -86.536908, 36.339265 ], [ -86.5371, 36.339152 ], [ -86.537165, 36.339114 ], [ -86.537304, 36.339038 ], [ -86.537909, 36.338714 ], [ -86.53805, 36.338648 ], [ -86.538135, 36.338609 ], [ -86.538406, 36.338485 ], [ -86.538972, 36.338236 ], [ -86.53993, 36.337815 ], [ -86.540756, 36.337454 ], [ -86.542507, 36.336689 ], [ -86.544383, 36.335871 ], [ -86.544498, 36.335819 ], [ -86.545451, 36.335393 ], [ -86.545715, 36.335266 ], [ -86.546178, 36.335018 ], [ -86.546304, 36.334938 ], [ -86.546477, 36.334829 ], [ -86.546731, 36.33467 ], [ -86.546888, 36.334563 ], [ -86.546973, 36.334503 ], [ -86.546988, 36.334491 ], [ -86.547151, 36.334368 ], [ -86.547366, 36.334205 ], [ -86.547553, 36.334057 ], [ -86.547659, 36.333959 ], [ -86.548117, 36.333544 ], [ -86.548521, 36.333134 ], [ -86.548754, 36.332896 ], [ -86.548974, 36.332663 ], [ -86.549055, 36.332589 ], [ -86.549311, 36.332355 ], [ -86.549538, 36.33215 ], [ -86.550207, 36.331655 ], [ -86.550611, 36.331392 ], [ -86.551264, 36.331021 ], [ -86.551592, 36.330828 ], [ -86.552619, 36.330396 ], [ -86.553477, 36.330093 ], [ -86.553601, 36.330055 ], [ -86.554118, 36.32992 ], [ -86.554933, 36.32971 ], [ -86.55571, 36.329537 ], [ -86.556899, 36.329196 ], [ -86.557134, 36.32912 ], [ -86.557622, 36.328949 ], [ -86.557829, 36.328877 ], [ -86.558118, 36.328765 ], [ -86.558348, 36.32867 ], [ -86.55839, 36.328653 ], [ -86.558551, 36.328587 ], [ -86.558621, 36.328556 ], [ -86.558719, 36.328512 ], [ -86.559015, 36.328384 ], [ -86.559114, 36.328342 ], [ -86.559229, 36.328291 ], [ -86.559679, 36.328071 ], [ -86.560129, 36.327853 ], [ -86.56126, 36.327274 ], [ -86.56136, 36.327224 ], [ -86.561919, 36.326939 ], [ -86.562015, 36.326887 ], [ -86.562272, 36.326751 ], [ -86.56334, 36.326207 ], [ -86.563697, 36.326026 ], [ -86.563832, 36.325959 ], [ -86.564237, 36.32576 ], [ -86.564287, 36.325736 ], [ -86.564331, 36.325715 ], [ -86.564373, 36.325695 ], [ -86.564538, 36.325613 ], [ -86.564722, 36.325524 ], [ -86.565038, 36.325379 ], [ -86.565115, 36.325344 ], [ -86.56516, 36.325324 ], [ -86.565206, 36.325303 ], [ -86.566169, 36.324886 ], [ -86.566349, 36.32481 ], [ -86.566624, 36.324696 ], [ -86.56927, 36.323601 ], [ -86.569624, 36.323455 ], [ -86.569799, 36.323382 ], [ -86.569821, 36.323374 ], [ -86.57039, 36.323137 ], [ -86.570949, 36.322905 ], [ -86.573262, 36.321949 ], [ -86.573839, 36.321709 ], [ -86.574203, 36.321559 ], [ -86.574792, 36.321314 ], [ -86.575569, 36.32099 ], [ -86.576146, 36.32075 ], [ -86.576612, 36.320555 ], [ -86.577184, 36.320318 ], [ -86.577474, 36.320196 ], [ -86.57801, 36.319967 ], [ -86.578476, 36.31977 ], [ -86.579066, 36.31952 ], [ -86.579584, 36.319302 ], [ -86.580839, 36.318773 ], [ -86.581139, 36.318647 ], [ -86.581429, 36.318522 ], [ -86.581518, 36.318484 ], [ -86.581789, 36.318371 ], [ -86.581879, 36.318334 ], [ -86.582141, 36.318222 ], [ -86.582684, 36.317992 ], [ -86.582893, 36.317904 ], [ -86.582929, 36.317888 ], [ -86.583192, 36.317777 ], [ -86.583677, 36.317571 ], [ -86.585134, 36.316955 ], [ -86.58562, 36.31675 ], [ -86.585974, 36.316599 ], [ -86.586881, 36.316215 ], [ -86.587039, 36.316147 ], [ -86.587288, 36.316043 ], [ -86.587395, 36.315998 ], [ -86.587427, 36.315984 ], [ -86.587526, 36.315942 ], [ -86.587559, 36.315929 ], [ -86.58759, 36.315915 ], [ -86.587683, 36.315877 ], [ -86.587715, 36.315864 ], [ -86.587958, 36.315761 ], [ -86.58869, 36.315454 ], [ -86.588761, 36.315425 ], [ -86.588933, 36.31535 ], [ -86.588981, 36.315328 ], [ -86.589126, 36.315266 ], [ -86.589175, 36.315245 ], [ -86.589208, 36.31523 ], [ -86.589238, 36.315217 ], [ -86.589308, 36.315188 ], [ -86.589342, 36.315174 ], [ -86.589622, 36.315058 ], [ -86.58991, 36.314936 ], [ -86.590227, 36.314803 ], [ -86.590744, 36.314583 ], [ -86.591609, 36.314208 ], [ -86.591793, 36.314129 ], [ -86.591875, 36.314092 ], [ -86.592174, 36.313961 ], [ -86.592288, 36.313907 ], [ -86.592386, 36.313862 ], [ -86.592634, 36.313748 ], [ -86.592684, 36.313726 ], [ -86.59275, 36.313697 ], [ -86.593038, 36.313572 ], [ -86.593237, 36.313481 ], [ -86.593361, 36.313426 ], [ -86.593511, 36.313364 ], [ -86.593695, 36.313288 ], [ -86.593866, 36.313211 ], [ -86.593973, 36.313162 ], [ -86.59421, 36.313054 ], [ -86.594699, 36.312831 ], [ -86.594825, 36.312775 ], [ -86.594892, 36.312744 ], [ -86.595186, 36.312613 ], [ -86.595497, 36.312468 ], [ -86.595574, 36.312433 ], [ -86.595664, 36.312391 ], [ -86.596636, 36.311952 ], [ -86.597105, 36.311735 ], [ -86.597479, 36.311564 ], [ -86.597534, 36.311538 ], [ -86.597583, 36.311512 ], [ -86.597686, 36.311458 ], [ -86.598322, 36.311168 ], [ -86.599272, 36.310737 ], [ -86.599295, 36.310726 ], [ -86.600551, 36.310156 ], [ -86.600693, 36.310092 ], [ -86.601032, 36.309936 ], [ -86.601293, 36.309817 ], [ -86.602087, 36.309456 ], [ -86.602829, 36.30912 ], [ -86.603534, 36.308799 ], [ -86.604031, 36.308573 ], [ -86.604227, 36.308484 ], [ -86.604471, 36.308374 ], [ -86.60473, 36.308258 ], [ -86.604833, 36.30821 ], [ -86.605174, 36.308055 ], [ -86.605266, 36.308013 ], [ -86.605382, 36.307959 ], [ -86.60566, 36.307833 ], [ -86.606845, 36.307299 ], [ -86.60724, 36.307122 ], [ -86.607374, 36.307064 ], [ -86.607451, 36.307034 ], [ -86.608093, 36.306788 ], [ -86.608308, 36.306706 ], [ -86.60856, 36.306622 ], [ -86.608846, 36.306528 ], [ -86.609322, 36.306383 ], [ -86.609577, 36.306306 ], [ -86.609597, 36.306354 ], [ -86.609612, 36.306393 ], [ -86.609629, 36.306474 ], [ -86.609585, 36.30665 ], [ -86.609487, 36.306884 ], [ -86.609482, 36.306894 ], [ -86.60875, 36.308614 ], [ -86.608718, 36.30869 ], [ -86.608673, 36.308798 ], [ -86.60863, 36.308933 ], [ -86.608628, 36.30902 ], [ -86.608651, 36.309078 ], [ -86.608718, 36.309128 ], [ -86.608764, 36.309146 ], [ -86.608591, 36.309547 ], [ -86.608552, 36.309702 ], [ -86.608513, 36.309795 ], [ -86.608474, 36.309991 ], [ -86.608474, 36.31008 ], [ -86.608523, 36.310253 ], [ -86.608549, 36.3103 ], [ -86.608692, 36.310514 ], [ -86.608725, 36.310631 ], [ -86.608732, 36.310748 ], [ -86.608706, 36.310892 ], [ -86.608612, 36.311146 ], [ -86.608561, 36.311263 ], [ -86.608526, 36.311305 ], [ -86.608518, 36.311333 ], [ -86.608475, 36.31138 ], [ -86.608449, 36.311428 ], [ -86.608407, 36.311484 ], [ -86.608342, 36.311583 ], [ -86.608329, 36.311641 ], [ -86.608303, 36.311675 ], [ -86.608286, 36.311806 ], [ -86.608256, 36.311872 ], [ -86.608241, 36.31201 ], [ -86.608213, 36.312271 ], [ -86.60814, 36.312944 ], [ -86.60799, 36.31401 ], [ -86.60789, 36.314446 ], [ -86.607726, 36.314824 ], [ -86.607665, 36.314941 ], [ -86.607623, 36.314983 ], [ -86.607509, 36.315127 ], [ -86.607469, 36.315185 ], [ -86.607078, 36.315504 ], [ -86.606685, 36.315805 ], [ -86.606137, 36.316079 ], [ -86.60597, 36.316209 ], [ -86.605715, 36.316449 ], [ -86.605621, 36.316552 ], [ -86.605562, 36.316627 ], [ -86.605536, 36.316682 ], [ -86.60551, 36.316717 ], [ -86.605501, 36.316744 ], [ -86.605458, 36.316792 ], [ -86.605441, 36.316827 ], [ -86.605416, 36.316854 ], [ -86.605399, 36.316888 ], [ -86.605356, 36.316937 ], [ -86.60533, 36.317005 ], [ -86.605304, 36.317026 ], [ -86.605279, 36.317088 ], [ -86.605253, 36.317115 ], [ -86.605211, 36.317171 ], [ -86.605133, 36.317299 ], [ -86.605052, 36.317376 ], [ -86.604793, 36.317703 ], [ -86.604743, 36.317783 ], [ -86.604668, 36.31785 ], [ -86.604587, 36.317969 ], [ -86.604476, 36.318069 ], [ -86.604459, 36.318103 ], [ -86.604365, 36.318199 ], [ -86.604228, 36.31833 ], [ -86.604057, 36.318556 ], [ -86.604057, 36.318577 ], [ -86.604014, 36.318618 ], [ -86.603997, 36.318666 ], [ -86.603955, 36.318707 ], [ -86.603938, 36.318755 ], [ -86.603903, 36.31879 ], [ -86.603834, 36.318934 ], [ -86.603697, 36.319188 ], [ -86.603595, 36.319367 ], [ -86.603569, 36.319388 ], [ -86.603527, 36.319435 ], [ -86.603496, 36.319475 ], [ -86.603279, 36.319764 ], [ -86.603022, 36.320081 ], [ -86.603005, 36.320115 ], [ -86.602979, 36.320142 ], [ -86.602962, 36.320176 ], [ -86.602937, 36.320204 ], [ -86.602911, 36.320273 ], [ -86.602885, 36.3203 ], [ -86.602834, 36.320431 ], [ -86.602761, 36.320586 ], [ -86.60273, 36.320726 ], [ -86.602704, 36.320891 ], [ -86.602719, 36.321091 ], [ -86.602753, 36.321194 ], [ -86.602779, 36.321229 ], [ -86.602795, 36.321276 ], [ -86.602863, 36.32138 ], [ -86.60298, 36.321457 ], [ -86.603065, 36.321477 ], [ -86.603095, 36.321495 ], [ -86.603133, 36.321498 ], [ -86.603252, 36.321526 ], [ -86.603353, 36.32154 ], [ -86.603447, 36.321568 ], [ -86.603519, 36.321603 ], [ -86.603686, 36.321737 ], [ -86.603807, 36.321725 ], [ -86.603993, 36.321846 ], [ -86.604119, 36.321928 ], [ -86.604183, 36.321969 ], [ -86.604416, 36.32212 ], [ -86.604425, 36.322204 ], [ -86.604436, 36.322294 ], [ -86.604354, 36.322663 ], [ -86.603928, 36.323398 ], [ -86.603708, 36.323778 ], [ -86.603664, 36.323854 ], [ -86.60362, 36.323929 ], [ -86.603402, 36.324305 ], [ -86.603161, 36.32455 ], [ -86.602757, 36.324597 ], [ -86.602279, 36.324616 ], [ -86.602006, 36.324772 ], [ -86.601616, 36.32538 ], [ -86.601452, 36.325637 ], [ -86.601216, 36.325844 ], [ -86.600483, 36.325973 ], [ -86.599233, 36.326329 ], [ -86.599066, 36.326461 ], [ -86.598802, 36.327029 ], [ -86.598698, 36.327384 ], [ -86.598747, 36.327661 ], [ -86.598886, 36.327934 ], [ -86.598902, 36.327965 ], [ -86.599122, 36.328279 ], [ -86.599482, 36.328439 ], [ -86.600065, 36.32859 ], [ -86.600445, 36.328879 ], [ -86.600444, 36.329123 ], [ -86.600023, 36.329554 ], [ -86.599404, 36.330069 ], [ -86.598865, 36.33038 ], [ -86.598658, 36.330501 ], [ -86.597001, 36.331078 ], [ -86.596651, 36.331324 ], [ -86.596487, 36.331574 ], [ -86.596474, 36.331727 ], [ -86.596465, 36.331819 ], [ -86.596441, 36.332094 ], [ -86.596433, 36.332187 ], [ -86.596419, 36.332348 ], [ -86.596416, 36.332384 ], [ -86.596368, 36.332572 ], [ -86.596197, 36.332765 ], [ -86.59609, 36.332888 ], [ -86.596054, 36.332928 ], [ -86.595945, 36.333051 ], [ -86.59591, 36.333093 ], [ -86.595886, 36.33312 ], [ -86.595814, 36.3332 ], [ -86.595791, 36.333228 ], [ -86.595687, 36.333346 ], [ -86.595627, 36.333933 ], [ -86.595584, 36.334359 ], [ -86.595598, 36.334585 ], [ -86.595378, 36.334998 ], [ -86.594481, 36.335473 ], [ -86.594166, 36.335731 ], [ -86.594024, 36.336087 ], [ -86.593951, 36.336247 ], [ -86.593871, 36.336471 ], [ -86.593544, 36.336445 ], [ -86.593546, 36.336481 ], [ -86.593556, 36.336637 ], [ -86.593605, 36.337345 ], [ -86.59363, 36.337511 ], [ -86.593711, 36.338216 ], [ -86.593749, 36.338432 ], [ -86.593848, 36.338739 ], [ -86.593891, 36.338906 ], [ -86.593917, 36.33913 ], [ -86.593919, 36.339179 ], [ -86.5939, 36.339443 ], [ -86.593875, 36.339605 ], [ -86.593717, 36.340618 ], [ -86.593749, 36.340864 ], [ -86.593779, 36.341121 ], [ -86.593838, 36.34127 ], [ -86.593964, 36.341525 ], [ -86.59408, 36.341703 ], [ -86.594172, 36.341823 ], [ -86.594265, 36.342045 ], [ -86.594291, 36.342157 ], [ -86.594252, 36.34395 ], [ -86.594248, 36.344138 ], [ -86.594246, 36.344226 ], [ -86.594245, 36.344325 ], [ -86.594235, 36.345019 ], [ -86.59422, 36.346268 ], [ -86.594222, 36.346551 ], [ -86.594222, 36.34659 ], [ -86.594255, 36.346832 ], [ -86.594273, 36.346906 ], [ -86.594436, 36.347371 ], [ -86.594441, 36.347386 ], [ -86.594453, 36.347422 ], [ -86.594479, 36.347553 ], [ -86.594485, 36.34762 ], [ -86.594478, 36.347791 ], [ -86.594436, 36.348046 ], [ -86.594387, 36.348362 ], [ -86.594308, 36.348866 ], [ -86.594305, 36.348896 ], [ -86.594282, 36.349133 ], [ -86.594281, 36.349167 ], [ -86.594302, 36.349404 ], [ -86.594471, 36.349968 ], [ -86.594475, 36.349981 ], [ -86.59451, 36.350099 ], [ -86.594316, 36.350175 ], [ -86.594119, 36.350263 ], [ -86.593969, 36.350324 ], [ -86.593777, 36.350403 ], [ -86.593614, 36.350507 ], [ -86.593414, 36.350697 ], [ -86.593365, 36.350753 ], [ -86.593247, 36.350889 ], [ -86.593131, 36.351023 ], [ -86.593041, 36.351124 ], [ -86.592888, 36.351273 ], [ -86.592794, 36.351327 ], [ -86.592724, 36.351352 ], [ -86.592617, 36.351373 ], [ -86.592562, 36.351385 ], [ -86.592409, 36.351386 ], [ -86.592037, 36.351357 ], [ -86.591825, 36.351338 ], [ -86.591625, 36.35132 ], [ -86.59086, 36.35124 ], [ -86.590605, 36.351213 ], [ -86.590518, 36.351201 ], [ -86.590189, 36.351154 ], [ -86.590031, 36.351132 ], [ -86.589757, 36.3511 ], [ -86.589702, 36.351094 ], [ -86.589427, 36.351092 ], [ -86.589198, 36.351107 ], [ -86.589018, 36.351119 ], [ -86.588867, 36.351114 ], [ -86.58846, 36.351074 ], [ -86.587881, 36.351018 ], [ -86.587241, 36.350955 ], [ -86.586835, 36.350916 ], [ -86.586409, 36.350875 ], [ -86.586167, 36.350861 ], [ -86.586053, 36.351163 ], [ -86.585991, 36.351502 ], [ -86.585966, 36.351701 ], [ -86.585619, 36.354425 ], [ -86.585529, 36.355086 ], [ -86.585446, 36.355687 ], [ -86.585375, 36.356178 ], [ -86.585373, 36.35619 ], [ -86.58532, 36.356555 ], [ -86.585305, 36.356699 ], [ -86.585258, 36.357192 ], [ -86.585248, 36.357296 ], [ -86.585244, 36.357326 ], [ -86.585131, 36.357314 ], [ -86.585125, 36.357357 ], [ -86.585032, 36.358083 ], [ -86.585007, 36.358275 ], [ -86.584926, 36.358581 ], [ -86.584751, 36.358753 ], [ -86.584369, 36.359028 ], [ -86.583924, 36.359364 ], [ -86.58359, 36.359602 ], [ -86.583505, 36.360161 ], [ -86.583506, 36.360171 ], [ -86.583149, 36.360648 ], [ -86.583202, 36.360921 ], [ -86.583288, 36.361092 ], [ -86.58304, 36.36109 ], [ -86.582629, 36.361056 ], [ -86.582365, 36.36106 ], [ -86.582347, 36.36106 ], [ -86.582292, 36.361071 ], [ -86.582256, 36.361079 ], [ -86.582161, 36.361128 ], [ -86.582087, 36.361203 ], [ -86.582072, 36.361234 ], [ -86.582007, 36.361414 ], [ -86.581763, 36.362229 ], [ -86.581694, 36.362482 ], [ -86.581608, 36.362793 ], [ -86.581492, 36.363107 ], [ -86.581402, 36.363228 ], [ -86.58134, 36.363279 ], [ -86.581238, 36.363311 ], [ -86.581043, 36.363328 ], [ -86.580846, 36.363317 ], [ -86.580741, 36.363312 ], [ -86.57891, 36.363124 ], [ -86.578617, 36.363113 ], [ -86.578527, 36.363105 ], [ -86.577667, 36.363032 ], [ -86.577401, 36.363011 ], [ -86.577344, 36.363011 ], [ -86.577066, 36.363018 ], [ -86.576937, 36.363062 ], [ -86.576863, 36.36311 ], [ -86.576818, 36.363139 ], [ -86.576809, 36.363149 ], [ -86.576736, 36.363245 ], [ -86.576717, 36.363304 ], [ -86.576699, 36.363361 ], [ -86.576657, 36.363649 ], [ -86.576628, 36.363982 ], [ -86.57659, 36.364444 ], [ -86.576545, 36.364923 ], [ -86.576447, 36.365793 ], [ -86.57631, 36.366598 ], [ -86.576239, 36.367183 ], [ -86.576231, 36.36725 ], [ -86.576229, 36.367522 ], [ -86.576249, 36.367651 ], [ -86.576169, 36.368431 ], [ -86.576154, 36.368579 ], [ -86.576086, 36.369104 ], [ -86.576009, 36.369792 ], [ -86.575979, 36.36989 ], [ -86.575826, 36.369873 ], [ -86.575361, 36.369876 ], [ -86.574918, 36.369844 ], [ -86.574337, 36.369775 ], [ -86.573875, 36.369719 ], [ -86.573343, 36.369656 ], [ -86.571675, 36.369485 ], [ -86.569851, 36.369325 ], [ -86.569169, 36.369243 ], [ -86.56844, 36.369179 ], [ -86.567566, 36.369091 ], [ -86.566294, 36.368963 ], [ -86.56562, 36.368918 ], [ -86.565461, 36.368923 ], [ -86.565349, 36.368937 ], [ -86.565261, 36.368949 ], [ -86.565019, 36.369003 ], [ -86.564936, 36.369022 ], [ -86.564911, 36.36903 ], [ -86.564711, 36.369094 ], [ -86.564219, 36.369252 ], [ -86.564112, 36.369287 ], [ -86.563913, 36.369352 ], [ -86.563444, 36.369445 ], [ -86.56321, 36.369464 ], [ -86.563066, 36.369463 ], [ -86.5625, 36.369406 ], [ -86.562247, 36.369377 ], [ -86.561869, 36.369339 ], [ -86.561795, 36.369332 ], [ -86.561572, 36.369312 ], [ -86.561201, 36.36928 ], [ -86.560806, 36.36924 ], [ -86.560488, 36.36921 ], [ -86.560415, 36.369201 ], [ -86.560273, 36.369183 ], [ -86.559833, 36.369137 ], [ -86.559667, 36.36912 ], [ -86.558492, 36.369 ], [ -86.558393, 36.368989 ], [ -86.557765, 36.36892 ], [ -86.557197, 36.368863 ], [ -86.556373, 36.368784 ], [ -86.555869, 36.368721 ], [ -86.555744, 36.368706 ], [ -86.555723, 36.368703 ], [ -86.555614, 36.368689 ], [ -86.555117, 36.368632 ], [ -86.554997, 36.368626 ], [ -86.554756, 36.36863 ], [ -86.554573, 36.36863 ], [ -86.554129, 36.368658 ], [ -86.553835, 36.368712 ], [ -86.553681, 36.368758 ], [ -86.553637, 36.36877 ], [ -86.553573, 36.36879 ], [ -86.553508, 36.368809 ], [ -86.553465, 36.368823 ], [ -86.553421, 36.368836 ], [ -86.553391, 36.368847 ], [ -86.553298, 36.368883 ], [ -86.553175, 36.368931 ], [ -86.553104, 36.36896 ], [ -86.553214, 36.369158 ], [ -86.553344, 36.369305 ], [ -86.553426, 36.369396 ], [ -86.55373, 36.369635 ], [ -86.554323, 36.370067 ], [ -86.554346, 36.370082 ], [ -86.554486, 36.370175 ], [ -86.55457, 36.37023 ], [ -86.554702, 36.370312 ], [ -86.554827, 36.37039 ], [ -86.555218, 36.370633 ], [ -86.555348, 36.370691 ], [ -86.555741, 36.370816 ], [ -86.555951, 36.370869 ], [ -86.556028, 36.370889 ], [ -86.556638, 36.371073 ], [ -86.556787, 36.371139 ], [ -86.55704, 36.371296 ], [ -86.557207, 36.371425 ], [ -86.557459, 36.37164 ], [ -86.557516, 36.371709 ], [ -86.557635, 36.371896 ], [ -86.557688, 36.372016 ], [ -86.557711, 36.372144 ], [ -86.557672, 36.372268 ], [ -86.55764, 36.372322 ], [ -86.55724, 36.373026 ], [ -86.55715, 36.373219 ], [ -86.557056, 36.373486 ], [ -86.557006, 36.37371 ], [ -86.557006, 36.37383 ], [ -86.557009, 36.374229 ], [ -86.557076, 36.37469 ], [ -86.55711, 36.375204 ], [ -86.557116, 36.375307 ], [ -86.557122, 36.375387 ], [ -86.557148, 36.375549 ], [ -86.557171, 36.375612 ], [ -86.557194, 36.375713 ], [ -86.557409, 36.376073 ], [ -86.557441, 36.376213 ], [ -86.55745, 36.376338 ], [ -86.557514, 36.376997 ], [ -86.557512, 36.377062 ], [ -86.557508, 36.377387 ], [ -86.557552, 36.377856 ], [ -86.557593, 36.378086 ], [ -86.557813, 36.378811 ], [ -86.557875, 36.379003 ], [ -86.558047, 36.37953 ], [ -86.558055, 36.379582 ], [ -86.558086, 36.379783 ], [ -86.558105, 36.379908 ], [ -86.558145, 36.380325 ], [ -86.558176, 36.380639 ], [ -86.558247, 36.381117 ], [ -86.558263, 36.381368 ], [ -86.558246, 36.38191 ], [ -86.558243, 36.381954 ], [ -86.558207, 36.382499 ], [ -86.558325, 36.382521 ], [ -86.558513, 36.382557 ], [ -86.558542, 36.382564 ], [ -86.558655, 36.38259 ], [ -86.55868, 36.382596 ], [ -86.558738, 36.382612 ], [ -86.558797, 36.382628 ], [ -86.55884, 36.382639 ], [ -86.559132, 36.382716 ], [ -86.559377, 36.382782 ], [ -86.560137, 36.382994 ], [ -86.560472, 36.383088 ], [ -86.560725, 36.383158 ], [ -86.561486, 36.383369 ], [ -86.56174, 36.38344 ], [ -86.561567, 36.384672 ], [ -86.561464, 36.385416 ], [ -86.561369, 36.386052 ], [ -86.561271, 36.386813 ], [ -86.56117, 36.387584 ], [ -86.561105, 36.3881 ], [ -86.561066, 36.38837 ], [ -86.560946, 36.389213 ], [ -86.560917, 36.389421 ], [ -86.560913, 36.389454 ], [ -86.560894, 36.389603 ], [ -86.560844, 36.389961 ], [ -86.560783, 36.3904 ], [ -86.560703, 36.391038 ], [ -86.56068, 36.391223 ], [ -86.560674, 36.391399 ], [ -86.560332, 36.391372 ], [ -86.560107, 36.391355 ], [ -86.559706, 36.391309 ], [ -86.559472, 36.391309 ], [ -86.55932, 36.391336 ], [ -86.559058, 36.391412 ], [ -86.558982, 36.391434 ], [ -86.558938, 36.391447 ], [ -86.558888, 36.391462 ], [ -86.558638, 36.391538 ], [ -86.558579, 36.391576 ], [ -86.558482, 36.391686 ], [ -86.558379, 36.391971 ], [ -86.558242, 36.392393 ], [ -86.558214, 36.392581 ], [ -86.558191, 36.392913 ], [ -86.558194, 36.393222 ], [ -86.558209, 36.393317 ], [ -86.558216, 36.393361 ], [ -86.558221, 36.393393 ], [ -86.558334, 36.393798 ], [ -86.558386, 36.393989 ], [ -86.55842, 36.394163 ], [ -86.558495, 36.39457 ], [ -86.558612, 36.395037 ], [ -86.558878, 36.396033 ], [ -86.558969, 36.39634 ], [ -86.559036, 36.396519 ], [ -86.559308, 36.397243 ], [ -86.559409, 36.397547 ], [ -86.559479, 36.397852 ], [ -86.559494, 36.397977 ], [ -86.559481, 36.398091 ], [ -86.55944, 36.398179 ], [ -86.559422, 36.398197 ], [ -86.559373, 36.398233 ], [ -86.559263, 36.398272 ], [ -86.559138, 36.398282 ], [ -86.558288, 36.398244 ], [ -86.55791, 36.398237 ], [ -86.557717, 36.39824 ], [ -86.55759, 36.398256 ], [ -86.557453, 36.398274 ], [ -86.556865, 36.398439 ], [ -86.556266, 36.39864 ], [ -86.555991, 36.398764 ], [ -86.555776, 36.398858 ], [ -86.555613, 36.398951 ], [ -86.555556, 36.399001 ], [ -86.555495, 36.399099 ], [ -86.555451, 36.399315 ], [ -86.555343, 36.400165 ], [ -86.555324, 36.400322 ], [ -86.555296, 36.40057 ], [ -86.555257, 36.400902 ], [ -86.555212, 36.401319 ], [ -86.555193, 36.401394 ], [ -86.555168, 36.401462 ], [ -86.555055, 36.401658 ], [ -86.55482, 36.401923 ], [ -86.554725, 36.402014 ], [ -86.554543, 36.402177 ], [ -86.554307, 36.402342 ], [ -86.55415, 36.402444 ], [ -86.554031, 36.40251 ], [ -86.553786, 36.402656 ], [ -86.553407, 36.402904 ], [ -86.553098, 36.403108 ], [ -86.552787, 36.403289 ], [ -86.552507, 36.403418 ], [ -86.552295, 36.403544 ], [ -86.552208, 36.403614 ], [ -86.552117, 36.403722 ], [ -86.55208, 36.403778 ], [ -86.551789, 36.404263 ], [ -86.551546, 36.404641 ], [ -86.551393, 36.404857 ], [ -86.551192, 36.405094 ], [ -86.551071, 36.405183 ], [ -86.550909, 36.405278 ], [ -86.550835, 36.405325 ], [ -86.550753, 36.405392 ], [ -86.550601, 36.405562 ], [ -86.550542, 36.405644 ], [ -86.550422, 36.405896 ], [ -86.550274, 36.406288 ], [ -86.55018, 36.40646 ], [ -86.550059, 36.406606 ], [ -86.549924, 36.406712 ], [ -86.549796, 36.406785 ], [ -86.549599, 36.406853 ], [ -86.549357, 36.4069 ], [ -86.54906, 36.406925 ], [ -86.548637, 36.406921 ], [ -86.548319, 36.406894 ], [ -86.548079, 36.406841 ], [ -86.547844, 36.406762 ], [ -86.54697, 36.406363 ], [ -86.546481, 36.406139 ], [ -86.546423, 36.40612 ], [ -86.546338, 36.406091 ], [ -86.54632, 36.406085 ], [ -86.545704, 36.405949 ], [ -86.545601, 36.405963 ], [ -86.545522, 36.406004 ], [ -86.54548, 36.406049 ], [ -86.545449, 36.406122 ], [ -86.545388, 36.406421 ], [ -86.545281, 36.40709 ], [ -86.545185, 36.407821 ], [ -86.54499, 36.409148 ], [ -86.544855, 36.410078 ], [ -86.544779, 36.410609 ], [ -86.544697, 36.410966 ], [ -86.544642, 36.411097 ], [ -86.544598, 36.411179 ], [ -86.544457, 36.411382 ], [ -86.544379, 36.411459 ], [ -86.544241, 36.41157 ], [ -86.543966, 36.411756 ], [ -86.543919, 36.411784 ], [ -86.543801, 36.411817 ], [ -86.543661, 36.411827 ], [ -86.543112, 36.411786 ], [ -86.54287, 36.411762 ], [ -86.542407, 36.411716 ], [ -86.541298, 36.411614 ], [ -86.541105, 36.411597 ], [ -86.54098, 36.411586 ], [ -86.540656, 36.411559 ], [ -86.540214, 36.411522 ], [ -86.539611, 36.411465 ], [ -86.539193, 36.41143 ], [ -86.538734, 36.41138 ], [ -86.538628, 36.411369 ], [ -86.538094, 36.411323 ], [ -86.538065, 36.41132 ], [ -86.537937, 36.411308 ], [ -86.537608, 36.411275 ], [ -86.536848, 36.411199 ], [ -86.536188, 36.411135 ], [ -86.536153, 36.411131 ], [ -86.535668, 36.411087 ], [ -86.535308, 36.411051 ], [ -86.534813, 36.411016 ], [ -86.533417, 36.410919 ], [ -86.532246, 36.410835 ], [ -86.531925, 36.410813 ], [ -86.531391, 36.410772 ], [ -86.531045, 36.410748 ], [ -86.530618, 36.41072 ], [ -86.529999, 36.410685 ], [ -86.529662, 36.410667 ], [ -86.529634, 36.410665 ], [ -86.529409, 36.410645 ], [ -86.529391, 36.410644 ], [ -86.528654, 36.410569 ], [ -86.528403, 36.410544 ], [ -86.527763, 36.410486 ], [ -86.527568, 36.410471 ], [ -86.527335, 36.410454 ], [ -86.5259, 36.410323 ], [ -86.525063, 36.410249 ], [ -86.524229, 36.410177 ], [ -86.524048, 36.410157 ], [ -86.523749, 36.410125 ], [ -86.523506, 36.4101 ], [ -86.523326, 36.410082 ], [ -86.523095, 36.410059 ], [ -86.522986, 36.410048 ], [ -86.521958, 36.409949 ], [ -86.521617, 36.409917 ], [ -86.521536, 36.409909 ], [ -86.521393, 36.409895 ], [ -86.521293, 36.40989 ], [ -86.521212, 36.409887 ], [ -86.520935, 36.409853 ], [ -86.520169, 36.409784 ], [ -86.519845, 36.409755 ], [ -86.519372, 36.409708 ], [ -86.519029, 36.409674 ], [ -86.517267, 36.409519 ], [ -86.517041, 36.409495 ], [ -86.516806, 36.409472 ], [ -86.516516, 36.409443 ], [ -86.515999, 36.409395 ], [ -86.515665, 36.409367 ], [ -86.514665, 36.409283 ], [ -86.514332, 36.409255 ], [ -86.514206, 36.409244 ], [ -86.514022, 36.40923 ], [ -86.513931, 36.409231 ], [ -86.513886, 36.409233 ], [ -86.513703, 36.409274 ], [ -86.513567, 36.409341 ], [ -86.512856, 36.409749 ], [ -86.512844, 36.409756 ], [ -86.512523, 36.409919 ], [ -86.512497, 36.409928 ], [ -86.512437, 36.409948 ], [ -86.512399, 36.409961 ], [ -86.512257, 36.410005 ], [ -86.512198, 36.410025 ], [ -86.51215, 36.410039 ], [ -86.512008, 36.410084 ], [ -86.511961, 36.4101 ], [ -86.511892, 36.410121 ], [ -86.511685, 36.410186 ], [ -86.511617, 36.410208 ], [ -86.511117, 36.41036 ], [ -86.510037, 36.41069 ], [ -86.509624, 36.410831 ], [ -86.509473, 36.410884 ], [ -86.50942, 36.410909 ], [ -86.509232, 36.411076 ], [ -86.509196, 36.411113 ], [ -86.509159, 36.411152 ], [ -86.509147, 36.411166 ], [ -86.509006, 36.411336 ], [ -86.508784, 36.411661 ], [ -86.508711, 36.411779 ], [ -86.508409, 36.41227 ], [ -86.508286, 36.41242 ], [ -86.508153, 36.412524 ], [ -86.50793, 36.412676 ], [ -86.507154, 36.413199 ], [ -86.506873, 36.413376 ], [ -86.50679, 36.41343 ], [ -86.506192, 36.413842 ], [ -86.50671, 36.414157 ], [ -86.507461, 36.414615 ], [ -86.507652, 36.414729 ], [ -86.507982, 36.414925 ], [ -86.508278, 36.415085 ], [ -86.508812, 36.415375 ], [ -86.508886, 36.415416 ], [ -86.509011, 36.415486 ], [ -86.50911, 36.415543 ], [ -86.509138, 36.415559 ], [ -86.509185, 36.415585 ], [ -86.509223, 36.415607 ], [ -86.509603, 36.415824 ], [ -86.510283, 36.416213 ], [ -86.510836, 36.416534 ], [ -86.510857, 36.416546 ], [ -86.511275, 36.416789 ], [ -86.511694, 36.417018 ], [ -86.512227, 36.417323 ], [ -86.512428, 36.417439 ], [ -86.512742, 36.417612 ], [ -86.51311, 36.417827 ], [ -86.513457, 36.418021 ], [ -86.513986, 36.418314 ], [ -86.514449, 36.418569 ], [ -86.514711, 36.41875 ], [ -86.514976, 36.418974 ], [ -86.515021, 36.419019 ], [ -86.515272, 36.419269 ], [ -86.515435, 36.41944 ], [ -86.515784, 36.419802 ], [ -86.515907, 36.419928 ], [ -86.515964, 36.419989 ], [ -86.516465, 36.420528 ], [ -86.516493, 36.420563 ], [ -86.516607, 36.420707 ], [ -86.516653, 36.420769 ], [ -86.516767, 36.42092 ], [ -86.516775, 36.420934 ], [ -86.51686, 36.421073 ], [ -86.517097, 36.421464 ], [ -86.517204, 36.421641 ], [ -86.517239, 36.421699 ], [ -86.517574, 36.422239 ], [ -86.517869, 36.422699 ], [ -86.518749, 36.424068 ], [ -86.518987, 36.424437 ], [ -86.519708, 36.425552 ], [ -86.519904, 36.425851 ], [ -86.52059, 36.426897 ], [ -86.520759, 36.427154 ], [ -86.52112, 36.427705 ], [ -86.52128, 36.427917 ], [ -86.521467, 36.428163 ], [ -86.521533, 36.428251 ], [ -86.521879, 36.428736 ], [ -86.521904, 36.428771 ], [ -86.522324, 36.429402 ], [ -86.522397, 36.429533 ], [ -86.522629, 36.43 ], [ -86.522765, 36.430286 ], [ -86.522911, 36.430583 ], [ -86.523112, 36.430989 ], [ -86.523229, 36.431215 ], [ -86.523351, 36.431453 ], [ -86.523439, 36.431624 ], [ -86.523573, 36.431928 ], [ -86.523666, 36.43219 ], [ -86.523757, 36.432442 ], [ -86.523976, 36.433061 ], [ -86.524198, 36.433692 ], [ -86.524209, 36.433726 ], [ -86.524423, 36.434349 ], [ -86.524468, 36.434458 ], [ -86.524559, 36.434646 ], [ -86.524692, 36.434808 ], [ -86.524776, 36.43489 ], [ -86.525105, 36.435213 ], [ -86.525951, 36.436003 ], [ -86.526069, 36.436149 ], [ -86.52618, 36.436338 ], [ -86.526423, 36.43692 ], [ -86.526481, 36.437022 ], [ -86.52658, 36.437194 ], [ -86.526742, 36.437424 ], [ -86.527278, 36.438126 ], [ -86.527363, 36.438238 ], [ -86.527618, 36.438577 ], [ -86.527703, 36.43869 ], [ -86.527829, 36.438866 ], [ -86.527911, 36.438998 ], [ -86.527967, 36.439088 ], [ -86.528448, 36.43992 ], [ -86.528745, 36.440526 ], [ -86.528755, 36.440543 ], [ -86.528897, 36.440789 ], [ -86.529059, 36.441011 ], [ -86.529384, 36.441481 ], [ -86.529725, 36.44198 ], [ -86.529956, 36.4423 ], [ -86.53004, 36.442405 ], [ -86.530125, 36.442487 ], [ -86.530436, 36.442734 ], [ -86.530639, 36.442915 ], [ -86.530855, 36.44315 ], [ -86.531045, 36.443412 ], [ -86.531225, 36.443742 ], [ -86.531457, 36.444283 ], [ -86.531992, 36.445607 ], [ -86.53213, 36.445893 ], [ -86.532274, 36.446192 ], [ -86.532326, 36.446292 ], [ -86.532964, 36.447522 ], [ -86.533113, 36.447788 ], [ -86.533172, 36.447897 ], [ -86.533352, 36.448224 ], [ -86.533413, 36.448334 ], [ -86.533459, 36.448413 ], [ -86.533509, 36.448498 ], [ -86.533517, 36.448511 ], [ -86.533654, 36.448713 ], [ -86.533879, 36.448981 ], [ -86.533894, 36.448998 ], [ -86.534031, 36.449153 ], [ -86.534044, 36.449168 ], [ -86.534336, 36.449447 ], [ -86.53451, 36.449586 ], [ -86.534841, 36.449828 ], [ -86.535391, 36.450194 ], [ -86.535456, 36.450237 ], [ -86.535548, 36.450293 ], [ -86.535759, 36.450416 ], [ -86.536124, 36.450629 ], [ -86.536388, 36.450783 ], [ -86.537231, 36.451251 ], [ -86.537315, 36.451298 ], [ -86.537596, 36.451466 ], [ -86.537675, 36.451513 ], [ -86.537794, 36.451575 ], [ -86.537914, 36.451643 ], [ -86.537994, 36.451688 ], [ -86.538421, 36.451928 ], [ -86.538637, 36.452064 ], [ -86.538764, 36.452144 ], [ -86.539616, 36.452728 ], [ -86.539809, 36.452829 ], [ -86.540071, 36.452939 ], [ -86.540403, 36.453039 ], [ -86.540604, 36.453076 ], [ -86.540793, 36.453111 ], [ -86.54134, 36.453199 ], [ -86.541371, 36.453204 ], [ -86.54174, 36.453284 ], [ -86.541937, 36.453341 ], [ -86.54229, 36.453486 ], [ -86.542655, 36.453684 ], [ -86.54357, 36.454191 ], [ -86.544108, 36.45449 ], [ -86.54489, 36.45491 ], [ -86.545152, 36.455069 ], [ -86.545785, 36.455431 ], [ -86.546125, 36.455626 ], [ -86.546313, 36.455755 ], [ -86.546541, 36.455897 ], [ -86.546845, 36.456062 ], [ -86.547137, 36.456203 ], [ -86.547264, 36.456265 ], [ -86.547788, 36.456513 ], [ -86.547968, 36.4566 ], [ -86.548102, 36.456667 ], [ -86.548216, 36.456725 ], [ -86.548614, 36.456868 ], [ -86.548923, 36.456972 ], [ -86.549206, 36.457052 ], [ -86.551094, 36.457625 ], [ -86.551116, 36.457632 ], [ -86.551317, 36.457708 ], [ -86.551508, 36.457792 ], [ -86.551782, 36.457938 ], [ -86.552483, 36.458372 ], [ -86.552763, 36.45857 ], [ -86.552981, 36.458732 ], [ -86.553045, 36.45878 ], [ -86.553433, 36.45909 ], [ -86.553618, 36.459243 ], [ -86.553711, 36.459319 ], [ -86.55383, 36.459415 ], [ -86.553879, 36.459455 ], [ -86.554345, 36.459826 ], [ -86.554426, 36.459889 ], [ -86.554589, 36.460024 ], [ -86.554962, 36.460334 ], [ -86.555161, 36.460522 ], [ -86.555196, 36.460556 ], [ -86.555751, 36.461102 ], [ -86.55591, 36.461273 ], [ -86.556649, 36.46209 ], [ -86.55678, 36.462234 ], [ -86.557306, 36.46281 ], [ -86.557557, 36.463085 ], [ -86.557638, 36.463169 ], [ -86.558361, 36.463974 ], [ -86.558539, 36.464172 ], [ -86.559309, 36.465079 ], [ -86.559471, 36.465286 ], [ -86.55961, 36.46548 ], [ -86.55976, 36.465658 ], [ -86.559939, 36.465816 ], [ -86.560612, 36.466283 ], [ -86.560904, 36.466486 ], [ -86.56136, 36.466771 ], [ -86.561525, 36.466867 ], [ -86.561574, 36.466895 ], [ -86.561939, 36.46709 ], [ -86.562003, 36.46712 ], [ -86.562303, 36.46726 ], [ -86.562559, 36.46738 ], [ -86.562894, 36.467515 ], [ -86.563288, 36.467659 ], [ -86.564366, 36.468 ], [ -86.564512, 36.468055 ], [ -86.564748, 36.468185 ], [ -86.564918, 36.468279 ], [ -86.565283, 36.468505 ], [ -86.565489, 36.468646 ], [ -86.565936, 36.468951 ], [ -86.566331, 36.469221 ], [ -86.566891, 36.469587 ], [ -86.567284, 36.469856 ], [ -86.567369, 36.469914 ], [ -86.567579, 36.470075 ], [ -86.567718, 36.470181 ], [ -86.568013, 36.470397 ], [ -86.568104, 36.47048 ], [ -86.568229, 36.470601 ], [ -86.568401, 36.470774 ], [ -86.568773, 36.47118 ], [ -86.568799, 36.471214 ], [ -86.568861, 36.471293 ], [ -86.568955, 36.471472 ], [ -86.56902, 36.471642 ], [ -86.569073, 36.471939 ], [ -86.569118, 36.47218 ], [ -86.569189, 36.472541 ], [ -86.569303, 36.473007 ], [ -86.569353, 36.473475 ], [ -86.569429, 36.473633 ], [ -86.569488, 36.473705 ], [ -86.569534, 36.473752 ], [ -86.57, 36.474189 ], [ -86.570165, 36.474358 ], [ -86.57024, 36.474419 ], [ -86.57038, 36.474502 ], [ -86.570574, 36.47459 ], [ -86.571019, 36.47474 ], [ -86.571319, 36.474841 ], [ -86.571578, 36.474949 ], [ -86.572699, 36.475636 ], [ -86.573189, 36.475207 ], [ -86.573577, 36.474875 ], [ -86.573689, 36.474748 ], [ -86.573704, 36.474555 ], [ -86.573737, 36.474354 ], [ -86.573854, 36.47421 ], [ -86.574167, 36.473998 ], [ -86.574358, 36.473839 ], [ -86.574462, 36.473714 ], [ -86.574575, 36.473515 ], [ -86.575203, 36.47256 ], [ -86.575255, 36.472374 ], [ -86.57551, 36.471536 ], [ -86.575651, 36.471337 ], [ -86.575929, 36.470881 ], [ -86.576083, 36.470672 ], [ -86.576132, 36.470626 ], [ -86.57626, 36.470547 ], [ -86.576572, 36.470414 ], [ -86.576648, 36.470377 ], [ -86.577248, 36.470095 ], [ -86.577727, 36.469884 ], [ -86.577824, 36.469828 ], [ -86.577891, 36.469772 ], [ -86.577917, 36.469735 ], [ -86.577939, 36.469661 ], [ -86.577946, 36.469502 ], [ -86.577939, 36.469459 ], [ -86.577935, 36.469433 ], [ -86.577649, 36.469088 ], [ -86.5775, 36.468892 ], [ -86.57743, 36.468769 ], [ -86.577218, 36.468279 ], [ -86.577211, 36.468262 ], [ -86.577028, 36.467782 ], [ -86.576921, 36.467551 ], [ -86.576774, 36.467327 ], [ -86.576624, 36.4672 ], [ -86.576397, 36.466951 ], [ -86.576308, 36.466829 ], [ -86.57625, 36.466712 ], [ -86.576213, 36.466428 ], [ -86.576067, 36.466202 ], [ -86.57585, 36.465925 ], [ -86.575613, 36.465661 ], [ -86.575374, 36.465363 ], [ -86.575129, 36.465091 ], [ -86.575097, 36.465076 ], [ -86.575007, 36.465068 ], [ -86.574956, 36.465078 ], [ -86.574895, 36.46511 ], [ -86.574794, 36.465196 ], [ -86.574631, 36.465336 ], [ -86.574426, 36.465533 ], [ -86.574211, 36.465661 ], [ -86.574147, 36.465716 ], [ -86.573905, 36.466083 ], [ -86.573801, 36.466177 ], [ -86.573716, 36.466201 ], [ -86.573565, 36.466296 ], [ -86.573513, 36.46633 ], [ -86.573428, 36.46642 ], [ -86.573351, 36.466527 ], [ -86.573225, 36.46675 ], [ -86.573141, 36.466958 ], [ -86.57308, 36.467112 ], [ -86.573028, 36.467176 ], [ -86.573013, 36.467186 ], [ -86.572979, 36.467114 ], [ -86.572962, 36.467011 ], [ -86.572965, 36.466808 ], [ -86.573016, 36.466567 ], [ -86.573088, 36.466405 ], [ -86.573175, 36.466239 ], [ -86.573299, 36.465945 ], [ -86.573418, 36.465629 ], [ -86.573482, 36.465427 ], [ -86.573553, 36.465209 ], [ -86.573574, 36.465123 ], [ -86.573587, 36.465099 ], [ -86.573692, 36.46469 ], [ -86.573747, 36.464549 ], [ -86.573773, 36.464515 ], [ -86.573781, 36.464488 ], [ -86.573815, 36.464439 ], [ -86.573904, 36.464338 ], [ -86.57401, 36.464233 ], [ -86.574052, 36.464205 ], [ -86.574154, 36.46415 ], [ -86.574263, 36.464105 ], [ -86.574494, 36.463985 ], [ -86.574537, 36.463971 ], [ -86.57457, 36.46395 ], [ -86.574918, 36.463833 ], [ -86.574953, 36.463826 ], [ -86.574997, 36.463803 ], [ -86.575054, 36.463785 ], [ -86.57508, 36.46377 ], [ -86.57519, 36.463729 ], [ -86.575284, 36.463681 ], [ -86.575377, 36.463626 ], [ -86.575462, 36.463584 ], [ -86.575691, 36.463501 ], [ -86.575853, 36.463453 ], [ -86.575887, 36.463446 ], [ -86.576014, 36.463388 ], [ -86.576162, 36.463295 ], [ -86.57629, 36.463205 ], [ -86.576468, 36.463102 ], [ -86.576523, 36.463074 ], [ -86.576752, 36.462922 ], [ -86.576821, 36.462868 ], [ -86.576905, 36.462791 ], [ -86.577066, 36.462616 ], [ -86.577295, 36.462331 ], [ -86.577389, 36.462221 ], [ -86.577447, 36.462172 ], [ -86.577524, 36.462131 ], [ -86.577609, 36.462091 ], [ -86.57766, 36.462069 ], [ -86.577804, 36.462014 ], [ -86.577855, 36.462 ], [ -86.578048, 36.461914 ], [ -86.57828, 36.461793 ], [ -86.578432, 36.461683 ], [ -86.578534, 36.4616 ], [ -86.578586, 36.461552 ], [ -86.578712, 36.461453 ], [ -86.578852, 36.461352 ], [ -86.57906, 36.461174 ], [ -86.579154, 36.461078 ], [ -86.57923, 36.460857 ], [ -86.579329, 36.460576 ], [ -86.579714, 36.460463 ], [ -86.579939, 36.460398 ], [ -86.58007, 36.460268 ], [ -86.580185, 36.460132 ], [ -86.580197, 36.46012 ], [ -86.580257, 36.460037 ], [ -86.580374, 36.459913 ], [ -86.580427, 36.459868 ], [ -86.5806, 36.459742 ], [ -86.580732, 36.459666 ], [ -86.580799, 36.4596 ], [ -86.58085, 36.459528 ], [ -86.580926, 36.459453 ], [ -86.580988, 36.459415 ], [ -86.581054, 36.459377 ], [ -86.581139, 36.459356 ], [ -86.581337, 36.459337 ], [ -86.581457, 36.459325 ], [ -86.581538, 36.459307 ], [ -86.581683, 36.459231 ], [ -86.581742, 36.45917 ], [ -86.581767, 36.459121 ], [ -86.581786, 36.459044 ], [ -86.581818, 36.458874 ], [ -86.581821, 36.458775 ], [ -86.581842, 36.458533 ], [ -86.581837, 36.458517 ], [ -86.581859, 36.45842 ], [ -86.581884, 36.458345 ], [ -86.581919, 36.458296 ], [ -86.581956, 36.458257 ], [ -86.581977, 36.458235 ], [ -86.582055, 36.458172 ], [ -86.582147, 36.458118 ], [ -86.582309, 36.458042 ], [ -86.582356, 36.458007 ], [ -86.58247, 36.457897 ], [ -86.582504, 36.457849 ], [ -86.582538, 36.457774 ], [ -86.582555, 36.457712 ], [ -86.582622, 36.457622 ], [ -86.582686, 36.457567 ], [ -86.582809, 36.457498 ], [ -86.582928, 36.45745 ], [ -86.582962, 36.457442 ], [ -86.58306, 36.457381 ], [ -86.583141, 36.457311 ], [ -86.583251, 36.457198 ], [ -86.583361, 36.457064 ], [ -86.583411, 36.456974 ], [ -86.58347, 36.456823 ], [ -86.583512, 36.456672 ], [ -86.583538, 36.456611 ], [ -86.58358, 36.456535 ], [ -86.583639, 36.456466 ], [ -86.583775, 36.456332 ], [ -86.583861, 36.456232 ], [ -86.583919, 36.456115 ], [ -86.583996, 36.455929 ], [ -86.584106, 36.455771 ], [ -86.584224, 36.455647 ], [ -86.584356, 36.455544 ], [ -86.584539, 36.455448 ], [ -86.584577, 36.45542 ], [ -86.584745, 36.455267 ], [ -86.584768, 36.455247 ], [ -86.584844, 36.455185 ], [ -86.58495, 36.455117 ], [ -86.585064, 36.455062 ], [ -86.585167, 36.45504 ], [ -86.585205, 36.455037 ], [ -86.585383, 36.455044 ], [ -86.585536, 36.45503 ], [ -86.585574, 36.455019 ], [ -86.585596, 36.455006 ], [ -86.585626, 36.454999 ], [ -86.585714, 36.454944 ], [ -86.58588, 36.454796 ], [ -86.585972, 36.454703 ], [ -86.585985, 36.454736 ], [ -86.586094, 36.454961 ], [ -86.586102, 36.454978 ], [ -86.586233, 36.455247 ], [ -86.586432, 36.455612 ], [ -86.586541, 36.455781 ], [ -86.586592, 36.455859 ], [ -86.586721, 36.456029 ], [ -86.586758, 36.456078 ], [ -86.586846, 36.45623 ], [ -86.586884, 36.456397 ], [ -86.586888, 36.456452 ], [ -86.586896, 36.456556 ], [ -86.586879, 36.457246 ], [ -86.586902, 36.4575 ], [ -86.58696, 36.457718 ], [ -86.587008, 36.457824 ], [ -86.587089, 36.458001 ], [ -86.587216, 36.458239 ], [ -86.587235, 36.458273 ], [ -86.58729, 36.458371 ], [ -86.587328, 36.458399 ], [ -86.58736, 36.458423 ], [ -86.587383, 36.458432 ], [ -86.587464, 36.458466 ], [ -86.587568, 36.458492 ], [ -86.587632, 36.458508 ], [ -86.587936, 36.458575 ], [ -86.588006, 36.4586 ], [ -86.588113, 36.458656 ], [ -86.58817, 36.458686 ], [ -86.588356, 36.458805 ], [ -86.58857, 36.458972 ], [ -86.588703, 36.459054 ], [ -86.588831, 36.45911 ], [ -86.589475, 36.459292 ], [ -86.589534, 36.459309 ], [ -86.589825, 36.459412 ], [ -86.589952, 36.459464 ], [ -86.590218, 36.459573 ], [ -86.590454, 36.459671 ], [ -86.590747, 36.45978 ], [ -86.590983, 36.459872 ], [ -86.591022, 36.45989 ], [ -86.591283, 36.460015 ], [ -86.591447, 36.460094 ], [ -86.592485, 36.460661 ], [ -86.592608, 36.460738 ], [ -86.593275, 36.461227 ], [ -86.593912, 36.461721 ], [ -86.59394, 36.461736 ], [ -86.594124, 36.461838 ], [ -86.594309, 36.461895 ], [ -86.594541, 36.46192 ], [ -86.59469, 36.461916 ], [ -86.594772, 36.461909 ], [ -86.594877, 36.461918 ], [ -86.595044, 36.461953 ], [ -86.595246, 36.462009 ], [ -86.595679, 36.462163 ], [ -86.5959, 36.462275 ], [ -86.596037, 36.462368 ], [ -86.596118, 36.46245 ], [ -86.5962, 36.462608 ], [ -86.596455, 36.46303 ], [ -86.596508, 36.463097 ], [ -86.597116, 36.463736 ], [ -86.597459, 36.46424 ], [ -86.597534, 36.464377 ], [ -86.597557, 36.464455 ], [ -86.597548, 36.464615 ], [ -86.597478, 36.464823 ], [ -86.597352, 36.465065 ], [ -86.597167, 36.465366 ], [ -86.596486, 36.466308 ], [ -86.596458, 36.466384 ], [ -86.596425, 36.466553 ], [ -86.596425, 36.466756 ], [ -86.596487, 36.466968 ], [ -86.596511, 36.46702 ], [ -86.596652, 36.467318 ], [ -86.596707, 36.467388 ], [ -86.59681, 36.467479 ], [ -86.596915, 36.467543 ], [ -86.597058, 36.467584 ], [ -86.597739, 36.467635 ], [ -86.597844, 36.467661 ], [ -86.597972, 36.467743 ], [ -86.597987, 36.467761 ], [ -86.598086, 36.46788 ], [ -86.598192, 36.468056 ], [ -86.598268, 36.468158 ], [ -86.598687, 36.468629 ], [ -86.598792, 36.468709 ], [ -86.599536, 36.469089 ], [ -86.600248, 36.469423 ], [ -86.600339, 36.469479 ], [ -86.600482, 36.469615 ], [ -86.600563, 36.469284 ], [ -86.600298, 36.469249 ], [ -86.600277, 36.467364 ], [ -86.600254, 36.46522 ], [ -86.600696, 36.465167 ], [ -86.600607, 36.464492 ], [ -86.602639, 36.464013 ], [ -86.604734, 36.464335 ], [ -86.604825, 36.46435 ], [ -86.604916, 36.466749 ], [ -86.604956, 36.466696 ], [ -86.605037, 36.466655 ], [ -86.605105, 36.466643 ], [ -86.605625, 36.466573 ], [ -86.606026, 36.46652 ], [ -86.606632, 36.466438 ], [ -86.607861, 36.46629 ], [ -86.608378, 36.466228 ], [ -86.608593, 36.46627 ], [ -86.608609, 36.466211 ], [ -86.608637, 36.466098 ], [ -86.608661, 36.466002 ], [ -86.608715, 36.465786 ], [ -86.608743, 36.465665 ], [ -86.608789, 36.465477 ], [ -86.608837, 36.465284 ], [ -86.608873, 36.464851 ], [ -86.608861, 36.464652 ], [ -86.60873, 36.464235 ], [ -86.608491, 36.463443 ], [ -86.608448, 36.46328 ], [ -86.608255, 36.462551 ], [ -86.608326, 36.462549 ], [ -86.609282, 36.462647 ], [ -86.609842, 36.462705 ], [ -86.611609, 36.462887 ], [ -86.611898, 36.462916 ], [ -86.612861, 36.463016 ], [ -86.613177, 36.463049 ], [ -86.613579, 36.463091 ], [ -86.613832, 36.463117 ], [ -86.61439, 36.463177 ], [ -86.614464, 36.463185 ], [ -86.614603, 36.463199 ], [ -86.615007, 36.463243 ], [ -86.615769, 36.463312 ], [ -86.616013, 36.463322 ], [ -86.616068, 36.463312 ], [ -86.616177, 36.463253 ], [ -86.6162, 36.463241 ], [ -86.616282, 36.463126 ], [ -86.616297, 36.463088 ], [ -86.616353, 36.46277 ], [ -86.616452, 36.461918 ], [ -86.616481, 36.461671 ], [ -86.616487, 36.461643 ], [ -86.616514, 36.461522 ], [ -86.616567, 36.461381 ], [ -86.616653, 36.461299 ], [ -86.616751, 36.461257 ], [ -86.616885, 36.461237 ], [ -86.618186, 36.461317 ], [ -86.619063, 36.461383 ], [ -86.620129, 36.461467 ], [ -86.621259, 36.461557 ], [ -86.621514, 36.461577 ], [ -86.621859, 36.461603 ], [ -86.622746, 36.461664 ], [ -86.623159, 36.461693 ], [ -86.623453, 36.461715 ], [ -86.625363, 36.46185 ], [ -86.625807, 36.461866 ], [ -86.626216, 36.461869 ], [ -86.626447, 36.461855 ], [ -86.626552, 36.46185 ], [ -86.626731, 36.461821 ], [ -86.6271, 36.46173 ], [ -86.627244, 36.461685 ], [ -86.627353, 36.461651 ], [ -86.627517, 36.461598 ], [ -86.627646, 36.46157 ], [ -86.627695, 36.46156 ], [ -86.627715, 36.461558 ], [ -86.627853, 36.461546 ], [ -86.627926, 36.461549 ], [ -86.627997, 36.461552 ], [ -86.628048, 36.461554 ], [ -86.628204, 36.461582 ], [ -86.628284, 36.461601 ], [ -86.628406, 36.461631 ], [ -86.628534, 36.461663 ], [ -86.628642, 36.4617 ], [ -86.628879, 36.461794 ], [ -86.629101, 36.46191 ], [ -86.629361, 36.462046 ], [ -86.629392, 36.462055 ], [ -86.629452, 36.462072 ], [ -86.629489, 36.462073 ], [ -86.629522, 36.462075 ], [ -86.62955, 36.462076 ], [ -86.629671, 36.462051 ], [ -86.629761, 36.462008 ], [ -86.629848, 36.461922 ], [ -86.629894, 36.461827 ], [ -86.629965, 36.461444 ], [ -86.629968, 36.461431 ], [ -86.630045, 36.461169 ], [ -86.630113, 36.461046 ], [ -86.630235, 36.460922 ], [ -86.630373, 36.460837 ], [ -86.630544, 36.460765 ], [ -86.630763, 36.460689 ], [ -86.630882, 36.460658 ], [ -86.631807, 36.460477 ], [ -86.63204, 36.460423 ], [ -86.632154, 36.460388 ], [ -86.632985, 36.460135 ], [ -86.632784, 36.460126 ], [ -86.632565, 36.45991 ], [ -86.63119, 36.459907 ], [ -86.631202, 36.456419 ], [ -86.627261, 36.455941 ], [ -86.623535, 36.455495 ], [ -86.62382, 36.453933 ], [ -86.624102, 36.45237 ], [ -86.629417, 36.452909 ], [ -86.629427, 36.452695 ], [ -86.629517, 36.452039 ], [ -86.629547, 36.451715 ], [ -86.629603, 36.451116 ], [ -86.627831, 36.450998 ], [ -86.627247, 36.450962 ], [ -86.627291, 36.450719 ], [ -86.627523, 36.449448 ], [ -86.627687, 36.448543 ], [ -86.627534, 36.448494 ], [ -86.627258, 36.448322 ], [ -86.627317, 36.447835 ], [ -86.627393, 36.447845 ], [ -86.627652, 36.447878 ], [ -86.627748, 36.447889 ], [ -86.627775, 36.447893 ], [ -86.628038, 36.447922 ], [ -86.628135, 36.447933 ], [ -86.628231, 36.447944 ], [ -86.628281, 36.447949 ], [ -86.628316, 36.447953 ], [ -86.628334, 36.447955 ], [ -86.6285, 36.447974 ], [ -86.628726, 36.447999 ], [ -86.628745, 36.447856 ], [ -86.628965, 36.446633 ], [ -86.631342, 36.44689 ], [ -86.631377, 36.446724 ], [ -86.631419, 36.446409 ], [ -86.632075, 36.446469 ], [ -86.632141, 36.446017 ], [ -86.632647, 36.442571 ], [ -86.632811, 36.442584 ], [ -86.633368, 36.442641 ], [ -86.634211, 36.442743 ], [ -86.635427, 36.442891 ], [ -86.635463, 36.442681 ], [ -86.637622, 36.442972 ], [ -86.639054, 36.443171 ], [ -86.638845, 36.444882 ], [ -86.637402, 36.444722 ], [ -86.637163, 36.44471 ], [ -86.636954, 36.446025 ], [ -86.639639, 36.446367 ], [ -86.639829, 36.445035 ], [ -86.640046, 36.444549 ], [ -86.640358, 36.442688 ], [ -86.639663, 36.442608 ], [ -86.640051, 36.440268 ], [ -86.64389, 36.440743 ], [ -86.64546, 36.440937 ], [ -86.645443, 36.441052 ], [ -86.645423, 36.441187 ], [ -86.64542, 36.441206 ], [ -86.645382, 36.441471 ], [ -86.645996, 36.441543 ], [ -86.646316, 36.441581 ], [ -86.647105, 36.441663 ], [ -86.647567, 36.44169 ], [ -86.647845, 36.441675 ], [ -86.648117, 36.441661 ], [ -86.648383, 36.441619 ], [ -86.648457, 36.441594 ], [ -86.648486, 36.441584 ], [ -86.648708, 36.441467 ], [ -86.648853, 36.441358 ], [ -86.649162, 36.441128 ], [ -86.649286, 36.441053 ], [ -86.649399, 36.441 ], [ -86.649502, 36.440965 ], [ -86.649633, 36.440933 ], [ -86.649809, 36.440903 ], [ -86.650036, 36.440883 ], [ -86.650057, 36.440882 ], [ -86.650118, 36.44088 ], [ -86.650165, 36.440879 ], [ -86.650581, 36.440874 ], [ -86.650888, 36.44087 ], [ -86.651457, 36.44088 ], [ -86.651616, 36.440889 ], [ -86.652091, 36.440918 ], [ -86.653405, 36.441023 ], [ -86.654716, 36.441127 ], [ -86.654943, 36.441145 ], [ -86.655623, 36.441214 ], [ -86.655748, 36.44121 ], [ -86.655837, 36.441198 ], [ -86.656008, 36.441146 ], [ -86.656107, 36.441082 ], [ -86.656172, 36.441013 ], [ -86.656223, 36.440907 ], [ -86.656313, 36.440334 ], [ -86.656356, 36.440054 ], [ -86.656401, 36.439941 ], [ -86.656463, 36.439852 ], [ -86.656533, 36.439779 ], [ -86.656632, 36.439715 ], [ -86.656652, 36.439703 ], [ -86.656853, 36.439604 ], [ -86.657069, 36.439521 ], [ -86.657162, 36.439486 ], [ -86.657491, 36.439353 ], [ -86.657549, 36.43933 ], [ -86.657917, 36.43919 ], [ -86.658045, 36.439145 ], [ -86.658268, 36.439088 ], [ -86.658481, 36.439075 ], [ -86.658612, 36.439084 ], [ -86.658955, 36.43913 ], [ -86.659053, 36.439137 ], [ -86.65929, 36.439157 ], [ -86.659569, 36.439152 ], [ -86.659783, 36.439136 ], [ -86.659929, 36.439126 ], [ -86.66042, 36.439033 ], [ -86.660632, 36.438994 ], [ -86.661179, 36.438873 ], [ -86.66137, 36.438832 ], [ -86.661897, 36.438719 ], [ -86.662329, 36.438657 ], [ -86.662838, 36.438657 ], [ -86.663323, 36.438657 ], [ -86.663399, 36.438656 ], [ -86.66359, 36.438652 ], [ -86.663683, 36.43865 ], [ -86.663738, 36.438648 ], [ -86.664323, 36.438638 ], [ -86.664526, 36.438633 ], [ -86.664629, 36.438633 ], [ -86.664696, 36.438634 ], [ -86.664819, 36.438643 ], [ -86.66486, 36.438645 ], [ -86.664983, 36.438655 ], [ -86.665024, 36.438662 ], [ -86.665207, 36.438692 ], [ -86.665389, 36.438722 ], [ -86.665754, 36.438795 ], [ -86.665936, 36.438832 ], [ -86.666046, 36.438854 ], [ -86.666602, 36.43898 ], [ -86.666623, 36.438985 ], [ -86.666926, 36.439055 ], [ -86.66711, 36.439097 ], [ -86.667704, 36.439279 ], [ -86.668355, 36.439474 ], [ -86.668662, 36.439543 ], [ -86.668911, 36.4396 ], [ -86.669353, 36.439683 ], [ -86.669493, 36.439704 ], [ -86.669569, 36.439713 ], [ -86.670034, 36.439772 ], [ -86.670077, 36.439777 ], [ -86.670221, 36.439792 ], [ -86.670259, 36.439797 ], [ -86.670439, 36.439817 ], [ -86.670992, 36.439877 ], [ -86.671598, 36.439942 ], [ -86.672516, 36.440042 ], [ -86.672542, 36.440045 ], [ -86.672753, 36.440067 ], [ -86.673555, 36.440148 ], [ -86.673793, 36.440173 ], [ -86.674124, 36.440206 ], [ -86.674537, 36.440248 ], [ -86.67478, 36.440273 ], [ -86.675077, 36.440301 ], [ -86.675171, 36.440311 ], [ -86.675745, 36.440368 ], [ -86.675868, 36.440381 ], [ -86.676237, 36.440419 ], [ -86.676452, 36.440441 ], [ -86.676512, 36.440448 ], [ -86.676625, 36.44046 ], [ -86.676814, 36.440478 ], [ -86.677098, 36.440504 ], [ -86.677257, 36.44052 ], [ -86.677314, 36.440526 ], [ -86.6775, 36.440545 ], [ -86.677678, 36.440564 ], [ -86.677772, 36.440573 ], [ -86.67837, 36.440636 ], [ -86.679146, 36.440729 ], [ -86.679604, 36.440785 ] ] ] } }
]
}
