{
"type": "FeatureCollection",
"name": "districts",
"crs": { "type": "name", "properties": { "name": "urn:ogc:def:crs:OGC:1.3:CRS84" } },
"features": [
{ "type": "Feature", "properties": { "district_num": "13" }, "geometry": { "type": "Polygon", "coordinates": [ [ [ -86.700265, 35.722621 ], [ -86.70019, 35.723029 ], [ -86.69997, 35.724254 ], [ -86.699898, 35.724665 ], [ -86.699777, 35.72534 ], [ -86.699752, 35.725478 ], [ -86.699728, 35.725615 ], [ -86.699612, 35.726245 ], [ -86.699528, 35.726707 ], [ -86.698905, 35.730202 ], [ -86.698802, 35.730911 ], [ -86.69879, 35.730991 ], [ -86.698669, 35.731831 ], [ -86.698561, 35.732581 ], [ -86.698478, 35.733578 ], [ -86.698446, 35.733958 ], [ -86.698427, 35.734193 ], [ -86.698352, 35.735098 ], [ -86.698269, 35.736572 ], [ -86.698214, 35.737572 ], [ -86.698136, 35.739054 ], [ -86.698087, 35.740013 ], [ -86.698032, 35.741059 ], [ -86.698017, 35.741335 ], [ -86.69801, 35.741484 ], [ -86.697992, 35.741922 ], [ -86.697985, 35.742238 ], [ -86.697983, 35.742323 ], [ -86.697972, 35.742497 ], [ -86.697964, 35.742632 ], [ -86.697913, 35.743502 ], [ -86.697826, 35.744984 ], [ -86.697818, 35.745243 ], [ -86.697799, 35.746022 ], [ -86.697794, 35.746284 ], [ -86.697759, 35.746277 ], [ -86.697667, 35.746416 ], [ -86.697619, 35.74678 ], [ -86.697601, 35.746911 ], [ -86.69758, 35.747077 ], [ -86.69755, 35.747306 ], [ -86.697429, 35.748254 ], [ -86.697393, 35.74855 ], [ -86.697277, 35.749304 ], [ -86.697164, 35.750072 ], [ -86.696911, 35.751569 ], [ -86.696886, 35.751722 ], [ -86.696904, 35.752334 ], [ -86.696318, 35.752486 ], [ -86.696117, 35.752539 ], [ -86.69565, 35.752613 ], [ -86.695234, 35.752653 ], [ -86.694237, 35.752691 ], [ -86.693698, 35.752712 ], [ -86.69354, 35.752719 ], [ -86.693406, 35.752922 ], [ -86.693006, 35.753534 ], [ -86.692884, 35.753723 ], [ -86.692874, 35.753739 ], [ -86.692584, 35.754189 ], [ -86.692376, 35.754532 ], [ -86.692339, 35.75452 ], [ -86.69231, 35.754511 ], [ -86.692141, 35.754441 ], [ -86.692076, 35.754414 ], [ -86.692025, 35.754393 ], [ -86.692094, 35.754242 ], [ -86.692372, 35.753639 ], [ -86.692465, 35.753438 ], [ -86.692475, 35.753416 ], [ -86.692499, 35.753365 ], [ -86.692493, 35.75335 ], [ -86.692486, 35.753328 ], [ -86.692181, 35.752448 ], [ -86.692155, 35.75227 ], [ -86.69219, 35.751972 ], [ -86.692366, 35.751069 ], [ -86.688045, 35.750658 ], [ -86.681813, 35.750066 ], [ -86.681701, 35.750753 ], [ -86.680854, 35.750621 ], [ -86.680326, 35.753875 ], [ -86.679931, 35.756304 ], [ -86.679478, 35.756258 ], [ -86.678645, 35.762187 ], [ -86.678142, 35.765772 ], [ -86.675091, 35.765689 ], [ -86.6751, 35.766342 ], [ -86.675135, 35.768304 ], [ -86.675149, 35.76896 ], [ -86.674498, 35.768853 ], [ -86.674363, 35.768832 ], [ -86.673575, 35.768731 ], [ -86.672897, 35.768637 ], [ -86.672737, 35.768623 ], [ -86.672562, 35.768625 ], [ -86.672417, 35.768633 ], [ -86.672316, 35.768648 ], [ -86.672194, 35.768683 ], [ -86.672094, 35.768743 ], [ -86.67203, 35.76882 ], [ -86.67201, 35.768866 ], [ -86.672002, 35.768885 ], [ -86.672, 35.768894 ], [ -86.671982, 35.768985 ], [ -86.671977, 35.769016 ], [ -86.671904, 35.7694 ], [ -86.671786, 35.770155 ], [ -86.671715, 35.770706 ], [ -86.671662, 35.77113 ], [ -86.671618, 35.771427 ], [ -86.671583, 35.771541 ], [ -86.671521, 35.771644 ], [ -86.671439, 35.771697 ], [ -86.671371, 35.771721 ], [ -86.671288, 35.771736 ], [ -86.671037, 35.771726 ], [ -86.670776, 35.771705 ], [ -86.667399, 35.771332 ], [ -86.667327, 35.771325 ], [ -86.6657, 35.771136 ], [ -86.665291, 35.771102 ], [ -86.664068, 35.771002 ], [ -86.663821, 35.770982 ], [ -86.663666, 35.770943 ], [ -86.663598, 35.770896 ], [ -86.663531, 35.770849 ], [ -86.663458, 35.770716 ], [ -86.663444, 35.770525 ], [ -86.663488, 35.770264 ], [ -86.663561, 35.769848 ], [ -86.663554, 35.76968 ], [ -86.663443, 35.769452 ], [ -86.662877, 35.769079 ], [ -86.662767, 35.76896 ], [ -86.662671, 35.768768 ], [ -86.662634, 35.76848 ], [ -86.662622, 35.768357 ], [ -86.662568, 35.767809 ], [ -86.662443, 35.767629 ], [ -86.662217, 35.767547 ], [ -86.662201, 35.767541 ], [ -86.661504, 35.767459 ], [ -86.66128, 35.767433 ], [ -86.661266, 35.767431 ], [ -86.661156, 35.768471 ], [ -86.660826, 35.771593 ], [ -86.660717, 35.772634 ], [ -86.660635, 35.77341 ], [ -86.660625, 35.773483 ], [ -86.6603, 35.776027 ], [ -86.660275, 35.776226 ], [ -86.660245, 35.776624 ], [ -86.660235, 35.776752 ], [ -86.660225, 35.776879 ], [ -86.660306, 35.777408 ], [ -86.660299, 35.77743 ], [ -86.660052, 35.778342 ], [ -86.65998, 35.77907 ], [ -86.659926, 35.779626 ], [ -86.659902, 35.78005 ], [ -86.659664, 35.781169 ], [ -86.659728, 35.781481 ], [ -86.659966, 35.781734 ], [ -86.660081, 35.781796 ], [ -86.661398, 35.782512 ], [ -86.661728, 35.78261 ], [ -86.662066, 35.782534 ], [ -86.662707, 35.782219 ], [ -86.662919, 35.782167 ], [ -86.663316, 35.782158 ], [ -86.663667, 35.782312 ], [ -86.663931, 35.782503 ], [ -86.664144, 35.78273 ], [ -86.664217, 35.782898 ], [ -86.664239, 35.783252 ], [ -86.664042, 35.783682 ], [ -86.663329, 35.784211 ], [ -86.663112, 35.784519 ], [ -86.662892, 35.784695 ], [ -86.662726, 35.78483 ], [ -86.662134, 35.785137 ], [ -86.661772, 35.785392 ], [ -86.661542, 35.785734 ], [ -86.661454, 35.786008 ], [ -86.661457, 35.786317 ], [ -86.661467, 35.786348 ], [ -86.661457, 35.786382 ], [ -86.661459, 35.786608 ], [ -86.661689, 35.787251 ], [ -86.661751, 35.787367 ], [ -86.661899, 35.787643 ], [ -86.662149, 35.787977 ], [ -86.662693, 35.788392 ], [ -86.66291, 35.788598 ], [ -86.663152, 35.788827 ], [ -86.663368, 35.789174 ], [ -86.663374, 35.789421 ], [ -86.663229, 35.789927 ], [ -86.663088, 35.790421 ], [ -86.662855, 35.790934 ], [ -86.662783, 35.790928 ], [ -86.66238, 35.790897 ], [ -86.660963, 35.790787 ], [ -86.660492, 35.790752 ], [ -86.658733, 35.790601 ], [ -86.653463, 35.790155 ], [ -86.651984, 35.790029 ], [ -86.651706, 35.790006 ], [ -86.651684, 35.790005 ], [ -86.651395, 35.78998 ], [ -86.650962, 35.789944 ], [ -86.650465, 35.789902 ], [ -86.650157, 35.789876 ], [ -86.650109, 35.789871 ], [ -86.649964, 35.789859 ], [ -86.649916, 35.789855 ], [ -86.649909, 35.789896 ], [ -86.649889, 35.790022 ], [ -86.649887, 35.790038 ], [ -86.649886, 35.790063 ], [ -86.649878, 35.790166 ], [ -86.649875, 35.790209 ], [ -86.649843, 35.790477 ], [ -86.64983, 35.790581 ], [ -86.649811, 35.79058 ], [ -86.64955, 35.790551 ], [ -86.648711, 35.790459 ], [ -86.648432, 35.79043 ], [ -86.648382, 35.790423 ], [ -86.648313, 35.790418 ], [ -86.648194, 35.790411 ], [ -86.647978, 35.79044 ], [ -86.647959, 35.790444 ], [ -86.647844, 35.79047 ], [ -86.647831, 35.790547 ], [ -86.647795, 35.790781 ], [ -86.647783, 35.790858 ], [ -86.647695, 35.791416 ], [ -86.647434, 35.793089 ], [ -86.647347, 35.793647 ], [ -86.647325, 35.79378 ], [ -86.647263, 35.79418 ], [ -86.647243, 35.794314 ], [ -86.647234, 35.794373 ], [ -86.647094, 35.795269 ], [ -86.647049, 35.795558 ], [ -86.64445, 35.79537 ], [ -86.643487, 35.795301 ], [ -86.642355, 35.79522 ], [ -86.638959, 35.794977 ], [ -86.637827, 35.794896 ], [ -86.637791, 35.794827 ], [ -86.637398, 35.794793 ], [ -86.635989, 35.794675 ], [ -86.635629, 35.794645 ], [ -86.635521, 35.794627 ], [ -86.633042, 35.794523 ], [ -86.632088, 35.794484 ], [ -86.631989, 35.79542 ], [ -86.626462, 35.795006 ], [ -86.624981, 35.794895 ], [ -86.623997, 35.794762 ], [ -86.623941, 35.794636 ], [ -86.623885, 35.794508 ], [ -86.623837, 35.794223 ], [ -86.62383, 35.794179 ], [ -86.623828, 35.794082 ], [ -86.623823, 35.793965 ], [ -86.623825, 35.793814 ], [ -86.623829, 35.793703 ], [ -86.623793, 35.793276 ], [ -86.62377, 35.793015 ], [ -86.623766, 35.792958 ], [ -86.623771, 35.792747 ], [ -86.623776, 35.792573 ], [ -86.623783, 35.792378 ], [ -86.623739, 35.792054 ], [ -86.62373, 35.791983 ], [ -86.62371, 35.791886 ], [ -86.623695, 35.791822 ], [ -86.623692, 35.791806 ], [ -86.623687, 35.791629 ], [ -86.623687, 35.791594 ], [ -86.623688, 35.791565 ], [ -86.62369, 35.79149 ], [ -86.623698, 35.791265 ], [ -86.623699, 35.791237 ], [ -86.623703, 35.791191 ], [ -86.618838, 35.790787 ], [ -86.61849, 35.790758 ], [ -86.613328, 35.790331 ], [ -86.613241, 35.790824 ], [ -86.611751, 35.799307 ], [ -86.610908, 35.804115 ], [ -86.610991, 35.804207 ], [ -86.611086, 35.804279 ], [ -86.611349, 35.80441 ], [ -86.611599, 35.804542 ], [ -86.611741, 35.804657 ], [ -86.611855, 35.804795 ], [ -86.611944, 35.804972 ], [ -86.611957, 35.804998 ], [ -86.612146, 35.805498 ], [ -86.612234, 35.805625 ], [ -86.612375, 35.805855 ], [ -86.612646, 35.80618 ], [ -86.612754, 35.806394 ], [ -86.612734, 35.806537 ], [ -86.612572, 35.806845 ], [ -86.612558, 35.806905 ], [ -86.612558, 35.80701 ], [ -86.612646, 35.807416 ], [ -86.612754, 35.807663 ], [ -86.612815, 35.807938 ], [ -86.612815, 35.808131 ], [ -86.612903, 35.808394 ], [ -86.613059, 35.80873 ], [ -86.613072, 35.808749 ], [ -86.613315, 35.809092 ], [ -86.613498, 35.809373 ], [ -86.613599, 35.80962 ], [ -86.613606, 35.809724 ], [ -86.613586, 35.809823 ], [ -86.613537, 35.809948 ], [ -86.613531, 35.809965 ], [ -86.613896, 35.809867 ], [ -86.614994, 35.809573 ], [ -86.61536, 35.809476 ], [ -86.616937, 35.809054 ], [ -86.619016, 35.808499 ], [ -86.619486, 35.807851 ], [ -86.61971, 35.807174 ], [ -86.619678, 35.806859 ], [ -86.619475, 35.805714 ], [ -86.619801, 35.805659 ], [ -86.622415, 35.805227 ], [ -86.622689, 35.806742 ], [ -86.622878, 35.806967 ], [ -86.623284, 35.807223 ], [ -86.623581, 35.807336 ], [ -86.624442, 35.807848 ], [ -86.624996, 35.808196 ], [ -86.625188, 35.808232 ], [ -86.625273, 35.808492 ], [ -86.625198, 35.808897 ], [ -86.624995, 35.80927 ], [ -86.624564, 35.810196 ], [ -86.623863, 35.812403 ], [ -86.623826, 35.812522 ], [ -86.623615, 35.81366 ], [ -86.623291, 35.815735 ], [ -86.622619, 35.815689 ], [ -86.622475, 35.81631 ], [ -86.621684, 35.816297 ], [ -86.620919, 35.815445 ], [ -86.618748, 35.815551 ], [ -86.618691, 35.816156 ], [ -86.618354, 35.81617 ], [ -86.617033, 35.816227 ], [ -86.61691, 35.813484 ], [ -86.61387, 35.813486 ], [ -86.613433, 35.813486 ], [ -86.612951, 35.813515 ], [ -86.612868, 35.813965 ], [ -86.612494, 35.816003 ], [ -86.61232, 35.816786 ], [ -86.612245, 35.817448 ], [ -86.612414, 35.817439 ], [ -86.612483, 35.817855 ], [ -86.612707, 35.819215 ], [ -86.612722, 35.819309 ], [ -86.612512, 35.820392 ], [ -86.612109, 35.82237 ], [ -86.611996, 35.823148 ], [ -86.611806, 35.824469 ], [ -86.611816, 35.824558 ], [ -86.612657, 35.824739 ], [ -86.613209, 35.824648 ], [ -86.613506, 35.824671 ], [ -86.616046, 35.825127 ], [ -86.619306, 35.82566 ], [ -86.619792, 35.82574 ], [ -86.622262, 35.826074 ], [ -86.624995, 35.826445 ], [ -86.626027, 35.826526 ], [ -86.626018, 35.826738 ], [ -86.626009, 35.826859 ], [ -86.625984, 35.827288 ], [ -86.625889, 35.828944 ], [ -86.625858, 35.829499 ], [ -86.625661, 35.831165 ], [ -86.625534, 35.832249 ], [ -86.624995, 35.832202 ], [ -86.622427, 35.831981 ], [ -86.621611, 35.831869 ], [ -86.619949, 35.831643 ], [ -86.617335, 35.831287 ], [ -86.617084, 35.833264 ], [ -86.616949, 35.834334 ], [ -86.616383, 35.838795 ], [ -86.608358, 35.838738 ], [ -86.608061, 35.838735 ], [ -86.60343, 35.838704 ], [ -86.603384, 35.839017 ], [ -86.603247, 35.839957 ], [ -86.603221, 35.84014 ], [ -86.60309, 35.840161 ], [ -86.602988, 35.840177 ], [ -86.602683, 35.840228 ], [ -86.602582, 35.840246 ], [ -86.602562, 35.840481 ], [ -86.602544, 35.840576 ], [ -86.602505, 35.840663 ], [ -86.602463, 35.84071 ], [ -86.602401, 35.840769 ], [ -86.602333, 35.840811 ], [ -86.602228, 35.840853 ], [ -86.601992, 35.840958 ], [ -86.601931, 35.840997 ], [ -86.6019, 35.841022 ], [ -86.601851, 35.841062 ], [ -86.601752, 35.841161 ], [ -86.601598, 35.841331 ], [ -86.601547, 35.841417 ], [ -86.601506, 35.841498 ], [ -86.60149, 35.841567 ], [ -86.60146, 35.841759 ], [ -86.601443, 35.841963 ], [ -86.601439, 35.84208 ], [ -86.601445, 35.842213 ], [ -86.60147, 35.84242 ], [ -86.601515, 35.842691 ], [ -86.601581, 35.842973 ], [ -86.601662, 35.843448 ], [ -86.601676, 35.843608 ], [ -86.601658, 35.843943 ], [ -86.601659, 35.84411 ], [ -86.601655, 35.844224 ], [ -86.601649, 35.844268 ], [ -86.60162, 35.844535 ], [ -86.601527, 35.844738 ], [ -86.601433, 35.844855 ], [ -86.601356, 35.844927 ], [ -86.601222, 35.845021 ], [ -86.601026, 35.84514 ], [ -86.601178, 35.846465 ], [ -86.601457, 35.848891 ], [ -86.600221, 35.849847 ], [ -86.600032, 35.849994 ], [ -86.600167, 35.851081 ], [ -86.600176, 35.851168 ], [ -86.600209, 35.851429 ], [ -86.600221, 35.851519 ], [ -86.600428, 35.853185 ], [ -86.603678, 35.85388 ], [ -86.605079, 35.85418 ], [ -86.605137, 35.85492 ], [ -86.605294, 35.854993 ], [ -86.605648, 35.855156 ], [ -86.607099, 35.855828 ], [ -86.60617, 35.858975 ], [ -86.61208, 35.859906 ], [ -86.612056, 35.85997 ], [ -86.612675, 35.861088 ], [ -86.612721, 35.861139 ], [ -86.612944, 35.861378 ], [ -86.613419, 35.861569 ], [ -86.614013, 35.861672 ], [ -86.614596, 35.861735 ], [ -86.614863, 35.861895 ], [ -86.615309, 35.862103 ], [ -86.615597, 35.862343 ], [ -86.615757, 35.862585 ], [ -86.616006, 35.863027 ], [ -86.616665, 35.863577 ], [ -86.616781, 35.863666 ], [ -86.616808, 35.863685 ], [ -86.616893, 35.86375 ], [ -86.616923, 35.863772 ], [ -86.617228, 35.86399 ], [ -86.617427, 35.864132 ], [ -86.617627, 35.864478 ], [ -86.617698, 35.864978 ], [ -86.617502, 35.865342 ], [ -86.617475, 35.865673 ], [ -86.617617, 35.866285 ], [ -86.61766, 35.866971 ], [ -86.617901, 35.867486 ], [ -86.618032, 35.867913 ], [ -86.617905, 35.86818 ], [ -86.617561, 35.868512 ], [ -86.617296, 35.868812 ], [ -86.617122, 35.869425 ], [ -86.617144, 35.869829 ], [ -86.617188, 35.869932 ], [ -86.617315, 35.870223 ], [ -86.618209, 35.871074 ], [ -86.618408, 35.871243 ], [ -86.618556, 35.871339 ], [ -86.618698, 35.871919 ], [ -86.619104, 35.873619 ], [ -86.619485, 35.875064 ], [ -86.621372, 35.882569 ], [ -86.619588, 35.883715 ], [ -86.615513, 35.882778 ], [ -86.614713, 35.883226 ], [ -86.613771, 35.883756 ], [ -86.615109, 35.889341 ], [ -86.615132, 35.88944 ], [ -86.61626, 35.894148 ], [ -86.616933, 35.896957 ], [ -86.61763, 35.899864 ], [ -86.624243, 35.905421 ], [ -86.624994, 35.906052 ], [ -86.62544, 35.906411 ], [ -86.625835, 35.90673 ], [ -86.626345, 35.907251 ], [ -86.626592, 35.907733 ], [ -86.626927, 35.908502 ], [ -86.627157, 35.908857 ], [ -86.627338, 35.909018 ], [ -86.62757, 35.909225 ], [ -86.627624, 35.90958 ], [ -86.628, 35.910163 ], [ -86.62791, 35.910961 ], [ -86.62731, 35.911574 ], [ -86.626625, 35.91249 ], [ -86.626216, 35.913181 ], [ -86.626532, 35.914281 ], [ -86.626884, 35.914956 ], [ -86.626978, 35.915135 ], [ -86.626851, 35.915866 ], [ -86.62652, 35.916784 ], [ -86.625878, 35.918348 ], [ -86.625468, 35.919017 ], [ -86.624995, 35.920343 ], [ -86.619121, 35.933946 ], [ -86.616395, 35.940263 ], [ -86.615923, 35.941417 ], [ -86.615817, 35.941677 ], [ -86.61571, 35.941937 ], [ -86.615032, 35.943593 ], [ -86.614985, 35.943708 ], [ -86.621556, 35.950422 ], [ -86.62166, 35.950528 ], [ -86.621683, 35.950552 ], [ -86.622461, 35.951346 ], [ -86.623629, 35.952539 ], [ -86.623733, 35.952645 ], [ -86.623788, 35.952701 ], [ -86.624984, 35.953923 ], [ -86.624949, 35.954122 ], [ -86.625152, 35.954425 ], [ -86.625153, 35.954574 ], [ -86.624639, 35.958145 ], [ -86.624585, 35.958169 ], [ -86.623629, 35.95805 ], [ -86.623501, 35.958047 ], [ -86.622363, 35.958019 ], [ -86.622195, 35.959463 ], [ -86.622201, 35.962161 ], [ -86.622203, 35.962643 ], [ -86.622024, 35.963913 ], [ -86.622003, 35.964058 ], [ -86.623058, 35.964013 ], [ -86.623658, 35.964169 ], [ -86.62401, 35.964492 ], [ -86.624027, 35.96453 ], [ -86.625036, 35.966706 ], [ -86.624923, 35.966758 ], [ -86.622753, 35.967744 ], [ -86.622618, 35.967807 ], [ -86.622266, 35.967968 ], [ -86.622047, 35.968068 ], [ -86.621911, 35.968232 ], [ -86.621783, 35.968145 ], [ -86.620811, 35.967997 ], [ -86.620309, 35.967921 ], [ -86.619946, 35.967867 ], [ -86.618928, 35.967712 ], [ -86.6189, 35.967963 ], [ -86.618899, 35.968141 ], [ -86.618896, 35.968163 ], [ -86.618893, 35.968208 ], [ -86.618892, 35.968224 ], [ -86.618845, 35.96822 ], [ -86.618704, 35.968208 ], [ -86.618658, 35.968205 ], [ -86.614415, 35.967785 ], [ -86.61439, 35.967946 ], [ -86.614363, 35.968114 ], [ -86.614357, 35.968149 ], [ -86.614336, 35.968283 ], [ -86.613688, 35.972391 ], [ -86.613646, 35.975552 ], [ -86.610425, 35.975468 ], [ -86.609822, 35.97863 ], [ -86.609595, 35.979822 ], [ -86.607995, 35.979772 ], [ -86.607743, 35.981573 ], [ -86.607728, 35.98168 ], [ -86.607701, 35.982015 ], [ -86.607598, 35.983343 ], [ -86.607575, 35.983638 ], [ -86.607547, 35.983784 ], [ -86.607285, 35.985152 ], [ -86.607225, 35.985472 ], [ -86.610086, 35.985755 ], [ -86.61005, 35.986733 ], [ -86.610007, 35.987902 ], [ -86.609999, 35.988126 ], [ -86.609981, 35.988236 ], [ -86.609928, 35.988567 ], [ -86.609911, 35.988678 ], [ -86.609837, 35.989192 ], [ -86.609618, 35.990735 ], [ -86.609591, 35.990926 ], [ -86.609916, 35.990964 ], [ -86.612077, 35.991215 ], [ -86.615588, 35.991624 ], [ -86.615048, 35.994569 ], [ -86.614656, 35.99671 ], [ -86.614613, 35.996944 ], [ -86.614484, 35.997647 ], [ -86.614442, 35.997882 ], [ -86.614345, 35.998409 ], [ -86.612961, 36.00596 ], [ -86.612745, 36.00721 ], [ -86.612734, 36.007273 ], [ -86.612719, 36.007355 ], [ -86.612691, 36.007523 ], [ -86.612335, 36.009994 ], [ -86.611849, 36.010081 ], [ -86.611703, 36.010116 ], [ -86.611328, 36.010259 ], [ -86.611224, 36.010271 ], [ -86.611071, 36.010266 ], [ -86.610786, 36.010206 ], [ -86.610716, 36.010217 ], [ -86.610626, 36.010274 ], [ -86.610578, 36.01032 ], [ -86.610543, 36.010342 ], [ -86.610439, 36.010343 ], [ -86.610007, 36.010288 ], [ -86.609848, 36.010278 ], [ -86.60957, 36.010279 ], [ -86.609243, 36.010332 ], [ -86.608972, 36.010401 ], [ -86.60866, 36.010454 ], [ -86.608543, 36.010466 ], [ -86.608489, 36.010471 ], [ -86.608432, 36.010472 ], [ -86.608338, 36.010472 ], [ -86.608237, 36.010461 ], [ -86.608169, 36.010423 ], [ -86.608034, 36.01028 ], [ -86.607979, 36.010258 ], [ -86.607912, 36.010264 ], [ -86.607695, 36.010407 ], [ -86.607607, 36.010407 ], [ -86.607384, 36.010357 ], [ -86.607249, 36.010401 ], [ -86.607141, 36.010517 ], [ -86.606952, 36.010654 ], [ -86.606891, 36.010682 ], [ -86.606776, 36.010682 ], [ -86.606613, 36.010643 ], [ -86.60641, 36.010511 ], [ -86.60618, 36.010385 ], [ -86.606058, 36.010286 ], [ -86.60595, 36.01022 ], [ -86.605876, 36.010193 ], [ -86.605822, 36.010187 ], [ -86.605693, 36.010253 ], [ -86.605504, 36.010413 ], [ -86.605375, 36.01049 ], [ -86.605247, 36.010539 ], [ -86.604997, 36.010583 ], [ -86.60478, 36.010622 ], [ -86.604675, 36.010682 ], [ -86.604494, 36.010781 ], [ -86.604324, 36.010824 ], [ -86.604162, 36.010845 ], [ -86.604028, 36.010843 ], [ -86.603944, 36.01083 ], [ -86.603853, 36.010811 ], [ -86.603733, 36.010849 ], [ -86.603543, 36.01088 ], [ -86.603367, 36.010923 ], [ -86.602956, 36.011042 ], [ -86.602738, 36.011095 ], [ -86.602491, 36.011125 ], [ -86.602379, 36.01115 ], [ -86.601888, 36.011397 ], [ -86.601853, 36.011404 ], [ -86.601731, 36.011452 ], [ -86.601608, 36.011519 ], [ -86.601549, 36.011541 ], [ -86.6015, 36.011552 ], [ -86.60129, 36.011612 ], [ -86.600742, 36.011876 ], [ -86.600316, 36.012151 ], [ -86.600134, 36.012283 ], [ -86.599931, 36.01247 ], [ -86.599282, 36.013163 ], [ -86.599053, 36.013453 ], [ -86.599023, 36.01349 ], [ -86.598935, 36.0136 ], [ -86.598906, 36.013638 ], [ -86.598875, 36.013676 ], [ -86.598869, 36.013685 ], [ -86.598788, 36.013793 ], [ -86.598759, 36.013833 ], [ -86.59873, 36.01387 ], [ -86.598645, 36.013984 ], [ -86.598618, 36.014022 ], [ -86.598504, 36.014174 ], [ -86.598051, 36.014735 ], [ -86.597931, 36.014869 ], [ -86.597685, 36.015292 ], [ -86.596922, 36.016467 ], [ -86.596577, 36.016947 ], [ -86.595927, 36.017805 ], [ -86.595454, 36.018596 ], [ -86.594983, 36.019316 ], [ -86.594541, 36.019819 ], [ -86.594333, 36.020072 ], [ -86.594291, 36.020104 ], [ -86.594119, 36.020261 ], [ -86.593944, 36.020452 ], [ -86.593831, 36.020535 ], [ -86.593761, 36.020579 ], [ -86.593704, 36.020633 ], [ -86.593652, 36.020669 ], [ -86.593346, 36.020925 ], [ -86.593147, 36.021114 ], [ -86.59299, 36.021242 ], [ -86.59282, 36.021356 ], [ -86.592534, 36.021515 ], [ -86.592184, 36.021772 ], [ -86.592052, 36.021866 ], [ -86.592027, 36.021884 ], [ -86.591761, 36.022055 ], [ -86.591604, 36.022277 ], [ -86.591529, 36.022599 ], [ -86.591652, 36.022892 ], [ -86.591891, 36.023103 ], [ -86.592, 36.023292 ], [ -86.592034, 36.023541 ], [ -86.591986, 36.023774 ], [ -86.591877, 36.023945 ], [ -86.591618, 36.024129 ], [ -86.591263, 36.024206 ], [ -86.590997, 36.024189 ], [ -86.590335, 36.024029 ], [ -86.590185, 36.024067 ], [ -86.589652, 36.024461 ], [ -86.589407, 36.024528 ], [ -86.588976, 36.024605 ], [ -86.588655, 36.024854 ], [ -86.588485, 36.02501 ], [ -86.58826, 36.025143 ], [ -86.587871, 36.025409 ], [ -86.587553, 36.025529 ], [ -86.587499, 36.025548 ], [ -86.587475, 36.025558 ], [ -86.5873, 36.025604 ], [ -86.587089, 36.025658 ], [ -86.586913, 36.025675 ], [ -86.586385, 36.025664 ], [ -86.586067, 36.025725 ], [ -86.585905, 36.025791 ], [ -86.585309, 36.026033 ], [ -86.585039, 36.026109 ], [ -86.584741, 36.026137 ], [ -86.584146, 36.02628 ], [ -86.583814, 36.026335 ], [ -86.583456, 36.02633 ], [ -86.583117, 36.026451 ], [ -86.582994, 36.026482 ], [ -86.582833, 36.026521 ], [ -86.582653, 36.026601 ], [ -86.582488, 36.026675 ], [ -86.58219, 36.026697 ], [ -86.581575, 36.026631 ], [ -86.581344, 36.026579 ], [ -86.581232, 36.026553 ], [ -86.580868, 36.026469 ], [ -86.580756, 36.026444 ], [ -86.580174, 36.026412 ], [ -86.579754, 36.026453 ], [ -86.579511, 36.026478 ], [ -86.579384, 36.026498 ], [ -86.578841, 36.026578 ], [ -86.578632, 36.026638 ], [ -86.578483, 36.026803 ], [ -86.578344, 36.026921 ], [ -86.578205, 36.027039 ], [ -86.578061, 36.027097 ], [ -86.578055, 36.027181 ], [ -86.577989, 36.027243 ], [ -86.577955, 36.027276 ], [ -86.577818, 36.027318 ], [ -86.577333, 36.027468 ], [ -86.577287, 36.027509 ], [ -86.577148, 36.027638 ], [ -86.576959, 36.027811 ], [ -86.576507, 36.028364 ], [ -86.576466, 36.028399 ], [ -86.576274, 36.028569 ], [ -86.576125, 36.028698 ], [ -86.576045, 36.028769 ], [ -86.576, 36.028809 ], [ -86.575398, 36.029411 ], [ -86.575184, 36.029627 ], [ -86.5751, 36.029711 ], [ -86.574613, 36.02987 ], [ -86.57416, 36.029945 ], [ -86.574024, 36.029969 ], [ -86.573111, 36.030189 ], [ -86.572583, 36.0307 ], [ -86.572347, 36.030767 ], [ -86.572095, 36.03086 ], [ -86.571978, 36.030954 ], [ -86.57194, 36.031007 ], [ -86.571934, 36.031086 ], [ -86.572035, 36.031387 ], [ -86.57211, 36.031591 ], [ -86.572114, 36.031703 ], [ -86.572117, 36.031756 ], [ -86.571934, 36.032008 ], [ -86.571296, 36.032353 ], [ -86.570811, 36.032615 ], [ -86.570723, 36.032663 ], [ -86.570504, 36.032759 ], [ -86.570202, 36.032893 ], [ -86.569979, 36.033064 ], [ -86.569877, 36.03341 ], [ -86.569654, 36.033613 ], [ -86.569622, 36.033638 ], [ -86.569343, 36.033861 ], [ -86.56923, 36.034019 ], [ -86.569018, 36.034317 ], [ -86.568974, 36.034328 ], [ -86.568761, 36.034388 ], [ -86.568348, 36.0343 ], [ -86.568023, 36.034256 ], [ -86.567769, 36.034309 ], [ -86.567529, 36.034361 ], [ -86.567378, 36.034427 ], [ -86.567344, 36.034441 ], [ -86.567315, 36.034454 ], [ -86.567242, 36.034485 ], [ -86.567207, 36.034496 ], [ -86.566825, 36.034614 ], [ -86.566494, 36.034652 ], [ -86.566289, 36.034616 ], [ -86.565993, 36.034564 ], [ -86.565668, 36.034614 ], [ -86.564768, 36.034894 ], [ -86.564119, 36.035037 ], [ -86.563535, 36.035089 ], [ -86.562894, 36.035147 ], [ -86.562603, 36.035207 ], [ -86.562427, 36.035323 ], [ -86.562231, 36.035598 ], [ -86.562162, 36.035744 ], [ -86.561859, 36.036395 ], [ -86.561744, 36.037087 ], [ -86.561608, 36.037543 ], [ -86.56145, 36.037717 ], [ -86.56127, 36.037917 ], [ -86.560947, 36.038218 ], [ -86.560932, 36.03828 ], [ -86.560917, 36.038342 ], [ -86.560892, 36.038497 ], [ -86.56087, 36.038639 ], [ -86.560822, 36.038936 ], [ -86.560768, 36.039278 ], [ -86.560758, 36.03934 ], [ -86.560713, 36.039621 ], [ -86.560677, 36.039845 ], [ -86.561875, 36.041504 ], [ -86.563121, 36.04322 ], [ -86.565363, 36.046306 ], [ -86.565936, 36.047692 ], [ -86.566158, 36.048226 ], [ -86.566256, 36.048465 ], [ -86.566379, 36.048762 ], [ -86.565485, 36.05085 ], [ -86.565042, 36.051885 ], [ -86.563644, 36.052981 ], [ -86.562073, 36.054214 ], [ -86.561704, 36.05622 ], [ -86.561439, 36.057662 ], [ -86.561793, 36.058282 ], [ -86.561998, 36.058641 ], [ -86.56387, 36.061917 ], [ -86.564292, 36.063579 ], [ -86.562525, 36.063921 ], [ -86.562275, 36.065163 ], [ -86.563197, 36.066172 ], [ -86.561685, 36.068418 ], [ -86.561685, 36.06742 ], [ -86.55739, 36.065718 ], [ -86.550486, 36.065322 ], [ -86.546487, 36.06652 ], [ -86.54609, 36.077518 ], [ -86.546879, 36.078406 ], [ -86.548486, 36.080218 ], [ -86.548581, 36.081282 ], [ -86.54899, 36.085916 ], [ -86.546884, 36.087817 ], [ -86.545091, 36.086618 ], [ -86.543857, 36.084095 ], [ -86.543645, 36.083662 ], [ -86.540689, 36.077619 ], [ -86.538988, 36.076621 ], [ -86.529489, 36.077521 ], [ -86.52749, 36.07402 ], [ -86.532884, 36.060019 ], [ -86.531699, 36.058664 ], [ -86.530786, 36.05762 ], [ -86.529327, 36.057156 ], [ -86.528588, 36.056921 ], [ -86.525689, 36.057318 ], [ -86.524682, 36.058631 ], [ -86.524384, 36.059021 ], [ -86.524988, 36.068918 ], [ -86.523286, 36.071021 ], [ -86.521083, 36.072395 ], [ -86.521023, 36.07238 ], [ -86.520867, 36.072333 ], [ -86.520686, 36.072292 ], [ -86.520442, 36.07221 ], [ -86.520367, 36.072199 ], [ -86.520005, 36.072054 ], [ -86.519655, 36.071943 ], [ -86.51909, 36.071615 ], [ -86.518765, 36.071324 ], [ -86.518447, 36.070959 ], [ -86.518166, 36.070612 ], [ -86.517932, 36.070345 ], [ -86.517745, 36.069995 ], [ -86.517275, 36.069386 ], [ -86.516822, 36.068925 ], [ -86.516383, 36.068463 ], [ -86.51596, 36.068147 ], [ -86.515477, 36.067795 ], [ -86.514934, 36.067492 ], [ -86.514285, 36.067166 ], [ -86.513607, 36.066863 ], [ -86.5132, 36.066633 ], [ -86.512836, 36.066557 ], [ -86.512595, 36.066536 ], [ -86.51231, 36.066586 ], [ -86.51198, 36.066709 ], [ -86.51156, 36.066845 ], [ -86.511095, 36.067055 ], [ -86.510601, 36.06735 ], [ -86.510032, 36.067621 ], [ -86.509687, 36.067757 ], [ -86.509207, 36.06793 ], [ -86.508742, 36.068017 ], [ -86.508066, 36.068044 ], [ -86.507406, 36.068169 ], [ -86.50676, 36.068209 ], [ -86.506174, 36.068309 ], [ -86.505694, 36.068445 ], [ -86.505274, 36.068532 ], [ -86.504643, 36.068584 ], [ -86.504027, 36.068611 ], [ -86.503592, 36.068637 ], [ -86.503097, 36.068785 ], [ -86.502511, 36.068873 ], [ -86.502298, 36.068875 ], [ -86.50197, 36.068876 ], [ -86.501444, 36.068865 ], [ -86.500857, 36.068758 ], [ -86.500807, 36.068746 ], [ -86.500755, 36.068736 ], [ -86.500318, 36.068628 ], [ -86.499992, 36.068496 ], [ -86.499957, 36.068483 ], [ -86.499776, 36.068362 ], [ -86.499519, 36.068094 ], [ -86.499201, 36.067827 ], [ -86.498824, 36.06756 ], [ -86.498538, 36.067439 ], [ -86.498296, 36.067294 ], [ -86.497889, 36.06699 ], [ -86.49748, 36.066589 ], [ -86.497072, 36.066139 ], [ -86.496769, 36.065738 ], [ -86.496586, 36.065348 ], [ -86.496524, 36.065055 ], [ -86.496401, 36.064702 ], [ -86.49625, 36.064446 ], [ -86.496006, 36.063934 ], [ -86.495898, 36.063544 ], [ -86.495911, 36.063251 ], [ -86.496059, 36.06286 ], [ -86.496185, 36.062563 ], [ -86.496252, 36.062407 ], [ -86.496489, 36.061857 ], [ -86.496906, 36.061306 ], [ -86.49719, 36.060988 ], [ -86.497893, 36.060582 ], [ -86.498493, 36.060323 ], [ -86.499258, 36.060052 ], [ -86.499978, 36.059963 ], [ -86.500579, 36.059973 ], [ -86.501181, 36.060019 ], [ -86.502005, 36.060209 ], [ -86.502697, 36.060368 ], [ -86.503377, 36.060413 ], [ -86.504745, 36.060407 ], [ -86.505767, 36.060464 ], [ -86.506563, 36.060448 ], [ -86.50769, 36.060456 ], [ -86.508697, 36.06039 ], [ -86.509402, 36.060241 ], [ -86.509986, 36.059994 ], [ -86.510406, 36.059761 ], [ -86.510764, 36.059393 ], [ -86.510912, 36.059099 ], [ -86.510985, 36.058684 ], [ -86.510997, 36.058281 ], [ -86.510971, 36.057738 ], [ -86.510846, 36.057055 ], [ -86.510603, 36.056543 ], [ -86.510118, 36.055984 ], [ -86.509634, 36.055473 ], [ -86.50882, 36.055013 ], [ -86.508187, 36.054796 ], [ -86.507498, 36.054598 ], [ -86.506695, 36.054531 ], [ -86.5061, 36.054474 ], [ -86.505673, 36.05445 ], [ -86.505012, 36.054441 ], [ -86.504188, 36.054325 ], [ -86.503556, 36.054108 ], [ -86.502923, 36.053818 ], [ -86.502591, 36.053575 ], [ -86.502288, 36.053186 ], [ -86.501773, 36.052553 ], [ -86.501551, 36.052174 ], [ -86.5014, 36.051828 ], [ -86.501397, 36.051316 ], [ -86.501394, 36.050827 ], [ -86.501465, 36.050168 ], [ -86.501536, 36.049533 ], [ -86.501575, 36.048666 ], [ -86.501479, 36.047739 ], [ -86.501355, 36.047129 ], [ -86.501216, 36.046532 ], [ -86.501124, 36.046117 ], [ -86.500909, 36.045446 ], [ -86.50068, 36.044825 ], [ -86.500435, 36.044179 ], [ -86.500221, 36.043533 ], [ -86.500007, 36.043046 ], [ -86.499764, 36.04257 ], [ -86.499461, 36.042181 ], [ -86.499068, 36.041743 ], [ -86.498585, 36.041355 ], [ -86.498177, 36.04099 ], [ -86.497604, 36.040675 ], [ -86.497151, 36.040384 ], [ -86.496503, 36.039996 ], [ -86.495202, 36.03969 ], [ -86.494923, 36.039542 ], [ -86.49449, 36.039284 ], [ -86.493353, 36.038641 ], [ -86.492588, 36.038499 ], [ -86.491181, 36.038862 ], [ -86.490146, 36.039417 ], [ -86.48838, 36.040067 ], [ -86.486959, 36.040089 ], [ -86.486215, 36.040276 ], [ -86.485981, 36.039707 ], [ -86.485883, 36.03959 ], [ -86.48574, 36.039227 ], [ -86.485598, 36.038903 ], [ -86.485483, 36.03859 ], [ -86.48528, 36.038238 ], [ -86.485137, 36.038117 ], [ -86.48488, 36.03793 ], [ -86.484636, 36.037853 ], [ -86.48442, 36.037661 ], [ -86.484149, 36.037463 ], [ -86.483966, 36.037419 ], [ -86.483831, 36.037409 ], [ -86.483709, 36.037365 ], [ -86.483513, 36.037216 ], [ -86.483242, 36.036925 ], [ -86.483194, 36.036716 ], [ -86.483221, 36.036425 ], [ -86.483228, 36.036051 ], [ -86.483289, 36.035864 ], [ -86.483417, 36.035562 ], [ -86.483667, 36.03521 ], [ -86.484012, 36.034765 ], [ -86.484201, 36.034479 ], [ -86.484485, 36.034188 ], [ -86.484891, 36.03372 ], [ -86.484972, 36.033374 ], [ -86.485073, 36.033198 ], [ -86.485168, 36.033099 ], [ -86.485215, 36.033006 ], [ -86.485202, 36.032846 ], [ -86.485161, 36.032621 ], [ -86.485161, 36.032484 ], [ -86.485215, 36.032368 ], [ -86.485174, 36.032231 ], [ -86.485079, 36.031995 ], [ -86.484883, 36.031627 ], [ -86.484673, 36.031033 ], [ -86.484585, 36.030885 ], [ -86.484436, 36.030736 ], [ -86.484199, 36.030451 ], [ -86.483881, 36.030154 ], [ -86.483828, 36.030058 ], [ -86.483745, 36.029907 ], [ -86.483522, 36.029621 ], [ -86.483278, 36.029418 ], [ -86.482872, 36.029044 ], [ -86.482798, 36.028956 ], [ -86.48273, 36.028758 ], [ -86.482059, 36.027868 ], [ -86.48195, 36.027728 ], [ -86.483182, 36.027766 ], [ -86.483889, 36.027787 ], [ -86.483988, 36.02779 ], [ -86.483821, 36.028798 ], [ -86.483749, 36.029268 ], [ -86.486032, 36.0293 ], [ -86.487325, 36.028017 ], [ -86.487684, 36.027656 ], [ -86.48907, 36.02765 ], [ -86.488866, 36.028405 ], [ -86.489703, 36.028383 ], [ -86.489621, 36.029 ], [ -86.489587, 36.029256 ], [ -86.491472, 36.029396 ], [ -86.491644, 36.029412 ], [ -86.491686, 36.029138 ], [ -86.491703, 36.029032 ], [ -86.491759, 36.028665 ], [ -86.491769, 36.028603 ], [ -86.491793, 36.028461 ], [ -86.491832, 36.028234 ], [ -86.491867, 36.028034 ], [ -86.491879, 36.027963 ], [ -86.491969, 36.027337 ], [ -86.492044, 36.026786 ], [ -86.492081, 36.026566 ], [ -86.492178, 36.026074 ], [ -86.492194, 36.025934 ], [ -86.492246, 36.025515 ], [ -86.492263, 36.025376 ], [ -86.492275, 36.025292 ], [ -86.4923, 36.025125 ], [ -86.492326, 36.024949 ], [ -86.492396, 36.024481 ], [ -86.492444, 36.024188 ], [ -86.492509, 36.023669 ], [ -86.492564, 36.023242 ], [ -86.492602, 36.023019 ], [ -86.492638, 36.022825 ], [ -86.492749, 36.022248 ], [ -86.492892, 36.021582 ], [ -86.492982, 36.021169 ], [ -86.493043, 36.020856 ], [ -86.493229, 36.019918 ], [ -86.493291, 36.019606 ], [ -86.493358, 36.019285 ], [ -86.493378, 36.019182 ], [ -86.493628, 36.017911 ], [ -86.493712, 36.017488 ], [ -86.493732, 36.017381 ], [ -86.493795, 36.017064 ], [ -86.493816, 36.016958 ], [ -86.493881, 36.016665 ], [ -86.494052, 36.01668 ], [ -86.49426, 36.016706 ], [ -86.495191, 36.016824 ], [ -86.495273, 36.016428 ], [ -86.495297, 36.016312 ], [ -86.495312, 36.01622 ], [ -86.495694, 36.016265 ], [ -86.496251, 36.016331 ], [ -86.497199, 36.016444 ], [ -86.497899, 36.016527 ], [ -86.498692, 36.016621 ], [ -86.498957, 36.016652 ], [ -86.499028, 36.016661 ], [ -86.50227, 36.017045 ], [ -86.501843, 36.017936 ], [ -86.501679, 36.018278 ], [ -86.501638, 36.018365 ], [ -86.502095, 36.018414 ], [ -86.502082, 36.01843 ], [ -86.501919, 36.018675 ], [ -86.501899, 36.018705 ], [ -86.501833, 36.018846 ], [ -86.501777, 36.018968 ], [ -86.50175, 36.019095 ], [ -86.501729, 36.019304 ], [ -86.501743, 36.019457 ], [ -86.501743, 36.019547 ], [ -86.501743, 36.019655 ], [ -86.501782, 36.019865 ], [ -86.50179, 36.019908 ], [ -86.501905, 36.020189 ], [ -86.502087, 36.020469 ], [ -86.502155, 36.02054 ], [ -86.502229, 36.020584 ], [ -86.502324, 36.020617 ], [ -86.502398, 36.020634 ], [ -86.502554, 36.020634 ], [ -86.502682, 36.020574 ], [ -86.502737, 36.020519 ], [ -86.502953, 36.020194 ], [ -86.503014, 36.019953 ], [ -86.503048, 36.019766 ], [ -86.503021, 36.019606 ], [ -86.50294, 36.019337 ], [ -86.502981, 36.019233 ], [ -86.503049, 36.019172 ], [ -86.503116, 36.01915 ], [ -86.503204, 36.01915 ], [ -86.50327, 36.019163 ], [ -86.503286, 36.019167 ], [ -86.503461, 36.019227 ], [ -86.503597, 36.019288 ], [ -86.503712, 36.019305 ], [ -86.503854, 36.019277 ], [ -86.504167, 36.019103 ], [ -86.504311, 36.019317 ], [ -86.505261, 36.020158 ], [ -86.505662, 36.020514 ], [ -86.506238, 36.021026 ], [ -86.506467, 36.02123 ], [ -86.506547, 36.021301 ], [ -86.506695, 36.021433 ], [ -86.506998, 36.021038 ], [ -86.507066, 36.021103 ], [ -86.507249, 36.021224 ], [ -86.507411, 36.021279 ], [ -86.507939, 36.021296 ], [ -86.508074, 36.021324 ], [ -86.508304, 36.021335 ], [ -86.508493, 36.021318 ], [ -86.508615, 36.021258 ], [ -86.508744, 36.021159 ], [ -86.508886, 36.021022 ], [ -86.509326, 36.020714 ], [ -86.509421, 36.020588 ], [ -86.509448, 36.020478 ], [ -86.509495, 36.02039 ], [ -86.50959, 36.020291 ], [ -86.509651, 36.020203 ], [ -86.509698, 36.020088 ], [ -86.509753, 36.019994 ], [ -86.509969, 36.019819 ], [ -86.510132, 36.019648 ], [ -86.51024, 36.019423 ], [ -86.510396, 36.019059 ], [ -86.509674, 36.018589 ], [ -86.509454, 36.018443 ], [ -86.509155, 36.018265 ], [ -86.510508, 36.018454 ], [ -86.511035, 36.018527 ], [ -86.5132, 36.018828 ], [ -86.513411, 36.018857 ], [ -86.514722, 36.019091 ], [ -86.514698, 36.019243 ], [ -86.514778, 36.019254 ], [ -86.514639, 36.019635 ], [ -86.514383, 36.021316 ], [ -86.514405, 36.021426 ], [ -86.514409, 36.021459 ], [ -86.51453, 36.021552 ], [ -86.515656, 36.021694 ], [ -86.516513, 36.021874 ], [ -86.516612, 36.021895 ], [ -86.517746, 36.021999 ], [ -86.517851, 36.021969 ], [ -86.517915, 36.021907 ], [ -86.517956, 36.021865 ], [ -86.517996, 36.021803 ], [ -86.518013, 36.021693 ], [ -86.518092, 36.021433 ], [ -86.518146, 36.021316 ], [ -86.518184, 36.021286 ], [ -86.518358, 36.021311 ], [ -86.520099, 36.02149 ], [ -86.520141, 36.021497 ], [ -86.52043, 36.019857 ], [ -86.525964, 36.020664 ], [ -86.526731, 36.020736 ], [ -86.527133, 36.020799 ], [ -86.52779, 36.020902 ], [ -86.52834, 36.020994 ], [ -86.528742, 36.021062 ], [ -86.528785, 36.021063 ], [ -86.528914, 36.021068 ], [ -86.528958, 36.02107 ], [ -86.529163, 36.021077 ], [ -86.52923, 36.021084 ], [ -86.530042, 36.021179 ], [ -86.530313, 36.021211 ], [ -86.531236, 36.021337 ], [ -86.534006, 36.021717 ], [ -86.534857, 36.021834 ], [ -86.53493, 36.021845 ], [ -86.535216, 36.021888 ], [ -86.535487, 36.021918 ], [ -86.536163, 36.021993 ], [ -86.537165, 36.022079 ], [ -86.537725, 36.022128 ], [ -86.538563, 36.022243 ], [ -86.539363, 36.022353 ], [ -86.539515, 36.022364 ], [ -86.539666, 36.02237 ], [ -86.539835, 36.022367 ], [ -86.540185, 36.022337 ], [ -86.540725, 36.022271 ], [ -86.54098, 36.022232 ], [ -86.541083, 36.022201 ], [ -86.541221, 36.022161 ], [ -86.541362, 36.022109 ], [ -86.54172, 36.021934 ], [ -86.541848, 36.021847 ], [ -86.541785, 36.021751 ], [ -86.541677, 36.021547 ], [ -86.541408, 36.021033 ], [ -86.541288, 36.020819 ], [ -86.541175, 36.020641 ], [ -86.541167, 36.020628 ], [ -86.541072, 36.020503 ], [ -86.540955, 36.020377 ], [ -86.540843, 36.020258 ], [ -86.540564, 36.019995 ], [ -86.540445, 36.019883 ], [ -86.540321, 36.0197 ], [ -86.540254, 36.019527 ], [ -86.540207, 36.019289 ], [ -86.540197, 36.019138 ], [ -86.540226, 36.018725 ], [ -86.540261, 36.01847 ], [ -86.54028, 36.018338 ], [ -86.540355, 36.017969 ], [ -86.540366, 36.017935 ], [ -86.540432, 36.017744 ], [ -86.540452, 36.017701 ], [ -86.540544, 36.017505 ], [ -86.540699, 36.017306 ], [ -86.540814, 36.017183 ], [ -86.540898, 36.017112 ], [ -86.54109, 36.016952 ], [ -86.541338, 36.01674 ], [ -86.542082, 36.016106 ], [ -86.542106, 36.016086 ], [ -86.542285, 36.015852 ], [ -86.542306, 36.015824 ], [ -86.542393, 36.015698 ], [ -86.54257, 36.015444 ], [ -86.542705, 36.015229 ], [ -86.542806, 36.015071 ], [ -86.54307, 36.014679 ], [ -86.543144, 36.014571 ], [ -86.543195, 36.014393 ], [ -86.543435, 36.013318 ], [ -86.543538, 36.012858 ], [ -86.543578, 36.012664 ], [ -86.543702, 36.012082 ], [ -86.543744, 36.011889 ], [ -86.5438, 36.011647 ], [ -86.543888, 36.011269 ], [ -86.543943, 36.011056 ], [ -86.543984, 36.010927 ], [ -86.544013, 36.01086 ], [ -86.544123, 36.010725 ], [ -86.543881, 36.010548 ], [ -86.543364, 36.01017 ], [ -86.543167, 36.010009 ], [ -86.542936, 36.00982 ], [ -86.542502, 36.009444 ], [ -86.542212, 36.00917 ], [ -86.542099, 36.009063 ], [ -86.541788, 36.008779 ], [ -86.541441, 36.008404 ], [ -86.540904, 36.007813 ], [ -86.540855, 36.007756 ], [ -86.540394, 36.007227 ], [ -86.540224, 36.007035 ], [ -86.539941, 36.006716 ], [ -86.539795, 36.006546 ], [ -86.539834, 36.006321 ], [ -86.540024, 36.006544 ], [ -86.540845, 36.007482 ], [ -86.540998, 36.007653 ], [ -86.541518, 36.008232 ], [ -86.542253, 36.008982 ], [ -86.542776, 36.009454 ], [ -86.543256, 36.009862 ], [ -86.543857, 36.010322 ], [ -86.54423, 36.010594 ], [ -86.54488, 36.011042 ], [ -86.545364, 36.011332 ], [ -86.545663, 36.011512 ], [ -86.546368, 36.011903 ], [ -86.546909, 36.012178 ], [ -86.547404, 36.012429 ], [ -86.548806, 36.013004 ], [ -86.549425, 36.013235 ], [ -86.549974, 36.01341 ], [ -86.551248, 36.013752 ], [ -86.551634, 36.013848 ], [ -86.553676, 36.014356 ], [ -86.55478, 36.014632 ], [ -86.556055, 36.014949 ], [ -86.556356, 36.015024 ], [ -86.557299, 36.015265 ], [ -86.558623, 36.015572 ], [ -86.559494, 36.015774 ], [ -86.560293, 36.015977 ], [ -86.561708, 36.016338 ], [ -86.564057, 36.016936 ], [ -86.564386, 36.01702 ], [ -86.56626, 36.017478 ], [ -86.566421, 36.017521 ], [ -86.566531, 36.01755 ], [ -86.56684, 36.017629 ], [ -86.567533, 36.017803 ], [ -86.568442, 36.018026 ], [ -86.569531, 36.018297 ], [ -86.569639, 36.018324 ], [ -86.570439, 36.018523 ], [ -86.571394, 36.01876 ], [ -86.572692, 36.019083 ], [ -86.575391, 36.01975 ], [ -86.57665, 36.020061 ], [ -86.578317, 36.020473 ], [ -86.578315, 36.020315 ], [ -86.578309, 36.019352 ], [ -86.578307, 36.019032 ], [ -86.578307, 36.018844 ], [ -86.578306, 36.018829 ], [ -86.578297, 36.01822 ], [ -86.578294, 36.018018 ], [ -86.578293, 36.017967 ], [ -86.57829, 36.017939 ], [ -86.578272, 36.017705 ], [ -86.578267, 36.017628 ], [ -86.578501, 36.017787 ], [ -86.578511, 36.017794 ], [ -86.57859, 36.017842 ], [ -86.578637, 36.017841 ], [ -86.578701, 36.017792 ], [ -86.578764, 36.017672 ], [ -86.578944, 36.017222 ], [ -86.57905, 36.016959 ], [ -86.579146, 36.016723 ], [ -86.579438, 36.016017 ], [ -86.579535, 36.015782 ], [ -86.579585, 36.01569 ], [ -86.579738, 36.015414 ], [ -86.579789, 36.015323 ], [ -86.580185, 36.015442 ], [ -86.581374, 36.015801 ], [ -86.581447, 36.015823 ], [ -86.581778, 36.015892 ], [ -86.581819, 36.015629 ], [ -86.581944, 36.014844 ], [ -86.581986, 36.014582 ], [ -86.582103, 36.013763 ], [ -86.582198, 36.013104 ], [ -86.582496, 36.011314 ], [ -86.582633, 36.010499 ], [ -86.58291, 36.00879 ], [ -86.582954, 36.008524 ], [ -86.583203, 36.007029 ], [ -86.583202, 36.006876 ], [ -86.583159, 36.006559 ], [ -86.58315, 36.006401 ], [ -86.583157, 36.006295 ], [ -86.583232, 36.005803 ], [ -86.583396, 36.005593 ], [ -86.583526, 36.005526 ], [ -86.583705, 36.005486 ], [ -86.584274, 36.005463 ], [ -86.5846, 36.005441 ], [ -86.584746, 36.005401 ], [ -86.584916, 36.005314 ], [ -86.585158, 36.005078 ], [ -86.585361, 36.004882 ], [ -86.585554, 36.004564 ], [ -86.585787, 36.004192 ], [ -86.585851, 36.00404 ], [ -86.58589, 36.003821 ], [ -86.585888, 36.00357 ], [ -86.585886, 36.00332 ], [ -86.585885, 36.00312 ], [ -86.585911, 36.002908 ], [ -86.585941, 36.002757 ], [ -86.585976, 36.002581 ], [ -86.586026, 36.002337 ], [ -86.58612, 36.001869 ], [ -86.58617, 36.001564 ], [ -86.586245, 36.001108 ], [ -86.586218, 36.000797 ], [ -86.586134, 36.000507 ], [ -86.585877, 35.999853 ], [ -86.585794, 35.999563 ], [ -86.585741, 35.99929 ], [ -86.585593, 35.998519 ], [ -86.586552, 35.998616 ], [ -86.589432, 35.99891 ], [ -86.590392, 35.999008 ], [ -86.591314, 35.999108 ], [ -86.591404, 35.999118 ], [ -86.591659, 35.999164 ], [ -86.591952, 35.999275 ], [ -86.592214, 35.999432 ], [ -86.592476, 35.999643 ], [ -86.592926, 35.999964 ], [ -86.593244, 36.000088 ], [ -86.593826, 36.000162 ], [ -86.594157, 36.000204 ], [ -86.594471, 36.000237 ], [ -86.594749, 36.000266 ], [ -86.595049, 36.000297 ], [ -86.595951, 36.000391 ], [ -86.596252, 36.000423 ], [ -86.596292, 36.000128 ], [ -86.596331, 35.99985 ], [ -86.596385, 35.999248 ], [ -86.596384, 35.999239 ], [ -86.596383, 35.998942 ], [ -86.596382, 35.998848 ], [ -86.596379, 35.998566 ], [ -86.596379, 35.998473 ], [ -86.59639, 35.9983 ], [ -86.596426, 35.997784 ], [ -86.596438, 35.997612 ], [ -86.59644, 35.997575 ], [ -86.596448, 35.997464 ], [ -86.596451, 35.997428 ], [ -86.596506, 35.99703 ], [ -86.596671, 35.99584 ], [ -86.596727, 35.995443 ], [ -86.596746, 35.99531 ], [ -86.59675, 35.995234 ], [ -86.596754, 35.995221 ], [ -86.596812, 35.994596 ], [ -86.596832, 35.994385 ], [ -86.59686, 35.994139 ], [ -86.596945, 35.993405 ], [ -86.596974, 35.99316 ], [ -86.596999, 35.992966 ], [ -86.597074, 35.992434 ], [ -86.597163, 35.991891 ], [ -86.597167, 35.991837 ], [ -86.59718, 35.991677 ], [ -86.597185, 35.991624 ], [ -86.59726, 35.991061 ], [ -86.597327, 35.990571 ], [ -86.597478, 35.989371 ], [ -86.597549, 35.988808 ], [ -86.597562, 35.988709 ], [ -86.597602, 35.988414 ], [ -86.597616, 35.988316 ], [ -86.597654, 35.988059 ], [ -86.59777, 35.98729 ], [ -86.597809, 35.987034 ], [ -86.597848, 35.986781 ], [ -86.597969, 35.986022 ], [ -86.59801, 35.98577 ], [ -86.598236, 35.984276 ], [ -86.598293, 35.983906 ], [ -86.598332, 35.983626 ], [ -86.598376, 35.98332 ], [ -86.598432, 35.982934 ], [ -86.59854, 35.982094 ], [ -86.598695, 35.981181 ], [ -86.598816, 35.980421 ], [ -86.598911, 35.979793 ], [ -86.599138, 35.9783 ], [ -86.599139, 35.97829 ], [ -86.599145, 35.978255 ], [ -86.599191, 35.977947 ], [ -86.599308, 35.97718 ], [ -86.59933, 35.977024 ], [ -86.599374, 35.976716 ], [ -86.599437, 35.976266 ], [ -86.59947, 35.976036 ], [ -86.599531, 35.975527 ], [ -86.59955, 35.975241 ], [ -86.59955, 35.974909 ], [ -86.59955, 35.974652 ], [ -86.599568, 35.974456 ], [ -86.599602, 35.974126 ], [ -86.599619, 35.973969 ], [ -86.599732, 35.973165 ], [ -86.599735, 35.97314 ], [ -86.599785, 35.972812 ], [ -86.599849, 35.972382 ], [ -86.600027, 35.971346 ], [ -86.600099, 35.970935 ], [ -86.600136, 35.970765 ], [ -86.600218, 35.970333 ], [ -86.600433, 35.969328 ], [ -86.600683, 35.968061 ], [ -86.600722, 35.96788 ], [ -86.600889, 35.966973 ], [ -86.60092, 35.966807 ], [ -86.600966, 35.966524 ], [ -86.601135, 35.965508 ], [ -86.601076, 35.96526 ], [ -86.601017, 35.96513 ], [ -86.600935, 35.965008 ], [ -86.600829, 35.964915 ], [ -86.600777, 35.964877 ], [ -86.600715, 35.964833 ], [ -86.600492, 35.964696 ], [ -86.600275, 35.964577 ], [ -86.600141, 35.964481 ], [ -86.600008, 35.964376 ], [ -86.599852, 35.964218 ], [ -86.599807, 35.964161 ], [ -86.599745, 35.964065 ], [ -86.599712, 35.96399 ], [ -86.59969, 35.963922 ], [ -86.599696, 35.963763 ], [ -86.59979, 35.963162 ], [ -86.599895, 35.962496 ], [ -86.599906, 35.962422 ], [ -86.60001, 35.961714 ], [ -86.60017, 35.960687 ], [ -86.600229, 35.960314 ], [ -86.60055, 35.958311 ], [ -86.600563, 35.95814 ], [ -86.600561, 35.957993 ], [ -86.600534, 35.957811 ], [ -86.600479, 35.957662 ], [ -86.600406, 35.957529 ], [ -86.600337, 35.957431 ], [ -86.600262, 35.957344 ], [ -86.600146, 35.957244 ], [ -86.600044, 35.957175 ], [ -86.599938, 35.957114 ], [ -86.599806, 35.957055 ], [ -86.59962, 35.956992 ], [ -86.599463, 35.956951 ], [ -86.599008, 35.956869 ], [ -86.598564, 35.956815 ], [ -86.59808, 35.956757 ], [ -86.597667, 35.956707 ], [ -86.59752, 35.956684 ], [ -86.597333, 35.956642 ], [ -86.597045, 35.956535 ], [ -86.596866, 35.95644 ], [ -86.596826, 35.956419 ], [ -86.596706, 35.956356 ], [ -86.596666, 35.956335 ], [ -86.596639, 35.95632 ], [ -86.596558, 35.956278 ], [ -86.596531, 35.956264 ], [ -86.596543, 35.956245 ], [ -86.596583, 35.956189 ], [ -86.596597, 35.956171 ], [ -86.596623, 35.956135 ], [ -86.596696, 35.956048 ], [ -86.596816, 35.955941 ], [ -86.597013, 35.955801 ], [ -86.597268, 35.955635 ], [ -86.597469, 35.955437 ], [ -86.597629, 35.955293 ], [ -86.597829, 35.955149 ], [ -86.597844, 35.955139 ], [ -86.598368, 35.954895 ], [ -86.598542, 35.95482 ], [ -86.598892, 35.954684 ], [ -86.599179, 35.954582 ], [ -86.599376, 35.954533 ], [ -86.599425, 35.954524 ], [ -86.599529, 35.954516 ], [ -86.599718, 35.954512 ], [ -86.600001, 35.954514 ], [ -86.600488, 35.954505 ], [ -86.600705, 35.954486 ], [ -86.600914, 35.95446 ], [ -86.601013, 35.954441 ], [ -86.601136, 35.954407 ], [ -86.601164, 35.954399 ], [ -86.601242, 35.95437 ], [ -86.601532, 35.954214 ], [ -86.60168, 35.954126 ], [ -86.601874, 35.954043 ], [ -86.602013, 35.954012 ], [ -86.602132, 35.954003 ], [ -86.602258, 35.954005 ], [ -86.602428, 35.954029 ], [ -86.602956, 35.954107 ], [ -86.603392, 35.954135 ], [ -86.604023, 35.954233 ], [ -86.604437, 35.952856 ], [ -86.604459, 35.952785 ], [ -86.604599, 35.9524 ], [ -86.604611, 35.952368 ], [ -86.604637, 35.952271 ], [ -86.605321, 35.949732 ], [ -86.605292, 35.949539 ], [ -86.605189, 35.949374 ], [ -86.605039, 35.94922 ], [ -86.604875, 35.949111 ], [ -86.604646, 35.948982 ], [ -86.604235, 35.94875 ], [ -86.603847, 35.948509 ], [ -86.603669, 35.948323 ], [ -86.603559, 35.948147 ], [ -86.603547, 35.948106 ], [ -86.603483, 35.947899 ], [ -86.60346, 35.947607 ], [ -86.603478, 35.947401 ], [ -86.603485, 35.947336 ], [ -86.603822, 35.945283 ], [ -86.603939, 35.944577 ], [ -86.604048, 35.943787 ], [ -86.604376, 35.941675 ], [ -86.604759, 35.939207 ], [ -86.604883, 35.938572 ], [ -86.604915, 35.938464 ], [ -86.605052, 35.938014 ], [ -86.605055, 35.938003 ], [ -86.605111, 35.937834 ], [ -86.605193, 35.937845 ], [ -86.605481, 35.937017 ], [ -86.605511, 35.936931 ], [ -86.605536, 35.936864 ], [ -86.60554, 35.936853 ], [ -86.60555, 35.936829 ], [ -86.605558, 35.936808 ], [ -86.605562, 35.936797 ], [ -86.605567, 35.936785 ], [ -86.605571, 35.936775 ], [ -86.604812, 35.936602 ], [ -86.604371, 35.936498 ], [ -86.60406, 35.936425 ], [ -86.603742, 35.936307 ], [ -86.603347, 35.93614 ], [ -86.601935, 35.935504 ], [ -86.60135, 35.935247 ], [ -86.600639, 35.93493 ], [ -86.599138, 35.934279 ], [ -86.598783, 35.934121 ], [ -86.598621, 35.934043 ], [ -86.598267, 35.933889 ], [ -86.597792, 35.933671 ], [ -86.596884, 35.933206 ], [ -86.596857, 35.933235 ], [ -86.596816, 35.933291 ], [ -86.595788, 35.932805 ], [ -86.595658, 35.932744 ], [ -86.595508, 35.932674 ], [ -86.595446, 35.932642 ], [ -86.594991, 35.932406 ], [ -86.594885, 35.932342 ], [ -86.594638, 35.932192 ], [ -86.594459, 35.932083 ], [ -86.593925, 35.931701 ], [ -86.593691, 35.931533 ], [ -86.593479, 35.931381 ], [ -86.592845, 35.930926 ], [ -86.592816, 35.930906 ], [ -86.592633, 35.930776 ], [ -86.592126, 35.930416 ], [ -86.59146, 35.929944 ], [ -86.589742, 35.928726 ], [ -86.589374, 35.928501 ], [ -86.587911, 35.927748 ], [ -86.587795, 35.927687 ], [ -86.586522, 35.927021 ], [ -86.586381, 35.926952 ], [ -86.585959, 35.926747 ], [ -86.585819, 35.926679 ], [ -86.586037, 35.926619 ], [ -86.586226, 35.926586 ], [ -86.586463, 35.926564 ], [ -86.586841, 35.92658 ], [ -86.586976, 35.926613 ], [ -86.587382, 35.926745 ], [ -86.587517, 35.926761 ], [ -86.587694, 35.926757 ], [ -86.587747, 35.926756 ], [ -86.587983, 35.926684 ], [ -86.588375, 35.926481 ], [ -86.588531, 35.92642 ], [ -86.588963, 35.926338 ], [ -86.589105, 35.926349 ], [ -86.58926, 35.926376 ], [ -86.589456, 35.926398 ], [ -86.589686, 35.926393 ], [ -86.589936, 35.926398 ], [ -86.590558, 35.926381 ], [ -86.591037, 35.926304 ], [ -86.592051, 35.925952 ], [ -86.592287, 35.925831 ], [ -86.592456, 35.925644 ], [ -86.592557, 35.925507 ], [ -86.592639, 35.925337 ], [ -86.592693, 35.925133 ], [ -86.592716, 35.924988 ], [ -86.592726, 35.92493 ], [ -86.592814, 35.924765 ], [ -86.592949, 35.924622 ], [ -86.593091, 35.924518 ], [ -86.593206, 35.924468 ], [ -86.593523, 35.924364 ], [ -86.593692, 35.924259 ], [ -86.593767, 35.924193 ], [ -86.593807, 35.924133 ], [ -86.593807, 35.924078 ], [ -86.593699, 35.923874 ], [ -86.593692, 35.923786 ], [ -86.593706, 35.923737 ], [ -86.593728, 35.923704 ], [ -86.593739, 35.923688 ], [ -86.593841, 35.923627 ], [ -86.594034, 35.923489 ], [ -86.594111, 35.923435 ], [ -86.594388, 35.923127 ], [ -86.594624, 35.92272 ], [ -86.594689, 35.922586 ], [ -86.594719, 35.922528 ], [ -86.594867, 35.92233 ], [ -86.594918, 35.922293 ], [ -86.594982, 35.922247 ], [ -86.59509, 35.922187 ], [ -86.595219, 35.922137 ], [ -86.595327, 35.922077 ], [ -86.595387, 35.922005 ], [ -86.595421, 35.921879 ], [ -86.595441, 35.921741 ], [ -86.595475, 35.921664 ], [ -86.595762, 35.921316 ], [ -86.595779, 35.921296 ], [ -86.595853, 35.921164 ], [ -86.595907, 35.92101 ], [ -86.595759, 35.920768 ], [ -86.595677, 35.920593 ], [ -86.595637, 35.920433 ], [ -86.595612, 35.920255 ], [ -86.59567, 35.920048 ], [ -86.595751, 35.919873 ], [ -86.596055, 35.919378 ], [ -86.5964, 35.918944 ], [ -86.596623, 35.918795 ], [ -86.596717, 35.918707 ], [ -86.596798, 35.918608 ], [ -86.596859, 35.918372 ], [ -86.596947, 35.918245 ], [ -86.597048, 35.918179 ], [ -86.597122, 35.918097 ], [ -86.597169, 35.917976 ], [ -86.597176, 35.917586 ], [ -86.597185, 35.917518 ], [ -86.597264, 35.917545 ], [ -86.59732, 35.917565 ], [ -86.597494, 35.91765 ], [ -86.59757, 35.917688 ], [ -86.597645, 35.917497 ], [ -86.598018, 35.915606 ], [ -86.598044, 35.915477 ], [ -86.598382, 35.913639 ], [ -86.598739, 35.911933 ], [ -86.598855, 35.911546 ], [ -86.599061, 35.91101 ], [ -86.599159, 35.910486 ], [ -86.599229, 35.91025 ], [ -86.599316, 35.910123 ], [ -86.599407, 35.91004 ], [ -86.599493, 35.909985 ], [ -86.599559, 35.909954 ], [ -86.599615, 35.909934 ], [ -86.599696, 35.909916 ], [ -86.599753, 35.909912 ], [ -86.599913, 35.909924 ], [ -86.599994, 35.909937 ], [ -86.600708, 35.910055 ], [ -86.601013, 35.910096 ], [ -86.601108, 35.910098 ], [ -86.601187, 35.910093 ], [ -86.601261, 35.910074 ], [ -86.601305, 35.910057 ], [ -86.601394, 35.910002 ], [ -86.601434, 35.909959 ], [ -86.601465, 35.909913 ], [ -86.601493, 35.909858 ], [ -86.601549, 35.909682 ], [ -86.601631, 35.90937 ], [ -86.601633, 35.909355 ], [ -86.601681, 35.909059 ], [ -86.601761, 35.908581 ], [ -86.601847, 35.90836 ], [ -86.601935, 35.908204 ], [ -86.601965, 35.908152 ], [ -86.602113, 35.907964 ], [ -86.602208, 35.907861 ], [ -86.602333, 35.907739 ], [ -86.602411, 35.907659 ], [ -86.602775, 35.907291 ], [ -86.602869, 35.907222 ], [ -86.602937, 35.907196 ], [ -86.60302, 35.907177 ], [ -86.603093, 35.907179 ], [ -86.603191, 35.907187 ], [ -86.603398, 35.907215 ], [ -86.6035, 35.90722 ], [ -86.603647, 35.907207 ], [ -86.60375, 35.907187 ], [ -86.604055, 35.907097 ], [ -86.60417, 35.907073 ], [ -86.604293, 35.907061 ], [ -86.604425, 35.907073 ], [ -86.604498, 35.907088 ], [ -86.604583, 35.90712 ], [ -86.604674, 35.907162 ], [ -86.604906, 35.9073 ], [ -86.605147, 35.907463 ], [ -86.605364, 35.907588 ], [ -86.605991, 35.907852 ], [ -86.606112, 35.907899 ], [ -86.60613, 35.907906 ], [ -86.606356, 35.907973 ], [ -86.606706, 35.908049 ], [ -86.60709, 35.908087 ], [ -86.607205, 35.90809 ], [ -86.607503, 35.908071 ], [ -86.60779, 35.908043 ], [ -86.608264, 35.907986 ], [ -86.608602, 35.907901 ], [ -86.609197, 35.907639 ], [ -86.609591, 35.907494 ], [ -86.60968, 35.907457 ], [ -86.609762, 35.907415 ], [ -86.609831, 35.907374 ], [ -86.609942, 35.907285 ], [ -86.609986, 35.907245 ], [ -86.610068, 35.90714 ], [ -86.610208, 35.906921 ], [ -86.610283, 35.906778 ], [ -86.610367, 35.906604 ], [ -86.610451, 35.9064 ], [ -86.610497, 35.906243 ], [ -86.610514, 35.906165 ], [ -86.610527, 35.906072 ], [ -86.610525, 35.906015 ], [ -86.610517, 35.905957 ], [ -86.610501, 35.905899 ], [ -86.610424, 35.905725 ], [ -86.610361, 35.905626 ], [ -86.610285, 35.905528 ], [ -86.610131, 35.905354 ], [ -86.610041, 35.905232 ], [ -86.609988, 35.905123 ], [ -86.609971, 35.904998 ], [ -86.609981, 35.904921 ], [ -86.610048, 35.904557 ], [ -86.61007, 35.904391 ], [ -86.610082, 35.904241 ], [ -86.610089, 35.904036 ], [ -86.610082, 35.903846 ], [ -86.610067, 35.90366 ], [ -86.610015, 35.903285 ], [ -86.60999, 35.903153 ], [ -86.609849, 35.902601 ], [ -86.609811, 35.902452 ], [ -86.609752, 35.902248 ], [ -86.609563, 35.901677 ], [ -86.609524, 35.901509 ], [ -86.609517, 35.901431 ], [ -86.609518, 35.901194 ], [ -86.609596, 35.900498 ], [ -86.609607, 35.900327 ], [ -86.609603, 35.900169 ], [ -86.609579, 35.899949 ], [ -86.609586, 35.899718 ], [ -86.609613, 35.899425 ], [ -86.609619, 35.899273 ], [ -86.609613, 35.899213 ], [ -86.609577, 35.899047 ], [ -86.609432, 35.898648 ], [ -86.609324, 35.898251 ], [ -86.609301, 35.898206 ], [ -86.609263, 35.898165 ], [ -86.609222, 35.898133 ], [ -86.609158, 35.898092 ], [ -86.608966, 35.898013 ], [ -86.608451, 35.897815 ], [ -86.608306, 35.897756 ], [ -86.608203, 35.897725 ], [ -86.608074, 35.897702 ], [ -86.607794, 35.897689 ], [ -86.607569, 35.897695 ], [ -86.607474, 35.897702 ], [ -86.607337, 35.897695 ], [ -86.607261, 35.897674 ], [ -86.607193, 35.897649 ], [ -86.606736, 35.897446 ], [ -86.606407, 35.897285 ], [ -86.606249, 35.897193 ], [ -86.60614, 35.897115 ], [ -86.605987, 35.89696 ], [ -86.605935, 35.8969 ], [ -86.605887, 35.896832 ], [ -86.60579, 35.89665 ], [ -86.605727, 35.89644 ], [ -86.605674, 35.896303 ], [ -86.60559, 35.89616 ], [ -86.605557, 35.896112 ], [ -86.605462, 35.895973 ], [ -86.605455, 35.895963 ], [ -86.605263, 35.895622 ], [ -86.60524, 35.895544 ], [ -86.605235, 35.895525 ], [ -86.605219, 35.895448 ], [ -86.605209, 35.89536 ], [ -86.605183, 35.895126 ], [ -86.605169, 35.894975 ], [ -86.605145, 35.894716 ], [ -86.605131, 35.894476 ], [ -86.605085, 35.894119 ], [ -86.605031, 35.893823 ], [ -86.60503, 35.893813 ], [ -86.604977, 35.893593 ], [ -86.604933, 35.893449 ], [ -86.604855, 35.893195 ], [ -86.604774, 35.893021 ], [ -86.60475, 35.892981 ], [ -86.604704, 35.892924 ], [ -86.60465, 35.892868 ], [ -86.604598, 35.892828 ], [ -86.604576, 35.892811 ], [ -86.604506, 35.89274 ], [ -86.604453, 35.892671 ], [ -86.604295, 35.892425 ], [ -86.604225, 35.892307 ], [ -86.604042, 35.89203 ], [ -86.603878, 35.891804 ], [ -86.603761, 35.891685 ], [ -86.603583, 35.891553 ], [ -86.60339, 35.891387 ], [ -86.603261, 35.89126 ], [ -86.60321, 35.891196 ], [ -86.603144, 35.891114 ], [ -86.603082, 35.89102 ], [ -86.603028, 35.890903 ], [ -86.602955, 35.890679 ], [ -86.60296, 35.890542 ], [ -86.602655, 35.890512 ], [ -86.602441, 35.890484 ], [ -86.601888, 35.890412 ], [ -86.601709, 35.890389 ], [ -86.600691, 35.890249 ], [ -86.59868, 35.889973 ], [ -86.598364, 35.88993 ], [ -86.597852, 35.889886 ], [ -86.597607, 35.889872 ], [ -86.59724, 35.88985 ], [ -86.596965, 35.889835 ], [ -86.596697, 35.88981 ], [ -86.596576, 35.889791 ], [ -86.596396, 35.889742 ], [ -86.596261, 35.889692 ], [ -86.596166, 35.889651 ], [ -86.596079, 35.889614 ], [ -86.595921, 35.889527 ], [ -86.595848, 35.889473 ], [ -86.595614, 35.8893 ], [ -86.595544, 35.889238 ], [ -86.595255, 35.888979 ], [ -86.595115, 35.888822 ], [ -86.595063, 35.888734 ], [ -86.595003, 35.888609 ], [ -86.594954, 35.888474 ], [ -86.594925, 35.888332 ], [ -86.594925, 35.888308 ], [ -86.594933, 35.887983 ], [ -86.59494, 35.887925 ], [ -86.59498, 35.887567 ], [ -86.594986, 35.887517 ], [ -86.595041, 35.887122 ], [ -86.59507, 35.886821 ], [ -86.59507, 35.886672 ], [ -86.595012, 35.886516 ], [ -86.594941, 35.886402 ], [ -86.594893, 35.886339 ], [ -86.59483, 35.886256 ], [ -86.594626, 35.88603 ], [ -86.59434, 35.885798 ], [ -86.594288, 35.885755 ], [ -86.593819, 35.885415 ], [ -86.592124, 35.884185 ], [ -86.591748, 35.883953 ], [ -86.591289, 35.883738 ], [ -86.590562, 35.88339 ], [ -86.590374, 35.883303 ], [ -86.590149, 35.883199 ], [ -86.590058, 35.883157 ], [ -86.589795, 35.88301 ], [ -86.58951, 35.882827 ], [ -86.589421, 35.88277 ], [ -86.589304, 35.882693 ], [ -86.58895, 35.882459 ], [ -86.588699, 35.882293 ], [ -86.588479, 35.882146 ], [ -86.587892, 35.881752 ], [ -86.587595, 35.881553 ], [ -86.58754, 35.881517 ], [ -86.586836, 35.881057 ], [ -86.586635, 35.880965 ], [ -86.586363, 35.880882 ], [ -86.585957, 35.880849 ], [ -86.585582, 35.880847 ], [ -86.58516, 35.880902 ], [ -86.584974, 35.880909 ], [ -86.584819, 35.880916 ], [ -86.584276, 35.880853 ], [ -86.582751, 35.880604 ], [ -86.579994, 35.880181 ], [ -86.578523, 35.880016 ], [ -86.578101, 35.880005 ], [ -86.577748, 35.880029 ], [ -86.576824, 35.880128 ], [ -86.576676, 35.880144 ], [ -86.576329, 35.880221 ], [ -86.575972, 35.880293 ], [ -86.575788, 35.88032 ], [ -86.575539, 35.880326 ], [ -86.57524, 35.880296 ], [ -86.574127, 35.880068 ], [ -86.574076, 35.880393 ], [ -86.574063, 35.880477 ], [ -86.574034, 35.880612 ], [ -86.574008, 35.880695 ], [ -86.573927, 35.880889 ], [ -86.573877, 35.880979 ], [ -86.573804, 35.881085 ], [ -86.573723, 35.881191 ], [ -86.57365, 35.881265 ], [ -86.573422, 35.881503 ], [ -86.573093, 35.881842 ], [ -86.572987, 35.881953 ], [ -86.572918, 35.882037 ], [ -86.572733, 35.882309 ], [ -86.572648, 35.882471 ], [ -86.572548, 35.8827 ], [ -86.572484, 35.882848 ], [ -86.57238, 35.883056 ], [ -86.572371, 35.883076 ], [ -86.572284, 35.883195 ], [ -86.572172, 35.883329 ], [ -86.572077, 35.883416 ], [ -86.571975, 35.883509 ], [ -86.571892, 35.883573 ], [ -86.571795, 35.883635 ], [ -86.571601, 35.883741 ], [ -86.571429, 35.883829 ], [ -86.571229, 35.883936 ], [ -86.57122, 35.883942 ], [ -86.571017, 35.884067 ], [ -86.570823, 35.884226 ], [ -86.570809, 35.884243 ], [ -86.570518, 35.88459 ], [ -86.570191, 35.885108 ], [ -86.570146, 35.885181 ], [ -86.570008, 35.885387 ], [ -86.569583, 35.886027 ], [ -86.569442, 35.886221 ], [ -86.569166, 35.88652 ], [ -86.568964, 35.886698 ], [ -86.568876, 35.886765 ], [ -86.567428, 35.887896 ], [ -86.567232, 35.888074 ], [ -86.567098, 35.888262 ], [ -86.567031, 35.888372 ], [ -86.566951, 35.888593 ], [ -86.566855, 35.889106 ], [ -86.566549, 35.89075 ], [ -86.566464, 35.891267 ], [ -86.566415, 35.891569 ], [ -86.566312, 35.89206 ], [ -86.566271, 35.892209 ], [ -86.566229, 35.892336 ], [ -86.566168, 35.892494 ], [ -86.566147, 35.892534 ], [ -86.566102, 35.892626 ], [ -86.566031, 35.892752 ], [ -86.566021, 35.892766 ], [ -86.565892, 35.892953 ], [ -86.565756, 35.893127 ], [ -86.565706, 35.893185 ], [ -86.565436, 35.893498 ], [ -86.565085, 35.893912 ], [ -86.563431, 35.895873 ], [ -86.563267, 35.896128 ], [ -86.56323, 35.896188 ], [ -86.563103, 35.896454 ], [ -86.563004, 35.89673 ], [ -86.562945, 35.897022 ], [ -86.562923, 35.897183 ], [ -86.562857, 35.897665 ], [ -86.562836, 35.897827 ], [ -86.562759, 35.898437 ], [ -86.562527, 35.900268 ], [ -86.562451, 35.900879 ], [ -86.562422, 35.901102 ], [ -86.562354, 35.901647 ], [ -86.562349, 35.901774 ], [ -86.562348, 35.901829 ], [ -86.562354, 35.902 ], [ -86.562365, 35.902075 ], [ -86.562371, 35.902115 ], [ -86.562417, 35.902298 ], [ -86.562436, 35.902372 ], [ -86.562459, 35.902466 ], [ -86.562496, 35.902611 ], [ -86.562506, 35.902752 ], [ -86.562511, 35.902804 ], [ -86.562509, 35.902849 ], [ -86.562505, 35.902969 ], [ -86.562501, 35.902988 ], [ -86.562466, 35.903201 ], [ -86.562388, 35.903391 ], [ -86.562373, 35.903428 ], [ -86.562321, 35.903514 ], [ -86.562226, 35.903671 ], [ -86.56221, 35.903688 ], [ -86.562078, 35.903832 ], [ -86.562026, 35.903884 ], [ -86.561957, 35.903954 ], [ -86.561808, 35.904059 ], [ -86.561745, 35.904094 ], [ -86.561639, 35.904154 ], [ -86.561562, 35.90419 ], [ -86.56145, 35.904243 ], [ -86.561254, 35.904315 ], [ -86.561044, 35.904371 ], [ -86.560807, 35.904406 ], [ -86.560732, 35.904407 ], [ -86.56055, 35.904412 ], [ -86.560251, 35.904392 ], [ -86.558695, 35.904215 ], [ -86.555818, 35.903889 ], [ -86.555178, 35.903846 ], [ -86.554732, 35.903898 ], [ -86.554371, 35.904 ], [ -86.55408, 35.904109 ], [ -86.553785, 35.904258 ], [ -86.553531, 35.904453 ], [ -86.553338, 35.90463 ], [ -86.553189, 35.904821 ], [ -86.553041, 35.905073 ], [ -86.552923, 35.905336 ], [ -86.552821, 35.9058 ], [ -86.552756, 35.906195 ], [ -86.552519, 35.907627 ], [ -86.552333, 35.908746 ], [ -86.552044, 35.9105 ], [ -86.551966, 35.910937 ], [ -86.551901, 35.911307 ], [ -86.551887, 35.911383 ], [ -86.55174, 35.912249 ], [ -86.551666, 35.912687 ], [ -86.551618, 35.913009 ], [ -86.551543, 35.913526 ], [ -86.551471, 35.913976 ], [ -86.551421, 35.914299 ], [ -86.551328, 35.914886 ], [ -86.551051, 35.916647 ], [ -86.550959, 35.917235 ], [ -86.550882, 35.917222 ], [ -86.550796, 35.917208 ], [ -86.550599, 35.917192 ], [ -86.550287, 35.91716 ], [ -86.55012, 35.917146 ], [ -86.549955, 35.917134 ], [ -86.549595, 35.917097 ], [ -86.548795, 35.917024 ], [ -86.548076, 35.917016 ], [ -86.547597, 35.917014 ], [ -86.546754, 35.917011 ], [ -86.546337, 35.91701 ], [ -86.545089, 35.91701 ], [ -86.544673, 35.91701 ], [ -86.543886, 35.91703 ], [ -86.543474, 35.917069 ], [ -86.543182, 35.917143 ], [ -86.542952, 35.917254 ], [ -86.542743, 35.917399 ], [ -86.542575, 35.917571 ], [ -86.54238, 35.91788 ], [ -86.542336, 35.918054 ], [ -86.542272, 35.918279 ], [ -86.542141, 35.918653 ], [ -86.542007, 35.91888 ], [ -86.541866, 35.919057 ], [ -86.541684, 35.919251 ], [ -86.541469, 35.919406 ], [ -86.541219, 35.919529 ], [ -86.541147, 35.919556 ], [ -86.540955, 35.919629 ], [ -86.540582, 35.919714 ], [ -86.540366, 35.91977 ], [ -86.540258, 35.919837 ], [ -86.54013, 35.919936 ], [ -86.54006, 35.920008 ], [ -86.539995, 35.920075 ], [ -86.539802, 35.920321 ], [ -86.53974, 35.920401 ], [ -86.539517, 35.920628 ], [ -86.539355, 35.920825 ], [ -86.539222, 35.920988 ], [ -86.538468, 35.921835 ], [ -86.538238, 35.92213 ], [ -86.538192, 35.92219 ], [ -86.538079, 35.922427 ], [ -86.537999, 35.922648 ], [ -86.537495, 35.922537 ], [ -86.537116, 35.922454 ], [ -86.536824, 35.922361 ], [ -86.536029, 35.922072 ], [ -86.535573, 35.92192 ], [ -86.535533, 35.921906 ], [ -86.53546, 35.92188 ], [ -86.535254, 35.921808 ], [ -86.535174, 35.921773 ], [ -86.535122, 35.921749 ], [ -86.535111, 35.921744 ], [ -86.535091, 35.921735 ], [ -86.534956, 35.921711 ], [ -86.534901, 35.921702 ], [ -86.53463, 35.921684 ], [ -86.533958, 35.92164 ], [ -86.53382, 35.921627 ], [ -86.533551, 35.921604 ], [ -86.531993, 35.921469 ], [ -86.53197, 35.921467 ], [ -86.531617, 35.921441 ], [ -86.530744, 35.921354 ], [ -86.530361, 35.921318 ], [ -86.529214, 35.92121 ], [ -86.528832, 35.921175 ], [ -86.528504, 35.921141 ], [ -86.527832, 35.921074 ], [ -86.527521, 35.921047 ], [ -86.527194, 35.921019 ], [ -86.52694, 35.920991 ], [ -86.526738, 35.920968 ], [ -86.526179, 35.920907 ], [ -86.525926, 35.920879 ], [ -86.525763, 35.920882 ], [ -86.525159, 35.920822 ], [ -86.522864, 35.920594 ], [ -86.522203, 35.920529 ], [ -86.522099, 35.920518 ], [ -86.522131, 35.920181 ], [ -86.522101, 35.919834 ], [ -86.522075, 35.919724 ], [ -86.522041, 35.919579 ], [ -86.521942, 35.91925 ], [ -86.521756, 35.918903 ], [ -86.521719, 35.918853 ], [ -86.521558, 35.918634 ], [ -86.521483, 35.918556 ], [ -86.521305, 35.91837 ], [ -86.520668, 35.917869 ], [ -86.520351, 35.917619 ], [ -86.520085, 35.917344 ], [ -86.520079, 35.917334 ], [ -86.520016, 35.917238 ], [ -86.51988, 35.917031 ], [ -86.519834, 35.91695 ], [ -86.519779, 35.916851 ], [ -86.519684, 35.916833 ], [ -86.519514, 35.916801 ], [ -86.519401, 35.916775 ], [ -86.519307, 35.916755 ], [ -86.518879, 35.91666 ], [ -86.518404, 35.916556 ], [ -86.517589, 35.916404 ], [ -86.517149, 35.916323 ], [ -86.515752, 35.916049 ], [ -86.515724, 35.916042 ], [ -86.515483, 35.91599 ], [ -86.515266, 35.915932 ], [ -86.515083, 35.915867 ], [ -86.513403, 35.915212 ], [ -86.512877, 35.914997 ], [ -86.512475, 35.914825 ], [ -86.511641, 35.914455 ], [ -86.511046, 35.914192 ], [ -86.510898, 35.914111 ], [ -86.510697, 35.91397 ], [ -86.510489, 35.913804 ], [ -86.51044, 35.913749 ], [ -86.51041, 35.913701 ], [ -86.510391, 35.913642 ], [ -86.510395, 35.913576 ], [ -86.510519, 35.91292 ], [ -86.510592, 35.912443 ], [ -86.510589, 35.912361 ], [ -86.510589, 35.912326 ], [ -86.510574, 35.912254 ], [ -86.510545, 35.912164 ], [ -86.51049, 35.912052 ], [ -86.51042, 35.911929 ], [ -86.509875, 35.911029 ], [ -86.509694, 35.91075 ], [ -86.509503, 35.910488 ], [ -86.508754, 35.909501 ], [ -86.508376, 35.90899 ], [ -86.508361, 35.90897 ], [ -86.508194, 35.908752 ], [ -86.508044, 35.908594 ], [ -86.507878, 35.908435 ], [ -86.507649, 35.908232 ], [ -86.507397, 35.908019 ], [ -86.507256, 35.9079 ], [ -86.506996, 35.907681 ], [ -86.506832, 35.907544 ], [ -86.506814, 35.907529 ], [ -86.506689, 35.90743 ], [ -86.506596, 35.907356 ], [ -86.506429, 35.907222 ], [ -86.506318, 35.907138 ], [ -86.506224, 35.907068 ], [ -86.506171, 35.90703 ], [ -86.506014, 35.906918 ], [ -86.505962, 35.906881 ], [ -86.505581, 35.906602 ], [ -86.505007, 35.906182 ], [ -86.50454, 35.905888 ], [ -86.504409, 35.905809 ], [ -86.504006, 35.905565 ], [ -86.502727, 35.9048 ], [ -86.502458, 35.904572 ], [ -86.50244, 35.904553 ], [ -86.501899, 35.903985 ], [ -86.501332, 35.903356 ], [ -86.500868, 35.902793 ], [ -86.500317, 35.902066 ], [ -86.500006, 35.901612 ], [ -86.499582, 35.900886 ], [ -86.499344, 35.900367 ], [ -86.499222, 35.900029 ], [ -86.499219, 35.900017 ], [ -86.499157, 35.899755 ], [ -86.49895, 35.89817 ], [ -86.49887, 35.897375 ], [ -86.498838, 35.896959 ], [ -86.498823, 35.896691 ], [ -86.498758, 35.895526 ], [ -86.498704, 35.894786 ], [ -86.498639, 35.894072 ], [ -86.498473, 35.892253 ], [ -86.498454, 35.892043 ], [ -86.498364, 35.890774 ], [ -86.498242, 35.889397 ], [ -86.498155, 35.888414 ], [ -86.498132, 35.888231 ], [ -86.498113, 35.88813 ], [ -86.497905, 35.887432 ], [ -86.49768, 35.88671 ], [ -86.497639, 35.886575 ], [ -86.497554, 35.886329 ], [ -86.497475, 35.886123 ], [ -86.497267, 35.885483 ], [ -86.497243, 35.885395 ], [ -86.497228, 35.885336 ], [ -86.497181, 35.88504 ], [ -86.497131, 35.884585 ], [ -86.497082, 35.884024 ], [ -86.496625, 35.879493 ], [ -86.496608, 35.879275 ], [ -86.496582, 35.879066 ], [ -86.496588, 35.878926 ], [ -86.496591, 35.878859 ], [ -86.496657, 35.878682 ], [ -86.497857, 35.876016 ], [ -86.498178, 35.875597 ], [ -86.498244, 35.875472 ], [ -86.498311, 35.875347 ], [ -86.498493, 35.87501 ], [ -86.498549, 35.874907 ], [ -86.498072, 35.874814 ], [ -86.497783, 35.87479 ], [ -86.49742, 35.874762 ], [ -86.4974, 35.87476 ], [ -86.497338, 35.874759 ], [ -86.496626, 35.874751 ], [ -86.496019, 35.874811 ], [ -86.49572, 35.874871 ], [ -86.495359, 35.874935 ], [ -86.49501, 35.87495 ], [ -86.494511, 35.87492 ], [ -86.494192, 35.874897 ], [ -86.493891, 35.874875 ], [ -86.49325, 35.874834 ], [ -86.489979, 35.87654 ], [ -86.489085, 35.876965 ], [ -86.488772, 35.877127 ], [ -86.488474, 35.877281 ], [ -86.487535, 35.877769 ], [ -86.486841, 35.878131 ], [ -86.485866, 35.878635 ], [ -86.484775, 35.879198 ], [ -86.483602, 35.879804 ], [ -86.48288, 35.880169 ], [ -86.482817, 35.880202 ], [ -86.481519, 35.880875 ], [ -86.48133, 35.880973 ], [ -86.480658, 35.881321 ], [ -86.480187, 35.88157 ], [ -86.480104, 35.881615 ], [ -86.479515, 35.881938 ], [ -86.479032, 35.882238 ], [ -86.478549, 35.882572 ], [ -86.477989, 35.883014 ], [ -86.477866, 35.883129 ], [ -86.477436, 35.883532 ], [ -86.477111, 35.883878 ], [ -86.4765, 35.884531 ], [ -86.476228, 35.884817 ], [ -86.475994, 35.884608 ], [ -86.475757, 35.884391 ], [ -86.475577, 35.884226 ], [ -86.475203, 35.883882 ], [ -86.47441, 35.883155 ], [ -86.472437, 35.881359 ], [ -86.472122, 35.881086 ], [ -86.471073, 35.88018 ], [ -86.469331, 35.878593 ], [ -86.468479, 35.877817 ], [ -86.468445, 35.877786 ], [ -86.466034, 35.875589 ], [ -86.464144, 35.873796 ], [ -86.462958, 35.87267 ], [ -86.462497, 35.872254 ], [ -86.462462, 35.872219 ], [ -86.462442, 35.872204 ], [ -86.462424, 35.872188 ], [ -86.462408, 35.872174 ], [ -86.462395, 35.872158 ], [ -86.462355, 35.872127 ], [ -86.462304, 35.87208 ], [ -86.462202, 35.871977 ], [ -86.461516, 35.871372 ], [ -86.46129, 35.871169 ], [ -86.461163, 35.871055 ], [ -86.460557, 35.870502 ], [ -86.458361, 35.868498 ], [ -86.457629, 35.867831 ], [ -86.45757, 35.867777 ], [ -86.457443, 35.867661 ], [ -86.457394, 35.867617 ], [ -86.457336, 35.867564 ], [ -86.457313, 35.867543 ], [ -86.457245, 35.867483 ], [ -86.457223, 35.867463 ], [ -86.457247, 35.867464 ], [ -86.45732, 35.867467 ], [ -86.457345, 35.867469 ], [ -86.457634, 35.867483 ], [ -86.458076, 35.867483 ], [ -86.458182, 35.867484 ], [ -86.458234, 35.867487 ], [ -86.458528, 35.867506 ], [ -86.458871, 35.867534 ], [ -86.46049, 35.86753 ], [ -86.460571, 35.867526 ], [ -86.461072, 35.86739 ], [ -86.461611, 35.867128 ], [ -86.462118, 35.866916 ], [ -86.462788, 35.866491 ], [ -86.462859, 35.866435 ], [ -86.463359, 35.866047 ], [ -86.463442, 35.865984 ], [ -86.463981, 35.865396 ], [ -86.464228, 35.864922 ], [ -86.464432, 35.864545 ], [ -86.464766, 35.863549 ], [ -86.464968, 35.862944 ], [ -86.465156, 35.862385 ], [ -86.465523, 35.861284 ], [ -86.465573, 35.861132 ], [ -86.465775, 35.860528 ], [ -86.466427, 35.858577 ], [ -86.466702, 35.857752 ], [ -86.467431, 35.855581 ], [ -86.466923, 35.855503 ], [ -86.465717, 35.855276 ], [ -86.465303, 35.855152 ], [ -86.465087, 35.855055 ], [ -86.464864, 35.85494 ], [ -86.46414, 35.854569 ], [ -86.463954, 35.854474 ], [ -86.463876, 35.854434 ], [ -86.463401, 35.85419 ], [ -86.463215, 35.854095 ], [ -86.462023, 35.853515 ], [ -86.461351, 35.853173 ], [ -86.461275, 35.853134 ], [ -86.461148, 35.853286 ], [ -86.460955, 35.853488 ], [ -86.460908, 35.853522 ], [ -86.460841, 35.853562 ], [ -86.460708, 35.853617 ], [ -86.460499, 35.853673 ], [ -86.460385, 35.853731 ], [ -86.460296, 35.853802 ], [ -86.460219, 35.853889 ], [ -86.46016, 35.853977 ], [ -86.460122, 35.85407 ], [ -86.460101, 35.854179 ], [ -86.460083, 35.854295 ], [ -86.460033, 35.854644 ], [ -86.460017, 35.854761 ], [ -86.45941, 35.854761 ], [ -86.457589, 35.854764 ], [ -86.457428, 35.854765 ], [ -86.456983, 35.854782 ], [ -86.456584, 35.854802 ], [ -86.456263, 35.854803 ], [ -86.455692, 35.854807 ], [ -86.454101, 35.854802 ], [ -86.453381, 35.8548 ], [ -86.453304, 35.854797 ], [ -86.453073, 35.854788 ], [ -86.453061, 35.854788 ], [ -86.452997, 35.854788 ], [ -86.452538, 35.85479 ], [ -86.452232, 35.854789 ], [ -86.449938, 35.854784 ], [ -86.449174, 35.854783 ], [ -86.449178, 35.854135 ], [ -86.449236, 35.853746 ], [ -86.449269, 35.853536 ], [ -86.449359, 35.852888 ], [ -86.449479, 35.852038 ], [ -86.449594, 35.851167 ], [ -86.449663, 35.850653 ], [ -86.449801, 35.849622 ], [ -86.449853, 35.84916 ], [ -86.449858, 35.849125 ], [ -86.449956, 35.848467 ], [ -86.450961, 35.84856 ], [ -86.451378, 35.848597 ], [ -86.451846, 35.848619 ], [ -86.452358, 35.848597 ], [ -86.452512, 35.848582 ], [ -86.45276, 35.848604 ], [ -86.453046, 35.848699 ], [ -86.453234, 35.84879 ], [ -86.453845, 35.844719 ], [ -86.454199, 35.844703 ], [ -86.454442, 35.844691 ], [ -86.454551, 35.844687 ], [ -86.454595, 35.844685 ], [ -86.454896, 35.844684 ], [ -86.455299, 35.844683 ], [ -86.455801, 35.844688 ], [ -86.455862, 35.844689 ], [ -86.455892, 35.84469 ], [ -86.456103, 35.844704 ], [ -86.456492, 35.844728 ], [ -86.457301, 35.84478 ], [ -86.457661, 35.844802 ], [ -86.458051, 35.844827 ], [ -86.458363, 35.844846 ], [ -86.45865, 35.844864 ], [ -86.459032, 35.844873 ], [ -86.459301, 35.844864 ], [ -86.459467, 35.84486 ], [ -86.459614, 35.844847 ], [ -86.459733, 35.844836 ], [ -86.459815, 35.84483 ], [ -86.459937, 35.844815 ], [ -86.459975, 35.844811 ], [ -86.460092, 35.844796 ], [ -86.460134, 35.844792 ], [ -86.460212, 35.844779 ], [ -86.460213, 35.844717 ], [ -86.460219, 35.844531 ], [ -86.46022, 35.844508 ], [ -86.460226, 35.84447 ], [ -86.460256, 35.844264 ], [ -86.460321, 35.843837 ], [ -86.460368, 35.843683 ], [ -86.460373, 35.843652 ], [ -86.460395, 35.843529 ], [ -86.460381, 35.843447 ], [ -86.460375, 35.843315 ], [ -86.460321, 35.842985 ], [ -86.46032, 35.842853 ], [ -86.460337, 35.842747 ], [ -86.460347, 35.842695 ], [ -86.460341, 35.842677 ], [ -86.460401, 35.842507 ], [ -86.46057, 35.841979 ], [ -86.46059, 35.841771 ], [ -86.46061, 35.841727 ], [ -86.460705, 35.841309 ], [ -86.460752, 35.841155 ], [ -86.460779, 35.841111 ], [ -86.461034, 35.840884 ], [ -86.461242, 35.840604 ], [ -86.461265, 35.840449 ], [ -86.461317, 35.840092 ], [ -86.461382, 35.839616 ], [ -86.461399, 35.839607 ], [ -86.461583, 35.839514 ], [ -86.461722, 35.839443 ], [ -86.461744, 35.839401 ], [ -86.461824, 35.839252 ], [ -86.462111, 35.838713 ], [ -86.46215, 35.838511 ], [ -86.462153, 35.838476 ], [ -86.462391, 35.837243 ], [ -86.461925, 35.836983 ], [ -86.461858, 35.836774 ], [ -86.461837, 35.836631 ], [ -86.461865, 35.836501 ], [ -86.461925, 35.836357 ], [ -86.461982, 35.836293 ], [ -86.46213, 35.836166 ], [ -86.462243, 35.836009 ], [ -86.46233, 35.83586 ], [ -86.462388, 35.835727 ], [ -86.462419, 35.835651 ], [ -86.462467, 35.835568 ], [ -86.462513, 35.835493 ], [ -86.462682, 35.835385 ], [ -86.462809, 35.835303 ], [ -86.463001, 35.83518 ], [ -86.463111, 35.835109 ], [ -86.463176, 35.835068 ], [ -86.463236, 35.83503 ], [ -86.463312, 35.834983 ], [ -86.463409, 35.834921 ], [ -86.463433, 35.834906 ], [ -86.463452, 35.834894 ], [ -86.463609, 35.834795 ], [ -86.46365, 35.834769 ], [ -86.463677, 35.834752 ], [ -86.463707, 35.834733 ], [ -86.463735, 35.834714 ], [ -86.46375, 35.834704 ], [ -86.463813, 35.834664 ], [ -86.463897, 35.834615 ], [ -86.464021, 35.834616 ], [ -86.464234, 35.834616 ], [ -86.464535, 35.834615 ], [ -86.464596, 35.834672 ], [ -86.464685, 35.83463 ], [ -86.465002, 35.83446 ], [ -86.465178, 35.834326 ], [ -86.465205, 35.834306 ], [ -86.4654, 35.834135 ], [ -86.465475, 35.834069 ], [ -86.465481, 35.834047 ], [ -86.465589, 35.833905 ], [ -86.465663, 35.833729 ], [ -86.465677, 35.833553 ], [ -86.46563, 35.833195 ], [ -86.465474, 35.832899 ], [ -86.4654, 35.832855 ], [ -86.465336, 35.832797 ], [ -86.465218, 35.832712 ], [ -86.465083, 35.832558 ], [ -86.465012, 35.832435 ], [ -86.464968, 35.83236 ], [ -86.464907, 35.832234 ], [ -86.464826, 35.832014 ], [ -86.464792, 35.831651 ], [ -86.464738, 35.83142 ], [ -86.46465, 35.831261 ], [ -86.464535, 35.83114 ], [ -86.464427, 35.830981 ], [ -86.46439, 35.830901 ], [ -86.464286, 35.830673 ], [ -86.464268, 35.830629 ], [ -86.464155, 35.83035 ], [ -86.464144, 35.830321 ], [ -86.464123, 35.830189 ], [ -86.464076, 35.829997 ], [ -86.464055, 35.829844 ], [ -86.464049, 35.829799 ], [ -86.464063, 35.829541 ], [ -86.464093, 35.829384 ], [ -86.464123, 35.829233 ], [ -86.464137, 35.829079 ], [ -86.464103, 35.828629 ], [ -86.46392, 35.828013 ], [ -86.463927, 35.827612 ], [ -86.463974, 35.827524 ], [ -86.46394, 35.827414 ], [ -86.46392, 35.827397 ], [ -86.463906, 35.827273 ], [ -86.463886, 35.827084 ], [ -86.4639, 35.826908 ], [ -86.463825, 35.826666 ], [ -86.463852, 35.826512 ], [ -86.463906, 35.826403 ], [ -86.464088, 35.826199 ], [ -86.464109, 35.826144 ], [ -86.464149, 35.826128 ], [ -86.464244, 35.825875 ], [ -86.464264, 35.825518 ], [ -86.464223, 35.825248 ], [ -86.464182, 35.824754 ], [ -86.464196, 35.824501 ], [ -86.464223, 35.824418 ], [ -86.46427, 35.824325 ], [ -86.464385, 35.824132 ], [ -86.464459, 35.823946 ], [ -86.464621, 35.82366 ], [ -86.464661, 35.823522 ], [ -86.464668, 35.823396 ], [ -86.464607, 35.822951 ], [ -86.464573, 35.822841 ], [ -86.4646, 35.82272 ], [ -86.464573, 35.822418 ], [ -86.464613, 35.821978 ], [ -86.4646, 35.821956 ], [ -86.464602, 35.821942 ], [ -86.464606, 35.821914 ], [ -86.464628, 35.821916 ], [ -86.464706, 35.821924 ], [ -86.465118, 35.821965 ], [ -86.465197, 35.821973 ], [ -86.465294, 35.821983 ], [ -86.465332, 35.821987 ], [ -86.465982, 35.822052 ], [ -86.466011, 35.822054 ], [ -86.466308, 35.822084 ], [ -86.467908, 35.822217 ], [ -86.46908, 35.822335 ], [ -86.46965, 35.822392 ], [ -86.469765, 35.822403 ], [ -86.469833, 35.822408 ], [ -86.469869, 35.822411 ], [ -86.477014, 35.822961 ], [ -86.47697, 35.823278 ], [ -86.476787, 35.824527 ], [ -86.476721, 35.82501 ], [ -86.476525, 35.826462 ], [ -86.47646, 35.826946 ], [ -86.476435, 35.827147 ], [ -86.476363, 35.827751 ], [ -86.47634, 35.827953 ], [ -86.477318, 35.828044 ], [ -86.479921, 35.828288 ], [ -86.480252, 35.828317 ], [ -86.481231, 35.828405 ], [ -86.481277, 35.828408 ], [ -86.481415, 35.828418 ], [ -86.481461, 35.828422 ], [ -86.481675, 35.828438 ], [ -86.482136, 35.828484 ], [ -86.483366, 35.828609 ], [ -86.483524, 35.828615 ], [ -86.483838, 35.828595 ], [ -86.484111, 35.828599 ], [ -86.484166, 35.828604 ], [ -86.484468, 35.828633 ], [ -86.484598, 35.828611 ], [ -86.484698, 35.828567 ], [ -86.484759, 35.82854 ], [ -86.484822, 35.828515 ], [ -86.484498, 35.828386 ], [ -86.484153, 35.828172 ], [ -86.483606, 35.827551 ], [ -86.482971, 35.826908 ], [ -86.482735, 35.826595 ], [ -86.482755, 35.826408 ], [ -86.483066, 35.826216 ], [ -86.483403, 35.826182 ], [ -86.484091, 35.826353 ], [ -86.48428, 35.826374 ], [ -86.484517, 35.826259 ], [ -86.484631, 35.825984 ], [ -86.484604, 35.825577 ], [ -86.484482, 35.824236 ], [ -86.484549, 35.823901 ], [ -86.484819, 35.823604 ], [ -86.485466, 35.823285 ], [ -86.486121, 35.822779 ], [ -86.486687, 35.822246 ], [ -86.48691, 35.822108 ], [ -86.487213, 35.822086 ], [ -86.487302, 35.822108 ], [ -86.487668, 35.822197 ], [ -86.48779, 35.821571 ], [ -86.488235, 35.818914 ], [ -86.488347, 35.818187 ], [ -86.491708, 35.818516 ], [ -86.491415, 35.818195 ], [ -86.490147, 35.816811 ], [ -86.489798, 35.816396 ], [ -86.489414, 35.815968 ], [ -86.488983, 35.815475 ], [ -86.488561, 35.815004 ], [ -86.488318, 35.814739 ], [ -86.48816, 35.814584 ], [ -86.487967, 35.814423 ], [ -86.487743, 35.814276 ], [ -86.48752, 35.814159 ], [ -86.48719, 35.814 ], [ -86.486836, 35.813831 ], [ -86.48644, 35.813638 ], [ -86.486293, 35.813545 ], [ -86.486067, 35.813379 ], [ -86.485873, 35.813218 ], [ -86.485718, 35.813057 ], [ -86.485546, 35.812845 ], [ -86.485391, 35.812608 ], [ -86.485268, 35.812401 ], [ -86.485225, 35.812308 ], [ -86.485178, 35.812166 ], [ -86.485105, 35.811913 ], [ -86.484999, 35.811498 ], [ -86.484922, 35.811209 ], [ -86.48483, 35.810994 ], [ -86.484742, 35.81082 ], [ -86.484674, 35.810697 ], [ -86.484511, 35.810482 ], [ -86.483756, 35.809658 ], [ -86.482799, 35.808579 ], [ -86.482736, 35.80851 ], [ -86.482848, 35.808441 ], [ -86.482489, 35.808034 ], [ -86.482292, 35.808018 ], [ -86.482225, 35.807944 ], [ -86.481861, 35.807541 ], [ -86.481728, 35.8074 ], [ -86.481259, 35.807688 ], [ -86.481214, 35.807715 ], [ -86.481041, 35.80784 ], [ -86.480988, 35.807879 ], [ -86.480896, 35.807946 ], [ -86.480868, 35.807947 ], [ -86.480702, 35.808055 ], [ -86.480043, 35.808582 ], [ -86.479443, 35.809055 ], [ -86.479405, 35.809085 ], [ -86.479217, 35.80918 ], [ -86.479024, 35.809235 ], [ -86.478968, 35.809252 ], [ -86.478789, 35.809277 ], [ -86.478288, 35.809269 ], [ -86.47694, 35.809211 ], [ -86.475557, 35.809139 ], [ -86.475287, 35.809125 ], [ -86.47141, 35.808939 ], [ -86.470028, 35.808874 ], [ -86.469969, 35.808871 ], [ -86.469807, 35.808859 ], [ -86.469752, 35.808856 ], [ -86.469578, 35.808798 ], [ -86.46954, 35.808785 ], [ -86.469397, 35.808693 ], [ -86.469223, 35.808534 ], [ -86.469181, 35.80848 ], [ -86.469161, 35.808454 ], [ -86.46905, 35.80831 ], [ -86.470305, 35.80769 ], [ -86.470883, 35.807404 ], [ -86.471194, 35.80726 ], [ -86.471549, 35.807049 ], [ -86.471926, 35.806848 ], [ -86.472044, 35.80679 ], [ -86.474554, 35.805563 ], [ -86.476461, 35.804631 ], [ -86.478321, 35.803682 ], [ -86.478344, 35.803672 ], [ -86.479159, 35.803308 ], [ -86.480555, 35.802618 ], [ -86.480434, 35.802519 ], [ -86.482382, 35.801531 ], [ -86.48251, 35.801655 ], [ -86.484635, 35.800606 ], [ -86.485107, 35.800371 ], [ -86.485554, 35.800148 ], [ -86.489396, 35.798236 ], [ -86.489608, 35.798129 ], [ -86.490382, 35.797739 ], [ -86.491159, 35.797309 ], [ -86.491604, 35.797041 ], [ -86.492016, 35.796794 ], [ -86.492335, 35.79659 ], [ -86.492413, 35.79654 ], [ -86.492487, 35.796492 ], [ -86.493164, 35.796059 ], [ -86.494426, 35.795163 ], [ -86.495573, 35.794277 ], [ -86.496603, 35.793391 ], [ -86.496998, 35.793009 ], [ -86.497317, 35.792704 ], [ -86.497493, 35.792534 ], [ -86.497597, 35.792429 ], [ -86.497924, 35.792102 ], [ -86.499733, 35.790162 ], [ -86.499984, 35.789894 ], [ -86.500247, 35.789594 ], [ -86.500299, 35.789535 ], [ -86.50041, 35.789378 ], [ -86.500591, 35.789124 ], [ -86.500886, 35.788549 ], [ -86.50105, 35.788157 ], [ -86.501344, 35.787464 ], [ -86.50163, 35.786794 ], [ -86.502001, 35.785889 ], [ -86.502367, 35.785045 ], [ -86.50251, 35.784743 ], [ -86.502646, 35.784493 ], [ -86.502711, 35.784375 ], [ -86.502975, 35.784012 ], [ -86.503815, 35.783211 ], [ -86.505803, 35.781638 ], [ -86.505912, 35.781549 ], [ -86.507217, 35.780487 ], [ -86.508223, 35.779396 ], [ -86.511095, 35.77626 ], [ -86.511201, 35.776148 ], [ -86.512064, 35.775244 ], [ -86.512509, 35.774788 ], [ -86.513904, 35.773359 ], [ -86.513984, 35.773279 ], [ -86.51463, 35.77262 ], [ -86.514697, 35.772553 ], [ -86.515529, 35.771708 ], [ -86.516301, 35.771008 ], [ -86.516901, 35.770573 ], [ -86.516973, 35.770527 ], [ -86.517835, 35.769986 ], [ -86.517921, 35.769932 ], [ -86.518113, 35.769819 ], [ -86.518953, 35.769327 ], [ -86.519234, 35.769163 ], [ -86.519378, 35.769077 ], [ -86.519588, 35.768955 ], [ -86.519812, 35.768821 ], [ -86.519957, 35.768735 ], [ -86.52122, 35.768 ], [ -86.521562, 35.767798 ], [ -86.524251, 35.766216 ], [ -86.526678, 35.764796 ], [ -86.528411, 35.763782 ], [ -86.52902, 35.763417 ], [ -86.530617, 35.762458 ], [ -86.531364, 35.762065 ], [ -86.532197, 35.761627 ], [ -86.533601, 35.760889 ], [ -86.539664, 35.757664 ], [ -86.541146, 35.756858 ], [ -86.542943, 35.755939 ], [ -86.544804, 35.755148 ], [ -86.54616, 35.754592 ], [ -86.54821, 35.753758 ], [ -86.551123, 35.752558 ], [ -86.552121, 35.752098 ], [ -86.552699, 35.751734 ], [ -86.553171, 35.751388 ], [ -86.553517, 35.751052 ], [ -86.553831, 35.750732 ], [ -86.554081, 35.750396 ], [ -86.554489, 35.74987 ], [ -86.554998, 35.749146 ], [ -86.555418, 35.74855 ], [ -86.557381, 35.745784 ], [ -86.5583, 35.744489 ], [ -86.558509, 35.744204 ], [ -86.559201, 35.743224 ], [ -86.561278, 35.740287 ], [ -86.561971, 35.739308 ], [ -86.562058, 35.739185 ], [ -86.562291, 35.738867 ], [ -86.562653, 35.738374 ], [ -86.563061, 35.737882 ], [ -86.563319, 35.737598 ], [ -86.563375, 35.737537 ], [ -86.563731, 35.737243 ], [ -86.564224, 35.736889 ], [ -86.564864, 35.736539 ], [ -86.56518, 35.736368 ], [ -86.565821, 35.736099 ], [ -86.566242, 35.735959 ], [ -86.566736, 35.735854 ], [ -86.567505, 35.73573 ], [ -86.568659, 35.735603 ], [ -86.569936, 35.73541 ], [ -86.57159, 35.7352 ], [ -86.574105, 35.734877 ], [ -86.576185, 35.734662 ], [ -86.577302, 35.73459 ], [ -86.577881, 35.734549 ], [ -86.579499, 35.734416 ], [ -86.582602, 35.73417 ], [ -86.584878, 35.734025 ], [ -86.587293, 35.733762 ], [ -86.58782, 35.733727 ], [ -86.588321, 35.733683 ], [ -86.588892, 35.733618 ], [ -86.59135, 35.733344 ], [ -86.593189, 35.733145 ], [ -86.594245, 35.733031 ], [ -86.594963, 35.732987 ], [ -86.595411, 35.732981 ], [ -86.596167, 35.733024 ], [ -86.597124, 35.733126 ], [ -86.597566, 35.73315 ], [ -86.598344, 35.733225 ], [ -86.602319, 35.733671 ], [ -86.606959, 35.734152 ], [ -86.609564, 35.734445 ], [ -86.611672, 35.734709 ], [ -86.612512, 35.734691 ], [ -86.613047, 35.734646 ], [ -86.613566, 35.734616 ], [ -86.614677, 35.734501 ], [ -86.615877, 35.734383 ], [ -86.616914, 35.734336 ], [ -86.617788, 35.734318 ], [ -86.618984, 35.734399 ], [ -86.619841, 35.73451 ], [ -86.620653, 35.734626 ], [ -86.621429, 35.734816 ], [ -86.622067, 35.735029 ], [ -86.623318, 35.73548 ], [ -86.624505, 35.735933 ], [ -86.626035, 35.736567 ], [ -86.627626, 35.737241 ], [ -86.627711, 35.737274 ], [ -86.628448, 35.737594 ], [ -86.62862, 35.737669 ], [ -86.630431, 35.738433 ], [ -86.630935, 35.738609 ], [ -86.631185, 35.738697 ], [ -86.631794, 35.738863 ], [ -86.631829, 35.738873 ], [ -86.632254, 35.738972 ], [ -86.633251, 35.739053 ], [ -86.63325, 35.739139 ], [ -86.633657, 35.739198 ], [ -86.633955, 35.739241 ], [ -86.634126, 35.739266 ], [ -86.634562, 35.739326 ], [ -86.635173, 35.73941 ], [ -86.63714, 35.739681 ], [ -86.637769, 35.739768 ], [ -86.638157, 35.739821 ], [ -86.638314, 35.739843 ], [ -86.638914, 35.739926 ], [ -86.639362, 35.739988 ], [ -86.639968, 35.740074 ], [ -86.641787, 35.740333 ], [ -86.642372, 35.740417 ], [ -86.642394, 35.74042 ], [ -86.64255, 35.740441 ], [ -86.642897, 35.740488 ], [ -86.643021, 35.740505 ], [ -86.643178, 35.740527 ], [ -86.646515, 35.74098 ], [ -86.646532, 35.740982 ], [ -86.647433, 35.741113 ], [ -86.648518, 35.741253 ], [ -86.649978, 35.741447 ], [ -86.650013, 35.740735 ], [ -86.649995, 35.740348 ], [ -86.649951, 35.740039 ], [ -86.649948, 35.740015 ], [ -86.649918, 35.73989 ], [ -86.649915, 35.739872 ], [ -86.6499, 35.739828 ], [ -86.649878, 35.739758 ], [ -86.649786, 35.739462 ], [ -86.649766, 35.739416 ], [ -86.649719, 35.739307 ], [ -86.649708, 35.739283 ], [ -86.649546, 35.738968 ], [ -86.649357, 35.738665 ], [ -86.648645, 35.737659 ], [ -86.647971, 35.736708 ], [ -86.647355, 35.735739 ], [ -86.647349, 35.735729 ], [ -86.646883, 35.734957 ], [ -86.646616, 35.734458 ], [ -86.646082, 35.733431 ], [ -86.645938, 35.733119 ], [ -86.64568, 35.732563 ], [ -86.645487, 35.732147 ], [ -86.645375, 35.731886 ], [ -86.644922, 35.730746 ], [ -86.644817, 35.730482 ], [ -86.644503, 35.72969 ], [ -86.644399, 35.729427 ], [ -86.644384, 35.72939 ], [ -86.64432, 35.729237 ], [ -86.644086, 35.728668 ], [ -86.644019, 35.728504 ], [ -86.644007, 35.728479 ], [ -86.643748, 35.727932 ], [ -86.643729, 35.727892 ], [ -86.643687, 35.727808 ], [ -86.643657, 35.727745 ], [ -86.643486, 35.727398 ], [ -86.643127, 35.726698 ], [ -86.642631, 35.725826 ], [ -86.642496, 35.725603 ], [ -86.642408, 35.725457 ], [ -86.642271, 35.72523 ], [ -86.642258, 35.72521 ], [ -86.642069, 35.724913 ], [ -86.641949, 35.724726 ], [ -86.641839, 35.724553 ], [ -86.641706, 35.724344 ], [ -86.641592, 35.724165 ], [ -86.641564, 35.724121 ], [ -86.641467, 35.723983 ], [ -86.641397, 35.723884 ], [ -86.641188, 35.723587 ], [ -86.641119, 35.723488 ], [ -86.641091, 35.723448 ], [ -86.640987, 35.723305 ], [ -86.640976, 35.72329 ], [ -86.640933, 35.723231 ], [ -86.640892, 35.723174 ], [ -86.640823, 35.72308 ], [ -86.640804, 35.723054 ], [ -86.64059, 35.72276 ], [ -86.640458, 35.722579 ], [ -86.640549, 35.722447 ], [ -86.641437, 35.721168 ], [ -86.641627, 35.720894 ], [ -86.643151, 35.7187 ], [ -86.643461, 35.718239 ], [ -86.643684, 35.717857 ], [ -86.643806, 35.717535 ], [ -86.643912, 35.717087 ], [ -86.64398, 35.716703 ], [ -86.644282, 35.715001 ], [ -86.644497, 35.713781 ], [ -86.644589, 35.71326 ], [ -86.644894, 35.712055 ], [ -86.645422, 35.710186 ], [ -86.645447, 35.710099 ], [ -86.645763, 35.708996 ], [ -86.645831, 35.708756 ], [ -86.646036, 35.70804 ], [ -86.646105, 35.707801 ], [ -86.646108, 35.70779 ], [ -86.646287, 35.707139 ], [ -86.646292, 35.707122 ], [ -86.646396, 35.706419 ], [ -86.646539, 35.705095 ], [ -86.646624, 35.704416 ], [ -86.646696, 35.703897 ], [ -86.646914, 35.70234 ], [ -86.64698, 35.70187 ], [ -86.646988, 35.701822 ], [ -86.647067, 35.701353 ], [ -86.647147, 35.700888 ], [ -86.647236, 35.700149 ], [ -86.647284, 35.699946 ], [ -86.647293, 35.69991 ], [ -86.647378, 35.699636 ], [ -86.647421, 35.699528 ], [ -86.647434, 35.699496 ], [ -86.647557, 35.699196 ], [ -86.647927, 35.698299 ], [ -86.648051, 35.698 ], [ -86.648566, 35.696681 ], [ -86.648639, 35.696449 ], [ -86.64868, 35.696323 ], [ -86.64891, 35.695 ], [ -86.649439, 35.69154 ], [ -86.649486, 35.691238 ], [ -86.649695, 35.689902 ], [ -86.651389, 35.690092 ], [ -86.651194, 35.691586 ], [ -86.657434, 35.692231 ], [ -86.66032, 35.692529 ], [ -86.66047, 35.692544 ], [ -86.661619, 35.692664 ], [ -86.661346, 35.694844 ], [ -86.667188, 35.695283 ], [ -86.66713, 35.695882 ], [ -86.66708, 35.696308 ], [ -86.667074, 35.696357 ], [ -86.67009, 35.696696 ], [ -86.670208, 35.696705 ], [ -86.674255, 35.696962 ], [ -86.673683, 35.703306 ], [ -86.673717, 35.703309 ], [ -86.674872, 35.703555 ], [ -86.675371, 35.703605 ], [ -86.675989, 35.703683 ], [ -86.677206, 35.703775 ], [ -86.67951, 35.703896 ], [ -86.67987, 35.703911 ], [ -86.680523, 35.703933 ], [ -86.681331, 35.703996 ], [ -86.68159, 35.704016 ], [ -86.682368, 35.704076 ], [ -86.682628, 35.704097 ], [ -86.682625, 35.704112 ], [ -86.682625, 35.70415 ], [ -86.682631, 35.70431 ], [ -86.682625, 35.704452 ], [ -86.682584, 35.704881 ], [ -86.682564, 35.704986 ], [ -86.682557, 35.705002 ], [ -86.68253, 35.705073 ], [ -86.682517, 35.705183 ], [ -86.682422, 35.705552 ], [ -86.682402, 35.705706 ], [ -86.682328, 35.706046 ], [ -86.682335, 35.706151 ], [ -86.682315, 35.706338 ], [ -86.682288, 35.706513 ], [ -86.682234, 35.706612 ], [ -86.6822, 35.706739 ], [ -86.68218, 35.706838 ], [ -86.682126, 35.706981 ], [ -86.681984, 35.707179 ], [ -86.681964, 35.707266 ], [ -86.68187, 35.707365 ], [ -86.681769, 35.707442 ], [ -86.681728, 35.707529 ], [ -86.681627, 35.70775 ], [ -86.68154, 35.707882 ], [ -86.681486, 35.707926 ], [ -86.68129, 35.708041 ], [ -86.68127, 35.708096 ], [ -86.681203, 35.708184 ], [ -86.68118, 35.708221 ], [ -86.680668, 35.709526 ], [ -86.680652, 35.70957 ], [ -86.684796, 35.709929 ], [ -86.686193, 35.710051 ], [ -86.686157, 35.710519 ], [ -86.68611, 35.711125 ], [ -86.685971, 35.712949 ], [ -86.685925, 35.713558 ], [ -86.686082, 35.713561 ], [ -86.686325, 35.71355 ], [ -86.686566, 35.71351 ], [ -86.686631, 35.7135 ], [ -86.687936, 35.713217 ], [ -86.688045, 35.713191 ], [ -86.68817, 35.713171 ], [ -86.688291, 35.713165 ], [ -86.68845, 35.713168 ], [ -86.688464, 35.713169 ], [ -86.688612, 35.713181 ], [ -86.689105, 35.713254 ], [ -86.689103, 35.713267 ], [ -86.688588, 35.718082 ], [ -86.688557, 35.718372 ], [ -86.691817, 35.7185 ], [ -86.692002, 35.71852 ], [ -86.692638, 35.718633 ], [ -86.693091, 35.718713 ], [ -86.694468, 35.718832 ], [ -86.694658, 35.718837 ], [ -86.694703, 35.71876 ], [ -86.694862, 35.717673 ], [ -86.694905, 35.717577 ], [ -86.695008, 35.717547 ], [ -86.695406, 35.717587 ], [ -86.697897, 35.717844 ], [ -86.698003, 35.717835 ], [ -86.698068, 35.717846 ], [ -86.698119, 35.717839 ], [ -86.698138, 35.717837 ], [ -86.698302, 35.717816 ], [ -86.698381, 35.717808 ], [ -86.698559, 35.717811 ], [ -86.699099, 35.717828 ], [ -86.699281, 35.717837 ], [ -86.69953, 35.718889 ], [ -86.699659, 35.719428 ], [ -86.700201, 35.722022 ], [ -86.700214, 35.722143 ], [ -86.700265, 35.722621 ] ] ] } },
{ "type": "Feature", "properties": { "district_num": "62" }, "geometry": { "type": "Polygon", "coordinates": [ [ [ -86.736691, 35.260825 ], [ -86.736688, 35.26085 ], [ -86.736667, 35.261072 ], [ -86.736661, 35.261147 ], [ -86.736633, 35.261439 ], [ -86.736571, 35.262094 ], [ -86.736557, 35.262318 ], [ -86.73654, 35.262612 ], [ -86.736521, 35.262836 ], [ -86.736466, 35.26351 ], [ -86.736449, 35.263735 ], [ -86.736415, 35.263762 ], [ -86.736123, 35.264055 ], [ -86.735248, 35.264938 ], [ -86.734957, 35.265232 ], [ -86.734915, 35.265274 ], [ -86.734586, 35.265605 ], [ -86.733474, 35.266725 ], [ -86.733104, 35.267099 ], [ -86.732945, 35.267258 ], [ -86.732472, 35.267735 ], [ -86.732314, 35.267895 ], [ -86.731984, 35.268227 ], [ -86.730995, 35.269224 ], [ -86.730715, 35.269507 ], [ -86.730666, 35.269557 ], [ -86.730366, 35.269858 ], [ -86.729468, 35.270765 ], [ -86.729147, 35.271042 ], [ -86.729077, 35.2711 ], [ -86.728871, 35.271277 ], [ -86.728802, 35.271337 ], [ -86.728627, 35.271536 ], [ -86.728565, 35.271606 ], [ -86.728038, 35.272207 ], [ -86.727998, 35.272253 ], [ -86.727856, 35.272414 ], [ -86.727797, 35.272482 ], [ -86.727606, 35.272671 ], [ -86.727346, 35.272936 ], [ -86.72657, 35.273732 ], [ -86.726312, 35.273999 ], [ -86.726096, 35.274207 ], [ -86.725455, 35.27484 ], [ -86.725243, 35.275054 ], [ -86.723895, 35.276422 ], [ -86.723705, 35.276555 ], [ -86.718432, 35.280287 ], [ -86.716676, 35.281532 ], [ -86.715542, 35.282366 ], [ -86.712143, 35.284868 ], [ -86.71101, 35.285703 ], [ -86.710166, 35.286324 ], [ -86.707634, 35.288187 ], [ -86.70679, 35.288808 ], [ -86.704745, 35.290311 ], [ -86.698612, 35.294824 ], [ -86.697998, 35.295277 ], [ -86.696409, 35.296068 ], [ -86.69639, 35.296077 ], [ -86.693306, 35.297609 ], [ -86.683998, 35.302236 ], [ -86.680896, 35.303779 ], [ -86.68069, 35.303881 ], [ -86.680123, 35.304164 ], [ -86.680072, 35.304188 ], [ -86.679865, 35.304287 ], [ -86.679865, 35.304302 ], [ -86.679862, 35.304342 ], [ -86.679852, 35.30451 ], [ -86.67985, 35.304566 ], [ -86.679847, 35.304613 ], [ -86.679807, 35.305549 ], [ -86.679797, 35.305812 ], [ -86.679789, 35.308006 ], [ -86.679793, 35.308295 ], [ -86.679775, 35.308501 ], [ -86.679766, 35.308613 ], [ -86.679771, 35.308857 ], [ -86.679802, 35.309283 ], [ -86.679784, 35.309413 ], [ -86.679755, 35.309477 ], [ -86.67973, 35.309499 ], [ -86.67972, 35.309507 ], [ -86.679705, 35.309515 ], [ -86.679672, 35.30954 ], [ -86.679646, 35.309549 ], [ -86.679616, 35.309561 ], [ -86.679334, 35.309651 ], [ -86.67849, 35.309923 ], [ -86.678209, 35.310015 ], [ -86.67819, 35.310021 ], [ -86.678134, 35.310038 ], [ -86.678116, 35.310045 ], [ -86.677919, 35.310108 ], [ -86.677792, 35.310149 ], [ -86.677798, 35.310254 ], [ -86.677348, 35.310318 ], [ -86.677251, 35.310332 ], [ -86.677284, 35.31042 ], [ -86.677304, 35.310471 ], [ -86.677373, 35.310625 ], [ -86.677397, 35.310677 ], [ -86.675335, 35.310536 ], [ -86.672997, 35.310377 ], [ -86.673197, 35.307677 ], [ -86.672175, 35.308197 ], [ -86.670335, 35.309135 ], [ -86.670245, 35.309179 ], [ -86.670174, 35.309216 ], [ -86.669978, 35.309316 ], [ -86.669889, 35.309362 ], [ -86.667897, 35.310377 ], [ -86.667598, 35.310483 ], [ -86.660386, 35.313054 ], [ -86.657983, 35.313912 ], [ -86.65722, 35.314184 ], [ -86.654997, 35.314977 ], [ -86.655, 35.314907 ], [ -86.655046, 35.314099 ], [ -86.655075, 35.313554 ], [ -86.655166, 35.311921 ], [ -86.655197, 35.311377 ], [ -86.654697, 35.311777 ], [ -86.654497, 35.311777 ], [ -86.654297, 35.311877 ], [ -86.654123, 35.311877 ], [ -86.653897, 35.311877 ], [ -86.653297, 35.311577 ], [ -86.652997, 35.311377 ], [ -86.652497, 35.311277 ], [ -86.652297, 35.311177 ], [ -86.651997, 35.311177 ], [ -86.651597, 35.311177 ], [ -86.651097, 35.311077 ], [ -86.650697, 35.310777 ], [ -86.650692, 35.310768 ], [ -86.650597, 35.310577 ], [ -86.650497, 35.310277 ], [ -86.649997, 35.309777 ], [ -86.649034, 35.310716 ], [ -86.646145, 35.313537 ], [ -86.645524, 35.314144 ], [ -86.645503, 35.314164 ], [ -86.645289, 35.314374 ], [ -86.645183, 35.314478 ], [ -86.644335, 35.315306 ], [ -86.642839, 35.316767 ], [ -86.641396, 35.318176 ], [ -86.641356, 35.318476 ], [ -86.641236, 35.319376 ], [ -86.641196, 35.319676 ], [ -86.640989, 35.319746 ], [ -86.64037, 35.319958 ], [ -86.640164, 35.320029 ], [ -86.640013, 35.32008 ], [ -86.639564, 35.320234 ], [ -86.639414, 35.320286 ], [ -86.639363, 35.320303 ], [ -86.639214, 35.320354 ], [ -86.639164, 35.320372 ], [ -86.639106, 35.32039 ], [ -86.638934, 35.320448 ], [ -86.638877, 35.320468 ], [ -86.637845, 35.320823 ], [ -86.637819, 35.320833 ], [ -86.637454, 35.320956 ], [ -86.637396, 35.320976 ], [ -86.637169, 35.32101 ], [ -86.637064, 35.321027 ], [ -86.636909, 35.321054 ], [ -86.636884, 35.321057 ], [ -86.636812, 35.32107 ], [ -86.636788, 35.321074 ], [ -86.635273, 35.32133 ], [ -86.630731, 35.322103 ], [ -86.62954, 35.322306 ], [ -86.629217, 35.322361 ], [ -86.628823, 35.322427 ], [ -86.627645, 35.322626 ], [ -86.627254, 35.322694 ], [ -86.625383, 35.32301 ], [ -86.624996, 35.323076 ], [ -86.624836, 35.323104 ], [ -86.619782, 35.324021 ], [ -86.617916, 35.32436 ], [ -86.616625, 35.324583 ], [ -86.612754, 35.325254 ], [ -86.611464, 35.325479 ], [ -86.611158, 35.325532 ], [ -86.606048, 35.326417 ], [ -86.602613, 35.327013 ], [ -86.60251, 35.328158 ], [ -86.602434, 35.330367 ], [ -86.602431, 35.330457 ], [ -86.60237, 35.332166 ], [ -86.602295, 35.333827 ], [ -86.604536, 35.337331 ], [ -86.604236, 35.339329 ], [ -86.604194, 35.339612 ], [ -86.604223, 35.339806 ], [ -86.604408, 35.340282 ], [ -86.60525, 35.341469 ], [ -86.60571, 35.342099 ], [ -86.605984, 35.342575 ], [ -86.605894, 35.342994 ], [ -86.605706, 35.343421 ], [ -86.6054, 35.343792 ], [ -86.605104, 35.343966 ], [ -86.604691, 35.344001 ], [ -86.604041, 35.344282 ], [ -86.60373, 35.344472 ], [ -86.603469, 35.344813 ], [ -86.603192, 35.345474 ], [ -86.603101, 35.3462 ], [ -86.603077, 35.347361 ], [ -86.603223, 35.347845 ], [ -86.603398, 35.348628 ], [ -86.603309, 35.348696 ], [ -86.603211, 35.348773 ], [ -86.602984, 35.348958 ], [ -86.602875, 35.349055 ], [ -86.602619, 35.349183 ], [ -86.602521, 35.349288 ], [ -86.60252, 35.349594 ], [ -86.602525, 35.349781 ], [ -86.602532, 35.350638 ], [ -86.602535, 35.350861 ], [ -86.602287, 35.351497 ], [ -86.601806, 35.353091 ], [ -86.601691, 35.353473 ], [ -86.601607, 35.353924 ], [ -86.601584, 35.354049 ], [ -86.60146, 35.354722 ], [ -86.601187, 35.35613 ], [ -86.599905, 35.362745 ], [ -86.599478, 35.36495 ], [ -86.599617, 35.365017 ], [ -86.599775, 35.365026 ], [ -86.60003, 35.364962 ], [ -86.60027, 35.364894 ], [ -86.600434, 35.364849 ], [ -86.60132, 35.364576 ], [ -86.601822, 35.364456 ], [ -86.602628, 35.364146 ], [ -86.602679, 35.364127 ], [ -86.603043, 35.364031 ], [ -86.603416, 35.36416 ], [ -86.60372, 35.364434 ], [ -86.605073, 35.366072 ], [ -86.605398, 35.366145 ], [ -86.605457, 35.366153 ], [ -86.606037, 35.366235 ], [ -86.6064, 35.366405 ], [ -86.606812, 35.366711 ], [ -86.607136, 35.367026 ], [ -86.607342, 35.367163 ], [ -86.607597, 35.367204 ], [ -86.607952, 35.367075 ], [ -86.608188, 35.367076 ], [ -86.608641, 35.367043 ], [ -86.609328, 35.367061 ], [ -86.60981, 35.36711 ], [ -86.610331, 35.367199 ], [ -86.610616, 35.367175 ], [ -86.61099, 35.367014 ], [ -86.611207, 35.366909 ], [ -86.611493, 35.366821 ], [ -86.612388, 35.366628 ], [ -86.613145, 35.366452 ], [ -86.613666, 35.366637 ], [ -86.613739, 35.366658 ], [ -86.614541, 35.366896 ], [ -86.615367, 35.367122 ], [ -86.615505, 35.367082 ], [ -86.615839, 35.367026 ], [ -86.616291, 35.366914 ], [ -86.616578, 35.366945 ], [ -86.616904, 35.366968 ], [ -86.617945, 35.366819 ], [ -86.61822, 35.366795 ], [ -86.618406, 35.367086 ], [ -86.618572, 35.367401 ], [ -86.61866, 35.367804 ], [ -86.618668, 35.368239 ], [ -86.618736, 35.368619 ], [ -86.618873, 35.368812 ], [ -86.619226, 35.369177 ], [ -86.619539, 35.369629 ], [ -86.619587, 35.370008 ], [ -86.619606, 35.370443 ], [ -86.620087, 35.370734 ], [ -86.620164, 35.370779 ], [ -86.620872, 35.371195 ], [ -86.621932, 35.372181 ], [ -86.622009, 35.372488 ], [ -86.621959, 35.372754 ], [ -86.621968, 35.373278 ], [ -86.622133, 35.374069 ], [ -86.621745, 35.375071 ], [ -86.621795, 35.375571 ], [ -86.622595, 35.375671 ], [ -86.622795, 35.375771 ], [ -86.623096, 35.375971 ], [ -86.623696, 35.376471 ], [ -86.623896, 35.376772 ], [ -86.624196, 35.376872 ], [ -86.624996, 35.377172 ], [ -86.625485, 35.377707 ], [ -86.625703, 35.378078 ], [ -86.625852, 35.378465 ], [ -86.626031, 35.378868 ], [ -86.62619, 35.3792 ], [ -86.626398, 35.379546 ], [ -86.626704, 35.379796 ], [ -86.626843, 35.380006 ], [ -86.626991, 35.380094 ], [ -86.626991, 35.380239 ], [ -86.627189, 35.380513 ], [ -86.627359, 35.380933 ], [ -86.62738, 35.381215 ], [ -86.627273, 35.381481 ], [ -86.627046, 35.381732 ], [ -86.626821, 35.381886 ], [ -86.626339, 35.382113 ], [ -86.625897, 35.382218 ], [ -86.625612, 35.382308 ], [ -86.625426, 35.382421 ], [ -86.625348, 35.382607 ], [ -86.62525, 35.382809 ], [ -86.625223, 35.383366 ], [ -86.625215, 35.383689 ], [ -86.625068, 35.38394 ], [ -86.624996, 35.383924 ], [ -86.62485, 35.384608 ], [ -86.624795, 35.384873 ], [ -86.624595, 35.385173 ], [ -86.624395, 35.385373 ], [ -86.624295, 35.385573 ], [ -86.624295, 35.385973 ], [ -86.624995, 35.386523 ], [ -86.625493, 35.386626 ], [ -86.625848, 35.386917 ], [ -86.626175, 35.387287 ], [ -86.626373, 35.387585 ], [ -86.62659, 35.387795 ], [ -86.626847, 35.388053 ], [ -86.627518, 35.388334 ], [ -86.628198, 35.388551 ], [ -86.628474, 35.38864 ], [ -86.629253, 35.388848 ], [ -86.62969, 35.388875 ], [ -86.630011, 35.388895 ], [ -86.631095, 35.389353 ], [ -86.632002, 35.389674 ], [ -86.632308, 35.389705 ], [ -86.632977, 35.389777 ], [ -86.633263, 35.389792 ], [ -86.633662, 35.390572 ], [ -86.634363, 35.391938 ], [ -86.634493, 35.392178 ], [ -86.634885, 35.3929 ], [ -86.635016, 35.393141 ], [ -86.635462, 35.393963 ], [ -86.636801, 35.396429 ], [ -86.637248, 35.397251 ], [ -86.637278, 35.397307 ], [ -86.637714, 35.398109 ], [ -86.637748, 35.398172 ], [ -86.638962, 35.400407 ], [ -86.639113, 35.400685 ], [ -86.63958, 35.401544 ], [ -86.639623, 35.401623 ], [ -86.63983, 35.402005 ], [ -86.640583, 35.403392 ], [ -86.640835, 35.403855 ], [ -86.641088, 35.404323 ], [ -86.641322, 35.404754 ], [ -86.641711, 35.405471 ], [ -86.642321, 35.406593 ], [ -86.644345, 35.41032 ], [ -86.645226, 35.411939 ], [ -86.646006, 35.413377 ], [ -86.648352, 35.417698 ], [ -86.648867, 35.418645 ], [ -86.649047, 35.418977 ], [ -86.649133, 35.419139 ], [ -86.649489, 35.41979 ], [ -86.649685, 35.420151 ], [ -86.650297, 35.421279 ], [ -86.651069, 35.422699 ], [ -86.651338, 35.423195 ], [ -86.651891, 35.424211 ], [ -86.652259, 35.424892 ], [ -86.653372, 35.426942 ], [ -86.653745, 35.427627 ], [ -86.654152, 35.428376 ], [ -86.655374, 35.430625 ], [ -86.655722, 35.431263 ], [ -86.655782, 35.431377 ], [ -86.656193, 35.431998 ], [ -86.657434, 35.43387 ], [ -86.657849, 35.434496 ], [ -86.657934, 35.434624 ], [ -86.657943, 35.434643 ], [ -86.658171, 35.43512 ], [ -86.658247, 35.435281 ], [ -86.658199, 35.437129 ], [ -86.658056, 35.442675 ], [ -86.658009, 35.444524 ], [ -86.657987, 35.444932 ], [ -86.657923, 35.446156 ], [ -86.657902, 35.446565 ], [ -86.657872, 35.447931 ], [ -86.657858, 35.448457 ], [ -86.657815, 35.450221 ], [ -86.657785, 35.451916 ], [ -86.657774, 35.451986 ], [ -86.65779, 35.452035 ], [ -86.65788, 35.452167 ], [ -86.657916, 35.45227 ], [ -86.657941, 35.45243 ], [ -86.657916, 35.453475 ], [ -86.657909, 35.454096 ], [ -86.657891, 35.455976 ], [ -86.657891, 35.45599 ], [ -86.659713, 35.456041 ], [ -86.665181, 35.456196 ], [ -86.665555, 35.456207 ], [ -86.665353, 35.457642 ], [ -86.665091, 35.459368 ], [ -86.664655, 35.462251 ], [ -86.664307, 35.464549 ], [ -86.664046, 35.466276 ], [ -86.664031, 35.46635 ], [ -86.664028, 35.466367 ], [ -86.663791, 35.467939 ], [ -86.663732, 35.468336 ], [ -86.663512, 35.469796 ], [ -86.663296, 35.471221 ], [ -86.663095, 35.472939 ], [ -86.662924, 35.474409 ], [ -86.662919, 35.474612 ], [ -86.663011, 35.47533 ], [ -86.663289, 35.477488 ], [ -86.663372, 35.478129 ], [ -86.663377, 35.478211 ], [ -86.663449, 35.479479 ], [ -86.663671, 35.483294 ], [ -86.663743, 35.484518 ], [ -86.663746, 35.484568 ], [ -86.663748, 35.484611 ], [ -86.663828, 35.486004 ], [ -86.664078, 35.490313 ], [ -86.664163, 35.49175 ], [ -86.664164, 35.491771 ], [ -86.664131, 35.492022 ], [ -86.664025, 35.49284 ], [ -86.66399, 35.493113 ], [ -86.663781, 35.494739 ], [ -86.663163, 35.499618 ], [ -86.663105, 35.500072 ], [ -86.662982, 35.501377 ], [ -86.662961, 35.501528 ], [ -86.662801, 35.502659 ], [ -86.662298, 35.506394 ], [ -86.662132, 35.507639 ], [ -86.662084, 35.507988 ], [ -86.661943, 35.509038 ], [ -86.661897, 35.50939 ], [ -86.661396, 35.513108 ], [ -86.659895, 35.524265 ], [ -86.659777, 35.525148 ], [ -86.659395, 35.527984 ], [ -86.659217, 35.529305 ], [ -86.658684, 35.533268 ], [ -86.658507, 35.53459 ], [ -86.658072, 35.537818 ], [ -86.656769, 35.547504 ], [ -86.656336, 35.550733 ], [ -86.65626, 35.551276 ], [ -86.656039, 35.552908 ], [ -86.655969, 35.553454 ], [ -86.654202, 35.5666 ], [ -86.654033, 35.567851 ], [ -86.653579, 35.571245 ], [ -86.653193, 35.57412 ], [ -86.647658, 35.573662 ], [ -86.645201, 35.573459 ], [ -86.645179, 35.573676 ], [ -86.641745, 35.573628 ], [ -86.639584, 35.576681 ], [ -86.637424, 35.575425 ], [ -86.635794, 35.576886 ], [ -86.635764, 35.576912 ], [ -86.63572, 35.576953 ], [ -86.635676, 35.576992 ], [ -86.635647, 35.577018 ], [ -86.635591, 35.577069 ], [ -86.635422, 35.577219 ], [ -86.635367, 35.57727 ], [ -86.635335, 35.577299 ], [ -86.635239, 35.577386 ], [ -86.635207, 35.577415 ], [ -86.635686, 35.577667 ], [ -86.635959, 35.577854 ], [ -86.636293, 35.578002 ], [ -86.636525, 35.57805 ], [ -86.636774, 35.578102 ], [ -86.637005, 35.57818 ], [ -86.637554, 35.578391 ], [ -86.637974, 35.578571 ], [ -86.638745, 35.578873 ], [ -86.639676, 35.579258 ], [ -86.639907, 35.579321 ], [ -86.640688, 35.57953 ], [ -86.640952, 35.579653 ], [ -86.641148, 35.579807 ], [ -86.641293, 35.580034 ], [ -86.641548, 35.580651 ], [ -86.641724, 35.581076 ], [ -86.64193, 35.581587 ], [ -86.642314, 35.582538 ], [ -86.642427, 35.582625 ], [ -86.642569, 35.582733 ], [ -86.642861, 35.582929 ], [ -86.643459, 35.583046 ], [ -86.643972, 35.583044 ], [ -86.644188, 35.583029 ], [ -86.644349, 35.583024 ], [ -86.645192, 35.582895 ], [ -86.646045, 35.582746 ], [ -86.64651, 35.582652 ], [ -86.64676, 35.582684 ], [ -86.646803, 35.582689 ], [ -86.646865, 35.582696 ], [ -86.646975, 35.582709 ], [ -86.647326, 35.58269 ], [ -86.647654, 35.582646 ], [ -86.647721, 35.582637 ], [ -86.648096, 35.58251 ], [ -86.648639, 35.582337 ], [ -86.648955, 35.582155 ], [ -86.649303, 35.581914 ], [ -86.64933, 35.581777 ], [ -86.649632, 35.581622 ], [ -86.649669, 35.581562 ], [ -86.649736, 35.581461 ], [ -86.650096, 35.58119 ], [ -86.650403, 35.580457 ], [ -86.65059, 35.579904 ], [ -86.650616, 35.579829 ], [ -86.650916, 35.579315 ], [ -86.650932, 35.579306 ], [ -86.651402, 35.579045 ], [ -86.651856, 35.578935 ], [ -86.652082, 35.578904 ], [ -86.653827, 35.578651 ], [ -86.655652, 35.578236 ], [ -86.655886, 35.578192 ], [ -86.656322, 35.578112 ], [ -86.656571, 35.57816 ], [ -86.656971, 35.578237 ], [ -86.657887, 35.578535 ], [ -86.658532, 35.578747 ], [ -86.659176, 35.578959 ], [ -86.659785, 35.579159 ], [ -86.66098, 35.579562 ], [ -86.661137, 35.579612 ], [ -86.661299, 35.579669 ], [ -86.661406, 35.579713 ], [ -86.661569, 35.579767 ], [ -86.661668, 35.579799 ], [ -86.661777, 35.579831 ], [ -86.661965, 35.579891 ], [ -86.662003, 35.57991 ], [ -86.66294, 35.580381 ], [ -86.663525, 35.580908 ], [ -86.663707, 35.581296 ], [ -86.66377, 35.581893 ], [ -86.663666, 35.582408 ], [ -86.663401, 35.58322 ], [ -86.663145, 35.584104 ], [ -86.662891, 35.584792 ], [ -86.662818, 35.585262 ], [ -86.662625, 35.585744 ], [ -86.662336, 35.586113 ], [ -86.661948, 35.586529 ], [ -86.661556, 35.587207 ], [ -86.661214, 35.587869 ], [ -86.660983, 35.588359 ], [ -86.660831, 35.588326 ], [ -86.660456, 35.588241 ], [ -86.660219, 35.588188 ], [ -86.656357, 35.587942 ], [ -86.656254, 35.587936 ], [ -86.656239, 35.588 ], [ -86.656182, 35.588438 ], [ -86.655021, 35.588372 ], [ -86.655026, 35.588269 ], [ -86.65503, 35.588072 ], [ -86.655068, 35.587494 ], [ -86.654945, 35.587481 ], [ -86.654282, 35.587408 ], [ -86.654061, 35.587384 ], [ -86.653421, 35.587313 ], [ -86.652207, 35.587179 ], [ -86.652139, 35.587882 ], [ -86.652086, 35.588438 ], [ -86.652058, 35.588518 ], [ -86.651891, 35.588989 ], [ -86.651448, 35.588978 ], [ -86.6515, 35.589558 ], [ -86.651317, 35.590336 ], [ -86.649723, 35.597125 ], [ -86.649228, 35.599234 ], [ -86.649204, 35.599391 ], [ -86.649082, 35.600369 ], [ -86.648721, 35.603309 ], [ -86.648601, 35.60429 ], [ -86.648493, 35.605155 ], [ -86.648172, 35.607757 ], [ -86.648066, 35.608625 ], [ -86.648049, 35.608757 ], [ -86.647878, 35.610134 ], [ -86.647318, 35.614664 ], [ -86.647133, 35.616174 ], [ -86.647086, 35.616548 ], [ -86.646948, 35.617674 ], [ -86.646902, 35.618049 ], [ -86.646464, 35.621702 ], [ -86.646062, 35.625069 ], [ -86.645067, 35.632651 ], [ -86.644899, 35.633938 ], [ -86.644589, 35.636299 ], [ -86.644572, 35.63643 ], [ -86.644482, 35.637097 ], [ -86.644162, 35.639493 ], [ -86.644056, 35.640292 ], [ -86.643749, 35.642685 ], [ -86.642829, 35.649866 ], [ -86.642523, 35.65226 ], [ -86.642517, 35.652307 ], [ -86.642266, 35.654144 ], [ -86.641496, 35.659799 ], [ -86.64124, 35.661684 ], [ -86.64109, 35.662782 ], [ -86.640642, 35.666075 ], [ -86.640493, 35.667174 ], [ -86.640303, 35.66857 ], [ -86.639733, 35.672758 ], [ -86.639545, 35.674155 ], [ -86.639485, 35.67459 ], [ -86.639307, 35.675895 ], [ -86.639258, 35.676258 ], [ -86.639248, 35.67633 ], [ -86.63936, 35.676696 ], [ -86.639311, 35.677068 ], [ -86.639275, 35.677336 ], [ -86.63928, 35.677389 ], [ -86.639327, 35.677868 ], [ -86.639331, 35.677909 ], [ -86.639542, 35.678189 ], [ -86.639552, 35.678206 ], [ -86.63958, 35.678261 ], [ -86.639588, 35.67828 ], [ -86.639606, 35.678283 ], [ -86.639612, 35.67843 ], [ -86.639636, 35.678881 ], [ -86.63964, 35.678962 ], [ -86.639636, 35.679032 ], [ -86.639595, 35.680405 ], [ -86.639475, 35.684525 ], [ -86.639436, 35.6859 ], [ -86.638934, 35.68803 ], [ -86.637432, 35.69442 ], [ -86.637034, 35.696115 ], [ -86.636933, 35.696551 ], [ -86.636331, 35.698985 ], [ -86.635657, 35.701715 ], [ -86.636362, 35.701982 ], [ -86.63241, 35.702239 ], [ -86.630121, 35.702389 ], [ -86.629908, 35.702406 ], [ -86.628675, 35.702502 ], [ -86.624995, 35.70279 ], [ -86.624977, 35.70279 ], [ -86.623915, 35.702823 ], [ -86.623791, 35.702827 ], [ -86.623742, 35.702829 ], [ -86.623605, 35.702833 ], [ -86.623067, 35.702825 ], [ -86.621912, 35.702808 ], [ -86.622048, 35.701951 ], [ -86.622138, 35.701392 ], [ -86.622172, 35.70129 ], [ -86.622182, 35.701256 ], [ -86.622215, 35.701154 ], [ -86.622226, 35.701121 ], [ -86.622211, 35.701028 ], [ -86.622204, 35.700984 ], [ -86.622088, 35.700987 ], [ -86.621968, 35.700991 ], [ -86.621875, 35.700995 ], [ -86.620704, 35.701036 ], [ -86.619515, 35.701079 ], [ -86.619446, 35.702676 ], [ -86.618722, 35.702638 ], [ -86.617553, 35.702578 ], [ -86.615763, 35.702473 ], [ -86.614114, 35.702378 ], [ -86.6038, 35.701778 ], [ -86.600362, 35.701578 ], [ -86.599865, 35.701523 ], [ -86.598374, 35.701358 ], [ -86.597877, 35.701304 ], [ -86.594652, 35.700928 ], [ -86.584978, 35.699801 ], [ -86.581754, 35.699426 ], [ -86.581671, 35.699416 ], [ -86.581425, 35.699386 ], [ -86.581343, 35.699377 ], [ -86.581148, 35.699354 ], [ -86.579289, 35.699333 ], [ -86.573124, 35.699264 ], [ -86.57107, 35.699241 ], [ -86.570946, 35.69924 ], [ -86.568295, 35.699246 ], [ -86.568082, 35.699244 ], [ -86.5627, 35.698892 ], [ -86.551448, 35.698153 ], [ -86.551406, 35.69815 ], [ -86.549809, 35.698045 ], [ -86.549729, 35.69804 ], [ -86.543116, 35.697617 ], [ -86.543585, 35.69486 ], [ -86.543685, 35.694278 ], [ -86.543235, 35.694207 ], [ -86.53734, 35.693266 ], [ -86.537514, 35.692235 ], [ -86.535628, 35.69215 ], [ -86.535299, 35.692114 ], [ -86.53481, 35.692076 ], [ -86.53375, 35.692 ], [ -86.532372, 35.691877 ], [ -86.530976, 35.691735 ], [ -86.529581, 35.691626 ], [ -86.528185, 35.691496 ], [ -86.526878, 35.69139 ], [ -86.526792, 35.691374 ], [ -86.526735, 35.691345 ], [ -86.526678, 35.691299 ], [ -86.526642, 35.691246 ], [ -86.526625, 35.691185 ], [ -86.526618, 35.691043 ], [ -86.526718, 35.690209 ], [ -86.526715, 35.690095 ], [ -86.526683, 35.690021 ], [ -86.526643, 35.689974 ], [ -86.526533, 35.689921 ], [ -86.526401, 35.689899 ], [ -86.525625, 35.689831 ], [ -86.524239, 35.689765 ], [ -86.523921, 35.689759 ], [ -86.523898, 35.689761 ], [ -86.523637, 35.689786 ], [ -86.523472, 35.689816 ], [ -86.523378, 35.689855 ], [ -86.523361, 35.689603 ], [ -86.523277, 35.688919 ], [ -86.523213, 35.688171 ], [ -86.523209, 35.688127 ], [ -86.523247, 35.68753 ], [ -86.52326, 35.687209 ], [ -86.523263, 35.68707 ], [ -86.523269, 35.686872 ], [ -86.52329, 35.686173 ], [ -86.523293, 35.686053 ], [ -86.523261, 35.686051 ], [ -86.523167, 35.686046 ], [ -86.523136, 35.686045 ], [ -86.520432, 35.685892 ], [ -86.520306, 35.687358 ], [ -86.520208, 35.688519 ], [ -86.515516, 35.688396 ], [ -86.515677, 35.686104 ], [ -86.515932, 35.68611 ], [ -86.516483, 35.682016 ], [ -86.516676, 35.680586 ], [ -86.519084, 35.680867 ], [ -86.519121, 35.680556 ], [ -86.519442, 35.677751 ], [ -86.519366, 35.677742 ], [ -86.513078, 35.676998 ], [ -86.513155, 35.676158 ], [ -86.513157, 35.676134 ], [ -86.511671, 35.675951 ], [ -86.508794, 35.675598 ], [ -86.5088, 35.675586 ], [ -86.508868, 35.675474 ], [ -86.508926, 35.675295 ], [ -86.508931, 35.675214 ], [ -86.508994, 35.67477 ], [ -86.50936, 35.672212 ], [ -86.509482, 35.67136 ], [ -86.509319, 35.671348 ], [ -86.50875, 35.671306 ], [ -86.5084, 35.671293 ], [ -86.508304, 35.671289 ], [ -86.506828, 35.671177 ], [ -86.504837, 35.670804 ], [ -86.50489, 35.670667 ], [ -86.504939, 35.670504 ], [ -86.504966, 35.670383 ], [ -86.505002, 35.670127 ], [ -86.505041, 35.669892 ], [ -86.505079, 35.669667 ], [ -86.50518, 35.669019 ], [ -86.50525, 35.668571 ], [ -86.505296, 35.668276 ], [ -86.505361, 35.667727 ], [ -86.505363, 35.667706 ], [ -86.50537, 35.667644 ], [ -86.505373, 35.667624 ], [ -86.50312, 35.667339 ], [ -86.501608, 35.667149 ], [ -86.501899, 35.664993 ], [ -86.499992, 35.664573 ], [ -86.499448, 35.664556 ], [ -86.499517, 35.663944 ], [ -86.499761, 35.661803 ], [ -86.499773, 35.661688 ], [ -86.499797, 35.66149 ], [ -86.499407, 35.661449 ], [ -86.498087, 35.66131 ], [ -86.493652, 35.660847 ], [ -86.493814, 35.65956 ], [ -86.494006, 35.658048 ], [ -86.493612, 35.658044 ], [ -86.493461, 35.658074 ], [ -86.493145, 35.658044 ], [ -86.492963, 35.658025 ], [ -86.492602, 35.657989 ], [ -86.491006, 35.657878 ], [ -86.490379, 35.657835 ], [ -86.490354, 35.657833 ], [ -86.489326, 35.657754 ], [ -86.488916, 35.657733 ], [ -86.488394, 35.657708 ], [ -86.488261, 35.65769 ], [ -86.488181, 35.657668 ], [ -86.488118, 35.657615 ], [ -86.488094, 35.657574 ], [ -86.488082, 35.657504 ], [ -86.488089, 35.657427 ], [ -86.488207, 35.65683 ], [ -86.488214, 35.656696 ], [ -86.488194, 35.656614 ], [ -86.488185, 35.656604 ], [ -86.488155, 35.65657 ], [ -86.488085, 35.656529 ], [ -86.487975, 35.656495 ], [ -86.487815, 35.656472 ], [ -86.487017, 35.656396 ], [ -86.485766, 35.656256 ], [ -86.485449, 35.656221 ], [ -86.484336, 35.656083 ], [ -86.483695, 35.65602 ], [ -86.483008, 35.655949 ], [ -86.479028, 35.65554 ], [ -86.477702, 35.655404 ], [ -86.474894, 35.655067 ], [ -86.472088, 35.654732 ], [ -86.472833, 35.649124 ], [ -86.473206, 35.646321 ], [ -86.473189, 35.646319 ], [ -86.472879, 35.646289 ], [ -86.471901, 35.646198 ], [ -86.471624, 35.646173 ], [ -86.471575, 35.646169 ], [ -86.470206, 35.646046 ], [ -86.47011, 35.646038 ], [ -86.466105, 35.645641 ], [ -86.464738, 35.645506 ], [ -86.46406, 35.645445 ], [ -86.46305, 35.645355 ], [ -86.462029, 35.645247 ], [ -86.461353, 35.645176 ], [ -86.461374, 35.644934 ], [ -86.461449, 35.644318 ], [ -86.461499, 35.643744 ], [ -86.461501, 35.643731 ], [ -86.46158, 35.643153 ], [ -86.461775, 35.641288 ], [ -86.461991, 35.639455 ], [ -86.46216, 35.638026 ], [ -86.462163, 35.63799 ], [ -86.462176, 35.637885 ], [ -86.462181, 35.63785 ], [ -86.461047, 35.637721 ], [ -86.457647, 35.637335 ], [ -86.456514, 35.637207 ], [ -86.456416, 35.637194 ], [ -86.456052, 35.637154 ], [ -86.455954, 35.637858 ], [ -86.455473, 35.641353 ], [ -86.455313, 35.642519 ], [ -86.455258, 35.642924 ], [ -86.455092, 35.644142 ], [ -86.455038, 35.644548 ], [ -86.454614, 35.644497 ], [ -86.454028, 35.644428 ], [ -86.453343, 35.644358 ], [ -86.453009, 35.644325 ], [ -86.452919, 35.644316 ], [ -86.452133, 35.644233 ], [ -86.449775, 35.643984 ], [ -86.44899, 35.643902 ], [ -86.448219, 35.643821 ], [ -86.44778, 35.643775 ], [ -86.446792, 35.643688 ], [ -86.445995, 35.643609 ], [ -86.445905, 35.643601 ], [ -86.445134, 35.643532 ], [ -86.445112, 35.643707 ], [ -86.445069, 35.644063 ], [ -86.444952, 35.645055 ], [ -86.444839, 35.645651 ], [ -86.444741, 35.646177 ], [ -86.443333, 35.646243 ], [ -86.442338, 35.646229 ], [ -86.441362, 35.64578 ], [ -86.440274, 35.645618 ], [ -86.440223, 35.645611 ], [ -86.439123, 35.645426 ], [ -86.438418, 35.645231 ], [ -86.436629, 35.64552 ], [ -86.434289, 35.646229 ], [ -86.432679, 35.646908 ], [ -86.431486, 35.647916 ], [ -86.431136, 35.648685 ], [ -86.430247, 35.649736 ], [ -86.428898, 35.650645 ], [ -86.428523, 35.650839 ], [ -86.427146, 35.651555 ], [ -86.425145, 35.652543 ], [ -86.424415, 35.652858 ], [ -86.424145, 35.652976 ], [ -86.424931, 35.649772 ], [ -86.423458, 35.649747 ], [ -86.420649, 35.649701 ], [ -86.418333, 35.649663 ], [ -86.416625, 35.649636 ], [ -86.416638, 35.649151 ], [ -86.416674, 35.647937 ], [ -86.416674, 35.647699 ], [ -86.416674, 35.647465 ], [ -86.416717, 35.64725 ], [ -86.416734, 35.647224 ], [ -86.416746, 35.647195 ], [ -86.416751, 35.647184 ], [ -86.416788, 35.647159 ], [ -86.416823, 35.647152 ], [ -86.416854, 35.647147 ], [ -86.416924, 35.647134 ], [ -86.417066, 35.647129 ], [ -86.417116, 35.647131 ], [ -86.417908, 35.647166 ], [ -86.418173, 35.647178 ], [ -86.418391, 35.645293 ], [ -86.418902, 35.640617 ], [ -86.418028, 35.640522 ], [ -86.413429, 35.640023 ], [ -86.413847, 35.637029 ], [ -86.414212, 35.637002 ], [ -86.414239, 35.636608 ], [ -86.414565, 35.63612 ], [ -86.415019, 35.635587 ], [ -86.415338, 35.63493 ], [ -86.415392, 35.634279 ], [ -86.415374, 35.63373 ], [ -86.415369, 35.633088 ], [ -86.415369, 35.632996 ], [ -86.4158, 35.632196 ], [ -86.416408, 35.631366 ], [ -86.416924, 35.630761 ], [ -86.417275, 35.630403 ], [ -86.417575, 35.629697 ], [ -86.417519, 35.629092 ], [ -86.417448, 35.62872 ], [ -86.4179, 35.628259 ], [ -86.417622, 35.627497 ], [ -86.417459, 35.626849 ], [ -86.417286, 35.626218 ], [ -86.416866, 35.625559 ], [ -86.416308, 35.62507 ], [ -86.41569, 35.624586 ], [ -86.41487, 35.623945 ], [ -86.413678, 35.623177 ], [ -86.412744, 35.623162 ], [ -86.41195, 35.622921 ], [ -86.411401, 35.622699 ], [ -86.41085, 35.622727 ], [ -86.410029, 35.623051 ], [ -86.409525, 35.623144 ], [ -86.40881, 35.623086 ], [ -86.406722, 35.62292 ], [ -86.405978, 35.622631 ], [ -86.405157, 35.622197 ], [ -86.404655, 35.621442 ], [ -86.404237, 35.620642 ], [ -86.403312, 35.618874 ], [ -86.402726, 35.618571 ], [ -86.401731, 35.618627 ], [ -86.401559, 35.61894 ], [ -86.40135, 35.619786 ], [ -86.399791, 35.620741 ], [ -86.399242, 35.621334 ], [ -86.3987, 35.622072 ], [ -86.398183, 35.622382 ], [ -86.39711, 35.622381 ], [ -86.39509, 35.623204 ], [ -86.39456, 35.623805 ], [ -86.394477, 35.62507 ], [ -86.394443, 35.625513 ], [ -86.394715, 35.626138 ], [ -86.394981, 35.626602 ], [ -86.395227, 35.627057 ], [ -86.395374, 35.627377 ], [ -86.395406, 35.627446 ], [ -86.395498, 35.627778 ], [ -86.39518, 35.627443 ], [ -86.394669, 35.626887 ], [ -86.394164, 35.62659 ], [ -86.393246, 35.626657 ], [ -86.392071, 35.626826 ], [ -86.39124, 35.626959 ], [ -86.390784, 35.626995 ], [ -86.39056, 35.627014 ], [ -86.390263, 35.627072 ], [ -86.38965, 35.627194 ], [ -86.389326, 35.627157 ], [ -86.388763, 35.626873 ], [ -86.388751, 35.626867 ], [ -86.388413, 35.62648 ], [ -86.388202, 35.626238 ], [ -86.388131, 35.626215 ], [ -86.387762, 35.626094 ], [ -86.386967, 35.62606 ], [ -86.386896, 35.626058 ], [ -86.386573, 35.626081 ], [ -86.386068, 35.626117 ], [ -86.385969, 35.626125 ], [ -86.385256, 35.626332 ], [ -86.384861, 35.626383 ], [ -86.38459, 35.626315 ], [ -86.384518, 35.626297 ], [ -86.384299, 35.62634 ], [ -86.384095, 35.62638 ], [ -86.383677, 35.626463 ], [ -86.382831, 35.626777 ], [ -86.382568, 35.627229 ], [ -86.382853, 35.627692 ], [ -86.382863, 35.628176 ], [ -86.382648, 35.628568 ], [ -86.382231, 35.628683 ], [ -86.381599, 35.628795 ], [ -86.380801, 35.629235 ], [ -86.379655, 35.629868 ], [ -86.379636, 35.629868 ], [ -86.378966, 35.62987 ], [ -86.378702, 35.629904 ], [ -86.378037, 35.629993 ], [ -86.377404, 35.630129 ], [ -86.376959, 35.630219 ], [ -86.37632, 35.630154 ], [ -86.375927, 35.630136 ], [ -86.374992, 35.630094 ], [ -86.374271, 35.63008 ], [ -86.373853, 35.630119 ], [ -86.373641, 35.63014 ], [ -86.373221, 35.63032 ], [ -86.372941, 35.63068 ], [ -86.373011, 35.6311 ], [ -86.373291, 35.631762 ], [ -86.373801, 35.632791 ], [ -86.373921, 35.633032 ], [ -86.374419, 35.633747 ], [ -86.374515, 35.633884 ], [ -86.374551, 35.633936 ], [ -86.37487, 35.634242 ], [ -86.374992, 35.634359 ], [ -86.375254, 35.634452 ], [ -86.375452, 35.634648 ], [ -86.375611, 35.634804 ], [ -86.375825, 35.635363 ], [ -86.375607, 35.6359 ], [ -86.375417, 35.636094 ], [ -86.375134, 35.636385 ], [ -86.374992, 35.636439 ], [ -86.374679, 35.636755 ], [ -86.374607, 35.636907 ], [ -86.374539, 35.637056 ], [ -86.374399, 35.637539 ], [ -86.374407, 35.638022 ], [ -86.374617, 35.638624 ], [ -86.374646, 35.638667 ], [ -86.374992, 35.639174 ], [ -86.375587, 35.639634 ], [ -86.375711, 35.63974 ], [ -86.376293, 35.64024 ], [ -86.377049, 35.640824 ], [ -86.377754, 35.641479 ], [ -86.377793, 35.64153 ], [ -86.378233, 35.642107 ], [ -86.37834, 35.642265 ], [ -86.378377, 35.642319 ], [ -86.378642, 35.642823 ], [ -86.3786, 35.643419 ], [ -86.378247, 35.644244 ], [ -86.377841, 35.645303 ], [ -86.377532, 35.645903 ], [ -86.377112, 35.64667 ], [ -86.376796, 35.647157 ], [ -86.376464, 35.647031 ], [ -86.375737, 35.646481 ], [ -86.375192, 35.646167 ], [ -86.374992, 35.646043 ], [ -86.373396, 35.645812 ], [ -86.372596, 35.646031 ], [ -86.370673, 35.647038 ], [ -86.369035, 35.647274 ], [ -86.366725, 35.648471 ], [ -86.36658, 35.649026 ], [ -86.365601, 35.650926 ], [ -86.363379, 35.651431 ], [ -86.363177, 35.65174 ], [ -86.363145, 35.65179 ], [ -86.362826, 35.65228 ], [ -86.359758, 35.652161 ], [ -86.359716, 35.652161 ], [ -86.359595, 35.65173 ], [ -86.359582, 35.65167 ], [ -86.359523, 35.651394 ], [ -86.359522, 35.651379 ], [ -86.359505, 35.651104 ], [ -86.359495, 35.650524 ], [ -86.359494, 35.650505 ], [ -86.359493, 35.650451 ], [ -86.359493, 35.650433 ], [ -86.359283, 35.650425 ], [ -86.359246, 35.650424 ], [ -86.358999, 35.650414 ], [ -86.358653, 35.650404 ], [ -86.358444, 35.650399 ], [ -86.35837, 35.650397 ], [ -86.35815, 35.650391 ], [ -86.358077, 35.65039 ], [ -86.357624, 35.650378 ], [ -86.356268, 35.650342 ], [ -86.355816, 35.650331 ], [ -86.354985, 35.65031 ], [ -86.352169, 35.650237 ], [ -86.350702, 35.653245 ], [ -86.351086, 35.65402 ], [ -86.35146, 35.654772 ], [ -86.354374, 35.655561 ], [ -86.354825, 35.657939 ], [ -86.352734, 35.660482 ], [ -86.350624, 35.660666 ], [ -86.348652, 35.65933 ], [ -86.347282, 35.658723 ], [ -86.345509, 35.659482 ], [ -86.343776, 35.660917 ], [ -86.344095, 35.662167 ], [ -86.345069, 35.663744 ], [ -86.344384, 35.663667 ], [ -86.344292, 35.663657 ], [ -86.34194, 35.664259 ], [ -86.340438, 35.663168 ], [ -86.338262, 35.663093 ], [ -86.33706, 35.662584 ], [ -86.336331, 35.662276 ], [ -86.33603, 35.662149 ], [ -86.336244, 35.660846 ], [ -86.336543, 35.660188 ], [ -86.336871, 35.659469 ], [ -86.336914, 35.659375 ], [ -86.337005, 35.659178 ], [ -86.33693, 35.659122 ], [ -86.336847, 35.659061 ], [ -86.335679, 35.658193 ], [ -86.334075, 35.658059 ], [ -86.332771, 35.659008 ], [ -86.331977, 35.659587 ], [ -86.329587, 35.660863 ], [ -86.327852, 35.662395 ], [ -86.326323, 35.662639 ], [ -86.325368, 35.661875 ], [ -86.321324, 35.662348 ], [ -86.320845, 35.66207 ], [ -86.320216, 35.662096 ], [ -86.319554, 35.662124 ], [ -86.318896, 35.662037 ], [ -86.317209, 35.660816 ], [ -86.315959, 35.661027 ], [ -86.315215, 35.661153 ], [ -86.313895, 35.661182 ], [ -86.312216, 35.661498 ], [ -86.311811, 35.661575 ], [ -86.310374, 35.661587 ], [ -86.310243, 35.660306 ], [ -86.309328, 35.659517 ], [ -86.3076, 35.659196 ], [ -86.304128, 35.659553 ], [ -86.303287, 35.658009 ], [ -86.303177, 35.657806 ], [ -86.301156, 35.656581 ], [ -86.300321, 35.655736 ], [ -86.300724, 35.654371 ], [ -86.302048, 35.653996 ], [ -86.302123, 35.652829 ], [ -86.302783, 35.651394 ], [ -86.304096, 35.651155 ], [ -86.30547, 35.651505 ], [ -86.306181, 35.650585 ], [ -86.306493, 35.64868 ], [ -86.305893, 35.64795 ], [ -86.305636, 35.647334 ], [ -86.305235, 35.646375 ], [ -86.304596, 35.646332 ], [ -86.302421, 35.64619 ], [ -86.301335, 35.645713 ], [ -86.301227, 35.645787 ], [ -86.300798, 35.646087 ], [ -86.299562, 35.646447 ], [ -86.297316, 35.64658 ], [ -86.295266, 35.647449 ], [ -86.293525, 35.647273 ], [ -86.292153, 35.646094 ], [ -86.291337, 35.646023 ], [ -86.290741, 35.645688 ], [ -86.289916, 35.644844 ], [ -86.289831, 35.643869 ], [ -86.288637, 35.643359 ], [ -86.286923, 35.643409 ], [ -86.286826, 35.644028 ], [ -86.286466, 35.645144 ], [ -86.28743, 35.646593 ], [ -86.287584, 35.648252 ], [ -86.285457, 35.648315 ], [ -86.284018, 35.649084 ], [ -86.282828, 35.648382 ], [ -86.280924, 35.648615 ], [ -86.27981, 35.645892 ], [ -86.279328, 35.645648 ], [ -86.277229, 35.644589 ], [ -86.274769, 35.643786 ], [ -86.273309, 35.64259 ], [ -86.272722, 35.642708 ], [ -86.271483, 35.64296 ], [ -86.268898, 35.642631 ], [ -86.268368, 35.641113 ], [ -86.266556, 35.639769 ], [ -86.263763, 35.63956 ], [ -86.262714, 35.637884 ], [ -86.260577, 35.637897 ], [ -86.260424, 35.637757 ], [ -86.260257, 35.637604 ], [ -86.257478, 35.634286 ], [ -86.257632, 35.633152 ], [ -86.25766, 35.631921 ], [ -86.249994, 35.632116 ], [ -86.246865, 35.631959 ], [ -86.246414, 35.631949 ], [ -86.246346, 35.631946 ], [ -86.246143, 35.63194 ], [ -86.246076, 35.631938 ], [ -86.245922, 35.631934 ], [ -86.245893, 35.631933 ], [ -86.245767, 35.631929 ], [ -86.24572, 35.631928 ], [ -86.245442, 35.63192 ], [ -86.245347, 35.631917 ], [ -86.245165, 35.631913 ], [ -86.245112, 35.631834 ], [ -86.244377, 35.630689 ], [ -86.244183, 35.630386 ], [ -86.243317, 35.629446 ], [ -86.242909, 35.628981 ], [ -86.241862, 35.627654 ], [ -86.24199, 35.627533 ], [ -86.24167, 35.626986 ], [ -86.241682, 35.626967 ], [ -86.242565, 35.625641 ], [ -86.242775, 35.625663 ], [ -86.243291, 35.62572 ], [ -86.243408, 35.625732 ], [ -86.24362, 35.625759 ], [ -86.243752, 35.625771 ], [ -86.243945, 35.625791 ], [ -86.244008, 35.625798 ], [ -86.244153, 35.625813 ], [ -86.244289, 35.625827 ], [ -86.244438, 35.625798 ], [ -86.244696, 35.625838 ], [ -86.244796, 35.625854 ], [ -86.245088, 35.625854 ], [ -86.24538, 35.625816 ], [ -86.245526, 35.625766 ], [ -86.245611, 35.625729 ], [ -86.245688, 35.625635 ], [ -86.24578, 35.625476 ], [ -86.245826, 35.625398 ], [ -86.246003, 35.625129 ], [ -86.246149, 35.625054 ], [ -86.246312, 35.624988 ], [ -86.247248, 35.624611 ], [ -86.247257, 35.624603 ], [ -86.247301, 35.624567 ], [ -86.247317, 35.624492 ], [ -86.247213, 35.624313 ], [ -86.2473, 35.624266 ], [ -86.247463, 35.62418 ], [ -86.247559, 35.624119 ], [ -86.247643, 35.624067 ], [ -86.247662, 35.624055 ], [ -86.24784, 35.622642 ], [ -86.248096, 35.62062 ], [ -86.245867, 35.620505 ], [ -86.244448, 35.620434 ], [ -86.244448, 35.620407 ], [ -86.244412, 35.620093 ], [ -86.244403, 35.619718 ], [ -86.244387, 35.619485 ], [ -86.244363, 35.619388 ], [ -86.244372, 35.619367 ], [ -86.244346, 35.619298 ], [ -86.24431, 35.619136 ], [ -86.244281, 35.619064 ], [ -86.244224, 35.618891 ], [ -86.244158, 35.618747 ], [ -86.244023, 35.618511 ], [ -86.244, 35.618471 ], [ -86.243941, 35.618409 ], [ -86.243925, 35.618374 ], [ -86.243854, 35.618284 ], [ -86.243716, 35.618146 ], [ -86.243651, 35.618091 ], [ -86.243592, 35.618022 ], [ -86.243559, 35.617939 ], [ -86.243556, 35.617812 ], [ -86.243564, 35.617757 ], [ -86.243637, 35.617574 ], [ -86.243688, 35.617506 ], [ -86.243789, 35.61741 ], [ -86.243931, 35.617311 ], [ -86.244001, 35.617272 ], [ -86.244038, 35.617246 ], [ -86.244137, 35.617196 ], [ -86.24432, 35.617136 ], [ -86.244558, 35.617087 ], [ -86.244766, 35.617035 ], [ -86.244859, 35.617007 ], [ -86.244934, 35.61698 ], [ -86.245027, 35.616933 ], [ -86.245112, 35.616877 ], [ -86.245187, 35.616809 ], [ -86.245213, 35.616761 ], [ -86.245231, 35.616644 ], [ -86.245228, 35.616469 ], [ -86.245213, 35.616186 ], [ -86.245194, 35.615948 ], [ -86.245203, 35.615845 ], [ -86.245243, 35.615601 ], [ -86.245292, 35.615254 ], [ -86.245293, 35.61515 ], [ -86.245265, 35.614913 ], [ -86.245241, 35.614761 ], [ -86.245184, 35.614471 ], [ -86.245171, 35.614441 ], [ -86.245159, 35.614382 ], [ -86.245114, 35.614241 ], [ -86.245069, 35.614003 ], [ -86.245051, 35.613758 ], [ -86.245052, 35.613733 ], [ -86.245059, 35.613641 ], [ -86.245081, 35.613535 ], [ -86.245163, 35.613325 ], [ -86.245189, 35.613291 ], [ -86.245231, 35.613195 ], [ -86.245308, 35.613043 ], [ -86.24533, 35.61295 ], [ -86.245376, 35.612809 ], [ -86.245411, 35.612651 ], [ -86.245416, 35.612606 ], [ -86.245399, 35.612462 ], [ -86.245376, 35.612373 ], [ -86.245281, 35.612134 ], [ -86.245239, 35.612004 ], [ -86.245207, 35.611962 ], [ -86.245115, 35.611879 ], [ -86.244997, 35.611858 ], [ -86.244963, 35.611858 ], [ -86.244913, 35.611858 ], [ -86.244636, 35.611829 ], [ -86.244569, 35.611815 ], [ -86.244535, 35.611815 ], [ -86.244506, 35.611805 ], [ -86.244494, 35.611801 ], [ -86.244464, 35.611797 ], [ -86.244378, 35.61177 ], [ -86.244362, 35.611762 ], [ -86.244351, 35.611757 ], [ -86.244285, 35.611717 ], [ -86.244167, 35.611618 ], [ -86.244092, 35.611524 ], [ -86.244076, 35.61149 ], [ -86.244051, 35.611462 ], [ -86.243998, 35.611351 ], [ -86.243956, 35.611183 ], [ -86.243888, 35.610794 ], [ -86.243888, 35.610773 ], [ -86.24386, 35.610583 ], [ -86.243831, 35.610511 ], [ -86.243795, 35.610294 ], [ -86.243779, 35.610139 ], [ -86.243797, 35.609444 ], [ -86.243828, 35.609206 ], [ -86.243927, 35.608914 ], [ -86.243953, 35.60888 ], [ -86.243961, 35.608852 ], [ -86.244046, 35.608722 ], [ -86.244105, 35.608654 ], [ -86.244248, 35.608523 ], [ -86.244388, 35.608427 ], [ -86.244485, 35.608372 ], [ -86.244519, 35.608359 ], [ -86.244953, 35.608139 ], [ -86.245042, 35.608085 ], [ -86.245109, 35.60802 ], [ -86.245118, 35.608007 ], [ -86.245205, 35.607891 ], [ -86.245253, 35.607803 ], [ -86.245296, 35.607701 ], [ -86.245348, 35.607556 ], [ -86.245467, 35.607377 ], [ -86.245517, 35.607315 ], [ -86.245611, 35.607219 ], [ -86.245771, 35.607096 ], [ -86.245746, 35.607075 ], [ -86.245653, 35.607055 ], [ -86.245367, 35.606978 ], [ -86.245235, 35.606943 ], [ -86.245027, 35.606882 ], [ -86.244912, 35.606855 ], [ -86.244765, 35.606844 ], [ -86.244538, 35.606865 ], [ -86.244437, 35.606885 ], [ -86.244395, 35.606905 ], [ -86.244362, 35.606912 ], [ -86.244302, 35.60694 ], [ -86.24416, 35.607037 ], [ -86.244134, 35.607056 ], [ -86.244092, 35.607069 ], [ -86.24402, 35.607072 ], [ -86.243957, 35.607069 ], [ -86.243823, 35.607048 ], [ -86.24375, 35.607028 ], [ -86.243773, 35.606958 ], [ -86.243843, 35.606756 ], [ -86.243869, 35.606691 ], [ -86.243915, 35.606544 ], [ -86.243882, 35.606009 ], [ -86.243759, 35.60395 ], [ -86.243725, 35.603369 ], [ -86.243719, 35.603266 ], [ -86.243464, 35.598844 ], [ -86.243393, 35.597626 ], [ -86.2427, 35.585609 ], [ -86.242415, 35.58071 ], [ -86.242252, 35.577876 ], [ -86.242151, 35.575336 ], [ -86.242141, 35.575072 ], [ -86.242141, 35.574194 ], [ -86.242148, 35.571564 ], [ -86.242149, 35.571435 ], [ -86.242147, 35.570753 ], [ -86.242149, 35.570689 ], [ -86.242223, 35.567369 ], [ -86.242231, 35.566959 ], [ -86.24247, 35.556117 ], [ -86.242477, 35.555769 ], [ -86.242482, 35.55557 ], [ -86.24256, 35.55204 ], [ -86.242587, 35.550793 ], [ -86.242669, 35.547055 ], [ -86.242691, 35.546103 ], [ -86.242697, 35.545808 ], [ -86.242697, 35.545773 ], [ -86.242699, 35.545669 ], [ -86.242701, 35.545636 ], [ -86.242702, 35.545524 ], [ -86.24271, 35.544679 ], [ -86.242741, 35.541813 ], [ -86.242748, 35.541189 ], [ -86.242723, 35.54086 ], [ -86.242707, 35.540682 ], [ -86.242672, 35.540243 ], [ -86.242688, 35.540152 ], [ -86.242721, 35.539978 ], [ -86.242743, 35.539846 ], [ -86.242814, 35.53945 ], [ -86.242838, 35.539321 ], [ -86.242874, 35.539118 ], [ -86.24289, 35.538289 ], [ -86.242954, 35.535189 ], [ -86.242976, 35.534156 ], [ -86.242968, 35.533801 ], [ -86.242948, 35.532739 ], [ -86.242942, 35.532386 ], [ -86.242892, 35.531555 ], [ -86.242745, 35.529064 ], [ -86.242708, 35.528431 ], [ -86.242711, 35.528234 ], [ -86.242728, 35.52744 ], [ -86.242786, 35.525101 ], [ -86.242785, 35.52506 ], [ -86.242776, 35.52441 ], [ -86.242775, 35.524268 ], [ -86.242749, 35.523011 ], [ -86.242675, 35.519244 ], [ -86.242653, 35.517989 ], [ -86.242653, 35.517955 ], [ -86.242653, 35.517855 ], [ -86.242654, 35.517822 ], [ -86.242479, 35.517459 ], [ -86.241954, 35.51637 ], [ -86.24178, 35.516008 ], [ -86.241269, 35.515009 ], [ -86.239737, 35.512015 ], [ -86.239227, 35.511018 ], [ -86.239135, 35.51085 ], [ -86.238887, 35.510349 ], [ -86.237891, 35.508336 ], [ -86.23756, 35.507667 ], [ -86.237503, 35.507549 ], [ -86.237334, 35.507201 ], [ -86.237278, 35.507086 ], [ -86.236679, 35.505836 ], [ -86.237208, 35.505578 ], [ -86.238723, 35.504841 ], [ -86.239937, 35.50477 ], [ -86.241641, 35.504176 ], [ -86.241755, 35.502963 ], [ -86.241832, 35.502147 ], [ -86.241941, 35.501354 ], [ -86.241987, 35.501003 ], [ -86.241994, 35.500949 ], [ -86.242253, 35.500074 ], [ -86.242462, 35.498394 ], [ -86.242777, 35.495887 ], [ -86.243373, 35.491027 ], [ -86.24345, 35.490481 ], [ -86.243806, 35.488 ], [ -86.24383, 35.487851 ], [ -86.244086, 35.486038 ], [ -86.244309, 35.484473 ], [ -86.244773, 35.48059 ], [ -86.244992, 35.478775 ], [ -86.244993, 35.478764 ], [ -86.245008, 35.478731 ], [ -86.245171, 35.478209 ], [ -86.245275, 35.477502 ], [ -86.245289, 35.477411 ], [ -86.24526, 35.477209 ], [ -86.245003, 35.477032 ], [ -86.244876, 35.476814 ], [ -86.244786, 35.476604 ], [ -86.244669, 35.475824 ], [ -86.244521, 35.474558 ], [ -86.244521, 35.474074 ], [ -86.244477, 35.473943 ], [ -86.244433, 35.473808 ], [ -86.244304, 35.473671 ], [ -86.244116, 35.473583 ], [ -86.244062, 35.472866 ], [ -86.244054, 35.472771 ], [ -86.244049, 35.472698 ], [ -86.244365, 35.472666 ], [ -86.244937, 35.472537 ], [ -86.245361, 35.47232 ], [ -86.245776, 35.472026 ], [ -86.245884, 35.471949 ], [ -86.245984, 35.471855 ], [ -86.246062, 35.471781 ], [ -86.246278, 35.471579 ], [ -86.246406, 35.471216 ], [ -86.246554, 35.4707 ], [ -86.246554, 35.470217 ], [ -86.246554, 35.470143 ], [ -86.246387, 35.469773 ], [ -86.24617, 35.469418 ], [ -86.245835, 35.469289 ], [ -86.245302, 35.469208 ], [ -86.244985, 35.469121 ], [ -86.24471, 35.469047 ], [ -86.244385, 35.468773 ], [ -86.244351, 35.468673 ], [ -86.244237, 35.468337 ], [ -86.244238, 35.468112 ], [ -86.244237, 35.467837 ], [ -86.244523, 35.467299 ], [ -86.244957, 35.466903 ], [ -86.245562, 35.466788 ], [ -86.245705, 35.466762 ], [ -86.245757, 35.466754 ], [ -86.245817, 35.466746 ], [ -86.245939, 35.46673 ], [ -86.245964, 35.466727 ], [ -86.246515, 35.466654 ], [ -86.246742, 35.466573 ], [ -86.24692, 35.466074 ], [ -86.246896, 35.465806 ], [ -86.246882, 35.465642 ], [ -86.246868, 35.465479 ], [ -86.246863, 35.465426 ], [ -86.246872, 35.465375 ], [ -86.246699, 35.465139 ], [ -86.246713, 35.465105 ], [ -86.246705, 35.465074 ], [ -86.246677, 35.465047 ], [ -86.246659, 35.465017 ], [ -86.246656, 35.464839 ], [ -86.246636, 35.464662 ], [ -86.246601, 35.464522 ], [ -86.246597, 35.464273 ], [ -86.246584, 35.464166 ], [ -86.246508, 35.463815 ], [ -86.246492, 35.46373 ], [ -86.246444, 35.46346 ], [ -86.246416, 35.463303 ], [ -86.2464, 35.463215 ], [ -86.246376, 35.463038 ], [ -86.246372, 35.462895 ], [ -86.24636, 35.462825 ], [ -86.246331, 35.462736 ], [ -86.246304, 35.462653 ], [ -86.246274, 35.462586 ], [ -86.246244, 35.462482 ], [ -86.24621, 35.462417 ], [ -86.246183, 35.462349 ], [ -86.24605, 35.462123 ], [ -86.245997, 35.462025 ], [ -86.245985, 35.461991 ], [ -86.24598, 35.461955 ], [ -86.245981, 35.461848 ], [ -86.245973, 35.461742 ], [ -86.245963, 35.461707 ], [ -86.245933, 35.46164 ], [ -86.245865, 35.461548 ], [ -86.245762, 35.461433 ], [ -86.245714, 35.461333 ], [ -86.245654, 35.461184 ], [ -86.245592, 35.461028 ], [ -86.245488, 35.460832 ], [ -86.245431, 35.460707 ], [ -86.245413, 35.460671 ], [ -86.245394, 35.460626 ], [ -86.245284, 35.460445 ], [ -86.245253, 35.460378 ], [ -86.245214, 35.460315 ], [ -86.245202, 35.460296 ], [ -86.24519, 35.460262 ], [ -86.245139, 35.460164 ], [ -86.2451, 35.4601 ], [ -86.245038, 35.459967 ], [ -86.244927, 35.459774 ], [ -86.244844, 35.459648 ], [ -86.244726, 35.459459 ], [ -86.244695, 35.459394 ], [ -86.244589, 35.459239 ], [ -86.244573, 35.459207 ], [ -86.24446, 35.459053 ], [ -86.24435, 35.458903 ], [ -86.244332, 35.45887 ], [ -86.244286, 35.458809 ], [ -86.244216, 35.45872 ], [ -86.244169, 35.458666 ], [ -86.244099, 35.45871 ], [ -86.243999, 35.458765 ], [ -86.24384, 35.458827 ], [ -86.243758, 35.458866 ], [ -86.243641, 35.458932 ], [ -86.243438, 35.459046 ], [ -86.243221, 35.459153 ], [ -86.243087, 35.459227 ], [ -86.242835, 35.459338 ], [ -86.242652, 35.459431 ], [ -86.242463, 35.459514 ], [ -86.2424, 35.459559 ], [ -86.242381, 35.459569 ], [ -86.242379, 35.459546 ], [ -86.242247, 35.459138 ], [ -86.241856, 35.457922 ], [ -86.24179, 35.457719 ], [ -86.241739, 35.457516 ], [ -86.241693, 35.457334 ], [ -86.241637, 35.457286 ], [ -86.241525, 35.457189 ], [ -86.241289, 35.456979 ], [ -86.241013, 35.456822 ], [ -86.240865, 35.456737 ], [ -86.240778, 35.456756 ], [ -86.240391, 35.456842 ], [ -86.23976, 35.456164 ], [ -86.239627, 35.456061 ], [ -86.239396, 35.455882 ], [ -86.238922, 35.455729 ], [ -86.23837, 35.455696 ], [ -86.237779, 35.455591 ], [ -86.237374, 35.455413 ], [ -86.236714, 35.455034 ], [ -86.235994, 35.454502 ], [ -86.235734, 35.454162 ], [ -86.235649, 35.45405 ], [ -86.235097, 35.453614 ], [ -86.234529, 35.453308 ], [ -86.234538, 35.453117 ], [ -86.234545, 35.452985 ], [ -86.234575, 35.45276 ], [ -86.234673, 35.45257 ], [ -86.234762, 35.452401 ], [ -86.23484, 35.452235 ], [ -86.235057, 35.451961 ], [ -86.237266, 35.452003 ], [ -86.237517, 35.450344 ], [ -86.237789, 35.448553 ], [ -86.246613, 35.449195 ], [ -86.246936, 35.446618 ], [ -86.247464, 35.442416 ], [ -86.247473, 35.442324 ], [ -86.247483, 35.442234 ], [ -86.247622, 35.441181 ], [ -86.247628, 35.441112 ], [ -86.247687, 35.440655 ], [ -86.247757, 35.440095 ], [ -86.24814, 35.437162 ], [ -86.248155, 35.43705 ], [ -86.249512, 35.426684 ], [ -86.249601, 35.426008 ], [ -86.249856, 35.42318 ], [ -86.249857, 35.423156 ], [ -86.249864, 35.423086 ], [ -86.249867, 35.423063 ], [ -86.24989, 35.4228 ], [ -86.249962, 35.422014 ], [ -86.249986, 35.421752 ], [ -86.249991, 35.421715 ], [ -86.249993, 35.421689 ], [ -86.249993, 35.420983 ], [ -86.250042, 35.420263 ], [ -86.250338, 35.415921 ], [ -86.250438, 35.414474 ], [ -86.250443, 35.414406 ], [ -86.250533, 35.413389 ], [ -86.25055, 35.413202 ], [ -86.253612, 35.412881 ], [ -86.254676, 35.41277 ], [ -86.254698, 35.412771 ], [ -86.255274, 35.412707 ], [ -86.255659, 35.412667 ], [ -86.257011, 35.412533 ], [ -86.25759, 35.412476 ], [ -86.257649, 35.412231 ], [ -86.257828, 35.411501 ], [ -86.257865, 35.411351 ], [ -86.257888, 35.41125 ], [ -86.25795, 35.410961 ], [ -86.258144, 35.410072 ], [ -86.258209, 35.409777 ], [ -86.258272, 35.409486 ], [ -86.258354, 35.409107 ], [ -86.258036, 35.409103 ], [ -86.257927, 35.4091 ], [ -86.256417, 35.409086 ], [ -86.256013, 35.409082 ], [ -86.251504, 35.409038 ], [ -86.251553, 35.407482 ], [ -86.251568, 35.407027 ], [ -86.251615, 35.405462 ], [ -86.251624, 35.405162 ], [ -86.251651, 35.404261 ], [ -86.25166, 35.403962 ], [ -86.251662, 35.403878 ], [ -86.251669, 35.403627 ], [ -86.251672, 35.403544 ], [ -86.251673, 35.403511 ], [ -86.251676, 35.403422 ], [ -86.251677, 35.403373 ], [ -86.251696, 35.403373 ], [ -86.252266, 35.403402 ], [ -86.252457, 35.403412 ], [ -86.253324, 35.403454 ], [ -86.25593, 35.403578 ], [ -86.256663, 35.403614 ], [ -86.25676, 35.403619 ], [ -86.256796, 35.403621 ], [ -86.256836, 35.403623 ], [ -86.256948, 35.403629 ], [ -86.256985, 35.403631 ], [ -86.257119, 35.403638 ], [ -86.257521, 35.403659 ], [ -86.257656, 35.403667 ], [ -86.257894, 35.40368 ], [ -86.258608, 35.403719 ], [ -86.258847, 35.403732 ], [ -86.258843, 35.403777 ], [ -86.258833, 35.403913 ], [ -86.25883, 35.403959 ], [ -86.258828, 35.403979 ], [ -86.258823, 35.404043 ], [ -86.258822, 35.404064 ], [ -86.258818, 35.404104 ], [ -86.258799, 35.404223 ], [ -86.258806, 35.404267 ], [ -86.260005, 35.404297 ], [ -86.260859, 35.40432 ], [ -86.260936, 35.401574 ], [ -86.260962, 35.400686 ], [ -86.260971, 35.400375 ], [ -86.261045, 35.39779 ], [ -86.261303, 35.397797 ], [ -86.267252, 35.397978 ], [ -86.269222, 35.396306 ], [ -86.270312, 35.39538 ], [ -86.271392, 35.394466 ], [ -86.271884, 35.394054 ], [ -86.273208, 35.392951 ], [ -86.273365, 35.392822 ], [ -86.273787, 35.392472 ], [ -86.27386, 35.392412 ], [ -86.276893, 35.389921 ], [ -86.279905, 35.387452 ], [ -86.277298, 35.387258 ], [ -86.274321, 35.387035 ], [ -86.272045, 35.386866 ], [ -86.271742, 35.386843 ], [ -86.270699, 35.386766 ], [ -86.269092, 35.386647 ], [ -86.268669, 35.386615 ], [ -86.268132, 35.386576 ], [ -86.266684, 35.386467 ], [ -86.263675, 35.386243 ], [ -86.263458, 35.386227 ], [ -86.263307, 35.385686 ], [ -86.262748, 35.385665 ], [ -86.261297, 35.385612 ], [ -86.260267, 35.385574 ], [ -86.257178, 35.38546 ], [ -86.256149, 35.385423 ], [ -86.255389, 35.385389 ], [ -86.253335, 35.385299 ], [ -86.253361, 35.385076 ], [ -86.253451, 35.384321 ], [ -86.253453, 35.384284 ], [ -86.253456, 35.384222 ], [ -86.253473, 35.383927 ], [ -86.253479, 35.383829 ], [ -86.253551, 35.382579 ], [ -86.253682, 35.380351 ], [ -86.255201, 35.380456 ], [ -86.25645, 35.380543 ], [ -86.25684, 35.380618 ], [ -86.257141, 35.380677 ], [ -86.257128, 35.379788 ], [ -86.257123, 35.379391 ], [ -86.257181, 35.378966 ], [ -86.257355, 35.377691 ], [ -86.257413, 35.377266 ], [ -86.257472, 35.376828 ], [ -86.257651, 35.375515 ], [ -86.257712, 35.375078 ], [ -86.257696, 35.374996 ], [ -86.257651, 35.37475 ], [ -86.257636, 35.374668 ], [ -86.257624, 35.374605 ], [ -86.257589, 35.374419 ], [ -86.257578, 35.374357 ], [ -86.257558, 35.374251 ], [ -86.257499, 35.373936 ], [ -86.25748, 35.373831 ], [ -86.257448, 35.373667 ], [ -86.257357, 35.373178 ], [ -86.257354, 35.37316 ], [ -86.257364, 35.373014 ], [ -86.257389, 35.372586 ], [ -86.257464, 35.371304 ], [ -86.257491, 35.370878 ], [ -86.257651, 35.370917 ], [ -86.258131, 35.371037 ], [ -86.258291, 35.371078 ], [ -86.261511, 35.371317 ], [ -86.271171, 35.372037 ], [ -86.274391, 35.372278 ], [ -86.27441, 35.372168 ], [ -86.274468, 35.371838 ], [ -86.27448, 35.371774 ], [ -86.274488, 35.371728 ], [ -86.274608, 35.371045 ], [ -86.274691, 35.370578 ], [ -86.273084, 35.370578 ], [ -86.272391, 35.370578 ], [ -86.2725, 35.369811 ], [ -86.272828, 35.36751 ], [ -86.272909, 35.366951 ], [ -86.272939, 35.366744 ], [ -86.272991, 35.366378 ], [ -86.271086, 35.366256 ], [ -86.264264, 35.365822 ], [ -86.261991, 35.365678 ], [ -86.262031, 35.365238 ], [ -86.262151, 35.363918 ], [ -86.262191, 35.363478 ], [ -86.261938, 35.363102 ], [ -86.261181, 35.361977 ], [ -86.260987, 35.361688 ], [ -86.260929, 35.361602 ], [ -86.260874, 35.361519 ], [ -86.260709, 35.361273 ], [ -86.260654, 35.361192 ], [ -86.259469, 35.359432 ], [ -86.25849, 35.357976 ], [ -86.253901, 35.357566 ], [ -86.25179, 35.357379 ], [ -86.251824, 35.357138 ], [ -86.25189, 35.356679 ], [ -86.251625, 35.356664 ], [ -86.251383, 35.356652 ], [ -86.250457, 35.356603 ], [ -86.24999, 35.356579 ], [ -86.248867, 35.35648 ], [ -86.247687, 35.356376 ], [ -86.246765, 35.356296 ], [ -86.24627, 35.356252 ], [ -86.244785, 35.356122 ], [ -86.24429, 35.356079 ], [ -86.244437, 35.354913 ], [ -86.244878, 35.351417 ], [ -86.245026, 35.350252 ], [ -86.245098, 35.349677 ], [ -86.245316, 35.347953 ], [ -86.24539, 35.347379 ], [ -86.248602, 35.346174 ], [ -86.24999, 35.345655 ], [ -86.258088, 35.342184 ], [ -86.260839, 35.341006 ], [ -86.26124, 35.340829 ], [ -86.262328, 35.340347 ], [ -86.262588, 35.340233 ], [ -86.26383, 35.339684 ], [ -86.264674, 35.339311 ], [ -86.265479, 35.338955 ], [ -86.265594, 35.338903 ], [ -86.265943, 35.33875 ], [ -86.266237, 35.33862 ], [ -86.266376, 35.338564 ], [ -86.266279, 35.33829 ], [ -86.266264, 35.338245 ], [ -86.266249, 35.338205 ], [ -86.265695, 35.337194 ], [ -86.26459, 35.335179 ], [ -86.263446, 35.334589 ], [ -86.262385, 35.334041 ], [ -86.262205, 35.333948 ], [ -86.261668, 35.333671 ], [ -86.261489, 35.333579 ], [ -86.261491, 35.333563 ], [ -86.261496, 35.333515 ], [ -86.261499, 35.3335 ], [ -86.261622, 35.331229 ], [ -86.261684, 35.330107 ], [ -86.260235, 35.32892 ], [ -86.260235, 35.327647 ], [ -86.257683, 35.327722 ], [ -86.25541, 35.327789 ], [ -86.255366, 35.327747 ], [ -86.255234, 35.327621 ], [ -86.25519, 35.327579 ], [ -86.255068, 35.327511 ], [ -86.254702, 35.327307 ], [ -86.254589, 35.327227 ], [ -86.254349, 35.327071 ], [ -86.253632, 35.326603 ], [ -86.253394, 35.326448 ], [ -86.25337, 35.326433 ], [ -86.253299, 35.32639 ], [ -86.253276, 35.326376 ], [ -86.253134, 35.32629 ], [ -86.253098, 35.326268 ], [ -86.252689, 35.326073 ], [ -86.25259, 35.326026 ], [ -86.25254, 35.326002 ], [ -86.252021, 35.325749 ], [ -86.251707, 35.325597 ], [ -86.250997, 35.325202 ], [ -86.250504, 35.32492 ], [ -86.250152, 35.324719 ], [ -86.249988, 35.324672 ], [ -86.249897, 35.324646 ], [ -86.249658, 35.324579 ], [ -86.249624, 35.324576 ], [ -86.249531, 35.324569 ], [ -86.249073, 35.324531 ], [ -86.248858, 35.324506 ], [ -86.248623, 35.324479 ], [ -86.246843, 35.324305 ], [ -86.246171, 35.32424 ], [ -86.246035, 35.324213 ], [ -86.245888, 35.324192 ], [ -86.245519, 35.324139 ], [ -86.245383, 35.324108 ], [ -86.245315, 35.324051 ], [ -86.245284, 35.32392 ], [ -86.245287, 35.323796 ], [ -86.245289, 35.323737 ], [ -86.245323, 35.323513 ], [ -86.245721, 35.320901 ], [ -86.246161, 35.318142 ], [ -86.246147, 35.318018 ], [ -86.246123, 35.317903 ], [ -86.246092, 35.317817 ], [ -86.245717, 35.317017 ], [ -86.245243, 35.315955 ], [ -86.245204, 35.315877 ], [ -86.244723, 35.314877 ], [ -86.24999, 35.31503 ], [ -86.251885, 35.315151 ], [ -86.252433, 35.310986 ], [ -86.252578, 35.309885 ], [ -86.252607, 35.309671 ], [ -86.253296, 35.309603 ], [ -86.253635, 35.307205 ], [ -86.253792, 35.306098 ], [ -86.25375, 35.306104 ], [ -86.253142, 35.30606 ], [ -86.251886, 35.305969 ], [ -86.25132, 35.305932 ], [ -86.251218, 35.305926 ], [ -86.250713, 35.305884 ], [ -86.250991, 35.305268 ], [ -86.251056, 35.305127 ], [ -86.251536, 35.303966 ], [ -86.25181, 35.303416 ], [ -86.252008, 35.303022 ], [ -86.252117, 35.302815 ], [ -86.252331, 35.302408 ], [ -86.252781, 35.301559 ], [ -86.252981, 35.301192 ], [ -86.253125, 35.300927 ], [ -86.253202, 35.300789 ], [ -86.253777, 35.299826 ], [ -86.254137, 35.299225 ], [ -86.254269, 35.298996 ], [ -86.254582, 35.298405 ], [ -86.254651, 35.298275 ], [ -86.255195, 35.2973 ], [ -86.255417, 35.296891 ], [ -86.25551, 35.296721 ], [ -86.255564, 35.296567 ], [ -86.255762, 35.295829 ], [ -86.256203, 35.295863 ], [ -86.256359, 35.295876 ], [ -86.257526, 35.295981 ], [ -86.257968, 35.296022 ], [ -86.258059, 35.29603 ], [ -86.258497, 35.296079 ], [ -86.260084, 35.296258 ], [ -86.260614, 35.296318 ], [ -86.260789, 35.296334 ], [ -86.260818, 35.296337 ], [ -86.261144, 35.296368 ], [ -86.261314, 35.296348 ], [ -86.261382, 35.296341 ], [ -86.261488, 35.296323 ], [ -86.261506, 35.296319 ], [ -86.26156, 35.296309 ], [ -86.261579, 35.296307 ], [ -86.261597, 35.296753 ], [ -86.26163, 35.297514 ], [ -86.262208, 35.297532 ], [ -86.262655, 35.297547 ], [ -86.264365, 35.297602 ], [ -86.266245, 35.297663 ], [ -86.265961, 35.294421 ], [ -86.265813, 35.292717 ], [ -86.265798, 35.292545 ], [ -86.265782, 35.292318 ], [ -86.265772, 35.292032 ], [ -86.265769, 35.291863 ], [ -86.265763, 35.29185 ], [ -86.265754, 35.29182 ], [ -86.265722, 35.291715 ], [ -86.26571, 35.291642 ], [ -86.265716, 35.291556 ], [ -86.265731, 35.291481 ], [ -86.265765, 35.291254 ], [ -86.265761, 35.291227 ], [ -86.265786, 35.291193 ], [ -86.265786, 35.291138 ], [ -86.265839, 35.290871 ], [ -86.265902, 35.290664 ], [ -86.266002, 35.290397 ], [ -86.266015, 35.290305 ], [ -86.266028, 35.290274 ], [ -86.266036, 35.290233 ], [ -86.266077, 35.290173 ], [ -86.266088, 35.290158 ], [ -86.266147, 35.290096 ], [ -86.266172, 35.290076 ], [ -86.26628, 35.290021 ], [ -86.266348, 35.290002 ], [ -86.266448, 35.289982 ], [ -86.266549, 35.289982 ], [ -86.266573, 35.289987 ], [ -86.266723, 35.288906 ], [ -86.267165, 35.28571 ], [ -86.267892, 35.285761 ], [ -86.27341, 35.286137 ], [ -86.273919, 35.281721 ], [ -86.273948, 35.280561 ], [ -86.274107, 35.280478 ], [ -86.274144, 35.280459 ], [ -86.275206, 35.280233 ], [ -86.275241, 35.280226 ], [ -86.275665, 35.28009 ], [ -86.276051, 35.279921 ], [ -86.27617, 35.27968 ], [ -86.276221, 35.27927 ], [ -86.276331, 35.278811 ], [ -86.276343, 35.278304 ], [ -86.276237, 35.277949 ], [ -86.276168, 35.277717 ], [ -86.275824, 35.277434 ], [ -86.275567, 35.277539 ], [ -86.275081, 35.27827 ], [ -86.274931, 35.278254 ], [ -86.274532, 35.278217 ], [ -86.27409, 35.278176 ], [ -86.272921, 35.278181 ], [ -86.272551, 35.27818 ], [ -86.27189, 35.278181 ], [ -86.271745, 35.278181 ], [ -86.27139, 35.278181 ], [ -86.271334, 35.278195 ], [ -86.27099, 35.278281 ], [ -86.27069, 35.277981 ], [ -86.27022, 35.277749 ], [ -86.27009, 35.277681 ], [ -86.269831, 35.277655 ], [ -86.26909, 35.277581 ], [ -86.268517, 35.277253 ], [ -86.26839, 35.277181 ], [ -86.26749, 35.276681 ], [ -86.267497, 35.27662 ], [ -86.267502, 35.276575 ], [ -86.267539, 35.276258 ], [ -86.267552, 35.276153 ], [ -86.267565, 35.276037 ], [ -86.267605, 35.27569 ], [ -86.267619, 35.275575 ], [ -86.267629, 35.275488 ], [ -86.26766, 35.275226 ], [ -86.267671, 35.27514 ], [ -86.267693, 35.274953 ], [ -86.267759, 35.274392 ], [ -86.267781, 35.274205 ], [ -86.267922, 35.273001 ], [ -86.26809, 35.271581 ], [ -86.270155, 35.272349 ], [ -86.271291, 35.272772 ], [ -86.27151, 35.272853 ], [ -86.27217, 35.273099 ], [ -86.272351, 35.273167 ], [ -86.27239, 35.273181 ], [ -86.273337, 35.272892 ], [ -86.27469, 35.272481 ], [ -86.27579, 35.272281 ], [ -86.276227, 35.272281 ], [ -86.277218, 35.272281 ], [ -86.27739, 35.272281 ], [ -86.277864, 35.272281 ], [ -86.27849, 35.272281 ], [ -86.2786, 35.272312 ], [ -86.27919, 35.272481 ], [ -86.279332, 35.271912 ], [ -86.279489, 35.271285 ], [ -86.279513, 35.271215 ], [ -86.279517, 35.271202 ], [ -86.279538, 35.271137 ], [ -86.27959, 35.270981 ], [ -86.279617, 35.270971 ], [ -86.2797, 35.270944 ], [ -86.27989, 35.270881 ], [ -86.28009, 35.270781 ], [ -86.28019, 35.270781 ], [ -86.280398, 35.270711 ], [ -86.28049, 35.270681 ], [ -86.27999, 35.268781 ], [ -86.280159, 35.268762 ], [ -86.280898, 35.268676 ], [ -86.281252, 35.268463 ], [ -86.28139, 35.268381 ], [ -86.28179, 35.268181 ], [ -86.28229, 35.267881 ], [ -86.282338, 35.267884 ], [ -86.282751, 35.26791 ], [ -86.283741, 35.267971 ], [ -86.28389, 35.267981 ], [ -86.28409, 35.265481 ], [ -86.284007, 35.265171 ], [ -86.283752, 35.264212 ], [ -86.283699, 35.264014 ], [ -86.28369, 35.263981 ], [ -86.283533, 35.263943 ], [ -86.282519, 35.263694 ], [ -86.282128, 35.263599 ], [ -86.281906, 35.263557 ], [ -86.278231, 35.263108 ], [ -86.27719, 35.262981 ], [ -86.277259, 35.262592 ], [ -86.277272, 35.262506 ], [ -86.277313, 35.262251 ], [ -86.277327, 35.262166 ], [ -86.277376, 35.261842 ], [ -86.277386, 35.261783 ], [ -86.277566, 35.260636 ], [ -86.277627, 35.260254 ], [ -86.277667, 35.260263 ], [ -86.277789, 35.260291 ], [ -86.27783, 35.260301 ], [ -86.277913, 35.26032 ], [ -86.278164, 35.260377 ], [ -86.278248, 35.260397 ], [ -86.278332, 35.260416 ], [ -86.27866, 35.260457 ], [ -86.278947, 35.260478 ], [ -86.279231, 35.260499 ], [ -86.280005, 35.260675 ], [ -86.28099, 35.261002 ], [ -86.28149, 35.261168 ], [ -86.281662, 35.261217 ], [ -86.281742, 35.26124 ], [ -86.281913, 35.261275 ], [ -86.281943, 35.261281 ], [ -86.282635, 35.261374 ], [ -86.282682, 35.261381 ], [ -86.282937, 35.261425 ], [ -86.283002, 35.261436 ], [ -86.283197, 35.261469 ], [ -86.283263, 35.26148 ], [ -86.283279, 35.261422 ], [ -86.283296, 35.26136 ], [ -86.283402, 35.260975 ], [ -86.283437, 35.26085 ], [ -86.283507, 35.260596 ], [ -86.283719, 35.259834 ], [ -86.28379, 35.259581 ], [ -86.284359, 35.259597 ], [ -86.286067, 35.259647 ], [ -86.286637, 35.259664 ], [ -86.28719, 35.259681 ], [ -86.287258, 35.257793 ], [ -86.28726, 35.257727 ], [ -86.287263, 35.257651 ], [ -86.28729, 35.256881 ], [ -86.287086, 35.256865 ], [ -86.286476, 35.256818 ], [ -86.286357, 35.256809 ], [ -86.286273, 35.256803 ], [ -86.285708, 35.256362 ], [ -86.285668, 35.256301 ], [ -86.285359, 35.255819 ], [ -86.284773, 35.255315 ], [ -86.284206, 35.254932 ], [ -86.283944, 35.25472 ], [ -86.28365, 35.254484 ], [ -86.283818, 35.254419 ], [ -86.283936, 35.254373 ], [ -86.283946, 35.254269 ], [ -86.283902, 35.254223 ], [ -86.28319, 35.25411 ], [ -86.283065, 35.254103 ], [ -86.282866, 35.254092 ], [ -86.282689, 35.254083 ], [ -86.282603, 35.254083 ], [ -86.282334, 35.254081 ], [ -86.282227, 35.253991 ], [ -86.282003, 35.253747 ], [ -86.28182, 35.253382 ], [ -86.281694, 35.253139 ], [ -86.281725, 35.252986 ], [ -86.281756, 35.252699 ], [ -86.281757, 35.252687 ], [ -86.281128, 35.252684 ], [ -86.280604, 35.252931 ], [ -86.279911, 35.253395 ], [ -86.279767, 35.253375 ], [ -86.279633, 35.253341 ], [ -86.279424, 35.253288 ], [ -86.278797, 35.253132 ], [ -86.27859, 35.253081 ], [ -86.278649, 35.251888 ], [ -86.278739, 35.250081 ], [ -86.279323, 35.248406 ], [ -86.279686, 35.247369 ], [ -86.27971, 35.247277 ], [ -86.279772, 35.247037 ], [ -86.279788, 35.246976 ], [ -86.279867, 35.246675 ], [ -86.279945, 35.246377 ], [ -86.27996, 35.246318 ], [ -86.280023, 35.246079 ], [ -86.280308, 35.245023 ], [ -86.281164, 35.241858 ], [ -86.281191, 35.241761 ], [ -86.282178, 35.24186 ], [ -86.282294, 35.241871 ], [ -86.283609, 35.241977 ], [ -86.284354, 35.242037 ], [ -86.285098, 35.242098 ], [ -86.28569, 35.242181 ], [ -86.285777, 35.241897 ], [ -86.286437, 35.239687 ], [ -86.286676, 35.238962 ], [ -86.286188, 35.238151 ], [ -86.285934, 35.237729 ], [ -86.28568, 35.237307 ], [ -86.286927, 35.237779 ], [ -86.288684, 35.238445 ], [ -86.29037, 35.23881 ], [ -86.290742, 35.238673 ], [ -86.291994, 35.238213 ], [ -86.292049, 35.238194 ], [ -86.292774, 35.23788 ], [ -86.295113, 35.23687 ], [ -86.295893, 35.236534 ], [ -86.296012, 35.236482 ], [ -86.296371, 35.236327 ], [ -86.296491, 35.236276 ], [ -86.29665, 35.236206 ], [ -86.297131, 35.235996 ], [ -86.297291, 35.235927 ], [ -86.297904, 35.235595 ], [ -86.297599, 35.235335 ], [ -86.2951, 35.233199 ], [ -86.295744, 35.232311 ], [ -86.295765, 35.232282 ], [ -86.295827, 35.231677 ], [ -86.29602, 35.231854 ], [ -86.29785, 35.233531 ], [ -86.298756, 35.234 ], [ -86.299802, 35.2344 ], [ -86.29987, 35.234426 ], [ -86.300068, 35.234502 ], [ -86.301597, 35.235241 ], [ -86.302336, 35.235238 ], [ -86.302992, 35.234993 ], [ -86.303055, 35.234837 ], [ -86.303112, 35.234693 ], [ -86.304903, 35.232179 ], [ -86.305272, 35.232076 ], [ -86.306042, 35.231227 ], [ -86.306076, 35.231178 ], [ -86.306006, 35.231156 ], [ -86.305856, 35.23111 ], [ -86.305796, 35.231102 ], [ -86.305724, 35.231093 ], [ -86.305418, 35.231054 ], [ -86.30534, 35.231045 ], [ -86.304496, 35.231001 ], [ -86.304293, 35.230991 ], [ -86.304193, 35.230964 ], [ -86.304166, 35.230952 ], [ -86.304102, 35.230925 ], [ -86.304094, 35.230915 ], [ -86.302434, 35.231175 ], [ -86.302147, 35.231311 ], [ -86.300977, 35.231109 ], [ -86.299283, 35.230832 ], [ -86.299791, 35.226847 ], [ -86.299861, 35.226306 ], [ -86.299118, 35.226177 ], [ -86.298857, 35.225286 ], [ -86.298711, 35.224787 ], [ -86.298274, 35.223293 ], [ -86.298158, 35.222896 ], [ -86.298086, 35.222819 ], [ -86.29798, 35.222707 ], [ -86.297664, 35.222371 ], [ -86.297559, 35.222259 ], [ -86.297531, 35.222229 ], [ -86.297523, 35.22222 ], [ -86.297499, 35.2222 ], [ -86.297492, 35.222187 ], [ -86.297511, 35.222187 ], [ -86.29757, 35.222188 ], [ -86.29759, 35.222189 ], [ -86.297764, 35.222193 ], [ -86.298288, 35.222206 ], [ -86.298463, 35.222211 ], [ -86.298525, 35.222212 ], [ -86.298711, 35.222217 ], [ -86.298774, 35.222219 ], [ -86.29882, 35.22222 ], [ -86.298862, 35.222221 ], [ -86.300452, 35.22226 ], [ -86.305223, 35.222378 ], [ -86.306814, 35.222418 ], [ -86.307117, 35.222417 ], [ -86.308028, 35.222413 ], [ -86.308332, 35.222413 ], [ -86.308329, 35.222327 ], [ -86.308322, 35.222072 ], [ -86.30832, 35.221987 ], [ -86.308533, 35.221937 ], [ -86.308538, 35.221745 ], [ -86.308574, 35.220516 ], [ -86.308586, 35.220107 ], [ -86.309425, 35.219459 ], [ -86.309601, 35.219324 ], [ -86.310286, 35.219801 ], [ -86.312412, 35.21981 ], [ -86.312639, 35.219811 ], [ -86.313413, 35.219815 ], [ -86.313781, 35.219816 ], [ -86.314705, 35.21982 ], [ -86.315014, 35.219822 ], [ -86.315141, 35.219823 ], [ -86.315259, 35.219816 ], [ -86.315995, 35.219778 ], [ -86.316233, 35.219773 ], [ -86.316224, 35.219745 ], [ -86.316186, 35.219699 ], [ -86.316053, 35.219534 ], [ -86.315494, 35.218837 ], [ -86.315481, 35.218821 ], [ -86.315396, 35.218693 ], [ -86.31533, 35.218589 ], [ -86.315236, 35.218413 ], [ -86.31521, 35.218361 ], [ -86.315175, 35.218262 ], [ -86.315075, 35.217594 ], [ -86.315024, 35.217249 ], [ -86.314681, 35.215299 ], [ -86.309924, 35.215311 ], [ -86.310071, 35.217044 ], [ -86.308369, 35.217032 ], [ -86.30832, 35.217311 ], [ -86.307724, 35.217335 ], [ -86.307643, 35.217606 ], [ -86.307606, 35.217604 ], [ -86.307264, 35.217584 ], [ -86.305426, 35.21748 ], [ -86.305135, 35.216872 ], [ -86.303876, 35.216901 ], [ -86.302619, 35.216931 ], [ -86.302492, 35.216933 ], [ -86.302111, 35.216943 ], [ -86.301985, 35.216946 ], [ -86.301606, 35.216955 ], [ -86.300116, 35.217158 ], [ -86.299309, 35.217269 ], [ -86.298286, 35.217781 ], [ -86.297056, 35.218024 ], [ -86.295907, 35.218062 ], [ -86.296127, 35.216796 ], [ -86.296185, 35.216469 ], [ -86.294638, 35.216379 ], [ -86.294662, 35.216338 ], [ -86.294728, 35.216212 ], [ -86.29475, 35.216171 ], [ -86.294791, 35.216091 ], [ -86.294915, 35.215853 ], [ -86.294957, 35.215774 ], [ -86.294969, 35.215705 ], [ -86.295009, 35.2155 ], [ -86.295022, 35.215432 ], [ -86.295311, 35.214579 ], [ -86.295376, 35.214237 ], [ -86.295402, 35.213774 ], [ -86.295404, 35.21375 ], [ -86.295432, 35.21296 ], [ -86.295423, 35.212381 ], [ -86.295041, 35.211164 ], [ -86.294156, 35.209688 ], [ -86.294007, 35.209353 ], [ -86.293979, 35.209178 ], [ -86.29397, 35.208978 ], [ -86.293964, 35.20881 ], [ -86.293755, 35.20752 ], [ -86.293717, 35.207287 ], [ -86.293821, 35.207287 ], [ -86.294631, 35.207304 ], [ -86.297375, 35.207362 ], [ -86.29829, 35.207382 ], [ -86.29829, 35.205604 ], [ -86.29829, 35.205082 ], [ -86.29839, 35.205082 ], [ -86.29859, 35.205082 ], [ -86.29919, 35.205282 ], [ -86.29989, 35.205482 ], [ -86.30039, 35.205782 ], [ -86.30099, 35.206082 ], [ -86.30139, 35.206282 ], [ -86.30179, 35.206582 ], [ -86.30189, 35.206582 ], [ -86.302438, 35.205936 ], [ -86.30359, 35.204582 ], [ -86.30323, 35.203682 ], [ -86.30215, 35.200981 ], [ -86.30179, 35.200082 ], [ -86.30179, 35.199882 ], [ -86.30179, 35.199563 ], [ -86.30179, 35.199282 ], [ -86.30179, 35.198982 ], [ -86.30179, 35.198782 ], [ -86.30199, 35.198682 ], [ -86.30239, 35.198382 ], [ -86.302431, 35.198354 ], [ -86.302762, 35.198134 ], [ -86.302863, 35.198067 ], [ -86.303096, 35.197911 ], [ -86.30329, 35.197782 ], [ -86.30349, 35.197582 ], [ -86.30369, 35.197382 ], [ -86.30369, 35.197338 ], [ -86.30369, 35.197328 ], [ -86.30369, 35.197282 ], [ -86.30379, 35.197082 ], [ -86.303881, 35.197099 ], [ -86.30473, 35.197261 ], [ -86.30755, 35.197801 ], [ -86.30849, 35.197982 ], [ -86.308597, 35.198003 ], [ -86.30892, 35.198069 ], [ -86.309028, 35.198092 ], [ -86.308965, 35.198038 ], [ -86.308949, 35.198014 ], [ -86.308859, 35.197911 ], [ -86.30881, 35.197849 ], [ -86.30876, 35.197786 ], [ -86.308694, 35.197669 ], [ -86.308644, 35.197545 ], [ -86.308608, 35.197377 ], [ -86.308589, 35.197188 ], [ -86.308599, 35.197099 ], [ -86.308629, 35.196965 ], [ -86.308649, 35.196916 ], [ -86.30871, 35.196769 ], [ -86.308752, 35.196715 ], [ -86.308828, 35.196647 ], [ -86.308853, 35.196613 ], [ -86.30893, 35.196513 ], [ -86.308956, 35.19648 ], [ -86.309121, 35.196532 ], [ -86.309206, 35.196553 ], [ -86.30951, 35.196599 ], [ -86.309775, 35.19661 ], [ -86.309951, 35.196598 ], [ -86.310082, 35.196584 ], [ -86.310213, 35.196565 ], [ -86.310512, 35.196503 ], [ -86.310807, 35.196426 ], [ -86.311012, 35.196362 ], [ -86.311137, 35.196328 ], [ -86.311155, 35.196321 ], [ -86.311299, 35.19627 ], [ -86.311416, 35.196221 ], [ -86.311452, 35.1962 ], [ -86.31155, 35.196129 ], [ -86.31158, 35.196102 ], [ -86.311635, 35.196044 ], [ -86.311687, 35.195989 ], [ -86.311709, 35.195958 ], [ -86.311765, 35.195861 ], [ -86.311795, 35.195794 ], [ -86.311819, 35.195726 ], [ -86.311838, 35.195584 ], [ -86.311832, 35.195513 ], [ -86.311816, 35.195442 ], [ -86.311785, 35.195338 ], [ -86.311745, 35.195237 ], [ -86.311678, 35.195112 ], [ -86.31157, 35.19491 ], [ -86.311507, 35.194816 ], [ -86.311492, 35.194782 ], [ -86.311414, 35.194655 ], [ -86.31137, 35.194593 ], [ -86.311353, 35.19456 ], [ -86.311249, 35.194403 ], [ -86.311131, 35.194212 ], [ -86.310976, 35.193919 ], [ -86.310862, 35.193689 ], [ -86.310842, 35.193657 ], [ -86.310815, 35.193589 ], [ -86.31071, 35.193393 ], [ -86.310658, 35.193336 ], [ -86.310639, 35.193307 ], [ -86.310631, 35.193235 ], [ -86.310611, 35.193129 ], [ -86.310433, 35.192577 ], [ -86.310397, 35.192403 ], [ -86.31039, 35.192381 ], [ -86.310386, 35.192368 ], [ -86.310371, 35.192263 ], [ -86.310371, 35.192228 ], [ -86.310355, 35.192123 ], [ -86.310342, 35.191946 ], [ -86.310333, 35.191911 ], [ -86.310327, 35.19184 ], [ -86.310309, 35.191734 ], [ -86.310234, 35.191492 ], [ -86.310191, 35.191391 ], [ -86.310148, 35.191329 ], [ -86.310112, 35.191263 ], [ -86.309925, 35.19098 ], [ -86.3099, 35.190951 ], [ -86.309729, 35.190701 ], [ -86.309678, 35.190643 ], [ -86.309584, 35.190522 ], [ -86.309399, 35.190323 ], [ -86.309128, 35.190088 ], [ -86.308741, 35.189736 ], [ -86.30865, 35.189658 ], [ -86.308392, 35.189413 ], [ -86.308336, 35.189369 ], [ -86.30814, 35.189213 ], [ -86.308054, 35.189132 ], [ -86.307963, 35.189054 ], [ -86.307822, 35.188917 ], [ -86.307673, 35.188785 ], [ -86.30728, 35.188398 ], [ -86.307052, 35.18818 ], [ -86.306534, 35.187741 ], [ -86.30621, 35.187448 ], [ -86.306075, 35.187307 ], [ -86.306026, 35.187248 ], [ -86.305986, 35.187184 ], [ -86.305952, 35.187118 ], [ -86.305908, 35.187017 ], [ -86.305871, 35.186878 ], [ -86.305855, 35.186772 ], [ -86.305845, 35.186629 ], [ -86.305861, 35.186523 ], [ -86.30588, 35.186454 ], [ -86.305906, 35.186385 ], [ -86.305984, 35.186219 ], [ -86.306059, 35.18609 ], [ -86.306198, 35.185867 ], [ -86.306368, 35.185659 ], [ -86.30675, 35.185269 ], [ -86.306928, 35.185065 ], [ -86.307046, 35.184958 ], [ -86.307353, 35.184753 ], [ -86.307637, 35.184584 ], [ -86.30791, 35.184403 ], [ -86.308132, 35.184229 ], [ -86.308328, 35.184086 ], [ -86.308405, 35.184051 ], [ -86.308565, 35.183991 ], [ -86.308814, 35.183918 ], [ -86.308857, 35.183909 ], [ -86.30898, 35.183871 ], [ -86.3091, 35.183824 ], [ -86.309125, 35.183809 ], [ -86.309173, 35.183784 ], [ -86.309237, 35.183735 ], [ -86.309446, 35.183551 ], [ -86.309539, 35.183475 ], [ -86.309847, 35.183191 ], [ -86.310089, 35.18294 ], [ -86.310189, 35.182822 ], [ -86.31043, 35.182567 ], [ -86.310557, 35.182422 ], [ -86.310762, 35.182234 ], [ -86.310816, 35.182178 ], [ -86.310858, 35.182115 ], [ -86.310955, 35.181916 ], [ -86.310989, 35.181812 ], [ -86.310997, 35.181732 ], [ -86.311001, 35.181706 ], [ -86.311002, 35.181634 ], [ -86.310991, 35.181528 ], [ -86.310982, 35.181494 ], [ -86.310962, 35.181417 ], [ -86.310918, 35.18125 ], [ -86.31089, 35.181182 ], [ -86.3108, 35.18106 ], [ -86.310691, 35.180948 ], [ -86.3106, 35.180871 ], [ -86.310502, 35.180799 ], [ -86.310361, 35.180714 ], [ -86.309991, 35.18052 ], [ -86.309777, 35.180394 ], [ -86.309424, 35.180142 ], [ -86.309413, 35.180134 ], [ -86.309257, 35.180009 ], [ -86.30919, 35.179961 ], [ -86.309087, 35.179895 ], [ -86.30883, 35.179756 ], [ -86.308252, 35.179427 ], [ -86.308104, 35.17935 ], [ -86.307669, 35.179106 ], [ -86.307516, 35.179034 ], [ -86.307396, 35.178988 ], [ -86.307271, 35.178952 ], [ -86.307102, 35.178912 ], [ -86.306979, 35.178872 ], [ -86.306901, 35.178839 ], [ -86.306826, 35.178801 ], [ -86.306794, 35.178777 ], [ -86.306584, 35.178646 ], [ -86.306511, 35.178606 ], [ -86.306203, 35.178467 ], [ -86.305868, 35.178293 ], [ -86.305788, 35.178257 ], [ -86.305669, 35.17821 ], [ -86.305461, 35.178148 ], [ -86.305293, 35.178105 ], [ -86.305253, 35.17809 ], [ -86.305128, 35.178054 ], [ -86.304958, 35.178014 ], [ -86.304572, 35.177936 ], [ -86.304147, 35.177838 ], [ -86.30393, 35.177806 ], [ -86.303783, 35.177798 ], [ -86.303621, 35.17779 ], [ -86.303446, 35.17777 ], [ -86.303271, 35.177745 ], [ -86.302844, 35.177655 ], [ -86.302761, 35.17763 ], [ -86.302675, 35.177612 ], [ -86.302632, 35.177605 ], [ -86.302456, 35.177589 ], [ -86.302326, 35.177568 ], [ -86.30216, 35.177519 ], [ -86.301867, 35.17744 ], [ -86.301765, 35.177419 ], [ -86.30171, 35.177408 ], [ -86.301653, 35.177397 ], [ -86.301544, 35.177387 ], [ -86.301489, 35.177382 ], [ -86.301489, 35.177324 ], [ -86.301489, 35.177274 ], [ -86.301489, 35.177083 ], [ -86.301489, 35.17652 ], [ -86.301489, 35.176483 ], [ -86.301389, 35.175783 ], [ -86.301289, 35.175283 ], [ -86.301089, 35.174883 ], [ -86.300989, 35.174583 ], [ -86.300889, 35.174383 ], [ -86.300889, 35.174283 ], [ -86.300911, 35.17404 ], [ -86.300989, 35.173183 ], [ -86.301949, 35.173223 ], [ -86.304829, 35.173342 ], [ -86.305789, 35.173383 ], [ -86.305703, 35.172878 ], [ -86.305638, 35.172493 ], [ -86.305927, 35.171766 ], [ -86.306288, 35.171787 ], [ -86.306799, 35.171819 ], [ -86.307019, 35.171813 ], [ -86.30768, 35.171797 ], [ -86.307901, 35.171793 ], [ -86.307996, 35.171793 ], [ -86.308035, 35.171794 ], [ -86.308214, 35.171785 ], [ -86.308282, 35.171787 ], [ -86.308319, 35.171789 ], [ -86.308378, 35.171782 ], [ -86.308398, 35.171759 ], [ -86.308461, 35.171691 ], [ -86.308482, 35.171669 ], [ -86.30875, 35.171791 ], [ -86.308871, 35.171836 ], [ -86.308967, 35.171863 ], [ -86.309037, 35.171883 ], [ -86.309212, 35.171905 ], [ -86.3093, 35.171911 ], [ -86.309653, 35.171915 ], [ -86.309828, 35.171923 ], [ -86.309917, 35.171923 ], [ -86.310401, 35.171955 ], [ -86.310531, 35.17197 ], [ -86.310576, 35.171976 ], [ -86.310747, 35.172009 ], [ -86.311042, 35.172086 ], [ -86.311215, 35.172144 ], [ -86.311286, 35.172169 ], [ -86.311578, 35.172252 ], [ -86.311744, 35.172284 ], [ -86.311793, 35.172294 ], [ -86.311925, 35.172314 ], [ -86.312102, 35.172319 ], [ -86.312364, 35.172289 ], [ -86.312531, 35.172242 ], [ -86.312776, 35.172163 ], [ -86.313005, 35.172054 ], [ -86.313122, 35.172005 ], [ -86.313275, 35.171934 ], [ -86.313431, 35.171869 ], [ -86.313584, 35.171799 ], [ -86.313912, 35.171617 ], [ -86.314024, 35.171561 ], [ -86.314111, 35.171505 ], [ -86.314162, 35.171473 ], [ -86.31429, 35.171375 ], [ -86.314409, 35.17127 ], [ -86.314465, 35.171215 ], [ -86.314688, 35.170952 ], [ -86.314942, 35.17062 ], [ -86.315111, 35.170412 ], [ -86.315187, 35.170325 ], [ -86.315272, 35.170243 ], [ -86.315451, 35.170086 ], [ -86.315576, 35.169986 ], [ -86.315723, 35.169852 ], [ -86.315889, 35.169686 ], [ -86.315991, 35.16957 ], [ -86.316177, 35.169372 ], [ -86.316351, 35.169211 ], [ -86.316743, 35.168871 ], [ -86.316937, 35.168633 ], [ -86.317003, 35.168541 ], [ -86.317107, 35.168384 ], [ -86.317279, 35.168105 ], [ -86.317294, 35.168071 ], [ -86.317332, 35.168007 ], [ -86.317674, 35.167352 ], [ -86.317764, 35.167151 ], [ -86.317847, 35.166947 ], [ -86.317991, 35.166536 ], [ -86.318055, 35.166365 ], [ -86.318136, 35.166088 ], [ -86.318209, 35.165886 ], [ -86.318223, 35.165849 ], [ -86.318229, 35.165813 ], [ -86.318276, 35.165677 ], [ -86.318364, 35.165328 ], [ -86.318397, 35.165225 ], [ -86.318462, 35.164982 ], [ -86.318587, 35.16464 ], [ -86.318638, 35.164467 ], [ -86.318691, 35.164331 ], [ -86.31877, 35.16409 ], [ -86.318896, 35.163748 ], [ -86.318916, 35.163678 ], [ -86.318932, 35.16364 ], [ -86.318974, 35.163543 ], [ -86.31901, 35.163469 ], [ -86.319023, 35.163444 ], [ -86.319051, 35.163376 ], [ -86.319171, 35.163146 ], [ -86.319234, 35.163013 ], [ -86.319261, 35.162967 ], [ -86.319272, 35.162949 ], [ -86.319304, 35.162882 ], [ -86.319356, 35.162806 ], [ -86.31947, 35.162316 ], [ -86.319638, 35.16198 ], [ -86.319973, 35.161316 ], [ -86.319973, 35.161245 ], [ -86.319983, 35.161104 ], [ -86.319981, 35.161068 ], [ -86.319899, 35.160817 ], [ -86.319666, 35.160106 ], [ -86.319625, 35.159967 ], [ -86.319603, 35.159862 ], [ -86.319575, 35.159757 ], [ -86.319546, 35.15958 ], [ -86.319529, 35.159492 ], [ -86.31948, 35.159228 ], [ -86.319372, 35.158701 ], [ -86.319364, 35.15863 ], [ -86.319366, 35.158591 ], [ -86.319351, 35.158377 ], [ -86.319354, 35.158128 ], [ -86.319368, 35.15788 ], [ -86.319373, 35.157525 ], [ -86.319409, 35.157099 ], [ -86.319431, 35.156958 ], [ -86.319459, 35.156639 ], [ -86.319466, 35.156613 ], [ -86.319469, 35.156604 ], [ -86.319469, 35.156564 ], [ -86.319491, 35.156388 ], [ -86.3195, 35.156246 ], [ -86.31953, 35.155926 ], [ -86.319542, 35.155892 ], [ -86.319564, 35.155787 ], [ -86.319591, 35.15561 ], [ -86.319642, 35.155587 ], [ -86.319677, 35.155566 ], [ -86.319708, 35.155541 ], [ -86.319768, 35.155445 ], [ -86.319843, 35.155205 ], [ -86.319911, 35.154964 ], [ -86.319881, 35.154859 ], [ -86.319862, 35.154827 ], [ -86.319893, 35.154753 ], [ -86.319967, 35.154548 ], [ -86.319985, 35.154479 ], [ -86.320012, 35.154302 ], [ -86.320025, 35.154126 ], [ -86.320024, 35.154019 ], [ -86.320016, 35.153878 ], [ -86.319986, 35.153701 ], [ -86.319937, 35.153528 ], [ -86.31987, 35.153322 ], [ -86.319823, 35.153223 ], [ -86.319753, 35.153092 ], [ -86.319705, 35.153033 ], [ -86.319643, 35.152939 ], [ -86.319566, 35.152853 ], [ -86.319451, 35.152703 ], [ -86.319353, 35.152587 ], [ -86.319333, 35.152555 ], [ -86.319214, 35.152409 ], [ -86.319196, 35.152376 ], [ -86.319014, 35.152136 ], [ -86.318961, 35.15208 ], [ -86.318887, 35.151992 ], [ -86.318645, 35.15174 ], [ -86.31853, 35.151633 ], [ -86.318379, 35.151506 ], [ -86.318201, 35.15134 ], [ -86.318178, 35.151319 ], [ -86.318082, 35.151247 ], [ -86.318022, 35.151196 ], [ -86.317989, 35.151174 ], [ -86.317691, 35.150917 ], [ -86.3175, 35.15077 ], [ -86.317351, 35.150694 ], [ -86.31728, 35.150652 ], [ -86.317212, 35.150606 ], [ -86.31715, 35.150556 ], [ -86.317051, 35.150439 ], [ -86.316989, 35.150345 ], [ -86.316906, 35.15018 ], [ -86.316827, 35.149977 ], [ -86.316806, 35.149945 ], [ -86.31666, 35.149556 ], [ -86.316639, 35.149486 ], [ -86.316616, 35.149381 ], [ -86.316605, 35.149318 ], [ -86.316586, 35.149205 ], [ -86.316556, 35.149064 ], [ -86.31653, 35.148852 ], [ -86.316528, 35.148709 ], [ -86.316534, 35.148496 ], [ -86.316541, 35.148425 ], [ -86.31654, 35.148369 ], [ -86.316566, 35.148084 ], [ -86.316597, 35.147908 ], [ -86.316608, 35.147586 ], [ -86.316691, 35.147531 ], [ -86.31672, 35.147504 ], [ -86.316743, 35.147473 ], [ -86.316767, 35.147422 ], [ -86.316775, 35.147407 ], [ -86.316779, 35.147372 ], [ -86.316756, 35.147161 ], [ -86.316754, 35.146766 ], [ -86.316753, 35.146636 ], [ -86.316833, 35.14655 ], [ -86.316898, 35.146502 ], [ -86.316935, 35.146484 ], [ -86.317023, 35.146476 ], [ -86.317156, 35.14648 ], [ -86.317375, 35.146504 ], [ -86.317504, 35.146526 ], [ -86.31753, 35.146533 ], [ -86.317799, 35.146603 ], [ -86.317929, 35.146623 ], [ -86.318192, 35.146644 ], [ -86.318634, 35.146667 ], [ -86.318854, 35.146683 ], [ -86.319203, 35.146727 ], [ -86.319378, 35.146744 ], [ -86.319508, 35.146765 ], [ -86.319593, 35.146783 ], [ -86.319715, 35.146825 ], [ -86.319871, 35.146893 ], [ -86.320108, 35.146989 ], [ -86.320189, 35.147017 ], [ -86.320368, 35.14707 ], [ -86.32052, 35.147116 ], [ -86.320647, 35.147147 ], [ -86.320862, 35.147189 ], [ -86.320949, 35.147199 ], [ -86.321319, 35.147255 ], [ -86.321373, 35.147311 ], [ -86.321406, 35.147335 ], [ -86.321552, 35.147415 ], [ -86.32185, 35.147567 ], [ -86.322024, 35.147675 ], [ -86.322169, 35.147757 ], [ -86.322277, 35.147818 ], [ -86.322378, 35.147885 ], [ -86.322441, 35.147934 ], [ -86.322586, 35.148034 ], [ -86.322626, 35.14805 ], [ -86.322788, 35.148167 ], [ -86.32285, 35.148217 ], [ -86.322954, 35.148282 ], [ -86.323425, 35.148542 ], [ -86.323489, 35.14859 ], [ -86.323526, 35.148609 ], [ -86.323695, 35.148721 ], [ -86.323955, 35.148912 ], [ -86.324131, 35.149019 ], [ -86.324274, 35.149074 ], [ -86.324399, 35.149108 ], [ -86.324527, 35.149133 ], [ -86.324614, 35.149145 ], [ -86.324702, 35.149148 ], [ -86.324751, 35.149146 ], [ -86.324832, 35.149144 ], [ -86.324918, 35.149129 ], [ -86.324996, 35.149097 ], [ -86.325062, 35.14905 ], [ -86.325092, 35.149024 ], [ -86.325115, 35.148994 ], [ -86.325165, 35.148895 ], [ -86.325187, 35.14879 ], [ -86.325197, 35.148719 ], [ -86.32522, 35.148613 ], [ -86.325236, 35.14858 ], [ -86.325257, 35.148549 ], [ -86.325328, 35.148467 ], [ -86.32546, 35.148461 ], [ -86.325548, 35.148465 ], [ -86.325765, 35.148492 ], [ -86.325941, 35.148496 ], [ -86.326117, 35.148514 ], [ -86.326159, 35.148525 ], [ -86.326279, 35.14857 ], [ -86.326427, 35.148649 ], [ -86.326743, 35.148842 ], [ -86.326941, 35.148984 ], [ -86.327129, 35.149135 ], [ -86.327268, 35.149235 ], [ -86.327463, 35.149319 ], [ -86.327624, 35.149377 ], [ -86.327792, 35.149421 ], [ -86.327877, 35.149436 ], [ -86.328009, 35.14945 ], [ -86.328184, 35.149438 ], [ -86.328272, 35.149428 ], [ -86.328442, 35.14939 ], [ -86.328724, 35.149313 ], [ -86.328929, 35.149249 ], [ -86.328972, 35.149239 ], [ -86.329094, 35.149198 ], [ -86.329211, 35.149148 ], [ -86.329331, 35.149103 ], [ -86.329714, 35.148926 ], [ -86.329788, 35.148886 ], [ -86.330089, 35.148737 ], [ -86.330166, 35.148703 ], [ -86.330509, 35.148632 ], [ -86.330635, 35.1486 ], [ -86.330797, 35.148543 ], [ -86.330988, 35.148455 ], [ -86.331022, 35.148436 ], [ -86.331135, 35.148376 ], [ -86.331206, 35.148333 ], [ -86.331303, 35.148261 ], [ -86.331371, 35.148216 ], [ -86.331433, 35.148166 ], [ -86.33161, 35.148059 ], [ -86.331794, 35.147962 ], [ -86.331832, 35.147946 ], [ -86.332147, 35.147751 ], [ -86.332281, 35.147659 ], [ -86.332372, 35.147583 ], [ -86.332428, 35.147528 ], [ -86.332608, 35.147372 ], [ -86.333111, 35.146974 ], [ -86.333276, 35.146806 ], [ -86.333354, 35.146698 ], [ -86.333365, 35.146627 ], [ -86.333353, 35.146485 ], [ -86.333344, 35.14645 ], [ -86.333326, 35.146417 ], [ -86.333283, 35.146355 ], [ -86.333234, 35.146296 ], [ -86.333121, 35.146186 ], [ -86.333041, 35.146101 ], [ -86.332753, 35.145743 ], [ -86.332645, 35.145631 ], [ -86.332555, 35.145552 ], [ -86.33243, 35.145452 ], [ -86.332013, 35.145132 ], [ -86.33186, 35.145004 ], [ -86.331542, 35.144756 ], [ -86.331006, 35.144384 ], [ -86.330811, 35.144239 ], [ -86.330655, 35.144114 ], [ -86.330508, 35.143981 ], [ -86.330205, 35.143722 ], [ -86.330012, 35.143575 ], [ -86.329277, 35.14306 ], [ -86.329068, 35.142929 ], [ -86.328571, 35.14263 ], [ -86.3282, 35.142377 ], [ -86.327949, 35.142231 ], [ -86.327774, 35.142121 ], [ -86.327314, 35.141843 ], [ -86.327058, 35.141703 ], [ -86.326952, 35.141639 ], [ -86.326541, 35.14143 ], [ -86.326363, 35.141325 ], [ -86.326108, 35.141183 ], [ -86.325929, 35.141078 ], [ -86.325659, 35.140894 ], [ -86.325397, 35.140703 ], [ -86.324859, 35.140335 ], [ -86.32431, 35.139975 ], [ -86.324016, 35.13976 ], [ -86.323825, 35.139612 ], [ -86.323496, 35.139337 ], [ -86.32332, 35.139177 ], [ -86.323207, 35.139068 ], [ -86.322999, 35.138838 ], [ -86.322894, 35.138681 ], [ -86.322737, 35.138425 ], [ -86.322611, 35.138227 ], [ -86.322594, 35.138194 ], [ -86.322507, 35.13807 ], [ -86.322409, 35.137951 ], [ -86.322109, 35.137643 ], [ -86.322037, 35.137554 ], [ -86.321826, 35.137325 ], [ -86.321766, 35.137273 ], [ -86.321595, 35.137109 ], [ -86.321535, 35.137064 ], [ -86.321399, 35.136965 ], [ -86.321221, 35.136859 ], [ -86.321035, 35.136764 ], [ -86.320687, 35.136608 ], [ -86.320501, 35.136512 ], [ -86.32031, 35.136423 ], [ -86.3201, 35.136367 ], [ -86.319643, 35.136233 ], [ -86.319518, 35.136197 ], [ -86.318927, 35.13605 ], [ -86.318327, 35.135931 ], [ -86.318114, 35.135883 ], [ -86.317551, 35.135792 ], [ -86.317244, 35.135761 ], [ -86.317157, 35.135749 ], [ -86.316849, 35.135724 ], [ -86.316675, 35.135699 ], [ -86.316548, 35.135668 ], [ -86.31634, 35.135609 ], [ -86.31594, 35.135455 ], [ -86.315817, 35.135418 ], [ -86.31569, 35.135391 ], [ -86.315516, 35.135368 ], [ -86.315428, 35.135362 ], [ -86.315403, 35.135362 ], [ -86.315297, 35.135365 ], [ -86.315213, 35.135386 ], [ -86.315169, 35.135391 ], [ -86.31496, 35.135446 ], [ -86.314828, 35.135455 ], [ -86.31474, 35.135455 ], [ -86.314609, 35.135441 ], [ -86.31455, 35.13543 ], [ -86.31448, 35.135418 ], [ -86.314272, 35.135359 ], [ -86.314191, 35.135332 ], [ -86.314071, 35.135287 ], [ -86.313757, 35.13516 ], [ -86.313681, 35.135124 ], [ -86.313601, 35.135093 ], [ -86.313486, 35.135041 ], [ -86.313148, 35.134872 ], [ -86.312969, 35.134769 ], [ -86.312801, 35.134655 ], [ -86.31274, 35.134604 ], [ -86.312691, 35.134545 ], [ -86.312653, 35.13448 ], [ -86.312614, 35.134356 ], [ -86.312615, 35.134321 ], [ -86.312627, 35.13425 ], [ -86.312659, 35.134146 ], [ -86.312677, 35.134108 ], [ -86.312741, 35.133981 ], [ -86.3128, 35.133886 ], [ -86.31294, 35.133705 ], [ -86.31304, 35.133588 ], [ -86.313132, 35.133466 ], [ -86.313158, 35.133437 ], [ -86.313201, 35.133375 ], [ -86.313273, 35.133285 ], [ -86.313356, 35.13316 ], [ -86.313491, 35.132976 ], [ -86.313792, 35.132582 ], [ -86.313939, 35.132362 ], [ -86.314053, 35.132209 ], [ -86.314181, 35.132022 ], [ -86.314258, 35.131894 ], [ -86.314663, 35.131342 ], [ -86.314802, 35.13116 ], [ -86.314976, 35.130953 ], [ -86.31507, 35.130832 ], [ -86.315384, 35.130403 ], [ -86.315626, 35.130063 ], [ -86.315793, 35.129852 ], [ -86.315831, 35.129811 ], [ -86.316027, 35.129573 ], [ -86.316304, 35.129208 ], [ -86.316644, 35.128791 ], [ -86.31672, 35.128692 ], [ -86.316785, 35.12861 ], [ -86.316989, 35.128335 ], [ -86.317152, 35.128123 ], [ -86.317515, 35.127676 ], [ -86.317642, 35.12753 ], [ -86.317662, 35.127498 ], [ -86.31779, 35.127352 ], [ -86.31787, 35.127267 ], [ -86.317934, 35.127173 ], [ -86.317961, 35.127113 ], [ -86.318036, 35.127075 ], [ -86.318168, 35.126986 ], [ -86.318164, 35.126911 ], [ -86.318161, 35.126836 ], [ -86.318094, 35.125313 ], [ -86.318084, 35.125084 ], [ -86.318197, 35.120291 ], [ -86.318237, 35.118618 ], [ -86.318224, 35.117089 ], [ -86.318187, 35.112503 ], [ -86.318175, 35.110975 ], [ -86.318593, 35.111112 ], [ -86.319179, 35.111328 ], [ -86.319344, 35.11139 ], [ -86.319994, 35.111681 ], [ -86.320158, 35.111733 ], [ -86.320327, 35.111761 ], [ -86.320734, 35.111784 ], [ -86.321317, 35.111782 ], [ -86.321727, 35.111778 ], [ -86.321955, 35.111781 ], [ -86.322289, 35.111768 ], [ -86.322337, 35.111767 ], [ -86.322496, 35.111752 ], [ -86.32276, 35.111708 ], [ -86.323016, 35.111632 ], [ -86.323313, 35.111505 ], [ -86.32334, 35.111492 ], [ -86.323425, 35.111453 ], [ -86.323453, 35.111441 ], [ -86.323806, 35.11126 ], [ -86.324066, 35.111129 ], [ -86.324172, 35.111069 ], [ -86.324407, 35.110938 ], [ -86.326, 35.109982 ], [ -86.326261, 35.109831 ], [ -86.326964, 35.109429 ], [ -86.327153, 35.109307 ], [ -86.327239, 35.109226 ], [ -86.327271, 35.109185 ], [ -86.327337, 35.109065 ], [ -86.327394, 35.108877 ], [ -86.32742, 35.108757 ], [ -86.327473, 35.108451 ], [ -86.327508, 35.108253 ], [ -86.327523, 35.108101 ], [ -86.327621, 35.107128 ], [ -86.327681, 35.106648 ], [ -86.327755, 35.106415 ], [ -86.327847, 35.106264 ], [ -86.328004, 35.106076 ], [ -86.328585, 35.105487 ], [ -86.32871, 35.105367 ], [ -86.329551, 35.104566 ], [ -86.329619, 35.1045 ], [ -86.329718, 35.104406 ], [ -86.329821, 35.104303 ], [ -86.329889, 35.104237 ], [ -86.329928, 35.104198 ], [ -86.330048, 35.10408 ], [ -86.330087, 35.104044 ], [ -86.330174, 35.103963 ], [ -86.33022, 35.103921 ], [ -86.330374, 35.103811 ], [ -86.330456, 35.103758 ], [ -86.330569, 35.103698 ], [ -86.330652, 35.103655 ], [ -86.330725, 35.103626 ], [ -86.330866, 35.103598 ], [ -86.33094, 35.103595 ], [ -86.331038, 35.103592 ], [ -86.331081, 35.103591 ], [ -86.331305, 35.103614 ], [ -86.331723, 35.103706 ], [ -86.331811, 35.103726 ], [ -86.331908, 35.103749 ], [ -86.33253, 35.103887 ], [ -86.333211, 35.104031 ], [ -86.333725, 35.104162 ], [ -86.333758, 35.104172 ], [ -86.334423, 35.104382 ], [ -86.334593, 35.104422 ], [ -86.334622, 35.104429 ], [ -86.334876, 35.104455 ], [ -86.335117, 35.104451 ], [ -86.335189, 35.104451 ], [ -86.335291, 35.104429 ], [ -86.335384, 35.104395 ], [ -86.335659, 35.104245 ], [ -86.336039, 35.103996 ], [ -86.336584, 35.103641 ], [ -86.336683, 35.10357 ], [ -86.336986, 35.103328 ], [ -86.337372, 35.102928 ], [ -86.337961, 35.102267 ], [ -86.33823, 35.101967 ], [ -86.338528, 35.101612 ], [ -86.339058, 35.101002 ], [ -86.33932, 35.100706 ], [ -86.339632, 35.100358 ], [ -86.340245, 35.099642 ], [ -86.341629, 35.097932 ], [ -86.341846, 35.097666 ], [ -86.342139, 35.097324 ], [ -86.342425, 35.097031 ], [ -86.342435, 35.09702 ], [ -86.342467, 35.096988 ], [ -86.342478, 35.096978 ], [ -86.342824, 35.09665 ], [ -86.342869, 35.096609 ], [ -86.343348, 35.096207 ], [ -86.34396, 35.095783 ], [ -86.344353, 35.095512 ], [ -86.344716, 35.095264 ], [ -86.345068, 35.095025 ], [ -86.345255, 35.094889 ], [ -86.345806, 35.094524 ], [ -86.346102, 35.094329 ], [ -86.346175, 35.094286 ], [ -86.34662, 35.094024 ], [ -86.347266, 35.093685 ], [ -86.347646, 35.093512 ], [ -86.347699, 35.093489 ], [ -86.348088, 35.093333 ], [ -86.349133, 35.092951 ], [ -86.349515, 35.092767 ], [ -86.350214, 35.092356 ], [ -86.350791, 35.09199 ], [ -86.351337, 35.091615 ], [ -86.351586, 35.09146 ], [ -86.351987, 35.091237 ], [ -86.352046, 35.091201 ], [ -86.352334, 35.091033 ], [ -86.352681, 35.090771 ], [ -86.353349, 35.090174 ], [ -86.35373, 35.089822 ], [ -86.35389, 35.089697 ], [ -86.354043, 35.08958 ], [ -86.354533, 35.089286 ], [ -86.355073, 35.08905 ], [ -86.355378, 35.088944 ], [ -86.355844, 35.088791 ], [ -86.356102, 35.088708 ], [ -86.356379, 35.088641 ], [ -86.356543, 35.088613 ], [ -86.357058, 35.088526 ], [ -86.357339, 35.088485 ], [ -86.357644, 35.088441 ], [ -86.357745, 35.088427 ], [ -86.358034, 35.088392 ], [ -86.358292, 35.088348 ], [ -86.359245, 35.088183 ], [ -86.359728, 35.088101 ], [ -86.359795, 35.08809 ], [ -86.360527, 35.087986 ], [ -86.360826, 35.087893 ], [ -86.360978, 35.087828 ], [ -86.361217, 35.087726 ], [ -86.362045, 35.087326 ], [ -86.362401, 35.087129 ], [ -86.364704, 35.085597 ], [ -86.365051, 35.085318 ], [ -86.36571, 35.084686 ], [ -86.366476, 35.083962 ], [ -86.368873, 35.08174 ], [ -86.3699, 35.080794 ], [ -86.370089, 35.080578 ], [ -86.37019, 35.080409 ], [ -86.370258, 35.080224 ], [ -86.370284, 35.080013 ], [ -86.370307, 35.07657 ], [ -86.370324, 35.076271 ], [ -86.370371, 35.076071 ], [ -86.370463, 35.075866 ], [ -86.370968, 35.075086 ], [ -86.371625, 35.074137 ], [ -86.37273, 35.074742 ], [ -86.374275, 35.07559 ], [ -86.37444, 35.075691 ], [ -86.375836, 35.076457 ], [ -86.37604, 35.076568 ], [ -86.377146, 35.077174 ], [ -86.377734, 35.077496 ], [ -86.379025, 35.078202 ], [ -86.379501, 35.078463 ], [ -86.38009, 35.078787 ], [ -86.381412, 35.079513 ], [ -86.383881, 35.080869 ], [ -86.385579, 35.081801 ], [ -86.387388, 35.082794 ], [ -86.388674, 35.083498 ], [ -86.389786, 35.084111 ], [ -86.390191, 35.084331 ], [ -86.390348, 35.084422 ], [ -86.390676, 35.0846 ], [ -86.391893, 35.085261 ], [ -86.392378, 35.085527 ], [ -86.392496, 35.085592 ], [ -86.392851, 35.085788 ], [ -86.39297, 35.085854 ], [ -86.39301, 35.085876 ], [ -86.393132, 35.085943 ], [ -86.393173, 35.085966 ], [ -86.39329, 35.08603 ], [ -86.393409, 35.086089 ], [ -86.393524, 35.086146 ], [ -86.393945, 35.086353 ], [ -86.394118, 35.086438 ], [ -86.394355, 35.086554 ], [ -86.394581, 35.086726 ], [ -86.394668, 35.086791 ], [ -86.396303, 35.087974 ], [ -86.39791, 35.089144 ], [ -86.399574, 35.090358 ], [ -86.400867, 35.091347 ], [ -86.401814, 35.091975 ], [ -86.402068, 35.092123 ], [ -86.402476, 35.092347 ], [ -86.402766, 35.092503 ], [ -86.403336, 35.092758 ], [ -86.403959, 35.092961 ], [ -86.404785, 35.093209 ], [ -86.405369, 35.093316 ], [ -86.405641, 35.093366 ], [ -86.406197, 35.093434 ], [ -86.407093, 35.093531 ], [ -86.408037, 35.093652 ], [ -86.417218, 35.094557 ], [ -86.417191, 35.093968 ], [ -86.417188, 35.093422 ], [ -86.417188, 35.093234 ], [ -86.417164, 35.092325 ], [ -86.41716, 35.091943 ], [ -86.417159, 35.091558 ], [ -86.417121, 35.090376 ], [ -86.417121, 35.090348 ], [ -86.417093, 35.089942 ], [ -86.416984, 35.089372 ], [ -86.416955, 35.089223 ], [ -86.41687, 35.088778 ], [ -86.416842, 35.08863 ], [ -86.416778, 35.088333 ], [ -86.416747, 35.088184 ], [ -86.416641, 35.087696 ], [ -86.41659, 35.087443 ], [ -86.416587, 35.087424 ], [ -86.416507, 35.087152 ], [ -86.416818, 35.086996 ], [ -86.417107, 35.086852 ], [ -86.41744, 35.086723 ], [ -86.417784, 35.086605 ], [ -86.417853, 35.086582 ], [ -86.418118, 35.086506 ], [ -86.418346, 35.086439 ], [ -86.418387, 35.086428 ], [ -86.418835, 35.086317 ], [ -86.419038, 35.086262 ], [ -86.419268, 35.0862 ], [ -86.419468, 35.086125 ], [ -86.419746, 35.085965 ], [ -86.419995, 35.08579 ], [ -86.420201, 35.085647 ], [ -86.420301, 35.085575 ], [ -86.42066, 35.085318 ], [ -86.421308, 35.084835 ], [ -86.421793, 35.084479 ], [ -86.422028, 35.084309 ], [ -86.422087, 35.084268 ], [ -86.42271, 35.083821 ], [ -86.423019, 35.083602 ], [ -86.423431, 35.083312 ], [ -86.423948, 35.082949 ], [ -86.424175, 35.082791 ], [ -86.424259, 35.082732 ], [ -86.424274, 35.08272 ], [ -86.42432, 35.082688 ], [ -86.424336, 35.082677 ], [ -86.424998, 35.08221 ], [ -86.425223, 35.082052 ], [ -86.425417, 35.081929 ], [ -86.425829, 35.081691 ], [ -86.426251, 35.081484 ], [ -86.426487, 35.081396 ], [ -86.426668, 35.081361 ], [ -86.426984, 35.081335 ], [ -86.427211, 35.081334 ], [ -86.428022, 35.081333 ], [ -86.428163, 35.081332 ], [ -86.428586, 35.08133 ], [ -86.428664, 35.08133 ], [ -86.428727, 35.081328 ], [ -86.428946, 35.081322 ], [ -86.429578, 35.081282 ], [ -86.430087, 35.08125 ], [ -86.430933, 35.081173 ], [ -86.431629, 35.081082 ], [ -86.432117, 35.080995 ], [ -86.432696, 35.080894 ], [ -86.432956, 35.08084 ], [ -86.433118, 35.080805 ], [ -86.433408, 35.08074 ], [ -86.434764, 35.080438 ], [ -86.435216, 35.080338 ], [ -86.435271, 35.080326 ], [ -86.43551, 35.080277 ], [ -86.435598, 35.08026 ], [ -86.436358, 35.080135 ], [ -86.436399, 35.08013 ], [ -86.436699, 35.080102 ], [ -86.43678, 35.080095 ], [ -86.437146, 35.080079 ], [ -86.437267, 35.080074 ], [ -86.438054, 35.080066 ], [ -86.43832, 35.08006 ], [ -86.43849, 35.080059 ], [ -86.438939, 35.080059 ], [ -86.439229, 35.080076 ], [ -86.439527, 35.080109 ], [ -86.440952, 35.080267 ], [ -86.441289, 35.080298 ], [ -86.441696, 35.080337 ], [ -86.441877, 35.08036 ], [ -86.442106, 35.080411 ], [ -86.442485, 35.080495 ], [ -86.442584, 35.08052 ], [ -86.443228, 35.080685 ], [ -86.444692, 35.081063 ], [ -86.444903, 35.081118 ], [ -86.445247, 35.081196 ], [ -86.445396, 35.081241 ], [ -86.445552, 35.081289 ], [ -86.445766, 35.081367 ], [ -86.446871, 35.081768 ], [ -86.44724, 35.081902 ], [ -86.447683, 35.082065 ], [ -86.447899, 35.082145 ], [ -86.449016, 35.082553 ], [ -86.449123, 35.082592 ], [ -86.449258, 35.082654 ], [ -86.44933, 35.082688 ], [ -86.449441, 35.082758 ], [ -86.449555, 35.08283 ], [ -86.449667, 35.082901 ], [ -86.449797, 35.083003 ], [ -86.449882, 35.08307 ], [ -86.449989, 35.083154 ], [ -86.450109, 35.083248 ], [ -86.450298, 35.083397 ], [ -86.450467, 35.083537 ], [ -86.450585, 35.083635 ], [ -86.451203, 35.084147 ], [ -86.451267, 35.084206 ], [ -86.45158, 35.084499 ], [ -86.452263, 35.085163 ], [ -86.452628, 35.085484 ], [ -86.452844, 35.085658 ], [ -86.452969, 35.085741 ], [ -86.453286, 35.085943 ], [ -86.453309, 35.085958 ], [ -86.454037, 35.086422 ], [ -86.454495, 35.086707 ], [ -86.454685, 35.086826 ], [ -86.455017, 35.086994 ], [ -86.455509, 35.087195 ], [ -86.45598, 35.087342 ], [ -86.456332, 35.087453 ], [ -86.456499, 35.087492 ], [ -86.456723, 35.087529 ], [ -86.456893, 35.087547 ], [ -86.457243, 35.087542 ], [ -86.457372, 35.087536 ], [ -86.458883, 35.087393 ], [ -86.458951, 35.087391 ], [ -86.459414, 35.087383 ], [ -86.460178, 35.087399 ], [ -86.460761, 35.087411 ], [ -86.461242, 35.087374 ], [ -86.461526, 35.087343 ], [ -86.462392, 35.087223 ], [ -86.462808, 35.087127 ], [ -86.463112, 35.08703 ], [ -86.464365, 35.086624 ], [ -86.465338, 35.08635 ], [ -86.465788, 35.086268 ], [ -86.46615, 35.086222 ], [ -86.466191, 35.086219 ], [ -86.466607, 35.086198 ], [ -86.467204, 35.086206 ], [ -86.468224, 35.086193 ], [ -86.468551, 35.086167 ], [ -86.468653, 35.086156 ], [ -86.469075, 35.086108 ], [ -86.470345, 35.085965 ], [ -86.470768, 35.085918 ], [ -86.471315, 35.085863 ], [ -86.472601, 35.085737 ], [ -86.472957, 35.08572 ], [ -86.473507, 35.085695 ], [ -86.473703, 35.085018 ], [ -86.473778, 35.084797 ], [ -86.474379, 35.083044 ], [ -86.474471, 35.082727 ], [ -86.474581, 35.082105 ], [ -86.474588, 35.082071 ], [ -86.474735, 35.08118 ], [ -86.474779, 35.080912 ], [ -86.474828, 35.080431 ], [ -86.47484, 35.080325 ], [ -86.474885, 35.080106 ], [ -86.47498, 35.079822 ], [ -86.475102, 35.079569 ], [ -86.475314, 35.079205 ], [ -86.475685, 35.078657 ], [ -86.475835, 35.078447 ], [ -86.47632, 35.077745 ], [ -86.476805, 35.077034 ], [ -86.477042, 35.076698 ], [ -86.477193, 35.076473 ], [ -86.477254, 35.076326 ], [ -86.47739, 35.075843 ], [ -86.477535, 35.07526 ], [ -86.477938, 35.073644 ], [ -86.477983, 35.073461 ], [ -86.47812, 35.072916 ], [ -86.478166, 35.072734 ], [ -86.478214, 35.072543 ], [ -86.478221, 35.072516 ], [ -86.478371, 35.071975 ], [ -86.478413, 35.071828 ], [ -86.478423, 35.071786 ], [ -86.478484, 35.071526 ], [ -86.478605, 35.071021 ], [ -86.478675, 35.07075 ], [ -86.478743, 35.070493 ], [ -86.478818, 35.070204 ], [ -86.479044, 35.069338 ], [ -86.479079, 35.069208 ], [ -86.479119, 35.069049 ], [ -86.479139, 35.068965 ], [ -86.479201, 35.068717 ], [ -86.479222, 35.068634 ], [ -86.479481, 35.067512 ], [ -86.479821, 35.066045 ], [ -86.479919, 35.065563 ], [ -86.480136, 35.064591 ], [ -86.480235, 35.06414 ], [ -86.480348, 35.063632 ], [ -86.480464, 35.063012 ], [ -86.480647, 35.063106 ], [ -86.480896, 35.063234 ], [ -86.481055, 35.06334 ], [ -86.481166, 35.063435 ], [ -86.481295, 35.063545 ], [ -86.481319, 35.063573 ], [ -86.481464, 35.063747 ], [ -86.481489, 35.063781 ], [ -86.481602, 35.063937 ], [ -86.481886, 35.064339 ], [ -86.482017, 35.064473 ], [ -86.482041, 35.064497 ], [ -86.482198, 35.064598 ], [ -86.48239, 35.064677 ], [ -86.48267, 35.064731 ], [ -86.48377, 35.064789 ], [ -86.484936, 35.064908 ], [ -86.485371, 35.064946 ], [ -86.485906, 35.064993 ], [ -86.48651, 35.065025 ], [ -86.487063, 35.065055 ], [ -86.487178, 35.06506 ], [ -86.487719, 35.065083 ], [ -86.488071, 35.065099 ], [ -86.488093, 35.065101 ], [ -86.489421, 35.065204 ], [ -86.49065, 35.065282 ], [ -86.492751, 35.065415 ], [ -86.492992, 35.065431 ], [ -86.494139, 35.065509 ], [ -86.49424, 35.065534 ], [ -86.494301, 35.065567 ], [ -86.494364, 35.065643 ], [ -86.494394, 35.065772 ], [ -86.494391, 35.065818 ], [ -86.494384, 35.065943 ], [ -86.49433, 35.066308 ], [ -86.49429, 35.066645 ], [ -86.494259, 35.066922 ], [ -86.494205, 35.067316 ], [ -86.494043, 35.068501 ], [ -86.49403, 35.068598 ], [ -86.493977, 35.068894 ], [ -86.494589, 35.068916 ], [ -86.494724, 35.068928 ], [ -86.495121, 35.069022 ], [ -86.495907, 35.069251 ], [ -86.495943, 35.069262 ], [ -86.49633, 35.069363 ], [ -86.497026, 35.069527 ], [ -86.497214, 35.069613 ], [ -86.498313, 35.070259 ], [ -86.498506, 35.070368 ], [ -86.49892, 35.070559 ], [ -86.499421, 35.070776 ], [ -86.5, 35.071007 ], [ -86.50136, 35.071492 ], [ -86.501909, 35.071667 ], [ -86.502145, 35.071715 ], [ -86.50246, 35.071739 ], [ -86.502854, 35.071729 ], [ -86.503034, 35.071716 ], [ -86.503302, 35.071682 ], [ -86.50334, 35.071618 ], [ -86.503527, 35.071365 ], [ -86.503696, 35.071139 ], [ -86.503873, 35.070931 ], [ -86.50411, 35.070625 ], [ -86.504231, 35.070436 ], [ -86.504292, 35.070343 ], [ -86.504417, 35.070095 ], [ -86.504458, 35.070015 ], [ -86.504567, 35.069707 ], [ -86.504677, 35.069258 ], [ -86.504867, 35.068493 ], [ -86.504977, 35.068126 ], [ -86.50507, 35.067885 ], [ -86.505207, 35.067632 ], [ -86.505451, 35.067268 ], [ -86.50565, 35.067042 ], [ -86.505783, 35.066919 ], [ -86.505915, 35.066799 ], [ -86.506332, 35.06647 ], [ -86.506472, 35.066375 ], [ -86.506601, 35.066293 ], [ -86.506794, 35.066193 ], [ -86.507234, 35.066019 ], [ -86.507769, 35.065834 ], [ -86.508316, 35.065646 ], [ -86.5093, 35.065295 ], [ -86.510653, 35.064814 ], [ -86.511246, 35.064605 ], [ -86.511385, 35.064557 ], [ -86.51176, 35.06443 ], [ -86.51185, 35.0644 ], [ -86.512058, 35.064342 ], [ -86.512243, 35.064304 ], [ -86.512508, 35.064263 ], [ -86.513148, 35.0642 ], [ -86.513703, 35.064145 ], [ -86.51423, 35.064107 ], [ -86.5157, 35.063965 ], [ -86.515945, 35.06394 ], [ -86.517313, 35.063808 ], [ -86.51817, 35.063727 ], [ -86.518438, 35.063703 ], [ -86.51856, 35.063706 ], [ -86.51858, 35.063714 ], [ -86.518807, 35.063917 ], [ -86.519042, 35.064127 ], [ -86.519455, 35.064459 ], [ -86.519567, 35.064533 ], [ -86.519841, 35.064712 ], [ -86.520673, 35.065224 ], [ -86.520997, 35.0654 ], [ -86.521272, 35.06552 ], [ -86.521567, 35.065607 ], [ -86.521933, 35.065682 ], [ -86.522358, 35.065722 ], [ -86.522739, 35.065742 ], [ -86.523923, 35.065762 ], [ -86.524279, 35.065791 ], [ -86.524644, 35.065847 ], [ -86.524745, 35.065868 ], [ -86.524849, 35.065889 ], [ -86.524888, 35.065898 ], [ -86.525266, 35.065994 ], [ -86.525525, 35.066076 ], [ -86.527017, 35.066757 ], [ -86.527762, 35.067098 ], [ -86.528218, 35.067301 ], [ -86.528315, 35.067347 ], [ -86.528528, 35.067448 ], [ -86.528882, 35.067583 ], [ -86.528962, 35.067614 ], [ -86.529069, 35.067643 ], [ -86.529284, 35.067694 ], [ -86.529634, 35.067747 ], [ -86.52997, 35.067753 ], [ -86.530225, 35.067733 ], [ -86.530613, 35.06766 ], [ -86.530887, 35.06758 ], [ -86.531145, 35.067451 ], [ -86.531798, 35.067128 ], [ -86.53223, 35.066948 ], [ -86.532358, 35.066904 ], [ -86.53251, 35.066875 ], [ -86.532668, 35.066855 ], [ -86.532826, 35.066849 ], [ -86.53305, 35.066871 ], [ -86.53386, 35.067015 ], [ -86.533984, 35.067043 ], [ -86.534419, 35.067142 ], [ -86.534757, 35.067259 ], [ -86.534817, 35.067285 ], [ -86.535214, 35.06751 ], [ -86.536503, 35.068243 ], [ -86.53654, 35.06827 ], [ -86.536855, 35.068516 ], [ -86.537074, 35.068745 ], [ -86.537187, 35.068909 ], [ -86.537264, 35.069058 ], [ -86.53744, 35.069426 ], [ -86.537535, 35.069625 ], [ -86.537742, 35.069956 ], [ -86.537879, 35.07013 ], [ -86.537982, 35.070244 ], [ -86.538118, 35.070366 ], [ -86.538233, 35.070454 ], [ -86.538694, 35.070743 ], [ -86.539118, 35.070991 ], [ -86.539515, 35.071241 ], [ -86.53989, 35.071479 ], [ -86.54007, 35.071576 ], [ -86.540299, 35.071691 ], [ -86.540501, 35.071778 ], [ -86.540947, 35.071927 ], [ -86.541007, 35.07194 ], [ -86.541246, 35.071995 ], [ -86.541494, 35.07202 ], [ -86.541678, 35.072031 ], [ -86.542187, 35.072033 ], [ -86.542491, 35.072022 ], [ -86.543175, 35.072013 ], [ -86.5438, 35.072004 ], [ -86.544421, 35.071975 ], [ -86.544809, 35.071972 ], [ -86.545025, 35.072009 ], [ -86.545558, 35.072131 ], [ -86.5459, 35.072209 ], [ -86.546771, 35.072424 ], [ -86.548282, 35.072788 ], [ -86.548514, 35.072865 ], [ -86.54861, 35.07291 ], [ -86.54872, 35.072976 ], [ -86.5488, 35.073036 ], [ -86.54924, 35.073413 ], [ -86.549672, 35.073784 ], [ -86.550346, 35.07429 ], [ -86.550507, 35.074406 ], [ -86.550613, 35.074478 ], [ -86.550852, 35.074641 ], [ -86.551104, 35.074787 ], [ -86.551144, 35.07481 ], [ -86.551231, 35.074853 ], [ -86.551282, 35.074875 ], [ -86.551364, 35.074911 ], [ -86.551827, 35.07506 ], [ -86.55185, 35.075065 ], [ -86.552045, 35.075113 ], [ -86.552575, 35.075219 ], [ -86.552598, 35.075221 ], [ -86.552977, 35.075268 ], [ -86.554282, 35.075392 ], [ -86.554424, 35.075406 ], [ -86.554683, 35.07546 ], [ -86.554832, 35.07551 ], [ -86.554896, 35.075535 ], [ -86.554957, 35.075561 ], [ -86.555023, 35.075589 ], [ -86.555285, 35.075703 ], [ -86.555329, 35.075722 ], [ -86.555453, 35.075778 ], [ -86.555908, 35.07598 ], [ -86.55594, 35.075993 ], [ -86.556353, 35.076166 ], [ -86.557238, 35.076537 ], [ -86.557325, 35.076577 ], [ -86.55741, 35.07662 ], [ -86.557576, 35.076706 ], [ -86.557873, 35.076884 ], [ -86.557921, 35.076771 ], [ -86.558006, 35.076421 ], [ -86.558047, 35.076255 ], [ -86.558067, 35.076164 ], [ -86.558254, 35.074996 ], [ -86.558331, 35.07452 ], [ -86.558468, 35.073634 ], [ -86.558504, 35.073378 ], [ -86.558555, 35.073028 ], [ -86.559037, 35.069982 ], [ -86.55904, 35.069956 ], [ -86.559165, 35.069027 ], [ -86.559176, 35.06881 ], [ -86.559856, 35.068874 ], [ -86.560316, 35.068917 ], [ -86.560703, 35.068954 ], [ -86.561774, 35.069061 ], [ -86.562707, 35.06915 ], [ -86.563735, 35.069249 ], [ -86.564876, 35.069359 ], [ -86.564905, 35.069542 ], [ -86.564886, 35.06977 ], [ -86.564783, 35.071009 ], [ -86.56475, 35.071423 ], [ -86.564708, 35.071799 ], [ -86.564662, 35.072216 ], [ -86.564582, 35.07293 ], [ -86.56454, 35.073307 ], [ -86.564996, 35.073344 ], [ -86.565849, 35.073415 ], [ -86.566364, 35.073456 ], [ -86.566821, 35.073494 ], [ -86.566926, 35.073503 ], [ -86.567325, 35.073543 ], [ -86.567391, 35.07355 ], [ -86.567823, 35.073597 ], [ -86.568184, 35.073641 ], [ -86.568835, 35.073718 ], [ -86.569339, 35.073778 ], [ -86.56954, 35.073802 ], [ -86.570144, 35.073874 ], [ -86.570346, 35.073899 ], [ -86.570359, 35.0739 ], [ -86.5704, 35.073905 ], [ -86.570414, 35.073907 ], [ -86.570705, 35.073936 ], [ -86.571578, 35.074025 ], [ -86.571716, 35.07404 ], [ -86.57187, 35.074053 ], [ -86.571854, 35.074242 ], [ -86.571808, 35.074812 ], [ -86.571794, 35.075003 ], [ -86.57179, 35.075063 ], [ -86.571765, 35.075392 ], [ -86.571716, 35.076071 ], [ -86.571677, 35.076558 ], [ -86.571659, 35.076793 ], [ -86.571653, 35.076876 ], [ -86.571647, 35.076949 ], [ -86.571634, 35.077098 ], [ -86.571615, 35.077341 ], [ -86.571597, 35.077548 ], [ -86.571585, 35.077698 ], [ -86.571571, 35.077854 ], [ -86.571531, 35.078322 ], [ -86.571519, 35.078479 ], [ -86.5715, 35.078718 ], [ -86.571455, 35.079308 ], [ -86.571446, 35.079435 ], [ -86.571438, 35.079549 ], [ -86.571435, 35.079583 ], [ -86.571427, 35.079675 ], [ -86.571422, 35.079741 ], [ -86.571394, 35.080101 ], [ -86.571393, 35.080118 ], [ -86.571375, 35.080345 ], [ -86.571369, 35.080421 ], [ -86.571342, 35.080721 ], [ -86.571294, 35.081277 ], [ -86.571289, 35.081345 ], [ -86.571286, 35.08138 ], [ -86.571255, 35.081807 ], [ -86.571572, 35.081694 ], [ -86.5718, 35.081622 ], [ -86.572465, 35.081415 ], [ -86.572867, 35.081317 ], [ -86.57299, 35.081303 ], [ -86.573306, 35.081288 ], [ -86.573483, 35.081293 ], [ -86.574059, 35.081312 ], [ -86.574528, 35.081337 ], [ -86.575287, 35.081404 ], [ -86.575423, 35.081416 ], [ -86.575537, 35.081427 ], [ -86.575603, 35.081435 ], [ -86.575673, 35.081443 ], [ -86.576086, 35.081476 ], [ -86.577424, 35.081581 ], [ -86.577608, 35.081593 ], [ -86.578097, 35.081579 ], [ -86.578453, 35.081571 ], [ -86.578598, 35.081577 ], [ -86.578755, 35.081595 ], [ -86.578796, 35.0816 ], [ -86.579372, 35.081717 ], [ -86.579681, 35.081796 ], [ -86.580008, 35.081895 ], [ -86.580289, 35.081999 ], [ -86.58064, 35.082167 ], [ -86.580909, 35.082296 ], [ -86.581232, 35.082459 ], [ -86.581306, 35.082499 ], [ -86.581531, 35.082622 ], [ -86.581606, 35.082664 ], [ -86.581628, 35.082676 ], [ -86.58164, 35.082683 ], [ -86.581691, 35.082717 ], [ -86.581713, 35.082731 ], [ -86.581981, 35.08293 ], [ -86.582082, 35.083022 ], [ -86.582358, 35.083273 ], [ -86.582658, 35.083533 ], [ -86.58318, 35.083906 ], [ -86.583202, 35.083922 ], [ -86.583584, 35.08415 ], [ -86.583812, 35.084268 ], [ -86.584315, 35.084494 ], [ -86.584445, 35.084553 ], [ -86.58499, 35.084775 ], [ -86.585131, 35.084831 ], [ -86.585508, 35.084979 ], [ -86.585762, 35.085077 ], [ -86.586544, 35.085367 ], [ -86.586576, 35.085377 ], [ -86.586834, 35.085466 ], [ -86.587124, 35.085552 ], [ -86.587351, 35.085609 ], [ -86.587456, 35.085632 ], [ -86.587688, 35.085685 ], [ -86.587775, 35.0857 ], [ -86.587882, 35.08572 ], [ -86.588262, 35.085782 ], [ -86.588312, 35.085788 ], [ -86.589175, 35.085904 ], [ -86.589605, 35.085972 ], [ -86.590036, 35.086041 ], [ -86.590001, 35.086136 ], [ -86.589824, 35.086611 ], [ -86.589722, 35.086902 ], [ -86.58968, 35.087025 ], [ -86.589626, 35.087219 ], [ -86.589576, 35.087427 ], [ -86.589325, 35.088402 ], [ -86.589209, 35.088884 ], [ -86.589126, 35.089211 ], [ -86.589061, 35.089569 ], [ -86.589055, 35.089606 ], [ -86.588991, 35.09014 ], [ -86.588996, 35.090354 ], [ -86.589017, 35.09048 ], [ -86.589043, 35.090439 ], [ -86.589118, 35.090351 ], [ -86.589225, 35.090276 ], [ -86.589354, 35.090218 ], [ -86.589455, 35.090196 ], [ -86.589649, 35.090157 ], [ -86.591057, 35.089946 ], [ -86.591592, 35.089867 ], [ -86.591706, 35.089849 ], [ -86.592052, 35.089798 ], [ -86.592167, 35.089781 ], [ -86.592219, 35.089772 ], [ -86.592377, 35.089749 ], [ -86.592394, 35.089747 ], [ -86.59243, 35.089742 ], [ -86.593251, 35.089621 ], [ -86.593331, 35.08961 ], [ -86.594803, 35.089394 ], [ -86.595386, 35.089306 ], [ -86.595658, 35.089262 ], [ -86.595714, 35.089253 ], [ -86.595918, 35.089221 ], [ -86.596177, 35.089159 ], [ -86.596356, 35.089099 ], [ -86.596508, 35.089026 ], [ -86.596548, 35.089007 ], [ -86.596827, 35.088837 ], [ -86.596948, 35.088765 ], [ -86.597106, 35.088655 ], [ -86.597139, 35.088632 ], [ -86.597715, 35.088231 ], [ -86.597746, 35.088208 ], [ -86.598045, 35.087988 ], [ -86.598108, 35.087934 ], [ -86.598299, 35.087772 ], [ -86.598363, 35.087719 ], [ -86.598568, 35.087636 ], [ -86.598586, 35.087629 ], [ -86.598899, 35.087444 ], [ -86.59897, 35.087406 ], [ -86.599155, 35.087325 ], [ -86.599208, 35.087303 ], [ -86.599364, 35.087252 ], [ -86.599562, 35.087186 ], [ -86.599801, 35.087124 ], [ -86.599974, 35.08709 ], [ -86.600052, 35.087075 ], [ -86.600207, 35.087059 ], [ -86.600443, 35.08706 ], [ -86.60061, 35.087082 ], [ -86.600697, 35.087102 ], [ -86.600857, 35.087155 ], [ -86.601291, 35.087379 ], [ -86.601387, 35.087433 ], [ -86.6016, 35.087522 ], [ -86.601767, 35.087564 ], [ -86.601859, 35.087588 ], [ -86.601957, 35.087599 ], [ -86.602064, 35.08761 ], [ -86.602396, 35.087617 ], [ -86.602645, 35.08762 ], [ -86.603392, 35.087632 ], [ -86.603642, 35.087636 ], [ -86.604414, 35.087701 ], [ -86.605806, 35.087848 ], [ -86.60602, 35.087858 ], [ -86.606404, 35.087878 ], [ -86.607265, 35.087871 ], [ -86.607664, 35.087835 ], [ -86.607976, 35.087794 ], [ -86.609607, 35.087516 ], [ -86.609939, 35.087441 ], [ -86.610385, 35.087341 ], [ -86.610998, 35.08719 ], [ -86.611496, 35.087078 ], [ -86.611801, 35.086979 ], [ -86.612018, 35.086873 ], [ -86.612526, 35.086577 ], [ -86.612919, 35.086359 ], [ -86.612929, 35.086353 ], [ -86.613232, 35.086211 ], [ -86.613445, 35.086135 ], [ -86.614162, 35.085933 ], [ -86.614437, 35.085878 ], [ -86.614651, 35.085856 ], [ -86.615032, 35.085854 ], [ -86.615197, 35.08587 ], [ -86.615237, 35.08588 ], [ -86.615462, 35.085934 ], [ -86.615659, 35.086007 ], [ -86.615718, 35.086028 ], [ -86.615883, 35.086086 ], [ -86.616209, 35.086212 ], [ -86.616816, 35.086447 ], [ -86.61809, 35.086942 ], [ -86.618429, 35.087044 ], [ -86.618773, 35.087091 ], [ -86.61914, 35.087113 ], [ -86.620168, 35.087178 ], [ -86.620337, 35.087189 ], [ -86.620846, 35.087225 ], [ -86.621016, 35.087237 ], [ -86.621451, 35.087268 ], [ -86.622626, 35.087355 ], [ -86.622756, 35.08737 ], [ -86.622784, 35.087374 ], [ -86.62294, 35.087409 ], [ -86.623086, 35.087469 ], [ -86.623163, 35.087518 ], [ -86.623361, 35.087676 ], [ -86.623713, 35.088022 ], [ -86.623917, 35.088191 ], [ -86.624002, 35.088239 ], [ -86.62414, 35.088319 ], [ -86.625949, 35.089045 ], [ -86.62616, 35.089113 ], [ -86.626527, 35.089186 ], [ -86.627144, 35.089287 ], [ -86.627929, 35.089417 ], [ -86.628133, 35.089428 ], [ -86.628243, 35.08942 ], [ -86.628288, 35.089392 ], [ -86.628544, 35.089213 ], [ -86.62886, 35.088946 ], [ -86.629051, 35.088734 ], [ -86.629115, 35.088633 ], [ -86.629186, 35.088524 ], [ -86.629231, 35.088406 ], [ -86.629301, 35.088229 ], [ -86.629416, 35.08797 ], [ -86.629626, 35.087645 ], [ -86.629812, 35.087414 ], [ -86.63005, 35.087197 ], [ -86.63075, 35.086737 ], [ -86.63158, 35.086223 ], [ -86.631908, 35.086021 ], [ -86.632245, 35.085827 ], [ -86.632507, 35.085694 ], [ -86.632616, 35.085654 ], [ -86.632739, 35.085622 ], [ -86.632995, 35.085586 ], [ -86.633271, 35.085592 ], [ -86.633293, 35.085593 ], [ -86.63368, 35.085624 ], [ -86.63484, 35.085691 ], [ -86.635255, 35.085705 ], [ -86.635377, 35.08571 ], [ -86.635822, 35.085694 ], [ -86.635916, 35.085676 ], [ -86.635911, 35.086005 ], [ -86.6359, 35.086154 ], [ -86.635798, 35.087587 ], [ -86.635777, 35.087885 ], [ -86.635768, 35.088066 ], [ -86.635668, 35.089782 ], [ -86.635581, 35.090545 ], [ -86.635528, 35.090858 ], [ -86.635446, 35.091079 ], [ -86.635312, 35.091308 ], [ -86.635134, 35.091566 ], [ -86.63508, 35.091669 ], [ -86.635026, 35.091835 ], [ -86.635001, 35.092097 ], [ -86.63502, 35.092402 ], [ -86.635084, 35.092575 ], [ -86.635429, 35.093118 ], [ -86.635514, 35.093307 ], [ -86.635536, 35.093459 ], [ -86.635525, 35.093652 ], [ -86.63547, 35.094081 ], [ -86.635463, 35.094213 ], [ -86.635586, 35.094405 ], [ -86.635681, 35.094498 ], [ -86.635904, 35.094642 ], [ -86.636122, 35.094769 ], [ -86.636257, 35.094871 ], [ -86.636398, 35.09501 ], [ -86.636502, 35.095156 ], [ -86.636592, 35.095339 ], [ -86.636634, 35.095503 ], [ -86.636636, 35.095681 ], [ -86.636638, 35.095786 ], [ -86.636614, 35.096074 ], [ -86.636531, 35.096364 ], [ -86.636363, 35.096771 ], [ -86.635804, 35.097928 ], [ -86.635695, 35.098166 ], [ -86.635639, 35.098255 ], [ -86.635598, 35.098322 ], [ -86.635364, 35.098616 ], [ -86.635029, 35.098952 ], [ -86.634649, 35.099345 ], [ -86.634594, 35.099428 ], [ -86.634561, 35.099501 ], [ -86.634523, 35.099589 ], [ -86.634405, 35.099988 ], [ -86.634371, 35.100095 ], [ -86.634359, 35.10022 ], [ -86.634382, 35.100363 ], [ -86.634488, 35.100634 ], [ -86.634654, 35.100948 ], [ -86.634823, 35.101191 ], [ -86.635036, 35.101459 ], [ -86.63549, 35.102027 ], [ -86.635667, 35.102249 ], [ -86.635754, 35.102351 ], [ -86.63592, 35.102545 ], [ -86.636174, 35.102797 ], [ -86.636338, 35.102921 ], [ -86.636495, 35.103006 ], [ -86.636735, 35.103102 ], [ -86.636823, 35.103138 ], [ -86.636998, 35.103197 ], [ -86.63713, 35.103242 ], [ -86.637285, 35.103289 ], [ -86.637565, 35.103373 ], [ -86.637763, 35.103418 ], [ -86.638164, 35.103484 ], [ -86.638529, 35.103515 ], [ -86.638569, 35.103519 ], [ -86.639054, 35.103538 ], [ -86.63949, 35.103527 ], [ -86.639873, 35.103504 ], [ -86.640254, 35.103514 ], [ -86.640579, 35.103547 ], [ -86.641361, 35.103654 ], [ -86.641903, 35.103703 ], [ -86.642355, 35.103727 ], [ -86.642503, 35.10372 ], [ -86.642532, 35.103719 ], [ -86.642777, 35.103676 ], [ -86.642804, 35.10367 ], [ -86.643469, 35.103531 ], [ -86.644037, 35.103432 ], [ -86.644157, 35.10342 ], [ -86.644211, 35.103415 ], [ -86.644794, 35.103388 ], [ -86.645203, 35.103396 ], [ -86.64668, 35.103407 ], [ -86.647215, 35.103418 ], [ -86.648967, 35.103454 ], [ -86.649335, 35.103472 ], [ -86.649372, 35.103474 ], [ -86.649838, 35.103498 ], [ -86.650134, 35.103543 ], [ -86.651185, 35.103779 ], [ -86.651666, 35.103894 ], [ -86.653674, 35.104345 ], [ -86.653922, 35.104409 ], [ -86.654264, 35.104524 ], [ -86.654443, 35.104603 ], [ -86.654684, 35.104733 ], [ -86.654861, 35.104856 ], [ -86.65499, 35.104967 ], [ -86.655112, 35.105101 ], [ -86.655299, 35.105367 ], [ -86.655398, 35.105559 ], [ -86.655501, 35.105807 ], [ -86.655656, 35.106178 ], [ -86.655774, 35.106404 ], [ -86.655899, 35.106577 ], [ -86.656013, 35.106696 ], [ -86.656243, 35.106898 ], [ -86.656504, 35.10708 ], [ -86.657137, 35.107413 ], [ -86.657696, 35.107707 ], [ -86.657529, 35.107937 ], [ -86.657244, 35.108343 ], [ -86.656624, 35.109226 ], [ -86.655611, 35.110671 ], [ -86.655392, 35.110912 ], [ -86.655206, 35.111083 ], [ -86.654855, 35.111357 ], [ -86.654515, 35.111567 ], [ -86.654243, 35.111707 ], [ -86.653854, 35.111863 ], [ -86.653507, 35.111947 ], [ -86.652834, 35.112053 ], [ -86.652512, 35.112131 ], [ -86.652293, 35.112213 ], [ -86.65224, 35.112245 ], [ -86.652098, 35.112335 ], [ -86.651846, 35.112518 ], [ -86.651684, 35.112696 ], [ -86.651202, 35.113368 ], [ -86.651022, 35.113623 ], [ -86.650962, 35.113705 ], [ -86.650807, 35.113922 ], [ -86.650781, 35.11395 ], [ -86.650714, 35.114026 ], [ -86.650632, 35.114117 ], [ -86.650581, 35.114175 ], [ -86.650366, 35.114367 ], [ -86.650288, 35.114438 ], [ -86.650274, 35.114448 ], [ -86.649777, 35.114805 ], [ -86.64958, 35.114917 ], [ -86.649387, 35.115028 ], [ -86.649112, 35.115162 ], [ -86.648749, 35.115307 ], [ -86.648385, 35.115419 ], [ -86.647878, 35.115538 ], [ -86.647192, 35.115644 ], [ -86.647034, 35.115669 ], [ -86.646721, 35.115711 ], [ -86.646419, 35.115754 ], [ -86.646363, 35.115762 ], [ -86.64687, 35.116056 ], [ -86.647526, 35.116392 ], [ -86.647673, 35.116447 ], [ -86.648516, 35.116673 ], [ -86.649164, 35.116893 ], [ -86.649906, 35.117038 ], [ -86.649936, 35.117053 ], [ -86.649978, 35.117049 ], [ -86.6501, 35.117058 ], [ -86.650248, 35.117069 ], [ -86.650281, 35.11709 ], [ -86.650643, 35.117327 ], [ -86.650679, 35.117363 ], [ -86.650802, 35.117488 ], [ -86.650877, 35.117564 ], [ -86.650948, 35.117732 ], [ -86.650968, 35.11778 ], [ -86.650975, 35.117797 ], [ -86.650808, 35.117767 ], [ -86.650629, 35.117745 ], [ -86.650527, 35.11773 ], [ -86.650383, 35.117725 ], [ -86.650289, 35.117727 ], [ -86.650282, 35.117803 ], [ -86.650095, 35.11939 ], [ -86.650086, 35.119462 ], [ -86.650062, 35.119665 ], [ -86.649855, 35.121315 ], [ -86.649838, 35.121455 ], [ -86.649705, 35.122607 ], [ -86.649588, 35.12348 ], [ -86.649497, 35.124243 ], [ -86.649464, 35.124437 ], [ -86.649427, 35.124502 ], [ -86.649214, 35.124749 ], [ -86.648948, 35.12509 ], [ -86.648893, 35.125203 ], [ -86.648869, 35.125301 ], [ -86.648858, 35.125399 ], [ -86.648831, 35.125567 ], [ -86.648765, 35.125676 ], [ -86.648675, 35.12575 ], [ -86.648537, 35.125814 ], [ -86.648142, 35.125964 ], [ -86.648009, 35.126039 ], [ -86.647849, 35.126156 ], [ -86.647761, 35.126206 ], [ -86.647475, 35.126297 ], [ -86.647414, 35.126351 ], [ -86.647389, 35.126418 ], [ -86.647372, 35.126493 ], [ -86.647429, 35.127054 ], [ -86.647464, 35.127395 ], [ -86.647542, 35.127583 ], [ -86.647616, 35.12767 ], [ -86.647772, 35.127798 ], [ -86.64785, 35.127862 ], [ -86.648106, 35.12808 ], [ -86.648246, 35.128199 ], [ -86.648421, 35.128375 ], [ -86.648525, 35.128532 ], [ -86.648603, 35.128679 ], [ -86.648663, 35.128873 ], [ -86.648684, 35.129003 ], [ -86.648702, 35.129559 ], [ -86.648733, 35.129712 ], [ -86.648815, 35.129919 ], [ -86.648926, 35.130098 ], [ -86.649074, 35.130267 ], [ -86.649234, 35.130439 ], [ -86.649392, 35.130591 ], [ -86.649517, 35.130678 ], [ -86.649652, 35.13074 ], [ -86.65057, 35.131047 ], [ -86.651176, 35.131278 ], [ -86.651324, 35.131358 ], [ -86.651429, 35.131415 ], [ -86.651627, 35.131559 ], [ -86.652378, 35.132148 ], [ -86.652889, 35.132616 ], [ -86.653002, 35.132683 ], [ -86.653131, 35.132719 ], [ -86.653854, 35.132834 ], [ -86.654285, 35.132909 ], [ -86.654476, 35.132936 ], [ -86.654571, 35.132914 ], [ -86.654623, 35.132886 ], [ -86.654953, 35.13263 ], [ -86.65511, 35.132547 ], [ -86.655299, 35.134164 ], [ -86.655336, 35.134476 ], [ -86.655422, 35.135052 ], [ -86.655432, 35.135332 ], [ -86.655393, 35.135552 ], [ -86.655278, 35.135857 ], [ -86.654868, 35.136894 ], [ -86.654808, 35.137092 ], [ -86.654757, 35.137349 ], [ -86.654668, 35.137969 ], [ -86.654621, 35.138361 ], [ -86.654547, 35.138745 ], [ -86.654485, 35.138895 ], [ -86.654468, 35.13894 ], [ -86.654329, 35.139145 ], [ -86.653542, 35.140105 ], [ -86.653496, 35.140184 ], [ -86.65345, 35.140348 ], [ -86.653439, 35.140427 ], [ -86.653334, 35.141177 ], [ -86.653241, 35.141877 ], [ -86.653217, 35.142068 ], [ -86.65317, 35.14268 ], [ -86.653169, 35.142808 ], [ -86.653216, 35.142972 ], [ -86.653305, 35.143097 ], [ -86.653426, 35.143187 ], [ -86.653748, 35.143358 ], [ -86.654933, 35.143919 ], [ -86.655842, 35.144367 ], [ -86.656047, 35.14448 ], [ -86.656417, 35.144713 ], [ -86.656714, 35.144873 ], [ -86.656746, 35.144888 ], [ -86.657256, 35.145131 ], [ -86.657855, 35.145452 ], [ -86.658108, 35.145566 ], [ -86.658259, 35.145634 ], [ -86.658283, 35.145646 ], [ -86.658113, 35.14587 ], [ -86.657931, 35.146074 ], [ -86.65766, 35.146309 ], [ -86.657493, 35.146426 ], [ -86.657354, 35.146514 ], [ -86.657242, 35.146572 ], [ -86.657295, 35.146643 ], [ -86.657303, 35.146654 ], [ -86.657348, 35.146715 ], [ -86.657364, 35.146763 ], [ -86.657372, 35.146947 ], [ -86.657378, 35.147051 ], [ -86.657288, 35.147114 ], [ -86.656092, 35.147948 ], [ -86.655062, 35.148667 ], [ -86.654252, 35.149239 ], [ -86.65328, 35.149875 ], [ -86.652188, 35.150571 ], [ -86.650866, 35.151415 ], [ -86.65071, 35.151513 ], [ -86.650242, 35.151808 ], [ -86.650087, 35.151907 ], [ -86.649682, 35.152163 ], [ -86.648898, 35.152657 ], [ -86.648398, 35.152973 ], [ -86.647916, 35.15328 ], [ -86.647566, 35.153525 ], [ -86.646949, 35.154042 ], [ -86.64558, 35.155245 ], [ -86.644525, 35.156174 ], [ -86.644383, 35.156299 ], [ -86.643916, 35.156709 ], [ -86.64293, 35.157575 ], [ -86.64243, 35.157972 ], [ -86.64215, 35.15815 ], [ -86.642016, 35.158218 ], [ -86.641856, 35.158301 ], [ -86.641643, 35.158395 ], [ -86.641267, 35.158522 ], [ -86.641025, 35.158586 ], [ -86.640587, 35.15867 ], [ -86.640525, 35.158678 ], [ -86.638272, 35.158983 ], [ -86.637522, 35.159086 ], [ -86.637085, 35.159146 ], [ -86.635777, 35.159328 ], [ -86.63568, 35.159342 ], [ -86.63534, 35.159382 ], [ -86.635243, 35.159394 ], [ -86.6337, 35.159603 ], [ -86.632605, 35.159752 ], [ -86.631951, 35.159832 ], [ -86.631153, 35.159909 ], [ -86.630348, 35.159972 ], [ -86.628759, 35.160058 ], [ -86.628075, 35.160096 ], [ -86.627107, 35.160149 ], [ -86.626293, 35.160191 ], [ -86.623965, 35.160315 ], [ -86.623851, 35.16032 ], [ -86.623813, 35.160323 ], [ -86.623057, 35.160371 ], [ -86.623039, 35.160378 ], [ -86.62286, 35.160402 ], [ -86.622732, 35.160425 ], [ -86.622622, 35.160452 ], [ -86.622547, 35.160471 ], [ -86.622309, 35.160543 ], [ -86.622068, 35.160639 ], [ -86.621869, 35.160729 ], [ -86.621686, 35.160828 ], [ -86.621537, 35.160923 ], [ -86.62147, 35.160973 ], [ -86.621133, 35.16123 ], [ -86.621324, 35.161338 ], [ -86.621349, 35.161395 ], [ -86.621868, 35.161701 ], [ -86.621925, 35.161735 ], [ -86.622269, 35.161993 ], [ -86.622657, 35.162351 ], [ -86.622829, 35.162531 ], [ -86.623206, 35.163023 ], [ -86.623262, 35.163096 ], [ -86.623571, 35.163574 ], [ -86.623622, 35.163659 ], [ -86.624081, 35.164416 ], [ -86.624749, 35.165479 ], [ -86.626078, 35.167618 ], [ -86.62678, 35.168749 ], [ -86.628084, 35.170855 ], [ -86.630078, 35.174068 ], [ -86.6306, 35.174906 ], [ -86.631479, 35.176316 ], [ -86.631891, 35.176984 ], [ -86.632067, 35.177227 ], [ -86.632195, 35.177402 ], [ -86.632516, 35.177798 ], [ -86.632857, 35.178173 ], [ -86.6333, 35.178593 ], [ -86.633471, 35.178741 ], [ -86.634136, 35.179241 ], [ -86.634576, 35.179536 ], [ -86.634874, 35.179706 ], [ -86.635783, 35.180211 ], [ -86.63589, 35.180271 ], [ -86.63602, 35.18034 ], [ -86.637834, 35.181303 ], [ -86.638228, 35.181505 ], [ -86.638419, 35.181614 ], [ -86.639058, 35.181951 ], [ -86.639492, 35.182181 ], [ -86.640615, 35.182777 ], [ -86.64065, 35.182796 ], [ -86.641434, 35.183211 ], [ -86.641774, 35.183377 ], [ -86.642018, 35.183485 ], [ -86.642573, 35.183693 ], [ -86.642752, 35.183756 ], [ -86.64515, 35.184501 ], [ -86.645366, 35.184567 ], [ -86.645379, 35.18457 ], [ -86.646362, 35.184871 ], [ -86.646593, 35.184931 ], [ -86.6472, 35.185071 ], [ -86.647248, 35.185082 ], [ -86.647921, 35.18519 ], [ -86.649054, 35.185309 ], [ -86.649286, 35.185334 ], [ -86.649675, 35.185375 ], [ -86.651008, 35.185515 ], [ -86.65109, 35.185524 ], [ -86.655009, 35.185926 ], [ -86.656343, 35.186064 ], [ -86.65727, 35.186161 ], [ -86.65964, 35.18641 ], [ -86.660051, 35.186468 ], [ -86.660213, 35.186492 ], [ -86.660521, 35.186548 ], [ -86.660678, 35.186583 ], [ -86.660966, 35.186648 ], [ -86.661199, 35.186701 ], [ -86.661791, 35.18687 ], [ -86.662227, 35.187016 ], [ -86.662535, 35.187111 ], [ -86.662831, 35.187203 ], [ -86.663997, 35.187575 ], [ -86.664541, 35.187749 ], [ -86.665461, 35.188034 ], [ -86.666296, 35.188319 ], [ -86.667211, 35.18861 ], [ -86.667974, 35.188853 ], [ -86.668774, 35.189098 ], [ -86.669743, 35.189411 ], [ -86.670457, 35.189642 ], [ -86.672131, 35.190174 ], [ -86.672655, 35.190342 ], [ -86.673325, 35.190558 ], [ -86.67342, 35.190587 ], [ -86.673626, 35.190652 ], [ -86.674363, 35.190884 ], [ -86.674758, 35.191024 ], [ -86.67545, 35.191279 ], [ -86.676239, 35.191582 ], [ -86.677855, 35.192203 ], [ -86.678246, 35.192361 ], [ -86.679363, 35.192782 ], [ -86.679741, 35.192929 ], [ -86.680878, 35.19337 ], [ -86.681257, 35.193517 ], [ -86.68241, 35.193958 ], [ -86.684749, 35.194853 ], [ -86.68587, 35.195284 ], [ -86.686814, 35.195648 ], [ -86.687026, 35.195722 ], [ -86.687176, 35.195774 ], [ -86.687278, 35.195806 ], [ -86.687824, 35.195978 ], [ -86.688044, 35.196034 ], [ -86.688303, 35.196101 ], [ -86.688733, 35.196197 ], [ -86.689553, 35.196325 ], [ -86.690328, 35.196391 ], [ -86.691347, 35.196419 ], [ -86.691738, 35.196422 ], [ -86.692613, 35.196431 ], [ -86.693833, 35.196445 ], [ -86.694456, 35.19645 ], [ -86.695941, 35.196463 ], [ -86.696948, 35.196474 ], [ -86.697677, 35.196477 ], [ -86.699079, 35.196495 ], [ -86.700621, 35.196506 ], [ -86.701406, 35.196526 ], [ -86.702114, 35.196564 ], [ -86.70214, 35.196566 ], [ -86.7028, 35.196622 ], [ -86.703549, 35.19671 ], [ -86.704516, 35.196855 ], [ -86.705227, 35.196993 ], [ -86.705303, 35.197009 ], [ -86.705534, 35.197064 ], [ -86.705794, 35.197125 ], [ -86.706424, 35.197275 ], [ -86.706575, 35.197317 ], [ -86.706834, 35.19739 ], [ -86.707092, 35.197462 ], [ -86.707818, 35.197699 ], [ -86.708021, 35.197766 ], [ -86.708603, 35.19798 ], [ -86.709179, 35.198209 ], [ -86.709346, 35.198283 ], [ -86.709876, 35.198526 ], [ -86.71041, 35.198778 ], [ -86.710667, 35.198907 ], [ -86.710887, 35.199019 ], [ -86.711531, 35.199366 ], [ -86.711579, 35.199392 ], [ -86.713478, 35.200416 ], [ -86.713584, 35.200473 ], [ -86.713749, 35.200563 ], [ -86.71403, 35.200713 ], [ -86.715774, 35.201645 ], [ -86.715996, 35.201765 ], [ -86.717356, 35.202499 ], [ -86.717422, 35.202535 ], [ -86.721386, 35.204671 ], [ -86.723838, 35.205993 ], [ -86.725049, 35.206645 ], [ -86.728684, 35.208603 ], [ -86.728779, 35.208654 ], [ -86.729325, 35.208937 ], [ -86.729688, 35.209112 ], [ -86.729792, 35.209156 ], [ -86.729856, 35.209183 ], [ -86.729919, 35.20921 ], [ -86.729612, 35.209315 ], [ -86.729494, 35.209364 ], [ -86.729376, 35.209421 ], [ -86.729344, 35.209438 ], [ -86.729242, 35.209507 ], [ -86.729213, 35.209534 ], [ -86.72919, 35.209564 ], [ -86.729156, 35.20963 ], [ -86.729136, 35.209736 ], [ -86.729118, 35.210162 ], [ -86.729102, 35.210303 ], [ -86.729085, 35.210551 ], [ -86.729061, 35.210691 ], [ -86.729024, 35.21083 ], [ -86.728923, 35.211026 ], [ -86.728878, 35.211088 ], [ -86.728803, 35.211175 ], [ -86.728749, 35.21123 ], [ -86.728592, 35.211353 ], [ -86.728492, 35.211421 ], [ -86.728549, 35.211473 ], [ -86.728607, 35.211542 ], [ -86.728625, 35.211582 ], [ -86.728632, 35.211597 ], [ -86.728648, 35.211659 ], [ -86.728647, 35.211728 ], [ -86.728618, 35.211828 ], [ -86.728613, 35.211879 ], [ -86.728628, 35.211982 ], [ -86.728662, 35.21203 ], [ -86.728728, 35.212099 ], [ -86.728753, 35.212155 ], [ -86.728777, 35.212182 ], [ -86.728798, 35.21224 ], [ -86.728802, 35.212299 ], [ -86.728824, 35.21236 ], [ -86.728535, 35.212426 ], [ -86.728405, 35.212475 ], [ -86.728386, 35.212486 ], [ -86.72832, 35.212564 ], [ -86.728285, 35.212685 ], [ -86.72827, 35.213009 ], [ -86.72827, 35.213628 ], [ -86.728272, 35.21459 ], [ -86.728309, 35.215587 ], [ -86.72831, 35.215939 ], [ -86.728308, 35.21606 ], [ -86.728269, 35.217725 ], [ -86.728243, 35.218091 ], [ -86.728139, 35.218473 ], [ -86.72813, 35.218498 ], [ -86.727657, 35.219944 ], [ -86.727617, 35.220045 ], [ -86.727493, 35.220355 ], [ -86.727124, 35.221054 ], [ -86.726986, 35.221317 ], [ -86.726901, 35.221524 ], [ -86.726846, 35.221726 ], [ -86.726831, 35.222076 ], [ -86.726835, 35.224142 ], [ -86.726842, 35.224368 ], [ -86.72685, 35.224624 ], [ -86.726842, 35.225493 ], [ -86.72684, 35.22563 ], [ -86.726836, 35.22604 ], [ -86.726835, 35.226178 ], [ -86.726826, 35.227077 ], [ -86.726761, 35.227775 ], [ -86.726759, 35.228145 ], [ -86.726834, 35.228927 ], [ -86.726849, 35.229076 ], [ -86.726892, 35.229529 ], [ -86.726908, 35.22997 ], [ -86.726887, 35.230529 ], [ -86.726824, 35.230888 ], [ -86.72677, 35.231033 ], [ -86.72667, 35.231194 ], [ -86.726549, 35.23132 ], [ -86.726423, 35.231411 ], [ -86.726213, 35.23152 ], [ -86.725708, 35.231774 ], [ -86.725487, 35.231934 ], [ -86.725354, 35.232069 ], [ -86.725194, 35.232299 ], [ -86.725145, 35.232396 ], [ -86.725063, 35.232673 ], [ -86.724985, 35.233039 ], [ -86.724956, 35.233406 ], [ -86.724956, 35.233644 ], [ -86.724972, 35.233902 ], [ -86.724979, 35.23437 ], [ -86.724971, 35.234516 ], [ -86.724876, 35.236342 ], [ -86.724867, 35.23653 ], [ -86.724854, 35.23679 ], [ -86.724808, 35.237653 ], [ -86.72473, 35.239095 ], [ -86.724692, 35.239855 ], [ -86.724655, 35.240659 ], [ -86.724678, 35.241089 ], [ -86.72474, 35.241398 ], [ -86.724892, 35.241876 ], [ -86.725147, 35.242525 ], [ -86.725327, 35.242922 ], [ -86.725519, 35.243305 ], [ -86.726681, 35.245335 ], [ -86.72717, 35.246197 ], [ -86.727242, 35.246323 ], [ -86.727607, 35.246981 ], [ -86.727989, 35.247644 ], [ -86.728091, 35.247832 ], [ -86.728265, 35.248166 ], [ -86.729048, 35.249518 ], [ -86.729469, 35.250204 ], [ -86.729526, 35.25032 ], [ -86.729612, 35.250623 ], [ -86.729653, 35.250927 ], [ -86.729688, 35.251542 ], [ -86.729689, 35.251602 ], [ -86.729692, 35.251783 ], [ -86.729694, 35.251844 ], [ -86.729706, 35.252643 ], [ -86.729739, 35.253065 ], [ -86.729832, 35.25332 ], [ -86.72993, 35.25348 ], [ -86.729938, 35.253492 ], [ -86.730369, 35.253948 ], [ -86.731082, 35.254644 ], [ -86.731235, 35.254772 ], [ -86.731375, 35.254868 ], [ -86.731644, 35.255002 ], [ -86.732635, 35.255386 ], [ -86.734027, 35.255905 ], [ -86.734189, 35.255969 ], [ -86.734204, 35.255975 ], [ -86.734307, 35.256018 ], [ -86.734645, 35.256196 ], [ -86.734927, 35.256407 ], [ -86.735149, 35.256615 ], [ -86.735517, 35.257001 ], [ -86.735756, 35.257244 ], [ -86.736225, 35.257719 ], [ -86.736415, 35.257969 ], [ -86.736433, 35.258007 ], [ -86.736471, 35.258086 ], [ -86.73651, 35.258305 ], [ -86.736514, 35.258337 ], [ -86.736548, 35.258614 ], [ -86.736562, 35.258823 ], [ -86.736649, 35.26011 ], [ -86.736678, 35.260286 ], [ -86.736682, 35.26031 ], [ -86.73669, 35.260776 ], [ -86.736691, 35.260825 ] ] ] } },
{ "type": "Feature", "properties": { "district_num": "63" }, "geometry": { "type": "Polygon", "coordinates": [ [ [ -86.861282, 35.789708 ], [ -86.861053, 35.790643 ], [ -86.860808, 35.791468 ], [ -86.860566, 35.792117 ], [ -86.860299, 35.792736 ], [ -86.860008, 35.793344 ], [ -86.859628, 35.794031 ], [ -86.859299, 35.794579 ], [ -86.858797, 35.795307 ], [ -86.858177, 35.796111 ], [ -86.856287, 35.798473 ], [ -86.854391, 35.800831 ], [ -86.851236, 35.804756 ], [ -86.850596, 35.805573 ], [ -86.850524, 35.805664 ], [ -86.850399, 35.805824 ], [ -86.849567, 35.806851 ], [ -86.848902, 35.80764 ], [ -86.848265, 35.808437 ], [ -86.847581, 35.809369 ], [ -86.846823, 35.810435 ], [ -86.846745, 35.810545 ], [ -86.846419, 35.810999 ], [ -86.846321, 35.811136 ], [ -86.845404, 35.81242 ], [ -86.844789, 35.81328 ], [ -86.844393, 35.813833 ], [ -86.844206, 35.814096 ], [ -86.844025, 35.81435 ], [ -86.841146, 35.818383 ], [ -86.841105, 35.81844 ], [ -86.840715, 35.818986 ], [ -86.838794, 35.821679 ], [ -86.838717, 35.821786 ], [ -86.838587, 35.821968 ], [ -86.838539, 35.821971 ], [ -86.838455, 35.821975 ], [ -86.838393, 35.821977 ], [ -86.838323, 35.82198 ], [ -86.838247, 35.822082 ], [ -86.838186, 35.822168 ], [ -86.837506, 35.823113 ], [ -86.836845, 35.824029 ], [ -86.836347, 35.824774 ], [ -86.836038, 35.825285 ], [ -86.835521, 35.826207 ], [ -86.835314, 35.826611 ], [ -86.835114, 35.827003 ], [ -86.83475, 35.827797 ], [ -86.834675, 35.827986 ], [ -86.834413, 35.828639 ], [ -86.834337, 35.828856 ], [ -86.83432, 35.828905 ], [ -86.834106, 35.829522 ], [ -86.834096, 35.829552 ], [ -86.833832, 35.830449 ], [ -86.833591, 35.831402 ], [ -86.83326, 35.83345 ], [ -86.833242, 35.833591 ], [ -86.833216, 35.833865 ], [ -86.833122, 35.834838 ], [ -86.832982, 35.83739 ], [ -86.832918, 35.83835 ], [ -86.832896, 35.838748 ], [ -86.832774, 35.840833 ], [ -86.83263, 35.843316 ], [ -86.832627, 35.84336 ], [ -86.832531, 35.844978 ], [ -86.832364, 35.847851 ], [ -86.832254, 35.849352 ], [ -86.832217, 35.849963 ], [ -86.832122, 35.851626 ], [ -86.832112, 35.851784 ], [ -86.831836, 35.856251 ], [ -86.831737, 35.857947 ], [ -86.831646, 35.859487 ], [ -86.831613, 35.860021 ], [ -86.831516, 35.861563 ], [ -86.831462, 35.862494 ], [ -86.831415, 35.863269 ], [ -86.831201, 35.866757 ], [ -86.830698, 35.875002 ], [ -86.830686, 35.875209 ], [ -86.830587, 35.87684 ], [ -86.8304, 35.879901 ], [ -86.830198, 35.883213 ], [ -86.830059, 35.885324 ], [ -86.829979, 35.886139 ], [ -86.829583, 35.889062 ], [ -86.829274, 35.891355 ], [ -86.829189, 35.891972 ], [ -86.829184, 35.892007 ], [ -86.829275, 35.892009 ], [ -86.829469, 35.892024 ], [ -86.829452, 35.892141 ], [ -86.829433, 35.892279 ], [ -86.829392, 35.892578 ], [ -86.829176, 35.894167 ], [ -86.829041, 35.89505 ], [ -86.82888, 35.895901 ], [ -86.828636, 35.896976 ], [ -86.828618, 35.897045 ], [ -86.828486, 35.897559 ], [ -86.828323, 35.898136 ], [ -86.828279, 35.898273 ], [ -86.828249, 35.898364 ], [ -86.828006, 35.899113 ], [ -86.827623, 35.90016 ], [ -86.826565, 35.902791 ], [ -86.826481, 35.903017 ], [ -86.826126, 35.903965 ], [ -86.825763, 35.905084 ], [ -86.825447, 35.90641 ], [ -86.825393, 35.906676 ], [ -86.825246, 35.907429 ], [ -86.825111, 35.908276 ], [ -86.824974, 35.909374 ], [ -86.82486, 35.910187 ], [ -86.824361, 35.914159 ], [ -86.824349, 35.91422 ], [ -86.824625, 35.914284 ], [ -86.825204, 35.914422 ], [ -86.826781, 35.914793 ], [ -86.827243, 35.914898 ], [ -86.828031, 35.915095 ], [ -86.82824, 35.915142 ], [ -86.82901, 35.915317 ], [ -86.828907, 35.915496 ], [ -86.828823, 35.915709 ], [ -86.828345, 35.916926 ], [ -86.828307, 35.917023 ], [ -86.828186, 35.917332 ], [ -86.828047, 35.917709 ], [ -86.827844, 35.918267 ], [ -86.827766, 35.918549 ], [ -86.827744, 35.918659 ], [ -86.827704, 35.918862 ], [ -86.827667, 35.919052 ], [ -86.827637, 35.919258 ], [ -86.827611, 35.919422 ], [ -86.8276, 35.919493 ], [ -86.827587, 35.919546 ], [ -86.827507, 35.919891 ], [ -86.827501, 35.91991 ], [ -86.827453, 35.92007 ], [ -86.827766, 35.920151 ], [ -86.828842, 35.92033 ], [ -86.829227, 35.920394 ], [ -86.829954, 35.920491 ], [ -86.831953, 35.920686 ], [ -86.83226, 35.920726 ], [ -86.832459, 35.920768 ], [ -86.832728, 35.920865 ], [ -86.832947, 35.920994 ], [ -86.832992, 35.92103 ], [ -86.833062, 35.921088 ], [ -86.833204, 35.921256 ], [ -86.833309, 35.921442 ], [ -86.833613, 35.922279 ], [ -86.833681, 35.922501 ], [ -86.833803, 35.922893 ], [ -86.833861, 35.923176 ], [ -86.833908, 35.923405 ], [ -86.833907, 35.92358 ], [ -86.833901, 35.923594 ], [ -86.833845, 35.923749 ], [ -86.833734, 35.923901 ], [ -86.833634, 35.923995 ], [ -86.833566, 35.924042 ], [ -86.83341, 35.924152 ], [ -86.833286, 35.924227 ], [ -86.832917, 35.924454 ], [ -86.832794, 35.92453 ], [ -86.83266, 35.924508 ], [ -86.832513, 35.924476 ], [ -86.832494, 35.924472 ], [ -86.831675, 35.924296 ], [ -86.831396, 35.924237 ], [ -86.830649, 35.924082 ], [ -86.829592, 35.923862 ], [ -86.828969, 35.923733 ], [ -86.828477, 35.923631 ], [ -86.828409, 35.923617 ], [ -86.827663, 35.923462 ], [ -86.827345, 35.923394 ], [ -86.826715, 35.923261 ], [ -86.826393, 35.923187 ], [ -86.826077, 35.923115 ], [ -86.825417, 35.922963 ], [ -86.823439, 35.922509 ], [ -86.823007, 35.92241 ], [ -86.822782, 35.922348 ], [ -86.822752, 35.92246 ], [ -86.822546, 35.923122 ], [ -86.822483, 35.923329 ], [ -86.82176, 35.925421 ], [ -86.821594, 35.925903 ], [ -86.821495, 35.926186 ], [ -86.821326, 35.926149 ], [ -86.821028, 35.926084 ], [ -86.820823, 35.926038 ], [ -86.8208, 35.926034 ], [ -86.820677, 35.925985 ], [ -86.820552, 35.926036 ], [ -86.820485, 35.926058 ], [ -86.820354, 35.926128 ], [ -86.820331, 35.926147 ], [ -86.8202, 35.926255 ], [ -86.820024, 35.926454 ], [ -86.819694, 35.926826 ], [ -86.819623, 35.926922 ], [ -86.819581, 35.926982 ], [ -86.819533, 35.927074 ], [ -86.819485, 35.927241 ], [ -86.819444, 35.927494 ], [ -86.819323, 35.928256 ], [ -86.819304, 35.928377 ], [ -86.819285, 35.928511 ], [ -86.819226, 35.928942 ], [ -86.819155, 35.929349 ], [ -86.819145, 35.929413 ], [ -86.818905, 35.9311 ], [ -86.818802, 35.93187 ], [ -86.818746, 35.932297 ], [ -86.818703, 35.932625 ], [ -86.81868, 35.932709 ], [ -86.818547, 35.932919 ], [ -86.818215, 35.933445 ], [ -86.818128, 35.933533 ], [ -86.818013, 35.933599 ], [ -86.817904, 35.933635 ], [ -86.817771, 35.933646 ], [ -86.81758, 35.933623 ], [ -86.817091, 35.933478 ], [ -86.816826, 35.933443 ], [ -86.81649, 35.933415 ], [ -86.816133, 35.933386 ], [ -86.815492, 35.933334 ], [ -86.814618, 35.933273 ], [ -86.814105, 35.933238 ], [ -86.812186, 35.933073 ], [ -86.811849, 35.933045 ], [ -86.81176, 35.933037 ], [ -86.811672, 35.933028 ], [ -86.811604, 35.933021 ], [ -86.810757, 35.932874 ], [ -86.80943, 35.932733 ], [ -86.80797, 35.932567 ], [ -86.807568, 35.932508 ], [ -86.807153, 35.93245 ], [ -86.806123, 35.932295 ], [ -86.802437, 35.931885 ], [ -86.801751, 35.931811 ], [ -86.8016, 35.931801 ], [ -86.800935, 35.931771 ], [ -86.79503, 35.931974 ], [ -86.79422, 35.93154 ], [ -86.794156, 35.931544 ], [ -86.793127, 35.932011 ], [ -86.791953, 35.932062 ], [ -86.791534, 35.932089 ], [ -86.790884, 35.93216 ], [ -86.790532, 35.932226 ], [ -86.790168, 35.932261 ], [ -86.789887, 35.932234 ], [ -86.789272, 35.932191 ], [ -86.788786, 35.932198 ], [ -86.788587, 35.932281 ], [ -86.788116, 35.932472 ], [ -86.788059, 35.932487 ], [ -86.787872, 35.932537 ], [ -86.787469, 35.932588 ], [ -86.786725, 35.932663 ], [ -86.786205, 35.932679 ], [ -86.785884, 35.932671 ], [ -86.785744, 35.932682 ], [ -86.785461, 35.932722 ], [ -86.784248, 35.932827 ], [ -86.783641, 35.932863 ], [ -86.783624, 35.932864 ], [ -86.783489, 35.932874 ], [ -86.782963, 35.932918 ], [ -86.782641, 35.932962 ], [ -86.782386, 35.932987 ], [ -86.782361, 35.93299 ], [ -86.782212, 35.932996 ], [ -86.78168, 35.933033 ], [ -86.781182, 35.933068 ], [ -86.78095, 35.933111 ], [ -86.780689, 35.933182 ], [ -86.780293, 35.93333 ], [ -86.780137, 35.933397 ], [ -86.780058, 35.933432 ], [ -86.779929, 35.933488 ], [ -86.779914, 35.933495 ], [ -86.779652, 35.933616 ], [ -86.7792, 35.933824 ], [ -86.779165, 35.933841 ], [ -86.778303, 35.934252 ], [ -86.777846, 35.934443 ], [ -86.777668, 35.934539 ], [ -86.777424, 35.93471 ], [ -86.777221, 35.934852 ], [ -86.777112, 35.934906 ], [ -86.776959, 35.934946 ], [ -86.776923, 35.934948 ], [ -86.776756, 35.934962 ], [ -86.776337, 35.934977 ], [ -86.776139, 35.93501 ], [ -86.776005, 35.935059 ], [ -86.775369, 35.935472 ], [ -86.774898, 35.935779 ], [ -86.774815, 35.935833 ], [ -86.774539, 35.936021 ], [ -86.774496, 35.936051 ], [ -86.774449, 35.936081 ], [ -86.774237, 35.936219 ], [ -86.774125, 35.936293 ], [ -86.773975, 35.936376 ], [ -86.773632, 35.936568 ], [ -86.773579, 35.936594 ], [ -86.773353, 35.936706 ], [ -86.77315, 35.936799 ], [ -86.772877, 35.936925 ], [ -86.772806, 35.936957 ], [ -86.772582, 35.937045 ], [ -86.772536, 35.937058 ], [ -86.772323, 35.937123 ], [ -86.772161, 35.937172 ], [ -86.771945, 35.937228 ], [ -86.771494, 35.937323 ], [ -86.77129, 35.937361 ], [ -86.770912, 35.937405 ], [ -86.770733, 35.937415 ], [ -86.770536, 35.937428 ], [ -86.770374, 35.937439 ], [ -86.770257, 35.937447 ], [ -86.769926, 35.937463 ], [ -86.769807, 35.937468 ], [ -86.769511, 35.937485 ], [ -86.769325, 35.937495 ], [ -86.76877, 35.937528 ], [ -86.768646, 35.937536 ], [ -86.768586, 35.93754 ], [ -86.768538, 35.937542 ], [ -86.768522, 35.937544 ], [ -86.768397, 35.937551 ], [ -86.76835, 35.937555 ], [ -86.768296, 35.937558 ], [ -86.768165, 35.937567 ], [ -86.768136, 35.937568 ], [ -86.768083, 35.937572 ], [ -86.768076, 35.937802 ], [ -86.768048, 35.938026 ], [ -86.767962, 35.938748 ], [ -86.767876, 35.939384 ], [ -86.767831, 35.939718 ], [ -86.767827, 35.939745 ], [ -86.767815, 35.939837 ], [ -86.767796, 35.939977 ], [ -86.767782, 35.940072 ], [ -86.766919, 35.939982 ], [ -86.766379, 35.939923 ], [ -86.765893, 35.939755 ], [ -86.765556, 35.939623 ], [ -86.765282, 35.939521 ], [ -86.765056, 35.939462 ], [ -86.764562, 35.939397 ], [ -86.763388, 35.939275 ], [ -86.762796, 35.939198 ], [ -86.762647, 35.939159 ], [ -86.762453, 35.93908 ], [ -86.76221, 35.938916 ], [ -86.761784, 35.938587 ], [ -86.761585, 35.938485 ], [ -86.761545, 35.938469 ], [ -86.761338, 35.938408 ], [ -86.760986, 35.938305 ], [ -86.76071, 35.938321 ], [ -86.760195, 35.938361 ], [ -86.760248, 35.93863 ], [ -86.760258, 35.938682 ], [ -86.76045, 35.939633 ], [ -86.760488, 35.939876 ], [ -86.760465, 35.940248 ], [ -86.760082, 35.940745 ], [ -86.759855, 35.940911 ], [ -86.759378, 35.941118 ], [ -86.758364, 35.941522 ], [ -86.757846, 35.941749 ], [ -86.75836, 35.942362 ], [ -86.759948, 35.944325 ], [ -86.760168, 35.944634 ], [ -86.760251, 35.944806 ], [ -86.760334, 35.945077 ], [ -86.760367, 35.945359 ], [ -86.760367, 35.945553 ], [ -86.760307, 35.945861 ], [ -86.760222, 35.946121 ], [ -86.759946, 35.946497 ], [ -86.759759, 35.946783 ], [ -86.759549, 35.947095 ], [ -86.759384, 35.947372 ], [ -86.759324, 35.947478 ], [ -86.759146, 35.947796 ], [ -86.759087, 35.947903 ], [ -86.758994, 35.948108 ], [ -86.75893, 35.948277 ], [ -86.758924, 35.948294 ], [ -86.758899, 35.948428 ], [ -86.758897, 35.948557 ], [ -86.758919, 35.948687 ], [ -86.758984, 35.948912 ], [ -86.75904, 35.949146 ], [ -86.759061, 35.949375 ], [ -86.759059, 35.949407 ], [ -86.759055, 35.949475 ], [ -86.759052, 35.94953 ], [ -86.75901, 35.949879 ], [ -86.759343, 35.949913 ], [ -86.759909, 35.94997 ], [ -86.760463, 35.950017 ], [ -86.761569, 35.950113 ], [ -86.761869, 35.950146 ], [ -86.763224, 35.950264 ], [ -86.764081, 35.950328 ], [ -86.764176, 35.950336 ], [ -86.764827, 35.950393 ], [ -86.765493, 35.950451 ], [ -86.766281, 35.950531 ], [ -86.766362, 35.949977 ], [ -86.766606, 35.948317 ], [ -86.766615, 35.948257 ], [ -86.766687, 35.947764 ], [ -86.766725, 35.947498 ], [ -86.766755, 35.947293 ], [ -86.766842, 35.946702 ], [ -86.766875, 35.946484 ], [ -86.766882, 35.946437 ], [ -86.766931, 35.946082 ], [ -86.767081, 35.945018 ], [ -86.767131, 35.944664 ], [ -86.767148, 35.944542 ], [ -86.767168, 35.944401 ], [ -86.768135, 35.944293 ], [ -86.770925, 35.944035 ], [ -86.772732, 35.943871 ], [ -86.773798, 35.943773 ], [ -86.775728, 35.943598 ], [ -86.777285, 35.94345 ], [ -86.779126, 35.943276 ], [ -86.779929, 35.943199 ], [ -86.779852, 35.943692 ], [ -86.7798, 35.944019 ], [ -86.779669, 35.944854 ], [ -86.780816, 35.944993 ], [ -86.780882, 35.944841 ], [ -86.781045, 35.944463 ], [ -86.781304, 35.944502 ], [ -86.78196, 35.944522 ], [ -86.782574, 35.94454 ], [ -86.783296, 35.944562 ], [ -86.783551, 35.94457 ], [ -86.785731, 35.944878 ], [ -86.786511, 35.941794 ], [ -86.791951, 35.942288 ], [ -86.793783, 35.942454 ], [ -86.794558, 35.942524 ], [ -86.794533, 35.942698 ], [ -86.794395, 35.943162 ], [ -86.794401, 35.943907 ], [ -86.794116, 35.945532 ], [ -86.796286, 35.945944 ], [ -86.797265, 35.946055 ], [ -86.797873, 35.946179 ], [ -86.798559, 35.946322 ], [ -86.79866, 35.946328 ], [ -86.79933, 35.946438 ], [ -86.799411, 35.946451 ], [ -86.799742, 35.946505 ], [ -86.800322, 35.946609 ], [ -86.80097, 35.946707 ], [ -86.80206, 35.946859 ], [ -86.803218, 35.947021 ], [ -86.80284, 35.94796 ], [ -86.802605, 35.948545 ], [ -86.800464, 35.948347 ], [ -86.797871, 35.948104 ], [ -86.797794, 35.948094 ], [ -86.797626, 35.948078 ], [ -86.796423, 35.947965 ], [ -86.796198, 35.947944 ], [ -86.79373, 35.947713 ], [ -86.793128, 35.9521 ], [ -86.793063, 35.952601 ], [ -86.792929, 35.953548 ], [ -86.792314, 35.954051 ], [ -86.792145, 35.954188 ], [ -86.792352, 35.954212 ], [ -86.795178, 35.954552 ], [ -86.795144, 35.954753 ], [ -86.794481, 35.959252 ], [ -86.794364, 35.960554 ], [ -86.794333, 35.960777 ], [ -86.794304, 35.96099 ], [ -86.794285, 35.961124 ], [ -86.794225, 35.96156 ], [ -86.794184, 35.961873 ], [ -86.794144, 35.962142 ], [ -86.794122, 35.962294 ], [ -86.794102, 35.96243 ], [ -86.794066, 35.96259 ], [ -86.79471, 35.962651 ], [ -86.795348, 35.962712 ], [ -86.795516, 35.962728 ], [ -86.796236, 35.96281 ], [ -86.796761, 35.962878 ], [ -86.796719, 35.963123 ], [ -86.796695, 35.963264 ], [ -86.796597, 35.963858 ], [ -86.796557, 35.964104 ], [ -86.796285, 35.964076 ], [ -86.796015, 35.964049 ], [ -86.795474, 35.96398 ], [ -86.795204, 35.963947 ], [ -86.795164, 35.964172 ], [ -86.795045, 35.964847 ], [ -86.795033, 35.964918 ], [ -86.795, 35.965071 ], [ -86.79462, 35.965032 ], [ -86.793712, 35.96494 ], [ -86.793481, 35.964922 ], [ -86.793101, 35.964894 ], [ -86.793001, 35.964886 ], [ -86.792702, 35.964862 ], [ -86.792603, 35.964855 ], [ -86.792257, 35.964833 ], [ -86.792227, 35.96483 ], [ -86.791105, 35.964716 ], [ -86.790821, 35.964688 ], [ -86.790782, 35.964683 ], [ -86.790732, 35.964678 ], [ -86.789884, 35.964593 ], [ -86.787461, 35.964352 ], [ -86.787339, 35.964341 ], [ -86.786491, 35.964268 ], [ -86.786273, 35.964258 ], [ -86.786119, 35.964251 ], [ -86.785623, 35.96421 ], [ -86.785509, 35.964201 ], [ -86.785451, 35.964197 ], [ -86.785407, 35.964193 ], [ -86.784424, 35.964108 ], [ -86.78426, 35.964119 ], [ -86.784119, 35.964149 ], [ -86.783994, 35.964192 ], [ -86.783803, 35.964289 ], [ -86.783422, 35.964559 ], [ -86.783372, 35.964604 ], [ -86.782985, 35.964959 ], [ -86.782939, 35.965002 ], [ -86.782573, 35.965287 ], [ -86.782484, 35.965347 ], [ -86.782255, 35.965471 ], [ -86.782128, 35.965529 ], [ -86.781812, 35.965634 ], [ -86.781287, 35.965763 ], [ -86.780611, 35.965901 ], [ -86.779999, 35.965995 ], [ -86.779511, 35.966027 ], [ -86.778937, 35.966046 ], [ -86.778836, 35.966062 ], [ -86.77841, 35.966178 ], [ -86.778304, 35.966207 ], [ -86.778293, 35.966211 ], [ -86.778162, 35.966262 ], [ -86.778042, 35.96634 ], [ -86.77785, 35.966522 ], [ -86.777745, 35.966685 ], [ -86.777704, 35.966789 ], [ -86.77766, 35.966986 ], [ -86.77748, 35.967803 ], [ -86.777336, 35.968128 ], [ -86.776939, 35.968727 ], [ -86.77684, 35.968863 ], [ -86.776777, 35.968937 ], [ -86.776607, 35.969138 ], [ -86.776532, 35.969208 ], [ -86.77627, 35.969444 ], [ -86.776027, 35.969687 ], [ -86.775762, 35.969822 ], [ -86.775286, 35.970044 ], [ -86.774769, 35.970158 ], [ -86.774293, 35.970288 ], [ -86.774217, 35.970309 ], [ -86.773826, 35.970409 ], [ -86.77389, 35.970605 ], [ -86.774115, 35.9711 ], [ -86.77428, 35.971381 ], [ -86.774558, 35.971766 ], [ -86.774765, 35.97205 ], [ -86.774972, 35.972285 ], [ -86.775115, 35.972493 ], [ -86.775255, 35.972759 ], [ -86.776297, 35.975104 ], [ -86.776463, 35.97552 ], [ -86.776623, 35.976055 ], [ -86.776716, 35.976601 ], [ -86.776774, 35.97708 ], [ -86.776811, 35.977642 ], [ -86.776853, 35.978345 ], [ -86.776871, 35.978626 ], [ -86.776932, 35.979321 ], [ -86.777063, 35.980449 ], [ -86.777145, 35.98115 ], [ -86.777176, 35.981413 ], [ -86.777198, 35.981591 ], [ -86.777363, 35.982916 ], [ -86.777418, 35.983358 ], [ -86.777377, 35.983363 ], [ -86.777304, 35.983363 ], [ -86.777079, 35.983363 ], [ -86.776966, 35.983381 ], [ -86.776944, 35.983385 ], [ -86.776853, 35.983388 ], [ -86.776696, 35.982922 ], [ -86.776227, 35.981526 ], [ -86.776071, 35.981061 ], [ -86.775835, 35.980349 ], [ -86.77513, 35.978213 ], [ -86.774895, 35.977502 ], [ -86.774649, 35.977478 ], [ -86.774186, 35.977425 ], [ -86.773777, 35.977379 ], [ -86.772895, 35.977279 ], [ -86.772062, 35.977182 ], [ -86.771354, 35.977101 ], [ -86.770699, 35.977032 ], [ -86.770103, 35.976955 ], [ -86.769647, 35.976908 ], [ -86.768944, 35.976837 ], [ -86.76818, 35.976776 ], [ -86.765222, 35.976469 ], [ -86.7649, 35.976469 ], [ -86.764805, 35.976479 ], [ -86.764626, 35.976505 ], [ -86.764521, 35.976531 ], [ -86.763679, 35.976742 ], [ -86.763344, 35.976864 ], [ -86.763148, 35.976951 ], [ -86.762909, 35.977093 ], [ -86.762234, 35.977524 ], [ -86.761543, 35.977966 ], [ -86.761291, 35.978107 ], [ -86.761072, 35.978198 ], [ -86.760777, 35.978275 ], [ -86.76049, 35.978302 ], [ -86.7602, 35.978291 ], [ -86.760028, 35.978273 ], [ -86.759618, 35.978231 ], [ -86.75937, 35.978208 ], [ -86.759231, 35.978196 ], [ -86.758922, 35.978169 ], [ -86.758523, 35.978147 ], [ -86.758286, 35.978134 ], [ -86.757942, 35.978155 ], [ -86.757782, 35.978165 ], [ -86.757065, 35.978264 ], [ -86.756453, 35.978343 ], [ -86.755737, 35.978458 ], [ -86.754157, 35.978649 ], [ -86.7541, 35.978654 ], [ -86.753427, 35.978724 ], [ -86.752815, 35.978779 ], [ -86.752447, 35.978815 ], [ -86.751346, 35.978925 ], [ -86.751054, 35.978955 ], [ -86.750979, 35.978962 ], [ -86.749728, 35.9791 ], [ -86.749676, 35.979108 ], [ -86.749432, 35.979147 ], [ -86.749032, 35.97924 ], [ -86.74882, 35.979299 ], [ -86.748017, 35.979548 ], [ -86.747709, 35.97965 ], [ -86.747082, 35.979864 ], [ -86.746498, 35.980093 ], [ -86.74628, 35.98022 ], [ -86.745995, 35.980415 ], [ -86.745517, 35.980743 ], [ -86.744904, 35.98114 ], [ -86.744572, 35.981365 ], [ -86.744021, 35.98174 ], [ -86.743583, 35.982049 ], [ -86.743256, 35.982281 ], [ -86.742655, 35.982745 ], [ -86.742587, 35.982801 ], [ -86.742216, 35.983125 ], [ -86.742092, 35.983232 ], [ -86.742018, 35.983297 ], [ -86.741936, 35.983369 ], [ -86.741192, 35.984044 ], [ -86.740684, 35.984462 ], [ -86.740478, 35.984604 ], [ -86.740439, 35.984631 ], [ -86.740102, 35.98481 ], [ -86.739902, 35.984898 ], [ -86.739175, 35.985166 ], [ -86.738622, 35.98537 ], [ -86.738363, 35.985465 ], [ -86.738121, 35.985556 ], [ -86.737898, 35.98564 ], [ -86.737014, 35.985974 ], [ -86.736484, 35.986191 ], [ -86.736412, 35.986233 ], [ -86.736505, 35.986276 ], [ -86.736747, 35.986407 ], [ -86.736789, 35.98643 ], [ -86.737128, 35.986651 ], [ -86.737677, 35.987056 ], [ -86.737982, 35.987281 ], [ -86.738031, 35.987319 ], [ -86.738083, 35.987358 ], [ -86.738376, 35.987582 ], [ -86.738697, 35.987797 ], [ -86.739286, 35.988099 ], [ -86.739318, 35.988114 ], [ -86.742018, 35.989386 ], [ -86.74265, 35.989671 ], [ -86.742738, 35.989709 ], [ -86.742993, 35.989796 ], [ -86.743384, 35.989871 ], [ -86.743682, 35.989906 ], [ -86.745252, 35.990092 ], [ -86.745057, 35.991431 ], [ -86.744937, 35.992084 ], [ -86.744801, 35.992516 ], [ -86.744735, 35.99271 ], [ -86.744499, 35.993414 ], [ -86.744495, 35.99343 ], [ -86.74442, 35.993781 ], [ -86.744298, 35.994632 ], [ -86.744109, 35.995956 ], [ -86.744031, 35.996315 ], [ -86.743902, 35.996713 ], [ -86.743557, 35.997587 ], [ -86.743471, 35.997873 ], [ -86.743261, 35.998946 ], [ -86.742967, 36.000511 ], [ -86.742923, 36.000748 ], [ -86.74286, 36.001081 ], [ -86.742637, 36.002407 ], [ -86.742597, 36.002898 ], [ -86.742596, 36.003156 ], [ -86.742613, 36.003488 ], [ -86.742622, 36.003664 ], [ -86.742635, 36.003798 ], [ -86.742764, 36.005123 ], [ -86.74283, 36.005721 ], [ -86.742839, 36.005802 ], [ -86.742861, 36.006109 ], [ -86.742851, 36.006308 ], [ -86.742843, 36.006364 ], [ -86.742709, 36.00677 ], [ -86.742469, 36.007408 ], [ -86.742286, 36.007897 ], [ -86.742279, 36.007917 ], [ -86.741875, 36.008996 ], [ -86.741768, 36.009227 ], [ -86.741723, 36.009299 ], [ -86.741622, 36.009469 ], [ -86.741361, 36.009866 ], [ -86.741019, 36.010384 ], [ -86.74041, 36.011311 ], [ -86.740118, 36.011751 ], [ -86.739923, 36.012047 ], [ -86.739756, 36.012258 ], [ -86.739044, 36.012902 ], [ -86.738696, 36.013218 ], [ -86.738652, 36.013256 ], [ -86.738439, 36.013115 ], [ -86.737742, 36.012762 ], [ -86.73497, 36.011358 ], [ -86.734426, 36.011083 ], [ -86.734046, 36.010891 ], [ -86.733019, 36.010362 ], [ -86.732843, 36.010272 ], [ -86.732069, 36.009873 ], [ -86.731882, 36.009856 ], [ -86.729686, 36.009643 ], [ -86.728537, 36.009532 ], [ -86.728276, 36.009507 ], [ -86.727496, 36.009432 ], [ -86.727236, 36.009407 ], [ -86.72719, 36.009403 ], [ -86.726775, 36.009367 ], [ -86.726076, 36.009306 ], [ -86.72553, 36.00926 ], [ -86.725115, 36.009225 ], [ -86.724944, 36.00921 ], [ -86.724431, 36.009166 ], [ -86.72426, 36.009152 ], [ -86.724195, 36.009146 ], [ -86.724002, 36.009129 ], [ -86.723938, 36.009124 ], [ -86.723668, 36.0091 ], [ -86.722858, 36.009031 ], [ -86.722589, 36.009008 ], [ -86.722411, 36.008994 ], [ -86.722181, 36.008976 ], [ -86.72188, 36.008948 ], [ -86.721703, 36.008932 ], [ -86.721594, 36.008923 ], [ -86.72103, 36.008852 ], [ -86.720169, 36.008744 ], [ -86.720145, 36.008741 ], [ -86.720133, 36.00874 ], [ -86.719198, 36.008621 ], [ -86.718824, 36.008592 ], [ -86.712896, 36.008122 ], [ -86.711543, 36.00729 ], [ -86.704329, 36.002855 ], [ -86.703215, 36.00217 ], [ -86.702458, 36.001705 ], [ -86.700189, 36.000312 ], [ -86.69985, 36.000104 ], [ -86.699806, 36.000077 ], [ -86.699741, 36.000038 ], [ -86.699677, 35.999998 ], [ -86.699555, 35.999922 ], [ -86.699433, 35.999847 ], [ -86.699056, 35.999615 ], [ -86.697925, 35.99892 ], [ -86.697548, 35.998689 ], [ -86.697419, 35.998609 ], [ -86.696672, 35.99815 ], [ -86.694046, 35.996536 ], [ -86.693244, 35.996043 ], [ -86.693173, 35.996 ], [ -86.693053, 35.995665 ], [ -86.692872, 35.995153 ], [ -86.692488, 35.994816 ], [ -86.692324, 35.994753 ], [ -86.692165, 35.994682 ], [ -86.691904, 35.994581 ], [ -86.691596, 35.994572 ], [ -86.691422, 35.994636 ], [ -86.691346, 35.994648 ], [ -86.690694, 35.994905 ], [ -86.690195, 35.99498 ], [ -86.689695, 35.994924 ], [ -86.689614, 35.994966 ], [ -86.689499, 35.995028 ], [ -86.689318, 35.995124 ], [ -86.689273, 35.995109 ], [ -86.68914, 35.995064 ], [ -86.689096, 35.99505 ], [ -86.689019, 35.995066 ], [ -86.688819, 35.995108 ], [ -86.68799, 35.995284 ], [ -86.687714, 35.995343 ], [ -86.687394, 35.995104 ], [ -86.687305, 35.995037 ], [ -86.6872, 35.994962 ], [ -86.686735, 35.994608 ], [ -86.686455, 35.994363 ], [ -86.686347, 35.994269 ], [ -86.686164, 35.994092 ], [ -86.686044, 35.993976 ], [ -86.685882, 35.993799 ], [ -86.685059, 35.992899 ], [ -86.684785, 35.992599 ], [ -86.684523, 35.992314 ], [ -86.683781, 35.991505 ], [ -86.683738, 35.991459 ], [ -86.683475, 35.991177 ], [ -86.683327, 35.991015 ], [ -86.682884, 35.990531 ], [ -86.682737, 35.99037 ], [ -86.682682, 35.99031 ], [ -86.682517, 35.99013 ], [ -86.682462, 35.99007 ], [ -86.682442, 35.990048 ], [ -86.682343, 35.989939 ], [ -86.682189, 35.989769 ], [ -86.682, 35.989536 ], [ -86.681889, 35.989399 ], [ -86.679411, 35.988436 ], [ -86.678252, 35.987988 ], [ -86.676845, 35.987445 ], [ -86.676761, 35.987413 ], [ -86.6761, 35.987158 ], [ -86.675907, 35.987083 ], [ -86.675738, 35.987018 ], [ -86.675519, 35.986933 ], [ -86.675476, 35.986916 ], [ -86.674927, 35.986704 ], [ -86.674534, 35.986552 ], [ -86.673863, 35.986292 ], [ -86.673747, 35.986247 ], [ -86.673426, 35.986124 ], [ -86.672482, 35.98576 ], [ -86.669453, 35.984592 ], [ -86.667542, 35.983855 ], [ -86.666792, 35.983565 ], [ -86.664852, 35.982816 ], [ -86.664248, 35.982583 ], [ -86.6636, 35.982334 ], [ -86.66171, 35.981604 ], [ -86.656665, 35.979657 ], [ -86.656189, 35.979472 ], [ -86.654761, 35.97892 ], [ -86.654285, 35.978736 ], [ -86.654186, 35.978698 ], [ -86.653891, 35.978585 ], [ -86.653793, 35.978548 ], [ -86.653293, 35.978355 ], [ -86.651796, 35.977776 ], [ -86.651297, 35.977584 ], [ -86.6506, 35.977314 ], [ -86.64851, 35.976507 ], [ -86.648288, 35.976422 ], [ -86.64829, 35.975914 ], [ -86.648289, 35.975845 ], [ -86.648288, 35.975641 ], [ -86.648288, 35.975573 ], [ -86.64825, 35.975569 ], [ -86.648195, 35.975565 ], [ -86.648136, 35.975559 ], [ -86.648099, 35.975556 ], [ -86.647925, 35.975539 ], [ -86.647403, 35.97549 ], [ -86.647229, 35.975474 ], [ -86.647085, 35.975461 ], [ -86.646656, 35.975425 ], [ -86.646513, 35.975413 ], [ -86.646387, 35.975402 ], [ -86.646012, 35.975369 ], [ -86.645887, 35.975359 ], [ -86.64514, 35.975269 ], [ -86.64474, 35.975247 ], [ -86.644008, 35.975206 ], [ -86.643552, 35.975181 ], [ -86.642968, 35.97514 ], [ -86.642367, 35.975097 ], [ -86.640347, 35.974948 ], [ -86.638803, 35.974811 ], [ -86.638366, 35.974779 ], [ -86.636485, 35.974642 ], [ -86.636019, 35.97461 ], [ -86.634622, 35.974517 ], [ -86.634157, 35.974486 ], [ -86.632912, 35.974401 ], [ -86.630549, 35.974241 ], [ -86.627397, 35.974027 ], [ -86.627695, 35.972128 ], [ -86.621951, 35.971627 ], [ -86.6186, 35.971336 ], [ -86.618625, 35.971086 ], [ -86.618664, 35.970684 ], [ -86.618782, 35.969481 ], [ -86.618822, 35.96908 ], [ -86.618828, 35.969023 ], [ -86.618837, 35.968908 ], [ -86.618857, 35.96866 ], [ -86.618878, 35.968395 ], [ -86.618892, 35.968224 ], [ -86.618893, 35.968208 ], [ -86.618896, 35.968163 ], [ -86.618899, 35.968141 ], [ -86.6189, 35.967963 ], [ -86.618928, 35.967712 ], [ -86.619946, 35.967867 ], [ -86.620309, 35.967921 ], [ -86.620811, 35.967997 ], [ -86.621783, 35.968145 ], [ -86.621911, 35.968232 ], [ -86.622047, 35.968068 ], [ -86.622266, 35.967968 ], [ -86.622618, 35.967807 ], [ -86.622753, 35.967744 ], [ -86.624923, 35.966758 ], [ -86.625036, 35.966706 ], [ -86.624027, 35.96453 ], [ -86.62401, 35.964492 ], [ -86.623658, 35.964169 ], [ -86.623058, 35.964013 ], [ -86.622003, 35.964058 ], [ -86.622024, 35.963913 ], [ -86.622203, 35.962643 ], [ -86.622201, 35.962161 ], [ -86.622195, 35.959463 ], [ -86.622363, 35.958019 ], [ -86.623501, 35.958047 ], [ -86.623629, 35.95805 ], [ -86.624585, 35.958169 ], [ -86.624639, 35.958145 ], [ -86.625153, 35.954574 ], [ -86.625152, 35.954425 ], [ -86.624949, 35.954122 ], [ -86.624984, 35.953923 ], [ -86.623788, 35.952701 ], [ -86.623733, 35.952645 ], [ -86.623629, 35.952539 ], [ -86.622461, 35.951346 ], [ -86.621683, 35.950552 ], [ -86.62166, 35.950528 ], [ -86.621556, 35.950422 ], [ -86.614985, 35.943708 ], [ -86.615032, 35.943593 ], [ -86.61571, 35.941937 ], [ -86.615817, 35.941677 ], [ -86.615923, 35.941417 ], [ -86.616395, 35.940263 ], [ -86.619121, 35.933946 ], [ -86.624995, 35.920343 ], [ -86.625468, 35.919017 ], [ -86.625878, 35.918348 ], [ -86.62652, 35.916784 ], [ -86.626851, 35.915866 ], [ -86.626978, 35.915135 ], [ -86.626884, 35.914956 ], [ -86.626532, 35.914281 ], [ -86.626216, 35.913181 ], [ -86.626625, 35.91249 ], [ -86.62731, 35.911574 ], [ -86.62791, 35.910961 ], [ -86.628, 35.910163 ], [ -86.627624, 35.90958 ], [ -86.62757, 35.909225 ], [ -86.627338, 35.909018 ], [ -86.627157, 35.908857 ], [ -86.626927, 35.908502 ], [ -86.626592, 35.907733 ], [ -86.626345, 35.907251 ], [ -86.625835, 35.90673 ], [ -86.62544, 35.906411 ], [ -86.624994, 35.906052 ], [ -86.624243, 35.905421 ], [ -86.61763, 35.899864 ], [ -86.616933, 35.896957 ], [ -86.61626, 35.894148 ], [ -86.615132, 35.88944 ], [ -86.615109, 35.889341 ], [ -86.613771, 35.883756 ], [ -86.614713, 35.883226 ], [ -86.615513, 35.882778 ], [ -86.619588, 35.883715 ], [ -86.621372, 35.882569 ], [ -86.619485, 35.875064 ], [ -86.619104, 35.873619 ], [ -86.618698, 35.871919 ], [ -86.618556, 35.871339 ], [ -86.618408, 35.871243 ], [ -86.618209, 35.871074 ], [ -86.617315, 35.870223 ], [ -86.617188, 35.869932 ], [ -86.617144, 35.869829 ], [ -86.617122, 35.869425 ], [ -86.617296, 35.868812 ], [ -86.617561, 35.868512 ], [ -86.617905, 35.86818 ], [ -86.618032, 35.867913 ], [ -86.617901, 35.867486 ], [ -86.61766, 35.866971 ], [ -86.617617, 35.866285 ], [ -86.617475, 35.865673 ], [ -86.617502, 35.865342 ], [ -86.617698, 35.864978 ], [ -86.617627, 35.864478 ], [ -86.617427, 35.864132 ], [ -86.617228, 35.86399 ], [ -86.616923, 35.863772 ], [ -86.616893, 35.86375 ], [ -86.616808, 35.863685 ], [ -86.616781, 35.863666 ], [ -86.616665, 35.863577 ], [ -86.616006, 35.863027 ], [ -86.615757, 35.862585 ], [ -86.615597, 35.862343 ], [ -86.615309, 35.862103 ], [ -86.614863, 35.861895 ], [ -86.614596, 35.861735 ], [ -86.614013, 35.861672 ], [ -86.613419, 35.861569 ], [ -86.612944, 35.861378 ], [ -86.612721, 35.861139 ], [ -86.612675, 35.861088 ], [ -86.612056, 35.85997 ], [ -86.61208, 35.859906 ], [ -86.60617, 35.858975 ], [ -86.607099, 35.855828 ], [ -86.605648, 35.855156 ], [ -86.605294, 35.854993 ], [ -86.605137, 35.85492 ], [ -86.605079, 35.85418 ], [ -86.603678, 35.85388 ], [ -86.600428, 35.853185 ], [ -86.600221, 35.851519 ], [ -86.600209, 35.851429 ], [ -86.600176, 35.851168 ], [ -86.600167, 35.851081 ], [ -86.600032, 35.849994 ], [ -86.600221, 35.849847 ], [ -86.601457, 35.848891 ], [ -86.601178, 35.846465 ], [ -86.601026, 35.84514 ], [ -86.601222, 35.845021 ], [ -86.601356, 35.844927 ], [ -86.601433, 35.844855 ], [ -86.601527, 35.844738 ], [ -86.60162, 35.844535 ], [ -86.601649, 35.844268 ], [ -86.601655, 35.844224 ], [ -86.601659, 35.84411 ], [ -86.601658, 35.843943 ], [ -86.601676, 35.843608 ], [ -86.601662, 35.843448 ], [ -86.601581, 35.842973 ], [ -86.601515, 35.842691 ], [ -86.60147, 35.84242 ], [ -86.601445, 35.842213 ], [ -86.601439, 35.84208 ], [ -86.601443, 35.841963 ], [ -86.60146, 35.841759 ], [ -86.60149, 35.841567 ], [ -86.601506, 35.841498 ], [ -86.601547, 35.841417 ], [ -86.601598, 35.841331 ], [ -86.601752, 35.841161 ], [ -86.601851, 35.841062 ], [ -86.6019, 35.841022 ], [ -86.601931, 35.840997 ], [ -86.601992, 35.840958 ], [ -86.602228, 35.840853 ], [ -86.602333, 35.840811 ], [ -86.602401, 35.840769 ], [ -86.602463, 35.84071 ], [ -86.602505, 35.840663 ], [ -86.602544, 35.840576 ], [ -86.602562, 35.840481 ], [ -86.602582, 35.840246 ], [ -86.602683, 35.840228 ], [ -86.602988, 35.840177 ], [ -86.60309, 35.840161 ], [ -86.603221, 35.84014 ], [ -86.603247, 35.839957 ], [ -86.603384, 35.839017 ], [ -86.60343, 35.838704 ], [ -86.608061, 35.838735 ], [ -86.608358, 35.838738 ], [ -86.616383, 35.838795 ], [ -86.616949, 35.834334 ], [ -86.617084, 35.833264 ], [ -86.617335, 35.831287 ], [ -86.619949, 35.831643 ], [ -86.621611, 35.831869 ], [ -86.622427, 35.831981 ], [ -86.624995, 35.832202 ], [ -86.625534, 35.832249 ], [ -86.625661, 35.831165 ], [ -86.625858, 35.829499 ], [ -86.625889, 35.828944 ], [ -86.625984, 35.827288 ], [ -86.626009, 35.826859 ], [ -86.626018, 35.826738 ], [ -86.626027, 35.826526 ], [ -86.624995, 35.826445 ], [ -86.622262, 35.826074 ], [ -86.619792, 35.82574 ], [ -86.619306, 35.82566 ], [ -86.616046, 35.825127 ], [ -86.613506, 35.824671 ], [ -86.613209, 35.824648 ], [ -86.612657, 35.824739 ], [ -86.611816, 35.824558 ], [ -86.611806, 35.824469 ], [ -86.611996, 35.823148 ], [ -86.612109, 35.82237 ], [ -86.612512, 35.820392 ], [ -86.612722, 35.819309 ], [ -86.612707, 35.819215 ], [ -86.612483, 35.817855 ], [ -86.612414, 35.817439 ], [ -86.612245, 35.817448 ], [ -86.61232, 35.816786 ], [ -86.612494, 35.816003 ], [ -86.612868, 35.813965 ], [ -86.612951, 35.813515 ], [ -86.613433, 35.813486 ], [ -86.61387, 35.813486 ], [ -86.61691, 35.813484 ], [ -86.617033, 35.816227 ], [ -86.618354, 35.81617 ], [ -86.618691, 35.816156 ], [ -86.618748, 35.815551 ], [ -86.620919, 35.815445 ], [ -86.621684, 35.816297 ], [ -86.622475, 35.81631 ], [ -86.622619, 35.815689 ], [ -86.623291, 35.815735 ], [ -86.623615, 35.81366 ], [ -86.623826, 35.812522 ], [ -86.623863, 35.812403 ], [ -86.624564, 35.810196 ], [ -86.624995, 35.80927 ], [ -86.625198, 35.808897 ], [ -86.625273, 35.808492 ], [ -86.625188, 35.808232 ], [ -86.624996, 35.808196 ], [ -86.624442, 35.807848 ], [ -86.623581, 35.807336 ], [ -86.623284, 35.807223 ], [ -86.622878, 35.806967 ], [ -86.622689, 35.806742 ], [ -86.622415, 35.805227 ], [ -86.619801, 35.805659 ], [ -86.619475, 35.805714 ], [ -86.619678, 35.806859 ], [ -86.61971, 35.807174 ], [ -86.619486, 35.807851 ], [ -86.619016, 35.808499 ], [ -86.616937, 35.809054 ], [ -86.61536, 35.809476 ], [ -86.614994, 35.809573 ], [ -86.613896, 35.809867 ], [ -86.613531, 35.809965 ], [ -86.613537, 35.809948 ], [ -86.613586, 35.809823 ], [ -86.613606, 35.809724 ], [ -86.613599, 35.80962 ], [ -86.613498, 35.809373 ], [ -86.613315, 35.809092 ], [ -86.613072, 35.808749 ], [ -86.613059, 35.80873 ], [ -86.612903, 35.808394 ], [ -86.612815, 35.808131 ], [ -86.612815, 35.807938 ], [ -86.612754, 35.807663 ], [ -86.612646, 35.807416 ], [ -86.612558, 35.80701 ], [ -86.612558, 35.806905 ], [ -86.612572, 35.806845 ], [ -86.612734, 35.806537 ], [ -86.612754, 35.806394 ], [ -86.612646, 35.80618 ], [ -86.612375, 35.805855 ], [ -86.612234, 35.805625 ], [ -86.612146, 35.805498 ], [ -86.611957, 35.804998 ], [ -86.611944, 35.804972 ], [ -86.611855, 35.804795 ], [ -86.611741, 35.804657 ], [ -86.611599, 35.804542 ], [ -86.611349, 35.80441 ], [ -86.611086, 35.804279 ], [ -86.610991, 35.804207 ], [ -86.610908, 35.804115 ], [ -86.611751, 35.799307 ], [ -86.613241, 35.790824 ], [ -86.613328, 35.790331 ], [ -86.61849, 35.790758 ], [ -86.618838, 35.790787 ], [ -86.623703, 35.791191 ], [ -86.623699, 35.791237 ], [ -86.623698, 35.791265 ], [ -86.62369, 35.79149 ], [ -86.623688, 35.791565 ], [ -86.623687, 35.791594 ], [ -86.623687, 35.791629 ], [ -86.623692, 35.791806 ], [ -86.623695, 35.791822 ], [ -86.62371, 35.791886 ], [ -86.62373, 35.791983 ], [ -86.623739, 35.792054 ], [ -86.623783, 35.792378 ], [ -86.623776, 35.792573 ], [ -86.623771, 35.792747 ], [ -86.623766, 35.792958 ], [ -86.62377, 35.793015 ], [ -86.623793, 35.793276 ], [ -86.623829, 35.793703 ], [ -86.623825, 35.793814 ], [ -86.623823, 35.793965 ], [ -86.623828, 35.794082 ], [ -86.62383, 35.794179 ], [ -86.623837, 35.794223 ], [ -86.623885, 35.794508 ], [ -86.623941, 35.794636 ], [ -86.623997, 35.794762 ], [ -86.624981, 35.794895 ], [ -86.626462, 35.795006 ], [ -86.631989, 35.79542 ], [ -86.632088, 35.794484 ], [ -86.633042, 35.794523 ], [ -86.635521, 35.794627 ], [ -86.635629, 35.794645 ], [ -86.635989, 35.794675 ], [ -86.637398, 35.794793 ], [ -86.637791, 35.794827 ], [ -86.637827, 35.794896 ], [ -86.638959, 35.794977 ], [ -86.642355, 35.79522 ], [ -86.643487, 35.795301 ], [ -86.64445, 35.79537 ], [ -86.647049, 35.795558 ], [ -86.647094, 35.795269 ], [ -86.647234, 35.794373 ], [ -86.647243, 35.794314 ], [ -86.647263, 35.79418 ], [ -86.647325, 35.79378 ], [ -86.647347, 35.793647 ], [ -86.647434, 35.793089 ], [ -86.647695, 35.791416 ], [ -86.647783, 35.790858 ], [ -86.647795, 35.790781 ], [ -86.647831, 35.790547 ], [ -86.647844, 35.79047 ], [ -86.647959, 35.790444 ], [ -86.647978, 35.79044 ], [ -86.648194, 35.790411 ], [ -86.648313, 35.790418 ], [ -86.648382, 35.790423 ], [ -86.648432, 35.79043 ], [ -86.648711, 35.790459 ], [ -86.64955, 35.790551 ], [ -86.649811, 35.79058 ], [ -86.64983, 35.790581 ], [ -86.649843, 35.790477 ], [ -86.649875, 35.790209 ], [ -86.649878, 35.790166 ], [ -86.649886, 35.790063 ], [ -86.649887, 35.790038 ], [ -86.649889, 35.790022 ], [ -86.649909, 35.789896 ], [ -86.649916, 35.789855 ], [ -86.649964, 35.789859 ], [ -86.650109, 35.789871 ], [ -86.650157, 35.789876 ], [ -86.650465, 35.789902 ], [ -86.650962, 35.789944 ], [ -86.651395, 35.78998 ], [ -86.651684, 35.790005 ], [ -86.651706, 35.790006 ], [ -86.651984, 35.790029 ], [ -86.653463, 35.790155 ], [ -86.658733, 35.790601 ], [ -86.660492, 35.790752 ], [ -86.660963, 35.790787 ], [ -86.66238, 35.790897 ], [ -86.662783, 35.790928 ], [ -86.662855, 35.790934 ], [ -86.663088, 35.790421 ], [ -86.663229, 35.789927 ], [ -86.663374, 35.789421 ], [ -86.663368, 35.789174 ], [ -86.663152, 35.788827 ], [ -86.66291, 35.788598 ], [ -86.662693, 35.788392 ], [ -86.662149, 35.787977 ], [ -86.661899, 35.787643 ], [ -86.661751, 35.787367 ], [ -86.661689, 35.787251 ], [ -86.661459, 35.786608 ], [ -86.661457, 35.786382 ], [ -86.661467, 35.786348 ], [ -86.661457, 35.786317 ], [ -86.661454, 35.786008 ], [ -86.661542, 35.785734 ], [ -86.661772, 35.785392 ], [ -86.662134, 35.785137 ], [ -86.662726, 35.78483 ], [ -86.662892, 35.784695 ], [ -86.663112, 35.784519 ], [ -86.663329, 35.784211 ], [ -86.664042, 35.783682 ], [ -86.664239, 35.783252 ], [ -86.664217, 35.782898 ], [ -86.664144, 35.78273 ], [ -86.663931, 35.782503 ], [ -86.663667, 35.782312 ], [ -86.663316, 35.782158 ], [ -86.662919, 35.782167 ], [ -86.662707, 35.782219 ], [ -86.662066, 35.782534 ], [ -86.661728, 35.78261 ], [ -86.661398, 35.782512 ], [ -86.660081, 35.781796 ], [ -86.659966, 35.781734 ], [ -86.659728, 35.781481 ], [ -86.659664, 35.781169 ], [ -86.659902, 35.78005 ], [ -86.659926, 35.779626 ], [ -86.65998, 35.77907 ], [ -86.660052, 35.778342 ], [ -86.660299, 35.77743 ], [ -86.660306, 35.777408 ], [ -86.660225, 35.776879 ], [ -86.660235, 35.776752 ], [ -86.660245, 35.776624 ], [ -86.660275, 35.776226 ], [ -86.6603, 35.776027 ], [ -86.660625, 35.773483 ], [ -86.660635, 35.77341 ], [ -86.660717, 35.772634 ], [ -86.660826, 35.771593 ], [ -86.661156, 35.768471 ], [ -86.661266, 35.767431 ], [ -86.66128, 35.767433 ], [ -86.661504, 35.767459 ], [ -86.662201, 35.767541 ], [ -86.662217, 35.767547 ], [ -86.662443, 35.767629 ], [ -86.662568, 35.767809 ], [ -86.662622, 35.768357 ], [ -86.662634, 35.76848 ], [ -86.662671, 35.768768 ], [ -86.662767, 35.76896 ], [ -86.662877, 35.769079 ], [ -86.663443, 35.769452 ], [ -86.663554, 35.76968 ], [ -86.663561, 35.769848 ], [ -86.663488, 35.770264 ], [ -86.663444, 35.770525 ], [ -86.663458, 35.770716 ], [ -86.663531, 35.770849 ], [ -86.663598, 35.770896 ], [ -86.663666, 35.770943 ], [ -86.663821, 35.770982 ], [ -86.664068, 35.771002 ], [ -86.665291, 35.771102 ], [ -86.6657, 35.771136 ], [ -86.667327, 35.771325 ], [ -86.667399, 35.771332 ], [ -86.670776, 35.771705 ], [ -86.671037, 35.771726 ], [ -86.671288, 35.771736 ], [ -86.671371, 35.771721 ], [ -86.671439, 35.771697 ], [ -86.671521, 35.771644 ], [ -86.671583, 35.771541 ], [ -86.671618, 35.771427 ], [ -86.671662, 35.77113 ], [ -86.671715, 35.770706 ], [ -86.671786, 35.770155 ], [ -86.671904, 35.7694 ], [ -86.671977, 35.769016 ], [ -86.671982, 35.768985 ], [ -86.672, 35.768894 ], [ -86.672002, 35.768885 ], [ -86.67201, 35.768866 ], [ -86.67203, 35.76882 ], [ -86.672094, 35.768743 ], [ -86.672194, 35.768683 ], [ -86.672316, 35.768648 ], [ -86.672417, 35.768633 ], [ -86.672562, 35.768625 ], [ -86.672737, 35.768623 ], [ -86.672897, 35.768637 ], [ -86.673575, 35.768731 ], [ -86.674363, 35.768832 ], [ -86.674498, 35.768853 ], [ -86.675149, 35.76896 ], [ -86.675135, 35.768304 ], [ -86.6751, 35.766342 ], [ -86.675091, 35.765689 ], [ -86.678142, 35.765772 ], [ -86.678645, 35.762187 ], [ -86.679478, 35.756258 ], [ -86.679931, 35.756304 ], [ -86.680326, 35.753875 ], [ -86.680854, 35.750621 ], [ -86.681701, 35.750753 ], [ -86.681813, 35.750066 ], [ -86.688045, 35.750658 ], [ -86.692366, 35.751069 ], [ -86.69219, 35.751972 ], [ -86.692155, 35.75227 ], [ -86.692181, 35.752448 ], [ -86.692486, 35.753328 ], [ -86.692493, 35.75335 ], [ -86.692499, 35.753365 ], [ -86.692475, 35.753416 ], [ -86.692465, 35.753438 ], [ -86.692372, 35.753639 ], [ -86.692094, 35.754242 ], [ -86.692025, 35.754393 ], [ -86.692076, 35.754414 ], [ -86.692141, 35.754441 ], [ -86.69231, 35.754511 ], [ -86.692339, 35.75452 ], [ -86.692376, 35.754532 ], [ -86.692584, 35.754189 ], [ -86.692874, 35.753739 ], [ -86.692884, 35.753723 ], [ -86.693006, 35.753534 ], [ -86.693406, 35.752922 ], [ -86.69354, 35.752719 ], [ -86.693698, 35.752712 ], [ -86.694237, 35.752691 ], [ -86.695234, 35.752653 ], [ -86.69565, 35.752613 ], [ -86.696117, 35.752539 ], [ -86.696318, 35.752486 ], [ -86.696904, 35.752334 ], [ -86.697018, 35.752301 ], [ -86.697123, 35.75227 ], [ -86.697163, 35.752259 ], [ -86.697342, 35.75224 ], [ -86.697462, 35.752226 ], [ -86.697637, 35.752222 ], [ -86.697803, 35.752226 ], [ -86.698032, 35.752232 ], [ -86.698427, 35.752242 ], [ -86.698804, 35.752274 ], [ -86.698923, 35.752289 ], [ -86.699874, 35.75247 ], [ -86.700251, 35.752525 ], [ -86.701355, 35.752616 ], [ -86.702395, 35.752674 ], [ -86.702496, 35.75268 ], [ -86.703164, 35.752727 ], [ -86.708538, 35.753214 ], [ -86.708662, 35.753225 ], [ -86.709758, 35.753335 ], [ -86.710404, 35.753387 ], [ -86.710809, 35.753395 ], [ -86.711533, 35.753365 ], [ -86.712164, 35.753338 ], [ -86.713322, 35.753321 ], [ -86.713557, 35.753331 ], [ -86.713982, 35.753373 ], [ -86.714461, 35.75345 ], [ -86.714897, 35.753557 ], [ -86.715405, 35.753724 ], [ -86.716144, 35.754052 ], [ -86.716551, 35.754277 ], [ -86.716739, 35.754399 ], [ -86.717475, 35.754977 ], [ -86.71778, 35.75519 ], [ -86.718161, 35.755409 ], [ -86.718174, 35.755417 ], [ -86.718546, 35.755592 ], [ -86.718979, 35.755753 ], [ -86.719177, 35.755821 ], [ -86.721174, 35.75653 ], [ -86.721557, 35.756652 ], [ -86.721783, 35.756705 ], [ -86.722026, 35.756762 ], [ -86.722182, 35.756785 ], [ -86.72227, 35.756797 ], [ -86.722398, 35.756816 ], [ -86.722536, 35.756827 ], [ -86.722626, 35.756835 ], [ -86.723025, 35.756869 ], [ -86.723495, 35.756887 ], [ -86.723543, 35.756889 ], [ -86.724595, 35.756947 ], [ -86.725407, 35.757015 ], [ -86.726287, 35.757144 ], [ -86.726695, 35.757204 ], [ -86.727195, 35.757294 ], [ -86.727239, 35.757307 ], [ -86.727374, 35.757347 ], [ -86.727419, 35.757361 ], [ -86.727581, 35.75741 ], [ -86.727603, 35.757417 ], [ -86.728044, 35.757619 ], [ -86.728069, 35.757631 ], [ -86.728192, 35.757702 ], [ -86.728401, 35.757838 ], [ -86.728466, 35.75788 ], [ -86.728551, 35.757947 ], [ -86.72873, 35.758103 ], [ -86.728807, 35.758179 ], [ -86.72895, 35.758344 ], [ -86.728973, 35.758371 ], [ -86.729114, 35.758534 ], [ -86.729344, 35.758802 ], [ -86.730037, 35.759606 ], [ -86.730189, 35.759782 ], [ -86.730275, 35.759869 ], [ -86.730306, 35.759901 ], [ -86.730402, 35.759997 ], [ -86.730434, 35.760029 ], [ -86.730462, 35.760054 ], [ -86.730547, 35.760129 ], [ -86.730576, 35.760155 ], [ -86.730604, 35.760134 ], [ -86.730688, 35.760076 ], [ -86.73072, 35.760052 ], [ -86.730735, 35.760073 ], [ -86.730776, 35.760123 ], [ -86.730884, 35.760199 ], [ -86.731106, 35.760392 ], [ -86.731241, 35.760485 ], [ -86.731592, 35.760666 ], [ -86.731707, 35.760749 ], [ -86.731896, 35.760875 ], [ -86.732118, 35.76099 ], [ -86.732368, 35.761128 ], [ -86.732543, 35.761243 ], [ -86.732678, 35.761309 ], [ -86.732745, 35.761358 ], [ -86.73286, 35.761485 ], [ -86.732941, 35.761606 ], [ -86.732969, 35.761691 ], [ -86.732989, 35.761754 ], [ -86.733043, 35.761968 ], [ -86.733049, 35.762144 ], [ -86.73305, 35.762595 ], [ -86.73307, 35.762776 ], [ -86.733111, 35.762914 ], [ -86.733178, 35.763046 ], [ -86.733259, 35.763172 ], [ -86.733489, 35.763425 ], [ -86.733934, 35.763804 ], [ -86.734055, 35.76393 ], [ -86.734183, 35.764073 ], [ -86.734278, 35.764149 ], [ -86.734312, 35.764177 ], [ -86.73448, 35.764293 ], [ -86.734797, 35.764485 ], [ -86.734946, 35.764551 ], [ -86.735101, 35.764639 ], [ -86.735182, 35.764716 ], [ -86.735256, 35.76482 ], [ -86.73529, 35.76493 ], [ -86.735308, 35.765013 ], [ -86.735316, 35.765059 ], [ -86.735397, 35.765094 ], [ -86.735469, 35.765125 ], [ -86.735648, 35.765187 ], [ -86.735733, 35.765217 ], [ -86.735828, 35.765119 ], [ -86.735874, 35.765091 ], [ -86.735922, 35.765064 ], [ -86.736302, 35.764952 ], [ -86.736412, 35.764902 ], [ -86.736451, 35.764886 ], [ -86.73658, 35.764812 ], [ -86.736763, 35.764708 ], [ -86.737102, 35.764501 ], [ -86.73819, 35.763842 ], [ -86.738261, 35.763817 ], [ -86.738392, 35.763796 ], [ -86.738472, 35.763799 ], [ -86.738636, 35.763822 ], [ -86.738734, 35.763828 ], [ -86.738849, 35.763836 ], [ -86.738989, 35.76382 ], [ -86.739076, 35.763793 ], [ -86.739309, 35.763676 ], [ -86.739883, 35.763386 ], [ -86.740006, 35.763333 ], [ -86.740509, 35.763232 ], [ -86.740713, 35.763153 ], [ -86.740801, 35.763109 ], [ -86.741178, 35.762889 ], [ -86.741619, 35.762641 ], [ -86.741801, 35.762539 ], [ -86.742165, 35.762312 ], [ -86.742616, 35.76203 ], [ -86.743016, 35.761782 ], [ -86.74323, 35.761665 ], [ -86.743449, 35.761621 ], [ -86.743777, 35.761547 ], [ -86.743948, 35.761478 ], [ -86.744066, 35.761406 ], [ -86.744522, 35.761132 ], [ -86.74491, 35.760898 ], [ -86.745224, 35.760688 ], [ -86.74536, 35.760619 ], [ -86.745495, 35.760569 ], [ -86.74579, 35.760495 ], [ -86.745947, 35.760348 ], [ -86.746054, 35.760168 ], [ -86.746123, 35.759918 ], [ -86.746101, 35.759701 ], [ -86.746033, 35.759585 ], [ -86.745935, 35.759504 ], [ -86.745827, 35.759453 ], [ -86.745693, 35.759427 ], [ -86.745159, 35.759401 ], [ -86.744668, 35.759356 ], [ -86.744464, 35.759313 ], [ -86.744244, 35.759235 ], [ -86.744148, 35.759162 ], [ -86.744116, 35.759111 ], [ -86.744104, 35.759091 ], [ -86.74405, 35.758898 ], [ -86.744025, 35.75863 ], [ -86.744068, 35.758278 ], [ -86.744105, 35.75813 ], [ -86.744161, 35.758059 ], [ -86.744186, 35.758037 ], [ -86.744224, 35.758003 ], [ -86.744341, 35.757902 ], [ -86.744357, 35.757889 ], [ -86.74438, 35.757868 ], [ -86.744588, 35.757675 ], [ -86.744791, 35.757468 ], [ -86.744933, 35.75734 ], [ -86.74512, 35.757239 ], [ -86.745163, 35.757223 ], [ -86.745764, 35.757004 ], [ -86.745901, 35.756917 ], [ -86.746199, 35.756701 ], [ -86.746349, 35.756623 ], [ -86.746566, 35.756542 ], [ -86.746891, 35.75644 ], [ -86.747171, 35.756336 ], [ -86.747349, 35.756219 ], [ -86.74774, 35.755923 ], [ -86.747858, 35.755872 ], [ -86.747888, 35.755866 ], [ -86.747952, 35.755854 ], [ -86.748103, 35.755849 ], [ -86.748294, 35.755881 ], [ -86.7486, 35.755923 ], [ -86.748764, 35.75592 ], [ -86.748904, 35.7559 ], [ -86.74896, 35.75588 ], [ -86.74906, 35.755846 ], [ -86.749127, 35.755817 ], [ -86.749183, 35.755795 ], [ -86.749296, 35.755747 ], [ -86.749636, 35.755607 ], [ -86.74975, 35.755561 ], [ -86.7498, 35.75554 ], [ -86.750181, 35.755371 ], [ -86.751116, 35.75496 ], [ -86.751281, 35.75489 ], [ -86.751478, 35.754806 ], [ -86.75153, 35.754784 ], [ -86.751927, 35.754664 ], [ -86.75197, 35.754659 ], [ -86.752076, 35.754646 ], [ -86.752394, 35.754611 ], [ -86.752417, 35.754609 ], [ -86.752501, 35.754598 ], [ -86.752921, 35.754542 ], [ -86.752966, 35.754533 ], [ -86.753892, 35.754333 ], [ -86.75426, 35.754272 ], [ -86.754348, 35.754265 ], [ -86.754666, 35.754242 ], [ -86.754816, 35.754223 ], [ -86.754936, 35.754208 ], [ -86.755128, 35.754164 ], [ -86.755293, 35.754128 ], [ -86.755483, 35.754103 ], [ -86.756076, 35.754089 ], [ -86.756092, 35.754089 ], [ -86.756394, 35.754089 ], [ -86.756413, 35.754088 ], [ -86.756471, 35.754088 ], [ -86.756491, 35.754088 ], [ -86.756751, 35.754087 ], [ -86.757345, 35.754087 ], [ -86.757475, 35.754079 ], [ -86.757532, 35.754069 ], [ -86.75779, 35.754025 ], [ -86.757817, 35.754018 ], [ -86.757841, 35.754012 ], [ -86.757898, 35.753992 ], [ -86.757925, 35.753983 ], [ -86.758457, 35.753801 ], [ -86.75867, 35.753745 ], [ -86.758736, 35.753729 ], [ -86.759191, 35.753663 ], [ -86.759507, 35.753634 ], [ -86.760022, 35.753626 ], [ -86.761011, 35.753643 ], [ -86.761795, 35.753658 ], [ -86.762335, 35.753661 ], [ -86.763956, 35.753671 ], [ -86.764297, 35.753674 ], [ -86.764496, 35.753696 ], [ -86.764956, 35.753771 ], [ -86.765047, 35.753786 ], [ -86.765218, 35.753805 ], [ -86.765563, 35.753845 ], [ -86.766347, 35.753919 ], [ -86.766812, 35.753963 ], [ -86.766924, 35.753974 ], [ -86.767076, 35.753991 ], [ -86.76753, 35.754042 ], [ -86.767746, 35.754095 ], [ -86.767856, 35.754141 ], [ -86.768015, 35.754208 ], [ -86.768075, 35.754244 ], [ -86.768097, 35.754255 ], [ -86.768136, 35.754274 ], [ -86.768146, 35.754279 ], [ -86.768247, 35.75434 ], [ -86.768552, 35.754524 ], [ -86.768654, 35.754586 ], [ -86.768768, 35.754655 ], [ -86.768842, 35.754699 ], [ -86.76941, 35.755035 ], [ -86.7696, 35.755147 ], [ -86.769854, 35.755292 ], [ -86.770082, 35.755422 ], [ -86.770622, 35.755718 ], [ -86.770879, 35.75586 ], [ -86.771302, 35.756092 ], [ -86.771917, 35.75643 ], [ -86.772575, 35.756786 ], [ -86.772977, 35.757005 ], [ -86.773, 35.757017 ], [ -86.773053, 35.757008 ], [ -86.773114, 35.756996 ], [ -86.773316, 35.756991 ], [ -86.77341, 35.756996 ], [ -86.773518, 35.757024 ], [ -86.773606, 35.757057 ], [ -86.773673, 35.757095 ], [ -86.773821, 35.757161 ], [ -86.774408, 35.75737 ], [ -86.77457, 35.757442 ], [ -86.774725, 35.757552 ], [ -86.7749, 35.7577 ], [ -86.774981, 35.757728 ], [ -86.775055, 35.757744 ], [ -86.775197, 35.757783 ], [ -86.775386, 35.757794 ], [ -86.775541, 35.757788 ], [ -86.775932, 35.757789 ], [ -86.776053, 35.757827 ], [ -86.776161, 35.757855 ], [ -86.776383, 35.757893 ], [ -86.776599, 35.757948 ], [ -86.776707, 35.757965 ], [ -86.776808, 35.757992 ], [ -86.776998, 35.758032 ], [ -86.777044, 35.758042 ], [ -86.777247, 35.758069 ], [ -86.777732, 35.758097 ], [ -86.777847, 35.758097 ], [ -86.778056, 35.758125 ], [ -86.778312, 35.758147 ], [ -86.778528, 35.758185 ], [ -86.77873, 35.758257 ], [ -86.778919, 35.758317 ], [ -86.779242, 35.7584 ], [ -86.779445, 35.758438 ], [ -86.779647, 35.758455 ], [ -86.780288, 35.758537 ], [ -86.780436, 35.758543 ], [ -86.780665, 35.758565 ], [ -86.780827, 35.758576 ], [ -86.780969, 35.758598 ], [ -86.78113, 35.758609 ], [ -86.781461, 35.75862 ], [ -86.781609, 35.758593 ], [ -86.78171, 35.758543 ], [ -86.781825, 35.758455 ], [ -86.781899, 35.758378 ], [ -86.78198, 35.75828 ], [ -86.782021, 35.758252 ], [ -86.782061, 35.758203 ], [ -86.782183, 35.75812 ], [ -86.782317, 35.758076 ], [ -86.78254, 35.757994 ], [ -86.782749, 35.757934 ], [ -86.782951, 35.757884 ], [ -86.783143, 35.757859 ], [ -86.78316, 35.757857 ], [ -86.783369, 35.75784 ], [ -86.783599, 35.757835 ], [ -86.784071, 35.757862 ], [ -86.784509, 35.757835 ], [ -86.784671, 35.757818 ], [ -86.784887, 35.757808 ], [ -86.785021, 35.757819 ], [ -86.785143, 35.757808 ], [ -86.785278, 35.757808 ], [ -86.785507, 35.757841 ], [ -86.785628, 35.757901 ], [ -86.785824, 35.757973 ], [ -86.786009, 35.758061 ], [ -86.786053, 35.758083 ], [ -86.786127, 35.758105 ], [ -86.786208, 35.75811 ], [ -86.786316, 35.758132 ], [ -86.786397, 35.758165 ], [ -86.786512, 35.758231 ], [ -86.786606, 35.758303 ], [ -86.786707, 35.758402 ], [ -86.786761, 35.758418 ], [ -86.786909, 35.758451 ], [ -86.787004, 35.758451 ], [ -86.787085, 35.75844 ], [ -86.787199, 35.758407 ], [ -86.787334, 35.758374 ], [ -86.787442, 35.758363 ], [ -86.78755, 35.758374 ], [ -86.787604, 35.758391 ], [ -86.787725, 35.75844 ], [ -86.78788, 35.758512 ], [ -86.78817, 35.758638 ], [ -86.788298, 35.758682 ], [ -86.78844, 35.758715 ], [ -86.78873, 35.758743 ], [ -86.788858, 35.75877 ], [ -86.788945, 35.758784 ], [ -86.788996, 35.758769 ], [ -86.789028, 35.758758 ], [ -86.789191, 35.758708 ], [ -86.789281, 35.758694 ], [ -86.789368, 35.758682 ], [ -86.789626, 35.758703 ], [ -86.789792, 35.758748 ], [ -86.789888, 35.758774 ], [ -86.790095, 35.758856 ], [ -86.790559, 35.759101 ], [ -86.790799, 35.759192 ], [ -86.79118, 35.759283 ], [ -86.791401, 35.759323 ], [ -86.791588, 35.759357 ], [ -86.791653, 35.759378 ], [ -86.791735, 35.759425 ], [ -86.791855, 35.759546 ], [ -86.791863, 35.759559 ], [ -86.791896, 35.759607 ], [ -86.792058, 35.759883 ], [ -86.792632, 35.760862 ], [ -86.792824, 35.761189 ], [ -86.792957, 35.761422 ], [ -86.793205, 35.761855 ], [ -86.793353, 35.762126 ], [ -86.793483, 35.762363 ], [ -86.793612, 35.762598 ], [ -86.793792, 35.762856 ], [ -86.793948, 35.762999 ], [ -86.794144, 35.763128 ], [ -86.794211, 35.763163 ], [ -86.794518, 35.763323 ], [ -86.795056, 35.763583 ], [ -86.795283, 35.763716 ], [ -86.795581, 35.763935 ], [ -86.796924, 35.765038 ], [ -86.797779, 35.76574 ], [ -86.798022, 35.765939 ], [ -86.798753, 35.766536 ], [ -86.798973, 35.766715 ], [ -86.798998, 35.766735 ], [ -86.799147, 35.766855 ], [ -86.799476, 35.767122 ], [ -86.799576, 35.767217 ], [ -86.799585, 35.767228 ], [ -86.799679, 35.767333 ], [ -86.799706, 35.767377 ], [ -86.799784, 35.767506 ], [ -86.799838, 35.767663 ], [ -86.800152, 35.768562 ], [ -86.800272, 35.768857 ], [ -86.800406, 35.769113 ], [ -86.800491, 35.769228 ], [ -86.800527, 35.769276 ], [ -86.800694, 35.769442 ], [ -86.800903, 35.769587 ], [ -86.801591, 35.769886 ], [ -86.801887, 35.770015 ], [ -86.801986, 35.770065 ], [ -86.802473, 35.770312 ], [ -86.802718, 35.770437 ], [ -86.803949, 35.77103 ], [ -86.80437, 35.771233 ], [ -86.804445, 35.771263 ], [ -86.804562, 35.77131 ], [ -86.804727, 35.771376 ], [ -86.804859, 35.77142 ], [ -86.804919, 35.771441 ], [ -86.804994, 35.771466 ], [ -86.805041, 35.771479 ], [ -86.805061, 35.771484 ], [ -86.805124, 35.771502 ], [ -86.805145, 35.771508 ], [ -86.80529, 35.77154 ], [ -86.805522, 35.771591 ], [ -86.805728, 35.771624 ], [ -86.805841, 35.771642 ], [ -86.805876, 35.771646 ], [ -86.806025, 35.771661 ], [ -86.806472, 35.771708 ], [ -86.806622, 35.771724 ], [ -86.806654, 35.771727 ], [ -86.807076, 35.771765 ], [ -86.808012, 35.771852 ], [ -86.80844, 35.771895 ], [ -86.808895, 35.771941 ], [ -86.80909, 35.771961 ], [ -86.809257, 35.771974 ], [ -86.809494, 35.771994 ], [ -86.80976, 35.772043 ], [ -86.809991, 35.772111 ], [ -86.810266, 35.772227 ], [ -86.810306, 35.772247 ], [ -86.81063, 35.772414 ], [ -86.810669, 35.772434 ], [ -86.810962, 35.772611 ], [ -86.811059, 35.772671 ], [ -86.811251, 35.77279 ], [ -86.811603, 35.773048 ], [ -86.811865, 35.773262 ], [ -86.812268, 35.773563 ], [ -86.812629, 35.773832 ], [ -86.812672, 35.773861 ], [ -86.812874, 35.773999 ], [ -86.813335, 35.774315 ], [ -86.813493, 35.774392 ], [ -86.81353, 35.77441 ], [ -86.813726, 35.77447 ], [ -86.813806, 35.774494 ], [ -86.813906, 35.774505 ], [ -86.814069, 35.774525 ], [ -86.814458, 35.774554 ], [ -86.814643, 35.774569 ], [ -86.81483, 35.774583 ], [ -86.815216, 35.774613 ], [ -86.815392, 35.774622 ], [ -86.81558, 35.774633 ], [ -86.815767, 35.774643 ], [ -86.81582, 35.774647 ], [ -86.816173, 35.774687 ], [ -86.816324, 35.774724 ], [ -86.816388, 35.77474 ], [ -86.816504, 35.774779 ], [ -86.816671, 35.774791 ], [ -86.816835, 35.774803 ], [ -86.817173, 35.774829 ], [ -86.817341, 35.774842 ], [ -86.817255, 35.774883 ], [ -86.817227, 35.774897 ], [ -86.817131, 35.774974 ], [ -86.81706, 35.775082 ], [ -86.817009, 35.775162 ], [ -86.817068, 35.7753 ], [ -86.817101, 35.775465 ], [ -86.817099, 35.775649 ], [ -86.817045, 35.776159 ], [ -86.817013, 35.77647 ], [ -86.816952, 35.776873 ], [ -86.816726, 35.778393 ], [ -86.816461, 35.780002 ], [ -86.816251, 35.781726 ], [ -86.816232, 35.782028 ], [ -86.816218, 35.782276 ], [ -86.816219, 35.782325 ], [ -86.816226, 35.782667 ], [ -86.816231, 35.7829 ], [ -86.816295, 35.783489 ], [ -86.816346, 35.783755 ], [ -86.816431, 35.784068 ], [ -86.816487, 35.784269 ], [ -86.816532, 35.784494 ], [ -86.816547, 35.78491 ], [ -86.816547, 35.78503 ], [ -86.816549, 35.78528 ], [ -86.816559, 35.785355 ], [ -86.816598, 35.785505 ], [ -86.816656, 35.785604 ], [ -86.816666, 35.78562 ], [ -86.81678, 35.785723 ], [ -86.816906, 35.785791 ], [ -86.817086, 35.785849 ], [ -86.817384, 35.78592 ], [ -86.817619, 35.785977 ], [ -86.817648, 35.785982 ], [ -86.817881, 35.78602 ], [ -86.817994, 35.786033 ], [ -86.819037, 35.786159 ], [ -86.819385, 35.786202 ], [ -86.819403, 35.786204 ], [ -86.819837, 35.786264 ], [ -86.820109, 35.786303 ], [ -86.821199, 35.786429 ], [ -86.821654, 35.786482 ], [ -86.821706, 35.786488 ], [ -86.821791, 35.786498 ], [ -86.821864, 35.786506 ], [ -86.821917, 35.786512 ], [ -86.822207, 35.786545 ], [ -86.822659, 35.786598 ], [ -86.82308, 35.786617 ], [ -86.823191, 35.786623 ], [ -86.823372, 35.786624 ], [ -86.823396, 35.786624 ], [ -86.824876, 35.786611 ], [ -86.82749, 35.786589 ], [ -86.829388, 35.786561 ], [ -86.830893, 35.78654 ], [ -86.831164, 35.786538 ], [ -86.83198, 35.786531 ], [ -86.832252, 35.78653 ], [ -86.832474, 35.786543 ], [ -86.832504, 35.786545 ], [ -86.832925, 35.786604 ], [ -86.833136, 35.786639 ], [ -86.833263, 35.786661 ], [ -86.833353, 35.78669 ], [ -86.833467, 35.786739 ], [ -86.833512, 35.786759 ], [ -86.833796, 35.786918 ], [ -86.833906, 35.786979 ], [ -86.833932, 35.786993 ], [ -86.834357, 35.787211 ], [ -86.834754, 35.78737 ], [ -86.835103, 35.787494 ], [ -86.83567, 35.787661 ], [ -86.836255, 35.78782 ], [ -86.836554, 35.787882 ], [ -86.836891, 35.787918 ], [ -86.837872, 35.787961 ], [ -86.837957, 35.787965 ], [ -86.838989, 35.787956 ], [ -86.839207, 35.787955 ], [ -86.839553, 35.787978 ], [ -86.840293, 35.788085 ], [ -86.840456, 35.788109 ], [ -86.841055, 35.788199 ], [ -86.842421, 35.788405 ], [ -86.843351, 35.788475 ], [ -86.843844, 35.788513 ], [ -86.844121, 35.788531 ], [ -86.844147, 35.788358 ], [ -86.844161, 35.788223 ], [ -86.84426, 35.787296 ], [ -86.844294, 35.786988 ], [ -86.844762, 35.787009 ], [ -86.84494, 35.787023 ], [ -86.845667, 35.787082 ], [ -86.845776, 35.787091 ], [ -86.845928, 35.787103 ], [ -86.846874, 35.787202 ], [ -86.847518, 35.78727 ], [ -86.847627, 35.787281 ], [ -86.848157, 35.787337 ], [ -86.848667, 35.787391 ], [ -86.850076, 35.787543 ], [ -86.850716, 35.787613 ], [ -86.850905, 35.787632 ], [ -86.851063, 35.787648 ], [ -86.851472, 35.787689 ], [ -86.851662, 35.787708 ], [ -86.851835, 35.787727 ], [ -86.852357, 35.787784 ], [ -86.852531, 35.787804 ], [ -86.854195, 35.787985 ], [ -86.854208, 35.787988 ], [ -86.854332, 35.788025 ], [ -86.854424, 35.788065 ], [ -86.854519, 35.78814 ], [ -86.854608, 35.78824 ], [ -86.854694, 35.788397 ], [ -86.854857, 35.788776 ], [ -86.854941, 35.788887 ], [ -86.855056, 35.788987 ], [ -86.855155, 35.789041 ], [ -86.855336, 35.789099 ], [ -86.855698, 35.78914 ], [ -86.857028, 35.789257 ], [ -86.858711, 35.789429 ], [ -86.860391, 35.789602 ], [ -86.860512, 35.789616 ], [ -86.860819, 35.789653 ], [ -86.860878, 35.789658 ], [ -86.861, 35.789673 ], [ -86.861109, 35.789687 ], [ -86.861282, 35.789708 ] ] ] } },
{ "type": "Feature", "properties": { "district_num": "34" }, "geometry": { "type": "Polygon", "coordinates": [ [ [ -86.650013, 35.740735 ], [ -86.649978, 35.741447 ], [ -86.648518, 35.741253 ], [ -86.647433, 35.741113 ], [ -86.646532, 35.740982 ], [ -86.646515, 35.74098 ], [ -86.643178, 35.740527 ], [ -86.643021, 35.740505 ], [ -86.642897, 35.740488 ], [ -86.64255, 35.740441 ], [ -86.642394, 35.74042 ], [ -86.642372, 35.740417 ], [ -86.641787, 35.740333 ], [ -86.639968, 35.740074 ], [ -86.639362, 35.739988 ], [ -86.638914, 35.739926 ], [ -86.638314, 35.739843 ], [ -86.638157, 35.739821 ], [ -86.637769, 35.739768 ], [ -86.63714, 35.739681 ], [ -86.635173, 35.73941 ], [ -86.634562, 35.739326 ], [ -86.634126, 35.739266 ], [ -86.633955, 35.739241 ], [ -86.633657, 35.739198 ], [ -86.63325, 35.739139 ], [ -86.633251, 35.739053 ], [ -86.632254, 35.738972 ], [ -86.631829, 35.738873 ], [ -86.631794, 35.738863 ], [ -86.631185, 35.738697 ], [ -86.630935, 35.738609 ], [ -86.630431, 35.738433 ], [ -86.62862, 35.737669 ], [ -86.628448, 35.737594 ], [ -86.627711, 35.737274 ], [ -86.627626, 35.737241 ], [ -86.626035, 35.736567 ], [ -86.624505, 35.735933 ], [ -86.623318, 35.73548 ], [ -86.622067, 35.735029 ], [ -86.621429, 35.734816 ], [ -86.620653, 35.734626 ], [ -86.619841, 35.73451 ], [ -86.618984, 35.734399 ], [ -86.617788, 35.734318 ], [ -86.616914, 35.734336 ], [ -86.615877, 35.734383 ], [ -86.614677, 35.734501 ], [ -86.613566, 35.734616 ], [ -86.613047, 35.734646 ], [ -86.612512, 35.734691 ], [ -86.611672, 35.734709 ], [ -86.609564, 35.734445 ], [ -86.606959, 35.734152 ], [ -86.602319, 35.733671 ], [ -86.598344, 35.733225 ], [ -86.597566, 35.73315 ], [ -86.597124, 35.733126 ], [ -86.596167, 35.733024 ], [ -86.595411, 35.732981 ], [ -86.594963, 35.732987 ], [ -86.594245, 35.733031 ], [ -86.593189, 35.733145 ], [ -86.59135, 35.733344 ], [ -86.588892, 35.733618 ], [ -86.588321, 35.733683 ], [ -86.58782, 35.733727 ], [ -86.587293, 35.733762 ], [ -86.584878, 35.734025 ], [ -86.582602, 35.73417 ], [ -86.579499, 35.734416 ], [ -86.577881, 35.734549 ], [ -86.577302, 35.73459 ], [ -86.576185, 35.734662 ], [ -86.574105, 35.734877 ], [ -86.57159, 35.7352 ], [ -86.569936, 35.73541 ], [ -86.568659, 35.735603 ], [ -86.567505, 35.73573 ], [ -86.566736, 35.735854 ], [ -86.566242, 35.735959 ], [ -86.565821, 35.736099 ], [ -86.56518, 35.736368 ], [ -86.564864, 35.736539 ], [ -86.564224, 35.736889 ], [ -86.563731, 35.737243 ], [ -86.563375, 35.737537 ], [ -86.563319, 35.737598 ], [ -86.563061, 35.737882 ], [ -86.562653, 35.738374 ], [ -86.562291, 35.738867 ], [ -86.562058, 35.739185 ], [ -86.561971, 35.739308 ], [ -86.561278, 35.740287 ], [ -86.559201, 35.743224 ], [ -86.558509, 35.744204 ], [ -86.5583, 35.744489 ], [ -86.557381, 35.745784 ], [ -86.555418, 35.74855 ], [ -86.554998, 35.749146 ], [ -86.554489, 35.74987 ], [ -86.554081, 35.750396 ], [ -86.553831, 35.750732 ], [ -86.553517, 35.751052 ], [ -86.553171, 35.751388 ], [ -86.552699, 35.751734 ], [ -86.552121, 35.752098 ], [ -86.551123, 35.752558 ], [ -86.54821, 35.753758 ], [ -86.54616, 35.754592 ], [ -86.544804, 35.755148 ], [ -86.542943, 35.755939 ], [ -86.541146, 35.756858 ], [ -86.539664, 35.757664 ], [ -86.533601, 35.760889 ], [ -86.532197, 35.761627 ], [ -86.531364, 35.762065 ], [ -86.530617, 35.762458 ], [ -86.52902, 35.763417 ], [ -86.528411, 35.763782 ], [ -86.526678, 35.764796 ], [ -86.524251, 35.766216 ], [ -86.521562, 35.767798 ], [ -86.52122, 35.768 ], [ -86.519957, 35.768735 ], [ -86.519812, 35.768821 ], [ -86.519588, 35.768955 ], [ -86.519378, 35.769077 ], [ -86.519234, 35.769163 ], [ -86.518953, 35.769327 ], [ -86.518113, 35.769819 ], [ -86.517921, 35.769932 ], [ -86.517835, 35.769986 ], [ -86.516973, 35.770527 ], [ -86.516901, 35.770573 ], [ -86.516301, 35.771008 ], [ -86.515529, 35.771708 ], [ -86.514697, 35.772553 ], [ -86.51463, 35.77262 ], [ -86.513984, 35.773279 ], [ -86.513904, 35.773359 ], [ -86.512509, 35.774788 ], [ -86.512064, 35.775244 ], [ -86.511201, 35.776148 ], [ -86.511095, 35.77626 ], [ -86.508223, 35.779396 ], [ -86.507217, 35.780487 ], [ -86.505912, 35.781549 ], [ -86.505803, 35.781638 ], [ -86.503815, 35.783211 ], [ -86.502975, 35.784012 ], [ -86.502711, 35.784375 ], [ -86.502646, 35.784493 ], [ -86.50251, 35.784743 ], [ -86.502367, 35.785045 ], [ -86.502001, 35.785889 ], [ -86.50163, 35.786794 ], [ -86.501344, 35.787464 ], [ -86.50105, 35.788157 ], [ -86.500886, 35.788549 ], [ -86.500591, 35.789124 ], [ -86.50041, 35.789378 ], [ -86.500299, 35.789535 ], [ -86.500247, 35.789594 ], [ -86.499984, 35.789894 ], [ -86.499733, 35.790162 ], [ -86.497924, 35.792102 ], [ -86.497597, 35.792429 ], [ -86.497493, 35.792534 ], [ -86.497317, 35.792704 ], [ -86.496998, 35.793009 ], [ -86.496603, 35.793391 ], [ -86.495573, 35.794277 ], [ -86.494426, 35.795163 ], [ -86.493164, 35.796059 ], [ -86.492487, 35.796492 ], [ -86.492413, 35.79654 ], [ -86.492335, 35.79659 ], [ -86.492016, 35.796794 ], [ -86.491604, 35.797041 ], [ -86.491159, 35.797309 ], [ -86.490382, 35.797739 ], [ -86.489608, 35.798129 ], [ -86.489396, 35.798236 ], [ -86.485554, 35.800148 ], [ -86.485107, 35.800371 ], [ -86.484635, 35.800606 ], [ -86.48251, 35.801655 ], [ -86.482382, 35.801531 ], [ -86.480434, 35.802519 ], [ -86.480555, 35.802618 ], [ -86.479159, 35.803308 ], [ -86.478344, 35.803672 ], [ -86.478321, 35.803682 ], [ -86.476461, 35.804631 ], [ -86.474554, 35.805563 ], [ -86.472044, 35.80679 ], [ -86.471926, 35.806848 ], [ -86.471549, 35.807049 ], [ -86.471194, 35.80726 ], [ -86.470883, 35.807404 ], [ -86.470305, 35.80769 ], [ -86.46905, 35.80831 ], [ -86.469161, 35.808454 ], [ -86.469181, 35.80848 ], [ -86.469223, 35.808534 ], [ -86.469397, 35.808693 ], [ -86.46954, 35.808785 ], [ -86.469578, 35.808798 ], [ -86.469752, 35.808856 ], [ -86.469807, 35.808859 ], [ -86.469969, 35.808871 ], [ -86.470028, 35.808874 ], [ -86.47141, 35.808939 ], [ -86.475287, 35.809125 ], [ -86.475557, 35.809139 ], [ -86.47694, 35.809211 ], [ -86.478288, 35.809269 ], [ -86.478789, 35.809277 ], [ -86.478968, 35.809252 ], [ -86.479024, 35.809235 ], [ -86.479217, 35.80918 ], [ -86.479405, 35.809085 ], [ -86.479443, 35.809055 ], [ -86.480043, 35.808582 ], [ -86.480702, 35.808055 ], [ -86.480868, 35.807947 ], [ -86.480896, 35.807946 ], [ -86.480988, 35.807879 ], [ -86.481041, 35.80784 ], [ -86.481214, 35.807715 ], [ -86.481259, 35.807688 ], [ -86.481728, 35.8074 ], [ -86.481861, 35.807541 ], [ -86.482225, 35.807944 ], [ -86.482292, 35.808018 ], [ -86.482489, 35.808034 ], [ -86.482848, 35.808441 ], [ -86.482736, 35.80851 ], [ -86.482799, 35.808579 ], [ -86.483756, 35.809658 ], [ -86.484511, 35.810482 ], [ -86.484674, 35.810697 ], [ -86.484742, 35.81082 ], [ -86.48483, 35.810994 ], [ -86.484922, 35.811209 ], [ -86.484999, 35.811498 ], [ -86.485105, 35.811913 ], [ -86.485178, 35.812166 ], [ -86.485225, 35.812308 ], [ -86.485268, 35.812401 ], [ -86.485391, 35.812608 ], [ -86.485546, 35.812845 ], [ -86.485718, 35.813057 ], [ -86.485873, 35.813218 ], [ -86.486067, 35.813379 ], [ -86.486293, 35.813545 ], [ -86.48644, 35.813638 ], [ -86.486836, 35.813831 ], [ -86.48719, 35.814 ], [ -86.48752, 35.814159 ], [ -86.487743, 35.814276 ], [ -86.487967, 35.814423 ], [ -86.48816, 35.814584 ], [ -86.488318, 35.814739 ], [ -86.488561, 35.815004 ], [ -86.488983, 35.815475 ], [ -86.489414, 35.815968 ], [ -86.489798, 35.816396 ], [ -86.490147, 35.816811 ], [ -86.491415, 35.818195 ], [ -86.491708, 35.818516 ], [ -86.488347, 35.818187 ], [ -86.488235, 35.818914 ], [ -86.48779, 35.821571 ], [ -86.487668, 35.822197 ], [ -86.487302, 35.822108 ], [ -86.487213, 35.822086 ], [ -86.48691, 35.822108 ], [ -86.486687, 35.822246 ], [ -86.486121, 35.822779 ], [ -86.485466, 35.823285 ], [ -86.484819, 35.823604 ], [ -86.484549, 35.823901 ], [ -86.484482, 35.824236 ], [ -86.484604, 35.825577 ], [ -86.484631, 35.825984 ], [ -86.484517, 35.826259 ], [ -86.48428, 35.826374 ], [ -86.484091, 35.826353 ], [ -86.483403, 35.826182 ], [ -86.483066, 35.826216 ], [ -86.482755, 35.826408 ], [ -86.482735, 35.826595 ], [ -86.482971, 35.826908 ], [ -86.483606, 35.827551 ], [ -86.484153, 35.828172 ], [ -86.484498, 35.828386 ], [ -86.484822, 35.828515 ], [ -86.484759, 35.82854 ], [ -86.484698, 35.828567 ], [ -86.484598, 35.828611 ], [ -86.484468, 35.828633 ], [ -86.484166, 35.828604 ], [ -86.484111, 35.828599 ], [ -86.483838, 35.828595 ], [ -86.483524, 35.828615 ], [ -86.483366, 35.828609 ], [ -86.482136, 35.828484 ], [ -86.481675, 35.828438 ], [ -86.481461, 35.828422 ], [ -86.481415, 35.828418 ], [ -86.481277, 35.828408 ], [ -86.481231, 35.828405 ], [ -86.480252, 35.828317 ], [ -86.479921, 35.828288 ], [ -86.477318, 35.828044 ], [ -86.47634, 35.827953 ], [ -86.476363, 35.827751 ], [ -86.476435, 35.827147 ], [ -86.47646, 35.826946 ], [ -86.476525, 35.826462 ], [ -86.476721, 35.82501 ], [ -86.476787, 35.824527 ], [ -86.47697, 35.823278 ], [ -86.477014, 35.822961 ], [ -86.469869, 35.822411 ], [ -86.469833, 35.822408 ], [ -86.469765, 35.822403 ], [ -86.46965, 35.822392 ], [ -86.46908, 35.822335 ], [ -86.467908, 35.822217 ], [ -86.466308, 35.822084 ], [ -86.466011, 35.822054 ], [ -86.465982, 35.822052 ], [ -86.465332, 35.821987 ], [ -86.465294, 35.821983 ], [ -86.465197, 35.821973 ], [ -86.465118, 35.821965 ], [ -86.464706, 35.821924 ], [ -86.464628, 35.821916 ], [ -86.464606, 35.821914 ], [ -86.464602, 35.821942 ], [ -86.4646, 35.821956 ], [ -86.464613, 35.821978 ], [ -86.464573, 35.822418 ], [ -86.4646, 35.82272 ], [ -86.464573, 35.822841 ], [ -86.464607, 35.822951 ], [ -86.464668, 35.823396 ], [ -86.464661, 35.823522 ], [ -86.464621, 35.82366 ], [ -86.464459, 35.823946 ], [ -86.464385, 35.824132 ], [ -86.46427, 35.824325 ], [ -86.464223, 35.824418 ], [ -86.464196, 35.824501 ], [ -86.464182, 35.824754 ], [ -86.464223, 35.825248 ], [ -86.464264, 35.825518 ], [ -86.464244, 35.825875 ], [ -86.464149, 35.826128 ], [ -86.464109, 35.826144 ], [ -86.464088, 35.826199 ], [ -86.463906, 35.826403 ], [ -86.463852, 35.826512 ], [ -86.463825, 35.826666 ], [ -86.4639, 35.826908 ], [ -86.463886, 35.827084 ], [ -86.463906, 35.827273 ], [ -86.46392, 35.827397 ], [ -86.46394, 35.827414 ], [ -86.463974, 35.827524 ], [ -86.463927, 35.827612 ], [ -86.46392, 35.828013 ], [ -86.464103, 35.828629 ], [ -86.464137, 35.829079 ], [ -86.464123, 35.829233 ], [ -86.464093, 35.829384 ], [ -86.464063, 35.829541 ], [ -86.464049, 35.829799 ], [ -86.464055, 35.829844 ], [ -86.464076, 35.829997 ], [ -86.464123, 35.830189 ], [ -86.464144, 35.830321 ], [ -86.464155, 35.83035 ], [ -86.464268, 35.830629 ], [ -86.464286, 35.830673 ], [ -86.46439, 35.830901 ], [ -86.464427, 35.830981 ], [ -86.464535, 35.83114 ], [ -86.46465, 35.831261 ], [ -86.464738, 35.83142 ], [ -86.464792, 35.831651 ], [ -86.464826, 35.832014 ], [ -86.464907, 35.832234 ], [ -86.464968, 35.83236 ], [ -86.465012, 35.832435 ], [ -86.465083, 35.832558 ], [ -86.465218, 35.832712 ], [ -86.465336, 35.832797 ], [ -86.4654, 35.832855 ], [ -86.465474, 35.832899 ], [ -86.46563, 35.833195 ], [ -86.465677, 35.833553 ], [ -86.465663, 35.833729 ], [ -86.465589, 35.833905 ], [ -86.465481, 35.834047 ], [ -86.465475, 35.834069 ], [ -86.4654, 35.834135 ], [ -86.465205, 35.834306 ], [ -86.465178, 35.834326 ], [ -86.465002, 35.83446 ], [ -86.464685, 35.83463 ], [ -86.464596, 35.834672 ], [ -86.464535, 35.834615 ], [ -86.464234, 35.834616 ], [ -86.464021, 35.834616 ], [ -86.463897, 35.834615 ], [ -86.463813, 35.834664 ], [ -86.46375, 35.834704 ], [ -86.463735, 35.834714 ], [ -86.463707, 35.834733 ], [ -86.463677, 35.834752 ], [ -86.46365, 35.834769 ], [ -86.463609, 35.834795 ], [ -86.463452, 35.834894 ], [ -86.463433, 35.834906 ], [ -86.463409, 35.834921 ], [ -86.463312, 35.834983 ], [ -86.463236, 35.83503 ], [ -86.463176, 35.835068 ], [ -86.463111, 35.835109 ], [ -86.463001, 35.83518 ], [ -86.462809, 35.835303 ], [ -86.462682, 35.835385 ], [ -86.462513, 35.835493 ], [ -86.462467, 35.835568 ], [ -86.462419, 35.835651 ], [ -86.462388, 35.835727 ], [ -86.46233, 35.83586 ], [ -86.462243, 35.836009 ], [ -86.46213, 35.836166 ], [ -86.461982, 35.836293 ], [ -86.461925, 35.836357 ], [ -86.461865, 35.836501 ], [ -86.461837, 35.836631 ], [ -86.461858, 35.836774 ], [ -86.461925, 35.836983 ], [ -86.462391, 35.837243 ], [ -86.462153, 35.838476 ], [ -86.46215, 35.838511 ], [ -86.462111, 35.838713 ], [ -86.461824, 35.839252 ], [ -86.461744, 35.839401 ], [ -86.461722, 35.839443 ], [ -86.461583, 35.839514 ], [ -86.461399, 35.839607 ], [ -86.461382, 35.839616 ], [ -86.461317, 35.840092 ], [ -86.461265, 35.840449 ], [ -86.461242, 35.840604 ], [ -86.461034, 35.840884 ], [ -86.460779, 35.841111 ], [ -86.460752, 35.841155 ], [ -86.460705, 35.841309 ], [ -86.46061, 35.841727 ], [ -86.46059, 35.841771 ], [ -86.46057, 35.841979 ], [ -86.460401, 35.842507 ], [ -86.460341, 35.842677 ], [ -86.460347, 35.842695 ], [ -86.460337, 35.842747 ], [ -86.46032, 35.842853 ], [ -86.460321, 35.842985 ], [ -86.460375, 35.843315 ], [ -86.460381, 35.843447 ], [ -86.460395, 35.843529 ], [ -86.460373, 35.843652 ], [ -86.460368, 35.843683 ], [ -86.460321, 35.843837 ], [ -86.460256, 35.844264 ], [ -86.460226, 35.84447 ], [ -86.46022, 35.844508 ], [ -86.460219, 35.844531 ], [ -86.460213, 35.844717 ], [ -86.460212, 35.844779 ], [ -86.460134, 35.844792 ], [ -86.460092, 35.844796 ], [ -86.459975, 35.844811 ], [ -86.459937, 35.844815 ], [ -86.459815, 35.84483 ], [ -86.459733, 35.844836 ], [ -86.459614, 35.844847 ], [ -86.459467, 35.84486 ], [ -86.459301, 35.844864 ], [ -86.459032, 35.844873 ], [ -86.45865, 35.844864 ], [ -86.458363, 35.844846 ], [ -86.458051, 35.844827 ], [ -86.457661, 35.844802 ], [ -86.457301, 35.84478 ], [ -86.456492, 35.844728 ], [ -86.456103, 35.844704 ], [ -86.455892, 35.84469 ], [ -86.455862, 35.844689 ], [ -86.455801, 35.844688 ], [ -86.455299, 35.844683 ], [ -86.454896, 35.844684 ], [ -86.454595, 35.844685 ], [ -86.454551, 35.844687 ], [ -86.454442, 35.844691 ], [ -86.454199, 35.844703 ], [ -86.453845, 35.844719 ], [ -86.453234, 35.84879 ], [ -86.453046, 35.848699 ], [ -86.45276, 35.848604 ], [ -86.452512, 35.848582 ], [ -86.452358, 35.848597 ], [ -86.451846, 35.848619 ], [ -86.451378, 35.848597 ], [ -86.450961, 35.84856 ], [ -86.449956, 35.848467 ], [ -86.449858, 35.849125 ], [ -86.449853, 35.84916 ], [ -86.449801, 35.849622 ], [ -86.449663, 35.850653 ], [ -86.449594, 35.851167 ], [ -86.449479, 35.852038 ], [ -86.449359, 35.852888 ], [ -86.449269, 35.853536 ], [ -86.449236, 35.853746 ], [ -86.449178, 35.854135 ], [ -86.449174, 35.854783 ], [ -86.449938, 35.854784 ], [ -86.452232, 35.854789 ], [ -86.452538, 35.85479 ], [ -86.452997, 35.854788 ], [ -86.453061, 35.854788 ], [ -86.453073, 35.854788 ], [ -86.453304, 35.854797 ], [ -86.453381, 35.8548 ], [ -86.454101, 35.854802 ], [ -86.455692, 35.854807 ], [ -86.456263, 35.854803 ], [ -86.456584, 35.854802 ], [ -86.456983, 35.854782 ], [ -86.457428, 35.854765 ], [ -86.457589, 35.854764 ], [ -86.45941, 35.854761 ], [ -86.460017, 35.854761 ], [ -86.460033, 35.854644 ], [ -86.460083, 35.854295 ], [ -86.460101, 35.854179 ], [ -86.460122, 35.85407 ], [ -86.46016, 35.853977 ], [ -86.460219, 35.853889 ], [ -86.460296, 35.853802 ], [ -86.460385, 35.853731 ], [ -86.460499, 35.853673 ], [ -86.460708, 35.853617 ], [ -86.460841, 35.853562 ], [ -86.460908, 35.853522 ], [ -86.460955, 35.853488 ], [ -86.461148, 35.853286 ], [ -86.461275, 35.853134 ], [ -86.461351, 35.853173 ], [ -86.462023, 35.853515 ], [ -86.463215, 35.854095 ], [ -86.463401, 35.85419 ], [ -86.463876, 35.854434 ], [ -86.463954, 35.854474 ], [ -86.46414, 35.854569 ], [ -86.464864, 35.85494 ], [ -86.465087, 35.855055 ], [ -86.465303, 35.855152 ], [ -86.465717, 35.855276 ], [ -86.466923, 35.855503 ], [ -86.467431, 35.855581 ], [ -86.466702, 35.857752 ], [ -86.466427, 35.858577 ], [ -86.465775, 35.860528 ], [ -86.465573, 35.861132 ], [ -86.465523, 35.861284 ], [ -86.465156, 35.862385 ], [ -86.464968, 35.862944 ], [ -86.464766, 35.863549 ], [ -86.464432, 35.864545 ], [ -86.464228, 35.864922 ], [ -86.463981, 35.865396 ], [ -86.463442, 35.865984 ], [ -86.463359, 35.866047 ], [ -86.462859, 35.866435 ], [ -86.462788, 35.866491 ], [ -86.462118, 35.866916 ], [ -86.461611, 35.867128 ], [ -86.461072, 35.86739 ], [ -86.460571, 35.867526 ], [ -86.46049, 35.86753 ], [ -86.458871, 35.867534 ], [ -86.458528, 35.867506 ], [ -86.458234, 35.867487 ], [ -86.458182, 35.867484 ], [ -86.458076, 35.867483 ], [ -86.457634, 35.867483 ], [ -86.457345, 35.867469 ], [ -86.45732, 35.867467 ], [ -86.457247, 35.867464 ], [ -86.457223, 35.867463 ], [ -86.456728, 35.86744 ], [ -86.456104, 35.867405 ], [ -86.455652, 35.867354 ], [ -86.45525, 35.867288 ], [ -86.455206, 35.867281 ], [ -86.454766, 35.867185 ], [ -86.453648, 35.866987 ], [ -86.453407, 35.866945 ], [ -86.452835, 35.866857 ], [ -86.452581, 35.866818 ], [ -86.452552, 35.866815 ], [ -86.451748, 35.866737 ], [ -86.450268, 35.866596 ], [ -86.449564, 35.866529 ], [ -86.449141, 35.866471 ], [ -86.448629, 35.866321 ], [ -86.44831, 35.866207 ], [ -86.448065, 35.866093 ], [ -86.447849, 35.865956 ], [ -86.447567, 35.865763 ], [ -86.447382, 35.865604 ], [ -86.447206, 35.865452 ], [ -86.446232, 35.864333 ], [ -86.444963, 35.862987 ], [ -86.444853, 35.862864 ], [ -86.444253, 35.862191 ], [ -86.442464, 35.860269 ], [ -86.441938, 35.859723 ], [ -86.441462, 35.859344 ], [ -86.441041, 35.859025 ], [ -86.440327, 35.858636 ], [ -86.439832, 35.858443 ], [ -86.439324, 35.858269 ], [ -86.43854, 35.858099 ], [ -86.437987, 35.858042 ], [ -86.437604, 35.858003 ], [ -86.436847, 35.857952 ], [ -86.436562, 35.857944 ], [ -86.434335, 35.857747 ], [ -86.433302, 35.857738 ], [ -86.432405, 35.857826 ], [ -86.431395, 35.85791 ], [ -86.430054, 35.857853 ], [ -86.429777, 35.857832 ], [ -86.427613, 35.857664 ], [ -86.427044, 35.85762 ], [ -86.426478, 35.857622 ], [ -86.426013, 35.857673 ], [ -86.425952, 35.857693 ], [ -86.425549, 35.857823 ], [ -86.424963, 35.858105 ], [ -86.424162, 35.858554 ], [ -86.42161, 35.860001 ], [ -86.421212, 35.86021 ], [ -86.421, 35.860288 ], [ -86.420762, 35.860362 ], [ -86.42035, 35.860444 ], [ -86.420021, 35.860468 ], [ -86.419688, 35.860451 ], [ -86.419229, 35.860394 ], [ -86.418946, 35.86032 ], [ -86.418706, 35.860245 ], [ -86.418495, 35.860153 ], [ -86.418307, 35.860039 ], [ -86.418001, 35.859824 ], [ -86.416898, 35.858812 ], [ -86.41668, 35.858644 ], [ -86.416637, 35.858612 ], [ -86.416455, 35.858491 ], [ -86.416227, 35.85837 ], [ -86.416047, 35.858302 ], [ -86.415055, 35.857962 ], [ -86.414834, 35.857883 ], [ -86.41474, 35.857851 ], [ -86.413792, 35.85753 ], [ -86.413477, 35.857423 ], [ -86.413184, 35.857288 ], [ -86.41258, 35.857011 ], [ -86.412297, 35.856911 ], [ -86.412096, 35.856841 ], [ -86.411994, 35.856805 ], [ -86.411896, 35.85677 ], [ -86.411527, 35.85664 ], [ -86.411294, 35.856559 ], [ -86.410975, 35.856441 ], [ -86.410631, 35.856351 ], [ -86.410093, 35.856315 ], [ -86.4096, 35.856283 ], [ -86.409463, 35.856274 ], [ -86.409308, 35.856264 ], [ -86.408997, 35.85625 ], [ -86.408593, 35.856224 ], [ -86.408462, 35.856211 ], [ -86.408419, 35.856207 ], [ -86.408285, 35.856187 ], [ -86.408181, 35.856168 ], [ -86.407552, 35.856033 ], [ -86.407026, 35.855921 ], [ -86.406261, 35.85576 ], [ -86.405683, 35.855637 ], [ -86.405666, 35.855634 ], [ -86.405605, 35.855625 ], [ -86.405523, 35.855614 ], [ -86.405375, 35.855603 ], [ -86.405202, 35.855598 ], [ -86.405026, 35.855603 ], [ -86.404695, 35.855603 ], [ -86.403771, 35.855604 ], [ -86.403703, 35.855603 ], [ -86.403373, 35.855601 ], [ -86.402826, 35.855679 ], [ -86.401537, 35.855644 ], [ -86.400477, 35.8556 ], [ -86.399296, 35.855624 ], [ -86.397982, 35.855671 ], [ -86.396832, 35.855722 ], [ -86.395479, 35.855823 ], [ -86.394659, 35.855844 ], [ -86.394611, 35.855898 ], [ -86.393989, 35.856745 ], [ -86.393962, 35.856775 ], [ -86.392564, 35.858271 ], [ -86.391897, 35.858945 ], [ -86.391193, 35.859659 ], [ -86.39097, 35.859924 ], [ -86.390798, 35.860184 ], [ -86.390718, 35.860333 ], [ -86.390569, 35.860633 ], [ -86.390451, 35.86095 ], [ -86.3903, 35.861723 ], [ -86.386613, 35.861435 ], [ -86.385077, 35.861304 ], [ -86.38475, 35.861276 ], [ -86.383771, 35.861192 ], [ -86.383445, 35.861164 ], [ -86.383046, 35.861132 ], [ -86.381849, 35.861039 ], [ -86.381451, 35.861008 ], [ -86.381482, 35.860786 ], [ -86.381578, 35.860122 ], [ -86.38161, 35.859901 ], [ -86.381649, 35.859607 ], [ -86.381768, 35.858729 ], [ -86.381808, 35.858436 ], [ -86.381857, 35.858099 ], [ -86.382005, 35.857089 ], [ -86.382055, 35.856753 ], [ -86.382069, 35.85666 ], [ -86.382137, 35.856167 ], [ -86.382184, 35.855834 ], [ -86.382395, 35.854411 ], [ -86.382482, 35.853827 ], [ -86.382509, 35.853627 ], [ -86.382593, 35.85303 ], [ -86.382621, 35.852831 ], [ -86.382654, 35.852584 ], [ -86.382755, 35.851844 ], [ -86.382789, 35.851598 ], [ -86.382819, 35.851375 ], [ -86.382913, 35.850706 ], [ -86.382945, 35.850484 ], [ -86.382958, 35.850377 ], [ -86.383001, 35.850057 ], [ -86.383016, 35.849951 ], [ -86.383034, 35.849802 ], [ -86.383091, 35.849356 ], [ -86.38311, 35.849208 ], [ -86.383135, 35.849026 ], [ -86.383213, 35.848484 ], [ -86.383239, 35.848303 ], [ -86.383265, 35.848111 ], [ -86.383344, 35.847537 ], [ -86.383349, 35.847504 ], [ -86.383379, 35.847347 ], [ -86.38342, 35.84712 ], [ -86.383543, 35.846443 ], [ -86.383585, 35.846217 ], [ -86.383635, 35.846005 ], [ -86.383786, 35.845372 ], [ -86.383837, 35.845161 ], [ -86.38361, 35.845134 ], [ -86.382929, 35.845056 ], [ -86.382703, 35.84503 ], [ -86.382458, 35.845002 ], [ -86.381723, 35.844921 ], [ -86.381478, 35.844894 ], [ -86.379775, 35.844708 ], [ -86.37809, 35.844505 ], [ -86.376733, 35.844347 ], [ -86.37664, 35.844338 ], [ -86.375138, 35.844152 ], [ -86.37507, 35.844142 ], [ -86.37422, 35.844044 ], [ -86.373596, 35.84397 ], [ -86.373301, 35.843916 ], [ -86.372418, 35.843754 ], [ -86.372124, 35.8437 ], [ -86.37219, 35.843452 ], [ -86.372389, 35.842708 ], [ -86.372456, 35.842461 ], [ -86.372495, 35.842211 ], [ -86.372616, 35.841463 ], [ -86.372657, 35.841214 ], [ -86.372727, 35.840791 ], [ -86.372938, 35.839522 ], [ -86.373009, 35.8391 ], [ -86.373069, 35.83874 ], [ -86.37325, 35.837664 ], [ -86.373311, 35.837305 ], [ -86.373328, 35.836942 ], [ -86.373438, 35.836158 ], [ -86.37345, 35.836066 ], [ -86.372996, 35.836038 ], [ -86.372593, 35.836033 ], [ -86.372119, 35.836033 ], [ -86.371673, 35.836038 ], [ -86.371368, 35.836061 ], [ -86.370654, 35.83611 ], [ -86.369955, 35.836183 ], [ -86.369514, 35.836235 ], [ -86.368936, 35.836343 ], [ -86.368261, 35.836493 ], [ -86.367978, 35.836558 ], [ -86.367891, 35.836354 ], [ -86.367765, 35.835932 ], [ -86.367668, 35.835566 ], [ -86.367598, 35.8353 ], [ -86.367568, 35.83518 ], [ -86.36748, 35.834823 ], [ -86.367451, 35.834704 ], [ -86.367405, 35.83452 ], [ -86.367269, 35.83397 ], [ -86.367224, 35.833787 ], [ -86.367152, 35.833528 ], [ -86.367103, 35.833348 ], [ -86.36707, 35.833166 ], [ -86.367047, 35.832974 ], [ -86.367056, 35.832809 ], [ -86.367063, 35.832735 ], [ -86.36709, 35.832469 ], [ -86.367123, 35.832248 ], [ -86.367223, 35.831588 ], [ -86.367257, 35.831368 ], [ -86.367339, 35.830738 ], [ -86.36735, 35.830662 ], [ -86.367477, 35.830443 ], [ -86.367635, 35.83025 ], [ -86.367744, 35.830105 ], [ -86.367825, 35.829927 ], [ -86.36795, 35.828986 ], [ -86.368034, 35.828357 ], [ -86.368077, 35.828046 ], [ -86.368207, 35.827117 ], [ -86.368236, 35.826912 ], [ -86.368237, 35.826806 ], [ -86.368291, 35.826281 ], [ -86.368382, 35.825522 ], [ -86.369378, 35.825631 ], [ -86.369424, 35.825635 ], [ -86.369904, 35.825686 ], [ -86.369975, 35.825698 ], [ -86.370562, 35.825795 ], [ -86.370943, 35.82589 ], [ -86.371228, 35.82598 ], [ -86.371499, 35.826056 ], [ -86.371623, 35.826092 ], [ -86.372436, 35.826331 ], [ -86.372778, 35.826435 ], [ -86.372947, 35.826503 ], [ -86.373059, 35.826559 ], [ -86.373283, 35.826718 ], [ -86.373528, 35.826939 ], [ -86.373811, 35.827208 ], [ -86.373832, 35.827228 ], [ -86.374672, 35.82801 ], [ -86.374959, 35.828277 ], [ -86.375076, 35.828376 ], [ -86.375105, 35.828401 ], [ -86.37542, 35.828684 ], [ -86.375535, 35.828788 ], [ -86.37585, 35.82906 ], [ -86.376165, 35.829332 ], [ -86.376815, 35.829851 ], [ -86.377141, 35.830111 ], [ -86.377418, 35.830323 ], [ -86.378249, 35.830961 ], [ -86.378526, 35.831174 ], [ -86.378831, 35.830918 ], [ -86.37936, 35.830476 ], [ -86.379666, 35.83027 ], [ -86.379786, 35.830201 ], [ -86.380133, 35.830005 ], [ -86.380312, 35.829911 ], [ -86.380849, 35.829632 ], [ -86.381029, 35.829539 ], [ -86.380995, 35.829496 ], [ -86.380893, 35.829367 ], [ -86.380859, 35.829324 ], [ -86.380824, 35.82928 ], [ -86.380719, 35.829148 ], [ -86.380684, 35.829105 ], [ -86.380548, 35.828934 ], [ -86.38039, 35.828734 ], [ -86.3803, 35.82862 ], [ -86.380133, 35.828429 ], [ -86.37999, 35.828265 ], [ -86.379908, 35.828172 ], [ -86.379665, 35.827893 ], [ -86.379584, 35.8278 ], [ -86.379496, 35.827699 ], [ -86.379232, 35.827398 ], [ -86.379145, 35.827298 ], [ -86.379093, 35.827239 ], [ -86.37894, 35.827063 ], [ -86.378889, 35.827005 ], [ -86.378865, 35.826978 ], [ -86.378796, 35.826898 ], [ -86.378773, 35.826872 ], [ -86.378662, 35.826743 ], [ -86.37833, 35.826356 ], [ -86.37822, 35.826228 ], [ -86.377943, 35.825913 ], [ -86.377146, 35.825008 ], [ -86.377114, 35.82497 ], [ -86.376918, 35.824738 ], [ -86.376844, 35.824651 ], [ -86.376815, 35.824617 ], [ -86.376992, 35.824576 ], [ -86.377015, 35.824571 ], [ -86.377301, 35.824515 ], [ -86.377533, 35.824468 ], [ -86.377663, 35.824442 ], [ -86.377821, 35.82441 ], [ -86.377837, 35.824407 ], [ -86.37789, 35.824396 ], [ -86.377935, 35.824387 ], [ -86.377951, 35.824383 ], [ -86.377979, 35.824377 ], [ -86.378003, 35.824372 ], [ -86.378036, 35.824365 ], [ -86.378258, 35.824318 ], [ -86.378276, 35.824314 ], [ -86.378712, 35.824226 ], [ -86.378851, 35.824198 ], [ -86.37944, 35.824079 ], [ -86.379469, 35.824073 ], [ -86.379698, 35.824027 ], [ -86.379745, 35.824017 ], [ -86.380032, 35.823957 ], [ -86.38067, 35.823823 ], [ -86.380795, 35.823798 ], [ -86.380992, 35.82376 ], [ -86.381445, 35.82367 ], [ -86.381801, 35.823581 ], [ -86.381866, 35.823565 ], [ -86.382122, 35.823515 ], [ -86.382536, 35.823433 ], [ -86.382736, 35.823394 ], [ -86.384537, 35.823039 ], [ -86.385758, 35.822799 ], [ -86.385856, 35.82278 ], [ -86.386013, 35.822749 ], [ -86.386528, 35.822576 ], [ -86.386727, 35.822535 ], [ -86.386742, 35.822514 ], [ -86.386847, 35.822459 ], [ -86.386893, 35.822438 ], [ -86.386982, 35.822399 ], [ -86.38709, 35.822359 ], [ -86.387204, 35.822317 ], [ -86.387312, 35.822289 ], [ -86.387333, 35.822273 ], [ -86.387438, 35.822259 ], [ -86.387549, 35.822245 ], [ -86.38763, 35.822256 ], [ -86.387818, 35.82235 ], [ -86.388172, 35.822559 ], [ -86.388284, 35.822625 ], [ -86.388487, 35.822791 ], [ -86.388695, 35.82296 ], [ -86.388999, 35.823241 ], [ -86.389174, 35.823389 ], [ -86.389189, 35.8234 ], [ -86.389888, 35.82387 ], [ -86.390207, 35.823991 ], [ -86.390535, 35.824115 ], [ -86.390518, 35.824265 ], [ -86.390504, 35.824389 ], [ -86.390482, 35.824386 ], [ -86.390289, 35.825804 ], [ -86.390713, 35.825829 ], [ -86.390884, 35.825839 ], [ -86.391035, 35.825841 ], [ -86.39115, 35.825848 ], [ -86.391648, 35.825882 ], [ -86.391428, 35.824069 ], [ -86.392009, 35.82403 ], [ -86.392543, 35.823995 ], [ -86.392432, 35.823036 ], [ -86.392084, 35.82003 ], [ -86.391991, 35.819226 ], [ -86.391137, 35.819178 ], [ -86.390594, 35.819148 ], [ -86.390111, 35.819099 ], [ -86.38978, 35.819037 ], [ -86.389526, 35.818973 ], [ -86.389292, 35.8189 ], [ -86.389062, 35.81881 ], [ -86.388813, 35.818683 ], [ -86.388607, 35.818584 ], [ -86.388373, 35.818429 ], [ -86.388199, 35.818311 ], [ -86.387966, 35.818115 ], [ -86.38767, 35.817846 ], [ -86.387438, 35.817574 ], [ -86.386909, 35.817178 ], [ -86.386645, 35.81702 ], [ -86.386371, 35.816869 ], [ -86.386106, 35.816741 ], [ -86.38603, 35.816712 ], [ -86.384799, 35.816249 ], [ -86.384754, 35.816232 ], [ -86.384741, 35.816227 ], [ -86.384755, 35.816135 ], [ -86.384757, 35.816123 ], [ -86.384759, 35.8161 ], [ -86.38476, 35.816085 ], [ -86.384766, 35.816 ], [ -86.384768, 35.815977 ], [ -86.3848, 35.815515 ], [ -86.38491, 35.813862 ], [ -86.386106, 35.81393 ], [ -86.386823, 35.814008 ], [ -86.388076, 35.814144 ], [ -86.389121, 35.814257 ], [ -86.389291, 35.814123 ], [ -86.389318, 35.814126 ], [ -86.38963, 35.814142 ], [ -86.389897, 35.814156 ], [ -86.390351, 35.814215 ], [ -86.390924, 35.814297 ], [ -86.391098, 35.81432 ], [ -86.390916, 35.8131 ], [ -86.390786, 35.812235 ], [ -86.390487, 35.810228 ], [ -86.390326, 35.809146 ], [ -86.390229, 35.8085 ], [ -86.39013, 35.807828 ], [ -86.390079, 35.807492 ], [ -86.389965, 35.806745 ], [ -86.389926, 35.806486 ], [ -86.389876, 35.806151 ], [ -86.390095, 35.80635 ], [ -86.39039, 35.806615 ], [ -86.391937, 35.808006 ], [ -86.392453, 35.80847 ], [ -86.393184, 35.809142 ], [ -86.395378, 35.811158 ], [ -86.39611, 35.811831 ], [ -86.396216, 35.811929 ], [ -86.396536, 35.812223 ], [ -86.396643, 35.812321 ], [ -86.396684, 35.812021 ], [ -86.396691, 35.811974 ], [ -86.396712, 35.811816 ], [ -86.396761, 35.811456 ], [ -86.396955, 35.810308 ], [ -86.39704, 35.809807 ], [ -86.397056, 35.809679 ], [ -86.397106, 35.809296 ], [ -86.397123, 35.809169 ], [ -86.397148, 35.809014 ], [ -86.397227, 35.808549 ], [ -86.397254, 35.808395 ], [ -86.3973, 35.808077 ], [ -86.397369, 35.80761 ], [ -86.397447, 35.807124 ], [ -86.397499, 35.806807 ], [ -86.397525, 35.806644 ], [ -86.397526, 35.806632 ], [ -86.397603, 35.806106 ], [ -86.397629, 35.805931 ], [ -86.397656, 35.805761 ], [ -86.397739, 35.805252 ], [ -86.397767, 35.805083 ], [ -86.39779, 35.804933 ], [ -86.397863, 35.804486 ], [ -86.397866, 35.804473 ], [ -86.397877, 35.804406 ], [ -86.397888, 35.804338 ], [ -86.397901, 35.80426 ], [ -86.397914, 35.804181 ], [ -86.397973, 35.803814 ], [ -86.398067, 35.803242 ], [ -86.398209, 35.802241 ], [ -86.398284, 35.801717 ], [ -86.398319, 35.801463 ], [ -86.398426, 35.800703 ], [ -86.398462, 35.80045 ], [ -86.39849, 35.80026 ], [ -86.398576, 35.799694 ], [ -86.398605, 35.799505 ], [ -86.39866, 35.799123 ], [ -86.398663, 35.799084 ], [ -86.398682, 35.798912 ], [ -86.398769, 35.797816 ], [ -86.398803, 35.797393 ], [ -86.398832, 35.797031 ], [ -86.398839, 35.796974 ], [ -86.398901, 35.796536 ], [ -86.398945, 35.796299 ], [ -86.399072, 35.795735 ], [ -86.399166, 35.795326 ], [ -86.399238, 35.794956 ], [ -86.399309, 35.794657 ], [ -86.39935, 35.794439 ], [ -86.399385, 35.794258 ], [ -86.399408, 35.7941 ], [ -86.399437, 35.793902 ], [ -86.399534, 35.793279 ], [ -86.399738, 35.791972 ], [ -86.399873, 35.791113 ], [ -86.399989, 35.790397 ], [ -86.400189, 35.789164 ], [ -86.400257, 35.788704 ], [ -86.400282, 35.788529 ], [ -86.400501, 35.787329 ], [ -86.400571, 35.786864 ], [ -86.400704, 35.786028 ], [ -86.400933, 35.78438 ], [ -86.40106, 35.782975 ], [ -86.401079, 35.782379 ], [ -86.401128, 35.782029 ], [ -86.401143, 35.781926 ], [ -86.401056, 35.781673 ], [ -86.401058, 35.781638 ], [ -86.401073, 35.78141 ], [ -86.401098, 35.781032 ], [ -86.401104, 35.780955 ], [ -86.401125, 35.780735 ], [ -86.401158, 35.78039 ], [ -86.401175, 35.780212 ], [ -86.401187, 35.780095 ], [ -86.401268, 35.779549 ], [ -86.401301, 35.779329 ], [ -86.401358, 35.778943 ], [ -86.401531, 35.777787 ], [ -86.401589, 35.777402 ], [ -86.401667, 35.776878 ], [ -86.401815, 35.775894 ], [ -86.401907, 35.77531 ], [ -86.40199, 35.774788 ], [ -86.401997, 35.774741 ], [ -86.402063, 35.774254 ], [ -86.402178, 35.773419 ], [ -86.402306, 35.772659 ], [ -86.402318, 35.772586 ], [ -86.402397, 35.772128 ], [ -86.402444, 35.771746 ], [ -86.402479, 35.771498 ], [ -86.402751, 35.769608 ], [ -86.4028, 35.769274 ], [ -86.402817, 35.769156 ], [ -86.402844, 35.768979 ], [ -86.402873, 35.768789 ], [ -86.402892, 35.768665 ], [ -86.40296, 35.768223 ], [ -86.402989, 35.768034 ], [ -86.403, 35.76774 ], [ -86.403037, 35.76686 ], [ -86.403049, 35.766567 ], [ -86.403058, 35.766356 ], [ -86.403061, 35.766257 ], [ -86.403074, 35.765919 ], [ -86.403099, 35.765327 ], [ -86.403112, 35.765017 ], [ -86.403121, 35.76478 ], [ -86.403123, 35.764753 ], [ -86.403146, 35.764072 ], [ -86.403155, 35.763836 ], [ -86.403158, 35.763761 ], [ -86.40316, 35.763711 ], [ -86.403179, 35.763392 ], [ -86.403182, 35.763337 ], [ -86.40319, 35.763213 ], [ -86.403204, 35.762982 ], [ -86.40321, 35.762873 ], [ -86.403236, 35.762419 ], [ -86.40324, 35.762367 ], [ -86.403263, 35.761853 ], [ -86.403279, 35.761514 ], [ -86.403288, 35.761307 ], [ -86.403293, 35.761206 ], [ -86.40336, 35.760747 ], [ -86.40337, 35.760694 ], [ -86.403409, 35.760492 ], [ -86.403466, 35.76019 ], [ -86.403487, 35.760115 ], [ -86.40368, 35.759432 ], [ -86.403829, 35.759011 ], [ -86.403959, 35.758649 ], [ -86.403989, 35.758543 ], [ -86.404083, 35.758225 ], [ -86.404115, 35.75812 ], [ -86.404371, 35.757253 ], [ -86.404419, 35.757093 ], [ -86.404731, 35.756189 ], [ -86.405178, 35.754737 ], [ -86.405193, 35.754672 ], [ -86.405398, 35.753793 ], [ -86.405775, 35.752121 ], [ -86.405991, 35.751164 ], [ -86.406352, 35.749637 ], [ -86.406465, 35.749164 ], [ -86.406727, 35.74822 ], [ -86.406985, 35.747325 ], [ -86.407039, 35.747139 ], [ -86.407319, 35.746171 ], [ -86.407455, 35.745687 ], [ -86.40747, 35.745635 ], [ -86.407482, 35.745595 ], [ -86.407512, 35.745493 ], [ -86.407735, 35.744727 ], [ -86.407784, 35.744557 ], [ -86.408067, 35.74359 ], [ -86.408398, 35.742429 ], [ -86.408617, 35.741663 ], [ -86.408689, 35.741409 ], [ -86.408906, 35.740651 ], [ -86.408979, 35.740398 ], [ -86.4092, 35.73963 ], [ -86.409485, 35.738645 ], [ -86.409835, 35.73732 ], [ -86.41004, 35.736548 ], [ -86.410112, 35.736295 ], [ -86.41033, 35.735539 ], [ -86.410403, 35.735287 ], [ -86.410446, 35.735136 ], [ -86.410555, 35.734727 ], [ -86.410824, 35.733733 ], [ -86.410964, 35.733155 ], [ -86.410992, 35.733044 ], [ -86.411066, 35.732741 ], [ -86.411123, 35.732547 ], [ -86.411141, 35.732484 ], [ -86.411207, 35.732243 ], [ -86.411408, 35.73152 ], [ -86.411475, 35.73128 ], [ -86.411522, 35.731107 ], [ -86.41166, 35.730611 ], [ -86.411665, 35.730591 ], [ -86.411709, 35.730418 ], [ -86.411754, 35.730239 ], [ -86.411892, 35.729702 ], [ -86.411939, 35.729524 ], [ -86.412006, 35.729279 ], [ -86.412208, 35.728545 ], [ -86.412238, 35.72844 ], [ -86.412279, 35.728302 ], [ -86.412308, 35.728203 ], [ -86.412332, 35.728123 ], [ -86.41236, 35.72803 ], [ -86.412481, 35.727583 ], [ -86.412531, 35.727404 ], [ -86.412547, 35.727343 ], [ -86.412597, 35.727161 ], [ -86.412614, 35.727101 ], [ -86.412755, 35.726586 ], [ -86.413045, 35.725529 ], [ -86.413049, 35.725512 ], [ -86.413168, 35.725039 ], [ -86.413299, 35.724522 ], [ -86.413403, 35.72411 ], [ -86.413816, 35.722346 ], [ -86.414059, 35.721487 ], [ -86.414103, 35.72135 ], [ -86.4146, 35.719794 ], [ -86.414759, 35.719264 ], [ -86.415445, 35.716747 ], [ -86.41599, 35.714777 ], [ -86.416101, 35.714356 ], [ -86.416435, 35.713096 ], [ -86.416547, 35.712676 ], [ -86.416652, 35.712278 ], [ -86.416968, 35.711084 ], [ -86.417074, 35.710687 ], [ -86.41712, 35.710554 ], [ -86.417431, 35.709411 ], [ -86.417618, 35.708701 ], [ -86.417781, 35.708082 ], [ -86.418342, 35.705963 ], [ -86.419213, 35.702731 ], [ -86.419252, 35.70259 ], [ -86.419445, 35.701832 ], [ -86.419555, 35.701314 ], [ -86.419638, 35.700822 ], [ -86.419646, 35.70072 ], [ -86.419665, 35.70048 ], [ -86.419681, 35.700292 ], [ -86.419705, 35.699761 ], [ -86.419716, 35.699522 ], [ -86.41971, 35.699392 ], [ -86.419694, 35.699003 ], [ -86.419689, 35.698874 ], [ -86.419673, 35.698493 ], [ -86.419645, 35.697819 ], [ -86.419632, 35.69735 ], [ -86.419623, 35.696969 ], [ -86.419613, 35.696618 ], [ -86.419612, 35.696579 ], [ -86.419606, 35.696336 ], [ -86.419599, 35.696154 ], [ -86.419573, 35.695412 ], [ -86.41956, 35.695023 ], [ -86.419552, 35.694778 ], [ -86.419491, 35.693475 ], [ -86.419487, 35.693377 ], [ -86.419377, 35.692393 ], [ -86.419329, 35.692099 ], [ -86.419273, 35.691756 ], [ -86.419059, 35.690804 ], [ -86.418854, 35.690136 ], [ -86.418611, 35.689424 ], [ -86.41847, 35.689071 ], [ -86.418428, 35.688973 ], [ -86.418305, 35.688687 ], [ -86.417794, 35.68756 ], [ -86.417756, 35.687478 ], [ -86.417642, 35.687235 ], [ -86.417604, 35.687154 ], [ -86.417465, 35.686856 ], [ -86.417048, 35.685962 ], [ -86.416991, 35.685839 ], [ -86.416923, 35.685659 ], [ -86.416768, 35.685248 ], [ -86.41674, 35.685171 ], [ -86.41663, 35.684694 ], [ -86.416606, 35.684585 ], [ -86.416541, 35.684036 ], [ -86.416544, 35.683956 ], [ -86.416566, 35.683518 ], [ -86.416569, 35.683462 ], [ -86.416596, 35.683253 ], [ -86.416636, 35.682957 ], [ -86.416696, 35.6827 ], [ -86.416749, 35.682469 ], [ -86.41681, 35.68221 ], [ -86.416832, 35.682117 ], [ -86.417007, 35.681426 ], [ -86.417488, 35.679536 ], [ -86.417604, 35.679076 ], [ -86.417804, 35.678293 ], [ -86.417809, 35.678269 ], [ -86.417818, 35.678236 ], [ -86.41786, 35.678068 ], [ -86.417875, 35.678012 ], [ -86.418059, 35.677284 ], [ -86.41812, 35.677042 ], [ -86.418168, 35.676854 ], [ -86.418613, 35.675103 ], [ -86.418792, 35.674375 ], [ -86.41882, 35.674259 ], [ -86.418925, 35.673829 ], [ -86.419325, 35.672194 ], [ -86.419459, 35.671649 ], [ -86.419535, 35.67136 ], [ -86.419749, 35.670554 ], [ -86.419763, 35.670495 ], [ -86.419837, 35.670206 ], [ -86.419917, 35.669888 ], [ -86.420159, 35.668935 ], [ -86.420192, 35.668806 ], [ -86.42024, 35.668618 ], [ -86.420374, 35.668087 ], [ -86.420778, 35.666494 ], [ -86.420795, 35.66643 ], [ -86.42091, 35.665963 ], [ -86.420984, 35.665665 ], [ -86.421005, 35.665582 ], [ -86.421308, 35.664446 ], [ -86.42141, 35.664068 ], [ -86.421696, 35.66282 ], [ -86.421718, 35.662729 ], [ -86.422021, 35.661523 ], [ -86.422408, 35.660013 ], [ -86.422635, 35.659097 ], [ -86.422944, 35.657856 ], [ -86.42318, 35.656938 ], [ -86.423184, 35.656918 ], [ -86.423887, 35.654102 ], [ -86.423944, 35.653875 ], [ -86.424104, 35.65316 ], [ -86.424111, 35.653123 ], [ -86.424136, 35.653012 ], [ -86.424145, 35.652976 ], [ -86.424415, 35.652858 ], [ -86.425145, 35.652543 ], [ -86.427146, 35.651555 ], [ -86.428523, 35.650839 ], [ -86.428898, 35.650645 ], [ -86.430247, 35.649736 ], [ -86.431136, 35.648685 ], [ -86.431486, 35.647916 ], [ -86.432679, 35.646908 ], [ -86.434289, 35.646229 ], [ -86.436629, 35.64552 ], [ -86.438418, 35.645231 ], [ -86.439123, 35.645426 ], [ -86.440223, 35.645611 ], [ -86.440274, 35.645618 ], [ -86.441362, 35.64578 ], [ -86.442338, 35.646229 ], [ -86.443333, 35.646243 ], [ -86.444741, 35.646177 ], [ -86.444839, 35.645651 ], [ -86.444952, 35.645055 ], [ -86.445069, 35.644063 ], [ -86.445112, 35.643707 ], [ -86.445134, 35.643532 ], [ -86.445905, 35.643601 ], [ -86.445995, 35.643609 ], [ -86.446792, 35.643688 ], [ -86.44778, 35.643775 ], [ -86.448219, 35.643821 ], [ -86.44899, 35.643902 ], [ -86.449775, 35.643984 ], [ -86.452133, 35.644233 ], [ -86.452919, 35.644316 ], [ -86.453009, 35.644325 ], [ -86.453343, 35.644358 ], [ -86.454028, 35.644428 ], [ -86.454614, 35.644497 ], [ -86.455038, 35.644548 ], [ -86.455092, 35.644142 ], [ -86.455258, 35.642924 ], [ -86.455313, 35.642519 ], [ -86.455473, 35.641353 ], [ -86.455954, 35.637858 ], [ -86.456052, 35.637154 ], [ -86.456416, 35.637194 ], [ -86.456514, 35.637207 ], [ -86.457647, 35.637335 ], [ -86.461047, 35.637721 ], [ -86.462181, 35.63785 ], [ -86.462176, 35.637885 ], [ -86.462163, 35.63799 ], [ -86.46216, 35.638026 ], [ -86.461991, 35.639455 ], [ -86.461775, 35.641288 ], [ -86.46158, 35.643153 ], [ -86.461501, 35.643731 ], [ -86.461499, 35.643744 ], [ -86.461449, 35.644318 ], [ -86.461374, 35.644934 ], [ -86.461353, 35.645176 ], [ -86.462029, 35.645247 ], [ -86.46305, 35.645355 ], [ -86.46406, 35.645445 ], [ -86.464738, 35.645506 ], [ -86.466105, 35.645641 ], [ -86.47011, 35.646038 ], [ -86.470206, 35.646046 ], [ -86.471575, 35.646169 ], [ -86.471624, 35.646173 ], [ -86.471901, 35.646198 ], [ -86.472879, 35.646289 ], [ -86.473189, 35.646319 ], [ -86.473206, 35.646321 ], [ -86.472833, 35.649124 ], [ -86.472088, 35.654732 ], [ -86.474894, 35.655067 ], [ -86.477702, 35.655404 ], [ -86.479028, 35.65554 ], [ -86.483008, 35.655949 ], [ -86.483695, 35.65602 ], [ -86.484336, 35.656083 ], [ -86.485449, 35.656221 ], [ -86.485766, 35.656256 ], [ -86.487017, 35.656396 ], [ -86.487815, 35.656472 ], [ -86.487975, 35.656495 ], [ -86.488085, 35.656529 ], [ -86.488155, 35.65657 ], [ -86.488185, 35.656604 ], [ -86.488194, 35.656614 ], [ -86.488214, 35.656696 ], [ -86.488207, 35.65683 ], [ -86.488089, 35.657427 ], [ -86.488082, 35.657504 ], [ -86.488094, 35.657574 ], [ -86.488118, 35.657615 ], [ -86.488181, 35.657668 ], [ -86.488261, 35.65769 ], [ -86.488394, 35.657708 ], [ -86.488916, 35.657733 ], [ -86.489326, 35.657754 ], [ -86.490354, 35.657833 ], [ -86.490379, 35.657835 ], [ -86.491006, 35.657878 ], [ -86.492602, 35.657989 ], [ -86.492963, 35.658025 ], [ -86.493145, 35.658044 ], [ -86.493461, 35.658074 ], [ -86.493612, 35.658044 ], [ -86.494006, 35.658048 ], [ -86.493814, 35.65956 ], [ -86.493652, 35.660847 ], [ -86.498087, 35.66131 ], [ -86.499407, 35.661449 ], [ -86.499797, 35.66149 ], [ -86.499773, 35.661688 ], [ -86.499761, 35.661803 ], [ -86.499517, 35.663944 ], [ -86.499448, 35.664556 ], [ -86.499992, 35.664573 ], [ -86.501899, 35.664993 ], [ -86.501608, 35.667149 ], [ -86.50312, 35.667339 ], [ -86.505373, 35.667624 ], [ -86.50537, 35.667644 ], [ -86.505363, 35.667706 ], [ -86.505361, 35.667727 ], [ -86.505296, 35.668276 ], [ -86.50525, 35.668571 ], [ -86.50518, 35.669019 ], [ -86.505079, 35.669667 ], [ -86.505041, 35.669892 ], [ -86.505002, 35.670127 ], [ -86.504966, 35.670383 ], [ -86.504939, 35.670504 ], [ -86.50489, 35.670667 ], [ -86.504837, 35.670804 ], [ -86.506828, 35.671177 ], [ -86.508304, 35.671289 ], [ -86.5084, 35.671293 ], [ -86.50875, 35.671306 ], [ -86.509319, 35.671348 ], [ -86.509482, 35.67136 ], [ -86.50936, 35.672212 ], [ -86.508994, 35.67477 ], [ -86.508931, 35.675214 ], [ -86.508926, 35.675295 ], [ -86.508868, 35.675474 ], [ -86.5088, 35.675586 ], [ -86.508794, 35.675598 ], [ -86.511671, 35.675951 ], [ -86.513157, 35.676134 ], [ -86.513155, 35.676158 ], [ -86.513078, 35.676998 ], [ -86.519366, 35.677742 ], [ -86.519442, 35.677751 ], [ -86.519121, 35.680556 ], [ -86.519084, 35.680867 ], [ -86.516676, 35.680586 ], [ -86.516483, 35.682016 ], [ -86.515932, 35.68611 ], [ -86.515677, 35.686104 ], [ -86.515516, 35.688396 ], [ -86.520208, 35.688519 ], [ -86.520306, 35.687358 ], [ -86.520432, 35.685892 ], [ -86.523136, 35.686045 ], [ -86.523167, 35.686046 ], [ -86.523261, 35.686051 ], [ -86.523293, 35.686053 ], [ -86.52329, 35.686173 ], [ -86.523269, 35.686872 ], [ -86.523263, 35.68707 ], [ -86.52326, 35.687209 ], [ -86.523247, 35.68753 ], [ -86.523209, 35.688127 ], [ -86.523213, 35.688171 ], [ -86.523277, 35.688919 ], [ -86.523361, 35.689603 ], [ -86.523378, 35.689855 ], [ -86.523472, 35.689816 ], [ -86.523637, 35.689786 ], [ -86.523898, 35.689761 ], [ -86.523921, 35.689759 ], [ -86.524239, 35.689765 ], [ -86.525625, 35.689831 ], [ -86.526401, 35.689899 ], [ -86.526533, 35.689921 ], [ -86.526643, 35.689974 ], [ -86.526683, 35.690021 ], [ -86.526715, 35.690095 ], [ -86.526718, 35.690209 ], [ -86.526618, 35.691043 ], [ -86.526625, 35.691185 ], [ -86.526642, 35.691246 ], [ -86.526678, 35.691299 ], [ -86.526735, 35.691345 ], [ -86.526792, 35.691374 ], [ -86.526878, 35.69139 ], [ -86.528185, 35.691496 ], [ -86.529581, 35.691626 ], [ -86.530976, 35.691735 ], [ -86.532372, 35.691877 ], [ -86.53375, 35.692 ], [ -86.53481, 35.692076 ], [ -86.535299, 35.692114 ], [ -86.535628, 35.69215 ], [ -86.537514, 35.692235 ], [ -86.53734, 35.693266 ], [ -86.543235, 35.694207 ], [ -86.543685, 35.694278 ], [ -86.543585, 35.69486 ], [ -86.543116, 35.697617 ], [ -86.549729, 35.69804 ], [ -86.549809, 35.698045 ], [ -86.551406, 35.69815 ], [ -86.551448, 35.698153 ], [ -86.5627, 35.698892 ], [ -86.568082, 35.699244 ], [ -86.568295, 35.699246 ], [ -86.570946, 35.69924 ], [ -86.57107, 35.699241 ], [ -86.573124, 35.699264 ], [ -86.579289, 35.699333 ], [ -86.581148, 35.699354 ], [ -86.581343, 35.699377 ], [ -86.581425, 35.699386 ], [ -86.581671, 35.699416 ], [ -86.581754, 35.699426 ], [ -86.584978, 35.699801 ], [ -86.594652, 35.700928 ], [ -86.597877, 35.701304 ], [ -86.598374, 35.701358 ], [ -86.599865, 35.701523 ], [ -86.600362, 35.701578 ], [ -86.6038, 35.701778 ], [ -86.614114, 35.702378 ], [ -86.615763, 35.702473 ], [ -86.617553, 35.702578 ], [ -86.618722, 35.702638 ], [ -86.619446, 35.702676 ], [ -86.619515, 35.701079 ], [ -86.620704, 35.701036 ], [ -86.621875, 35.700995 ], [ -86.621968, 35.700991 ], [ -86.622088, 35.700987 ], [ -86.622204, 35.700984 ], [ -86.622211, 35.701028 ], [ -86.622226, 35.701121 ], [ -86.622215, 35.701154 ], [ -86.622182, 35.701256 ], [ -86.622172, 35.70129 ], [ -86.622138, 35.701392 ], [ -86.622048, 35.701951 ], [ -86.621912, 35.702808 ], [ -86.623067, 35.702825 ], [ -86.623605, 35.702833 ], [ -86.623742, 35.702829 ], [ -86.623791, 35.702827 ], [ -86.623915, 35.702823 ], [ -86.624977, 35.70279 ], [ -86.624995, 35.70279 ], [ -86.628675, 35.702502 ], [ -86.629908, 35.702406 ], [ -86.630121, 35.702389 ], [ -86.63241, 35.702239 ], [ -86.636362, 35.701982 ], [ -86.635657, 35.701715 ], [ -86.636331, 35.698985 ], [ -86.636933, 35.696551 ], [ -86.637034, 35.696115 ], [ -86.637432, 35.69442 ], [ -86.638934, 35.68803 ], [ -86.639436, 35.6859 ], [ -86.642389, 35.686235 ], [ -86.641978, 35.689037 ], [ -86.643058, 35.689158 ], [ -86.643147, 35.689168 ], [ -86.643283, 35.689183 ], [ -86.64964, 35.689895 ], [ -86.649695, 35.689902 ], [ -86.649486, 35.691238 ], [ -86.649439, 35.69154 ], [ -86.64891, 35.695 ], [ -86.64868, 35.696323 ], [ -86.648639, 35.696449 ], [ -86.648566, 35.696681 ], [ -86.648051, 35.698 ], [ -86.647927, 35.698299 ], [ -86.647557, 35.699196 ], [ -86.647434, 35.699496 ], [ -86.647421, 35.699528 ], [ -86.647378, 35.699636 ], [ -86.647293, 35.69991 ], [ -86.647284, 35.699946 ], [ -86.647236, 35.700149 ], [ -86.647147, 35.700888 ], [ -86.647067, 35.701353 ], [ -86.646988, 35.701822 ], [ -86.64698, 35.70187 ], [ -86.646914, 35.70234 ], [ -86.646696, 35.703897 ], [ -86.646624, 35.704416 ], [ -86.646539, 35.705095 ], [ -86.646396, 35.706419 ], [ -86.646292, 35.707122 ], [ -86.646287, 35.707139 ], [ -86.646108, 35.70779 ], [ -86.646105, 35.707801 ], [ -86.646036, 35.70804 ], [ -86.645831, 35.708756 ], [ -86.645763, 35.708996 ], [ -86.645447, 35.710099 ], [ -86.645422, 35.710186 ], [ -86.644894, 35.712055 ], [ -86.644589, 35.71326 ], [ -86.644497, 35.713781 ], [ -86.644282, 35.715001 ], [ -86.64398, 35.716703 ], [ -86.643912, 35.717087 ], [ -86.643806, 35.717535 ], [ -86.643684, 35.717857 ], [ -86.643461, 35.718239 ], [ -86.643151, 35.7187 ], [ -86.641627, 35.720894 ], [ -86.641437, 35.721168 ], [ -86.640549, 35.722447 ], [ -86.640458, 35.722579 ], [ -86.64059, 35.72276 ], [ -86.640804, 35.723054 ], [ -86.640823, 35.72308 ], [ -86.640892, 35.723174 ], [ -86.640933, 35.723231 ], [ -86.640976, 35.72329 ], [ -86.640987, 35.723305 ], [ -86.641091, 35.723448 ], [ -86.641119, 35.723488 ], [ -86.641188, 35.723587 ], [ -86.641397, 35.723884 ], [ -86.641467, 35.723983 ], [ -86.641564, 35.724121 ], [ -86.641592, 35.724165 ], [ -86.641706, 35.724344 ], [ -86.641839, 35.724553 ], [ -86.641949, 35.724726 ], [ -86.642069, 35.724913 ], [ -86.642258, 35.72521 ], [ -86.642271, 35.72523 ], [ -86.642408, 35.725457 ], [ -86.642496, 35.725603 ], [ -86.642631, 35.725826 ], [ -86.643127, 35.726698 ], [ -86.643486, 35.727398 ], [ -86.643657, 35.727745 ], [ -86.643687, 35.727808 ], [ -86.643729, 35.727892 ], [ -86.643748, 35.727932 ], [ -86.644007, 35.728479 ], [ -86.644019, 35.728504 ], [ -86.644086, 35.728668 ], [ -86.64432, 35.729237 ], [ -86.644384, 35.72939 ], [ -86.644399, 35.729427 ], [ -86.644503, 35.72969 ], [ -86.644817, 35.730482 ], [ -86.644922, 35.730746 ], [ -86.645375, 35.731886 ], [ -86.645487, 35.732147 ], [ -86.64568, 35.732563 ], [ -86.645938, 35.733119 ], [ -86.646082, 35.733431 ], [ -86.646616, 35.734458 ], [ -86.646883, 35.734957 ], [ -86.647349, 35.735729 ], [ -86.647355, 35.735739 ], [ -86.647971, 35.736708 ], [ -86.648645, 35.737659 ], [ -86.649357, 35.738665 ], [ -86.649546, 35.738968 ], [ -86.649708, 35.739283 ], [ -86.649719, 35.739307 ], [ -86.649766, 35.739416 ], [ -86.649786, 35.739462 ], [ -86.649878, 35.739758 ], [ -86.6499, 35.739828 ], [ -86.649915, 35.739872 ], [ -86.649918, 35.73989 ], [ -86.649948, 35.740015 ], [ -86.649951, 35.740039 ], [ -86.649995, 35.740348 ], [ -86.650013, 35.740735 ] ] ] } }
]
}
