{
"type": "FeatureCollection",
"name": "districts",
"crs": { "type": "name", "properties": { "name": "urn:ogc:def:crs:OGC:1.3:CRS84" } },
"features": [
{ "type": "Feature", "properties": { "district_num": "18" }, "geometry": { "type": "Polygon", "coordinates": [ [ [ -84.132173, 35.924244 ], [ -84.131989, 35.924496 ], [ -84.131937, 35.924569 ], [ -84.13188, 35.924636 ], [ -84.131739, 35.924802 ], [ -84.131523, 35.925057 ], [ -84.131329, 35.925282 ], [ -84.130539, 35.926523 ], [ -84.130294, 35.92691 ], [ -84.130112, 35.926959 ], [ -84.129972, 35.92699 ], [ -84.129937, 35.926998 ], [ -84.129795, 35.927036 ], [ -84.129538, 35.927096 ], [ -84.129484, 35.927124 ], [ -84.129329, 35.927223 ], [ -84.129201, 35.927316 ], [ -84.129126, 35.927393 ], [ -84.129102, 35.927421 ], [ -84.128964, 35.927585 ], [ -84.128876, 35.927662 ], [ -84.128802, 35.927673 ], [ -84.128777, 35.927673 ], [ -84.128437, 35.927672 ], [ -84.12837, 35.927694 ], [ -84.128316, 35.927694 ], [ -84.128252, 35.927726 ], [ -84.128113, 35.927799 ], [ -84.128039, 35.927821 ], [ -84.127938, 35.927837 ], [ -84.127748, 35.927831 ], [ -84.127431, 35.927787 ], [ -84.127262, 35.927732 ], [ -84.126932, 35.927644 ], [ -84.126749, 35.927633 ], [ -84.126621, 35.927644 ], [ -84.126479, 35.927688 ], [ -84.126408, 35.927728 ], [ -84.126385, 35.927743 ], [ -84.12629, 35.927836 ], [ -84.126182, 35.927995 ], [ -84.126128, 35.928171 ], [ -84.126094, 35.928231 ], [ -84.126071, 35.92825 ], [ -84.126079, 35.92827 ], [ -84.12612, 35.928387 ], [ -84.126215, 35.928654 ], [ -84.126267, 35.928753 ], [ -84.126288, 35.928793 ], [ -84.126306, 35.928827 ], [ -84.126322, 35.928857 ], [ -84.12635, 35.928911 ], [ -84.126356, 35.928924 ], [ -84.12637, 35.928954 ], [ -84.126413, 35.929044 ], [ -84.126428, 35.929075 ], [ -84.126631, 35.9295 ], [ -84.126693, 35.929628 ], [ -84.126895, 35.92998 ], [ -84.127089, 35.930282 ], [ -84.127262, 35.930565 ], [ -84.127347, 35.930719 ], [ -84.127545, 35.931148 ], [ -84.127828, 35.931752 ], [ -84.127867, 35.931834 ], [ -84.128014, 35.932084 ], [ -84.128185, 35.9323 ], [ -84.128588, 35.932733 ], [ -84.128621, 35.932769 ], [ -84.128639, 35.932788 ], [ -84.128657, 35.932808 ], [ -84.128966, 35.93314 ], [ -84.129011, 35.933223 ], [ -84.129025, 35.933304 ], [ -84.129022, 35.933327 ], [ -84.129013, 35.933431 ], [ -84.128958, 35.933714 ], [ -84.128951, 35.933862 ], [ -84.128954, 35.933989 ], [ -84.128603, 35.934061 ], [ -84.128392, 35.934105 ], [ -84.127789, 35.934231 ], [ -84.127553, 35.934286 ], [ -84.127476, 35.934305 ], [ -84.127317, 35.934349 ], [ -84.127208, 35.934381 ], [ -84.126708, 35.934545 ], [ -84.125211, 35.935041 ], [ -84.124757, 35.935192 ], [ -84.124713, 35.935207 ], [ -84.124664, 35.935223 ], [ -84.124517, 35.935274 ], [ -84.124469, 35.935291 ], [ -84.124359, 35.935328 ], [ -84.124301, 35.935348 ], [ -84.124029, 35.935434 ], [ -84.123919, 35.93547 ], [ -84.123889, 35.935479 ], [ -84.1238, 35.935507 ], [ -84.123771, 35.935517 ], [ -84.123472, 35.935612 ], [ -84.122431, 35.935952 ], [ -84.121226, 35.936331 ], [ -84.120883, 35.936426 ], [ -84.120725, 35.936459 ], [ -84.120486, 35.936493 ], [ -84.120117, 35.936504 ], [ -84.120117, 35.93653 ], [ -84.120106, 35.936546 ], [ -84.120035, 35.936549 ], [ -84.119407, 35.936514 ], [ -84.119233, 35.936517 ], [ -84.119117, 35.936528 ], [ -84.11897, 35.936551 ], [ -84.118835, 35.936582 ], [ -84.118694, 35.936626 ], [ -84.118672, 35.936633 ], [ -84.118535, 35.93669 ], [ -84.11829, 35.936819 ], [ -84.117985, 35.936981 ], [ -84.117929, 35.937012 ], [ -84.11768, 35.937152 ], [ -84.117571, 35.937212 ], [ -84.117245, 35.937396 ], [ -84.117137, 35.937457 ], [ -84.116975, 35.937551 ], [ -84.116841, 35.937622 ], [ -84.116607, 35.937747 ], [ -84.11647, 35.937821 ], [ -84.116252, 35.937931 ], [ -84.116048, 35.938027 ], [ -84.115933, 35.938076 ], [ -84.115857, 35.93811 ], [ -84.115621, 35.938206 ], [ -84.115499, 35.938254 ], [ -84.115135, 35.938399 ], [ -84.115014, 35.938448 ], [ -84.11468, 35.93858 ], [ -84.114504, 35.938646 ], [ -84.114042, 35.938823 ], [ -84.113549, 35.93902 ], [ -84.112974, 35.939239 ], [ -84.112589, 35.939387 ], [ -84.112464, 35.939436 ], [ -84.112349, 35.939481 ], [ -84.112008, 35.939616 ], [ -84.111894, 35.939662 ], [ -84.111646, 35.939758 ], [ -84.111209, 35.93993 ], [ -84.110902, 35.940045 ], [ -84.110654, 35.94014 ], [ -84.110433, 35.940224 ], [ -84.110069, 35.940364 ], [ -84.109916, 35.940416 ], [ -84.109811, 35.940444 ], [ -84.109763, 35.940453 ], [ -84.109704, 35.940466 ], [ -84.10953, 35.940488 ], [ -84.10943, 35.940494 ], [ -84.109364, 35.940493 ], [ -84.108869, 35.940488 ], [ -84.108704, 35.940487 ], [ -84.108274, 35.940483 ], [ -84.107913, 35.940474 ], [ -84.106884, 35.940452 ], [ -84.105542, 35.940409 ], [ -84.104752, 35.940385 ], [ -84.104559, 35.94038 ], [ -84.10398, 35.940365 ], [ -84.103849, 35.940362 ], [ -84.103788, 35.940361 ], [ -84.103438, 35.940347 ], [ -84.103049, 35.940332 ], [ -84.10239, 35.940301 ], [ -84.102041, 35.940286 ], [ -84.101679, 35.940278 ], [ -84.101271, 35.94027 ], [ -84.100997, 35.940257 ], [ -84.100738, 35.940229 ], [ -84.100599, 35.940205 ], [ -84.100573, 35.940201 ], [ -84.100246, 35.940131 ], [ -84.099922, 35.940062 ], [ -84.098953, 35.939856 ], [ -84.09863, 35.939788 ], [ -84.098304, 35.939719 ], [ -84.097326, 35.939512 ], [ -84.097, 35.939444 ], [ -84.09671, 35.939383 ], [ -84.096539, 35.939345 ], [ -84.096417, 35.939318 ], [ -84.095515, 35.939119 ], [ -84.09516, 35.939048 ], [ -84.095055, 35.939027 ], [ -84.094695, 35.938978 ], [ -84.094693, 35.93901 ], [ -84.094692, 35.939067 ], [ -84.09469, 35.939107 ], [ -84.094689, 35.93914 ], [ -84.094658, 35.939465 ], [ -84.094653, 35.939553 ], [ -84.094608, 35.94043 ], [ -84.094577, 35.940629 ], [ -84.094525, 35.940785 ], [ -84.094499, 35.940866 ], [ -84.094385, 35.941102 ], [ -84.09435, 35.94116 ], [ -84.094295, 35.941252 ], [ -84.09422, 35.941379 ], [ -84.094114, 35.941517 ], [ -84.094049, 35.941603 ], [ -84.093807, 35.941469 ], [ -84.093641, 35.941412 ], [ -84.093323, 35.941304 ], [ -84.093029, 35.941248 ], [ -84.092744, 35.941227 ], [ -84.092574, 35.941224 ], [ -84.092452, 35.941214 ], [ -84.09231, 35.941212 ], [ -84.092076, 35.94121 ], [ -84.091859, 35.941218 ], [ -84.091689, 35.94125 ], [ -84.091431, 35.941308 ], [ -84.091416, 35.94131 ], [ -84.091167, 35.941378 ], [ -84.09111, 35.941396 ], [ -84.090822, 35.941494 ], [ -84.089785, 35.941872 ], [ -84.089724, 35.941898 ], [ -84.089171, 35.942078 ], [ -84.089096, 35.942103 ], [ -84.088926, 35.942147 ], [ -84.088721, 35.942201 ], [ -84.088184, 35.942352 ], [ -84.088064, 35.942383 ], [ -84.087998, 35.942399 ], [ -84.087757, 35.942461 ], [ -84.087661, 35.942482 ], [ -84.08744, 35.942541 ], [ -84.087255, 35.942591 ], [ -84.087036, 35.942647 ], [ -84.086876, 35.942689 ], [ -84.086726, 35.942734 ], [ -84.086535, 35.942787 ], [ -84.086385, 35.942834 ], [ -84.08617, 35.942903 ], [ -84.086087, 35.942935 ], [ -84.08595, 35.942978 ], [ -84.085935, 35.942984 ], [ -84.08534, 35.943197 ], [ -84.085295, 35.94321 ], [ -84.085261, 35.943221 ], [ -84.085077, 35.943289 ], [ -84.08504, 35.943303 ], [ -84.084688, 35.943438 ], [ -84.084566, 35.94349 ], [ -84.084413, 35.943557 ], [ -84.083957, 35.943757 ], [ -84.083805, 35.943825 ], [ -84.083681, 35.943879 ], [ -84.083311, 35.944042 ], [ -84.083188, 35.944097 ], [ -84.083062, 35.94415 ], [ -84.082973, 35.944188 ], [ -84.082751, 35.944283 ], [ -84.082716, 35.944303 ], [ -84.082563, 35.944365 ], [ -84.082534, 35.944381 ], [ -84.082386, 35.94444 ], [ -84.082351, 35.944457 ], [ -84.082333, 35.944464 ], [ -84.082162, 35.944538 ], [ -84.08212, 35.944556 ], [ -84.081787, 35.944691 ], [ -84.081743, 35.94471 ], [ -84.081453, 35.944833 ], [ -84.0808, 35.945126 ], [ -84.080473, 35.945274 ], [ -84.080352, 35.945324 ], [ -84.08028, 35.945355 ], [ -84.080145, 35.945411 ], [ -84.080058, 35.945444 ], [ -84.079987, 35.94547 ], [ -84.079865, 35.945516 ], [ -84.079608, 35.945565 ], [ -84.079381, 35.945599 ], [ -84.079346, 35.945605 ], [ -84.079099, 35.945629 ], [ -84.078998, 35.945639 ], [ -84.07869, 35.945647 ], [ -84.078497, 35.945646 ], [ -84.07833, 35.945634 ], [ -84.078043, 35.945593 ], [ -84.077919, 35.945565 ], [ -84.077441, 35.945458 ], [ -84.076779, 35.945306 ], [ -84.075847, 35.945085 ], [ -84.074801, 35.944821 ], [ -84.074302, 35.944692 ], [ -84.074144, 35.944651 ], [ -84.074001, 35.944623 ], [ -84.073628, 35.944549 ], [ -84.073075, 35.944439 ], [ -84.072914, 35.944407 ], [ -84.072579, 35.944341 ], [ -84.071545, 35.944175 ], [ -84.071225, 35.944124 ], [ -84.070652, 35.944037 ], [ -84.070626, 35.94403 ], [ -84.070564, 35.944019 ], [ -84.070061, 35.943935 ], [ -84.070051, 35.94397 ], [ -84.070022, 35.944077 ], [ -84.070013, 35.944113 ], [ -84.069876, 35.944094 ], [ -84.069468, 35.944037 ], [ -84.069333, 35.944018 ], [ -84.068824, 35.94394 ], [ -84.067298, 35.943709 ], [ -84.06679, 35.943632 ], [ -84.06648, 35.943599 ], [ -84.065552, 35.943501 ], [ -84.065243, 35.943469 ], [ -84.065064, 35.943451 ], [ -84.06453, 35.943397 ], [ -84.064352, 35.94338 ], [ -84.064183, 35.943294 ], [ -84.063875, 35.943137 ], [ -84.063671, 35.943054 ], [ -84.063496, 35.942984 ], [ -84.063507, 35.942968 ], [ -84.063543, 35.94292 ], [ -84.063556, 35.942905 ], [ -84.063105, 35.942701 ], [ -84.063075, 35.942688 ], [ -84.061977, 35.942207 ], [ -84.061877, 35.942175 ], [ -84.061794, 35.942143 ], [ -84.061738, 35.942127 ], [ -84.061626, 35.942095 ], [ -84.061545, 35.94208 ], [ -84.061411, 35.942049 ], [ -84.061255, 35.942027 ], [ -84.061196, 35.942018 ], [ -84.061125, 35.942014 ], [ -84.06106, 35.942012 ], [ -84.061024, 35.942008 ], [ -84.060983, 35.942003 ], [ -84.060734, 35.941997 ], [ -84.060604, 35.941994 ], [ -84.060597, 35.942009 ], [ -84.060598, 35.942049 ], [ -84.060597, 35.942063 ], [ -84.060582, 35.942196 ], [ -84.060538, 35.942598 ], [ -84.060524, 35.942733 ], [ -84.060509, 35.942894 ], [ -84.060505, 35.942911 ], [ -84.06049, 35.942982 ], [ -84.060449, 35.943093 ], [ -84.060396, 35.943156 ], [ -84.060314, 35.943228 ], [ -84.060238, 35.943276 ], [ -84.060175, 35.943304 ], [ -84.060012, 35.94338 ], [ -84.059981, 35.943393 ], [ -84.05989, 35.943436 ], [ -84.05986, 35.94345 ], [ -84.059847, 35.943455 ], [ -84.059812, 35.943472 ], [ -84.0598, 35.943478 ], [ -84.059749, 35.9435 ], [ -84.059598, 35.94357 ], [ -84.059548, 35.943594 ], [ -84.059523, 35.943604 ], [ -84.059451, 35.943638 ], [ -84.059427, 35.943649 ], [ -84.059369, 35.943675 ], [ -84.059195, 35.943755 ], [ -84.059138, 35.943782 ], [ -84.059148, 35.943795 ], [ -84.059178, 35.943835 ], [ -84.059189, 35.943849 ], [ -84.059302, 35.944006 ], [ -84.059387, 35.94411 ], [ -84.059462, 35.944226 ], [ -84.059969, 35.943999 ], [ -84.060312, 35.944918 ], [ -84.060826, 35.944782 ], [ -84.060954, 35.945116 ], [ -84.060436, 35.945248 ], [ -84.060452, 35.945289 ], [ -84.060387, 35.945317 ], [ -84.059731, 35.945992 ], [ -84.059927, 35.946396 ], [ -84.059568, 35.94651 ], [ -84.059548, 35.946468 ], [ -84.05937, 35.946103 ], [ -84.059128, 35.946178 ], [ -84.05903, 35.946208 ], [ -84.059015, 35.946036 ], [ -84.058976, 35.945611 ], [ -84.058954, 35.945359 ], [ -84.058937, 35.945357 ], [ -84.058896, 35.945351 ], [ -84.058723, 35.945315 ], [ -84.058492, 35.945261 ], [ -84.058285, 35.945212 ], [ -84.058255, 35.945314 ], [ -84.058211, 35.945466 ], [ -84.058186, 35.94555 ], [ -84.057738, 35.945586 ], [ -84.057623, 35.945595 ], [ -84.05771, 35.945862 ], [ -84.057759, 35.946025 ], [ -84.057771, 35.946069 ], [ -84.057785, 35.946174 ], [ -84.057785, 35.946274 ], [ -84.057769, 35.946397 ], [ -84.057759, 35.946457 ], [ -84.057698, 35.94651 ], [ -84.057633, 35.946569 ], [ -84.057589, 35.946579 ], [ -84.057388, 35.946621 ], [ -84.057204, 35.946661 ], [ -84.057077, 35.946687 ], [ -84.057013, 35.9467 ], [ -84.056982, 35.946704 ], [ -84.056985, 35.946715 ], [ -84.056991, 35.946734 ], [ -84.05703, 35.946864 ], [ -84.057115, 35.947144 ], [ -84.057151, 35.947253 ], [ -84.057194, 35.947383 ], [ -84.057241, 35.947527 ], [ -84.05732, 35.94769 ], [ -84.057419, 35.94785 ], [ -84.057525, 35.947988 ], [ -84.057649, 35.948115 ], [ -84.057737, 35.948192 ], [ -84.057878, 35.948294 ], [ -84.058014, 35.948376 ], [ -84.058029, 35.948384 ], [ -84.058323, 35.948547 ], [ -84.058488, 35.948631 ], [ -84.058641, 35.948709 ], [ -84.058981, 35.948887 ], [ -84.059146, 35.948974 ], [ -84.059391, 35.949105 ], [ -84.060129, 35.9495 ], [ -84.060278, 35.94958 ], [ -84.060376, 35.94963 ], [ -84.060546, 35.949717 ], [ -84.060818, 35.949856 ], [ -84.060963, 35.949944 ], [ -84.061043, 35.95 ], [ -84.061101, 35.950041 ], [ -84.061196, 35.950116 ], [ -84.06128, 35.95018 ], [ -84.061387, 35.950271 ], [ -84.061505, 35.95038 ], [ -84.061525, 35.9504 ], [ -84.061539, 35.950414 ], [ -84.061964, 35.95083 ], [ -84.062254, 35.951127 ], [ -84.062494, 35.951389 ], [ -84.062636, 35.951544 ], [ -84.062732, 35.951673 ], [ -84.062775, 35.951746 ], [ -84.062817, 35.95184 ], [ -84.062854, 35.951959 ], [ -84.062876, 35.952086 ], [ -84.062877, 35.952126 ], [ -84.062882, 35.952227 ], [ -84.062878, 35.952336 ], [ -84.062843, 35.95249 ], [ -84.062807, 35.952579 ], [ -84.062759, 35.952674 ], [ -84.06269, 35.952783 ], [ -84.062611, 35.952871 ], [ -84.06253, 35.952947 ], [ -84.062444, 35.953016 ], [ -84.062319, 35.953106 ], [ -84.062297, 35.953123 ], [ -84.061978, 35.953309 ], [ -84.061822, 35.95341 ], [ -84.061761, 35.953446 ], [ -84.061104, 35.953844 ], [ -84.060886, 35.953978 ], [ -84.060818, 35.954019 ], [ -84.060615, 35.954143 ], [ -84.060548, 35.954185 ], [ -84.060248, 35.954369 ], [ -84.059349, 35.954921 ], [ -84.059282, 35.954963 ], [ -84.059043, 35.955095 ], [ -84.058814, 35.955201 ], [ -84.058706, 35.955239 ], [ -84.058381, 35.955356 ], [ -84.05784, 35.955506 ], [ -84.057656, 35.95556 ], [ -84.057305, 35.955664 ], [ -84.057408, 35.955711 ], [ -84.057509, 35.955773 ], [ -84.057598, 35.955845 ], [ -84.057637, 35.955885 ], [ -84.057685, 35.955963 ], [ -84.057726, 35.956067 ], [ -84.05781, 35.956487 ], [ -84.057855, 35.956711 ], [ -84.05788, 35.956777 ], [ -84.057919, 35.956844 ], [ -84.057969, 35.956907 ], [ -84.058029, 35.956963 ], [ -84.058082, 35.956997 ], [ -84.058136, 35.957033 ], [ -84.058204, 35.957063 ], [ -84.058722, 35.957265 ], [ -84.058848, 35.957319 ], [ -84.058978, 35.957385 ], [ -84.059101, 35.957458 ], [ -84.059142, 35.957487 ], [ -84.059217, 35.957538 ], [ -84.059385, 35.957677 ], [ -84.05944, 35.957733 ], [ -84.059497, 35.957799 ], [ -84.059548, 35.957868 ], [ -84.059594, 35.95794 ], [ -84.059633, 35.958014 ], [ -84.059665, 35.958091 ], [ -84.059691, 35.958168 ], [ -84.059718, 35.958288 ], [ -84.059773, 35.958597 ], [ -84.059847, 35.959008 ], [ -84.059905, 35.959325 ], [ -84.059938, 35.959416 ], [ -84.060009, 35.959526 ], [ -84.06005, 35.959556 ], [ -84.060066, 35.959563 ], [ -84.060113, 35.959574 ], [ -84.060145, 35.959575 ], [ -84.060202, 35.959564 ], [ -84.060452, 35.959496 ], [ -84.060516, 35.959477 ], [ -84.061525, 35.959183 ], [ -84.061856, 35.959092 ], [ -84.061981, 35.959059 ], [ -84.062128, 35.959011 ], [ -84.062296, 35.958945 ], [ -84.062517, 35.958858 ], [ -84.062656, 35.958804 ], [ -84.062979, 35.958666 ], [ -84.063173, 35.958575 ], [ -84.063304, 35.958515 ], [ -84.06339, 35.958477 ], [ -84.063698, 35.958339 ], [ -84.063811, 35.958289 ], [ -84.064024, 35.958206 ], [ -84.064244, 35.958136 ], [ -84.06447, 35.958078 ], [ -84.064662, 35.958041 ], [ -84.064699, 35.958034 ], [ -84.064824, 35.958017 ], [ -84.064891, 35.958017 ], [ -84.064997, 35.958032 ], [ -84.065015, 35.958019 ], [ -84.065356, 35.957841 ], [ -84.065475, 35.957779 ], [ -84.066351, 35.957291 ], [ -84.066425, 35.957251 ], [ -84.066781, 35.957054 ], [ -84.066759, 35.957016 ], [ -84.066693, 35.956904 ], [ -84.066671, 35.956867 ], [ -84.066417, 35.956438 ], [ -84.06636, 35.956361 ], [ -84.066255, 35.956204 ], [ -84.066155, 35.956066 ], [ -84.06612, 35.956018 ], [ -84.066003, 35.95581 ], [ -84.065976, 35.955736 ], [ -84.065965, 35.955659 ], [ -84.065969, 35.955606 ], [ -84.065993, 35.955549 ], [ -84.066024, 35.955507 ], [ -84.066085, 35.955455 ], [ -84.066158, 35.955414 ], [ -84.066578, 35.955259 ], [ -84.066917, 35.955163 ], [ -84.067129, 35.955093 ], [ -84.067271, 35.955059 ], [ -84.067382, 35.955022 ], [ -84.067975, 35.954786 ], [ -84.068087, 35.954724 ], [ -84.068103, 35.954713 ], [ -84.068151, 35.954681 ], [ -84.068181, 35.95464 ], [ -84.06822, 35.954597 ], [ -84.06825, 35.954546 ], [ -84.068264, 35.954502 ], [ -84.068274, 35.954428 ], [ -84.068277, 35.954351 ], [ -84.068089, 35.953856 ], [ -84.068236, 35.953769 ], [ -84.068677, 35.953512 ], [ -84.068825, 35.953427 ], [ -84.068951, 35.953354 ], [ -84.068987, 35.953339 ], [ -84.069087, 35.953302 ], [ -84.069227, 35.953267 ], [ -84.069283, 35.95326 ], [ -84.069379, 35.953254 ], [ -84.069519, 35.953263 ], [ -84.069586, 35.953267 ], [ -84.069787, 35.953282 ], [ -84.069855, 35.953287 ], [ -84.070371, 35.95334 ], [ -84.070708, 35.953405 ], [ -84.071127, 35.953467 ], [ -84.07126, 35.953481 ], [ -84.071228, 35.953725 ], [ -84.071048, 35.954697 ], [ -84.070775, 35.956114 ], [ -84.07073, 35.956249 ], [ -84.070687, 35.956343 ], [ -84.070595, 35.956496 ], [ -84.070552, 35.956554 ], [ -84.07043, 35.956689 ], [ -84.070284, 35.956837 ], [ -84.07037, 35.956836 ], [ -84.070663, 35.956832 ], [ -84.070997, 35.95686 ], [ -84.071197, 35.956931 ], [ -84.071357, 35.957059 ], [ -84.07143, 35.957139 ], [ -84.071697, 35.957495 ], [ -84.072017, 35.957981 ], [ -84.072572, 35.958826 ], [ -84.072703, 35.959032 ], [ -84.072758, 35.959118 ], [ -84.072791, 35.959171 ], [ -84.072852, 35.959267 ], [ -84.072946, 35.959388 ], [ -84.073063, 35.959481 ], [ -84.073187, 35.959568 ], [ -84.073217, 35.959586 ], [ -84.073356, 35.959669 ], [ -84.073592, 35.959744 ], [ -84.075092, 35.960183 ], [ -84.076104, 35.960505 ], [ -84.076442, 35.960681 ], [ -84.076573, 35.960783 ], [ -84.076664, 35.960877 ], [ -84.076749, 35.960995 ], [ -84.076818, 35.96112 ], [ -84.07687, 35.961249 ], [ -84.076909, 35.961421 ], [ -84.077019, 35.962032 ], [ -84.077179, 35.962993 ], [ -84.077259, 35.963403 ], [ -84.077299, 35.963523 ], [ -84.077355, 35.963639 ], [ -84.077482, 35.96384 ], [ -84.078099, 35.964736 ], [ -84.078119, 35.964763 ], [ -84.0782, 35.964875 ], [ -84.078316, 35.965025 ], [ -84.07844, 35.965172 ], [ -84.078644, 35.965394 ], [ -84.079101, 35.965836 ], [ -84.079638, 35.966343 ], [ -84.079918, 35.966612 ], [ -84.080242, 35.966922 ], [ -84.080634, 35.967267 ], [ -84.079949, 35.967514 ], [ -84.079325, 35.967749 ], [ -84.078838, 35.967933 ], [ -84.078356, 35.968114 ], [ -84.078241, 35.96816 ], [ -84.077935, 35.968284 ], [ -84.077375, 35.968523 ], [ -84.077023, 35.968699 ], [ -84.075982, 35.969211 ], [ -84.075599, 35.969384 ], [ -84.075355, 35.969487 ], [ -84.074298, 35.969874 ], [ -84.072804, 35.970395 ], [ -84.071592, 35.970808 ], [ -84.070948, 35.970899 ], [ -84.069016, 35.971176 ], [ -84.068373, 35.971268 ], [ -84.068397, 35.971351 ], [ -84.068397, 35.971395 ], [ -84.068411, 35.971495 ], [ -84.068431, 35.971564 ], [ -84.068477, 35.971637 ], [ -84.06859, 35.971809 ], [ -84.068497, 35.971836 ], [ -84.068412, 35.971857 ], [ -84.068159, 35.971921 ], [ -84.068075, 35.971943 ], [ -84.066942, 35.972243 ], [ -84.066187, 35.972433 ], [ -84.065796, 35.972536 ], [ -84.065402, 35.972641 ], [ -84.064605, 35.972848 ], [ -84.063505, 35.973134 ], [ -84.06168, 35.973614 ], [ -84.06102, 35.97377 ], [ -84.060866, 35.973815 ], [ -84.060564, 35.973919 ], [ -84.060272, 35.974039 ], [ -84.059989, 35.974174 ], [ -84.059871, 35.974238 ], [ -84.059108, 35.974688 ], [ -84.057346, 35.975729 ], [ -84.057073, 35.97587 ], [ -84.056998, 35.975908 ], [ -84.056773, 35.976024 ], [ -84.056699, 35.976063 ], [ -84.056147, 35.976327 ], [ -84.056033, 35.976382 ], [ -84.05597, 35.976414 ], [ -84.055818, 35.976502 ], [ -84.055674, 35.976599 ], [ -84.054592, 35.977409 ], [ -84.054476, 35.977494 ], [ -84.054371, 35.977572 ], [ -84.054234, 35.977672 ], [ -84.054059, 35.977801 ], [ -84.053643, 35.978115 ], [ -84.053143, 35.978497 ], [ -84.052947, 35.978647 ], [ -84.052714, 35.978831 ], [ -84.052602, 35.978911 ], [ -84.052385, 35.979051 ], [ -84.0521, 35.979195 ], [ -84.05153, 35.979461 ], [ -84.051435, 35.979506 ], [ -84.05118, 35.979647 ], [ -84.05099, 35.97978 ], [ -84.050938, 35.979816 ], [ -84.050755, 35.97996 ], [ -84.050564, 35.980112 ], [ -84.050062, 35.980517 ], [ -84.049832, 35.980704 ], [ -84.049433, 35.981026 ], [ -84.048784, 35.981551 ], [ -84.048551, 35.981739 ], [ -84.048239, 35.981995 ], [ -84.047853, 35.982313 ], [ -84.047845, 35.982322 ], [ -84.047726, 35.982441 ], [ -84.04749, 35.982682 ], [ -84.047392, 35.982818 ], [ -84.047293, 35.982957 ], [ -84.046669, 35.983824 ], [ -84.046247, 35.984438 ], [ -84.045349, 35.985769 ], [ -84.045261, 35.985898 ], [ -84.0452, 35.98599 ], [ -84.045164, 35.986042 ], [ -84.045141, 35.986133 ], [ -84.045149, 35.98621 ], [ -84.045189, 35.986326 ], [ -84.045112, 35.986342 ], [ -84.044944, 35.986401 ], [ -84.044933, 35.986405 ], [ -84.044601, 35.986557 ], [ -84.044463, 35.986634 ], [ -84.044334, 35.986708 ], [ -84.043019, 35.987575 ], [ -84.04264, 35.987812 ], [ -84.042592, 35.98784 ], [ -84.04245, 35.987926 ], [ -84.042403, 35.987955 ], [ -84.042372, 35.987979 ], [ -84.042282, 35.988055 ], [ -84.042262, 35.988067 ], [ -84.042252, 35.98808 ], [ -84.041701, 35.988016 ], [ -84.040049, 35.987824 ], [ -84.040037, 35.987823 ], [ -84.039931, 35.98781 ], [ -84.039499, 35.987758 ], [ -84.038866, 35.987685 ], [ -84.038002, 35.987586 ], [ -84.037383, 35.987469 ], [ -84.03699, 35.987345 ], [ -84.036664, 35.987243 ], [ -84.036524, 35.987199 ], [ -84.036383, 35.987155 ], [ -84.036312, 35.987131 ], [ -84.036102, 35.987062 ], [ -84.036032, 35.98704 ], [ -84.035902, 35.986982 ], [ -84.035601, 35.986849 ], [ -84.035512, 35.98681 ], [ -84.035383, 35.986753 ], [ -84.035297, 35.986733 ], [ -84.035042, 35.986673 ], [ -84.034957, 35.986653 ], [ -84.034893, 35.986638 ], [ -84.034789, 35.986586 ], [ -84.034303, 35.986346 ], [ -84.034141, 35.986266 ], [ -84.03407, 35.986246 ], [ -84.033984, 35.986222 ], [ -84.032496, 35.987385 ], [ -84.032638, 35.98814 ], [ -84.032484, 35.9884 ], [ -84.032605, 35.988473 ], [ -84.032744, 35.988558 ], [ -84.03297, 35.988299 ], [ -84.033159, 35.988426 ], [ -84.033313, 35.988505 ], [ -84.033265, 35.988595 ], [ -84.033106, 35.988895 ], [ -84.032922, 35.988842 ], [ -84.032822, 35.988809 ], [ -84.032851, 35.988934 ], [ -84.032923, 35.988955 ], [ -84.033294, 35.989062 ], [ -84.033278, 35.989093 ], [ -84.033261, 35.989128 ], [ -84.033234, 35.989184 ], [ -84.033214, 35.989226 ], [ -84.033132, 35.989391 ], [ -84.033086, 35.989484 ], [ -84.033077, 35.989503 ], [ -84.032968, 35.989683 ], [ -84.032736, 35.990067 ], [ -84.032479, 35.990491 ], [ -84.032143, 35.990377 ], [ -84.031956, 35.99032 ], [ -84.032045, 35.990121 ], [ -84.031547, 35.989945 ], [ -84.03144, 35.99015 ], [ -84.031426, 35.990179 ], [ -84.0292, 35.989879 ], [ -84.029115, 35.989868 ], [ -84.02846, 35.989716 ], [ -84.028395, 35.989701 ], [ -84.0282, 35.989656 ], [ -84.028135, 35.989642 ], [ -84.02804, 35.989608 ], [ -84.028004, 35.989595 ], [ -84.027943, 35.989573 ], [ -84.027668, 35.989475 ], [ -84.027411, 35.98938 ], [ -84.027175, 35.989573 ], [ -84.027199, 35.989631 ], [ -84.027343, 35.989981 ], [ -84.027327, 35.989986 ], [ -84.027309, 35.98996 ], [ -84.027291, 35.989935 ], [ -84.027202, 35.989812 ], [ -84.026224, 35.989928 ], [ -84.026209, 35.989882 ], [ -84.026111, 35.989905 ], [ -84.025348, 35.990108 ], [ -84.024819, 35.990411 ], [ -84.024636, 35.990676 ], [ -84.023881, 35.991776 ], [ -84.022937, 35.99192 ], [ -84.023192, 35.992232 ], [ -84.022725, 35.992275 ], [ -84.023749, 35.992914 ], [ -84.023816, 35.992937 ], [ -84.023878, 35.992968 ], [ -84.023931, 35.993005 ], [ -84.023984, 35.993044 ], [ -84.024076, 35.993115 ], [ -84.023998, 35.993087 ], [ -84.023846, 35.993033 ], [ -84.023826, 35.99303 ], [ -84.023777, 35.992996 ], [ -84.023684, 35.992966 ], [ -84.023585, 35.992952 ], [ -84.023564, 35.992952 ], [ -84.023491, 35.992956 ], [ -84.023419, 35.992967 ], [ -84.023186, 35.993043 ], [ -84.022635, 35.993226 ], [ -84.022475, 35.992893 ], [ -84.022414, 35.992783 ], [ -84.022343, 35.992677 ], [ -84.022241, 35.992552 ], [ -84.02222, 35.992527 ], [ -84.022127, 35.992433 ], [ -84.021319, 35.991721 ], [ -84.021009, 35.991448 ], [ -84.020861, 35.991317 ], [ -84.020668, 35.991146 ], [ -84.020576, 35.991036 ], [ -84.020515, 35.990942 ], [ -84.02048, 35.99087 ], [ -84.020467, 35.990844 ], [ -84.020411, 35.990686 ], [ -84.020354, 35.990522 ], [ -84.020184, 35.990031 ], [ -84.020151, 35.989935 ], [ -84.020128, 35.989868 ], [ -84.019699, 35.989972 ], [ -84.018414, 35.990286 ], [ -84.017986, 35.990391 ], [ -84.017534, 35.990501 ], [ -84.017109, 35.990605 ], [ -84.016936, 35.990648 ], [ -84.016852, 35.990668 ], [ -84.01665, 35.990724 ], [ -84.016464, 35.990793 ], [ -84.016354, 35.990844 ], [ -84.016118, 35.990982 ], [ -84.015986, 35.991046 ], [ -84.01588, 35.991084 ], [ -84.015184, 35.991271 ], [ -84.014548, 35.991442 ], [ -84.013677, 35.991677 ], [ -84.013412, 35.991427 ], [ -84.012617, 35.990677 ], [ -84.012462, 35.990531 ], [ -84.012356, 35.990424 ], [ -84.012001, 35.99006 ], [ -84.011785, 35.98984 ], [ -84.011643, 35.989703 ], [ -84.011494, 35.98957 ], [ -84.011347, 35.989448 ], [ -84.010847, 35.98907 ], [ -84.010443, 35.988764 ], [ -84.010346, 35.988691 ], [ -84.010058, 35.988472 ], [ -84.009962, 35.9884 ], [ -84.009805, 35.98828 ], [ -84.009413, 35.987982 ], [ -84.009367, 35.987933 ], [ -84.009352, 35.987906 ], [ -84.00933, 35.987866 ], [ -84.009315, 35.987794 ], [ -84.00932, 35.987717 ], [ -84.009277, 35.98772 ], [ -84.009216, 35.987737 ], [ -84.009201, 35.987746 ], [ -84.00917, 35.987765 ], [ -84.008933, 35.988002 ], [ -84.008846, 35.98809 ], [ -84.008316, 35.988632 ], [ -84.007928, 35.989031 ], [ -84.007815, 35.98914 ], [ -84.007617, 35.989349 ], [ -84.007437, 35.989569 ], [ -84.007354, 35.989682 ], [ -84.007168, 35.989965 ], [ -84.007081, 35.990122 ], [ -84.006956, 35.990428 ], [ -84.006862, 35.990662 ], [ -84.006813, 35.990751 ], [ -84.006739, 35.990845 ], [ -84.006678, 35.990909 ], [ -84.006606, 35.990965 ], [ -84.006516, 35.991019 ], [ -84.006417, 35.991081 ], [ -84.006401, 35.991092 ], [ -84.006127, 35.99128 ], [ -84.006044, 35.991361 ], [ -84.006011, 35.991401 ], [ -84.005952, 35.991491 ], [ -84.005913, 35.991584 ], [ -84.005729, 35.992033 ], [ -84.005621, 35.992307 ], [ -84.005526, 35.99255 ], [ -84.005233, 35.992498 ], [ -84.005221, 35.992495 ], [ -84.004329, 35.992326 ], [ -84.00431, 35.992321 ], [ -84.004178, 35.99229 ], [ -84.004011, 35.992243 ], [ -84.003923, 35.992215 ], [ -84.003899, 35.992208 ], [ -84.003762, 35.99216 ], [ -84.003664, 35.992123 ], [ -84.003635, 35.992112 ], [ -84.003579, 35.992089 ], [ -84.003452, 35.992037 ], [ -84.003073, 35.991884 ], [ -84.002947, 35.991833 ], [ -84.002786, 35.991767 ], [ -84.002402, 35.991611 ], [ -84.002306, 35.991571 ], [ -84.002146, 35.991506 ], [ -84.001677, 35.991315 ], [ -84.000417, 35.990802 ], [ -84.000318, 35.990762 ], [ -84.000271, 35.99074 ], [ -84.000088, 35.990653 ], [ -83.999948, 35.990573 ], [ -83.999822, 35.990508 ], [ -83.999304, 35.990069 ], [ -83.999171, 35.989956 ], [ -83.998124, 35.989037 ], [ -83.997791, 35.988746 ], [ -83.997773, 35.988731 ], [ -83.997371, 35.98839 ], [ -83.997246, 35.988306 ], [ -83.997124, 35.988225 ], [ -83.997062, 35.988184 ], [ -83.996741, 35.988014 ], [ -83.996612, 35.987947 ], [ -83.996281, 35.987786 ], [ -83.996251, 35.987772 ], [ -83.995944, 35.987639 ], [ -83.995572, 35.987506 ], [ -83.995256, 35.987386 ], [ -83.995217, 35.987372 ], [ -83.994908, 35.987272 ], [ -83.994609, 35.987178 ], [ -83.99445, 35.987128 ], [ -83.993962, 35.986975 ], [ -83.99371, 35.986912 ], [ -83.993407, 35.986838 ], [ -83.992987, 35.986766 ], [ -83.992891, 35.98675 ], [ -83.992326, 35.986676 ], [ -83.992064, 35.986653 ], [ -83.991981, 35.986646 ], [ -83.991717, 35.986626 ], [ -83.991293, 35.986595 ], [ -83.99129, 35.986174 ], [ -83.991306, 35.985718 ], [ -83.991315, 35.985553 ], [ -83.991373, 35.984518 ], [ -83.99147, 35.982429 ], [ -83.991497, 35.981847 ], [ -83.991509, 35.981589 ], [ -83.991519, 35.981388 ], [ -83.991539, 35.980934 ], [ -83.991543, 35.980854 ], [ -83.991554, 35.980786 ], [ -83.991579, 35.980714 ], [ -83.991622, 35.980646 ], [ -83.991684, 35.980564 ], [ -83.991902, 35.980341 ], [ -83.992288, 35.979958 ], [ -83.992352, 35.979883 ], [ -83.992425, 35.979799 ], [ -83.992486, 35.979684 ], [ -83.992573, 35.97949 ], [ -83.992735, 35.979577 ], [ -83.992841, 35.979622 ], [ -83.992952, 35.979662 ], [ -83.993122, 35.979709 ], [ -83.993306, 35.979751 ], [ -83.993432, 35.97977 ], [ -83.99356, 35.979782 ], [ -83.993688, 35.979786 ], [ -83.993816, 35.979783 ], [ -83.993952, 35.979771 ], [ -83.99406, 35.979752 ], [ -83.994173, 35.979724 ], [ -83.994283, 35.979689 ], [ -83.99439, 35.979649 ], [ -83.994493, 35.979602 ], [ -83.9946, 35.979544 ], [ -83.995071, 35.979263 ], [ -83.996522, 35.978356 ], [ -83.997572, 35.977686 ], [ -83.998945, 35.976818 ], [ -83.999585, 35.976418 ], [ -84.000142, 35.976072 ], [ -84.000601, 35.975783 ], [ -84.000797, 35.975661 ], [ -84.001161, 35.975432 ], [ -84.001215, 35.975385 ], [ -84.001237, 35.975363 ], [ -84.001254, 35.975327 ], [ -84.001588, 35.975314 ], [ -84.001776, 35.975308 ], [ -84.002449, 35.975305 ], [ -84.002877, 35.975307 ], [ -84.002932, 35.975306 ], [ -84.002987, 35.975307 ], [ -84.004207, 35.975312 ], [ -84.004475, 35.97531 ], [ -84.00449, 35.97529 ], [ -84.004506, 35.975258 ], [ -84.004544, 35.975208 ], [ -84.004562, 35.975194 ], [ -84.004617, 35.975172 ], [ -84.004673, 35.975159 ], [ -84.004973, 35.975147 ], [ -84.005801, 35.975127 ], [ -84.006043, 35.975121 ], [ -84.006078, 35.975121 ], [ -84.006771, 35.975106 ], [ -84.007014, 35.975102 ], [ -84.007271, 35.975091 ], [ -84.007605, 35.975078 ], [ -84.007635, 35.975077 ], [ -84.008045, 35.97507 ], [ -84.008303, 35.975066 ], [ -84.008325, 35.974892 ], [ -84.008333, 35.974852 ], [ -84.008375, 35.974629 ], [ -84.008382, 35.974595 ], [ -84.00842, 35.974437 ], [ -84.008425, 35.974416 ], [ -84.008461, 35.97434 ], [ -84.008515, 35.974263 ], [ -84.008554, 35.974218 ], [ -84.008692, 35.974084 ], [ -84.008864, 35.973924 ], [ -84.009019, 35.973788 ], [ -84.009156, 35.973667 ], [ -84.009193, 35.973629 ], [ -84.009284, 35.97354 ], [ -84.009333, 35.973464 ], [ -84.009374, 35.973369 ], [ -84.009422, 35.973258 ], [ -84.009498, 35.973085 ], [ -84.009534, 35.973037 ], [ -84.009554, 35.973012 ], [ -84.009613, 35.972954 ], [ -84.0097, 35.972893 ], [ -84.009799, 35.972845 ], [ -84.009907, 35.972812 ], [ -84.01002, 35.972795 ], [ -84.010208, 35.972788 ], [ -84.010319, 35.972784 ], [ -84.010456, 35.9728 ], [ -84.010466, 35.972775 ], [ -84.010482, 35.972757 ], [ -84.010515, 35.972724 ], [ -84.010604, 35.972665 ], [ -84.010647, 35.972637 ], [ -84.010787, 35.972544 ], [ -84.010867, 35.972507 ], [ -84.011005, 35.97247 ], [ -84.011077, 35.972432 ], [ -84.011133, 35.972377 ], [ -84.011162, 35.97233 ], [ -84.011194, 35.972216 ], [ -84.011205, 35.972154 ], [ -84.011215, 35.972101 ], [ -84.01124, 35.971818 ], [ -84.011259, 35.971683 ], [ -84.011286, 35.971586 ], [ -84.011318, 35.97151 ], [ -84.011345, 35.971464 ], [ -84.011409, 35.971378 ], [ -84.011488, 35.971299 ], [ -84.011518, 35.971275 ], [ -84.011795, 35.971086 ], [ -84.011828, 35.971055 ], [ -84.011854, 35.971021 ], [ -84.011884, 35.970966 ], [ -84.012069, 35.970696 ], [ -84.012136, 35.970517 ], [ -84.012142, 35.970479 ], [ -84.01223, 35.970135 ], [ -84.012233, 35.970117 ], [ -84.012304, 35.969751 ], [ -84.012309, 35.969682 ], [ -84.012298, 35.969555 ], [ -84.012294, 35.969461 ], [ -84.012257, 35.969335 ], [ -84.012125, 35.969092 ], [ -84.012103, 35.969052 ], [ -84.012079, 35.969007 ], [ -84.011972, 35.968644 ], [ -84.012035, 35.968296 ], [ -84.012085, 35.968025 ], [ -84.012116, 35.967814 ], [ -84.012129, 35.967675 ], [ -84.012176, 35.967435 ], [ -84.012249, 35.966906 ], [ -84.012245, 35.966853 ], [ -84.012225, 35.966807 ], [ -84.012195, 35.96677 ], [ -84.012146, 35.966734 ], [ -84.012086, 35.966711 ], [ -84.011798, 35.966665 ], [ -84.01142, 35.966617 ], [ -84.011115, 35.966585 ], [ -84.010695, 35.966552 ], [ -84.010402, 35.966519 ], [ -84.00972, 35.966433 ], [ -84.009631, 35.96641 ], [ -84.009577, 35.966386 ], [ -84.009503, 35.96634 ], [ -84.009446, 35.966285 ], [ -84.009237, 35.965954 ], [ -84.009119, 35.965754 ], [ -84.009046, 35.965631 ], [ -84.008766, 35.965191 ], [ -84.008484, 35.964757 ], [ -84.008445, 35.964692 ], [ -84.008328, 35.964498 ], [ -84.008289, 35.964434 ], [ -84.008246, 35.964359 ], [ -84.008176, 35.964233 ], [ -84.008124, 35.964132 ], [ -84.008085, 35.964056 ], [ -84.007824, 35.963548 ], [ -84.007769, 35.963441 ], [ -84.00757, 35.963194 ], [ -84.006697, 35.962268 ], [ -84.00657, 35.962134 ], [ -84.006309, 35.961851 ], [ -84.006208, 35.96174 ], [ -84.005907, 35.961407 ], [ -84.005823, 35.961284 ], [ -84.005835, 35.961239 ], [ -84.005858, 35.961207 ], [ -84.005892, 35.961181 ], [ -84.006341, 35.960901 ], [ -84.00642, 35.960852 ], [ -84.006802, 35.96062 ], [ -84.006893, 35.960549 ], [ -84.006929, 35.960511 ], [ -84.00696, 35.960456 ], [ -84.006978, 35.960388 ], [ -84.007002, 35.960296 ], [ -84.007021, 35.960264 ], [ -84.007058, 35.960228 ], [ -84.00714, 35.96019 ], [ -84.00723, 35.960167 ], [ -84.007773, 35.960122 ], [ -84.008364, 35.960083 ], [ -84.008905, 35.96004 ], [ -84.008986, 35.960014 ], [ -84.009059, 35.959974 ], [ -84.009091, 35.95995 ], [ -84.009072, 35.959928 ], [ -84.009016, 35.959863 ], [ -84.008998, 35.959842 ], [ -84.008557, 35.959898 ], [ -84.008219, 35.95992 ], [ -84.006967, 35.960004 ], [ -84.006534, 35.960122 ], [ -84.006135, 35.960265 ], [ -84.005939, 35.960367 ], [ -84.005246, 35.960731 ], [ -84.005141, 35.960617 ], [ -84.005129, 35.960604 ], [ -84.004772, 35.960231 ], [ -84.004653, 35.960107 ], [ -84.004324, 35.959763 ], [ -84.00334, 35.958732 ], [ -84.003012, 35.958389 ], [ -84.002951, 35.958325 ], [ -84.002884, 35.95824 ], [ -84.002871, 35.958224 ], [ -84.002697, 35.957945 ], [ -84.002668, 35.957894 ], [ -84.002613, 35.957817 ], [ -84.002555, 35.957755 ], [ -84.002423, 35.957611 ], [ -84.002702, 35.957439 ], [ -84.003031, 35.957239 ], [ -84.003185, 35.957164 ], [ -84.003424, 35.95707 ], [ -84.003586, 35.957017 ], [ -84.003669, 35.956994 ], [ -84.003905, 35.956941 ], [ -84.004034, 35.956917 ], [ -84.004329, 35.956839 ], [ -84.005016, 35.95666 ], [ -84.005305, 35.956572 ], [ -84.005593, 35.956497 ], [ -84.005756, 35.956455 ], [ -84.005912, 35.956379 ], [ -84.005984, 35.956322 ], [ -84.006021, 35.956304 ], [ -84.006226, 35.956221 ], [ -84.006431, 35.956122 ], [ -84.006627, 35.956011 ], [ -84.006814, 35.95589 ], [ -84.006912, 35.955821 ], [ -84.007209, 35.955632 ], [ -84.008784, 35.954632 ], [ -84.009744, 35.954026 ], [ -84.010783, 35.953369 ], [ -84.010891, 35.9533 ], [ -84.011975, 35.952616 ], [ -84.012472, 35.952298 ], [ -84.012518, 35.952267 ], [ -84.014048, 35.951288 ], [ -84.01415, 35.951224 ], [ -84.014256, 35.951159 ], [ -84.014446, 35.951027 ], [ -84.014676, 35.950849 ], [ -84.014799, 35.950751 ], [ -84.014969, 35.950606 ], [ -84.015133, 35.950457 ], [ -84.015291, 35.950303 ], [ -84.015422, 35.950155 ], [ -84.016457, 35.948993 ], [ -84.01664, 35.948822 ], [ -84.016702, 35.948769 ], [ -84.016831, 35.948657 ], [ -84.017028, 35.948497 ], [ -84.017232, 35.948343 ], [ -84.017443, 35.948195 ], [ -84.017641, 35.948065 ], [ -84.01766, 35.948053 ], [ -84.017891, 35.947911 ], [ -84.018507, 35.947524 ], [ -84.019126, 35.947119 ], [ -84.01968, 35.946755 ], [ -84.020083, 35.946492 ], [ -84.020223, 35.946394 ], [ -84.020532, 35.946251 ], [ -84.02106, 35.946041 ], [ -84.021411, 35.945947 ], [ -84.02154, 35.945916 ], [ -84.021828, 35.945847 ], [ -84.022691, 35.945713 ], [ -84.023657, 35.94555 ], [ -84.024042, 35.945486 ], [ -84.024067, 35.945482 ], [ -84.025044, 35.945344 ], [ -84.025717, 35.945242 ], [ -84.025757, 35.945237 ], [ -84.025981, 35.945186 ], [ -84.027729, 35.944895 ], [ -84.027887, 35.944869 ], [ -84.028046, 35.944836 ], [ -84.028396, 35.944755 ], [ -84.028627, 35.94469 ], [ -84.028813, 35.944625 ], [ -84.028994, 35.944551 ], [ -84.029082, 35.94451 ], [ -84.030186, 35.943907 ], [ -84.031779, 35.943036 ], [ -84.031903, 35.942968 ], [ -84.034153, 35.941738 ], [ -84.035368, 35.941077 ], [ -84.035456, 35.941035 ], [ -84.035634, 35.940964 ], [ -84.035779, 35.940917 ], [ -84.035928, 35.940878 ], [ -84.03608, 35.940849 ], [ -84.036234, 35.940827 ], [ -84.036467, 35.940812 ], [ -84.036685, 35.940816 ], [ -84.037079, 35.940843 ], [ -84.037216, 35.940862 ], [ -84.037205, 35.941244 ], [ -84.037202, 35.941316 ], [ -84.03719, 35.941631 ], [ -84.037191, 35.942017 ], [ -84.03721, 35.94241 ], [ -84.037222, 35.942678 ], [ -84.037244, 35.943133 ], [ -84.037245, 35.943152 ], [ -84.037246, 35.943168 ], [ -84.037248, 35.943209 ], [ -84.037249, 35.943229 ], [ -84.037269, 35.943621 ], [ -84.037324, 35.944643 ], [ -84.037333, 35.944797 ], [ -84.037358, 35.94519 ], [ -84.037371, 35.945375 ], [ -84.037376, 35.945455 ], [ -84.037411, 35.945933 ], [ -84.037417, 35.946011 ], [ -84.037429, 35.946119 ], [ -84.037456, 35.94645 ], [ -84.037468, 35.946861 ], [ -84.037486, 35.947469 ], [ -84.037502, 35.948284 ], [ -84.03751, 35.948564 ], [ -84.037541, 35.949076 ], [ -84.037541, 35.949089 ], [ -84.037559, 35.949833 ], [ -84.037564, 35.94996 ], [ -84.03758, 35.950342 ], [ -84.037586, 35.95047 ], [ -84.037586, 35.950491 ], [ -84.037589, 35.950554 ], [ -84.03759, 35.950576 ], [ -84.037601, 35.950802 ], [ -84.037602, 35.950844 ], [ -84.037611, 35.951099 ], [ -84.037635, 35.951651 ], [ -84.037648, 35.95192 ], [ -84.037655, 35.952251 ], [ -84.037671, 35.952986 ], [ -84.037667, 35.953244 ], [ -84.037665, 35.9535 ], [ -84.037666, 35.953576 ], [ -84.037669, 35.953836 ], [ -84.037683, 35.954285 ], [ -84.037678, 35.95456 ], [ -84.037675, 35.954619 ], [ -84.037662, 35.95488 ], [ -84.03773, 35.954915 ], [ -84.037934, 35.955022 ], [ -84.037952, 35.955032 ], [ -84.038005, 35.955054 ], [ -84.038132, 35.955113 ], [ -84.038263, 35.955168 ], [ -84.038604, 35.955324 ], [ -84.038685, 35.955378 ], [ -84.038753, 35.955443 ], [ -84.038805, 35.955517 ], [ -84.038842, 35.955598 ], [ -84.03886, 35.955682 ], [ -84.03886, 35.955699 ], [ -84.03886, 35.955768 ], [ -84.038842, 35.955853 ], [ -84.038793, 35.955971 ], [ -84.038487, 35.956688 ], [ -84.038338, 35.957036 ], [ -84.038263, 35.957214 ], [ -84.038125, 35.95754 ], [ -84.037997, 35.957856 ], [ -84.037859, 35.958183 ], [ -84.037817, 35.958344 ], [ -84.037797, 35.95844 ], [ -84.037785, 35.958539 ], [ -84.037782, 35.958768 ], [ -84.037796, 35.958892 ], [ -84.037813, 35.95904 ], [ -84.037857, 35.95927 ], [ -84.037957, 35.959654 ], [ -84.038075, 35.959622 ], [ -84.038118, 35.9596 ], [ -84.038354, 35.959443 ], [ -84.039425, 35.958737 ], [ -84.03949, 35.958693 ], [ -84.039868, 35.958442 ], [ -84.040516, 35.958017 ], [ -84.041233, 35.957538 ], [ -84.041738, 35.957201 ], [ -84.041833, 35.957139 ], [ -84.042202, 35.956904 ], [ -84.042561, 35.956687 ], [ -84.042999, 35.9564 ], [ -84.043294, 35.956213 ], [ -84.04365, 35.955999 ], [ -84.044118, 35.955704 ], [ -84.044779, 35.955302 ], [ -84.044941, 35.955196 ], [ -84.045365, 35.954887 ], [ -84.046053, 35.954389 ], [ -84.046324, 35.954201 ], [ -84.046463, 35.954114 ], [ -84.046719, 35.953969 ], [ -84.046768, 35.953941 ], [ -84.046803, 35.953921 ], [ -84.04709, 35.95376 ], [ -84.047283, 35.953656 ], [ -84.047317, 35.953638 ], [ -84.047517, 35.953541 ], [ -84.047552, 35.953526 ], [ -84.047788, 35.953431 ], [ -84.047824, 35.953418 ], [ -84.04786, 35.953405 ], [ -84.047912, 35.953388 ], [ -84.047969, 35.953375 ], [ -84.048026, 35.953365 ], [ -84.048085, 35.95336 ], [ -84.048112, 35.953357 ], [ -84.048163, 35.953352 ], [ -84.048268, 35.953347 ], [ -84.048372, 35.953347 ], [ -84.04842, 35.95335 ], [ -84.0493, 35.953392 ], [ -84.049294, 35.953125 ], [ -84.049259, 35.952565 ], [ -84.049256, 35.952394 ], [ -84.049266, 35.952234 ], [ -84.049297, 35.952019 ], [ -84.049376, 35.951711 ], [ -84.049432, 35.951574 ], [ -84.048638, 35.950669 ], [ -84.048351, 35.950354 ], [ -84.048112, 35.95011 ], [ -84.047481, 35.949454 ], [ -84.04708, 35.949052 ], [ -84.046749, 35.948719 ], [ -84.046107, 35.948072 ], [ -84.045771, 35.94771 ], [ -84.045593, 35.947519 ], [ -84.04545, 35.94737 ], [ -84.045398, 35.947312 ], [ -84.045109, 35.947015 ], [ -84.044492, 35.94639 ], [ -84.044081, 35.945962 ], [ -84.043741, 35.945608 ], [ -84.043606, 35.945587 ], [ -84.043386, 35.945555 ], [ -84.043205, 35.945523 ], [ -84.043072, 35.945501 ], [ -84.043009, 35.945491 ], [ -84.042821, 35.945461 ], [ -84.042759, 35.945451 ], [ -84.042551, 35.945413 ], [ -84.042495, 35.945393 ], [ -84.04241, 35.945351 ], [ -84.042386, 35.945335 ], [ -84.042348, 35.945309 ], [ -84.042299, 35.945254 ], [ -84.042256, 35.945181 ], [ -84.04224, 35.945132 ], [ -84.042228, 35.945036 ], [ -84.042192, 35.944321 ], [ -84.042187, 35.944207 ], [ -84.042173, 35.943814 ], [ -84.042154, 35.943355 ], [ -84.042134, 35.942862 ], [ -84.042086, 35.942076 ], [ -84.042085, 35.941981 ], [ -84.042084, 35.941754 ], [ -84.042105, 35.941524 ], [ -84.04223, 35.941544 ], [ -84.042468, 35.941574 ], [ -84.043461, 35.941704 ], [ -84.04356, 35.941717 ], [ -84.043775, 35.941748 ], [ -84.043924, 35.941765 ], [ -84.044387, 35.941837 ], [ -84.045776, 35.942056 ], [ -84.046036, 35.942097 ], [ -84.04624, 35.942125 ], [ -84.046448, 35.942155 ], [ -84.047072, 35.942245 ], [ -84.04728, 35.942275 ], [ -84.047499, 35.9423 ], [ -84.048156, 35.942377 ], [ -84.048376, 35.942403 ], [ -84.048467, 35.941479 ], [ -84.048505, 35.941103 ], [ -84.048523, 35.940992 ], [ -84.048539, 35.940946 ], [ -84.048595, 35.940851 ], [ -84.048657, 35.940784 ], [ -84.048795, 35.940668 ], [ -84.0492, 35.940347 ], [ -84.04928, 35.940293 ], [ -84.049391, 35.940206 ], [ -84.049649, 35.940021 ], [ -84.049734, 35.939966 ], [ -84.050043, 35.93978 ], [ -84.050334, 35.939629 ], [ -84.050408, 35.939591 ], [ -84.050612, 35.939487 ], [ -84.050671, 35.939462 ], [ -84.05092, 35.939367 ], [ -84.051192, 35.93928 ], [ -84.051853, 35.939077 ], [ -84.052408, 35.938908 ], [ -84.053836, 35.938468 ], [ -84.05389, 35.938452 ], [ -84.054199, 35.938356 ], [ -84.054283, 35.938325 ], [ -84.054495, 35.938258 ], [ -84.054597, 35.938224 ], [ -84.054907, 35.938124 ], [ -84.05501, 35.938091 ], [ -84.055144, 35.938044 ], [ -84.055243, 35.938005 ], [ -84.055493, 35.937909 ], [ -84.05583, 35.937754 ], [ -84.055926, 35.937706 ], [ -84.05615, 35.937598 ], [ -84.056636, 35.937358 ], [ -84.057053, 35.937154 ], [ -84.057388, 35.937 ], [ -84.057583, 35.936894 ], [ -84.057666, 35.936831 ], [ -84.057734, 35.936758 ], [ -84.057786, 35.936677 ], [ -84.057888, 35.936424 ], [ -84.057927, 35.936317 ], [ -84.058005, 35.936108 ], [ -84.058088, 35.935921 ], [ -84.05814, 35.935802 ], [ -84.058151, 35.935779 ], [ -84.058195, 35.9357 ], [ -84.058305, 35.935537 ], [ -84.058342, 35.935482 ], [ -84.058401, 35.935388 ], [ -84.058485, 35.935258 ], [ -84.058505, 35.935226 ], [ -84.058543, 35.935153 ], [ -84.05856, 35.935122 ], [ -84.05858, 35.93506 ], [ -84.05859, 35.935011 ], [ -84.058605, 35.934879 ], [ -84.058608, 35.934856 ], [ -84.058623, 35.934578 ], [ -84.058653, 35.934063 ], [ -84.058693, 35.932999 ], [ -84.058729, 35.932466 ], [ -84.058744, 35.932263 ], [ -84.058789, 35.931764 ], [ -84.05881, 35.931528 ], [ -84.058857, 35.931014 ], [ -84.058864, 35.930975 ], [ -84.058892, 35.93091 ], [ -84.058931, 35.93086 ], [ -84.058946, 35.930847 ], [ -84.058991, 35.930811 ], [ -84.059052, 35.93078 ], [ -84.059158, 35.930748 ], [ -84.05955, 35.93063 ], [ -84.060191, 35.930439 ], [ -84.060356, 35.93039 ], [ -84.060687, 35.930213 ], [ -84.060695, 35.930201 ], [ -84.060852, 35.929986 ], [ -84.060874, 35.929955 ], [ -84.061092, 35.929989 ], [ -84.061377, 35.930207 ], [ -84.061511, 35.930304 ], [ -84.061753, 35.930479 ], [ -84.062267, 35.930875 ], [ -84.062393, 35.931016 ], [ -84.062521, 35.931177 ], [ -84.062585, 35.93128 ], [ -84.06279, 35.931674 ], [ -84.062847, 35.931919 ], [ -84.062854, 35.931948 ], [ -84.062909, 35.932181 ], [ -84.062903, 35.932308 ], [ -84.06289, 35.932632 ], [ -84.062996, 35.932645 ], [ -84.063041, 35.932651 ], [ -84.06313, 35.932663 ], [ -84.063258, 35.932673 ], [ -84.063316, 35.932678 ], [ -84.063423, 35.932688 ], [ -84.06359, 35.932703 ], [ -84.063698, 35.932694 ], [ -84.063945, 35.932655 ], [ -84.064047, 35.932631 ], [ -84.064123, 35.932613 ], [ -84.064338, 35.932547 ], [ -84.064499, 35.932499 ], [ -84.064655, 35.932431 ], [ -84.06479, 35.932368 ], [ -84.064922, 35.932301 ], [ -84.065069, 35.932222 ], [ -84.065227, 35.932154 ], [ -84.065422, 35.932079 ], [ -84.065927, 35.931909 ], [ -84.06668, 35.931672 ], [ -84.066963, 35.931578 ], [ -84.067504, 35.931401 ], [ -84.067647, 35.931371 ], [ -84.067792, 35.931357 ], [ -84.067866, 35.931356 ], [ -84.068005, 35.931373 ], [ -84.068047, 35.931371 ], [ -84.068192, 35.9314 ], [ -84.068391, 35.931476 ], [ -84.069463, 35.931884 ], [ -84.069913, 35.93206 ], [ -84.07042, 35.932259 ], [ -84.070653, 35.932348 ], [ -84.071291, 35.932592 ], [ -84.071354, 35.932614 ], [ -84.07159, 35.932697 ], [ -84.071826, 35.932781 ], [ -84.072368, 35.932976 ], [ -84.072535, 35.93304 ], [ -84.07277, 35.933132 ], [ -84.073099, 35.933254 ], [ -84.073578, 35.933432 ], [ -84.074089, 35.933621 ], [ -84.074419, 35.933743 ], [ -84.074749, 35.933866 ], [ -84.074833, 35.933915 ], [ -84.074887, 35.93396 ], [ -84.074939, 35.934024 ], [ -84.074974, 35.934087 ], [ -84.074996, 35.934169 ], [ -84.074997, 35.934253 ], [ -84.074844, 35.935481 ], [ -84.074819, 35.935687 ], [ -84.074818, 35.935881 ], [ -84.07482, 35.936 ], [ -84.075017, 35.93597 ], [ -84.075072, 35.935971 ], [ -84.07517, 35.935975 ], [ -84.075322, 35.935988 ], [ -84.07549, 35.936012 ], [ -84.07583, 35.936066 ], [ -84.076023, 35.936097 ], [ -84.076082, 35.936105 ], [ -84.076574, 35.936179 ], [ -84.076655, 35.936192 ], [ -84.077169, 35.936265 ], [ -84.077807, 35.936365 ], [ -84.077958, 35.936394 ], [ -84.07805, 35.936406 ], [ -84.07813, 35.936417 ], [ -84.078391, 35.936432 ], [ -84.078547, 35.936429 ], [ -84.078739, 35.936416 ], [ -84.078923, 35.936392 ], [ -84.07905, 35.936359 ], [ -84.079141, 35.936326 ], [ -84.079255, 35.936269 ], [ -84.079315, 35.936228 ], [ -84.079358, 35.9362 ], [ -84.079448, 35.936119 ], [ -84.079468, 35.936098 ], [ -84.079539, 35.936006 ], [ -84.079597, 35.935897 ], [ -84.079646, 35.93578 ], [ -84.079686, 35.93566 ], [ -84.079903, 35.935137 ], [ -84.080152, 35.934557 ], [ -84.080183, 35.934488 ], [ -84.08031, 35.934201 ], [ -84.080451, 35.933865 ], [ -84.080689, 35.933317 ], [ -84.080745, 35.933149 ], [ -84.080787, 35.932979 ], [ -84.080856, 35.932586 ], [ -84.080868, 35.932538 ], [ -84.081028, 35.932189 ], [ -84.081269, 35.931978 ], [ -84.08149, 35.931792 ], [ -84.081522, 35.931767 ], [ -84.081619, 35.931697 ], [ -84.081849, 35.931495 ], [ -84.081928, 35.931425 ], [ -84.082042, 35.931352 ], [ -84.08217, 35.931296 ], [ -84.082279, 35.931265 ], [ -84.082313, 35.931259 ], [ -84.082393, 35.931246 ], [ -84.08263, 35.931228 ], [ -84.082834, 35.931212 ], [ -84.083167, 35.931188 ], [ -84.083446, 35.931163 ], [ -84.083651, 35.931146 ], [ -84.083942, 35.931118 ], [ -84.084004, 35.931107 ], [ -84.084109, 35.931091 ], [ -84.084273, 35.931054 ], [ -84.084569, 35.93097 ], [ -84.08478, 35.930902 ], [ -84.085026, 35.930815 ], [ -84.085362, 35.930697 ], [ -84.085766, 35.930555 ], [ -84.086202, 35.930395 ], [ -84.086346, 35.930345 ], [ -84.087474, 35.929939 ], [ -84.087556, 35.929949 ], [ -84.087781, 35.929873 ], [ -84.088407, 35.929665 ], [ -84.088459, 35.929648 ], [ -84.08864, 35.92959 ], [ -84.088686, 35.929575 ], [ -84.088701, 35.92957 ], [ -84.088745, 35.929555 ], [ -84.088761, 35.929551 ], [ -84.088812, 35.929535 ], [ -84.088965, 35.929486 ], [ -84.089017, 35.929471 ], [ -84.089258, 35.929395 ], [ -84.090104, 35.929105 ], [ -84.090264, 35.929051 ], [ -84.09083, 35.928851 ], [ -84.091342, 35.928678 ], [ -84.091873, 35.928499 ], [ -84.092104, 35.928424 ], [ -84.092321, 35.928361 ], [ -84.092505, 35.928319 ], [ -84.092681, 35.928284 ], [ -84.093341, 35.928174 ], [ -84.093406, 35.928164 ], [ -84.093881, 35.928093 ], [ -84.094539, 35.92798 ], [ -84.094566, 35.927975 ], [ -84.094647, 35.92796 ], [ -84.094675, 35.927956 ], [ -84.094666, 35.927914 ], [ -84.094639, 35.927788 ], [ -84.094631, 35.927747 ], [ -84.094592, 35.927561 ], [ -84.09458, 35.927485 ], [ -84.094432, 35.926755 ], [ -84.094426, 35.926723 ], [ -84.094375, 35.926468 ], [ -84.094372, 35.926454 ], [ -84.094366, 35.926425 ], [ -84.094363, 35.926412 ], [ -84.094361, 35.926398 ], [ -84.094349, 35.926332 ], [ -84.094314, 35.926135 ], [ -84.094303, 35.92607 ], [ -84.094266, 35.925855 ], [ -84.09418, 35.925356 ], [ -84.094147, 35.925212 ], [ -84.094099, 35.925 ], [ -84.094078, 35.924906 ], [ -84.09406, 35.924838 ], [ -84.093969, 35.924483 ], [ -84.093932, 35.924357 ], [ -84.093887, 35.924198 ], [ -84.093815, 35.924007 ], [ -84.093783, 35.923921 ], [ -84.093635, 35.923566 ], [ -84.093576, 35.923445 ], [ -84.093488, 35.923262 ], [ -84.093483, 35.923252 ], [ -84.093478, 35.923242 ], [ -84.09345, 35.923184 ], [ -84.093441, 35.923165 ], [ -84.093303, 35.92286 ], [ -84.093226, 35.922688 ], [ -84.092971, 35.922156 ], [ -84.092877, 35.921956 ], [ -84.092736, 35.921654 ], [ -84.092704, 35.921587 ], [ -84.092686, 35.92155 ], [ -84.092611, 35.921386 ], [ -84.09258, 35.921319 ], [ -84.092545, 35.921244 ], [ -84.092456, 35.921054 ], [ -84.092438, 35.921022 ], [ -84.092399, 35.920951 ], [ -84.092386, 35.920929 ], [ -84.092351, 35.920863 ], [ -84.092339, 35.920841 ], [ -84.092327, 35.920824 ], [ -84.092291, 35.920776 ], [ -84.092279, 35.920761 ], [ -84.092257, 35.920733 ], [ -84.092191, 35.920649 ], [ -84.09217, 35.920621 ], [ -84.092107, 35.920557 ], [ -84.092058, 35.920502 ], [ -84.091851, 35.920268 ], [ -84.091779, 35.92016 ], [ -84.091755, 35.920119 ], [ -84.09169, 35.920005 ], [ -84.091676, 35.919977 ], [ -84.091659, 35.919943 ], [ -84.091611, 35.919843 ], [ -84.091595, 35.91981 ], [ -84.091545, 35.919683 ], [ -84.09154, 35.919559 ], [ -84.091481, 35.919344 ], [ -84.091404, 35.919154 ], [ -84.091299, 35.918914 ], [ -84.09099, 35.918267 ], [ -84.090961, 35.918204 ], [ -84.09075, 35.918243 ], [ -84.089868, 35.918427 ], [ -84.08826, 35.918765 ], [ -84.086602, 35.919145 ], [ -84.085965, 35.919292 ], [ -84.085514, 35.919389 ], [ -84.085218, 35.919452 ], [ -84.084331, 35.919644 ], [ -84.084036, 35.919709 ], [ -84.082611, 35.920016 ], [ -84.082119, 35.920123 ], [ -84.078342, 35.920956 ], [ -84.076919, 35.921271 ], [ -84.076689, 35.921321 ], [ -84.076261, 35.921416 ], [ -84.075999, 35.921472 ], [ -84.075769, 35.921523 ], [ -84.075572, 35.921565 ], [ -84.074983, 35.921695 ], [ -84.074787, 35.921738 ], [ -84.074735, 35.921748 ], [ -84.074579, 35.921782 ], [ -84.074528, 35.921794 ], [ -84.073502, 35.922019 ], [ -84.072942, 35.922142 ], [ -84.071052, 35.922548 ], [ -84.070425, 35.922701 ], [ -84.069673, 35.922885 ], [ -84.069404, 35.922944 ], [ -84.069244, 35.922978 ], [ -84.068767, 35.923081 ], [ -84.068608, 35.923116 ], [ -84.06803, 35.92324 ], [ -84.066298, 35.923616 ], [ -84.065721, 35.923741 ], [ -84.061375, 35.924708 ], [ -84.059528, 35.925087 ], [ -84.058887, 35.925218 ], [ -84.058707, 35.925256 ], [ -84.058026, 35.925412 ], [ -84.055094, 35.926089 ], [ -84.054866, 35.926141 ], [ -84.05326, 35.926489 ], [ -84.053109, 35.926521 ], [ -84.050756, 35.927033 ], [ -84.048227, 35.927576 ], [ -84.045731, 35.928124 ], [ -84.045676, 35.927957 ], [ -84.045611, 35.927762 ], [ -84.045592, 35.927695 ], [ -84.045546, 35.927534 ], [ -84.045483, 35.927372 ], [ -84.045389, 35.927202 ], [ -84.044888, 35.926367 ], [ -84.044636, 35.925947 ], [ -84.044868, 35.925848 ], [ -84.045567, 35.925551 ], [ -84.045801, 35.925453 ], [ -84.046766, 35.925044 ], [ -84.047108, 35.9249 ], [ -84.047277, 35.924839 ], [ -84.047468, 35.924782 ], [ -84.047663, 35.924735 ], [ -84.047861, 35.924699 ], [ -84.048163, 35.924666 ], [ -84.04922, 35.924622 ], [ -84.049852, 35.924599 ], [ -84.050901, 35.924563 ], [ -84.050879, 35.92413 ], [ -84.050844, 35.923441 ], [ -84.050806, 35.92301 ], [ -84.050784, 35.922835 ], [ -84.050753, 35.92259 ], [ -84.050726, 35.922407 ], [ -84.050691, 35.92217 ], [ -84.050683, 35.922042 ], [ -84.050686, 35.921913 ], [ -84.050701, 35.92179 ], [ -84.050711, 35.921721 ], [ -84.050761, 35.921532 ], [ -84.050826, 35.921368 ], [ -84.050892, 35.921245 ], [ -84.051133, 35.920881 ], [ -84.051161, 35.920837 ], [ -84.051231, 35.920706 ], [ -84.051284, 35.920569 ], [ -84.05132, 35.920429 ], [ -84.051337, 35.920326 ], [ -84.051345, 35.920169 ], [ -84.05134, 35.920079 ], [ -84.05134, 35.920069 ], [ -84.051305, 35.919894 ], [ -84.051193, 35.919591 ], [ -84.051142, 35.919495 ], [ -84.051134, 35.91948 ], [ -84.05105, 35.919292 ], [ -84.05078, 35.918684 ], [ -84.05069, 35.918482 ], [ -84.050263, 35.918607 ], [ -84.049445, 35.918849 ], [ -84.04898, 35.918975 ], [ -84.048551, 35.919093 ], [ -84.048469, 35.919114 ], [ -84.048223, 35.919181 ], [ -84.048142, 35.919204 ], [ -84.04804, 35.919226 ], [ -84.048006, 35.919239 ], [ -84.047384, 35.919411 ], [ -84.045659, 35.919889 ], [ -84.045111, 35.920042 ], [ -84.044354, 35.920253 ], [ -84.043863, 35.920389 ], [ -84.043577, 35.920468 ], [ -84.042414, 35.920791 ], [ -84.04239, 35.920798 ], [ -84.042188, 35.920867 ], [ -84.042054, 35.920925 ], [ -84.041922, 35.920995 ], [ -84.041804, 35.921037 ], [ -84.041431, 35.921117 ], [ -84.041153, 35.921177 ], [ -84.040549, 35.921297 ], [ -84.040206, 35.921359 ], [ -84.03994, 35.921412 ], [ -84.039444, 35.921513 ], [ -84.039376, 35.921527 ], [ -84.039211, 35.921556 ], [ -84.038511, 35.921684 ], [ -84.038278, 35.921727 ], [ -84.037478, 35.92189 ], [ -84.037371, 35.921919 ], [ -84.037226, 35.921949 ], [ -84.037014, 35.921985 ], [ -84.03698, 35.921997 ], [ -84.036902, 35.922013 ], [ -84.03682, 35.922036 ], [ -84.036348, 35.922128 ], [ -84.035925, 35.922192 ], [ -84.034878, 35.922395 ], [ -84.034313, 35.922527 ], [ -84.032819, 35.922834 ], [ -84.032545, 35.921983 ], [ -84.032039, 35.920154 ], [ -84.031905, 35.919691 ], [ -84.031832, 35.91948 ], [ -84.031743, 35.919243 ], [ -84.031531, 35.918767 ], [ -84.031448, 35.918581 ], [ -84.031309, 35.918342 ], [ -84.030919, 35.918522 ], [ -84.030608, 35.918665 ], [ -84.029756, 35.919076 ], [ -84.029238, 35.919326 ], [ -84.028082, 35.919939 ], [ -84.027303, 35.920353 ], [ -84.027156, 35.920439 ], [ -84.027014, 35.920529 ], [ -84.026776, 35.920694 ], [ -84.025952, 35.921321 ], [ -84.024966, 35.922024 ], [ -84.024824, 35.922117 ], [ -84.024167, 35.922552 ], [ -84.02373, 35.922834 ], [ -84.023186, 35.923184 ], [ -84.023021, 35.923292 ], [ -84.022469, 35.923658 ], [ -84.02243, 35.923684 ], [ -84.021937, 35.924022 ], [ -84.021694, 35.924189 ], [ -84.020986, 35.924668 ], [ -84.020923, 35.924709 ], [ -84.020218, 35.925173 ], [ -84.019946, 35.925356 ], [ -84.019827, 35.925437 ], [ -84.019526, 35.925642 ], [ -84.019145, 35.925899 ], [ -84.018927, 35.926047 ], [ -84.018702, 35.926217 ], [ -84.018661, 35.926235 ], [ -84.018231, 35.926428 ], [ -84.017822, 35.926615 ], [ -84.017708, 35.926668 ], [ -84.017427, 35.926798 ], [ -84.016118, 35.927339 ], [ -84.015587, 35.927559 ], [ -84.015274, 35.92769 ], [ -84.014655, 35.927961 ], [ -84.014274, 35.928142 ], [ -84.013924, 35.928316 ], [ -84.013558, 35.928488 ], [ -84.01317, 35.928647 ], [ -84.012844, 35.928783 ], [ -84.012639, 35.928862 ], [ -84.012264, 35.929006 ], [ -84.011282, 35.929417 ], [ -84.010313, 35.929839 ], [ -84.008346, 35.930702 ], [ -84.007153, 35.931201 ], [ -84.006949, 35.93129 ], [ -84.006298, 35.931558 ], [ -84.005075, 35.932073 ], [ -84.004833, 35.932188 ], [ -84.004767, 35.932229 ], [ -84.004729, 35.932254 ], [ -84.004651, 35.93232 ], [ -84.004599, 35.932386 ], [ -84.004564, 35.932455 ], [ -84.004333, 35.932505 ], [ -84.003642, 35.932656 ], [ -84.003412, 35.932707 ], [ -84.003246, 35.932743 ], [ -84.002748, 35.932854 ], [ -84.002583, 35.932891 ], [ -84.002485, 35.932911 ], [ -84.002191, 35.932974 ], [ -84.002094, 35.932995 ], [ -84.001868, 35.933043 ], [ -84.001193, 35.933192 ], [ -84.000969, 35.933243 ], [ -84.000764, 35.933288 ], [ -84.00015, 35.933427 ], [ -83.999946, 35.933473 ], [ -83.999647, 35.93354 ], [ -83.998751, 35.933743 ], [ -83.998453, 35.933811 ], [ -83.998248, 35.933857 ], [ -83.997721, 35.933977 ], [ -83.997688, 35.933984 ], [ -83.997503, 35.93403 ], [ -83.996267, 35.934344 ], [ -83.995889, 35.934442 ], [ -83.995412, 35.934582 ], [ -83.995334, 35.934606 ], [ -83.994669, 35.934831 ], [ -83.994323, 35.934957 ], [ -83.994167, 35.935015 ], [ -83.993807, 35.935169 ], [ -83.993462, 35.935329 ], [ -83.993313, 35.935406 ], [ -83.993147, 35.935493 ], [ -83.993107, 35.935516 ], [ -83.99299, 35.935582 ], [ -83.992741, 35.935732 ], [ -83.992483, 35.935903 ], [ -83.99224, 35.936075 ], [ -83.991328, 35.936753 ], [ -83.990446, 35.93741 ], [ -83.98992, 35.937805 ], [ -83.98891, 35.938545 ], [ -83.988888, 35.93856 ], [ -83.988728, 35.938678 ], [ -83.988177, 35.93907 ], [ -83.988142, 35.939095 ], [ -83.987739, 35.939384 ], [ -83.987576, 35.939497 ], [ -83.98709, 35.93984 ], [ -83.986928, 35.939954 ], [ -83.986528, 35.94024 ], [ -83.986085, 35.940559 ], [ -83.985877, 35.940691 ], [ -83.985647, 35.940817 ], [ -83.985408, 35.940928 ], [ -83.985259, 35.940985 ], [ -83.985159, 35.941025 ], [ -83.985031, 35.941068 ], [ -83.984792, 35.941137 ], [ -83.98477, 35.941143 ], [ -83.984515, 35.9412 ], [ -83.984322, 35.941231 ], [ -83.984256, 35.941242 ], [ -83.983994, 35.94127 ], [ -83.98373, 35.941283 ], [ -83.983466, 35.941281 ], [ -83.983202, 35.941264 ], [ -83.98294, 35.941233 ], [ -83.982891, 35.941225 ], [ -83.982419, 35.941148 ], [ -83.982176, 35.941105 ], [ -83.981956, 35.941072 ], [ -83.98183, 35.941057 ], [ -83.98067, 35.941812 ], [ -83.980306, 35.942063 ], [ -83.980727, 35.942655 ], [ -83.980773, 35.942683 ], [ -83.980807, 35.942724 ], [ -83.980845, 35.942812 ], [ -83.981012, 35.943196 ], [ -83.981088, 35.943313 ], [ -83.981108, 35.943364 ], [ -83.981184, 35.943554 ], [ -83.981254, 35.943733 ], [ -83.981411, 35.944128 ], [ -83.98147, 35.94427 ], [ -83.981545, 35.944448 ], [ -83.981618, 35.944629 ], [ -83.98184, 35.945174 ], [ -83.981914, 35.945356 ], [ -83.981788, 35.945429 ], [ -83.981671, 35.94549 ], [ -83.981231, 35.945724 ], [ -83.98094, 35.945887 ], [ -83.980699, 35.946024 ], [ -83.98049, 35.946141 ], [ -83.980353, 35.946219 ], [ -83.979858, 35.946479 ], [ -83.979647, 35.946591 ], [ -83.979416, 35.946713 ], [ -83.979392, 35.946725 ], [ -83.978968, 35.94694 ], [ -83.978618, 35.94711 ], [ -83.97836, 35.947237 ], [ -83.97812, 35.947358 ], [ -83.9774, 35.947722 ], [ -83.977161, 35.947844 ], [ -83.977117, 35.947866 ], [ -83.977055, 35.947896 ], [ -83.976741, 35.948052 ], [ -83.976636, 35.948105 ], [ -83.976264, 35.948289 ], [ -83.976139, 35.948352 ], [ -83.975169, 35.948848 ], [ -83.975153, 35.948855 ], [ -83.974785, 35.949047 ], [ -83.974415, 35.949238 ], [ -83.974266, 35.949316 ], [ -83.974067, 35.949413 ], [ -83.97383, 35.949513 ], [ -83.973545, 35.949614 ], [ -83.973385, 35.949671 ], [ -83.973263, 35.949716 ], [ -83.972874, 35.949863 ], [ -83.972765, 35.949639 ], [ -83.972441, 35.948968 ], [ -83.972333, 35.948745 ], [ -83.972256, 35.948591 ], [ -83.972028, 35.948132 ], [ -83.971952, 35.947979 ], [ -83.971886, 35.947847 ], [ -83.971834, 35.947743 ], [ -83.971684, 35.947456 ], [ -83.971616, 35.947326 ], [ -83.971491, 35.947089 ], [ -83.971378, 35.946873 ], [ -83.971322, 35.946774 ], [ -83.971283, 35.946714 ], [ -83.971212, 35.946617 ], [ -83.971138, 35.946531 ], [ -83.971056, 35.946421 ], [ -83.970997, 35.94634 ], [ -83.970895, 35.946209 ], [ -83.970478, 35.946351 ], [ -83.969852, 35.946537 ], [ -83.969754, 35.946567 ], [ -83.968742, 35.946889 ], [ -83.968105, 35.947128 ], [ -83.967434, 35.947437 ], [ -83.966817, 35.947756 ], [ -83.966683, 35.947827 ], [ -83.965843, 35.948251 ], [ -83.96419, 35.949087 ], [ -83.963947, 35.949211 ], [ -83.963384, 35.949504 ], [ -83.963284, 35.949557 ], [ -83.962771, 35.949826 ], [ -83.962354, 35.950045 ], [ -83.96037, 35.95108 ], [ -83.959479, 35.951542 ], [ -83.95507, 35.953834 ], [ -83.953581, 35.954602 ], [ -83.950514, 35.956186 ], [ -83.950493, 35.956164 ], [ -83.950461, 35.956133 ], [ -83.950435, 35.956114 ], [ -83.950338, 35.956046 ], [ -83.95021, 35.955983 ], [ -83.95018, 35.955971 ], [ -83.95016, 35.955957 ], [ -83.950119, 35.955939 ], [ -83.950052, 35.95592 ], [ -83.949473, 35.955711 ], [ -83.949437, 35.955703 ], [ -83.94938, 35.955681 ], [ -83.949329, 35.955667 ], [ -83.94924, 35.955634 ], [ -83.949095, 35.955565 ], [ -83.94904, 35.95553 ], [ -83.948984, 35.955484 ], [ -83.948861, 35.955385 ], [ -83.948738, 35.955263 ], [ -83.948678, 35.955192 ], [ -83.948649, 35.955158 ], [ -83.948565, 35.955056 ], [ -83.948537, 35.955022 ], [ -83.948515, 35.954996 ], [ -83.948444, 35.954905 ], [ -83.9484, 35.954849 ], [ -83.948348, 35.954782 ], [ -83.948163, 35.954557 ], [ -83.948069, 35.954442 ], [ -83.947944, 35.954289 ], [ -83.947572, 35.953831 ], [ -83.947544, 35.953797 ], [ -83.947451, 35.953677 ], [ -83.947347, 35.953556 ], [ -83.947309, 35.953505 ], [ -83.9473, 35.953489 ], [ -83.947278, 35.95345 ], [ -83.947241, 35.953394 ], [ -83.947219, 35.953308 ], [ -83.947207, 35.953116 ], [ -83.947209, 35.952786 ], [ -83.94721, 35.952627 ], [ -83.947204, 35.952546 ], [ -83.947182, 35.95241 ], [ -83.947168, 35.95235 ], [ -83.947166, 35.95234 ], [ -83.947146, 35.952204 ], [ -83.947112, 35.9518 ], [ -83.947096, 35.951718 ], [ -83.947056, 35.951513 ], [ -83.94679, 35.95093 ], [ -83.946614, 35.950543 ], [ -83.946549, 35.950408 ], [ -83.946468, 35.950219 ], [ -83.946218, 35.949631 ], [ -83.946048, 35.949258 ], [ -83.946007, 35.949179 ], [ -83.945981, 35.949129 ], [ -83.945874, 35.948962 ], [ -83.945758, 35.948813 ], [ -83.945621, 35.948673 ], [ -83.945429, 35.948475 ], [ -83.945264, 35.948327 ], [ -83.944974, 35.948102 ], [ -83.94479, 35.947967 ], [ -83.944873, 35.947889 ], [ -83.945131, 35.947649 ], [ -83.945625, 35.947189 ], [ -83.945682, 35.947135 ], [ -83.945911, 35.946922 ], [ -83.94618, 35.946671 ], [ -83.946374, 35.94649 ], [ -83.946891, 35.946007 ], [ -83.946784, 35.9459 ], [ -83.946751, 35.94585 ], [ -83.946741, 35.945812 ], [ -83.946737, 35.945774 ], [ -83.946737, 35.945707 ], [ -83.946744, 35.945643 ], [ -83.946757, 35.945608 ], [ -83.946816, 35.945539 ], [ -83.946932, 35.945456 ], [ -83.94705, 35.945364 ], [ -83.947032, 35.94533 ], [ -83.946968, 35.945287 ], [ -83.946801, 35.945209 ], [ -83.946088, 35.944879 ], [ -83.945645, 35.944646 ], [ -83.94533, 35.944468 ], [ -83.94508, 35.944311 ], [ -83.944961, 35.944233 ], [ -83.944817, 35.944134 ], [ -83.944678, 35.944033 ], [ -83.944587, 35.943952 ], [ -83.944539, 35.943899 ], [ -83.944498, 35.943848 ], [ -83.944463, 35.943795 ], [ -83.944355, 35.943678 ], [ -83.944224, 35.943566 ], [ -83.944073, 35.943481 ], [ -83.94393, 35.943431 ], [ -83.943718, 35.943377 ], [ -83.943502, 35.943381 ], [ -83.94324, 35.943377 ], [ -83.943024, 35.943389 ], [ -83.942897, 35.943369 ], [ -83.942819, 35.943346 ], [ -83.942727, 35.943296 ], [ -83.942619, 35.9432 ], [ -83.942488, 35.94303 ], [ -83.941988, 35.942377 ], [ -83.941857, 35.942205 ], [ -83.941621, 35.941878 ], [ -83.941282, 35.941382 ], [ -83.941034, 35.940706 ], [ -83.940854, 35.939917 ], [ -83.940786, 35.938733 ], [ -83.94082, 35.938293 ], [ -83.940956, 35.938 ], [ -83.941158, 35.937729 ], [ -83.941364, 35.937506 ], [ -83.941299, 35.937465 ], [ -83.94127, 35.937446 ], [ -83.94108, 35.937277 ], [ -83.940663, 35.93686 ], [ -83.940373, 35.936563 ], [ -83.940306, 35.936494 ], [ -83.94012, 35.936302 ], [ -83.940107, 35.93629 ], [ -83.940037, 35.936226 ], [ -83.939852, 35.936063 ], [ -83.939663, 35.935911 ], [ -83.939409, 35.935707 ], [ -83.939148, 35.935512 ], [ -83.938748, 35.935256 ], [ -83.938454, 35.935088 ], [ -83.938413, 35.935065 ], [ -83.938176, 35.934945 ], [ -83.938075, 35.934907 ], [ -83.93801, 35.934892 ], [ -83.937957, 35.93488 ], [ -83.93786, 35.934871 ], [ -83.937738, 35.934876 ], [ -83.937642, 35.934892 ], [ -83.93755, 35.934918 ], [ -83.937324, 35.935033 ], [ -83.937021, 35.935188 ], [ -83.936686, 35.935379 ], [ -83.936666, 35.935391 ], [ -83.936464, 35.935499 ], [ -83.936271, 35.935585 ], [ -83.936069, 35.935653 ], [ -83.935937, 35.935686 ], [ -83.935935, 35.935617 ], [ -83.93604, 35.935589 ], [ -83.936106, 35.935569 ], [ -83.93627, 35.935509 ], [ -83.936432, 35.935434 ], [ -83.936609, 35.93534 ], [ -83.936789, 35.935237 ], [ -83.936946, 35.935147 ], [ -83.937076, 35.935079 ], [ -83.937281, 35.934974 ], [ -83.937397, 35.934914 ], [ -83.937512, 35.934859 ], [ -83.937619, 35.934827 ], [ -83.937754, 35.934806 ], [ -83.93786, 35.934804 ], [ -83.937964, 35.934591 ], [ -83.938632, 35.934371 ], [ -83.938618, 35.934202 ], [ -83.938402, 35.932691 ], [ -83.935322, 35.932757 ], [ -83.935095, 35.932762 ], [ -83.93559, 35.933472 ], [ -83.934764, 35.933481 ], [ -83.934677, 35.933372 ], [ -83.934396, 35.933018 ], [ -83.934159, 35.932718 ], [ -83.933964, 35.932473 ], [ -83.933922, 35.932415 ], [ -83.933892, 35.932368 ], [ -83.932953, 35.930841 ], [ -83.933196, 35.930383 ], [ -83.933234, 35.930376 ], [ -83.933249, 35.930363 ], [ -83.933113, 35.930355 ], [ -83.932847, 35.930367 ], [ -83.932766, 35.93038 ], [ -83.932608, 35.930416 ], [ -83.932512, 35.930446 ], [ -83.932467, 35.930448 ], [ -83.932423, 35.930437 ], [ -83.932382, 35.930409 ], [ -83.932358, 35.930371 ], [ -83.932367, 35.930307 ], [ -83.932442, 35.930116 ], [ -83.932469, 35.930046 ], [ -83.932504, 35.929812 ], [ -83.932508, 35.929715 ], [ -83.93251, 35.929673 ], [ -83.932497, 35.929632 ], [ -83.932475, 35.929601 ], [ -83.932336, 35.929456 ], [ -83.932276, 35.929406 ], [ -83.931945, 35.929121 ], [ -83.931726, 35.928932 ], [ -83.93096, 35.928294 ], [ -83.930944, 35.928281 ], [ -83.930715, 35.928087 ], [ -83.93061, 35.928002 ], [ -83.930411, 35.927841 ], [ -83.930332, 35.927774 ], [ -83.929513, 35.927074 ], [ -83.929383, 35.926963 ], [ -83.929279, 35.926879 ], [ -83.929235, 35.926848 ], [ -83.929215, 35.926834 ], [ -83.92918, 35.926809 ], [ -83.929137, 35.926778 ], [ -83.929042, 35.926678 ], [ -83.92878, 35.926399 ], [ -83.928603, 35.926345 ], [ -83.928529, 35.926296 ], [ -83.928491, 35.926271 ], [ -83.92829, 35.926117 ], [ -83.928067, 35.925921 ], [ -83.927909, 35.925759 ], [ -83.927875, 35.925724 ], [ -83.927696, 35.925589 ], [ -83.927483, 35.925411 ], [ -83.927316, 35.925272 ], [ -83.927102, 35.925102 ], [ -83.926974, 35.924978 ], [ -83.926935, 35.924933 ], [ -83.926874, 35.92485 ], [ -83.926845, 35.92481 ], [ -83.926789, 35.924707 ], [ -83.926727, 35.924616 ], [ -83.926706, 35.924594 ], [ -83.926682, 35.924569 ], [ -83.926646, 35.924543 ], [ -83.926599, 35.924509 ], [ -83.926518, 35.924469 ], [ -83.926505, 35.924463 ], [ -83.926323, 35.924388 ], [ -83.926227, 35.924331 ], [ -83.926215, 35.924324 ], [ -83.926142, 35.924266 ], [ -83.926112, 35.924243 ], [ -83.926095, 35.924233 ], [ -83.925951, 35.924144 ], [ -83.925903, 35.924115 ], [ -83.925875, 35.924098 ], [ -83.92582, 35.924064 ], [ -83.925793, 35.924047 ], [ -83.925761, 35.924028 ], [ -83.925692, 35.923985 ], [ -83.925549, 35.923898 ], [ -83.925531, 35.923888 ], [ -83.925468, 35.923853 ], [ -83.925429, 35.923835 ], [ -83.925388, 35.923821 ], [ -83.925367, 35.923814 ], [ -83.925264, 35.923785 ], [ -83.925234, 35.923777 ], [ -83.925141, 35.923751 ], [ -83.924862, 35.923674 ], [ -83.92477, 35.923649 ], [ -83.924815, 35.923556 ], [ -83.924833, 35.923512 ], [ -83.925012, 35.923097 ], [ -83.925072, 35.922959 ], [ -83.924803, 35.9229 ], [ -83.924591, 35.922854 ], [ -83.923995, 35.92273 ], [ -83.923967, 35.922725 ], [ -83.923726, 35.922675 ], [ -83.923865, 35.922461 ], [ -83.923956, 35.922324 ], [ -83.924116, 35.92208 ], [ -83.924229, 35.921904 ], [ -83.924251, 35.921866 ], [ -83.923185, 35.922296 ], [ -83.922879, 35.922422 ], [ -83.923084, 35.9221 ], [ -83.92533, 35.918567 ], [ -83.92463, 35.918118 ], [ -83.923702, 35.918457 ], [ -83.922693, 35.918825 ], [ -83.922536, 35.918882 ], [ -83.922852, 35.91955 ], [ -83.923046, 35.920186 ], [ -83.922616, 35.920633 ], [ -83.922536, 35.920446 ], [ -83.922454, 35.920478 ], [ -83.922166, 35.920587 ], [ -83.922177, 35.920605 ], [ -83.921706, 35.920794 ], [ -83.921729, 35.920834 ], [ -83.921777, 35.920917 ], [ -83.921786, 35.92094 ], [ -83.921931, 35.921177 ], [ -83.921863, 35.921211 ], [ -83.921819, 35.921231 ], [ -83.921654, 35.920964 ], [ -83.921202, 35.920231 ], [ -83.920707, 35.919416 ], [ -83.920531, 35.919073 ], [ -83.92036, 35.91916 ], [ -83.918974, 35.919864 ], [ -83.918608, 35.920051 ], [ -83.917987, 35.918944 ], [ -83.917949, 35.918877 ], [ -83.917914, 35.91891 ], [ -83.917876, 35.918945 ], [ -83.917861, 35.918959 ], [ -83.917843, 35.918986 ], [ -83.917827, 35.919009 ], [ -83.917815, 35.919023 ], [ -83.9178, 35.91904 ], [ -83.917777, 35.919061 ], [ -83.917753, 35.91908 ], [ -83.91773, 35.919095 ], [ -83.9177, 35.919113 ], [ -83.917677, 35.919124 ], [ -83.917649, 35.919135 ], [ -83.917625, 35.919143 ], [ -83.917586, 35.919153 ], [ -83.917551, 35.91916 ], [ -83.917524, 35.919163 ], [ -83.917497, 35.919165 ], [ -83.917468, 35.919165 ], [ -83.917448, 35.919164 ], [ -83.917424, 35.919161 ], [ -83.917601, 35.919337 ], [ -83.918207, 35.919959 ], [ -83.917874, 35.920131 ], [ -83.917268, 35.920444 ], [ -83.916801, 35.920677 ], [ -83.916706, 35.920726 ], [ -83.916751, 35.920777 ], [ -83.916929, 35.92098 ], [ -83.916906, 35.920994 ], [ -83.916365, 35.921237 ], [ -83.914745, 35.921969 ], [ -83.914463, 35.922107 ], [ -83.914352, 35.922168 ], [ -83.914084, 35.921878 ], [ -83.913899, 35.921962 ], [ -83.913687, 35.922058 ], [ -83.913365, 35.922205 ], [ -83.913147, 35.922307 ], [ -83.912971, 35.922389 ], [ -83.912835, 35.92245 ], [ -83.912642, 35.922537 ], [ -83.912452, 35.922622 ], [ -83.912223, 35.922724 ], [ -83.912052, 35.9228 ], [ -83.911814, 35.922899 ], [ -83.911709, 35.922942 ], [ -83.911674, 35.922957 ], [ -83.911562, 35.923006 ], [ -83.911399, 35.923079 ], [ -83.911091, 35.923224 ], [ -83.911275, 35.923437 ], [ -83.911508, 35.923765 ], [ -83.910772, 35.924177 ], [ -83.910594, 35.924276 ], [ -83.91055, 35.924306 ], [ -83.909525, 35.924874 ], [ -83.908815, 35.924633 ], [ -83.90803, 35.92438 ], [ -83.906564, 35.923914 ], [ -83.906294, 35.923741 ], [ -83.905944, 35.923517 ], [ -83.905566, 35.923135 ], [ -83.905005, 35.922583 ], [ -83.904934, 35.922475 ], [ -83.904846, 35.92206 ], [ -83.904775, 35.921879 ], [ -83.904479, 35.921159 ], [ -83.904345, 35.92092 ], [ -83.904238, 35.920755 ], [ -83.904104, 35.920602 ], [ -83.903864, 35.920357 ], [ -83.903253, 35.919923 ], [ -83.903205, 35.919883 ], [ -83.902298, 35.919245 ], [ -83.902212, 35.91918 ], [ -83.902106, 35.919088 ], [ -83.902022, 35.918968 ], [ -83.901904, 35.918522 ], [ -83.901882, 35.91844 ], [ -83.901982, 35.918227 ], [ -83.902102, 35.917996 ], [ -83.902166, 35.917838 ], [ -83.902219, 35.917617 ], [ -83.902244, 35.91751 ], [ -83.902293, 35.917507 ], [ -83.902376, 35.917492 ], [ -83.902429, 35.917474 ], [ -83.902455, 35.917463 ], [ -83.90269, 35.917451 ], [ -83.902693, 35.917328 ], [ -83.902632, 35.917317 ], [ -83.902615, 35.917316 ], [ -83.902536, 35.917314 ], [ -83.902501, 35.917317 ], [ -83.902415, 35.917331 ], [ -83.902365, 35.917346 ], [ -83.902303, 35.917362 ], [ -83.902276, 35.917366 ], [ -83.902277, 35.917182 ], [ -83.90228, 35.917057 ], [ -83.902263, 35.916856 ], [ -83.902231, 35.916685 ], [ -83.902188, 35.91655 ], [ -83.902158, 35.916475 ], [ -83.902017, 35.916248 ], [ -83.902092, 35.91596 ], [ -83.901587, 35.915856 ], [ -83.901559, 35.91585 ], [ -83.901459, 35.915827 ], [ -83.901471, 35.915779 ], [ -83.901498, 35.915665 ], [ -83.901556, 35.915427 ], [ -83.90156, 35.915337 ], [ -83.901558, 35.915323 ], [ -83.901553, 35.915284 ], [ -83.901544, 35.915246 ], [ -83.901532, 35.91521 ], [ -83.901508, 35.915156 ], [ -83.901488, 35.915121 ], [ -83.901467, 35.915091 ], [ -83.901425, 35.915041 ], [ -83.90131, 35.914916 ], [ -83.90065, 35.914871 ], [ -83.89994, 35.914831 ], [ -83.899831, 35.914822 ], [ -83.89974, 35.914653 ], [ -83.899692, 35.914562 ], [ -83.899622, 35.914433 ], [ -83.899567, 35.914326 ], [ -83.899522, 35.914222 ], [ -83.898615, 35.91457 ], [ -83.898528, 35.91461 ], [ -83.898449, 35.91427 ], [ -83.89938, 35.913793 ], [ -83.899255, 35.913307 ], [ -83.89828, 35.913709 ], [ -83.898179, 35.913552 ], [ -83.897509, 35.912912 ], [ -83.896632, 35.912088 ], [ -83.896605, 35.912065 ], [ -83.89612, 35.911611 ], [ -83.89594, 35.911446 ], [ -83.895802, 35.911336 ], [ -83.895595, 35.911172 ], [ -83.895192, 35.910854 ], [ -83.894724, 35.910483 ], [ -83.894474, 35.910288 ], [ -83.893907, 35.909843 ], [ -83.893839, 35.909792 ], [ -83.893345, 35.909406 ], [ -83.893009, 35.909143 ], [ -83.892408, 35.90869 ], [ -83.891664, 35.90813 ], [ -83.891238, 35.908601 ], [ -83.890877, 35.908998 ], [ -83.890351, 35.90862 ], [ -83.890206, 35.90868 ], [ -83.890076, 35.908734 ], [ -83.889306, 35.909028 ], [ -83.889238, 35.909055 ], [ -83.889121, 35.909098 ], [ -83.889008, 35.90915 ], [ -83.889211, 35.909451 ], [ -83.889246, 35.909532 ], [ -83.889296, 35.909605 ], [ -83.888508, 35.909935 ], [ -83.887871, 35.910233 ], [ -83.886877, 35.910697 ], [ -83.886058, 35.911087 ], [ -83.885695, 35.911259 ], [ -83.884731, 35.911724 ], [ -83.883517, 35.912193 ], [ -83.882943, 35.912416 ], [ -83.882402, 35.912619 ], [ -83.881897, 35.912805 ], [ -83.881736, 35.912861 ], [ -83.881584, 35.912928 ], [ -83.881442, 35.913002 ], [ -83.881331, 35.913073 ], [ -83.881219, 35.913154 ], [ -83.880839, 35.913463 ], [ -83.880134, 35.91401 ], [ -83.880027, 35.914085 ], [ -83.879906, 35.914144 ], [ -83.879773, 35.914184 ], [ -83.879669, 35.914201 ], [ -83.8796, 35.914207 ], [ -83.879011, 35.914291 ], [ -83.878816, 35.91433 ], [ -83.87867, 35.914359 ], [ -83.878619, 35.914408 ], [ -83.878577, 35.914448 ], [ -83.878523, 35.914519 ], [ -83.878481, 35.914596 ], [ -83.878458, 35.914652 ], [ -83.878433, 35.914758 ], [ -83.878428, 35.914842 ], [ -83.878432, 35.914901 ], [ -83.878346, 35.914912 ], [ -83.876328, 35.915527 ], [ -83.87618, 35.915202 ], [ -83.87564, 35.91534 ], [ -83.875363, 35.915411 ], [ -83.875224, 35.915446 ], [ -83.874927, 35.915558 ], [ -83.874601, 35.91568 ], [ -83.874068, 35.915883 ], [ -83.874128, 35.916023 ], [ -83.874194, 35.91618 ], [ -83.873665, 35.916337 ], [ -83.87357, 35.916366 ], [ -83.872897, 35.916579 ], [ -83.87176, 35.916941 ], [ -83.870359, 35.91738 ], [ -83.868961, 35.91782 ], [ -83.868806, 35.917882 ], [ -83.868699, 35.917924 ], [ -83.868472, 35.917958 ], [ -83.868401, 35.917977 ], [ -83.868148, 35.918022 ], [ -83.867816, 35.918061 ], [ -83.867607, 35.918086 ], [ -83.867516, 35.918093 ], [ -83.867124, 35.918128 ], [ -83.866848, 35.918165 ], [ -83.86645, 35.918264 ], [ -83.866268, 35.918313 ], [ -83.865863, 35.918436 ], [ -83.862967, 35.919441 ], [ -83.862229, 35.919696 ], [ -83.862212, 35.919702 ], [ -83.8622, 35.919706 ], [ -83.862178, 35.919712 ], [ -83.862162, 35.919717 ], [ -83.862075, 35.919742 ], [ -83.862011, 35.919761 ], [ -83.861973, 35.919771 ], [ -83.861905, 35.919788 ], [ -83.861884, 35.919792 ], [ -83.861828, 35.919802 ], [ -83.861747, 35.919816 ], [ -83.861706, 35.919823 ], [ -83.861645, 35.919829 ], [ -83.86161, 35.919832 ], [ -83.861582, 35.919835 ], [ -83.861546, 35.919836 ], [ -83.861459, 35.91984 ], [ -83.861417, 35.919839 ], [ -83.861336, 35.919838 ], [ -83.861299, 35.919835 ], [ -83.861269, 35.919833 ], [ -83.861212, 35.919829 ], [ -83.86118, 35.919825 ], [ -83.861149, 35.919821 ], [ -83.86101, 35.919798 ], [ -83.86097, 35.919789 ], [ -83.860957, 35.919786 ], [ -83.86094, 35.919782 ], [ -83.860915, 35.919776 ], [ -83.860898, 35.919772 ], [ -83.860878, 35.919766 ], [ -83.860862, 35.919761 ], [ -83.860841, 35.919755 ], [ -83.860818, 35.919748 ], [ -83.860806, 35.919744 ], [ -83.860771, 35.919734 ], [ -83.860741, 35.919725 ], [ -83.860716, 35.919715 ], [ -83.860699, 35.919709 ], [ -83.86068, 35.919702 ], [ -83.860659, 35.919694 ], [ -83.860643, 35.919687 ], [ -83.860625, 35.919681 ], [ -83.860575, 35.919658 ], [ -83.860548, 35.919646 ], [ -83.860529, 35.919637 ], [ -83.860514, 35.91963 ], [ -83.860494, 35.919619 ], [ -83.860464, 35.919603 ], [ -83.860442, 35.919591 ], [ -83.860411, 35.919575 ], [ -83.860366, 35.919545 ], [ -83.860334, 35.919524 ], [ -83.860312, 35.919509 ], [ -83.860279, 35.919488 ], [ -83.860265, 35.919478 ], [ -83.860254, 35.919469 ], [ -83.860235, 35.919454 ], [ -83.860183, 35.919412 ], [ -83.860156, 35.919389 ], [ -83.860091, 35.919337 ], [ -83.860064, 35.919313 ], [ -83.860044, 35.919296 ], [ -83.859996, 35.919252 ], [ -83.859965, 35.919223 ], [ -83.859936, 35.919196 ], [ -83.859894, 35.919155 ], [ -83.859869, 35.919131 ], [ -83.859798, 35.919059 ], [ -83.859779, 35.919039 ], [ -83.859752, 35.919011 ], [ -83.859722, 35.918978 ], [ -83.859708, 35.918961 ], [ -83.859689, 35.91894 ], [ -83.859655, 35.918904 ], [ -83.859638, 35.918883 ], [ -83.859622, 35.918863 ], [ -83.859594, 35.91883 ], [ -83.859577, 35.91881 ], [ -83.859539, 35.918763 ], [ -83.85952, 35.91874 ], [ -83.859509, 35.918725 ], [ -83.859496, 35.918709 ], [ -83.859466, 35.918669 ], [ -83.85946, 35.91866 ], [ -83.859451, 35.918642 ], [ -83.859443, 35.918629 ], [ -83.859432, 35.918608 ], [ -83.859407, 35.918562 ], [ -83.859391, 35.918533 ], [ -83.859378, 35.918509 ], [ -83.859366, 35.918486 ], [ -83.859337, 35.918434 ], [ -83.859318, 35.918398 ], [ -83.859298, 35.918363 ], [ -83.859276, 35.918321 ], [ -83.859261, 35.918295 ], [ -83.859249, 35.918274 ], [ -83.859234, 35.918246 ], [ -83.859217, 35.918215 ], [ -83.859199, 35.918182 ], [ -83.85917, 35.918143 ], [ -83.85915, 35.918116 ], [ -83.859125, 35.918082 ], [ -83.859108, 35.918059 ], [ -83.859084, 35.918028 ], [ -83.859066, 35.918004 ], [ -83.859052, 35.917984 ], [ -83.859038, 35.917965 ], [ -83.859025, 35.917948 ], [ -83.85901, 35.917928 ], [ -83.858972, 35.917878 ], [ -83.858959, 35.917861 ], [ -83.858944, 35.91784 ], [ -83.858928, 35.917819 ], [ -83.858901, 35.917783 ], [ -83.85888, 35.917754 ], [ -83.85886, 35.917727 ], [ -83.85884, 35.9177 ], [ -83.858814, 35.917666 ], [ -83.858792, 35.917636 ], [ -83.85877, 35.917607 ], [ -83.858733, 35.917558 ], [ -83.858714, 35.917532 ], [ -83.85869, 35.917499 ], [ -83.858674, 35.917478 ], [ -83.85865, 35.917446 ], [ -83.858629, 35.917418 ], [ -83.85861, 35.917392 ], [ -83.858593, 35.91737 ], [ -83.858577, 35.917348 ], [ -83.858565, 35.917332 ], [ -83.858552, 35.917314 ], [ -83.858532, 35.917288 ], [ -83.858516, 35.917266 ], [ -83.858486, 35.917226 ], [ -83.858471, 35.917206 ], [ -83.858456, 35.917185 ], [ -83.858434, 35.917157 ], [ -83.858411, 35.917126 ], [ -83.858397, 35.917107 ], [ -83.858383, 35.917089 ], [ -83.858367, 35.917066 ], [ -83.858353, 35.917047 ], [ -83.858337, 35.917026 ], [ -83.858323, 35.917007 ], [ -83.858308, 35.916988 ], [ -83.858292, 35.916966 ], [ -83.858279, 35.916949 ], [ -83.858266, 35.916931 ], [ -83.858249, 35.916909 ], [ -83.858227, 35.916879 ], [ -83.858212, 35.91686 ], [ -83.858205, 35.916849 ], [ -83.858194, 35.916835 ], [ -83.858181, 35.916818 ], [ -83.858152, 35.916778 ], [ -83.858126, 35.916743 ], [ -83.858105, 35.916715 ], [ -83.858076, 35.916675 ], [ -83.858058, 35.916651 ], [ -83.858008, 35.916582 ], [ -83.857966, 35.916525 ], [ -83.857928, 35.916472 ], [ -83.857896, 35.916428 ], [ -83.857841, 35.916353 ], [ -83.857799, 35.916295 ], [ -83.857753, 35.916231 ], [ -83.857677, 35.916127 ], [ -83.857625, 35.916056 ], [ -83.857503, 35.915889 ], [ -83.857405, 35.915754 ], [ -83.857345, 35.915672 ], [ -83.857237, 35.915522 ], [ -83.857168, 35.915428 ], [ -83.857116, 35.915357 ], [ -83.857016, 35.915213 ], [ -83.85695, 35.915113 ], [ -83.856913, 35.915057 ], [ -83.856865, 35.914983 ], [ -83.856804, 35.914891 ], [ -83.85676, 35.914825 ], [ -83.856719, 35.914749 ], [ -83.856611, 35.914548 ], [ -83.856461, 35.914268 ], [ -83.856358, 35.914076 ], [ -83.856107, 35.913609 ], [ -83.855816, 35.913604 ], [ -83.855525, 35.913038 ], [ -83.855249, 35.912463 ], [ -83.855113, 35.912195 ], [ -83.855018, 35.912052 ], [ -83.854893, 35.911861 ], [ -83.85464, 35.911478 ], [ -83.854567, 35.911367 ], [ -83.854475, 35.911254 ], [ -83.854381, 35.911138 ], [ -83.854323, 35.911066 ], [ -83.854274, 35.911005 ], [ -83.854304, 35.910976 ], [ -83.85433, 35.910956 ], [ -83.854277, 35.910906 ], [ -83.854162, 35.910798 ], [ -83.85409, 35.910734 ], [ -83.853875, 35.910567 ], [ -83.853648, 35.910405 ], [ -83.853583, 35.910364 ], [ -83.853417, 35.91026 ], [ -83.853295, 35.910183 ], [ -83.853215, 35.910133 ], [ -83.853136, 35.910094 ], [ -83.852781, 35.909928 ], [ -83.852469, 35.909834 ], [ -83.852243, 35.909768 ], [ -83.852211, 35.909759 ], [ -83.852164, 35.909805 ], [ -83.851973, 35.909752 ], [ -83.851859, 35.90972 ], [ -83.851633, 35.909658 ], [ -83.851513, 35.909626 ], [ -83.851053, 35.909553 ], [ -83.850905, 35.909528 ], [ -83.850931, 35.909097 ], [ -83.850984, 35.909107 ], [ -83.850667, 35.908466 ], [ -83.8511, 35.908307 ], [ -83.850746, 35.907668 ], [ -83.850795, 35.907639 ], [ -83.850654, 35.90743 ], [ -83.851202, 35.907169 ], [ -83.851002, 35.906945 ], [ -83.850503, 35.90721 ], [ -83.850488, 35.907216 ], [ -83.850448, 35.907125 ], [ -83.850216, 35.907234 ], [ -83.850138, 35.907269 ], [ -83.85006, 35.907082 ], [ -83.849757, 35.907023 ], [ -83.848455, 35.906766 ], [ -83.848422, 35.906692 ], [ -83.848135, 35.90605 ], [ -83.847665, 35.906368 ], [ -83.847155, 35.906713 ], [ -83.84714, 35.906723 ], [ -83.846975, 35.906835 ], [ -83.846633, 35.907067 ], [ -83.846135, 35.907414 ], [ -83.845949, 35.907544 ], [ -83.84593, 35.90763 ], [ -83.84585, 35.907973 ], [ -83.845835, 35.908033 ], [ -83.845763, 35.908345 ], [ -83.845719, 35.908531 ], [ -83.84553, 35.908489 ], [ -83.845389, 35.908458 ], [ -83.845419, 35.908385 ], [ -83.844637, 35.908263 ], [ -83.844637, 35.908275 ], [ -83.844637, 35.908348 ], [ -83.844482, 35.908322 ], [ -83.84414, 35.908263 ], [ -83.84414, 35.908288 ], [ -83.844142, 35.908363 ], [ -83.844143, 35.908389 ], [ -83.84407, 35.908375 ], [ -83.843853, 35.908333 ], [ -83.843781, 35.90832 ], [ -83.843703, 35.908305 ], [ -83.843469, 35.90826 ], [ -83.843392, 35.908246 ], [ -83.842802, 35.908132 ], [ -83.842153, 35.908007 ], [ -83.841032, 35.907796 ], [ -83.840442, 35.907685 ], [ -83.840373, 35.907672 ], [ -83.840166, 35.907633 ], [ -83.840097, 35.90762 ], [ -83.839564, 35.907519 ], [ -83.838374, 35.907296 ], [ -83.837968, 35.907218 ], [ -83.837436, 35.907118 ], [ -83.837254, 35.907083 ], [ -83.836711, 35.906981 ], [ -83.83653, 35.906947 ], [ -83.835453, 35.906743 ], [ -83.835397, 35.906732 ], [ -83.834477, 35.906559 ], [ -83.834019, 35.906473 ], [ -83.833659, 35.906395 ], [ -83.833253, 35.906295 ], [ -83.832852, 35.906183 ], [ -83.832447, 35.906056 ], [ -83.83226, 35.905989 ], [ -83.832199, 35.905968 ], [ -83.831916, 35.905861 ], [ -83.83163, 35.905741 ], [ -83.83135, 35.905614 ], [ -83.831252, 35.905565 ], [ -83.83196, 35.905293 ], [ -83.832932, 35.904907 ], [ -83.832971, 35.904891 ], [ -83.833712, 35.904609 ], [ -83.834244, 35.904389 ], [ -83.834366, 35.904339 ], [ -83.83496, 35.904104 ], [ -83.835495, 35.903869 ], [ -83.835627, 35.903805 ], [ -83.835824, 35.903687 ], [ -83.835979, 35.90359 ], [ -83.83748, 35.902696 ], [ -83.837936, 35.902469 ], [ -83.838508, 35.902186 ], [ -83.838689, 35.902116 ], [ -83.839031, 35.901999 ], [ -83.839062, 35.901989 ], [ -83.839281, 35.901915 ], [ -83.839643, 35.901771 ], [ -83.839882, 35.901675 ], [ -83.840139, 35.901584 ], [ -83.840479, 35.901466 ], [ -83.840577, 35.901445 ], [ -83.840691, 35.901434 ], [ -83.84081, 35.901437 ], [ -83.841702, 35.901547 ], [ -83.841839, 35.901564 ], [ -83.84197, 35.901573 ], [ -83.842073, 35.901567 ], [ -83.84221, 35.901543 ], [ -83.842229, 35.901538 ], [ -83.842154, 35.901325 ], [ -83.841931, 35.90087 ], [ -83.841849, 35.900702 ], [ -83.841696, 35.900434 ], [ -83.841596, 35.90029 ], [ -83.841194, 35.899752 ], [ -83.840862, 35.899322 ], [ -83.840814, 35.899245 ], [ -83.840766, 35.899136 ], [ -83.84074, 35.899039 ], [ -83.840737, 35.899024 ], [ -83.840727, 35.898909 ], [ -83.840777, 35.89831 ], [ -83.841264, 35.898008 ], [ -83.841294, 35.897969 ], [ -83.841305, 35.897924 ], [ -83.841296, 35.897879 ], [ -83.841007, 35.897366 ], [ -83.840722, 35.896859 ], [ -83.840671, 35.896743 ], [ -83.840626, 35.896583 ], [ -83.840592, 35.89646 ], [ -83.840431, 35.895801 ], [ -83.840399, 35.895715 ], [ -83.840353, 35.895633 ], [ -83.840294, 35.895557 ], [ -83.84024, 35.895503 ], [ -83.83952, 35.894995 ], [ -83.839373, 35.894903 ], [ -83.839142, 35.894724 ], [ -83.838934, 35.894533 ], [ -83.83886, 35.89445 ], [ -83.838783, 35.894347 ], [ -83.838762, 35.894318 ], [ -83.838524, 35.89399 ], [ -83.838342, 35.89375 ], [ -83.838024, 35.89329 ], [ -83.838331, 35.893203 ], [ -83.839252, 35.892942 ], [ -83.83956, 35.892856 ], [ -83.840141, 35.892687 ], [ -83.840306, 35.892632 ], [ -83.840478, 35.892568 ], [ -83.840655, 35.892495 ], [ -83.840932, 35.892373 ], [ -83.841114, 35.892305 ], [ -83.841317, 35.892242 ], [ -83.841702, 35.892133 ], [ -83.842, 35.892048 ], [ -83.842145, 35.89201 ], [ -83.84299, 35.891787 ], [ -83.84317, 35.891746 ], [ -83.843104, 35.891437 ], [ -83.84301, 35.891011 ], [ -83.84301, 35.890993 ], [ -83.842932, 35.890906 ], [ -83.842901, 35.890856 ], [ -83.842608, 35.890501 ], [ -83.842301, 35.89015 ], [ -83.842086, 35.889893 ], [ -83.842, 35.889764 ], [ -83.841931, 35.889628 ], [ -83.84188, 35.889486 ], [ -83.841847, 35.889341 ], [ -83.841835, 35.889236 ], [ -83.841818, 35.888925 ], [ -83.841814, 35.888783 ], [ -83.841813, 35.88873 ], [ -83.841803, 35.888578 ], [ -83.8418, 35.88853 ], [ -83.841778, 35.888323 ], [ -83.841718, 35.887968 ], [ -83.841685, 35.887766 ], [ -83.841673, 35.88768 ], [ -83.841653, 35.887581 ], [ -83.841607, 35.887337 ], [ -83.841495, 35.886755 ], [ -83.841464, 35.88664 ], [ -83.841423, 35.886526 ], [ -83.841344, 35.886361 ], [ -83.841245, 35.886204 ], [ -83.84118, 35.88612 ], [ -83.841167, 35.886104 ], [ -83.841035, 35.885963 ], [ -83.840938, 35.885875 ], [ -83.840867, 35.885819 ], [ -83.840526, 35.885586 ], [ -83.840343, 35.885461 ], [ -83.839645, 35.884998 ], [ -83.839499, 35.8849 ], [ -83.839156, 35.884673 ], [ -83.838513, 35.88457 ], [ -83.838444, 35.884556 ], [ -83.838151, 35.884501 ], [ -83.837855, 35.884482 ], [ -83.836468, 35.883751 ], [ -83.836269, 35.883646 ], [ -83.836118, 35.883482 ], [ -83.835966, 35.883256 ], [ -83.83595, 35.88319 ], [ -83.835905, 35.882993 ], [ -83.83589, 35.882928 ], [ -83.835761, 35.882864 ], [ -83.835303, 35.882649 ], [ -83.835081, 35.88255 ], [ -83.834855, 35.882449 ], [ -83.83432, 35.882233 ], [ -83.833497, 35.881903 ], [ -83.833248, 35.881783 ], [ -83.833114, 35.881711 ], [ -83.832953, 35.881605 ], [ -83.832798, 35.881479 ], [ -83.832696, 35.881374 ], [ -83.832655, 35.881332 ], [ -83.832559, 35.881225 ], [ -83.832363, 35.880983 ], [ -83.832139, 35.880678 ], [ -83.832109, 35.880829 ], [ -83.832211, 35.881159 ], [ -83.832623, 35.881439 ], [ -83.833115, 35.881823 ], [ -83.833426, 35.882041 ], [ -83.833459, 35.882064 ], [ -83.833891, 35.882224 ], [ -83.83346, 35.882367 ], [ -83.833154, 35.882394 ], [ -83.833088, 35.8824 ], [ -83.832488, 35.882411 ], [ -83.832211, 35.882499 ], [ -83.831968, 35.882691 ], [ -83.831651, 35.883262 ], [ -83.83157, 35.883548 ], [ -83.831543, 35.883604 ], [ -83.831503, 35.88369 ], [ -83.83126, 35.8838 ], [ -83.830891, 35.883953 ], [ -83.830079, 35.884289 ], [ -83.829842, 35.884382 ], [ -83.829715, 35.884432 ], [ -83.829505, 35.884487 ], [ -83.829371, 35.88446 ], [ -83.82916, 35.884394 ], [ -83.828925, 35.884322 ], [ -83.828682, 35.884262 ], [ -83.828466, 35.884163 ], [ -83.828196, 35.884004 ], [ -83.827703, 35.883592 ], [ -83.827298, 35.883312 ], [ -83.82719, 35.883131 ], [ -83.826927, 35.882834 ], [ -83.826806, 35.882631 ], [ -83.826833, 35.882351 ], [ -83.826934, 35.882142 ], [ -83.826927, 35.881934 ], [ -83.826853, 35.881807 ], [ -83.826522, 35.881434 ], [ -83.826374, 35.881313 ], [ -83.826124, 35.881165 ], [ -83.82582, 35.880676 ], [ -83.825771, 35.880609 ], [ -83.825314, 35.879973 ], [ -83.824983, 35.879551 ], [ -83.824753, 35.879144 ], [ -83.824721, 35.879097 ], [ -83.824802, 35.879031 ], [ -83.824927, 35.87893 ], [ -83.825042, 35.878847 ], [ -83.825087, 35.878827 ], [ -83.825152, 35.878815 ], [ -83.824977, 35.878456 ], [ -83.824704, 35.877894 ], [ -83.824616, 35.877738 ], [ -83.824524, 35.877599 ], [ -83.824448, 35.877507 ], [ -83.824372, 35.877433 ], [ -83.824305, 35.877367 ], [ -83.824216, 35.877295 ], [ -83.82406, 35.877187 ], [ -83.823908, 35.877043 ], [ -83.823722, 35.876824 ], [ -83.823592, 35.876645 ], [ -83.823492, 35.876506 ], [ -83.823202, 35.876046 ], [ -83.822999, 35.875759 ], [ -83.822768, 35.875501 ], [ -83.82259, 35.875311 ], [ -83.822448, 35.875145 ], [ -83.822322, 35.87492 ], [ -83.822176, 35.874692 ], [ -83.822043, 35.874556 ], [ -83.821846, 35.874393 ], [ -83.821791, 35.874352 ], [ -83.821624, 35.874249 ], [ -83.821269, 35.874057 ], [ -83.8206, 35.873681 ], [ -83.820385, 35.873586 ], [ -83.820184, 35.873528 ], [ -83.820026, 35.873498 ], [ -83.819805, 35.873457 ], [ -83.819662, 35.873441 ], [ -83.819518, 35.873407 ], [ -83.819098, 35.873262 ], [ -83.819033, 35.873249 ], [ -83.818983, 35.873246 ], [ -83.818936, 35.87324 ], [ -83.818884, 35.87325 ], [ -83.818834, 35.873256 ], [ -83.81825, 35.873409 ], [ -83.818131, 35.873445 ], [ -83.817898, 35.873528 ], [ -83.817231, 35.873822 ], [ -83.816571, 35.874114 ], [ -83.815877, 35.874402 ], [ -83.815438, 35.874574 ], [ -83.815132, 35.874666 ], [ -83.814257, 35.874959 ], [ -83.813946, 35.875064 ], [ -83.813038, 35.875339 ], [ -83.81265, 35.875479 ], [ -83.81252, 35.875536 ], [ -83.812387, 35.875578 ], [ -83.812319, 35.875587 ], [ -83.812294, 35.875486 ], [ -83.812221, 35.875185 ], [ -83.812197, 35.875085 ], [ -83.812266, 35.874645 ], [ -83.812923, 35.874353 ], [ -83.815994, 35.872991 ], [ -83.816065, 35.872877 ], [ -83.816688, 35.871893 ], [ -83.816743, 35.871806 ], [ -83.817485, 35.871057 ], [ -83.81832, 35.870217 ], [ -83.819434, 35.869781 ], [ -83.820386, 35.869247 ], [ -83.821002, 35.868902 ], [ -83.821372, 35.868643 ], [ -83.821546, 35.868521 ], [ -83.822616, 35.867773 ], [ -83.822698, 35.867716 ], [ -83.824247, 35.866902 ], [ -83.825834, 35.86487 ], [ -83.82594, 35.8648 ], [ -83.827214, 35.863974 ], [ -83.827668, 35.863482 ], [ -83.828771, 35.862192 ], [ -83.82962, 35.86228 ], [ -83.830714, 35.861095 ], [ -83.831028, 35.85995 ], [ -83.831438, 35.859795 ], [ -83.831866, 35.859635 ], [ -83.832773, 35.85849 ], [ -83.834025, 35.857377 ], [ -83.834251, 35.856635 ], [ -83.834921, 35.856071 ], [ -83.835631, 35.856095 ], [ -83.835957, 35.855861 ], [ -83.83635, 35.854538 ], [ -83.836921, 35.85404 ], [ -83.837267, 35.85374 ], [ -83.838262, 35.852667 ], [ -83.839592, 35.851756 ], [ -83.840292, 35.851117 ], [ -83.840913, 35.850255 ], [ -83.841691, 35.84965 ], [ -83.842775, 35.848424 ], [ -83.843651, 35.846932 ], [ -83.844482, 35.846397 ], [ -83.845484, 35.845754 ], [ -83.846864, 35.844746 ], [ -83.84788, 35.844954 ], [ -83.848964, 35.844406 ], [ -83.84906, 35.843101 ], [ -83.849307, 35.842689 ], [ -83.850155, 35.842019 ], [ -83.850353, 35.841989 ], [ -83.850973, 35.841897 ], [ -83.852047, 35.841349 ], [ -83.852609, 35.841477 ], [ -83.853457, 35.841138 ], [ -83.85541, 35.841326 ], [ -83.857048, 35.841484 ], [ -83.857164, 35.841495 ], [ -83.857292, 35.841507 ], [ -83.857677, 35.841544 ], [ -83.857806, 35.841557 ], [ -83.85807, 35.841582 ], [ -83.858249, 35.8416 ], [ -83.860404, 35.841808 ], [ -83.860585, 35.841826 ], [ -83.866748, 35.842421 ], [ -83.868198, 35.842561 ], [ -83.868846, 35.842624 ], [ -83.869022, 35.842641 ], [ -83.870797, 35.842812 ], [ -83.870875, 35.842819 ], [ -83.87114, 35.842852 ], [ -83.871467, 35.842893 ], [ -83.87217, 35.842981 ], [ -83.872514, 35.843025 ], [ -83.872541, 35.843029 ], [ -83.873213, 35.843113 ], [ -83.873904, 35.8432 ], [ -83.874901, 35.843326 ], [ -83.878006, 35.843595 ], [ -83.87884, 35.843668 ], [ -83.879375, 35.843715 ], [ -83.87977, 35.843749 ], [ -83.880964, 35.843853 ], [ -83.885731, 35.844272 ], [ -83.887321, 35.844412 ], [ -83.887966, 35.844461 ], [ -83.888311, 35.844642 ], [ -83.891066, 35.846085 ], [ -83.891986, 35.846567 ], [ -83.892144, 35.84665 ], [ -83.89545, 35.848382 ], [ -83.895611, 35.8484 ], [ -83.896063, 35.848452 ], [ -83.896747, 35.848469 ], [ -83.897967, 35.848123 ], [ -83.898868, 35.848316 ], [ -83.899529, 35.848605 ], [ -83.9003, 35.848359 ], [ -83.901772, 35.848054 ], [ -83.902783, 35.848335 ], [ -83.904332, 35.847677 ], [ -83.905461, 35.847257 ], [ -83.907301, 35.846699 ], [ -83.907542, 35.846626 ], [ -83.907647, 35.850374 ], [ -83.907644, 35.850447 ], [ -83.907627, 35.850828 ], [ -83.907752, 35.854063 ], [ -83.906811, 35.854378 ], [ -83.90761, 35.854797 ], [ -83.909059, 35.855556 ], [ -83.91002, 35.85606 ], [ -83.910201, 35.856154 ], [ -83.910744, 35.856439 ], [ -83.910926, 35.856535 ], [ -83.91192, 35.857056 ], [ -83.91243, 35.857323 ], [ -83.914432, 35.858373 ], [ -83.914902, 35.858619 ], [ -83.915856, 35.859119 ], [ -83.915897, 35.859141 ], [ -83.916451, 35.859436 ], [ -83.918114, 35.860322 ], [ -83.918669, 35.860618 ], [ -83.919231, 35.860917 ], [ -83.920917, 35.861815 ], [ -83.921479, 35.862115 ], [ -83.92161, 35.862185 ], [ -83.92298, 35.862914 ], [ -83.927483, 35.865314 ], [ -83.928985, 35.866114 ], [ -83.92962, 35.866447 ], [ -83.931525, 35.867446 ], [ -83.93216, 35.86778 ], [ -83.932273, 35.867839 ], [ -83.932713, 35.868003 ], [ -83.934406, 35.868079 ], [ -83.934437, 35.868209 ], [ -83.934578, 35.868799 ], [ -83.934652, 35.869107 ], [ -83.935331, 35.868986 ], [ -83.936161, 35.868839 ], [ -83.936261, 35.868796 ], [ -83.93767, 35.868182 ], [ -83.938156, 35.867969 ], [ -83.939079, 35.867567 ], [ -83.939096, 35.867582 ], [ -83.939147, 35.867629 ], [ -83.939164, 35.867645 ], [ -83.939209, 35.867689 ], [ -83.939239, 35.867719 ], [ -83.939307, 35.867778 ], [ -83.939369, 35.867829 ], [ -83.939381, 35.867837 ], [ -83.939435, 35.867883 ], [ -83.939463, 35.867905 ], [ -83.939547, 35.867974 ], [ -83.939576, 35.867998 ], [ -83.9396, 35.868018 ], [ -83.939676, 35.868079 ], [ -83.939702, 35.868101 ], [ -83.939824, 35.868201 ], [ -83.940161, 35.868344 ], [ -83.940249, 35.868382 ], [ -83.940347, 35.868609 ], [ -83.940458, 35.868863 ], [ -83.940841, 35.86974 ], [ -83.941063, 35.870016 ], [ -83.94127, 35.870274 ], [ -83.941935, 35.87013 ], [ -83.942691, 35.869967 ], [ -83.942767, 35.870025 ], [ -83.942777, 35.870033 ], [ -83.942809, 35.87006 ], [ -83.94282, 35.870069 ], [ -83.942922, 35.870106 ], [ -83.943009, 35.870278 ], [ -83.943076, 35.870408 ], [ -83.943216, 35.870682 ], [ -83.943273, 35.871134 ], [ -83.943311, 35.871435 ], [ -83.943364, 35.871485 ], [ -83.943424, 35.871544 ], [ -83.943524, 35.871639 ], [ -83.943545, 35.871658 ], [ -83.943571, 35.871701 ], [ -83.943604, 35.871754 ], [ -83.943647, 35.871821 ], [ -83.943665, 35.871849 ], [ -83.943709, 35.871916 ], [ -83.943744, 35.871972 ], [ -83.943972, 35.872187 ], [ -83.944201, 35.872403 ], [ -83.944275, 35.872472 ], [ -83.944292, 35.872488 ], [ -83.944349, 35.872542 ], [ -83.944377, 35.872569 ], [ -83.945169, 35.87336 ], [ -83.94527, 35.873461 ], [ -83.945352, 35.874328 ], [ -83.945354, 35.87434 ], [ -83.945492, 35.875082 ], [ -83.945537, 35.875346 ], [ -83.945601, 35.875762 ], [ -83.945618, 35.875836 ], [ -83.945649, 35.87597 ], [ -83.945665, 35.876082 ], [ -83.945692, 35.876136 ], [ -83.945803, 35.876216 ], [ -83.945841, 35.876242 ], [ -83.945915, 35.876287 ], [ -83.946001, 35.876338 ], [ -83.94605, 35.876362 ], [ -83.946145, 35.876402 ], [ -83.946321, 35.876402 ], [ -83.946465, 35.876386 ], [ -83.946673, 35.87637 ], [ -83.946769, 35.876322 ], [ -83.946783, 35.876313 ], [ -83.946849, 35.876274 ], [ -83.947082, 35.876172 ], [ -83.947105, 35.876162 ], [ -83.947281, 35.876034 ], [ -83.947468, 35.875898 ], [ -83.947569, 35.875826 ], [ -83.947793, 35.875618 ], [ -83.947913, 35.875488 ], [ -83.947985, 35.87541 ], [ -83.948021, 35.875372 ], [ -83.948043, 35.875349 ], [ -83.948097, 35.875291 ], [ -83.948273, 35.875106 ], [ -83.948196, 35.875096 ], [ -83.948086, 35.875082 ], [ -83.948199, 35.874841 ], [ -83.948219, 35.874801 ], [ -83.948559, 35.874578 ], [ -83.948846, 35.874524 ], [ -83.948898, 35.87454 ], [ -83.948985, 35.874567 ], [ -83.949069, 35.874592 ], [ -83.949153, 35.874618 ], [ -83.949186, 35.874709 ], [ -83.949265, 35.874926 ], [ -83.949273, 35.874985 ], [ -83.949286, 35.875082 ], [ -83.949385, 35.875125 ], [ -83.949682, 35.875255 ], [ -83.949781, 35.875299 ], [ -83.949802, 35.875308 ], [ -83.949861, 35.875346 ], [ -83.949889, 35.875346 ], [ -83.949807, 35.875299 ], [ -83.949777, 35.875282 ], [ -83.950017, 35.87533 ], [ -83.950097, 35.875346 ], [ -83.950109, 35.875347 ], [ -83.950158, 35.875349 ], [ -83.950188, 35.87535 ], [ -83.950278, 35.875356 ], [ -83.950308, 35.875358 ], [ -83.950369, 35.875362 ], [ -83.950428, 35.875362 ], [ -83.950481, 35.875362 ], [ -83.950513, 35.875346 ], [ -83.950609, 35.875298 ], [ -83.950766, 35.875249 ], [ -83.950817, 35.875234 ], [ -83.950882, 35.875216 ], [ -83.951001, 35.875185 ], [ -83.951297, 35.87517 ], [ -83.951367, 35.875143 ], [ -83.951425, 35.875122 ], [ -83.951473, 35.875082 ], [ -83.952045, 35.874887 ], [ -83.953763, 35.874303 ], [ -83.954336, 35.874109 ], [ -83.954536, 35.874041 ], [ -83.955137, 35.873836 ], [ -83.955338, 35.873769 ], [ -83.955425, 35.873734 ], [ -83.955794, 35.873638 ], [ -83.956432, 35.873475 ], [ -83.956986, 35.873333 ], [ -83.957182, 35.873332 ], [ -83.957658, 35.873331 ], [ -83.957945, 35.873329 ], [ -83.958809, 35.873326 ], [ -83.959011, 35.873326 ], [ -83.959093, 35.873353 ], [ -83.959152, 35.873372 ], [ -83.959288, 35.873417 ], [ -83.95933, 35.873431 ], [ -83.95939, 35.873451 ], [ -83.959404, 35.873455 ], [ -83.959446, 35.87347 ], [ -83.959461, 35.873475 ], [ -83.959491, 35.873485 ], [ -83.959547, 35.873503 ], [ -83.959859, 35.873551 ], [ -83.959902, 35.873557 ], [ -83.960547, 35.873837 ], [ -83.961182, 35.873636 ], [ -83.961408, 35.873566 ], [ -83.961972, 35.872577 ], [ -83.962138, 35.871524 ], [ -83.962198, 35.87114 ], [ -83.962958, 35.870161 ], [ -83.963182, 35.869875 ], [ -83.963621, 35.869135 ], [ -83.963688, 35.869021 ], [ -83.96372, 35.868994 ], [ -83.963743, 35.86896 ], [ -83.963803, 35.868869 ], [ -83.963881, 35.86878 ], [ -83.964298, 35.868309 ], [ -83.964332, 35.868269 ], [ -83.964492, 35.86808 ], [ -83.964615, 35.867924 ], [ -83.964648, 35.867882 ], [ -83.96499, 35.867458 ], [ -83.965054, 35.86738 ], [ -83.965131, 35.867318 ], [ -83.965173, 35.867309 ], [ -83.965291, 35.867283 ], [ -83.965913, 35.867145 ], [ -83.966863, 35.866927 ], [ -83.967023, 35.866977 ], [ -83.967222, 35.867039 ], [ -83.967875, 35.867242 ], [ -83.968698, 35.86701 ], [ -83.969514, 35.866348 ], [ -83.970929, 35.865128 ], [ -83.972474, 35.864005 ], [ -83.972553, 35.863961 ], [ -83.973018, 35.863707 ], [ -83.973375, 35.863512 ], [ -83.973731, 35.863316 ], [ -83.973815, 35.86327 ], [ -83.974504, 35.863082 ], [ -83.974591, 35.863058 ], [ -83.97461, 35.863054 ], [ -83.974842, 35.863156 ], [ -83.974896, 35.863181 ], [ -83.974924, 35.863194 ], [ -83.975114, 35.863278 ], [ -83.975304, 35.863363 ], [ -83.975423, 35.863416 ], [ -83.976054, 35.864078 ], [ -83.976148, 35.864177 ], [ -83.976627, 35.86468 ], [ -83.978038, 35.865927 ], [ -83.979258, 35.867068 ], [ -83.979748, 35.867526 ], [ -83.979945, 35.867658 ], [ -83.980175, 35.867814 ], [ -83.980404, 35.867968 ], [ -83.980603, 35.868102 ], [ -83.980803, 35.868237 ], [ -83.981617, 35.868785 ], [ -83.981741, 35.868981 ], [ -83.981796, 35.869068 ], [ -83.981867, 35.86918 ], [ -83.981938, 35.869293 ], [ -83.982519, 35.870212 ], [ -83.9831, 35.87113 ], [ -83.983131, 35.871179 ], [ -83.983115, 35.871273 ], [ -83.98298, 35.872063 ], [ -83.982963, 35.87288 ], [ -83.983031, 35.873382 ], [ -83.983063, 35.873622 ], [ -83.983074, 35.873639 ], [ -83.983964, 35.875082 ], [ -83.984099, 35.875263 ], [ -83.984402, 35.875666 ], [ -83.984529, 35.875787 ], [ -83.984694, 35.875944 ], [ -83.984836, 35.87608 ], [ -83.985106, 35.876338 ], [ -83.985287, 35.876461 ], [ -83.98545, 35.876573 ], [ -83.985899, 35.876879 ], [ -83.986225, 35.877101 ], [ -83.986398, 35.877216 ], [ -83.986503, 35.877287 ], [ -83.986537, 35.87731 ], [ -83.986676, 35.8774 ], [ -83.987229, 35.877755 ], [ -83.98784, 35.877993 ], [ -83.988676, 35.878133 ], [ -83.989431, 35.878161 ], [ -83.98996, 35.87819 ], [ -83.990185, 35.878205 ], [ -83.990265, 35.878221 ], [ -83.990346, 35.878269 ], [ -83.99086, 35.878475 ], [ -83.990895, 35.878498 ], [ -83.990946, 35.878531 ], [ -83.991054, 35.878602 ], [ -83.991198, 35.878682 ], [ -83.992148, 35.879287 ], [ -83.992471, 35.879526 ], [ -83.992602, 35.879631 ], [ -83.992718, 35.879732 ], [ -83.992788, 35.879772 ], [ -83.992847, 35.879842 ], [ -83.992872, 35.880008 ], [ -83.992907, 35.880117 ], [ -83.992922, 35.880166 ], [ -83.993009, 35.880306 ], [ -83.993151, 35.880976 ], [ -83.993164, 35.881038 ], [ -83.993161, 35.881067 ], [ -83.993159, 35.88109 ], [ -83.993146, 35.881217 ], [ -83.993134, 35.881273 ], [ -83.993095, 35.881465 ], [ -83.993158, 35.881667 ], [ -83.993237, 35.882056 ], [ -83.993394, 35.882352 ], [ -83.993614, 35.882694 ], [ -83.993997, 35.883212 ], [ -83.994677, 35.883749 ], [ -83.995208, 35.883949 ], [ -83.995392, 35.883991 ], [ -83.995816, 35.884087 ], [ -83.996798, 35.884083 ], [ -83.99753, 35.884034 ], [ -83.998059, 35.883845 ], [ -83.998759, 35.883577 ], [ -83.999583, 35.883184 ], [ -84.00011, 35.882809 ], [ -84.000498, 35.882355 ], [ -84.000987, 35.881795 ], [ -84.000921, 35.881895 ], [ -84.000777, 35.882076 ], [ -84.000557, 35.882387 ], [ -84.000177, 35.882901 ], [ -84.000102, 35.883002 ], [ -83.999845, 35.883337 ], [ -83.999819, 35.883366 ], [ -83.999737, 35.883415 ], [ -83.999323, 35.883671 ], [ -83.999206, 35.883723 ], [ -83.998605, 35.883961 ], [ -83.998448, 35.884029 ], [ -83.998294, 35.884102 ], [ -83.997928, 35.884306 ], [ -83.997888, 35.884322 ], [ -83.997589, 35.884397 ], [ -83.997251, 35.88449 ], [ -83.997084, 35.88454 ], [ -83.996877, 35.884609 ], [ -83.996541, 35.884705 ], [ -83.996097, 35.884747 ], [ -83.995569, 35.884822 ], [ -83.995256, 35.884807 ], [ -83.994321, 35.884742 ], [ -83.993858, 35.884688 ], [ -83.993702, 35.884671 ], [ -83.993217, 35.884605 ], [ -83.992781, 35.884528 ], [ -83.992445, 35.88443 ], [ -83.991975, 35.884312 ], [ -83.991934, 35.884299 ], [ -83.991855, 35.884265 ], [ -83.988581, 35.884422 ], [ -83.988377, 35.884707 ], [ -83.987923, 35.884528 ], [ -83.987611, 35.884405 ], [ -83.987431, 35.884326 ], [ -83.987204, 35.884252 ], [ -83.98695, 35.884227 ], [ -83.986923, 35.884227 ], [ -83.986852, 35.884238 ], [ -83.986549, 35.884245 ], [ -83.986436, 35.884211 ], [ -83.986429, 35.884116 ], [ -83.986336, 35.883984 ], [ -83.986258, 35.883922 ], [ -83.986136, 35.883881 ], [ -83.986023, 35.883819 ], [ -83.985886, 35.883737 ], [ -83.985716, 35.883635 ], [ -83.98525, 35.883357 ], [ -83.984863, 35.883125 ], [ -83.984731, 35.882895 ], [ -83.984248, 35.882508 ], [ -83.98374, 35.882268 ], [ -83.983403, 35.882074 ], [ -83.98305, 35.881842 ], [ -83.982886, 35.882687 ], [ -83.982666, 35.883828 ], [ -83.982359, 35.885412 ], [ -83.982178, 35.885368 ], [ -83.982156, 35.884865 ], [ -83.982136, 35.884729 ], [ -83.982122, 35.884629 ], [ -83.982089, 35.884459 ], [ -83.982035, 35.8843 ], [ -83.982021, 35.884124 ], [ -83.982088, 35.884041 ], [ -83.982196, 35.883921 ], [ -83.982223, 35.883866 ], [ -83.982203, 35.883767 ], [ -83.982007, 35.883613 ], [ -83.981973, 35.883608 ], [ -83.98194, 35.883591 ], [ -83.981568, 35.883493 ], [ -83.981529, 35.883488 ], [ -83.981332, 35.88346 ], [ -83.981312, 35.883438 ], [ -83.98111, 35.883372 ], [ -83.980988, 35.883339 ], [ -83.980908, 35.883326 ], [ -83.980678, 35.88329 ], [ -83.980603, 35.883262 ], [ -83.980489, 35.883246 ], [ -83.980387, 35.883224 ], [ -83.980266, 35.883213 ], [ -83.98005, 35.883147 ], [ -83.979158, 35.882894 ], [ -83.979397, 35.882355 ], [ -83.980081, 35.880879 ], [ -83.980204, 35.880912 ], [ -83.980278, 35.880928 ], [ -83.980366, 35.880972 ], [ -83.98057, 35.881116 ], [ -83.98067, 35.881186 ], [ -83.981541, 35.881873 ], [ -83.981703, 35.881955 ], [ -83.98179, 35.882004 ], [ -83.981864, 35.882015 ], [ -83.981932, 35.881955 ], [ -83.981918, 35.88185 ], [ -83.981898, 35.881812 ], [ -83.981871, 35.881785 ], [ -83.981851, 35.881683 ], [ -83.981851, 35.881647 ], [ -83.981891, 35.881603 ], [ -83.982006, 35.881592 ], [ -83.982175, 35.881631 ], [ -83.982208, 35.881653 ], [ -83.982337, 35.881686 ], [ -83.982397, 35.881647 ], [ -83.982397, 35.88162 ], [ -83.982364, 35.881587 ], [ -83.982229, 35.881477 ], [ -83.982107, 35.881395 ], [ -83.982009, 35.88134 ], [ -83.981668, 35.881148 ], [ -83.980973, 35.880692 ], [ -83.980784, 35.88059 ], [ -83.980363, 35.880362 ], [ -83.980345, 35.880352 ], [ -83.980497, 35.879958 ], [ -83.98038, 35.879829 ], [ -83.980261, 35.879805 ], [ -83.980155, 35.879767 ], [ -83.980064, 35.8797 ], [ -83.979875, 35.879525 ], [ -83.979605, 35.879315 ], [ -83.979543, 35.879212 ], [ -83.979563, 35.879125 ], [ -83.979291, 35.87865 ], [ -83.97902, 35.878505 ], [ -83.977217, 35.877842 ], [ -83.976281, 35.877558 ], [ -83.976065, 35.877523 ], [ -83.97588, 35.877493 ], [ -83.975613, 35.877463 ], [ -83.975394, 35.877422 ], [ -83.975145, 35.877379 ], [ -83.974513, 35.877269 ], [ -83.973986, 35.877209 ], [ -83.973245, 35.877178 ], [ -83.972651, 35.877192 ], [ -83.972057, 35.877209 ], [ -83.971622, 35.877243 ], [ -83.970832, 35.877334 ], [ -83.970097, 35.877453 ], [ -83.96938, 35.877566 ], [ -83.969106, 35.877634 ], [ -83.968736, 35.877793 ], [ -83.968635, 35.877828 ], [ -83.968494, 35.877908 ], [ -83.968276, 35.877958 ], [ -83.967894, 35.878098 ], [ -83.967393, 35.87836 ], [ -83.966884, 35.878646 ], [ -83.966704, 35.878757 ], [ -83.96652, 35.878873 ], [ -83.966276, 35.879028 ], [ -83.966076, 35.879161 ], [ -83.965974, 35.879242 ], [ -83.965707, 35.879425 ], [ -83.965531, 35.879527 ], [ -83.965416, 35.87955 ], [ -83.964894, 35.879867 ], [ -83.96466, 35.880009 ], [ -83.96454, 35.880186 ], [ -83.964466, 35.88035 ], [ -83.964348, 35.880573 ], [ -83.964261, 35.8807 ], [ -83.96416, 35.880882 ], [ -83.964094, 35.881018 ], [ -83.963894, 35.881462 ], [ -83.963802, 35.881942 ], [ -83.963739, 35.882283 ], [ -83.963618, 35.882647 ], [ -83.963527, 35.882977 ], [ -83.963322, 35.883355 ], [ -83.963275, 35.883784 ], [ -83.963275, 35.883797 ], [ -83.963295, 35.884712 ], [ -83.963316, 35.884871 ], [ -83.963349, 35.884975 ], [ -83.963545, 35.885442 ], [ -83.963647, 35.885651 ], [ -83.963668, 35.885686 ], [ -83.963728, 35.885788 ], [ -83.963856, 35.885931 ], [ -83.963876, 35.885964 ], [ -83.963991, 35.886046 ], [ -83.964052, 35.886063 ], [ -83.964119, 35.886041 ], [ -83.964144, 35.886022 ], [ -83.964377, 35.88585 ], [ -83.964474, 35.885777 ], [ -83.964483, 35.885771 ], [ -83.964531, 35.885744 ], [ -83.964618, 35.885722 ], [ -83.964652, 35.885706 ], [ -83.964706, 35.885689 ], [ -83.96474, 35.885667 ], [ -83.964936, 35.885623 ], [ -83.965077, 35.885607 ], [ -83.965124, 35.885645 ], [ -83.96503, 35.885722 ], [ -83.964942, 35.885777 ], [ -83.964821, 35.885843 ], [ -83.964795, 35.885852 ], [ -83.964706, 35.885887 ], [ -83.96466, 35.885918 ], [ -83.964605, 35.885958 ], [ -83.964517, 35.886046 ], [ -83.964457, 35.886117 ], [ -83.964408, 35.886233 ], [ -83.964403, 35.886244 ], [ -83.964396, 35.886354 ], [ -83.964416, 35.886425 ], [ -83.964455, 35.886524 ], [ -83.964484, 35.886595 ], [ -83.964403, 35.886771 ], [ -83.964369, 35.886941 ], [ -83.964362, 35.887216 ], [ -83.964383, 35.887331 ], [ -83.964427, 35.887388 ], [ -83.964525, 35.887446 ], [ -83.964565, 35.887457 ], [ -83.964619, 35.887452 ], [ -83.96471, 35.887426 ], [ -83.964808, 35.887397 ], [ -83.96499, 35.887254 ], [ -83.965148, 35.887096 ], [ -83.965233, 35.887012 ], [ -83.965261, 35.886992 ], [ -83.965368, 35.886919 ], [ -83.965418, 35.88689 ], [ -83.965523, 35.886831 ], [ -83.965698, 35.88671 ], [ -83.966056, 35.886441 ], [ -83.966137, 35.88643 ], [ -83.966191, 35.886479 ], [ -83.966178, 35.886523 ], [ -83.966137, 35.886573 ], [ -83.965975, 35.886716 ], [ -83.965955, 35.886781 ], [ -83.965941, 35.886809 ], [ -83.965941, 35.886842 ], [ -83.965914, 35.886864 ], [ -83.965908, 35.886897 ], [ -83.965685, 35.887078 ], [ -83.965591, 35.887122 ], [ -83.965567, 35.887138 ], [ -83.965515, 35.887176 ], [ -83.965253, 35.887364 ], [ -83.964963, 35.887606 ], [ -83.964956, 35.887615 ], [ -83.964915, 35.887666 ], [ -83.964855, 35.887743 ], [ -83.964828, 35.887803 ], [ -83.964801, 35.887825 ], [ -83.964801, 35.887847 ], [ -83.964772, 35.887877 ], [ -83.964486, 35.887939 ], [ -83.964176, 35.888016 ], [ -83.964284, 35.888431 ], [ -83.964336, 35.888631 ], [ -83.964403, 35.888887 ], [ -83.964407, 35.888936 ], [ -83.964414, 35.889018 ], [ -83.964424, 35.889136 ], [ -83.964447, 35.889325 ], [ -83.964464, 35.889386 ], [ -83.964494, 35.889496 ], [ -83.964486, 35.889556 ], [ -83.964488, 35.889595 ], [ -83.96449, 35.889657 ], [ -83.964495, 35.889798 ], [ -83.964527, 35.890017 ], [ -83.964587, 35.890256 ], [ -83.964602, 35.890306 ], [ -83.96463, 35.890376 ], [ -83.964653, 35.890464 ], [ -83.964741, 35.890671 ], [ -83.964858, 35.890994 ], [ -83.964879, 35.891072 ], [ -83.964896, 35.891131 ], [ -83.964903, 35.891218 ], [ -83.964911, 35.891244 ], [ -83.964958, 35.89137 ], [ -83.965021, 35.891497 ], [ -83.965051, 35.891614 ], [ -83.965106, 35.891823 ], [ -83.965115, 35.891834 ], [ -83.965152, 35.891839 ], [ -83.96517, 35.891858 ], [ -83.965191, 35.891879 ], [ -83.965209, 35.891909 ], [ -83.965276, 35.891996 ], [ -83.965391, 35.892176 ], [ -83.965458, 35.892323 ], [ -83.965545, 35.892618 ], [ -83.965597, 35.892632 ], [ -83.96576, 35.89269 ], [ -83.965923, 35.892748 ], [ -83.966074, 35.892815 ], [ -83.966245, 35.892941 ], [ -83.966349, 35.89306 ], [ -83.966402, 35.893159 ], [ -83.966417, 35.893173 ], [ -83.966468, 35.893241 ], [ -83.966544, 35.893346 ], [ -83.966801, 35.893344 ], [ -83.966875, 35.893322 ], [ -83.967013, 35.89324 ], [ -83.967024, 35.893234 ], [ -83.967091, 35.893184 ], [ -83.967132, 35.893173 ], [ -83.967166, 35.893151 ], [ -83.967496, 35.893118 ], [ -83.967719, 35.892953 ], [ -83.96784, 35.892964 ], [ -83.967861, 35.892975 ], [ -83.967928, 35.892986 ], [ -83.968063, 35.892981 ], [ -83.96811, 35.89303 ], [ -83.968009, 35.893118 ], [ -83.967955, 35.893151 ], [ -83.967705, 35.893266 ], [ -83.967523, 35.893391 ], [ -83.967361, 35.893503 ], [ -83.967321, 35.893536 ], [ -83.967247, 35.893585 ], [ -83.967199, 35.893596 ], [ -83.967166, 35.893618 ], [ -83.967118, 35.893624 ], [ -83.967037, 35.893651 ], [ -83.96693, 35.893668 ], [ -83.966889, 35.893679 ], [ -83.966815, 35.893734 ], [ -83.966754, 35.893788 ], [ -83.966774, 35.893966 ], [ -83.966796, 35.894009 ], [ -83.966802, 35.894028 ], [ -83.966817, 35.894068 ], [ -83.966846, 35.894098 ], [ -83.966859, 35.894139 ], [ -83.966888, 35.894175 ], [ -83.966903, 35.894217 ], [ -83.967205, 35.894588 ], [ -83.96724, 35.894621 ], [ -83.967321, 35.894696 ], [ -83.967434, 35.894776 ], [ -83.967207, 35.894693 ], [ -83.967636, 35.895407 ], [ -83.967647, 35.895432 ], [ -83.967723, 35.895604 ], [ -83.967785, 35.895744 ], [ -83.96783, 35.895867 ], [ -83.967842, 35.895904 ], [ -83.967852, 35.895934 ], [ -83.967871, 35.895973 ], [ -83.967881, 35.89599 ], [ -83.967891, 35.896009 ], [ -83.967902, 35.896026 ], [ -83.967914, 35.896068 ], [ -83.967925, 35.896102 ], [ -83.967935, 35.896126 ], [ -83.967967, 35.896181 ], [ -83.967991, 35.89622 ], [ -83.968006, 35.896245 ], [ -83.968015, 35.89628 ], [ -83.968019, 35.896296 ], [ -83.968022, 35.896314 ], [ -83.968028, 35.896343 ], [ -83.968021, 35.896369 ], [ -83.968012, 35.8964 ], [ -83.968, 35.896444 ], [ -83.968005, 35.896488 ], [ -83.968018, 35.896555 ], [ -83.968027, 35.896594 ], [ -83.968047, 35.896625 ], [ -83.968081, 35.896714 ], [ -83.968108, 35.896805 ], [ -83.968121, 35.896849 ], [ -83.968125, 35.896885 ], [ -83.968131, 35.896984 ], [ -83.968135, 35.897052 ], [ -83.968138, 35.897102 ], [ -83.96814, 35.897136 ], [ -83.968153, 35.897207 ], [ -83.96817, 35.897301 ], [ -83.968186, 35.89739 ], [ -83.968208, 35.897508 ], [ -83.968221, 35.897583 ], [ -83.968234, 35.897655 ], [ -83.968248, 35.897729 ], [ -83.968281, 35.897852 ], [ -83.968315, 35.897974 ], [ -83.968337, 35.898054 ], [ -83.968342, 35.898072 ], [ -83.968359, 35.898113 ], [ -83.968375, 35.89815 ], [ -83.968399, 35.898206 ], [ -83.96842, 35.898255 ], [ -83.968443, 35.898309 ], [ -83.968463, 35.898361 ], [ -83.968484, 35.898415 ], [ -83.968511, 35.898483 ], [ -83.968537, 35.898551 ], [ -83.968555, 35.898595 ], [ -83.968571, 35.89863 ], [ -83.968611, 35.8987 ], [ -83.968634, 35.898742 ], [ -83.968651, 35.898772 ], [ -83.968671, 35.898808 ], [ -83.968698, 35.898856 ], [ -83.96872, 35.898895 ], [ -83.968734, 35.898921 ], [ -83.968742, 35.89894 ], [ -83.968771, 35.899013 ], [ -83.968793, 35.899067 ], [ -83.96882, 35.899135 ], [ -83.96889, 35.899308 ], [ -83.968943, 35.89944 ], [ -83.969036, 35.899672 ], [ -83.96908, 35.899782 ], [ -83.969129, 35.899863 ], [ -83.969323, 35.900085 ], [ -83.969861, 35.89946 ], [ -83.969895, 35.899455 ], [ -83.970368, 35.899432 ], [ -83.970408, 35.899411 ], [ -83.970529, 35.899394 ], [ -83.970739, 35.899564 ], [ -83.970806, 35.89957 ], [ -83.970874, 35.899515 ], [ -83.970907, 35.899482 ], [ -83.970907, 35.899454 ], [ -83.970995, 35.899339 ], [ -83.971177, 35.899158 ], [ -83.971251, 35.89913 ], [ -83.971373, 35.899053 ], [ -83.971413, 35.899048 ], [ -83.971487, 35.899004 ], [ -83.971622, 35.898965 ], [ -83.971757, 35.89891 ], [ -83.971852, 35.898888 ], [ -83.971862, 35.898883 ], [ -83.971919, 35.898861 ], [ -83.97198, 35.89885 ], [ -83.972014, 35.898828 ], [ -83.972075, 35.898822 ], [ -83.972129, 35.898784 ], [ -83.972189, 35.898773 ], [ -83.972223, 35.898751 ], [ -83.972264, 35.898746 ], [ -83.972351, 35.898685 ], [ -83.972304, 35.898641 ], [ -83.972385, 35.898586 ], [ -83.972425, 35.898575 ], [ -83.972513, 35.898526 ], [ -83.972621, 35.898476 ], [ -83.972898, 35.898339 ], [ -83.972931, 35.898317 ], [ -83.972965, 35.898317 ], [ -83.972992, 35.898301 ], [ -83.973046, 35.898279 ], [ -83.973208, 35.898196 ], [ -83.973249, 35.898191 ], [ -83.97337, 35.898136 ], [ -83.974389, 35.897581 ], [ -83.974443, 35.897559 ], [ -83.974551, 35.897487 ], [ -83.974591, 35.897465 ], [ -83.974652, 35.897454 ], [ -83.974699, 35.897427 ], [ -83.97476, 35.89741 ], [ -83.974834, 35.897372 ], [ -83.974936, 35.897333 ], [ -83.975131, 35.897284 ], [ -83.975307, 35.897234 ], [ -83.975435, 35.897207 ], [ -83.975543, 35.897168 ], [ -83.975597, 35.897136 ], [ -83.975637, 35.89713 ], [ -83.975765, 35.897069 ], [ -83.976197, 35.896729 ], [ -83.976258, 35.896696 ], [ -83.97642, 35.896619 ], [ -83.97648, 35.896571 ], [ -83.976472, 35.896683 ], [ -83.976475, 35.89678 ], [ -83.976509, 35.896883 ], [ -83.976557, 35.896957 ], [ -83.976602, 35.897006 ], [ -83.97668, 35.897065 ], [ -83.976758, 35.897105 ], [ -83.977049, 35.897214 ], [ -83.977436, 35.897344 ], [ -83.977603, 35.89741 ], [ -83.977697, 35.897455 ], [ -83.977775, 35.897506 ], [ -83.977842, 35.897566 ], [ -83.977912, 35.89765 ], [ -83.97798, 35.897778 ], [ -83.978063, 35.897933 ], [ -83.978114, 35.898009 ], [ -83.978196, 35.898104 ], [ -83.978206, 35.898113 ], [ -83.978423, 35.89838 ], [ -83.978787, 35.898581 ], [ -83.978841, 35.898608 ], [ -83.978943, 35.898687 ], [ -83.979041, 35.898802 ], [ -83.979214, 35.899015 ], [ -83.979485, 35.899324 ], [ -83.979874, 35.899728 ], [ -83.979987, 35.899815 ], [ -83.980056, 35.899857 ], [ -83.980112, 35.899886 ], [ -83.980331, 35.89998 ], [ -83.980455, 35.900025 ], [ -83.980976, 35.900178 ], [ -83.981125, 35.900204 ], [ -83.981225, 35.900213 ], [ -83.981481, 35.900227 ], [ -83.981634, 35.90024 ], [ -83.981956, 35.90029 ], [ -83.982082, 35.900295 ], [ -83.982182, 35.900287 ], [ -83.982279, 35.900267 ], [ -83.982642, 35.900146 ], [ -83.982704, 35.900141 ], [ -83.982764, 35.90015 ], [ -83.98282, 35.900172 ], [ -83.982945, 35.900255 ], [ -83.983017, 35.900204 ], [ -83.983236, 35.900051 ], [ -83.983309, 35.900001 ], [ -83.98349, 35.899817 ], [ -83.983571, 35.899714 ], [ -83.983618, 35.899637 ], [ -83.983638, 35.899606 ], [ -83.983844, 35.899179 ], [ -83.983923, 35.899051 ], [ -83.98402, 35.89893 ], [ -83.9841, 35.898847 ], [ -83.98445, 35.898525 ], [ -83.984471, 35.898506 ], [ -83.984709, 35.898298 ], [ -83.984839, 35.8982 ], [ -83.984942, 35.898134 ], [ -83.984984, 35.898108 ], [ -83.985173, 35.898003 ], [ -83.985262, 35.897956 ], [ -83.985371, 35.8979 ], [ -83.98565, 35.897756 ], [ -83.985818, 35.897649 ], [ -83.985874, 35.897615 ], [ -83.986086, 35.897438 ], [ -83.986253, 35.897269 ], [ -83.98654, 35.896928 ], [ -83.986696, 35.896765 ], [ -83.986906, 35.896566 ], [ -83.986969, 35.896507 ], [ -83.987283, 35.896218 ], [ -83.987441, 35.896067 ], [ -83.98757, 35.895932 ], [ -83.987956, 35.895531 ], [ -83.988174, 35.895276 ], [ -83.988244, 35.895168 ], [ -83.9883, 35.895054 ], [ -83.988322, 35.89499 ], [ -83.988341, 35.894937 ], [ -83.988367, 35.894816 ], [ -83.988381, 35.894662 ], [ -83.988374, 35.894592 ], [ -83.988427, 35.894623 ], [ -83.988586, 35.894719 ], [ -83.988639, 35.894751 ], [ -83.988634, 35.894736 ], [ -83.988621, 35.894687 ], [ -83.988587, 35.894626 ], [ -83.988547, 35.894588 ], [ -83.988479, 35.894434 ], [ -83.988459, 35.894291 ], [ -83.988479, 35.894192 ], [ -83.988519, 35.89417 ], [ -83.988519, 35.894099 ], [ -83.988514, 35.894076 ], [ -83.988492, 35.893967 ], [ -83.988499, 35.89355 ], [ -83.988491, 35.892968 ], [ -83.988457, 35.892424 ], [ -83.98843, 35.892155 ], [ -83.98843, 35.8921 ], [ -83.988444, 35.891996 ], [ -83.988464, 35.891963 ], [ -83.98848, 35.891854 ], [ -83.988491, 35.891787 ], [ -83.988443, 35.891112 ], [ -83.988483, 35.891079 ], [ -83.9885, 35.890999 ], [ -83.988524, 35.890897 ], [ -83.988611, 35.890672 ], [ -83.988625, 35.890619 ], [ -83.988645, 35.890546 ], [ -83.988598, 35.890512 ], [ -83.98861, 35.890478 ], [ -83.988888, 35.890272 ], [ -83.989039, 35.890305 ], [ -83.989347, 35.890372 ], [ -83.989497, 35.890392 ], [ -83.989652, 35.890414 ], [ -83.990317, 35.890501 ], [ -83.990418, 35.890518 ], [ -83.990621, 35.890553 ], [ -83.990853, 35.890641 ], [ -83.991279, 35.890929 ], [ -83.991355, 35.890972 ], [ -83.991451, 35.891 ], [ -83.991552, 35.891005 ], [ -83.991817, 35.890969 ], [ -83.991924, 35.890978 ], [ -83.992024, 35.89101 ], [ -83.99211, 35.891063 ], [ -83.992175, 35.891133 ], [ -83.992215, 35.891214 ], [ -83.992243, 35.891363 ], [ -83.992298, 35.891479 ], [ -83.99231, 35.891493 ], [ -83.992358, 35.89155 ], [ -83.992657, 35.891854 ], [ -83.992732, 35.891897 ], [ -83.99282, 35.891921 ], [ -83.992916, 35.891925 ], [ -83.992944, 35.891918 ], [ -83.992977, 35.891911 ], [ -83.993041, 35.891862 ], [ -83.99308, 35.8918 ], [ -83.993096, 35.891732 ], [ -83.99309, 35.891664 ], [ -83.993096, 35.891351 ], [ -83.993161, 35.891195 ], [ -83.993281, 35.891056 ], [ -83.993387, 35.890981 ], [ -83.99381, 35.890765 ], [ -83.993896, 35.89075 ], [ -83.993983, 35.890754 ], [ -83.994066, 35.890778 ], [ -83.994343, 35.890917 ], [ -83.994481, 35.890986 ], [ -83.994824, 35.891048 ], [ -83.995125, 35.891053 ], [ -83.995371, 35.891022 ], [ -83.995938, 35.890909 ], [ -83.99671, 35.891039 ], [ -83.997181, 35.891276 ], [ -83.99747, 35.891655 ], [ -83.997603, 35.892115 ], [ -83.997862, 35.892327 ], [ -83.998947, 35.892532 ], [ -83.999377, 35.89272 ], [ -83.99974, 35.893197 ], [ -83.999878, 35.893323 ], [ -84.000065, 35.893494 ], [ -84.000894, 35.894041 ], [ -84.001599, 35.894679 ], [ -84.001855, 35.894522 ], [ -84.002607, 35.894131 ], [ -84.002847, 35.894012 ], [ -84.003063, 35.893904 ], [ -84.003117, 35.893878 ], [ -84.003257, 35.893809 ], [ -84.003305, 35.893784 ], [ -84.004897, 35.892967 ], [ -84.005617, 35.892587 ], [ -84.005785, 35.892507 ], [ -84.005957, 35.892431 ], [ -84.006141, 35.892358 ], [ -84.006824, 35.892129 ], [ -84.007402, 35.891954 ], [ -84.007823, 35.891816 ], [ -84.007974, 35.891767 ], [ -84.008306, 35.891666 ], [ -84.008649, 35.891551 ], [ -84.008903, 35.891451 ], [ -84.009244, 35.891295 ], [ -84.009434, 35.891225 ], [ -84.009488, 35.891386 ], [ -84.009495, 35.891405 ], [ -84.009565, 35.891583 ], [ -84.009641, 35.891753 ], [ -84.009691, 35.891856 ], [ -84.009723, 35.89192 ], [ -84.009771, 35.892008 ], [ -84.009808, 35.892077 ], [ -84.009838, 35.892125 ], [ -84.010372, 35.892983 ], [ -84.010522, 35.893224 ], [ -84.011054, 35.894047 ], [ -84.011118, 35.894161 ], [ -84.011177, 35.894277 ], [ -84.011227, 35.894388 ], [ -84.011279, 35.894533 ], [ -84.011322, 35.894694 ], [ -84.011349, 35.894857 ], [ -84.011391, 35.89537 ], [ -84.011415, 35.895531 ], [ -84.01146, 35.895682 ], [ -84.011514, 35.895791 ], [ -84.011677, 35.896029 ], [ -84.011721, 35.896074 ], [ -84.011749, 35.896103 ], [ -84.011855, 35.896183 ], [ -84.011977, 35.896247 ], [ -84.012308, 35.896369 ], [ -84.012565, 35.896455 ], [ -84.012768, 35.896517 ], [ -84.013034, 35.896607 ], [ -84.013308, 35.8967 ], [ -84.01342, 35.896742 ], [ -84.013621, 35.89683 ], [ -84.013813, 35.89693 ], [ -84.014042, 35.897064 ], [ -84.014056, 35.897072 ], [ -84.014306, 35.897216 ], [ -84.014321, 35.897225 ], [ -84.014409, 35.897278 ], [ -84.015028, 35.897652 ], [ -84.015047, 35.897664 ], [ -84.015292, 35.897818 ], [ -84.015364, 35.897863 ], [ -84.015551, 35.89798 ], [ -84.015651, 35.898038 ], [ -84.015764, 35.898095 ], [ -84.015882, 35.898145 ], [ -84.016004, 35.898189 ], [ -84.016121, 35.898221 ], [ -84.016297, 35.898271 ], [ -84.01712, 35.898451 ], [ -84.017232, 35.898482 ], [ -84.017285, 35.898503 ], [ -84.017387, 35.898552 ], [ -84.01748, 35.898611 ], [ -84.017562, 35.898681 ], [ -84.01785, 35.898996 ], [ -84.017898, 35.899061 ], [ -84.01794, 35.899129 ], [ -84.017976, 35.899199 ], [ -84.018005, 35.899271 ], [ -84.01803, 35.899352 ], [ -84.018126, 35.899677 ], [ -84.018158, 35.899755 ], [ -84.018166, 35.899774 ], [ -84.018214, 35.899868 ], [ -84.01827, 35.89996 ], [ -84.018652, 35.900477 ], [ -84.018683, 35.900517 ], [ -84.018745, 35.900597 ], [ -84.018816, 35.900673 ], [ -84.018872, 35.900724 ], [ -84.018893, 35.900744 ], [ -84.018976, 35.900811 ], [ -84.019056, 35.900868 ], [ -84.019243, 35.900992 ], [ -84.019553, 35.901198 ], [ -84.020038, 35.901508 ], [ -84.02048, 35.901771 ], [ -84.020594, 35.901845 ], [ -84.020694, 35.90192 ], [ -84.020788, 35.902 ], [ -84.020988, 35.902201 ], [ -84.021053, 35.902266 ], [ -84.02158, 35.902787 ], [ -84.021756, 35.902653 ], [ -84.021911, 35.902536 ], [ -84.022272, 35.902277 ], [ -84.022292, 35.902262 ], [ -84.02247, 35.902131 ], [ -84.022579, 35.902051 ], [ -84.022632, 35.902013 ], [ -84.022862, 35.901852 ], [ -84.023119, 35.90166 ], [ -84.02328, 35.901541 ], [ -84.023328, 35.901505 ], [ -84.023392, 35.901458 ], [ -84.02347, 35.901396 ], [ -84.023517, 35.901359 ], [ -84.023564, 35.901313 ], [ -84.023621, 35.90126 ], [ -84.023699, 35.901169 ], [ -84.023743, 35.90112 ], [ -84.02384, 35.901009 ], [ -84.023917, 35.900913 ], [ -84.024372, 35.90035 ], [ -84.024429, 35.900282 ], [ -84.024605, 35.900077 ], [ -84.02463, 35.900049 ], [ -84.024643, 35.900034 ], [ -84.024685, 35.899988 ], [ -84.024699, 35.899974 ], [ -84.024727, 35.899942 ], [ -84.024776, 35.899888 ], [ -84.024813, 35.899848 ], [ -84.024842, 35.899817 ], [ -84.024874, 35.899791 ], [ -84.025012, 35.899677 ], [ -84.025425, 35.899337 ], [ -84.025572, 35.899229 ], [ -84.025645, 35.899173 ], [ -84.025862, 35.899002 ], [ -84.025939, 35.898951 ], [ -84.026116, 35.898814 ], [ -84.026539, 35.898491 ], [ -84.02665, 35.898405 ], [ -84.026829, 35.898269 ], [ -84.026842, 35.898258 ], [ -84.026884, 35.898225 ], [ -84.026898, 35.898215 ], [ -84.027015, 35.898122 ], [ -84.027369, 35.897845 ], [ -84.027487, 35.897754 ], [ -84.027529, 35.897717 ], [ -84.027649, 35.897602 ], [ -84.027697, 35.897571 ], [ -84.027816, 35.897467 ], [ -84.028094, 35.897227 ], [ -84.028173, 35.897155 ], [ -84.028292, 35.897051 ], [ -84.028364, 35.896988 ], [ -84.02858, 35.896799 ], [ -84.028652, 35.896736 ], [ -84.028795, 35.896619 ], [ -84.028878, 35.896553 ], [ -84.02909, 35.896394 ], [ -84.02924, 35.896288 ], [ -84.029316, 35.896235 ], [ -84.029392, 35.896183 ], [ -84.029456, 35.896139 ], [ -84.029648, 35.896007 ], [ -84.029712, 35.895963 ], [ -84.029747, 35.895939 ], [ -84.029761, 35.895928 ], [ -84.029802, 35.895898 ], [ -84.029817, 35.895889 ], [ -84.029851, 35.895864 ], [ -84.029954, 35.895791 ], [ -84.029989, 35.895767 ], [ -84.03005, 35.895724 ], [ -84.030233, 35.895597 ], [ -84.030295, 35.895555 ], [ -84.030309, 35.895544 ], [ -84.030354, 35.895513 ], [ -84.030369, 35.895503 ], [ -84.030548, 35.895378 ], [ -84.031086, 35.895005 ], [ -84.031266, 35.894881 ], [ -84.03128, 35.894871 ], [ -84.031322, 35.894841 ], [ -84.031337, 35.894832 ], [ -84.031477, 35.894735 ], [ -84.031688, 35.894591 ], [ -84.031899, 35.894446 ], [ -84.03204, 35.89435 ], [ -84.032066, 35.894378 ], [ -84.032147, 35.894464 ], [ -84.032172, 35.894495 ], [ -84.03267, 35.8951 ], [ -84.032923, 35.895407 ], [ -84.033073, 35.895584 ], [ -84.033438, 35.896017 ], [ -84.033538, 35.896132 ], [ -84.033683, 35.896298 ], [ -84.033806, 35.896439 ], [ -84.033887, 35.896521 ], [ -84.033966, 35.896593 ], [ -84.034132, 35.896732 ], [ -84.034262, 35.896825 ], [ -84.034311, 35.89686 ], [ -84.034416, 35.896926 ], [ -84.034487, 35.89697 ], [ -84.034808, 35.897149 ], [ -84.034939, 35.897223 ], [ -84.035191, 35.897366 ], [ -84.035254, 35.897402 ], [ -84.035691, 35.897652 ], [ -84.036199, 35.897942 ], [ -84.036515, 35.898123 ], [ -84.036766, 35.898264 ], [ -84.036868, 35.898323 ], [ -84.037265, 35.898554 ], [ -84.037379, 35.898614 ], [ -84.037533, 35.898737 ], [ -84.037582, 35.898776 ], [ -84.037632, 35.898838 ], [ -84.037682, 35.898888 ], [ -84.037794, 35.899061 ], [ -84.037801, 35.899074 ], [ -84.038, 35.899429 ], [ -84.038085, 35.8996 ], [ -84.038159, 35.89973 ], [ -84.038276, 35.899935 ], [ -84.038285, 35.899951 ], [ -84.038417, 35.900169 ], [ -84.038682, 35.900611 ], [ -84.038858, 35.900904 ], [ -84.039025, 35.901263 ], [ -84.039072, 35.901378 ], [ -84.03912, 35.901494 ], [ -84.039181, 35.901653 ], [ -84.039323, 35.902085 ], [ -84.039337, 35.902128 ], [ -84.039381, 35.902238 ], [ -84.039444, 35.902344 ], [ -84.039475, 35.902388 ], [ -84.039775, 35.902751 ], [ -84.039911, 35.902916 ], [ -84.040029, 35.903076 ], [ -84.040088, 35.903168 ], [ -84.040104, 35.903194 ], [ -84.040142, 35.90326 ], [ -84.040166, 35.903302 ], [ -84.040313, 35.903534 ], [ -84.040371, 35.903625 ], [ -84.040462, 35.903561 ], [ -84.040547, 35.903504 ], [ -84.040733, 35.903365 ], [ -84.040823, 35.903299 ], [ -84.041155, 35.903053 ], [ -84.041216, 35.903009 ], [ -84.041916, 35.902522 ], [ -84.042168, 35.902342 ], [ -84.042221, 35.902305 ], [ -84.042498, 35.902093 ], [ -84.042879, 35.901801 ], [ -84.043238, 35.901527 ], [ -84.043856, 35.901079 ], [ -84.04404, 35.900949 ], [ -84.044433, 35.900674 ], [ -84.04465, 35.900521 ], [ -84.044695, 35.90049 ], [ -84.044889, 35.900361 ], [ -84.045479, 35.899933 ], [ -84.045739, 35.899745 ], [ -84.0458, 35.899984 ], [ -84.045983, 35.900704 ], [ -84.046044, 35.900945 ], [ -84.04608, 35.901242 ], [ -84.046111, 35.90151 ], [ -84.046151, 35.901718 ], [ -84.046181, 35.901832 ], [ -84.046227, 35.901943 ], [ -84.046455, 35.902353 ], [ -84.046472, 35.902374 ], [ -84.046629, 35.90269 ], [ -84.046802, 35.903108 ], [ -84.047004, 35.903521 ], [ -84.047153, 35.903819 ], [ -84.047243, 35.903999 ], [ -84.047316, 35.90416 ], [ -84.047456, 35.904467 ], [ -84.048499, 35.903726 ], [ -84.049026, 35.90334 ], [ -84.049262, 35.903169 ], [ -84.050596, 35.902166 ], [ -84.050883, 35.901951 ], [ -84.051118, 35.901773 ], [ -84.051116, 35.901791 ], [ -84.051111, 35.901847 ], [ -84.05111, 35.901866 ], [ -84.05109, 35.901955 ], [ -84.051041, 35.902182 ], [ -84.051033, 35.902224 ], [ -84.051014, 35.902314 ], [ -84.051011, 35.902389 ], [ -84.051019, 35.902483 ], [ -84.051095, 35.902778 ], [ -84.051188, 35.903133 ], [ -84.051454, 35.904156 ], [ -84.051544, 35.904544 ], [ -84.051566, 35.904618 ], [ -84.051541, 35.90462 ], [ -84.051469, 35.904628 ], [ -84.051445, 35.904632 ], [ -84.051583, 35.904759 ], [ -84.051636, 35.90485 ], [ -84.051638, 35.904862 ], [ -84.051845, 35.905754 ], [ -84.051915, 35.906052 ], [ -84.051997, 35.906404 ], [ -84.052032, 35.906555 ], [ -84.052053, 35.906645 ], [ -84.052224, 35.907377 ], [ -84.05223, 35.907463 ], [ -84.052237, 35.907547 ], [ -84.052245, 35.907751 ], [ -84.05223, 35.907823 ], [ -84.052197, 35.907987 ], [ -84.052115, 35.908216 ], [ -84.051928, 35.90849 ], [ -84.051918, 35.908506 ], [ -84.051765, 35.908673 ], [ -84.051595, 35.908811 ], [ -84.050966, 35.909222 ], [ -84.050711, 35.909315 ], [ -84.050569, 35.909358 ], [ -84.050293, 35.909427 ], [ -84.050005, 35.90953 ], [ -84.049844, 35.909588 ], [ -84.049692, 35.909663 ], [ -84.049358, 35.909885 ], [ -84.049072, 35.910085 ], [ -84.048444, 35.910526 ], [ -84.048298, 35.910635 ], [ -84.048238, 35.91071 ], [ -84.048217, 35.910737 ], [ -84.048154, 35.910883 ], [ -84.048147, 35.910944 ], [ -84.048154, 35.911038 ], [ -84.048167, 35.911088 ], [ -84.048187, 35.911139 ], [ -84.04823, 35.911218 ], [ -84.048237, 35.911227 ], [ -84.048286, 35.911293 ], [ -84.048343, 35.911351 ], [ -84.048395, 35.911393 ], [ -84.04845, 35.911431 ], [ -84.048572, 35.911493 ], [ -84.04866, 35.911524 ], [ -84.048754, 35.911548 ], [ -84.048781, 35.911556 ], [ -84.048874, 35.911574 ], [ -84.048959, 35.911586 ], [ -84.04913, 35.91158 ], [ -84.049177, 35.911579 ], [ -84.049232, 35.911571 ], [ -84.049311, 35.911551 ], [ -84.049611, 35.911415 ], [ -84.049768, 35.911345 ], [ -84.05, 35.911239 ], [ -84.050696, 35.910921 ], [ -84.050928, 35.910815 ], [ -84.051356, 35.910614 ], [ -84.051453, 35.910563 ], [ -84.051563, 35.910507 ], [ -84.05167, 35.910464 ], [ -84.051755, 35.910445 ], [ -84.051902, 35.910431 ], [ -84.052013, 35.910435 ], [ -84.05212, 35.910451 ], [ -84.052209, 35.910482 ], [ -84.052305, 35.910526 ], [ -84.052398, 35.910584 ], [ -84.052444, 35.910634 ], [ -84.052657, 35.910957 ], [ -84.052793, 35.9112 ], [ -84.0528, 35.91121 ], [ -84.052906, 35.911373 ], [ -84.052954, 35.911459 ], [ -84.053116, 35.9117 ], [ -84.053158, 35.911762 ], [ -84.053291, 35.911943 ], [ -84.053801, 35.912634 ], [ -84.053828, 35.912668 ], [ -84.054017, 35.912903 ], [ -84.054095, 35.913 ], [ -84.054331, 35.913292 ], [ -84.05441, 35.91339 ], [ -84.054458, 35.91345 ], [ -84.0546, 35.91358 ], [ -84.054724, 35.913673 ], [ -84.054758, 35.913699 ], [ -84.054872, 35.91377 ], [ -84.054992, 35.913834 ], [ -84.055182, 35.913917 ], [ -84.055314, 35.91396 ], [ -84.055382, 35.913982 ], [ -84.055588, 35.91403 ], [ -84.055785, 35.914058 ], [ -84.055917, 35.914078 ], [ -84.056337, 35.914142 ], [ -84.057676, 35.914344 ], [ -84.058336, 35.914444 ], [ -84.058684, 35.914518 ], [ -84.058805, 35.914573 ], [ -84.058898, 35.914627 ], [ -84.059053, 35.914718 ], [ -84.059129, 35.91479 ], [ -84.059226, 35.914903 ], [ -84.0593, 35.915024 ], [ -84.059375, 35.915001 ], [ -84.060193, 35.914748 ], [ -84.060172, 35.914904 ], [ -84.060316, 35.914725 ], [ -84.06042, 35.914595 ], [ -84.060519, 35.914469 ], [ -84.060695, 35.914249 ], [ -84.060807, 35.914098 ], [ -84.060813, 35.914089 ], [ -84.060916, 35.913966 ], [ -84.060951, 35.913924 ], [ -84.060994, 35.913862 ], [ -84.06109, 35.913756 ], [ -84.061124, 35.913713 ], [ -84.06116, 35.913675 ], [ -84.061182, 35.913659 ], [ -84.061244, 35.913594 ], [ -84.061259, 35.91358 ], [ -84.061316, 35.913531 ], [ -84.061354, 35.913491 ], [ -84.06137, 35.913481 ], [ -84.06142, 35.913453 ], [ -84.061437, 35.913445 ], [ -84.061484, 35.913418 ], [ -84.061528, 35.913391 ], [ -84.061997, 35.913103 ], [ -84.062048, 35.913069 ], [ -84.062136, 35.913012 ], [ -84.062374, 35.912872 ], [ -84.062486, 35.912801 ], [ -84.06317, 35.912376 ], [ -84.063433, 35.912218 ], [ -84.063525, 35.912159 ], [ -84.063635, 35.912082 ], [ -84.063716, 35.911991 ], [ -84.063776, 35.911871 ], [ -84.063783, 35.911841 ], [ -84.063799, 35.911784 ], [ -84.063801, 35.911703 ], [ -84.06379, 35.911582 ], [ -84.06374, 35.911422 ], [ -84.063727, 35.911245 ], [ -84.063737, 35.911187 ], [ -84.06374, 35.911135 ], [ -84.063779, 35.911046 ], [ -84.063833, 35.910969 ], [ -84.063899, 35.9109 ], [ -84.063957, 35.910853 ], [ -84.064228, 35.910646 ], [ -84.064293, 35.910584 ], [ -84.06431, 35.910579 ], [ -84.064397, 35.910514 ], [ -84.064676, 35.910329 ], [ -84.064732, 35.910291 ], [ -84.065074, 35.910081 ], [ -84.065124, 35.910053 ], [ -84.065305, 35.909952 ], [ -84.06555, 35.909814 ], [ -84.065612, 35.90978 ], [ -84.065993, 35.909561 ], [ -84.066198, 35.909432 ], [ -84.066277, 35.909385 ], [ -84.066521, 35.909244 ], [ -84.066727, 35.909124 ], [ -84.067348, 35.908766 ], [ -84.067555, 35.908648 ], [ -84.067745, 35.908538 ], [ -84.067937, 35.908427 ], [ -84.068316, 35.908209 ], [ -84.068507, 35.9081 ], [ -84.068839, 35.907908 ], [ -84.069021, 35.907804 ], [ -84.069836, 35.907335 ], [ -84.070065, 35.907204 ], [ -84.07017, 35.907146 ], [ -84.070276, 35.907079 ], [ -84.070386, 35.907012 ], [ -84.070599, 35.906887 ], [ -84.070708, 35.906825 ], [ -84.071278, 35.906456 ], [ -84.071554, 35.906279 ], [ -84.072428, 35.90571 ], [ -84.072535, 35.9056 ], [ -84.072611, 35.905458 ], [ -84.072655, 35.905295 ], [ -84.072655, 35.905113 ], [ -84.072655, 35.904961 ], [ -84.072677, 35.904713 ], [ -84.072759, 35.904448 ], [ -84.073016, 35.9047 ], [ -84.073061, 35.904748 ], [ -84.073249, 35.904947 ], [ -84.073368, 35.905087 ], [ -84.073473, 35.905223 ], [ -84.073573, 35.905363 ], [ -84.073666, 35.905505 ], [ -84.073749, 35.905644 ], [ -84.073822, 35.905773 ], [ -84.07399, 35.90607 ], [ -84.074038, 35.906142 ], [ -84.074177, 35.906105 ], [ -84.074596, 35.905995 ], [ -84.074736, 35.905959 ], [ -84.074769, 35.90595 ], [ -84.075162, 35.905869 ], [ -84.075286, 35.905844 ], [ -84.075747, 35.905729 ], [ -84.075965, 35.905665 ], [ -84.076138, 35.905601 ], [ -84.076262, 35.905545 ], [ -84.076404, 35.905472 ], [ -84.076794, 35.905276 ], [ -84.076603, 35.905018 ], [ -84.076568, 35.904967 ], [ -84.076421, 35.904754 ], [ -84.076322, 35.904618 ], [ -84.076196, 35.904436 ], [ -84.07615, 35.904377 ], [ -84.076003, 35.90417 ], [ -84.075904, 35.904032 ], [ -84.075682, 35.903721 ], [ -84.076281, 35.903434 ], [ -84.076931, 35.903123 ], [ -84.077065, 35.90306 ], [ -84.077156, 35.903012 ], [ -84.078077, 35.90257 ], [ -84.078679, 35.902289 ], [ -84.078868, 35.902201 ], [ -84.079434, 35.901937 ], [ -84.079624, 35.90185 ], [ -84.079824, 35.901757 ], [ -84.080058, 35.901654 ], [ -84.080087, 35.901639 ], [ -84.08145, 35.90095 ], [ -84.081548, 35.900901 ], [ -84.081736, 35.900772 ], [ -84.081819, 35.90074 ], [ -84.081892, 35.900702 ], [ -84.082135, 35.900588 ], [ -84.082864, 35.900249 ], [ -84.083108, 35.900136 ], [ -84.083394, 35.900006 ], [ -84.08404, 35.899714 ], [ -84.084256, 35.899618 ], [ -84.084545, 35.899491 ], [ -84.084714, 35.899684 ], [ -84.084868, 35.899871 ], [ -84.085047, 35.900088 ], [ -84.085137, 35.900178 ], [ -84.085234, 35.900246 ], [ -84.085352, 35.900301 ], [ -84.08547, 35.900343 ], [ -84.085623, 35.900349 ], [ -84.085764, 35.900329 ], [ -84.08594, 35.90027 ], [ -84.086151, 35.900162 ], [ -84.086597, 35.899937 ], [ -84.086748, 35.899846 ], [ -84.086876, 35.899771 ], [ -84.087119, 35.899642 ], [ -84.087213, 35.899595 ], [ -84.087242, 35.899582 ], [ -84.087377, 35.899529 ], [ -84.088088, 35.899216 ], [ -84.088199, 35.899168 ], [ -84.090125, 35.898324 ], [ -84.090418, 35.898206 ], [ -84.090669, 35.898096 ], [ -84.090722, 35.898074 ], [ -84.091021, 35.897934 ], [ -84.091478, 35.897707 ], [ -84.091626, 35.897615 ], [ -84.091766, 35.897521 ], [ -84.091895, 35.897428 ], [ -84.092092, 35.897271 ], [ -84.092161, 35.897216 ], [ -84.092263, 35.897126 ], [ -84.092403, 35.896996 ], [ -84.092549, 35.896852 ], [ -84.092778, 35.896628 ], [ -84.092892, 35.896529 ], [ -84.093011, 35.896433 ], [ -84.093259, 35.896252 ], [ -84.093471, 35.896107 ], [ -84.0938, 35.895886 ], [ -84.093976, 35.895766 ], [ -84.094228, 35.895598 ], [ -84.094513, 35.895419 ], [ -84.094694, 35.895306 ], [ -84.095025, 35.895103 ], [ -84.095108, 35.895043 ], [ -84.095365, 35.89488 ], [ -84.095695, 35.894671 ], [ -84.096073, 35.894418 ], [ -84.096124, 35.894385 ], [ -84.097052, 35.893742 ], [ -84.098373, 35.892814 ], [ -84.098761, 35.892538 ], [ -84.100097, 35.891583 ], [ -84.100426, 35.891349 ], [ -84.100573, 35.89125 ], [ -84.100815, 35.891103 ], [ -84.100872, 35.891069 ], [ -84.101484, 35.890707 ], [ -84.101807, 35.890516 ], [ -84.102434, 35.890153 ], [ -84.102866, 35.889905 ], [ -84.103991, 35.889263 ], [ -84.10427, 35.88911 ], [ -84.104786, 35.888838 ], [ -84.104896, 35.888792 ], [ -84.105289, 35.888599 ], [ -84.105331, 35.888575 ], [ -84.105558, 35.888451 ], [ -84.105834, 35.888266 ], [ -84.10609, 35.888065 ], [ -84.106109, 35.888049 ], [ -84.106231, 35.887947 ], [ -84.106303, 35.887886 ], [ -84.106491, 35.887731 ], [ -84.106523, 35.887711 ], [ -84.106603, 35.887662 ], [ -84.106701, 35.887577 ], [ -84.106818, 35.887477 ], [ -84.106946, 35.887371 ], [ -84.106976, 35.887346 ], [ -84.106998, 35.887328 ], [ -84.107099, 35.887247 ], [ -84.107136, 35.887216 ], [ -84.107157, 35.8872 ], [ -84.107249, 35.887127 ], [ -84.107287, 35.887098 ], [ -84.107318, 35.887074 ], [ -84.107349, 35.887045 ], [ -84.107432, 35.886977 ], [ -84.10756, 35.886874 ], [ -84.107874, 35.886621 ], [ -84.108022, 35.886503 ], [ -84.108298, 35.886787 ], [ -84.109128, 35.887641 ], [ -84.109405, 35.887926 ], [ -84.10953, 35.888069 ], [ -84.1098, 35.888378 ], [ -84.109896, 35.888505 ], [ -84.110011, 35.888657 ], [ -84.110125, 35.888807 ], [ -84.110237, 35.888955 ], [ -84.110291, 35.889014 ], [ -84.110382, 35.889113 ], [ -84.110479, 35.889212 ], [ -84.110577, 35.889299 ], [ -84.110691, 35.889394 ], [ -84.110788, 35.889476 ], [ -84.111016, 35.889641 ], [ -84.111133, 35.889737 ], [ -84.11122, 35.889802 ], [ -84.111286, 35.889867 ], [ -84.111317, 35.889907 ], [ -84.111402, 35.890015 ], [ -84.111464, 35.890111 ], [ -84.111505, 35.890218 ], [ -84.111543, 35.890298 ], [ -84.111558, 35.89038 ], [ -84.111605, 35.890627 ], [ -84.111621, 35.89071 ], [ -84.111665, 35.890869 ], [ -84.111753, 35.891357 ], [ -84.111762, 35.891411 ], [ -84.111801, 35.891473 ], [ -84.111846, 35.891542 ], [ -84.112044, 35.89177 ], [ -84.112164, 35.891881 ], [ -84.113195, 35.892921 ], [ -84.113445, 35.893174 ], [ -84.113572, 35.893323 ], [ -84.113627, 35.893428 ], [ -84.113693, 35.893588 ], [ -84.113699, 35.893603 ], [ -84.113719, 35.893651 ], [ -84.113755, 35.89378 ], [ -84.113764, 35.893881 ], [ -84.113756, 35.89405 ], [ -84.113755, 35.894066 ], [ -84.113763, 35.894269 ], [ -84.113779, 35.894387 ], [ -84.113802, 35.894512 ], [ -84.113808, 35.894545 ], [ -84.113877, 35.894844 ], [ -84.114, 35.895315 ], [ -84.114293, 35.896354 ], [ -84.11433, 35.896482 ], [ -84.114462, 35.896967 ], [ -84.114525, 35.897199 ], [ -84.11456, 35.897328 ], [ -84.114721, 35.897894 ], [ -84.114787, 35.898126 ], [ -84.114964, 35.898792 ], [ -84.11499, 35.898923 ], [ -84.115001, 35.898975 ], [ -84.11502, 35.899134 ], [ -84.115029, 35.899315 ], [ -84.115028, 35.899472 ], [ -84.115015, 35.899616 ], [ -84.114989, 35.899758 ], [ -84.114952, 35.899899 ], [ -84.114859, 35.900164 ], [ -84.114785, 35.900342 ], [ -84.114525, 35.900923 ], [ -84.114369, 35.901262 ], [ -84.114138, 35.901767 ], [ -84.114032, 35.902013 ], [ -84.114, 35.90209 ], [ -84.113964, 35.90219 ], [ -84.113959, 35.902214 ], [ -84.113941, 35.902309 ], [ -84.113939, 35.902429 ], [ -84.11395, 35.902497 ], [ -84.113987, 35.902617 ], [ -84.114059, 35.902782 ], [ -84.114083, 35.902827 ], [ -84.114185, 35.903016 ], [ -84.114219, 35.903081 ], [ -84.114322, 35.903277 ], [ -84.114357, 35.903343 ], [ -84.11437, 35.903367 ], [ -84.11443, 35.903355 ], [ -84.116495, 35.902967 ], [ -84.116608, 35.902945 ], [ -84.116606, 35.903463 ], [ -84.116646, 35.903454 ], [ -84.116829, 35.903414 ], [ -84.116987, 35.903348 ], [ -84.117331, 35.903282 ], [ -84.118366, 35.903085 ], [ -84.118541, 35.903052 ], [ -84.118711, 35.903019 ], [ -84.118731, 35.903071 ], [ -84.118791, 35.903228 ], [ -84.118812, 35.903281 ], [ -84.11883, 35.903329 ], [ -84.118885, 35.903474 ], [ -84.118904, 35.903523 ], [ -84.118926, 35.903582 ], [ -84.118993, 35.90376 ], [ -84.119016, 35.90382 ], [ -84.119437, 35.90491 ], [ -84.119957, 35.906247 ], [ -84.120071, 35.90657 ], [ -84.12018, 35.906879 ], [ -84.120353, 35.907315 ], [ -84.120434, 35.907533 ], [ -84.120483, 35.907665 ], [ -84.120558, 35.907853 ], [ -84.120601, 35.90796 ], [ -84.120606, 35.907973 ], [ -84.120703, 35.908239 ], [ -84.120741, 35.908338 ], [ -84.120789, 35.90846 ], [ -84.120839, 35.908595 ], [ -84.12099, 35.909 ], [ -84.121041, 35.909135 ], [ -84.12107, 35.909226 ], [ -84.121089, 35.909286 ], [ -84.12117, 35.909496 ], [ -84.121205, 35.909586 ], [ -84.12126, 35.90973 ], [ -84.121271, 35.909757 ], [ -84.121479, 35.910267 ], [ -84.121549, 35.910437 ], [ -84.121623, 35.910619 ], [ -84.121711, 35.910833 ], [ -84.121765, 35.910971 ], [ -84.121841, 35.911167 ], [ -84.121854, 35.9112 ], [ -84.121913, 35.911351 ], [ -84.121746, 35.911394 ], [ -84.121787, 35.911505 ], [ -84.121836, 35.911637 ], [ -84.122004, 35.912016 ], [ -84.122101, 35.912276 ], [ -84.122144, 35.912515 ], [ -84.122163, 35.912703 ], [ -84.122169, 35.912752 ], [ -84.122178, 35.912917 ], [ -84.122129, 35.913109 ], [ -84.122002, 35.913314 ], [ -84.121866, 35.913467 ], [ -84.121704, 35.913579 ], [ -84.121493, 35.913678 ], [ -84.121349, 35.913721 ], [ -84.121115, 35.913746 ], [ -84.121062, 35.913746 ], [ -84.120674, 35.913925 ], [ -84.120412, 35.914293 ], [ -84.120645, 35.914475 ], [ -84.120797, 35.91461 ], [ -84.121135, 35.91489 ], [ -84.121197, 35.914947 ], [ -84.121413, 35.915147 ], [ -84.121534, 35.91526 ], [ -84.122088, 35.915719 ], [ -84.122189, 35.915803 ], [ -84.122314, 35.91591 ], [ -84.122452, 35.916028 ], [ -84.122851, 35.91637 ], [ -84.122868, 35.916385 ], [ -84.123004, 35.916507 ], [ -84.123273, 35.916748 ], [ -84.123377, 35.916841 ], [ -84.124108, 35.917444 ], [ -84.124353, 35.917646 ], [ -84.124387, 35.917675 ], [ -84.124799, 35.918023 ], [ -84.124877, 35.918089 ], [ -84.126999, 35.91987 ], [ -84.127522, 35.920338 ], [ -84.127802, 35.920572 ], [ -84.129301, 35.921821 ], [ -84.130629, 35.922932 ], [ -84.130662, 35.92296 ], [ -84.131661, 35.923801 ], [ -84.132076, 35.92416 ], [ -84.132173, 35.924244 ] ] ] } },
{ "type": "Feature", "properties": { "district_num": "15" }, "geometry": { "type": "Polygon", "coordinates": [ [ [ -83.977231, 35.984153 ], [ -83.976374, 35.984897 ], [ -83.976275, 35.984984 ], [ -83.973797, 35.987124 ], [ -83.972939, 35.987867 ], [ -83.97253, 35.988223 ], [ -83.972027, 35.988653 ], [ -83.969988, 35.99042 ], [ -83.969708, 35.990656 ], [ -83.969417, 35.99091 ], [ -83.96894, 35.991303 ], [ -83.968195, 35.99199 ], [ -83.966537, 35.993775 ], [ -83.966334, 35.993985 ], [ -83.966259, 35.994058 ], [ -83.966124, 35.994189 ], [ -83.965912, 35.99438 ], [ -83.965684, 35.994572 ], [ -83.965385, 35.994807 ], [ -83.965057, 35.995043 ], [ -83.963978, 35.995741 ], [ -83.963391, 35.996127 ], [ -83.963021, 35.996389 ], [ -83.962742, 35.996586 ], [ -83.962608, 35.996693 ], [ -83.962393, 35.996875 ], [ -83.961845, 35.997342 ], [ -83.961359, 35.997758 ], [ -83.961016, 35.998054 ], [ -83.960959, 35.998102 ], [ -83.960789, 35.998248 ], [ -83.960733, 35.998297 ], [ -83.960661, 35.998359 ], [ -83.960445, 35.998545 ], [ -83.960373, 35.998607 ], [ -83.960334, 35.998636 ], [ -83.960239, 35.998711 ], [ -83.960182, 35.998757 ], [ -83.959982, 35.998931 ], [ -83.959819, 35.99907 ], [ -83.959365, 35.999463 ], [ -83.959333, 35.999489 ], [ -83.959172, 35.99963 ], [ -83.959134, 35.999662 ], [ -83.959022, 35.99976 ], [ -83.958985, 35.999793 ], [ -83.958957, 35.999816 ], [ -83.958875, 35.999888 ], [ -83.958848, 35.999913 ], [ -83.958814, 35.999942 ], [ -83.958712, 36.00003 ], [ -83.958679, 36.00006 ], [ -83.958654, 36.000081 ], [ -83.95858, 36.000145 ], [ -83.958556, 36.000167 ], [ -83.958448, 36.000262 ], [ -83.958219, 36.000458 ], [ -83.957519, 36.001061 ], [ -83.957206, 36.00133 ], [ -83.956869, 36.001621 ], [ -83.956777, 36.001699 ], [ -83.956617, 36.001838 ], [ -83.956503, 36.001935 ], [ -83.956412, 36.002014 ], [ -83.956361, 36.002058 ], [ -83.956208, 36.00219 ], [ -83.956157, 36.002234 ], [ -83.955182, 36.003074 ], [ -83.954615, 36.003516 ], [ -83.95412, 36.003849 ], [ -83.954093, 36.003724 ], [ -83.954068, 36.003622 ], [ -83.954044, 36.003463 ], [ -83.954039, 36.00339 ], [ -83.954022, 36.003298 ], [ -83.953999, 36.003222 ], [ -83.953977, 36.003085 ], [ -83.953977, 36.002931 ], [ -83.953999, 36.002773 ], [ -83.954028, 36.002724 ], [ -83.954119, 36.002574 ], [ -83.954146, 36.002508 ], [ -83.954226, 36.002323 ], [ -83.954333, 36.00213 ], [ -83.954488, 36.001853 ], [ -83.954575, 36.001698 ], [ -83.954605, 36.001636 ], [ -83.954641, 36.001559 ], [ -83.954695, 36.001416 ], [ -83.954739, 36.001274 ], [ -83.954759, 36.001191 ], [ -83.954774, 36.001131 ], [ -83.954796, 36.000986 ], [ -83.954805, 36.000839 ], [ -83.954801, 36.000693 ], [ -83.954794, 36.000621 ], [ -83.954771, 36.000453 ], [ -83.954744, 36.000343 ], [ -83.954708, 36.000234 ], [ -83.954601, 35.999948 ], [ -83.954404, 35.999495 ], [ -83.954217, 35.999146 ], [ -83.954007, 35.998815 ], [ -83.953931, 35.998711 ], [ -83.953823, 35.998561 ], [ -83.953635, 35.998301 ], [ -83.95336, 35.997893 ], [ -83.953177, 35.997546 ], [ -83.953003, 35.997139 ], [ -83.952893, 35.996906 ], [ -83.953292, 35.996731 ], [ -83.953152, 35.996542 ], [ -83.952908, 35.996294 ], [ -83.952669, 35.996076 ], [ -83.952452, 35.995912 ], [ -83.952292, 35.995802 ], [ -83.951927, 35.995554 ], [ -83.951634, 35.995298 ], [ -83.95151, 35.995195 ], [ -83.951261, 35.994975 ], [ -83.950514, 35.994315 ], [ -83.950265, 35.994095 ], [ -83.95007, 35.993927 ], [ -83.949488, 35.993424 ], [ -83.949294, 35.993257 ], [ -83.948536, 35.992598 ], [ -83.94825, 35.99235 ], [ -83.947554, 35.991752 ], [ -83.946267, 35.990618 ], [ -83.945514, 35.989955 ], [ -83.945317, 35.989778 ], [ -83.944727, 35.989247 ], [ -83.944531, 35.989071 ], [ -83.944366, 35.988932 ], [ -83.944324, 35.988896 ], [ -83.943871, 35.988515 ], [ -83.943706, 35.988376 ], [ -83.943553, 35.988242 ], [ -83.943095, 35.987842 ], [ -83.943076, 35.987826 ], [ -83.942943, 35.987709 ], [ -83.942259, 35.987103 ], [ -83.94125, 35.986208 ], [ -83.940239, 35.985253 ], [ -83.939576, 35.984626 ], [ -83.939458, 35.984493 ], [ -83.939105, 35.984095 ], [ -83.938988, 35.983963 ], [ -83.938478, 35.983486 ], [ -83.938336, 35.983353 ], [ -83.937114, 35.982708 ], [ -83.936647, 35.98249 ], [ -83.936151, 35.982259 ], [ -83.936016, 35.982196 ], [ -83.935723, 35.982048 ], [ -83.935056, 35.981711 ], [ -83.934865, 35.981573 ], [ -83.9346, 35.981382 ], [ -83.934575, 35.981359 ], [ -83.934503, 35.98129 ], [ -83.93448, 35.981268 ], [ -83.934462, 35.981247 ], [ -83.934409, 35.981184 ], [ -83.934392, 35.981163 ], [ -83.934219, 35.98097 ], [ -83.9337, 35.980391 ], [ -83.933528, 35.980199 ], [ -83.93325, 35.979859 ], [ -83.933013, 35.97957 ], [ -83.932397, 35.978856 ], [ -83.932345, 35.978796 ], [ -83.932117, 35.978519 ], [ -83.932071, 35.978465 ], [ -83.931935, 35.978306 ], [ -83.93189, 35.978253 ], [ -83.931658, 35.977977 ], [ -83.930964, 35.977152 ], [ -83.930733, 35.976877 ], [ -83.930571, 35.976669 ], [ -83.930087, 35.976048 ], [ -83.929926, 35.975841 ], [ -83.929783, 35.975747 ], [ -83.929354, 35.975466 ], [ -83.929211, 35.975373 ], [ -83.928647, 35.974867 ], [ -83.927838, 35.974141 ], [ -83.927709, 35.974008 ], [ -83.927083, 35.973228 ], [ -83.92706, 35.973199 ], [ -83.926943, 35.973042 ], [ -83.926846, 35.972886 ], [ -83.926683, 35.972587 ], [ -83.926603, 35.972441 ], [ -83.926535, 35.972317 ], [ -83.926361, 35.972005 ], [ -83.92628, 35.971861 ], [ -83.925968, 35.971449 ], [ -83.925954, 35.971426 ], [ -83.925699, 35.971092 ], [ -83.925365, 35.970665 ], [ -83.925122, 35.970322 ], [ -83.924993, 35.970134 ], [ -83.92495, 35.969931 ], [ -83.924097, 35.970249 ], [ -83.924004, 35.970287 ], [ -83.923544, 35.970479 ], [ -83.922889, 35.970812 ], [ -83.92279, 35.970714 ], [ -83.92275, 35.970674 ], [ -83.921482, 35.971552 ], [ -83.921302, 35.971671 ], [ -83.920765, 35.972032 ], [ -83.920586, 35.972152 ], [ -83.920097, 35.972569 ], [ -83.919811, 35.972761 ], [ -83.918953, 35.973338 ], [ -83.918668, 35.973531 ], [ -83.918614, 35.973567 ], [ -83.918452, 35.973675 ], [ -83.918399, 35.973712 ], [ -83.918335, 35.973754 ], [ -83.918145, 35.973882 ], [ -83.918082, 35.973925 ], [ -83.917997, 35.973983 ], [ -83.9177, 35.974182 ], [ -83.917518, 35.974274 ], [ -83.917379, 35.974352 ], [ -83.917268, 35.974394 ], [ -83.917101, 35.974437 ], [ -83.916792, 35.974515 ], [ -83.916508, 35.974572 ], [ -83.916332, 35.974694 ], [ -83.916238, 35.974921 ], [ -83.915974, 35.975663 ], [ -83.91583, 35.975672 ], [ -83.91552, 35.975764 ], [ -83.915129, 35.975918 ], [ -83.915059, 35.975955 ], [ -83.915049, 35.975961 ], [ -83.914826, 35.976119 ], [ -83.914753, 35.976172 ], [ -83.914516, 35.976326 ], [ -83.914332, 35.976429 ], [ -83.914213, 35.976489 ], [ -83.913908, 35.976641 ], [ -83.913614, 35.97678 ], [ -83.913428, 35.976856 ], [ -83.913217, 35.976935 ], [ -83.9132, 35.976941 ], [ -83.913173, 35.976952 ], [ -83.913152, 35.976958 ], [ -83.913136, 35.976964 ], [ -83.913284, 35.977144 ], [ -83.913584, 35.977508 ], [ -83.913705, 35.977703 ], [ -83.913829, 35.977902 ], [ -83.913887, 35.978012 ], [ -83.913946, 35.978124 ], [ -83.914015, 35.978364 ], [ -83.914051, 35.978485 ], [ -83.914217, 35.979071 ], [ -83.914518, 35.980131 ], [ -83.914734, 35.980825 ], [ -83.914916, 35.981408 ], [ -83.914801, 35.981582 ], [ -83.914679, 35.981769 ], [ -83.914504, 35.982036 ], [ -83.914008, 35.982877 ], [ -83.913789, 35.98325 ], [ -83.913675, 35.983449 ], [ -83.913478, 35.983795 ], [ -83.913388, 35.984071 ], [ -83.913318, 35.98429 ], [ -83.913296, 35.984444 ], [ -83.913245, 35.984805 ], [ -83.91325, 35.984882 ], [ -83.913251, 35.984917 ], [ -83.913256, 35.985008 ], [ -83.913258, 35.985039 ], [ -83.913267, 35.985221 ], [ -83.913271, 35.985326 ], [ -83.913294, 35.985944 ], [ -83.913303, 35.98615 ], [ -83.913226, 35.986909 ], [ -83.913204, 35.987005 ], [ -83.913156, 35.98722 ], [ -83.913055, 35.987682 ], [ -83.912816, 35.988305 ], [ -83.912777, 35.988372 ], [ -83.912539, 35.988796 ], [ -83.912334, 35.989126 ], [ -83.912163, 35.98934 ], [ -83.912026, 35.989513 ], [ -83.91157, 35.989964 ], [ -83.911411, 35.990086 ], [ -83.910934, 35.990455 ], [ -83.910776, 35.990578 ], [ -83.910197, 35.990944 ], [ -83.909123, 35.991623 ], [ -83.90891, 35.991759 ], [ -83.908852, 35.991791 ], [ -83.908448, 35.992017 ], [ -83.907851, 35.992352 ], [ -83.907247, 35.992663 ], [ -83.906948, 35.992818 ], [ -83.90687, 35.992857 ], [ -83.905998, 35.993299 ], [ -83.90542, 35.993567 ], [ -83.904805, 35.993855 ], [ -83.90456, 35.993976 ], [ -83.903826, 35.994341 ], [ -83.903582, 35.994464 ], [ -83.903776, 35.994657 ], [ -83.904094, 35.994971 ], [ -83.904356, 35.995241 ], [ -83.904547, 35.995439 ], [ -83.904696, 35.995587 ], [ -83.905144, 35.996034 ], [ -83.905216, 35.996106 ], [ -83.905298, 35.996178 ], [ -83.905389, 35.996258 ], [ -83.905462, 35.996331 ], [ -83.905942, 35.996807 ], [ -83.906103, 35.996966 ], [ -83.906288, 35.996861 ], [ -83.906361, 35.996827 ], [ -83.907165, 35.996468 ], [ -83.907434, 35.996349 ], [ -83.907492, 35.996322 ], [ -83.907666, 35.996245 ], [ -83.907725, 35.996219 ], [ -83.90793, 35.996126 ], [ -83.908545, 35.995851 ], [ -83.908751, 35.995759 ], [ -83.908963, 35.995664 ], [ -83.909599, 35.995383 ], [ -83.909739, 35.995322 ], [ -83.909808, 35.995282 ], [ -83.909859, 35.995439 ], [ -83.910012, 35.995909 ], [ -83.910063, 35.996067 ], [ -83.910114, 35.996228 ], [ -83.910269, 35.996711 ], [ -83.910321, 35.996872 ], [ -83.910372, 35.997027 ], [ -83.910528, 35.997492 ], [ -83.91058, 35.997648 ], [ -83.910591, 35.997691 ], [ -83.910683, 35.997976 ], [ -83.91071, 35.998058 ], [ -83.910865, 35.998503 ], [ -83.91094, 35.998706 ], [ -83.91102, 35.998952 ], [ -83.911128, 35.99928 ], [ -83.91119, 35.999471 ], [ -83.911379, 36.000044 ], [ -83.911442, 36.000236 ], [ -83.911479, 36.000351 ], [ -83.911577, 36.000649 ], [ -83.911595, 36.000698 ], [ -83.911623, 36.000773 ], [ -83.911643, 36.000811 ], [ -83.911663, 36.000851 ], [ -83.911726, 36.000971 ], [ -83.911747, 36.001011 ], [ -83.911831, 36.00116 ], [ -83.911865, 36.001219 ], [ -83.912132, 36.001578 ], [ -83.912138, 36.001586 ], [ -83.91221, 36.001731 ], [ -83.912065, 36.001853 ], [ -83.91169, 36.002134 ], [ -83.911533, 36.002276 ], [ -83.911377, 36.00244 ], [ -83.910703, 36.003192 ], [ -83.909583, 36.004423 ], [ -83.90951, 36.004484 ], [ -83.909489, 36.004527 ], [ -83.909316, 36.004721 ], [ -83.909136, 36.004921 ], [ -83.909011, 36.005045 ], [ -83.908876, 36.005162 ], [ -83.908732, 36.005272 ], [ -83.90858, 36.005374 ], [ -83.908492, 36.005427 ], [ -83.908136, 36.005657 ], [ -83.908036, 36.005561 ], [ -83.907527, 36.005017 ], [ -83.907479, 36.004972 ], [ -83.907409, 36.00493 ], [ -83.907329, 36.004903 ], [ -83.907255, 36.004893 ], [ -83.907181, 36.004895 ], [ -83.907067, 36.004919 ], [ -83.906929, 36.004958 ], [ -83.906812, 36.004975 ], [ -83.906692, 36.004979 ], [ -83.906544, 36.004964 ], [ -83.906279, 36.004899 ], [ -83.906138, 36.004868 ], [ -83.905931, 36.004822 ], [ -83.905734, 36.004784 ], [ -83.905612, 36.004773 ], [ -83.90546, 36.004777 ], [ -83.905352, 36.00479 ], [ -83.905128, 36.004848 ], [ -83.904766, 36.004989 ], [ -83.904737, 36.004997 ], [ -83.904692, 36.005005 ], [ -83.904678, 36.005006 ], [ -83.904625, 36.005003 ], [ -83.904614, 36.00499 ], [ -83.904596, 36.004991 ], [ -83.904556, 36.005008 ], [ -83.904492, 36.004997 ], [ -83.904406, 36.004968 ], [ -83.904345, 36.004941 ], [ -83.904251, 36.004886 ], [ -83.904163, 36.004819 ], [ -83.904097, 36.004751 ], [ -83.903991, 36.004628 ], [ -83.903589, 36.004109 ], [ -83.903534, 36.004012 ], [ -83.903521, 36.004015 ], [ -83.903479, 36.004067 ], [ -83.903443, 36.004135 ], [ -83.90336, 36.004346 ], [ -83.903324, 36.004399 ], [ -83.903275, 36.004445 ], [ -83.903002, 36.004611 ], [ -83.902499, 36.004922 ], [ -83.902264, 36.005054 ], [ -83.902061, 36.005158 ], [ -83.901806, 36.005287 ], [ -83.901041, 36.005677 ], [ -83.900787, 36.005807 ], [ -83.900728, 36.005842 ], [ -83.900554, 36.005948 ], [ -83.900497, 36.005984 ], [ -83.899843, 36.006339 ], [ -83.899668, 36.006428 ], [ -83.898901, 36.006823 ], [ -83.898558, 36.006997 ], [ -83.897569, 36.007516 ], [ -83.897489, 36.007558 ], [ -83.89716, 36.007723 ], [ -83.89632, 36.008147 ], [ -83.895641, 36.008471 ], [ -83.895386, 36.008598 ], [ -83.894917, 36.008841 ], [ -83.894649, 36.00897 ], [ -83.894137, 36.009226 ], [ -83.893797, 36.009396 ], [ -83.893371, 36.009611 ], [ -83.893131, 36.009719 ], [ -83.892359, 36.010086 ], [ -83.892381, 36.01012 ], [ -83.891958, 36.01034 ], [ -83.89153, 36.010539 ], [ -83.890981, 36.010812 ], [ -83.890668, 36.010967 ], [ -83.889989, 36.011296 ], [ -83.889855, 36.011363 ], [ -83.888029, 36.012383 ], [ -83.887944, 36.012432 ], [ -83.887953, 36.012447 ], [ -83.888447, 36.012981 ], [ -83.88871, 36.013265 ], [ -83.888852, 36.013412 ], [ -83.889558, 36.014166 ], [ -83.889558, 36.014177 ], [ -83.888762, 36.014634 ], [ -83.887998, 36.015074 ], [ -83.886366, 36.015988 ], [ -83.885566, 36.016437 ], [ -83.885469, 36.016491 ], [ -83.88518, 36.016652 ], [ -83.885084, 36.016707 ], [ -83.884783, 36.016876 ], [ -83.883883, 36.017384 ], [ -83.883657, 36.017512 ], [ -83.883583, 36.017553 ], [ -83.882787, 36.017996 ], [ -83.881892, 36.018499 ], [ -83.881334, 36.018802 ], [ -83.880748, 36.019129 ], [ -83.880572, 36.019237 ], [ -83.880383, 36.01936 ], [ -83.879701, 36.019827 ], [ -83.878892, 36.020387 ], [ -83.877867, 36.021056 ], [ -83.87773, 36.021147 ], [ -83.877085, 36.021552 ], [ -83.876891, 36.021661 ], [ -83.876688, 36.02176 ], [ -83.874928, 36.022537 ], [ -83.874584, 36.022684 ], [ -83.874191, 36.022853 ], [ -83.873893, 36.022991 ], [ -83.873508, 36.023181 ], [ -83.873476, 36.023201 ], [ -83.873347, 36.023156 ], [ -83.873213, 36.02306 ], [ -83.873109, 36.022972 ], [ -83.872856, 36.02271 ], [ -83.872776, 36.022627 ], [ -83.872374, 36.022193 ], [ -83.872213, 36.022004 ], [ -83.872073, 36.021824 ], [ -83.871901, 36.021587 ], [ -83.871693, 36.021276 ], [ -83.871427, 36.020866 ], [ -83.871391, 36.020813 ], [ -83.870945, 36.020149 ], [ -83.870906, 36.020092 ], [ -83.870879, 36.020052 ], [ -83.870788, 36.019927 ], [ -83.870748, 36.019873 ], [ -83.870516, 36.019547 ], [ -83.870197, 36.019097 ], [ -83.869808, 36.018601 ], [ -83.869798, 36.018589 ], [ -83.86954, 36.018285 ], [ -83.869473, 36.018204 ], [ -83.86942, 36.018136 ], [ -83.869129, 36.017755 ], [ -83.869073, 36.017681 ], [ -83.868959, 36.017529 ], [ -83.868825, 36.017349 ], [ -83.868423, 36.01681 ], [ -83.868341, 36.0167 ], [ -83.868328, 36.016677 ], [ -83.868311, 36.016619 ], [ -83.868312, 36.01656 ], [ -83.868331, 36.016502 ], [ -83.868367, 36.01645 ], [ -83.868507, 36.016329 ], [ -83.868869, 36.016021 ], [ -83.868951, 36.015934 ], [ -83.869021, 36.01584 ], [ -83.869079, 36.015741 ], [ -83.869184, 36.015483 ], [ -83.869213, 36.015414 ], [ -83.869217, 36.015389 ], [ -83.869222, 36.015288 ], [ -83.869212, 36.01523 ], [ -83.869176, 36.015128 ], [ -83.869142, 36.015059 ], [ -83.869061, 36.014941 ], [ -83.868993, 36.014841 ], [ -83.868668, 36.014413 ], [ -83.868536, 36.014239 ], [ -83.868449, 36.014125 ], [ -83.868328, 36.013961 ], [ -83.867713, 36.013122 ], [ -83.867707, 36.013113 ], [ -83.867513, 36.01284 ], [ -83.867299, 36.012994 ], [ -83.86666, 36.013457 ], [ -83.866447, 36.013612 ], [ -83.864525, 36.015005 ], [ -83.862387, 36.016546 ], [ -83.862057, 36.016756 ], [ -83.861807, 36.016922 ], [ -83.86161, 36.017037 ], [ -83.861435, 36.017128 ], [ -83.861298, 36.017189 ], [ -83.860896, 36.017343 ], [ -83.859392, 36.01797 ], [ -83.859626, 36.018193 ], [ -83.859662, 36.018248 ], [ -83.859672, 36.018307 ], [ -83.859655, 36.018373 ], [ -83.85951, 36.01857 ], [ -83.859322, 36.01881 ], [ -83.859149, 36.019052 ], [ -83.859053, 36.019263 ], [ -83.85901, 36.019379 ], [ -83.858973, 36.019548 ], [ -83.858856, 36.019643 ], [ -83.85881, 36.01968 ], [ -83.858748, 36.01973 ], [ -83.858688, 36.019778 ], [ -83.858491, 36.019937 ], [ -83.858295, 36.020084 ], [ -83.857948, 36.020339 ], [ -83.857844, 36.02043 ], [ -83.857743, 36.02053 ], [ -83.857687, 36.020593 ], [ -83.857432, 36.020916 ], [ -83.857341, 36.021016 ], [ -83.857255, 36.021086 ], [ -83.857164, 36.021145 ], [ -83.857093, 36.021178 ], [ -83.85707, 36.021188 ], [ -83.857001, 36.021218 ], [ -83.856978, 36.021228 ], [ -83.856921, 36.021219 ], [ -83.856815, 36.021202 ], [ -83.856532, 36.021156 ], [ -83.855857, 36.02112 ], [ -83.855374, 36.021155 ], [ -83.854873, 36.021266 ], [ -83.854239, 36.021458 ], [ -83.853667, 36.021674 ], [ -83.852735, 36.022026 ], [ -83.852592, 36.022069 ], [ -83.851507, 36.022403 ], [ -83.851361, 36.022465 ], [ -83.850923, 36.022653 ], [ -83.850778, 36.022716 ], [ -83.85076, 36.022728 ], [ -83.850708, 36.022763 ], [ -83.850691, 36.022776 ], [ -83.850701, 36.022734 ], [ -83.85073, 36.022629 ], [ -83.850736, 36.022611 ], [ -83.850751, 36.022571 ], [ -83.850789, 36.022465 ], [ -83.8508, 36.022435 ], [ -83.850885, 36.022246 ], [ -83.850932, 36.02216 ], [ -83.850987, 36.022062 ], [ -83.850889, 36.02202 ], [ -83.850877, 36.022015 ], [ -83.850708, 36.021943 ], [ -83.850633, 36.021927 ], [ -83.850556, 36.021924 ], [ -83.850537, 36.021926 ], [ -83.850479, 36.021933 ], [ -83.850422, 36.021951 ], [ -83.850406, 36.021956 ], [ -83.850341, 36.02199 ], [ -83.849924, 36.022336 ], [ -83.849679, 36.022518 ], [ -83.849582, 36.022576 ], [ -83.849571, 36.022581 ], [ -83.84948, 36.022627 ], [ -83.849374, 36.022673 ], [ -83.849264, 36.022713 ], [ -83.849019, 36.02278 ], [ -83.846879, 36.023263 ], [ -83.846488, 36.023354 ], [ -83.84645, 36.023364 ], [ -83.846101, 36.023441 ], [ -83.845486, 36.023577 ], [ -83.845452, 36.023585 ], [ -83.844828, 36.023728 ], [ -83.844812, 36.023732 ], [ -83.844676, 36.023769 ], [ -83.844535, 36.023816 ], [ -83.844398, 36.023871 ], [ -83.844265, 36.023932 ], [ -83.844138, 36.024001 ], [ -83.843873, 36.024175 ], [ -83.84372, 36.024277 ], [ -83.84316, 36.024651 ], [ -83.842919, 36.024813 ], [ -83.842626, 36.025002 ], [ -83.842542, 36.025056 ], [ -83.842292, 36.025217 ], [ -83.842209, 36.025272 ], [ -83.841967, 36.025454 ], [ -83.842234, 36.025474 ], [ -83.841376, 36.025835 ], [ -83.840159, 36.025949 ], [ -83.840069, 36.025965 ], [ -83.836579, 36.026284 ], [ -83.834641, 36.026465 ], [ -83.834654, 36.026407 ], [ -83.834752, 36.026156 ], [ -83.83479, 36.026101 ], [ -83.834819, 36.026067 ], [ -83.834914, 36.02591 ], [ -83.834938, 36.025855 ], [ -83.834956, 36.025752 ], [ -83.834952, 36.025645 ], [ -83.834944, 36.025611 ], [ -83.834881, 36.025443 ], [ -83.834865, 36.02535 ], [ -83.834864, 36.02534 ], [ -83.834865, 36.025154 ], [ -83.834841, 36.025079 ], [ -83.83479, 36.024989 ], [ -83.834748, 36.024934 ], [ -83.83468, 36.024879 ], [ -83.834622, 36.024852 ], [ -83.834402, 36.024776 ], [ -83.834301, 36.024721 ], [ -83.834123, 36.024603 ], [ -83.83404, 36.024528 ], [ -83.834023, 36.024494 ], [ -83.833989, 36.024452 ], [ -83.833931, 36.024308 ], [ -83.833889, 36.02419 ], [ -83.83387, 36.024093 ], [ -83.833855, 36.024053 ], [ -83.83384, 36.023902 ], [ -83.833811, 36.023741 ], [ -83.833794, 36.023679 ], [ -83.833781, 36.023649 ], [ -83.833748, 36.023503 ], [ -83.833723, 36.023421 ], [ -83.833681, 36.023373 ], [ -83.833664, 36.023339 ], [ -83.833571, 36.023222 ], [ -83.833437, 36.023071 ], [ -83.833353, 36.022985 ], [ -83.833066, 36.022753 ], [ -83.832973, 36.022699 ], [ -83.832923, 36.022685 ], [ -83.83286, 36.022681 ], [ -83.832674, 36.022688 ], [ -83.832619, 36.022698 ], [ -83.832523, 36.022723 ], [ -83.83234, 36.022772 ], [ -83.832289, 36.02278 ], [ -83.832247, 36.022794 ], [ -83.83207, 36.022793 ], [ -83.831952, 36.022765 ], [ -83.831833, 36.022717 ], [ -83.831648, 36.022586 ], [ -83.83159, 36.022538 ], [ -83.831379, 36.022325 ], [ -83.831276, 36.022238 ], [ -83.831174, 36.022152 ], [ -83.831253, 36.022038 ], [ -83.831353, 36.021896 ], [ -83.831406, 36.021798 ], [ -83.831521, 36.021605 ], [ -83.831584, 36.021511 ], [ -83.831826, 36.021211 ], [ -83.831873, 36.021111 ], [ -83.831888, 36.02104 ], [ -83.831889, 36.021012 ], [ -83.831885, 36.020933 ], [ -83.831873, 36.020863 ], [ -83.831844, 36.020758 ], [ -83.831789, 36.020622 ], [ -83.831843, 36.020565 ], [ -83.83194, 36.020445 ], [ -83.832187, 36.020025 ], [ -83.832418, 36.019678 ], [ -83.832501, 36.019506 ], [ -83.832548, 36.019412 ], [ -83.832575, 36.019344 ], [ -83.832591, 36.019274 ], [ -83.832633, 36.019135 ], [ -83.832668, 36.018995 ], [ -83.83269, 36.018745 ], [ -83.832687, 36.018638 ], [ -83.832638, 36.018212 ], [ -83.832607, 36.018035 ], [ -83.832565, 36.017896 ], [ -83.832503, 36.017724 ], [ -83.832376, 36.017457 ], [ -83.832302, 36.017327 ], [ -83.832239, 36.017233 ], [ -83.832189, 36.017174 ], [ -83.832006, 36.016928 ], [ -83.831969, 36.016864 ], [ -83.831767, 36.016545 ], [ -83.831569, 36.016265 ], [ -83.831497, 36.016175 ], [ -83.831409, 36.01605 ], [ -83.831321, 36.015937 ], [ -83.831315, 36.015929 ], [ -83.831183, 36.015785 ], [ -83.83093, 36.015535 ], [ -83.830722, 36.015302 ], [ -83.830659, 36.015225 ], [ -83.830552, 36.015092 ], [ -83.830507, 36.015031 ], [ -83.830464, 36.014981 ], [ -83.830437, 36.01495 ], [ -83.830427, 36.014937 ], [ -83.830388, 36.01488 ], [ -83.830315, 36.01479 ], [ -83.830055, 36.014415 ], [ -83.829936, 36.014223 ], [ -83.8299, 36.014158 ], [ -83.829804, 36.013958 ], [ -83.829747, 36.013822 ], [ -83.829677, 36.013671 ], [ -83.829607, 36.013521 ], [ -83.829524, 36.013355 ], [ -83.829337, 36.012954 ], [ -83.829299, 36.012889 ], [ -83.829192, 36.012732 ], [ -83.829144, 36.012672 ], [ -83.829034, 36.012553 ], [ -83.828826, 36.012026 ], [ -83.82874, 36.011823 ], [ -83.828692, 36.011723 ], [ -83.82844, 36.011113 ], [ -83.828314, 36.010846 ], [ -83.827999, 36.010215 ], [ -83.82771, 36.009771 ], [ -83.827672, 36.009707 ], [ -83.82768, 36.009691 ], [ -83.827743, 36.009576 ], [ -83.8278, 36.00944 ], [ -83.827843, 36.009302 ], [ -83.827867, 36.009176 ], [ -83.827901, 36.00911 ], [ -83.82794, 36.00902 ], [ -83.827973, 36.0089 ], [ -83.827981, 36.008793 ], [ -83.827966, 36.008723 ], [ -83.82792, 36.008585 ], [ -83.827873, 36.008485 ], [ -83.827829, 36.008423 ], [ -83.827778, 36.008364 ], [ -83.827749, 36.008337 ], [ -83.827736, 36.008327 ], [ -83.827707, 36.008304 ], [ -83.827269, 36.008421 ], [ -83.827174, 36.008446 ], [ -83.827118, 36.008461 ], [ -83.826889, 36.008521 ], [ -83.826795, 36.008547 ], [ -83.82662, 36.008593 ], [ -83.826095, 36.008733 ], [ -83.825921, 36.00878 ], [ -83.825904, 36.008762 ], [ -83.825887, 36.008727 ], [ -83.825869, 36.008706 ], [ -83.825833, 36.008664 ], [ -83.825824, 36.008651 ], [ -83.825795, 36.008597 ], [ -83.825752, 36.008548 ], [ -83.825715, 36.008481 ], [ -83.825585, 36.008439 ], [ -83.825365, 36.008101 ], [ -83.824942, 36.007451 ], [ -83.82482, 36.007264 ], [ -83.82453, 36.006799 ], [ -83.824221, 36.00634 ], [ -83.824048, 36.006066 ], [ -83.823876, 36.005852 ], [ -83.823808, 36.005722 ], [ -83.823732, 36.005567 ], [ -83.82364, 36.005365 ], [ -83.823571, 36.005233 ], [ -83.82341, 36.004943 ], [ -83.823244, 36.004561 ], [ -83.823106, 36.00422 ], [ -83.823089, 36.004172 ], [ -83.823056, 36.004081 ], [ -83.822968, 36.003873 ], [ -83.822914, 36.003733 ], [ -83.822899, 36.003551 ], [ -83.822863, 36.003156 ], [ -83.822882, 36.002913 ], [ -83.822942, 36.00215 ], [ -83.822998, 36.001405 ], [ -83.823011, 36.001031 ], [ -83.823046, 36.000896 ], [ -83.82313, 36.000577 ], [ -83.823189, 36.000372 ], [ -83.82323, 36.000239 ], [ -83.823254, 36.00019 ], [ -83.823306, 36.000084 ], [ -83.82338, 35.999931 ], [ -83.823405, 35.99988 ], [ -83.823416, 35.999844 ], [ -83.823429, 35.999802 ], [ -83.823439, 35.999771 ], [ -83.823455, 35.99972 ], [ -83.823467, 35.999682 ], [ -83.823479, 35.999662 ], [ -83.823536, 35.999564 ], [ -83.823579, 35.999492 ], [ -83.823601, 35.999453 ], [ -83.823759, 35.999166 ], [ -83.823813, 35.999117 ], [ -83.82394, 35.999006 ], [ -83.824124, 35.998852 ], [ -83.824288, 35.998728 ], [ -83.824348, 35.998658 ], [ -83.824506, 35.99846 ], [ -83.824678, 35.998219 ], [ -83.824829, 35.99807 ], [ -83.825097, 35.997865 ], [ -83.825412, 35.997654 ], [ -83.825617, 35.997536 ], [ -83.825787, 35.997467 ], [ -83.825933, 35.997408 ], [ -83.826125, 35.997314 ], [ -83.826364, 35.997272 ], [ -83.82658, 35.997209 ], [ -83.826821, 35.99716 ], [ -83.82715, 35.997125 ], [ -83.827527, 35.997112 ], [ -83.827864, 35.997136 ], [ -83.828015, 35.997176 ], [ -83.828537, 35.997263 ], [ -83.828924, 35.997289 ], [ -83.829174, 35.99727 ], [ -83.829445, 35.997237 ], [ -83.829838, 35.997169 ], [ -83.829992, 35.997142 ], [ -83.830131, 35.997137 ], [ -83.830304, 35.997061 ], [ -83.830534, 35.99696 ], [ -83.830768, 35.996861 ], [ -83.830938, 35.99674 ], [ -83.831144, 35.9966 ], [ -83.831273, 35.996503 ], [ -83.831347, 35.996443 ], [ -83.831476, 35.996296 ], [ -83.831542, 35.996214 ], [ -83.831608, 35.996124 ], [ -83.831677, 35.996029 ], [ -83.831761, 35.995918 ], [ -83.831839, 35.995815 ], [ -83.831859, 35.995775 ], [ -83.83194, 35.995606 ], [ -83.832045, 35.995396 ], [ -83.832082, 35.99533 ], [ -83.832085, 35.995309 ], [ -83.832097, 35.995206 ], [ -83.832121, 35.995142 ], [ -83.832209, 35.994914 ], [ -83.832296, 35.99466 ], [ -83.832326, 35.994555 ], [ -83.832353, 35.994465 ], [ -83.832447, 35.994266 ], [ -83.832473, 35.994182 ], [ -83.832521, 35.994029 ], [ -83.832556, 35.993884 ], [ -83.832615, 35.993625 ], [ -83.832631, 35.993597 ], [ -83.832654, 35.993505 ], [ -83.832687, 35.993401 ], [ -83.832718, 35.993275 ], [ -83.832751, 35.993143 ], [ -83.832763, 35.993078 ], [ -83.832799, 35.992855 ], [ -83.832838, 35.992618 ], [ -83.832884, 35.992388 ], [ -83.832923, 35.992182 ], [ -83.83294, 35.992067 ], [ -83.832943, 35.992046 ], [ -83.83298, 35.991942 ], [ -83.833049, 35.991767 ], [ -83.833074, 35.991672 ], [ -83.833132, 35.991452 ], [ -83.833164, 35.991327 ], [ -83.833181, 35.991248 ], [ -83.833197, 35.991192 ], [ -83.833224, 35.991151 ], [ -83.833279, 35.991117 ], [ -83.833311, 35.991097 ], [ -83.833359, 35.991038 ], [ -83.83337, 35.991001 ], [ -83.833388, 35.99093 ], [ -83.83342, 35.990832 ], [ -83.833449, 35.990743 ], [ -83.833493, 35.990639 ], [ -83.833532, 35.990555 ], [ -83.833581, 35.990421 ], [ -83.833618, 35.990316 ], [ -83.83368, 35.990218 ], [ -83.833768, 35.990078 ], [ -83.833893, 35.989895 ], [ -83.83403, 35.989705 ], [ -83.834138, 35.989576 ], [ -83.834266, 35.989438 ], [ -83.834409, 35.989285 ], [ -83.834519, 35.989166 ], [ -83.834616, 35.989094 ], [ -83.834765, 35.988992 ], [ -83.834917, 35.988887 ], [ -83.835091, 35.988767 ], [ -83.835269, 35.988698 ], [ -83.835394, 35.98865 ], [ -83.835662, 35.988524 ], [ -83.835785, 35.988497 ], [ -83.835863, 35.988468 ], [ -83.836117, 35.988418 ], [ -83.836284, 35.988385 ], [ -83.836552, 35.988396 ], [ -83.836666, 35.988391 ], [ -83.836789, 35.988385 ], [ -83.836866, 35.988373 ], [ -83.837128, 35.988334 ], [ -83.837183, 35.988322 ], [ -83.837394, 35.988274 ], [ -83.837548, 35.988232 ], [ -83.837752, 35.988165 ], [ -83.838021, 35.988092 ], [ -83.838197, 35.988045 ], [ -83.838443, 35.987963 ], [ -83.838722, 35.987867 ], [ -83.838909, 35.987799 ], [ -83.839205, 35.987687 ], [ -83.839364, 35.987627 ], [ -83.839697, 35.987538 ], [ -83.839947, 35.987474 ], [ -83.840185, 35.987413 ], [ -83.840462, 35.987332 ], [ -83.840574, 35.987299 ], [ -83.84074, 35.98727 ], [ -83.840866, 35.987247 ], [ -83.841052, 35.987215 ], [ -83.841256, 35.987202 ], [ -83.841367, 35.987196 ], [ -83.841439, 35.987192 ], [ -83.841574, 35.987183 ], [ -83.841696, 35.987176 ], [ -83.841761, 35.987183 ], [ -83.841959, 35.987205 ], [ -83.842256, 35.987238 ], [ -83.84277, 35.987375 ], [ -83.843058, 35.987565 ], [ -83.843364, 35.987761 ], [ -83.84383, 35.987942 ], [ -83.844009, 35.987987 ], [ -83.844171, 35.988027 ], [ -83.844394, 35.988107 ], [ -83.844481, 35.988138 ], [ -83.844591, 35.988178 ], [ -83.844862, 35.988271 ], [ -83.844993, 35.988316 ], [ -83.845085, 35.988347 ], [ -83.845186, 35.988375 ], [ -83.845344, 35.988418 ], [ -83.845536, 35.988471 ], [ -83.845672, 35.988508 ], [ -83.845858, 35.98854 ], [ -83.845941, 35.988555 ], [ -83.846045, 35.988572 ], [ -83.846169, 35.988594 ], [ -83.846292, 35.988617 ], [ -83.846391, 35.988637 ], [ -83.846504, 35.988659 ], [ -83.84661, 35.98868 ], [ -83.846719, 35.988697 ], [ -83.846785, 35.988706 ], [ -83.846869, 35.988714 ], [ -83.847047, 35.988731 ], [ -83.847251, 35.988749 ], [ -83.847304, 35.988754 ], [ -83.847331, 35.988757 ], [ -83.847403, 35.988767 ], [ -83.847635, 35.988803 ], [ -83.847754, 35.988822 ], [ -83.847948, 35.988852 ], [ -83.848031, 35.988865 ], [ -83.848334, 35.988895 ], [ -83.848414, 35.988903 ], [ -83.848508, 35.988919 ], [ -83.848582, 35.988932 ], [ -83.848762, 35.988964 ], [ -83.84886, 35.988981 ], [ -83.848989, 35.989003 ], [ -83.849096, 35.989022 ], [ -83.849228, 35.989042 ], [ -83.849565, 35.989093 ], [ -83.84968, 35.989117 ], [ -83.849984, 35.989134 ], [ -83.850127, 35.989144 ], [ -83.850593, 35.98922 ], [ -83.850979, 35.989264 ], [ -83.85117, 35.989266 ], [ -83.851764, 35.989273 ], [ -83.852103, 35.98924 ], [ -83.852492, 35.989197 ], [ -83.852991, 35.989084 ], [ -83.853248, 35.989002 ], [ -83.853873, 35.988764 ], [ -83.854119, 35.988663 ], [ -83.854399, 35.988532 ], [ -83.854643, 35.988374 ], [ -83.854839, 35.988233 ], [ -83.855052, 35.988064 ], [ -83.8553, 35.987844 ], [ -83.855512, 35.987608 ], [ -83.855687, 35.987407 ], [ -83.855834, 35.987233 ], [ -83.855973, 35.987049 ], [ -83.856048, 35.986912 ], [ -83.856153, 35.986726 ], [ -83.85621, 35.986652 ], [ -83.856272, 35.986581 ], [ -83.856317, 35.986497 ], [ -83.856363, 35.986385 ], [ -83.856437, 35.986257 ], [ -83.856511, 35.986132 ], [ -83.856586, 35.985997 ], [ -83.856667, 35.985862 ], [ -83.856694, 35.985817 ], [ -83.856797, 35.98564 ], [ -83.856866, 35.985489 ], [ -83.856919, 35.985353 ], [ -83.856958, 35.985223 ], [ -83.857015, 35.985016 ], [ -83.857023, 35.984982 ], [ -83.857048, 35.984865 ], [ -83.857046, 35.984838 ], [ -83.857082, 35.984787 ], [ -83.85711, 35.984699 ], [ -83.857121, 35.984631 ], [ -83.857131, 35.984579 ], [ -83.857152, 35.984457 ], [ -83.857191, 35.984238 ], [ -83.857197, 35.98409 ], [ -83.857206, 35.984077 ], [ -83.857227, 35.984022 ], [ -83.857243, 35.983937 ], [ -83.857254, 35.983859 ], [ -83.857252, 35.983786 ], [ -83.857255, 35.983752 ], [ -83.857255, 35.983687 ], [ -83.857255, 35.983616 ], [ -83.857249, 35.983514 ], [ -83.857229, 35.983399 ], [ -83.857221, 35.983355 ], [ -83.857196, 35.983292 ], [ -83.85717, 35.983249 ], [ -83.857156, 35.983193 ], [ -83.857146, 35.983156 ], [ -83.857098, 35.982957 ], [ -83.85704, 35.982763 ], [ -83.857005, 35.982522 ], [ -83.856982, 35.982381 ], [ -83.856949, 35.982252 ], [ -83.856934, 35.982193 ], [ -83.8569, 35.982054 ], [ -83.85685, 35.98189 ], [ -83.856799, 35.981753 ], [ -83.856765, 35.981604 ], [ -83.856631, 35.981259 ], [ -83.856466, 35.981001 ], [ -83.85635, 35.980844 ], [ -83.856208, 35.98071 ], [ -83.856107, 35.980593 ], [ -83.855905, 35.980392 ], [ -83.855688, 35.980194 ], [ -83.855463, 35.979985 ], [ -83.855302, 35.979814 ], [ -83.855172, 35.979674 ], [ -83.855035, 35.979469 ], [ -83.854919, 35.979278 ], [ -83.854782, 35.979077 ], [ -83.854663, 35.978919 ], [ -83.854557, 35.978663 ], [ -83.854399, 35.978396 ], [ -83.85433, 35.97826 ], [ -83.854183, 35.977915 ], [ -83.854112, 35.977775 ], [ -83.854046, 35.977606 ], [ -83.853985, 35.977491 ], [ -83.853876, 35.977287 ], [ -83.853834, 35.977201 ], [ -83.853796, 35.977125 ], [ -83.853685, 35.976942 ], [ -83.8536, 35.976786 ], [ -83.853546, 35.97666 ], [ -83.853472, 35.976492 ], [ -83.853393, 35.976313 ], [ -83.853368, 35.976263 ], [ -83.853344, 35.976216 ], [ -83.853246, 35.976016 ], [ -83.853162, 35.975839 ], [ -83.853074, 35.975653 ], [ -83.852992, 35.975466 ], [ -83.852908, 35.975305 ], [ -83.852847, 35.975181 ], [ -83.852773, 35.975021 ], [ -83.85272, 35.974894 ], [ -83.852648, 35.974738 ], [ -83.852575, 35.974595 ], [ -83.852505, 35.974459 ], [ -83.852429, 35.974312 ], [ -83.852361, 35.974183 ], [ -83.852318, 35.974076 ], [ -83.852259, 35.97397 ], [ -83.852194, 35.973889 ], [ -83.852155, 35.97378 ], [ -83.852089, 35.97363 ], [ -83.852003, 35.973463 ], [ -83.851905, 35.973291 ], [ -83.851825, 35.973139 ], [ -83.851748, 35.972983 ], [ -83.851659, 35.972828 ], [ -83.851573, 35.972662 ], [ -83.85147, 35.972501 ], [ -83.851399, 35.972349 ], [ -83.851319, 35.972197 ], [ -83.851278, 35.972102 ], [ -83.85121, 35.971959 ], [ -83.851167, 35.971864 ], [ -83.851038, 35.971684 ], [ -83.850953, 35.971564 ], [ -83.850811, 35.971353 ], [ -83.850633, 35.971054 ], [ -83.850466, 35.970799 ], [ -83.850348, 35.970592 ], [ -83.850253, 35.970333 ], [ -83.850158, 35.970108 ], [ -83.850092, 35.969818 ], [ -83.850075, 35.969697 ], [ -83.850056, 35.969536 ], [ -83.850054, 35.969334 ], [ -83.850054, 35.969288 ], [ -83.850081, 35.969088 ], [ -83.850135, 35.968909 ], [ -83.85015, 35.968791 ], [ -83.850156, 35.968654 ], [ -83.850173, 35.96856 ], [ -83.850249, 35.96838 ], [ -83.850314, 35.968226 ], [ -83.85035, 35.968091 ], [ -83.850393, 35.967947 ], [ -83.85044, 35.967843 ], [ -83.850491, 35.967682 ], [ -83.850543, 35.967474 ], [ -83.850568, 35.96732 ], [ -83.850586, 35.967158 ], [ -83.850566, 35.96697 ], [ -83.850491, 35.966717 ], [ -83.850474, 35.966559 ], [ -83.850456, 35.966398 ], [ -83.850425, 35.966213 ], [ -83.850377, 35.966019 ], [ -83.85034, 35.965861 ], [ -83.85026, 35.965588 ], [ -83.850194, 35.965365 ], [ -83.850095, 35.96499 ], [ -83.850032, 35.964785 ], [ -83.849987, 35.964552 ], [ -83.849949, 35.964358 ], [ -83.849937, 35.964151 ], [ -83.849926, 35.963921 ], [ -83.849865, 35.963662 ], [ -83.849827, 35.963346 ], [ -83.849771, 35.963075 ], [ -83.84973, 35.962844 ], [ -83.849693, 35.96268 ], [ -83.849684, 35.962458 ], [ -83.84965, 35.962272 ], [ -83.849613, 35.962095 ], [ -83.84958, 35.961931 ], [ -83.849559, 35.9618 ], [ -83.849526, 35.961692 ], [ -83.849501, 35.961622 ], [ -83.849496, 35.961586 ], [ -83.849495, 35.961445 ], [ -83.849479, 35.961319 ], [ -83.849467, 35.96123 ], [ -83.849444, 35.961042 ], [ -83.849436, 35.960828 ], [ -83.849441, 35.960656 ], [ -83.849461, 35.960582 ], [ -83.849484, 35.960505 ], [ -83.849474, 35.960412 ], [ -83.849468, 35.960359 ], [ -83.849463, 35.960318 ], [ -83.849472, 35.960247 ], [ -83.849482, 35.960175 ], [ -83.849512, 35.960093 ], [ -83.849535, 35.960034 ], [ -83.849554, 35.959947 ], [ -83.849549, 35.959872 ], [ -83.849542, 35.959847 ], [ -83.849521, 35.959827 ], [ -83.849484, 35.959794 ], [ -83.849379, 35.959773 ], [ -83.849413, 35.959086 ], [ -83.849666, 35.959035 ], [ -83.850396, 35.958756 ], [ -83.850716, 35.958628 ], [ -83.851046, 35.958388 ], [ -83.85153, 35.958016 ], [ -83.851629, 35.957944 ], [ -83.852175, 35.957472 ], [ -83.852746, 35.957018 ], [ -83.852878, 35.956922 ], [ -83.853257, 35.956671 ], [ -83.853715, 35.956385 ], [ -83.854119, 35.956161 ], [ -83.854578, 35.955939 ], [ -83.85481, 35.955831 ], [ -83.855208, 35.955667 ], [ -83.855625, 35.955538 ], [ -83.85582, 35.955461 ], [ -83.855992, 35.955422 ], [ -83.856329, 35.955326 ], [ -83.856717, 35.955239 ], [ -83.856843, 35.955202 ], [ -83.857019, 35.955143 ], [ -83.857681, 35.955055 ], [ -83.858213, 35.955 ], [ -83.858392, 35.954988 ], [ -83.858615, 35.955001 ], [ -83.858837, 35.955019 ], [ -83.859417, 35.955054 ], [ -83.859594, 35.955075 ], [ -83.859945, 35.955133 ], [ -83.860385, 35.955199 ], [ -83.860644, 35.955255 ], [ -83.860771, 35.955289 ], [ -83.861108, 35.955394 ], [ -83.861198, 35.95523 ], [ -83.861311, 35.955069 ], [ -83.861352, 35.955004 ], [ -83.861384, 35.954939 ], [ -83.861402, 35.954873 ], [ -83.861402, 35.95484 ], [ -83.861396, 35.954806 ], [ -83.861368, 35.954735 ], [ -83.861283, 35.95457 ], [ -83.861286, 35.954502 ], [ -83.861299, 35.954301 ], [ -83.861304, 35.954234 ], [ -83.86127, 35.953883 ], [ -83.861277, 35.953746 ], [ -83.861196, 35.953619 ], [ -83.861216, 35.953559 ], [ -83.861432, 35.953526 ], [ -83.861547, 35.953454 ], [ -83.861575, 35.953448 ], [ -83.86179, 35.95341 ], [ -83.86202, 35.953449 ], [ -83.862297, 35.953454 ], [ -83.862493, 35.953372 ], [ -83.862641, 35.95324 ], [ -83.862891, 35.95324 ], [ -83.863134, 35.953261 ], [ -83.86335, 35.95325 ], [ -83.863472, 35.953184 ], [ -83.863526, 35.952624 ], [ -83.86364, 35.952465 ], [ -83.863991, 35.952185 ], [ -83.864048, 35.952153 ], [ -83.864221, 35.952058 ], [ -83.864423, 35.952025 ], [ -83.86464, 35.952014 ], [ -83.865051, 35.952047 ], [ -83.865102, 35.952026 ], [ -83.865109, 35.952043 ], [ -83.865134, 35.952087 ], [ -83.865241, 35.952272 ], [ -83.865277, 35.952326 ], [ -83.865423, 35.952223 ], [ -83.865572, 35.95212 ], [ -83.865861, 35.951913 ], [ -83.866007, 35.95181 ], [ -83.866699, 35.951283 ], [ -83.86696, 35.951062 ], [ -83.86718, 35.950777 ], [ -83.867379, 35.950327 ], [ -83.867545, 35.949982 ], [ -83.867727, 35.949607 ], [ -83.86792, 35.949313 ], [ -83.868085, 35.949148 ], [ -83.868491, 35.948899 ], [ -83.868802, 35.948804 ], [ -83.869079, 35.948767 ], [ -83.86964, 35.948755 ], [ -83.870056, 35.948784 ], [ -83.87072, 35.948805 ], [ -83.873503, 35.949369 ], [ -83.874015, 35.949443 ], [ -83.874272, 35.949445 ], [ -83.874484, 35.949448 ], [ -83.874994, 35.949435 ], [ -83.875472, 35.949424 ], [ -83.875889, 35.949488 ], [ -83.876259, 35.94962 ], [ -83.876625, 35.949849 ], [ -83.876744, 35.949982 ], [ -83.876816, 35.950063 ], [ -83.877072, 35.950408 ], [ -83.87718, 35.950553 ], [ -83.877244, 35.950723 ], [ -83.877346, 35.950995 ], [ -83.877425, 35.951241 ], [ -83.877481, 35.951415 ], [ -83.877726, 35.951288 ], [ -83.878179, 35.951056 ], [ -83.878463, 35.950914 ], [ -83.878528, 35.950882 ], [ -83.878602, 35.950838 ], [ -83.878686, 35.950756 ], [ -83.878782, 35.950697 ], [ -83.878806, 35.950685 ], [ -83.878836, 35.950672 ], [ -83.878882, 35.950655 ], [ -83.878968, 35.950638 ], [ -83.87904, 35.95064 ], [ -83.879109, 35.950656 ], [ -83.879172, 35.950685 ], [ -83.87923, 35.950732 ], [ -83.879262, 35.950776 ], [ -83.879271, 35.950672 ], [ -83.879298, 35.950363 ], [ -83.879308, 35.95026 ], [ -83.879315, 35.950182 ], [ -83.879327, 35.950074 ], [ -83.879335, 35.950038 ], [ -83.879361, 35.949955 ], [ -83.879386, 35.949882 ], [ -83.879419, 35.94958 ], [ -83.879456, 35.949245 ], [ -83.879521, 35.948675 ], [ -83.879538, 35.94853 ], [ -83.879551, 35.948373 ], [ -83.879569, 35.948162 ], [ -83.879588, 35.947949 ], [ -83.879628, 35.94753 ], [ -83.879649, 35.94732 ], [ -83.880085, 35.947345 ], [ -83.880874, 35.947392 ], [ -83.881396, 35.947427 ], [ -83.881833, 35.947458 ], [ -83.881846, 35.947128 ], [ -83.881846, 35.946983 ], [ -83.881848, 35.946834 ], [ -83.881866, 35.94654 ], [ -83.881923, 35.945839 ], [ -83.881953, 35.945564 ], [ -83.881968, 35.945433 ], [ -83.88199, 35.945092 ], [ -83.882028, 35.944744 ], [ -83.882085, 35.944241 ], [ -83.88213, 35.943701 ], [ -83.882132, 35.943685 ], [ -83.882118, 35.943558 ], [ -83.882092, 35.94346 ], [ -83.882054, 35.943364 ], [ -83.882424, 35.943435 ], [ -83.883336, 35.943611 ], [ -83.883539, 35.943637 ], [ -83.883909, 35.943717 ], [ -83.884109, 35.94375 ], [ -83.884358, 35.943792 ], [ -83.884708, 35.943856 ], [ -83.884907, 35.9439 ], [ -83.885173, 35.943949 ], [ -83.885973, 35.944098 ], [ -83.88624, 35.944148 ], [ -83.886423, 35.944182 ], [ -83.886974, 35.944286 ], [ -83.887158, 35.944321 ], [ -83.88736, 35.944359 ], [ -83.887968, 35.944473 ], [ -83.888171, 35.944512 ], [ -83.888281, 35.944533 ], [ -83.888647, 35.944609 ], [ -83.88942, 35.944778 ], [ -83.889603, 35.944818 ], [ -83.88963, 35.94463 ], [ -83.889676, 35.944412 ], [ -83.889756, 35.944041 ], [ -83.88982, 35.943727 ], [ -83.889979, 35.943209 ], [ -83.889989, 35.943116 ], [ -83.890017, 35.943068 ], [ -83.890087, 35.942991 ], [ -83.890168, 35.942922 ], [ -83.890384, 35.942769 ], [ -83.89094, 35.942364 ], [ -83.89102, 35.942302 ], [ -83.891065, 35.942288 ], [ -83.891112, 35.94229 ], [ -83.89119, 35.942301 ], [ -83.891234, 35.942307 ], [ -83.891245, 35.942241 ], [ -83.89125, 35.942217 ], [ -83.891267, 35.942042 ], [ -83.891271, 35.942011 ], [ -83.89127, 35.941976 ], [ -83.891268, 35.941914 ], [ -83.891249, 35.941784 ], [ -83.891213, 35.941656 ], [ -83.891204, 35.941635 ], [ -83.891124, 35.941442 ], [ -83.891085, 35.941367 ], [ -83.890829, 35.940756 ], [ -83.890802, 35.940672 ], [ -83.890797, 35.940653 ], [ -83.890778, 35.940548 ], [ -83.890773, 35.94042 ], [ -83.890783, 35.940327 ], [ -83.890796, 35.940275 ], [ -83.890809, 35.940239 ], [ -83.89083, 35.940186 ], [ -83.890889, 35.940075 ], [ -83.890944, 35.94 ], [ -83.890967, 35.939971 ], [ -83.891006, 35.939932 ], [ -83.891061, 35.939878 ], [ -83.89117, 35.939795 ], [ -83.891293, 35.939726 ], [ -83.891407, 35.939677 ], [ -83.891418, 35.939673 ], [ -83.892754, 35.939174 ], [ -83.892775, 35.939167 ], [ -83.892931, 35.939102 ], [ -83.893185, 35.938966 ], [ -83.893595, 35.938741 ], [ -83.894262, 35.938377 ], [ -83.894378, 35.93831 ], [ -83.894554, 35.938191 ], [ -83.894672, 35.938099 ], [ -83.894779, 35.937999 ], [ -83.894834, 35.937949 ], [ -83.895083, 35.937644 ], [ -83.895186, 35.937517 ], [ -83.895339, 35.937331 ], [ -83.895506, 35.937149 ], [ -83.895557, 35.937095 ], [ -83.895623, 35.937035 ], [ -83.895608, 35.937022 ], [ -83.895587, 35.937002 ], [ -83.895535, 35.936955 ], [ -83.89549, 35.936895 ], [ -83.895461, 35.936857 ], [ -83.895297, 35.936619 ], [ -83.895243, 35.936539 ], [ -83.895045, 35.93624 ], [ -83.894826, 35.935893 ], [ -83.894751, 35.935773 ], [ -83.894674, 35.935649 ], [ -83.894659, 35.935625 ], [ -83.894616, 35.935554 ], [ -83.894602, 35.935531 ], [ -83.89455, 35.935438 ], [ -83.894409, 35.935185 ], [ -83.894396, 35.935159 ], [ -83.894352, 35.935063 ], [ -83.894283, 35.934904 ], [ -83.894188, 35.934686 ], [ -83.894097, 35.934459 ], [ -83.894078, 35.934428 ], [ -83.894039, 35.934361 ], [ -83.893978, 35.934289 ], [ -83.893939, 35.934246 ], [ -83.893908, 35.934207 ], [ -83.893704, 35.933952 ], [ -83.89365, 35.933864 ], [ -83.893626, 35.933812 ], [ -83.893618, 35.933794 ], [ -83.893581, 35.933648 ], [ -83.893568, 35.933594 ], [ -83.893562, 35.933532 ], [ -83.893569, 35.933373 ], [ -83.893632, 35.933019 ], [ -83.89379, 35.932186 ], [ -83.8938, 35.932063 ], [ -83.893803, 35.931786 ], [ -83.893807, 35.931735 ], [ -83.893829, 35.931609 ], [ -83.893865, 35.931492 ], [ -83.894008, 35.931194 ], [ -83.894124, 35.930917 ], [ -83.89419, 35.930786 ], [ -83.894304, 35.930609 ], [ -83.894393, 35.930496 ], [ -83.894536, 35.930344 ], [ -83.89476, 35.930177 ], [ -83.895043, 35.929971 ], [ -83.895106, 35.929933 ], [ -83.89548, 35.929713 ], [ -83.895696, 35.929568 ], [ -83.895764, 35.929505 ], [ -83.895815, 35.929437 ], [ -83.895849, 35.929362 ], [ -83.895871, 35.929268 ], [ -83.895869, 35.929189 ], [ -83.895851, 35.92911 ], [ -83.895781, 35.928959 ], [ -83.895641, 35.928715 ], [ -83.895553, 35.928586 ], [ -83.895147, 35.928104 ], [ -83.89511, 35.928054 ], [ -83.895076, 35.928019 ], [ -83.895045, 35.927981 ], [ -83.894683, 35.927907 ], [ -83.893745, 35.927733 ], [ -83.892587, 35.927499 ], [ -83.891889, 35.927308 ], [ -83.891237, 35.927099 ], [ -83.891084, 35.927045 ], [ -83.890786, 35.926922 ], [ -83.890491, 35.926779 ], [ -83.890256, 35.926662 ], [ -83.890062, 35.926565 ], [ -83.889483, 35.926277 ], [ -83.88929, 35.926182 ], [ -83.888389, 35.925731 ], [ -83.88745, 35.925263 ], [ -83.88738, 35.925228 ], [ -83.885838, 35.924464 ], [ -83.885695, 35.924392 ], [ -83.884107, 35.9236 ], [ -83.882985, 35.92304 ], [ -83.882841, 35.922967 ], [ -83.882409, 35.922751 ], [ -83.882266, 35.922679 ], [ -83.881949, 35.92252 ], [ -83.881128, 35.922109 ], [ -83.880997, 35.922049 ], [ -83.88087, 35.921992 ], [ -83.880673, 35.921909 ], [ -83.880522, 35.921851 ], [ -83.880275, 35.921757 ], [ -83.880068, 35.921689 ], [ -83.879916, 35.92164 ], [ -83.879811, 35.921605 ], [ -83.879756, 35.921588 ], [ -83.879491, 35.921519 ], [ -83.879385, 35.921492 ], [ -83.879067, 35.921423 ], [ -83.878831, 35.921381 ], [ -83.878593, 35.921345 ], [ -83.878354, 35.921316 ], [ -83.878114, 35.921294 ], [ -83.877865, 35.921278 ], [ -83.877201, 35.921253 ], [ -83.877128, 35.921252 ], [ -83.87656, 35.921251 ], [ -83.875443, 35.92124 ], [ -83.875409, 35.921239 ], [ -83.875299, 35.921237 ], [ -83.875223, 35.921236 ], [ -83.869974, 35.921187 ], [ -83.867887, 35.92117 ], [ -83.86704, 35.921195 ], [ -83.866574, 35.921189 ], [ -83.865749, 35.921178 ], [ -83.865692, 35.921177 ], [ -83.865097, 35.921176 ], [ -83.864397, 35.921167 ], [ -83.863991, 35.92115 ], [ -83.863581, 35.921127 ], [ -83.863207, 35.921112 ], [ -83.863049, 35.921095 ], [ -83.862846, 35.921075 ], [ -83.862662, 35.92105 ], [ -83.862369, 35.920998 ], [ -83.862181, 35.92095 ], [ -83.86211, 35.920931 ], [ -83.861999, 35.920903 ], [ -83.861899, 35.920873 ], [ -83.86183, 35.920852 ], [ -83.861681, 35.920803 ], [ -83.861526, 35.920747 ], [ -83.861434, 35.920709 ], [ -83.861222, 35.920621 ], [ -83.861075, 35.920551 ], [ -83.86079, 35.9204 ], [ -83.860653, 35.920318 ], [ -83.860389, 35.920143 ], [ -83.860333, 35.920102 ], [ -83.860263, 35.92005 ], [ -83.860023, 35.919853 ], [ -83.860007, 35.919838 ], [ -83.859868, 35.919706 ], [ -83.859801, 35.919643 ], [ -83.859697, 35.919533 ], [ -83.859504, 35.919305 ], [ -83.859484, 35.91928 ], [ -83.859369, 35.919128 ], [ -83.859086, 35.918756 ], [ -83.85889, 35.918498 ], [ -83.858764, 35.918333 ], [ -83.858246, 35.917635 ], [ -83.857969, 35.91726 ], [ -83.857301, 35.91636 ], [ -83.856748, 35.915591 ], [ -83.856423, 35.915082 ], [ -83.856321, 35.914923 ], [ -83.856146, 35.914597 ], [ -83.855958, 35.914246 ], [ -83.855926, 35.914188 ], [ -83.855567, 35.913548 ], [ -83.855346, 35.913128 ], [ -83.855087, 35.912635 ], [ -83.854931, 35.912332 ], [ -83.854899, 35.912269 ], [ -83.854787, 35.912065 ], [ -83.854666, 35.911864 ], [ -83.854537, 35.911667 ], [ -83.854399, 35.911473 ], [ -83.854392, 35.911465 ], [ -83.854198, 35.911241 ], [ -83.854168, 35.91121 ], [ -83.854111, 35.911151 ], [ -83.85409, 35.911129 ], [ -83.853932, 35.910983 ], [ -83.853873, 35.910928 ], [ -83.853738, 35.910814 ], [ -83.853612, 35.910716 ], [ -83.853481, 35.910621 ], [ -83.853209, 35.910444 ], [ -83.853067, 35.910361 ], [ -83.852931, 35.91029 ], [ -83.852773, 35.910208 ], [ -83.852621, 35.910138 ], [ -83.852466, 35.910073 ], [ -83.852148, 35.909955 ], [ -83.851986, 35.909903 ], [ -83.851655, 35.909813 ], [ -83.851486, 35.909775 ], [ -83.850384, 35.909567 ], [ -83.849637, 35.909421 ], [ -83.84958, 35.90941 ], [ -83.84895, 35.909297 ], [ -83.848516, 35.909215 ], [ -83.848228, 35.90916 ], [ -83.847368, 35.908998 ], [ -83.847081, 35.908944 ], [ -83.846944, 35.908918 ], [ -83.846533, 35.90884 ], [ -83.846396, 35.908815 ], [ -83.845945, 35.908729 ], [ -83.845504, 35.908646 ], [ -83.844593, 35.908474 ], [ -83.844143, 35.908389 ], [ -83.844142, 35.908363 ], [ -83.84414, 35.908288 ], [ -83.84414, 35.908263 ], [ -83.844482, 35.908322 ], [ -83.844637, 35.908348 ], [ -83.844637, 35.908275 ], [ -83.844637, 35.908263 ], [ -83.845419, 35.908385 ], [ -83.845389, 35.908458 ], [ -83.84553, 35.908489 ], [ -83.845719, 35.908531 ], [ -83.845763, 35.908345 ], [ -83.845835, 35.908033 ], [ -83.84585, 35.907973 ], [ -83.84593, 35.90763 ], [ -83.845949, 35.907544 ], [ -83.846135, 35.907414 ], [ -83.846633, 35.907067 ], [ -83.846975, 35.906835 ], [ -83.84714, 35.906723 ], [ -83.847155, 35.906713 ], [ -83.847665, 35.906368 ], [ -83.848135, 35.90605 ], [ -83.848422, 35.906692 ], [ -83.848455, 35.906766 ], [ -83.849757, 35.907023 ], [ -83.85006, 35.907082 ], [ -83.850138, 35.907269 ], [ -83.850216, 35.907234 ], [ -83.850448, 35.907125 ], [ -83.850488, 35.907216 ], [ -83.850503, 35.90721 ], [ -83.851002, 35.906945 ], [ -83.851202, 35.907169 ], [ -83.850654, 35.90743 ], [ -83.850795, 35.907639 ], [ -83.850746, 35.907668 ], [ -83.8511, 35.908307 ], [ -83.850667, 35.908466 ], [ -83.850984, 35.909107 ], [ -83.850931, 35.909097 ], [ -83.850905, 35.909528 ], [ -83.851053, 35.909553 ], [ -83.851513, 35.909626 ], [ -83.851633, 35.909658 ], [ -83.851859, 35.90972 ], [ -83.851973, 35.909752 ], [ -83.852164, 35.909805 ], [ -83.852211, 35.909759 ], [ -83.852243, 35.909768 ], [ -83.852469, 35.909834 ], [ -83.852781, 35.909928 ], [ -83.853136, 35.910094 ], [ -83.853215, 35.910133 ], [ -83.853295, 35.910183 ], [ -83.853417, 35.91026 ], [ -83.853583, 35.910364 ], [ -83.853648, 35.910405 ], [ -83.853875, 35.910567 ], [ -83.85409, 35.910734 ], [ -83.854162, 35.910798 ], [ -83.854277, 35.910906 ], [ -83.85433, 35.910956 ], [ -83.854304, 35.910976 ], [ -83.854274, 35.911005 ], [ -83.854323, 35.911066 ], [ -83.854381, 35.911138 ], [ -83.854475, 35.911254 ], [ -83.854567, 35.911367 ], [ -83.85464, 35.911478 ], [ -83.854893, 35.911861 ], [ -83.855018, 35.912052 ], [ -83.855113, 35.912195 ], [ -83.855249, 35.912463 ], [ -83.855525, 35.913038 ], [ -83.855816, 35.913604 ], [ -83.856107, 35.913609 ], [ -83.856358, 35.914076 ], [ -83.856461, 35.914268 ], [ -83.856611, 35.914548 ], [ -83.856719, 35.914749 ], [ -83.85676, 35.914825 ], [ -83.856804, 35.914891 ], [ -83.856865, 35.914983 ], [ -83.856913, 35.915057 ], [ -83.85695, 35.915113 ], [ -83.857016, 35.915213 ], [ -83.857116, 35.915357 ], [ -83.857168, 35.915428 ], [ -83.857237, 35.915522 ], [ -83.857345, 35.915672 ], [ -83.857405, 35.915754 ], [ -83.857503, 35.915889 ], [ -83.857625, 35.916056 ], [ -83.857677, 35.916127 ], [ -83.857753, 35.916231 ], [ -83.857799, 35.916295 ], [ -83.857841, 35.916353 ], [ -83.857896, 35.916428 ], [ -83.857928, 35.916472 ], [ -83.857966, 35.916525 ], [ -83.858008, 35.916582 ], [ -83.858058, 35.916651 ], [ -83.858076, 35.916675 ], [ -83.858105, 35.916715 ], [ -83.858126, 35.916743 ], [ -83.858152, 35.916778 ], [ -83.858181, 35.916818 ], [ -83.858194, 35.916835 ], [ -83.858205, 35.916849 ], [ -83.858212, 35.91686 ], [ -83.858227, 35.916879 ], [ -83.858249, 35.916909 ], [ -83.858266, 35.916931 ], [ -83.858279, 35.916949 ], [ -83.858292, 35.916966 ], [ -83.858308, 35.916988 ], [ -83.858323, 35.917007 ], [ -83.858337, 35.917026 ], [ -83.858353, 35.917047 ], [ -83.858367, 35.917066 ], [ -83.858383, 35.917089 ], [ -83.858397, 35.917107 ], [ -83.858411, 35.917126 ], [ -83.858434, 35.917157 ], [ -83.858456, 35.917185 ], [ -83.858471, 35.917206 ], [ -83.858486, 35.917226 ], [ -83.858516, 35.917266 ], [ -83.858532, 35.917288 ], [ -83.858552, 35.917314 ], [ -83.858565, 35.917332 ], [ -83.858577, 35.917348 ], [ -83.858593, 35.91737 ], [ -83.85861, 35.917392 ], [ -83.858629, 35.917418 ], [ -83.85865, 35.917446 ], [ -83.858674, 35.917478 ], [ -83.85869, 35.917499 ], [ -83.858714, 35.917532 ], [ -83.858733, 35.917558 ], [ -83.85877, 35.917607 ], [ -83.858792, 35.917636 ], [ -83.858814, 35.917666 ], [ -83.85884, 35.9177 ], [ -83.85886, 35.917727 ], [ -83.85888, 35.917754 ], [ -83.858901, 35.917783 ], [ -83.858928, 35.917819 ], [ -83.858944, 35.91784 ], [ -83.858959, 35.917861 ], [ -83.858972, 35.917878 ], [ -83.85901, 35.917928 ], [ -83.859025, 35.917948 ], [ -83.859038, 35.917965 ], [ -83.859052, 35.917984 ], [ -83.859066, 35.918004 ], [ -83.859084, 35.918028 ], [ -83.859108, 35.918059 ], [ -83.859125, 35.918082 ], [ -83.85915, 35.918116 ], [ -83.85917, 35.918143 ], [ -83.859199, 35.918182 ], [ -83.859217, 35.918215 ], [ -83.859234, 35.918246 ], [ -83.859249, 35.918274 ], [ -83.859261, 35.918295 ], [ -83.859276, 35.918321 ], [ -83.859298, 35.918363 ], [ -83.859318, 35.918398 ], [ -83.859337, 35.918434 ], [ -83.859366, 35.918486 ], [ -83.859378, 35.918509 ], [ -83.859391, 35.918533 ], [ -83.859407, 35.918562 ], [ -83.859432, 35.918608 ], [ -83.859443, 35.918629 ], [ -83.859451, 35.918642 ], [ -83.85946, 35.91866 ], [ -83.859466, 35.918669 ], [ -83.859496, 35.918709 ], [ -83.859509, 35.918725 ], [ -83.85952, 35.91874 ], [ -83.859539, 35.918763 ], [ -83.859577, 35.91881 ], [ -83.859594, 35.91883 ], [ -83.859622, 35.918863 ], [ -83.859638, 35.918883 ], [ -83.859655, 35.918904 ], [ -83.859689, 35.91894 ], [ -83.859708, 35.918961 ], [ -83.859722, 35.918978 ], [ -83.859752, 35.919011 ], [ -83.859779, 35.919039 ], [ -83.859798, 35.919059 ], [ -83.859869, 35.919131 ], [ -83.859894, 35.919155 ], [ -83.859936, 35.919196 ], [ -83.859965, 35.919223 ], [ -83.859996, 35.919252 ], [ -83.860044, 35.919296 ], [ -83.860064, 35.919313 ], [ -83.860091, 35.919337 ], [ -83.860156, 35.919389 ], [ -83.860183, 35.919412 ], [ -83.860235, 35.919454 ], [ -83.860254, 35.919469 ], [ -83.860265, 35.919478 ], [ -83.860279, 35.919488 ], [ -83.860312, 35.919509 ], [ -83.860334, 35.919524 ], [ -83.860366, 35.919545 ], [ -83.860411, 35.919575 ], [ -83.860442, 35.919591 ], [ -83.860464, 35.919603 ], [ -83.860494, 35.919619 ], [ -83.860514, 35.91963 ], [ -83.860529, 35.919637 ], [ -83.860548, 35.919646 ], [ -83.860575, 35.919658 ], [ -83.860625, 35.919681 ], [ -83.860643, 35.919687 ], [ -83.860659, 35.919694 ], [ -83.86068, 35.919702 ], [ -83.860699, 35.919709 ], [ -83.860716, 35.919715 ], [ -83.860741, 35.919725 ], [ -83.860771, 35.919734 ], [ -83.860806, 35.919744 ], [ -83.860818, 35.919748 ], [ -83.860841, 35.919755 ], [ -83.860862, 35.919761 ], [ -83.860878, 35.919766 ], [ -83.860898, 35.919772 ], [ -83.860915, 35.919776 ], [ -83.86094, 35.919782 ], [ -83.860957, 35.919786 ], [ -83.86097, 35.919789 ], [ -83.86101, 35.919798 ], [ -83.861149, 35.919821 ], [ -83.86118, 35.919825 ], [ -83.861212, 35.919829 ], [ -83.861269, 35.919833 ], [ -83.861299, 35.919835 ], [ -83.861336, 35.919838 ], [ -83.861417, 35.919839 ], [ -83.861459, 35.91984 ], [ -83.861546, 35.919836 ], [ -83.861582, 35.919835 ], [ -83.86161, 35.919832 ], [ -83.861645, 35.919829 ], [ -83.861706, 35.919823 ], [ -83.861747, 35.919816 ], [ -83.861828, 35.919802 ], [ -83.861884, 35.919792 ], [ -83.861905, 35.919788 ], [ -83.861973, 35.919771 ], [ -83.862011, 35.919761 ], [ -83.862075, 35.919742 ], [ -83.862162, 35.919717 ], [ -83.862178, 35.919712 ], [ -83.8622, 35.919706 ], [ -83.862212, 35.919702 ], [ -83.862229, 35.919696 ], [ -83.862967, 35.919441 ], [ -83.865863, 35.918436 ], [ -83.866268, 35.918313 ], [ -83.86645, 35.918264 ], [ -83.866848, 35.918165 ], [ -83.867124, 35.918128 ], [ -83.867516, 35.918093 ], [ -83.867607, 35.918086 ], [ -83.867816, 35.918061 ], [ -83.868148, 35.918022 ], [ -83.868401, 35.917977 ], [ -83.868472, 35.917958 ], [ -83.868699, 35.917924 ], [ -83.868806, 35.917882 ], [ -83.868961, 35.91782 ], [ -83.870359, 35.91738 ], [ -83.87176, 35.916941 ], [ -83.872897, 35.916579 ], [ -83.87357, 35.916366 ], [ -83.873665, 35.916337 ], [ -83.874194, 35.91618 ], [ -83.874128, 35.916023 ], [ -83.874068, 35.915883 ], [ -83.874601, 35.91568 ], [ -83.874927, 35.915558 ], [ -83.875224, 35.915446 ], [ -83.875363, 35.915411 ], [ -83.87564, 35.91534 ], [ -83.87618, 35.915202 ], [ -83.876328, 35.915527 ], [ -83.878346, 35.914912 ], [ -83.878432, 35.914901 ], [ -83.878428, 35.914842 ], [ -83.878433, 35.914758 ], [ -83.878458, 35.914652 ], [ -83.878481, 35.914596 ], [ -83.878523, 35.914519 ], [ -83.878577, 35.914448 ], [ -83.878619, 35.914408 ], [ -83.87867, 35.914359 ], [ -83.878816, 35.91433 ], [ -83.879011, 35.914291 ], [ -83.8796, 35.914207 ], [ -83.879669, 35.914201 ], [ -83.879773, 35.914184 ], [ -83.879906, 35.914144 ], [ -83.880027, 35.914085 ], [ -83.880134, 35.91401 ], [ -83.880839, 35.913463 ], [ -83.881219, 35.913154 ], [ -83.881331, 35.913073 ], [ -83.881442, 35.913002 ], [ -83.881584, 35.912928 ], [ -83.881736, 35.912861 ], [ -83.881897, 35.912805 ], [ -83.882402, 35.912619 ], [ -83.882943, 35.912416 ], [ -83.883517, 35.912193 ], [ -83.884731, 35.911724 ], [ -83.885695, 35.911259 ], [ -83.886058, 35.911087 ], [ -83.886877, 35.910697 ], [ -83.887871, 35.910233 ], [ -83.888508, 35.909935 ], [ -83.889296, 35.909605 ], [ -83.889246, 35.909532 ], [ -83.889211, 35.909451 ], [ -83.889008, 35.90915 ], [ -83.889121, 35.909098 ], [ -83.889238, 35.909055 ], [ -83.889306, 35.909028 ], [ -83.890076, 35.908734 ], [ -83.890206, 35.90868 ], [ -83.890351, 35.90862 ], [ -83.890877, 35.908998 ], [ -83.891238, 35.908601 ], [ -83.891664, 35.90813 ], [ -83.892408, 35.90869 ], [ -83.893009, 35.909143 ], [ -83.893345, 35.909406 ], [ -83.893839, 35.909792 ], [ -83.893907, 35.909843 ], [ -83.894474, 35.910288 ], [ -83.894724, 35.910483 ], [ -83.895192, 35.910854 ], [ -83.895595, 35.911172 ], [ -83.895802, 35.911336 ], [ -83.89594, 35.911446 ], [ -83.89612, 35.911611 ], [ -83.896605, 35.912065 ], [ -83.896632, 35.912088 ], [ -83.897509, 35.912912 ], [ -83.898179, 35.913552 ], [ -83.89828, 35.913709 ], [ -83.899255, 35.913307 ], [ -83.89938, 35.913793 ], [ -83.898449, 35.91427 ], [ -83.898528, 35.91461 ], [ -83.898615, 35.91457 ], [ -83.899522, 35.914222 ], [ -83.899567, 35.914326 ], [ -83.899622, 35.914433 ], [ -83.899692, 35.914562 ], [ -83.89974, 35.914653 ], [ -83.899831, 35.914822 ], [ -83.89994, 35.914831 ], [ -83.90065, 35.914871 ], [ -83.90131, 35.914916 ], [ -83.901425, 35.915041 ], [ -83.901467, 35.915091 ], [ -83.901488, 35.915121 ], [ -83.901508, 35.915156 ], [ -83.901532, 35.91521 ], [ -83.901544, 35.915246 ], [ -83.901553, 35.915284 ], [ -83.901558, 35.915323 ], [ -83.90156, 35.915337 ], [ -83.901556, 35.915427 ], [ -83.901498, 35.915665 ], [ -83.901471, 35.915779 ], [ -83.901459, 35.915827 ], [ -83.901559, 35.91585 ], [ -83.901587, 35.915856 ], [ -83.902092, 35.91596 ], [ -83.902017, 35.916248 ], [ -83.902158, 35.916475 ], [ -83.902188, 35.91655 ], [ -83.902231, 35.916685 ], [ -83.902263, 35.916856 ], [ -83.90228, 35.917057 ], [ -83.902277, 35.917182 ], [ -83.902276, 35.917366 ], [ -83.902303, 35.917362 ], [ -83.902365, 35.917346 ], [ -83.902415, 35.917331 ], [ -83.902501, 35.917317 ], [ -83.902536, 35.917314 ], [ -83.902615, 35.917316 ], [ -83.902632, 35.917317 ], [ -83.902693, 35.917328 ], [ -83.90269, 35.917451 ], [ -83.902455, 35.917463 ], [ -83.902429, 35.917474 ], [ -83.902376, 35.917492 ], [ -83.902293, 35.917507 ], [ -83.902244, 35.91751 ], [ -83.902219, 35.917617 ], [ -83.902166, 35.917838 ], [ -83.902102, 35.917996 ], [ -83.901982, 35.918227 ], [ -83.901882, 35.91844 ], [ -83.901904, 35.918522 ], [ -83.902022, 35.918968 ], [ -83.902106, 35.919088 ], [ -83.902212, 35.91918 ], [ -83.902298, 35.919245 ], [ -83.903205, 35.919883 ], [ -83.903253, 35.919923 ], [ -83.903864, 35.920357 ], [ -83.904104, 35.920602 ], [ -83.904238, 35.920755 ], [ -83.904345, 35.92092 ], [ -83.904479, 35.921159 ], [ -83.904775, 35.921879 ], [ -83.904846, 35.92206 ], [ -83.904934, 35.922475 ], [ -83.905005, 35.922583 ], [ -83.905566, 35.923135 ], [ -83.905944, 35.923517 ], [ -83.906294, 35.923741 ], [ -83.906564, 35.923914 ], [ -83.90803, 35.92438 ], [ -83.908815, 35.924633 ], [ -83.909525, 35.924874 ], [ -83.91055, 35.924306 ], [ -83.910594, 35.924276 ], [ -83.910772, 35.924177 ], [ -83.911508, 35.923765 ], [ -83.911275, 35.923437 ], [ -83.911091, 35.923224 ], [ -83.911399, 35.923079 ], [ -83.911562, 35.923006 ], [ -83.911674, 35.922957 ], [ -83.911709, 35.922942 ], [ -83.911814, 35.922899 ], [ -83.912052, 35.9228 ], [ -83.912223, 35.922724 ], [ -83.912452, 35.922622 ], [ -83.912642, 35.922537 ], [ -83.912835, 35.92245 ], [ -83.912971, 35.922389 ], [ -83.913147, 35.922307 ], [ -83.913365, 35.922205 ], [ -83.913687, 35.922058 ], [ -83.913899, 35.921962 ], [ -83.914084, 35.921878 ], [ -83.914352, 35.922168 ], [ -83.914463, 35.922107 ], [ -83.914745, 35.921969 ], [ -83.916365, 35.921237 ], [ -83.916906, 35.920994 ], [ -83.916929, 35.92098 ], [ -83.916751, 35.920777 ], [ -83.916706, 35.920726 ], [ -83.916801, 35.920677 ], [ -83.917268, 35.920444 ], [ -83.917874, 35.920131 ], [ -83.918207, 35.919959 ], [ -83.917601, 35.919337 ], [ -83.917424, 35.919161 ], [ -83.917448, 35.919164 ], [ -83.917468, 35.919165 ], [ -83.917497, 35.919165 ], [ -83.917524, 35.919163 ], [ -83.917551, 35.91916 ], [ -83.917586, 35.919153 ], [ -83.917625, 35.919143 ], [ -83.917649, 35.919135 ], [ -83.917677, 35.919124 ], [ -83.9177, 35.919113 ], [ -83.91773, 35.919095 ], [ -83.917753, 35.91908 ], [ -83.917777, 35.919061 ], [ -83.9178, 35.91904 ], [ -83.917815, 35.919023 ], [ -83.917827, 35.919009 ], [ -83.917843, 35.918986 ], [ -83.917861, 35.918959 ], [ -83.917876, 35.918945 ], [ -83.917914, 35.91891 ], [ -83.917949, 35.918877 ], [ -83.917987, 35.918944 ], [ -83.918608, 35.920051 ], [ -83.918974, 35.919864 ], [ -83.92036, 35.91916 ], [ -83.920531, 35.919073 ], [ -83.920707, 35.919416 ], [ -83.921202, 35.920231 ], [ -83.921654, 35.920964 ], [ -83.921819, 35.921231 ], [ -83.921863, 35.921211 ], [ -83.921931, 35.921177 ], [ -83.921786, 35.92094 ], [ -83.921777, 35.920917 ], [ -83.921729, 35.920834 ], [ -83.921706, 35.920794 ], [ -83.922177, 35.920605 ], [ -83.922166, 35.920587 ], [ -83.922454, 35.920478 ], [ -83.922536, 35.920446 ], [ -83.922616, 35.920633 ], [ -83.923046, 35.920186 ], [ -83.922852, 35.91955 ], [ -83.922536, 35.918882 ], [ -83.922693, 35.918825 ], [ -83.923702, 35.918457 ], [ -83.92463, 35.918118 ], [ -83.92533, 35.918567 ], [ -83.923084, 35.9221 ], [ -83.922879, 35.922422 ], [ -83.923185, 35.922296 ], [ -83.924251, 35.921866 ], [ -83.924229, 35.921904 ], [ -83.924116, 35.92208 ], [ -83.923956, 35.922324 ], [ -83.923865, 35.922461 ], [ -83.923726, 35.922675 ], [ -83.923967, 35.922725 ], [ -83.923995, 35.92273 ], [ -83.924591, 35.922854 ], [ -83.924803, 35.9229 ], [ -83.925072, 35.922959 ], [ -83.925012, 35.923097 ], [ -83.924833, 35.923512 ], [ -83.924815, 35.923556 ], [ -83.92477, 35.923649 ], [ -83.924862, 35.923674 ], [ -83.925141, 35.923751 ], [ -83.925234, 35.923777 ], [ -83.925264, 35.923785 ], [ -83.925367, 35.923814 ], [ -83.925388, 35.923821 ], [ -83.925429, 35.923835 ], [ -83.925468, 35.923853 ], [ -83.925531, 35.923888 ], [ -83.925549, 35.923898 ], [ -83.925692, 35.923985 ], [ -83.925761, 35.924028 ], [ -83.925793, 35.924047 ], [ -83.92582, 35.924064 ], [ -83.925875, 35.924098 ], [ -83.925903, 35.924115 ], [ -83.925951, 35.924144 ], [ -83.926095, 35.924233 ], [ -83.926112, 35.924243 ], [ -83.926142, 35.924266 ], [ -83.926215, 35.924324 ], [ -83.926227, 35.924331 ], [ -83.926323, 35.924388 ], [ -83.926505, 35.924463 ], [ -83.926518, 35.924469 ], [ -83.926599, 35.924509 ], [ -83.926646, 35.924543 ], [ -83.926682, 35.924569 ], [ -83.926706, 35.924594 ], [ -83.926727, 35.924616 ], [ -83.926789, 35.924707 ], [ -83.926845, 35.92481 ], [ -83.926874, 35.92485 ], [ -83.926935, 35.924933 ], [ -83.926974, 35.924978 ], [ -83.927102, 35.925102 ], [ -83.927316, 35.925272 ], [ -83.927483, 35.925411 ], [ -83.927696, 35.925589 ], [ -83.927875, 35.925724 ], [ -83.927909, 35.925759 ], [ -83.928067, 35.925921 ], [ -83.92829, 35.926117 ], [ -83.928491, 35.926271 ], [ -83.928529, 35.926296 ], [ -83.928603, 35.926345 ], [ -83.92878, 35.926399 ], [ -83.929042, 35.926678 ], [ -83.929137, 35.926778 ], [ -83.92918, 35.926809 ], [ -83.929215, 35.926834 ], [ -83.929235, 35.926848 ], [ -83.929279, 35.926879 ], [ -83.929383, 35.926963 ], [ -83.929513, 35.927074 ], [ -83.930332, 35.927774 ], [ -83.930411, 35.927841 ], [ -83.93061, 35.928002 ], [ -83.930715, 35.928087 ], [ -83.930944, 35.928281 ], [ -83.93096, 35.928294 ], [ -83.931726, 35.928932 ], [ -83.931945, 35.929121 ], [ -83.932276, 35.929406 ], [ -83.932336, 35.929456 ], [ -83.932475, 35.929601 ], [ -83.932497, 35.929632 ], [ -83.93251, 35.929673 ], [ -83.932508, 35.929715 ], [ -83.932504, 35.929812 ], [ -83.932469, 35.930046 ], [ -83.932442, 35.930116 ], [ -83.932367, 35.930307 ], [ -83.932358, 35.930371 ], [ -83.932382, 35.930409 ], [ -83.932423, 35.930437 ], [ -83.932467, 35.930448 ], [ -83.932512, 35.930446 ], [ -83.932608, 35.930416 ], [ -83.932766, 35.93038 ], [ -83.932847, 35.930367 ], [ -83.933113, 35.930355 ], [ -83.933249, 35.930363 ], [ -83.933234, 35.930376 ], [ -83.933196, 35.930383 ], [ -83.932953, 35.930841 ], [ -83.933892, 35.932368 ], [ -83.933922, 35.932415 ], [ -83.933964, 35.932473 ], [ -83.934159, 35.932718 ], [ -83.934396, 35.933018 ], [ -83.934677, 35.933372 ], [ -83.934764, 35.933481 ], [ -83.93559, 35.933472 ], [ -83.935095, 35.932762 ], [ -83.935322, 35.932757 ], [ -83.938402, 35.932691 ], [ -83.938618, 35.934202 ], [ -83.938632, 35.934371 ], [ -83.937964, 35.934591 ], [ -83.93786, 35.934804 ], [ -83.937754, 35.934806 ], [ -83.937619, 35.934827 ], [ -83.937512, 35.934859 ], [ -83.937397, 35.934914 ], [ -83.937281, 35.934974 ], [ -83.937076, 35.935079 ], [ -83.936946, 35.935147 ], [ -83.936789, 35.935237 ], [ -83.936609, 35.93534 ], [ -83.936432, 35.935434 ], [ -83.93627, 35.935509 ], [ -83.936106, 35.935569 ], [ -83.93604, 35.935589 ], [ -83.935935, 35.935617 ], [ -83.935937, 35.935686 ], [ -83.936069, 35.935653 ], [ -83.936271, 35.935585 ], [ -83.936464, 35.935499 ], [ -83.936666, 35.935391 ], [ -83.936686, 35.935379 ], [ -83.937021, 35.935188 ], [ -83.937324, 35.935033 ], [ -83.93755, 35.934918 ], [ -83.937642, 35.934892 ], [ -83.937738, 35.934876 ], [ -83.93786, 35.934871 ], [ -83.937957, 35.93488 ], [ -83.93801, 35.934892 ], [ -83.938075, 35.934907 ], [ -83.938176, 35.934945 ], [ -83.938413, 35.935065 ], [ -83.938454, 35.935088 ], [ -83.938748, 35.935256 ], [ -83.939148, 35.935512 ], [ -83.939409, 35.935707 ], [ -83.939663, 35.935911 ], [ -83.939852, 35.936063 ], [ -83.940037, 35.936226 ], [ -83.940107, 35.93629 ], [ -83.94012, 35.936302 ], [ -83.940306, 35.936494 ], [ -83.940373, 35.936563 ], [ -83.940663, 35.93686 ], [ -83.94108, 35.937277 ], [ -83.94127, 35.937446 ], [ -83.941299, 35.937465 ], [ -83.941364, 35.937506 ], [ -83.941158, 35.937729 ], [ -83.940956, 35.938 ], [ -83.94082, 35.938293 ], [ -83.940786, 35.938733 ], [ -83.940854, 35.939917 ], [ -83.941034, 35.940706 ], [ -83.941282, 35.941382 ], [ -83.941621, 35.941878 ], [ -83.941857, 35.942205 ], [ -83.941988, 35.942377 ], [ -83.942488, 35.94303 ], [ -83.942619, 35.9432 ], [ -83.942727, 35.943296 ], [ -83.942819, 35.943346 ], [ -83.942897, 35.943369 ], [ -83.943024, 35.943389 ], [ -83.94324, 35.943377 ], [ -83.943502, 35.943381 ], [ -83.943718, 35.943377 ], [ -83.94393, 35.943431 ], [ -83.944073, 35.943481 ], [ -83.944224, 35.943566 ], [ -83.944355, 35.943678 ], [ -83.944463, 35.943795 ], [ -83.944498, 35.943848 ], [ -83.944539, 35.943899 ], [ -83.944587, 35.943952 ], [ -83.944678, 35.944033 ], [ -83.944817, 35.944134 ], [ -83.944961, 35.944233 ], [ -83.94508, 35.944311 ], [ -83.94533, 35.944468 ], [ -83.945645, 35.944646 ], [ -83.946088, 35.944879 ], [ -83.946801, 35.945209 ], [ -83.946968, 35.945287 ], [ -83.947032, 35.94533 ], [ -83.94705, 35.945364 ], [ -83.946932, 35.945456 ], [ -83.946816, 35.945539 ], [ -83.946757, 35.945608 ], [ -83.946744, 35.945643 ], [ -83.946737, 35.945707 ], [ -83.946737, 35.945774 ], [ -83.946741, 35.945812 ], [ -83.946751, 35.94585 ], [ -83.946784, 35.9459 ], [ -83.946891, 35.946007 ], [ -83.946374, 35.94649 ], [ -83.94618, 35.946671 ], [ -83.945911, 35.946922 ], [ -83.945682, 35.947135 ], [ -83.945625, 35.947189 ], [ -83.945131, 35.947649 ], [ -83.944873, 35.947889 ], [ -83.94479, 35.947967 ], [ -83.944518, 35.948201 ], [ -83.944355, 35.948353 ], [ -83.94356, 35.949143 ], [ -83.943254, 35.949485 ], [ -83.942975, 35.949851 ], [ -83.9429, 35.949976 ], [ -83.942792, 35.950135 ], [ -83.942668, 35.950371 ], [ -83.942599, 35.950601 ], [ -83.942505, 35.950911 ], [ -83.94243, 35.951382 ], [ -83.942419, 35.951726 ], [ -83.942496, 35.952237 ], [ -83.942597, 35.952668 ], [ -83.942818, 35.953166 ], [ -83.943201, 35.953724 ], [ -83.943559, 35.954106 ], [ -83.943811, 35.954398 ], [ -83.944002, 35.954559 ], [ -83.944065, 35.954628 ], [ -83.944365, 35.954646 ], [ -83.944534, 35.954805 ], [ -83.944607, 35.954881 ], [ -83.945309, 35.955607 ], [ -83.945395, 35.955696 ], [ -83.945536, 35.955856 ], [ -83.945547, 35.955868 ], [ -83.945691, 35.956043 ], [ -83.945722, 35.956085 ], [ -83.945824, 35.956235 ], [ -83.945843, 35.956265 ], [ -83.945947, 35.956432 ], [ -83.946061, 35.956633 ], [ -83.946167, 35.956838 ], [ -83.946263, 35.957044 ], [ -83.94635, 35.957253 ], [ -83.946437, 35.95749 ], [ -83.946498, 35.957686 ], [ -83.946503, 35.957699 ], [ -83.946615, 35.958117 ], [ -83.946629, 35.958193 ], [ -83.946663, 35.958339 ], [ -83.946675, 35.958389 ], [ -83.946736, 35.958785 ], [ -83.946739, 35.958801 ], [ -83.946755, 35.958935 ], [ -83.946761, 35.958991 ], [ -83.94678, 35.959138 ], [ -83.946781, 35.95916 ], [ -83.946787, 35.959217 ], [ -83.946799, 35.959361 ], [ -83.94681, 35.959691 ], [ -83.946809, 35.95979 ], [ -83.946807, 35.960012 ], [ -83.946796, 35.960251 ], [ -83.946777, 35.96046 ], [ -83.946741, 35.960754 ], [ -83.946724, 35.960868 ], [ -83.94666, 35.961244 ], [ -83.946644, 35.961476 ], [ -83.946644, 35.961654 ], [ -83.946679, 35.961962 ], [ -83.946734, 35.962281 ], [ -83.946779, 35.962612 ], [ -83.946787, 35.962938 ], [ -83.946787, 35.963034 ], [ -83.946781, 35.963131 ], [ -83.946744, 35.963259 ], [ -83.946707, 35.963346 ], [ -83.94668, 35.963406 ], [ -83.947093, 35.963468 ], [ -83.947766, 35.963574 ], [ -83.948111, 35.963608 ], [ -83.948695, 35.963613 ], [ -83.949273, 35.963581 ], [ -83.949636, 35.96353 ], [ -83.949842, 35.963495 ], [ -83.949979, 35.963466 ], [ -83.950197, 35.963412 ], [ -83.950487, 35.963328 ], [ -83.950635, 35.963281 ], [ -83.950854, 35.963204 ], [ -83.95107, 35.96312 ], [ -83.951281, 35.963028 ], [ -83.951561, 35.962893 ], [ -83.951734, 35.962978 ], [ -83.951873, 35.963046 ], [ -83.951904, 35.963061 ], [ -83.952186, 35.963199 ], [ -83.952291, 35.963255 ], [ -83.952383, 35.963296 ], [ -83.952416, 35.963308 ], [ -83.952594, 35.963375 ], [ -83.95268, 35.963403 ], [ -83.952733, 35.963421 ], [ -83.952846, 35.963459 ], [ -83.952941, 35.963485 ], [ -83.953029, 35.96351 ], [ -83.953155, 35.964205 ], [ -83.953156, 35.964224 ], [ -83.953297, 35.965736 ], [ -83.953309, 35.965863 ], [ -83.953377, 35.966388 ], [ -83.953472, 35.967108 ], [ -83.953486, 35.967195 ], [ -83.953511, 35.967338 ], [ -83.953531, 35.967457 ], [ -83.953546, 35.967545 ], [ -83.953774, 35.968027 ], [ -83.95383, 35.968146 ], [ -83.954057, 35.968529 ], [ -83.954452, 35.969071 ], [ -83.95467, 35.96935 ], [ -83.954999, 35.969771 ], [ -83.955112, 35.969928 ], [ -83.955453, 35.970402 ], [ -83.955567, 35.97056 ], [ -83.955685, 35.970586 ], [ -83.955783, 35.970622 ], [ -83.955875, 35.970661 ], [ -83.955985, 35.97072 ], [ -83.956103, 35.970801 ], [ -83.956243, 35.970905 ], [ -83.956404, 35.971067 ], [ -83.956556, 35.971247 ], [ -83.956987, 35.971715 ], [ -83.957157, 35.9719 ], [ -83.95738, 35.972145 ], [ -83.958049, 35.97288 ], [ -83.958273, 35.973125 ], [ -83.958364, 35.973214 ], [ -83.958513, 35.973348 ], [ -83.958604, 35.973429 ], [ -83.958785, 35.973613 ], [ -83.958883, 35.973733 ], [ -83.958964, 35.973859 ], [ -83.959064, 35.974065 ], [ -83.959091, 35.974132 ], [ -83.959163, 35.974309 ], [ -83.959211, 35.974438 ], [ -83.959304, 35.974653 ], [ -83.959378, 35.974779 ], [ -83.959467, 35.974907 ], [ -83.959544, 35.975001 ], [ -83.959635, 35.97509 ], [ -83.959737, 35.975171 ], [ -83.959821, 35.975226 ], [ -83.959947, 35.97528 ], [ -83.960053, 35.975313 ], [ -83.960164, 35.975337 ], [ -83.960328, 35.975353 ], [ -83.960455, 35.975358 ], [ -83.960934, 35.975345 ], [ -83.961472, 35.975331 ], [ -83.962321, 35.975312 ], [ -83.962455, 35.97531 ], [ -83.963155, 35.975299 ], [ -83.963567, 35.975327 ], [ -83.963633, 35.975335 ], [ -83.963956, 35.975338 ], [ -83.964186, 35.975345 ], [ -83.964264, 35.975344 ], [ -83.964313, 35.975349 ], [ -83.964669, 35.97536 ], [ -83.964867, 35.975358 ], [ -83.965483, 35.975355 ], [ -83.965717, 35.975344 ], [ -83.965957, 35.975332 ], [ -83.966184, 35.975315 ], [ -83.967008, 35.975254 ], [ -83.967584, 35.975209 ], [ -83.967795, 35.975193 ], [ -83.968051, 35.975173 ], [ -83.968292, 35.975145 ], [ -83.968343, 35.97514 ], [ -83.968791, 35.975104 ], [ -83.969017, 35.97508 ], [ -83.969259, 35.975055 ], [ -83.970018, 35.974982 ], [ -83.970439, 35.974937 ], [ -83.970456, 35.975084 ], [ -83.97047, 35.975165 ], [ -83.970498, 35.975259 ], [ -83.970566, 35.9754 ], [ -83.970701, 35.975644 ], [ -83.970784, 35.975784 ], [ -83.970847, 35.975863 ], [ -83.970946, 35.975967 ], [ -83.971141, 35.976122 ], [ -83.971273, 35.976237 ], [ -83.97172, 35.976542 ], [ -83.971852, 35.97664 ], [ -83.971974, 35.976737 ], [ -83.972221, 35.9769 ], [ -83.972603, 35.97719 ], [ -83.972766, 35.977334 ], [ -83.972915, 35.977492 ], [ -83.972987, 35.977581 ], [ -83.973172, 35.977832 ], [ -83.97318, 35.977843 ], [ -83.973373, 35.97809 ], [ -83.97357, 35.978365 ], [ -83.973673, 35.978498 ], [ -83.973855, 35.978748 ], [ -83.974105, 35.979077 ], [ -83.974335, 35.979403 ], [ -83.974437, 35.979558 ], [ -83.974459, 35.979592 ], [ -83.974608, 35.979754 ], [ -83.974654, 35.979837 ], [ -83.974745, 35.980003 ], [ -83.974877, 35.980221 ], [ -83.974953, 35.98038 ], [ -83.975039, 35.98056 ], [ -83.975253, 35.981024 ], [ -83.975267, 35.981048 ], [ -83.975343, 35.981226 ], [ -83.975359, 35.981259 ], [ -83.975432, 35.98141 ], [ -83.975458, 35.981499 ], [ -83.975467, 35.981512 ], [ -83.975516, 35.981588 ], [ -83.975659, 35.981871 ], [ -83.975769, 35.982056 ], [ -83.975777, 35.982067 ], [ -83.976121, 35.982551 ], [ -83.976382, 35.982955 ], [ -83.976817, 35.98367 ], [ -83.976824, 35.98368 ], [ -83.976907, 35.983802 ], [ -83.977029, 35.983922 ], [ -83.977116, 35.984026 ], [ -83.977144, 35.984057 ], [ -83.977231, 35.984153 ] ] ] } }
]
}
