geoid,nyt_key,prctseq,label,vtd20,vtd_name,weight,county_norm,county_fp
47037-1-1,1-1,1,01-1,001801,1-1,0.7516791202458558,DAVIDSON,037
47037-1-1,1-1,1,01-1,001812,3-2,0.17268736991827197,DAVIDSON,037
47037-1-1,1-1,1,01-1,001802,1-2,0.0756335098358722,DAVIDSON,037
47037-1-2,1-2,2,01-2,001804,1-4,0.561582075556685,DAVIDSON,037
47037-1-2,1-2,2,01-2,001802,1-2,0.438417924443315,DAVIDSON,037
47037-1-3,1-3,3,01-3,001803,1-3,0.7410640547678579,DAVIDSON,037
47037-1-3,1-3,3,01-3,001813,3-3,0.2589359452321421,DAVIDSON,037
47037-1-4,1-4,4,01-4,001814,3-4,0.44342723769495096,DAVIDSON,037
47037-1-4,1-4,4,01-4,001813,3-3,0.39594539564507725,DAVIDSON,037
47037-1-4,1-4,4,01-4,001815,3-5,0.14577961912165555,DAVIDSON,037
47037-1-4,1-4,4,01-4,001807,2-2,0.014847747538316258,DAVIDSON,037
47037-1-5,1-5,5,01-5,001805,1-5,0.8228607399740661,DAVIDSON,037
47037-1-5,1-5,5,01-5,001810,2-5,0.17713926002593403,DAVIDSON,037
47037-1-6,1-6,6,01-6,001803,1-3,0.49724408144207116,DAVIDSON,037
47037-1-6,1-6,6,01-6,001810,2-5,0.3171697815076598,DAVIDSON,037
47037-1-6,1-6,6,01-6,001805,1-5,0.18558613705026905,DAVIDSON,037
47037-1-7,1-7,7,01-7,001803,1-3,0.9426430778974378,DAVIDSON,037
47037-1-7,1-7,7,01-7,001805,1-5,0.057356922102562095,DAVIDSON,037
47037-10-1,10-1,53,10-1,001844,10-1,1.0,DAVIDSON,037
47037-10-2,10-2,54,10-2,001811,3-1,0.9922136261699611,DAVIDSON,037
47037-10-2,10-2,54,10-2,001844,10-1,0.007786373830038921,DAVIDSON,037
47037-10-3,10-3,55,10-3,001811,3-1,0.6337723091200809,DAVIDSON,037
47037-10-3,10-3,55,10-3,001845,10-2,0.3662276908799192,DAVIDSON,037
47037-10-4,10-4,56,10-4,001847,10-4,0.5110005702717452,DAVIDSON,037
47037-10-4,10-4,56,10-4,001846,10-3,0.4788014193346679,DAVIDSON,037
47037-10-4,10-4,56,10-4,001845,10-2,0.010198010393586955,DAVIDSON,037
47037-10-5,10-5,57,10-5,001848,10-5,0.76868813339804,DAVIDSON,037
47037-10-5,10-5,57,10-5,001840,8-4,0.23131186660196001,DAVIDSON,037
47037-10-6,10-6,58,10-6,001849,10-6,1.0,DAVIDSON,037
47037-10-7,10-7,59,10-7,001849,10-6,0.750689067518933,DAVIDSON,037
47037-10-7,10-7,59,10-7,001847,10-4,0.24931093248106687,DAVIDSON,037
47037-10-8,10-8,60,10-8,001847,10-4,1.0,DAVIDSON,037
47037-10-9,10-9,61,10-9,001801,1-1,1.0,DAVIDSON,037
47037-11-1,11-1,62,11-1,001850,11-1,1.0,DAVIDSON,037
47037-11-2,11-2,63,11-2,001850,11-1,1.0,DAVIDSON,037
47037-11-3,11-3,64,11-3,001851,11-2,0.5200306794765871,DAVIDSON,037
47037-11-3,11-3,64,11-3,001852,11-3,0.47317946901552554,DAVIDSON,037
47037-11-3,11-3,64,11-3,001864,14-2,0.006789851507887377,DAVIDSON,037
47037-11-4,11-4,65,11-4,001851,11-2,0.5416337408994379,DAVIDSON,037
47037-11-4,11-4,65,11-4,001853,11-4,0.3072468811237846,DAVIDSON,037
47037-11-4,11-4,65,11-4,001857,12-4,0.12956601870595694,DAVIDSON,037
47037-11-4,11-4,65,11-4,001854,12-1,0.02155335927082049,DAVIDSON,037
47037-12-1,12-1,66,12-1,001857,12-4,0.6166555134721637,DAVIDSON,037
47037-12-1,12-1,66,12-1,001856,12-3,0.37288495484769485,DAVIDSON,037
47037-12-1,12-1,66,12-1,001854,12-1,0.01045953168014134,DAVIDSON,037
47037-12-2,12-2,67,12-2,001865,14-3,0.489536008328909,DAVIDSON,037
47037-12-2,12-2,67,12-2,001863,14-1,0.24698347394510398,DAVIDSON,037
47037-12-2,12-2,67,12-2,001855,12-2,0.08597224804838151,DAVIDSON,037
47037-12-2,12-2,67,12-2,001857,12-4,0.06856555101628212,DAVIDSON,037
47037-12-2,12-2,67,12-2,001856,12-3,0.05243447989510792,DAVIDSON,037
47037-12-2,12-2,67,12-2,001867,14-5,0.04811266242007634,DAVIDSON,037
47037-12-2,12-2,67,12-2,001866,14-4,0.008395576346139164,DAVIDSON,037
47037-12-3,12-3,68,12-3,001855,12-2,0.7903615827107041,DAVIDSON,037
47037-12-3,12-3,68,12-3,001858,12-5,0.17119256294377194,DAVIDSON,037
47037-12-3,12-3,68,12-3,001857,12-4,0.03844585434552392,DAVIDSON,037
47037-12-4,12-4,69,12-4,001948,33-1,1.0,DAVIDSON,037
47037-13-1,13-1,70,13-1,001859,13-1,0.7900310759793612,DAVIDSON,037
47037-13-1,13-1,70,13-1,001872,15-5,0.2099689240206388,DAVIDSON,037
47037-13-2,13-2,71,13-2,001859,13-1,0.4081533095333895,DAVIDSON,037
47037-13-2,13-2,71,13-2,001860,13-2,0.36544123088695984,DAVIDSON,037
47037-13-2,13-2,71,13-2,001932,29-1,0.22640545957965066,DAVIDSON,037
47037-13-3,13-3,72,13-3,001861,13-3,0.7155952982788304,DAVIDSON,037
47037-13-3,13-3,72,13-3,001862,13-4,0.28440470172116966,DAVIDSON,037
47037-13-4,13-4,73,13-4,001932,29-1,0.8531764353572211,DAVIDSON,037
47037-13-4,13-4,73,13-4,001933,29-2,0.14682356464277896,DAVIDSON,037
47037-13-5,13-5,74,13-5,001861,13-3,0.3966073115609993,DAVIDSON,037
47037-13-5,13-5,74,13-5,001859,13-1,0.2966027488959667,DAVIDSON,037
47037-13-5,13-5,74,13-5,001932,29-1,0.2197782985932536,DAVIDSON,037
47037-13-5,13-5,74,13-5,001935,29-4,0.0870116409497804,DAVIDSON,037
47037-14-1,14-1,75,14-1,001864,14-2,0.9930801352333957,DAVIDSON,037
47037-14-1,14-1,75,14-1,001852,11-3,0.00691986476660437,DAVIDSON,037
47037-14-2,14-2,76,14-2,001864,14-2,1.0,DAVIDSON,037
47037-14-3,14-3,77,14-3,001854,12-1,0.5515590376203126,DAVIDSON,037
47037-14-3,14-3,77,14-3,001853,11-4,0.4484409623796874,DAVIDSON,037
47037-14-4,14-4,78,14-4,001863,14-1,1.0,DAVIDSON,037
47037-14-5,14-5,79,14-5,001867,14-5,0.9724843954043982,DAVIDSON,037
47037-14-5,14-5,79,14-5,001870,15-3,0.02751560459560167,DAVIDSON,037
47037-15-1,15-1,80,15-1,001868,15-1,0.9733999452157258,DAVIDSON,037
47037-15-1,15-1,80,15-1,001869,15-2,0.026600054784274168,DAVIDSON,037
47037-15-2,15-2,81,15-2,001895,19-6,0.6116456685927133,DAVIDSON,037
47037-15-2,15-2,81,15-2,001894,19-5,0.3883543314072867,DAVIDSON,037
47037-15-3,15-3,82,15-3,001869,15-2,1.0,DAVIDSON,037
47037-15-4,15-4,83,15-4,001871,15-4,0.7560234658940906,DAVIDSON,037
47037-15-4,15-4,83,15-4,001870,15-3,0.24397653410590936,DAVIDSON,037
47037-15-5,15-5,84,15-5,001867,14-5,0.6352614196193177,DAVIDSON,037
47037-15-5,15-5,84,15-5,001870,15-3,0.36473858038068235,DAVIDSON,037
47037-15-6,15-6,85,15-6,001870,15-3,1.0,DAVIDSON,037
47037-16-1,16-1,86,16-1,001875,16-3,0.4607983987026148,DAVIDSON,037
47037-16-1,16-1,86,16-1,001883,17-6,0.2844749619814141,DAVIDSON,037
47037-16-1,16-1,86,16-1,001884,17-7,0.14787635571340818,DAVIDSON,037
47037-16-1,16-1,86,16-1,001876,16-4,0.10685028360256292,DAVIDSON,037
47037-16-2,16-2,87,16-2,001875,16-3,0.9786192165739499,DAVIDSON,037
47037-16-2,16-2,87,16-2,001924,26-3,0.021380783426050005,DAVIDSON,037
47037-16-3,16-3,88,16-3,001883,17-6,0.49428315094248887,DAVIDSON,037
47037-16-3,16-3,88,16-3,001873,16-1,0.34738139767314,DAVIDSON,037
47037-16-3,16-3,88,16-3,001876,16-4,0.07713870947612296,DAVIDSON,037
47037-16-3,16-3,88,16-3,001894,19-5,0.05221638081816683,DAVIDSON,037
47037-16-3,16-3,88,16-3,001895,19-6,0.02898036109008125,DAVIDSON,037
47037-16-4,16-4,89,16-4,001874,16-2,0.9874792618195684,DAVIDSON,037
47037-16-4,16-4,89,16-4,001860,13-2,0.012520738180431597,DAVIDSON,037
47037-17-1,17-1,90,17-1,001893,19-4,0.691066872234837,DAVIDSON,037
47037-17-1,17-1,90,17-1,001879,17-2,0.3089331277651631,DAVIDSON,037
47037-17-2,17-2,91,17-2,001879,17-2,0.5449870789917621,DAVIDSON,037
47037-17-2,17-2,91,17-2,001878,17-1,0.4550129210082379,DAVIDSON,037
47037-17-3,17-3,92,17-3,001878,17-1,0.7842451684777094,DAVIDSON,037
47037-17-3,17-3,92,17-3,001879,17-2,0.19206941762259327,DAVIDSON,037
47037-17-3,17-3,92,17-3,001880,17-3,0.023685413899697288,DAVIDSON,037
47037-17-4,17-4,93,17-4,001880,17-3,0.9860568322232222,DAVIDSON,037
47037-17-4,17-4,93,17-4,001883,17-6,0.013943167776777792,DAVIDSON,037
47037-17-5,17-5,94,17-5,001883,17-6,1.0,DAVIDSON,037
47037-17-6,17-6,95,17-6,001894,19-5,1.0,DAVIDSON,037
47037-17-7,17-7,96,17-7,001881,17-4,0.6200576442527039,DAVIDSON,037
47037-17-7,17-7,96,17-7,001878,17-1,0.24271250635255018,DAVIDSON,037
47037-17-7,17-7,96,17-7,001884,17-7,0.137229849394746,DAVIDSON,037
47037-17-8,17-8,97,17-8,001884,17-7,0.658400221169587,DAVIDSON,037
47037-17-8,17-8,97,17-8,001880,17-3,0.34159977883041304,DAVIDSON,037
47037-18-1,18-1,98,18-1,001885,18-1,0.4788350777587721,DAVIDSON,037
47037-18-1,18-1,98,18-1,001887,18-3,0.31356534341463477,DAVIDSON,037
47037-18-1,18-1,98,18-1,001879,17-2,0.09885418001025237,DAVIDSON,037
47037-18-1,18-1,98,18-1,001893,19-4,0.05346364408543019,DAVIDSON,037
47037-18-1,18-1,98,18-1,001888,18-4,0.04386061692463823,DAVIDSON,037
47037-18-1,18-1,98,18-1,001902,21-4,0.011421137806272408,DAVIDSON,037
47037-18-2,18-2,99,18-2,001886,18-2,0.5019556851446717,DAVIDSON,037
47037-18-2,18-2,99,18-2,001881,17-4,0.2658402741423435,DAVIDSON,037
47037-18-2,18-2,99,18-2,001888,18-4,0.1422523796340485,DAVIDSON,037
47037-18-2,18-2,99,18-2,001878,17-1,0.08113139505078004,DAVIDSON,037
47037-18-2,18-2,99,18-2,001921,25-4,0.008820266028156208,DAVIDSON,037
47037-18-3,18-3,100,18-3,001888,18-4,0.5084547071879724,DAVIDSON,037
47037-18-3,18-3,100,18-3,001887,18-3,0.43675916574870816,DAVIDSON,037
47037-18-3,18-3,100,18-3,001889,18-5,0.03952406227630643,DAVIDSON,037
47037-18-3,18-3,100,18-3,001918,25-1,0.01526206478701293,DAVIDSON,037
47037-19-1,19-1,101,19-1,001828,6-3,0.42421168087776495,DAVIDSON,037
47037-19-1,19-1,101,19-1,001824,5-4,0.4031486146937961,DAVIDSON,037
47037-19-1,19-1,101,19-1,001890,19-1,0.14565490949258256,DAVIDSON,037
47037-19-1,19-1,101,19-1,001894,19-5,0.01047145276345882,DAVIDSON,037
47037-19-1,19-1,101,19-1,001895,19-6,0.0057153710854285205,DAVIDSON,037
47037-19-1,19-1,101,19-1,001880,17-3,0.005576878904896261,DAVIDSON,037
47037-19-1,19-1,101,19-1,001878,17-1,0.005221092182072708,DAVIDSON,037
47037-19-2,19-2,102,19-2,001891,19-2,1.0,DAVIDSON,037
47037-19-3,19-3,103,19-3,001892,19-3,0.7948356694941406,DAVIDSON,037
47037-19-3,19-3,103,19-3,001902,21-4,0.07918064009729187,DAVIDSON,037
47037-19-3,19-3,103,19-3,001901,21-3,0.07120737871397977,DAVIDSON,037
47037-19-3,19-3,103,19-3,001891,19-2,0.030702317950084372,DAVIDSON,037
47037-19-3,19-3,103,19-3,001893,19-4,0.0240739937445034,DAVIDSON,037
47037-19-4,19-4,104,19-4,001890,19-1,0.7904844134866945,DAVIDSON,037
47037-19-4,19-4,104,19-4,001893,19-4,0.10849158479500459,DAVIDSON,037
47037-19-4,19-4,104,19-4,001892,19-3,0.10102400171830092,DAVIDSON,037
47037-19-5,19-5,105,19-5,001890,19-1,0.6112393382777792,DAVIDSON,037
47037-19-5,19-5,105,19-5,001893,19-4,0.1842614222881056,DAVIDSON,037
47037-19-5,19-5,105,19-5,001901,21-3,0.11068887795800555,DAVIDSON,037
47037-19-5,19-5,105,19-5,001902,21-4,0.09381036147610956,DAVIDSON,037
47037-2-1,2-1,8,02-1,001807,2-2,0.988799438025499,DAVIDSON,037
47037-2-1,2-1,8,02-1,001815,3-5,0.01120056197450099,DAVIDSON,037
47037-2-2,2-2,9,02-2,001807,2-2,0.9438091155315651,DAVIDSON,037
47037-2-2,2-2,9,02-2,001815,3-5,0.056190884468434905,DAVIDSON,037
47037-2-3,2-3,10,02-3,001808,2-3,0.7857496884149742,DAVIDSON,037
47037-2-3,2-3,10,02-3,001821,5-1,0.2142503115850258,DAVIDSON,037
47037-2-4,2-4,11,02-4,001809,2-4,1.0,DAVIDSON,037
47037-2-5,2-5,12,02-5,001806,2-1,0.505057230190584,DAVIDSON,037
47037-2-5,2-5,12,02-5,001810,2-5,0.32518076710719396,DAVIDSON,037
47037-2-5,2-5,12,02-5,001803,1-3,0.08829530744038416,DAVIDSON,037
47037-2-5,2-5,12,02-5,001815,3-5,0.08146669526183786,DAVIDSON,037
47037-20-1,20-1,106,20-1,001896,20-1,1.0,DAVIDSON,037
47037-20-2,20-2,107,20-2,001897,20-2,0.9350342881751101,DAVIDSON,037
47037-20-2,20-2,107,20-2,001896,20-1,0.06496571182488986,DAVIDSON,037
47037-20-3,20-3,108,20-3,001898,20-3,1.0,DAVIDSON,037
47037-20-4,20-4,109,20-4,001907,23-1,0.8022620285178855,DAVIDSON,037
47037-20-4,20-4,109,20-4,001911,23-5,0.1977379714821144,DAVIDSON,037
47037-20-5,20-5,110,20-5,001898,20-3,0.5911219253736714,DAVIDSON,037
47037-20-5,20-5,110,20-5,001913,24-2,0.3983710876249995,DAVIDSON,037
47037-20-5,20-5,110,20-5,001917,24-6,0.010506987001329028,DAVIDSON,037
47037-21-1,21-1,111,21-1,001902,21-4,1.0,DAVIDSON,037
47037-21-2,21-2,112,21-2,001901,21-3,0.7732267430524378,DAVIDSON,037
47037-21-2,21-2,112,21-2,001892,19-3,0.1799386442859919,DAVIDSON,037
47037-21-2,21-2,112,21-2,001902,21-4,0.04683461266157036,DAVIDSON,037
47037-21-3,21-3,113,21-3,001900,21-2,1.0,DAVIDSON,037
47037-21-4,21-4,114,21-4,001899,21-1,1.0,DAVIDSON,037
47037-22-1,22-1,115,22-1,001903,22-1,0.733710826873025,DAVIDSON,037
47037-22-1,22-1,115,22-1,001905,22-3,0.2268233702435146,DAVIDSON,037
47037-22-1,22-1,115,22-1,001908,23-2,0.03946580288346043,DAVIDSON,037
47037-22-2,22-2,116,22-2,001908,23-2,0.8575581691672578,DAVIDSON,037
47037-22-2,22-2,116,22-2,001903,22-1,0.14244183083274214,DAVIDSON,037
47037-22-3,22-3,117,22-3,001961,35-4,0.9180410400031828,DAVIDSON,037
47037-22-3,22-3,117,22-3,001906,22-4,0.08195895999681722,DAVIDSON,037
47037-22-4,22-4,118,22-4,001905,22-3,0.6308499231863351,DAVIDSON,037
47037-22-4,22-4,118,22-4,001906,22-4,0.36915007681366485,DAVIDSON,037
47037-23-1,23-1,119,23-1,001910,23-4,1.0,DAVIDSON,037
47037-23-2,23-2,120,23-2,001907,23-1,0.9890773309495515,DAVIDSON,037
47037-23-2,23-2,120,23-2,001911,23-5,0.010922669050448364,DAVIDSON,037
47037-23-3,23-3,121,23-3,001908,23-2,0.7720259887493676,DAVIDSON,037
47037-23-3,23-3,121,23-3,001909,23-3,0.2279740112506325,DAVIDSON,037
47037-23-4,23-4,122,23-4,001908,23-2,0.7077722041512389,DAVIDSON,037
47037-23-4,23-4,122,23-4,001909,23-3,0.29222779584876113,DAVIDSON,037
47037-23-5,23-5,123,23-5,001917,24-6,1.0,DAVIDSON,037
47037-24-1,24-1,124,24-1,001901,21-3,1.0,DAVIDSON,037
47037-24-2,24-2,125,24-2,001918,25-1,0.6230319574691731,DAVIDSON,037
47037-24-2,24-2,125,24-2,001917,24-6,0.376968042530827,DAVIDSON,037
47037-24-3,24-3,126,24-3,001915,24-4,0.9632601517668552,DAVIDSON,037
47037-24-3,24-3,126,24-3,001901,21-3,0.03673984823314482,DAVIDSON,037
47037-24-4,24-4,127,24-4,001916,24-5,0.8524760336663294,DAVIDSON,037
47037-24-4,24-4,127,24-4,001902,21-4,0.116903776722454,DAVIDSON,037
47037-24-4,24-4,127,24-4,001912,24-1,0.03062018961121657,DAVIDSON,037
47037-24-5,24-5,128,24-5,001912,24-1,0.6980709693282035,DAVIDSON,037
47037-24-5,24-5,128,24-5,001913,24-2,0.30192903067179655,DAVIDSON,037
47037-24-6,24-6,129,24-6,001917,24-6,0.5503258421540094,DAVIDSON,037
47037-24-6,24-6,129,24-6,001914,24-3,0.44967415784599063,DAVIDSON,037
47037-25-1,25-1,130,25-1,001919,25-2,0.849019954947667,DAVIDSON,037
47037-25-1,25-1,130,25-1,001921,25-4,0.15098004505233298,DAVIDSON,037
47037-25-2,25-2,131,25-2,001957,34-5,0.8342637659132979,DAVIDSON,037
47037-25-2,25-2,131,25-2,001919,25-2,0.14055864514974295,DAVIDSON,037
47037-25-2,25-2,131,25-2,001956,34-4,0.0251775889369592,DAVIDSON,037
47037-25-3,25-3,132,25-3,001919,25-2,0.5028608624156117,DAVIDSON,037
47037-25-3,25-3,132,25-3,001920,25-3,0.4398282738073475,DAVIDSON,037
47037-25-3,25-3,132,25-3,001957,34-5,0.05731086377704076,DAVIDSON,037
47037-25-4,25-4,133,25-4,001921,25-4,0.9777247132582143,DAVIDSON,037
47037-25-4,25-4,133,25-4,001919,25-2,0.011825406310131252,DAVIDSON,037
47037-25-4,25-4,133,25-4,001882,17-5,0.010449880431654374,DAVIDSON,037
47037-25-5,25-5,134,25-5,001920,25-3,0.5944210421066667,DAVIDSON,037
47037-25-5,25-5,134,25-5,001918,25-1,0.37146148796936895,DAVIDSON,037
47037-25-5,25-5,134,25-5,001921,25-4,0.034117469923964305,DAVIDSON,037
47037-26-1,26-1,135,26-1,001882,17-5,0.9314888479832297,DAVIDSON,037
47037-26-1,26-1,135,26-1,001881,17-4,0.06851115201677024,DAVIDSON,037
47037-26-2,26-2,136,26-2,001817,4-1,0.5742600237262492,DAVIDSON,037
47037-26-2,26-2,136,26-2,001925,26-4,0.41304042778574496,DAVIDSON,037
47037-26-2,26-2,136,26-2,001956,34-4,0.012699548488005863,DAVIDSON,037
47037-26-3,26-3,137,26-3,001923,26-2,0.9853400526238113,DAVIDSON,037
47037-26-3,26-3,137,26-3,001927,27-2,0.014659947376188719,DAVIDSON,037
47037-26-4,26-4,138,26-4,001924,26-3,0.5409151937104242,DAVIDSON,037
47037-26-4,26-4,138,26-4,001877,16-5,0.2231570480558212,DAVIDSON,037
47037-26-4,26-4,138,26-4,001875,16-3,0.13622012783160548,DAVIDSON,037
47037-26-4,26-4,138,26-4,001926,27-1,0.063999649056265,DAVIDSON,037
47037-26-4,26-4,138,26-4,001928,27-3,0.026810991470195146,DAVIDSON,037
47037-26-4,26-4,138,26-4,001927,27-2,0.008896989875689024,DAVIDSON,037
47037-27-1,27-1,139,27-1,001926,27-1,0.46776085783733873,DAVIDSON,037
47037-27-1,27-1,139,27-1,001939,30-4,0.365465664272119,DAVIDSON,037
47037-27-1,27-1,139,27-1,001938,30-3,0.16677347789054237,DAVIDSON,037
47037-27-3,27-3,140,27-3,001928,27-3,0.4899079121696271,DAVIDSON,037
47037-27-3,27-3,140,27-3,001936,30-1,0.21357566346889856,DAVIDSON,037
47037-27-3,27-3,140,27-3,001926,27-1,0.11617529917311743,DAVIDSON,037
47037-27-3,27-3,140,27-3,001938,30-3,0.10690369007471995,DAVIDSON,037
47037-27-3,27-3,140,27-3,001937,30-2,0.07343743511363694,DAVIDSON,037
47037-27-4,27-4,141,27-4,001926,27-1,0.4720131423753402,DAVIDSON,037
47037-27-4,27-4,141,27-4,001927,27-2,0.27539106890118237,DAVIDSON,037
47037-27-4,27-4,141,27-4,001928,27-3,0.25259578872347743,DAVIDSON,037
47037-28-1,28-1,142,28-1,001929,28-1,0.6279263683455567,DAVIDSON,037
47037-28-1,28-1,142,28-1,001932,29-1,0.36234137139800393,DAVIDSON,037
47037-28-1,28-1,142,28-1,001861,13-3,0.009732260256439505,DAVIDSON,037
47037-28-2,28-2,143,28-2,001929,28-1,0.5507106019040017,DAVIDSON,037
47037-28-2,28-2,143,28-2,001860,13-2,0.44928939809599827,DAVIDSON,037
47037-28-3,28-3,144,28-3,001931,28-3,0.6799293555028398,DAVIDSON,037
47037-28-3,28-3,144,28-3,001860,13-2,0.19617380641306265,DAVIDSON,037
47037-28-3,28-3,144,28-3,001930,28-2,0.12389683808409761,DAVIDSON,037
47037-28-4,28-4,145,28-4,001930,28-2,0.873345471158403,DAVIDSON,037
47037-28-4,28-4,145,28-4,001929,28-1,0.126654528841597,DAVIDSON,037
47037-28-5,28-5,146,28-5,001929,28-1,0.8028971061729375,DAVIDSON,037
47037-28-5,28-5,146,28-5,001930,28-2,0.19710289382706245,DAVIDSON,037
47037-29-1,29-1,147,29-1,001935,29-4,0.7618711586064902,DAVIDSON,037
47037-29-1,29-1,147,29-1,001949,33-2,0.23812884139350984,DAVIDSON,037
47037-29-2,29-2,148,29-2,001933,29-2,0.3936605608939282,DAVIDSON,037
47037-29-2,29-2,148,29-2,001934,29-3,0.3904327132967539,DAVIDSON,037
47037-29-2,29-2,148,29-2,001932,29-1,0.1085662461759055,DAVIDSON,037
47037-29-2,29-2,148,29-2,001949,33-2,0.07343318999819398,DAVIDSON,037
47037-29-2,29-2,148,29-2,001935,29-4,0.0339072896352183,DAVIDSON,037
47037-29-3,29-3,149,29-3,001933,29-2,0.9690899814215926,DAVIDSON,037
47037-29-3,29-3,149,29-3,001932,29-1,0.030910018578407302,DAVIDSON,037
47037-29-4,29-4,150,29-4,001949,33-2,0.5483059694730341,DAVIDSON,037
47037-29-4,29-4,150,29-4,001935,29-4,0.41242067165760327,DAVIDSON,037
47037-29-4,29-4,150,29-4,001934,29-3,0.020225802132188515,DAVIDSON,037
47037-29-4,29-4,150,29-4,001933,29-2,0.019047556737174072,DAVIDSON,037
47037-3-1,3-1,13,03-1,001812,3-2,1.0,DAVIDSON,037
47037-3-2,3-2,14,03-2,001814,3-4,0.6079108297760392,DAVIDSON,037
47037-3-2,3-2,14,03-2,001816,3-6,0.3920891702239609,DAVIDSON,037
47037-3-3,3-3,15,03-3,001816,3-6,1.0,DAVIDSON,037
47037-3-4,3-4,16,03-4,001839,8-3,0.9844978921416279,DAVIDSON,037
47037-3-4,3-4,16,03-4,001840,8-4,0.015502107858372121,DAVIDSON,037
47037-3-5,3-5,17,03-5,001840,8-4,0.9236541362530014,DAVIDSON,037
47037-3-5,3-5,17,03-5,001839,8-3,0.07634586374699862,DAVIDSON,037
47037-3-6,3-6,18,03-6,001814,3-4,1.0,DAVIDSON,037
47037-3-7,3-7,19,03-7,001840,8-4,0.9505777950454093,DAVIDSON,037
47037-3-7,3-7,19,03-7,001839,8-3,0.04942220495459064,DAVIDSON,037
47037-3-8,3-8,20,03-8,001815,3-5,0.49279916739458807,DAVIDSON,037
47037-3-8,3-8,20,03-8,001814,3-4,0.4250809572159954,DAVIDSON,037
47037-3-8,3-8,20,03-8,001807,2-2,0.08211987538941655,DAVIDSON,037
47037-30-1,30-1,151,30-1,001937,30-2,0.6240528029665774,DAVIDSON,037
47037-30-1,30-1,151,30-1,001936,30-1,0.37594719703342255,DAVIDSON,037
47037-30-2,30-2,152,30-2,001922,26-1,0.7407355174079671,DAVIDSON,037
47037-30-2,30-2,152,30-2,001936,30-1,0.19133958276448723,DAVIDSON,037
47037-30-2,30-2,152,30-2,001937,30-2,0.0679248998275456,DAVIDSON,037
47037-30-3,30-3,153,30-3,001922,26-1,0.46876028158778493,DAVIDSON,037
47037-30-3,30-3,153,30-3,001924,26-3,0.3059869147981085,DAVIDSON,037
47037-30-3,30-3,153,30-3,001875,16-3,0.16111764472789514,DAVIDSON,037
47037-30-3,30-3,153,30-3,001937,30-2,0.0641351588862114,DAVIDSON,037
47037-31-1,31-1,154,31-1,001941,31-2,1.0,DAVIDSON,037
47037-31-2,31-2,155,31-2,001942,31-3,1.0,DAVIDSON,037
47037-31-3,31-3,156,31-3,001943,31-4,0.9577879791079833,DAVIDSON,037
47037-31-3,31-3,156,31-3,001942,31-3,0.042212020892016706,DAVIDSON,037
47037-31-4,31-4,157,31-4,001941,31-2,0.869441132731416,DAVIDSON,037
47037-31-4,31-4,157,31-4,001926,27-1,0.130558867268584,DAVIDSON,037
47037-32-1,32-1,158,32-1,001950,33-3,0.9015043773387563,DAVIDSON,037
47037-32-1,32-1,158,32-1,001947,32-4,0.09849562266124373,DAVIDSON,037
47037-32-2,32-2,159,32-2,001945,32-2,0.6283473367635632,DAVIDSON,037
47037-32-2,32-2,159,32-2,001946,32-3,0.3502615015659315,DAVIDSON,037
47037-32-2,32-2,159,32-2,001947,32-4,0.021391161670505282,DAVIDSON,037
47037-32-3,32-3,160,32-3,001944,32-1,0.5988137523703592,DAVIDSON,037
47037-32-3,32-3,160,32-3,001947,32-4,0.4011862476296409,DAVIDSON,037
47037-32-4,32-4,161,32-4,001944,32-1,0.7948222754606457,DAVIDSON,037
47037-32-4,32-4,161,32-4,001930,28-2,0.20517772453935437,DAVIDSON,037
47037-33-1,33-1,162,33-1,001943,31-4,0.5017786633399378,DAVIDSON,037
47037-33-1,33-1,162,33-1,001951,33-4,0.4982213366600623,DAVIDSON,037
47037-33-2,33-2,163,33-2,001951,33-4,0.5607109239305603,DAVIDSON,037
47037-33-2,33-2,163,33-2,001943,31-4,0.2374950762743275,DAVIDSON,037
47037-33-2,33-2,163,33-2,001946,32-3,0.20179399979511226,DAVIDSON,037
47037-33-3,33-3,164,33-3,001946,32-3,1.0,DAVIDSON,037
47037-33-4,33-4,165,33-4,001946,32-3,0.8797814533150687,DAVIDSON,037
47037-33-4,33-4,165,33-4,001940,31-1,0.12021854668493134,DAVIDSON,037
47037-33-5,33-5,166,33-5,001940,31-1,1.0,DAVIDSON,037
47037-33-6,33-6,167,33-6,001939,30-4,0.7850445765183157,DAVIDSON,037
47037-33-6,33-6,167,33-6,001940,31-1,0.21495542348168423,DAVIDSON,037
47037-34-1,34-1,168,34-1,001955,34-3,1.0,DAVIDSON,037
47037-34-2,34-2,169,34-2,001954,34-2,0.5210373368389701,DAVIDSON,037
47037-34-2,34-2,169,34-2,001956,34-4,0.46971692099772133,DAVIDSON,037
47037-34-2,34-2,169,34-2,001909,23-3,0.009245742163308595,DAVIDSON,037
47037-34-3,34-3,170,34-3,001956,34-4,0.9457580619573384,DAVIDSON,037
47037-34-3,34-3,170,34-3,001906,22-4,0.05424193804266157,DAVIDSON,037
47037-34-4,34-4,171,34-4,001918,25-1,0.5934879593888602,DAVIDSON,037
47037-34-4,34-4,171,34-4,001953,34-1,0.4065120406111398,DAVIDSON,037
47037-34-5,34-5,172,34-5,001953,34-1,0.5760035837209376,DAVIDSON,037
47037-34-5,34-5,172,34-5,001957,34-5,0.3060092234665376,DAVIDSON,037
47037-34-5,34-5,172,34-5,001920,25-3,0.11798719281252476,DAVIDSON,037
47037-34-6,34-6,173,34-6,001917,24-6,0.530182202460848,DAVIDSON,037
47037-34-6,34-6,173,34-6,001920,25-3,0.46981779753915204,DAVIDSON,037
47037-35-1,35-1,174,35-1,001959,35-2,1.0,DAVIDSON,037
47037-35-2,35-2,175,35-2,001960,35-3,0.40442668757647776,DAVIDSON,037
47037-35-2,35-2,175,35-2,001959,35-2,0.31630846996623935,DAVIDSON,037
47037-35-2,35-2,175,35-2,001961,35-4,0.2792648424572829,DAVIDSON,037
47037-35-3,35-3,176,35-3,001960,35-3,0.9593092608932177,DAVIDSON,037
47037-35-3,35-3,176,35-3,001905,22-3,0.04069073910678225,DAVIDSON,037
47037-35-4,35-4,177,35-4,001958,35-1,0.7493868163720268,DAVIDSON,037
47037-35-4,35-4,177,35-4,001908,23-2,0.2506131836279733,DAVIDSON,037
47037-35-5,35-5,178,35-5,001958,35-1,0.967009820037915,DAVIDSON,037
47037-35-5,35-5,178,35-5,001903,22-1,0.03299017996208491,DAVIDSON,037
47037-4-1,4-1,21,04-1,001818,4-2,0.5689491755567745,DAVIDSON,037
47037-4-1,4-1,21,04-1,001927,27-2,0.4310508244432255,DAVIDSON,037
47037-4-2,4-2,22,04-2,001820,4-4,0.9417650830640946,DAVIDSON,037
47037-4-2,4-2,22,04-2,001819,4-3,0.05823491693590552,DAVIDSON,037
47037-4-3,4-3,23,04-3,001817,4-1,0.5643855230913254,DAVIDSON,037
47037-4-3,4-3,23,04-3,001819,4-3,0.4356144769086746,DAVIDSON,037
47037-5-1,5-1,24,05-1,001837,8-1,0.8250577950087429,DAVIDSON,037
47037-5-1,5-1,24,05-1,001839,8-3,0.16261401281115576,DAVIDSON,037
47037-5-1,5-1,24,05-1,001838,8-2,0.012328192180101376,DAVIDSON,037
47037-5-2,5-2,25,05-2,001838,8-2,1.0,DAVIDSON,037
47037-5-3,5-3,26,05-3,001838,8-2,1.0,DAVIDSON,037
47037-5-4,5-4,27,05-4,001837,8-1,0.37163120273062217,DAVIDSON,037
47037-5-4,5-4,27,05-4,001821,5-1,0.3680655436298375,DAVIDSON,037
47037-5-4,5-4,27,05-4,001838,8-2,0.1690450496164057,DAVIDSON,037
47037-5-4,5-4,27,05-4,001823,5-3,0.08139758532937977,DAVIDSON,037
47037-5-4,5-4,27,05-4,001822,5-2,0.009860618693754845,DAVIDSON,037
47037-5-5,5-5,28,05-5,001824,5-4,0.6653583617986949,DAVIDSON,037
47037-5-5,5-5,28,05-5,001822,5-2,0.2844781671228935,DAVIDSON,037
47037-5-5,5-5,28,05-5,001825,5-5,0.05016347107841165,DAVIDSON,037
47037-5-6,5-6,29,05-6,001822,5-2,0.6501684438864451,DAVIDSON,037
47037-5-6,5-6,29,05-6,001825,5-5,0.09309025369007112,DAVIDSON,037
47037-5-6,5-6,29,05-6,001821,5-1,0.09288743482084938,DAVIDSON,037
47037-5-6,5-6,29,05-6,001823,5-3,0.09244910731841373,DAVIDSON,037
47037-5-6,5-6,29,05-6,001824,5-4,0.07140476028422071,DAVIDSON,037
47037-5-7,5-7,30,05-7,001825,5-5,0.9585834562360072,DAVIDSON,037
47037-5-7,5-7,30,05-7,001826,6-1,0.03320076072259169,DAVIDSON,037
47037-5-7,5-7,30,05-7,001824,5-4,0.008215783041401126,DAVIDSON,037
47037-5-8,5-8,31,05-8,001823,5-3,0.7225275111834762,DAVIDSON,037
47037-5-8,5-8,31,05-8,001839,8-3,0.20981951488537776,DAVIDSON,037
47037-5-8,5-8,31,05-8,001837,8-1,0.056478162817187816,DAVIDSON,037
47037-5-8,5-8,31,05-8,001825,5-5,0.011174811113958301,DAVIDSON,037
47037-6-1,6-1,32,06-1,001833,7-3,0.7536845565863473,DAVIDSON,037
47037-6-1,6-1,32,06-1,001834,7-4,0.24631544341365283,DAVIDSON,037
47037-6-2,6-2,33,06-2,001833,7-3,0.6463097441343264,DAVIDSON,037
47037-6-2,6-2,33,06-2,001830,6-5,0.3536902558656736,DAVIDSON,037
47037-6-3,6-3,34,06-3,001830,6-5,0.6463006288511919,DAVIDSON,037
47037-6-3,6-3,34,06-3,001833,7-3,0.2424585959671983,DAVIDSON,037
47037-6-3,6-3,34,06-3,001827,6-2,0.11124077518160984,DAVIDSON,037
47037-6-4,6-4,35,06-4,001829,6-4,0.9116339951670951,DAVIDSON,037
47037-6-4,6-4,35,06-4,001831,7-1,0.08836600483290488,DAVIDSON,037
47037-6-5,6-5,36,06-5,001829,6-4,0.7295406902219139,DAVIDSON,037
47037-6-5,6-5,36,06-5,001831,7-1,0.2704593097780862,DAVIDSON,037
47037-6-6,6-6,37,06-6,001826,6-1,0.48644864718260333,DAVIDSON,037
47037-6-6,6-6,37,06-6,001828,6-3,0.25983378803147383,DAVIDSON,037
47037-6-6,6-6,37,06-6,001827,6-2,0.20759536196608286,DAVIDSON,037
47037-6-6,6-6,37,06-6,001830,6-5,0.04612220281983993,DAVIDSON,037
47037-6-7,6-7,38,06-7,001828,6-3,0.6426818840021379,DAVIDSON,037
47037-6-7,6-7,38,06-7,001826,6-1,0.3573181159978622,DAVIDSON,037
47037-6-8,6-8,39,06-8,001827,6-2,0.8846975578280224,DAVIDSON,037
47037-6-8,6-8,39,06-8,001826,6-1,0.07157273956127819,DAVIDSON,037
47037-6-8,6-8,39,06-8,001828,6-3,0.043729702610699375,DAVIDSON,037
47037-7-1,7-1,40,07-1,001833,7-3,0.9941929512994474,DAVIDSON,037
47037-7-1,7-1,40,07-1,001832,7-2,0.005807048700552517,DAVIDSON,037
47037-7-2,7-2,41,07-2,001838,8-2,0.8063522581419944,DAVIDSON,037
47037-7-2,7-2,41,07-2,001839,8-3,0.19364774185800554,DAVIDSON,037
47037-7-3,7-3,42,07-3,001836,7-6,0.6762427326668267,DAVIDSON,037
47037-7-3,7-3,42,07-3,001839,8-3,0.32375726733317334,DAVIDSON,037
47037-7-4,7-4,43,07-4,001835,7-5,0.620952754015184,DAVIDSON,037
47037-7-4,7-4,43,07-4,001839,8-3,0.22788744864265723,DAVIDSON,037
47037-7-4,7-4,43,07-4,001838,8-2,0.14295756009918362,DAVIDSON,037
47037-7-4,7-4,43,07-4,001834,7-4,0.008202237242975183,DAVIDSON,037
47037-7-5,7-5,44,07-5,001834,7-4,0.7349320960323464,DAVIDSON,037
47037-7-5,7-5,44,07-5,001839,8-3,0.23647166374259332,DAVIDSON,037
47037-7-5,7-5,44,07-5,001833,7-3,0.028596240225060267,DAVIDSON,037
47037-7-6,7-6,45,07-6,001831,7-1,0.4161949334895633,DAVIDSON,037
47037-7-6,7-6,45,07-6,001833,7-3,0.3242437042872533,DAVIDSON,037
47037-7-6,7-6,45,07-6,001832,7-2,0.25956136222318343,DAVIDSON,037
47037-7-7,7-7,46,07-7,001832,7-2,0.7293137155251123,DAVIDSON,037
47037-7-7,7-7,46,07-7,001831,7-1,0.2706862844748878,DAVIDSON,037
47037-8-1,8-1,47,08-1,001950,33-3,1.0,DAVIDSON,037
47037-8-2,8-2,48,08-2,001949,33-2,0.8781157102410596,DAVIDSON,037
47037-8-2,8-2,48,08-2,001948,33-1,0.0741104268826877,DAVIDSON,037
47037-8-2,8-2,48,08-2,001950,33-3,0.04777386287625272,DAVIDSON,037
47037-8-3,8-3,49,08-3,001950,33-3,0.6265559680019371,DAVIDSON,037
47037-8-3,8-3,49,08-3,001949,33-2,0.37344403199806286,DAVIDSON,037
47037-9-1,9-1,50,09-1,001841,9-1,0.8737843676064523,DAVIDSON,037
47037-9-1,9-1,50,09-1,001848,10-5,0.0941092177592229,DAVIDSON,037
47037-9-1,9-1,50,09-1,001840,8-4,0.03210641463432478,DAVIDSON,037
47037-9-2,9-2,51,09-2,001843,9-3,0.8493697714452173,DAVIDSON,037
47037-9-2,9-2,51,09-2,001842,9-2,0.09320343400338682,DAVIDSON,037
47037-9-2,9-2,51,09-2,001841,9-1,0.05742679455139593,DAVIDSON,037
47037-9-3,9-3,52,09-3,001843,9-3,0.7910977066591641,DAVIDSON,037
47037-9-3,9-3,52,09-3,001842,9-2,0.14283057379002836,DAVIDSON,037
47037-9-3,9-3,52,09-3,001841,9-1,0.026341077896045825,DAVIDSON,037
47037-9-3,9-3,52,09-3,001839,8-3,0.02167785768091423,DAVIDSON,037
47037-9-3,9-3,52,09-3,001836,7-6,0.011175849354416994,DAVIDSON,037
47037-9-3,9-3,52,09-3,001840,8-4,0.006876934619430386,DAVIDSON,037
47093-06,06,1,06 Green School,004864,06,0.9907552013692532,KNOX,093
47093-06,06,1,06 Green School,004862,10-N,0.009244798630746787,KNOX,093
47093-09,09,2,09 Eternal Life Harvest,004861,09,1.0,KNOX,093
47093-10A,10A,3,10A Howard Baker Center,004893,10-W,1.0,KNOX,093
47093-10N,10N,4,10N Fort Sanders,004862,10-N,1.0,KNOX,093
47093-10W,10W,6,10W Howard Baker Center,004893,10-W,1.0,KNOX,093
47093-11,11,7,11 Central UMC,004875,11,1.0,KNOX,093
47093-12,12,8,12 YWCA,004865,12,1.0,KNOX,093
47093-13,13,9,13 Fair Garden,004871,13,1.0,KNOX,093
47093-14,14,10,14 Austin-East,004873,14,1.0,KNOX,093
47093-15E,15E,11,15E John T. O'Connor,004867,15,1.0,KNOX,093
47093-15W,15W,12,15W John T. O'Connor,004867,15,0.8199426950593593,KNOX,093
47093-15W,15W,12,15W John T. O'Connor,004865,12,0.18005730494064068,KNOX,093
47093-16E,16E,13,16E Larry Cox Sr Center,004883,16,0.8604869169092927,KNOX,093
47093-16E,16E,13,16E Larry Cox Sr Center,004884,33,0.11831219836657383,KNOX,093
47093-16E,16E,13,16E Larry Cox Sr Center,004872,32,0.021200884724133562,KNOX,093
47093-16W,16W,14,16W Larry Cox Sr Center,004883,16,1.0,KNOX,093
47093-17,17,16,17 Christenberry,004876,17,1.0,KNOX,093
47093-18,18,17,18 Lincoln Park,004877,18,1.0,KNOX,093
47093-19,19,18,19 Thrive Lonsdale,004804,19-E,0.7344963113781942,KNOX,093
47093-19,19,18,19 Thrive Lonsdale,004894,19-W,0.26550368862180584,KNOX,093
47093-20,20,19,20 Beaumont,004863,20,0.6584776088033214,KNOX,093
47093-20,20,19,20 Beaumont,004861,09,0.3415223911966785,KNOX,093
47093-23,23,20,23 Westview,004859,23,1.0,KNOX,093
47093-24Q,24Q,21,24Q Sequoyah Hills,004833,24-Q,1.0,KNOX,093
47093-25,25,22,25 South Knox CC,004831,25,0.897783309527709,KNOX,093
47093-25,25,22,25 South Knox CC,004826,29,0.102216690472291,KNOX,093
47093-26,26,23,26 Dogwood,004809,26,1.0,KNOX,093
47093-27,27,24,27 South Knox,004827,27,1.0,KNOX,093
47093-29,29,25,29 Anderson,004826,29,0.8314922397469597,KNOX,093
47093-29,29,25,29 Anderson,004809,26,0.1685077602530403,KNOX,093
47093-30,30,26,30 Sarah Moore Greene,004868,30,1.0,KNOX,093
47093-31,31,27,31 Chilhowee,004870,31,1.0,KNOX,093
47093-32,32,28,32 Spring Hill,004872,32,1.0,KNOX,093
47093-33N,33N,29,33N Richard Yoakley,004884,33,1.0,KNOX,093
47093-33S,33S,30,33S Richard Yoakley,004884,33,1.0,KNOX,093
47093-33X,33X,31,33X Richard Yoakley,004884,33,1.0,KNOX,093
47093-34,34,32,34 Central,004882,34,1.0,KNOX,093
47093-35,35,33,35 Shannondale,004881,35,0.766866815680941,KNOX,093
47093-35,35,33,35 Shannondale,004882,34,0.23313318431905902,KNOX,093
47093-36,36,34,36 Gresham,004880,36,0.6664850990211435,KNOX,093
47093-36,36,34,36 Gresham,004879,37,0.3335149009788565,KNOX,093
47093-37,37,35,37 Inskip Elementary,004879,37,1.0,KNOX,093
47093-39E,39E,36,39E Inskip Rec Center,004803,41,0.5479984270175126,KNOX,093
47093-39E,39E,36,39E Inskip Rec Center,004802,39,0.45200157298248744,KNOX,093
47093-39W,39W,37,39W Inskip Rec Center,004802,39,1.0,KNOX,093
47093-40,40,38,40 Norwood,004806,40,1.0,KNOX,093
47093-41,41,39,41 Norwood,004803,41,1.0,KNOX,093
47093-42,42,40,42 Pleasant Ridge,004856,42,0.9937037645336102,KNOX,093
47093-42,42,40,42 Pleasant Ridge,004848,63,0.006296235466389737,KNOX,093
47093-43,43,41,43 West Haven,004857,43,1.0,KNOX,093
47093-44,44,42,44 Ridgedale,004855,44,1.0,KNOX,093
47093-45,45,43,45 Bearden Middle,004854,45,1.0,KNOX,093
47093-46,46,44,46 1st Nazarene,004838,46,1.0,KNOX,093
47093-47N,47N,45,47N Bearden High,004837,47,1.0,KNOX,093
47093-47S,47S,46,47S Bearden High,004837,47,1.0,KNOX,093
47093-48,48,47,48 Pond Gap,004801,48,1.0,KNOX,093
47093-49N,49N,48,49N Bearden Elementary,004834,49,1.0,KNOX,093
47093-49S,49S,49,49S Bearden Elementary,004834,49,1.0,KNOX,093
47093-50N,50N,50,50N West High,004858,50-N,1.0,KNOX,093
47093-50S,50S,51,50S West High,004860,50-S,1.0,KNOX,093
47093-51,51,52,51 Deane Hill Rec Ctr,004836,51,0.8959928222406535,KNOX,093
47093-51,51,52,51 Deane Hill Rec Ctr,004837,47,0.10400717775934658,KNOX,093
47093-55,55,53,55 Lonas,004853,55,1.0,KNOX,093
47093-56,56,54,56 Heiskell,004890,56,1.0,KNOX,093
47093-57,57,55,57 Hills,004810,57,1.0,KNOX,093
47093-58,58,56,58 Pedigo,004891,58-S,0.5851226487285393,KNOX,093
47093-58,58,56,58 Pedigo,004895,58-N,0.41487735127146075,KNOX,093
47093-59,59,57,59 Brickey,004887,59,0.9820896937823144,KNOX,093
47093-59,59,57,59 Brickey,004891,58-S,0.017910306217685634,KNOX,093
47093-60,60,58,60 Fort Sumter,004811,60,1.0,KNOX,093
47093-61E,61E,59,61E Halls,004886,61,1.0,KNOX,093
47093-61W,61W,60,61W Halls,004886,61,1.0,KNOX,093
47093-62,62,61,62 Hardin Valley,004844,62,1.0,KNOX,093
47093-63,63,62,63 Karns,004848,63,1.0,KNOX,093
47093-63N,63N,63,63N Karns North,004849,63-N,1.0,KNOX,093
47093-64,64,64,64 Solway,004846,64,1.0,KNOX,093
47093-65E,65E,65,65E Concord East,004896,65-E,0.9894604160330058,KNOX,093
47093-65E,65E,65,65E Concord East,004842,66-S,0.010539583966994134,KNOX,093
47093-65N,65N,66,65N Concord North,004845,65-N,1.0,KNOX,093
47093-65S,65S,67,65S Concord South,004896,65-E,1.0,KNOX,093
47093-65SW,65SW,68,65SW Concord Southwest,004841,65-W,1.0,KNOX,093
47093-65W,65W,69,65W Concord West,004841,65-W,1.0,KNOX,093
47093-66NE,66NE,70,66NE E Farragut Middle,004805,66-N,1.0,KNOX,093
47093-66NW,66NW,71,66NW W Farragut Middle,004805,66-N,1.0,KNOX,093
47093-66SE,66SE,72,66SE E Farragut High,004842,66-S,1.0,KNOX,093
47093-66SW,66SW,73,66SW W Farragut High,004842,66-S,1.0,KNOX,093
47093-67,67,74,67 North Cedar Bluff,004852,67,1.0,KNOX,093
47093-68,68,75,68 South Cedar Bluff,004850,68,1.0,KNOX,093
47093-68E,68E,76,68E East Cedar Bluff,004851,68-E,1.0,KNOX,093
47093-69E,69E,77,69E Bluegrass,004807,69-E,1.0,KNOX,093
47093-69N,69N,78,69N West Valley,004840,69-N,1.0,KNOX,093
47093-69S,69S,79,69S Northshore,004839,69-S,1.0,KNOX,093
47093-69W,69W,80,69W A. L. Lotts,004897,69-W,1.0,KNOX,093
47093-70E,70E,81,70E Amherst,004828,70-E,1.0,KNOX,093
47093-70W,70W,82,70W Ball Camp,004847,70-W,1.0,KNOX,093
47093-71,71,83,71 Rocky Hill,004835,71,1.0,KNOX,093
47093-72E,72E,84,72E Dante East,004888,72,1.0,KNOX,093
47093-72W,72W,85,72W Dante West,004888,72,1.0,KNOX,093
47093-73E,73E,86,73E Powell East,004892,73,0.9934233053304213,KNOX,093
47093-73E,73E,86,73E Powell East,004887,59,0.006576694669578731,KNOX,093
47093-73W,73W,87,73W Powell West,004892,73,1.0,KNOX,093
47093-74,74,88,74 Shannondale,004885,74,1.0,KNOX,093
47093-76,76,89,76 Sunnyview,004818,76,1.0,KNOX,093
47093-77,77,90,77 Ramsey,004821,77,1.0,KNOX,093
47093-78,78,91,78 Riverdale,004819,78,1.0,KNOX,093
47093-79,79,92,79 Dora Kennedy,004820,79,1.0,KNOX,093
47093-80,80,93,80 Corryton,004813,80,1.0,KNOX,093
47093-81,81,94,81 Gibbs,004812,81,1.0,KNOX,093
47093-82,82,95,82 Ellistown,004816,82,1.0,KNOX,093
47093-84,84,96,84 Ritta,004808,84,1.0,KNOX,093
47093-85,85,97,85 Skaggston,004814,85,1.0,KNOX,093
47093-86,86,98,86 Carter,004815,86,1.0,KNOX,093
47093-87,87,99,87 Thorngrove,004817,87,1.0,KNOX,093
47093-89,89,100,89 Mt. Olive,004829,89,1.0,KNOX,093
47093-90,90,101,90 Bonny Kate,004824,90,1.0,KNOX,093
47093-92,92,102,92 Gap Creek,004822,92,1.0,KNOX,093
47093-93,93,103,93 Hopewell,004823,93,1.0,KNOX,093
47065-Airport A,Airport A,1,Airport A,003477,Woodmore 2,0.5143627576316971,HAMILTON,065
47065-Airport A,Airport A,1,Airport A,003351,Airport,0.26379039218646916,HAMILTON,065
47065-Airport A,Airport A,1,Airport A,003416,Kingspoint 3,0.15272886356979612,HAMILTON,065
47065-Airport A,Airport A,1,Airport A,003469,Tyner 1,0.04748927015278587,HAMILTON,065
47065-Airport A,Airport A,1,Airport A,003476,Woodmore 1,0.015098959541650296,HAMILTON,065
47065-Airport A,Airport A,1,Airport A,003414,Kingspoint 1,0.006529756917601537,HAMILTON,065
47065-Airport B,Airport B,2,Airport B,003351,Airport,0.5463957362862206,HAMILTON,065
47065-Airport B,Airport B,2,Airport B,003469,Tyner 1,0.4355877960208773,HAMILTON,065
47065-Airport B,Airport B,2,Airport B,003417,Lake Hills,0.01801646769290207,HAMILTON,065
47065-Alton Park,Alton Park,3,Alton Park,003352,Alton Park 1,0.8502553585549473,HAMILTON,065
47065-Alton Park,Alton Park,3,Alton Park,003399,Eastside 1,0.11469509831980255,HAMILTON,065
47065-Alton Park,Alton Park,3,Alton Park,003391,East Lake,0.018379585792238015,HAMILTON,065
47065-Alton Park,Alton Park,3,Alton Park,003385,Downtown 2,0.010791649018942272,HAMILTON,065
47065-Alton Park,Alton Park,3,Alton Park,003463,St Elmo 1,0.005878308314069934,HAMILTON,065
47065-Apison A,Apison A,4,Apison A,003355,Apison 1,1.0,HAMILTON,065
47065-Apison B,Apison B,5,Apison B,003368,Collegedale 2,0.28675339809184713,HAMILTON,065
47065-Apison B,Apison B,5,Apison B,003367,Collegedale 1,0.187507083693516,HAMILTON,065
47065-Apison B,Apison B,5,Apison B,003445,Ooltewah 6,0.1571788699368722,HAMILTON,065
47065-Apison B,Apison B,5,Apison B,003355,Apison 1,0.13953856856665217,HAMILTON,065
47065-Apison B,Apison B,5,Apison B,003444,Ooltewah 5,0.0661340844227946,HAMILTON,065
47065-Apison B,Apison B,5,Apison B,003369,Collegedale 3,0.05283624416152313,HAMILTON,065
47065-Apison B,Apison B,5,Apison B,003357,Apison 3,0.040959684969960386,HAMILTON,065
47065-Apison B,Apison B,5,Apison B,003443,Ooltewah 4,0.034859885855300594,HAMILTON,065
47065-Apison B,Apison B,5,Apison B,003370,Collegedale 4,0.028612480142561847,HAMILTON,065
47065-Apison B,Apison B,5,Apison B,003356,Apison 2,0.005619700158971851,HAMILTON,065
47065-Avondale,Avondale,6,Avondale,003354,Amnicola,0.8040485043778101,HAMILTON,065
47065-Avondale,Avondale,6,Avondale,003358,Avondale,0.1545816405896815,HAMILTON,065
47065-Avondale,Avondale,6,Avondale,003389,East Chattanooga 1,0.04136985503250853,HAMILTON,065
47065-Birchwood,Birchwood,7,Birchwood,003361,Birchwood,1.0,HAMILTON,065
47065-Bonny Oaks,Bonny Oaks,8,Bonny Oaks,003466,Summit 1,0.6855066622292492,HAMILTON,065
47065-Bonny Oaks,Bonny Oaks,8,Bonny Oaks,003362,Bonny Oaks,0.18359653622418065,HAMILTON,065
47065-Bonny Oaks,Bonny Oaks,8,Bonny Oaks,003469,Tyner 1,0.07582279862528056,HAMILTON,065
47065-Bonny Oaks,Bonny Oaks,8,Bonny Oaks,003416,Kingspoint 3,0.05507400292128951,HAMILTON,065
47065-Brainerd,Brainerd,9,Brainerd,003363,Brainerd,0.9757607076520431,HAMILTON,065
47065-Brainerd,Brainerd,9,Brainerd,003426,Missionary Ridge,0.024239292347956853,HAMILTON,065
47065-Brainerd Hills,Brainerd Hills,10,Brainerd Hills,003364,Brainerd Hills,0.9351718555300395,HAMILTON,065
47065-Brainerd Hills,Brainerd Hills,10,Brainerd Hills,003372,Concord 2,0.06482814446996055,HAMILTON,065
47065-Bushtown,Bushtown,11,Bushtown,003365,Bushtown,0.807068451650953,HAMILTON,065
47065-Bushtown,Bushtown,11,Bushtown,003405,Glenwood,0.14106434060704465,HAMILTON,065
47065-Bushtown,Bushtown,11,Bushtown,003354,Amnicola,0.051867207742002444,HAMILTON,065
47065-Collegedale A,Collegedale A,12,Collegedale A,003370,Collegedale 4,0.48070500689909323,HAMILTON,065
47065-Collegedale A,Collegedale A,12,Collegedale A,003443,Ooltewah 4,0.3669021193494433,HAMILTON,065
47065-Collegedale A,Collegedale A,12,Collegedale A,003467,Summit 2,0.06079535939003521,HAMILTON,065
47065-Collegedale A,Collegedale A,12,Collegedale A,003440,Ooltewah 1,0.05799731606292136,HAMILTON,065
47065-Collegedale A,Collegedale A,12,Collegedale A,003367,Collegedale 1,0.033600198298506904,HAMILTON,065
47065-Collegedale B,Collegedale B,13,Collegedale B,003367,Collegedale 1,0.915511799374702,HAMILTON,065
47065-Collegedale B,Collegedale B,13,Collegedale B,003440,Ooltewah 1,0.08448820062529803,HAMILTON,065
47065-Concord A,Concord A,14,Concord A,003371,Concord 1,0.763195277489691,HAMILTON,065
47065-Concord A,Concord A,14,Concord A,003372,Concord 2,0.1515305348936469,HAMILTON,065
47065-Concord A,Concord A,14,Concord A,003388,East Brainerd 2,0.07886389740774415,HAMILTON,065
47065-Concord A,Concord A,14,Concord A,003364,Brainerd Hills,0.006410290208918039,HAMILTON,065
47065-Concord B,Concord B,15,Concord B,003375,Concord 4,0.5293604029746116,HAMILTON,065
47065-Concord B,Concord B,15,Concord B,003372,Concord 2,0.42858482854067254,HAMILTON,065
47065-Concord B,Concord B,15,Concord B,003387,East Brainerd 1,0.04205476848471578,HAMILTON,065
47065-Courthouse,Courthouse,16,Courthouse,003379,Courthouse 1,0.8176930969808591,HAMILTON,065
47065-Courthouse,Courthouse,16,Courthouse,003399,Eastside 1,0.09590128699809268,HAMILTON,065
47065-Courthouse,Courthouse,16,Courthouse,003385,Downtown 2,0.08640561602104815,HAMILTON,065
47065-Dalewood,Dalewood,17,Dalewood,003414,Kingspoint 1,0.45718850335270683,HAMILTON,065
47065-Dalewood,Dalewood,17,Dalewood,003396,Eastdale,0.29992399137897263,HAMILTON,065
47065-Dalewood,Dalewood,17,Dalewood,003381,Dalewood,0.24288750526832045,HAMILTON,065
47065-Dallas,Dallas,18,Dallas,003382,Dallas 1,0.7127959611775992,HAMILTON,065
47065-Dallas,Dallas,18,Dallas,003425,Middle Valley 2,0.1437634497841398,HAMILTON,065
47065-Dallas,Dallas,18,Dallas,003424,Middle Valley 1,0.07017959832241095,HAMILTON,065
47065-Dallas,Dallas,18,Dallas,003383,Dallas 2,0.06669909819709584,HAMILTON,065
47065-Dallas,Dallas,18,Dallas,003460,Soddy Daisy 1,0.006561892518754113,HAMILTON,065
47065-Downtown,Downtown,19,Downtown,003385,Downtown 2,0.5713871006043618,HAMILTON,065
47065-Downtown,Downtown,19,Downtown,003384,Downtown 1,0.3094400565517377,HAMILTON,065
47065-Downtown,Downtown,19,Downtown,003379,Courthouse 1,0.0646855179750925,HAMILTON,065
47065-Downtown,Downtown,19,Downtown,003427,Moccasin Bend,0.028163503992509276,HAMILTON,065
47065-Downtown,Downtown,19,Downtown,003380,Courthouse 2,0.02632382087629873,HAMILTON,065
47065-Dupont,Dupont,20,DuPont,003386,DuPont,0.8462152248585466,HAMILTON,065
47065-Dupont,Dupont,20,DuPont,003422,Lupton City,0.08182035006439854,HAMILTON,065
47065-Dupont,Dupont,20,DuPont,003437,Northgate 2,0.07196442507705492,HAMILTON,065
47065-East Brainerd A,East Brainerd A,21,East Brainerd A,003388,East Brainerd 2,1.0,HAMILTON,065
47065-East Brainerd B,East Brainerd B,22,East Brainerd B,003387,East Brainerd 1,0.8116285637754508,HAMILTON,065
47065-East Brainerd B,East Brainerd B,22,East Brainerd B,003375,Concord 4,0.18837143622454916,HAMILTON,065
47065-East Chattanooga,East Chattanooga,23,East Chattanooga,003381,Dalewood,0.3993537033374049,HAMILTON,065
47065-East Chattanooga,East Chattanooga,23,East Chattanooga,003390,East Chattanooga 2,0.3966898680154556,HAMILTON,065
47065-East Chattanooga,East Chattanooga,23,East Chattanooga,003389,East Chattanooga 1,0.1015897652038602,HAMILTON,065
47065-East Chattanooga,East Chattanooga,23,East Chattanooga,003358,Avondale,0.09399631537598287,HAMILTON,065
47065-East Chattanooga,East Chattanooga,23,East Chattanooga,003414,Kingspoint 1,0.008370348067296361,HAMILTON,065
47065-East Lake,East Lake,24,East Lake,003391,East Lake,0.9875159617622182,HAMILTON,065
47065-East Lake,East Lake,24,East Lake,003399,Eastside 1,0.012484038237781733,HAMILTON,065
47065-East Ridge A,East Ridge A,25,East Ridge A,003392,East Ridge 1,0.44153307301485956,HAMILTON,065
47065-East Ridge A,East Ridge A,25,East Ridge A,003393,East Ridge 2,0.312935106260529,HAMILTON,065
47065-East Ridge A,East Ridge A,25,East Ridge A,003394,East Ridge 3,0.24553182072461135,HAMILTON,065
47065-East Ridge B,East Ridge B,26,East Ridge B,003393,East Ridge 2,0.3288594048286497,HAMILTON,065
47065-East Ridge B,East Ridge B,26,East Ridge B,003392,East Ridge 1,0.32677208985438844,HAMILTON,065
47065-East Ridge B,East Ridge B,26,East Ridge B,003394,East Ridge 3,0.3139964804132006,HAMILTON,065
47065-East Ridge B,East Ridge B,26,East Ridge B,003363,Brainerd,0.030372024903761237,HAMILTON,065
47065-East Ridge C,East Ridge C,27,East Ridge C,003392,East Ridge 1,0.48646438675881665,HAMILTON,065
47065-East Ridge C,East Ridge C,27,East Ridge C,003394,East Ridge 3,0.4527388756123317,HAMILTON,065
47065-East Ridge C,East Ridge C,27,East Ridge C,003363,Brainerd,0.06079673762885156,HAMILTON,065
47065-East Ridge D,East Ridge D,28,East Ridge D,003395,East Ridge 4,0.8727634971921091,HAMILTON,065
47065-East Ridge D,East Ridge D,28,East Ridge D,003364,Brainerd Hills,0.11761318812378412,HAMILTON,065
47065-East Ridge D,East Ridge D,28,East Ridge D,003394,East Ridge 3,0.009623314684106843,HAMILTON,065
47065-Eastgate,Eastgate,29,Eastgate,003398,Eastgate 2,0.5542025457957901,HAMILTON,065
47065-Eastgate,Eastgate,29,Eastgate,003397,Eastgate 1,0.44579745420420985,HAMILTON,065
47065-Eastside,Eastside,30,Eastside,003399,Eastside 1,0.5525707241789749,HAMILTON,065
47065-Eastside,Eastside,30,Eastside,003452,Ridgedale 2,0.16628970087071918,HAMILTON,065
47065-Eastside,Eastside,30,Eastside,003352,Alton Park 1,0.1307912452420625,HAMILTON,065
47065-Eastside,Eastside,30,Eastside,003451,Ridgedale 1,0.07674909262532892,HAMILTON,065
47065-Eastside,Eastside,30,Eastside,003379,Courthouse 1,0.039067928645078714,HAMILTON,065
47065-Eastside,Eastside,30,Eastside,003400,Eastside 2,0.02094838805430692,HAMILTON,065
47065-Eastside,Eastside,30,Eastside,003385,Downtown 2,0.013582920383528822,HAMILTON,065
47065-Fairmount,Fairmount,31,Fairmount,003401,Fairmount,1.0,HAMILTON,065
47065-Falling Water A,Falling Water A,32,Falling Water A,003402,Falling Water,0.3198706172461083,HAMILTON,065
47065-Falling Water A,Falling Water A,32,Falling Water A,003439,Northwoods 2,0.3017469024733618,HAMILTON,065
47065-Falling Water A,Falling Water A,32,Falling Water A,003461,Soddy Daisy 2,0.21139713491838535,HAMILTON,065
47065-Falling Water A,Falling Water A,32,Falling Water A,003447,Pleasant Grove 2,0.09827722784724907,HAMILTON,065
47065-Falling Water A,Falling Water A,32,Falling Water A,003446,Pleasant Grove 1,0.06870811751489535,HAMILTON,065
47065-Falling Water B,Falling Water B,33,Falling Water B,003402,Falling Water,1.0,HAMILTON,065
47065-Flat Top Mountain,Flat Top Mountain,34,Flat Top Mountain,003403,Flat Top Mountain,0.990245523645797,HAMILTON,065
47065-Flat Top Mountain,Flat Top Mountain,34,Flat Top Mountain,003460,Soddy Daisy 1,0.009754476354203066,HAMILTON,065
47065-Ganns,Ganns,35,Ganns,003404,Ganns,0.8536497041402464,HAMILTON,065
47065-Ganns,Ganns,35,Ganns,003446,Pleasant Grove 1,0.11504820431083868,HAMILTON,065
47065-Ganns,Ganns,35,Ganns,003424,Middle Valley 1,0.031302091548914876,HAMILTON,065
47065-Glenwood,Glenwood,36,Glenwood,003396,Eastdale,0.6166523109660643,HAMILTON,065
47065-Glenwood,Glenwood,36,Glenwood,003405,Glenwood,0.38334768903393573,HAMILTON,065
47065-Harrison,Harrison,37,Harrison,003407,Harrison 2,0.6440931150378384,HAMILTON,065
47065-Harrison,Harrison,37,Harrison,003406,Harrison 1,0.19032266528302588,HAMILTON,065
47065-Harrison,Harrison,37,Harrison,003432,Murray Hills 1,0.10806387070415821,HAMILTON,065
47065-Harrison,Harrison,37,Harrison,003433,Murray Hills 2,0.0575203489749776,HAMILTON,065
47065-Harrison Bay,Harrison Bay,38,Harrison Bay,003409,Harrison 4,0.3255569010431174,HAMILTON,065
47065-Harrison Bay,Harrison Bay,38,Harrison Bay,003458,Snowhill 1,0.28226188369944194,HAMILTON,065
47065-Harrison Bay,Harrison Bay,38,Harrison Bay,003410,Harrison 5,0.28187747466502966,HAMILTON,065
47065-Harrison Bay,Harrison Bay,38,Harrison Bay,003459,Snowhill 2,0.11030374059241099,HAMILTON,065
47065-Hixson,Hixson,39,Hixson,003412,Hixson 2,0.5135287298953036,HAMILTON,065
47065-Hixson,Hixson,39,Hixson,003411,Hixson 1,0.48059763651583615,HAMILTON,065
47065-Hixson,Hixson,39,Hixson,003438,Northwoods 1,0.005873633588860301,HAMILTON,065
47065-Hunter,Hunter,40,Hunter,003408,Harrison 3,0.4209410134720312,HAMILTON,065
47065-Hunter,Hunter,40,Hunter,003468,Summit 3,0.2998995172638577,HAMILTON,065
47065-Hunter,Hunter,40,Hunter,003443,Ooltewah 4,0.128001384603049,HAMILTON,065
47065-Hunter,Hunter,40,Hunter,003409,Harrison 4,0.08678778548803537,HAMILTON,065
47065-Hunter,Hunter,40,Hunter,003407,Harrison 2,0.029828305174755876,HAMILTON,065
47065-Hunter,Hunter,40,Hunter,003467,Summit 2,0.01961040386791787,HAMILTON,065
47065-Hunter,Hunter,40,Hunter,003442,Ooltewah 3,0.014931590130352999,HAMILTON,065
47065-Hurricane Creek,Hurricane Creek,41,Hurricane Creek,003474,Westview 2,0.5707307395100453,HAMILTON,065
47065-Hurricane Creek,Hurricane Creek,41,Hurricane Creek,003355,Apison 1,0.21961491975128797,HAMILTON,065
47065-Hurricane Creek,Hurricane Creek,41,Hurricane Creek,003475,Westview 3,0.09935695999154082,HAMILTON,065
47065-Hurricane Creek,Hurricane Creek,41,Hurricane Creek,003388,East Brainerd 2,0.09721451053360533,HAMILTON,065
47065-Hurricane Creek,Hurricane Creek,41,Hurricane Creek,003387,East Brainerd 1,0.013082870213520734,HAMILTON,065
47065-Kingspoint,Kingspoint,42,Kingspoint,003414,Kingspoint 1,0.36476072793317127,HAMILTON,065
47065-Kingspoint,Kingspoint,42,Kingspoint,003415,Kingspoint 2,0.315325260114818,HAMILTON,065
47065-Kingspoint,Kingspoint,42,Kingspoint,003390,East Chattanooga 2,0.13906283015987392,HAMILTON,065
47065-Kingspoint,Kingspoint,42,Kingspoint,003416,Kingspoint 3,0.06730510906769216,HAMILTON,065
47065-Kingspoint,Kingspoint,42,Kingspoint,003381,Dalewood,0.06005769614637158,HAMILTON,065
47065-Kingspoint,Kingspoint,42,Kingspoint,003389,East Chattanooga 1,0.05348837657807319,HAMILTON,065
47065-Lake Hills,Lake Hills,43,Lake Hills,003417,Lake Hills,0.9324980270230188,HAMILTON,065
47065-Lake Hills,Lake Hills,43,Lake Hills,003362,Bonny Oaks,0.0675019729769812,HAMILTON,065
47065-Lakesite,Lakesite,44,Lakesite,003418,Lakesite,0.9070773771346186,HAMILTON,065
47065-Lakesite,Lakesite,44,Lakesite,003404,Ganns,0.07664551689009082,HAMILTON,065
47065-Lakesite,Lakesite,44,Lakesite,003424,Middle Valley 1,0.016277105975290675,HAMILTON,065
47065-Lookout Mountain,Lookout Mountain,45,Lookout Mountain,003419,Lookout Mountain,0.9258630209542568,HAMILTON,065
47065-Lookout Mountain,Lookout Mountain,45,Lookout Mountain,003421,Lookout Valley 2,0.0667139563249981,HAMILTON,065
47065-Lookout Mountain,Lookout Mountain,45,Lookout Mountain,003463,St Elmo 1,0.0074230227207450665,HAMILTON,065
47065-Lookout Valley,Lookout Valley,46,Lookout Valley,003421,Lookout Valley 2,0.67320898866825,HAMILTON,065
47065-Lookout Valley,Lookout Valley,46,Lookout Valley,003420,Lookout Valley 1,0.3138981198408661,HAMILTON,065
47065-Lookout Valley,Lookout Valley,46,Lookout Valley,003464,St Elmo 2,0.012892891490883891,HAMILTON,065
47065-Lupton City,Lupton City,47,Lupton City,003422,Lupton City,0.5297206246753805,HAMILTON,065
47065-Lupton City,Lupton City,47,Lupton City,003437,Northgate 2,0.23401877728547152,HAMILTON,065
47065-Lupton City,Lupton City,47,Lupton City,003436,Northgate 1,0.21835004085393975,HAMILTON,065
47065-Lupton City,Lupton City,47,Lupton City,003465,Stuart Heights,0.017910557185208183,HAMILTON,065
47065-Meadowview,Meadowview,48,Meadowview,003361,Birchwood,0.3850416598337708,HAMILTON,065
47065-Meadowview,Meadowview,48,Meadowview,003423,Meadowview,0.31360355717461913,HAMILTON,065
47065-Meadowview,Meadowview,48,Meadowview,003458,Snowhill 1,0.26395809021566685,HAMILTON,065
47065-Meadowview,Meadowview,48,Meadowview,003459,Snowhill 2,0.03739669277594335,HAMILTON,065
47065-Middle Valley,Middle Valley,49,Middle Valley,003424,Middle Valley 1,1.0,HAMILTON,065
47065-Missionary Ridge,Missionary Ridge,50,Missionary Ridge,003426,Missionary Ridge,1.0,HAMILTON,065
47065-Mountain Creek A,Mountain Creek A,51,Mountain Creek A,003428,Mountain Creek 1,0.9890294754274461,HAMILTON,065
47065-Mountain Creek A,Mountain Creek A,51,Mountain Creek A,003450,Red Bank 3,0.010970524572553913,HAMILTON,065
47065-Mountain Creek B,Mountain Creek B,52,Mountain Creek B,003471,Valdeau,0.782629147070653,HAMILTON,065
47065-Mountain Creek B,Mountain Creek B,52,Mountain Creek B,003428,Mountain Creek 1,0.20833943119144066,HAMILTON,065
47065-Mountain Creek B,Mountain Creek B,52,Mountain Creek B,003472,Walden,0.009031421737906418,HAMILTON,065
47065-Mountain Creek C,Mountain Creek C,53,Mountain Creek C,003430,Mountain Creek 3,0.8357934886125877,HAMILTON,065
47065-Mountain Creek C,Mountain Creek C,53,Mountain Creek C,003429,Mountain Creek 2,0.14684098415518154,HAMILTON,065
47065-Mountain Creek C,Mountain Creek C,53,Mountain Creek C,003427,Moccasin Bend,0.009495706725121011,HAMILTON,065
47065-Mountain Creek C,Mountain Creek C,53,Mountain Creek C,003448,Red Bank 1,0.00786982050710969,HAMILTON,065
47065-Mowbray A,Mowbray A,54,Mowbray A,003431,Mowbray,1.0,HAMILTON,065
47065-Mowbray B,Mowbray B,55,Mowbray B,003431,Mowbray,0.9947598944400845,HAMILTON,065
47065-Mowbray B,Mowbray B,55,Mowbray B,003460,Soddy Daisy 1,0.0052401055599154665,HAMILTON,065
47065-Murray Hills,Murray Hills,56,Murray Hills,003432,Murray Hills 1,0.9047893413571982,HAMILTON,065
47065-Murray Hills,Murray Hills,56,Murray Hills,003433,Murray Hills 2,0.09521065864280182,HAMILTON,065
47065-North Chattanooga A,North Chattanooga A,57,North Chattanooga A,003427,Moccasin Bend,0.9647170943297274,HAMILTON,065
47065-North Chattanooga A,North Chattanooga A,57,North Chattanooga A,003435,North Chattanooga 2,0.03528290567027253,HAMILTON,065
47065-North Chattanooga B,North Chattanooga B,58,North Chattanooga B,003427,Moccasin Bend,1.0,HAMILTON,065
47065-Northgate,Northgate,59,Northgate,003413,Hixson 3,0.7327388148933452,HAMILTON,065
47065-Northgate,Northgate,59,Northgate,003412,Hixson 2,0.11734498316368482,HAMILTON,065
47065-Northgate,Northgate,59,Northgate,003437,Northgate 2,0.1162943399020326,HAMILTON,065
47065-Northgate,Northgate,59,Northgate,003386,DuPont,0.03362186204093742,HAMILTON,065
47065-Northshore,Northshore,60,Northshore,003434,North Chattanooga 1,0.651708277631561,HAMILTON,065
47065-Northshore,Northshore,60,Northshore,003435,North Chattanooga 2,0.25773423374763366,HAMILTON,065
47065-Northshore,Northshore,60,Northshore,003454,Riverview,0.05771720596579045,HAMILTON,065
47065-Northshore,Northshore,60,Northshore,003465,Stuart Heights,0.032840282655014943,HAMILTON,065
47065-Northwoods,Northwoods,61,Northwoods,003438,Northwoods 1,0.3667682228092179,HAMILTON,065
47065-Northwoods,Northwoods,61,Northwoods,003428,Mountain Creek 1,0.3129480513637415,HAMILTON,065
47065-Northwoods,Northwoods,61,Northwoods,003439,Northwoods 2,0.20153702672447493,HAMILTON,065
47065-Northwoods,Northwoods,61,Northwoods,003436,Northgate 1,0.11874669910256572,HAMILTON,065
47065-Ooltewah,Ooltewah,62,Ooltewah,003443,Ooltewah 4,0.8398280509391678,HAMILTON,065
47065-Ooltewah,Ooltewah,62,Ooltewah,003370,Collegedale 4,0.10731614014632239,HAMILTON,065
47065-Ooltewah,Ooltewah,62,Ooltewah,003442,Ooltewah 3,0.0528558089145098,HAMILTON,065
47065-Ooltewah Georgetown,Ooltewah Georgetown,63,Ooltewah Georgetown,003361,Birchwood,0.8176080812852744,HAMILTON,065
47065-Ooltewah Georgetown,Ooltewah Georgetown,63,Ooltewah Georgetown,003459,Snowhill 2,0.16603281125393285,HAMILTON,065
47065-Ooltewah Georgetown,Ooltewah Georgetown,63,Ooltewah Georgetown,003443,Ooltewah 4,0.016359107460792725,HAMILTON,065
47065-Ooltewah Ringgold,Ooltewah Ringgold,64,Ooltewah Ringgold,003355,Apison 1,0.5142353159806454,HAMILTON,065
47065-Ooltewah Ringgold,Ooltewah Ringgold,64,Ooltewah Ringgold,003440,Ooltewah 1,0.2843089639676981,HAMILTON,065
47065-Ooltewah Ringgold,Ooltewah Ringgold,64,Ooltewah Ringgold,003356,Apison 2,0.20145572005165638,HAMILTON,065
47065-Pleasant Grove A,Pleasant Grove A,65,Pleasant Grove A,003446,Pleasant Grove 1,1.0,HAMILTON,065
47065-Pleasant Grove B,Pleasant Grove B,66,Pleasant Grove B,003446,Pleasant Grove 1,0.929340938578606,HAMILTON,065
47065-Pleasant Grove B,Pleasant Grove B,66,Pleasant Grove B,003424,Middle Valley 1,0.07065906142139391,HAMILTON,065
47065-Possum Creek,Possum Creek,67,Possum Creek,003360,Bakewell 2,0.8666650547983068,HAMILTON,065
47065-Possum Creek,Possum Creek,67,Possum Creek,003359,Bakewell 1,0.13333494520169314,HAMILTON,065
47065-Red Bank A,Red Bank A,68,Red Bank A,003448,Red Bank 1,0.9117868142157972,HAMILTON,065
47065-Red Bank A,Red Bank A,68,Red Bank A,003449,Red Bank 2,0.08821318578420279,HAMILTON,065
47065-Red Bank B,Red Bank B,69,Red Bank B,003450,Red Bank 3,0.8490956478670034,HAMILTON,065
47065-Red Bank B,Red Bank B,69,Red Bank B,003449,Red Bank 2,0.136534376482616,HAMILTON,065
47065-Red Bank B,Red Bank B,69,Red Bank B,003428,Mountain Creek 1,0.01436997565038055,HAMILTON,065
47065-Red Bank C,Red Bank C,70,Red Bank C,003450,Red Bank 3,0.9108519190344149,HAMILTON,065
47065-Red Bank C,Red Bank C,70,Red Bank C,003449,Red Bank 2,0.0891480809655851,HAMILTON,065
47065-Ridgedale,Ridgedale,71,Ridgedale,003399,Eastside 1,0.5239544881987233,HAMILTON,065
47065-Ridgedale,Ridgedale,71,Ridgedale,003451,Ridgedale 1,0.467706083412187,HAMILTON,065
47065-Ridgedale,Ridgedale,71,Ridgedale,003379,Courthouse 1,0.008339428389089723,HAMILTON,065
47065-Ridgeside,Ridgeside,72,Ridgeside,003453,Ridgeside,0.9405988023116718,HAMILTON,065
47065-Ridgeside,Ridgeside,72,Ridgeside,003396,Eastdale,0.059401197688328244,HAMILTON,065
47065-Riverview,Riverview,73,Riverview,003454,Riverview,0.8896324860719578,HAMILTON,065
47065-Riverview,Riverview,73,Riverview,003465,Stuart Heights,0.11036751392804224,HAMILTON,065
47065-Sale Creek,Sale Creek,74,Sale Creek,003455,Sale Creek,0.6101442341247824,HAMILTON,065
47065-Sale Creek,Sale Creek,74,Sale Creek,003359,Bakewell 1,0.34794938406115494,HAMILTON,065
47065-Sale Creek,Sale Creek,74,Sale Creek,003360,Bakewell 2,0.04190638181406275,HAMILTON,065
47065-Savannah Bay,Savannah Bay,75,Savannah Bay,003459,Snowhill 2,0.8005785369451177,HAMILTON,065
47065-Savannah Bay,Savannah Bay,75,Savannah Bay,003443,Ooltewah 4,0.19942146305488223,HAMILTON,065
47065-Sequoyah,Sequoyah,76,Sequoyah,003382,Dallas 1,0.6175694197827641,HAMILTON,065
47065-Sequoyah,Sequoyah,76,Sequoyah,003383,Dallas 2,0.36996019422434534,HAMILTON,065
47065-Sequoyah,Sequoyah,76,Sequoyah,003460,Soddy Daisy 1,0.01247038599289043,HAMILTON,065
47065-Signal Mountain A,Signal Mountain A,77,Signal Mountain A,003457,Signal Mountain 2,0.9899914399849958,HAMILTON,065
47065-Signal Mountain A,Signal Mountain A,77,Signal Mountain A,003471,Valdeau,0.010008560015004135,HAMILTON,065
47065-Signal Mountain B,Signal Mountain B,78,Signal Mountain B,003456,Signal Mountain 1,0.5642398259043988,HAMILTON,065
47065-Signal Mountain B,Signal Mountain B,78,Signal Mountain B,003401,Fairmount,0.4357601740956011,HAMILTON,065
47065-Silverdale,Silverdale,79,Silverdale,003374,Concord 3,0.29513766768224126,HAMILTON,065
47065-Silverdale,Silverdale,79,Silverdale,003470,Tyner 2,0.22569279240851914,HAMILTON,065
47065-Silverdale,Silverdale,79,Silverdale,003469,Tyner 1,0.16489516053360723,HAMILTON,065
47065-Silverdale,Silverdale,79,Silverdale,003375,Concord 4,0.1504136938313685,HAMILTON,065
47065-Silverdale,Silverdale,79,Silverdale,003377,Concord 6,0.10837124020385604,HAMILTON,065
47065-Silverdale,Silverdale,79,Silverdale,003378,Concord 7,0.055489445340407825,HAMILTON,065
47065-Soddy Daisy A,Soddy Daisy A,80,Soddy Daisy A,003461,Soddy Daisy 2,0.8477374333390155,HAMILTON,065
47065-Soddy Daisy A,Soddy Daisy A,80,Soddy Daisy A,003462,Soddy Daisy 3,0.15226256666098445,HAMILTON,065
47065-Soddy Daisy B,Soddy Daisy B,81,Soddy Daisy B,003460,Soddy Daisy 1,0.9497756566458004,HAMILTON,065
47065-Soddy Daisy B,Soddy Daisy B,81,Soddy Daisy B,003382,Dallas 1,0.05022434335419961,HAMILTON,065
47065-Soddy Daisy C,Soddy Daisy C,82,Soddy Daisy C,003460,Soddy Daisy 1,0.9489841000735828,HAMILTON,065
47065-Soddy Daisy C,Soddy Daisy C,82,Soddy Daisy C,003359,Bakewell 1,0.01753377868163381,HAMILTON,065
47065-Soddy Daisy C,Soddy Daisy C,82,Soddy Daisy C,003360,Bakewell 2,0.01260770830970999,HAMILTON,065
47065-Soddy Daisy C,Soddy Daisy C,82,Soddy Daisy C,003403,Flat Top Mountain,0.011437054575149923,HAMILTON,065
47065-Soddy Daisy C,Soddy Daisy C,82,Soddy Daisy C,003431,Mowbray,0.009437358359923393,HAMILTON,065
47065-St Elmo,St Elmo,83,St. Elmo,003463,St Elmo 1,0.535541099210046,HAMILTON,065
47065-St Elmo,St Elmo,83,St. Elmo,003385,Downtown 2,0.28232613199953344,HAMILTON,065
47065-St Elmo,St Elmo,83,St. Elmo,003427,Moccasin Bend,0.09216152135239052,HAMILTON,065
47065-St Elmo,St Elmo,83,St. Elmo,003464,St Elmo 2,0.03568759381801066,HAMILTON,065
47065-St Elmo,St Elmo,83,St. Elmo,003352,Alton Park 1,0.03556736533721302,HAMILTON,065
47065-St Elmo,St Elmo,83,St. Elmo,003353,Alton Park 2,0.0100868441451635,HAMILTON,065
47065-St Elmo,St Elmo,83,St. Elmo,003420,Lookout Valley 1,0.008629444137642888,HAMILTON,065
47065-Stuart Heights,Stuart Heights,84,Stuart Heights,003465,Stuart Heights,0.7088130934912303,HAMILTON,065
47065-Stuart Heights,Stuart Heights,84,Stuart Heights,003422,Lupton City,0.2773693267423072,HAMILTON,065
47065-Stuart Heights,Stuart Heights,84,Stuart Heights,003428,Mountain Creek 1,0.013817579766462525,HAMILTON,065
47065-Summit,Summit,85,Summit,003441,Ooltewah 2,0.445541946522702,HAMILTON,065
47065-Summit,Summit,85,Summit,003440,Ooltewah 1,0.19382605305941963,HAMILTON,065
47065-Summit,Summit,85,Summit,003378,Concord 7,0.1708372271585687,HAMILTON,065
47065-Summit,Summit,85,Summit,003467,Summit 2,0.0802517029906195,HAMILTON,065
47065-Summit,Summit,85,Summit,003469,Tyner 1,0.07285390342306959,HAMILTON,065
47065-Summit,Summit,85,Summit,003442,Ooltewah 3,0.01895591197662838,HAMILTON,065
47065-Summit,Summit,85,Summit,003443,Ooltewah 4,0.009429735210859037,HAMILTON,065
47065-Summit,Summit,85,Summit,003367,Collegedale 1,0.008303519658133076,HAMILTON,065
47065-Tyner,Tyner,86,Tyner,003469,Tyner 1,1.0,HAMILTON,065
47065-Valleybrook,Valleybrook,87,Valleybrook,003413,Hixson 3,0.4329217910000847,HAMILTON,065
47065-Valleybrook,Valleybrook,87,Valleybrook,003412,Hixson 2,0.3590226630084698,HAMILTON,065
47065-Valleybrook,Valleybrook,87,Valleybrook,003446,Pleasant Grove 1,0.1605275833161318,HAMILTON,065
47065-Valleybrook,Valleybrook,87,Valleybrook,003404,Ganns,0.04752796267531373,HAMILTON,065
47065-Walden,Walden,88,Walden,003472,Walden,0.9077908200672072,HAMILTON,065
47065-Walden,Walden,88,Walden,003401,Fairmount,0.09220917993279278,HAMILTON,065
47065-Westview A,Westview A,89,Westview A,003475,Westview 3,0.9017157573856293,HAMILTON,065
47065-Westview A,Westview A,89,Westview A,003387,East Brainerd 1,0.08086316572121816,HAMILTON,065
47065-Westview A,Westview A,89,Westview A,003375,Concord 4,0.017421076893152594,HAMILTON,065
47065-Westview B,Westview B,90,Westview B,003473,Westview 1,0.9365586094581287,HAMILTON,065
47065-Westview B,Westview B,90,Westview B,003475,Westview 3,0.0634413905418713,HAMILTON,065
47065-Wolftever,Wolftever,91,Wolftever,003466,Summit 1,0.3879809963860458,HAMILTON,065
47065-Wolftever,Wolftever,91,Wolftever,003407,Harrison 2,0.28453978812823616,HAMILTON,065
47065-Wolftever,Wolftever,91,Wolftever,003408,Harrison 3,0.17721268791144099,HAMILTON,065
47065-Wolftever,Wolftever,91,Wolftever,003409,Harrison 4,0.1371059143612081,HAMILTON,065
47065-Wolftever,Wolftever,91,Wolftever,003467,Summit 2,0.013160613213069126,HAMILTON,065
47065-Woodmore,Woodmore,92,Woodmore,003476,Woodmore 1,1.0,HAMILTON,065
47149-1-1,1-1,1,1-1,007651,1-1 LaVergne Lake Elementary School,0.5726082107248781,RUTHERFORD,149
47149-1-1,1-1,1,1-1,007654,3-1 Leanna Church of Christ,0.40129826947316993,RUTHERFORD,149
47149-1-1,1-1,1,1-1,007660,5-2 LaVergne Middle School,0.026093519801952066,RUTHERFORD,149
47149-10-1,10-1,14,10-1,007671,10-1 Rock Springs Elementary School,0.9251479637762456,RUTHERFORD,149
47149-10-1,10-1,14,10-1,007699,12-3 LaVergne High School,0.044176982408055766,RUTHERFORD,149
47149-10-1,10-1,14,10-1,007659,5-1 Cedar Grove Elementary School,0.030675053815698555,RUTHERFORD,149
47149-10-2,10-2,15,10-2,007669,9-1 Stewarts Creek Elementary School,0.5056841725089009,RUTHERFORD,149
47149-10-2,10-2,15,10-2,007672,10-2 Lifepoint Church,0.49431582749109926,RUTHERFORD,149
47149-11-1,11-1,16,11-1,007673,11-1 Smyrna Middle School,1.0,RUTHERFORD,149
47149-11-2,11-2,17,11-2,007674,11-2 StewartsboroElementary School,0.5626752639978849,RUTHERFORD,149
47149-11-2,11-2,17,11-2,007672,10-2 Lifepoint Church,0.43732473600211513,RUTHERFORD,149
47149-12-1,12-1,18,12-1,007675,12-1 TN National Guard Armory,0.7251594458068943,RUTHERFORD,149
47149-12-1,12-1,18,12-1,007676,12-2 Smyrna Elementary School,0.2528423079091208,RUTHERFORD,149
47149-12-1,12-1,18,12-1,007660,5-2 LaVergne Middle School,0.012273712775214779,RUTHERFORD,149
47149-12-1,12-1,18,12-1,007651,1-1 LaVergne Lake Elementary School,0.009724533508770117,RUTHERFORD,149
47149-12-2,12-2,19,12-2,007655,3-2 Old Jefferson Church of Christ,1.0,RUTHERFORD,149
47149-13-1,13-1,20,13-1,007678,13-2 Cason Lane Academy,0.34461309473300145,RUTHERFORD,149
47149-13-1,13-1,20,13-1,007663,7-1 New Heights Chapel,0.31648215257359674,RUTHERFORD,149
47149-13-1,13-1,20,13-1,007694,20-2 Blackman High School,0.30850043339053473,RUTHERFORD,149
47149-13-1,13-1,20,13-1,007677,13-1 Bellwood-Bowdoin Pre-School,0.030404319302867168,RUTHERFORD,149
47149-14-1,14-1,21,14-1,007683,16-1 Central Magnet School,1.0,RUTHERFORD,149
47149-14-2,14-2,22,14-2,007692,19-2 New Vision Baptist Church,0.5051726884902539,RUTHERFORD,149
47149-14-2,14-2,22,14-2,007680,14-2 Siegel Elementary School,0.23096653901724906,RUTHERFORD,149
47149-14-2,14-2,22,14-2,007679,14-1 Siegel Middle School,0.19640328112375985,RUTHERFORD,149
47149-14-2,14-2,22,14-2,007654,3-1 Leanna Church of Christ,0.04868024835454763,RUTHERFORD,149
47149-14-2,14-2,22,14-2,007698,2-1 Lascassas Elementary School,0.018777243014189596,RUTHERFORD,149
47149-15-1,15-1,23,15-1,007681,15-1 John Pittard Elementary,0.6301847241641995,RUTHERFORD,149
47149-15-1,15-1,23,15-1,007682,15-2 Northfield Elementary School,0.2766876453853925,RUTHERFORD,149
47149-15-1,15-1,23,15-1,007684,16-2 Mitchell-Neilson Primary School,0.09312763045040819,RUTHERFORD,149
47149-15-2,15-2,24,15-2,007680,14-2 Siegel Elementary School,0.5519346376172932,RUTHERFORD,149
47149-15-2,15-2,24,15-2,007682,15-2 Northfield Elementary School,0.38619302820405743,RUTHERFORD,149
47149-15-2,15-2,24,15-2,007679,14-1 Siegel Middle School,0.06187233417864926,RUTHERFORD,149
47149-16-1,16-1,25,16-1,007683,16-1 Central Magnet School,0.9794338977858809,RUTHERFORD,149
47149-16-1,16-1,25,16-1,007682,15-2 Northfield Elementary School,0.020566102214119173,RUTHERFORD,149
47149-16-2,16-2,26,16-2,007677,13-1 Bellwood-Bowdoin Pre-School,0.47616881108305914,RUTHERFORD,149
47149-16-2,16-2,26,16-2,007692,19-2 New Vision Baptist Church,0.21549529205228038,RUTHERFORD,149
47149-16-2,16-2,26,16-2,007685,16-3 Lane Agri-Park,0.21314025522614358,RUTHERFORD,149
47149-16-2,16-2,26,16-2,007683,16-1 Central Magnet School,0.08951748833588842,RUTHERFORD,149
47149-16-2,16-2,26,16-2,007664,7-2 Barfield Elementary School,0.005678153302628407,RUTHERFORD,149
47149-17-1,17-1,27,17-1,007686,17-1 North Boulevard Church of Christ,0.6172187574356044,RUTHERFORD,149
47149-17-1,17-1,27,17-1,007682,15-2 Northfield Elementary School,0.20880244448788005,RUTHERFORD,149
47149-17-1,17-1,27,17-1,007687,17-2 Kingwood Heights Church of Christ,0.09381680064965754,RUTHERFORD,149
47149-17-1,17-1,27,17-1,007688,17-3 Wesley Foundation,0.0801619974268579,RUTHERFORD,149
47149-18-1,18-1,28,18-1,007689,18-1 Patterson Park Community Center,0.8747012656822715,RUTHERFORD,149
47149-18-1,18-1,28,18-1,007690,18-2 Riverdale High School,0.05754915482823995,RUTHERFORD,149
47149-18-1,18-1,28,18-1,007695,21-1 Hobgood Elementary School,0.05184486818439537,RUTHERFORD,149
47149-18-1,18-1,28,18-1,007683,16-1 Central Magnet School,0.015904711305093237,RUTHERFORD,149
47149-18-2,18-2,29,18-2,007690,18-2 Riverdale High School,0.5265369707806637,RUTHERFORD,149
47149-18-2,18-2,29,18-2,007689,18-1 Patterson Park Community Center,0.28077778620906824,RUTHERFORD,149
47149-18-2,18-2,29,18-2,007677,13-1 Bellwood-Bowdoin Pre-School,0.11792389706144471,RUTHERFORD,149
47149-18-2,18-2,29,18-2,007662,6-2 Christiana Middle School,0.06205177726708823,RUTHERFORD,149
47149-18-2,18-2,29,18-2,007664,7-2 Barfield Elementary School,0.012709568681735091,RUTHERFORD,149
47149-19-1,19-1,30,19-1,007693,20-1 Blackman United Methodist Church,0.4426408401706987,RUTHERFORD,149
47149-19-1,19-1,30,19-1,007691,19-1 Creekmont General Baptist Church,0.17008039981663567,RUTHERFORD,149
47149-19-1,19-1,30,19-1,007663,7-1 New Heights Chapel,0.1583119659782622,RUTHERFORD,149
47149-19-1,19-1,30,19-1,007670,9-2 Browns Chapel Elementary School,0.08555496815027089,RUTHERFORD,149
47149-19-1,19-1,30,19-1,007692,19-2 New Vision Baptist Church,0.06583843741340313,RUTHERFORD,149
47149-19-1,19-1,30,19-1,007674,11-2 StewartsboroElementary School,0.043225313033208757,RUTHERFORD,149
47149-19-1,19-1,30,19-1,007694,20-2 Blackman High School,0.03434807543752058,RUTHERFORD,149
47149-2-1,2-1,2,2-1,007652,2-3 Milton Fire Station,0.507421372612621,RUTHERFORD,149
47149-2-1,2-1,2,2-1,007698,2-1 Lascassas Elementary School,0.30292974449620136,RUTHERFORD,149
47149-2-1,2-1,2,2-1,007653,2-2 Wilson Elementary School,0.15647768167441178,RUTHERFORD,149
47149-2-1,2-1,2,2-1,007654,3-1 Leanna Church of Christ,0.0331712012167658,RUTHERFORD,149
47149-2-2,2-2,3,2-2,007653,2-2 Wilson Elementary School,0.7333473302274194,RUTHERFORD,149
47149-2-2,2-2,3,2-2,007698,2-1 Lascassas Elementary School,0.2666526697725806,RUTHERFORD,149
47149-20-1,20-1,31,20-1,007694,20-2 Blackman High School,0.6098850811479775,RUTHERFORD,149
47149-20-1,20-1,31,20-1,007685,16-3 Lane Agri-Park,0.3002531378019115,RUTHERFORD,149
47149-20-1,20-1,31,20-1,007693,20-1 Blackman United Methodist Church,0.0898617810501111,RUTHERFORD,149
47149-21-1,21-1,32,21-1,007696,21-2 BlackFox Elementary School,0.6990995273221605,RUTHERFORD,149
47149-21-1,21-1,32,21-1,007695,21-1 Hobgood Elementary School,0.3009004726778394,RUTHERFORD,149
47149-21-2,21-2,33,21-2,007695,21-1 Hobgood Elementary School,0.5221725315919035,RUTHERFORD,149
47149-21-2,21-2,33,21-2,007696,21-2 BlackFox Elementary School,0.34097149623877643,RUTHERFORD,149
47149-21-2,21-2,33,21-2,007690,18-2 Riverdale High School,0.13685597216932013,RUTHERFORD,149
47149-3-1,3-1,4,3-1,007654,3-1 Leanna Church of Christ,1.0,RUTHERFORD,149
47149-3-2,3-2,5,3-2,007654,3-1 Leanna Church of Christ,0.6878540125024873,RUTHERFORD,149
47149-3-2,3-2,5,3-2,007655,3-2 Old Jefferson Church of Christ,0.12020547325103483,RUTHERFORD,149
47149-3-2,3-2,5,3-2,007691,19-1 Creekmont General Baptist Church,0.07333127492232532,RUTHERFORD,149
47149-3-2,3-2,5,3-2,007653,2-2 Wilson Elementary School,0.037976209295535156,RUTHERFORD,149
47149-3-2,3-2,5,3-2,007680,14-2 Siegel Elementary School,0.03746922592602174,RUTHERFORD,149
47149-3-2,3-2,5,3-2,007674,11-2 StewartsboroElementary School,0.019600430729708455,RUTHERFORD,149
47149-3-2,3-2,5,3-2,007692,19-2 New Vision Baptist Church,0.011804679773540327,RUTHERFORD,149
47149-3-2,3-2,5,3-2,007698,2-1 Lascassas Elementary School,0.011758693599346807,RUTHERFORD,149
47149-4-1,4-1,6,4-1,007661,6-1 Whitworth-Buchannan Middle School,0.40735908783529134,RUTHERFORD,149
47149-4-1,4-1,6,4-1,007656,4-1 Kittrell Elementary School,0.38657654686256016,RUTHERFORD,149
47149-4-1,4-1,6,4-1,007658,4-3 Oakland Middle School,0.1771973122545286,RUTHERFORD,149
47149-4-1,4-1,6,4-1,007700,4-5 Bud's Tire,0.017754024239918353,RUTHERFORD,149
47149-4-1,4-1,6,4-1,007657,4-2 North Boulevard Church of Christ,0.0111130288077016,RUTHERFORD,149
47149-4-2,4-2,7,4-2,007700,4-5 Bud's Tire,1.0,RUTHERFORD,149
47149-5-1,5-1,8,5-1,007659,5-1 Cedar Grove Elementary School,0.4286981298258201,RUTHERFORD,149
47149-5-1,5-1,8,5-1,007660,5-2 LaVergne Middle School,0.40235906611075095,RUTHERFORD,149
47149-5-1,5-1,8,5-1,007699,12-3 LaVergne High School,0.16894280406342893,RUTHERFORD,149
47149-6-1,6-1,9,6-1,007661,6-1 Whitworth-Buchannan Middle School,1.0,RUTHERFORD,149
47149-6-2,6-2,10,6-2,007662,6-2 Christiana Middle School,0.48147201692570113,RUTHERFORD,149
47149-6-2,6-2,10,6-2,007667,8-3 Lebanon Campground Church,0.26875004586097173,RUTHERFORD,149
47149-6-2,6-2,10,6-2,007661,6-1 Whitworth-Buchannan Middle School,0.20732862272524077,RUTHERFORD,149
47149-6-2,6-2,10,6-2,007668,8-4 Crescent Church of Christ,0.042449314488086476,RUTHERFORD,149
47149-7-1,7-1,11,7-1,007664,7-2 Barfield Elementary School,0.6523366509380273,RUTHERFORD,149
47149-7-1,7-1,11,7-1,007662,6-2 Christiana Middle School,0.20309255156350853,RUTHERFORD,149
47149-7-1,7-1,11,7-1,007663,7-1 New Heights Chapel,0.14457079749846416,RUTHERFORD,149
47149-8-1,8-1,12,8-1,007665,8-1 Rockvale Middle School,0.5314169272819894,RUTHERFORD,149
47149-8-1,8-1,12,8-1,007666,8-2 Eagleville Community Center,0.27885243735891785,RUTHERFORD,149
47149-8-1,8-1,12,8-1,007667,8-3 Lebanon Campground Church,0.12893461632382378,RUTHERFORD,149
47149-8-1,8-1,12,8-1,007668,8-4 Crescent Church of Christ,0.06079601903526894,RUTHERFORD,149
47149-9-1,9-1,13,9-1,007669,9-1 Stewarts Creek Elementary School,0.43885954312971676,RUTHERFORD,149
47149-9-1,9-1,13,9-1,007693,20-1 Blackman United Methodist Church,0.332927436936798,RUTHERFORD,149
47149-9-1,9-1,13,9-1,007670,9-2 Browns Chapel Elementary School,0.2282130199334852,RUTHERFORD,149
47187-1-1,1-1,1,1-1,009701,1-1 Westwood Elementary School,0.8905620475587086,WILLIAMSON,187
47187-1-1,1-1,1,1-1,009702,1-2 Fairview Recreation Center,0.10943795244129143,WILLIAMSON,187
47187-1-2,1-2,2,1-2,009709,3-1 Heritage Elementary School,1.0,WILLIAMSON,187
47187-1-3,1-3,3,1-3,009742,1-5 The Church of Spring Hill,1.0,WILLIAMSON,187
47187-1-4-5,1-4-5,5,1-4-5,009703,1-3 Old Pinewood School,0.5163022829985042,WILLIAMSON,187
47187-1-4-5,1-4-5,5,1-4-5,009704,1-4 Burwood Community Center,0.38823962832546577,WILLIAMSON,187
47187-1-4-5,1-4-5,5,1-4-5,009731,9-4 Grace Chapel Church,0.08550725061066336,WILLIAMSON,187
47187-1-4-5,1-4-5,5,1-4-5,009702,1-2 Fairview Recreation Center,0.009950838065366603,WILLIAMSON,187
47187-1-6,1-6,6,1-6,009702,1-2 Fairview Recreation Center,0.5056055689437137,WILLIAMSON,187
47187-1-6,1-6,6,1-6,009703,1-3 Old Pinewood School,0.41752851465496704,WILLIAMSON,187
47187-1-6,1-6,6,1-6,009731,9-4 Grace Chapel Church,0.07686591640131919,WILLIAMSON,187
47187-10-1,10-1,41,10-1,009732,10-1 Franklin Recreation Complex,0.6984325998869598,WILLIAMSON,187
47187-10-1,10-1,41,10-1,009734,10-3 Hunter's Bend Elementary School,0.3015674001130402,WILLIAMSON,187
47187-10-2,10-2,42,10-2,009732,10-1 Franklin Recreation Complex,1.0,WILLIAMSON,187
47187-10-3,10-3,43,10-3,009739,12-2 The Church of the City-Franklin,1.0,WILLIAMSON,187
47187-10-4,10-4,44,10-4,009738,12-1 Franklin Community of Faith Church,1.0,WILLIAMSON,187
47187-10-5,10-5,45,10-5,009733,10-2 Liberty Elementary School,0.9728189049660617,WILLIAMSON,187
47187-10-5,10-5,45,10-5,009739,12-2 The Church of the City-Franklin,0.02718109503393823,WILLIAMSON,187
47187-10-6,10-6,46,10-6,009734,10-3 Hunter's Bend Elementary School,0.4329020117588292,WILLIAMSON,187
47187-10-6,10-6,46,10-6,009733,10-2 Liberty Elementary School,0.3257305182501389,WILLIAMSON,187
47187-10-6,10-6,46,10-6,009732,10-1 Franklin Recreation Complex,0.2413674699910319,WILLIAMSON,187
47187-11-1,11-1,47,11-1,009735,11-1 Franklin Elementary School,0.5707035562676531,WILLIAMSON,187
47187-11-1,11-1,47,11-1,009737,11-3 Winstead Elementary School,0.3172958018387023,WILLIAMSON,187
47187-11-1,11-1,47,11-1,009739,12-2 The Church of the City-Franklin,0.09991582292038327,WILLIAMSON,187
47187-11-1,11-1,47,11-1,009707,2-3 Oakview Elementary School,0.006284161072307306,WILLIAMSON,187
47187-11-1,11-1,47,11-1,009736,11-2 Robert Ring Indoor Soccer Complex,0.005800657900953978,WILLIAMSON,187
47187-11-2,11-2,48,11-2,009736,11-2 Robert Ring Indoor Soccer Complex,0.6491867655038787,WILLIAMSON,187
47187-11-2,11-2,48,11-2,009732,10-1 Franklin Recreation Complex,0.2411729891719602,WILLIAMSON,187
47187-11-2,11-2,48,11-2,009733,10-2 Liberty Elementary School,0.10964024532416113,WILLIAMSON,187
47187-11-3,11-3,49,11-3,009741,9-5 Independence High School,0.5660872849188869,WILLIAMSON,187
47187-11-3,11-3,49,11-3,009737,11-3 Winstead Elementary School,0.433912715081113,WILLIAMSON,187
47187-11-4,11-4,50,11-4,009736,11-2 Robert Ring Indoor Soccer Complex,0.8897068749703304,WILLIAMSON,187
47187-11-4,11-4,50,11-4,009732,10-1 Franklin Recreation Complex,0.11029312502966959,WILLIAMSON,187
47187-11-5,11-5,51,11-5,009737,11-3 Winstead Elementary School,0.5216784350027488,WILLIAMSON,187
47187-11-5,11-5,51,11-5,009735,11-1 Franklin Elementary School,0.28628250149859374,WILLIAMSON,187
47187-11-5,11-5,51,11-5,009707,2-3 Oakview Elementary School,0.18584780119692706,WILLIAMSON,187
47187-11-5,11-5,51,11-5,009736,11-2 Robert Ring Indoor Soccer Complex,0.006191262301730291,WILLIAMSON,187
47187-12-1,12-1,52,12-1,009739,12-2 The Church of the City-Franklin,1.0,WILLIAMSON,187
47187-12-2,12-2,53,12-2,009712,4-1 Prairie Life Fitness Center,1.0,WILLIAMSON,187
47187-12-3,12-3,54,12-3,009714,4-3 Franklin Christian Church,0.5443507596378294,WILLIAMSON,187
47187-12-3,12-3,54,12-3,009740,12-3 The Gate Community Church,0.4435852362105765,WILLIAMSON,187
47187-12-3,12-3,54,12-3,009712,4-1 Prairie Life Fitness Center,0.00628478487954399,WILLIAMSON,187
47187-12-3,12-3,54,12-3,009739,12-2 The Church of the City-Franklin,0.005779219272050135,WILLIAMSON,187
47187-12-4,12-4,55,12-4,009740,12-3 The Gate Community Church,0.6279813955160488,WILLIAMSON,187
47187-12-4,12-4,55,12-4,009713,4-2 Millview Church of Christ,0.3720186044839512,WILLIAMSON,187
47187-2-1,2-1,7,2-1,009707,2-3 Oakview Elementary School,1.0,WILLIAMSON,187
47187-2-2,2-2,8,2-2,009999,2-5 Fire & Rescue Station #24,1.0,WILLIAMSON,187
47187-2-3,2-3,9,2-3,009705,2-1 Bethesda Recreation Center,0.4997927754648654,WILLIAMSON,187
47187-2-3,2-3,9,2-3,009708,2-4 College Grove Community Center,0.3595149038141543,WILLIAMSON,187
47187-2-3,2-3,9,2-3,009717,5-3 Triune Baptist Church,0.11209372702102753,WILLIAMSON,187
47187-2-3,2-3,9,2-3,009740,12-3 The Gate Community Church,0.028598593699952737,WILLIAMSON,187
47187-2-4,2-4,10,2-4,009705,2-1 Bethesda Recreation Center,0.6375084825801041,WILLIAMSON,187
47187-2-4,2-4,10,2-4,009708,2-4 College Grove Community Center,0.3103382680687473,WILLIAMSON,187
47187-2-4,2-4,10,2-4,009706,2-2 Thompson Station Baptist Church,0.05215324935114873,WILLIAMSON,187
47187-2-5,2-5,11,2-5,009706,2-2 Thompson Station Baptist Church,0.8297310649914955,WILLIAMSON,187
47187-2-5,2-5,11,2-5,009709,3-1 Heritage Elementary School,0.17026893500850449,WILLIAMSON,187
47187-3-1,3-1,12,3-1,009710,3-2 Longview Recreation Center,0.8646205069344285,WILLIAMSON,187
47187-3-1,3-1,12,3-1,009709,3-1 Heritage Elementary School,0.13537949306557157,WILLIAMSON,187
47187-3-2,3-2,13,3-2,009711,3-3 Chapman's Retreat Elementary School,1.0,WILLIAMSON,187
47187-3-3,3-3,14,3-3,009709,3-1 Heritage Elementary School,1.0,WILLIAMSON,187
47187-4-1,4-1,15,4-1,009712,4-1 Prairie Life Fitness Center,0.8683369735522236,WILLIAMSON,187
47187-4-1,4-1,15,4-1,009713,4-2 Millview Church of Christ,0.08430452250925348,WILLIAMSON,187
47187-4-1,4-1,15,4-1,009718,5-4 Nolensville Baptist Church,0.047358503938522936,WILLIAMSON,187
47187-4-2,4-2,16,4-2,009712,4-1 Prairie Life Fitness Center,0.9838504679986,WILLIAMSON,187
47187-4-2,4-2,16,4-2,009713,4-2 Millview Church of Christ,0.016149532001400006,WILLIAMSON,187
47187-4-3,4-3,17,4-3,009714,4-3 Franklin Christian Church,0.5372921960867992,WILLIAMSON,187
47187-4-3,4-3,17,4-3,009713,4-2 Millview Church of Christ,0.46270780391320065,WILLIAMSON,187
47187-4-4,4-4,18,4-4,009713,4-2 Millview Church of Christ,0.43601431648851674,WILLIAMSON,187
47187-4-4,4-4,18,4-4,009718,5-4 Nolensville Baptist Church,0.4109305659523637,WILLIAMSON,187
47187-4-4,4-4,18,4-4,009715,5-1 Sunset Elementary School,0.09261577725792405,WILLIAMSON,187
47187-4-4,4-4,18,4-4,009721,6-3 Holy Family Catholic Church,0.060439340301195514,WILLIAMSON,187
47187-5-1,5-1,19,5-1,009718,5-4 Nolensville Baptist Church,0.6463481652006625,WILLIAMSON,187
47187-5-1,5-1,19,5-1,009715,5-1 Sunset Elementary School,0.3536518347993375,WILLIAMSON,187
47187-5-2,5-2,20,5-2,009716,5-2 Nolensville Methodist Church,1.0,WILLIAMSON,187
47187-5-3,5-3,21,5-3,009717,5-3 Triune Baptist Church,0.4844773151837502,WILLIAMSON,187
47187-5-3,5-3,21,5-3,009716,5-2 Nolensville Methodist Church,0.27778382377371097,WILLIAMSON,187
47187-5-3,5-3,21,5-3,009718,5-4 Nolensville Baptist Church,0.23773886104253883,WILLIAMSON,187
47187-5-4,5-4,22,5-4,009717,5-3 Triune Baptist Church,1.0,WILLIAMSON,187
47187-6-1,6-1,23,6-1,009719,6-1 Brentwood Library,0.8652602775791269,WILLIAMSON,187
47187-6-1,6-1,23,6-1,009724,7-3 New Hope Community Church,0.09096770534724705,WILLIAMSON,187
47187-6-1,6-1,23,6-1,009712,4-1 Prairie Life Fitness Center,0.043772017073626004,WILLIAMSON,187
47187-6-2,6-2,24,6-2,009721,6-3 Holy Family Catholic Church,1.0,WILLIAMSON,187
47187-6-3,6-3,25,6-3,009720,6-2 Brentwood Safety Center,0.8527469550659128,WILLIAMSON,187
47187-6-3,6-3,25,6-3,009715,5-1 Sunset Elementary School,0.14725304493408725,WILLIAMSON,187
47187-6-4,6-4,26,6-4,009715,5-1 Sunset Elementary School,0.9225781562515643,WILLIAMSON,187
47187-6-4,6-4,26,6-4,009721,6-3 Holy Family Catholic Church,0.07742184374843573,WILLIAMSON,187
47187-7-1,7-1,27,7-1,009724,7-3 New Hope Community Church,0.9228870731673551,WILLIAMSON,187
47187-7-1,7-1,27,7-1,009719,6-1 Brentwood Library,0.07711292683264494,WILLIAMSON,187
47187-7-2,7-2,28,7-2,009726,8-2 First Presbyterian Church,1.0,WILLIAMSON,187
47187-7-3,7-3,29,7-3,009723,7-2 Baptist Children's Home,0.7918006825055501,WILLIAMSON,187
47187-7-3,7-3,29,7-3,009722,7-1 Brenthaven Church,0.14129643692973526,WILLIAMSON,187
47187-7-3,7-3,29,7-3,009725,8-1 Grassland Middle School,0.059512530393830664,WILLIAMSON,187
47187-7-3,7-3,29,7-3,009719,6-1 Brentwood Library,0.007390350170883952,WILLIAMSON,187
47187-7-4,7-4,30,7-4,009722,7-1 Brenthaven Church,1.0,WILLIAMSON,187
47187-8-1,8-1,31,8-1,009725,8-1 Grassland Middle School,0.7544273942393963,WILLIAMSON,187
47187-8-1,8-1,31,8-1,009722,7-1 Brenthaven Church,0.10266813194839643,WILLIAMSON,187
47187-8-1,8-1,31,8-1,009727,8-3 Episcopal Church,0.1004053184328054,WILLIAMSON,187
47187-8-1,8-1,31,8-1,009728,9-1 Walnut Grove Elementary School,0.02660081789955101,WILLIAMSON,187
47187-8-1,8-1,31,8-1,009723,7-2 Baptist Children's Home,0.015898337479850814,WILLIAMSON,187
47187-8-2,8-2,32,8-2,009726,8-2 First Presbyterian Church,1.0,WILLIAMSON,187
47187-8-3,8-3,33,8-3,009727,8-3 Episcopal Church,0.7243111401846716,WILLIAMSON,187
47187-8-3,8-3,33,8-3,009729,9-2 Benton Hall School,0.2756888598153285,WILLIAMSON,187
47187-8-4,8-4,34,8-4,009726,8-2 First Presbyterian Church,0.6671685180067367,WILLIAMSON,187
47187-8-4,8-4,34,8-4,009738,12-1 Franklin Community of Faith Church,0.33283148199326323,WILLIAMSON,187
47187-9-1,9-1,35,9-1,009729,9-2 Benton Hall School,0.703176344878231,WILLIAMSON,187
47187-9-1,9-1,35,9-1,009728,9-1 Walnut Grove Elementary School,0.2968236551217689,WILLIAMSON,187
47187-9-2,9-2,36,9-2,009730,9-3 Westhaven Clubhouse,1.0,WILLIAMSON,187
47187-9-3,9-3,37,9-3,009730,9-3 Westhaven Clubhouse,1.0,WILLIAMSON,187
47187-9-4,9-4,38,9-4,009999,2-5 Fire & Rescue Station #24,1.0,WILLIAMSON,187
47187-9-5,9-5,39,9-5,009706,2-2 Thompson Station Baptist Church,1.0,WILLIAMSON,187
47187-9-6,9-6,40,9-6,009731,9-4 Grace Chapel Church,0.7096220700662605,WILLIAMSON,187
47187-9-6,9-6,40,9-6,009741,9-5 Independence High School,0.2726619487104642,WILLIAMSON,187
47187-9-6,9-6,40,9-6,009730,9-3 Westhaven Clubhouse,0.01771598122327524,WILLIAMSON,187
47125-10 Minglewood Elementary School,10 Minglewood Elementary School,17,10 Minglewood,006454,10,0.9564289760037347,MONTGOMERY,125
47125-10 Minglewood Elementary School,10 Minglewood Elementary School,17,10 Minglewood,006451,8A,0.03575961305046558,MONTGOMERY,125
47125-10 Minglewood Elementary School,10 Minglewood Elementary School,17,10 Minglewood,006456,11,0.007811410945799813,MONTGOMERY,125
47125-11A Mosaic Church,11A Mosaic Church,18,11A Mosaic,006454,10,0.9745326078539459,MONTGOMERY,125
47125-11A Mosaic Church,11A Mosaic Church,18,11A Mosaic,006456,11,0.025467392146054087,MONTGOMERY,125
47125-11B Northwest High School,11B Northwest High School,19,11B Northwest,006456,11,0.8802928485636,MONTGOMERY,125
47125-11B Northwest High School,11B Northwest High School,19,11B Northwest,006470,16,0.10310708100680077,MONTGOMERY,125
47125-11B Northwest High School,11B Northwest High School,19,11B Northwest,006454,10,0.01660007042959923,MONTGOMERY,125
47125-12 West Creek High School,12 West Creek High School,20,12 West Creek,006452,9,0.7651538015708925,MONTGOMERY,125
47125-12 West Creek High School,12 West Creek High School,20,12 West Creek,006457,12,0.2101391826421226,MONTGOMERY,125
47125-12 West Creek High School,12 West Creek High School,20,12 West Creek,006454,10,0.024707015786984952,MONTGOMERY,125
47125-13A Byrns Darden Elementary School,13A Byrns Darden Elementary School,21,13A Byrns Darden,006458,13,0.6119380100077443,MONTGOMERY,125
47125-13A Byrns Darden Elementary School,13A Byrns Darden Elementary School,21,13A Byrns Darden,006470,16,0.3274890286231298,MONTGOMERY,125
47125-13A Byrns Darden Elementary School,13A Byrns Darden Elementary School,21,13A Byrns Darden,006456,11,0.06057296136912595,MONTGOMERY,125
47125-13B Kenwood High School,13B Kenwood High School,22,13B Kenwood,006458,13,0.6210750260828716,MONTGOMERY,125
47125-13B Kenwood High School,13B Kenwood High School,22,13B Kenwood,006457,12,0.24553724005022254,MONTGOMERY,125
47125-13B Kenwood High School,13B Kenwood High School,22,13B Kenwood,006470,16,0.13338773386690578,MONTGOMERY,125
47125-14A St Bethlehem School,14A St Bethlehem School,23,14A St B ELC,006467,1A,0.5885678088683326,MONTGOMERY,125
47125-14A St Bethlehem School,14A St Bethlehem School,23,14A St B ELC,006465,14,0.3675972142723913,MONTGOMERY,125
47125-14A St Bethlehem School,14A St Bethlehem School,23,14A St B ELC,006479,1B,0.04383497685927609,MONTGOMERY,125
47125-14B Emmanuel Family Life Center,14B Emmanuel Family Life Center,24,14B First MBC,006465,14,0.7665853950963614,MONTGOMERY,125
47125-14B Emmanuel Family Life Center,14B Emmanuel Family Life Center,24,14B First MBC,006479,1B,0.14334052062001834,MONTGOMERY,125
47125-14B Emmanuel Family Life Center,14B Emmanuel Family Life Center,24,14B First MBC,006464,2A,0.06040622996651101,MONTGOMERY,125
47125-14B Emmanuel Family Life Center,14B Emmanuel Family Life Center,24,14B First MBC,006478,2B,0.02966785431710923,MONTGOMERY,125
47125-15A Excell Baptist Church,15A Excell Baptist Church,25,15A Excell,006468,15,0.8007220282181217,MONTGOMERY,125
47125-15A Excell Baptist Church,15A Excell Baptist Church,25,15A Excell,006469,20A,0.1992779717818784,MONTGOMERY,125
47125-15B Sango Elementary School,15B Sango Elementary School,26,15B Sango,006453,3,0.8452666297787658,MONTGOMERY,125
47125-15B Sango Elementary School,15B Sango Elementary School,26,15B Sango,006468,15,0.1547333702212342,MONTGOMERY,125
47125-16A Ringgold Elementary School,16A Ringgold Elementary School,27,16A Ringgold,006457,12,1.0,MONTGOMERY,125
47125-16B New Providence Methodist Church,16B New Providence Methodist Church,28,16B New Providence,006457,12,0.6166059987596841,MONTGOMERY,125
47125-16B New Providence Methodist Church,16B New Providence Methodist Church,28,16B New Providence,006470,16,0.38339400124031586,MONTGOMERY,125
47125-17A Grace Nazarene Church,17A Grace Nazarene Church,29,17A Grace,006467,1A,0.428990359961981,MONTGOMERY,125
47125-17A Grace Nazarene Church,17A Grace Nazarene Church,29,17A Grace,006465,14,0.32048436614490966,MONTGOMERY,125
47125-17A Grace Nazarene Church,17A Grace Nazarene Church,29,17A Grace,006466,17,0.25052527389310925,MONTGOMERY,125
47125-17B GlenEllen Elementary School,17B GlenEllen Elementary School,30,17B Glenellen,006466,17,0.5274869418926366,MONTGOMERY,125
47125-17B GlenEllen Elementary School,17B GlenEllen Elementary School,30,17B Glenellen,006465,14,0.25434739498377845,MONTGOMERY,125
47125-17B GlenEllen Elementary School,17B GlenEllen Elementary School,30,17B Glenellen,006463,18,0.21816566312358496,MONTGOMERY,125
47125-18A Barkers Mill Elementary School,18A Barkers Mill Elementary School,31,18A Barkers Mill,006452,9,0.47836119195496835,MONTGOMERY,125
47125-18A Barkers Mill Elementary School,18A Barkers Mill Elementary School,31,18A Barkers Mill,006463,18,0.4323075421221235,MONTGOMERY,125
47125-18A Barkers Mill Elementary School,18A Barkers Mill Elementary School,31,18A Barkers Mill,006466,17,0.0893312659229081,MONTGOMERY,125
47125-18B Pisgah Elementary School,18B Pisgah Elementary School,32,18B Pisgah,006466,17,1.0,MONTGOMERY,125
47125-19A Rossview High School,19A Rossview High School,33,19A Rossview,006471,19,0.8960409031471729,MONTGOMERY,125
47125-19A Rossview High School,19A Rossview High School,33,19A Rossview,006453,3,0.054055795385549506,MONTGOMERY,125
47125-19A Rossview High School,19A Rossview High School,33,19A Rossview,006467,1A,0.049903301467277526,MONTGOMERY,125
47125-19B South Guthrie Community Center,19B South Guthrie Community Center,34,19B South Guthrie,006471,19,1.0,MONTGOMERY,125
47125-1A St. Bethlehem Church,1A St. Bethlehem Church,1,1A St B CC,006478,2B,0.5069329169652108,MONTGOMERY,125
47125-1A St. Bethlehem Church,1A St. Bethlehem Church,1,1A St B CC,006464,2A,0.49306708303478913,MONTGOMERY,125
47125-1B Vineyard Church,1B Vineyard Church,2,1B Vineyard,006467,1A,0.6713763424866606,MONTGOMERY,125
47125-1B Vineyard Church,1B Vineyard Church,2,1B Vineyard,006464,2A,0.32862365751333944,MONTGOMERY,125
47125-20A Northeast High School,20A Northeast High School,35,20A Northeast,006471,19,0.9129452897857327,MONTGOMERY,125
47125-20A Northeast High School,20A Northeast High School,35,20A Northeast,006467,1A,0.08705471021426724,MONTGOMERY,125
47125-20B Oakland Elementary School,20B Oakland Elementary School,36,20B Oakland,006471,19,1.0,MONTGOMERY,125
47125-21A Hilldale United Methodist Church,21A Hilldale United Methodist Church,37,21A Hilldale,006462,21B,1.0,MONTGOMERY,125
47125-21B Barksdale Elementary School,21B Barksdale Elementary School,38,21B Barksdale,006477,20B,0.6615935685942785,MONTGOMERY,125
47125-21B Barksdale Elementary School,21B Barksdale Elementary School,38,21B Barksdale,006476,5B,0.22538606202243566,MONTGOMERY,125
47125-21B Barksdale Elementary School,21B Barksdale Elementary School,38,21B Barksdale,006474,21A,0.10081314778556577,MONTGOMERY,125
47125-21B Barksdale Elementary School,21B Barksdale Elementary School,38,21B Barksdale,006469,20A,0.012207221597720093,MONTGOMERY,125
47125-2A Clarksville High School,2A Clarksville High School,3,2A Clarksville,006464,2A,0.5111822271392223,MONTGOMERY,125
47125-2A Clarksville High School,2A Clarksville High School,3,2A Clarksville,006469,20A,0.4687708083447219,MONTGOMERY,125
47125-2A Clarksville High School,2A Clarksville High School,3,2A Clarksville,006477,20B,0.020046964516055765,MONTGOMERY,125
47125-2B Bible Baptist Church,2B Bible Baptist Church,4,2B Bible,006464,2A,0.5354230434458866,MONTGOMERY,125
47125-2B Bible Baptist Church,2B Bible Baptist Church,4,2B Bible,006468,15,0.4645769565541134,MONTGOMERY,125
47125-3A East Montgomery Elementary School,3A East Montgomery Elementary School,5,3A East Montgomery,006453,3,0.9465104400792147,MONTGOMERY,125
47125-3A East Montgomery Elementary School,3A East Montgomery Elementary School,5,3A East Montgomery,006468,15,0.05348955992078536,MONTGOMERY,125
47125-3B Fredonia Community Center,3B Fredonia Community Center,6,3B Fedonia,006453,3,0.9555845472520454,MONTGOMERY,125
47125-3B Fredonia Community Center,3B Fredonia Community Center,6,3B Fedonia,006477,20B,0.02124917576944861,MONTGOMERY,125
47125-3B Fredonia Community Center,3B Fredonia Community Center,6,3B Fedonia,006469,20A,0.015873661075900217,MONTGOMERY,125
47125-3B Fredonia Community Center,3B Fredonia Community Center,6,3B Fedonia,006468,15,0.00729261590260574,MONTGOMERY,125
47125-4A Montgomery Central Middle School,4A Montgomery Central Middle School,7,4A MCMS,006461,4A,1.0,MONTGOMERY,125
47125-4B Wilma Rudolph Events Center,4B Wilma Rudolph Events Center,8,4B WR Event Center,006472,4B,0.6725608074638963,MONTGOMERY,125
47125-4B Wilma Rudolph Events Center,4B Wilma Rudolph Events Center,8,4B WR Event Center,006459,5A,0.272515951631894,MONTGOMERY,125
47125-4B Wilma Rudolph Events Center,4B Wilma Rudolph Events Center,8,4B WR Event Center,006476,5B,0.05492324090420949,MONTGOMERY,125
47125-5 Cumberland Presbyterian Church,5 Cumberland Presbyterian Church,9,5 Cumberland,006474,21A,0.3571337426669847,MONTGOMERY,125
47125-5 Cumberland Presbyterian Church,5 Cumberland Presbyterian Church,9,5 Cumberland,006458,13,0.2930108946244606,MONTGOMERY,125
47125-5 Cumberland Presbyterian Church,5 Cumberland Presbyterian Church,9,5 Cumberland,006476,5B,0.21516645589484448,MONTGOMERY,125
47125-5 Cumberland Presbyterian Church,5 Cumberland Presbyterian Church,9,5 Cumberland,006459,5A,0.13468890681371015,MONTGOMERY,125
47125-6A Cumberland Heights Elementary School,6A Cumberland Heights Elementary School,10,6A Cumberland,006460,6A,1.0,MONTGOMERY,125
47125-6B Bethel Baptist Church,6B Bethel Baptist Church,11,6B Bethel,006473,6B,0.4981709895250807,MONTGOMERY,125
47125-6B Bethel Baptist Church,6B Bethel Baptist Church,11,6B Bethel,006461,4A,0.2721932269877593,MONTGOMERY,125
47125-6B Bethel Baptist Church,6B Bethel Baptist Church,11,6B Bethel,006460,6A,0.22963578348716,MONTGOMERY,125
47125-7A Liberty Elementary School,7A Liberty Elementary School,12,7A Liberty,006455,7,0.8282275925660056,MONTGOMERY,125
47125-7A Liberty Elementary School,7A Liberty Elementary School,12,7A Liberty,006470,16,0.11176923905456566,MONTGOMERY,125
47125-7A Liberty Elementary School,7A Liberty Elementary School,12,7A Liberty,006454,10,0.06000316837942874,MONTGOMERY,125
47125-7B Woodlawn Elementary School,7B Woodlawn Elementary School,13,7B Woodlawn,006455,7,0.9846620053272668,MONTGOMERY,125
47125-7B Woodlawn Elementary School,7B Woodlawn Elementary School,13,7B Woodlawn,006454,10,0.015337994672733174,MONTGOMERY,125
47125-8 Bethel Methodist Church,8 Bethel Methodist Church,14,8 Bethel,006451,8A,0.4971809861680632,MONTGOMERY,125
47125-8 Bethel Methodist Church,8 Bethel Methodist Church,14,8 Bethel,006480,8B,0.27671003183913934,MONTGOMERY,125
47125-8 Bethel Methodist Church,8 Bethel Methodist Church,14,8 Bethel,006452,9,0.1814472654263715,MONTGOMERY,125
47125-8 Bethel Methodist Church,8 Bethel Methodist Church,14,8 Bethel,006463,18,0.04466171656642588,MONTGOMERY,125
47125-9A Hazelwood Elementary School,9A Hazelwood Elementary School,15,9A Hazelwood,006463,18,1.0,MONTGOMERY,125
47125-9B St John Missionary Baptist Church,9B St John Missionary Baptist Church,16,9B St John,006463,18,0.8354377850653205,MONTGOMERY,125
47125-9B St John Missionary Baptist Church,9B St John Missionary Baptist Church,16,9B St John,006471,19,0.16456221493467948,MONTGOMERY,125
47165-1001 Vol State College,1001 Vol State College,12,10-1 Vol State,008601,601 Vol State College,0.6645690700996447,SUMNER,165
47165-1001 Vol State College,1001 Vol State College,12,10-1 Vol State,008602,603 Jack Anderson Elementary,0.32296279739159156,SUMNER,165
47165-1001 Vol State College,1001 Vol State College,12,10-1 Vol State,008618,602 Gallatin Sr. High School,0.012468132508763738,SUMNER,165
47165-101 Westmoreland Middle,101 Westmoreland Middle,1,1-1 Westmoreland,008632,101 Westmoreland Middle,0.669646920763025,SUMNER,165
47165-101 Westmoreland Middle,101 Westmoreland Middle,1,1-1 Westmoreland,008636,103 Corinth Church of Christ,0.330353079236975,SUMNER,165
47165-1101 Station Camp Middle School,1101 Station Camp Middle School,13,11-1 Station Camp MS,008622,701 Whitten Elementary,0.4861763139656026,SUMNER,165
47165-1101 Station Camp Middle School,1101 Station Camp Middle School,13,11-1 Station Camp MS,008602,603 Jack Anderson Elementary,0.32161869369929863,SUMNER,165
47165-1101 Station Camp Middle School,1101 Station Camp Middle School,13,11-1 Station Camp MS,008628,703 Long Hollow Baptist Church,0.1483287039837502,SUMNER,165
47165-1101 Station Camp Middle School,1101 Station Camp Middle School,13,11-1 Station Camp MS,008601,601 Vol State College,0.04387628835134855,SUMNER,165
47165-1201 Howard Elementary School,1201 Howard Elementary School,14,12-1 Howard,008611,401 Howard Elementary School,1.0,SUMNER,165
47165-1202 Station Camp High School,1202 Station Camp High School,15,12-2 Station Camp HS,008611,401 Howard Elementary School,0.892748545805953,SUMNER,165
47165-1202 Station Camp High School,1202 Station Camp High School,15,12-2 Station Camp HS,008627,403 Cottontown Fire Hall,0.10725145419404705,SUMNER,165
47165-1301 Union Elementary School,1301 Union Elementary School,16,13-1 Union,008611,401 Howard Elementary School,0.6725547831291723,SUMNER,165
47165-1301 Union Elementary School,1301 Union Elementary School,16,13-1 Union,008610,404 Union Elementary,0.3274452168708278,SUMNER,165
47165-1401 Beech Elementary School,1401 Beech Elementary School,17,14-1 Beech,008624,1101 Beech High School Annex,0.43482615859337714,SUMNER,165
47165-1401 Beech Elementary School,1401 Beech Elementary School,17,14-1 Beech,008627,403 Cottontown Fire Hall,0.3870534252404621,SUMNER,165
47165-1401 Beech Elementary School,1401 Beech Elementary School,17,14-1 Beech,008626,1203 White House Middle School,0.0704472994882294,SUMNER,165
47165-1401 Beech Elementary School,1401 Beech Elementary School,17,14-1 Beech,008625,1103 Millersville Community Center,0.06208062319382434,SUMNER,165
47165-1401 Beech Elementary School,1401 Beech Elementary School,17,14-1 Beech,008628,703 Long Hollow Baptist Church,0.04559249348410692,SUMNER,165
47165-1402 Birdwell Chapel Church of Christ,1402 Birdwell Chapel Church of Christ,18,14-2 Birdwell,008627,403 Cottontown Fire Hall,0.4113018794410833,SUMNER,165
47165-1402 Birdwell Chapel Church of Christ,1402 Birdwell Chapel Church of Christ,18,14-2 Birdwell,008612,1201 Oakmont Elementary,0.36633885503414254,SUMNER,165
47165-1402 Birdwell Chapel Church of Christ,1402 Birdwell Chapel Church of Christ,18,14-2 Birdwell,008626,1203 White House Middle School,0.16353689713803363,SUMNER,165
47165-1402 Birdwell Chapel Church of Christ,1402 Birdwell Chapel Church of Christ,18,14-2 Birdwell,008611,401 Howard Elementary School,0.058822368386740646,SUMNER,165
47165-1501 White House Middle School,1501 White House Middle School,19,15-1 White House,008626,1203 White House Middle School,0.8665723000789213,SUMNER,165
47165-1501 White House Middle School,1501 White House Middle School,19,15-1 White House,008612,1201 Oakmont Elementary,0.13342769992107872,SUMNER,165
47165-1601 Millersville Community Center,1601 Millersville Community Center,20,16-1 Millersville,008625,1103 Millersville Community Center,0.5660142497392388,SUMNER,165
47165-1601 Millersville Community Center,1601 Millersville Community Center,20,16-1 Millersville,008623,1102 Church of the Nazarene,0.2694074568263953,SUMNER,165
47165-1601 Millersville Community Center,1601 Millersville Community Center,20,16-1 Millersville,008624,1101 Beech High School Annex,0.13685561059915288,SUMNER,165
47165-1601 Millersville Community Center,1601 Millersville Community Center,20,16-1 Millersville,008626,1203 White House Middle School,0.0277226828352131,SUMNER,165
47165-1701 Church of the Nazarene,1701 Church of the Nazarene,21,17-1 Goodlettsville,008623,1102 Church of the Nazarene,0.5139169386965107,SUMNER,165
47165-1701 Church of the Nazarene,1701 Church of the Nazarene,21,17-1 Goodlettsville,008633,1002 Merrol Hyde Magnet School,0.4556520552211205,SUMNER,165
47165-1701 Church of the Nazarene,1701 Church of the Nazarene,21,17-1 Goodlettsville,008624,1101 Beech High School Annex,0.030431006082368685,SUMNER,165
47165-1801 Merrol Hyde Magnet School,1801 Merrol Hyde Magnet School,22,18-1 Merrol Hyde,008633,1002 Merrol Hyde Magnet School,0.6536141053742047,SUMNER,165
47165-1801 Merrol Hyde Magnet School,1801 Merrol Hyde Magnet School,22,18-1 Merrol Hyde,008619,801 Brown Elementary,0.18312123473666866,SUMNER,165
47165-1801 Merrol Hyde Magnet School,1801 Merrol Hyde Magnet School,22,18-1 Merrol Hyde,008621,1001 Walton Ferry Elementary,0.16326465988912653,SUMNER,165
47165-1901 Brown Elementary,1901 Brown Elementary,23,19-1 Brown,008621,1001 Walton Ferry Elementary,0.570160467110216,SUMNER,165
47165-1901 Brown Elementary,1901 Brown Elementary,23,19-1 Brown,008619,801 Brown Elementary,0.4298395328897841,SUMNER,165
47165-2001 Hawkins Middle School,2001 Hawkins Middle School,24,20-1 Hawkins,008631,802 Hawkins Middle School,0.5875176598006971,SUMNER,165
47165-2001 Hawkins Middle School,2001 Hawkins Middle School,24,20-1 Hawkins,008621,1001 Walton Ferry Elementary,0.38162753736436367,SUMNER,165
47165-2001 Hawkins Middle School,2001 Hawkins Middle School,24,20-1 Hawkins,008619,801 Brown Elementary,0.030854802834939233,SUMNER,165
47165-201 Corinth Church of Christ,201 Corinth Church of Christ,2,2-1 Corinth,008636,103 Corinth Church of Christ,0.5804243412099401,SUMNER,165
47165-201 Corinth Church of Christ,201 Corinth Church of Christ,2,2-1 Corinth,008614,202 Portland High School,0.2643328776219737,SUMNER,165
47165-201 Corinth Church of Christ,201 Corinth Church of Christ,2,2-1 Corinth,008613,203 Wiseman Elementary,0.15524278116808612,SUMNER,165
47165-2101 Indian Lake Elementary School,2101 Indian Lake Elementary School,25,21-1 Indian Lake,008620,902 Indian Lake Elementary,0.8133329116468114,SUMNER,165
47165-2101 Indian Lake Elementary School,2101 Indian Lake Elementary School,25,21-1 Indian Lake,008603,901 Hendersonville High School,0.18666708835318863,SUMNER,165
47165-2201 Jack Anderson Elementary School,2201 Jack Anderson Elementary School,26,22-1 Jack Anderson,008603,901 Hendersonville High School,0.5824877651068081,SUMNER,165
47165-2201 Jack Anderson Elementary School,2201 Jack Anderson Elementary School,26,22-1 Jack Anderson,008602,603 Jack Anderson Elementary,0.4102796273850331,SUMNER,165
47165-2201 Jack Anderson Elementary School,2201 Jack Anderson Elementary School,26,22-1 Jack Anderson,008620,902 Indian Lake Elementary,0.0072326075081588165,SUMNER,165
47165-2301 Whitten Elementary School,2301 Whitten Elementary School,27,23-1 Whitten,008622,701 Whitten Elementary,0.5901034493047682,SUMNER,165
47165-2301 Whitten Elementary School,2301 Whitten Elementary School,27,23-1 Whitten,008628,703 Long Hollow Baptist Church,0.40989655069523184,SUMNER,165
47165-2302 Hendersonville High School,2302 Hendersonville High School,28,23-2 Hendersonville,008622,701 Whitten Elementary,0.8809650250266391,SUMNER,165
47165-2302 Hendersonville High School,2302 Hendersonville High School,28,23-2 Hendersonville,008603,901 Hendersonville High School,0.11903497497336085,SUMNER,165
47165-2401 Long Hollow Baptist,2401 Long Hollow Baptist,29,24-1 Long Hollow,008628,703 Long Hollow Baptist Church,0.6753795924068966,SUMNER,165
47165-2401 Long Hollow Baptist,2401 Long Hollow Baptist,29,24-1 Long Hollow,008624,1101 Beech High School Annex,0.2476778627044533,SUMNER,165
47165-2401 Long Hollow Baptist,2401 Long Hollow Baptist,29,24-1 Long Hollow,008622,701 Whitten Elementary,0.07694254488865021,SUMNER,165
47165-301 Portland High School,301 Portland High School,3,3-1 Portland,008614,202 Portland High School,0.8446557976482946,SUMNER,165
47165-301 Portland High School,301 Portland High School,3,3-1 Portland,008613,203 Wiseman Elementary,0.15534420235170548,SUMNER,165
47165-401 Oakmont Elementary School,401 Oakmont Elementary School,4,4-1 Oakmont,008612,1201 Oakmont Elementary,0.8767005800449785,SUMNER,165
47165-401 Oakmont Elementary School,401 Oakmont Elementary School,4,4-1 Oakmont,008613,203 Wiseman Elementary,0.12329941995502149,SUMNER,165
47165-402 Cottontown Fire Hall,402 Cottontown Fire Hall,5,4-2 Cottontown,008627,403 Cottontown Fire Hall,0.5138266410742577,SUMNER,165
47165-402 Cottontown Fire Hall,402 Cottontown Fire Hall,5,4-2 Cottontown,008610,404 Union Elementary,0.4861733589257423,SUMNER,165
47165-501 Bethpage Elementary School,501 Bethpage Elementary School,6,5-1 Bethpage,008632,101 Westmoreland Middle,0.41447263628608827,SUMNER,165
47165-501 Bethpage Elementary School,501 Bethpage Elementary School,6,5-1 Bethpage,008635,301 Gallatin Civic Center,0.34485447349158505,SUMNER,165
47165-501 Bethpage Elementary School,501 Bethpage Elementary School,6,5-1 Bethpage,008636,103 Corinth Church of Christ,0.24067289022232666,SUMNER,165
47165-502 Highland S.D. Adventist Church,502 Highland S.D. Adventist Church,7,5-2 Highland,008636,103 Corinth Church of Christ,0.5073278919426213,SUMNER,165
47165-502 Highland S.D. Adventist Church,502 Highland S.D. Adventist Church,7,5-2 Highland,008635,301 Gallatin Civic Center,0.36284387108406807,SUMNER,165
47165-502 Highland S.D. Adventist Church,502 Highland S.D. Adventist Church,7,5-2 Highland,008613,203 Wiseman Elementary,0.12982823697331067,SUMNER,165
47165-601 Creekside Fellowship,601 Creekside Fellowship,8,6-1 Creekside,008607,303 Creekside Fellowship,0.7479794491139762,SUMNER,165
47165-601 Creekside Fellowship,601 Creekside Fellowship,8,6-1 Creekside,008635,301 Gallatin Civic Center,0.25202055088602393,SUMNER,165
47165-701 Gallatin Civic Center,701 Gallatin Civic Center,9,7-1 Civic Center,008635,301 Gallatin Civic Center,0.9006371584673419,SUMNER,165
47165-701 Gallatin Civic Center,701 Gallatin Civic Center,9,7-1 Civic Center,008609,501 First Baptist Gallatin,0.0993628415326581,SUMNER,165
47165-801 Guild Elementary School,801 Guild Elementary School,10,8-1 Guild,008608,502 Guild Elementary,0.719293609876604,SUMNER,165
47165-801 Guild Elementary School,801 Guild Elementary School,10,8-1 Guild,008609,501 First Baptist Gallatin,0.264010081739305,SUMNER,165
47165-801 Guild Elementary School,801 Guild Elementary School,10,8-1 Guild,008607,303 Creekside Fellowship,0.016696308384091047,SUMNER,165
47165-901 Gallatin Sr High,901 Gallatin Sr High,11,9-1 Gallatin HS,008618,602 Gallatin Sr. High School,0.7602623341453539,SUMNER,165
47165-901 Gallatin Sr High,901 Gallatin Sr High,11,9-1 Gallatin HS,008608,502 Guild Elementary,0.12611778272797342,SUMNER,165
47165-901 Gallatin Sr High,901 Gallatin Sr High,11,9-1 Gallatin HS,008601,601 Vol State College,0.11361988312667268,SUMNER,165
