{
"type": "FeatureCollection",
"name": "districts",
"crs": { "type": "name", "properties": { "name": "urn:ogc:def:crs:OGC:1.3:CRS84" } },
"features": [
{ "type": "Feature", "properties": { "district_num": "37" }, "geometry": { "type": "Polygon", "coordinates": [ [ [ -86.531155, 35.99691 ], [ -86.530822, 35.99712 ], [ -86.530305, 35.997388 ], [ -86.529747, 35.997642 ], [ -86.529253, 35.99779 ], [ -86.52883, 35.997902 ], [ -86.528275, 35.997957 ], [ -86.527903, 35.997977 ], [ -86.527424, 35.997926 ], [ -86.527087, 35.99783 ], [ -86.526237, 35.997557 ], [ -86.525443, 35.997284 ], [ -86.524459, 35.996971 ], [ -86.523894, 35.996761 ], [ -86.522749, 35.996571 ], [ -86.521233, 35.996403 ], [ -86.521183, 35.996399 ], [ -86.51372, 35.995648 ], [ -86.511058, 35.995366 ], [ -86.510291, 35.995418 ], [ -86.509856, 35.995546 ], [ -86.509406, 35.995752 ], [ -86.509343, 35.995795 ], [ -86.508971, 35.996051 ], [ -86.508659, 35.996331 ], [ -86.508513, 35.996514 ], [ -86.507839, 35.997359 ], [ -86.507387, 35.997812 ], [ -86.507265, 35.997924 ], [ -86.506956, 35.998108 ], [ -86.506854, 35.998153 ], [ -86.506594, 35.998269 ], [ -86.506345, 35.998352 ], [ -86.50607, 35.998417 ], [ -86.505646, 35.998472 ], [ -86.505492, 35.998472 ], [ -86.505178, 35.998474 ], [ -86.505112, 35.998469 ], [ -86.505022, 35.998463 ], [ -86.504934, 35.998456 ], [ -86.504863, 35.998451 ], [ -86.504578, 35.998388 ], [ -86.504178, 35.998291 ], [ -86.504114, 35.998276 ], [ -86.503526, 35.998096 ], [ -86.502713, 35.997847 ], [ -86.501703, 35.997547 ], [ -86.500877, 35.997302 ], [ -86.500493, 35.997187 ], [ -86.50006, 35.997059 ], [ -86.499569, 35.996918 ], [ -86.499339, 35.996852 ], [ -86.498955, 35.996742 ], [ -86.498607, 35.99664 ], [ -86.498367, 35.99657 ], [ -86.49811, 35.996506 ], [ -86.497812, 35.996441 ], [ -86.497547, 35.996405 ], [ -86.497496, 35.996399 ], [ -86.497187, 35.996369 ], [ -86.496695, 35.996326 ], [ -86.495221, 35.996197 ], [ -86.49514, 35.99619 ], [ -86.494733, 35.996127 ], [ -86.49461, 35.996108 ], [ -86.494588, 35.996105 ], [ -86.494254, 35.995996 ], [ -86.494136, 35.995958 ], [ -86.493956, 35.99587 ], [ -86.493635, 35.995712 ], [ -86.493443, 35.995567 ], [ -86.493284, 35.995447 ], [ -86.493122, 35.995536 ], [ -86.492781, 35.995726 ], [ -86.492624, 35.995773 ], [ -86.492448, 35.995828 ], [ -86.492307, 35.995853 ], [ -86.49209, 35.995892 ], [ -86.491884, 35.995908 ], [ -86.491866, 35.99591 ], [ -86.491742, 35.995911 ], [ -86.491672, 35.995911 ], [ -86.491578, 35.995903 ], [ -86.491089, 35.995866 ], [ -86.490926, 35.995854 ], [ -86.490841, 35.995847 ], [ -86.490587, 35.995828 ], [ -86.490503, 35.995822 ], [ -86.490319, 35.995807 ], [ -86.489767, 35.995764 ], [ -86.489583, 35.99575 ], [ -86.488973, 35.995703 ], [ -86.488131, 35.995619 ], [ -86.483835, 35.995193 ], [ -86.483778, 35.99519 ], [ -86.483371, 35.99517 ], [ -86.48293, 35.99519 ], [ -86.482327, 35.995268 ], [ -86.482287, 35.995277 ], [ -86.482169, 35.995303 ], [ -86.48213, 35.995313 ], [ -86.481808, 35.995384 ], [ -86.481786, 35.99539 ], [ -86.480853, 35.995639 ], [ -86.480535, 35.995724 ], [ -86.479548, 35.996006 ], [ -86.479178, 35.996104 ], [ -86.478981, 35.996145 ], [ -86.478324, 35.996284 ], [ -86.475767, 35.996716 ], [ -86.474552, 35.996917 ], [ -86.474222, 35.996973 ], [ -86.473232, 35.997142 ], [ -86.472637, 35.997257 ], [ -86.472292, 35.997377 ], [ -86.472187, 35.997415 ], [ -86.471262, 35.997746 ], [ -86.471082, 35.997811 ], [ -86.470919, 35.99787 ], [ -86.470809, 35.997909 ], [ -86.47048, 35.998026 ], [ -86.470422, 35.998047 ], [ -86.470371, 35.998066 ], [ -86.470387, 35.998101 ], [ -86.470436, 35.998208 ], [ -86.470453, 35.998244 ], [ -86.470562, 35.998195 ], [ -86.470677, 35.99833 ], [ -86.470876, 35.99864 ], [ -86.471177, 35.999109 ], [ -86.471297, 35.999287 ], [ -86.47175, 35.999641 ], [ -86.471744, 36.00007 ], [ -86.471777, 36.000238 ], [ -86.471845, 36.000337 ], [ -86.471993, 36.000535 ], [ -86.472156, 36.000694 ], [ -86.472326, 36.000823 ], [ -86.472366, 36.000903 ], [ -86.472352, 36.000964 ], [ -86.472291, 36.001046 ], [ -86.472109, 36.001244 ], [ -86.47202, 36.001289 ], [ -86.472049, 36.001438 ], [ -86.472064, 36.00153 ], [ -86.47208, 36.00162 ], [ -86.472149, 36.001786 ], [ -86.472207, 36.001896 ], [ -86.472296, 36.002025 ], [ -86.472417, 36.002149 ], [ -86.472538, 36.002296 ], [ -86.472627, 36.002403 ], [ -86.47264, 36.002423 ], [ -86.472702, 36.002651 ], [ -86.472752, 36.0027 ], [ -86.472769, 36.002731 ], [ -86.472948, 36.003063 ], [ -86.472996, 36.003112 ], [ -86.473253, 36.003112 ], [ -86.473381, 36.003013 ], [ -86.473604, 36.003013 ], [ -86.473631, 36.003107 ], [ -86.473638, 36.003228 ], [ -86.47355, 36.003327 ], [ -86.473469, 36.003552 ], [ -86.473469, 36.003717 ], [ -86.473557, 36.004058 ], [ -86.473652, 36.004343 ], [ -86.473889, 36.004541 ], [ -86.47393, 36.004623 ], [ -86.473896, 36.004761 ], [ -86.473761, 36.005063 ], [ -86.473747, 36.005333 ], [ -86.473766, 36.005431 ], [ -86.473795, 36.005569 ], [ -86.47389, 36.005734 ], [ -86.474093, 36.005904 ], [ -86.47414, 36.005997 ], [ -86.474147, 36.006393 ], [ -86.474188, 36.006536 ], [ -86.474303, 36.006778 ], [ -86.47431, 36.007217 ], [ -86.47435, 36.007393 ], [ -86.474533, 36.007998 ], [ -86.474669, 36.00819 ], [ -86.474648, 36.008338 ], [ -86.474601, 36.008509 ], [ -86.474608, 36.008756 ], [ -86.474642, 36.008916 ], [ -86.474703, 36.009124 ], [ -86.474676, 36.009443 ], [ -86.474669, 36.009866 ], [ -86.474609, 36.010086 ], [ -86.474501, 36.011158 ], [ -86.474473, 36.011338 ], [ -86.474407, 36.011779 ], [ -86.474197, 36.012543 ], [ -86.47413, 36.012669 ], [ -86.474049, 36.012713 ], [ -86.473859, 36.012741 ], [ -86.473798, 36.012785 ], [ -86.473791, 36.012884 ], [ -86.47375, 36.013102 ], [ -86.473697, 36.013379 ], [ -86.473758, 36.013444 ], [ -86.474203, 36.013439 ], [ -86.474231, 36.013439 ], [ -86.474326, 36.0134 ], [ -86.474414, 36.013301 ], [ -86.474488, 36.013093 ], [ -86.474583, 36.012708 ], [ -86.474779, 36.012213 ], [ -86.474833, 36.011922 ], [ -86.474927, 36.01151 ], [ -86.474954, 36.011202 ], [ -86.474956, 36.011191 ], [ -86.475022, 36.010905 ], [ -86.47513, 36.010685 ], [ -86.475288, 36.010456 ], [ -86.475247, 36.010724 ], [ -86.475215, 36.010945 ], [ -86.475804, 36.010966 ], [ -86.476076, 36.010977 ], [ -86.47605, 36.010987 ], [ -86.4758, 36.011267 ], [ -86.475597, 36.011575 ], [ -86.47536, 36.01207 ], [ -86.475077, 36.01257 ], [ -86.474881, 36.013026 ], [ -86.474651, 36.013697 ], [ -86.474671, 36.013928 ], [ -86.474881, 36.014279 ], [ -86.475037, 36.014406 ], [ -86.47522, 36.014494 ], [ -86.475592, 36.014576 ], [ -86.475761, 36.014642 ], [ -86.476404, 36.014983 ], [ -86.476532, 36.015032 ], [ -86.476735, 36.015059 ], [ -86.477073, 36.015048 ], [ -86.477818, 36.015075 ], [ -86.478041, 36.015125 ], [ -86.478373, 36.015116 ], [ -86.478738, 36.015108 ], [ -86.479096, 36.015075 ], [ -86.479373, 36.015097 ], [ -86.47961, 36.015141 ], [ -86.479759, 36.015223 ], [ -86.479976, 36.01536 ], [ -86.480104, 36.015498 ], [ -86.480158, 36.015608 ], [ -86.480152, 36.015668 ], [ -86.480104, 36.015696 ], [ -86.480003, 36.015707 ], [ -86.479759, 36.015663 ], [ -86.479597, 36.015685 ], [ -86.479523, 36.015734 ], [ -86.479387, 36.015784 ], [ -86.479293, 36.0158 ], [ -86.479151, 36.015773 ], [ -86.479029, 36.015691 ], [ -86.478893, 36.015636 ], [ -86.478718, 36.015592 ], [ -86.478312, 36.01557 ], [ -86.478115, 36.015521 ], [ -86.477716, 36.015521 ], [ -86.47727, 36.015565 ], [ -86.477175, 36.015614 ], [ -86.477128, 36.015746 ], [ -86.477101, 36.015873 ], [ -86.477175, 36.015993 ], [ -86.477297, 36.016076 ], [ -86.477392, 36.016114 ], [ -86.477405, 36.016142 ], [ -86.47727, 36.016257 ], [ -86.47725, 36.016351 ], [ -86.477263, 36.01645 ], [ -86.477318, 36.016582 ], [ -86.477561, 36.016933 ], [ -86.477595, 36.017005 ], [ -86.477561, 36.017087 ], [ -86.477548, 36.017169 ], [ -86.477589, 36.017439 ], [ -86.477528, 36.017571 ], [ -86.477366, 36.017675 ], [ -86.47721, 36.017807 ], [ -86.477109, 36.017901 ], [ -86.477014, 36.018038 ], [ -86.476953, 36.018181 ], [ -86.47698, 36.0185 ], [ -86.476953, 36.018588 ], [ -86.476865, 36.018725 ], [ -86.47669, 36.019115 ], [ -86.476697, 36.01922 ], [ -86.476731, 36.019346 ], [ -86.476737, 36.019571 ], [ -86.476792, 36.019791 ], [ -86.476913, 36.019956 ], [ -86.477056, 36.020099 ], [ -86.477495, 36.020297 ], [ -86.477617, 36.020412 ], [ -86.477604, 36.020538 ], [ -86.477543, 36.02061 ], [ -86.477462, 36.020676 ], [ -86.476488, 36.021061 ], [ -86.475575, 36.021363 ], [ -86.475142, 36.021528 ], [ -86.474885, 36.021715 ], [ -86.474682, 36.021957 ], [ -86.474506, 36.022293 ], [ -86.474324, 36.022804 ], [ -86.474317, 36.022919 ], [ -86.474344, 36.023007 ], [ -86.474432, 36.023139 ], [ -86.474642, 36.023392 ], [ -86.474669, 36.02354 ], [ -86.474717, 36.023688 ], [ -86.474649, 36.023864 ], [ -86.474527, 36.024068 ], [ -86.474466, 36.024216 ], [ -86.47446, 36.024354 ], [ -86.474534, 36.024469 ], [ -86.474595, 36.024595 ], [ -86.474588, 36.024661 ], [ -86.474426, 36.025002 ], [ -86.474365, 36.025255 ], [ -86.474386, 36.025403 ], [ -86.474481, 36.025508 ], [ -86.474623, 36.025596 ], [ -86.474772, 36.025645 ], [ -86.475002, 36.02565 ], [ -86.475252, 36.025601 ], [ -86.475543, 36.025485 ], [ -86.476043, 36.025073 ], [ -86.476145, 36.025051 ], [ -86.476246, 36.025067 ], [ -86.476402, 36.025128 ], [ -86.47647, 36.025205 ], [ -86.476537, 36.025436 ], [ -86.476659, 36.025661 ], [ -86.476828, 36.025754 ], [ -86.476984, 36.02576 ], [ -86.477058, 36.025716 ], [ -86.477126, 36.02565 ], [ -86.477133, 36.025545 ], [ -86.477214, 36.025325 ], [ -86.477285, 36.025058 ], [ -86.477349, 36.024825 ], [ -86.477444, 36.024732 ], [ -86.477626, 36.024677 ], [ -86.478046, 36.024688 ], [ -86.478134, 36.024704 ], [ -86.478459, 36.024797 ], [ -86.478628, 36.024792 ], [ -86.47877, 36.024737 ], [ -86.478898, 36.024643 ], [ -86.479027, 36.024572 ], [ -86.479203, 36.024561 ], [ -86.479399, 36.024594 ], [ -86.47948, 36.024676 ], [ -86.479656, 36.024698 ], [ -86.479852, 36.024682 ], [ -86.48019, 36.024577 ], [ -86.480299, 36.024626 ], [ -86.48036, 36.024714 ], [ -86.480373, 36.024819 ], [ -86.480285, 36.025028 ], [ -86.480285, 36.025182 ], [ -86.480313, 36.025357 ], [ -86.480489, 36.025599 ], [ -86.480847, 36.025951 ], [ -86.48103, 36.026094 ], [ -86.481159, 36.026247 ], [ -86.481159, 36.026363 ], [ -86.481112, 36.026423 ], [ -86.480976, 36.02655 ], [ -86.480888, 36.026665 ], [ -86.480909, 36.026737 ], [ -86.481017, 36.026869 ], [ -86.481721, 36.027462 ], [ -86.481917, 36.027687 ], [ -86.48195, 36.027728 ], [ -86.482059, 36.027868 ], [ -86.48273, 36.028758 ], [ -86.482798, 36.028956 ], [ -86.482872, 36.029044 ], [ -86.483278, 36.029418 ], [ -86.483522, 36.029621 ], [ -86.483745, 36.029907 ], [ -86.483828, 36.030058 ], [ -86.483881, 36.030154 ], [ -86.484199, 36.030451 ], [ -86.484436, 36.030736 ], [ -86.484585, 36.030885 ], [ -86.484673, 36.031033 ], [ -86.484883, 36.031627 ], [ -86.485079, 36.031995 ], [ -86.485174, 36.032231 ], [ -86.485215, 36.032368 ], [ -86.485161, 36.032484 ], [ -86.485161, 36.032621 ], [ -86.485202, 36.032846 ], [ -86.485215, 36.033006 ], [ -86.485168, 36.033099 ], [ -86.485073, 36.033198 ], [ -86.484972, 36.033374 ], [ -86.484891, 36.03372 ], [ -86.484485, 36.034188 ], [ -86.484201, 36.034479 ], [ -86.484012, 36.034765 ], [ -86.483667, 36.03521 ], [ -86.483417, 36.035562 ], [ -86.483289, 36.035864 ], [ -86.483228, 36.036051 ], [ -86.483221, 36.036425 ], [ -86.483194, 36.036716 ], [ -86.483242, 36.036925 ], [ -86.483513, 36.037216 ], [ -86.483709, 36.037365 ], [ -86.483831, 36.037409 ], [ -86.483966, 36.037419 ], [ -86.484149, 36.037463 ], [ -86.48442, 36.037661 ], [ -86.484636, 36.037853 ], [ -86.48488, 36.03793 ], [ -86.485137, 36.038117 ], [ -86.48528, 36.038238 ], [ -86.485483, 36.03859 ], [ -86.485598, 36.038903 ], [ -86.48574, 36.039227 ], [ -86.485883, 36.03959 ], [ -86.485981, 36.039707 ], [ -86.486215, 36.040276 ], [ -86.486959, 36.040089 ], [ -86.48838, 36.040067 ], [ -86.490146, 36.039417 ], [ -86.491181, 36.038862 ], [ -86.492588, 36.038499 ], [ -86.493353, 36.038641 ], [ -86.49449, 36.039284 ], [ -86.494923, 36.039542 ], [ -86.495202, 36.03969 ], [ -86.496503, 36.039996 ], [ -86.497151, 36.040384 ], [ -86.497604, 36.040675 ], [ -86.498177, 36.04099 ], [ -86.498585, 36.041355 ], [ -86.499068, 36.041743 ], [ -86.499461, 36.042181 ], [ -86.499764, 36.04257 ], [ -86.500007, 36.043046 ], [ -86.500221, 36.043533 ], [ -86.500435, 36.044179 ], [ -86.50068, 36.044825 ], [ -86.500909, 36.045446 ], [ -86.501124, 36.046117 ], [ -86.501216, 36.046532 ], [ -86.501355, 36.047129 ], [ -86.501479, 36.047739 ], [ -86.501575, 36.048666 ], [ -86.501536, 36.049533 ], [ -86.501465, 36.050168 ], [ -86.501394, 36.050827 ], [ -86.501397, 36.051316 ], [ -86.5014, 36.051828 ], [ -86.501551, 36.052174 ], [ -86.501773, 36.052553 ], [ -86.502288, 36.053186 ], [ -86.502591, 36.053575 ], [ -86.502923, 36.053818 ], [ -86.503556, 36.054108 ], [ -86.504188, 36.054325 ], [ -86.505012, 36.054441 ], [ -86.505673, 36.05445 ], [ -86.5061, 36.054474 ], [ -86.506695, 36.054531 ], [ -86.507498, 36.054598 ], [ -86.508187, 36.054796 ], [ -86.50882, 36.055013 ], [ -86.509634, 36.055473 ], [ -86.510118, 36.055984 ], [ -86.510603, 36.056543 ], [ -86.510846, 36.057055 ], [ -86.510971, 36.057738 ], [ -86.510997, 36.058281 ], [ -86.510985, 36.058684 ], [ -86.510912, 36.059099 ], [ -86.510764, 36.059393 ], [ -86.510406, 36.059761 ], [ -86.509986, 36.059994 ], [ -86.509402, 36.060241 ], [ -86.508697, 36.06039 ], [ -86.50769, 36.060456 ], [ -86.506563, 36.060448 ], [ -86.505767, 36.060464 ], [ -86.504745, 36.060407 ], [ -86.503377, 36.060413 ], [ -86.502697, 36.060368 ], [ -86.502005, 36.060209 ], [ -86.501181, 36.060019 ], [ -86.500579, 36.059973 ], [ -86.499978, 36.059963 ], [ -86.499258, 36.060052 ], [ -86.498493, 36.060323 ], [ -86.497893, 36.060582 ], [ -86.49719, 36.060988 ], [ -86.496906, 36.061306 ], [ -86.496489, 36.061857 ], [ -86.496252, 36.062407 ], [ -86.496185, 36.062563 ], [ -86.496059, 36.06286 ], [ -86.495911, 36.063251 ], [ -86.495898, 36.063544 ], [ -86.496006, 36.063934 ], [ -86.49625, 36.064446 ], [ -86.496401, 36.064702 ], [ -86.496524, 36.065055 ], [ -86.496586, 36.065348 ], [ -86.496769, 36.065738 ], [ -86.497072, 36.066139 ], [ -86.49748, 36.066589 ], [ -86.497889, 36.06699 ], [ -86.498296, 36.067294 ], [ -86.498538, 36.067439 ], [ -86.498824, 36.06756 ], [ -86.499201, 36.067827 ], [ -86.499519, 36.068094 ], [ -86.499776, 36.068362 ], [ -86.499957, 36.068483 ], [ -86.499992, 36.068496 ], [ -86.500318, 36.068628 ], [ -86.500755, 36.068736 ], [ -86.500807, 36.068746 ], [ -86.500857, 36.068758 ], [ -86.501444, 36.068865 ], [ -86.50197, 36.068876 ], [ -86.502298, 36.068875 ], [ -86.502511, 36.068873 ], [ -86.503097, 36.068785 ], [ -86.503592, 36.068637 ], [ -86.504027, 36.068611 ], [ -86.504643, 36.068584 ], [ -86.505274, 36.068532 ], [ -86.505694, 36.068445 ], [ -86.506174, 36.068309 ], [ -86.50676, 36.068209 ], [ -86.507406, 36.068169 ], [ -86.508066, 36.068044 ], [ -86.508742, 36.068017 ], [ -86.509207, 36.06793 ], [ -86.509687, 36.067757 ], [ -86.510032, 36.067621 ], [ -86.510601, 36.06735 ], [ -86.511095, 36.067055 ], [ -86.51156, 36.066845 ], [ -86.51198, 36.066709 ], [ -86.51231, 36.066586 ], [ -86.512595, 36.066536 ], [ -86.512836, 36.066557 ], [ -86.5132, 36.066633 ], [ -86.513607, 36.066863 ], [ -86.514285, 36.067166 ], [ -86.514934, 36.067492 ], [ -86.515477, 36.067795 ], [ -86.51596, 36.068147 ], [ -86.516383, 36.068463 ], [ -86.516822, 36.068925 ], [ -86.517275, 36.069386 ], [ -86.517745, 36.069995 ], [ -86.517932, 36.070345 ], [ -86.518166, 36.070612 ], [ -86.518447, 36.070959 ], [ -86.518765, 36.071324 ], [ -86.51909, 36.071615 ], [ -86.519655, 36.071943 ], [ -86.520005, 36.072054 ], [ -86.520367, 36.072199 ], [ -86.520442, 36.07221 ], [ -86.520686, 36.072292 ], [ -86.520867, 36.072333 ], [ -86.521023, 36.07238 ], [ -86.521083, 36.072395 ], [ -86.520966, 36.072468 ], [ -86.520883, 36.07252 ], [ -86.520879, 36.072545 ], [ -86.520823, 36.072973 ], [ -86.520787, 36.073256 ], [ -86.520488, 36.075551 ], [ -86.520444, 36.075892 ], [ -86.520215, 36.077648 ], [ -86.520074, 36.07873 ], [ -86.519999, 36.07931 ], [ -86.519783, 36.080971 ], [ -86.519651, 36.081979 ], [ -86.519647, 36.082017 ], [ -86.519512, 36.083063 ], [ -86.519387, 36.084018 ], [ -86.519363, 36.084194 ], [ -86.517947, 36.084102 ], [ -86.517597, 36.084081 ], [ -86.517491, 36.084855 ], [ -86.517272, 36.086445 ], [ -86.517234, 36.086726 ], [ -86.517043, 36.088113 ], [ -86.516886, 36.089272 ], [ -86.516604, 36.091739 ], [ -86.516322, 36.094205 ], [ -86.515589, 36.10061 ], [ -86.515132, 36.100357 ], [ -86.512367, 36.098439 ], [ -86.512171, 36.098306 ], [ -86.510415, 36.097111 ], [ -86.510366, 36.097077 ], [ -86.510193, 36.096959 ], [ -86.503223, 36.092372 ], [ -86.502285, 36.091754 ], [ -86.50207, 36.091625 ], [ -86.50201, 36.091589 ], [ -86.501185, 36.091095 ], [ -86.500911, 36.090931 ], [ -86.500802, 36.090866 ], [ -86.500475, 36.090671 ], [ -86.500367, 36.090606 ], [ -86.499993, 36.090381 ], [ -86.497614, 36.088908 ], [ -86.492966, 36.086031 ], [ -86.489439, 36.083694 ], [ -86.488704, 36.083208 ], [ -86.486744, 36.08191 ], [ -86.484746, 36.080586 ], [ -86.484005, 36.080095 ], [ -86.478769, 36.076588 ], [ -86.478663, 36.076517 ], [ -86.476778, 36.075255 ], [ -86.476132, 36.074822 ], [ -86.474894, 36.073994 ], [ -86.474193, 36.07353 ], [ -86.473545, 36.073102 ], [ -86.472482, 36.072398 ], [ -86.472, 36.072079 ], [ -86.471848, 36.072515 ], [ -86.469118, 36.072157 ], [ -86.469121, 36.072127 ], [ -86.469293, 36.070865 ], [ -86.469242, 36.070855 ], [ -86.469089, 36.070826 ], [ -86.469066, 36.070822 ], [ -86.469039, 36.070818 ], [ -86.468784, 36.070783 ], [ -86.468487, 36.070756 ], [ -86.467852, 36.070771 ], [ -86.46778, 36.070773 ], [ -86.467129, 36.070733 ], [ -86.465952, 36.070622 ], [ -86.465341, 36.070582 ], [ -86.464297, 36.070445 ], [ -86.464121, 36.070422 ], [ -86.463222, 36.070268 ], [ -86.463125, 36.070244 ], [ -86.463193, 36.069966 ], [ -86.463401, 36.069134 ], [ -86.463471, 36.068857 ], [ -86.46348, 36.068821 ], [ -86.463483, 36.06881 ], [ -86.463492, 36.068712 ], [ -86.463496, 36.068676 ], [ -86.4612, 36.06748 ], [ -86.454312, 36.063892 ], [ -86.452016, 36.062697 ], [ -86.452029, 36.062669 ], [ -86.452067, 36.062587 ], [ -86.452081, 36.06256 ], [ -86.451963, 36.062494 ], [ -86.451612, 36.062299 ], [ -86.451495, 36.062234 ], [ -86.44964, 36.0612 ], [ -86.445139, 36.058694 ], [ -86.44504, 36.05864 ], [ -86.444942, 36.058585 ], [ -86.444074, 36.058101 ], [ -86.443576, 36.057824 ], [ -86.442217, 36.057074 ], [ -86.442192, 36.05706 ], [ -86.440888, 36.056296 ], [ -86.437304, 36.054036 ], [ -86.43828, 36.051776 ], [ -86.439752, 36.051836 ], [ -86.439792, 36.051408 ], [ -86.43916, 36.051384 ], [ -86.438448, 36.051296 ], [ -86.437712, 36.05116 ], [ -86.436832, 36.051 ], [ -86.43628, 36.05082 ], [ -86.435008, 36.049888 ], [ -86.434352, 36.049852 ], [ -86.433592, 36.04966 ], [ -86.433344, 36.050168 ], [ -86.432984, 36.050632 ], [ -86.432544, 36.051016 ], [ -86.43103, 36.050066 ], [ -86.430976, 36.050032 ], [ -86.430814, 36.04993 ], [ -86.43076, 36.049897 ], [ -86.430403, 36.049673 ], [ -86.430026, 36.049437 ], [ -86.42783, 36.04806 ], [ -86.427191, 36.047659 ], [ -86.427097, 36.047608 ], [ -86.427027, 36.047568 ], [ -86.426957, 36.047529 ], [ -86.426842, 36.047466 ], [ -86.426801, 36.047443 ], [ -86.426729, 36.047403 ], [ -86.426292, 36.04716 ], [ -86.424819, 36.046226 ], [ -86.419136, 36.042623 ], [ -86.418092, 36.041961 ], [ -86.417277, 36.04156 ], [ -86.417189, 36.041517 ], [ -86.416336, 36.041097 ], [ -86.413835, 36.039858 ], [ -86.4136, 36.039742 ], [ -86.413529, 36.039707 ], [ -86.413, 36.039445 ], [ -86.407848, 36.037005 ], [ -86.403694, 36.035054 ], [ -86.40192, 36.034221 ], [ -86.400306, 36.033469 ], [ -86.39619, 36.03156 ], [ -86.395248, 36.031093 ], [ -86.39512, 36.03103 ], [ -86.394222, 36.03597 ], [ -86.394136, 36.036448 ], [ -86.393772, 36.03641 ], [ -86.38308, 36.035307 ], [ -86.382528, 36.035251 ], [ -86.383181, 36.030261 ], [ -86.383193, 36.030158 ], [ -86.383847, 36.026697 ], [ -86.386275, 36.026963 ], [ -86.388359, 36.027193 ], [ -86.385745, 36.02371 ], [ -86.378692, 36.014303 ], [ -86.377024, 36.012077 ], [ -86.376999, 36.012043 ], [ -86.376879, 36.012131 ], [ -86.376775, 36.012243 ], [ -86.376668, 36.012339 ], [ -86.376451, 36.012439 ], [ -86.376244, 36.012532 ], [ -86.376119, 36.012623 ], [ -86.375851, 36.012813 ], [ -86.375769, 36.012939 ], [ -86.375647, 36.013138 ], [ -86.375535, 36.013342 ], [ -86.375423, 36.013542 ], [ -86.375363, 36.013713 ], [ -86.37534, 36.013746 ], [ -86.375203, 36.01395 ], [ -86.375121, 36.014107 ], [ -86.374968, 36.014433 ], [ -86.374956, 36.014508 ], [ -86.37492, 36.014737 ], [ -86.374909, 36.014813 ], [ -86.374673, 36.015495 ], [ -86.374572, 36.016055 ], [ -86.374396, 36.017045 ], [ -86.374235, 36.017584 ], [ -86.373951, 36.018007 ], [ -86.373552, 36.018287 ], [ -86.372842, 36.01853 ], [ -86.372497, 36.018739 ], [ -86.372349, 36.018791 ], [ -86.372267, 36.018821 ], [ -86.371895, 36.018827 ], [ -86.371232, 36.018822 ], [ -86.371064, 36.018805 ], [ -86.370502, 36.018753 ], [ -86.37005, 36.01871 ], [ -86.36994, 36.0187 ], [ -86.369764, 36.018645 ], [ -86.369277, 36.01839 ], [ -86.369189, 36.018344 ], [ -86.368667, 36.01814 ], [ -86.367524, 36.017894 ], [ -86.367274, 36.017789 ], [ -86.3672, 36.017711 ], [ -86.367165, 36.017674 ], [ -86.366827, 36.017124 ], [ -86.366701, 36.016829 ], [ -86.366695, 36.016816 ], [ -86.366666, 36.016748 ], [ -86.366563, 36.016508 ], [ -86.366529, 36.016428 ], [ -86.366294, 36.015848 ], [ -86.366251, 36.015741 ], [ -86.365824, 36.015027 ], [ -86.365519, 36.014757 ], [ -86.365055, 36.01452 ], [ -86.364917, 36.01445 ], [ -86.364525, 36.014329 ], [ -86.364466, 36.014325 ], [ -86.364447, 36.014323 ], [ -86.36439, 36.01432 ], [ -86.364372, 36.014319 ], [ -86.364394, 36.014238 ], [ -86.364412, 36.014175 ], [ -86.364519, 36.013595 ], [ -86.36452, 36.01358 ], [ -86.364595, 36.012994 ], [ -86.364685, 36.012494 ], [ -86.36479, 36.011334 ], [ -86.364882, 36.010586 ], [ -86.364745, 36.010503 ], [ -86.364337, 36.010254 ], [ -86.364201, 36.010172 ], [ -86.364375, 36.009075 ], [ -86.364516, 36.008196 ], [ -86.364886, 36.005783 ], [ -86.365055, 36.004686 ], [ -86.365272, 36.003449 ], [ -86.365381, 36.002975 ], [ -86.365487, 36.002565 ], [ -86.365636, 36.002083 ], [ -86.365759, 36.001735 ], [ -86.365908, 36.001314 ], [ -86.36623, 36.000563 ], [ -86.366421, 36.000153 ], [ -86.366743, 35.999529 ], [ -86.366762, 35.999495 ], [ -86.368445, 35.996398 ], [ -86.369055, 35.995259 ], [ -86.369936, 35.993639 ], [ -86.3702, 35.993155 ], [ -86.371381, 35.990966 ], [ -86.372073, 35.989674 ], [ -86.373426, 35.987151 ], [ -86.374161, 35.985804 ], [ -86.374424, 35.985323 ], [ -86.374872, 35.984523 ], [ -86.375328, 35.983672 ], [ -86.376076, 35.982281 ], [ -86.376704, 35.981123 ], [ -86.377165, 35.980275 ], [ -86.377422, 35.979811 ], [ -86.377603, 35.979488 ], [ -86.377888, 35.978933 ], [ -86.378128, 35.978388 ], [ -86.378342, 35.977903 ], [ -86.378365, 35.977852 ], [ -86.37856, 35.977183 ], [ -86.378684, 35.976762 ], [ -86.378804, 35.976089 ], [ -86.378832, 35.975634 ], [ -86.378865, 35.974956 ], [ -86.378867, 35.974936 ], [ -86.378825, 35.974205 ], [ -86.378719, 35.972934 ], [ -86.378401, 35.969124 ], [ -86.378318, 35.968129 ], [ -86.378304, 35.967854 ], [ -86.378292, 35.967749 ], [ -86.378259, 35.967435 ], [ -86.378248, 35.967331 ], [ -86.378225, 35.967117 ], [ -86.378157, 35.966211 ], [ -86.378021, 35.964391 ], [ -86.378015, 35.964316 ], [ -86.377975, 35.962847 ], [ -86.377946, 35.961724 ], [ -86.377945, 35.961642 ], [ -86.377945, 35.961399 ], [ -86.377945, 35.961318 ], [ -86.377943, 35.960969 ], [ -86.377942, 35.960863 ], [ -86.377937, 35.959925 ], [ -86.377935, 35.959577 ], [ -86.377936, 35.958773 ], [ -86.377937, 35.958244 ], [ -86.377922, 35.956364 ], [ -86.377916, 35.955562 ], [ -86.377913, 35.954865 ], [ -86.377907, 35.952775 ], [ -86.377905, 35.952079 ], [ -86.377903, 35.951678 ], [ -86.3779, 35.950476 ], [ -86.377899, 35.950076 ], [ -86.377896, 35.949786 ], [ -86.377888, 35.948918 ], [ -86.377886, 35.948629 ], [ -86.377885, 35.948512 ], [ -86.377888, 35.948237 ], [ -86.377894, 35.947805 ], [ -86.377907, 35.947064 ], [ -86.377914, 35.946674 ], [ -86.377965, 35.945666 ], [ -86.377989, 35.94522 ], [ -86.378227, 35.942974 ], [ -86.378234, 35.942915 ], [ -86.378313, 35.941599 ], [ -86.378299, 35.941157 ], [ -86.378345, 35.939565 ], [ -86.378368, 35.938794 ], [ -86.378408, 35.938037 ], [ -86.378448, 35.937294 ], [ -86.378551, 35.935769 ], [ -86.378582, 35.935329 ], [ -86.37862, 35.935015 ], [ -86.378633, 35.934901 ], [ -86.378636, 35.934883 ], [ -86.37868, 35.934621 ], [ -86.378696, 35.934523 ], [ -86.378774, 35.934171 ], [ -86.378784, 35.934127 ], [ -86.378802, 35.934059 ], [ -86.378872, 35.93379 ], [ -86.37916, 35.932873 ], [ -86.379572, 35.931724 ], [ -86.379863, 35.930917 ], [ -86.380122, 35.930196 ], [ -86.380309, 35.929677 ], [ -86.38062, 35.928771 ], [ -86.380887, 35.928031 ], [ -86.381128, 35.927367 ], [ -86.38115, 35.927312 ], [ -86.381181, 35.92723 ], [ -86.381278, 35.926986 ], [ -86.38131, 35.926905 ], [ -86.381357, 35.926785 ], [ -86.381363, 35.926771 ], [ -86.381459, 35.92655 ], [ -86.381921, 35.925491 ], [ -86.382076, 35.925139 ], [ -86.38218, 35.924905 ], [ -86.382315, 35.9246 ], [ -86.382572, 35.924023 ], [ -86.382787, 35.923511 ], [ -86.382997, 35.922972 ], [ -86.38303, 35.92289 ], [ -86.383185, 35.922414 ], [ -86.383054, 35.922385 ], [ -86.383149, 35.922023 ], [ -86.3833, 35.921455 ], [ -86.38351, 35.920541 ], [ -86.383518, 35.920509 ], [ -86.383587, 35.920182 ], [ -86.383727, 35.920202 ], [ -86.383733, 35.920152 ], [ -86.383755, 35.920002 ], [ -86.383763, 35.919953 ], [ -86.383895, 35.919285 ], [ -86.383929, 35.918788 ], [ -86.383938, 35.918657 ], [ -86.383877, 35.917578 ], [ -86.38389, 35.916925 ], [ -86.383755, 35.916937 ], [ -86.383754, 35.916826 ], [ -86.383752, 35.916516 ], [ -86.383752, 35.916499 ], [ -86.383752, 35.916086 ], [ -86.383753, 35.915968 ], [ -86.383881, 35.915967 ], [ -86.38388, 35.915937 ], [ -86.383877, 35.915847 ], [ -86.383877, 35.915818 ], [ -86.383727, 35.91581 ], [ -86.383717, 35.915496 ], [ -86.383691, 35.914586 ], [ -86.383689, 35.91449 ], [ -86.383687, 35.914436 ], [ -86.38368, 35.91418 ], [ -86.383678, 35.914107 ], [ -86.383671, 35.913835 ], [ -86.38367, 35.913809 ], [ -86.38366, 35.913573 ], [ -86.383646, 35.913248 ], [ -86.383658, 35.91281 ], [ -86.383651, 35.911931 ], [ -86.383639, 35.910918 ], [ -86.383643, 35.910842 ], [ -86.383633, 35.910772 ], [ -86.38363, 35.910746 ], [ -86.383479, 35.910609 ], [ -86.381363, 35.910421 ], [ -86.381358, 35.910296 ], [ -86.381107, 35.910271 ], [ -86.380357, 35.910198 ], [ -86.380107, 35.910174 ], [ -86.379776, 35.910139 ], [ -86.378783, 35.910036 ], [ -86.378452, 35.910002 ], [ -86.37844, 35.91 ], [ -86.378394, 35.909996 ], [ -86.378315, 35.909988 ], [ -86.378078, 35.909965 ], [ -86.377999, 35.909958 ], [ -86.377704, 35.90993 ], [ -86.377556, 35.909916 ], [ -86.376227, 35.909791 ], [ -86.375785, 35.90975 ], [ -86.375708, 35.909742 ], [ -86.375477, 35.909721 ], [ -86.375401, 35.909715 ], [ -86.375322, 35.909707 ], [ -86.37528, 35.909704 ], [ -86.375194, 35.909695 ], [ -86.375087, 35.909684 ], [ -86.375009, 35.909676 ], [ -86.374776, 35.909652 ], [ -86.374077, 35.90958 ], [ -86.373845, 35.909557 ], [ -86.373849, 35.909511 ], [ -86.373865, 35.909375 ], [ -86.37387, 35.90933 ], [ -86.373886, 35.90918 ], [ -86.373934, 35.908734 ], [ -86.373951, 35.908585 ], [ -86.373997, 35.908136 ], [ -86.374089, 35.90726 ], [ -86.374158, 35.906792 ], [ -86.374224, 35.906346 ], [ -86.374242, 35.906221 ], [ -86.374295, 35.905846 ], [ -86.374314, 35.905722 ], [ -86.374326, 35.905642 ], [ -86.374349, 35.905497 ], [ -86.374408, 35.905141 ], [ -86.374431, 35.904977 ], [ -86.374418, 35.904823 ], [ -86.374416, 35.904799 ], [ -86.374359, 35.904605 ], [ -86.37434, 35.904474 ], [ -86.374351, 35.904283 ], [ -86.374359, 35.904145 ], [ -86.374419, 35.903595 ], [ -86.374394, 35.903318 ], [ -86.37439, 35.903264 ], [ -86.374337, 35.90312 ], [ -86.374264, 35.903031 ], [ -86.374164, 35.903025 ], [ -86.374068, 35.90302 ], [ -86.373979, 35.903015 ], [ -86.373929, 35.903013 ], [ -86.373864, 35.90301 ], [ -86.373765, 35.903005 ], [ -86.373711, 35.903002 ], [ -86.373613, 35.902997 ], [ -86.37355, 35.902993 ], [ -86.373497, 35.902991 ], [ -86.373457, 35.903023 ], [ -86.37347, 35.903441 ], [ -86.373545, 35.903583 ], [ -86.373537, 35.903618 ], [ -86.373518, 35.90371 ], [ -86.373471, 35.903809 ], [ -86.373511, 35.903929 ], [ -86.373586, 35.90415 ], [ -86.373485, 35.904435 ], [ -86.373472, 35.904842 ], [ -86.373262, 35.905155 ], [ -86.373168, 35.905397 ], [ -86.373104, 35.905432 ], [ -86.373092, 35.905328 ], [ -86.372796, 35.905298 ], [ -86.372497, 35.905284 ], [ -86.371641, 35.905208 ], [ -86.371576, 35.905202 ], [ -86.371616, 35.904103 ], [ -86.371677, 35.902419 ], [ -86.371108, 35.902387 ], [ -86.370153, 35.902323 ], [ -86.370283, 35.901531 ], [ -86.370429, 35.900687 ], [ -86.370539, 35.90037 ], [ -86.370548, 35.900261 ], [ -86.370636, 35.899775 ], [ -86.370667, 35.899654 ], [ -86.370786, 35.89932 ], [ -86.370906, 35.898621 ], [ -86.370908, 35.898548 ], [ -86.370892, 35.898493 ], [ -86.370813, 35.898304 ], [ -86.370928, 35.898263 ], [ -86.371169, 35.898149 ], [ -86.371179, 35.898145 ], [ -86.37162, 35.897889 ], [ -86.371734, 35.897832 ], [ -86.371876, 35.897774 ], [ -86.372023, 35.897727 ], [ -86.372184, 35.897687 ], [ -86.372258, 35.89767 ], [ -86.372645, 35.897584 ], [ -86.373165, 35.89747 ], [ -86.373199, 35.897462 ], [ -86.3733, 35.897439 ], [ -86.373335, 35.897432 ], [ -86.37347, 35.897401 ], [ -86.373992, 35.897283 ], [ -86.374084, 35.897264 ], [ -86.374481, 35.897183 ], [ -86.374636, 35.897161 ], [ -86.374911, 35.897139 ], [ -86.375043, 35.89714 ], [ -86.375281, 35.897154 ], [ -86.375575, 35.897196 ], [ -86.37636, 35.897336 ], [ -86.376545, 35.897369 ], [ -86.37701, 35.897435 ], [ -86.37712, 35.897449 ], [ -86.377202, 35.897459 ], [ -86.377448, 35.897489 ], [ -86.377531, 35.8975 ], [ -86.377939, 35.89755 ], [ -86.378224, 35.897586 ], [ -86.378217, 35.899308 ], [ -86.379037, 35.899374 ], [ -86.379131, 35.89937 ], [ -86.379267, 35.899248 ], [ -86.37928, 35.89772 ], [ -86.379575, 35.897757 ], [ -86.379676, 35.897769 ], [ -86.37998, 35.897807 ], [ -86.380082, 35.89782 ], [ -86.38041, 35.89786 ], [ -86.381395, 35.897983 ], [ -86.381724, 35.898024 ], [ -86.381851, 35.898039 ], [ -86.382232, 35.898087 ], [ -86.38236, 35.898103 ], [ -86.382505, 35.89812 ], [ -86.382524, 35.898123 ], [ -86.382941, 35.898174 ], [ -86.383087, 35.898193 ], [ -86.383125, 35.898197 ], [ -86.38324, 35.898212 ], [ -86.383279, 35.898217 ], [ -86.383141, 35.897124 ], [ -86.382727, 35.893845 ], [ -86.3826, 35.892832 ], [ -86.38259, 35.892753 ], [ -86.382512, 35.892112 ], [ -86.38228, 35.89019 ], [ -86.382203, 35.88955 ], [ -86.382169, 35.888952 ], [ -86.382187, 35.888132 ], [ -86.38221, 35.887797 ], [ -86.382259, 35.887431 ], [ -86.38226, 35.887413 ], [ -86.382304, 35.887025 ], [ -86.38231, 35.886975 ], [ -86.382493, 35.886175 ], [ -86.382654, 35.885566 ], [ -86.382771, 35.885127 ], [ -86.383109, 35.883874 ], [ -86.384193, 35.879666 ], [ -86.384298, 35.879255 ], [ -86.384623, 35.877999 ], [ -86.384755, 35.877228 ], [ -86.384798, 35.877064 ], [ -86.384904, 35.876647 ], [ -86.38511, 35.876018 ], [ -86.3852, 35.875536 ], [ -86.385233, 35.875335 ], [ -86.385273, 35.875002 ], [ -86.385301, 35.874749 ], [ -86.385386, 35.873991 ], [ -86.385415, 35.873739 ], [ -86.385438, 35.873516 ], [ -86.38551, 35.872848 ], [ -86.385512, 35.87283 ], [ -86.385536, 35.872626 ], [ -86.385581, 35.87223 ], [ -86.385691, 35.871274 ], [ -86.385729, 35.871045 ], [ -86.385755, 35.870897 ], [ -86.385805, 35.870654 ], [ -86.385903, 35.870305 ], [ -86.385989, 35.870072 ], [ -86.386177, 35.869571 ], [ -86.386291, 35.869318 ], [ -86.386387, 35.869131 ], [ -86.386588, 35.868766 ], [ -86.386794, 35.868431 ], [ -86.386823, 35.868384 ], [ -86.38713, 35.867921 ], [ -86.386662, 35.867727 ], [ -86.386398, 35.867618 ], [ -86.385531, 35.867259 ], [ -86.385258, 35.867153 ], [ -86.384787, 35.866971 ], [ -86.384415, 35.866818 ], [ -86.384372, 35.866801 ], [ -86.383988, 35.866677 ], [ -86.383352, 35.866516 ], [ -86.383256, 35.866497 ], [ -86.382863, 35.866422 ], [ -86.382541, 35.866373 ], [ -86.381577, 35.866227 ], [ -86.381256, 35.866179 ], [ -86.380912, 35.86613 ], [ -86.380809, 35.866116 ], [ -86.37988, 35.865994 ], [ -86.379536, 35.865949 ], [ -86.379397, 35.865934 ], [ -86.379166, 35.865909 ], [ -86.37898, 35.865909 ], [ -86.378841, 35.86591 ], [ -86.378536, 35.865961 ], [ -86.378496, 35.865968 ], [ -86.37818, 35.86609 ], [ -86.378081, 35.866138 ], [ -86.377695, 35.86633 ], [ -86.377412, 35.866465 ], [ -86.377279, 35.866527 ], [ -86.37688, 35.866716 ], [ -86.376748, 35.86678 ], [ -86.376658, 35.866821 ], [ -86.376517, 35.866887 ], [ -86.376387, 35.866947 ], [ -86.376298, 35.86699 ], [ -86.376071, 35.867096 ], [ -86.375916, 35.867176 ], [ -86.375788, 35.867244 ], [ -86.375662, 35.867323 ], [ -86.375515, 35.867415 ], [ -86.375439, 35.867478 ], [ -86.375272, 35.867615 ], [ -86.375134, 35.867734 ], [ -86.375096, 35.867769 ], [ -86.374923, 35.867959 ], [ -86.374867, 35.868023 ], [ -86.374736, 35.868207 ], [ -86.374686, 35.868309 ], [ -86.374614, 35.868457 ], [ -86.374585, 35.86851 ], [ -86.374526, 35.868619 ], [ -86.374482, 35.868701 ], [ -86.374261, 35.869104 ], [ -86.374154, 35.869303 ], [ -86.373969, 35.869655 ], [ -86.373833, 35.869913 ], [ -86.373713, 35.870143 ], [ -86.373595, 35.870368 ], [ -86.373529, 35.870493 ], [ -86.373461, 35.870624 ], [ -86.373383, 35.870771 ], [ -86.373279, 35.870966 ], [ -86.373194, 35.871102 ], [ -86.373146, 35.871179 ], [ -86.373004, 35.871347 ], [ -86.37292, 35.871433 ], [ -86.372711, 35.871649 ], [ -86.372638, 35.871726 ], [ -86.372269, 35.871987 ], [ -86.372044, 35.872127 ], [ -86.371688, 35.872287 ], [ -86.371214, 35.872447 ], [ -86.370895, 35.87252 ], [ -86.370476, 35.872617 ], [ -86.369757, 35.872785 ], [ -86.369724, 35.872793 ], [ -86.369375, 35.872875 ], [ -86.369248, 35.872905 ], [ -86.368799, 35.873015 ], [ -86.368754, 35.873026 ], [ -86.368452, 35.8731 ], [ -86.368086, 35.87319 ], [ -86.367824, 35.873255 ], [ -86.367558, 35.873321 ], [ -86.36735, 35.873373 ], [ -86.36693, 35.873477 ], [ -86.366827, 35.873502 ], [ -86.366501, 35.873584 ], [ -86.365928, 35.873696 ], [ -86.365661, 35.873735 ], [ -86.365641, 35.873739 ], [ -86.365425, 35.873758 ], [ -86.36523, 35.87376 ], [ -86.364929, 35.873772 ], [ -86.364552, 35.87376 ], [ -86.364519, 35.87376 ], [ -86.364152, 35.873729 ], [ -86.363852, 35.873678 ], [ -86.363598, 35.873626 ], [ -86.363223, 35.873539 ], [ -86.362994, 35.873468 ], [ -86.362576, 35.873313 ], [ -86.36209, 35.873133 ], [ -86.361944, 35.873068 ], [ -86.361854, 35.873027 ], [ -86.361641, 35.87293 ], [ -86.361405, 35.872828 ], [ -86.361293, 35.87278 ], [ -86.361163, 35.872724 ], [ -86.360691, 35.872539 ], [ -86.360259, 35.872409 ], [ -86.359883, 35.872328 ], [ -86.359725, 35.872303 ], [ -86.359642, 35.87229 ], [ -86.359431, 35.872264 ], [ -86.359139, 35.872258 ], [ -86.358414, 35.872201 ], [ -86.358164, 35.872182 ], [ -86.357124, 35.872117 ], [ -86.356239, 35.872075 ], [ -86.355918, 35.872061 ], [ -86.355519, 35.871997 ], [ -86.355193, 35.871913 ], [ -86.355123, 35.871895 ], [ -86.354786, 35.871797 ], [ -86.354569, 35.871722 ], [ -86.354239, 35.87159 ], [ -86.353928, 35.871466 ], [ -86.354422, 35.870781 ], [ -86.354445, 35.870745 ], [ -86.355132, 35.869699 ], [ -86.355526, 35.869079 ], [ -86.355892, 35.868509 ], [ -86.356374, 35.867764 ], [ -86.356743, 35.867204 ], [ -86.357586, 35.865887 ], [ -86.357727, 35.865668 ], [ -86.357994, 35.865272 ], [ -86.35819, 35.864981 ], [ -86.358285, 35.86485 ], [ -86.358801, 35.864171 ], [ -86.359831, 35.862836 ], [ -86.360758, 35.861617 ], [ -86.361368, 35.860827 ], [ -86.361602, 35.860527 ], [ -86.361723, 35.860371 ], [ -86.362497, 35.859382 ], [ -86.362585, 35.859421 ], [ -86.362667, 35.859445 ], [ -86.362805, 35.859472 ], [ -86.363981, 35.859645 ], [ -86.364195, 35.859685 ], [ -86.364406, 35.85974 ], [ -86.36461, 35.859809 ], [ -86.364778, 35.859893 ], [ -86.364927, 35.859978 ], [ -86.366609, 35.861115 ], [ -86.367621, 35.860116 ], [ -86.367899, 35.859847 ], [ -86.368627, 35.859129 ], [ -86.368777, 35.858982 ], [ -86.369117, 35.858589 ], [ -86.369186, 35.85851 ], [ -86.369354, 35.858306 ], [ -86.369427, 35.858219 ], [ -86.369482, 35.858162 ], [ -86.369541, 35.858125 ], [ -86.369632, 35.858094 ], [ -86.369734, 35.858083 ], [ -86.369886, 35.858079 ], [ -86.369899, 35.857669 ], [ -86.369994, 35.857271 ], [ -86.370159, 35.856375 ], [ -86.370294, 35.855652 ], [ -86.370385, 35.855025 ], [ -86.370467, 35.854551 ], [ -86.370714, 35.85313 ], [ -86.370727, 35.853059 ], [ -86.370786, 35.852655 ], [ -86.370838, 35.852301 ], [ -86.370997, 35.851243 ], [ -86.37105, 35.85089 ], [ -86.371062, 35.850803 ], [ -86.371102, 35.850543 ], [ -86.371115, 35.850457 ], [ -86.370501, 35.850421 ], [ -86.36866, 35.850316 ], [ -86.368047, 35.850281 ], [ -86.367512, 35.850249 ], [ -86.36591, 35.850155 ], [ -86.365376, 35.850124 ], [ -86.365397, 35.849937 ], [ -86.365463, 35.849377 ], [ -86.365485, 35.849191 ], [ -86.365103, 35.849163 ], [ -86.363957, 35.84908 ], [ -86.363576, 35.849053 ], [ -86.362758, 35.848993 ], [ -86.360307, 35.848816 ], [ -86.35949, 35.848757 ], [ -86.359557, 35.84825 ], [ -86.359574, 35.848163 ], [ -86.35959, 35.848086 ], [ -86.359919, 35.846829 ], [ -86.360036, 35.846624 ], [ -86.360168, 35.846496 ], [ -86.360236, 35.846432 ], [ -86.360325, 35.846327 ], [ -86.360403, 35.846199 ], [ -86.360456, 35.846022 ], [ -86.360461, 35.845989 ], [ -86.360521, 35.845681 ], [ -86.360703, 35.844758 ], [ -86.360788, 35.844411 ], [ -86.360659, 35.844391 ], [ -86.360467, 35.844355 ], [ -86.358909, 35.844163 ], [ -86.357123, 35.843943 ], [ -86.356805, 35.843944 ], [ -86.356379, 35.843879 ], [ -86.355759, 35.843803 ], [ -86.354854, 35.843722 ], [ -86.354899, 35.843585 ], [ -86.355579, 35.84025 ], [ -86.355744, 35.840287 ], [ -86.356512, 35.840456 ], [ -86.359164, 35.840991 ], [ -86.360735, 35.841319 ], [ -86.361644, 35.841509 ], [ -86.362099, 35.841605 ], [ -86.363464, 35.841896 ], [ -86.36392, 35.841993 ], [ -86.364062, 35.842021 ], [ -86.364489, 35.842105 ], [ -86.364632, 35.842134 ], [ -86.364903, 35.84219 ], [ -86.365132, 35.842238 ], [ -86.365716, 35.842361 ], [ -86.365987, 35.842418 ], [ -86.366235, 35.842469 ], [ -86.366981, 35.842625 ], [ -86.36723, 35.842677 ], [ -86.367288, 35.842688 ], [ -86.36764, 35.842762 ], [ -86.368873, 35.843021 ], [ -86.369284, 35.843108 ], [ -86.36937, 35.843126 ], [ -86.369627, 35.84318 ], [ -86.369714, 35.843198 ], [ -86.369827, 35.843221 ], [ -86.370166, 35.843293 ], [ -86.37028, 35.843317 ], [ -86.370408, 35.843344 ], [ -86.370792, 35.843425 ], [ -86.37092, 35.843453 ], [ -86.37116, 35.843502 ], [ -86.371883, 35.84365 ], [ -86.372124, 35.8437 ], [ -86.372418, 35.843754 ], [ -86.373301, 35.843916 ], [ -86.373596, 35.84397 ], [ -86.37422, 35.844044 ], [ -86.37507, 35.844142 ], [ -86.375138, 35.844152 ], [ -86.37664, 35.844338 ], [ -86.376733, 35.844347 ], [ -86.37809, 35.844505 ], [ -86.379775, 35.844708 ], [ -86.381478, 35.844894 ], [ -86.381723, 35.844921 ], [ -86.382458, 35.845002 ], [ -86.382703, 35.84503 ], [ -86.382929, 35.845056 ], [ -86.38361, 35.845134 ], [ -86.383837, 35.845161 ], [ -86.383786, 35.845372 ], [ -86.383635, 35.846005 ], [ -86.383585, 35.846217 ], [ -86.383543, 35.846443 ], [ -86.38342, 35.84712 ], [ -86.383379, 35.847347 ], [ -86.383349, 35.847504 ], [ -86.383344, 35.847537 ], [ -86.383265, 35.848111 ], [ -86.383239, 35.848303 ], [ -86.383213, 35.848484 ], [ -86.383135, 35.849026 ], [ -86.38311, 35.849208 ], [ -86.383091, 35.849356 ], [ -86.383034, 35.849802 ], [ -86.383016, 35.849951 ], [ -86.383001, 35.850057 ], [ -86.382958, 35.850377 ], [ -86.382945, 35.850484 ], [ -86.382913, 35.850706 ], [ -86.382819, 35.851375 ], [ -86.382789, 35.851598 ], [ -86.382755, 35.851844 ], [ -86.382654, 35.852584 ], [ -86.382621, 35.852831 ], [ -86.382593, 35.85303 ], [ -86.382509, 35.853627 ], [ -86.382482, 35.853827 ], [ -86.382395, 35.854411 ], [ -86.382184, 35.855834 ], [ -86.382137, 35.856167 ], [ -86.382069, 35.85666 ], [ -86.382055, 35.856753 ], [ -86.382005, 35.857089 ], [ -86.381857, 35.858099 ], [ -86.381808, 35.858436 ], [ -86.381768, 35.858729 ], [ -86.381649, 35.859607 ], [ -86.38161, 35.859901 ], [ -86.381578, 35.860122 ], [ -86.381482, 35.860786 ], [ -86.381451, 35.861008 ], [ -86.381849, 35.861039 ], [ -86.383046, 35.861132 ], [ -86.383445, 35.861164 ], [ -86.383771, 35.861192 ], [ -86.38475, 35.861276 ], [ -86.385077, 35.861304 ], [ -86.386613, 35.861435 ], [ -86.3903, 35.861723 ], [ -86.390451, 35.86095 ], [ -86.390569, 35.860633 ], [ -86.390718, 35.860333 ], [ -86.390798, 35.860184 ], [ -86.39097, 35.859924 ], [ -86.391193, 35.859659 ], [ -86.391897, 35.858945 ], [ -86.392564, 35.858271 ], [ -86.393962, 35.856775 ], [ -86.393989, 35.856745 ], [ -86.394611, 35.855898 ], [ -86.394659, 35.855844 ], [ -86.395479, 35.855823 ], [ -86.396832, 35.855722 ], [ -86.397982, 35.855671 ], [ -86.399296, 35.855624 ], [ -86.400477, 35.8556 ], [ -86.401537, 35.855644 ], [ -86.402826, 35.855679 ], [ -86.403373, 35.855601 ], [ -86.403703, 35.855603 ], [ -86.403771, 35.855604 ], [ -86.404695, 35.855603 ], [ -86.405026, 35.855603 ], [ -86.405202, 35.855598 ], [ -86.405375, 35.855603 ], [ -86.405523, 35.855614 ], [ -86.405605, 35.855625 ], [ -86.405666, 35.855634 ], [ -86.405683, 35.855637 ], [ -86.406261, 35.85576 ], [ -86.407026, 35.855921 ], [ -86.407552, 35.856033 ], [ -86.408181, 35.856168 ], [ -86.408285, 35.856187 ], [ -86.408419, 35.856207 ], [ -86.408462, 35.856211 ], [ -86.408593, 35.856224 ], [ -86.408997, 35.85625 ], [ -86.409308, 35.856264 ], [ -86.409463, 35.856274 ], [ -86.4096, 35.856283 ], [ -86.410093, 35.856315 ], [ -86.410631, 35.856351 ], [ -86.410975, 35.856441 ], [ -86.411294, 35.856559 ], [ -86.411527, 35.85664 ], [ -86.411896, 35.85677 ], [ -86.411994, 35.856805 ], [ -86.412096, 35.856841 ], [ -86.412297, 35.856911 ], [ -86.41258, 35.857011 ], [ -86.413184, 35.857288 ], [ -86.413477, 35.857423 ], [ -86.413792, 35.85753 ], [ -86.41474, 35.857851 ], [ -86.414834, 35.857883 ], [ -86.415055, 35.857962 ], [ -86.416047, 35.858302 ], [ -86.416227, 35.85837 ], [ -86.416455, 35.858491 ], [ -86.416637, 35.858612 ], [ -86.41668, 35.858644 ], [ -86.416898, 35.858812 ], [ -86.418001, 35.859824 ], [ -86.418307, 35.860039 ], [ -86.418495, 35.860153 ], [ -86.418706, 35.860245 ], [ -86.418946, 35.86032 ], [ -86.419229, 35.860394 ], [ -86.419688, 35.860451 ], [ -86.420021, 35.860468 ], [ -86.42035, 35.860444 ], [ -86.420762, 35.860362 ], [ -86.421, 35.860288 ], [ -86.421212, 35.86021 ], [ -86.42161, 35.860001 ], [ -86.424162, 35.858554 ], [ -86.424963, 35.858105 ], [ -86.425549, 35.857823 ], [ -86.425952, 35.857693 ], [ -86.426013, 35.857673 ], [ -86.426478, 35.857622 ], [ -86.427044, 35.85762 ], [ -86.427613, 35.857664 ], [ -86.429777, 35.857832 ], [ -86.430054, 35.857853 ], [ -86.431395, 35.85791 ], [ -86.432405, 35.857826 ], [ -86.433302, 35.857738 ], [ -86.434335, 35.857747 ], [ -86.436562, 35.857944 ], [ -86.436847, 35.857952 ], [ -86.437604, 35.858003 ], [ -86.437987, 35.858042 ], [ -86.43854, 35.858099 ], [ -86.439324, 35.858269 ], [ -86.439832, 35.858443 ], [ -86.440327, 35.858636 ], [ -86.441041, 35.859025 ], [ -86.441462, 35.859344 ], [ -86.441938, 35.859723 ], [ -86.442464, 35.860269 ], [ -86.444253, 35.862191 ], [ -86.444853, 35.862864 ], [ -86.444963, 35.862987 ], [ -86.446232, 35.864333 ], [ -86.447206, 35.865452 ], [ -86.447382, 35.865604 ], [ -86.447567, 35.865763 ], [ -86.447849, 35.865956 ], [ -86.448065, 35.866093 ], [ -86.44831, 35.866207 ], [ -86.448629, 35.866321 ], [ -86.449141, 35.866471 ], [ -86.449089, 35.866592 ], [ -86.449024, 35.866803 ], [ -86.448986, 35.867048 ], [ -86.448966, 35.867134 ], [ -86.448918, 35.867213 ], [ -86.448877, 35.86725 ], [ -86.448845, 35.867278 ], [ -86.448762, 35.86732 ], [ -86.448651, 35.867349 ], [ -86.448543, 35.86735 ], [ -86.448503, 35.867355 ], [ -86.447496, 35.867505 ], [ -86.44665, 35.867631 ], [ -86.446458, 35.867654 ], [ -86.446312, 35.867672 ], [ -86.446114, 35.867689 ], [ -86.445851, 35.867693 ], [ -86.44527, 35.867679 ], [ -86.445073, 35.867674 ], [ -86.444822, 35.86766 ], [ -86.444774, 35.867658 ], [ -86.444486, 35.867594 ], [ -86.443621, 35.867379 ], [ -86.443004, 35.867217 ], [ -86.441152, 35.866732 ], [ -86.440536, 35.866571 ], [ -86.440442, 35.866546 ], [ -86.440163, 35.866473 ], [ -86.44007, 35.866449 ], [ -86.439399, 35.86627 ], [ -86.438815, 35.866114 ], [ -86.438376, 35.865997 ], [ -86.438019, 35.865917 ], [ -86.437773, 35.865887 ], [ -86.437612, 35.865878 ], [ -86.437452, 35.865877 ], [ -86.437364, 35.865878 ], [ -86.437132, 35.865882 ], [ -86.436671, 35.865894 ], [ -86.435824, 35.865916 ], [ -86.435784, 35.865916 ], [ -86.43527, 35.865924 ], [ -86.434833, 35.865923 ], [ -86.434549, 35.865906 ], [ -86.433131, 35.865781 ], [ -86.432248, 35.865704 ], [ -86.432043, 35.865686 ], [ -86.431429, 35.865634 ], [ -86.431225, 35.865617 ], [ -86.431191, 35.865614 ], [ -86.431094, 35.865604 ], [ -86.430874, 35.865581 ], [ -86.430602, 35.865553 ], [ -86.430208, 35.865498 ], [ -86.429867, 35.865398 ], [ -86.429838, 35.865385 ], [ -86.429517, 35.865242 ], [ -86.429503, 35.865236 ], [ -86.429234, 35.865106 ], [ -86.428388, 35.864697 ], [ -86.428106, 35.864561 ], [ -86.427789, 35.865008 ], [ -86.427611, 35.865296 ], [ -86.427489, 35.865558 ], [ -86.427432, 35.865717 ], [ -86.427388, 35.865876 ], [ -86.42736, 35.866061 ], [ -86.427353, 35.866176 ], [ -86.427346, 35.866307 ], [ -86.427347, 35.866546 ], [ -86.427395, 35.866828 ], [ -86.427685, 35.86816 ], [ -86.42782, 35.868775 ], [ -86.428076, 35.869964 ], [ -86.428117, 35.870404 ], [ -86.428089, 35.870819 ], [ -86.428028, 35.871133 ], [ -86.427899, 35.871504 ], [ -86.427884, 35.871549 ], [ -86.427769, 35.871807 ], [ -86.427284, 35.872656 ], [ -86.427032, 35.873093 ], [ -86.426896, 35.873328 ], [ -86.426489, 35.874034 ], [ -86.426354, 35.87427 ], [ -86.426238, 35.87447 ], [ -86.425893, 35.875071 ], [ -86.425776, 35.87527 ], [ -86.425873, 35.875379 ], [ -86.426566, 35.876158 ], [ -86.428939, 35.878823 ], [ -86.429627, 35.879596 ], [ -86.42973, 35.879712 ], [ -86.431426, 35.881617 ], [ -86.432151, 35.882431 ], [ -86.435229, 35.885887 ], [ -86.435681, 35.886394 ], [ -86.436516, 35.887332 ], [ -86.436753, 35.887598 ], [ -86.438199, 35.889251 ], [ -86.438679, 35.889799 ], [ -86.440119, 35.891446 ], [ -86.440599, 35.891995 ], [ -86.440709, 35.892121 ], [ -86.44104, 35.892499 ], [ -86.441151, 35.892626 ], [ -86.440998, 35.892705 ], [ -86.440547, 35.89294 ], [ -86.440388, 35.893022 ], [ -86.441365, 35.894105 ], [ -86.44153, 35.894288 ], [ -86.441957, 35.894784 ], [ -86.443391, 35.89645 ], [ -86.444222, 35.897425 ], [ -86.445169, 35.898536 ], [ -86.445388, 35.898797 ], [ -86.445739, 35.899215 ], [ -86.447449, 35.901254 ], [ -86.447988, 35.901896 ], [ -86.448023, 35.901931 ], [ -86.44805, 35.90197 ], [ -86.44817, 35.902113 ], [ -86.448623, 35.902653 ], [ -86.448774, 35.902833 ], [ -86.448858, 35.902934 ], [ -86.449037, 35.903147 ], [ -86.449112, 35.903237 ], [ -86.449197, 35.903339 ], [ -86.44926, 35.903414 ], [ -86.449428, 35.903614 ], [ -86.449486, 35.903684 ], [ -86.449537, 35.903746 ], [ -86.449693, 35.903932 ], [ -86.449745, 35.903994 ], [ -86.449945, 35.904233 ], [ -86.450545, 35.90495 ], [ -86.450746, 35.90519 ], [ -86.450769, 35.905218 ], [ -86.450839, 35.905302 ], [ -86.450863, 35.90533 ], [ -86.451318, 35.905874 ], [ -86.452194, 35.906921 ], [ -86.4527, 35.907492 ], [ -86.453171, 35.908024 ], [ -86.454512, 35.909536 ], [ -86.45492, 35.909997 ], [ -86.455195, 35.910307 ], [ -86.457007, 35.912486 ], [ -86.457286, 35.912821 ], [ -86.458473, 35.914126 ], [ -86.458657, 35.914328 ], [ -86.459773, 35.915592 ], [ -86.459815, 35.915639 ], [ -86.45985, 35.915679 ], [ -86.459886, 35.915719 ], [ -86.46031, 35.916181 ], [ -86.461801, 35.917804 ], [ -86.462298, 35.918345 ], [ -86.463221, 35.919351 ], [ -86.463236, 35.919367 ], [ -86.464005, 35.920219 ], [ -86.464015, 35.92023 ], [ -86.465157, 35.921477 ], [ -86.465959, 35.922353 ], [ -86.466066, 35.922469 ], [ -86.466519, 35.922961 ], [ -86.46698, 35.92346 ], [ -86.467013, 35.923496 ], [ -86.468121, 35.924697 ], [ -86.469683, 35.92642 ], [ -86.469719, 35.92646 ], [ -86.470555, 35.927366 ], [ -86.470936, 35.927786 ], [ -86.470985, 35.92784 ], [ -86.471012, 35.927869 ], [ -86.471162, 35.928035 ], [ -86.471198, 35.928075 ], [ -86.471239, 35.928122 ], [ -86.471314, 35.928208 ], [ -86.471558, 35.928488 ], [ -86.472024, 35.929023 ], [ -86.472339, 35.929385 ], [ -86.47384, 35.931107 ], [ -86.474157, 35.931471 ], [ -86.474868, 35.932288 ], [ -86.475485, 35.932995 ], [ -86.475509, 35.933023 ], [ -86.476481, 35.934137 ], [ -86.477444, 35.935218 ], [ -86.478094, 35.935947 ], [ -86.47844, 35.936339 ], [ -86.479477, 35.937515 ], [ -86.479548, 35.937595 ], [ -86.479824, 35.937907 ], [ -86.48034, 35.938497 ], [ -86.480863, 35.939096 ], [ -86.481613, 35.939955 ], [ -86.481888, 35.94027 ], [ -86.482404, 35.940861 ], [ -86.48317, 35.941744 ], [ -86.483837, 35.942512 ], [ -86.485469, 35.944393 ], [ -86.486236, 35.945276 ], [ -86.486329, 35.945384 ], [ -86.486608, 35.94571 ], [ -86.486701, 35.945819 ], [ -86.486916, 35.94607 ], [ -86.487294, 35.946512 ], [ -86.487574, 35.946815 ], [ -86.487799, 35.947059 ], [ -86.489601, 35.949116 ], [ -86.489745, 35.949282 ], [ -86.492321, 35.952253 ], [ -86.492441, 35.952394 ], [ -86.493721, 35.9539 ], [ -86.49433, 35.954617 ], [ -86.494518, 35.954913 ], [ -86.494744, 35.95535 ], [ -86.494944, 35.955757 ], [ -86.495226, 35.956213 ], [ -86.49532, 35.956365 ], [ -86.495471, 35.956585 ], [ -86.49552, 35.956656 ], [ -86.495657, 35.956816 ], [ -86.495757, 35.956932 ], [ -86.496019, 35.957208 ], [ -86.49691, 35.95802 ], [ -86.497073, 35.958172 ], [ -86.497257, 35.958344 ], [ -86.497283, 35.958368 ], [ -86.497362, 35.958442 ], [ -86.497389, 35.958467 ], [ -86.497745, 35.958782 ], [ -86.497925, 35.958964 ], [ -86.498013, 35.959053 ], [ -86.498555, 35.959662 ], [ -86.498606, 35.95972 ], [ -86.498917, 35.960097 ], [ -86.499204, 35.960418 ], [ -86.499396, 35.960593 ], [ -86.499938, 35.961087 ], [ -86.500201, 35.961326 ], [ -86.500605, 35.961752 ], [ -86.50086, 35.96202 ], [ -86.500881, 35.962043 ], [ -86.501524, 35.962779 ], [ -86.502255, 35.963617 ], [ -86.502477, 35.963871 ], [ -86.503098, 35.964582 ], [ -86.503301, 35.964814 ], [ -86.503911, 35.965512 ], [ -86.504115, 35.965745 ], [ -86.504273, 35.965927 ], [ -86.504747, 35.966475 ], [ -86.504905, 35.966658 ], [ -86.505207, 35.967003 ], [ -86.506115, 35.968041 ], [ -86.506228, 35.96817 ], [ -86.506362, 35.968331 ], [ -86.506413, 35.968392 ], [ -86.506453, 35.968441 ], [ -86.506801, 35.968822 ], [ -86.507196, 35.969253 ], [ -86.507947, 35.970129 ], [ -86.508325, 35.97057 ], [ -86.508577, 35.970857 ], [ -86.509168, 35.971531 ], [ -86.509336, 35.971718 ], [ -86.509592, 35.972003 ], [ -86.510163, 35.97266 ], [ -86.511346, 35.97402 ], [ -86.511465, 35.974152 ], [ -86.511888, 35.974625 ], [ -86.51247, 35.975275 ], [ -86.512934, 35.975774 ], [ -86.514328, 35.977274 ], [ -86.514478, 35.977436 ], [ -86.51479, 35.977777 ], [ -86.514964, 35.977877 ], [ -86.515453, 35.978437 ], [ -86.517319, 35.98057 ], [ -86.517452, 35.980722 ], [ -86.517513, 35.980792 ], [ -86.517942, 35.981281 ], [ -86.518058, 35.981414 ], [ -86.518408, 35.981816 ], [ -86.518525, 35.98195 ], [ -86.518604, 35.982039 ], [ -86.518841, 35.982308 ], [ -86.51892, 35.982398 ], [ -86.518997, 35.982485 ], [ -86.519228, 35.982746 ], [ -86.519306, 35.982833 ], [ -86.519385, 35.982923 ], [ -86.519622, 35.983195 ], [ -86.519702, 35.983286 ], [ -86.519772, 35.983366 ], [ -86.519982, 35.983607 ], [ -86.520053, 35.983688 ], [ -86.520122, 35.983767 ], [ -86.520329, 35.984005 ], [ -86.520399, 35.984085 ], [ -86.520723, 35.984465 ], [ -86.52074, 35.984485 ], [ -86.521757, 35.985693 ], [ -86.522058, 35.986051 ], [ -86.522096, 35.986096 ], [ -86.52214, 35.986149 ], [ -86.522161, 35.986174 ], [ -86.52236, 35.98641 ], [ -86.522427, 35.986489 ], [ -86.522622, 35.986722 ], [ -86.522829, 35.986969 ], [ -86.523181, 35.987458 ], [ -86.523689, 35.988076 ], [ -86.523969, 35.988408 ], [ -86.524259, 35.988752 ], [ -86.524812, 35.989407 ], [ -86.525093, 35.98974 ], [ -86.525412, 35.990106 ], [ -86.526159, 35.990961 ], [ -86.526371, 35.991204 ], [ -86.526691, 35.99157 ], [ -86.526921, 35.991834 ], [ -86.527613, 35.992626 ], [ -86.527844, 35.992891 ], [ -86.528887, 35.99408 ], [ -86.5296, 35.994896 ], [ -86.529795, 35.995119 ], [ -86.530089, 35.995455 ], [ -86.530205, 35.995588 ], [ -86.530553, 35.995987 ], [ -86.53067, 35.99612 ], [ -86.530729, 35.996187 ], [ -86.530908, 35.99639 ], [ -86.530968, 35.996458 ], [ -86.531276, 35.996839 ], [ -86.531155, 35.99691 ] ] ] } },
{ "type": "Feature", "properties": { "district_num": "48" }, "geometry": { "type": "Polygon", "coordinates": [ [ [ -86.424145, 35.652976 ], [ -86.424136, 35.653012 ], [ -86.424111, 35.653123 ], [ -86.424104, 35.65316 ], [ -86.423944, 35.653875 ], [ -86.423887, 35.654102 ], [ -86.423184, 35.656918 ], [ -86.42318, 35.656938 ], [ -86.422944, 35.657856 ], [ -86.422635, 35.659097 ], [ -86.422408, 35.660013 ], [ -86.422021, 35.661523 ], [ -86.421718, 35.662729 ], [ -86.421696, 35.66282 ], [ -86.42141, 35.664068 ], [ -86.421308, 35.664446 ], [ -86.421005, 35.665582 ], [ -86.420984, 35.665665 ], [ -86.42091, 35.665963 ], [ -86.420795, 35.66643 ], [ -86.420778, 35.666494 ], [ -86.420374, 35.668087 ], [ -86.42024, 35.668618 ], [ -86.420192, 35.668806 ], [ -86.420159, 35.668935 ], [ -86.419917, 35.669888 ], [ -86.419837, 35.670206 ], [ -86.419763, 35.670495 ], [ -86.419749, 35.670554 ], [ -86.419535, 35.67136 ], [ -86.419459, 35.671649 ], [ -86.419325, 35.672194 ], [ -86.418925, 35.673829 ], [ -86.41882, 35.674259 ], [ -86.418792, 35.674375 ], [ -86.418613, 35.675103 ], [ -86.418168, 35.676854 ], [ -86.41812, 35.677042 ], [ -86.418059, 35.677284 ], [ -86.417875, 35.678012 ], [ -86.41786, 35.678068 ], [ -86.417818, 35.678236 ], [ -86.417809, 35.678269 ], [ -86.417804, 35.678293 ], [ -86.417604, 35.679076 ], [ -86.417488, 35.679536 ], [ -86.417007, 35.681426 ], [ -86.416832, 35.682117 ], [ -86.41681, 35.68221 ], [ -86.416749, 35.682469 ], [ -86.416696, 35.6827 ], [ -86.416636, 35.682957 ], [ -86.416596, 35.683253 ], [ -86.416569, 35.683462 ], [ -86.416566, 35.683518 ], [ -86.416544, 35.683956 ], [ -86.416541, 35.684036 ], [ -86.416606, 35.684585 ], [ -86.41663, 35.684694 ], [ -86.41674, 35.685171 ], [ -86.416768, 35.685248 ], [ -86.416923, 35.685659 ], [ -86.416991, 35.685839 ], [ -86.417048, 35.685962 ], [ -86.417465, 35.686856 ], [ -86.417604, 35.687154 ], [ -86.417642, 35.687235 ], [ -86.417756, 35.687478 ], [ -86.417794, 35.68756 ], [ -86.418305, 35.688687 ], [ -86.418428, 35.688973 ], [ -86.41847, 35.689071 ], [ -86.418611, 35.689424 ], [ -86.418854, 35.690136 ], [ -86.419059, 35.690804 ], [ -86.419273, 35.691756 ], [ -86.419329, 35.692099 ], [ -86.419377, 35.692393 ], [ -86.419487, 35.693377 ], [ -86.419491, 35.693475 ], [ -86.419552, 35.694778 ], [ -86.41956, 35.695023 ], [ -86.419573, 35.695412 ], [ -86.419599, 35.696154 ], [ -86.419606, 35.696336 ], [ -86.419612, 35.696579 ], [ -86.419613, 35.696618 ], [ -86.419623, 35.696969 ], [ -86.419632, 35.69735 ], [ -86.419645, 35.697819 ], [ -86.419673, 35.698493 ], [ -86.419689, 35.698874 ], [ -86.419694, 35.699003 ], [ -86.41971, 35.699392 ], [ -86.419716, 35.699522 ], [ -86.419705, 35.699761 ], [ -86.419681, 35.700292 ], [ -86.419665, 35.70048 ], [ -86.419646, 35.70072 ], [ -86.419638, 35.700822 ], [ -86.419555, 35.701314 ], [ -86.419445, 35.701832 ], [ -86.419252, 35.70259 ], [ -86.419213, 35.702731 ], [ -86.418342, 35.705963 ], [ -86.417781, 35.708082 ], [ -86.417618, 35.708701 ], [ -86.417431, 35.709411 ], [ -86.41712, 35.710554 ], [ -86.417074, 35.710687 ], [ -86.416968, 35.711084 ], [ -86.416652, 35.712278 ], [ -86.416547, 35.712676 ], [ -86.416435, 35.713096 ], [ -86.416101, 35.714356 ], [ -86.41599, 35.714777 ], [ -86.415445, 35.716747 ], [ -86.414759, 35.719264 ], [ -86.4146, 35.719794 ], [ -86.414103, 35.72135 ], [ -86.414059, 35.721487 ], [ -86.413816, 35.722346 ], [ -86.413403, 35.72411 ], [ -86.413299, 35.724522 ], [ -86.413168, 35.725039 ], [ -86.413049, 35.725512 ], [ -86.413045, 35.725529 ], [ -86.412755, 35.726586 ], [ -86.412614, 35.727101 ], [ -86.412597, 35.727161 ], [ -86.412547, 35.727343 ], [ -86.412531, 35.727404 ], [ -86.412481, 35.727583 ], [ -86.41236, 35.72803 ], [ -86.412332, 35.728123 ], [ -86.412308, 35.728203 ], [ -86.412279, 35.728302 ], [ -86.412238, 35.72844 ], [ -86.412208, 35.728545 ], [ -86.412006, 35.729279 ], [ -86.411939, 35.729524 ], [ -86.411892, 35.729702 ], [ -86.411754, 35.730239 ], [ -86.411709, 35.730418 ], [ -86.411665, 35.730591 ], [ -86.41166, 35.730611 ], [ -86.411522, 35.731107 ], [ -86.411475, 35.73128 ], [ -86.411408, 35.73152 ], [ -86.411207, 35.732243 ], [ -86.411141, 35.732484 ], [ -86.411123, 35.732547 ], [ -86.411066, 35.732741 ], [ -86.410992, 35.733044 ], [ -86.410964, 35.733155 ], [ -86.410824, 35.733733 ], [ -86.410555, 35.734727 ], [ -86.410446, 35.735136 ], [ -86.410403, 35.735287 ], [ -86.41033, 35.735539 ], [ -86.410112, 35.736295 ], [ -86.41004, 35.736548 ], [ -86.409835, 35.73732 ], [ -86.409485, 35.738645 ], [ -86.4092, 35.73963 ], [ -86.408979, 35.740398 ], [ -86.408906, 35.740651 ], [ -86.408689, 35.741409 ], [ -86.408617, 35.741663 ], [ -86.408398, 35.742429 ], [ -86.408067, 35.74359 ], [ -86.407784, 35.744557 ], [ -86.407735, 35.744727 ], [ -86.407512, 35.745493 ], [ -86.407482, 35.745595 ], [ -86.40747, 35.745635 ], [ -86.407455, 35.745687 ], [ -86.407319, 35.746171 ], [ -86.407039, 35.747139 ], [ -86.406985, 35.747325 ], [ -86.406727, 35.74822 ], [ -86.406465, 35.749164 ], [ -86.406352, 35.749637 ], [ -86.405991, 35.751164 ], [ -86.405775, 35.752121 ], [ -86.405398, 35.753793 ], [ -86.405193, 35.754672 ], [ -86.405178, 35.754737 ], [ -86.404731, 35.756189 ], [ -86.404419, 35.757093 ], [ -86.404371, 35.757253 ], [ -86.404115, 35.75812 ], [ -86.404083, 35.758225 ], [ -86.403989, 35.758543 ], [ -86.403959, 35.758649 ], [ -86.403829, 35.759011 ], [ -86.40368, 35.759432 ], [ -86.403487, 35.760115 ], [ -86.403466, 35.76019 ], [ -86.403409, 35.760492 ], [ -86.40337, 35.760694 ], [ -86.40336, 35.760747 ], [ -86.403293, 35.761206 ], [ -86.403288, 35.761307 ], [ -86.403279, 35.761514 ], [ -86.403263, 35.761853 ], [ -86.40324, 35.762367 ], [ -86.403236, 35.762419 ], [ -86.40321, 35.762873 ], [ -86.403204, 35.762982 ], [ -86.40319, 35.763213 ], [ -86.403182, 35.763337 ], [ -86.403179, 35.763392 ], [ -86.40316, 35.763711 ], [ -86.403158, 35.763761 ], [ -86.403155, 35.763836 ], [ -86.403146, 35.764072 ], [ -86.403123, 35.764753 ], [ -86.403121, 35.76478 ], [ -86.403112, 35.765017 ], [ -86.403099, 35.765327 ], [ -86.403074, 35.765919 ], [ -86.403061, 35.766257 ], [ -86.403058, 35.766356 ], [ -86.403049, 35.766567 ], [ -86.403037, 35.76686 ], [ -86.403, 35.76774 ], [ -86.402989, 35.768034 ], [ -86.40296, 35.768223 ], [ -86.402892, 35.768665 ], [ -86.402873, 35.768789 ], [ -86.402844, 35.768979 ], [ -86.402817, 35.769156 ], [ -86.4028, 35.769274 ], [ -86.402751, 35.769608 ], [ -86.402479, 35.771498 ], [ -86.402444, 35.771746 ], [ -86.402397, 35.772128 ], [ -86.402318, 35.772586 ], [ -86.402306, 35.772659 ], [ -86.402178, 35.773419 ], [ -86.402063, 35.774254 ], [ -86.401997, 35.774741 ], [ -86.40199, 35.774788 ], [ -86.401907, 35.77531 ], [ -86.401815, 35.775894 ], [ -86.401667, 35.776878 ], [ -86.401589, 35.777402 ], [ -86.401531, 35.777787 ], [ -86.401358, 35.778943 ], [ -86.401301, 35.779329 ], [ -86.401268, 35.779549 ], [ -86.401187, 35.780095 ], [ -86.401175, 35.780212 ], [ -86.401158, 35.78039 ], [ -86.401125, 35.780735 ], [ -86.401104, 35.780955 ], [ -86.401098, 35.781032 ], [ -86.401073, 35.78141 ], [ -86.401058, 35.781638 ], [ -86.401056, 35.781673 ], [ -86.401143, 35.781926 ], [ -86.401128, 35.782029 ], [ -86.401079, 35.782379 ], [ -86.40106, 35.782975 ], [ -86.400933, 35.78438 ], [ -86.400704, 35.786028 ], [ -86.400571, 35.786864 ], [ -86.400501, 35.787329 ], [ -86.400282, 35.788529 ], [ -86.400257, 35.788704 ], [ -86.400189, 35.789164 ], [ -86.399989, 35.790397 ], [ -86.399873, 35.791113 ], [ -86.399738, 35.791972 ], [ -86.399534, 35.793279 ], [ -86.399437, 35.793902 ], [ -86.399408, 35.7941 ], [ -86.399385, 35.794258 ], [ -86.39935, 35.794439 ], [ -86.399309, 35.794657 ], [ -86.399238, 35.794956 ], [ -86.399166, 35.795326 ], [ -86.399072, 35.795735 ], [ -86.398945, 35.796299 ], [ -86.398901, 35.796536 ], [ -86.398839, 35.796974 ], [ -86.398832, 35.797031 ], [ -86.398803, 35.797393 ], [ -86.398769, 35.797816 ], [ -86.398682, 35.798912 ], [ -86.398663, 35.799084 ], [ -86.39866, 35.799123 ], [ -86.398605, 35.799505 ], [ -86.398576, 35.799694 ], [ -86.39849, 35.80026 ], [ -86.398462, 35.80045 ], [ -86.398426, 35.800703 ], [ -86.398319, 35.801463 ], [ -86.398284, 35.801717 ], [ -86.398209, 35.802241 ], [ -86.398067, 35.803242 ], [ -86.397973, 35.803814 ], [ -86.397914, 35.804181 ], [ -86.397901, 35.80426 ], [ -86.397888, 35.804338 ], [ -86.397877, 35.804406 ], [ -86.397866, 35.804473 ], [ -86.397863, 35.804486 ], [ -86.39779, 35.804933 ], [ -86.397767, 35.805083 ], [ -86.397739, 35.805252 ], [ -86.397656, 35.805761 ], [ -86.397629, 35.805931 ], [ -86.397603, 35.806106 ], [ -86.397526, 35.806632 ], [ -86.397525, 35.806644 ], [ -86.397499, 35.806807 ], [ -86.397447, 35.807124 ], [ -86.397369, 35.80761 ], [ -86.3973, 35.808077 ], [ -86.397254, 35.808395 ], [ -86.397227, 35.808549 ], [ -86.397148, 35.809014 ], [ -86.397123, 35.809169 ], [ -86.397106, 35.809296 ], [ -86.397056, 35.809679 ], [ -86.39704, 35.809807 ], [ -86.396955, 35.810308 ], [ -86.396761, 35.811456 ], [ -86.396712, 35.811816 ], [ -86.396691, 35.811974 ], [ -86.396684, 35.812021 ], [ -86.396643, 35.812321 ], [ -86.396536, 35.812223 ], [ -86.396216, 35.811929 ], [ -86.39611, 35.811831 ], [ -86.395378, 35.811158 ], [ -86.393184, 35.809142 ], [ -86.392453, 35.80847 ], [ -86.391937, 35.808006 ], [ -86.39039, 35.806615 ], [ -86.390095, 35.80635 ], [ -86.389876, 35.806151 ], [ -86.389926, 35.806486 ], [ -86.389965, 35.806745 ], [ -86.390079, 35.807492 ], [ -86.39013, 35.807828 ], [ -86.390229, 35.8085 ], [ -86.390326, 35.809146 ], [ -86.390487, 35.810228 ], [ -86.390786, 35.812235 ], [ -86.390916, 35.8131 ], [ -86.391098, 35.81432 ], [ -86.390924, 35.814297 ], [ -86.390351, 35.814215 ], [ -86.389897, 35.814156 ], [ -86.38963, 35.814142 ], [ -86.389318, 35.814126 ], [ -86.389291, 35.814123 ], [ -86.389121, 35.814257 ], [ -86.388076, 35.814144 ], [ -86.386823, 35.814008 ], [ -86.386106, 35.81393 ], [ -86.38491, 35.813862 ], [ -86.3848, 35.815515 ], [ -86.384768, 35.815977 ], [ -86.384766, 35.816 ], [ -86.38476, 35.816085 ], [ -86.384759, 35.8161 ], [ -86.384757, 35.816123 ], [ -86.384755, 35.816135 ], [ -86.384741, 35.816227 ], [ -86.384754, 35.816232 ], [ -86.384799, 35.816249 ], [ -86.38603, 35.816712 ], [ -86.386106, 35.816741 ], [ -86.386371, 35.816869 ], [ -86.386645, 35.81702 ], [ -86.386909, 35.817178 ], [ -86.387438, 35.817574 ], [ -86.38767, 35.817846 ], [ -86.387966, 35.818115 ], [ -86.388199, 35.818311 ], [ -86.388373, 35.818429 ], [ -86.388607, 35.818584 ], [ -86.388813, 35.818683 ], [ -86.389062, 35.81881 ], [ -86.389292, 35.8189 ], [ -86.389526, 35.818973 ], [ -86.38978, 35.819037 ], [ -86.390111, 35.819099 ], [ -86.390594, 35.819148 ], [ -86.391137, 35.819178 ], [ -86.391991, 35.819226 ], [ -86.392084, 35.82003 ], [ -86.392432, 35.823036 ], [ -86.392543, 35.823995 ], [ -86.392009, 35.82403 ], [ -86.391428, 35.824069 ], [ -86.391648, 35.825882 ], [ -86.39115, 35.825848 ], [ -86.391035, 35.825841 ], [ -86.390884, 35.825839 ], [ -86.390713, 35.825829 ], [ -86.390289, 35.825804 ], [ -86.390482, 35.824386 ], [ -86.390504, 35.824389 ], [ -86.390518, 35.824265 ], [ -86.390535, 35.824115 ], [ -86.390207, 35.823991 ], [ -86.389888, 35.82387 ], [ -86.389189, 35.8234 ], [ -86.389174, 35.823389 ], [ -86.388999, 35.823241 ], [ -86.388695, 35.82296 ], [ -86.388487, 35.822791 ], [ -86.388284, 35.822625 ], [ -86.388172, 35.822559 ], [ -86.387818, 35.82235 ], [ -86.38763, 35.822256 ], [ -86.387549, 35.822245 ], [ -86.387438, 35.822259 ], [ -86.387333, 35.822273 ], [ -86.387312, 35.822289 ], [ -86.387204, 35.822317 ], [ -86.38709, 35.822359 ], [ -86.386982, 35.822399 ], [ -86.386893, 35.822438 ], [ -86.386847, 35.822459 ], [ -86.386742, 35.822514 ], [ -86.386727, 35.822535 ], [ -86.386528, 35.822576 ], [ -86.386013, 35.822749 ], [ -86.385856, 35.82278 ], [ -86.385758, 35.822799 ], [ -86.384537, 35.823039 ], [ -86.382736, 35.823394 ], [ -86.382536, 35.823433 ], [ -86.382122, 35.823515 ], [ -86.381866, 35.823565 ], [ -86.381801, 35.823581 ], [ -86.381445, 35.82367 ], [ -86.380992, 35.82376 ], [ -86.380795, 35.823798 ], [ -86.38067, 35.823823 ], [ -86.380032, 35.823957 ], [ -86.379745, 35.824017 ], [ -86.379698, 35.824027 ], [ -86.379469, 35.824073 ], [ -86.37944, 35.824079 ], [ -86.378851, 35.824198 ], [ -86.378712, 35.824226 ], [ -86.378276, 35.824314 ], [ -86.378258, 35.824318 ], [ -86.378036, 35.824365 ], [ -86.378003, 35.824372 ], [ -86.377979, 35.824377 ], [ -86.377951, 35.824383 ], [ -86.377935, 35.824387 ], [ -86.37789, 35.824396 ], [ -86.377837, 35.824407 ], [ -86.377821, 35.82441 ], [ -86.377663, 35.824442 ], [ -86.377533, 35.824468 ], [ -86.377301, 35.824515 ], [ -86.377015, 35.824571 ], [ -86.376992, 35.824576 ], [ -86.376815, 35.824617 ], [ -86.376844, 35.824651 ], [ -86.376918, 35.824738 ], [ -86.377114, 35.82497 ], [ -86.377146, 35.825008 ], [ -86.377943, 35.825913 ], [ -86.37822, 35.826228 ], [ -86.37833, 35.826356 ], [ -86.378662, 35.826743 ], [ -86.378773, 35.826872 ], [ -86.378796, 35.826898 ], [ -86.378865, 35.826978 ], [ -86.378889, 35.827005 ], [ -86.37894, 35.827063 ], [ -86.379093, 35.827239 ], [ -86.379145, 35.827298 ], [ -86.379232, 35.827398 ], [ -86.379496, 35.827699 ], [ -86.379584, 35.8278 ], [ -86.379665, 35.827893 ], [ -86.379908, 35.828172 ], [ -86.37999, 35.828265 ], [ -86.380133, 35.828429 ], [ -86.3803, 35.82862 ], [ -86.38039, 35.828734 ], [ -86.380548, 35.828934 ], [ -86.380684, 35.829105 ], [ -86.380719, 35.829148 ], [ -86.380824, 35.82928 ], [ -86.380859, 35.829324 ], [ -86.380893, 35.829367 ], [ -86.380995, 35.829496 ], [ -86.381029, 35.829539 ], [ -86.380849, 35.829632 ], [ -86.380312, 35.829911 ], [ -86.380133, 35.830005 ], [ -86.379786, 35.830201 ], [ -86.379666, 35.83027 ], [ -86.37936, 35.830476 ], [ -86.378831, 35.830918 ], [ -86.378526, 35.831174 ], [ -86.378249, 35.830961 ], [ -86.377418, 35.830323 ], [ -86.377141, 35.830111 ], [ -86.376815, 35.829851 ], [ -86.376165, 35.829332 ], [ -86.37585, 35.82906 ], [ -86.375535, 35.828788 ], [ -86.37542, 35.828684 ], [ -86.375105, 35.828401 ], [ -86.375076, 35.828376 ], [ -86.374959, 35.828277 ], [ -86.374672, 35.82801 ], [ -86.373832, 35.827228 ], [ -86.373811, 35.827208 ], [ -86.373528, 35.826939 ], [ -86.373283, 35.826718 ], [ -86.373059, 35.826559 ], [ -86.372947, 35.826503 ], [ -86.372778, 35.826435 ], [ -86.372436, 35.826331 ], [ -86.371623, 35.826092 ], [ -86.371499, 35.826056 ], [ -86.371228, 35.82598 ], [ -86.370943, 35.82589 ], [ -86.370562, 35.825795 ], [ -86.369975, 35.825698 ], [ -86.369904, 35.825686 ], [ -86.369424, 35.825635 ], [ -86.369378, 35.825631 ], [ -86.368382, 35.825522 ], [ -86.368291, 35.826281 ], [ -86.368237, 35.826806 ], [ -86.368236, 35.826912 ], [ -86.368207, 35.827117 ], [ -86.368077, 35.828046 ], [ -86.368034, 35.828357 ], [ -86.36795, 35.828986 ], [ -86.367825, 35.829927 ], [ -86.367744, 35.830105 ], [ -86.367635, 35.83025 ], [ -86.367477, 35.830443 ], [ -86.36735, 35.830662 ], [ -86.367339, 35.830738 ], [ -86.367257, 35.831368 ], [ -86.367223, 35.831588 ], [ -86.367123, 35.832248 ], [ -86.36709, 35.832469 ], [ -86.367063, 35.832735 ], [ -86.367056, 35.832809 ], [ -86.367047, 35.832974 ], [ -86.36707, 35.833166 ], [ -86.367103, 35.833348 ], [ -86.367152, 35.833528 ], [ -86.367224, 35.833787 ], [ -86.367269, 35.83397 ], [ -86.367405, 35.83452 ], [ -86.367451, 35.834704 ], [ -86.36748, 35.834823 ], [ -86.367568, 35.83518 ], [ -86.367598, 35.8353 ], [ -86.367668, 35.835566 ], [ -86.367765, 35.835932 ], [ -86.367891, 35.836354 ], [ -86.367978, 35.836558 ], [ -86.368261, 35.836493 ], [ -86.368936, 35.836343 ], [ -86.369514, 35.836235 ], [ -86.369955, 35.836183 ], [ -86.370654, 35.83611 ], [ -86.371368, 35.836061 ], [ -86.371673, 35.836038 ], [ -86.372119, 35.836033 ], [ -86.372593, 35.836033 ], [ -86.372996, 35.836038 ], [ -86.37345, 35.836066 ], [ -86.373438, 35.836158 ], [ -86.373328, 35.836942 ], [ -86.373311, 35.837305 ], [ -86.37325, 35.837664 ], [ -86.373069, 35.83874 ], [ -86.373009, 35.8391 ], [ -86.372938, 35.839522 ], [ -86.372727, 35.840791 ], [ -86.372657, 35.841214 ], [ -86.372616, 35.841463 ], [ -86.372495, 35.842211 ], [ -86.372456, 35.842461 ], [ -86.372389, 35.842708 ], [ -86.37219, 35.843452 ], [ -86.372124, 35.8437 ], [ -86.371883, 35.84365 ], [ -86.37116, 35.843502 ], [ -86.37092, 35.843453 ], [ -86.370792, 35.843425 ], [ -86.370408, 35.843344 ], [ -86.37028, 35.843317 ], [ -86.370166, 35.843293 ], [ -86.369827, 35.843221 ], [ -86.369714, 35.843198 ], [ -86.369627, 35.84318 ], [ -86.36937, 35.843126 ], [ -86.369284, 35.843108 ], [ -86.368873, 35.843021 ], [ -86.36764, 35.842762 ], [ -86.367288, 35.842688 ], [ -86.36723, 35.842677 ], [ -86.366981, 35.842625 ], [ -86.366235, 35.842469 ], [ -86.365987, 35.842418 ], [ -86.365716, 35.842361 ], [ -86.365132, 35.842238 ], [ -86.364903, 35.84219 ], [ -86.364632, 35.842134 ], [ -86.364489, 35.842105 ], [ -86.364062, 35.842021 ], [ -86.36392, 35.841993 ], [ -86.363464, 35.841896 ], [ -86.362099, 35.841605 ], [ -86.361644, 35.841509 ], [ -86.360735, 35.841319 ], [ -86.359164, 35.840991 ], [ -86.356512, 35.840456 ], [ -86.355744, 35.840287 ], [ -86.355579, 35.84025 ], [ -86.354899, 35.843585 ], [ -86.354854, 35.843722 ], [ -86.355759, 35.843803 ], [ -86.356379, 35.843879 ], [ -86.356805, 35.843944 ], [ -86.357123, 35.843943 ], [ -86.358909, 35.844163 ], [ -86.360467, 35.844355 ], [ -86.360659, 35.844391 ], [ -86.360788, 35.844411 ], [ -86.360703, 35.844758 ], [ -86.360521, 35.845681 ], [ -86.360461, 35.845989 ], [ -86.360456, 35.846022 ], [ -86.360403, 35.846199 ], [ -86.360325, 35.846327 ], [ -86.360236, 35.846432 ], [ -86.360168, 35.846496 ], [ -86.360036, 35.846624 ], [ -86.359919, 35.846829 ], [ -86.35959, 35.848086 ], [ -86.359574, 35.848163 ], [ -86.359557, 35.84825 ], [ -86.35949, 35.848757 ], [ -86.360307, 35.848816 ], [ -86.362758, 35.848993 ], [ -86.363576, 35.849053 ], [ -86.363957, 35.84908 ], [ -86.365103, 35.849163 ], [ -86.365485, 35.849191 ], [ -86.365463, 35.849377 ], [ -86.365397, 35.849937 ], [ -86.365376, 35.850124 ], [ -86.36591, 35.850155 ], [ -86.367512, 35.850249 ], [ -86.368047, 35.850281 ], [ -86.36866, 35.850316 ], [ -86.370501, 35.850421 ], [ -86.371115, 35.850457 ], [ -86.371102, 35.850543 ], [ -86.371062, 35.850803 ], [ -86.37105, 35.85089 ], [ -86.370997, 35.851243 ], [ -86.370838, 35.852301 ], [ -86.370786, 35.852655 ], [ -86.370727, 35.853059 ], [ -86.370714, 35.85313 ], [ -86.370467, 35.854551 ], [ -86.370385, 35.855025 ], [ -86.370294, 35.855652 ], [ -86.370159, 35.856375 ], [ -86.369994, 35.857271 ], [ -86.369899, 35.857669 ], [ -86.369886, 35.858079 ], [ -86.369734, 35.858083 ], [ -86.369632, 35.858094 ], [ -86.369541, 35.858125 ], [ -86.369482, 35.858162 ], [ -86.369427, 35.858219 ], [ -86.369354, 35.858306 ], [ -86.369186, 35.85851 ], [ -86.369117, 35.858589 ], [ -86.368777, 35.858982 ], [ -86.368627, 35.859129 ], [ -86.367899, 35.859847 ], [ -86.367621, 35.860116 ], [ -86.366609, 35.861115 ], [ -86.364927, 35.859978 ], [ -86.364778, 35.859893 ], [ -86.36461, 35.859809 ], [ -86.364406, 35.85974 ], [ -86.364195, 35.859685 ], [ -86.363981, 35.859645 ], [ -86.362805, 35.859472 ], [ -86.362667, 35.859445 ], [ -86.362585, 35.859421 ], [ -86.362497, 35.859382 ], [ -86.361723, 35.860371 ], [ -86.361602, 35.860527 ], [ -86.361368, 35.860827 ], [ -86.360758, 35.861617 ], [ -86.359831, 35.862836 ], [ -86.358801, 35.864171 ], [ -86.358285, 35.86485 ], [ -86.35819, 35.864981 ], [ -86.357994, 35.865272 ], [ -86.357727, 35.865668 ], [ -86.357586, 35.865887 ], [ -86.356743, 35.867204 ], [ -86.356374, 35.867764 ], [ -86.355892, 35.868509 ], [ -86.355526, 35.869079 ], [ -86.355132, 35.869699 ], [ -86.354445, 35.870745 ], [ -86.354422, 35.870781 ], [ -86.353928, 35.871466 ], [ -86.354239, 35.87159 ], [ -86.354569, 35.871722 ], [ -86.354786, 35.871797 ], [ -86.355123, 35.871895 ], [ -86.355193, 35.871913 ], [ -86.355519, 35.871997 ], [ -86.355918, 35.872061 ], [ -86.356239, 35.872075 ], [ -86.357124, 35.872117 ], [ -86.358164, 35.872182 ], [ -86.358414, 35.872201 ], [ -86.359139, 35.872258 ], [ -86.359431, 35.872264 ], [ -86.359642, 35.87229 ], [ -86.359725, 35.872303 ], [ -86.359883, 35.872328 ], [ -86.360259, 35.872409 ], [ -86.360691, 35.872539 ], [ -86.361163, 35.872724 ], [ -86.361293, 35.87278 ], [ -86.361405, 35.872828 ], [ -86.361641, 35.87293 ], [ -86.361854, 35.873027 ], [ -86.361944, 35.873068 ], [ -86.36209, 35.873133 ], [ -86.362576, 35.873313 ], [ -86.362994, 35.873468 ], [ -86.363223, 35.873539 ], [ -86.363598, 35.873626 ], [ -86.363852, 35.873678 ], [ -86.364152, 35.873729 ], [ -86.364519, 35.87376 ], [ -86.364552, 35.87376 ], [ -86.364929, 35.873772 ], [ -86.36523, 35.87376 ], [ -86.365425, 35.873758 ], [ -86.365641, 35.873739 ], [ -86.365661, 35.873735 ], [ -86.365928, 35.873696 ], [ -86.366501, 35.873584 ], [ -86.366827, 35.873502 ], [ -86.36693, 35.873477 ], [ -86.36735, 35.873373 ], [ -86.367558, 35.873321 ], [ -86.367824, 35.873255 ], [ -86.368086, 35.87319 ], [ -86.368452, 35.8731 ], [ -86.368754, 35.873026 ], [ -86.368799, 35.873015 ], [ -86.369248, 35.872905 ], [ -86.369375, 35.872875 ], [ -86.369724, 35.872793 ], [ -86.369757, 35.872785 ], [ -86.370476, 35.872617 ], [ -86.370895, 35.87252 ], [ -86.371214, 35.872447 ], [ -86.371688, 35.872287 ], [ -86.372044, 35.872127 ], [ -86.372269, 35.871987 ], [ -86.372638, 35.871726 ], [ -86.372711, 35.871649 ], [ -86.37292, 35.871433 ], [ -86.373004, 35.871347 ], [ -86.373146, 35.871179 ], [ -86.373194, 35.871102 ], [ -86.373279, 35.870966 ], [ -86.373383, 35.870771 ], [ -86.373461, 35.870624 ], [ -86.373529, 35.870493 ], [ -86.373595, 35.870368 ], [ -86.373713, 35.870143 ], [ -86.373833, 35.869913 ], [ -86.373969, 35.869655 ], [ -86.374154, 35.869303 ], [ -86.374261, 35.869104 ], [ -86.374482, 35.868701 ], [ -86.374526, 35.868619 ], [ -86.374585, 35.86851 ], [ -86.374614, 35.868457 ], [ -86.374686, 35.868309 ], [ -86.374736, 35.868207 ], [ -86.374867, 35.868023 ], [ -86.374923, 35.867959 ], [ -86.375096, 35.867769 ], [ -86.375134, 35.867734 ], [ -86.375272, 35.867615 ], [ -86.375439, 35.867478 ], [ -86.375515, 35.867415 ], [ -86.375662, 35.867323 ], [ -86.375788, 35.867244 ], [ -86.375916, 35.867176 ], [ -86.376071, 35.867096 ], [ -86.376298, 35.86699 ], [ -86.376387, 35.866947 ], [ -86.376517, 35.866887 ], [ -86.376658, 35.866821 ], [ -86.376748, 35.86678 ], [ -86.37688, 35.866716 ], [ -86.377279, 35.866527 ], [ -86.377412, 35.866465 ], [ -86.377695, 35.86633 ], [ -86.378081, 35.866138 ], [ -86.37818, 35.86609 ], [ -86.378496, 35.865968 ], [ -86.378536, 35.865961 ], [ -86.378841, 35.86591 ], [ -86.37898, 35.865909 ], [ -86.379166, 35.865909 ], [ -86.379397, 35.865934 ], [ -86.379536, 35.865949 ], [ -86.37988, 35.865994 ], [ -86.380809, 35.866116 ], [ -86.380912, 35.86613 ], [ -86.381256, 35.866179 ], [ -86.381577, 35.866227 ], [ -86.382541, 35.866373 ], [ -86.382863, 35.866422 ], [ -86.383256, 35.866497 ], [ -86.383352, 35.866516 ], [ -86.383988, 35.866677 ], [ -86.384372, 35.866801 ], [ -86.384415, 35.866818 ], [ -86.384787, 35.866971 ], [ -86.385258, 35.867153 ], [ -86.385531, 35.867259 ], [ -86.386398, 35.867618 ], [ -86.386662, 35.867727 ], [ -86.38713, 35.867921 ], [ -86.386823, 35.868384 ], [ -86.386794, 35.868431 ], [ -86.386588, 35.868766 ], [ -86.386387, 35.869131 ], [ -86.386291, 35.869318 ], [ -86.386177, 35.869571 ], [ -86.385989, 35.870072 ], [ -86.385903, 35.870305 ], [ -86.385805, 35.870654 ], [ -86.385755, 35.870897 ], [ -86.385729, 35.871045 ], [ -86.385691, 35.871274 ], [ -86.385581, 35.87223 ], [ -86.385536, 35.872626 ], [ -86.385512, 35.87283 ], [ -86.38551, 35.872848 ], [ -86.385438, 35.873516 ], [ -86.385415, 35.873739 ], [ -86.385386, 35.873991 ], [ -86.385301, 35.874749 ], [ -86.385273, 35.875002 ], [ -86.385233, 35.875335 ], [ -86.3852, 35.875536 ], [ -86.38511, 35.876018 ], [ -86.384904, 35.876647 ], [ -86.384798, 35.877064 ], [ -86.384755, 35.877228 ], [ -86.384623, 35.877999 ], [ -86.384298, 35.879255 ], [ -86.384193, 35.879666 ], [ -86.383109, 35.883874 ], [ -86.382771, 35.885127 ], [ -86.382654, 35.885566 ], [ -86.382493, 35.886175 ], [ -86.38231, 35.886975 ], [ -86.382304, 35.887025 ], [ -86.38226, 35.887413 ], [ -86.382259, 35.887431 ], [ -86.38221, 35.887797 ], [ -86.382187, 35.888132 ], [ -86.382169, 35.888952 ], [ -86.382203, 35.88955 ], [ -86.38228, 35.89019 ], [ -86.382512, 35.892112 ], [ -86.38259, 35.892753 ], [ -86.3826, 35.892832 ], [ -86.382727, 35.893845 ], [ -86.383141, 35.897124 ], [ -86.383279, 35.898217 ], [ -86.38324, 35.898212 ], [ -86.383125, 35.898197 ], [ -86.383087, 35.898193 ], [ -86.382941, 35.898174 ], [ -86.382524, 35.898123 ], [ -86.382505, 35.89812 ], [ -86.38236, 35.898103 ], [ -86.382232, 35.898087 ], [ -86.381851, 35.898039 ], [ -86.381724, 35.898024 ], [ -86.381395, 35.897983 ], [ -86.38041, 35.89786 ], [ -86.380082, 35.89782 ], [ -86.37998, 35.897807 ], [ -86.379676, 35.897769 ], [ -86.379575, 35.897757 ], [ -86.37928, 35.89772 ], [ -86.379267, 35.899248 ], [ -86.379131, 35.89937 ], [ -86.379037, 35.899374 ], [ -86.378217, 35.899308 ], [ -86.378224, 35.897586 ], [ -86.377939, 35.89755 ], [ -86.377531, 35.8975 ], [ -86.377448, 35.897489 ], [ -86.377202, 35.897459 ], [ -86.37712, 35.897449 ], [ -86.37701, 35.897435 ], [ -86.376545, 35.897369 ], [ -86.37636, 35.897336 ], [ -86.375575, 35.897196 ], [ -86.375281, 35.897154 ], [ -86.375043, 35.89714 ], [ -86.374911, 35.897139 ], [ -86.374636, 35.897161 ], [ -86.374481, 35.897183 ], [ -86.374084, 35.897264 ], [ -86.373992, 35.897283 ], [ -86.37347, 35.897401 ], [ -86.373335, 35.897432 ], [ -86.3733, 35.897439 ], [ -86.373199, 35.897462 ], [ -86.373165, 35.89747 ], [ -86.372645, 35.897584 ], [ -86.372258, 35.89767 ], [ -86.372184, 35.897687 ], [ -86.372023, 35.897727 ], [ -86.371876, 35.897774 ], [ -86.371734, 35.897832 ], [ -86.37162, 35.897889 ], [ -86.371179, 35.898145 ], [ -86.371169, 35.898149 ], [ -86.370928, 35.898263 ], [ -86.370813, 35.898304 ], [ -86.370892, 35.898493 ], [ -86.370908, 35.898548 ], [ -86.370906, 35.898621 ], [ -86.370786, 35.89932 ], [ -86.370667, 35.899654 ], [ -86.370636, 35.899775 ], [ -86.370548, 35.900261 ], [ -86.370539, 35.90037 ], [ -86.370429, 35.900687 ], [ -86.370283, 35.901531 ], [ -86.370153, 35.902323 ], [ -86.371108, 35.902387 ], [ -86.371677, 35.902419 ], [ -86.371616, 35.904103 ], [ -86.371576, 35.905202 ], [ -86.371641, 35.905208 ], [ -86.372497, 35.905284 ], [ -86.372796, 35.905298 ], [ -86.373092, 35.905328 ], [ -86.373104, 35.905432 ], [ -86.373168, 35.905397 ], [ -86.373262, 35.905155 ], [ -86.373472, 35.904842 ], [ -86.373485, 35.904435 ], [ -86.373586, 35.90415 ], [ -86.373511, 35.903929 ], [ -86.373471, 35.903809 ], [ -86.373518, 35.90371 ], [ -86.373537, 35.903618 ], [ -86.373545, 35.903583 ], [ -86.37347, 35.903441 ], [ -86.373457, 35.903023 ], [ -86.373497, 35.902991 ], [ -86.37355, 35.902993 ], [ -86.373613, 35.902997 ], [ -86.373711, 35.903002 ], [ -86.373765, 35.903005 ], [ -86.373864, 35.90301 ], [ -86.373929, 35.903013 ], [ -86.373979, 35.903015 ], [ -86.374068, 35.90302 ], [ -86.374164, 35.903025 ], [ -86.374264, 35.903031 ], [ -86.374337, 35.90312 ], [ -86.37439, 35.903264 ], [ -86.374394, 35.903318 ], [ -86.374419, 35.903595 ], [ -86.374359, 35.904145 ], [ -86.374351, 35.904283 ], [ -86.37434, 35.904474 ], [ -86.374359, 35.904605 ], [ -86.374416, 35.904799 ], [ -86.374418, 35.904823 ], [ -86.374431, 35.904977 ], [ -86.374408, 35.905141 ], [ -86.374349, 35.905497 ], [ -86.374326, 35.905642 ], [ -86.374314, 35.905722 ], [ -86.374295, 35.905846 ], [ -86.374242, 35.906221 ], [ -86.374224, 35.906346 ], [ -86.374158, 35.906792 ], [ -86.374089, 35.90726 ], [ -86.373997, 35.908136 ], [ -86.373951, 35.908585 ], [ -86.373934, 35.908734 ], [ -86.373886, 35.90918 ], [ -86.37387, 35.90933 ], [ -86.373865, 35.909375 ], [ -86.373849, 35.909511 ], [ -86.373845, 35.909557 ], [ -86.374077, 35.90958 ], [ -86.374776, 35.909652 ], [ -86.375009, 35.909676 ], [ -86.375087, 35.909684 ], [ -86.375194, 35.909695 ], [ -86.37528, 35.909704 ], [ -86.375322, 35.909707 ], [ -86.375401, 35.909715 ], [ -86.375477, 35.909721 ], [ -86.375708, 35.909742 ], [ -86.375785, 35.90975 ], [ -86.376227, 35.909791 ], [ -86.377556, 35.909916 ], [ -86.377704, 35.90993 ], [ -86.377999, 35.909958 ], [ -86.378078, 35.909965 ], [ -86.378315, 35.909988 ], [ -86.378394, 35.909996 ], [ -86.37844, 35.91 ], [ -86.378452, 35.910002 ], [ -86.378783, 35.910036 ], [ -86.379776, 35.910139 ], [ -86.380107, 35.910174 ], [ -86.380357, 35.910198 ], [ -86.381107, 35.910271 ], [ -86.381358, 35.910296 ], [ -86.381363, 35.910421 ], [ -86.383479, 35.910609 ], [ -86.38363, 35.910746 ], [ -86.383633, 35.910772 ], [ -86.383643, 35.910842 ], [ -86.383639, 35.910918 ], [ -86.383651, 35.911931 ], [ -86.383658, 35.91281 ], [ -86.383646, 35.913248 ], [ -86.38366, 35.913573 ], [ -86.38367, 35.913809 ], [ -86.383671, 35.913835 ], [ -86.383678, 35.914107 ], [ -86.38368, 35.91418 ], [ -86.383687, 35.914436 ], [ -86.383689, 35.91449 ], [ -86.383691, 35.914586 ], [ -86.383717, 35.915496 ], [ -86.383727, 35.91581 ], [ -86.383877, 35.915818 ], [ -86.383877, 35.915847 ], [ -86.38388, 35.915937 ], [ -86.383881, 35.915967 ], [ -86.383753, 35.915968 ], [ -86.383752, 35.916086 ], [ -86.383752, 35.916499 ], [ -86.383752, 35.916516 ], [ -86.383754, 35.916826 ], [ -86.383755, 35.916937 ], [ -86.38389, 35.916925 ], [ -86.383877, 35.917578 ], [ -86.383938, 35.918657 ], [ -86.383929, 35.918788 ], [ -86.383895, 35.919285 ], [ -86.383763, 35.919953 ], [ -86.383755, 35.920002 ], [ -86.383733, 35.920152 ], [ -86.383727, 35.920202 ], [ -86.383587, 35.920182 ], [ -86.383518, 35.920509 ], [ -86.38351, 35.920541 ], [ -86.3833, 35.921455 ], [ -86.383149, 35.922023 ], [ -86.383054, 35.922385 ], [ -86.383185, 35.922414 ], [ -86.38303, 35.92289 ], [ -86.382997, 35.922972 ], [ -86.382787, 35.923511 ], [ -86.382572, 35.924023 ], [ -86.382315, 35.9246 ], [ -86.38218, 35.924905 ], [ -86.382076, 35.925139 ], [ -86.381921, 35.925491 ], [ -86.381459, 35.92655 ], [ -86.381363, 35.926771 ], [ -86.381357, 35.926785 ], [ -86.38131, 35.926905 ], [ -86.381278, 35.926986 ], [ -86.381181, 35.92723 ], [ -86.38115, 35.927312 ], [ -86.381128, 35.927367 ], [ -86.380887, 35.928031 ], [ -86.38062, 35.928771 ], [ -86.380309, 35.929677 ], [ -86.380122, 35.930196 ], [ -86.379863, 35.930917 ], [ -86.379572, 35.931724 ], [ -86.37916, 35.932873 ], [ -86.378872, 35.93379 ], [ -86.378802, 35.934059 ], [ -86.378784, 35.934127 ], [ -86.378774, 35.934171 ], [ -86.378696, 35.934523 ], [ -86.37868, 35.934621 ], [ -86.378636, 35.934883 ], [ -86.378633, 35.934901 ], [ -86.37862, 35.935015 ], [ -86.378582, 35.935329 ], [ -86.378551, 35.935769 ], [ -86.378448, 35.937294 ], [ -86.378408, 35.938037 ], [ -86.378368, 35.938794 ], [ -86.378345, 35.939565 ], [ -86.378299, 35.941157 ], [ -86.378313, 35.941599 ], [ -86.378234, 35.942915 ], [ -86.378227, 35.942974 ], [ -86.377989, 35.94522 ], [ -86.377965, 35.945666 ], [ -86.377914, 35.946674 ], [ -86.377907, 35.947064 ], [ -86.377894, 35.947805 ], [ -86.377888, 35.948237 ], [ -86.377885, 35.948512 ], [ -86.377886, 35.948629 ], [ -86.377888, 35.948918 ], [ -86.377896, 35.949786 ], [ -86.377899, 35.950076 ], [ -86.3779, 35.950476 ], [ -86.377903, 35.951678 ], [ -86.377905, 35.952079 ], [ -86.377907, 35.952775 ], [ -86.377913, 35.954865 ], [ -86.377916, 35.955562 ], [ -86.377922, 35.956364 ], [ -86.377937, 35.958244 ], [ -86.377936, 35.958773 ], [ -86.377935, 35.959577 ], [ -86.377937, 35.959925 ], [ -86.377942, 35.960863 ], [ -86.377943, 35.960969 ], [ -86.377945, 35.961318 ], [ -86.377945, 35.961399 ], [ -86.377945, 35.961642 ], [ -86.377946, 35.961724 ], [ -86.377975, 35.962847 ], [ -86.378015, 35.964316 ], [ -86.378021, 35.964391 ], [ -86.378157, 35.966211 ], [ -86.378225, 35.967117 ], [ -86.378248, 35.967331 ], [ -86.378259, 35.967435 ], [ -86.378292, 35.967749 ], [ -86.378304, 35.967854 ], [ -86.378318, 35.968129 ], [ -86.378401, 35.969124 ], [ -86.378719, 35.972934 ], [ -86.378825, 35.974205 ], [ -86.378867, 35.974936 ], [ -86.378865, 35.974956 ], [ -86.378832, 35.975634 ], [ -86.378804, 35.976089 ], [ -86.378684, 35.976762 ], [ -86.37856, 35.977183 ], [ -86.378365, 35.977852 ], [ -86.378342, 35.977903 ], [ -86.378128, 35.978388 ], [ -86.377888, 35.978933 ], [ -86.377603, 35.979488 ], [ -86.377422, 35.979811 ], [ -86.377165, 35.980275 ], [ -86.376704, 35.981123 ], [ -86.376076, 35.982281 ], [ -86.375328, 35.983672 ], [ -86.374872, 35.984523 ], [ -86.374424, 35.985323 ], [ -86.374161, 35.985804 ], [ -86.373426, 35.987151 ], [ -86.372073, 35.989674 ], [ -86.371381, 35.990966 ], [ -86.3702, 35.993155 ], [ -86.369936, 35.993639 ], [ -86.369055, 35.995259 ], [ -86.368445, 35.996398 ], [ -86.366762, 35.999495 ], [ -86.366743, 35.999529 ], [ -86.366421, 36.000153 ], [ -86.36623, 36.000563 ], [ -86.365908, 36.001314 ], [ -86.365759, 36.001735 ], [ -86.365636, 36.002083 ], [ -86.365487, 36.002565 ], [ -86.365381, 36.002975 ], [ -86.365272, 36.003449 ], [ -86.365055, 36.004686 ], [ -86.364886, 36.005783 ], [ -86.364516, 36.008196 ], [ -86.364375, 36.009075 ], [ -86.364201, 36.010172 ], [ -86.361946, 36.008873 ], [ -86.357093, 36.006078 ], [ -86.357023, 36.006038 ], [ -86.356948, 36.005994 ], [ -86.356848, 36.005937 ], [ -86.356746, 36.005878 ], [ -86.355184, 36.004977 ], [ -86.354356, 36.0045 ], [ -86.353137, 36.003798 ], [ -86.353069, 36.003759 ], [ -86.35293, 36.003679 ], [ -86.351288, 36.002788 ], [ -86.35019, 36.002192 ], [ -86.346266, 36.000062 ], [ -86.342325, 35.997172 ], [ -86.339812, 35.995329 ], [ -86.333267, 35.990347 ], [ -86.326252, 35.985008 ], [ -86.324123, 35.987208 ], [ -86.323162, 35.98655 ], [ -86.322555, 35.987348 ], [ -86.319457, 35.985965 ], [ -86.317888, 35.986736 ], [ -86.312416, 35.986328 ], [ -86.309967, 35.986146 ], [ -86.311036, 35.980622 ], [ -86.310954, 35.980507 ], [ -86.310799, 35.980634 ], [ -86.31073, 35.980677 ], [ -86.310441, 35.98086 ], [ -86.309984, 35.981066 ], [ -86.309875, 35.981116 ], [ -86.309725, 35.981176 ], [ -86.310363, 35.978563 ], [ -86.307839, 35.978174 ], [ -86.292293, 35.975782 ], [ -86.287112, 35.974985 ], [ -86.287157, 35.974776 ], [ -86.287296, 35.974151 ], [ -86.287342, 35.973943 ], [ -86.28736, 35.973859 ], [ -86.287393, 35.973693 ], [ -86.287545, 35.972944 ], [ -86.287596, 35.972695 ], [ -86.281204, 35.971818 ], [ -86.262028, 35.969188 ], [ -86.257842, 35.968613 ], [ -86.256786, 35.968469 ], [ -86.256873, 35.9676 ], [ -86.256595, 35.967529 ], [ -86.256467, 35.967497 ], [ -86.256096, 35.967404 ], [ -86.256084, 35.967401 ], [ -86.255957, 35.967369 ], [ -86.255933, 35.967559 ], [ -86.255861, 35.968131 ], [ -86.255838, 35.968322 ], [ -86.25479, 35.968206 ], [ -86.251908, 35.967888 ], [ -86.25165, 35.967847 ], [ -86.250608, 35.967681 ], [ -86.251009, 35.965307 ], [ -86.251731, 35.961141 ], [ -86.249981, 35.960803 ], [ -86.248805, 35.960615 ], [ -86.246444, 35.960245 ], [ -86.24637, 35.960233 ], [ -86.242675, 35.959885 ], [ -86.23776, 35.959424 ], [ -86.236949, 35.963285 ], [ -86.234474, 35.963208 ], [ -86.23069, 35.963091 ], [ -86.229584, 35.963056 ], [ -86.226266, 35.962954 ], [ -86.22516, 35.96292 ], [ -86.225099, 35.962918 ], [ -86.22455, 35.964422 ], [ -86.224483, 35.964607 ], [ -86.223219, 35.965107 ], [ -86.223369, 35.968211 ], [ -86.223047, 35.968194 ], [ -86.222588, 35.968171 ], [ -86.222995, 35.969276 ], [ -86.222974, 35.969277 ], [ -86.222917, 35.969286 ], [ -86.222898, 35.96929 ], [ -86.222553, 35.969292 ], [ -86.221522, 35.9693 ], [ -86.221179, 35.969304 ], [ -86.221034, 35.969316 ], [ -86.221015, 35.969318 ], [ -86.220527, 35.969348 ], [ -86.220365, 35.969359 ], [ -86.219806, 35.969347 ], [ -86.218134, 35.969314 ], [ -86.217565, 35.969303 ], [ -86.217522, 35.969311 ], [ -86.217358, 35.969342 ], [ -86.217304, 35.969353 ], [ -86.217216, 35.969354 ], [ -86.216955, 35.969362 ], [ -86.216868, 35.969366 ], [ -86.216887, 35.96855 ], [ -86.216909, 35.967654 ], [ -86.21537, 35.967493 ], [ -86.214561, 35.96741 ], [ -86.212591, 35.967218 ], [ -86.209846, 35.966952 ], [ -86.210225, 35.963798 ], [ -86.210327, 35.962945 ], [ -86.209212, 35.962854 ], [ -86.208476, 35.962795 ], [ -86.206269, 35.96262 ], [ -86.205534, 35.962562 ], [ -86.203268, 35.962379 ], [ -86.202505, 35.962318 ], [ -86.202435, 35.963415 ], [ -86.197497, 35.963047 ], [ -86.195231, 35.962879 ], [ -86.194431, 35.962818 ], [ -86.192536, 35.962677 ], [ -86.192035, 35.96264 ], [ -86.191238, 35.962581 ], [ -86.188455, 35.962373 ], [ -86.185922, 35.962184 ], [ -86.186495, 35.957877 ], [ -86.185011, 35.957819 ], [ -86.182225, 35.957713 ], [ -86.18117, 35.957672 ], [ -86.178005, 35.957549 ], [ -86.176951, 35.957508 ], [ -86.174201, 35.957403 ], [ -86.170476, 35.957262 ], [ -86.170358, 35.958116 ], [ -86.173974, 35.958714 ], [ -86.175286, 35.958931 ], [ -86.175406, 35.960348 ], [ -86.175366, 35.96036 ], [ -86.175249, 35.960396 ], [ -86.17521, 35.960409 ], [ -86.173656, 35.960463 ], [ -86.173266, 35.960477 ], [ -86.17152, 35.960271 ], [ -86.169351, 35.959721 ], [ -86.169093, 35.959613 ], [ -86.168309, 35.959286 ], [ -86.167774, 35.958828 ], [ -86.16774, 35.960281 ], [ -86.165062, 35.960143 ], [ -86.165123, 35.960307 ], [ -86.165242, 35.960526 ], [ -86.165181, 35.961036 ], [ -86.165269, 35.961305 ], [ -86.165347, 35.96185 ], [ -86.165325, 35.962678 ], [ -86.165213, 35.96319 ], [ -86.164953, 35.963522 ], [ -86.161596, 35.963254 ], [ -86.161094, 35.963214 ], [ -86.16132, 35.961554 ], [ -86.161404, 35.960937 ], [ -86.161625, 35.959235 ], [ -86.161615, 35.959172 ], [ -86.16126, 35.956751 ], [ -86.158375, 35.956609 ], [ -86.156601, 35.956524 ], [ -86.156604, 35.955916 ], [ -86.156606, 35.955448 ], [ -86.156612, 35.954549 ], [ -86.154288, 35.954446 ], [ -86.153214, 35.954399 ], [ -86.152889, 35.954385 ], [ -86.152873, 35.95386 ], [ -86.152798, 35.95131 ], [ -86.152774, 35.950461 ], [ -86.152751, 35.949697 ], [ -86.152724, 35.948749 ], [ -86.152793, 35.948007 ], [ -86.152854, 35.947531 ], [ -86.153468, 35.942822 ], [ -86.153942, 35.942798 ], [ -86.154419, 35.939242 ], [ -86.15481, 35.936331 ], [ -86.154817, 35.936273 ], [ -86.154842, 35.936102 ], [ -86.154851, 35.936045 ], [ -86.154854, 35.93602 ], [ -86.154861, 35.935965 ], [ -86.154864, 35.935946 ], [ -86.155254, 35.933038 ], [ -86.155319, 35.932559 ], [ -86.152829, 35.929218 ], [ -86.150347, 35.925889 ], [ -86.148632, 35.923588 ], [ -86.148594, 35.923537 ], [ -86.148337, 35.923193 ], [ -86.148161, 35.922958 ], [ -86.147568, 35.92216 ], [ -86.147313, 35.921816 ], [ -86.145656, 35.919593 ], [ -86.142452, 35.915295 ], [ -86.141766, 35.914374 ], [ -86.14299, 35.913044 ], [ -86.143495, 35.912497 ], [ -86.144255, 35.912151 ], [ -86.144882, 35.911136 ], [ -86.144927, 35.911063 ], [ -86.1456, 35.908547 ], [ -86.152904, 35.909125 ], [ -86.15344, 35.905411 ], [ -86.154297, 35.899491 ], [ -86.155916, 35.888296 ], [ -86.155934, 35.888146 ], [ -86.15605, 35.888156 ], [ -86.156909, 35.888245 ], [ -86.158577, 35.888377 ], [ -86.159526, 35.888492 ], [ -86.159937, 35.888519 ], [ -86.159962, 35.888088 ], [ -86.159963, 35.888049 ], [ -86.15997, 35.887933 ], [ -86.159973, 35.887895 ], [ -86.159281, 35.887846 ], [ -86.157775, 35.887743 ], [ -86.157836, 35.887179 ], [ -86.157912, 35.886492 ], [ -86.1581, 35.884838 ], [ -86.158565, 35.880778 ], [ -86.159469, 35.880838 ], [ -86.16113, 35.880951 ], [ -86.161196, 35.880955 ], [ -86.161311, 35.880963 ], [ -86.161396, 35.880968 ], [ -86.161463, 35.880973 ], [ -86.161551, 35.880979 ], [ -86.162269, 35.881027 ], [ -86.162914, 35.881071 ], [ -86.162784, 35.882844 ], [ -86.162726, 35.883651 ], [ -86.163907, 35.883797 ], [ -86.167107, 35.884194 ], [ -86.16745, 35.884231 ], [ -86.168634, 35.884362 ], [ -86.168725, 35.883237 ], [ -86.168726, 35.883034 ], [ -86.168736, 35.881439 ], [ -86.168814, 35.88011 ], [ -86.168961, 35.879051 ], [ -86.169132, 35.877826 ], [ -86.169145, 35.877733 ], [ -86.168449, 35.877586 ], [ -86.16839, 35.877586 ], [ -86.168077, 35.877586 ], [ -86.166477, 35.877877 ], [ -86.166105, 35.877861 ], [ -86.165667, 35.877844 ], [ -86.165337, 35.87787 ], [ -86.165335, 35.8778 ], [ -86.165329, 35.877625 ], [ -86.165328, 35.87757 ], [ -86.166644, 35.877229 ], [ -86.166981, 35.877136 ], [ -86.167589, 35.876969 ], [ -86.168057, 35.876799 ], [ -86.168599, 35.876559 ], [ -86.170696, 35.87558 ], [ -86.171, 35.875436 ], [ -86.171381, 35.875255 ], [ -86.171673, 35.875095 ], [ -86.171936, 35.874953 ], [ -86.172281, 35.874738 ], [ -86.172636, 35.874504 ], [ -86.173099, 35.874157 ], [ -86.172933, 35.873961 ], [ -86.172887, 35.873907 ], [ -86.172915, 35.873449 ], [ -86.17286, 35.873217 ], [ -86.172802, 35.872968 ], [ -86.173165, 35.870568 ], [ -86.174253, 35.863369 ], [ -86.174617, 35.86097 ], [ -86.17472, 35.860292 ], [ -86.175032, 35.858261 ], [ -86.175036, 35.858238 ], [ -86.175163, 35.857567 ], [ -86.175223, 35.857256 ], [ -86.175401, 35.856324 ], [ -86.175462, 35.856016 ], [ -86.175452, 35.855924 ], [ -86.175429, 35.855664 ], [ -86.175426, 35.855655 ], [ -86.175421, 35.855567 ], [ -86.175568, 35.85444 ], [ -86.175784, 35.854533 ], [ -86.175814, 35.854539 ], [ -86.177779, 35.854872 ], [ -86.177714, 35.852885 ], [ -86.175816, 35.85183 ], [ -86.175854, 35.850813 ], [ -86.178339, 35.850986 ], [ -86.178488, 35.850382 ], [ -86.176239, 35.850244 ], [ -86.177132, 35.843732 ], [ -86.177154, 35.843564 ], [ -86.177178, 35.843394 ], [ -86.177493, 35.841094 ], [ -86.177691, 35.839643 ], [ -86.178287, 35.835293 ], [ -86.178487, 35.833843 ], [ -86.178519, 35.833607 ], [ -86.178615, 35.832903 ], [ -86.178629, 35.832803 ], [ -86.178638, 35.832736 ], [ -86.178648, 35.83267 ], [ -86.178662, 35.832556 ], [ -86.178676, 35.832444 ], [ -86.17873, 35.832017 ], [ -86.178981, 35.83006 ], [ -86.179066, 35.829408 ], [ -86.179088, 35.829271 ], [ -86.179204, 35.828592 ], [ -86.179615, 35.826195 ], [ -86.179621, 35.826147 ], [ -86.17974, 35.825329 ], [ -86.179742, 35.825315 ], [ -86.179765, 35.825084 ], [ -86.179774, 35.824941 ], [ -86.179774, 35.82492 ], [ -86.179778, 35.824457 ], [ -86.179753, 35.824161 ], [ -86.179735, 35.824064 ], [ -86.179587, 35.823722 ], [ -86.179424, 35.823346 ], [ -86.179372, 35.823226 ], [ -86.179347, 35.823167 ], [ -86.179271, 35.822953 ], [ -86.179247, 35.822857 ], [ -86.179236, 35.822808 ], [ -86.179223, 35.82273 ], [ -86.179213, 35.822665 ], [ -86.179199, 35.822612 ], [ -86.179145, 35.822486 ], [ -86.1791, 35.822405 ], [ -86.179054, 35.822334 ], [ -86.178983, 35.822247 ], [ -86.178667, 35.821891 ], [ -86.178621, 35.821839 ], [ -86.178509, 35.821697 ], [ -86.1785, 35.821687 ], [ -86.178365, 35.821505 ], [ -86.178289, 35.821392 ], [ -86.178155, 35.821192 ], [ -86.177984, 35.820923 ], [ -86.177707, 35.820445 ], [ -86.177521, 35.820125 ], [ -86.177514, 35.820113 ], [ -86.177496, 35.820083 ], [ -86.177436, 35.81997 ], [ -86.177402, 35.81988 ], [ -86.177384, 35.81978 ], [ -86.177384, 35.819683 ], [ -86.177398, 35.819529 ], [ -86.177471, 35.818972 ], [ -86.177523, 35.818586 ], [ -86.177586, 35.818003 ], [ -86.177801, 35.816427 ], [ -86.177889, 35.815811 ], [ -86.177961, 35.815455 ], [ -86.177963, 35.815445 ], [ -86.178181, 35.814649 ], [ -86.178218, 35.81449 ], [ -86.178235, 35.814357 ], [ -86.178234, 35.814292 ], [ -86.178233, 35.814213 ], [ -86.17824, 35.813955 ], [ -86.178252, 35.813801 ], [ -86.178274, 35.813611 ], [ -86.1783, 35.813449 ], [ -86.178383, 35.812954 ], [ -86.178549, 35.811838 ], [ -86.178699, 35.810942 ], [ -86.17884, 35.810108 ], [ -86.178851, 35.810039 ], [ -86.178854, 35.810027 ], [ -86.178855, 35.809829 ], [ -86.178856, 35.809816 ], [ -86.178862, 35.80976 ], [ -86.178896, 35.809433 ], [ -86.17891, 35.80932 ], [ -86.179077, 35.808027 ], [ -86.17908, 35.808003 ], [ -86.179115, 35.807784 ], [ -86.179116, 35.807756 ], [ -86.179122, 35.807727 ], [ -86.179138, 35.807565 ], [ -86.179141, 35.807533 ], [ -86.179153, 35.807441 ], [ -86.179157, 35.80741 ], [ -86.179159, 35.807392 ], [ -86.179274, 35.806681 ], [ -86.179507, 35.805245 ], [ -86.179563, 35.805087 ], [ -86.179634, 35.804993 ], [ -86.179682, 35.804945 ], [ -86.17993, 35.804772 ], [ -86.180002, 35.804697 ], [ -86.18011, 35.804569 ], [ -86.180327, 35.804156 ], [ -86.180362, 35.804058 ], [ -86.180365, 35.804047 ], [ -86.180501, 35.803671 ], [ -86.180534, 35.803585 ], [ -86.180909, 35.802637 ], [ -86.180962, 35.802523 ], [ -86.181011, 35.802449 ], [ -86.181061, 35.802384 ], [ -86.181195, 35.802244 ], [ -86.181275, 35.802162 ], [ -86.181562, 35.801899 ], [ -86.181624, 35.801842 ], [ -86.181776, 35.801694 ], [ -86.181858, 35.801596 ], [ -86.181943, 35.801468 ], [ -86.182025, 35.80133 ], [ -86.182068, 35.801221 ], [ -86.182092, 35.801128 ], [ -86.182096, 35.801025 ], [ -86.182064, 35.800647 ], [ -86.181982, 35.799986 ], [ -86.181968, 35.799774 ], [ -86.181937, 35.799289 ], [ -86.181942, 35.799198 ], [ -86.181962, 35.798855 ], [ -86.181987, 35.798547 ], [ -86.182016, 35.798426 ], [ -86.182083, 35.798247 ], [ -86.182115, 35.798195 ], [ -86.182195, 35.79807 ], [ -86.182417, 35.797789 ], [ -86.182541, 35.797601 ], [ -86.182671, 35.797335 ], [ -86.182725, 35.797195 ], [ -86.182865, 35.796746 ], [ -86.182882, 35.796578 ], [ -86.182869, 35.7965 ], [ -86.182823, 35.7964 ], [ -86.182647, 35.796239 ], [ -86.182103, 35.795851 ], [ -86.18197, 35.795741 ], [ -86.181359, 35.795235 ], [ -86.181216, 35.795049 ], [ -86.181213, 35.795036 ], [ -86.181208, 35.795003 ], [ -86.181208, 35.794993 ], [ -86.186969, 35.795727 ], [ -86.188591, 35.795935 ], [ -86.188848, 35.795357 ], [ -86.188578, 35.794393 ], [ -86.188801, 35.792336 ], [ -86.188099, 35.791224 ], [ -86.187915, 35.789889 ], [ -86.188173, 35.787501 ], [ -86.190429, 35.787122 ], [ -86.190128, 35.785673 ], [ -86.190089, 35.783921 ], [ -86.190642, 35.782436 ], [ -86.190647, 35.782425 ], [ -86.189772, 35.781051 ], [ -86.189682, 35.778861 ], [ -86.188436, 35.777294 ], [ -86.188387, 35.777232 ], [ -86.188924, 35.775932 ], [ -86.189159, 35.775367 ], [ -86.189456, 35.773546 ], [ -86.189891, 35.771758 ], [ -86.18978, 35.771646 ], [ -86.189125, 35.77099 ], [ -86.188792, 35.770543 ], [ -86.188026, 35.769517 ], [ -86.186416, 35.769644 ], [ -86.185267, 35.769325 ], [ -86.184832, 35.768836 ], [ -86.183032, 35.768471 ], [ -86.182807, 35.768426 ], [ -86.183434, 35.763813 ], [ -86.183484, 35.763443 ], [ -86.18709, 35.763725 ], [ -86.187515, 35.761388 ], [ -86.188294, 35.759048 ], [ -86.18985, 35.756877 ], [ -86.189067, 35.755398 ], [ -86.188301, 35.754025 ], [ -86.188382, 35.753962 ], [ -86.190689, 35.752194 ], [ -86.192097, 35.751758 ], [ -86.192496, 35.750069 ], [ -86.192597, 35.749633 ], [ -86.192601, 35.749618 ], [ -86.192776, 35.749088 ], [ -86.193303, 35.747501 ], [ -86.193456, 35.747044 ], [ -86.19348, 35.746972 ], [ -86.193875, 35.745863 ], [ -86.194932, 35.742909 ], [ -86.195064, 35.742539 ], [ -86.195462, 35.741432 ], [ -86.203834, 35.73741 ], [ -86.204228, 35.737221 ], [ -86.204564, 35.735968 ], [ -86.205041, 35.735207 ], [ -86.205422, 35.73472 ], [ -86.206237, 35.734119 ], [ -86.207079, 35.733194 ], [ -86.20792, 35.732286 ], [ -86.207799, 35.731964 ], [ -86.207536, 35.731142 ], [ -86.20757, 35.730431 ], [ -86.207546, 35.729883 ], [ -86.207277, 35.729601 ], [ -86.206642, 35.729169 ], [ -86.20578, 35.728705 ], [ -86.204928, 35.728355 ], [ -86.203671, 35.727901 ], [ -86.202978, 35.727727 ], [ -86.202908, 35.727623 ], [ -86.203005, 35.727372 ], [ -86.204713, 35.726208 ], [ -86.205605, 35.725324 ], [ -86.206272, 35.72482 ], [ -86.206446, 35.724383 ], [ -86.206341, 35.723511 ], [ -86.206089, 35.722899 ], [ -86.206026, 35.722423 ], [ -86.206338, 35.721905 ], [ -86.206611, 35.721573 ], [ -86.206678, 35.721241 ], [ -86.206348, 35.72067 ], [ -86.206162, 35.719655 ], [ -86.206078, 35.718993 ], [ -86.20618, 35.718201 ], [ -86.206303, 35.717482 ], [ -86.206585, 35.716965 ], [ -86.206958, 35.716721 ], [ -86.207153, 35.716679 ], [ -86.207589, 35.716588 ], [ -86.207912, 35.716256 ], [ -86.208123, 35.715601 ], [ -86.208235, 35.71476 ], [ -86.208259, 35.714066 ], [ -86.20852, 35.713346 ], [ -86.208769, 35.7124 ], [ -86.208752, 35.711528 ], [ -86.208347, 35.710239 ], [ -86.207868, 35.708111 ], [ -86.207785, 35.707524 ], [ -86.207763, 35.707361 ], [ -86.207609, 35.706587 ], [ -86.207263, 35.705838 ], [ -86.207015, 35.705301 ], [ -86.207022, 35.705003 ], [ -86.206986, 35.704786 ], [ -86.207, 35.704654 ], [ -86.20709, 35.704476 ], [ -86.207128, 35.704421 ], [ -86.207065, 35.703966 ], [ -86.207147, 35.70379 ], [ -86.207191, 35.703699 ], [ -86.207353, 35.703537 ], [ -86.207485, 35.703407 ], [ -86.207759, 35.703123 ], [ -86.207874, 35.702727 ], [ -86.208127, 35.702516 ], [ -86.208137, 35.702505 ], [ -86.208168, 35.702472 ], [ -86.208179, 35.702462 ], [ -86.208191, 35.70245 ], [ -86.208227, 35.702414 ], [ -86.208239, 35.702402 ], [ -86.208363, 35.70244 ], [ -86.20877, 35.702563 ], [ -86.210345, 35.703043 ], [ -86.210365, 35.703044 ], [ -86.210598, 35.703065 ], [ -86.210642, 35.703054 ], [ -86.210907, 35.702975 ], [ -86.211012, 35.702734 ], [ -86.211063, 35.702682 ], [ -86.211286, 35.702458 ], [ -86.211641, 35.702408 ], [ -86.211974, 35.702405 ], [ -86.212115, 35.702405 ], [ -86.21231, 35.702424 ], [ -86.212318, 35.702417 ], [ -86.212345, 35.702399 ], [ -86.212354, 35.702393 ], [ -86.212979, 35.70196 ], [ -86.214134, 35.701164 ], [ -86.214668, 35.700958 ], [ -86.214743, 35.700956 ], [ -86.214802, 35.700955 ], [ -86.214974, 35.70095 ], [ -86.215363, 35.700939 ], [ -86.215482, 35.700935 ], [ -86.215537, 35.700952 ], [ -86.215723, 35.70101 ], [ -86.215747, 35.701025 ], [ -86.215822, 35.701041 ], [ -86.215847, 35.701049 ], [ -86.2159, 35.701069 ], [ -86.216062, 35.701129 ], [ -86.216116, 35.70115 ], [ -86.216222, 35.701406 ], [ -86.216254, 35.701436 ], [ -86.21661, 35.701775 ], [ -86.216986, 35.701918 ], [ -86.217054, 35.701939 ], [ -86.217361, 35.702035 ], [ -86.21756, 35.702378 ], [ -86.218037, 35.703201 ], [ -86.218122, 35.703425 ], [ -86.218263, 35.703797 ], [ -86.218137, 35.703938 ], [ -86.218067, 35.704115 ], [ -86.217924, 35.70448 ], [ -86.218206, 35.704931 ], [ -86.218398, 35.70503 ], [ -86.218672, 35.705171 ], [ -86.218741, 35.705193 ], [ -86.218889, 35.705407 ], [ -86.219106, 35.70572 ], [ -86.219395, 35.705997 ], [ -86.219584, 35.706178 ], [ -86.21972, 35.706194 ], [ -86.22066, 35.706309 ], [ -86.221631, 35.706429 ], [ -86.221884, 35.706361 ], [ -86.222137, 35.706154 ], [ -86.222614, 35.705078 ], [ -86.222731, 35.704578 ], [ -86.222895, 35.703887 ], [ -86.223147, 35.703727 ], [ -86.223226, 35.703722 ], [ -86.223316, 35.703139 ], [ -86.223417, 35.702868 ], [ -86.223757, 35.701969 ], [ -86.2245, 35.701456 ], [ -86.225084, 35.700954 ], [ -86.225294, 35.700774 ], [ -86.22573, 35.700359 ], [ -86.226178, 35.70014 ], [ -86.226723, 35.699233 ], [ -86.227, 35.698786 ], [ -86.2272, 35.698463 ], [ -86.227273, 35.697696 ], [ -86.226667, 35.697158 ], [ -86.225589, 35.695703 ], [ -86.225471, 35.695468 ], [ -86.225318, 35.695164 ], [ -86.225522, 35.694775 ], [ -86.22579, 35.694755 ], [ -86.226066, 35.694732 ], [ -86.227861, 35.694811 ], [ -86.22871, 35.694703 ], [ -86.229163, 35.694646 ], [ -86.229458, 35.694608 ], [ -86.230521, 35.694263 ], [ -86.231719, 35.693594 ], [ -86.232425, 35.693009 ], [ -86.232911, 35.692143 ], [ -86.233084, 35.691568 ], [ -86.233584, 35.691162 ], [ -86.234893, 35.690864 ], [ -86.235591, 35.690557 ], [ -86.235896, 35.690422 ], [ -86.237014, 35.69023 ], [ -86.23768, 35.690114 ], [ -86.238715, 35.689923 ], [ -86.239852, 35.690352 ], [ -86.241118, 35.69074 ], [ -86.241233, 35.690679 ], [ -86.24156, 35.690511 ], [ -86.241724, 35.689954 ], [ -86.242392, 35.689667 ], [ -86.243131, 35.689574 ], [ -86.243304, 35.689563 ], [ -86.244561, 35.689469 ], [ -86.245406, 35.688899 ], [ -86.24555, 35.688462 ], [ -86.245782, 35.687928 ], [ -86.245958, 35.687831 ], [ -86.246182, 35.687321 ], [ -86.246254, 35.687164 ], [ -86.246705, 35.686195 ], [ -86.246817, 35.685428 ], [ -86.246537, 35.685222 ], [ -86.246043, 35.684859 ], [ -86.24593, 35.684833 ], [ -86.245472, 35.684728 ], [ -86.244737, 35.68456 ], [ -86.244555, 35.684076 ], [ -86.244553, 35.683938 ], [ -86.244551, 35.683624 ], [ -86.244537, 35.68347 ], [ -86.244486, 35.682874 ], [ -86.24381, 35.682248 ], [ -86.243982, 35.681601 ], [ -86.244452, 35.681147 ], [ -86.245186, 35.680521 ], [ -86.245241, 35.680401 ], [ -86.245554, 35.679727 ], [ -86.244896, 35.678843 ], [ -86.243938, 35.677509 ], [ -86.243832, 35.676662 ], [ -86.243873, 35.675652 ], [ -86.242819, 35.674681 ], [ -86.24238, 35.674151 ], [ -86.242353, 35.673255 ], [ -86.242356, 35.672407 ], [ -86.242123, 35.671682 ], [ -86.241878, 35.670739 ], [ -86.24184, 35.669877 ], [ -86.241829, 35.669601 ], [ -86.241672, 35.668464 ], [ -86.242503, 35.66758 ], [ -86.243567, 35.666831 ], [ -86.243719, 35.666725 ], [ -86.245333, 35.666353 ], [ -86.246912, 35.666376 ], [ -86.2479, 35.666492 ], [ -86.248802, 35.6658 ], [ -86.249052, 35.66504 ], [ -86.248529, 35.66388 ], [ -86.248354, 35.663009 ], [ -86.247944, 35.662406 ], [ -86.247104, 35.662274 ], [ -86.245969, 35.662248 ], [ -86.244654, 35.661795 ], [ -86.244076, 35.661113 ], [ -86.243762, 35.660138 ], [ -86.242771, 35.659586 ], [ -86.242097, 35.659162 ], [ -86.241293, 35.658553 ], [ -86.241171, 35.658398 ], [ -86.240844, 35.657983 ], [ -86.240731, 35.65741 ], [ -86.24093, 35.656472 ], [ -86.241918, 35.655474 ], [ -86.242494, 35.654728 ], [ -86.242784, 35.654024 ], [ -86.242959, 35.652586 ], [ -86.243406, 35.651849 ], [ -86.243842, 35.650853 ], [ -86.243645, 35.649748 ], [ -86.243841, 35.649507 ], [ -86.244202, 35.649067 ], [ -86.244919, 35.648756 ], [ -86.245296, 35.647866 ], [ -86.245748, 35.646507 ], [ -86.245682, 35.645644 ], [ -86.244895, 35.644776 ], [ -86.244268, 35.644053 ], [ -86.244145, 35.643537 ], [ -86.244753, 35.643106 ], [ -86.244866, 35.642476 ], [ -86.244376, 35.641703 ], [ -86.243711, 35.641182 ], [ -86.24342, 35.64049 ], [ -86.242638, 35.640179 ], [ -86.242278, 35.639592 ], [ -86.242398, 35.638607 ], [ -86.242154, 35.637784 ], [ -86.241389, 35.637062 ], [ -86.241443, 35.63644 ], [ -86.241744, 35.635979 ], [ -86.241862, 35.6358 ], [ -86.242417, 35.634982 ], [ -86.24325, 35.634339 ], [ -86.24321, 35.633145 ], [ -86.245179, 35.632299 ], [ -86.24526, 35.632265 ], [ -86.245371, 35.63222 ], [ -86.24529, 35.6321 ], [ -86.245242, 35.632028 ], [ -86.245165, 35.631913 ], [ -86.245347, 35.631917 ], [ -86.245442, 35.63192 ], [ -86.24572, 35.631928 ], [ -86.245767, 35.631929 ], [ -86.245893, 35.631933 ], [ -86.245922, 35.631934 ], [ -86.246076, 35.631938 ], [ -86.246143, 35.63194 ], [ -86.246346, 35.631946 ], [ -86.246414, 35.631949 ], [ -86.246865, 35.631959 ], [ -86.249994, 35.632116 ], [ -86.25766, 35.631921 ], [ -86.257632, 35.633152 ], [ -86.257478, 35.634286 ], [ -86.260257, 35.637604 ], [ -86.260424, 35.637757 ], [ -86.260577, 35.637897 ], [ -86.262714, 35.637884 ], [ -86.263763, 35.63956 ], [ -86.266556, 35.639769 ], [ -86.268368, 35.641113 ], [ -86.268898, 35.642631 ], [ -86.271483, 35.64296 ], [ -86.272722, 35.642708 ], [ -86.273309, 35.64259 ], [ -86.274769, 35.643786 ], [ -86.277229, 35.644589 ], [ -86.279328, 35.645648 ], [ -86.27981, 35.645892 ], [ -86.280924, 35.648615 ], [ -86.282828, 35.648382 ], [ -86.284018, 35.649084 ], [ -86.285457, 35.648315 ], [ -86.287584, 35.648252 ], [ -86.28743, 35.646593 ], [ -86.286466, 35.645144 ], [ -86.286826, 35.644028 ], [ -86.286923, 35.643409 ], [ -86.288637, 35.643359 ], [ -86.289831, 35.643869 ], [ -86.289916, 35.644844 ], [ -86.290741, 35.645688 ], [ -86.291337, 35.646023 ], [ -86.292153, 35.646094 ], [ -86.293525, 35.647273 ], [ -86.295266, 35.647449 ], [ -86.297316, 35.64658 ], [ -86.299562, 35.646447 ], [ -86.300798, 35.646087 ], [ -86.301227, 35.645787 ], [ -86.301335, 35.645713 ], [ -86.302421, 35.64619 ], [ -86.304596, 35.646332 ], [ -86.305235, 35.646375 ], [ -86.305636, 35.647334 ], [ -86.305893, 35.64795 ], [ -86.306493, 35.64868 ], [ -86.306181, 35.650585 ], [ -86.30547, 35.651505 ], [ -86.304096, 35.651155 ], [ -86.302783, 35.651394 ], [ -86.302123, 35.652829 ], [ -86.302048, 35.653996 ], [ -86.300724, 35.654371 ], [ -86.300321, 35.655736 ], [ -86.301156, 35.656581 ], [ -86.303177, 35.657806 ], [ -86.303287, 35.658009 ], [ -86.304128, 35.659553 ], [ -86.3076, 35.659196 ], [ -86.309328, 35.659517 ], [ -86.310243, 35.660306 ], [ -86.310374, 35.661587 ], [ -86.311811, 35.661575 ], [ -86.312216, 35.661498 ], [ -86.313895, 35.661182 ], [ -86.315215, 35.661153 ], [ -86.315959, 35.661027 ], [ -86.317209, 35.660816 ], [ -86.318896, 35.662037 ], [ -86.319554, 35.662124 ], [ -86.320216, 35.662096 ], [ -86.320845, 35.66207 ], [ -86.321324, 35.662348 ], [ -86.325368, 35.661875 ], [ -86.326323, 35.662639 ], [ -86.327852, 35.662395 ], [ -86.329587, 35.660863 ], [ -86.331977, 35.659587 ], [ -86.332771, 35.659008 ], [ -86.334075, 35.658059 ], [ -86.335679, 35.658193 ], [ -86.336847, 35.659061 ], [ -86.33693, 35.659122 ], [ -86.337005, 35.659178 ], [ -86.336914, 35.659375 ], [ -86.336871, 35.659469 ], [ -86.336543, 35.660188 ], [ -86.336244, 35.660846 ], [ -86.33603, 35.662149 ], [ -86.336331, 35.662276 ], [ -86.33706, 35.662584 ], [ -86.338262, 35.663093 ], [ -86.340438, 35.663168 ], [ -86.34194, 35.664259 ], [ -86.344292, 35.663657 ], [ -86.344384, 35.663667 ], [ -86.345069, 35.663744 ], [ -86.344095, 35.662167 ], [ -86.343776, 35.660917 ], [ -86.345509, 35.659482 ], [ -86.347282, 35.658723 ], [ -86.348652, 35.65933 ], [ -86.350624, 35.660666 ], [ -86.352734, 35.660482 ], [ -86.354825, 35.657939 ], [ -86.354374, 35.655561 ], [ -86.35146, 35.654772 ], [ -86.351086, 35.65402 ], [ -86.350702, 35.653245 ], [ -86.352169, 35.650237 ], [ -86.354985, 35.65031 ], [ -86.355816, 35.650331 ], [ -86.356268, 35.650342 ], [ -86.357624, 35.650378 ], [ -86.358077, 35.65039 ], [ -86.35815, 35.650391 ], [ -86.35837, 35.650397 ], [ -86.358444, 35.650399 ], [ -86.358653, 35.650404 ], [ -86.358999, 35.650414 ], [ -86.359246, 35.650424 ], [ -86.359283, 35.650425 ], [ -86.359493, 35.650433 ], [ -86.359493, 35.650451 ], [ -86.359494, 35.650505 ], [ -86.359495, 35.650524 ], [ -86.359505, 35.651104 ], [ -86.359522, 35.651379 ], [ -86.359523, 35.651394 ], [ -86.359582, 35.65167 ], [ -86.359595, 35.65173 ], [ -86.359716, 35.652161 ], [ -86.359758, 35.652161 ], [ -86.362826, 35.65228 ], [ -86.363145, 35.65179 ], [ -86.363177, 35.65174 ], [ -86.363379, 35.651431 ], [ -86.365601, 35.650926 ], [ -86.36658, 35.649026 ], [ -86.366725, 35.648471 ], [ -86.369035, 35.647274 ], [ -86.370673, 35.647038 ], [ -86.372596, 35.646031 ], [ -86.373396, 35.645812 ], [ -86.374992, 35.646043 ], [ -86.375192, 35.646167 ], [ -86.375737, 35.646481 ], [ -86.376464, 35.647031 ], [ -86.376796, 35.647157 ], [ -86.377112, 35.64667 ], [ -86.377532, 35.645903 ], [ -86.377841, 35.645303 ], [ -86.378247, 35.644244 ], [ -86.3786, 35.643419 ], [ -86.378642, 35.642823 ], [ -86.378377, 35.642319 ], [ -86.37834, 35.642265 ], [ -86.378233, 35.642107 ], [ -86.377793, 35.64153 ], [ -86.377754, 35.641479 ], [ -86.377049, 35.640824 ], [ -86.376293, 35.64024 ], [ -86.375711, 35.63974 ], [ -86.375587, 35.639634 ], [ -86.374992, 35.639174 ], [ -86.374646, 35.638667 ], [ -86.374617, 35.638624 ], [ -86.374407, 35.638022 ], [ -86.374399, 35.637539 ], [ -86.374539, 35.637056 ], [ -86.374607, 35.636907 ], [ -86.374679, 35.636755 ], [ -86.374992, 35.636439 ], [ -86.375134, 35.636385 ], [ -86.375417, 35.636094 ], [ -86.375607, 35.6359 ], [ -86.375825, 35.635363 ], [ -86.375611, 35.634804 ], [ -86.375452, 35.634648 ], [ -86.375254, 35.634452 ], [ -86.374992, 35.634359 ], [ -86.37487, 35.634242 ], [ -86.374551, 35.633936 ], [ -86.374515, 35.633884 ], [ -86.374419, 35.633747 ], [ -86.373921, 35.633032 ], [ -86.373801, 35.632791 ], [ -86.373291, 35.631762 ], [ -86.373011, 35.6311 ], [ -86.372941, 35.63068 ], [ -86.373221, 35.63032 ], [ -86.373641, 35.63014 ], [ -86.373853, 35.630119 ], [ -86.374271, 35.63008 ], [ -86.374992, 35.630094 ], [ -86.375927, 35.630136 ], [ -86.37632, 35.630154 ], [ -86.376959, 35.630219 ], [ -86.377404, 35.630129 ], [ -86.378037, 35.629993 ], [ -86.378702, 35.629904 ], [ -86.378966, 35.62987 ], [ -86.379636, 35.629868 ], [ -86.379655, 35.629868 ], [ -86.380801, 35.629235 ], [ -86.381599, 35.628795 ], [ -86.382231, 35.628683 ], [ -86.382648, 35.628568 ], [ -86.382863, 35.628176 ], [ -86.382853, 35.627692 ], [ -86.382568, 35.627229 ], [ -86.382831, 35.626777 ], [ -86.383677, 35.626463 ], [ -86.384095, 35.62638 ], [ -86.384299, 35.62634 ], [ -86.384518, 35.626297 ], [ -86.38459, 35.626315 ], [ -86.384861, 35.626383 ], [ -86.385256, 35.626332 ], [ -86.385969, 35.626125 ], [ -86.386068, 35.626117 ], [ -86.386573, 35.626081 ], [ -86.386896, 35.626058 ], [ -86.386967, 35.62606 ], [ -86.387762, 35.626094 ], [ -86.388131, 35.626215 ], [ -86.388202, 35.626238 ], [ -86.388413, 35.62648 ], [ -86.388751, 35.626867 ], [ -86.388763, 35.626873 ], [ -86.389326, 35.627157 ], [ -86.38965, 35.627194 ], [ -86.390263, 35.627072 ], [ -86.39056, 35.627014 ], [ -86.390784, 35.626995 ], [ -86.39124, 35.626959 ], [ -86.392071, 35.626826 ], [ -86.393246, 35.626657 ], [ -86.394164, 35.62659 ], [ -86.394669, 35.626887 ], [ -86.39518, 35.627443 ], [ -86.395498, 35.627778 ], [ -86.395406, 35.627446 ], [ -86.395374, 35.627377 ], [ -86.395227, 35.627057 ], [ -86.394981, 35.626602 ], [ -86.394715, 35.626138 ], [ -86.394443, 35.625513 ], [ -86.394477, 35.62507 ], [ -86.39456, 35.623805 ], [ -86.39509, 35.623204 ], [ -86.39711, 35.622381 ], [ -86.398183, 35.622382 ], [ -86.3987, 35.622072 ], [ -86.399242, 35.621334 ], [ -86.399791, 35.620741 ], [ -86.40135, 35.619786 ], [ -86.401559, 35.61894 ], [ -86.401731, 35.618627 ], [ -86.402726, 35.618571 ], [ -86.403312, 35.618874 ], [ -86.404237, 35.620642 ], [ -86.404655, 35.621442 ], [ -86.405157, 35.622197 ], [ -86.405978, 35.622631 ], [ -86.406722, 35.62292 ], [ -86.40881, 35.623086 ], [ -86.409525, 35.623144 ], [ -86.410029, 35.623051 ], [ -86.41085, 35.622727 ], [ -86.411401, 35.622699 ], [ -86.41195, 35.622921 ], [ -86.412744, 35.623162 ], [ -86.413678, 35.623177 ], [ -86.41487, 35.623945 ], [ -86.41569, 35.624586 ], [ -86.416308, 35.62507 ], [ -86.416866, 35.625559 ], [ -86.417286, 35.626218 ], [ -86.417459, 35.626849 ], [ -86.417622, 35.627497 ], [ -86.4179, 35.628259 ], [ -86.417448, 35.62872 ], [ -86.417519, 35.629092 ], [ -86.417575, 35.629697 ], [ -86.417275, 35.630403 ], [ -86.416924, 35.630761 ], [ -86.416408, 35.631366 ], [ -86.4158, 35.632196 ], [ -86.415369, 35.632996 ], [ -86.415369, 35.633088 ], [ -86.415374, 35.63373 ], [ -86.415392, 35.634279 ], [ -86.415338, 35.63493 ], [ -86.415019, 35.635587 ], [ -86.414565, 35.63612 ], [ -86.414239, 35.636608 ], [ -86.414212, 35.637002 ], [ -86.413847, 35.637029 ], [ -86.413429, 35.640023 ], [ -86.418028, 35.640522 ], [ -86.418902, 35.640617 ], [ -86.418391, 35.645293 ], [ -86.418173, 35.647178 ], [ -86.417908, 35.647166 ], [ -86.417116, 35.647131 ], [ -86.417066, 35.647129 ], [ -86.416924, 35.647134 ], [ -86.416854, 35.647147 ], [ -86.416823, 35.647152 ], [ -86.416788, 35.647159 ], [ -86.416751, 35.647184 ], [ -86.416746, 35.647195 ], [ -86.416734, 35.647224 ], [ -86.416717, 35.64725 ], [ -86.416674, 35.647465 ], [ -86.416674, 35.647699 ], [ -86.416674, 35.647937 ], [ -86.416638, 35.649151 ], [ -86.416625, 35.649636 ], [ -86.418333, 35.649663 ], [ -86.420649, 35.649701 ], [ -86.423458, 35.649747 ], [ -86.424931, 35.649772 ], [ -86.424145, 35.652976 ] ] ] } },
{ "type": "Feature", "properties": { "district_num": "34" }, "geometry": { "type": "Polygon", "coordinates": [ [ [ -86.650013, 35.740735 ], [ -86.649978, 35.741447 ], [ -86.648518, 35.741253 ], [ -86.647433, 35.741113 ], [ -86.646532, 35.740982 ], [ -86.646515, 35.74098 ], [ -86.643178, 35.740527 ], [ -86.643021, 35.740505 ], [ -86.642897, 35.740488 ], [ -86.64255, 35.740441 ], [ -86.642394, 35.74042 ], [ -86.642372, 35.740417 ], [ -86.641787, 35.740333 ], [ -86.639968, 35.740074 ], [ -86.639362, 35.739988 ], [ -86.638914, 35.739926 ], [ -86.638314, 35.739843 ], [ -86.638157, 35.739821 ], [ -86.637769, 35.739768 ], [ -86.63714, 35.739681 ], [ -86.635173, 35.73941 ], [ -86.634562, 35.739326 ], [ -86.634126, 35.739266 ], [ -86.633955, 35.739241 ], [ -86.633657, 35.739198 ], [ -86.63325, 35.739139 ], [ -86.633251, 35.739053 ], [ -86.632254, 35.738972 ], [ -86.631829, 35.738873 ], [ -86.631794, 35.738863 ], [ -86.631185, 35.738697 ], [ -86.630935, 35.738609 ], [ -86.630431, 35.738433 ], [ -86.62862, 35.737669 ], [ -86.628448, 35.737594 ], [ -86.627711, 35.737274 ], [ -86.627626, 35.737241 ], [ -86.626035, 35.736567 ], [ -86.624505, 35.735933 ], [ -86.623318, 35.73548 ], [ -86.622067, 35.735029 ], [ -86.621429, 35.734816 ], [ -86.620653, 35.734626 ], [ -86.619841, 35.73451 ], [ -86.618984, 35.734399 ], [ -86.617788, 35.734318 ], [ -86.616914, 35.734336 ], [ -86.615877, 35.734383 ], [ -86.614677, 35.734501 ], [ -86.613566, 35.734616 ], [ -86.613047, 35.734646 ], [ -86.612512, 35.734691 ], [ -86.611672, 35.734709 ], [ -86.609564, 35.734445 ], [ -86.606959, 35.734152 ], [ -86.602319, 35.733671 ], [ -86.598344, 35.733225 ], [ -86.597566, 35.73315 ], [ -86.597124, 35.733126 ], [ -86.596167, 35.733024 ], [ -86.595411, 35.732981 ], [ -86.594963, 35.732987 ], [ -86.594245, 35.733031 ], [ -86.593189, 35.733145 ], [ -86.59135, 35.733344 ], [ -86.588892, 35.733618 ], [ -86.588321, 35.733683 ], [ -86.58782, 35.733727 ], [ -86.587293, 35.733762 ], [ -86.584878, 35.734025 ], [ -86.582602, 35.73417 ], [ -86.579499, 35.734416 ], [ -86.577881, 35.734549 ], [ -86.577302, 35.73459 ], [ -86.576185, 35.734662 ], [ -86.574105, 35.734877 ], [ -86.57159, 35.7352 ], [ -86.569936, 35.73541 ], [ -86.568659, 35.735603 ], [ -86.567505, 35.73573 ], [ -86.566736, 35.735854 ], [ -86.566242, 35.735959 ], [ -86.565821, 35.736099 ], [ -86.56518, 35.736368 ], [ -86.564864, 35.736539 ], [ -86.564224, 35.736889 ], [ -86.563731, 35.737243 ], [ -86.563375, 35.737537 ], [ -86.563319, 35.737598 ], [ -86.563061, 35.737882 ], [ -86.562653, 35.738374 ], [ -86.562291, 35.738867 ], [ -86.562058, 35.739185 ], [ -86.561971, 35.739308 ], [ -86.561278, 35.740287 ], [ -86.559201, 35.743224 ], [ -86.558509, 35.744204 ], [ -86.5583, 35.744489 ], [ -86.557381, 35.745784 ], [ -86.555418, 35.74855 ], [ -86.554998, 35.749146 ], [ -86.554489, 35.74987 ], [ -86.554081, 35.750396 ], [ -86.553831, 35.750732 ], [ -86.553517, 35.751052 ], [ -86.553171, 35.751388 ], [ -86.552699, 35.751734 ], [ -86.552121, 35.752098 ], [ -86.551123, 35.752558 ], [ -86.54821, 35.753758 ], [ -86.54616, 35.754592 ], [ -86.544804, 35.755148 ], [ -86.542943, 35.755939 ], [ -86.541146, 35.756858 ], [ -86.539664, 35.757664 ], [ -86.533601, 35.760889 ], [ -86.532197, 35.761627 ], [ -86.531364, 35.762065 ], [ -86.530617, 35.762458 ], [ -86.52902, 35.763417 ], [ -86.528411, 35.763782 ], [ -86.526678, 35.764796 ], [ -86.524251, 35.766216 ], [ -86.521562, 35.767798 ], [ -86.52122, 35.768 ], [ -86.519957, 35.768735 ], [ -86.519812, 35.768821 ], [ -86.519588, 35.768955 ], [ -86.519378, 35.769077 ], [ -86.519234, 35.769163 ], [ -86.518953, 35.769327 ], [ -86.518113, 35.769819 ], [ -86.517921, 35.769932 ], [ -86.517835, 35.769986 ], [ -86.516973, 35.770527 ], [ -86.516901, 35.770573 ], [ -86.516301, 35.771008 ], [ -86.515529, 35.771708 ], [ -86.514697, 35.772553 ], [ -86.51463, 35.77262 ], [ -86.513984, 35.773279 ], [ -86.513904, 35.773359 ], [ -86.512509, 35.774788 ], [ -86.512064, 35.775244 ], [ -86.511201, 35.776148 ], [ -86.511095, 35.77626 ], [ -86.508223, 35.779396 ], [ -86.507217, 35.780487 ], [ -86.505912, 35.781549 ], [ -86.505803, 35.781638 ], [ -86.503815, 35.783211 ], [ -86.502975, 35.784012 ], [ -86.502711, 35.784375 ], [ -86.502646, 35.784493 ], [ -86.50251, 35.784743 ], [ -86.502367, 35.785045 ], [ -86.502001, 35.785889 ], [ -86.50163, 35.786794 ], [ -86.501344, 35.787464 ], [ -86.50105, 35.788157 ], [ -86.500886, 35.788549 ], [ -86.500591, 35.789124 ], [ -86.50041, 35.789378 ], [ -86.500299, 35.789535 ], [ -86.500247, 35.789594 ], [ -86.499984, 35.789894 ], [ -86.499733, 35.790162 ], [ -86.497924, 35.792102 ], [ -86.497597, 35.792429 ], [ -86.497493, 35.792534 ], [ -86.497317, 35.792704 ], [ -86.496998, 35.793009 ], [ -86.496603, 35.793391 ], [ -86.495573, 35.794277 ], [ -86.494426, 35.795163 ], [ -86.493164, 35.796059 ], [ -86.492487, 35.796492 ], [ -86.492413, 35.79654 ], [ -86.492335, 35.79659 ], [ -86.492016, 35.796794 ], [ -86.491604, 35.797041 ], [ -86.491159, 35.797309 ], [ -86.490382, 35.797739 ], [ -86.489608, 35.798129 ], [ -86.489396, 35.798236 ], [ -86.485554, 35.800148 ], [ -86.485107, 35.800371 ], [ -86.484635, 35.800606 ], [ -86.48251, 35.801655 ], [ -86.482382, 35.801531 ], [ -86.480434, 35.802519 ], [ -86.480555, 35.802618 ], [ -86.479159, 35.803308 ], [ -86.478344, 35.803672 ], [ -86.478321, 35.803682 ], [ -86.476461, 35.804631 ], [ -86.474554, 35.805563 ], [ -86.472044, 35.80679 ], [ -86.471926, 35.806848 ], [ -86.471549, 35.807049 ], [ -86.471194, 35.80726 ], [ -86.470883, 35.807404 ], [ -86.470305, 35.80769 ], [ -86.46905, 35.80831 ], [ -86.469161, 35.808454 ], [ -86.469181, 35.80848 ], [ -86.469223, 35.808534 ], [ -86.469397, 35.808693 ], [ -86.46954, 35.808785 ], [ -86.469578, 35.808798 ], [ -86.469752, 35.808856 ], [ -86.469807, 35.808859 ], [ -86.469969, 35.808871 ], [ -86.470028, 35.808874 ], [ -86.47141, 35.808939 ], [ -86.475287, 35.809125 ], [ -86.475557, 35.809139 ], [ -86.47694, 35.809211 ], [ -86.478288, 35.809269 ], [ -86.478789, 35.809277 ], [ -86.478968, 35.809252 ], [ -86.479024, 35.809235 ], [ -86.479217, 35.80918 ], [ -86.479405, 35.809085 ], [ -86.479443, 35.809055 ], [ -86.480043, 35.808582 ], [ -86.480702, 35.808055 ], [ -86.480868, 35.807947 ], [ -86.480896, 35.807946 ], [ -86.480988, 35.807879 ], [ -86.481041, 35.80784 ], [ -86.481214, 35.807715 ], [ -86.481259, 35.807688 ], [ -86.481728, 35.8074 ], [ -86.481861, 35.807541 ], [ -86.482225, 35.807944 ], [ -86.482292, 35.808018 ], [ -86.482489, 35.808034 ], [ -86.482848, 35.808441 ], [ -86.482736, 35.80851 ], [ -86.482799, 35.808579 ], [ -86.483756, 35.809658 ], [ -86.484511, 35.810482 ], [ -86.484674, 35.810697 ], [ -86.484742, 35.81082 ], [ -86.48483, 35.810994 ], [ -86.484922, 35.811209 ], [ -86.484999, 35.811498 ], [ -86.485105, 35.811913 ], [ -86.485178, 35.812166 ], [ -86.485225, 35.812308 ], [ -86.485268, 35.812401 ], [ -86.485391, 35.812608 ], [ -86.485546, 35.812845 ], [ -86.485718, 35.813057 ], [ -86.485873, 35.813218 ], [ -86.486067, 35.813379 ], [ -86.486293, 35.813545 ], [ -86.48644, 35.813638 ], [ -86.486836, 35.813831 ], [ -86.48719, 35.814 ], [ -86.48752, 35.814159 ], [ -86.487743, 35.814276 ], [ -86.487967, 35.814423 ], [ -86.48816, 35.814584 ], [ -86.488318, 35.814739 ], [ -86.488561, 35.815004 ], [ -86.488983, 35.815475 ], [ -86.489414, 35.815968 ], [ -86.489798, 35.816396 ], [ -86.490147, 35.816811 ], [ -86.491415, 35.818195 ], [ -86.491708, 35.818516 ], [ -86.488347, 35.818187 ], [ -86.488235, 35.818914 ], [ -86.48779, 35.821571 ], [ -86.487668, 35.822197 ], [ -86.487302, 35.822108 ], [ -86.487213, 35.822086 ], [ -86.48691, 35.822108 ], [ -86.486687, 35.822246 ], [ -86.486121, 35.822779 ], [ -86.485466, 35.823285 ], [ -86.484819, 35.823604 ], [ -86.484549, 35.823901 ], [ -86.484482, 35.824236 ], [ -86.484604, 35.825577 ], [ -86.484631, 35.825984 ], [ -86.484517, 35.826259 ], [ -86.48428, 35.826374 ], [ -86.484091, 35.826353 ], [ -86.483403, 35.826182 ], [ -86.483066, 35.826216 ], [ -86.482755, 35.826408 ], [ -86.482735, 35.826595 ], [ -86.482971, 35.826908 ], [ -86.483606, 35.827551 ], [ -86.484153, 35.828172 ], [ -86.484498, 35.828386 ], [ -86.484822, 35.828515 ], [ -86.484759, 35.82854 ], [ -86.484698, 35.828567 ], [ -86.484598, 35.828611 ], [ -86.484468, 35.828633 ], [ -86.484166, 35.828604 ], [ -86.484111, 35.828599 ], [ -86.483838, 35.828595 ], [ -86.483524, 35.828615 ], [ -86.483366, 35.828609 ], [ -86.482136, 35.828484 ], [ -86.481675, 35.828438 ], [ -86.481461, 35.828422 ], [ -86.481415, 35.828418 ], [ -86.481277, 35.828408 ], [ -86.481231, 35.828405 ], [ -86.480252, 35.828317 ], [ -86.479921, 35.828288 ], [ -86.477318, 35.828044 ], [ -86.47634, 35.827953 ], [ -86.476363, 35.827751 ], [ -86.476435, 35.827147 ], [ -86.47646, 35.826946 ], [ -86.476525, 35.826462 ], [ -86.476721, 35.82501 ], [ -86.476787, 35.824527 ], [ -86.47697, 35.823278 ], [ -86.477014, 35.822961 ], [ -86.469869, 35.822411 ], [ -86.469833, 35.822408 ], [ -86.469765, 35.822403 ], [ -86.46965, 35.822392 ], [ -86.46908, 35.822335 ], [ -86.467908, 35.822217 ], [ -86.466308, 35.822084 ], [ -86.466011, 35.822054 ], [ -86.465982, 35.822052 ], [ -86.465332, 35.821987 ], [ -86.465294, 35.821983 ], [ -86.465197, 35.821973 ], [ -86.465118, 35.821965 ], [ -86.464706, 35.821924 ], [ -86.464628, 35.821916 ], [ -86.464606, 35.821914 ], [ -86.464602, 35.821942 ], [ -86.4646, 35.821956 ], [ -86.464613, 35.821978 ], [ -86.464573, 35.822418 ], [ -86.4646, 35.82272 ], [ -86.464573, 35.822841 ], [ -86.464607, 35.822951 ], [ -86.464668, 35.823396 ], [ -86.464661, 35.823522 ], [ -86.464621, 35.82366 ], [ -86.464459, 35.823946 ], [ -86.464385, 35.824132 ], [ -86.46427, 35.824325 ], [ -86.464223, 35.824418 ], [ -86.464196, 35.824501 ], [ -86.464182, 35.824754 ], [ -86.464223, 35.825248 ], [ -86.464264, 35.825518 ], [ -86.464244, 35.825875 ], [ -86.464149, 35.826128 ], [ -86.464109, 35.826144 ], [ -86.464088, 35.826199 ], [ -86.463906, 35.826403 ], [ -86.463852, 35.826512 ], [ -86.463825, 35.826666 ], [ -86.4639, 35.826908 ], [ -86.463886, 35.827084 ], [ -86.463906, 35.827273 ], [ -86.46392, 35.827397 ], [ -86.46394, 35.827414 ], [ -86.463974, 35.827524 ], [ -86.463927, 35.827612 ], [ -86.46392, 35.828013 ], [ -86.464103, 35.828629 ], [ -86.464137, 35.829079 ], [ -86.464123, 35.829233 ], [ -86.464093, 35.829384 ], [ -86.464063, 35.829541 ], [ -86.464049, 35.829799 ], [ -86.464055, 35.829844 ], [ -86.464076, 35.829997 ], [ -86.464123, 35.830189 ], [ -86.464144, 35.830321 ], [ -86.464155, 35.83035 ], [ -86.464268, 35.830629 ], [ -86.464286, 35.830673 ], [ -86.46439, 35.830901 ], [ -86.464427, 35.830981 ], [ -86.464535, 35.83114 ], [ -86.46465, 35.831261 ], [ -86.464738, 35.83142 ], [ -86.464792, 35.831651 ], [ -86.464826, 35.832014 ], [ -86.464907, 35.832234 ], [ -86.464968, 35.83236 ], [ -86.465012, 35.832435 ], [ -86.465083, 35.832558 ], [ -86.465218, 35.832712 ], [ -86.465336, 35.832797 ], [ -86.4654, 35.832855 ], [ -86.465474, 35.832899 ], [ -86.46563, 35.833195 ], [ -86.465677, 35.833553 ], [ -86.465663, 35.833729 ], [ -86.465589, 35.833905 ], [ -86.465481, 35.834047 ], [ -86.465475, 35.834069 ], [ -86.4654, 35.834135 ], [ -86.465205, 35.834306 ], [ -86.465178, 35.834326 ], [ -86.465002, 35.83446 ], [ -86.464685, 35.83463 ], [ -86.464596, 35.834672 ], [ -86.464535, 35.834615 ], [ -86.464234, 35.834616 ], [ -86.464021, 35.834616 ], [ -86.463897, 35.834615 ], [ -86.463813, 35.834664 ], [ -86.46375, 35.834704 ], [ -86.463735, 35.834714 ], [ -86.463707, 35.834733 ], [ -86.463677, 35.834752 ], [ -86.46365, 35.834769 ], [ -86.463609, 35.834795 ], [ -86.463452, 35.834894 ], [ -86.463433, 35.834906 ], [ -86.463409, 35.834921 ], [ -86.463312, 35.834983 ], [ -86.463236, 35.83503 ], [ -86.463176, 35.835068 ], [ -86.463111, 35.835109 ], [ -86.463001, 35.83518 ], [ -86.462809, 35.835303 ], [ -86.462682, 35.835385 ], [ -86.462513, 35.835493 ], [ -86.462467, 35.835568 ], [ -86.462419, 35.835651 ], [ -86.462388, 35.835727 ], [ -86.46233, 35.83586 ], [ -86.462243, 35.836009 ], [ -86.46213, 35.836166 ], [ -86.461982, 35.836293 ], [ -86.461925, 35.836357 ], [ -86.461865, 35.836501 ], [ -86.461837, 35.836631 ], [ -86.461858, 35.836774 ], [ -86.461925, 35.836983 ], [ -86.462391, 35.837243 ], [ -86.462153, 35.838476 ], [ -86.46215, 35.838511 ], [ -86.462111, 35.838713 ], [ -86.461824, 35.839252 ], [ -86.461744, 35.839401 ], [ -86.461722, 35.839443 ], [ -86.461583, 35.839514 ], [ -86.461399, 35.839607 ], [ -86.461382, 35.839616 ], [ -86.461317, 35.840092 ], [ -86.461265, 35.840449 ], [ -86.461242, 35.840604 ], [ -86.461034, 35.840884 ], [ -86.460779, 35.841111 ], [ -86.460752, 35.841155 ], [ -86.460705, 35.841309 ], [ -86.46061, 35.841727 ], [ -86.46059, 35.841771 ], [ -86.46057, 35.841979 ], [ -86.460401, 35.842507 ], [ -86.460341, 35.842677 ], [ -86.460347, 35.842695 ], [ -86.460337, 35.842747 ], [ -86.46032, 35.842853 ], [ -86.460321, 35.842985 ], [ -86.460375, 35.843315 ], [ -86.460381, 35.843447 ], [ -86.460395, 35.843529 ], [ -86.460373, 35.843652 ], [ -86.460368, 35.843683 ], [ -86.460321, 35.843837 ], [ -86.460256, 35.844264 ], [ -86.460226, 35.84447 ], [ -86.46022, 35.844508 ], [ -86.460219, 35.844531 ], [ -86.460213, 35.844717 ], [ -86.460212, 35.844779 ], [ -86.460134, 35.844792 ], [ -86.460092, 35.844796 ], [ -86.459975, 35.844811 ], [ -86.459937, 35.844815 ], [ -86.459815, 35.84483 ], [ -86.459733, 35.844836 ], [ -86.459614, 35.844847 ], [ -86.459467, 35.84486 ], [ -86.459301, 35.844864 ], [ -86.459032, 35.844873 ], [ -86.45865, 35.844864 ], [ -86.458363, 35.844846 ], [ -86.458051, 35.844827 ], [ -86.457661, 35.844802 ], [ -86.457301, 35.84478 ], [ -86.456492, 35.844728 ], [ -86.456103, 35.844704 ], [ -86.455892, 35.84469 ], [ -86.455862, 35.844689 ], [ -86.455801, 35.844688 ], [ -86.455299, 35.844683 ], [ -86.454896, 35.844684 ], [ -86.454595, 35.844685 ], [ -86.454551, 35.844687 ], [ -86.454442, 35.844691 ], [ -86.454199, 35.844703 ], [ -86.453845, 35.844719 ], [ -86.453234, 35.84879 ], [ -86.453046, 35.848699 ], [ -86.45276, 35.848604 ], [ -86.452512, 35.848582 ], [ -86.452358, 35.848597 ], [ -86.451846, 35.848619 ], [ -86.451378, 35.848597 ], [ -86.450961, 35.84856 ], [ -86.449956, 35.848467 ], [ -86.449858, 35.849125 ], [ -86.449853, 35.84916 ], [ -86.449801, 35.849622 ], [ -86.449663, 35.850653 ], [ -86.449594, 35.851167 ], [ -86.449479, 35.852038 ], [ -86.449359, 35.852888 ], [ -86.449269, 35.853536 ], [ -86.449236, 35.853746 ], [ -86.449178, 35.854135 ], [ -86.449174, 35.854783 ], [ -86.449938, 35.854784 ], [ -86.452232, 35.854789 ], [ -86.452538, 35.85479 ], [ -86.452997, 35.854788 ], [ -86.453061, 35.854788 ], [ -86.453073, 35.854788 ], [ -86.453304, 35.854797 ], [ -86.453381, 35.8548 ], [ -86.454101, 35.854802 ], [ -86.455692, 35.854807 ], [ -86.456263, 35.854803 ], [ -86.456584, 35.854802 ], [ -86.456983, 35.854782 ], [ -86.457428, 35.854765 ], [ -86.457589, 35.854764 ], [ -86.45941, 35.854761 ], [ -86.460017, 35.854761 ], [ -86.460033, 35.854644 ], [ -86.460083, 35.854295 ], [ -86.460101, 35.854179 ], [ -86.460122, 35.85407 ], [ -86.46016, 35.853977 ], [ -86.460219, 35.853889 ], [ -86.460296, 35.853802 ], [ -86.460385, 35.853731 ], [ -86.460499, 35.853673 ], [ -86.460708, 35.853617 ], [ -86.460841, 35.853562 ], [ -86.460908, 35.853522 ], [ -86.460955, 35.853488 ], [ -86.461148, 35.853286 ], [ -86.461275, 35.853134 ], [ -86.461351, 35.853173 ], [ -86.462023, 35.853515 ], [ -86.463215, 35.854095 ], [ -86.463401, 35.85419 ], [ -86.463876, 35.854434 ], [ -86.463954, 35.854474 ], [ -86.46414, 35.854569 ], [ -86.464864, 35.85494 ], [ -86.465087, 35.855055 ], [ -86.465303, 35.855152 ], [ -86.465717, 35.855276 ], [ -86.466923, 35.855503 ], [ -86.467431, 35.855581 ], [ -86.466702, 35.857752 ], [ -86.466427, 35.858577 ], [ -86.465775, 35.860528 ], [ -86.465573, 35.861132 ], [ -86.465523, 35.861284 ], [ -86.465156, 35.862385 ], [ -86.464968, 35.862944 ], [ -86.464766, 35.863549 ], [ -86.464432, 35.864545 ], [ -86.464228, 35.864922 ], [ -86.463981, 35.865396 ], [ -86.463442, 35.865984 ], [ -86.463359, 35.866047 ], [ -86.462859, 35.866435 ], [ -86.462788, 35.866491 ], [ -86.462118, 35.866916 ], [ -86.461611, 35.867128 ], [ -86.461072, 35.86739 ], [ -86.460571, 35.867526 ], [ -86.46049, 35.86753 ], [ -86.458871, 35.867534 ], [ -86.458528, 35.867506 ], [ -86.458234, 35.867487 ], [ -86.458182, 35.867484 ], [ -86.458076, 35.867483 ], [ -86.457634, 35.867483 ], [ -86.457345, 35.867469 ], [ -86.45732, 35.867467 ], [ -86.457247, 35.867464 ], [ -86.457223, 35.867463 ], [ -86.456728, 35.86744 ], [ -86.456104, 35.867405 ], [ -86.455652, 35.867354 ], [ -86.45525, 35.867288 ], [ -86.455206, 35.867281 ], [ -86.454766, 35.867185 ], [ -86.453648, 35.866987 ], [ -86.453407, 35.866945 ], [ -86.452835, 35.866857 ], [ -86.452581, 35.866818 ], [ -86.452552, 35.866815 ], [ -86.451748, 35.866737 ], [ -86.450268, 35.866596 ], [ -86.449564, 35.866529 ], [ -86.449141, 35.866471 ], [ -86.448629, 35.866321 ], [ -86.44831, 35.866207 ], [ -86.448065, 35.866093 ], [ -86.447849, 35.865956 ], [ -86.447567, 35.865763 ], [ -86.447382, 35.865604 ], [ -86.447206, 35.865452 ], [ -86.446232, 35.864333 ], [ -86.444963, 35.862987 ], [ -86.444853, 35.862864 ], [ -86.444253, 35.862191 ], [ -86.442464, 35.860269 ], [ -86.441938, 35.859723 ], [ -86.441462, 35.859344 ], [ -86.441041, 35.859025 ], [ -86.440327, 35.858636 ], [ -86.439832, 35.858443 ], [ -86.439324, 35.858269 ], [ -86.43854, 35.858099 ], [ -86.437987, 35.858042 ], [ -86.437604, 35.858003 ], [ -86.436847, 35.857952 ], [ -86.436562, 35.857944 ], [ -86.434335, 35.857747 ], [ -86.433302, 35.857738 ], [ -86.432405, 35.857826 ], [ -86.431395, 35.85791 ], [ -86.430054, 35.857853 ], [ -86.429777, 35.857832 ], [ -86.427613, 35.857664 ], [ -86.427044, 35.85762 ], [ -86.426478, 35.857622 ], [ -86.426013, 35.857673 ], [ -86.425952, 35.857693 ], [ -86.425549, 35.857823 ], [ -86.424963, 35.858105 ], [ -86.424162, 35.858554 ], [ -86.42161, 35.860001 ], [ -86.421212, 35.86021 ], [ -86.421, 35.860288 ], [ -86.420762, 35.860362 ], [ -86.42035, 35.860444 ], [ -86.420021, 35.860468 ], [ -86.419688, 35.860451 ], [ -86.419229, 35.860394 ], [ -86.418946, 35.86032 ], [ -86.418706, 35.860245 ], [ -86.418495, 35.860153 ], [ -86.418307, 35.860039 ], [ -86.418001, 35.859824 ], [ -86.416898, 35.858812 ], [ -86.41668, 35.858644 ], [ -86.416637, 35.858612 ], [ -86.416455, 35.858491 ], [ -86.416227, 35.85837 ], [ -86.416047, 35.858302 ], [ -86.415055, 35.857962 ], [ -86.414834, 35.857883 ], [ -86.41474, 35.857851 ], [ -86.413792, 35.85753 ], [ -86.413477, 35.857423 ], [ -86.413184, 35.857288 ], [ -86.41258, 35.857011 ], [ -86.412297, 35.856911 ], [ -86.412096, 35.856841 ], [ -86.411994, 35.856805 ], [ -86.411896, 35.85677 ], [ -86.411527, 35.85664 ], [ -86.411294, 35.856559 ], [ -86.410975, 35.856441 ], [ -86.410631, 35.856351 ], [ -86.410093, 35.856315 ], [ -86.4096, 35.856283 ], [ -86.409463, 35.856274 ], [ -86.409308, 35.856264 ], [ -86.408997, 35.85625 ], [ -86.408593, 35.856224 ], [ -86.408462, 35.856211 ], [ -86.408419, 35.856207 ], [ -86.408285, 35.856187 ], [ -86.408181, 35.856168 ], [ -86.407552, 35.856033 ], [ -86.407026, 35.855921 ], [ -86.406261, 35.85576 ], [ -86.405683, 35.855637 ], [ -86.405666, 35.855634 ], [ -86.405605, 35.855625 ], [ -86.405523, 35.855614 ], [ -86.405375, 35.855603 ], [ -86.405202, 35.855598 ], [ -86.405026, 35.855603 ], [ -86.404695, 35.855603 ], [ -86.403771, 35.855604 ], [ -86.403703, 35.855603 ], [ -86.403373, 35.855601 ], [ -86.402826, 35.855679 ], [ -86.401537, 35.855644 ], [ -86.400477, 35.8556 ], [ -86.399296, 35.855624 ], [ -86.397982, 35.855671 ], [ -86.396832, 35.855722 ], [ -86.395479, 35.855823 ], [ -86.394659, 35.855844 ], [ -86.394611, 35.855898 ], [ -86.393989, 35.856745 ], [ -86.393962, 35.856775 ], [ -86.392564, 35.858271 ], [ -86.391897, 35.858945 ], [ -86.391193, 35.859659 ], [ -86.39097, 35.859924 ], [ -86.390798, 35.860184 ], [ -86.390718, 35.860333 ], [ -86.390569, 35.860633 ], [ -86.390451, 35.86095 ], [ -86.3903, 35.861723 ], [ -86.386613, 35.861435 ], [ -86.385077, 35.861304 ], [ -86.38475, 35.861276 ], [ -86.383771, 35.861192 ], [ -86.383445, 35.861164 ], [ -86.383046, 35.861132 ], [ -86.381849, 35.861039 ], [ -86.381451, 35.861008 ], [ -86.381482, 35.860786 ], [ -86.381578, 35.860122 ], [ -86.38161, 35.859901 ], [ -86.381649, 35.859607 ], [ -86.381768, 35.858729 ], [ -86.381808, 35.858436 ], [ -86.381857, 35.858099 ], [ -86.382005, 35.857089 ], [ -86.382055, 35.856753 ], [ -86.382069, 35.85666 ], [ -86.382137, 35.856167 ], [ -86.382184, 35.855834 ], [ -86.382395, 35.854411 ], [ -86.382482, 35.853827 ], [ -86.382509, 35.853627 ], [ -86.382593, 35.85303 ], [ -86.382621, 35.852831 ], [ -86.382654, 35.852584 ], [ -86.382755, 35.851844 ], [ -86.382789, 35.851598 ], [ -86.382819, 35.851375 ], [ -86.382913, 35.850706 ], [ -86.382945, 35.850484 ], [ -86.382958, 35.850377 ], [ -86.383001, 35.850057 ], [ -86.383016, 35.849951 ], [ -86.383034, 35.849802 ], [ -86.383091, 35.849356 ], [ -86.38311, 35.849208 ], [ -86.383135, 35.849026 ], [ -86.383213, 35.848484 ], [ -86.383239, 35.848303 ], [ -86.383265, 35.848111 ], [ -86.383344, 35.847537 ], [ -86.383349, 35.847504 ], [ -86.383379, 35.847347 ], [ -86.38342, 35.84712 ], [ -86.383543, 35.846443 ], [ -86.383585, 35.846217 ], [ -86.383635, 35.846005 ], [ -86.383786, 35.845372 ], [ -86.383837, 35.845161 ], [ -86.38361, 35.845134 ], [ -86.382929, 35.845056 ], [ -86.382703, 35.84503 ], [ -86.382458, 35.845002 ], [ -86.381723, 35.844921 ], [ -86.381478, 35.844894 ], [ -86.379775, 35.844708 ], [ -86.37809, 35.844505 ], [ -86.376733, 35.844347 ], [ -86.37664, 35.844338 ], [ -86.375138, 35.844152 ], [ -86.37507, 35.844142 ], [ -86.37422, 35.844044 ], [ -86.373596, 35.84397 ], [ -86.373301, 35.843916 ], [ -86.372418, 35.843754 ], [ -86.372124, 35.8437 ], [ -86.37219, 35.843452 ], [ -86.372389, 35.842708 ], [ -86.372456, 35.842461 ], [ -86.372495, 35.842211 ], [ -86.372616, 35.841463 ], [ -86.372657, 35.841214 ], [ -86.372727, 35.840791 ], [ -86.372938, 35.839522 ], [ -86.373009, 35.8391 ], [ -86.373069, 35.83874 ], [ -86.37325, 35.837664 ], [ -86.373311, 35.837305 ], [ -86.373328, 35.836942 ], [ -86.373438, 35.836158 ], [ -86.37345, 35.836066 ], [ -86.372996, 35.836038 ], [ -86.372593, 35.836033 ], [ -86.372119, 35.836033 ], [ -86.371673, 35.836038 ], [ -86.371368, 35.836061 ], [ -86.370654, 35.83611 ], [ -86.369955, 35.836183 ], [ -86.369514, 35.836235 ], [ -86.368936, 35.836343 ], [ -86.368261, 35.836493 ], [ -86.367978, 35.836558 ], [ -86.367891, 35.836354 ], [ -86.367765, 35.835932 ], [ -86.367668, 35.835566 ], [ -86.367598, 35.8353 ], [ -86.367568, 35.83518 ], [ -86.36748, 35.834823 ], [ -86.367451, 35.834704 ], [ -86.367405, 35.83452 ], [ -86.367269, 35.83397 ], [ -86.367224, 35.833787 ], [ -86.367152, 35.833528 ], [ -86.367103, 35.833348 ], [ -86.36707, 35.833166 ], [ -86.367047, 35.832974 ], [ -86.367056, 35.832809 ], [ -86.367063, 35.832735 ], [ -86.36709, 35.832469 ], [ -86.367123, 35.832248 ], [ -86.367223, 35.831588 ], [ -86.367257, 35.831368 ], [ -86.367339, 35.830738 ], [ -86.36735, 35.830662 ], [ -86.367477, 35.830443 ], [ -86.367635, 35.83025 ], [ -86.367744, 35.830105 ], [ -86.367825, 35.829927 ], [ -86.36795, 35.828986 ], [ -86.368034, 35.828357 ], [ -86.368077, 35.828046 ], [ -86.368207, 35.827117 ], [ -86.368236, 35.826912 ], [ -86.368237, 35.826806 ], [ -86.368291, 35.826281 ], [ -86.368382, 35.825522 ], [ -86.369378, 35.825631 ], [ -86.369424, 35.825635 ], [ -86.369904, 35.825686 ], [ -86.369975, 35.825698 ], [ -86.370562, 35.825795 ], [ -86.370943, 35.82589 ], [ -86.371228, 35.82598 ], [ -86.371499, 35.826056 ], [ -86.371623, 35.826092 ], [ -86.372436, 35.826331 ], [ -86.372778, 35.826435 ], [ -86.372947, 35.826503 ], [ -86.373059, 35.826559 ], [ -86.373283, 35.826718 ], [ -86.373528, 35.826939 ], [ -86.373811, 35.827208 ], [ -86.373832, 35.827228 ], [ -86.374672, 35.82801 ], [ -86.374959, 35.828277 ], [ -86.375076, 35.828376 ], [ -86.375105, 35.828401 ], [ -86.37542, 35.828684 ], [ -86.375535, 35.828788 ], [ -86.37585, 35.82906 ], [ -86.376165, 35.829332 ], [ -86.376815, 35.829851 ], [ -86.377141, 35.830111 ], [ -86.377418, 35.830323 ], [ -86.378249, 35.830961 ], [ -86.378526, 35.831174 ], [ -86.378831, 35.830918 ], [ -86.37936, 35.830476 ], [ -86.379666, 35.83027 ], [ -86.379786, 35.830201 ], [ -86.380133, 35.830005 ], [ -86.380312, 35.829911 ], [ -86.380849, 35.829632 ], [ -86.381029, 35.829539 ], [ -86.380995, 35.829496 ], [ -86.380893, 35.829367 ], [ -86.380859, 35.829324 ], [ -86.380824, 35.82928 ], [ -86.380719, 35.829148 ], [ -86.380684, 35.829105 ], [ -86.380548, 35.828934 ], [ -86.38039, 35.828734 ], [ -86.3803, 35.82862 ], [ -86.380133, 35.828429 ], [ -86.37999, 35.828265 ], [ -86.379908, 35.828172 ], [ -86.379665, 35.827893 ], [ -86.379584, 35.8278 ], [ -86.379496, 35.827699 ], [ -86.379232, 35.827398 ], [ -86.379145, 35.827298 ], [ -86.379093, 35.827239 ], [ -86.37894, 35.827063 ], [ -86.378889, 35.827005 ], [ -86.378865, 35.826978 ], [ -86.378796, 35.826898 ], [ -86.378773, 35.826872 ], [ -86.378662, 35.826743 ], [ -86.37833, 35.826356 ], [ -86.37822, 35.826228 ], [ -86.377943, 35.825913 ], [ -86.377146, 35.825008 ], [ -86.377114, 35.82497 ], [ -86.376918, 35.824738 ], [ -86.376844, 35.824651 ], [ -86.376815, 35.824617 ], [ -86.376992, 35.824576 ], [ -86.377015, 35.824571 ], [ -86.377301, 35.824515 ], [ -86.377533, 35.824468 ], [ -86.377663, 35.824442 ], [ -86.377821, 35.82441 ], [ -86.377837, 35.824407 ], [ -86.37789, 35.824396 ], [ -86.377935, 35.824387 ], [ -86.377951, 35.824383 ], [ -86.377979, 35.824377 ], [ -86.378003, 35.824372 ], [ -86.378036, 35.824365 ], [ -86.378258, 35.824318 ], [ -86.378276, 35.824314 ], [ -86.378712, 35.824226 ], [ -86.378851, 35.824198 ], [ -86.37944, 35.824079 ], [ -86.379469, 35.824073 ], [ -86.379698, 35.824027 ], [ -86.379745, 35.824017 ], [ -86.380032, 35.823957 ], [ -86.38067, 35.823823 ], [ -86.380795, 35.823798 ], [ -86.380992, 35.82376 ], [ -86.381445, 35.82367 ], [ -86.381801, 35.823581 ], [ -86.381866, 35.823565 ], [ -86.382122, 35.823515 ], [ -86.382536, 35.823433 ], [ -86.382736, 35.823394 ], [ -86.384537, 35.823039 ], [ -86.385758, 35.822799 ], [ -86.385856, 35.82278 ], [ -86.386013, 35.822749 ], [ -86.386528, 35.822576 ], [ -86.386727, 35.822535 ], [ -86.386742, 35.822514 ], [ -86.386847, 35.822459 ], [ -86.386893, 35.822438 ], [ -86.386982, 35.822399 ], [ -86.38709, 35.822359 ], [ -86.387204, 35.822317 ], [ -86.387312, 35.822289 ], [ -86.387333, 35.822273 ], [ -86.387438, 35.822259 ], [ -86.387549, 35.822245 ], [ -86.38763, 35.822256 ], [ -86.387818, 35.82235 ], [ -86.388172, 35.822559 ], [ -86.388284, 35.822625 ], [ -86.388487, 35.822791 ], [ -86.388695, 35.82296 ], [ -86.388999, 35.823241 ], [ -86.389174, 35.823389 ], [ -86.389189, 35.8234 ], [ -86.389888, 35.82387 ], [ -86.390207, 35.823991 ], [ -86.390535, 35.824115 ], [ -86.390518, 35.824265 ], [ -86.390504, 35.824389 ], [ -86.390482, 35.824386 ], [ -86.390289, 35.825804 ], [ -86.390713, 35.825829 ], [ -86.390884, 35.825839 ], [ -86.391035, 35.825841 ], [ -86.39115, 35.825848 ], [ -86.391648, 35.825882 ], [ -86.391428, 35.824069 ], [ -86.392009, 35.82403 ], [ -86.392543, 35.823995 ], [ -86.392432, 35.823036 ], [ -86.392084, 35.82003 ], [ -86.391991, 35.819226 ], [ -86.391137, 35.819178 ], [ -86.390594, 35.819148 ], [ -86.390111, 35.819099 ], [ -86.38978, 35.819037 ], [ -86.389526, 35.818973 ], [ -86.389292, 35.8189 ], [ -86.389062, 35.81881 ], [ -86.388813, 35.818683 ], [ -86.388607, 35.818584 ], [ -86.388373, 35.818429 ], [ -86.388199, 35.818311 ], [ -86.387966, 35.818115 ], [ -86.38767, 35.817846 ], [ -86.387438, 35.817574 ], [ -86.386909, 35.817178 ], [ -86.386645, 35.81702 ], [ -86.386371, 35.816869 ], [ -86.386106, 35.816741 ], [ -86.38603, 35.816712 ], [ -86.384799, 35.816249 ], [ -86.384754, 35.816232 ], [ -86.384741, 35.816227 ], [ -86.384755, 35.816135 ], [ -86.384757, 35.816123 ], [ -86.384759, 35.8161 ], [ -86.38476, 35.816085 ], [ -86.384766, 35.816 ], [ -86.384768, 35.815977 ], [ -86.3848, 35.815515 ], [ -86.38491, 35.813862 ], [ -86.386106, 35.81393 ], [ -86.386823, 35.814008 ], [ -86.388076, 35.814144 ], [ -86.389121, 35.814257 ], [ -86.389291, 35.814123 ], [ -86.389318, 35.814126 ], [ -86.38963, 35.814142 ], [ -86.389897, 35.814156 ], [ -86.390351, 35.814215 ], [ -86.390924, 35.814297 ], [ -86.391098, 35.81432 ], [ -86.390916, 35.8131 ], [ -86.390786, 35.812235 ], [ -86.390487, 35.810228 ], [ -86.390326, 35.809146 ], [ -86.390229, 35.8085 ], [ -86.39013, 35.807828 ], [ -86.390079, 35.807492 ], [ -86.389965, 35.806745 ], [ -86.389926, 35.806486 ], [ -86.389876, 35.806151 ], [ -86.390095, 35.80635 ], [ -86.39039, 35.806615 ], [ -86.391937, 35.808006 ], [ -86.392453, 35.80847 ], [ -86.393184, 35.809142 ], [ -86.395378, 35.811158 ], [ -86.39611, 35.811831 ], [ -86.396216, 35.811929 ], [ -86.396536, 35.812223 ], [ -86.396643, 35.812321 ], [ -86.396684, 35.812021 ], [ -86.396691, 35.811974 ], [ -86.396712, 35.811816 ], [ -86.396761, 35.811456 ], [ -86.396955, 35.810308 ], [ -86.39704, 35.809807 ], [ -86.397056, 35.809679 ], [ -86.397106, 35.809296 ], [ -86.397123, 35.809169 ], [ -86.397148, 35.809014 ], [ -86.397227, 35.808549 ], [ -86.397254, 35.808395 ], [ -86.3973, 35.808077 ], [ -86.397369, 35.80761 ], [ -86.397447, 35.807124 ], [ -86.397499, 35.806807 ], [ -86.397525, 35.806644 ], [ -86.397526, 35.806632 ], [ -86.397603, 35.806106 ], [ -86.397629, 35.805931 ], [ -86.397656, 35.805761 ], [ -86.397739, 35.805252 ], [ -86.397767, 35.805083 ], [ -86.39779, 35.804933 ], [ -86.397863, 35.804486 ], [ -86.397866, 35.804473 ], [ -86.397877, 35.804406 ], [ -86.397888, 35.804338 ], [ -86.397901, 35.80426 ], [ -86.397914, 35.804181 ], [ -86.397973, 35.803814 ], [ -86.398067, 35.803242 ], [ -86.398209, 35.802241 ], [ -86.398284, 35.801717 ], [ -86.398319, 35.801463 ], [ -86.398426, 35.800703 ], [ -86.398462, 35.80045 ], [ -86.39849, 35.80026 ], [ -86.398576, 35.799694 ], [ -86.398605, 35.799505 ], [ -86.39866, 35.799123 ], [ -86.398663, 35.799084 ], [ -86.398682, 35.798912 ], [ -86.398769, 35.797816 ], [ -86.398803, 35.797393 ], [ -86.398832, 35.797031 ], [ -86.398839, 35.796974 ], [ -86.398901, 35.796536 ], [ -86.398945, 35.796299 ], [ -86.399072, 35.795735 ], [ -86.399166, 35.795326 ], [ -86.399238, 35.794956 ], [ -86.399309, 35.794657 ], [ -86.39935, 35.794439 ], [ -86.399385, 35.794258 ], [ -86.399408, 35.7941 ], [ -86.399437, 35.793902 ], [ -86.399534, 35.793279 ], [ -86.399738, 35.791972 ], [ -86.399873, 35.791113 ], [ -86.399989, 35.790397 ], [ -86.400189, 35.789164 ], [ -86.400257, 35.788704 ], [ -86.400282, 35.788529 ], [ -86.400501, 35.787329 ], [ -86.400571, 35.786864 ], [ -86.400704, 35.786028 ], [ -86.400933, 35.78438 ], [ -86.40106, 35.782975 ], [ -86.401079, 35.782379 ], [ -86.401128, 35.782029 ], [ -86.401143, 35.781926 ], [ -86.401056, 35.781673 ], [ -86.401058, 35.781638 ], [ -86.401073, 35.78141 ], [ -86.401098, 35.781032 ], [ -86.401104, 35.780955 ], [ -86.401125, 35.780735 ], [ -86.401158, 35.78039 ], [ -86.401175, 35.780212 ], [ -86.401187, 35.780095 ], [ -86.401268, 35.779549 ], [ -86.401301, 35.779329 ], [ -86.401358, 35.778943 ], [ -86.401531, 35.777787 ], [ -86.401589, 35.777402 ], [ -86.401667, 35.776878 ], [ -86.401815, 35.775894 ], [ -86.401907, 35.77531 ], [ -86.40199, 35.774788 ], [ -86.401997, 35.774741 ], [ -86.402063, 35.774254 ], [ -86.402178, 35.773419 ], [ -86.402306, 35.772659 ], [ -86.402318, 35.772586 ], [ -86.402397, 35.772128 ], [ -86.402444, 35.771746 ], [ -86.402479, 35.771498 ], [ -86.402751, 35.769608 ], [ -86.4028, 35.769274 ], [ -86.402817, 35.769156 ], [ -86.402844, 35.768979 ], [ -86.402873, 35.768789 ], [ -86.402892, 35.768665 ], [ -86.40296, 35.768223 ], [ -86.402989, 35.768034 ], [ -86.403, 35.76774 ], [ -86.403037, 35.76686 ], [ -86.403049, 35.766567 ], [ -86.403058, 35.766356 ], [ -86.403061, 35.766257 ], [ -86.403074, 35.765919 ], [ -86.403099, 35.765327 ], [ -86.403112, 35.765017 ], [ -86.403121, 35.76478 ], [ -86.403123, 35.764753 ], [ -86.403146, 35.764072 ], [ -86.403155, 35.763836 ], [ -86.403158, 35.763761 ], [ -86.40316, 35.763711 ], [ -86.403179, 35.763392 ], [ -86.403182, 35.763337 ], [ -86.40319, 35.763213 ], [ -86.403204, 35.762982 ], [ -86.40321, 35.762873 ], [ -86.403236, 35.762419 ], [ -86.40324, 35.762367 ], [ -86.403263, 35.761853 ], [ -86.403279, 35.761514 ], [ -86.403288, 35.761307 ], [ -86.403293, 35.761206 ], [ -86.40336, 35.760747 ], [ -86.40337, 35.760694 ], [ -86.403409, 35.760492 ], [ -86.403466, 35.76019 ], [ -86.403487, 35.760115 ], [ -86.40368, 35.759432 ], [ -86.403829, 35.759011 ], [ -86.403959, 35.758649 ], [ -86.403989, 35.758543 ], [ -86.404083, 35.758225 ], [ -86.404115, 35.75812 ], [ -86.404371, 35.757253 ], [ -86.404419, 35.757093 ], [ -86.404731, 35.756189 ], [ -86.405178, 35.754737 ], [ -86.405193, 35.754672 ], [ -86.405398, 35.753793 ], [ -86.405775, 35.752121 ], [ -86.405991, 35.751164 ], [ -86.406352, 35.749637 ], [ -86.406465, 35.749164 ], [ -86.406727, 35.74822 ], [ -86.406985, 35.747325 ], [ -86.407039, 35.747139 ], [ -86.407319, 35.746171 ], [ -86.407455, 35.745687 ], [ -86.40747, 35.745635 ], [ -86.407482, 35.745595 ], [ -86.407512, 35.745493 ], [ -86.407735, 35.744727 ], [ -86.407784, 35.744557 ], [ -86.408067, 35.74359 ], [ -86.408398, 35.742429 ], [ -86.408617, 35.741663 ], [ -86.408689, 35.741409 ], [ -86.408906, 35.740651 ], [ -86.408979, 35.740398 ], [ -86.4092, 35.73963 ], [ -86.409485, 35.738645 ], [ -86.409835, 35.73732 ], [ -86.41004, 35.736548 ], [ -86.410112, 35.736295 ], [ -86.41033, 35.735539 ], [ -86.410403, 35.735287 ], [ -86.410446, 35.735136 ], [ -86.410555, 35.734727 ], [ -86.410824, 35.733733 ], [ -86.410964, 35.733155 ], [ -86.410992, 35.733044 ], [ -86.411066, 35.732741 ], [ -86.411123, 35.732547 ], [ -86.411141, 35.732484 ], [ -86.411207, 35.732243 ], [ -86.411408, 35.73152 ], [ -86.411475, 35.73128 ], [ -86.411522, 35.731107 ], [ -86.41166, 35.730611 ], [ -86.411665, 35.730591 ], [ -86.411709, 35.730418 ], [ -86.411754, 35.730239 ], [ -86.411892, 35.729702 ], [ -86.411939, 35.729524 ], [ -86.412006, 35.729279 ], [ -86.412208, 35.728545 ], [ -86.412238, 35.72844 ], [ -86.412279, 35.728302 ], [ -86.412308, 35.728203 ], [ -86.412332, 35.728123 ], [ -86.41236, 35.72803 ], [ -86.412481, 35.727583 ], [ -86.412531, 35.727404 ], [ -86.412547, 35.727343 ], [ -86.412597, 35.727161 ], [ -86.412614, 35.727101 ], [ -86.412755, 35.726586 ], [ -86.413045, 35.725529 ], [ -86.413049, 35.725512 ], [ -86.413168, 35.725039 ], [ -86.413299, 35.724522 ], [ -86.413403, 35.72411 ], [ -86.413816, 35.722346 ], [ -86.414059, 35.721487 ], [ -86.414103, 35.72135 ], [ -86.4146, 35.719794 ], [ -86.414759, 35.719264 ], [ -86.415445, 35.716747 ], [ -86.41599, 35.714777 ], [ -86.416101, 35.714356 ], [ -86.416435, 35.713096 ], [ -86.416547, 35.712676 ], [ -86.416652, 35.712278 ], [ -86.416968, 35.711084 ], [ -86.417074, 35.710687 ], [ -86.41712, 35.710554 ], [ -86.417431, 35.709411 ], [ -86.417618, 35.708701 ], [ -86.417781, 35.708082 ], [ -86.418342, 35.705963 ], [ -86.419213, 35.702731 ], [ -86.419252, 35.70259 ], [ -86.419445, 35.701832 ], [ -86.419555, 35.701314 ], [ -86.419638, 35.700822 ], [ -86.419646, 35.70072 ], [ -86.419665, 35.70048 ], [ -86.419681, 35.700292 ], [ -86.419705, 35.699761 ], [ -86.419716, 35.699522 ], [ -86.41971, 35.699392 ], [ -86.419694, 35.699003 ], [ -86.419689, 35.698874 ], [ -86.419673, 35.698493 ], [ -86.419645, 35.697819 ], [ -86.419632, 35.69735 ], [ -86.419623, 35.696969 ], [ -86.419613, 35.696618 ], [ -86.419612, 35.696579 ], [ -86.419606, 35.696336 ], [ -86.419599, 35.696154 ], [ -86.419573, 35.695412 ], [ -86.41956, 35.695023 ], [ -86.419552, 35.694778 ], [ -86.419491, 35.693475 ], [ -86.419487, 35.693377 ], [ -86.419377, 35.692393 ], [ -86.419329, 35.692099 ], [ -86.419273, 35.691756 ], [ -86.419059, 35.690804 ], [ -86.418854, 35.690136 ], [ -86.418611, 35.689424 ], [ -86.41847, 35.689071 ], [ -86.418428, 35.688973 ], [ -86.418305, 35.688687 ], [ -86.417794, 35.68756 ], [ -86.417756, 35.687478 ], [ -86.417642, 35.687235 ], [ -86.417604, 35.687154 ], [ -86.417465, 35.686856 ], [ -86.417048, 35.685962 ], [ -86.416991, 35.685839 ], [ -86.416923, 35.685659 ], [ -86.416768, 35.685248 ], [ -86.41674, 35.685171 ], [ -86.41663, 35.684694 ], [ -86.416606, 35.684585 ], [ -86.416541, 35.684036 ], [ -86.416544, 35.683956 ], [ -86.416566, 35.683518 ], [ -86.416569, 35.683462 ], [ -86.416596, 35.683253 ], [ -86.416636, 35.682957 ], [ -86.416696, 35.6827 ], [ -86.416749, 35.682469 ], [ -86.41681, 35.68221 ], [ -86.416832, 35.682117 ], [ -86.417007, 35.681426 ], [ -86.417488, 35.679536 ], [ -86.417604, 35.679076 ], [ -86.417804, 35.678293 ], [ -86.417809, 35.678269 ], [ -86.417818, 35.678236 ], [ -86.41786, 35.678068 ], [ -86.417875, 35.678012 ], [ -86.418059, 35.677284 ], [ -86.41812, 35.677042 ], [ -86.418168, 35.676854 ], [ -86.418613, 35.675103 ], [ -86.418792, 35.674375 ], [ -86.41882, 35.674259 ], [ -86.418925, 35.673829 ], [ -86.419325, 35.672194 ], [ -86.419459, 35.671649 ], [ -86.419535, 35.67136 ], [ -86.419749, 35.670554 ], [ -86.419763, 35.670495 ], [ -86.419837, 35.670206 ], [ -86.419917, 35.669888 ], [ -86.420159, 35.668935 ], [ -86.420192, 35.668806 ], [ -86.42024, 35.668618 ], [ -86.420374, 35.668087 ], [ -86.420778, 35.666494 ], [ -86.420795, 35.66643 ], [ -86.42091, 35.665963 ], [ -86.420984, 35.665665 ], [ -86.421005, 35.665582 ], [ -86.421308, 35.664446 ], [ -86.42141, 35.664068 ], [ -86.421696, 35.66282 ], [ -86.421718, 35.662729 ], [ -86.422021, 35.661523 ], [ -86.422408, 35.660013 ], [ -86.422635, 35.659097 ], [ -86.422944, 35.657856 ], [ -86.42318, 35.656938 ], [ -86.423184, 35.656918 ], [ -86.423887, 35.654102 ], [ -86.423944, 35.653875 ], [ -86.424104, 35.65316 ], [ -86.424111, 35.653123 ], [ -86.424136, 35.653012 ], [ -86.424145, 35.652976 ], [ -86.424415, 35.652858 ], [ -86.425145, 35.652543 ], [ -86.427146, 35.651555 ], [ -86.428523, 35.650839 ], [ -86.428898, 35.650645 ], [ -86.430247, 35.649736 ], [ -86.431136, 35.648685 ], [ -86.431486, 35.647916 ], [ -86.432679, 35.646908 ], [ -86.434289, 35.646229 ], [ -86.436629, 35.64552 ], [ -86.438418, 35.645231 ], [ -86.439123, 35.645426 ], [ -86.440223, 35.645611 ], [ -86.440274, 35.645618 ], [ -86.441362, 35.64578 ], [ -86.442338, 35.646229 ], [ -86.443333, 35.646243 ], [ -86.444741, 35.646177 ], [ -86.444839, 35.645651 ], [ -86.444952, 35.645055 ], [ -86.445069, 35.644063 ], [ -86.445112, 35.643707 ], [ -86.445134, 35.643532 ], [ -86.445905, 35.643601 ], [ -86.445995, 35.643609 ], [ -86.446792, 35.643688 ], [ -86.44778, 35.643775 ], [ -86.448219, 35.643821 ], [ -86.44899, 35.643902 ], [ -86.449775, 35.643984 ], [ -86.452133, 35.644233 ], [ -86.452919, 35.644316 ], [ -86.453009, 35.644325 ], [ -86.453343, 35.644358 ], [ -86.454028, 35.644428 ], [ -86.454614, 35.644497 ], [ -86.455038, 35.644548 ], [ -86.455092, 35.644142 ], [ -86.455258, 35.642924 ], [ -86.455313, 35.642519 ], [ -86.455473, 35.641353 ], [ -86.455954, 35.637858 ], [ -86.456052, 35.637154 ], [ -86.456416, 35.637194 ], [ -86.456514, 35.637207 ], [ -86.457647, 35.637335 ], [ -86.461047, 35.637721 ], [ -86.462181, 35.63785 ], [ -86.462176, 35.637885 ], [ -86.462163, 35.63799 ], [ -86.46216, 35.638026 ], [ -86.461991, 35.639455 ], [ -86.461775, 35.641288 ], [ -86.46158, 35.643153 ], [ -86.461501, 35.643731 ], [ -86.461499, 35.643744 ], [ -86.461449, 35.644318 ], [ -86.461374, 35.644934 ], [ -86.461353, 35.645176 ], [ -86.462029, 35.645247 ], [ -86.46305, 35.645355 ], [ -86.46406, 35.645445 ], [ -86.464738, 35.645506 ], [ -86.466105, 35.645641 ], [ -86.47011, 35.646038 ], [ -86.470206, 35.646046 ], [ -86.471575, 35.646169 ], [ -86.471624, 35.646173 ], [ -86.471901, 35.646198 ], [ -86.472879, 35.646289 ], [ -86.473189, 35.646319 ], [ -86.473206, 35.646321 ], [ -86.472833, 35.649124 ], [ -86.472088, 35.654732 ], [ -86.474894, 35.655067 ], [ -86.477702, 35.655404 ], [ -86.479028, 35.65554 ], [ -86.483008, 35.655949 ], [ -86.483695, 35.65602 ], [ -86.484336, 35.656083 ], [ -86.485449, 35.656221 ], [ -86.485766, 35.656256 ], [ -86.487017, 35.656396 ], [ -86.487815, 35.656472 ], [ -86.487975, 35.656495 ], [ -86.488085, 35.656529 ], [ -86.488155, 35.65657 ], [ -86.488185, 35.656604 ], [ -86.488194, 35.656614 ], [ -86.488214, 35.656696 ], [ -86.488207, 35.65683 ], [ -86.488089, 35.657427 ], [ -86.488082, 35.657504 ], [ -86.488094, 35.657574 ], [ -86.488118, 35.657615 ], [ -86.488181, 35.657668 ], [ -86.488261, 35.65769 ], [ -86.488394, 35.657708 ], [ -86.488916, 35.657733 ], [ -86.489326, 35.657754 ], [ -86.490354, 35.657833 ], [ -86.490379, 35.657835 ], [ -86.491006, 35.657878 ], [ -86.492602, 35.657989 ], [ -86.492963, 35.658025 ], [ -86.493145, 35.658044 ], [ -86.493461, 35.658074 ], [ -86.493612, 35.658044 ], [ -86.494006, 35.658048 ], [ -86.493814, 35.65956 ], [ -86.493652, 35.660847 ], [ -86.498087, 35.66131 ], [ -86.499407, 35.661449 ], [ -86.499797, 35.66149 ], [ -86.499773, 35.661688 ], [ -86.499761, 35.661803 ], [ -86.499517, 35.663944 ], [ -86.499448, 35.664556 ], [ -86.499992, 35.664573 ], [ -86.501899, 35.664993 ], [ -86.501608, 35.667149 ], [ -86.50312, 35.667339 ], [ -86.505373, 35.667624 ], [ -86.50537, 35.667644 ], [ -86.505363, 35.667706 ], [ -86.505361, 35.667727 ], [ -86.505296, 35.668276 ], [ -86.50525, 35.668571 ], [ -86.50518, 35.669019 ], [ -86.505079, 35.669667 ], [ -86.505041, 35.669892 ], [ -86.505002, 35.670127 ], [ -86.504966, 35.670383 ], [ -86.504939, 35.670504 ], [ -86.50489, 35.670667 ], [ -86.504837, 35.670804 ], [ -86.506828, 35.671177 ], [ -86.508304, 35.671289 ], [ -86.5084, 35.671293 ], [ -86.50875, 35.671306 ], [ -86.509319, 35.671348 ], [ -86.509482, 35.67136 ], [ -86.50936, 35.672212 ], [ -86.508994, 35.67477 ], [ -86.508931, 35.675214 ], [ -86.508926, 35.675295 ], [ -86.508868, 35.675474 ], [ -86.5088, 35.675586 ], [ -86.508794, 35.675598 ], [ -86.511671, 35.675951 ], [ -86.513157, 35.676134 ], [ -86.513155, 35.676158 ], [ -86.513078, 35.676998 ], [ -86.519366, 35.677742 ], [ -86.519442, 35.677751 ], [ -86.519121, 35.680556 ], [ -86.519084, 35.680867 ], [ -86.516676, 35.680586 ], [ -86.516483, 35.682016 ], [ -86.515932, 35.68611 ], [ -86.515677, 35.686104 ], [ -86.515516, 35.688396 ], [ -86.520208, 35.688519 ], [ -86.520306, 35.687358 ], [ -86.520432, 35.685892 ], [ -86.523136, 35.686045 ], [ -86.523167, 35.686046 ], [ -86.523261, 35.686051 ], [ -86.523293, 35.686053 ], [ -86.52329, 35.686173 ], [ -86.523269, 35.686872 ], [ -86.523263, 35.68707 ], [ -86.52326, 35.687209 ], [ -86.523247, 35.68753 ], [ -86.523209, 35.688127 ], [ -86.523213, 35.688171 ], [ -86.523277, 35.688919 ], [ -86.523361, 35.689603 ], [ -86.523378, 35.689855 ], [ -86.523472, 35.689816 ], [ -86.523637, 35.689786 ], [ -86.523898, 35.689761 ], [ -86.523921, 35.689759 ], [ -86.524239, 35.689765 ], [ -86.525625, 35.689831 ], [ -86.526401, 35.689899 ], [ -86.526533, 35.689921 ], [ -86.526643, 35.689974 ], [ -86.526683, 35.690021 ], [ -86.526715, 35.690095 ], [ -86.526718, 35.690209 ], [ -86.526618, 35.691043 ], [ -86.526625, 35.691185 ], [ -86.526642, 35.691246 ], [ -86.526678, 35.691299 ], [ -86.526735, 35.691345 ], [ -86.526792, 35.691374 ], [ -86.526878, 35.69139 ], [ -86.528185, 35.691496 ], [ -86.529581, 35.691626 ], [ -86.530976, 35.691735 ], [ -86.532372, 35.691877 ], [ -86.53375, 35.692 ], [ -86.53481, 35.692076 ], [ -86.535299, 35.692114 ], [ -86.535628, 35.69215 ], [ -86.537514, 35.692235 ], [ -86.53734, 35.693266 ], [ -86.543235, 35.694207 ], [ -86.543685, 35.694278 ], [ -86.543585, 35.69486 ], [ -86.543116, 35.697617 ], [ -86.549729, 35.69804 ], [ -86.549809, 35.698045 ], [ -86.551406, 35.69815 ], [ -86.551448, 35.698153 ], [ -86.5627, 35.698892 ], [ -86.568082, 35.699244 ], [ -86.568295, 35.699246 ], [ -86.570946, 35.69924 ], [ -86.57107, 35.699241 ], [ -86.573124, 35.699264 ], [ -86.579289, 35.699333 ], [ -86.581148, 35.699354 ], [ -86.581343, 35.699377 ], [ -86.581425, 35.699386 ], [ -86.581671, 35.699416 ], [ -86.581754, 35.699426 ], [ -86.584978, 35.699801 ], [ -86.594652, 35.700928 ], [ -86.597877, 35.701304 ], [ -86.598374, 35.701358 ], [ -86.599865, 35.701523 ], [ -86.600362, 35.701578 ], [ -86.6038, 35.701778 ], [ -86.614114, 35.702378 ], [ -86.615763, 35.702473 ], [ -86.617553, 35.702578 ], [ -86.618722, 35.702638 ], [ -86.619446, 35.702676 ], [ -86.619515, 35.701079 ], [ -86.620704, 35.701036 ], [ -86.621875, 35.700995 ], [ -86.621968, 35.700991 ], [ -86.622088, 35.700987 ], [ -86.622204, 35.700984 ], [ -86.622211, 35.701028 ], [ -86.622226, 35.701121 ], [ -86.622215, 35.701154 ], [ -86.622182, 35.701256 ], [ -86.622172, 35.70129 ], [ -86.622138, 35.701392 ], [ -86.622048, 35.701951 ], [ -86.621912, 35.702808 ], [ -86.623067, 35.702825 ], [ -86.623605, 35.702833 ], [ -86.623742, 35.702829 ], [ -86.623791, 35.702827 ], [ -86.623915, 35.702823 ], [ -86.624977, 35.70279 ], [ -86.624995, 35.70279 ], [ -86.628675, 35.702502 ], [ -86.629908, 35.702406 ], [ -86.630121, 35.702389 ], [ -86.63241, 35.702239 ], [ -86.636362, 35.701982 ], [ -86.635657, 35.701715 ], [ -86.636331, 35.698985 ], [ -86.636933, 35.696551 ], [ -86.637034, 35.696115 ], [ -86.637432, 35.69442 ], [ -86.638934, 35.68803 ], [ -86.639436, 35.6859 ], [ -86.642389, 35.686235 ], [ -86.641978, 35.689037 ], [ -86.643058, 35.689158 ], [ -86.643147, 35.689168 ], [ -86.643283, 35.689183 ], [ -86.64964, 35.689895 ], [ -86.649695, 35.689902 ], [ -86.649486, 35.691238 ], [ -86.649439, 35.69154 ], [ -86.64891, 35.695 ], [ -86.64868, 35.696323 ], [ -86.648639, 35.696449 ], [ -86.648566, 35.696681 ], [ -86.648051, 35.698 ], [ -86.647927, 35.698299 ], [ -86.647557, 35.699196 ], [ -86.647434, 35.699496 ], [ -86.647421, 35.699528 ], [ -86.647378, 35.699636 ], [ -86.647293, 35.69991 ], [ -86.647284, 35.699946 ], [ -86.647236, 35.700149 ], [ -86.647147, 35.700888 ], [ -86.647067, 35.701353 ], [ -86.646988, 35.701822 ], [ -86.64698, 35.70187 ], [ -86.646914, 35.70234 ], [ -86.646696, 35.703897 ], [ -86.646624, 35.704416 ], [ -86.646539, 35.705095 ], [ -86.646396, 35.706419 ], [ -86.646292, 35.707122 ], [ -86.646287, 35.707139 ], [ -86.646108, 35.70779 ], [ -86.646105, 35.707801 ], [ -86.646036, 35.70804 ], [ -86.645831, 35.708756 ], [ -86.645763, 35.708996 ], [ -86.645447, 35.710099 ], [ -86.645422, 35.710186 ], [ -86.644894, 35.712055 ], [ -86.644589, 35.71326 ], [ -86.644497, 35.713781 ], [ -86.644282, 35.715001 ], [ -86.64398, 35.716703 ], [ -86.643912, 35.717087 ], [ -86.643806, 35.717535 ], [ -86.643684, 35.717857 ], [ -86.643461, 35.718239 ], [ -86.643151, 35.7187 ], [ -86.641627, 35.720894 ], [ -86.641437, 35.721168 ], [ -86.640549, 35.722447 ], [ -86.640458, 35.722579 ], [ -86.64059, 35.72276 ], [ -86.640804, 35.723054 ], [ -86.640823, 35.72308 ], [ -86.640892, 35.723174 ], [ -86.640933, 35.723231 ], [ -86.640976, 35.72329 ], [ -86.640987, 35.723305 ], [ -86.641091, 35.723448 ], [ -86.641119, 35.723488 ], [ -86.641188, 35.723587 ], [ -86.641397, 35.723884 ], [ -86.641467, 35.723983 ], [ -86.641564, 35.724121 ], [ -86.641592, 35.724165 ], [ -86.641706, 35.724344 ], [ -86.641839, 35.724553 ], [ -86.641949, 35.724726 ], [ -86.642069, 35.724913 ], [ -86.642258, 35.72521 ], [ -86.642271, 35.72523 ], [ -86.642408, 35.725457 ], [ -86.642496, 35.725603 ], [ -86.642631, 35.725826 ], [ -86.643127, 35.726698 ], [ -86.643486, 35.727398 ], [ -86.643657, 35.727745 ], [ -86.643687, 35.727808 ], [ -86.643729, 35.727892 ], [ -86.643748, 35.727932 ], [ -86.644007, 35.728479 ], [ -86.644019, 35.728504 ], [ -86.644086, 35.728668 ], [ -86.64432, 35.729237 ], [ -86.644384, 35.72939 ], [ -86.644399, 35.729427 ], [ -86.644503, 35.72969 ], [ -86.644817, 35.730482 ], [ -86.644922, 35.730746 ], [ -86.645375, 35.731886 ], [ -86.645487, 35.732147 ], [ -86.64568, 35.732563 ], [ -86.645938, 35.733119 ], [ -86.646082, 35.733431 ], [ -86.646616, 35.734458 ], [ -86.646883, 35.734957 ], [ -86.647349, 35.735729 ], [ -86.647355, 35.735739 ], [ -86.647971, 35.736708 ], [ -86.648645, 35.737659 ], [ -86.649357, 35.738665 ], [ -86.649546, 35.738968 ], [ -86.649708, 35.739283 ], [ -86.649719, 35.739307 ], [ -86.649766, 35.739416 ], [ -86.649786, 35.739462 ], [ -86.649878, 35.739758 ], [ -86.6499, 35.739828 ], [ -86.649915, 35.739872 ], [ -86.649918, 35.73989 ], [ -86.649948, 35.740015 ], [ -86.649951, 35.740039 ], [ -86.649995, 35.740348 ], [ -86.650013, 35.740735 ] ] ] } }
]
}
