{
"type": "FeatureCollection",
"name": "districts",
"crs": { "type": "name", "properties": { "name": "urn:ogc:def:crs:OGC:1.3:CRS84" } },
"features": [
{ "type": "Feature", "properties": { "district_num": "97" }, "geometry": { "type": "Polygon", "coordinates": [ [ [ -89.972978, 35.125053 ], [ -89.972712, 35.125411 ], [ -89.97264, 35.125509 ], [ -89.972268, 35.126048 ], [ -89.972154, 35.126199 ], [ -89.971943, 35.126506 ], [ -89.971785, 35.126738 ], [ -89.971705, 35.126883 ], [ -89.971596, 35.127058 ], [ -89.971578, 35.127088 ], [ -89.971478, 35.127265 ], [ -89.971298, 35.127626 ], [ -89.971251, 35.127735 ], [ -89.971156, 35.127958 ], [ -89.971046, 35.128222 ], [ -89.971033, 35.128263 ], [ -89.970882, 35.128759 ], [ -89.970793, 35.129219 ], [ -89.970731, 35.129543 ], [ -89.970605, 35.130512 ], [ -89.970593, 35.13061 ], [ -89.970224, 35.133236 ], [ -89.970206, 35.133417 ], [ -89.970197, 35.133507 ], [ -89.970135, 35.134134 ], [ -89.97012, 35.134292 ], [ -89.970114, 35.13435 ], [ -89.969741, 35.134459 ], [ -89.969255, 35.134561 ], [ -89.969113, 35.134572 ], [ -89.968902, 35.134576 ], [ -89.968404, 35.134565 ], [ -89.968165, 35.134621 ], [ -89.967991, 35.134712 ], [ -89.967837, 35.134839 ], [ -89.967715, 35.134976 ], [ -89.967499, 35.134902 ], [ -89.966154, 35.13444 ], [ -89.964733, 35.133896 ], [ -89.964318, 35.133737 ], [ -89.964127, 35.133664 ], [ -89.963554, 35.133446 ], [ -89.963364, 35.133374 ], [ -89.963164, 35.133831 ], [ -89.962567, 35.135202 ], [ -89.962368, 35.13566 ], [ -89.962165, 35.135606 ], [ -89.961858, 35.135517 ], [ -89.961371, 35.135377 ], [ -89.960882, 35.135227 ], [ -89.960696, 35.135165 ], [ -89.960599, 35.135133 ], [ -89.960397, 35.135036 ], [ -89.960356, 35.135011 ], [ -89.960193, 35.134911 ], [ -89.959932, 35.134697 ], [ -89.95959, 35.1344 ], [ -89.959553, 35.134368 ], [ -89.959346, 35.134219 ], [ -89.959176, 35.134113 ], [ -89.958826, 35.133942 ], [ -89.958509, 35.133832 ], [ -89.958387, 35.133801 ], [ -89.958157, 35.133745 ], [ -89.957945, 35.133713 ], [ -89.957797, 35.133699 ], [ -89.957631, 35.133685 ], [ -89.957352, 35.133674 ], [ -89.957204, 35.133669 ], [ -89.95663, 35.133646 ], [ -89.955072, 35.133587 ], [ -89.954908, 35.133581 ], [ -89.954335, 35.13356 ], [ -89.952884, 35.1335 ], [ -89.952794, 35.135603 ], [ -89.952786, 35.135706 ], [ -89.952765, 35.13605 ], [ -89.952715, 35.13623 ], [ -89.952659, 35.136354 ], [ -89.952495, 35.136615 ], [ -89.951849, 35.137653 ], [ -89.951791, 35.137799 ], [ -89.951781, 35.137955 ], [ -89.951767, 35.138212 ], [ -89.951747, 35.138897 ], [ -89.951744, 35.139 ], [ -89.951738, 35.139211 ], [ -89.951737, 35.139254 ], [ -89.95173, 35.139403 ], [ -89.951724, 35.13952 ], [ -89.951684, 35.14045 ], [ -89.951672, 35.14076 ], [ -89.951665, 35.140939 ], [ -89.951643, 35.141476 ], [ -89.951637, 35.141656 ], [ -89.951631, 35.14185 ], [ -89.951615, 35.142432 ], [ -89.951611, 35.142627 ], [ -89.951575, 35.143587 ], [ -89.951541, 35.144581 ], [ -89.951535, 35.144776 ], [ -89.951516, 35.145363 ], [ -89.951511, 35.145559 ], [ -89.951496, 35.146016 ], [ -89.951483, 35.146459 ], [ -89.951453, 35.14739 ], [ -89.951439, 35.147848 ], [ -89.951232, 35.147881 ], [ -89.950064, 35.147858 ], [ -89.949357, 35.147845 ], [ -89.948315, 35.147838 ], [ -89.946275, 35.147803 ], [ -89.945932, 35.147799 ], [ -89.945118, 35.147791 ], [ -89.944555, 35.147772 ], [ -89.944553, 35.147858 ], [ -89.944551, 35.147994 ], [ -89.944551, 35.148116 ], [ -89.94455, 35.148203 ], [ -89.944543, 35.148528 ], [ -89.944541, 35.148538 ], [ -89.944537, 35.148711 ], [ -89.944531, 35.148915 ], [ -89.944519, 35.149279 ], [ -89.944513, 35.149467 ], [ -89.944149, 35.14947 ], [ -89.943809, 35.149474 ], [ -89.943519, 35.149477 ], [ -89.941697, 35.149425 ], [ -89.940994, 35.149405 ], [ -89.940645, 35.149394 ], [ -89.939599, 35.149364 ], [ -89.939251, 35.149354 ], [ -89.939106, 35.149351 ], [ -89.938672, 35.149343 ], [ -89.938528, 35.149341 ], [ -89.937821, 35.149331 ], [ -89.937325, 35.149314 ], [ -89.935585, 35.149277 ], [ -89.934517, 35.149254 ], [ -89.934456, 35.149253 ], [ -89.934458, 35.149332 ], [ -89.934459, 35.150257 ], [ -89.934451, 35.150564 ], [ -89.934437, 35.151905 ], [ -89.934167, 35.151894 ], [ -89.93336, 35.151864 ], [ -89.933091, 35.151854 ], [ -89.932811, 35.151843 ], [ -89.931971, 35.151813 ], [ -89.931692, 35.151803 ], [ -89.93141, 35.151793 ], [ -89.931208, 35.151786 ], [ -89.930566, 35.151764 ], [ -89.930285, 35.151755 ], [ -89.929799, 35.151738 ], [ -89.929117, 35.151715 ], [ -89.928753, 35.151703 ], [ -89.928344, 35.151691 ], [ -89.927859, 35.151677 ], [ -89.927757, 35.151786 ], [ -89.927644, 35.151882 ], [ -89.927631, 35.151898 ], [ -89.927586, 35.151971 ], [ -89.927562, 35.152094 ], [ -89.927558, 35.152224 ], [ -89.927535, 35.153113 ], [ -89.927527, 35.153434 ], [ -89.927522, 35.153687 ], [ -89.927519, 35.153815 ], [ -89.927516, 35.153929 ], [ -89.927509, 35.154172 ], [ -89.927508, 35.154204 ], [ -89.927501, 35.154482 ], [ -89.927498, 35.154595 ], [ -89.927491, 35.154864 ], [ -89.927489, 35.154919 ], [ -89.927485, 35.155084 ], [ -89.927484, 35.15514 ], [ -89.927483, 35.15519 ], [ -89.927479, 35.155317 ], [ -89.927466, 35.155851 ], [ -89.927463, 35.156029 ], [ -89.927459, 35.156175 ], [ -89.927447, 35.156616 ], [ -89.927444, 35.156763 ], [ -89.927419, 35.157364 ], [ -89.927417, 35.157439 ], [ -89.927397, 35.15794 ], [ -89.927393, 35.158054 ], [ -89.92738, 35.158375 ], [ -89.927378, 35.158424 ], [ -89.927367, 35.158692 ], [ -89.927359, 35.158887 ], [ -89.927346, 35.159166 ], [ -89.927342, 35.159283 ], [ -89.927331, 35.159533 ], [ -89.927324, 35.159768 ], [ -89.927316, 35.159925 ], [ -89.927308, 35.160112 ], [ -89.927295, 35.160399 ], [ -89.927294, 35.160431 ], [ -89.927289, 35.160558 ], [ -89.927282, 35.160733 ], [ -89.927271, 35.161015 ], [ -89.927261, 35.161258 ], [ -89.927254, 35.161434 ], [ -89.927252, 35.161503 ], [ -89.927254, 35.161599 ], [ -89.927267, 35.161996 ], [ -89.927264, 35.162093 ], [ -89.927259, 35.162259 ], [ -89.927091, 35.162254 ], [ -89.926816, 35.162248 ], [ -89.926589, 35.162242 ], [ -89.926422, 35.162238 ], [ -89.926412, 35.162589 ], [ -89.926381, 35.163642 ], [ -89.926372, 35.163994 ], [ -89.926358, 35.164445 ], [ -89.926319, 35.165768 ], [ -89.926317, 35.165801 ], [ -89.926304, 35.166253 ], [ -89.926299, 35.166413 ], [ -89.926284, 35.166895 ], [ -89.92628, 35.167056 ], [ -89.926278, 35.167115 ], [ -89.926271, 35.167295 ], [ -89.92627, 35.167355 ], [ -89.926263, 35.167575 ], [ -89.926242, 35.168235 ], [ -89.926241, 35.168285 ], [ -89.926237, 35.168456 ], [ -89.926229, 35.168685 ], [ -89.926206, 35.169375 ], [ -89.926203, 35.169495 ], [ -89.92617, 35.169601 ], [ -89.926124, 35.169765 ], [ -89.926122, 35.169774 ], [ -89.92598, 35.170147 ], [ -89.925957, 35.17025 ], [ -89.925922, 35.170418 ], [ -89.925917, 35.170488 ], [ -89.925902, 35.1707 ], [ -89.925898, 35.170771 ], [ -89.925895, 35.170875 ], [ -89.925888, 35.171188 ], [ -89.925888, 35.171204 ], [ -89.925886, 35.171293 ], [ -89.925883, 35.171418 ], [ -89.925875, 35.171794 ], [ -89.925873, 35.17192 ], [ -89.925869, 35.172086 ], [ -89.925859, 35.172586 ], [ -89.925856, 35.172753 ], [ -89.925476, 35.172746 ], [ -89.924339, 35.172727 ], [ -89.92396, 35.172721 ], [ -89.923649, 35.172717 ], [ -89.923315, 35.172714 ], [ -89.922768, 35.172695 ], [ -89.922719, 35.172695 ], [ -89.922409, 35.172699 ], [ -89.922288, 35.172697 ], [ -89.922066, 35.172694 ], [ -89.921928, 35.172675 ], [ -89.921915, 35.172674 ], [ -89.921811, 35.172648 ], [ -89.9216, 35.172573 ], [ -89.921245, 35.172429 ], [ -89.920977, 35.172361 ], [ -89.920876, 35.172347 ], [ -89.92081, 35.172338 ], [ -89.919913, 35.172278 ], [ -89.91832, 35.172165 ], [ -89.917927, 35.172144 ], [ -89.916944, 35.172093 ], [ -89.916757, 35.172099 ], [ -89.916675, 35.172097 ], [ -89.916068, 35.172088 ], [ -89.915873, 35.172115 ], [ -89.91586, 35.172117 ], [ -89.915646, 35.172168 ], [ -89.915613, 35.17218 ], [ -89.915491, 35.172219 ], [ -89.91519, 35.172272 ], [ -89.915055, 35.17227 ], [ -89.914625, 35.172264 ], [ -89.913351, 35.172228 ], [ -89.912784, 35.172213 ], [ -89.912789, 35.172187 ], [ -89.91286, 35.172001 ], [ -89.913103, 35.171371 ], [ -89.913184, 35.171162 ], [ -89.913256, 35.170982 ], [ -89.913472, 35.170445 ], [ -89.913545, 35.170266 ], [ -89.913613, 35.170088 ], [ -89.91382, 35.169557 ], [ -89.91389, 35.169381 ], [ -89.913914, 35.169317 ], [ -89.913942, 35.169202 ], [ -89.913957, 35.169141 ], [ -89.913983, 35.168644 ], [ -89.913993, 35.168458 ], [ -89.914, 35.168262 ], [ -89.914024, 35.167697 ], [ -89.914026, 35.167677 ], [ -89.914046, 35.167483 ], [ -89.91405, 35.167464 ], [ -89.914091, 35.167365 ], [ -89.914195, 35.16718 ], [ -89.914195, 35.167162 ], [ -89.914203, 35.166949 ], [ -89.914206, 35.166869 ], [ -89.913648, 35.16686 ], [ -89.913637, 35.167067 ], [ -89.913125, 35.167058 ], [ -89.912968, 35.167067 ], [ -89.912458, 35.167062 ], [ -89.905874, 35.167061 ], [ -89.905868, 35.166957 ], [ -89.904807, 35.16695 ], [ -89.904635, 35.167126 ], [ -89.904219, 35.167509 ], [ -89.903814, 35.167881 ], [ -89.903127, 35.168511 ], [ -89.902529, 35.169062 ], [ -89.902486, 35.169005 ], [ -89.902449, 35.168957 ], [ -89.902421, 35.16898 ], [ -89.902366, 35.169028 ], [ -89.902272, 35.16911 ], [ -89.901929, 35.168665 ], [ -89.901707, 35.168372 ], [ -89.901186, 35.167684 ], [ -89.900122, 35.166262 ], [ -89.900034, 35.166146 ], [ -89.899298, 35.165224 ], [ -89.896668, 35.161704 ], [ -89.894495, 35.158833 ], [ -89.894312, 35.158594 ], [ -89.893914, 35.158126 ], [ -89.893479, 35.157682 ], [ -89.893069, 35.157321 ], [ -89.892787, 35.157093 ], [ -89.89226, 35.156696 ], [ -89.891176, 35.155919 ], [ -89.890951, 35.15577 ], [ -89.89083, 35.155691 ], [ -89.890527, 35.155492 ], [ -89.890257, 35.155313 ], [ -89.890188, 35.155268 ], [ -89.889808, 35.155068 ], [ -89.889436, 35.154889 ], [ -89.889065, 35.154729 ], [ -89.888382, 35.154472 ], [ -89.888333, 35.154454 ], [ -89.88799, 35.154342 ], [ -89.887727, 35.154273 ], [ -89.887655, 35.15425 ], [ -89.887442, 35.154183 ], [ -89.887371, 35.154161 ], [ -89.887326, 35.154197 ], [ -89.887248, 35.154258 ], [ -89.887227, 35.154276 ], [ -89.886987, 35.154499 ], [ -89.886853, 35.154633 ], [ -89.886779, 35.154708 ], [ -89.886694, 35.154784 ], [ -89.886682, 35.154796 ], [ -89.886662, 35.154815 ], [ -89.886389, 35.155071 ], [ -89.886141, 35.155299 ], [ -89.884794, 35.156542 ], [ -89.884471, 35.156834 ], [ -89.883911, 35.157343 ], [ -89.883752, 35.15749 ], [ -89.883249, 35.157941 ], [ -89.88239, 35.158714 ], [ -89.882311, 35.158785 ], [ -89.882232, 35.158856 ], [ -89.882098, 35.158774 ], [ -89.881819, 35.1586 ], [ -89.881091, 35.158135 ], [ -89.880965, 35.158035 ], [ -89.880505, 35.15765 ], [ -89.880272, 35.157436 ], [ -89.88014, 35.157293 ], [ -89.880043, 35.157173 ], [ -89.879913, 35.157029 ], [ -89.879891, 35.156998 ], [ -89.879874, 35.156965 ], [ -89.879835, 35.156863 ], [ -89.879802, 35.156836 ], [ -89.879765, 35.156795 ], [ -89.87975, 35.156779 ], [ -89.879593, 35.15656 ], [ -89.87955, 35.156501 ], [ -89.879538, 35.156481 ], [ -89.879494, 35.156408 ], [ -89.879453, 35.156341 ], [ -89.879433, 35.156292 ], [ -89.87942, 35.156279 ], [ -89.879249, 35.156439 ], [ -89.877979, 35.157591 ], [ -89.877375, 35.158091 ], [ -89.876782, 35.158548 ], [ -89.876078, 35.159026 ], [ -89.868129, 35.151946 ], [ -89.862871, 35.146845 ], [ -89.863192, 35.14655 ], [ -89.862176, 35.145695 ], [ -89.859699, 35.148689 ], [ -89.859536, 35.148821 ], [ -89.859377, 35.148945 ], [ -89.858976, 35.149261 ], [ -89.858779, 35.149436 ], [ -89.858714, 35.149493 ], [ -89.858593, 35.149635 ], [ -89.858556, 35.14972 ], [ -89.858557, 35.149813 ], [ -89.858616, 35.15022 ], [ -89.858675, 35.150647 ], [ -89.858678, 35.150671 ], [ -89.858861, 35.152027 ], [ -89.858874, 35.15212 ], [ -89.858922, 35.15248 ], [ -89.858945, 35.152644 ], [ -89.858997, 35.153006 ], [ -89.859013, 35.153138 ], [ -89.859035, 35.153303 ], [ -89.859062, 35.153609 ], [ -89.859039, 35.153719 ], [ -89.858978, 35.153839 ], [ -89.858898, 35.153926 ], [ -89.858802, 35.154006 ], [ -89.858649, 35.154074 ], [ -89.858934, 35.154471 ], [ -89.859058, 35.154675 ], [ -89.859317, 35.155215 ], [ -89.859465, 35.155599 ], [ -89.859499, 35.155733 ], [ -89.859581, 35.156056 ], [ -89.859623, 35.156289 ], [ -89.85965, 35.156473 ], [ -89.859661, 35.156744 ], [ -89.85967, 35.156973 ], [ -89.859663, 35.157487 ], [ -89.859658, 35.157709 ], [ -89.859643, 35.158374 ], [ -89.859639, 35.158597 ], [ -89.85963, 35.159179 ], [ -89.859615, 35.160237 ], [ -89.859601, 35.160928 ], [ -89.85959, 35.161511 ], [ -89.85959, 35.161801 ], [ -89.85959, 35.162215 ], [ -89.859644, 35.162552 ], [ -89.859672, 35.162664 ], [ -89.859687, 35.162721 ], [ -89.859714, 35.162835 ], [ -89.859739, 35.162925 ], [ -89.859765, 35.163027 ], [ -89.859833, 35.16325 ], [ -89.859944, 35.163473 ], [ -89.860141, 35.163778 ], [ -89.860246, 35.16392 ], [ -89.860356, 35.164067 ], [ -89.860434, 35.164155 ], [ -89.860526, 35.16426 ], [ -89.860658, 35.164408 ], [ -89.860893, 35.164631 ], [ -89.860966, 35.164697 ], [ -89.86115, 35.164865 ], [ -89.86148, 35.16518 ], [ -89.861388, 35.165216 ], [ -89.861335, 35.165237 ], [ -89.861302, 35.16525 ], [ -89.861266, 35.165263 ], [ -89.860844, 35.165429 ], [ -89.860087, 35.165718 ], [ -89.858418, 35.166359 ], [ -89.857313, 35.166768 ], [ -89.854858, 35.167677 ], [ -89.850332, 35.169472 ], [ -89.850215, 35.169286 ], [ -89.850074, 35.169226 ], [ -89.849914, 35.169232 ], [ -89.84978, 35.16933 ], [ -89.849573, 35.169407 ], [ -89.849479, 35.169386 ], [ -89.849452, 35.169303 ], [ -89.849506, 35.169155 ], [ -89.849486, 35.169078 ], [ -89.849419, 35.169056 ], [ -89.849278, 35.169078 ], [ -89.849145, 35.169199 ], [ -89.849058, 35.169325 ], [ -89.848984, 35.169347 ], [ -89.84885, 35.169325 ], [ -89.84878, 35.169276 ], [ -89.848623, 35.169166 ], [ -89.848563, 35.169144 ], [ -89.848462, 35.169177 ], [ -89.848382, 35.169507 ], [ -89.848342, 35.169518 ], [ -89.848215, 35.169485 ], [ -89.848148, 35.169347 ], [ -89.848095, 35.169276 ], [ -89.847994, 35.16926 ], [ -89.84774, 35.16932 ], [ -89.847666, 35.169265 ], [ -89.847713, 35.169194 ], [ -89.847733, 35.169111 ], [ -89.847706, 35.169095 ], [ -89.84772, 35.169013 ], [ -89.84778, 35.168941 ], [ -89.84788, 35.168947 ], [ -89.848121, 35.169078 ], [ -89.848221, 35.169056 ], [ -89.848248, 35.168996 ], [ -89.848208, 35.168919 ], [ -89.848221, 35.168738 ], [ -89.848241, 35.168721 ], [ -89.848302, 35.168567 ], [ -89.848275, 35.168469 ], [ -89.848188, 35.168419 ], [ -89.848047, 35.168491 ], [ -89.847867, 35.168419 ], [ -89.847773, 35.168436 ], [ -89.847606, 35.168579 ], [ -89.847512, 35.168601 ], [ -89.847419, 35.168469 ], [ -89.847305, 35.168425 ], [ -89.847251, 35.168354 ], [ -89.847278, 35.168282 ], [ -89.847345, 35.16826 ], [ -89.847639, 35.168271 ], [ -89.847793, 35.168249 ], [ -89.847887, 35.168167 ], [ -89.847893, 35.168112 ], [ -89.84786, 35.168068 ], [ -89.847679, 35.168095 ], [ -89.847626, 35.168062 ], [ -89.847619, 35.16792 ], [ -89.847893, 35.167793 ], [ -89.848007, 35.167623 ], [ -89.848174, 35.167519 ], [ -89.848181, 35.167354 ], [ -89.848127, 35.167282 ], [ -89.848043, 35.167146 ], [ -89.848013, 35.167096 ], [ -89.848033, 35.166986 ], [ -89.84796, 35.166739 ], [ -89.847945, 35.166641 ], [ -89.847926, 35.166503 ], [ -89.847939, 35.166354 ], [ -89.847945, 35.166308 ], [ -89.847966, 35.166156 ], [ -89.847879, 35.16608 ], [ -89.847845, 35.165953 ], [ -89.847919, 35.165778 ], [ -89.847906, 35.165695 ], [ -89.847758, 35.165585 ], [ -89.847685, 35.165437 ], [ -89.847745, 35.16536 ], [ -89.847879, 35.1653 ], [ -89.847932, 35.165234 ], [ -89.847584, 35.164778 ], [ -89.847497, 35.164691 ], [ -89.847787, 35.164558 ], [ -89.847969, 35.164476 ], [ -89.848663, 35.164169 ], [ -89.848956, 35.16404 ], [ -89.849253, 35.163913 ], [ -89.850148, 35.163532 ], [ -89.850246, 35.163491 ], [ -89.850452, 35.163421 ], [ -89.85041, 35.163316 ], [ -89.850393, 35.16315 ], [ -89.850394, 35.16313 ], [ -89.850452, 35.162234 ], [ -89.850472, 35.161936 ], [ -89.850243, 35.161916 ], [ -89.850105, 35.161905 ], [ -89.849736, 35.161892 ], [ -89.849556, 35.161893 ], [ -89.849327, 35.161895 ], [ -89.849002, 35.161912 ], [ -89.848909, 35.161917 ], [ -89.848705, 35.161946 ], [ -89.848612, 35.161959 ], [ -89.848529, 35.161975 ], [ -89.848345, 35.162012 ], [ -89.848207, 35.16204 ], [ -89.848039, 35.162044 ], [ -89.84795, 35.162047 ], [ -89.84782, 35.162032 ], [ -89.847718, 35.162011 ], [ -89.847525, 35.162002 ], [ -89.847375, 35.161995 ], [ -89.846981, 35.161995 ], [ -89.846948, 35.161995 ], [ -89.846756, 35.161995 ], [ -89.846758, 35.162389 ], [ -89.846757, 35.162447 ], [ -89.846757, 35.162471 ], [ -89.846755, 35.162574 ], [ -89.846752, 35.162722 ], [ -89.846749, 35.162898 ], [ -89.846747, 35.163046 ], [ -89.846744, 35.163216 ], [ -89.84674, 35.163806 ], [ -89.84674, 35.163849 ], [ -89.846725, 35.163954 ], [ -89.846696, 35.163992 ], [ -89.846608, 35.164042 ], [ -89.846551, 35.164057 ], [ -89.846455, 35.164053 ], [ -89.845979, 35.163948 ], [ -89.844946, 35.163721 ], [ -89.844676, 35.16368 ], [ -89.844546, 35.163675 ], [ -89.844185, 35.163695 ], [ -89.844061, 35.163706 ], [ -89.844005, 35.163399 ], [ -89.843955, 35.163126 ], [ -89.843885, 35.162775 ], [ -89.843877, 35.162526 ], [ -89.84388, 35.162477 ], [ -89.843896, 35.162243 ], [ -89.843904, 35.162167 ], [ -89.843917, 35.162028 ], [ -89.843933, 35.161878 ], [ -89.843928, 35.161649 ], [ -89.843921, 35.161614 ], [ -89.843896, 35.161478 ], [ -89.844104, 35.161454 ], [ -89.844731, 35.161384 ], [ -89.84494, 35.161361 ], [ -89.845267, 35.16133 ], [ -89.845594, 35.161301 ], [ -89.845833, 35.161258 ], [ -89.846208, 35.161167 ], [ -89.846236, 35.161152 ], [ -89.846442, 35.161049 ], [ -89.846524, 35.160994 ], [ -89.846581, 35.160933 ], [ -89.846643, 35.160847 ], [ -89.846686, 35.16077 ], [ -89.846734, 35.160688 ], [ -89.846788, 35.160511 ], [ -89.846798, 35.159958 ], [ -89.846804, 35.159681 ], [ -89.847566, 35.159707 ], [ -89.848702, 35.159747 ], [ -89.84976, 35.159783 ], [ -89.849853, 35.159787 ], [ -89.850616, 35.159821 ], [ -89.850618, 35.159783 ], [ -89.850624, 35.159673 ], [ -89.850627, 35.159636 ], [ -89.850635, 35.159466 ], [ -89.850662, 35.158958 ], [ -89.850671, 35.158789 ], [ -89.850676, 35.15862 ], [ -89.850695, 35.158114 ], [ -89.850702, 35.157946 ], [ -89.850712, 35.157729 ], [ -89.850739, 35.157159 ], [ -89.850751, 35.157081 ], [ -89.850785, 35.156868 ], [ -89.850425, 35.156845 ], [ -89.850251, 35.156841 ], [ -89.849675, 35.156831 ], [ -89.84865, 35.156783 ], [ -89.84856, 35.156779 ], [ -89.848117, 35.156764 ], [ -89.847436, 35.15676 ], [ -89.847199, 35.156759 ], [ -89.846607, 35.156734 ], [ -89.846215, 35.156737 ], [ -89.845614, 35.156718 ], [ -89.845403, 35.156679 ], [ -89.845283, 35.156637 ], [ -89.845127, 35.156547 ], [ -89.845111, 35.156534 ], [ -89.844852, 35.156286 ], [ -89.84475, 35.156195 ], [ -89.844573, 35.156036 ], [ -89.844433, 35.155941 ], [ -89.844321, 35.155865 ], [ -89.844065, 35.155723 ], [ -89.843916, 35.155659 ], [ -89.843868, 35.155645 ], [ -89.843697, 35.155596 ], [ -89.843371, 35.155537 ], [ -89.843247, 35.15552 ], [ -89.842413, 35.155398 ], [ -89.842378, 35.155394 ], [ -89.842145, 35.155369 ], [ -89.841878, 35.155401 ], [ -89.841672, 35.155426 ], [ -89.841503, 35.155445 ], [ -89.84107, 35.155497 ], [ -89.840996, 35.155498 ], [ -89.840826, 35.155501 ], [ -89.840859, 35.155664 ], [ -89.84092, 35.155962 ], [ -89.840959, 35.156156 ], [ -89.840993, 35.156321 ], [ -89.841016, 35.156487 ], [ -89.841025, 35.156548 ], [ -89.841014, 35.156989 ], [ -89.84101, 35.157157 ], [ -89.841006, 35.157236 ], [ -89.840997, 35.157473 ], [ -89.840995, 35.157553 ], [ -89.84099, 35.157976 ], [ -89.837112, 35.157917 ], [ -89.837111, 35.157161 ], [ -89.837111, 35.156571 ], [ -89.837112, 35.15634 ], [ -89.837113, 35.156298 ], [ -89.837117, 35.155649 ], [ -89.837119, 35.155419 ], [ -89.837121, 35.155299 ], [ -89.83712, 35.15525 ], [ -89.837114, 35.154743 ], [ -89.837112, 35.154575 ], [ -89.83711, 35.154428 ], [ -89.837106, 35.15399 ], [ -89.837105, 35.153844 ], [ -89.837105, 35.153362 ], [ -89.837105, 35.152449 ], [ -89.837105, 35.151917 ], [ -89.837106, 35.151606 ], [ -89.837024, 35.151597 ], [ -89.836943, 35.151581 ], [ -89.83685, 35.151562 ], [ -89.836595, 35.151516 ], [ -89.836379, 35.151472 ], [ -89.836189, 35.151435 ], [ -89.836, 35.151398 ], [ -89.835843, 35.151366 ], [ -89.83571, 35.15134 ], [ -89.835577, 35.151313 ], [ -89.835444, 35.151287 ], [ -89.835312, 35.15126 ], [ -89.835179, 35.151234 ], [ -89.835046, 35.151207 ], [ -89.834913, 35.151181 ], [ -89.83478, 35.151157 ], [ -89.834762, 35.151153 ], [ -89.834648, 35.151128 ], [ -89.834624, 35.151123 ], [ -89.833893, 35.150979 ], [ -89.833811, 35.150962 ], [ -89.833166, 35.150834 ], [ -89.833121, 35.150825 ], [ -89.833101, 35.150821 ], [ -89.832804, 35.150762 ], [ -89.832525, 35.150707 ], [ -89.832466, 35.150695 ], [ -89.828788, 35.149965 ], [ -89.826553, 35.149522 ], [ -89.826407, 35.149493 ], [ -89.826276, 35.149467 ], [ -89.826146, 35.149441 ], [ -89.826016, 35.149415 ], [ -89.825886, 35.14939 ], [ -89.82565, 35.149343 ], [ -89.825368, 35.149287 ], [ -89.825305, 35.149274 ], [ -89.823013, 35.148815 ], [ -89.822696, 35.148734 ], [ -89.822627, 35.148715 ], [ -89.819641, 35.148117 ], [ -89.819548, 35.148099 ], [ -89.819408, 35.148075 ], [ -89.8193, 35.148058 ], [ -89.819186, 35.148042 ], [ -89.8191, 35.148032 ], [ -89.818985, 35.148019 ], [ -89.818863, 35.148009 ], [ -89.818764, 35.148001 ], [ -89.818707, 35.147998 ], [ -89.818624, 35.147994 ], [ -89.818538, 35.14799 ], [ -89.818452, 35.147988 ], [ -89.818366, 35.147987 ], [ -89.818276, 35.147987 ], [ -89.818209, 35.147988 ], [ -89.818146, 35.147989 ], [ -89.818107, 35.14799 ], [ -89.817962, 35.147969 ], [ -89.817892, 35.147891 ], [ -89.817827, 35.147819 ], [ -89.817246, 35.147842 ], [ -89.817112, 35.147847 ], [ -89.816591, 35.147868 ], [ -89.815655, 35.147945 ], [ -89.814974, 35.148022 ], [ -89.814264, 35.148103 ], [ -89.81231, 35.148334 ], [ -89.811786, 35.148397 ], [ -89.80645, 35.14903 ], [ -89.804497, 35.149262 ], [ -89.803524, 35.149369 ], [ -89.800606, 35.149689 ], [ -89.799634, 35.149797 ], [ -89.798756, 35.149908 ], [ -89.796124, 35.150241 ], [ -89.795423, 35.15033 ], [ -89.795459, 35.149198 ], [ -89.795482, 35.148375 ], [ -89.795522, 35.146984 ], [ -89.795528, 35.146816 ], [ -89.795587, 35.144836 ], [ -89.795619, 35.143769 ], [ -89.795625, 35.143662 ], [ -89.795679, 35.142302 ], [ -89.795605, 35.142308 ], [ -89.795476, 35.142308 ], [ -89.795476, 35.142164 ], [ -89.794806, 35.142164 ], [ -89.794363, 35.142164 ], [ -89.793434, 35.142167 ], [ -89.792796, 35.142152 ], [ -89.792127, 35.142137 ], [ -89.792064, 35.142118 ], [ -89.79185, 35.142123 ], [ -89.791382, 35.142124 ], [ -89.791256, 35.142124 ], [ -89.790785, 35.14214 ], [ -89.790344, 35.142188 ], [ -89.789974, 35.142259 ], [ -89.789423, 35.142366 ], [ -89.789154, 35.142417 ], [ -89.78863, 35.142494 ], [ -89.788136, 35.142524 ], [ -89.786855, 35.142508 ], [ -89.786691, 35.142506 ], [ -89.786183, 35.142498 ], [ -89.784661, 35.142477 ], [ -89.78426, 35.142472 ], [ -89.784154, 35.142464 ], [ -89.783957, 35.142461 ], [ -89.783855, 35.14252 ], [ -89.7835, 35.14251 ], [ -89.783353, 35.142506 ], [ -89.782459, 35.142503 ], [ -89.781985, 35.1425 ], [ -89.781491, 35.142498 ], [ -89.781028, 35.142497 ], [ -89.780822, 35.142503 ], [ -89.78, 35.142525 ], [ -89.779686, 35.142531 ], [ -89.778928, 35.142546 ], [ -89.777705, 35.142538 ], [ -89.776798, 35.142522 ], [ -89.776742, 35.142521 ], [ -89.776277, 35.142519 ], [ -89.775551, 35.142517 ], [ -89.775142, 35.142539 ], [ -89.774225, 35.142572 ], [ -89.772982, 35.142619 ], [ -89.772573, 35.142604 ], [ -89.772213, 35.14257 ], [ -89.771485, 35.142471 ], [ -89.771405, 35.142461 ], [ -89.770578, 35.142342 ], [ -89.770283, 35.142299 ], [ -89.770025, 35.142262 ], [ -89.769503, 35.142207 ], [ -89.769397, 35.142201 ], [ -89.769101, 35.142187 ], [ -89.768923, 35.142175 ], [ -89.768806, 35.142168 ], [ -89.768479, 35.142167 ], [ -89.768389, 35.142166 ], [ -89.768211, 35.142166 ], [ -89.768063, 35.142187 ], [ -89.76798, 35.142217 ], [ -89.767921, 35.142268 ], [ -89.767883, 35.142355 ], [ -89.767874, 35.142662 ], [ -89.767852, 35.143416 ], [ -89.767832, 35.144397 ], [ -89.767826, 35.144816 ], [ -89.767826, 35.144877 ], [ -89.767823, 35.145018 ], [ -89.767814, 35.145535 ], [ -89.76781, 35.145764 ], [ -89.767805, 35.145991 ], [ -89.767805, 35.146024 ], [ -89.7678, 35.146267 ], [ -89.767783, 35.146991 ], [ -89.767772, 35.147359 ], [ -89.767766, 35.147583 ], [ -89.767758, 35.147815 ], [ -89.767753, 35.147992 ], [ -89.767731, 35.148912 ], [ -89.76773, 35.148963 ], [ -89.767708, 35.149458 ], [ -89.767749, 35.149561 ], [ -89.767815, 35.149625 ], [ -89.767897, 35.149661 ], [ -89.768013, 35.149683 ], [ -89.768091, 35.149685 ], [ -89.769441, 35.149726 ], [ -89.770348, 35.14974 ], [ -89.771446, 35.149759 ], [ -89.771433, 35.150307 ], [ -89.771396, 35.151952 ], [ -89.771385, 35.152501 ], [ -89.771379, 35.152802 ], [ -89.771368, 35.153517 ], [ -89.771363, 35.153707 ], [ -89.771356, 35.154009 ], [ -89.771352, 35.15416 ], [ -89.771341, 35.154612 ], [ -89.771338, 35.154764 ], [ -89.771334, 35.154974 ], [ -89.771323, 35.155607 ], [ -89.77132, 35.155819 ], [ -89.771317, 35.156041 ], [ -89.771309, 35.15671 ], [ -89.771309, 35.156787 ], [ -89.771348, 35.156928 ], [ -89.771367, 35.157003 ], [ -89.770576, 35.157236 ], [ -89.768773, 35.15777 ], [ -89.767, 35.158297 ], [ -89.765028, 35.158844 ], [ -89.763353, 35.159326 ], [ -89.762691, 35.159517 ], [ -89.762104, 35.159682 ], [ -89.761842, 35.159756 ], [ -89.761628, 35.159816 ], [ -89.761615, 35.159715 ], [ -89.761607, 35.159652 ], [ -89.761589, 35.159517 ], [ -89.761584, 35.159477 ], [ -89.761573, 35.159395 ], [ -89.761523, 35.159012 ], [ -89.761305, 35.157359 ], [ -89.760098, 35.157375 ], [ -89.759763, 35.157378 ], [ -89.759756, 35.157273 ], [ -89.75973, 35.156861 ], [ -89.759675, 35.155982 ], [ -89.759652, 35.155617 ], [ -89.759629, 35.155236 ], [ -89.759537, 35.15375 ], [ -89.759483, 35.152879 ], [ -89.75945, 35.152857 ], [ -89.759393, 35.152813 ], [ -89.759296, 35.152738 ], [ -89.758986, 35.15248 ], [ -89.758886, 35.152393 ], [ -89.758829, 35.15234 ], [ -89.758666, 35.152185 ], [ -89.758532, 35.152035 ], [ -89.758299, 35.151712 ], [ -89.758131, 35.15145 ], [ -89.758113, 35.151422 ], [ -89.757959, 35.151608 ], [ -89.757651, 35.151986 ], [ -89.756211, 35.153756 ], [ -89.755288, 35.153727 ], [ -89.755192, 35.153482 ], [ -89.743337, 35.153382 ], [ -89.743317, 35.153135 ], [ -89.743257, 35.1528 ], [ -89.74321, 35.152086 ], [ -89.743169, 35.151097 ], [ -89.743162, 35.150817 ], [ -89.743068, 35.150152 ], [ -89.743009, 35.149904 ], [ -89.742987, 35.149812 ], [ -89.742967, 35.149554 ], [ -89.743, 35.149065 ], [ -89.74302, 35.148955 ], [ -89.743013, 35.148653 ], [ -89.742939, 35.148345 ], [ -89.742939, 35.148005 ], [ -89.742832, 35.147104 ], [ -89.742831, 35.14667 ], [ -89.742757, 35.145852 ], [ -89.742623, 35.145429 ], [ -89.74263, 35.145346 ], [ -89.742623, 35.145088 ], [ -89.742576, 35.145011 ], [ -89.742583, 35.144962 ], [ -89.742543, 35.144836 ], [ -89.742469, 35.144671 ], [ -89.742382, 35.144325 ], [ -89.742187, 35.143704 ], [ -89.741765, 35.142529 ], [ -89.741591, 35.142139 ], [ -89.741464, 35.141529 ], [ -89.741377, 35.141365 ], [ -89.741296, 35.141128 ], [ -89.741216, 35.140651 ], [ -89.741182, 35.140546 ], [ -89.741135, 35.140415 ], [ -89.741075, 35.140096 ], [ -89.740961, 35.139673 ], [ -89.740733, 35.13902 ], [ -89.740318, 35.138004 ], [ -89.74011, 35.137416 ], [ -89.739963, 35.136598 ], [ -89.739874, 35.136252 ], [ -89.739587, 35.135137 ], [ -89.739145, 35.133681 ], [ -89.738984, 35.133412 ], [ -89.73873, 35.132907 ], [ -89.738676, 35.132698 ], [ -89.738643, 35.132424 ], [ -89.738562, 35.131853 ], [ -89.738509, 35.131545 ], [ -89.738267, 35.130968 ], [ -89.738254, 35.130809 ], [ -89.7382, 35.130639 ], [ -89.738234, 35.130457 ], [ -89.738314, 35.129947 ], [ -89.73832, 35.129716 ], [ -89.738333, 35.12957 ], [ -89.738483, 35.129557 ], [ -89.739119, 35.129486 ], [ -89.739471, 35.129414 ], [ -89.739709, 35.12934 ], [ -89.740025, 35.129243 ], [ -89.740394, 35.129142 ], [ -89.741577, 35.128939 ], [ -89.743828, 35.128555 ], [ -89.74463, 35.128418 ], [ -89.745206, 35.128313 ], [ -89.74541, 35.128262 ], [ -89.745568, 35.128223 ], [ -89.745935, 35.128118 ], [ -89.746021, 35.128093 ], [ -89.746225, 35.128036 ], [ -89.746249, 35.128029 ], [ -89.746425, 35.127971 ], [ -89.747213, 35.127712 ], [ -89.747704, 35.127551 ], [ -89.748091, 35.12745 ], [ -89.748372, 35.1274 ], [ -89.748571, 35.12739 ], [ -89.748704, 35.127406 ], [ -89.748867, 35.127453 ], [ -89.749548, 35.127751 ], [ -89.750174, 35.127998 ], [ -89.750198, 35.128008 ], [ -89.750559, 35.128146 ], [ -89.750946, 35.128281 ], [ -89.751159, 35.128331 ], [ -89.751561, 35.12839 ], [ -89.751825, 35.128423 ], [ -89.752143, 35.128468 ], [ -89.752421, 35.128509 ], [ -89.75289, 35.128598 ], [ -89.75305, 35.128643 ], [ -89.753077, 35.128654 ], [ -89.753312, 35.128747 ], [ -89.754745, 35.129499 ], [ -89.754887, 35.129568 ], [ -89.755026, 35.129635 ], [ -89.755232, 35.129704 ], [ -89.755393, 35.129731 ], [ -89.755575, 35.129733 ], [ -89.755603, 35.129729 ], [ -89.755763, 35.129709 ], [ -89.755849, 35.129687 ], [ -89.755983, 35.129653 ], [ -89.756282, 35.129542 ], [ -89.756351, 35.129514 ], [ -89.756774, 35.129345 ], [ -89.757612, 35.129054 ], [ -89.757716, 35.129019 ], [ -89.757809, 35.128988 ], [ -89.757854, 35.128973 ], [ -89.758362, 35.128814 ], [ -89.758435, 35.12879 ], [ -89.758498, 35.128771 ], [ -89.758656, 35.128726 ], [ -89.75873, 35.128705 ], [ -89.758797, 35.128685 ], [ -89.758843, 35.128673 ], [ -89.758878, 35.128663 ], [ -89.759, 35.128633 ], [ -89.759069, 35.128617 ], [ -89.759453, 35.128536 ], [ -89.759841, 35.128487 ], [ -89.760382, 35.12844 ], [ -89.760627, 35.128428 ], [ -89.760843, 35.128419 ], [ -89.760927, 35.12836 ], [ -89.761002, 35.128354 ], [ -89.761204, 35.128337 ], [ -89.761709, 35.128297 ], [ -89.762056, 35.128271 ], [ -89.763833, 35.12812 ], [ -89.764473, 35.128067 ], [ -89.764541, 35.128061 ], [ -89.764611, 35.128055 ], [ -89.76501, 35.128024 ], [ -89.76642, 35.127915 ], [ -89.766554, 35.127905 ], [ -89.766792, 35.127893 ], [ -89.766889, 35.127876 ], [ -89.767022, 35.127861 ], [ -89.767127, 35.127896 ], [ -89.767178, 35.127889 ], [ -89.767907, 35.127799 ], [ -89.767992, 35.127789 ], [ -89.76806, 35.127781 ], [ -89.76833, 35.127748 ], [ -89.768354, 35.127745 ], [ -89.768756, 35.127698 ], [ -89.768794, 35.127694 ], [ -89.769757, 35.127579 ], [ -89.769964, 35.127557 ], [ -89.770121, 35.127542 ], [ -89.770368, 35.127514 ], [ -89.77044, 35.127505 ], [ -89.770658, 35.12748 ], [ -89.770731, 35.127472 ], [ -89.771024, 35.127447 ], [ -89.771333, 35.127437 ], [ -89.771402, 35.127439 ], [ -89.771719, 35.127453 ], [ -89.772312, 35.127471 ], [ -89.773421, 35.127509 ], [ -89.774094, 35.127533 ], [ -89.774531, 35.127553 ], [ -89.774763, 35.127565 ], [ -89.775473, 35.127636 ], [ -89.77569, 35.12766 ], [ -89.775839, 35.127678 ], [ -89.776275, 35.127729 ], [ -89.776619, 35.127776 ], [ -89.777039, 35.127834 ], [ -89.777197, 35.127871 ], [ -89.777565, 35.127974 ], [ -89.777637, 35.127999 ], [ -89.777966, 35.128113 ], [ -89.7783, 35.128242 ], [ -89.778532, 35.128346 ], [ -89.779073, 35.128589 ], [ -89.779474, 35.128769 ], [ -89.779841, 35.128963 ], [ -89.780188, 35.129148 ], [ -89.780256, 35.129185 ], [ -89.780284, 35.129229 ], [ -89.780353, 35.129335 ], [ -89.780675, 35.129491 ], [ -89.780834, 35.129558 ], [ -89.780966, 35.129614 ], [ -89.781158, 35.129683 ], [ -89.781324, 35.129734 ], [ -89.781394, 35.129756 ], [ -89.781491, 35.129782 ], [ -89.781638, 35.129822 ], [ -89.78171, 35.129835 ], [ -89.782087, 35.129907 ], [ -89.782381, 35.129947 ], [ -89.782606, 35.129978 ], [ -89.78314, 35.130043 ], [ -89.783279, 35.13006 ], [ -89.784029, 35.130152 ], [ -89.784102, 35.130161 ], [ -89.784177, 35.13017 ], [ -89.784743, 35.130239 ], [ -89.785278, 35.130306 ], [ -89.785242, 35.130497 ], [ -89.785168, 35.130904 ], [ -89.78512, 35.131065 ], [ -89.785099, 35.131138 ], [ -89.785051, 35.131247 ], [ -89.785356, 35.131379 ], [ -89.785464, 35.131426 ], [ -89.786285, 35.131752 ], [ -89.786595, 35.131876 ], [ -89.786773, 35.131945 ], [ -89.787239, 35.132125 ], [ -89.787309, 35.132153 ], [ -89.787487, 35.132224 ], [ -89.787642, 35.132286 ], [ -89.78811, 35.132474 ], [ -89.788161, 35.132495 ], [ -89.788266, 35.132539 ], [ -89.788612, 35.13268 ], [ -89.789101, 35.132878 ], [ -89.789627, 35.133096 ], [ -89.789967, 35.133237 ], [ -89.790004, 35.133253 ], [ -89.790116, 35.133302 ], [ -89.790154, 35.133319 ], [ -89.790177, 35.133328 ], [ -89.790246, 35.133357 ], [ -89.790269, 35.133367 ], [ -89.790406, 35.133423 ], [ -89.790819, 35.133593 ], [ -89.790957, 35.13365 ], [ -89.791107, 35.133711 ], [ -89.791558, 35.133897 ], [ -89.791709, 35.133959 ], [ -89.792687, 35.134363 ], [ -89.792714, 35.134375 ], [ -89.79278, 35.134403 ], [ -89.793955, 35.134883 ], [ -89.794193, 35.134978 ], [ -89.79455, 35.135107 ], [ -89.794692, 35.135159 ], [ -89.794993, 35.135241 ], [ -89.795514, 35.135337 ], [ -89.795662, 35.135342 ], [ -89.796042, 35.135357 ], [ -89.796103, 35.135066 ], [ -89.796208, 35.134573 ], [ -89.796308, 35.134198 ], [ -89.796386, 35.133912 ], [ -89.796399, 35.133863 ], [ -89.796414, 35.133803 ], [ -89.796488, 35.133533 ], [ -89.796715, 35.132717 ], [ -89.79682, 35.132403 ], [ -89.796894, 35.132184 ], [ -89.796923, 35.132104 ], [ -89.796936, 35.132067 ], [ -89.796948, 35.132033 ], [ -89.796952, 35.132019 ], [ -89.796966, 35.13198 ], [ -89.796971, 35.131967 ], [ -89.796981, 35.131927 ], [ -89.796985, 35.131913 ], [ -89.797, 35.131848 ], [ -89.797029, 35.13166 ], [ -89.797042, 35.131617 ], [ -89.797086, 35.131419 ], [ -89.797103, 35.131336 ], [ -89.797159, 35.131082 ], [ -89.797196, 35.130938 ], [ -89.797588, 35.129464 ], [ -89.797754, 35.128842 ], [ -89.797772, 35.128779 ], [ -89.797794, 35.128703 ], [ -89.79785, 35.128493 ], [ -89.798035, 35.127815 ], [ -89.798134, 35.127446 ], [ -89.798229, 35.127098 ], [ -89.798309, 35.126799 ], [ -89.798487, 35.126138 ], [ -89.79854, 35.12594 ], [ -89.79855, 35.125903 ], [ -89.798639, 35.125607 ], [ -89.798854, 35.124805 ], [ -89.7995, 35.122399 ], [ -89.799716, 35.121598 ], [ -89.799816, 35.121228 ], [ -89.800118, 35.120119 ], [ -89.80022, 35.11975 ], [ -89.800235, 35.119695 ], [ -89.800368, 35.119181 ], [ -89.800641, 35.118127 ], [ -89.800666, 35.118031 ], [ -89.800691, 35.117935 ], [ -89.800717, 35.117839 ], [ -89.800744, 35.117742 ], [ -89.800817, 35.117475 ], [ -89.800928, 35.117072 ], [ -89.800954, 35.116977 ], [ -89.800972, 35.116909 ], [ -89.80106, 35.116924 ], [ -89.801147, 35.116938 ], [ -89.801622, 35.117019 ], [ -89.801677, 35.117029 ], [ -89.802025, 35.117079 ], [ -89.802067, 35.11709 ], [ -89.802187, 35.117136 ], [ -89.802259, 35.117178 ], [ -89.802338, 35.117244 ], [ -89.802559, 35.117245 ], [ -89.802777, 35.117278 ], [ -89.802861, 35.117301 ], [ -89.802901, 35.117316 ], [ -89.802944, 35.117313 ], [ -89.803203, 35.117268 ], [ -89.803529, 35.117192 ], [ -89.803798, 35.11713 ], [ -89.803837, 35.117114 ], [ -89.803958, 35.11701 ], [ -89.804029, 35.116968 ], [ -89.804123, 35.116934 ], [ -89.804231, 35.116895 ], [ -89.804309, 35.116861 ], [ -89.804382, 35.116821 ], [ -89.805051, 35.116546 ], [ -89.805256, 35.116478 ], [ -89.805469, 35.116432 ], [ -89.805493, 35.116428 ], [ -89.805903, 35.116362 ], [ -89.806254, 35.116329 ], [ -89.806563, 35.116317 ], [ -89.806695, 35.116308 ], [ -89.807045, 35.116272 ], [ -89.807216, 35.116233 ], [ -89.807304, 35.116228 ], [ -89.807404, 35.116234 ], [ -89.807528, 35.116196 ], [ -89.807744, 35.116159 ], [ -89.807964, 35.116141 ], [ -89.808097, 35.11614 ], [ -89.808361, 35.116163 ], [ -89.808664, 35.116213 ], [ -89.808962, 35.116281 ], [ -89.809135, 35.116308 ], [ -89.809303, 35.116354 ], [ -89.80955, 35.116431 ], [ -89.809718, 35.116476 ], [ -89.809804, 35.116494 ], [ -89.809826, 35.116496 ], [ -89.809935, 35.116507 ], [ -89.810155, 35.116522 ], [ -89.810243, 35.116532 ], [ -89.810455, 35.116583 ], [ -89.810715, 35.116625 ], [ -89.810841, 35.116657 ], [ -89.810921, 35.116688 ], [ -89.811006, 35.116708 ], [ -89.811094, 35.116713 ], [ -89.811182, 35.116703 ], [ -89.811265, 35.116682 ], [ -89.811607, 35.116755 ], [ -89.811826, 35.116781 ], [ -89.812436, 35.116866 ], [ -89.812521, 35.116885 ], [ -89.8126, 35.116912 ], [ -89.812626, 35.116941 ], [ -89.812701, 35.116979 ], [ -89.812783, 35.117006 ], [ -89.812828, 35.117017 ], [ -89.812993, 35.117061 ], [ -89.813254, 35.117098 ], [ -89.814288, 35.117289 ], [ -89.814549, 35.117327 ], [ -89.814722, 35.117359 ], [ -89.814788, 35.117367 ], [ -89.814919, 35.117384 ], [ -89.815218, 35.117447 ], [ -89.815562, 35.117513 ], [ -89.816158, 35.117644 ], [ -89.816462, 35.117691 ], [ -89.816594, 35.117693 ], [ -89.817076, 35.117748 ], [ -89.817427, 35.117778 ], [ -89.817598, 35.117796 ], [ -89.81769, 35.117806 ], [ -89.818257, 35.11788 ], [ -89.818342, 35.1179 ], [ -89.818514, 35.117932 ], [ -89.818682, 35.117992 ], [ -89.818852, 35.118031 ], [ -89.818893, 35.118045 ], [ -89.819126, 35.118147 ], [ -89.819161, 35.118156 ], [ -89.819291, 35.118189 ], [ -89.819463, 35.118233 ], [ -89.819686, 35.118265 ], [ -89.819723, 35.118271 ], [ -89.819819, 35.118284 ], [ -89.820172, 35.11831 ], [ -89.820481, 35.118311 ], [ -89.820498, 35.118311 ], [ -89.820878, 35.118322 ], [ -89.82127, 35.118375 ], [ -89.821661, 35.118455 ], [ -89.822041, 35.118532 ], [ -89.822498, 35.118673 ], [ -89.822578, 35.118698 ], [ -89.822817, 35.118791 ], [ -89.822942, 35.118827 ], [ -89.823148, 35.11887 ], [ -89.823275, 35.118901 ], [ -89.823355, 35.118931 ], [ -89.823438, 35.118955 ], [ -89.823599, 35.118996 ], [ -89.824027, 35.119105 ], [ -89.824282, 35.119165 ], [ -89.824405, 35.119204 ], [ -89.824531, 35.119236 ], [ -89.824968, 35.119309 ], [ -89.825224, 35.119352 ], [ -89.825433, 35.11937 ], [ -89.825575, 35.119382 ], [ -89.825662, 35.119393 ], [ -89.825849, 35.119406 ], [ -89.826068, 35.119426 ], [ -89.82659, 35.119495 ], [ -89.82668, 35.11951 ], [ -89.827195, 35.119596 ], [ -89.827537, 35.119669 ], [ -89.827579, 35.119681 ], [ -89.828062, 35.119858 ], [ -89.828112, 35.11988 ], [ -89.828331, 35.119902 ], [ -89.828596, 35.119921 ], [ -89.828722, 35.119953 ], [ -89.829149, 35.120045 ], [ -89.829409, 35.120088 ], [ -89.829881, 35.120183 ], [ -89.830314, 35.120254 ], [ -89.830358, 35.120266 ], [ -89.830649, 35.120346 ], [ -89.83077, 35.12039 ], [ -89.831232, 35.120513 ], [ -89.831398, 35.120563 ], [ -89.831569, 35.120594 ], [ -89.831782, 35.120641 ], [ -89.831955, 35.120669 ], [ -89.832146, 35.120704 ], [ -89.83217, 35.120709 ], [ -89.832341, 35.120748 ], [ -89.832592, 35.120814 ], [ -89.833021, 35.120899 ], [ -89.833152, 35.120913 ], [ -89.833335, 35.120948 ], [ -89.834008, 35.118735 ], [ -89.834014, 35.118594 ], [ -89.834196, 35.118614 ], [ -89.834417, 35.118636 ], [ -89.834557, 35.118651 ], [ -89.835211, 35.11871 ], [ -89.835479, 35.118744 ], [ -89.835602, 35.118759 ], [ -89.835632, 35.118763 ], [ -89.836555, 35.118882 ], [ -89.837076, 35.118952 ], [ -89.838559, 35.119165 ], [ -89.839313, 35.11927 ], [ -89.839342, 35.119047 ], [ -89.839417, 35.118496 ], [ -89.839429, 35.118386 ], [ -89.839461, 35.117958 ], [ -89.839472, 35.117591 ], [ -89.839491, 35.117115 ], [ -89.839516, 35.116495 ], [ -89.839528, 35.116233 ], [ -89.839547, 35.11569 ], [ -89.839564, 35.115215 ], [ -89.839576, 35.115003 ], [ -89.839591, 35.114761 ], [ -89.839603, 35.114367 ], [ -89.83961, 35.114155 ], [ -89.839618, 35.113942 ], [ -89.839644, 35.113304 ], [ -89.839654, 35.113092 ], [ -89.839663, 35.112879 ], [ -89.839691, 35.112241 ], [ -89.839692, 35.112229 ], [ -89.839726, 35.112031 ], [ -89.839766, 35.111849 ], [ -89.839807, 35.111736 ], [ -89.839843, 35.111642 ], [ -89.839982, 35.111382 ], [ -89.840122, 35.111185 ], [ -89.840313, 35.110978 ], [ -89.840521, 35.110753 ], [ -89.840723, 35.11054 ], [ -89.841332, 35.109903 ], [ -89.841535, 35.109691 ], [ -89.841807, 35.109393 ], [ -89.841833, 35.109354 ], [ -89.841974, 35.109156 ], [ -89.842123, 35.108846 ], [ -89.842201, 35.108579 ], [ -89.842234, 35.108336 ], [ -89.842235, 35.108095 ], [ -89.842236, 35.108016 ], [ -89.842257, 35.107646 ], [ -89.842271, 35.107515 ], [ -89.842287, 35.107088 ], [ -89.842288, 35.107078 ], [ -89.842289, 35.10706 ], [ -89.84232, 35.106451 ], [ -89.842344, 35.105783 ], [ -89.842315, 35.105415 ], [ -89.842301, 35.105226 ], [ -89.842246, 35.104953 ], [ -89.842216, 35.104868 ], [ -89.842459, 35.104823 ], [ -89.842473, 35.104821 ], [ -89.8427, 35.10479 ], [ -89.842857, 35.104777 ], [ -89.843054, 35.104774 ], [ -89.843255, 35.104787 ], [ -89.843309, 35.104791 ], [ -89.843515, 35.104819 ], [ -89.843629, 35.104839 ], [ -89.843772, 35.104872 ], [ -89.84452, 35.105046 ], [ -89.844541, 35.105049 ], [ -89.844802, 35.105086 ], [ -89.844881, 35.105094 ], [ -89.844992, 35.105106 ], [ -89.845153, 35.105113 ], [ -89.845363, 35.105101 ], [ -89.845507, 35.105094 ], [ -89.845767, 35.105055 ], [ -89.846082, 35.104981 ], [ -89.846386, 35.104875 ], [ -89.846634, 35.104774 ], [ -89.846839, 35.104691 ], [ -89.84698, 35.104641 ], [ -89.847049, 35.104618 ], [ -89.84729, 35.104551 ], [ -89.847527, 35.104508 ], [ -89.847652, 35.104489 ], [ -89.847677, 35.104487 ], [ -89.847903, 35.104474 ], [ -89.848133, 35.104474 ], [ -89.848285, 35.104475 ], [ -89.848931, 35.104491 ], [ -89.848975, 35.104492 ], [ -89.851048, 35.104544 ], [ -89.851739, 35.104562 ], [ -89.851951, 35.104564 ], [ -89.852216, 35.104561 ], [ -89.852385, 35.10456 ], [ -89.85248, 35.104554 ], [ -89.85304, 35.104483 ], [ -89.853324, 35.10446 ], [ -89.853618, 35.104456 ], [ -89.853641, 35.104457 ], [ -89.854118, 35.104487 ], [ -89.854138, 35.104886 ], [ -89.854202, 35.105132 ], [ -89.854289, 35.105339 ], [ -89.854447, 35.105596 ], [ -89.854465, 35.105617 ], [ -89.854645, 35.105823 ], [ -89.854788, 35.105947 ], [ -89.854905, 35.106049 ], [ -89.855122, 35.106186 ], [ -89.855335, 35.1063 ], [ -89.855621, 35.10641 ], [ -89.85594, 35.106489 ], [ -89.856146, 35.106519 ], [ -89.856462, 35.106538 ], [ -89.856645, 35.106529 ], [ -89.856929, 35.1065 ], [ -89.85711, 35.106473 ], [ -89.857799, 35.106371 ], [ -89.858334, 35.106292 ], [ -89.858722, 35.106248 ], [ -89.858997, 35.106217 ], [ -89.85904, 35.106013 ], [ -89.859115, 35.105854 ], [ -89.859175, 35.105667 ], [ -89.859217, 35.105532 ], [ -89.859238, 35.105412 ], [ -89.859263, 35.105271 ], [ -89.85927, 35.105024 ], [ -89.85927, 35.103801 ], [ -89.859282, 35.103649 ], [ -89.859295, 35.10349 ], [ -89.859295, 35.102907 ], [ -89.859295, 35.10214 ], [ -89.859303, 35.101858 ], [ -89.859318, 35.101861 ], [ -89.859404, 35.101877 ], [ -89.859458, 35.101887 ], [ -89.860013, 35.101985 ], [ -89.86007, 35.101996 ], [ -89.860264, 35.102031 ], [ -89.860836, 35.102137 ], [ -89.861748, 35.102287 ], [ -89.861779, 35.102292 ], [ -89.861925, 35.102356 ], [ -89.862186, 35.102431 ], [ -89.86283, 35.102551 ], [ -89.862941, 35.102572 ], [ -89.863514, 35.102698 ], [ -89.863651, 35.102727 ], [ -89.864195, 35.102814 ], [ -89.864643, 35.102907 ], [ -89.865292, 35.103036 ], [ -89.866106, 35.103225 ], [ -89.866915, 35.103426 ], [ -89.868787, 35.103828 ], [ -89.869346, 35.103929 ], [ -89.869899, 35.104047 ], [ -89.870018, 35.10407 ], [ -89.870082, 35.101909 ], [ -89.870081, 35.10183 ], [ -89.870073, 35.10146 ], [ -89.870087, 35.100928 ], [ -89.870091, 35.100738 ], [ -89.870106, 35.100167 ], [ -89.870111, 35.099978 ], [ -89.870111, 35.099927 ], [ -89.870113, 35.099776 ], [ -89.870115, 35.099726 ], [ -89.870119, 35.09948 ], [ -89.87013, 35.09892 ], [ -89.870132, 35.098743 ], [ -89.870136, 35.098498 ], [ -89.870168, 35.096649 ], [ -89.870193, 35.095251 ], [ -89.870212, 35.09375 ], [ -89.870203, 35.093613 ], [ -89.870233, 35.092346 ], [ -89.870294, 35.09168 ], [ -89.870377, 35.091194 ], [ -89.870394, 35.091117 ], [ -89.870435, 35.090944 ], [ -89.870581, 35.090441 ], [ -89.870771, 35.089937 ], [ -89.870952, 35.089518 ], [ -89.871018, 35.089382 ], [ -89.871201, 35.089078 ], [ -89.871256, 35.088976 ], [ -89.87133, 35.088841 ], [ -89.871672, 35.088341 ], [ -89.872071, 35.087831 ], [ -89.872393, 35.087484 ], [ -89.872534, 35.087332 ], [ -89.872665, 35.087203 ], [ -89.872772, 35.087098 ], [ -89.873161, 35.086759 ], [ -89.873557, 35.086442 ], [ -89.873567, 35.086435 ], [ -89.873879, 35.086219 ], [ -89.874033, 35.086111 ], [ -89.874111, 35.086058 ], [ -89.874404, 35.085873 ], [ -89.874512, 35.085812 ], [ -89.874677, 35.08572 ], [ -89.874637, 35.085758 ], [ -89.875565, 35.085412 ], [ -89.876378, 35.085151 ], [ -89.876466, 35.085117 ], [ -89.876601, 35.085071 ], [ -89.877036, 35.084937 ], [ -89.877145, 35.084908 ], [ -89.877678, 35.084764 ], [ -89.878311, 35.084638 ], [ -89.878904, 35.084552 ], [ -89.880067, 35.084444 ], [ -89.879858, 35.084391 ], [ -89.87963, 35.084318 ], [ -89.879978, 35.084296 ], [ -89.880876, 35.084276 ], [ -89.883422, 35.08422 ], [ -89.884377, 35.084378 ], [ -89.885287, 35.084529 ], [ -89.885455, 35.084527 ], [ -89.885743, 35.084525 ], [ -89.886924, 35.084518 ], [ -89.888167, 35.084447 ], [ -89.888543, 35.084447 ], [ -89.889035, 35.084411 ], [ -89.889192, 35.084399 ], [ -89.889268, 35.084393 ], [ -89.890165, 35.084335 ], [ -89.890754, 35.084305 ], [ -89.890951, 35.084306 ], [ -89.891328, 35.084341 ], [ -89.891525, 35.084375 ], [ -89.892282, 35.084555 ], [ -89.892544, 35.084614 ], [ -89.892726, 35.084656 ], [ -89.893015, 35.084691 ], [ -89.89337, 35.084693 ], [ -89.893639, 35.084662 ], [ -89.893994, 35.08462 ], [ -89.894056, 35.084613 ], [ -89.894398, 35.084603 ], [ -89.894624, 35.084631 ], [ -89.894917, 35.084715 ], [ -89.895044, 35.084766 ], [ -89.895063, 35.084774 ], [ -89.895377, 35.084899 ], [ -89.895439, 35.084946 ], [ -89.895524, 35.085022 ], [ -89.895628, 35.085115 ], [ -89.895831, 35.085354 ], [ -89.895899, 35.08546 ], [ -89.895917, 35.085487 ], [ -89.895981, 35.085635 ], [ -89.896039, 35.085769 ], [ -89.896087, 35.085911 ], [ -89.896134, 35.086095 ], [ -89.896159, 35.08619 ], [ -89.896177, 35.086423 ], [ -89.896136, 35.087551 ], [ -89.896119, 35.088038 ], [ -89.896093, 35.088666 ], [ -89.896019, 35.09055 ], [ -89.895994, 35.091179 ], [ -89.895987, 35.091357 ], [ -89.89597, 35.091893 ], [ -89.895964, 35.092072 ], [ -89.895958, 35.092238 ], [ -89.895942, 35.09274 ], [ -89.895937, 35.092907 ], [ -89.895928, 35.093089 ], [ -89.895905, 35.093638 ], [ -89.895898, 35.093821 ], [ -89.89589, 35.093995 ], [ -89.89587, 35.09452 ], [ -89.895864, 35.094695 ], [ -89.895857, 35.094859 ], [ -89.89584, 35.095352 ], [ -89.895834, 35.095517 ], [ -89.895827, 35.095683 ], [ -89.89581, 35.096184 ], [ -89.895804, 35.096351 ], [ -89.895797, 35.09652 ], [ -89.895777, 35.097027 ], [ -89.895771, 35.097197 ], [ -89.895764, 35.097349 ], [ -89.895747, 35.097806 ], [ -89.895741, 35.097959 ], [ -89.895735, 35.098114 ], [ -89.895718, 35.098579 ], [ -89.895713, 35.098735 ], [ -89.895706, 35.098887 ], [ -89.895688, 35.099344 ], [ -89.895682, 35.099497 ], [ -89.895675, 35.099641 ], [ -89.895656, 35.100075 ], [ -89.89565, 35.10022 ], [ -89.895643, 35.100367 ], [ -89.895626, 35.10081 ], [ -89.895621, 35.100958 ], [ -89.895613, 35.101121 ], [ -89.895593, 35.101612 ], [ -89.895587, 35.101776 ], [ -89.895579, 35.101946 ], [ -89.895556, 35.102456 ], [ -89.895549, 35.102627 ], [ -89.895541, 35.102798 ], [ -89.895519, 35.103314 ], [ -89.895512, 35.103486 ], [ -89.895505, 35.103632 ], [ -89.895487, 35.10407 ], [ -89.89548, 35.104216 ], [ -89.895478, 35.104264 ], [ -89.895473, 35.104409 ], [ -89.895472, 35.104458 ], [ -89.895466, 35.104585 ], [ -89.895449, 35.104969 ], [ -89.895444, 35.105097 ], [ -89.89544, 35.105171 ], [ -89.895431, 35.105395 ], [ -89.895428, 35.10547 ], [ -89.895423, 35.105693 ], [ -89.895421, 35.105846 ], [ -89.895404, 35.106363 ], [ -89.895398, 35.106558 ], [ -89.895397, 35.106587 ], [ -89.896074, 35.106604 ], [ -89.898105, 35.106658 ], [ -89.898783, 35.106676 ], [ -89.899388, 35.106691 ], [ -89.901288, 35.106737 ], [ -89.901399, 35.10674 ], [ -89.90153, 35.106746 ], [ -89.901822, 35.106751 ], [ -89.902263, 35.106763 ], [ -89.902536, 35.106771 ], [ -89.902951, 35.106783 ], [ -89.902952, 35.106752 ], [ -89.902953, 35.1067 ], [ -89.902958, 35.106451 ], [ -89.902961, 35.106369 ], [ -89.902966, 35.106211 ], [ -89.902976, 35.105956 ], [ -89.902982, 35.105737 ], [ -89.902988, 35.10558 ], [ -89.902998, 35.105352 ], [ -89.903005, 35.105133 ], [ -89.903012, 35.104915 ], [ -89.903014, 35.104842 ], [ -89.903022, 35.104626 ], [ -89.903025, 35.104554 ], [ -89.903033, 35.104309 ], [ -89.903059, 35.103574 ], [ -89.903069, 35.10333 ], [ -89.903086, 35.10281 ], [ -89.903087, 35.102766 ], [ -89.903139, 35.101308 ], [ -89.903147, 35.101074 ], [ -89.903167, 35.100511 ], [ -89.903428, 35.100515 ], [ -89.904211, 35.100529 ], [ -89.904473, 35.100534 ], [ -89.904689, 35.10054 ], [ -89.905337, 35.100558 ], [ -89.905554, 35.100564 ], [ -89.905768, 35.100571 ], [ -89.906412, 35.100592 ], [ -89.906627, 35.1006 ], [ -89.90685, 35.100602 ], [ -89.907519, 35.100608 ], [ -89.907543, 35.100609 ], [ -89.907743, 35.1006 ], [ -89.907791, 35.100593 ], [ -89.907956, 35.10054 ], [ -89.908449, 35.100385 ], [ -89.908594, 35.100342 ], [ -89.908808, 35.100279 ], [ -89.908988, 35.10028 ], [ -89.90953, 35.100285 ], [ -89.909659, 35.100287 ], [ -89.909711, 35.100288 ], [ -89.909751, 35.100079 ], [ -89.909824, 35.099898 ], [ -89.909958, 35.099673 ], [ -89.910078, 35.099447 ], [ -89.910172, 35.099332 ], [ -89.910332, 35.099025 ], [ -89.910479, 35.09869 ], [ -89.910526, 35.098596 ], [ -89.910593, 35.098415 ], [ -89.910639, 35.098345 ], [ -89.910687, 35.098272 ], [ -89.91076, 35.098113 ], [ -89.910794, 35.098091 ], [ -89.910834, 35.098014 ], [ -89.910907, 35.097932 ], [ -89.911028, 35.097696 ], [ -89.911248, 35.09735 ], [ -89.911288, 35.0973 ], [ -89.911355, 35.097179 ], [ -89.911435, 35.097053 ], [ -89.911469, 35.097037 ], [ -89.911636, 35.096718 ], [ -89.91197, 35.096152 ], [ -89.912037, 35.096065 ], [ -89.912204, 35.095752 ], [ -89.912418, 35.095581 ], [ -89.912512, 35.095477 ], [ -89.912545, 35.09546 ], [ -89.912558, 35.095428 ], [ -89.912599, 35.095411 ], [ -89.912619, 35.095367 ], [ -89.912659, 35.095351 ], [ -89.912826, 35.095186 ], [ -89.912859, 35.095175 ], [ -89.913033, 35.095016 ], [ -89.913187, 35.094917 ], [ -89.913447, 35.094834 ], [ -89.913828, 35.094835 ], [ -89.914129, 35.094906 ], [ -89.914202, 35.094884 ], [ -89.914296, 35.094774 ], [ -89.914436, 35.094522 ], [ -89.91445, 35.0945 ], [ -89.914501, 35.094522 ], [ -89.914587, 35.09456 ], [ -89.914999, 35.094743 ], [ -89.915137, 35.094805 ], [ -89.915319, 35.094885 ], [ -89.915865, 35.095128 ], [ -89.916047, 35.095209 ], [ -89.91604, 35.095362 ], [ -89.91602, 35.095825 ], [ -89.916014, 35.095979 ], [ -89.916008, 35.09614 ], [ -89.915991, 35.096627 ], [ -89.915986, 35.096789 ], [ -89.915978, 35.09702 ], [ -89.915958, 35.097716 ], [ -89.915952, 35.097948 ], [ -89.915945, 35.098202 ], [ -89.915929, 35.098824 ], [ -89.915924, 35.098967 ], [ -89.915917, 35.099222 ], [ -89.915911, 35.09942 ], [ -89.915898, 35.099906 ], [ -89.915895, 35.100016 ], [ -89.91589, 35.100215 ], [ -89.915884, 35.1004 ], [ -89.915869, 35.100958 ], [ -89.915864, 35.101145 ], [ -89.915858, 35.101328 ], [ -89.915843, 35.101878 ], [ -89.915838, 35.102062 ], [ -89.916623, 35.102082 ], [ -89.91803, 35.10212 ], [ -89.918948, 35.102123 ], [ -89.918979, 35.102124 ], [ -89.919456, 35.102154 ], [ -89.919561, 35.102172 ], [ -89.919753, 35.102232 ], [ -89.919831, 35.102261 ], [ -89.9199, 35.102304 ], [ -89.919969, 35.102348 ], [ -89.920101, 35.102466 ], [ -89.920118, 35.10249 ], [ -89.920206, 35.102611 ], [ -89.920241, 35.102658 ], [ -89.920298, 35.102736 ], [ -89.920319, 35.102802 ], [ -89.920321, 35.10291 ], [ -89.920306, 35.103131 ], [ -89.920292, 35.103364 ], [ -89.920276, 35.103707 ], [ -89.920237, 35.104118 ], [ -89.920207, 35.104447 ], [ -89.920173, 35.104813 ], [ -89.920146, 35.105004 ], [ -89.9201, 35.105351 ], [ -89.920065, 35.10573 ], [ -89.920051, 35.106215 ], [ -89.920067, 35.106378 ], [ -89.920108, 35.106608 ], [ -89.92012, 35.106677 ], [ -89.920153, 35.106856 ], [ -89.920155, 35.107153 ], [ -89.920152, 35.107235 ], [ -89.920415, 35.107242 ], [ -89.920881, 35.107256 ], [ -89.921207, 35.107264 ], [ -89.921471, 35.107272 ], [ -89.92168, 35.107277 ], [ -89.922307, 35.107295 ], [ -89.922517, 35.107301 ], [ -89.922724, 35.107306 ], [ -89.923345, 35.107322 ], [ -89.923552, 35.107328 ], [ -89.923632, 35.10733 ], [ -89.923871, 35.107336 ], [ -89.923952, 35.107339 ], [ -89.924122, 35.107344 ], [ -89.924306, 35.10735 ], [ -89.924405, 35.107353 ], [ -89.925773, 35.107383 ], [ -89.926229, 35.107393 ], [ -89.926228, 35.107461 ], [ -89.926222, 35.107857 ], [ -89.926205, 35.109249 ], [ -89.9262, 35.109714 ], [ -89.926171, 35.110364 ], [ -89.926085, 35.112318 ], [ -89.926057, 35.112969 ], [ -89.926033, 35.113521 ], [ -89.926002, 35.114274 ], [ -89.925975, 35.114921 ], [ -89.925975, 35.115178 ], [ -89.925976, 35.115305 ], [ -89.926012, 35.11573 ], [ -89.92601, 35.115771 ], [ -89.926005, 35.115895 ], [ -89.926004, 35.115937 ], [ -89.926002, 35.115971 ], [ -89.926, 35.116074 ], [ -89.925999, 35.116109 ], [ -89.925997, 35.116192 ], [ -89.925994, 35.116445 ], [ -89.925993, 35.116529 ], [ -89.925979, 35.117013 ], [ -89.92597, 35.117359 ], [ -89.925939, 35.118465 ], [ -89.925926, 35.11895 ], [ -89.925921, 35.119102 ], [ -89.92591, 35.119561 ], [ -89.925907, 35.119715 ], [ -89.9259, 35.119881 ], [ -89.9259, 35.119906 ], [ -89.925895, 35.120113 ], [ -89.925885, 35.120383 ], [ -89.92588, 35.12055 ], [ -89.925877, 35.120602 ], [ -89.925872, 35.120759 ], [ -89.925871, 35.120812 ], [ -89.925864, 35.121 ], [ -89.925847, 35.121565 ], [ -89.925842, 35.121754 ], [ -89.925838, 35.121826 ], [ -89.92583, 35.122045 ], [ -89.925828, 35.122118 ], [ -89.925824, 35.122223 ], [ -89.925816, 35.122538 ], [ -89.925814, 35.122644 ], [ -89.925806, 35.122854 ], [ -89.925795, 35.123184 ], [ -89.925789, 35.12326 ], [ -89.925778, 35.123484 ], [ -89.925768, 35.123695 ], [ -89.925927, 35.123728 ], [ -89.926182, 35.123783 ], [ -89.926407, 35.12383 ], [ -89.928294, 35.124227 ], [ -89.928324, 35.124233 ], [ -89.928964, 35.124368 ], [ -89.929257, 35.124429 ], [ -89.929635, 35.124507 ], [ -89.930137, 35.124612 ], [ -89.930431, 35.124674 ], [ -89.930971, 35.124788 ], [ -89.931214, 35.124839 ], [ -89.931714, 35.124944 ], [ -89.93334, 35.125288 ], [ -89.933563, 35.125335 ], [ -89.933622, 35.125348 ], [ -89.933783, 35.125382 ], [ -89.934347, 35.125501 ], [ -89.934451, 35.125522 ], [ -89.934512, 35.125534 ], [ -89.934733, 35.125581 ], [ -89.935007, 35.125639 ], [ -89.935173, 35.125674 ], [ -89.935357, 35.125712 ], [ -89.935595, 35.125762 ], [ -89.935969, 35.125841 ], [ -89.936192, 35.125888 ], [ -89.936861, 35.126027 ], [ -89.937284, 35.126116 ], [ -89.937408, 35.126142 ], [ -89.937566, 35.126175 ], [ -89.938415, 35.126352 ], [ -89.938698, 35.126411 ], [ -89.938916, 35.126457 ], [ -89.939573, 35.126595 ], [ -89.939624, 35.126606 ], [ -89.939792, 35.126641 ], [ -89.940238, 35.126735 ], [ -89.941109, 35.126921 ], [ -89.94135, 35.126973 ], [ -89.941576, 35.127021 ], [ -89.942022, 35.127117 ], [ -89.942373, 35.127188 ], [ -89.942465, 35.127207 ], [ -89.943074, 35.127333 ], [ -89.943426, 35.127406 ], [ -89.943777, 35.127479 ], [ -89.944065, 35.12754 ], [ -89.944599, 35.127655 ], [ -89.94464, 35.127664 ], [ -89.94493, 35.127726 ], [ -89.945132, 35.12777 ], [ -89.945219, 35.12779 ], [ -89.945231, 35.127511 ], [ -89.945269, 35.126677 ], [ -89.945282, 35.126399 ], [ -89.945289, 35.126216 ], [ -89.945303, 35.12588 ], [ -89.945312, 35.125667 ], [ -89.94532, 35.125485 ], [ -89.945325, 35.125344 ], [ -89.945334, 35.125142 ], [ -89.945341, 35.124923 ], [ -89.945347, 35.124783 ], [ -89.94535, 35.124712 ], [ -89.945358, 35.124501 ], [ -89.945362, 35.124431 ], [ -89.945372, 35.124184 ], [ -89.945387, 35.12383 ], [ -89.945402, 35.123443 ], [ -89.945412, 35.123197 ], [ -89.945431, 35.122816 ], [ -89.945487, 35.121675 ], [ -89.945507, 35.121295 ], [ -89.945515, 35.121085 ], [ -89.945523, 35.120914 ], [ -89.94554, 35.120455 ], [ -89.945548, 35.120245 ], [ -89.945556, 35.12003 ], [ -89.945582, 35.119385 ], [ -89.945592, 35.119171 ], [ -89.945602, 35.118897 ], [ -89.945634, 35.118077 ], [ -89.945645, 35.117804 ], [ -89.945656, 35.11753 ], [ -89.945689, 35.116708 ], [ -89.945701, 35.116435 ], [ -89.945709, 35.11624 ], [ -89.945736, 35.115657 ], [ -89.945746, 35.115463 ], [ -89.945831, 35.115447 ], [ -89.946043, 35.115389 ], [ -89.94643, 35.115285 ], [ -89.946654, 35.115234 ], [ -89.946939, 35.115184 ], [ -89.946952, 35.115182 ], [ -89.947245, 35.115154 ], [ -89.947549, 35.115141 ], [ -89.947737, 35.115134 ], [ -89.948461, 35.115147 ], [ -89.948766, 35.115153 ], [ -89.949057, 35.115159 ], [ -89.94993, 35.115177 ], [ -89.950221, 35.115184 ], [ -89.950519, 35.11519 ], [ -89.951413, 35.11521 ], [ -89.951712, 35.115217 ], [ -89.952004, 35.115223 ], [ -89.952881, 35.115243 ], [ -89.953174, 35.11525 ], [ -89.953392, 35.115255 ], [ -89.954046, 35.11527 ], [ -89.954264, 35.115275 ], [ -89.954346, 35.115276 ], [ -89.954369, 35.115277 ], [ -89.954595, 35.115281 ], [ -89.954678, 35.115283 ], [ -89.95486, 35.115287 ], [ -89.955071, 35.115292 ], [ -89.956058, 35.115315 ], [ -89.956253, 35.115319 ], [ -89.956647, 35.115328 ], [ -89.956834, 35.115332 ], [ -89.957395, 35.115344 ], [ -89.957582, 35.115349 ], [ -89.957763, 35.115352 ], [ -89.958306, 35.115364 ], [ -89.958488, 35.115368 ], [ -89.958923, 35.115378 ], [ -89.960228, 35.115409 ], [ -89.960326, 35.115412 ], [ -89.960663, 35.115431 ], [ -89.960755, 35.115434 ], [ -89.961031, 35.115445 ], [ -89.961123, 35.115449 ], [ -89.961405, 35.115455 ], [ -89.961886, 35.115466 ], [ -89.962254, 35.115463 ], [ -89.962538, 35.115462 ], [ -89.962714, 35.11546 ], [ -89.963347, 35.115473 ], [ -89.965773, 35.115526 ], [ -89.966055, 35.115533 ], [ -89.966583, 35.115544 ], [ -89.966577, 35.115749 ], [ -89.96656, 35.116364 ], [ -89.966555, 35.11657 ], [ -89.966549, 35.116768 ], [ -89.966535, 35.117363 ], [ -89.966531, 35.117562 ], [ -89.966523, 35.117773 ], [ -89.966503, 35.118407 ], [ -89.966497, 35.118619 ], [ -89.966492, 35.118831 ], [ -89.966478, 35.119468 ], [ -89.966474, 35.119681 ], [ -89.966461, 35.120118 ], [ -89.966446, 35.120627 ], [ -89.966415, 35.121429 ], [ -89.966399, 35.121866 ], [ -89.96639, 35.122235 ], [ -89.966364, 35.123343 ], [ -89.966356, 35.123713 ], [ -89.966408, 35.123713 ], [ -89.966492, 35.123715 ], [ -89.966567, 35.123716 ], [ -89.96662, 35.123717 ], [ -89.966669, 35.123717 ], [ -89.966816, 35.12372 ], [ -89.966865, 35.123721 ], [ -89.966923, 35.123722 ], [ -89.9671, 35.123727 ], [ -89.967159, 35.123729 ], [ -89.967402, 35.123734 ], [ -89.968131, 35.123751 ], [ -89.968375, 35.123757 ], [ -89.968575, 35.123761 ], [ -89.969175, 35.123775 ], [ -89.969375, 35.12378 ], [ -89.969577, 35.123784 ], [ -89.970183, 35.123798 ], [ -89.970386, 35.123803 ], [ -89.970852, 35.123823 ], [ -89.971158, 35.123846 ], [ -89.971376, 35.123889 ], [ -89.971514, 35.123939 ], [ -89.971605, 35.123977 ], [ -89.971708, 35.124034 ], [ -89.971892, 35.124157 ], [ -89.972277, 35.124465 ], [ -89.972822, 35.124916 ], [ -89.972853, 35.124943 ], [ -89.972946, 35.125025 ], [ -89.972978, 35.125053 ] ] ] } },
{ "type": "Feature", "properties": { "district_num": "93" }, "geometry": { "type": "Polygon", "coordinates": [ [ [ -90.006156, 35.105952 ], [ -90.006154, 35.105978 ], [ -90.006146, 35.106185 ], [ -90.006144, 35.106255 ], [ -90.006135, 35.106465 ], [ -90.006111, 35.107095 ], [ -90.006103, 35.107306 ], [ -90.006095, 35.107524 ], [ -90.006074, 35.108179 ], [ -90.006067, 35.108398 ], [ -90.006061, 35.108515 ], [ -90.006047, 35.108866 ], [ -90.006043, 35.108984 ], [ -90.006039, 35.109073 ], [ -90.006036, 35.109157 ], [ -90.005082, 35.109128 ], [ -90.005076, 35.10927 ], [ -90.005037, 35.110218 ], [ -90.005024, 35.110534 ], [ -90.005016, 35.110726 ], [ -90.004995, 35.111302 ], [ -90.004988, 35.111495 ], [ -90.004981, 35.111684 ], [ -90.004964, 35.112252 ], [ -90.004958, 35.112442 ], [ -90.004951, 35.112638 ], [ -90.004932, 35.113229 ], [ -90.004926, 35.113426 ], [ -90.004919, 35.113616 ], [ -90.004898, 35.114186 ], [ -90.004891, 35.114376 ], [ -90.004874, 35.114725 ], [ -90.004824, 35.115774 ], [ -90.004815, 35.115966 ], [ -90.004832, 35.116123 ], [ -90.004846, 35.11616 ], [ -90.004853, 35.116178 ], [ -90.004908, 35.11626 ], [ -90.00493, 35.116294 ], [ -90.00495, 35.116321 ], [ -90.005013, 35.116405 ], [ -90.005034, 35.116433 ], [ -90.003068, 35.116391 ], [ -90.002124, 35.116377 ], [ -90.002002, 35.116378 ], [ -90.001876, 35.116378 ], [ -90.001708, 35.116379 ], [ -90.001608, 35.116377 ], [ -90.000831, 35.116365 ], [ -90.000807, 35.116364 ], [ -90.000621, 35.11636 ], [ -90.00054, 35.116358 ], [ -90.000175, 35.116349 ], [ -89.999689, 35.116337 ], [ -89.999083, 35.116321 ], [ -89.99872, 35.116312 ], [ -89.997979, 35.116293 ], [ -89.996242, 35.11625 ], [ -89.995759, 35.116238 ], [ -89.995539, 35.116232 ], [ -89.995019, 35.11622 ], [ -89.994697, 35.116212 ], [ -89.994606, 35.11621 ], [ -89.994478, 35.116207 ], [ -89.993731, 35.116191 ], [ -89.993585, 35.116187 ], [ -89.99341, 35.116184 ], [ -89.993207, 35.116178 ], [ -89.9926, 35.116163 ], [ -89.992398, 35.116158 ], [ -89.992164, 35.116151 ], [ -89.991462, 35.116132 ], [ -89.991229, 35.116126 ], [ -89.991, 35.116121 ], [ -89.990316, 35.116106 ], [ -89.990088, 35.116102 ], [ -89.989902, 35.116097 ], [ -89.989348, 35.116083 ], [ -89.989163, 35.116079 ], [ -89.98898, 35.116074 ], [ -89.988431, 35.116061 ], [ -89.988249, 35.116057 ], [ -89.988068, 35.116052 ], [ -89.987528, 35.116039 ], [ -89.987348, 35.116035 ], [ -89.987172, 35.116031 ], [ -89.986644, 35.116019 ], [ -89.986469, 35.116015 ], [ -89.985676, 35.115995 ], [ -89.984639, 35.115973 ], [ -89.984474, 35.11597 ], [ -89.984629, 35.11614 ], [ -89.984616, 35.116371 ], [ -89.984585, 35.117735 ], [ -89.984562, 35.118086 ], [ -89.984556, 35.118195 ], [ -89.984493, 35.118696 ], [ -89.984495, 35.119018 ], [ -89.984491, 35.119138 ], [ -89.98448, 35.11949 ], [ -89.984472, 35.119692 ], [ -89.984452, 35.120299 ], [ -89.984446, 35.120502 ], [ -89.984439, 35.120752 ], [ -89.984433, 35.120983 ], [ -89.984418, 35.121456 ], [ -89.984409, 35.121758 ], [ -89.984402, 35.121929 ], [ -89.984385, 35.122444 ], [ -89.98438, 35.122616 ], [ -89.984371, 35.122869 ], [ -89.984357, 35.123338 ], [ -89.984347, 35.123628 ], [ -89.984339, 35.123882 ], [ -89.984333, 35.124034 ], [ -89.984319, 35.124493 ], [ -89.984315, 35.124646 ], [ -89.984313, 35.124727 ], [ -89.984309, 35.124971 ], [ -89.984308, 35.125053 ], [ -89.984299, 35.125228 ], [ -89.984276, 35.125718 ], [ -89.984273, 35.125755 ], [ -89.984263, 35.125931 ], [ -89.98423, 35.126441 ], [ -89.984222, 35.126606 ], [ -89.984215, 35.126784 ], [ -89.98421, 35.127392 ], [ -89.984185, 35.127858 ], [ -89.984184, 35.127891 ], [ -89.984173, 35.128073 ], [ -89.984158, 35.128276 ], [ -89.98415, 35.128369 ], [ -89.984124, 35.128484 ], [ -89.984082, 35.128626 ], [ -89.98401, 35.128878 ], [ -89.983996, 35.12895 ], [ -89.983984, 35.129009 ], [ -89.983962, 35.12929 ], [ -89.983957, 35.129356 ], [ -89.983945, 35.12961 ], [ -89.983925, 35.130044 ], [ -89.983938, 35.130295 ], [ -89.983992, 35.130567 ], [ -89.984001, 35.130608 ], [ -89.984016, 35.130749 ], [ -89.984015, 35.130887 ], [ -89.984012, 35.130934 ], [ -89.984005, 35.131077 ], [ -89.984003, 35.131125 ], [ -89.983984, 35.131455 ], [ -89.983981, 35.131518 ], [ -89.983972, 35.13173 ], [ -89.983969, 35.131989 ], [ -89.983961, 35.132142 ], [ -89.983942, 35.132284 ], [ -89.983906, 35.132497 ], [ -89.983889, 35.132559 ], [ -89.983857, 35.132671 ], [ -89.983843, 35.132721 ], [ -89.983825, 35.132782 ], [ -89.983774, 35.133005 ], [ -89.983771, 35.133038 ], [ -89.983757, 35.13315 ], [ -89.983719, 35.133473 ], [ -89.983716, 35.133559 ], [ -89.983714, 35.133592 ], [ -89.983709, 35.133804 ], [ -89.983708, 35.133893 ], [ -89.983716, 35.134001 ], [ -89.983733, 35.134195 ], [ -89.983781, 35.134433 ], [ -89.98381, 35.134572 ], [ -89.98382, 35.134642 ], [ -89.983841, 35.134844 ], [ -89.983839, 35.134904 ], [ -89.983831, 35.135152 ], [ -89.983802, 35.135397 ], [ -89.983774, 35.135694 ], [ -89.98375, 35.135957 ], [ -89.984105, 35.135992 ], [ -89.985172, 35.136097 ], [ -89.985528, 35.136133 ], [ -89.985927, 35.136172 ], [ -89.987126, 35.136291 ], [ -89.987526, 35.136331 ], [ -89.987556, 35.136334 ], [ -89.987646, 35.136343 ], [ -89.987676, 35.136347 ], [ -89.987958, 35.136378 ], [ -89.98892, 35.13647 ], [ -89.989604, 35.136551 ], [ -89.9901, 35.136598 ], [ -89.99004, 35.137084 ], [ -89.990023, 35.137217 ], [ -89.989975, 35.137619 ], [ -89.98996, 35.137753 ], [ -89.989957, 35.137772 ], [ -89.98995, 35.137829 ], [ -89.989949, 35.137849 ], [ -89.989927, 35.137992 ], [ -89.989923, 35.138018 ], [ -89.989856, 35.138527 ], [ -89.989834, 35.138697 ], [ -89.989826, 35.138751 ], [ -89.989804, 35.138915 ], [ -89.989798, 35.13897 ], [ -89.989779, 35.139111 ], [ -89.989724, 35.139534 ], [ -89.989706, 35.139676 ], [ -89.989688, 35.1398 ], [ -89.989636, 35.140171 ], [ -89.989619, 35.140296 ], [ -89.989612, 35.140352 ], [ -89.98959, 35.140521 ], [ -89.989584, 35.140578 ], [ -89.989553, 35.140801 ], [ -89.989461, 35.141472 ], [ -89.989442, 35.141612 ], [ -89.989432, 35.141696 ], [ -89.988916, 35.141651 ], [ -89.988337, 35.141602 ], [ -89.98759, 35.141525 ], [ -89.98737, 35.141506 ], [ -89.986855, 35.141462 ], [ -89.98676, 35.141453 ], [ -89.986453, 35.141417 ], [ -89.986084, 35.141375 ], [ -89.985251, 35.141269 ], [ -89.985112, 35.141252 ], [ -89.984853, 35.141208 ], [ -89.984713, 35.141177 ], [ -89.984487, 35.141095 ], [ -89.983978, 35.140912 ], [ -89.983682, 35.140792 ], [ -89.983414, 35.140684 ], [ -89.983059, 35.140541 ], [ -89.982985, 35.140926 ], [ -89.982968, 35.141015 ], [ -89.982935, 35.141181 ], [ -89.982755, 35.142083 ], [ -89.982678, 35.142469 ], [ -89.982655, 35.142587 ], [ -89.982584, 35.142941 ], [ -89.982562, 35.14306 ], [ -89.982511, 35.143277 ], [ -89.982495, 35.143346 ], [ -89.982455, 35.143595 ], [ -89.982413, 35.143936 ], [ -89.982386, 35.144156 ], [ -89.982358, 35.144356 ], [ -89.982274, 35.144954 ], [ -89.982247, 35.145155 ], [ -89.982226, 35.145353 ], [ -89.982163, 35.145948 ], [ -89.982143, 35.146147 ], [ -89.982133, 35.146224 ], [ -89.982128, 35.146249 ], [ -89.982114, 35.146335 ], [ -89.982079, 35.146556 ], [ -89.982064, 35.146659 ], [ -89.982036, 35.146853 ], [ -89.981952, 35.147438 ], [ -89.981925, 35.147633 ], [ -89.981898, 35.147831 ], [ -89.98189, 35.14789 ], [ -89.981824, 35.148254 ], [ -89.981799, 35.148423 ], [ -89.98178, 35.148552 ], [ -89.98177, 35.148621 ], [ -89.981758, 35.148707 ], [ -89.981748, 35.148777 ], [ -89.981681, 35.149246 ], [ -89.98166, 35.149403 ], [ -89.981621, 35.149565 ], [ -89.981505, 35.150051 ], [ -89.981467, 35.150214 ], [ -89.981431, 35.15036 ], [ -89.981397, 35.150503 ], [ -89.98133, 35.15089 ], [ -89.981329, 35.150904 ], [ -89.981283, 35.151062 ], [ -89.981263, 35.151197 ], [ -89.981251, 35.15125 ], [ -89.981121, 35.151819 ], [ -89.981094, 35.151944 ], [ -89.981082, 35.152011 ], [ -89.98104, 35.152007 ], [ -89.980983, 35.152 ], [ -89.980949, 35.152274 ], [ -89.980931, 35.15253 ], [ -89.980964, 35.152604 ], [ -89.980952, 35.152699 ], [ -89.980807, 35.153837 ], [ -89.980792, 35.153959 ], [ -89.980764, 35.154218 ], [ -89.98086, 35.154265 ], [ -89.980928, 35.154338 ], [ -89.980998, 35.154482 ], [ -89.981025, 35.154538 ], [ -89.981229, 35.15507 ], [ -89.981412, 35.155505 ], [ -89.981555, 35.155844 ], [ -89.9817, 35.156154 ], [ -89.981764, 35.156262 ], [ -89.981809, 35.156338 ], [ -89.981878, 35.156431 ], [ -89.982102, 35.15666 ], [ -89.982212, 35.15676 ], [ -89.982442, 35.156939 ], [ -89.9828, 35.157194 ], [ -89.983167, 35.157486 ], [ -89.983279, 35.157607 ], [ -89.983321, 35.157691 ], [ -89.983345, 35.157737 ], [ -89.983408, 35.157911 ], [ -89.983467, 35.158145 ], [ -89.983483, 35.158402 ], [ -89.983472, 35.158442 ], [ -89.983454, 35.158517 ], [ -89.983448, 35.158533 ], [ -89.983388, 35.158687 ], [ -89.983502, 35.158712 ], [ -89.983553, 35.158723 ], [ -89.983571, 35.158728 ], [ -89.983741, 35.158767 ], [ -89.983842, 35.158789 ], [ -89.98405, 35.158836 ], [ -89.984216, 35.158875 ], [ -89.984207, 35.158932 ], [ -89.984203, 35.15899 ], [ -89.985109, 35.159196 ], [ -89.985714, 35.159332 ], [ -89.985843, 35.159351 ], [ -89.986044, 35.15937 ], [ -89.986479, 35.159412 ], [ -89.988316, 35.159588 ], [ -89.990708, 35.159773 ], [ -89.990929, 35.15971 ], [ -89.991009, 35.159688 ], [ -89.991038, 35.159712 ], [ -89.991077, 35.159774 ], [ -89.991112, 35.159836 ], [ -89.991202, 35.160018 ], [ -89.991245, 35.16015 ], [ -89.99127, 35.160286 ], [ -89.991277, 35.160409 ], [ -89.990933, 35.162724 ], [ -89.990887, 35.164142 ], [ -89.990862, 35.165131 ], [ -89.990855, 35.165502 ], [ -89.990843, 35.166236 ], [ -89.990834, 35.166615 ], [ -89.990827, 35.166987 ], [ -89.990825, 35.167093 ], [ -89.99082, 35.167413 ], [ -89.990819, 35.16752 ], [ -89.990818, 35.167562 ], [ -89.990816, 35.167603 ], [ -89.99081, 35.167759 ], [ -89.990791, 35.168206 ], [ -89.990781, 35.168476 ], [ -89.990772, 35.168716 ], [ -89.990767, 35.168908 ], [ -89.990752, 35.169485 ], [ -89.990748, 35.169678 ], [ -89.990736, 35.170175 ], [ -89.99073, 35.170456 ], [ -89.990725, 35.170603 ], [ -89.9907, 35.171667 ], [ -89.990691, 35.172092 ], [ -89.99069, 35.172165 ], [ -89.990686, 35.172417 ], [ -89.990683, 35.1727 ], [ -89.990671, 35.173173 ], [ -89.990665, 35.173425 ], [ -89.990557, 35.173441 ], [ -89.990233, 35.17349 ], [ -89.990126, 35.173507 ], [ -89.989891, 35.173543 ], [ -89.989208, 35.173649 ], [ -89.989186, 35.173652 ], [ -89.988952, 35.173687 ], [ -89.988719, 35.173722 ], [ -89.988019, 35.17383 ], [ -89.987787, 35.173867 ], [ -89.987562, 35.1739 ], [ -89.98689, 35.174001 ], [ -89.986666, 35.174036 ], [ -89.986463, 35.174066 ], [ -89.985855, 35.174156 ], [ -89.985735, 35.174175 ], [ -89.985653, 35.174188 ], [ -89.985627, 35.174192 ], [ -89.985551, 35.174203 ], [ -89.985526, 35.174208 ], [ -89.985342, 35.174236 ], [ -89.984793, 35.174322 ], [ -89.984611, 35.174351 ], [ -89.984558, 35.174358 ], [ -89.9844, 35.174381 ], [ -89.984348, 35.174389 ], [ -89.984203, 35.17441 ], [ -89.983769, 35.174475 ], [ -89.983625, 35.174497 ], [ -89.983575, 35.174505 ], [ -89.983424, 35.174529 ], [ -89.983375, 35.174538 ], [ -89.983217, 35.174562 ], [ -89.982745, 35.174636 ], [ -89.982588, 35.174661 ], [ -89.982552, 35.174666 ], [ -89.982443, 35.174681 ], [ -89.982408, 35.174687 ], [ -89.982262, 35.174707 ], [ -89.981823, 35.174768 ], [ -89.981678, 35.174789 ], [ -89.981641, 35.174792 ], [ -89.981529, 35.174803 ], [ -89.981493, 35.174807 ], [ -89.981373, 35.174804 ], [ -89.981013, 35.174795 ], [ -89.980894, 35.174792 ], [ -89.980672, 35.174785 ], [ -89.980009, 35.174764 ], [ -89.979788, 35.174757 ], [ -89.979621, 35.174751 ], [ -89.979121, 35.174735 ], [ -89.978955, 35.17473 ], [ -89.978718, 35.174721 ], [ -89.97801, 35.174697 ], [ -89.977774, 35.174689 ], [ -89.97754, 35.17468 ], [ -89.976841, 35.174656 ], [ -89.976608, 35.174648 ], [ -89.976373, 35.17464 ], [ -89.975669, 35.174617 ], [ -89.975537, 35.174613 ], [ -89.975435, 35.174609 ], [ -89.97538, 35.174607 ], [ -89.975193, 35.1746 ], [ -89.97447, 35.174575 ], [ -89.974229, 35.174567 ], [ -89.973995, 35.174559 ], [ -89.973296, 35.174537 ], [ -89.973063, 35.17453 ], [ -89.972827, 35.174521 ], [ -89.972122, 35.174497 ], [ -89.971887, 35.174489 ], [ -89.971673, 35.174481 ], [ -89.971032, 35.174459 ], [ -89.970819, 35.174452 ], [ -89.970657, 35.174447 ], [ -89.969724, 35.174416 ], [ -89.967751, 35.174353 ], [ -89.966439, 35.17431 ], [ -89.965582, 35.174282 ], [ -89.965345, 35.174273 ], [ -89.964955, 35.174259 ], [ -89.963786, 35.174218 ], [ -89.963397, 35.174205 ], [ -89.963172, 35.174197 ], [ -89.9625, 35.174176 ], [ -89.962351, 35.174172 ], [ -89.962277, 35.174168 ], [ -89.96222, 35.174164 ], [ -89.962078, 35.174154 ], [ -89.961488, 35.174114 ], [ -89.961283, 35.174094 ], [ -89.961092, 35.174071 ], [ -89.960519, 35.174002 ], [ -89.960329, 35.17398 ], [ -89.960137, 35.173957 ], [ -89.959565, 35.173891 ], [ -89.959374, 35.173869 ], [ -89.959189, 35.173848 ], [ -89.958635, 35.173785 ], [ -89.958451, 35.173764 ], [ -89.958403, 35.173758 ], [ -89.958365, 35.173754 ], [ -89.958267, 35.173743 ], [ -89.957715, 35.173681 ], [ -89.957532, 35.173661 ], [ -89.957346, 35.17364 ], [ -89.956789, 35.173578 ], [ -89.956604, 35.173558 ], [ -89.956417, 35.173536 ], [ -89.955858, 35.173473 ], [ -89.955672, 35.173452 ], [ -89.955484, 35.173435 ], [ -89.95529, 35.173418 ], [ -89.954922, 35.173406 ], [ -89.954735, 35.173401 ], [ -89.954547, 35.173395 ], [ -89.953983, 35.17338 ], [ -89.953796, 35.173375 ], [ -89.953605, 35.173369 ], [ -89.953032, 35.173352 ], [ -89.952842, 35.173347 ], [ -89.952647, 35.173341 ], [ -89.952062, 35.173326 ], [ -89.951868, 35.173321 ], [ -89.951674, 35.173316 ], [ -89.951095, 35.173302 ], [ -89.950902, 35.173298 ], [ -89.950707, 35.173296 ], [ -89.950124, 35.17329 ], [ -89.94993, 35.173289 ], [ -89.949555, 35.173279 ], [ -89.94843, 35.173252 ], [ -89.94812, 35.173245 ], [ -89.948056, 35.173243 ], [ -89.947832, 35.173237 ], [ -89.947752, 35.173241 ], [ -89.94759, 35.173252 ], [ -89.947367, 35.173284 ], [ -89.947171, 35.173329 ], [ -89.946863, 35.173422 ], [ -89.946573, 35.173511 ], [ -89.946078, 35.173662 ], [ -89.944595, 35.174114 ], [ -89.944101, 35.174266 ], [ -89.943789, 35.174364 ], [ -89.943742, 35.17438 ], [ -89.942853, 35.174654 ], [ -89.942541, 35.174751 ], [ -89.942291, 35.174827 ], [ -89.941541, 35.175057 ], [ -89.941292, 35.175134 ], [ -89.941133, 35.175182 ], [ -89.940657, 35.175327 ], [ -89.940499, 35.175376 ], [ -89.940409, 35.175403 ], [ -89.94014, 35.175484 ], [ -89.940051, 35.175512 ], [ -89.939984, 35.175527 ], [ -89.939867, 35.175554 ], [ -89.939783, 35.175573 ], [ -89.939717, 35.175589 ], [ -89.939381, 35.175938 ], [ -89.939112, 35.176221 ], [ -89.938372, 35.176984 ], [ -89.938348, 35.177009 ], [ -89.938023, 35.17732 ], [ -89.937945, 35.177393 ], [ -89.937712, 35.177615 ], [ -89.937635, 35.177689 ], [ -89.937573, 35.177752 ], [ -89.937389, 35.177942 ], [ -89.937328, 35.178006 ], [ -89.937103, 35.178239 ], [ -89.93643, 35.17894 ], [ -89.936206, 35.179174 ], [ -89.936091, 35.179293 ], [ -89.935878, 35.179517 ], [ -89.935751, 35.179653 ], [ -89.935639, 35.179774 ], [ -89.935377, 35.180053 ], [ -89.935001, 35.180456 ], [ -89.934615, 35.180909 ], [ -89.934445, 35.18111 ], [ -89.93437, 35.181202 ], [ -89.934285, 35.181305 ], [ -89.93424, 35.18136 ], [ -89.933908, 35.181765 ], [ -89.932522, 35.183456 ], [ -89.932275, 35.183758 ], [ -89.932152, 35.183909 ], [ -89.932135, 35.18393 ], [ -89.932061, 35.18402 ], [ -89.931992, 35.184104 ], [ -89.931834, 35.184297 ], [ -89.931425, 35.184801 ], [ -89.931155, 35.185129 ], [ -89.930929, 35.185407 ], [ -89.930784, 35.185383 ], [ -89.930711, 35.185372 ], [ -89.930347, 35.185354 ], [ -89.930201, 35.185348 ], [ -89.929846, 35.185341 ], [ -89.929738, 35.185339 ], [ -89.929228, 35.185331 ], [ -89.928541, 35.185314 ], [ -89.92835, 35.185309 ], [ -89.927888, 35.1853 ], [ -89.927524, 35.18529 ], [ -89.926433, 35.185261 ], [ -89.92607, 35.185252 ], [ -89.926023, 35.185251 ], [ -89.925865, 35.185247 ], [ -89.925814, 35.185246 ], [ -89.925218, 35.185231 ], [ -89.923433, 35.185186 ], [ -89.922838, 35.185172 ], [ -89.92245, 35.185167 ], [ -89.922242, 35.185165 ], [ -89.921287, 35.185143 ], [ -89.9209, 35.185135 ], [ -89.920695, 35.185134 ], [ -89.920081, 35.185134 ], [ -89.919975, 35.185134 ], [ -89.919919, 35.185115 ], [ -89.919889, 35.185091 ], [ -89.919868, 35.185066 ], [ -89.919837, 35.184955 ], [ -89.919808, 35.184428 ], [ -89.919777, 35.18383 ], [ -89.919708, 35.182832 ], [ -89.919624, 35.182513 ], [ -89.919624, 35.182418 ], [ -89.919625, 35.181878 ], [ -89.919589, 35.181749 ], [ -89.919144, 35.181887 ], [ -89.918859, 35.181976 ], [ -89.917812, 35.182303 ], [ -89.917775, 35.182315 ], [ -89.917639, 35.182375 ], [ -89.917508, 35.182441 ], [ -89.917428, 35.182445 ], [ -89.91738, 35.182429 ], [ -89.91735, 35.182406 ], [ -89.917301, 35.182369 ], [ -89.917277, 35.182325 ], [ -89.91726, 35.182293 ], [ -89.916444, 35.182542 ], [ -89.913998, 35.183292 ], [ -89.913743, 35.183371 ], [ -89.913558, 35.183425 ], [ -89.913427, 35.183464 ], [ -89.913182, 35.183537 ], [ -89.911069, 35.184195 ], [ -89.909889, 35.184557 ], [ -89.909279, 35.184734 ], [ -89.90918, 35.184762 ], [ -89.909081, 35.184791 ], [ -89.90905, 35.184708 ], [ -89.908944, 35.184552 ], [ -89.908693, 35.184216 ], [ -89.908659, 35.184164 ], [ -89.908606, 35.184102 ], [ -89.907094, 35.18258 ], [ -89.906886, 35.182378 ], [ -89.90684, 35.182313 ], [ -89.906786, 35.18217 ], [ -89.906676, 35.182129 ], [ -89.906602, 35.182085 ], [ -89.906569, 35.182058 ], [ -89.906427, 35.18191 ], [ -89.906024, 35.181451 ], [ -89.905989, 35.181411 ], [ -89.905842, 35.181267 ], [ -89.905763, 35.181173 ], [ -89.905626, 35.180978 ], [ -89.905526, 35.180809 ], [ -89.905482, 35.180743 ], [ -89.905348, 35.180591 ], [ -89.905269, 35.180456 ], [ -89.90349, 35.177868 ], [ -89.903318, 35.177646 ], [ -89.903187, 35.177489 ], [ -89.902507, 35.176991 ], [ -89.901806, 35.176465 ], [ -89.901663, 35.176362 ], [ -89.901609, 35.176317 ], [ -89.901588, 35.176292 ], [ -89.901554, 35.176235 ], [ -89.901509, 35.176219 ], [ -89.901444, 35.176185 ], [ -89.901333, 35.1761 ], [ -89.901227, 35.176011 ], [ -89.900696, 35.175423 ], [ -89.900662, 35.175382 ], [ -89.899021, 35.173451 ], [ -89.898562, 35.17291 ], [ -89.898518, 35.172859 ], [ -89.898475, 35.172807 ], [ -89.898445, 35.172845 ], [ -89.898339, 35.172993 ], [ -89.89811, 35.173311 ], [ -89.898094, 35.173334 ], [ -89.897812, 35.17377 ], [ -89.897667, 35.174015 ], [ -89.897664, 35.174172 ], [ -89.897494, 35.174487 ], [ -89.897227, 35.175059 ], [ -89.897143, 35.175271 ], [ -89.897024, 35.175589 ], [ -89.896996, 35.175667 ], [ -89.896874, 35.175639 ], [ -89.896793, 35.175622 ], [ -89.895982, 35.175414 ], [ -89.895623, 35.17533 ], [ -89.893814, 35.174907 ], [ -89.893093, 35.174738 ], [ -89.891553, 35.174377 ], [ -89.891495, 35.174365 ], [ -89.891021, 35.174269 ], [ -89.890751, 35.174233 ], [ -89.890437, 35.174209 ], [ -89.890262, 35.174197 ], [ -89.890096, 35.174185 ], [ -89.889917, 35.174187 ], [ -89.889827, 35.174222 ], [ -89.889648, 35.174209 ], [ -89.889161, 35.174174 ], [ -89.888286, 35.174112 ], [ -89.887833, 35.174081 ], [ -89.887835, 35.174022 ], [ -89.887857, 35.173453 ], [ -89.887858, 35.173411 ], [ -89.887883, 35.172629 ], [ -89.887897, 35.172268 ], [ -89.887899, 35.17192 ], [ -89.887881, 35.171793 ], [ -89.887825, 35.171621 ], [ -89.887731, 35.171471 ], [ -89.887709, 35.171448 ], [ -89.887592, 35.171326 ], [ -89.887318, 35.171104 ], [ -89.887225, 35.170989 ], [ -89.886201, 35.170945 ], [ -89.884775, 35.170907 ], [ -89.883113, 35.170809 ], [ -89.883083, 35.170808 ], [ -89.882084, 35.1708 ], [ -89.8819, 35.170791 ], [ -89.88176, 35.170771 ], [ -89.881694, 35.170762 ], [ -89.881616, 35.170746 ], [ -89.880789, 35.170714 ], [ -89.880753, 35.170713 ], [ -89.880568, 35.170688 ], [ -89.880473, 35.170653 ], [ -89.880497, 35.170527 ], [ -89.88047, 35.170217 ], [ -89.880427, 35.170023 ], [ -89.880317, 35.169676 ], [ -89.880204, 35.169415 ], [ -89.879965, 35.169023 ], [ -89.878531, 35.166964 ], [ -89.878463, 35.166868 ], [ -89.878422, 35.166909 ], [ -89.878262, 35.167008 ], [ -89.877994, 35.167084 ], [ -89.877807, 35.16715 ], [ -89.87778, 35.167178 ], [ -89.877713, 35.1672 ], [ -89.877486, 35.167348 ], [ -89.877312, 35.167485 ], [ -89.877024, 35.167578 ], [ -89.875084, 35.168426 ], [ -89.874895, 35.168534 ], [ -89.874688, 35.168562 ], [ -89.87438, 35.168578 ], [ -89.873772, 35.168425 ], [ -89.873049, 35.168112 ], [ -89.872755, 35.167909 ], [ -89.87264, 35.167855 ], [ -89.872447, 35.167766 ], [ -89.872213, 35.16769 ], [ -89.872025, 35.167684 ], [ -89.87137, 35.167888 ], [ -89.871269, 35.167923 ], [ -89.871169, 35.167959 ], [ -89.869772, 35.168723 ], [ -89.869511, 35.168784 ], [ -89.868401, 35.168856 ], [ -89.867605, 35.168977 ], [ -89.867399, 35.16904 ], [ -89.867191, 35.169104 ], [ -89.865817, 35.169529 ], [ -89.865487, 35.16963 ], [ -89.864499, 35.169935 ], [ -89.86417, 35.170037 ], [ -89.863626, 35.170204 ], [ -89.86267, 35.170545 ], [ -89.862372, 35.170634 ], [ -89.861888, 35.170781 ], [ -89.861613, 35.170869 ], [ -89.860162, 35.17126 ], [ -89.85948, 35.171507 ], [ -89.859106, 35.171623 ], [ -89.85841, 35.171799 ], [ -89.858216, 35.171837 ], [ -89.857347, 35.171948 ], [ -89.856871, 35.171994 ], [ -89.855367, 35.172141 ], [ -89.855062, 35.172162 ], [ -89.85509, 35.171265 ], [ -89.855113, 35.170561 ], [ -89.85512, 35.170435 ], [ -89.855141, 35.170296 ], [ -89.8552, 35.170122 ], [ -89.855306, 35.16991 ], [ -89.855419, 35.169743 ], [ -89.855591, 35.169556 ], [ -89.855846, 35.169352 ], [ -89.856019, 35.169249 ], [ -89.856211, 35.169159 ], [ -89.856163, 35.16907 ], [ -89.855889, 35.169185 ], [ -89.855616, 35.169347 ], [ -89.855466, 35.169474 ], [ -89.855312, 35.169644 ], [ -89.85524, 35.169761 ], [ -89.85518, 35.169858 ], [ -89.855169, 35.169883 ], [ -89.855146, 35.169937 ], [ -89.855084, 35.170147 ], [ -89.855066, 35.170293 ], [ -89.855049, 35.170434 ], [ -89.855043, 35.170567 ], [ -89.855026, 35.170969 ], [ -89.855021, 35.171103 ], [ -89.855013, 35.171315 ], [ -89.854991, 35.171954 ], [ -89.854985, 35.172167 ], [ -89.854878, 35.172174 ], [ -89.853798, 35.172262 ], [ -89.850919, 35.172499 ], [ -89.850698, 35.172554 ], [ -89.850245, 35.172587 ], [ -89.849501, 35.172642 ], [ -89.849059, 35.172681 ], [ -89.848966, 35.172709 ], [ -89.848484, 35.172736 ], [ -89.848344, 35.172764 ], [ -89.848016, 35.17278 ], [ -89.847624, 35.172784 ], [ -89.84621, 35.172803 ], [ -89.846029, 35.172819 ], [ -89.845782, 35.172918 ], [ -89.845401, 35.173001 ], [ -89.844531, 35.173276 ], [ -89.843909, 35.173457 ], [ -89.843494, 35.173638 ], [ -89.843439, 35.17367 ], [ -89.843347, 35.173726 ], [ -89.843234, 35.173902 ], [ -89.842652, 35.174237 ], [ -89.84233, 35.174512 ], [ -89.842302, 35.174525 ], [ -89.842297, 35.17454 ], [ -89.842023, 35.174847 ], [ -89.84193, 35.175067 ], [ -89.841756, 35.1756 ], [ -89.841629, 35.175841 ], [ -89.841489, 35.176413 ], [ -89.841424, 35.176805 ], [ -89.841402, 35.17694 ], [ -89.841322, 35.177127 ], [ -89.841215, 35.177445 ], [ -89.841192, 35.177638 ], [ -89.840192, 35.177692 ], [ -89.839636, 35.177798 ], [ -89.839132, 35.17793 ], [ -89.838603, 35.178116 ], [ -89.83806, 35.178341 ], [ -89.83749, 35.1785 ], [ -89.837013, 35.178579 ], [ -89.836274, 35.17858 ], [ -89.836286, 35.178262 ], [ -89.836294, 35.178062 ], [ -89.836304, 35.177792 ], [ -89.83632, 35.177338 ], [ -89.836327, 35.177152 ], [ -89.836347, 35.176779 ], [ -89.836362, 35.176494 ], [ -89.836379, 35.176186 ], [ -89.836424, 35.17534 ], [ -89.836429, 35.175253 ], [ -89.836436, 35.175116 ], [ -89.836433, 35.175101 ], [ -89.836479, 35.174407 ], [ -89.836483, 35.174351 ], [ -89.836494, 35.174175 ], [ -89.836496, 35.174042 ], [ -89.8365, 35.173712 ], [ -89.8365, 35.173642 ], [ -89.836502, 35.17351 ], [ -89.83653, 35.173091 ], [ -89.836617, 35.171835 ], [ -89.836639, 35.171531 ], [ -89.836646, 35.171418 ], [ -89.836377, 35.171428 ], [ -89.835715, 35.171453 ], [ -89.835572, 35.171464 ], [ -89.835521, 35.171469 ], [ -89.835306, 35.171501 ], [ -89.834914, 35.171603 ], [ -89.834646, 35.171703 ], [ -89.83456, 35.171742 ], [ -89.834422, 35.171808 ], [ -89.834099, 35.171999 ], [ -89.833798, 35.172183 ], [ -89.83353, 35.172308 ], [ -89.833311, 35.17239 ], [ -89.833177, 35.172433 ], [ -89.832914, 35.17249 ], [ -89.832638, 35.172533 ], [ -89.832484, 35.172563 ], [ -89.832388, 35.172588 ], [ -89.832319, 35.172607 ], [ -89.832111, 35.17264 ], [ -89.831619, 35.172742 ], [ -89.831108, 35.172855 ], [ -89.830817, 35.172952 ], [ -89.830556, 35.173062 ], [ -89.830381, 35.173151 ], [ -89.830192, 35.173281 ], [ -89.830089, 35.173352 ], [ -89.829805, 35.173585 ], [ -89.829569, 35.173779 ], [ -89.829281, 35.173964 ], [ -89.828999, 35.174099 ], [ -89.828746, 35.174192 ], [ -89.828346, 35.174297 ], [ -89.828156, 35.174347 ], [ -89.828064, 35.174115 ], [ -89.827965, 35.173909 ], [ -89.827708, 35.173423 ], [ -89.827579, 35.173205 ], [ -89.827251, 35.172594 ], [ -89.827188, 35.172425 ], [ -89.827121, 35.172295 ], [ -89.826991, 35.172156 ], [ -89.826844, 35.172075 ], [ -89.82672, 35.172045 ], [ -89.82632, 35.172035 ], [ -89.825942, 35.172038 ], [ -89.825534, 35.172021 ], [ -89.825125, 35.172038 ], [ -89.824921, 35.172071 ], [ -89.824783, 35.172105 ], [ -89.824514, 35.172191 ], [ -89.824425, 35.172205 ], [ -89.824346, 35.172193 ], [ -89.824335, 35.172191 ], [ -89.824156, 35.1721 ], [ -89.823966, 35.17197 ], [ -89.823784, 35.171802 ], [ -89.823617, 35.171567 ], [ -89.823519, 35.171356 ], [ -89.823324, 35.170231 ], [ -89.823277, 35.170049 ], [ -89.82325, 35.170062 ], [ -89.823199, 35.170097 ], [ -89.823076, 35.170053 ], [ -89.821293, 35.17001 ], [ -89.820955, 35.170002 ], [ -89.820024, 35.169992 ], [ -89.819724, 35.169981 ], [ -89.819563, 35.169961 ], [ -89.819419, 35.169895 ], [ -89.819347, 35.169824 ], [ -89.81929, 35.169723 ], [ -89.81927, 35.169602 ], [ -89.819286, 35.168662 ], [ -89.819342, 35.167155 ], [ -89.819366, 35.165937 ], [ -89.819367, 35.165902 ], [ -89.819429, 35.163505 ], [ -89.819433, 35.163081 ], [ -89.819433, 35.163043 ], [ -89.819434, 35.163004 ], [ -89.819468, 35.162324 ], [ -89.819476, 35.161516 ], [ -89.819477, 35.161481 ], [ -89.819509, 35.160707 ], [ -89.819518, 35.1603 ], [ -89.819522, 35.160104 ], [ -89.819539, 35.158678 ], [ -89.819546, 35.158325 ], [ -89.819559, 35.15773 ], [ -89.819561, 35.157596 ], [ -89.819565, 35.157387 ], [ -89.819571, 35.157135 ], [ -89.819596, 35.156538 ], [ -89.819596, 35.156359 ], [ -89.819598, 35.156017 ], [ -89.817145, 35.155916 ], [ -89.81702, 35.156781 ], [ -89.816995, 35.15825 ], [ -89.816887, 35.159088 ], [ -89.816872, 35.15904 ], [ -89.816853, 35.159015 ], [ -89.816777, 35.15897 ], [ -89.816681, 35.15895 ], [ -89.816258, 35.158914 ], [ -89.816117, 35.158902 ], [ -89.816044, 35.15889 ], [ -89.815836, 35.158822 ], [ -89.815624, 35.158721 ], [ -89.815562, 35.158681 ], [ -89.815485, 35.158633 ], [ -89.815422, 35.158577 ], [ -89.815235, 35.158379 ], [ -89.815199, 35.158314 ], [ -89.815164, 35.158251 ], [ -89.814925, 35.157627 ], [ -89.814889, 35.157567 ], [ -89.814745, 35.157329 ], [ -89.814499, 35.156997 ], [ -89.81438, 35.156838 ], [ -89.81409, 35.156448 ], [ -89.814015, 35.15637 ], [ -89.813877, 35.156229 ], [ -89.813718, 35.156098 ], [ -89.813609, 35.15602 ], [ -89.813555, 35.155988 ], [ -89.813316, 35.155845 ], [ -89.813077, 35.155742 ], [ -89.812824, 35.155665 ], [ -89.8125, 35.155594 ], [ -89.81243, 35.155587 ], [ -89.812163, 35.155564 ], [ -89.81203, 35.155562 ], [ -89.811919, 35.15556 ], [ -89.811673, 35.155576 ], [ -89.811594, 35.15558 ], [ -89.811126, 35.15561 ], [ -89.810847, 35.155607 ], [ -89.810289, 35.155579 ], [ -89.809854, 35.155558 ], [ -89.809415, 35.155537 ], [ -89.808098, 35.155474 ], [ -89.807775, 35.155459 ], [ -89.807718, 35.155456 ], [ -89.80766, 35.155456 ], [ -89.80756, 35.155456 ], [ -89.807519, 35.155459 ], [ -89.807431, 35.155467 ], [ -89.807412, 35.155469 ], [ -89.807325, 35.155486 ], [ -89.807275, 35.155496 ], [ -89.807239, 35.155508 ], [ -89.807111, 35.155549 ], [ -89.807072, 35.155562 ], [ -89.807024, 35.155582 ], [ -89.80698, 35.155599 ], [ -89.806871, 35.155667 ], [ -89.806701, 35.155775 ], [ -89.806613, 35.155853 ], [ -89.806571, 35.155901 ], [ -89.806488, 35.155998 ], [ -89.806426, 35.155964 ], [ -89.806344, 35.15592 ], [ -89.806238, 35.155872 ], [ -89.806175, 35.155844 ], [ -89.805924, 35.155757 ], [ -89.805773, 35.155705 ], [ -89.805573, 35.155651 ], [ -89.805208, 35.155574 ], [ -89.805154, 35.155564 ], [ -89.804893, 35.155519 ], [ -89.804827, 35.155511 ], [ -89.804672, 35.155495 ], [ -89.804631, 35.155493 ], [ -89.804566, 35.15549 ], [ -89.804429, 35.155484 ], [ -89.80432, 35.155479 ], [ -89.804087, 35.155471 ], [ -89.803997, 35.155468 ], [ -89.803655, 35.155474 ], [ -89.803584, 35.155472 ], [ -89.803339, 35.155469 ], [ -89.803147, 35.155462 ], [ -89.802595, 35.155443 ], [ -89.80241, 35.155437 ], [ -89.802185, 35.155427 ], [ -89.802144, 35.155426 ], [ -89.801972, 35.155429 ], [ -89.801594, 35.155451 ], [ -89.801513, 35.155461 ], [ -89.801291, 35.15549 ], [ -89.801221, 35.155311 ], [ -89.801053, 35.15488 ], [ -89.800996, 35.154782 ], [ -89.800878, 35.154632 ], [ -89.800766, 35.154519 ], [ -89.800657, 35.154426 ], [ -89.800571, 35.154353 ], [ -89.800424, 35.154262 ], [ -89.80028, 35.154188 ], [ -89.800068, 35.154102 ], [ -89.799863, 35.154043 ], [ -89.799847, 35.15404 ], [ -89.799549, 35.153997 ], [ -89.798963, 35.153985 ], [ -89.798878, 35.153984 ], [ -89.797243, 35.153984 ], [ -89.797206, 35.153984 ], [ -89.796939, 35.153992 ], [ -89.796621, 35.153982 ], [ -89.79645, 35.153978 ], [ -89.795937, 35.153969 ], [ -89.795807, 35.153967 ], [ -89.795767, 35.153967 ], [ -89.79565, 35.153968 ], [ -89.795374, 35.153972 ], [ -89.795348, 35.153531 ], [ -89.795349, 35.152951 ], [ -89.795363, 35.152624 ], [ -89.795372, 35.152343 ], [ -89.795404, 35.151135 ], [ -89.795419, 35.150531 ], [ -89.795423, 35.15033 ], [ -89.796124, 35.150241 ], [ -89.798756, 35.149908 ], [ -89.799634, 35.149797 ], [ -89.800606, 35.149689 ], [ -89.803524, 35.149369 ], [ -89.804497, 35.149262 ], [ -89.80645, 35.14903 ], [ -89.811786, 35.148397 ], [ -89.81231, 35.148334 ], [ -89.814264, 35.148103 ], [ -89.814974, 35.148022 ], [ -89.815655, 35.147945 ], [ -89.816591, 35.147868 ], [ -89.817112, 35.147847 ], [ -89.817246, 35.147842 ], [ -89.817827, 35.147819 ], [ -89.817892, 35.147891 ], [ -89.817962, 35.147969 ], [ -89.818107, 35.14799 ], [ -89.818146, 35.147989 ], [ -89.818209, 35.147988 ], [ -89.818276, 35.147987 ], [ -89.818366, 35.147987 ], [ -89.818452, 35.147988 ], [ -89.818538, 35.14799 ], [ -89.818624, 35.147994 ], [ -89.818707, 35.147998 ], [ -89.818764, 35.148001 ], [ -89.818863, 35.148009 ], [ -89.818985, 35.148019 ], [ -89.8191, 35.148032 ], [ -89.819186, 35.148042 ], [ -89.8193, 35.148058 ], [ -89.819408, 35.148075 ], [ -89.819548, 35.148099 ], [ -89.819641, 35.148117 ], [ -89.822627, 35.148715 ], [ -89.822696, 35.148734 ], [ -89.823013, 35.148815 ], [ -89.825305, 35.149274 ], [ -89.825368, 35.149287 ], [ -89.82565, 35.149343 ], [ -89.825886, 35.14939 ], [ -89.826016, 35.149415 ], [ -89.826146, 35.149441 ], [ -89.826276, 35.149467 ], [ -89.826407, 35.149493 ], [ -89.826553, 35.149522 ], [ -89.828788, 35.149965 ], [ -89.832466, 35.150695 ], [ -89.832525, 35.150707 ], [ -89.832804, 35.150762 ], [ -89.833101, 35.150821 ], [ -89.833121, 35.150825 ], [ -89.833166, 35.150834 ], [ -89.833811, 35.150962 ], [ -89.833893, 35.150979 ], [ -89.834624, 35.151123 ], [ -89.834648, 35.151128 ], [ -89.834762, 35.151153 ], [ -89.83478, 35.151157 ], [ -89.834913, 35.151181 ], [ -89.835046, 35.151207 ], [ -89.835179, 35.151234 ], [ -89.835312, 35.15126 ], [ -89.835444, 35.151287 ], [ -89.835577, 35.151313 ], [ -89.83571, 35.15134 ], [ -89.835843, 35.151366 ], [ -89.836, 35.151398 ], [ -89.836189, 35.151435 ], [ -89.836379, 35.151472 ], [ -89.836595, 35.151516 ], [ -89.83685, 35.151562 ], [ -89.836943, 35.151581 ], [ -89.837024, 35.151597 ], [ -89.837106, 35.151606 ], [ -89.837105, 35.151917 ], [ -89.837105, 35.152449 ], [ -89.837105, 35.153362 ], [ -89.837105, 35.153844 ], [ -89.837106, 35.15399 ], [ -89.83711, 35.154428 ], [ -89.837112, 35.154575 ], [ -89.837114, 35.154743 ], [ -89.83712, 35.15525 ], [ -89.837121, 35.155299 ], [ -89.837119, 35.155419 ], [ -89.837117, 35.155649 ], [ -89.837113, 35.156298 ], [ -89.837112, 35.15634 ], [ -89.837111, 35.156571 ], [ -89.837111, 35.157161 ], [ -89.837112, 35.157917 ], [ -89.84099, 35.157976 ], [ -89.840995, 35.157553 ], [ -89.840997, 35.157473 ], [ -89.841006, 35.157236 ], [ -89.84101, 35.157157 ], [ -89.841014, 35.156989 ], [ -89.841025, 35.156548 ], [ -89.841016, 35.156487 ], [ -89.840993, 35.156321 ], [ -89.840959, 35.156156 ], [ -89.84092, 35.155962 ], [ -89.840859, 35.155664 ], [ -89.840826, 35.155501 ], [ -89.840996, 35.155498 ], [ -89.84107, 35.155497 ], [ -89.841503, 35.155445 ], [ -89.841672, 35.155426 ], [ -89.841878, 35.155401 ], [ -89.842145, 35.155369 ], [ -89.842378, 35.155394 ], [ -89.842413, 35.155398 ], [ -89.843247, 35.15552 ], [ -89.843371, 35.155537 ], [ -89.843697, 35.155596 ], [ -89.843868, 35.155645 ], [ -89.843916, 35.155659 ], [ -89.844065, 35.155723 ], [ -89.844321, 35.155865 ], [ -89.844433, 35.155941 ], [ -89.844573, 35.156036 ], [ -89.84475, 35.156195 ], [ -89.844852, 35.156286 ], [ -89.845111, 35.156534 ], [ -89.845127, 35.156547 ], [ -89.845283, 35.156637 ], [ -89.845403, 35.156679 ], [ -89.845614, 35.156718 ], [ -89.846215, 35.156737 ], [ -89.846607, 35.156734 ], [ -89.847199, 35.156759 ], [ -89.847436, 35.15676 ], [ -89.848117, 35.156764 ], [ -89.84856, 35.156779 ], [ -89.84865, 35.156783 ], [ -89.849675, 35.156831 ], [ -89.850251, 35.156841 ], [ -89.850425, 35.156845 ], [ -89.850785, 35.156868 ], [ -89.850751, 35.157081 ], [ -89.850739, 35.157159 ], [ -89.850712, 35.157729 ], [ -89.850702, 35.157946 ], [ -89.850695, 35.158114 ], [ -89.850676, 35.15862 ], [ -89.850671, 35.158789 ], [ -89.850662, 35.158958 ], [ -89.850635, 35.159466 ], [ -89.850627, 35.159636 ], [ -89.850624, 35.159673 ], [ -89.850618, 35.159783 ], [ -89.850616, 35.159821 ], [ -89.849853, 35.159787 ], [ -89.84976, 35.159783 ], [ -89.848702, 35.159747 ], [ -89.847566, 35.159707 ], [ -89.846804, 35.159681 ], [ -89.846798, 35.159958 ], [ -89.846788, 35.160511 ], [ -89.846734, 35.160688 ], [ -89.846686, 35.16077 ], [ -89.846643, 35.160847 ], [ -89.846581, 35.160933 ], [ -89.846524, 35.160994 ], [ -89.846442, 35.161049 ], [ -89.846236, 35.161152 ], [ -89.846208, 35.161167 ], [ -89.845833, 35.161258 ], [ -89.845594, 35.161301 ], [ -89.845267, 35.16133 ], [ -89.84494, 35.161361 ], [ -89.844731, 35.161384 ], [ -89.844104, 35.161454 ], [ -89.843896, 35.161478 ], [ -89.843921, 35.161614 ], [ -89.843928, 35.161649 ], [ -89.843933, 35.161878 ], [ -89.843917, 35.162028 ], [ -89.843904, 35.162167 ], [ -89.843896, 35.162243 ], [ -89.84388, 35.162477 ], [ -89.843877, 35.162526 ], [ -89.843885, 35.162775 ], [ -89.843955, 35.163126 ], [ -89.844005, 35.163399 ], [ -89.844061, 35.163706 ], [ -89.844185, 35.163695 ], [ -89.844546, 35.163675 ], [ -89.844676, 35.16368 ], [ -89.844946, 35.163721 ], [ -89.845979, 35.163948 ], [ -89.846455, 35.164053 ], [ -89.846551, 35.164057 ], [ -89.846608, 35.164042 ], [ -89.846696, 35.163992 ], [ -89.846725, 35.163954 ], [ -89.84674, 35.163849 ], [ -89.84674, 35.163806 ], [ -89.846744, 35.163216 ], [ -89.846747, 35.163046 ], [ -89.846749, 35.162898 ], [ -89.846752, 35.162722 ], [ -89.846755, 35.162574 ], [ -89.846757, 35.162471 ], [ -89.846757, 35.162447 ], [ -89.846758, 35.162389 ], [ -89.846756, 35.161995 ], [ -89.846948, 35.161995 ], [ -89.846981, 35.161995 ], [ -89.847375, 35.161995 ], [ -89.847525, 35.162002 ], [ -89.847718, 35.162011 ], [ -89.84782, 35.162032 ], [ -89.84795, 35.162047 ], [ -89.848039, 35.162044 ], [ -89.848207, 35.16204 ], [ -89.848345, 35.162012 ], [ -89.848529, 35.161975 ], [ -89.848612, 35.161959 ], [ -89.848705, 35.161946 ], [ -89.848909, 35.161917 ], [ -89.849002, 35.161912 ], [ -89.849327, 35.161895 ], [ -89.849556, 35.161893 ], [ -89.849736, 35.161892 ], [ -89.850105, 35.161905 ], [ -89.850243, 35.161916 ], [ -89.850472, 35.161936 ], [ -89.850452, 35.162234 ], [ -89.850394, 35.16313 ], [ -89.850393, 35.16315 ], [ -89.85041, 35.163316 ], [ -89.850452, 35.163421 ], [ -89.850246, 35.163491 ], [ -89.850148, 35.163532 ], [ -89.849253, 35.163913 ], [ -89.848956, 35.16404 ], [ -89.848663, 35.164169 ], [ -89.847969, 35.164476 ], [ -89.847787, 35.164558 ], [ -89.847497, 35.164691 ], [ -89.847584, 35.164778 ], [ -89.847932, 35.165234 ], [ -89.847879, 35.1653 ], [ -89.847745, 35.16536 ], [ -89.847685, 35.165437 ], [ -89.847758, 35.165585 ], [ -89.847906, 35.165695 ], [ -89.847919, 35.165778 ], [ -89.847845, 35.165953 ], [ -89.847879, 35.16608 ], [ -89.847966, 35.166156 ], [ -89.847945, 35.166308 ], [ -89.847939, 35.166354 ], [ -89.847926, 35.166503 ], [ -89.847945, 35.166641 ], [ -89.84796, 35.166739 ], [ -89.848033, 35.166986 ], [ -89.848013, 35.167096 ], [ -89.848043, 35.167146 ], [ -89.848127, 35.167282 ], [ -89.848181, 35.167354 ], [ -89.848174, 35.167519 ], [ -89.848007, 35.167623 ], [ -89.847893, 35.167793 ], [ -89.847619, 35.16792 ], [ -89.847626, 35.168062 ], [ -89.847679, 35.168095 ], [ -89.84786, 35.168068 ], [ -89.847893, 35.168112 ], [ -89.847887, 35.168167 ], [ -89.847793, 35.168249 ], [ -89.847639, 35.168271 ], [ -89.847345, 35.16826 ], [ -89.847278, 35.168282 ], [ -89.847251, 35.168354 ], [ -89.847305, 35.168425 ], [ -89.847419, 35.168469 ], [ -89.847512, 35.168601 ], [ -89.847606, 35.168579 ], [ -89.847773, 35.168436 ], [ -89.847867, 35.168419 ], [ -89.848047, 35.168491 ], [ -89.848188, 35.168419 ], [ -89.848275, 35.168469 ], [ -89.848302, 35.168567 ], [ -89.848241, 35.168721 ], [ -89.848221, 35.168738 ], [ -89.848208, 35.168919 ], [ -89.848248, 35.168996 ], [ -89.848221, 35.169056 ], [ -89.848121, 35.169078 ], [ -89.84788, 35.168947 ], [ -89.84778, 35.168941 ], [ -89.84772, 35.169013 ], [ -89.847706, 35.169095 ], [ -89.847733, 35.169111 ], [ -89.847713, 35.169194 ], [ -89.847666, 35.169265 ], [ -89.84774, 35.16932 ], [ -89.847994, 35.16926 ], [ -89.848095, 35.169276 ], [ -89.848148, 35.169347 ], [ -89.848215, 35.169485 ], [ -89.848342, 35.169518 ], [ -89.848382, 35.169507 ], [ -89.848462, 35.169177 ], [ -89.848563, 35.169144 ], [ -89.848623, 35.169166 ], [ -89.84878, 35.169276 ], [ -89.84885, 35.169325 ], [ -89.848984, 35.169347 ], [ -89.849058, 35.169325 ], [ -89.849145, 35.169199 ], [ -89.849278, 35.169078 ], [ -89.849419, 35.169056 ], [ -89.849486, 35.169078 ], [ -89.849506, 35.169155 ], [ -89.849452, 35.169303 ], [ -89.849479, 35.169386 ], [ -89.849573, 35.169407 ], [ -89.84978, 35.16933 ], [ -89.849914, 35.169232 ], [ -89.850074, 35.169226 ], [ -89.850215, 35.169286 ], [ -89.850332, 35.169472 ], [ -89.854858, 35.167677 ], [ -89.857313, 35.166768 ], [ -89.858418, 35.166359 ], [ -89.860087, 35.165718 ], [ -89.860844, 35.165429 ], [ -89.861266, 35.165263 ], [ -89.861302, 35.16525 ], [ -89.861335, 35.165237 ], [ -89.861388, 35.165216 ], [ -89.86148, 35.16518 ], [ -89.86115, 35.164865 ], [ -89.860966, 35.164697 ], [ -89.860893, 35.164631 ], [ -89.860658, 35.164408 ], [ -89.860526, 35.16426 ], [ -89.860434, 35.164155 ], [ -89.860356, 35.164067 ], [ -89.860246, 35.16392 ], [ -89.860141, 35.163778 ], [ -89.859944, 35.163473 ], [ -89.859833, 35.16325 ], [ -89.859765, 35.163027 ], [ -89.859739, 35.162925 ], [ -89.859714, 35.162835 ], [ -89.859687, 35.162721 ], [ -89.859672, 35.162664 ], [ -89.859644, 35.162552 ], [ -89.85959, 35.162215 ], [ -89.85959, 35.161801 ], [ -89.85959, 35.161511 ], [ -89.859601, 35.160928 ], [ -89.859615, 35.160237 ], [ -89.85963, 35.159179 ], [ -89.859639, 35.158597 ], [ -89.859643, 35.158374 ], [ -89.859658, 35.157709 ], [ -89.859663, 35.157487 ], [ -89.85967, 35.156973 ], [ -89.859661, 35.156744 ], [ -89.85965, 35.156473 ], [ -89.859623, 35.156289 ], [ -89.859581, 35.156056 ], [ -89.859499, 35.155733 ], [ -89.859465, 35.155599 ], [ -89.859317, 35.155215 ], [ -89.859058, 35.154675 ], [ -89.858934, 35.154471 ], [ -89.858649, 35.154074 ], [ -89.858802, 35.154006 ], [ -89.858898, 35.153926 ], [ -89.858978, 35.153839 ], [ -89.859039, 35.153719 ], [ -89.859062, 35.153609 ], [ -89.859035, 35.153303 ], [ -89.859013, 35.153138 ], [ -89.858997, 35.153006 ], [ -89.858945, 35.152644 ], [ -89.858922, 35.15248 ], [ -89.858874, 35.15212 ], [ -89.858861, 35.152027 ], [ -89.858678, 35.150671 ], [ -89.858675, 35.150647 ], [ -89.858616, 35.15022 ], [ -89.858557, 35.149813 ], [ -89.858556, 35.14972 ], [ -89.858593, 35.149635 ], [ -89.858714, 35.149493 ], [ -89.858779, 35.149436 ], [ -89.858976, 35.149261 ], [ -89.859377, 35.148945 ], [ -89.859536, 35.148821 ], [ -89.859699, 35.148689 ], [ -89.862176, 35.145695 ], [ -89.863192, 35.14655 ], [ -89.862871, 35.146845 ], [ -89.868129, 35.151946 ], [ -89.876078, 35.159026 ], [ -89.876782, 35.158548 ], [ -89.877375, 35.158091 ], [ -89.877979, 35.157591 ], [ -89.879249, 35.156439 ], [ -89.87942, 35.156279 ], [ -89.879433, 35.156292 ], [ -89.879453, 35.156341 ], [ -89.879494, 35.156408 ], [ -89.879538, 35.156481 ], [ -89.87955, 35.156501 ], [ -89.879593, 35.15656 ], [ -89.87975, 35.156779 ], [ -89.879765, 35.156795 ], [ -89.879802, 35.156836 ], [ -89.879835, 35.156863 ], [ -89.879874, 35.156965 ], [ -89.879891, 35.156998 ], [ -89.879913, 35.157029 ], [ -89.880043, 35.157173 ], [ -89.88014, 35.157293 ], [ -89.880272, 35.157436 ], [ -89.880505, 35.15765 ], [ -89.880965, 35.158035 ], [ -89.881091, 35.158135 ], [ -89.881819, 35.1586 ], [ -89.882098, 35.158774 ], [ -89.882232, 35.158856 ], [ -89.882311, 35.158785 ], [ -89.88239, 35.158714 ], [ -89.883249, 35.157941 ], [ -89.883752, 35.15749 ], [ -89.883911, 35.157343 ], [ -89.884471, 35.156834 ], [ -89.884794, 35.156542 ], [ -89.886141, 35.155299 ], [ -89.886389, 35.155071 ], [ -89.886662, 35.154815 ], [ -89.886682, 35.154796 ], [ -89.886694, 35.154784 ], [ -89.886779, 35.154708 ], [ -89.886853, 35.154633 ], [ -89.886987, 35.154499 ], [ -89.887227, 35.154276 ], [ -89.887248, 35.154258 ], [ -89.887326, 35.154197 ], [ -89.887371, 35.154161 ], [ -89.887442, 35.154183 ], [ -89.887655, 35.15425 ], [ -89.887727, 35.154273 ], [ -89.88799, 35.154342 ], [ -89.888333, 35.154454 ], [ -89.888382, 35.154472 ], [ -89.889065, 35.154729 ], [ -89.889436, 35.154889 ], [ -89.889808, 35.155068 ], [ -89.890188, 35.155268 ], [ -89.890257, 35.155313 ], [ -89.890527, 35.155492 ], [ -89.89083, 35.155691 ], [ -89.890951, 35.15577 ], [ -89.891176, 35.155919 ], [ -89.89226, 35.156696 ], [ -89.892787, 35.157093 ], [ -89.893069, 35.157321 ], [ -89.893479, 35.157682 ], [ -89.893914, 35.158126 ], [ -89.894312, 35.158594 ], [ -89.894495, 35.158833 ], [ -89.896668, 35.161704 ], [ -89.899298, 35.165224 ], [ -89.900034, 35.166146 ], [ -89.900122, 35.166262 ], [ -89.901186, 35.167684 ], [ -89.901707, 35.168372 ], [ -89.901929, 35.168665 ], [ -89.902272, 35.16911 ], [ -89.902366, 35.169028 ], [ -89.902421, 35.16898 ], [ -89.902449, 35.168957 ], [ -89.902486, 35.169005 ], [ -89.902529, 35.169062 ], [ -89.903127, 35.168511 ], [ -89.903814, 35.167881 ], [ -89.904219, 35.167509 ], [ -89.904635, 35.167126 ], [ -89.904807, 35.16695 ], [ -89.905868, 35.166957 ], [ -89.905874, 35.167061 ], [ -89.912458, 35.167062 ], [ -89.912968, 35.167067 ], [ -89.913125, 35.167058 ], [ -89.913637, 35.167067 ], [ -89.913648, 35.16686 ], [ -89.914206, 35.166869 ], [ -89.914203, 35.166949 ], [ -89.914195, 35.167162 ], [ -89.914195, 35.16718 ], [ -89.914091, 35.167365 ], [ -89.91405, 35.167464 ], [ -89.914046, 35.167483 ], [ -89.914026, 35.167677 ], [ -89.914024, 35.167697 ], [ -89.914, 35.168262 ], [ -89.913993, 35.168458 ], [ -89.913983, 35.168644 ], [ -89.913957, 35.169141 ], [ -89.913942, 35.169202 ], [ -89.913914, 35.169317 ], [ -89.91389, 35.169381 ], [ -89.91382, 35.169557 ], [ -89.913613, 35.170088 ], [ -89.913545, 35.170266 ], [ -89.913472, 35.170445 ], [ -89.913256, 35.170982 ], [ -89.913184, 35.171162 ], [ -89.913103, 35.171371 ], [ -89.91286, 35.172001 ], [ -89.912789, 35.172187 ], [ -89.912784, 35.172213 ], [ -89.913351, 35.172228 ], [ -89.914625, 35.172264 ], [ -89.915055, 35.17227 ], [ -89.91519, 35.172272 ], [ -89.915491, 35.172219 ], [ -89.915613, 35.17218 ], [ -89.915646, 35.172168 ], [ -89.91586, 35.172117 ], [ -89.915873, 35.172115 ], [ -89.916068, 35.172088 ], [ -89.916675, 35.172097 ], [ -89.916757, 35.172099 ], [ -89.916944, 35.172093 ], [ -89.917927, 35.172144 ], [ -89.91832, 35.172165 ], [ -89.919913, 35.172278 ], [ -89.92081, 35.172338 ], [ -89.920876, 35.172347 ], [ -89.920977, 35.172361 ], [ -89.921245, 35.172429 ], [ -89.9216, 35.172573 ], [ -89.921811, 35.172648 ], [ -89.921915, 35.172674 ], [ -89.921928, 35.172675 ], [ -89.922066, 35.172694 ], [ -89.922288, 35.172697 ], [ -89.922409, 35.172699 ], [ -89.922719, 35.172695 ], [ -89.922768, 35.172695 ], [ -89.923315, 35.172714 ], [ -89.923649, 35.172717 ], [ -89.92396, 35.172721 ], [ -89.924339, 35.172727 ], [ -89.925476, 35.172746 ], [ -89.925856, 35.172753 ], [ -89.925859, 35.172586 ], [ -89.925869, 35.172086 ], [ -89.925873, 35.17192 ], [ -89.925875, 35.171794 ], [ -89.925883, 35.171418 ], [ -89.925886, 35.171293 ], [ -89.925888, 35.171204 ], [ -89.925888, 35.171188 ], [ -89.925895, 35.170875 ], [ -89.925898, 35.170771 ], [ -89.925902, 35.1707 ], [ -89.925917, 35.170488 ], [ -89.925922, 35.170418 ], [ -89.925957, 35.17025 ], [ -89.92598, 35.170147 ], [ -89.926122, 35.169774 ], [ -89.926124, 35.169765 ], [ -89.92617, 35.169601 ], [ -89.926203, 35.169495 ], [ -89.926206, 35.169375 ], [ -89.926229, 35.168685 ], [ -89.926237, 35.168456 ], [ -89.926241, 35.168285 ], [ -89.926242, 35.168235 ], [ -89.926263, 35.167575 ], [ -89.92627, 35.167355 ], [ -89.926271, 35.167295 ], [ -89.926278, 35.167115 ], [ -89.92628, 35.167056 ], [ -89.926284, 35.166895 ], [ -89.926299, 35.166413 ], [ -89.926304, 35.166253 ], [ -89.926317, 35.165801 ], [ -89.926319, 35.165768 ], [ -89.926358, 35.164445 ], [ -89.926372, 35.163994 ], [ -89.926381, 35.163642 ], [ -89.926412, 35.162589 ], [ -89.926422, 35.162238 ], [ -89.926589, 35.162242 ], [ -89.926816, 35.162248 ], [ -89.927091, 35.162254 ], [ -89.927259, 35.162259 ], [ -89.927264, 35.162093 ], [ -89.927267, 35.161996 ], [ -89.927254, 35.161599 ], [ -89.927252, 35.161503 ], [ -89.927254, 35.161434 ], [ -89.927261, 35.161258 ], [ -89.927271, 35.161015 ], [ -89.927282, 35.160733 ], [ -89.927289, 35.160558 ], [ -89.927294, 35.160431 ], [ -89.927295, 35.160399 ], [ -89.927308, 35.160112 ], [ -89.927316, 35.159925 ], [ -89.927324, 35.159768 ], [ -89.927331, 35.159533 ], [ -89.927342, 35.159283 ], [ -89.927346, 35.159166 ], [ -89.927359, 35.158887 ], [ -89.927367, 35.158692 ], [ -89.927378, 35.158424 ], [ -89.92738, 35.158375 ], [ -89.927393, 35.158054 ], [ -89.927397, 35.15794 ], [ -89.927417, 35.157439 ], [ -89.927419, 35.157364 ], [ -89.927444, 35.156763 ], [ -89.927447, 35.156616 ], [ -89.927459, 35.156175 ], [ -89.927463, 35.156029 ], [ -89.927466, 35.155851 ], [ -89.927479, 35.155317 ], [ -89.927483, 35.15519 ], [ -89.927484, 35.15514 ], [ -89.927485, 35.155084 ], [ -89.927489, 35.154919 ], [ -89.927491, 35.154864 ], [ -89.927498, 35.154595 ], [ -89.927501, 35.154482 ], [ -89.927508, 35.154204 ], [ -89.927509, 35.154172 ], [ -89.927516, 35.153929 ], [ -89.927519, 35.153815 ], [ -89.927522, 35.153687 ], [ -89.927527, 35.153434 ], [ -89.927535, 35.153113 ], [ -89.927558, 35.152224 ], [ -89.927562, 35.152094 ], [ -89.927586, 35.151971 ], [ -89.927631, 35.151898 ], [ -89.927644, 35.151882 ], [ -89.927757, 35.151786 ], [ -89.927859, 35.151677 ], [ -89.928344, 35.151691 ], [ -89.928753, 35.151703 ], [ -89.929117, 35.151715 ], [ -89.929799, 35.151738 ], [ -89.930285, 35.151755 ], [ -89.930566, 35.151764 ], [ -89.931208, 35.151786 ], [ -89.93141, 35.151793 ], [ -89.931692, 35.151803 ], [ -89.931971, 35.151813 ], [ -89.932811, 35.151843 ], [ -89.933091, 35.151854 ], [ -89.93336, 35.151864 ], [ -89.934167, 35.151894 ], [ -89.934437, 35.151905 ], [ -89.934451, 35.150564 ], [ -89.934459, 35.150257 ], [ -89.934458, 35.149332 ], [ -89.934456, 35.149253 ], [ -89.934517, 35.149254 ], [ -89.935585, 35.149277 ], [ -89.937325, 35.149314 ], [ -89.937821, 35.149331 ], [ -89.938528, 35.149341 ], [ -89.938672, 35.149343 ], [ -89.939106, 35.149351 ], [ -89.939251, 35.149354 ], [ -89.939599, 35.149364 ], [ -89.940645, 35.149394 ], [ -89.940994, 35.149405 ], [ -89.941697, 35.149425 ], [ -89.943519, 35.149477 ], [ -89.943809, 35.149474 ], [ -89.944149, 35.14947 ], [ -89.944513, 35.149467 ], [ -89.944519, 35.149279 ], [ -89.944531, 35.148915 ], [ -89.944537, 35.148711 ], [ -89.944541, 35.148538 ], [ -89.944543, 35.148528 ], [ -89.94455, 35.148203 ], [ -89.944551, 35.148116 ], [ -89.944551, 35.147994 ], [ -89.944553, 35.147858 ], [ -89.944555, 35.147772 ], [ -89.945118, 35.147791 ], [ -89.945932, 35.147799 ], [ -89.946275, 35.147803 ], [ -89.948315, 35.147838 ], [ -89.949357, 35.147845 ], [ -89.950064, 35.147858 ], [ -89.951232, 35.147881 ], [ -89.951439, 35.147848 ], [ -89.951453, 35.14739 ], [ -89.951483, 35.146459 ], [ -89.951496, 35.146016 ], [ -89.951511, 35.145559 ], [ -89.951516, 35.145363 ], [ -89.951535, 35.144776 ], [ -89.951541, 35.144581 ], [ -89.951575, 35.143587 ], [ -89.951611, 35.142627 ], [ -89.951615, 35.142432 ], [ -89.951631, 35.14185 ], [ -89.951637, 35.141656 ], [ -89.951643, 35.141476 ], [ -89.951665, 35.140939 ], [ -89.951672, 35.14076 ], [ -89.951684, 35.14045 ], [ -89.951724, 35.13952 ], [ -89.95173, 35.139403 ], [ -89.951737, 35.139254 ], [ -89.951738, 35.139211 ], [ -89.951744, 35.139 ], [ -89.951747, 35.138897 ], [ -89.951767, 35.138212 ], [ -89.951781, 35.137955 ], [ -89.951791, 35.137799 ], [ -89.951849, 35.137653 ], [ -89.952495, 35.136615 ], [ -89.952659, 35.136354 ], [ -89.952715, 35.13623 ], [ -89.952765, 35.13605 ], [ -89.952786, 35.135706 ], [ -89.952794, 35.135603 ], [ -89.952884, 35.1335 ], [ -89.954335, 35.13356 ], [ -89.954908, 35.133581 ], [ -89.955072, 35.133587 ], [ -89.95663, 35.133646 ], [ -89.957204, 35.133669 ], [ -89.957352, 35.133674 ], [ -89.957631, 35.133685 ], [ -89.957797, 35.133699 ], [ -89.957945, 35.133713 ], [ -89.958157, 35.133745 ], [ -89.958387, 35.133801 ], [ -89.958509, 35.133832 ], [ -89.958826, 35.133942 ], [ -89.959176, 35.134113 ], [ -89.959346, 35.134219 ], [ -89.959553, 35.134368 ], [ -89.95959, 35.1344 ], [ -89.959932, 35.134697 ], [ -89.960193, 35.134911 ], [ -89.960356, 35.135011 ], [ -89.960397, 35.135036 ], [ -89.960599, 35.135133 ], [ -89.960696, 35.135165 ], [ -89.960882, 35.135227 ], [ -89.961371, 35.135377 ], [ -89.961858, 35.135517 ], [ -89.962165, 35.135606 ], [ -89.962368, 35.13566 ], [ -89.962567, 35.135202 ], [ -89.963164, 35.133831 ], [ -89.963364, 35.133374 ], [ -89.963554, 35.133446 ], [ -89.964127, 35.133664 ], [ -89.964318, 35.133737 ], [ -89.964733, 35.133896 ], [ -89.966154, 35.13444 ], [ -89.967499, 35.134902 ], [ -89.967715, 35.134976 ], [ -89.967837, 35.134839 ], [ -89.967991, 35.134712 ], [ -89.968165, 35.134621 ], [ -89.968404, 35.134565 ], [ -89.968902, 35.134576 ], [ -89.969113, 35.134572 ], [ -89.969255, 35.134561 ], [ -89.969741, 35.134459 ], [ -89.970114, 35.13435 ], [ -89.97012, 35.134292 ], [ -89.970135, 35.134134 ], [ -89.970197, 35.133507 ], [ -89.970206, 35.133417 ], [ -89.970224, 35.133236 ], [ -89.970593, 35.13061 ], [ -89.970605, 35.130512 ], [ -89.970731, 35.129543 ], [ -89.970793, 35.129219 ], [ -89.970882, 35.128759 ], [ -89.971033, 35.128263 ], [ -89.971046, 35.128222 ], [ -89.971156, 35.127958 ], [ -89.971251, 35.127735 ], [ -89.971298, 35.127626 ], [ -89.971478, 35.127265 ], [ -89.971578, 35.127088 ], [ -89.971596, 35.127058 ], [ -89.971705, 35.126883 ], [ -89.971785, 35.126738 ], [ -89.971943, 35.126506 ], [ -89.972154, 35.126199 ], [ -89.972268, 35.126048 ], [ -89.97264, 35.125509 ], [ -89.972712, 35.125411 ], [ -89.972978, 35.125053 ], [ -89.972946, 35.125025 ], [ -89.972853, 35.124943 ], [ -89.972822, 35.124916 ], [ -89.972277, 35.124465 ], [ -89.971892, 35.124157 ], [ -89.971708, 35.124034 ], [ -89.971605, 35.123977 ], [ -89.971514, 35.123939 ], [ -89.971376, 35.123889 ], [ -89.971158, 35.123846 ], [ -89.970852, 35.123823 ], [ -89.970386, 35.123803 ], [ -89.970183, 35.123798 ], [ -89.969577, 35.123784 ], [ -89.969375, 35.12378 ], [ -89.969175, 35.123775 ], [ -89.968575, 35.123761 ], [ -89.968375, 35.123757 ], [ -89.968131, 35.123751 ], [ -89.967402, 35.123734 ], [ -89.967159, 35.123729 ], [ -89.9671, 35.123727 ], [ -89.966923, 35.123722 ], [ -89.966865, 35.123721 ], [ -89.966816, 35.12372 ], [ -89.966669, 35.123717 ], [ -89.96662, 35.123717 ], [ -89.966567, 35.123716 ], [ -89.966492, 35.123715 ], [ -89.966408, 35.123713 ], [ -89.966356, 35.123713 ], [ -89.966364, 35.123343 ], [ -89.96639, 35.122235 ], [ -89.966399, 35.121866 ], [ -89.966415, 35.121429 ], [ -89.966446, 35.120627 ], [ -89.966461, 35.120118 ], [ -89.966474, 35.119681 ], [ -89.966478, 35.119468 ], [ -89.966492, 35.118831 ], [ -89.966497, 35.118619 ], [ -89.966503, 35.118407 ], [ -89.966523, 35.117773 ], [ -89.966531, 35.117562 ], [ -89.966535, 35.117363 ], [ -89.966549, 35.116768 ], [ -89.966555, 35.11657 ], [ -89.96656, 35.116364 ], [ -89.966577, 35.115749 ], [ -89.966583, 35.115544 ], [ -89.966055, 35.115533 ], [ -89.965773, 35.115526 ], [ -89.963347, 35.115473 ], [ -89.962714, 35.11546 ], [ -89.962538, 35.115462 ], [ -89.962254, 35.115463 ], [ -89.961886, 35.115466 ], [ -89.961405, 35.115455 ], [ -89.961123, 35.115449 ], [ -89.961031, 35.115445 ], [ -89.960755, 35.115434 ], [ -89.960663, 35.115431 ], [ -89.960326, 35.115412 ], [ -89.960228, 35.115409 ], [ -89.958923, 35.115378 ], [ -89.958488, 35.115368 ], [ -89.958306, 35.115364 ], [ -89.957763, 35.115352 ], [ -89.957582, 35.115349 ], [ -89.957395, 35.115344 ], [ -89.956834, 35.115332 ], [ -89.956647, 35.115328 ], [ -89.956253, 35.115319 ], [ -89.956058, 35.115315 ], [ -89.955071, 35.115292 ], [ -89.95486, 35.115287 ], [ -89.954678, 35.115283 ], [ -89.954595, 35.115281 ], [ -89.954369, 35.115277 ], [ -89.954346, 35.115276 ], [ -89.954264, 35.115275 ], [ -89.954046, 35.11527 ], [ -89.953392, 35.115255 ], [ -89.953174, 35.11525 ], [ -89.952881, 35.115243 ], [ -89.952004, 35.115223 ], [ -89.951712, 35.115217 ], [ -89.951413, 35.11521 ], [ -89.950519, 35.11519 ], [ -89.950221, 35.115184 ], [ -89.94993, 35.115177 ], [ -89.949057, 35.115159 ], [ -89.948766, 35.115153 ], [ -89.948461, 35.115147 ], [ -89.947737, 35.115134 ], [ -89.947549, 35.115141 ], [ -89.947245, 35.115154 ], [ -89.946952, 35.115182 ], [ -89.946939, 35.115184 ], [ -89.946654, 35.115234 ], [ -89.94643, 35.115285 ], [ -89.946043, 35.115389 ], [ -89.945831, 35.115447 ], [ -89.945746, 35.115463 ], [ -89.945748, 35.115428 ], [ -89.945754, 35.115323 ], [ -89.945757, 35.115289 ], [ -89.945759, 35.11525 ], [ -89.945766, 35.115135 ], [ -89.945769, 35.115097 ], [ -89.94578, 35.114775 ], [ -89.945811, 35.113871 ], [ -89.945812, 35.113809 ], [ -89.945818, 35.113644 ], [ -89.945824, 35.113488 ], [ -89.945827, 35.113406 ], [ -89.945835, 35.113161 ], [ -89.945839, 35.11308 ], [ -89.945843, 35.112965 ], [ -89.945858, 35.112619 ], [ -89.945863, 35.112505 ], [ -89.94587, 35.112305 ], [ -89.945893, 35.111706 ], [ -89.945902, 35.111507 ], [ -89.945902, 35.111484 ], [ -89.945904, 35.111415 ], [ -89.945905, 35.111393 ], [ -89.945908, 35.111314 ], [ -89.945917, 35.111077 ], [ -89.94592, 35.110998 ], [ -89.945927, 35.110802 ], [ -89.945948, 35.110216 ], [ -89.945956, 35.110021 ], [ -89.945961, 35.109867 ], [ -89.945978, 35.109406 ], [ -89.945985, 35.109253 ], [ -89.945987, 35.109196 ], [ -89.945994, 35.109027 ], [ -89.945997, 35.108971 ], [ -89.946006, 35.108753 ], [ -89.946034, 35.108099 ], [ -89.946041, 35.107958 ], [ -89.946044, 35.107882 ], [ -89.94605, 35.107683 ], [ -89.94607, 35.107086 ], [ -89.946078, 35.106888 ], [ -89.94608, 35.10684 ], [ -89.946085, 35.106699 ], [ -89.946088, 35.106653 ], [ -89.946093, 35.106488 ], [ -89.946111, 35.105996 ], [ -89.946118, 35.105832 ], [ -89.946123, 35.105687 ], [ -89.946139, 35.105278 ], [ -89.946087, 35.105206 ], [ -89.946091, 35.105126 ], [ -89.94615, 35.105128 ], [ -89.946202, 35.10513 ], [ -89.946214, 35.105092 ], [ -89.946243, 35.105002 ], [ -89.946256, 35.104981 ], [ -89.946279, 35.104948 ], [ -89.946253, 35.104867 ], [ -89.946217, 35.104783 ], [ -89.946154, 35.104649 ], [ -89.946088, 35.104509 ], [ -89.946123, 35.103692 ], [ -89.946137, 35.103369 ], [ -89.946147, 35.103151 ], [ -89.946179, 35.102496 ], [ -89.94619, 35.102279 ], [ -89.946196, 35.102081 ], [ -89.946214, 35.101489 ], [ -89.946219, 35.101364 ], [ -89.946193, 35.101332 ], [ -89.946164, 35.101321 ], [ -89.946222, 35.101316 ], [ -89.946749, 35.101317 ], [ -89.947847, 35.101321 ], [ -89.948504, 35.101334 ], [ -89.94909, 35.101347 ], [ -89.949108, 35.100812 ], [ -89.949163, 35.099285 ], [ -89.94923, 35.097472 ], [ -89.949232, 35.097386 ], [ -89.94924, 35.097129 ], [ -89.949243, 35.097044 ], [ -89.94926, 35.096563 ], [ -89.949313, 35.095122 ], [ -89.949331, 35.094642 ], [ -89.950394, 35.094647 ], [ -89.950597, 35.094649 ], [ -89.95075, 35.094656 ], [ -89.951882, 35.094686 ], [ -89.951978, 35.094687 ], [ -89.952894, 35.094711 ], [ -89.953072, 35.094715 ], [ -89.953276, 35.09472 ], [ -89.953289, 35.09472 ], [ -89.953941, 35.094729 ], [ -89.954159, 35.094733 ], [ -89.954388, 35.094738 ], [ -89.95508, 35.094754 ], [ -89.955307, 35.094759 ], [ -89.955539, 35.094763 ], [ -89.956238, 35.094777 ], [ -89.956471, 35.094782 ], [ -89.95694, 35.094791 ], [ -89.957044, 35.094793 ], [ -89.957189, 35.092774 ], [ -89.957352, 35.091887 ], [ -89.957232, 35.091375 ], [ -89.957166, 35.090666 ], [ -89.957136, 35.090578 ], [ -89.956906, 35.090574 ], [ -89.956923, 35.089928 ], [ -89.957308, 35.089928 ], [ -89.957487, 35.086615 ], [ -89.95719, 35.086607 ], [ -89.956977, 35.086602 ], [ -89.9566, 35.086592 ], [ -89.95656, 35.086592 ], [ -89.955938, 35.086575 ], [ -89.955472, 35.086562 ], [ -89.955097, 35.086552 ], [ -89.955122, 35.085829 ], [ -89.955148, 35.085094 ], [ -89.955121, 35.084919 ], [ -89.955054, 35.08474 ], [ -89.954968, 35.084597 ], [ -89.954848, 35.084442 ], [ -89.954381, 35.083917 ], [ -89.954314, 35.083841 ], [ -89.953899, 35.083379 ], [ -89.954634, 35.082941 ], [ -89.954734, 35.082883 ], [ -89.955149, 35.082632 ], [ -89.955315, 35.082555 ], [ -89.95561, 35.082461 ], [ -89.955875, 35.082409 ], [ -89.956011, 35.082392 ], [ -89.956418, 35.082398 ], [ -89.956846, 35.082414 ], [ -89.957078, 35.082416 ], [ -89.957111, 35.082417 ], [ -89.95736, 35.082422 ], [ -89.957518, 35.082402 ], [ -89.957639, 35.082352 ], [ -89.957816, 35.08223 ], [ -89.957872, 35.082189 ], [ -89.958113, 35.082393 ], [ -89.958431, 35.082661 ], [ -89.958713, 35.082897 ], [ -89.958841, 35.083003 ], [ -89.958897, 35.08305 ], [ -89.959053, 35.083178 ], [ -89.959085, 35.083205 ], [ -89.959509, 35.083569 ], [ -89.959933, 35.083931 ], [ -89.960337, 35.08426 ], [ -89.960362, 35.084278 ], [ -89.960414, 35.084321 ], [ -89.96057, 35.08445 ], [ -89.960622, 35.084494 ], [ -89.960664, 35.084529 ], [ -89.96079, 35.084634 ], [ -89.960833, 35.08467 ], [ -89.960882, 35.08471 ], [ -89.961029, 35.084832 ], [ -89.961078, 35.084873 ], [ -89.961304, 35.08506 ], [ -89.961339, 35.08509 ], [ -89.961618, 35.085332 ], [ -89.962113, 35.085759 ], [ -89.962154, 35.085794 ], [ -89.962363, 35.085991 ], [ -89.962304, 35.086031 ], [ -89.962188, 35.086115 ], [ -89.961922, 35.086311 ], [ -89.961784, 35.086467 ], [ -89.961726, 35.086553 ], [ -89.96169, 35.086607 ], [ -89.961633, 35.086745 ], [ -89.961611, 35.086813 ], [ -89.961592, 35.086943 ], [ -89.961586, 35.087111 ], [ -89.961551, 35.088226 ], [ -89.96154, 35.088598 ], [ -89.961527, 35.088999 ], [ -89.961492, 35.090202 ], [ -89.961481, 35.090604 ], [ -89.961477, 35.090726 ], [ -89.961473, 35.090784 ], [ -89.961456, 35.091118 ], [ -89.961403, 35.09132 ], [ -89.961398, 35.091342 ], [ -89.961333, 35.091487 ], [ -89.961273, 35.091582 ], [ -89.961217, 35.091675 ], [ -89.961072, 35.091852 ], [ -89.961002, 35.09194 ], [ -89.960891, 35.092072 ], [ -89.960761, 35.092229 ], [ -89.96065, 35.092382 ], [ -89.960603, 35.092499 ], [ -89.960586, 35.092545 ], [ -89.96057, 35.092668 ], [ -89.960577, 35.092791 ], [ -89.960601, 35.092872 ], [ -89.960643, 35.092951 ], [ -89.96067, 35.093002 ], [ -89.960968, 35.093397 ], [ -89.961048, 35.093529 ], [ -89.961128, 35.093697 ], [ -89.961144, 35.093729 ], [ -89.96122, 35.09398 ], [ -89.961241, 35.094081 ], [ -89.961247, 35.094157 ], [ -89.961257, 35.094274 ], [ -89.961246, 35.094695 ], [ -89.961242, 35.094875 ], [ -89.961702, 35.094884 ], [ -89.963082, 35.094911 ], [ -89.963542, 35.09492 ], [ -89.963777, 35.094924 ], [ -89.964483, 35.094937 ], [ -89.964719, 35.094942 ], [ -89.964836, 35.094944 ], [ -89.96519, 35.09495 ], [ -89.965308, 35.094952 ], [ -89.965416, 35.094954 ], [ -89.965741, 35.09496 ], [ -89.96585, 35.094963 ], [ -89.965888, 35.094964 ], [ -89.966004, 35.094967 ], [ -89.966043, 35.094968 ], [ -89.966271, 35.094973 ], [ -89.966641, 35.094983 ], [ -89.967271, 35.094995 ], [ -89.967343, 35.094996 ], [ -89.967559, 35.095001 ], [ -89.967631, 35.095003 ], [ -89.967745, 35.095005 ], [ -89.968087, 35.095014 ], [ -89.968202, 35.095017 ], [ -89.968586, 35.095024 ], [ -89.969353, 35.095038 ], [ -89.96968, 35.09504 ], [ -89.970155, 35.095013 ], [ -89.970547, 35.095006 ], [ -89.973266, 35.095059 ], [ -89.974117, 35.09509 ], [ -89.974606, 35.095098 ], [ -89.976647, 35.095161 ], [ -89.977538, 35.095179 ], [ -89.977881, 35.09519 ], [ -89.97891, 35.095225 ], [ -89.979253, 35.095237 ], [ -89.97978, 35.095255 ], [ -89.981364, 35.095309 ], [ -89.981892, 35.095328 ], [ -89.982425, 35.095346 ], [ -89.984025, 35.095401 ], [ -89.984559, 35.09542 ], [ -89.984708, 35.095425 ], [ -89.984985, 35.095436 ], [ -89.985106, 35.095431 ], [ -89.985154, 35.095422 ], [ -89.985302, 35.095397 ], [ -89.98564, 35.095567 ], [ -89.986654, 35.096077 ], [ -89.986993, 35.096247 ], [ -89.987, 35.096289 ], [ -89.987009, 35.096341 ], [ -89.987022, 35.096415 ], [ -89.98703, 35.096457 ], [ -89.987109, 35.096442 ], [ -89.987206, 35.096385 ], [ -89.987232, 35.096365 ], [ -89.987339, 35.096423 ], [ -89.987383, 35.096448 ], [ -89.987424, 35.096471 ], [ -89.987425, 35.096423 ], [ -89.98743, 35.096287 ], [ -89.987431, 35.096234 ], [ -89.987942, 35.096485 ], [ -89.989478, 35.097238 ], [ -89.98999, 35.09749 ], [ -89.990967, 35.097991 ], [ -89.991653, 35.098343 ], [ -89.993906, 35.09948 ], [ -89.994107, 35.099582 ], [ -89.994873, 35.100002 ], [ -89.995005, 35.100077 ], [ -89.995401, 35.100302 ], [ -89.995534, 35.100377 ], [ -89.995788, 35.100515 ], [ -89.995958, 35.100601 ], [ -89.996297, 35.100771 ], [ -89.996904, 35.101077 ], [ -89.997378, 35.101318 ], [ -89.998308, 35.10179 ], [ -89.998597, 35.101938 ], [ -89.999362, 35.102332 ], [ -89.999924, 35.102613 ], [ -90.001611, 35.103459 ], [ -90.002174, 35.103741 ], [ -90.002286, 35.103798 ], [ -90.002624, 35.103972 ], [ -90.002737, 35.10403 ], [ -90.002929, 35.104126 ], [ -90.003508, 35.104416 ], [ -90.003701, 35.104513 ], [ -90.003953, 35.104641 ], [ -90.004309, 35.104823 ], [ -90.004707, 35.105035 ], [ -90.004958, 35.105169 ], [ -90.005198, 35.105317 ], [ -90.005918, 35.105761 ], [ -90.006158, 35.10591 ], [ -90.006156, 35.105952 ] ] ] } },
{ "type": "Feature", "properties": { "district_num": "87" }, "geometry": { "type": "Polygon", "coordinates": [ [ [ -90.060706, 35.006687 ], [ -90.060705, 35.007078 ], [ -90.060703, 35.008092 ], [ -90.060709, 35.00878 ], [ -90.060706, 35.009071 ], [ -90.060702, 35.009736 ], [ -90.0607, 35.010246 ], [ -90.060698, 35.010983 ], [ -90.06069, 35.011779 ], [ -90.060685, 35.01229 ], [ -90.060682, 35.012503 ], [ -90.060677, 35.013145 ], [ -90.060675, 35.013359 ], [ -90.060675, 35.01351 ], [ -90.060678, 35.013966 ], [ -90.060679, 35.014118 ], [ -90.060673, 35.014343 ], [ -90.060671, 35.014398 ], [ -90.060668, 35.014736 ], [ -90.060655, 35.016592 ], [ -90.060651, 35.017211 ], [ -90.060649, 35.017523 ], [ -90.060647, 35.018459 ], [ -90.060646, 35.018772 ], [ -90.060643, 35.018959 ], [ -90.060638, 35.019521 ], [ -90.060636, 35.019709 ], [ -90.060632, 35.019958 ], [ -90.060622, 35.020708 ], [ -90.06062, 35.020878 ], [ -90.060617, 35.020958 ], [ -90.060523, 35.020955 ], [ -90.060242, 35.020946 ], [ -90.060149, 35.020943 ], [ -90.059933, 35.020938 ], [ -90.059289, 35.020924 ], [ -90.059074, 35.02092 ], [ -90.058934, 35.020918 ], [ -90.058515, 35.020914 ], [ -90.058376, 35.020913 ], [ -90.058219, 35.020911 ], [ -90.058016, 35.020908 ], [ -90.057738, 35.020905 ], [ -90.056936, 35.020897 ], [ -90.056577, 35.020894 ], [ -90.056574, 35.021024 ], [ -90.05657, 35.021261 ], [ -90.056555, 35.022363 ], [ -90.05655, 35.022731 ], [ -90.056542, 35.023415 ], [ -90.056519, 35.025468 ], [ -90.056512, 35.026153 ], [ -90.05651, 35.026279 ], [ -90.056505, 35.026657 ], [ -90.056505, 35.026702 ], [ -90.056502, 35.026783 ], [ -90.056489, 35.027141 ], [ -90.056473, 35.027615 ], [ -90.056478, 35.028216 ], [ -90.056481, 35.028575 ], [ -90.056483, 35.028789 ], [ -90.056491, 35.029431 ], [ -90.056494, 35.029646 ], [ -90.056489, 35.02987 ], [ -90.056485, 35.030113 ], [ -90.056456, 35.03027 ], [ -90.056359, 35.030507 ], [ -90.056354, 35.030519 ], [ -90.05628, 35.030731 ], [ -90.056248, 35.030907 ], [ -90.056247, 35.030936 ], [ -90.056246, 35.03156 ], [ -90.056246, 35.031768 ], [ -90.056245, 35.031958 ], [ -90.056244, 35.032528 ], [ -90.056244, 35.032719 ], [ -90.056243, 35.032911 ], [ -90.056243, 35.03349 ], [ -90.056243, 35.033683 ], [ -90.056243, 35.033879 ], [ -90.056244, 35.034469 ], [ -90.056245, 35.034666 ], [ -90.055369, 35.034667 ], [ -90.052741, 35.034672 ], [ -90.052032, 35.034674 ], [ -90.051866, 35.034677 ], [ -90.051443, 35.034681 ], [ -90.050176, 35.034693 ], [ -90.049754, 35.034698 ], [ -90.04891, 35.034704 ], [ -90.04638, 35.034724 ], [ -90.045537, 35.034731 ], [ -90.045341, 35.03474 ], [ -90.045142, 35.034765 ], [ -90.044956, 35.034789 ], [ -90.044578, 35.034873 ], [ -90.043986, 35.035027 ], [ -90.043603, 35.035127 ], [ -90.043258, 35.035204 ], [ -90.043115, 35.035237 ], [ -90.04277, 35.035287 ], [ -90.042369, 35.035312 ], [ -90.042205, 35.035313 ], [ -90.042025, 35.035315 ], [ -90.041852, 35.035316 ], [ -90.042125, 35.036656 ], [ -90.042517, 35.038573 ], [ -90.042915, 35.040682 ], [ -90.042923, 35.040721 ], [ -90.043204, 35.04202 ], [ -90.043308, 35.042533 ], [ -90.043479, 35.043376 ], [ -90.043641, 35.044067 ], [ -90.043761, 35.044577 ], [ -90.04355, 35.044595 ], [ -90.042918, 35.044648 ], [ -90.042708, 35.044667 ], [ -90.042344, 35.044663 ], [ -90.041254, 35.044654 ], [ -90.040891, 35.044651 ], [ -90.040836, 35.04465 ], [ -90.040674, 35.044647 ], [ -90.04062, 35.044646 ], [ -90.04058, 35.044645 ], [ -90.040463, 35.044645 ], [ -90.040424, 35.044645 ], [ -90.040256, 35.044644 ], [ -90.039334, 35.044643 ], [ -90.036214, 35.044641 ], [ -90.036067, 35.04464 ], [ -90.034978, 35.044634 ], [ -90.034521, 35.04463 ], [ -90.033349, 35.044622 ], [ -90.03315, 35.044611 ], [ -90.032919, 35.0446 ], [ -90.032695, 35.044576 ], [ -90.032461, 35.044545 ], [ -90.03176, 35.044455 ], [ -90.031527, 35.044425 ], [ -90.031246, 35.044389 ], [ -90.031063, 35.044365 ], [ -90.030683, 35.044316 ], [ -90.029959, 35.04423 ], [ -90.029672, 35.044206 ], [ -90.029637, 35.044204 ], [ -90.029206, 35.044206 ], [ -90.028738, 35.044208 ], [ -90.028285, 35.04421 ], [ -90.027336, 35.0442 ], [ -90.026869, 35.044196 ], [ -90.026653, 35.044198 ], [ -90.026007, 35.044205 ], [ -90.025849, 35.044207 ], [ -90.025792, 35.044208 ], [ -90.025655, 35.044209 ], [ -90.025246, 35.044213 ], [ -90.02515, 35.044215 ], [ -90.02511, 35.044216 ], [ -90.02511, 35.04429 ], [ -90.02511, 35.044512 ], [ -90.02511, 35.044586 ], [ -90.025109, 35.045019 ], [ -90.025109, 35.045125 ], [ -90.025107, 35.04561 ], [ -90.025106, 35.046416 ], [ -90.025101, 35.047836 ], [ -90.025089, 35.048682 ], [ -90.025084, 35.049102 ], [ -90.025077, 35.049707 ], [ -90.025075, 35.050022 ], [ -90.025072, 35.05097 ], [ -90.025071, 35.051286 ], [ -90.025072, 35.051533 ], [ -90.025066, 35.051797 ], [ -90.025037, 35.05333 ], [ -90.025036, 35.053423 ], [ -90.025019, 35.053841 ], [ -90.025015, 35.053923 ], [ -90.025006, 35.054173 ], [ -90.025003, 35.054256 ], [ -90.024959, 35.054669 ], [ -90.024925, 35.055 ], [ -90.024811, 35.055907 ], [ -90.024798, 35.056012 ], [ -90.024747, 35.056318 ], [ -90.024715, 35.056541 ], [ -90.024689, 35.056674 ], [ -90.024511, 35.057628 ], [ -90.024485, 35.057738 ], [ -90.024403, 35.05809 ], [ -90.024287, 35.058568 ], [ -90.024017, 35.059688 ], [ -90.023943, 35.060004 ], [ -90.023848, 35.060416 ], [ -90.023833, 35.060484 ], [ -90.023816, 35.060553 ], [ -90.023776, 35.060726 ], [ -90.023668, 35.061209 ], [ -90.023652, 35.061273 ], [ -90.023609, 35.061454 ], [ -90.023551, 35.061697 ], [ -90.023524, 35.0618 ], [ -90.023447, 35.062109 ], [ -90.023422, 35.062213 ], [ -90.023415, 35.062245 ], [ -90.023398, 35.062319 ], [ -90.023392, 35.062346 ], [ -90.023376, 35.06242 ], [ -90.023363, 35.062482 ], [ -90.023221, 35.06304 ], [ -90.023169, 35.063247 ], [ -90.023151, 35.063313 ], [ -90.023105, 35.063496 ], [ -90.0231, 35.063513 ], [ -90.023088, 35.063558 ], [ -90.023082, 35.06358 ], [ -90.023076, 35.063599 ], [ -90.023062, 35.063658 ], [ -90.023058, 35.063678 ], [ -90.023015, 35.063855 ], [ -90.02289, 35.064386 ], [ -90.022848, 35.064564 ], [ -90.022821, 35.064656 ], [ -90.022743, 35.064936 ], [ -90.022717, 35.065029 ], [ -90.022687, 35.065144 ], [ -90.022622, 35.065407 ], [ -90.0226, 35.065491 ], [ -90.022576, 35.06559 ], [ -90.022572, 35.065607 ], [ -90.022549, 35.0657 ], [ -90.022526, 35.065792 ], [ -90.022447, 35.066112 ], [ -90.022074, 35.067627 ], [ -90.02195, 35.068133 ], [ -90.021823, 35.068649 ], [ -90.021444, 35.070197 ], [ -90.021318, 35.070714 ], [ -90.021288, 35.070836 ], [ -90.0212, 35.071206 ], [ -90.021172, 35.071326 ], [ -90.02105, 35.071315 ], [ -90.020827, 35.071297 ], [ -90.020156, 35.071273 ], [ -90.019866, 35.071276 ], [ -90.019737, 35.071278 ], [ -90.01921, 35.071303 ], [ -90.018404, 35.071385 ], [ -90.016692, 35.071641 ], [ -90.015982, 35.071768 ], [ -90.01528, 35.071894 ], [ -90.014697, 35.072001 ], [ -90.014652, 35.072009 ], [ -90.014516, 35.072033 ], [ -90.014472, 35.072042 ], [ -90.01374, 35.072186 ], [ -90.013505, 35.072228 ], [ -90.012282, 35.07245 ], [ -90.01185, 35.072529 ], [ -90.010599, 35.072753 ], [ -90.00963, 35.072927 ], [ -90.009485, 35.072951 ], [ -90.009044, 35.073022 ], [ -90.007855, 35.073239 ], [ -90.007663, 35.073274 ], [ -90.00669, 35.07345 ], [ -90.005756, 35.07362 ], [ -90.004133, 35.073909 ], [ -90.003773, 35.073974 ], [ -90.002801, 35.07415 ], [ -90.002767, 35.074156 ], [ -90.002667, 35.074173 ], [ -90.002634, 35.07418 ], [ -90.002601, 35.074185 ], [ -90.002505, 35.074202 ], [ -90.002473, 35.074209 ], [ -90.00244, 35.074214 ], [ -90.002344, 35.074231 ], [ -90.002313, 35.074238 ], [ -90.001655, 35.074356 ], [ -90.001402, 35.074402 ], [ -90.000817, 35.074505 ], [ -89.999683, 35.074706 ], [ -89.999322, 35.07477 ], [ -89.999026, 35.074823 ], [ -89.998374, 35.074939 ], [ -89.998281, 35.074955 ], [ -89.997464, 35.0751 ], [ -89.992781, 35.075934 ], [ -89.992486, 35.075987 ], [ -89.991601, 35.076122 ], [ -89.991213, 35.076167 ], [ -89.991014, 35.076189 ], [ -89.990841, 35.07621 ], [ -89.990419, 35.076246 ], [ -89.990221, 35.076264 ], [ -89.989578, 35.076303 ], [ -89.989319, 35.076309 ], [ -89.988806, 35.076322 ], [ -89.988604, 35.076326 ], [ -89.98745, 35.076301 ], [ -89.986612, 35.076246 ], [ -89.986372, 35.076231 ], [ -89.986285, 35.076225 ], [ -89.985712, 35.076188 ], [ -89.985677, 35.076185 ], [ -89.985665, 35.076184 ], [ -89.985583, 35.076179 ], [ -89.985525, 35.076174 ], [ -89.985479, 35.076171 ], [ -89.985492, 35.076114 ], [ -89.985533, 35.075944 ], [ -89.985547, 35.075888 ], [ -89.985574, 35.075768 ], [ -89.985657, 35.075407 ], [ -89.985685, 35.075288 ], [ -89.98591, 35.074311 ], [ -89.985926, 35.074241 ], [ -89.985943, 35.074171 ], [ -89.985751, 35.074186 ], [ -89.985707, 35.074183 ], [ -89.985665, 35.074174 ], [ -89.985624, 35.07416 ], [ -89.985548, 35.074122 ], [ -89.985314, 35.074134 ], [ -89.98527, 35.074132 ], [ -89.985056, 35.074105 ], [ -89.985022, 35.074102 ], [ -89.984747, 35.074066 ], [ -89.984527, 35.074053 ], [ -89.984263, 35.074029 ], [ -89.983824, 35.074023 ], [ -89.983604, 35.074037 ], [ -89.983429, 35.074043 ], [ -89.983253, 35.07404 ], [ -89.982685, 35.074043 ], [ -89.982597, 35.074039 ], [ -89.982247, 35.074056 ], [ -89.981763, 35.07407 ], [ -89.981368, 35.074066 ], [ -89.981324, 35.074063 ], [ -89.980884, 35.074097 ], [ -89.980708, 35.074104 ], [ -89.980445, 35.074106 ], [ -89.980357, 35.0741 ], [ -89.980226, 35.074098 ], [ -89.980138, 35.074109 ], [ -89.979881, 35.074132 ], [ -89.979611, 35.074157 ], [ -89.979567, 35.074158 ], [ -89.979479, 35.074152 ], [ -89.979393, 35.074139 ], [ -89.979086, 35.074106 ], [ -89.978796, 35.074072 ], [ -89.978317, 35.074024 ], [ -89.978231, 35.074011 ], [ -89.978054, 35.074004 ], [ -89.977339, 35.073982 ], [ -89.976902, 35.073973 ], [ -89.97664, 35.073961 ], [ -89.976554, 35.073952 ], [ -89.976336, 35.073941 ], [ -89.976075, 35.073919 ], [ -89.975987, 35.073917 ], [ -89.975769, 35.073898 ], [ -89.975638, 35.073882 ], [ -89.975302, 35.0738 ], [ -89.975084, 35.073778 ], [ -89.97504, 35.07378 ], [ -89.974953, 35.073792 ], [ -89.974825, 35.07382 ], [ -89.974746, 35.073851 ], [ -89.974617, 35.073875 ], [ -89.974529, 35.073882 ], [ -89.974265, 35.073881 ], [ -89.974175, 35.073889 ], [ -89.974087, 35.073885 ], [ -89.973662, 35.073789 ], [ -89.973276, 35.073717 ], [ -89.97319, 35.073705 ], [ -89.972925, 35.07369 ], [ -89.972182, 35.073716 ], [ -89.972052, 35.073724 ], [ -89.971873, 35.073725 ], [ -89.971829, 35.073721 ], [ -89.971442, 35.073659 ], [ -89.971092, 35.073638 ], [ -89.971005, 35.073628 ], [ -89.97083, 35.073616 ], [ -89.970699, 35.073613 ], [ -89.970434, 35.073623 ], [ -89.970303, 35.073623 ], [ -89.970083, 35.073637 ], [ -89.969995, 35.073635 ], [ -89.969865, 35.073621 ], [ -89.969823, 35.073611 ], [ -89.969693, 35.073591 ], [ -89.969346, 35.073563 ], [ -89.969128, 35.073553 ], [ -89.968997, 35.073543 ], [ -89.968823, 35.07354 ], [ -89.968521, 35.073584 ], [ -89.968303, 35.073608 ], [ -89.968259, 35.07361 ], [ -89.968116, 35.073607 ], [ -89.967898, 35.073589 ], [ -89.967078, 35.073483 ], [ -89.966903, 35.073466 ], [ -89.966817, 35.073453 ], [ -89.966773, 35.073451 ], [ -89.966706, 35.073448 ], [ -89.966574, 35.073449 ], [ -89.965873, 35.073486 ], [ -89.965741, 35.073488 ], [ -89.965655, 35.073482 ], [ -89.965088, 35.073461 ], [ -89.964742, 35.073416 ], [ -89.96457, 35.073386 ], [ -89.964524, 35.073379 ], [ -89.964268, 35.073342 ], [ -89.964052, 35.073335 ], [ -89.963878, 35.073346 ], [ -89.963666, 35.07339 ], [ -89.963538, 35.073411 ], [ -89.963364, 35.07342 ], [ -89.96319, 35.073424 ], [ -89.96306, 35.073416 ], [ -89.962758, 35.073381 ], [ -89.962284, 35.073336 ], [ -89.962197, 35.073333 ], [ -89.962025, 35.073313 ], [ -89.961967, 35.073309 ], [ -89.961938, 35.073307 ], [ -89.961639, 35.073251 ], [ -89.961252, 35.073184 ], [ -89.961079, 35.07317 ], [ -89.960864, 35.073141 ], [ -89.959779, 35.07297 ], [ -89.959421, 35.072923 ], [ -89.959388, 35.072919 ], [ -89.959083, 35.072893 ], [ -89.958995, 35.072889 ], [ -89.958822, 35.072903 ], [ -89.95881, 35.072904 ], [ -89.958735, 35.072914 ], [ -89.958659, 35.072949 ], [ -89.958625, 35.072971 ], [ -89.958465, 35.073029 ], [ -89.958342, 35.073066 ], [ -89.958224, 35.073112 ], [ -89.958148, 35.073147 ], [ -89.958107, 35.07316 ], [ -89.958031, 35.073194 ], [ -89.957989, 35.073205 ], [ -89.95791, 35.073235 ], [ -89.957725, 35.073329 ], [ -89.957606, 35.073377 ], [ -89.957564, 35.073387 ], [ -89.957261, 35.073436 ], [ -89.957137, 35.073473 ], [ -89.957082, 35.073499 ], [ -89.956986, 35.073546 ], [ -89.956913, 35.073586 ], [ -89.956851, 35.073636 ], [ -89.956646, 35.073772 ], [ -89.956558, 35.073813 ], [ -89.956446, 35.073866 ], [ -89.956079, 35.074062 ], [ -89.956047, 35.074087 ], [ -89.955903, 35.074169 ], [ -89.955875, 35.074187 ], [ -89.95561, 35.074326 ], [ -89.955375, 35.074424 ], [ -89.955337, 35.074443 ], [ -89.955173, 35.074495 ], [ -89.955094, 35.074526 ], [ -89.954942, 35.0746 ], [ -89.954908, 35.074621 ], [ -89.954812, 35.074695 ], [ -89.954756, 35.07475 ], [ -89.95469, 35.074797 ], [ -89.954645, 35.074859 ], [ -89.95459, 35.074914 ], [ -89.954551, 35.074978 ], [ -89.954501, 35.075076 ], [ -89.954457, 35.075138 ], [ -89.954391, 35.075307 ], [ -89.954358, 35.075373 ], [ -89.954294, 35.075542 ], [ -89.954263, 35.075645 ], [ -89.954254, 35.075679 ], [ -89.954188, 35.07596 ], [ -89.954087, 35.076441 ], [ -89.954048, 35.07663 ], [ -89.954012, 35.076732 ], [ -89.953961, 35.07679 ], [ -89.95382, 35.076926 ], [ -89.953611, 35.077155 ], [ -89.953375, 35.077397 ], [ -89.953304, 35.077486 ], [ -89.953194, 35.077597 ], [ -89.952965, 35.077859 ], [ -89.952848, 35.077965 ], [ -89.952836, 35.077979 ], [ -89.952771, 35.078051 ], [ -89.952421, 35.07827 ], [ -89.95239, 35.078296 ], [ -89.952367, 35.078326 ], [ -89.952299, 35.078457 ], [ -89.952291, 35.078492 ], [ -89.952288, 35.078564 ], [ -89.951929, 35.078809 ], [ -89.951891, 35.078828 ], [ -89.951849, 35.078839 ], [ -89.95169, 35.078898 ], [ -89.9514, 35.078983 ], [ -89.951323, 35.079019 ], [ -89.951242, 35.079044 ], [ -89.950891, 35.079084 ], [ -89.950804, 35.079087 ], [ -89.950148, 35.07904 ], [ -89.950063, 35.079022 ], [ -89.949977, 35.079009 ], [ -89.949716, 35.078982 ], [ -89.949373, 35.078925 ], [ -89.949247, 35.078898 ], [ -89.94916, 35.078885 ], [ -89.948854, 35.078858 ], [ -89.948258, 35.078806 ], [ -89.948083, 35.078815 ], [ -89.947775, 35.078793 ], [ -89.947252, 35.078736 ], [ -89.946908, 35.078682 ], [ -89.946697, 35.078635 ], [ -89.94661, 35.078625 ], [ -89.946396, 35.078585 ], [ -89.946092, 35.078547 ], [ -89.945964, 35.078523 ], [ -89.945796, 35.078481 ], [ -89.945186, 35.078416 ], [ -89.945098, 35.078411 ], [ -89.944705, 35.078448 ], [ -89.944441, 35.078445 ], [ -89.944353, 35.07844 ], [ -89.943499, 35.078282 ], [ -89.94337, 35.078262 ], [ -89.943023, 35.07822 ], [ -89.942935, 35.07822 ], [ -89.942848, 35.078225 ], [ -89.942803, 35.078223 ], [ -89.94276, 35.07823 ], [ -89.942691, 35.078213 ], [ -89.942513, 35.07818 ], [ -89.942138, 35.078087 ], [ -89.942087, 35.078083 ], [ -89.941955, 35.078082 ], [ -89.941563, 35.078051 ], [ -89.940509, 35.077995 ], [ -89.940382, 35.077976 ], [ -89.940124, 35.077937 ], [ -89.940041, 35.077919 ], [ -89.939867, 35.077905 ], [ -89.939739, 35.077886 ], [ -89.939698, 35.077874 ], [ -89.93957, 35.077857 ], [ -89.939397, 35.077845 ], [ -89.939182, 35.077818 ], [ -89.938139, 35.077712 ], [ -89.937833, 35.077692 ], [ -89.937659, 35.077676 ], [ -89.937439, 35.077664 ], [ -89.937042, 35.077653 ], [ -89.936779, 35.077639 ], [ -89.936295, 35.077642 ], [ -89.93603, 35.077635 ], [ -89.93581, 35.077623 ], [ -89.934312, 35.077583 ], [ -89.934226, 35.077573 ], [ -89.934182, 35.077573 ], [ -89.933965, 35.077557 ], [ -89.933879, 35.077554 ], [ -89.933482, 35.077555 ], [ -89.933306, 35.077551 ], [ -89.933175, 35.077539 ], [ -89.933089, 35.077525 ], [ -89.933045, 35.077523 ], [ -89.932958, 35.077511 ], [ -89.932708, 35.077443 ], [ -89.932587, 35.077399 ], [ -89.932463, 35.077362 ], [ -89.932294, 35.077322 ], [ -89.932165, 35.077298 ], [ -89.931689, 35.07725 ], [ -89.931514, 35.077243 ], [ -89.931455, 35.077239 ], [ -89.931448, 35.07731 ], [ -89.931435, 35.077434 ], [ -89.93143, 35.077477 ], [ -89.931402, 35.077769 ], [ -89.931396, 35.077837 ], [ -89.931375, 35.078193 ], [ -89.931362, 35.078432 ], [ -89.931361, 35.078447 ], [ -89.93136, 35.078493 ], [ -89.93136, 35.078509 ], [ -89.931356, 35.078608 ], [ -89.931348, 35.078907 ], [ -89.931346, 35.079007 ], [ -89.93134, 35.079191 ], [ -89.931325, 35.07972 ], [ -89.931325, 35.079746 ], [ -89.931322, 35.079865 ], [ -89.931317, 35.080109 ], [ -89.931315, 35.080223 ], [ -89.931313, 35.080343 ], [ -89.931311, 35.080433 ], [ -89.931309, 35.080509 ], [ -89.931296, 35.081456 ], [ -89.931289, 35.08171 ], [ -89.931281, 35.082013 ], [ -89.931279, 35.082111 ], [ -89.931275, 35.082325 ], [ -89.931275, 35.082388 ], [ -89.931272, 35.082578 ], [ -89.931264, 35.082967 ], [ -89.93126, 35.083182 ], [ -89.931257, 35.083266 ], [ -89.93125, 35.083522 ], [ -89.931248, 35.083607 ], [ -89.931241, 35.083913 ], [ -89.931233, 35.084279 ], [ -89.93122, 35.084831 ], [ -89.931214, 35.085138 ], [ -89.931182, 35.08637 ], [ -89.93118, 35.08646 ], [ -89.931179, 35.086506 ], [ -89.931177, 35.086616 ], [ -89.931175, 35.086738 ], [ -89.931143, 35.088131 ], [ -89.931138, 35.088293 ], [ -89.931125, 35.088783 ], [ -89.931121, 35.088946 ], [ -89.931115, 35.089193 ], [ -89.931099, 35.089934 ], [ -89.931094, 35.090182 ], [ -89.931088, 35.090423 ], [ -89.931072, 35.09115 ], [ -89.931067, 35.091392 ], [ -89.931059, 35.09171 ], [ -89.93104, 35.092612 ], [ -89.931039, 35.092666 ], [ -89.931039, 35.092716 ], [ -89.931032, 35.092985 ], [ -89.931026, 35.093164 ], [ -89.931012, 35.093702 ], [ -89.931008, 35.093882 ], [ -89.931001, 35.094127 ], [ -89.930984, 35.094865 ], [ -89.930979, 35.095112 ], [ -89.930975, 35.09523 ], [ -89.930966, 35.095584 ], [ -89.930963, 35.095703 ], [ -89.930958, 35.095889 ], [ -89.930945, 35.096449 ], [ -89.930941, 35.096636 ], [ -89.930939, 35.096715 ], [ -89.930934, 35.096952 ], [ -89.930933, 35.097032 ], [ -89.930926, 35.097259 ], [ -89.930908, 35.097941 ], [ -89.930903, 35.098169 ], [ -89.930896, 35.098418 ], [ -89.930877, 35.099169 ], [ -89.930871, 35.099419 ], [ -89.930864, 35.099643 ], [ -89.930847, 35.100316 ], [ -89.930841, 35.100541 ], [ -89.930822, 35.101239 ], [ -89.930768, 35.103304 ], [ -89.930751, 35.103995 ], [ -89.930748, 35.104072 ], [ -89.930743, 35.104305 ], [ -89.930741, 35.104383 ], [ -89.930725, 35.105009 ], [ -89.930719, 35.105233 ], [ -89.930678, 35.106716 ], [ -89.93067, 35.106876 ], [ -89.930668, 35.106924 ], [ -89.930668, 35.107436 ], [ -89.930668, 35.1075 ], [ -89.930575, 35.107497 ], [ -89.930335, 35.107491 ], [ -89.930299, 35.10749 ], [ -89.930207, 35.107489 ], [ -89.929949, 35.107482 ], [ -89.929177, 35.107464 ], [ -89.92892, 35.107459 ], [ -89.928664, 35.107452 ], [ -89.927897, 35.107433 ], [ -89.927642, 35.107427 ], [ -89.927359, 35.10742 ], [ -89.926511, 35.107399 ], [ -89.926229, 35.107393 ], [ -89.925773, 35.107383 ], [ -89.924405, 35.107353 ], [ -89.924306, 35.10735 ], [ -89.924122, 35.107344 ], [ -89.923952, 35.107339 ], [ -89.923871, 35.107336 ], [ -89.923632, 35.10733 ], [ -89.923552, 35.107328 ], [ -89.923345, 35.107322 ], [ -89.922724, 35.107306 ], [ -89.922517, 35.107301 ], [ -89.922307, 35.107295 ], [ -89.92168, 35.107277 ], [ -89.921471, 35.107272 ], [ -89.921207, 35.107264 ], [ -89.920881, 35.107256 ], [ -89.920415, 35.107242 ], [ -89.920152, 35.107235 ], [ -89.920155, 35.107153 ], [ -89.920153, 35.106856 ], [ -89.92012, 35.106677 ], [ -89.920108, 35.106608 ], [ -89.920067, 35.106378 ], [ -89.920051, 35.106215 ], [ -89.920065, 35.10573 ], [ -89.9201, 35.105351 ], [ -89.920146, 35.105004 ], [ -89.920173, 35.104813 ], [ -89.920207, 35.104447 ], [ -89.920237, 35.104118 ], [ -89.920276, 35.103707 ], [ -89.920292, 35.103364 ], [ -89.920306, 35.103131 ], [ -89.920321, 35.10291 ], [ -89.920319, 35.102802 ], [ -89.920298, 35.102736 ], [ -89.920241, 35.102658 ], [ -89.920206, 35.102611 ], [ -89.920118, 35.10249 ], [ -89.920101, 35.102466 ], [ -89.919969, 35.102348 ], [ -89.9199, 35.102304 ], [ -89.919831, 35.102261 ], [ -89.919753, 35.102232 ], [ -89.919561, 35.102172 ], [ -89.919456, 35.102154 ], [ -89.918979, 35.102124 ], [ -89.918948, 35.102123 ], [ -89.91803, 35.10212 ], [ -89.916623, 35.102082 ], [ -89.915838, 35.102062 ], [ -89.915843, 35.101878 ], [ -89.915858, 35.101328 ], [ -89.915864, 35.101145 ], [ -89.915869, 35.100958 ], [ -89.915884, 35.1004 ], [ -89.91589, 35.100215 ], [ -89.915895, 35.100016 ], [ -89.915898, 35.099906 ], [ -89.915911, 35.09942 ], [ -89.915917, 35.099222 ], [ -89.915924, 35.098967 ], [ -89.915929, 35.098824 ], [ -89.915945, 35.098202 ], [ -89.915952, 35.097948 ], [ -89.915958, 35.097716 ], [ -89.915978, 35.09702 ], [ -89.915986, 35.096789 ], [ -89.915991, 35.096627 ], [ -89.916008, 35.09614 ], [ -89.916014, 35.095979 ], [ -89.91602, 35.095825 ], [ -89.91604, 35.095362 ], [ -89.916047, 35.095209 ], [ -89.915865, 35.095128 ], [ -89.915319, 35.094885 ], [ -89.915137, 35.094805 ], [ -89.914999, 35.094743 ], [ -89.914587, 35.09456 ], [ -89.914501, 35.094522 ], [ -89.91445, 35.0945 ], [ -89.914436, 35.094522 ], [ -89.914296, 35.094774 ], [ -89.914202, 35.094884 ], [ -89.914129, 35.094906 ], [ -89.913828, 35.094835 ], [ -89.913447, 35.094834 ], [ -89.913187, 35.094917 ], [ -89.913033, 35.095016 ], [ -89.912859, 35.095175 ], [ -89.912826, 35.095186 ], [ -89.912659, 35.095351 ], [ -89.912619, 35.095367 ], [ -89.912599, 35.095411 ], [ -89.912558, 35.095428 ], [ -89.912545, 35.09546 ], [ -89.912512, 35.095477 ], [ -89.912418, 35.095581 ], [ -89.912204, 35.095752 ], [ -89.912037, 35.096065 ], [ -89.91197, 35.096152 ], [ -89.911636, 35.096718 ], [ -89.911469, 35.097037 ], [ -89.911435, 35.097053 ], [ -89.911355, 35.097179 ], [ -89.911288, 35.0973 ], [ -89.911248, 35.09735 ], [ -89.911028, 35.097696 ], [ -89.910907, 35.097932 ], [ -89.910834, 35.098014 ], [ -89.910794, 35.098091 ], [ -89.91076, 35.098113 ], [ -89.910687, 35.098272 ], [ -89.910639, 35.098345 ], [ -89.910593, 35.098415 ], [ -89.910526, 35.098596 ], [ -89.910479, 35.09869 ], [ -89.910332, 35.099025 ], [ -89.910172, 35.099332 ], [ -89.910078, 35.099447 ], [ -89.909958, 35.099673 ], [ -89.909824, 35.099898 ], [ -89.909751, 35.100079 ], [ -89.909711, 35.100288 ], [ -89.909659, 35.100287 ], [ -89.90953, 35.100285 ], [ -89.908988, 35.10028 ], [ -89.908808, 35.100279 ], [ -89.908594, 35.100342 ], [ -89.908449, 35.100385 ], [ -89.907956, 35.10054 ], [ -89.907791, 35.100593 ], [ -89.907743, 35.1006 ], [ -89.907543, 35.100609 ], [ -89.907519, 35.100608 ], [ -89.90685, 35.100602 ], [ -89.906627, 35.1006 ], [ -89.906412, 35.100592 ], [ -89.905768, 35.100571 ], [ -89.905554, 35.100564 ], [ -89.905337, 35.100558 ], [ -89.904689, 35.10054 ], [ -89.904473, 35.100534 ], [ -89.904211, 35.100529 ], [ -89.903428, 35.100515 ], [ -89.903167, 35.100511 ], [ -89.903147, 35.101074 ], [ -89.903139, 35.101308 ], [ -89.903087, 35.102766 ], [ -89.903086, 35.10281 ], [ -89.903069, 35.10333 ], [ -89.903059, 35.103574 ], [ -89.903033, 35.104309 ], [ -89.903025, 35.104554 ], [ -89.903022, 35.104626 ], [ -89.903014, 35.104842 ], [ -89.903012, 35.104915 ], [ -89.903005, 35.105133 ], [ -89.902998, 35.105352 ], [ -89.902988, 35.10558 ], [ -89.902982, 35.105737 ], [ -89.902976, 35.105956 ], [ -89.902966, 35.106211 ], [ -89.902961, 35.106369 ], [ -89.902958, 35.106451 ], [ -89.902953, 35.1067 ], [ -89.902952, 35.106752 ], [ -89.902951, 35.106783 ], [ -89.902536, 35.106771 ], [ -89.902263, 35.106763 ], [ -89.901822, 35.106751 ], [ -89.90153, 35.106746 ], [ -89.901399, 35.10674 ], [ -89.901288, 35.106737 ], [ -89.899388, 35.106691 ], [ -89.898783, 35.106676 ], [ -89.898105, 35.106658 ], [ -89.896074, 35.106604 ], [ -89.895397, 35.106587 ], [ -89.895398, 35.106558 ], [ -89.895404, 35.106363 ], [ -89.895421, 35.105846 ], [ -89.895423, 35.105693 ], [ -89.895428, 35.10547 ], [ -89.895431, 35.105395 ], [ -89.89544, 35.105171 ], [ -89.895444, 35.105097 ], [ -89.895449, 35.104969 ], [ -89.895466, 35.104585 ], [ -89.895472, 35.104458 ], [ -89.895473, 35.104409 ], [ -89.895478, 35.104264 ], [ -89.89548, 35.104216 ], [ -89.895487, 35.10407 ], [ -89.895505, 35.103632 ], [ -89.895512, 35.103486 ], [ -89.895519, 35.103314 ], [ -89.895541, 35.102798 ], [ -89.895549, 35.102627 ], [ -89.895556, 35.102456 ], [ -89.895579, 35.101946 ], [ -89.895587, 35.101776 ], [ -89.895593, 35.101612 ], [ -89.895613, 35.101121 ], [ -89.895621, 35.100958 ], [ -89.895626, 35.10081 ], [ -89.895643, 35.100367 ], [ -89.89565, 35.10022 ], [ -89.895656, 35.100075 ], [ -89.895675, 35.099641 ], [ -89.895682, 35.099497 ], [ -89.895688, 35.099344 ], [ -89.895706, 35.098887 ], [ -89.895713, 35.098735 ], [ -89.895718, 35.098579 ], [ -89.895735, 35.098114 ], [ -89.895741, 35.097959 ], [ -89.895747, 35.097806 ], [ -89.895764, 35.097349 ], [ -89.895771, 35.097197 ], [ -89.895777, 35.097027 ], [ -89.895797, 35.09652 ], [ -89.895804, 35.096351 ], [ -89.89581, 35.096184 ], [ -89.895827, 35.095683 ], [ -89.895834, 35.095517 ], [ -89.89584, 35.095352 ], [ -89.895857, 35.094859 ], [ -89.895864, 35.094695 ], [ -89.89587, 35.09452 ], [ -89.89589, 35.093995 ], [ -89.895898, 35.093821 ], [ -89.895905, 35.093638 ], [ -89.895928, 35.093089 ], [ -89.895937, 35.092907 ], [ -89.895942, 35.09274 ], [ -89.895958, 35.092238 ], [ -89.895964, 35.092072 ], [ -89.89597, 35.091893 ], [ -89.895987, 35.091357 ], [ -89.895994, 35.091179 ], [ -89.896019, 35.09055 ], [ -89.896093, 35.088666 ], [ -89.896119, 35.088038 ], [ -89.896136, 35.087551 ], [ -89.896177, 35.086423 ], [ -89.896159, 35.08619 ], [ -89.896134, 35.086095 ], [ -89.896087, 35.085911 ], [ -89.896039, 35.085769 ], [ -89.895981, 35.085635 ], [ -89.895917, 35.085487 ], [ -89.895899, 35.08546 ], [ -89.895831, 35.085354 ], [ -89.895628, 35.085115 ], [ -89.895524, 35.085022 ], [ -89.895439, 35.084946 ], [ -89.895377, 35.084899 ], [ -89.895186, 35.084754 ], [ -89.895163, 35.084737 ], [ -89.895126, 35.084713 ], [ -89.894585, 35.084365 ], [ -89.894384, 35.084237 ], [ -89.894323, 35.084199 ], [ -89.894143, 35.084085 ], [ -89.894083, 35.084047 ], [ -89.893861, 35.083907 ], [ -89.893564, 35.08372 ], [ -89.893375, 35.083596 ], [ -89.893183, 35.083476 ], [ -89.892974, 35.083347 ], [ -89.892808, 35.083241 ], [ -89.892311, 35.082924 ], [ -89.892146, 35.082819 ], [ -89.891962, 35.082703 ], [ -89.89141, 35.082355 ], [ -89.891227, 35.082239 ], [ -89.891077, 35.082144 ], [ -89.891045, 35.082124 ], [ -89.890952, 35.082066 ], [ -89.890858, 35.082009 ], [ -89.890535, 35.08181 ], [ -89.889928, 35.081437 ], [ -89.88899, 35.080893 ], [ -89.888972, 35.080883 ], [ -89.888537, 35.080615 ], [ -89.888481, 35.08058 ], [ -89.888458, 35.080566 ], [ -89.888226, 35.080424 ], [ -89.887931, 35.080245 ], [ -89.887479, 35.079953 ], [ -89.887469, 35.079947 ], [ -89.887214, 35.079793 ], [ -89.886961, 35.079638 ], [ -89.886202, 35.079174 ], [ -89.88595, 35.07902 ], [ -89.885738, 35.07889 ], [ -89.885638, 35.078828 ], [ -89.884705, 35.078249 ], [ -89.884395, 35.078056 ], [ -89.884411, 35.078013 ], [ -89.884505, 35.077753 ], [ -89.884543, 35.077567 ], [ -89.884558, 35.077443 ], [ -89.88457, 35.077369 ], [ -89.884637, 35.076971 ], [ -89.884742, 35.075241 ], [ -89.884758, 35.074988 ], [ -89.884784, 35.074531 ], [ -89.884799, 35.074357 ], [ -89.884809, 35.074254 ], [ -89.884861, 35.074064 ], [ -89.884942, 35.073857 ], [ -89.88495, 35.073839 ], [ -89.885024, 35.073704 ], [ -89.885141, 35.073517 ], [ -89.885253, 35.07328 ], [ -89.885305, 35.073106 ], [ -89.885341, 35.072828 ], [ -89.885372, 35.072153 ], [ -89.885399, 35.071548 ], [ -89.885419, 35.071116 ], [ -89.885424, 35.071018 ], [ -89.885444, 35.070532 ], [ -89.885447, 35.070452 ], [ -89.885462, 35.070138 ], [ -89.885469, 35.070011 ], [ -89.885505, 35.069196 ], [ -89.885519, 35.068882 ], [ -89.885533, 35.068495 ], [ -89.885573, 35.067434 ], [ -89.885576, 35.067335 ], [ -89.885592, 35.066949 ], [ -89.885618, 35.066443 ], [ -89.885651, 35.065815 ], [ -89.885689, 35.064928 ], [ -89.885711, 35.064423 ], [ -89.885714, 35.064327 ], [ -89.885726, 35.064038 ], [ -89.88573, 35.063943 ], [ -89.885734, 35.063833 ], [ -89.885746, 35.063506 ], [ -89.885751, 35.063397 ], [ -89.885756, 35.063278 ], [ -89.885773, 35.062924 ], [ -89.88578, 35.062806 ], [ -89.885797, 35.062435 ], [ -89.885822, 35.061909 ], [ -89.884116, 35.061873 ], [ -89.883019, 35.061842 ], [ -89.882784, 35.061819 ], [ -89.882429, 35.06175 ], [ -89.882082, 35.061643 ], [ -89.881876, 35.061579 ], [ -89.881258, 35.061389 ], [ -89.881053, 35.061326 ], [ -89.880878, 35.061273 ], [ -89.880627, 35.061197 ], [ -89.880395, 35.061149 ], [ -89.880349, 35.061143 ], [ -89.880169, 35.06112 ], [ -89.87984, 35.061099 ], [ -89.879574, 35.061091 ], [ -89.877787, 35.061041 ], [ -89.877192, 35.061025 ], [ -89.876968, 35.061019 ], [ -89.8763, 35.061002 ], [ -89.876077, 35.060997 ], [ -89.876088, 35.06068 ], [ -89.876117, 35.059929 ], [ -89.876089, 35.059732 ], [ -89.876008, 35.059494 ], [ -89.875982, 35.059435 ], [ -89.875865, 35.059252 ], [ -89.875807, 35.059184 ], [ -89.875661, 35.05901 ], [ -89.875387, 35.058695 ], [ -89.87528, 35.058542 ], [ -89.875241, 35.058464 ], [ -89.875189, 35.058358 ], [ -89.875137, 35.058178 ], [ -89.87511, 35.058 ], [ -89.87511, 35.057982 ], [ -89.875124, 35.057735 ], [ -89.875181, 35.057538 ], [ -89.875242, 35.057412 ], [ -89.875329, 35.057235 ], [ -89.875431, 35.057021 ], [ -89.875521, 35.056902 ], [ -89.875558, 35.05687 ], [ -89.875609, 35.056827 ], [ -89.875765, 35.056713 ], [ -89.87587, 35.056609 ], [ -89.875928, 35.056522 ], [ -89.875986, 35.056437 ], [ -89.876043, 35.056316 ], [ -89.876181, 35.055976 ], [ -89.876195, 35.055921 ], [ -89.876235, 35.055768 ], [ -89.876258, 35.055539 ], [ -89.876278, 35.054656 ], [ -89.876288, 35.054233 ], [ -89.876292, 35.054064 ], [ -89.876306, 35.053556 ], [ -89.876311, 35.053388 ], [ -89.876307, 35.053171 ], [ -89.876307, 35.053152 ], [ -89.876282, 35.053025 ], [ -89.876221, 35.052896 ], [ -89.87617, 35.05283 ], [ -89.876123, 35.052768 ], [ -89.87594, 35.052595 ], [ -89.875414, 35.05213 ], [ -89.875229, 35.05192 ], [ -89.875111, 35.051733 ], [ -89.875028, 35.051536 ], [ -89.875022, 35.051509 ], [ -89.874993, 35.051376 ], [ -89.874967, 35.051129 ], [ -89.874972, 35.050923 ], [ -89.874976, 35.050798 ], [ -89.874991, 35.050426 ], [ -89.874992, 35.050404 ], [ -89.874998, 35.050303 ], [ -89.875001, 35.050256 ], [ -89.875021, 35.050074 ], [ -89.875041, 35.049894 ], [ -89.875072, 35.04963 ], [ -89.87512, 35.048663 ], [ -89.875124, 35.048601 ], [ -89.875135, 35.048253 ], [ -89.875343, 35.048258 ], [ -89.875968, 35.048275 ], [ -89.876177, 35.048281 ], [ -89.876378, 35.048287 ], [ -89.876981, 35.048305 ], [ -89.877182, 35.048311 ], [ -89.877361, 35.048312 ], [ -89.877829, 35.048315 ], [ -89.877899, 35.048329 ], [ -89.877963, 35.048343 ], [ -89.878066, 35.048395 ], [ -89.878025, 35.04847 ], [ -89.877939, 35.048686 ], [ -89.877922, 35.048766 ], [ -89.877905, 35.048854 ], [ -89.877862, 35.049964 ], [ -89.877849, 35.050311 ], [ -89.877847, 35.050365 ], [ -89.878394, 35.050379 ], [ -89.880783, 35.05044 ], [ -89.880866, 35.050442 ], [ -89.882305, 35.050472 ], [ -89.882374, 35.050473 ], [ -89.882708, 35.05048 ], [ -89.883512, 35.050494 ], [ -89.884051, 35.050503 ], [ -89.884407, 35.05051 ], [ -89.884838, 35.050508 ], [ -89.885636, 35.050526 ], [ -89.88567, 35.050526 ], [ -89.886157, 35.050538 ], [ -89.88621, 35.050539 ], [ -89.886684, 35.050546 ], [ -89.886714, 35.050547 ], [ -89.886978, 35.050552 ], [ -89.888109, 35.050572 ], [ -89.888334, 35.050576 ], [ -89.888584, 35.050581 ], [ -89.888755, 35.050585 ], [ -89.889267, 35.050599 ], [ -89.889356, 35.050602 ], [ -89.889404, 35.050603 ], [ -89.889439, 35.050604 ], [ -89.889518, 35.050606 ], [ -89.889892, 35.050617 ], [ -89.891252, 35.050659 ], [ -89.891706, 35.050673 ], [ -89.892846, 35.050708 ], [ -89.896268, 35.050814 ], [ -89.897409, 35.05085 ], [ -89.897727, 35.050858 ], [ -89.898585, 35.050879 ], [ -89.898681, 35.050882 ], [ -89.899, 35.05089 ], [ -89.899346, 35.050897 ], [ -89.899642, 35.050904 ], [ -89.900385, 35.050931 ], [ -89.900732, 35.050944 ], [ -89.900935, 35.050952 ], [ -89.901544, 35.050976 ], [ -89.901748, 35.050985 ], [ -89.9019, 35.05099 ], [ -89.902356, 35.051006 ], [ -89.902509, 35.051012 ], [ -89.902526, 35.051012 ], [ -89.902577, 35.051014 ], [ -89.902595, 35.051015 ], [ -89.902668, 35.051017 ], [ -89.902804, 35.051023 ], [ -89.90289, 35.051026 ], [ -89.902964, 35.051029 ], [ -89.903025, 35.05103 ], [ -89.903211, 35.051035 ], [ -89.903273, 35.051037 ], [ -89.903426, 35.051041 ], [ -89.904117, 35.051057 ], [ -89.904251, 35.051061 ], [ -89.906651, 35.051103 ], [ -89.907496, 35.051118 ], [ -89.907562, 35.051119 ], [ -89.907743, 35.051123 ], [ -89.907763, 35.051123 ], [ -89.90783, 35.051124 ], [ -89.907879, 35.051124 ], [ -89.908028, 35.051127 ], [ -89.908078, 35.051128 ], [ -89.908617, 35.051138 ], [ -89.910236, 35.051169 ], [ -89.910648, 35.051178 ], [ -89.910776, 35.05118 ], [ -89.910908, 35.051185 ], [ -89.91096, 35.051187 ], [ -89.911512, 35.051209 ], [ -89.911696, 35.051217 ], [ -89.912364, 35.051242 ], [ -89.913909, 35.0513 ], [ -89.914368, 35.051317 ], [ -89.915037, 35.051344 ], [ -89.91509, 35.051346 ], [ -89.915249, 35.051352 ], [ -89.915303, 35.051354 ], [ -89.915324, 35.051355 ], [ -89.915705, 35.051367 ], [ -89.916912, 35.051407 ], [ -89.917315, 35.051421 ], [ -89.917981, 35.05144 ], [ -89.918937, 35.051438 ], [ -89.919317, 35.051477 ], [ -89.920195, 35.051496 ], [ -89.920348, 35.051499 ], [ -89.920366, 35.051499 ], [ -89.920879, 35.05151 ], [ -89.92105, 35.051514 ], [ -89.921231, 35.051517 ], [ -89.921649, 35.051524 ], [ -89.921777, 35.051526 ], [ -89.92196, 35.051529 ], [ -89.922086, 35.051531 ], [ -89.922167, 35.051468 ], [ -89.923464, 35.051495 ], [ -89.924678, 35.051507 ], [ -89.925244, 35.051514 ], [ -89.925285, 35.051514 ], [ -89.925851, 35.051523 ], [ -89.92595, 35.051525 ], [ -89.926058, 35.051526 ], [ -89.926313, 35.05153 ], [ -89.926583, 35.051535 ], [ -89.926691, 35.051537 ], [ -89.927072, 35.051543 ], [ -89.927514, 35.051551 ], [ -89.927933, 35.051565 ], [ -89.928552, 35.051622 ], [ -89.928985, 35.051643 ], [ -89.92903, 35.051679 ], [ -89.929545, 35.051664 ], [ -89.930718, 35.051659 ], [ -89.931306, 35.051674 ], [ -89.932847, 35.051719 ], [ -89.933158, 35.051731 ], [ -89.933383, 35.05174 ], [ -89.933589, 35.051748 ], [ -89.933766, 35.051755 ], [ -89.933918, 35.051759 ], [ -89.93401, 35.051761 ], [ -89.934274, 35.051765 ], [ -89.935241, 35.051776 ], [ -89.93656, 35.051803 ], [ -89.93674, 35.051875 ], [ -89.937153, 35.051881 ], [ -89.937793, 35.051897 ], [ -89.939713, 35.051945 ], [ -89.940353, 35.051962 ], [ -89.940957, 35.051978 ], [ -89.942772, 35.052027 ], [ -89.943377, 35.052044 ], [ -89.944351, 35.052079 ], [ -89.944962, 35.052101 ], [ -89.946399, 35.052154 ], [ -89.947275, 35.05217 ], [ -89.948251, 35.052189 ], [ -89.948555, 35.052194 ], [ -89.949131, 35.052204 ], [ -89.949469, 35.05221 ], [ -89.949774, 35.052216 ], [ -89.950153, 35.052221 ], [ -89.951293, 35.052238 ], [ -89.951673, 35.052244 ], [ -89.952299, 35.052256 ], [ -89.953854, 35.052286 ], [ -89.95418, 35.052296 ], [ -89.954807, 35.052316 ], [ -89.954933, 35.052319 ], [ -89.955312, 35.05233 ], [ -89.955439, 35.052334 ], [ -89.956251, 35.052356 ], [ -89.957772, 35.052399 ], [ -89.958689, 35.052428 ], [ -89.959502, 35.052455 ], [ -89.959594, 35.052459 ], [ -89.959712, 35.052518 ], [ -89.9602, 35.052538 ], [ -89.962223, 35.052622 ], [ -89.962336, 35.052624 ], [ -89.963049, 35.05264 ], [ -89.963789, 35.052663 ], [ -89.963981, 35.052668 ], [ -89.964214, 35.052674 ], [ -89.964459, 35.05268 ], [ -89.96448, 35.052681 ], [ -89.965195, 35.052701 ], [ -89.965441, 35.052708 ], [ -89.965676, 35.052714 ], [ -89.966383, 35.052732 ], [ -89.966619, 35.052738 ], [ -89.966654, 35.052739 ], [ -89.966991, 35.052749 ], [ -89.968107, 35.052783 ], [ -89.968479, 35.052795 ], [ -89.969305, 35.052818 ], [ -89.96942, 35.052821 ], [ -89.969577, 35.052826 ], [ -89.969837, 35.052833 ], [ -89.970568, 35.052854 ], [ -89.970677, 35.052857 ], [ -89.971784, 35.052883 ], [ -89.972186, 35.052893 ], [ -89.972563, 35.052877 ], [ -89.972611, 35.052875 ], [ -89.972901, 35.05286 ], [ -89.974223, 35.052742 ], [ -89.974436, 35.052724 ], [ -89.974681, 35.052707 ], [ -89.975008, 35.052684 ], [ -89.975274, 35.052665 ], [ -89.975881, 35.052606 ], [ -89.976128, 35.052582 ], [ -89.976423, 35.052553 ], [ -89.976757, 35.052522 ], [ -89.977408, 35.052478 ], [ -89.977804, 35.052439 ], [ -89.97804, 35.052421 ], [ -89.978785, 35.052353 ], [ -89.978868, 35.052346 ], [ -89.97906, 35.052329 ], [ -89.979455, 35.052296 ], [ -89.980673, 35.052188 ], [ -89.980954, 35.052167 ], [ -89.981575, 35.052122 ], [ -89.981797, 35.052106 ], [ -89.981937, 35.052097 ], [ -89.981969, 35.052095 ], [ -89.981988, 35.052094 ], [ -89.982079, 35.052088 ], [ -89.982482, 35.052084 ], [ -89.982755, 35.052098 ], [ -89.983181, 35.052152 ], [ -89.983566, 35.05223 ], [ -89.983849, 35.052309 ], [ -89.984801, 35.05263 ], [ -89.984902, 35.052666 ], [ -89.985398, 35.052853 ], [ -89.985958, 35.05311 ], [ -89.98606, 35.053151 ], [ -89.98643, 35.053314 ], [ -89.98669, 35.053401 ], [ -89.986703, 35.053406 ], [ -89.986996, 35.053468 ], [ -89.987205, 35.053491 ], [ -89.98743, 35.053504 ], [ -89.987651, 35.053497 ], [ -89.987999, 35.05345 ], [ -89.988732, 35.053319 ], [ -89.989033, 35.053297 ], [ -89.989052, 35.053296 ], [ -89.989227, 35.0533 ], [ -89.989614, 35.053304 ], [ -89.98964, 35.053278 ], [ -89.98967, 35.053248 ], [ -89.989798, 35.05327 ], [ -89.989902, 35.053272 ], [ -89.989986, 35.053273 ], [ -89.990098, 35.053275 ], [ -89.99054, 35.053283 ], [ -89.990665, 35.053286 ], [ -89.990999, 35.053295 ], [ -89.991111, 35.053298 ], [ -89.9913, 35.053303 ], [ -89.991295, 35.053233 ], [ -89.991284, 35.052991 ], [ -89.991266, 35.052583 ], [ -89.991236, 35.052312 ], [ -89.991185, 35.052132 ], [ -89.991158, 35.052072 ], [ -89.9911, 35.051939 ], [ -89.991011, 35.051799 ], [ -89.990889, 35.05165 ], [ -89.990688, 35.051459 ], [ -89.990676, 35.051447 ], [ -89.990556, 35.051321 ], [ -89.990203, 35.050952 ], [ -89.990051, 35.050746 ], [ -89.990002, 35.050652 ], [ -89.989908, 35.050389 ], [ -89.989888, 35.050327 ], [ -89.989848, 35.050195 ], [ -89.989764, 35.049875 ], [ -89.989765, 35.0497 ], [ -89.989769, 35.047963 ], [ -89.989772, 35.047359 ], [ -89.989777, 35.046585 ], [ -89.989782, 35.046326 ], [ -89.989783, 35.046256 ], [ -89.989809, 35.043711 ], [ -89.98981, 35.043631 ], [ -89.989813, 35.043298 ], [ -89.989813, 35.043072 ], [ -89.989821, 35.040043 ], [ -89.989827, 35.039722 ], [ -89.989827, 35.039694 ], [ -89.989828, 35.03967 ], [ -89.989826, 35.039244 ], [ -89.989814, 35.03814 ], [ -89.989816, 35.037454 ], [ -89.989821, 35.036168 ], [ -89.989822, 35.035582 ], [ -89.989824, 35.035049 ], [ -89.989824, 35.034669 ], [ -89.989825, 35.032616 ], [ -89.989825, 35.03193 ], [ -89.989826, 35.031017 ], [ -89.990281, 35.03102 ], [ -89.99065, 35.031016 ], [ -89.991774, 35.031007 ], [ -89.993125, 35.031011 ], [ -89.993951, 35.031014 ], [ -89.994641, 35.031015 ], [ -89.995658, 35.031017 ], [ -89.996627, 35.03101 ], [ -89.996713, 35.03101 ], [ -89.997404, 35.031017 ], [ -89.997404, 35.030837 ], [ -89.997404, 35.030296 ], [ -89.997405, 35.030117 ], [ -89.997405, 35.029939 ], [ -89.997406, 35.029404 ], [ -89.997407, 35.029227 ], [ -89.997404, 35.028613 ], [ -89.997403, 35.028288 ], [ -89.997402, 35.027394 ], [ -89.997814, 35.027401 ], [ -89.998168, 35.0274 ], [ -89.998898, 35.027399 ], [ -89.999241, 35.02739 ], [ -90.0, 35.027286 ], [ -90.000424, 35.027283 ], [ -90.000459, 35.027283 ], [ -90.001143, 35.027299 ], [ -90.001225, 35.027295 ], [ -90.001451, 35.027285 ], [ -90.00148, 35.027284 ], [ -90.001649, 35.027286 ], [ -90.002129, 35.027286 ], [ -90.002356, 35.027286 ], [ -90.002421, 35.027286 ], [ -90.002629, 35.027284 ], [ -90.002666, 35.024841 ], [ -90.002689, 35.023367 ], [ -90.002725, 35.021079 ], [ -90.002727, 35.020988 ], [ -90.002839, 35.020986 ], [ -90.004502, 35.020974 ], [ -90.004524, 35.020974 ], [ -90.004813, 35.020978 ], [ -90.00491, 35.02098 ], [ -90.005022, 35.020981 ], [ -90.005191, 35.020977 ], [ -90.005384, 35.020973 ], [ -90.005778, 35.02095 ], [ -90.006035, 35.020952 ], [ -90.006317, 35.020954 ], [ -90.006559, 35.020952 ], [ -90.007116, 35.02095 ], [ -90.007285, 35.02095 ], [ -90.007528, 35.020951 ], [ -90.007585, 35.020951 ], [ -90.0083, 35.020946 ], [ -90.009226, 35.020936 ], [ -90.009465, 35.020933 ], [ -90.010182, 35.020928 ], [ -90.010379, 35.020927 ], [ -90.010422, 35.020927 ], [ -90.010831, 35.020923 ], [ -90.012061, 35.020915 ], [ -90.012471, 35.020912 ], [ -90.012787, 35.020909 ], [ -90.013738, 35.020902 ], [ -90.013954, 35.020901 ], [ -90.014055, 35.0209 ], [ -90.01484, 35.020895 ], [ -90.014854, 35.020895 ], [ -90.015893, 35.020889 ], [ -90.016695, 35.020887 ], [ -90.017195, 35.020885 ], [ -90.017981, 35.020884 ], [ -90.01835, 35.020882 ], [ -90.018737, 35.020881 ], [ -90.019459, 35.020876 ], [ -90.019829, 35.020874 ], [ -90.019925, 35.020873 ], [ -90.02067, 35.020874 ], [ -90.020904, 35.020874 ], [ -90.021858, 35.020876 ], [ -90.021952, 35.020876 ], [ -90.023312, 35.020879 ], [ -90.023422, 35.020879 ], [ -90.024131, 35.020878 ], [ -90.024332, 35.020878 ], [ -90.024856, 35.020872 ], [ -90.02509, 35.020876 ], [ -90.025228, 35.020879 ], [ -90.025784, 35.02089 ], [ -90.025972, 35.020948 ], [ -90.025992, 35.020955 ], [ -90.026725, 35.020948 ], [ -90.027154, 35.020944 ], [ -90.027421, 35.020938 ], [ -90.028292, 35.020927 ], [ -90.029067, 35.020918 ], [ -90.029207, 35.020917 ], [ -90.029629, 35.020916 ], [ -90.02977, 35.020916 ], [ -90.029856, 35.020916 ], [ -90.030386, 35.020915 ], [ -90.032212, 35.020913 ], [ -90.032235, 35.020912 ], [ -90.032852, 35.020909 ], [ -90.033291, 35.020906 ], [ -90.034612, 35.0209 ], [ -90.035052, 35.020898 ], [ -90.03531, 35.020898 ], [ -90.036084, 35.020901 ], [ -90.036343, 35.020902 ], [ -90.036598, 35.020904 ], [ -90.037042, 35.020908 ], [ -90.037364, 35.020926 ], [ -90.037619, 35.020942 ], [ -90.037825, 35.020957 ], [ -90.038415, 35.020976 ], [ -90.038615, 35.020983 ], [ -90.038686, 35.020981 ], [ -90.038902, 35.020979 ], [ -90.038975, 35.020979 ], [ -90.039768, 35.02097 ], [ -90.04066, 35.020961 ], [ -90.041436, 35.020939 ], [ -90.041826, 35.020916 ], [ -90.042146, 35.020906 ], [ -90.042449, 35.020897 ], [ -90.04294, 35.02089 ], [ -90.043302, 35.020886 ], [ -90.044391, 35.020877 ], [ -90.044716, 35.020875 ], [ -90.044754, 35.020874 ], [ -90.044904, 35.020871 ], [ -90.045355, 35.020866 ], [ -90.045506, 35.020864 ], [ -90.045501, 35.02059 ], [ -90.045486, 35.019769 ], [ -90.045482, 35.019496 ], [ -90.045477, 35.019221 ], [ -90.045465, 35.018397 ], [ -90.045461, 35.018123 ], [ -90.045456, 35.017849 ], [ -90.045448, 35.01738 ], [ -90.045457, 35.017029 ], [ -90.045465, 35.016756 ], [ -90.045487, 35.016499 ], [ -90.04549, 35.016471 ], [ -90.04554, 35.016186 ], [ -90.045665, 35.01575 ], [ -90.045737, 35.015504 ], [ -90.045806, 35.015264 ], [ -90.045893, 35.014967 ], [ -90.045906, 35.0147 ], [ -90.045888, 35.01453 ], [ -90.045863, 35.014283 ], [ -90.046301, 35.014283 ], [ -90.047618, 35.014286 ], [ -90.047738, 35.014287 ], [ -90.048057, 35.014297 ], [ -90.048057, 35.014123 ], [ -90.048057, 35.013656 ], [ -90.048059, 35.013603 ], [ -90.048065, 35.013482 ], [ -90.048102, 35.013445 ], [ -90.048142, 35.01343 ], [ -90.048882, 35.01343 ], [ -90.049562, 35.013438 ], [ -90.050188, 35.013404 ], [ -90.050461, 35.013406 ], [ -90.050948, 35.013427 ], [ -90.051067, 35.013527 ], [ -90.051799, 35.013589 ], [ -90.052135, 35.013612 ], [ -90.052317, 35.013646 ], [ -90.052366, 35.013464 ], [ -90.052376, 35.013276 ], [ -90.052369, 35.011582 ], [ -90.052368, 35.011086 ], [ -90.052366, 35.009598 ], [ -90.052366, 35.009102 ], [ -90.052364, 35.008556 ], [ -90.05236, 35.006919 ], [ -90.052359, 35.006374 ], [ -90.052581, 35.006375 ], [ -90.053249, 35.006381 ], [ -90.053472, 35.006384 ], [ -90.053917, 35.006384 ], [ -90.054873, 35.006386 ], [ -90.055252, 35.006387 ], [ -90.055697, 35.006389 ], [ -90.055919, 35.006391 ], [ -90.056585, 35.006398 ], [ -90.056807, 35.006401 ], [ -90.057096, 35.006399 ], [ -90.057589, 35.006402 ], [ -90.059342, 35.006413 ], [ -90.059922, 35.006414 ], [ -90.059935, 35.006414 ], [ -90.060718, 35.006414 ], [ -90.060706, 35.006687 ] ] ] } },
{ "type": "Feature", "properties": { "district_num": "91" }, "geometry": { "type": "Polygon", "coordinates": [ [ [ -90.063148, 35.082445 ], [ -90.063129, 35.082546 ], [ -90.063112, 35.082886 ], [ -90.063075, 35.084192 ], [ -90.063063, 35.084631 ], [ -90.063057, 35.08483 ], [ -90.06304, 35.085428 ], [ -90.063035, 35.085628 ], [ -90.063029, 35.08583 ], [ -90.063014, 35.086436 ], [ -90.063009, 35.086639 ], [ -90.063003, 35.086839 ], [ -90.062989, 35.08744 ], [ -90.062985, 35.087641 ], [ -90.062978, 35.08784 ], [ -90.062961, 35.088439 ], [ -90.062956, 35.088639 ], [ -90.06295, 35.088839 ], [ -90.062935, 35.089443 ], [ -90.06293, 35.089644 ], [ -90.062924, 35.089844 ], [ -90.062907, 35.090446 ], [ -90.062902, 35.090647 ], [ -90.062896, 35.090846 ], [ -90.062881, 35.091447 ], [ -90.062876, 35.091647 ], [ -90.062871, 35.09184 ], [ -90.062864, 35.092147 ], [ -90.062856, 35.092421 ], [ -90.062851, 35.092615 ], [ -90.062842, 35.09291 ], [ -90.062818, 35.093798 ], [ -90.06281, 35.094094 ], [ -90.062805, 35.094314 ], [ -90.0628, 35.094561 ], [ -90.062798, 35.094636 ], [ -90.06279, 35.094974 ], [ -90.062786, 35.095195 ], [ -90.062773, 35.095669 ], [ -90.062738, 35.097093 ], [ -90.062726, 35.097568 ], [ -90.062716, 35.097915 ], [ -90.062701, 35.098445 ], [ -90.062629, 35.101077 ], [ -90.062618, 35.10149 ], [ -90.062602, 35.101955 ], [ -90.0626, 35.101985 ], [ -90.062598, 35.102077 ], [ -90.062597, 35.102108 ], [ -90.062591, 35.102261 ], [ -90.062576, 35.102723 ], [ -90.062571, 35.102878 ], [ -90.062563, 35.103064 ], [ -90.062543, 35.103624 ], [ -90.062536, 35.103811 ], [ -90.062532, 35.10393 ], [ -90.062525, 35.104099 ], [ -90.062492, 35.104963 ], [ -90.062482, 35.105252 ], [ -90.062475, 35.105426 ], [ -90.062474, 35.105447 ], [ -90.062453, 35.106033 ], [ -90.062447, 35.106229 ], [ -90.062443, 35.106333 ], [ -90.062431, 35.106645 ], [ -90.062427, 35.106749 ], [ -90.062419, 35.106947 ], [ -90.062398, 35.107541 ], [ -90.062391, 35.10774 ], [ -90.062386, 35.10793 ], [ -90.062371, 35.108504 ], [ -90.062367, 35.108695 ], [ -90.062361, 35.108989 ], [ -90.062345, 35.109873 ], [ -90.06234, 35.110168 ], [ -90.062318, 35.111308 ], [ -90.062296, 35.112431 ], [ -90.062289, 35.112492 ], [ -90.062295, 35.112548 ], [ -90.06228, 35.11395 ], [ -90.062253, 35.116207 ], [ -90.062086, 35.116203 ], [ -90.061625, 35.116192 ], [ -90.061585, 35.11619 ], [ -90.061419, 35.116186 ], [ -90.061324, 35.116184 ], [ -90.061042, 35.116178 ], [ -90.060948, 35.116176 ], [ -90.060867, 35.116174 ], [ -90.060625, 35.116168 ], [ -90.060545, 35.116167 ], [ -90.06036, 35.116162 ], [ -90.059805, 35.116149 ], [ -90.05962, 35.116145 ], [ -90.059249, 35.116135 ], [ -90.05901, 35.11613 ], [ -90.058723, 35.116123 ], [ -90.058139, 35.116109 ], [ -90.057939, 35.116105 ], [ -90.057769, 35.116101 ], [ -90.057755, 35.1161 ], [ -90.057715, 35.116099 ], [ -90.057702, 35.116099 ], [ -90.057661, 35.116098 ], [ -90.057542, 35.116095 ], [ -90.057187, 35.116086 ], [ -90.057069, 35.116084 ], [ -90.056804, 35.116078 ], [ -90.056697, 35.116075 ], [ -90.055584, 35.116049 ], [ -90.055253, 35.116042 ], [ -90.055213, 35.116042 ], [ -90.055207, 35.116224 ], [ -90.055192, 35.116772 ], [ -90.055187, 35.116955 ], [ -90.055182, 35.117087 ], [ -90.055177, 35.117259 ], [ -90.055167, 35.117484 ], [ -90.055162, 35.117617 ], [ -90.055154, 35.117809 ], [ -90.055134, 35.118386 ], [ -90.055128, 35.118579 ], [ -90.055119, 35.118829 ], [ -90.055092, 35.119583 ], [ -90.055084, 35.119834 ], [ -90.05507, 35.120203 ], [ -90.055031, 35.121312 ], [ -90.055019, 35.121682 ], [ -90.055015, 35.121765 ], [ -90.055006, 35.122018 ], [ -90.055004, 35.122102 ], [ -90.054998, 35.122242 ], [ -90.054984, 35.122663 ], [ -90.05498, 35.122804 ], [ -90.054973, 35.122974 ], [ -90.054954, 35.123488 ], [ -90.054948, 35.123659 ], [ -90.054917, 35.124574 ], [ -90.054916, 35.124617 ], [ -90.054902, 35.125073 ], [ -90.054889, 35.125594 ], [ -90.054888, 35.125604 ], [ -90.054886, 35.125647 ], [ -90.054886, 35.125658 ], [ -90.054861, 35.126201 ], [ -90.054859, 35.126262 ], [ -90.054844, 35.126778 ], [ -90.054842, 35.126825 ], [ -90.054841, 35.126867 ], [ -90.054838, 35.126932 ], [ -90.054836, 35.126966 ], [ -90.054835, 35.127014 ], [ -90.054826, 35.127224 ], [ -90.054802, 35.127855 ], [ -90.054794, 35.128066 ], [ -90.054786, 35.128286 ], [ -90.054764, 35.128949 ], [ -90.054757, 35.12917 ], [ -90.054688, 35.129169 ], [ -90.054219, 35.12916 ], [ -90.052608, 35.129133 ], [ -90.052071, 35.129124 ], [ -90.052067, 35.129235 ], [ -90.052057, 35.129571 ], [ -90.052054, 35.129683 ], [ -90.05205, 35.129802 ], [ -90.05204, 35.130161 ], [ -90.052037, 35.130281 ], [ -90.05203, 35.130523 ], [ -90.052013, 35.131251 ], [ -90.052008, 35.131494 ], [ -90.052, 35.131728 ], [ -90.05198, 35.132432 ], [ -90.051973, 35.132667 ], [ -90.05195, 35.132835 ], [ -90.051883, 35.13334 ], [ -90.051861, 35.133509 ], [ -90.051807, 35.13389 ], [ -90.051661, 35.134925 ], [ -90.051645, 35.135033 ], [ -90.051589, 35.135414 ], [ -90.051277, 35.135384 ], [ -90.050343, 35.135295 ], [ -90.050032, 35.135266 ], [ -90.049295, 35.135195 ], [ -90.047087, 35.134982 ], [ -90.046476, 35.134924 ], [ -90.04639, 35.134916 ], [ -90.046351, 35.134912 ], [ -90.045811, 35.134861 ], [ -90.044939, 35.13478 ], [ -90.044399, 35.13473 ], [ -90.044193, 35.134707 ], [ -90.043655, 35.134648 ], [ -90.043413, 35.134626 ], [ -90.042688, 35.134563 ], [ -90.042447, 35.134542 ], [ -90.042261, 35.134523 ], [ -90.041705, 35.134469 ], [ -90.04152, 35.134451 ], [ -90.041459, 35.134444 ], [ -90.041277, 35.134426 ], [ -90.041217, 35.13442 ], [ -90.040977, 35.134397 ], [ -90.040257, 35.13433 ], [ -90.040018, 35.134308 ], [ -90.039336, 35.134243 ], [ -90.037911, 35.134108 ], [ -90.037292, 35.134052 ], [ -90.036611, 35.133992 ], [ -90.036346, 35.133968 ], [ -90.036041, 35.133942 ], [ -90.035554, 35.133901 ], [ -90.03529, 35.133879 ], [ -90.035232, 35.133874 ], [ -90.035059, 35.133859 ], [ -90.035002, 35.133855 ], [ -90.03467, 35.133824 ], [ -90.033676, 35.133732 ], [ -90.033345, 35.133702 ], [ -90.033218, 35.133691 ], [ -90.03284, 35.133658 ], [ -90.032714, 35.133647 ], [ -90.032376, 35.133617 ], [ -90.032145, 35.133597 ], [ -90.032078, 35.133592 ], [ -90.031364, 35.133524 ], [ -90.031269, 35.133515 ], [ -90.031028, 35.133482 ], [ -90.030883, 35.13344 ], [ -90.03085, 35.133431 ], [ -90.030558, 35.133283 ], [ -90.030486, 35.133234 ], [ -90.030362, 35.13315 ], [ -90.030235, 35.133098 ], [ -90.030137, 35.133059 ], [ -90.029972, 35.133009 ], [ -90.029844, 35.132989 ], [ -90.029786, 35.13298 ], [ -90.029709, 35.132977 ], [ -90.029439, 35.132967 ], [ -90.028629, 35.132937 ], [ -90.028359, 35.132928 ], [ -90.02809, 35.132917 ], [ -90.027284, 35.132885 ], [ -90.027016, 35.132875 ], [ -90.026819, 35.132871 ], [ -90.026228, 35.132859 ], [ -90.026031, 35.132856 ], [ -90.025768, 35.132853 ], [ -90.02539, 35.132851 ], [ -90.024981, 35.132846 ], [ -90.024719, 35.132843 ], [ -90.024613, 35.13284 ], [ -90.024298, 35.132831 ], [ -90.024278, 35.132831 ], [ -90.024252, 35.13283 ], [ -90.024194, 35.132828 ], [ -90.024138, 35.132826 ], [ -90.024043, 35.132824 ], [ -90.023973, 35.132823 ], [ -90.023978, 35.133088 ], [ -90.024029, 35.133712 ], [ -90.024032, 35.133773 ], [ -90.024063, 35.134722 ], [ -90.024108, 35.13526 ], [ -90.024121, 35.135846 ], [ -90.024133, 35.136077 ], [ -90.024135, 35.136317 ], [ -90.024139, 35.136626 ], [ -90.02415, 35.137047 ], [ -90.024131, 35.137584 ], [ -90.024023, 35.138132 ], [ -90.023971, 35.138366 ], [ -90.023903, 35.138586 ], [ -90.023851, 35.138727 ], [ -90.023724, 35.13907 ], [ -90.023493, 35.139585 ], [ -90.023141, 35.13955 ], [ -90.023001, 35.139537 ], [ -90.022742, 35.139509 ], [ -90.02271, 35.139506 ], [ -90.021965, 35.139437 ], [ -90.021707, 35.139413 ], [ -90.021683, 35.139411 ], [ -90.021614, 35.139405 ], [ -90.021591, 35.139403 ], [ -90.021443, 35.139389 ], [ -90.020999, 35.139347 ], [ -90.020852, 35.139333 ], [ -90.020584, 35.139307 ], [ -90.019948, 35.139247 ], [ -90.019783, 35.139231 ], [ -90.019516, 35.139207 ], [ -90.01926, 35.139183 ], [ -90.019128, 35.139172 ], [ -90.018494, 35.139117 ], [ -90.018239, 35.139095 ], [ -90.018119, 35.139083 ], [ -90.017759, 35.139047 ], [ -90.017639, 35.139036 ], [ -90.017387, 35.13901 ], [ -90.017271, 35.138999 ], [ -90.016632, 35.138938 ], [ -90.016381, 35.138914 ], [ -90.015965, 35.138874 ], [ -90.014717, 35.138754 ], [ -90.014301, 35.138715 ], [ -90.014069, 35.138693 ], [ -90.013375, 35.138627 ], [ -90.013144, 35.138605 ], [ -90.012913, 35.138582 ], [ -90.012221, 35.138513 ], [ -90.011991, 35.138491 ], [ -90.008774, 35.138181 ], [ -90.007878, 35.138095 ], [ -90.007823, 35.13809 ], [ -90.006348, 35.137943 ], [ -90.006081, 35.13792 ], [ -90.005915, 35.137906 ], [ -90.005569, 35.137902 ], [ -90.005281, 35.137934 ], [ -90.005161, 35.137948 ], [ -90.005018, 35.137978 ], [ -90.004508, 35.138102 ], [ -90.004185, 35.138142 ], [ -90.004017, 35.13815 ], [ -90.003611, 35.138131 ], [ -90.00349, 35.138118 ], [ -90.002391, 35.137997 ], [ -90.002359, 35.13799 ], [ -90.001117, 35.137855 ], [ -89.999665, 35.137691 ], [ -89.9994, 35.137661 ], [ -89.998606, 35.137573 ], [ -89.998342, 35.137544 ], [ -89.998056, 35.137512 ], [ -89.9972, 35.137416 ], [ -89.996915, 35.137385 ], [ -89.996621, 35.137351 ], [ -89.995739, 35.137251 ], [ -89.995446, 35.137218 ], [ -89.995161, 35.137186 ], [ -89.994306, 35.137092 ], [ -89.994022, 35.137061 ], [ -89.993786, 35.137034 ], [ -89.993078, 35.136954 ], [ -89.992842, 35.136928 ], [ -89.992704, 35.136914 ], [ -89.992363, 35.136881 ], [ -89.99232, 35.136877 ], [ -89.992293, 35.136874 ], [ -89.992156, 35.13686 ], [ -89.991927, 35.136836 ], [ -89.990586, 35.13666 ], [ -89.9901, 35.136598 ], [ -89.989604, 35.136551 ], [ -89.98892, 35.13647 ], [ -89.987958, 35.136378 ], [ -89.987676, 35.136347 ], [ -89.987646, 35.136343 ], [ -89.987556, 35.136334 ], [ -89.987526, 35.136331 ], [ -89.987126, 35.136291 ], [ -89.985927, 35.136172 ], [ -89.985528, 35.136133 ], [ -89.985172, 35.136097 ], [ -89.984105, 35.135992 ], [ -89.98375, 35.135957 ], [ -89.983774, 35.135694 ], [ -89.983802, 35.135397 ], [ -89.983831, 35.135152 ], [ -89.983839, 35.134904 ], [ -89.983841, 35.134844 ], [ -89.98382, 35.134642 ], [ -89.98381, 35.134572 ], [ -89.983781, 35.134433 ], [ -89.983733, 35.134195 ], [ -89.983716, 35.134001 ], [ -89.983708, 35.133893 ], [ -89.983709, 35.133804 ], [ -89.983714, 35.133592 ], [ -89.983716, 35.133559 ], [ -89.983719, 35.133473 ], [ -89.983757, 35.13315 ], [ -89.983771, 35.133038 ], [ -89.983774, 35.133005 ], [ -89.983825, 35.132782 ], [ -89.983843, 35.132721 ], [ -89.983857, 35.132671 ], [ -89.983889, 35.132559 ], [ -89.983906, 35.132497 ], [ -89.983942, 35.132284 ], [ -89.983961, 35.132142 ], [ -89.983969, 35.131989 ], [ -89.983972, 35.13173 ], [ -89.983981, 35.131518 ], [ -89.983984, 35.131455 ], [ -89.984003, 35.131125 ], [ -89.984005, 35.131077 ], [ -89.984012, 35.130934 ], [ -89.984015, 35.130887 ], [ -89.984016, 35.130749 ], [ -89.984001, 35.130608 ], [ -89.983992, 35.130567 ], [ -89.983938, 35.130295 ], [ -89.983925, 35.130044 ], [ -89.983945, 35.12961 ], [ -89.983957, 35.129356 ], [ -89.983962, 35.12929 ], [ -89.983984, 35.129009 ], [ -89.983996, 35.12895 ], [ -89.98401, 35.128878 ], [ -89.984082, 35.128626 ], [ -89.984124, 35.128484 ], [ -89.98415, 35.128369 ], [ -89.984158, 35.128276 ], [ -89.984173, 35.128073 ], [ -89.984184, 35.127891 ], [ -89.984185, 35.127858 ], [ -89.98421, 35.127392 ], [ -89.984215, 35.126784 ], [ -89.984222, 35.126606 ], [ -89.98423, 35.126441 ], [ -89.984263, 35.125931 ], [ -89.984273, 35.125755 ], [ -89.984276, 35.125718 ], [ -89.984299, 35.125228 ], [ -89.984308, 35.125053 ], [ -89.984309, 35.124971 ], [ -89.984313, 35.124727 ], [ -89.984315, 35.124646 ], [ -89.984319, 35.124493 ], [ -89.984333, 35.124034 ], [ -89.984339, 35.123882 ], [ -89.984347, 35.123628 ], [ -89.984357, 35.123338 ], [ -89.984371, 35.122869 ], [ -89.98438, 35.122616 ], [ -89.984385, 35.122444 ], [ -89.984402, 35.121929 ], [ -89.984409, 35.121758 ], [ -89.984418, 35.121456 ], [ -89.984433, 35.120983 ], [ -89.984439, 35.120752 ], [ -89.984446, 35.120502 ], [ -89.984452, 35.120299 ], [ -89.984472, 35.119692 ], [ -89.98448, 35.11949 ], [ -89.984491, 35.119138 ], [ -89.984495, 35.119018 ], [ -89.984493, 35.118696 ], [ -89.984556, 35.118195 ], [ -89.984562, 35.118086 ], [ -89.984585, 35.117735 ], [ -89.984616, 35.116371 ], [ -89.984629, 35.11614 ], [ -89.984474, 35.11597 ], [ -89.984639, 35.115973 ], [ -89.985676, 35.115995 ], [ -89.986469, 35.116015 ], [ -89.986644, 35.116019 ], [ -89.987172, 35.116031 ], [ -89.987348, 35.116035 ], [ -89.987528, 35.116039 ], [ -89.988068, 35.116052 ], [ -89.988249, 35.116057 ], [ -89.988431, 35.116061 ], [ -89.98898, 35.116074 ], [ -89.989163, 35.116079 ], [ -89.989348, 35.116083 ], [ -89.989902, 35.116097 ], [ -89.990088, 35.116102 ], [ -89.990316, 35.116106 ], [ -89.991, 35.116121 ], [ -89.991229, 35.116126 ], [ -89.991462, 35.116132 ], [ -89.992164, 35.116151 ], [ -89.992398, 35.116158 ], [ -89.9926, 35.116163 ], [ -89.993207, 35.116178 ], [ -89.99341, 35.116184 ], [ -89.993585, 35.116187 ], [ -89.993731, 35.116191 ], [ -89.994478, 35.116207 ], [ -89.994606, 35.11621 ], [ -89.994697, 35.116212 ], [ -89.995019, 35.11622 ], [ -89.995539, 35.116232 ], [ -89.995759, 35.116238 ], [ -89.996242, 35.11625 ], [ -89.997979, 35.116293 ], [ -89.99872, 35.116312 ], [ -89.999083, 35.116321 ], [ -89.999689, 35.116337 ], [ -90.000175, 35.116349 ], [ -90.00054, 35.116358 ], [ -90.000621, 35.11636 ], [ -90.000807, 35.116364 ], [ -90.000831, 35.116365 ], [ -90.001608, 35.116377 ], [ -90.001708, 35.116379 ], [ -90.001876, 35.116378 ], [ -90.002002, 35.116378 ], [ -90.002124, 35.116377 ], [ -90.003068, 35.116391 ], [ -90.005034, 35.116433 ], [ -90.005013, 35.116405 ], [ -90.00495, 35.116321 ], [ -90.00493, 35.116294 ], [ -90.004908, 35.11626 ], [ -90.004853, 35.116178 ], [ -90.004846, 35.11616 ], [ -90.004832, 35.116123 ], [ -90.004815, 35.115966 ], [ -90.004824, 35.115774 ], [ -90.004874, 35.114725 ], [ -90.004891, 35.114376 ], [ -90.004898, 35.114186 ], [ -90.004919, 35.113616 ], [ -90.004926, 35.113426 ], [ -90.004932, 35.113229 ], [ -90.004951, 35.112638 ], [ -90.004958, 35.112442 ], [ -90.004964, 35.112252 ], [ -90.004981, 35.111684 ], [ -90.004988, 35.111495 ], [ -90.004995, 35.111302 ], [ -90.005016, 35.110726 ], [ -90.005024, 35.110534 ], [ -90.005037, 35.110218 ], [ -90.005076, 35.10927 ], [ -90.005082, 35.109128 ], [ -90.006036, 35.109157 ], [ -90.006039, 35.109073 ], [ -90.006043, 35.108984 ], [ -90.006047, 35.108866 ], [ -90.006061, 35.108515 ], [ -90.006067, 35.108398 ], [ -90.006074, 35.108179 ], [ -90.006095, 35.107524 ], [ -90.006103, 35.107306 ], [ -90.006111, 35.107095 ], [ -90.006135, 35.106465 ], [ -90.006144, 35.106255 ], [ -90.006146, 35.106185 ], [ -90.006154, 35.105978 ], [ -90.006156, 35.105952 ], [ -90.006158, 35.10591 ], [ -90.005918, 35.105761 ], [ -90.005198, 35.105317 ], [ -90.004958, 35.105169 ], [ -90.004707, 35.105035 ], [ -90.004309, 35.104823 ], [ -90.003953, 35.104641 ], [ -90.003701, 35.104513 ], [ -90.003508, 35.104416 ], [ -90.002929, 35.104126 ], [ -90.002737, 35.10403 ], [ -90.002624, 35.103972 ], [ -90.002286, 35.103798 ], [ -90.002174, 35.103741 ], [ -90.001611, 35.103459 ], [ -89.999924, 35.102613 ], [ -89.999362, 35.102332 ], [ -89.998597, 35.101938 ], [ -89.998308, 35.10179 ], [ -89.997378, 35.101318 ], [ -89.996904, 35.101077 ], [ -89.996297, 35.100771 ], [ -89.995958, 35.100601 ], [ -89.995788, 35.100515 ], [ -89.995534, 35.100377 ], [ -89.995401, 35.100302 ], [ -89.995005, 35.100077 ], [ -89.994873, 35.100002 ], [ -89.994107, 35.099582 ], [ -89.993906, 35.09948 ], [ -89.991653, 35.098343 ], [ -89.990967, 35.097991 ], [ -89.98999, 35.09749 ], [ -89.989478, 35.097238 ], [ -89.987942, 35.096485 ], [ -89.987431, 35.096234 ], [ -89.98743, 35.096287 ], [ -89.987425, 35.096423 ], [ -89.987424, 35.096471 ], [ -89.987383, 35.096448 ], [ -89.987339, 35.096423 ], [ -89.987232, 35.096365 ], [ -89.987206, 35.096385 ], [ -89.987109, 35.096442 ], [ -89.98703, 35.096457 ], [ -89.987022, 35.096415 ], [ -89.987009, 35.096341 ], [ -89.987, 35.096289 ], [ -89.986993, 35.096247 ], [ -89.986654, 35.096077 ], [ -89.98564, 35.095567 ], [ -89.985302, 35.095397 ], [ -89.985154, 35.095422 ], [ -89.985106, 35.095431 ], [ -89.984985, 35.095436 ], [ -89.984708, 35.095425 ], [ -89.984559, 35.09542 ], [ -89.984025, 35.095401 ], [ -89.982425, 35.095346 ], [ -89.981892, 35.095328 ], [ -89.981364, 35.095309 ], [ -89.97978, 35.095255 ], [ -89.979253, 35.095237 ], [ -89.97891, 35.095225 ], [ -89.977881, 35.09519 ], [ -89.977538, 35.095179 ], [ -89.976647, 35.095161 ], [ -89.974606, 35.095098 ], [ -89.974117, 35.09509 ], [ -89.973266, 35.095059 ], [ -89.970547, 35.095006 ], [ -89.970155, 35.095013 ], [ -89.96968, 35.09504 ], [ -89.969353, 35.095038 ], [ -89.968586, 35.095024 ], [ -89.968202, 35.095017 ], [ -89.968087, 35.095014 ], [ -89.967745, 35.095005 ], [ -89.967631, 35.095003 ], [ -89.967559, 35.095001 ], [ -89.967343, 35.094996 ], [ -89.967271, 35.094995 ], [ -89.966641, 35.094983 ], [ -89.966271, 35.094973 ], [ -89.966043, 35.094968 ], [ -89.966004, 35.094967 ], [ -89.965888, 35.094964 ], [ -89.96585, 35.094963 ], [ -89.965741, 35.09496 ], [ -89.965416, 35.094954 ], [ -89.965308, 35.094952 ], [ -89.96519, 35.09495 ], [ -89.964836, 35.094944 ], [ -89.964719, 35.094942 ], [ -89.964483, 35.094937 ], [ -89.963777, 35.094924 ], [ -89.963542, 35.09492 ], [ -89.963082, 35.094911 ], [ -89.961702, 35.094884 ], [ -89.961242, 35.094875 ], [ -89.961246, 35.094695 ], [ -89.961257, 35.094274 ], [ -89.961247, 35.094157 ], [ -89.961241, 35.094081 ], [ -89.96122, 35.09398 ], [ -89.961144, 35.093729 ], [ -89.961128, 35.093697 ], [ -89.961048, 35.093529 ], [ -89.960968, 35.093397 ], [ -89.96067, 35.093002 ], [ -89.960643, 35.092951 ], [ -89.960601, 35.092872 ], [ -89.960577, 35.092791 ], [ -89.96057, 35.092668 ], [ -89.960586, 35.092545 ], [ -89.960603, 35.092499 ], [ -89.96065, 35.092382 ], [ -89.960761, 35.092229 ], [ -89.960891, 35.092072 ], [ -89.961002, 35.09194 ], [ -89.961072, 35.091852 ], [ -89.961217, 35.091675 ], [ -89.961273, 35.091582 ], [ -89.961333, 35.091487 ], [ -89.961398, 35.091342 ], [ -89.961403, 35.09132 ], [ -89.961456, 35.091118 ], [ -89.961473, 35.090784 ], [ -89.961477, 35.090726 ], [ -89.961481, 35.090604 ], [ -89.961492, 35.090202 ], [ -89.961527, 35.088999 ], [ -89.96154, 35.088598 ], [ -89.961551, 35.088226 ], [ -89.961586, 35.087111 ], [ -89.961592, 35.086943 ], [ -89.961611, 35.086813 ], [ -89.961633, 35.086745 ], [ -89.96169, 35.086607 ], [ -89.961726, 35.086553 ], [ -89.961784, 35.086467 ], [ -89.961922, 35.086311 ], [ -89.962188, 35.086115 ], [ -89.962304, 35.086031 ], [ -89.962363, 35.085991 ], [ -89.962154, 35.085794 ], [ -89.962113, 35.085759 ], [ -89.961618, 35.085332 ], [ -89.961339, 35.08509 ], [ -89.961304, 35.08506 ], [ -89.961078, 35.084873 ], [ -89.961029, 35.084832 ], [ -89.960882, 35.08471 ], [ -89.960833, 35.08467 ], [ -89.96079, 35.084634 ], [ -89.960664, 35.084529 ], [ -89.960622, 35.084494 ], [ -89.96057, 35.08445 ], [ -89.960414, 35.084321 ], [ -89.960362, 35.084278 ], [ -89.960337, 35.08426 ], [ -89.959933, 35.083931 ], [ -89.959509, 35.083569 ], [ -89.959085, 35.083205 ], [ -89.959053, 35.083178 ], [ -89.958897, 35.08305 ], [ -89.958841, 35.083003 ], [ -89.958713, 35.082897 ], [ -89.958431, 35.082661 ], [ -89.958113, 35.082393 ], [ -89.957872, 35.082189 ], [ -89.957816, 35.08223 ], [ -89.957639, 35.082352 ], [ -89.957518, 35.082402 ], [ -89.95736, 35.082422 ], [ -89.957111, 35.082417 ], [ -89.957078, 35.082416 ], [ -89.956846, 35.082414 ], [ -89.956418, 35.082398 ], [ -89.956011, 35.082392 ], [ -89.955875, 35.082409 ], [ -89.95561, 35.082461 ], [ -89.955315, 35.082555 ], [ -89.955149, 35.082632 ], [ -89.954734, 35.082883 ], [ -89.954634, 35.082941 ], [ -89.953899, 35.083379 ], [ -89.954314, 35.083841 ], [ -89.954381, 35.083917 ], [ -89.954848, 35.084442 ], [ -89.954968, 35.084597 ], [ -89.955054, 35.08474 ], [ -89.955121, 35.084919 ], [ -89.955148, 35.085094 ], [ -89.955122, 35.085829 ], [ -89.955097, 35.086552 ], [ -89.955472, 35.086562 ], [ -89.955938, 35.086575 ], [ -89.95656, 35.086592 ], [ -89.9566, 35.086592 ], [ -89.956977, 35.086602 ], [ -89.95719, 35.086607 ], [ -89.957487, 35.086615 ], [ -89.957308, 35.089928 ], [ -89.956923, 35.089928 ], [ -89.956906, 35.090574 ], [ -89.957136, 35.090578 ], [ -89.957166, 35.090666 ], [ -89.957232, 35.091375 ], [ -89.957352, 35.091887 ], [ -89.957189, 35.092774 ], [ -89.957044, 35.094793 ], [ -89.95694, 35.094791 ], [ -89.956471, 35.094782 ], [ -89.956238, 35.094777 ], [ -89.955539, 35.094763 ], [ -89.955307, 35.094759 ], [ -89.95508, 35.094754 ], [ -89.954388, 35.094738 ], [ -89.954159, 35.094733 ], [ -89.953941, 35.094729 ], [ -89.953289, 35.09472 ], [ -89.953276, 35.09472 ], [ -89.953072, 35.094715 ], [ -89.952894, 35.094711 ], [ -89.951978, 35.094687 ], [ -89.951882, 35.094686 ], [ -89.95075, 35.094656 ], [ -89.950597, 35.094649 ], [ -89.950394, 35.094647 ], [ -89.949331, 35.094642 ], [ -89.949313, 35.095122 ], [ -89.94926, 35.096563 ], [ -89.949243, 35.097044 ], [ -89.94924, 35.097129 ], [ -89.949232, 35.097386 ], [ -89.94923, 35.097472 ], [ -89.949163, 35.099285 ], [ -89.949108, 35.100812 ], [ -89.94909, 35.101347 ], [ -89.948504, 35.101334 ], [ -89.947847, 35.101321 ], [ -89.946749, 35.101317 ], [ -89.946222, 35.101316 ], [ -89.946164, 35.101321 ], [ -89.946193, 35.101332 ], [ -89.946219, 35.101364 ], [ -89.946214, 35.101489 ], [ -89.946196, 35.102081 ], [ -89.94619, 35.102279 ], [ -89.946179, 35.102496 ], [ -89.946147, 35.103151 ], [ -89.946137, 35.103369 ], [ -89.946123, 35.103692 ], [ -89.946088, 35.104509 ], [ -89.946154, 35.104649 ], [ -89.946217, 35.104783 ], [ -89.946253, 35.104867 ], [ -89.946279, 35.104948 ], [ -89.946256, 35.104981 ], [ -89.946243, 35.105002 ], [ -89.946214, 35.105092 ], [ -89.946202, 35.10513 ], [ -89.94615, 35.105128 ], [ -89.946091, 35.105126 ], [ -89.946087, 35.105206 ], [ -89.946139, 35.105278 ], [ -89.946123, 35.105687 ], [ -89.946118, 35.105832 ], [ -89.946111, 35.105996 ], [ -89.946093, 35.106488 ], [ -89.946088, 35.106653 ], [ -89.946085, 35.106699 ], [ -89.94608, 35.10684 ], [ -89.946078, 35.106888 ], [ -89.94607, 35.107086 ], [ -89.94605, 35.107683 ], [ -89.946044, 35.107882 ], [ -89.946041, 35.107958 ], [ -89.946034, 35.108099 ], [ -89.946006, 35.108753 ], [ -89.945997, 35.108971 ], [ -89.945994, 35.109027 ], [ -89.945987, 35.109196 ], [ -89.945985, 35.109253 ], [ -89.945978, 35.109406 ], [ -89.945961, 35.109867 ], [ -89.945956, 35.110021 ], [ -89.945948, 35.110216 ], [ -89.945927, 35.110802 ], [ -89.94592, 35.110998 ], [ -89.945917, 35.111077 ], [ -89.945908, 35.111314 ], [ -89.945905, 35.111393 ], [ -89.945904, 35.111415 ], [ -89.945902, 35.111484 ], [ -89.945902, 35.111507 ], [ -89.945893, 35.111706 ], [ -89.94587, 35.112305 ], [ -89.945863, 35.112505 ], [ -89.945858, 35.112619 ], [ -89.945843, 35.112965 ], [ -89.945839, 35.11308 ], [ -89.945835, 35.113161 ], [ -89.945827, 35.113406 ], [ -89.945824, 35.113488 ], [ -89.945818, 35.113644 ], [ -89.945812, 35.113809 ], [ -89.945811, 35.113871 ], [ -89.94578, 35.114775 ], [ -89.945769, 35.115097 ], [ -89.945766, 35.115135 ], [ -89.945759, 35.11525 ], [ -89.945757, 35.115289 ], [ -89.945754, 35.115323 ], [ -89.945748, 35.115428 ], [ -89.945746, 35.115463 ], [ -89.945736, 35.115657 ], [ -89.945709, 35.11624 ], [ -89.945701, 35.116435 ], [ -89.945689, 35.116708 ], [ -89.945656, 35.11753 ], [ -89.945645, 35.117804 ], [ -89.945634, 35.118077 ], [ -89.945602, 35.118897 ], [ -89.945592, 35.119171 ], [ -89.945582, 35.119385 ], [ -89.945556, 35.12003 ], [ -89.945548, 35.120245 ], [ -89.94554, 35.120455 ], [ -89.945523, 35.120914 ], [ -89.945515, 35.121085 ], [ -89.945507, 35.121295 ], [ -89.945487, 35.121675 ], [ -89.945431, 35.122816 ], [ -89.945412, 35.123197 ], [ -89.945402, 35.123443 ], [ -89.945387, 35.12383 ], [ -89.945372, 35.124184 ], [ -89.945362, 35.124431 ], [ -89.945358, 35.124501 ], [ -89.94535, 35.124712 ], [ -89.945347, 35.124783 ], [ -89.945341, 35.124923 ], [ -89.945334, 35.125142 ], [ -89.945325, 35.125344 ], [ -89.94532, 35.125485 ], [ -89.945312, 35.125667 ], [ -89.945303, 35.12588 ], [ -89.945289, 35.126216 ], [ -89.945282, 35.126399 ], [ -89.945269, 35.126677 ], [ -89.945231, 35.127511 ], [ -89.945219, 35.12779 ], [ -89.945132, 35.12777 ], [ -89.94493, 35.127726 ], [ -89.94464, 35.127664 ], [ -89.944599, 35.127655 ], [ -89.944065, 35.12754 ], [ -89.943777, 35.127479 ], [ -89.943426, 35.127406 ], [ -89.943074, 35.127333 ], [ -89.942465, 35.127207 ], [ -89.942373, 35.127188 ], [ -89.942022, 35.127117 ], [ -89.941576, 35.127021 ], [ -89.94135, 35.126973 ], [ -89.941109, 35.126921 ], [ -89.940238, 35.126735 ], [ -89.939792, 35.126641 ], [ -89.939624, 35.126606 ], [ -89.939573, 35.126595 ], [ -89.938916, 35.126457 ], [ -89.938698, 35.126411 ], [ -89.938415, 35.126352 ], [ -89.937566, 35.126175 ], [ -89.937408, 35.126142 ], [ -89.937284, 35.126116 ], [ -89.936861, 35.126027 ], [ -89.936192, 35.125888 ], [ -89.935969, 35.125841 ], [ -89.935595, 35.125762 ], [ -89.935357, 35.125712 ], [ -89.935173, 35.125674 ], [ -89.935007, 35.125639 ], [ -89.934733, 35.125581 ], [ -89.934512, 35.125534 ], [ -89.934451, 35.125522 ], [ -89.934347, 35.125501 ], [ -89.933783, 35.125382 ], [ -89.933622, 35.125348 ], [ -89.933563, 35.125335 ], [ -89.93334, 35.125288 ], [ -89.931714, 35.124944 ], [ -89.931214, 35.124839 ], [ -89.930971, 35.124788 ], [ -89.930431, 35.124674 ], [ -89.930137, 35.124612 ], [ -89.929635, 35.124507 ], [ -89.929257, 35.124429 ], [ -89.928964, 35.124368 ], [ -89.928324, 35.124233 ], [ -89.928294, 35.124227 ], [ -89.926407, 35.12383 ], [ -89.926182, 35.123783 ], [ -89.925927, 35.123728 ], [ -89.925768, 35.123695 ], [ -89.925778, 35.123484 ], [ -89.925789, 35.12326 ], [ -89.925795, 35.123184 ], [ -89.925806, 35.122854 ], [ -89.925814, 35.122644 ], [ -89.925816, 35.122538 ], [ -89.925824, 35.122223 ], [ -89.925828, 35.122118 ], [ -89.92583, 35.122045 ], [ -89.925838, 35.121826 ], [ -89.925842, 35.121754 ], [ -89.925847, 35.121565 ], [ -89.925864, 35.121 ], [ -89.925871, 35.120812 ], [ -89.925872, 35.120759 ], [ -89.925877, 35.120602 ], [ -89.92588, 35.12055 ], [ -89.925885, 35.120383 ], [ -89.925895, 35.120113 ], [ -89.9259, 35.119906 ], [ -89.9259, 35.119881 ], [ -89.925907, 35.119715 ], [ -89.92591, 35.119561 ], [ -89.925921, 35.119102 ], [ -89.925926, 35.11895 ], [ -89.925939, 35.118465 ], [ -89.92597, 35.117359 ], [ -89.925979, 35.117013 ], [ -89.925993, 35.116529 ], [ -89.925994, 35.116445 ], [ -89.925997, 35.116192 ], [ -89.925999, 35.116109 ], [ -89.926, 35.116074 ], [ -89.926002, 35.115971 ], [ -89.926004, 35.115937 ], [ -89.926005, 35.115895 ], [ -89.92601, 35.115771 ], [ -89.926012, 35.11573 ], [ -89.925976, 35.115305 ], [ -89.925975, 35.115178 ], [ -89.925975, 35.114921 ], [ -89.926002, 35.114274 ], [ -89.926033, 35.113521 ], [ -89.926057, 35.112969 ], [ -89.926085, 35.112318 ], [ -89.926171, 35.110364 ], [ -89.9262, 35.109714 ], [ -89.926205, 35.109249 ], [ -89.926222, 35.107857 ], [ -89.926228, 35.107461 ], [ -89.926229, 35.107393 ], [ -89.926511, 35.107399 ], [ -89.927359, 35.10742 ], [ -89.927642, 35.107427 ], [ -89.927897, 35.107433 ], [ -89.928664, 35.107452 ], [ -89.92892, 35.107459 ], [ -89.929177, 35.107464 ], [ -89.929949, 35.107482 ], [ -89.930207, 35.107489 ], [ -89.930299, 35.10749 ], [ -89.930335, 35.107491 ], [ -89.930575, 35.107497 ], [ -89.930668, 35.1075 ], [ -89.930668, 35.107436 ], [ -89.930668, 35.106924 ], [ -89.93067, 35.106876 ], [ -89.930678, 35.106716 ], [ -89.930719, 35.105233 ], [ -89.930725, 35.105009 ], [ -89.930741, 35.104383 ], [ -89.930743, 35.104305 ], [ -89.930748, 35.104072 ], [ -89.930751, 35.103995 ], [ -89.930768, 35.103304 ], [ -89.930822, 35.101239 ], [ -89.930841, 35.100541 ], [ -89.930847, 35.100316 ], [ -89.930864, 35.099643 ], [ -89.930871, 35.099419 ], [ -89.930877, 35.099169 ], [ -89.930896, 35.098418 ], [ -89.930903, 35.098169 ], [ -89.930908, 35.097941 ], [ -89.930926, 35.097259 ], [ -89.930933, 35.097032 ], [ -89.930934, 35.096952 ], [ -89.930939, 35.096715 ], [ -89.930941, 35.096636 ], [ -89.930945, 35.096449 ], [ -89.930958, 35.095889 ], [ -89.930963, 35.095703 ], [ -89.930966, 35.095584 ], [ -89.930975, 35.09523 ], [ -89.930979, 35.095112 ], [ -89.930984, 35.094865 ], [ -89.931001, 35.094127 ], [ -89.931008, 35.093882 ], [ -89.931012, 35.093702 ], [ -89.931026, 35.093164 ], [ -89.931032, 35.092985 ], [ -89.931039, 35.092716 ], [ -89.931039, 35.092666 ], [ -89.93104, 35.092612 ], [ -89.931059, 35.09171 ], [ -89.931067, 35.091392 ], [ -89.931072, 35.09115 ], [ -89.931088, 35.090423 ], [ -89.931094, 35.090182 ], [ -89.931099, 35.089934 ], [ -89.931115, 35.089193 ], [ -89.931121, 35.088946 ], [ -89.931125, 35.088783 ], [ -89.931138, 35.088293 ], [ -89.931143, 35.088131 ], [ -89.931175, 35.086738 ], [ -89.931177, 35.086616 ], [ -89.931179, 35.086506 ], [ -89.93118, 35.08646 ], [ -89.931182, 35.08637 ], [ -89.931214, 35.085138 ], [ -89.93122, 35.084831 ], [ -89.931233, 35.084279 ], [ -89.931241, 35.083913 ], [ -89.931248, 35.083607 ], [ -89.93125, 35.083522 ], [ -89.931257, 35.083266 ], [ -89.93126, 35.083182 ], [ -89.931264, 35.082967 ], [ -89.931272, 35.082578 ], [ -89.931275, 35.082388 ], [ -89.931275, 35.082325 ], [ -89.931279, 35.082111 ], [ -89.931281, 35.082013 ], [ -89.931289, 35.08171 ], [ -89.931296, 35.081456 ], [ -89.931309, 35.080509 ], [ -89.931311, 35.080433 ], [ -89.931313, 35.080343 ], [ -89.931315, 35.080223 ], [ -89.931317, 35.080109 ], [ -89.931322, 35.079865 ], [ -89.931325, 35.079746 ], [ -89.931325, 35.07972 ], [ -89.93134, 35.079191 ], [ -89.931346, 35.079007 ], [ -89.931348, 35.078907 ], [ -89.931356, 35.078608 ], [ -89.93136, 35.078509 ], [ -89.93136, 35.078493 ], [ -89.931361, 35.078447 ], [ -89.931362, 35.078432 ], [ -89.931375, 35.078193 ], [ -89.931396, 35.077837 ], [ -89.931402, 35.077769 ], [ -89.93143, 35.077477 ], [ -89.931435, 35.077434 ], [ -89.931448, 35.07731 ], [ -89.931455, 35.077239 ], [ -89.931514, 35.077243 ], [ -89.931689, 35.07725 ], [ -89.932165, 35.077298 ], [ -89.932294, 35.077322 ], [ -89.932463, 35.077362 ], [ -89.932587, 35.077399 ], [ -89.932708, 35.077443 ], [ -89.932958, 35.077511 ], [ -89.933045, 35.077523 ], [ -89.933089, 35.077525 ], [ -89.933175, 35.077539 ], [ -89.933306, 35.077551 ], [ -89.933482, 35.077555 ], [ -89.933879, 35.077554 ], [ -89.933965, 35.077557 ], [ -89.934182, 35.077573 ], [ -89.934226, 35.077573 ], [ -89.934312, 35.077583 ], [ -89.93581, 35.077623 ], [ -89.93603, 35.077635 ], [ -89.936295, 35.077642 ], [ -89.936779, 35.077639 ], [ -89.937042, 35.077653 ], [ -89.937439, 35.077664 ], [ -89.937659, 35.077676 ], [ -89.937833, 35.077692 ], [ -89.938139, 35.077712 ], [ -89.939182, 35.077818 ], [ -89.939397, 35.077845 ], [ -89.93957, 35.077857 ], [ -89.939698, 35.077874 ], [ -89.939739, 35.077886 ], [ -89.939867, 35.077905 ], [ -89.940041, 35.077919 ], [ -89.940124, 35.077937 ], [ -89.940382, 35.077976 ], [ -89.940509, 35.077995 ], [ -89.941563, 35.078051 ], [ -89.941955, 35.078082 ], [ -89.942087, 35.078083 ], [ -89.942138, 35.078087 ], [ -89.942513, 35.07818 ], [ -89.942691, 35.078213 ], [ -89.94276, 35.07823 ], [ -89.942803, 35.078223 ], [ -89.942848, 35.078225 ], [ -89.942935, 35.07822 ], [ -89.943023, 35.07822 ], [ -89.94337, 35.078262 ], [ -89.943499, 35.078282 ], [ -89.944353, 35.07844 ], [ -89.944441, 35.078445 ], [ -89.944705, 35.078448 ], [ -89.945098, 35.078411 ], [ -89.945186, 35.078416 ], [ -89.945796, 35.078481 ], [ -89.945964, 35.078523 ], [ -89.946092, 35.078547 ], [ -89.946396, 35.078585 ], [ -89.94661, 35.078625 ], [ -89.946697, 35.078635 ], [ -89.946908, 35.078682 ], [ -89.947252, 35.078736 ], [ -89.947775, 35.078793 ], [ -89.948083, 35.078815 ], [ -89.948258, 35.078806 ], [ -89.948854, 35.078858 ], [ -89.94916, 35.078885 ], [ -89.949247, 35.078898 ], [ -89.949373, 35.078925 ], [ -89.949716, 35.078982 ], [ -89.949977, 35.079009 ], [ -89.950063, 35.079022 ], [ -89.950148, 35.07904 ], [ -89.950804, 35.079087 ], [ -89.950891, 35.079084 ], [ -89.951242, 35.079044 ], [ -89.951323, 35.079019 ], [ -89.9514, 35.078983 ], [ -89.95169, 35.078898 ], [ -89.951849, 35.078839 ], [ -89.951891, 35.078828 ], [ -89.951929, 35.078809 ], [ -89.952288, 35.078564 ], [ -89.952291, 35.078492 ], [ -89.952299, 35.078457 ], [ -89.952367, 35.078326 ], [ -89.95239, 35.078296 ], [ -89.952421, 35.07827 ], [ -89.952771, 35.078051 ], [ -89.952836, 35.077979 ], [ -89.952848, 35.077965 ], [ -89.952965, 35.077859 ], [ -89.953194, 35.077597 ], [ -89.953304, 35.077486 ], [ -89.953375, 35.077397 ], [ -89.953611, 35.077155 ], [ -89.95382, 35.076926 ], [ -89.953961, 35.07679 ], [ -89.954012, 35.076732 ], [ -89.954048, 35.07663 ], [ -89.954087, 35.076441 ], [ -89.954188, 35.07596 ], [ -89.954254, 35.075679 ], [ -89.954263, 35.075645 ], [ -89.954294, 35.075542 ], [ -89.954358, 35.075373 ], [ -89.954391, 35.075307 ], [ -89.954457, 35.075138 ], [ -89.954501, 35.075076 ], [ -89.954551, 35.074978 ], [ -89.95459, 35.074914 ], [ -89.954645, 35.074859 ], [ -89.95469, 35.074797 ], [ -89.954756, 35.07475 ], [ -89.954812, 35.074695 ], [ -89.954908, 35.074621 ], [ -89.954942, 35.0746 ], [ -89.955094, 35.074526 ], [ -89.955173, 35.074495 ], [ -89.955337, 35.074443 ], [ -89.955375, 35.074424 ], [ -89.95561, 35.074326 ], [ -89.955875, 35.074187 ], [ -89.955903, 35.074169 ], [ -89.956047, 35.074087 ], [ -89.956079, 35.074062 ], [ -89.956446, 35.073866 ], [ -89.956558, 35.073813 ], [ -89.956646, 35.073772 ], [ -89.956851, 35.073636 ], [ -89.956913, 35.073586 ], [ -89.956986, 35.073546 ], [ -89.957082, 35.073499 ], [ -89.957137, 35.073473 ], [ -89.957261, 35.073436 ], [ -89.957564, 35.073387 ], [ -89.957606, 35.073377 ], [ -89.957725, 35.073329 ], [ -89.95791, 35.073235 ], [ -89.957989, 35.073205 ], [ -89.958031, 35.073194 ], [ -89.958107, 35.07316 ], [ -89.958148, 35.073147 ], [ -89.958224, 35.073112 ], [ -89.958342, 35.073066 ], [ -89.958465, 35.073029 ], [ -89.958625, 35.072971 ], [ -89.958659, 35.072949 ], [ -89.958735, 35.072914 ], [ -89.95881, 35.072904 ], [ -89.958822, 35.072903 ], [ -89.958995, 35.072889 ], [ -89.959083, 35.072893 ], [ -89.959388, 35.072919 ], [ -89.959421, 35.072923 ], [ -89.959779, 35.07297 ], [ -89.960864, 35.073141 ], [ -89.961079, 35.07317 ], [ -89.961252, 35.073184 ], [ -89.961639, 35.073251 ], [ -89.961938, 35.073307 ], [ -89.961967, 35.073309 ], [ -89.962025, 35.073313 ], [ -89.962197, 35.073333 ], [ -89.962284, 35.073336 ], [ -89.962758, 35.073381 ], [ -89.96306, 35.073416 ], [ -89.96319, 35.073424 ], [ -89.963364, 35.07342 ], [ -89.963538, 35.073411 ], [ -89.963666, 35.07339 ], [ -89.963878, 35.073346 ], [ -89.964052, 35.073335 ], [ -89.964268, 35.073342 ], [ -89.964524, 35.073379 ], [ -89.96457, 35.073386 ], [ -89.964742, 35.073416 ], [ -89.965088, 35.073461 ], [ -89.965655, 35.073482 ], [ -89.965741, 35.073488 ], [ -89.965873, 35.073486 ], [ -89.966574, 35.073449 ], [ -89.966706, 35.073448 ], [ -89.966773, 35.073451 ], [ -89.966817, 35.073453 ], [ -89.966903, 35.073466 ], [ -89.967078, 35.073483 ], [ -89.967898, 35.073589 ], [ -89.968116, 35.073607 ], [ -89.968259, 35.07361 ], [ -89.968303, 35.073608 ], [ -89.968521, 35.073584 ], [ -89.968823, 35.07354 ], [ -89.968997, 35.073543 ], [ -89.969128, 35.073553 ], [ -89.969346, 35.073563 ], [ -89.969693, 35.073591 ], [ -89.969823, 35.073611 ], [ -89.969865, 35.073621 ], [ -89.969995, 35.073635 ], [ -89.970083, 35.073637 ], [ -89.970303, 35.073623 ], [ -89.970434, 35.073623 ], [ -89.970699, 35.073613 ], [ -89.97083, 35.073616 ], [ -89.971005, 35.073628 ], [ -89.971092, 35.073638 ], [ -89.971442, 35.073659 ], [ -89.971829, 35.073721 ], [ -89.971873, 35.073725 ], [ -89.972052, 35.073724 ], [ -89.972182, 35.073716 ], [ -89.972925, 35.07369 ], [ -89.97319, 35.073705 ], [ -89.973276, 35.073717 ], [ -89.973662, 35.073789 ], [ -89.974087, 35.073885 ], [ -89.974175, 35.073889 ], [ -89.974265, 35.073881 ], [ -89.974529, 35.073882 ], [ -89.974617, 35.073875 ], [ -89.974746, 35.073851 ], [ -89.974825, 35.07382 ], [ -89.974953, 35.073792 ], [ -89.97504, 35.07378 ], [ -89.975084, 35.073778 ], [ -89.975302, 35.0738 ], [ -89.975638, 35.073882 ], [ -89.975769, 35.073898 ], [ -89.975987, 35.073917 ], [ -89.976075, 35.073919 ], [ -89.976336, 35.073941 ], [ -89.976554, 35.073952 ], [ -89.97664, 35.073961 ], [ -89.976902, 35.073973 ], [ -89.977339, 35.073982 ], [ -89.978054, 35.074004 ], [ -89.978231, 35.074011 ], [ -89.978317, 35.074024 ], [ -89.978796, 35.074072 ], [ -89.979086, 35.074106 ], [ -89.979393, 35.074139 ], [ -89.979479, 35.074152 ], [ -89.979567, 35.074158 ], [ -89.979611, 35.074157 ], [ -89.979881, 35.074132 ], [ -89.980138, 35.074109 ], [ -89.980226, 35.074098 ], [ -89.980357, 35.0741 ], [ -89.980445, 35.074106 ], [ -89.980708, 35.074104 ], [ -89.980884, 35.074097 ], [ -89.981324, 35.074063 ], [ -89.981368, 35.074066 ], [ -89.981763, 35.07407 ], [ -89.982247, 35.074056 ], [ -89.982597, 35.074039 ], [ -89.982685, 35.074043 ], [ -89.983253, 35.07404 ], [ -89.983429, 35.074043 ], [ -89.983604, 35.074037 ], [ -89.983824, 35.074023 ], [ -89.984263, 35.074029 ], [ -89.984527, 35.074053 ], [ -89.984747, 35.074066 ], [ -89.985022, 35.074102 ], [ -89.985056, 35.074105 ], [ -89.98527, 35.074132 ], [ -89.985314, 35.074134 ], [ -89.985548, 35.074122 ], [ -89.985624, 35.07416 ], [ -89.985665, 35.074174 ], [ -89.985707, 35.074183 ], [ -89.985751, 35.074186 ], [ -89.985943, 35.074171 ], [ -89.985926, 35.074241 ], [ -89.98591, 35.074311 ], [ -89.985685, 35.075288 ], [ -89.985657, 35.075407 ], [ -89.985574, 35.075768 ], [ -89.985547, 35.075888 ], [ -89.985533, 35.075944 ], [ -89.985492, 35.076114 ], [ -89.985479, 35.076171 ], [ -89.985525, 35.076174 ], [ -89.985583, 35.076179 ], [ -89.985665, 35.076184 ], [ -89.985677, 35.076185 ], [ -89.985712, 35.076188 ], [ -89.986285, 35.076225 ], [ -89.986372, 35.076231 ], [ -89.986612, 35.076246 ], [ -89.98745, 35.076301 ], [ -89.988604, 35.076326 ], [ -89.988806, 35.076322 ], [ -89.989319, 35.076309 ], [ -89.989578, 35.076303 ], [ -89.990221, 35.076264 ], [ -89.990419, 35.076246 ], [ -89.990841, 35.07621 ], [ -89.991014, 35.076189 ], [ -89.991213, 35.076167 ], [ -89.991601, 35.076122 ], [ -89.992486, 35.075987 ], [ -89.992781, 35.075934 ], [ -89.997464, 35.0751 ], [ -89.998281, 35.074955 ], [ -89.998374, 35.074939 ], [ -89.999026, 35.074823 ], [ -89.999322, 35.07477 ], [ -89.999683, 35.074706 ], [ -90.000817, 35.074505 ], [ -90.001402, 35.074402 ], [ -90.001655, 35.074356 ], [ -90.002313, 35.074238 ], [ -90.002344, 35.074231 ], [ -90.00244, 35.074214 ], [ -90.002473, 35.074209 ], [ -90.002505, 35.074202 ], [ -90.002601, 35.074185 ], [ -90.002634, 35.07418 ], [ -90.002667, 35.074173 ], [ -90.002767, 35.074156 ], [ -90.002801, 35.07415 ], [ -90.003773, 35.073974 ], [ -90.004133, 35.073909 ], [ -90.005756, 35.07362 ], [ -90.00669, 35.07345 ], [ -90.007663, 35.073274 ], [ -90.007855, 35.073239 ], [ -90.009044, 35.073022 ], [ -90.009485, 35.072951 ], [ -90.00963, 35.072927 ], [ -90.010599, 35.072753 ], [ -90.01185, 35.072529 ], [ -90.012282, 35.07245 ], [ -90.013505, 35.072228 ], [ -90.01374, 35.072186 ], [ -90.014472, 35.072042 ], [ -90.014516, 35.072033 ], [ -90.014652, 35.072009 ], [ -90.014697, 35.072001 ], [ -90.01528, 35.071894 ], [ -90.015982, 35.071768 ], [ -90.016692, 35.071641 ], [ -90.018404, 35.071385 ], [ -90.01921, 35.071303 ], [ -90.019737, 35.071278 ], [ -90.019866, 35.071276 ], [ -90.020156, 35.071273 ], [ -90.020827, 35.071297 ], [ -90.02105, 35.071315 ], [ -90.021172, 35.071326 ], [ -90.0212, 35.071206 ], [ -90.021288, 35.070836 ], [ -90.021318, 35.070714 ], [ -90.021444, 35.070197 ], [ -90.021823, 35.068649 ], [ -90.02195, 35.068133 ], [ -90.022074, 35.067627 ], [ -90.022447, 35.066112 ], [ -90.022526, 35.065792 ], [ -90.022549, 35.0657 ], [ -90.022572, 35.065607 ], [ -90.022576, 35.06559 ], [ -90.0226, 35.065491 ], [ -90.022622, 35.065407 ], [ -90.022687, 35.065144 ], [ -90.022717, 35.065029 ], [ -90.022743, 35.064936 ], [ -90.022821, 35.064656 ], [ -90.022848, 35.064564 ], [ -90.02289, 35.064386 ], [ -90.023015, 35.063855 ], [ -90.023058, 35.063678 ], [ -90.023062, 35.063658 ], [ -90.023076, 35.063599 ], [ -90.023082, 35.06358 ], [ -90.023088, 35.063558 ], [ -90.0231, 35.063513 ], [ -90.023105, 35.063496 ], [ -90.023151, 35.063313 ], [ -90.023169, 35.063247 ], [ -90.023221, 35.06304 ], [ -90.023363, 35.062482 ], [ -90.023376, 35.06242 ], [ -90.023392, 35.062346 ], [ -90.023398, 35.062319 ], [ -90.023415, 35.062245 ], [ -90.023422, 35.062213 ], [ -90.023447, 35.062109 ], [ -90.023524, 35.0618 ], [ -90.023551, 35.061697 ], [ -90.023609, 35.061454 ], [ -90.023652, 35.061273 ], [ -90.023668, 35.061209 ], [ -90.023776, 35.060726 ], [ -90.023816, 35.060553 ], [ -90.023833, 35.060484 ], [ -90.023848, 35.060416 ], [ -90.023943, 35.060004 ], [ -90.024017, 35.059688 ], [ -90.024287, 35.058568 ], [ -90.024403, 35.05809 ], [ -90.024485, 35.057738 ], [ -90.024511, 35.057628 ], [ -90.024689, 35.056674 ], [ -90.024715, 35.056541 ], [ -90.024747, 35.056318 ], [ -90.024798, 35.056012 ], [ -90.024811, 35.055907 ], [ -90.024925, 35.055 ], [ -90.024959, 35.054669 ], [ -90.025003, 35.054256 ], [ -90.025006, 35.054173 ], [ -90.025015, 35.053923 ], [ -90.025019, 35.053841 ], [ -90.025036, 35.053423 ], [ -90.025037, 35.05333 ], [ -90.025066, 35.051797 ], [ -90.025072, 35.051533 ], [ -90.025071, 35.051286 ], [ -90.025072, 35.05097 ], [ -90.025075, 35.050022 ], [ -90.025077, 35.049707 ], [ -90.025084, 35.049102 ], [ -90.025089, 35.048682 ], [ -90.025101, 35.047836 ], [ -90.025106, 35.046416 ], [ -90.025107, 35.04561 ], [ -90.025109, 35.045125 ], [ -90.025109, 35.045019 ], [ -90.02511, 35.044586 ], [ -90.02511, 35.044512 ], [ -90.02511, 35.04429 ], [ -90.02511, 35.044216 ], [ -90.02515, 35.044215 ], [ -90.025246, 35.044213 ], [ -90.025655, 35.044209 ], [ -90.025792, 35.044208 ], [ -90.025849, 35.044207 ], [ -90.026007, 35.044205 ], [ -90.026653, 35.044198 ], [ -90.026869, 35.044196 ], [ -90.027336, 35.0442 ], [ -90.028285, 35.04421 ], [ -90.028738, 35.044208 ], [ -90.029206, 35.044206 ], [ -90.029637, 35.044204 ], [ -90.029672, 35.044206 ], [ -90.029959, 35.04423 ], [ -90.030683, 35.044316 ], [ -90.031063, 35.044365 ], [ -90.031246, 35.044389 ], [ -90.031527, 35.044425 ], [ -90.03176, 35.044455 ], [ -90.032461, 35.044545 ], [ -90.032695, 35.044576 ], [ -90.032919, 35.0446 ], [ -90.03315, 35.044611 ], [ -90.033349, 35.044622 ], [ -90.034521, 35.04463 ], [ -90.034978, 35.044634 ], [ -90.036067, 35.04464 ], [ -90.036214, 35.044641 ], [ -90.039334, 35.044643 ], [ -90.040256, 35.044644 ], [ -90.040424, 35.044645 ], [ -90.040463, 35.044645 ], [ -90.04058, 35.044645 ], [ -90.04062, 35.044646 ], [ -90.040674, 35.044647 ], [ -90.040836, 35.04465 ], [ -90.040891, 35.044651 ], [ -90.041254, 35.044654 ], [ -90.042344, 35.044663 ], [ -90.042708, 35.044667 ], [ -90.042918, 35.044648 ], [ -90.04355, 35.044595 ], [ -90.043761, 35.044577 ], [ -90.043641, 35.044067 ], [ -90.043479, 35.043376 ], [ -90.043308, 35.042533 ], [ -90.043204, 35.04202 ], [ -90.042923, 35.040721 ], [ -90.042915, 35.040682 ], [ -90.042517, 35.038573 ], [ -90.042125, 35.036656 ], [ -90.041852, 35.035316 ], [ -90.042025, 35.035315 ], [ -90.042205, 35.035313 ], [ -90.042369, 35.035312 ], [ -90.04277, 35.035287 ], [ -90.043115, 35.035237 ], [ -90.043258, 35.035204 ], [ -90.043603, 35.035127 ], [ -90.043986, 35.035027 ], [ -90.044578, 35.034873 ], [ -90.044956, 35.034789 ], [ -90.045142, 35.034765 ], [ -90.045341, 35.03474 ], [ -90.045537, 35.034731 ], [ -90.04638, 35.034724 ], [ -90.04891, 35.034704 ], [ -90.049754, 35.034698 ], [ -90.050176, 35.034693 ], [ -90.051443, 35.034681 ], [ -90.051866, 35.034677 ], [ -90.052032, 35.034674 ], [ -90.052741, 35.034672 ], [ -90.055369, 35.034667 ], [ -90.056245, 35.034666 ], [ -90.056245, 35.034703 ], [ -90.056248, 35.034895 ], [ -90.056252, 35.035147 ], [ -90.056274, 35.035538 ], [ -90.056274, 35.035582 ], [ -90.056275, 35.035812 ], [ -90.056274, 35.035883 ], [ -90.056274, 35.036099 ], [ -90.056274, 35.036171 ], [ -90.056272, 35.036319 ], [ -90.056268, 35.036763 ], [ -90.056267, 35.036912 ], [ -90.056249, 35.037131 ], [ -90.056232, 35.037339 ], [ -90.05623, 35.03779 ], [ -90.05623, 35.03801 ], [ -90.056234, 35.038228 ], [ -90.056248, 35.038884 ], [ -90.056253, 35.039103 ], [ -90.056242, 35.039607 ], [ -90.056242, 35.039635 ], [ -90.056233, 35.040017 ], [ -90.056229, 35.040229 ], [ -90.056229, 35.041119 ], [ -90.056229, 35.041531 ], [ -90.056229, 35.041578 ], [ -90.056229, 35.041624 ], [ -90.056229, 35.041848 ], [ -90.056229, 35.042521 ], [ -90.05623, 35.042746 ], [ -90.056233, 35.043079 ], [ -90.056233, 35.043131 ], [ -90.056237, 35.044218 ], [ -90.056238, 35.044286 ], [ -90.056244, 35.044671 ], [ -90.056252, 35.045071 ], [ -90.056253, 35.045089 ], [ -90.056246, 35.045329 ], [ -90.056248, 35.046274 ], [ -90.056249, 35.046676 ], [ -90.056249, 35.046862 ], [ -90.056252, 35.04742 ], [ -90.056253, 35.047606 ], [ -90.056254, 35.048164 ], [ -90.05626, 35.049839 ], [ -90.056262, 35.050398 ], [ -90.056254, 35.050723 ], [ -90.056248, 35.051 ], [ -90.056248, 35.051701 ], [ -90.056249, 35.052028 ], [ -90.056251, 35.05265 ], [ -90.056259, 35.054518 ], [ -90.056261, 35.054788 ], [ -90.056257, 35.055047 ], [ -90.056255, 35.055141 ], [ -90.05641, 35.055145 ], [ -90.056684, 35.055154 ], [ -90.056836, 35.055159 ], [ -90.056875, 35.05516 ], [ -90.057031, 35.055166 ], [ -90.057647, 35.055187 ], [ -90.058574, 35.055221 ], [ -90.059495, 35.055246 ], [ -90.060112, 35.055263 ], [ -90.060097, 35.055335 ], [ -90.059932, 35.056304 ], [ -90.059861, 35.056793 ], [ -90.059754, 35.057715 ], [ -90.059613, 35.058759 ], [ -90.059541, 35.059312 ], [ -90.059416, 35.060573 ], [ -90.059303, 35.061675 ], [ -90.059199, 35.063108 ], [ -90.059165, 35.063438 ], [ -90.059154, 35.063551 ], [ -90.059066, 35.064429 ], [ -90.059033, 35.06476 ], [ -90.058997, 35.065093 ], [ -90.058893, 35.066092 ], [ -90.058859, 35.066426 ], [ -90.058689, 35.068073 ], [ -90.058214, 35.07269 ], [ -90.058159, 35.073012 ], [ -90.057977, 35.074095 ], [ -90.058031, 35.074316 ], [ -90.058017, 35.074579 ], [ -90.057992, 35.074889 ], [ -90.057965, 35.075228 ], [ -90.057939, 35.075515 ], [ -90.057919, 35.075733 ], [ -90.05787, 35.076118 ], [ -90.05784, 35.076347 ], [ -90.057807, 35.076606 ], [ -90.057754, 35.076913 ], [ -90.057736, 35.076984 ], [ -90.057722, 35.077039 ], [ -90.057684, 35.077191 ], [ -90.057481, 35.077813 ], [ -90.05747, 35.07786 ], [ -90.057407, 35.078122 ], [ -90.057356, 35.07845 ], [ -90.05735, 35.078679 ], [ -90.057372, 35.07927 ], [ -90.057376, 35.079333 ], [ -90.057379, 35.079391 ], [ -90.057385, 35.079479 ], [ -90.0574, 35.079733 ], [ -90.057426, 35.080756 ], [ -90.057403, 35.081121 ], [ -90.05739, 35.081243 ], [ -90.057294, 35.081365 ], [ -90.057272, 35.081621 ], [ -90.05724, 35.081965 ], [ -90.057212, 35.082204 ], [ -90.05721, 35.082225 ], [ -90.057207, 35.082291 ], [ -90.057206, 35.082313 ], [ -90.057278, 35.082316 ], [ -90.057372, 35.082319 ], [ -90.058038, 35.082345 ], [ -90.058115, 35.082348 ], [ -90.05826, 35.082354 ], [ -90.05922, 35.08237 ], [ -90.060432, 35.082392 ], [ -90.062101, 35.082425 ], [ -90.063062, 35.082445 ], [ -90.063062, 35.082422 ], [ -90.063063, 35.082355 ], [ -90.063064, 35.082333 ], [ -90.063144, 35.082342 ], [ -90.06317, 35.082346 ], [ -90.063148, 35.082445 ] ] ] } }
]
}
