{
"type": "FeatureCollection",
"name": "districts",
"crs": { "type": "name", "properties": { "name": "urn:ogc:def:crs:OGC:1.3:CRS84" } },
"features": [
{ "type": "Feature", "properties": { "district_num": "52" }, "geometry": { "type": "MultiPolygon", "coordinates": [ [ [ [ -86.523291, 36.138149 ], [ -86.523153, 36.138733 ], [ -86.522877, 36.139913 ], [ -86.522662, 36.14083 ], [ -86.522556, 36.141284 ], [ -86.521924, 36.141223 ], [ -86.521057, 36.141141 ], [ -86.52137, 36.139362 ], [ -86.521528, 36.138464 ], [ -86.521583, 36.138157 ], [ -86.52168, 36.137606 ], [ -86.521736, 36.137294 ], [ -86.523452, 36.137463 ], [ -86.523291, 36.138149 ] ] ], [ [ [ -86.760463, 36.159064 ], [ -86.760372, 36.159082 ], [ -86.760099, 36.159137 ], [ -86.760009, 36.159156 ], [ -86.759515, 36.159257 ], [ -86.757869, 36.159423 ], [ -86.756792, 36.159601 ], [ -86.756244, 36.159692 ], [ -86.754732, 36.159853 ], [ -86.754074, 36.159966 ], [ -86.752915, 36.160067 ], [ -86.751814, 36.160235 ], [ -86.750818, 36.160449 ], [ -86.74997, 36.160511 ], [ -86.748657, 36.160741 ], [ -86.747175, 36.161103 ], [ -86.746728, 36.161213 ], [ -86.745096, 36.161713 ], [ -86.744085, 36.162098 ], [ -86.744117, 36.162223 ], [ -86.744213, 36.162597 ], [ -86.744246, 36.162723 ], [ -86.744273, 36.162812 ], [ -86.744355, 36.16308 ], [ -86.744404, 36.16316 ], [ -86.74429, 36.163199 ], [ -86.743951, 36.163317 ], [ -86.743838, 36.163357 ], [ -86.743706, 36.163403 ], [ -86.743574, 36.163449 ], [ -86.743741, 36.163708 ], [ -86.743927, 36.163916 ], [ -86.744273, 36.164113 ], [ -86.74452, 36.164271 ], [ -86.744633, 36.164499 ], [ -86.744562, 36.164729 ], [ -86.744342, 36.164909 ], [ -86.743975, 36.165101 ], [ -86.743646, 36.165332 ], [ -86.743439, 36.165532 ], [ -86.743182, 36.165663 ], [ -86.742705, 36.165796 ], [ -86.742067, 36.165939 ], [ -86.741541, 36.166102 ], [ -86.740796, 36.16629 ], [ -86.74055, 36.166258 ], [ -86.739812, 36.166162 ], [ -86.739566, 36.16613 ], [ -86.739321, 36.166109 ], [ -86.738586, 36.166046 ], [ -86.738342, 36.166026 ], [ -86.738038, 36.165988 ], [ -86.737734, 36.165951 ], [ -86.73768, 36.166461 ], [ -86.737626, 36.166973 ], [ -86.737737, 36.166987 ], [ -86.737847, 36.167001 ], [ -86.737819, 36.167197 ], [ -86.737814, 36.167238 ], [ -86.737782, 36.167475 ], [ -86.737764, 36.167732 ], [ -86.737759, 36.16779 ], [ -86.737745, 36.167989 ], [ -86.737714, 36.168188 ], [ -86.737708, 36.168228 ], [ -86.73767, 36.168467 ], [ -86.737629, 36.168726 ], [ -86.737619, 36.168786 ], [ -86.737588, 36.168986 ], [ -86.737558, 36.169187 ], [ -86.737552, 36.169229 ], [ -86.737516, 36.169472 ], [ -86.737478, 36.169732 ], [ -86.737469, 36.16979 ], [ -86.737439, 36.169992 ], [ -86.737422, 36.170198 ], [ -86.737417, 36.170272 ], [ -86.737382, 36.170496 ], [ -86.737377, 36.170572 ], [ -86.737328, 36.17081 ], [ -86.737288, 36.171013 ], [ -86.737278, 36.171125 ], [ -86.737268, 36.17125 ], [ -86.737249, 36.171464 ], [ -86.737247, 36.171488 ], [ -86.737234, 36.171577 ], [ -86.73722, 36.171661 ], [ -86.737197, 36.171809 ], [ -86.737185, 36.171914 ], [ -86.737176, 36.171999 ], [ -86.737149, 36.17218 ], [ -86.737146, 36.172202 ], [ -86.737115, 36.172406 ], [ -86.73708, 36.172657 ], [ -86.73707, 36.172726 ], [ -86.737045, 36.172908 ], [ -86.737358, 36.172929 ], [ -86.737705, 36.172954 ], [ -86.738156, 36.172992 ], [ -86.738299, 36.173007 ], [ -86.738384, 36.173016 ], [ -86.738613, 36.173032 ], [ -86.738939, 36.173063 ], [ -86.739859, 36.173137 ], [ -86.742443, 36.173402 ], [ -86.742412, 36.173609 ], [ -86.742405, 36.17366 ], [ -86.742368, 36.173918 ], [ -86.742342, 36.174063 ], [ -86.742321, 36.174233 ], [ -86.742296, 36.174442 ], [ -86.742258, 36.174649 ], [ -86.742249, 36.174705 ], [ -86.742202, 36.174967 ], [ -86.74217, 36.175225 ], [ -86.742163, 36.175274 ], [ -86.742137, 36.175483 ], [ -86.742089, 36.175765 ], [ -86.742058, 36.175948 ], [ -86.741979, 36.176412 ], [ -86.741967, 36.176563 ], [ -86.741958, 36.176613 ], [ -86.741929, 36.176799 ], [ -86.741945, 36.176896 ], [ -86.741937, 36.176955 ], [ -86.741905, 36.177094 ], [ -86.741839, 36.177384 ], [ -86.741828, 36.177642 ], [ -86.741825, 36.177696 ], [ -86.741818, 36.177899 ], [ -86.74181, 36.177962 ], [ -86.741777, 36.178102 ], [ -86.741711, 36.178389 ], [ -86.741701, 36.178453 ], [ -86.741674, 36.178687 ], [ -86.74167, 36.178714 ], [ -86.741647, 36.178921 ], [ -86.741604, 36.17912 ], [ -86.741562, 36.179319 ], [ -86.741553, 36.179382 ], [ -86.741544, 36.179445 ], [ -86.741519, 36.1796 ], [ -86.741493, 36.179756 ], [ -86.741495, 36.179814 ], [ -86.741881, 36.179846 ], [ -86.742267, 36.17988 ], [ -86.742465, 36.179895 ], [ -86.743045, 36.179948 ], [ -86.743058, 36.180009 ], [ -86.743027, 36.180146 ], [ -86.743009, 36.180227 ], [ -86.742973, 36.180433 ], [ -86.742954, 36.180543 ], [ -86.742928, 36.180746 ], [ -86.742911, 36.180891 ], [ -86.742916, 36.180948 ], [ -86.742868, 36.181199 ], [ -86.742841, 36.181346 ], [ -86.742832, 36.181418 ], [ -86.742923, 36.181432 ], [ -86.742836, 36.181776 ], [ -86.742811, 36.181872 ], [ -86.742748, 36.18212 ], [ -86.742429, 36.182093 ], [ -86.742388, 36.18209 ], [ -86.742071, 36.182057 ], [ -86.741956, 36.182048 ], [ -86.741554, 36.182027 ], [ -86.741471, 36.182022 ], [ -86.741152, 36.182006 ], [ -86.741164, 36.181888 ], [ -86.741167, 36.181858 ], [ -86.741176, 36.181771 ], [ -86.741224, 36.181522 ], [ -86.741244, 36.181419 ], [ -86.741273, 36.181274 ], [ -86.740194, 36.181181 ], [ -86.740169, 36.181179 ], [ -86.740094, 36.181172 ], [ -86.740069, 36.181171 ], [ -86.739875, 36.181154 ], [ -86.739853, 36.181153 ], [ -86.739636, 36.181135 ], [ -86.739525, 36.181124 ], [ -86.739414, 36.181114 ], [ -86.739294, 36.181106 ], [ -86.739276, 36.181105 ], [ -86.739101, 36.181085 ], [ -86.739032, 36.18108 ], [ -86.738827, 36.181065 ], [ -86.738759, 36.18106 ], [ -86.73866, 36.181049 ], [ -86.738612, 36.181043 ], [ -86.738561, 36.181038 ], [ -86.738492, 36.181029 ], [ -86.738171, 36.181 ], [ -86.738103, 36.180994 ], [ -86.738024, 36.180987 ], [ -86.73791, 36.18098 ], [ -86.737568, 36.180962 ], [ -86.737454, 36.180956 ], [ -86.737352, 36.180944 ], [ -86.73716, 36.180923 ], [ -86.737049, 36.180903 ], [ -86.736949, 36.180885 ], [ -86.73678, 36.180886 ], [ -86.736728, 36.180886 ], [ -86.736612, 36.180886 ], [ -86.736517, 36.180894 ], [ -86.736417, 36.18088 ], [ -86.736219, 36.180871 ], [ -86.736069, 36.180853 ], [ -86.735851, 36.180827 ], [ -86.735754, 36.180815 ], [ -86.735465, 36.180779 ], [ -86.735369, 36.180768 ], [ -86.735245, 36.18076 ], [ -86.734873, 36.180738 ], [ -86.73475, 36.180731 ], [ -86.734634, 36.180714 ], [ -86.734286, 36.180666 ], [ -86.734171, 36.180684 ], [ -86.734138, 36.180767 ], [ -86.734118, 36.180822 ], [ -86.734099, 36.181001 ], [ -86.734093, 36.181031 ], [ -86.734079, 36.18112 ], [ -86.734064, 36.181213 ], [ -86.734021, 36.181493 ], [ -86.734007, 36.181587 ], [ -86.733988, 36.181736 ], [ -86.733984, 36.181767 ], [ -86.733969, 36.181886 ], [ -86.733961, 36.18194 ], [ -86.733954, 36.181993 ], [ -86.733923, 36.18224 ], [ -86.733914, 36.182307 ], [ -86.733898, 36.182436 ], [ -86.733895, 36.18246 ], [ -86.733891, 36.182493 ], [ -86.733861, 36.182491 ], [ -86.73384, 36.182493 ], [ -86.733826, 36.182494 ], [ -86.733802, 36.182496 ], [ -86.733709, 36.182504 ], [ -86.733466, 36.182535 ], [ -86.73325, 36.182424 ], [ -86.733, 36.182402 ], [ -86.732394, 36.182367 ], [ -86.732208, 36.182348 ], [ -86.731993, 36.182325 ], [ -86.73193, 36.182319 ], [ -86.731651, 36.18229 ], [ -86.731427, 36.182269 ], [ -86.730758, 36.182208 ], [ -86.730535, 36.182188 ], [ -86.730276, 36.182167 ], [ -86.729502, 36.182107 ], [ -86.729244, 36.182087 ], [ -86.729173, 36.182074 ], [ -86.728963, 36.182035 ], [ -86.728894, 36.182022 ], [ -86.728747, 36.182017 ], [ -86.728307, 36.182003 ], [ -86.728161, 36.181999 ], [ -86.727944, 36.181981 ], [ -86.727295, 36.181928 ], [ -86.727079, 36.181911 ], [ -86.726945, 36.181895 ], [ -86.726546, 36.181849 ], [ -86.726413, 36.181834 ], [ -86.726398, 36.181832 ], [ -86.726353, 36.181829 ], [ -86.726338, 36.181828 ], [ -86.726343, 36.181777 ], [ -86.726379, 36.181497 ], [ -86.726456, 36.180901 ], [ -86.726513, 36.180507 ], [ -86.726562, 36.180178 ], [ -86.7268, 36.178597 ], [ -86.727202, 36.175939 ], [ -86.727261, 36.175552 ], [ -86.727403, 36.174605 ], [ -86.727493, 36.173943 ], [ -86.727498, 36.173852 ], [ -86.727529, 36.173357 ], [ -86.727525, 36.172717 ], [ -86.727511, 36.172489 ], [ -86.727509, 36.172462 ], [ -86.727506, 36.172437 ], [ -86.727502, 36.172388 ], [ -86.727487, 36.172257 ], [ -86.727453, 36.171953 ], [ -86.727412, 36.171734 ], [ -86.727354, 36.171416 ], [ -86.727309, 36.171179 ], [ -86.727271, 36.171017 ], [ -86.727112, 36.170437 ], [ -86.727051, 36.170223 ], [ -86.727044, 36.170194 ], [ -86.727002, 36.170006 ], [ -86.726938, 36.169677 ], [ -86.726848, 36.169304 ], [ -86.726688, 36.16875 ], [ -86.726601, 36.168448 ], [ -86.726532, 36.168207 ], [ -86.72638, 36.167669 ], [ -86.725899, 36.165982 ], [ -86.725636, 36.16506 ], [ -86.725567, 36.164887 ], [ -86.725493, 36.1647 ], [ -86.725362, 36.164369 ], [ -86.725295, 36.164197 ], [ -86.725261, 36.164024 ], [ -86.725202, 36.163711 ], [ -86.725162, 36.163506 ], [ -86.725129, 36.163334 ], [ -86.725062, 36.163114 ], [ -86.725058, 36.1631 ], [ -86.724988, 36.162865 ], [ -86.724922, 36.162646 ], [ -86.724865, 36.162456 ], [ -86.724801, 36.162237 ], [ -86.724784, 36.162186 ], [ -86.724758, 36.162102 ], [ -86.724736, 36.162035 ], [ -86.72472, 36.161985 ], [ -86.724674, 36.161837 ], [ -86.724606, 36.161614 ], [ -86.724539, 36.161396 ], [ -86.724494, 36.161249 ], [ -86.724279, 36.160417 ], [ -86.724067, 36.15978 ], [ -86.724042, 36.159706 ], [ -86.723836, 36.15909 ], [ -86.723793, 36.158982 ], [ -86.72338, 36.157987 ], [ -86.723038, 36.157212 ], [ -86.722546, 36.156096 ], [ -86.722356, 36.155582 ], [ -86.722256, 36.155231 ], [ -86.722226, 36.155124 ], [ -86.722134, 36.15466 ], [ -86.722076, 36.154191 ], [ -86.722075, 36.15364 ], [ -86.722025, 36.153648 ], [ -86.721932, 36.153662 ], [ -86.721652, 36.153704 ], [ -86.72156, 36.153718 ], [ -86.721627, 36.153099 ], [ -86.721829, 36.151241 ], [ -86.721897, 36.150623 ], [ -86.72194, 36.150272 ], [ -86.72207, 36.14922 ], [ -86.722114, 36.14887 ], [ -86.722173, 36.14835 ], [ -86.722206, 36.148108 ], [ -86.722232, 36.147889 ], [ -86.722593, 36.144947 ], [ -86.722605, 36.144855 ], [ -86.722616, 36.144421 ], [ -86.722573, 36.143962 ], [ -86.722557, 36.143666 ], [ -86.722519, 36.143561 ], [ -86.722475, 36.143438 ], [ -86.722407, 36.143296 ], [ -86.722226, 36.143051 ], [ -86.721866, 36.142651 ], [ -86.72182, 36.142574 ], [ -86.721778, 36.142503 ], [ -86.721707, 36.142334 ], [ -86.721671, 36.142198 ], [ -86.721657, 36.142144 ], [ -86.721645, 36.141976 ], [ -86.721642, 36.141932 ], [ -86.721684, 36.141696 ], [ -86.721751, 36.141512 ], [ -86.721842, 36.141342 ], [ -86.721949, 36.141145 ], [ -86.722015, 36.141031 ], [ -86.722216, 36.140692 ], [ -86.722283, 36.140579 ], [ -86.721366, 36.140665 ], [ -86.719574, 36.140835 ], [ -86.718718, 36.140973 ], [ -86.718625, 36.14099 ], [ -86.717721, 36.141163 ], [ -86.716836, 36.141285 ], [ -86.71454, 36.141668 ], [ -86.714466, 36.14168 ], [ -86.714391, 36.141691 ], [ -86.71432, 36.141702 ], [ -86.714248, 36.141713 ], [ -86.713711, 36.141795 ], [ -86.713494, 36.141831 ], [ -86.711892, 36.1421 ], [ -86.711274, 36.142198 ], [ -86.710269, 36.142364 ], [ -86.708972, 36.142578 ], [ -86.70882, 36.142604 ], [ -86.705795, 36.143104 ], [ -86.705082, 36.143222 ], [ -86.703855, 36.143426 ], [ -86.703786, 36.143437 ], [ -86.703397, 36.1435 ], [ -86.702232, 36.143692 ], [ -86.702003, 36.14373 ], [ -86.701845, 36.143759 ], [ -86.701008, 36.143913 ], [ -86.700024, 36.144062 ], [ -86.699456, 36.144128 ], [ -86.699227, 36.144155 ], [ -86.698179, 36.14427 ], [ -86.697409, 36.144336 ], [ -86.697306, 36.144345 ], [ -86.697251, 36.144349 ], [ -86.697196, 36.144355 ], [ -86.696993, 36.144372 ], [ -86.696698, 36.144401 ], [ -86.695922, 36.144421 ], [ -86.692838, 36.144257 ], [ -86.691771, 36.144113 ], [ -86.690696, 36.14397 ], [ -86.690417, 36.143929 ], [ -86.687552, 36.143516 ], [ -86.686363, 36.143323 ], [ -86.685015, 36.143106 ], [ -86.684007, 36.142959 ], [ -86.680986, 36.142518 ], [ -86.680899, 36.142506 ], [ -86.679976, 36.142398 ], [ -86.679702, 36.142359 ], [ -86.67967, 36.142354 ], [ -86.67941, 36.142328 ], [ -86.678378, 36.142226 ], [ -86.677705, 36.142175 ], [ -86.677564, 36.142165 ], [ -86.677137, 36.142136 ], [ -86.676487, 36.142092 ], [ -86.674572, 36.141965 ], [ -86.674539, 36.141962 ], [ -86.67389, 36.141915 ], [ -86.673698, 36.141898 ], [ -86.673488, 36.141888 ], [ -86.672539, 36.141823 ], [ -86.670696, 36.141698 ], [ -86.670468, 36.141682 ], [ -86.666647, 36.141402 ], [ -86.666423, 36.141386 ], [ -86.662185, 36.141127 ], [ -86.661472, 36.141081 ], [ -86.661356, 36.141075 ], [ -86.660587, 36.141035 ], [ -86.659965, 36.141019 ], [ -86.659653, 36.141018 ], [ -86.65903, 36.141028 ], [ -86.658869, 36.141033 ], [ -86.658465, 36.141049 ], [ -86.658146, 36.141068 ], [ -86.658041, 36.141076 ], [ -86.658033, 36.141038 ], [ -86.658009, 36.140926 ], [ -86.658002, 36.140889 ], [ -86.657955, 36.140892 ], [ -86.656899, 36.140994 ], [ -86.656359, 36.141069 ], [ -86.655362, 36.141208 ], [ -86.655109, 36.141263 ], [ -86.654619, 36.141361 ], [ -86.653963, 36.141509 ], [ -86.653237, 36.141706 ], [ -86.652715, 36.141861 ], [ -86.6522, 36.142032 ], [ -86.651558, 36.142263 ], [ -86.651516, 36.142279 ], [ -86.651225, 36.14239 ], [ -86.650649, 36.142625 ], [ -86.650156, 36.142838 ], [ -86.650032, 36.142898 ], [ -86.649639, 36.142856 ], [ -86.64911, 36.142794 ], [ -86.648294, 36.142706 ], [ -86.647801, 36.142653 ], [ -86.646843, 36.142543 ], [ -86.643085, 36.142109 ], [ -86.642019, 36.141987 ], [ -86.641349, 36.14191 ], [ -86.641201, 36.14191 ], [ -86.640758, 36.141912 ], [ -86.640611, 36.141914 ], [ -86.640597, 36.141788 ], [ -86.640667, 36.141417 ], [ -86.640691, 36.141294 ], [ -86.640715, 36.141074 ], [ -86.64072, 36.141038 ], [ -86.640727, 36.140999 ], [ -86.640761, 36.140801 ], [ -86.640816, 36.14042 ], [ -86.640848, 36.140202 ], [ -86.640871, 36.140125 ], [ -86.64089, 36.139979 ], [ -86.64098, 36.139304 ], [ -86.641011, 36.13908 ], [ -86.641078, 36.138768 ], [ -86.641081, 36.138744 ], [ -86.641228, 36.137725 ], [ -86.641232, 36.137703 ], [ -86.641247, 36.137577 ], [ -86.641221, 36.137385 ], [ -86.641235, 36.137219 ], [ -86.641212, 36.1371 ], [ -86.64118, 36.136984 ], [ -86.641148, 36.136901 ], [ -86.641115, 36.136813 ], [ -86.64058, 36.135857 ], [ -86.640393, 36.135624 ], [ -86.640083, 36.135238 ], [ -86.639811, 36.135035 ], [ -86.639587, 36.134868 ], [ -86.638995, 36.134426 ], [ -86.638724, 36.134224 ], [ -86.638631, 36.134118 ], [ -86.638538, 36.134048 ], [ -86.638459, 36.133989 ], [ -86.638301, 36.133851 ], [ -86.638152, 36.133707 ], [ -86.638015, 36.133555 ], [ -86.637986, 36.133514 ], [ -86.637837, 36.133305 ], [ -86.637647, 36.132959 ], [ -86.637511, 36.132578 ], [ -86.63744, 36.132525 ], [ -86.637413, 36.132142 ], [ -86.637407, 36.132057 ], [ -86.637595, 36.130811 ], [ -86.637662, 36.130368 ], [ -86.637678, 36.130182 ], [ -86.637689, 36.130058 ], [ -86.637676, 36.129755 ], [ -86.637628, 36.129632 ], [ -86.637562, 36.129459 ], [ -86.637481, 36.129298 ], [ -86.637238, 36.128815 ], [ -86.637158, 36.128654 ], [ -86.637105, 36.128558 ], [ -86.636946, 36.128273 ], [ -86.636894, 36.128179 ], [ -86.636683, 36.128246 ], [ -86.636051, 36.128448 ], [ -86.635841, 36.128516 ], [ -86.635627, 36.128095 ], [ -86.635476, 36.127974 ], [ -86.635115, 36.127799 ], [ -86.634304, 36.127799 ], [ -86.633835, 36.127799 ], [ -86.633721, 36.127793 ], [ -86.633705, 36.127791 ], [ -86.63339, 36.127756 ], [ -86.633316, 36.127752 ], [ -86.633187, 36.127746 ], [ -86.633078, 36.127745 ], [ -86.632906, 36.127745 ], [ -86.632754, 36.127763 ], [ -86.632647, 36.127777 ], [ -86.632529, 36.127787 ], [ -86.632245, 36.127813 ], [ -86.632177, 36.127813 ], [ -86.63206, 36.127815 ], [ -86.631889, 36.127808 ], [ -86.631855, 36.127804 ], [ -86.63171, 36.127791 ], [ -86.631245, 36.127726 ], [ -86.631043, 36.127699 ], [ -86.630883, 36.127679 ], [ -86.630743, 36.127657 ], [ -86.630003, 36.127546 ], [ -86.629848, 36.12752 ], [ -86.629551, 36.12747 ], [ -86.62944, 36.128102 ], [ -86.629413, 36.128358 ], [ -86.629163, 36.130796 ], [ -86.629129, 36.131042 ], [ -86.629106, 36.131215 ], [ -86.629085, 36.131426 ], [ -86.62907, 36.131636 ], [ -86.629073, 36.131842 ], [ -86.629082, 36.131938 ], [ -86.629095, 36.132097 ], [ -86.62914, 36.132354 ], [ -86.629211, 36.13256 ], [ -86.629264, 36.132711 ], [ -86.629338, 36.132964 ], [ -86.629415, 36.13316 ], [ -86.629422, 36.133177 ], [ -86.629498, 36.133355 ], [ -86.629693, 36.133865 ], [ -86.629792, 36.13418 ], [ -86.629872, 36.134484 ], [ -86.629887, 36.134578 ], [ -86.629916, 36.134751 ], [ -86.629945, 36.135068 ], [ -86.629941, 36.135303 ], [ -86.62994, 36.135376 ], [ -86.629898, 36.135783 ], [ -86.629869, 36.135942 ], [ -86.629852, 36.136002 ], [ -86.62979, 36.13623 ], [ -86.629743, 36.136349 ], [ -86.629644, 36.136568 ], [ -86.629568, 36.136713 ], [ -86.629457, 36.136929 ], [ -86.629242, 36.137281 ], [ -86.628904, 36.137757 ], [ -86.628408, 36.137598 ], [ -86.627689, 36.137506 ], [ -86.626546, 36.13758 ], [ -86.625624, 36.137813 ], [ -86.625353, 36.137824 ], [ -86.624997, 36.137582 ], [ -86.624759, 36.137169 ], [ -86.624705, 36.136977 ], [ -86.624688, 36.136884 ], [ -86.624623, 36.136526 ], [ -86.624589, 36.136449 ], [ -86.624522, 36.136372 ], [ -86.624081, 36.136175 ], [ -86.623932, 36.135917 ], [ -86.623871, 36.135653 ], [ -86.624013, 36.135339 ], [ -86.624825, 36.134724 ], [ -86.625159, 36.134757 ], [ -86.625294, 36.134801 ], [ -86.625511, 36.1349 ], [ -86.625938, 36.134889 ], [ -86.625979, 36.134813 ], [ -86.625925, 36.134719 ], [ -86.625782, 36.134532 ], [ -86.625742, 36.134345 ], [ -86.62579, 36.134038 ], [ -86.626081, 36.133538 ], [ -86.626264, 36.133433 ], [ -86.626298, 36.13334 ], [ -86.626224, 36.133301 ], [ -86.625, 36.133334 ], [ -86.624486, 36.133405 ], [ -86.623944, 36.133757 ], [ -86.623368, 36.13401 ], [ -86.623138, 36.134037 ], [ -86.622785, 36.134043 ], [ -86.62274, 36.134022 ], [ -86.619915, 36.133736 ], [ -86.615944, 36.133335 ], [ -86.615021, 36.133301 ], [ -86.611424, 36.133444 ], [ -86.610058, 36.133499 ], [ -86.610364, 36.13206 ], [ -86.603846, 36.131418 ], [ -86.5975, 36.130793 ], [ -86.591307, 36.12764 ], [ -86.585355, 36.129766 ], [ -86.583947, 36.130269 ], [ -86.580275, 36.129998 ], [ -86.579591, 36.129948 ], [ -86.578907, 36.129897 ], [ -86.578284, 36.130398 ], [ -86.57666, 36.13171 ], [ -86.576361, 36.131626 ], [ -86.575591, 36.131413 ], [ -86.575535, 36.131178 ], [ -86.575325, 36.130996 ], [ -86.574973, 36.130804 ], [ -86.57495, 36.130803 ], [ -86.574715, 36.130798 ], [ -86.574383, 36.13081 ], [ -86.573733, 36.130359 ], [ -86.57271, 36.12998 ], [ -86.57248, 36.12982 ], [ -86.572405, 36.129753 ], [ -86.57227, 36.129634 ], [ -86.57187, 36.129364 ], [ -86.571741, 36.12921 ], [ -86.57171, 36.129137 ], [ -86.571673, 36.129051 ], [ -86.571619, 36.128826 ], [ -86.571531, 36.128661 ], [ -86.570908, 36.128144 ], [ -86.570806, 36.128128 ], [ -86.570582, 36.128199 ], [ -86.570129, 36.128485 ], [ -86.569803, 36.128617 ], [ -86.569661, 36.128739 ], [ -86.569377, 36.128985 ], [ -86.569275, 36.129007 ], [ -86.56916, 36.128947 ], [ -86.569099, 36.128853 ], [ -86.568929, 36.128106 ], [ -86.568767, 36.127666 ], [ -86.568726, 36.127128 ], [ -86.56878, 36.126919 ], [ -86.569085, 36.126545 ], [ -86.569078, 36.126391 ], [ -86.569051, 36.126309 ], [ -86.568983, 36.126287 ], [ -86.568733, 36.126336 ], [ -86.568001, 36.126672 ], [ -86.567588, 36.126803 ], [ -86.566978, 36.126897 ], [ -86.566328, 36.126963 ], [ -86.565915, 36.12699 ], [ -86.565407, 36.126974 ], [ -86.564919, 36.12693 ], [ -86.564412, 36.126819 ], [ -86.56414, 36.12676 ], [ -86.56311, 36.126446 ], [ -86.562006, 36.125891 ], [ -86.561911, 36.125891 ], [ -86.561877, 36.125924 ], [ -86.56172, 36.126193 ], [ -86.561562, 36.126462 ], [ -86.560786, 36.127786 ], [ -86.559551, 36.129897 ], [ -86.559104, 36.130662 ], [ -86.557517, 36.133374 ], [ -86.557201, 36.133915 ], [ -86.556647, 36.134863 ], [ -86.556609, 36.134928 ], [ -86.556578, 36.13492 ], [ -86.556538, 36.134907 ], [ -86.556497, 36.134893 ], [ -86.556477, 36.134886 ], [ -86.556458, 36.134878 ], [ -86.556427, 36.134871 ], [ -86.556396, 36.134865 ], [ -86.556365, 36.134859 ], [ -86.556333, 36.134854 ], [ -86.556302, 36.134849 ], [ -86.55627, 36.134845 ], [ -86.556239, 36.134842 ], [ -86.556207, 36.134839 ], [ -86.556175, 36.134837 ], [ -86.556143, 36.134836 ], [ -86.556114, 36.13483 ], [ -86.556084, 36.134825 ], [ -86.556054, 36.134819 ], [ -86.556025, 36.134814 ], [ -86.555995, 36.134809 ], [ -86.555936, 36.134798 ], [ -86.555877, 36.134788 ], [ -86.555847, 36.134782 ], [ -86.55578, 36.13477 ], [ -86.555713, 36.134755 ], [ -86.55568, 36.134747 ], [ -86.555647, 36.134738 ], [ -86.555614, 36.134728 ], [ -86.55555, 36.134707 ], [ -86.555486, 36.134684 ], [ -86.555424, 36.134658 ], [ -86.555364, 36.134631 ], [ -86.555302, 36.134598 ], [ -86.555249, 36.134565 ], [ -86.555184, 36.134527 ], [ -86.555138, 36.134495 ], [ -86.555093, 36.134461 ], [ -86.555016, 36.134396 ], [ -86.554968, 36.13435 ], [ -86.554925, 36.134304 ], [ -86.554885, 36.134257 ], [ -86.554872, 36.134231 ], [ -86.554863, 36.134205 ], [ -86.55486, 36.134181 ], [ -86.554859, 36.134163 ], [ -86.554864, 36.134122 ], [ -86.554872, 36.134095 ], [ -86.554885, 36.134069 ], [ -86.554902, 36.134045 ], [ -86.554946, 36.134003 ], [ -86.555002, 36.133971 ], [ -86.55497, 36.133943 ], [ -86.554935, 36.133921 ], [ -86.554908, 36.133908 ], [ -86.554851, 36.133891 ], [ -86.554791, 36.133883 ], [ -86.55473, 36.133886 ], [ -86.554689, 36.133895 ], [ -86.554652, 36.133904 ], [ -86.554575, 36.133926 ], [ -86.554504, 36.133952 ], [ -86.554446, 36.133975 ], [ -86.554387, 36.134003 ], [ -86.554331, 36.134035 ], [ -86.554304, 36.134052 ], [ -86.554278, 36.13407 ], [ -86.554252, 36.134088 ], [ -86.554227, 36.134107 ], [ -86.554204, 36.134127 ], [ -86.554181, 36.134148 ], [ -86.554138, 36.134191 ], [ -86.554099, 36.134237 ], [ -86.55408, 36.134261 ], [ -86.554063, 36.134287 ], [ -86.554049, 36.134314 ], [ -86.554038, 36.134342 ], [ -86.55403, 36.13437 ], [ -86.554025, 36.134399 ], [ -86.554023, 36.134428 ], [ -86.554025, 36.134457 ], [ -86.554029, 36.134486 ], [ -86.554036, 36.134515 ], [ -86.554047, 36.134542 ], [ -86.554043, 36.134571 ], [ -86.554041, 36.1346 ], [ -86.554042, 36.134629 ], [ -86.554043, 36.134652 ], [ -86.554051, 36.134704 ], [ -86.554061, 36.134743 ], [ -86.554071, 36.134771 ], [ -86.554096, 36.134825 ], [ -86.554124, 36.134859 ], [ -86.554095, 36.134958 ], [ -86.554379, 36.135706 ], [ -86.554398, 36.135755 ], [ -86.553943, 36.13621 ], [ -86.553901, 36.136221 ], [ -86.553867, 36.136227 ], [ -86.553832, 36.136229 ], [ -86.553798, 36.136229 ], [ -86.553763, 36.136225 ], [ -86.55373, 36.136219 ], [ -86.553697, 36.13621 ], [ -86.553666, 36.136198 ], [ -86.553636, 36.136183 ], [ -86.553611, 36.136167 ], [ -86.553584, 36.136146 ], [ -86.553566, 36.13613 ], [ -86.553549, 36.136114 ], [ -86.553531, 36.136097 ], [ -86.553514, 36.13608 ], [ -86.553498, 36.136063 ], [ -86.553481, 36.136046 ], [ -86.553467, 36.13603 ], [ -86.553449, 36.136011 ], [ -86.553436, 36.135997 ], [ -86.553417, 36.135976 ], [ -86.553396, 36.135954 ], [ -86.553349, 36.135914 ], [ -86.553323, 36.135896 ], [ -86.553268, 36.135863 ], [ -86.553237, 36.135848 ], [ -86.553177, 36.135824 ], [ -86.553145, 36.135814 ], [ -86.553065, 36.135814 ], [ -86.553044, 36.135816 ], [ -86.553012, 36.135819 ], [ -86.552977, 36.135825 ], [ -86.552948, 36.135831 ], [ -86.552911, 36.13584 ], [ -86.55288, 36.135849 ], [ -86.552849, 36.135861 ], [ -86.552819, 36.135873 ], [ -86.552789, 36.135887 ], [ -86.552761, 36.135903 ], [ -86.552734, 36.13592 ], [ -86.552712, 36.135942 ], [ -86.55269, 36.135964 ], [ -86.552668, 36.135986 ], [ -86.552647, 36.136009 ], [ -86.552626, 36.136031 ], [ -86.552605, 36.136054 ], [ -86.552584, 36.136077 ], [ -86.552563, 36.1361 ], [ -86.552543, 36.136123 ], [ -86.552523, 36.136147 ], [ -86.552504, 36.13617 ], [ -86.552484, 36.136194 ], [ -86.55239, 36.136314 ], [ -86.552081, 36.136478 ], [ -86.55095, 36.137078 ], [ -86.549818, 36.137678 ], [ -86.549545, 36.137823 ], [ -86.549504, 36.137828 ], [ -86.549468, 36.137832 ], [ -86.549433, 36.137835 ], [ -86.549396, 36.137836 ], [ -86.549362, 36.137836 ], [ -86.549324, 36.137834 ], [ -86.549288, 36.137831 ], [ -86.549252, 36.137826 ], [ -86.549217, 36.13782 ], [ -86.549182, 36.137813 ], [ -86.549163, 36.1378 ], [ -86.54914, 36.137786 ], [ -86.549118, 36.137773 ], [ -86.549095, 36.137761 ], [ -86.549072, 36.137751 ], [ -86.549048, 36.13774 ], [ -86.549024, 36.137731 ], [ -86.548999, 36.137723 ], [ -86.548974, 36.137715 ], [ -86.548948, 36.137708 ], [ -86.548925, 36.137695 ], [ -86.548901, 36.137682 ], [ -86.548877, 36.137671 ], [ -86.548852, 36.13766 ], [ -86.548827, 36.137649 ], [ -86.548801, 36.13764 ], [ -86.548774, 36.137631 ], [ -86.548747, 36.137624 ], [ -86.54872, 36.137617 ], [ -86.548606, 36.137536 ], [ -86.548581, 36.13753 ], [ -86.548556, 36.137524 ], [ -86.548532, 36.137518 ], [ -86.548508, 36.137513 ], [ -86.548484, 36.137508 ], [ -86.548464, 36.137507 ], [ -86.548445, 36.137503 ], [ -86.548426, 36.137498 ], [ -86.548408, 36.137491 ], [ -86.548391, 36.137482 ], [ -86.548359, 36.137475 ], [ -86.548327, 36.137468 ], [ -86.548295, 36.13746 ], [ -86.548264, 36.137452 ], [ -86.548232, 36.137444 ], [ -86.5482, 36.137436 ], [ -86.548168, 36.137428 ], [ -86.548137, 36.13742 ], [ -86.548105, 36.137411 ], [ -86.548074, 36.137402 ], [ -86.54804, 36.137398 ], [ -86.548006, 36.137393 ], [ -86.547972, 36.137387 ], [ -86.547939, 36.137381 ], [ -86.547905, 36.137375 ], [ -86.547872, 36.137368 ], [ -86.547839, 36.13736 ], [ -86.547806, 36.137352 ], [ -86.547773, 36.137344 ], [ -86.547741, 36.137335 ], [ -86.547708, 36.137326 ], [ -86.547676, 36.137316 ], [ -86.547645, 36.137306 ], [ -86.547613, 36.137295 ], [ -86.547581, 36.137284 ], [ -86.54755, 36.137272 ], [ -86.547519, 36.13726 ], [ -86.547488, 36.137247 ], [ -86.547456, 36.137233 ], [ -86.547428, 36.137221 ], [ -86.547401, 36.137216 ], [ -86.547374, 36.137209 ], [ -86.547348, 36.137201 ], [ -86.547273, 36.137171 ], [ -86.547228, 36.137146 ], [ -86.547206, 36.137132 ], [ -86.547186, 36.137116 ], [ -86.547122, 36.137094 ], [ -86.547024, 36.137068 ], [ -86.546957, 36.137054 ], [ -86.546889, 36.137045 ], [ -86.54682, 36.137039 ], [ -86.546716, 36.137036 ], [ -86.546613, 36.137043 ], [ -86.546579, 36.137046 ], [ -86.54655, 36.137056 ], [ -86.546515, 36.137069 ], [ -86.546493, 36.137077 ], [ -86.546411, 36.137114 ], [ -86.546384, 36.137128 ], [ -86.546333, 36.137157 ], [ -86.546309, 36.137173 ], [ -86.54628, 36.137188 ], [ -86.546225, 36.137223 ], [ -86.546175, 36.137258 ], [ -86.546152, 36.137278 ], [ -86.546131, 36.137299 ], [ -86.546111, 36.137322 ], [ -86.546075, 36.137368 ], [ -86.546046, 36.137418 ], [ -86.546033, 36.137444 ], [ -86.546023, 36.13747 ], [ -86.546008, 36.137524 ], [ -86.545967, 36.137602 ], [ -86.545938, 36.137654 ], [ -86.545906, 36.137704 ], [ -86.545839, 36.137804 ], [ -86.545819, 36.13784 ], [ -86.545759, 36.137948 ], [ -86.545699, 36.13805 ], [ -86.545649, 36.138123 ], [ -86.545593, 36.138194 ], [ -86.545513, 36.138284 ], [ -86.54547, 36.138327 ], [ -86.545426, 36.138368 ], [ -86.545353, 36.138429 ], [ -86.545304, 36.138468 ], [ -86.545226, 36.138523 ], [ -86.545126, 36.138604 ], [ -86.545075, 36.138645 ], [ -86.544955, 36.138735 ], [ -86.544891, 36.138781 ], [ -86.544832, 36.138825 ], [ -86.544809, 36.138837 ], [ -86.544755, 36.138877 ], [ -86.544708, 36.138922 ], [ -86.544687, 36.138947 ], [ -86.54467, 36.138975 ], [ -86.544638, 36.139027 ], [ -86.544627, 36.139059 ], [ -86.543839, 36.139693 ], [ -86.542842, 36.140496 ], [ -86.54272, 36.140594 ], [ -86.542671, 36.140603 ], [ -86.542637, 36.14061 ], [ -86.542603, 36.140617 ], [ -86.542569, 36.140623 ], [ -86.542535, 36.140629 ], [ -86.5425, 36.140633 ], [ -86.542465, 36.140635 ], [ -86.54243, 36.140635 ], [ -86.542394, 36.140632 ], [ -86.54236, 36.140627 ], [ -86.542326, 36.14062 ], [ -86.542292, 36.140611 ], [ -86.54226, 36.140599 ], [ -86.542229, 36.140586 ], [ -86.5422, 36.14057 ], [ -86.542172, 36.140553 ], [ -86.542146, 36.140533 ], [ -86.542122, 36.140513 ], [ -86.5421, 36.14049 ], [ -86.54208, 36.140467 ], [ -86.542075, 36.140446 ], [ -86.542068, 36.140426 ], [ -86.542051, 36.140386 ], [ -86.542029, 36.140348 ], [ -86.542016, 36.140329 ], [ -86.542002, 36.140312 ], [ -86.541987, 36.140294 ], [ -86.541971, 36.140278 ], [ -86.541967, 36.140258 ], [ -86.541962, 36.140237 ], [ -86.541948, 36.140198 ], [ -86.541931, 36.140159 ], [ -86.541921, 36.14014 ], [ -86.54191, 36.140121 ], [ -86.541898, 36.140103 ], [ -86.541885, 36.140085 ], [ -86.541874, 36.140059 ], [ -86.541861, 36.140034 ], [ -86.541845, 36.140009 ], [ -86.541829, 36.139985 ], [ -86.54181, 36.139962 ], [ -86.54179, 36.13994 ], [ -86.541768, 36.139918 ], [ -86.541745, 36.139898 ], [ -86.541721, 36.139879 ], [ -86.541695, 36.139861 ], [ -86.541668, 36.139844 ], [ -86.54164, 36.139829 ], [ -86.541615, 36.13981 ], [ -86.541589, 36.139791 ], [ -86.541564, 36.139772 ], [ -86.541538, 36.139754 ], [ -86.54151, 36.139733 ], [ -86.541487, 36.139717 ], [ -86.54146, 36.139699 ], [ -86.541434, 36.139681 ], [ -86.541407, 36.139663 ], [ -86.541382, 36.139646 ], [ -86.541354, 36.139628 ], [ -86.541336, 36.139619 ], [ -86.541313, 36.139607 ], [ -86.541293, 36.139596 ], [ -86.541272, 36.139586 ], [ -86.541251, 36.139576 ], [ -86.541231, 36.139565 ], [ -86.54121, 36.139555 ], [ -86.541189, 36.139545 ], [ -86.541168, 36.139536 ], [ -86.541149, 36.139526 ], [ -86.541122, 36.139504 ], [ -86.541096, 36.139482 ], [ -86.54107, 36.139462 ], [ -86.541042, 36.139442 ], [ -86.541014, 36.139423 ], [ -86.540983, 36.139404 ], [ -86.540955, 36.139387 ], [ -86.540924, 36.13937 ], [ -86.540893, 36.139354 ], [ -86.540861, 36.139339 ], [ -86.540828, 36.139324 ], [ -86.540806, 36.13931 ], [ -86.540783, 36.139295 ], [ -86.540759, 36.139281 ], [ -86.540733, 36.139265 ], [ -86.54071, 36.139251 ], [ -86.540291, 36.138853 ], [ -86.540277, 36.138777 ], [ -86.540057, 36.137521 ], [ -86.540063, 36.137503 ], [ -86.54007, 36.137475 ], [ -86.540075, 36.137446 ], [ -86.540079, 36.137418 ], [ -86.540082, 36.137389 ], [ -86.540083, 36.13736 ], [ -86.540083, 36.137331 ], [ -86.540081, 36.137302 ], [ -86.540077, 36.137273 ], [ -86.540072, 36.137245 ], [ -86.540066, 36.137216 ], [ -86.540058, 36.137188 ], [ -86.540061, 36.137161 ], [ -86.540063, 36.137133 ], [ -86.540063, 36.137106 ], [ -86.540062, 36.137078 ], [ -86.540061, 36.137051 ], [ -86.540058, 36.137023 ], [ -86.540054, 36.136996 ], [ -86.54005, 36.136969 ], [ -86.540044, 36.136942 ], [ -86.540037, 36.136915 ], [ -86.540029, 36.136888 ], [ -86.54002, 36.136861 ], [ -86.54001, 36.136835 ], [ -86.539999, 36.136809 ], [ -86.539987, 36.136783 ], [ -86.539974, 36.136758 ], [ -86.53996, 36.136733 ], [ -86.539945, 36.136708 ], [ -86.539929, 36.136684 ], [ -86.539912, 36.13666 ], [ -86.539895, 36.136637 ], [ -86.539876, 36.136614 ], [ -86.539856, 36.136591 ], [ -86.539808, 36.136515 ], [ -86.539745, 36.136446 ], [ -86.539696, 36.136404 ], [ -86.539555, 36.136311 ], [ -86.539535, 36.136297 ], [ -86.53951, 36.136279 ], [ -86.539485, 36.13626 ], [ -86.53946, 36.136241 ], [ -86.539436, 36.136222 ], [ -86.539412, 36.136202 ], [ -86.539388, 36.136182 ], [ -86.539365, 36.136162 ], [ -86.539342, 36.136141 ], [ -86.53932, 36.13612 ], [ -86.539298, 36.136099 ], [ -86.539276, 36.136077 ], [ -86.539255, 36.136056 ], [ -86.539234, 36.136034 ], [ -86.539214, 36.136012 ], [ -86.539194, 36.13599 ], [ -86.539178, 36.135965 ], [ -86.539161, 36.135941 ], [ -86.539143, 36.135918 ], [ -86.539124, 36.135895 ], [ -86.539104, 36.135872 ], [ -86.539083, 36.13585 ], [ -86.539062, 36.135828 ], [ -86.53904, 36.135807 ], [ -86.539017, 36.135786 ], [ -86.538993, 36.135766 ], [ -86.538969, 36.135747 ], [ -86.538944, 36.135728 ], [ -86.538918, 36.13571 ], [ -86.538891, 36.135692 ], [ -86.538874, 36.135682 ], [ -86.538856, 36.135671 ], [ -86.538839, 36.13566 ], [ -86.538824, 36.135648 ], [ -86.538807, 36.135636 ], [ -86.538792, 36.135623 ], [ -86.538778, 36.13561 ], [ -86.538764, 36.135596 ], [ -86.538751, 36.135582 ], [ -86.538739, 36.135568 ], [ -86.538724, 36.135551 ], [ -86.53871, 36.135533 ], [ -86.538695, 36.135516 ], [ -86.538597, 36.135395 ], [ -86.537887, 36.136197 ], [ -86.537326, 36.136826 ], [ -86.537272, 36.136887 ], [ -86.536691, 36.137542 ], [ -86.536295, 36.137988 ], [ -86.53609, 36.138219 ], [ -86.535893, 36.138442 ], [ -86.535789, 36.138513 ], [ -86.534643, 36.137979 ], [ -86.533874, 36.137608 ], [ -86.533649, 36.137501 ], [ -86.533354, 36.13736 ], [ -86.533363, 36.137389 ], [ -86.533381, 36.137446 ], [ -86.533396, 36.137504 ], [ -86.533418, 36.137603 ], [ -86.53343, 36.137679 ], [ -86.533447, 36.137792 ], [ -86.533443, 36.137902 ], [ -86.53342, 36.137982 ], [ -86.533353, 36.138095 ], [ -86.533297, 36.138153 ], [ -86.533228, 36.138206 ], [ -86.533144, 36.138263 ], [ -86.533007, 36.138366 ], [ -86.532899, 36.138436 ], [ -86.532839, 36.138472 ], [ -86.532513, 36.138439 ], [ -86.531979, 36.13838 ], [ -86.528438, 36.138009 ], [ -86.527841, 36.140769 ], [ -86.526373, 36.139827 ], [ -86.526159, 36.13969 ], [ -86.526049, 36.139619 ], [ -86.525559, 36.13854 ], [ -86.526492, 36.137797 ], [ -86.526737, 36.137817 ], [ -86.527074, 36.13615 ], [ -86.527391, 36.134585 ], [ -86.525789, 36.134386 ], [ -86.526437, 36.126479 ], [ -86.526464, 36.126474 ], [ -86.526513, 36.126477 ], [ -86.528707, 36.126688 ], [ -86.528868, 36.126704 ], [ -86.529163, 36.124827 ], [ -86.529238, 36.124347 ], [ -86.529514, 36.12261 ], [ -86.529688, 36.121505 ], [ -86.529703, 36.12141 ], [ -86.529718, 36.121318 ], [ -86.529756, 36.121076 ], [ -86.53001, 36.119464 ], [ -86.530889, 36.113902 ], [ -86.531183, 36.112049 ], [ -86.53194, 36.11213 ], [ -86.534214, 36.112374 ], [ -86.534862, 36.112444 ], [ -86.534971, 36.112463 ], [ -86.535216, 36.112485 ], [ -86.53529, 36.112496 ], [ -86.535322, 36.112274 ], [ -86.535354, 36.112051 ], [ -86.53553, 36.110831 ], [ -86.535634, 36.110104 ], [ -86.535768, 36.108952 ], [ -86.53589, 36.108414 ], [ -86.535943, 36.108166 ], [ -86.535698, 36.108137 ], [ -86.529501, 36.107382 ], [ -86.527737, 36.107167 ], [ -86.52652, 36.107019 ], [ -86.523355, 36.106633 ], [ -86.523171, 36.106485 ], [ -86.522674, 36.106085 ], [ -86.521561, 36.105192 ], [ -86.520244, 36.104293 ], [ -86.519566, 36.103831 ], [ -86.51693, 36.101702 ], [ -86.515589, 36.10061 ], [ -86.516322, 36.094205 ], [ -86.516604, 36.091739 ], [ -86.516886, 36.089272 ], [ -86.517043, 36.088113 ], [ -86.517234, 36.086726 ], [ -86.517272, 36.086445 ], [ -86.517491, 36.084855 ], [ -86.517597, 36.084081 ], [ -86.517947, 36.084102 ], [ -86.519363, 36.084194 ], [ -86.519387, 36.084018 ], [ -86.519512, 36.083063 ], [ -86.519647, 36.082017 ], [ -86.519651, 36.081979 ], [ -86.519783, 36.080971 ], [ -86.519999, 36.07931 ], [ -86.520074, 36.07873 ], [ -86.520215, 36.077648 ], [ -86.520444, 36.075892 ], [ -86.520488, 36.075551 ], [ -86.520787, 36.073256 ], [ -86.520823, 36.072973 ], [ -86.520879, 36.072545 ], [ -86.520883, 36.07252 ], [ -86.520966, 36.072468 ], [ -86.521083, 36.072395 ], [ -86.523286, 36.071021 ], [ -86.524988, 36.068918 ], [ -86.524384, 36.059021 ], [ -86.524682, 36.058631 ], [ -86.525689, 36.057318 ], [ -86.528588, 36.056921 ], [ -86.529327, 36.057156 ], [ -86.530786, 36.05762 ], [ -86.531699, 36.058664 ], [ -86.532884, 36.060019 ], [ -86.52749, 36.07402 ], [ -86.529489, 36.077521 ], [ -86.538988, 36.076621 ], [ -86.540689, 36.077619 ], [ -86.543645, 36.083662 ], [ -86.543857, 36.084095 ], [ -86.545091, 36.086618 ], [ -86.546884, 36.087817 ], [ -86.54899, 36.085916 ], [ -86.548581, 36.081282 ], [ -86.548486, 36.080218 ], [ -86.546879, 36.078406 ], [ -86.54609, 36.077518 ], [ -86.546487, 36.06652 ], [ -86.550486, 36.065322 ], [ -86.55739, 36.065718 ], [ -86.561685, 36.06742 ], [ -86.561685, 36.068418 ], [ -86.563197, 36.066172 ], [ -86.562275, 36.065163 ], [ -86.562525, 36.063921 ], [ -86.564292, 36.063579 ], [ -86.56387, 36.061917 ], [ -86.561998, 36.058641 ], [ -86.561793, 36.058282 ], [ -86.561439, 36.057662 ], [ -86.561704, 36.05622 ], [ -86.562073, 36.054214 ], [ -86.563644, 36.052981 ], [ -86.565042, 36.051885 ], [ -86.565485, 36.05085 ], [ -86.566379, 36.048762 ], [ -86.566256, 36.048465 ], [ -86.566158, 36.048226 ], [ -86.565936, 36.047692 ], [ -86.565363, 36.046306 ], [ -86.563121, 36.04322 ], [ -86.561875, 36.041504 ], [ -86.560677, 36.039845 ], [ -86.560713, 36.039621 ], [ -86.560758, 36.03934 ], [ -86.560768, 36.039278 ], [ -86.560822, 36.038936 ], [ -86.56087, 36.038639 ], [ -86.560892, 36.038497 ], [ -86.560917, 36.038342 ], [ -86.560932, 36.03828 ], [ -86.560947, 36.038218 ], [ -86.56127, 36.037917 ], [ -86.56145, 36.037717 ], [ -86.561608, 36.037543 ], [ -86.561744, 36.037087 ], [ -86.561859, 36.036395 ], [ -86.562162, 36.035744 ], [ -86.562231, 36.035598 ], [ -86.562427, 36.035323 ], [ -86.562603, 36.035207 ], [ -86.562894, 36.035147 ], [ -86.563535, 36.035089 ], [ -86.564119, 36.035037 ], [ -86.564768, 36.034894 ], [ -86.565668, 36.034614 ], [ -86.565993, 36.034564 ], [ -86.566289, 36.034616 ], [ -86.566494, 36.034652 ], [ -86.566825, 36.034614 ], [ -86.567207, 36.034496 ], [ -86.567242, 36.034485 ], [ -86.567315, 36.034454 ], [ -86.567344, 36.034441 ], [ -86.567378, 36.034427 ], [ -86.567529, 36.034361 ], [ -86.567769, 36.034309 ], [ -86.568023, 36.034256 ], [ -86.568348, 36.0343 ], [ -86.568761, 36.034388 ], [ -86.568974, 36.034328 ], [ -86.569018, 36.034317 ], [ -86.56923, 36.034019 ], [ -86.569343, 36.033861 ], [ -86.569622, 36.033638 ], [ -86.569654, 36.033613 ], [ -86.569877, 36.03341 ], [ -86.569979, 36.033064 ], [ -86.570202, 36.032893 ], [ -86.570504, 36.032759 ], [ -86.570723, 36.032663 ], [ -86.570811, 36.032615 ], [ -86.571296, 36.032353 ], [ -86.571934, 36.032008 ], [ -86.572117, 36.031756 ], [ -86.572114, 36.031703 ], [ -86.57211, 36.031591 ], [ -86.572035, 36.031387 ], [ -86.571934, 36.031086 ], [ -86.57194, 36.031007 ], [ -86.571978, 36.030954 ], [ -86.572095, 36.03086 ], [ -86.572347, 36.030767 ], [ -86.572583, 36.0307 ], [ -86.573111, 36.030189 ], [ -86.574024, 36.029969 ], [ -86.57416, 36.029945 ], [ -86.574613, 36.02987 ], [ -86.5751, 36.029711 ], [ -86.575184, 36.029627 ], [ -86.575398, 36.029411 ], [ -86.576, 36.028809 ], [ -86.576045, 36.028769 ], [ -86.576125, 36.028698 ], [ -86.576274, 36.028569 ], [ -86.576466, 36.028399 ], [ -86.576507, 36.028364 ], [ -86.576959, 36.027811 ], [ -86.577148, 36.027638 ], [ -86.577287, 36.027509 ], [ -86.577333, 36.027468 ], [ -86.577818, 36.027318 ], [ -86.577955, 36.027276 ], [ -86.577989, 36.027243 ], [ -86.578055, 36.027181 ], [ -86.578061, 36.027097 ], [ -86.578205, 36.027039 ], [ -86.578344, 36.026921 ], [ -86.578483, 36.026803 ], [ -86.578632, 36.026638 ], [ -86.578841, 36.026578 ], [ -86.579384, 36.026498 ], [ -86.579511, 36.026478 ], [ -86.579754, 36.026453 ], [ -86.580174, 36.026412 ], [ -86.580756, 36.026444 ], [ -86.580868, 36.026469 ], [ -86.581232, 36.026553 ], [ -86.581344, 36.026579 ], [ -86.581575, 36.026631 ], [ -86.58219, 36.026697 ], [ -86.582488, 36.026675 ], [ -86.582653, 36.026601 ], [ -86.582833, 36.026521 ], [ -86.582994, 36.026482 ], [ -86.583117, 36.026451 ], [ -86.583456, 36.02633 ], [ -86.583814, 36.026335 ], [ -86.584146, 36.02628 ], [ -86.584741, 36.026137 ], [ -86.585039, 36.026109 ], [ -86.585309, 36.026033 ], [ -86.585905, 36.025791 ], [ -86.586067, 36.025725 ], [ -86.586385, 36.025664 ], [ -86.586913, 36.025675 ], [ -86.587089, 36.025658 ], [ -86.5873, 36.025604 ], [ -86.587349, 36.025642 ], [ -86.58751, 36.025768 ], [ -86.588146, 36.02627 ], [ -86.58836, 36.026439 ], [ -86.588699, 36.026705 ], [ -86.588801, 36.0268 ], [ -86.589757, 36.027689 ], [ -86.590055, 36.027966 ], [ -86.590474, 36.028355 ], [ -86.590175, 36.028774 ], [ -86.589279, 36.030033 ], [ -86.588981, 36.030453 ], [ -86.58887, 36.030612 ], [ -86.588538, 36.031092 ], [ -86.588469, 36.031194 ], [ -86.588426, 36.031251 ], [ -86.588264, 36.031478 ], [ -86.58778, 36.032162 ], [ -86.587694, 36.032285 ], [ -86.58762, 36.03239 ], [ -86.587386, 36.03275 ], [ -86.58725, 36.03301 ], [ -86.587217, 36.033079 ], [ -86.587101, 36.033338 ], [ -86.587081, 36.03338 ], [ -86.587059, 36.033436 ], [ -86.586963, 36.033706 ], [ -86.586867, 36.03407 ], [ -86.586852, 36.034176 ], [ -86.586767, 36.034791 ], [ -86.586736, 36.035016 ], [ -86.586729, 36.035069 ], [ -86.586634, 36.035691 ], [ -86.5866, 36.035916 ], [ -86.58658, 36.036052 ], [ -86.58652, 36.036461 ], [ -86.586501, 36.036598 ], [ -86.58648, 36.036757 ], [ -86.586416, 36.037235 ], [ -86.586396, 36.037395 ], [ -86.586381, 36.037578 ], [ -86.586337, 36.03813 ], [ -86.586323, 36.038315 ], [ -86.586201, 36.038963 ], [ -86.586078, 36.039479 ], [ -86.586075, 36.039489 ], [ -86.585919, 36.040053 ], [ -86.585609, 36.041307 ], [ -86.585465, 36.041961 ], [ -86.585263, 36.042773 ], [ -86.585203, 36.042973 ], [ -86.585065, 36.043251 ], [ -86.585039, 36.043288 ], [ -86.584894, 36.043492 ], [ -86.584688, 36.043757 ], [ -86.584623, 36.043832 ], [ -86.584521, 36.043966 ], [ -86.584166, 36.044376 ], [ -86.583568, 36.045067 ], [ -86.583106, 36.045611 ], [ -86.582756, 36.046025 ], [ -86.582705, 36.04608 ], [ -86.582555, 36.046246 ], [ -86.582505, 36.046302 ], [ -86.583046, 36.046387 ], [ -86.583443, 36.046434 ], [ -86.585922, 36.046705 ], [ -86.585984, 36.046712 ], [ -86.588267, 36.04697 ], [ -86.589126, 36.04708 ], [ -86.589615, 36.047139 ], [ -86.589987, 36.047199 ], [ -86.590059, 36.047225 ], [ -86.59046, 36.047337 ], [ -86.590522, 36.047355 ], [ -86.59152, 36.047667 ], [ -86.591873, 36.047778 ], [ -86.592107, 36.047851 ], [ -86.592811, 36.048072 ], [ -86.593046, 36.048146 ], [ -86.593685, 36.048328 ], [ -86.59418, 36.048444 ], [ -86.594415, 36.048486 ], [ -86.595278, 36.048644 ], [ -86.596232, 36.048827 ], [ -86.597151, 36.048979 ], [ -86.597574, 36.049032 ], [ -86.598598, 36.049152 ], [ -86.600001, 36.049317 ], [ -86.600378, 36.047402 ], [ -86.600382, 36.04739 ], [ -86.600652, 36.046697 ], [ -86.601073, 36.046102 ], [ -86.601859, 36.045506 ], [ -86.602627, 36.045081 ], [ -86.603882, 36.044369 ], [ -86.604856, 36.043836 ], [ -86.606105, 36.043154 ], [ -86.606556, 36.042855 ], [ -86.607108, 36.042536 ], [ -86.606967, 36.042764 ], [ -86.606934, 36.042852 ], [ -86.606917, 36.042925 ], [ -86.606918, 36.042983 ], [ -86.607014, 36.043363 ], [ -86.607207, 36.043574 ], [ -86.60841, 36.044639 ], [ -86.608866, 36.045043 ], [ -86.608892, 36.045067 ], [ -86.609027, 36.045191 ], [ -86.609153, 36.045299 ], [ -86.609197, 36.045338 ], [ -86.610122, 36.04614 ], [ -86.610431, 36.046408 ], [ -86.61066, 36.046606 ], [ -86.611315, 36.047187 ], [ -86.612207, 36.047979 ], [ -86.613345, 36.049077 ], [ -86.613564, 36.049294 ], [ -86.613761, 36.049488 ], [ -86.613886, 36.049612 ], [ -86.61397, 36.049695 ], [ -86.614724, 36.050442 ], [ -86.614725, 36.050464 ], [ -86.61473, 36.050535 ], [ -86.614799, 36.050603 ], [ -86.615606, 36.051334 ], [ -86.616705, 36.052338 ], [ -86.617009, 36.052622 ], [ -86.617678, 36.053273 ], [ -86.61803, 36.05362 ], [ -86.618118, 36.053707 ], [ -86.618383, 36.053969 ], [ -86.618472, 36.054057 ], [ -86.618523, 36.054109 ], [ -86.618677, 36.054265 ], [ -86.618729, 36.054317 ], [ -86.618796, 36.054386 ], [ -86.619047, 36.054689 ], [ -86.619341, 36.055093 ], [ -86.619422, 36.055223 ], [ -86.619604, 36.055512 ], [ -86.621277, 36.058094 ], [ -86.621284, 36.058103 ], [ -86.621456, 36.058327 ], [ -86.621654, 36.05855 ], [ -86.621864, 36.05876 ], [ -86.622059, 36.058941 ], [ -86.622347, 36.05921 ], [ -86.622458, 36.05931 ], [ -86.622728, 36.059555 ], [ -86.624046, 36.060749 ], [ -86.624664, 36.061318 ], [ -86.624744, 36.061392 ], [ -86.624937, 36.06157 ], [ -86.625413, 36.062009 ], [ -86.625493, 36.062083 ], [ -86.62568, 36.062239 ], [ -86.625876, 36.062401 ], [ -86.625971, 36.06249 ], [ -86.626607, 36.063091 ], [ -86.62755, 36.063951 ], [ -86.627596, 36.063993 ], [ -86.628142, 36.06449 ], [ -86.628209, 36.064551 ], [ -86.628412, 36.064736 ], [ -86.62848, 36.064798 ], [ -86.628678, 36.064988 ], [ -86.6288, 36.065105 ], [ -86.629016, 36.065313 ], [ -86.629272, 36.065559 ], [ -86.629327, 36.065612 ], [ -86.629473, 36.065747 ], [ -86.629828, 36.06608 ], [ -86.630893, 36.06708 ], [ -86.631249, 36.067414 ], [ -86.631436, 36.06759 ], [ -86.632005, 36.068124 ], [ -86.632189, 36.068291 ], [ -86.632281, 36.068375 ], [ -86.632559, 36.068627 ], [ -86.632652, 36.068711 ], [ -86.632981, 36.06901 ], [ -86.633971, 36.069909 ], [ -86.634163, 36.070084 ], [ -86.634303, 36.070207 ], [ -86.635909, 36.071618 ], [ -86.636183, 36.071874 ], [ -86.636495, 36.072199 ], [ -86.636641, 36.07235 ], [ -86.638648, 36.074482 ], [ -86.640075, 36.075997 ], [ -86.640851, 36.076686 ], [ -86.641461, 36.077141 ], [ -86.642601, 36.077992 ], [ -86.642686, 36.078056 ], [ -86.642809, 36.078147 ], [ -86.642943, 36.078248 ], [ -86.643029, 36.078312 ], [ -86.643344, 36.078546 ], [ -86.64429, 36.079251 ], [ -86.644359, 36.079303 ], [ -86.644599, 36.079495 ], [ -86.644761, 36.079624 ], [ -86.645006, 36.079847 ], [ -86.645111, 36.079943 ], [ -86.645435, 36.080279 ], [ -86.645732, 36.080631 ], [ -86.64593, 36.080895 ], [ -86.646045, 36.081078 ], [ -86.646331, 36.081535 ], [ -86.646419, 36.081699 ], [ -86.646472, 36.081796 ], [ -86.646627, 36.082217 ], [ -86.646692, 36.082393 ], [ -86.646721, 36.082472 ], [ -86.646771, 36.082606 ], [ -86.646817, 36.082707 ], [ -86.646853, 36.082785 ], [ -86.646926, 36.082959 ], [ -86.647148, 36.083481 ], [ -86.647222, 36.083655 ], [ -86.647513, 36.084307 ], [ -86.648386, 36.086264 ], [ -86.648656, 36.086867 ], [ -86.648941, 36.086534 ], [ -86.648967, 36.086498 ], [ -86.649418, 36.085224 ], [ -86.649446, 36.085146 ], [ -86.64948, 36.085059 ], [ -86.649569, 36.084846 ], [ -86.65058, 36.085218 ], [ -86.650737, 36.08565 ], [ -86.65112, 36.086875 ], [ -86.651942, 36.086862 ], [ -86.652044, 36.08719 ], [ -86.653015, 36.086623 ], [ -86.653947, 36.086666 ], [ -86.654159, 36.086302 ], [ -86.658993, 36.086462 ], [ -86.660992, 36.086407 ], [ -86.661635, 36.086653 ], [ -86.663206, 36.087254 ], [ -86.663412, 36.087026 ], [ -86.663543, 36.08687 ], [ -86.663679, 36.086682 ], [ -86.663893, 36.086361 ], [ -86.663947, 36.086271 ], [ -86.6642, 36.085934 ], [ -86.66486, 36.085279 ], [ -86.665108, 36.084998 ], [ -86.665725, 36.083939 ], [ -86.666282, 36.082985 ], [ -86.666433, 36.082768 ], [ -86.666497, 36.082622 ], [ -86.66653, 36.082491 ], [ -86.666594, 36.081938 ], [ -86.66665, 36.081784 ], [ -86.666775, 36.081448 ], [ -86.666906, 36.081135 ], [ -86.667188, 36.080752 ], [ -86.667563, 36.080267 ], [ -86.667668, 36.080158 ], [ -86.667976, 36.079891 ], [ -86.668144, 36.079771 ], [ -86.668154, 36.079764 ], [ -86.668834, 36.079343 ], [ -86.668884, 36.07932 ], [ -86.669126, 36.079202 ], [ -86.669234, 36.07915 ], [ -86.669555, 36.078934 ], [ -86.669719, 36.078831 ], [ -86.669805, 36.078765 ], [ -86.67002, 36.078603 ], [ -86.670069, 36.078552 ], [ -86.670218, 36.0784 ], [ -86.670268, 36.07835 ], [ -86.670477, 36.078116 ], [ -86.671012, 36.077523 ], [ -86.671121, 36.077432 ], [ -86.671289, 36.077294 ], [ -86.671364, 36.077233 ], [ -86.671428, 36.077181 ], [ -86.671737, 36.077056 ], [ -86.672008, 36.077029 ], [ -86.672299, 36.077036 ], [ -86.67257, 36.077112 ], [ -86.672813, 36.077262 ], [ -86.672914, 36.077336 ], [ -86.673173, 36.077524 ], [ -86.67351, 36.077822 ], [ -86.673995, 36.078318 ], [ -86.674354, 36.078646 ], [ -86.674792, 36.078915 ], [ -86.67538, 36.079157 ], [ -86.676185, 36.079316 ], [ -86.67703, 36.079365 ], [ -86.677389, 36.079477 ], [ -86.6775, 36.079512 ], [ -86.677701, 36.079592 ], [ -86.677904, 36.079743 ], [ -86.678085, 36.079891 ], [ -86.678157, 36.079983 ], [ -86.678237, 36.080086 ], [ -86.678424, 36.080561 ], [ -86.678553, 36.080853 ], [ -86.678752, 36.08113 ], [ -86.678993, 36.081312 ], [ -86.679103, 36.081384 ], [ -86.679307, 36.081493 ], [ -86.679479, 36.081561 ], [ -86.679712, 36.081629 ], [ -86.679883, 36.081659 ], [ -86.68004, 36.08167 ], [ -86.680513, 36.08163 ], [ -86.68059, 36.081627 ], [ -86.680653, 36.081625 ], [ -86.680734, 36.081621 ], [ -86.680747, 36.081621 ], [ -86.681095, 36.081583 ], [ -86.681456, 36.081544 ], [ -86.68177, 36.081487 ], [ -86.682328, 36.081372 ], [ -86.682406, 36.081353 ], [ -86.682838, 36.081249 ], [ -86.682862, 36.081305 ], [ -86.682935, 36.081476 ], [ -86.68296, 36.081533 ], [ -86.68306, 36.081763 ], [ -86.683346, 36.082405 ], [ -86.683593, 36.082881 ], [ -86.683661, 36.082998 ], [ -86.68374, 36.083132 ], [ -86.683902, 36.083378 ], [ -86.684072, 36.083621 ], [ -86.684252, 36.08386 ], [ -86.684442, 36.084091 ], [ -86.684644, 36.084316 ], [ -86.684855, 36.08454 ], [ -86.685074, 36.084755 ], [ -86.685188, 36.084858 ], [ -86.68554, 36.085163 ], [ -86.685922, 36.085465 ], [ -86.686787, 36.086148 ], [ -86.687113, 36.086389 ], [ -86.687649, 36.086785 ], [ -86.688414, 36.087365 ], [ -86.688738, 36.087608 ], [ -86.689173, 36.087934 ], [ -86.689709, 36.08834 ], [ -86.690033, 36.088586 ], [ -86.690193, 36.088709 ], [ -86.690673, 36.089081 ], [ -86.690834, 36.089205 ], [ -86.691615, 36.089795 ], [ -86.693196, 36.090989 ], [ -86.693956, 36.091568 ], [ -86.694205, 36.091758 ], [ -86.694736, 36.092161 ], [ -86.695018, 36.092376 ], [ -86.69507, 36.092415 ], [ -86.695241, 36.092544 ], [ -86.695412, 36.092673 ], [ -86.696075, 36.093174 ], [ -86.69641, 36.093428 ], [ -86.697094, 36.093954 ], [ -86.697319, 36.094123 ], [ -86.69827, 36.094834 ], [ -86.698657, 36.095128 ], [ -86.699052, 36.095427 ], [ -86.699261, 36.095583 ], [ -86.699916, 36.096075 ], [ -86.700064, 36.096188 ], [ -86.700539, 36.096551 ], [ -86.700577, 36.096578 ], [ -86.700698, 36.096671 ], [ -86.700933, 36.096846 ], [ -86.700977, 36.09688 ], [ -86.70101, 36.096905 ], [ -86.701841, 36.097533 ], [ -86.702373, 36.097946 ], [ -86.702926, 36.098353 ], [ -86.703254, 36.098616 ], [ -86.703521, 36.098805 ], [ -86.703824, 36.099045 ], [ -86.703883, 36.099096 ], [ -86.70394, 36.099142 ], [ -86.704002, 36.099188 ], [ -86.704316, 36.099421 ], [ -86.704619, 36.099635 ], [ -86.705451, 36.100298 ], [ -86.705916, 36.100656 ], [ -86.706073, 36.100777 ], [ -86.706267, 36.100944 ], [ -86.706677, 36.101302 ], [ -86.706826, 36.101457 ], [ -86.707322, 36.101988 ], [ -86.707638, 36.102388 ], [ -86.707913, 36.102784 ], [ -86.708132, 36.103135 ], [ -86.708268, 36.103372 ], [ -86.70833, 36.103492 ], [ -86.708381, 36.103591 ], [ -86.708532, 36.10393 ], [ -86.708657, 36.104239 ], [ -86.70914, 36.105488 ], [ -86.709498, 36.106414 ], [ -86.709543, 36.106531 ], [ -86.709602, 36.106683 ], [ -86.70968, 36.106884 ], [ -86.709726, 36.107002 ], [ -86.709763, 36.107075 ], [ -86.709788, 36.107123 ], [ -86.709872, 36.107299 ], [ -86.709913, 36.107373 ], [ -86.709958, 36.1075 ], [ -86.710022, 36.107676 ], [ -86.71008, 36.107832 ], [ -86.710098, 36.107881 ], [ -86.710113, 36.107921 ], [ -86.710145, 36.108009 ], [ -86.710208, 36.10817 ], [ -86.710272, 36.10833 ], [ -86.710407, 36.108672 ], [ -86.711014, 36.110202 ], [ -86.711195, 36.110661 ], [ -86.711326, 36.110993 ], [ -86.711459, 36.111324 ], [ -86.711477, 36.111369 ], [ -86.71151, 36.111451 ], [ -86.711525, 36.111491 ], [ -86.711542, 36.111533 ], [ -86.711754, 36.111471 ], [ -86.71239, 36.111288 ], [ -86.712603, 36.111227 ], [ -86.712652, 36.111356 ], [ -86.712741, 36.111557 ], [ -86.712776, 36.111635 ], [ -86.713003, 36.111865 ], [ -86.713338, 36.112113 ], [ -86.713525, 36.112134 ], [ -86.71358, 36.112161 ], [ -86.713593, 36.112168 ], [ -86.713911, 36.1123 ], [ -86.714279, 36.112442 ], [ -86.714878, 36.112674 ], [ -86.715381, 36.112874 ], [ -86.715748, 36.113021 ], [ -86.715833, 36.113051 ], [ -86.716033, 36.113123 ], [ -86.716088, 36.113145 ], [ -86.716172, 36.11318 ], [ -86.716595, 36.113345 ], [ -86.716688, 36.113381 ], [ -86.716829, 36.113464 ], [ -86.71689, 36.113515 ], [ -86.716942, 36.113572 ], [ -86.717016, 36.113701 ], [ -86.717132, 36.113992 ], [ -86.717186, 36.114101 ], [ -86.717257, 36.114205 ], [ -86.717344, 36.114301 ], [ -86.717424, 36.11437 ], [ -86.717444, 36.114388 ], [ -86.717558, 36.114464 ], [ -86.717673, 36.114522 ], [ -86.717764, 36.114562 ], [ -86.717825, 36.114579 ], [ -86.718172, 36.114634 ], [ -86.719216, 36.114799 ], [ -86.719342, 36.114819 ], [ -86.719563, 36.114859 ], [ -86.720025, 36.114933 ], [ -86.720458, 36.115003 ], [ -86.72138, 36.115292 ], [ -86.721421, 36.115305 ], [ -86.721624, 36.115368 ], [ -86.721827, 36.115432 ], [ -86.721987, 36.115485 ], [ -86.722163, 36.115537 ], [ -86.723177, 36.115837 ], [ -86.723516, 36.115937 ], [ -86.724392, 36.116195 ], [ -86.725134, 36.116433 ], [ -86.725267, 36.116475 ], [ -86.7254, 36.116827 ], [ -86.725681, 36.117505 ], [ -86.725689, 36.117526 ], [ -86.725716, 36.117589 ], [ -86.725725, 36.11761 ], [ -86.725773, 36.117624 ], [ -86.725849, 36.117648 ], [ -86.725916, 36.117674 ], [ -86.725964, 36.117693 ], [ -86.726014, 36.117705 ], [ -86.726478, 36.117868 ], [ -86.726751, 36.11798 ], [ -86.727158, 36.118147 ], [ -86.727734, 36.118465 ], [ -86.728151, 36.1187 ], [ -86.728309, 36.118789 ], [ -86.728966, 36.119169 ], [ -86.729061, 36.119224 ], [ -86.729698, 36.11958 ], [ -86.729822, 36.119604 ], [ -86.729853, 36.1196 ], [ -86.729916, 36.119604 ], [ -86.730045, 36.119579 ], [ -86.730119, 36.119572 ], [ -86.730197, 36.119532 ], [ -86.730051, 36.119416 ], [ -86.730273, 36.119181 ], [ -86.730372, 36.11904 ], [ -86.730468, 36.118713 ], [ -86.730691, 36.118717 ], [ -86.731544, 36.118758 ], [ -86.732181, 36.119105 ], [ -86.732483, 36.11936 ], [ -86.733626, 36.119534 ], [ -86.734584, 36.119605 ], [ -86.73746, 36.11982 ], [ -86.738419, 36.119892 ], [ -86.740335, 36.120011 ], [ -86.740496, 36.120025 ], [ -86.740757, 36.120066 ], [ -86.740728, 36.120265 ], [ -86.740724, 36.1203 ], [ -86.740691, 36.120535 ], [ -86.740674, 36.120761 ], [ -86.740662, 36.120866 ], [ -86.740642, 36.121067 ], [ -86.741499, 36.12105 ], [ -86.742329, 36.121084 ], [ -86.742622, 36.121098 ], [ -86.742917, 36.121111 ], [ -86.742937, 36.121047 ], [ -86.743261, 36.12107 ], [ -86.743586, 36.121094 ], [ -86.744394, 36.121153 ], [ -86.745201, 36.121212 ], [ -86.747548, 36.121373 ], [ -86.747913, 36.121399 ], [ -86.749011, 36.121477 ], [ -86.749378, 36.121503 ], [ -86.749478, 36.121502 ], [ -86.749778, 36.121498 ], [ -86.749879, 36.121498 ], [ -86.750094, 36.12139 ], [ -86.750353, 36.121256 ], [ -86.75049, 36.121549 ], [ -86.750499, 36.121561 ], [ -86.750505, 36.121589 ], [ -86.750515, 36.121602 ], [ -86.750463, 36.121741 ], [ -86.750457, 36.121755 ], [ -86.750272, 36.122209 ], [ -86.750211, 36.122361 ], [ -86.750179, 36.122441 ], [ -86.75015, 36.12252 ], [ -86.750086, 36.122684 ], [ -86.750055, 36.122765 ], [ -86.750027, 36.12285 ], [ -86.749933, 36.123091 ], [ -86.749899, 36.123181 ], [ -86.749954, 36.123164 ], [ -86.750119, 36.123114 ], [ -86.750175, 36.123098 ], [ -86.750356, 36.123043 ], [ -86.750903, 36.122879 ], [ -86.751085, 36.122825 ], [ -86.751107, 36.122869 ], [ -86.751143, 36.122937 ], [ -86.751172, 36.123003 ], [ -86.751192, 36.123049 ], [ -86.751213, 36.123095 ], [ -86.751278, 36.123235 ], [ -86.7513, 36.123282 ], [ -86.751366, 36.123418 ], [ -86.751401, 36.123488 ], [ -86.75156, 36.123831 ], [ -86.751625, 36.12397 ], [ -86.751636, 36.123991 ], [ -86.751659, 36.124035 ], [ -86.751667, 36.124057 ], [ -86.751677, 36.12408 ], [ -86.751781, 36.124262 ], [ -86.752093, 36.124811 ], [ -86.752198, 36.124994 ], [ -86.752276, 36.125167 ], [ -86.752512, 36.125689 ], [ -86.752591, 36.125863 ], [ -86.752701, 36.126067 ], [ -86.752722, 36.126106 ], [ -86.752853, 36.126349 ], [ -86.752997, 36.126618 ], [ -86.753031, 36.126682 ], [ -86.753142, 36.126888 ], [ -86.75326, 36.127106 ], [ -86.753617, 36.12776 ], [ -86.753736, 36.127978 ], [ -86.753759, 36.128029 ], [ -86.753831, 36.128184 ], [ -86.753855, 36.128236 ], [ -86.754002, 36.128513 ], [ -86.754213, 36.128909 ], [ -86.754451, 36.12934 ], [ -86.754483, 36.129397 ], [ -86.754543, 36.129506 ], [ -86.754603, 36.129615 ], [ -86.754652, 36.129714 ], [ -86.754669, 36.12974 ], [ -86.754748, 36.129858 ], [ -86.754919, 36.130047 ], [ -86.754939, 36.130071 ], [ -86.755032, 36.130181 ], [ -86.7552, 36.130329 ], [ -86.75522, 36.130347 ], [ -86.755321, 36.130454 ], [ -86.755592, 36.130703 ], [ -86.755692, 36.130788 ], [ -86.755864, 36.130933 ], [ -86.756363, 36.131386 ], [ -86.756444, 36.131457 ], [ -86.756643, 36.13163 ], [ -86.756952, 36.131879 ], [ -86.757094, 36.13202 ], [ -86.757429, 36.132331 ], [ -86.757507, 36.132396 ], [ -86.758125, 36.133086 ], [ -86.758296, 36.133277 ], [ -86.758472, 36.133474 ], [ -86.758647, 36.13367 ], [ -86.758674, 36.134198 ], [ -86.758696, 36.134622 ], [ -86.758686, 36.134783 ], [ -86.758648, 36.135065 ], [ -86.758599, 36.135301 ], [ -86.758581, 36.135374 ], [ -86.758527, 36.135611 ], [ -86.758489, 36.135762 ], [ -86.758361, 36.136276 ], [ -86.758325, 36.136411 ], [ -86.758288, 36.136559 ], [ -86.758222, 36.136819 ], [ -86.758188, 36.136955 ], [ -86.758156, 36.13708 ], [ -86.758132, 36.137181 ], [ -86.758061, 36.137455 ], [ -86.758038, 36.137547 ], [ -86.758031, 36.137581 ], [ -86.758026, 36.137594 ], [ -86.758024, 36.137621 ], [ -86.758021, 36.137635 ], [ -86.758018, 36.137648 ], [ -86.75801, 36.137686 ], [ -86.758008, 36.1377 ], [ -86.758004, 36.137717 ], [ -86.758, 36.137742 ], [ -86.757993, 36.13777 ], [ -86.75799, 36.137788 ], [ -86.757938, 36.137958 ], [ -86.757854, 36.138241 ], [ -86.757785, 36.138469 ], [ -86.757749, 36.138594 ], [ -86.757745, 36.138642 ], [ -86.757693, 36.13881 ], [ -86.757683, 36.138845 ], [ -86.757621, 36.139048 ], [ -86.757593, 36.139141 ], [ -86.757539, 36.139315 ], [ -86.757497, 36.139454 ], [ -86.757486, 36.139483 ], [ -86.757179, 36.139457 ], [ -86.75696, 36.13944 ], [ -86.756433, 36.139398 ], [ -86.75626, 36.139383 ], [ -86.756194, 36.139378 ], [ -86.755954, 36.139359 ], [ -86.755876, 36.139834 ], [ -86.755798, 36.140247 ], [ -86.756092, 36.140325 ], [ -86.756256, 36.140346 ], [ -86.756993, 36.140406 ], [ -86.757295, 36.140431 ], [ -86.75721, 36.140742 ], [ -86.757027, 36.141418 ], [ -86.756956, 36.141676 ], [ -86.756871, 36.141988 ], [ -86.756653, 36.14291 ], [ -86.756391, 36.144023 ], [ -86.756323, 36.144313 ], [ -86.754268, 36.144128 ], [ -86.754371, 36.143501 ], [ -86.753006, 36.143321 ], [ -86.753015, 36.14326 ], [ -86.753046, 36.143079 ], [ -86.753056, 36.143019 ], [ -86.752695, 36.142982 ], [ -86.752354, 36.142946 ], [ -86.752334, 36.142944 ], [ -86.751865, 36.142895 ], [ -86.751515, 36.142855 ], [ -86.751384, 36.14284 ], [ -86.75123, 36.142823 ], [ -86.750646, 36.142762 ], [ -86.750574, 36.143382 ], [ -86.750117, 36.143333 ], [ -86.750115, 36.143364 ], [ -86.750089, 36.143823 ], [ -86.750082, 36.143951 ], [ -86.749816, 36.143929 ], [ -86.7498, 36.143928 ], [ -86.749517, 36.143904 ], [ -86.749511, 36.144024 ], [ -86.749494, 36.144385 ], [ -86.749489, 36.144506 ], [ -86.749112, 36.144381 ], [ -86.747982, 36.144006 ], [ -86.747606, 36.143881 ], [ -86.747454, 36.143838 ], [ -86.746946, 36.143669 ], [ -86.745009, 36.143027 ], [ -86.744801, 36.142958 ], [ -86.744366, 36.142799 ], [ -86.744334, 36.14304 ], [ -86.744303, 36.143171 ], [ -86.744271, 36.143308 ], [ -86.74423, 36.14355 ], [ -86.744181, 36.143791 ], [ -86.744154, 36.143921 ], [ -86.74412, 36.144145 ], [ -86.744098, 36.144287 ], [ -86.744081, 36.144403 ], [ -86.744042, 36.144662 ], [ -86.744022, 36.144904 ], [ -86.744013, 36.145078 ], [ -86.744004, 36.145279 ], [ -86.743989, 36.145489 ], [ -86.743967, 36.145677 ], [ -86.743886, 36.146136 ], [ -86.743848, 36.146318 ], [ -86.743815, 36.146587 ], [ -86.743776, 36.146759 ], [ -86.743713, 36.14707 ], [ -86.743642, 36.147232 ], [ -86.744767, 36.14797 ], [ -86.745501, 36.148447 ], [ -86.745578, 36.148498 ], [ -86.74581, 36.148652 ], [ -86.745888, 36.148704 ], [ -86.746049, 36.148811 ], [ -86.746509, 36.149081 ], [ -86.747018, 36.149381 ], [ -86.74798, 36.149905 ], [ -86.748309, 36.15008 ], [ -86.74842, 36.150132 ], [ -86.748747, 36.150285 ], [ -86.749075, 36.150448 ], [ -86.749402, 36.150611 ], [ -86.749485, 36.150652 ], [ -86.750135, 36.15094 ], [ -86.750402, 36.151065 ], [ -86.750578, 36.151147 ], [ -86.750739, 36.151209 ], [ -86.750822, 36.151241 ], [ -86.751074, 36.151339 ], [ -86.751158, 36.151372 ], [ -86.751255, 36.15141 ], [ -86.75132, 36.151435 ], [ -86.752084, 36.151726 ], [ -86.752793, 36.151996 ], [ -86.753886, 36.152413 ], [ -86.754365, 36.152633 ], [ -86.754922, 36.152889 ], [ -86.75511, 36.152974 ], [ -86.755333, 36.153075 ], [ -86.756002, 36.153378 ], [ -86.756226, 36.153479 ], [ -86.756525, 36.153607 ], [ -86.757423, 36.153992 ], [ -86.757723, 36.154121 ], [ -86.758067, 36.154268 ], [ -86.758335, 36.154383 ], [ -86.758573, 36.154439 ], [ -86.758983, 36.154556 ], [ -86.75914, 36.154591 ], [ -86.759506, 36.154674 ], [ -86.759618, 36.154777 ], [ -86.759753, 36.154928 ], [ -86.759791, 36.15497 ], [ -86.759886, 36.155086 ], [ -86.760017, 36.155276 ], [ -86.760147, 36.15553 ], [ -86.760237, 36.155795 ], [ -86.760251, 36.155847 ], [ -86.760254, 36.155859 ], [ -86.760261, 36.155881 ], [ -86.760261, 36.155898 ], [ -86.760264, 36.155913 ], [ -86.760294, 36.156198 ], [ -86.760384, 36.157056 ], [ -86.760414, 36.157342 ], [ -86.760419, 36.157535 ], [ -86.760436, 36.158115 ], [ -86.760442, 36.158309 ], [ -86.760446, 36.15846 ], [ -86.760458, 36.158913 ], [ -86.760463, 36.159064 ] ] ] ] } },
{ "type": "Feature", "properties": { "district_num": "59" }, "geometry": { "type": "Polygon", "coordinates": [ [ [ -87.054676, 36.049975 ], [ -87.054381, 36.049966 ], [ -87.054233, 36.049945 ], [ -87.054172, 36.049923 ], [ -87.054089, 36.049883 ], [ -87.053992, 36.049858 ], [ -87.053709, 36.049807 ], [ -87.05341, 36.04973 ], [ -87.053163, 36.049667 ], [ -87.052449, 36.049551 ], [ -87.052153, 36.049476 ], [ -87.051742, 36.049377 ], [ -87.051324, 36.049217 ], [ -87.051207, 36.049159 ], [ -87.051082, 36.049082 ], [ -87.051005, 36.049023 ], [ -87.050933, 36.048961 ], [ -87.050849, 36.048872 ], [ -87.050768, 36.048791 ], [ -87.050698, 36.048713 ], [ -87.050646, 36.048637 ], [ -87.050597, 36.04856 ], [ -87.050388, 36.048047 ], [ -87.050248, 36.047807 ], [ -87.050048, 36.047425 ], [ -87.049956, 36.047249 ], [ -87.049837, 36.047075 ], [ -87.049772, 36.04701 ], [ -87.049681, 36.046938 ], [ -87.049617, 36.046899 ], [ -87.04956, 36.046874 ], [ -87.049461, 36.046831 ], [ -87.04909, 36.046742 ], [ -87.048849, 36.046748 ], [ -87.04855, 36.046763 ], [ -87.048131, 36.046803 ], [ -87.047942, 36.046823 ], [ -87.047858, 36.046863 ], [ -87.047722, 36.046919 ], [ -87.047217, 36.047144 ], [ -87.04703, 36.04721 ], [ -87.046921, 36.047241 ], [ -87.046732, 36.04728 ], [ -87.046339, 36.047319 ], [ -87.046021, 36.047198 ], [ -87.04565, 36.047226 ], [ -87.045219, 36.047144 ], [ -87.044713, 36.046921 ], [ -87.044501, 36.046874 ], [ -87.044186, 36.046632 ], [ -87.044124, 36.046393 ], [ -87.044156, 36.04623 ], [ -87.04429, 36.045565 ], [ -87.044261, 36.045143 ], [ -87.044195, 36.044901 ], [ -87.043863, 36.044289 ], [ -87.043836, 36.043942 ], [ -87.04369, 36.043498 ], [ -87.043385, 36.043302 ], [ -87.042778, 36.043088 ], [ -87.042362, 36.042894 ], [ -87.042127, 36.042705 ], [ -87.041864, 36.042367 ], [ -87.041764, 36.04215 ], [ -87.041583, 36.041897 ], [ -87.041362, 36.041312 ], [ -87.041342, 36.041388 ], [ -87.041321, 36.041473 ], [ -87.04101, 36.042322 ], [ -87.04097, 36.042914 ], [ -87.040641, 36.047896 ], [ -87.040532, 36.049557 ], [ -87.040524, 36.049647 ], [ -87.040502, 36.049918 ], [ -87.040495, 36.050009 ], [ -87.040438, 36.050866 ], [ -87.04027, 36.053439 ], [ -87.040225, 36.054134 ], [ -87.040216, 36.054297 ], [ -87.039956, 36.05922 ], [ -87.039786, 36.062463 ], [ -87.039573, 36.066507 ], [ -87.039179, 36.073989 ], [ -87.039004, 36.077318 ], [ -87.038805, 36.078718 ], [ -87.038792, 36.0789 ], [ -87.038227, 36.078627 ], [ -87.037565, 36.078345 ], [ -87.036891, 36.078114 ], [ -87.035866, 36.077798 ], [ -87.034668, 36.077539 ], [ -87.033827, 36.077406 ], [ -87.033348, 36.07736 ], [ -87.033161, 36.077348 ], [ -87.031311, 36.077172 ], [ -87.028839, 36.076937 ], [ -87.028355, 36.076897 ], [ -87.028136, 36.076875 ], [ -87.027129, 36.076815 ], [ -87.026433, 36.076798 ], [ -87.026137, 36.076788 ], [ -87.025823, 36.076801 ], [ -87.025246, 36.076809 ], [ -87.025215, 36.076809 ], [ -87.023179, 36.076855 ], [ -87.022585, 36.076806 ], [ -87.021812, 36.076743 ], [ -87.020807, 36.076646 ], [ -87.020215, 36.07659 ], [ -87.020103, 36.076577 ], [ -87.019769, 36.07654 ], [ -87.019658, 36.076528 ], [ -87.019386, 36.076467 ], [ -87.019301, 36.076448 ], [ -87.018561, 36.076348 ], [ -87.018286, 36.076311 ], [ -87.018099, 36.076271 ], [ -87.017055, 36.075867 ], [ -87.016548, 36.075613 ], [ -87.015825, 36.075251 ], [ -87.014967, 36.07486 ], [ -87.0149, 36.074834 ], [ -87.014274, 36.074652 ], [ -87.013578, 36.074494 ], [ -87.012902, 36.074341 ], [ -87.011713, 36.074079 ], [ -87.011395, 36.07402 ], [ -87.01119, 36.073993 ], [ -87.010201, 36.073867 ], [ -87.009324, 36.073806 ], [ -87.00871, 36.073764 ], [ -87.008571, 36.073745 ], [ -87.007489, 36.073479 ], [ -87.007417, 36.073451 ], [ -87.006134, 36.072761 ], [ -87.005322, 36.072017 ], [ -87.005225, 36.071932 ], [ -87.004874, 36.071673 ], [ -87.004719, 36.071575 ], [ -87.004578, 36.071495 ], [ -87.004368, 36.071389 ], [ -87.003978, 36.071202 ], [ -87.00367, 36.071055 ], [ -87.003416, 36.070926 ], [ -87.002828, 36.070615 ], [ -87.002708, 36.070548 ], [ -87.002147, 36.070204 ], [ -87.001802, 36.069965 ], [ -87.00171, 36.069892 ], [ -87.000864, 36.069156 ], [ -86.99991, 36.068197 ], [ -86.999777, 36.067938 ], [ -86.999262, 36.06755 ], [ -86.99889, 36.067257 ], [ -86.998749, 36.067154 ], [ -86.998053, 36.066707 ], [ -86.996041, 36.065451 ], [ -86.995845, 36.065327 ], [ -86.995432, 36.065066 ], [ -86.995374, 36.065021 ], [ -86.994938, 36.064632 ], [ -86.99476, 36.064402 ], [ -86.99464, 36.064221 ], [ -86.994186, 36.063298 ], [ -86.993948, 36.062934 ], [ -86.993485, 36.062523 ], [ -86.992581, 36.062189 ], [ -86.99178, 36.061967 ], [ -86.991431, 36.061771 ], [ -86.991266, 36.061614 ], [ -86.991066, 36.06128 ], [ -86.991007, 36.061001 ], [ -86.99097, 36.060769 ], [ -86.990937, 36.060621 ], [ -86.990784, 36.060161 ], [ -86.990724, 36.059979 ], [ -86.99068, 36.059899 ], [ -86.990532, 36.05971 ], [ -86.990339, 36.059439 ], [ -86.990048, 36.059019 ], [ -86.989838, 36.058622 ], [ -86.989695, 36.057933 ], [ -86.989228, 36.055621 ], [ -86.989145, 36.055247 ], [ -86.988891, 36.054757 ], [ -86.98832, 36.054314 ], [ -86.988044, 36.054228 ], [ -86.987784, 36.054161 ], [ -86.987619, 36.054127 ], [ -86.986924, 36.053986 ], [ -86.986635, 36.053887 ], [ -86.986458, 36.053806 ], [ -86.985659, 36.053258 ], [ -86.985356, 36.053051 ], [ -86.98507, 36.052835 ], [ -86.984841, 36.052946 ], [ -86.98456, 36.053091 ], [ -86.984345, 36.053213 ], [ -86.984293, 36.053247 ], [ -86.984115, 36.053369 ], [ -86.984011, 36.053454 ], [ -86.983132, 36.054405 ], [ -86.982943, 36.054562 ], [ -86.982802, 36.054666 ], [ -86.982583, 36.05477 ], [ -86.982356, 36.054845 ], [ -86.982265, 36.05486 ], [ -86.982001, 36.054906 ], [ -86.981798, 36.054912 ], [ -86.98139, 36.054885 ], [ -86.981139, 36.054869 ], [ -86.980837, 36.054891 ], [ -86.980739, 36.054909 ], [ -86.980512, 36.054962 ], [ -86.980275, 36.055062 ], [ -86.980185, 36.055116 ], [ -86.980041, 36.055212 ], [ -86.979983, 36.055265 ], [ -86.979897, 36.055345 ], [ -86.979732, 36.05554 ], [ -86.979564, 36.055727 ], [ -86.97944, 36.055846 ], [ -86.979278, 36.055966 ], [ -86.979046, 36.056107 ], [ -86.97866, 36.05628 ], [ -86.978508, 36.056327 ], [ -86.978194, 36.056412 ], [ -86.978031, 36.056444 ], [ -86.977788, 36.056477 ], [ -86.977591, 36.056486 ], [ -86.976235, 36.056529 ], [ -86.975958, 36.056547 ], [ -86.975876, 36.056553 ], [ -86.975528, 36.056579 ], [ -86.974382, 36.056692 ], [ -86.974034, 36.056727 ], [ -86.972992, 36.056834 ], [ -86.972645, 36.05687 ], [ -86.972531, 36.056879 ], [ -86.972192, 36.05691 ], [ -86.972079, 36.05692 ], [ -86.97191, 36.056928 ], [ -86.971664, 36.056931 ], [ -86.971418, 36.056901 ], [ -86.971254, 36.056881 ], [ -86.970922, 36.056783 ], [ -86.970759, 36.056736 ], [ -86.970735, 36.056728 ], [ -86.97027, 36.056566 ], [ -86.970048, 36.056506 ], [ -86.96993, 36.056483 ], [ -86.96982, 36.056462 ], [ -86.969588, 36.056436 ], [ -86.969477, 36.056427 ], [ -86.969144, 36.056402 ], [ -86.969034, 36.056394 ], [ -86.967492, 36.056315 ], [ -86.966771, 36.056399 ], [ -86.966175, 36.056506 ], [ -86.965911, 36.056546 ], [ -86.965646, 36.056588 ], [ -86.965184, 36.056623 ], [ -86.964625, 36.056604 ], [ -86.964263, 36.056551 ], [ -86.963354, 36.056409 ], [ -86.963085, 36.056361 ], [ -86.962769, 36.056275 ], [ -86.962639, 36.05623 ], [ -86.962474, 36.056167 ], [ -86.961711, 36.055767 ], [ -86.961133, 36.05547 ], [ -86.96095, 36.055381 ], [ -86.960788, 36.05532 ], [ -86.96036, 36.055165 ], [ -86.959834, 36.055042 ], [ -86.95965, 36.055012 ], [ -86.959099, 36.054927 ], [ -86.958449, 36.05486 ], [ -86.957944, 36.054819 ], [ -86.957686, 36.054806 ], [ -86.95755, 36.054807 ], [ -86.957239, 36.054837 ], [ -86.957123, 36.054853 ], [ -86.956805, 36.05491 ], [ -86.956619, 36.054944 ], [ -86.956109, 36.055023 ], [ -86.955908, 36.055038 ], [ -86.955328, 36.055039 ], [ -86.953678, 36.054905 ], [ -86.953568, 36.054897 ], [ -86.953404, 36.054886 ], [ -86.953239, 36.054877 ], [ -86.95313, 36.054872 ], [ -86.952856, 36.054841 ], [ -86.95274, 36.054829 ], [ -86.952253, 36.054794 ], [ -86.952034, 36.054775 ], [ -86.951761, 36.054753 ], [ -86.951615, 36.054735 ], [ -86.951588, 36.05473 ], [ -86.951538, 36.054722 ], [ -86.951395, 36.054689 ], [ -86.951213, 36.054624 ], [ -86.951094, 36.054568 ], [ -86.950949, 36.054473 ], [ -86.95087, 36.054405 ], [ -86.950825, 36.054366 ], [ -86.950717, 36.054239 ], [ -86.950666, 36.054173 ], [ -86.950604, 36.054091 ], [ -86.950518, 36.054118 ], [ -86.950271, 36.054178 ], [ -86.949764, 36.054308 ], [ -86.949468, 36.054393 ], [ -86.949427, 36.054406 ], [ -86.949263, 36.054459 ], [ -86.949103, 36.05452 ], [ -86.948948, 36.054588 ], [ -86.948617, 36.054766 ], [ -86.948423, 36.054885 ], [ -86.948291, 36.054975 ], [ -86.947917, 36.05529 ], [ -86.947697, 36.055506 ], [ -86.946773, 36.056569 ], [ -86.946766, 36.056578 ], [ -86.94601, 36.057462 ], [ -86.945753, 36.057756 ], [ -86.945117, 36.058488 ], [ -86.944997, 36.058651 ], [ -86.944766, 36.058966 ], [ -86.944694, 36.059076 ], [ -86.944476, 36.059414 ], [ -86.944442, 36.059466 ], [ -86.944409, 36.059518 ], [ -86.944376, 36.059568 ], [ -86.944344, 36.059617 ], [ -86.944221, 36.059808 ], [ -86.944064, 36.060072 ], [ -86.943274, 36.061405 ], [ -86.943077, 36.061766 ], [ -86.943006, 36.061898 ], [ -86.942904, 36.062068 ], [ -86.942822, 36.062188 ], [ -86.942745, 36.062328 ], [ -86.94242, 36.062648 ], [ -86.942348, 36.06272 ], [ -86.942243, 36.062797 ], [ -86.941454, 36.063293 ], [ -86.941277, 36.063396 ], [ -86.940884, 36.063627 ], [ -86.940729, 36.063724 ], [ -86.940267, 36.064015 ], [ -86.940113, 36.064113 ], [ -86.939594, 36.064442 ], [ -86.939554, 36.064464 ], [ -86.939233, 36.064637 ], [ -86.939111, 36.064703 ], [ -86.938987, 36.064794 ], [ -86.937946, 36.065431 ], [ -86.937468, 36.065724 ], [ -86.937139, 36.065925 ], [ -86.936992, 36.066015 ], [ -86.936155, 36.066533 ], [ -86.935828, 36.066737 ], [ -86.934801, 36.067374 ], [ -86.933876, 36.067942 ], [ -86.933681, 36.068066 ], [ -86.933544, 36.068174 ], [ -86.933422, 36.068263 ], [ -86.932861, 36.06874 ], [ -86.932719, 36.068887 ], [ -86.931994, 36.069514 ], [ -86.931718, 36.069752 ], [ -86.931585, 36.069874 ], [ -86.931397, 36.070035 ], [ -86.931158, 36.070238 ], [ -86.93093, 36.070442 ], [ -86.930561, 36.070725 ], [ -86.930424, 36.070826 ], [ -86.930174, 36.071015 ], [ -86.929874, 36.071198 ], [ -86.929701, 36.071303 ], [ -86.929477, 36.071409 ], [ -86.929405, 36.071443 ], [ -86.928847, 36.071705 ], [ -86.92834, 36.071943 ], [ -86.92825, 36.07198 ], [ -86.928238, 36.071985 ], [ -86.927936, 36.072112 ], [ -86.927835, 36.072155 ], [ -86.927562, 36.072265 ], [ -86.926746, 36.072597 ], [ -86.926474, 36.072708 ], [ -86.926238, 36.072787 ], [ -86.925011, 36.073171 ], [ -86.924534, 36.07332 ], [ -86.924486, 36.073335 ], [ -86.921976, 36.074169 ], [ -86.92182, 36.07422 ], [ -86.921491, 36.07433 ], [ -86.92135, 36.074362 ], [ -86.921191, 36.0744 ], [ -86.921141, 36.074411 ], [ -86.920994, 36.074446 ], [ -86.920945, 36.074458 ], [ -86.920719, 36.074534 ], [ -86.920041, 36.074761 ], [ -86.919816, 36.074838 ], [ -86.91945, 36.07496 ], [ -86.918355, 36.075329 ], [ -86.91799, 36.075453 ], [ -86.917562, 36.075597 ], [ -86.916278, 36.07603 ], [ -86.915914, 36.076153 ], [ -86.915851, 36.076176 ], [ -86.915521, 36.076285 ], [ -86.914533, 36.076615 ], [ -86.914445, 36.076644 ], [ -86.914204, 36.076726 ], [ -86.913706, 36.076891 ], [ -86.913438, 36.076981 ], [ -86.912217, 36.077394 ], [ -86.911721, 36.077563 ], [ -86.91157, 36.077614 ], [ -86.91153, 36.077627 ], [ -86.911419, 36.077665 ], [ -86.911221, 36.077727 ], [ -86.911114, 36.077762 ], [ -86.910954, 36.077808 ], [ -86.910814, 36.07785 ], [ -86.910762, 36.077866 ], [ -86.91054, 36.077933 ], [ -86.909301, 36.078304 ], [ -86.908925, 36.078402 ], [ -86.908831, 36.078426 ], [ -86.908076, 36.078622 ], [ -86.907383, 36.078803 ], [ -86.907227, 36.078844 ], [ -86.904923, 36.079438 ], [ -86.904876, 36.07945 ], [ -86.904777, 36.079474 ], [ -86.904045, 36.079655 ], [ -86.903677, 36.079746 ], [ -86.903591, 36.079768 ], [ -86.90329, 36.079842 ], [ -86.90307, 36.079897 ], [ -86.902989, 36.079917 ], [ -86.901766, 36.080227 ], [ -86.90172, 36.08024 ], [ -86.900615, 36.080564 ], [ -86.900201, 36.080697 ], [ -86.899961, 36.080773 ], [ -86.899387, 36.08101 ], [ -86.899161, 36.081106 ], [ -86.899055, 36.081153 ], [ -86.898756, 36.081288 ], [ -86.898508, 36.08142 ], [ -86.898215, 36.081586 ], [ -86.897819, 36.081833 ], [ -86.897433, 36.082105 ], [ -86.897208, 36.082284 ], [ -86.896574, 36.082852 ], [ -86.896156, 36.083211 ], [ -86.895555, 36.083752 ], [ -86.895226, 36.084049 ], [ -86.895039, 36.08423 ], [ -86.894723, 36.084573 ], [ -86.894526, 36.084788 ], [ -86.894338, 36.085082 ], [ -86.894276, 36.085188 ], [ -86.894233, 36.085264 ], [ -86.893802, 36.085973 ], [ -86.893544, 36.086402 ], [ -86.893497, 36.086481 ], [ -86.893392, 36.086682 ], [ -86.893312, 36.086813 ], [ -86.893251, 36.086913 ], [ -86.892697, 36.087853 ], [ -86.89262, 36.087961 ], [ -86.8924, 36.08827 ], [ -86.892164, 36.088576 ], [ -86.891681, 36.089085 ], [ -86.89155, 36.089202 ], [ -86.891329, 36.089412 ], [ -86.891141, 36.089576 ], [ -86.891073, 36.089626 ], [ -86.891168, 36.089726 ], [ -86.891247, 36.08981 ], [ -86.891355, 36.089916 ], [ -86.891903, 36.090568 ], [ -86.891939, 36.09062 ], [ -86.892001, 36.090752 ], [ -86.892091, 36.090855 ], [ -86.892141, 36.090904 ], [ -86.892188, 36.090951 ], [ -86.89234, 36.091067 ], [ -86.892399, 36.091104 ], [ -86.892498, 36.091197 ], [ -86.891972, 36.091623 ], [ -86.891511, 36.09177 ], [ -86.891271, 36.091832 ], [ -86.891097, 36.091884 ], [ -86.890741, 36.092016 ], [ -86.890488, 36.092102 ], [ -86.890268, 36.092187 ], [ -86.890164, 36.092235 ], [ -86.889739, 36.092439 ], [ -86.889503, 36.092591 ], [ -86.889684, 36.09287 ], [ -86.889794, 36.093049 ], [ -86.889817, 36.093127 ], [ -86.889822, 36.093141 ], [ -86.889861, 36.093542 ], [ -86.889967, 36.093887 ], [ -86.890093, 36.094412 ], [ -86.890148, 36.094758 ], [ -86.89013, 36.094962 ], [ -86.890118, 36.095104 ], [ -86.890085, 36.095262 ], [ -86.890027, 36.095544 ], [ -86.890248, 36.095608 ], [ -86.890423, 36.095647 ], [ -86.890537, 36.095673 ], [ -86.890732, 36.095721 ], [ -86.890942, 36.095786 ], [ -86.891161, 36.095885 ], [ -86.891405, 36.095984 ], [ -86.891516, 36.096043 ], [ -86.891451, 36.096437 ], [ -86.891383, 36.096852 ], [ -86.89101, 36.099141 ], [ -86.890886, 36.099904 ], [ -86.890687, 36.100418 ], [ -86.890526, 36.100614 ], [ -86.890369, 36.100807 ], [ -86.889727, 36.101365 ], [ -86.888986, 36.102063 ], [ -86.888859, 36.102329 ], [ -86.888854, 36.102341 ], [ -86.888672, 36.102868 ], [ -86.88866, 36.103102 ], [ -86.888656, 36.103174 ], [ -86.888644, 36.103393 ], [ -86.888641, 36.103466 ], [ -86.888445, 36.104824 ], [ -86.888062, 36.10538 ], [ -86.888806, 36.10573 ], [ -86.891397, 36.105946 ], [ -86.892405, 36.106285 ], [ -86.892545, 36.106358 ], [ -86.892922, 36.106674 ], [ -86.893231, 36.106934 ], [ -86.893715, 36.107429 ], [ -86.893819, 36.107534 ], [ -86.894117, 36.107854 ], [ -86.894172, 36.107928 ], [ -86.894268, 36.108077 ], [ -86.894373, 36.108264 ], [ -86.894559, 36.108659 ], [ -86.894752, 36.109087 ], [ -86.894887, 36.109386 ], [ -86.895073, 36.109813 ], [ -86.895298, 36.110389 ], [ -86.89547, 36.110828 ], [ -86.895563, 36.110881 ], [ -86.895652, 36.111018 ], [ -86.895802, 36.111187 ], [ -86.895933, 36.111334 ], [ -86.896456, 36.111869 ], [ -86.89679, 36.112262 ], [ -86.896807, 36.112287 ], [ -86.89709, 36.112697 ], [ -86.897194, 36.112791 ], [ -86.897678, 36.11343 ], [ -86.89781, 36.113604 ], [ -86.898095, 36.113961 ], [ -86.8983, 36.114229 ], [ -86.898448, 36.114406 ], [ -86.898601, 36.114599 ], [ -86.898775, 36.114769 ], [ -86.898995, 36.11497 ], [ -86.899515, 36.115429 ], [ -86.899584, 36.115503 ], [ -86.900229, 36.116191 ], [ -86.900745, 36.116778 ], [ -86.901222, 36.11732 ], [ -86.901495, 36.117658 ], [ -86.90164, 36.117817 ], [ -86.901788, 36.117966 ], [ -86.902033, 36.118149 ], [ -86.902143, 36.118197 ], [ -86.902404, 36.11836 ], [ -86.902434, 36.118366 ], [ -86.902788, 36.118438 ], [ -86.903209, 36.118456 ], [ -86.903159, 36.118615 ], [ -86.903059, 36.118874 ], [ -86.903056, 36.118885 ], [ -86.902953, 36.11907 ], [ -86.902733, 36.119375 ], [ -86.902603, 36.119519 ], [ -86.902457, 36.119665 ], [ -86.902306, 36.119796 ], [ -86.902199, 36.119878 ], [ -86.901954, 36.120069 ], [ -86.901841, 36.120142 ], [ -86.901938, 36.120289 ], [ -86.901997, 36.120419 ], [ -86.902029, 36.120517 ], [ -86.902037, 36.120539 ], [ -86.902057, 36.120705 ], [ -86.902066, 36.12085 ], [ -86.902026, 36.121386 ], [ -86.901984, 36.121778 ], [ -86.90194, 36.122199 ], [ -86.90191, 36.122486 ], [ -86.901865, 36.122934 ], [ -86.901825, 36.123255 ], [ -86.901816, 36.123349 ], [ -86.901806, 36.123474 ], [ -86.901797, 36.123638 ], [ -86.901802, 36.123754 ], [ -86.901828, 36.123898 ], [ -86.90188, 36.124066 ], [ -86.901985, 36.124308 ], [ -86.902321, 36.125058 ], [ -86.90241, 36.125267 ], [ -86.902435, 36.125324 ], [ -86.902506, 36.125464 ], [ -86.902617, 36.125654 ], [ -86.902641, 36.125696 ], [ -86.902714, 36.125822 ], [ -86.902739, 36.125864 ], [ -86.90278, 36.125992 ], [ -86.902884, 36.126312 ], [ -86.902915, 36.126372 ], [ -86.902977, 36.126492 ], [ -86.90285, 36.126561 ], [ -86.902658, 36.126666 ], [ -86.902474, 36.126775 ], [ -86.902418, 36.126809 ], [ -86.902357, 36.126859 ], [ -86.90215, 36.127029 ], [ -86.901531, 36.12754 ], [ -86.901325, 36.127711 ], [ -86.90127, 36.127757 ], [ -86.900649, 36.128441 ], [ -86.899812, 36.129362 ], [ -86.898975, 36.130282 ], [ -86.898642, 36.130646 ], [ -86.898479, 36.130826 ], [ -86.896737, 36.13147 ], [ -86.895948, 36.131778 ], [ -86.895614, 36.131882 ], [ -86.895542, 36.131905 ], [ -86.8949, 36.132118 ], [ -86.894397, 36.132296 ], [ -86.893405, 36.13265 ], [ -86.893256, 36.132702 ], [ -86.893108, 36.132755 ], [ -86.8927, 36.132901 ], [ -86.891457, 36.133378 ], [ -86.891253, 36.133455 ], [ -86.890834, 36.133617 ], [ -86.890211, 36.133856 ], [ -86.890059, 36.133915 ], [ -86.889783, 36.134026 ], [ -86.888792, 36.134422 ], [ -86.8885, 36.13454 ], [ -86.888073, 36.134712 ], [ -86.887504, 36.134927 ], [ -86.886855, 36.135174 ], [ -86.885797, 36.135574 ], [ -86.885637, 36.135635 ], [ -86.885433, 36.135712 ], [ -86.885229, 36.13579 ], [ -86.884971, 36.135422 ], [ -86.884859, 36.135261 ], [ -86.884449, 36.13456 ], [ -86.884331, 36.134242 ], [ -86.884175, 36.133822 ], [ -86.883937, 36.133179 ], [ -86.883649, 36.1324 ], [ -86.88351, 36.131932 ], [ -86.883478, 36.131196 ], [ -86.883478, 36.131174 ], [ -86.883604, 36.130523 ], [ -86.883136, 36.130447 ], [ -86.881734, 36.130219 ], [ -86.881267, 36.130144 ], [ -86.880826, 36.130053 ], [ -86.879502, 36.12978 ], [ -86.879062, 36.12969 ], [ -86.878809, 36.130443 ], [ -86.878202, 36.132259 ], [ -86.878006, 36.132568 ], [ -86.877929, 36.132636 ], [ -86.87772, 36.132823 ], [ -86.877255, 36.133043 ], [ -86.87752, 36.13338 ], [ -86.877819, 36.13376 ], [ -86.878246, 36.134209 ], [ -86.878391, 36.134324 ], [ -86.878729, 36.13459 ], [ -86.87835, 36.134911 ], [ -86.877215, 36.135876 ], [ -86.876837, 36.136198 ], [ -86.876693, 36.136299 ], [ -86.876549, 36.136417 ], [ -86.875933, 36.136926 ], [ -86.875728, 36.137095 ], [ -86.875712, 36.137109 ], [ -86.875441, 36.137349 ], [ -86.875326, 36.137239 ], [ -86.875224, 36.137166 ], [ -86.875215, 36.13716 ], [ -86.875057, 36.13706 ], [ -86.874925, 36.136988 ], [ -86.874743, 36.136928 ], [ -86.874552, 36.136883 ], [ -86.874391, 36.136879 ], [ -86.874339, 36.136878 ], [ -86.874125, 36.136886 ], [ -86.874097, 36.13689 ], [ -86.873935, 36.136915 ], [ -86.873564, 36.137036 ], [ -86.873162, 36.137186 ], [ -86.87293, 36.137273 ], [ -86.872059, 36.13758 ], [ -86.871659, 36.13771 ], [ -86.871338, 36.137769 ], [ -86.870995, 36.137793 ], [ -86.870792, 36.137788 ], [ -86.870598, 36.137765 ], [ -86.870312, 36.137721 ], [ -86.870134, 36.137695 ], [ -86.869856, 36.137646 ], [ -86.869339, 36.137586 ], [ -86.869132, 36.137615 ], [ -86.868921, 36.137633 ], [ -86.868706, 36.137671 ], [ -86.868356, 36.13777 ], [ -86.867942, 36.137877 ], [ -86.867601, 36.137978 ], [ -86.867354, 36.138033 ], [ -86.867061, 36.138089 ], [ -86.866841, 36.138124 ], [ -86.866672, 36.138145 ], [ -86.866039, 36.13819 ], [ -86.865358, 36.138255 ], [ -86.865162, 36.138271 ], [ -86.863933, 36.138369 ], [ -86.86337, 36.138428 ], [ -86.863037, 36.1384 ], [ -86.861228, 36.13819 ], [ -86.859514, 36.138049 ], [ -86.859154, 36.138009 ], [ -86.858075, 36.137891 ], [ -86.857716, 36.137852 ], [ -86.857761, 36.137692 ], [ -86.8578, 36.13756 ], [ -86.85794, 36.137095 ], [ -86.857984, 36.13693 ], [ -86.858012, 36.136826 ], [ -86.858039, 36.136722 ], [ -86.858049, 36.136684 ], [ -86.858084, 36.136556 ], [ -86.858129, 36.136391 ], [ -86.858184, 36.136161 ], [ -86.858219, 36.136017 ], [ -86.858296, 36.135598 ], [ -86.8583, 36.135513 ], [ -86.858303, 36.135466 ], [ -86.858317, 36.135231 ], [ -86.858332, 36.134877 ], [ -86.85831, 36.134566 ], [ -86.8583, 36.134416 ], [ -86.858113, 36.133563 ], [ -86.857911, 36.132736 ], [ -86.857869, 36.132622 ], [ -86.857641, 36.131998 ], [ -86.857598, 36.131924 ], [ -86.857471, 36.131705 ], [ -86.857429, 36.131632 ], [ -86.857235, 36.131369 ], [ -86.85722, 36.131353 ], [ -86.857008, 36.131118 ], [ -86.856852, 36.130945 ], [ -86.856514, 36.130669 ], [ -86.856466, 36.130634 ], [ -86.856185, 36.130429 ], [ -86.855857, 36.130239 ], [ -86.85492, 36.129696 ], [ -86.854878, 36.129667 ], [ -86.854569, 36.12945 ], [ -86.8542, 36.129268 ], [ -86.854035, 36.129174 ], [ -86.852671, 36.128399 ], [ -86.852473, 36.12828 ], [ -86.852246, 36.128145 ], [ -86.851954, 36.12798 ], [ -86.851639, 36.127802 ], [ -86.851578, 36.127766 ], [ -86.851224, 36.127561 ], [ -86.850601, 36.127203 ], [ -86.850455, 36.127121 ], [ -86.850213, 36.126986 ], [ -86.850079, 36.126909 ], [ -86.849901, 36.126806 ], [ -86.849597, 36.12663 ], [ -86.849373, 36.126489 ], [ -86.8492, 36.126381 ], [ -86.849126, 36.126335 ], [ -86.849039, 36.12628 ], [ -86.848907, 36.126197 ], [ -86.848878, 36.126179 ], [ -86.848835, 36.126151 ], [ -86.848795, 36.126126 ], [ -86.848678, 36.126053 ], [ -86.848573, 36.125945 ], [ -86.848232, 36.125596 ], [ -86.847871, 36.125225 ], [ -86.847638, 36.124985 ], [ -86.847289, 36.124619 ], [ -86.846243, 36.123524 ], [ -86.845895, 36.123159 ], [ -86.845655, 36.1229 ], [ -86.844938, 36.122123 ], [ -86.844867, 36.122046 ], [ -86.844699, 36.121865 ], [ -86.844525, 36.121677 ], [ -86.844006, 36.121115 ], [ -86.843833, 36.120928 ], [ -86.843759, 36.120848 ], [ -86.84354, 36.120611 ], [ -86.843467, 36.120532 ], [ -86.843261, 36.120298 ], [ -86.842656, 36.119609 ], [ -86.842644, 36.119596 ], [ -86.842439, 36.119363 ], [ -86.842372, 36.119287 ], [ -86.842172, 36.119059 ], [ -86.842106, 36.118984 ], [ -86.842077, 36.118951 ], [ -86.84199, 36.118852 ], [ -86.841962, 36.11882 ], [ -86.841889, 36.118743 ], [ -86.841673, 36.118513 ], [ -86.841602, 36.118437 ], [ -86.841346, 36.118153 ], [ -86.84075, 36.117585 ], [ -86.840736, 36.117493 ], [ -86.840661, 36.117412 ], [ -86.840519, 36.11727 ], [ -86.84034, 36.117135 ], [ -86.840146, 36.117014 ], [ -86.839939, 36.116916 ], [ -86.839603, 36.11681 ], [ -86.839445, 36.116789 ], [ -86.839095, 36.116744 ], [ -86.838971, 36.116733 ], [ -86.838813, 36.116719 ], [ -86.838349, 36.116676 ], [ -86.838332, 36.116675 ], [ -86.83785, 36.116631 ], [ -86.837173, 36.11657 ], [ -86.836958, 36.11655 ], [ -86.836495, 36.116508 ], [ -86.836545, 36.116169 ], [ -86.836559, 36.116063 ], [ -86.836579, 36.115932 ], [ -86.836604, 36.115767 ], [ -86.836624, 36.115588 ], [ -86.836651, 36.115358 ], [ -86.836673, 36.115221 ], [ -86.836694, 36.115093 ], [ -86.836729, 36.114808 ], [ -86.836747, 36.114671 ], [ -86.836762, 36.11455 ], [ -86.836807, 36.114186 ], [ -86.836823, 36.114066 ], [ -86.836831, 36.114016 ], [ -86.836856, 36.113867 ], [ -86.836859, 36.113854 ], [ -86.836863, 36.113818 ], [ -86.836866, 36.113798 ], [ -86.836888, 36.113628 ], [ -86.836963, 36.113058 ], [ -86.836988, 36.112869 ], [ -86.837038, 36.112508 ], [ -86.837148, 36.111735 ], [ -86.837185, 36.111425 ], [ -86.837229, 36.111064 ], [ -86.83727, 36.110773 ], [ -86.837299, 36.11057 ], [ -86.837381, 36.109897 ], [ -86.837395, 36.109668 ], [ -86.837404, 36.109608 ], [ -86.837199, 36.109591 ], [ -86.836585, 36.109543 ], [ -86.836381, 36.109527 ], [ -86.836044, 36.1095 ], [ -86.835036, 36.109421 ], [ -86.8347, 36.109395 ], [ -86.8347, 36.109271 ], [ -86.834707, 36.109108 ], [ -86.834709, 36.109074 ], [ -86.834691, 36.10825 ], [ -86.83469, 36.108186 ], [ -86.834698, 36.107964 ], [ -86.834685, 36.107829 ], [ -86.834681, 36.107424 ], [ -86.834681, 36.107396 ], [ -86.834685, 36.107289 ], [ -86.834671, 36.106758 ], [ -86.834675, 36.106584 ], [ -86.834658, 36.106302 ], [ -86.834656, 36.106251 ], [ -86.834649, 36.106007 ], [ -86.834353, 36.103948 ], [ -86.834269, 36.103368 ], [ -86.834241, 36.10317 ], [ -86.834129, 36.102391 ], [ -86.834098, 36.102388 ], [ -86.834004, 36.102381 ], [ -86.833974, 36.102379 ], [ -86.834003, 36.101707 ], [ -86.834436, 36.098297 ], [ -86.834455, 36.097998 ], [ -86.834511, 36.097641 ], [ -86.83499, 36.094191 ], [ -86.834729, 36.094181 ], [ -86.834436, 36.094146 ], [ -86.834044, 36.094102 ], [ -86.833474, 36.094039 ], [ -86.832994, 36.093988 ], [ -86.83277, 36.093971 ], [ -86.832771, 36.09389 ], [ -86.8328, 36.09371 ], [ -86.832895, 36.093305 ], [ -86.832924, 36.093219 ], [ -86.83303, 36.093061 ], [ -86.833089, 36.092943 ], [ -86.833098, 36.092778 ], [ -86.833046, 36.092641 ], [ -86.832924, 36.092458 ], [ -86.83224, 36.091517 ], [ -86.832226, 36.091503 ], [ -86.832217, 36.091493 ], [ -86.831999, 36.091495 ], [ -86.831883, 36.091487 ], [ -86.831721, 36.091477 ], [ -86.831275, 36.091459 ], [ -86.831034, 36.091449 ], [ -86.830861, 36.091441 ], [ -86.830747, 36.091436 ], [ -86.830578, 36.091429 ], [ -86.830344, 36.09142 ], [ -86.830172, 36.091413 ], [ -86.830046, 36.091408 ], [ -86.829929, 36.091404 ], [ -86.829578, 36.091394 ], [ -86.829462, 36.091391 ], [ -86.829271, 36.091385 ], [ -86.828698, 36.091368 ], [ -86.828508, 36.091363 ], [ -86.827871, 36.091335 ], [ -86.827736, 36.09133 ], [ -86.827029, 36.091311 ], [ -86.826338, 36.091228 ], [ -86.825972, 36.09116 ], [ -86.825346, 36.091045 ], [ -86.824879, 36.09098 ], [ -86.82477, 36.090969 ], [ -86.824526, 36.090946 ], [ -86.82414, 36.090917 ], [ -86.823755, 36.090895 ], [ -86.823326, 36.090887 ], [ -86.823031, 36.090885 ], [ -86.822451, 36.090882 ], [ -86.821964, 36.090884 ], [ -86.820505, 36.090891 ], [ -86.820019, 36.090894 ], [ -86.819764, 36.090878 ], [ -86.819574, 36.090866 ], [ -86.819298, 36.090856 ], [ -86.819002, 36.090837 ], [ -86.818748, 36.090821 ], [ -86.818476, 36.090797 ], [ -86.81766, 36.090727 ], [ -86.817388, 36.090704 ], [ -86.816447, 36.090611 ], [ -86.816211, 36.090588 ], [ -86.813625, 36.090351 ], [ -86.813122, 36.090305 ], [ -86.812683, 36.090294 ], [ -86.81229, 36.090233 ], [ -86.812138, 36.090217 ], [ -86.810495, 36.090052 ], [ -86.810302, 36.090033 ], [ -86.809948, 36.090003 ], [ -86.809561, 36.089972 ], [ -86.809544, 36.089971 ], [ -86.808402, 36.089865 ], [ -86.808016, 36.08983 ], [ -86.807619, 36.089792 ], [ -86.806429, 36.089681 ], [ -86.806033, 36.089644 ], [ -86.805414, 36.089586 ], [ -86.803924, 36.089447 ], [ -86.803557, 36.089414 ], [ -86.802939, 36.089357 ], [ -86.802538, 36.089332 ], [ -86.802127, 36.089297 ], [ -86.801356, 36.089227 ], [ -86.80061, 36.08916 ], [ -86.799697, 36.089084 ], [ -86.798887, 36.089018 ], [ -86.798799, 36.08901 ], [ -86.798537, 36.088986 ], [ -86.79845, 36.088979 ], [ -86.797992, 36.088937 ], [ -86.797669, 36.088908 ], [ -86.797125, 36.088861 ], [ -86.796619, 36.088818 ], [ -86.796162, 36.08878 ], [ -86.795129, 36.088687 ], [ -86.792032, 36.088411 ], [ -86.791958, 36.088405 ], [ -86.790999, 36.088326 ], [ -86.790964, 36.088466 ], [ -86.79092, 36.088829 ], [ -86.790887, 36.089103 ], [ -86.790829, 36.089474 ], [ -86.790748, 36.090072 ], [ -86.790722, 36.090349 ], [ -86.790676, 36.090858 ], [ -86.790622, 36.09126 ], [ -86.790561, 36.091718 ], [ -86.790467, 36.092469 ], [ -86.790434, 36.092738 ], [ -86.790412, 36.092872 ], [ -86.790391, 36.093039 ], [ -86.790353, 36.093354 ], [ -86.790337, 36.093541 ], [ -86.790336, 36.093557 ], [ -86.790334, 36.09371 ], [ -86.790298, 36.094095 ], [ -86.790297, 36.094221 ], [ -86.790297, 36.094235 ], [ -86.790321, 36.094776 ], [ -86.790339, 36.094964 ], [ -86.79038, 36.095266 ], [ -86.790437, 36.095808 ], [ -86.79048, 36.096211 ], [ -86.790465, 36.096332 ], [ -86.790484, 36.096446 ], [ -86.790541, 36.09679 ], [ -86.790561, 36.096905 ], [ -86.790574, 36.097082 ], [ -86.790616, 36.097613 ], [ -86.790624, 36.097712 ], [ -86.79063, 36.097791 ], [ -86.790678, 36.097967 ], [ -86.790698, 36.098174 ], [ -86.790737, 36.098514 ], [ -86.790759, 36.098696 ], [ -86.79078, 36.099039 ], [ -86.790802, 36.099396 ], [ -86.790844, 36.10007 ], [ -86.790866, 36.100414 ], [ -86.790834, 36.100712 ], [ -86.790815, 36.100895 ], [ -86.790777, 36.101134 ], [ -86.790686, 36.101599 ], [ -86.790668, 36.101695 ], [ -86.790638, 36.101895 ], [ -86.790534, 36.102114 ], [ -86.7904, 36.102494 ], [ -86.790328, 36.102668 ], [ -86.790283, 36.102793 ], [ -86.790116, 36.103257 ], [ -86.789946, 36.103731 ], [ -86.789901, 36.103832 ], [ -86.789864, 36.103929 ], [ -86.78977, 36.104175 ], [ -86.789279, 36.105476 ], [ -86.789264, 36.105516 ], [ -86.789103, 36.105966 ], [ -86.789021, 36.105957 ], [ -86.788776, 36.105933 ], [ -86.788695, 36.105925 ], [ -86.788541, 36.10591 ], [ -86.788445, 36.105899 ], [ -86.788005, 36.105849 ], [ -86.787925, 36.105841 ], [ -86.787698, 36.105813 ], [ -86.787444, 36.105782 ], [ -86.786916, 36.105722 ], [ -86.786884, 36.1059 ], [ -86.786906, 36.105978 ], [ -86.786915, 36.106009 ], [ -86.786977, 36.106149 ], [ -86.787019, 36.106276 ], [ -86.787021, 36.106438 ], [ -86.786997, 36.106555 ], [ -86.786977, 36.106613 ], [ -86.786909, 36.106823 ], [ -86.786734, 36.106994 ], [ -86.786616, 36.107112 ], [ -86.786335, 36.107398 ], [ -86.786204, 36.10752 ], [ -86.786124, 36.10757 ], [ -86.785892, 36.107578 ], [ -86.785562, 36.10757 ], [ -86.785448, 36.107568 ], [ -86.785152, 36.107591 ], [ -86.785163, 36.107708 ], [ -86.785196, 36.108061 ], [ -86.785203, 36.108134 ], [ -86.785211, 36.108179 ], [ -86.78513, 36.108206 ], [ -86.784994, 36.108278 ], [ -86.784886, 36.108366 ], [ -86.784812, 36.108465 ], [ -86.784588, 36.108596 ], [ -86.784518, 36.108634 ], [ -86.784439, 36.108679 ], [ -86.784148, 36.108899 ], [ -86.783958, 36.109052 ], [ -86.783883, 36.109129 ], [ -86.783463, 36.109371 ], [ -86.783267, 36.109464 ], [ -86.78307, 36.109547 ], [ -86.782684, 36.109745 ], [ -86.782346, 36.109884 ], [ -86.782251, 36.109942 ], [ -86.782108, 36.110041 ], [ -86.782, 36.110063 ], [ -86.781939, 36.110085 ], [ -86.781831, 36.110091 ], [ -86.781743, 36.110102 ], [ -86.781675, 36.110124 ], [ -86.781634, 36.110146 ], [ -86.781607, 36.110167 ], [ -86.781596, 36.110196 ], [ -86.780974, 36.110114 ], [ -86.780522, 36.110041 ], [ -86.78015, 36.109976 ], [ -86.779499, 36.109897 ], [ -86.779318, 36.109894 ], [ -86.779148, 36.109948 ], [ -86.77878, 36.109945 ], [ -86.777794, 36.109989 ], [ -86.777251, 36.110042 ], [ -86.776762, 36.110075 ], [ -86.776264, 36.110092 ], [ -86.775839, 36.110119 ], [ -86.775741, 36.110124 ], [ -86.775448, 36.110143 ], [ -86.775351, 36.11015 ], [ -86.775065, 36.11017 ], [ -86.77496, 36.110179 ], [ -86.774559, 36.110214 ], [ -86.77379, 36.110264 ], [ -86.7734, 36.11029 ], [ -86.773377, 36.110291 ], [ -86.773311, 36.110295 ], [ -86.773289, 36.110297 ], [ -86.772665, 36.110321 ], [ -86.772542, 36.110345 ], [ -86.772234, 36.110409 ], [ -86.772033, 36.110467 ], [ -86.771789, 36.11058 ], [ -86.771555, 36.110739 ], [ -86.771394, 36.110864 ], [ -86.771345, 36.110902 ], [ -86.771069, 36.111118 ], [ -86.771115, 36.111186 ], [ -86.771213, 36.111332 ], [ -86.77165, 36.111982 ], [ -86.771777, 36.112199 ], [ -86.771724, 36.112194 ], [ -86.771565, 36.112179 ], [ -86.771512, 36.112175 ], [ -86.77136, 36.112165 ], [ -86.770907, 36.112137 ], [ -86.770756, 36.112128 ], [ -86.770697, 36.112112 ], [ -86.769045, 36.11228 ], [ -86.769021, 36.112292 ], [ -86.768841, 36.112316 ], [ -86.76864, 36.11235 ], [ -86.768281, 36.112386 ], [ -86.768224, 36.112387 ], [ -86.768018, 36.112395 ], [ -86.767818, 36.112382 ], [ -86.767218, 36.112345 ], [ -86.767018, 36.112333 ], [ -86.767075, 36.112114 ], [ -86.767085, 36.112059 ], [ -86.767156, 36.111702 ], [ -86.767208, 36.111224 ], [ -86.767211, 36.111206 ], [ -86.767212, 36.110943 ], [ -86.767051, 36.110654 ], [ -86.766789, 36.110155 ], [ -86.766283, 36.109189 ], [ -86.765461, 36.107826 ], [ -86.765042, 36.10713 ], [ -86.764991, 36.107068 ], [ -86.763487, 36.105309 ], [ -86.764972, 36.10635 ], [ -86.765055, 36.106311 ], [ -86.765016, 36.106254 ], [ -86.7649, 36.106051 ], [ -86.764799, 36.105924 ], [ -86.764765, 36.105853 ], [ -86.764752, 36.105798 ], [ -86.764745, 36.105727 ], [ -86.764725, 36.105688 ], [ -86.76465, 36.105578 ], [ -86.764562, 36.105435 ], [ -86.764467, 36.105292 ], [ -86.764129, 36.104765 ], [ -86.764102, 36.104721 ], [ -86.763649, 36.103978 ], [ -86.763493, 36.103813 ], [ -86.763392, 36.103687 ], [ -86.763222, 36.103511 ], [ -86.763107, 36.103357 ], [ -86.762959, 36.103209 ], [ -86.762864, 36.103099 ], [ -86.762796, 36.102961 ], [ -86.762733, 36.102861 ], [ -86.762683, 36.102782 ], [ -86.762668, 36.102758 ], [ -86.762566, 36.10262 ], [ -86.76253, 36.102548 ], [ -86.762489, 36.102465 ], [ -86.762444, 36.102479 ], [ -86.76231, 36.102524 ], [ -86.762266, 36.102539 ], [ -86.762252, 36.102504 ], [ -86.762213, 36.1024 ], [ -86.7622, 36.102366 ], [ -86.762155, 36.102229 ], [ -86.762088, 36.102117 ], [ -86.761997, 36.101963 ], [ -86.761709, 36.101517 ], [ -86.761647, 36.101426 ], [ -86.761493, 36.1012 ], [ -86.761475, 36.101172 ], [ -86.761423, 36.10109 ], [ -86.761406, 36.101063 ], [ -86.761312, 36.100841 ], [ -86.761219, 36.100618 ], [ -86.76111, 36.100357 ], [ -86.760895, 36.099841 ], [ -86.760149, 36.098432 ], [ -86.760084, 36.098308 ], [ -86.759764, 36.097703 ], [ -86.759727, 36.097632 ], [ -86.759387, 36.096984 ], [ -86.759086, 36.096409 ], [ -86.759011, 36.096257 ], [ -86.758889, 36.095938 ], [ -86.758808, 36.095727 ], [ -86.758625, 36.09527 ], [ -86.758511, 36.094975 ], [ -86.758247, 36.094294 ], [ -86.758303, 36.094251 ], [ -86.758474, 36.094124 ], [ -86.758531, 36.094082 ], [ -86.758566, 36.094055 ], [ -86.758606, 36.094026 ], [ -86.758672, 36.093974 ], [ -86.758707, 36.093947 ], [ -86.758929, 36.093773 ], [ -86.759594, 36.093252 ], [ -86.759817, 36.093079 ], [ -86.760061, 36.092888 ], [ -86.760301, 36.092669 ], [ -86.760422, 36.092539 ], [ -86.760578, 36.092372 ], [ -86.760596, 36.092351 ], [ -86.760653, 36.09229 ], [ -86.760673, 36.09227 ], [ -86.76084, 36.09209 ], [ -86.761341, 36.091552 ], [ -86.761509, 36.091373 ], [ -86.761723, 36.091055 ], [ -86.761888, 36.090758 ], [ -86.761918, 36.090689 ], [ -86.76197, 36.090535 ], [ -86.761974, 36.090525 ], [ -86.76204, 36.090274 ], [ -86.76206, 36.090151 ], [ -86.762071, 36.090046 ], [ -86.762077, 36.089785 ], [ -86.762081, 36.087665 ], [ -86.762082, 36.087473 ], [ -86.762079, 36.087243 ], [ -86.762031, 36.086707 ], [ -86.76203, 36.086691 ], [ -86.761988, 36.086347 ], [ -86.761859, 36.085267 ], [ -86.761817, 36.084908 ], [ -86.761778, 36.08459 ], [ -86.761663, 36.083636 ], [ -86.761625, 36.083319 ], [ -86.761601, 36.083121 ], [ -86.761568, 36.08259 ], [ -86.761593, 36.08238 ], [ -86.761704, 36.082103 ], [ -86.761101, 36.081883 ], [ -86.761063, 36.081869 ], [ -86.761033, 36.081858 ], [ -86.760949, 36.081834 ], [ -86.760924, 36.081827 ], [ -86.760912, 36.081822 ], [ -86.760874, 36.081808 ], [ -86.76083, 36.081791 ], [ -86.760813, 36.081785 ], [ -86.76063, 36.081728 ], [ -86.760569, 36.081709 ], [ -86.760488, 36.081684 ], [ -86.760433, 36.081667 ], [ -86.760253, 36.081597 ], [ -86.760175, 36.081567 ], [ -86.760162, 36.081559 ], [ -86.760126, 36.081549 ], [ -86.760086, 36.081535 ], [ -86.760072, 36.08153 ], [ -86.760033, 36.081515 ], [ -86.76002, 36.081511 ], [ -86.759876, 36.081459 ], [ -86.759827, 36.081442 ], [ -86.759634, 36.081372 ], [ -86.759466, 36.081324 ], [ -86.759444, 36.081317 ], [ -86.759298, 36.081277 ], [ -86.759113, 36.081231 ], [ -86.75874, 36.08114 ], [ -86.758556, 36.081106 ], [ -86.758369, 36.081073 ], [ -86.758386, 36.080941 ], [ -86.758439, 36.080548 ], [ -86.758457, 36.080417 ], [ -86.75846, 36.080369 ], [ -86.758475, 36.080252 ], [ -86.758538, 36.079759 ], [ -86.75856, 36.079595 ], [ -86.758607, 36.079244 ], [ -86.75875, 36.078194 ], [ -86.758798, 36.077845 ], [ -86.758882, 36.077227 ], [ -86.759128, 36.075428 ], [ -86.759136, 36.075375 ], [ -86.759152, 36.075252 ], [ -86.759194, 36.074954 ], [ -86.75921, 36.074757 ], [ -86.75925, 36.074482 ], [ -86.759264, 36.074387 ], [ -86.759281, 36.074203 ], [ -86.75928, 36.07407 ], [ -86.759212, 36.073658 ], [ -86.759204, 36.07361 ], [ -86.759141, 36.073391 ], [ -86.759073, 36.073055 ], [ -86.758975, 36.072563 ], [ -86.75886, 36.07205 ], [ -86.758811, 36.071827 ], [ -86.75879, 36.071716 ], [ -86.758752, 36.071382 ], [ -86.758742, 36.071284 ], [ -86.758716, 36.070965 ], [ -86.758698, 36.070673 ], [ -86.758697, 36.070377 ], [ -86.758697, 36.070106 ], [ -86.758717, 36.070045 ], [ -86.758731, 36.069798 ], [ -86.758765, 36.06967 ], [ -86.758789, 36.069585 ], [ -86.758939, 36.069174 ], [ -86.75915, 36.068597 ], [ -86.759195, 36.068476 ], [ -86.759306, 36.068252 ], [ -86.759364, 36.068005 ], [ -86.759369, 36.067977 ], [ -86.759451, 36.067588 ], [ -86.759406, 36.067144 ], [ -86.759379, 36.066864 ], [ -86.759372, 36.066781 ], [ -86.759351, 36.066537 ], [ -86.759306, 36.066008 ], [ -86.759267, 36.06556 ], [ -86.75924, 36.065234 ], [ -86.75925, 36.064997 ], [ -86.759282, 36.064289 ], [ -86.759294, 36.064054 ], [ -86.759294, 36.063826 ], [ -86.759296, 36.063142 ], [ -86.759297, 36.062915 ], [ -86.759289, 36.062662 ], [ -86.75929, 36.062649 ], [ -86.759312, 36.062415 ], [ -86.759314, 36.062042 ], [ -86.75928, 36.061855 ], [ -86.759234, 36.061594 ], [ -86.759183, 36.061248 ], [ -86.759118, 36.060806 ], [ -86.759139, 36.060503 ], [ -86.759166, 36.060296 ], [ -86.75918, 36.060207 ], [ -86.759239, 36.059863 ], [ -86.759266, 36.059704 ], [ -86.759309, 36.059533 ], [ -86.759366, 36.059398 ], [ -86.759375, 36.05938 ], [ -86.759576, 36.0591 ], [ -86.760009, 36.058601 ], [ -86.760082, 36.058494 ], [ -86.760175, 36.058262 ], [ -86.760182, 36.058216 ], [ -86.760194, 36.058141 ], [ -86.760193, 36.058017 ], [ -86.760147, 36.057737 ], [ -86.760074, 36.057307 ], [ -86.760045, 36.057173 ], [ -86.76001, 36.057011 ], [ -86.759891, 36.056623 ], [ -86.75956, 36.055702 ], [ -86.759527, 36.055538 ], [ -86.759522, 36.055513 ], [ -86.759514, 36.055321 ], [ -86.759521, 36.055225 ], [ -86.759559, 36.05497 ], [ -86.75957, 36.054802 ], [ -86.759574, 36.054659 ], [ -86.759557, 36.054516 ], [ -86.759541, 36.054459 ], [ -86.759518, 36.054377 ], [ -86.759382, 36.054074 ], [ -86.759326, 36.053924 ], [ -86.759305, 36.053843 ], [ -86.759286, 36.0537 ], [ -86.756124, 36.053472 ], [ -86.753852, 36.053308 ], [ -86.749476, 36.052984 ], [ -86.747107, 36.052696 ], [ -86.745024, 36.052442 ], [ -86.743094, 36.052207 ], [ -86.743105, 36.052141 ], [ -86.743204, 36.051604 ], [ -86.74325, 36.051359 ], [ -86.743311, 36.050962 ], [ -86.74332, 36.050917 ], [ -86.743325, 36.050872 ], [ -86.74338, 36.050512 ], [ -86.743463, 36.049972 ], [ -86.743493, 36.049691 ], [ -86.74351, 36.049529 ], [ -86.74356, 36.049082 ], [ -86.743563, 36.049044 ], [ -86.743577, 36.048882 ], [ -86.743587, 36.048785 ], [ -86.74362, 36.048495 ], [ -86.743631, 36.048399 ], [ -86.743678, 36.047976 ], [ -86.743751, 36.047326 ], [ -86.74376, 36.047242 ], [ -86.743815, 36.046707 ], [ -86.74386, 36.046285 ], [ -86.743972, 36.04521 ], [ -86.744014, 36.044853 ], [ -86.744137, 36.043478 ], [ -86.744143, 36.043424 ], [ -86.744125, 36.042947 ], [ -86.744098, 36.042775 ], [ -86.744092, 36.042732 ], [ -86.744064, 36.042612 ], [ -86.743989, 36.04228 ], [ -86.743982, 36.042233 ], [ -86.743929, 36.041857 ], [ -86.743721, 36.041024 ], [ -86.743653, 36.040708 ], [ -86.743507, 36.040019 ], [ -86.740332, 36.039795 ], [ -86.739827, 36.039759 ], [ -86.739633, 36.039738 ], [ -86.739506, 36.03973 ], [ -86.739171, 36.039697 ], [ -86.737953, 36.039541 ], [ -86.737692, 36.039507 ], [ -86.737475, 36.039477 ], [ -86.737324, 36.039453 ], [ -86.736698, 36.039356 ], [ -86.736369, 36.039305 ], [ -86.736225, 36.039281 ], [ -86.735859, 36.03922 ], [ -86.735357, 36.03913 ], [ -86.734093, 36.038903 ], [ -86.733855, 36.038857 ], [ -86.73342, 36.038775 ], [ -86.733355, 36.038763 ], [ -86.733164, 36.038732 ], [ -86.732591, 36.038642 ], [ -86.7324, 36.038613 ], [ -86.73211, 36.038585 ], [ -86.731729, 36.038582 ], [ -86.731538, 36.038597 ], [ -86.731349, 36.03862 ], [ -86.731243, 36.038638 ], [ -86.731161, 36.038653 ], [ -86.73096, 36.038702 ], [ -86.73075, 36.038771 ], [ -86.729945, 36.039028 ], [ -86.729762, 36.039087 ], [ -86.728618, 36.039454 ], [ -86.728372, 36.039543 ], [ -86.727744, 36.03987 ], [ -86.727645, 36.039938 ], [ -86.727255, 36.040298 ], [ -86.726983, 36.040605 ], [ -86.726921, 36.040696 ], [ -86.726812, 36.040884 ], [ -86.726758, 36.040997 ], [ -86.726724, 36.041079 ], [ -86.72667, 36.041217 ], [ -86.726634, 36.041329 ], [ -86.726588, 36.041504 ], [ -86.726542, 36.041768 ], [ -86.726508, 36.042079 ], [ -86.726524, 36.042309 ], [ -86.726258, 36.042205 ], [ -86.726153, 36.042165 ], [ -86.726092, 36.042145 ], [ -86.725934, 36.042092 ], [ -86.725743, 36.041982 ], [ -86.725553, 36.041762 ], [ -86.725543, 36.04175 ], [ -86.725443, 36.041501 ], [ -86.725417, 36.041404 ], [ -86.725362, 36.041086 ], [ -86.725346, 36.040835 ], [ -86.725342, 36.040763 ], [ -86.725331, 36.040712 ], [ -86.72524, 36.040299 ], [ -86.725069, 36.040027 ], [ -86.724802, 36.039823 ], [ -86.724513, 36.039628 ], [ -86.7242, 36.03928 ], [ -86.724187, 36.039265 ], [ -86.72408, 36.038929 ], [ -86.724024, 36.038634 ], [ -86.723976, 36.038484 ], [ -86.723917, 36.038245 ], [ -86.723909, 36.038213 ], [ -86.723837, 36.037884 ], [ -86.723807, 36.037765 ], [ -86.72373, 36.03753 ], [ -86.723556, 36.037109 ], [ -86.72355, 36.037096 ], [ -86.723465, 36.0369 ], [ -86.72338, 36.036732 ], [ -86.723577, 36.036582 ], [ -86.723671, 36.036497 ], [ -86.723703, 36.03646 ], [ -86.723712, 36.036451 ], [ -86.723748, 36.036402 ], [ -86.723801, 36.036307 ], [ -86.723835, 36.036195 ], [ -86.723869, 36.036151 ], [ -86.723836, 36.035965 ], [ -86.72365, 36.035468 ], [ -86.723645, 36.035402 ], [ -86.723656, 36.035273 ], [ -86.723662, 36.035205 ], [ -86.7237, 36.035076 ], [ -86.72382, 36.034892 ], [ -86.723905, 36.03482 ], [ -86.724042, 36.034753 ], [ -86.724135, 36.034709 ], [ -86.724403, 36.034676 ], [ -86.724421, 36.034188 ], [ -86.724631, 36.033676 ], [ -86.724887, 36.033141 ], [ -86.724887, 36.032768 ], [ -86.72477, 36.032233 ], [ -86.72477, 36.031767 ], [ -86.724491, 36.030906 ], [ -86.724235, 36.030277 ], [ -86.723956, 36.029602 ], [ -86.723723, 36.028904 ], [ -86.72342, 36.028415 ], [ -86.723164, 36.028159 ], [ -86.723117, 36.027996 ], [ -86.723117, 36.027414 ], [ -86.722551, 36.025992 ], [ -86.722487, 36.025987 ], [ -86.721777, 36.025937 ], [ -86.721736, 36.025933 ], [ -86.721379, 36.025901 ], [ -86.721027, 36.025862 ], [ -86.721009, 36.02586 ], [ -86.720643, 36.025824 ], [ -86.720279, 36.025775 ], [ -86.719977, 36.025723 ], [ -86.719629, 36.025663 ], [ -86.719685, 36.025538 ], [ -86.71971, 36.025356 ], [ -86.719747, 36.025134 ], [ -86.719761, 36.025053 ], [ -86.71974, 36.025003 ], [ -86.719547, 36.024985 ], [ -86.718968, 36.024934 ], [ -86.718776, 36.024917 ], [ -86.718662, 36.024892 ], [ -86.718647, 36.024892 ], [ -86.718574, 36.024892 ], [ -86.7184, 36.024907 ], [ -86.718272, 36.024929 ], [ -86.718256, 36.024933 ], [ -86.718131, 36.024973 ], [ -86.717961, 36.025047 ], [ -86.717844, 36.025099 ], [ -86.717584, 36.025189 ], [ -86.717493, 36.025211 ], [ -86.717436, 36.02522 ], [ -86.717255, 36.025253 ], [ -86.717065, 36.025266 ], [ -86.716946, 36.025261 ], [ -86.716885, 36.025255 ], [ -86.716628, 36.02523 ], [ -86.716258, 36.025202 ], [ -86.716046, 36.025204 ], [ -86.715835, 36.025223 ], [ -86.715777, 36.025232 ], [ -86.715634, 36.025257 ], [ -86.715419, 36.025323 ], [ -86.715339, 36.025338 ], [ -86.715199, 36.025379 ], [ -86.71513, 36.0254 ], [ -86.714858, 36.025454 ], [ -86.714558, 36.025489 ], [ -86.714531, 36.02549 ], [ -86.714305, 36.025499 ], [ -86.714053, 36.025493 ], [ -86.713555, 36.025482 ], [ -86.713356, 36.025484 ], [ -86.7133, 36.025481 ], [ -86.713049, 36.02547 ], [ -86.712986, 36.024749 ], [ -86.712964, 36.024589 ], [ -86.712905, 36.024244 ], [ -86.712832, 36.023943 ], [ -86.712652, 36.023398 ], [ -86.712629, 36.023326 ], [ -86.71247, 36.022966 ], [ -86.712308, 36.022652 ], [ -86.712213, 36.022467 ], [ -86.711879, 36.021955 ], [ -86.711562, 36.021529 ], [ -86.711388, 36.021346 ], [ -86.711211, 36.021158 ], [ -86.710528, 36.020472 ], [ -86.710125, 36.020108 ], [ -86.709271, 36.019274 ], [ -86.708578, 36.018599 ], [ -86.70833, 36.018357 ], [ -86.707913, 36.01795 ], [ -86.707068, 36.017115 ], [ -86.706904, 36.016907 ], [ -86.706785, 36.016769 ], [ -86.706413, 36.01634 ], [ -86.706223, 36.016114 ], [ -86.706131, 36.016025 ], [ -86.705927, 36.015743 ], [ -86.705809, 36.01558 ], [ -86.705666, 36.015382 ], [ -86.705263, 36.014775 ], [ -86.705088, 36.014512 ], [ -86.70402, 36.01298 ], [ -86.703881, 36.01278 ], [ -86.703832, 36.012716 ], [ -86.703768, 36.012634 ], [ -86.703608, 36.012382 ], [ -86.703482, 36.012228 ], [ -86.703421, 36.012131 ], [ -86.703186, 36.011794 ], [ -86.702649, 36.011024 ], [ -86.702106, 36.010245 ], [ -86.701974, 36.010026 ], [ -86.701689, 36.009526 ], [ -86.701509, 36.009178 ], [ -86.701482, 36.009196 ], [ -86.70067, 36.009592 ], [ -86.700649, 36.009599 ], [ -86.700053, 36.009798 ], [ -86.699746, 36.009798 ], [ -86.699245, 36.009684 ], [ -86.697181, 36.009106 ], [ -86.697114, 36.009088 ], [ -86.696716, 36.008986 ], [ -86.695496, 36.00879 ], [ -86.695023, 36.008807 ], [ -86.69483, 36.008825 ], [ -86.694778, 36.008816 ], [ -86.694379, 36.008831 ], [ -86.693188, 36.009668 ], [ -86.69255, 36.010304 ], [ -86.692332, 36.010447 ], [ -86.691947, 36.010699 ], [ -86.691922, 36.010727 ], [ -86.691862, 36.010754 ], [ -86.691351, 36.011089 ], [ -86.690654, 36.011403 ], [ -86.689986, 36.011797 ], [ -86.689365, 36.012327 ], [ -86.68896, 36.012535 ], [ -86.688576, 36.012604 ], [ -86.68827, 36.012576 ], [ -86.687652, 36.012397 ], [ -86.68695, 36.012425 ], [ -86.686628, 36.012466 ], [ -86.685117, 36.01289 ], [ -86.684886, 36.012995 ], [ -86.68474, 36.013146 ], [ -86.68467, 36.013219 ], [ -86.684535, 36.013461 ], [ -86.684476, 36.013811 ], [ -86.684486, 36.014295 ], [ -86.684539, 36.014604 ], [ -86.684753, 36.015177 ], [ -86.685323, 36.016135 ], [ -86.685959, 36.017002 ], [ -86.686158, 36.0172 ], [ -86.686318, 36.017359 ], [ -86.686604, 36.017645 ], [ -86.686771, 36.017862 ], [ -86.68691, 36.018041 ], [ -86.687145, 36.018417 ], [ -86.687551, 36.019457 ], [ -86.687629, 36.019766 ], [ -86.687613, 36.019939 ], [ -86.68744, 36.020047 ], [ -86.687385, 36.020069 ], [ -86.686534, 36.020416 ], [ -86.686147, 36.020619 ], [ -86.685418, 36.021004 ], [ -86.684431, 36.021897 ], [ -86.684258, 36.022008 ], [ -86.68404, 36.022043 ], [ -86.683923, 36.022044 ], [ -86.683334, 36.022055 ], [ -86.682762, 36.021879 ], [ -86.682464, 36.021655 ], [ -86.681671, 36.021059 ], [ -86.68096, 36.020775 ], [ -86.680847, 36.02076 ], [ -86.680835, 36.02083 ], [ -86.680786, 36.021133 ], [ -86.680733, 36.021472 ], [ -86.680664, 36.021982 ], [ -86.680621, 36.022257 ], [ -86.680564, 36.022632 ], [ -86.68053, 36.022791 ], [ -86.680515, 36.022896 ], [ -86.680405, 36.023695 ], [ -86.680397, 36.023755 ], [ -86.680367, 36.023962 ], [ -86.680314, 36.024331 ], [ -86.680278, 36.024583 ], [ -86.680215, 36.025026 ], [ -86.680172, 36.025252 ], [ -86.68016, 36.025351 ], [ -86.680166, 36.025588 ], [ -86.68018, 36.025707 ], [ -86.680217, 36.025858 ], [ -86.680267, 36.026013 ], [ -86.680317, 36.026141 ], [ -86.680421, 36.026342 ], [ -86.68046, 36.026398 ], [ -86.680582, 36.026572 ], [ -86.680828, 36.026907 ], [ -86.680327, 36.02732 ], [ -86.680051, 36.027515 ], [ -86.679687, 36.027724 ], [ -86.679282, 36.027942 ], [ -86.67893, 36.028055 ], [ -86.678582, 36.028132 ], [ -86.678284, 36.028177 ], [ -86.678064, 36.028146 ], [ -86.677732, 36.028149 ], [ -86.677556, 36.02814 ], [ -86.677329, 36.028122 ], [ -86.675285, 36.027904 ], [ -86.67494, 36.027887 ], [ -86.674722, 36.027888 ], [ -86.674487, 36.027898 ], [ -86.674292, 36.027912 ], [ -86.673829, 36.027973 ], [ -86.673489, 36.028043 ], [ -86.673156, 36.028136 ], [ -86.672709, 36.028307 ], [ -86.671514, 36.028493 ], [ -86.669029, 36.028615 ], [ -86.667507, 36.028501 ], [ -86.66732, 36.028487 ], [ -86.667249, 36.028482 ], [ -86.667168, 36.028476 ], [ -86.66693, 36.028458 ], [ -86.666742, 36.028444 ], [ -86.666699, 36.028439 ], [ -86.666427, 36.028405 ], [ -86.666348, 36.028374 ], [ -86.666213, 36.028322 ], [ -86.666019, 36.02815 ], [ -86.66591, 36.027958 ], [ -86.665574, 36.026764 ], [ -86.665534, 36.026656 ], [ -86.665428, 36.026428 ], [ -86.665404, 36.026383 ], [ -86.665189, 36.025991 ], [ -86.664753, 36.025193 ], [ -86.664637, 36.024907 ], [ -86.664575, 36.024752 ], [ -86.664533, 36.02459 ], [ -86.664492, 36.024171 ], [ -86.664512, 36.024004 ], [ -86.664526, 36.023899 ], [ -86.664556, 36.023699 ], [ -86.664628, 36.023208 ], [ -86.664677, 36.022875 ], [ -86.66474, 36.02249 ], [ -86.664808, 36.022071 ], [ -86.664944, 36.021172 ], [ -86.664954, 36.021109 ], [ -86.665092, 36.020312 ], [ -86.665044, 36.019761 ], [ -86.664896, 36.019373 ], [ -86.664531, 36.018627 ], [ -86.664425, 36.018355 ], [ -86.664381, 36.018165 ], [ -86.664354, 36.017877 ], [ -86.664356, 36.017665 ], [ -86.664481, 36.016924 ], [ -86.664539, 36.016578 ], [ -86.664699, 36.015565 ], [ -86.664791, 36.01515 ], [ -86.664846, 36.014907 ], [ -86.66511, 36.014091 ], [ -86.665143, 36.013867 ], [ -86.665168, 36.013575 ], [ -86.665165, 36.013491 ], [ -86.665159, 36.01329 ], [ -86.665164, 36.012718 ], [ -86.665238, 36.012165 ], [ -86.665295, 36.011785 ], [ -86.665405, 36.011128 ], [ -86.665439, 36.010892 ], [ -86.665462, 36.0105 ], [ -86.665485, 36.010293 ], [ -86.6655, 36.010159 ], [ -86.665655, 36.009414 ], [ -86.665792, 36.008853 ], [ -86.665862, 36.008532 ], [ -86.665902, 36.008355 ], [ -86.665923, 36.008158 ], [ -86.665914, 36.008024 ], [ -86.665885, 36.007943 ], [ -86.665759, 36.007826 ], [ -86.665672, 36.007771 ], [ -86.66549, 36.0077 ], [ -86.665138, 36.007632 ], [ -86.664861, 36.007595 ], [ -86.661914, 36.00839 ], [ -86.658345, 36.010183 ], [ -86.655332, 36.011761 ], [ -86.651064, 36.013859 ], [ -86.645601, 36.017759 ], [ -86.641821, 36.015149 ], [ -86.641827, 36.015105 ], [ -86.641843, 36.015018 ], [ -86.64181, 36.014597 ], [ -86.641508, 36.014238 ], [ -86.641304, 36.013953 ], [ -86.641016, 36.013693 ], [ -86.640642, 36.013547 ], [ -86.640484, 36.013442 ], [ -86.640216, 36.013009 ], [ -86.640121, 36.012762 ], [ -86.640072, 36.0126 ], [ -86.639765, 36.01179 ], [ -86.639694, 36.011511 ], [ -86.639693, 36.011218 ], [ -86.639715, 36.01113 ], [ -86.639726, 36.010991 ], [ -86.64006, 36.008821 ], [ -86.640152, 36.007953 ], [ -86.640226, 36.006614 ], [ -86.640258, 36.006044 ], [ -86.640249, 36.005931 ], [ -86.639859, 36.005367 ], [ -86.639593, 36.005047 ], [ -86.639266, 36.004634 ], [ -86.63706, 36.001774 ], [ -86.636309, 36.000809 ], [ -86.635893, 36.000241 ], [ -86.635605, 36.000193 ], [ -86.635203, 36.000161 ], [ -86.634784, 36.000211 ], [ -86.634421, 36.000369 ], [ -86.63402, 36.000637 ], [ -86.633961, 36.000671 ], [ -86.633558, 36.000907 ], [ -86.633333, 36.001028 ], [ -86.632218, 36.001564 ], [ -86.632097, 36.001626 ], [ -86.631942, 36.001706 ], [ -86.631737, 36.001818 ], [ -86.631114, 36.00219 ], [ -86.630884, 36.002335 ], [ -86.630723, 36.002444 ], [ -86.630633, 36.002506 ], [ -86.630136, 36.002878 ], [ -86.629589, 36.003294 ], [ -86.629285, 36.003527 ], [ -86.629098, 36.003674 ], [ -86.628837, 36.003829 ], [ -86.628763, 36.003861 ], [ -86.628693, 36.003882 ], [ -86.628523, 36.003936 ], [ -86.627928, 36.004109 ], [ -86.627655, 36.004168 ], [ -86.626671, 36.004234 ], [ -86.626317, 36.004377 ], [ -86.626167, 36.004442 ], [ -86.625821, 36.004583 ], [ -86.625748, 36.004614 ], [ -86.625079, 36.004901 ], [ -86.624858, 36.004947 ], [ -86.624673, 36.004951 ], [ -86.623733, 36.004943 ], [ -86.622818, 36.004927 ], [ -86.621931, 36.004913 ], [ -86.621821, 36.004925 ], [ -86.621799, 36.005118 ], [ -86.621776, 36.005326 ], [ -86.621773, 36.005701 ], [ -86.621772, 36.005896 ], [ -86.620787, 36.005865 ], [ -86.620766, 36.005863 ], [ -86.620731, 36.005862 ], [ -86.620573, 36.005855 ], [ -86.620409, 36.005847 ], [ -86.620308, 36.005829 ], [ -86.620287, 36.005825 ], [ -86.620104, 36.005786 ], [ -86.619961, 36.005715 ], [ -86.619831, 36.00562 ], [ -86.619703, 36.005499 ], [ -86.619624, 36.005376 ], [ -86.619566, 36.005184 ], [ -86.619572, 36.004875 ], [ -86.619639, 36.003681 ], [ -86.619659, 36.003333 ], [ -86.619702, 36.002678 ], [ -86.619683, 36.00268 ], [ -86.619426, 36.002779 ], [ -86.619203, 36.00285 ], [ -86.619095, 36.002911 ], [ -86.619, 36.002988 ], [ -86.618906, 36.003103 ], [ -86.618865, 36.003169 ], [ -86.618737, 36.003526 ], [ -86.618602, 36.003796 ], [ -86.618406, 36.004351 ], [ -86.618062, 36.005099 ], [ -86.617947, 36.005401 ], [ -86.617879, 36.005494 ], [ -86.617798, 36.005549 ], [ -86.617737, 36.005604 ], [ -86.61771, 36.005643 ], [ -86.617704, 36.005703 ], [ -86.617738, 36.005868 ], [ -86.617684, 36.006176 ], [ -86.617637, 36.006533 ], [ -86.617556, 36.006918 ], [ -86.617508, 36.007083 ], [ -86.617441, 36.007231 ], [ -86.617306, 36.007435 ], [ -86.61715, 36.007605 ], [ -86.616995, 36.007847 ], [ -86.616833, 36.008017 ], [ -86.616731, 36.008155 ], [ -86.616576, 36.008292 ], [ -86.616305, 36.008479 ], [ -86.616129, 36.008534 ], [ -86.615913, 36.00854 ], [ -86.615345, 36.008645 ], [ -86.615203, 36.0087 ], [ -86.615027, 36.008815 ], [ -86.614744, 36.009028 ], [ -86.612734, 36.007273 ], [ -86.612745, 36.00721 ], [ -86.612961, 36.00596 ], [ -86.614345, 35.998409 ], [ -86.614442, 35.997882 ], [ -86.614484, 35.997647 ], [ -86.614613, 35.996944 ], [ -86.614656, 35.99671 ], [ -86.615048, 35.994569 ], [ -86.615588, 35.991624 ], [ -86.612077, 35.991215 ], [ -86.609916, 35.990964 ], [ -86.609591, 35.990926 ], [ -86.609618, 35.990735 ], [ -86.609837, 35.989192 ], [ -86.609911, 35.988678 ], [ -86.609928, 35.988567 ], [ -86.609981, 35.988236 ], [ -86.609999, 35.988126 ], [ -86.610007, 35.987902 ], [ -86.61005, 35.986733 ], [ -86.610086, 35.985755 ], [ -86.607225, 35.985472 ], [ -86.607285, 35.985152 ], [ -86.607547, 35.983784 ], [ -86.607575, 35.983638 ], [ -86.607598, 35.983343 ], [ -86.607701, 35.982015 ], [ -86.607728, 35.98168 ], [ -86.607743, 35.981573 ], [ -86.607995, 35.979772 ], [ -86.609595, 35.979822 ], [ -86.609822, 35.97863 ], [ -86.610425, 35.975468 ], [ -86.613646, 35.975552 ], [ -86.613688, 35.972391 ], [ -86.614336, 35.968283 ], [ -86.614357, 35.968149 ], [ -86.614363, 35.968114 ], [ -86.61439, 35.967946 ], [ -86.614415, 35.967785 ], [ -86.618658, 35.968205 ], [ -86.618704, 35.968208 ], [ -86.618845, 35.96822 ], [ -86.618892, 35.968224 ], [ -86.618878, 35.968395 ], [ -86.618857, 35.96866 ], [ -86.618837, 35.968908 ], [ -86.618828, 35.969023 ], [ -86.618822, 35.96908 ], [ -86.618782, 35.969481 ], [ -86.618664, 35.970684 ], [ -86.618625, 35.971086 ], [ -86.6186, 35.971336 ], [ -86.621951, 35.971627 ], [ -86.627695, 35.972128 ], [ -86.627397, 35.974027 ], [ -86.630549, 35.974241 ], [ -86.632912, 35.974401 ], [ -86.634157, 35.974486 ], [ -86.634622, 35.974517 ], [ -86.636019, 35.97461 ], [ -86.636485, 35.974642 ], [ -86.638366, 35.974779 ], [ -86.638803, 35.974811 ], [ -86.640347, 35.974948 ], [ -86.642367, 35.975097 ], [ -86.642968, 35.97514 ], [ -86.643552, 35.975181 ], [ -86.644008, 35.975206 ], [ -86.64474, 35.975247 ], [ -86.64514, 35.975269 ], [ -86.645887, 35.975359 ], [ -86.646012, 35.975369 ], [ -86.646387, 35.975402 ], [ -86.646513, 35.975413 ], [ -86.646656, 35.975425 ], [ -86.647085, 35.975461 ], [ -86.647229, 35.975474 ], [ -86.647403, 35.97549 ], [ -86.647925, 35.975539 ], [ -86.648099, 35.975556 ], [ -86.648136, 35.975559 ], [ -86.648195, 35.975565 ], [ -86.64825, 35.975569 ], [ -86.648288, 35.975573 ], [ -86.648288, 35.975641 ], [ -86.648289, 35.975845 ], [ -86.64829, 35.975914 ], [ -86.648288, 35.976422 ], [ -86.64851, 35.976507 ], [ -86.6506, 35.977314 ], [ -86.651297, 35.977584 ], [ -86.651796, 35.977776 ], [ -86.653293, 35.978355 ], [ -86.653793, 35.978548 ], [ -86.653891, 35.978585 ], [ -86.654186, 35.978698 ], [ -86.654285, 35.978736 ], [ -86.654761, 35.97892 ], [ -86.656189, 35.979472 ], [ -86.656665, 35.979657 ], [ -86.66171, 35.981604 ], [ -86.6636, 35.982334 ], [ -86.664248, 35.982583 ], [ -86.664852, 35.982816 ], [ -86.666792, 35.983565 ], [ -86.667542, 35.983855 ], [ -86.669453, 35.984592 ], [ -86.672482, 35.98576 ], [ -86.673426, 35.986124 ], [ -86.673747, 35.986247 ], [ -86.673863, 35.986292 ], [ -86.674534, 35.986552 ], [ -86.674927, 35.986704 ], [ -86.675476, 35.986916 ], [ -86.675519, 35.986933 ], [ -86.675738, 35.987018 ], [ -86.675907, 35.987083 ], [ -86.6761, 35.987158 ], [ -86.676761, 35.987413 ], [ -86.676845, 35.987445 ], [ -86.678252, 35.987988 ], [ -86.679411, 35.988436 ], [ -86.681889, 35.989399 ], [ -86.682, 35.989536 ], [ -86.682189, 35.989769 ], [ -86.682343, 35.989939 ], [ -86.682442, 35.990048 ], [ -86.682462, 35.99007 ], [ -86.682517, 35.99013 ], [ -86.682682, 35.99031 ], [ -86.682737, 35.99037 ], [ -86.682884, 35.990531 ], [ -86.683327, 35.991015 ], [ -86.683475, 35.991177 ], [ -86.683738, 35.991459 ], [ -86.683781, 35.991505 ], [ -86.684523, 35.992314 ], [ -86.684785, 35.992599 ], [ -86.685059, 35.992899 ], [ -86.685882, 35.993799 ], [ -86.686044, 35.993976 ], [ -86.686164, 35.994092 ], [ -86.686347, 35.994269 ], [ -86.686455, 35.994363 ], [ -86.686735, 35.994608 ], [ -86.6872, 35.994962 ], [ -86.687305, 35.995037 ], [ -86.687394, 35.995104 ], [ -86.687714, 35.995343 ], [ -86.68799, 35.995284 ], [ -86.688819, 35.995108 ], [ -86.689019, 35.995066 ], [ -86.689096, 35.99505 ], [ -86.68914, 35.995064 ], [ -86.689273, 35.995109 ], [ -86.689318, 35.995124 ], [ -86.689499, 35.995028 ], [ -86.689614, 35.994966 ], [ -86.689695, 35.994924 ], [ -86.690195, 35.99498 ], [ -86.690694, 35.994905 ], [ -86.691346, 35.994648 ], [ -86.691422, 35.994636 ], [ -86.691596, 35.994572 ], [ -86.691904, 35.994581 ], [ -86.692165, 35.994682 ], [ -86.692324, 35.994753 ], [ -86.692488, 35.994816 ], [ -86.692872, 35.995153 ], [ -86.693053, 35.995665 ], [ -86.693173, 35.996 ], [ -86.693244, 35.996043 ], [ -86.694046, 35.996536 ], [ -86.696672, 35.99815 ], [ -86.697419, 35.998609 ], [ -86.697548, 35.998689 ], [ -86.697925, 35.99892 ], [ -86.699056, 35.999615 ], [ -86.699433, 35.999847 ], [ -86.699555, 35.999922 ], [ -86.699677, 35.999998 ], [ -86.699741, 36.000038 ], [ -86.699806, 36.000077 ], [ -86.69985, 36.000104 ], [ -86.700189, 36.000312 ], [ -86.702458, 36.001705 ], [ -86.703215, 36.00217 ], [ -86.704329, 36.002855 ], [ -86.711543, 36.00729 ], [ -86.712896, 36.008122 ], [ -86.718824, 36.008592 ], [ -86.719198, 36.008621 ], [ -86.720133, 36.00874 ], [ -86.720145, 36.008741 ], [ -86.720169, 36.008744 ], [ -86.72103, 36.008852 ], [ -86.721594, 36.008923 ], [ -86.721703, 36.008932 ], [ -86.72188, 36.008948 ], [ -86.722181, 36.008976 ], [ -86.722411, 36.008994 ], [ -86.722589, 36.009008 ], [ -86.722858, 36.009031 ], [ -86.723668, 36.0091 ], [ -86.723938, 36.009124 ], [ -86.724002, 36.009129 ], [ -86.724195, 36.009146 ], [ -86.72426, 36.009152 ], [ -86.724431, 36.009166 ], [ -86.724944, 36.00921 ], [ -86.725115, 36.009225 ], [ -86.72553, 36.00926 ], [ -86.726076, 36.009306 ], [ -86.726775, 36.009367 ], [ -86.72719, 36.009403 ], [ -86.727236, 36.009407 ], [ -86.727496, 36.009432 ], [ -86.728276, 36.009507 ], [ -86.728537, 36.009532 ], [ -86.729686, 36.009643 ], [ -86.731882, 36.009856 ], [ -86.732069, 36.009873 ], [ -86.732843, 36.010272 ], [ -86.733019, 36.010362 ], [ -86.734046, 36.010891 ], [ -86.734426, 36.011083 ], [ -86.73497, 36.011358 ], [ -86.737742, 36.012762 ], [ -86.738439, 36.013115 ], [ -86.738652, 36.013256 ], [ -86.738806, 36.013336 ], [ -86.739268, 36.013577 ], [ -86.739423, 36.013658 ], [ -86.739659, 36.013781 ], [ -86.739982, 36.013949 ], [ -86.74037, 36.014151 ], [ -86.740607, 36.014275 ], [ -86.741207, 36.014587 ], [ -86.741744, 36.014867 ], [ -86.745155, 36.016646 ], [ -86.746348, 36.017267 ], [ -86.746415, 36.017301 ], [ -86.749514, 36.018916 ], [ -86.750072, 36.019207 ], [ -86.750323, 36.019339 ], [ -86.751316, 36.019865 ], [ -86.754297, 36.021447 ], [ -86.755293, 36.021976 ], [ -86.75541, 36.022037 ], [ -86.755769, 36.022225 ], [ -86.755889, 36.022288 ], [ -86.756818, 36.022779 ], [ -86.759315, 36.024101 ], [ -86.759605, 36.024255 ], [ -86.760444, 36.024699 ], [ -86.760534, 36.024747 ], [ -86.760953, 36.024969 ], [ -86.762211, 36.025635 ], [ -86.762631, 36.025857 ], [ -86.76298, 36.026042 ], [ -86.764029, 36.026597 ], [ -86.764159, 36.026666 ], [ -86.764379, 36.026782 ], [ -86.764968, 36.027094 ], [ -86.766345, 36.027823 ], [ -86.766736, 36.02803 ], [ -86.767112, 36.028229 ], [ -86.767331, 36.028331 ], [ -86.769095, 36.029216 ], [ -86.769289, 36.029313 ], [ -86.775166, 36.032261 ], [ -86.777073, 36.033218 ], [ -86.777128, 36.033239 ], [ -86.777185, 36.033256 ], [ -86.777524, 36.033347 ], [ -86.781367, 36.034324 ], [ -86.781603, 36.0344 ], [ -86.783001, 36.034857 ], [ -86.783079, 36.034886 ], [ -86.783268, 36.034946 ], [ -86.783355, 36.034974 ], [ -86.783463, 36.03501 ], [ -86.783499, 36.035022 ], [ -86.784238, 36.035217 ], [ -86.785814, 36.035625 ], [ -86.786137, 36.035716 ], [ -86.787205, 36.035999 ], [ -86.790875, 36.036715 ], [ -86.791133, 36.036693 ], [ -86.791445, 36.036715 ], [ -86.791639, 36.036734 ], [ -86.793914, 36.036967 ], [ -86.793927, 36.036968 ], [ -86.794688, 36.037066 ], [ -86.795019, 36.037092 ], [ -86.795985, 36.03717 ], [ -86.797332, 36.037279 ], [ -86.79782, 36.037318 ], [ -86.799879, 36.037485 ], [ -86.801014, 36.037577 ], [ -86.801178, 36.037589 ], [ -86.801198, 36.037591 ], [ -86.801261, 36.0376 ], [ -86.801282, 36.037603 ], [ -86.804319, 36.037926 ], [ -86.804967, 36.037995 ], [ -86.80542, 36.038043 ], [ -86.812688, 36.038814 ], [ -86.813433, 36.038894 ], [ -86.81459, 36.039016 ], [ -86.816472, 36.039217 ], [ -86.81713, 36.03929 ], [ -86.819107, 36.039512 ], [ -86.819766, 36.039586 ], [ -86.820187, 36.039632 ], [ -86.821453, 36.039772 ], [ -86.821875, 36.039819 ], [ -86.822159, 36.03985 ], [ -86.822299, 36.039865 ], [ -86.823011, 36.039945 ], [ -86.823296, 36.039977 ], [ -86.823552, 36.040004 ], [ -86.824321, 36.040088 ], [ -86.824578, 36.040116 ], [ -86.824747, 36.040137 ], [ -86.825959, 36.04027 ], [ -86.830104, 36.040727 ], [ -86.831486, 36.04088 ], [ -86.831739, 36.040908 ], [ -86.832499, 36.040995 ], [ -86.832753, 36.041024 ], [ -86.833248, 36.04108 ], [ -86.834733, 36.041249 ], [ -86.835228, 36.041306 ], [ -86.835688, 36.041358 ], [ -86.836575, 36.04146 ], [ -86.837071, 36.041512 ], [ -86.837533, 36.041561 ], [ -86.837553, 36.041564 ], [ -86.837612, 36.041576 ], [ -86.837633, 36.04158 ], [ -86.837678, 36.041586 ], [ -86.83779, 36.041598 ], [ -86.838127, 36.041636 ], [ -86.83824, 36.041649 ], [ -86.839007, 36.041736 ], [ -86.841052, 36.041969 ], [ -86.841309, 36.041998 ], [ -86.842077, 36.042086 ], [ -86.842732, 36.04216 ], [ -86.844698, 36.042385 ], [ -86.845354, 36.04246 ], [ -86.845389, 36.042468 ], [ -86.845715, 36.04252 ], [ -86.846801, 36.042697 ], [ -86.847163, 36.042756 ], [ -86.847545, 36.042806 ], [ -86.848694, 36.042959 ], [ -86.849077, 36.043011 ], [ -86.849478, 36.043059 ], [ -86.850684, 36.043206 ], [ -86.851086, 36.043255 ], [ -86.851942, 36.043374 ], [ -86.854511, 36.043734 ], [ -86.855368, 36.043854 ], [ -86.856653, 36.043966 ], [ -86.856722, 36.043963 ], [ -86.857964, 36.04407 ], [ -86.864957, 36.044672 ], [ -86.864861, 36.044782 ], [ -86.864761, 36.044896 ], [ -86.865008, 36.044925 ], [ -86.872219, 36.045769 ], [ -86.872697, 36.045825 ], [ -86.87426, 36.04603 ], [ -86.877018, 36.046393 ], [ -86.88029, 36.046824 ], [ -86.882165, 36.04707 ], [ -86.88255, 36.047121 ], [ -86.883497, 36.047246 ], [ -86.883805, 36.047286 ], [ -86.88458, 36.047389 ], [ -86.885613, 36.047526 ], [ -86.887386, 36.047758 ], [ -86.888988, 36.04797 ], [ -86.891237, 36.048262 ], [ -86.892639, 36.048428 ], [ -86.893041, 36.048472 ], [ -86.893385, 36.048515 ], [ -86.896719, 36.04892 ], [ -86.903024, 36.04969 ], [ -86.905066, 36.049941 ], [ -86.907999, 36.0503 ], [ -86.908797, 36.050398 ], [ -86.909744, 36.050513 ], [ -86.910991, 36.050665 ], [ -86.912384, 36.050835 ], [ -86.91277, 36.050882 ], [ -86.91684, 36.051403 ], [ -86.919116, 36.051693 ], [ -86.919745, 36.051774 ], [ -86.920112, 36.051822 ], [ -86.921686, 36.052023 ], [ -86.922815, 36.052168 ], [ -86.92353, 36.05226 ], [ -86.926473, 36.052638 ], [ -86.927151, 36.052725 ], [ -86.928602, 36.052909 ], [ -86.928861, 36.052942 ], [ -86.9292, 36.052722 ], [ -86.92929, 36.052664 ], [ -86.930663, 36.051795 ], [ -86.930876, 36.051661 ], [ -86.930998, 36.051584 ], [ -86.931121, 36.051506 ], [ -86.931278, 36.051406 ], [ -86.931435, 36.051307 ], [ -86.932179, 36.050835 ], [ -86.935356, 36.048825 ], [ -86.936415, 36.048156 ], [ -86.936545, 36.048084 ], [ -86.936666, 36.048002 ], [ -86.936762, 36.047937 ], [ -86.936861, 36.047874 ], [ -86.9369, 36.047845 ], [ -86.937108, 36.047708 ], [ -86.937527, 36.047426 ], [ -86.938726, 36.04662 ], [ -86.938871, 36.046525 ], [ -86.939107, 36.046367 ], [ -86.939161, 36.046332 ], [ -86.939232, 36.046303 ], [ -86.941314, 36.044998 ], [ -86.943581, 36.043578 ], [ -86.944169, 36.04321 ], [ -86.944805, 36.042807 ], [ -86.946035, 36.042024 ], [ -86.946388, 36.0418 ], [ -86.946487, 36.041745 ], [ -86.946517, 36.041724 ], [ -86.946608, 36.041664 ], [ -86.946639, 36.041644 ], [ -86.946675, 36.041619 ], [ -86.946786, 36.041547 ], [ -86.946823, 36.041523 ], [ -86.946907, 36.041468 ], [ -86.947012, 36.0414 ], [ -86.947245, 36.041253 ], [ -86.947362, 36.041178 ], [ -86.947456, 36.041119 ], [ -86.947647, 36.040997 ], [ -86.948259, 36.040605 ], [ -86.94876, 36.040284 ], [ -86.950668, 36.039067 ], [ -86.951472, 36.038555 ], [ -86.951513, 36.038528 ], [ -86.951638, 36.03845 ], [ -86.95168, 36.038424 ], [ -86.951692, 36.038416 ], [ -86.951924, 36.038287 ], [ -86.952002, 36.038243 ], [ -86.95235, 36.038013 ], [ -86.95279, 36.037735 ], [ -86.953413, 36.037347 ], [ -86.953695, 36.037172 ], [ -86.95541, 36.036103 ], [ -86.961043, 36.032594 ], [ -86.962633, 36.031603 ], [ -86.962984, 36.031386 ], [ -86.963575, 36.031003 ], [ -86.963867, 36.030814 ], [ -86.96489, 36.030152 ], [ -86.967477, 36.028536 ], [ -86.968249, 36.028054 ], [ -86.968487, 36.027906 ], [ -86.968965, 36.027596 ], [ -86.97075, 36.026467 ], [ -86.972048, 36.02565 ], [ -86.972439, 36.025398 ], [ -86.972582, 36.025305 ], [ -86.972978, 36.02505 ], [ -86.973155, 36.024936 ], [ -86.973354, 36.024808 ], [ -86.973686, 36.024594 ], [ -86.974423, 36.024118 ], [ -86.974663, 36.023965 ], [ -86.975948, 36.023135 ], [ -86.976824, 36.02258 ], [ -86.97964, 36.020799 ], [ -86.980605, 36.020184 ], [ -86.980863, 36.020021 ], [ -86.984985, 36.017408 ], [ -86.987551, 36.015781 ], [ -86.997366, 36.00964 ], [ -86.998537, 36.008908 ], [ -87.00073, 36.007536 ], [ -87.001496, 36.007057 ], [ -87.004417, 36.005227 ], [ -87.00728, 36.003433 ], [ -87.013183, 35.999738 ], [ -87.015522, 35.998274 ], [ -87.015604, 35.998223 ], [ -87.016082, 35.997874 ], [ -87.016153, 35.997822 ], [ -87.016365, 35.997668 ], [ -87.016437, 35.997617 ], [ -87.017627, 35.996752 ], [ -87.018781, 35.995913 ], [ -87.021071, 35.994451 ], [ -87.022766, 35.993368 ], [ -87.023023, 35.993202 ], [ -87.024252, 35.992418 ], [ -87.024785, 35.992078 ], [ -87.026471, 35.991078 ], [ -87.02763, 35.990325 ], [ -87.027833, 35.990193 ], [ -87.028336, 35.989857 ], [ -87.03197, 35.989752 ], [ -87.039223, 35.989286 ], [ -87.039386, 35.989242 ], [ -87.039493, 35.989557 ], [ -87.040288, 35.991944 ], [ -87.040749, 35.993825 ], [ -87.040999, 35.99483 ], [ -87.041427, 35.996563 ], [ -87.04155, 35.997062 ], [ -87.041601, 35.997269 ], [ -87.041693, 35.997643 ], [ -87.041755, 35.997892 ], [ -87.041764, 35.99793 ], [ -87.041843, 35.998251 ], [ -87.042739, 36.001888 ], [ -87.042946, 36.002727 ], [ -87.042991, 36.00291 ], [ -87.043268, 36.004049 ], [ -87.043524, 36.005099 ], [ -87.04362, 36.005496 ], [ -87.044687, 36.009872 ], [ -87.045351, 36.012597 ], [ -87.045677, 36.013935 ], [ -87.046707, 36.018163 ], [ -87.04729, 36.020556 ], [ -87.047862, 36.022903 ], [ -87.048335, 36.024842 ], [ -87.048786, 36.026563 ], [ -87.050887, 36.034585 ], [ -87.051917, 36.038439 ], [ -87.052757, 36.041765 ], [ -87.052901, 36.042337 ], [ -87.053069, 36.042996 ], [ -87.05347, 36.044584 ], [ -87.053625, 36.045198 ], [ -87.053722, 36.045582 ], [ -87.05453, 36.048776 ], [ -87.054705, 36.049986 ], [ -87.054676, 36.049975 ] ] ] } },
{ "type": "Feature", "properties": { "district_num": "53" }, "geometry": { "type": "Polygon", "coordinates": [ [ [ -86.767211, 36.111206 ], [ -86.767208, 36.111224 ], [ -86.767156, 36.111702 ], [ -86.767085, 36.112059 ], [ -86.767075, 36.112114 ], [ -86.767018, 36.112333 ], [ -86.766198, 36.112252 ], [ -86.763741, 36.112009 ], [ -86.762922, 36.111929 ], [ -86.76226, 36.11187 ], [ -86.762198, 36.111864 ], [ -86.761599, 36.11181 ], [ -86.760526, 36.111702 ], [ -86.76003, 36.111652 ], [ -86.759454, 36.111594 ], [ -86.759381, 36.111587 ], [ -86.759308, 36.111579 ], [ -86.759047, 36.11155 ], [ -86.758961, 36.111541 ], [ -86.758264, 36.111475 ], [ -86.758196, 36.111469 ], [ -86.758005, 36.111442 ], [ -86.757789, 36.111424 ], [ -86.757141, 36.111372 ], [ -86.757042, 36.111364 ], [ -86.756926, 36.11135 ], [ -86.756743, 36.111328 ], [ -86.756223, 36.111268 ], [ -86.756196, 36.111266 ], [ -86.756072, 36.111259 ], [ -86.756013, 36.111252 ], [ -86.755856, 36.111234 ], [ -86.755388, 36.111181 ], [ -86.755232, 36.111164 ], [ -86.755079, 36.111145 ], [ -86.754998, 36.111135 ], [ -86.75462, 36.111097 ], [ -86.754468, 36.111082 ], [ -86.754275, 36.111062 ], [ -86.754156, 36.111051 ], [ -86.753696, 36.111023 ], [ -86.753504, 36.111012 ], [ -86.753156, 36.111042 ], [ -86.752975, 36.111058 ], [ -86.752531, 36.111101 ], [ -86.752116, 36.111151 ], [ -86.75177, 36.111194 ], [ -86.75172, 36.1112 ], [ -86.751676, 36.111206 ], [ -86.751636, 36.111211 ], [ -86.751591, 36.111216 ], [ -86.751541, 36.111225 ], [ -86.751499, 36.111235 ], [ -86.751487, 36.111237 ], [ -86.751454, 36.111246 ], [ -86.751442, 36.111248 ], [ -86.75143, 36.111249 ], [ -86.751397, 36.111255 ], [ -86.751384, 36.111257 ], [ -86.751372, 36.111258 ], [ -86.751338, 36.111264 ], [ -86.751326, 36.111265 ], [ -86.751283, 36.111267 ], [ -86.75124, 36.111269 ], [ -86.751189, 36.111271 ], [ -86.751142, 36.111273 ], [ -86.751096, 36.111275 ], [ -86.751048, 36.111278 ], [ -86.751035, 36.111278 ], [ -86.751, 36.111281 ], [ -86.750988, 36.111282 ], [ -86.750945, 36.111285 ], [ -86.750933, 36.111285 ], [ -86.750901, 36.111287 ], [ -86.750888, 36.111289 ], [ -86.750829, 36.111293 ], [ -86.750736, 36.111287 ], [ -86.75048, 36.111272 ], [ -86.750282, 36.111259 ], [ -86.750131, 36.11125 ], [ -86.750045, 36.111244 ], [ -86.749959, 36.111239 ], [ -86.749882, 36.111234 ], [ -86.749423, 36.111206 ], [ -86.749135, 36.111188 ], [ -86.748887, 36.111173 ], [ -86.748581, 36.11115 ], [ -86.747666, 36.111081 ], [ -86.747361, 36.111059 ], [ -86.747249, 36.111053 ], [ -86.746913, 36.111035 ], [ -86.746801, 36.11103 ], [ -86.746621, 36.111016 ], [ -86.746446, 36.111004 ], [ -86.746091, 36.110978 ], [ -86.745998, 36.110972 ], [ -86.745905, 36.110967 ], [ -86.745767, 36.110962 ], [ -86.745355, 36.110947 ], [ -86.745218, 36.110942 ], [ -86.744767, 36.110912 ], [ -86.743414, 36.110822 ], [ -86.742963, 36.110793 ], [ -86.742751, 36.110769 ], [ -86.742415, 36.110732 ], [ -86.742117, 36.110699 ], [ -86.741906, 36.110676 ], [ -86.741671, 36.110652 ], [ -86.740966, 36.110583 ], [ -86.740732, 36.110561 ], [ -86.740249, 36.11051 ], [ -86.7388, 36.110358 ], [ -86.738317, 36.110308 ], [ -86.73807, 36.110285 ], [ -86.73733, 36.110218 ], [ -86.737084, 36.110196 ], [ -86.736851, 36.110172 ], [ -86.736154, 36.1101 ], [ -86.735922, 36.110077 ], [ -86.735658, 36.110048 ], [ -86.734868, 36.109961 ], [ -86.734605, 36.109933 ], [ -86.734389, 36.109912 ], [ -86.733741, 36.109852 ], [ -86.733628, 36.109841 ], [ -86.733525, 36.109832 ], [ -86.733252, 36.109806 ], [ -86.732433, 36.109731 ], [ -86.732161, 36.109707 ], [ -86.731946, 36.109708 ], [ -86.731303, 36.109712 ], [ -86.731089, 36.109714 ], [ -86.730898, 36.109716 ], [ -86.730679, 36.109719 ], [ -86.730325, 36.109723 ], [ -86.730135, 36.109712 ], [ -86.729845, 36.109693 ], [ -86.729714, 36.109682 ], [ -86.728815, 36.109607 ], [ -86.72846, 36.109533 ], [ -86.728047, 36.109449 ], [ -86.72779, 36.109449 ], [ -86.727632, 36.109449 ], [ -86.727026, 36.109364 ], [ -86.726907, 36.109348 ], [ -86.726773, 36.109326 ], [ -86.725382, 36.109093 ], [ -86.724967, 36.109049 ], [ -86.724561, 36.109034 ], [ -86.724159, 36.109065 ], [ -86.723791, 36.109152 ], [ -86.723316, 36.109266 ], [ -86.722348, 36.109547 ], [ -86.721858, 36.109698 ], [ -86.721702, 36.109747 ], [ -86.721628, 36.109636 ], [ -86.721567, 36.109545 ], [ -86.721511, 36.109463 ], [ -86.721444, 36.109364 ], [ -86.721403, 36.109305 ], [ -86.721321, 36.109184 ], [ -86.720977, 36.108727 ], [ -86.72087, 36.108585 ], [ -86.720679, 36.10835 ], [ -86.720482, 36.108085 ], [ -86.720313, 36.107887 ], [ -86.720152, 36.10771 ], [ -86.719963, 36.107516 ], [ -86.719876, 36.107418 ], [ -86.719799, 36.107332 ], [ -86.719686, 36.107197 ], [ -86.719489, 36.107 ], [ -86.719433, 36.106944 ], [ -86.718682, 36.106276 ], [ -86.718387, 36.106044 ], [ -86.718254, 36.105928 ], [ -86.71809, 36.105804 ], [ -86.718023, 36.10575 ], [ -86.717831, 36.105593 ], [ -86.717353, 36.105247 ], [ -86.716278, 36.104543 ], [ -86.715907, 36.104309 ], [ -86.715375, 36.103948 ], [ -86.715234, 36.103862 ], [ -86.714961, 36.103679 ], [ -86.714592, 36.103406 ], [ -86.714051, 36.102986 ], [ -86.713743, 36.102732 ], [ -86.713411, 36.102445 ], [ -86.713338, 36.102376 ], [ -86.71294, 36.102003 ], [ -86.712537, 36.101604 ], [ -86.71234, 36.101398 ], [ -86.712041, 36.10107 ], [ -86.711984, 36.101007 ], [ -86.712015, 36.100988 ], [ -86.712111, 36.100933 ], [ -86.712143, 36.100916 ], [ -86.71265, 36.100626 ], [ -86.712714, 36.10059 ], [ -86.713318, 36.100295 ], [ -86.713534, 36.10012 ], [ -86.713678, 36.099863 ], [ -86.713798, 36.099448 ], [ -86.713791, 36.098994 ], [ -86.713855, 36.098876 ], [ -86.714012, 36.098587 ], [ -86.714324, 36.098015 ], [ -86.714523, 36.097748 ], [ -86.71472, 36.097486 ], [ -86.714882, 36.097271 ], [ -86.715309, 36.096971 ], [ -86.715993, 36.09639 ], [ -86.716018, 36.096329 ], [ -86.716007, 36.096313 ], [ -86.716034, 36.096258 ], [ -86.716052, 36.096243 ], [ -86.716142, 36.096019 ], [ -86.716217, 36.095835 ], [ -86.716722, 36.095449 ], [ -86.717111, 36.094938 ], [ -86.717547, 36.094637 ], [ -86.717617, 36.094402 ], [ -86.717297, 36.093987 ], [ -86.717264, 36.093849 ], [ -86.717399, 36.093625 ], [ -86.717822, 36.093284 ], [ -86.717936, 36.093226 ], [ -86.71805, 36.093169 ], [ -86.718925, 36.091547 ], [ -86.719066, 36.091089 ], [ -86.719091, 36.091009 ], [ -86.719208, 36.090848 ], [ -86.719767, 36.090077 ], [ -86.720016, 36.089621 ], [ -86.72006, 36.089568 ], [ -86.72007, 36.089521 ], [ -86.720179, 36.089321 ], [ -86.720267, 36.089293 ], [ -86.7203, 36.089282 ], [ -86.720471, 36.089226 ], [ -86.720664, 36.08917 ], [ -86.720787, 36.089136 ], [ -86.720874, 36.089099 ], [ -86.721323, 36.088954 ], [ -86.721623, 36.088859 ], [ -86.722103, 36.088636 ], [ -86.722331, 36.088512 ], [ -86.722437, 36.088442 ], [ -86.722538, 36.088365 ], [ -86.722662, 36.088257 ], [ -86.722783, 36.088137 ], [ -86.723209, 36.087749 ], [ -86.723462, 36.087545 ], [ -86.723649, 36.087416 ], [ -86.723847, 36.087297 ], [ -86.723957, 36.087225 ], [ -86.723988, 36.087205 ], [ -86.724879, 36.086672 ], [ -86.725979, 36.086024 ], [ -86.726324, 36.085836 ], [ -86.726948, 36.085499 ], [ -86.727038, 36.08545 ], [ -86.727129, 36.085401 ], [ -86.727334, 36.085274 ], [ -86.727717, 36.085038 ], [ -86.727971, 36.08493 ], [ -86.728194, 36.084837 ], [ -86.728026, 36.084562 ], [ -86.727993, 36.084508 ], [ -86.727913, 36.084399 ], [ -86.727833, 36.084252 ], [ -86.727716, 36.084005 ], [ -86.727593, 36.083701 ], [ -86.727472, 36.083403 ], [ -86.727441, 36.083242 ], [ -86.727428, 36.083174 ], [ -86.727302, 36.082771 ], [ -86.727254, 36.082615 ], [ -86.727109, 36.082148 ], [ -86.72707, 36.082012 ], [ -86.726738, 36.080849 ], [ -86.726517, 36.080209 ], [ -86.726505, 36.080163 ], [ -86.726457, 36.080023 ], [ -86.726436, 36.07993 ], [ -86.726377, 36.07978 ], [ -86.726318, 36.079608 ], [ -86.72627, 36.079438 ], [ -86.726224, 36.079272 ], [ -86.726129, 36.078935 ], [ -86.726104, 36.078848 ], [ -86.726079, 36.078761 ], [ -86.725984, 36.078431 ], [ -86.725699, 36.077442 ], [ -86.725605, 36.077113 ], [ -86.725342, 36.077278 ], [ -86.725272, 36.077311 ], [ -86.724542, 36.077666 ], [ -86.724353, 36.077742 ], [ -86.724213, 36.077788 ], [ -86.724159, 36.077807 ], [ -86.72385, 36.077924 ], [ -86.723652, 36.077971 ], [ -86.723444, 36.078022 ], [ -86.723065, 36.078131 ], [ -86.723022, 36.078144 ], [ -86.722874, 36.078197 ], [ -86.722845, 36.078207 ], [ -86.722666, 36.078283 ], [ -86.722098, 36.078566 ], [ -86.721906, 36.078662 ], [ -86.721822, 36.078704 ], [ -86.721657, 36.07878 ], [ -86.721471, 36.078867 ], [ -86.721343, 36.07892 ], [ -86.721203, 36.07897 ], [ -86.721059, 36.079014 ], [ -86.720911, 36.079049 ], [ -86.72088, 36.079054 ], [ -86.72076, 36.079077 ], [ -86.720715, 36.079082 ], [ -86.720609, 36.079097 ], [ -86.720425, 36.079111 ], [ -86.720223, 36.079106 ], [ -86.719373, 36.079089 ], [ -86.719116, 36.079096 ], [ -86.719067, 36.0791 ], [ -86.718924, 36.079115 ], [ -86.718683, 36.079131 ], [ -86.71863, 36.078988 ], [ -86.718527, 36.078638 ], [ -86.718497, 36.078517 ], [ -86.718484, 36.078427 ], [ -86.718478, 36.078337 ], [ -86.718481, 36.078263 ], [ -86.718487, 36.078157 ], [ -86.718503, 36.078068 ], [ -86.718525, 36.07798 ], [ -86.718718, 36.07732 ], [ -86.718742, 36.077202 ], [ -86.718761, 36.076909 ], [ -86.718658, 36.076473 ], [ -86.718595, 36.076309 ], [ -86.718554, 36.07623 ], [ -86.718455, 36.076079 ], [ -86.718332, 36.07594 ], [ -86.71819, 36.075814 ], [ -86.718163, 36.075795 ], [ -86.718111, 36.075757 ], [ -86.717942, 36.075656 ], [ -86.717757, 36.075573 ], [ -86.717348, 36.075434 ], [ -86.717425, 36.075191 ], [ -86.71748, 36.075099 ], [ -86.717491, 36.075083 ], [ -86.717588, 36.074992 ], [ -86.717646, 36.074956 ], [ -86.7177, 36.074929 ], [ -86.717969, 36.074855 ], [ -86.718207, 36.074847 ], [ -86.718342, 36.074856 ], [ -86.718493, 36.074874 ], [ -86.71851, 36.074876 ], [ -86.718851, 36.074931 ], [ -86.719047, 36.074949 ], [ -86.719139, 36.074952 ], [ -86.719234, 36.074957 ], [ -86.719421, 36.074956 ], [ -86.71985, 36.074969 ], [ -86.71993, 36.074991 ], [ -86.720004, 36.074989 ], [ -86.720294, 36.074983 ], [ -86.720308, 36.074715 ], [ -86.720324, 36.074423 ], [ -86.720311, 36.074286 ], [ -86.720231, 36.073951 ], [ -86.720227, 36.073921 ], [ -86.72022, 36.073852 ], [ -86.720223, 36.073654 ], [ -86.720242, 36.073547 ], [ -86.720266, 36.073416 ], [ -86.720304, 36.073229 ], [ -86.720326, 36.073124 ], [ -86.720449, 36.072497 ], [ -86.720499, 36.072249 ], [ -86.720623, 36.07172 ], [ -86.720756, 36.071198 ], [ -86.720819, 36.070971 ], [ -86.720853, 36.070809 ], [ -86.720935, 36.07052 ], [ -86.720963, 36.070387 ], [ -86.720967, 36.070289 ], [ -86.720956, 36.070072 ], [ -86.721002, 36.069824 ], [ -86.721099, 36.069685 ], [ -86.720895, 36.069556 ], [ -86.72057, 36.06935 ], [ -86.720288, 36.069163 ], [ -86.720229, 36.069124 ], [ -86.720088, 36.069031 ], [ -86.719895, 36.068862 ], [ -86.719667, 36.068661 ], [ -86.719308, 36.068368 ], [ -86.71911, 36.068207 ], [ -86.718943, 36.068313 ], [ -86.718883, 36.068352 ], [ -86.71863, 36.068472 ], [ -86.718403, 36.068552 ], [ -86.718353, 36.06857 ], [ -86.718215, 36.068611 ], [ -86.717918, 36.0687 ], [ -86.717838, 36.068715 ], [ -86.717592, 36.068764 ], [ -86.717408, 36.06879 ], [ -86.717225, 36.068807 ], [ -86.716858, 36.068812 ], [ -86.716676, 36.0688 ], [ -86.716283, 36.068762 ], [ -86.715162, 36.068624 ], [ -86.714441, 36.068536 ], [ -86.712767, 36.068336 ], [ -86.712011, 36.068258 ], [ -86.711797, 36.068236 ], [ -86.711775, 36.068234 ], [ -86.711363, 36.068216 ], [ -86.710948, 36.068221 ], [ -86.710791, 36.068228 ], [ -86.710669, 36.068227 ], [ -86.71024, 36.068266 ], [ -86.709849, 36.068303 ], [ -86.709385, 36.06836 ], [ -86.708955, 36.068397 ], [ -86.708526, 36.068434 ], [ -86.708313, 36.06844 ], [ -86.708108, 36.068446 ], [ -86.707824, 36.068439 ], [ -86.707674, 36.068431 ], [ -86.707462, 36.068422 ], [ -86.707246, 36.068402 ], [ -86.706736, 36.068322 ], [ -86.706551, 36.068286 ], [ -86.706252, 36.068229 ], [ -86.706056, 36.068199 ], [ -86.705857, 36.068179 ], [ -86.705546, 36.06817 ], [ -86.705268, 36.068178 ], [ -86.704805, 36.068203 ], [ -86.70415, 36.068244 ], [ -86.70409, 36.068252 ], [ -86.70381, 36.068329 ], [ -86.703607, 36.068386 ], [ -86.703412, 36.068522 ], [ -86.703332, 36.068604 ], [ -86.703265, 36.068694 ], [ -86.703226, 36.068762 ], [ -86.703185, 36.068924 ], [ -86.703155, 36.068968 ], [ -86.70312, 36.069234 ], [ -86.703098, 36.069346 ], [ -86.703086, 36.069385 ], [ -86.703065, 36.069457 ], [ -86.703025, 36.069566 ], [ -86.702976, 36.069673 ], [ -86.702919, 36.069777 ], [ -86.702869, 36.069846 ], [ -86.70277, 36.069958 ], [ -86.702655, 36.07006 ], [ -86.702524, 36.070147 ], [ -86.702381, 36.070222 ], [ -86.702228, 36.070281 ], [ -86.702099, 36.070314 ], [ -86.702066, 36.070323 ], [ -86.701898, 36.07035 ], [ -86.701626, 36.070352 ], [ -86.701454, 36.07033 ], [ -86.701051, 36.070279 ], [ -86.700939, 36.070273 ], [ -86.700767, 36.070265 ], [ -86.700604, 36.07023 ], [ -86.700421, 36.070192 ], [ -86.700227, 36.070166 ], [ -86.70011, 36.070154 ], [ -86.699945, 36.070138 ], [ -86.699967, 36.070078 ], [ -86.700021, 36.069951 ], [ -86.700082, 36.069847 ], [ -86.700204, 36.069578 ], [ -86.700312, 36.069171 ], [ -86.700346, 36.068968 ], [ -86.700393, 36.068731 ], [ -86.700411, 36.068666 ], [ -86.700508, 36.06833 ], [ -86.700583, 36.068132 ], [ -86.700657, 36.068039 ], [ -86.700739, 36.067967 ], [ -86.701016, 36.06778 ], [ -86.70109, 36.067714 ], [ -86.701172, 36.067604 ], [ -86.701246, 36.067484 ], [ -86.701307, 36.067341 ], [ -86.701327, 36.067236 ], [ -86.701334, 36.067154 ], [ -86.701327, 36.067082 ], [ -86.701307, 36.067005 ], [ -86.701273, 36.066901 ], [ -86.701273, 36.066857 ], [ -86.701293, 36.06678 ], [ -86.701307, 36.066709 ], [ -86.701293, 36.066423 ], [ -86.701307, 36.066214 ], [ -86.701341, 36.066044 ], [ -86.701402, 36.065807 ], [ -86.701469, 36.065615 ], [ -86.701584, 36.06539 ], [ -86.701652, 36.06523 ], [ -86.701693, 36.065109 ], [ -86.701706, 36.064977 ], [ -86.701686, 36.064895 ], [ -86.701665, 36.064757 ], [ -86.701652, 36.064582 ], [ -86.701659, 36.064428 ], [ -86.701665, 36.064323 ], [ -86.701699, 36.064186 ], [ -86.701726, 36.064158 ], [ -86.70176, 36.064142 ], [ -86.701814, 36.064125 ], [ -86.701889, 36.064114 ], [ -86.701936, 36.064087 ], [ -86.701956, 36.064065 ], [ -86.70199, 36.063999 ], [ -86.702058, 36.063884 ], [ -86.702085, 36.063851 ], [ -86.702139, 36.063807 ], [ -86.702308, 36.063757 ], [ -86.702376, 36.063713 ], [ -86.702653, 36.063422 ], [ -86.702673, 36.063394 ], [ -86.702656, 36.063393 ], [ -86.702458, 36.063419 ], [ -86.702431, 36.063421 ], [ -86.702208, 36.063442 ], [ -86.701942, 36.06344 ], [ -86.701704, 36.06343 ], [ -86.701683, 36.06343 ], [ -86.701462, 36.063411 ], [ -86.701018, 36.063371 ], [ -86.699688, 36.063252 ], [ -86.699554, 36.063241 ], [ -86.699244, 36.063233 ], [ -86.698824, 36.063157 ], [ -86.698227, 36.063049 ], [ -86.697676, 36.062924 ], [ -86.697572, 36.062907 ], [ -86.69748, 36.062892 ], [ -86.697306, 36.062871 ], [ -86.697149, 36.062871 ], [ -86.697131, 36.062746 ], [ -86.697129, 36.06273 ], [ -86.697115, 36.062368 ], [ -86.697111, 36.062242 ], [ -86.697097, 36.061884 ], [ -86.697074, 36.06176 ], [ -86.697032, 36.061643 ], [ -86.696974, 36.061531 ], [ -86.696895, 36.061423 ], [ -86.6968, 36.061336 ], [ -86.696573, 36.061183 ], [ -86.696429, 36.061108 ], [ -86.696231, 36.061005 ], [ -86.696115, 36.060938 ], [ -86.695977, 36.060856 ], [ -86.695924, 36.060825 ], [ -86.695664, 36.060645 ], [ -86.695585, 36.060583 ], [ -86.69546, 36.060485 ], [ -86.695277, 36.060359 ], [ -86.69519, 36.060286 ], [ -86.695067, 36.060182 ], [ -86.69487, 36.059994 ], [ -86.694605, 36.059699 ], [ -86.69449, 36.059565 ], [ -86.694272, 36.059311 ], [ -86.694142, 36.059158 ], [ -86.694134, 36.059149 ], [ -86.69399, 36.058962 ], [ -86.693912, 36.058839 ], [ -86.693807, 36.05866 ], [ -86.693706, 36.058487 ], [ -86.693646, 36.058377 ], [ -86.693622, 36.058325 ], [ -86.693592, 36.058258 ], [ -86.693548, 36.058136 ], [ -86.693513, 36.058012 ], [ -86.693488, 36.057886 ], [ -86.693474, 36.057804 ], [ -86.693445, 36.057625 ], [ -86.693205, 36.056782 ], [ -86.693198, 36.056754 ], [ -86.693193, 36.056737 ], [ -86.693164, 36.05662 ], [ -86.693033, 36.05642 ], [ -86.692736, 36.056208 ], [ -86.692207, 36.056099 ], [ -86.691922, 36.056039 ], [ -86.691796, 36.055997 ], [ -86.691623, 36.055897 ], [ -86.691477, 36.055774 ], [ -86.691398, 36.05568 ], [ -86.691234, 36.055481 ], [ -86.690977, 36.05515 ], [ -86.690892, 36.05504 ], [ -86.690824, 36.05489 ], [ -86.690766, 36.054665 ], [ -86.690783, 36.054467 ], [ -86.690861, 36.05428 ], [ -86.690922, 36.054194 ], [ -86.690968, 36.054137 ], [ -86.691061, 36.054054 ], [ -86.69122, 36.053967 ], [ -86.691258, 36.053923 ], [ -86.690924, 36.053645 ], [ -86.690796, 36.053545 ], [ -86.690607, 36.05342 ], [ -86.690382, 36.053292 ], [ -86.690129, 36.053182 ], [ -86.68996, 36.053123 ], [ -86.689839, 36.05309 ], [ -86.689723, 36.053056 ], [ -86.68945, 36.052996 ], [ -86.689241, 36.052962 ], [ -86.689031, 36.05294 ], [ -86.688691, 36.052927 ], [ -86.688306, 36.052924 ], [ -86.688003, 36.052907 ], [ -86.687439, 36.05286 ], [ -86.686751, 36.052804 ], [ -86.686323, 36.052757 ], [ -86.68596, 36.05271 ], [ -86.685868, 36.0527 ], [ -86.685592, 36.052672 ], [ -86.6855, 36.052663 ], [ -86.685291, 36.05263 ], [ -86.684664, 36.052534 ], [ -86.684455, 36.052502 ], [ -86.684318, 36.052478 ], [ -86.683908, 36.052406 ], [ -86.683772, 36.052383 ], [ -86.683607, 36.052353 ], [ -86.683543, 36.052339 ], [ -86.683257, 36.052278 ], [ -86.683056, 36.052249 ], [ -86.682853, 36.05223 ], [ -86.682623, 36.052222 ], [ -86.682446, 36.052223 ], [ -86.68212, 36.052248 ], [ -86.68108, 36.052371 ], [ -86.681028, 36.052378 ], [ -86.680517, 36.052454 ], [ -86.679757, 36.052593 ], [ -86.678629, 36.052785 ], [ -86.678281, 36.05286 ], [ -86.677815, 36.05294 ], [ -86.677342, 36.052995 ], [ -86.676787, 36.053033 ], [ -86.676503, 36.053037 ], [ -86.676273, 36.053031 ], [ -86.676026, 36.053025 ], [ -86.675551, 36.052988 ], [ -86.67508, 36.052927 ], [ -86.674681, 36.05286 ], [ -86.674771, 36.052378 ], [ -86.674778, 36.052319 ], [ -86.674847, 36.052332 ], [ -86.674938, 36.052343 ], [ -86.675057, 36.052358 ], [ -86.675238, 36.052385 ], [ -86.675463, 36.052424 ], [ -86.675578, 36.052444 ], [ -86.67568, 36.052464 ], [ -86.675771, 36.052475 ], [ -86.676039, 36.052361 ], [ -86.67608, 36.052287 ], [ -86.676119, 36.052207 ], [ -86.676156, 36.05212 ], [ -86.676194, 36.052036 ], [ -86.676232, 36.051958 ], [ -86.676262, 36.051885 ], [ -86.676291, 36.051809 ], [ -86.676313, 36.051725 ], [ -86.67634, 36.051646 ], [ -86.676363, 36.051571 ], [ -86.676384, 36.051497 ], [ -86.676405, 36.051425 ], [ -86.676422, 36.051348 ], [ -86.676442, 36.051266 ], [ -86.676465, 36.051177 ], [ -86.676491, 36.051088 ], [ -86.676445, 36.051083 ], [ -86.676372, 36.051086 ], [ -86.676337, 36.051053 ], [ -86.676301, 36.051019 ], [ -86.67627, 36.050968 ], [ -86.676242, 36.050904 ], [ -86.676209, 36.050851 ], [ -86.676147, 36.050753 ], [ -86.676122, 36.05071 ], [ -86.676089, 36.050648 ], [ -86.676059, 36.050608 ], [ -86.675733, 36.050726 ], [ -86.675647, 36.05063 ], [ -86.675521, 36.05054 ], [ -86.675332, 36.050433 ], [ -86.675115, 36.050398 ], [ -86.674985, 36.050413 ], [ -86.674857, 36.050456 ], [ -86.674652, 36.050582 ], [ -86.674598, 36.050541 ], [ -86.674561, 36.050513 ], [ -86.674464, 36.050394 ], [ -86.674423, 36.050343 ], [ -86.674396, 36.050211 ], [ -86.6744, 36.050086 ], [ -86.674417, 36.049636 ], [ -86.674406, 36.049521 ], [ -86.674279, 36.049428 ], [ -86.674226, 36.049417 ], [ -86.674116, 36.049395 ], [ -86.67397, 36.049403 ], [ -86.673925, 36.049682 ], [ -86.673865, 36.050061 ], [ -86.673911, 36.050523 ], [ -86.673939, 36.050805 ], [ -86.673796, 36.050797 ], [ -86.673367, 36.050775 ], [ -86.673225, 36.050768 ], [ -86.673149, 36.049958 ], [ -86.673166, 36.049721 ], [ -86.673211, 36.049122 ], [ -86.673285, 36.048575 ], [ -86.673369, 36.048083 ], [ -86.673456, 36.04774 ], [ -86.673546, 36.047454 ], [ -86.673834, 36.046803 ], [ -86.673892, 36.046684 ], [ -86.674132, 36.046193 ], [ -86.67435, 36.045739 ], [ -86.673816, 36.04562 ], [ -86.672214, 36.045263 ], [ -86.671799, 36.045171 ], [ -86.67168, 36.045145 ], [ -86.671591, 36.045125 ], [ -86.67143, 36.045089 ], [ -86.67068, 36.044922 ], [ -86.670431, 36.044867 ], [ -86.670512, 36.044499 ], [ -86.670605, 36.044071 ], [ -86.670602, 36.044016 ], [ -86.670568, 36.043756 ], [ -86.670591, 36.043638 ], [ -86.670584, 36.043452 ], [ -86.670604, 36.043312 ], [ -86.67063, 36.04317 ], [ -86.670664, 36.043045 ], [ -86.670688, 36.043003 ], [ -86.670762, 36.042881 ], [ -86.670787, 36.04284 ], [ -86.670875, 36.042706 ], [ -86.670945, 36.042602 ], [ -86.671012, 36.042536 ], [ -86.671213, 36.042369 ], [ -86.671337, 36.042267 ], [ -86.671224, 36.042168 ], [ -86.670888, 36.041871 ], [ -86.670776, 36.041773 ], [ -86.670698, 36.0417 ], [ -86.670649, 36.041647 ], [ -86.670567, 36.041533 ], [ -86.670533, 36.041473 ], [ -86.670466, 36.041302 ], [ -86.670449, 36.041222 ], [ -86.670432, 36.041036 ], [ -86.670429, 36.04083 ], [ -86.670516, 36.040387 ], [ -86.670625, 36.040102 ], [ -86.670741, 36.039917 ], [ -86.671088, 36.039547 ], [ -86.671277, 36.039337 ], [ -86.671416, 36.039259 ], [ -86.671626, 36.03917 ], [ -86.671732, 36.039147 ], [ -86.671832, 36.039133 ], [ -86.671949, 36.039133 ], [ -86.672059, 36.039142 ], [ -86.672165, 36.039164 ], [ -86.672451, 36.039232 ], [ -86.672656, 36.039281 ], [ -86.672686, 36.03921 ], [ -86.672709, 36.039089 ], [ -86.672712, 36.038993 ], [ -86.672714, 36.038967 ], [ -86.672699, 36.038846 ], [ -86.671334, 36.038336 ], [ -86.671206, 36.038288 ], [ -86.67052, 36.038071 ], [ -86.667102, 36.036991 ], [ -86.663538, 36.035865 ], [ -86.662824, 36.035648 ], [ -86.662742, 36.035709 ], [ -86.659121, 36.038407 ], [ -86.65872, 36.038706 ], [ -86.658832, 36.038806 ], [ -86.658845, 36.038817 ], [ -86.658937, 36.038889 ], [ -86.658979, 36.038922 ], [ -86.659092, 36.038999 ], [ -86.659125, 36.039021 ], [ -86.659259, 36.039101 ], [ -86.659324, 36.03914 ], [ -86.659349, 36.039153 ], [ -86.65944, 36.0392 ], [ -86.65956, 36.039272 ], [ -86.659668, 36.039356 ], [ -86.659791, 36.039452 ], [ -86.659934, 36.039602 ], [ -86.659957, 36.039635 ], [ -86.660052, 36.039768 ], [ -86.66009, 36.039858 ], [ -86.660231, 36.040194 ], [ -86.660514, 36.04087 ], [ -86.66059, 36.041014 ], [ -86.660675, 36.041154 ], [ -86.660697, 36.041183 ], [ -86.660879, 36.041421 ], [ -86.660924, 36.041469 ], [ -86.660983, 36.041524 ], [ -86.661042, 36.04158 ], [ -86.661087, 36.041613 ], [ -86.661101, 36.041623 ], [ -86.661129, 36.041649 ], [ -86.661448, 36.042058 ], [ -86.661552, 36.042234 ], [ -86.661637, 36.042453 ], [ -86.661643, 36.042635 ], [ -86.66164, 36.043475 ], [ -86.661622, 36.043651 ], [ -86.66157, 36.044179 ], [ -86.661553, 36.044356 ], [ -86.661548, 36.044439 ], [ -86.661533, 36.044692 ], [ -86.661528, 36.044776 ], [ -86.660879, 36.044771 ], [ -86.660727, 36.04477 ], [ -86.659747, 36.044942 ], [ -86.659688, 36.044974 ], [ -86.65952, 36.045026 ], [ -86.659398, 36.045073 ], [ -86.659298, 36.045112 ], [ -86.6591, 36.045221 ], [ -86.658949, 36.045303 ], [ -86.658846, 36.045366 ], [ -86.656637, 36.044084 ], [ -86.656569, 36.044045 ], [ -86.654615, 36.042921 ], [ -86.652273, 36.041575 ], [ -86.650803, 36.04074 ], [ -86.649551, 36.040029 ], [ -86.649225, 36.039805 ], [ -86.649184, 36.039775 ], [ -86.649141, 36.039747 ], [ -86.649095, 36.039716 ], [ -86.64904, 36.040169 ], [ -86.649005, 36.040634 ], [ -86.649001, 36.040854 ], [ -86.649019, 36.041047 ], [ -86.649062, 36.041238 ], [ -86.649094, 36.041373 ], [ -86.649144, 36.041536 ], [ -86.649293, 36.041928 ], [ -86.649269, 36.041922 ], [ -86.649175, 36.041927 ], [ -86.649107, 36.041949 ], [ -86.64906, 36.041999 ], [ -86.648992, 36.042048 ], [ -86.648931, 36.042076 ], [ -86.648829, 36.042098 ], [ -86.648769, 36.042098 ], [ -86.648735, 36.042087 ], [ -86.648694, 36.042054 ], [ -86.64864, 36.041971 ], [ -86.648572, 36.04185 ], [ -86.648518, 36.041795 ], [ -86.648464, 36.041768 ], [ -86.648403, 36.041746 ], [ -86.648288, 36.041713 ], [ -86.647997, 36.041608 ], [ -86.647909, 36.041581 ], [ -86.647483, 36.041581 ], [ -86.647395, 36.041592 ], [ -86.647158, 36.041707 ], [ -86.647016, 36.041751 ], [ -86.646948, 36.041762 ], [ -86.646894, 36.041756 ], [ -86.646826, 36.041734 ], [ -86.64652, 36.041588 ], [ -86.646346, 36.040959 ], [ -86.646161, 36.040594 ], [ -86.646099, 36.040472 ], [ -86.645614, 36.039602 ], [ -86.645046, 36.038912 ], [ -86.64417, 36.038155 ], [ -86.64416, 36.038147 ], [ -86.643269, 36.037595 ], [ -86.641773, 36.036641 ], [ -86.64134, 36.036376 ], [ -86.640642, 36.035948 ], [ -86.639563, 36.0356 ], [ -86.638366, 36.035453 ], [ -86.638218, 36.035913 ], [ -86.637997, 36.036598 ], [ -86.637443, 36.037283 ], [ -86.637342, 36.03738 ], [ -86.637201, 36.037505 ], [ -86.636974, 36.037673 ], [ -86.636855, 36.037752 ], [ -86.636608, 36.037899 ], [ -86.636446, 36.037984 ], [ -86.635929, 36.038193 ], [ -86.635847, 36.038226 ], [ -86.635721, 36.038282 ], [ -86.635477, 36.038406 ], [ -86.635246, 36.038544 ], [ -86.635095, 36.038647 ], [ -86.634791, 36.038915 ], [ -86.634296, 36.039424 ], [ -86.633262, 36.040471 ], [ -86.632996, 36.040382 ], [ -86.632401, 36.040176 ], [ -86.631651, 36.039917 ], [ -86.631108, 36.03973 ], [ -86.630637, 36.039522 ], [ -86.630242, 36.039292 ], [ -86.629211, 36.038559 ], [ -86.628721, 36.038212 ], [ -86.627294, 36.03729 ], [ -86.625864, 36.036366 ], [ -86.625628, 36.036208 ], [ -86.625219, 36.035935 ], [ -86.624921, 36.035735 ], [ -86.624686, 36.035577 ], [ -86.622786, 36.034308 ], [ -86.622255, 36.033953 ], [ -86.621727, 36.0336 ], [ -86.619711, 36.032256 ], [ -86.617086, 36.030504 ], [ -86.616186, 36.029903 ], [ -86.615187, 36.029236 ], [ -86.614967, 36.029086 ], [ -86.614727, 36.028923 ], [ -86.614308, 36.028638 ], [ -86.614089, 36.028489 ], [ -86.613983, 36.028599 ], [ -86.613773, 36.028805 ], [ -86.61354, 36.029035 ], [ -86.613374, 36.029193 ], [ -86.613166, 36.029416 ], [ -86.612975, 36.029648 ], [ -86.612871, 36.029792 ], [ -86.612803, 36.029889 ], [ -86.612724, 36.030014 ], [ -86.612653, 36.03018 ], [ -86.612514, 36.030418 ], [ -86.612421, 36.030644 ], [ -86.6124, 36.030696 ], [ -86.612307, 36.030978 ], [ -86.612234, 36.031265 ], [ -86.612183, 36.031555 ], [ -86.612089, 36.031946 ], [ -86.612041, 36.032155 ], [ -86.611925, 36.032663 ], [ -86.611286, 36.035422 ], [ -86.611189, 36.035856 ], [ -86.611181, 36.035896 ], [ -86.611171, 36.035942 ], [ -86.610757, 36.037671 ], [ -86.610478, 36.038841 ], [ -86.610414, 36.039165 ], [ -86.610156, 36.040076 ], [ -86.610053, 36.040294 ], [ -86.609842, 36.04063 ], [ -86.609718, 36.040789 ], [ -86.609433, 36.041087 ], [ -86.609064, 36.041399 ], [ -86.608841, 36.041547 ], [ -86.608099, 36.04197 ], [ -86.607108, 36.042536 ], [ -86.606556, 36.042855 ], [ -86.606105, 36.043154 ], [ -86.604856, 36.043836 ], [ -86.603882, 36.044369 ], [ -86.602627, 36.045081 ], [ -86.601859, 36.045506 ], [ -86.601073, 36.046102 ], [ -86.600652, 36.046697 ], [ -86.600382, 36.04739 ], [ -86.600378, 36.047402 ], [ -86.600001, 36.049317 ], [ -86.598598, 36.049152 ], [ -86.597574, 36.049032 ], [ -86.597151, 36.048979 ], [ -86.596232, 36.048827 ], [ -86.595278, 36.048644 ], [ -86.594415, 36.048486 ], [ -86.59418, 36.048444 ], [ -86.593685, 36.048328 ], [ -86.593046, 36.048146 ], [ -86.592811, 36.048072 ], [ -86.592107, 36.047851 ], [ -86.591873, 36.047778 ], [ -86.59152, 36.047667 ], [ -86.590522, 36.047355 ], [ -86.59046, 36.047337 ], [ -86.590059, 36.047225 ], [ -86.589987, 36.047199 ], [ -86.589615, 36.047139 ], [ -86.589126, 36.04708 ], [ -86.588267, 36.04697 ], [ -86.585984, 36.046712 ], [ -86.585922, 36.046705 ], [ -86.583443, 36.046434 ], [ -86.583046, 36.046387 ], [ -86.582505, 36.046302 ], [ -86.582555, 36.046246 ], [ -86.582705, 36.04608 ], [ -86.582756, 36.046025 ], [ -86.583106, 36.045611 ], [ -86.583568, 36.045067 ], [ -86.584166, 36.044376 ], [ -86.584521, 36.043966 ], [ -86.584623, 36.043832 ], [ -86.584688, 36.043757 ], [ -86.584894, 36.043492 ], [ -86.585039, 36.043288 ], [ -86.585065, 36.043251 ], [ -86.585203, 36.042973 ], [ -86.585263, 36.042773 ], [ -86.585465, 36.041961 ], [ -86.585609, 36.041307 ], [ -86.585919, 36.040053 ], [ -86.586075, 36.039489 ], [ -86.586078, 36.039479 ], [ -86.586201, 36.038963 ], [ -86.586323, 36.038315 ], [ -86.586337, 36.03813 ], [ -86.586381, 36.037578 ], [ -86.586396, 36.037395 ], [ -86.586416, 36.037235 ], [ -86.58648, 36.036757 ], [ -86.586501, 36.036598 ], [ -86.58652, 36.036461 ], [ -86.58658, 36.036052 ], [ -86.5866, 36.035916 ], [ -86.586634, 36.035691 ], [ -86.586729, 36.035069 ], [ -86.586736, 36.035016 ], [ -86.586767, 36.034791 ], [ -86.586852, 36.034176 ], [ -86.586867, 36.03407 ], [ -86.586963, 36.033706 ], [ -86.587059, 36.033436 ], [ -86.587081, 36.03338 ], [ -86.587101, 36.033338 ], [ -86.587217, 36.033079 ], [ -86.58725, 36.03301 ], [ -86.587386, 36.03275 ], [ -86.58762, 36.03239 ], [ -86.587694, 36.032285 ], [ -86.58778, 36.032162 ], [ -86.588264, 36.031478 ], [ -86.588426, 36.031251 ], [ -86.588469, 36.031194 ], [ -86.588538, 36.031092 ], [ -86.58887, 36.030612 ], [ -86.588981, 36.030453 ], [ -86.589279, 36.030033 ], [ -86.590175, 36.028774 ], [ -86.590474, 36.028355 ], [ -86.590055, 36.027966 ], [ -86.589757, 36.027689 ], [ -86.588801, 36.0268 ], [ -86.588699, 36.026705 ], [ -86.58836, 36.026439 ], [ -86.588146, 36.02627 ], [ -86.58751, 36.025768 ], [ -86.587349, 36.025642 ], [ -86.5873, 36.025604 ], [ -86.587475, 36.025558 ], [ -86.587499, 36.025548 ], [ -86.587553, 36.025529 ], [ -86.587871, 36.025409 ], [ -86.58826, 36.025143 ], [ -86.588485, 36.02501 ], [ -86.588655, 36.024854 ], [ -86.588976, 36.024605 ], [ -86.589407, 36.024528 ], [ -86.589652, 36.024461 ], [ -86.590185, 36.024067 ], [ -86.590335, 36.024029 ], [ -86.590997, 36.024189 ], [ -86.591263, 36.024206 ], [ -86.591618, 36.024129 ], [ -86.591877, 36.023945 ], [ -86.591986, 36.023774 ], [ -86.592034, 36.023541 ], [ -86.592, 36.023292 ], [ -86.591891, 36.023103 ], [ -86.591652, 36.022892 ], [ -86.591529, 36.022599 ], [ -86.591604, 36.022277 ], [ -86.591761, 36.022055 ], [ -86.592027, 36.021884 ], [ -86.592052, 36.021866 ], [ -86.592184, 36.021772 ], [ -86.592534, 36.021515 ], [ -86.59282, 36.021356 ], [ -86.59299, 36.021242 ], [ -86.593147, 36.021114 ], [ -86.593346, 36.020925 ], [ -86.593652, 36.020669 ], [ -86.593704, 36.020633 ], [ -86.593761, 36.020579 ], [ -86.593831, 36.020535 ], [ -86.593944, 36.020452 ], [ -86.594119, 36.020261 ], [ -86.594291, 36.020104 ], [ -86.594333, 36.020072 ], [ -86.594541, 36.019819 ], [ -86.594983, 36.019316 ], [ -86.595454, 36.018596 ], [ -86.595927, 36.017805 ], [ -86.596577, 36.016947 ], [ -86.596922, 36.016467 ], [ -86.597685, 36.015292 ], [ -86.597931, 36.014869 ], [ -86.598051, 36.014735 ], [ -86.598504, 36.014174 ], [ -86.598618, 36.014022 ], [ -86.598645, 36.013984 ], [ -86.59873, 36.01387 ], [ -86.598759, 36.013833 ], [ -86.598788, 36.013793 ], [ -86.598869, 36.013685 ], [ -86.598875, 36.013676 ], [ -86.598906, 36.013638 ], [ -86.598935, 36.0136 ], [ -86.599023, 36.01349 ], [ -86.599053, 36.013453 ], [ -86.599282, 36.013163 ], [ -86.599931, 36.01247 ], [ -86.600134, 36.012283 ], [ -86.600316, 36.012151 ], [ -86.600742, 36.011876 ], [ -86.60129, 36.011612 ], [ -86.6015, 36.011552 ], [ -86.601549, 36.011541 ], [ -86.601608, 36.011519 ], [ -86.601731, 36.011452 ], [ -86.601853, 36.011404 ], [ -86.601888, 36.011397 ], [ -86.602379, 36.01115 ], [ -86.602491, 36.011125 ], [ -86.602738, 36.011095 ], [ -86.602956, 36.011042 ], [ -86.603367, 36.010923 ], [ -86.603543, 36.01088 ], [ -86.603733, 36.010849 ], [ -86.603853, 36.010811 ], [ -86.603944, 36.01083 ], [ -86.604028, 36.010843 ], [ -86.604162, 36.010845 ], [ -86.604324, 36.010824 ], [ -86.604494, 36.010781 ], [ -86.604675, 36.010682 ], [ -86.60478, 36.010622 ], [ -86.604997, 36.010583 ], [ -86.605247, 36.010539 ], [ -86.605375, 36.01049 ], [ -86.605504, 36.010413 ], [ -86.605693, 36.010253 ], [ -86.605822, 36.010187 ], [ -86.605876, 36.010193 ], [ -86.60595, 36.01022 ], [ -86.606058, 36.010286 ], [ -86.60618, 36.010385 ], [ -86.60641, 36.010511 ], [ -86.606613, 36.010643 ], [ -86.606776, 36.010682 ], [ -86.606891, 36.010682 ], [ -86.606952, 36.010654 ], [ -86.607141, 36.010517 ], [ -86.607249, 36.010401 ], [ -86.607384, 36.010357 ], [ -86.607607, 36.010407 ], [ -86.607695, 36.010407 ], [ -86.607912, 36.010264 ], [ -86.607979, 36.010258 ], [ -86.608034, 36.01028 ], [ -86.608169, 36.010423 ], [ -86.608237, 36.010461 ], [ -86.608338, 36.010472 ], [ -86.608432, 36.010472 ], [ -86.608489, 36.010471 ], [ -86.608543, 36.010466 ], [ -86.60866, 36.010454 ], [ -86.608972, 36.010401 ], [ -86.609243, 36.010332 ], [ -86.60957, 36.010279 ], [ -86.609848, 36.010278 ], [ -86.610007, 36.010288 ], [ -86.610439, 36.010343 ], [ -86.610543, 36.010342 ], [ -86.610578, 36.01032 ], [ -86.610626, 36.010274 ], [ -86.610716, 36.010217 ], [ -86.610786, 36.010206 ], [ -86.611071, 36.010266 ], [ -86.611224, 36.010271 ], [ -86.611328, 36.010259 ], [ -86.611703, 36.010116 ], [ -86.611849, 36.010081 ], [ -86.612335, 36.009994 ], [ -86.612691, 36.007523 ], [ -86.612719, 36.007355 ], [ -86.612734, 36.007273 ], [ -86.614744, 36.009028 ], [ -86.615027, 36.008815 ], [ -86.615203, 36.0087 ], [ -86.615345, 36.008645 ], [ -86.615913, 36.00854 ], [ -86.616129, 36.008534 ], [ -86.616305, 36.008479 ], [ -86.616576, 36.008292 ], [ -86.616731, 36.008155 ], [ -86.616833, 36.008017 ], [ -86.616995, 36.007847 ], [ -86.61715, 36.007605 ], [ -86.617306, 36.007435 ], [ -86.617441, 36.007231 ], [ -86.617508, 36.007083 ], [ -86.617556, 36.006918 ], [ -86.617637, 36.006533 ], [ -86.617684, 36.006176 ], [ -86.617738, 36.005868 ], [ -86.617704, 36.005703 ], [ -86.61771, 36.005643 ], [ -86.617737, 36.005604 ], [ -86.617798, 36.005549 ], [ -86.617879, 36.005494 ], [ -86.617947, 36.005401 ], [ -86.618062, 36.005099 ], [ -86.618406, 36.004351 ], [ -86.618602, 36.003796 ], [ -86.618737, 36.003526 ], [ -86.618865, 36.003169 ], [ -86.618906, 36.003103 ], [ -86.619, 36.002988 ], [ -86.619095, 36.002911 ], [ -86.619203, 36.00285 ], [ -86.619426, 36.002779 ], [ -86.619683, 36.00268 ], [ -86.619702, 36.002678 ], [ -86.619659, 36.003333 ], [ -86.619639, 36.003681 ], [ -86.619572, 36.004875 ], [ -86.619566, 36.005184 ], [ -86.619624, 36.005376 ], [ -86.619703, 36.005499 ], [ -86.619831, 36.00562 ], [ -86.619961, 36.005715 ], [ -86.620104, 36.005786 ], [ -86.620287, 36.005825 ], [ -86.620308, 36.005829 ], [ -86.620409, 36.005847 ], [ -86.620573, 36.005855 ], [ -86.620731, 36.005862 ], [ -86.620766, 36.005863 ], [ -86.620787, 36.005865 ], [ -86.621772, 36.005896 ], [ -86.621773, 36.005701 ], [ -86.621776, 36.005326 ], [ -86.621799, 36.005118 ], [ -86.621821, 36.004925 ], [ -86.621931, 36.004913 ], [ -86.622818, 36.004927 ], [ -86.623733, 36.004943 ], [ -86.624673, 36.004951 ], [ -86.624858, 36.004947 ], [ -86.625079, 36.004901 ], [ -86.625748, 36.004614 ], [ -86.625821, 36.004583 ], [ -86.626167, 36.004442 ], [ -86.626317, 36.004377 ], [ -86.626671, 36.004234 ], [ -86.627655, 36.004168 ], [ -86.627928, 36.004109 ], [ -86.628523, 36.003936 ], [ -86.628693, 36.003882 ], [ -86.628763, 36.003861 ], [ -86.628837, 36.003829 ], [ -86.629098, 36.003674 ], [ -86.629285, 36.003527 ], [ -86.629589, 36.003294 ], [ -86.630136, 36.002878 ], [ -86.630633, 36.002506 ], [ -86.630723, 36.002444 ], [ -86.630884, 36.002335 ], [ -86.631114, 36.00219 ], [ -86.631737, 36.001818 ], [ -86.631942, 36.001706 ], [ -86.632097, 36.001626 ], [ -86.632218, 36.001564 ], [ -86.633333, 36.001028 ], [ -86.633558, 36.000907 ], [ -86.633961, 36.000671 ], [ -86.63402, 36.000637 ], [ -86.634421, 36.000369 ], [ -86.634784, 36.000211 ], [ -86.635203, 36.000161 ], [ -86.635605, 36.000193 ], [ -86.635893, 36.000241 ], [ -86.636309, 36.000809 ], [ -86.63706, 36.001774 ], [ -86.639266, 36.004634 ], [ -86.639593, 36.005047 ], [ -86.639859, 36.005367 ], [ -86.640249, 36.005931 ], [ -86.640258, 36.006044 ], [ -86.640226, 36.006614 ], [ -86.640152, 36.007953 ], [ -86.64006, 36.008821 ], [ -86.639726, 36.010991 ], [ -86.639715, 36.01113 ], [ -86.639693, 36.011218 ], [ -86.639694, 36.011511 ], [ -86.639765, 36.01179 ], [ -86.640072, 36.0126 ], [ -86.640121, 36.012762 ], [ -86.640216, 36.013009 ], [ -86.640484, 36.013442 ], [ -86.640642, 36.013547 ], [ -86.641016, 36.013693 ], [ -86.641304, 36.013953 ], [ -86.641508, 36.014238 ], [ -86.64181, 36.014597 ], [ -86.641843, 36.015018 ], [ -86.641827, 36.015105 ], [ -86.641821, 36.015149 ], [ -86.645601, 36.017759 ], [ -86.651064, 36.013859 ], [ -86.655332, 36.011761 ], [ -86.658345, 36.010183 ], [ -86.661914, 36.00839 ], [ -86.664861, 36.007595 ], [ -86.665138, 36.007632 ], [ -86.66549, 36.0077 ], [ -86.665672, 36.007771 ], [ -86.665759, 36.007826 ], [ -86.665885, 36.007943 ], [ -86.665914, 36.008024 ], [ -86.665923, 36.008158 ], [ -86.665902, 36.008355 ], [ -86.665862, 36.008532 ], [ -86.665792, 36.008853 ], [ -86.665655, 36.009414 ], [ -86.6655, 36.010159 ], [ -86.665485, 36.010293 ], [ -86.665462, 36.0105 ], [ -86.665439, 36.010892 ], [ -86.665405, 36.011128 ], [ -86.665295, 36.011785 ], [ -86.665238, 36.012165 ], [ -86.665164, 36.012718 ], [ -86.665159, 36.01329 ], [ -86.665165, 36.013491 ], [ -86.665168, 36.013575 ], [ -86.665143, 36.013867 ], [ -86.66511, 36.014091 ], [ -86.664846, 36.014907 ], [ -86.664791, 36.01515 ], [ -86.664699, 36.015565 ], [ -86.664539, 36.016578 ], [ -86.664481, 36.016924 ], [ -86.664356, 36.017665 ], [ -86.664354, 36.017877 ], [ -86.664381, 36.018165 ], [ -86.664425, 36.018355 ], [ -86.664531, 36.018627 ], [ -86.664896, 36.019373 ], [ -86.665044, 36.019761 ], [ -86.665092, 36.020312 ], [ -86.664954, 36.021109 ], [ -86.664944, 36.021172 ], [ -86.664808, 36.022071 ], [ -86.66474, 36.02249 ], [ -86.664677, 36.022875 ], [ -86.664628, 36.023208 ], [ -86.664556, 36.023699 ], [ -86.664526, 36.023899 ], [ -86.664512, 36.024004 ], [ -86.664492, 36.024171 ], [ -86.664533, 36.02459 ], [ -86.664575, 36.024752 ], [ -86.664637, 36.024907 ], [ -86.664753, 36.025193 ], [ -86.665189, 36.025991 ], [ -86.665404, 36.026383 ], [ -86.665428, 36.026428 ], [ -86.665534, 36.026656 ], [ -86.665574, 36.026764 ], [ -86.66591, 36.027958 ], [ -86.666019, 36.02815 ], [ -86.666213, 36.028322 ], [ -86.666348, 36.028374 ], [ -86.666427, 36.028405 ], [ -86.666699, 36.028439 ], [ -86.666742, 36.028444 ], [ -86.66693, 36.028458 ], [ -86.667168, 36.028476 ], [ -86.667249, 36.028482 ], [ -86.66732, 36.028487 ], [ -86.667507, 36.028501 ], [ -86.669029, 36.028615 ], [ -86.671514, 36.028493 ], [ -86.672709, 36.028307 ], [ -86.673156, 36.028136 ], [ -86.673489, 36.028043 ], [ -86.673829, 36.027973 ], [ -86.674292, 36.027912 ], [ -86.674487, 36.027898 ], [ -86.674722, 36.027888 ], [ -86.67494, 36.027887 ], [ -86.675285, 36.027904 ], [ -86.677329, 36.028122 ], [ -86.677556, 36.02814 ], [ -86.677732, 36.028149 ], [ -86.678064, 36.028146 ], [ -86.678284, 36.028177 ], [ -86.678582, 36.028132 ], [ -86.67893, 36.028055 ], [ -86.679282, 36.027942 ], [ -86.679687, 36.027724 ], [ -86.680051, 36.027515 ], [ -86.680327, 36.02732 ], [ -86.680828, 36.026907 ], [ -86.680582, 36.026572 ], [ -86.68046, 36.026398 ], [ -86.680421, 36.026342 ], [ -86.680317, 36.026141 ], [ -86.680267, 36.026013 ], [ -86.680217, 36.025858 ], [ -86.68018, 36.025707 ], [ -86.680166, 36.025588 ], [ -86.68016, 36.025351 ], [ -86.680172, 36.025252 ], [ -86.680215, 36.025026 ], [ -86.680278, 36.024583 ], [ -86.680314, 36.024331 ], [ -86.680367, 36.023962 ], [ -86.680397, 36.023755 ], [ -86.680405, 36.023695 ], [ -86.680515, 36.022896 ], [ -86.68053, 36.022791 ], [ -86.680564, 36.022632 ], [ -86.680621, 36.022257 ], [ -86.680664, 36.021982 ], [ -86.680733, 36.021472 ], [ -86.680786, 36.021133 ], [ -86.680835, 36.02083 ], [ -86.680847, 36.02076 ], [ -86.68096, 36.020775 ], [ -86.681671, 36.021059 ], [ -86.682464, 36.021655 ], [ -86.682762, 36.021879 ], [ -86.683334, 36.022055 ], [ -86.683923, 36.022044 ], [ -86.68404, 36.022043 ], [ -86.684258, 36.022008 ], [ -86.684431, 36.021897 ], [ -86.685418, 36.021004 ], [ -86.686147, 36.020619 ], [ -86.686534, 36.020416 ], [ -86.687385, 36.020069 ], [ -86.68744, 36.020047 ], [ -86.687613, 36.019939 ], [ -86.687629, 36.019766 ], [ -86.687551, 36.019457 ], [ -86.687145, 36.018417 ], [ -86.68691, 36.018041 ], [ -86.686771, 36.017862 ], [ -86.686604, 36.017645 ], [ -86.686318, 36.017359 ], [ -86.686158, 36.0172 ], [ -86.685959, 36.017002 ], [ -86.685323, 36.016135 ], [ -86.684753, 36.015177 ], [ -86.684539, 36.014604 ], [ -86.684486, 36.014295 ], [ -86.684476, 36.013811 ], [ -86.684535, 36.013461 ], [ -86.68467, 36.013219 ], [ -86.68474, 36.013146 ], [ -86.684886, 36.012995 ], [ -86.685117, 36.01289 ], [ -86.686628, 36.012466 ], [ -86.68695, 36.012425 ], [ -86.687652, 36.012397 ], [ -86.68827, 36.012576 ], [ -86.688576, 36.012604 ], [ -86.68896, 36.012535 ], [ -86.689365, 36.012327 ], [ -86.689986, 36.011797 ], [ -86.690654, 36.011403 ], [ -86.691351, 36.011089 ], [ -86.691862, 36.010754 ], [ -86.691922, 36.010727 ], [ -86.691947, 36.010699 ], [ -86.692332, 36.010447 ], [ -86.69255, 36.010304 ], [ -86.693188, 36.009668 ], [ -86.694379, 36.008831 ], [ -86.694778, 36.008816 ], [ -86.69483, 36.008825 ], [ -86.695023, 36.008807 ], [ -86.695496, 36.00879 ], [ -86.696716, 36.008986 ], [ -86.697114, 36.009088 ], [ -86.697181, 36.009106 ], [ -86.699245, 36.009684 ], [ -86.699746, 36.009798 ], [ -86.700053, 36.009798 ], [ -86.700649, 36.009599 ], [ -86.70067, 36.009592 ], [ -86.701482, 36.009196 ], [ -86.701509, 36.009178 ], [ -86.701689, 36.009526 ], [ -86.701974, 36.010026 ], [ -86.702106, 36.010245 ], [ -86.702649, 36.011024 ], [ -86.703186, 36.011794 ], [ -86.703421, 36.012131 ], [ -86.703482, 36.012228 ], [ -86.703608, 36.012382 ], [ -86.703768, 36.012634 ], [ -86.703832, 36.012716 ], [ -86.703881, 36.01278 ], [ -86.70402, 36.01298 ], [ -86.705088, 36.014512 ], [ -86.705263, 36.014775 ], [ -86.705666, 36.015382 ], [ -86.705809, 36.01558 ], [ -86.705927, 36.015743 ], [ -86.706131, 36.016025 ], [ -86.706223, 36.016114 ], [ -86.706413, 36.01634 ], [ -86.706785, 36.016769 ], [ -86.706904, 36.016907 ], [ -86.707068, 36.017115 ], [ -86.707913, 36.01795 ], [ -86.70833, 36.018357 ], [ -86.708578, 36.018599 ], [ -86.709271, 36.019274 ], [ -86.710125, 36.020108 ], [ -86.710528, 36.020472 ], [ -86.711211, 36.021158 ], [ -86.711388, 36.021346 ], [ -86.711562, 36.021529 ], [ -86.711879, 36.021955 ], [ -86.712213, 36.022467 ], [ -86.712308, 36.022652 ], [ -86.71247, 36.022966 ], [ -86.712629, 36.023326 ], [ -86.712652, 36.023398 ], [ -86.712832, 36.023943 ], [ -86.712905, 36.024244 ], [ -86.712964, 36.024589 ], [ -86.712986, 36.024749 ], [ -86.713049, 36.02547 ], [ -86.7133, 36.025481 ], [ -86.713356, 36.025484 ], [ -86.713555, 36.025482 ], [ -86.714053, 36.025493 ], [ -86.714305, 36.025499 ], [ -86.714531, 36.02549 ], [ -86.714558, 36.025489 ], [ -86.714858, 36.025454 ], [ -86.71513, 36.0254 ], [ -86.715199, 36.025379 ], [ -86.715339, 36.025338 ], [ -86.715419, 36.025323 ], [ -86.715634, 36.025257 ], [ -86.715777, 36.025232 ], [ -86.715835, 36.025223 ], [ -86.716046, 36.025204 ], [ -86.716258, 36.025202 ], [ -86.716628, 36.02523 ], [ -86.716885, 36.025255 ], [ -86.716946, 36.025261 ], [ -86.717065, 36.025266 ], [ -86.717255, 36.025253 ], [ -86.717436, 36.02522 ], [ -86.717493, 36.025211 ], [ -86.717584, 36.025189 ], [ -86.717844, 36.025099 ], [ -86.717961, 36.025047 ], [ -86.718131, 36.024973 ], [ -86.718256, 36.024933 ], [ -86.718272, 36.024929 ], [ -86.7184, 36.024907 ], [ -86.718574, 36.024892 ], [ -86.718647, 36.024892 ], [ -86.718662, 36.024892 ], [ -86.718776, 36.024917 ], [ -86.718968, 36.024934 ], [ -86.719547, 36.024985 ], [ -86.71974, 36.025003 ], [ -86.719761, 36.025053 ], [ -86.719747, 36.025134 ], [ -86.71971, 36.025356 ], [ -86.719685, 36.025538 ], [ -86.719629, 36.025663 ], [ -86.719977, 36.025723 ], [ -86.720279, 36.025775 ], [ -86.720643, 36.025824 ], [ -86.721009, 36.02586 ], [ -86.721027, 36.025862 ], [ -86.721379, 36.025901 ], [ -86.721736, 36.025933 ], [ -86.721777, 36.025937 ], [ -86.722487, 36.025987 ], [ -86.722551, 36.025992 ], [ -86.723117, 36.027414 ], [ -86.723117, 36.027996 ], [ -86.723164, 36.028159 ], [ -86.72342, 36.028415 ], [ -86.723723, 36.028904 ], [ -86.723956, 36.029602 ], [ -86.724235, 36.030277 ], [ -86.724491, 36.030906 ], [ -86.72477, 36.031767 ], [ -86.72477, 36.032233 ], [ -86.724887, 36.032768 ], [ -86.724887, 36.033141 ], [ -86.724631, 36.033676 ], [ -86.724421, 36.034188 ], [ -86.724403, 36.034676 ], [ -86.724135, 36.034709 ], [ -86.724042, 36.034753 ], [ -86.723905, 36.03482 ], [ -86.72382, 36.034892 ], [ -86.7237, 36.035076 ], [ -86.723662, 36.035205 ], [ -86.723656, 36.035273 ], [ -86.723645, 36.035402 ], [ -86.72365, 36.035468 ], [ -86.723836, 36.035965 ], [ -86.723869, 36.036151 ], [ -86.723835, 36.036195 ], [ -86.723801, 36.036307 ], [ -86.723748, 36.036402 ], [ -86.723712, 36.036451 ], [ -86.723703, 36.03646 ], [ -86.723671, 36.036497 ], [ -86.723577, 36.036582 ], [ -86.72338, 36.036732 ], [ -86.723465, 36.0369 ], [ -86.72355, 36.037096 ], [ -86.723556, 36.037109 ], [ -86.72373, 36.03753 ], [ -86.723807, 36.037765 ], [ -86.723837, 36.037884 ], [ -86.723909, 36.038213 ], [ -86.723917, 36.038245 ], [ -86.723976, 36.038484 ], [ -86.724024, 36.038634 ], [ -86.72408, 36.038929 ], [ -86.724187, 36.039265 ], [ -86.7242, 36.03928 ], [ -86.724513, 36.039628 ], [ -86.724802, 36.039823 ], [ -86.725069, 36.040027 ], [ -86.72524, 36.040299 ], [ -86.725331, 36.040712 ], [ -86.725342, 36.040763 ], [ -86.725346, 36.040835 ], [ -86.725362, 36.041086 ], [ -86.725417, 36.041404 ], [ -86.725443, 36.041501 ], [ -86.725543, 36.04175 ], [ -86.725553, 36.041762 ], [ -86.725743, 36.041982 ], [ -86.725934, 36.042092 ], [ -86.726092, 36.042145 ], [ -86.726153, 36.042165 ], [ -86.726258, 36.042205 ], [ -86.726524, 36.042309 ], [ -86.726508, 36.042079 ], [ -86.726542, 36.041768 ], [ -86.726588, 36.041504 ], [ -86.726634, 36.041329 ], [ -86.72667, 36.041217 ], [ -86.726724, 36.041079 ], [ -86.726758, 36.040997 ], [ -86.726812, 36.040884 ], [ -86.726921, 36.040696 ], [ -86.726983, 36.040605 ], [ -86.727255, 36.040298 ], [ -86.727645, 36.039938 ], [ -86.727744, 36.03987 ], [ -86.728372, 36.039543 ], [ -86.728618, 36.039454 ], [ -86.729762, 36.039087 ], [ -86.729945, 36.039028 ], [ -86.73075, 36.038771 ], [ -86.73096, 36.038702 ], [ -86.731161, 36.038653 ], [ -86.731243, 36.038638 ], [ -86.731349, 36.03862 ], [ -86.731538, 36.038597 ], [ -86.731729, 36.038582 ], [ -86.73211, 36.038585 ], [ -86.7324, 36.038613 ], [ -86.732591, 36.038642 ], [ -86.733164, 36.038732 ], [ -86.733355, 36.038763 ], [ -86.73342, 36.038775 ], [ -86.733855, 36.038857 ], [ -86.734093, 36.038903 ], [ -86.735357, 36.03913 ], [ -86.735859, 36.03922 ], [ -86.736225, 36.039281 ], [ -86.736369, 36.039305 ], [ -86.736698, 36.039356 ], [ -86.737324, 36.039453 ], [ -86.737475, 36.039477 ], [ -86.737692, 36.039507 ], [ -86.737953, 36.039541 ], [ -86.739171, 36.039697 ], [ -86.739506, 36.03973 ], [ -86.739633, 36.039738 ], [ -86.739827, 36.039759 ], [ -86.740332, 36.039795 ], [ -86.743507, 36.040019 ], [ -86.743653, 36.040708 ], [ -86.743721, 36.041024 ], [ -86.743929, 36.041857 ], [ -86.743982, 36.042233 ], [ -86.743989, 36.04228 ], [ -86.744064, 36.042612 ], [ -86.744092, 36.042732 ], [ -86.744098, 36.042775 ], [ -86.744125, 36.042947 ], [ -86.744143, 36.043424 ], [ -86.744137, 36.043478 ], [ -86.744014, 36.044853 ], [ -86.743972, 36.04521 ], [ -86.74386, 36.046285 ], [ -86.743815, 36.046707 ], [ -86.74376, 36.047242 ], [ -86.743751, 36.047326 ], [ -86.743678, 36.047976 ], [ -86.743631, 36.048399 ], [ -86.74362, 36.048495 ], [ -86.743587, 36.048785 ], [ -86.743577, 36.048882 ], [ -86.743563, 36.049044 ], [ -86.74356, 36.049082 ], [ -86.74351, 36.049529 ], [ -86.743493, 36.049691 ], [ -86.743463, 36.049972 ], [ -86.74338, 36.050512 ], [ -86.743325, 36.050872 ], [ -86.74332, 36.050917 ], [ -86.743311, 36.050962 ], [ -86.74325, 36.051359 ], [ -86.743204, 36.051604 ], [ -86.743105, 36.052141 ], [ -86.743094, 36.052207 ], [ -86.745024, 36.052442 ], [ -86.747107, 36.052696 ], [ -86.749476, 36.052984 ], [ -86.753852, 36.053308 ], [ -86.756124, 36.053472 ], [ -86.759286, 36.0537 ], [ -86.759305, 36.053843 ], [ -86.759326, 36.053924 ], [ -86.759382, 36.054074 ], [ -86.759518, 36.054377 ], [ -86.759541, 36.054459 ], [ -86.759557, 36.054516 ], [ -86.759574, 36.054659 ], [ -86.75957, 36.054802 ], [ -86.759559, 36.05497 ], [ -86.759521, 36.055225 ], [ -86.759514, 36.055321 ], [ -86.759522, 36.055513 ], [ -86.759527, 36.055538 ], [ -86.75956, 36.055702 ], [ -86.759891, 36.056623 ], [ -86.76001, 36.057011 ], [ -86.760045, 36.057173 ], [ -86.760074, 36.057307 ], [ -86.760147, 36.057737 ], [ -86.760193, 36.058017 ], [ -86.760194, 36.058141 ], [ -86.760182, 36.058216 ], [ -86.760175, 36.058262 ], [ -86.760082, 36.058494 ], [ -86.760009, 36.058601 ], [ -86.759576, 36.0591 ], [ -86.759375, 36.05938 ], [ -86.759366, 36.059398 ], [ -86.759309, 36.059533 ], [ -86.759266, 36.059704 ], [ -86.759239, 36.059863 ], [ -86.75918, 36.060207 ], [ -86.759166, 36.060296 ], [ -86.759139, 36.060503 ], [ -86.759118, 36.060806 ], [ -86.759183, 36.061248 ], [ -86.759234, 36.061594 ], [ -86.75928, 36.061855 ], [ -86.759314, 36.062042 ], [ -86.759312, 36.062415 ], [ -86.75929, 36.062649 ], [ -86.759289, 36.062662 ], [ -86.759297, 36.062915 ], [ -86.759296, 36.063142 ], [ -86.759294, 36.063826 ], [ -86.759294, 36.064054 ], [ -86.759282, 36.064289 ], [ -86.75925, 36.064997 ], [ -86.75924, 36.065234 ], [ -86.759267, 36.06556 ], [ -86.759306, 36.066008 ], [ -86.759351, 36.066537 ], [ -86.759372, 36.066781 ], [ -86.759379, 36.066864 ], [ -86.759406, 36.067144 ], [ -86.759451, 36.067588 ], [ -86.759369, 36.067977 ], [ -86.759364, 36.068005 ], [ -86.759306, 36.068252 ], [ -86.759195, 36.068476 ], [ -86.75915, 36.068597 ], [ -86.758939, 36.069174 ], [ -86.758789, 36.069585 ], [ -86.758765, 36.06967 ], [ -86.758731, 36.069798 ], [ -86.758717, 36.070045 ], [ -86.758697, 36.070106 ], [ -86.758697, 36.070377 ], [ -86.758698, 36.070673 ], [ -86.758716, 36.070965 ], [ -86.758742, 36.071284 ], [ -86.758752, 36.071382 ], [ -86.75879, 36.071716 ], [ -86.758811, 36.071827 ], [ -86.75886, 36.07205 ], [ -86.758975, 36.072563 ], [ -86.759073, 36.073055 ], [ -86.759141, 36.073391 ], [ -86.759204, 36.07361 ], [ -86.759212, 36.073658 ], [ -86.75928, 36.07407 ], [ -86.759281, 36.074203 ], [ -86.759264, 36.074387 ], [ -86.75925, 36.074482 ], [ -86.75921, 36.074757 ], [ -86.759194, 36.074954 ], [ -86.759152, 36.075252 ], [ -86.759136, 36.075375 ], [ -86.759128, 36.075428 ], [ -86.758882, 36.077227 ], [ -86.758798, 36.077845 ], [ -86.75875, 36.078194 ], [ -86.758607, 36.079244 ], [ -86.75856, 36.079595 ], [ -86.758538, 36.079759 ], [ -86.758475, 36.080252 ], [ -86.75846, 36.080369 ], [ -86.758457, 36.080417 ], [ -86.758439, 36.080548 ], [ -86.758386, 36.080941 ], [ -86.758369, 36.081073 ], [ -86.758556, 36.081106 ], [ -86.75874, 36.08114 ], [ -86.759113, 36.081231 ], [ -86.759298, 36.081277 ], [ -86.759444, 36.081317 ], [ -86.759466, 36.081324 ], [ -86.759634, 36.081372 ], [ -86.759827, 36.081442 ], [ -86.759876, 36.081459 ], [ -86.76002, 36.081511 ], [ -86.760033, 36.081515 ], [ -86.760072, 36.08153 ], [ -86.760086, 36.081535 ], [ -86.760126, 36.081549 ], [ -86.760162, 36.081559 ], [ -86.760175, 36.081567 ], [ -86.760253, 36.081597 ], [ -86.760433, 36.081667 ], [ -86.760488, 36.081684 ], [ -86.760569, 36.081709 ], [ -86.76063, 36.081728 ], [ -86.760813, 36.081785 ], [ -86.76083, 36.081791 ], [ -86.760874, 36.081808 ], [ -86.760912, 36.081822 ], [ -86.760924, 36.081827 ], [ -86.760949, 36.081834 ], [ -86.761033, 36.081858 ], [ -86.761063, 36.081869 ], [ -86.761101, 36.081883 ], [ -86.761704, 36.082103 ], [ -86.761593, 36.08238 ], [ -86.761568, 36.08259 ], [ -86.761601, 36.083121 ], [ -86.761625, 36.083319 ], [ -86.761663, 36.083636 ], [ -86.761778, 36.08459 ], [ -86.761817, 36.084908 ], [ -86.761859, 36.085267 ], [ -86.761988, 36.086347 ], [ -86.76203, 36.086691 ], [ -86.762031, 36.086707 ], [ -86.762079, 36.087243 ], [ -86.762082, 36.087473 ], [ -86.762081, 36.087665 ], [ -86.762077, 36.089785 ], [ -86.762071, 36.090046 ], [ -86.76206, 36.090151 ], [ -86.76204, 36.090274 ], [ -86.761974, 36.090525 ], [ -86.76197, 36.090535 ], [ -86.761918, 36.090689 ], [ -86.761888, 36.090758 ], [ -86.761723, 36.091055 ], [ -86.761509, 36.091373 ], [ -86.761341, 36.091552 ], [ -86.76084, 36.09209 ], [ -86.760673, 36.09227 ], [ -86.760653, 36.09229 ], [ -86.760596, 36.092351 ], [ -86.760578, 36.092372 ], [ -86.760422, 36.092539 ], [ -86.760301, 36.092669 ], [ -86.760061, 36.092888 ], [ -86.759817, 36.093079 ], [ -86.759594, 36.093252 ], [ -86.758929, 36.093773 ], [ -86.758707, 36.093947 ], [ -86.758672, 36.093974 ], [ -86.758606, 36.094026 ], [ -86.758566, 36.094055 ], [ -86.758531, 36.094082 ], [ -86.758474, 36.094124 ], [ -86.758303, 36.094251 ], [ -86.758247, 36.094294 ], [ -86.758511, 36.094975 ], [ -86.758625, 36.09527 ], [ -86.758808, 36.095727 ], [ -86.758889, 36.095938 ], [ -86.759011, 36.096257 ], [ -86.759086, 36.096409 ], [ -86.759387, 36.096984 ], [ -86.759727, 36.097632 ], [ -86.759764, 36.097703 ], [ -86.760084, 36.098308 ], [ -86.760149, 36.098432 ], [ -86.760895, 36.099841 ], [ -86.76111, 36.100357 ], [ -86.761219, 36.100618 ], [ -86.761312, 36.100841 ], [ -86.761406, 36.101063 ], [ -86.761423, 36.10109 ], [ -86.761475, 36.101172 ], [ -86.761493, 36.1012 ], [ -86.761647, 36.101426 ], [ -86.761709, 36.101517 ], [ -86.761997, 36.101963 ], [ -86.762088, 36.102117 ], [ -86.762155, 36.102229 ], [ -86.7622, 36.102366 ], [ -86.762213, 36.1024 ], [ -86.762252, 36.102504 ], [ -86.762266, 36.102539 ], [ -86.76231, 36.102524 ], [ -86.762444, 36.102479 ], [ -86.762489, 36.102465 ], [ -86.76253, 36.102548 ], [ -86.762566, 36.10262 ], [ -86.762668, 36.102758 ], [ -86.762683, 36.102782 ], [ -86.762733, 36.102861 ], [ -86.762796, 36.102961 ], [ -86.762864, 36.103099 ], [ -86.762959, 36.103209 ], [ -86.763107, 36.103357 ], [ -86.763222, 36.103511 ], [ -86.763392, 36.103687 ], [ -86.763493, 36.103813 ], [ -86.763649, 36.103978 ], [ -86.764102, 36.104721 ], [ -86.764129, 36.104765 ], [ -86.764467, 36.105292 ], [ -86.764562, 36.105435 ], [ -86.76465, 36.105578 ], [ -86.764725, 36.105688 ], [ -86.764745, 36.105727 ], [ -86.764752, 36.105798 ], [ -86.764765, 36.105853 ], [ -86.764799, 36.105924 ], [ -86.7649, 36.106051 ], [ -86.765016, 36.106254 ], [ -86.765055, 36.106311 ], [ -86.764972, 36.10635 ], [ -86.763487, 36.105309 ], [ -86.764991, 36.107068 ], [ -86.765042, 36.10713 ], [ -86.765461, 36.107826 ], [ -86.766283, 36.109189 ], [ -86.766789, 36.110155 ], [ -86.767051, 36.110654 ], [ -86.767212, 36.110943 ], [ -86.767211, 36.111206 ] ] ] } },
{ "type": "Feature", "properties": { "district_num": "55" }, "geometry": { "type": "Polygon", "coordinates": [ [ [ -86.806702, 36.123325 ], [ -86.806602, 36.123606 ], [ -86.806585, 36.123655 ], [ -86.806335, 36.12424 ], [ -86.806172, 36.124504 ], [ -86.805998, 36.124786 ], [ -86.805877, 36.12495 ], [ -86.805859, 36.124974 ], [ -86.80561, 36.125315 ], [ -86.805344, 36.125605 ], [ -86.805051, 36.125876 ], [ -86.804956, 36.125981 ], [ -86.804671, 36.1263 ], [ -86.804577, 36.126406 ], [ -86.804463, 36.126531 ], [ -86.804122, 36.126907 ], [ -86.804009, 36.127033 ], [ -86.803923, 36.127132 ], [ -86.803666, 36.127429 ], [ -86.803581, 36.127529 ], [ -86.803513, 36.127644 ], [ -86.80331, 36.127993 ], [ -86.803243, 36.128109 ], [ -86.803081, 36.128411 ], [ -86.802636, 36.129217 ], [ -86.802536, 36.129377 ], [ -86.802089, 36.130197 ], [ -86.802027, 36.130321 ], [ -86.801507, 36.131304 ], [ -86.801457, 36.13174 ], [ -86.801431, 36.132042 ], [ -86.801355, 36.132952 ], [ -86.80133, 36.133255 ], [ -86.801258, 36.133248 ], [ -86.801236, 36.133357 ], [ -86.801182, 36.133512 ], [ -86.801143, 36.133581 ], [ -86.801041, 36.133756 ], [ -86.800952, 36.133865 ], [ -86.800876, 36.133931 ], [ -86.800819, 36.133988 ], [ -86.800752, 36.134042 ], [ -86.800662, 36.134121 ], [ -86.800507, 36.134227 ], [ -86.800274, 36.134458 ], [ -86.800209, 36.134478 ], [ -86.80004, 36.134532 ], [ -86.799807, 36.134605 ], [ -86.799572, 36.134685 ], [ -86.798868, 36.134929 ], [ -86.798634, 36.13501 ], [ -86.798351, 36.135108 ], [ -86.797642, 36.135372 ], [ -86.797174, 36.135546 ], [ -86.797041, 36.135275 ], [ -86.796656, 36.135234 ], [ -86.79627, 36.135193 ], [ -86.79641, 36.134277 ], [ -86.796644, 36.13295 ], [ -86.796364, 36.13292 ], [ -86.796083, 36.132891 ], [ -86.796006, 36.132889 ], [ -86.79593, 36.132887 ], [ -86.795833, 36.132872 ], [ -86.795624, 36.132782 ], [ -86.795577, 36.132703 ], [ -86.795486, 36.132523 ], [ -86.795456, 36.132436 ], [ -86.795503, 36.131854 ], [ -86.79551, 36.131667 ], [ -86.795533, 36.131107 ], [ -86.795541, 36.130921 ], [ -86.795556, 36.130756 ], [ -86.795602, 36.13026 ], [ -86.795618, 36.130096 ], [ -86.795589, 36.129619 ], [ -86.795444, 36.129333 ], [ -86.795271, 36.128993 ], [ -86.795156, 36.128832 ], [ -86.794412, 36.127789 ], [ -86.79428, 36.127501 ], [ -86.794231, 36.127358 ], [ -86.794084, 36.126931 ], [ -86.794035, 36.126789 ], [ -86.793646, 36.126817 ], [ -86.793545, 36.126824 ], [ -86.793256, 36.126845 ], [ -86.792425, 36.126752 ], [ -86.79208, 36.126713 ], [ -86.791593, 36.12666 ], [ -86.791127, 36.126611 ], [ -86.790864, 36.126584 ], [ -86.790135, 36.126508 ], [ -86.789732, 36.126463 ], [ -86.789701, 36.12646 ], [ -86.789267, 36.126413 ], [ -86.789274, 36.126286 ], [ -86.789288, 36.126065 ], [ -86.78931, 36.125909 ], [ -86.789329, 36.125785 ], [ -86.789367, 36.125685 ], [ -86.789369, 36.125674 ], [ -86.789422, 36.125392 ], [ -86.789441, 36.125328 ], [ -86.789477, 36.125216 ], [ -86.789502, 36.125118 ], [ -86.789511, 36.125084 ], [ -86.789569, 36.124824 ], [ -86.789592, 36.124726 ], [ -86.789627, 36.124565 ], [ -86.789634, 36.124537 ], [ -86.789714, 36.124233 ], [ -86.789728, 36.124175 ], [ -86.789771, 36.124024 ], [ -86.789812, 36.123877 ], [ -86.789825, 36.12381 ], [ -86.789841, 36.12373 ], [ -86.789856, 36.123655 ], [ -86.789905, 36.123464 ], [ -86.789918, 36.123414 ], [ -86.789979, 36.123172 ], [ -86.790038, 36.122936 ], [ -86.790049, 36.12289 ], [ -86.790096, 36.122699 ], [ -86.790095, 36.122666 ], [ -86.790095, 36.122568 ], [ -86.790095, 36.122536 ], [ -86.790152, 36.122368 ], [ -86.790211, 36.122196 ], [ -86.790289, 36.121944 ], [ -86.790314, 36.121862 ], [ -86.790367, 36.121693 ], [ -86.790426, 36.121451 ], [ -86.790486, 36.12121 ], [ -86.790532, 36.121026 ], [ -86.790579, 36.120841 ], [ -86.79062, 36.120722 ], [ -86.790191, 36.120656 ], [ -86.788937, 36.120539 ], [ -86.788802, 36.120526 ], [ -86.788615, 36.120501 ], [ -86.788425, 36.120428 ], [ -86.788269, 36.120359 ], [ -86.788087, 36.120257 ], [ -86.787279, 36.119738 ], [ -86.787002, 36.119736 ], [ -86.786812, 36.119735 ], [ -86.786175, 36.119813 ], [ -86.785901, 36.119848 ], [ -86.785656, 36.119878 ], [ -86.784923, 36.11997 ], [ -86.784679, 36.120001 ], [ -86.783958, 36.120113 ], [ -86.782822, 36.120291 ], [ -86.781794, 36.120437 ], [ -86.78134, 36.120503 ], [ -86.781074, 36.120549 ], [ -86.78096, 36.120569 ], [ -86.780711, 36.1206 ], [ -86.780683, 36.120604 ], [ -86.780348, 36.120654 ], [ -86.779987, 36.120717 ], [ -86.779624, 36.120771 ], [ -86.779262, 36.120827 ], [ -86.778564, 36.120926 ], [ -86.776474, 36.121224 ], [ -86.776088, 36.12128 ], [ -86.775777, 36.121324 ], [ -86.775712, 36.121332 ], [ -86.77552, 36.12136 ], [ -86.775456, 36.12137 ], [ -86.775367, 36.121113 ], [ -86.775101, 36.120345 ], [ -86.775013, 36.120089 ], [ -86.774412, 36.120705 ], [ -86.77405, 36.120938 ], [ -86.773662, 36.121061 ], [ -86.773629, 36.121061 ], [ -86.773531, 36.121063 ], [ -86.773499, 36.121064 ], [ -86.773455, 36.121289 ], [ -86.773439, 36.121456 ], [ -86.773369, 36.122206 ], [ -86.773351, 36.122281 ], [ -86.773327, 36.122376 ], [ -86.773273, 36.122706 ], [ -86.773105, 36.123697 ], [ -86.772949, 36.124581 ], [ -86.772878, 36.124899 ], [ -86.772824, 36.125171 ], [ -86.77277, 36.125498 ], [ -86.772745, 36.125772 ], [ -86.772723, 36.125908 ], [ -86.772693, 36.126339 ], [ -86.772708, 36.126516 ], [ -86.77253, 36.126498 ], [ -86.772476, 36.126493 ], [ -86.77242, 36.126486 ], [ -86.77223, 36.126463 ], [ -86.772064, 36.126442 ], [ -86.772015, 36.126436 ], [ -86.771812, 36.12641 ], [ -86.771312, 36.126346 ], [ -86.771203, 36.126332 ], [ -86.771149, 36.126325 ], [ -86.771075, 36.126316 ], [ -86.771001, 36.126306 ], [ -86.770532, 36.126245 ], [ -86.770493, 36.12624 ], [ -86.769293, 36.126087 ], [ -86.76897, 36.126053 ], [ -86.768685, 36.126023 ], [ -86.768519, 36.126005 ], [ -86.768461, 36.126001 ], [ -86.767943, 36.12596 ], [ -86.766988, 36.125886 ], [ -86.766699, 36.125856 ], [ -86.766392, 36.125829 ], [ -86.766008, 36.125796 ], [ -86.765875, 36.125798 ], [ -86.765636, 36.125827 ], [ -86.765485, 36.125864 ], [ -86.765352, 36.125903 ], [ -86.765213, 36.125952 ], [ -86.765078, 36.126008 ], [ -86.764725, 36.126222 ], [ -86.763191, 36.127155 ], [ -86.761532, 36.128134 ], [ -86.76066, 36.128649 ], [ -86.760562, 36.128855 ], [ -86.760337, 36.129081 ], [ -86.760138, 36.129826 ], [ -86.759298, 36.132988 ], [ -86.759139, 36.133589 ], [ -86.758948, 36.134017 ], [ -86.758888, 36.133947 ], [ -86.758722, 36.133754 ], [ -86.758708, 36.133738 ], [ -86.758647, 36.13367 ], [ -86.758472, 36.133474 ], [ -86.758296, 36.133277 ], [ -86.758125, 36.133086 ], [ -86.757507, 36.132396 ], [ -86.757429, 36.132331 ], [ -86.757094, 36.13202 ], [ -86.756952, 36.131879 ], [ -86.756643, 36.13163 ], [ -86.756444, 36.131457 ], [ -86.756363, 36.131386 ], [ -86.755864, 36.130933 ], [ -86.755692, 36.130788 ], [ -86.755592, 36.130703 ], [ -86.755321, 36.130454 ], [ -86.75522, 36.130347 ], [ -86.7552, 36.130329 ], [ -86.755032, 36.130181 ], [ -86.754939, 36.130071 ], [ -86.754919, 36.130047 ], [ -86.754748, 36.129858 ], [ -86.754669, 36.12974 ], [ -86.754652, 36.129714 ], [ -86.754603, 36.129615 ], [ -86.754543, 36.129506 ], [ -86.754483, 36.129397 ], [ -86.754451, 36.12934 ], [ -86.754213, 36.128909 ], [ -86.754002, 36.128513 ], [ -86.753855, 36.128236 ], [ -86.753831, 36.128184 ], [ -86.753759, 36.128029 ], [ -86.753736, 36.127978 ], [ -86.753617, 36.12776 ], [ -86.75326, 36.127106 ], [ -86.753142, 36.126888 ], [ -86.753031, 36.126682 ], [ -86.752997, 36.126618 ], [ -86.752853, 36.126349 ], [ -86.752722, 36.126106 ], [ -86.752701, 36.126067 ], [ -86.752591, 36.125863 ], [ -86.752512, 36.125689 ], [ -86.752276, 36.125167 ], [ -86.752198, 36.124994 ], [ -86.752093, 36.124811 ], [ -86.751781, 36.124262 ], [ -86.751677, 36.12408 ], [ -86.751667, 36.124057 ], [ -86.751659, 36.124035 ], [ -86.751636, 36.123991 ], [ -86.751625, 36.12397 ], [ -86.75156, 36.123831 ], [ -86.751401, 36.123488 ], [ -86.751366, 36.123418 ], [ -86.7513, 36.123282 ], [ -86.751278, 36.123235 ], [ -86.751213, 36.123095 ], [ -86.751192, 36.123049 ], [ -86.751172, 36.123003 ], [ -86.751143, 36.122937 ], [ -86.751107, 36.122869 ], [ -86.751085, 36.122825 ], [ -86.750903, 36.122879 ], [ -86.750356, 36.123043 ], [ -86.750175, 36.123098 ], [ -86.750119, 36.123114 ], [ -86.749954, 36.123164 ], [ -86.749899, 36.123181 ], [ -86.749933, 36.123091 ], [ -86.750027, 36.12285 ], [ -86.750055, 36.122765 ], [ -86.750086, 36.122684 ], [ -86.75015, 36.12252 ], [ -86.750179, 36.122441 ], [ -86.750211, 36.122361 ], [ -86.750272, 36.122209 ], [ -86.750457, 36.121755 ], [ -86.750463, 36.121741 ], [ -86.750515, 36.121602 ], [ -86.750505, 36.121589 ], [ -86.750499, 36.121561 ], [ -86.75049, 36.121549 ], [ -86.750353, 36.121256 ], [ -86.750094, 36.12139 ], [ -86.749879, 36.121498 ], [ -86.749778, 36.121498 ], [ -86.749478, 36.121502 ], [ -86.749378, 36.121503 ], [ -86.749011, 36.121477 ], [ -86.747913, 36.121399 ], [ -86.747548, 36.121373 ], [ -86.745201, 36.121212 ], [ -86.744394, 36.121153 ], [ -86.743586, 36.121094 ], [ -86.743261, 36.12107 ], [ -86.742937, 36.121047 ], [ -86.742917, 36.121111 ], [ -86.742622, 36.121098 ], [ -86.742329, 36.121084 ], [ -86.741499, 36.12105 ], [ -86.740642, 36.121067 ], [ -86.740662, 36.120866 ], [ -86.740674, 36.120761 ], [ -86.740691, 36.120535 ], [ -86.740724, 36.1203 ], [ -86.740728, 36.120265 ], [ -86.740757, 36.120066 ], [ -86.740496, 36.120025 ], [ -86.740335, 36.120011 ], [ -86.738419, 36.119892 ], [ -86.73746, 36.11982 ], [ -86.734584, 36.119605 ], [ -86.733626, 36.119534 ], [ -86.732483, 36.11936 ], [ -86.732181, 36.119105 ], [ -86.731544, 36.118758 ], [ -86.730691, 36.118717 ], [ -86.730468, 36.118713 ], [ -86.730372, 36.11904 ], [ -86.730273, 36.119181 ], [ -86.730051, 36.119416 ], [ -86.730197, 36.119532 ], [ -86.730119, 36.119572 ], [ -86.730045, 36.119579 ], [ -86.729916, 36.119604 ], [ -86.729853, 36.1196 ], [ -86.729822, 36.119604 ], [ -86.729698, 36.11958 ], [ -86.729061, 36.119224 ], [ -86.728966, 36.119169 ], [ -86.728309, 36.118789 ], [ -86.728151, 36.1187 ], [ -86.727734, 36.118465 ], [ -86.727158, 36.118147 ], [ -86.726751, 36.11798 ], [ -86.726478, 36.117868 ], [ -86.726014, 36.117705 ], [ -86.725964, 36.117693 ], [ -86.725916, 36.117674 ], [ -86.725849, 36.117648 ], [ -86.725773, 36.117624 ], [ -86.725725, 36.11761 ], [ -86.725716, 36.117589 ], [ -86.725689, 36.117526 ], [ -86.725681, 36.117505 ], [ -86.7254, 36.116827 ], [ -86.725267, 36.116475 ], [ -86.725134, 36.116433 ], [ -86.724392, 36.116195 ], [ -86.723516, 36.115937 ], [ -86.723177, 36.115837 ], [ -86.722163, 36.115537 ], [ -86.721987, 36.115485 ], [ -86.721827, 36.115432 ], [ -86.721624, 36.115368 ], [ -86.721421, 36.115305 ], [ -86.72138, 36.115292 ], [ -86.720458, 36.115003 ], [ -86.720025, 36.114933 ], [ -86.719563, 36.114859 ], [ -86.719342, 36.114819 ], [ -86.719216, 36.114799 ], [ -86.718172, 36.114634 ], [ -86.717825, 36.114579 ], [ -86.717764, 36.114562 ], [ -86.717673, 36.114522 ], [ -86.717558, 36.114464 ], [ -86.717444, 36.114388 ], [ -86.717424, 36.11437 ], [ -86.717344, 36.114301 ], [ -86.717257, 36.114205 ], [ -86.717186, 36.114101 ], [ -86.717132, 36.113992 ], [ -86.717016, 36.113701 ], [ -86.716942, 36.113572 ], [ -86.71689, 36.113515 ], [ -86.716829, 36.113464 ], [ -86.716688, 36.113381 ], [ -86.716595, 36.113345 ], [ -86.716172, 36.11318 ], [ -86.716088, 36.113145 ], [ -86.716033, 36.113123 ], [ -86.715833, 36.113051 ], [ -86.715748, 36.113021 ], [ -86.715381, 36.112874 ], [ -86.714878, 36.112674 ], [ -86.714279, 36.112442 ], [ -86.713911, 36.1123 ], [ -86.713593, 36.112168 ], [ -86.71358, 36.112161 ], [ -86.713525, 36.112134 ], [ -86.713338, 36.112113 ], [ -86.713003, 36.111865 ], [ -86.712776, 36.111635 ], [ -86.712741, 36.111557 ], [ -86.712652, 36.111356 ], [ -86.712603, 36.111227 ], [ -86.71239, 36.111288 ], [ -86.711754, 36.111471 ], [ -86.711542, 36.111533 ], [ -86.711525, 36.111491 ], [ -86.71151, 36.111451 ], [ -86.711477, 36.111369 ], [ -86.711459, 36.111324 ], [ -86.711326, 36.110993 ], [ -86.711195, 36.110661 ], [ -86.711014, 36.110202 ], [ -86.710407, 36.108672 ], [ -86.710272, 36.10833 ], [ -86.710208, 36.10817 ], [ -86.710145, 36.108009 ], [ -86.710113, 36.107921 ], [ -86.710098, 36.107881 ], [ -86.71008, 36.107832 ], [ -86.710022, 36.107676 ], [ -86.709958, 36.1075 ], [ -86.709913, 36.107373 ], [ -86.709872, 36.107299 ], [ -86.709788, 36.107123 ], [ -86.709763, 36.107075 ], [ -86.709726, 36.107002 ], [ -86.70968, 36.106884 ], [ -86.709602, 36.106683 ], [ -86.709543, 36.106531 ], [ -86.709498, 36.106414 ], [ -86.70914, 36.105488 ], [ -86.708657, 36.104239 ], [ -86.708532, 36.10393 ], [ -86.708381, 36.103591 ], [ -86.70833, 36.103492 ], [ -86.708268, 36.103372 ], [ -86.708132, 36.103135 ], [ -86.707913, 36.102784 ], [ -86.707638, 36.102388 ], [ -86.707322, 36.101988 ], [ -86.706826, 36.101457 ], [ -86.706677, 36.101302 ], [ -86.706267, 36.100944 ], [ -86.706073, 36.100777 ], [ -86.705916, 36.100656 ], [ -86.705451, 36.100298 ], [ -86.704619, 36.099635 ], [ -86.704316, 36.099421 ], [ -86.704002, 36.099188 ], [ -86.70394, 36.099142 ], [ -86.703883, 36.099096 ], [ -86.703824, 36.099045 ], [ -86.703521, 36.098805 ], [ -86.703254, 36.098616 ], [ -86.702926, 36.098353 ], [ -86.702373, 36.097946 ], [ -86.701841, 36.097533 ], [ -86.70101, 36.096905 ], [ -86.700977, 36.09688 ], [ -86.700933, 36.096846 ], [ -86.700698, 36.096671 ], [ -86.700577, 36.096578 ], [ -86.700539, 36.096551 ], [ -86.700064, 36.096188 ], [ -86.699916, 36.096075 ], [ -86.699261, 36.095583 ], [ -86.699052, 36.095427 ], [ -86.698657, 36.095128 ], [ -86.69827, 36.094834 ], [ -86.697319, 36.094123 ], [ -86.697094, 36.093954 ], [ -86.69641, 36.093428 ], [ -86.696075, 36.093174 ], [ -86.695412, 36.092673 ], [ -86.695241, 36.092544 ], [ -86.69507, 36.092415 ], [ -86.695018, 36.092376 ], [ -86.694736, 36.092161 ], [ -86.694205, 36.091758 ], [ -86.693956, 36.091568 ], [ -86.693196, 36.090989 ], [ -86.691615, 36.089795 ], [ -86.690834, 36.089205 ], [ -86.690673, 36.089081 ], [ -86.690193, 36.088709 ], [ -86.690033, 36.088586 ], [ -86.689709, 36.08834 ], [ -86.689173, 36.087934 ], [ -86.688738, 36.087608 ], [ -86.688414, 36.087365 ], [ -86.687649, 36.086785 ], [ -86.687113, 36.086389 ], [ -86.686787, 36.086148 ], [ -86.685922, 36.085465 ], [ -86.68554, 36.085163 ], [ -86.685188, 36.084858 ], [ -86.685074, 36.084755 ], [ -86.684855, 36.08454 ], [ -86.684644, 36.084316 ], [ -86.684442, 36.084091 ], [ -86.684252, 36.08386 ], [ -86.684072, 36.083621 ], [ -86.683902, 36.083378 ], [ -86.68374, 36.083132 ], [ -86.683661, 36.082998 ], [ -86.683593, 36.082881 ], [ -86.683346, 36.082405 ], [ -86.68306, 36.081763 ], [ -86.68296, 36.081533 ], [ -86.682935, 36.081476 ], [ -86.682862, 36.081305 ], [ -86.682838, 36.081249 ], [ -86.682406, 36.081353 ], [ -86.682328, 36.081372 ], [ -86.68177, 36.081487 ], [ -86.681456, 36.081544 ], [ -86.681095, 36.081583 ], [ -86.680747, 36.081621 ], [ -86.680734, 36.081621 ], [ -86.680653, 36.081625 ], [ -86.68059, 36.081627 ], [ -86.680513, 36.08163 ], [ -86.68004, 36.08167 ], [ -86.679883, 36.081659 ], [ -86.679712, 36.081629 ], [ -86.679479, 36.081561 ], [ -86.679307, 36.081493 ], [ -86.679103, 36.081384 ], [ -86.678993, 36.081312 ], [ -86.678752, 36.08113 ], [ -86.678553, 36.080853 ], [ -86.678424, 36.080561 ], [ -86.678237, 36.080086 ], [ -86.678157, 36.079983 ], [ -86.678085, 36.079891 ], [ -86.677904, 36.079743 ], [ -86.677701, 36.079592 ], [ -86.6775, 36.079512 ], [ -86.677389, 36.079477 ], [ -86.67703, 36.079365 ], [ -86.676185, 36.079316 ], [ -86.67538, 36.079157 ], [ -86.674792, 36.078915 ], [ -86.674354, 36.078646 ], [ -86.673995, 36.078318 ], [ -86.67351, 36.077822 ], [ -86.673173, 36.077524 ], [ -86.672914, 36.077336 ], [ -86.672813, 36.077262 ], [ -86.67257, 36.077112 ], [ -86.672299, 36.077036 ], [ -86.672008, 36.077029 ], [ -86.671737, 36.077056 ], [ -86.671428, 36.077181 ], [ -86.671364, 36.077233 ], [ -86.671289, 36.077294 ], [ -86.671121, 36.077432 ], [ -86.671012, 36.077523 ], [ -86.670477, 36.078116 ], [ -86.670268, 36.07835 ], [ -86.670218, 36.0784 ], [ -86.670069, 36.078552 ], [ -86.67002, 36.078603 ], [ -86.669805, 36.078765 ], [ -86.669719, 36.078831 ], [ -86.669555, 36.078934 ], [ -86.669234, 36.07915 ], [ -86.669126, 36.079202 ], [ -86.668884, 36.07932 ], [ -86.668834, 36.079343 ], [ -86.668154, 36.079764 ], [ -86.668144, 36.079771 ], [ -86.667976, 36.079891 ], [ -86.667668, 36.080158 ], [ -86.667563, 36.080267 ], [ -86.667188, 36.080752 ], [ -86.666906, 36.081135 ], [ -86.666775, 36.081448 ], [ -86.66665, 36.081784 ], [ -86.666594, 36.081938 ], [ -86.66653, 36.082491 ], [ -86.666497, 36.082622 ], [ -86.666433, 36.082768 ], [ -86.666282, 36.082985 ], [ -86.665725, 36.083939 ], [ -86.665108, 36.084998 ], [ -86.66486, 36.085279 ], [ -86.6642, 36.085934 ], [ -86.663947, 36.086271 ], [ -86.663893, 36.086361 ], [ -86.663679, 36.086682 ], [ -86.663543, 36.08687 ], [ -86.663412, 36.087026 ], [ -86.663206, 36.087254 ], [ -86.661635, 36.086653 ], [ -86.660992, 36.086407 ], [ -86.658993, 36.086462 ], [ -86.654159, 36.086302 ], [ -86.653947, 36.086666 ], [ -86.653015, 36.086623 ], [ -86.652044, 36.08719 ], [ -86.651942, 36.086862 ], [ -86.65112, 36.086875 ], [ -86.650737, 36.08565 ], [ -86.65058, 36.085218 ], [ -86.649569, 36.084846 ], [ -86.64948, 36.085059 ], [ -86.649446, 36.085146 ], [ -86.649418, 36.085224 ], [ -86.648967, 36.086498 ], [ -86.648941, 36.086534 ], [ -86.648656, 36.086867 ], [ -86.648386, 36.086264 ], [ -86.647513, 36.084307 ], [ -86.647222, 36.083655 ], [ -86.647148, 36.083481 ], [ -86.646926, 36.082959 ], [ -86.646853, 36.082785 ], [ -86.646817, 36.082707 ], [ -86.646771, 36.082606 ], [ -86.646721, 36.082472 ], [ -86.646692, 36.082393 ], [ -86.646627, 36.082217 ], [ -86.646472, 36.081796 ], [ -86.646419, 36.081699 ], [ -86.646331, 36.081535 ], [ -86.646045, 36.081078 ], [ -86.64593, 36.080895 ], [ -86.645732, 36.080631 ], [ -86.645435, 36.080279 ], [ -86.645111, 36.079943 ], [ -86.645006, 36.079847 ], [ -86.644761, 36.079624 ], [ -86.644599, 36.079495 ], [ -86.644359, 36.079303 ], [ -86.64429, 36.079251 ], [ -86.643344, 36.078546 ], [ -86.643029, 36.078312 ], [ -86.642943, 36.078248 ], [ -86.642809, 36.078147 ], [ -86.642686, 36.078056 ], [ -86.642601, 36.077992 ], [ -86.641461, 36.077141 ], [ -86.640851, 36.076686 ], [ -86.640075, 36.075997 ], [ -86.638648, 36.074482 ], [ -86.636641, 36.07235 ], [ -86.636495, 36.072199 ], [ -86.636183, 36.071874 ], [ -86.635909, 36.071618 ], [ -86.634303, 36.070207 ], [ -86.634163, 36.070084 ], [ -86.633971, 36.069909 ], [ -86.632981, 36.06901 ], [ -86.632652, 36.068711 ], [ -86.632559, 36.068627 ], [ -86.632281, 36.068375 ], [ -86.632189, 36.068291 ], [ -86.632005, 36.068124 ], [ -86.631436, 36.06759 ], [ -86.631249, 36.067414 ], [ -86.630893, 36.06708 ], [ -86.629828, 36.06608 ], [ -86.629473, 36.065747 ], [ -86.629327, 36.065612 ], [ -86.629272, 36.065559 ], [ -86.629016, 36.065313 ], [ -86.6288, 36.065105 ], [ -86.628678, 36.064988 ], [ -86.62848, 36.064798 ], [ -86.628412, 36.064736 ], [ -86.628209, 36.064551 ], [ -86.628142, 36.06449 ], [ -86.627596, 36.063993 ], [ -86.62755, 36.063951 ], [ -86.626607, 36.063091 ], [ -86.625971, 36.06249 ], [ -86.625876, 36.062401 ], [ -86.62568, 36.062239 ], [ -86.625493, 36.062083 ], [ -86.625413, 36.062009 ], [ -86.624937, 36.06157 ], [ -86.624744, 36.061392 ], [ -86.624664, 36.061318 ], [ -86.624046, 36.060749 ], [ -86.622728, 36.059555 ], [ -86.622458, 36.05931 ], [ -86.622347, 36.05921 ], [ -86.622059, 36.058941 ], [ -86.621864, 36.05876 ], [ -86.621654, 36.05855 ], [ -86.621456, 36.058327 ], [ -86.621284, 36.058103 ], [ -86.621277, 36.058094 ], [ -86.619604, 36.055512 ], [ -86.619422, 36.055223 ], [ -86.619341, 36.055093 ], [ -86.619047, 36.054689 ], [ -86.618796, 36.054386 ], [ -86.618729, 36.054317 ], [ -86.618677, 36.054265 ], [ -86.618523, 36.054109 ], [ -86.618472, 36.054057 ], [ -86.618383, 36.053969 ], [ -86.618118, 36.053707 ], [ -86.61803, 36.05362 ], [ -86.617678, 36.053273 ], [ -86.617009, 36.052622 ], [ -86.616705, 36.052338 ], [ -86.615606, 36.051334 ], [ -86.614799, 36.050603 ], [ -86.61473, 36.050535 ], [ -86.614725, 36.050464 ], [ -86.614724, 36.050442 ], [ -86.61397, 36.049695 ], [ -86.613886, 36.049612 ], [ -86.613761, 36.049488 ], [ -86.613564, 36.049294 ], [ -86.613345, 36.049077 ], [ -86.612207, 36.047979 ], [ -86.611315, 36.047187 ], [ -86.61066, 36.046606 ], [ -86.610431, 36.046408 ], [ -86.610122, 36.04614 ], [ -86.609197, 36.045338 ], [ -86.609153, 36.045299 ], [ -86.609027, 36.045191 ], [ -86.608892, 36.045067 ], [ -86.608866, 36.045043 ], [ -86.60841, 36.044639 ], [ -86.607207, 36.043574 ], [ -86.607014, 36.043363 ], [ -86.606918, 36.042983 ], [ -86.606917, 36.042925 ], [ -86.606934, 36.042852 ], [ -86.606967, 36.042764 ], [ -86.607108, 36.042536 ], [ -86.608099, 36.04197 ], [ -86.608841, 36.041547 ], [ -86.609064, 36.041399 ], [ -86.609433, 36.041087 ], [ -86.609718, 36.040789 ], [ -86.609842, 36.04063 ], [ -86.610053, 36.040294 ], [ -86.610156, 36.040076 ], [ -86.610414, 36.039165 ], [ -86.610478, 36.038841 ], [ -86.610757, 36.037671 ], [ -86.611171, 36.035942 ], [ -86.611181, 36.035896 ], [ -86.611189, 36.035856 ], [ -86.611286, 36.035422 ], [ -86.611925, 36.032663 ], [ -86.612041, 36.032155 ], [ -86.612089, 36.031946 ], [ -86.612183, 36.031555 ], [ -86.612234, 36.031265 ], [ -86.612307, 36.030978 ], [ -86.6124, 36.030696 ], [ -86.612421, 36.030644 ], [ -86.612514, 36.030418 ], [ -86.612653, 36.03018 ], [ -86.612724, 36.030014 ], [ -86.612803, 36.029889 ], [ -86.612871, 36.029792 ], [ -86.612975, 36.029648 ], [ -86.613166, 36.029416 ], [ -86.613374, 36.029193 ], [ -86.61354, 36.029035 ], [ -86.613773, 36.028805 ], [ -86.613983, 36.028599 ], [ -86.614089, 36.028489 ], [ -86.614308, 36.028638 ], [ -86.614727, 36.028923 ], [ -86.614967, 36.029086 ], [ -86.615187, 36.029236 ], [ -86.616186, 36.029903 ], [ -86.617086, 36.030504 ], [ -86.619711, 36.032256 ], [ -86.621727, 36.0336 ], [ -86.622255, 36.033953 ], [ -86.622786, 36.034308 ], [ -86.624686, 36.035577 ], [ -86.624921, 36.035735 ], [ -86.625219, 36.035935 ], [ -86.625628, 36.036208 ], [ -86.625864, 36.036366 ], [ -86.627294, 36.03729 ], [ -86.628721, 36.038212 ], [ -86.629211, 36.038559 ], [ -86.630242, 36.039292 ], [ -86.630637, 36.039522 ], [ -86.631108, 36.03973 ], [ -86.631651, 36.039917 ], [ -86.632401, 36.040176 ], [ -86.632996, 36.040382 ], [ -86.633262, 36.040471 ], [ -86.634296, 36.039424 ], [ -86.634791, 36.038915 ], [ -86.635095, 36.038647 ], [ -86.635246, 36.038544 ], [ -86.635477, 36.038406 ], [ -86.635721, 36.038282 ], [ -86.635847, 36.038226 ], [ -86.635929, 36.038193 ], [ -86.636446, 36.037984 ], [ -86.636608, 36.037899 ], [ -86.636855, 36.037752 ], [ -86.636974, 36.037673 ], [ -86.637201, 36.037505 ], [ -86.637342, 36.03738 ], [ -86.637443, 36.037283 ], [ -86.637997, 36.036598 ], [ -86.638218, 36.035913 ], [ -86.638366, 36.035453 ], [ -86.639563, 36.0356 ], [ -86.640642, 36.035948 ], [ -86.64134, 36.036376 ], [ -86.641773, 36.036641 ], [ -86.643269, 36.037595 ], [ -86.64416, 36.038147 ], [ -86.64417, 36.038155 ], [ -86.645046, 36.038912 ], [ -86.645614, 36.039602 ], [ -86.646099, 36.040472 ], [ -86.646161, 36.040594 ], [ -86.646346, 36.040959 ], [ -86.64652, 36.041588 ], [ -86.646826, 36.041734 ], [ -86.646894, 36.041756 ], [ -86.646948, 36.041762 ], [ -86.647016, 36.041751 ], [ -86.647158, 36.041707 ], [ -86.647395, 36.041592 ], [ -86.647483, 36.041581 ], [ -86.647909, 36.041581 ], [ -86.647997, 36.041608 ], [ -86.648288, 36.041713 ], [ -86.648403, 36.041746 ], [ -86.648464, 36.041768 ], [ -86.648518, 36.041795 ], [ -86.648572, 36.04185 ], [ -86.64864, 36.041971 ], [ -86.648694, 36.042054 ], [ -86.648735, 36.042087 ], [ -86.648769, 36.042098 ], [ -86.648829, 36.042098 ], [ -86.648931, 36.042076 ], [ -86.648992, 36.042048 ], [ -86.64906, 36.041999 ], [ -86.649107, 36.041949 ], [ -86.649175, 36.041927 ], [ -86.649269, 36.041922 ], [ -86.649293, 36.041928 ], [ -86.649144, 36.041536 ], [ -86.649094, 36.041373 ], [ -86.649062, 36.041238 ], [ -86.649019, 36.041047 ], [ -86.649001, 36.040854 ], [ -86.649005, 36.040634 ], [ -86.64904, 36.040169 ], [ -86.649095, 36.039716 ], [ -86.649141, 36.039747 ], [ -86.649184, 36.039775 ], [ -86.649225, 36.039805 ], [ -86.649551, 36.040029 ], [ -86.650803, 36.04074 ], [ -86.652273, 36.041575 ], [ -86.654615, 36.042921 ], [ -86.656569, 36.044045 ], [ -86.656637, 36.044084 ], [ -86.658846, 36.045366 ], [ -86.658949, 36.045303 ], [ -86.6591, 36.045221 ], [ -86.659298, 36.045112 ], [ -86.659398, 36.045073 ], [ -86.65952, 36.045026 ], [ -86.659688, 36.044974 ], [ -86.659747, 36.044942 ], [ -86.660727, 36.04477 ], [ -86.660879, 36.044771 ], [ -86.661528, 36.044776 ], [ -86.661533, 36.044692 ], [ -86.661548, 36.044439 ], [ -86.661553, 36.044356 ], [ -86.66157, 36.044179 ], [ -86.661622, 36.043651 ], [ -86.66164, 36.043475 ], [ -86.661643, 36.042635 ], [ -86.661637, 36.042453 ], [ -86.661552, 36.042234 ], [ -86.661448, 36.042058 ], [ -86.661129, 36.041649 ], [ -86.661101, 36.041623 ], [ -86.661087, 36.041613 ], [ -86.661042, 36.04158 ], [ -86.660983, 36.041524 ], [ -86.660924, 36.041469 ], [ -86.660879, 36.041421 ], [ -86.660697, 36.041183 ], [ -86.660675, 36.041154 ], [ -86.66059, 36.041014 ], [ -86.660514, 36.04087 ], [ -86.660231, 36.040194 ], [ -86.66009, 36.039858 ], [ -86.660052, 36.039768 ], [ -86.659957, 36.039635 ], [ -86.659934, 36.039602 ], [ -86.659791, 36.039452 ], [ -86.659668, 36.039356 ], [ -86.65956, 36.039272 ], [ -86.65944, 36.0392 ], [ -86.659349, 36.039153 ], [ -86.659324, 36.03914 ], [ -86.659259, 36.039101 ], [ -86.659125, 36.039021 ], [ -86.659092, 36.038999 ], [ -86.658979, 36.038922 ], [ -86.658937, 36.038889 ], [ -86.658845, 36.038817 ], [ -86.658832, 36.038806 ], [ -86.65872, 36.038706 ], [ -86.659121, 36.038407 ], [ -86.662742, 36.035709 ], [ -86.662824, 36.035648 ], [ -86.663538, 36.035865 ], [ -86.667102, 36.036991 ], [ -86.67052, 36.038071 ], [ -86.671206, 36.038288 ], [ -86.671334, 36.038336 ], [ -86.672699, 36.038846 ], [ -86.672714, 36.038967 ], [ -86.672712, 36.038993 ], [ -86.672709, 36.039089 ], [ -86.672686, 36.03921 ], [ -86.672656, 36.039281 ], [ -86.672451, 36.039232 ], [ -86.672165, 36.039164 ], [ -86.672059, 36.039142 ], [ -86.671949, 36.039133 ], [ -86.671832, 36.039133 ], [ -86.671732, 36.039147 ], [ -86.671626, 36.03917 ], [ -86.671416, 36.039259 ], [ -86.671277, 36.039337 ], [ -86.671088, 36.039547 ], [ -86.670741, 36.039917 ], [ -86.670625, 36.040102 ], [ -86.670516, 36.040387 ], [ -86.670429, 36.04083 ], [ -86.670432, 36.041036 ], [ -86.670449, 36.041222 ], [ -86.670466, 36.041302 ], [ -86.670533, 36.041473 ], [ -86.670567, 36.041533 ], [ -86.670649, 36.041647 ], [ -86.670698, 36.0417 ], [ -86.670776, 36.041773 ], [ -86.670888, 36.041871 ], [ -86.671224, 36.042168 ], [ -86.671337, 36.042267 ], [ -86.671213, 36.042369 ], [ -86.671012, 36.042536 ], [ -86.670945, 36.042602 ], [ -86.670875, 36.042706 ], [ -86.670787, 36.04284 ], [ -86.670762, 36.042881 ], [ -86.670688, 36.043003 ], [ -86.670664, 36.043045 ], [ -86.67063, 36.04317 ], [ -86.670604, 36.043312 ], [ -86.670584, 36.043452 ], [ -86.670591, 36.043638 ], [ -86.670568, 36.043756 ], [ -86.670602, 36.044016 ], [ -86.670605, 36.044071 ], [ -86.670512, 36.044499 ], [ -86.670431, 36.044867 ], [ -86.67068, 36.044922 ], [ -86.67143, 36.045089 ], [ -86.671591, 36.045125 ], [ -86.67168, 36.045145 ], [ -86.671799, 36.045171 ], [ -86.672214, 36.045263 ], [ -86.673816, 36.04562 ], [ -86.67435, 36.045739 ], [ -86.674132, 36.046193 ], [ -86.673892, 36.046684 ], [ -86.673834, 36.046803 ], [ -86.673546, 36.047454 ], [ -86.673456, 36.04774 ], [ -86.673369, 36.048083 ], [ -86.673285, 36.048575 ], [ -86.673211, 36.049122 ], [ -86.673166, 36.049721 ], [ -86.673149, 36.049958 ], [ -86.673225, 36.050768 ], [ -86.673367, 36.050775 ], [ -86.673796, 36.050797 ], [ -86.673939, 36.050805 ], [ -86.673911, 36.050523 ], [ -86.673865, 36.050061 ], [ -86.673925, 36.049682 ], [ -86.67397, 36.049403 ], [ -86.674116, 36.049395 ], [ -86.674226, 36.049417 ], [ -86.674279, 36.049428 ], [ -86.674406, 36.049521 ], [ -86.674417, 36.049636 ], [ -86.6744, 36.050086 ], [ -86.674396, 36.050211 ], [ -86.674423, 36.050343 ], [ -86.674464, 36.050394 ], [ -86.674561, 36.050513 ], [ -86.674598, 36.050541 ], [ -86.674652, 36.050582 ], [ -86.674857, 36.050456 ], [ -86.674985, 36.050413 ], [ -86.675115, 36.050398 ], [ -86.675332, 36.050433 ], [ -86.675521, 36.05054 ], [ -86.675647, 36.05063 ], [ -86.675733, 36.050726 ], [ -86.676059, 36.050608 ], [ -86.676089, 36.050648 ], [ -86.676122, 36.05071 ], [ -86.676147, 36.050753 ], [ -86.676209, 36.050851 ], [ -86.676242, 36.050904 ], [ -86.67627, 36.050968 ], [ -86.676301, 36.051019 ], [ -86.676337, 36.051053 ], [ -86.676372, 36.051086 ], [ -86.676445, 36.051083 ], [ -86.676491, 36.051088 ], [ -86.676465, 36.051177 ], [ -86.676442, 36.051266 ], [ -86.676422, 36.051348 ], [ -86.676405, 36.051425 ], [ -86.676384, 36.051497 ], [ -86.676363, 36.051571 ], [ -86.67634, 36.051646 ], [ -86.676313, 36.051725 ], [ -86.676291, 36.051809 ], [ -86.676262, 36.051885 ], [ -86.676232, 36.051958 ], [ -86.676194, 36.052036 ], [ -86.676156, 36.05212 ], [ -86.676119, 36.052207 ], [ -86.67608, 36.052287 ], [ -86.676039, 36.052361 ], [ -86.675771, 36.052475 ], [ -86.67568, 36.052464 ], [ -86.675578, 36.052444 ], [ -86.675463, 36.052424 ], [ -86.675238, 36.052385 ], [ -86.675057, 36.052358 ], [ -86.674938, 36.052343 ], [ -86.674847, 36.052332 ], [ -86.674778, 36.052319 ], [ -86.674771, 36.052378 ], [ -86.674681, 36.05286 ], [ -86.67508, 36.052927 ], [ -86.675551, 36.052988 ], [ -86.676026, 36.053025 ], [ -86.676273, 36.053031 ], [ -86.676503, 36.053037 ], [ -86.676787, 36.053033 ], [ -86.677342, 36.052995 ], [ -86.677815, 36.05294 ], [ -86.678281, 36.05286 ], [ -86.678629, 36.052785 ], [ -86.679757, 36.052593 ], [ -86.680517, 36.052454 ], [ -86.681028, 36.052378 ], [ -86.68108, 36.052371 ], [ -86.68212, 36.052248 ], [ -86.682446, 36.052223 ], [ -86.682623, 36.052222 ], [ -86.682853, 36.05223 ], [ -86.683056, 36.052249 ], [ -86.683257, 36.052278 ], [ -86.683543, 36.052339 ], [ -86.683607, 36.052353 ], [ -86.683772, 36.052383 ], [ -86.683908, 36.052406 ], [ -86.684318, 36.052478 ], [ -86.684455, 36.052502 ], [ -86.684664, 36.052534 ], [ -86.685291, 36.05263 ], [ -86.6855, 36.052663 ], [ -86.685592, 36.052672 ], [ -86.685868, 36.0527 ], [ -86.68596, 36.05271 ], [ -86.686323, 36.052757 ], [ -86.686751, 36.052804 ], [ -86.687439, 36.05286 ], [ -86.688003, 36.052907 ], [ -86.688306, 36.052924 ], [ -86.688691, 36.052927 ], [ -86.689031, 36.05294 ], [ -86.689241, 36.052962 ], [ -86.68945, 36.052996 ], [ -86.689723, 36.053056 ], [ -86.689839, 36.05309 ], [ -86.68996, 36.053123 ], [ -86.690129, 36.053182 ], [ -86.690382, 36.053292 ], [ -86.690607, 36.05342 ], [ -86.690796, 36.053545 ], [ -86.690924, 36.053645 ], [ -86.691258, 36.053923 ], [ -86.69122, 36.053967 ], [ -86.691061, 36.054054 ], [ -86.690968, 36.054137 ], [ -86.690922, 36.054194 ], [ -86.690861, 36.05428 ], [ -86.690783, 36.054467 ], [ -86.690766, 36.054665 ], [ -86.690824, 36.05489 ], [ -86.690892, 36.05504 ], [ -86.690977, 36.05515 ], [ -86.691234, 36.055481 ], [ -86.691398, 36.05568 ], [ -86.691477, 36.055774 ], [ -86.691623, 36.055897 ], [ -86.691796, 36.055997 ], [ -86.691922, 36.056039 ], [ -86.692207, 36.056099 ], [ -86.692736, 36.056208 ], [ -86.693033, 36.05642 ], [ -86.693164, 36.05662 ], [ -86.693193, 36.056737 ], [ -86.693198, 36.056754 ], [ -86.693205, 36.056782 ], [ -86.693445, 36.057625 ], [ -86.693474, 36.057804 ], [ -86.693488, 36.057886 ], [ -86.693513, 36.058012 ], [ -86.693548, 36.058136 ], [ -86.693592, 36.058258 ], [ -86.693622, 36.058325 ], [ -86.693646, 36.058377 ], [ -86.693706, 36.058487 ], [ -86.693807, 36.05866 ], [ -86.693912, 36.058839 ], [ -86.69399, 36.058962 ], [ -86.694134, 36.059149 ], [ -86.694142, 36.059158 ], [ -86.694272, 36.059311 ], [ -86.69449, 36.059565 ], [ -86.694605, 36.059699 ], [ -86.69487, 36.059994 ], [ -86.695067, 36.060182 ], [ -86.69519, 36.060286 ], [ -86.695277, 36.060359 ], [ -86.69546, 36.060485 ], [ -86.695585, 36.060583 ], [ -86.695664, 36.060645 ], [ -86.695924, 36.060825 ], [ -86.695977, 36.060856 ], [ -86.696115, 36.060938 ], [ -86.696231, 36.061005 ], [ -86.696429, 36.061108 ], [ -86.696573, 36.061183 ], [ -86.6968, 36.061336 ], [ -86.696895, 36.061423 ], [ -86.696974, 36.061531 ], [ -86.697032, 36.061643 ], [ -86.697074, 36.06176 ], [ -86.697097, 36.061884 ], [ -86.697111, 36.062242 ], [ -86.697115, 36.062368 ], [ -86.697129, 36.06273 ], [ -86.697131, 36.062746 ], [ -86.697149, 36.062871 ], [ -86.697306, 36.062871 ], [ -86.69748, 36.062892 ], [ -86.697572, 36.062907 ], [ -86.697676, 36.062924 ], [ -86.698227, 36.063049 ], [ -86.698824, 36.063157 ], [ -86.699244, 36.063233 ], [ -86.699554, 36.063241 ], [ -86.699688, 36.063252 ], [ -86.701018, 36.063371 ], [ -86.701462, 36.063411 ], [ -86.701683, 36.06343 ], [ -86.701704, 36.06343 ], [ -86.701942, 36.06344 ], [ -86.702208, 36.063442 ], [ -86.702431, 36.063421 ], [ -86.702458, 36.063419 ], [ -86.702656, 36.063393 ], [ -86.702673, 36.063394 ], [ -86.702653, 36.063422 ], [ -86.702376, 36.063713 ], [ -86.702308, 36.063757 ], [ -86.702139, 36.063807 ], [ -86.702085, 36.063851 ], [ -86.702058, 36.063884 ], [ -86.70199, 36.063999 ], [ -86.701956, 36.064065 ], [ -86.701936, 36.064087 ], [ -86.701889, 36.064114 ], [ -86.701814, 36.064125 ], [ -86.70176, 36.064142 ], [ -86.701726, 36.064158 ], [ -86.701699, 36.064186 ], [ -86.701665, 36.064323 ], [ -86.701659, 36.064428 ], [ -86.701652, 36.064582 ], [ -86.701665, 36.064757 ], [ -86.701686, 36.064895 ], [ -86.701706, 36.064977 ], [ -86.701693, 36.065109 ], [ -86.701652, 36.06523 ], [ -86.701584, 36.06539 ], [ -86.701469, 36.065615 ], [ -86.701402, 36.065807 ], [ -86.701341, 36.066044 ], [ -86.701307, 36.066214 ], [ -86.701293, 36.066423 ], [ -86.701307, 36.066709 ], [ -86.701293, 36.06678 ], [ -86.701273, 36.066857 ], [ -86.701273, 36.066901 ], [ -86.701307, 36.067005 ], [ -86.701327, 36.067082 ], [ -86.701334, 36.067154 ], [ -86.701327, 36.067236 ], [ -86.701307, 36.067341 ], [ -86.701246, 36.067484 ], [ -86.701172, 36.067604 ], [ -86.70109, 36.067714 ], [ -86.701016, 36.06778 ], [ -86.700739, 36.067967 ], [ -86.700657, 36.068039 ], [ -86.700583, 36.068132 ], [ -86.700508, 36.06833 ], [ -86.700411, 36.068666 ], [ -86.700393, 36.068731 ], [ -86.700346, 36.068968 ], [ -86.700312, 36.069171 ], [ -86.700204, 36.069578 ], [ -86.700082, 36.069847 ], [ -86.700021, 36.069951 ], [ -86.699967, 36.070078 ], [ -86.699945, 36.070138 ], [ -86.70011, 36.070154 ], [ -86.700227, 36.070166 ], [ -86.700421, 36.070192 ], [ -86.700604, 36.07023 ], [ -86.700767, 36.070265 ], [ -86.700939, 36.070273 ], [ -86.701051, 36.070279 ], [ -86.701454, 36.07033 ], [ -86.701626, 36.070352 ], [ -86.701898, 36.07035 ], [ -86.702066, 36.070323 ], [ -86.702099, 36.070314 ], [ -86.702228, 36.070281 ], [ -86.702381, 36.070222 ], [ -86.702524, 36.070147 ], [ -86.702655, 36.07006 ], [ -86.70277, 36.069958 ], [ -86.702869, 36.069846 ], [ -86.702919, 36.069777 ], [ -86.702976, 36.069673 ], [ -86.703025, 36.069566 ], [ -86.703065, 36.069457 ], [ -86.703086, 36.069385 ], [ -86.703098, 36.069346 ], [ -86.70312, 36.069234 ], [ -86.703155, 36.068968 ], [ -86.703185, 36.068924 ], [ -86.703226, 36.068762 ], [ -86.703265, 36.068694 ], [ -86.703332, 36.068604 ], [ -86.703412, 36.068522 ], [ -86.703607, 36.068386 ], [ -86.70381, 36.068329 ], [ -86.70409, 36.068252 ], [ -86.70415, 36.068244 ], [ -86.704805, 36.068203 ], [ -86.705268, 36.068178 ], [ -86.705546, 36.06817 ], [ -86.705857, 36.068179 ], [ -86.706056, 36.068199 ], [ -86.706252, 36.068229 ], [ -86.706551, 36.068286 ], [ -86.706736, 36.068322 ], [ -86.707246, 36.068402 ], [ -86.707462, 36.068422 ], [ -86.707674, 36.068431 ], [ -86.707824, 36.068439 ], [ -86.708108, 36.068446 ], [ -86.708313, 36.06844 ], [ -86.708526, 36.068434 ], [ -86.708955, 36.068397 ], [ -86.709385, 36.06836 ], [ -86.709849, 36.068303 ], [ -86.71024, 36.068266 ], [ -86.710669, 36.068227 ], [ -86.710791, 36.068228 ], [ -86.710948, 36.068221 ], [ -86.711363, 36.068216 ], [ -86.711775, 36.068234 ], [ -86.711797, 36.068236 ], [ -86.712011, 36.068258 ], [ -86.712767, 36.068336 ], [ -86.714441, 36.068536 ], [ -86.715162, 36.068624 ], [ -86.716283, 36.068762 ], [ -86.716676, 36.0688 ], [ -86.716858, 36.068812 ], [ -86.717225, 36.068807 ], [ -86.717408, 36.06879 ], [ -86.717592, 36.068764 ], [ -86.717838, 36.068715 ], [ -86.717918, 36.0687 ], [ -86.718215, 36.068611 ], [ -86.718353, 36.06857 ], [ -86.718403, 36.068552 ], [ -86.71863, 36.068472 ], [ -86.718883, 36.068352 ], [ -86.718943, 36.068313 ], [ -86.71911, 36.068207 ], [ -86.719308, 36.068368 ], [ -86.719667, 36.068661 ], [ -86.719895, 36.068862 ], [ -86.720088, 36.069031 ], [ -86.720229, 36.069124 ], [ -86.720288, 36.069163 ], [ -86.72057, 36.06935 ], [ -86.720895, 36.069556 ], [ -86.721099, 36.069685 ], [ -86.721002, 36.069824 ], [ -86.720956, 36.070072 ], [ -86.720967, 36.070289 ], [ -86.720963, 36.070387 ], [ -86.720935, 36.07052 ], [ -86.720853, 36.070809 ], [ -86.720819, 36.070971 ], [ -86.720756, 36.071198 ], [ -86.720623, 36.07172 ], [ -86.720499, 36.072249 ], [ -86.720449, 36.072497 ], [ -86.720326, 36.073124 ], [ -86.720304, 36.073229 ], [ -86.720266, 36.073416 ], [ -86.720242, 36.073547 ], [ -86.720223, 36.073654 ], [ -86.72022, 36.073852 ], [ -86.720227, 36.073921 ], [ -86.720231, 36.073951 ], [ -86.720311, 36.074286 ], [ -86.720324, 36.074423 ], [ -86.720308, 36.074715 ], [ -86.720294, 36.074983 ], [ -86.720004, 36.074989 ], [ -86.71993, 36.074991 ], [ -86.71985, 36.074969 ], [ -86.719421, 36.074956 ], [ -86.719234, 36.074957 ], [ -86.719139, 36.074952 ], [ -86.719047, 36.074949 ], [ -86.718851, 36.074931 ], [ -86.71851, 36.074876 ], [ -86.718493, 36.074874 ], [ -86.718342, 36.074856 ], [ -86.718207, 36.074847 ], [ -86.717969, 36.074855 ], [ -86.7177, 36.074929 ], [ -86.717646, 36.074956 ], [ -86.717588, 36.074992 ], [ -86.717491, 36.075083 ], [ -86.71748, 36.075099 ], [ -86.717425, 36.075191 ], [ -86.717348, 36.075434 ], [ -86.717757, 36.075573 ], [ -86.717942, 36.075656 ], [ -86.718111, 36.075757 ], [ -86.718163, 36.075795 ], [ -86.71819, 36.075814 ], [ -86.718332, 36.07594 ], [ -86.718455, 36.076079 ], [ -86.718554, 36.07623 ], [ -86.718595, 36.076309 ], [ -86.718658, 36.076473 ], [ -86.718761, 36.076909 ], [ -86.718742, 36.077202 ], [ -86.718718, 36.07732 ], [ -86.718525, 36.07798 ], [ -86.718503, 36.078068 ], [ -86.718487, 36.078157 ], [ -86.718481, 36.078263 ], [ -86.718478, 36.078337 ], [ -86.718484, 36.078427 ], [ -86.718497, 36.078517 ], [ -86.718527, 36.078638 ], [ -86.71863, 36.078988 ], [ -86.718683, 36.079131 ], [ -86.718924, 36.079115 ], [ -86.719067, 36.0791 ], [ -86.719116, 36.079096 ], [ -86.719373, 36.079089 ], [ -86.720223, 36.079106 ], [ -86.720425, 36.079111 ], [ -86.720609, 36.079097 ], [ -86.720715, 36.079082 ], [ -86.72076, 36.079077 ], [ -86.72088, 36.079054 ], [ -86.720911, 36.079049 ], [ -86.721059, 36.079014 ], [ -86.721203, 36.07897 ], [ -86.721343, 36.07892 ], [ -86.721471, 36.078867 ], [ -86.721657, 36.07878 ], [ -86.721822, 36.078704 ], [ -86.721906, 36.078662 ], [ -86.722098, 36.078566 ], [ -86.722666, 36.078283 ], [ -86.722845, 36.078207 ], [ -86.722874, 36.078197 ], [ -86.723022, 36.078144 ], [ -86.723065, 36.078131 ], [ -86.723444, 36.078022 ], [ -86.723652, 36.077971 ], [ -86.72385, 36.077924 ], [ -86.724159, 36.077807 ], [ -86.724213, 36.077788 ], [ -86.724353, 36.077742 ], [ -86.724542, 36.077666 ], [ -86.725272, 36.077311 ], [ -86.725342, 36.077278 ], [ -86.725605, 36.077113 ], [ -86.725699, 36.077442 ], [ -86.725984, 36.078431 ], [ -86.726079, 36.078761 ], [ -86.726104, 36.078848 ], [ -86.726129, 36.078935 ], [ -86.726224, 36.079272 ], [ -86.72627, 36.079438 ], [ -86.726318, 36.079608 ], [ -86.726377, 36.07978 ], [ -86.726436, 36.07993 ], [ -86.726457, 36.080023 ], [ -86.726505, 36.080163 ], [ -86.726517, 36.080209 ], [ -86.726738, 36.080849 ], [ -86.72707, 36.082012 ], [ -86.727109, 36.082148 ], [ -86.727254, 36.082615 ], [ -86.727302, 36.082771 ], [ -86.727428, 36.083174 ], [ -86.727441, 36.083242 ], [ -86.727472, 36.083403 ], [ -86.727593, 36.083701 ], [ -86.727716, 36.084005 ], [ -86.727833, 36.084252 ], [ -86.727913, 36.084399 ], [ -86.727993, 36.084508 ], [ -86.728026, 36.084562 ], [ -86.728194, 36.084837 ], [ -86.727971, 36.08493 ], [ -86.727717, 36.085038 ], [ -86.727334, 36.085274 ], [ -86.727129, 36.085401 ], [ -86.727038, 36.08545 ], [ -86.726948, 36.085499 ], [ -86.726324, 36.085836 ], [ -86.725979, 36.086024 ], [ -86.724879, 36.086672 ], [ -86.723988, 36.087205 ], [ -86.723957, 36.087225 ], [ -86.723847, 36.087297 ], [ -86.723649, 36.087416 ], [ -86.723462, 36.087545 ], [ -86.723209, 36.087749 ], [ -86.722783, 36.088137 ], [ -86.722662, 36.088257 ], [ -86.722538, 36.088365 ], [ -86.722437, 36.088442 ], [ -86.722331, 36.088512 ], [ -86.722103, 36.088636 ], [ -86.721623, 36.088859 ], [ -86.721323, 36.088954 ], [ -86.720874, 36.089099 ], [ -86.720787, 36.089136 ], [ -86.720664, 36.08917 ], [ -86.720471, 36.089226 ], [ -86.7203, 36.089282 ], [ -86.720267, 36.089293 ], [ -86.720179, 36.089321 ], [ -86.72007, 36.089521 ], [ -86.72006, 36.089568 ], [ -86.720016, 36.089621 ], [ -86.719767, 36.090077 ], [ -86.719208, 36.090848 ], [ -86.719091, 36.091009 ], [ -86.719066, 36.091089 ], [ -86.718925, 36.091547 ], [ -86.71805, 36.093169 ], [ -86.717936, 36.093226 ], [ -86.717822, 36.093284 ], [ -86.717399, 36.093625 ], [ -86.717264, 36.093849 ], [ -86.717297, 36.093987 ], [ -86.717617, 36.094402 ], [ -86.717547, 36.094637 ], [ -86.717111, 36.094938 ], [ -86.716722, 36.095449 ], [ -86.716217, 36.095835 ], [ -86.716142, 36.096019 ], [ -86.716052, 36.096243 ], [ -86.716034, 36.096258 ], [ -86.716007, 36.096313 ], [ -86.716018, 36.096329 ], [ -86.715993, 36.09639 ], [ -86.715309, 36.096971 ], [ -86.714882, 36.097271 ], [ -86.71472, 36.097486 ], [ -86.714523, 36.097748 ], [ -86.714324, 36.098015 ], [ -86.714012, 36.098587 ], [ -86.713855, 36.098876 ], [ -86.713791, 36.098994 ], [ -86.713798, 36.099448 ], [ -86.713678, 36.099863 ], [ -86.713534, 36.10012 ], [ -86.713318, 36.100295 ], [ -86.712714, 36.10059 ], [ -86.71265, 36.100626 ], [ -86.712143, 36.100916 ], [ -86.712111, 36.100933 ], [ -86.712015, 36.100988 ], [ -86.711984, 36.101007 ], [ -86.712041, 36.10107 ], [ -86.71234, 36.101398 ], [ -86.712537, 36.101604 ], [ -86.71294, 36.102003 ], [ -86.713338, 36.102376 ], [ -86.713411, 36.102445 ], [ -86.713743, 36.102732 ], [ -86.714051, 36.102986 ], [ -86.714592, 36.103406 ], [ -86.714961, 36.103679 ], [ -86.715234, 36.103862 ], [ -86.715375, 36.103948 ], [ -86.715907, 36.104309 ], [ -86.716278, 36.104543 ], [ -86.717353, 36.105247 ], [ -86.717831, 36.105593 ], [ -86.718023, 36.10575 ], [ -86.71809, 36.105804 ], [ -86.718254, 36.105928 ], [ -86.718387, 36.106044 ], [ -86.718682, 36.106276 ], [ -86.719433, 36.106944 ], [ -86.719489, 36.107 ], [ -86.719686, 36.107197 ], [ -86.719799, 36.107332 ], [ -86.719876, 36.107418 ], [ -86.719963, 36.107516 ], [ -86.720152, 36.10771 ], [ -86.720313, 36.107887 ], [ -86.720482, 36.108085 ], [ -86.720679, 36.10835 ], [ -86.72087, 36.108585 ], [ -86.720977, 36.108727 ], [ -86.721321, 36.109184 ], [ -86.721403, 36.109305 ], [ -86.721444, 36.109364 ], [ -86.721511, 36.109463 ], [ -86.721567, 36.109545 ], [ -86.721628, 36.109636 ], [ -86.721702, 36.109747 ], [ -86.721858, 36.109698 ], [ -86.722348, 36.109547 ], [ -86.723316, 36.109266 ], [ -86.723791, 36.109152 ], [ -86.724159, 36.109065 ], [ -86.724561, 36.109034 ], [ -86.724967, 36.109049 ], [ -86.725382, 36.109093 ], [ -86.726773, 36.109326 ], [ -86.726907, 36.109348 ], [ -86.727026, 36.109364 ], [ -86.727632, 36.109449 ], [ -86.72779, 36.109449 ], [ -86.728047, 36.109449 ], [ -86.72846, 36.109533 ], [ -86.728815, 36.109607 ], [ -86.729714, 36.109682 ], [ -86.729845, 36.109693 ], [ -86.730135, 36.109712 ], [ -86.730325, 36.109723 ], [ -86.730679, 36.109719 ], [ -86.730898, 36.109716 ], [ -86.731089, 36.109714 ], [ -86.731303, 36.109712 ], [ -86.731946, 36.109708 ], [ -86.732161, 36.109707 ], [ -86.732433, 36.109731 ], [ -86.733252, 36.109806 ], [ -86.733525, 36.109832 ], [ -86.733628, 36.109841 ], [ -86.733741, 36.109852 ], [ -86.734389, 36.109912 ], [ -86.734605, 36.109933 ], [ -86.734868, 36.109961 ], [ -86.735658, 36.110048 ], [ -86.735922, 36.110077 ], [ -86.736154, 36.1101 ], [ -86.736851, 36.110172 ], [ -86.737084, 36.110196 ], [ -86.73733, 36.110218 ], [ -86.73807, 36.110285 ], [ -86.738317, 36.110308 ], [ -86.7388, 36.110358 ], [ -86.740249, 36.11051 ], [ -86.740732, 36.110561 ], [ -86.740966, 36.110583 ], [ -86.741671, 36.110652 ], [ -86.741906, 36.110676 ], [ -86.742117, 36.110699 ], [ -86.742415, 36.110732 ], [ -86.742751, 36.110769 ], [ -86.742963, 36.110793 ], [ -86.743414, 36.110822 ], [ -86.744767, 36.110912 ], [ -86.745218, 36.110942 ], [ -86.745355, 36.110947 ], [ -86.745767, 36.110962 ], [ -86.745905, 36.110967 ], [ -86.745998, 36.110972 ], [ -86.746091, 36.110978 ], [ -86.746446, 36.111004 ], [ -86.746621, 36.111016 ], [ -86.746801, 36.11103 ], [ -86.746913, 36.111035 ], [ -86.747249, 36.111053 ], [ -86.747361, 36.111059 ], [ -86.747666, 36.111081 ], [ -86.748581, 36.11115 ], [ -86.748887, 36.111173 ], [ -86.749135, 36.111188 ], [ -86.749423, 36.111206 ], [ -86.749882, 36.111234 ], [ -86.749959, 36.111239 ], [ -86.750045, 36.111244 ], [ -86.750131, 36.11125 ], [ -86.750282, 36.111259 ], [ -86.75048, 36.111272 ], [ -86.750736, 36.111287 ], [ -86.750829, 36.111293 ], [ -86.750888, 36.111289 ], [ -86.750901, 36.111287 ], [ -86.750933, 36.111285 ], [ -86.750945, 36.111285 ], [ -86.750988, 36.111282 ], [ -86.751, 36.111281 ], [ -86.751035, 36.111278 ], [ -86.751048, 36.111278 ], [ -86.751096, 36.111275 ], [ -86.751142, 36.111273 ], [ -86.751189, 36.111271 ], [ -86.75124, 36.111269 ], [ -86.751283, 36.111267 ], [ -86.751326, 36.111265 ], [ -86.751338, 36.111264 ], [ -86.751372, 36.111258 ], [ -86.751384, 36.111257 ], [ -86.751397, 36.111255 ], [ -86.75143, 36.111249 ], [ -86.751442, 36.111248 ], [ -86.751454, 36.111246 ], [ -86.751487, 36.111237 ], [ -86.751499, 36.111235 ], [ -86.751541, 36.111225 ], [ -86.751591, 36.111216 ], [ -86.751636, 36.111211 ], [ -86.751676, 36.111206 ], [ -86.75172, 36.1112 ], [ -86.75177, 36.111194 ], [ -86.752116, 36.111151 ], [ -86.752531, 36.111101 ], [ -86.752975, 36.111058 ], [ -86.753156, 36.111042 ], [ -86.753504, 36.111012 ], [ -86.753696, 36.111023 ], [ -86.754156, 36.111051 ], [ -86.754275, 36.111062 ], [ -86.754468, 36.111082 ], [ -86.75462, 36.111097 ], [ -86.754998, 36.111135 ], [ -86.755079, 36.111145 ], [ -86.755232, 36.111164 ], [ -86.755388, 36.111181 ], [ -86.755856, 36.111234 ], [ -86.756013, 36.111252 ], [ -86.756072, 36.111259 ], [ -86.756196, 36.111266 ], [ -86.756223, 36.111268 ], [ -86.756743, 36.111328 ], [ -86.756926, 36.11135 ], [ -86.757042, 36.111364 ], [ -86.757141, 36.111372 ], [ -86.757789, 36.111424 ], [ -86.758005, 36.111442 ], [ -86.758196, 36.111469 ], [ -86.758264, 36.111475 ], [ -86.758961, 36.111541 ], [ -86.759047, 36.11155 ], [ -86.759308, 36.111579 ], [ -86.759381, 36.111587 ], [ -86.759454, 36.111594 ], [ -86.76003, 36.111652 ], [ -86.760526, 36.111702 ], [ -86.761599, 36.11181 ], [ -86.762198, 36.111864 ], [ -86.76226, 36.11187 ], [ -86.762922, 36.111929 ], [ -86.763741, 36.112009 ], [ -86.766198, 36.112252 ], [ -86.767018, 36.112333 ], [ -86.767218, 36.112345 ], [ -86.767818, 36.112382 ], [ -86.768018, 36.112395 ], [ -86.768224, 36.112387 ], [ -86.768281, 36.112386 ], [ -86.76864, 36.11235 ], [ -86.768841, 36.112316 ], [ -86.769021, 36.112292 ], [ -86.769045, 36.11228 ], [ -86.770697, 36.112112 ], [ -86.770756, 36.112128 ], [ -86.770907, 36.112137 ], [ -86.77136, 36.112165 ], [ -86.771512, 36.112175 ], [ -86.771565, 36.112179 ], [ -86.771724, 36.112194 ], [ -86.771777, 36.112199 ], [ -86.771894, 36.112399 ], [ -86.772025, 36.112589 ], [ -86.772171, 36.112831 ], [ -86.772384, 36.113246 ], [ -86.772775, 36.114226 ], [ -86.772929, 36.114671 ], [ -86.772966, 36.114828 ], [ -86.772992, 36.114901 ], [ -86.773011, 36.114953 ], [ -86.773069, 36.115151 ], [ -86.773185, 36.11562 ], [ -86.773199, 36.115679 ], [ -86.773244, 36.115859 ], [ -86.773259, 36.115919 ], [ -86.773292, 36.115913 ], [ -86.773393, 36.115899 ], [ -86.773427, 36.115894 ], [ -86.773454, 36.115889 ], [ -86.77351, 36.115881 ], [ -86.773538, 36.115877 ], [ -86.773566, 36.115875 ], [ -86.77362, 36.115865 ], [ -86.773741, 36.115845 ], [ -86.773785, 36.115839 ], [ -86.773997, 36.115806 ], [ -86.774284, 36.115763 ], [ -86.774612, 36.115725 ], [ -86.774636, 36.115723 ], [ -86.774851, 36.115706 ], [ -86.775387, 36.115662 ], [ -86.775708, 36.115644 ], [ -86.776053, 36.115632 ], [ -86.776176, 36.115633 ], [ -86.776489, 36.115639 ], [ -86.78016, 36.115726 ], [ -86.781489, 36.115758 ], [ -86.781877, 36.115772 ], [ -86.783041, 36.115816 ], [ -86.78343, 36.115831 ], [ -86.783942, 36.115852 ], [ -86.784113, 36.115859 ], [ -86.784453, 36.115874 ], [ -86.78565, 36.115923 ], [ -86.786164, 36.115944 ], [ -86.786848, 36.115973 ], [ -86.786862, 36.116015 ], [ -86.786904, 36.116144 ], [ -86.786918, 36.116187 ], [ -86.787545, 36.116205 ], [ -86.788431, 36.116229 ], [ -86.788445, 36.11623 ], [ -86.788521, 36.116232 ], [ -86.790553, 36.116303 ], [ -86.791697, 36.116335 ], [ -86.79171, 36.116334 ], [ -86.791932, 36.116305 ], [ -86.792507, 36.116292 ], [ -86.792575, 36.116291 ], [ -86.792999, 36.116261 ], [ -86.793428, 36.11624 ], [ -86.793829, 36.11621 ], [ -86.794381, 36.116193 ], [ -86.794766, 36.116163 ], [ -86.7949, 36.116157 ], [ -86.795699, 36.116127 ], [ -86.795783, 36.116124 ], [ -86.796047, 36.116118 ], [ -86.796203, 36.116117 ], [ -86.79646, 36.116116 ], [ -86.796774, 36.116131 ], [ -86.797035, 36.116161 ], [ -86.79727, 36.116205 ], [ -86.797605, 36.116258 ], [ -86.797703, 36.116276 ], [ -86.797813, 36.116297 ], [ -86.798196, 36.116386 ], [ -86.798346, 36.116471 ], [ -86.798623, 36.116587 ], [ -86.798736, 36.116648 ], [ -86.799322, 36.116964 ], [ -86.799948, 36.117446 ], [ -86.800184, 36.117701 ], [ -86.800594, 36.118142 ], [ -86.800897, 36.118488 ], [ -86.801296, 36.118953 ], [ -86.801863, 36.119611 ], [ -86.802502, 36.120354 ], [ -86.803486, 36.121309 ], [ -86.804081, 36.121886 ], [ -86.80428, 36.122029 ], [ -86.804461, 36.122159 ], [ -86.805362, 36.122671 ], [ -86.806492, 36.123118 ], [ -86.806739, 36.123216 ], [ -86.806702, 36.123325 ] ] ] } }
]
}
