{
"type": "FeatureCollection",
"name": "districts",
"crs": { "type": "name", "properties": { "name": "urn:ogc:def:crs:OGC:1.3:CRS84" } },
"features": [
{ "type": "Feature", "properties": { "district_num": "50" }, "geometry": { "type": "Polygon", "coordinates": [ [ [ -87.038772, 36.079156 ], [ -87.038769, 36.079204 ], [ -87.038764, 36.079277 ], [ -87.038715, 36.079928 ], [ -87.038696, 36.080185 ], [ -87.038667, 36.080565 ], [ -87.03858, 36.081705 ], [ -87.038562, 36.081943 ], [ -87.038556, 36.082014 ], [ -87.038551, 36.082086 ], [ -87.03832, 36.082037 ], [ -87.038032, 36.082011 ], [ -87.0377, 36.081982 ], [ -87.03681, 36.082024 ], [ -87.036671, 36.082047 ], [ -87.03651, 36.082086 ], [ -87.036297, 36.082133 ], [ -87.035997, 36.082228 ], [ -87.035728, 36.082335 ], [ -87.035668, 36.0824 ], [ -87.035584, 36.08255 ], [ -87.035567, 36.082571 ], [ -87.035464, 36.08262 ], [ -87.035401, 36.082716 ], [ -87.035342, 36.082874 ], [ -87.035327, 36.08296 ], [ -87.035262, 36.083316 ], [ -87.035302, 36.083645 ], [ -87.035355, 36.084215 ], [ -87.035412, 36.084703 ], [ -87.035447, 36.085006 ], [ -87.035508, 36.085199 ], [ -87.035519, 36.085391 ], [ -87.035528, 36.085542 ], [ -87.035527, 36.085855 ], [ -87.035512, 36.086191 ], [ -87.035511, 36.086431 ], [ -87.038613, 36.086724 ], [ -87.038354, 36.090842 ], [ -87.038337, 36.091189 ], [ -87.038243, 36.092987 ], [ -87.038214, 36.093561 ], [ -87.038201, 36.093796 ], [ -87.0382, 36.09382 ], [ -87.038192, 36.093952 ], [ -87.038181, 36.094169 ], [ -87.038179, 36.094197 ], [ -87.038173, 36.094314 ], [ -87.038168, 36.094418 ], [ -87.037546, 36.094943 ], [ -87.03264, 36.099171 ], [ -87.032109, 36.099626 ], [ -87.029333, 36.10201 ], [ -87.027778, 36.103301 ], [ -87.021306, 36.108672 ], [ -87.020707, 36.109171 ], [ -87.019241, 36.110388 ], [ -87.015238, 36.113714 ], [ -87.008176, 36.119531 ], [ -87.001294, 36.12523 ], [ -86.999889, 36.126515 ], [ -86.997976, 36.128266 ], [ -86.997705, 36.128512 ], [ -86.997681, 36.128656 ], [ -86.997659, 36.128797 ], [ -86.997617, 36.129058 ], [ -86.997438, 36.130174 ], [ -86.997357, 36.130681 ], [ -86.997203, 36.131625 ], [ -86.997157, 36.131911 ], [ -86.996742, 36.134458 ], [ -86.996589, 36.135403 ], [ -86.996436, 36.136344 ], [ -86.995979, 36.139168 ], [ -86.995828, 36.14011 ], [ -86.995513, 36.142157 ], [ -86.994568, 36.148298 ], [ -86.994254, 36.150346 ], [ -86.993832, 36.153085 ], [ -86.992566, 36.161304 ], [ -86.992334, 36.162812 ], [ -86.992111, 36.164038 ], [ -86.99206, 36.164312 ], [ -86.991835, 36.165518 ], [ -86.991644, 36.16654 ], [ -86.991006, 36.169958 ], [ -86.990731, 36.171439 ], [ -86.990673, 36.171747 ], [ -86.9905, 36.172671 ], [ -86.990443, 36.17298 ], [ -86.990264, 36.173935 ], [ -86.990255, 36.173982 ], [ -86.989729, 36.176802 ], [ -86.989551, 36.177758 ], [ -86.988845, 36.181533 ], [ -86.988613, 36.182776 ], [ -86.988102, 36.185519 ], [ -86.985803, 36.197833 ], [ -86.984906, 36.202643 ], [ -86.984867, 36.202852 ], [ -86.984643, 36.204052 ], [ -86.98444, 36.205147 ], [ -86.98423, 36.206274 ], [ -86.983972, 36.207654 ], [ -86.983749, 36.208855 ], [ -86.983719, 36.208996 ], [ -86.983642, 36.209401 ], [ -86.983638, 36.209422 ], [ -86.983613, 36.209566 ], [ -86.983978, 36.209631 ], [ -86.984281, 36.209685 ], [ -86.984821, 36.209858 ], [ -86.985033, 36.209966 ], [ -86.985206, 36.210054 ], [ -86.985255, 36.210061 ], [ -86.985158, 36.210479 ], [ -86.985041, 36.211001 ], [ -86.984855, 36.211813 ], [ -86.984849, 36.21184 ], [ -86.984805, 36.211976 ], [ -86.984698, 36.212307 ], [ -86.984547, 36.212892 ], [ -86.984379, 36.213454 ], [ -86.984312, 36.21368 ], [ -86.984262, 36.213846 ], [ -86.984609, 36.213997 ], [ -86.984966, 36.214151 ], [ -86.985233, 36.214265 ], [ -86.985794, 36.214408 ], [ -86.987282, 36.214787 ], [ -86.987668, 36.214898 ], [ -86.987751, 36.214688 ], [ -86.987878, 36.214363 ], [ -86.987884, 36.214346 ], [ -86.988032, 36.214388 ], [ -86.988046, 36.214392 ], [ -86.988205, 36.214438 ], [ -86.988055, 36.215127 ], [ -86.988021, 36.215184 ], [ -86.987922, 36.215356 ], [ -86.98789, 36.215414 ], [ -86.987831, 36.215515 ], [ -86.987358, 36.215369 ], [ -86.986518, 36.215109 ], [ -86.985606, 36.214828 ], [ -86.985422, 36.214771 ], [ -86.985023, 36.214647 ], [ -86.984915, 36.214611 ], [ -86.984902, 36.214607 ], [ -86.984581, 36.214541 ], [ -86.98447, 36.214519 ], [ -86.984077, 36.214437 ], [ -86.983981, 36.214321 ], [ -86.984018, 36.214237 ], [ -86.982427, 36.21373 ], [ -86.982381, 36.213718 ], [ -86.98233, 36.213704 ], [ -86.982253, 36.213876 ], [ -86.982205, 36.213832 ], [ -86.982152, 36.213981 ], [ -86.982058, 36.214247 ], [ -86.981781, 36.215039 ], [ -86.98154, 36.215308 ], [ -86.980924, 36.215662 ], [ -86.980596, 36.215921 ], [ -86.980417, 36.216369 ], [ -86.98041, 36.216531 ], [ -86.980404, 36.216692 ], [ -86.980411, 36.216731 ], [ -86.980414, 36.216995 ], [ -86.980416, 36.217289 ], [ -86.980674, 36.217777 ], [ -86.980751, 36.21792 ], [ -86.981025, 36.218428 ], [ -86.981149, 36.218658 ], [ -86.981171, 36.218711 ], [ -86.981204, 36.218788 ], [ -86.981229, 36.218848 ], [ -86.983602, 36.22446 ], [ -86.98394, 36.225257 ], [ -86.984007, 36.225419 ], [ -86.983825, 36.225882 ], [ -86.982903, 36.228235 ], [ -86.977642, 36.241657 ], [ -86.975393, 36.247397 ], [ -86.975236, 36.247792 ], [ -86.974766, 36.248978 ], [ -86.97461, 36.249374 ], [ -86.974404, 36.249908 ], [ -86.972443, 36.252942 ], [ -86.971728, 36.25405 ], [ -86.971356, 36.254628 ], [ -86.966055, 36.262831 ], [ -86.966046, 36.262844 ], [ -86.965629, 36.263488 ], [ -86.963358, 36.267004 ], [ -86.960138, 36.271983 ], [ -86.959873, 36.272395 ], [ -86.95771, 36.275797 ], [ -86.956513, 36.276634 ], [ -86.956393, 36.27673 ], [ -86.956183, 36.276863 ], [ -86.956118, 36.276883 ], [ -86.949156, 36.281514 ], [ -86.948967, 36.281638 ], [ -86.94878, 36.281763 ], [ -86.947873, 36.282367 ], [ -86.947789, 36.282426 ], [ -86.944061, 36.28881 ], [ -86.943681, 36.289461 ], [ -86.942368, 36.291759 ], [ -86.942331, 36.291822 ], [ -86.940573, 36.295041 ], [ -86.940536, 36.295111 ], [ -86.933571, 36.307533 ], [ -86.933562, 36.307549 ], [ -86.933327, 36.307968 ], [ -86.933299, 36.308017 ], [ -86.932768, 36.308922 ], [ -86.92516, 36.322068 ], [ -86.923296, 36.325301 ], [ -86.923272, 36.325379 ], [ -86.923258, 36.325427 ], [ -86.922975, 36.325963 ], [ -86.922747, 36.326466 ], [ -86.922026, 36.328055 ], [ -86.921506, 36.329332 ], [ -86.921493, 36.32936 ], [ -86.921472, 36.329401 ], [ -86.921315, 36.329702 ], [ -86.921282, 36.329763 ], [ -86.920798, 36.3307 ], [ -86.920753, 36.330825 ], [ -86.920742, 36.330855 ], [ -86.920233, 36.332256 ], [ -86.918709, 36.336463 ], [ -86.918202, 36.337867 ], [ -86.917903, 36.338692 ], [ -86.917522, 36.339746 ], [ -86.917518, 36.339757 ], [ -86.917466, 36.33989 ], [ -86.917398, 36.340075 ], [ -86.917241, 36.340494 ], [ -86.917177, 36.340664 ], [ -86.916795, 36.341679 ], [ -86.916647, 36.342074 ], [ -86.916455, 36.342585 ], [ -86.915878, 36.344118 ], [ -86.915687, 36.34463 ], [ -86.915178, 36.346037 ], [ -86.913651, 36.35026 ], [ -86.913143, 36.351668 ], [ -86.911127, 36.357261 ], [ -86.909959, 36.360493 ], [ -86.910202, 36.361024 ], [ -86.910328, 36.361291 ], [ -86.910446, 36.361664 ], [ -86.910456, 36.362222 ], [ -86.910419, 36.362348 ], [ -86.910308, 36.362736 ], [ -86.910001, 36.363278 ], [ -86.909598, 36.363692 ], [ -86.909191, 36.364021 ], [ -86.907874, 36.364899 ], [ -86.907454, 36.364889 ], [ -86.907259, 36.364885 ], [ -86.907146, 36.364934 ], [ -86.906781, 36.365328 ], [ -86.90649, 36.36576 ], [ -86.906358, 36.365955 ], [ -86.906254, 36.366218 ], [ -86.906262, 36.366346 ], [ -86.906275, 36.366532 ], [ -86.906503, 36.366955 ], [ -86.90694, 36.367574 ], [ -86.90725, 36.367916 ], [ -86.907294, 36.367948 ], [ -86.907814, 36.368334 ], [ -86.907866, 36.368373 ], [ -86.908004, 36.368554 ], [ -86.908004, 36.368596 ], [ -86.908011, 36.368869 ], [ -86.907801, 36.369372 ], [ -86.907789, 36.369512 ], [ -86.907794, 36.369559 ], [ -86.907819, 36.369757 ], [ -86.907879, 36.369879 ], [ -86.907947, 36.370018 ], [ -86.908151, 36.370249 ], [ -86.90828, 36.370313 ], [ -86.908488, 36.370416 ], [ -86.909583, 36.370799 ], [ -86.909849, 36.371137 ], [ -86.90991, 36.371215 ], [ -86.909958, 36.371567 ], [ -86.909913, 36.371714 ], [ -86.910131, 36.371658 ], [ -86.910121, 36.371672 ], [ -86.910096, 36.371725 ], [ -86.910069, 36.371778 ], [ -86.91004, 36.37183 ], [ -86.909992, 36.371906 ], [ -86.90994, 36.37198 ], [ -86.909903, 36.372028 ], [ -86.909864, 36.372076 ], [ -86.909818, 36.372128 ], [ -86.911344, 36.372174 ], [ -86.911424, 36.372087 ], [ -86.911583, 36.371906 ], [ -86.911923, 36.371719 ], [ -86.911958, 36.371712 ], [ -86.911993, 36.371707 ], [ -86.912028, 36.371702 ], [ -86.912064, 36.371698 ], [ -86.912099, 36.371695 ], [ -86.912135, 36.371693 ], [ -86.912171, 36.371692 ], [ -86.912206, 36.371691 ], [ -86.912242, 36.371692 ], [ -86.912278, 36.371693 ], [ -86.912314, 36.371695 ], [ -86.912349, 36.371698 ], [ -86.912385, 36.371702 ], [ -86.912418, 36.371702 ], [ -86.912451, 36.3717 ], [ -86.912484, 36.371696 ], [ -86.912517, 36.37169 ], [ -86.912548, 36.371682 ], [ -86.912579, 36.371672 ], [ -86.912609, 36.37166 ], [ -86.912638, 36.371647 ], [ -86.912665, 36.371631 ], [ -86.912691, 36.371614 ], [ -86.913025, 36.371385 ], [ -86.913055, 36.37137 ], [ -86.913086, 36.371356 ], [ -86.913118, 36.371343 ], [ -86.91315, 36.371332 ], [ -86.913195, 36.371319 ], [ -86.913218, 36.371314 ], [ -86.913253, 36.371307 ], [ -86.913288, 36.371302 ], [ -86.913323, 36.371299 ], [ -86.913363, 36.371297 ], [ -86.913622, 36.371293 ], [ -86.913722, 36.371272 ], [ -86.913873, 36.371188 ], [ -86.913924, 36.371121 ], [ -86.913938, 36.371113 ], [ -86.913952, 36.371104 ], [ -86.913965, 36.371096 ], [ -86.91398, 36.371088 ], [ -86.913994, 36.37108 ], [ -86.914008, 36.371072 ], [ -86.914023, 36.371065 ], [ -86.914037, 36.371058 ], [ -86.914052, 36.37105 ], [ -86.914064, 36.371045 ], [ -86.914154, 36.371043 ], [ -86.914177, 36.371055 ], [ -86.9142, 36.371067 ], [ -86.914224, 36.371078 ], [ -86.914249, 36.371088 ], [ -86.914274, 36.371097 ], [ -86.914299, 36.371105 ], [ -86.914327, 36.371119 ], [ -86.914356, 36.37112 ], [ -86.914378, 36.371124 ], [ -86.914405, 36.371129 ], [ -86.914514, 36.371139 ], [ -86.914652, 36.371114 ], [ -86.914759, 36.371118 ], [ -86.914859, 36.371092 ], [ -86.91497, 36.371078 ], [ -86.915151, 36.371037 ], [ -86.915255, 36.371037 ], [ -86.915625, 36.370867 ], [ -86.915962, 36.370893 ], [ -86.915379, 36.372057 ], [ -86.914732, 36.373346 ], [ -86.916058, 36.373512 ], [ -86.914937, 36.378073 ], [ -86.912639, 36.377939 ], [ -86.912709, 36.377211 ], [ -86.912579, 36.377256 ], [ -86.912412, 36.377345 ], [ -86.912245, 36.377516 ], [ -86.912199, 36.377554 ], [ -86.912073, 36.377148 ], [ -86.910818, 36.378123 ], [ -86.909807, 36.379192 ], [ -86.910051, 36.379416 ], [ -86.910785, 36.380088 ], [ -86.910818, 36.380118 ], [ -86.911042, 36.380251 ], [ -86.911069, 36.380252 ], [ -86.911129, 36.380302 ], [ -86.912054, 36.380851 ], [ -86.912376, 36.381254 ], [ -86.912767, 36.381954 ], [ -86.913212, 36.382591 ], [ -86.913216, 36.382601 ], [ -86.913223, 36.38261 ], [ -86.913233, 36.382621 ], [ -86.913276, 36.382683 ], [ -86.913406, 36.38287 ], [ -86.91345, 36.382933 ], [ -86.913466, 36.382956 ], [ -86.913774, 36.38321 ], [ -86.91416, 36.383442 ], [ -86.914169, 36.383461 ], [ -86.914208, 36.383541 ], [ -86.912922, 36.383586 ], [ -86.912683, 36.383684 ], [ -86.912544, 36.383823 ], [ -86.912496, 36.384529 ], [ -86.912523, 36.384952 ], [ -86.91239, 36.385213 ], [ -86.911947, 36.385779 ], [ -86.91164, 36.386105 ], [ -86.911522, 36.386232 ], [ -86.911328, 36.386703 ], [ -86.911129, 36.3875 ], [ -86.910869, 36.38814 ], [ -86.910481, 36.388763 ], [ -86.90963, 36.389899 ], [ -86.909354, 36.390128 ], [ -86.909198, 36.390256 ], [ -86.909014, 36.390359 ], [ -86.908675, 36.390457 ], [ -86.908261, 36.390486 ], [ -86.907101, 36.390404 ], [ -86.904764, 36.38959 ], [ -86.904384, 36.389499 ], [ -86.904114, 36.389497 ], [ -86.903281, 36.38954 ], [ -86.902697, 36.389362 ], [ -86.90245, 36.389271 ], [ -86.902186, 36.389258 ], [ -86.901308, 36.389065 ], [ -86.901132, 36.389061 ], [ -86.900872, 36.389106 ], [ -86.900479, 36.389276 ], [ -86.899595, 36.389826 ], [ -86.899134, 36.389962 ], [ -86.898957, 36.389967 ], [ -86.898938, 36.389979 ], [ -86.898908, 36.389969 ], [ -86.898531, 36.389974 ], [ -86.898196, 36.389921 ], [ -86.897518, 36.3896 ], [ -86.89697, 36.389464 ], [ -86.894298, 36.389097 ], [ -86.89405, 36.388901 ], [ -86.893861, 36.388528 ], [ -86.893676, 36.388331 ], [ -86.893406, 36.388212 ], [ -86.892057, 36.387896 ], [ -86.8915, 36.38762 ], [ -86.891246, 36.387418 ], [ -86.890967, 36.387264 ], [ -86.890655, 36.387077 ], [ -86.89059, 36.387065 ], [ -86.890523, 36.387053 ], [ -86.890195, 36.386994 ], [ -86.889257, 36.38667 ], [ -86.888992, 36.386428 ], [ -86.888339, 36.38568 ], [ -86.886932, 36.384542 ], [ -86.886565, 36.384212 ], [ -86.886522, 36.384093 ], [ -86.886495, 36.384023 ], [ -86.886543, 36.383747 ], [ -86.886688, 36.383402 ], [ -86.886645, 36.383182 ], [ -86.886399, 36.382778 ], [ -86.886097, 36.382486 ], [ -86.886027, 36.38234 ], [ -86.885893, 36.38212 ], [ -86.885634, 36.381777 ], [ -86.884857, 36.381268 ], [ -86.884612, 36.381123 ], [ -86.884374, 36.380932 ], [ -86.884305, 36.380888 ], [ -86.884061, 36.380821 ], [ -86.883914, 36.380743 ], [ -86.883711, 36.380569 ], [ -86.883403, 36.380333 ], [ -86.88318, 36.380289 ], [ -86.882809, 36.380275 ], [ -86.882447, 36.38031 ], [ -86.882001, 36.380391 ], [ -86.881695, 36.380551 ], [ -86.881376, 36.380851 ], [ -86.881187, 36.38092 ], [ -86.881013, 36.380909 ], [ -86.880818, 36.380854 ], [ -86.880076, 36.38022 ], [ -86.879754, 36.379991 ], [ -86.878649, 36.378677 ], [ -86.878611, 36.378631 ], [ -86.878533, 36.378367 ], [ -86.878608, 36.37782 ], [ -86.878606, 36.377492 ], [ -86.878563, 36.377278 ], [ -86.878395, 36.377116 ], [ -86.878359, 36.377009 ], [ -86.878359, 36.376902 ], [ -86.878476, 36.37663 ], [ -86.878615, 36.376438 ], [ -86.878684, 36.376308 ], [ -86.878642, 36.376094 ], [ -86.878687, 36.37569 ], [ -86.878694, 36.375459 ], [ -86.878782, 36.375052 ], [ -86.87883, 36.374678 ], [ -86.878681, 36.374194 ], [ -86.878606, 36.374029 ], [ -86.878244, 36.373709 ], [ -86.878199, 36.373602 ], [ -86.878125, 36.373454 ], [ -86.878032, 36.373209 ], [ -86.877925, 36.372836 ], [ -86.877906, 36.372612 ], [ -86.877798, 36.372446 ], [ -86.877636, 36.372309 ], [ -86.877483, 36.372191 ], [ -86.877297, 36.372091 ], [ -86.877146, 36.372041 ], [ -86.877079, 36.372018 ], [ -86.87702, 36.371998 ], [ -86.876958, 36.371977 ], [ -86.876869, 36.371947 ], [ -86.8768, 36.371932 ], [ -86.876731, 36.37192 ], [ -86.876661, 36.37191 ], [ -86.876591, 36.371902 ], [ -86.876521, 36.371896 ], [ -86.876485, 36.371895 ], [ -86.876379, 36.371893 ], [ -86.87631, 36.371894 ], [ -86.876244, 36.371892 ], [ -86.876116, 36.371892 ], [ -86.875988, 36.3719 ], [ -86.875867, 36.371929 ], [ -86.875765, 36.371994 ], [ -86.8757, 36.372006 ], [ -86.875346, 36.372225 ], [ -86.875237, 36.372313 ], [ -86.875053, 36.372802 ], [ -86.874999, 36.372841 ], [ -86.87475, 36.372952 ], [ -86.874759, 36.373024 ], [ -86.874736, 36.373163 ], [ -86.874704, 36.373232 ], [ -86.874677, 36.373293 ], [ -86.874584, 36.373415 ], [ -86.874497, 36.373501 ], [ -86.874334, 36.373698 ], [ -86.873926, 36.373858 ], [ -86.873355, 36.374007 ], [ -86.872812, 36.374078 ], [ -86.872166, 36.374227 ], [ -86.871915, 36.374238 ], [ -86.871765, 36.374211 ], [ -86.87152, 36.374129 ], [ -86.871337, 36.374079 ], [ -86.87046, 36.374211 ], [ -86.870168, 36.37419 ], [ -86.869753, 36.373888 ], [ -86.869447, 36.373651 ], [ -86.8694, 36.373333 ], [ -86.86933, 36.373245 ], [ -86.869258, 36.373135 ], [ -86.869175, 36.373052 ], [ -86.869054, 36.372921 ], [ -86.86895, 36.372827 ], [ -86.86887, 36.372771 ], [ -86.868714, 36.372675 ], [ -86.868635, 36.372641 ], [ -86.868578, 36.372617 ], [ -86.86848, 36.372569 ], [ -86.86837, 36.372515 ], [ -86.868277, 36.372459 ], [ -86.868116, 36.372348 ], [ -86.867929, 36.372211 ], [ -86.867774, 36.372107 ], [ -86.8677, 36.372057 ], [ -86.867585, 36.37198 ], [ -86.867431, 36.371888 ], [ -86.867254, 36.371862 ], [ -86.86717, 36.371845 ], [ -86.866763, 36.371854 ], [ -86.866585, 36.371785 ], [ -86.866393, 36.371514 ], [ -86.866351, 36.371455 ], [ -86.866212, 36.371301 ], [ -86.866059, 36.371132 ], [ -86.866004, 36.371093 ], [ -86.865857, 36.370988 ], [ -86.865755, 36.370907 ], [ -86.865673, 36.370842 ], [ -86.865446, 36.370703 ], [ -86.865087, 36.370547 ], [ -86.864823, 36.370422 ], [ -86.864534, 36.370294 ], [ -86.864219, 36.370182 ], [ -86.864105, 36.370144 ], [ -86.863488, 36.369942 ], [ -86.863305, 36.369883 ], [ -86.863023, 36.369802 ], [ -86.862709, 36.369726 ], [ -86.862683, 36.369719 ], [ -86.862582, 36.369694 ], [ -86.86214, 36.369569 ], [ -86.862191, 36.369703 ], [ -86.862195, 36.369824 ], [ -86.862213, 36.370357 ], [ -86.862274, 36.371479 ], [ -86.862295, 36.371865 ], [ -86.862326, 36.372447 ], [ -86.862584, 36.377239 ], [ -86.862622, 36.377938 ], [ -86.862783, 36.381035 ], [ -86.862796, 36.381171 ], [ -86.858665, 36.380738 ], [ -86.857531, 36.380619 ], [ -86.852919, 36.380135 ], [ -86.853303, 36.377245 ], [ -86.854299, 36.369796 ], [ -86.854037, 36.369561 ], [ -86.853801, 36.369437 ], [ -86.853454, 36.369179 ], [ -86.852863, 36.369223 ], [ -86.852639, 36.36908 ], [ -86.852265, 36.368751 ], [ -86.851816, 36.368245 ], [ -86.851646, 36.368091 ], [ -86.851646, 36.367926 ], [ -86.851666, 36.367718 ], [ -86.851558, 36.36736 ], [ -86.851442, 36.367102 ], [ -86.851136, 36.366866 ], [ -86.850681, 36.366613 ], [ -86.850083, 36.366416 ], [ -86.849661, 36.366377 ], [ -86.849349, 36.36641 ], [ -86.848812, 36.366526 ], [ -86.848554, 36.366537 ], [ -86.848289, 36.366526 ], [ -86.84799, 36.366444 ], [ -86.847616, 36.366246 ], [ -86.847167, 36.365971 ], [ -86.846841, 36.365845 ], [ -86.846556, 36.365785 ], [ -86.846025, 36.365702 ], [ -86.845183, 36.36545 ], [ -86.844693, 36.365285 ], [ -86.844469, 36.365148 ], [ -86.844265, 36.364642 ], [ -86.844183, 36.364213 ], [ -86.844075, 36.36406 ], [ -86.843171, 36.363554 ], [ -86.842566, 36.363269 ], [ -86.842192, 36.363219 ], [ -86.841907, 36.363236 ], [ -86.841594, 36.363285 ], [ -86.841295, 36.363219 ], [ -86.84084, 36.362901 ], [ -86.840751, 36.362741 ], [ -86.840772, 36.362566 ], [ -86.84086, 36.362461 ], [ -86.841023, 36.362318 ], [ -86.841043, 36.362208 ], [ -86.840962, 36.361939 ], [ -86.840805, 36.361741 ], [ -86.840513, 36.361417 ], [ -86.840078, 36.361159 ], [ -86.839657, 36.360939 ], [ -86.839507, 36.360785 ], [ -86.839004, 36.359928 ], [ -86.838861, 36.359615 ], [ -86.838644, 36.359378 ], [ -86.838134, 36.358911 ], [ -86.837957, 36.358785 ], [ -86.837183, 36.358467 ], [ -86.836773, 36.35838 ], [ -86.836614, 36.360246 ], [ -86.834514, 36.359843 ], [ -86.834687, 36.358044 ], [ -86.834689, 36.357864 ], [ -86.834414, 36.357891 ], [ -86.834241, 36.357894 ], [ -86.834068, 36.357888 ], [ -86.833969, 36.357877 ], [ -86.833902, 36.357863 ], [ -86.833811, 36.357825 ], [ -86.833733, 36.357772 ], [ -86.83367, 36.357708 ], [ -86.833626, 36.357633 ], [ -86.833602, 36.357553 ], [ -86.833599, 36.357526 ], [ -86.8336, 36.357471 ], [ -86.833619, 36.35739 ], [ -86.833633, 36.357307 ], [ -86.833653, 36.357195 ], [ -86.833729, 36.356834 ], [ -86.833756, 36.356724 ], [ -86.83301, 36.356832 ], [ -86.832599, 36.356187 ], [ -86.830728, 36.355995 ], [ -86.830844, 36.354917 ], [ -86.83085, 36.354834 ], [ -86.830856, 36.354735 ], [ -86.830871, 36.354632 ], [ -86.830879, 36.354586 ], [ -86.830884, 36.354544 ], [ -86.830885, 36.354502 ], [ -86.830878, 36.354447 ], [ -86.830863, 36.354392 ], [ -86.830853, 36.354365 ], [ -86.830827, 36.354313 ], [ -86.83081, 36.354303 ], [ -86.830791, 36.354288 ], [ -86.83078, 36.354278 ], [ -86.830756, 36.35425 ], [ -86.830737, 36.354219 ], [ -86.830727, 36.354192 ], [ -86.830722, 36.354169 ], [ -86.830693, 36.354117 ], [ -86.830629, 36.354016 ], [ -86.830558, 36.353918 ], [ -86.830479, 36.353823 ], [ -86.830288, 36.353546 ], [ -86.830206, 36.35343 ], [ -86.829918, 36.353394 ], [ -86.829472, 36.353336 ], [ -86.829053, 36.353286 ], [ -86.828998, 36.35325 ], [ -86.828951, 36.353208 ], [ -86.82893, 36.353185 ], [ -86.828912, 36.353161 ], [ -86.828895, 36.353136 ], [ -86.828882, 36.35311 ], [ -86.828862, 36.353055 ], [ -86.828853, 36.352999 ], [ -86.828852, 36.35297 ], [ -86.828856, 36.352929 ], [ -86.828866, 36.352886 ], [ -86.828876, 36.352859 ], [ -86.828903, 36.352806 ], [ -86.82894, 36.352758 ], [ -86.828975, 36.352724 ], [ -86.829011, 36.352695 ], [ -86.82866, 36.352483 ], [ -86.828613, 36.352455 ], [ -86.828363, 36.352304 ], [ -86.82809, 36.352167 ], [ -86.827249, 36.351747 ], [ -86.826787, 36.351524 ], [ -86.826622, 36.351445 ], [ -86.826578, 36.351409 ], [ -86.826409, 36.351273 ], [ -86.825696, 36.350699 ], [ -86.825777, 36.35037 ], [ -86.82587, 36.350304 ], [ -86.826423, 36.349882 ], [ -86.825915, 36.349635 ], [ -86.825631, 36.349734 ], [ -86.825538, 36.349771 ], [ -86.825506, 36.349786 ], [ -86.825053, 36.349817 ], [ -86.824784, 36.349872 ], [ -86.82468, 36.349977 ], [ -86.824583, 36.3502 ], [ -86.824518, 36.350475 ], [ -86.824491, 36.35059 ], [ -86.824385, 36.350786 ], [ -86.824269, 36.351002 ], [ -86.824162, 36.351153 ], [ -86.824075, 36.351275 ], [ -86.823882, 36.35133 ], [ -86.823613, 36.351385 ], [ -86.823386, 36.351478 ], [ -86.823311, 36.351523 ], [ -86.823151, 36.351622 ], [ -86.823083, 36.351648 ], [ -86.822933, 36.351705 ], [ -86.822779, 36.351677 ], [ -86.821974, 36.351632 ], [ -86.821671, 36.351675 ], [ -86.821235, 36.351816 ], [ -86.820993, 36.352017 ], [ -86.820852, 36.352169 ], [ -86.820724, 36.352223 ], [ -86.820482, 36.352255 ], [ -86.820181, 36.352255 ], [ -86.819698, 36.352194 ], [ -86.819516, 36.352226 ], [ -86.819341, 36.352307 ], [ -86.819113, 36.352454 ], [ -86.818889, 36.352704 ], [ -86.818844, 36.352753 ], [ -86.818647, 36.352874 ], [ -86.818436, 36.352874 ], [ -86.817954, 36.35277 ], [ -86.817594, 36.352869 ], [ -86.817288, 36.353023 ], [ -86.817016, 36.353143 ], [ -86.81667, 36.352968 ], [ -86.815936, 36.352825 ], [ -86.815664, 36.352759 ], [ -86.815372, 36.352797 ], [ -86.815168, 36.352902 ], [ -86.814638, 36.353105 ], [ -86.813884, 36.353319 ], [ -86.813184, 36.353534 ], [ -86.812981, 36.35356 ], [ -86.812925, 36.353563 ], [ -86.812871, 36.353574 ], [ -86.812491, 36.353622 ], [ -86.812351, 36.353677 ], [ -86.811948, 36.353836 ], [ -86.811194, 36.354028 ], [ -86.810812, 36.354227 ], [ -86.810768, 36.354342 ], [ -86.810752, 36.354385 ], [ -86.810549, 36.354472 ], [ -86.810386, 36.354555 ], [ -86.810339, 36.354576 ], [ -86.810183, 36.354655 ], [ -86.809682, 36.354815 ], [ -86.809184, 36.354989 ], [ -86.80886, 36.355004 ], [ -86.808833, 36.355012 ], [ -86.808805, 36.355018 ], [ -86.808785, 36.35502 ], [ -86.80876, 36.355022 ], [ -86.808734, 36.355023 ], [ -86.808709, 36.355022 ], [ -86.808659, 36.355015 ], [ -86.808601, 36.355021 ], [ -86.808531, 36.355032 ], [ -86.808451, 36.355048 ], [ -86.80839, 36.355064 ], [ -86.808359, 36.355072 ], [ -86.808309, 36.355088 ], [ -86.808247, 36.35511 ], [ -86.808191, 36.355133 ], [ -86.808127, 36.35516 ], [ -86.808015, 36.35521 ], [ -86.807945, 36.355242 ], [ -86.807827, 36.3553 ], [ -86.807779, 36.355328 ], [ -86.807706, 36.35536 ], [ -86.807639, 36.355385 ], [ -86.807569, 36.355406 ], [ -86.807531, 36.355416 ], [ -86.807498, 36.355424 ], [ -86.807448, 36.355435 ], [ -86.80739, 36.355445 ], [ -86.807248, 36.355442 ], [ -86.807071, 36.355434 ], [ -86.806789, 36.355415 ], [ -86.806613, 36.355398 ], [ -86.806232, 36.355418 ], [ -86.806099, 36.355439 ], [ -86.806006, 36.355444 ], [ -86.805922, 36.355437 ], [ -86.805721, 36.35542 ], [ -86.805615, 36.355421 ], [ -86.805516, 36.355433 ], [ -86.80541, 36.355454 ], [ -86.805339, 36.355479 ], [ -86.805306, 36.355489 ], [ -86.80527, 36.355497 ], [ -86.805234, 36.355504 ], [ -86.805197, 36.355509 ], [ -86.80516, 36.355513 ], [ -86.805123, 36.355515 ], [ -86.805086, 36.355515 ], [ -86.805048, 36.355513 ], [ -86.805025, 36.355508 ], [ -86.805, 36.355504 ], [ -86.804975, 36.355503 ], [ -86.804947, 36.355505 ], [ -86.804902, 36.355511 ], [ -86.804878, 36.355518 ], [ -86.804856, 36.355527 ], [ -86.804835, 36.355538 ], [ -86.804824, 36.355544 ], [ -86.804501, 36.355391 ], [ -86.804202, 36.355363 ], [ -86.803781, 36.355363 ], [ -86.803428, 36.355396 ], [ -86.803278, 36.355473 ], [ -86.803142, 36.355655 ], [ -86.803113, 36.355707 ], [ -86.803097, 36.355715 ], [ -86.803066, 36.355759 ], [ -86.803033, 36.35581 ], [ -86.803002, 36.355862 ], [ -86.802973, 36.355913 ], [ -86.802961, 36.355931 ], [ -86.802923, 36.355986 ], [ -86.802803, 36.356117 ], [ -86.802728, 36.356149 ], [ -86.802685, 36.356207 ], [ -86.80258, 36.356266 ], [ -86.802529, 36.3563 ], [ -86.802482, 36.35636 ], [ -86.802468, 36.356398 ], [ -86.802468, 36.356465 ], [ -86.802495, 36.356527 ], [ -86.802527, 36.356563 ], [ -86.80257, 36.3566 ], [ -86.802625, 36.356673 ], [ -86.802637, 36.3567 ], [ -86.802649, 36.356738 ], [ -86.802578, 36.35682 ], [ -86.802266, 36.357034 ], [ -86.801953, 36.357232 ], [ -86.801647, 36.357386 ], [ -86.801294, 36.357446 ], [ -86.800934, 36.357452 ], [ -86.800431, 36.357419 ], [ -86.80018, 36.357578 ], [ -86.800023, 36.357605 ], [ -86.799786, 36.357699 ], [ -86.799697, 36.357831 ], [ -86.799425, 36.358056 ], [ -86.799228, 36.358105 ], [ -86.799018, 36.358105 ], [ -86.798447, 36.358386 ], [ -86.798134, 36.358413 ], [ -86.798066, 36.358545 ], [ -86.797951, 36.358605 ], [ -86.797713, 36.35866 ], [ -86.79757, 36.358754 ], [ -86.797539, 36.358802 ], [ -86.79747, 36.358866 ], [ -86.797442, 36.358919 ], [ -86.797434, 36.358948 ], [ -86.797431, 36.358985 ], [ -86.797434, 36.359034 ], [ -86.797434, 36.359082 ], [ -86.797431, 36.359116 ], [ -86.797424, 36.359148 ], [ -86.797416, 36.359176 ], [ -86.797405, 36.359204 ], [ -86.797385, 36.359241 ], [ -86.797358, 36.359281 ], [ -86.797339, 36.359305 ], [ -86.797316, 36.359327 ], [ -86.797294, 36.359349 ], [ -86.797272, 36.359372 ], [ -86.797251, 36.359395 ], [ -86.797231, 36.359419 ], [ -86.797212, 36.359443 ], [ -86.797175, 36.359492 ], [ -86.797158, 36.359517 ], [ -86.79711, 36.359603 ], [ -86.797047, 36.359611 ], [ -86.796809, 36.35955 ], [ -86.796571, 36.359506 ], [ -86.796266, 36.359534 ], [ -86.795871, 36.359611 ], [ -86.795287, 36.359754 ], [ -86.795015, 36.359874 ], [ -86.794703, 36.359885 ], [ -86.794098, 36.35983 ], [ -86.793704, 36.359825 ], [ -86.793378, 36.359885 ], [ -86.792427, 36.359846 ], [ -86.792128, 36.359797 ], [ -86.791761, 36.359791 ], [ -86.79153, 36.359802 ], [ -86.791237, 36.359863 ], [ -86.790904, 36.359956 ], [ -86.790259, 36.360038 ], [ -86.789552, 36.360071 ], [ -86.789179, 36.360077 ], [ -86.78873, 36.359978 ], [ -86.788438, 36.359967 ], [ -86.788091, 36.359939 ], [ -86.788006, 36.359859 ], [ -86.787874, 36.359736 ], [ -86.787677, 36.359648 ], [ -86.787357, 36.35964 ], [ -86.787377, 36.359786 ], [ -86.787311, 36.359854 ], [ -86.787257, 36.359901 ], [ -86.78723, 36.359936 ], [ -86.787203, 36.359989 ], [ -86.78719, 36.360042 ], [ -86.78718, 36.360081 ], [ -86.787178, 36.360134 ], [ -86.787154, 36.360202 ], [ -86.787146, 36.360255 ], [ -86.787147, 36.360304 ], [ -86.787142, 36.360367 ], [ -86.787145, 36.360424 ], [ -86.787154, 36.36047 ], [ -86.78716, 36.36051 ], [ -86.787182, 36.36056 ], [ -86.787199, 36.360604 ], [ -86.787218, 36.360652 ], [ -86.787243, 36.360696 ], [ -86.787268, 36.360747 ], [ -86.787318, 36.360852 ], [ -86.78737, 36.360917 ], [ -86.787398, 36.360993 ], [ -86.787407, 36.361031 ], [ -86.787443, 36.361097 ], [ -86.787482, 36.361191 ], [ -86.787523, 36.361259 ], [ -86.787554, 36.361321 ], [ -86.787584, 36.361399 ], [ -86.787604, 36.361446 ], [ -86.787707, 36.362192 ], [ -86.787696, 36.362269 ], [ -86.787678, 36.362333 ], [ -86.787662, 36.362392 ], [ -86.787652, 36.362445 ], [ -86.787649, 36.362491 ], [ -86.787647, 36.362533 ], [ -86.787653, 36.362583 ], [ -86.787659, 36.362623 ], [ -86.78767, 36.362667 ], [ -86.78769, 36.362788 ], [ -86.7877, 36.362915 ], [ -86.78771, 36.363067 ], [ -86.787723, 36.363284 ], [ -86.787662, 36.363473 ], [ -86.787585, 36.363687 ], [ -86.787521, 36.363824 ], [ -86.787506, 36.363894 ], [ -86.787504, 36.364006 ], [ -86.787499, 36.364079 ], [ -86.787463, 36.364198 ], [ -86.787439, 36.364246 ], [ -86.787412, 36.364297 ], [ -86.787402, 36.364409 ], [ -86.787333, 36.364585 ], [ -86.787256, 36.364755 ], [ -86.787155, 36.364964 ], [ -86.787094, 36.365136 ], [ -86.787081, 36.3652 ], [ -86.787073, 36.365255 ], [ -86.787044, 36.365316 ], [ -86.787026, 36.365398 ], [ -86.786989, 36.365479 ], [ -86.786942, 36.365767 ], [ -86.787047, 36.365822 ], [ -86.787317, 36.365918 ], [ -86.78768, 36.366014 ], [ -86.788272, 36.366319 ], [ -86.788284, 36.366341 ], [ -86.788326, 36.366413 ], [ -86.788341, 36.366438 ], [ -86.788483, 36.366868 ], [ -86.788752, 36.367451 ], [ -86.789293, 36.368285 ], [ -86.789388, 36.368406 ], [ -86.789421, 36.368448 ], [ -86.789866, 36.368738 ], [ -86.790571, 36.368962 ], [ -86.791946, 36.369321 ], [ -86.792156, 36.369492 ], [ -86.792122, 36.369865 ], [ -86.791915, 36.370328 ], [ -86.791788, 36.370784 ], [ -86.791702, 36.371342 ], [ -86.791599, 36.372174 ], [ -86.791506, 36.372927 ], [ -86.791484, 36.373123 ], [ -86.791237, 36.375352 ], [ -86.791095, 36.376363 ], [ -86.791034, 36.37676 ], [ -86.790949, 36.376834 ], [ -86.790865, 36.376852 ], [ -86.790765, 36.376874 ], [ -86.789856, 36.376879 ], [ -86.788806, 36.376886 ], [ -86.788327, 36.37689 ], [ -86.788163, 36.376901 ], [ -86.788028, 36.376916 ], [ -86.787896, 36.376939 ], [ -86.787636, 36.377005 ], [ -86.787512, 36.377048 ], [ -86.787344, 36.377118 ], [ -86.786828, 36.377491 ], [ -86.786675, 36.377631 ], [ -86.785844, 36.378397 ], [ -86.785749, 36.378484 ], [ -86.784909, 36.379281 ], [ -86.784735, 36.379441 ], [ -86.784651, 36.379533 ], [ -86.784446, 36.379762 ], [ -86.784274, 36.380096 ], [ -86.784253, 36.380217 ], [ -86.784163, 36.381046 ], [ -86.784129, 36.381192 ], [ -86.784075, 36.381325 ], [ -86.784001, 36.381452 ], [ -86.783805, 36.381677 ], [ -86.783757, 36.381748 ], [ -86.783726, 36.381827 ], [ -86.783748, 36.38207 ], [ -86.783795, 36.382148 ], [ -86.783956, 36.382369 ], [ -86.784301, 36.382898 ], [ -86.784355, 36.383004 ], [ -86.784366, 36.383281 ], [ -86.784342, 36.383348 ], [ -86.784209, 36.383526 ], [ -86.784147, 36.383576 ], [ -86.784078, 36.383619 ], [ -86.783924, 36.38368 ], [ -86.783786, 36.383692 ], [ -86.783337, 36.383735 ], [ -86.783157, 36.383733 ], [ -86.782798, 36.383707 ], [ -86.782621, 36.383702 ], [ -86.782307, 36.383717 ], [ -86.782301, 36.383701 ], [ -86.782293, 36.383685 ], [ -86.782282, 36.38367 ], [ -86.782269, 36.383656 ], [ -86.782253, 36.383641 ], [ -86.782238, 36.383631 ], [ -86.78222, 36.383621 ], [ -86.782201, 36.383612 ], [ -86.782181, 36.383606 ], [ -86.78216, 36.383601 ], [ -86.782133, 36.383592 ], [ -86.782106, 36.383584 ], [ -86.782079, 36.383577 ], [ -86.782051, 36.383569 ], [ -86.782024, 36.383562 ], [ -86.781996, 36.383555 ], [ -86.781974, 36.38355 ], [ -86.781941, 36.383542 ], [ -86.781913, 36.383536 ], [ -86.781885, 36.38353 ], [ -86.781852, 36.38352 ], [ -86.781819, 36.383512 ], [ -86.781785, 36.383506 ], [ -86.781751, 36.383501 ], [ -86.781716, 36.383497 ], [ -86.781682, 36.383494 ], [ -86.781647, 36.383493 ], [ -86.781612, 36.383494 ], [ -86.781578, 36.383496 ], [ -86.781543, 36.383499 ], [ -86.781509, 36.383504 ], [ -86.781475, 36.38351 ], [ -86.781442, 36.383518 ], [ -86.781409, 36.383527 ], [ -86.781377, 36.383537 ], [ -86.781352, 36.383543 ], [ -86.78133, 36.383553 ], [ -86.781312, 36.383568 ], [ -86.781298, 36.383585 ], [ -86.78129, 36.383605 ], [ -86.781288, 36.383625 ], [ -86.781292, 36.383645 ], [ -86.781302, 36.383664 ], [ -86.781318, 36.383681 ], [ -86.781337, 36.383694 ], [ -86.781351, 36.383707 ], [ -86.781365, 36.383721 ], [ -86.781377, 36.383735 ], [ -86.781389, 36.383749 ], [ -86.781401, 36.383764 ], [ -86.781414, 36.383789 ], [ -86.781429, 36.383814 ], [ -86.781445, 36.383838 ], [ -86.781463, 36.383861 ], [ -86.781483, 36.383884 ], [ -86.781504, 36.383905 ], [ -86.781526, 36.383926 ], [ -86.78155, 36.383946 ], [ -86.781575, 36.383964 ], [ -86.781601, 36.383982 ], [ -86.781625, 36.383996 ], [ -86.781661, 36.384016 ], [ -86.781635, 36.384039 ], [ -86.781524, 36.384137 ], [ -86.782015, 36.38463 ], [ -86.782211, 36.384827 ], [ -86.781037, 36.386211 ], [ -86.780587, 36.386743 ], [ -86.780587, 36.386777 ], [ -86.780617, 36.387025 ], [ -86.780647, 36.387147 ], [ -86.780655, 36.387168 ], [ -86.780734, 36.387384 ], [ -86.781035, 36.387866 ], [ -86.781158, 36.387887 ], [ -86.781312, 36.388258 ], [ -86.781371, 36.388344 ], [ -86.781445, 36.388502 ], [ -86.781506, 36.388632 ], [ -86.781649, 36.388985 ], [ -86.781685, 36.389075 ], [ -86.781694, 36.389097 ], [ -86.781893, 36.389588 ], [ -86.781365, 36.390049 ], [ -86.781199, 36.39019 ], [ -86.779997, 36.390523 ], [ -86.777749, 36.39115 ], [ -86.777207, 36.391297 ], [ -86.776553, 36.391431 ], [ -86.773736, 36.392454 ], [ -86.773421, 36.392399 ], [ -86.773328, 36.392382 ], [ -86.772923, 36.392497 ], [ -86.772877, 36.392496 ], [ -86.772822, 36.392495 ], [ -86.772694, 36.392495 ], [ -86.772661, 36.392504 ], [ -86.772609, 36.392519 ], [ -86.772564, 36.392663 ], [ -86.772431, 36.393096 ], [ -86.772387, 36.393241 ], [ -86.771813, 36.393266 ], [ -86.77009, 36.393343 ], [ -86.769517, 36.393369 ], [ -86.769329, 36.393445 ], [ -86.768767, 36.393674 ], [ -86.768648, 36.393724 ], [ -86.768581, 36.393752 ], [ -86.768405, 36.393768 ], [ -86.767876, 36.393819 ], [ -86.767701, 36.393837 ], [ -86.767677, 36.393839 ], [ -86.767607, 36.393847 ], [ -86.767584, 36.393851 ], [ -86.767428, 36.393863 ], [ -86.76696, 36.393901 ], [ -86.766805, 36.393915 ], [ -86.766329, 36.393985 ], [ -86.764901, 36.394197 ], [ -86.764426, 36.394268 ], [ -86.764409, 36.394271 ], [ -86.764359, 36.394282 ], [ -86.764343, 36.394286 ], [ -86.76433, 36.394289 ], [ -86.764294, 36.394996 ], [ -86.764233, 36.395061 ], [ -86.764213, 36.395081 ], [ -86.76411, 36.395179 ], [ -86.764099, 36.395191 ], [ -86.764088, 36.395202 ], [ -86.764076, 36.395213 ], [ -86.764063, 36.395223 ], [ -86.764049, 36.395233 ], [ -86.764035, 36.395242 ], [ -86.76402, 36.395251 ], [ -86.764004, 36.395258 ], [ -86.763988, 36.395265 ], [ -86.763972, 36.395272 ], [ -86.763944, 36.395287 ], [ -86.763918, 36.395303 ], [ -86.763893, 36.395321 ], [ -86.76387, 36.39534 ], [ -86.763848, 36.39536 ], [ -86.763827, 36.395381 ], [ -86.763809, 36.395403 ], [ -86.763792, 36.395426 ], [ -86.763777, 36.39545 ], [ -86.763765, 36.395475 ], [ -86.763666, 36.395645 ], [ -86.76364, 36.395678 ], [ -86.763621, 36.395707 ], [ -86.76361, 36.395738 ], [ -86.763607, 36.395787 ], [ -86.763616, 36.395819 ], [ -86.763625, 36.395877 ], [ -86.763629, 36.395935 ], [ -86.763629, 36.395993 ], [ -86.763615, 36.396109 ], [ -86.763601, 36.396167 ], [ -86.763592, 36.396195 ], [ -86.76356, 36.396239 ], [ -86.763568, 36.396271 ], [ -86.763566, 36.396297 ], [ -86.763568, 36.396324 ], [ -86.763572, 36.39635 ], [ -86.763579, 36.396375 ], [ -86.76359, 36.3964 ], [ -86.763603, 36.396424 ], [ -86.763619, 36.396447 ], [ -86.763629, 36.396505 ], [ -86.763632, 36.396534 ], [ -86.763633, 36.396563 ], [ -86.763633, 36.396592 ], [ -86.763629, 36.396641 ], [ -86.763522, 36.396842 ], [ -86.763492, 36.396898 ], [ -86.763394, 36.397094 ], [ -86.764825, 36.39814 ], [ -86.764808, 36.398223 ], [ -86.764739, 36.398452 ], [ -86.764636, 36.398757 ], [ -86.764492, 36.399089 ], [ -86.764265, 36.399552 ], [ -86.764151, 36.399722 ], [ -86.764023, 36.399837 ], [ -86.76393, 36.399896 ], [ -86.763848, 36.399936 ], [ -86.763736, 36.399981 ], [ -86.763613, 36.400009 ], [ -86.763444, 36.40004 ], [ -86.763116, 36.400087 ], [ -86.76287, 36.400131 ], [ -86.762668, 36.400162 ], [ -86.762475, 36.400214 ], [ -86.762231, 36.400318 ], [ -86.760792, 36.400794 ], [ -86.760557, 36.400717 ], [ -86.758072, 36.399867 ], [ -86.756597, 36.400441 ], [ -86.755195, 36.402458 ], [ -86.755183, 36.404148 ], [ -86.755098, 36.404433 ], [ -86.754795, 36.405496 ], [ -86.753895, 36.404295 ], [ -86.752986, 36.404362 ], [ -86.752304, 36.404412 ], [ -86.752178, 36.404467 ], [ -86.751994, 36.404556 ], [ -86.75191, 36.404579 ], [ -86.751829, 36.404593 ], [ -86.751731, 36.404613 ], [ -86.751663, 36.404633 ], [ -86.751598, 36.404667 ], [ -86.751476, 36.404709 ], [ -86.75143, 36.404729 ], [ -86.751352, 36.404763 ], [ -86.751281, 36.404783 ], [ -86.751229, 36.404793 ], [ -86.751135, 36.404788 ], [ -86.751042, 36.404751 ], [ -86.750941, 36.404726 ], [ -86.750829, 36.404689 ], [ -86.750736, 36.404637 ], [ -86.750592, 36.404638 ], [ -86.750511, 36.40466 ], [ -86.750235, 36.404612 ], [ -86.750135, 36.404588 ], [ -86.750048, 36.404579 ], [ -86.748493, 36.404694 ], [ -86.747306, 36.404017 ], [ -86.746153, 36.403359 ], [ -86.746122, 36.403341 ], [ -86.74588, 36.403204 ], [ -86.745693, 36.403097 ], [ -86.745945, 36.401196 ], [ -86.74609, 36.400093 ], [ -86.746088, 36.400044 ], [ -86.746095, 36.399963 ], [ -86.746106, 36.399899 ], [ -86.746116, 36.399818 ], [ -86.746118, 36.399734 ], [ -86.74606, 36.399644 ], [ -86.745978, 36.399575 ], [ -86.745896, 36.399522 ], [ -86.745852, 36.399481 ], [ -86.745832, 36.399463 ], [ -86.745756, 36.399415 ], [ -86.745734, 36.399405 ], [ -86.745661, 36.399368 ], [ -86.74563, 36.399339 ], [ -86.745586, 36.399307 ], [ -86.745545, 36.39927 ], [ -86.745493, 36.399222 ], [ -86.745474, 36.399208 ], [ -86.745446, 36.399178 ], [ -86.745383, 36.399128 ], [ -86.745312, 36.399095 ], [ -86.745241, 36.39906 ], [ -86.745209, 36.399052 ], [ -86.745105, 36.399042 ], [ -86.745038, 36.399049 ], [ -86.744978, 36.39908 ], [ -86.744913, 36.399098 ], [ -86.744893, 36.3991 ], [ -86.744713, 36.398952 ], [ -86.744696, 36.398873 ], [ -86.744687, 36.398845 ], [ -86.744674, 36.398807 ], [ -86.744602, 36.398728 ], [ -86.744556, 36.398678 ], [ -86.744525, 36.398643 ], [ -86.744484, 36.398608 ], [ -86.744438, 36.398586 ], [ -86.744276, 36.398464 ], [ -86.744216, 36.398432 ], [ -86.744159, 36.398366 ], [ -86.744131, 36.398336 ], [ -86.744128, 36.398248 ], [ -86.744122, 36.398213 ], [ -86.744119, 36.398187 ], [ -86.744094, 36.398123 ], [ -86.74408, 36.398099 ], [ -86.744069, 36.398066 ], [ -86.744039, 36.398033 ], [ -86.743913, 36.397983 ], [ -86.743845, 36.397946 ], [ -86.743812, 36.397942 ], [ -86.74379, 36.397929 ], [ -86.743763, 36.397909 ], [ -86.743744, 36.397896 ], [ -86.743716, 36.397868 ], [ -86.7437, 36.397846 ], [ -86.743686, 36.397826 ], [ -86.743656, 36.397776 ], [ -86.743631, 36.397723 ], [ -86.743603, 36.397708 ], [ -86.74356, 36.397693 ], [ -86.743508, 36.397728 ], [ -86.743483, 36.397743 ], [ -86.741712, 36.397346 ], [ -86.741674, 36.397337 ], [ -86.741679, 36.397296 ], [ -86.74174, 36.396778 ], [ -86.741795, 36.396373 ], [ -86.741799, 36.396342 ], [ -86.741397, 36.395282 ], [ -86.741397, 36.395247 ], [ -86.741407, 36.395223 ], [ -86.741416, 36.395192 ], [ -86.741416, 36.395146 ], [ -86.74142, 36.395071 ], [ -86.74145, 36.395021 ], [ -86.741466, 36.39497 ], [ -86.741484, 36.394906 ], [ -86.741492, 36.394866 ], [ -86.741497, 36.394836 ], [ -86.741499, 36.394794 ], [ -86.741504, 36.394754 ], [ -86.741504, 36.39473 ], [ -86.741507, 36.39471 ], [ -86.741506, 36.394675 ], [ -86.741503, 36.394658 ], [ -86.7415, 36.394623 ], [ -86.741497, 36.394596 ], [ -86.741489, 36.394572 ], [ -86.741491, 36.394539 ], [ -86.741486, 36.394504 ], [ -86.74148, 36.394471 ], [ -86.741474, 36.39444 ], [ -86.741466, 36.394405 ], [ -86.74146, 36.39437 ], [ -86.741454, 36.394339 ], [ -86.741446, 36.394317 ], [ -86.741432, 36.394293 ], [ -86.741418, 36.394267 ], [ -86.741402, 36.394234 ], [ -86.74136, 36.39416 ], [ -86.741333, 36.394151 ], [ -86.741305, 36.394127 ], [ -86.741275, 36.394103 ], [ -86.741234, 36.394095 ], [ -86.741221, 36.394073 ], [ -86.741196, 36.394031 ], [ -86.741187, 36.393998 ], [ -86.741184, 36.39393 ], [ -86.741213, 36.393871 ], [ -86.741235, 36.393846 ], [ -86.741275, 36.393769 ], [ -86.741296, 36.393712 ], [ -86.741312, 36.393685 ], [ -86.741328, 36.393663 ], [ -86.741333, 36.393626 ], [ -86.741341, 36.393591 ], [ -86.741341, 36.393571 ], [ -86.741351, 36.393529 ], [ -86.741365, 36.393478 ], [ -86.741367, 36.393452 ], [ -86.74137, 36.39343 ], [ -86.741358, 36.393393 ], [ -86.741366, 36.393342 ], [ -86.74136, 36.393298 ], [ -86.741346, 36.393276 ], [ -86.741338, 36.393217 ], [ -86.741343, 36.393184 ], [ -86.741334, 36.393156 ], [ -86.741307, 36.393123 ], [ -86.741263, 36.39308 ], [ -86.741241, 36.393062 ], [ -86.741214, 36.393033 ], [ -86.741151, 36.393005 ], [ -86.741113, 36.392988 ], [ -86.741066, 36.392973 ], [ -86.741023, 36.392966 ], [ -86.740985, 36.392962 ], [ -86.74096, 36.392962 ], [ -86.740917, 36.392954 ], [ -86.740884, 36.392941 ], [ -86.740846, 36.392928 ], [ -86.740794, 36.392902 ], [ -86.740742, 36.392893 ], [ -86.740701, 36.392874 ], [ -86.740638, 36.392802 ], [ -86.74064, 36.392771 ], [ -86.740637, 36.392736 ], [ -86.740632, 36.392707 ], [ -86.740631, 36.392672 ], [ -86.740636, 36.392643 ], [ -86.740639, 36.392604 ], [ -86.740638, 36.392583 ], [ -86.740636, 36.39254 ], [ -86.740649, 36.392485 ], [ -86.740651, 36.392435 ], [ -86.74065, 36.392338 ], [ -86.740671, 36.392263 ], [ -86.74067, 36.392213 ], [ -86.740659, 36.392186 ], [ -86.740659, 36.392162 ], [ -86.740643, 36.392138 ], [ -86.740631, 36.392094 ], [ -86.740628, 36.392037 ], [ -86.740617, 36.392017 ], [ -86.740611, 36.39196 ], [ -86.740581, 36.391912 ], [ -86.740542, 36.391871 ], [ -86.740526, 36.39184 ], [ -86.740484, 36.391787 ], [ -86.740451, 36.391735 ], [ -86.740451, 36.391669 ], [ -86.740434, 36.391647 ], [ -86.74045, 36.391607 ], [ -86.74046, 36.391552 ], [ -86.740468, 36.391508 ], [ -86.740484, 36.391423 ], [ -86.740507, 36.391271 ], [ -86.740496, 36.39124 ], [ -86.740487, 36.391209 ], [ -86.740469, 36.391153 ], [ -86.740465, 36.391139 ], [ -86.740462, 36.391097 ], [ -86.740439, 36.391049 ], [ -86.740415, 36.391014 ], [ -86.740353, 36.390933 ], [ -86.740315, 36.390865 ], [ -86.74028, 36.390817 ], [ -86.740241, 36.390765 ], [ -86.740213, 36.390717 ], [ -86.740205, 36.390671 ], [ -86.740196, 36.390635 ], [ -86.740169, 36.390572 ], [ -86.740155, 36.390526 ], [ -86.740132, 36.390486 ], [ -86.740097, 36.390465 ], [ -86.740059, 36.390439 ], [ -86.740009, 36.390412 ], [ -86.73996, 36.390378 ], [ -86.739867, 36.390314 ], [ -86.739839, 36.390288 ], [ -86.739829, 36.390279 ], [ -86.739804, 36.390253 ], [ -86.739758, 36.390225 ], [ -86.739711, 36.390208 ], [ -86.73966, 36.390197 ], [ -86.739624, 36.39018 ], [ -86.739591, 36.390147 ], [ -86.739553, 36.390112 ], [ -86.739482, 36.390086 ], [ -86.739395, 36.390045 ], [ -86.739291, 36.389995 ], [ -86.73922, 36.389962 ], [ -86.73916, 36.389926 ], [ -86.739098, 36.389875 ], [ -86.738916, 36.389744 ], [ -86.738867, 36.389709 ], [ -86.738813, 36.389668 ], [ -86.73876, 36.389633 ], [ -86.738733, 36.389616 ], [ -86.738705, 36.389599 ], [ -86.738677, 36.389583 ], [ -86.738649, 36.389567 ], [ -86.738619, 36.389554 ], [ -86.738591, 36.389536 ], [ -86.738562, 36.389521 ], [ -86.738533, 36.389506 ], [ -86.738503, 36.389492 ], [ -86.738472, 36.389478 ], [ -86.738442, 36.389465 ], [ -86.738411, 36.389452 ], [ -86.73838, 36.38944 ], [ -86.738349, 36.389427 ], [ -86.738317, 36.389417 ], [ -86.738286, 36.389405 ], [ -86.738254, 36.389394 ], [ -86.738222, 36.389384 ], [ -86.738189, 36.389374 ], [ -86.738156, 36.389364 ], [ -86.738124, 36.389355 ], [ -86.738091, 36.389347 ], [ -86.738058, 36.389339 ], [ -86.738024, 36.389331 ], [ -86.737991, 36.389324 ], [ -86.737958, 36.389316 ], [ -86.737924, 36.389308 ], [ -86.737891, 36.389299 ], [ -86.737858, 36.389291 ], [ -86.737826, 36.389282 ], [ -86.737793, 36.389273 ], [ -86.73776, 36.389264 ], [ -86.737727, 36.389254 ], [ -86.737695, 36.389245 ], [ -86.737663, 36.389235 ], [ -86.73763, 36.389225 ], [ -86.737598, 36.389215 ], [ -86.737566, 36.389204 ], [ -86.737534, 36.389193 ], [ -86.737502, 36.389183 ], [ -86.73747, 36.389171 ], [ -86.737438, 36.38916 ], [ -86.737407, 36.389149 ], [ -86.737375, 36.389137 ], [ -86.737344, 36.389125 ], [ -86.737313, 36.389113 ], [ -86.737282, 36.389101 ], [ -86.737189, 36.389063 ], [ -86.737097, 36.389023 ], [ -86.736977, 36.388968 ], [ -86.736918, 36.388939 ], [ -86.736859, 36.388909 ], [ -86.736801, 36.388878 ], [ -86.736744, 36.388847 ], [ -86.736715, 36.388831 ], [ -86.736687, 36.388815 ], [ -86.736635, 36.388777 ], [ -86.736583, 36.388739 ], [ -86.736531, 36.388701 ], [ -86.736454, 36.388642 ], [ -86.736378, 36.388584 ], [ -86.736302, 36.388525 ], [ -86.736227, 36.388465 ], [ -86.736153, 36.388404 ], [ -86.736104, 36.388364 ], [ -86.736051, 36.388329 ], [ -86.735974, 36.388275 ], [ -86.735901, 36.388218 ], [ -86.735831, 36.388157 ], [ -86.735765, 36.388094 ], [ -86.735703, 36.388028 ], [ -86.735641, 36.387956 ], [ -86.735558, 36.387842 ], [ -86.735497, 36.387744 ], [ -86.735451, 36.387665 ], [ -86.735396, 36.38759 ], [ -86.735333, 36.387519 ], [ -86.735263, 36.387453 ], [ -86.735213, 36.387411 ], [ -86.735187, 36.387391 ], [ -86.73516, 36.387372 ], [ -86.73514, 36.387349 ], [ -86.735113, 36.387319 ], [ -86.734651, 36.386988 ], [ -86.734552, 36.386868 ], [ -86.733987, 36.386231 ], [ -86.73343, 36.385835 ], [ -86.733097, 36.385335 ], [ -86.73296, 36.385061 ], [ -86.732804, 36.384396 ], [ -86.732783, 36.383962 ], [ -86.732688, 36.383659 ], [ -86.732375, 36.383192 ], [ -86.732028, 36.382835 ], [ -86.731736, 36.382632 ], [ -86.731409, 36.382495 ], [ -86.731176, 36.382282 ], [ -86.731049, 36.382165 ], [ -86.730682, 36.381649 ], [ -86.730611, 36.381529 ], [ -86.73045, 36.381259 ], [ -86.730413, 36.381052 ], [ -86.730375, 36.38083 ], [ -86.730334, 36.380671 ], [ -86.730236, 36.380454 ], [ -86.730151, 36.380264 ], [ -86.730108, 36.379918 ], [ -86.730069, 36.379605 ], [ -86.730075, 36.379231 ], [ -86.729988, 36.378888 ], [ -86.729946, 36.37872 ], [ -86.729934, 36.378547 ], [ -86.729912, 36.378236 ], [ -86.729886, 36.378066 ], [ -86.729852, 36.377844 ], [ -86.729837, 36.377742 ], [ -86.729632, 36.377027 ], [ -86.729474, 36.376684 ], [ -86.729415, 36.376555 ], [ -86.729217, 36.376324 ], [ -86.729187, 36.376303 ], [ -86.729054, 36.376213 ], [ -86.728776, 36.375967 ], [ -86.728715, 36.375875 ], [ -86.728626, 36.375742 ], [ -86.728599, 36.375637 ], [ -86.728558, 36.375472 ], [ -86.728561, 36.375372 ], [ -86.728571, 36.375049 ], [ -86.728611, 36.374366 ], [ -86.728614, 36.374238 ], [ -86.728624, 36.373926 ], [ -86.728619, 36.373861 ], [ -86.728605, 36.373697 ], [ -86.728597, 36.373597 ], [ -86.728549, 36.373382 ], [ -86.728484, 36.373224 ], [ -86.728372, 36.373106 ], [ -86.728298, 36.373031 ], [ -86.727876, 36.372641 ], [ -86.72772, 36.372459 ], [ -86.727529, 36.372316 ], [ -86.72742, 36.37208 ], [ -86.72742, 36.371767 ], [ -86.727502, 36.371454 ], [ -86.727488, 36.371146 ], [ -86.72742, 36.370954 ], [ -86.727345, 36.370525 ], [ -86.727216, 36.370168 ], [ -86.727046, 36.369871 ], [ -86.72678, 36.369184 ], [ -86.726665, 36.368849 ], [ -86.72663, 36.368624 ], [ -86.72661, 36.367975 ], [ -86.726576, 36.367805 ], [ -86.726413, 36.367453 ], [ -86.726311, 36.367206 ], [ -86.726317, 36.366755 ], [ -86.726337, 36.366447 ], [ -86.726371, 36.366173 ], [ -86.726344, 36.365958 ], [ -86.726269, 36.36575 ], [ -86.726201, 36.365497 ], [ -86.725868, 36.364898 ], [ -86.725779, 36.364695 ], [ -86.725732, 36.364535 ], [ -86.725636, 36.364277 ], [ -86.725527, 36.363898 ], [ -86.725459, 36.363612 ], [ -86.725432, 36.363348 ], [ -86.725534, 36.362837 ], [ -86.72552, 36.362628 ], [ -86.725438, 36.362392 ], [ -86.725384, 36.362002 ], [ -86.725397, 36.361842 ], [ -86.725499, 36.361623 ], [ -86.725696, 36.36143 ], [ -86.725934, 36.361238 ], [ -86.726138, 36.361045 ], [ -86.726192, 36.360972 ], [ -86.72619, 36.360906 ], [ -86.726126, 36.360741 ], [ -86.725846, 36.360023 ], [ -86.725835, 36.359994 ], [ -86.724956, 36.357736 ], [ -86.725042, 36.35738 ], [ -86.725069, 36.35716 ], [ -86.725035, 36.356869 ], [ -86.724994, 36.356253 ], [ -86.725007, 36.355946 ], [ -86.725068, 36.355621 ], [ -86.725068, 36.355462 ], [ -86.72483, 36.355209 ], [ -86.72483, 36.355072 ], [ -86.724905, 36.354907 ], [ -86.724939, 36.354792 ], [ -86.724946, 36.354687 ], [ -86.724837, 36.354506 ], [ -86.72483, 36.354491 ], [ -86.724782, 36.35439 ], [ -86.724803, 36.354242 ], [ -86.724905, 36.353995 ], [ -86.724775, 36.353571 ], [ -86.72468, 36.353429 ], [ -86.724306, 36.353115 ], [ -86.724055, 36.352962 ], [ -86.723851, 36.352797 ], [ -86.723695, 36.352583 ], [ -86.723586, 36.352401 ], [ -86.723436, 36.352225 ], [ -86.723049, 36.35194 ], [ -86.722879, 36.351775 ], [ -86.722791, 36.351627 ], [ -86.722768, 36.351313 ], [ -86.722722, 36.35067 ], [ -86.722763, 36.350148 ], [ -86.722824, 36.349857 ], [ -86.722898, 36.349593 ], [ -86.722993, 36.349335 ], [ -86.723632, 36.348488 ], [ -86.723672, 36.348347 ], [ -86.723679, 36.348323 ], [ -86.723672, 36.348032 ], [ -86.723618, 36.347867 ], [ -86.723495, 36.34768 ], [ -86.723244, 36.347488 ], [ -86.722904, 36.347301 ], [ -86.722598, 36.347109 ], [ -86.722394, 36.346889 ], [ -86.722367, 36.346631 ], [ -86.722409, 36.346523 ], [ -86.722428, 36.346477 ], [ -86.722313, 36.346307 ], [ -86.722122, 36.346175 ], [ -86.721715, 36.345972 ], [ -86.721586, 36.345812 ], [ -86.721626, 36.345697 ], [ -86.721762, 36.345648 ], [ -86.722197, 36.345598 ], [ -86.722312, 36.345483 ], [ -86.722299, 36.345241 ], [ -86.722185, 36.34516 ], [ -86.722129, 36.34512 ], [ -86.722054, 36.345048 ], [ -86.722006, 36.344939 ], [ -86.722081, 36.344713 ], [ -86.722047, 36.344383 ], [ -86.721636, 36.343893 ], [ -86.72149, 36.343719 ], [ -86.721299, 36.343329 ], [ -86.72119, 36.342993 ], [ -86.721129, 36.34268 ], [ -86.721095, 36.342345 ], [ -86.721058, 36.342102 ], [ -86.721054, 36.342076 ], [ -86.720959, 36.341911 ], [ -86.720673, 36.341601 ], [ -86.720516, 36.341431 ], [ -86.720157, 36.341043 ], [ -86.720053, 36.340918 ], [ -86.719919, 36.340757 ], [ -86.719904, 36.340743 ], [ -86.719818, 36.340667 ], [ -86.719715, 36.340576 ], [ -86.719553, 36.340449 ], [ -86.719464, 36.340379 ], [ -86.719342, 36.340284 ], [ -86.719297, 36.340243 ], [ -86.719097, 36.340059 ], [ -86.718934, 36.339779 ], [ -86.718938, 36.339731 ], [ -86.718941, 36.339707 ], [ -86.718866, 36.339532 ], [ -86.718689, 36.33937 ], [ -86.718662, 36.339345 ], [ -86.71839, 36.339169 ], [ -86.71818, 36.33907 ], [ -86.718059, 36.339041 ], [ -86.717936, 36.339013 ], [ -86.717827, 36.338987 ], [ -86.717813, 36.338983 ], [ -86.717771, 36.338974 ], [ -86.717758, 36.338971 ], [ -86.717588, 36.33885 ], [ -86.717578, 36.33884 ], [ -86.717262, 36.33851 ], [ -86.717128, 36.338347 ], [ -86.716986, 36.338177 ], [ -86.716793, 36.338004 ], [ -86.716591, 36.337845 ], [ -86.716553, 36.337815 ], [ -86.716344, 36.337624 ], [ -86.716047, 36.337117 ], [ -86.715851, 36.336856 ], [ -86.715455, 36.336507 ], [ -86.715259, 36.336362 ], [ -86.714863, 36.336177 ], [ -86.714502, 36.336049 ], [ -86.714272, 36.335992 ], [ -86.713983, 36.335807 ], [ -86.713687, 36.335521 ], [ -86.713095, 36.335027 ], [ -86.712821, 36.3349 ], [ -86.712496, 36.334797 ], [ -86.712021, 36.334733 ], [ -86.711495, 36.334613 ], [ -86.711076, 36.334445 ], [ -86.710723, 36.334259 ], [ -86.710376, 36.334004 ], [ -86.710074, 36.333726 ], [ -86.709929, 36.333657 ], [ -86.709781, 36.333615 ], [ -86.709716, 36.33361 ], [ -86.709697, 36.333606 ], [ -86.709508, 36.333571 ], [ -86.70918, 36.333613 ], [ -86.709076, 36.333626 ], [ -86.70877, 36.333719 ], [ -86.708498, 36.33384 ], [ -86.708145, 36.333961 ], [ -86.707962, 36.333972 ], [ -86.707819, 36.333873 ], [ -86.707704, 36.333697 ], [ -86.70752, 36.333461 ], [ -86.707394, 36.333256 ], [ -86.707235, 36.332994 ], [ -86.707208, 36.332642 ], [ -86.707228, 36.332329 ], [ -86.707323, 36.331999 ], [ -86.707493, 36.331774 ], [ -86.707567, 36.33162 ], [ -86.707533, 36.33134 ], [ -86.707425, 36.33112 ], [ -86.707255, 36.330823 ], [ -86.707165, 36.330696 ], [ -86.707119, 36.330631 ], [ -86.706983, 36.330213 ], [ -86.706881, 36.329977 ], [ -86.706759, 36.329746 ], [ -86.706691, 36.329526 ], [ -86.706643, 36.329411 ], [ -86.706494, 36.329268 ], [ -86.70631, 36.329136 ], [ -86.706011, 36.329004 ], [ -86.704897, 36.328779 ], [ -86.704687, 36.328658 ], [ -86.704501, 36.328447 ], [ -86.704177, 36.327977 ], [ -86.703939, 36.327752 ], [ -86.703709, 36.327559 ], [ -86.703559, 36.327449 ], [ -86.703328, 36.327307 ], [ -86.703036, 36.327213 ], [ -86.702966, 36.327206 ], [ -86.702782, 36.327189 ], [ -86.702376, 36.327243 ], [ -86.701898, 36.327411 ], [ -86.70152, 36.32762 ], [ -86.701134, 36.327806 ], [ -86.700499, 36.328058 ], [ -86.700214, 36.328108 ], [ -86.699669, 36.327924 ], [ -86.699322, 36.327737 ], [ -86.699304, 36.327723 ], [ -86.699022, 36.327505 ], [ -86.698723, 36.327296 ], [ -86.698486, 36.327192 ], [ -86.698139, 36.327181 ], [ -86.697739, 36.32717 ], [ -86.697385, 36.327098 ], [ -86.697114, 36.326944 ], [ -86.696876, 36.32673 ], [ -86.69674, 36.32645 ], [ -86.696645, 36.326219 ], [ -86.69655, 36.325944 ], [ -86.696407, 36.325241 ], [ -86.696448, 36.324917 ], [ -86.69655, 36.324603 ], [ -86.696726, 36.324307 ], [ -86.696957, 36.324087 ], [ -86.697297, 36.323806 ], [ -86.697616, 36.323515 ], [ -86.697684, 36.323405 ], [ -86.697711, 36.323097 ], [ -86.697684, 36.322685 ], [ -86.697555, 36.322377 ], [ -86.697419, 36.322152 ], [ -86.697181, 36.321921 ], [ -86.696869, 36.321756 ], [ -86.69657, 36.321559 ], [ -86.696318, 36.321421 ], [ -86.696081, 36.321355 ], [ -86.695544, 36.32135 ], [ -86.695239, 36.321377 ], [ -86.694831, 36.321306 ], [ -86.694349, 36.321185 ], [ -86.693942, 36.32113 ], [ -86.693025, 36.321174 ], [ -86.692638, 36.321147 ], [ -86.692346, 36.321092 ], [ -86.692087, 36.321042 ], [ -86.691829, 36.320866 ], [ -86.691578, 36.320718 ], [ -86.691558, 36.320714 ], [ -86.688418, 36.31991 ], [ -86.687508, 36.318363 ], [ -86.687439, 36.318245 ], [ -86.687387, 36.3182 ], [ -86.687374, 36.318183 ], [ -86.686995, 36.317924 ], [ -86.686684, 36.317789 ], [ -86.686186, 36.31765 ], [ -86.685466, 36.317518 ], [ -86.685331, 36.317397 ], [ -86.684127, 36.31702 ], [ -86.683548, 36.316866 ], [ -86.680598, 36.315954 ], [ -86.680559, 36.315943 ], [ -86.680445, 36.315877 ], [ -86.680375, 36.31585 ], [ -86.680288, 36.315862 ], [ -86.680149, 36.315947 ], [ -86.680028, 36.315997 ], [ -86.679863, 36.316086 ], [ -86.679761, 36.316109 ], [ -86.679622, 36.316128 ], [ -86.679494, 36.316184 ], [ -86.679385, 36.316217 ], [ -86.679281, 36.316205 ], [ -86.679216, 36.31621 ], [ -86.679173, 36.31623 ], [ -86.67913, 36.316264 ], [ -86.678914, 36.316487 ], [ -86.678895, 36.316735 ], [ -86.678803, 36.316662 ], [ -86.678772, 36.316632 ], [ -86.678744, 36.316598 ], [ -86.678717, 36.316548 ], [ -86.678586, 36.316656 ], [ -86.678456, 36.316637 ], [ -86.678387, 36.316633 ], [ -86.678316, 36.316643 ], [ -86.678247, 36.316644 ], [ -86.678193, 36.316621 ], [ -86.678029, 36.316539 ], [ -86.677964, 36.316505 ], [ -86.677582, 36.316312 ], [ -86.67712, 36.316061 ], [ -86.676804, 36.315955 ], [ -86.676566, 36.315975 ], [ -86.676445, 36.316008 ], [ -86.676131, 36.316198 ], [ -86.675823, 36.316396 ], [ -86.675616, 36.316466 ], [ -86.675468, 36.31648 ], [ -86.675349, 36.316474 ], [ -86.675307, 36.316466 ], [ -86.675247, 36.316456 ], [ -86.675206, 36.316442 ], [ -86.675121, 36.316409 ], [ -86.674988, 36.316353 ], [ -86.674921, 36.316309 ], [ -86.674793, 36.316224 ], [ -86.674903, 36.316185 ], [ -86.674793, 36.316094 ], [ -86.674771, 36.316061 ], [ -86.674571, 36.315769 ], [ -86.674449, 36.315392 ], [ -86.674407, 36.315123 ], [ -86.674404, 36.315076 ], [ -86.67439, 36.314894 ], [ -86.674395, 36.314589 ], [ -86.674392, 36.314561 ], [ -86.674379, 36.314432 ], [ -86.674374, 36.314394 ], [ -86.674365, 36.314326 ], [ -86.674343, 36.314154 ], [ -86.674312, 36.314018 ], [ -86.674258, 36.313907 ], [ -86.674225, 36.313853 ], [ -86.674178, 36.313787 ], [ -86.67414, 36.31373 ], [ -86.674074, 36.313644 ], [ -86.673949, 36.313509 ], [ -86.673867, 36.313416 ], [ -86.673809, 36.313359 ], [ -86.673736, 36.313291 ], [ -86.67367, 36.313223 ], [ -86.673585, 36.31314 ], [ -86.673538, 36.313098 ], [ -86.673475, 36.313054 ], [ -86.673435, 36.313024 ], [ -86.673395, 36.312982 ], [ -86.673282, 36.312848 ], [ -86.673231, 36.312789 ], [ -86.673192, 36.312746 ], [ -86.673156, 36.312703 ], [ -86.673107, 36.312627 ], [ -86.673049, 36.312628 ], [ -86.672999, 36.31263 ], [ -86.672927, 36.312631 ], [ -86.672807, 36.312342 ], [ -86.672753, 36.312213 ], [ -86.672676, 36.312028 ], [ -86.67263, 36.311946 ], [ -86.672587, 36.311879 ], [ -86.672562, 36.311829 ], [ -86.672507, 36.311758 ], [ -86.672453, 36.311687 ], [ -86.672414, 36.311635 ], [ -86.672372, 36.311574 ], [ -86.672335, 36.311519 ], [ -86.672282, 36.31144 ], [ -86.672215, 36.311346 ], [ -86.672204, 36.311331 ], [ -86.672155, 36.311237 ], [ -86.672127, 36.311167 ], [ -86.672102, 36.311112 ], [ -86.672083, 36.31106 ], [ -86.672066, 36.310996 ], [ -86.672063, 36.310964 ], [ -86.672052, 36.310865 ], [ -86.672046, 36.310815 ], [ -86.672041, 36.31078 ], [ -86.672036, 36.310742 ], [ -86.672035, 36.310726 ], [ -86.672033, 36.310681 ], [ -86.672031, 36.310641 ], [ -86.672028, 36.310579 ], [ -86.672028, 36.3105 ], [ -86.672035, 36.310434 ], [ -86.672048, 36.310376 ], [ -86.672067, 36.310286 ], [ -86.672083, 36.310218 ], [ -86.6721, 36.310165 ], [ -86.672128, 36.310073 ], [ -86.672144, 36.310009 ], [ -86.672168, 36.309927 ], [ -86.672186, 36.309871 ], [ -86.672213, 36.309801 ], [ -86.672221, 36.309743 ], [ -86.672213, 36.309733 ], [ -86.672216, 36.309708 ], [ -86.672217, 36.309698 ], [ -86.672219, 36.309455 ], [ -86.67222, 36.309392 ], [ -86.672226, 36.309142 ], [ -86.672213, 36.309121 ], [ -86.672184, 36.309083 ], [ -86.672119, 36.30902 ], [ -86.672076, 36.30895 ], [ -86.672023, 36.308876 ], [ -86.67196, 36.308786 ], [ -86.671892, 36.30868 ], [ -86.671816, 36.308598 ], [ -86.671761, 36.308529 ], [ -86.671625, 36.308407 ], [ -86.671538, 36.308335 ], [ -86.671459, 36.308267 ], [ -86.671384, 36.308203 ], [ -86.671244, 36.308083 ], [ -86.671155, 36.307996 ], [ -86.671095, 36.307949 ], [ -86.670998, 36.307857 ], [ -86.670948, 36.307818 ], [ -86.670908, 36.307785 ], [ -86.670849, 36.307739 ], [ -86.670815, 36.307699 ], [ -86.67076, 36.307641 ], [ -86.670226, 36.307174 ], [ -86.669843, 36.30684 ], [ -86.667832, 36.304893 ], [ -86.667751, 36.30481 ], [ -86.667733, 36.304795 ], [ -86.66766, 36.304747 ], [ -86.667526, 36.304643 ], [ -86.667429, 36.304593 ], [ -86.667298, 36.304527 ], [ -86.667196, 36.304454 ], [ -86.667109, 36.304401 ], [ -86.666979, 36.304314 ], [ -86.666884, 36.30425 ], [ -86.666766, 36.304161 ], [ -86.666687, 36.304085 ], [ -86.666607, 36.303978 ], [ -86.666574, 36.303895 ], [ -86.666562, 36.303833 ], [ -86.666548, 36.303737 ], [ -86.666556, 36.303618 ], [ -86.666561, 36.303553 ], [ -86.66656, 36.30353 ], [ -86.666559, 36.303518 ], [ -86.666556, 36.303489 ], [ -86.666548, 36.303377 ], [ -86.666546, 36.303328 ], [ -86.666551, 36.303296 ], [ -86.666569, 36.303243 ], [ -86.666599, 36.303192 ], [ -86.666634, 36.303151 ], [ -86.666703, 36.303096 ], [ -86.666757, 36.303068 ], [ -86.666826, 36.302999 ], [ -86.666853, 36.302961 ], [ -86.66691, 36.302899 ], [ -86.666953, 36.302846 ], [ -86.666998, 36.302817 ], [ -86.667061, 36.30277 ], [ -86.667208, 36.302648 ], [ -86.667269, 36.302605 ], [ -86.667345, 36.302554 ], [ -86.667411, 36.302504 ], [ -86.667458, 36.302468 ], [ -86.667497, 36.302429 ], [ -86.667566, 36.302383 ], [ -86.667559, 36.302108 ], [ -86.667537, 36.302038 ], [ -86.667552, 36.302015 ], [ -86.667752, 36.301783 ], [ -86.668176, 36.3013 ], [ -86.66833, 36.301101 ], [ -86.668568, 36.3008 ], [ -86.668672, 36.300842 ], [ -86.669006, 36.300886 ], [ -86.670607, 36.301095 ], [ -86.670647, 36.3011 ], [ -86.670736, 36.301112 ], [ -86.671863, 36.300997 ], [ -86.672547, 36.300826 ], [ -86.673731, 36.300358 ], [ -86.675242, 36.299763 ], [ -86.676235, 36.29921 ], [ -86.67701, 36.298667 ], [ -86.678121, 36.297685 ], [ -86.679649, 36.296098 ], [ -86.680099, 36.295564 ], [ -86.680904, 36.294395 ], [ -86.681381, 36.293876 ], [ -86.681947, 36.293024 ], [ -86.683992, 36.290528 ], [ -86.684374, 36.290063 ], [ -86.684505, 36.289929 ], [ -86.684985, 36.289436 ], [ -86.685743, 36.288598 ], [ -86.686281, 36.287766 ], [ -86.686592, 36.287135 ], [ -86.687369, 36.28721 ], [ -86.687853, 36.287263 ], [ -86.688624, 36.287254 ], [ -86.688714, 36.287276 ], [ -86.688776, 36.28737 ], [ -86.688827, 36.287577 ], [ -86.688965, 36.287791 ], [ -86.689097, 36.287854 ], [ -86.689323, 36.287835 ], [ -86.689637, 36.287753 ], [ -86.690033, 36.287659 ], [ -86.690472, 36.287521 ], [ -86.690698, 36.287395 ], [ -86.691044, 36.287163 ], [ -86.691446, 36.286805 ], [ -86.691911, 36.286484 ], [ -86.692149, 36.286371 ], [ -86.692281, 36.28634 ], [ -86.69252, 36.286365 ], [ -86.692735, 36.28628 ], [ -86.692848, 36.286285 ], [ -86.693123, 36.28771 ], [ -86.69313, 36.287746 ], [ -86.693141, 36.287806 ], [ -86.693387, 36.288737 ], [ -86.693396, 36.288814 ], [ -86.69341, 36.288865 ], [ -86.693754, 36.28877 ], [ -86.693695, 36.288806 ], [ -86.693566, 36.288861 ], [ -86.69349, 36.288882 ], [ -86.693416, 36.288895 ], [ -86.69342, 36.288918 ], [ -86.693424, 36.288941 ], [ -86.693431, 36.28898 ], [ -86.693514, 36.289434 ], [ -86.693654, 36.29008 ], [ -86.693664, 36.290125 ], [ -86.693701, 36.290267 ], [ -86.693849, 36.290829 ], [ -86.693899, 36.291017 ], [ -86.694299, 36.29167 ], [ -86.694401, 36.291835 ], [ -86.695675, 36.29308 ], [ -86.695908, 36.293304 ], [ -86.696462, 36.293835 ], [ -86.697064, 36.294404 ], [ -86.69716, 36.294495 ], [ -86.697905, 36.29531 ], [ -86.69836, 36.295859 ], [ -86.69869, 36.296284 ], [ -86.69876, 36.296374 ], [ -86.698934, 36.29656 ], [ -86.698973, 36.296597 ], [ -86.699143, 36.296806 ], [ -86.699187, 36.296936 ], [ -86.69935, 36.297158 ], [ -86.699682, 36.29761 ], [ -86.699725, 36.297711 ], [ -86.699788, 36.297857 ], [ -86.699812, 36.297912 ], [ -86.699898, 36.298112 ], [ -86.699956, 36.298275 ], [ -86.700131, 36.298767 ], [ -86.70019, 36.298931 ], [ -86.700326, 36.299242 ], [ -86.70069, 36.300074 ], [ -86.700735, 36.300177 ], [ -86.700872, 36.300489 ], [ -86.700897, 36.300546 ], [ -86.700972, 36.300717 ], [ -86.700997, 36.300774 ], [ -86.701539, 36.302062 ], [ -86.701922, 36.303001 ], [ -86.702365, 36.304029 ], [ -86.702389, 36.30409 ], [ -86.702464, 36.304276 ], [ -86.702489, 36.304338 ], [ -86.702973, 36.305546 ], [ -86.703038, 36.305702 ], [ -86.703084, 36.305797 ], [ -86.703368, 36.305713 ], [ -86.704276, 36.305459 ], [ -86.704399, 36.305423 ], [ -86.705125, 36.30519 ], [ -86.705992, 36.304903 ], [ -86.706339, 36.304787 ], [ -86.707383, 36.304443 ], [ -86.707731, 36.304328 ], [ -86.707809, 36.304301 ], [ -86.707979, 36.304246 ], [ -86.708042, 36.304214 ], [ -86.708117, 36.304178 ], [ -86.708232, 36.304133 ], [ -86.708519, 36.303996 ], [ -86.708754, 36.303868 ], [ -86.708904, 36.303758 ], [ -86.709046, 36.303668 ], [ -86.709108, 36.303621 ], [ -86.70922, 36.303517 ], [ -86.70948, 36.303225 ], [ -86.709954, 36.302621 ], [ -86.710295, 36.302141 ], [ -86.710564, 36.301671 ], [ -86.710787, 36.301283 ], [ -86.711, 36.300889 ], [ -86.711568, 36.300263 ], [ -86.712926, 36.298767 ], [ -86.713268, 36.298382 ], [ -86.713797, 36.297789 ], [ -86.71383, 36.297751 ], [ -86.713997, 36.297819 ], [ -86.714064, 36.297846 ], [ -86.714322, 36.297968 ], [ -86.714497, 36.298029 ], [ -86.714668, 36.29809 ], [ -86.714604, 36.298265 ], [ -86.714579, 36.298367 ], [ -86.714528, 36.298657 ], [ -86.714464, 36.298821 ], [ -86.714455, 36.298846 ], [ -86.714223, 36.299341 ], [ -86.714081, 36.299668 ], [ -86.714039, 36.299794 ], [ -86.714009, 36.299922 ], [ -86.713996, 36.300079 ], [ -86.714041, 36.300336 ], [ -86.714124, 36.300529 ], [ -86.714255, 36.300727 ], [ -86.714373, 36.300865 ], [ -86.714405, 36.300898 ], [ -86.714717, 36.301227 ], [ -86.714894, 36.301481 ], [ -86.715324, 36.301305 ], [ -86.715612, 36.301191 ], [ -86.71617, 36.300971 ], [ -86.717547, 36.30042 ], [ -86.717774, 36.300336 ], [ -86.717801, 36.300327 ], [ -86.718095, 36.300247 ], [ -86.718384, 36.300209 ], [ -86.718459, 36.300208 ], [ -86.718534, 36.300206 ], [ -86.718838, 36.300237 ], [ -86.718895, 36.300251 ], [ -86.718999, 36.300278 ], [ -86.719352, 36.300433 ], [ -86.719657, 36.300692 ], [ -86.719739, 36.300793 ], [ -86.719771, 36.300857 ], [ -86.719849, 36.301008 ], [ -86.719924, 36.301189 ], [ -86.720141, 36.301172 ], [ -86.720333, 36.301157 ], [ -86.720593, 36.301169 ], [ -86.720736, 36.301197 ], [ -86.720788, 36.301211 ], [ -86.720999, 36.301267 ], [ -86.720881, 36.301484 ], [ -86.720764, 36.301686 ], [ -86.720611, 36.30195 ], [ -86.720479, 36.302195 ], [ -86.720204, 36.302705 ], [ -86.719639, 36.303755 ], [ -86.71949, 36.304021 ], [ -86.71938, 36.304234 ], [ -86.719319, 36.304355 ], [ -86.719108, 36.304746 ], [ -86.719072, 36.304811 ], [ -86.718965, 36.305009 ], [ -86.71893, 36.305076 ], [ -86.718915, 36.305101 ], [ -86.718874, 36.305179 ], [ -86.71886, 36.305205 ], [ -86.71911, 36.30527 ], [ -86.719358, 36.305305 ], [ -86.719617, 36.305308 ], [ -86.720113, 36.305266 ], [ -86.720259, 36.305251 ], [ -86.720627, 36.305214 ], [ -86.721192, 36.305121 ], [ -86.721554, 36.305049 ], [ -86.721854, 36.304978 ], [ -86.722542, 36.304779 ], [ -86.724335, 36.304217 ], [ -86.724358, 36.30421 ], [ -86.724512, 36.304166 ], [ -86.724846, 36.304079 ], [ -86.725149, 36.30402 ], [ -86.725394, 36.303985 ], [ -86.725744, 36.303946 ], [ -86.725987, 36.303946 ], [ -86.72639, 36.303998 ], [ -86.72678, 36.304014 ], [ -86.726999, 36.303984 ], [ -86.727328, 36.303912 ], [ -86.72762, 36.303806 ], [ -86.727839, 36.303718 ], [ -86.728561, 36.303448 ], [ -86.728888, 36.303203 ], [ -86.729312, 36.302998 ], [ -86.729619, 36.302726 ], [ -86.729828, 36.302185 ], [ -86.729858, 36.301894 ], [ -86.730087, 36.301416 ], [ -86.730259, 36.300873 ], [ -86.730461, 36.300528 ], [ -86.730629, 36.30024 ], [ -86.730797, 36.299952 ], [ -86.731063, 36.299739 ], [ -86.731408, 36.299462 ], [ -86.732864, 36.298954 ], [ -86.734239, 36.298566 ], [ -86.735479, 36.298197 ], [ -86.735904, 36.297996 ], [ -86.737154, 36.297724 ], [ -86.737875, 36.297558 ], [ -86.738403, 36.297403 ], [ -86.738515, 36.297357 ], [ -86.739004, 36.297075 ], [ -86.739228, 36.296865 ], [ -86.739449, 36.296594 ], [ -86.739561, 36.296443 ], [ -86.739942, 36.295835 ], [ -86.740254, 36.295309 ], [ -86.740631, 36.294702 ], [ -86.740803, 36.29441 ], [ -86.741136, 36.293849 ], [ -86.741192, 36.293743 ], [ -86.741318, 36.293537 ], [ -86.741496, 36.293249 ], [ -86.74166, 36.292978 ], [ -86.741756, 36.292822 ], [ -86.742015, 36.292395 ], [ -86.742155, 36.292164 ], [ -86.742168, 36.292144 ], [ -86.74232, 36.291894 ], [ -86.742426, 36.291718 ], [ -86.742745, 36.291193 ], [ -86.742852, 36.291018 ], [ -86.743022, 36.290736 ], [ -86.743536, 36.28989 ], [ -86.743708, 36.289609 ], [ -86.744435, 36.28826 ], [ -86.745988, 36.286628 ], [ -86.746066, 36.286624 ], [ -86.745981, 36.286488 ], [ -86.745263, 36.286227 ], [ -86.745567, 36.285844 ], [ -86.746482, 36.284698 ], [ -86.746788, 36.284317 ], [ -86.747168, 36.283743 ], [ -86.747677, 36.282978 ], [ -86.747743, 36.282878 ], [ -86.7486, 36.281589 ], [ -86.749891, 36.279796 ], [ -86.750357, 36.279134 ], [ -86.75043, 36.279023 ], [ -86.750615, 36.278745 ], [ -86.750963, 36.278177 ], [ -86.751139, 36.277864 ], [ -86.751255, 36.277645 ], [ -86.751395, 36.27768 ], [ -86.751609, 36.277712 ], [ -86.751646, 36.277716 ], [ -86.752491, 36.277809 ], [ -86.752672, 36.277829 ], [ -86.752833, 36.277844 ], [ -86.753146, 36.277876 ], [ -86.753229, 36.277885 ], [ -86.753419, 36.277906 ], [ -86.753991, 36.277969 ], [ -86.754182, 36.27799 ], [ -86.754347, 36.278008 ], [ -86.754751, 36.278076 ], [ -86.754901, 36.278098 ], [ -86.755838, 36.278241 ], [ -86.756034, 36.278305 ], [ -86.756132, 36.278353 ], [ -86.75621, 36.278407 ], [ -86.756291, 36.278476 ], [ -86.756373, 36.278572 ], [ -86.756489, 36.278816 ], [ -86.7565, 36.278971 ], [ -86.756481, 36.279137 ], [ -86.756413, 36.279755 ], [ -86.756407, 36.279861 ], [ -86.756257, 36.281059 ], [ -86.756236, 36.281235 ], [ -86.756191, 36.281409 ], [ -86.756165, 36.28186 ], [ -86.756128, 36.282228 ], [ -86.756093, 36.2825 ], [ -86.756084, 36.282711 ], [ -86.756012, 36.28339 ], [ -86.756014, 36.283556 ], [ -86.756062, 36.283846 ], [ -86.756132, 36.284015 ], [ -86.756217, 36.284203 ], [ -86.756261, 36.284268 ], [ -86.756439, 36.284484 ], [ -86.756482, 36.284538 ], [ -86.756806, 36.284948 ], [ -86.757242, 36.285477 ], [ -86.757395, 36.285662 ], [ -86.757577, 36.285853 ], [ -86.75767, 36.285925 ], [ -86.757961, 36.286103 ], [ -86.758173, 36.286186 ], [ -86.758306, 36.286226 ], [ -86.75844, 36.286256 ], [ -86.758758, 36.286309 ], [ -86.760019, 36.286449 ], [ -86.76032, 36.286478 ], [ -86.760544, 36.286507 ], [ -86.761139, 36.286555 ], [ -86.761842, 36.286618 ], [ -86.7621, 36.286642 ], [ -86.762444, 36.286664 ], [ -86.762692, 36.286687 ], [ -86.764471, 36.286902 ], [ -86.765473, 36.287014 ], [ -86.767293, 36.287216 ], [ -86.768618, 36.287324 ], [ -86.76986, 36.287396 ], [ -86.770725, 36.28748 ], [ -86.770861, 36.287505 ], [ -86.770992, 36.287542 ], [ -86.771116, 36.287593 ], [ -86.771228, 36.287665 ], [ -86.771351, 36.287725 ], [ -86.771481, 36.287772 ], [ -86.771619, 36.287804 ], [ -86.771733, 36.287823 ], [ -86.771866, 36.287814 ], [ -86.771927, 36.287794 ], [ -86.772032, 36.287728 ], [ -86.772193, 36.28755 ], [ -86.772341, 36.287377 ], [ -86.772436, 36.287285 ], [ -86.772537, 36.287197 ], [ -86.772645, 36.287116 ], [ -86.772759, 36.287039 ], [ -86.772879, 36.286969 ], [ -86.773004, 36.286906 ], [ -86.773135, 36.286849 ], [ -86.773269, 36.286799 ], [ -86.773408, 36.286755 ], [ -86.77435, 36.286528 ], [ -86.774531, 36.286498 ], [ -86.774716, 36.286487 ], [ -86.7749, 36.286496 ], [ -86.775081, 36.286522 ], [ -86.775329, 36.286608 ], [ -86.775472, 36.286694 ], [ -86.775742, 36.286875 ], [ -86.775876, 36.286977 ], [ -86.775997, 36.287069 ], [ -86.776491, 36.287474 ], [ -86.77658, 36.287529 ], [ -86.776675, 36.287573 ], [ -86.776772, 36.287606 ], [ -86.777673, 36.28799 ], [ -86.777789, 36.288022 ], [ -86.777908, 36.288042 ], [ -86.77803, 36.28805 ], [ -86.778153, 36.288045 ], [ -86.779049, 36.287956 ], [ -86.779184, 36.287935 ], [ -86.77939, 36.287922 ], [ -86.779596, 36.28793 ], [ -86.779797, 36.287958 ], [ -86.780075, 36.288013 ], [ -86.780186, 36.288035 ], [ -86.780203, 36.288039 ], [ -86.780339, 36.288069 ], [ -86.780448, 36.288106 ], [ -86.780357, 36.288266 ], [ -86.78033, 36.28835 ], [ -86.780292, 36.288497 ], [ -86.78019, 36.288901 ], [ -86.779988, 36.2897 ], [ -86.779938, 36.289854 ], [ -86.779814, 36.290128 ], [ -86.779147, 36.29117 ], [ -86.778813, 36.291694 ], [ -86.778842, 36.291912 ], [ -86.779402, 36.292331 ], [ -86.779675, 36.292557 ], [ -86.779923, 36.29279 ], [ -86.780152, 36.293036 ], [ -86.780361, 36.293294 ], [ -86.781266, 36.294491 ], [ -86.781443, 36.294726 ], [ -86.781581, 36.294933 ], [ -86.781673, 36.295099 ], [ -86.781752, 36.295271 ], [ -86.781817, 36.295446 ], [ -86.782279, 36.296545 ], [ -86.782416, 36.296833 ], [ -86.782537, 36.297122 ], [ -86.782838, 36.297921 ], [ -86.782878, 36.298118 ], [ -86.782901, 36.298316 ], [ -86.782913, 36.298547 ], [ -86.782966, 36.29881 ], [ -86.783086, 36.299177 ], [ -86.783124, 36.299404 ], [ -86.783129, 36.299518 ], [ -86.783126, 36.299682 ], [ -86.783148, 36.299773 ], [ -86.78312, 36.299929 ], [ -86.783115, 36.300141 ], [ -86.783128, 36.300355 ], [ -86.783156, 36.300564 ], [ -86.783307, 36.301426 ], [ -86.783414, 36.301897 ], [ -86.783583, 36.30263 ], [ -86.783661, 36.302875 ], [ -86.783847, 36.303008 ], [ -86.783869, 36.303039 ], [ -86.784613, 36.303588 ], [ -86.784817, 36.303843 ], [ -86.784933, 36.304159 ], [ -86.785636, 36.30607 ], [ -86.785803, 36.306495 ], [ -86.785893, 36.306687 ], [ -86.78621, 36.307101 ], [ -86.786469, 36.307317 ], [ -86.786703, 36.307459 ], [ -86.786731, 36.307476 ], [ -86.786954, 36.307561 ], [ -86.787492, 36.30769 ], [ -86.787726, 36.307746 ], [ -86.78776, 36.307753 ], [ -86.788196, 36.307843 ], [ -86.788429, 36.307876 ], [ -86.788685, 36.30789 ], [ -86.788907, 36.307893 ], [ -86.789087, 36.307884 ], [ -86.789341, 36.307853 ], [ -86.789544, 36.307819 ], [ -86.789815, 36.307756 ], [ -86.790097, 36.307699 ], [ -86.790246, 36.307672 ], [ -86.790357, 36.307653 ], [ -86.790821, 36.307584 ], [ -86.791011, 36.307574 ], [ -86.791243, 36.307575 ], [ -86.792301, 36.307673 ], [ -86.792819, 36.307731 ], [ -86.793512, 36.307785 ], [ -86.793671, 36.307784 ], [ -86.793941, 36.307758 ], [ -86.794181, 36.30767 ], [ -86.794721, 36.307457 ], [ -86.795036, 36.307349 ], [ -86.79519, 36.307311 ], [ -86.795346, 36.307281 ], [ -86.795504, 36.30726 ], [ -86.796039, 36.307212 ], [ -86.79641, 36.30716 ], [ -86.796712, 36.307103 ], [ -86.797153, 36.307002 ], [ -86.79767, 36.306909 ], [ -86.797684, 36.306907 ], [ -86.797848, 36.306885 ], [ -86.798198, 36.306854 ], [ -86.798549, 36.306841 ], [ -86.799076, 36.306844 ], [ -86.799436, 36.306853 ], [ -86.799795, 36.306882 ], [ -86.799923, 36.306899 ], [ -86.800052, 36.306917 ], [ -86.800181, 36.306935 ], [ -86.800237, 36.306943 ], [ -86.800393, 36.306967 ], [ -86.800447, 36.306977 ], [ -86.800951, 36.307076 ], [ -86.801237, 36.30715 ], [ -86.801498, 36.307218 ], [ -86.802365, 36.306376 ], [ -86.803079, 36.305684 ], [ -86.803233, 36.305553 ], [ -86.8034, 36.30543 ], [ -86.805197, 36.3044 ], [ -86.805329, 36.304326 ], [ -86.805888, 36.304019 ], [ -86.806241, 36.303804 ], [ -86.806329, 36.303733 ], [ -86.806362, 36.303703 ], [ -86.806411, 36.303658 ], [ -86.806432, 36.303636 ], [ -86.806488, 36.30358 ], [ -86.806557, 36.303497 ], [ -86.806616, 36.303411 ], [ -86.806671, 36.303331 ], [ -86.806741, 36.303203 ], [ -86.806821, 36.30304 ], [ -86.806967, 36.30274 ], [ -86.807011, 36.302681 ], [ -86.807062, 36.302615 ], [ -86.80718, 36.302498 ], [ -86.807348, 36.302374 ], [ -86.807483, 36.302303 ], [ -86.807629, 36.302236 ], [ -86.807778, 36.302177 ], [ -86.807992, 36.302108 ], [ -86.808497, 36.301919 ], [ -86.808901, 36.301796 ], [ -86.808982, 36.30177 ], [ -86.80937, 36.301647 ], [ -86.80962, 36.301554 ], [ -86.809665, 36.301513 ], [ -86.809805, 36.301385 ], [ -86.810001, 36.301188 ], [ -86.810234, 36.300973 ], [ -86.810282, 36.300894 ], [ -86.810337, 36.300736 ], [ -86.81035, 36.3007 ], [ -86.810349, 36.300633 ], [ -86.810324, 36.300546 ], [ -86.810714, 36.300654 ], [ -86.811102, 36.300784 ], [ -86.811769, 36.301045 ], [ -86.812011, 36.301163 ], [ -86.811852, 36.300417 ], [ -86.811689, 36.299616 ], [ -86.811167, 36.297035 ], [ -86.810736, 36.294975 ], [ -86.810479, 36.293747 ], [ -86.810413, 36.29343 ], [ -86.810458, 36.293336 ], [ -86.810596, 36.293054 ], [ -86.810642, 36.292961 ], [ -86.810565, 36.292592 ], [ -86.810408, 36.291834 ], [ -86.810334, 36.291488 ], [ -86.810257, 36.29112 ], [ -86.810175, 36.290736 ], [ -86.810098, 36.290369 ], [ -86.809936, 36.289585 ], [ -86.809857, 36.289202 ], [ -86.809658, 36.288237 ], [ -86.809557, 36.287777 ], [ -86.809359, 36.287125 ], [ -86.809215, 36.286778 ], [ -86.809126, 36.286561 ], [ -86.808712, 36.285808 ], [ -86.808287, 36.285209 ], [ -86.806403, 36.283225 ], [ -86.804283, 36.281141 ], [ -86.802492, 36.27938 ], [ -86.801943, 36.278862 ], [ -86.801644, 36.27858 ], [ -86.800898, 36.277867 ], [ -86.800303, 36.277305 ], [ -86.799756, 36.276787 ], [ -86.79959, 36.276589 ], [ -86.799473, 36.276453 ], [ -86.798621, 36.275457 ], [ -86.798337, 36.275126 ], [ -86.79835, 36.27512 ], [ -86.798388, 36.275102 ], [ -86.798402, 36.275097 ], [ -86.798752, 36.274933 ], [ -86.798853, 36.274885 ], [ -86.799101, 36.274768 ], [ -86.799277, 36.274696 ], [ -86.799746, 36.274625 ], [ -86.800139, 36.274498 ], [ -86.800513, 36.2744 ], [ -86.800716, 36.274394 ], [ -86.800998, 36.274421 ], [ -86.801239, 36.274444 ], [ -86.802908, 36.274697 ], [ -86.803261, 36.274823 ], [ -86.803492, 36.274829 ], [ -86.804877, 36.274763 ], [ -86.805325, 36.274653 ], [ -86.805732, 36.274565 ], [ -86.806037, 36.274515 ], [ -86.806641, 36.274482 ], [ -86.807354, 36.274356 ], [ -86.807666, 36.27429 ], [ -86.808345, 36.274026 ], [ -86.808623, 36.273933 ], [ -86.809005, 36.273844 ], [ -86.809098, 36.273823 ], [ -86.811169, 36.273499 ], [ -86.811659, 36.27329 ], [ -86.811929, 36.273175 ], [ -86.812221, 36.273065 ], [ -86.812356, 36.273059 ], [ -86.812641, 36.273076 ], [ -86.812892, 36.273103 ], [ -86.813171, 36.273158 ], [ -86.813503, 36.273191 ], [ -86.813897, 36.273202 ], [ -86.814413, 36.273136 ], [ -86.814691, 36.273026 ], [ -86.814861, 36.273032 ], [ -86.815628, 36.27312 ], [ -86.816076, 36.273125 ], [ -86.8164, 36.272973 ], [ -86.816686, 36.272839 ], [ -86.81689, 36.272735 ], [ -86.816972, 36.27263 ], [ -86.817129, 36.272389 ], [ -86.817304, 36.272119 ], [ -86.817462, 36.271879 ], [ -86.817488, 36.271839 ], [ -86.817671, 36.271559 ], [ -86.817735, 36.271351 ], [ -86.818374, 36.270508 ], [ -86.819505, 36.26978 ], [ -86.819957, 36.269345 ], [ -86.820192, 36.268968 ], [ -86.820777, 36.267458 ], [ -86.821001, 36.267194 ], [ -86.82129, 36.266925 ], [ -86.821483, 36.266841 ], [ -86.82201, 36.26681 ], [ -86.822312, 36.266747 ], [ -86.824069, 36.266084 ], [ -86.824386, 36.26579 ], [ -86.824824, 36.264611 ], [ -86.824869, 36.264332 ], [ -86.824733, 36.263208 ], [ -86.824738, 36.262903 ], [ -86.824741, 36.262722 ], [ -86.824894, 36.262511 ], [ -86.825121, 36.262409 ], [ -86.825608, 36.262355 ], [ -86.82603, 36.262254 ], [ -86.826608, 36.262068 ], [ -86.826729, 36.26203 ], [ -86.827052, 36.261824 ], [ -86.82713, 36.261874 ], [ -86.827136, 36.261883 ], [ -86.827266, 36.262083 ], [ -86.827303, 36.262148 ], [ -86.827356, 36.262239 ], [ -86.827482, 36.262274 ], [ -86.827625, 36.262331 ], [ -86.827757, 36.262402 ], [ -86.827877, 36.262486 ], [ -86.827983, 36.262582 ], [ -86.828046, 36.262647 ], [ -86.828923, 36.263549 ], [ -86.829053, 36.263667 ], [ -86.829149, 36.263735 ], [ -86.829199, 36.263769 ], [ -86.82936, 36.263857 ], [ -86.829535, 36.263926 ], [ -86.829717, 36.263978 ], [ -86.829893, 36.264008 ], [ -86.829989, 36.26402 ], [ -86.83069, 36.264107 ], [ -86.8308, 36.264112 ], [ -86.830834, 36.264522 ], [ -86.830853, 36.26499 ], [ -86.830854, 36.265279 ], [ -86.830867, 36.265508 ], [ -86.830865, 36.265574 ], [ -86.830888, 36.265697 ], [ -86.831412, 36.265697 ], [ -86.831466, 36.265694 ], [ -86.83213, 36.26566 ], [ -86.832432, 36.265663 ], [ -86.832834, 36.265693 ], [ -86.833435, 36.265782 ], [ -86.834025, 36.265917 ], [ -86.834138, 36.265952 ], [ -86.834344, 36.266016 ], [ -86.834643, 36.266129 ], [ -86.835147, 36.266357 ], [ -86.835529, 36.26653 ], [ -86.835994, 36.266746 ], [ -86.836492, 36.266989 ], [ -86.837574, 36.267488 ], [ -86.837949, 36.267672 ], [ -86.838101, 36.267748 ], [ -86.839038, 36.268222 ], [ -86.839073, 36.26824 ], [ -86.840045, 36.26875 ], [ -86.840931, 36.269239 ], [ -86.840943, 36.269246 ], [ -86.841377, 36.26947 ], [ -86.841788, 36.269697 ], [ -86.842104, 36.269894 ], [ -86.842411, 36.270121 ], [ -86.842603, 36.270285 ], [ -86.842778, 36.270446 ], [ -86.842906, 36.270575 ], [ -86.843077, 36.270773 ], [ -86.84333, 36.271147 ], [ -86.843408, 36.271297 ], [ -86.843488, 36.271479 ], [ -86.843563, 36.271664 ], [ -86.843862, 36.272599 ], [ -86.843964, 36.272883 ], [ -86.844164, 36.273331 ], [ -86.844268, 36.273538 ], [ -86.84435, 36.273679 ], [ -86.844454, 36.273873 ], [ -86.844513, 36.273969 ], [ -86.844596, 36.274094 ], [ -86.845485, 36.275423 ], [ -86.845759, 36.275856 ], [ -86.845926, 36.276008 ], [ -86.846193, 36.276262 ], [ -86.846416, 36.276439 ], [ -86.846737, 36.276639 ], [ -86.847042, 36.276781 ], [ -86.847311, 36.276886 ], [ -86.847612, 36.276977 ], [ -86.847827, 36.277027 ], [ -86.848076, 36.277067 ], [ -86.849604, 36.277293 ], [ -86.849971, 36.27734 ], [ -86.850247, 36.277381 ], [ -86.850557, 36.277438 ], [ -86.850797, 36.277487 ], [ -86.851838, 36.277753 ], [ -86.852211, 36.277841 ], [ -86.852486, 36.277888 ], [ -86.852686, 36.277913 ], [ -86.852725, 36.277919 ], [ -86.852973, 36.277929 ], [ -86.853364, 36.277918 ], [ -86.853912, 36.277859 ], [ -86.854118, 36.277871 ], [ -86.854383, 36.277964 ], [ -86.854563, 36.278096 ], [ -86.8547, 36.278308 ], [ -86.854855, 36.278867 ], [ -86.854945, 36.279119 ], [ -86.85506, 36.279351 ], [ -86.85519, 36.27958 ], [ -86.85525, 36.279728 ], [ -86.855286, 36.279879 ], [ -86.855298, 36.280032 ], [ -86.855286, 36.280184 ], [ -86.855249, 36.280336 ], [ -86.855037, 36.28094 ], [ -86.85496, 36.281209 ], [ -86.854937, 36.28133 ], [ -86.854924, 36.281713 ], [ -86.85494, 36.28184 ], [ -86.854973, 36.281993 ], [ -86.855027, 36.282161 ], [ -86.855138, 36.282377 ], [ -86.855265, 36.282587 ], [ -86.855368, 36.282735 ], [ -86.856487, 36.284158 ], [ -86.856699, 36.284438 ], [ -86.856825, 36.284579 ], [ -86.857082, 36.28485 ], [ -86.85719, 36.284929 ], [ -86.857441, 36.285049 ], [ -86.857579, 36.28509 ], [ -86.857884, 36.285127 ], [ -86.858226, 36.285091 ], [ -86.85839, 36.285047 ], [ -86.858547, 36.284985 ], [ -86.858804, 36.284815 ], [ -86.858893, 36.284724 ], [ -86.859, 36.284564 ], [ -86.859123, 36.284255 ], [ -86.859246, 36.283922 ], [ -86.859336, 36.283776 ], [ -86.859521, 36.283587 ], [ -86.859634, 36.283508 ], [ -86.859997, 36.283354 ], [ -86.860301, 36.283307 ], [ -86.860456, 36.283307 ], [ -86.860707, 36.283342 ], [ -86.860865, 36.283389 ], [ -86.861277, 36.283622 ], [ -86.861363, 36.283707 ], [ -86.8615, 36.283862 ], [ -86.861702, 36.28412 ], [ -86.861883, 36.284302 ], [ -86.862064, 36.284445 ], [ -86.862262, 36.284541 ], [ -86.862459, 36.284603 ], [ -86.862605, 36.284629 ], [ -86.862902, 36.284633 ], [ -86.863216, 36.284565 ], [ -86.863306, 36.284533 ], [ -86.863503, 36.284455 ], [ -86.864021, 36.284193 ], [ -86.864276, 36.284083 ], [ -86.864466, 36.284014 ], [ -86.865169, 36.28383 ], [ -86.86589, 36.283678 ], [ -86.867753, 36.283303 ], [ -86.867963, 36.283261 ], [ -86.869604, 36.282938 ], [ -86.869965, 36.28286 ], [ -86.870317, 36.282761 ], [ -86.870581, 36.282675 ], [ -86.870918, 36.282534 ], [ -86.871244, 36.282377 ], [ -86.871987, 36.281956 ], [ -86.872434, 36.281665 ], [ -86.872572, 36.281555 ], [ -86.872703, 36.281438 ], [ -86.872823, 36.281315 ], [ -86.872934, 36.281186 ], [ -86.873035, 36.281051 ], [ -86.873124, 36.280911 ], [ -86.8732, 36.280773 ], [ -86.873285, 36.280583 ], [ -86.873353, 36.280389 ], [ -86.873406, 36.280191 ], [ -86.873445, 36.279992 ], [ -86.873474, 36.279681 ], [ -86.873463, 36.279438 ], [ -86.872786, 36.278971 ], [ -86.872704, 36.278916 ], [ -86.870413, 36.277375 ], [ -86.869805, 36.276966 ], [ -86.869647, 36.276866 ], [ -86.869477, 36.276759 ], [ -86.869133, 36.27657 ], [ -86.86893, 36.276471 ], [ -86.86814, 36.276089 ], [ -86.867643, 36.275832 ], [ -86.867131, 36.275532 ], [ -86.866777, 36.275295 ], [ -86.866643, 36.275206 ], [ -86.866116, 36.274814 ], [ -86.866146, 36.274366 ], [ -86.866149, 36.273956 ], [ -86.86604, 36.273599 ], [ -86.866033, 36.273576 ], [ -86.86576, 36.273174 ], [ -86.865387, 36.27247 ], [ -86.865219, 36.272049 ], [ -86.864945, 36.271253 ], [ -86.864873, 36.270981 ], [ -86.864534, 36.270403 ], [ -86.864453, 36.270286 ], [ -86.86438, 36.27018 ], [ -86.864158, 36.269961 ], [ -86.86403, 36.269871 ], [ -86.863869, 36.269783 ], [ -86.863711, 36.269714 ], [ -86.863443, 36.269637 ], [ -86.86312, 36.269545 ], [ -86.863094, 36.269538 ], [ -86.862469, 36.269403 ], [ -86.862133, 36.269368 ], [ -86.862084, 36.269363 ], [ -86.861991, 36.26935 ], [ -86.86188, 36.26932 ], [ -86.861809, 36.269291 ], [ -86.861768, 36.269275 ], [ -86.861563, 36.269145 ], [ -86.861448, 36.269073 ], [ -86.861254, 36.268939 ], [ -86.861063, 36.268864 ], [ -86.860794, 36.268786 ], [ -86.860722, 36.268765 ], [ -86.860618, 36.268687 ], [ -86.860567, 36.268625 ], [ -86.860524, 36.268548 ], [ -86.860467, 36.268423 ], [ -86.860219, 36.267938 ], [ -86.860057, 36.26762 ], [ -86.859907, 36.267359 ], [ -86.859929, 36.266833 ], [ -86.859854, 36.266599 ], [ -86.859724, 36.266475 ], [ -86.859616, 36.266399 ], [ -86.859138, 36.266096 ], [ -86.858952, 36.265979 ], [ -86.858498, 36.26567 ], [ -86.857856, 36.265256 ], [ -86.857192, 36.26482 ], [ -86.857149, 36.264801 ], [ -86.857059, 36.264851 ], [ -86.856882, 36.264961 ], [ -86.856618, 36.264939 ], [ -86.856278, 36.264681 ], [ -86.855701, 36.264335 ], [ -86.854608, 36.263726 ], [ -86.853929, 36.263204 ], [ -86.85321, 36.262671 ], [ -86.852857, 36.262358 ], [ -86.852477, 36.26205 ], [ -86.852273, 36.261726 ], [ -86.852144, 36.261374 ], [ -86.85211, 36.261143 ], [ -86.851926, 36.260979 ], [ -86.851885, 36.260495 ], [ -86.851966, 36.259879 ], [ -86.851851, 36.259715 ], [ -86.851905, 36.258995 ], [ -86.851864, 36.258841 ], [ -86.851776, 36.258626 ], [ -86.851728, 36.258462 ], [ -86.851491, 36.258324 ], [ -86.851226, 36.258236 ], [ -86.851056, 36.258132 ], [ -86.850927, 36.258017 ], [ -86.850703, 36.257654 ], [ -86.850628, 36.25755 ], [ -86.850276, 36.257275 ], [ -86.850147, 36.257116 ], [ -86.849983, 36.256758 ], [ -86.84978, 36.256198 ], [ -86.849644, 36.255874 ], [ -86.849542, 36.255714 ], [ -86.84946, 36.255621 ], [ -86.849128, 36.255396 ], [ -86.848829, 36.255132 ], [ -86.848429, 36.254846 ], [ -86.848225, 36.254775 ], [ -86.847893, 36.254742 ], [ -86.847445, 36.254599 ], [ -86.847234, 36.2545 ], [ -86.84701, 36.254336 ], [ -86.846793, 36.254132 ], [ -86.846623, 36.253847 ], [ -86.846583, 36.253704 ], [ -86.846582, 36.252786 ], [ -86.84667, 36.2525 ], [ -86.846684, 36.252214 ], [ -86.846623, 36.252099 ], [ -86.846426, 36.251934 ], [ -86.845862, 36.251368 ], [ -86.845618, 36.251055 ], [ -86.845482, 36.250973 ], [ -86.845346, 36.250951 ], [ -86.845075, 36.250923 ], [ -86.844736, 36.250923 ], [ -86.844295, 36.250901 ], [ -86.843989, 36.250863 ], [ -86.843684, 36.250792 ], [ -86.84344, 36.250709 ], [ -86.842809, 36.250358 ], [ -86.842537, 36.250264 ], [ -86.841675, 36.250215 ], [ -86.841377, 36.250056 ], [ -86.840903, 36.249672 ], [ -86.840577, 36.249491 ], [ -86.840013, 36.24926 ], [ -86.839525, 36.249178 ], [ -86.83907, 36.249117 ], [ -86.838697, 36.248843 ], [ -86.837822, 36.248249 ], [ -86.837095, 36.247881 ], [ -86.836878, 36.247617 ], [ -86.836855, 36.247518 ], [ -86.836558, 36.2474 ], [ -86.836501, 36.247378 ], [ -86.836308, 36.247393 ], [ -86.836231, 36.2474 ], [ -86.836103, 36.247452 ], [ -86.836053, 36.247504 ], [ -86.83598, 36.247578 ], [ -86.834635, 36.246768 ], [ -86.83455, 36.246701 ], [ -86.83441, 36.246612 ], [ -86.83425, 36.246497 ], [ -86.834761, 36.245667 ], [ -86.837791, 36.245294 ], [ -86.839184, 36.245479 ], [ -86.839384, 36.245625 ], [ -86.841964, 36.247516 ], [ -86.844306, 36.246571 ], [ -86.846165, 36.243844 ], [ -86.846768, 36.24296 ], [ -86.84968, 36.24321 ], [ -86.853344, 36.242718 ], [ -86.857191, 36.242913 ], [ -86.858494, 36.247081 ], [ -86.858252, 36.248827 ], [ -86.884467, 36.262686 ], [ -86.889943, 36.261656 ], [ -86.889308, 36.261229 ], [ -86.88878, 36.26088 ], [ -86.88867, 36.260816 ], [ -86.88855, 36.260763 ], [ -86.888423, 36.260724 ], [ -86.88829, 36.260698 ], [ -86.887585, 36.260652 ], [ -86.887502, 36.26064 ], [ -86.88743, 36.260631 ], [ -86.887316, 36.260601 ], [ -86.887207, 36.26056 ], [ -86.887105, 36.260507 ], [ -86.887012, 36.260445 ], [ -86.88693, 36.260374 ], [ -86.886859, 36.260294 ], [ -86.886803, 36.260209 ], [ -86.886758, 36.260118 ], [ -86.886729, 36.260024 ], [ -86.886724, 36.260002 ], [ -86.886663, 36.259729 ], [ -86.886628, 36.259554 ], [ -86.886584, 36.259333 ], [ -86.886541, 36.259152 ], [ -86.886485, 36.258973 ], [ -86.886414, 36.258799 ], [ -86.886331, 36.258627 ], [ -86.886174, 36.258372 ], [ -86.88612, 36.258293 ], [ -86.885861, 36.257917 ], [ -86.885687, 36.257664 ], [ -86.885519, 36.257421 ], [ -86.885189, 36.256905 ], [ -86.885183, 36.256896 ], [ -86.885023, 36.256635 ], [ -86.884084, 36.255103 ], [ -86.884037, 36.25502 ], [ -86.88394, 36.254846 ], [ -86.883829, 36.2546 ], [ -86.883565, 36.253965 ], [ -86.883471, 36.253761 ], [ -86.883361, 36.253562 ], [ -86.883269, 36.253418 ], [ -86.883167, 36.253271 ], [ -86.882617, 36.252541 ], [ -86.882143, 36.251878 ], [ -86.881306, 36.250625 ], [ -86.881088, 36.250324 ], [ -86.881019, 36.250241 ], [ -86.880849, 36.250035 ], [ -86.880587, 36.249759 ], [ -86.880424, 36.249604 ], [ -86.879673, 36.248917 ], [ -86.879397, 36.248664 ], [ -86.879156, 36.248444 ], [ -86.878773, 36.248188 ], [ -86.878554, 36.248087 ], [ -86.878323, 36.248007 ], [ -86.878129, 36.247951 ], [ -86.877633, 36.24785 ], [ -86.877344, 36.247785 ], [ -86.87692, 36.247605 ], [ -86.876841, 36.247553 ], [ -86.876733, 36.247468 ], [ -86.876693, 36.247437 ], [ -86.876566, 36.247307 ], [ -86.87646, 36.247164 ], [ -86.876377, 36.247013 ], [ -86.876317, 36.246853 ], [ -86.875953, 36.245577 ], [ -86.875786, 36.245275 ], [ -86.875776, 36.245264 ], [ -86.875737, 36.245221 ], [ -86.87525, 36.244739 ], [ -86.875146, 36.244632 ], [ -86.875099, 36.244578 ], [ -86.874902, 36.244352 ], [ -86.874623, 36.243984 ], [ -86.874102, 36.24321 ], [ -86.874063, 36.243153 ], [ -86.874014, 36.24308 ], [ -86.87395, 36.242984 ], [ -86.873927, 36.24295 ], [ -86.873912, 36.242928 ], [ -86.873927, 36.242914 ], [ -86.873972, 36.242875 ], [ -86.873988, 36.242862 ], [ -86.87369, 36.242416 ], [ -86.873567, 36.242103 ], [ -86.873489, 36.242008 ], [ -86.872882, 36.241268 ], [ -86.872365, 36.239938 ], [ -86.872331, 36.239581 ], [ -86.872346, 36.239342 ], [ -86.872371, 36.23896 ], [ -86.87234, 36.238656 ], [ -86.87231, 36.238352 ], [ -86.87224, 36.238432 ], [ -86.872034, 36.238672 ], [ -86.871966, 36.238753 ], [ -86.871894, 36.238518 ], [ -86.871784, 36.238197 ], [ -86.871647, 36.237883 ], [ -86.871467, 36.237546 ], [ -86.871441, 36.237497 ], [ -86.870617, 36.236115 ], [ -86.870421, 36.23581 ], [ -86.870153, 36.235456 ], [ -86.869806, 36.23504 ], [ -86.869227, 36.23433 ], [ -86.86849, 36.233427 ], [ -86.868433, 36.233347 ], [ -86.86841, 36.233308 ], [ -86.868324, 36.233162 ], [ -86.868318, 36.233152 ], [ -86.868183, 36.232817 ], [ -86.868155, 36.232687 ], [ -86.868121, 36.232522 ], [ -86.868083, 36.23234 ], [ -86.868066, 36.232172 ], [ -86.868045, 36.231873 ], [ -86.86804, 36.231711 ], [ -86.86804, 36.231697 ], [ -86.868149, 36.231101 ], [ -86.868531, 36.229315 ], [ -86.868559, 36.229189 ], [ -86.868589, 36.22891 ], [ -86.868548, 36.228506 ], [ -86.868606, 36.228499 ], [ -86.86878, 36.228482 ], [ -86.86881, 36.228479 ], [ -86.868839, 36.228477 ], [ -86.869056, 36.228462 ], [ -86.869257, 36.228466 ], [ -86.869428, 36.22848 ], [ -86.869541, 36.228502 ], [ -86.869676, 36.228539 ], [ -86.869817, 36.228592 ], [ -86.869989, 36.228668 ], [ -86.870165, 36.228765 ], [ -86.870294, 36.228839 ], [ -86.870795, 36.229203 ], [ -86.871111, 36.229414 ], [ -86.871393, 36.229603 ], [ -86.871627, 36.229741 ], [ -86.872035, 36.22999 ], [ -86.872229, 36.230093 ], [ -86.872456, 36.230203 ], [ -86.87265, 36.230286 ], [ -86.872819, 36.230351 ], [ -86.87322, 36.230475 ], [ -86.87424, 36.230789 ], [ -86.874371, 36.230839 ], [ -86.874765, 36.231095 ], [ -86.87513, 36.231193 ], [ -86.875589, 36.23145 ], [ -86.875848, 36.231588 ], [ -86.876582, 36.231938 ], [ -86.876858, 36.232051 ], [ -86.877466, 36.232239 ], [ -86.877794, 36.232388 ], [ -86.878024, 36.23248 ], [ -86.878096, 36.232509 ], [ -86.878498, 36.232684 ], [ -86.878641, 36.232754 ], [ -86.879229, 36.233135 ], [ -86.879726, 36.233412 ], [ -86.880257, 36.233668 ], [ -86.881484, 36.234241 ], [ -86.881926, 36.234429 ], [ -86.882295, 36.234554 ], [ -86.882627, 36.234652 ], [ -86.882915, 36.234749 ], [ -86.882925, 36.234753 ], [ -86.883263, 36.234888 ], [ -86.883362, 36.234942 ], [ -86.883475, 36.234993 ], [ -86.8839, 36.235211 ], [ -86.884278, 36.235444 ], [ -86.884654, 36.235706 ], [ -86.884992, 36.235973 ], [ -86.885315, 36.236248 ], [ -86.88554, 36.236463 ], [ -86.885749, 36.23669 ], [ -86.885939, 36.236926 ], [ -86.886111, 36.237172 ], [ -86.886401, 36.237621 ], [ -86.886606, 36.237917 ], [ -86.886835, 36.238201 ], [ -86.887085, 36.238473 ], [ -86.887296, 36.238676 ], [ -86.888907, 36.240159 ], [ -86.889092, 36.240336 ], [ -86.889215, 36.240478 ], [ -86.889484, 36.240788 ], [ -86.8895, 36.240924 ], [ -86.889499, 36.240982 ], [ -86.889481, 36.241096 ], [ -86.889447, 36.241209 ], [ -86.889404, 36.241286 ], [ -86.889343, 36.241354 ], [ -86.888927, 36.241629 ], [ -86.888091, 36.24212 ], [ -86.888033, 36.242161 ], [ -86.88794, 36.242296 ], [ -86.887919, 36.242362 ], [ -86.887914, 36.242447 ], [ -86.887994, 36.242624 ], [ -86.889397, 36.244003 ], [ -86.889493, 36.244121 ], [ -86.889522, 36.244169 ], [ -86.889569, 36.244248 ], [ -86.889625, 36.244381 ], [ -86.88966, 36.244519 ], [ -86.889739, 36.244981 ], [ -86.889759, 36.245061 ], [ -86.889791, 36.245138 ], [ -86.889835, 36.245211 ], [ -86.889892, 36.245279 ], [ -86.89003, 36.245395 ], [ -86.890113, 36.245442 ], [ -86.890202, 36.24548 ], [ -86.890398, 36.24554 ], [ -86.890478, 36.245557 ], [ -86.890642, 36.245553 ], [ -86.891207, 36.245275 ], [ -86.891516, 36.245159 ], [ -86.891923, 36.245131 ], [ -86.893462, 36.24542 ], [ -86.894085, 36.245539 ], [ -86.894299, 36.245574 ], [ -86.894517, 36.245599 ], [ -86.894814, 36.245614 ], [ -86.895093, 36.245621 ], [ -86.89545, 36.245624 ], [ -86.895614, 36.245623 ], [ -86.895817, 36.245622 ], [ -86.896017, 36.245577 ], [ -86.896251, 36.24546 ], [ -86.896508, 36.245249 ], [ -86.89683, 36.244994 ], [ -86.897074, 36.244871 ], [ -86.897198, 36.244821 ], [ -86.89732, 36.244792 ], [ -86.89774, 36.244719 ], [ -86.898222, 36.244635 ], [ -86.898242, 36.244626 ], [ -86.898392, 36.244564 ], [ -86.898616, 36.244418 ], [ -86.899155, 36.244136 ], [ -86.899352, 36.244048 ], [ -86.899618, 36.243963 ], [ -86.899872, 36.243884 ], [ -86.900099, 36.243791 ], [ -86.90111, 36.243375 ], [ -86.901853, 36.243071 ], [ -86.902037, 36.242968 ], [ -86.902095, 36.242914 ], [ -86.902235, 36.242576 ], [ -86.902483, 36.242011 ], [ -86.90268, 36.241777 ], [ -86.902795, 36.24166 ], [ -86.902958, 36.241456 ], [ -86.903079, 36.241246 ], [ -86.903202, 36.24105 ], [ -86.903208, 36.241042 ], [ -86.903315, 36.240856 ], [ -86.903362, 36.24064 ], [ -86.90337, 36.240088 ], [ -86.903394, 36.239995 ], [ -86.903413, 36.239925 ], [ -86.903438, 36.23988 ], [ -86.903663, 36.239775 ], [ -86.903705, 36.23977 ], [ -86.903903, 36.239748 ], [ -86.904329, 36.239668 ], [ -86.904664, 36.239554 ], [ -86.904844, 36.239466 ], [ -86.904892, 36.239435 ], [ -86.904989, 36.239375 ], [ -86.905171, 36.239238 ], [ -86.905238, 36.239208 ], [ -86.905333, 36.239165 ], [ -86.905388, 36.239141 ], [ -86.905642, 36.239126 ], [ -86.905747, 36.23912 ], [ -86.905811, 36.239009 ], [ -86.906184, 36.238369 ], [ -86.906566, 36.237735 ], [ -86.906613, 36.237658 ], [ -86.906876, 36.237173 ], [ -86.906947, 36.237043 ], [ -86.907328, 36.236216 ], [ -86.908545, 36.233337 ], [ -86.90856, 36.233304 ], [ -86.908711, 36.232979 ], [ -86.909158, 36.232225 ], [ -86.909351, 36.231948 ], [ -86.909587, 36.231606 ], [ -86.909906, 36.231146 ], [ -86.910297, 36.230579 ], [ -86.910461, 36.230343 ], [ -86.910497, 36.23029 ], [ -86.910534, 36.230238 ], [ -86.911337, 36.229084 ], [ -86.91316, 36.226468 ], [ -86.913737, 36.225619 ], [ -86.913745, 36.225608 ], [ -86.91385, 36.225445 ], [ -86.914104, 36.224984 ], [ -86.914207, 36.22477 ], [ -86.914389, 36.224376 ], [ -86.91477, 36.223549 ], [ -86.915352, 36.222289 ], [ -86.915905, 36.221064 ], [ -86.916281, 36.220235 ], [ -86.91634, 36.220084 ], [ -86.91652, 36.219635 ], [ -86.916581, 36.219485 ], [ -86.916727, 36.219121 ], [ -86.916798, 36.218886 ], [ -86.916848, 36.218754 ], [ -86.91691, 36.218592 ], [ -86.917098, 36.218208 ], [ -86.917203, 36.218022 ], [ -86.917987, 36.216717 ], [ -86.918389, 36.21605 ], [ -86.918937, 36.215137 ], [ -86.920199, 36.213038 ], [ -86.920405, 36.212689 ], [ -86.920561, 36.212389 ], [ -86.921053, 36.211446 ], [ -86.920873, 36.211448 ], [ -86.920335, 36.211457 ], [ -86.920156, 36.21146 ], [ -86.916778, 36.211512 ], [ -86.916192, 36.211516 ], [ -86.916077, 36.211514 ], [ -86.915227, 36.211501 ], [ -86.914309, 36.211388 ], [ -86.913747, 36.211231 ], [ -86.913199, 36.21101 ], [ -86.912742, 36.210795 ], [ -86.912268, 36.210604 ], [ -86.911786, 36.210445 ], [ -86.911235, 36.210322 ], [ -86.91067, 36.210257 ], [ -86.910047, 36.210252 ], [ -86.907535, 36.210287 ], [ -86.905397, 36.210329 ], [ -86.904733, 36.210359 ], [ -86.904074, 36.210423 ], [ -86.904042, 36.210427 ], [ -86.903629, 36.210486 ], [ -86.90242, 36.210678 ], [ -86.900015, 36.211073 ], [ -86.899719, 36.211121 ], [ -86.898831, 36.211267 ], [ -86.898536, 36.211316 ], [ -86.89844, 36.211331 ], [ -86.898153, 36.211379 ], [ -86.898058, 36.211395 ], [ -86.897596, 36.21147 ], [ -86.89668, 36.211621 ], [ -86.89621, 36.211683 ], [ -86.896151, 36.211691 ], [ -86.895745, 36.211725 ], [ -86.895484, 36.211752 ], [ -86.895235, 36.211776 ], [ -86.895195, 36.211781 ], [ -86.894519, 36.211828 ], [ -86.894288, 36.21184 ], [ -86.8937, 36.211851 ], [ -86.89346, 36.211856 ], [ -86.893188, 36.211861 ], [ -86.8931, 36.21167 ], [ -86.893108, 36.211583 ], [ -86.893114, 36.211527 ], [ -86.893026, 36.211318 ], [ -86.892823, 36.211092 ], [ -86.892565, 36.210928 ], [ -86.892538, 36.210911 ], [ -86.892409, 36.210737 ], [ -86.892383, 36.210697 ], [ -86.892351, 36.210661 ], [ -86.892247, 36.210521 ], [ -86.892134, 36.210474 ], [ -86.891982, 36.210411 ], [ -86.891114, 36.210262 ], [ -86.890795, 36.210163 ], [ -86.890775, 36.209987 ], [ -86.890721, 36.209888 ], [ -86.890558, 36.209756 ], [ -86.890267, 36.209717 ], [ -86.890118, 36.209673 ], [ -86.889982, 36.209536 ], [ -86.889962, 36.209256 ], [ -86.890057, 36.208398 ], [ -86.890037, 36.208193 ], [ -86.890113, 36.207663 ], [ -86.890307, 36.206667 ], [ -86.890331, 36.206541 ], [ -86.890696, 36.205815 ], [ -86.892476, 36.206302 ], [ -86.894337, 36.206705 ], [ -86.895481, 36.206888 ], [ -86.896859, 36.207042 ], [ -86.897667, 36.207047 ], [ -86.898736, 36.206959 ], [ -86.900244, 36.206952 ], [ -86.900774, 36.206877 ], [ -86.901286, 36.206745 ], [ -86.902196, 36.206439 ], [ -86.902751, 36.206206 ], [ -86.90365, 36.205734 ], [ -86.903913, 36.205551 ], [ -86.904765, 36.20496 ], [ -86.906031, 36.203897 ], [ -86.907017, 36.202879 ], [ -86.907641, 36.202137 ], [ -86.908078, 36.201514 ], [ -86.908492, 36.201049 ], [ -86.909902, 36.1991 ], [ -86.910079, 36.198776 ], [ -86.910462, 36.198293 ], [ -86.910746, 36.197808 ], [ -86.911549, 36.196333 ], [ -86.912041, 36.195309 ], [ -86.912232, 36.194987 ], [ -86.912735, 36.193541 ], [ -86.913024, 36.191771 ], [ -86.913076, 36.19088 ], [ -86.913021, 36.189881 ], [ -86.912658, 36.18841 ], [ -86.912043, 36.187068 ], [ -86.911231, 36.185755 ], [ -86.909881, 36.184248 ], [ -86.908455, 36.182823 ], [ -86.906873, 36.181046 ], [ -86.905791, 36.179565 ], [ -86.904871, 36.178509 ], [ -86.904682, 36.17818 ], [ -86.903883, 36.17721 ], [ -86.903385, 36.176704 ], [ -86.902972, 36.176441 ], [ -86.902618, 36.176288 ], [ -86.902145, 36.175922 ], [ -86.900984, 36.175251 ], [ -86.900484, 36.174892 ], [ -86.898765, 36.173598 ], [ -86.898497, 36.173397 ], [ -86.897465, 36.172505 ], [ -86.896768, 36.172001 ], [ -86.896414, 36.171618 ], [ -86.895409, 36.170802 ], [ -86.894221, 36.169732 ], [ -86.893862, 36.169281 ], [ -86.891546, 36.167023 ], [ -86.890069, 36.165063 ], [ -86.889276, 36.163903 ], [ -86.889076, 36.163964 ], [ -86.888541, 36.164129 ], [ -86.888476, 36.164132 ], [ -86.888269, 36.164143 ], [ -86.888145, 36.164149 ], [ -86.887907, 36.164053 ], [ -86.887121, 36.16358 ], [ -86.885993, 36.162824 ], [ -86.885641, 36.16267 ], [ -86.885248, 36.162601 ], [ -86.884622, 36.162594 ], [ -86.883959, 36.162661 ], [ -86.883216, 36.162786 ], [ -86.882861, 36.162894 ], [ -86.882676, 36.162951 ], [ -86.882036, 36.163271 ], [ -86.881738, 36.163532 ], [ -86.881604, 36.163795 ], [ -86.880971, 36.166015 ], [ -86.880668, 36.166363 ], [ -86.879994, 36.166772 ], [ -86.879792, 36.167003 ], [ -86.879756, 36.167393 ], [ -86.879884, 36.167844 ], [ -86.879736, 36.1681 ], [ -86.879871, 36.168303 ], [ -86.879895, 36.168442 ], [ -86.879738, 36.168689 ], [ -86.87948, 36.168828 ], [ -86.879225, 36.168889 ], [ -86.879003, 36.168889 ], [ -86.878842, 36.168837 ], [ -86.878749, 36.168641 ], [ -86.878738, 36.168088 ], [ -86.878632, 36.167746 ], [ -86.878573, 36.167651 ], [ -86.878423, 36.167574 ], [ -86.87821, 36.167537 ], [ -86.878035, 36.167555 ], [ -86.877905, 36.167651 ], [ -86.877848, 36.167784 ], [ -86.878066, 36.168422 ], [ -86.878006, 36.168553 ], [ -86.877907, 36.168623 ], [ -86.877737, 36.168664 ], [ -86.877364, 36.168586 ], [ -86.87709, 36.16853 ], [ -86.876781, 36.168553 ], [ -86.876273, 36.168671 ], [ -86.87583, 36.168631 ], [ -86.875503, 36.168585 ], [ -86.875353, 36.16851 ], [ -86.875251, 36.168395 ], [ -86.875239, 36.168255 ], [ -86.875292, 36.168158 ], [ -86.875697, 36.168021 ], [ -86.876523, 36.167906 ], [ -86.876765, 36.167756 ], [ -86.87675, 36.167684 ], [ -86.876723, 36.16755 ], [ -86.876429, 36.167324 ], [ -86.876246, 36.167208 ], [ -86.875984, 36.167208 ], [ -86.875677, 36.167287 ], [ -86.875315, 36.167416 ], [ -86.874966, 36.167532 ], [ -86.874529, 36.167611 ], [ -86.874147, 36.167611 ], [ -86.87386, 36.16757 ], [ -86.873711, 36.167521 ], [ -86.873605, 36.167479 ], [ -86.873531, 36.167453 ], [ -86.873474, 36.167417 ], [ -86.87344, 36.167396 ], [ -86.873218, 36.167256 ], [ -86.873205, 36.167248 ], [ -86.873147, 36.167212 ], [ -86.87306, 36.167158 ], [ -86.873005, 36.167123 ], [ -86.872969, 36.167133 ], [ -86.872707, 36.167072 ], [ -86.871905, 36.166734 ], [ -86.871652, 36.166526 ], [ -86.871508, 36.166407 ], [ -86.871173, 36.166186 ], [ -86.87093, 36.166027 ], [ -86.870632, 36.16557 ], [ -86.870614, 36.165519 ], [ -86.870576, 36.165484 ], [ -86.870566, 36.165468 ], [ -86.870291, 36.165046 ], [ -86.870283, 36.165039 ], [ -86.870039, 36.164851 ], [ -86.86967, 36.164672 ], [ -86.869273, 36.164396 ], [ -86.868972, 36.164338 ], [ -86.868939, 36.164341 ], [ -86.868658, 36.164371 ], [ -86.868644, 36.164373 ], [ -86.868621, 36.164333 ], [ -86.868512, 36.164121 ], [ -86.868379, 36.163865 ], [ -86.868365, 36.163838 ], [ -86.86839, 36.16383 ], [ -86.868545, 36.163785 ], [ -86.868815, 36.163706 ], [ -86.869015, 36.163647 ], [ -86.869215, 36.163589 ], [ -86.869855, 36.163395 ], [ -86.871775, 36.162814 ], [ -86.872416, 36.162621 ], [ -86.872542, 36.162586 ], [ -86.872924, 36.162484 ], [ -86.873051, 36.16245 ], [ -86.87307, 36.162443 ], [ -86.873128, 36.162426 ], [ -86.873148, 36.16242 ], [ -86.873277, 36.16238 ], [ -86.873292, 36.162373 ], [ -86.873582, 36.162248 ], [ -86.873705, 36.162169 ], [ -86.873828, 36.16209 ], [ -86.873886, 36.162062 ], [ -86.873944, 36.162034 ], [ -86.874026, 36.16199 ], [ -86.874099, 36.161953 ], [ -86.874334, 36.161785 ], [ -86.874535, 36.161566 ], [ -86.874545, 36.161556 ], [ -86.874667, 36.161388 ], [ -86.874912, 36.161035 ], [ -86.875499, 36.160193 ], [ -86.875655, 36.159981 ], [ -86.87591, 36.159635 ], [ -86.875935, 36.15959 ], [ -86.876041, 36.159477 ], [ -86.876077, 36.15944 ], [ -86.876148, 36.159349 ], [ -86.876161, 36.159334 ], [ -86.876345, 36.159067 ], [ -86.876411, 36.158973 ], [ -86.876541, 36.158795 ], [ -86.876932, 36.158262 ], [ -86.876995, 36.158177 ], [ -86.877011, 36.158064 ], [ -86.876545, 36.157983 ], [ -86.875727, 36.157842 ], [ -86.875148, 36.157739 ], [ -86.874901, 36.157695 ], [ -86.874686, 36.157643 ], [ -86.874907, 36.156491 ], [ -86.874938, 36.156353 ], [ -86.874941, 36.156338 ], [ -86.874981, 36.156109 ], [ -86.875076, 36.155625 ], [ -86.87509, 36.155546 ], [ -86.875228, 36.154806 ], [ -86.875298, 36.154371 ], [ -86.875333, 36.154126 ], [ -86.87533, 36.153998 ], [ -86.875316, 36.153872 ], [ -86.875294, 36.153766 ], [ -86.875262, 36.153664 ], [ -86.875249, 36.153605 ], [ -86.875154, 36.153391 ], [ -86.874902, 36.153066 ], [ -86.874915, 36.153062 ], [ -86.87584, 36.152584 ], [ -86.876071, 36.152491 ], [ -86.875535, 36.151845 ], [ -86.875271, 36.151493 ], [ -86.875182, 36.151387 ], [ -86.874918, 36.15107 ], [ -86.87483, 36.150965 ], [ -86.874623, 36.150718 ], [ -86.874004, 36.149979 ], [ -86.873938, 36.149899 ], [ -86.873786, 36.149744 ], [ -86.873739, 36.149678 ], [ -86.873598, 36.149481 ], [ -86.873524, 36.149381 ], [ -86.873414, 36.149244 ], [ -86.873611, 36.14918 ], [ -86.873861, 36.1491 ], [ -86.87403, 36.149049 ], [ -86.874203, 36.148989 ], [ -86.874363, 36.148936 ], [ -86.8744, 36.148922 ], [ -86.874522, 36.148875 ], [ -86.87469, 36.148811 ], [ -86.874887, 36.148726 ], [ -86.874934, 36.148706 ], [ -86.875007, 36.148672 ], [ -86.874613, 36.148296 ], [ -86.873937, 36.147651 ], [ -86.873785, 36.147437 ], [ -86.873692, 36.147106 ], [ -86.873671, 36.147018 ], [ -86.873656, 36.146951 ], [ -86.873615, 36.146652 ], [ -86.873563, 36.146488 ], [ -86.873545, 36.146288 ], [ -86.873494, 36.145689 ], [ -86.873492, 36.145661 ], [ -86.873431, 36.145501 ], [ -86.873411, 36.145349 ], [ -86.873366, 36.145249 ], [ -86.873307, 36.145117 ], [ -86.873151, 36.144868 ], [ -86.872937, 36.144631 ], [ -86.872916, 36.144612 ], [ -86.872721, 36.144437 ], [ -86.872795, 36.144368 ], [ -86.872891, 36.14428 ], [ -86.873023, 36.144169 ], [ -86.873101, 36.144105 ], [ -86.873243, 36.143986 ], [ -86.873321, 36.143923 ], [ -86.8738, 36.143543 ], [ -86.873986, 36.143384 ], [ -86.874204, 36.143199 ], [ -86.874283, 36.143139 ], [ -86.874371, 36.143075 ], [ -86.874529, 36.14297 ], [ -86.874612, 36.142915 ], [ -86.874874, 36.1427 ], [ -86.875272, 36.142448 ], [ -86.875562, 36.142266 ], [ -86.876037, 36.142015 ], [ -86.876603, 36.141731 ], [ -86.877013, 36.141555 ], [ -86.877235, 36.141452 ], [ -86.877441, 36.141363 ], [ -86.877458, 36.141356 ], [ -86.878155, 36.14098 ], [ -86.87829, 36.140908 ], [ -86.878382, 36.140832 ], [ -86.879018, 36.140318 ], [ -86.87923, 36.140147 ], [ -86.879496, 36.139931 ], [ -86.87958, 36.139864 ], [ -86.87993, 36.139581 ], [ -86.880246, 36.139325 ], [ -86.880296, 36.139284 ], [ -86.880563, 36.139069 ], [ -86.880693, 36.138966 ], [ -86.880823, 36.138864 ], [ -86.881034, 36.138697 ], [ -86.881151, 36.138604 ], [ -86.881246, 36.13853 ], [ -86.882616, 36.137448 ], [ -86.882924, 36.137216 ], [ -86.883394, 36.136864 ], [ -86.883459, 36.136815 ], [ -86.883524, 36.136766 ], [ -86.883865, 36.13657 ], [ -86.884107, 36.136431 ], [ -86.884887, 36.135985 ], [ -86.885229, 36.13579 ], [ -86.885433, 36.135712 ], [ -86.885637, 36.135635 ], [ -86.885797, 36.135574 ], [ -86.886855, 36.135174 ], [ -86.887504, 36.134927 ], [ -86.888073, 36.134712 ], [ -86.8885, 36.13454 ], [ -86.888792, 36.134422 ], [ -86.889783, 36.134026 ], [ -86.890059, 36.133915 ], [ -86.890211, 36.133856 ], [ -86.890834, 36.133617 ], [ -86.891253, 36.133455 ], [ -86.891457, 36.133378 ], [ -86.8927, 36.132901 ], [ -86.893108, 36.132755 ], [ -86.893256, 36.132702 ], [ -86.893405, 36.13265 ], [ -86.894397, 36.132296 ], [ -86.8949, 36.132118 ], [ -86.895542, 36.131905 ], [ -86.895614, 36.131882 ], [ -86.895948, 36.131778 ], [ -86.896737, 36.13147 ], [ -86.898479, 36.130826 ], [ -86.898642, 36.130646 ], [ -86.898975, 36.130282 ], [ -86.899812, 36.129362 ], [ -86.900649, 36.128441 ], [ -86.90127, 36.127757 ], [ -86.901325, 36.127711 ], [ -86.901531, 36.12754 ], [ -86.90215, 36.127029 ], [ -86.902357, 36.126859 ], [ -86.902418, 36.126809 ], [ -86.902474, 36.126775 ], [ -86.902658, 36.126666 ], [ -86.90285, 36.126561 ], [ -86.902977, 36.126492 ], [ -86.902915, 36.126372 ], [ -86.902884, 36.126312 ], [ -86.90278, 36.125992 ], [ -86.902739, 36.125864 ], [ -86.902714, 36.125822 ], [ -86.902641, 36.125696 ], [ -86.902617, 36.125654 ], [ -86.902506, 36.125464 ], [ -86.902435, 36.125324 ], [ -86.90241, 36.125267 ], [ -86.902321, 36.125058 ], [ -86.901985, 36.124308 ], [ -86.90188, 36.124066 ], [ -86.901828, 36.123898 ], [ -86.901802, 36.123754 ], [ -86.901797, 36.123638 ], [ -86.901806, 36.123474 ], [ -86.901816, 36.123349 ], [ -86.901825, 36.123255 ], [ -86.901865, 36.122934 ], [ -86.90191, 36.122486 ], [ -86.90194, 36.122199 ], [ -86.901984, 36.121778 ], [ -86.902026, 36.121386 ], [ -86.902066, 36.12085 ], [ -86.902057, 36.120705 ], [ -86.902037, 36.120539 ], [ -86.902029, 36.120517 ], [ -86.901997, 36.120419 ], [ -86.901938, 36.120289 ], [ -86.901841, 36.120142 ], [ -86.901954, 36.120069 ], [ -86.902199, 36.119878 ], [ -86.902306, 36.119796 ], [ -86.902457, 36.119665 ], [ -86.902603, 36.119519 ], [ -86.902733, 36.119375 ], [ -86.902953, 36.11907 ], [ -86.903056, 36.118885 ], [ -86.903059, 36.118874 ], [ -86.903159, 36.118615 ], [ -86.903209, 36.118456 ], [ -86.902788, 36.118438 ], [ -86.902434, 36.118366 ], [ -86.902404, 36.11836 ], [ -86.902143, 36.118197 ], [ -86.902033, 36.118149 ], [ -86.901788, 36.117966 ], [ -86.90164, 36.117817 ], [ -86.901495, 36.117658 ], [ -86.901222, 36.11732 ], [ -86.900745, 36.116778 ], [ -86.900229, 36.116191 ], [ -86.899584, 36.115503 ], [ -86.899515, 36.115429 ], [ -86.898995, 36.11497 ], [ -86.898775, 36.114769 ], [ -86.898601, 36.114599 ], [ -86.898448, 36.114406 ], [ -86.8983, 36.114229 ], [ -86.898095, 36.113961 ], [ -86.89781, 36.113604 ], [ -86.897678, 36.11343 ], [ -86.897194, 36.112791 ], [ -86.89709, 36.112697 ], [ -86.896807, 36.112287 ], [ -86.89679, 36.112262 ], [ -86.896456, 36.111869 ], [ -86.895933, 36.111334 ], [ -86.895802, 36.111187 ], [ -86.895652, 36.111018 ], [ -86.895563, 36.110881 ], [ -86.89547, 36.110828 ], [ -86.895298, 36.110389 ], [ -86.895073, 36.109813 ], [ -86.894887, 36.109386 ], [ -86.894752, 36.109087 ], [ -86.894559, 36.108659 ], [ -86.894373, 36.108264 ], [ -86.894268, 36.108077 ], [ -86.894172, 36.107928 ], [ -86.894117, 36.107854 ], [ -86.893819, 36.107534 ], [ -86.893715, 36.107429 ], [ -86.893231, 36.106934 ], [ -86.892922, 36.106674 ], [ -86.892545, 36.106358 ], [ -86.892405, 36.106285 ], [ -86.891397, 36.105946 ], [ -86.888806, 36.10573 ], [ -86.888062, 36.10538 ], [ -86.888445, 36.104824 ], [ -86.888641, 36.103466 ], [ -86.888644, 36.103393 ], [ -86.888656, 36.103174 ], [ -86.88866, 36.103102 ], [ -86.888672, 36.102868 ], [ -86.888854, 36.102341 ], [ -86.888859, 36.102329 ], [ -86.888986, 36.102063 ], [ -86.889727, 36.101365 ], [ -86.890369, 36.100807 ], [ -86.890526, 36.100614 ], [ -86.890687, 36.100418 ], [ -86.890886, 36.099904 ], [ -86.89101, 36.099141 ], [ -86.891383, 36.096852 ], [ -86.891451, 36.096437 ], [ -86.891516, 36.096043 ], [ -86.891405, 36.095984 ], [ -86.891161, 36.095885 ], [ -86.890942, 36.095786 ], [ -86.890732, 36.095721 ], [ -86.890537, 36.095673 ], [ -86.890423, 36.095647 ], [ -86.890248, 36.095608 ], [ -86.890027, 36.095544 ], [ -86.890085, 36.095262 ], [ -86.890118, 36.095104 ], [ -86.89013, 36.094962 ], [ -86.890148, 36.094758 ], [ -86.890093, 36.094412 ], [ -86.889967, 36.093887 ], [ -86.889861, 36.093542 ], [ -86.889822, 36.093141 ], [ -86.889817, 36.093127 ], [ -86.889794, 36.093049 ], [ -86.889684, 36.09287 ], [ -86.889503, 36.092591 ], [ -86.889739, 36.092439 ], [ -86.890164, 36.092235 ], [ -86.890268, 36.092187 ], [ -86.890488, 36.092102 ], [ -86.890741, 36.092016 ], [ -86.891097, 36.091884 ], [ -86.891271, 36.091832 ], [ -86.891511, 36.09177 ], [ -86.891972, 36.091623 ], [ -86.892498, 36.091197 ], [ -86.892399, 36.091104 ], [ -86.89234, 36.091067 ], [ -86.892188, 36.090951 ], [ -86.892141, 36.090904 ], [ -86.892091, 36.090855 ], [ -86.892001, 36.090752 ], [ -86.891939, 36.09062 ], [ -86.891903, 36.090568 ], [ -86.891355, 36.089916 ], [ -86.891247, 36.08981 ], [ -86.891168, 36.089726 ], [ -86.891073, 36.089626 ], [ -86.891141, 36.089576 ], [ -86.891329, 36.089412 ], [ -86.89155, 36.089202 ], [ -86.891681, 36.089085 ], [ -86.892164, 36.088576 ], [ -86.8924, 36.08827 ], [ -86.89262, 36.087961 ], [ -86.892697, 36.087853 ], [ -86.893251, 36.086913 ], [ -86.893312, 36.086813 ], [ -86.893392, 36.086682 ], [ -86.893497, 36.086481 ], [ -86.893544, 36.086402 ], [ -86.893802, 36.085973 ], [ -86.894233, 36.085264 ], [ -86.894276, 36.085188 ], [ -86.894338, 36.085082 ], [ -86.894526, 36.084788 ], [ -86.894723, 36.084573 ], [ -86.895039, 36.08423 ], [ -86.895226, 36.084049 ], [ -86.895555, 36.083752 ], [ -86.896156, 36.083211 ], [ -86.896574, 36.082852 ], [ -86.897208, 36.082284 ], [ -86.897433, 36.082105 ], [ -86.897819, 36.081833 ], [ -86.898215, 36.081586 ], [ -86.898508, 36.08142 ], [ -86.898756, 36.081288 ], [ -86.899055, 36.081153 ], [ -86.899161, 36.081106 ], [ -86.899387, 36.08101 ], [ -86.899961, 36.080773 ], [ -86.900201, 36.080697 ], [ -86.900615, 36.080564 ], [ -86.90172, 36.08024 ], [ -86.901766, 36.080227 ], [ -86.902989, 36.079917 ], [ -86.90307, 36.079897 ], [ -86.90329, 36.079842 ], [ -86.903591, 36.079768 ], [ -86.903677, 36.079746 ], [ -86.904045, 36.079655 ], [ -86.904777, 36.079474 ], [ -86.904876, 36.07945 ], [ -86.904923, 36.079438 ], [ -86.907227, 36.078844 ], [ -86.907383, 36.078803 ], [ -86.908076, 36.078622 ], [ -86.908831, 36.078426 ], [ -86.908925, 36.078402 ], [ -86.909301, 36.078304 ], [ -86.91054, 36.077933 ], [ -86.910762, 36.077866 ], [ -86.910814, 36.07785 ], [ -86.910954, 36.077808 ], [ -86.911114, 36.077762 ], [ -86.911221, 36.077727 ], [ -86.911419, 36.077665 ], [ -86.91153, 36.077627 ], [ -86.91157, 36.077614 ], [ -86.911721, 36.077563 ], [ -86.912217, 36.077394 ], [ -86.913438, 36.076981 ], [ -86.913706, 36.076891 ], [ -86.914204, 36.076726 ], [ -86.914445, 36.076644 ], [ -86.914533, 36.076615 ], [ -86.915521, 36.076285 ], [ -86.915851, 36.076176 ], [ -86.915914, 36.076153 ], [ -86.916278, 36.07603 ], [ -86.917562, 36.075597 ], [ -86.91799, 36.075453 ], [ -86.918355, 36.075329 ], [ -86.91945, 36.07496 ], [ -86.919816, 36.074838 ], [ -86.920041, 36.074761 ], [ -86.920719, 36.074534 ], [ -86.920945, 36.074458 ], [ -86.920994, 36.074446 ], [ -86.921141, 36.074411 ], [ -86.921191, 36.0744 ], [ -86.92135, 36.074362 ], [ -86.921491, 36.07433 ], [ -86.92182, 36.07422 ], [ -86.921976, 36.074169 ], [ -86.924486, 36.073335 ], [ -86.924534, 36.07332 ], [ -86.925011, 36.073171 ], [ -86.926238, 36.072787 ], [ -86.926474, 36.072708 ], [ -86.926746, 36.072597 ], [ -86.927562, 36.072265 ], [ -86.927835, 36.072155 ], [ -86.927936, 36.072112 ], [ -86.928238, 36.071985 ], [ -86.92825, 36.07198 ], [ -86.92834, 36.071943 ], [ -86.928847, 36.071705 ], [ -86.929405, 36.071443 ], [ -86.929477, 36.071409 ], [ -86.929701, 36.071303 ], [ -86.929874, 36.071198 ], [ -86.930174, 36.071015 ], [ -86.930424, 36.070826 ], [ -86.930561, 36.070725 ], [ -86.93093, 36.070442 ], [ -86.931158, 36.070238 ], [ -86.931397, 36.070035 ], [ -86.931585, 36.069874 ], [ -86.931718, 36.069752 ], [ -86.931994, 36.069514 ], [ -86.932719, 36.068887 ], [ -86.932861, 36.06874 ], [ -86.933422, 36.068263 ], [ -86.933544, 36.068174 ], [ -86.933681, 36.068066 ], [ -86.933876, 36.067942 ], [ -86.934801, 36.067374 ], [ -86.935828, 36.066737 ], [ -86.936155, 36.066533 ], [ -86.936992, 36.066015 ], [ -86.937139, 36.065925 ], [ -86.937468, 36.065724 ], [ -86.937946, 36.065431 ], [ -86.938987, 36.064794 ], [ -86.939111, 36.064703 ], [ -86.939233, 36.064637 ], [ -86.939554, 36.064464 ], [ -86.939594, 36.064442 ], [ -86.940113, 36.064113 ], [ -86.940267, 36.064015 ], [ -86.940729, 36.063724 ], [ -86.940884, 36.063627 ], [ -86.941277, 36.063396 ], [ -86.941454, 36.063293 ], [ -86.942243, 36.062797 ], [ -86.942348, 36.06272 ], [ -86.94242, 36.062648 ], [ -86.942745, 36.062328 ], [ -86.942822, 36.062188 ], [ -86.942904, 36.062068 ], [ -86.943006, 36.061898 ], [ -86.943077, 36.061766 ], [ -86.943274, 36.061405 ], [ -86.944064, 36.060072 ], [ -86.944221, 36.059808 ], [ -86.944344, 36.059617 ], [ -86.944376, 36.059568 ], [ -86.944409, 36.059518 ], [ -86.944442, 36.059466 ], [ -86.944476, 36.059414 ], [ -86.944694, 36.059076 ], [ -86.944766, 36.058966 ], [ -86.944997, 36.058651 ], [ -86.945117, 36.058488 ], [ -86.945753, 36.057756 ], [ -86.94601, 36.057462 ], [ -86.946766, 36.056578 ], [ -86.946773, 36.056569 ], [ -86.947697, 36.055506 ], [ -86.947917, 36.05529 ], [ -86.948291, 36.054975 ], [ -86.948423, 36.054885 ], [ -86.948617, 36.054766 ], [ -86.948948, 36.054588 ], [ -86.949103, 36.05452 ], [ -86.949263, 36.054459 ], [ -86.949427, 36.054406 ], [ -86.949468, 36.054393 ], [ -86.949764, 36.054308 ], [ -86.950271, 36.054178 ], [ -86.950518, 36.054118 ], [ -86.950604, 36.054091 ], [ -86.950666, 36.054173 ], [ -86.950717, 36.054239 ], [ -86.950825, 36.054366 ], [ -86.95087, 36.054405 ], [ -86.950949, 36.054473 ], [ -86.951094, 36.054568 ], [ -86.951213, 36.054624 ], [ -86.951395, 36.054689 ], [ -86.951538, 36.054722 ], [ -86.951588, 36.05473 ], [ -86.951615, 36.054735 ], [ -86.951761, 36.054753 ], [ -86.952034, 36.054775 ], [ -86.952253, 36.054794 ], [ -86.95274, 36.054829 ], [ -86.952856, 36.054841 ], [ -86.95313, 36.054872 ], [ -86.953239, 36.054877 ], [ -86.953404, 36.054886 ], [ -86.953568, 36.054897 ], [ -86.953678, 36.054905 ], [ -86.955328, 36.055039 ], [ -86.955908, 36.055038 ], [ -86.956109, 36.055023 ], [ -86.956619, 36.054944 ], [ -86.956805, 36.05491 ], [ -86.957123, 36.054853 ], [ -86.957239, 36.054837 ], [ -86.95755, 36.054807 ], [ -86.957686, 36.054806 ], [ -86.957944, 36.054819 ], [ -86.958449, 36.05486 ], [ -86.959099, 36.054927 ], [ -86.95965, 36.055012 ], [ -86.959834, 36.055042 ], [ -86.96036, 36.055165 ], [ -86.960788, 36.05532 ], [ -86.96095, 36.055381 ], [ -86.961133, 36.05547 ], [ -86.961711, 36.055767 ], [ -86.962474, 36.056167 ], [ -86.962639, 36.05623 ], [ -86.962769, 36.056275 ], [ -86.963085, 36.056361 ], [ -86.963354, 36.056409 ], [ -86.964263, 36.056551 ], [ -86.964625, 36.056604 ], [ -86.965184, 36.056623 ], [ -86.965646, 36.056588 ], [ -86.965911, 36.056546 ], [ -86.966175, 36.056506 ], [ -86.966771, 36.056399 ], [ -86.967492, 36.056315 ], [ -86.969034, 36.056394 ], [ -86.969144, 36.056402 ], [ -86.969477, 36.056427 ], [ -86.969588, 36.056436 ], [ -86.96982, 36.056462 ], [ -86.96993, 36.056483 ], [ -86.970048, 36.056506 ], [ -86.97027, 36.056566 ], [ -86.970735, 36.056728 ], [ -86.970759, 36.056736 ], [ -86.970922, 36.056783 ], [ -86.971254, 36.056881 ], [ -86.971418, 36.056901 ], [ -86.971664, 36.056931 ], [ -86.97191, 36.056928 ], [ -86.972079, 36.05692 ], [ -86.972192, 36.05691 ], [ -86.972531, 36.056879 ], [ -86.972645, 36.05687 ], [ -86.972992, 36.056834 ], [ -86.974034, 36.056727 ], [ -86.974382, 36.056692 ], [ -86.975528, 36.056579 ], [ -86.975876, 36.056553 ], [ -86.975958, 36.056547 ], [ -86.976235, 36.056529 ], [ -86.977591, 36.056486 ], [ -86.977788, 36.056477 ], [ -86.978031, 36.056444 ], [ -86.978194, 36.056412 ], [ -86.978508, 36.056327 ], [ -86.97866, 36.05628 ], [ -86.979046, 36.056107 ], [ -86.979278, 36.055966 ], [ -86.97944, 36.055846 ], [ -86.979564, 36.055727 ], [ -86.979732, 36.05554 ], [ -86.979897, 36.055345 ], [ -86.979983, 36.055265 ], [ -86.980041, 36.055212 ], [ -86.980185, 36.055116 ], [ -86.980275, 36.055062 ], [ -86.980512, 36.054962 ], [ -86.980739, 36.054909 ], [ -86.980837, 36.054891 ], [ -86.981139, 36.054869 ], [ -86.98139, 36.054885 ], [ -86.981798, 36.054912 ], [ -86.982001, 36.054906 ], [ -86.982265, 36.05486 ], [ -86.982356, 36.054845 ], [ -86.982583, 36.05477 ], [ -86.982802, 36.054666 ], [ -86.982943, 36.054562 ], [ -86.983132, 36.054405 ], [ -86.984011, 36.053454 ], [ -86.984115, 36.053369 ], [ -86.984293, 36.053247 ], [ -86.984345, 36.053213 ], [ -86.98456, 36.053091 ], [ -86.984841, 36.052946 ], [ -86.98507, 36.052835 ], [ -86.985356, 36.053051 ], [ -86.985659, 36.053258 ], [ -86.986458, 36.053806 ], [ -86.986635, 36.053887 ], [ -86.986924, 36.053986 ], [ -86.987619, 36.054127 ], [ -86.987784, 36.054161 ], [ -86.988044, 36.054228 ], [ -86.98832, 36.054314 ], [ -86.988891, 36.054757 ], [ -86.989145, 36.055247 ], [ -86.989228, 36.055621 ], [ -86.989695, 36.057933 ], [ -86.989838, 36.058622 ], [ -86.990048, 36.059019 ], [ -86.990339, 36.059439 ], [ -86.990532, 36.05971 ], [ -86.99068, 36.059899 ], [ -86.990724, 36.059979 ], [ -86.990784, 36.060161 ], [ -86.990937, 36.060621 ], [ -86.99097, 36.060769 ], [ -86.991007, 36.061001 ], [ -86.991066, 36.06128 ], [ -86.991266, 36.061614 ], [ -86.991431, 36.061771 ], [ -86.99178, 36.061967 ], [ -86.992581, 36.062189 ], [ -86.993485, 36.062523 ], [ -86.993948, 36.062934 ], [ -86.994186, 36.063298 ], [ -86.99464, 36.064221 ], [ -86.99476, 36.064402 ], [ -86.994938, 36.064632 ], [ -86.995374, 36.065021 ], [ -86.995432, 36.065066 ], [ -86.995845, 36.065327 ], [ -86.996041, 36.065451 ], [ -86.998053, 36.066707 ], [ -86.998749, 36.067154 ], [ -86.99889, 36.067257 ], [ -86.999262, 36.06755 ], [ -86.999777, 36.067938 ], [ -86.99991, 36.068197 ], [ -87.000864, 36.069156 ], [ -87.00171, 36.069892 ], [ -87.001802, 36.069965 ], [ -87.002147, 36.070204 ], [ -87.002708, 36.070548 ], [ -87.002828, 36.070615 ], [ -87.003416, 36.070926 ], [ -87.00367, 36.071055 ], [ -87.003978, 36.071202 ], [ -87.004368, 36.071389 ], [ -87.004578, 36.071495 ], [ -87.004719, 36.071575 ], [ -87.004874, 36.071673 ], [ -87.005225, 36.071932 ], [ -87.005322, 36.072017 ], [ -87.006134, 36.072761 ], [ -87.007417, 36.073451 ], [ -87.007489, 36.073479 ], [ -87.008571, 36.073745 ], [ -87.00871, 36.073764 ], [ -87.009324, 36.073806 ], [ -87.010201, 36.073867 ], [ -87.01119, 36.073993 ], [ -87.011395, 36.07402 ], [ -87.011713, 36.074079 ], [ -87.012902, 36.074341 ], [ -87.013578, 36.074494 ], [ -87.014274, 36.074652 ], [ -87.0149, 36.074834 ], [ -87.014967, 36.07486 ], [ -87.015825, 36.075251 ], [ -87.016548, 36.075613 ], [ -87.017055, 36.075867 ], [ -87.018099, 36.076271 ], [ -87.018286, 36.076311 ], [ -87.018561, 36.076348 ], [ -87.019301, 36.076448 ], [ -87.019386, 36.076467 ], [ -87.019658, 36.076528 ], [ -87.019769, 36.07654 ], [ -87.020103, 36.076577 ], [ -87.020215, 36.07659 ], [ -87.020807, 36.076646 ], [ -87.021812, 36.076743 ], [ -87.022585, 36.076806 ], [ -87.023179, 36.076855 ], [ -87.025215, 36.076809 ], [ -87.025246, 36.076809 ], [ -87.025823, 36.076801 ], [ -87.026137, 36.076788 ], [ -87.026433, 36.076798 ], [ -87.027129, 36.076815 ], [ -87.028136, 36.076875 ], [ -87.028355, 36.076897 ], [ -87.028839, 36.076937 ], [ -87.031311, 36.077172 ], [ -87.033161, 36.077348 ], [ -87.033348, 36.07736 ], [ -87.033827, 36.077406 ], [ -87.034668, 36.077539 ], [ -87.035866, 36.077798 ], [ -87.036891, 36.078114 ], [ -87.037565, 36.078345 ], [ -87.038227, 36.078627 ], [ -87.038792, 36.0789 ], [ -87.038772, 36.079156 ] ] ] } },
{ "type": "Feature", "properties": { "district_num": "54" }, "geometry": { "type": "Polygon", "coordinates": [ [ [ -86.921053, 36.211446 ], [ -86.920561, 36.212389 ], [ -86.920405, 36.212689 ], [ -86.920199, 36.213038 ], [ -86.918937, 36.215137 ], [ -86.918389, 36.21605 ], [ -86.917987, 36.216717 ], [ -86.917203, 36.218022 ], [ -86.917098, 36.218208 ], [ -86.91691, 36.218592 ], [ -86.916848, 36.218754 ], [ -86.916798, 36.218886 ], [ -86.916727, 36.219121 ], [ -86.916581, 36.219485 ], [ -86.91652, 36.219635 ], [ -86.91634, 36.220084 ], [ -86.916281, 36.220235 ], [ -86.915905, 36.221064 ], [ -86.915352, 36.222289 ], [ -86.91477, 36.223549 ], [ -86.914389, 36.224376 ], [ -86.914207, 36.22477 ], [ -86.914104, 36.224984 ], [ -86.91385, 36.225445 ], [ -86.913745, 36.225608 ], [ -86.913737, 36.225619 ], [ -86.91316, 36.226468 ], [ -86.911337, 36.229084 ], [ -86.910534, 36.230238 ], [ -86.910497, 36.23029 ], [ -86.910461, 36.230343 ], [ -86.910297, 36.230579 ], [ -86.909906, 36.231146 ], [ -86.909587, 36.231606 ], [ -86.909351, 36.231948 ], [ -86.909158, 36.232225 ], [ -86.908711, 36.232979 ], [ -86.90856, 36.233304 ], [ -86.908545, 36.233337 ], [ -86.907328, 36.236216 ], [ -86.906947, 36.237043 ], [ -86.906876, 36.237173 ], [ -86.906613, 36.237658 ], [ -86.906566, 36.237735 ], [ -86.906184, 36.238369 ], [ -86.905811, 36.239009 ], [ -86.905747, 36.23912 ], [ -86.905642, 36.239126 ], [ -86.905388, 36.239141 ], [ -86.905333, 36.239165 ], [ -86.905238, 36.239208 ], [ -86.905171, 36.239238 ], [ -86.904989, 36.239375 ], [ -86.904892, 36.239435 ], [ -86.904844, 36.239466 ], [ -86.904664, 36.239554 ], [ -86.904329, 36.239668 ], [ -86.903903, 36.239748 ], [ -86.903705, 36.23977 ], [ -86.903663, 36.239775 ], [ -86.903438, 36.23988 ], [ -86.903413, 36.239925 ], [ -86.903394, 36.239995 ], [ -86.90337, 36.240088 ], [ -86.903362, 36.24064 ], [ -86.903315, 36.240856 ], [ -86.903208, 36.241042 ], [ -86.903202, 36.24105 ], [ -86.903079, 36.241246 ], [ -86.902958, 36.241456 ], [ -86.902795, 36.24166 ], [ -86.90268, 36.241777 ], [ -86.902483, 36.242011 ], [ -86.902235, 36.242576 ], [ -86.902095, 36.242914 ], [ -86.902037, 36.242968 ], [ -86.901853, 36.243071 ], [ -86.90111, 36.243375 ], [ -86.900099, 36.243791 ], [ -86.899872, 36.243884 ], [ -86.899618, 36.243963 ], [ -86.899352, 36.244048 ], [ -86.899155, 36.244136 ], [ -86.898616, 36.244418 ], [ -86.898392, 36.244564 ], [ -86.898242, 36.244626 ], [ -86.898222, 36.244635 ], [ -86.89774, 36.244719 ], [ -86.89732, 36.244792 ], [ -86.897198, 36.244821 ], [ -86.897074, 36.244871 ], [ -86.89683, 36.244994 ], [ -86.896508, 36.245249 ], [ -86.896251, 36.24546 ], [ -86.896017, 36.245577 ], [ -86.895817, 36.245622 ], [ -86.895614, 36.245623 ], [ -86.89545, 36.245624 ], [ -86.895093, 36.245621 ], [ -86.894814, 36.245614 ], [ -86.894517, 36.245599 ], [ -86.894299, 36.245574 ], [ -86.894085, 36.245539 ], [ -86.893462, 36.24542 ], [ -86.891923, 36.245131 ], [ -86.891516, 36.245159 ], [ -86.891207, 36.245275 ], [ -86.890642, 36.245553 ], [ -86.890478, 36.245557 ], [ -86.890398, 36.24554 ], [ -86.890202, 36.24548 ], [ -86.890113, 36.245442 ], [ -86.89003, 36.245395 ], [ -86.889892, 36.245279 ], [ -86.889835, 36.245211 ], [ -86.889791, 36.245138 ], [ -86.889759, 36.245061 ], [ -86.889739, 36.244981 ], [ -86.88966, 36.244519 ], [ -86.889625, 36.244381 ], [ -86.889569, 36.244248 ], [ -86.889522, 36.244169 ], [ -86.889493, 36.244121 ], [ -86.889397, 36.244003 ], [ -86.887994, 36.242624 ], [ -86.887914, 36.242447 ], [ -86.887919, 36.242362 ], [ -86.88794, 36.242296 ], [ -86.888033, 36.242161 ], [ -86.888091, 36.24212 ], [ -86.888927, 36.241629 ], [ -86.889343, 36.241354 ], [ -86.889404, 36.241286 ], [ -86.889447, 36.241209 ], [ -86.889481, 36.241096 ], [ -86.889499, 36.240982 ], [ -86.8895, 36.240924 ], [ -86.889484, 36.240788 ], [ -86.889215, 36.240478 ], [ -86.889092, 36.240336 ], [ -86.888907, 36.240159 ], [ -86.887296, 36.238676 ], [ -86.887085, 36.238473 ], [ -86.886835, 36.238201 ], [ -86.886606, 36.237917 ], [ -86.886401, 36.237621 ], [ -86.886111, 36.237172 ], [ -86.885939, 36.236926 ], [ -86.885749, 36.23669 ], [ -86.88554, 36.236463 ], [ -86.885315, 36.236248 ], [ -86.884992, 36.235973 ], [ -86.884654, 36.235706 ], [ -86.884278, 36.235444 ], [ -86.8839, 36.235211 ], [ -86.883475, 36.234993 ], [ -86.883362, 36.234942 ], [ -86.883263, 36.234888 ], [ -86.882925, 36.234753 ], [ -86.882915, 36.234749 ], [ -86.882627, 36.234652 ], [ -86.882295, 36.234554 ], [ -86.881926, 36.234429 ], [ -86.881484, 36.234241 ], [ -86.880257, 36.233668 ], [ -86.879726, 36.233412 ], [ -86.879229, 36.233135 ], [ -86.878641, 36.232754 ], [ -86.878498, 36.232684 ], [ -86.878096, 36.232509 ], [ -86.878024, 36.23248 ], [ -86.877794, 36.232388 ], [ -86.877466, 36.232239 ], [ -86.876858, 36.232051 ], [ -86.876582, 36.231938 ], [ -86.875848, 36.231588 ], [ -86.875589, 36.23145 ], [ -86.87513, 36.231193 ], [ -86.874765, 36.231095 ], [ -86.874371, 36.230839 ], [ -86.87424, 36.230789 ], [ -86.87322, 36.230475 ], [ -86.872819, 36.230351 ], [ -86.87265, 36.230286 ], [ -86.872456, 36.230203 ], [ -86.872229, 36.230093 ], [ -86.872035, 36.22999 ], [ -86.871627, 36.229741 ], [ -86.871393, 36.229603 ], [ -86.871111, 36.229414 ], [ -86.870795, 36.229203 ], [ -86.870294, 36.228839 ], [ -86.870165, 36.228765 ], [ -86.869989, 36.228668 ], [ -86.869817, 36.228592 ], [ -86.869676, 36.228539 ], [ -86.869541, 36.228502 ], [ -86.869428, 36.22848 ], [ -86.869257, 36.228466 ], [ -86.869056, 36.228462 ], [ -86.868839, 36.228477 ], [ -86.86881, 36.228479 ], [ -86.86878, 36.228482 ], [ -86.868606, 36.228499 ], [ -86.868548, 36.228506 ], [ -86.868589, 36.22891 ], [ -86.868559, 36.229189 ], [ -86.868531, 36.229315 ], [ -86.868149, 36.231101 ], [ -86.86804, 36.231697 ], [ -86.86804, 36.231711 ], [ -86.868045, 36.231873 ], [ -86.868066, 36.232172 ], [ -86.868083, 36.23234 ], [ -86.868121, 36.232522 ], [ -86.868155, 36.232687 ], [ -86.868183, 36.232817 ], [ -86.868318, 36.233152 ], [ -86.868324, 36.233162 ], [ -86.86841, 36.233308 ], [ -86.868433, 36.233347 ], [ -86.86849, 36.233427 ], [ -86.869227, 36.23433 ], [ -86.869806, 36.23504 ], [ -86.870153, 36.235456 ], [ -86.870421, 36.23581 ], [ -86.870617, 36.236115 ], [ -86.871441, 36.237497 ], [ -86.871467, 36.237546 ], [ -86.871647, 36.237883 ], [ -86.871784, 36.238197 ], [ -86.871894, 36.238518 ], [ -86.871966, 36.238753 ], [ -86.872034, 36.238672 ], [ -86.87224, 36.238432 ], [ -86.87231, 36.238352 ], [ -86.87234, 36.238656 ], [ -86.872371, 36.23896 ], [ -86.872346, 36.239342 ], [ -86.872331, 36.239581 ], [ -86.872365, 36.239938 ], [ -86.872882, 36.241268 ], [ -86.873489, 36.242008 ], [ -86.873567, 36.242103 ], [ -86.87369, 36.242416 ], [ -86.873988, 36.242862 ], [ -86.873972, 36.242875 ], [ -86.873927, 36.242914 ], [ -86.873912, 36.242928 ], [ -86.873927, 36.24295 ], [ -86.87395, 36.242984 ], [ -86.874014, 36.24308 ], [ -86.874063, 36.243153 ], [ -86.874102, 36.24321 ], [ -86.874623, 36.243984 ], [ -86.874902, 36.244352 ], [ -86.875099, 36.244578 ], [ -86.875146, 36.244632 ], [ -86.87525, 36.244739 ], [ -86.875737, 36.245221 ], [ -86.875776, 36.245264 ], [ -86.875786, 36.245275 ], [ -86.875953, 36.245577 ], [ -86.876317, 36.246853 ], [ -86.876377, 36.247013 ], [ -86.87646, 36.247164 ], [ -86.876566, 36.247307 ], [ -86.876693, 36.247437 ], [ -86.876733, 36.247468 ], [ -86.876841, 36.247553 ], [ -86.87692, 36.247605 ], [ -86.877344, 36.247785 ], [ -86.877633, 36.24785 ], [ -86.878129, 36.247951 ], [ -86.878323, 36.248007 ], [ -86.878554, 36.248087 ], [ -86.878773, 36.248188 ], [ -86.879156, 36.248444 ], [ -86.879397, 36.248664 ], [ -86.879673, 36.248917 ], [ -86.880424, 36.249604 ], [ -86.880587, 36.249759 ], [ -86.880849, 36.250035 ], [ -86.881019, 36.250241 ], [ -86.881088, 36.250324 ], [ -86.881306, 36.250625 ], [ -86.882143, 36.251878 ], [ -86.882617, 36.252541 ], [ -86.883167, 36.253271 ], [ -86.883269, 36.253418 ], [ -86.883361, 36.253562 ], [ -86.883471, 36.253761 ], [ -86.883565, 36.253965 ], [ -86.883829, 36.2546 ], [ -86.88394, 36.254846 ], [ -86.884037, 36.25502 ], [ -86.884084, 36.255103 ], [ -86.885023, 36.256635 ], [ -86.885183, 36.256896 ], [ -86.885189, 36.256905 ], [ -86.885519, 36.257421 ], [ -86.885687, 36.257664 ], [ -86.885861, 36.257917 ], [ -86.88612, 36.258293 ], [ -86.886174, 36.258372 ], [ -86.886331, 36.258627 ], [ -86.886414, 36.258799 ], [ -86.886485, 36.258973 ], [ -86.886541, 36.259152 ], [ -86.886584, 36.259333 ], [ -86.886628, 36.259554 ], [ -86.886663, 36.259729 ], [ -86.886724, 36.260002 ], [ -86.886729, 36.260024 ], [ -86.886758, 36.260118 ], [ -86.886803, 36.260209 ], [ -86.886859, 36.260294 ], [ -86.88693, 36.260374 ], [ -86.887012, 36.260445 ], [ -86.887105, 36.260507 ], [ -86.887207, 36.26056 ], [ -86.887316, 36.260601 ], [ -86.88743, 36.260631 ], [ -86.887502, 36.26064 ], [ -86.887585, 36.260652 ], [ -86.88829, 36.260698 ], [ -86.888423, 36.260724 ], [ -86.88855, 36.260763 ], [ -86.88867, 36.260816 ], [ -86.88878, 36.26088 ], [ -86.889308, 36.261229 ], [ -86.889943, 36.261656 ], [ -86.884467, 36.262686 ], [ -86.858252, 36.248827 ], [ -86.858494, 36.247081 ], [ -86.857191, 36.242913 ], [ -86.853344, 36.242718 ], [ -86.84968, 36.24321 ], [ -86.846768, 36.24296 ], [ -86.846165, 36.243844 ], [ -86.844306, 36.246571 ], [ -86.841964, 36.247516 ], [ -86.839384, 36.245625 ], [ -86.839184, 36.245479 ], [ -86.837791, 36.245294 ], [ -86.834761, 36.245667 ], [ -86.83425, 36.246497 ], [ -86.83441, 36.246612 ], [ -86.83455, 36.246701 ], [ -86.834635, 36.246768 ], [ -86.83598, 36.247578 ], [ -86.836053, 36.247504 ], [ -86.836103, 36.247452 ], [ -86.836231, 36.2474 ], [ -86.836308, 36.247393 ], [ -86.836501, 36.247378 ], [ -86.836558, 36.2474 ], [ -86.836855, 36.247518 ], [ -86.836878, 36.247617 ], [ -86.837095, 36.247881 ], [ -86.837822, 36.248249 ], [ -86.838697, 36.248843 ], [ -86.83907, 36.249117 ], [ -86.839525, 36.249178 ], [ -86.840013, 36.24926 ], [ -86.840577, 36.249491 ], [ -86.840903, 36.249672 ], [ -86.841377, 36.250056 ], [ -86.841675, 36.250215 ], [ -86.842537, 36.250264 ], [ -86.842809, 36.250358 ], [ -86.84344, 36.250709 ], [ -86.843684, 36.250792 ], [ -86.843989, 36.250863 ], [ -86.844295, 36.250901 ], [ -86.844736, 36.250923 ], [ -86.845075, 36.250923 ], [ -86.845346, 36.250951 ], [ -86.845482, 36.250973 ], [ -86.845618, 36.251055 ], [ -86.845862, 36.251368 ], [ -86.846426, 36.251934 ], [ -86.846623, 36.252099 ], [ -86.846684, 36.252214 ], [ -86.84667, 36.2525 ], [ -86.846582, 36.252786 ], [ -86.846583, 36.253704 ], [ -86.846623, 36.253847 ], [ -86.846793, 36.254132 ], [ -86.84701, 36.254336 ], [ -86.847234, 36.2545 ], [ -86.847445, 36.254599 ], [ -86.847893, 36.254742 ], [ -86.848225, 36.254775 ], [ -86.848429, 36.254846 ], [ -86.848829, 36.255132 ], [ -86.849128, 36.255396 ], [ -86.84946, 36.255621 ], [ -86.849542, 36.255714 ], [ -86.849644, 36.255874 ], [ -86.84978, 36.256198 ], [ -86.849983, 36.256758 ], [ -86.850147, 36.257116 ], [ -86.850276, 36.257275 ], [ -86.850628, 36.25755 ], [ -86.850703, 36.257654 ], [ -86.850927, 36.258017 ], [ -86.851056, 36.258132 ], [ -86.851226, 36.258236 ], [ -86.851491, 36.258324 ], [ -86.851728, 36.258462 ], [ -86.851776, 36.258626 ], [ -86.851864, 36.258841 ], [ -86.851905, 36.258995 ], [ -86.851851, 36.259715 ], [ -86.851966, 36.259879 ], [ -86.851885, 36.260495 ], [ -86.851926, 36.260979 ], [ -86.85211, 36.261143 ], [ -86.852144, 36.261374 ], [ -86.852273, 36.261726 ], [ -86.852477, 36.26205 ], [ -86.852857, 36.262358 ], [ -86.85321, 36.262671 ], [ -86.853929, 36.263204 ], [ -86.854608, 36.263726 ], [ -86.855701, 36.264335 ], [ -86.856278, 36.264681 ], [ -86.856618, 36.264939 ], [ -86.856882, 36.264961 ], [ -86.857059, 36.264851 ], [ -86.857149, 36.264801 ], [ -86.857192, 36.26482 ], [ -86.857856, 36.265256 ], [ -86.858498, 36.26567 ], [ -86.858952, 36.265979 ], [ -86.859138, 36.266096 ], [ -86.859616, 36.266399 ], [ -86.859724, 36.266475 ], [ -86.859854, 36.266599 ], [ -86.859929, 36.266833 ], [ -86.859907, 36.267359 ], [ -86.860057, 36.26762 ], [ -86.860219, 36.267938 ], [ -86.860467, 36.268423 ], [ -86.860524, 36.268548 ], [ -86.860567, 36.268625 ], [ -86.860618, 36.268687 ], [ -86.860722, 36.268765 ], [ -86.860794, 36.268786 ], [ -86.861063, 36.268864 ], [ -86.861254, 36.268939 ], [ -86.861448, 36.269073 ], [ -86.861563, 36.269145 ], [ -86.861768, 36.269275 ], [ -86.861809, 36.269291 ], [ -86.86188, 36.26932 ], [ -86.861991, 36.26935 ], [ -86.862084, 36.269363 ], [ -86.862133, 36.269368 ], [ -86.862469, 36.269403 ], [ -86.863094, 36.269538 ], [ -86.86312, 36.269545 ], [ -86.863443, 36.269637 ], [ -86.863711, 36.269714 ], [ -86.863869, 36.269783 ], [ -86.86403, 36.269871 ], [ -86.864158, 36.269961 ], [ -86.86438, 36.27018 ], [ -86.864453, 36.270286 ], [ -86.864534, 36.270403 ], [ -86.864873, 36.270981 ], [ -86.864945, 36.271253 ], [ -86.865219, 36.272049 ], [ -86.865387, 36.27247 ], [ -86.86576, 36.273174 ], [ -86.866033, 36.273576 ], [ -86.86604, 36.273599 ], [ -86.866149, 36.273956 ], [ -86.866146, 36.274366 ], [ -86.866116, 36.274814 ], [ -86.866643, 36.275206 ], [ -86.866777, 36.275295 ], [ -86.867131, 36.275532 ], [ -86.867643, 36.275832 ], [ -86.86814, 36.276089 ], [ -86.86893, 36.276471 ], [ -86.869133, 36.27657 ], [ -86.869477, 36.276759 ], [ -86.869647, 36.276866 ], [ -86.869805, 36.276966 ], [ -86.870413, 36.277375 ], [ -86.872704, 36.278916 ], [ -86.872786, 36.278971 ], [ -86.873463, 36.279438 ], [ -86.873474, 36.279681 ], [ -86.873445, 36.279992 ], [ -86.873406, 36.280191 ], [ -86.873353, 36.280389 ], [ -86.873285, 36.280583 ], [ -86.8732, 36.280773 ], [ -86.873124, 36.280911 ], [ -86.873035, 36.281051 ], [ -86.872934, 36.281186 ], [ -86.872823, 36.281315 ], [ -86.872703, 36.281438 ], [ -86.872572, 36.281555 ], [ -86.872434, 36.281665 ], [ -86.871987, 36.281956 ], [ -86.871244, 36.282377 ], [ -86.870918, 36.282534 ], [ -86.870581, 36.282675 ], [ -86.870317, 36.282761 ], [ -86.869965, 36.28286 ], [ -86.869604, 36.282938 ], [ -86.867963, 36.283261 ], [ -86.867753, 36.283303 ], [ -86.86589, 36.283678 ], [ -86.865169, 36.28383 ], [ -86.864466, 36.284014 ], [ -86.864276, 36.284083 ], [ -86.864021, 36.284193 ], [ -86.863503, 36.284455 ], [ -86.863306, 36.284533 ], [ -86.863216, 36.284565 ], [ -86.862902, 36.284633 ], [ -86.862605, 36.284629 ], [ -86.862459, 36.284603 ], [ -86.862262, 36.284541 ], [ -86.862064, 36.284445 ], [ -86.861883, 36.284302 ], [ -86.861702, 36.28412 ], [ -86.8615, 36.283862 ], [ -86.861363, 36.283707 ], [ -86.861277, 36.283622 ], [ -86.860865, 36.283389 ], [ -86.860707, 36.283342 ], [ -86.860456, 36.283307 ], [ -86.860301, 36.283307 ], [ -86.859997, 36.283354 ], [ -86.859634, 36.283508 ], [ -86.859521, 36.283587 ], [ -86.859336, 36.283776 ], [ -86.859246, 36.283922 ], [ -86.859123, 36.284255 ], [ -86.859, 36.284564 ], [ -86.858893, 36.284724 ], [ -86.858804, 36.284815 ], [ -86.858547, 36.284985 ], [ -86.85839, 36.285047 ], [ -86.858226, 36.285091 ], [ -86.857884, 36.285127 ], [ -86.857579, 36.28509 ], [ -86.857441, 36.285049 ], [ -86.85719, 36.284929 ], [ -86.857082, 36.28485 ], [ -86.856825, 36.284579 ], [ -86.856699, 36.284438 ], [ -86.856487, 36.284158 ], [ -86.855368, 36.282735 ], [ -86.855265, 36.282587 ], [ -86.855138, 36.282377 ], [ -86.855027, 36.282161 ], [ -86.854973, 36.281993 ], [ -86.85494, 36.28184 ], [ -86.854924, 36.281713 ], [ -86.854937, 36.28133 ], [ -86.85496, 36.281209 ], [ -86.855037, 36.28094 ], [ -86.855249, 36.280336 ], [ -86.855286, 36.280184 ], [ -86.855298, 36.280032 ], [ -86.855286, 36.279879 ], [ -86.85525, 36.279728 ], [ -86.85519, 36.27958 ], [ -86.85506, 36.279351 ], [ -86.854945, 36.279119 ], [ -86.854855, 36.278867 ], [ -86.8547, 36.278308 ], [ -86.854563, 36.278096 ], [ -86.854383, 36.277964 ], [ -86.854118, 36.277871 ], [ -86.853912, 36.277859 ], [ -86.853364, 36.277918 ], [ -86.852973, 36.277929 ], [ -86.852725, 36.277919 ], [ -86.852686, 36.277913 ], [ -86.852486, 36.277888 ], [ -86.852211, 36.277841 ], [ -86.851838, 36.277753 ], [ -86.850797, 36.277487 ], [ -86.850557, 36.277438 ], [ -86.850247, 36.277381 ], [ -86.849971, 36.27734 ], [ -86.849604, 36.277293 ], [ -86.848076, 36.277067 ], [ -86.847827, 36.277027 ], [ -86.847612, 36.276977 ], [ -86.847311, 36.276886 ], [ -86.847042, 36.276781 ], [ -86.846737, 36.276639 ], [ -86.846416, 36.276439 ], [ -86.846193, 36.276262 ], [ -86.845926, 36.276008 ], [ -86.845759, 36.275856 ], [ -86.845485, 36.275423 ], [ -86.844596, 36.274094 ], [ -86.844513, 36.273969 ], [ -86.844454, 36.273873 ], [ -86.84435, 36.273679 ], [ -86.844268, 36.273538 ], [ -86.844164, 36.273331 ], [ -86.843964, 36.272883 ], [ -86.843862, 36.272599 ], [ -86.843563, 36.271664 ], [ -86.843488, 36.271479 ], [ -86.843408, 36.271297 ], [ -86.84333, 36.271147 ], [ -86.843077, 36.270773 ], [ -86.842906, 36.270575 ], [ -86.842778, 36.270446 ], [ -86.842603, 36.270285 ], [ -86.842411, 36.270121 ], [ -86.842104, 36.269894 ], [ -86.841788, 36.269697 ], [ -86.841377, 36.26947 ], [ -86.840943, 36.269246 ], [ -86.840931, 36.269239 ], [ -86.840045, 36.26875 ], [ -86.839073, 36.26824 ], [ -86.839038, 36.268222 ], [ -86.838101, 36.267748 ], [ -86.837949, 36.267672 ], [ -86.837574, 36.267488 ], [ -86.836492, 36.266989 ], [ -86.835994, 36.266746 ], [ -86.835529, 36.26653 ], [ -86.835147, 36.266357 ], [ -86.834643, 36.266129 ], [ -86.834344, 36.266016 ], [ -86.834138, 36.265952 ], [ -86.834025, 36.265917 ], [ -86.833435, 36.265782 ], [ -86.832834, 36.265693 ], [ -86.832432, 36.265663 ], [ -86.83213, 36.26566 ], [ -86.831466, 36.265694 ], [ -86.831412, 36.265697 ], [ -86.830888, 36.265697 ], [ -86.830865, 36.265574 ], [ -86.830867, 36.265508 ], [ -86.830854, 36.265279 ], [ -86.830853, 36.26499 ], [ -86.830834, 36.264522 ], [ -86.8308, 36.264112 ], [ -86.83069, 36.264107 ], [ -86.829989, 36.26402 ], [ -86.829893, 36.264008 ], [ -86.829717, 36.263978 ], [ -86.829535, 36.263926 ], [ -86.82936, 36.263857 ], [ -86.829199, 36.263769 ], [ -86.829149, 36.263735 ], [ -86.829053, 36.263667 ], [ -86.828923, 36.263549 ], [ -86.828046, 36.262647 ], [ -86.827983, 36.262582 ], [ -86.827877, 36.262486 ], [ -86.827757, 36.262402 ], [ -86.827625, 36.262331 ], [ -86.827482, 36.262274 ], [ -86.827356, 36.262239 ], [ -86.827303, 36.262148 ], [ -86.827266, 36.262083 ], [ -86.827136, 36.261883 ], [ -86.82713, 36.261874 ], [ -86.827052, 36.261824 ], [ -86.826729, 36.26203 ], [ -86.826608, 36.262068 ], [ -86.82603, 36.262254 ], [ -86.825608, 36.262355 ], [ -86.825121, 36.262409 ], [ -86.824894, 36.262511 ], [ -86.824741, 36.262722 ], [ -86.824738, 36.262903 ], [ -86.824733, 36.263208 ], [ -86.824869, 36.264332 ], [ -86.824824, 36.264611 ], [ -86.824386, 36.26579 ], [ -86.824069, 36.266084 ], [ -86.822312, 36.266747 ], [ -86.82201, 36.26681 ], [ -86.821483, 36.266841 ], [ -86.82129, 36.266925 ], [ -86.821001, 36.267194 ], [ -86.820777, 36.267458 ], [ -86.820192, 36.268968 ], [ -86.819957, 36.269345 ], [ -86.819505, 36.26978 ], [ -86.818374, 36.270508 ], [ -86.817735, 36.271351 ], [ -86.817671, 36.271559 ], [ -86.817488, 36.271839 ], [ -86.817462, 36.271879 ], [ -86.817304, 36.272119 ], [ -86.817129, 36.272389 ], [ -86.816972, 36.27263 ], [ -86.81689, 36.272735 ], [ -86.816686, 36.272839 ], [ -86.8164, 36.272973 ], [ -86.816076, 36.273125 ], [ -86.815628, 36.27312 ], [ -86.814861, 36.273032 ], [ -86.814691, 36.273026 ], [ -86.814413, 36.273136 ], [ -86.813897, 36.273202 ], [ -86.813503, 36.273191 ], [ -86.813171, 36.273158 ], [ -86.812892, 36.273103 ], [ -86.812641, 36.273076 ], [ -86.812356, 36.273059 ], [ -86.812221, 36.273065 ], [ -86.811929, 36.273175 ], [ -86.811659, 36.27329 ], [ -86.811169, 36.273499 ], [ -86.809098, 36.273823 ], [ -86.809005, 36.273844 ], [ -86.808623, 36.273933 ], [ -86.808345, 36.274026 ], [ -86.807666, 36.27429 ], [ -86.807354, 36.274356 ], [ -86.806641, 36.274482 ], [ -86.806037, 36.274515 ], [ -86.805732, 36.274565 ], [ -86.805325, 36.274653 ], [ -86.804877, 36.274763 ], [ -86.803492, 36.274829 ], [ -86.803261, 36.274823 ], [ -86.802908, 36.274697 ], [ -86.801239, 36.274444 ], [ -86.800998, 36.274421 ], [ -86.800716, 36.274394 ], [ -86.800513, 36.2744 ], [ -86.800139, 36.274498 ], [ -86.799746, 36.274625 ], [ -86.799277, 36.274696 ], [ -86.799101, 36.274768 ], [ -86.798853, 36.274885 ], [ -86.798752, 36.274933 ], [ -86.798402, 36.275097 ], [ -86.798388, 36.275102 ], [ -86.79835, 36.27512 ], [ -86.798337, 36.275126 ], [ -86.798621, 36.275457 ], [ -86.799473, 36.276453 ], [ -86.79959, 36.276589 ], [ -86.799756, 36.276787 ], [ -86.800303, 36.277305 ], [ -86.800898, 36.277867 ], [ -86.801644, 36.27858 ], [ -86.801943, 36.278862 ], [ -86.802492, 36.27938 ], [ -86.804283, 36.281141 ], [ -86.806403, 36.283225 ], [ -86.808287, 36.285209 ], [ -86.808712, 36.285808 ], [ -86.809126, 36.286561 ], [ -86.809215, 36.286778 ], [ -86.809359, 36.287125 ], [ -86.809557, 36.287777 ], [ -86.809658, 36.288237 ], [ -86.809857, 36.289202 ], [ -86.809936, 36.289585 ], [ -86.810098, 36.290369 ], [ -86.810175, 36.290736 ], [ -86.810257, 36.29112 ], [ -86.810334, 36.291488 ], [ -86.810408, 36.291834 ], [ -86.810565, 36.292592 ], [ -86.810642, 36.292961 ], [ -86.810596, 36.293054 ], [ -86.810458, 36.293336 ], [ -86.810413, 36.29343 ], [ -86.810479, 36.293747 ], [ -86.810736, 36.294975 ], [ -86.811167, 36.297035 ], [ -86.811689, 36.299616 ], [ -86.811852, 36.300417 ], [ -86.812011, 36.301163 ], [ -86.811769, 36.301045 ], [ -86.811102, 36.300784 ], [ -86.810714, 36.300654 ], [ -86.810324, 36.300546 ], [ -86.810349, 36.300633 ], [ -86.81035, 36.3007 ], [ -86.810337, 36.300736 ], [ -86.810282, 36.300894 ], [ -86.810234, 36.300973 ], [ -86.810001, 36.301188 ], [ -86.809805, 36.301385 ], [ -86.809665, 36.301513 ], [ -86.80962, 36.301554 ], [ -86.80937, 36.301647 ], [ -86.808982, 36.30177 ], [ -86.808901, 36.301796 ], [ -86.808497, 36.301919 ], [ -86.807992, 36.302108 ], [ -86.807778, 36.302177 ], [ -86.807629, 36.302236 ], [ -86.807483, 36.302303 ], [ -86.807348, 36.302374 ], [ -86.80718, 36.302498 ], [ -86.807062, 36.302615 ], [ -86.807011, 36.302681 ], [ -86.806967, 36.30274 ], [ -86.806821, 36.30304 ], [ -86.806741, 36.303203 ], [ -86.806671, 36.303331 ], [ -86.806616, 36.303411 ], [ -86.806557, 36.303497 ], [ -86.806488, 36.30358 ], [ -86.806432, 36.303636 ], [ -86.806411, 36.303658 ], [ -86.806362, 36.303703 ], [ -86.806329, 36.303733 ], [ -86.806241, 36.303804 ], [ -86.805888, 36.304019 ], [ -86.805329, 36.304326 ], [ -86.805197, 36.3044 ], [ -86.8034, 36.30543 ], [ -86.803233, 36.305553 ], [ -86.803079, 36.305684 ], [ -86.802365, 36.306376 ], [ -86.801498, 36.307218 ], [ -86.801237, 36.30715 ], [ -86.800951, 36.307076 ], [ -86.800447, 36.306977 ], [ -86.800393, 36.306967 ], [ -86.800237, 36.306943 ], [ -86.800181, 36.306935 ], [ -86.800052, 36.306917 ], [ -86.799923, 36.306899 ], [ -86.799795, 36.306882 ], [ -86.799436, 36.306853 ], [ -86.799076, 36.306844 ], [ -86.798549, 36.306841 ], [ -86.798198, 36.306854 ], [ -86.797848, 36.306885 ], [ -86.797684, 36.306907 ], [ -86.79767, 36.306909 ], [ -86.797153, 36.307002 ], [ -86.796712, 36.307103 ], [ -86.79641, 36.30716 ], [ -86.796039, 36.307212 ], [ -86.795504, 36.30726 ], [ -86.795346, 36.307281 ], [ -86.79519, 36.307311 ], [ -86.795036, 36.307349 ], [ -86.794721, 36.307457 ], [ -86.794181, 36.30767 ], [ -86.793941, 36.307758 ], [ -86.793671, 36.307784 ], [ -86.793512, 36.307785 ], [ -86.792819, 36.307731 ], [ -86.792301, 36.307673 ], [ -86.791243, 36.307575 ], [ -86.791011, 36.307574 ], [ -86.790821, 36.307584 ], [ -86.790357, 36.307653 ], [ -86.790246, 36.307672 ], [ -86.790097, 36.307699 ], [ -86.789815, 36.307756 ], [ -86.789544, 36.307819 ], [ -86.789341, 36.307853 ], [ -86.789087, 36.307884 ], [ -86.788907, 36.307893 ], [ -86.788685, 36.30789 ], [ -86.788429, 36.307876 ], [ -86.788196, 36.307843 ], [ -86.78776, 36.307753 ], [ -86.787726, 36.307746 ], [ -86.787492, 36.30769 ], [ -86.786954, 36.307561 ], [ -86.786731, 36.307476 ], [ -86.786703, 36.307459 ], [ -86.786469, 36.307317 ], [ -86.78621, 36.307101 ], [ -86.785893, 36.306687 ], [ -86.785803, 36.306495 ], [ -86.785636, 36.30607 ], [ -86.784933, 36.304159 ], [ -86.784817, 36.303843 ], [ -86.784613, 36.303588 ], [ -86.783869, 36.303039 ], [ -86.783847, 36.303008 ], [ -86.783661, 36.302875 ], [ -86.783583, 36.30263 ], [ -86.783414, 36.301897 ], [ -86.783307, 36.301426 ], [ -86.783156, 36.300564 ], [ -86.783128, 36.300355 ], [ -86.783115, 36.300141 ], [ -86.78312, 36.299929 ], [ -86.783148, 36.299773 ], [ -86.783126, 36.299682 ], [ -86.783129, 36.299518 ], [ -86.783124, 36.299404 ], [ -86.783086, 36.299177 ], [ -86.782966, 36.29881 ], [ -86.782913, 36.298547 ], [ -86.782901, 36.298316 ], [ -86.782878, 36.298118 ], [ -86.782838, 36.297921 ], [ -86.782537, 36.297122 ], [ -86.782416, 36.296833 ], [ -86.782279, 36.296545 ], [ -86.781817, 36.295446 ], [ -86.781752, 36.295271 ], [ -86.781673, 36.295099 ], [ -86.781581, 36.294933 ], [ -86.781443, 36.294726 ], [ -86.781266, 36.294491 ], [ -86.780361, 36.293294 ], [ -86.780152, 36.293036 ], [ -86.779923, 36.29279 ], [ -86.779675, 36.292557 ], [ -86.779402, 36.292331 ], [ -86.778842, 36.291912 ], [ -86.778813, 36.291694 ], [ -86.779147, 36.29117 ], [ -86.779814, 36.290128 ], [ -86.779938, 36.289854 ], [ -86.779988, 36.2897 ], [ -86.78019, 36.288901 ], [ -86.780292, 36.288497 ], [ -86.78033, 36.28835 ], [ -86.780357, 36.288266 ], [ -86.780448, 36.288106 ], [ -86.780339, 36.288069 ], [ -86.780203, 36.288039 ], [ -86.780186, 36.288035 ], [ -86.780075, 36.288013 ], [ -86.779797, 36.287958 ], [ -86.779596, 36.28793 ], [ -86.77939, 36.287922 ], [ -86.779184, 36.287935 ], [ -86.779049, 36.287956 ], [ -86.778153, 36.288045 ], [ -86.77803, 36.28805 ], [ -86.777908, 36.288042 ], [ -86.777789, 36.288022 ], [ -86.777673, 36.28799 ], [ -86.776772, 36.287606 ], [ -86.776675, 36.287573 ], [ -86.77658, 36.287529 ], [ -86.776491, 36.287474 ], [ -86.775997, 36.287069 ], [ -86.775876, 36.286977 ], [ -86.775742, 36.286875 ], [ -86.775472, 36.286694 ], [ -86.775329, 36.286608 ], [ -86.775081, 36.286522 ], [ -86.7749, 36.286496 ], [ -86.774716, 36.286487 ], [ -86.774531, 36.286498 ], [ -86.77435, 36.286528 ], [ -86.773408, 36.286755 ], [ -86.773269, 36.286799 ], [ -86.773135, 36.286849 ], [ -86.773004, 36.286906 ], [ -86.772879, 36.286969 ], [ -86.772759, 36.287039 ], [ -86.772645, 36.287116 ], [ -86.772537, 36.287197 ], [ -86.772436, 36.287285 ], [ -86.772341, 36.287377 ], [ -86.772193, 36.28755 ], [ -86.772032, 36.287728 ], [ -86.771927, 36.287794 ], [ -86.771866, 36.287814 ], [ -86.771733, 36.287823 ], [ -86.771619, 36.287804 ], [ -86.771481, 36.287772 ], [ -86.771351, 36.287725 ], [ -86.771228, 36.287665 ], [ -86.771116, 36.287593 ], [ -86.770992, 36.287542 ], [ -86.770861, 36.287505 ], [ -86.770725, 36.28748 ], [ -86.76986, 36.287396 ], [ -86.768618, 36.287324 ], [ -86.767293, 36.287216 ], [ -86.765473, 36.287014 ], [ -86.764471, 36.286902 ], [ -86.762692, 36.286687 ], [ -86.762444, 36.286664 ], [ -86.7621, 36.286642 ], [ -86.761842, 36.286618 ], [ -86.761139, 36.286555 ], [ -86.760544, 36.286507 ], [ -86.76032, 36.286478 ], [ -86.760019, 36.286449 ], [ -86.758758, 36.286309 ], [ -86.75844, 36.286256 ], [ -86.758306, 36.286226 ], [ -86.758173, 36.286186 ], [ -86.757961, 36.286103 ], [ -86.75767, 36.285925 ], [ -86.757577, 36.285853 ], [ -86.757395, 36.285662 ], [ -86.757242, 36.285477 ], [ -86.756806, 36.284948 ], [ -86.756482, 36.284538 ], [ -86.756439, 36.284484 ], [ -86.756261, 36.284268 ], [ -86.756217, 36.284203 ], [ -86.756132, 36.284015 ], [ -86.756062, 36.283846 ], [ -86.756014, 36.283556 ], [ -86.756012, 36.28339 ], [ -86.756084, 36.282711 ], [ -86.756093, 36.2825 ], [ -86.756128, 36.282228 ], [ -86.756165, 36.28186 ], [ -86.756191, 36.281409 ], [ -86.756236, 36.281235 ], [ -86.756257, 36.281059 ], [ -86.756407, 36.279861 ], [ -86.756413, 36.279755 ], [ -86.756481, 36.279137 ], [ -86.7565, 36.278971 ], [ -86.756489, 36.278816 ], [ -86.756373, 36.278572 ], [ -86.756291, 36.278476 ], [ -86.75621, 36.278407 ], [ -86.756132, 36.278353 ], [ -86.756034, 36.278305 ], [ -86.755838, 36.278241 ], [ -86.754901, 36.278098 ], [ -86.754751, 36.278076 ], [ -86.754347, 36.278008 ], [ -86.754182, 36.27799 ], [ -86.753991, 36.277969 ], [ -86.753419, 36.277906 ], [ -86.753229, 36.277885 ], [ -86.753146, 36.277876 ], [ -86.752833, 36.277844 ], [ -86.752672, 36.277829 ], [ -86.752491, 36.277809 ], [ -86.751646, 36.277716 ], [ -86.751609, 36.277712 ], [ -86.751395, 36.27768 ], [ -86.751255, 36.277645 ], [ -86.751139, 36.277864 ], [ -86.750963, 36.278177 ], [ -86.750615, 36.278745 ], [ -86.75043, 36.279023 ], [ -86.750357, 36.279134 ], [ -86.749891, 36.279796 ], [ -86.7486, 36.281589 ], [ -86.747743, 36.282878 ], [ -86.747677, 36.282978 ], [ -86.747168, 36.283743 ], [ -86.746788, 36.284317 ], [ -86.746482, 36.284698 ], [ -86.745567, 36.285844 ], [ -86.745263, 36.286227 ], [ -86.745981, 36.286488 ], [ -86.746066, 36.286624 ], [ -86.745988, 36.286628 ], [ -86.744435, 36.28826 ], [ -86.743708, 36.289609 ], [ -86.743536, 36.28989 ], [ -86.743022, 36.290736 ], [ -86.742852, 36.291018 ], [ -86.742745, 36.291193 ], [ -86.742426, 36.291718 ], [ -86.74232, 36.291894 ], [ -86.742168, 36.292144 ], [ -86.742155, 36.292164 ], [ -86.742015, 36.292395 ], [ -86.741756, 36.292822 ], [ -86.74166, 36.292978 ], [ -86.741496, 36.293249 ], [ -86.741318, 36.293537 ], [ -86.741192, 36.293743 ], [ -86.741136, 36.293849 ], [ -86.740803, 36.29441 ], [ -86.740631, 36.294702 ], [ -86.740254, 36.295309 ], [ -86.739942, 36.295835 ], [ -86.739561, 36.296443 ], [ -86.739449, 36.296594 ], [ -86.739228, 36.296865 ], [ -86.739004, 36.297075 ], [ -86.738515, 36.297357 ], [ -86.738403, 36.297403 ], [ -86.737875, 36.297558 ], [ -86.737154, 36.297724 ], [ -86.735904, 36.297996 ], [ -86.735479, 36.298197 ], [ -86.734239, 36.298566 ], [ -86.732864, 36.298954 ], [ -86.731408, 36.299462 ], [ -86.731063, 36.299739 ], [ -86.730797, 36.299952 ], [ -86.730629, 36.30024 ], [ -86.730461, 36.300528 ], [ -86.730259, 36.300873 ], [ -86.730087, 36.301416 ], [ -86.729858, 36.301894 ], [ -86.729828, 36.302185 ], [ -86.729619, 36.302726 ], [ -86.729312, 36.302998 ], [ -86.728888, 36.303203 ], [ -86.728561, 36.303448 ], [ -86.727839, 36.303718 ], [ -86.72762, 36.303806 ], [ -86.727328, 36.303912 ], [ -86.726999, 36.303984 ], [ -86.72678, 36.304014 ], [ -86.72639, 36.303998 ], [ -86.725987, 36.303946 ], [ -86.725744, 36.303946 ], [ -86.725394, 36.303985 ], [ -86.725149, 36.30402 ], [ -86.724846, 36.304079 ], [ -86.724512, 36.304166 ], [ -86.724358, 36.30421 ], [ -86.724335, 36.304217 ], [ -86.722542, 36.304779 ], [ -86.721854, 36.304978 ], [ -86.721554, 36.305049 ], [ -86.721192, 36.305121 ], [ -86.720627, 36.305214 ], [ -86.720259, 36.305251 ], [ -86.720113, 36.305266 ], [ -86.719617, 36.305308 ], [ -86.719358, 36.305305 ], [ -86.71911, 36.30527 ], [ -86.71886, 36.305205 ], [ -86.718874, 36.305179 ], [ -86.718915, 36.305101 ], [ -86.71893, 36.305076 ], [ -86.718965, 36.305009 ], [ -86.719072, 36.304811 ], [ -86.719108, 36.304746 ], [ -86.719319, 36.304355 ], [ -86.71938, 36.304234 ], [ -86.71949, 36.304021 ], [ -86.719639, 36.303755 ], [ -86.720204, 36.302705 ], [ -86.720479, 36.302195 ], [ -86.720611, 36.30195 ], [ -86.720764, 36.301686 ], [ -86.720881, 36.301484 ], [ -86.720999, 36.301267 ], [ -86.720788, 36.301211 ], [ -86.720736, 36.301197 ], [ -86.720593, 36.301169 ], [ -86.720333, 36.301157 ], [ -86.720141, 36.301172 ], [ -86.719924, 36.301189 ], [ -86.719849, 36.301008 ], [ -86.719771, 36.300857 ], [ -86.719739, 36.300793 ], [ -86.719657, 36.300692 ], [ -86.719352, 36.300433 ], [ -86.718999, 36.300278 ], [ -86.718895, 36.300251 ], [ -86.718838, 36.300237 ], [ -86.718534, 36.300206 ], [ -86.718459, 36.300208 ], [ -86.718384, 36.300209 ], [ -86.718095, 36.300247 ], [ -86.717801, 36.300327 ], [ -86.717774, 36.300336 ], [ -86.717547, 36.30042 ], [ -86.71617, 36.300971 ], [ -86.715612, 36.301191 ], [ -86.715324, 36.301305 ], [ -86.714894, 36.301481 ], [ -86.714717, 36.301227 ], [ -86.714405, 36.300898 ], [ -86.714373, 36.300865 ], [ -86.714255, 36.300727 ], [ -86.714124, 36.300529 ], [ -86.714041, 36.300336 ], [ -86.713996, 36.300079 ], [ -86.714009, 36.299922 ], [ -86.714039, 36.299794 ], [ -86.714081, 36.299668 ], [ -86.714223, 36.299341 ], [ -86.714455, 36.298846 ], [ -86.714464, 36.298821 ], [ -86.714528, 36.298657 ], [ -86.714579, 36.298367 ], [ -86.714604, 36.298265 ], [ -86.714668, 36.29809 ], [ -86.714497, 36.298029 ], [ -86.714322, 36.297968 ], [ -86.714064, 36.297846 ], [ -86.713997, 36.297819 ], [ -86.71383, 36.297751 ], [ -86.713797, 36.297789 ], [ -86.713268, 36.298382 ], [ -86.712926, 36.298767 ], [ -86.711568, 36.300263 ], [ -86.711, 36.300889 ], [ -86.710787, 36.301283 ], [ -86.710564, 36.301671 ], [ -86.710295, 36.302141 ], [ -86.709954, 36.302621 ], [ -86.70948, 36.303225 ], [ -86.70922, 36.303517 ], [ -86.709108, 36.303621 ], [ -86.709046, 36.303668 ], [ -86.708904, 36.303758 ], [ -86.708754, 36.303868 ], [ -86.708519, 36.303996 ], [ -86.708232, 36.304133 ], [ -86.708117, 36.304178 ], [ -86.708042, 36.304214 ], [ -86.707979, 36.304246 ], [ -86.707809, 36.304301 ], [ -86.707731, 36.304328 ], [ -86.707383, 36.304443 ], [ -86.706339, 36.304787 ], [ -86.705992, 36.304903 ], [ -86.705125, 36.30519 ], [ -86.704399, 36.305423 ], [ -86.704276, 36.305459 ], [ -86.703368, 36.305713 ], [ -86.703084, 36.305797 ], [ -86.703038, 36.305702 ], [ -86.702973, 36.305546 ], [ -86.702489, 36.304338 ], [ -86.702464, 36.304276 ], [ -86.702389, 36.30409 ], [ -86.702365, 36.304029 ], [ -86.701922, 36.303001 ], [ -86.701539, 36.302062 ], [ -86.700997, 36.300774 ], [ -86.700972, 36.300717 ], [ -86.700897, 36.300546 ], [ -86.700872, 36.300489 ], [ -86.700735, 36.300177 ], [ -86.70069, 36.300074 ], [ -86.700326, 36.299242 ], [ -86.70019, 36.298931 ], [ -86.700131, 36.298767 ], [ -86.699956, 36.298275 ], [ -86.699898, 36.298112 ], [ -86.699812, 36.297912 ], [ -86.699788, 36.297857 ], [ -86.699725, 36.297711 ], [ -86.699682, 36.29761 ], [ -86.69935, 36.297158 ], [ -86.699187, 36.296936 ], [ -86.699143, 36.296806 ], [ -86.698973, 36.296597 ], [ -86.698934, 36.29656 ], [ -86.69876, 36.296374 ], [ -86.69869, 36.296284 ], [ -86.69836, 36.295859 ], [ -86.697905, 36.29531 ], [ -86.69716, 36.294495 ], [ -86.697064, 36.294404 ], [ -86.696462, 36.293835 ], [ -86.695908, 36.293304 ], [ -86.695675, 36.29308 ], [ -86.694401, 36.291835 ], [ -86.694299, 36.29167 ], [ -86.693899, 36.291017 ], [ -86.693849, 36.290829 ], [ -86.693701, 36.290267 ], [ -86.693664, 36.290125 ], [ -86.693654, 36.29008 ], [ -86.693514, 36.289434 ], [ -86.693431, 36.28898 ], [ -86.693424, 36.288941 ], [ -86.69342, 36.288918 ], [ -86.693416, 36.288895 ], [ -86.69349, 36.288882 ], [ -86.693566, 36.288861 ], [ -86.693695, 36.288806 ], [ -86.693754, 36.28877 ], [ -86.69341, 36.288865 ], [ -86.693396, 36.288814 ], [ -86.693387, 36.288737 ], [ -86.693141, 36.287806 ], [ -86.69313, 36.287746 ], [ -86.693123, 36.28771 ], [ -86.692848, 36.286285 ], [ -86.692735, 36.28628 ], [ -86.69252, 36.286365 ], [ -86.692281, 36.28634 ], [ -86.692149, 36.286371 ], [ -86.691911, 36.286484 ], [ -86.691446, 36.286805 ], [ -86.691044, 36.287163 ], [ -86.690698, 36.287395 ], [ -86.690472, 36.287521 ], [ -86.690033, 36.287659 ], [ -86.689637, 36.287753 ], [ -86.689323, 36.287835 ], [ -86.689097, 36.287854 ], [ -86.688965, 36.287791 ], [ -86.688827, 36.287577 ], [ -86.688776, 36.28737 ], [ -86.688714, 36.287276 ], [ -86.688624, 36.287254 ], [ -86.687853, 36.287263 ], [ -86.687369, 36.28721 ], [ -86.686592, 36.287135 ], [ -86.687061, 36.285503 ], [ -86.687155, 36.284435 ], [ -86.687086, 36.283651 ], [ -86.68706, 36.283354 ], [ -86.686832, 36.280732 ], [ -86.686682, 36.279936 ], [ -86.686543, 36.2792 ], [ -86.686418, 36.278532 ], [ -86.684823, 36.274891 ], [ -86.684768, 36.274787 ], [ -86.683727, 36.272818 ], [ -86.683288, 36.27208 ], [ -86.683132, 36.271817 ], [ -86.682787, 36.271081 ], [ -86.682468, 36.270609 ], [ -86.682121, 36.270006 ], [ -86.681294, 36.268569 ], [ -86.680858, 36.267986 ], [ -86.68029, 36.2673 ], [ -86.679438, 36.266517 ], [ -86.677335, 36.264799 ], [ -86.676274, 36.263933 ], [ -86.675972, 36.263654 ], [ -86.675434, 36.263156 ], [ -86.675403, 36.263128 ], [ -86.674847, 36.262614 ], [ -86.674797, 36.262568 ], [ -86.674665, 36.262445 ], [ -86.673906, 36.261517 ], [ -86.673196, 36.260483 ], [ -86.672548, 36.259307 ], [ -86.672001, 36.258528 ], [ -86.671714, 36.258046 ], [ -86.67154, 36.257753 ], [ -86.671055, 36.25711 ], [ -86.670528, 36.256489 ], [ -86.669976, 36.255958 ], [ -86.669393, 36.255635 ], [ -86.667941, 36.254518 ], [ -86.666887, 36.253796 ], [ -86.665382, 36.252978 ], [ -86.664001, 36.251958 ], [ -86.663297, 36.251575 ], [ -86.662718, 36.251127 ], [ -86.661585, 36.250051 ], [ -86.661105, 36.249596 ], [ -86.660158, 36.248259 ], [ -86.660025, 36.247737 ], [ -86.658625, 36.245351 ], [ -86.658095, 36.24472 ], [ -86.65708, 36.24351 ], [ -86.656609, 36.24308 ], [ -86.656191, 36.242572 ], [ -86.653653, 36.240004 ], [ -86.653576, 36.239889 ], [ -86.653596, 36.239881 ], [ -86.654045, 36.239711 ], [ -86.654195, 36.239655 ], [ -86.654434, 36.239533 ], [ -86.655155, 36.239169 ], [ -86.655395, 36.239048 ], [ -86.654452, 36.238368 ], [ -86.654191, 36.23814 ], [ -86.653916, 36.237837 ], [ -86.65213, 36.235868 ], [ -86.6521, 36.235813 ], [ -86.652046, 36.235712 ], [ -86.651777, 36.234841 ], [ -86.651803, 36.23465 ], [ -86.651927, 36.234095 ], [ -86.65199, 36.233954 ], [ -86.652131, 36.233731 ], [ -86.652153, 36.233675 ], [ -86.652184, 36.233513 ], [ -86.65243, 36.233235 ], [ -86.652606, 36.233093 ], [ -86.65267, 36.233042 ], [ -86.653034, 36.232729 ], [ -86.653211, 36.232595 ], [ -86.653552, 36.23238 ], [ -86.653661, 36.232326 ], [ -86.654236, 36.232126 ], [ -86.654455, 36.232057 ], [ -86.655071, 36.231864 ], [ -86.655111, 36.231846 ], [ -86.655323, 36.231756 ], [ -86.655863, 36.232911 ], [ -86.655936, 36.233061 ], [ -86.656426, 36.23407 ], [ -86.657511, 36.236382 ], [ -86.657801, 36.236966 ], [ -86.658444, 36.238258 ], [ -86.658967, 36.23813 ], [ -86.660536, 36.237747 ], [ -86.66106, 36.23762 ], [ -86.661994, 36.237972 ], [ -86.664796, 36.239028 ], [ -86.665039, 36.23912 ], [ -86.66573, 36.239381 ], [ -86.665896, 36.239685 ], [ -86.665973, 36.239826 ], [ -86.6664, 36.240594 ], [ -86.666569, 36.240897 ], [ -86.666809, 36.240805 ], [ -86.666897, 36.240758 ], [ -86.666918, 36.240741 ], [ -86.667052, 36.240641 ], [ -86.667116, 36.240581 ], [ -86.667583, 36.240071 ], [ -86.667707, 36.239909 ], [ -86.667716, 36.239899 ], [ -86.667775, 36.239809 ], [ -86.667854, 36.239645 ], [ -86.667916, 36.239594 ], [ -86.668157, 36.239685 ], [ -86.668882, 36.239959 ], [ -86.669124, 36.240051 ], [ -86.669218, 36.239883 ], [ -86.669416, 36.239535 ], [ -86.66949, 36.239377 ], [ -86.669548, 36.239257 ], [ -86.669585, 36.239211 ], [ -86.669719, 36.239042 ], [ -86.66989, 36.238899 ], [ -86.669995, 36.238834 ], [ -86.670215, 36.238747 ], [ -86.670624, 36.238622 ], [ -86.671412, 36.238392 ], [ -86.671416, 36.238403 ], [ -86.67146, 36.238493 ], [ -86.671572, 36.238693 ], [ -86.671614, 36.23877 ], [ -86.671794, 36.239064 ], [ -86.671968, 36.239306 ], [ -86.671997, 36.239347 ], [ -86.672222, 36.23962 ], [ -86.672427, 36.23984 ], [ -86.672612, 36.240028 ], [ -86.672714, 36.240123 ], [ -86.672854, 36.240252 ], [ -86.673635, 36.240784 ], [ -86.674028, 36.241008 ], [ -86.675207, 36.24168 ], [ -86.6756, 36.241904 ], [ -86.675788, 36.242097 ], [ -86.676355, 36.242679 ], [ -86.676544, 36.242873 ], [ -86.676702, 36.242995 ], [ -86.677177, 36.243362 ], [ -86.677336, 36.243485 ], [ -86.677498, 36.243644 ], [ -86.677984, 36.244124 ], [ -86.678146, 36.244284 ], [ -86.678328, 36.244459 ], [ -86.678876, 36.244984 ], [ -86.679059, 36.24516 ], [ -86.679409, 36.245482 ], [ -86.679554, 36.245615 ], [ -86.67976, 36.245804 ], [ -86.679801, 36.245841 ], [ -86.68065, 36.24662 ], [ -86.681043, 36.24698 ], [ -86.68154, 36.247436 ], [ -86.681769, 36.247557 ], [ -86.682459, 36.247922 ], [ -86.682689, 36.248044 ], [ -86.68291, 36.248131 ], [ -86.683574, 36.248392 ], [ -86.683796, 36.248479 ], [ -86.684158, 36.248621 ], [ -86.685247, 36.249047 ], [ -86.68561, 36.24919 ], [ -86.685804, 36.249268 ], [ -86.686389, 36.249504 ], [ -86.686584, 36.249583 ], [ -86.687043, 36.24975 ], [ -86.68842, 36.250253 ], [ -86.688879, 36.250421 ], [ -86.689228, 36.250567 ], [ -86.690278, 36.251007 ], [ -86.690628, 36.251154 ], [ -86.690833, 36.251226 ], [ -86.691448, 36.251442 ], [ -86.691654, 36.251515 ], [ -86.692099, 36.251663 ], [ -86.693436, 36.252107 ], [ -86.693882, 36.252256 ], [ -86.694015, 36.252287 ], [ -86.694414, 36.252381 ], [ -86.694548, 36.252413 ], [ -86.694698, 36.252457 ], [ -86.695148, 36.252589 ], [ -86.695298, 36.252633 ], [ -86.695126, 36.253039 ], [ -86.694611, 36.25426 ], [ -86.694472, 36.254592 ], [ -86.694438, 36.254667 ], [ -86.6942, 36.255211 ], [ -86.693487, 36.256843 ], [ -86.69325, 36.257388 ], [ -86.693223, 36.257456 ], [ -86.693039, 36.258552 ], [ -86.692453, 36.262057 ], [ -86.692259, 36.263226 ], [ -86.69213, 36.263216 ], [ -86.691873, 36.263198 ], [ -86.691744, 36.263194 ], [ -86.691616, 36.26319 ], [ -86.691398, 36.263162 ], [ -86.691382, 36.26316 ], [ -86.690741, 36.26311 ], [ -86.690522, 36.263094 ], [ -86.690477, 36.263195 ], [ -86.690459, 36.263266 ], [ -86.690368, 36.263636 ], [ -86.690333, 36.263798 ], [ -86.690313, 36.263985 ], [ -86.690212, 36.26489 ], [ -86.690125, 36.265636 ], [ -86.690114, 36.265756 ], [ -86.690112, 36.266423 ], [ -86.690114, 36.266536 ], [ -86.690118, 36.266879 ], [ -86.690125, 36.267149 ], [ -86.69004, 36.268033 ], [ -86.689915, 36.269246 ], [ -86.689915, 36.269373 ], [ -86.690982, 36.269448 ], [ -86.691548, 36.269487 ], [ -86.692204, 36.269528 ], [ -86.693527, 36.269604 ], [ -86.69382, 36.269589 ], [ -86.694627, 36.269643 ], [ -86.694723, 36.26965 ], [ -86.694896, 36.269668 ], [ -86.6949, 36.269808 ], [ -86.694858, 36.270247 ], [ -86.694773, 36.271154 ], [ -86.694724, 36.271645 ], [ -86.694707, 36.271842 ], [ -86.694691, 36.271982 ], [ -86.694627, 36.27256 ], [ -86.69463, 36.272687 ], [ -86.694624, 36.272788 ], [ -86.694618, 36.272913 ], [ -86.694662, 36.273124 ], [ -86.694764, 36.273423 ], [ -86.694774, 36.273449 ], [ -86.694859, 36.273662 ], [ -86.694923, 36.273843 ], [ -86.695037, 36.274149 ], [ -86.695165, 36.274507 ], [ -86.695287, 36.274816 ], [ -86.695334, 36.27492 ], [ -86.695417, 36.275146 ], [ -86.695572, 36.275491 ], [ -86.695892, 36.276248 ], [ -86.695941, 36.276353 ], [ -86.695974, 36.276444 ], [ -86.696033, 36.276578 ], [ -86.696178, 36.276906 ], [ -86.696326, 36.277249 ], [ -86.696343, 36.277288 ], [ -86.696376, 36.277355 ], [ -86.696422, 36.277474 ], [ -86.696549, 36.27777 ], [ -86.69664, 36.277988 ], [ -86.696703, 36.278114 ], [ -86.696752, 36.278197 ], [ -86.696855, 36.278313 ], [ -86.697087, 36.278538 ], [ -86.697125, 36.278568 ], [ -86.697199, 36.278628 ], [ -86.697395, 36.278759 ], [ -86.697764, 36.278895 ], [ -86.697965, 36.27892 ], [ -86.698149, 36.278929 ], [ -86.698305, 36.278922 ], [ -86.698549, 36.278892 ], [ -86.698758, 36.278851 ], [ -86.698967, 36.278825 ], [ -86.699046, 36.278961 ], [ -86.699139, 36.27927 ], [ -86.699185, 36.279399 ], [ -86.699335, 36.279574 ], [ -86.699604, 36.27959 ], [ -86.700382, 36.27954 ], [ -86.701603, 36.279452 ], [ -86.70188, 36.279437 ], [ -86.702063, 36.279397 ], [ -86.702067, 36.279283 ], [ -86.702068, 36.279264 ], [ -86.702099, 36.278984 ], [ -86.70211, 36.278946 ], [ -86.702142, 36.278837 ], [ -86.70241, 36.278861 ], [ -86.702533, 36.278866 ], [ -86.702969, 36.278888 ], [ -86.703709, 36.278927 ], [ -86.703859, 36.278935 ], [ -86.704098, 36.278975 ], [ -86.704071, 36.279199 ], [ -86.704065, 36.279253 ], [ -86.70404, 36.279368 ], [ -86.704, 36.27949 ], [ -86.703866, 36.279803 ], [ -86.70385, 36.279838 ], [ -86.703758, 36.280045 ], [ -86.704034, 36.280136 ], [ -86.70415, 36.280159 ], [ -86.704271, 36.280145 ], [ -86.704333, 36.280113 ], [ -86.704514, 36.279996 ], [ -86.705111, 36.279613 ], [ -86.705665, 36.279266 ], [ -86.706302, 36.278867 ], [ -86.706577, 36.278682 ], [ -86.706713, 36.278592 ], [ -86.707131, 36.278283 ], [ -86.707232, 36.278196 ], [ -86.707434, 36.278022 ], [ -86.707563, 36.2779 ], [ -86.707873, 36.27761 ], [ -86.708463, 36.277055 ], [ -86.708536, 36.276987 ], [ -86.708866, 36.276689 ], [ -86.709269, 36.276392 ], [ -86.709357, 36.275947 ], [ -86.709459, 36.2755 ], [ -86.709535, 36.275117 ], [ -86.709586, 36.274862 ], [ -86.70959, 36.274844 ], [ -86.70967, 36.274345 ], [ -86.709731, 36.273557 ], [ -86.709746, 36.273412 ], [ -86.709805, 36.273419 ], [ -86.709985, 36.27344 ], [ -86.710045, 36.273448 ], [ -86.710067, 36.273315 ], [ -86.710137, 36.272916 ], [ -86.71016, 36.272784 ], [ -86.710201, 36.272445 ], [ -86.710325, 36.27143 ], [ -86.710367, 36.271092 ], [ -86.710388, 36.270915 ], [ -86.710455, 36.270385 ], [ -86.710478, 36.270209 ], [ -86.710504, 36.270031 ], [ -86.710585, 36.2695 ], [ -86.710612, 36.269323 ], [ -86.710631, 36.269158 ], [ -86.710689, 36.268665 ], [ -86.710709, 36.268501 ], [ -86.710722, 36.268387 ], [ -86.710762, 36.268045 ], [ -86.710776, 36.267932 ], [ -86.7108, 36.267726 ], [ -86.71084, 36.267402 ], [ -86.710878, 36.267112 ], [ -86.710888, 36.267037 ], [ -86.71091, 36.266908 ], [ -86.710923, 36.266776 ], [ -86.710933, 36.266696 ], [ -86.71102, 36.266063 ], [ -86.711026, 36.266026 ], [ -86.711041, 36.265852 ], [ -86.711064, 36.265754 ], [ -86.711082, 36.265625 ], [ -86.71117, 36.265282 ], [ -86.711269, 36.264905 ], [ -86.711287, 36.264853 ], [ -86.71132, 36.264752 ], [ -86.711354, 36.264651 ], [ -86.711385, 36.264555 ], [ -86.711585, 36.264033 ], [ -86.71173, 36.26362 ], [ -86.711805, 36.263412 ], [ -86.711889, 36.263137 ], [ -86.711926, 36.263071 ], [ -86.712224, 36.263098 ], [ -86.712461, 36.263118 ], [ -86.712522, 36.263124 ], [ -86.713462, 36.263224 ], [ -86.714064, 36.263278 ], [ -86.714263, 36.263297 ], [ -86.714599, 36.263333 ], [ -86.714775, 36.263352 ], [ -86.715304, 36.263411 ], [ -86.715481, 36.263431 ], [ -86.715531, 36.263436 ], [ -86.715738, 36.263458 ], [ -86.715931, 36.263479 ], [ -86.716362, 36.26353 ], [ -86.71657, 36.263556 ], [ -86.716714, 36.263569 ], [ -86.717149, 36.263608 ], [ -86.717294, 36.263622 ], [ -86.717391, 36.26363 ], [ -86.717683, 36.263657 ], [ -86.717781, 36.263667 ], [ -86.718118, 36.2637 ], [ -86.71906, 36.263794 ], [ -86.719129, 36.263801 ], [ -86.719466, 36.263835 ], [ -86.719767, 36.263842 ], [ -86.71979, 36.263844 ], [ -86.720759, 36.263937 ], [ -86.721083, 36.263968 ], [ -86.721159, 36.263974 ], [ -86.721259, 36.263965 ], [ -86.721328, 36.26396 ], [ -86.72179, 36.263992 ], [ -86.721968, 36.264005 ], [ -86.722195, 36.264019 ], [ -86.722486, 36.264037 ], [ -86.722878, 36.264057 ], [ -86.723106, 36.26407 ], [ -86.723321, 36.264078 ], [ -86.723904, 36.2641 ], [ -86.723969, 36.2641 ], [ -86.724186, 36.264102 ], [ -86.724379, 36.264101 ], [ -86.724664, 36.2641 ], [ -86.724961, 36.264116 ], [ -86.725155, 36.264127 ], [ -86.7254, 36.264114 ], [ -86.725438, 36.264114 ], [ -86.726199, 36.264123 ], [ -86.726288, 36.264125 ], [ -86.726572, 36.264133 ], [ -86.726691, 36.264136 ], [ -86.726789, 36.264139 ], [ -86.727051, 36.264156 ], [ -86.727171, 36.264165 ], [ -86.727782, 36.264213 ], [ -86.727835, 36.264218 ], [ -86.729611, 36.26441 ], [ -86.730221, 36.264476 ], [ -86.730634, 36.264504 ], [ -86.730773, 36.264514 ], [ -86.73156, 36.264531 ], [ -86.731874, 36.264498 ], [ -86.732286, 36.264455 ], [ -86.732444, 36.264422 ], [ -86.732872, 36.264336 ], [ -86.73292, 36.264329 ], [ -86.733081, 36.26431 ], [ -86.733237, 36.26429 ], [ -86.733709, 36.264233 ], [ -86.733866, 36.264214 ], [ -86.733917, 36.264214 ], [ -86.734071, 36.264214 ], [ -86.734123, 36.264214 ], [ -86.734336, 36.264213 ], [ -86.734979, 36.264212 ], [ -86.735193, 36.264212 ], [ -86.735209, 36.264212 ], [ -86.735257, 36.264214 ], [ -86.735273, 36.264215 ], [ -86.735539, 36.264223 ], [ -86.735625, 36.264226 ], [ -86.735638, 36.264226 ], [ -86.7358, 36.264238 ], [ -86.736044, 36.264268 ], [ -86.736134, 36.264279 ], [ -86.736209, 36.264288 ], [ -86.736381, 36.264309 ], [ -86.736714, 36.264418 ], [ -86.737062, 36.264533 ], [ -86.737152, 36.264565 ], [ -86.737421, 36.264663 ], [ -86.737468, 36.264678 ], [ -86.737515, 36.264692 ], [ -86.737533, 36.26461 ], [ -86.737587, 36.264364 ], [ -86.737605, 36.264282 ], [ -86.737623, 36.264196 ], [ -86.737725, 36.263705 ], [ -86.737981, 36.262492 ], [ -86.738074, 36.261974 ], [ -86.73818, 36.261395 ], [ -86.738183, 36.261353 ], [ -86.738191, 36.261218 ], [ -86.738237, 36.260808 ], [ -86.73827, 36.260457 ], [ -86.738278, 36.260375 ], [ -86.73828, 36.260159 ], [ -86.738287, 36.259709 ], [ -86.738284, 36.258613 ], [ -86.738276, 36.258088 ], [ -86.738275, 36.257485 ], [ -86.73829, 36.256634 ], [ -86.738294, 36.256564 ], [ -86.738304, 36.256395 ], [ -86.738347, 36.255993 ], [ -86.73841, 36.255593 ], [ -86.73846, 36.255379 ], [ -86.738571, 36.254905 ], [ -86.738652, 36.254626 ], [ -86.73872, 36.254415 ], [ -86.738801, 36.25419 ], [ -86.738871, 36.253997 ], [ -86.739035, 36.253601 ], [ -86.739222, 36.253202 ], [ -86.739323, 36.253005 ], [ -86.73943, 36.25281 ], [ -86.739545, 36.252588 ], [ -86.739954, 36.251979 ], [ -86.740638, 36.250978 ], [ -86.741076, 36.250339 ], [ -86.741285, 36.250033 ], [ -86.741155, 36.250006 ], [ -86.7408, 36.249936 ], [ -86.740084, 36.249785 ], [ -86.739723, 36.249746 ], [ -86.738808, 36.249649 ], [ -86.738471, 36.249606 ], [ -86.737757, 36.249516 ], [ -86.737557, 36.249518 ], [ -86.737311, 36.249489 ], [ -86.735979, 36.249333 ], [ -86.735535, 36.249282 ], [ -86.73562, 36.248786 ], [ -86.73563, 36.248725 ], [ -86.735705, 36.248289 ], [ -86.735915, 36.247057 ], [ -86.736006, 36.24653 ], [ -86.736011, 36.246501 ], [ -86.736036, 36.246346 ], [ -86.736073, 36.24612 ], [ -86.7361, 36.245882 ], [ -86.736119, 36.245727 ], [ -86.735998, 36.245876 ], [ -86.735806, 36.246117 ], [ -86.73564, 36.246305 ], [ -86.735627, 36.246316 ], [ -86.735487, 36.246447 ], [ -86.734978, 36.246132 ], [ -86.734791, 36.246017 ], [ -86.734651, 36.245941 ], [ -86.734501, 36.245882 ], [ -86.734177, 36.245809 ], [ -86.73349, 36.245805 ], [ -86.733256, 36.245814 ], [ -86.732659, 36.24584 ], [ -86.732494, 36.245821 ], [ -86.732286, 36.245822 ], [ -86.732253, 36.245823 ], [ -86.732062, 36.245805 ], [ -86.731874, 36.24577 ], [ -86.731694, 36.245715 ], [ -86.731523, 36.245641 ], [ -86.731365, 36.245552 ], [ -86.731239, 36.245469 ], [ -86.730927, 36.245264 ], [ -86.730655, 36.245088 ], [ -86.730254, 36.24483 ], [ -86.730138, 36.244759 ], [ -86.730017, 36.244694 ], [ -86.72989, 36.244635 ], [ -86.729817, 36.244606 ], [ -86.729758, 36.244583 ], [ -86.729513, 36.2445 ], [ -86.729764, 36.243841 ], [ -86.729843, 36.243602 ], [ -86.729863, 36.24352 ], [ -86.729904, 36.24336 ], [ -86.729947, 36.243105 ], [ -86.730155, 36.241459 ], [ -86.730281, 36.240427 ], [ -86.730409, 36.239394 ], [ -86.730026, 36.239356 ], [ -86.729824, 36.239336 ], [ -86.729643, 36.239318 ], [ -86.728068, 36.239203 ], [ -86.727733, 36.239179 ], [ -86.727483, 36.239155 ], [ -86.727521, 36.239076 ], [ -86.727709, 36.238695 ], [ -86.728111, 36.237884 ], [ -86.72839, 36.237315 ], [ -86.728425, 36.237243 ], [ -86.728617, 36.236856 ], [ -86.728642, 36.23679 ], [ -86.728721, 36.236594 ], [ -86.728748, 36.236529 ], [ -86.728782, 36.236543 ], [ -86.728924, 36.236594 ], [ -86.728969, 36.23661 ], [ -86.729189, 36.23669 ], [ -86.729339, 36.236744 ], [ -86.729529, 36.236807 ], [ -86.729716, 36.23687 ], [ -86.730101, 36.236976 ], [ -86.730336, 36.23703 ], [ -86.730731, 36.237104 ], [ -86.731271, 36.23717 ], [ -86.731286, 36.237172 ], [ -86.731863, 36.237223 ], [ -86.731864, 36.23711 ], [ -86.731876, 36.237006 ], [ -86.731895, 36.236854 ], [ -86.731936, 36.236671 ], [ -86.732011, 36.236367 ], [ -86.732046, 36.236228 ], [ -86.732055, 36.236155 ], [ -86.732405, 36.236191 ], [ -86.732794, 36.236223 ], [ -86.734016, 36.236327 ], [ -86.735014, 36.236403 ], [ -86.735755, 36.23646 ], [ -86.735838, 36.23594 ], [ -86.73584, 36.23593 ], [ -86.735924, 36.235223 ], [ -86.735844, 36.234851 ], [ -86.735688, 36.234553 ], [ -86.735606, 36.23444 ], [ -86.735299, 36.234014 ], [ -86.734948, 36.233688 ], [ -86.734845, 36.233509 ], [ -86.734704, 36.233261 ], [ -86.734671, 36.233187 ], [ -86.734609, 36.233019 ], [ -86.734553, 36.232838 ], [ -86.734525, 36.232672 ], [ -86.734503, 36.232478 ], [ -86.734491, 36.232223 ], [ -86.734499, 36.232044 ], [ -86.734517, 36.231839 ], [ -86.734549, 36.231629 ], [ -86.734569, 36.231528 ], [ -86.734592, 36.23142 ], [ -86.734754, 36.230918 ], [ -86.734755, 36.230871 ], [ -86.734763, 36.230722 ], [ -86.734775, 36.230648 ], [ -86.734811, 36.230436 ], [ -86.734812, 36.230258 ], [ -86.734795, 36.229982 ], [ -86.734791, 36.2299 ], [ -86.73476, 36.22985 ], [ -86.734775, 36.229769 ], [ -86.735407, 36.229691 ], [ -86.736245, 36.22959 ], [ -86.737313, 36.229604 ], [ -86.737715, 36.22961 ], [ -86.73795, 36.229623 ], [ -86.738, 36.229346 ], [ -86.738003, 36.229332 ], [ -86.738138, 36.228515 ], [ -86.738162, 36.228376 ], [ -86.738177, 36.228237 ], [ -86.738067, 36.228224 ], [ -86.737739, 36.228188 ], [ -86.73763, 36.228177 ], [ -86.73721, 36.22815 ], [ -86.737055, 36.22814 ], [ -86.735957, 36.228061 ], [ -86.735532, 36.228054 ], [ -86.735582, 36.227858 ], [ -86.735858, 36.227135 ], [ -86.736156, 36.226356 ], [ -86.736913, 36.224405 ], [ -86.737266, 36.223496 ], [ -86.736844, 36.223389 ], [ -86.735578, 36.223069 ], [ -86.735156, 36.222963 ], [ -86.735625, 36.221691 ], [ -86.736191, 36.22016 ], [ -86.737034, 36.217875 ], [ -86.737226, 36.217356 ], [ -86.737365, 36.21698 ], [ -86.737504, 36.216603 ], [ -86.737571, 36.216453 ], [ -86.737614, 36.216359 ], [ -86.737741, 36.216208 ], [ -86.737894, 36.216091 ], [ -86.737909, 36.21608 ], [ -86.738034, 36.216005 ], [ -86.737828, 36.215741 ], [ -86.737677, 36.215547 ], [ -86.737194, 36.214965 ], [ -86.736981, 36.214708 ], [ -86.736972, 36.214697 ], [ -86.736945, 36.214664 ], [ -86.736937, 36.214654 ], [ -86.736912, 36.214624 ], [ -86.736837, 36.214534 ], [ -86.736813, 36.214505 ], [ -86.7368, 36.214492 ], [ -86.736775, 36.214456 ], [ -86.736763, 36.214444 ], [ -86.736763, 36.214313 ], [ -86.736781, 36.213948 ], [ -86.736738, 36.213615 ], [ -86.736679, 36.213293 ], [ -86.736666, 36.213219 ], [ -86.736625, 36.212976 ], [ -86.736525, 36.212663 ], [ -86.7364, 36.212354 ], [ -86.736321, 36.212187 ], [ -86.735151, 36.209854 ], [ -86.735032, 36.209615 ], [ -86.734907, 36.209349 ], [ -86.734818, 36.20911 ], [ -86.734748, 36.208869 ], [ -86.734705, 36.208708 ], [ -86.734717, 36.208698 ], [ -86.734728, 36.208672 ], [ -86.73474, 36.208663 ], [ -86.734761, 36.208634 ], [ -86.734827, 36.208551 ], [ -86.73485, 36.208523 ], [ -86.734938, 36.20841 ], [ -86.735204, 36.208071 ], [ -86.735293, 36.207959 ], [ -86.735454, 36.207763 ], [ -86.735938, 36.207178 ], [ -86.7361, 36.206983 ], [ -86.736236, 36.206804 ], [ -86.736646, 36.20627 ], [ -86.736783, 36.206092 ], [ -86.73695, 36.205879 ], [ -86.737454, 36.20524 ], [ -86.737622, 36.205028 ], [ -86.737479, 36.204986 ], [ -86.737102, 36.204949 ], [ -86.735529, 36.204798 ], [ -86.735005, 36.204748 ], [ -86.73485, 36.204734 ], [ -86.734808, 36.20473 ], [ -86.734566, 36.204707 ], [ -86.734364, 36.204688 ], [ -86.733758, 36.204632 ], [ -86.733556, 36.204614 ], [ -86.733281, 36.204589 ], [ -86.732459, 36.204514 ], [ -86.732185, 36.204489 ], [ -86.731758, 36.204454 ], [ -86.730479, 36.204349 ], [ -86.730053, 36.204315 ], [ -86.729528, 36.204244 ], [ -86.729421, 36.204233 ], [ -86.728136, 36.204112 ], [ -86.727518, 36.204063 ], [ -86.726884, 36.204014 ], [ -86.726808, 36.204004 ], [ -86.726582, 36.203974 ], [ -86.726507, 36.203964 ], [ -86.726472, 36.203962 ], [ -86.726457, 36.203961 ], [ -86.726429, 36.20396 ], [ -86.726407, 36.203959 ], [ -86.726346, 36.203956 ], [ -86.726334, 36.203956 ], [ -86.726293, 36.203966 ], [ -86.726239, 36.20398 ], [ -86.726223, 36.203964 ], [ -86.726187, 36.203928 ], [ -86.726015, 36.203903 ], [ -86.725975, 36.203897 ], [ -86.725307, 36.203801 ], [ -86.725033, 36.203761 ], [ -86.724931, 36.203742 ], [ -86.724736, 36.203706 ], [ -86.724585, 36.203682 ], [ -86.72458, 36.203545 ], [ -86.724589, 36.203494 ], [ -86.724638, 36.203235 ], [ -86.724684, 36.202994 ], [ -86.724694, 36.202937 ], [ -86.724729, 36.202752 ], [ -86.724746, 36.202668 ], [ -86.72476, 36.202594 ], [ -86.724762, 36.202585 ], [ -86.724822, 36.202274 ], [ -86.724851, 36.202121 ], [ -86.724883, 36.201964 ], [ -86.724887, 36.201838 ], [ -86.724889, 36.20179 ], [ -86.724935, 36.201465 ], [ -86.724953, 36.201341 ], [ -86.725, 36.201127 ], [ -86.725031, 36.200989 ], [ -86.725055, 36.200856 ], [ -86.725115, 36.20052 ], [ -86.725122, 36.200484 ], [ -86.725169, 36.200271 ], [ -86.725424, 36.200335 ], [ -86.725493, 36.200352 ], [ -86.725678, 36.200399 ], [ -86.726424, 36.200586 ], [ -86.726465, 36.200595 ], [ -86.726792, 36.200668 ], [ -86.726941, 36.200705 ], [ -86.726981, 36.200713 ], [ -86.727552, 36.200828 ], [ -86.727612, 36.200841 ], [ -86.727742, 36.200873 ], [ -86.727801, 36.200427 ], [ -86.727979, 36.19909 ], [ -86.728032, 36.1987 ], [ -86.72803, 36.198644 ], [ -86.728258, 36.198661 ], [ -86.728315, 36.198666 ], [ -86.7286, 36.198687 ], [ -86.729098, 36.19514 ], [ -86.728786, 36.19511 ], [ -86.728474, 36.195081 ], [ -86.727952, 36.195032 ], [ -86.727885, 36.195025 ], [ -86.72743, 36.194984 ], [ -86.727159, 36.194956 ], [ -86.72708, 36.194948 ], [ -86.726731, 36.194913 ], [ -86.726404, 36.194904 ], [ -86.726347, 36.194902 ], [ -86.726076, 36.194895 ], [ -86.726095, 36.194709 ], [ -86.726103, 36.194636 ], [ -86.7261, 36.194452 ], [ -86.72605, 36.194283 ], [ -86.725993, 36.194173 ], [ -86.725956, 36.194102 ], [ -86.725885, 36.194024 ], [ -86.725952, 36.19392 ], [ -86.725995, 36.193861 ], [ -86.726345, 36.193386 ], [ -86.726462, 36.193228 ], [ -86.726647, 36.193006 ], [ -86.726717, 36.19291 ], [ -86.727446, 36.191928 ], [ -86.72769, 36.191601 ], [ -86.727768, 36.19147 ], [ -86.728004, 36.19108 ], [ -86.728083, 36.19095 ], [ -86.728863, 36.191104 ], [ -86.729126, 36.191132 ], [ -86.731549, 36.191389 ], [ -86.731847, 36.19142 ], [ -86.732074, 36.191463 ], [ -86.73226, 36.191539 ], [ -86.732272, 36.191545 ], [ -86.732735, 36.191781 ], [ -86.732969, 36.191891 ], [ -86.733251, 36.191918 ], [ -86.733286, 36.191568 ], [ -86.733297, 36.191453 ], [ -86.733327, 36.191468 ], [ -86.733383, 36.191492 ], [ -86.733484, 36.191536 ], [ -86.733553, 36.191566 ], [ -86.73361, 36.191591 ], [ -86.733729, 36.191601 ], [ -86.734132, 36.191589 ], [ -86.739076, 36.192068 ], [ -86.739394, 36.192098 ], [ -86.739713, 36.192128 ], [ -86.739837, 36.192352 ], [ -86.740116, 36.193069 ], [ -86.74021, 36.193308 ], [ -86.740442, 36.193331 ], [ -86.741138, 36.193403 ], [ -86.741371, 36.193427 ], [ -86.741446, 36.193434 ], [ -86.741674, 36.193458 ], [ -86.74175, 36.193466 ], [ -86.742069, 36.193495 ], [ -86.743261, 36.193587 ], [ -86.743877, 36.193642 ], [ -86.743691, 36.193987 ], [ -86.743149, 36.19501 ], [ -86.743475, 36.195126 ], [ -86.743802, 36.195242 ], [ -86.74412, 36.195356 ], [ -86.74444, 36.195469 ], [ -86.744397, 36.195555 ], [ -86.744886, 36.195717 ], [ -86.746356, 36.196204 ], [ -86.746846, 36.196367 ], [ -86.74673, 36.19654 ], [ -86.746696, 36.196592 ], [ -86.746545, 36.196816 ], [ -86.746429, 36.197038 ], [ -86.746409, 36.197075 ], [ -86.746312, 36.19726 ], [ -86.746238, 36.197237 ], [ -86.746016, 36.197169 ], [ -86.745943, 36.197147 ], [ -86.745829, 36.197352 ], [ -86.745675, 36.197629 ], [ -86.745487, 36.197969 ], [ -86.745374, 36.198175 ], [ -86.745272, 36.198376 ], [ -86.744967, 36.198982 ], [ -86.744866, 36.199184 ], [ -86.745494, 36.1994 ], [ -86.746123, 36.199615 ], [ -86.747104, 36.199951 ], [ -86.747354, 36.200035 ], [ -86.747978, 36.200245 ], [ -86.748103, 36.200291 ], [ -86.748477, 36.200429 ], [ -86.748603, 36.200476 ], [ -86.748631, 36.200479 ], [ -86.748717, 36.200488 ], [ -86.748746, 36.200491 ], [ -86.748764, 36.200488 ], [ -86.748809, 36.200474 ], [ -86.748826, 36.200471 ], [ -86.748724, 36.200627 ], [ -86.748687, 36.200682 ], [ -86.748274, 36.201315 ], [ -86.748137, 36.201527 ], [ -86.747956, 36.20186 ], [ -86.7478, 36.202108 ], [ -86.747324, 36.202874 ], [ -86.746846, 36.20365 ], [ -86.746735, 36.20382 ], [ -86.746428, 36.204297 ], [ -86.746409, 36.204329 ], [ -86.746375, 36.204388 ], [ -86.746483, 36.204397 ], [ -86.74697, 36.204438 ], [ -86.747458, 36.20448 ], [ -86.748396, 36.204583 ], [ -86.749679, 36.204643 ], [ -86.749817, 36.20465 ], [ -86.749904, 36.204656 ], [ -86.750128, 36.204672 ], [ -86.750232, 36.204679 ], [ -86.750278, 36.204683 ], [ -86.750323, 36.204688 ], [ -86.75037, 36.204694 ], [ -86.750354, 36.20475 ], [ -86.750326, 36.204833 ], [ -86.750267, 36.205042 ], [ -86.750183, 36.205432 ], [ -86.749967, 36.206433 ], [ -86.749813, 36.207182 ], [ -86.749759, 36.207526 ], [ -86.749702, 36.207795 ], [ -86.749647, 36.208051 ], [ -86.749577, 36.20839 ], [ -86.74924, 36.210036 ], [ -86.749211, 36.210178 ], [ -86.749091, 36.210775 ], [ -86.749796, 36.210877 ], [ -86.749999, 36.210964 ], [ -86.75001, 36.210969 ], [ -86.752734, 36.21036 ], [ -86.753646, 36.210157 ], [ -86.754325, 36.210036 ], [ -86.755894, 36.209759 ], [ -86.756364, 36.209675 ], [ -86.757044, 36.209555 ], [ -86.757038, 36.209592 ], [ -86.757023, 36.209705 ], [ -86.757019, 36.209743 ], [ -86.75701, 36.209806 ], [ -86.756985, 36.209994 ], [ -86.756977, 36.210058 ], [ -86.75697, 36.21011 ], [ -86.756949, 36.210268 ], [ -86.756943, 36.210321 ], [ -86.756863, 36.21091 ], [ -86.756622, 36.212679 ], [ -86.756543, 36.213269 ], [ -86.756524, 36.213379 ], [ -86.756468, 36.21371 ], [ -86.756431, 36.213818 ], [ -86.756516, 36.213827 ], [ -86.756589, 36.213844 ], [ -86.756692, 36.213868 ], [ -86.757066, 36.213922 ], [ -86.757226, 36.213946 ], [ -86.757372, 36.21397 ], [ -86.757811, 36.214045 ], [ -86.757958, 36.21407 ], [ -86.760478, 36.214495 ], [ -86.761515, 36.214672 ], [ -86.762764, 36.214884 ], [ -86.764013, 36.215097 ], [ -86.764297, 36.214276 ], [ -86.764397, 36.213954 ], [ -86.765248, 36.214089 ], [ -86.766064, 36.214196 ], [ -86.766396, 36.214235 ], [ -86.766793, 36.214282 ], [ -86.767392, 36.214356 ], [ -86.767483, 36.214368 ], [ -86.767725, 36.214391 ], [ -86.767778, 36.214223 ], [ -86.76794, 36.213722 ], [ -86.767994, 36.213555 ], [ -86.768755, 36.21367 ], [ -86.771039, 36.214017 ], [ -86.771801, 36.214133 ], [ -86.772218, 36.214184 ], [ -86.772828, 36.214261 ], [ -86.773469, 36.21434 ], [ -86.773856, 36.214389 ], [ -86.773887, 36.214393 ], [ -86.774172, 36.214429 ], [ -86.775027, 36.214537 ], [ -86.775313, 36.214574 ], [ -86.775343, 36.214571 ], [ -86.775435, 36.214564 ], [ -86.775466, 36.214562 ], [ -86.775504, 36.214228 ], [ -86.775543, 36.213889 ], [ -86.775626, 36.213229 ], [ -86.775669, 36.212897 ], [ -86.775693, 36.212703 ], [ -86.775767, 36.212123 ], [ -86.775792, 36.21193 ], [ -86.775855, 36.21143 ], [ -86.776045, 36.209933 ], [ -86.776062, 36.209801 ], [ -86.776106, 36.209434 ], [ -86.776163, 36.208986 ], [ -86.776336, 36.207646 ], [ -86.776394, 36.207199 ], [ -86.776411, 36.20706 ], [ -86.776463, 36.206646 ], [ -86.776481, 36.206508 ], [ -86.776525, 36.206511 ], [ -86.776658, 36.206522 ], [ -86.776703, 36.206526 ], [ -86.77685, 36.206538 ], [ -86.776943, 36.206545 ], [ -86.776997, 36.20655 ], [ -86.777452, 36.206586 ], [ -86.777665, 36.206603 ], [ -86.777906, 36.206623 ], [ -86.778011, 36.206632 ], [ -86.778329, 36.206661 ], [ -86.778435, 36.206671 ], [ -86.778949, 36.206692 ], [ -86.780494, 36.206757 ], [ -86.781009, 36.206779 ], [ -86.781604, 36.206857 ], [ -86.781628, 36.206861 ], [ -86.782328, 36.206982 ], [ -86.783369, 36.207215 ], [ -86.78347, 36.207238 ], [ -86.783713, 36.207292 ], [ -86.783956, 36.207347 ], [ -86.784276, 36.207414 ], [ -86.784825, 36.207529 ], [ -86.785237, 36.20762 ], [ -86.785557, 36.207692 ], [ -86.785911, 36.207778 ], [ -86.786641, 36.207957 ], [ -86.786972, 36.208045 ], [ -86.787325, 36.20814 ], [ -86.787642, 36.208217 ], [ -86.787839, 36.208265 ], [ -86.78799, 36.208293 ], [ -86.788143, 36.208314 ], [ -86.788296, 36.208326 ], [ -86.788451, 36.20833 ], [ -86.788607, 36.208327 ], [ -86.788761, 36.208315 ], [ -86.788939, 36.208292 ], [ -86.789328, 36.208201 ], [ -86.789513, 36.208133 ], [ -86.789645, 36.208086 ], [ -86.790177, 36.207787 ], [ -86.790973, 36.207322 ], [ -86.791076, 36.207265 ], [ -86.791177, 36.20721 ], [ -86.791393, 36.207107 ], [ -86.791617, 36.207015 ], [ -86.791837, 36.207262 ], [ -86.792002, 36.207435 ], [ -86.79218, 36.207599 ], [ -86.792372, 36.207755 ], [ -86.79248, 36.207832 ], [ -86.792575, 36.2079 ], [ -86.792788, 36.208034 ], [ -86.793012, 36.208157 ], [ -86.793176, 36.208237 ], [ -86.793415, 36.20834 ], [ -86.79347, 36.20836 ], [ -86.793662, 36.208429 ], [ -86.794019, 36.208547 ], [ -86.794164, 36.208589 ], [ -86.794536, 36.208698 ], [ -86.794598, 36.20872 ], [ -86.794741, 36.208772 ], [ -86.794984, 36.20887 ], [ -86.795067, 36.208912 ], [ -86.795146, 36.208953 ], [ -86.795239, 36.209006 ], [ -86.795449, 36.209139 ], [ -86.79559, 36.209245 ], [ -86.795721, 36.209356 ], [ -86.795843, 36.209475 ], [ -86.795914, 36.209553 ], [ -86.795957, 36.2096 ], [ -86.79606, 36.20973 ], [ -86.796132, 36.209835 ], [ -86.796375, 36.210211 ], [ -86.796462, 36.210346 ], [ -86.796665, 36.210615 ], [ -86.796826, 36.210802 ], [ -86.796971, 36.21095 ], [ -86.797266, 36.211211 ], [ -86.797305, 36.211246 ], [ -86.797594, 36.211518 ], [ -86.797715, 36.211414 ], [ -86.797821, 36.211331 ], [ -86.798118, 36.211072 ], [ -86.798133, 36.21106 ], [ -86.798218, 36.210995 ], [ -86.798329, 36.210927 ], [ -86.798442, 36.210867 ], [ -86.798604, 36.21081 ], [ -86.798739, 36.210776 ], [ -86.79892, 36.210752 ], [ -86.799065, 36.210748 ], [ -86.799798, 36.210779 ], [ -86.800182, 36.210795 ], [ -86.800344, 36.210802 ], [ -86.800889, 36.210824 ], [ -86.801284, 36.21081 ], [ -86.801695, 36.210823 ], [ -86.802369, 36.210845 ], [ -86.802523, 36.210858 ], [ -86.802616, 36.210873 ], [ -86.802792, 36.210916 ], [ -86.802958, 36.210976 ], [ -86.803114, 36.211052 ], [ -86.803256, 36.211145 ], [ -86.803383, 36.21125 ], [ -86.803616, 36.211472 ], [ -86.803861, 36.211659 ], [ -86.803892, 36.211683 ], [ -86.804203, 36.211815 ], [ -86.804632, 36.211844 ], [ -86.804746, 36.211838 ], [ -86.80486, 36.211833 ], [ -86.805076, 36.211822 ], [ -86.806102, 36.211775 ], [ -86.806404, 36.211717 ], [ -86.806841, 36.211635 ], [ -86.807179, 36.211544 ], [ -86.807195, 36.211536 ], [ -86.807409, 36.211433 ], [ -86.807769, 36.211201 ], [ -86.808141, 36.210971 ], [ -86.808455, 36.210778 ], [ -86.80849, 36.210815 ], [ -86.808533, 36.21086 ], [ -86.808597, 36.210928 ], [ -86.808722, 36.211037 ], [ -86.808788, 36.211084 ], [ -86.808867, 36.211167 ], [ -86.809031, 36.211205 ], [ -86.809178, 36.211243 ], [ -86.809331, 36.211265 ], [ -86.809487, 36.211269 ], [ -86.80952, 36.211265 ], [ -86.809635, 36.211259 ], [ -86.809707, 36.211248 ], [ -86.809779, 36.211231 ], [ -86.809916, 36.211187 ], [ -86.810104, 36.211082 ], [ -86.810251, 36.210982 ], [ -86.810365, 36.21092 ], [ -86.810766, 36.210764 ], [ -86.810956, 36.210701 ], [ -86.811372, 36.210576 ], [ -86.81141, 36.210565 ], [ -86.811962, 36.210272 ], [ -86.8121, 36.21045 ], [ -86.812485, 36.210946 ], [ -86.812512, 36.21099 ], [ -86.812638, 36.211179 ], [ -86.812694, 36.211257 ], [ -86.812716, 36.211285 ], [ -86.812826, 36.21144 ], [ -86.812878, 36.211491 ], [ -86.813003, 36.211603 ], [ -86.813181, 36.211744 ], [ -86.813231, 36.211763 ], [ -86.813275, 36.211779 ], [ -86.813446, 36.211844 ], [ -86.813503, 36.211866 ], [ -86.813663, 36.211935 ], [ -86.813854, 36.211965 ], [ -86.814084, 36.211984 ], [ -86.81418, 36.211979 ], [ -86.814263, 36.211978 ], [ -86.814676, 36.211915 ], [ -86.815012, 36.211843 ], [ -86.815488, 36.211738 ], [ -86.81569, 36.211716 ], [ -86.816062, 36.211657 ], [ -86.81718, 36.211482 ], [ -86.817364, 36.211454 ], [ -86.817555, 36.211434 ], [ -86.817789, 36.211387 ], [ -86.818233, 36.211314 ], [ -86.819794, 36.211061 ], [ -86.8201, 36.211005 ], [ -86.820268, 36.210964 ], [ -86.820939, 36.210806 ], [ -86.821161, 36.210757 ], [ -86.821827, 36.210611 ], [ -86.82205, 36.210563 ], [ -86.822386, 36.210483 ], [ -86.823397, 36.210244 ], [ -86.823734, 36.210165 ], [ -86.823594, 36.209835 ], [ -86.823177, 36.208845 ], [ -86.823039, 36.208515 ], [ -86.822709, 36.20773 ], [ -86.822446, 36.207102 ], [ -86.822326, 36.206801 ], [ -86.822163, 36.206433 ], [ -86.821977, 36.205975 ], [ -86.821724, 36.205376 ], [ -86.82159, 36.205057 ], [ -86.821533, 36.204946 ], [ -86.821517, 36.204914 ], [ -86.821504, 36.20489 ], [ -86.821418, 36.204656 ], [ -86.821378, 36.204548 ], [ -86.821362, 36.20451 ], [ -86.821315, 36.204398 ], [ -86.821053, 36.203775 ], [ -86.820966, 36.203568 ], [ -86.820849, 36.203274 ], [ -86.820833, 36.203214 ], [ -86.820823, 36.203153 ], [ -86.820816, 36.203031 ], [ -86.820801, 36.202855 ], [ -86.820769, 36.202762 ], [ -86.820745, 36.202717 ], [ -86.820716, 36.202675 ], [ -86.820618, 36.202575 ], [ -86.820484, 36.2025 ], [ -86.820979, 36.20201 ], [ -86.821169, 36.20184 ], [ -86.821318, 36.201726 ], [ -86.821475, 36.201619 ], [ -86.821641, 36.20152 ], [ -86.821815, 36.20143 ], [ -86.821995, 36.20135 ], [ -86.822182, 36.201279 ], [ -86.822374, 36.201216 ], [ -86.822571, 36.201165 ], [ -86.823698, 36.200838 ], [ -86.824047, 36.200732 ], [ -86.824176, 36.200702 ], [ -86.824343, 36.200626 ], [ -86.824541, 36.200542 ], [ -86.824692, 36.200451 ], [ -86.824859, 36.200338 ], [ -86.825056, 36.200186 ], [ -86.825232, 36.200016 ], [ -86.82558, 36.199685 ], [ -86.826491, 36.198737 ], [ -86.827012, 36.19826 ], [ -86.828132, 36.197059 ], [ -86.828592, 36.19656 ], [ -86.829145, 36.195962 ], [ -86.829973, 36.195064 ], [ -86.830158, 36.194865 ], [ -86.830296, 36.194716 ], [ -86.830434, 36.194566 ], [ -86.831217, 36.193659 ], [ -86.832157, 36.192635 ], [ -86.832291, 36.192476 ], [ -86.833772, 36.190903 ], [ -86.833884, 36.190783 ], [ -86.834042, 36.190635 ], [ -86.834128, 36.190571 ], [ -86.834634, 36.190234 ], [ -86.834636, 36.19019 ], [ -86.83464, 36.19014 ], [ -86.834625, 36.190062 ], [ -86.834603, 36.190026 ], [ -86.834685, 36.189948 ], [ -86.835483, 36.189412 ], [ -86.836814, 36.188528 ], [ -86.836989, 36.188431 ], [ -86.837555, 36.18925 ], [ -86.837695, 36.189531 ], [ -86.838104, 36.189139 ], [ -86.838116, 36.189127 ], [ -86.839371, 36.187906 ], [ -86.839474, 36.187807 ], [ -86.839792, 36.187501 ], [ -86.839917, 36.18738 ], [ -86.840294, 36.187018 ], [ -86.84042, 36.186898 ], [ -86.840771, 36.186559 ], [ -86.841827, 36.185544 ], [ -86.841921, 36.185455 ], [ -86.842174, 36.185201 ], [ -86.84235, 36.185024 ], [ -86.842736, 36.184637 ], [ -86.842881, 36.184496 ], [ -86.84306, 36.184322 ], [ -86.843215, 36.184176 ], [ -86.843464, 36.183946 ], [ -86.843676, 36.183734 ], [ -86.843827, 36.183584 ], [ -86.843883, 36.183528 ], [ -86.844033, 36.183392 ], [ -86.844058, 36.18337 ], [ -86.8444, 36.183119 ], [ -86.84474, 36.182934 ], [ -86.84487, 36.182865 ], [ -86.845001, 36.182833 ], [ -86.845144, 36.182798 ], [ -86.845411, 36.182734 ], [ -86.84556, 36.182652 ], [ -86.84569, 36.182582 ], [ -86.845927, 36.182539 ], [ -86.846106, 36.182524 ], [ -86.846172, 36.182519 ], [ -86.846694, 36.182521 ], [ -86.847241, 36.182547 ], [ -86.847367, 36.182557 ], [ -86.847787, 36.182591 ], [ -86.848703, 36.182721 ], [ -86.848795, 36.182735 ], [ -86.849574, 36.182896 ], [ -86.85002, 36.183008 ], [ -86.850486, 36.183142 ], [ -86.850832, 36.18328 ], [ -86.851364, 36.183492 ], [ -86.852252, 36.183797 ], [ -86.852309, 36.183869 ], [ -86.853459, 36.184329 ], [ -86.853775, 36.184444 ], [ -86.858362, 36.186122 ], [ -86.858469, 36.186157 ], [ -86.859959, 36.186656 ], [ -86.860049, 36.186686 ], [ -86.860154, 36.186721 ], [ -86.860174, 36.186728 ], [ -86.860502, 36.186838 ], [ -86.860552, 36.186856 ], [ -86.860677, 36.186902 ], [ -86.860771, 36.186928 ], [ -86.860865, 36.186953 ], [ -86.86103, 36.187024 ], [ -86.861092, 36.18705 ], [ -86.861181, 36.187089 ], [ -86.861264, 36.18712 ], [ -86.861377, 36.18685 ], [ -86.861627, 36.186503 ], [ -86.861861, 36.186258 ], [ -86.862752, 36.185604 ], [ -86.86332, 36.185257 ], [ -86.863387, 36.185186 ], [ -86.86369, 36.184923 ], [ -86.863839, 36.184794 ], [ -86.864638, 36.184099 ], [ -86.864821, 36.183944 ], [ -86.865204, 36.183624 ], [ -86.865311, 36.183533 ], [ -86.865636, 36.183262 ], [ -86.865744, 36.183172 ], [ -86.865859, 36.183074 ], [ -86.866205, 36.182784 ], [ -86.866321, 36.182687 ], [ -86.866206, 36.18252 ], [ -86.86529, 36.180992 ], [ -86.864591, 36.179937 ], [ -86.864238, 36.179294 ], [ -86.863146, 36.177937 ], [ -86.862284, 36.176685 ], [ -86.862213, 36.176608 ], [ -86.861538, 36.175872 ], [ -86.859937, 36.174559 ], [ -86.8585, 36.17313 ], [ -86.857613, 36.172263 ], [ -86.856926, 36.171592 ], [ -86.856051, 36.170867 ], [ -86.854526, 36.16979 ], [ -86.853495, 36.169093 ], [ -86.853362, 36.169016 ], [ -86.853262, 36.166166 ], [ -86.853457, 36.166311 ], [ -86.853713, 36.166502 ], [ -86.85485, 36.167342 ], [ -86.854919, 36.167393 ], [ -86.855311, 36.16769 ], [ -86.85536, 36.167727 ], [ -86.855508, 36.167838 ], [ -86.855558, 36.167875 ], [ -86.855572, 36.167899 ], [ -86.855634, 36.167939 ], [ -86.855657, 36.16795 ], [ -86.855867, 36.168119 ], [ -86.856031, 36.168263 ], [ -86.856101, 36.168324 ], [ -86.856238, 36.168426 ], [ -86.856498, 36.168629 ], [ -86.857025, 36.169017 ], [ -86.857201, 36.169148 ], [ -86.857264, 36.169196 ], [ -86.85759, 36.169445 ], [ -86.857742, 36.169559 ], [ -86.857983, 36.169744 ], [ -86.858, 36.169756 ], [ -86.858141, 36.169853 ], [ -86.858197, 36.169898 ], [ -86.858237, 36.169918 ], [ -86.858416, 36.17001 ], [ -86.858599, 36.170133 ], [ -86.85883, 36.170268 ], [ -86.859025, 36.170363 ], [ -86.859224, 36.170438 ], [ -86.859427, 36.170499 ], [ -86.859613, 36.17054 ], [ -86.859732, 36.17056 ], [ -86.859955, 36.170583 ], [ -86.86011, 36.17059 ], [ -86.860289, 36.170595 ], [ -86.860416, 36.170589 ], [ -86.860556, 36.17039 ], [ -86.86068, 36.170241 ], [ -86.860781, 36.170121 ], [ -86.86108, 36.169941 ], [ -86.86138, 36.169821 ], [ -86.861754, 36.169716 ], [ -86.861808, 36.169639 ], [ -86.86206, 36.169282 ], [ -86.86214, 36.169166 ], [ -86.862205, 36.169094 ], [ -86.86245, 36.168826 ], [ -86.862647, 36.168609 ], [ -86.862684, 36.168567 ], [ -86.862844, 36.168392 ], [ -86.862993, 36.16822 ], [ -86.863023, 36.168186 ], [ -86.863202, 36.167981 ], [ -86.863401, 36.16776 ], [ -86.863447, 36.167708 ], [ -86.8636, 36.16754 ], [ -86.863735, 36.167367 ], [ -86.863781, 36.167309 ], [ -86.863926, 36.167138 ], [ -86.864112, 36.166915 ], [ -86.864156, 36.16686 ], [ -86.864297, 36.166692 ], [ -86.864373, 36.166604 ], [ -86.864447, 36.166524 ], [ -86.864614, 36.166347 ], [ -86.864674, 36.166275 ], [ -86.864876, 36.166076 ], [ -86.864917, 36.166035 ], [ -86.865079, 36.165878 ], [ -86.865236, 36.165657 ], [ -86.865392, 36.165436 ], [ -86.865728, 36.165053 ], [ -86.86576, 36.165012 ], [ -86.86579, 36.164982 ], [ -86.865867, 36.164911 ], [ -86.865938, 36.164845 ], [ -86.866009, 36.164778 ], [ -86.866078, 36.164722 ], [ -86.866146, 36.164671 ], [ -86.866267, 36.164586 ], [ -86.866318, 36.164553 ], [ -86.86643, 36.164481 ], [ -86.866532, 36.16445 ], [ -86.867188, 36.164185 ], [ -86.867585, 36.164069 ], [ -86.867669, 36.164044 ], [ -86.867751, 36.16402 ], [ -86.867993, 36.163949 ], [ -86.868185, 36.163892 ], [ -86.868275, 36.163865 ], [ -86.868365, 36.163838 ], [ -86.868379, 36.163865 ], [ -86.868512, 36.164121 ], [ -86.868621, 36.164333 ], [ -86.868644, 36.164373 ], [ -86.868658, 36.164371 ], [ -86.868939, 36.164341 ], [ -86.868972, 36.164338 ], [ -86.869273, 36.164396 ], [ -86.86967, 36.164672 ], [ -86.870039, 36.164851 ], [ -86.870283, 36.165039 ], [ -86.870291, 36.165046 ], [ -86.870566, 36.165468 ], [ -86.870576, 36.165484 ], [ -86.870614, 36.165519 ], [ -86.870632, 36.16557 ], [ -86.87093, 36.166027 ], [ -86.871173, 36.166186 ], [ -86.871508, 36.166407 ], [ -86.871652, 36.166526 ], [ -86.871905, 36.166734 ], [ -86.872707, 36.167072 ], [ -86.872969, 36.167133 ], [ -86.873005, 36.167123 ], [ -86.87306, 36.167158 ], [ -86.873147, 36.167212 ], [ -86.873205, 36.167248 ], [ -86.873218, 36.167256 ], [ -86.87344, 36.167396 ], [ -86.873474, 36.167417 ], [ -86.873531, 36.167453 ], [ -86.873605, 36.167479 ], [ -86.873711, 36.167521 ], [ -86.87386, 36.16757 ], [ -86.874147, 36.167611 ], [ -86.874529, 36.167611 ], [ -86.874966, 36.167532 ], [ -86.875315, 36.167416 ], [ -86.875677, 36.167287 ], [ -86.875984, 36.167208 ], [ -86.876246, 36.167208 ], [ -86.876429, 36.167324 ], [ -86.876723, 36.16755 ], [ -86.87675, 36.167684 ], [ -86.876765, 36.167756 ], [ -86.876523, 36.167906 ], [ -86.875697, 36.168021 ], [ -86.875292, 36.168158 ], [ -86.875239, 36.168255 ], [ -86.875251, 36.168395 ], [ -86.875353, 36.16851 ], [ -86.875503, 36.168585 ], [ -86.87583, 36.168631 ], [ -86.876273, 36.168671 ], [ -86.876781, 36.168553 ], [ -86.87709, 36.16853 ], [ -86.877364, 36.168586 ], [ -86.877737, 36.168664 ], [ -86.877907, 36.168623 ], [ -86.878006, 36.168553 ], [ -86.878066, 36.168422 ], [ -86.877848, 36.167784 ], [ -86.877905, 36.167651 ], [ -86.878035, 36.167555 ], [ -86.87821, 36.167537 ], [ -86.878423, 36.167574 ], [ -86.878573, 36.167651 ], [ -86.878632, 36.167746 ], [ -86.878738, 36.168088 ], [ -86.878749, 36.168641 ], [ -86.878842, 36.168837 ], [ -86.879003, 36.168889 ], [ -86.879225, 36.168889 ], [ -86.87948, 36.168828 ], [ -86.879738, 36.168689 ], [ -86.879895, 36.168442 ], [ -86.879871, 36.168303 ], [ -86.879736, 36.1681 ], [ -86.879884, 36.167844 ], [ -86.879756, 36.167393 ], [ -86.879792, 36.167003 ], [ -86.879994, 36.166772 ], [ -86.880668, 36.166363 ], [ -86.880971, 36.166015 ], [ -86.881604, 36.163795 ], [ -86.881738, 36.163532 ], [ -86.882036, 36.163271 ], [ -86.882676, 36.162951 ], [ -86.882861, 36.162894 ], [ -86.883216, 36.162786 ], [ -86.883959, 36.162661 ], [ -86.884622, 36.162594 ], [ -86.885248, 36.162601 ], [ -86.885641, 36.16267 ], [ -86.885993, 36.162824 ], [ -86.887121, 36.16358 ], [ -86.887907, 36.164053 ], [ -86.888145, 36.164149 ], [ -86.888269, 36.164143 ], [ -86.888476, 36.164132 ], [ -86.888541, 36.164129 ], [ -86.889076, 36.163964 ], [ -86.889276, 36.163903 ], [ -86.890069, 36.165063 ], [ -86.891546, 36.167023 ], [ -86.893862, 36.169281 ], [ -86.894221, 36.169732 ], [ -86.895409, 36.170802 ], [ -86.896414, 36.171618 ], [ -86.896768, 36.172001 ], [ -86.897465, 36.172505 ], [ -86.898497, 36.173397 ], [ -86.898765, 36.173598 ], [ -86.900484, 36.174892 ], [ -86.900984, 36.175251 ], [ -86.902145, 36.175922 ], [ -86.902618, 36.176288 ], [ -86.902972, 36.176441 ], [ -86.903385, 36.176704 ], [ -86.903883, 36.17721 ], [ -86.904682, 36.17818 ], [ -86.904871, 36.178509 ], [ -86.905791, 36.179565 ], [ -86.906873, 36.181046 ], [ -86.908455, 36.182823 ], [ -86.909881, 36.184248 ], [ -86.911231, 36.185755 ], [ -86.912043, 36.187068 ], [ -86.912658, 36.18841 ], [ -86.913021, 36.189881 ], [ -86.913076, 36.19088 ], [ -86.913024, 36.191771 ], [ -86.912735, 36.193541 ], [ -86.912232, 36.194987 ], [ -86.912041, 36.195309 ], [ -86.911549, 36.196333 ], [ -86.910746, 36.197808 ], [ -86.910462, 36.198293 ], [ -86.910079, 36.198776 ], [ -86.909902, 36.1991 ], [ -86.908492, 36.201049 ], [ -86.908078, 36.201514 ], [ -86.907641, 36.202137 ], [ -86.907017, 36.202879 ], [ -86.906031, 36.203897 ], [ -86.904765, 36.20496 ], [ -86.903913, 36.205551 ], [ -86.90365, 36.205734 ], [ -86.902751, 36.206206 ], [ -86.902196, 36.206439 ], [ -86.901286, 36.206745 ], [ -86.900774, 36.206877 ], [ -86.900244, 36.206952 ], [ -86.898736, 36.206959 ], [ -86.897667, 36.207047 ], [ -86.896859, 36.207042 ], [ -86.895481, 36.206888 ], [ -86.894337, 36.206705 ], [ -86.892476, 36.206302 ], [ -86.890696, 36.205815 ], [ -86.890331, 36.206541 ], [ -86.890307, 36.206667 ], [ -86.890113, 36.207663 ], [ -86.890037, 36.208193 ], [ -86.890057, 36.208398 ], [ -86.889962, 36.209256 ], [ -86.889982, 36.209536 ], [ -86.890118, 36.209673 ], [ -86.890267, 36.209717 ], [ -86.890558, 36.209756 ], [ -86.890721, 36.209888 ], [ -86.890775, 36.209987 ], [ -86.890795, 36.210163 ], [ -86.891114, 36.210262 ], [ -86.891982, 36.210411 ], [ -86.892134, 36.210474 ], [ -86.892247, 36.210521 ], [ -86.892351, 36.210661 ], [ -86.892383, 36.210697 ], [ -86.892409, 36.210737 ], [ -86.892538, 36.210911 ], [ -86.892565, 36.210928 ], [ -86.892823, 36.211092 ], [ -86.893026, 36.211318 ], [ -86.893114, 36.211527 ], [ -86.893108, 36.211583 ], [ -86.8931, 36.21167 ], [ -86.893188, 36.211861 ], [ -86.89346, 36.211856 ], [ -86.8937, 36.211851 ], [ -86.894288, 36.21184 ], [ -86.894519, 36.211828 ], [ -86.895195, 36.211781 ], [ -86.895235, 36.211776 ], [ -86.895484, 36.211752 ], [ -86.895745, 36.211725 ], [ -86.896151, 36.211691 ], [ -86.89621, 36.211683 ], [ -86.89668, 36.211621 ], [ -86.897596, 36.21147 ], [ -86.898058, 36.211395 ], [ -86.898153, 36.211379 ], [ -86.89844, 36.211331 ], [ -86.898536, 36.211316 ], [ -86.898831, 36.211267 ], [ -86.899719, 36.211121 ], [ -86.900015, 36.211073 ], [ -86.90242, 36.210678 ], [ -86.903629, 36.210486 ], [ -86.904042, 36.210427 ], [ -86.904074, 36.210423 ], [ -86.904733, 36.210359 ], [ -86.905397, 36.210329 ], [ -86.907535, 36.210287 ], [ -86.910047, 36.210252 ], [ -86.91067, 36.210257 ], [ -86.911235, 36.210322 ], [ -86.911786, 36.210445 ], [ -86.912268, 36.210604 ], [ -86.912742, 36.210795 ], [ -86.913199, 36.21101 ], [ -86.913747, 36.211231 ], [ -86.914309, 36.211388 ], [ -86.915227, 36.211501 ], [ -86.916077, 36.211514 ], [ -86.916192, 36.211516 ], [ -86.916778, 36.211512 ], [ -86.920156, 36.21146 ], [ -86.920335, 36.211457 ], [ -86.920873, 36.211448 ], [ -86.921053, 36.211446 ] ] ] } },
{ "type": "Feature", "properties": { "district_num": "56" }, "geometry": { "type": "Polygon", "coordinates": [ [ [ -86.885229, 36.13579 ], [ -86.884887, 36.135985 ], [ -86.884107, 36.136431 ], [ -86.883865, 36.13657 ], [ -86.883524, 36.136766 ], [ -86.883459, 36.136815 ], [ -86.883394, 36.136864 ], [ -86.882924, 36.137216 ], [ -86.882616, 36.137448 ], [ -86.881246, 36.13853 ], [ -86.881151, 36.138604 ], [ -86.881034, 36.138697 ], [ -86.880823, 36.138864 ], [ -86.880693, 36.138966 ], [ -86.880563, 36.139069 ], [ -86.880296, 36.139284 ], [ -86.880246, 36.139325 ], [ -86.87993, 36.139581 ], [ -86.87958, 36.139864 ], [ -86.879496, 36.139931 ], [ -86.87923, 36.140147 ], [ -86.879018, 36.140318 ], [ -86.878382, 36.140832 ], [ -86.87829, 36.140908 ], [ -86.878155, 36.14098 ], [ -86.877458, 36.141356 ], [ -86.877441, 36.141363 ], [ -86.877235, 36.141452 ], [ -86.877013, 36.141555 ], [ -86.876603, 36.141731 ], [ -86.876037, 36.142015 ], [ -86.875562, 36.142266 ], [ -86.875272, 36.142448 ], [ -86.874874, 36.1427 ], [ -86.874612, 36.142915 ], [ -86.874529, 36.14297 ], [ -86.874371, 36.143075 ], [ -86.874283, 36.143139 ], [ -86.874204, 36.143199 ], [ -86.873986, 36.143384 ], [ -86.8738, 36.143543 ], [ -86.873321, 36.143923 ], [ -86.873243, 36.143986 ], [ -86.873101, 36.144105 ], [ -86.873023, 36.144169 ], [ -86.872891, 36.14428 ], [ -86.872795, 36.144368 ], [ -86.872721, 36.144437 ], [ -86.872916, 36.144612 ], [ -86.872937, 36.144631 ], [ -86.873151, 36.144868 ], [ -86.873307, 36.145117 ], [ -86.873366, 36.145249 ], [ -86.873411, 36.145349 ], [ -86.873431, 36.145501 ], [ -86.873492, 36.145661 ], [ -86.873494, 36.145689 ], [ -86.873545, 36.146288 ], [ -86.873563, 36.146488 ], [ -86.873615, 36.146652 ], [ -86.873656, 36.146951 ], [ -86.873671, 36.147018 ], [ -86.873692, 36.147106 ], [ -86.873785, 36.147437 ], [ -86.873937, 36.147651 ], [ -86.874613, 36.148296 ], [ -86.875007, 36.148672 ], [ -86.874934, 36.148706 ], [ -86.874887, 36.148726 ], [ -86.87469, 36.148811 ], [ -86.874522, 36.148875 ], [ -86.8744, 36.148922 ], [ -86.874363, 36.148936 ], [ -86.874203, 36.148989 ], [ -86.87403, 36.149049 ], [ -86.873861, 36.1491 ], [ -86.873611, 36.14918 ], [ -86.873414, 36.149244 ], [ -86.873524, 36.149381 ], [ -86.873598, 36.149481 ], [ -86.873739, 36.149678 ], [ -86.873786, 36.149744 ], [ -86.873938, 36.149899 ], [ -86.874004, 36.149979 ], [ -86.874623, 36.150718 ], [ -86.87483, 36.150965 ], [ -86.874918, 36.15107 ], [ -86.875182, 36.151387 ], [ -86.875271, 36.151493 ], [ -86.875535, 36.151845 ], [ -86.876071, 36.152491 ], [ -86.87584, 36.152584 ], [ -86.874915, 36.153062 ], [ -86.874902, 36.153066 ], [ -86.875154, 36.153391 ], [ -86.875249, 36.153605 ], [ -86.875262, 36.153664 ], [ -86.875294, 36.153766 ], [ -86.875316, 36.153872 ], [ -86.87533, 36.153998 ], [ -86.875333, 36.154126 ], [ -86.875298, 36.154371 ], [ -86.875228, 36.154806 ], [ -86.87509, 36.155546 ], [ -86.875076, 36.155625 ], [ -86.874981, 36.156109 ], [ -86.874941, 36.156338 ], [ -86.874938, 36.156353 ], [ -86.874907, 36.156491 ], [ -86.874686, 36.157643 ], [ -86.874901, 36.157695 ], [ -86.875148, 36.157739 ], [ -86.875727, 36.157842 ], [ -86.876545, 36.157983 ], [ -86.877011, 36.158064 ], [ -86.876995, 36.158177 ], [ -86.876932, 36.158262 ], [ -86.876541, 36.158795 ], [ -86.876411, 36.158973 ], [ -86.876345, 36.159067 ], [ -86.876161, 36.159334 ], [ -86.876148, 36.159349 ], [ -86.876077, 36.15944 ], [ -86.876041, 36.159477 ], [ -86.875935, 36.15959 ], [ -86.87591, 36.159635 ], [ -86.875655, 36.159981 ], [ -86.875499, 36.160193 ], [ -86.874912, 36.161035 ], [ -86.874667, 36.161388 ], [ -86.874545, 36.161556 ], [ -86.874535, 36.161566 ], [ -86.874334, 36.161785 ], [ -86.874099, 36.161953 ], [ -86.874026, 36.16199 ], [ -86.873944, 36.162034 ], [ -86.873886, 36.162062 ], [ -86.873828, 36.16209 ], [ -86.873705, 36.162169 ], [ -86.873582, 36.162248 ], [ -86.873292, 36.162373 ], [ -86.873277, 36.16238 ], [ -86.873148, 36.16242 ], [ -86.873128, 36.162426 ], [ -86.87307, 36.162443 ], [ -86.873051, 36.16245 ], [ -86.872924, 36.162484 ], [ -86.872542, 36.162586 ], [ -86.872416, 36.162621 ], [ -86.871775, 36.162814 ], [ -86.869855, 36.163395 ], [ -86.869215, 36.163589 ], [ -86.869015, 36.163647 ], [ -86.868815, 36.163706 ], [ -86.868545, 36.163785 ], [ -86.86839, 36.16383 ], [ -86.868365, 36.163838 ], [ -86.868275, 36.163865 ], [ -86.868185, 36.163892 ], [ -86.867993, 36.163949 ], [ -86.867751, 36.16402 ], [ -86.867669, 36.164044 ], [ -86.867585, 36.164069 ], [ -86.867188, 36.164185 ], [ -86.866532, 36.16445 ], [ -86.86643, 36.164481 ], [ -86.866318, 36.164553 ], [ -86.866267, 36.164586 ], [ -86.866146, 36.164671 ], [ -86.866078, 36.164722 ], [ -86.866009, 36.164778 ], [ -86.865938, 36.164845 ], [ -86.865867, 36.164911 ], [ -86.86579, 36.164982 ], [ -86.86576, 36.165012 ], [ -86.865728, 36.165053 ], [ -86.865392, 36.165436 ], [ -86.865236, 36.165657 ], [ -86.865079, 36.165878 ], [ -86.864917, 36.166035 ], [ -86.864876, 36.166076 ], [ -86.864674, 36.166275 ], [ -86.864614, 36.166347 ], [ -86.864447, 36.166524 ], [ -86.864373, 36.166604 ], [ -86.864297, 36.166692 ], [ -86.864156, 36.16686 ], [ -86.864112, 36.166915 ], [ -86.863926, 36.167138 ], [ -86.863781, 36.167309 ], [ -86.863735, 36.167367 ], [ -86.8636, 36.16754 ], [ -86.863447, 36.167708 ], [ -86.863401, 36.16776 ], [ -86.863202, 36.167981 ], [ -86.863023, 36.168186 ], [ -86.862993, 36.16822 ], [ -86.862844, 36.168392 ], [ -86.862684, 36.168567 ], [ -86.862647, 36.168609 ], [ -86.86245, 36.168826 ], [ -86.862205, 36.169094 ], [ -86.86214, 36.169166 ], [ -86.86206, 36.169282 ], [ -86.861808, 36.169639 ], [ -86.861754, 36.169716 ], [ -86.86138, 36.169821 ], [ -86.86108, 36.169941 ], [ -86.860781, 36.170121 ], [ -86.86068, 36.170241 ], [ -86.860556, 36.17039 ], [ -86.860416, 36.170589 ], [ -86.860289, 36.170595 ], [ -86.86011, 36.17059 ], [ -86.859955, 36.170583 ], [ -86.859732, 36.17056 ], [ -86.859613, 36.17054 ], [ -86.859427, 36.170499 ], [ -86.859224, 36.170438 ], [ -86.859025, 36.170363 ], [ -86.85883, 36.170268 ], [ -86.858599, 36.170133 ], [ -86.858416, 36.17001 ], [ -86.858237, 36.169918 ], [ -86.858197, 36.169898 ], [ -86.858141, 36.169853 ], [ -86.858, 36.169756 ], [ -86.857983, 36.169744 ], [ -86.857742, 36.169559 ], [ -86.85759, 36.169445 ], [ -86.857264, 36.169196 ], [ -86.857201, 36.169148 ], [ -86.857025, 36.169017 ], [ -86.856498, 36.168629 ], [ -86.856238, 36.168426 ], [ -86.856101, 36.168324 ], [ -86.856031, 36.168263 ], [ -86.855867, 36.168119 ], [ -86.855657, 36.16795 ], [ -86.855634, 36.167939 ], [ -86.855572, 36.167899 ], [ -86.855558, 36.167875 ], [ -86.855508, 36.167838 ], [ -86.85536, 36.167727 ], [ -86.855311, 36.16769 ], [ -86.854919, 36.167393 ], [ -86.85485, 36.167342 ], [ -86.853713, 36.166502 ], [ -86.853457, 36.166311 ], [ -86.853262, 36.166166 ], [ -86.853213, 36.164753 ], [ -86.853025, 36.164621 ], [ -86.852927, 36.164552 ], [ -86.85243, 36.16428 ], [ -86.85223, 36.16417 ], [ -86.852036, 36.164032 ], [ -86.851912, 36.163944 ], [ -86.851843, 36.163895 ], [ -86.851208, 36.16352 ], [ -86.850908, 36.163343 ], [ -86.850573, 36.163146 ], [ -86.850289, 36.162975 ], [ -86.849906, 36.162746 ], [ -86.849428, 36.16248 ], [ -86.849139, 36.16232 ], [ -86.84904, 36.162281 ], [ -86.848743, 36.162164 ], [ -86.848645, 36.162125 ], [ -86.848572, 36.162096 ], [ -86.848459, 36.162106 ], [ -86.848378, 36.162125 ], [ -86.848137, 36.162186 ], [ -86.848057, 36.162206 ], [ -86.847756, 36.162281 ], [ -86.847277, 36.162393 ], [ -86.846853, 36.162497 ], [ -86.846553, 36.162572 ], [ -86.846544, 36.162489 ], [ -86.846539, 36.162439 ], [ -86.846527, 36.162251 ], [ -86.846527, 36.162241 ], [ -86.846527, 36.162159 ], [ -86.846506, 36.161938 ], [ -86.846502, 36.161894 ], [ -86.846478, 36.161628 ], [ -86.846459, 36.161277 ], [ -86.846453, 36.161151 ], [ -86.846461, 36.161057 ], [ -86.846183, 36.161055 ], [ -86.845965, 36.161055 ], [ -86.84535, 36.161059 ], [ -86.845237, 36.16106 ], [ -86.845187, 36.160904 ], [ -86.8452, 36.160829 ], [ -86.845193, 36.160719 ], [ -86.845183, 36.160539 ], [ -86.845158, 36.160259 ], [ -86.845149, 36.160164 ], [ -86.845133, 36.15998 ], [ -86.844177, 36.159984 ], [ -86.844084, 36.159985 ], [ -86.842737, 36.160026 ], [ -86.841358, 36.160076 ], [ -86.841311, 36.160078 ], [ -86.840934, 36.160098 ], [ -86.840357, 36.160114 ], [ -86.840397, 36.160288 ], [ -86.840413, 36.160352 ], [ -86.840422, 36.160461 ], [ -86.840392, 36.160652 ], [ -86.840361, 36.160817 ], [ -86.840329, 36.160994 ], [ -86.840268, 36.160915 ], [ -86.840085, 36.160681 ], [ -86.840024, 36.160603 ], [ -86.839795, 36.160311 ], [ -86.839479, 36.15991 ], [ -86.839171, 36.159497 ], [ -86.839127, 36.159424 ], [ -86.838938, 36.159107 ], [ -86.838931, 36.159091 ], [ -86.838911, 36.159043 ], [ -86.838905, 36.159027 ], [ -86.838817, 36.158808 ], [ -86.838803, 36.158772 ], [ -86.838714, 36.158466 ], [ -86.838699, 36.158347 ], [ -86.838676, 36.15812 ], [ -86.838654, 36.157886 ], [ -86.838635, 36.15758 ], [ -86.838619, 36.157469 ], [ -86.838597, 36.157292 ], [ -86.83856, 36.157117 ], [ -86.838509, 36.156944 ], [ -86.838446, 36.156774 ], [ -86.838369, 36.156608 ], [ -86.838245, 36.15639 ], [ -86.837846, 36.15578 ], [ -86.837748, 36.155655 ], [ -86.837446, 36.155249 ], [ -86.837396, 36.155176 ], [ -86.837246, 36.154959 ], [ -86.837196, 36.154887 ], [ -86.837092, 36.154733 ], [ -86.836793, 36.154286 ], [ -86.836783, 36.154272 ], [ -86.836678, 36.154121 ], [ -86.836657, 36.154091 ], [ -86.836597, 36.154001 ], [ -86.836577, 36.153972 ], [ -86.836549, 36.153922 ], [ -86.836465, 36.153774 ], [ -86.836438, 36.153726 ], [ -86.83626, 36.153464 ], [ -86.835829, 36.152826 ], [ -86.835723, 36.152684 ], [ -86.835534, 36.152431 ], [ -86.835399, 36.152437 ], [ -86.835309, 36.152442 ], [ -86.834996, 36.152448 ], [ -86.834862, 36.152451 ], [ -86.834663, 36.152457 ], [ -86.834067, 36.152479 ], [ -86.833869, 36.152486 ], [ -86.83375, 36.152489 ], [ -86.833396, 36.152502 ], [ -86.833278, 36.152507 ], [ -86.833125, 36.152511 ], [ -86.832667, 36.152525 ], [ -86.832515, 36.15253 ], [ -86.832502, 36.152313 ], [ -86.832499, 36.152248 ], [ -86.832483, 36.151967 ], [ -86.832469, 36.151706 ], [ -86.832466, 36.151662 ], [ -86.832455, 36.151445 ], [ -86.832442, 36.151237 ], [ -86.832439, 36.151182 ], [ -86.832423, 36.150918 ], [ -86.830907, 36.150985 ], [ -86.83092, 36.151246 ], [ -86.830922, 36.151298 ], [ -86.830932, 36.151507 ], [ -86.830492, 36.151539 ], [ -86.830377, 36.151544 ], [ -86.829356, 36.151595 ], [ -86.828715, 36.151658 ], [ -86.828163, 36.151713 ], [ -86.828154, 36.151486 ], [ -86.828152, 36.151416 ], [ -86.82814, 36.151118 ], [ -86.828127, 36.150848 ], [ -86.828124, 36.150805 ], [ -86.828114, 36.150579 ], [ -86.827939, 36.150594 ], [ -86.827878, 36.150592 ], [ -86.827498, 36.150584 ], [ -86.827169, 36.15061 ], [ -86.827092, 36.150617 ], [ -86.826933, 36.150622 ], [ -86.826914, 36.150427 ], [ -86.826894, 36.150205 ], [ -86.826877, 36.149842 ], [ -86.826869, 36.149647 ], [ -86.82637, 36.149638 ], [ -86.826273, 36.14964 ], [ -86.826248, 36.149641 ], [ -86.826269, 36.149869 ], [ -86.826267, 36.149975 ], [ -86.82628, 36.150092 ], [ -86.82627, 36.150168 ], [ -86.826289, 36.150625 ], [ -86.826048, 36.150641 ], [ -86.8259, 36.150652 ], [ -86.825828, 36.150654 ], [ -86.825866, 36.150865 ], [ -86.825877, 36.150922 ], [ -86.825926, 36.15119 ], [ -86.825931, 36.151325 ], [ -86.825931, 36.151504 ], [ -86.825931, 36.151719 ], [ -86.825943, 36.15193 ], [ -86.825946, 36.151975 ], [ -86.825961, 36.152231 ], [ -86.825973, 36.152566 ], [ -86.825975, 36.1526 ], [ -86.825974, 36.152779 ], [ -86.825616, 36.152786 ], [ -86.824544, 36.152811 ], [ -86.824187, 36.15282 ], [ -86.824056, 36.152829 ], [ -86.823663, 36.152857 ], [ -86.823533, 36.152867 ], [ -86.823131, 36.152917 ], [ -86.823083, 36.152925 ], [ -86.822821, 36.152966 ], [ -86.822762, 36.152985 ], [ -86.82263, 36.153029 ], [ -86.822586, 36.153033 ], [ -86.822525, 36.153039 ], [ -86.822196, 36.153109 ], [ -86.821212, 36.153322 ], [ -86.820884, 36.153393 ], [ -86.820859, 36.153397 ], [ -86.820784, 36.153413 ], [ -86.82076, 36.153419 ], [ -86.820252, 36.153526 ], [ -86.818728, 36.153851 ], [ -86.818221, 36.15396 ], [ -86.818187, 36.153923 ], [ -86.818154, 36.153877 ], [ -86.818147, 36.153862 ], [ -86.818141, 36.153849 ], [ -86.818136, 36.15383 ], [ -86.818088, 36.153498 ], [ -86.818071, 36.153376 ], [ -86.81846, 36.15251 ], [ -86.818612, 36.152281 ], [ -86.81877, 36.152071 ], [ -86.818959, 36.151842 ], [ -86.819069, 36.151706 ], [ -86.819103, 36.151654 ], [ -86.819126, 36.15161 ], [ -86.819147, 36.151564 ], [ -86.819177, 36.151474 ], [ -86.819191, 36.151381 ], [ -86.819197, 36.151288 ], [ -86.819191, 36.15123 ], [ -86.819165, 36.151116 ], [ -86.819116, 36.151005 ], [ -86.819053, 36.150905 ], [ -86.818983, 36.150819 ], [ -86.818896, 36.150742 ], [ -86.818823, 36.150675 ], [ -86.818793, 36.150651 ], [ -86.818771, 36.150633 ], [ -86.818748, 36.150613 ], [ -86.818718, 36.150589 ], [ -86.818589, 36.150472 ], [ -86.818406, 36.150317 ], [ -86.817907, 36.149896 ], [ -86.817474, 36.149534 ], [ -86.817086, 36.149272 ], [ -86.816818, 36.149117 ], [ -86.816505, 36.148891 ], [ -86.816264, 36.148527 ], [ -86.816277, 36.148269 ], [ -86.81629, 36.148011 ], [ -86.815924, 36.148181 ], [ -86.815441, 36.147514 ], [ -86.815012, 36.146967 ], [ -86.814864, 36.14678 ], [ -86.814831, 36.146739 ], [ -86.814715, 36.146594 ], [ -86.814568, 36.146396 ], [ -86.81442, 36.146199 ], [ -86.814304, 36.146047 ], [ -86.814274, 36.146008 ], [ -86.814128, 36.145817 ], [ -86.814007, 36.145662 ], [ -86.813644, 36.145197 ], [ -86.813523, 36.145043 ], [ -86.813451, 36.144946 ], [ -86.813262, 36.144693 ], [ -86.813229, 36.144663 ], [ -86.813141, 36.144583 ], [ -86.812984, 36.144678 ], [ -86.812517, 36.144963 ], [ -86.812361, 36.145059 ], [ -86.812274, 36.145102 ], [ -86.812014, 36.145232 ], [ -86.811928, 36.145276 ], [ -86.811832, 36.14532 ], [ -86.811545, 36.145454 ], [ -86.81145, 36.145499 ], [ -86.809791, 36.146271 ], [ -86.808635, 36.146848 ], [ -86.808487, 36.147442 ], [ -86.808712, 36.147726 ], [ -86.808737, 36.147758 ], [ -86.808936, 36.14801 ], [ -86.80907, 36.14818 ], [ -86.809203, 36.148349 ], [ -86.80947, 36.148687 ], [ -86.809486, 36.148708 ], [ -86.809736, 36.149025 ], [ -86.80991, 36.149282 ], [ -86.810085, 36.149539 ], [ -86.810319, 36.149883 ], [ -86.810553, 36.150227 ], [ -86.810652, 36.15035 ], [ -86.81075, 36.150474 ], [ -86.810977, 36.150757 ], [ -86.811204, 36.15104 ], [ -86.811386, 36.151345 ], [ -86.811474, 36.151493 ], [ -86.811995, 36.152365 ], [ -86.812027, 36.152418 ], [ -86.812286, 36.152852 ], [ -86.81234, 36.152942 ], [ -86.812277, 36.153361 ], [ -86.812268, 36.153436 ], [ -86.81225, 36.153577 ], [ -86.812242, 36.15389 ], [ -86.812282, 36.154018 ], [ -86.812376, 36.15415 ], [ -86.812405, 36.154241 ], [ -86.812315, 36.154401 ], [ -86.812208, 36.154565 ], [ -86.812107, 36.15483 ], [ -86.812097, 36.154936 ], [ -86.812091, 36.155 ], [ -86.812069, 36.15522 ], [ -86.812063, 36.155294 ], [ -86.811711, 36.155363 ], [ -86.811474, 36.155411 ], [ -86.810975, 36.155511 ], [ -86.810655, 36.155574 ], [ -86.810304, 36.155644 ], [ -86.810191, 36.155664 ], [ -86.809855, 36.155728 ], [ -86.809744, 36.155749 ], [ -86.80958, 36.15553 ], [ -86.809401, 36.155289 ], [ -86.809091, 36.154873 ], [ -86.808929, 36.154654 ], [ -86.808575, 36.154184 ], [ -86.808215, 36.153707 ], [ -86.807822, 36.153889 ], [ -86.807774, 36.153911 ], [ -86.80743, 36.154071 ], [ -86.807022, 36.154271 ], [ -86.806615, 36.154471 ], [ -86.806463, 36.154545 ], [ -86.806322, 36.154616 ], [ -86.806029, 36.154762 ], [ -86.805794, 36.154877 ], [ -86.805591, 36.154978 ], [ -86.805441, 36.155048 ], [ -86.805149, 36.155193 ], [ -86.80509, 36.155222 ], [ -86.804857, 36.155339 ], [ -86.804618, 36.155439 ], [ -86.804554, 36.155467 ], [ -86.804251, 36.155595 ], [ -86.803964, 36.155736 ], [ -86.80391, 36.155762 ], [ -86.803678, 36.155878 ], [ -86.803533, 36.155949 ], [ -86.803099, 36.156164 ], [ -86.802955, 36.156236 ], [ -86.802816, 36.156049 ], [ -86.802615, 36.15578 ], [ -86.802399, 36.15549 ], [ -86.80226, 36.155304 ], [ -86.802119, 36.155113 ], [ -86.801696, 36.154543 ], [ -86.801555, 36.154353 ], [ -86.801483, 36.154256 ], [ -86.801375, 36.154108 ], [ -86.801265, 36.153968 ], [ -86.801191, 36.153874 ], [ -86.800835, 36.153399 ], [ -86.800683, 36.153194 ], [ -86.800643, 36.15314 ], [ -86.80045, 36.152882 ], [ -86.800263, 36.15263 ], [ -86.800227, 36.152582 ], [ -86.800076, 36.152379 ], [ -86.799926, 36.152177 ], [ -86.799905, 36.152148 ], [ -86.799734, 36.151916 ], [ -86.80151, 36.151048 ], [ -86.80161, 36.150992 ], [ -86.80142, 36.150741 ], [ -86.801377, 36.150684 ], [ -86.801229, 36.15049 ], [ -86.801078, 36.150299 ], [ -86.801023, 36.150228 ], [ -86.800817, 36.149967 ], [ -86.800648, 36.149751 ], [ -86.800628, 36.149726 ], [ -86.800479, 36.149535 ], [ -86.800288, 36.149277 ], [ -86.799714, 36.148503 ], [ -86.799524, 36.148245 ], [ -86.799412, 36.148106 ], [ -86.799299, 36.147967 ], [ -86.799248, 36.148316 ], [ -86.799226, 36.148427 ], [ -86.799205, 36.14847 ], [ -86.799176, 36.148541 ], [ -86.799127, 36.148657 ], [ -86.798888, 36.148661 ], [ -86.798174, 36.148677 ], [ -86.797936, 36.148683 ], [ -86.797943, 36.148622 ], [ -86.79794, 36.148607 ], [ -86.79796, 36.148478 ], [ -86.797968, 36.148403 ], [ -86.797977, 36.148334 ], [ -86.798014, 36.148128 ], [ -86.798026, 36.148064 ], [ -86.798074, 36.147794 ], [ -86.797968, 36.147781 ], [ -86.79679, 36.147674 ], [ -86.796448, 36.14764 ], [ -86.796176, 36.147643 ], [ -86.796203, 36.147504 ], [ -86.796234, 36.147319 ], [ -86.79627, 36.147121 ], [ -86.796014, 36.147096 ], [ -86.795657, 36.147062 ], [ -86.795648, 36.147111 ], [ -86.795344, 36.147057 ], [ -86.795291, 36.147047 ], [ -86.795039, 36.147002 ], [ -86.794789, 36.146976 ], [ -86.794733, 36.146971 ], [ -86.794426, 36.14694 ], [ -86.794109, 36.146907 ], [ -86.794041, 36.146899 ], [ -86.793792, 36.146874 ], [ -86.793538, 36.146849 ], [ -86.79348, 36.146844 ], [ -86.793169, 36.146813 ], [ -86.792848, 36.146782 ], [ -86.792779, 36.146775 ], [ -86.792526, 36.14675 ], [ -86.792287, 36.146726 ], [ -86.792222, 36.14672 ], [ -86.791918, 36.146689 ], [ -86.791625, 36.146659 ], [ -86.79157, 36.146653 ], [ -86.791332, 36.146629 ], [ -86.791332, 36.146496 ], [ -86.79139, 36.146164 ], [ -86.791635, 36.144776 ], [ -86.791718, 36.144314 ], [ -86.791745, 36.144101 ], [ -86.791754, 36.144032 ], [ -86.79179, 36.14375 ], [ -86.791825, 36.143501 ], [ -86.79183, 36.143464 ], [ -86.79186, 36.143252 ], [ -86.791907, 36.143153 ], [ -86.791988, 36.14273 ], [ -86.792293, 36.14114 ], [ -86.792395, 36.14061 ], [ -86.79248, 36.140137 ], [ -86.792564, 36.139714 ], [ -86.793098, 36.137033 ], [ -86.793277, 36.13614 ], [ -86.793017, 36.136114 ], [ -86.792972, 36.13611 ], [ -86.792668, 36.13608 ], [ -86.792433, 36.136056 ], [ -86.792241, 36.136032 ], [ -86.791983, 36.136001 ], [ -86.791737, 36.135979 ], [ -86.791675, 36.135974 ], [ -86.791367, 36.135946 ], [ -86.791193, 36.135946 ], [ -86.791019, 36.135954 ], [ -86.790998, 36.135956 ], [ -86.790753, 36.135985 ], [ -86.790541, 36.13602 ], [ -86.790107, 36.136092 ], [ -86.789952, 36.136119 ], [ -86.789908, 36.136125 ], [ -86.789894, 36.136127 ], [ -86.789814, 36.136137 ], [ -86.789692, 36.136153 ], [ -86.789488, 36.136168 ], [ -86.789428, 36.136173 ], [ -86.789164, 36.136181 ], [ -86.788874, 36.136183 ], [ -86.788671, 36.136169 ], [ -86.78877, 36.135917 ], [ -86.788884, 36.135629 ], [ -86.788932, 36.135464 ], [ -86.788962, 36.1353 ], [ -86.788978, 36.135139 ], [ -86.788973, 36.134952 ], [ -86.78897, 36.13487 ], [ -86.788955, 36.134791 ], [ -86.78891, 36.134556 ], [ -86.788895, 36.134478 ], [ -86.788888, 36.134357 ], [ -86.788867, 36.133994 ], [ -86.788861, 36.133874 ], [ -86.788847, 36.133756 ], [ -86.788808, 36.133402 ], [ -86.788795, 36.133284 ], [ -86.788783, 36.133188 ], [ -86.788748, 36.132902 ], [ -86.788737, 36.132807 ], [ -86.788731, 36.132605 ], [ -86.78873, 36.13256 ], [ -86.788723, 36.132314 ], [ -86.788719, 36.132143 ], [ -86.788731, 36.132 ], [ -86.788749, 36.131799 ], [ -86.788754, 36.131602 ], [ -86.788756, 36.131556 ], [ -86.788762, 36.131314 ], [ -86.788768, 36.131066 ], [ -86.788769, 36.131014 ], [ -86.788774, 36.130818 ], [ -86.788783, 36.130733 ], [ -86.788813, 36.130477 ], [ -86.788823, 36.130393 ], [ -86.788836, 36.130286 ], [ -86.788849, 36.130153 ], [ -86.788867, 36.129971 ], [ -86.788897, 36.129656 ], [ -86.788717, 36.129632 ], [ -86.788323, 36.129606 ], [ -86.787475, 36.12953 ], [ -86.787486, 36.129351 ], [ -86.787492, 36.129274 ], [ -86.787508, 36.129018 ], [ -86.787206, 36.129 ], [ -86.787162, 36.128998 ], [ -86.786817, 36.128977 ], [ -86.786413, 36.128914 ], [ -86.786307, 36.128897 ], [ -86.786009, 36.128852 ], [ -86.786045, 36.128658 ], [ -86.786053, 36.128616 ], [ -86.786096, 36.12838 ], [ -86.78613, 36.128129 ], [ -86.786137, 36.128073 ], [ -86.786165, 36.127878 ], [ -86.785549, 36.127818 ], [ -86.783701, 36.127639 ], [ -86.783086, 36.12758 ], [ -86.782798, 36.127572 ], [ -86.78252, 36.127565 ], [ -86.782435, 36.127576 ], [ -86.781948, 36.127683 ], [ -86.781668, 36.127746 ], [ -86.781619, 36.127781 ], [ -86.781605, 36.127782 ], [ -86.781386, 36.127812 ], [ -86.781314, 36.127823 ], [ -86.781274, 36.127829 ], [ -86.781076, 36.127873 ], [ -86.780907, 36.127914 ], [ -86.780866, 36.127925 ], [ -86.780073, 36.128102 ], [ -86.779686, 36.128187 ], [ -86.77928, 36.128278 ], [ -86.779197, 36.128297 ], [ -86.779114, 36.128316 ], [ -86.779055, 36.128328 ], [ -86.778948, 36.128351 ], [ -86.778775, 36.128381 ], [ -86.77862, 36.128421 ], [ -86.778381, 36.128474 ], [ -86.778249, 36.128505 ], [ -86.778158, 36.128528 ], [ -86.778103, 36.128541 ], [ -86.777942, 36.128581 ], [ -86.777888, 36.128595 ], [ -86.777628, 36.128653 ], [ -86.777568, 36.128667 ], [ -86.777254, 36.128761 ], [ -86.776956, 36.128801 ], [ -86.776849, 36.128825 ], [ -86.77659, 36.128885 ], [ -86.776327, 36.128939 ], [ -86.776187, 36.128968 ], [ -86.775944, 36.129032 ], [ -86.775613, 36.129107 ], [ -86.775544, 36.129122 ], [ -86.775283, 36.129182 ], [ -86.77521, 36.128959 ], [ -86.775036, 36.128429 ], [ -86.77499, 36.128293 ], [ -86.774916, 36.128072 ], [ -86.774862, 36.127794 ], [ -86.774763, 36.127273 ], [ -86.774708, 36.126961 ], [ -86.774696, 36.126889 ], [ -86.774667, 36.126682 ], [ -86.774591, 36.126674 ], [ -86.774434, 36.12666 ], [ -86.774363, 36.126657 ], [ -86.774288, 36.126655 ], [ -86.773867, 36.126651 ], [ -86.773468, 36.126613 ], [ -86.772939, 36.126546 ], [ -86.772708, 36.126516 ], [ -86.772693, 36.126339 ], [ -86.772723, 36.125908 ], [ -86.772745, 36.125772 ], [ -86.77277, 36.125498 ], [ -86.772824, 36.125171 ], [ -86.772878, 36.124899 ], [ -86.772949, 36.124581 ], [ -86.773105, 36.123697 ], [ -86.773273, 36.122706 ], [ -86.773327, 36.122376 ], [ -86.773351, 36.122281 ], [ -86.773369, 36.122206 ], [ -86.773439, 36.121456 ], [ -86.773455, 36.121289 ], [ -86.773499, 36.121064 ], [ -86.773531, 36.121063 ], [ -86.773629, 36.121061 ], [ -86.773662, 36.121061 ], [ -86.77405, 36.120938 ], [ -86.774412, 36.120705 ], [ -86.775013, 36.120089 ], [ -86.775101, 36.120345 ], [ -86.775367, 36.121113 ], [ -86.775456, 36.12137 ], [ -86.77552, 36.12136 ], [ -86.775712, 36.121332 ], [ -86.775777, 36.121324 ], [ -86.776088, 36.12128 ], [ -86.776474, 36.121224 ], [ -86.778564, 36.120926 ], [ -86.779262, 36.120827 ], [ -86.779624, 36.120771 ], [ -86.779987, 36.120717 ], [ -86.780348, 36.120654 ], [ -86.780683, 36.120604 ], [ -86.780711, 36.1206 ], [ -86.78096, 36.120569 ], [ -86.781074, 36.120549 ], [ -86.78134, 36.120503 ], [ -86.781794, 36.120437 ], [ -86.782822, 36.120291 ], [ -86.783958, 36.120113 ], [ -86.784679, 36.120001 ], [ -86.784923, 36.11997 ], [ -86.785656, 36.119878 ], [ -86.785901, 36.119848 ], [ -86.786175, 36.119813 ], [ -86.786812, 36.119735 ], [ -86.787002, 36.119736 ], [ -86.787279, 36.119738 ], [ -86.788087, 36.120257 ], [ -86.788269, 36.120359 ], [ -86.788425, 36.120428 ], [ -86.788615, 36.120501 ], [ -86.788802, 36.120526 ], [ -86.788937, 36.120539 ], [ -86.790191, 36.120656 ], [ -86.79062, 36.120722 ], [ -86.790579, 36.120841 ], [ -86.790532, 36.121026 ], [ -86.790486, 36.12121 ], [ -86.790426, 36.121451 ], [ -86.790367, 36.121693 ], [ -86.790314, 36.121862 ], [ -86.790289, 36.121944 ], [ -86.790211, 36.122196 ], [ -86.790152, 36.122368 ], [ -86.790095, 36.122536 ], [ -86.790095, 36.122568 ], [ -86.790095, 36.122666 ], [ -86.790096, 36.122699 ], [ -86.790049, 36.12289 ], [ -86.790038, 36.122936 ], [ -86.789979, 36.123172 ], [ -86.789918, 36.123414 ], [ -86.789905, 36.123464 ], [ -86.789856, 36.123655 ], [ -86.789841, 36.12373 ], [ -86.789825, 36.12381 ], [ -86.789812, 36.123877 ], [ -86.789771, 36.124024 ], [ -86.789728, 36.124175 ], [ -86.789714, 36.124233 ], [ -86.789634, 36.124537 ], [ -86.789627, 36.124565 ], [ -86.789592, 36.124726 ], [ -86.789569, 36.124824 ], [ -86.789511, 36.125084 ], [ -86.789502, 36.125118 ], [ -86.789477, 36.125216 ], [ -86.789441, 36.125328 ], [ -86.789422, 36.125392 ], [ -86.789369, 36.125674 ], [ -86.789367, 36.125685 ], [ -86.789329, 36.125785 ], [ -86.78931, 36.125909 ], [ -86.789288, 36.126065 ], [ -86.789274, 36.126286 ], [ -86.789267, 36.126413 ], [ -86.789701, 36.12646 ], [ -86.789732, 36.126463 ], [ -86.790135, 36.126508 ], [ -86.790864, 36.126584 ], [ -86.791127, 36.126611 ], [ -86.791593, 36.12666 ], [ -86.79208, 36.126713 ], [ -86.792425, 36.126752 ], [ -86.793256, 36.126845 ], [ -86.793545, 36.126824 ], [ -86.793646, 36.126817 ], [ -86.794035, 36.126789 ], [ -86.794084, 36.126931 ], [ -86.794231, 36.127358 ], [ -86.79428, 36.127501 ], [ -86.794412, 36.127789 ], [ -86.795156, 36.128832 ], [ -86.795271, 36.128993 ], [ -86.795444, 36.129333 ], [ -86.795589, 36.129619 ], [ -86.795618, 36.130096 ], [ -86.795602, 36.13026 ], [ -86.795556, 36.130756 ], [ -86.795541, 36.130921 ], [ -86.795533, 36.131107 ], [ -86.79551, 36.131667 ], [ -86.795503, 36.131854 ], [ -86.795456, 36.132436 ], [ -86.795486, 36.132523 ], [ -86.795577, 36.132703 ], [ -86.795624, 36.132782 ], [ -86.795833, 36.132872 ], [ -86.79593, 36.132887 ], [ -86.796006, 36.132889 ], [ -86.796083, 36.132891 ], [ -86.796364, 36.13292 ], [ -86.796644, 36.13295 ], [ -86.79641, 36.134277 ], [ -86.79627, 36.135193 ], [ -86.796656, 36.135234 ], [ -86.797041, 36.135275 ], [ -86.797174, 36.135546 ], [ -86.797642, 36.135372 ], [ -86.798351, 36.135108 ], [ -86.798634, 36.13501 ], [ -86.798868, 36.134929 ], [ -86.799572, 36.134685 ], [ -86.799807, 36.134605 ], [ -86.80004, 36.134532 ], [ -86.800209, 36.134478 ], [ -86.800274, 36.134458 ], [ -86.800507, 36.134227 ], [ -86.800662, 36.134121 ], [ -86.800752, 36.134042 ], [ -86.800819, 36.133988 ], [ -86.800876, 36.133931 ], [ -86.800952, 36.133865 ], [ -86.801041, 36.133756 ], [ -86.801143, 36.133581 ], [ -86.801182, 36.133512 ], [ -86.801236, 36.133357 ], [ -86.801258, 36.133248 ], [ -86.80133, 36.133255 ], [ -86.801355, 36.132952 ], [ -86.801431, 36.132042 ], [ -86.801457, 36.13174 ], [ -86.801507, 36.131304 ], [ -86.802027, 36.130321 ], [ -86.802089, 36.130197 ], [ -86.802536, 36.129377 ], [ -86.802636, 36.129217 ], [ -86.803081, 36.128411 ], [ -86.803243, 36.128109 ], [ -86.80331, 36.127993 ], [ -86.803513, 36.127644 ], [ -86.803581, 36.127529 ], [ -86.803666, 36.127429 ], [ -86.803923, 36.127132 ], [ -86.804009, 36.127033 ], [ -86.804122, 36.126907 ], [ -86.804463, 36.126531 ], [ -86.804577, 36.126406 ], [ -86.804671, 36.1263 ], [ -86.804956, 36.125981 ], [ -86.805051, 36.125876 ], [ -86.805344, 36.125605 ], [ -86.80561, 36.125315 ], [ -86.805859, 36.124974 ], [ -86.805877, 36.12495 ], [ -86.805998, 36.124786 ], [ -86.806172, 36.124504 ], [ -86.806335, 36.12424 ], [ -86.806585, 36.123655 ], [ -86.806602, 36.123606 ], [ -86.806702, 36.123325 ], [ -86.806739, 36.123216 ], [ -86.806492, 36.123118 ], [ -86.805362, 36.122671 ], [ -86.804461, 36.122159 ], [ -86.80428, 36.122029 ], [ -86.804081, 36.121886 ], [ -86.803486, 36.121309 ], [ -86.802502, 36.120354 ], [ -86.801863, 36.119611 ], [ -86.801296, 36.118953 ], [ -86.800897, 36.118488 ], [ -86.800594, 36.118142 ], [ -86.800184, 36.117701 ], [ -86.799948, 36.117446 ], [ -86.799322, 36.116964 ], [ -86.798736, 36.116648 ], [ -86.798623, 36.116587 ], [ -86.798346, 36.116471 ], [ -86.798196, 36.116386 ], [ -86.797813, 36.116297 ], [ -86.797703, 36.116276 ], [ -86.797605, 36.116258 ], [ -86.79727, 36.116205 ], [ -86.797035, 36.116161 ], [ -86.796774, 36.116131 ], [ -86.79646, 36.116116 ], [ -86.796203, 36.116117 ], [ -86.796047, 36.116118 ], [ -86.795783, 36.116124 ], [ -86.795699, 36.116127 ], [ -86.7949, 36.116157 ], [ -86.794766, 36.116163 ], [ -86.794381, 36.116193 ], [ -86.793829, 36.11621 ], [ -86.793428, 36.11624 ], [ -86.792999, 36.116261 ], [ -86.792575, 36.116291 ], [ -86.792507, 36.116292 ], [ -86.791932, 36.116305 ], [ -86.79171, 36.116334 ], [ -86.791697, 36.116335 ], [ -86.790553, 36.116303 ], [ -86.788521, 36.116232 ], [ -86.788445, 36.11623 ], [ -86.788431, 36.116229 ], [ -86.787545, 36.116205 ], [ -86.786918, 36.116187 ], [ -86.786904, 36.116144 ], [ -86.786862, 36.116015 ], [ -86.786848, 36.115973 ], [ -86.786164, 36.115944 ], [ -86.78565, 36.115923 ], [ -86.784453, 36.115874 ], [ -86.784113, 36.115859 ], [ -86.783942, 36.115852 ], [ -86.78343, 36.115831 ], [ -86.783041, 36.115816 ], [ -86.781877, 36.115772 ], [ -86.781489, 36.115758 ], [ -86.78016, 36.115726 ], [ -86.776489, 36.115639 ], [ -86.776176, 36.115633 ], [ -86.776053, 36.115632 ], [ -86.775708, 36.115644 ], [ -86.775387, 36.115662 ], [ -86.774851, 36.115706 ], [ -86.774636, 36.115723 ], [ -86.774612, 36.115725 ], [ -86.774284, 36.115763 ], [ -86.773997, 36.115806 ], [ -86.773785, 36.115839 ], [ -86.773741, 36.115845 ], [ -86.77362, 36.115865 ], [ -86.773566, 36.115875 ], [ -86.773538, 36.115877 ], [ -86.77351, 36.115881 ], [ -86.773454, 36.115889 ], [ -86.773427, 36.115894 ], [ -86.773393, 36.115899 ], [ -86.773292, 36.115913 ], [ -86.773259, 36.115919 ], [ -86.773244, 36.115859 ], [ -86.773199, 36.115679 ], [ -86.773185, 36.11562 ], [ -86.773069, 36.115151 ], [ -86.773011, 36.114953 ], [ -86.772992, 36.114901 ], [ -86.772966, 36.114828 ], [ -86.772929, 36.114671 ], [ -86.772775, 36.114226 ], [ -86.772384, 36.113246 ], [ -86.772171, 36.112831 ], [ -86.772025, 36.112589 ], [ -86.771894, 36.112399 ], [ -86.771777, 36.112199 ], [ -86.77165, 36.111982 ], [ -86.771213, 36.111332 ], [ -86.771115, 36.111186 ], [ -86.771069, 36.111118 ], [ -86.771345, 36.110902 ], [ -86.771394, 36.110864 ], [ -86.771555, 36.110739 ], [ -86.771789, 36.11058 ], [ -86.772033, 36.110467 ], [ -86.772234, 36.110409 ], [ -86.772542, 36.110345 ], [ -86.772665, 36.110321 ], [ -86.773289, 36.110297 ], [ -86.773311, 36.110295 ], [ -86.773377, 36.110291 ], [ -86.7734, 36.11029 ], [ -86.77379, 36.110264 ], [ -86.774559, 36.110214 ], [ -86.77496, 36.110179 ], [ -86.775065, 36.11017 ], [ -86.775351, 36.11015 ], [ -86.775448, 36.110143 ], [ -86.775741, 36.110124 ], [ -86.775839, 36.110119 ], [ -86.776264, 36.110092 ], [ -86.776762, 36.110075 ], [ -86.777251, 36.110042 ], [ -86.777794, 36.109989 ], [ -86.77878, 36.109945 ], [ -86.779148, 36.109948 ], [ -86.779318, 36.109894 ], [ -86.779499, 36.109897 ], [ -86.78015, 36.109976 ], [ -86.780522, 36.110041 ], [ -86.780974, 36.110114 ], [ -86.781596, 36.110196 ], [ -86.781607, 36.110167 ], [ -86.781634, 36.110146 ], [ -86.781675, 36.110124 ], [ -86.781743, 36.110102 ], [ -86.781831, 36.110091 ], [ -86.781939, 36.110085 ], [ -86.782, 36.110063 ], [ -86.782108, 36.110041 ], [ -86.782251, 36.109942 ], [ -86.782346, 36.109884 ], [ -86.782684, 36.109745 ], [ -86.78307, 36.109547 ], [ -86.783267, 36.109464 ], [ -86.783463, 36.109371 ], [ -86.783883, 36.109129 ], [ -86.783958, 36.109052 ], [ -86.784148, 36.108899 ], [ -86.784439, 36.108679 ], [ -86.784518, 36.108634 ], [ -86.784588, 36.108596 ], [ -86.784812, 36.108465 ], [ -86.784886, 36.108366 ], [ -86.784994, 36.108278 ], [ -86.78513, 36.108206 ], [ -86.785211, 36.108179 ], [ -86.785203, 36.108134 ], [ -86.785196, 36.108061 ], [ -86.785163, 36.107708 ], [ -86.785152, 36.107591 ], [ -86.785448, 36.107568 ], [ -86.785562, 36.10757 ], [ -86.785892, 36.107578 ], [ -86.786124, 36.10757 ], [ -86.786204, 36.10752 ], [ -86.786335, 36.107398 ], [ -86.786616, 36.107112 ], [ -86.786734, 36.106994 ], [ -86.786909, 36.106823 ], [ -86.786977, 36.106613 ], [ -86.786997, 36.106555 ], [ -86.787021, 36.106438 ], [ -86.787019, 36.106276 ], [ -86.786977, 36.106149 ], [ -86.786915, 36.106009 ], [ -86.786906, 36.105978 ], [ -86.786884, 36.1059 ], [ -86.786916, 36.105722 ], [ -86.787444, 36.105782 ], [ -86.787698, 36.105813 ], [ -86.787925, 36.105841 ], [ -86.788005, 36.105849 ], [ -86.788445, 36.105899 ], [ -86.788541, 36.10591 ], [ -86.788695, 36.105925 ], [ -86.788776, 36.105933 ], [ -86.789021, 36.105957 ], [ -86.789103, 36.105966 ], [ -86.789264, 36.105516 ], [ -86.789279, 36.105476 ], [ -86.78977, 36.104175 ], [ -86.789864, 36.103929 ], [ -86.789901, 36.103832 ], [ -86.789946, 36.103731 ], [ -86.790116, 36.103257 ], [ -86.790283, 36.102793 ], [ -86.790328, 36.102668 ], [ -86.7904, 36.102494 ], [ -86.790534, 36.102114 ], [ -86.790638, 36.101895 ], [ -86.790668, 36.101695 ], [ -86.790686, 36.101599 ], [ -86.790777, 36.101134 ], [ -86.790815, 36.100895 ], [ -86.790834, 36.100712 ], [ -86.790866, 36.100414 ], [ -86.790844, 36.10007 ], [ -86.790802, 36.099396 ], [ -86.79078, 36.099039 ], [ -86.790759, 36.098696 ], [ -86.790737, 36.098514 ], [ -86.790698, 36.098174 ], [ -86.790678, 36.097967 ], [ -86.79063, 36.097791 ], [ -86.790624, 36.097712 ], [ -86.790616, 36.097613 ], [ -86.790574, 36.097082 ], [ -86.790561, 36.096905 ], [ -86.790541, 36.09679 ], [ -86.790484, 36.096446 ], [ -86.790465, 36.096332 ], [ -86.79048, 36.096211 ], [ -86.790437, 36.095808 ], [ -86.79038, 36.095266 ], [ -86.790339, 36.094964 ], [ -86.790321, 36.094776 ], [ -86.790297, 36.094235 ], [ -86.790297, 36.094221 ], [ -86.790298, 36.094095 ], [ -86.790334, 36.09371 ], [ -86.790336, 36.093557 ], [ -86.790337, 36.093541 ], [ -86.790353, 36.093354 ], [ -86.790391, 36.093039 ], [ -86.790412, 36.092872 ], [ -86.790434, 36.092738 ], [ -86.790467, 36.092469 ], [ -86.790561, 36.091718 ], [ -86.790622, 36.09126 ], [ -86.790676, 36.090858 ], [ -86.790722, 36.090349 ], [ -86.790748, 36.090072 ], [ -86.790829, 36.089474 ], [ -86.790887, 36.089103 ], [ -86.79092, 36.088829 ], [ -86.790964, 36.088466 ], [ -86.790999, 36.088326 ], [ -86.791958, 36.088405 ], [ -86.792032, 36.088411 ], [ -86.795129, 36.088687 ], [ -86.796162, 36.08878 ], [ -86.796619, 36.088818 ], [ -86.797125, 36.088861 ], [ -86.797669, 36.088908 ], [ -86.797992, 36.088937 ], [ -86.79845, 36.088979 ], [ -86.798537, 36.088986 ], [ -86.798799, 36.08901 ], [ -86.798887, 36.089018 ], [ -86.799697, 36.089084 ], [ -86.80061, 36.08916 ], [ -86.801356, 36.089227 ], [ -86.802127, 36.089297 ], [ -86.802538, 36.089332 ], [ -86.802939, 36.089357 ], [ -86.803557, 36.089414 ], [ -86.803924, 36.089447 ], [ -86.805414, 36.089586 ], [ -86.806033, 36.089644 ], [ -86.806429, 36.089681 ], [ -86.807619, 36.089792 ], [ -86.808016, 36.08983 ], [ -86.808402, 36.089865 ], [ -86.809544, 36.089971 ], [ -86.809561, 36.089972 ], [ -86.809948, 36.090003 ], [ -86.810302, 36.090033 ], [ -86.810495, 36.090052 ], [ -86.812138, 36.090217 ], [ -86.81229, 36.090233 ], [ -86.812683, 36.090294 ], [ -86.813122, 36.090305 ], [ -86.813625, 36.090351 ], [ -86.816211, 36.090588 ], [ -86.816447, 36.090611 ], [ -86.817388, 36.090704 ], [ -86.81766, 36.090727 ], [ -86.818476, 36.090797 ], [ -86.818748, 36.090821 ], [ -86.819002, 36.090837 ], [ -86.819298, 36.090856 ], [ -86.819574, 36.090866 ], [ -86.819764, 36.090878 ], [ -86.820019, 36.090894 ], [ -86.820505, 36.090891 ], [ -86.821964, 36.090884 ], [ -86.822451, 36.090882 ], [ -86.823031, 36.090885 ], [ -86.823326, 36.090887 ], [ -86.823755, 36.090895 ], [ -86.82414, 36.090917 ], [ -86.824526, 36.090946 ], [ -86.82477, 36.090969 ], [ -86.824879, 36.09098 ], [ -86.825346, 36.091045 ], [ -86.825972, 36.09116 ], [ -86.826338, 36.091228 ], [ -86.827029, 36.091311 ], [ -86.827736, 36.09133 ], [ -86.827871, 36.091335 ], [ -86.828508, 36.091363 ], [ -86.828698, 36.091368 ], [ -86.829271, 36.091385 ], [ -86.829462, 36.091391 ], [ -86.829578, 36.091394 ], [ -86.829929, 36.091404 ], [ -86.830046, 36.091408 ], [ -86.830172, 36.091413 ], [ -86.830344, 36.09142 ], [ -86.830578, 36.091429 ], [ -86.830747, 36.091436 ], [ -86.830861, 36.091441 ], [ -86.831034, 36.091449 ], [ -86.831275, 36.091459 ], [ -86.831721, 36.091477 ], [ -86.831883, 36.091487 ], [ -86.831999, 36.091495 ], [ -86.832217, 36.091493 ], [ -86.832226, 36.091503 ], [ -86.83224, 36.091517 ], [ -86.832924, 36.092458 ], [ -86.833046, 36.092641 ], [ -86.833098, 36.092778 ], [ -86.833089, 36.092943 ], [ -86.83303, 36.093061 ], [ -86.832924, 36.093219 ], [ -86.832895, 36.093305 ], [ -86.8328, 36.09371 ], [ -86.832771, 36.09389 ], [ -86.83277, 36.093971 ], [ -86.832994, 36.093988 ], [ -86.833474, 36.094039 ], [ -86.834044, 36.094102 ], [ -86.834436, 36.094146 ], [ -86.834729, 36.094181 ], [ -86.83499, 36.094191 ], [ -86.834511, 36.097641 ], [ -86.834455, 36.097998 ], [ -86.834436, 36.098297 ], [ -86.834003, 36.101707 ], [ -86.833974, 36.102379 ], [ -86.834004, 36.102381 ], [ -86.834098, 36.102388 ], [ -86.834129, 36.102391 ], [ -86.834241, 36.10317 ], [ -86.834269, 36.103368 ], [ -86.834353, 36.103948 ], [ -86.834649, 36.106007 ], [ -86.834656, 36.106251 ], [ -86.834658, 36.106302 ], [ -86.834675, 36.106584 ], [ -86.834671, 36.106758 ], [ -86.834685, 36.107289 ], [ -86.834681, 36.107396 ], [ -86.834681, 36.107424 ], [ -86.834685, 36.107829 ], [ -86.834698, 36.107964 ], [ -86.83469, 36.108186 ], [ -86.834691, 36.10825 ], [ -86.834709, 36.109074 ], [ -86.834707, 36.109108 ], [ -86.8347, 36.109271 ], [ -86.8347, 36.109395 ], [ -86.835036, 36.109421 ], [ -86.836044, 36.1095 ], [ -86.836381, 36.109527 ], [ -86.836585, 36.109543 ], [ -86.837199, 36.109591 ], [ -86.837404, 36.109608 ], [ -86.837395, 36.109668 ], [ -86.837381, 36.109897 ], [ -86.837299, 36.11057 ], [ -86.83727, 36.110773 ], [ -86.837229, 36.111064 ], [ -86.837185, 36.111425 ], [ -86.837148, 36.111735 ], [ -86.837038, 36.112508 ], [ -86.836988, 36.112869 ], [ -86.836963, 36.113058 ], [ -86.836888, 36.113628 ], [ -86.836866, 36.113798 ], [ -86.836863, 36.113818 ], [ -86.836859, 36.113854 ], [ -86.836856, 36.113867 ], [ -86.836831, 36.114016 ], [ -86.836823, 36.114066 ], [ -86.836807, 36.114186 ], [ -86.836762, 36.11455 ], [ -86.836747, 36.114671 ], [ -86.836729, 36.114808 ], [ -86.836694, 36.115093 ], [ -86.836673, 36.115221 ], [ -86.836651, 36.115358 ], [ -86.836624, 36.115588 ], [ -86.836604, 36.115767 ], [ -86.836579, 36.115932 ], [ -86.836559, 36.116063 ], [ -86.836545, 36.116169 ], [ -86.836495, 36.116508 ], [ -86.836958, 36.11655 ], [ -86.837173, 36.11657 ], [ -86.83785, 36.116631 ], [ -86.838332, 36.116675 ], [ -86.838349, 36.116676 ], [ -86.838813, 36.116719 ], [ -86.838971, 36.116733 ], [ -86.839095, 36.116744 ], [ -86.839445, 36.116789 ], [ -86.839603, 36.11681 ], [ -86.839939, 36.116916 ], [ -86.840146, 36.117014 ], [ -86.84034, 36.117135 ], [ -86.840519, 36.11727 ], [ -86.840661, 36.117412 ], [ -86.840736, 36.117493 ], [ -86.84075, 36.117585 ], [ -86.841346, 36.118153 ], [ -86.841602, 36.118437 ], [ -86.841673, 36.118513 ], [ -86.841889, 36.118743 ], [ -86.841962, 36.11882 ], [ -86.84199, 36.118852 ], [ -86.842077, 36.118951 ], [ -86.842106, 36.118984 ], [ -86.842172, 36.119059 ], [ -86.842372, 36.119287 ], [ -86.842439, 36.119363 ], [ -86.842644, 36.119596 ], [ -86.842656, 36.119609 ], [ -86.843261, 36.120298 ], [ -86.843467, 36.120532 ], [ -86.84354, 36.120611 ], [ -86.843759, 36.120848 ], [ -86.843833, 36.120928 ], [ -86.844006, 36.121115 ], [ -86.844525, 36.121677 ], [ -86.844699, 36.121865 ], [ -86.844867, 36.122046 ], [ -86.844938, 36.122123 ], [ -86.845655, 36.1229 ], [ -86.845895, 36.123159 ], [ -86.846243, 36.123524 ], [ -86.847289, 36.124619 ], [ -86.847638, 36.124985 ], [ -86.847871, 36.125225 ], [ -86.848232, 36.125596 ], [ -86.848573, 36.125945 ], [ -86.848678, 36.126053 ], [ -86.848795, 36.126126 ], [ -86.848835, 36.126151 ], [ -86.848878, 36.126179 ], [ -86.848907, 36.126197 ], [ -86.849039, 36.12628 ], [ -86.849126, 36.126335 ], [ -86.8492, 36.126381 ], [ -86.849373, 36.126489 ], [ -86.849597, 36.12663 ], [ -86.849901, 36.126806 ], [ -86.850079, 36.126909 ], [ -86.850213, 36.126986 ], [ -86.850455, 36.127121 ], [ -86.850601, 36.127203 ], [ -86.851224, 36.127561 ], [ -86.851578, 36.127766 ], [ -86.851639, 36.127802 ], [ -86.851954, 36.12798 ], [ -86.852246, 36.128145 ], [ -86.852473, 36.12828 ], [ -86.852671, 36.128399 ], [ -86.854035, 36.129174 ], [ -86.8542, 36.129268 ], [ -86.854569, 36.12945 ], [ -86.854878, 36.129667 ], [ -86.85492, 36.129696 ], [ -86.855857, 36.130239 ], [ -86.856185, 36.130429 ], [ -86.856466, 36.130634 ], [ -86.856514, 36.130669 ], [ -86.856852, 36.130945 ], [ -86.857008, 36.131118 ], [ -86.85722, 36.131353 ], [ -86.857235, 36.131369 ], [ -86.857429, 36.131632 ], [ -86.857471, 36.131705 ], [ -86.857598, 36.131924 ], [ -86.857641, 36.131998 ], [ -86.857869, 36.132622 ], [ -86.857911, 36.132736 ], [ -86.858113, 36.133563 ], [ -86.8583, 36.134416 ], [ -86.85831, 36.134566 ], [ -86.858332, 36.134877 ], [ -86.858317, 36.135231 ], [ -86.858303, 36.135466 ], [ -86.8583, 36.135513 ], [ -86.858296, 36.135598 ], [ -86.858219, 36.136017 ], [ -86.858184, 36.136161 ], [ -86.858129, 36.136391 ], [ -86.858084, 36.136556 ], [ -86.858049, 36.136684 ], [ -86.858039, 36.136722 ], [ -86.858012, 36.136826 ], [ -86.857984, 36.13693 ], [ -86.85794, 36.137095 ], [ -86.8578, 36.13756 ], [ -86.857761, 36.137692 ], [ -86.857716, 36.137852 ], [ -86.858075, 36.137891 ], [ -86.859154, 36.138009 ], [ -86.859514, 36.138049 ], [ -86.861228, 36.13819 ], [ -86.863037, 36.1384 ], [ -86.86337, 36.138428 ], [ -86.863933, 36.138369 ], [ -86.865162, 36.138271 ], [ -86.865358, 36.138255 ], [ -86.866039, 36.13819 ], [ -86.866672, 36.138145 ], [ -86.866841, 36.138124 ], [ -86.867061, 36.138089 ], [ -86.867354, 36.138033 ], [ -86.867601, 36.137978 ], [ -86.867942, 36.137877 ], [ -86.868356, 36.13777 ], [ -86.868706, 36.137671 ], [ -86.868921, 36.137633 ], [ -86.869132, 36.137615 ], [ -86.869339, 36.137586 ], [ -86.869856, 36.137646 ], [ -86.870134, 36.137695 ], [ -86.870312, 36.137721 ], [ -86.870598, 36.137765 ], [ -86.870792, 36.137788 ], [ -86.870995, 36.137793 ], [ -86.871338, 36.137769 ], [ -86.871659, 36.13771 ], [ -86.872059, 36.13758 ], [ -86.87293, 36.137273 ], [ -86.873162, 36.137186 ], [ -86.873564, 36.137036 ], [ -86.873935, 36.136915 ], [ -86.874097, 36.13689 ], [ -86.874125, 36.136886 ], [ -86.874339, 36.136878 ], [ -86.874391, 36.136879 ], [ -86.874552, 36.136883 ], [ -86.874743, 36.136928 ], [ -86.874925, 36.136988 ], [ -86.875057, 36.13706 ], [ -86.875215, 36.13716 ], [ -86.875224, 36.137166 ], [ -86.875326, 36.137239 ], [ -86.875441, 36.137349 ], [ -86.875712, 36.137109 ], [ -86.875728, 36.137095 ], [ -86.875933, 36.136926 ], [ -86.876549, 36.136417 ], [ -86.876693, 36.136299 ], [ -86.876837, 36.136198 ], [ -86.877215, 36.135876 ], [ -86.87835, 36.134911 ], [ -86.878729, 36.13459 ], [ -86.878391, 36.134324 ], [ -86.878246, 36.134209 ], [ -86.877819, 36.13376 ], [ -86.87752, 36.13338 ], [ -86.877255, 36.133043 ], [ -86.87772, 36.132823 ], [ -86.877929, 36.132636 ], [ -86.878006, 36.132568 ], [ -86.878202, 36.132259 ], [ -86.878809, 36.130443 ], [ -86.879062, 36.12969 ], [ -86.879502, 36.12978 ], [ -86.880826, 36.130053 ], [ -86.881267, 36.130144 ], [ -86.881734, 36.130219 ], [ -86.883136, 36.130447 ], [ -86.883604, 36.130523 ], [ -86.883478, 36.131174 ], [ -86.883478, 36.131196 ], [ -86.88351, 36.131932 ], [ -86.883649, 36.1324 ], [ -86.883937, 36.133179 ], [ -86.884175, 36.133822 ], [ -86.884331, 36.134242 ], [ -86.884449, 36.13456 ], [ -86.884859, 36.135261 ], [ -86.884971, 36.135422 ], [ -86.885229, 36.13579 ] ] ] } },
{ "type": "Feature", "properties": { "district_num": "59" }, "geometry": { "type": "Polygon", "coordinates": [ [ [ -87.054676, 36.049975 ], [ -87.054381, 36.049966 ], [ -87.054233, 36.049945 ], [ -87.054172, 36.049923 ], [ -87.054089, 36.049883 ], [ -87.053992, 36.049858 ], [ -87.053709, 36.049807 ], [ -87.05341, 36.04973 ], [ -87.053163, 36.049667 ], [ -87.052449, 36.049551 ], [ -87.052153, 36.049476 ], [ -87.051742, 36.049377 ], [ -87.051324, 36.049217 ], [ -87.051207, 36.049159 ], [ -87.051082, 36.049082 ], [ -87.051005, 36.049023 ], [ -87.050933, 36.048961 ], [ -87.050849, 36.048872 ], [ -87.050768, 36.048791 ], [ -87.050698, 36.048713 ], [ -87.050646, 36.048637 ], [ -87.050597, 36.04856 ], [ -87.050388, 36.048047 ], [ -87.050248, 36.047807 ], [ -87.050048, 36.047425 ], [ -87.049956, 36.047249 ], [ -87.049837, 36.047075 ], [ -87.049772, 36.04701 ], [ -87.049681, 36.046938 ], [ -87.049617, 36.046899 ], [ -87.04956, 36.046874 ], [ -87.049461, 36.046831 ], [ -87.04909, 36.046742 ], [ -87.048849, 36.046748 ], [ -87.04855, 36.046763 ], [ -87.048131, 36.046803 ], [ -87.047942, 36.046823 ], [ -87.047858, 36.046863 ], [ -87.047722, 36.046919 ], [ -87.047217, 36.047144 ], [ -87.04703, 36.04721 ], [ -87.046921, 36.047241 ], [ -87.046732, 36.04728 ], [ -87.046339, 36.047319 ], [ -87.046021, 36.047198 ], [ -87.04565, 36.047226 ], [ -87.045219, 36.047144 ], [ -87.044713, 36.046921 ], [ -87.044501, 36.046874 ], [ -87.044186, 36.046632 ], [ -87.044124, 36.046393 ], [ -87.044156, 36.04623 ], [ -87.04429, 36.045565 ], [ -87.044261, 36.045143 ], [ -87.044195, 36.044901 ], [ -87.043863, 36.044289 ], [ -87.043836, 36.043942 ], [ -87.04369, 36.043498 ], [ -87.043385, 36.043302 ], [ -87.042778, 36.043088 ], [ -87.042362, 36.042894 ], [ -87.042127, 36.042705 ], [ -87.041864, 36.042367 ], [ -87.041764, 36.04215 ], [ -87.041583, 36.041897 ], [ -87.041362, 36.041312 ], [ -87.041342, 36.041388 ], [ -87.041321, 36.041473 ], [ -87.04101, 36.042322 ], [ -87.04097, 36.042914 ], [ -87.040641, 36.047896 ], [ -87.040532, 36.049557 ], [ -87.040524, 36.049647 ], [ -87.040502, 36.049918 ], [ -87.040495, 36.050009 ], [ -87.040438, 36.050866 ], [ -87.04027, 36.053439 ], [ -87.040225, 36.054134 ], [ -87.040216, 36.054297 ], [ -87.039956, 36.05922 ], [ -87.039786, 36.062463 ], [ -87.039573, 36.066507 ], [ -87.039179, 36.073989 ], [ -87.039004, 36.077318 ], [ -87.038805, 36.078718 ], [ -87.038792, 36.0789 ], [ -87.038227, 36.078627 ], [ -87.037565, 36.078345 ], [ -87.036891, 36.078114 ], [ -87.035866, 36.077798 ], [ -87.034668, 36.077539 ], [ -87.033827, 36.077406 ], [ -87.033348, 36.07736 ], [ -87.033161, 36.077348 ], [ -87.031311, 36.077172 ], [ -87.028839, 36.076937 ], [ -87.028355, 36.076897 ], [ -87.028136, 36.076875 ], [ -87.027129, 36.076815 ], [ -87.026433, 36.076798 ], [ -87.026137, 36.076788 ], [ -87.025823, 36.076801 ], [ -87.025246, 36.076809 ], [ -87.025215, 36.076809 ], [ -87.023179, 36.076855 ], [ -87.022585, 36.076806 ], [ -87.021812, 36.076743 ], [ -87.020807, 36.076646 ], [ -87.020215, 36.07659 ], [ -87.020103, 36.076577 ], [ -87.019769, 36.07654 ], [ -87.019658, 36.076528 ], [ -87.019386, 36.076467 ], [ -87.019301, 36.076448 ], [ -87.018561, 36.076348 ], [ -87.018286, 36.076311 ], [ -87.018099, 36.076271 ], [ -87.017055, 36.075867 ], [ -87.016548, 36.075613 ], [ -87.015825, 36.075251 ], [ -87.014967, 36.07486 ], [ -87.0149, 36.074834 ], [ -87.014274, 36.074652 ], [ -87.013578, 36.074494 ], [ -87.012902, 36.074341 ], [ -87.011713, 36.074079 ], [ -87.011395, 36.07402 ], [ -87.01119, 36.073993 ], [ -87.010201, 36.073867 ], [ -87.009324, 36.073806 ], [ -87.00871, 36.073764 ], [ -87.008571, 36.073745 ], [ -87.007489, 36.073479 ], [ -87.007417, 36.073451 ], [ -87.006134, 36.072761 ], [ -87.005322, 36.072017 ], [ -87.005225, 36.071932 ], [ -87.004874, 36.071673 ], [ -87.004719, 36.071575 ], [ -87.004578, 36.071495 ], [ -87.004368, 36.071389 ], [ -87.003978, 36.071202 ], [ -87.00367, 36.071055 ], [ -87.003416, 36.070926 ], [ -87.002828, 36.070615 ], [ -87.002708, 36.070548 ], [ -87.002147, 36.070204 ], [ -87.001802, 36.069965 ], [ -87.00171, 36.069892 ], [ -87.000864, 36.069156 ], [ -86.99991, 36.068197 ], [ -86.999777, 36.067938 ], [ -86.999262, 36.06755 ], [ -86.99889, 36.067257 ], [ -86.998749, 36.067154 ], [ -86.998053, 36.066707 ], [ -86.996041, 36.065451 ], [ -86.995845, 36.065327 ], [ -86.995432, 36.065066 ], [ -86.995374, 36.065021 ], [ -86.994938, 36.064632 ], [ -86.99476, 36.064402 ], [ -86.99464, 36.064221 ], [ -86.994186, 36.063298 ], [ -86.993948, 36.062934 ], [ -86.993485, 36.062523 ], [ -86.992581, 36.062189 ], [ -86.99178, 36.061967 ], [ -86.991431, 36.061771 ], [ -86.991266, 36.061614 ], [ -86.991066, 36.06128 ], [ -86.991007, 36.061001 ], [ -86.99097, 36.060769 ], [ -86.990937, 36.060621 ], [ -86.990784, 36.060161 ], [ -86.990724, 36.059979 ], [ -86.99068, 36.059899 ], [ -86.990532, 36.05971 ], [ -86.990339, 36.059439 ], [ -86.990048, 36.059019 ], [ -86.989838, 36.058622 ], [ -86.989695, 36.057933 ], [ -86.989228, 36.055621 ], [ -86.989145, 36.055247 ], [ -86.988891, 36.054757 ], [ -86.98832, 36.054314 ], [ -86.988044, 36.054228 ], [ -86.987784, 36.054161 ], [ -86.987619, 36.054127 ], [ -86.986924, 36.053986 ], [ -86.986635, 36.053887 ], [ -86.986458, 36.053806 ], [ -86.985659, 36.053258 ], [ -86.985356, 36.053051 ], [ -86.98507, 36.052835 ], [ -86.984841, 36.052946 ], [ -86.98456, 36.053091 ], [ -86.984345, 36.053213 ], [ -86.984293, 36.053247 ], [ -86.984115, 36.053369 ], [ -86.984011, 36.053454 ], [ -86.983132, 36.054405 ], [ -86.982943, 36.054562 ], [ -86.982802, 36.054666 ], [ -86.982583, 36.05477 ], [ -86.982356, 36.054845 ], [ -86.982265, 36.05486 ], [ -86.982001, 36.054906 ], [ -86.981798, 36.054912 ], [ -86.98139, 36.054885 ], [ -86.981139, 36.054869 ], [ -86.980837, 36.054891 ], [ -86.980739, 36.054909 ], [ -86.980512, 36.054962 ], [ -86.980275, 36.055062 ], [ -86.980185, 36.055116 ], [ -86.980041, 36.055212 ], [ -86.979983, 36.055265 ], [ -86.979897, 36.055345 ], [ -86.979732, 36.05554 ], [ -86.979564, 36.055727 ], [ -86.97944, 36.055846 ], [ -86.979278, 36.055966 ], [ -86.979046, 36.056107 ], [ -86.97866, 36.05628 ], [ -86.978508, 36.056327 ], [ -86.978194, 36.056412 ], [ -86.978031, 36.056444 ], [ -86.977788, 36.056477 ], [ -86.977591, 36.056486 ], [ -86.976235, 36.056529 ], [ -86.975958, 36.056547 ], [ -86.975876, 36.056553 ], [ -86.975528, 36.056579 ], [ -86.974382, 36.056692 ], [ -86.974034, 36.056727 ], [ -86.972992, 36.056834 ], [ -86.972645, 36.05687 ], [ -86.972531, 36.056879 ], [ -86.972192, 36.05691 ], [ -86.972079, 36.05692 ], [ -86.97191, 36.056928 ], [ -86.971664, 36.056931 ], [ -86.971418, 36.056901 ], [ -86.971254, 36.056881 ], [ -86.970922, 36.056783 ], [ -86.970759, 36.056736 ], [ -86.970735, 36.056728 ], [ -86.97027, 36.056566 ], [ -86.970048, 36.056506 ], [ -86.96993, 36.056483 ], [ -86.96982, 36.056462 ], [ -86.969588, 36.056436 ], [ -86.969477, 36.056427 ], [ -86.969144, 36.056402 ], [ -86.969034, 36.056394 ], [ -86.967492, 36.056315 ], [ -86.966771, 36.056399 ], [ -86.966175, 36.056506 ], [ -86.965911, 36.056546 ], [ -86.965646, 36.056588 ], [ -86.965184, 36.056623 ], [ -86.964625, 36.056604 ], [ -86.964263, 36.056551 ], [ -86.963354, 36.056409 ], [ -86.963085, 36.056361 ], [ -86.962769, 36.056275 ], [ -86.962639, 36.05623 ], [ -86.962474, 36.056167 ], [ -86.961711, 36.055767 ], [ -86.961133, 36.05547 ], [ -86.96095, 36.055381 ], [ -86.960788, 36.05532 ], [ -86.96036, 36.055165 ], [ -86.959834, 36.055042 ], [ -86.95965, 36.055012 ], [ -86.959099, 36.054927 ], [ -86.958449, 36.05486 ], [ -86.957944, 36.054819 ], [ -86.957686, 36.054806 ], [ -86.95755, 36.054807 ], [ -86.957239, 36.054837 ], [ -86.957123, 36.054853 ], [ -86.956805, 36.05491 ], [ -86.956619, 36.054944 ], [ -86.956109, 36.055023 ], [ -86.955908, 36.055038 ], [ -86.955328, 36.055039 ], [ -86.953678, 36.054905 ], [ -86.953568, 36.054897 ], [ -86.953404, 36.054886 ], [ -86.953239, 36.054877 ], [ -86.95313, 36.054872 ], [ -86.952856, 36.054841 ], [ -86.95274, 36.054829 ], [ -86.952253, 36.054794 ], [ -86.952034, 36.054775 ], [ -86.951761, 36.054753 ], [ -86.951615, 36.054735 ], [ -86.951588, 36.05473 ], [ -86.951538, 36.054722 ], [ -86.951395, 36.054689 ], [ -86.951213, 36.054624 ], [ -86.951094, 36.054568 ], [ -86.950949, 36.054473 ], [ -86.95087, 36.054405 ], [ -86.950825, 36.054366 ], [ -86.950717, 36.054239 ], [ -86.950666, 36.054173 ], [ -86.950604, 36.054091 ], [ -86.950518, 36.054118 ], [ -86.950271, 36.054178 ], [ -86.949764, 36.054308 ], [ -86.949468, 36.054393 ], [ -86.949427, 36.054406 ], [ -86.949263, 36.054459 ], [ -86.949103, 36.05452 ], [ -86.948948, 36.054588 ], [ -86.948617, 36.054766 ], [ -86.948423, 36.054885 ], [ -86.948291, 36.054975 ], [ -86.947917, 36.05529 ], [ -86.947697, 36.055506 ], [ -86.946773, 36.056569 ], [ -86.946766, 36.056578 ], [ -86.94601, 36.057462 ], [ -86.945753, 36.057756 ], [ -86.945117, 36.058488 ], [ -86.944997, 36.058651 ], [ -86.944766, 36.058966 ], [ -86.944694, 36.059076 ], [ -86.944476, 36.059414 ], [ -86.944442, 36.059466 ], [ -86.944409, 36.059518 ], [ -86.944376, 36.059568 ], [ -86.944344, 36.059617 ], [ -86.944221, 36.059808 ], [ -86.944064, 36.060072 ], [ -86.943274, 36.061405 ], [ -86.943077, 36.061766 ], [ -86.943006, 36.061898 ], [ -86.942904, 36.062068 ], [ -86.942822, 36.062188 ], [ -86.942745, 36.062328 ], [ -86.94242, 36.062648 ], [ -86.942348, 36.06272 ], [ -86.942243, 36.062797 ], [ -86.941454, 36.063293 ], [ -86.941277, 36.063396 ], [ -86.940884, 36.063627 ], [ -86.940729, 36.063724 ], [ -86.940267, 36.064015 ], [ -86.940113, 36.064113 ], [ -86.939594, 36.064442 ], [ -86.939554, 36.064464 ], [ -86.939233, 36.064637 ], [ -86.939111, 36.064703 ], [ -86.938987, 36.064794 ], [ -86.937946, 36.065431 ], [ -86.937468, 36.065724 ], [ -86.937139, 36.065925 ], [ -86.936992, 36.066015 ], [ -86.936155, 36.066533 ], [ -86.935828, 36.066737 ], [ -86.934801, 36.067374 ], [ -86.933876, 36.067942 ], [ -86.933681, 36.068066 ], [ -86.933544, 36.068174 ], [ -86.933422, 36.068263 ], [ -86.932861, 36.06874 ], [ -86.932719, 36.068887 ], [ -86.931994, 36.069514 ], [ -86.931718, 36.069752 ], [ -86.931585, 36.069874 ], [ -86.931397, 36.070035 ], [ -86.931158, 36.070238 ], [ -86.93093, 36.070442 ], [ -86.930561, 36.070725 ], [ -86.930424, 36.070826 ], [ -86.930174, 36.071015 ], [ -86.929874, 36.071198 ], [ -86.929701, 36.071303 ], [ -86.929477, 36.071409 ], [ -86.929405, 36.071443 ], [ -86.928847, 36.071705 ], [ -86.92834, 36.071943 ], [ -86.92825, 36.07198 ], [ -86.928238, 36.071985 ], [ -86.927936, 36.072112 ], [ -86.927835, 36.072155 ], [ -86.927562, 36.072265 ], [ -86.926746, 36.072597 ], [ -86.926474, 36.072708 ], [ -86.926238, 36.072787 ], [ -86.925011, 36.073171 ], [ -86.924534, 36.07332 ], [ -86.924486, 36.073335 ], [ -86.921976, 36.074169 ], [ -86.92182, 36.07422 ], [ -86.921491, 36.07433 ], [ -86.92135, 36.074362 ], [ -86.921191, 36.0744 ], [ -86.921141, 36.074411 ], [ -86.920994, 36.074446 ], [ -86.920945, 36.074458 ], [ -86.920719, 36.074534 ], [ -86.920041, 36.074761 ], [ -86.919816, 36.074838 ], [ -86.91945, 36.07496 ], [ -86.918355, 36.075329 ], [ -86.91799, 36.075453 ], [ -86.917562, 36.075597 ], [ -86.916278, 36.07603 ], [ -86.915914, 36.076153 ], [ -86.915851, 36.076176 ], [ -86.915521, 36.076285 ], [ -86.914533, 36.076615 ], [ -86.914445, 36.076644 ], [ -86.914204, 36.076726 ], [ -86.913706, 36.076891 ], [ -86.913438, 36.076981 ], [ -86.912217, 36.077394 ], [ -86.911721, 36.077563 ], [ -86.91157, 36.077614 ], [ -86.91153, 36.077627 ], [ -86.911419, 36.077665 ], [ -86.911221, 36.077727 ], [ -86.911114, 36.077762 ], [ -86.910954, 36.077808 ], [ -86.910814, 36.07785 ], [ -86.910762, 36.077866 ], [ -86.91054, 36.077933 ], [ -86.909301, 36.078304 ], [ -86.908925, 36.078402 ], [ -86.908831, 36.078426 ], [ -86.908076, 36.078622 ], [ -86.907383, 36.078803 ], [ -86.907227, 36.078844 ], [ -86.904923, 36.079438 ], [ -86.904876, 36.07945 ], [ -86.904777, 36.079474 ], [ -86.904045, 36.079655 ], [ -86.903677, 36.079746 ], [ -86.903591, 36.079768 ], [ -86.90329, 36.079842 ], [ -86.90307, 36.079897 ], [ -86.902989, 36.079917 ], [ -86.901766, 36.080227 ], [ -86.90172, 36.08024 ], [ -86.900615, 36.080564 ], [ -86.900201, 36.080697 ], [ -86.899961, 36.080773 ], [ -86.899387, 36.08101 ], [ -86.899161, 36.081106 ], [ -86.899055, 36.081153 ], [ -86.898756, 36.081288 ], [ -86.898508, 36.08142 ], [ -86.898215, 36.081586 ], [ -86.897819, 36.081833 ], [ -86.897433, 36.082105 ], [ -86.897208, 36.082284 ], [ -86.896574, 36.082852 ], [ -86.896156, 36.083211 ], [ -86.895555, 36.083752 ], [ -86.895226, 36.084049 ], [ -86.895039, 36.08423 ], [ -86.894723, 36.084573 ], [ -86.894526, 36.084788 ], [ -86.894338, 36.085082 ], [ -86.894276, 36.085188 ], [ -86.894233, 36.085264 ], [ -86.893802, 36.085973 ], [ -86.893544, 36.086402 ], [ -86.893497, 36.086481 ], [ -86.893392, 36.086682 ], [ -86.893312, 36.086813 ], [ -86.893251, 36.086913 ], [ -86.892697, 36.087853 ], [ -86.89262, 36.087961 ], [ -86.8924, 36.08827 ], [ -86.892164, 36.088576 ], [ -86.891681, 36.089085 ], [ -86.89155, 36.089202 ], [ -86.891329, 36.089412 ], [ -86.891141, 36.089576 ], [ -86.891073, 36.089626 ], [ -86.891168, 36.089726 ], [ -86.891247, 36.08981 ], [ -86.891355, 36.089916 ], [ -86.891903, 36.090568 ], [ -86.891939, 36.09062 ], [ -86.892001, 36.090752 ], [ -86.892091, 36.090855 ], [ -86.892141, 36.090904 ], [ -86.892188, 36.090951 ], [ -86.89234, 36.091067 ], [ -86.892399, 36.091104 ], [ -86.892498, 36.091197 ], [ -86.891972, 36.091623 ], [ -86.891511, 36.09177 ], [ -86.891271, 36.091832 ], [ -86.891097, 36.091884 ], [ -86.890741, 36.092016 ], [ -86.890488, 36.092102 ], [ -86.890268, 36.092187 ], [ -86.890164, 36.092235 ], [ -86.889739, 36.092439 ], [ -86.889503, 36.092591 ], [ -86.889684, 36.09287 ], [ -86.889794, 36.093049 ], [ -86.889817, 36.093127 ], [ -86.889822, 36.093141 ], [ -86.889861, 36.093542 ], [ -86.889967, 36.093887 ], [ -86.890093, 36.094412 ], [ -86.890148, 36.094758 ], [ -86.89013, 36.094962 ], [ -86.890118, 36.095104 ], [ -86.890085, 36.095262 ], [ -86.890027, 36.095544 ], [ -86.890248, 36.095608 ], [ -86.890423, 36.095647 ], [ -86.890537, 36.095673 ], [ -86.890732, 36.095721 ], [ -86.890942, 36.095786 ], [ -86.891161, 36.095885 ], [ -86.891405, 36.095984 ], [ -86.891516, 36.096043 ], [ -86.891451, 36.096437 ], [ -86.891383, 36.096852 ], [ -86.89101, 36.099141 ], [ -86.890886, 36.099904 ], [ -86.890687, 36.100418 ], [ -86.890526, 36.100614 ], [ -86.890369, 36.100807 ], [ -86.889727, 36.101365 ], [ -86.888986, 36.102063 ], [ -86.888859, 36.102329 ], [ -86.888854, 36.102341 ], [ -86.888672, 36.102868 ], [ -86.88866, 36.103102 ], [ -86.888656, 36.103174 ], [ -86.888644, 36.103393 ], [ -86.888641, 36.103466 ], [ -86.888445, 36.104824 ], [ -86.888062, 36.10538 ], [ -86.888806, 36.10573 ], [ -86.891397, 36.105946 ], [ -86.892405, 36.106285 ], [ -86.892545, 36.106358 ], [ -86.892922, 36.106674 ], [ -86.893231, 36.106934 ], [ -86.893715, 36.107429 ], [ -86.893819, 36.107534 ], [ -86.894117, 36.107854 ], [ -86.894172, 36.107928 ], [ -86.894268, 36.108077 ], [ -86.894373, 36.108264 ], [ -86.894559, 36.108659 ], [ -86.894752, 36.109087 ], [ -86.894887, 36.109386 ], [ -86.895073, 36.109813 ], [ -86.895298, 36.110389 ], [ -86.89547, 36.110828 ], [ -86.895563, 36.110881 ], [ -86.895652, 36.111018 ], [ -86.895802, 36.111187 ], [ -86.895933, 36.111334 ], [ -86.896456, 36.111869 ], [ -86.89679, 36.112262 ], [ -86.896807, 36.112287 ], [ -86.89709, 36.112697 ], [ -86.897194, 36.112791 ], [ -86.897678, 36.11343 ], [ -86.89781, 36.113604 ], [ -86.898095, 36.113961 ], [ -86.8983, 36.114229 ], [ -86.898448, 36.114406 ], [ -86.898601, 36.114599 ], [ -86.898775, 36.114769 ], [ -86.898995, 36.11497 ], [ -86.899515, 36.115429 ], [ -86.899584, 36.115503 ], [ -86.900229, 36.116191 ], [ -86.900745, 36.116778 ], [ -86.901222, 36.11732 ], [ -86.901495, 36.117658 ], [ -86.90164, 36.117817 ], [ -86.901788, 36.117966 ], [ -86.902033, 36.118149 ], [ -86.902143, 36.118197 ], [ -86.902404, 36.11836 ], [ -86.902434, 36.118366 ], [ -86.902788, 36.118438 ], [ -86.903209, 36.118456 ], [ -86.903159, 36.118615 ], [ -86.903059, 36.118874 ], [ -86.903056, 36.118885 ], [ -86.902953, 36.11907 ], [ -86.902733, 36.119375 ], [ -86.902603, 36.119519 ], [ -86.902457, 36.119665 ], [ -86.902306, 36.119796 ], [ -86.902199, 36.119878 ], [ -86.901954, 36.120069 ], [ -86.901841, 36.120142 ], [ -86.901938, 36.120289 ], [ -86.901997, 36.120419 ], [ -86.902029, 36.120517 ], [ -86.902037, 36.120539 ], [ -86.902057, 36.120705 ], [ -86.902066, 36.12085 ], [ -86.902026, 36.121386 ], [ -86.901984, 36.121778 ], [ -86.90194, 36.122199 ], [ -86.90191, 36.122486 ], [ -86.901865, 36.122934 ], [ -86.901825, 36.123255 ], [ -86.901816, 36.123349 ], [ -86.901806, 36.123474 ], [ -86.901797, 36.123638 ], [ -86.901802, 36.123754 ], [ -86.901828, 36.123898 ], [ -86.90188, 36.124066 ], [ -86.901985, 36.124308 ], [ -86.902321, 36.125058 ], [ -86.90241, 36.125267 ], [ -86.902435, 36.125324 ], [ -86.902506, 36.125464 ], [ -86.902617, 36.125654 ], [ -86.902641, 36.125696 ], [ -86.902714, 36.125822 ], [ -86.902739, 36.125864 ], [ -86.90278, 36.125992 ], [ -86.902884, 36.126312 ], [ -86.902915, 36.126372 ], [ -86.902977, 36.126492 ], [ -86.90285, 36.126561 ], [ -86.902658, 36.126666 ], [ -86.902474, 36.126775 ], [ -86.902418, 36.126809 ], [ -86.902357, 36.126859 ], [ -86.90215, 36.127029 ], [ -86.901531, 36.12754 ], [ -86.901325, 36.127711 ], [ -86.90127, 36.127757 ], [ -86.900649, 36.128441 ], [ -86.899812, 36.129362 ], [ -86.898975, 36.130282 ], [ -86.898642, 36.130646 ], [ -86.898479, 36.130826 ], [ -86.896737, 36.13147 ], [ -86.895948, 36.131778 ], [ -86.895614, 36.131882 ], [ -86.895542, 36.131905 ], [ -86.8949, 36.132118 ], [ -86.894397, 36.132296 ], [ -86.893405, 36.13265 ], [ -86.893256, 36.132702 ], [ -86.893108, 36.132755 ], [ -86.8927, 36.132901 ], [ -86.891457, 36.133378 ], [ -86.891253, 36.133455 ], [ -86.890834, 36.133617 ], [ -86.890211, 36.133856 ], [ -86.890059, 36.133915 ], [ -86.889783, 36.134026 ], [ -86.888792, 36.134422 ], [ -86.8885, 36.13454 ], [ -86.888073, 36.134712 ], [ -86.887504, 36.134927 ], [ -86.886855, 36.135174 ], [ -86.885797, 36.135574 ], [ -86.885637, 36.135635 ], [ -86.885433, 36.135712 ], [ -86.885229, 36.13579 ], [ -86.884971, 36.135422 ], [ -86.884859, 36.135261 ], [ -86.884449, 36.13456 ], [ -86.884331, 36.134242 ], [ -86.884175, 36.133822 ], [ -86.883937, 36.133179 ], [ -86.883649, 36.1324 ], [ -86.88351, 36.131932 ], [ -86.883478, 36.131196 ], [ -86.883478, 36.131174 ], [ -86.883604, 36.130523 ], [ -86.883136, 36.130447 ], [ -86.881734, 36.130219 ], [ -86.881267, 36.130144 ], [ -86.880826, 36.130053 ], [ -86.879502, 36.12978 ], [ -86.879062, 36.12969 ], [ -86.878809, 36.130443 ], [ -86.878202, 36.132259 ], [ -86.878006, 36.132568 ], [ -86.877929, 36.132636 ], [ -86.87772, 36.132823 ], [ -86.877255, 36.133043 ], [ -86.87752, 36.13338 ], [ -86.877819, 36.13376 ], [ -86.878246, 36.134209 ], [ -86.878391, 36.134324 ], [ -86.878729, 36.13459 ], [ -86.87835, 36.134911 ], [ -86.877215, 36.135876 ], [ -86.876837, 36.136198 ], [ -86.876693, 36.136299 ], [ -86.876549, 36.136417 ], [ -86.875933, 36.136926 ], [ -86.875728, 36.137095 ], [ -86.875712, 36.137109 ], [ -86.875441, 36.137349 ], [ -86.875326, 36.137239 ], [ -86.875224, 36.137166 ], [ -86.875215, 36.13716 ], [ -86.875057, 36.13706 ], [ -86.874925, 36.136988 ], [ -86.874743, 36.136928 ], [ -86.874552, 36.136883 ], [ -86.874391, 36.136879 ], [ -86.874339, 36.136878 ], [ -86.874125, 36.136886 ], [ -86.874097, 36.13689 ], [ -86.873935, 36.136915 ], [ -86.873564, 36.137036 ], [ -86.873162, 36.137186 ], [ -86.87293, 36.137273 ], [ -86.872059, 36.13758 ], [ -86.871659, 36.13771 ], [ -86.871338, 36.137769 ], [ -86.870995, 36.137793 ], [ -86.870792, 36.137788 ], [ -86.870598, 36.137765 ], [ -86.870312, 36.137721 ], [ -86.870134, 36.137695 ], [ -86.869856, 36.137646 ], [ -86.869339, 36.137586 ], [ -86.869132, 36.137615 ], [ -86.868921, 36.137633 ], [ -86.868706, 36.137671 ], [ -86.868356, 36.13777 ], [ -86.867942, 36.137877 ], [ -86.867601, 36.137978 ], [ -86.867354, 36.138033 ], [ -86.867061, 36.138089 ], [ -86.866841, 36.138124 ], [ -86.866672, 36.138145 ], [ -86.866039, 36.13819 ], [ -86.865358, 36.138255 ], [ -86.865162, 36.138271 ], [ -86.863933, 36.138369 ], [ -86.86337, 36.138428 ], [ -86.863037, 36.1384 ], [ -86.861228, 36.13819 ], [ -86.859514, 36.138049 ], [ -86.859154, 36.138009 ], [ -86.858075, 36.137891 ], [ -86.857716, 36.137852 ], [ -86.857761, 36.137692 ], [ -86.8578, 36.13756 ], [ -86.85794, 36.137095 ], [ -86.857984, 36.13693 ], [ -86.858012, 36.136826 ], [ -86.858039, 36.136722 ], [ -86.858049, 36.136684 ], [ -86.858084, 36.136556 ], [ -86.858129, 36.136391 ], [ -86.858184, 36.136161 ], [ -86.858219, 36.136017 ], [ -86.858296, 36.135598 ], [ -86.8583, 36.135513 ], [ -86.858303, 36.135466 ], [ -86.858317, 36.135231 ], [ -86.858332, 36.134877 ], [ -86.85831, 36.134566 ], [ -86.8583, 36.134416 ], [ -86.858113, 36.133563 ], [ -86.857911, 36.132736 ], [ -86.857869, 36.132622 ], [ -86.857641, 36.131998 ], [ -86.857598, 36.131924 ], [ -86.857471, 36.131705 ], [ -86.857429, 36.131632 ], [ -86.857235, 36.131369 ], [ -86.85722, 36.131353 ], [ -86.857008, 36.131118 ], [ -86.856852, 36.130945 ], [ -86.856514, 36.130669 ], [ -86.856466, 36.130634 ], [ -86.856185, 36.130429 ], [ -86.855857, 36.130239 ], [ -86.85492, 36.129696 ], [ -86.854878, 36.129667 ], [ -86.854569, 36.12945 ], [ -86.8542, 36.129268 ], [ -86.854035, 36.129174 ], [ -86.852671, 36.128399 ], [ -86.852473, 36.12828 ], [ -86.852246, 36.128145 ], [ -86.851954, 36.12798 ], [ -86.851639, 36.127802 ], [ -86.851578, 36.127766 ], [ -86.851224, 36.127561 ], [ -86.850601, 36.127203 ], [ -86.850455, 36.127121 ], [ -86.850213, 36.126986 ], [ -86.850079, 36.126909 ], [ -86.849901, 36.126806 ], [ -86.849597, 36.12663 ], [ -86.849373, 36.126489 ], [ -86.8492, 36.126381 ], [ -86.849126, 36.126335 ], [ -86.849039, 36.12628 ], [ -86.848907, 36.126197 ], [ -86.848878, 36.126179 ], [ -86.848835, 36.126151 ], [ -86.848795, 36.126126 ], [ -86.848678, 36.126053 ], [ -86.848573, 36.125945 ], [ -86.848232, 36.125596 ], [ -86.847871, 36.125225 ], [ -86.847638, 36.124985 ], [ -86.847289, 36.124619 ], [ -86.846243, 36.123524 ], [ -86.845895, 36.123159 ], [ -86.845655, 36.1229 ], [ -86.844938, 36.122123 ], [ -86.844867, 36.122046 ], [ -86.844699, 36.121865 ], [ -86.844525, 36.121677 ], [ -86.844006, 36.121115 ], [ -86.843833, 36.120928 ], [ -86.843759, 36.120848 ], [ -86.84354, 36.120611 ], [ -86.843467, 36.120532 ], [ -86.843261, 36.120298 ], [ -86.842656, 36.119609 ], [ -86.842644, 36.119596 ], [ -86.842439, 36.119363 ], [ -86.842372, 36.119287 ], [ -86.842172, 36.119059 ], [ -86.842106, 36.118984 ], [ -86.842077, 36.118951 ], [ -86.84199, 36.118852 ], [ -86.841962, 36.11882 ], [ -86.841889, 36.118743 ], [ -86.841673, 36.118513 ], [ -86.841602, 36.118437 ], [ -86.841346, 36.118153 ], [ -86.84075, 36.117585 ], [ -86.840736, 36.117493 ], [ -86.840661, 36.117412 ], [ -86.840519, 36.11727 ], [ -86.84034, 36.117135 ], [ -86.840146, 36.117014 ], [ -86.839939, 36.116916 ], [ -86.839603, 36.11681 ], [ -86.839445, 36.116789 ], [ -86.839095, 36.116744 ], [ -86.838971, 36.116733 ], [ -86.838813, 36.116719 ], [ -86.838349, 36.116676 ], [ -86.838332, 36.116675 ], [ -86.83785, 36.116631 ], [ -86.837173, 36.11657 ], [ -86.836958, 36.11655 ], [ -86.836495, 36.116508 ], [ -86.836545, 36.116169 ], [ -86.836559, 36.116063 ], [ -86.836579, 36.115932 ], [ -86.836604, 36.115767 ], [ -86.836624, 36.115588 ], [ -86.836651, 36.115358 ], [ -86.836673, 36.115221 ], [ -86.836694, 36.115093 ], [ -86.836729, 36.114808 ], [ -86.836747, 36.114671 ], [ -86.836762, 36.11455 ], [ -86.836807, 36.114186 ], [ -86.836823, 36.114066 ], [ -86.836831, 36.114016 ], [ -86.836856, 36.113867 ], [ -86.836859, 36.113854 ], [ -86.836863, 36.113818 ], [ -86.836866, 36.113798 ], [ -86.836888, 36.113628 ], [ -86.836963, 36.113058 ], [ -86.836988, 36.112869 ], [ -86.837038, 36.112508 ], [ -86.837148, 36.111735 ], [ -86.837185, 36.111425 ], [ -86.837229, 36.111064 ], [ -86.83727, 36.110773 ], [ -86.837299, 36.11057 ], [ -86.837381, 36.109897 ], [ -86.837395, 36.109668 ], [ -86.837404, 36.109608 ], [ -86.837199, 36.109591 ], [ -86.836585, 36.109543 ], [ -86.836381, 36.109527 ], [ -86.836044, 36.1095 ], [ -86.835036, 36.109421 ], [ -86.8347, 36.109395 ], [ -86.8347, 36.109271 ], [ -86.834707, 36.109108 ], [ -86.834709, 36.109074 ], [ -86.834691, 36.10825 ], [ -86.83469, 36.108186 ], [ -86.834698, 36.107964 ], [ -86.834685, 36.107829 ], [ -86.834681, 36.107424 ], [ -86.834681, 36.107396 ], [ -86.834685, 36.107289 ], [ -86.834671, 36.106758 ], [ -86.834675, 36.106584 ], [ -86.834658, 36.106302 ], [ -86.834656, 36.106251 ], [ -86.834649, 36.106007 ], [ -86.834353, 36.103948 ], [ -86.834269, 36.103368 ], [ -86.834241, 36.10317 ], [ -86.834129, 36.102391 ], [ -86.834098, 36.102388 ], [ -86.834004, 36.102381 ], [ -86.833974, 36.102379 ], [ -86.834003, 36.101707 ], [ -86.834436, 36.098297 ], [ -86.834455, 36.097998 ], [ -86.834511, 36.097641 ], [ -86.83499, 36.094191 ], [ -86.834729, 36.094181 ], [ -86.834436, 36.094146 ], [ -86.834044, 36.094102 ], [ -86.833474, 36.094039 ], [ -86.832994, 36.093988 ], [ -86.83277, 36.093971 ], [ -86.832771, 36.09389 ], [ -86.8328, 36.09371 ], [ -86.832895, 36.093305 ], [ -86.832924, 36.093219 ], [ -86.83303, 36.093061 ], [ -86.833089, 36.092943 ], [ -86.833098, 36.092778 ], [ -86.833046, 36.092641 ], [ -86.832924, 36.092458 ], [ -86.83224, 36.091517 ], [ -86.832226, 36.091503 ], [ -86.832217, 36.091493 ], [ -86.831999, 36.091495 ], [ -86.831883, 36.091487 ], [ -86.831721, 36.091477 ], [ -86.831275, 36.091459 ], [ -86.831034, 36.091449 ], [ -86.830861, 36.091441 ], [ -86.830747, 36.091436 ], [ -86.830578, 36.091429 ], [ -86.830344, 36.09142 ], [ -86.830172, 36.091413 ], [ -86.830046, 36.091408 ], [ -86.829929, 36.091404 ], [ -86.829578, 36.091394 ], [ -86.829462, 36.091391 ], [ -86.829271, 36.091385 ], [ -86.828698, 36.091368 ], [ -86.828508, 36.091363 ], [ -86.827871, 36.091335 ], [ -86.827736, 36.09133 ], [ -86.827029, 36.091311 ], [ -86.826338, 36.091228 ], [ -86.825972, 36.09116 ], [ -86.825346, 36.091045 ], [ -86.824879, 36.09098 ], [ -86.82477, 36.090969 ], [ -86.824526, 36.090946 ], [ -86.82414, 36.090917 ], [ -86.823755, 36.090895 ], [ -86.823326, 36.090887 ], [ -86.823031, 36.090885 ], [ -86.822451, 36.090882 ], [ -86.821964, 36.090884 ], [ -86.820505, 36.090891 ], [ -86.820019, 36.090894 ], [ -86.819764, 36.090878 ], [ -86.819574, 36.090866 ], [ -86.819298, 36.090856 ], [ -86.819002, 36.090837 ], [ -86.818748, 36.090821 ], [ -86.818476, 36.090797 ], [ -86.81766, 36.090727 ], [ -86.817388, 36.090704 ], [ -86.816447, 36.090611 ], [ -86.816211, 36.090588 ], [ -86.813625, 36.090351 ], [ -86.813122, 36.090305 ], [ -86.812683, 36.090294 ], [ -86.81229, 36.090233 ], [ -86.812138, 36.090217 ], [ -86.810495, 36.090052 ], [ -86.810302, 36.090033 ], [ -86.809948, 36.090003 ], [ -86.809561, 36.089972 ], [ -86.809544, 36.089971 ], [ -86.808402, 36.089865 ], [ -86.808016, 36.08983 ], [ -86.807619, 36.089792 ], [ -86.806429, 36.089681 ], [ -86.806033, 36.089644 ], [ -86.805414, 36.089586 ], [ -86.803924, 36.089447 ], [ -86.803557, 36.089414 ], [ -86.802939, 36.089357 ], [ -86.802538, 36.089332 ], [ -86.802127, 36.089297 ], [ -86.801356, 36.089227 ], [ -86.80061, 36.08916 ], [ -86.799697, 36.089084 ], [ -86.798887, 36.089018 ], [ -86.798799, 36.08901 ], [ -86.798537, 36.088986 ], [ -86.79845, 36.088979 ], [ -86.797992, 36.088937 ], [ -86.797669, 36.088908 ], [ -86.797125, 36.088861 ], [ -86.796619, 36.088818 ], [ -86.796162, 36.08878 ], [ -86.795129, 36.088687 ], [ -86.792032, 36.088411 ], [ -86.791958, 36.088405 ], [ -86.790999, 36.088326 ], [ -86.790964, 36.088466 ], [ -86.79092, 36.088829 ], [ -86.790887, 36.089103 ], [ -86.790829, 36.089474 ], [ -86.790748, 36.090072 ], [ -86.790722, 36.090349 ], [ -86.790676, 36.090858 ], [ -86.790622, 36.09126 ], [ -86.790561, 36.091718 ], [ -86.790467, 36.092469 ], [ -86.790434, 36.092738 ], [ -86.790412, 36.092872 ], [ -86.790391, 36.093039 ], [ -86.790353, 36.093354 ], [ -86.790337, 36.093541 ], [ -86.790336, 36.093557 ], [ -86.790334, 36.09371 ], [ -86.790298, 36.094095 ], [ -86.790297, 36.094221 ], [ -86.790297, 36.094235 ], [ -86.790321, 36.094776 ], [ -86.790339, 36.094964 ], [ -86.79038, 36.095266 ], [ -86.790437, 36.095808 ], [ -86.79048, 36.096211 ], [ -86.790465, 36.096332 ], [ -86.790484, 36.096446 ], [ -86.790541, 36.09679 ], [ -86.790561, 36.096905 ], [ -86.790574, 36.097082 ], [ -86.790616, 36.097613 ], [ -86.790624, 36.097712 ], [ -86.79063, 36.097791 ], [ -86.790678, 36.097967 ], [ -86.790698, 36.098174 ], [ -86.790737, 36.098514 ], [ -86.790759, 36.098696 ], [ -86.79078, 36.099039 ], [ -86.790802, 36.099396 ], [ -86.790844, 36.10007 ], [ -86.790866, 36.100414 ], [ -86.790834, 36.100712 ], [ -86.790815, 36.100895 ], [ -86.790777, 36.101134 ], [ -86.790686, 36.101599 ], [ -86.790668, 36.101695 ], [ -86.790638, 36.101895 ], [ -86.790534, 36.102114 ], [ -86.7904, 36.102494 ], [ -86.790328, 36.102668 ], [ -86.790283, 36.102793 ], [ -86.790116, 36.103257 ], [ -86.789946, 36.103731 ], [ -86.789901, 36.103832 ], [ -86.789864, 36.103929 ], [ -86.78977, 36.104175 ], [ -86.789279, 36.105476 ], [ -86.789264, 36.105516 ], [ -86.789103, 36.105966 ], [ -86.789021, 36.105957 ], [ -86.788776, 36.105933 ], [ -86.788695, 36.105925 ], [ -86.788541, 36.10591 ], [ -86.788445, 36.105899 ], [ -86.788005, 36.105849 ], [ -86.787925, 36.105841 ], [ -86.787698, 36.105813 ], [ -86.787444, 36.105782 ], [ -86.786916, 36.105722 ], [ -86.786884, 36.1059 ], [ -86.786906, 36.105978 ], [ -86.786915, 36.106009 ], [ -86.786977, 36.106149 ], [ -86.787019, 36.106276 ], [ -86.787021, 36.106438 ], [ -86.786997, 36.106555 ], [ -86.786977, 36.106613 ], [ -86.786909, 36.106823 ], [ -86.786734, 36.106994 ], [ -86.786616, 36.107112 ], [ -86.786335, 36.107398 ], [ -86.786204, 36.10752 ], [ -86.786124, 36.10757 ], [ -86.785892, 36.107578 ], [ -86.785562, 36.10757 ], [ -86.785448, 36.107568 ], [ -86.785152, 36.107591 ], [ -86.785163, 36.107708 ], [ -86.785196, 36.108061 ], [ -86.785203, 36.108134 ], [ -86.785211, 36.108179 ], [ -86.78513, 36.108206 ], [ -86.784994, 36.108278 ], [ -86.784886, 36.108366 ], [ -86.784812, 36.108465 ], [ -86.784588, 36.108596 ], [ -86.784518, 36.108634 ], [ -86.784439, 36.108679 ], [ -86.784148, 36.108899 ], [ -86.783958, 36.109052 ], [ -86.783883, 36.109129 ], [ -86.783463, 36.109371 ], [ -86.783267, 36.109464 ], [ -86.78307, 36.109547 ], [ -86.782684, 36.109745 ], [ -86.782346, 36.109884 ], [ -86.782251, 36.109942 ], [ -86.782108, 36.110041 ], [ -86.782, 36.110063 ], [ -86.781939, 36.110085 ], [ -86.781831, 36.110091 ], [ -86.781743, 36.110102 ], [ -86.781675, 36.110124 ], [ -86.781634, 36.110146 ], [ -86.781607, 36.110167 ], [ -86.781596, 36.110196 ], [ -86.780974, 36.110114 ], [ -86.780522, 36.110041 ], [ -86.78015, 36.109976 ], [ -86.779499, 36.109897 ], [ -86.779318, 36.109894 ], [ -86.779148, 36.109948 ], [ -86.77878, 36.109945 ], [ -86.777794, 36.109989 ], [ -86.777251, 36.110042 ], [ -86.776762, 36.110075 ], [ -86.776264, 36.110092 ], [ -86.775839, 36.110119 ], [ -86.775741, 36.110124 ], [ -86.775448, 36.110143 ], [ -86.775351, 36.11015 ], [ -86.775065, 36.11017 ], [ -86.77496, 36.110179 ], [ -86.774559, 36.110214 ], [ -86.77379, 36.110264 ], [ -86.7734, 36.11029 ], [ -86.773377, 36.110291 ], [ -86.773311, 36.110295 ], [ -86.773289, 36.110297 ], [ -86.772665, 36.110321 ], [ -86.772542, 36.110345 ], [ -86.772234, 36.110409 ], [ -86.772033, 36.110467 ], [ -86.771789, 36.11058 ], [ -86.771555, 36.110739 ], [ -86.771394, 36.110864 ], [ -86.771345, 36.110902 ], [ -86.771069, 36.111118 ], [ -86.771115, 36.111186 ], [ -86.771213, 36.111332 ], [ -86.77165, 36.111982 ], [ -86.771777, 36.112199 ], [ -86.771724, 36.112194 ], [ -86.771565, 36.112179 ], [ -86.771512, 36.112175 ], [ -86.77136, 36.112165 ], [ -86.770907, 36.112137 ], [ -86.770756, 36.112128 ], [ -86.770697, 36.112112 ], [ -86.769045, 36.11228 ], [ -86.769021, 36.112292 ], [ -86.768841, 36.112316 ], [ -86.76864, 36.11235 ], [ -86.768281, 36.112386 ], [ -86.768224, 36.112387 ], [ -86.768018, 36.112395 ], [ -86.767818, 36.112382 ], [ -86.767218, 36.112345 ], [ -86.767018, 36.112333 ], [ -86.767075, 36.112114 ], [ -86.767085, 36.112059 ], [ -86.767156, 36.111702 ], [ -86.767208, 36.111224 ], [ -86.767211, 36.111206 ], [ -86.767212, 36.110943 ], [ -86.767051, 36.110654 ], [ -86.766789, 36.110155 ], [ -86.766283, 36.109189 ], [ -86.765461, 36.107826 ], [ -86.765042, 36.10713 ], [ -86.764991, 36.107068 ], [ -86.763487, 36.105309 ], [ -86.764972, 36.10635 ], [ -86.765055, 36.106311 ], [ -86.765016, 36.106254 ], [ -86.7649, 36.106051 ], [ -86.764799, 36.105924 ], [ -86.764765, 36.105853 ], [ -86.764752, 36.105798 ], [ -86.764745, 36.105727 ], [ -86.764725, 36.105688 ], [ -86.76465, 36.105578 ], [ -86.764562, 36.105435 ], [ -86.764467, 36.105292 ], [ -86.764129, 36.104765 ], [ -86.764102, 36.104721 ], [ -86.763649, 36.103978 ], [ -86.763493, 36.103813 ], [ -86.763392, 36.103687 ], [ -86.763222, 36.103511 ], [ -86.763107, 36.103357 ], [ -86.762959, 36.103209 ], [ -86.762864, 36.103099 ], [ -86.762796, 36.102961 ], [ -86.762733, 36.102861 ], [ -86.762683, 36.102782 ], [ -86.762668, 36.102758 ], [ -86.762566, 36.10262 ], [ -86.76253, 36.102548 ], [ -86.762489, 36.102465 ], [ -86.762444, 36.102479 ], [ -86.76231, 36.102524 ], [ -86.762266, 36.102539 ], [ -86.762252, 36.102504 ], [ -86.762213, 36.1024 ], [ -86.7622, 36.102366 ], [ -86.762155, 36.102229 ], [ -86.762088, 36.102117 ], [ -86.761997, 36.101963 ], [ -86.761709, 36.101517 ], [ -86.761647, 36.101426 ], [ -86.761493, 36.1012 ], [ -86.761475, 36.101172 ], [ -86.761423, 36.10109 ], [ -86.761406, 36.101063 ], [ -86.761312, 36.100841 ], [ -86.761219, 36.100618 ], [ -86.76111, 36.100357 ], [ -86.760895, 36.099841 ], [ -86.760149, 36.098432 ], [ -86.760084, 36.098308 ], [ -86.759764, 36.097703 ], [ -86.759727, 36.097632 ], [ -86.759387, 36.096984 ], [ -86.759086, 36.096409 ], [ -86.759011, 36.096257 ], [ -86.758889, 36.095938 ], [ -86.758808, 36.095727 ], [ -86.758625, 36.09527 ], [ -86.758511, 36.094975 ], [ -86.758247, 36.094294 ], [ -86.758303, 36.094251 ], [ -86.758474, 36.094124 ], [ -86.758531, 36.094082 ], [ -86.758566, 36.094055 ], [ -86.758606, 36.094026 ], [ -86.758672, 36.093974 ], [ -86.758707, 36.093947 ], [ -86.758929, 36.093773 ], [ -86.759594, 36.093252 ], [ -86.759817, 36.093079 ], [ -86.760061, 36.092888 ], [ -86.760301, 36.092669 ], [ -86.760422, 36.092539 ], [ -86.760578, 36.092372 ], [ -86.760596, 36.092351 ], [ -86.760653, 36.09229 ], [ -86.760673, 36.09227 ], [ -86.76084, 36.09209 ], [ -86.761341, 36.091552 ], [ -86.761509, 36.091373 ], [ -86.761723, 36.091055 ], [ -86.761888, 36.090758 ], [ -86.761918, 36.090689 ], [ -86.76197, 36.090535 ], [ -86.761974, 36.090525 ], [ -86.76204, 36.090274 ], [ -86.76206, 36.090151 ], [ -86.762071, 36.090046 ], [ -86.762077, 36.089785 ], [ -86.762081, 36.087665 ], [ -86.762082, 36.087473 ], [ -86.762079, 36.087243 ], [ -86.762031, 36.086707 ], [ -86.76203, 36.086691 ], [ -86.761988, 36.086347 ], [ -86.761859, 36.085267 ], [ -86.761817, 36.084908 ], [ -86.761778, 36.08459 ], [ -86.761663, 36.083636 ], [ -86.761625, 36.083319 ], [ -86.761601, 36.083121 ], [ -86.761568, 36.08259 ], [ -86.761593, 36.08238 ], [ -86.761704, 36.082103 ], [ -86.761101, 36.081883 ], [ -86.761063, 36.081869 ], [ -86.761033, 36.081858 ], [ -86.760949, 36.081834 ], [ -86.760924, 36.081827 ], [ -86.760912, 36.081822 ], [ -86.760874, 36.081808 ], [ -86.76083, 36.081791 ], [ -86.760813, 36.081785 ], [ -86.76063, 36.081728 ], [ -86.760569, 36.081709 ], [ -86.760488, 36.081684 ], [ -86.760433, 36.081667 ], [ -86.760253, 36.081597 ], [ -86.760175, 36.081567 ], [ -86.760162, 36.081559 ], [ -86.760126, 36.081549 ], [ -86.760086, 36.081535 ], [ -86.760072, 36.08153 ], [ -86.760033, 36.081515 ], [ -86.76002, 36.081511 ], [ -86.759876, 36.081459 ], [ -86.759827, 36.081442 ], [ -86.759634, 36.081372 ], [ -86.759466, 36.081324 ], [ -86.759444, 36.081317 ], [ -86.759298, 36.081277 ], [ -86.759113, 36.081231 ], [ -86.75874, 36.08114 ], [ -86.758556, 36.081106 ], [ -86.758369, 36.081073 ], [ -86.758386, 36.080941 ], [ -86.758439, 36.080548 ], [ -86.758457, 36.080417 ], [ -86.75846, 36.080369 ], [ -86.758475, 36.080252 ], [ -86.758538, 36.079759 ], [ -86.75856, 36.079595 ], [ -86.758607, 36.079244 ], [ -86.75875, 36.078194 ], [ -86.758798, 36.077845 ], [ -86.758882, 36.077227 ], [ -86.759128, 36.075428 ], [ -86.759136, 36.075375 ], [ -86.759152, 36.075252 ], [ -86.759194, 36.074954 ], [ -86.75921, 36.074757 ], [ -86.75925, 36.074482 ], [ -86.759264, 36.074387 ], [ -86.759281, 36.074203 ], [ -86.75928, 36.07407 ], [ -86.759212, 36.073658 ], [ -86.759204, 36.07361 ], [ -86.759141, 36.073391 ], [ -86.759073, 36.073055 ], [ -86.758975, 36.072563 ], [ -86.75886, 36.07205 ], [ -86.758811, 36.071827 ], [ -86.75879, 36.071716 ], [ -86.758752, 36.071382 ], [ -86.758742, 36.071284 ], [ -86.758716, 36.070965 ], [ -86.758698, 36.070673 ], [ -86.758697, 36.070377 ], [ -86.758697, 36.070106 ], [ -86.758717, 36.070045 ], [ -86.758731, 36.069798 ], [ -86.758765, 36.06967 ], [ -86.758789, 36.069585 ], [ -86.758939, 36.069174 ], [ -86.75915, 36.068597 ], [ -86.759195, 36.068476 ], [ -86.759306, 36.068252 ], [ -86.759364, 36.068005 ], [ -86.759369, 36.067977 ], [ -86.759451, 36.067588 ], [ -86.759406, 36.067144 ], [ -86.759379, 36.066864 ], [ -86.759372, 36.066781 ], [ -86.759351, 36.066537 ], [ -86.759306, 36.066008 ], [ -86.759267, 36.06556 ], [ -86.75924, 36.065234 ], [ -86.75925, 36.064997 ], [ -86.759282, 36.064289 ], [ -86.759294, 36.064054 ], [ -86.759294, 36.063826 ], [ -86.759296, 36.063142 ], [ -86.759297, 36.062915 ], [ -86.759289, 36.062662 ], [ -86.75929, 36.062649 ], [ -86.759312, 36.062415 ], [ -86.759314, 36.062042 ], [ -86.75928, 36.061855 ], [ -86.759234, 36.061594 ], [ -86.759183, 36.061248 ], [ -86.759118, 36.060806 ], [ -86.759139, 36.060503 ], [ -86.759166, 36.060296 ], [ -86.75918, 36.060207 ], [ -86.759239, 36.059863 ], [ -86.759266, 36.059704 ], [ -86.759309, 36.059533 ], [ -86.759366, 36.059398 ], [ -86.759375, 36.05938 ], [ -86.759576, 36.0591 ], [ -86.760009, 36.058601 ], [ -86.760082, 36.058494 ], [ -86.760175, 36.058262 ], [ -86.760182, 36.058216 ], [ -86.760194, 36.058141 ], [ -86.760193, 36.058017 ], [ -86.760147, 36.057737 ], [ -86.760074, 36.057307 ], [ -86.760045, 36.057173 ], [ -86.76001, 36.057011 ], [ -86.759891, 36.056623 ], [ -86.75956, 36.055702 ], [ -86.759527, 36.055538 ], [ -86.759522, 36.055513 ], [ -86.759514, 36.055321 ], [ -86.759521, 36.055225 ], [ -86.759559, 36.05497 ], [ -86.75957, 36.054802 ], [ -86.759574, 36.054659 ], [ -86.759557, 36.054516 ], [ -86.759541, 36.054459 ], [ -86.759518, 36.054377 ], [ -86.759382, 36.054074 ], [ -86.759326, 36.053924 ], [ -86.759305, 36.053843 ], [ -86.759286, 36.0537 ], [ -86.756124, 36.053472 ], [ -86.753852, 36.053308 ], [ -86.749476, 36.052984 ], [ -86.747107, 36.052696 ], [ -86.745024, 36.052442 ], [ -86.743094, 36.052207 ], [ -86.743105, 36.052141 ], [ -86.743204, 36.051604 ], [ -86.74325, 36.051359 ], [ -86.743311, 36.050962 ], [ -86.74332, 36.050917 ], [ -86.743325, 36.050872 ], [ -86.74338, 36.050512 ], [ -86.743463, 36.049972 ], [ -86.743493, 36.049691 ], [ -86.74351, 36.049529 ], [ -86.74356, 36.049082 ], [ -86.743563, 36.049044 ], [ -86.743577, 36.048882 ], [ -86.743587, 36.048785 ], [ -86.74362, 36.048495 ], [ -86.743631, 36.048399 ], [ -86.743678, 36.047976 ], [ -86.743751, 36.047326 ], [ -86.74376, 36.047242 ], [ -86.743815, 36.046707 ], [ -86.74386, 36.046285 ], [ -86.743972, 36.04521 ], [ -86.744014, 36.044853 ], [ -86.744137, 36.043478 ], [ -86.744143, 36.043424 ], [ -86.744125, 36.042947 ], [ -86.744098, 36.042775 ], [ -86.744092, 36.042732 ], [ -86.744064, 36.042612 ], [ -86.743989, 36.04228 ], [ -86.743982, 36.042233 ], [ -86.743929, 36.041857 ], [ -86.743721, 36.041024 ], [ -86.743653, 36.040708 ], [ -86.743507, 36.040019 ], [ -86.740332, 36.039795 ], [ -86.739827, 36.039759 ], [ -86.739633, 36.039738 ], [ -86.739506, 36.03973 ], [ -86.739171, 36.039697 ], [ -86.737953, 36.039541 ], [ -86.737692, 36.039507 ], [ -86.737475, 36.039477 ], [ -86.737324, 36.039453 ], [ -86.736698, 36.039356 ], [ -86.736369, 36.039305 ], [ -86.736225, 36.039281 ], [ -86.735859, 36.03922 ], [ -86.735357, 36.03913 ], [ -86.734093, 36.038903 ], [ -86.733855, 36.038857 ], [ -86.73342, 36.038775 ], [ -86.733355, 36.038763 ], [ -86.733164, 36.038732 ], [ -86.732591, 36.038642 ], [ -86.7324, 36.038613 ], [ -86.73211, 36.038585 ], [ -86.731729, 36.038582 ], [ -86.731538, 36.038597 ], [ -86.731349, 36.03862 ], [ -86.731243, 36.038638 ], [ -86.731161, 36.038653 ], [ -86.73096, 36.038702 ], [ -86.73075, 36.038771 ], [ -86.729945, 36.039028 ], [ -86.729762, 36.039087 ], [ -86.728618, 36.039454 ], [ -86.728372, 36.039543 ], [ -86.727744, 36.03987 ], [ -86.727645, 36.039938 ], [ -86.727255, 36.040298 ], [ -86.726983, 36.040605 ], [ -86.726921, 36.040696 ], [ -86.726812, 36.040884 ], [ -86.726758, 36.040997 ], [ -86.726724, 36.041079 ], [ -86.72667, 36.041217 ], [ -86.726634, 36.041329 ], [ -86.726588, 36.041504 ], [ -86.726542, 36.041768 ], [ -86.726508, 36.042079 ], [ -86.726524, 36.042309 ], [ -86.726258, 36.042205 ], [ -86.726153, 36.042165 ], [ -86.726092, 36.042145 ], [ -86.725934, 36.042092 ], [ -86.725743, 36.041982 ], [ -86.725553, 36.041762 ], [ -86.725543, 36.04175 ], [ -86.725443, 36.041501 ], [ -86.725417, 36.041404 ], [ -86.725362, 36.041086 ], [ -86.725346, 36.040835 ], [ -86.725342, 36.040763 ], [ -86.725331, 36.040712 ], [ -86.72524, 36.040299 ], [ -86.725069, 36.040027 ], [ -86.724802, 36.039823 ], [ -86.724513, 36.039628 ], [ -86.7242, 36.03928 ], [ -86.724187, 36.039265 ], [ -86.72408, 36.038929 ], [ -86.724024, 36.038634 ], [ -86.723976, 36.038484 ], [ -86.723917, 36.038245 ], [ -86.723909, 36.038213 ], [ -86.723837, 36.037884 ], [ -86.723807, 36.037765 ], [ -86.72373, 36.03753 ], [ -86.723556, 36.037109 ], [ -86.72355, 36.037096 ], [ -86.723465, 36.0369 ], [ -86.72338, 36.036732 ], [ -86.723577, 36.036582 ], [ -86.723671, 36.036497 ], [ -86.723703, 36.03646 ], [ -86.723712, 36.036451 ], [ -86.723748, 36.036402 ], [ -86.723801, 36.036307 ], [ -86.723835, 36.036195 ], [ -86.723869, 36.036151 ], [ -86.723836, 36.035965 ], [ -86.72365, 36.035468 ], [ -86.723645, 36.035402 ], [ -86.723656, 36.035273 ], [ -86.723662, 36.035205 ], [ -86.7237, 36.035076 ], [ -86.72382, 36.034892 ], [ -86.723905, 36.03482 ], [ -86.724042, 36.034753 ], [ -86.724135, 36.034709 ], [ -86.724403, 36.034676 ], [ -86.724421, 36.034188 ], [ -86.724631, 36.033676 ], [ -86.724887, 36.033141 ], [ -86.724887, 36.032768 ], [ -86.72477, 36.032233 ], [ -86.72477, 36.031767 ], [ -86.724491, 36.030906 ], [ -86.724235, 36.030277 ], [ -86.723956, 36.029602 ], [ -86.723723, 36.028904 ], [ -86.72342, 36.028415 ], [ -86.723164, 36.028159 ], [ -86.723117, 36.027996 ], [ -86.723117, 36.027414 ], [ -86.722551, 36.025992 ], [ -86.722487, 36.025987 ], [ -86.721777, 36.025937 ], [ -86.721736, 36.025933 ], [ -86.721379, 36.025901 ], [ -86.721027, 36.025862 ], [ -86.721009, 36.02586 ], [ -86.720643, 36.025824 ], [ -86.720279, 36.025775 ], [ -86.719977, 36.025723 ], [ -86.719629, 36.025663 ], [ -86.719685, 36.025538 ], [ -86.71971, 36.025356 ], [ -86.719747, 36.025134 ], [ -86.719761, 36.025053 ], [ -86.71974, 36.025003 ], [ -86.719547, 36.024985 ], [ -86.718968, 36.024934 ], [ -86.718776, 36.024917 ], [ -86.718662, 36.024892 ], [ -86.718647, 36.024892 ], [ -86.718574, 36.024892 ], [ -86.7184, 36.024907 ], [ -86.718272, 36.024929 ], [ -86.718256, 36.024933 ], [ -86.718131, 36.024973 ], [ -86.717961, 36.025047 ], [ -86.717844, 36.025099 ], [ -86.717584, 36.025189 ], [ -86.717493, 36.025211 ], [ -86.717436, 36.02522 ], [ -86.717255, 36.025253 ], [ -86.717065, 36.025266 ], [ -86.716946, 36.025261 ], [ -86.716885, 36.025255 ], [ -86.716628, 36.02523 ], [ -86.716258, 36.025202 ], [ -86.716046, 36.025204 ], [ -86.715835, 36.025223 ], [ -86.715777, 36.025232 ], [ -86.715634, 36.025257 ], [ -86.715419, 36.025323 ], [ -86.715339, 36.025338 ], [ -86.715199, 36.025379 ], [ -86.71513, 36.0254 ], [ -86.714858, 36.025454 ], [ -86.714558, 36.025489 ], [ -86.714531, 36.02549 ], [ -86.714305, 36.025499 ], [ -86.714053, 36.025493 ], [ -86.713555, 36.025482 ], [ -86.713356, 36.025484 ], [ -86.7133, 36.025481 ], [ -86.713049, 36.02547 ], [ -86.712986, 36.024749 ], [ -86.712964, 36.024589 ], [ -86.712905, 36.024244 ], [ -86.712832, 36.023943 ], [ -86.712652, 36.023398 ], [ -86.712629, 36.023326 ], [ -86.71247, 36.022966 ], [ -86.712308, 36.022652 ], [ -86.712213, 36.022467 ], [ -86.711879, 36.021955 ], [ -86.711562, 36.021529 ], [ -86.711388, 36.021346 ], [ -86.711211, 36.021158 ], [ -86.710528, 36.020472 ], [ -86.710125, 36.020108 ], [ -86.709271, 36.019274 ], [ -86.708578, 36.018599 ], [ -86.70833, 36.018357 ], [ -86.707913, 36.01795 ], [ -86.707068, 36.017115 ], [ -86.706904, 36.016907 ], [ -86.706785, 36.016769 ], [ -86.706413, 36.01634 ], [ -86.706223, 36.016114 ], [ -86.706131, 36.016025 ], [ -86.705927, 36.015743 ], [ -86.705809, 36.01558 ], [ -86.705666, 36.015382 ], [ -86.705263, 36.014775 ], [ -86.705088, 36.014512 ], [ -86.70402, 36.01298 ], [ -86.703881, 36.01278 ], [ -86.703832, 36.012716 ], [ -86.703768, 36.012634 ], [ -86.703608, 36.012382 ], [ -86.703482, 36.012228 ], [ -86.703421, 36.012131 ], [ -86.703186, 36.011794 ], [ -86.702649, 36.011024 ], [ -86.702106, 36.010245 ], [ -86.701974, 36.010026 ], [ -86.701689, 36.009526 ], [ -86.701509, 36.009178 ], [ -86.701482, 36.009196 ], [ -86.70067, 36.009592 ], [ -86.700649, 36.009599 ], [ -86.700053, 36.009798 ], [ -86.699746, 36.009798 ], [ -86.699245, 36.009684 ], [ -86.697181, 36.009106 ], [ -86.697114, 36.009088 ], [ -86.696716, 36.008986 ], [ -86.695496, 36.00879 ], [ -86.695023, 36.008807 ], [ -86.69483, 36.008825 ], [ -86.694778, 36.008816 ], [ -86.694379, 36.008831 ], [ -86.693188, 36.009668 ], [ -86.69255, 36.010304 ], [ -86.692332, 36.010447 ], [ -86.691947, 36.010699 ], [ -86.691922, 36.010727 ], [ -86.691862, 36.010754 ], [ -86.691351, 36.011089 ], [ -86.690654, 36.011403 ], [ -86.689986, 36.011797 ], [ -86.689365, 36.012327 ], [ -86.68896, 36.012535 ], [ -86.688576, 36.012604 ], [ -86.68827, 36.012576 ], [ -86.687652, 36.012397 ], [ -86.68695, 36.012425 ], [ -86.686628, 36.012466 ], [ -86.685117, 36.01289 ], [ -86.684886, 36.012995 ], [ -86.68474, 36.013146 ], [ -86.68467, 36.013219 ], [ -86.684535, 36.013461 ], [ -86.684476, 36.013811 ], [ -86.684486, 36.014295 ], [ -86.684539, 36.014604 ], [ -86.684753, 36.015177 ], [ -86.685323, 36.016135 ], [ -86.685959, 36.017002 ], [ -86.686158, 36.0172 ], [ -86.686318, 36.017359 ], [ -86.686604, 36.017645 ], [ -86.686771, 36.017862 ], [ -86.68691, 36.018041 ], [ -86.687145, 36.018417 ], [ -86.687551, 36.019457 ], [ -86.687629, 36.019766 ], [ -86.687613, 36.019939 ], [ -86.68744, 36.020047 ], [ -86.687385, 36.020069 ], [ -86.686534, 36.020416 ], [ -86.686147, 36.020619 ], [ -86.685418, 36.021004 ], [ -86.684431, 36.021897 ], [ -86.684258, 36.022008 ], [ -86.68404, 36.022043 ], [ -86.683923, 36.022044 ], [ -86.683334, 36.022055 ], [ -86.682762, 36.021879 ], [ -86.682464, 36.021655 ], [ -86.681671, 36.021059 ], [ -86.68096, 36.020775 ], [ -86.680847, 36.02076 ], [ -86.680835, 36.02083 ], [ -86.680786, 36.021133 ], [ -86.680733, 36.021472 ], [ -86.680664, 36.021982 ], [ -86.680621, 36.022257 ], [ -86.680564, 36.022632 ], [ -86.68053, 36.022791 ], [ -86.680515, 36.022896 ], [ -86.680405, 36.023695 ], [ -86.680397, 36.023755 ], [ -86.680367, 36.023962 ], [ -86.680314, 36.024331 ], [ -86.680278, 36.024583 ], [ -86.680215, 36.025026 ], [ -86.680172, 36.025252 ], [ -86.68016, 36.025351 ], [ -86.680166, 36.025588 ], [ -86.68018, 36.025707 ], [ -86.680217, 36.025858 ], [ -86.680267, 36.026013 ], [ -86.680317, 36.026141 ], [ -86.680421, 36.026342 ], [ -86.68046, 36.026398 ], [ -86.680582, 36.026572 ], [ -86.680828, 36.026907 ], [ -86.680327, 36.02732 ], [ -86.680051, 36.027515 ], [ -86.679687, 36.027724 ], [ -86.679282, 36.027942 ], [ -86.67893, 36.028055 ], [ -86.678582, 36.028132 ], [ -86.678284, 36.028177 ], [ -86.678064, 36.028146 ], [ -86.677732, 36.028149 ], [ -86.677556, 36.02814 ], [ -86.677329, 36.028122 ], [ -86.675285, 36.027904 ], [ -86.67494, 36.027887 ], [ -86.674722, 36.027888 ], [ -86.674487, 36.027898 ], [ -86.674292, 36.027912 ], [ -86.673829, 36.027973 ], [ -86.673489, 36.028043 ], [ -86.673156, 36.028136 ], [ -86.672709, 36.028307 ], [ -86.671514, 36.028493 ], [ -86.669029, 36.028615 ], [ -86.667507, 36.028501 ], [ -86.66732, 36.028487 ], [ -86.667249, 36.028482 ], [ -86.667168, 36.028476 ], [ -86.66693, 36.028458 ], [ -86.666742, 36.028444 ], [ -86.666699, 36.028439 ], [ -86.666427, 36.028405 ], [ -86.666348, 36.028374 ], [ -86.666213, 36.028322 ], [ -86.666019, 36.02815 ], [ -86.66591, 36.027958 ], [ -86.665574, 36.026764 ], [ -86.665534, 36.026656 ], [ -86.665428, 36.026428 ], [ -86.665404, 36.026383 ], [ -86.665189, 36.025991 ], [ -86.664753, 36.025193 ], [ -86.664637, 36.024907 ], [ -86.664575, 36.024752 ], [ -86.664533, 36.02459 ], [ -86.664492, 36.024171 ], [ -86.664512, 36.024004 ], [ -86.664526, 36.023899 ], [ -86.664556, 36.023699 ], [ -86.664628, 36.023208 ], [ -86.664677, 36.022875 ], [ -86.66474, 36.02249 ], [ -86.664808, 36.022071 ], [ -86.664944, 36.021172 ], [ -86.664954, 36.021109 ], [ -86.665092, 36.020312 ], [ -86.665044, 36.019761 ], [ -86.664896, 36.019373 ], [ -86.664531, 36.018627 ], [ -86.664425, 36.018355 ], [ -86.664381, 36.018165 ], [ -86.664354, 36.017877 ], [ -86.664356, 36.017665 ], [ -86.664481, 36.016924 ], [ -86.664539, 36.016578 ], [ -86.664699, 36.015565 ], [ -86.664791, 36.01515 ], [ -86.664846, 36.014907 ], [ -86.66511, 36.014091 ], [ -86.665143, 36.013867 ], [ -86.665168, 36.013575 ], [ -86.665165, 36.013491 ], [ -86.665159, 36.01329 ], [ -86.665164, 36.012718 ], [ -86.665238, 36.012165 ], [ -86.665295, 36.011785 ], [ -86.665405, 36.011128 ], [ -86.665439, 36.010892 ], [ -86.665462, 36.0105 ], [ -86.665485, 36.010293 ], [ -86.6655, 36.010159 ], [ -86.665655, 36.009414 ], [ -86.665792, 36.008853 ], [ -86.665862, 36.008532 ], [ -86.665902, 36.008355 ], [ -86.665923, 36.008158 ], [ -86.665914, 36.008024 ], [ -86.665885, 36.007943 ], [ -86.665759, 36.007826 ], [ -86.665672, 36.007771 ], [ -86.66549, 36.0077 ], [ -86.665138, 36.007632 ], [ -86.664861, 36.007595 ], [ -86.661914, 36.00839 ], [ -86.658345, 36.010183 ], [ -86.655332, 36.011761 ], [ -86.651064, 36.013859 ], [ -86.645601, 36.017759 ], [ -86.641821, 36.015149 ], [ -86.641827, 36.015105 ], [ -86.641843, 36.015018 ], [ -86.64181, 36.014597 ], [ -86.641508, 36.014238 ], [ -86.641304, 36.013953 ], [ -86.641016, 36.013693 ], [ -86.640642, 36.013547 ], [ -86.640484, 36.013442 ], [ -86.640216, 36.013009 ], [ -86.640121, 36.012762 ], [ -86.640072, 36.0126 ], [ -86.639765, 36.01179 ], [ -86.639694, 36.011511 ], [ -86.639693, 36.011218 ], [ -86.639715, 36.01113 ], [ -86.639726, 36.010991 ], [ -86.64006, 36.008821 ], [ -86.640152, 36.007953 ], [ -86.640226, 36.006614 ], [ -86.640258, 36.006044 ], [ -86.640249, 36.005931 ], [ -86.639859, 36.005367 ], [ -86.639593, 36.005047 ], [ -86.639266, 36.004634 ], [ -86.63706, 36.001774 ], [ -86.636309, 36.000809 ], [ -86.635893, 36.000241 ], [ -86.635605, 36.000193 ], [ -86.635203, 36.000161 ], [ -86.634784, 36.000211 ], [ -86.634421, 36.000369 ], [ -86.63402, 36.000637 ], [ -86.633961, 36.000671 ], [ -86.633558, 36.000907 ], [ -86.633333, 36.001028 ], [ -86.632218, 36.001564 ], [ -86.632097, 36.001626 ], [ -86.631942, 36.001706 ], [ -86.631737, 36.001818 ], [ -86.631114, 36.00219 ], [ -86.630884, 36.002335 ], [ -86.630723, 36.002444 ], [ -86.630633, 36.002506 ], [ -86.630136, 36.002878 ], [ -86.629589, 36.003294 ], [ -86.629285, 36.003527 ], [ -86.629098, 36.003674 ], [ -86.628837, 36.003829 ], [ -86.628763, 36.003861 ], [ -86.628693, 36.003882 ], [ -86.628523, 36.003936 ], [ -86.627928, 36.004109 ], [ -86.627655, 36.004168 ], [ -86.626671, 36.004234 ], [ -86.626317, 36.004377 ], [ -86.626167, 36.004442 ], [ -86.625821, 36.004583 ], [ -86.625748, 36.004614 ], [ -86.625079, 36.004901 ], [ -86.624858, 36.004947 ], [ -86.624673, 36.004951 ], [ -86.623733, 36.004943 ], [ -86.622818, 36.004927 ], [ -86.621931, 36.004913 ], [ -86.621821, 36.004925 ], [ -86.621799, 36.005118 ], [ -86.621776, 36.005326 ], [ -86.621773, 36.005701 ], [ -86.621772, 36.005896 ], [ -86.620787, 36.005865 ], [ -86.620766, 36.005863 ], [ -86.620731, 36.005862 ], [ -86.620573, 36.005855 ], [ -86.620409, 36.005847 ], [ -86.620308, 36.005829 ], [ -86.620287, 36.005825 ], [ -86.620104, 36.005786 ], [ -86.619961, 36.005715 ], [ -86.619831, 36.00562 ], [ -86.619703, 36.005499 ], [ -86.619624, 36.005376 ], [ -86.619566, 36.005184 ], [ -86.619572, 36.004875 ], [ -86.619639, 36.003681 ], [ -86.619659, 36.003333 ], [ -86.619702, 36.002678 ], [ -86.619683, 36.00268 ], [ -86.619426, 36.002779 ], [ -86.619203, 36.00285 ], [ -86.619095, 36.002911 ], [ -86.619, 36.002988 ], [ -86.618906, 36.003103 ], [ -86.618865, 36.003169 ], [ -86.618737, 36.003526 ], [ -86.618602, 36.003796 ], [ -86.618406, 36.004351 ], [ -86.618062, 36.005099 ], [ -86.617947, 36.005401 ], [ -86.617879, 36.005494 ], [ -86.617798, 36.005549 ], [ -86.617737, 36.005604 ], [ -86.61771, 36.005643 ], [ -86.617704, 36.005703 ], [ -86.617738, 36.005868 ], [ -86.617684, 36.006176 ], [ -86.617637, 36.006533 ], [ -86.617556, 36.006918 ], [ -86.617508, 36.007083 ], [ -86.617441, 36.007231 ], [ -86.617306, 36.007435 ], [ -86.61715, 36.007605 ], [ -86.616995, 36.007847 ], [ -86.616833, 36.008017 ], [ -86.616731, 36.008155 ], [ -86.616576, 36.008292 ], [ -86.616305, 36.008479 ], [ -86.616129, 36.008534 ], [ -86.615913, 36.00854 ], [ -86.615345, 36.008645 ], [ -86.615203, 36.0087 ], [ -86.615027, 36.008815 ], [ -86.614744, 36.009028 ], [ -86.612734, 36.007273 ], [ -86.612745, 36.00721 ], [ -86.612961, 36.00596 ], [ -86.614345, 35.998409 ], [ -86.614442, 35.997882 ], [ -86.614484, 35.997647 ], [ -86.614613, 35.996944 ], [ -86.614656, 35.99671 ], [ -86.615048, 35.994569 ], [ -86.615588, 35.991624 ], [ -86.612077, 35.991215 ], [ -86.609916, 35.990964 ], [ -86.609591, 35.990926 ], [ -86.609618, 35.990735 ], [ -86.609837, 35.989192 ], [ -86.609911, 35.988678 ], [ -86.609928, 35.988567 ], [ -86.609981, 35.988236 ], [ -86.609999, 35.988126 ], [ -86.610007, 35.987902 ], [ -86.61005, 35.986733 ], [ -86.610086, 35.985755 ], [ -86.607225, 35.985472 ], [ -86.607285, 35.985152 ], [ -86.607547, 35.983784 ], [ -86.607575, 35.983638 ], [ -86.607598, 35.983343 ], [ -86.607701, 35.982015 ], [ -86.607728, 35.98168 ], [ -86.607743, 35.981573 ], [ -86.607995, 35.979772 ], [ -86.609595, 35.979822 ], [ -86.609822, 35.97863 ], [ -86.610425, 35.975468 ], [ -86.613646, 35.975552 ], [ -86.613688, 35.972391 ], [ -86.614336, 35.968283 ], [ -86.614357, 35.968149 ], [ -86.614363, 35.968114 ], [ -86.61439, 35.967946 ], [ -86.614415, 35.967785 ], [ -86.618658, 35.968205 ], [ -86.618704, 35.968208 ], [ -86.618845, 35.96822 ], [ -86.618892, 35.968224 ], [ -86.618878, 35.968395 ], [ -86.618857, 35.96866 ], [ -86.618837, 35.968908 ], [ -86.618828, 35.969023 ], [ -86.618822, 35.96908 ], [ -86.618782, 35.969481 ], [ -86.618664, 35.970684 ], [ -86.618625, 35.971086 ], [ -86.6186, 35.971336 ], [ -86.621951, 35.971627 ], [ -86.627695, 35.972128 ], [ -86.627397, 35.974027 ], [ -86.630549, 35.974241 ], [ -86.632912, 35.974401 ], [ -86.634157, 35.974486 ], [ -86.634622, 35.974517 ], [ -86.636019, 35.97461 ], [ -86.636485, 35.974642 ], [ -86.638366, 35.974779 ], [ -86.638803, 35.974811 ], [ -86.640347, 35.974948 ], [ -86.642367, 35.975097 ], [ -86.642968, 35.97514 ], [ -86.643552, 35.975181 ], [ -86.644008, 35.975206 ], [ -86.64474, 35.975247 ], [ -86.64514, 35.975269 ], [ -86.645887, 35.975359 ], [ -86.646012, 35.975369 ], [ -86.646387, 35.975402 ], [ -86.646513, 35.975413 ], [ -86.646656, 35.975425 ], [ -86.647085, 35.975461 ], [ -86.647229, 35.975474 ], [ -86.647403, 35.97549 ], [ -86.647925, 35.975539 ], [ -86.648099, 35.975556 ], [ -86.648136, 35.975559 ], [ -86.648195, 35.975565 ], [ -86.64825, 35.975569 ], [ -86.648288, 35.975573 ], [ -86.648288, 35.975641 ], [ -86.648289, 35.975845 ], [ -86.64829, 35.975914 ], [ -86.648288, 35.976422 ], [ -86.64851, 35.976507 ], [ -86.6506, 35.977314 ], [ -86.651297, 35.977584 ], [ -86.651796, 35.977776 ], [ -86.653293, 35.978355 ], [ -86.653793, 35.978548 ], [ -86.653891, 35.978585 ], [ -86.654186, 35.978698 ], [ -86.654285, 35.978736 ], [ -86.654761, 35.97892 ], [ -86.656189, 35.979472 ], [ -86.656665, 35.979657 ], [ -86.66171, 35.981604 ], [ -86.6636, 35.982334 ], [ -86.664248, 35.982583 ], [ -86.664852, 35.982816 ], [ -86.666792, 35.983565 ], [ -86.667542, 35.983855 ], [ -86.669453, 35.984592 ], [ -86.672482, 35.98576 ], [ -86.673426, 35.986124 ], [ -86.673747, 35.986247 ], [ -86.673863, 35.986292 ], [ -86.674534, 35.986552 ], [ -86.674927, 35.986704 ], [ -86.675476, 35.986916 ], [ -86.675519, 35.986933 ], [ -86.675738, 35.987018 ], [ -86.675907, 35.987083 ], [ -86.6761, 35.987158 ], [ -86.676761, 35.987413 ], [ -86.676845, 35.987445 ], [ -86.678252, 35.987988 ], [ -86.679411, 35.988436 ], [ -86.681889, 35.989399 ], [ -86.682, 35.989536 ], [ -86.682189, 35.989769 ], [ -86.682343, 35.989939 ], [ -86.682442, 35.990048 ], [ -86.682462, 35.99007 ], [ -86.682517, 35.99013 ], [ -86.682682, 35.99031 ], [ -86.682737, 35.99037 ], [ -86.682884, 35.990531 ], [ -86.683327, 35.991015 ], [ -86.683475, 35.991177 ], [ -86.683738, 35.991459 ], [ -86.683781, 35.991505 ], [ -86.684523, 35.992314 ], [ -86.684785, 35.992599 ], [ -86.685059, 35.992899 ], [ -86.685882, 35.993799 ], [ -86.686044, 35.993976 ], [ -86.686164, 35.994092 ], [ -86.686347, 35.994269 ], [ -86.686455, 35.994363 ], [ -86.686735, 35.994608 ], [ -86.6872, 35.994962 ], [ -86.687305, 35.995037 ], [ -86.687394, 35.995104 ], [ -86.687714, 35.995343 ], [ -86.68799, 35.995284 ], [ -86.688819, 35.995108 ], [ -86.689019, 35.995066 ], [ -86.689096, 35.99505 ], [ -86.68914, 35.995064 ], [ -86.689273, 35.995109 ], [ -86.689318, 35.995124 ], [ -86.689499, 35.995028 ], [ -86.689614, 35.994966 ], [ -86.689695, 35.994924 ], [ -86.690195, 35.99498 ], [ -86.690694, 35.994905 ], [ -86.691346, 35.994648 ], [ -86.691422, 35.994636 ], [ -86.691596, 35.994572 ], [ -86.691904, 35.994581 ], [ -86.692165, 35.994682 ], [ -86.692324, 35.994753 ], [ -86.692488, 35.994816 ], [ -86.692872, 35.995153 ], [ -86.693053, 35.995665 ], [ -86.693173, 35.996 ], [ -86.693244, 35.996043 ], [ -86.694046, 35.996536 ], [ -86.696672, 35.99815 ], [ -86.697419, 35.998609 ], [ -86.697548, 35.998689 ], [ -86.697925, 35.99892 ], [ -86.699056, 35.999615 ], [ -86.699433, 35.999847 ], [ -86.699555, 35.999922 ], [ -86.699677, 35.999998 ], [ -86.699741, 36.000038 ], [ -86.699806, 36.000077 ], [ -86.69985, 36.000104 ], [ -86.700189, 36.000312 ], [ -86.702458, 36.001705 ], [ -86.703215, 36.00217 ], [ -86.704329, 36.002855 ], [ -86.711543, 36.00729 ], [ -86.712896, 36.008122 ], [ -86.718824, 36.008592 ], [ -86.719198, 36.008621 ], [ -86.720133, 36.00874 ], [ -86.720145, 36.008741 ], [ -86.720169, 36.008744 ], [ -86.72103, 36.008852 ], [ -86.721594, 36.008923 ], [ -86.721703, 36.008932 ], [ -86.72188, 36.008948 ], [ -86.722181, 36.008976 ], [ -86.722411, 36.008994 ], [ -86.722589, 36.009008 ], [ -86.722858, 36.009031 ], [ -86.723668, 36.0091 ], [ -86.723938, 36.009124 ], [ -86.724002, 36.009129 ], [ -86.724195, 36.009146 ], [ -86.72426, 36.009152 ], [ -86.724431, 36.009166 ], [ -86.724944, 36.00921 ], [ -86.725115, 36.009225 ], [ -86.72553, 36.00926 ], [ -86.726076, 36.009306 ], [ -86.726775, 36.009367 ], [ -86.72719, 36.009403 ], [ -86.727236, 36.009407 ], [ -86.727496, 36.009432 ], [ -86.728276, 36.009507 ], [ -86.728537, 36.009532 ], [ -86.729686, 36.009643 ], [ -86.731882, 36.009856 ], [ -86.732069, 36.009873 ], [ -86.732843, 36.010272 ], [ -86.733019, 36.010362 ], [ -86.734046, 36.010891 ], [ -86.734426, 36.011083 ], [ -86.73497, 36.011358 ], [ -86.737742, 36.012762 ], [ -86.738439, 36.013115 ], [ -86.738652, 36.013256 ], [ -86.738806, 36.013336 ], [ -86.739268, 36.013577 ], [ -86.739423, 36.013658 ], [ -86.739659, 36.013781 ], [ -86.739982, 36.013949 ], [ -86.74037, 36.014151 ], [ -86.740607, 36.014275 ], [ -86.741207, 36.014587 ], [ -86.741744, 36.014867 ], [ -86.745155, 36.016646 ], [ -86.746348, 36.017267 ], [ -86.746415, 36.017301 ], [ -86.749514, 36.018916 ], [ -86.750072, 36.019207 ], [ -86.750323, 36.019339 ], [ -86.751316, 36.019865 ], [ -86.754297, 36.021447 ], [ -86.755293, 36.021976 ], [ -86.75541, 36.022037 ], [ -86.755769, 36.022225 ], [ -86.755889, 36.022288 ], [ -86.756818, 36.022779 ], [ -86.759315, 36.024101 ], [ -86.759605, 36.024255 ], [ -86.760444, 36.024699 ], [ -86.760534, 36.024747 ], [ -86.760953, 36.024969 ], [ -86.762211, 36.025635 ], [ -86.762631, 36.025857 ], [ -86.76298, 36.026042 ], [ -86.764029, 36.026597 ], [ -86.764159, 36.026666 ], [ -86.764379, 36.026782 ], [ -86.764968, 36.027094 ], [ -86.766345, 36.027823 ], [ -86.766736, 36.02803 ], [ -86.767112, 36.028229 ], [ -86.767331, 36.028331 ], [ -86.769095, 36.029216 ], [ -86.769289, 36.029313 ], [ -86.775166, 36.032261 ], [ -86.777073, 36.033218 ], [ -86.777128, 36.033239 ], [ -86.777185, 36.033256 ], [ -86.777524, 36.033347 ], [ -86.781367, 36.034324 ], [ -86.781603, 36.0344 ], [ -86.783001, 36.034857 ], [ -86.783079, 36.034886 ], [ -86.783268, 36.034946 ], [ -86.783355, 36.034974 ], [ -86.783463, 36.03501 ], [ -86.783499, 36.035022 ], [ -86.784238, 36.035217 ], [ -86.785814, 36.035625 ], [ -86.786137, 36.035716 ], [ -86.787205, 36.035999 ], [ -86.790875, 36.036715 ], [ -86.791133, 36.036693 ], [ -86.791445, 36.036715 ], [ -86.791639, 36.036734 ], [ -86.793914, 36.036967 ], [ -86.793927, 36.036968 ], [ -86.794688, 36.037066 ], [ -86.795019, 36.037092 ], [ -86.795985, 36.03717 ], [ -86.797332, 36.037279 ], [ -86.79782, 36.037318 ], [ -86.799879, 36.037485 ], [ -86.801014, 36.037577 ], [ -86.801178, 36.037589 ], [ -86.801198, 36.037591 ], [ -86.801261, 36.0376 ], [ -86.801282, 36.037603 ], [ -86.804319, 36.037926 ], [ -86.804967, 36.037995 ], [ -86.80542, 36.038043 ], [ -86.812688, 36.038814 ], [ -86.813433, 36.038894 ], [ -86.81459, 36.039016 ], [ -86.816472, 36.039217 ], [ -86.81713, 36.03929 ], [ -86.819107, 36.039512 ], [ -86.819766, 36.039586 ], [ -86.820187, 36.039632 ], [ -86.821453, 36.039772 ], [ -86.821875, 36.039819 ], [ -86.822159, 36.03985 ], [ -86.822299, 36.039865 ], [ -86.823011, 36.039945 ], [ -86.823296, 36.039977 ], [ -86.823552, 36.040004 ], [ -86.824321, 36.040088 ], [ -86.824578, 36.040116 ], [ -86.824747, 36.040137 ], [ -86.825959, 36.04027 ], [ -86.830104, 36.040727 ], [ -86.831486, 36.04088 ], [ -86.831739, 36.040908 ], [ -86.832499, 36.040995 ], [ -86.832753, 36.041024 ], [ -86.833248, 36.04108 ], [ -86.834733, 36.041249 ], [ -86.835228, 36.041306 ], [ -86.835688, 36.041358 ], [ -86.836575, 36.04146 ], [ -86.837071, 36.041512 ], [ -86.837533, 36.041561 ], [ -86.837553, 36.041564 ], [ -86.837612, 36.041576 ], [ -86.837633, 36.04158 ], [ -86.837678, 36.041586 ], [ -86.83779, 36.041598 ], [ -86.838127, 36.041636 ], [ -86.83824, 36.041649 ], [ -86.839007, 36.041736 ], [ -86.841052, 36.041969 ], [ -86.841309, 36.041998 ], [ -86.842077, 36.042086 ], [ -86.842732, 36.04216 ], [ -86.844698, 36.042385 ], [ -86.845354, 36.04246 ], [ -86.845389, 36.042468 ], [ -86.845715, 36.04252 ], [ -86.846801, 36.042697 ], [ -86.847163, 36.042756 ], [ -86.847545, 36.042806 ], [ -86.848694, 36.042959 ], [ -86.849077, 36.043011 ], [ -86.849478, 36.043059 ], [ -86.850684, 36.043206 ], [ -86.851086, 36.043255 ], [ -86.851942, 36.043374 ], [ -86.854511, 36.043734 ], [ -86.855368, 36.043854 ], [ -86.856653, 36.043966 ], [ -86.856722, 36.043963 ], [ -86.857964, 36.04407 ], [ -86.864957, 36.044672 ], [ -86.864861, 36.044782 ], [ -86.864761, 36.044896 ], [ -86.865008, 36.044925 ], [ -86.872219, 36.045769 ], [ -86.872697, 36.045825 ], [ -86.87426, 36.04603 ], [ -86.877018, 36.046393 ], [ -86.88029, 36.046824 ], [ -86.882165, 36.04707 ], [ -86.88255, 36.047121 ], [ -86.883497, 36.047246 ], [ -86.883805, 36.047286 ], [ -86.88458, 36.047389 ], [ -86.885613, 36.047526 ], [ -86.887386, 36.047758 ], [ -86.888988, 36.04797 ], [ -86.891237, 36.048262 ], [ -86.892639, 36.048428 ], [ -86.893041, 36.048472 ], [ -86.893385, 36.048515 ], [ -86.896719, 36.04892 ], [ -86.903024, 36.04969 ], [ -86.905066, 36.049941 ], [ -86.907999, 36.0503 ], [ -86.908797, 36.050398 ], [ -86.909744, 36.050513 ], [ -86.910991, 36.050665 ], [ -86.912384, 36.050835 ], [ -86.91277, 36.050882 ], [ -86.91684, 36.051403 ], [ -86.919116, 36.051693 ], [ -86.919745, 36.051774 ], [ -86.920112, 36.051822 ], [ -86.921686, 36.052023 ], [ -86.922815, 36.052168 ], [ -86.92353, 36.05226 ], [ -86.926473, 36.052638 ], [ -86.927151, 36.052725 ], [ -86.928602, 36.052909 ], [ -86.928861, 36.052942 ], [ -86.9292, 36.052722 ], [ -86.92929, 36.052664 ], [ -86.930663, 36.051795 ], [ -86.930876, 36.051661 ], [ -86.930998, 36.051584 ], [ -86.931121, 36.051506 ], [ -86.931278, 36.051406 ], [ -86.931435, 36.051307 ], [ -86.932179, 36.050835 ], [ -86.935356, 36.048825 ], [ -86.936415, 36.048156 ], [ -86.936545, 36.048084 ], [ -86.936666, 36.048002 ], [ -86.936762, 36.047937 ], [ -86.936861, 36.047874 ], [ -86.9369, 36.047845 ], [ -86.937108, 36.047708 ], [ -86.937527, 36.047426 ], [ -86.938726, 36.04662 ], [ -86.938871, 36.046525 ], [ -86.939107, 36.046367 ], [ -86.939161, 36.046332 ], [ -86.939232, 36.046303 ], [ -86.941314, 36.044998 ], [ -86.943581, 36.043578 ], [ -86.944169, 36.04321 ], [ -86.944805, 36.042807 ], [ -86.946035, 36.042024 ], [ -86.946388, 36.0418 ], [ -86.946487, 36.041745 ], [ -86.946517, 36.041724 ], [ -86.946608, 36.041664 ], [ -86.946639, 36.041644 ], [ -86.946675, 36.041619 ], [ -86.946786, 36.041547 ], [ -86.946823, 36.041523 ], [ -86.946907, 36.041468 ], [ -86.947012, 36.0414 ], [ -86.947245, 36.041253 ], [ -86.947362, 36.041178 ], [ -86.947456, 36.041119 ], [ -86.947647, 36.040997 ], [ -86.948259, 36.040605 ], [ -86.94876, 36.040284 ], [ -86.950668, 36.039067 ], [ -86.951472, 36.038555 ], [ -86.951513, 36.038528 ], [ -86.951638, 36.03845 ], [ -86.95168, 36.038424 ], [ -86.951692, 36.038416 ], [ -86.951924, 36.038287 ], [ -86.952002, 36.038243 ], [ -86.95235, 36.038013 ], [ -86.95279, 36.037735 ], [ -86.953413, 36.037347 ], [ -86.953695, 36.037172 ], [ -86.95541, 36.036103 ], [ -86.961043, 36.032594 ], [ -86.962633, 36.031603 ], [ -86.962984, 36.031386 ], [ -86.963575, 36.031003 ], [ -86.963867, 36.030814 ], [ -86.96489, 36.030152 ], [ -86.967477, 36.028536 ], [ -86.968249, 36.028054 ], [ -86.968487, 36.027906 ], [ -86.968965, 36.027596 ], [ -86.97075, 36.026467 ], [ -86.972048, 36.02565 ], [ -86.972439, 36.025398 ], [ -86.972582, 36.025305 ], [ -86.972978, 36.02505 ], [ -86.973155, 36.024936 ], [ -86.973354, 36.024808 ], [ -86.973686, 36.024594 ], [ -86.974423, 36.024118 ], [ -86.974663, 36.023965 ], [ -86.975948, 36.023135 ], [ -86.976824, 36.02258 ], [ -86.97964, 36.020799 ], [ -86.980605, 36.020184 ], [ -86.980863, 36.020021 ], [ -86.984985, 36.017408 ], [ -86.987551, 36.015781 ], [ -86.997366, 36.00964 ], [ -86.998537, 36.008908 ], [ -87.00073, 36.007536 ], [ -87.001496, 36.007057 ], [ -87.004417, 36.005227 ], [ -87.00728, 36.003433 ], [ -87.013183, 35.999738 ], [ -87.015522, 35.998274 ], [ -87.015604, 35.998223 ], [ -87.016082, 35.997874 ], [ -87.016153, 35.997822 ], [ -87.016365, 35.997668 ], [ -87.016437, 35.997617 ], [ -87.017627, 35.996752 ], [ -87.018781, 35.995913 ], [ -87.021071, 35.994451 ], [ -87.022766, 35.993368 ], [ -87.023023, 35.993202 ], [ -87.024252, 35.992418 ], [ -87.024785, 35.992078 ], [ -87.026471, 35.991078 ], [ -87.02763, 35.990325 ], [ -87.027833, 35.990193 ], [ -87.028336, 35.989857 ], [ -87.03197, 35.989752 ], [ -87.039223, 35.989286 ], [ -87.039386, 35.989242 ], [ -87.039493, 35.989557 ], [ -87.040288, 35.991944 ], [ -87.040749, 35.993825 ], [ -87.040999, 35.99483 ], [ -87.041427, 35.996563 ], [ -87.04155, 35.997062 ], [ -87.041601, 35.997269 ], [ -87.041693, 35.997643 ], [ -87.041755, 35.997892 ], [ -87.041764, 35.99793 ], [ -87.041843, 35.998251 ], [ -87.042739, 36.001888 ], [ -87.042946, 36.002727 ], [ -87.042991, 36.00291 ], [ -87.043268, 36.004049 ], [ -87.043524, 36.005099 ], [ -87.04362, 36.005496 ], [ -87.044687, 36.009872 ], [ -87.045351, 36.012597 ], [ -87.045677, 36.013935 ], [ -87.046707, 36.018163 ], [ -87.04729, 36.020556 ], [ -87.047862, 36.022903 ], [ -87.048335, 36.024842 ], [ -87.048786, 36.026563 ], [ -87.050887, 36.034585 ], [ -87.051917, 36.038439 ], [ -87.052757, 36.041765 ], [ -87.052901, 36.042337 ], [ -87.053069, 36.042996 ], [ -87.05347, 36.044584 ], [ -87.053625, 36.045198 ], [ -87.053722, 36.045582 ], [ -87.05453, 36.048776 ], [ -87.054705, 36.049986 ], [ -87.054676, 36.049975 ] ] ] } }
]
}
