{
"type": "FeatureCollection",
"name": "districts",
"crs": { "type": "name", "properties": { "name": "urn:ogc:def:crs:OGC:1.3:CRS84" } },
"features": [
{ "type": "Feature", "properties": { "district_num": "64" }, "geometry": { "type": "Polygon", "coordinates": [ [ [ -87.128899, 35.609553 ], [ -87.128735, 35.609559 ], [ -87.128594, 35.609658 ], [ -87.128557, 35.609784 ], [ -87.128679, 35.609917 ], [ -87.128089, 35.610892 ], [ -87.126008, 35.61076 ], [ -87.125937, 35.612526 ], [ -87.125938, 35.612548 ], [ -87.125981, 35.612631 ], [ -87.12595, 35.614034 ], [ -87.125454, 35.614231 ], [ -87.125297, 35.614292 ], [ -87.124735, 35.614518 ], [ -87.124293, 35.614697 ], [ -87.123944, 35.614836 ], [ -87.123845, 35.614875 ], [ -87.123547, 35.614995 ], [ -87.123449, 35.615036 ], [ -87.123377, 35.615065 ], [ -87.123205, 35.615142 ], [ -87.122693, 35.615375 ], [ -87.12248, 35.615476 ], [ -87.122241, 35.615591 ], [ -87.121987, 35.615712 ], [ -87.12146, 35.615965 ], [ -87.121225, 35.616077 ], [ -87.120972, 35.6162 ], [ -87.119969, 35.616651 ], [ -87.119708, 35.616769 ], [ -87.119665, 35.616788 ], [ -87.119615, 35.617132 ], [ -87.119567, 35.617347 ], [ -87.11954, 35.617599 ], [ -87.119468, 35.618045 ], [ -87.118825, 35.618175 ], [ -87.117305, 35.618484 ], [ -87.116993, 35.61821 ], [ -87.116502, 35.617777 ], [ -87.116379, 35.617794 ], [ -87.116313, 35.617798 ], [ -87.115814, 35.617837 ], [ -87.115746, 35.617842 ], [ -87.115558, 35.617857 ], [ -87.115262, 35.61788 ], [ -87.114098, 35.617947 ], [ -87.113949, 35.617956 ], [ -87.113472, 35.617981 ], [ -87.113077, 35.618002 ], [ -87.112058, 35.61806 ], [ -87.111778, 35.618077 ], [ -87.111567, 35.618086 ], [ -87.111131, 35.618106 ], [ -87.110725, 35.61812 ], [ -87.109969, 35.618145 ], [ -87.109523, 35.618183 ], [ -87.109132, 35.618217 ], [ -87.109016, 35.618223 ], [ -87.108663, 35.618243 ], [ -87.108614, 35.618246 ], [ -87.108555, 35.618249 ], [ -87.108504, 35.618251 ], [ -87.108469, 35.618254 ], [ -87.108351, 35.61826 ], [ -87.108301, 35.618263 ], [ -87.108229, 35.618782 ], [ -87.108049, 35.620105 ], [ -87.107812, 35.620084 ], [ -87.10729, 35.62004 ], [ -87.106623, 35.620073 ], [ -87.104985, 35.620156 ], [ -87.104956, 35.62028 ], [ -87.10492, 35.620512 ], [ -87.104818, 35.621172 ], [ -87.104781, 35.621385 ], [ -87.104672, 35.622024 ], [ -87.104637, 35.622238 ], [ -87.104426, 35.623713 ], [ -87.10411, 35.625928 ], [ -87.103773, 35.625941 ], [ -87.10221, 35.626004 ], [ -87.10246, 35.626225 ], [ -87.103515, 35.627154 ], [ -87.1036, 35.627229 ], [ -87.103953, 35.627534 ], [ -87.104908, 35.628321 ], [ -87.104929, 35.628338 ], [ -87.104894, 35.628357 ], [ -87.104866, 35.628369 ], [ -87.103905, 35.628871 ], [ -87.104022, 35.628961 ], [ -87.104085, 35.62901 ], [ -87.103877, 35.629118 ], [ -87.103425, 35.629358 ], [ -87.103262, 35.629444 ], [ -87.10313, 35.629515 ], [ -87.103056, 35.629555 ], [ -87.102495, 35.629809 ], [ -87.102126, 35.629972 ], [ -87.101725, 35.630108 ], [ -87.101353, 35.630209 ], [ -87.100945, 35.63028 ], [ -87.100551, 35.630337 ], [ -87.100165, 35.630366 ], [ -87.100095, 35.630363 ], [ -87.099771, 35.630352 ], [ -87.099334, 35.63033 ], [ -87.098833, 35.630266 ], [ -87.097938, 35.630108 ], [ -87.097193, 35.629966 ], [ -87.096922, 35.629915 ], [ -87.095994, 35.629746 ], [ -87.095698, 35.629693 ], [ -87.093271, 35.629229 ], [ -87.092712, 35.629146 ], [ -87.092612, 35.629131 ], [ -87.091432, 35.628927 ], [ -87.090617, 35.628772 ], [ -87.088781, 35.628442 ], [ -87.088338, 35.628362 ], [ -87.088197, 35.628336 ], [ -87.08823, 35.628146 ], [ -87.088089, 35.62812 ], [ -87.087955, 35.628095 ], [ -87.087852, 35.628077 ], [ -87.087576, 35.628026 ], [ -87.087392, 35.627993 ], [ -87.086748, 35.627874 ], [ -87.086473, 35.627823 ], [ -87.086235, 35.62778 ], [ -87.086073, 35.626536 ], [ -87.083327, 35.626752 ], [ -87.081456, 35.626902 ], [ -87.081082, 35.626831 ], [ -87.081041, 35.626823 ], [ -87.080985, 35.626813 ], [ -87.080247, 35.626682 ], [ -87.079863, 35.626627 ], [ -87.079327, 35.62655 ], [ -87.07894, 35.62651 ], [ -87.078886, 35.626505 ], [ -87.07838, 35.626483 ], [ -87.078233, 35.626481 ], [ -87.078125, 35.626479 ], [ -87.078149, 35.626423 ], [ -87.079325, 35.623614 ], [ -87.080659, 35.620868 ], [ -87.080469, 35.620836 ], [ -87.07992, 35.620752 ], [ -87.079356, 35.620659 ], [ -87.078274, 35.623951 ], [ -87.078243, 35.624046 ], [ -87.077053, 35.623899 ], [ -87.075941, 35.625508 ], [ -87.075346, 35.625202 ], [ -87.076369, 35.623743 ], [ -87.075925, 35.623669 ], [ -87.073675, 35.623398 ], [ -87.073596, 35.623974 ], [ -87.073362, 35.625702 ], [ -87.073284, 35.626279 ], [ -87.073221, 35.626223 ], [ -87.073119, 35.626166 ], [ -87.072794, 35.626058 ], [ -87.072583, 35.626003 ], [ -87.072058, 35.625867 ], [ -87.070367, 35.62545 ], [ -87.070258, 35.625423 ], [ -87.069635, 35.625243 ], [ -87.069008, 35.625781 ], [ -87.068961, 35.625823 ], [ -87.068742, 35.6263 ], [ -87.068268, 35.627725 ], [ -87.068284, 35.628113 ], [ -87.068306, 35.628594 ], [ -87.068314, 35.628784 ], [ -87.068318, 35.628862 ], [ -87.068321, 35.628939 ], [ -87.068334, 35.628947 ], [ -87.068355, 35.628977 ], [ -87.068406, 35.629033 ], [ -87.068457, 35.629095 ], [ -87.068491, 35.629135 ], [ -87.068504, 35.629151 ], [ -87.068632, 35.629247 ], [ -87.06871, 35.6293 ], [ -87.068931, 35.62945 ], [ -87.069073, 35.629531 ], [ -87.069111, 35.629549 ], [ -87.069152, 35.629563 ], [ -87.069196, 35.629566 ], [ -87.069283, 35.62958 ], [ -87.069372, 35.629585 ], [ -87.069415, 35.629581 ], [ -87.069588, 35.629548 ], [ -87.069739, 35.629504 ], [ -87.069796, 35.629488 ], [ -87.069918, 35.629446 ], [ -87.069997, 35.629414 ], [ -87.070239, 35.629327 ], [ -87.070364, 35.62929 ], [ -87.070743, 35.629191 ], [ -87.071084, 35.629112 ], [ -87.07117, 35.6291 ], [ -87.071257, 35.629096 ], [ -87.071299, 35.629087 ], [ -87.07143, 35.629084 ], [ -87.071473, 35.62909 ], [ -87.07156, 35.629091 ], [ -87.071604, 35.629097 ], [ -87.071735, 35.629103 ], [ -87.071821, 35.6291 ], [ -87.072081, 35.629114 ], [ -87.072212, 35.629117 ], [ -87.072255, 35.629115 ], [ -87.072341, 35.629118 ], [ -87.072384, 35.629112 ], [ -87.072732, 35.629097 ], [ -87.073081, 35.629071 ], [ -87.073124, 35.629071 ], [ -87.073253, 35.629056 ], [ -87.073465, 35.62902 ], [ -87.073591, 35.629005 ], [ -87.073633, 35.628992 ], [ -87.073716, 35.628992 ], [ -87.073758, 35.62898 ], [ -87.073834, 35.628974 ], [ -87.073883, 35.628971 ], [ -87.073968, 35.628958 ], [ -87.074053, 35.628956 ], [ -87.074095, 35.628945 ], [ -87.074138, 35.628945 ], [ -87.074225, 35.628931 ], [ -87.074263, 35.628914 ], [ -87.074344, 35.628888 ], [ -87.074382, 35.628871 ], [ -87.074454, 35.628831 ], [ -87.074478, 35.628801 ], [ -87.074495, 35.628769 ], [ -87.074519, 35.628701 ], [ -87.074521, 35.628666 ], [ -87.074594, 35.628462 ], [ -87.074648, 35.628405 ], [ -87.074681, 35.628382 ], [ -87.074807, 35.628352 ], [ -87.074904, 35.628352 ], [ -87.07498, 35.628352 ], [ -87.075066, 35.628359 ], [ -87.075106, 35.628365 ], [ -87.075235, 35.628385 ], [ -87.075277, 35.628388 ], [ -87.07545, 35.628418 ], [ -87.075617, 35.628464 ], [ -87.075698, 35.628496 ], [ -87.075734, 35.628511 ], [ -87.075883, 35.628581 ], [ -87.075962, 35.628619 ], [ -87.076031, 35.628664 ], [ -87.076119, 35.628743 ], [ -87.076294, 35.628948 ], [ -87.076406, 35.6291 ], [ -87.076478, 35.629228 ], [ -87.076527, 35.629325 ], [ -87.076552, 35.629391 ], [ -87.07657, 35.629459 ], [ -87.076592, 35.629521 ], [ -87.07662, 35.629625 ], [ -87.076648, 35.629691 ], [ -87.076741, 35.629994 ], [ -87.076766, 35.63006 ], [ -87.076779, 35.63013 ], [ -87.076792, 35.630162 ], [ -87.07684, 35.630404 ], [ -87.07686, 35.630471 ], [ -87.076861, 35.630507 ], [ -87.076875, 35.630575 ], [ -87.0769, 35.630749 ], [ -87.076915, 35.630889 ], [ -87.076932, 35.630993 ], [ -87.076956, 35.631094 ], [ -87.076971, 35.631126 ], [ -87.077006, 35.631262 ], [ -87.077028, 35.631328 ], [ -87.077045, 35.631506 ], [ -87.077032, 35.631611 ], [ -87.07702, 35.631644 ], [ -87.077015, 35.631746 ], [ -87.077025, 35.631816 ], [ -87.077009, 35.63185 ], [ -87.077041, 35.631877 ], [ -87.077055, 35.631908 ], [ -87.077062, 35.631944 ], [ -87.077099, 35.632044 ], [ -87.077136, 35.632106 ], [ -87.07714, 35.632141 ], [ -87.077164, 35.63221 ], [ -87.077168, 35.632245 ], [ -87.077163, 35.63228 ], [ -87.077146, 35.632313 ], [ -87.077118, 35.632341 ], [ -87.077018, 35.632411 ], [ -87.076947, 35.632453 ], [ -87.076919, 35.63248 ], [ -87.076864, 35.632576 ], [ -87.076851, 35.632716 ], [ -87.076856, 35.632821 ], [ -87.076864, 35.632856 ], [ -87.076865, 35.632905 ], [ -87.076869, 35.632994 ], [ -87.07688, 35.633099 ], [ -87.076891, 35.633134 ], [ -87.076897, 35.633238 ], [ -87.076891, 35.633308 ], [ -87.076885, 35.633584 ], [ -87.076896, 35.633722 ], [ -87.076895, 35.63379 ], [ -87.076906, 35.633859 ], [ -87.076917, 35.633893 ], [ -87.076933, 35.633998 ], [ -87.076972, 35.6341 ], [ -87.077002, 35.634125 ], [ -87.077083, 35.634154 ], [ -87.077127, 35.634155 ], [ -87.077171, 35.634149 ], [ -87.077209, 35.634131 ], [ -87.077242, 35.634107 ], [ -87.077367, 35.63396 ], [ -87.077642, 35.633557 ], [ -87.077687, 35.633501 ], [ -87.07774, 35.633438 ], [ -87.077799, 35.633386 ], [ -87.077834, 35.633364 ], [ -87.077893, 35.633351 ], [ -87.077908, 35.633358 ], [ -87.077931, 35.63337 ], [ -87.077952, 35.633389 ], [ -87.077965, 35.633402 ], [ -87.07801, 35.633456 ], [ -87.078049, 35.63352 ], [ -87.07808, 35.633623 ], [ -87.078094, 35.633729 ], [ -87.078094, 35.633976 ], [ -87.078103, 35.634082 ], [ -87.078135, 35.634148 ], [ -87.078175, 35.634211 ], [ -87.078226, 35.634269 ], [ -87.078252, 35.634335 ], [ -87.078276, 35.634365 ], [ -87.078321, 35.634462 ], [ -87.078346, 35.6346 ], [ -87.078301, 35.634807 ], [ -87.07827, 35.63489 ], [ -87.078239, 35.634972 ], [ -87.078193, 35.63507 ], [ -87.07815, 35.635133 ], [ -87.077994, 35.635304 ], [ -87.077939, 35.635357 ], [ -87.077812, 35.635449 ], [ -87.077741, 35.635488 ], [ -87.077628, 35.635539 ], [ -87.077421, 35.635599 ], [ -87.077337, 35.635618 ], [ -87.077302, 35.635623 ], [ -87.077212, 35.635639 ], [ -87.077128, 35.635648 ], [ -87.077001, 35.63567 ], [ -87.076921, 35.635696 ], [ -87.076885, 35.635718 ], [ -87.076837, 35.635778 ], [ -87.076823, 35.635811 ], [ -87.076831, 35.635846 ], [ -87.07687, 35.635948 ], [ -87.076884, 35.635973 ], [ -87.07694, 35.636078 ], [ -87.076965, 35.636107 ], [ -87.077025, 35.636159 ], [ -87.077045, 35.636171 ], [ -87.077096, 35.636202 ], [ -87.07721, 35.636255 ], [ -87.077291, 35.636284 ], [ -87.077663, 35.6364 ], [ -87.077737, 35.636439 ], [ -87.077768, 35.63646 ], [ -87.077805, 35.636485 ], [ -87.077897, 35.636606 ], [ -87.077925, 35.636665 ], [ -87.077944, 35.636706 ], [ -87.077961, 35.636811 ], [ -87.077958, 35.636847 ], [ -87.077934, 35.636952 ], [ -87.077908, 35.636981 ], [ -87.082201, 35.638054 ], [ -87.08498, 35.638749 ], [ -87.084876, 35.638341 ], [ -87.085952, 35.638051 ], [ -87.086187, 35.637725 ], [ -87.085127, 35.636314 ], [ -87.085161, 35.635538 ], [ -87.085181, 35.635096 ], [ -87.085716, 35.635067 ], [ -87.086486, 35.635026 ], [ -87.086695, 35.635016 ], [ -87.086917, 35.635481 ], [ -87.087163, 35.635995 ], [ -87.088039, 35.637878 ], [ -87.088256, 35.638343 ], [ -87.088586, 35.638655 ], [ -87.089421, 35.639443 ], [ -87.089577, 35.639488 ], [ -87.089593, 35.639492 ], [ -87.089776, 35.639557 ], [ -87.08996, 35.639628 ], [ -87.090014, 35.639659 ], [ -87.090322, 35.639898 ], [ -87.091346, 35.640597 ], [ -87.09183, 35.640927 ], [ -87.092278, 35.64126 ], [ -87.092313, 35.64128 ], [ -87.092367, 35.641312 ], [ -87.092551, 35.64139 ], [ -87.09324, 35.641484 ], [ -87.093358, 35.641493 ], [ -87.093619, 35.641458 ], [ -87.09375, 35.641466 ], [ -87.094149, 35.641538 ], [ -87.094765, 35.641623 ], [ -87.095694, 35.641758 ], [ -87.097124, 35.641934 ], [ -87.097051, 35.642101 ], [ -87.09702, 35.642173 ], [ -87.096939, 35.642296 ], [ -87.096755, 35.642498 ], [ -87.096593, 35.642682 ], [ -87.096415, 35.642928 ], [ -87.096301, 35.643139 ], [ -87.096225, 35.643293 ], [ -87.096182, 35.643429 ], [ -87.096133, 35.643631 ], [ -87.096072, 35.643947 ], [ -87.096018, 35.644207 ], [ -87.09599, 35.644382 ], [ -87.095995, 35.644527 ], [ -87.095956, 35.644804 ], [ -87.095891, 35.644905 ], [ -87.095745, 35.645156 ], [ -87.095402, 35.645786 ], [ -87.095087, 35.645477 ], [ -87.095059, 35.645521 ], [ -87.094975, 35.645647 ], [ -87.094891, 35.645773 ], [ -87.094804, 35.645701 ], [ -87.094716, 35.645628 ], [ -87.094581, 35.645536 ], [ -87.094488, 35.645459 ], [ -87.093728, 35.644909 ], [ -87.093381, 35.644632 ], [ -87.093148, 35.644416 ], [ -87.092743, 35.644085 ], [ -87.092493, 35.643841 ], [ -87.092319, 35.643671 ], [ -87.092171, 35.643538 ], [ -87.092076, 35.643463 ], [ -87.091811, 35.643272 ], [ -87.091592, 35.643094 ], [ -87.091452, 35.642955 ], [ -87.091359, 35.642878 ], [ -87.091049, 35.642674 ], [ -87.091018, 35.642649 ], [ -87.09093, 35.642584 ], [ -87.090893, 35.642563 ], [ -87.090535, 35.642419 ], [ -87.090347, 35.642324 ], [ -87.09015, 35.64224 ], [ -87.089965, 35.642141 ], [ -87.089859, 35.642076 ], [ -87.089821, 35.642057 ], [ -87.089374, 35.641897 ], [ -87.088902, 35.641696 ], [ -87.088789, 35.641639 ], [ -87.088718, 35.641596 ], [ -87.08859, 35.641515 ], [ -87.088478, 35.641457 ], [ -87.088168, 35.641316 ], [ -87.088055, 35.64126 ], [ -87.087707, 35.641099 ], [ -87.087634, 35.641059 ], [ -87.087481, 35.641011 ], [ -87.087162, 35.640884 ], [ -87.087008, 35.640812 ], [ -87.086888, 35.640765 ], [ -87.086732, 35.640697 ], [ -87.086612, 35.64065 ], [ -87.086602, 35.640646 ], [ -87.086165, 35.64049 ], [ -87.085956, 35.640427 ], [ -87.085714, 35.640338 ], [ -87.085288, 35.640144 ], [ -87.085129, 35.64008 ], [ -87.084856, 35.639959 ], [ -87.084494, 35.639822 ], [ -87.084288, 35.639737 ], [ -87.084177, 35.639692 ], [ -87.083991, 35.639629 ], [ -87.083463, 35.639438 ], [ -87.083183, 35.639328 ], [ -87.082866, 35.639198 ], [ -87.082616, 35.639123 ], [ -87.082232, 35.639031 ], [ -87.08185, 35.638934 ], [ -87.081479, 35.638815 ], [ -87.081362, 35.638781 ], [ -87.081228, 35.638742 ], [ -87.081206, 35.638736 ], [ -87.080803, 35.638636 ], [ -87.080423, 35.638533 ], [ -87.079984, 35.638427 ], [ -87.079798, 35.638383 ], [ -87.07944, 35.6404 ], [ -87.0786, 35.645137 ], [ -87.078288, 35.646936 ], [ -87.078061, 35.648228 ], [ -87.077909, 35.649083 ], [ -87.076489, 35.648939 ], [ -87.074016, 35.648693 ], [ -87.073575, 35.648268 ], [ -87.073435, 35.648125 ], [ -87.072527, 35.648048 ], [ -87.072454, 35.648042 ], [ -87.071625, 35.647985 ], [ -87.071153, 35.647963 ], [ -87.070628, 35.647964 ], [ -87.070548, 35.647968 ], [ -87.070192, 35.647986 ], [ -87.069787, 35.648022 ], [ -87.069699, 35.648451 ], [ -87.069653, 35.648463 ], [ -87.069581, 35.648481 ], [ -87.069501, 35.648515 ], [ -87.069465, 35.648546 ], [ -87.069417, 35.648619 ], [ -87.069361, 35.648781 ], [ -87.069347, 35.648824 ], [ -87.069326, 35.648993 ], [ -87.069229, 35.649635 ], [ -87.06922, 35.649685 ], [ -87.069015, 35.650867 ], [ -87.06889, 35.651564 ], [ -87.068578, 35.651475 ], [ -87.065886, 35.65071 ], [ -87.065795, 35.650686 ], [ -87.065522, 35.650614 ], [ -87.065432, 35.650591 ], [ -87.065419, 35.65065 ], [ -87.065412, 35.650684 ], [ -87.065386, 35.650828 ], [ -87.065376, 35.650888 ], [ -87.065289, 35.651582 ], [ -87.064977, 35.65312 ], [ -87.06488, 35.653723 ], [ -87.064763, 35.653916 ], [ -87.064647, 35.653879 ], [ -87.064299, 35.653768 ], [ -87.064269, 35.653759 ], [ -87.064183, 35.653732 ], [ -87.06427, 35.653233 ], [ -87.06434, 35.652832 ], [ -87.064642, 35.651145 ], [ -87.064837, 35.650058 ], [ -87.065173, 35.648159 ], [ -87.065083, 35.648028 ], [ -87.063377, 35.648124 ], [ -87.06332, 35.647504 ], [ -87.059677, 35.647518 ], [ -87.058952, 35.646767 ], [ -87.058974, 35.645543 ], [ -87.059625, 35.644678 ], [ -87.058296, 35.644381 ], [ -87.058304, 35.644243 ], [ -87.05824, 35.644226 ], [ -87.058146, 35.644201 ], [ -87.058053, 35.644176 ], [ -87.058056, 35.644152 ], [ -87.058066, 35.64401 ], [ -87.058095, 35.643761 ], [ -87.058102, 35.643583 ], [ -87.058158, 35.643193 ], [ -87.058231, 35.642805 ], [ -87.058305, 35.642309 ], [ -87.058386, 35.64185 ], [ -87.058397, 35.641635 ], [ -87.058395, 35.641577 ], [ -87.058393, 35.641457 ], [ -87.05834, 35.641139 ], [ -87.058341, 35.640941 ], [ -87.058379, 35.640693 ], [ -87.058413, 35.640409 ], [ -87.058504, 35.639951 ], [ -87.058638, 35.639427 ], [ -87.058707, 35.639183 ], [ -87.058768, 35.638938 ], [ -87.058838, 35.638695 ], [ -87.058889, 35.638558 ], [ -87.058952, 35.63835 ], [ -87.059098, 35.637755 ], [ -87.059172, 35.637512 ], [ -87.059206, 35.637336 ], [ -87.059215, 35.637265 ], [ -87.059227, 35.637087 ], [ -87.059249, 35.636945 ], [ -87.059286, 35.636805 ], [ -87.05935, 35.636597 ], [ -87.05942, 35.636391 ], [ -87.059467, 35.636144 ], [ -87.059519, 35.635754 ], [ -87.059548, 35.635469 ], [ -87.059573, 35.635292 ], [ -87.059597, 35.635187 ], [ -87.059677, 35.63502 ], [ -87.05972, 35.634958 ], [ -87.059843, 35.634809 ], [ -87.060137, 35.634542 ], [ -87.060503, 35.63423 ], [ -87.060561, 35.634176 ], [ -87.060685, 35.634073 ], [ -87.060815, 35.633976 ], [ -87.06095, 35.633883 ], [ -87.061169, 35.633705 ], [ -87.061286, 35.633598 ], [ -87.061398, 35.63351 ], [ -87.061477, 35.633448 ], [ -87.061616, 35.63336 ], [ -87.061689, 35.633319 ], [ -87.061991, 35.633167 ], [ -87.062071, 35.633137 ], [ -87.062237, 35.633085 ], [ -87.062295, 35.633071 ], [ -87.062302, 35.632997 ], [ -87.062341, 35.632605 ], [ -87.062354, 35.63247 ], [ -87.06236, 35.632415 ], [ -87.062399, 35.632054 ], [ -87.062417, 35.631962 ], [ -87.062482, 35.63133 ], [ -87.062597, 35.630217 ], [ -87.061946, 35.63009 ], [ -87.061551, 35.630035 ], [ -87.061116, 35.630012 ], [ -87.060997, 35.630022 ], [ -87.06052, 35.630519 ], [ -87.060098, 35.630956 ], [ -87.05902, 35.632078 ], [ -87.058156, 35.633213 ], [ -87.05773, 35.633772 ], [ -87.057579, 35.634108 ], [ -87.05744, 35.634419 ], [ -87.057392, 35.634527 ], [ -87.057319, 35.634846 ], [ -87.057376, 35.634243 ], [ -87.057656, 35.63359 ], [ -87.057926, 35.633051 ], [ -87.058375, 35.632408 ], [ -87.05921, 35.631566 ], [ -87.059709, 35.631093 ], [ -87.060065, 35.630737 ], [ -87.060337, 35.630465 ], [ -87.060758, 35.630029 ], [ -87.060362, 35.630074 ], [ -87.060132, 35.630256 ], [ -87.059207, 35.631204 ], [ -87.058034, 35.632597 ], [ -87.057248, 35.633918 ], [ -87.057219, 35.634004 ], [ -87.057195, 35.63432 ], [ -87.057193, 35.634352 ], [ -87.05719, 35.634368 ], [ -87.057104, 35.634831 ], [ -87.057083, 35.635194 ], [ -87.057045, 35.635671 ], [ -87.057015, 35.635956 ], [ -87.053327, 35.635537 ], [ -87.051347, 35.635314 ], [ -87.050653, 35.635231 ], [ -87.050583, 35.635223 ], [ -87.050225, 35.636459 ], [ -87.049841, 35.638251 ], [ -87.049258, 35.6381 ], [ -87.049122, 35.638065 ], [ -87.049058, 35.638048 ], [ -87.048945, 35.637958 ], [ -87.048874, 35.637894 ], [ -87.048824, 35.637848 ], [ -87.048785, 35.637816 ], [ -87.048695, 35.637743 ], [ -87.048649, 35.637705 ], [ -87.048521, 35.637645 ], [ -87.048407, 35.637612 ], [ -87.048211, 35.637579 ], [ -87.047888, 35.637535 ], [ -87.0477, 35.637491 ], [ -87.047585, 35.637452 ], [ -87.047498, 35.637403 ], [ -87.047425, 35.637357 ], [ -87.047256, 35.637511 ], [ -87.047151, 35.637607 ], [ -87.047009, 35.637741 ], [ -87.046976, 35.637771 ], [ -87.046903, 35.640297 ], [ -87.043793, 35.640204 ], [ -87.043734, 35.640202 ], [ -87.04372, 35.640243 ], [ -87.043652, 35.640519 ], [ -87.043607, 35.64093 ], [ -87.043522, 35.641587 ], [ -87.043511, 35.641703 ], [ -87.043514, 35.641974 ], [ -87.043526, 35.64216 ], [ -87.043572, 35.642374 ], [ -87.043588, 35.642511 ], [ -87.043661, 35.64279 ], [ -87.043747, 35.643018 ], [ -87.04386, 35.64325 ], [ -87.043997, 35.643456 ], [ -87.044336, 35.6439 ], [ -87.045036, 35.644875 ], [ -87.045606, 35.645621 ], [ -87.045971, 35.646089 ], [ -87.046038, 35.646186 ], [ -87.045854, 35.646213 ], [ -87.045757, 35.64623 ], [ -87.04541, 35.646261 ], [ -87.044872, 35.646311 ], [ -87.044561, 35.646306 ], [ -87.044072, 35.646305 ], [ -87.043626, 35.646305 ], [ -87.043549, 35.646267 ], [ -87.043427, 35.646225 ], [ -87.043341, 35.646206 ], [ -87.042944, 35.646159 ], [ -87.04264, 35.646105 ], [ -87.042462, 35.646101 ], [ -87.042196, 35.646076 ], [ -87.04193, 35.646058 ], [ -87.041843, 35.646044 ], [ -87.041755, 35.646032 ], [ -87.041598, 35.646001 ], [ -87.041539, 35.64599 ], [ -87.041067, 35.645887 ], [ -87.040771, 35.645808 ], [ -87.040556, 35.645766 ], [ -87.040302, 35.645701 ], [ -87.040084, 35.645665 ], [ -87.039871, 35.645615 ], [ -87.039787, 35.645592 ], [ -87.039498, 35.645497 ], [ -87.039, 35.645343 ], [ -87.038554, 35.645181 ], [ -87.037996, 35.644959 ], [ -87.037799, 35.644876 ], [ -87.037378, 35.644677 ], [ -87.037195, 35.644594 ], [ -87.036913, 35.644465 ], [ -87.036676, 35.644366 ], [ -87.036562, 35.644311 ], [ -87.036376, 35.644212 ], [ -87.036187, 35.644119 ], [ -87.035893, 35.643957 ], [ -87.035818, 35.643908 ], [ -87.035269, 35.643555 ], [ -87.035075, 35.643408 ], [ -87.034758, 35.643109 ], [ -87.034625, 35.642966 ], [ -87.034551, 35.642877 ], [ -87.034464, 35.642753 ], [ -87.034333, 35.642523 ], [ -87.034281, 35.642349 ], [ -87.034264, 35.642278 ], [ -87.034007, 35.642356 ], [ -87.033247, 35.64258 ], [ -87.032459, 35.64358 ], [ -87.029642, 35.643398 ], [ -87.028359, 35.643274 ], [ -87.02683, 35.643127 ], [ -87.026869, 35.643199 ], [ -87.026951, 35.64336 ], [ -87.027043, 35.643538 ], [ -87.027091, 35.64363 ], [ -87.027126, 35.643691 ], [ -87.02608, 35.643642 ], [ -87.026111, 35.643913 ], [ -87.026133, 35.644109 ], [ -87.026141, 35.644184 ], [ -87.026167, 35.644409 ], [ -87.026176, 35.644485 ], [ -87.026186, 35.644607 ], [ -87.026216, 35.644973 ], [ -87.026227, 35.645096 ], [ -87.026244, 35.6453 ], [ -87.026273, 35.645605 ], [ -87.026278, 35.645656 ], [ -87.026338, 35.64594 ], [ -87.026425, 35.646136 ], [ -87.026467, 35.646208 ], [ -87.0266, 35.646422 ], [ -87.026995, 35.64693 ], [ -87.027309, 35.647334 ], [ -87.027439, 35.647498 ], [ -87.027618, 35.647724 ], [ -87.027845, 35.647976 ], [ -87.027986, 35.648132 ], [ -87.028401, 35.648603 ], [ -87.028556, 35.648779 ], [ -87.029022, 35.64936 ], [ -87.029064, 35.649421 ], [ -87.029146, 35.649615 ], [ -87.029153, 35.649652 ], [ -87.029168, 35.649786 ], [ -87.029157, 35.649939 ], [ -87.029105, 35.650227 ], [ -87.028995, 35.650846 ], [ -87.028969, 35.650992 ], [ -87.02896, 35.651036 ], [ -87.028849, 35.651607 ], [ -87.028813, 35.651798 ], [ -87.02877, 35.652031 ], [ -87.028744, 35.652161 ], [ -87.028601, 35.652904 ], [ -87.028065, 35.652848 ], [ -87.02779, 35.65282 ], [ -87.027858, 35.652297 ], [ -87.027464, 35.652265 ], [ -87.026718, 35.652207 ], [ -87.024953, 35.652069 ], [ -87.025196, 35.650265 ], [ -87.025584, 35.649849 ], [ -87.025734, 35.64969 ], [ -87.022447, 35.64875 ], [ -87.020529, 35.648953 ], [ -87.019732, 35.650469 ], [ -87.022141, 35.650693 ], [ -87.021968, 35.652104 ], [ -87.02165, 35.652076 ], [ -87.021596, 35.65253 ], [ -87.021941, 35.652571 ], [ -87.021844, 35.653192 ], [ -87.021574, 35.654917 ], [ -87.021154, 35.654857 ], [ -87.015857, 35.6541 ], [ -87.015946, 35.65384 ], [ -87.014728, 35.653294 ], [ -87.014668, 35.653453 ], [ -87.01446, 35.654017 ], [ -87.014425, 35.654109 ], [ -87.014355, 35.6543 ], [ -87.014346, 35.654327 ], [ -87.014222, 35.654278 ], [ -87.014206, 35.654272 ], [ -87.01416, 35.654249 ], [ -87.014138, 35.654238 ], [ -87.013879, 35.654064 ], [ -87.013813, 35.654016 ], [ -87.013615, 35.653873 ], [ -87.013549, 35.653826 ], [ -87.013515, 35.653801 ], [ -87.013463, 35.653768 ], [ -87.013373, 35.653729 ], [ -87.01326, 35.653698 ], [ -87.013167, 35.653673 ], [ -87.012451, 35.653615 ], [ -87.012311, 35.653593 ], [ -87.012251, 35.653584 ], [ -87.011995, 35.653551 ], [ -87.01184, 35.653532 ], [ -87.011681, 35.653513 ], [ -87.011375, 35.653476 ], [ -87.011221, 35.653458 ], [ -87.011021, 35.653437 ], [ -87.010972, 35.653432 ], [ -87.010544, 35.653377 ], [ -87.010426, 35.65335 ], [ -87.010395, 35.653343 ], [ -87.010226, 35.653731 ], [ -87.00993, 35.65439 ], [ -87.009895, 35.654468 ], [ -87.00913, 35.656147 ], [ -87.008533, 35.657454 ], [ -87.008258, 35.658048 ], [ -87.007497, 35.659739 ], [ -87.006835, 35.661188 ], [ -87.006802, 35.66126 ], [ -87.006787, 35.66129 ], [ -87.006754, 35.661361 ], [ -87.006648, 35.661606 ], [ -87.006458, 35.662072 ], [ -87.006288, 35.662575 ], [ -87.006168, 35.663018 ], [ -87.006028, 35.663682 ], [ -87.005963, 35.664153 ], [ -87.005942, 35.664415 ], [ -87.005929, 35.664574 ], [ -87.005866, 35.666543 ], [ -87.005828, 35.667026 ], [ -87.00575, 35.667502 ], [ -87.005637, 35.667977 ], [ -87.005604, 35.668096 ], [ -87.005593, 35.668127 ], [ -87.005429, 35.668606 ], [ -87.005286, 35.66895 ], [ -87.005252, 35.669031 ], [ -87.005216, 35.669107 ], [ -87.005163, 35.669216 ], [ -87.005057, 35.66942 ], [ -87.004778, 35.669893 ], [ -87.00475, 35.669938 ], [ -87.004712, 35.669998 ], [ -87.004278, 35.670589 ], [ -87.004052, 35.67086 ], [ -87.003842, 35.671091 ], [ -87.003594, 35.671338 ], [ -87.001714, 35.673148 ], [ -87.001491, 35.673368 ], [ -87.001033, 35.673873 ], [ -87.000698, 35.674318 ], [ -87.00036, 35.674839 ], [ -87.000095, 35.675328 ], [ -86.999878, 35.675822 ], [ -86.999795, 35.676041 ], [ -86.999772, 35.676112 ], [ -86.99957, 35.676758 ], [ -86.998747, 35.679415 ], [ -86.998514, 35.680169 ], [ -86.998269, 35.680966 ], [ -86.997991, 35.681869 ], [ -86.997826, 35.682384 ], [ -86.997677, 35.682799 ], [ -86.997414, 35.68342 ], [ -86.997211, 35.683818 ], [ -86.996959, 35.684259 ], [ -86.996932, 35.684307 ], [ -86.996623, 35.684788 ], [ -86.996363, 35.685147 ], [ -86.995913, 35.685706 ], [ -86.994081, 35.68777 ], [ -86.99236, 35.689706 ], [ -86.992333, 35.689737 ], [ -86.992261, 35.689818 ], [ -86.990861, 35.691394 ], [ -86.989643, 35.692761 ], [ -86.988735, 35.693781 ], [ -86.988594, 35.69394 ], [ -86.98793, 35.694667 ], [ -86.987908, 35.694691 ], [ -86.987461, 35.695155 ], [ -86.986731, 35.695872 ], [ -86.986646, 35.695954 ], [ -86.985961, 35.696592 ], [ -86.985943, 35.696609 ], [ -86.985087, 35.697407 ], [ -86.984565, 35.697885 ], [ -86.983244, 35.699112 ], [ -86.983222, 35.699132 ], [ -86.982007, 35.700252 ], [ -86.981866, 35.700384 ], [ -86.981447, 35.700768 ], [ -86.980995, 35.701197 ], [ -86.980626, 35.701548 ], [ -86.980287, 35.701884 ], [ -86.980149, 35.702024 ], [ -86.980124, 35.702048 ], [ -86.97996, 35.702212 ], [ -86.979462, 35.702747 ], [ -86.979011, 35.703252 ], [ -86.978784, 35.703509 ], [ -86.978383, 35.703989 ], [ -86.977993, 35.70447 ], [ -86.977674, 35.704883 ], [ -86.977426, 35.705213 ], [ -86.977296, 35.705387 ], [ -86.976763, 35.706143 ], [ -86.976147, 35.70709 ], [ -86.975808, 35.707657 ], [ -86.975486, 35.708209 ], [ -86.974965, 35.709196 ], [ -86.974599, 35.709947 ], [ -86.974108, 35.711023 ], [ -86.974098, 35.711046 ], [ -86.973887, 35.711503 ], [ -86.973695, 35.711925 ], [ -86.973669, 35.711982 ], [ -86.973402, 35.712575 ], [ -86.972833, 35.713807 ], [ -86.972474, 35.714534 ], [ -86.972179, 35.715056 ], [ -86.971949, 35.715443 ], [ -86.971611, 35.715975 ], [ -86.971493, 35.716126 ], [ -86.971461, 35.716167 ], [ -86.970845, 35.716954 ], [ -86.970655, 35.717181 ], [ -86.97055, 35.717307 ], [ -86.970403, 35.717484 ], [ -86.970213, 35.71768 ], [ -86.970196, 35.717698 ], [ -86.970162, 35.717733 ], [ -86.970149, 35.717746 ], [ -86.969963, 35.717962 ], [ -86.96977, 35.718155 ], [ -86.969679, 35.718247 ], [ -86.969553, 35.718374 ], [ -86.969824, 35.71845 ], [ -86.969941, 35.718483 ], [ -86.969526, 35.718824 ], [ -86.969419, 35.718914 ], [ -86.969262, 35.719046 ], [ -86.969251, 35.719071 ], [ -86.969245, 35.719086 ], [ -86.969174, 35.719121 ], [ -86.969151, 35.719134 ], [ -86.969048, 35.719224 ], [ -86.968278, 35.719892 ], [ -86.967867, 35.72025 ], [ -86.967824, 35.720277 ], [ -86.967698, 35.720359 ], [ -86.967657, 35.720387 ], [ -86.967412, 35.720708 ], [ -86.967202, 35.720926 ], [ -86.965735, 35.722454 ], [ -86.965246, 35.722964 ], [ -86.965203, 35.723006 ], [ -86.964479, 35.723718 ], [ -86.96218, 35.725983 ], [ -86.96182, 35.726339 ], [ -86.96173, 35.726427 ], [ -86.961368, 35.726684 ], [ -86.96002, 35.728104 ], [ -86.956612, 35.731697 ], [ -86.955903, 35.732285 ], [ -86.955505, 35.732615 ], [ -86.955108, 35.732946 ], [ -86.954449, 35.733493 ], [ -86.954397, 35.733535 ], [ -86.953987, 35.733792 ], [ -86.95276, 35.734562 ], [ -86.952351, 35.73482 ], [ -86.952122, 35.734981 ], [ -86.951435, 35.735467 ], [ -86.951207, 35.73563 ], [ -86.951367, 35.735738 ], [ -86.951292, 35.735794 ], [ -86.951207, 35.735852 ], [ -86.951086, 35.73594 ], [ -86.951001, 35.735999 ], [ -86.950882, 35.736085 ], [ -86.950799, 35.736145 ], [ -86.950675, 35.736234 ], [ -86.947709, 35.73833 ], [ -86.947011, 35.738823 ], [ -86.946863, 35.738928 ], [ -86.946771, 35.738993 ], [ -86.946705, 35.738797 ], [ -86.945914, 35.73936 ], [ -86.944613, 35.740281 ], [ -86.943933, 35.74076 ], [ -86.943349, 35.74117 ], [ -86.941474, 35.742486 ], [ -86.94049, 35.743175 ], [ -86.939916, 35.743572 ], [ -86.939491, 35.743865 ], [ -86.938591, 35.744484 ], [ -86.938452, 35.744522 ], [ -86.938346, 35.744592 ], [ -86.93766, 35.745076 ], [ -86.937542, 35.74516 ], [ -86.935921, 35.746302 ], [ -86.935727, 35.746438 ], [ -86.935601, 35.746526 ], [ -86.934917, 35.747012 ], [ -86.934841, 35.747077 ], [ -86.934818, 35.747098 ], [ -86.934597, 35.747251 ], [ -86.934516, 35.747309 ], [ -86.93449, 35.747327 ], [ -86.934433, 35.747365 ], [ -86.934187, 35.747534 ], [ -86.934105, 35.747591 ], [ -86.93388, 35.747748 ], [ -86.933471, 35.748037 ], [ -86.933216, 35.748236 ], [ -86.933192, 35.748255 ], [ -86.933003, 35.748409 ], [ -86.932846, 35.748546 ], [ -86.932469, 35.748879 ], [ -86.932379, 35.748963 ], [ -86.932265, 35.749073 ], [ -86.932239, 35.749098 ], [ -86.932229, 35.749108 ], [ -86.932147, 35.749189 ], [ -86.932038, 35.749298 ], [ -86.931901, 35.74943 ], [ -86.931819, 35.749511 ], [ -86.931591, 35.749731 ], [ -86.93032, 35.750965 ], [ -86.93026, 35.751007 ], [ -86.930263, 35.751024 ], [ -86.92942, 35.751945 ], [ -86.928891, 35.752496 ], [ -86.92884, 35.752544 ], [ -86.928688, 35.752691 ], [ -86.928664, 35.752715 ], [ -86.928638, 35.75274 ], [ -86.928392, 35.752984 ], [ -86.927657, 35.753718 ], [ -86.927412, 35.753964 ], [ -86.927144, 35.75423 ], [ -86.926358, 35.755011 ], [ -86.92634, 35.755028 ], [ -86.926072, 35.755295 ], [ -86.925977, 35.755388 ], [ -86.925781, 35.755584 ], [ -86.925695, 35.755669 ], [ -86.925601, 35.755764 ], [ -86.925519, 35.755845 ], [ -86.925296, 35.756071 ], [ -86.925275, 35.756091 ], [ -86.925189, 35.756173 ], [ -86.925009, 35.756123 ], [ -86.924984, 35.756117 ], [ -86.924419, 35.755987 ], [ -86.92437, 35.755976 ], [ -86.924167, 35.755932 ], [ -86.924118, 35.75592 ], [ -86.923978, 35.755887 ], [ -86.923932, 35.755877 ], [ -86.922893, 35.755589 ], [ -86.92162, 35.755236 ], [ -86.919778, 35.754725 ], [ -86.91874, 35.754438 ], [ -86.918373, 35.754336 ], [ -86.918152, 35.754271 ], [ -86.916396, 35.753755 ], [ -86.915811, 35.753583 ], [ -86.915746, 35.753564 ], [ -86.915708, 35.753553 ], [ -86.915562, 35.753488 ], [ -86.915502, 35.753462 ], [ -86.915492, 35.753457 ], [ -86.915461, 35.753444 ], [ -86.91537, 35.753406 ], [ -86.914975, 35.753239 ], [ -86.914902, 35.753208 ], [ -86.914865, 35.753175 ], [ -86.91487, 35.753151 ], [ -86.914826, 35.753127 ], [ -86.914513, 35.753017 ], [ -86.913495, 35.752661 ], [ -86.913439, 35.752642 ], [ -86.913083, 35.752518 ], [ -86.912089, 35.752165 ], [ -86.911548, 35.751973 ], [ -86.910862, 35.75173 ], [ -86.909667, 35.751307 ], [ -86.909111, 35.75111 ], [ -86.908119, 35.75076 ], [ -86.907905, 35.750684 ], [ -86.9073, 35.750471 ], [ -86.907266, 35.75046 ], [ -86.907052, 35.750393 ], [ -86.906184, 35.750117 ], [ -86.90602, 35.750065 ], [ -86.903595, 35.749255 ], [ -86.902808, 35.748994 ], [ -86.902728, 35.748967 ], [ -86.902708, 35.748963 ], [ -86.90209, 35.748746 ], [ -86.900964, 35.74835 ], [ -86.900617, 35.748228 ], [ -86.900587, 35.748218 ], [ -86.900238, 35.748096 ], [ -86.899689, 35.747903 ], [ -86.899621, 35.74788 ], [ -86.898804, 35.747593 ], [ -86.898613, 35.747526 ], [ -86.898493, 35.747484 ], [ -86.8976, 35.74717 ], [ -86.896904, 35.746926 ], [ -86.89559, 35.746466 ], [ -86.89541, 35.746403 ], [ -86.894728, 35.746164 ], [ -86.894583, 35.746113 ], [ -86.894508, 35.746086 ], [ -86.894283, 35.746008 ], [ -86.894209, 35.745982 ], [ -86.894076, 35.745935 ], [ -86.893806, 35.74584 ], [ -86.893706, 35.745805 ], [ -86.893547, 35.74575 ], [ -86.893309, 35.745666 ], [ -86.892855, 35.745506 ], [ -86.892595, 35.745415 ], [ -86.892358, 35.745332 ], [ -86.891977, 35.745199 ], [ -86.891365, 35.744984 ], [ -86.890837, 35.7448 ], [ -86.890457, 35.744667 ], [ -86.88973, 35.744412 ], [ -86.888056, 35.743823 ], [ -86.887592, 35.743661 ], [ -86.886877, 35.74341 ], [ -86.886821, 35.74339 ], [ -86.886655, 35.743332 ], [ -86.8866, 35.743313 ], [ -86.886506, 35.74328 ], [ -86.886255, 35.743192 ], [ -86.88593, 35.743078 ], [ -86.885594, 35.74296 ], [ -86.883987, 35.742396 ], [ -86.88361, 35.742264 ], [ -86.88295, 35.742033 ], [ -86.882327, 35.741813 ], [ -86.880458, 35.741158 ], [ -86.879838, 35.740941 ], [ -86.879403, 35.740787 ], [ -86.879364, 35.740777 ], [ -86.877917, 35.7404 ], [ -86.87763, 35.740325 ], [ -86.877436, 35.740276 ], [ -86.877104, 35.740189 ], [ -86.876109, 35.739929 ], [ -86.875778, 35.739843 ], [ -86.875233, 35.739701 ], [ -86.875, 35.73964 ], [ -86.873589, 35.739324 ], [ -86.87331, 35.739262 ], [ -86.873047, 35.739204 ], [ -86.872763, 35.739138 ], [ -86.872491, 35.739075 ], [ -86.871939, 35.738944 ], [ -86.871655, 35.738879 ], [ -86.87159, 35.738864 ], [ -86.870812, 35.738669 ], [ -86.870487, 35.738587 ], [ -86.870377, 35.738559 ], [ -86.867983, 35.737961 ], [ -86.867702, 35.737891 ], [ -86.867468, 35.737832 ], [ -86.866513, 35.737594 ], [ -86.866413, 35.737569 ], [ -86.865613, 35.73737 ], [ -86.865317, 35.737297 ], [ -86.865226, 35.737274 ], [ -86.865158, 35.737257 ], [ -86.864766, 35.737159 ], [ -86.864433, 35.737076 ], [ -86.863164, 35.73676 ], [ -86.858802, 35.735625 ], [ -86.857789, 35.735357 ], [ -86.856044, 35.734893 ], [ -86.854963, 35.734605 ], [ -86.854124, 35.734342 ], [ -86.853946, 35.73427 ], [ -86.852276, 35.733247 ], [ -86.849456, 35.731542 ], [ -86.849418, 35.731519 ], [ -86.849393, 35.731479 ], [ -86.849153, 35.731092 ], [ -86.848918, 35.730716 ], [ -86.84884, 35.73059 ], [ -86.848613, 35.730226 ], [ -86.848532, 35.730094 ], [ -86.847629, 35.72863 ], [ -86.847271, 35.72805 ], [ -86.846963, 35.72755 ], [ -86.846197, 35.726307 ], [ -86.845491, 35.725166 ], [ -86.845194, 35.725139 ], [ -86.844121, 35.725044 ], [ -86.84376, 35.727614 ], [ -86.84248, 35.727522 ], [ -86.842575, 35.726803 ], [ -86.842697, 35.725887 ], [ -86.840655, 35.725621 ], [ -86.84071, 35.725259 ], [ -86.840648, 35.725254 ], [ -86.840457, 35.72524 ], [ -86.840403, 35.725229 ], [ -86.840337, 35.725215 ], [ -86.840141, 35.725175 ], [ -86.840077, 35.725162 ], [ -86.839772, 35.725124 ], [ -86.838859, 35.725012 ], [ -86.838555, 35.724975 ], [ -86.838527, 35.725045 ], [ -86.838524, 35.725054 ], [ -86.837912, 35.724976 ], [ -86.836082, 35.724746 ], [ -86.835474, 35.724671 ], [ -86.83533, 35.724671 ], [ -86.835111, 35.724663 ], [ -86.834273, 35.724602 ], [ -86.83405, 35.724579 ], [ -86.833118, 35.724485 ], [ -86.831241, 35.724268 ], [ -86.830618, 35.724207 ], [ -86.830122, 35.724154 ], [ -86.829795, 35.724112 ], [ -86.829743, 35.724106 ], [ -86.829327, 35.724048 ], [ -86.828914, 35.723981 ], [ -86.828384, 35.7239 ], [ -86.828348, 35.723894 ], [ -86.827795, 35.723827 ], [ -86.827395, 35.723792 ], [ -86.827033, 35.723761 ], [ -86.826283, 35.723678 ], [ -86.825962, 35.72363 ], [ -86.825289, 35.723561 ], [ -86.824611, 35.723479 ], [ -86.82443, 35.723452 ], [ -86.824098, 35.723405 ], [ -86.823517, 35.723319 ], [ -86.823446, 35.723312 ], [ -86.823417, 35.723308 ], [ -86.823376, 35.723305 ], [ -86.823331, 35.723305 ], [ -86.823303, 35.723305 ], [ -86.823288, 35.723306 ], [ -86.823201, 35.723286 ], [ -86.822944, 35.723231 ], [ -86.82286, 35.723214 ], [ -86.822899, 35.722901 ], [ -86.823018, 35.721963 ], [ -86.823058, 35.721651 ], [ -86.821659, 35.721501 ], [ -86.817464, 35.721051 ], [ -86.816066, 35.720902 ], [ -86.815231, 35.720812 ], [ -86.812726, 35.720544 ], [ -86.811891, 35.720455 ], [ -86.812022, 35.719272 ], [ -86.811982, 35.718997 ], [ -86.811811, 35.718378 ], [ -86.811286, 35.715932 ], [ -86.811153, 35.71596 ], [ -86.810863, 35.716022 ], [ -86.810458, 35.716095 ], [ -86.810095, 35.716098 ], [ -86.809981, 35.716085 ], [ -86.809246, 35.716004 ], [ -86.807044, 35.715764 ], [ -86.80631, 35.715686 ], [ -86.806502, 35.714755 ], [ -86.806973, 35.712486 ], [ -86.806444, 35.712428 ], [ -86.8055, 35.712325 ], [ -86.804992, 35.71227 ], [ -86.804828, 35.712252 ], [ -86.804665, 35.712234 ], [ -86.803996, 35.71216 ], [ -86.799484, 35.711668 ], [ -86.797981, 35.711504 ], [ -86.79772, 35.711475 ], [ -86.797433, 35.711444 ], [ -86.797526, 35.710957 ], [ -86.797576, 35.710701 ], [ -86.797562, 35.710547 ], [ -86.797556, 35.710482 ], [ -86.797602, 35.710093 ], [ -86.797621, 35.709942 ], [ -86.79794, 35.709911 ], [ -86.798352, 35.709873 ], [ -86.798903, 35.709819 ], [ -86.799223, 35.70979 ], [ -86.799347, 35.709778 ], [ -86.799868, 35.709696 ], [ -86.799972, 35.708978 ], [ -86.799608, 35.708804 ], [ -86.797898, 35.707988 ], [ -86.794483, 35.707635 ], [ -86.792717, 35.707453 ], [ -86.792263, 35.707406 ], [ -86.790901, 35.707265 ], [ -86.790448, 35.707219 ], [ -86.790433, 35.707299 ], [ -86.79042, 35.707375 ], [ -86.790399, 35.707506 ], [ -86.790393, 35.707541 ], [ -86.79038, 35.707625 ], [ -86.788918, 35.707489 ], [ -86.784533, 35.707084 ], [ -86.783074, 35.70695 ], [ -86.782877, 35.706933 ], [ -86.782808, 35.706925 ], [ -86.782017, 35.706841 ], [ -86.781997, 35.706839 ], [ -86.782016, 35.706595 ], [ -86.782418, 35.706452 ], [ -86.783626, 35.706023 ], [ -86.78403, 35.70588 ], [ -86.784118, 35.705849 ], [ -86.785159, 35.70508 ], [ -86.785129, 35.705245 ], [ -86.785082, 35.705515 ], [ -86.789269, 35.70418 ], [ -86.790753, 35.703708 ], [ -86.791385, 35.703506 ], [ -86.793281, 35.702903 ], [ -86.793342, 35.702884 ], [ -86.793885, 35.702629 ], [ -86.794002, 35.702575 ], [ -86.794128, 35.70243 ], [ -86.794159, 35.702397 ], [ -86.794295, 35.702259 ], [ -86.794372, 35.702187 ], [ -86.794332, 35.702123 ], [ -86.793645, 35.701894 ], [ -86.793298, 35.701779 ], [ -86.793183, 35.701741 ], [ -86.792839, 35.701627 ], [ -86.792725, 35.701589 ], [ -86.792695, 35.701577 ], [ -86.792608, 35.701541 ], [ -86.792579, 35.70153 ], [ -86.792615, 35.701494 ], [ -86.792628, 35.701468 ], [ -86.792741, 35.701258 ], [ -86.792803, 35.701208 ], [ -86.792824, 35.70106 ], [ -86.792871, 35.700895 ], [ -86.792898, 35.70078 ], [ -86.793019, 35.700571 ], [ -86.793087, 35.700433 ], [ -86.793168, 35.700324 ], [ -86.793363, 35.700021 ], [ -86.793424, 35.699917 ], [ -86.793531, 35.699829 ], [ -86.793666, 35.699758 ], [ -86.793882, 35.699692 ], [ -86.79399, 35.699626 ], [ -86.79405, 35.699549 ], [ -86.794148, 35.699437 ], [ -86.794172, 35.699411 ], [ -86.794489, 35.698994 ], [ -86.79463, 35.698779 ], [ -86.794812, 35.698614 ], [ -86.795243, 35.698318 ], [ -86.795344, 35.698164 ], [ -86.795439, 35.697972 ], [ -86.795446, 35.697785 ], [ -86.795439, 35.697603 ], [ -86.795372, 35.697466 ], [ -86.795223, 35.697262 ], [ -86.795035, 35.697065 ], [ -86.794947, 35.696966 ], [ -86.794866, 35.696867 ], [ -86.794833, 35.696713 ], [ -86.794846, 35.696603 ], [ -86.794887, 35.696482 ], [ -86.794934, 35.696361 ], [ -86.795042, 35.696213 ], [ -86.79523, 35.696026 ], [ -86.795675, 35.695553 ], [ -86.79583, 35.695311 ], [ -86.795918, 35.695091 ], [ -86.795965, 35.694855 ], [ -86.795965, 35.694701 ], [ -86.796053, 35.694509 ], [ -86.796201, 35.694305 ], [ -86.796275, 35.694185 ], [ -86.796471, 35.693987 ], [ -86.796599, 35.693849 ], [ -86.796686, 35.693766 ], [ -86.796727, 35.693728 ], [ -86.796781, 35.693564 ], [ -86.796828, 35.693382 ], [ -86.796855, 35.692915 ], [ -86.796815, 35.692778 ], [ -86.796788, 35.692503 ], [ -86.796794, 35.692233 ], [ -86.796875, 35.691849 ], [ -86.796916, 35.691574 ], [ -86.796935, 35.691479 ], [ -86.801102, 35.691879 ], [ -86.802792, 35.692042 ], [ -86.802266, 35.697158 ], [ -86.803369, 35.697201 ], [ -86.803233, 35.699415 ], [ -86.803749, 35.699235 ], [ -86.805497, 35.698626 ], [ -86.809452, 35.697251 ], [ -86.809934, 35.697083 ], [ -86.811381, 35.696579 ], [ -86.811864, 35.696412 ], [ -86.81201, 35.695311 ], [ -86.812246, 35.693542 ], [ -86.81245, 35.692009 ], [ -86.812597, 35.690909 ], [ -86.812724, 35.689948 ], [ -86.813107, 35.687065 ], [ -86.813235, 35.686105 ], [ -86.813397, 35.684891 ], [ -86.813882, 35.68125 ], [ -86.814045, 35.680037 ], [ -86.81413, 35.67939 ], [ -86.814386, 35.677451 ], [ -86.814459, 35.676907 ], [ -86.814473, 35.676805 ], [ -86.814485, 35.676714 ], [ -86.814585, 35.675962 ], [ -86.814921, 35.673435 ], [ -86.815034, 35.672593 ], [ -86.815416, 35.669724 ], [ -86.816277, 35.663269 ], [ -86.81657, 35.661118 ], [ -86.816961, 35.658251 ], [ -86.817323, 35.655597 ], [ -86.81841, 35.647635 ], [ -86.818773, 35.644982 ], [ -86.819124, 35.642398 ], [ -86.820181, 35.634649 ], [ -86.820535, 35.632067 ], [ -86.820702, 35.630841 ], [ -86.821205, 35.627163 ], [ -86.821357, 35.626049 ], [ -86.821377, 35.625939 ], [ -86.821428, 35.625677 ], [ -86.821547, 35.625069 ], [ -86.821596, 35.624896 ], [ -86.82167, 35.62464 ], [ -86.821685, 35.624582 ], [ -86.821716, 35.624413 ], [ -86.821724, 35.624348 ], [ -86.821728, 35.624314 ], [ -86.821742, 35.624214 ], [ -86.821748, 35.624181 ], [ -86.821939, 35.622826 ], [ -86.822513, 35.618764 ], [ -86.822705, 35.61741 ], [ -86.822739, 35.617156 ], [ -86.822742, 35.617142 ], [ -86.82278, 35.616874 ], [ -86.822832, 35.616509 ], [ -86.822847, 35.616397 ], [ -86.822884, 35.616145 ], [ -86.822944, 35.615721 ], [ -86.823045, 35.615011 ], [ -86.823091, 35.614451 ], [ -86.823127, 35.614026 ], [ -86.822949, 35.613235 ], [ -86.822871, 35.612888 ], [ -86.822763, 35.612407 ], [ -86.822579, 35.611589 ], [ -86.822442, 35.610857 ], [ -86.8224, 35.610627 ], [ -86.822359, 35.610053 ], [ -86.82236, 35.610017 ], [ -86.822369, 35.609482 ], [ -86.822379, 35.608942 ], [ -86.82238, 35.608893 ], [ -86.82238, 35.608752 ], [ -86.82238, 35.608654 ], [ -86.82238, 35.608636 ], [ -86.82238, 35.608582 ], [ -86.82238, 35.608564 ], [ -86.822536, 35.608569 ], [ -86.822658, 35.608577 ], [ -86.823215, 35.608618 ], [ -86.823404, 35.608635 ], [ -86.823474, 35.608652 ], [ -86.823489, 35.608654 ], [ -86.823739, 35.60869 ], [ -86.823765, 35.60869 ], [ -86.82377, 35.608643 ], [ -86.823787, 35.608505 ], [ -86.823794, 35.608459 ], [ -86.823808, 35.608347 ], [ -86.823852, 35.608011 ], [ -86.823868, 35.6079 ], [ -86.823963, 35.60718 ], [ -86.82425, 35.60502 ], [ -86.824347, 35.604301 ], [ -86.824414, 35.603784 ], [ -86.824617, 35.602236 ], [ -86.824686, 35.601721 ], [ -86.824704, 35.601562 ], [ -86.824764, 35.601088 ], [ -86.824775, 35.601011 ], [ -86.824795, 35.600934 ], [ -86.824807, 35.600916 ], [ -86.825014, 35.600615 ], [ -86.825636, 35.599714 ], [ -86.825844, 35.599414 ], [ -86.827362, 35.597553 ], [ -86.82843, 35.596246 ], [ -86.833622, 35.594383 ], [ -86.833917, 35.594278 ], [ -86.835988, 35.594544 ], [ -86.835972, 35.594373 ], [ -86.835985, 35.594073 ], [ -86.836022, 35.593857 ], [ -86.836082, 35.59372 ], [ -86.836197, 35.593522 ], [ -86.836207, 35.593506 ], [ -86.836307, 35.593383 ], [ -86.836316, 35.593356 ], [ -86.836366, 35.59328 ], [ -86.836375, 35.593252 ], [ -86.836442, 35.593136 ], [ -86.836476, 35.593087 ], [ -86.836484, 35.59306 ], [ -86.836518, 35.593012 ], [ -86.836526, 35.592985 ], [ -86.836568, 35.592923 ], [ -86.836719, 35.592734 ], [ -86.836828, 35.592628 ], [ -86.836954, 35.592487 ], [ -86.837104, 35.592339 ], [ -86.837188, 35.592284 ], [ -86.837314, 35.592223 ], [ -86.837412, 35.592182 ], [ -86.837432, 35.592167 ], [ -86.837466, 35.592161 ], [ -86.837641, 35.592086 ], [ -86.837676, 35.592078 ], [ -86.837842, 35.592016 ], [ -86.838078, 35.591955 ], [ -86.838344, 35.591894 ], [ -86.838523, 35.591859 ], [ -86.838711, 35.591811 ], [ -86.83885, 35.591776 ], [ -86.839357, 35.591636 ], [ -86.839386, 35.591633 ], [ -86.839428, 35.591619 ], [ -86.839705, 35.591557 ], [ -86.839747, 35.591546 ], [ -86.839767, 35.59154 ], [ -86.839826, 35.59153 ], [ -86.839846, 35.591527 ], [ -86.839854, 35.591439 ], [ -86.840179, 35.588476 ], [ -86.840755, 35.583247 ], [ -86.836822, 35.582913 ], [ -86.833765, 35.582654 ], [ -86.83331, 35.582615 ], [ -86.831946, 35.582498 ], [ -86.831492, 35.58246 ], [ -86.829033, 35.58225 ], [ -86.827394, 35.58211 ], [ -86.827501, 35.580812 ], [ -86.829003, 35.57662 ], [ -86.829836, 35.574298 ], [ -86.829905, 35.57411 ], [ -86.831043, 35.574348 ], [ -86.835046, 35.575185 ], [ -86.836381, 35.575465 ], [ -86.836432, 35.575341 ], [ -86.836528, 35.575108 ], [ -86.83658, 35.574967 ], [ -86.836627, 35.574842 ], [ -86.836722, 35.574591 ], [ -86.836884, 35.57411 ], [ -86.836906, 35.573937 ], [ -86.836912, 35.5738 ], [ -86.836906, 35.573649 ], [ -86.836867, 35.573439 ], [ -86.836789, 35.573211 ], [ -86.836176, 35.571676 ], [ -86.83505, 35.568916 ], [ -86.834924, 35.56858 ], [ -86.834839, 35.568353 ], [ -86.834578, 35.567564 ], [ -86.834542, 35.567455 ], [ -86.834466, 35.567224 ], [ -86.834443, 35.567146 ], [ -86.834376, 35.566914 ], [ -86.834354, 35.566837 ], [ -86.837121, 35.56704 ], [ -86.839832, 35.567239 ], [ -86.840489, 35.567286 ], [ -86.840591, 35.566656 ], [ -86.841264, 35.562397 ], [ -86.841399, 35.561548 ], [ -86.841704, 35.559657 ], [ -86.841005, 35.559609 ], [ -86.840753, 35.559592 ], [ -86.838914, 35.559428 ], [ -86.838515, 35.559393 ], [ -86.838234, 35.559387 ], [ -86.838216, 35.559388 ], [ -86.838456, 35.557267 ], [ -86.839048, 35.552055 ], [ -86.839704, 35.552065 ], [ -86.840166, 35.551871 ], [ -86.841947, 35.551125 ], [ -86.84213, 35.551036 ], [ -86.8419, 35.550996 ], [ -86.84185, 35.550987 ], [ -86.841583, 35.550942 ], [ -86.841004, 35.550886 ], [ -86.840906, 35.550877 ], [ -86.840761, 35.550881 ], [ -86.840721, 35.550882 ], [ -86.840523, 35.550913 ], [ -86.840398, 35.550921 ], [ -86.839943, 35.5509 ], [ -86.839748, 35.550892 ], [ -86.839543, 35.550874 ], [ -86.838928, 35.550822 ], [ -86.838724, 35.550805 ], [ -86.838636, 35.550801 ], [ -86.838375, 35.550789 ], [ -86.838288, 35.550785 ], [ -86.83825, 35.550783 ], [ -86.838137, 35.550777 ], [ -86.8381, 35.550776 ], [ -86.838155, 35.550652 ], [ -86.838322, 35.55028 ], [ -86.838378, 35.550157 ], [ -86.838793, 35.549227 ], [ -86.84004, 35.546438 ], [ -86.840457, 35.545509 ], [ -86.840736, 35.544895 ], [ -86.841574, 35.543056 ], [ -86.841854, 35.542443 ], [ -86.842292, 35.54148 ], [ -86.843605, 35.538595 ], [ -86.844045, 35.537634 ], [ -86.844589, 35.536439 ], [ -86.846224, 35.532854 ], [ -86.846769, 35.531661 ], [ -86.847128, 35.530873 ], [ -86.848206, 35.528508 ], [ -86.848566, 35.527721 ], [ -86.849549, 35.525565 ], [ -86.849573, 35.525515 ], [ -86.854406, 35.520384 ], [ -86.856031, 35.518663 ], [ -86.86166, 35.512689 ], [ -86.862228, 35.512088 ], [ -86.87128, 35.502486 ], [ -86.871148, 35.50334 ], [ -86.872777, 35.503451 ], [ -86.871752, 35.51149 ], [ -86.870715, 35.519635 ], [ -86.870617, 35.520405 ], [ -86.870568, 35.520796 ], [ -86.872496, 35.520988 ], [ -86.87327, 35.521065 ], [ -86.875001, 35.521244 ], [ -86.875589, 35.521251 ], [ -86.875774, 35.519867 ], [ -86.877143, 35.509669 ], [ -86.877916, 35.509703 ], [ -86.877927, 35.509594 ], [ -86.878332, 35.505892 ], [ -86.878376, 35.505487 ], [ -86.878509, 35.504275 ], [ -86.878554, 35.503871 ], [ -86.87888, 35.503888 ], [ -86.879652, 35.503929 ], [ -86.879677, 35.503723 ], [ -86.879718, 35.503399 ], [ -86.879802, 35.502723 ], [ -86.880006, 35.501097 ], [ -86.880408, 35.501106 ], [ -86.881089, 35.501123 ], [ -86.881087, 35.501112 ], [ -86.881071, 35.501071 ], [ -86.881011, 35.500918 ], [ -86.880991, 35.500867 ], [ -86.880975, 35.500827 ], [ -86.880958, 35.500709 ], [ -86.88096, 35.500685 ], [ -86.880972, 35.500597 ], [ -86.881009, 35.500504 ], [ -86.881066, 35.500331 ], [ -86.881077, 35.500235 ], [ -86.881092, 35.500187 ], [ -86.881076, 35.500149 ], [ -86.881065, 35.500122 ], [ -86.881066, 35.500073 ], [ -86.881078, 35.499995 ], [ -86.881078, 35.499967 ], [ -86.881078, 35.499735 ], [ -86.881099, 35.499614 ], [ -86.881128, 35.499535 ], [ -86.881162, 35.499487 ], [ -86.881221, 35.499356 ], [ -86.881233, 35.499298 ], [ -86.881245, 35.499267 ], [ -86.881262, 35.499088 ], [ -86.881259, 35.499074 ], [ -86.881245, 35.498978 ], [ -86.881162, 35.498903 ], [ -86.881044, 35.498834 ], [ -86.880944, 35.498807 ], [ -86.880899, 35.498784 ], [ -86.880851, 35.498772 ], [ -86.880809, 35.498752 ], [ -86.880717, 35.498717 ], [ -86.880616, 35.498649 ], [ -86.880574, 35.498607 ], [ -86.880558, 35.498559 ], [ -86.880558, 35.49847 ], [ -86.880599, 35.498174 ], [ -86.8806, 35.498072 ], [ -86.880549, 35.497907 ], [ -86.880545, 35.497869 ], [ -86.880528, 35.497793 ], [ -86.880515, 35.497659 ], [ -86.88054, 35.49726 ], [ -86.880519, 35.497044 ], [ -86.880503, 35.496982 ], [ -86.88049, 35.496951 ], [ -86.880473, 35.496821 ], [ -86.880472, 35.496759 ], [ -86.880477, 35.496726 ], [ -86.880569, 35.496151 ], [ -86.880577, 35.496013 ], [ -86.880598, 35.495879 ], [ -86.880601, 35.495828 ], [ -86.880593, 35.49581 ], [ -86.880604, 35.495794 ], [ -86.880618, 35.49557 ], [ -86.880623, 35.495508 ], [ -86.880622, 35.495233 ], [ -86.880607, 35.494839 ], [ -86.880599, 35.494596 ], [ -86.880594, 35.494477 ], [ -86.880584, 35.494178 ], [ -86.880589, 35.494122 ], [ -86.8806, 35.494003 ], [ -86.882247, 35.492593 ], [ -86.88719, 35.488366 ], [ -86.888838, 35.486958 ], [ -86.888897, 35.486907 ], [ -86.889073, 35.486756 ], [ -86.889133, 35.486706 ], [ -86.889235, 35.486618 ], [ -86.889398, 35.486478 ], [ -86.889544, 35.486354 ], [ -86.889647, 35.486267 ], [ -86.890439, 35.485588 ], [ -86.892818, 35.483553 ], [ -86.893612, 35.482875 ], [ -86.893728, 35.482775 ], [ -86.893804, 35.48271 ], [ -86.894077, 35.482477 ], [ -86.894194, 35.482378 ], [ -86.894258, 35.482322 ], [ -86.894451, 35.482156 ], [ -86.894516, 35.482101 ], [ -86.894733, 35.481915 ], [ -86.895384, 35.481358 ], [ -86.895602, 35.481173 ], [ -86.895582, 35.481153 ], [ -86.895522, 35.481093 ], [ -86.895502, 35.481073 ], [ -86.897315, 35.479993 ], [ -86.902756, 35.476753 ], [ -86.90457, 35.475675 ], [ -86.905052, 35.475386 ], [ -86.9065, 35.474525 ], [ -86.906985, 35.474238 ], [ -86.908728, 35.4732 ], [ -86.912302, 35.471073 ], [ -86.913949, 35.470074 ], [ -86.915684, 35.469023 ], [ -86.916402, 35.468585 ], [ -86.920076, 35.466359 ], [ -86.920169, 35.466302 ], [ -86.92045, 35.466131 ], [ -86.920544, 35.466075 ], [ -86.922645, 35.4648 ], [ -86.924503, 35.463674 ], [ -86.921107, 35.459735 ], [ -86.919503, 35.457874 ], [ -86.919403, 35.457874 ], [ -86.919147, 35.45685 ], [ -86.919003, 35.456274 ], [ -86.921403, 35.456074 ], [ -86.921622, 35.455666 ], [ -86.922103, 35.454774 ], [ -86.922203, 35.454874 ], [ -86.923242, 35.455013 ], [ -86.926363, 35.455433 ], [ -86.927403, 35.455574 ], [ -86.92761, 35.454901 ], [ -86.927802, 35.454287 ], [ -86.928375, 35.454358 ], [ -86.929258, 35.454467 ], [ -86.929796, 35.454534 ], [ -86.929957, 35.454554 ], [ -86.930006, 35.454555 ], [ -86.930155, 35.454562 ], [ -86.930205, 35.454565 ], [ -86.930226, 35.454648 ], [ -86.930327, 35.455003 ], [ -86.93038, 35.455209 ], [ -86.930472, 35.455569 ], [ -86.930833, 35.455586 ], [ -86.93121, 35.455561 ], [ -86.932635, 35.455434 ], [ -86.932582, 35.455685 ], [ -86.932556, 35.455807 ], [ -86.932203, 35.457574 ], [ -86.932983, 35.457674 ], [ -86.935323, 35.457974 ], [ -86.936103, 35.458074 ], [ -86.936163, 35.458274 ], [ -86.936343, 35.458874 ], [ -86.936403, 35.459074 ], [ -86.940039, 35.457588 ], [ -86.950949, 35.45313 ], [ -86.954586, 35.451645 ], [ -86.95483, 35.451545 ], [ -86.955004, 35.451474 ], [ -86.955192, 35.449721 ], [ -86.955902, 35.443114 ], [ -86.956139, 35.440913 ], [ -86.956172, 35.440605 ], [ -86.95627, 35.439681 ], [ -86.956304, 35.439374 ], [ -86.956304, 35.439334 ], [ -86.956304, 35.439214 ], [ -86.956304, 35.439174 ], [ -86.956319, 35.439101 ], [ -86.956364, 35.438885 ], [ -86.95638, 35.438813 ], [ -86.956828, 35.436644 ], [ -86.956992, 35.435856 ], [ -86.957759, 35.432157 ], [ -86.957999, 35.431012 ], [ -86.958172, 35.43014 ], [ -86.958606, 35.427969 ], [ -86.958643, 35.427779 ], [ -86.958756, 35.427212 ], [ -86.958794, 35.427023 ], [ -86.95899, 35.426042 ], [ -86.959577, 35.423102 ], [ -86.959774, 35.422123 ], [ -86.959979, 35.421102 ], [ -86.960597, 35.418041 ], [ -86.960804, 35.417021 ], [ -86.96082, 35.416946 ], [ -86.960839, 35.416495 ], [ -86.960855, 35.416149 ], [ -86.960823, 35.415949 ], [ -86.960734, 35.415521 ], [ -86.960664, 35.415183 ], [ -86.96063, 35.414959 ], [ -86.960628, 35.414934 ], [ -86.960617, 35.414757 ], [ -86.960622, 35.414552 ], [ -86.960636, 35.414408 ], [ -86.960651, 35.414252 ], [ -86.960672, 35.41413 ], [ -86.960756, 35.413656 ], [ -86.960766, 35.413503 ], [ -86.960751, 35.413423 ], [ -86.960696, 35.413336 ], [ -86.960686, 35.413316 ], [ -86.960565, 35.413064 ], [ -86.960675, 35.413026 ], [ -86.960758, 35.412999 ], [ -86.960882, 35.412977 ], [ -86.96102, 35.412965 ], [ -86.961137, 35.412955 ], [ -86.961285, 35.41288 ], [ -86.961465, 35.412704 ], [ -86.961636, 35.412538 ], [ -86.961779, 35.412468 ], [ -86.96232, 35.412496 ], [ -86.962513, 35.412507 ], [ -86.962932, 35.412522 ], [ -86.963323, 35.412569 ], [ -86.963476, 35.412576 ], [ -86.963628, 35.41253 ], [ -86.9638, 35.412421 ], [ -86.963963, 35.412269 ], [ -86.964426, 35.412046 ], [ -86.964911, 35.411913 ], [ -86.965691, 35.412143 ], [ -86.96597, 35.41213 ], [ -86.966104, 35.412175 ], [ -86.966204, 35.412175 ], [ -86.966304, 35.412175 ], [ -86.966504, 35.412175 ], [ -86.967304, 35.412075 ], [ -86.967604, 35.412075 ], [ -86.968004, 35.412075 ], [ -86.968204, 35.412075 ], [ -86.968304, 35.412375 ], [ -86.968504, 35.412675 ], [ -86.969104, 35.413275 ], [ -86.969604, 35.413575 ], [ -86.969776, 35.41369 ], [ -86.970204, 35.413975 ], [ -86.970504, 35.414575 ], [ -86.970704, 35.415075 ], [ -86.971004, 35.415775 ], [ -86.971404, 35.416075 ], [ -86.971704, 35.415675 ], [ -86.972204, 35.415075 ], [ -86.972504, 35.414975 ], [ -86.973304, 35.414675 ], [ -86.973704, 35.414575 ], [ -86.974004, 35.414575 ], [ -86.974704, 35.414775 ], [ -86.975004, 35.415075 ], [ -86.975304, 35.415575 ], [ -86.975804, 35.416075 ], [ -86.976004, 35.416275 ], [ -86.976204, 35.416275 ], [ -86.976804, 35.415975 ], [ -86.977804, 35.415675 ], [ -86.978504, 35.415675 ], [ -86.978704, 35.415875 ], [ -86.979204, 35.416275 ], [ -86.979704, 35.416875 ], [ -86.980204, 35.416975 ], [ -86.981204, 35.417075 ], [ -86.981805, 35.417075 ], [ -86.982305, 35.417375 ], [ -86.982505, 35.417775 ], [ -86.982405, 35.418675 ], [ -86.982605, 35.419375 ], [ -86.982905, 35.419975 ], [ -86.983305, 35.419975 ], [ -86.983805, 35.419975 ], [ -86.984405, 35.420075 ], [ -86.984805, 35.419875 ], [ -86.984905, 35.419775 ], [ -86.985105, 35.418575 ], [ -86.985205, 35.418475 ], [ -86.986005, 35.418375 ], [ -86.987005, 35.417975 ], [ -86.987105, 35.417775 ], [ -86.987205, 35.417475 ], [ -86.986805, 35.416975 ], [ -86.986105, 35.416475 ], [ -86.986105, 35.416075 ], [ -86.986105, 35.415569 ], [ -86.986005, 35.414975 ], [ -86.985805, 35.414375 ], [ -86.985805, 35.413475 ], [ -86.986042, 35.412761 ], [ -86.986105, 35.412575 ], [ -86.986205, 35.412375 ], [ -86.986105, 35.411375 ], [ -86.986705, 35.409375 ], [ -86.986805, 35.409375 ], [ -86.986905, 35.409375 ], [ -86.987305, 35.409275 ], [ -86.987705, 35.409275 ], [ -86.988405, 35.409075 ], [ -86.989105, 35.408675 ], [ -86.990705, 35.408175 ], [ -86.990905, 35.408175 ], [ -86.991005, 35.408575 ], [ -86.991121, 35.408866 ], [ -86.991205, 35.409075 ], [ -86.991405, 35.409375 ], [ -86.991805, 35.409875 ], [ -86.992005, 35.409975 ], [ -86.992305, 35.409875 ], [ -86.993205, 35.409575 ], [ -86.993377, 35.409554 ], [ -86.99342, 35.409544 ], [ -86.993432, 35.409543 ], [ -86.994004, 35.409471 ], [ -86.994604, 35.409471 ], [ -86.995004, 35.409371 ], [ -86.995309, 35.40932 ], [ -86.995604, 35.409271 ], [ -86.995904, 35.409371 ], [ -86.996404, 35.409472 ], [ -86.996804, 35.409472 ], [ -86.997405, 35.409472 ], [ -86.998205, 35.409372 ], [ -86.998805, 35.409573 ], [ -86.998905, 35.409773 ], [ -86.999105, 35.410373 ], [ -86.999305, 35.410673 ], [ -86.999605, 35.411173 ], [ -86.999871, 35.411373 ], [ -87.000005, 35.411474 ], [ -87.001413, 35.412482 ], [ -87.001582, 35.412533 ], [ -87.00178, 35.412594 ], [ -87.002101, 35.412657 ], [ -87.002277, 35.412692 ], [ -87.002482, 35.41273 ], [ -87.003845, 35.412995 ], [ -87.005419, 35.413302 ], [ -87.007965, 35.413084 ], [ -87.008598, 35.413028 ], [ -87.00923, 35.412974 ], [ -87.009995, 35.413417 ], [ -87.010047, 35.413479 ], [ -87.01012, 35.413569 ], [ -87.010884, 35.41379 ], [ -87.011305, 35.414071 ], [ -87.011431, 35.414155 ], [ -87.011852, 35.414269 ], [ -87.01252, 35.414038 ], [ -87.012775, 35.413918 ], [ -87.013294, 35.414001 ], [ -87.013538, 35.414228 ], [ -87.013917, 35.414737 ], [ -87.01423, 35.414972 ], [ -87.014641, 35.415079 ], [ -87.014983, 35.41521 ], [ -87.01602, 35.415608 ], [ -87.016325, 35.415645 ], [ -87.016833, 35.415708 ], [ -87.017137, 35.415734 ], [ -87.017347, 35.415781 ], [ -87.017499, 35.415816 ], [ -87.017567, 35.415921 ], [ -87.017606, 35.416026 ], [ -87.017759, 35.416526 ], [ -87.017885, 35.416801 ], [ -87.018012, 35.416946 ], [ -87.01804, 35.417156 ], [ -87.017783, 35.417574 ], [ -87.017517, 35.417734 ], [ -87.017055, 35.417918 ], [ -87.016894, 35.417991 ], [ -87.016741, 35.418062 ], [ -87.016592, 35.418335 ], [ -87.016395, 35.418536 ], [ -87.016221, 35.418744 ], [ -87.016218, 35.418827 ], [ -87.016209, 35.41908 ], [ -87.016207, 35.419164 ], [ -87.016527, 35.419447 ], [ -87.016674, 35.419467 ], [ -87.017114, 35.41953 ], [ -87.017595, 35.419411 ], [ -87.018311, 35.419519 ], [ -87.018366, 35.41955 ], [ -87.018643, 35.419706 ], [ -87.018832, 35.419883 ], [ -87.019024, 35.420062 ], [ -87.018713, 35.421092 ], [ -87.018673, 35.421287 ], [ -87.018521, 35.422035 ], [ -87.018528, 35.422494 ], [ -87.018712, 35.42289 ], [ -87.019062, 35.423375 ], [ -87.01949, 35.424005 ], [ -87.019569, 35.423982 ], [ -87.019824, 35.423958 ], [ -87.020051, 35.423774 ], [ -87.020833, 35.423206 ], [ -87.021499, 35.422724 ], [ -87.021528, 35.42278 ], [ -87.021595, 35.423055 ], [ -87.021525, 35.423296 ], [ -87.021563, 35.423409 ], [ -87.021697, 35.423692 ], [ -87.021892, 35.42399 ], [ -87.022028, 35.424209 ], [ -87.022205, 35.424371 ], [ -87.02239, 35.424412 ], [ -87.022616, 35.424446 ], [ -87.02272, 35.424415 ], [ -87.023165, 35.424287 ], [ -87.023527, 35.424465 ], [ -87.0243, 35.424985 ], [ -87.024415, 35.425404 ], [ -87.0245, 35.425928 ], [ -87.024702, 35.426566 ], [ -87.024839, 35.42676 ], [ -87.02513, 35.427003 ], [ -87.025384, 35.427295 ], [ -87.02542, 35.427923 ], [ -87.025419, 35.427938 ], [ -87.025366, 35.428792 ], [ -87.02548, 35.4293 ], [ -87.025608, 35.429451 ], [ -87.025702, 35.429525 ], [ -87.026646, 35.430266 ], [ -87.027461, 35.430824 ], [ -87.027898, 35.431081 ], [ -87.028455, 35.43141 ], [ -87.029434, 35.431915 ], [ -87.030114, 35.432201 ], [ -87.030201, 35.431846 ], [ -87.030732, 35.4319 ], [ -87.031681, 35.431874 ], [ -87.032728, 35.431709 ], [ -87.03348, 35.431395 ], [ -87.034481, 35.430836 ], [ -87.035051, 35.430377 ], [ -87.035366, 35.430125 ], [ -87.036151, 35.429403 ], [ -87.037003, 35.428811 ], [ -87.03718, 35.428747 ], [ -87.037215, 35.428734 ], [ -87.037663, 35.428568 ], [ -87.03834, 35.428426 ], [ -87.038762, 35.428306 ], [ -87.039164, 35.428373 ], [ -87.039595, 35.428447 ], [ -87.040007, 35.428336 ], [ -87.040292, 35.428248 ], [ -87.040772, 35.428339 ], [ -87.041173, 35.428574 ], [ -87.041425, 35.428707 ], [ -87.041496, 35.428744 ], [ -87.0418, 35.428681 ], [ -87.042163, 35.428618 ], [ -87.042516, 35.428611 ], [ -87.043073, 35.428928 ], [ -87.043434, 35.429252 ], [ -87.04361, 35.429414 ], [ -87.043864, 35.429447 ], [ -87.044525, 35.428877 ], [ -87.044938, 35.428629 ], [ -87.045321, 35.428413 ], [ -87.0459, 35.428415 ], [ -87.046448, 35.428538 ], [ -87.046849, 35.428838 ], [ -87.047249, 35.429178 ], [ -87.047796, 35.429599 ], [ -87.048375, 35.429513 ], [ -87.048738, 35.429329 ], [ -87.049083, 35.429145 ], [ -87.049542, 35.429332 ], [ -87.049816, 35.429454 ], [ -87.050179, 35.429431 ], [ -87.050386, 35.429343 ], [ -87.050483, 35.429368 ], [ -87.050678, 35.42965 ], [ -87.050587, 35.430222 ], [ -87.050585, 35.430569 ], [ -87.050721, 35.430707 ], [ -87.051241, 35.430612 ], [ -87.05181, 35.430558 ], [ -87.052353, 35.430479 ], [ -87.052409, 35.430471 ], [ -87.053017, 35.430554 ], [ -87.053221, 35.430732 ], [ -87.053198, 35.431369 ], [ -87.053256, 35.431667 ], [ -87.053823, 35.431863 ], [ -87.054608, 35.431769 ], [ -87.055296, 35.431449 ], [ -87.055621, 35.431177 ], [ -87.055944, 35.431129 ], [ -87.056152, 35.431216 ], [ -87.056403, 35.431323 ], [ -87.05658, 35.431524 ], [ -87.056904, 35.431654 ], [ -87.057286, 35.431533 ], [ -87.057651, 35.431479 ], [ -87.058199, 35.4314 ], [ -87.058286, 35.431382 ], [ -87.05862, 35.431296 ], [ -87.058964, 35.431265 ], [ -87.05918, 35.431354 ], [ -87.059218, 35.431604 ], [ -87.059325, 35.431791 ], [ -87.059439, 35.431937 ], [ -87.059773, 35.432122 ], [ -87.060008, 35.432212 ], [ -87.060243, 35.432455 ], [ -87.060525, 35.432907 ], [ -87.061072, 35.43341 ], [ -87.061295, 35.433724 ], [ -87.061614, 35.43418 ], [ -87.06184, 35.434501 ], [ -87.062035, 35.434598 ], [ -87.062183, 35.434454 ], [ -87.062429, 35.434261 ], [ -87.062754, 35.434077 ], [ -87.063058, 35.434094 ], [ -87.063389, 35.434257 ], [ -87.064067, 35.43434 ], [ -87.065769, 35.434943 ], [ -87.066454, 35.43527 ], [ -87.066826, 35.435463 ], [ -87.066863, 35.435842 ], [ -87.067105, 35.436383 ], [ -87.067252, 35.436569 ], [ -87.067573, 35.436725 ], [ -87.068239, 35.43696 ], [ -87.068581, 35.437242 ], [ -87.069079, 35.437664 ], [ -87.069431, 35.437963 ], [ -87.06945, 35.438085 ], [ -87.070067, 35.438233 ], [ -87.070459, 35.438283 ], [ -87.070537, 35.438421 ], [ -87.070663, 35.438679 ], [ -87.070729, 35.438953 ], [ -87.071012, 35.439502 ], [ -87.071303, 35.439988 ], [ -87.071585, 35.440294 ], [ -87.071771, 35.440383 ], [ -87.072281, 35.440474 ], [ -87.072956, 35.440597 ], [ -87.073046, 35.440615 ], [ -87.073565, 35.440738 ], [ -87.073964, 35.440868 ], [ -87.074681, 35.441017 ], [ -87.075131, 35.441001 ], [ -87.075621, 35.441003 ], [ -87.075876, 35.441117 ], [ -87.076101, 35.441384 ], [ -87.076239, 35.44153 ], [ -87.076473, 35.441691 ], [ -87.07698, 35.441999 ], [ -87.077369, 35.442191 ], [ -87.077537, 35.442045 ], [ -87.077582, 35.441994 ], [ -87.077621, 35.441937 ], [ -87.077758, 35.441722 ], [ -87.077806, 35.441606 ], [ -87.077808, 35.441592 ], [ -87.077874, 35.441272 ], [ -87.07797, 35.440888 ], [ -87.078038, 35.440755 ], [ -87.078127, 35.440666 ], [ -87.078229, 35.440627 ], [ -87.078411, 35.44066 ], [ -87.078718, 35.440726 ], [ -87.07912, 35.440821 ], [ -87.079349, 35.440893 ], [ -87.079701, 35.441004 ], [ -87.080048, 35.441171 ], [ -87.080093, 35.44121 ], [ -87.080547, 35.441942 ], [ -87.08079, 35.44236 ], [ -87.081092, 35.442675 ], [ -87.081405, 35.44282 ], [ -87.08206, 35.442683 ], [ -87.082501, 35.442499 ], [ -87.082647, 35.442423 ], [ -87.082843, 35.442323 ], [ -87.082991, 35.442219 ], [ -87.083196, 35.442154 ], [ -87.083361, 35.442107 ], [ -87.083488, 35.442275 ], [ -87.083634, 35.442613 ], [ -87.08375, 35.442918 ], [ -87.083828, 35.443014 ], [ -87.083994, 35.443135 ], [ -87.084366, 35.443191 ], [ -87.084699, 35.443072 ], [ -87.084992, 35.442911 ], [ -87.085315, 35.442799 ], [ -87.085618, 35.442727 ], [ -87.086019, 35.442728 ], [ -87.086389, 35.442985 ], [ -87.08677, 35.44325 ], [ -87.086995, 35.443427 ], [ -87.087327, 35.443524 ], [ -87.08763, 35.443509 ], [ -87.087885, 35.44326 ], [ -87.088208, 35.442883 ], [ -87.088649, 35.442706 ], [ -87.089225, 35.44257 ], [ -87.089626, 35.44257 ], [ -87.089988, 35.442539 ], [ -87.090614, 35.442379 ], [ -87.090917, 35.442163 ], [ -87.091211, 35.442106 ], [ -87.091408, 35.442111 ], [ -87.091532, 35.442114 ], [ -87.091543, 35.442115 ], [ -87.091759, 35.442163 ], [ -87.091943, 35.442204 ], [ -87.092452, 35.442284 ], [ -87.092765, 35.442164 ], [ -87.092873, 35.442069 ], [ -87.09304, 35.441923 ], [ -87.093108, 35.441754 ], [ -87.093226, 35.441627 ], [ -87.093353, 35.441554 ], [ -87.093548, 35.441595 ], [ -87.093774, 35.441659 ], [ -87.093968, 35.441755 ], [ -87.09423, 35.441793 ], [ -87.09434, 35.441764 ], [ -87.094465, 35.441845 ], [ -87.094477, 35.441967 ], [ -87.094295, 35.442082 ], [ -87.093928, 35.442313 ], [ -87.093731, 35.442471 ], [ -87.093632, 35.442566 ], [ -87.093576, 35.44263 ], [ -87.093561, 35.442649 ], [ -87.093352, 35.442971 ], [ -87.093213, 35.443229 ], [ -87.09309, 35.443528 ], [ -87.093062, 35.443676 ], [ -87.093034, 35.444356 ], [ -87.092973, 35.44458 ], [ -87.092828, 35.444996 ], [ -87.092686, 35.445466 ], [ -87.092677, 35.445647 ], [ -87.092702, 35.445812 ], [ -87.09272, 35.445885 ], [ -87.092825, 35.446093 ], [ -87.093312, 35.446753 ], [ -87.093364, 35.446824 ], [ -87.093443, 35.447011 ], [ -87.093507, 35.447239 ], [ -87.093581, 35.447794 ], [ -87.093592, 35.447911 ], [ -87.093626, 35.448269 ], [ -87.093696, 35.449012 ], [ -87.093724, 35.449296 ], [ -87.093735, 35.449401 ], [ -87.093821, 35.449954 ], [ -87.093856, 35.450277 ], [ -87.09384, 35.45047 ], [ -87.093794, 35.450644 ], [ -87.093671, 35.45102 ], [ -87.093658, 35.451161 ], [ -87.09367, 35.451487 ], [ -87.093675, 35.451596 ], [ -87.093675, 35.452118 ], [ -87.093652, 35.452298 ], [ -87.093564, 35.452516 ], [ -87.093484, 35.452654 ], [ -87.093455, 35.45271 ], [ -87.09343, 35.452762 ], [ -87.093385, 35.452888 ], [ -87.09338, 35.452903 ], [ -87.093369, 35.452949 ], [ -87.093363, 35.452967 ], [ -87.093336, 35.453104 ], [ -87.093343, 35.453317 ], [ -87.093393, 35.453573 ], [ -87.09366, 35.454482 ], [ -87.093936, 35.455419 ], [ -87.094129, 35.456078 ], [ -87.094264, 35.456548 ], [ -87.094498, 35.457363 ], [ -87.09493, 35.458832 ], [ -87.094987, 35.459036 ], [ -87.095059, 35.459297 ], [ -87.095346, 35.460028 ], [ -87.09559, 35.460493 ], [ -87.095664, 35.460622 ], [ -87.095825, 35.460903 ], [ -87.0963, 35.461732 ], [ -87.096393, 35.461971 ], [ -87.096409, 35.462025 ], [ -87.096626, 35.462732 ], [ -87.096704, 35.462931 ], [ -87.096744, 35.463031 ], [ -87.096962, 35.463574 ], [ -87.097511, 35.465066 ], [ -87.097793, 35.465813 ], [ -87.097963, 35.466258 ], [ -87.098024, 35.466455 ], [ -87.098108, 35.466815 ], [ -87.098139, 35.46695 ], [ -87.09815, 35.466998 ], [ -87.098361, 35.467902 ], [ -87.098519, 35.46865 ], [ -87.098613, 35.469078 ], [ -87.098724, 35.469579 ], [ -87.098871, 35.47012 ], [ -87.098908, 35.470214 ], [ -87.098959, 35.470347 ], [ -87.099118, 35.470757 ], [ -87.099176, 35.470907 ], [ -87.099202, 35.470976 ], [ -87.099249, 35.471188 ], [ -87.099256, 35.471262 ], [ -87.099262, 35.471382 ], [ -87.099265, 35.471407 ], [ -87.099247, 35.471543 ], [ -87.09923, 35.471628 ], [ -87.099192, 35.471771 ], [ -87.099021, 35.472438 ], [ -87.09892, 35.472795 ], [ -87.098603, 35.473924 ], [ -87.098301, 35.475241 ], [ -87.098185, 35.475589 ], [ -87.097769, 35.476493 ], [ -87.097632, 35.476795 ], [ -87.097591, 35.47694 ], [ -87.097587, 35.476983 ], [ -87.097574, 35.477141 ], [ -87.097618, 35.477635 ], [ -87.097633, 35.477749 ], [ -87.097638, 35.477786 ], [ -87.097673, 35.478039 ], [ -87.097732, 35.478467 ], [ -87.097734, 35.478482 ], [ -87.097789, 35.478808 ], [ -87.097829, 35.479165 ], [ -87.097858, 35.480637 ], [ -87.097872, 35.481331 ], [ -87.097873, 35.481363 ], [ -87.097892, 35.482116 ], [ -87.097908, 35.482248 ], [ -87.097969, 35.482473 ], [ -87.097979, 35.482493 ], [ -87.098115, 35.482757 ], [ -87.098186, 35.482869 ], [ -87.098563, 35.483356 ], [ -87.098708, 35.483582 ], [ -87.098732, 35.483639 ], [ -87.098812, 35.48383 ], [ -87.098844, 35.483985 ], [ -87.098852, 35.484189 ], [ -87.098834, 35.484399 ], [ -87.09879, 35.484599 ], [ -87.098534, 35.485241 ], [ -87.098387, 35.485587 ], [ -87.098328, 35.485729 ], [ -87.09811, 35.486304 ], [ -87.098043, 35.486537 ], [ -87.098027, 35.486642 ], [ -87.098023, 35.486667 ], [ -87.097979, 35.487191 ], [ -87.097968, 35.487923 ], [ -87.097951, 35.489082 ], [ -87.097937, 35.489476 ], [ -87.097934, 35.491144 ], [ -87.097943, 35.491696 ], [ -87.097954, 35.492269 ], [ -87.098041, 35.492739 ], [ -87.098084, 35.492942 ], [ -87.09811, 35.49307 ], [ -87.098133, 35.493232 ], [ -87.098162, 35.493429 ], [ -87.098187, 35.494112 ], [ -87.09819, 35.49418 ], [ -87.098227, 35.494404 ], [ -87.098318, 35.494686 ], [ -87.098411, 35.494886 ], [ -87.098489, 35.495019 ], [ -87.098543, 35.495084 ], [ -87.098689, 35.495262 ], [ -87.099197, 35.495774 ], [ -87.099799, 35.496357 ], [ -87.09999, 35.496533 ], [ -87.100146, 35.496689 ], [ -87.100533, 35.497078 ], [ -87.100664, 35.49724 ], [ -87.100711, 35.497309 ], [ -87.100781, 35.497449 ], [ -87.100828, 35.497541 ], [ -87.100894, 35.497716 ], [ -87.100946, 35.497955 ], [ -87.100955, 35.498144 ], [ -87.10096, 35.498234 ], [ -87.100954, 35.498385 ], [ -87.100868, 35.498927 ], [ -87.100818, 35.499247 ], [ -87.100594, 35.50055 ], [ -87.100502, 35.501092 ], [ -87.100238, 35.502682 ], [ -87.100172, 35.503064 ], [ -87.100169, 35.503086 ], [ -87.100005, 35.504047 ], [ -87.099809, 35.505053 ], [ -87.099758, 35.505259 ], [ -87.099667, 35.505504 ], [ -87.099591, 35.505657 ], [ -87.099266, 35.506131 ], [ -87.09918, 35.506276 ], [ -87.099082, 35.506496 ], [ -87.099033, 35.506667 ], [ -87.098955, 35.507047 ], [ -87.098754, 35.50836 ], [ -87.098677, 35.508807 ], [ -87.098506, 35.509808 ], [ -87.098374, 35.510608 ], [ -87.098347, 35.510779 ], [ -87.098325, 35.510919 ], [ -87.0983, 35.511079 ], [ -87.098256, 35.511339 ], [ -87.098233, 35.51148 ], [ -87.098212, 35.511604 ], [ -87.098148, 35.511977 ], [ -87.098128, 35.512102 ], [ -87.098134, 35.512118 ], [ -87.09812, 35.512146 ], [ -87.098119, 35.512158 ], [ -87.098114, 35.512186 ], [ -87.09801, 35.512792 ], [ -87.097985, 35.512929 ], [ -87.097571, 35.51524 ], [ -87.097534, 35.515451 ], [ -87.097442, 35.516012 ], [ -87.097417, 35.516161 ], [ -87.097401, 35.516244 ], [ -87.097322, 35.516657 ], [ -87.097266, 35.516871 ], [ -87.097235, 35.516929 ], [ -87.097151, 35.51709 ], [ -87.097121, 35.517135 ], [ -87.097095, 35.517173 ], [ -87.096922, 35.517355 ], [ -87.096843, 35.517426 ], [ -87.096696, 35.517534 ], [ -87.096548, 35.517624 ], [ -87.096535, 35.517632 ], [ -87.096098, 35.517856 ], [ -87.095186, 35.518356 ], [ -87.094899, 35.51852 ], [ -87.094772, 35.518611 ], [ -87.094613, 35.518775 ], [ -87.094515, 35.518896 ], [ -87.094195, 35.5194 ], [ -87.094077, 35.519589 ], [ -87.093821, 35.52 ], [ -87.093729, 35.520159 ], [ -87.093619, 35.520353 ], [ -87.093444, 35.520628 ], [ -87.093266, 35.520912 ], [ -87.093203, 35.521016 ], [ -87.092933, 35.521463 ], [ -87.092765, 35.521743 ], [ -87.0927, 35.521846 ], [ -87.092507, 35.522157 ], [ -87.092443, 35.522261 ], [ -87.092311, 35.522473 ], [ -87.092065, 35.52287 ], [ -87.091973, 35.523031 ], [ -87.091919, 35.523113 ], [ -87.091783, 35.523323 ], [ -87.091455, 35.523828 ], [ -87.091141, 35.524314 ], [ -87.091099, 35.524377 ], [ -87.090498, 35.525306 ], [ -87.090373, 35.525504 ], [ -87.090243, 35.525759 ], [ -87.090239, 35.52577 ], [ -87.090177, 35.52593 ], [ -87.090152, 35.52603 ], [ -87.090121, 35.526154 ], [ -87.090092, 35.526546 ], [ -87.090086, 35.526851 ], [ -87.09008, 35.527396 ], [ -87.09007, 35.527882 ], [ -87.090054, 35.528796 ], [ -87.090041, 35.529117 ], [ -87.09004, 35.529139 ], [ -87.090034, 35.529395 ], [ -87.090021, 35.530008 ], [ -87.090027, 35.530164 ], [ -87.090034, 35.530325 ], [ -87.09005, 35.530419 ], [ -87.090059, 35.530476 ], [ -87.090089, 35.530648 ], [ -87.090095, 35.53068 ], [ -87.090099, 35.530706 ], [ -87.090219, 35.53125 ], [ -87.090265, 35.531525 ], [ -87.090275, 35.531681 ], [ -87.09027, 35.531786 ], [ -87.090222, 35.532009 ], [ -87.090103, 35.53257 ], [ -87.089999, 35.532952 ], [ -87.089967, 35.533132 ], [ -87.089949, 35.533322 ], [ -87.089925, 35.534236 ], [ -87.089903, 35.534438 ], [ -87.089774, 35.535046 ], [ -87.089777, 35.535229 ], [ -87.089796, 35.535499 ], [ -87.089805, 35.535628 ], [ -87.089825, 35.535777 ], [ -87.08983, 35.535984 ], [ -87.089906, 35.536739 ], [ -87.089986, 35.537247 ], [ -87.090007, 35.537409 ], [ -87.090022, 35.537515 ], [ -87.090088, 35.537895 ], [ -87.09012, 35.538057 ], [ -87.090144, 35.538169 ], [ -87.090219, 35.538508 ], [ -87.09024, 35.538602 ], [ -87.090244, 35.538621 ], [ -87.090465, 35.538604 ], [ -87.090926, 35.538636 ], [ -87.09128, 35.538667 ], [ -87.092949, 35.538818 ], [ -87.093056, 35.538826 ], [ -87.094115, 35.538921 ], [ -87.094385, 35.53895 ], [ -87.095418, 35.539065 ], [ -87.095518, 35.539076 ], [ -87.096056, 35.539133 ], [ -87.096091, 35.539137 ], [ -87.097368, 35.53926 ], [ -87.098112, 35.539337 ], [ -87.098454, 35.539373 ], [ -87.098704, 35.539379 ], [ -87.098784, 35.539355 ], [ -87.098804, 35.539346 ], [ -87.098862, 35.539298 ], [ -87.098929, 35.539212 ], [ -87.099025, 35.53905 ], [ -87.09911, 35.538906 ], [ -87.099171, 35.538753 ], [ -87.099199, 35.538623 ], [ -87.099199, 35.5384 ], [ -87.09911, 35.537972 ], [ -87.099088, 35.537689 ], [ -87.099116, 35.537547 ], [ -87.099138, 35.537506 ], [ -87.099203, 35.537425 ], [ -87.099313, 35.537351 ], [ -87.099474, 35.537302 ], [ -87.099681, 35.537252 ], [ -87.100223, 35.537156 ], [ -87.100427, 35.537131 ], [ -87.100519, 35.53712 ], [ -87.1008, 35.537111 ], [ -87.1009, 35.537122 ], [ -87.101511, 35.537273 ], [ -87.101954, 35.537368 ], [ -87.102258, 35.537408 ], [ -87.102507, 35.537418 ], [ -87.102957, 35.537399 ], [ -87.103234, 35.537406 ], [ -87.10355, 35.537442 ], [ -87.103779, 35.537495 ], [ -87.104384, 35.537698 ], [ -87.104616, 35.537763 ], [ -87.104884, 35.537824 ], [ -87.105158, 35.537868 ], [ -87.105437, 35.537886 ], [ -87.105832, 35.537871 ], [ -87.106204, 35.537847 ], [ -87.106443, 35.537853 ], [ -87.107069, 35.537987 ], [ -87.107404, 35.538087 ], [ -87.107627, 35.538167 ], [ -87.107764, 35.538233 ], [ -87.107941, 35.53836 ], [ -87.108226, 35.53863 ], [ -87.10827, 35.538655 ], [ -87.108325, 35.538671 ], [ -87.108434, 35.538662 ], [ -87.108557, 35.53861 ], [ -87.108631, 35.538556 ], [ -87.108737, 35.538437 ], [ -87.108773, 35.538354 ], [ -87.108836, 35.537971 ], [ -87.108886, 35.537746 ], [ -87.108916, 35.537677 ], [ -87.10894, 35.537647 ], [ -87.109002, 35.537611 ], [ -87.109337, 35.537531 ], [ -87.109495, 35.537484 ], [ -87.109811, 35.537391 ], [ -87.109929, 35.537349 ], [ -87.110083, 35.537279 ], [ -87.110201, 35.537193 ], [ -87.1104, 35.537021 ], [ -87.110557, 35.536917 ], [ -87.110625, 35.536884 ], [ -87.111409, 35.536648 ], [ -87.111674, 35.536576 ], [ -87.112072, 35.536486 ], [ -87.112574, 35.536424 ], [ -87.112637, 35.536409 ], [ -87.112735, 35.536359 ], [ -87.112815, 35.536274 ], [ -87.112918, 35.53608 ], [ -87.113179, 35.535595 ], [ -87.113222, 35.535445 ], [ -87.113304, 35.534857 ], [ -87.113322, 35.534821 ], [ -87.113345, 35.534779 ], [ -87.113376, 35.534754 ], [ -87.11351, 35.534703 ], [ -87.113658, 35.534688 ], [ -87.113725, 35.53469 ], [ -87.113817, 35.534693 ], [ -87.114983, 35.534785 ], [ -87.115278, 35.534799 ], [ -87.11557, 35.534814 ], [ -87.115867, 35.534837 ], [ -87.116795, 35.534937 ], [ -87.117439, 35.534996 ], [ -87.11808, 35.535076 ], [ -87.118636, 35.535133 ], [ -87.118861, 35.535147 ], [ -87.118928, 35.535141 ], [ -87.119052, 35.535103 ], [ -87.119393, 35.534933 ], [ -87.119485, 35.534902 ], [ -87.119569, 35.53489 ], [ -87.119827, 35.534898 ], [ -87.11988, 35.534902 ], [ -87.120407, 35.53495 ], [ -87.120807, 35.535003 ], [ -87.121429, 35.535063 ], [ -87.119972, 35.538288 ], [ -87.119648, 35.539007 ], [ -87.116948, 35.544987 ], [ -87.11618, 35.546622 ], [ -87.115558, 35.547943 ], [ -87.115286, 35.548523 ], [ -87.114054, 35.551146 ], [ -87.11401, 35.5512 ], [ -87.113878, 35.551366 ], [ -87.113835, 35.551421 ], [ -87.112514, 35.551274 ], [ -87.111064, 35.551114 ], [ -87.109048, 35.552638 ], [ -87.107989, 35.55344 ], [ -87.107014, 35.553948 ], [ -87.106988, 35.553962 ], [ -87.104493, 35.556071 ], [ -87.103654, 35.556781 ], [ -87.102893, 35.557235 ], [ -87.100613, 35.558597 ], [ -87.099853, 35.559052 ], [ -87.099632, 35.559076 ], [ -87.09897, 35.559149 ], [ -87.098845, 35.559164 ], [ -87.098749, 35.559164 ], [ -87.098339, 35.559163 ], [ -87.098084, 35.559144 ], [ -87.097721, 35.559105 ], [ -87.096854, 35.559004 ], [ -87.096464, 35.558967 ], [ -87.096231, 35.558944 ], [ -87.09599, 35.558922 ], [ -87.095789, 35.558903 ], [ -87.094616, 35.558777 ], [ -87.093973, 35.558694 ], [ -87.092322, 35.558493 ], [ -87.091533, 35.5584 ], [ -87.091064, 35.558346 ], [ -87.089717, 35.55818 ], [ -87.089574, 35.558162 ], [ -87.088774, 35.558067 ], [ -87.088485, 35.558035 ], [ -87.087908, 35.557964 ], [ -87.087735, 35.557942 ], [ -87.086686, 35.557817 ], [ -87.086286, 35.557774 ], [ -87.085657, 35.55769 ], [ -87.084984, 35.557613 ], [ -87.084983, 35.55764 ], [ -87.084936, 35.558612 ], [ -87.084936, 35.558625 ], [ -87.084883, 35.559615 ], [ -87.084815, 35.560831 ], [ -87.084767, 35.561529 ], [ -87.084765, 35.561573 ], [ -87.084734, 35.561967 ], [ -87.084688, 35.562465 ], [ -87.084685, 35.5625 ], [ -87.084666, 35.562715 ], [ -87.084663, 35.562758 ], [ -87.0846, 35.563249 ], [ -87.084583, 35.563359 ], [ -87.084552, 35.563573 ], [ -87.084538, 35.56366 ], [ -87.084486, 35.563967 ], [ -87.084441, 35.564243 ], [ -87.084376, 35.564493 ], [ -87.084288, 35.564716 ], [ -87.084102, 35.565095 ], [ -87.084021, 35.56526 ], [ -87.083916, 35.565449 ], [ -87.08388, 35.565517 ], [ -87.08368, 35.565871 ], [ -87.083542, 35.566056 ], [ -87.083389, 35.566203 ], [ -87.083193, 35.566354 ], [ -87.083013, 35.56646 ], [ -87.082933, 35.566494 ], [ -87.08283, 35.566541 ], [ -87.082514, 35.566637 ], [ -87.08188, 35.566798 ], [ -87.081667, 35.566881 ], [ -87.081529, 35.566951 ], [ -87.081356, 35.567066 ], [ -87.081165, 35.567232 ], [ -87.081038, 35.5674 ], [ -87.08093, 35.567592 ], [ -87.080746, 35.568097 ], [ -87.080279, 35.569522 ], [ -87.080255, 35.569596 ], [ -87.080155, 35.569846 ], [ -87.080062, 35.569991 ], [ -87.080011, 35.570043 ], [ -87.079883, 35.570176 ], [ -87.079727, 35.570285 ], [ -87.079621, 35.57034 ], [ -87.079359, 35.570425 ], [ -87.079253, 35.570448 ], [ -87.079145, 35.570467 ], [ -87.078822, 35.570525 ], [ -87.078716, 35.570545 ], [ -87.078689, 35.570551 ], [ -87.078063, 35.570664 ], [ -87.076222, 35.570998 ], [ -87.076109, 35.571017 ], [ -87.076019, 35.571032 ], [ -87.075456, 35.571126 ], [ -87.074586, 35.571288 ], [ -87.074516, 35.57131 ], [ -87.07424, 35.571401 ], [ -87.074185, 35.571424 ], [ -87.073896, 35.571603 ], [ -87.073675, 35.571766 ], [ -87.073383, 35.571996 ], [ -87.072795, 35.572462 ], [ -87.072509, 35.572751 ], [ -87.072281, 35.573056 ], [ -87.072135, 35.573255 ], [ -87.071895, 35.573533 ], [ -87.071639, 35.573763 ], [ -87.072045, 35.574103 ], [ -87.072548, 35.574523 ], [ -87.073117, 35.574974 ], [ -87.073279, 35.575106 ], [ -87.073691, 35.575442 ], [ -87.073834, 35.575537 ], [ -87.073995, 35.5756 ], [ -87.074148, 35.575632 ], [ -87.075057, 35.575701 ], [ -87.07541, 35.575728 ], [ -87.077213, 35.575871 ], [ -87.077334, 35.575881 ], [ -87.078603, 35.57597 ], [ -87.078972, 35.575996 ], [ -87.081056, 35.57614 ], [ -87.081572, 35.576189 ], [ -87.082468, 35.576252 ], [ -87.082625, 35.576263 ], [ -87.083646, 35.576338 ], [ -87.08443, 35.576398 ], [ -87.08459, 35.57641 ], [ -87.084647, 35.576415 ], [ -87.085073, 35.576447 ], [ -87.085235, 35.57646 ], [ -87.085384, 35.576471 ], [ -87.085833, 35.576507 ], [ -87.085983, 35.576519 ], [ -87.086079, 35.576526 ], [ -87.08637, 35.576549 ], [ -87.086467, 35.576557 ], [ -87.086806, 35.576584 ], [ -87.087825, 35.576665 ], [ -87.088165, 35.576692 ], [ -87.0882, 35.576694 ], [ -87.088284, 35.576701 ], [ -87.088308, 35.576703 ], [ -87.088344, 35.576706 ], [ -87.089151, 35.57666 ], [ -87.08959, 35.576672 ], [ -87.093331, 35.57678 ], [ -87.093656, 35.57679 ], [ -87.094574, 35.576888 ], [ -87.095491, 35.576995 ], [ -87.095285, 35.577564 ], [ -87.095381, 35.577561 ], [ -87.095527, 35.577578 ], [ -87.098844, 35.577965 ], [ -87.100974, 35.578179 ], [ -87.101976, 35.57828 ], [ -87.103893, 35.578472 ], [ -87.104265, 35.578509 ], [ -87.10426, 35.578538 ], [ -87.104252, 35.578591 ], [ -87.10422, 35.578801 ], [ -87.104188, 35.57902 ], [ -87.104177, 35.579103 ], [ -87.10415, 35.579295 ], [ -87.103964, 35.580278 ], [ -87.103958, 35.580303 ], [ -87.103872, 35.580729 ], [ -87.103305, 35.580665 ], [ -87.102072, 35.580527 ], [ -87.101607, 35.580475 ], [ -87.101041, 35.580412 ], [ -87.099877, 35.580282 ], [ -87.099435, 35.583257 ], [ -87.099162, 35.585108 ], [ -87.100129, 35.585218 ], [ -87.101167, 35.585338 ], [ -87.101951, 35.584937 ], [ -87.102524, 35.584642 ], [ -87.104908, 35.583424 ], [ -87.106138, 35.582825 ], [ -87.106241, 35.582951 ], [ -87.106631, 35.582801 ], [ -87.106642, 35.582796 ], [ -87.107671, 35.582517 ], [ -87.109054, 35.58215 ], [ -87.110167, 35.581846 ], [ -87.112522, 35.581204 ], [ -87.113937, 35.580809 ], [ -87.115401, 35.580403 ], [ -87.115782, 35.580299 ], [ -87.115608, 35.580487 ], [ -87.115539, 35.58056 ], [ -87.115503, 35.580591 ], [ -87.115483, 35.580616 ], [ -87.115457, 35.580647 ], [ -87.115446, 35.580661 ], [ -87.115312, 35.580801 ], [ -87.11526, 35.58086 ], [ -87.115186, 35.580946 ], [ -87.115156, 35.580982 ], [ -87.114952, 35.581235 ], [ -87.114868, 35.58133 ], [ -87.114855, 35.581355 ], [ -87.11485, 35.581365 ], [ -87.11485, 35.581392 ], [ -87.114871, 35.581486 ], [ -87.114877, 35.581511 ], [ -87.114885, 35.581544 ], [ -87.114884, 35.581605 ], [ -87.114876, 35.58165 ], [ -87.114867, 35.581702 ], [ -87.114809, 35.581791 ], [ -87.114758, 35.581853 ], [ -87.114746, 35.581888 ], [ -87.114684, 35.58202 ], [ -87.114625, 35.582148 ], [ -87.114595, 35.582211 ], [ -87.114491, 35.582399 ], [ -87.111028, 35.583349 ], [ -87.111067, 35.583439 ], [ -87.111626, 35.584697 ], [ -87.111978, 35.585439 ], [ -87.112442, 35.586414 ], [ -87.112459, 35.586524 ], [ -87.11247, 35.58667 ], [ -87.112477, 35.586764 ], [ -87.112472, 35.586901 ], [ -87.112621, 35.587035 ], [ -87.112729, 35.587132 ], [ -87.116057, 35.58738 ], [ -87.116317, 35.5874 ], [ -87.120231, 35.587661 ], [ -87.121742, 35.587762 ], [ -87.121347, 35.591461 ], [ -87.121251, 35.592322 ], [ -87.12323, 35.592518 ], [ -87.123353, 35.592527 ], [ -87.123287, 35.592694 ], [ -87.123173, 35.593036 ], [ -87.123095, 35.593353 ], [ -87.123023, 35.593781 ], [ -87.122973, 35.594203 ], [ -87.122742, 35.596129 ], [ -87.122558, 35.597662 ], [ -87.122542, 35.597797 ], [ -87.122502, 35.598127 ], [ -87.122436, 35.598677 ], [ -87.122667, 35.598699 ], [ -87.12772, 35.599189 ], [ -87.127863, 35.599874 ], [ -87.128184, 35.599917 ], [ -87.12852, 35.599963 ], [ -87.128497, 35.600118 ], [ -87.128251, 35.601766 ], [ -87.128165, 35.602352 ], [ -87.127845, 35.60233 ], [ -87.127746, 35.603154 ], [ -87.127233, 35.607475 ], [ -87.126955, 35.60935 ], [ -87.128764, 35.609539 ], [ -87.128899, 35.609553 ] ] ] } },
{ "type": "Feature", "properties": { "district_num": "71" }, "geometry": { "type": "Polygon", "coordinates": [ [ [ -88.246689, 35.223338 ], [ -88.246669, 35.223474 ], [ -88.246649, 35.223624 ], [ -88.246609, 35.223811 ], [ -88.246488, 35.224374 ], [ -88.246449, 35.224562 ], [ -88.244834, 35.224386 ], [ -88.244466, 35.224344 ], [ -88.24401, 35.224293 ], [ -88.243371, 35.224213 ], [ -88.243314, 35.224207 ], [ -88.243088, 35.224167 ], [ -88.242938, 35.224141 ], [ -88.242814, 35.224111 ], [ -88.242644, 35.224054 ], [ -88.242476, 35.223967 ], [ -88.242325, 35.223862 ], [ -88.242255, 35.223799 ], [ -88.242234, 35.223781 ], [ -88.242224, 35.223772 ], [ -88.242209, 35.223758 ], [ -88.242198, 35.223744 ], [ -88.242191, 35.223735 ], [ -88.24217, 35.223708 ], [ -88.242108, 35.22363 ], [ -88.242088, 35.223604 ], [ -88.241919, 35.223571 ], [ -88.241809, 35.223529 ], [ -88.240348, 35.222682 ], [ -88.239862, 35.222439 ], [ -88.239572, 35.222276 ], [ -88.239385, 35.222139 ], [ -88.238944, 35.221712 ], [ -88.238875, 35.221643 ], [ -88.238496, 35.221258 ], [ -88.237547, 35.220294 ], [ -88.23707, 35.219821 ], [ -88.236355, 35.219133 ], [ -88.236169, 35.218958 ], [ -88.235925, 35.218727 ], [ -88.235501, 35.218322 ], [ -88.234841, 35.217704 ], [ -88.234453, 35.217379 ], [ -88.234246, 35.217231 ], [ -88.234088, 35.217159 ], [ -88.233888, 35.21709 ], [ -88.233657, 35.217032 ], [ -88.233306, 35.216922 ], [ -88.233186, 35.216876 ], [ -88.233094, 35.216838 ], [ -88.232463, 35.21658 ], [ -88.232253, 35.216494 ], [ -88.232126, 35.216444 ], [ -88.231847, 35.216364 ], [ -88.231757, 35.216344 ], [ -88.231682, 35.216334 ], [ -88.231499, 35.21631 ], [ -88.229955, 35.216265 ], [ -88.229904, 35.216264 ], [ -88.229311, 35.216257 ], [ -88.228827, 35.21626 ], [ -88.228213, 35.216265 ], [ -88.227882, 35.216257 ], [ -88.227583, 35.21622 ], [ -88.227387, 35.216164 ], [ -88.226922, 35.216033 ], [ -88.226893, 35.216176 ], [ -88.226805, 35.216608 ], [ -88.226777, 35.216752 ], [ -88.226748, 35.216923 ], [ -88.226662, 35.217438 ], [ -88.226634, 35.21761 ], [ -88.226624, 35.217681 ], [ -88.226604, 35.217806 ], [ -88.226511, 35.218396 ], [ -88.226481, 35.218593 ], [ -88.226462, 35.218705 ], [ -88.226407, 35.219044 ], [ -88.226389, 35.219157 ], [ -88.226357, 35.219356 ], [ -88.226262, 35.219955 ], [ -88.226231, 35.220155 ], [ -88.226194, 35.220375 ], [ -88.226085, 35.221038 ], [ -88.226049, 35.221259 ], [ -88.226017, 35.221446 ], [ -88.225923, 35.222007 ], [ -88.225893, 35.222195 ], [ -88.225859, 35.2224 ], [ -88.225759, 35.223014 ], [ -88.225726, 35.22322 ], [ -88.225702, 35.223369 ], [ -88.225686, 35.223472 ], [ -88.225626, 35.223819 ], [ -88.225619, 35.223866 ], [ -88.225602, 35.223969 ], [ -88.225596, 35.224006 ], [ -88.225578, 35.224117 ], [ -88.225572, 35.224154 ], [ -88.225487, 35.224144 ], [ -88.225315, 35.224125 ], [ -88.225233, 35.224121 ], [ -88.225148, 35.224118 ], [ -88.224983, 35.224327 ], [ -88.224803, 35.22436 ], [ -88.224675, 35.224454 ], [ -88.224385, 35.224534 ], [ -88.224173, 35.224646 ], [ -88.223805, 35.225114 ], [ -88.223243, 35.225504 ], [ -88.223102, 35.225531 ], [ -88.222975, 35.225493 ], [ -88.222847, 35.225405 ], [ -88.222686, 35.225152 ], [ -88.222213, 35.2251 ], [ -88.221688, 35.225043 ], [ -88.221501, 35.224927 ], [ -88.22137, 35.224879 ], [ -88.22135, 35.224873 ], [ -88.220968, 35.224892 ], [ -88.219822, 35.224951 ], [ -88.219441, 35.224972 ], [ -88.219241, 35.225544 ], [ -88.21922, 35.225606 ], [ -88.217601, 35.225616 ], [ -88.217601, 35.225749 ], [ -88.217602, 35.226355 ], [ -88.21764, 35.226392 ], [ -88.217754, 35.226503 ], [ -88.217792, 35.226541 ], [ -88.217773, 35.226541 ], [ -88.217719, 35.226541 ], [ -88.217701, 35.226541 ], [ -88.217081, 35.226545 ], [ -88.21623, 35.226539 ], [ -88.215609, 35.226547 ], [ -88.21441, 35.22653 ], [ -88.212373, 35.2265 ], [ -88.211497, 35.226442 ], [ -88.211397, 35.226435 ], [ -88.211357, 35.226432 ], [ -88.211324, 35.22643 ], [ -88.211305, 35.22643 ], [ -88.2112, 35.226429 ], [ -88.211123, 35.226429 ], [ -88.211035, 35.226428 ], [ -88.211047, 35.226479 ], [ -88.211055, 35.226542 ], [ -88.210952, 35.226545 ], [ -88.210905, 35.226547 ], [ -88.20937, 35.226539 ], [ -88.208842, 35.226532 ], [ -88.208126, 35.22649 ], [ -88.2075, 35.226432 ], [ -88.206923, 35.226386 ], [ -88.206297, 35.22633 ], [ -88.20547, 35.226296 ], [ -88.204306, 35.226315 ], [ -88.204218, 35.226316 ], [ -88.203868, 35.22632 ], [ -88.202562, 35.226338 ], [ -88.202092, 35.22633 ], [ -88.201942, 35.226332 ], [ -88.201032, 35.226329 ], [ -88.20109, 35.226103 ], [ -88.200482, 35.226144 ], [ -88.200045, 35.22618 ], [ -88.199537, 35.226251 ], [ -88.199278, 35.226286 ], [ -88.198744, 35.226358 ], [ -88.19804, 35.226527 ], [ -88.197371, 35.226741 ], [ -88.19664, 35.227053 ], [ -88.196168, 35.227258 ], [ -88.196094, 35.227294 ], [ -88.195767, 35.227454 ], [ -88.195223, 35.227775 ], [ -88.194612, 35.228174 ], [ -88.194501, 35.228247 ], [ -88.193455, 35.228968 ], [ -88.193298, 35.229076 ], [ -88.192612, 35.229584 ], [ -88.192095, 35.229923 ], [ -88.191604, 35.230244 ], [ -88.191212, 35.230476 ], [ -88.191018, 35.230573 ], [ -88.190624, 35.23077 ], [ -88.189938, 35.231046 ], [ -88.18894, 35.231358 ], [ -88.187567, 35.231723 ], [ -88.186408, 35.232026 ], [ -88.185844, 35.232222 ], [ -88.185303, 35.2324 ], [ -88.184919, 35.232535 ], [ -88.184379, 35.232798 ], [ -88.183845, 35.233083 ], [ -88.183632, 35.233225 ], [ -88.181426, 35.234718 ], [ -88.181199, 35.234881 ], [ -88.181307, 35.23499 ], [ -88.181348, 35.235032 ], [ -88.179961, 35.236056 ], [ -88.178518, 35.237047 ], [ -88.175459, 35.239268 ], [ -88.174447, 35.239975 ], [ -88.173545, 35.240548 ], [ -88.172886, 35.240901 ], [ -88.172289, 35.241194 ], [ -88.171467, 35.241502 ], [ -88.168923, 35.242508 ], [ -88.168167, 35.242779 ], [ -88.167068, 35.243202 ], [ -88.166388, 35.243443 ], [ -88.165383, 35.243886 ], [ -88.164891, 35.2441 ], [ -88.164404, 35.244276 ], [ -88.163846, 35.244431 ], [ -88.163288, 35.244555 ], [ -88.162915, 35.244635 ], [ -88.162775, 35.244665 ], [ -88.162308, 35.244736 ], [ -88.159372, 35.244969 ], [ -88.159288, 35.244975 ], [ -88.157262, 35.245154 ], [ -88.15577, 35.245329 ], [ -88.154487, 35.245547 ], [ -88.152943, 35.245835 ], [ -88.152077, 35.246004 ], [ -88.151389, 35.246138 ], [ -88.151198, 35.246175 ], [ -88.150821, 35.246244 ], [ -88.144681, 35.247365 ], [ -88.143654, 35.247511 ], [ -88.143312, 35.24756 ], [ -88.142987, 35.247606 ], [ -88.141555, 35.247752 ], [ -88.140616, 35.247832 ], [ -88.137706, 35.24791 ], [ -88.132298, 35.248104 ], [ -88.131866, 35.248091 ], [ -88.13091, 35.248025 ], [ -88.12994, 35.247803 ], [ -88.129075, 35.247515 ], [ -88.127687, 35.246715 ], [ -88.127189, 35.246362 ], [ -88.126206, 35.245759 ], [ -88.125639, 35.245431 ], [ -88.125395, 35.245265 ], [ -88.124529, 35.244934 ], [ -88.123612, 35.244685 ], [ -88.12318, 35.244658 ], [ -88.122105, 35.244527 ], [ -88.120769, 35.244527 ], [ -88.120341, 35.244524 ], [ -88.119708, 35.244501 ], [ -88.119594, 35.244467 ], [ -88.115653, 35.244463 ], [ -88.115272, 35.244476 ], [ -88.115116, 35.244485 ], [ -88.114923, 35.244503 ], [ -88.114704, 35.244534 ], [ -88.114467, 35.24457 ], [ -88.11441, 35.244583 ], [ -88.114208, 35.244628 ], [ -88.11381, 35.244722 ], [ -88.112423, 35.245102 ], [ -88.111949, 35.245232 ], [ -88.111502, 35.245353 ], [ -88.111095, 35.245442 ], [ -88.11075, 35.245518 ], [ -88.110562, 35.245554 ], [ -88.110348, 35.245586 ], [ -88.110066, 35.245608 ], [ -88.109793, 35.245612 ], [ -88.10935, 35.245608 ], [ -88.108988, 35.245577 ], [ -88.10863, 35.24555 ], [ -88.108021, 35.245478 ], [ -88.107506, 35.245419 ], [ -88.107087, 35.245376 ], [ -88.106753, 35.245344 ], [ -88.10637, 35.245308 ], [ -88.106237, 35.245307 ], [ -88.106105, 35.245306 ], [ -88.105989, 35.245305 ], [ -88.105486, 35.245294 ], [ -88.104964, 35.245283 ], [ -88.1038, 35.24528 ], [ -88.103631, 35.245278 ], [ -88.103013, 35.245272 ], [ -88.102567, 35.245265 ], [ -88.101038, 35.245241 ], [ -88.100976, 35.24524 ], [ -88.100608, 35.245238 ], [ -88.099597, 35.24523 ], [ -88.098437, 35.245217 ], [ -88.097921, 35.245204 ], [ -88.097688, 35.245198 ], [ -88.097119, 35.245209 ], [ -88.096528, 35.245252 ], [ -88.095759, 35.245365 ], [ -88.095287, 35.245486 ], [ -88.094938, 35.245592 ], [ -88.094911, 35.245602 ], [ -88.094534, 35.245745 ], [ -88.093856, 35.246065 ], [ -88.093069, 35.246466 ], [ -88.092976, 35.246513 ], [ -88.092698, 35.246654 ], [ -88.092643, 35.246683 ], [ -88.092606, 35.246702 ], [ -88.091804, 35.247112 ], [ -88.089399, 35.248343 ], [ -88.088846, 35.248627 ], [ -88.088707, 35.2487 ], [ -88.088599, 35.248757 ], [ -88.088323, 35.248902 ], [ -88.088211, 35.24896 ], [ -88.087281, 35.249448 ], [ -88.087046, 35.249568 ], [ -88.086657, 35.249769 ], [ -88.086247, 35.249974 ], [ -88.086195, 35.25 ], [ -88.085969, 35.250121 ], [ -88.085849, 35.250186 ], [ -88.084463, 35.250889 ], [ -88.083905, 35.251177 ], [ -88.083219, 35.251533 ], [ -88.083092, 35.251599 ], [ -88.081873, 35.252234 ], [ -88.081409, 35.252477 ], [ -88.078499, 35.253932 ], [ -88.077792, 35.254254 ], [ -88.076412, 35.254884 ], [ -88.076087, 35.25503 ], [ -88.07585, 35.255137 ], [ -88.074624, 35.255691 ], [ -88.074161, 35.255888 ], [ -88.074138, 35.255899 ], [ -88.073624, 35.256137 ], [ -88.073602, 35.256147 ], [ -88.073267, 35.256301 ], [ -88.072895, 35.256472 ], [ -88.072786, 35.25652 ], [ -88.072461, 35.256666 ], [ -88.072423, 35.256684 ], [ -88.072353, 35.256716 ], [ -88.072218, 35.256776 ], [ -88.071816, 35.256958 ], [ -88.071682, 35.25702 ], [ -88.071604, 35.257055 ], [ -88.071301, 35.257192 ], [ -88.071075, 35.257284 ], [ -88.070546, 35.257499 ], [ -88.070061, 35.257698 ], [ -88.06948, 35.257913 ], [ -88.068564, 35.258212 ], [ -88.067064, 35.258645 ], [ -88.067036, 35.258652 ], [ -88.066826, 35.258709 ], [ -88.066112, 35.259031 ], [ -88.065762, 35.259189 ], [ -88.064802, 35.259634 ], [ -88.063716, 35.260137 ], [ -88.061544, 35.261179 ], [ -88.05976, 35.262066 ], [ -88.057733, 35.263005 ], [ -88.056497, 35.263579 ], [ -88.055775, 35.26389 ], [ -88.054902, 35.264259 ], [ -88.053977, 35.264654 ], [ -88.052939, 35.265096 ], [ -88.052244, 35.265387 ], [ -88.051852, 35.265553 ], [ -88.051663, 35.265628 ], [ -88.05099, 35.265895 ], [ -88.050766, 35.265984 ], [ -88.049836, 35.266369 ], [ -88.047103, 35.267569 ], [ -88.04685, 35.267682 ], [ -88.046511, 35.267834 ], [ -88.046148, 35.268012 ], [ -88.045737, 35.268213 ], [ -88.044932, 35.268618 ], [ -88.044, 35.269094 ], [ -88.043468, 35.269378 ], [ -88.042928, 35.269684 ], [ -88.041951, 35.270247 ], [ -88.041393, 35.270589 ], [ -88.039694, 35.271605 ], [ -88.038993, 35.272004 ], [ -88.038561, 35.272247 ], [ -88.03819, 35.272453 ], [ -88.03791, 35.272589 ], [ -88.03763, 35.272713 ], [ -88.037358, 35.272816 ], [ -88.037032, 35.272911 ], [ -88.036641, 35.273011 ], [ -88.035805, 35.273211 ], [ -88.035689, 35.273237 ], [ -88.033439, 35.273742 ], [ -88.033312, 35.273771 ], [ -88.03327, 35.273781 ], [ -88.033157, 35.273806 ], [ -88.032774, 35.273892 ], [ -88.031725, 35.274129 ], [ -88.031, 35.274292 ], [ -88.030292, 35.274445 ], [ -88.02992, 35.274515 ], [ -88.029661, 35.274561 ], [ -88.029623, 35.274567 ], [ -88.029387, 35.274607 ], [ -88.02915, 35.274639 ], [ -88.029065, 35.274647 ], [ -88.028843, 35.274669 ], [ -88.028169, 35.274746 ], [ -88.026591, 35.275016 ], [ -88.026355, 35.275054 ], [ -88.02565, 35.275168 ], [ -88.025485, 35.275195 ], [ -88.025416, 35.275207 ], [ -88.025055, 35.275267 ], [ -88.023973, 35.275446 ], [ -88.023613, 35.275507 ], [ -88.023473, 35.275532 ], [ -88.02312, 35.275597 ], [ -88.023053, 35.275608 ], [ -88.022913, 35.275633 ], [ -88.022748, 35.275661 ], [ -88.022405, 35.275722 ], [ -88.022254, 35.275749 ], [ -88.02209, 35.275779 ], [ -88.021779, 35.275834 ], [ -88.020849, 35.276 ], [ -88.020693, 35.276029 ], [ -88.020616, 35.276043 ], [ -88.020539, 35.276057 ], [ -88.020415, 35.276079 ], [ -88.020387, 35.276084 ], [ -88.020201, 35.276117 ], [ -88.019187, 35.276301 ], [ -88.01885, 35.276363 ], [ -88.018139, 35.276491 ], [ -88.016823, 35.27673 ], [ -88.016119, 35.276853 ], [ -88.016005, 35.276874 ], [ -88.015296, 35.277009 ], [ -88.015253, 35.277017 ], [ -88.015154, 35.277036 ], [ -88.015124, 35.277041 ], [ -88.015082, 35.27705 ], [ -88.014328, 35.27719 ], [ -88.012069, 35.277612 ], [ -88.011872, 35.277649 ], [ -88.011316, 35.277748 ], [ -88.011292, 35.27767 ], [ -88.011242, 35.277502 ], [ -88.010094, 35.277715 ], [ -88.006399, 35.278404 ], [ -88.005874, 35.278511 ], [ -88.005609, 35.278572 ], [ -88.00439, 35.278815 ], [ -88.003059, 35.279048 ], [ -88.003126, 35.279218 ], [ -88.003153, 35.279285 ], [ -88.002975, 35.279317 ], [ -88.00257, 35.279392 ], [ -88.002442, 35.279415 ], [ -88.002265, 35.279449 ], [ -88.002033, 35.279492 ], [ -88.00134, 35.279622 ], [ -88.001109, 35.279666 ], [ -88.000874, 35.27971 ], [ -88.000027, 35.279869 ], [ -87.996781, 35.280478 ], [ -87.996029, 35.28062 ], [ -87.995763, 35.280666 ], [ -87.995699, 35.280679 ], [ -87.995185, 35.280777 ], [ -87.994939, 35.280825 ], [ -87.993642, 35.281067 ], [ -87.993284, 35.281135 ], [ -87.993128, 35.281164 ], [ -87.991513, 35.281425 ], [ -87.990664, 35.281571 ], [ -87.989885, 35.281756 ], [ -87.989468, 35.281895 ], [ -87.988874, 35.28215 ], [ -87.98835, 35.282458 ], [ -87.988039, 35.282673 ], [ -87.987967, 35.282749 ], [ -87.987606, 35.283053 ], [ -87.987151, 35.28352 ], [ -87.986521, 35.284174 ], [ -87.985557, 35.285202 ], [ -87.984832, 35.285881 ], [ -87.984207, 35.286405 ], [ -87.983567, 35.286914 ], [ -87.983005, 35.28735 ], [ -87.982849, 35.28747 ], [ -87.98187, 35.288064 ], [ -87.981689, 35.288195 ], [ -87.981687, 35.288472 ], [ -87.981687, 35.288565 ], [ -87.981585, 35.295678 ], [ -87.981835, 35.295669 ], [ -87.982597, 35.295645 ], [ -87.983315, 35.295529 ], [ -87.983994, 35.295333 ], [ -87.984614, 35.295265 ], [ -87.985054, 35.295422 ], [ -87.985639, 35.295821 ], [ -87.986334, 35.296036 ], [ -87.98687, 35.296403 ], [ -87.98721, 35.296768 ], [ -87.987677, 35.297159 ], [ -87.988071, 35.297081 ], [ -87.988985, 35.297023 ], [ -87.989879, 35.296974 ], [ -87.990534, 35.297156 ], [ -87.991493, 35.297494 ], [ -87.992714, 35.298156 ], [ -87.993531, 35.298888 ], [ -87.994092, 35.299746 ], [ -87.99438, 35.300353 ], [ -87.99479, 35.300663 ], [ -87.995012, 35.301011 ], [ -87.995333, 35.301304 ], [ -87.995841, 35.301622 ], [ -87.996661, 35.302063 ], [ -87.997385, 35.30227 ], [ -87.997789, 35.302176 ], [ -87.998311, 35.302003 ], [ -87.998842, 35.301902 ], [ -88.000028, 35.301609 ], [ -88.000676, 35.301528 ], [ -88.001124, 35.301317 ], [ -88.001448, 35.301166 ], [ -88.002049, 35.301052 ], [ -88.002518, 35.301219 ], [ -88.002849, 35.301368 ], [ -88.003339, 35.300914 ], [ -88.003961, 35.300695 ], [ -88.004708, 35.300656 ], [ -88.005833, 35.300951 ], [ -88.006861, 35.301181 ], [ -88.007516, 35.300849 ], [ -88.008, 35.300694 ], [ -88.008916, 35.301132 ], [ -88.009538, 35.301526 ], [ -88.010161, 35.301307 ], [ -88.010707, 35.300967 ], [ -88.011424, 35.300951 ], [ -88.012122, 35.300967 ], [ -88.0122, 35.300411 ], [ -88.012415, 35.299873 ], [ -88.01297, 35.299565 ], [ -88.01354, 35.299572 ], [ -88.01467, 35.298996 ], [ -88.015437, 35.298956 ], [ -88.016019, 35.299374 ], [ -88.016683, 35.299632 ], [ -88.017568, 35.29957 ], [ -88.017443, 35.299988 ], [ -88.016708, 35.300463 ], [ -88.016623, 35.301462 ], [ -88.016325, 35.302225 ], [ -88.016444, 35.303308 ], [ -88.01739, 35.303738 ], [ -88.017603, 35.304531 ], [ -88.017479, 35.305457 ], [ -88.017374, 35.305945 ], [ -88.017223, 35.306648 ], [ -88.017075, 35.307015 ], [ -88.016883, 35.307349 ], [ -88.016706, 35.307496 ], [ -88.016363, 35.307712 ], [ -88.016152, 35.307835 ], [ -88.015946, 35.308031 ], [ -88.015661, 35.308384 ], [ -88.015347, 35.30865 ], [ -88.015067, 35.30889 ], [ -88.014895, 35.308964 ], [ -88.014454, 35.309081 ], [ -88.014203, 35.309155 ], [ -88.014022, 35.309238 ], [ -88.013767, 35.309557 ], [ -88.013732, 35.309661 ], [ -88.013722, 35.310102 ], [ -88.013752, 35.310235 ], [ -88.014149, 35.310966 ], [ -88.014159, 35.311094 ], [ -88.014149, 35.311241 ], [ -88.01383, 35.311953 ], [ -88.013811, 35.3121 ], [ -88.013825, 35.312218 ], [ -88.014086, 35.312998 ], [ -88.014115, 35.313101 ], [ -88.014086, 35.31345 ], [ -88.014061, 35.313616 ], [ -88.014086, 35.313798 ], [ -88.014149, 35.313994 ], [ -88.014267, 35.314176 ], [ -88.014449, 35.314372 ], [ -88.014758, 35.314627 ], [ -88.015239, 35.315 ], [ -88.015293, 35.315079 ], [ -88.015391, 35.31528 ], [ -88.015494, 35.315432 ], [ -88.015661, 35.31555 ], [ -88.015875, 35.315704 ], [ -88.016337, 35.315987 ], [ -88.016491, 35.316095 ], [ -88.01661, 35.316199 ], [ -88.016711, 35.316282 ], [ -88.017071, 35.316444 ], [ -88.01737, 35.316581 ], [ -88.017494, 35.316598 ], [ -88.017554, 35.316598 ], [ -88.017653, 35.316628 ], [ -88.017695, 35.316659 ], [ -88.017733, 35.316724 ], [ -88.017733, 35.316798 ], [ -88.017713, 35.316909 ], [ -88.017559, 35.317454 ], [ -88.017372, 35.318072 ], [ -88.017321, 35.318201 ], [ -88.017053, 35.318626 ], [ -88.017012, 35.318666 ], [ -88.017149, 35.319198 ], [ -88.017277, 35.319692 ], [ -88.017333, 35.319814 ], [ -88.017338, 35.319823 ], [ -88.017377, 35.319882 ], [ -88.017427, 35.319987 ], [ -88.017449, 35.320073 ], [ -88.017405, 35.320168 ], [ -88.017327, 35.320286 ], [ -88.017193, 35.320431 ], [ -88.016832, 35.320807 ], [ -88.016626, 35.321039 ], [ -88.016554, 35.321138 ], [ -88.016387, 35.321311 ], [ -88.016385, 35.321323 ], [ -88.016309, 35.321964 ], [ -88.016304, 35.322008 ], [ -88.016296, 35.322073 ], [ -88.016283, 35.322194 ], [ -88.016278, 35.322249 ], [ -88.016272, 35.322305 ], [ -88.016262, 35.322386 ], [ -88.0162, 35.322942 ], [ -88.01596, 35.324089 ], [ -88.015934, 35.324174 ], [ -88.015912, 35.32425 ], [ -88.015967, 35.324295 ], [ -88.015995, 35.324327 ], [ -88.016022, 35.324382 ], [ -88.016042, 35.324491 ], [ -88.01604, 35.324547 ], [ -88.016016, 35.324643 ], [ -88.016005, 35.324673 ], [ -88.015985, 35.324719 ], [ -88.015859, 35.324897 ], [ -88.015652, 35.325222 ], [ -88.015439, 35.325525 ], [ -88.015351, 35.325697 ], [ -88.015249, 35.325967 ], [ -88.015134, 35.326303 ], [ -88.015026, 35.326707 ], [ -88.014965, 35.327094 ], [ -88.014767, 35.327903 ], [ -88.014708, 35.328196 ], [ -88.014641, 35.328641 ], [ -88.014637, 35.328732 ], [ -88.014645, 35.328765 ], [ -88.014667, 35.328807 ], [ -88.014711, 35.328844 ], [ -88.014804, 35.32888 ], [ -88.014982, 35.328912 ], [ -88.015363, 35.328946 ], [ -88.015477, 35.328955 ], [ -88.016025, 35.328951 ], [ -88.016184, 35.328935 ], [ -88.016358, 35.328926 ], [ -88.016495, 35.328941 ], [ -88.016647, 35.328978 ], [ -88.016821, 35.329032 ], [ -88.017177, 35.329198 ], [ -88.0175, 35.329375 ], [ -88.017811, 35.329689 ], [ -88.017908, 35.329979 ], [ -88.017982, 35.330462 ], [ -88.018005, 35.330542 ], [ -88.01813, 35.330975 ], [ -88.017683, 35.332155 ], [ -88.017117, 35.333649 ], [ -88.016955, 35.333885 ], [ -88.016761, 35.334168 ], [ -88.016473, 35.33476 ], [ -88.015829, 35.334627 ], [ -88.015355, 35.334712 ], [ -88.014293, 35.336444 ], [ -88.01392, 35.337059 ], [ -88.013612, 35.337569 ], [ -88.012803, 35.337765 ], [ -88.012673, 35.337862 ], [ -88.012392, 35.338097 ], [ -88.01225, 35.33824 ], [ -88.012067, 35.338426 ], [ -88.012026, 35.338474 ], [ -88.011989, 35.33851 ], [ -88.011963, 35.338528 ], [ -88.011926, 35.33854 ], [ -88.011813, 35.338554 ], [ -88.011654, 35.338558 ], [ -88.011551, 35.33856 ], [ -88.011382, 35.338554 ], [ -88.011259, 35.338551 ], [ -88.011063, 35.33853 ], [ -88.010855, 35.338476 ], [ -88.01077, 35.338467 ], [ -88.010663, 35.33847 ], [ -88.010576, 35.338482 ], [ -88.010556, 35.338485 ], [ -88.010329, 35.338593 ], [ -88.01017, 35.339269 ], [ -88.010007, 35.339762 ], [ -88.00988, 35.340153 ], [ -88.0094, 35.341204 ], [ -88.0088, 35.342399 ], [ -88.008341, 35.342978 ], [ -88.008168, 35.343198 ], [ -88.007923, 35.3441 ], [ -88.007842, 35.344384 ], [ -88.007321, 35.345018 ], [ -88.006428, 35.346106 ], [ -88.005836, 35.347683 ], [ -88.005779, 35.347833 ], [ -88.005751, 35.347923 ], [ -88.005426, 35.348991 ], [ -88.005314, 35.349375 ], [ -88.004982, 35.350527 ], [ -88.00496, 35.350603 ], [ -88.004939, 35.350678 ], [ -88.004872, 35.350912 ], [ -88.00563, 35.351453 ], [ -88.006321, 35.35252 ], [ -88.006389, 35.353066 ], [ -88.006436, 35.353522 ], [ -88.006868, 35.353619 ], [ -88.007261, 35.353707 ], [ -88.007887, 35.354004 ], [ -88.008803, 35.355055 ], [ -88.009279, 35.356029 ], [ -88.00975, 35.35629 ], [ -88.009775, 35.356302 ], [ -88.00982, 35.357202 ], [ -88.009836, 35.357472 ], [ -88.010109, 35.35866 ], [ -88.010828, 35.359224 ], [ -88.011628, 35.359998 ], [ -88.013445, 35.3614 ], [ -88.013531, 35.361471 ], [ -88.015104, 35.362783 ], [ -88.015206, 35.363624 ], [ -88.014957, 35.364342 ], [ -88.014949, 35.364372 ], [ -88.015745, 35.364904 ], [ -88.016986, 35.365371 ], [ -88.017087, 35.366298 ], [ -88.017095, 35.366398 ], [ -88.016336, 35.367249 ], [ -88.016006, 35.367457 ], [ -88.015779, 35.367606 ], [ -88.015761, 35.367625 ], [ -88.015025, 35.368456 ], [ -88.014234, 35.369294 ], [ -88.013286, 35.370178 ], [ -88.013704, 35.370465 ], [ -88.014701, 35.37138 ], [ -88.015226, 35.371765 ], [ -88.016094, 35.371622 ], [ -88.016555, 35.371093 ], [ -88.016788, 35.37067 ], [ -88.016739, 35.370072 ], [ -88.017202, 35.370005 ], [ -88.017486, 35.370079 ], [ -88.017809, 35.370165 ], [ -88.018337, 35.370413 ], [ -88.018414, 35.370324 ], [ -88.018808, 35.369878 ], [ -88.019028, 35.369429 ], [ -88.019052, 35.369381 ], [ -88.019299, 35.368738 ], [ -88.019602, 35.368257 ], [ -88.019688, 35.368185 ], [ -88.019991, 35.367938 ], [ -88.020684, 35.368245 ], [ -88.02123, 35.368525 ], [ -88.021944, 35.368568 ], [ -88.022546, 35.368605 ], [ -88.022782, 35.369093 ], [ -88.022907, 35.369351 ], [ -88.02326, 35.369508 ], [ -88.024483, 35.369578 ], [ -88.024654, 35.369588 ], [ -88.024648, 35.36993 ], [ -88.024622, 35.371549 ], [ -88.024617, 35.37186 ], [ -88.024651, 35.372845 ], [ -88.024731, 35.375075 ], [ -88.024731, 35.375597 ], [ -88.024731, 35.375623 ], [ -88.024731, 35.376734 ], [ -88.024731, 35.378032 ], [ -88.024731, 35.378585 ], [ -88.024732, 35.380244 ], [ -88.024733, 35.380798 ], [ -88.024733, 35.381121 ], [ -88.024733, 35.382091 ], [ -88.024734, 35.382415 ], [ -88.024734, 35.382874 ], [ -88.024734, 35.384252 ], [ -88.024735, 35.384712 ], [ -88.024735, 35.384998 ], [ -88.024735, 35.385856 ], [ -88.024735, 35.386142 ], [ -88.024735, 35.386554 ], [ -88.024737, 35.387792 ], [ -88.024738, 35.388205 ], [ -88.024738, 35.388228 ], [ -88.024738, 35.388266 ], [ -88.024738, 35.3883 ], [ -88.024738, 35.388325 ], [ -88.024737, 35.388474 ], [ -88.024737, 35.388542 ], [ -88.024737, 35.38859 ], [ -88.024738, 35.38861 ], [ -88.024737, 35.389384 ], [ -88.024739, 35.389652 ], [ -88.024739, 35.390181 ], [ -88.024739, 35.39093 ], [ -88.024739, 35.391775 ], [ -88.02474, 35.392209 ], [ -88.024741, 35.392307 ], [ -88.022366, 35.390507 ], [ -88.020447, 35.389299 ], [ -88.020232, 35.389164 ], [ -88.018698, 35.388338 ], [ -88.017055, 35.387633 ], [ -88.015342, 35.387233 ], [ -88.014151, 35.387125 ], [ -88.012546, 35.386944 ], [ -88.011551, 35.38703 ], [ -88.010615, 35.387197 ], [ -88.008535, 35.387505 ], [ -88.007359, 35.38766 ], [ -88.007085, 35.387698 ], [ -88.006811, 35.387735 ], [ -88.006291, 35.387778 ], [ -88.005771, 35.387821 ], [ -88.005323, 35.387859 ], [ -88.005225, 35.387877 ], [ -88.004849, 35.38795 ], [ -88.003993, 35.388114 ], [ -88.002643, 35.38832 ], [ -88.001175, 35.388501 ], [ -88.000029, 35.38853 ], [ -87.99881, 35.388852 ], [ -87.998738, 35.388867 ], [ -87.996432, 35.389361 ], [ -87.996149, 35.389421 ], [ -87.994798, 35.389538 ], [ -87.99424, 35.389587 ], [ -87.994202, 35.389595 ], [ -87.993485, 35.389754 ], [ -87.992396, 35.389995 ], [ -87.98906, 35.39075 ], [ -87.987595, 35.391082 ], [ -87.986732, 35.391374 ], [ -87.984553, 35.392115 ], [ -87.983145, 35.392947 ], [ -87.982882, 35.393148 ], [ -87.980472, 35.394984 ], [ -87.978821, 35.396952 ], [ -87.978014, 35.398002 ], [ -87.977198, 35.399065 ], [ -87.975357, 35.401289 ], [ -87.97516, 35.401526 ], [ -87.97505, 35.401658 ], [ -87.974926, 35.401808 ], [ -87.97486, 35.40197 ], [ -87.974806, 35.402105 ], [ -87.974742, 35.402265 ], [ -87.974698, 35.402374 ], [ -87.974566, 35.402701 ], [ -87.974523, 35.402811 ], [ -87.974394, 35.403132 ], [ -87.974001, 35.404107 ], [ -87.97366, 35.404958 ], [ -87.973751, 35.406121 ], [ -87.973548, 35.40822 ], [ -87.973414, 35.409611 ], [ -87.97398, 35.411471 ], [ -87.974314, 35.412567 ], [ -87.975184, 35.414174 ], [ -87.975677, 35.414736 ], [ -87.97695, 35.415734 ], [ -87.977298, 35.415921 ], [ -87.977389, 35.415969 ], [ -87.978042, 35.416319 ], [ -87.978077, 35.416247 ], [ -87.978531, 35.415326 ], [ -87.978573, 35.415237 ], [ -87.978677, 35.415011 ], [ -87.978698, 35.414968 ], [ -87.979176, 35.414916 ], [ -87.979388, 35.414895 ], [ -87.979636, 35.414871 ], [ -87.980345, 35.414802 ], [ -87.981957, 35.414819 ], [ -87.982906, 35.414793 ], [ -87.98328, 35.415107 ], [ -87.983851, 35.415224 ], [ -87.983946, 35.415244 ], [ -87.985036, 35.415304 ], [ -87.985927, 35.415435 ], [ -87.986433, 35.41556 ], [ -87.98699, 35.415684 ], [ -87.98784, 35.415969 ], [ -87.988713, 35.416585 ], [ -87.989544, 35.417071 ], [ -87.990302, 35.417514 ], [ -87.992003, 35.418218 ], [ -87.99378, 35.418955 ], [ -87.995899, 35.419809 ], [ -87.996801, 35.420173 ], [ -88.000029, 35.421153 ], [ -88.001079, 35.421502 ], [ -88.001391, 35.421595 ], [ -88.002625, 35.421966 ], [ -88.00416, 35.422534 ], [ -88.005253, 35.4229 ], [ -88.005466, 35.422958 ], [ -88.006848, 35.423339 ], [ -88.006891, 35.423341 ], [ -88.00702, 35.423347 ], [ -88.0073, 35.423361 ], [ -88.007536, 35.423372 ], [ -88.007709, 35.423381 ], [ -88.007704, 35.423456 ], [ -88.007699, 35.42353 ], [ -88.007697, 35.423546 ], [ -88.007662, 35.424044 ], [ -88.00766, 35.424084 ], [ -88.007682, 35.424209 ], [ -88.00776, 35.424642 ], [ -88.007891, 35.425103 ], [ -88.008161, 35.425307 ], [ -88.008619, 35.425655 ], [ -88.008817, 35.425805 ], [ -88.009894, 35.426243 ], [ -88.011308, 35.426548 ], [ -88.01165, 35.426557 ], [ -88.012618, 35.426585 ], [ -88.012591, 35.426874 ], [ -88.01268, 35.427317 ], [ -88.011815, 35.432826 ], [ -88.011798, 35.432865 ], [ -88.011777, 35.43289 ], [ -88.011733, 35.43293 ], [ -88.011684, 35.43296 ], [ -88.011668, 35.432974 ], [ -88.011218, 35.432888 ], [ -88.009577, 35.432563 ], [ -88.008972, 35.432855 ], [ -88.008612, 35.433222 ], [ -88.008497, 35.433698 ], [ -88.00878, 35.434514 ], [ -88.008888, 35.435233 ], [ -88.008723, 35.435772 ], [ -88.008514, 35.435899 ], [ -88.007665, 35.436044 ], [ -88.005169, 35.436987 ], [ -88.005118, 35.437123 ], [ -88.004916, 35.437468 ], [ -88.004275, 35.438155 ], [ -88.003786, 35.438618 ], [ -88.003487, 35.438841 ], [ -88.002635, 35.439163 ], [ -88.002535, 35.439275 ], [ -88.00222, 35.439933 ], [ -88.001777, 35.440612 ], [ -88.001767, 35.440629 ], [ -88.001004, 35.44163 ], [ -88.00057, 35.442335 ], [ -88.000271, 35.442566 ], [ -87.999947, 35.44273 ], [ -87.999107, 35.442726 ], [ -87.998656, 35.442711 ], [ -87.998611, 35.44271 ], [ -87.99829, 35.442706 ], [ -87.998005, 35.442713 ], [ -87.99784, 35.442723 ], [ -87.99717, 35.442825 ], [ -87.997132, 35.442827 ], [ -87.99684, 35.442844 ], [ -87.996639, 35.442814 ], [ -87.996555, 35.442851 ], [ -87.996247, 35.443039 ], [ -87.996115, 35.443157 ], [ -87.996087, 35.443219 ], [ -87.996068, 35.443295 ], [ -87.996051, 35.443577 ], [ -87.99606, 35.443807 ], [ -87.996113, 35.444235 ], [ -87.996137, 35.444327 ], [ -87.996139, 35.444358 ], [ -87.996062, 35.444769 ], [ -87.995738, 35.445203 ], [ -87.995272, 35.445286 ], [ -87.994773, 35.445578 ], [ -87.994294, 35.445912 ], [ -87.99366, 35.446074 ], [ -87.993225, 35.4461 ], [ -87.992846, 35.446274 ], [ -87.992397, 35.446567 ], [ -87.991891, 35.446716 ], [ -87.991741, 35.446761 ], [ -87.991349, 35.447129 ], [ -87.991118, 35.447919 ], [ -87.99114, 35.448373 ], [ -87.990787, 35.448774 ], [ -87.990628, 35.449371 ], [ -87.99054, 35.449921 ], [ -87.990751, 35.450288 ], [ -87.990607, 35.45057 ], [ -87.990077, 35.450936 ], [ -87.989695, 35.451384 ], [ -87.989417, 35.452028 ], [ -87.989242, 35.452464 ], [ -87.989382, 35.452855 ], [ -87.989305, 35.453291 ], [ -87.988894, 35.453666 ], [ -87.988447, 35.453833 ], [ -87.988328, 35.453878 ], [ -87.988168, 35.45394 ], [ -87.987641, 35.453658 ], [ -87.98725, 35.45341 ], [ -87.986679, 35.453288 ], [ -87.986206, 35.453241 ], [ -87.985645, 35.453112 ], [ -87.985162, 35.452538 ], [ -87.984852, 35.452178 ], [ -87.98441, 35.45209 ], [ -87.983932, 35.45227 ], [ -87.983484, 35.452507 ], [ -87.983007, 35.452687 ], [ -87.982667, 35.452917 ], [ -87.982699, 35.453339 ], [ -87.982872, 35.453601 ], [ -87.982678, 35.453946 ], [ -87.982344, 35.454461 ], [ -87.982224, 35.454621 ], [ -87.982208, 35.455121 ], [ -87.982252, 35.455468 ], [ -87.981817, 35.455642 ], [ -87.98133, 35.456056 ], [ -87.981052, 35.456345 ], [ -87.980703, 35.456721 ], [ -87.980805, 35.457156 ], [ -87.98071, 35.457623 ], [ -87.980157, 35.457844 ], [ -87.979507, 35.458 ], [ -87.978717, 35.458299 ], [ -87.978309, 35.458651 ], [ -87.977697, 35.458815 ], [ -87.977424, 35.458667 ], [ -87.976926, 35.458421 ], [ -87.976256, 35.458568 ], [ -87.975664, 35.458749 ], [ -87.974931, 35.45917 ], [ -87.974562, 35.459601 ], [ -87.974369, 35.460051 ], [ -87.973806, 35.460199 ], [ -87.97318, 35.459968 ], [ -87.972522, 35.459285 ], [ -87.971598, 35.458527 ], [ -87.971384, 35.458263 ], [ -87.971289, 35.458144 ], [ -87.971134, 35.458127 ], [ -87.970561, 35.458063 ], [ -87.970257, 35.458034 ], [ -87.969244, 35.457924 ], [ -87.968031, 35.457456 ], [ -87.966856, 35.45703 ], [ -87.966258, 35.457499 ], [ -87.965427, 35.457707 ], [ -87.964869, 35.457547 ], [ -87.963845, 35.457534 ], [ -87.963094, 35.457726 ], [ -87.962805, 35.457908 ], [ -87.962392, 35.458387 ], [ -87.961821, 35.459051 ], [ -87.961468, 35.459372 ], [ -87.961432, 35.459354 ], [ -87.961312, 35.459318 ], [ -87.960973, 35.459289 ], [ -87.960624, 35.459284 ], [ -87.960317, 35.4593 ], [ -87.960093, 35.459341 ], [ -87.960028, 35.459363 ], [ -87.959917, 35.459329 ], [ -87.959822, 35.45931 ], [ -87.959603, 35.459269 ], [ -87.959364, 35.459476 ], [ -87.959305, 35.459553 ], [ -87.959179, 35.459724 ], [ -87.958961, 35.459807 ], [ -87.958865, 35.459827 ], [ -87.958833, 35.459834 ], [ -87.958179, 35.45979 ], [ -87.957875, 35.459792 ], [ -87.957779, 35.459793 ], [ -87.957547, 35.459763 ], [ -87.957425, 35.459705 ], [ -87.957306, 35.459649 ], [ -87.957061, 35.459613 ], [ -87.957036, 35.459618 ], [ -87.956906, 35.459651 ], [ -87.956757, 35.459647 ], [ -87.956631, 35.459662 ], [ -87.956582, 35.459672 ], [ -87.956512, 35.459687 ], [ -87.956403, 35.459716 ], [ -87.95614, 35.4598 ], [ -87.955654, 35.459974 ], [ -87.955635, 35.459981 ], [ -87.955465, 35.460008 ], [ -87.955389, 35.460013 ], [ -87.955332, 35.460011 ], [ -87.955318, 35.460007 ], [ -87.955276, 35.459996 ], [ -87.955263, 35.459993 ], [ -87.954998, 35.459755 ], [ -87.954908, 35.459674 ], [ -87.954539, 35.4595 ], [ -87.954107, 35.459363 ], [ -87.954022, 35.459369 ], [ -87.953858, 35.459383 ], [ -87.953674, 35.459431 ], [ -87.953416, 35.45931 ], [ -87.953388, 35.459296 ], [ -87.953314, 35.459258 ], [ -87.953237, 35.459195 ], [ -87.953161, 35.459117 ], [ -87.952861, 35.458694 ], [ -87.952767, 35.458594 ], [ -87.952631, 35.45845 ], [ -87.952538, 35.458379 ], [ -87.952524, 35.458345 ], [ -87.952507, 35.458305 ], [ -87.952444, 35.458289 ], [ -87.95241, 35.458281 ], [ -87.952249, 35.45818 ], [ -87.952176, 35.458146 ], [ -87.952092, 35.458121 ], [ -87.952052, 35.458118 ], [ -87.951988, 35.458128 ], [ -87.951852, 35.458171 ], [ -87.951633, 35.458242 ], [ -87.95153, 35.45827 ], [ -87.951155, 35.458449 ], [ -87.950853, 35.458543 ], [ -87.950469, 35.458641 ], [ -87.950196, 35.458694 ], [ -87.950123, 35.458699 ], [ -87.950001, 35.458709 ], [ -87.949839, 35.458685 ], [ -87.949634, 35.458639 ], [ -87.949526, 35.458623 ], [ -87.94933, 35.458587 ], [ -87.949165, 35.458558 ], [ -87.948798, 35.458776 ], [ -87.948628, 35.458878 ], [ -87.948386, 35.458903 ], [ -87.947889, 35.458967 ], [ -87.947475, 35.459 ], [ -87.947329, 35.459026 ], [ -87.947251, 35.45904 ], [ -87.947135, 35.459087 ], [ -87.947055, 35.45913 ], [ -87.946964, 35.459199 ], [ -87.946897, 35.459275 ], [ -87.946756, 35.459545 ], [ -87.946568, 35.459805 ], [ -87.946521, 35.459912 ], [ -87.946491, 35.460023 ], [ -87.946405, 35.46023 ], [ -87.946331, 35.460348 ], [ -87.94626, 35.46042 ], [ -87.94616, 35.460489 ], [ -87.945405, 35.46087 ], [ -87.945137, 35.460975 ], [ -87.944713, 35.461091 ], [ -87.944625, 35.461132 ], [ -87.944538, 35.461194 ], [ -87.944404, 35.461311 ], [ -87.944393, 35.461321 ], [ -87.94422, 35.461487 ], [ -87.944116, 35.461557 ], [ -87.944017, 35.461599 ], [ -87.943693, 35.46165 ], [ -87.94332, 35.461715 ], [ -87.943196, 35.46175 ], [ -87.943174, 35.461756 ], [ -87.94311, 35.461773 ], [ -87.943089, 35.46178 ], [ -87.943069, 35.461785 ], [ -87.943008, 35.461802 ], [ -87.942989, 35.461808 ], [ -87.942911, 35.461792 ], [ -87.942797, 35.46177 ], [ -87.942809, 35.461887 ], [ -87.942818, 35.461966 ], [ -87.942815, 35.46199 ], [ -87.942805, 35.462061 ], [ -87.942803, 35.462086 ], [ -87.942773, 35.462191 ], [ -87.942755, 35.462272 ], [ -87.942747, 35.462376 ], [ -87.942759, 35.462489 ], [ -87.942786, 35.46257 ], [ -87.942841, 35.462679 ], [ -87.942912, 35.462796 ], [ -87.94294, 35.462882 ], [ -87.942957, 35.463046 ], [ -87.94294, 35.463116 ], [ -87.942871, 35.463306 ], [ -87.942836, 35.463446 ], [ -87.942812, 35.46396 ], [ -87.942784, 35.464054 ], [ -87.942744, 35.464119 ], [ -87.942697, 35.46418 ], [ -87.942621, 35.464246 ], [ -87.942506, 35.464311 ], [ -87.941874, 35.464523 ], [ -87.941643, 35.464586 ], [ -87.941549, 35.464599 ], [ -87.94145, 35.464599 ], [ -87.941338, 35.464587 ], [ -87.941248, 35.46457 ], [ -87.941077, 35.46452 ], [ -87.940641, 35.46435 ], [ -87.940424, 35.464284 ], [ -87.940295, 35.46427 ], [ -87.940029, 35.46427 ], [ -87.939677, 35.464242 ], [ -87.939412, 35.464204 ], [ -87.939071, 35.464118 ], [ -87.938761, 35.464033 ], [ -87.938637, 35.464009 ], [ -87.938564, 35.463985 ], [ -87.93841, 35.463924 ], [ -87.938269, 35.463873 ], [ -87.938119, 35.463842 ], [ -87.93785, 35.463827 ], [ -87.937228, 35.463822 ], [ -87.936941, 35.463857 ], [ -87.936855, 35.463877 ], [ -87.936772, 35.463906 ], [ -87.936679, 35.463954 ], [ -87.93653, 35.46404 ], [ -87.936414, 35.464094 ], [ -87.936068, 35.464177 ], [ -87.935847, 35.464246 ], [ -87.935711, 35.464317 ], [ -87.935522, 35.464453 ], [ -87.935269, 35.464692 ], [ -87.935063, 35.46493 ], [ -87.934723, 35.465366 ], [ -87.934522, 35.465537 ], [ -87.934401, 35.465593 ], [ -87.934313, 35.465621 ], [ -87.93415, 35.465639 ], [ -87.934057, 35.465635 ], [ -87.933943, 35.465611 ], [ -87.933653, 35.465525 ], [ -87.933448, 35.465477 ], [ -87.933353, 35.465464 ], [ -87.932723, 35.465512 ], [ -87.932455, 35.465522 ], [ -87.932405, 35.465583 ], [ -87.932058, 35.465701 ], [ -87.932016, 35.465666 ], [ -87.93195, 35.46542 ], [ -87.931928, 35.46538 ], [ -87.931873, 35.465212 ], [ -87.931841, 35.465094 ], [ -87.931754, 35.464941 ], [ -87.931617, 35.464792 ], [ -87.93136, 35.464597 ], [ -87.931007, 35.464377 ], [ -87.930579, 35.464132 ], [ -87.930195, 35.463888 ], [ -87.930086, 35.463809 ], [ -87.929951, 35.463697 ], [ -87.929771, 35.463538 ], [ -87.929618, 35.463393 ], [ -87.929378, 35.463153 ], [ -87.929133, 35.462853 ], [ -87.928758, 35.462347 ], [ -87.928592, 35.462143 ], [ -87.92845, 35.462056 ], [ -87.928317, 35.462 ], [ -87.928202, 35.461967 ], [ -87.928016, 35.461942 ], [ -87.927822, 35.461954 ], [ -87.927589, 35.461999 ], [ -87.927547, 35.461994 ], [ -87.927452, 35.461999 ], [ -87.926678, 35.4622 ], [ -87.926374, 35.461703 ], [ -87.926437, 35.461571 ], [ -87.926776, 35.46086 ], [ -87.926777, 35.460825 ], [ -87.926751, 35.460694 ], [ -87.926685, 35.460589 ], [ -87.926553, 35.460466 ], [ -87.926444, 35.460394 ], [ -87.926338, 35.460346 ], [ -87.926215, 35.46032 ], [ -87.926096, 35.460338 ], [ -87.925901, 35.460392 ], [ -87.925538, 35.460504 ], [ -87.925355, 35.460537 ], [ -87.925244, 35.460544 ], [ -87.924886, 35.460531 ], [ -87.924743, 35.460336 ], [ -87.924724, 35.460309 ], [ -87.924037, 35.460378 ], [ -87.923798, 35.460403 ], [ -87.923558, 35.460314 ], [ -87.923496, 35.460292 ], [ -87.923246, 35.460178 ], [ -87.923112, 35.460131 ], [ -87.922958, 35.460093 ], [ -87.922845, 35.460038 ], [ -87.922615, 35.459927 ], [ -87.922587, 35.45973 ], [ -87.922541, 35.459659 ], [ -87.922448, 35.459515 ], [ -87.922025, 35.459629 ], [ -87.921891, 35.459695 ], [ -87.921855, 35.459779 ], [ -87.921746, 35.460041 ], [ -87.92171, 35.460068 ], [ -87.921684, 35.460094 ], [ -87.921582, 35.460203 ], [ -87.921526, 35.460282 ], [ -87.921479, 35.460349 ], [ -87.921376, 35.460407 ], [ -87.92135, 35.460423 ], [ -87.921237, 35.460682 ], [ -87.921244, 35.460723 ], [ -87.921266, 35.46084 ], [ -87.92124, 35.460894 ], [ -87.921126, 35.461154 ], [ -87.92102, 35.461434 ], [ -87.921002, 35.461483 ], [ -87.920829, 35.462057 ], [ -87.920712, 35.462385 ], [ -87.920542, 35.462783 ], [ -87.920457, 35.463098 ], [ -87.920409, 35.463249 ], [ -87.920401, 35.463261 ], [ -87.920311, 35.463402 ], [ -87.920212, 35.463571 ], [ -87.920148, 35.46375 ], [ -87.920088, 35.463818 ], [ -87.919843, 35.463778 ], [ -87.919422, 35.46371 ], [ -87.919272, 35.463667 ], [ -87.919133, 35.463744 ], [ -87.919018, 35.463808 ], [ -87.918944, 35.463897 ], [ -87.918724, 35.463955 ], [ -87.918351, 35.464056 ], [ -87.918063, 35.464125 ], [ -87.918023, 35.464135 ], [ -87.91784, 35.464164 ], [ -87.917424, 35.46407 ], [ -87.917022, 35.46398 ], [ -87.91616, 35.464012 ], [ -87.916106, 35.464014 ], [ -87.915672, 35.464644 ], [ -87.915629, 35.464726 ], [ -87.915443, 35.464897 ], [ -87.915423, 35.464913 ], [ -87.915386, 35.464945 ], [ -87.915368, 35.464957 ], [ -87.915347, 35.464961 ], [ -87.915025, 35.465016 ], [ -87.914952, 35.465029 ], [ -87.914857, 35.46505 ], [ -87.914771, 35.46507 ], [ -87.914462, 35.465204 ], [ -87.914395, 35.465409 ], [ -87.914333, 35.465557 ], [ -87.914207, 35.465857 ], [ -87.914076, 35.465846 ], [ -87.913933, 35.465807 ], [ -87.913693, 35.465741 ], [ -87.913488, 35.465698 ], [ -87.913123, 35.465601 ], [ -87.912854, 35.465531 ], [ -87.912693, 35.46546 ], [ -87.912655, 35.465444 ], [ -87.912595, 35.465469 ], [ -87.912259, 35.465612 ], [ -87.912236, 35.465662 ], [ -87.912165, 35.465823 ], [ -87.912155, 35.465828 ], [ -87.912125, 35.465842 ], [ -87.912116, 35.465848 ], [ -87.911934, 35.46594 ], [ -87.911751, 35.466009 ], [ -87.91167, 35.466018 ], [ -87.911549, 35.466019 ], [ -87.911462, 35.466002 ], [ -87.911362, 35.465966 ], [ -87.911232, 35.465903 ], [ -87.911141, 35.465849 ], [ -87.911087, 35.465797 ], [ -87.910825, 35.465962 ], [ -87.910639, 35.465887 ], [ -87.910602, 35.465734 ], [ -87.910428, 35.464991 ], [ -87.910252, 35.464899 ], [ -87.909999, 35.464775 ], [ -87.909769, 35.464663 ], [ -87.909614, 35.464554 ], [ -87.909536, 35.464478 ], [ -87.909418, 35.464377 ], [ -87.909326, 35.464308 ], [ -87.909052, 35.464126 ], [ -87.908807, 35.463974 ], [ -87.908662, 35.463901 ], [ -87.908665, 35.463848 ], [ -87.908532, 35.463729 ], [ -87.908207, 35.463726 ], [ -87.907838, 35.463874 ], [ -87.907499, 35.463793 ], [ -87.907398, 35.463754 ], [ -87.907331, 35.463695 ], [ -87.907258, 35.46355 ], [ -87.907192, 35.463362 ], [ -87.907158, 35.463263 ], [ -87.907069, 35.463087 ], [ -87.906971, 35.462984 ], [ -87.906832, 35.462858 ], [ -87.90669, 35.462771 ], [ -87.906437, 35.462697 ], [ -87.906234, 35.462623 ], [ -87.906094, 35.462581 ], [ -87.90579, 35.462456 ], [ -87.905717, 35.462446 ], [ -87.9056, 35.46246 ], [ -87.905342, 35.462573 ], [ -87.905214, 35.462655 ], [ -87.905134, 35.462748 ], [ -87.905037, 35.462884 ], [ -87.904993, 35.462915 ], [ -87.904963, 35.462938 ], [ -87.904846, 35.462985 ], [ -87.904595, 35.463061 ], [ -87.904127, 35.46317 ], [ -87.903867, 35.46308 ], [ -87.90353, 35.462964 ], [ -87.903243, 35.463115 ], [ -87.903169, 35.463236 ], [ -87.903102, 35.463348 ], [ -87.903013, 35.463461 ], [ -87.902778, 35.463556 ], [ -87.902542, 35.463665 ], [ -87.902517, 35.463677 ], [ -87.902364, 35.463733 ], [ -87.902136, 35.463761 ], [ -87.901753, 35.463767 ], [ -87.90148, 35.463791 ], [ -87.901026, 35.463807 ], [ -87.900602, 35.463812 ], [ -87.900505, 35.463817 ], [ -87.900409, 35.463686 ], [ -87.900152, 35.463518 ], [ -87.899692, 35.463566 ], [ -87.899345, 35.463749 ], [ -87.899035, 35.46403 ], [ -87.898951, 35.464132 ], [ -87.898654, 35.464495 ], [ -87.898483, 35.464516 ], [ -87.89817, 35.46452 ], [ -87.898042, 35.46451 ], [ -87.897901, 35.4645 ], [ -87.897616, 35.464512 ], [ -87.897418, 35.464507 ], [ -87.89719, 35.464502 ], [ -87.896729, 35.464516 ], [ -87.896299, 35.464501 ], [ -87.896203, 35.464507 ], [ -87.896075, 35.464516 ], [ -87.895837, 35.464577 ], [ -87.895603, 35.464623 ], [ -87.895572, 35.46461 ], [ -87.895445, 35.464608 ], [ -87.895093, 35.464605 ], [ -87.894972, 35.464642 ], [ -87.89482, 35.464689 ], [ -87.894602, 35.464702 ], [ -87.894273, 35.464723 ], [ -87.894007, 35.464771 ], [ -87.893957, 35.464783 ], [ -87.893746, 35.464836 ], [ -87.89367, 35.464811 ], [ -87.893434, 35.464846 ], [ -87.893375, 35.4649 ], [ -87.893155, 35.464966 ], [ -87.893071, 35.465005 ], [ -87.89287, 35.4651 ], [ -87.89262, 35.465196 ], [ -87.892347, 35.465279 ], [ -87.892167, 35.465341 ], [ -87.892005, 35.465398 ], [ -87.891866, 35.465454 ], [ -87.8916, 35.465427 ], [ -87.891435, 35.465411 ], [ -87.89104, 35.465513 ], [ -87.890883, 35.465677 ], [ -87.890811, 35.465753 ], [ -87.890819, 35.465915 ], [ -87.890602, 35.466038 ], [ -87.890513, 35.466084 ], [ -87.890361, 35.466165 ], [ -87.889931, 35.466347 ], [ -87.889566, 35.466529 ], [ -87.889535, 35.466545 ], [ -87.889272, 35.466684 ], [ -87.889259, 35.466693 ], [ -87.889005, 35.46664 ], [ -87.888951, 35.466664 ], [ -87.888827, 35.46672 ], [ -87.88834, 35.46707 ], [ -87.888266, 35.467276 ], [ -87.888159, 35.467576 ], [ -87.888139, 35.46759 ], [ -87.888036, 35.467676 ], [ -87.887881, 35.467808 ], [ -87.887664, 35.467968 ], [ -87.887531, 35.468056 ], [ -87.887078, 35.467979 ], [ -87.887057, 35.467983 ], [ -87.886547, 35.468097 ], [ -87.886415, 35.468323 ], [ -87.88641, 35.468605 ], [ -87.886645, 35.468896 ], [ -87.886947, 35.46927 ], [ -87.886947, 35.469292 ], [ -87.886948, 35.469358 ], [ -87.886949, 35.46938 ], [ -87.886977, 35.469449 ], [ -87.886905, 35.469626 ], [ -87.886849, 35.469736 ], [ -87.886504, 35.470043 ], [ -87.88639, 35.470146 ], [ -87.886329, 35.47016 ], [ -87.886071, 35.470219 ], [ -87.886051, 35.470231 ], [ -87.885716, 35.470454 ], [ -87.885115, 35.47075 ], [ -87.885103, 35.470754 ], [ -87.884817, 35.470867 ], [ -87.88458, 35.470941 ], [ -87.884271, 35.47099 ], [ -87.88389, 35.471012 ], [ -87.883704, 35.471001 ], [ -87.883023, 35.470796 ], [ -87.882659, 35.470643 ], [ -87.882542, 35.470606 ], [ -87.882489, 35.470605 ], [ -87.882328, 35.470631 ], [ -87.881969, 35.470711 ], [ -87.881755, 35.470728 ], [ -87.881428, 35.4707 ], [ -87.881096, 35.470632 ], [ -87.8809, 35.47057 ], [ -87.880769, 35.470528 ], [ -87.88054, 35.470438 ], [ -87.880427, 35.470394 ], [ -87.880077, 35.470265 ], [ -87.879795, 35.470182 ], [ -87.879444, 35.470093 ], [ -87.879349, 35.47007 ], [ -87.879172, 35.470015 ], [ -87.879079, 35.469979 ], [ -87.878772, 35.469733 ], [ -87.878443, 35.469513 ], [ -87.878391, 35.469479 ], [ -87.878056, 35.469541 ], [ -87.877566, 35.469326 ], [ -87.877392, 35.469123 ], [ -87.876852, 35.468996 ], [ -87.876369, 35.468984 ], [ -87.876251, 35.469018 ], [ -87.876346, 35.469794 ], [ -87.876282, 35.47002 ], [ -87.876247, 35.470124 ], [ -87.876223, 35.470201 ], [ -87.876133, 35.470355 ], [ -87.876039, 35.470455 ], [ -87.875831, 35.470608 ], [ -87.875612, 35.470739 ], [ -87.875512, 35.470818 ], [ -87.875409, 35.470901 ], [ -87.875234, 35.471021 ], [ -87.875056, 35.471143 ], [ -87.87502, 35.47117 ], [ -87.874882, 35.471278 ], [ -87.874745, 35.471407 ], [ -87.874631, 35.471472 ], [ -87.874499, 35.471511 ], [ -87.87435, 35.471532 ], [ -87.874157, 35.47156 ], [ -87.874094, 35.471575 ], [ -87.87385, 35.471501 ], [ -87.87377, 35.471477 ], [ -87.873445, 35.471563 ], [ -87.873404, 35.471732 ], [ -87.873478, 35.471885 ], [ -87.87359, 35.472114 ], [ -87.873579, 35.472181 ], [ -87.873555, 35.472335 ], [ -87.873593, 35.472407 ], [ -87.873616, 35.472466 ], [ -87.873628, 35.472521 ], [ -87.873631, 35.472552 ], [ -87.873589, 35.47261 ], [ -87.873528, 35.47268 ], [ -87.873364, 35.472759 ], [ -87.873329, 35.472794 ], [ -87.873277, 35.472824 ], [ -87.873178, 35.472856 ], [ -87.873002, 35.472866 ], [ -87.872809, 35.472871 ], [ -87.872661, 35.472886 ], [ -87.872545, 35.472927 ], [ -87.872091, 35.473182 ], [ -87.87187, 35.473351 ], [ -87.87162, 35.473451 ], [ -87.871435, 35.473422 ], [ -87.871224, 35.473198 ], [ -87.871113, 35.473088 ], [ -87.871015, 35.472771 ], [ -87.870791, 35.472616 ], [ -87.870679, 35.472629 ], [ -87.870261, 35.472912 ], [ -87.870135, 35.472998 ], [ -87.870058, 35.473073 ], [ -87.869975, 35.473152 ], [ -87.869916, 35.473241 ], [ -87.869734, 35.473411 ], [ -87.869626, 35.473481 ], [ -87.869568, 35.473501 ], [ -87.869206, 35.47374 ], [ -87.869111, 35.473801 ], [ -87.868821, 35.473972 ], [ -87.86881, 35.473979 ], [ -87.868718, 35.474017 ], [ -87.868493, 35.474 ], [ -87.868411, 35.473994 ], [ -87.868096, 35.474096 ], [ -87.867928, 35.474298 ], [ -87.867857, 35.474385 ], [ -87.867805, 35.474485 ], [ -87.867775, 35.474509 ], [ -87.867743, 35.474539 ], [ -87.867587, 35.474686 ], [ -87.86756, 35.474705 ], [ -87.867494, 35.474754 ], [ -87.867475, 35.474764 ], [ -87.867024, 35.47473 ], [ -87.865784, 35.475321 ], [ -87.865017, 35.475822 ], [ -87.864943, 35.475898 ], [ -87.864865, 35.475976 ], [ -87.864629, 35.47599 ], [ -87.864443, 35.475924 ], [ -87.864364, 35.475758 ], [ -87.864282, 35.475584 ], [ -87.863866, 35.475362 ], [ -87.863777, 35.47533 ], [ -87.863649, 35.475284 ], [ -87.863579, 35.475271 ], [ -87.863482, 35.475253 ], [ -87.862884, 35.475231 ], [ -87.862641, 35.475228 ], [ -87.862541, 35.475091 ], [ -87.861967, 35.474822 ], [ -87.861334, 35.474528 ], [ -87.860947, 35.474241 ], [ -87.860617, 35.473742 ], [ -87.860869, 35.473532 ], [ -87.860872, 35.473128 ], [ -87.860874, 35.472942 ], [ -87.860874, 35.472884 ], [ -87.860876, 35.472758 ], [ -87.860838, 35.472729 ], [ -87.860792, 35.472694 ], [ -87.860722, 35.472426 ], [ -87.860715, 35.472396 ], [ -87.860652, 35.4721 ], [ -87.860606, 35.471782 ], [ -87.860606, 35.471485 ], [ -87.860607, 35.471435 ], [ -87.860615, 35.471178 ], [ -87.860602, 35.47099 ], [ -87.86059, 35.470787 ], [ -87.860494, 35.470512 ], [ -87.860431, 35.470481 ], [ -87.860262, 35.470399 ], [ -87.860242, 35.470391 ], [ -87.860183, 35.470368 ], [ -87.860164, 35.470361 ], [ -87.859898, 35.47021 ], [ -87.859536, 35.470004 ], [ -87.85943, 35.469729 ], [ -87.859465, 35.469529 ], [ -87.859472, 35.469495 ], [ -87.859695, 35.469344 ], [ -87.860045, 35.46912 ], [ -87.860021, 35.468596 ], [ -87.859815, 35.467432 ], [ -87.859582, 35.467375 ], [ -87.859362, 35.467315 ], [ -87.859164, 35.467273 ], [ -87.858759, 35.467042 ], [ -87.858496, 35.466649 ], [ -87.858372, 35.465998 ], [ -87.858506, 35.465413 ], [ -87.848311, 35.465258 ], [ -87.848105, 35.465255 ], [ -87.848021, 35.465248 ], [ -87.847607, 35.465213 ], [ -87.847527, 35.465206 ], [ -87.847483, 35.465221 ], [ -87.847417, 35.465242 ], [ -87.847351, 35.465262 ], [ -87.847278, 35.465284 ], [ -87.847153, 35.465323 ], [ -87.846247, 35.465602 ], [ -87.845909, 35.465706 ], [ -87.844161, 35.466078 ], [ -87.838686, 35.467244 ], [ -87.837879, 35.467415 ], [ -87.835786, 35.467861 ], [ -87.834523, 35.468124 ], [ -87.830733, 35.468913 ], [ -87.829471, 35.469177 ], [ -87.829402, 35.46919 ], [ -87.829388, 35.469193 ], [ -87.829258, 35.469218 ], [ -87.829197, 35.46923 ], [ -87.829129, 35.469244 ], [ -87.829083, 35.469288 ], [ -87.829039, 35.469333 ], [ -87.828942, 35.469417 ], [ -87.828894, 35.46946 ], [ -87.828859, 35.46949 ], [ -87.828727, 35.469585 ], [ -87.828478, 35.469734 ], [ -87.828441, 35.469752 ], [ -87.828402, 35.469772 ], [ -87.828283, 35.469819 ], [ -87.828199, 35.469842 ], [ -87.82807, 35.469867 ], [ -87.827893, 35.469881 ], [ -87.827406, 35.46988 ], [ -87.82728, 35.469968 ], [ -87.827184, 35.470043 ], [ -87.826971, 35.470237 ], [ -87.82695, 35.470257 ], [ -87.826843, 35.470371 ], [ -87.826821, 35.470402 ], [ -87.82677, 35.47046 ], [ -87.826628, 35.470652 ], [ -87.826543, 35.470767 ], [ -87.826479, 35.47086 ], [ -87.826424, 35.470958 ], [ -87.826314, 35.471228 ], [ -87.826234, 35.471469 ], [ -87.826123, 35.47174 ], [ -87.825991, 35.472043 ], [ -87.82591, 35.472209 ], [ -87.825752, 35.472504 ], [ -87.825604, 35.472801 ], [ -87.825533, 35.472932 ], [ -87.825474, 35.473028 ], [ -87.825407, 35.47312 ], [ -87.825373, 35.473185 ], [ -87.825291, 35.473312 ], [ -87.825197, 35.473473 ], [ -87.825098, 35.473632 ], [ -87.825025, 35.473761 ], [ -87.824944, 35.473888 ], [ -87.824788, 35.474183 ], [ -87.824667, 35.474374 ], [ -87.824538, 35.474561 ], [ -87.824388, 35.474738 ], [ -87.824172, 35.474964 ], [ -87.823912, 35.475208 ], [ -87.823817, 35.475283 ], [ -87.823697, 35.475388 ], [ -87.823499, 35.475532 ], [ -87.823363, 35.475623 ], [ -87.823153, 35.475755 ], [ -87.822719, 35.47606 ], [ -87.822545, 35.47617 ], [ -87.822354, 35.476261 ], [ -87.82228, 35.4763 ], [ -87.82224, 35.476314 ], [ -87.822005, 35.476415 ], [ -87.821759, 35.476494 ], [ -87.821166, 35.476642 ], [ -87.820907, 35.476694 ], [ -87.820777, 35.476714 ], [ -87.820606, 35.476752 ], [ -87.820256, 35.4768 ], [ -87.819549, 35.476857 ], [ -87.819239, 35.476873 ], [ -87.818886, 35.476899 ], [ -87.818709, 35.476903 ], [ -87.81862, 35.476901 ], [ -87.817869, 35.476927 ], [ -87.817648, 35.476925 ], [ -87.817382, 35.476911 ], [ -87.81703, 35.476884 ], [ -87.8169, 35.476863 ], [ -87.816594, 35.476826 ], [ -87.816466, 35.476798 ], [ -87.816297, 35.476755 ], [ -87.816048, 35.476682 ], [ -87.815579, 35.476578 ], [ -87.81532, 35.476531 ], [ -87.815102, 35.476504 ], [ -87.815016, 35.476487 ], [ -87.814961, 35.476567 ], [ -87.814948, 35.476586 ], [ -87.814154, 35.477761 ], [ -87.814136, 35.477788 ], [ -87.814058, 35.477902 ], [ -87.811832, 35.481198 ], [ -87.81174, 35.481337 ], [ -87.81171, 35.48138 ], [ -87.80926, 35.479965 ], [ -87.807597, 35.479532 ], [ -87.807279, 35.479458 ], [ -87.807162, 35.479625 ], [ -87.803589, 35.484954 ], [ -87.79916, 35.485321 ], [ -87.784049, 35.486572 ], [ -87.781009, 35.486835 ], [ -87.780735, 35.486859 ], [ -87.776698, 35.487209 ], [ -87.772465, 35.487575 ], [ -87.764711, 35.488247 ], [ -87.764581, 35.488257 ], [ -87.752632, 35.489241 ], [ -87.750414, 35.490124 ], [ -87.747665, 35.491019 ], [ -87.745489, 35.491782 ], [ -87.742081, 35.491757 ], [ -87.741933, 35.491755 ], [ -87.733811, 35.491691 ], [ -87.727163, 35.488305 ], [ -87.72713, 35.488288 ], [ -87.720205, 35.484713 ], [ -87.717559, 35.483347 ], [ -87.717493, 35.483335 ], [ -87.716832, 35.483216 ], [ -87.714651, 35.482826 ], [ -87.714041, 35.482717 ], [ -87.713924, 35.482696 ], [ -87.713824, 35.482678 ], [ -87.713526, 35.482624 ], [ -87.71342, 35.482606 ], [ -87.713051, 35.48254 ], [ -87.711644, 35.482288 ], [ -87.706428, 35.481355 ], [ -87.706297, 35.481331 ], [ -87.704516, 35.481012 ], [ -87.704371, 35.480986 ], [ -87.703376, 35.480807 ], [ -87.699956, 35.480195 ], [ -87.698851, 35.479998 ], [ -87.698817, 35.479992 ], [ -87.698671, 35.479966 ], [ -87.697195, 35.479149 ], [ -87.692379, 35.476489 ], [ -87.690775, 35.475604 ], [ -87.69057, 35.475494 ], [ -87.689888, 35.47511 ], [ -87.687242, 35.473617 ], [ -87.686362, 35.473121 ], [ -87.686241, 35.473053 ], [ -87.686034, 35.472937 ], [ -87.685882, 35.472852 ], [ -87.685809, 35.472811 ], [ -87.685756, 35.47281 ], [ -87.685266, 35.472809 ], [ -87.683797, 35.472806 ], [ -87.683308, 35.472806 ], [ -87.683275, 35.472805 ], [ -87.681339, 35.472802 ], [ -87.675436, 35.472792 ], [ -87.673471, 35.47279 ], [ -87.671703, 35.472785 ], [ -87.666566, 35.472777 ], [ -87.666404, 35.472776 ], [ -87.665755, 35.472777 ], [ -87.665663, 35.472776 ], [ -87.664637, 35.472775 ], [ -87.664485, 35.472774 ], [ -87.664026, 35.472774 ], [ -87.663874, 35.472774 ], [ -87.663445, 35.472773 ], [ -87.662161, 35.47277 ], [ -87.661733, 35.47277 ], [ -87.661163, 35.472769 ], [ -87.660957, 35.472768 ], [ -87.658629, 35.472765 ], [ -87.657854, 35.472764 ], [ -87.656057, 35.472754 ], [ -87.650669, 35.472726 ], [ -87.648873, 35.472717 ], [ -87.648824, 35.472717 ], [ -87.648776, 35.472717 ], [ -87.648301, 35.472721 ], [ -87.646586, 35.472737 ], [ -87.646015, 35.472743 ], [ -87.645991, 35.472743 ], [ -87.645919, 35.472744 ], [ -87.645896, 35.472745 ], [ -87.645933, 35.471828 ], [ -87.646001, 35.470168 ], [ -87.646045, 35.46908 ], [ -87.646083, 35.468164 ], [ -87.646086, 35.468085 ], [ -87.646093, 35.467618 ], [ -87.646117, 35.465983 ], [ -87.646125, 35.465444 ], [ -87.646143, 35.464271 ], [ -87.646196, 35.460772 ], [ -87.646214, 35.459606 ], [ -87.646215, 35.459515 ], [ -87.646221, 35.459111 ], [ -87.646244, 35.457629 ], [ -87.646251, 35.457187 ], [ -87.646252, 35.457136 ], [ -87.646252, 35.457108 ], [ -87.646265, 35.456246 ], [ -87.646269, 35.456009 ], [ -87.64632, 35.452628 ], [ -87.646338, 35.451502 ], [ -87.646351, 35.450677 ], [ -87.646365, 35.44969 ], [ -87.646448, 35.444256 ], [ -87.646477, 35.442464 ], [ -87.646478, 35.442445 ], [ -87.646479, 35.442403 ], [ -87.646481, 35.442244 ], [ -87.646485, 35.442071 ], [ -87.646064, 35.441977 ], [ -87.645957, 35.441954 ], [ -87.645869, 35.441934 ], [ -87.645785, 35.441915 ], [ -87.645648, 35.441885 ], [ -87.643815, 35.441479 ], [ -87.641356, 35.440935 ], [ -87.637564, 35.440981 ], [ -87.635461, 35.441007 ], [ -87.635442, 35.441008 ], [ -87.634335, 35.44102 ], [ -87.632614, 35.441042 ], [ -87.632596, 35.439384 ], [ -87.632587, 35.438341 ], [ -87.632505, 35.438335 ], [ -87.632331, 35.43832 ], [ -87.628124, 35.437999 ], [ -87.625021, 35.437763 ], [ -87.614994, 35.436861 ], [ -87.610619, 35.436468 ], [ -87.61057, 35.436464 ], [ -87.61045, 35.436454 ], [ -87.609969, 35.436411 ], [ -87.609806, 35.436397 ], [ -87.6093, 35.436352 ], [ -87.607782, 35.43622 ], [ -87.607276, 35.436176 ], [ -87.607345, 35.43544 ], [ -87.607556, 35.433233 ], [ -87.607626, 35.432498 ], [ -87.607654, 35.432333 ], [ -87.607742, 35.431839 ], [ -87.607772, 35.431675 ], [ -87.607775, 35.431651 ], [ -87.607788, 35.431582 ], [ -87.607793, 35.431559 ], [ -87.607898, 35.430943 ], [ -87.608214, 35.429099 ], [ -87.60832, 35.428484 ], [ -87.608369, 35.42812 ], [ -87.608518, 35.427031 ], [ -87.608406, 35.426681 ], [ -87.607757, 35.425246 ], [ -87.606733, 35.422979 ], [ -87.605812, 35.420942 ], [ -87.605164, 35.419508 ], [ -87.605151, 35.41948 ], [ -87.605118, 35.419406 ], [ -87.605021, 35.419386 ], [ -87.603686, 35.419114 ], [ -87.602403, 35.418852 ], [ -87.601229, 35.418613 ], [ -87.601, 35.418224 ], [ -87.59749, 35.412276 ], [ -87.597164, 35.411723 ], [ -87.594957, 35.411628 ], [ -87.59469, 35.411616 ], [ -87.594585, 35.411614 ], [ -87.593472, 35.411599 ], [ -87.593101, 35.411594 ], [ -87.592863, 35.41159 ], [ -87.592149, 35.41158 ], [ -87.591911, 35.411577 ], [ -87.591669, 35.411573 ], [ -87.590945, 35.411564 ], [ -87.590704, 35.411561 ], [ -87.589519, 35.411077 ], [ -87.585967, 35.409625 ], [ -87.584783, 35.409142 ], [ -87.584043, 35.408934 ], [ -87.581823, 35.40831 ], [ -87.581083, 35.408102 ], [ -87.58103, 35.408088 ], [ -87.581016, 35.408085 ], [ -87.580931, 35.408044 ], [ -87.580882, 35.40802 ], [ -87.580834, 35.407997 ], [ -87.580617, 35.407893 ], [ -87.579966, 35.407584 ], [ -87.579776, 35.407494 ], [ -87.57975, 35.407482 ], [ -87.579266, 35.407251 ], [ -87.577816, 35.406561 ], [ -87.577518, 35.406419 ], [ -87.577419, 35.406413 ], [ -87.577315, 35.406407 ], [ -87.576907, 35.406387 ], [ -87.575688, 35.406332 ], [ -87.575282, 35.406315 ], [ -87.575205, 35.406308 ], [ -87.575212, 35.405895 ], [ -87.575239, 35.404422 ], [ -87.575249, 35.403931 ], [ -87.57525, 35.403907 ], [ -87.575252, 35.403789 ], [ -87.575269, 35.402835 ], [ -87.575331, 35.399549 ], [ -87.575352, 35.398454 ], [ -87.574273, 35.398459 ], [ -87.571039, 35.398475 ], [ -87.569961, 35.398481 ], [ -87.569839, 35.398481 ], [ -87.56973, 35.398482 ], [ -87.569475, 35.398483 ], [ -87.569402, 35.398484 ], [ -87.569354, 35.398483 ], [ -87.569062, 35.398484 ], [ -87.569019, 35.398484 ], [ -87.56812, 35.398489 ], [ -87.565225, 35.398502 ], [ -87.552838, 35.398562 ], [ -87.548711, 35.398583 ], [ -87.548484, 35.398583 ], [ -87.546312, 35.398595 ], [ -87.544825, 35.398603 ], [ -87.542381, 35.398616 ], [ -87.539122, 35.398634 ], [ -87.537991, 35.398641 ], [ -87.536727, 35.398648 ], [ -87.53638, 35.398644 ], [ -87.535343, 35.398637 ], [ -87.535111, 35.398635 ], [ -87.534997, 35.398634 ], [ -87.53477, 35.398633 ], [ -87.534046, 35.398623 ], [ -87.532664, 35.398604 ], [ -87.531198, 35.398584 ], [ -87.530351, 35.398574 ], [ -87.530268, 35.398573 ], [ -87.530248, 35.398573 ], [ -87.530064, 35.398568 ], [ -87.529512, 35.398563 ], [ -87.529332, 35.398563 ], [ -87.529317, 35.39856 ], [ -87.529266, 35.398559 ], [ -87.529078, 35.398556 ], [ -87.529016, 35.398556 ], [ -87.528697, 35.398552 ], [ -87.52735, 35.398539 ], [ -87.522543, 35.398494 ], [ -87.522355, 35.398492 ], [ -87.52069, 35.398477 ], [ -87.520525, 35.398453 ], [ -87.520032, 35.398384 ], [ -87.519911, 35.398368 ], [ -87.519868, 35.398362 ], [ -87.519388, 35.398294 ], [ -87.519339, 35.398288 ], [ -87.517939, 35.398231 ], [ -87.517456, 35.398212 ], [ -87.517283, 35.398206 ], [ -87.517255, 35.398206 ], [ -87.516794, 35.398188 ], [ -87.516793, 35.398216 ], [ -87.516789, 35.398389 ], [ -87.516517, 35.401045 ], [ -87.515702, 35.409013 ], [ -87.515458, 35.411403 ], [ -87.515431, 35.41167 ], [ -87.515419, 35.411786 ], [ -87.514902, 35.412107 ], [ -87.514468, 35.412317 ], [ -87.511212, 35.4139 ], [ -87.510127, 35.414428 ], [ -87.510036, 35.414472 ], [ -87.509612, 35.414679 ], [ -87.50521, 35.414621 ], [ -87.500018, 35.414554 ], [ -87.490289, 35.414669 ], [ -87.485315, 35.414728 ], [ -87.485246, 35.414729 ], [ -87.482465, 35.414725 ], [ -87.482138, 35.414724 ], [ -87.478329, 35.414719 ], [ -87.478407, 35.420436 ], [ -87.478439, 35.422658 ], [ -87.477498, 35.422632 ], [ -87.477484, 35.422631 ], [ -87.477183, 35.422623 ], [ -87.476235, 35.422596 ], [ -87.474842, 35.422558 ], [ -87.472485, 35.422493 ], [ -87.471236, 35.422459 ], [ -87.471125, 35.422456 ], [ -87.469979, 35.422424 ], [ -87.466211, 35.42232 ], [ -87.464955, 35.422286 ], [ -87.464796, 35.422282 ], [ -87.462104, 35.422208 ], [ -87.462096, 35.422134 ], [ -87.462028, 35.421496 ], [ -87.461938, 35.42066 ], [ -87.458708, 35.420651 ], [ -87.454643, 35.420637 ], [ -87.453507, 35.420634 ], [ -87.451718, 35.420629 ], [ -87.451138, 35.420627 ], [ -87.449399, 35.420623 ], [ -87.44882, 35.420622 ], [ -87.448824, 35.42064 ], [ -87.448825, 35.420706 ], [ -87.448801, 35.420888 ], [ -87.448778, 35.421081 ], [ -87.448774, 35.421202 ], [ -87.448847, 35.421551 ], [ -87.448841, 35.421617 ], [ -87.448822, 35.421661 ], [ -87.448806, 35.421675 ], [ -87.448783, 35.421701 ], [ -87.448597, 35.421819 ], [ -87.448588, 35.42183 ], [ -87.448591, 35.421999 ], [ -87.448593, 35.422089 ], [ -87.448591, 35.422149 ], [ -87.448589, 35.422235 ], [ -87.448585, 35.422281 ], [ -87.448537, 35.42282 ], [ -87.448525, 35.423104 ], [ -87.448513, 35.423423 ], [ -87.448511, 35.423461 ], [ -87.448509, 35.423598 ], [ -87.448502, 35.424124 ], [ -87.4485, 35.424282 ], [ -87.4485, 35.4243 ], [ -87.448498, 35.424384 ], [ -87.448494, 35.424639 ], [ -87.448494, 35.424724 ], [ -87.448492, 35.424851 ], [ -87.448484, 35.425446 ], [ -87.448456, 35.427615 ], [ -87.448447, 35.428338 ], [ -87.448435, 35.429234 ], [ -87.448401, 35.431923 ], [ -87.44839, 35.43282 ], [ -87.448389, 35.432908 ], [ -87.448374, 35.43404 ], [ -87.448328, 35.437702 ], [ -87.448314, 35.438923 ], [ -87.448318, 35.439421 ], [ -87.448331, 35.440916 ], [ -87.448336, 35.44141 ], [ -87.448336, 35.441442 ], [ -87.448336, 35.44153 ], [ -87.448337, 35.44156 ], [ -87.448339, 35.441974 ], [ -87.448348, 35.443006 ], [ -87.448388, 35.447345 ], [ -87.448402, 35.448799 ], [ -87.448415, 35.450394 ], [ -87.448427, 35.45186 ], [ -87.448459, 35.455201 ], [ -87.448474, 35.456776 ], [ -87.448475, 35.456804 ], [ -87.448485, 35.457844 ], [ -87.448251, 35.457844 ], [ -87.447447, 35.457844 ], [ -87.444432, 35.457844 ], [ -87.443159, 35.457844 ], [ -87.44276, 35.457844 ], [ -87.441564, 35.457844 ], [ -87.441283, 35.457844 ], [ -87.441166, 35.457844 ], [ -87.441051, 35.457844 ], [ -87.44101, 35.457844 ], [ -87.440049, 35.457844 ], [ -87.436701, 35.457844 ], [ -87.435585, 35.457845 ], [ -87.43431, 35.457845 ], [ -87.430487, 35.457845 ], [ -87.429213, 35.457846 ], [ -87.422438, 35.457847 ], [ -87.414506, 35.457849 ], [ -87.414261, 35.457849 ], [ -87.402113, 35.45785 ], [ -87.395339, 35.457852 ], [ -87.391438, 35.457852 ], [ -87.379736, 35.457854 ], [ -87.375836, 35.457856 ], [ -87.375784, 35.457856 ], [ -87.375628, 35.457856 ], [ -87.375606, 35.457856 ], [ -87.375577, 35.457856 ], [ -87.375464, 35.457856 ], [ -87.375126, 35.457856 ], [ -87.375014, 35.457857 ], [ -87.37378, 35.457849 ], [ -87.373703, 35.457844 ], [ -87.373198, 35.457813 ], [ -87.371542, 35.457669 ], [ -87.36993, 35.457453 ], [ -87.369792, 35.457439 ], [ -87.368608, 35.45732 ], [ -87.368495, 35.457296 ], [ -87.36808, 35.457203 ], [ -87.36685, 35.456931 ], [ -87.366441, 35.456842 ], [ -87.366345, 35.456821 ], [ -87.365517, 35.456638 ], [ -87.363877, 35.456276 ], [ -87.362749, 35.456026 ], [ -87.362193, 35.455904 ], [ -87.36182, 35.455859 ], [ -87.36171, 35.455845 ], [ -87.360667, 35.455721 ], [ -87.357666, 35.455365 ], [ -87.357211, 35.455305 ], [ -87.356063, 35.455155 ], [ -87.355844, 35.455125 ], [ -87.355773, 35.455116 ], [ -87.35527, 35.455148 ], [ -87.352891, 35.455301 ], [ -87.352099, 35.455354 ], [ -87.351805, 35.455373 ], [ -87.350888, 35.455432 ], [ -87.348798, 35.455568 ], [ -87.347255, 35.455617 ], [ -87.346043, 35.455656 ], [ -87.34516, 35.455684 ], [ -87.343027, 35.45575 ], [ -87.342513, 35.455767 ], [ -87.341631, 35.455796 ], [ -87.341595, 35.455797 ], [ -87.341519, 35.455809 ], [ -87.341289, 35.455846 ], [ -87.341184, 35.455849 ], [ -87.341072, 35.455854 ], [ -87.340683, 35.455868 ], [ -87.339519, 35.45591 ], [ -87.339131, 35.455925 ], [ -87.339099, 35.455926 ], [ -87.339004, 35.45593 ], [ -87.338974, 35.455932 ], [ -87.338475, 35.455949 ], [ -87.338193, 35.455959 ], [ -87.338142, 35.455961 ], [ -87.335853, 35.456045 ], [ -87.335101, 35.456073 ], [ -87.335074, 35.456074 ], [ -87.334904, 35.45608 ], [ -87.334573, 35.456092 ], [ -87.333072, 35.456146 ], [ -87.332572, 35.456165 ], [ -87.331216, 35.456215 ], [ -87.327151, 35.456364 ], [ -87.325796, 35.456415 ], [ -87.32589, 35.455852 ], [ -87.325965, 35.455411 ], [ -87.326008, 35.455056 ], [ -87.326136, 35.45416 ], [ -87.326218, 35.453597 ], [ -87.326256, 35.45335 ], [ -87.326279, 35.453189 ], [ -87.326454, 35.451967 ], [ -87.326473, 35.45185 ], [ -87.326527, 35.451564 ], [ -87.326533, 35.451525 ], [ -87.326554, 35.451409 ], [ -87.326558, 35.451388 ], [ -87.326539, 35.451367 ], [ -87.326671, 35.450182 ], [ -87.326948, 35.447699 ], [ -87.325876, 35.447596 ], [ -87.32469, 35.447482 ], [ -87.324121, 35.447427 ], [ -87.32242, 35.447263 ], [ -87.321868, 35.447211 ], [ -87.321849, 35.447212 ], [ -87.321817, 35.447206 ], [ -87.321154, 35.447142 ], [ -87.31906, 35.446941 ], [ -87.318362, 35.446875 ], [ -87.317919, 35.446832 ], [ -87.316591, 35.446705 ], [ -87.316149, 35.446663 ], [ -87.316119, 35.44666 ], [ -87.312539, 35.446344 ], [ -87.301712, 35.445396 ], [ -87.298104, 35.445082 ], [ -87.298089, 35.445088 ], [ -87.298056, 35.445087 ], [ -87.298025, 35.445086 ], [ -87.297991, 35.445083 ], [ -87.297897, 35.445061 ], [ -87.297628, 35.444997 ], [ -87.297336, 35.444937 ], [ -87.296394, 35.444824 ], [ -87.295732, 35.444752 ], [ -87.295233, 35.444699 ], [ -87.294711, 35.444646 ], [ -87.294534, 35.444676 ], [ -87.294513, 35.444754 ], [ -87.294441, 35.444916 ], [ -87.294362, 35.445495 ], [ -87.294055, 35.447762 ], [ -87.294033, 35.44793 ], [ -87.294002, 35.448164 ], [ -87.293935, 35.448308 ], [ -87.293813, 35.448465 ], [ -87.293795, 35.448877 ], [ -87.293744, 35.450114 ], [ -87.293727, 35.450527 ], [ -87.293724, 35.450606 ], [ -87.293682, 35.451586 ], [ -87.293576, 35.451576 ], [ -87.290091, 35.451275 ], [ -87.28981, 35.451251 ], [ -87.289718, 35.45213 ], [ -87.289507, 35.454158 ], [ -87.289437, 35.454823 ], [ -87.289107, 35.457993 ], [ -87.28896, 35.459404 ], [ -87.285656, 35.45897 ], [ -87.285471, 35.458945 ], [ -87.284257, 35.458787 ], [ -87.282787, 35.458594 ], [ -87.282589, 35.458568 ], [ -87.281483, 35.458658 ], [ -87.281286, 35.459723 ], [ -87.280288, 35.465145 ], [ -87.279986, 35.466781 ], [ -87.279554, 35.469134 ], [ -87.27955, 35.469153 ], [ -87.27954, 35.46921 ], [ -87.279537, 35.46923 ], [ -87.279506, 35.4694 ], [ -87.279299, 35.469982 ], [ -87.27752, 35.470068 ], [ -87.276791, 35.470104 ], [ -87.275904, 35.475924 ], [ -87.275758, 35.476885 ], [ -87.275405, 35.479204 ], [ -87.275304, 35.47986 ], [ -87.274829, 35.482975 ], [ -87.274808, 35.483115 ], [ -87.274764, 35.483405 ], [ -87.27711, 35.483639 ], [ -87.279743, 35.483902 ], [ -87.279344, 35.488717 ], [ -87.278969, 35.489012 ], [ -87.278653, 35.489262 ], [ -87.276786, 35.490514 ], [ -87.276633, 35.49158 ], [ -87.276586, 35.491914 ], [ -87.276727, 35.492182 ], [ -87.277232, 35.492424 ], [ -87.278294, 35.492803 ], [ -87.278987, 35.492999 ], [ -87.279169, 35.493031 ], [ -87.279535, 35.493097 ], [ -87.280105, 35.493514 ], [ -87.280272, 35.494334 ], [ -87.280401, 35.495093 ], [ -87.280383, 35.495213 ], [ -87.280319, 35.495672 ], [ -87.280509, 35.495917 ], [ -87.281076, 35.496047 ], [ -87.281924, 35.495956 ], [ -87.282243, 35.496154 ], [ -87.282836, 35.496428 ], [ -87.283376, 35.496856 ], [ -87.283534, 35.497229 ], [ -87.283626, 35.497916 ], [ -87.283519, 35.498035 ], [ -87.283364, 35.49821 ], [ -87.283063, 35.498479 ], [ -87.282795, 35.498967 ], [ -87.282768, 35.499281 ], [ -87.282817, 35.499495 ], [ -87.28251, 35.499623 ], [ -87.282253, 35.499614 ], [ -87.281944, 35.49963 ], [ -87.281707, 35.499644 ], [ -87.2814, 35.499666 ], [ -87.280811, 35.500075 ], [ -87.279688, 35.500966 ], [ -87.278985, 35.501526 ], [ -87.277536, 35.50139 ], [ -87.275389, 35.50119 ], [ -87.273192, 35.500984 ], [ -87.271745, 35.500849 ], [ -87.27121, 35.500799 ], [ -87.2705, 35.500733 ], [ -87.270316, 35.501609 ], [ -87.270207, 35.502134 ], [ -87.270165, 35.502337 ], [ -87.270033, 35.502967 ], [ -87.269511, 35.505469 ], [ -87.269432, 35.505851 ], [ -87.269891, 35.505903 ], [ -87.271464, 35.506084 ], [ -87.276186, 35.50663 ], [ -87.27776, 35.506812 ], [ -87.278961, 35.506305 ], [ -87.282393, 35.50486 ], [ -87.282394, 35.505048 ], [ -87.282403, 35.505879 ], [ -87.282384, 35.506145 ], [ -87.282384, 35.506353 ], [ -87.282382, 35.506367 ], [ -87.282382, 35.506413 ], [ -87.282382, 35.50643 ], [ -87.282381, 35.506526 ], [ -87.28238, 35.506814 ], [ -87.28238, 35.506911 ], [ -87.282379, 35.507012 ], [ -87.282378, 35.507318 ], [ -87.282378, 35.50742 ], [ -87.282375, 35.508078 ], [ -87.282368, 35.510056 ], [ -87.282366, 35.510715 ], [ -87.282359, 35.512581 ], [ -87.282354, 35.514183 ], [ -87.28234, 35.518182 ], [ -87.282334, 35.520049 ], [ -87.282332, 35.520852 ], [ -87.282971, 35.520882 ], [ -87.283677, 35.520917 ], [ -87.28365, 35.524539 ], [ -87.28364, 35.525983 ], [ -87.284138, 35.525947 ], [ -87.284205, 35.525942 ], [ -87.285602, 35.52584 ], [ -87.285542, 35.526135 ], [ -87.285529, 35.526203 ], [ -87.28544, 35.526693 ], [ -87.285437, 35.526708 ], [ -87.285429, 35.526753 ], [ -87.285427, 35.526769 ], [ -87.285416, 35.526834 ], [ -87.285391, 35.526982 ], [ -87.285382, 35.527029 ], [ -87.28537, 35.527094 ], [ -87.285187, 35.528186 ], [ -87.284732, 35.530913 ], [ -87.28528, 35.53101 ], [ -87.286371, 35.531204 ], [ -87.286132, 35.533483 ], [ -87.285926, 35.53546 ], [ -87.285581, 35.538758 ], [ -87.286075, 35.538789 ], [ -87.286035, 35.539865 ], [ -87.285953, 35.542156 ], [ -87.288554, 35.542324 ], [ -87.290586, 35.542456 ], [ -87.289872, 35.548025 ], [ -87.290043, 35.548037 ], [ -87.292615, 35.548229 ], [ -87.292644, 35.54823 ], [ -87.293553, 35.548266 ], [ -87.296281, 35.548375 ], [ -87.296534, 35.548386 ], [ -87.29719, 35.548422 ], [ -87.298548, 35.548495 ], [ -87.302625, 35.548716 ], [ -87.303797, 35.54878 ], [ -87.303984, 35.548789 ], [ -87.305543, 35.548864 ], [ -87.308472, 35.549006 ], [ -87.310224, 35.54909 ], [ -87.311755, 35.549164 ], [ -87.311784, 35.549166 ], [ -87.312308, 35.549193 ], [ -87.313195, 35.54924 ], [ -87.313288, 35.548564 ], [ -87.31381, 35.548628 ], [ -87.315346, 35.548814 ], [ -87.317721, 35.549104 ], [ -87.317379, 35.551329 ], [ -87.317304, 35.551821 ], [ -87.317144, 35.552859 ], [ -87.317046, 35.553508 ], [ -87.317027, 35.55363 ], [ -87.316671, 35.555945 ], [ -87.31659, 35.556472 ], [ -87.316552, 35.556717 ], [ -87.316219, 35.558893 ], [ -87.316053, 35.55998 ], [ -87.315912, 35.560895 ], [ -87.315217, 35.565421 ], [ -87.314884, 35.567597 ], [ -87.316153, 35.567694 ], [ -87.319283, 35.567936 ], [ -87.319816, 35.568361 ], [ -87.320332, 35.568773 ], [ -87.320934, 35.568897 ], [ -87.321296, 35.568971 ], [ -87.321934, 35.569103 ], [ -87.322382, 35.569004 ], [ -87.322603, 35.568956 ], [ -87.322744, 35.568925 ], [ -87.322909, 35.568684 ], [ -87.323004, 35.568598 ], [ -87.323169, 35.568452 ], [ -87.323506, 35.568241 ], [ -87.323973, 35.568061 ], [ -87.324115, 35.568039 ], [ -87.324531, 35.567977 ], [ -87.324744, 35.56797 ], [ -87.324842, 35.567968 ], [ -87.325382, 35.568018 ], [ -87.325591, 35.568064 ], [ -87.325954, 35.568163 ], [ -87.327044, 35.56846 ], [ -87.327408, 35.56856 ], [ -87.327437, 35.568568 ], [ -87.327524, 35.568592 ], [ -87.327554, 35.5686 ], [ -87.32755, 35.568641 ], [ -87.327542, 35.568764 ], [ -87.327539, 35.568806 ], [ -87.327515, 35.569317 ], [ -87.327445, 35.570851 ], [ -87.327424, 35.571314 ], [ -87.327423, 35.571363 ], [ -87.327417, 35.571585 ], [ -87.327403, 35.572253 ], [ -87.327399, 35.572476 ], [ -87.327492, 35.572477 ], [ -87.327635, 35.572481 ], [ -87.327771, 35.572484 ], [ -87.327865, 35.572487 ], [ -87.331781, 35.572585 ], [ -87.33397, 35.57264 ], [ -87.338357, 35.57275 ], [ -87.338392, 35.57517 ], [ -87.338431, 35.577924 ], [ -87.338486, 35.581779 ], [ -87.338487, 35.581842 ], [ -87.338489, 35.582002 ], [ -87.338494, 35.582352 ], [ -87.338516, 35.583885 ], [ -87.338524, 35.584396 ], [ -87.338542, 35.584396 ], [ -87.338596, 35.584396 ], [ -87.338615, 35.584397 ], [ -87.339563, 35.58441 ], [ -87.342409, 35.584449 ], [ -87.342958, 35.584457 ], [ -87.343358, 35.584464 ], [ -87.344132, 35.584477 ], [ -87.346454, 35.584518 ], [ -87.347229, 35.584532 ], [ -87.348701, 35.584557 ], [ -87.349685, 35.584575 ], [ -87.352305, 35.584621 ], [ -87.352286, 35.585433 ], [ -87.352253, 35.586905 ], [ -87.352252, 35.586937 ], [ -87.352243, 35.587299 ], [ -87.352216, 35.588484 ], [ -87.35221, 35.588759 ], [ -87.352209, 35.588879 ], [ -87.352214, 35.589127 ], [ -87.352226, 35.589499 ], [ -87.352599, 35.589546 ], [ -87.352847, 35.589579 ], [ -87.352925, 35.589584 ], [ -87.353048, 35.589594 ], [ -87.35314, 35.589601 ], [ -87.353254, 35.58961 ], [ -87.353253, 35.589801 ], [ -87.353252, 35.590009 ], [ -87.353252, 35.590211 ], [ -87.353249, 35.590912 ], [ -87.353243, 35.593017 ], [ -87.353243, 35.593255 ], [ -87.353242, 35.593719 ], [ -87.353241, 35.594487 ], [ -87.353246, 35.594499 ], [ -87.35415, 35.59666 ], [ -87.354349, 35.597134 ], [ -87.354345, 35.597402 ], [ -87.354342, 35.597585 ], [ -87.354333, 35.598134 ], [ -87.35433, 35.598317 ], [ -87.354319, 35.598993 ], [ -87.354302, 35.600139 ], [ -87.354288, 35.601021 ], [ -87.354278, 35.601698 ], [ -87.354269, 35.602257 ], [ -87.354243, 35.603938 ], [ -87.354235, 35.604498 ], [ -87.354205, 35.606406 ], [ -87.35417, 35.608769 ], [ -87.354146, 35.610309 ], [ -87.35369, 35.610312 ], [ -87.352918, 35.610317 ], [ -87.352916, 35.610911 ], [ -87.35291, 35.61282 ], [ -87.352903, 35.614787 ], [ -87.3529, 35.615926 ], [ -87.352894, 35.617898 ], [ -87.351774, 35.617923 ], [ -87.351773, 35.619331 ], [ -87.35151, 35.619328 ], [ -87.349544, 35.619307 ], [ -87.349454, 35.619307 ], [ -87.349147, 35.6195 ], [ -87.347998, 35.620225 ], [ -87.347615, 35.620467 ], [ -87.347161, 35.620753 ], [ -87.345799, 35.621612 ], [ -87.345346, 35.621899 ], [ -87.345152, 35.622314 ], [ -87.344573, 35.623559 ], [ -87.34438, 35.623975 ], [ -87.344253, 35.624194 ], [ -87.343874, 35.624852 ], [ -87.343748, 35.625072 ], [ -87.343715, 35.625134 ], [ -87.343619, 35.625321 ], [ -87.343587, 35.625384 ], [ -87.342764, 35.62699 ], [ -87.341805, 35.628863 ], [ -87.341745, 35.629217 ], [ -87.341637, 35.629322 ], [ -87.341204, 35.629426 ], [ -87.338893, 35.629881 ], [ -87.338717, 35.629916 ], [ -87.338354, 35.630012 ], [ -87.33802, 35.630004 ], [ -87.337106, 35.629946 ], [ -87.337821, 35.631419 ], [ -87.338006, 35.631799 ], [ -87.338075, 35.631888 ], [ -87.338123, 35.632049 ], [ -87.338182, 35.632218 ], [ -87.338005, 35.632339 ], [ -87.337317, 35.632443 ], [ -87.337375, 35.632685 ], [ -87.337493, 35.633015 ], [ -87.337413, 35.633523 ], [ -87.337196, 35.633861 ], [ -87.336783, 35.634038 ], [ -87.336537, 35.634239 ], [ -87.335799, 35.634639 ], [ -87.33516, 35.634987 ], [ -87.334265, 35.635155 ], [ -87.334066, 35.63509 ], [ -87.333471, 35.634898 ], [ -87.333273, 35.634835 ], [ -87.333039, 35.634759 ], [ -87.332768, 35.634672 ], [ -87.332745, 35.634836 ], [ -87.332723, 35.635001 ], [ -87.332713, 35.635119 ], [ -87.332704, 35.635227 ], [ -87.332698, 35.635296 ], [ -87.332692, 35.635364 ], [ -87.332689, 35.635388 ], [ -87.332682, 35.635463 ], [ -87.332681, 35.635489 ], [ -87.332678, 35.635524 ], [ -87.332668, 35.63563 ], [ -87.332666, 35.635665 ], [ -87.332662, 35.635714 ], [ -87.332658, 35.63577 ], [ -87.332629, 35.635855 ], [ -87.332614, 35.635902 ], [ -87.332594, 35.635912 ], [ -87.332537, 35.635944 ], [ -87.332518, 35.635955 ], [ -87.332474, 35.63598 ], [ -87.332441, 35.636013 ], [ -87.332374, 35.636233 ], [ -87.332241, 35.636793 ], [ -87.332152, 35.637173 ], [ -87.332044, 35.637552 ], [ -87.331997, 35.637673 ], [ -87.331869, 35.63809 ], [ -87.331829, 35.638266 ], [ -87.331802, 35.638585 ], [ -87.331862, 35.638959 ], [ -87.331862, 35.639063 ], [ -87.331762, 35.639371 ], [ -87.331754, 35.639423 ], [ -87.331748, 35.639465 ], [ -87.331755, 35.639761 ], [ -87.331782, 35.639893 ], [ -87.331849, 35.640058 ], [ -87.33195, 35.640212 ], [ -87.331973, 35.640277 ], [ -87.332122, 35.640293 ], [ -87.33256, 35.640338 ], [ -87.332908, 35.640375 ], [ -87.332738, 35.641647 ], [ -87.332857, 35.641717 ], [ -87.333366, 35.642019 ], [ -87.333304, 35.643882 ], [ -87.333261, 35.645216 ], [ -87.333209, 35.646788 ], [ -87.332531, 35.646795 ], [ -87.332336, 35.648794 ], [ -87.332155, 35.65065 ], [ -87.331889, 35.653385 ], [ -87.331606, 35.656301 ], [ -87.33691, 35.656624 ], [ -87.339654, 35.656792 ], [ -87.33956, 35.657229 ], [ -87.33928, 35.658544 ], [ -87.33924, 35.658734 ], [ -87.339193, 35.658984 ], [ -87.339201, 35.659009 ], [ -87.339223, 35.659084 ], [ -87.339232, 35.65911 ], [ -87.338613, 35.659012 ], [ -87.338157, 35.658712 ], [ -87.33741, 35.65801 ], [ -87.337328, 35.657955 ], [ -87.336955, 35.65771 ], [ -87.33613, 35.657579 ], [ -87.335139, 35.657482 ], [ -87.334193, 35.657721 ], [ -87.330698, 35.658716 ], [ -87.330612, 35.658741 ], [ -87.329993, 35.658844 ], [ -87.329087, 35.658982 ], [ -87.328467, 35.65875 ], [ -87.328053, 35.658328 ], [ -87.327844, 35.658115 ], [ -87.327513, 35.657881 ], [ -87.326688, 35.657783 ], [ -87.326453, 35.657784 ], [ -87.325863, 35.657787 ], [ -87.325746, 35.657782 ], [ -87.325702, 35.657782 ], [ -87.325398, 35.657771 ], [ -87.325284, 35.657768 ], [ -87.325147, 35.657927 ], [ -87.325024, 35.658061 ], [ -87.324893, 35.658194 ], [ -87.324423, 35.658492 ], [ -87.324087, 35.658679 ], [ -87.324096, 35.658919 ], [ -87.323651, 35.659051 ], [ -87.321631, 35.660883 ], [ -87.321167, 35.661639 ], [ -87.321142, 35.66168 ], [ -87.321066, 35.661803 ], [ -87.321042, 35.661845 ], [ -87.320707, 35.662574 ], [ -87.320632, 35.662621 ], [ -87.320641, 35.662711 ], [ -87.320129, 35.663976 ], [ -87.31951, 35.664841 ], [ -87.319471, 35.665155 ], [ -87.319357, 35.666159 ], [ -87.31934, 35.666326 ], [ -87.319163, 35.668092 ], [ -87.318568, 35.668926 ], [ -87.318513, 35.669012 ], [ -87.317907, 35.669933 ], [ -87.317858, 35.670008 ], [ -87.317811, 35.670305 ], [ -87.317861, 35.670674 ], [ -87.317853, 35.670931 ], [ -87.317786, 35.67154 ], [ -87.318151, 35.672043 ], [ -87.318367, 35.672362 ], [ -87.318682, 35.67269 ], [ -87.319016, 35.67301 ], [ -87.319129, 35.673336 ], [ -87.319303, 35.673939 ], [ -87.31936, 35.674238 ], [ -87.319274, 35.674266 ], [ -87.319019, 35.674353 ], [ -87.318934, 35.674382 ], [ -87.318896, 35.674406 ], [ -87.318855, 35.674433 ], [ -87.318784, 35.674479 ], [ -87.318747, 35.674504 ], [ -87.317787, 35.675135 ], [ -87.314908, 35.677032 ], [ -87.313949, 35.677665 ], [ -87.313852, 35.677728 ], [ -87.313565, 35.677917 ], [ -87.313469, 35.677981 ], [ -87.312807, 35.678415 ], [ -87.312259, 35.678775 ], [ -87.309785, 35.680405 ], [ -87.309313, 35.681695 ], [ -87.308819, 35.683054 ], [ -87.308779, 35.683159 ], [ -87.308662, 35.683481 ], [ -87.308624, 35.683589 ], [ -87.30837, 35.684286 ], [ -87.307867, 35.686128 ], [ -87.306713, 35.686195 ], [ -87.306048, 35.686679 ], [ -87.305405, 35.686685 ], [ -87.30492, 35.686513 ], [ -87.304475, 35.686342 ], [ -87.304039, 35.68634 ], [ -87.30389, 35.68651 ], [ -87.303502, 35.686874 ], [ -87.303233, 35.687336 ], [ -87.302944, 35.687708 ], [ -87.302616, 35.687951 ], [ -87.302081, 35.688063 ], [ -87.301091, 35.687947 ], [ -87.300695, 35.687929 ], [ -87.300497, 35.688034 ], [ -87.30013, 35.688154 ], [ -87.30003, 35.688414 ], [ -87.299789, 35.688892 ], [ -87.299284, 35.689044 ], [ -87.298758, 35.68927 ], [ -87.29847, 35.689424 ], [ -87.298308, 35.689445 ], [ -87.298173, 35.689463 ], [ -87.298037, 35.68948 ], [ -87.298042, 35.689571 ], [ -87.298034, 35.689749 ], [ -87.297968, 35.69021 ], [ -87.297901, 35.690563 ], [ -87.297809, 35.690985 ], [ -87.297778, 35.691089 ], [ -87.297661, 35.691433 ], [ -87.297578, 35.691711 ], [ -87.297422, 35.69212 ], [ -87.297301, 35.692464 ], [ -87.297257, 35.692565 ], [ -87.297172, 35.692767 ], [ -87.297118, 35.692879 ], [ -87.296942, 35.693192 ], [ -87.296768, 35.693481 ], [ -87.296601, 35.693733 ], [ -87.296416, 35.693977 ], [ -87.296295, 35.694127 ], [ -87.29611, 35.694372 ], [ -87.296057, 35.694429 ], [ -87.295809, 35.694634 ], [ -87.295378, 35.694944 ], [ -87.295205, 35.695056 ], [ -87.294946, 35.695252 ], [ -87.294802, 35.695336 ], [ -87.29465, 35.69541 ], [ -87.294609, 35.695425 ], [ -87.294483, 35.69546 ], [ -87.294352, 35.695482 ], [ -87.294263, 35.695489 ], [ -87.293996, 35.695487 ], [ -87.293952, 35.695483 ], [ -87.293745, 35.695481 ], [ -87.293656, 35.695491 ], [ -87.29353, 35.695525 ], [ -87.29333, 35.695604 ], [ -87.293174, 35.695674 ], [ -87.292987, 35.69577 ], [ -87.292361, 35.696113 ], [ -87.291982, 35.6963 ], [ -87.291706, 35.696417 ], [ -87.291544, 35.696475 ], [ -87.291274, 35.696566 ], [ -87.290849, 35.696671 ], [ -87.290544, 35.696722 ], [ -87.29024, 35.696778 ], [ -87.289601, 35.696874 ], [ -87.289409, 35.696904 ], [ -87.289057, 35.696947 ], [ -87.288526, 35.696998 ], [ -87.287683, 35.69706 ], [ -87.287283, 35.697076 ], [ -87.286526, 35.697086 ], [ -87.286127, 35.697116 ], [ -87.285904, 35.697122 ], [ -87.285563, 35.697126 ], [ -87.285298, 35.697149 ], [ -87.285076, 35.697164 ], [ -87.284898, 35.697169 ], [ -87.284586, 35.697169 ], [ -87.284141, 35.69719 ], [ -87.283874, 35.697186 ], [ -87.283607, 35.697177 ], [ -87.283075, 35.697136 ], [ -87.282813, 35.697094 ], [ -87.282598, 35.697047 ], [ -87.282294, 35.696991 ], [ -87.282208, 35.696971 ], [ -87.281683, 35.696889 ], [ -87.28143, 35.696848 ], [ -87.280912, 35.69674 ], [ -87.280745, 35.696691 ], [ -87.280543, 35.696616 ], [ -87.280349, 35.696528 ], [ -87.2802, 35.69645 ], [ -87.279967, 35.696344 ], [ -87.279804, 35.696286 ], [ -87.279679, 35.69625 ], [ -87.279549, 35.696223 ], [ -87.279418, 35.696206 ], [ -87.279284, 35.696198 ], [ -87.279018, 35.696211 ], [ -87.278399, 35.696274 ], [ -87.277785, 35.696359 ], [ -87.277696, 35.696365 ], [ -87.27694, 35.69634 ], [ -87.276763, 35.696324 ], [ -87.276411, 35.696282 ], [ -87.275912, 35.696231 ], [ -87.27588, 35.696228 ], [ -87.275658, 35.696217 ], [ -87.275302, 35.696211 ], [ -87.274768, 35.696228 ], [ -87.274413, 35.696252 ], [ -87.274147, 35.696274 ], [ -87.273838, 35.696305 ], [ -87.273439, 35.696331 ], [ -87.273172, 35.696338 ], [ -87.272592, 35.696331 ], [ -87.272459, 35.696321 ], [ -87.271614, 35.696282 ], [ -87.2713, 35.696283 ], [ -87.271202, 35.696231 ], [ -87.27117, 35.696219 ], [ -87.27104, 35.696171 ], [ -87.270872, 35.696122 ], [ -87.270754, 35.696099 ], [ -87.270612, 35.696073 ], [ -87.270162, 35.696028 ], [ -87.270074, 35.696022 ], [ -87.269762, 35.696014 ], [ -87.269539, 35.696002 ], [ -87.268918, 35.695971 ], [ -87.268518, 35.695954 ], [ -87.268296, 35.695949 ], [ -87.267898, 35.69591 ], [ -87.267678, 35.695881 ], [ -87.267369, 35.695846 ], [ -87.26697, 35.695822 ], [ -87.266481, 35.695803 ], [ -87.26632, 35.69579 ], [ -87.265994, 35.695765 ], [ -87.26586, 35.695762 ], [ -87.265682, 35.695767 ], [ -87.265462, 35.695791 ], [ -87.265378, 35.695815 ], [ -87.265338, 35.695832 ], [ -87.265264, 35.695871 ], [ -87.264931, 35.695863 ], [ -87.264709, 35.695868 ], [ -87.264222, 35.695912 ], [ -87.263822, 35.695937 ], [ -87.263511, 35.695951 ], [ -87.263161, 35.695978 ], [ -87.262985, 35.696 ], [ -87.262419, 35.696099 ], [ -87.262188, 35.696131 ], [ -87.262014, 35.696161 ], [ -87.261496, 35.69627 ], [ -87.261111, 35.69639 ], [ -87.260916, 35.696452 ], [ -87.260674, 35.696543 ], [ -87.260518, 35.696612 ], [ -87.260249, 35.696739 ], [ -87.25987, 35.696926 ], [ -87.259494, 35.697138 ], [ -87.258963, 35.697462 ], [ -87.258739, 35.697636 ], [ -87.258521, 35.697815 ], [ -87.258352, 35.69798 ], [ -87.258118, 35.698196 ], [ -87.257938, 35.698354 ], [ -87.257732, 35.698542 ], [ -87.257221, 35.698991 ], [ -87.256846, 35.699344 ], [ -87.25646, 35.69969 ], [ -87.255769, 35.700344 ], [ -87.25561, 35.700516 ], [ -87.255459, 35.700693 ], [ -87.255295, 35.700905 ], [ -87.255155, 35.701129 ], [ -87.2551, 35.701226 ], [ -87.255016, 35.701391 ], [ -87.254831, 35.701793 ], [ -87.254337, 35.702929 ], [ -87.254239, 35.703128 ], [ -87.254101, 35.703391 ], [ -87.253914, 35.703715 ], [ -87.253775, 35.703939 ], [ -87.253663, 35.704093 ], [ -87.253429, 35.704397 ], [ -87.253258, 35.704606 ], [ -87.253071, 35.704806 ], [ -87.252844, 35.705026 ], [ -87.252638, 35.705214 ], [ -87.252602, 35.705241 ], [ -87.252381, 35.705411 ], [ -87.252018, 35.705675 ], [ -87.251502, 35.706016 ], [ -87.251283, 35.706138 ], [ -87.251068, 35.706265 ], [ -87.250898, 35.70638 ], [ -87.250779, 35.706486 ], [ -87.250682, 35.706606 ], [ -87.250621, 35.70674 ], [ -87.250544, 35.706982 ], [ -87.250501, 35.707157 ], [ -87.25044, 35.707618 ], [ -87.250415, 35.707759 ], [ -87.250405, 35.707794 ], [ -87.250376, 35.707936 ], [ -87.250356, 35.708114 ], [ -87.250351, 35.708292 ], [ -87.250341, 35.708399 ], [ -87.250339, 35.708454 ], [ -87.250344, 35.708597 ], [ -87.250343, 35.709133 ], [ -87.250348, 35.709183 ], [ -87.250358, 35.709275 ], [ -87.250429, 35.709554 ], [ -87.250492, 35.709908 ], [ -87.250595, 35.710327 ], [ -87.250743, 35.710813 ], [ -87.25083, 35.711126 ], [ -87.250911, 35.711467 ], [ -87.250914, 35.711477 ], [ -87.250981, 35.71172 ], [ -87.251054, 35.711926 ], [ -87.251157, 35.712213 ], [ -87.251215, 35.712375 ], [ -87.251295, 35.712579 ], [ -87.251451, 35.712913 ], [ -87.251806, 35.713528 ], [ -87.251938, 35.713714 ], [ -87.252009, 35.713805 ], [ -87.252139, 35.71395 ], [ -87.252281, 35.714088 ], [ -87.252432, 35.714219 ], [ -87.252655, 35.714394 ], [ -87.252958, 35.714604 ], [ -87.253308, 35.714825 ], [ -87.253605, 35.714982 ], [ -87.254064, 35.715202 ], [ -87.254183, 35.715252 ], [ -87.254427, 35.71534 ], [ -87.254593, 35.715392 ], [ -87.255304, 35.715599 ], [ -87.255551, 35.715682 ], [ -87.255759, 35.715744 ], [ -87.255887, 35.715776 ], [ -87.256222, 35.715873 ], [ -87.256517, 35.715953 ], [ -87.25681, 35.716038 ], [ -87.257664, 35.716244 ], [ -87.258138, 35.716344 ], [ -87.258652, 35.716462 ], [ -87.259039, 35.716546 ], [ -87.259385, 35.716613 ], [ -87.259777, 35.716683 ], [ -87.260804, 35.71692 ], [ -87.261183, 35.717026 ], [ -87.261516, 35.717125 ], [ -87.261611, 35.71715 ], [ -87.261982, 35.717249 ], [ -87.262407, 35.717357 ], [ -87.262461, 35.717369 ], [ -87.262786, 35.717442 ], [ -87.263545, 35.717822 ], [ -87.265033, 35.718567 ], [ -87.265391, 35.719016 ], [ -87.265269, 35.719048 ], [ -87.265147, 35.719081 ], [ -87.264265, 35.719318 ], [ -87.263613, 35.719534 ], [ -87.262622, 35.719864 ], [ -87.262585, 35.719876 ], [ -87.262235, 35.719992 ], [ -87.26213, 35.720027 ], [ -87.262034, 35.720034 ], [ -87.261635, 35.720065 ], [ -87.261319, 35.720089 ], [ -87.260951, 35.720119 ], [ -87.260501, 35.72005 ], [ -87.259641, 35.720068 ], [ -87.25949, 35.720072 ], [ -87.258255, 35.720209 ], [ -87.255706, 35.720132 ], [ -87.255071, 35.720114 ], [ -87.254393, 35.720094 ], [ -87.253925, 35.720045 ], [ -87.25352, 35.720009 ], [ -87.253327, 35.719993 ], [ -87.252678, 35.71993 ], [ -87.252006, 35.719855 ], [ -87.25179, 35.719823 ], [ -87.251541, 35.719797 ], [ -87.251274, 35.719802 ], [ -87.250941, 35.719855 ], [ -87.250906, 35.719862 ], [ -87.250423, 35.719973 ], [ -87.250052, 35.72006 ], [ -87.249882, 35.7201 ], [ -87.249842, 35.720109 ], [ -87.249215, 35.720262 ], [ -87.249006, 35.720314 ], [ -87.248896, 35.72034 ], [ -87.248742, 35.720378 ], [ -87.248566, 35.720422 ], [ -87.248457, 35.720451 ], [ -87.248231, 35.720508 ], [ -87.248141, 35.720529 ], [ -87.247687, 35.720641 ], [ -87.247231, 35.720731 ], [ -87.247189, 35.720739 ], [ -87.246872, 35.720809 ], [ -87.246582, 35.720783 ], [ -87.246413, 35.720757 ], [ -87.246359, 35.720749 ], [ -87.246304, 35.72074 ], [ -87.246188, 35.720722 ], [ -87.246021, 35.720695 ], [ -87.245757, 35.720637 ], [ -87.245238, 35.720709 ], [ -87.244687, 35.720786 ], [ -87.244013, 35.721129 ], [ -87.243198, 35.7217 ], [ -87.241513, 35.723324 ], [ -87.240868, 35.723553 ], [ -87.240756, 35.72369 ], [ -87.240031, 35.723838 ], [ -87.239775, 35.723826 ], [ -87.236463, 35.724315 ], [ -87.236197, 35.724358 ], [ -87.236006, 35.724388 ], [ -87.235436, 35.724481 ], [ -87.235246, 35.724512 ], [ -87.234143, 35.724691 ], [ -87.233759, 35.726784 ], [ -87.232223, 35.735158 ], [ -87.232199, 35.735286 ], [ -87.232184, 35.735365 ], [ -87.232168, 35.73545 ], [ -87.229347, 35.75011 ], [ -87.229225, 35.751379 ], [ -87.229204, 35.751569 ], [ -87.229178, 35.751683 ], [ -87.228412, 35.757437 ], [ -87.228397, 35.757504 ], [ -87.228356, 35.757707 ], [ -87.228342, 35.757775 ], [ -87.228229, 35.758314 ], [ -87.227894, 35.759934 ], [ -87.22787, 35.760052 ], [ -87.227814, 35.76048 ], [ -87.22781, 35.760506 ], [ -87.2278, 35.760588 ], [ -87.227797, 35.760615 ], [ -87.227749, 35.76098 ], [ -87.227608, 35.762075 ], [ -87.227561, 35.762441 ], [ -87.227295, 35.764016 ], [ -87.226214, 35.771809 ], [ -87.225813, 35.774788 ], [ -87.225747, 35.775174 ], [ -87.225744, 35.775193 ], [ -87.225699, 35.775455 ], [ -87.225419, 35.776847 ], [ -87.224347, 35.785952 ], [ -87.224317, 35.78616 ], [ -87.223595, 35.79103 ], [ -87.223493, 35.791714 ], [ -87.22335, 35.792679 ], [ -87.222909, 35.795675 ], [ -87.222472, 35.798655 ], [ -87.221988, 35.801942 ], [ -87.221976, 35.801956 ], [ -87.221454, 35.805574 ], [ -87.221364, 35.806222 ], [ -87.221353, 35.806298 ], [ -87.22132, 35.80653 ], [ -87.22131, 35.806607 ], [ -87.219451, 35.818905 ], [ -87.219369, 35.819561 ], [ -87.219266, 35.820385 ], [ -87.218787, 35.824198 ], [ -87.218483, 35.826638 ], [ -87.218106, 35.829676 ], [ -87.217713, 35.832266 ], [ -87.21703, 35.83679 ], [ -87.216434, 35.840742 ], [ -87.216422, 35.840822 ], [ -87.216411, 35.840908 ], [ -87.21611, 35.843215 ], [ -87.216086, 35.843393 ], [ -87.216016, 35.843931 ], [ -87.215993, 35.84411 ], [ -87.215813, 35.845418 ], [ -87.215277, 35.849342 ], [ -87.215099, 35.850651 ], [ -87.214849, 35.850572 ], [ -87.214099, 35.850337 ], [ -87.213851, 35.850261 ], [ -87.211843, 35.849635 ], [ -87.205828, 35.847766 ], [ -87.203826, 35.847146 ], [ -87.203255, 35.846967 ], [ -87.201546, 35.846436 ], [ -87.200978, 35.846259 ], [ -87.199098, 35.845664 ], [ -87.195258, 35.844452 ], [ -87.193462, 35.843885 ], [ -87.191585, 35.843294 ], [ -87.191498, 35.843265 ], [ -87.191243, 35.843184 ], [ -87.191159, 35.843158 ], [ -87.190011, 35.842796 ], [ -87.18657, 35.84171 ], [ -87.185423, 35.841348 ], [ -87.184701, 35.841086 ], [ -87.184335, 35.840954 ], [ -87.182539, 35.840303 ], [ -87.182237, 35.840194 ], [ -87.181812, 35.84006 ], [ -87.181754, 35.84004 ], [ -87.181583, 35.839982 ], [ -87.181528, 35.839965 ], [ -87.181222, 35.839867 ], [ -87.180793, 35.83973 ], [ -87.178591, 35.839032 ], [ -87.17786, 35.838802 ], [ -87.17781, 35.838787 ], [ -87.177671, 35.838749 ], [ -87.177627, 35.838738 ], [ -87.173776, 35.837519 ], [ -87.16411, 35.834464 ], [ -87.162233, 35.833871 ], [ -87.158559, 35.83271 ], [ -87.158396, 35.832631 ], [ -87.158176, 35.83253 ], [ -87.157522, 35.83223 ], [ -87.157351, 35.832152 ], [ -87.157304, 35.832139 ], [ -87.155592, 35.831587 ], [ -87.15046, 35.829939 ], [ -87.149005, 35.829473 ], [ -87.148752, 35.829395 ], [ -87.146038, 35.828544 ], [ -87.137905, 35.825994 ], [ -87.135194, 35.825145 ], [ -87.133737, 35.824681 ], [ -87.131351, 35.823922 ], [ -87.129373, 35.823291 ], [ -87.128147, 35.8229 ], [ -87.127927, 35.822822 ], [ -87.127461, 35.822652 ], [ -87.126087, 35.822154 ], [ -87.125632, 35.82199 ], [ -87.125181, 35.821825 ], [ -87.124998, 35.821759 ], [ -87.123801, 35.821441 ], [ -87.123633, 35.821396 ], [ -87.123345, 35.821308 ], [ -87.122126, 35.820917 ], [ -87.11848, 35.819753 ], [ -87.117268, 35.819367 ], [ -87.115305, 35.818733 ], [ -87.109419, 35.816838 ], [ -87.109102, 35.816736 ], [ -87.107458, 35.816209 ], [ -87.107174, 35.816119 ], [ -87.106324, 35.815849 ], [ -87.106041, 35.815759 ], [ -87.10012, 35.813878 ], [ -87.097536, 35.813057 ], [ -87.096124, 35.812609 ], [ -87.09569, 35.812471 ], [ -87.095571, 35.812433 ], [ -87.084333, 35.808864 ], [ -87.083024, 35.808447 ], [ -87.079103, 35.807201 ], [ -87.077994, 35.80685 ], [ -87.077796, 35.806787 ], [ -87.077311, 35.806634 ], [ -87.075954, 35.806203 ], [ -87.075858, 35.806172 ], [ -87.075374, 35.806018 ], [ -87.07534, 35.806007 ], [ -87.075242, 35.805976 ], [ -87.075209, 35.805966 ], [ -87.073514, 35.805427 ], [ -87.071048, 35.804644 ], [ -87.058565, 35.800679 ], [ -87.057873, 35.80046 ], [ -87.055769, 35.799792 ], [ -87.055448, 35.799711 ], [ -87.054706, 35.799475 ], [ -87.054399, 35.799377 ], [ -87.054072, 35.799275 ], [ -87.045676, 35.796595 ], [ -87.039697, 35.794626 ], [ -87.035681, 35.796213 ], [ -87.035624, 35.796178 ], [ -87.034926, 35.795699 ], [ -87.034465, 35.79529 ], [ -87.034, 35.794124 ], [ -87.033978, 35.793942 ], [ -87.033962, 35.79373 ], [ -87.033862, 35.793588 ], [ -87.03313, 35.79253 ], [ -87.03303, 35.792507 ], [ -87.03276, 35.792423 ], [ -87.03201, 35.792183 ], [ -87.031707, 35.792087 ], [ -87.029768, 35.791473 ], [ -87.029022, 35.791239 ], [ -87.027612, 35.790793 ], [ -87.026594, 35.790471 ], [ -87.023383, 35.789455 ], [ -87.021974, 35.789009 ], [ -87.021956, 35.789003 ], [ -87.021631, 35.7889 ], [ -87.020602, 35.788575 ], [ -87.020259, 35.788467 ], [ -87.018478, 35.787903 ], [ -87.015524, 35.786969 ], [ -87.016679, 35.786817 ], [ -87.016078, 35.785728 ], [ -87.015999, 35.785677 ], [ -87.015091, 35.785089 ], [ -87.014307, 35.785118 ], [ -87.01418, 35.784838 ], [ -87.014133, 35.784266 ], [ -87.013799, 35.784119 ], [ -87.013515, 35.783994 ], [ -87.012623, 35.783392 ], [ -87.011802, 35.782518 ], [ -87.01125, 35.78193 ], [ -87.01137, 35.78122 ], [ -87.006084, 35.780866 ], [ -87.003816, 35.780715 ], [ -87.00378, 35.780714 ], [ -87.003691, 35.780704 ], [ -87.003662, 35.780706 ], [ -87.003661, 35.780695 ], [ -87.003668, 35.78066 ], [ -87.003725, 35.780332 ], [ -87.0039, 35.779354 ], [ -87.003959, 35.779028 ], [ -87.003692, 35.779001 ], [ -87.002896, 35.778921 ], [ -87.002631, 35.778896 ], [ -87.00219, 35.778851 ], [ -87.000867, 35.778722 ], [ -87.000427, 35.778679 ], [ -87.000002, 35.778581 ], [ -86.99901, 35.77856 ], [ -86.997457, 35.778528 ], [ -86.996868, 35.780472 ], [ -86.996213, 35.78024 ], [ -86.994869, 35.779766 ], [ -86.994637, 35.779682 ], [ -86.993676, 35.779371 ], [ -86.990091, 35.778213 ], [ -86.988898, 35.777828 ], [ -86.988622, 35.777738 ], [ -86.987642, 35.777427 ], [ -86.983877, 35.776232 ], [ -86.982622, 35.775835 ], [ -86.982042, 35.775662 ], [ -86.980307, 35.775148 ], [ -86.97973, 35.774977 ], [ -86.979625, 35.774947 ], [ -86.978488, 35.774579 ], [ -86.974768, 35.773374 ], [ -86.973814, 35.773066 ], [ -86.97353, 35.772976 ], [ -86.973253, 35.772887 ], [ -86.972426, 35.772622 ], [ -86.97215, 35.772534 ], [ -86.971521, 35.772325 ], [ -86.96951, 35.771676 ], [ -86.969043, 35.771693 ], [ -86.964824, 35.771854 ], [ -86.964036, 35.772633 ], [ -86.965999, 35.775729 ], [ -86.965271, 35.775652 ], [ -86.962047, 35.775312 ], [ -86.961975, 35.775312 ], [ -86.961762, 35.775314 ], [ -86.961692, 35.775315 ], [ -86.961546, 35.775315 ], [ -86.961111, 35.775319 ], [ -86.960967, 35.77532 ], [ -86.960568, 35.775317 ], [ -86.960616, 35.775348 ], [ -86.961771, 35.776086 ], [ -86.962156, 35.776332 ], [ -86.962304, 35.779426 ], [ -86.962471, 35.782883 ], [ -86.956825, 35.782259 ], [ -86.956672, 35.782242 ], [ -86.953593, 35.781904 ], [ -86.953484, 35.78189 ], [ -86.952822, 35.78183 ], [ -86.950733, 35.781642 ], [ -86.950773, 35.781421 ], [ -86.950915, 35.78066 ], [ -86.95113, 35.779496 ], [ -86.951777, 35.776005 ], [ -86.951993, 35.774842 ], [ -86.952013, 35.774731 ], [ -86.952075, 35.774398 ], [ -86.952096, 35.774288 ], [ -86.952242, 35.773499 ], [ -86.951914, 35.773463 ], [ -86.94854, 35.773102 ], [ -86.947416, 35.772982 ], [ -86.947258, 35.772964 ], [ -86.946862, 35.772921 ], [ -86.945206, 35.772744 ], [ -86.944657, 35.772688 ], [ -86.94451, 35.772672 ], [ -86.944302, 35.77265 ], [ -86.943783, 35.773294 ], [ -86.942293, 35.775152 ], [ -86.942142, 35.776312 ], [ -86.941991, 35.777486 ], [ -86.941811, 35.778868 ], [ -86.941723, 35.779551 ], [ -86.938243, 35.779212 ], [ -86.936856, 35.779078 ], [ -86.93679, 35.779037 ], [ -86.936716, 35.779013 ], [ -86.93663, 35.779001 ], [ -86.936586, 35.778997 ], [ -86.936515, 35.778992 ], [ -86.935854, 35.778926 ], [ -86.935808, 35.77892 ], [ -86.934792, 35.778796 ], [ -86.933697, 35.778648 ], [ -86.932994, 35.778553 ], [ -86.932754, 35.778521 ], [ -86.932468, 35.778493 ], [ -86.930892, 35.778341 ], [ -86.930367, 35.778291 ], [ -86.930209, 35.778273 ], [ -86.930143, 35.778266 ], [ -86.929735, 35.778221 ], [ -86.929579, 35.778204 ], [ -86.929518, 35.778195 ], [ -86.929338, 35.778171 ], [ -86.929278, 35.778163 ], [ -86.929251, 35.77816 ], [ -86.929227, 35.778157 ], [ -86.929077, 35.778136 ], [ -86.929027, 35.778129 ], [ -86.928977, 35.778122 ], [ -86.928828, 35.778101 ], [ -86.928779, 35.778095 ], [ -86.928698, 35.778087 ], [ -86.928459, 35.778064 ], [ -86.92838, 35.778058 ], [ -86.92836, 35.778057 ], [ -86.928918, 35.777644 ], [ -86.928935, 35.777589 ], [ -86.929166, 35.776899 ], [ -86.929779, 35.776302 ], [ -86.930035, 35.775685 ], [ -86.930326, 35.774993 ], [ -86.930515, 35.77454 ], [ -86.930867, 35.773345 ], [ -86.931156, 35.77237 ], [ -86.932333, 35.768726 ], [ -86.932512, 35.768411 ], [ -86.933336, 35.76697 ], [ -86.933361, 35.766898 ], [ -86.933424, 35.76671 ], [ -86.933615, 35.766148 ], [ -86.933679, 35.765961 ], [ -86.933907, 35.765859 ], [ -86.934158, 35.765749 ], [ -86.934492, 35.76541 ], [ -86.934668, 35.765233 ], [ -86.934897, 35.765001 ], [ -86.935586, 35.764308 ], [ -86.935816, 35.764077 ], [ -86.936308, 35.763655 ], [ -86.937785, 35.762393 ], [ -86.938278, 35.761972 ], [ -86.935719, 35.760659 ], [ -86.935144, 35.760364 ], [ -86.934871, 35.760223 ], [ -86.92911, 35.757261 ], [ -86.928979, 35.757196 ], [ -86.927966, 35.756922 ], [ -86.925189, 35.756173 ], [ -86.925275, 35.756091 ], [ -86.925296, 35.756071 ], [ -86.925519, 35.755845 ], [ -86.925601, 35.755764 ], [ -86.925695, 35.755669 ], [ -86.925781, 35.755584 ], [ -86.925977, 35.755388 ], [ -86.926072, 35.755295 ], [ -86.92634, 35.755028 ], [ -86.926358, 35.755011 ], [ -86.927144, 35.75423 ], [ -86.927412, 35.753964 ], [ -86.927657, 35.753718 ], [ -86.928392, 35.752984 ], [ -86.928638, 35.75274 ], [ -86.928664, 35.752715 ], [ -86.928688, 35.752691 ], [ -86.92884, 35.752544 ], [ -86.928891, 35.752496 ], [ -86.92942, 35.751945 ], [ -86.930263, 35.751024 ], [ -86.93026, 35.751007 ], [ -86.93032, 35.750965 ], [ -86.931591, 35.749731 ], [ -86.931819, 35.749511 ], [ -86.931901, 35.74943 ], [ -86.932038, 35.749298 ], [ -86.932147, 35.749189 ], [ -86.932229, 35.749108 ], [ -86.932239, 35.749098 ], [ -86.932265, 35.749073 ], [ -86.932379, 35.748963 ], [ -86.932469, 35.748879 ], [ -86.932846, 35.748546 ], [ -86.933003, 35.748409 ], [ -86.933192, 35.748255 ], [ -86.933216, 35.748236 ], [ -86.933471, 35.748037 ], [ -86.93388, 35.747748 ], [ -86.934105, 35.747591 ], [ -86.934187, 35.747534 ], [ -86.934433, 35.747365 ], [ -86.93449, 35.747327 ], [ -86.934516, 35.747309 ], [ -86.934597, 35.747251 ], [ -86.934818, 35.747098 ], [ -86.934841, 35.747077 ], [ -86.934917, 35.747012 ], [ -86.935601, 35.746526 ], [ -86.935727, 35.746438 ], [ -86.935921, 35.746302 ], [ -86.937542, 35.74516 ], [ -86.93766, 35.745076 ], [ -86.938346, 35.744592 ], [ -86.938452, 35.744522 ], [ -86.938591, 35.744484 ], [ -86.939491, 35.743865 ], [ -86.939916, 35.743572 ], [ -86.94049, 35.743175 ], [ -86.941474, 35.742486 ], [ -86.943349, 35.74117 ], [ -86.943933, 35.74076 ], [ -86.944613, 35.740281 ], [ -86.945914, 35.73936 ], [ -86.946705, 35.738797 ], [ -86.946771, 35.738993 ], [ -86.946863, 35.738928 ], [ -86.947011, 35.738823 ], [ -86.947709, 35.73833 ], [ -86.950675, 35.736234 ], [ -86.950799, 35.736145 ], [ -86.950882, 35.736085 ], [ -86.951001, 35.735999 ], [ -86.951086, 35.73594 ], [ -86.951207, 35.735852 ], [ -86.951292, 35.735794 ], [ -86.951367, 35.735738 ], [ -86.951207, 35.73563 ], [ -86.951435, 35.735467 ], [ -86.952122, 35.734981 ], [ -86.952351, 35.73482 ], [ -86.95276, 35.734562 ], [ -86.953987, 35.733792 ], [ -86.954397, 35.733535 ], [ -86.954449, 35.733493 ], [ -86.955108, 35.732946 ], [ -86.955505, 35.732615 ], [ -86.955903, 35.732285 ], [ -86.956612, 35.731697 ], [ -86.96002, 35.728104 ], [ -86.961368, 35.726684 ], [ -86.96173, 35.726427 ], [ -86.96182, 35.726339 ], [ -86.96218, 35.725983 ], [ -86.964479, 35.723718 ], [ -86.965203, 35.723006 ], [ -86.965246, 35.722964 ], [ -86.965735, 35.722454 ], [ -86.967202, 35.720926 ], [ -86.967412, 35.720708 ], [ -86.967657, 35.720387 ], [ -86.967698, 35.720359 ], [ -86.967824, 35.720277 ], [ -86.967867, 35.72025 ], [ -86.968278, 35.719892 ], [ -86.969048, 35.719224 ], [ -86.969151, 35.719134 ], [ -86.969174, 35.719121 ], [ -86.969245, 35.719086 ], [ -86.969251, 35.719071 ], [ -86.969262, 35.719046 ], [ -86.969419, 35.718914 ], [ -86.969526, 35.718824 ], [ -86.969941, 35.718483 ], [ -86.969824, 35.71845 ], [ -86.969553, 35.718374 ], [ -86.969679, 35.718247 ], [ -86.96977, 35.718155 ], [ -86.969963, 35.717962 ], [ -86.970149, 35.717746 ], [ -86.970162, 35.717733 ], [ -86.970196, 35.717698 ], [ -86.970213, 35.71768 ], [ -86.970403, 35.717484 ], [ -86.97055, 35.717307 ], [ -86.970655, 35.717181 ], [ -86.970845, 35.716954 ], [ -86.971461, 35.716167 ], [ -86.971493, 35.716126 ], [ -86.971611, 35.715975 ], [ -86.971949, 35.715443 ], [ -86.972179, 35.715056 ], [ -86.972474, 35.714534 ], [ -86.972833, 35.713807 ], [ -86.973402, 35.712575 ], [ -86.973669, 35.711982 ], [ -86.973695, 35.711925 ], [ -86.973887, 35.711503 ], [ -86.974098, 35.711046 ], [ -86.974108, 35.711023 ], [ -86.974599, 35.709947 ], [ -86.974965, 35.709196 ], [ -86.975486, 35.708209 ], [ -86.975808, 35.707657 ], [ -86.976147, 35.70709 ], [ -86.976763, 35.706143 ], [ -86.977296, 35.705387 ], [ -86.977426, 35.705213 ], [ -86.977674, 35.704883 ], [ -86.977993, 35.70447 ], [ -86.978383, 35.703989 ], [ -86.978784, 35.703509 ], [ -86.979011, 35.703252 ], [ -86.979462, 35.702747 ], [ -86.97996, 35.702212 ], [ -86.980124, 35.702048 ], [ -86.980149, 35.702024 ], [ -86.980287, 35.701884 ], [ -86.980626, 35.701548 ], [ -86.980995, 35.701197 ], [ -86.981447, 35.700768 ], [ -86.981866, 35.700384 ], [ -86.982007, 35.700252 ], [ -86.983222, 35.699132 ], [ -86.983244, 35.699112 ], [ -86.984565, 35.697885 ], [ -86.985087, 35.697407 ], [ -86.985943, 35.696609 ], [ -86.985961, 35.696592 ], [ -86.986646, 35.695954 ], [ -86.986731, 35.695872 ], [ -86.987461, 35.695155 ], [ -86.987908, 35.694691 ], [ -86.98793, 35.694667 ], [ -86.988594, 35.69394 ], [ -86.988735, 35.693781 ], [ -86.989643, 35.692761 ], [ -86.990861, 35.691394 ], [ -86.992261, 35.689818 ], [ -86.992333, 35.689737 ], [ -86.99236, 35.689706 ], [ -86.994081, 35.68777 ], [ -86.995913, 35.685706 ], [ -86.996363, 35.685147 ], [ -86.996623, 35.684788 ], [ -86.996932, 35.684307 ], [ -86.996959, 35.684259 ], [ -86.997211, 35.683818 ], [ -86.997414, 35.68342 ], [ -86.997677, 35.682799 ], [ -86.997826, 35.682384 ], [ -86.997991, 35.681869 ], [ -86.998269, 35.680966 ], [ -86.998514, 35.680169 ], [ -86.998747, 35.679415 ], [ -86.99957, 35.676758 ], [ -86.999772, 35.676112 ], [ -86.999795, 35.676041 ], [ -86.999878, 35.675822 ], [ -87.000095, 35.675328 ], [ -87.00036, 35.674839 ], [ -87.000698, 35.674318 ], [ -87.001033, 35.673873 ], [ -87.001491, 35.673368 ], [ -87.001714, 35.673148 ], [ -87.003594, 35.671338 ], [ -87.003842, 35.671091 ], [ -87.004052, 35.67086 ], [ -87.004278, 35.670589 ], [ -87.004712, 35.669998 ], [ -87.00475, 35.669938 ], [ -87.004778, 35.669893 ], [ -87.005057, 35.66942 ], [ -87.005163, 35.669216 ], [ -87.005216, 35.669107 ], [ -87.005252, 35.669031 ], [ -87.005286, 35.66895 ], [ -87.005429, 35.668606 ], [ -87.005593, 35.668127 ], [ -87.005604, 35.668096 ], [ -87.005637, 35.667977 ], [ -87.00575, 35.667502 ], [ -87.005828, 35.667026 ], [ -87.005866, 35.666543 ], [ -87.005929, 35.664574 ], [ -87.005942, 35.664415 ], [ -87.005963, 35.664153 ], [ -87.006028, 35.663682 ], [ -87.006168, 35.663018 ], [ -87.006288, 35.662575 ], [ -87.006458, 35.662072 ], [ -87.006648, 35.661606 ], [ -87.006754, 35.661361 ], [ -87.006787, 35.66129 ], [ -87.006802, 35.66126 ], [ -87.006835, 35.661188 ], [ -87.007497, 35.659739 ], [ -87.008258, 35.658048 ], [ -87.008533, 35.657454 ], [ -87.00913, 35.656147 ], [ -87.009895, 35.654468 ], [ -87.00993, 35.65439 ], [ -87.010226, 35.653731 ], [ -87.010395, 35.653343 ], [ -87.010426, 35.65335 ], [ -87.010544, 35.653377 ], [ -87.010972, 35.653432 ], [ -87.011021, 35.653437 ], [ -87.011221, 35.653458 ], [ -87.011375, 35.653476 ], [ -87.011681, 35.653513 ], [ -87.01184, 35.653532 ], [ -87.011995, 35.653551 ], [ -87.012251, 35.653584 ], [ -87.012311, 35.653593 ], [ -87.012451, 35.653615 ], [ -87.013167, 35.653673 ], [ -87.01326, 35.653698 ], [ -87.013373, 35.653729 ], [ -87.013463, 35.653768 ], [ -87.013515, 35.653801 ], [ -87.013549, 35.653826 ], [ -87.013615, 35.653873 ], [ -87.013813, 35.654016 ], [ -87.013879, 35.654064 ], [ -87.014138, 35.654238 ], [ -87.01416, 35.654249 ], [ -87.014206, 35.654272 ], [ -87.014222, 35.654278 ], [ -87.014346, 35.654327 ], [ -87.014355, 35.6543 ], [ -87.014425, 35.654109 ], [ -87.01446, 35.654017 ], [ -87.014668, 35.653453 ], [ -87.014728, 35.653294 ], [ -87.015946, 35.65384 ], [ -87.015857, 35.6541 ], [ -87.021154, 35.654857 ], [ -87.021574, 35.654917 ], [ -87.021844, 35.653192 ], [ -87.021941, 35.652571 ], [ -87.021596, 35.65253 ], [ -87.02165, 35.652076 ], [ -87.021968, 35.652104 ], [ -87.022141, 35.650693 ], [ -87.019732, 35.650469 ], [ -87.020529, 35.648953 ], [ -87.022447, 35.64875 ], [ -87.025734, 35.64969 ], [ -87.025584, 35.649849 ], [ -87.025196, 35.650265 ], [ -87.024953, 35.652069 ], [ -87.026718, 35.652207 ], [ -87.027464, 35.652265 ], [ -87.027858, 35.652297 ], [ -87.02779, 35.65282 ], [ -87.028065, 35.652848 ], [ -87.028601, 35.652904 ], [ -87.028744, 35.652161 ], [ -87.02877, 35.652031 ], [ -87.028813, 35.651798 ], [ -87.028849, 35.651607 ], [ -87.02896, 35.651036 ], [ -87.028969, 35.650992 ], [ -87.028995, 35.650846 ], [ -87.029105, 35.650227 ], [ -87.029157, 35.649939 ], [ -87.029168, 35.649786 ], [ -87.029153, 35.649652 ], [ -87.029146, 35.649615 ], [ -87.029064, 35.649421 ], [ -87.029022, 35.64936 ], [ -87.028556, 35.648779 ], [ -87.028401, 35.648603 ], [ -87.027986, 35.648132 ], [ -87.027845, 35.647976 ], [ -87.027618, 35.647724 ], [ -87.027439, 35.647498 ], [ -87.027309, 35.647334 ], [ -87.026995, 35.64693 ], [ -87.0266, 35.646422 ], [ -87.026467, 35.646208 ], [ -87.026425, 35.646136 ], [ -87.026338, 35.64594 ], [ -87.026278, 35.645656 ], [ -87.026273, 35.645605 ], [ -87.026244, 35.6453 ], [ -87.026227, 35.645096 ], [ -87.026216, 35.644973 ], [ -87.026186, 35.644607 ], [ -87.026176, 35.644485 ], [ -87.026167, 35.644409 ], [ -87.026141, 35.644184 ], [ -87.026133, 35.644109 ], [ -87.026111, 35.643913 ], [ -87.02608, 35.643642 ], [ -87.027126, 35.643691 ], [ -87.027091, 35.64363 ], [ -87.027043, 35.643538 ], [ -87.026951, 35.64336 ], [ -87.026869, 35.643199 ], [ -87.02683, 35.643127 ], [ -87.028359, 35.643274 ], [ -87.029642, 35.643398 ], [ -87.032459, 35.64358 ], [ -87.033247, 35.64258 ], [ -87.034007, 35.642356 ], [ -87.034264, 35.642278 ], [ -87.034281, 35.642349 ], [ -87.034333, 35.642523 ], [ -87.034464, 35.642753 ], [ -87.034551, 35.642877 ], [ -87.034625, 35.642966 ], [ -87.034758, 35.643109 ], [ -87.035075, 35.643408 ], [ -87.035269, 35.643555 ], [ -87.035818, 35.643908 ], [ -87.035893, 35.643957 ], [ -87.036187, 35.644119 ], [ -87.036376, 35.644212 ], [ -87.036562, 35.644311 ], [ -87.036676, 35.644366 ], [ -87.036913, 35.644465 ], [ -87.037195, 35.644594 ], [ -87.037378, 35.644677 ], [ -87.037799, 35.644876 ], [ -87.037996, 35.644959 ], [ -87.038554, 35.645181 ], [ -87.039, 35.645343 ], [ -87.039498, 35.645497 ], [ -87.039787, 35.645592 ], [ -87.039871, 35.645615 ], [ -87.040084, 35.645665 ], [ -87.040302, 35.645701 ], [ -87.040556, 35.645766 ], [ -87.040771, 35.645808 ], [ -87.041067, 35.645887 ], [ -87.041539, 35.64599 ], [ -87.041598, 35.646001 ], [ -87.041755, 35.646032 ], [ -87.041843, 35.646044 ], [ -87.04193, 35.646058 ], [ -87.042196, 35.646076 ], [ -87.042462, 35.646101 ], [ -87.04264, 35.646105 ], [ -87.042944, 35.646159 ], [ -87.043341, 35.646206 ], [ -87.043427, 35.646225 ], [ -87.043549, 35.646267 ], [ -87.043626, 35.646305 ], [ -87.044072, 35.646305 ], [ -87.044561, 35.646306 ], [ -87.044872, 35.646311 ], [ -87.04541, 35.646261 ], [ -87.045757, 35.64623 ], [ -87.045854, 35.646213 ], [ -87.046038, 35.646186 ], [ -87.045971, 35.646089 ], [ -87.045606, 35.645621 ], [ -87.045036, 35.644875 ], [ -87.044336, 35.6439 ], [ -87.043997, 35.643456 ], [ -87.04386, 35.64325 ], [ -87.043747, 35.643018 ], [ -87.043661, 35.64279 ], [ -87.043588, 35.642511 ], [ -87.043572, 35.642374 ], [ -87.043526, 35.64216 ], [ -87.043514, 35.641974 ], [ -87.043511, 35.641703 ], [ -87.043522, 35.641587 ], [ -87.043607, 35.64093 ], [ -87.043652, 35.640519 ], [ -87.04372, 35.640243 ], [ -87.043734, 35.640202 ], [ -87.043793, 35.640204 ], [ -87.046903, 35.640297 ], [ -87.046976, 35.637771 ], [ -87.047009, 35.637741 ], [ -87.047151, 35.637607 ], [ -87.047256, 35.637511 ], [ -87.047425, 35.637357 ], [ -87.047498, 35.637403 ], [ -87.047585, 35.637452 ], [ -87.0477, 35.637491 ], [ -87.047888, 35.637535 ], [ -87.048211, 35.637579 ], [ -87.048407, 35.637612 ], [ -87.048521, 35.637645 ], [ -87.048649, 35.637705 ], [ -87.048695, 35.637743 ], [ -87.048785, 35.637816 ], [ -87.048824, 35.637848 ], [ -87.048874, 35.637894 ], [ -87.048945, 35.637958 ], [ -87.049058, 35.638048 ], [ -87.049122, 35.638065 ], [ -87.049258, 35.6381 ], [ -87.049841, 35.638251 ], [ -87.050225, 35.636459 ], [ -87.050583, 35.635223 ], [ -87.050653, 35.635231 ], [ -87.051347, 35.635314 ], [ -87.053327, 35.635537 ], [ -87.057015, 35.635956 ], [ -87.057045, 35.635671 ], [ -87.057083, 35.635194 ], [ -87.057104, 35.634831 ], [ -87.05719, 35.634368 ], [ -87.057193, 35.634352 ], [ -87.057195, 35.63432 ], [ -87.057219, 35.634004 ], [ -87.057248, 35.633918 ], [ -87.058034, 35.632597 ], [ -87.059207, 35.631204 ], [ -87.060132, 35.630256 ], [ -87.060362, 35.630074 ], [ -87.060758, 35.630029 ], [ -87.060337, 35.630465 ], [ -87.060065, 35.630737 ], [ -87.059709, 35.631093 ], [ -87.05921, 35.631566 ], [ -87.058375, 35.632408 ], [ -87.057926, 35.633051 ], [ -87.057656, 35.63359 ], [ -87.057376, 35.634243 ], [ -87.057319, 35.634846 ], [ -87.057392, 35.634527 ], [ -87.05744, 35.634419 ], [ -87.057579, 35.634108 ], [ -87.05773, 35.633772 ], [ -87.058156, 35.633213 ], [ -87.05902, 35.632078 ], [ -87.060098, 35.630956 ], [ -87.06052, 35.630519 ], [ -87.060997, 35.630022 ], [ -87.061116, 35.630012 ], [ -87.061551, 35.630035 ], [ -87.061946, 35.63009 ], [ -87.062597, 35.630217 ], [ -87.062482, 35.63133 ], [ -87.062417, 35.631962 ], [ -87.062399, 35.632054 ], [ -87.06236, 35.632415 ], [ -87.062354, 35.63247 ], [ -87.062341, 35.632605 ], [ -87.062302, 35.632997 ], [ -87.062295, 35.633071 ], [ -87.062237, 35.633085 ], [ -87.062071, 35.633137 ], [ -87.061991, 35.633167 ], [ -87.061689, 35.633319 ], [ -87.061616, 35.63336 ], [ -87.061477, 35.633448 ], [ -87.061398, 35.63351 ], [ -87.061286, 35.633598 ], [ -87.061169, 35.633705 ], [ -87.06095, 35.633883 ], [ -87.060815, 35.633976 ], [ -87.060685, 35.634073 ], [ -87.060561, 35.634176 ], [ -87.060503, 35.63423 ], [ -87.060137, 35.634542 ], [ -87.059843, 35.634809 ], [ -87.05972, 35.634958 ], [ -87.059677, 35.63502 ], [ -87.059597, 35.635187 ], [ -87.059573, 35.635292 ], [ -87.059548, 35.635469 ], [ -87.059519, 35.635754 ], [ -87.059467, 35.636144 ], [ -87.05942, 35.636391 ], [ -87.05935, 35.636597 ], [ -87.059286, 35.636805 ], [ -87.059249, 35.636945 ], [ -87.059227, 35.637087 ], [ -87.059215, 35.637265 ], [ -87.059206, 35.637336 ], [ -87.059172, 35.637512 ], [ -87.059098, 35.637755 ], [ -87.058952, 35.63835 ], [ -87.058889, 35.638558 ], [ -87.058838, 35.638695 ], [ -87.058768, 35.638938 ], [ -87.058707, 35.639183 ], [ -87.058638, 35.639427 ], [ -87.058504, 35.639951 ], [ -87.058413, 35.640409 ], [ -87.058379, 35.640693 ], [ -87.058341, 35.640941 ], [ -87.05834, 35.641139 ], [ -87.058393, 35.641457 ], [ -87.058395, 35.641577 ], [ -87.058397, 35.641635 ], [ -87.058386, 35.64185 ], [ -87.058305, 35.642309 ], [ -87.058231, 35.642805 ], [ -87.058158, 35.643193 ], [ -87.058102, 35.643583 ], [ -87.058095, 35.643761 ], [ -87.058066, 35.64401 ], [ -87.058056, 35.644152 ], [ -87.058053, 35.644176 ], [ -87.058146, 35.644201 ], [ -87.05824, 35.644226 ], [ -87.058304, 35.644243 ], [ -87.058296, 35.644381 ], [ -87.059625, 35.644678 ], [ -87.058974, 35.645543 ], [ -87.058952, 35.646767 ], [ -87.059677, 35.647518 ], [ -87.06332, 35.647504 ], [ -87.063377, 35.648124 ], [ -87.065083, 35.648028 ], [ -87.065173, 35.648159 ], [ -87.064837, 35.650058 ], [ -87.064642, 35.651145 ], [ -87.06434, 35.652832 ], [ -87.06427, 35.653233 ], [ -87.064183, 35.653732 ], [ -87.064269, 35.653759 ], [ -87.064299, 35.653768 ], [ -87.064647, 35.653879 ], [ -87.064763, 35.653916 ], [ -87.06488, 35.653723 ], [ -87.064977, 35.65312 ], [ -87.065289, 35.651582 ], [ -87.065376, 35.650888 ], [ -87.065386, 35.650828 ], [ -87.065412, 35.650684 ], [ -87.065419, 35.65065 ], [ -87.065432, 35.650591 ], [ -87.065522, 35.650614 ], [ -87.065795, 35.650686 ], [ -87.065886, 35.65071 ], [ -87.068578, 35.651475 ], [ -87.06889, 35.651564 ], [ -87.069015, 35.650867 ], [ -87.06922, 35.649685 ], [ -87.069229, 35.649635 ], [ -87.069326, 35.648993 ], [ -87.069347, 35.648824 ], [ -87.069361, 35.648781 ], [ -87.069417, 35.648619 ], [ -87.069465, 35.648546 ], [ -87.069501, 35.648515 ], [ -87.069581, 35.648481 ], [ -87.069653, 35.648463 ], [ -87.069699, 35.648451 ], [ -87.069787, 35.648022 ], [ -87.070192, 35.647986 ], [ -87.070548, 35.647968 ], [ -87.070628, 35.647964 ], [ -87.071153, 35.647963 ], [ -87.071625, 35.647985 ], [ -87.072454, 35.648042 ], [ -87.072527, 35.648048 ], [ -87.073435, 35.648125 ], [ -87.073575, 35.648268 ], [ -87.074016, 35.648693 ], [ -87.076489, 35.648939 ], [ -87.077909, 35.649083 ], [ -87.078061, 35.648228 ], [ -87.078288, 35.646936 ], [ -87.0786, 35.645137 ], [ -87.07944, 35.6404 ], [ -87.079798, 35.638383 ], [ -87.079984, 35.638427 ], [ -87.080423, 35.638533 ], [ -87.080803, 35.638636 ], [ -87.081206, 35.638736 ], [ -87.081228, 35.638742 ], [ -87.081362, 35.638781 ], [ -87.081479, 35.638815 ], [ -87.08185, 35.638934 ], [ -87.082232, 35.639031 ], [ -87.082616, 35.639123 ], [ -87.082866, 35.639198 ], [ -87.083183, 35.639328 ], [ -87.083463, 35.639438 ], [ -87.083991, 35.639629 ], [ -87.084177, 35.639692 ], [ -87.084288, 35.639737 ], [ -87.084494, 35.639822 ], [ -87.084856, 35.639959 ], [ -87.085129, 35.64008 ], [ -87.085288, 35.640144 ], [ -87.085714, 35.640338 ], [ -87.085956, 35.640427 ], [ -87.086165, 35.64049 ], [ -87.086602, 35.640646 ], [ -87.086612, 35.64065 ], [ -87.086732, 35.640697 ], [ -87.086888, 35.640765 ], [ -87.087008, 35.640812 ], [ -87.087162, 35.640884 ], [ -87.087481, 35.641011 ], [ -87.087634, 35.641059 ], [ -87.087707, 35.641099 ], [ -87.088055, 35.64126 ], [ -87.088168, 35.641316 ], [ -87.088478, 35.641457 ], [ -87.08859, 35.641515 ], [ -87.088718, 35.641596 ], [ -87.088789, 35.641639 ], [ -87.088902, 35.641696 ], [ -87.089374, 35.641897 ], [ -87.089821, 35.642057 ], [ -87.089859, 35.642076 ], [ -87.089965, 35.642141 ], [ -87.09015, 35.64224 ], [ -87.090347, 35.642324 ], [ -87.090535, 35.642419 ], [ -87.090893, 35.642563 ], [ -87.09093, 35.642584 ], [ -87.091018, 35.642649 ], [ -87.091049, 35.642674 ], [ -87.091359, 35.642878 ], [ -87.091452, 35.642955 ], [ -87.091592, 35.643094 ], [ -87.091811, 35.643272 ], [ -87.092076, 35.643463 ], [ -87.092171, 35.643538 ], [ -87.092319, 35.643671 ], [ -87.092493, 35.643841 ], [ -87.092743, 35.644085 ], [ -87.093148, 35.644416 ], [ -87.093381, 35.644632 ], [ -87.093728, 35.644909 ], [ -87.094488, 35.645459 ], [ -87.094581, 35.645536 ], [ -87.094716, 35.645628 ], [ -87.094804, 35.645701 ], [ -87.094891, 35.645773 ], [ -87.094975, 35.645647 ], [ -87.095059, 35.645521 ], [ -87.095087, 35.645477 ], [ -87.095402, 35.645786 ], [ -87.095745, 35.645156 ], [ -87.095891, 35.644905 ], [ -87.095956, 35.644804 ], [ -87.095995, 35.644527 ], [ -87.09599, 35.644382 ], [ -87.096018, 35.644207 ], [ -87.096072, 35.643947 ], [ -87.096133, 35.643631 ], [ -87.096182, 35.643429 ], [ -87.096225, 35.643293 ], [ -87.096301, 35.643139 ], [ -87.096415, 35.642928 ], [ -87.096593, 35.642682 ], [ -87.096755, 35.642498 ], [ -87.096939, 35.642296 ], [ -87.09702, 35.642173 ], [ -87.097051, 35.642101 ], [ -87.097124, 35.641934 ], [ -87.095694, 35.641758 ], [ -87.094765, 35.641623 ], [ -87.094149, 35.641538 ], [ -87.09375, 35.641466 ], [ -87.093619, 35.641458 ], [ -87.093358, 35.641493 ], [ -87.09324, 35.641484 ], [ -87.092551, 35.64139 ], [ -87.092367, 35.641312 ], [ -87.092313, 35.64128 ], [ -87.092278, 35.64126 ], [ -87.09183, 35.640927 ], [ -87.091346, 35.640597 ], [ -87.090322, 35.639898 ], [ -87.090014, 35.639659 ], [ -87.08996, 35.639628 ], [ -87.089776, 35.639557 ], [ -87.089593, 35.639492 ], [ -87.089577, 35.639488 ], [ -87.089421, 35.639443 ], [ -87.088586, 35.638655 ], [ -87.088256, 35.638343 ], [ -87.088039, 35.637878 ], [ -87.087163, 35.635995 ], [ -87.086917, 35.635481 ], [ -87.086695, 35.635016 ], [ -87.086486, 35.635026 ], [ -87.085716, 35.635067 ], [ -87.085181, 35.635096 ], [ -87.085161, 35.635538 ], [ -87.085127, 35.636314 ], [ -87.086187, 35.637725 ], [ -87.085952, 35.638051 ], [ -87.084876, 35.638341 ], [ -87.08498, 35.638749 ], [ -87.082201, 35.638054 ], [ -87.077908, 35.636981 ], [ -87.077934, 35.636952 ], [ -87.077958, 35.636847 ], [ -87.077961, 35.636811 ], [ -87.077944, 35.636706 ], [ -87.077925, 35.636665 ], [ -87.077897, 35.636606 ], [ -87.077805, 35.636485 ], [ -87.077768, 35.63646 ], [ -87.077737, 35.636439 ], [ -87.077663, 35.6364 ], [ -87.077291, 35.636284 ], [ -87.07721, 35.636255 ], [ -87.077096, 35.636202 ], [ -87.077045, 35.636171 ], [ -87.077025, 35.636159 ], [ -87.076965, 35.636107 ], [ -87.07694, 35.636078 ], [ -87.076884, 35.635973 ], [ -87.07687, 35.635948 ], [ -87.076831, 35.635846 ], [ -87.076823, 35.635811 ], [ -87.076837, 35.635778 ], [ -87.076885, 35.635718 ], [ -87.076921, 35.635696 ], [ -87.077001, 35.63567 ], [ -87.077128, 35.635648 ], [ -87.077212, 35.635639 ], [ -87.077302, 35.635623 ], [ -87.077337, 35.635618 ], [ -87.077421, 35.635599 ], [ -87.077628, 35.635539 ], [ -87.077741, 35.635488 ], [ -87.077812, 35.635449 ], [ -87.077939, 35.635357 ], [ -87.077994, 35.635304 ], [ -87.07815, 35.635133 ], [ -87.078193, 35.63507 ], [ -87.078239, 35.634972 ], [ -87.07827, 35.63489 ], [ -87.078301, 35.634807 ], [ -87.078346, 35.6346 ], [ -87.078321, 35.634462 ], [ -87.078276, 35.634365 ], [ -87.078252, 35.634335 ], [ -87.078226, 35.634269 ], [ -87.078175, 35.634211 ], [ -87.078135, 35.634148 ], [ -87.078103, 35.634082 ], [ -87.078094, 35.633976 ], [ -87.078094, 35.633729 ], [ -87.07808, 35.633623 ], [ -87.078049, 35.63352 ], [ -87.07801, 35.633456 ], [ -87.077965, 35.633402 ], [ -87.077952, 35.633389 ], [ -87.077931, 35.63337 ], [ -87.077908, 35.633358 ], [ -87.077893, 35.633351 ], [ -87.077834, 35.633364 ], [ -87.077799, 35.633386 ], [ -87.07774, 35.633438 ], [ -87.077687, 35.633501 ], [ -87.077642, 35.633557 ], [ -87.077367, 35.63396 ], [ -87.077242, 35.634107 ], [ -87.077209, 35.634131 ], [ -87.077171, 35.634149 ], [ -87.077127, 35.634155 ], [ -87.077083, 35.634154 ], [ -87.077002, 35.634125 ], [ -87.076972, 35.6341 ], [ -87.076933, 35.633998 ], [ -87.076917, 35.633893 ], [ -87.076906, 35.633859 ], [ -87.076895, 35.63379 ], [ -87.076896, 35.633722 ], [ -87.076885, 35.633584 ], [ -87.076891, 35.633308 ], [ -87.076897, 35.633238 ], [ -87.076891, 35.633134 ], [ -87.07688, 35.633099 ], [ -87.076869, 35.632994 ], [ -87.076865, 35.632905 ], [ -87.076864, 35.632856 ], [ -87.076856, 35.632821 ], [ -87.076851, 35.632716 ], [ -87.076864, 35.632576 ], [ -87.076919, 35.63248 ], [ -87.076947, 35.632453 ], [ -87.077018, 35.632411 ], [ -87.077118, 35.632341 ], [ -87.077146, 35.632313 ], [ -87.077163, 35.63228 ], [ -87.077168, 35.632245 ], [ -87.077164, 35.63221 ], [ -87.07714, 35.632141 ], [ -87.077136, 35.632106 ], [ -87.077099, 35.632044 ], [ -87.077062, 35.631944 ], [ -87.077055, 35.631908 ], [ -87.077041, 35.631877 ], [ -87.077009, 35.63185 ], [ -87.077025, 35.631816 ], [ -87.077015, 35.631746 ], [ -87.07702, 35.631644 ], [ -87.077032, 35.631611 ], [ -87.077045, 35.631506 ], [ -87.077028, 35.631328 ], [ -87.077006, 35.631262 ], [ -87.076971, 35.631126 ], [ -87.076956, 35.631094 ], [ -87.076932, 35.630993 ], [ -87.076915, 35.630889 ], [ -87.0769, 35.630749 ], [ -87.076875, 35.630575 ], [ -87.076861, 35.630507 ], [ -87.07686, 35.630471 ], [ -87.07684, 35.630404 ], [ -87.076792, 35.630162 ], [ -87.076779, 35.63013 ], [ -87.076766, 35.63006 ], [ -87.076741, 35.629994 ], [ -87.076648, 35.629691 ], [ -87.07662, 35.629625 ], [ -87.076592, 35.629521 ], [ -87.07657, 35.629459 ], [ -87.076552, 35.629391 ], [ -87.076527, 35.629325 ], [ -87.076478, 35.629228 ], [ -87.076406, 35.6291 ], [ -87.076294, 35.628948 ], [ -87.076119, 35.628743 ], [ -87.076031, 35.628664 ], [ -87.075962, 35.628619 ], [ -87.075883, 35.628581 ], [ -87.075734, 35.628511 ], [ -87.075698, 35.628496 ], [ -87.075617, 35.628464 ], [ -87.07545, 35.628418 ], [ -87.075277, 35.628388 ], [ -87.075235, 35.628385 ], [ -87.075106, 35.628365 ], [ -87.075066, 35.628359 ], [ -87.07498, 35.628352 ], [ -87.074904, 35.628352 ], [ -87.074807, 35.628352 ], [ -87.074681, 35.628382 ], [ -87.074648, 35.628405 ], [ -87.074594, 35.628462 ], [ -87.074521, 35.628666 ], [ -87.074519, 35.628701 ], [ -87.074495, 35.628769 ], [ -87.074478, 35.628801 ], [ -87.074454, 35.628831 ], [ -87.074382, 35.628871 ], [ -87.074344, 35.628888 ], [ -87.074263, 35.628914 ], [ -87.074225, 35.628931 ], [ -87.074138, 35.628945 ], [ -87.074095, 35.628945 ], [ -87.074053, 35.628956 ], [ -87.073968, 35.628958 ], [ -87.073883, 35.628971 ], [ -87.073834, 35.628974 ], [ -87.073758, 35.62898 ], [ -87.073716, 35.628992 ], [ -87.073633, 35.628992 ], [ -87.073591, 35.629005 ], [ -87.073465, 35.62902 ], [ -87.073253, 35.629056 ], [ -87.073124, 35.629071 ], [ -87.073081, 35.629071 ], [ -87.072732, 35.629097 ], [ -87.072384, 35.629112 ], [ -87.072341, 35.629118 ], [ -87.072255, 35.629115 ], [ -87.072212, 35.629117 ], [ -87.072081, 35.629114 ], [ -87.071821, 35.6291 ], [ -87.071735, 35.629103 ], [ -87.071604, 35.629097 ], [ -87.07156, 35.629091 ], [ -87.071473, 35.62909 ], [ -87.07143, 35.629084 ], [ -87.071299, 35.629087 ], [ -87.071257, 35.629096 ], [ -87.07117, 35.6291 ], [ -87.071084, 35.629112 ], [ -87.070743, 35.629191 ], [ -87.070364, 35.62929 ], [ -87.070239, 35.629327 ], [ -87.069997, 35.629414 ], [ -87.069918, 35.629446 ], [ -87.069796, 35.629488 ], [ -87.069739, 35.629504 ], [ -87.069588, 35.629548 ], [ -87.069415, 35.629581 ], [ -87.069372, 35.629585 ], [ -87.069283, 35.62958 ], [ -87.069196, 35.629566 ], [ -87.069152, 35.629563 ], [ -87.069111, 35.629549 ], [ -87.069073, 35.629531 ], [ -87.068931, 35.62945 ], [ -87.06871, 35.6293 ], [ -87.068632, 35.629247 ], [ -87.068504, 35.629151 ], [ -87.068491, 35.629135 ], [ -87.068457, 35.629095 ], [ -87.068406, 35.629033 ], [ -87.068355, 35.628977 ], [ -87.068334, 35.628947 ], [ -87.068321, 35.628939 ], [ -87.068318, 35.628862 ], [ -87.068314, 35.628784 ], [ -87.068306, 35.628594 ], [ -87.068284, 35.628113 ], [ -87.068268, 35.627725 ], [ -87.068742, 35.6263 ], [ -87.068961, 35.625823 ], [ -87.069008, 35.625781 ], [ -87.069635, 35.625243 ], [ -87.070258, 35.625423 ], [ -87.070367, 35.62545 ], [ -87.072058, 35.625867 ], [ -87.072583, 35.626003 ], [ -87.072794, 35.626058 ], [ -87.073119, 35.626166 ], [ -87.073221, 35.626223 ], [ -87.073284, 35.626279 ], [ -87.073362, 35.625702 ], [ -87.073596, 35.623974 ], [ -87.073675, 35.623398 ], [ -87.075925, 35.623669 ], [ -87.076369, 35.623743 ], [ -87.075346, 35.625202 ], [ -87.075941, 35.625508 ], [ -87.077053, 35.623899 ], [ -87.078243, 35.624046 ], [ -87.078274, 35.623951 ], [ -87.079356, 35.620659 ], [ -87.07992, 35.620752 ], [ -87.080469, 35.620836 ], [ -87.080659, 35.620868 ], [ -87.079325, 35.623614 ], [ -87.078149, 35.626423 ], [ -87.078125, 35.626479 ], [ -87.078233, 35.626481 ], [ -87.07838, 35.626483 ], [ -87.078886, 35.626505 ], [ -87.07894, 35.62651 ], [ -87.079327, 35.62655 ], [ -87.079863, 35.626627 ], [ -87.080247, 35.626682 ], [ -87.080985, 35.626813 ], [ -87.081041, 35.626823 ], [ -87.081082, 35.626831 ], [ -87.081456, 35.626902 ], [ -87.083327, 35.626752 ], [ -87.086073, 35.626536 ], [ -87.086235, 35.62778 ], [ -87.086473, 35.627823 ], [ -87.086748, 35.627874 ], [ -87.087392, 35.627993 ], [ -87.087576, 35.628026 ], [ -87.087852, 35.628077 ], [ -87.087955, 35.628095 ], [ -87.088089, 35.62812 ], [ -87.08823, 35.628146 ], [ -87.088197, 35.628336 ], [ -87.088338, 35.628362 ], [ -87.088781, 35.628442 ], [ -87.090617, 35.628772 ], [ -87.091432, 35.628927 ], [ -87.092612, 35.629131 ], [ -87.092712, 35.629146 ], [ -87.093271, 35.629229 ], [ -87.095698, 35.629693 ], [ -87.095994, 35.629746 ], [ -87.096922, 35.629915 ], [ -87.097193, 35.629966 ], [ -87.097938, 35.630108 ], [ -87.098833, 35.630266 ], [ -87.099334, 35.63033 ], [ -87.099771, 35.630352 ], [ -87.100095, 35.630363 ], [ -87.100165, 35.630366 ], [ -87.100551, 35.630337 ], [ -87.100945, 35.63028 ], [ -87.101353, 35.630209 ], [ -87.101725, 35.630108 ], [ -87.102126, 35.629972 ], [ -87.102495, 35.629809 ], [ -87.103056, 35.629555 ], [ -87.10313, 35.629515 ], [ -87.103262, 35.629444 ], [ -87.103425, 35.629358 ], [ -87.103877, 35.629118 ], [ -87.104085, 35.62901 ], [ -87.104022, 35.628961 ], [ -87.103905, 35.628871 ], [ -87.104866, 35.628369 ], [ -87.104894, 35.628357 ], [ -87.104929, 35.628338 ], [ -87.104908, 35.628321 ], [ -87.103953, 35.627534 ], [ -87.1036, 35.627229 ], [ -87.103515, 35.627154 ], [ -87.10246, 35.626225 ], [ -87.10221, 35.626004 ], [ -87.103773, 35.625941 ], [ -87.10411, 35.625928 ], [ -87.104426, 35.623713 ], [ -87.104637, 35.622238 ], [ -87.104672, 35.622024 ], [ -87.104781, 35.621385 ], [ -87.104818, 35.621172 ], [ -87.10492, 35.620512 ], [ -87.104956, 35.62028 ], [ -87.104985, 35.620156 ], [ -87.106623, 35.620073 ], [ -87.10729, 35.62004 ], [ -87.107812, 35.620084 ], [ -87.108049, 35.620105 ], [ -87.108229, 35.618782 ], [ -87.108301, 35.618263 ], [ -87.108351, 35.61826 ], [ -87.108469, 35.618254 ], [ -87.108504, 35.618251 ], [ -87.108555, 35.618249 ], [ -87.108614, 35.618246 ], [ -87.108663, 35.618243 ], [ -87.109016, 35.618223 ], [ -87.109132, 35.618217 ], [ -87.109523, 35.618183 ], [ -87.109969, 35.618145 ], [ -87.110725, 35.61812 ], [ -87.111131, 35.618106 ], [ -87.111567, 35.618086 ], [ -87.111778, 35.618077 ], [ -87.112058, 35.61806 ], [ -87.113077, 35.618002 ], [ -87.113472, 35.617981 ], [ -87.113949, 35.617956 ], [ -87.114098, 35.617947 ], [ -87.115262, 35.61788 ], [ -87.115558, 35.617857 ], [ -87.115746, 35.617842 ], [ -87.115814, 35.617837 ], [ -87.116313, 35.617798 ], [ -87.116379, 35.617794 ], [ -87.116502, 35.617777 ], [ -87.116993, 35.61821 ], [ -87.117305, 35.618484 ], [ -87.118825, 35.618175 ], [ -87.119468, 35.618045 ], [ -87.11954, 35.617599 ], [ -87.119567, 35.617347 ], [ -87.119615, 35.617132 ], [ -87.119665, 35.616788 ], [ -87.119708, 35.616769 ], [ -87.119969, 35.616651 ], [ -87.120972, 35.6162 ], [ -87.121225, 35.616077 ], [ -87.12146, 35.615965 ], [ -87.121987, 35.615712 ], [ -87.122241, 35.615591 ], [ -87.12248, 35.615476 ], [ -87.122693, 35.615375 ], [ -87.123205, 35.615142 ], [ -87.123377, 35.615065 ], [ -87.123449, 35.615036 ], [ -87.123547, 35.614995 ], [ -87.123845, 35.614875 ], [ -87.123944, 35.614836 ], [ -87.124293, 35.614697 ], [ -87.124735, 35.614518 ], [ -87.125297, 35.614292 ], [ -87.125454, 35.614231 ], [ -87.12595, 35.614034 ], [ -87.125981, 35.612631 ], [ -87.125938, 35.612548 ], [ -87.125937, 35.612526 ], [ -87.126008, 35.61076 ], [ -87.128089, 35.610892 ], [ -87.128679, 35.609917 ], [ -87.128557, 35.609784 ], [ -87.128594, 35.609658 ], [ -87.128735, 35.609559 ], [ -87.128899, 35.609553 ], [ -87.128764, 35.609539 ], [ -87.126955, 35.60935 ], [ -87.127233, 35.607475 ], [ -87.127746, 35.603154 ], [ -87.127845, 35.60233 ], [ -87.128165, 35.602352 ], [ -87.128251, 35.601766 ], [ -87.128497, 35.600118 ], [ -87.12852, 35.599963 ], [ -87.128184, 35.599917 ], [ -87.127863, 35.599874 ], [ -87.12772, 35.599189 ], [ -87.122667, 35.598699 ], [ -87.122436, 35.598677 ], [ -87.122502, 35.598127 ], [ -87.122542, 35.597797 ], [ -87.122558, 35.597662 ], [ -87.122742, 35.596129 ], [ -87.122973, 35.594203 ], [ -87.123023, 35.593781 ], [ -87.123095, 35.593353 ], [ -87.123173, 35.593036 ], [ -87.123287, 35.592694 ], [ -87.123353, 35.592527 ], [ -87.12323, 35.592518 ], [ -87.121251, 35.592322 ], [ -87.121347, 35.591461 ], [ -87.121742, 35.587762 ], [ -87.120231, 35.587661 ], [ -87.116317, 35.5874 ], [ -87.116057, 35.58738 ], [ -87.112729, 35.587132 ], [ -87.112621, 35.587035 ], [ -87.112472, 35.586901 ], [ -87.112477, 35.586764 ], [ -87.11247, 35.58667 ], [ -87.112459, 35.586524 ], [ -87.112442, 35.586414 ], [ -87.111978, 35.585439 ], [ -87.111626, 35.584697 ], [ -87.111067, 35.583439 ], [ -87.111028, 35.583349 ], [ -87.114491, 35.582399 ], [ -87.114595, 35.582211 ], [ -87.114625, 35.582148 ], [ -87.114684, 35.58202 ], [ -87.114746, 35.581888 ], [ -87.114758, 35.581853 ], [ -87.114809, 35.581791 ], [ -87.114867, 35.581702 ], [ -87.114876, 35.58165 ], [ -87.114884, 35.581605 ], [ -87.114885, 35.581544 ], [ -87.114877, 35.581511 ], [ -87.114871, 35.581486 ], [ -87.11485, 35.581392 ], [ -87.11485, 35.581365 ], [ -87.114855, 35.581355 ], [ -87.114868, 35.58133 ], [ -87.114952, 35.581235 ], [ -87.115156, 35.580982 ], [ -87.115186, 35.580946 ], [ -87.11526, 35.58086 ], [ -87.115312, 35.580801 ], [ -87.115446, 35.580661 ], [ -87.115457, 35.580647 ], [ -87.115483, 35.580616 ], [ -87.115503, 35.580591 ], [ -87.115539, 35.58056 ], [ -87.115608, 35.580487 ], [ -87.115782, 35.580299 ], [ -87.115401, 35.580403 ], [ -87.113937, 35.580809 ], [ -87.112522, 35.581204 ], [ -87.110167, 35.581846 ], [ -87.109054, 35.58215 ], [ -87.107671, 35.582517 ], [ -87.106642, 35.582796 ], [ -87.106631, 35.582801 ], [ -87.106241, 35.582951 ], [ -87.106138, 35.582825 ], [ -87.104908, 35.583424 ], [ -87.102524, 35.584642 ], [ -87.101951, 35.584937 ], [ -87.101167, 35.585338 ], [ -87.100129, 35.585218 ], [ -87.099162, 35.585108 ], [ -87.099435, 35.583257 ], [ -87.099877, 35.580282 ], [ -87.101041, 35.580412 ], [ -87.101607, 35.580475 ], [ -87.102072, 35.580527 ], [ -87.103305, 35.580665 ], [ -87.103872, 35.580729 ], [ -87.103958, 35.580303 ], [ -87.103964, 35.580278 ], [ -87.10415, 35.579295 ], [ -87.104177, 35.579103 ], [ -87.104188, 35.57902 ], [ -87.10422, 35.578801 ], [ -87.104252, 35.578591 ], [ -87.10426, 35.578538 ], [ -87.104265, 35.578509 ], [ -87.103893, 35.578472 ], [ -87.101976, 35.57828 ], [ -87.100974, 35.578179 ], [ -87.098844, 35.577965 ], [ -87.095527, 35.577578 ], [ -87.095381, 35.577561 ], [ -87.095285, 35.577564 ], [ -87.095491, 35.576995 ], [ -87.094574, 35.576888 ], [ -87.093656, 35.57679 ], [ -87.093331, 35.57678 ], [ -87.08959, 35.576672 ], [ -87.089151, 35.57666 ], [ -87.088344, 35.576706 ], [ -87.088308, 35.576703 ], [ -87.088284, 35.576701 ], [ -87.0882, 35.576694 ], [ -87.088165, 35.576692 ], [ -87.087825, 35.576665 ], [ -87.086806, 35.576584 ], [ -87.086467, 35.576557 ], [ -87.08637, 35.576549 ], [ -87.086079, 35.576526 ], [ -87.085983, 35.576519 ], [ -87.085833, 35.576507 ], [ -87.085384, 35.576471 ], [ -87.085235, 35.57646 ], [ -87.085073, 35.576447 ], [ -87.084647, 35.576415 ], [ -87.08459, 35.57641 ], [ -87.08443, 35.576398 ], [ -87.083646, 35.576338 ], [ -87.082625, 35.576263 ], [ -87.082468, 35.576252 ], [ -87.081572, 35.576189 ], [ -87.081056, 35.57614 ], [ -87.078972, 35.575996 ], [ -87.078603, 35.57597 ], [ -87.077334, 35.575881 ], [ -87.077213, 35.575871 ], [ -87.07541, 35.575728 ], [ -87.075057, 35.575701 ], [ -87.074148, 35.575632 ], [ -87.073995, 35.5756 ], [ -87.073834, 35.575537 ], [ -87.073691, 35.575442 ], [ -87.073279, 35.575106 ], [ -87.073117, 35.574974 ], [ -87.072548, 35.574523 ], [ -87.072045, 35.574103 ], [ -87.071639, 35.573763 ], [ -87.071895, 35.573533 ], [ -87.072135, 35.573255 ], [ -87.072281, 35.573056 ], [ -87.072509, 35.572751 ], [ -87.072795, 35.572462 ], [ -87.073383, 35.571996 ], [ -87.073675, 35.571766 ], [ -87.073896, 35.571603 ], [ -87.074185, 35.571424 ], [ -87.07424, 35.571401 ], [ -87.074516, 35.57131 ], [ -87.074586, 35.571288 ], [ -87.075456, 35.571126 ], [ -87.076019, 35.571032 ], [ -87.076109, 35.571017 ], [ -87.076222, 35.570998 ], [ -87.078063, 35.570664 ], [ -87.078689, 35.570551 ], [ -87.078716, 35.570545 ], [ -87.078822, 35.570525 ], [ -87.079145, 35.570467 ], [ -87.079253, 35.570448 ], [ -87.079359, 35.570425 ], [ -87.079621, 35.57034 ], [ -87.079727, 35.570285 ], [ -87.079883, 35.570176 ], [ -87.080011, 35.570043 ], [ -87.080062, 35.569991 ], [ -87.080155, 35.569846 ], [ -87.080255, 35.569596 ], [ -87.080279, 35.569522 ], [ -87.080746, 35.568097 ], [ -87.08093, 35.567592 ], [ -87.081038, 35.5674 ], [ -87.081165, 35.567232 ], [ -87.081356, 35.567066 ], [ -87.081529, 35.566951 ], [ -87.081667, 35.566881 ], [ -87.08188, 35.566798 ], [ -87.082514, 35.566637 ], [ -87.08283, 35.566541 ], [ -87.082933, 35.566494 ], [ -87.083013, 35.56646 ], [ -87.083193, 35.566354 ], [ -87.083389, 35.566203 ], [ -87.083542, 35.566056 ], [ -87.08368, 35.565871 ], [ -87.08388, 35.565517 ], [ -87.083916, 35.565449 ], [ -87.084021, 35.56526 ], [ -87.084102, 35.565095 ], [ -87.084288, 35.564716 ], [ -87.084376, 35.564493 ], [ -87.084441, 35.564243 ], [ -87.084486, 35.563967 ], [ -87.084538, 35.56366 ], [ -87.084552, 35.563573 ], [ -87.084583, 35.563359 ], [ -87.0846, 35.563249 ], [ -87.084663, 35.562758 ], [ -87.084666, 35.562715 ], [ -87.084685, 35.5625 ], [ -87.084688, 35.562465 ], [ -87.084734, 35.561967 ], [ -87.084765, 35.561573 ], [ -87.084767, 35.561529 ], [ -87.084815, 35.560831 ], [ -87.084883, 35.559615 ], [ -87.084936, 35.558625 ], [ -87.084936, 35.558612 ], [ -87.084983, 35.55764 ], [ -87.084984, 35.557613 ], [ -87.085657, 35.55769 ], [ -87.086286, 35.557774 ], [ -87.086686, 35.557817 ], [ -87.087735, 35.557942 ], [ -87.087908, 35.557964 ], [ -87.088485, 35.558035 ], [ -87.088774, 35.558067 ], [ -87.089574, 35.558162 ], [ -87.089717, 35.55818 ], [ -87.091064, 35.558346 ], [ -87.091533, 35.5584 ], [ -87.092322, 35.558493 ], [ -87.093973, 35.558694 ], [ -87.094616, 35.558777 ], [ -87.095789, 35.558903 ], [ -87.09599, 35.558922 ], [ -87.096231, 35.558944 ], [ -87.096464, 35.558967 ], [ -87.096854, 35.559004 ], [ -87.097721, 35.559105 ], [ -87.098084, 35.559144 ], [ -87.098339, 35.559163 ], [ -87.098749, 35.559164 ], [ -87.098845, 35.559164 ], [ -87.09897, 35.559149 ], [ -87.099632, 35.559076 ], [ -87.099853, 35.559052 ], [ -87.100613, 35.558597 ], [ -87.102893, 35.557235 ], [ -87.103654, 35.556781 ], [ -87.104493, 35.556071 ], [ -87.106988, 35.553962 ], [ -87.107014, 35.553948 ], [ -87.107989, 35.55344 ], [ -87.109048, 35.552638 ], [ -87.111064, 35.551114 ], [ -87.112514, 35.551274 ], [ -87.113835, 35.551421 ], [ -87.113878, 35.551366 ], [ -87.11401, 35.5512 ], [ -87.114054, 35.551146 ], [ -87.115286, 35.548523 ], [ -87.115558, 35.547943 ], [ -87.11618, 35.546622 ], [ -87.116948, 35.544987 ], [ -87.119648, 35.539007 ], [ -87.119972, 35.538288 ], [ -87.121429, 35.535063 ], [ -87.120807, 35.535003 ], [ -87.120407, 35.53495 ], [ -87.11988, 35.534902 ], [ -87.119827, 35.534898 ], [ -87.119569, 35.53489 ], [ -87.119485, 35.534902 ], [ -87.119393, 35.534933 ], [ -87.119052, 35.535103 ], [ -87.118928, 35.535141 ], [ -87.118861, 35.535147 ], [ -87.118636, 35.535133 ], [ -87.11808, 35.535076 ], [ -87.117439, 35.534996 ], [ -87.116795, 35.534937 ], [ -87.115867, 35.534837 ], [ -87.11557, 35.534814 ], [ -87.115278, 35.534799 ], [ -87.114983, 35.534785 ], [ -87.113817, 35.534693 ], [ -87.113725, 35.53469 ], [ -87.113658, 35.534688 ], [ -87.11351, 35.534703 ], [ -87.113376, 35.534754 ], [ -87.113345, 35.534779 ], [ -87.113322, 35.534821 ], [ -87.113304, 35.534857 ], [ -87.113222, 35.535445 ], [ -87.113179, 35.535595 ], [ -87.112918, 35.53608 ], [ -87.112815, 35.536274 ], [ -87.112735, 35.536359 ], [ -87.112637, 35.536409 ], [ -87.112574, 35.536424 ], [ -87.112072, 35.536486 ], [ -87.111674, 35.536576 ], [ -87.111409, 35.536648 ], [ -87.110625, 35.536884 ], [ -87.110557, 35.536917 ], [ -87.1104, 35.537021 ], [ -87.110201, 35.537193 ], [ -87.110083, 35.537279 ], [ -87.109929, 35.537349 ], [ -87.109811, 35.537391 ], [ -87.109495, 35.537484 ], [ -87.109337, 35.537531 ], [ -87.109002, 35.537611 ], [ -87.10894, 35.537647 ], [ -87.108916, 35.537677 ], [ -87.108886, 35.537746 ], [ -87.108836, 35.537971 ], [ -87.108773, 35.538354 ], [ -87.108737, 35.538437 ], [ -87.108631, 35.538556 ], [ -87.108557, 35.53861 ], [ -87.108434, 35.538662 ], [ -87.108325, 35.538671 ], [ -87.10827, 35.538655 ], [ -87.108226, 35.53863 ], [ -87.107941, 35.53836 ], [ -87.107764, 35.538233 ], [ -87.107627, 35.538167 ], [ -87.107404, 35.538087 ], [ -87.107069, 35.537987 ], [ -87.106443, 35.537853 ], [ -87.106204, 35.537847 ], [ -87.105832, 35.537871 ], [ -87.105437, 35.537886 ], [ -87.105158, 35.537868 ], [ -87.104884, 35.537824 ], [ -87.104616, 35.537763 ], [ -87.104384, 35.537698 ], [ -87.103779, 35.537495 ], [ -87.10355, 35.537442 ], [ -87.103234, 35.537406 ], [ -87.102957, 35.537399 ], [ -87.102507, 35.537418 ], [ -87.102258, 35.537408 ], [ -87.101954, 35.537368 ], [ -87.101511, 35.537273 ], [ -87.1009, 35.537122 ], [ -87.1008, 35.537111 ], [ -87.100519, 35.53712 ], [ -87.100427, 35.537131 ], [ -87.100223, 35.537156 ], [ -87.099681, 35.537252 ], [ -87.099474, 35.537302 ], [ -87.099313, 35.537351 ], [ -87.099203, 35.537425 ], [ -87.099138, 35.537506 ], [ -87.099116, 35.537547 ], [ -87.099088, 35.537689 ], [ -87.09911, 35.537972 ], [ -87.099199, 35.5384 ], [ -87.099199, 35.538623 ], [ -87.099171, 35.538753 ], [ -87.09911, 35.538906 ], [ -87.099025, 35.53905 ], [ -87.098929, 35.539212 ], [ -87.098862, 35.539298 ], [ -87.098804, 35.539346 ], [ -87.098784, 35.539355 ], [ -87.098704, 35.539379 ], [ -87.098454, 35.539373 ], [ -87.098112, 35.539337 ], [ -87.097368, 35.53926 ], [ -87.096091, 35.539137 ], [ -87.096056, 35.539133 ], [ -87.095518, 35.539076 ], [ -87.095418, 35.539065 ], [ -87.094385, 35.53895 ], [ -87.094115, 35.538921 ], [ -87.093056, 35.538826 ], [ -87.092949, 35.538818 ], [ -87.09128, 35.538667 ], [ -87.090926, 35.538636 ], [ -87.090465, 35.538604 ], [ -87.090244, 35.538621 ], [ -87.09024, 35.538602 ], [ -87.090219, 35.538508 ], [ -87.090144, 35.538169 ], [ -87.09012, 35.538057 ], [ -87.090088, 35.537895 ], [ -87.090022, 35.537515 ], [ -87.090007, 35.537409 ], [ -87.089986, 35.537247 ], [ -87.089906, 35.536739 ], [ -87.08983, 35.535984 ], [ -87.089825, 35.535777 ], [ -87.089805, 35.535628 ], [ -87.089796, 35.535499 ], [ -87.089777, 35.535229 ], [ -87.089774, 35.535046 ], [ -87.089903, 35.534438 ], [ -87.089925, 35.534236 ], [ -87.089949, 35.533322 ], [ -87.089967, 35.533132 ], [ -87.089999, 35.532952 ], [ -87.090103, 35.53257 ], [ -87.090222, 35.532009 ], [ -87.09027, 35.531786 ], [ -87.090275, 35.531681 ], [ -87.090265, 35.531525 ], [ -87.090219, 35.53125 ], [ -87.090099, 35.530706 ], [ -87.090095, 35.53068 ], [ -87.090089, 35.530648 ], [ -87.090059, 35.530476 ], [ -87.09005, 35.530419 ], [ -87.090034, 35.530325 ], [ -87.090027, 35.530164 ], [ -87.090021, 35.530008 ], [ -87.090034, 35.529395 ], [ -87.09004, 35.529139 ], [ -87.090041, 35.529117 ], [ -87.090054, 35.528796 ], [ -87.09007, 35.527882 ], [ -87.09008, 35.527396 ], [ -87.090086, 35.526851 ], [ -87.090092, 35.526546 ], [ -87.090121, 35.526154 ], [ -87.090152, 35.52603 ], [ -87.090177, 35.52593 ], [ -87.090239, 35.52577 ], [ -87.090243, 35.525759 ], [ -87.090373, 35.525504 ], [ -87.090498, 35.525306 ], [ -87.091099, 35.524377 ], [ -87.091141, 35.524314 ], [ -87.091455, 35.523828 ], [ -87.091783, 35.523323 ], [ -87.091919, 35.523113 ], [ -87.091973, 35.523031 ], [ -87.092065, 35.52287 ], [ -87.092311, 35.522473 ], [ -87.092443, 35.522261 ], [ -87.092507, 35.522157 ], [ -87.0927, 35.521846 ], [ -87.092765, 35.521743 ], [ -87.092933, 35.521463 ], [ -87.093203, 35.521016 ], [ -87.093266, 35.520912 ], [ -87.093444, 35.520628 ], [ -87.093619, 35.520353 ], [ -87.093729, 35.520159 ], [ -87.093821, 35.52 ], [ -87.094077, 35.519589 ], [ -87.094195, 35.5194 ], [ -87.094515, 35.518896 ], [ -87.094613, 35.518775 ], [ -87.094772, 35.518611 ], [ -87.094899, 35.51852 ], [ -87.095186, 35.518356 ], [ -87.096098, 35.517856 ], [ -87.096535, 35.517632 ], [ -87.096548, 35.517624 ], [ -87.096696, 35.517534 ], [ -87.096843, 35.517426 ], [ -87.096922, 35.517355 ], [ -87.097095, 35.517173 ], [ -87.097121, 35.517135 ], [ -87.097151, 35.51709 ], [ -87.097235, 35.516929 ], [ -87.097266, 35.516871 ], [ -87.097322, 35.516657 ], [ -87.097401, 35.516244 ], [ -87.097417, 35.516161 ], [ -87.097442, 35.516012 ], [ -87.097534, 35.515451 ], [ -87.097571, 35.51524 ], [ -87.097985, 35.512929 ], [ -87.09801, 35.512792 ], [ -87.098114, 35.512186 ], [ -87.098119, 35.512158 ], [ -87.09812, 35.512146 ], [ -87.098134, 35.512118 ], [ -87.098128, 35.512102 ], [ -87.098148, 35.511977 ], [ -87.098212, 35.511604 ], [ -87.098233, 35.51148 ], [ -87.098256, 35.511339 ], [ -87.0983, 35.511079 ], [ -87.098325, 35.510919 ], [ -87.098347, 35.510779 ], [ -87.098374, 35.510608 ], [ -87.098506, 35.509808 ], [ -87.098677, 35.508807 ], [ -87.098754, 35.50836 ], [ -87.098955, 35.507047 ], [ -87.099033, 35.506667 ], [ -87.099082, 35.506496 ], [ -87.09918, 35.506276 ], [ -87.099266, 35.506131 ], [ -87.099591, 35.505657 ], [ -87.099667, 35.505504 ], [ -87.099758, 35.505259 ], [ -87.099809, 35.505053 ], [ -87.100005, 35.504047 ], [ -87.100169, 35.503086 ], [ -87.100172, 35.503064 ], [ -87.100238, 35.502682 ], [ -87.100502, 35.501092 ], [ -87.100594, 35.50055 ], [ -87.100818, 35.499247 ], [ -87.100868, 35.498927 ], [ -87.100954, 35.498385 ], [ -87.10096, 35.498234 ], [ -87.100955, 35.498144 ], [ -87.100946, 35.497955 ], [ -87.100894, 35.497716 ], [ -87.100828, 35.497541 ], [ -87.100781, 35.497449 ], [ -87.100711, 35.497309 ], [ -87.100664, 35.49724 ], [ -87.100533, 35.497078 ], [ -87.100146, 35.496689 ], [ -87.09999, 35.496533 ], [ -87.099799, 35.496357 ], [ -87.099197, 35.495774 ], [ -87.098689, 35.495262 ], [ -87.098543, 35.495084 ], [ -87.098489, 35.495019 ], [ -87.098411, 35.494886 ], [ -87.098318, 35.494686 ], [ -87.098227, 35.494404 ], [ -87.09819, 35.49418 ], [ -87.098187, 35.494112 ], [ -87.098162, 35.493429 ], [ -87.098133, 35.493232 ], [ -87.09811, 35.49307 ], [ -87.098084, 35.492942 ], [ -87.098041, 35.492739 ], [ -87.097954, 35.492269 ], [ -87.097943, 35.491696 ], [ -87.097934, 35.491144 ], [ -87.097937, 35.489476 ], [ -87.097951, 35.489082 ], [ -87.097968, 35.487923 ], [ -87.097979, 35.487191 ], [ -87.098023, 35.486667 ], [ -87.098027, 35.486642 ], [ -87.098043, 35.486537 ], [ -87.09811, 35.486304 ], [ -87.098328, 35.485729 ], [ -87.098387, 35.485587 ], [ -87.098534, 35.485241 ], [ -87.09879, 35.484599 ], [ -87.098834, 35.484399 ], [ -87.098852, 35.484189 ], [ -87.098844, 35.483985 ], [ -87.098812, 35.48383 ], [ -87.098732, 35.483639 ], [ -87.098708, 35.483582 ], [ -87.098563, 35.483356 ], [ -87.098186, 35.482869 ], [ -87.098115, 35.482757 ], [ -87.097979, 35.482493 ], [ -87.097969, 35.482473 ], [ -87.097908, 35.482248 ], [ -87.097892, 35.482116 ], [ -87.097873, 35.481363 ], [ -87.097872, 35.481331 ], [ -87.097858, 35.480637 ], [ -87.097829, 35.479165 ], [ -87.097789, 35.478808 ], [ -87.097734, 35.478482 ], [ -87.097732, 35.478467 ], [ -87.097673, 35.478039 ], [ -87.097638, 35.477786 ], [ -87.097633, 35.477749 ], [ -87.097618, 35.477635 ], [ -87.097574, 35.477141 ], [ -87.097587, 35.476983 ], [ -87.097591, 35.47694 ], [ -87.097632, 35.476795 ], [ -87.097769, 35.476493 ], [ -87.098185, 35.475589 ], [ -87.098301, 35.475241 ], [ -87.098603, 35.473924 ], [ -87.09892, 35.472795 ], [ -87.099021, 35.472438 ], [ -87.099192, 35.471771 ], [ -87.09923, 35.471628 ], [ -87.099247, 35.471543 ], [ -87.099265, 35.471407 ], [ -87.099262, 35.471382 ], [ -87.099256, 35.471262 ], [ -87.099249, 35.471188 ], [ -87.099202, 35.470976 ], [ -87.099176, 35.470907 ], [ -87.099118, 35.470757 ], [ -87.098959, 35.470347 ], [ -87.098908, 35.470214 ], [ -87.098871, 35.47012 ], [ -87.098724, 35.469579 ], [ -87.098613, 35.469078 ], [ -87.098519, 35.46865 ], [ -87.098361, 35.467902 ], [ -87.09815, 35.466998 ], [ -87.098139, 35.46695 ], [ -87.098108, 35.466815 ], [ -87.098024, 35.466455 ], [ -87.097963, 35.466258 ], [ -87.097793, 35.465813 ], [ -87.097511, 35.465066 ], [ -87.096962, 35.463574 ], [ -87.096744, 35.463031 ], [ -87.096704, 35.462931 ], [ -87.096626, 35.462732 ], [ -87.096409, 35.462025 ], [ -87.096393, 35.461971 ], [ -87.0963, 35.461732 ], [ -87.095825, 35.460903 ], [ -87.095664, 35.460622 ], [ -87.09559, 35.460493 ], [ -87.095346, 35.460028 ], [ -87.095059, 35.459297 ], [ -87.094987, 35.459036 ], [ -87.09493, 35.458832 ], [ -87.094498, 35.457363 ], [ -87.094264, 35.456548 ], [ -87.094129, 35.456078 ], [ -87.093936, 35.455419 ], [ -87.09366, 35.454482 ], [ -87.093393, 35.453573 ], [ -87.093343, 35.453317 ], [ -87.093336, 35.453104 ], [ -87.093363, 35.452967 ], [ -87.093369, 35.452949 ], [ -87.09338, 35.452903 ], [ -87.093385, 35.452888 ], [ -87.09343, 35.452762 ], [ -87.093455, 35.45271 ], [ -87.093484, 35.452654 ], [ -87.093564, 35.452516 ], [ -87.093652, 35.452298 ], [ -87.093675, 35.452118 ], [ -87.093675, 35.451596 ], [ -87.09367, 35.451487 ], [ -87.093658, 35.451161 ], [ -87.093671, 35.45102 ], [ -87.093794, 35.450644 ], [ -87.09384, 35.45047 ], [ -87.093856, 35.450277 ], [ -87.093821, 35.449954 ], [ -87.093735, 35.449401 ], [ -87.093724, 35.449296 ], [ -87.093696, 35.449012 ], [ -87.093626, 35.448269 ], [ -87.093592, 35.447911 ], [ -87.093581, 35.447794 ], [ -87.093507, 35.447239 ], [ -87.093443, 35.447011 ], [ -87.093364, 35.446824 ], [ -87.093312, 35.446753 ], [ -87.092825, 35.446093 ], [ -87.09272, 35.445885 ], [ -87.092702, 35.445812 ], [ -87.092677, 35.445647 ], [ -87.092686, 35.445466 ], [ -87.092828, 35.444996 ], [ -87.092973, 35.44458 ], [ -87.093034, 35.444356 ], [ -87.093062, 35.443676 ], [ -87.09309, 35.443528 ], [ -87.093213, 35.443229 ], [ -87.093352, 35.442971 ], [ -87.093561, 35.442649 ], [ -87.093576, 35.44263 ], [ -87.093632, 35.442566 ], [ -87.093731, 35.442471 ], [ -87.093928, 35.442313 ], [ -87.094295, 35.442082 ], [ -87.094477, 35.441967 ], [ -87.094486, 35.442087 ], [ -87.094453, 35.442474 ], [ -87.094443, 35.442601 ], [ -87.094531, 35.442869 ], [ -87.094708, 35.442926 ], [ -87.094934, 35.442789 ], [ -87.095396, 35.442598 ], [ -87.095837, 35.442656 ], [ -87.096424, 35.442843 ], [ -87.096579, 35.443263 ], [ -87.096655, 35.443698 ], [ -87.096574, 35.444222 ], [ -87.096897, 35.444513 ], [ -87.097377, 35.444547 ], [ -87.097554, 35.444467 ], [ -87.097957, 35.444331 ], [ -87.098368, 35.444446 ], [ -87.098662, 35.444567 ], [ -87.099327, 35.4449 ], [ -87.099649, 35.445143 ], [ -87.099678, 35.445288 ], [ -87.099815, 35.445353 ], [ -87.100012, 35.445265 ], [ -87.100149, 35.445234 ], [ -87.100483, 35.445202 ], [ -87.100855, 35.44518 ], [ -87.101192, 35.445267 ], [ -87.101355, 35.44531 ], [ -87.101619, 35.44548 ], [ -87.101765, 35.44569 ], [ -87.101764, 35.445997 ], [ -87.10187, 35.446263 ], [ -87.101907, 35.446787 ], [ -87.102052, 35.44715 ], [ -87.102355, 35.447442 ], [ -87.102393, 35.447651 ], [ -87.102274, 35.447868 ], [ -87.102096, 35.448223 ], [ -87.10183, 35.448536 ], [ -87.101563, 35.448857 ], [ -87.101248, 35.449259 ], [ -87.101237, 35.449404 ], [ -87.101246, 35.449614 ], [ -87.101334, 35.449695 ], [ -87.101706, 35.449704 ], [ -87.102147, 35.449835 ], [ -87.102411, 35.449965 ], [ -87.102665, 35.450127 ], [ -87.102871, 35.45024 ], [ -87.103331, 35.450451 ], [ -87.103753, 35.45038 ], [ -87.104089, 35.450011 ], [ -87.104679, 35.449739 ], [ -87.106014, 35.449574 ], [ -87.106257, 35.449905 ], [ -87.106756, 35.450197 ], [ -87.107098, 35.450512 ], [ -87.107393, 35.450183 ], [ -87.108093, 35.44942 ], [ -87.109204, 35.448996 ], [ -87.109701, 35.449659 ], [ -87.11006, 35.450458 ], [ -87.110382, 35.45087 ], [ -87.110577, 35.451024 ], [ -87.111136, 35.451066 ], [ -87.112018, 35.45119 ], [ -87.112624, 35.451611 ], [ -87.112986, 35.451911 ], [ -87.113249, 35.452161 ], [ -87.113641, 35.452356 ], [ -87.113897, 35.452131 ], [ -87.114251, 35.451858 ], [ -87.114703, 35.451731 ], [ -87.115448, 35.451757 ], [ -87.116076, 35.451687 ], [ -87.116264, 35.451446 ], [ -87.116724, 35.451528 ], [ -87.117253, 35.451723 ], [ -87.117791, 35.452055 ], [ -87.118025, 35.452379 ], [ -87.118023, 35.452773 ], [ -87.117981, 35.453447 ], [ -87.11798, 35.453467 ], [ -87.11783, 35.454272 ], [ -87.117809, 35.454554 ], [ -87.117965, 35.454643 ], [ -87.118141, 35.454692 ], [ -87.118652, 35.454525 ], [ -87.119261, 35.454333 ], [ -87.119828, 35.454714 ], [ -87.120307, 35.455167 ], [ -87.120883, 35.45566 ], [ -87.121109, 35.455661 ], [ -87.121629, 35.455663 ], [ -87.121952, 35.455825 ], [ -87.122529, 35.456061 ], [ -87.123199, 35.455474 ], [ -87.123386, 35.455387 ], [ -87.123602, 35.455346 ], [ -87.123819, 35.455318 ], [ -87.124102, 35.455304 ], [ -87.124584, 35.455205 ], [ -87.124634, 35.455194 ], [ -87.125007, 35.45515 ], [ -87.125196, 35.455199 ], [ -87.125411, 35.455256 ], [ -87.125742, 35.455159 ], [ -87.126236, 35.455063 ], [ -87.126525, 35.454932 ], [ -87.12714, 35.454944 ], [ -87.127269, 35.454976 ], [ -87.127671, 35.455046 ], [ -87.128029, 35.455269 ], [ -87.128143, 35.455429 ], [ -87.128239, 35.455593 ], [ -87.128552, 35.456004 ], [ -87.128871, 35.456201 ], [ -87.129112, 35.456019 ], [ -87.129475, 35.455637 ], [ -87.129793, 35.455101 ], [ -87.129847, 35.45453 ], [ -87.130036, 35.454025 ], [ -87.130412, 35.453933 ], [ -87.131014, 35.453853 ], [ -87.132289, 35.45363 ], [ -87.133875, 35.453161 ], [ -87.135141, 35.452502 ], [ -87.135824, 35.451899 ], [ -87.13621, 35.451405 ], [ -87.136728, 35.450751 ], [ -87.136971, 35.450053 ], [ -87.137161, 35.44954 ], [ -87.137183, 35.449041 ], [ -87.137289, 35.448729 ], [ -87.13759, 35.448491 ], [ -87.137888, 35.448358 ], [ -87.13834, 35.448365 ], [ -87.139608, 35.448834 ], [ -87.139896, 35.449129 ], [ -87.140336, 35.449264 ], [ -87.140858, 35.449231 ], [ -87.141251, 35.448858 ], [ -87.14142, 35.448433 ], [ -87.141652, 35.448411 ], [ -87.141921, 35.44838 ], [ -87.142261, 35.448144 ], [ -87.142762, 35.44778 ], [ -87.143202, 35.447433 ], [ -87.143655, 35.44747 ], [ -87.143909, 35.447521 ], [ -87.144495, 35.447723 ], [ -87.144831, 35.447631 ], [ -87.145276, 35.447618 ], [ -87.145382, 35.447615 ], [ -87.146316, 35.447651 ], [ -87.146867, 35.447635 ], [ -87.147401, 35.447102 ], [ -87.147844, 35.447099 ], [ -87.148384, 35.447139 ], [ -87.149162, 35.447078 ], [ -87.149904, 35.446918 ], [ -87.15006, 35.446581 ], [ -87.150267, 35.445738 ], [ -87.150426, 35.44566 ], [ -87.150824, 35.445875 ], [ -87.151324, 35.445906 ], [ -87.151884, 35.445608 ], [ -87.15242, 35.444986 ], [ -87.152422, 35.44447 ], [ -87.152338, 35.443857 ], [ -87.152277, 35.443518 ], [ -87.152488, 35.443335 ], [ -87.152913, 35.443243 ], [ -87.153822, 35.443112 ], [ -87.15398, 35.443024 ], [ -87.154349, 35.442821 ], [ -87.154952, 35.442289 ], [ -87.155068, 35.441566 ], [ -87.154919, 35.440757 ], [ -87.155149, 35.440212 ], [ -87.155641, 35.439826 ], [ -87.155812, 35.439676 ], [ -87.157077, 35.439514 ], [ -87.157089, 35.439509 ], [ -87.157516, 35.439312 ], [ -87.157422, 35.438787 ], [ -87.15723, 35.438396 ], [ -87.15718, 35.438299 ], [ -87.157145, 35.438145 ], [ -87.157304, 35.438051 ], [ -87.157577, 35.437976 ], [ -87.157918, 35.437881 ], [ -87.158241, 35.437491 ], [ -87.158646, 35.437029 ], [ -87.159161, 35.436495 ], [ -87.159245, 35.436364 ], [ -87.159784, 35.435536 ], [ -87.160192, 35.435377 ], [ -87.160263, 35.435371 ], [ -87.160281, 35.435369 ], [ -87.163684, 35.435055 ], [ -87.163902, 35.435252 ], [ -87.165744, 35.436923 ], [ -87.170608, 35.435884 ], [ -87.174202, 35.435115 ], [ -87.177622, 35.434385 ], [ -87.177833, 35.434341 ], [ -87.178811, 35.434131 ], [ -87.181748, 35.433505 ], [ -87.181912, 35.433471 ], [ -87.182529, 35.43333 ], [ -87.182725, 35.433285 ], [ -87.183611, 35.433083 ], [ -87.185328, 35.432694 ], [ -87.186272, 35.432479 ], [ -87.187022, 35.43231 ], [ -87.18716, 35.432279 ], [ -87.187208, 35.432267 ], [ -87.187356, 35.432234 ], [ -87.187405, 35.432223 ], [ -87.188805, 35.431904 ], [ -87.193008, 35.430951 ], [ -87.193227, 35.430902 ], [ -87.194419, 35.431124 ], [ -87.194468, 35.431134 ], [ -87.194673, 35.431168 ], [ -87.195437, 35.431299 ], [ -87.195692, 35.431343 ], [ -87.195888, 35.431376 ], [ -87.196476, 35.431477 ], [ -87.196673, 35.431511 ], [ -87.197134, 35.43159 ], [ -87.19852, 35.431827 ], [ -87.198982, 35.431907 ], [ -87.199236, 35.431951 ], [ -87.199514, 35.431998 ], [ -87.201112, 35.432271 ], [ -87.201645, 35.432363 ], [ -87.202125, 35.432445 ], [ -87.203567, 35.432691 ], [ -87.204048, 35.432774 ], [ -87.204553, 35.43286 ], [ -87.205763, 35.433068 ], [ -87.206071, 35.43312 ], [ -87.206578, 35.433207 ], [ -87.206597, 35.43321 ], [ -87.206654, 35.43322 ], [ -87.206673, 35.433224 ], [ -87.206912, 35.43334 ], [ -87.207629, 35.433688 ], [ -87.207868, 35.433805 ], [ -87.208989, 35.434349 ], [ -87.212352, 35.435984 ], [ -87.213474, 35.436529 ], [ -87.217328, 35.438403 ], [ -87.218921, 35.438777 ], [ -87.22329, 35.439801 ], [ -87.226002, 35.440436 ], [ -87.226311, 35.440509 ], [ -87.226272, 35.440408 ], [ -87.225723, 35.4337 ], [ -87.225814, 35.433504 ], [ -87.22633, 35.432378 ], [ -87.226618, 35.431767 ], [ -87.226855, 35.431262 ], [ -87.227422, 35.430058 ], [ -87.227579, 35.429755 ], [ -87.227658, 35.429604 ], [ -87.227848, 35.429404 ], [ -87.227932, 35.429332 ], [ -87.228059, 35.429223 ], [ -87.228283, 35.429126 ], [ -87.228777, 35.428933 ], [ -87.228873, 35.428897 ], [ -87.229427, 35.428696 ], [ -87.230137, 35.42842 ], [ -87.230861, 35.428119 ], [ -87.231629, 35.427758 ], [ -87.231758, 35.427681 ], [ -87.232188, 35.427428 ], [ -87.232595, 35.427065 ], [ -87.233034, 35.426533 ], [ -87.233253, 35.426196 ], [ -87.233391, 35.425914 ], [ -87.233447, 35.425784 ], [ -87.233476, 35.425638 ], [ -87.233486, 35.425319 ], [ -87.233495, 35.42517 ], [ -87.233515, 35.424887 ], [ -87.233563, 35.42455 ], [ -87.23365, 35.424149 ], [ -87.233786, 35.423789 ], [ -87.233875, 35.423631 ], [ -87.233912, 35.423566 ], [ -87.234263, 35.423097 ], [ -87.234448, 35.422938 ], [ -87.235459, 35.422142 ], [ -87.236175, 35.42161 ], [ -87.236508, 35.421357 ], [ -87.237116, 35.420762 ], [ -87.237343, 35.420519 ], [ -87.237493, 35.420379 ], [ -87.237763, 35.420129 ], [ -87.237855, 35.420019 ], [ -87.237933, 35.419954 ], [ -87.237996, 35.419883 ], [ -87.238497, 35.419378 ], [ -87.238534, 35.419327 ], [ -87.238933, 35.418775 ], [ -87.239927, 35.418937 ], [ -87.240675, 35.419055 ], [ -87.241308, 35.419137 ], [ -87.242033, 35.419142 ], [ -87.242933, 35.41906 ], [ -87.243066, 35.419049 ], [ -87.243936, 35.418958 ], [ -87.243955, 35.418956 ], [ -87.244133, 35.418935 ], [ -87.244717, 35.41887 ], [ -87.24492, 35.418827 ], [ -87.245148, 35.418779 ], [ -87.245401, 35.418738 ], [ -87.245665, 35.418743 ], [ -87.245747, 35.418738 ], [ -87.245995, 35.418723 ], [ -87.246711, 35.418597 ], [ -87.247166, 35.418522 ], [ -87.247283, 35.418504 ], [ -87.247671, 35.418431 ], [ -87.248126, 35.418366 ], [ -87.249105, 35.418199 ], [ -87.24936, 35.418173 ], [ -87.249583, 35.418161 ], [ -87.249717, 35.418166 ], [ -87.249822, 35.418205 ], [ -87.249923, 35.418309 ], [ -87.249959, 35.418389 ], [ -87.249979, 35.418476 ], [ -87.24992, 35.418857 ], [ -87.249811, 35.419439 ], [ -87.249721, 35.419815 ], [ -87.24966, 35.420122 ], [ -87.249623, 35.420417 ], [ -87.249624, 35.420535 ], [ -87.249634, 35.42061 ], [ -87.249658, 35.42066 ], [ -87.249735, 35.420725 ], [ -87.249826, 35.420773 ], [ -87.249905, 35.420809 ], [ -87.250027, 35.420839 ], [ -87.250196, 35.420869 ], [ -87.250403, 35.420894 ], [ -87.250992, 35.420933 ], [ -87.251186, 35.420947 ], [ -87.251794, 35.420991 ], [ -87.252781, 35.421053 ], [ -87.25298, 35.421057 ], [ -87.253312, 35.421048 ], [ -87.253455, 35.421038 ], [ -87.253509, 35.421034 ], [ -87.253698, 35.421005 ], [ -87.253868, 35.420972 ], [ -87.254137, 35.420912 ], [ -87.254403, 35.420843 ], [ -87.255175, 35.420625 ], [ -87.25564, 35.420495 ], [ -87.25647, 35.420251 ], [ -87.256684, 35.420194 ], [ -87.256862, 35.420151 ], [ -87.257027, 35.42012 ], [ -87.257264, 35.420087 ], [ -87.257537, 35.420058 ], [ -87.258182, 35.420019 ], [ -87.258465, 35.420009 ], [ -87.259943, 35.420009 ], [ -87.260415, 35.419972 ], [ -87.260572, 35.419961 ], [ -87.260964, 35.41993 ], [ -87.261187, 35.419923 ], [ -87.261507, 35.419923 ], [ -87.2617, 35.41993 ], [ -87.261908, 35.419951 ], [ -87.262184, 35.419968 ], [ -87.262503, 35.419995 ], [ -87.262698, 35.420017 ], [ -87.263625, 35.420113 ], [ -87.263784, 35.42013 ], [ -87.263969, 35.420124 ], [ -87.264075, 35.420111 ], [ -87.26429, 35.420067 ], [ -87.264721, 35.419956 ], [ -87.265013, 35.419893 ], [ -87.26519, 35.419862 ], [ -87.26532, 35.419851 ], [ -87.265892, 35.419826 ], [ -87.266143, 35.419821 ], [ -87.266325, 35.419827 ], [ -87.266618, 35.419859 ], [ -87.266899, 35.4199 ], [ -87.267407, 35.42002 ], [ -87.267609, 35.420082 ], [ -87.267856, 35.420167 ], [ -87.267894, 35.420182 ], [ -87.26868, 35.420497 ], [ -87.26924, 35.420719 ], [ -87.269331, 35.420754 ], [ -87.26998, 35.421106 ], [ -87.27047, 35.421351 ], [ -87.271042, 35.421532 ], [ -87.271357, 35.421596 ], [ -87.271575, 35.421641 ], [ -87.271907, 35.421673 ], [ -87.27237, 35.421638 ], [ -87.273045, 35.421549 ], [ -87.273821, 35.42147 ], [ -87.274314, 35.421467 ], [ -87.274864, 35.421559 ], [ -87.275943, 35.421755 ], [ -87.276717, 35.421871 ], [ -87.277186, 35.421952 ], [ -87.277595, 35.421986 ], [ -87.278214, 35.422017 ], [ -87.278581, 35.422036 ], [ -87.279237, 35.422062 ], [ -87.279956, 35.4221 ], [ -87.280261, 35.422086 ], [ -87.280514, 35.422044 ], [ -87.280482, 35.421971 ], [ -87.280411, 35.42181 ], [ -87.280391, 35.421751 ], [ -87.280367, 35.421676 ], [ -87.281197, 35.421839 ], [ -87.281246, 35.421808 ], [ -87.281259, 35.421751 ], [ -87.281289, 35.421654 ], [ -87.281368, 35.421395 ], [ -87.281426, 35.421237 ], [ -87.281557, 35.421123 ], [ -87.281698, 35.421062 ], [ -87.281886, 35.421009 ], [ -87.282162, 35.420993 ], [ -87.282144, 35.420423 ], [ -87.282135, 35.42024 ], [ -87.282118, 35.419849 ], [ -87.282027, 35.418136 ], [ -87.282018, 35.417985 ], [ -87.281991, 35.417473 ], [ -87.281978, 35.417234 ], [ -87.28197, 35.417084 ], [ -87.281957, 35.416764 ], [ -87.281916, 35.415744 ], [ -87.281892, 35.415356 ], [ -87.281864, 35.414887 ], [ -87.281853, 35.414716 ], [ -87.281839, 35.414476 ], [ -87.281824, 35.414205 ], [ -87.281816, 35.414035 ], [ -87.281798, 35.41369 ], [ -87.281777, 35.413292 ], [ -87.281774, 35.413217 ], [ -87.281767, 35.413048 ], [ -87.281718, 35.411801 ], [ -87.281682, 35.411198 ], [ -87.28167, 35.411063 ], [ -87.281621, 35.41049 ], [ -87.281601, 35.410323 ], [ -87.281782, 35.410305 ], [ -87.281975, 35.410308 ], [ -87.282234, 35.410331 ], [ -87.282292, 35.410338 ], [ -87.282495, 35.410364 ], [ -87.282859, 35.410403 ], [ -87.283045, 35.41039 ], [ -87.283408, 35.410306 ], [ -87.283906, 35.410164 ], [ -87.284322, 35.410032 ], [ -87.284337, 35.410028 ], [ -87.284718, 35.409895 ], [ -87.284966, 35.409776 ], [ -87.285173, 35.409676 ], [ -87.285786, 35.409348 ], [ -87.286102, 35.409152 ], [ -87.286168, 35.409112 ], [ -87.286708, 35.408802 ], [ -87.287041, 35.408636 ], [ -87.287426, 35.408453 ], [ -87.287551, 35.408408 ], [ -87.287713, 35.408349 ], [ -87.288356, 35.408151 ], [ -87.288925, 35.407971 ], [ -87.289711, 35.407736 ], [ -87.289996, 35.407652 ], [ -87.290558, 35.407464 ], [ -87.29094, 35.407321 ], [ -87.29107, 35.407275 ], [ -87.292798, 35.406676 ], [ -87.294084, 35.406626 ], [ -87.295399, 35.406895 ], [ -87.2975, 35.407691 ], [ -87.297808, 35.40801 ], [ -87.297781, 35.408353 ], [ -87.297476, 35.409202 ], [ -87.297451, 35.410163 ], [ -87.298046, 35.412383 ], [ -87.298049, 35.412514 ], [ -87.29806, 35.412526 ], [ -87.29812, 35.412609 ], [ -87.29819, 35.412568 ], [ -87.298219, 35.412547 ], [ -87.298508, 35.412348 ], [ -87.298538, 35.412328 ], [ -87.2986, 35.412275 ], [ -87.298457, 35.411789 ], [ -87.298045, 35.410378 ], [ -87.298051, 35.410331 ], [ -87.298125, 35.409831 ], [ -87.298136, 35.409727 ], [ -87.298373, 35.409281 ], [ -87.298932, 35.408232 ], [ -87.299299, 35.407708 ], [ -87.299649, 35.407209 ], [ -87.299717, 35.407067 ], [ -87.299824, 35.406377 ], [ -87.299519, 35.404707 ], [ -87.29924, 35.404028 ], [ -87.298852, 35.403082 ], [ -87.298771, 35.402711 ], [ -87.298575, 35.401806 ], [ -87.298412, 35.400044 ], [ -87.298446, 35.397259 ], [ -87.298955, 35.395334 ], [ -87.298985, 35.395105 ], [ -87.299041, 35.394685 ], [ -87.299012, 35.394355 ], [ -87.29896, 35.393757 ], [ -87.299132, 35.3916 ], [ -87.299308, 35.391109 ], [ -87.299333, 35.391116 ], [ -87.29959, 35.391057 ], [ -87.299845, 35.391041 ], [ -87.300269, 35.391044 ], [ -87.300563, 35.391024 ], [ -87.300671, 35.391017 ], [ -87.300717, 35.39102 ], [ -87.300814, 35.391016 ], [ -87.300919, 35.391027 ], [ -87.301084, 35.391073 ], [ -87.301254, 35.391137 ], [ -87.301426, 35.391195 ], [ -87.301518, 35.391209 ], [ -87.301757, 35.391213 ], [ -87.302126, 35.391248 ], [ -87.302235, 35.391272 ], [ -87.302336, 35.391302 ], [ -87.30242, 35.391343 ], [ -87.302554, 35.391481 ], [ -87.30263, 35.391543 ], [ -87.302688, 35.391577 ], [ -87.302764, 35.391605 ], [ -87.302823, 35.391619 ], [ -87.30309, 35.391705 ], [ -87.303309, 35.39177 ], [ -87.303525, 35.391845 ], [ -87.303702, 35.391922 ], [ -87.303825, 35.391984 ], [ -87.303896, 35.392038 ], [ -87.304055, 35.392183 ], [ -87.304066, 35.392195 ], [ -87.304181, 35.39232 ], [ -87.304281, 35.392451 ], [ -87.304315, 35.392513 ], [ -87.30434, 35.392533 ], [ -87.304483, 35.392712 ], [ -87.304499, 35.392747 ], [ -87.304525, 35.392767 ], [ -87.304583, 35.392843 ], [ -87.304642, 35.392901 ], [ -87.304743, 35.392988 ], [ -87.304885, 35.393094 ], [ -87.30491, 35.393124 ], [ -87.305095, 35.393255 ], [ -87.305416, 35.393508 ], [ -87.305506, 35.393579 ], [ -87.30564, 35.393661 ], [ -87.30569, 35.393702 ], [ -87.305783, 35.393764 ], [ -87.305925, 35.393867 ], [ -87.306109, 35.393957 ], [ -87.30621, 35.393978 ], [ -87.306273, 35.393995 ], [ -87.306395, 35.394011 ], [ -87.306529, 35.394012 ], [ -87.306755, 35.393984 ], [ -87.306886, 35.393947 ], [ -87.306914, 35.393943 ], [ -87.307141, 35.393812 ], [ -87.307166, 35.393799 ], [ -87.307208, 35.393769 ], [ -87.307334, 35.393641 ], [ -87.307376, 35.39362 ], [ -87.307493, 35.393614 ], [ -87.307535, 35.393621 ], [ -87.307594, 35.393655 ], [ -87.307665, 35.39369 ], [ -87.307686, 35.393699 ], [ -87.307736, 35.393737 ], [ -87.307795, 35.393752 ], [ -87.307871, 35.393779 ], [ -87.307904, 35.393799 ], [ -87.308013, 35.393848 ], [ -87.308047, 35.393855 ], [ -87.308181, 35.393902 ], [ -87.308215, 35.393923 ], [ -87.308562, 35.394102 ], [ -87.308684, 35.394222 ], [ -87.308876, 35.394422 ], [ -87.308981, 35.394521 ], [ -87.309057, 35.394569 ], [ -87.309086, 35.394597 ], [ -87.309119, 35.394659 ], [ -87.309128, 35.394686 ], [ -87.30917, 35.394735 ], [ -87.309208, 35.394744 ], [ -87.309254, 35.394748 ], [ -87.309363, 35.394734 ], [ -87.30995, 35.394556 ], [ -87.310059, 35.394515 ], [ -87.310143, 35.394488 ], [ -87.310202, 35.39446 ], [ -87.310286, 35.394432 ], [ -87.310436, 35.39435 ], [ -87.310478, 35.394336 ], [ -87.310809, 35.394155 ], [ -87.310956, 35.394075 ], [ -87.311041, 35.39402 ], [ -87.311066, 35.394021 ], [ -87.311275, 35.393918 ], [ -87.311309, 35.393897 ], [ -87.311351, 35.393883 ], [ -87.311552, 35.393787 ], [ -87.311586, 35.39378 ], [ -87.311669, 35.393739 ], [ -87.311879, 35.39365 ], [ -87.312097, 35.393564 ], [ -87.312198, 35.393547 ], [ -87.312273, 35.393561 ], [ -87.312437, 35.39365 ], [ -87.3125, 35.393677 ], [ -87.312576, 35.393719 ], [ -87.312625, 35.393733 ], [ -87.312797, 35.39375 ], [ -87.31286, 35.393747 ], [ -87.31297, 35.393719 ], [ -87.313188, 35.393643 ], [ -87.313229, 35.393616 ], [ -87.313271, 35.393602 ], [ -87.313405, 35.393534 ], [ -87.313539, 35.393458 ], [ -87.313607, 35.39341 ], [ -87.313666, 35.393382 ], [ -87.313825, 35.393266 ], [ -87.31385, 35.393204 ], [ -87.3145, 35.393146 ], [ -87.31567, 35.392958 ], [ -87.316072, 35.39293 ], [ -87.316333, 35.39293 ], [ -87.316633, 35.392949 ], [ -87.31671, 35.392965 ], [ -87.316802, 35.392992 ], [ -87.317028, 35.393068 ], [ -87.317196, 35.39313 ], [ -87.317255, 35.393184 ], [ -87.317264, 35.393233 ], [ -87.317246, 35.393308 ], [ -87.317213, 35.39335 ], [ -87.317078, 35.393453 ], [ -87.317058, 35.393511 ], [ -87.317066, 35.393603 ], [ -87.317087, 35.393652 ], [ -87.317204, 35.393775 ], [ -87.317322, 35.393871 ], [ -87.317465, 35.393975 ], [ -87.317565, 35.394037 ], [ -87.317661, 35.394085 ], [ -87.317682, 35.394099 ], [ -87.31789, 35.394152 ], [ -87.317993, 35.394167 ], [ -87.31816, 35.394181 ], [ -87.318211, 35.394181 ], [ -87.318362, 35.394195 ], [ -87.318453, 35.394223 ], [ -87.318495, 35.394243 ], [ -87.318555, 35.394291 ], [ -87.318621, 35.394353 ], [ -87.318655, 35.394415 ], [ -87.318684, 35.394451 ], [ -87.318831, 35.39456 ], [ -87.318976, 35.394639 ], [ -87.319058, 35.394676 ], [ -87.319196, 35.394714 ], [ -87.319355, 35.394728 ], [ -87.319443, 35.394718 ], [ -87.31951, 35.394704 ], [ -87.319619, 35.39467 ], [ -87.319729, 35.394614 ], [ -87.319914, 35.394491 ], [ -87.319988, 35.394449 ], [ -87.320101, 35.3944 ], [ -87.320115, 35.394395 ], [ -87.320152, 35.394385 ], [ -87.320245, 35.394371 ], [ -87.320496, 35.394364 ], [ -87.320618, 35.394381 ], [ -87.320685, 35.394402 ], [ -87.320869, 35.394484 ], [ -87.321037, 35.394587 ], [ -87.321267, 35.39478 ], [ -87.321364, 35.394856 ], [ -87.321406, 35.394876 ], [ -87.321804, 35.394859 ], [ -87.322177, 35.394869 ], [ -87.322269, 35.394883 ], [ -87.322295, 35.394883 ], [ -87.322337, 35.394897 ], [ -87.322362, 35.394897 ], [ -87.322495, 35.394932 ], [ -87.322579, 35.394966 ], [ -87.322688, 35.395027 ], [ -87.322999, 35.395248 ], [ -87.323075, 35.395283 ], [ -87.323108, 35.395289 ], [ -87.323138, 35.3953 ], [ -87.323393, 35.395323 ], [ -87.323444, 35.395344 ], [ -87.323502, 35.395324 ], [ -87.323767, 35.395342 ], [ -87.32388, 35.395351 ], [ -87.324148, 35.395385 ], [ -87.324224, 35.395406 ], [ -87.32429, 35.395454 ], [ -87.324332, 35.395503 ], [ -87.324382, 35.395681 ], [ -87.324538, 35.395789 ], [ -87.3246, 35.39586 ], [ -87.324626, 35.395936 ], [ -87.324647, 35.39598 ], [ -87.324659, 35.396046 ], [ -87.324685, 35.396073 ], [ -87.324678, 35.396084 ], [ -87.324701, 35.396224 ], [ -87.324722, 35.396495 ], [ -87.324727, 35.396643 ], [ -87.324701, 35.396911 ], [ -87.324713, 35.396935 ], [ -87.324718, 35.396959 ], [ -87.324952, 35.397117 ], [ -87.325049, 35.397173 ], [ -87.325162, 35.397255 ], [ -87.325271, 35.397358 ], [ -87.325338, 35.397441 ], [ -87.325371, 35.397502 ], [ -87.325413, 35.39755 ], [ -87.325431, 35.397592 ], [ -87.325464, 35.397639 ], [ -87.325481, 35.397688 ], [ -87.325559, 35.397846 ], [ -87.325602, 35.397952 ], [ -87.325606, 35.39799 ], [ -87.325623, 35.398024 ], [ -87.325664, 35.398175 ], [ -87.325697, 35.398256 ], [ -87.32574, 35.398389 ], [ -87.325766, 35.398444 ], [ -87.325782, 35.398505 ], [ -87.325841, 35.398609 ], [ -87.325924, 35.398705 ], [ -87.326, 35.398767 ], [ -87.326101, 35.398835 ], [ -87.326227, 35.398897 ], [ -87.326399, 35.398949 ], [ -87.326503, 35.398959 ], [ -87.326557, 35.398976 ], [ -87.326763, 35.399015 ], [ -87.327124, 35.399125 ], [ -87.327346, 35.399183 ], [ -87.327375, 35.399186 ], [ -87.327417, 35.399199 ], [ -87.327501, 35.399214 ], [ -87.327728, 35.399234 ], [ -87.327794, 35.399255 ], [ -87.327828, 35.399234 ], [ -87.327853, 35.399241 ], [ -87.327991, 35.399238 ], [ -87.328122, 35.399214 ], [ -87.328298, 35.399166 ], [ -87.328356, 35.399146 ], [ -87.32839, 35.399125 ], [ -87.328432, 35.399111 ], [ -87.328532, 35.399056 ], [ -87.32865, 35.398963 ], [ -87.328787, 35.398786 ], [ -87.328835, 35.398678 ], [ -87.328859, 35.398492 ], [ -87.328847, 35.398427 ], [ -87.328818, 35.398355 ], [ -87.328792, 35.398307 ], [ -87.328785, 35.39828 ], [ -87.328693, 35.398176 ], [ -87.328525, 35.398039 ], [ -87.328499, 35.398005 ], [ -87.328483, 35.397957 ], [ -87.328487, 35.397891 ], [ -87.328516, 35.397819 ], [ -87.328533, 35.397798 ], [ -87.328608, 35.39775 ], [ -87.32868, 35.39774 ], [ -87.328709, 35.39773 ], [ -87.328819, 35.397709 ], [ -87.328927, 35.397654 ], [ -87.329011, 35.397599 ], [ -87.329053, 35.397593 ], [ -87.329082, 35.397596 ], [ -87.329271, 35.397654 ], [ -87.329304, 35.397661 ], [ -87.329599, 35.397785 ], [ -87.329762, 35.39786 ], [ -87.329967, 35.397971 ], [ -87.329996, 35.397991 ], [ -87.330075, 35.398033 ], [ -87.330235, 35.398173 ], [ -87.330302, 35.398259 ], [ -87.330352, 35.398383 ], [ -87.330344, 35.398479 ], [ -87.330344, 35.39863 ], [ -87.330319, 35.398685 ], [ -87.33042, 35.398775 ], [ -87.33047, 35.398812 ], [ -87.330511, 35.398843 ], [ -87.33057, 35.398864 ], [ -87.330604, 35.398884 ], [ -87.33078, 35.398912 ], [ -87.330931, 35.398905 ], [ -87.331015, 35.398885 ], [ -87.331107, 35.398843 ], [ -87.331137, 35.398822 ], [ -87.331199, 35.398789 ], [ -87.331275, 35.398741 ], [ -87.331384, 35.398713 ], [ -87.331526, 35.398727 ], [ -87.331619, 35.398747 ], [ -87.331686, 35.398782 ], [ -87.33178, 35.398839 ], [ -87.33187, 35.398871 ], [ -87.331979, 35.398885 ], [ -87.332105, 35.398885 ], [ -87.332172, 35.398871 ], [ -87.33221, 35.398868 ], [ -87.332265, 35.398857 ], [ -87.332306, 35.398843 ], [ -87.332406, 35.39883 ], [ -87.332448, 35.398816 ], [ -87.332487, 35.398813 ], [ -87.332686, 35.398773 ], [ -87.332863, 35.398751 ], [ -87.333116, 35.398718 ], [ -87.333509, 35.398669 ], [ -87.333615, 35.398644 ], [ -87.333724, 35.398624 ], [ -87.333766, 35.39861 ], [ -87.333795, 35.398607 ], [ -87.333867, 35.398583 ], [ -87.334111, 35.398507 ], [ -87.334133, 35.398247 ], [ -87.334145, 35.398115 ], [ -87.334189, 35.397466 ], [ -87.334208, 35.397206 ], [ -87.33425, 35.396846 ], [ -87.334269, 35.39671 ], [ -87.33436, 35.396084 ], [ -87.334464, 35.395454 ], [ -87.33451, 35.395232 ], [ -87.33454, 35.39509 ], [ -87.334604, 35.394858 ], [ -87.334638, 35.39475 ], [ -87.333498, 35.394457 ], [ -87.333026, 35.394356 ], [ -87.332719, 35.3943 ], [ -87.33207, 35.394195 ], [ -87.331748, 35.394137 ], [ -87.331107, 35.394034 ], [ -87.330835, 35.393991 ], [ -87.33071, 35.393967 ], [ -87.330632, 35.393943 ], [ -87.330555, 35.393895 ], [ -87.33032, 35.393699 ], [ -87.329937, 35.39338 ], [ -87.329798, 35.393284 ], [ -87.329509, 35.393069 ], [ -87.329407, 35.392978 ], [ -87.329343, 35.392927 ], [ -87.32928, 35.392852 ], [ -87.32923, 35.392766 ], [ -87.329203, 35.392697 ], [ -87.329178, 35.392614 ], [ -87.329173, 35.392521 ], [ -87.329184, 35.392422 ], [ -87.329231, 35.392248 ], [ -87.329261, 35.392095 ], [ -87.329261, 35.392024 ], [ -87.329246, 35.391933 ], [ -87.329173, 35.391663 ], [ -87.329084, 35.391488 ], [ -87.32899, 35.391323 ], [ -87.328865, 35.391192 ], [ -87.328689, 35.391072 ], [ -87.328449, 35.391006 ], [ -87.327754, 35.390918 ], [ -87.326856, 35.390765 ], [ -87.326495, 35.390645 ], [ -87.326397, 35.390574 ], [ -87.326283, 35.390403 ], [ -87.325894, 35.390121 ], [ -87.325558, 35.389607 ], [ -87.324743, 35.387624 ], [ -87.324546, 35.387321 ], [ -87.324518, 35.387018 ], [ -87.324433, 35.386947 ], [ -87.324403, 35.386775 ], [ -87.324293, 35.386132 ], [ -87.32404, 35.385735 ], [ -87.323507, 35.385197 ], [ -87.323171, 35.384706 ], [ -87.32309, 35.384465 ], [ -87.322947, 35.383932 ], [ -87.322882, 35.383827 ], [ -87.32283, 35.383757 ], [ -87.322783, 35.383713 ], [ -87.322734, 35.383678 ], [ -87.32268, 35.383656 ], [ -87.322601, 35.383649 ], [ -87.322507, 35.383631 ], [ -87.322459, 35.38361 ], [ -87.322407, 35.38354 ], [ -87.32237, 35.38344 ], [ -87.32227, 35.382997 ], [ -87.322188, 35.382629 ], [ -87.322143, 35.382379 ], [ -87.322128, 35.382037 ], [ -87.322132, 35.381724 ], [ -87.322117, 35.381639 ], [ -87.322088, 35.381575 ], [ -87.322039, 35.381501 ], [ -87.321886, 35.381371 ], [ -87.32157, 35.381125 ], [ -87.321082, 35.380864 ], [ -87.319854, 35.380283 ], [ -87.319441, 35.38003 ], [ -87.318994, 35.379725 ], [ -87.318279, 35.379126 ], [ -87.318152, 35.378992 ], [ -87.3181, 35.378913 ], [ -87.318059, 35.378824 ], [ -87.31803, 35.378683 ], [ -87.318007, 35.378448 ], [ -87.317944, 35.378336 ], [ -87.317877, 35.378269 ], [ -87.317788, 35.378217 ], [ -87.317706, 35.378195 ], [ -87.317348, 35.378169 ], [ -87.313882, 35.377901 ], [ -87.311785, 35.377668 ], [ -87.311808, 35.377554 ], [ -87.311853, 35.377117 ], [ -87.311868, 35.377003 ], [ -87.311894, 35.37672 ], [ -87.311927, 35.376438 ], [ -87.311988, 35.376061 ], [ -87.312028, 35.375818 ], [ -87.312029, 35.375706 ], [ -87.312005, 35.37562 ], [ -87.311933, 35.375552 ], [ -87.311812, 35.375506 ], [ -87.311685, 35.375482 ], [ -87.311529, 35.375461 ], [ -87.310951, 35.375405 ], [ -87.309548, 35.375285 ], [ -87.30895, 35.375238 ], [ -87.308655, 35.375206 ], [ -87.30838, 35.375182 ], [ -87.308046, 35.375146 ], [ -87.307927, 35.375117 ], [ -87.307842, 35.375067 ], [ -87.307795, 35.375005 ], [ -87.307767, 35.374926 ], [ -87.307764, 35.374908 ], [ -87.307754, 35.374822 ], [ -87.307789, 35.374551 ], [ -87.307947, 35.373577 ], [ -87.307999, 35.373309 ], [ -87.308057, 35.372975 ], [ -87.308093, 35.372775 ], [ -87.308203, 35.371968 ], [ -87.308249, 35.371633 ], [ -87.308122, 35.371624 ], [ -87.307899, 35.371598 ], [ -87.306851, 35.371481 ], [ -87.306825, 35.371479 ], [ -87.306502, 35.371449 ], [ -87.30599, 35.3714 ], [ -87.305849, 35.371371 ], [ -87.305727, 35.371322 ], [ -87.305632, 35.371268 ], [ -87.305521, 35.371125 ], [ -87.305282, 35.370702 ], [ -87.305186, 35.370549 ], [ -87.305152, 35.370494 ], [ -87.304981, 35.370277 ], [ -87.304563, 35.369827 ], [ -87.304083, 35.369319 ], [ -87.30367, 35.368873 ], [ -87.303248, 35.368434 ], [ -87.302971, 35.368132 ], [ -87.302817, 35.367933 ], [ -87.302647, 35.367659 ], [ -87.302495, 35.367369 ], [ -87.302047, 35.366415 ], [ -87.301866, 35.366029 ], [ -87.301415, 35.365034 ], [ -87.301333, 35.364824 ], [ -87.301274, 35.364849 ], [ -87.301129, 35.36492 ], [ -87.301076, 35.364952 ], [ -87.301064, 35.36496 ], [ -87.301031, 35.365006 ], [ -87.300678, 35.364236 ], [ -87.299622, 35.361926 ], [ -87.29927, 35.361156 ], [ -87.298909, 35.360387 ], [ -87.29876, 35.359997 ], [ -87.298549, 35.359444 ], [ -87.298695, 35.357465 ], [ -87.299078, 35.356302 ], [ -87.299476, 35.3551 ], [ -87.29956, 35.354783 ], [ -87.299813, 35.353831 ], [ -87.299898, 35.353515 ], [ -87.300022, 35.353491 ], [ -87.300301, 35.353389 ], [ -87.300713, 35.353089 ], [ -87.301198, 35.352501 ], [ -87.301317, 35.352358 ], [ -87.301526, 35.352246 ], [ -87.30151, 35.352153 ], [ -87.301474, 35.351815 ], [ -87.301457, 35.351405 ], [ -87.301456, 35.351171 ], [ -87.301449, 35.349472 ], [ -87.301467, 35.34882 ], [ -87.301504, 35.348574 ], [ -87.301561, 35.348324 ], [ -87.301645, 35.348028 ], [ -87.301665, 35.347962 ], [ -87.301861, 35.347324 ], [ -87.301891, 35.347193 ], [ -87.30189, 35.347132 ], [ -87.301867, 35.347077 ], [ -87.301828, 35.347038 ], [ -87.301736, 35.346998 ], [ -87.301682, 35.346985 ], [ -87.301667, 35.346982 ], [ -87.301623, 35.34692 ], [ -87.301598, 35.34687 ], [ -87.301592, 35.346854 ], [ -87.301572, 35.346804 ], [ -87.301712, 35.346319 ], [ -87.301843, 35.345872 ], [ -87.302109, 35.344858 ], [ -87.302133, 35.344769 ], [ -87.302215, 35.344365 ], [ -87.302248, 35.344368 ], [ -87.302347, 35.344379 ], [ -87.302381, 35.344383 ], [ -87.303048, 35.342012 ], [ -87.303484, 35.340469 ], [ -87.304798, 35.33553 ], [ -87.304985, 35.334883 ], [ -87.30567, 35.332518 ], [ -87.305746, 35.332525 ], [ -87.305974, 35.332547 ], [ -87.30605, 35.332555 ], [ -87.306071, 35.332403 ], [ -87.306078, 35.332355 ], [ -87.306174, 35.331955 ], [ -87.306211, 35.331806 ], [ -87.306216, 35.331786 ], [ -87.306406, 35.331106 ], [ -87.306408, 35.331096 ], [ -87.306586, 35.330401 ], [ -87.306656, 35.330112 ], [ -87.306942, 35.329102 ], [ -87.306986, 35.328965 ], [ -87.30716, 35.328435 ], [ -87.30717, 35.328368 ], [ -87.307176, 35.328284 ], [ -87.30717, 35.328259 ], [ -87.307164, 35.328232 ], [ -87.307129, 35.328192 ], [ -87.307083, 35.32817 ], [ -87.306981, 35.328148 ], [ -87.306899, 35.328137 ], [ -87.306821, 35.328128 ], [ -87.306917, 35.327787 ], [ -87.306932, 35.327737 ], [ -87.306894, 35.326999 ], [ -87.306829, 35.326734 ], [ -87.306746, 35.32639 ], [ -87.306685, 35.32618 ], [ -87.306503, 35.32555 ], [ -87.306443, 35.32534 ], [ -87.30643, 35.325297 ], [ -87.306394, 35.325171 ], [ -87.306382, 35.325129 ], [ -87.306355, 35.325038 ], [ -87.30629, 35.324817 ], [ -87.306199, 35.325398 ], [ -87.305853, 35.32778 ], [ -87.305825, 35.328039 ], [ -87.304177, 35.328869 ], [ -87.303163, 35.329413 ], [ -87.295777, 35.328882 ], [ -87.292829, 35.328676 ], [ -87.291045, 35.332628 ], [ -87.290774, 35.333477 ], [ -87.289102, 35.337184 ], [ -87.289064, 35.337267 ], [ -87.287446, 35.337128 ], [ -87.286207, 35.337026 ], [ -87.286898, 35.334468 ], [ -87.29011, 35.32825 ], [ -87.29131, 35.325183 ], [ -87.291684, 35.324676 ], [ -87.29276, 35.323216 ], [ -87.293374, 35.322317 ], [ -87.293429, 35.322236 ], [ -87.29361, 35.321943 ], [ -87.293707, 35.321785 ], [ -87.293817, 35.321608 ], [ -87.294039, 35.321247 ], [ -87.294565, 35.320074 ], [ -87.295226, 35.318549 ], [ -87.295769, 35.317273 ], [ -87.296485, 35.315805 ], [ -87.296598, 35.31555 ], [ -87.296949, 35.314902 ], [ -87.297024, 35.314761 ], [ -87.297635, 35.31386 ], [ -87.298749, 35.312132 ], [ -87.299643, 35.310695 ], [ -87.299848, 35.310365 ], [ -87.300253, 35.309715 ], [ -87.301251, 35.308197 ], [ -87.301646, 35.307533 ], [ -87.30276, 35.304632 ], [ -87.303885, 35.301702 ], [ -87.303942, 35.301555 ], [ -87.303712, 35.3015 ], [ -87.303497, 35.301448 ], [ -87.303278, 35.301396 ], [ -87.302857, 35.301288 ], [ -87.302644, 35.301234 ], [ -87.301699, 35.300993 ], [ -87.301492, 35.300942 ], [ -87.30151, 35.300824 ], [ -87.302106, 35.297044 ], [ -87.302488, 35.294622 ], [ -87.302548, 35.294238 ], [ -87.302552, 35.294213 ], [ -87.303047, 35.291073 ], [ -87.303328, 35.289319 ], [ -87.303347, 35.2892 ], [ -87.303958, 35.285213 ], [ -87.304023, 35.284836 ], [ -87.304527, 35.281504 ], [ -87.310774, 35.281978 ], [ -87.311255, 35.282015 ], [ -87.311295, 35.281745 ], [ -87.311772, 35.278504 ], [ -87.306699, 35.277947 ], [ -87.306704, 35.277883 ], [ -87.306999, 35.274157 ], [ -87.307141, 35.274171 ], [ -87.30757, 35.274216 ], [ -87.307713, 35.274231 ], [ -87.307791, 35.273629 ], [ -87.307958, 35.27235 ], [ -87.308056, 35.271709 ], [ -87.307443, 35.27167 ], [ -87.3082, 35.267666 ], [ -87.308221, 35.267532 ], [ -87.30833, 35.267543 ], [ -87.308559, 35.267567 ], [ -87.309211, 35.267635 ], [ -87.3109, 35.26782 ], [ -87.311058, 35.267832 ], [ -87.311083, 35.267667 ], [ -87.311103, 35.267536 ], [ -87.311145, 35.267188 ], [ -87.311601, 35.26485 ], [ -87.312007, 35.261251 ], [ -87.307733, 35.260813 ], [ -87.307804, 35.260382 ], [ -87.30542, 35.260132 ], [ -87.305844, 35.257791 ], [ -87.30725, 35.257682 ], [ -87.307395, 35.256591 ], [ -87.30686, 35.256445 ], [ -87.303887, 35.257342 ], [ -87.302583, 35.257735 ], [ -87.301802, 35.257971 ], [ -87.300511, 35.259054 ], [ -87.30017, 35.258841 ], [ -87.299784, 35.258599 ], [ -87.299811, 35.258574 ], [ -87.300033, 35.25838 ], [ -87.300233, 35.2582 ], [ -87.300029, 35.258179 ], [ -87.297826, 35.257956 ], [ -87.29792, 35.257053 ], [ -87.298011, 35.25619 ], [ -87.298273, 35.256147 ], [ -87.299113, 35.256041 ], [ -87.299194, 35.256031 ], [ -87.299195, 35.255991 ], [ -87.29922, 35.255745 ], [ -87.29924, 35.255719 ], [ -87.29923, 35.25542 ], [ -87.299244, 35.255307 ], [ -87.299162, 35.255319 ], [ -87.298121, 35.25549 ], [ -87.298265, 35.254387 ], [ -87.299049, 35.254372 ], [ -87.299145, 35.253735 ], [ -87.299402, 35.252036 ], [ -87.299468, 35.2516 ], [ -87.299504, 35.251361 ], [ -87.299527, 35.251206 ], [ -87.297893, 35.251065 ], [ -87.297908, 35.250944 ], [ -87.298204, 35.248424 ], [ -87.298818, 35.248469 ], [ -87.299047, 35.248481 ], [ -87.3004, 35.2486 ], [ -87.303986, 35.248908 ], [ -87.306188, 35.249124 ], [ -87.306866, 35.249152 ], [ -87.307378, 35.244507 ], [ -87.306828, 35.244449 ], [ -87.304029, 35.244136 ], [ -87.304097, 35.243885 ], [ -87.304159, 35.243671 ], [ -87.304491, 35.242531 ], [ -87.305002, 35.2426 ], [ -87.305427, 35.242053 ], [ -87.305669, 35.241729 ], [ -87.30591, 35.241405 ], [ -87.305657, 35.241111 ], [ -87.305365, 35.240772 ], [ -87.30544, 35.240664 ], [ -87.305478, 35.240523 ], [ -87.305482, 35.24037 ], [ -87.305486, 35.240216 ], [ -87.305459, 35.240217 ], [ -87.305341, 35.240223 ], [ -87.303209, 35.240329 ], [ -87.303059, 35.240336 ], [ -87.302974, 35.240963 ], [ -87.302964, 35.241007 ], [ -87.302896, 35.241314 ], [ -87.302769, 35.241588 ], [ -87.302542, 35.241856 ], [ -87.302342, 35.242041 ], [ -87.30205, 35.242186 ], [ -87.300778, 35.242794 ], [ -87.300258, 35.243026 ], [ -87.300362, 35.243469 ], [ -87.300232, 35.243609 ], [ -87.300161, 35.243684 ], [ -87.299172, 35.243925 ], [ -87.299498, 35.244198 ], [ -87.299924, 35.244509 ], [ -87.299849, 35.244564 ], [ -87.299797, 35.244602 ], [ -87.298669, 35.245374 ], [ -87.29793, 35.244627 ], [ -87.297795, 35.244694 ], [ -87.297634, 35.244778 ], [ -87.296668, 35.244236 ], [ -87.296212, 35.243179 ], [ -87.296157, 35.243051 ], [ -87.296157, 35.24304 ], [ -87.29656, 35.240629 ], [ -87.296993, 35.237643 ], [ -87.296687, 35.237575 ], [ -87.295905, 35.237402 ], [ -87.295726, 35.237361 ], [ -87.295712, 35.237359 ], [ -87.294865, 35.237177 ], [ -87.294932, 35.236994 ], [ -87.294967, 35.236895 ], [ -87.29504, 35.236744 ], [ -87.295144, 35.236489 ], [ -87.295167, 35.236348 ], [ -87.29517, 35.236177 ], [ -87.295173, 35.236105 ], [ -87.295174, 35.236063 ], [ -87.295188, 35.23606 ], [ -87.295192, 35.235975 ], [ -87.29762, 35.236412 ], [ -87.301031, 35.237036 ], [ -87.30224, 35.237267 ], [ -87.30346, 35.237501 ], [ -87.303649, 35.23752 ], [ -87.304155, 35.237571 ], [ -87.304774, 35.237536 ], [ -87.305455, 35.237431 ], [ -87.305661, 35.2374 ], [ -87.305861, 35.23737 ], [ -87.306033, 35.237119 ], [ -87.306072, 35.237063 ], [ -87.306114, 35.23697 ], [ -87.306178, 35.236828 ], [ -87.306226, 35.236723 ], [ -87.306412, 35.236426 ], [ -87.306527, 35.236321 ], [ -87.306694, 35.236386 ], [ -87.30699, 35.236503 ], [ -87.307208, 35.236552 ], [ -87.307231, 35.236558 ], [ -87.307393, 35.236565 ], [ -87.307396, 35.236534 ], [ -87.307461, 35.236081 ], [ -87.307414, 35.235646 ], [ -87.307369, 35.235438 ], [ -87.307118, 35.234301 ], [ -87.306854, 35.233678 ], [ -87.306488, 35.233271 ], [ -87.304985, 35.231882 ], [ -87.304765, 35.231447 ], [ -87.304675, 35.231268 ], [ -87.304746, 35.230425 ], [ -87.304828, 35.229841 ], [ -87.304892, 35.228551 ], [ -87.304986, 35.226678 ], [ -87.307436, 35.226814 ], [ -87.30746, 35.226433 ], [ -87.307613, 35.226411 ], [ -87.30783, 35.226382 ], [ -87.308296, 35.226418 ], [ -87.308686, 35.226449 ], [ -87.309698, 35.226515 ], [ -87.310021, 35.226537 ], [ -87.310063, 35.22654 ], [ -87.310071, 35.226463 ], [ -87.310107, 35.226126 ], [ -87.310719, 35.226167 ], [ -87.310687, 35.226465 ], [ -87.310673, 35.226589 ], [ -87.310814, 35.2266 ], [ -87.310948, 35.22661 ], [ -87.310993, 35.226614 ], [ -87.311187, 35.226623 ], [ -87.311472, 35.226649 ], [ -87.311494, 35.22665 ], [ -87.311933, 35.226678 ], [ -87.312497, 35.22672 ], [ -87.313, 35.226757 ], [ -87.313431, 35.226788 ], [ -87.313502, 35.226794 ], [ -87.314216, 35.226849 ], [ -87.315796, 35.226959 ], [ -87.316692, 35.22703 ], [ -87.316726, 35.227032 ], [ -87.316828, 35.227038 ], [ -87.316863, 35.227041 ], [ -87.316889, 35.227043 ], [ -87.316969, 35.227049 ], [ -87.316996, 35.227052 ], [ -87.317016, 35.227053 ], [ -87.317078, 35.227058 ], [ -87.317099, 35.22706 ], [ -87.317315, 35.227076 ], [ -87.317366, 35.227081 ], [ -87.317734, 35.227127 ], [ -87.317851, 35.227151 ], [ -87.317956, 35.227177 ], [ -87.318002, 35.227189 ], [ -87.318165, 35.227236 ], [ -87.318302, 35.227283 ], [ -87.318393, 35.22732 ], [ -87.31845, 35.227344 ], [ -87.318726, 35.227473 ], [ -87.318836, 35.227538 ], [ -87.318984, 35.227638 ], [ -87.319033, 35.227674 ], [ -87.319105, 35.227726 ], [ -87.319228, 35.227822 ], [ -87.31948, 35.228031 ], [ -87.319572, 35.228105 ], [ -87.319895, 35.228366 ], [ -87.319928, 35.228393 ], [ -87.325517, 35.22892 ], [ -87.326578, 35.229018 ], [ -87.32743, 35.229098 ], [ -87.327586, 35.229111 ], [ -87.327685, 35.229119 ], [ -87.327698, 35.229017 ], [ -87.327752, 35.228594 ], [ -87.328058, 35.226452 ], [ -87.328578, 35.222833 ], [ -87.329187, 35.218587 ], [ -87.329232, 35.218414 ], [ -87.329328, 35.218045 ], [ -87.329148, 35.218051 ], [ -87.329078, 35.21807 ], [ -87.329043, 35.218084 ], [ -87.329021, 35.218093 ], [ -87.328945, 35.21815 ], [ -87.328918, 35.218171 ], [ -87.328911, 35.218199 ], [ -87.328867, 35.218375 ], [ -87.328837, 35.218489 ], [ -87.328803, 35.218621 ], [ -87.328746, 35.218842 ], [ -87.328225, 35.218805 ], [ -87.328037, 35.218781 ], [ -87.327771, 35.218747 ], [ -87.32774, 35.218748 ], [ -87.327685, 35.219137 ], [ -87.327672, 35.219232 ], [ -87.327597, 35.219758 ], [ -87.3264, 35.220373 ], [ -87.325742, 35.222598 ], [ -87.325682, 35.223243 ], [ -87.324989, 35.223281 ], [ -87.324304, 35.223377 ], [ -87.32426, 35.222775 ], [ -87.323271, 35.222857 ], [ -87.322993, 35.222255 ], [ -87.322964, 35.222228 ], [ -87.322892, 35.222161 ], [ -87.322766, 35.222044 ], [ -87.322731, 35.22191 ], [ -87.322737, 35.221865 ], [ -87.322749, 35.221767 ], [ -87.323169, 35.22124 ], [ -87.323311, 35.221285 ], [ -87.323825, 35.221296 ], [ -87.324149, 35.221032 ], [ -87.324735, 35.220382 ], [ -87.325436, 35.219482 ], [ -87.325773, 35.219477 ], [ -87.325809, 35.219476 ], [ -87.326021, 35.219474 ], [ -87.325854, 35.219017 ], [ -87.326192, 35.218609 ], [ -87.324585, 35.218462 ], [ -87.325261, 35.217706 ], [ -87.325731, 35.217168 ], [ -87.326061, 35.216568 ], [ -87.326134, 35.216437 ], [ -87.32615, 35.216409 ], [ -87.326251, 35.21623 ], [ -87.326345, 35.216266 ], [ -87.326445, 35.216311 ], [ -87.326559, 35.216362 ], [ -87.326649, 35.216396 ], [ -87.326949, 35.215843 ], [ -87.327097, 35.215925 ], [ -87.3272, 35.215983 ], [ -87.327332, 35.216058 ], [ -87.327465, 35.216133 ], [ -87.32784, 35.216346 ], [ -87.328208, 35.216545 ], [ -87.328602, 35.217034 ], [ -87.32881, 35.217541 ], [ -87.328827, 35.217572 ], [ -87.328954, 35.217864 ], [ -87.329108, 35.217935 ], [ -87.329397, 35.217919 ], [ -87.329416, 35.217681 ], [ -87.329417, 35.217618 ], [ -87.329465, 35.217463 ], [ -87.3295, 35.217348 ], [ -87.329853, 35.216215 ], [ -87.330459, 35.214238 ], [ -87.330705, 35.213619 ], [ -87.33103, 35.213433 ], [ -87.331128, 35.213283 ], [ -87.331448, 35.212688 ], [ -87.332146, 35.211896 ], [ -87.332311, 35.211718 ], [ -87.332321, 35.211647 ], [ -87.33233, 35.211592 ], [ -87.332397, 35.211268 ], [ -87.332414, 35.211187 ], [ -87.332454, 35.211044 ], [ -87.33251, 35.210961 ], [ -87.332587, 35.210917 ], [ -87.332652, 35.210885 ], [ -87.33267, 35.210877 ], [ -87.33278, 35.210831 ], [ -87.332874, 35.210783 ], [ -87.332886, 35.210736 ], [ -87.332941, 35.210742 ], [ -87.333066, 35.210785 ], [ -87.333244, 35.210861 ], [ -87.333332, 35.210892 ], [ -87.333412, 35.210921 ], [ -87.333637, 35.211011 ], [ -87.333802, 35.211103 ], [ -87.333966, 35.211231 ], [ -87.334069, 35.21132 ], [ -87.334177, 35.211404 ], [ -87.334253, 35.211514 ], [ -87.334291, 35.211681 ], [ -87.334286, 35.211804 ], [ -87.334279, 35.212 ], [ -87.334222, 35.212273 ], [ -87.334289, 35.212281 ], [ -87.334401, 35.212347 ], [ -87.334434, 35.212376 ], [ -87.334975, 35.212861 ], [ -87.335039, 35.212918 ], [ -87.335169, 35.212835 ], [ -87.335706, 35.212493 ], [ -87.335858, 35.212398 ], [ -87.336119, 35.212643 ], [ -87.337818, 35.214523 ], [ -87.338153, 35.214703 ], [ -87.338437, 35.213205 ], [ -87.338674, 35.212007 ], [ -87.338705, 35.210271 ], [ -87.338736, 35.207373 ], [ -87.338736, 35.207297 ], [ -87.338746, 35.206383 ], [ -87.338755, 35.205699 ], [ -87.338758, 35.205492 ], [ -87.338759, 35.205299 ], [ -87.338766, 35.204674 ], [ -87.338777, 35.203639 ], [ -87.338778, 35.203623 ], [ -87.33881, 35.202155 ], [ -87.338903, 35.197909 ], [ -87.339037, 35.194092 ], [ -87.338881, 35.194076 ], [ -87.338885, 35.19393 ], [ -87.338886, 35.1938 ], [ -87.339052, 35.193817 ], [ -87.339055, 35.193784 ], [ -87.339081, 35.192574 ], [ -87.339061, 35.190014 ], [ -87.339133, 35.187446 ], [ -87.33919, 35.185812 ], [ -87.339293, 35.185093 ], [ -87.339372, 35.184829 ], [ -87.339787, 35.183901 ], [ -87.340324, 35.1828 ], [ -87.340975, 35.182857 ], [ -87.341008, 35.182864 ], [ -87.341065, 35.182744 ], [ -87.341083, 35.182707 ], [ -87.341225, 35.182758 ], [ -87.341469, 35.182796 ], [ -87.341963, 35.182839 ], [ -87.341959, 35.182996 ], [ -87.341954, 35.183119 ], [ -87.34192, 35.183959 ], [ -87.341913, 35.184152 ], [ -87.341908, 35.184239 ], [ -87.341887, 35.184625 ], [ -87.34186, 35.185013 ], [ -87.341841, 35.185453 ], [ -87.341788, 35.186179 ], [ -87.341744, 35.18648 ], [ -87.341696, 35.186874 ], [ -87.341629, 35.187361 ], [ -87.341575, 35.187679 ], [ -87.341558, 35.187778 ], [ -87.341381, 35.188971 ], [ -87.341312, 35.189439 ], [ -87.341252, 35.189881 ], [ -87.341189, 35.190254 ], [ -87.340934, 35.191376 ], [ -87.34093, 35.191414 ], [ -87.340818, 35.19249 ], [ -87.340799, 35.192842 ], [ -87.340789, 35.193033 ], [ -87.340748, 35.193368 ], [ -87.34064, 35.194121 ], [ -87.340729, 35.194133 ], [ -87.34079, 35.194148 ], [ -87.340805, 35.19415 ], [ -87.340852, 35.194159 ], [ -87.340868, 35.194162 ], [ -87.341505, 35.194184 ], [ -87.341484, 35.194959 ], [ -87.341476, 35.195176 ], [ -87.341456, 35.195701 ], [ -87.341921, 35.197491 ], [ -87.342058, 35.197991 ], [ -87.342113, 35.198195 ], [ -87.342152, 35.198334 ], [ -87.342761, 35.200562 ], [ -87.343131, 35.20247 ], [ -87.343494, 35.204823 ], [ -87.343517, 35.204968 ], [ -87.34363, 35.204953 ], [ -87.343879, 35.204923 ], [ -87.343957, 35.204915 ], [ -87.343981, 35.204913 ], [ -87.343989, 35.20504 ], [ -87.344016, 35.20542 ], [ -87.344029, 35.205606 ], [ -87.344023, 35.20569 ], [ -87.343987, 35.206215 ], [ -87.343927, 35.206623 ], [ -87.343492, 35.207518 ], [ -87.343221, 35.208133 ], [ -87.342908, 35.208784 ], [ -87.342511, 35.210244 ], [ -87.342293, 35.21303 ], [ -87.342048, 35.215012 ], [ -87.342483, 35.217398 ], [ -87.342488, 35.217693 ], [ -87.342735, 35.218502 ], [ -87.342733, 35.218915 ], [ -87.342732, 35.219095 ], [ -87.342731, 35.219223 ], [ -87.342731, 35.219319 ], [ -87.34273, 35.219643 ], [ -87.343073, 35.220995 ], [ -87.343232, 35.221622 ], [ -87.34286, 35.222615 ], [ -87.342838, 35.222915 ], [ -87.342787, 35.223224 ], [ -87.34275, 35.22345 ], [ -87.342727, 35.223656 ], [ -87.342703, 35.223813 ], [ -87.342621, 35.224248 ], [ -87.342471, 35.225039 ], [ -87.342442, 35.225195 ], [ -87.342392, 35.225547 ], [ -87.342394, 35.225648 ], [ -87.342825, 35.228366 ], [ -87.345, 35.227892 ], [ -87.34498, 35.228589 ], [ -87.344966, 35.229105 ], [ -87.343817, 35.22924 ], [ -87.342426, 35.229403 ], [ -87.342425, 35.229596 ], [ -87.342415, 35.229777 ], [ -87.34427, 35.229699 ], [ -87.344442, 35.230304 ], [ -87.344495, 35.230492 ], [ -87.34448, 35.231172 ], [ -87.344815, 35.231215 ], [ -87.345567, 35.231312 ], [ -87.346449, 35.23136 ], [ -87.346489, 35.23212 ], [ -87.347078, 35.232269 ], [ -87.347691, 35.232422 ], [ -87.348158, 35.232534 ], [ -87.348566, 35.232601 ], [ -87.350367, 35.232645 ], [ -87.35076, 35.232623 ], [ -87.351089, 35.232516 ], [ -87.351248, 35.232435 ], [ -87.35159, 35.232149 ], [ -87.351847, 35.23196 ], [ -87.352169, 35.231767 ], [ -87.352491, 35.231573 ], [ -87.352808, 35.231396 ], [ -87.352806, 35.231298 ], [ -87.35281, 35.231263 ], [ -87.352835, 35.231158 ], [ -87.352847, 35.231093 ], [ -87.352898, 35.230804 ], [ -87.352959, 35.230524 ], [ -87.353034, 35.230245 ], [ -87.353271, 35.229596 ], [ -87.35332, 35.229423 ], [ -87.353329, 35.2293 ], [ -87.353376, 35.229239 ], [ -87.353465, 35.229037 ], [ -87.353528, 35.228804 ], [ -87.353569, 35.228655 ], [ -87.35371, 35.228205 ], [ -87.353769, 35.227996 ], [ -87.353906, 35.227437 ], [ -87.353958, 35.227264 ], [ -87.354086, 35.22696 ], [ -87.354212, 35.226693 ], [ -87.354322, 35.226498 ], [ -87.354506, 35.226214 ], [ -87.354618, 35.226103 ], [ -87.354676, 35.22605 ], [ -87.354884, 35.225916 ], [ -87.355089, 35.225849 ], [ -87.355174, 35.225831 ], [ -87.355306, 35.225817 ], [ -87.355527, 35.225818 ], [ -87.355615, 35.225825 ], [ -87.355658, 35.225832 ], [ -87.355825, 35.225877 ], [ -87.356083, 35.226012 ], [ -87.356219, 35.226103 ], [ -87.356341, 35.226205 ], [ -87.356543, 35.226393 ], [ -87.356677, 35.226535 ], [ -87.356925, 35.226872 ], [ -87.357104, 35.227159 ], [ -87.357198, 35.227359 ], [ -87.357279, 35.2276 ], [ -87.357309, 35.227704 ], [ -87.357363, 35.227987 ], [ -87.357365, 35.228094 ], [ -87.357347, 35.228461 ], [ -87.357267, 35.228513 ], [ -87.357175, 35.22859 ], [ -87.357149, 35.228619 ], [ -87.357068, 35.228746 ], [ -87.35702, 35.228883 ], [ -87.356819, 35.229356 ], [ -87.356791, 35.22946 ], [ -87.356787, 35.229496 ], [ -87.356797, 35.229602 ], [ -87.356769, 35.229663 ], [ -87.35674, 35.229729 ], [ -87.356476, 35.230372 ], [ -87.356313, 35.230741 ], [ -87.356251, 35.230912 ], [ -87.356219, 35.231052 ], [ -87.356204, 35.231159 ], [ -87.356196, 35.231444 ], [ -87.356206, 35.231551 ], [ -87.35625, 35.231762 ], [ -87.35629, 35.231863 ], [ -87.356344, 35.231961 ], [ -87.356371, 35.23199 ], [ -87.356462, 35.232067 ], [ -87.356498, 35.232088 ], [ -87.35662, 35.232129 ], [ -87.356663, 35.23214 ], [ -87.356789, 35.232162 ], [ -87.356879, 35.232177 ], [ -87.357011, 35.232186 ], [ -87.357141, 35.232207 ], [ -87.357318, 35.232209 ], [ -87.357358, 35.232196 ], [ -87.357432, 35.232156 ], [ -87.357602, 35.232042 ], [ -87.357778, 35.231881 ], [ -87.35781, 35.231836 ], [ -87.357867, 35.231758 ], [ -87.35793, 35.231624 ], [ -87.358, 35.231381 ], [ -87.358066, 35.230992 ], [ -87.358084, 35.23085 ], [ -87.358194, 35.230359 ], [ -87.358263, 35.230115 ], [ -87.358287, 35.230047 ], [ -87.358528, 35.229472 ], [ -87.358767, 35.22905 ], [ -87.358988, 35.228602 ], [ -87.359079, 35.228419 ], [ -87.359388, 35.227947 ], [ -87.35958, 35.227707 ], [ -87.359642, 35.227656 ], [ -87.359692, 35.227682 ], [ -87.359831, 35.227771 ], [ -87.359943, 35.22788 ], [ -87.359956, 35.227913 ], [ -87.360012, 35.227968 ], [ -87.36012, 35.22803 ], [ -87.36022, 35.228088 ], [ -87.360475, 35.228154 ], [ -87.360655, 35.228165 ], [ -87.360937, 35.22811 ], [ -87.361071, 35.228132 ], [ -87.361238, 35.228203 ], [ -87.361419, 35.22817 ], [ -87.361694, 35.228033 ], [ -87.361861, 35.228011 ], [ -87.361887, 35.228012 ], [ -87.362156, 35.228027 ], [ -87.362502, 35.227987 ], [ -87.362585, 35.227977 ], [ -87.362594, 35.227944 ], [ -87.362606, 35.227902 ], [ -87.362621, 35.227872 ], [ -87.362654, 35.227872 ], [ -87.362697, 35.227895 ], [ -87.362879, 35.227962 ], [ -87.36299, 35.228003 ], [ -87.36306, 35.227935 ], [ -87.363182, 35.227787 ], [ -87.363242, 35.227734 ], [ -87.363423, 35.227633 ], [ -87.363463, 35.227618 ], [ -87.363506, 35.227609 ], [ -87.363724, 35.227583 ], [ -87.363769, 35.227584 ], [ -87.363941, 35.227614 ], [ -87.363978, 35.227634 ], [ -87.364006, 35.227661 ], [ -87.364079, 35.22775 ], [ -87.364334, 35.228083 ], [ -87.364388, 35.22814 ], [ -87.364475, 35.228219 ], [ -87.364541, 35.228267 ], [ -87.364615, 35.228304 ], [ -87.364904, 35.228466 ], [ -87.364982, 35.228497 ], [ -87.365143, 35.228551 ], [ -87.365221, 35.228583 ], [ -87.365544, 35.228688 ], [ -87.365671, 35.228718 ], [ -87.365751, 35.228743 ], [ -87.365794, 35.228751 ], [ -87.365961, 35.2288 ], [ -87.366136, 35.228817 ], [ -87.366605, 35.228833 ], [ -87.367341, 35.228695 ], [ -87.367435, 35.228695 ], [ -87.367603, 35.22864 ], [ -87.367964, 35.22858 ], [ -87.368266, 35.22853 ], [ -87.369056, 35.228425 ], [ -87.369746, 35.228381 ], [ -87.371166, 35.22838 ], [ -87.372238, 35.228517 ], [ -87.372573, 35.228561 ], [ -87.373317, 35.228583 ], [ -87.373833, 35.228632 ], [ -87.374074, 35.228687 ], [ -87.374791, 35.228923 ], [ -87.374932, 35.228944 ], [ -87.375017, 35.228945 ], [ -87.375848, 35.228847 ], [ -87.376223, 35.228654 ], [ -87.376538, 35.228545 ], [ -87.376766, 35.228435 ], [ -87.377188, 35.228309 ], [ -87.377865, 35.228034 ], [ -87.377966, 35.227968 ], [ -87.378348, 35.227825 ], [ -87.378629, 35.227677 ], [ -87.379078, 35.227496 ], [ -87.379996, 35.22721 ], [ -87.380432, 35.226897 ], [ -87.380572, 35.22682 ], [ -87.381135, 35.226573 ], [ -87.381283, 35.226529 ], [ -87.38149, 35.226442 ], [ -87.381799, 35.226222 ], [ -87.382254, 35.225969 ], [ -87.382563, 35.225826 ], [ -87.382931, 35.225711 ], [ -87.3834, 35.225695 ], [ -87.383824, 35.225776 ], [ -87.384063, 35.225822 ], [ -87.384666, 35.226069 ], [ -87.385114, 35.226212 ], [ -87.385409, 35.226328 ], [ -87.38561, 35.226438 ], [ -87.385905, 35.226713 ], [ -87.386306, 35.226889 ], [ -87.386688, 35.227015 ], [ -87.38701, 35.227071 ], [ -87.387566, 35.227219 ], [ -87.387934, 35.227285 ], [ -87.388175, 35.227373 ], [ -87.388363, 35.22756 ], [ -87.388416, 35.227687 ], [ -87.388436, 35.227995 ], [ -87.388469, 35.228083 ], [ -87.388516, 35.228116 ], [ -87.388677, 35.22816 ], [ -87.388851, 35.228171 ], [ -87.389702, 35.228133 ], [ -87.39009, 35.228182 ], [ -87.390164, 35.228254 ], [ -87.390392, 35.228705 ], [ -87.3904, 35.228772 ], [ -87.390418, 35.228919 ], [ -87.390391, 35.229166 ], [ -87.390472, 35.229238 ], [ -87.390639, 35.229287 ], [ -87.390746, 35.22926 ], [ -87.390813, 35.229205 ], [ -87.390847, 35.229122 ], [ -87.390861, 35.228853 ], [ -87.390921, 35.228705 ], [ -87.391001, 35.228622 ], [ -87.391135, 35.228595 ], [ -87.391484, 35.228721 ], [ -87.392354, 35.228859 ], [ -87.392575, 35.22887 ], [ -87.392803, 35.228837 ], [ -87.393292, 35.22892 ], [ -87.393701, 35.228898 ], [ -87.393862, 35.228931 ], [ -87.394096, 35.229052 ], [ -87.394243, 35.229096 ], [ -87.394344, 35.229096 ], [ -87.394585, 35.229019 ], [ -87.3949, 35.229025 ], [ -87.395094, 35.229091 ], [ -87.395362, 35.2293 ], [ -87.39563, 35.229361 ], [ -87.395878, 35.229454 ], [ -87.396047, 35.229542 ], [ -87.396079, 35.229559 ], [ -87.396367, 35.229756 ], [ -87.396594, 35.229845 ], [ -87.396681, 35.229922 ], [ -87.396675, 35.230037 ], [ -87.396695, 35.230114 ], [ -87.396735, 35.230158 ], [ -87.396822, 35.230114 ], [ -87.396909, 35.230097 ], [ -87.397144, 35.230136 ], [ -87.397512, 35.230433 ], [ -87.397766, 35.230543 ], [ -87.397853, 35.230554 ], [ -87.397941, 35.230615 ], [ -87.398228, 35.230736 ], [ -87.39834, 35.230758 ], [ -87.39847, 35.230785 ], [ -87.398624, 35.230846 ], [ -87.398771, 35.230939 ], [ -87.399066, 35.231033 ], [ -87.399635, 35.231385 ], [ -87.399746, 35.231482 ], [ -87.399849, 35.231572 ], [ -87.399936, 35.231742 ], [ -87.399956, 35.231947 ], [ -87.399994, 35.232356 ], [ -87.40001, 35.232517 ], [ -87.400163, 35.233353 ], [ -87.400237, 35.233413 ], [ -87.400352, 35.233469 ], [ -87.400723, 35.233649 ], [ -87.400826, 35.233699 ], [ -87.400896, 35.233762 ], [ -87.401041, 35.233892 ], [ -87.401201, 35.234227 ], [ -87.401207, 35.234291 ], [ -87.401227, 35.2345 ], [ -87.40136, 35.234357 ], [ -87.401761, 35.233931 ], [ -87.401895, 35.233789 ], [ -87.402702, 35.232962 ], [ -87.40437, 35.23136 ], [ -87.411878, 35.224155 ], [ -87.412059, 35.223983 ], [ -87.412302, 35.223745 ], [ -87.41436, 35.221732 ], [ -87.415613, 35.220461 ], [ -87.416053, 35.220016 ], [ -87.419372, 35.216651 ], [ -87.420626, 35.215382 ], [ -87.420741, 35.215269 ], [ -87.421089, 35.214932 ], [ -87.421205, 35.21482 ], [ -87.422087, 35.214195 ], [ -87.424733, 35.21232 ], [ -87.425616, 35.211696 ], [ -87.425649, 35.211796 ], [ -87.425709, 35.211951 ], [ -87.425763, 35.212129 ], [ -87.425919, 35.212641 ], [ -87.42599, 35.212945 ], [ -87.426027, 35.213025 ], [ -87.426219, 35.213366 ], [ -87.426232, 35.213412 ], [ -87.426233, 35.213444 ], [ -87.42618, 35.213552 ], [ -87.426152, 35.213623 ], [ -87.426145, 35.21367 ], [ -87.426163, 35.21371 ], [ -87.426177, 35.213773 ], [ -87.426136, 35.213833 ], [ -87.426135, 35.21385 ], [ -87.426106, 35.213926 ], [ -87.4261, 35.214024 ], [ -87.426124, 35.2142 ], [ -87.426133, 35.21426 ], [ -87.426145, 35.214385 ], [ -87.426124, 35.214498 ], [ -87.426066, 35.214642 ], [ -87.426024, 35.214818 ], [ -87.425996, 35.214983 ], [ -87.425991, 35.21528 ], [ -87.425993, 35.215301 ], [ -87.426007, 35.215424 ], [ -87.426037, 35.215512 ], [ -87.426071, 35.215583 ], [ -87.426121, 35.215644 ], [ -87.426237, 35.215523 ], [ -87.42632, 35.215379 ], [ -87.426487, 35.215002 ], [ -87.426574, 35.214847 ], [ -87.426675, 35.214733 ], [ -87.426786, 35.214645 ], [ -87.426919, 35.214579 ], [ -87.427084, 35.214533 ], [ -87.42729, 35.214492 ], [ -87.427874, 35.214406 ], [ -87.428044, 35.214383 ], [ -87.428142, 35.21437 ], [ -87.428723, 35.2143 ], [ -87.429016, 35.214273 ], [ -87.429276, 35.214233 ], [ -87.429541, 35.214198 ], [ -87.429791, 35.214175 ], [ -87.429985, 35.214162 ], [ -87.430143, 35.214157 ], [ -87.430445, 35.214154 ], [ -87.430768, 35.21416 ], [ -87.431137, 35.21416 ], [ -87.431664, 35.214175 ], [ -87.432822, 35.2142 ], [ -87.433653, 35.214207 ], [ -87.434281, 35.214193 ], [ -87.434687, 35.214189 ], [ -87.435064, 35.214164 ], [ -87.435223, 35.214146 ], [ -87.435415, 35.214117 ], [ -87.435554, 35.21409 ], [ -87.435798, 35.214044 ], [ -87.436133, 35.213965 ], [ -87.436257, 35.213936 ], [ -87.436516, 35.213881 ], [ -87.436578, 35.213866 ], [ -87.436797, 35.213813 ], [ -87.437027, 35.213765 ], [ -87.437118, 35.213746 ], [ -87.437512, 35.213663 ], [ -87.437772, 35.213601 ], [ -87.438003, 35.213539 ], [ -87.438228, 35.213486 ], [ -87.438438, 35.213434 ], [ -87.43863, 35.213382 ], [ -87.438878, 35.213307 ], [ -87.439125, 35.213243 ], [ -87.439306, 35.213212 ], [ -87.43963, 35.213205 ], [ -87.43967, 35.213205 ], [ -87.439985, 35.213211 ], [ -87.440168, 35.213226 ], [ -87.440633, 35.213256 ], [ -87.440901, 35.213266 ], [ -87.441092, 35.213265 ], [ -87.441863, 35.213234 ], [ -87.442068, 35.213219 ], [ -87.442486, 35.213202 ], [ -87.442818, 35.213193 ], [ -87.443977, 35.213143 ], [ -87.444576, 35.213123 ], [ -87.444793, 35.213112 ], [ -87.444828, 35.213111 ], [ -87.445728, 35.213054 ], [ -87.446102, 35.213038 ], [ -87.446501, 35.213031 ], [ -87.446538, 35.213031 ], [ -87.446653, 35.213033 ], [ -87.446691, 35.213034 ], [ -87.446747, 35.213035 ], [ -87.446789, 35.213036 ], [ -87.44708, 35.213043 ], [ -87.447182, 35.213041 ], [ -87.447278, 35.21304 ], [ -87.44758, 35.213043 ], [ -87.447827, 35.213069 ], [ -87.448299, 35.213161 ], [ -87.448493, 35.213214 ], [ -87.448802, 35.213311 ], [ -87.448917, 35.213355 ], [ -87.44931, 35.213522 ], [ -87.449446, 35.213596 ], [ -87.449883, 35.213805 ], [ -87.450186, 35.213928 ], [ -87.450641, 35.214033 ], [ -87.451166, 35.214128 ], [ -87.451573, 35.214169 ], [ -87.451995, 35.214234 ], [ -87.452313, 35.214282 ], [ -87.45282, 35.21436 ], [ -87.453449, 35.214447 ], [ -87.453634, 35.214443 ], [ -87.453882, 35.214437 ], [ -87.454257, 35.214412 ], [ -87.454569, 35.214324 ], [ -87.454584, 35.214315 ], [ -87.454764, 35.214214 ], [ -87.454873, 35.214019 ], [ -87.455153, 35.213419 ], [ -87.455548, 35.212619 ], [ -87.455794, 35.212229 ], [ -87.455927, 35.212117 ], [ -87.45619, 35.212023 ], [ -87.45623, 35.212009 ], [ -87.456975, 35.211967 ], [ -87.457113, 35.211984 ], [ -87.457151, 35.211993 ], [ -87.457277, 35.212025 ], [ -87.457543, 35.212116 ], [ -87.457774, 35.212164 ], [ -87.457798, 35.212169 ], [ -87.458158, 35.21223 ], [ -87.45853, 35.212276 ], [ -87.459204, 35.212373 ], [ -87.459398, 35.212412 ], [ -87.459558, 35.212495 ], [ -87.459654, 35.212566 ], [ -87.459811, 35.212683 ], [ -87.460015, 35.212853 ], [ -87.460162, 35.212969 ], [ -87.460195, 35.212942 ], [ -87.460245, 35.212904 ], [ -87.4603, 35.212868 ], [ -87.460336, 35.212845 ], [ -87.46041, 35.212899 ], [ -87.460632, 35.213061 ], [ -87.460706, 35.213116 ], [ -87.46088, 35.21321 ], [ -87.461135, 35.213281 ], [ -87.461805, 35.213264 ], [ -87.461979, 35.213237 ], [ -87.462146, 35.213182 ], [ -87.462347, 35.213011 ], [ -87.462387, 35.212934 ], [ -87.46236, 35.212715 ], [ -87.462119, 35.21205 ], [ -87.462065, 35.211544 ], [ -87.461971, 35.210989 ], [ -87.461851, 35.210527 ], [ -87.461643, 35.209972 ], [ -87.461482, 35.209631 ], [ -87.461194, 35.209126 ], [ -87.461087, 35.208939 ], [ -87.460886, 35.208691 ], [ -87.460491, 35.208389 ], [ -87.460303, 35.208109 ], [ -87.460156, 35.207944 ], [ -87.459901, 35.207696 ], [ -87.459399, 35.207262 ], [ -87.459298, 35.207114 ], [ -87.459358, 35.207037 ], [ -87.459673, 35.206883 ], [ -87.45978, 35.206855 ], [ -87.46045, 35.206795 ], [ -87.460731, 35.206696 ], [ -87.4612, 35.206465 ], [ -87.461582, 35.206311 ], [ -87.461823, 35.206294 ], [ -87.462004, 35.206316 ], [ -87.462305, 35.206404 ], [ -87.462579, 35.206437 ], [ -87.463129, 35.206294 ], [ -87.463363, 35.206272 ], [ -87.464147, 35.206415 ], [ -87.465031, 35.206503 ], [ -87.465419, 35.206574 ], [ -87.465834, 35.206695 ], [ -87.466611, 35.207024 ], [ -87.466933, 35.207195 ], [ -87.467328, 35.207524 ], [ -87.467496, 35.207695 ], [ -87.467757, 35.208052 ], [ -87.468025, 35.208354 ], [ -87.468085, 35.208459 ], [ -87.468085, 35.208657 ], [ -87.468119, 35.208772 ], [ -87.468199, 35.208909 ], [ -87.46834, 35.209074 ], [ -87.468387, 35.209184 ], [ -87.46838, 35.209239 ], [ -87.468307, 35.209338 ], [ -87.4683, 35.209388 ], [ -87.468333, 35.209476 ], [ -87.468568, 35.209739 ], [ -87.468662, 35.209921 ], [ -87.468742, 35.210009 ], [ -87.46893, 35.210096 ], [ -87.469265, 35.210322 ], [ -87.469499, 35.210426 ], [ -87.470095, 35.210569 ], [ -87.470363, 35.210673 ], [ -87.470738, 35.210717 ], [ -87.47106, 35.210794 ], [ -87.471348, 35.210805 ], [ -87.471846, 35.210852 ], [ -87.471864, 35.210854 ], [ -87.472701, 35.21087 ], [ -87.473042, 35.210914 ], [ -87.47335, 35.210898 ], [ -87.473511, 35.210931 ], [ -87.473826, 35.210942 ], [ -87.474054, 35.210936 ], [ -87.474188, 35.210903 ], [ -87.474275, 35.210853 ], [ -87.474408, 35.210639 ], [ -87.474462, 35.210469 ], [ -87.474475, 35.210359 ], [ -87.474428, 35.210205 ], [ -87.474268, 35.209903 ], [ -87.474234, 35.20965 ], [ -87.474394, 35.20932 ], [ -87.47495, 35.208517 ], [ -87.47503, 35.208325 ], [ -87.475144, 35.208132 ], [ -87.475244, 35.207945 ], [ -87.475318, 35.207846 ], [ -87.475566, 35.207918 ], [ -87.476329, 35.208006 ], [ -87.476403, 35.208038 ], [ -87.476537, 35.208044 ], [ -87.476812, 35.20822 ], [ -87.476846, 35.208238 ], [ -87.476892, 35.208264 ], [ -87.477783, 35.2085 ], [ -87.47852, 35.208796 ], [ -87.478922, 35.208928 ], [ -87.479819, 35.209302 ], [ -87.479873, 35.209378 ], [ -87.480429, 35.209571 ], [ -87.480583, 35.209741 ], [ -87.480348, 35.210448 ], [ -87.480195, 35.210912 ], [ -87.480149, 35.211302 ], [ -87.480149, 35.2115 ], [ -87.48039, 35.211907 ], [ -87.48039, 35.211962 ], [ -87.48045, 35.211978 ], [ -87.480537, 35.212028 ], [ -87.480752, 35.212055 ], [ -87.480844, 35.212038 ], [ -87.480939, 35.212022 ], [ -87.481234, 35.212044 ], [ -87.481502, 35.211956 ], [ -87.481642, 35.211934 ], [ -87.481776, 35.211939 ], [ -87.481857, 35.211967 ], [ -87.482149, 35.212215 ], [ -87.482239, 35.212291 ], [ -87.482239, 35.212647 ], [ -87.482298, 35.21267 ], [ -87.482478, 35.212739 ], [ -87.482538, 35.212763 ], [ -87.483363, 35.213047 ], [ -87.484431, 35.213317 ], [ -87.48447, 35.213325 ], [ -87.485397, 35.213525 ], [ -87.48577, 35.21361 ], [ -87.486227, 35.213831 ], [ -87.486568, 35.213955 ], [ -87.487199, 35.214158 ], [ -87.487616, 35.214281 ], [ -87.487778, 35.214354 ], [ -87.488034, 35.214521 ], [ -87.489015, 35.215499 ], [ -87.489246, 35.21567 ], [ -87.489449, 35.215771 ], [ -87.489605, 35.215848 ], [ -87.489777, 35.215925 ], [ -87.490181, 35.216107 ], [ -87.490936, 35.216416 ], [ -87.491661, 35.216633 ], [ -87.492387, 35.216837 ], [ -87.49305, 35.217011 ], [ -87.493116, 35.217029 ], [ -87.493417, 35.217021 ], [ -87.493728, 35.217022 ], [ -87.493998, 35.21711 ], [ -87.494253, 35.217137 ], [ -87.494691, 35.217011 ], [ -87.494986, 35.216827 ], [ -87.49521, 35.216606 ], [ -87.495465, 35.216165 ], [ -87.495688, 35.216059 ], [ -87.495906, 35.216051 ], [ -87.496133, 35.216092 ], [ -87.496407, 35.216233 ], [ -87.496753, 35.21655 ], [ -87.496766, 35.216562 ], [ -87.497068, 35.216886 ], [ -87.497466, 35.217288 ], [ -87.497729, 35.217608 ], [ -87.497885, 35.217797 ], [ -87.497978, 35.217908 ], [ -87.498152, 35.218053 ], [ -87.498282, 35.218115 ], [ -87.498404, 35.21814 ], [ -87.498533, 35.218129 ], [ -87.498744, 35.218065 ], [ -87.498821, 35.218038 ], [ -87.499087, 35.217946 ], [ -87.499507, 35.217806 ], [ -87.499843, 35.217709 ], [ -87.500272, 35.217569 ], [ -87.501698, 35.217119 ], [ -87.501936, 35.217047 ], [ -87.502317, 35.216919 ], [ -87.502592, 35.216862 ], [ -87.502623, 35.216856 ], [ -87.502949, 35.216807 ], [ -87.503325, 35.216767 ], [ -87.503678, 35.216745 ], [ -87.503901, 35.21672 ], [ -87.50439, 35.216665 ], [ -87.504513, 35.216656 ], [ -87.504718, 35.216643 ], [ -87.505479, 35.216554 ], [ -87.505807, 35.216523 ], [ -87.506129, 35.216576 ], [ -87.506275, 35.216613 ], [ -87.506342, 35.216633 ], [ -87.506635, 35.216721 ], [ -87.506938, 35.216792 ], [ -87.506958, 35.216797 ], [ -87.507308, 35.216904 ], [ -87.50763, 35.217016 ], [ -87.507811, 35.217114 ], [ -87.507888, 35.217164 ], [ -87.508056, 35.217274 ], [ -87.508257, 35.217452 ], [ -87.508582, 35.217728 ], [ -87.508869, 35.217959 ], [ -87.509086, 35.218079 ], [ -87.509362, 35.218191 ], [ -87.509746, 35.218311 ], [ -87.510579, 35.218551 ], [ -87.510703, 35.218587 ], [ -87.510971, 35.218627 ], [ -87.511176, 35.218613 ], [ -87.511473, 35.218527 ], [ -87.511574, 35.21848 ], [ -87.511743, 35.218403 ], [ -87.512094, 35.218255 ], [ -87.512425, 35.218144 ], [ -87.512756, 35.218039 ], [ -87.513688, 35.21778 ], [ -87.51382, 35.217744 ], [ -87.514761, 35.21749 ], [ -87.51533, 35.217292 ], [ -87.515577, 35.217194 ], [ -87.516371, 35.216891 ], [ -87.516887, 35.216789 ], [ -87.51766, 35.216771 ], [ -87.518048, 35.21673 ], [ -87.518495, 35.216665 ], [ -87.518882, 35.216575 ], [ -87.519201, 35.216455 ], [ -87.519556, 35.216309 ], [ -87.519753, 35.216219 ], [ -87.520005, 35.21609 ], [ -87.520092, 35.216042 ], [ -87.520369, 35.215892 ], [ -87.52078, 35.215717 ], [ -87.521332, 35.215446 ], [ -87.522114, 35.215104 ], [ -87.522194, 35.215157 ], [ -87.522314, 35.215173 ], [ -87.523219, 35.215113 ], [ -87.523426, 35.215118 ], [ -87.523888, 35.21513 ], [ -87.524578, 35.215053 ], [ -87.525127, 35.215048 ], [ -87.525235, 35.215125 ], [ -87.525677, 35.215196 ], [ -87.525898, 35.215268 ], [ -87.526574, 35.215565 ], [ -87.526828, 35.215631 ], [ -87.527303, 35.215663 ], [ -87.52796, 35.215708 ], [ -87.528633, 35.215727 ], [ -87.529286, 35.215746 ], [ -87.529688, 35.215758 ], [ -87.530485, 35.215846 ], [ -87.530954, 35.21583 ], [ -87.531238, 35.215799 ], [ -87.531416, 35.21578 ], [ -87.531738, 35.215693 ], [ -87.531869, 35.215639 ], [ -87.532056, 35.215753 ], [ -87.532068, 35.215762 ], [ -87.532329, 35.21597 ], [ -87.532518, 35.216173 ], [ -87.532579, 35.216242 ], [ -87.532708, 35.216387 ], [ -87.53273, 35.216422 ], [ -87.532839, 35.216426 ], [ -87.533015, 35.216444 ], [ -87.533266, 35.21647 ], [ -87.533499, 35.216522 ], [ -87.533716, 35.216593 ], [ -87.533945, 35.216736 ], [ -87.534176, 35.216931 ], [ -87.534341, 35.217044 ], [ -87.534648, 35.217269 ], [ -87.534929, 35.217485 ], [ -87.535268, 35.217722 ], [ -87.535514, 35.217894 ], [ -87.535678, 35.218032 ], [ -87.535807, 35.218133 ], [ -87.535949, 35.21823 ], [ -87.536087, 35.218305 ], [ -87.536273, 35.218396 ], [ -87.536517, 35.218494 ], [ -87.53711, 35.218701 ], [ -87.537237, 35.218758 ], [ -87.537418, 35.21883 ], [ -87.537817, 35.219009 ], [ -87.538053, 35.219122 ], [ -87.538437, 35.2193 ], [ -87.538951, 35.219503 ], [ -87.539292, 35.219667 ], [ -87.539458, 35.219736 ], [ -87.539585, 35.219778 ], [ -87.539845, 35.219847 ], [ -87.540039, 35.219884 ], [ -87.540343, 35.219936 ], [ -87.541063, 35.220075 ], [ -87.541399, 35.220153 ], [ -87.54153, 35.220194 ], [ -87.541684, 35.220254 ], [ -87.541818, 35.220312 ], [ -87.541837, 35.22032 ], [ -87.542014, 35.220407 ], [ -87.542547, 35.220609 ], [ -87.542709, 35.220659 ], [ -87.543067, 35.220787 ], [ -87.543108, 35.220798 ], [ -87.543167, 35.220816 ], [ -87.543205, 35.220826 ], [ -87.543431, 35.220907 ], [ -87.543569, 35.220965 ], [ -87.5437, 35.221036 ], [ -87.544372, 35.221377 ], [ -87.54472, 35.221567 ], [ -87.54502, 35.221737 ], [ -87.545337, 35.221924 ], [ -87.545948, 35.222309 ], [ -87.546404, 35.222573 ], [ -87.546815, 35.222777 ], [ -87.547185, 35.222953 ], [ -87.548045, 35.223317 ], [ -87.548302, 35.223411 ], [ -87.548561, 35.223502 ], [ -87.548778, 35.223569 ], [ -87.548984, 35.223632 ], [ -87.549091, 35.223659 ], [ -87.549212, 35.223678 ], [ -87.549454, 35.223685 ], [ -87.549622, 35.223658 ], [ -87.550127, 35.223535 ], [ -87.550496, 35.223426 ], [ -87.550781, 35.22333 ], [ -87.55095, 35.223282 ], [ -87.55101, 35.223258 ], [ -87.55121, 35.223177 ], [ -87.551503, 35.223063 ], [ -87.551663, 35.223008 ], [ -87.551835, 35.222959 ], [ -87.552136, 35.22292 ], [ -87.552456, 35.222914 ], [ -87.55259, 35.222925 ], [ -87.552713, 35.222945 ], [ -87.553029, 35.223027 ], [ -87.553953, 35.223256 ], [ -87.55444, 35.223363 ], [ -87.554842, 35.223416 ], [ -87.55503, 35.223427 ], [ -87.55522, 35.223433 ], [ -87.555532, 35.223406 ], [ -87.555673, 35.223372 ], [ -87.555788, 35.22335 ], [ -87.555906, 35.223305 ], [ -87.55602, 35.223248 ], [ -87.556291, 35.223093 ], [ -87.55657, 35.222926 ], [ -87.556728, 35.222841 ], [ -87.557154, 35.222652 ], [ -87.557769, 35.222363 ], [ -87.558294, 35.222137 ], [ -87.558459, 35.222044 ], [ -87.558635, 35.221935 ], [ -87.558792, 35.221827 ], [ -87.559494, 35.22128 ], [ -87.559672, 35.221128 ], [ -87.559785, 35.221016 ], [ -87.559865, 35.220904 ], [ -87.559968, 35.22074 ], [ -87.56016, 35.220454 ], [ -87.560239, 35.220383 ], [ -87.560338, 35.220313 ], [ -87.560428, 35.22027 ], [ -87.560515, 35.220248 ], [ -87.560622, 35.220228 ], [ -87.560723, 35.220228 ], [ -87.560813, 35.220246 ], [ -87.560908, 35.220284 ], [ -87.561036, 35.220363 ], [ -87.561129, 35.220443 ], [ -87.561226, 35.220518 ], [ -87.561563, 35.220791 ], [ -87.561928, 35.22108 ], [ -87.562319, 35.22136 ], [ -87.562512, 35.221476 ], [ -87.562947, 35.221691 ], [ -87.563132, 35.221765 ], [ -87.563269, 35.221807 ], [ -87.563393, 35.221825 ], [ -87.563505, 35.221828 ], [ -87.563623, 35.221819 ], [ -87.563732, 35.221786 ], [ -87.563862, 35.221727 ], [ -87.564007, 35.221646 ], [ -87.564645, 35.221346 ], [ -87.565114, 35.221176 ], [ -87.565241, 35.221336 ], [ -87.565502, 35.221732 ], [ -87.566071, 35.222419 ], [ -87.566138, 35.222528 ], [ -87.566232, 35.222776 ], [ -87.566326, 35.223183 ], [ -87.566433, 35.223348 ], [ -87.566473, 35.223479 ], [ -87.566674, 35.224128 ], [ -87.567029, 35.224024 ], [ -87.567303, 35.223918 ], [ -87.567505, 35.223842 ], [ -87.56784, 35.22376 ], [ -87.568021, 35.223683 ], [ -87.568878, 35.223193 ], [ -87.569099, 35.223155 ], [ -87.569123, 35.223154 ], [ -87.569742, 35.223149 ], [ -87.569786, 35.223136 ], [ -87.56995, 35.223089 ], [ -87.570794, 35.222962 ], [ -87.57165, 35.222957 ], [ -87.571852, 35.222957 ], [ -87.572466, 35.223051 ], [ -87.57289, 35.223116 ], [ -87.573614, 35.223374 ], [ -87.574203, 35.223534 ], [ -87.574491, 35.223649 ], [ -87.574806, 35.22366 ], [ -87.575041, 35.223699 ], [ -87.575543, 35.224001 ], [ -87.576213, 35.224133 ], [ -87.57634, 35.22421 ], [ -87.576541, 35.224451 ], [ -87.576722, 35.22455 ], [ -87.576926, 35.224598 ], [ -87.577325, 35.224693 ], [ -87.577452, 35.224748 ], [ -87.578223, 35.224896 ], [ -87.578497, 35.224979 ], [ -87.578732, 35.225094 ], [ -87.578732, 35.224993 ], [ -87.578735, 35.224477 ], [ -87.578751, 35.222515 ], [ -87.578755, 35.222103 ], [ -87.578758, 35.221863 ], [ -87.578765, 35.220686 ], [ -87.578788, 35.217158 ], [ -87.578791, 35.216702 ], [ -87.578796, 35.215984 ], [ -87.578817, 35.212809 ], [ -87.578819, 35.212544 ], [ -87.578825, 35.210864 ], [ -87.57885, 35.20329 ], [ -87.578861, 35.200186 ], [ -87.578862, 35.200117 ], [ -87.578863, 35.199386 ], [ -87.578866, 35.19881 ], [ -87.578875, 35.197196 ], [ -87.578879, 35.196656 ], [ -87.57888, 35.196467 ], [ -87.578882, 35.195941 ], [ -87.578892, 35.194368 ], [ -87.578897, 35.193846 ], [ -87.578904, 35.192465 ], [ -87.578932, 35.188475 ], [ -87.578932, 35.188331 ], [ -87.578943, 35.186953 ], [ -87.578626, 35.187079 ], [ -87.577306, 35.187366 ], [ -87.577102, 35.18745 ], [ -87.576885, 35.187575 ], [ -87.576709, 35.187725 ], [ -87.576568, 35.18784 ], [ -87.576444, 35.18796 ], [ -87.57638, 35.188097 ], [ -87.576363, 35.188538 ], [ -87.576341, 35.188807 ], [ -87.576307, 35.189004 ], [ -87.576162, 35.189346 ], [ -87.576003, 35.189603 ], [ -87.575879, 35.189838 ], [ -87.575854, 35.190001 ], [ -87.575879, 35.190168 ], [ -87.575896, 35.190728 ], [ -87.574525, 35.19058 ], [ -87.574151, 35.190554 ], [ -87.572654, 35.190451 ], [ -87.572996, 35.188096 ], [ -87.573029, 35.187864 ], [ -87.573227, 35.186507 ], [ -87.57366, 35.183523 ], [ -87.573814, 35.182511 ], [ -87.574396, 35.17869 ], [ -87.575637, 35.170534 ], [ -87.57624, 35.166574 ], [ -87.576245, 35.166542 ], [ -87.576187, 35.166518 ], [ -87.576153, 35.166499 ], [ -87.576027, 35.166412 ], [ -87.575998, 35.166378 ], [ -87.575969, 35.166367 ], [ -87.575918, 35.166313 ], [ -87.575885, 35.166294 ], [ -87.575872, 35.16626 ], [ -87.575761, 35.166168 ], [ -87.575667, 35.166057 ], [ -87.575632, 35.166039 ], [ -87.575538, 35.165929 ], [ -87.575434, 35.165826 ], [ -87.575374, 35.165746 ], [ -87.575348, 35.165711 ], [ -87.575246, 35.165606 ], [ -87.575202, 35.165548 ], [ -87.575176, 35.165522 ], [ -87.575133, 35.165472 ], [ -87.575113, 35.165441 ], [ -87.575059, 35.165388 ], [ -87.575013, 35.16533 ], [ -87.574986, 35.165304 ], [ -87.574893, 35.165187 ], [ -87.574864, 35.165162 ], [ -87.574793, 35.165075 ], [ -87.574681, 35.164926 ], [ -87.574521, 35.164673 ], [ -87.574469, 35.164577 ], [ -87.574411, 35.164375 ], [ -87.574408, 35.16434 ], [ -87.574441, 35.164277 ], [ -87.574505, 35.164112 ], [ -87.574511, 35.164077 ], [ -87.574588, 35.163953 ], [ -87.574615, 35.163927 ], [ -87.574688, 35.163804 ], [ -87.574733, 35.163745 ], [ -87.574772, 35.163684 ], [ -87.574802, 35.16362 ], [ -87.574825, 35.163592 ], [ -87.574834, 35.163557 ], [ -87.574876, 35.163499 ], [ -87.574883, 35.163464 ], [ -87.574969, 35.163349 ], [ -87.574978, 35.163314 ], [ -87.575025, 35.163258 ], [ -87.575035, 35.163224 ], [ -87.575078, 35.163166 ], [ -87.575096, 35.163135 ], [ -87.57516, 35.163047 ], [ -87.575188, 35.163022 ], [ -87.5752, 35.162988 ], [ -87.575218, 35.162967 ], [ -87.575249, 35.162933 ], [ -87.575261, 35.162901 ], [ -87.575292, 35.162877 ], [ -87.575307, 35.162845 ], [ -87.575328, 35.162815 ], [ -87.575358, 35.162791 ], [ -87.575374, 35.162759 ], [ -87.57549, 35.162659 ], [ -87.575536, 35.162603 ], [ -87.575572, 35.162582 ], [ -87.575593, 35.162554 ], [ -87.575671, 35.162477 ], [ -87.575734, 35.162431 ], [ -87.57576, 35.162405 ], [ -87.575913, 35.162284 ], [ -87.575995, 35.162206 ], [ -87.576028, 35.162183 ], [ -87.576055, 35.162156 ], [ -87.576076, 35.162126 ], [ -87.576111, 35.162104 ], [ -87.576156, 35.162047 ], [ -87.576264, 35.161939 ], [ -87.576307, 35.161881 ], [ -87.576334, 35.161852 ], [ -87.576395, 35.161762 ], [ -87.57644, 35.161705 ], [ -87.576519, 35.161582 ], [ -87.576568, 35.161525 ], [ -87.576669, 35.16137 ], [ -87.576705, 35.161306 ], [ -87.576729, 35.161277 ], [ -87.576801, 35.161109 ], [ -87.576819, 35.16104 ], [ -87.576833, 35.161007 ], [ -87.576864, 35.160824 ], [ -87.576885, 35.160794 ], [ -87.576904, 35.160728 ], [ -87.576948, 35.16063 ], [ -87.577072, 35.160485 ], [ -87.577208, 35.160345 ], [ -87.577322, 35.160239 ], [ -87.577452, 35.160097 ], [ -87.577556, 35.159945 ], [ -87.57759, 35.159883 ], [ -87.577678, 35.159765 ], [ -87.577722, 35.159668 ], [ -87.577722, 35.159632 ], [ -87.577738, 35.1596 ], [ -87.577748, 35.159567 ], [ -87.577752, 35.159532 ], [ -87.577796, 35.1594 ], [ -87.577802, 35.159365 ], [ -87.577795, 35.159295 ], [ -87.577791, 35.159121 ], [ -87.57779, 35.159057 ], [ -87.577785, 35.15904 ], [ -87.577781, 35.159015 ], [ -87.577779, 35.15896 ], [ -87.577772, 35.158928 ], [ -87.577767, 35.158827 ], [ -87.577759, 35.15876 ], [ -87.577753, 35.158623 ], [ -87.577742, 35.158556 ], [ -87.577733, 35.158419 ], [ -87.577706, 35.158249 ], [ -87.577686, 35.158184 ], [ -87.577656, 35.158015 ], [ -87.577657, 35.157979 ], [ -87.577637, 35.157913 ], [ -87.577619, 35.157776 ], [ -87.577572, 35.157644 ], [ -87.577568, 35.157609 ], [ -87.57752, 35.157476 ], [ -87.577501, 35.157444 ], [ -87.577479, 35.157378 ], [ -87.577462, 35.157346 ], [ -87.577365, 35.157082 ], [ -87.577339, 35.156946 ], [ -87.577315, 35.15688 ], [ -87.577292, 35.156778 ], [ -87.577253, 35.156644 ], [ -87.577229, 35.156614 ], [ -87.577201, 35.15655 ], [ -87.577181, 35.156519 ], [ -87.577084, 35.156327 ], [ -87.577047, 35.156264 ], [ -87.577036, 35.15623 ], [ -87.576901, 35.156011 ], [ -87.576792, 35.155859 ], [ -87.576611, 35.155617 ], [ -87.576557, 35.15552 ], [ -87.576514, 35.155422 ], [ -87.576505, 35.155388 ], [ -87.576472, 35.155324 ], [ -87.57641, 35.155159 ], [ -87.576393, 35.155085 ], [ -87.576383, 35.155059 ], [ -87.576377, 35.15499 ], [ -87.576382, 35.154814 ], [ -87.576393, 35.154745 ], [ -87.576421, 35.154647 ], [ -87.57646, 35.154549 ], [ -87.576531, 35.154425 ], [ -87.57654, 35.154391 ], [ -87.576555, 35.15436 ], [ -87.576577, 35.154329 ], [ -87.576603, 35.154264 ], [ -87.576666, 35.154135 ], [ -87.576695, 35.154032 ], [ -87.576781, 35.15365 ], [ -87.576815, 35.153438 ], [ -87.57682, 35.153193 ], [ -87.576819, 35.153088 ], [ -87.576812, 35.15302 ], [ -87.57681, 35.152915 ], [ -87.576789, 35.152742 ], [ -87.57679, 35.152707 ], [ -87.576772, 35.15257 ], [ -87.576768, 35.152501 ], [ -87.576753, 35.152434 ], [ -87.576753, 35.152398 ], [ -87.576736, 35.152366 ], [ -87.576719, 35.152239 ], [ -87.576702, 35.152171 ], [ -87.576699, 35.152135 ], [ -87.57677, 35.152125 ], [ -87.57685, 35.152164 ], [ -87.577132, 35.152411 ], [ -87.57746, 35.152697 ], [ -87.577694, 35.152933 ], [ -87.577921, 35.153235 ], [ -87.578126, 35.153652 ], [ -87.578254, 35.154173 ], [ -87.578323, 35.154455 ], [ -87.578372, 35.154561 ], [ -87.578417, 35.154659 ], [ -87.578544, 35.154868 ], [ -87.578665, 35.155005 ], [ -87.578939, 35.155214 ], [ -87.579274, 35.155286 ], [ -87.579495, 35.155335 ], [ -87.579649, 35.155431 ], [ -87.579997, 35.155648 ], [ -87.580325, 35.155785 ], [ -87.580539, 35.15584 ], [ -87.58088, 35.155785 ], [ -87.581396, 35.155769 ], [ -87.582179, 35.155642 ], [ -87.582635, 35.155598 ], [ -87.583377, 35.155527 ], [ -87.583407, 35.155522 ], [ -87.583406, 35.155366 ], [ -87.583406, 35.154901 ], [ -87.583406, 35.154746 ], [ -87.583406, 35.153791 ], [ -87.583406, 35.150928 ], [ -87.583406, 35.149974 ], [ -87.583406, 35.147009 ], [ -87.583407, 35.144337 ], [ -87.583407, 35.143109 ], [ -87.5862, 35.143003 ], [ -87.588391, 35.142872 ], [ -87.590376, 35.142756 ], [ -87.590375, 35.141809 ], [ -87.590375, 35.141781 ], [ -87.590347, 35.140426 ], [ -87.590267, 35.136363 ], [ -87.590241, 35.135009 ], [ -87.590238, 35.134847 ], [ -87.59012, 35.128821 ], [ -87.590047, 35.125081 ], [ -87.589786, 35.111247 ], [ -87.589767, 35.110258 ], [ -87.589653, 35.104173 ], [ -87.589651, 35.104071 ], [ -87.589606, 35.101708 ], [ -87.589474, 35.094622 ], [ -87.589431, 35.092261 ], [ -87.589259, 35.082527 ], [ -87.589103, 35.073695 ], [ -87.588944, 35.064694 ], [ -87.588857, 35.05979 ], [ -87.588833, 35.058431 ], [ -87.583732, 35.058417 ], [ -87.583424, 35.058417 ], [ -87.583612, 35.053938 ], [ -87.578671, 35.053818 ], [ -87.577276, 35.053785 ], [ -87.577355, 35.052176 ], [ -87.577411, 35.051046 ], [ -87.572706, 35.050904 ], [ -87.57275, 35.049051 ], [ -87.574073, 35.049076 ], [ -87.577078, 35.049133 ], [ -87.57714, 35.049134 ], [ -87.580228, 35.049192 ], [ -87.58134, 35.049214 ], [ -87.581343, 35.045024 ], [ -87.579751, 35.04495 ], [ -87.579693, 35.04239 ], [ -87.579625, 35.039328 ], [ -87.579624, 35.03924 ], [ -87.579618, 35.039059 ], [ -87.579606, 35.03852 ], [ -87.579604, 35.038341 ], [ -87.579598, 35.038068 ], [ -87.579588, 35.037602 ], [ -87.579241, 35.037545 ], [ -87.578972, 35.037502 ], [ -87.578583, 35.03744 ], [ -87.578596, 35.036912 ], [ -87.578649, 35.03487 ], [ -87.579371, 35.034869 ], [ -87.580194, 35.034869 ], [ -87.580293, 35.034869 ], [ -87.580734, 35.034867 ], [ -87.582063, 35.034865 ], [ -87.582506, 35.034866 ], [ -87.58272, 35.034865 ], [ -87.583035, 35.034865 ], [ -87.583587, 35.034865 ], [ -87.584605, 35.03468 ], [ -87.584933, 35.034621 ], [ -87.585127, 35.034587 ], [ -87.585197, 35.034574 ], [ -87.585307, 35.034555 ], [ -87.58541, 35.034561 ], [ -87.585482, 35.034566 ], [ -87.585663, 35.034565 ], [ -87.586206, 35.034562 ], [ -87.586237, 35.034562 ], [ -87.586387, 35.034561 ], [ -87.587875, 35.034661 ], [ -87.592342, 35.034961 ], [ -87.593831, 35.035062 ], [ -87.59627, 35.035227 ], [ -87.596887, 35.035268 ], [ -87.605733, 35.035865 ], [ -87.605774, 35.035544 ], [ -87.606071, 35.033256 ], [ -87.606102, 35.033013 ], [ -87.606134, 35.032771 ], [ -87.606168, 35.032507 ], [ -87.606169, 35.032495 ], [ -87.606174, 35.032459 ], [ -87.606176, 35.032448 ], [ -87.606187, 35.03236 ], [ -87.606189, 35.032346 ], [ -87.606208, 35.0322 ], [ -87.606214, 35.032153 ], [ -87.606222, 35.032089 ], [ -87.606228, 35.032042 ], [ -87.606241, 35.031945 ], [ -87.606244, 35.031918 ], [ -87.60625, 35.031877 ], [ -87.606496, 35.029968 ], [ -87.607236, 35.024249 ], [ -87.607485, 35.022343 ], [ -87.607593, 35.022322 ], [ -87.607818, 35.022246 ], [ -87.607927, 35.022207 ], [ -87.608204, 35.022107 ], [ -87.608458, 35.022009 ], [ -87.608657, 35.021904 ], [ -87.609047, 35.021645 ], [ -87.609161, 35.021568 ], [ -87.609531, 35.021322 ], [ -87.609552, 35.021314 ], [ -87.609807, 35.021159 ], [ -87.610246, 35.020935 ], [ -87.610458, 35.020812 ], [ -87.610547, 35.020748 ], [ -87.610646, 35.020678 ], [ -87.610836, 35.020511 ], [ -87.611166, 35.020228 ], [ -87.611455, 35.019959 ], [ -87.611755, 35.01965 ], [ -87.611835, 35.019537 ], [ -87.611883, 35.019439 ], [ -87.611918, 35.019256 ], [ -87.611925, 35.019006 ], [ -87.611881, 35.018639 ], [ -87.611836, 35.018469 ], [ -87.611793, 35.018216 ], [ -87.611704, 35.017914 ], [ -87.611608, 35.017589 ], [ -87.611341, 35.01683 ], [ -87.61131, 35.016771 ], [ -87.61122, 35.016599 ], [ -87.611208, 35.016577 ], [ -87.611192, 35.016542 ], [ -87.611172, 35.016494 ], [ -87.611133, 35.016402 ], [ -87.611104, 35.016357 ], [ -87.611076, 35.016315 ], [ -87.610861, 35.015983 ], [ -87.610554, 35.01559 ], [ -87.610268, 35.015184 ], [ -87.609954, 35.014672 ], [ -87.60983, 35.014435 ], [ -87.609707, 35.014202 ], [ -87.609631, 35.014012 ], [ -87.609591, 35.013824 ], [ -87.609572, 35.01365 ], [ -87.609572, 35.013516 ], [ -87.609589, 35.013404 ], [ -87.609648, 35.013256 ], [ -87.609796, 35.012982 ], [ -87.609975, 35.012665 ], [ -87.610164, 35.012178 ], [ -87.610305, 35.011643 ], [ -87.610333, 35.011316 ], [ -87.610311, 35.010967 ], [ -87.610255, 35.010617 ], [ -87.610114, 35.010104 ], [ -87.609956, 35.00947 ], [ -87.609761, 35.008801 ], [ -87.609699, 35.008554 ], [ -87.609557, 35.008201 ], [ -87.609461, 35.007992 ], [ -87.609385, 35.007825 ], [ -87.609152, 35.00738 ], [ -87.608937, 35.007007 ], [ -87.608704, 35.006678 ], [ -87.608403, 35.006297 ], [ -87.608294, 35.006171 ], [ -87.608238, 35.006107 ], [ -87.608094, 35.005943 ], [ -87.608026, 35.005867 ], [ -87.607689, 35.005492 ], [ -87.607518, 35.005259 ], [ -87.607473, 35.005162 ], [ -87.607459, 35.005104 ], [ -87.607421, 35.004944 ], [ -87.607396, 35.004792 ], [ -87.607373, 35.004658 ], [ -87.60737, 35.004637 ], [ -87.607341, 35.004546 ], [ -87.607304, 35.00451 ], [ -87.607221, 35.004453 ], [ -87.60712, 35.004407 ], [ -87.607097, 35.004396 ], [ -87.607057, 35.004377 ], [ -87.606975, 35.004339 ], [ -87.606905, 35.004305 ], [ -87.606887, 35.004297 ], [ -87.606703, 35.004193 ], [ -87.606693, 35.004188 ], [ -87.606642, 35.004149 ], [ -87.606523, 35.004062 ], [ -87.60638, 35.00392 ], [ -87.606267, 35.003777 ], [ -87.606043, 35.003436 ], [ -87.606031, 35.003425 ], [ -87.607635, 35.003471 ], [ -87.607808, 35.003477 ], [ -87.615155, 35.003544 ], [ -87.615556, 35.003547 ], [ -87.61676, 35.003557 ], [ -87.617162, 35.003561 ], [ -87.617369, 35.00357 ], [ -87.617989, 35.003597 ], [ -87.618197, 35.003607 ], [ -87.618388, 35.003609 ], [ -87.618962, 35.003616 ], [ -87.619154, 35.003619 ], [ -87.619177, 35.003619 ], [ -87.619246, 35.003619 ], [ -87.61927, 35.00362 ], [ -87.619294, 35.00362 ], [ -87.619366, 35.003621 ], [ -87.61939, 35.003622 ], [ -87.620095, 35.003631 ], [ -87.622213, 35.003658 ], [ -87.622919, 35.003667 ], [ -87.623908, 35.003697 ], [ -87.625194, 35.003737 ], [ -87.626877, 35.003732 ], [ -87.627867, 35.00373 ], [ -87.628655, 35.003727 ], [ -87.631019, 35.003721 ], [ -87.631808, 35.003719 ], [ -87.63213, 35.003718 ], [ -87.633096, 35.003717 ], [ -87.633419, 35.003717 ], [ -87.633434, 35.003717 ], [ -87.633481, 35.003717 ], [ -87.633497, 35.003717 ], [ -87.634933, 35.003714 ], [ -87.639242, 35.003707 ], [ -87.640679, 35.003705 ], [ -87.640903, 35.0037 ], [ -87.641576, 35.003688 ], [ -87.641801, 35.003685 ], [ -87.6421, 35.003679 ], [ -87.643, 35.003664 ], [ -87.6433, 35.003659 ], [ -87.646152, 35.00364 ], [ -87.65471, 35.003585 ], [ -87.657563, 35.003567 ], [ -87.662256, 35.003537 ], [ -87.665805, 35.003617 ], [ -87.666989, 35.003603 ], [ -87.669035, 35.003603 ], [ -87.670766, 35.003591 ], [ -87.671624, 35.003598 ], [ -87.671645, 35.003598 ], [ -87.685404, 35.00371 ], [ -87.68655, 35.003726 ], [ -87.68871, 35.003753 ], [ -87.696841, 35.003851 ], [ -87.697606, 35.003872 ], [ -87.700338, 35.003948 ], [ -87.700379, 35.003955 ], [ -87.700502, 35.00398 ], [ -87.700543, 35.003988 ], [ -87.702321, 35.003945 ], [ -87.702399, 35.003919 ], [ -87.709459, 35.004087 ], [ -87.711879, 35.004113 ], [ -87.720248, 35.004208 ], [ -87.722343, 35.004228 ], [ -87.729291, 35.004304 ], [ -87.733965, 35.004331 ], [ -87.738271, 35.004356 ], [ -87.739064, 35.00436 ], [ -87.741446, 35.004373 ], [ -87.74224, 35.004378 ], [ -87.74386, 35.004387 ], [ -87.748723, 35.004414 ], [ -87.750028, 35.004422 ], [ -87.750344, 35.00444 ], [ -87.75046, 35.004447 ], [ -87.750808, 35.004469 ], [ -87.750925, 35.004477 ], [ -87.751558, 35.004496 ], [ -87.759012, 35.004662 ], [ -87.759624, 35.004675 ], [ -87.759708, 35.00468 ], [ -87.759964, 35.004685 ], [ -87.760219, 35.004675 ], [ -87.760658, 35.004644 ], [ -87.760829, 35.004636 ], [ -87.762398, 35.004657 ], [ -87.763208, 35.004663 ], [ -87.763839, 35.004654 ], [ -87.764278, 35.004667 ], [ -87.764813, 35.004667 ], [ -87.764994, 35.00466 ], [ -87.765171, 35.004639 ], [ -87.765431, 35.004594 ], [ -87.765605, 35.004574 ], [ -87.765781, 35.004565 ], [ -87.76623, 35.004568 ], [ -87.766605, 35.004579 ], [ -87.767234, 35.0046 ], [ -87.767547, 35.004605 ], [ -87.768889, 35.004611 ], [ -87.769589, 35.004631 ], [ -87.769851, 35.004638 ], [ -87.770397, 35.004662 ], [ -87.770577, 35.004665 ], [ -87.770932, 35.004661 ], [ -87.771546, 35.004667 ], [ -87.771901, 35.004665 ], [ -87.77271, 35.004671 ], [ -87.772983, 35.004678 ], [ -87.773631, 35.004683 ], [ -87.776383, 35.004782 ], [ -87.779532, 35.004895 ], [ -87.780107, 35.004915 ], [ -87.781835, 35.004977 ], [ -87.782411, 35.004998 ], [ -87.782956, 35.005001 ], [ -87.784591, 35.00501 ], [ -87.785137, 35.005014 ], [ -87.785512, 35.005016 ], [ -87.78664, 35.005022 ], [ -87.787016, 35.005024 ], [ -87.788216, 35.005032 ], [ -87.791817, 35.005056 ], [ -87.793018, 35.005064 ], [ -87.793186, 35.005064 ], [ -87.79369, 35.005065 ], [ -87.793858, 35.005066 ], [ -87.812667, 35.00518 ], [ -87.812786, 35.005169 ], [ -87.813157, 35.005136 ], [ -87.813676, 35.00514 ], [ -87.813691, 35.00514 ], [ -87.819125, 35.005174 ], [ -87.821136, 35.005187 ], [ -87.830514, 35.005203 ], [ -87.84057, 35.005416 ], [ -87.848582, 35.005588 ], [ -87.851602, 35.005561 ], [ -87.851904, 35.005566 ], [ -87.852607, 35.005608 ], [ -87.853268, 35.005561 ], [ -87.855928, 35.005596 ], [ -87.859324, 35.005621 ], [ -87.859651, 35.005623 ], [ -87.860634, 35.00563 ], [ -87.860962, 35.005633 ], [ -87.861978, 35.00564 ], [ -87.865026, 35.005662 ], [ -87.866042, 35.00567 ], [ -87.867808, 35.005683 ], [ -87.86824, 35.005674 ], [ -87.872694, 35.005575 ], [ -87.873118, 35.005546 ], [ -87.874095, 35.005546 ], [ -87.874796, 35.005552 ], [ -87.875777, 35.005563 ], [ -87.876604, 35.005551 ], [ -87.877375, 35.00554 ], [ -87.87755, 35.005524 ], [ -87.877722, 35.00549 ], [ -87.877806, 35.005465 ], [ -87.877825, 35.005458 ], [ -87.881238, 35.005666 ], [ -87.881659, 35.005664 ], [ -87.88197, 35.005668 ], [ -87.882227, 35.005669 ], [ -87.883, 35.005672 ], [ -87.883258, 35.005673 ], [ -87.886795, 35.005685 ], [ -87.897406, 35.005723 ], [ -87.900944, 35.005736 ], [ -87.901178, 35.005737 ], [ -87.90188, 35.00574 ], [ -87.902115, 35.005741 ], [ -87.903152, 35.005745 ], [ -87.905238, 35.005754 ], [ -87.906264, 35.005741 ], [ -87.907302, 35.005729 ], [ -87.907908, 35.005732 ], [ -87.909727, 35.005741 ], [ -87.910334, 35.005745 ], [ -87.910573, 35.005746 ], [ -87.911292, 35.005749 ], [ -87.911532, 35.005751 ], [ -87.912509, 35.005756 ], [ -87.91544, 35.005771 ], [ -87.916417, 35.005777 ], [ -87.91645, 35.005777 ], [ -87.916516, 35.005776 ], [ -87.927065, 35.005802 ], [ -87.938501, 35.005831 ], [ -87.94359, 35.005843 ], [ -87.946596, 35.00585 ], [ -87.955616, 35.005873 ], [ -87.958623, 35.005881 ], [ -87.95901, 35.005882 ], [ -87.960171, 35.005885 ], [ -87.960559, 35.005886 ], [ -87.96206, 35.005889 ], [ -87.966563, 35.005901 ], [ -87.968064, 35.005905 ], [ -87.969184, 35.005907 ], [ -87.972544, 35.005916 ], [ -87.973664, 35.005919 ], [ -87.974458, 35.005917 ], [ -87.97684, 35.00591 ], [ -87.977635, 35.005909 ], [ -87.978153, 35.00591 ], [ -87.979707, 35.005915 ], [ -87.980225, 35.005917 ], [ -87.981163, 35.00592 ], [ -87.983977, 35.005929 ], [ -87.984916, 35.005933 ], [ -87.984916, 35.006335 ], [ -87.984916, 35.007543 ], [ -87.984916, 35.007946 ], [ -87.984915, 35.008644 ], [ -87.984914, 35.010741 ], [ -87.984914, 35.01144 ], [ -87.984912, 35.012347 ], [ -87.984971, 35.01541 ], [ -87.984972, 35.015449 ], [ -87.984971, 35.0155 ], [ -87.984938, 35.020078 ], [ -87.98494, 35.020379 ], [ -87.984941, 35.020519 ], [ -87.984913, 35.021091 ], [ -87.984899, 35.024004 ], [ -87.984878, 35.028525 ], [ -87.984854, 35.033516 ], [ -87.984847, 35.034881 ], [ -87.98483, 35.038507 ], [ -87.98482, 35.040381 ], [ -87.984814, 35.041324 ], [ -87.98481, 35.042255 ], [ -87.984789, 35.046302 ], [ -87.98477, 35.049777 ], [ -87.984767, 35.05035 ], [ -87.984761, 35.051472 ], [ -87.984755, 35.052595 ], [ -87.98475, 35.053502 ], [ -87.984738, 35.056223 ], [ -87.984734, 35.057131 ], [ -87.984723, 35.059005 ], [ -87.984694, 35.06463 ], [ -87.984685, 35.066505 ], [ -87.984672, 35.068718 ], [ -87.984635, 35.075357 ], [ -87.984627, 35.076898 ], [ -87.984621, 35.07757 ], [ -87.984601, 35.079821 ], [ -87.984545, 35.086575 ], [ -87.984527, 35.088827 ], [ -87.984504, 35.091531 ], [ -87.984436, 35.099645 ], [ -87.984414, 35.10235 ], [ -87.984406, 35.103311 ], [ -87.984386, 35.106195 ], [ -87.98438, 35.107157 ], [ -87.984376, 35.10746 ], [ -87.984365, 35.10837 ], [ -87.984362, 35.108674 ], [ -87.984311, 35.11465 ], [ -87.984253, 35.121903 ], [ -87.984252, 35.122038 ], [ -87.984331, 35.125082 ], [ -87.984296, 35.12733 ], [ -87.984229, 35.132134 ], [ -87.985909, 35.131129 ], [ -87.986095, 35.131018 ], [ -87.986276, 35.130925 ], [ -87.986807, 35.130656 ], [ -87.987796, 35.130215 ], [ -87.988074, 35.130092 ], [ -87.98846, 35.129929 ], [ -87.98852, 35.129908 ], [ -87.989389, 35.129604 ], [ -87.989968, 35.129421 ], [ -87.990943, 35.129094 ], [ -87.991776, 35.128844 ], [ -87.992103, 35.128778 ], [ -87.993101, 35.128608 ], [ -87.993899, 35.128473 ], [ -87.994534, 35.128346 ], [ -87.994891, 35.128295 ], [ -87.995316, 35.128248 ], [ -87.995483, 35.128244 ], [ -87.995716, 35.128255 ], [ -87.995772, 35.128261 ], [ -87.996069, 35.128296 ], [ -87.99635, 35.128389 ], [ -87.996468, 35.128421 ], [ -87.996608, 35.128483 ], [ -87.99683, 35.128582 ], [ -87.996873, 35.128603 ], [ -87.997318, 35.128816 ], [ -87.997656, 35.128962 ], [ -87.997854, 35.12902 ], [ -88.000021, 35.129751 ], [ -88.000117, 35.12977 ], [ -88.000345, 35.129833 ], [ -88.00121, 35.130105 ], [ -88.002046, 35.130382 ], [ -88.005255, 35.131398 ], [ -88.005958, 35.131638 ], [ -88.006105, 35.131701 ], [ -88.006425, 35.131839 ], [ -88.006569, 35.131908 ], [ -88.006781, 35.132033 ], [ -88.007796, 35.132636 ], [ -88.007834, 35.132659 ], [ -88.008051, 35.132779 ], [ -88.008591, 35.133052 ], [ -88.009701, 35.13358 ], [ -88.010007, 35.13374 ], [ -88.01066, 35.134128 ], [ -88.013435, 35.135935 ], [ -88.013613, 35.136041 ], [ -88.013736, 35.1361 ], [ -88.014046, 35.136241 ], [ -88.0144, 35.136351 ], [ -88.01458, 35.136387 ], [ -88.014734, 35.136419 ], [ -88.015006, 35.136454 ], [ -88.015153, 35.136467 ], [ -88.015481, 35.136471 ], [ -88.015736, 35.13646 ], [ -88.016059, 35.13642 ], [ -88.016675, 35.136318 ], [ -88.017628, 35.136135 ], [ -88.018292, 35.136023 ], [ -88.019194, 35.135902 ], [ -88.019687, 35.135859 ], [ -88.020314, 35.135833 ], [ -88.020877, 35.135793 ], [ -88.021457, 35.13572 ], [ -88.022333, 35.135571 ], [ -88.024457, 35.135188 ], [ -88.025732, 35.13495 ], [ -88.025872, 35.134925 ], [ -88.027118, 35.1347 ], [ -88.028529, 35.134432 ], [ -88.029686, 35.13425 ], [ -88.029931, 35.134225 ], [ -88.030363, 35.134197 ], [ -88.031101, 35.134194 ], [ -88.031573, 35.134237 ], [ -88.031892, 35.134281 ], [ -88.032114, 35.134322 ], [ -88.032133, 35.134325 ], [ -88.032192, 35.134336 ], [ -88.032212, 35.13434 ], [ -88.032267, 35.13435 ], [ -88.032483, 35.134399 ], [ -88.032824, 35.134498 ], [ -88.032937, 35.13453 ], [ -88.032955, 35.134536 ], [ -88.033279, 35.134649 ], [ -88.033618, 35.134788 ], [ -88.033888, 35.134915 ], [ -88.034221, 35.13509 ], [ -88.034739, 35.135392 ], [ -88.03495, 35.135523 ], [ -88.035587, 35.135921 ], [ -88.035766, 35.136033 ], [ -88.036126, 35.13626 ], [ -88.036303, 35.136372 ], [ -88.036483, 35.136485 ], [ -88.038375, 35.137677 ], [ -88.038924, 35.138018 ], [ -88.039055, 35.1381 ], [ -88.039299, 35.138263 ], [ -88.03958, 35.138467 ], [ -88.04001, 35.138832 ], [ -88.040574, 35.139437 ], [ -88.043091, 35.14226 ], [ -88.043612, 35.142818 ], [ -88.043843, 35.143034 ], [ -88.044269, 35.143369 ], [ -88.044473, 35.143507 ], [ -88.045165, 35.143935 ], [ -88.045197, 35.143955 ], [ -88.045516, 35.144147 ], [ -88.045955, 35.144411 ], [ -88.046728, 35.144889 ], [ -88.047627, 35.145438 ], [ -88.047744, 35.145509 ], [ -88.048047, 35.145695 ], [ -88.048095, 35.145725 ], [ -88.048213, 35.145797 ], [ -88.048452, 35.145942 ], [ -88.048909, 35.146221 ], [ -88.050447, 35.147161 ], [ -88.050768, 35.14738 ], [ -88.050966, 35.147541 ], [ -88.05103, 35.147593 ], [ -88.051282, 35.147824 ], [ -88.05145, 35.148006 ], [ -88.051541, 35.148118 ], [ -88.051608, 35.1482 ], [ -88.051805, 35.14848 ], [ -88.051916, 35.14866 ], [ -88.052616, 35.149795 ], [ -88.052688, 35.149897 ], [ -88.052801, 35.150048 ], [ -88.053007, 35.150308 ], [ -88.053187, 35.150535 ], [ -88.053427, 35.150818 ], [ -88.05349, 35.15089 ], [ -88.053679, 35.151107 ], [ -88.053743, 35.15118 ], [ -88.053782, 35.151224 ], [ -88.053884, 35.151341 ], [ -88.054309, 35.151827 ], [ -88.054451, 35.15199 ], [ -88.055188, 35.152855 ], [ -88.055416, 35.153136 ], [ -88.055748, 35.153606 ], [ -88.055868, 35.153828 ], [ -88.056103, 35.154317 ], [ -88.056608, 35.155369 ], [ -88.056864, 35.155799 ], [ -88.057389, 35.156563 ], [ -88.058983, 35.158777 ], [ -88.059688, 35.159771 ], [ -88.059866, 35.160003 ], [ -88.060081, 35.160262 ], [ -88.060347, 35.160527 ], [ -88.060681, 35.160793 ], [ -88.061019, 35.161023 ], [ -88.061216, 35.161135 ], [ -88.062814, 35.16205 ], [ -88.063538, 35.16248 ], [ -88.063699, 35.162574 ], [ -88.063885, 35.162683 ], [ -88.0644, 35.162967 ], [ -88.064457, 35.162999 ], [ -88.064838, 35.163163 ], [ -88.065072, 35.163249 ], [ -88.066689, 35.163711 ], [ -88.067463, 35.163933 ], [ -88.068001, 35.164086 ], [ -88.068804, 35.164315 ], [ -88.069618, 35.16454 ], [ -88.069698, 35.164563 ], [ -88.069895, 35.16461 ], [ -88.070163, 35.164672 ], [ -88.070412, 35.164719 ], [ -88.070595, 35.164737 ], [ -88.07084, 35.164749 ], [ -88.071137, 35.164738 ], [ -88.071476, 35.164697 ], [ -88.071705, 35.164652 ], [ -88.072433, 35.164485 ], [ -88.072873, 35.164399 ], [ -88.073178, 35.164362 ], [ -88.073566, 35.164348 ], [ -88.07399, 35.164352 ], [ -88.074391, 35.16438 ], [ -88.074524, 35.164402 ], [ -88.074827, 35.164452 ], [ -88.075923, 35.164665 ], [ -88.076189, 35.164734 ], [ -88.076584, 35.164868 ], [ -88.076933, 35.165032 ], [ -88.077709, 35.165471 ], [ -88.077975, 35.165606 ], [ -88.078434, 35.165769 ], [ -88.078611, 35.165816 ], [ -88.079032, 35.16589 ], [ -88.079194, 35.165903 ], [ -88.079467, 35.165909 ], [ -88.08, 35.165894 ], [ -88.080567, 35.165853 ], [ -88.083351, 35.165715 ], [ -88.083911, 35.165703 ], [ -88.084706, 35.16571 ], [ -88.085516, 35.165734 ], [ -88.086043, 35.16577 ], [ -88.086254, 35.165805 ], [ -88.086732, 35.165941 ], [ -88.086867, 35.165992 ], [ -88.08708, 35.166084 ], [ -88.087366, 35.166243 ], [ -88.087633, 35.166391 ], [ -88.08827, 35.1668 ], [ -88.088446, 35.166907 ], [ -88.088902, 35.16714 ], [ -88.089021, 35.167191 ], [ -88.089366, 35.167325 ], [ -88.08951, 35.167372 ], [ -88.090572, 35.167603 ], [ -88.09137, 35.167792 ], [ -88.091437, 35.167809 ], [ -88.091917, 35.167932 ], [ -88.092279, 35.168051 ], [ -88.092872, 35.168247 ], [ -88.093126, 35.168351 ], [ -88.09331, 35.168422 ], [ -88.09377, 35.16864 ], [ -88.094676, 35.169122 ], [ -88.095451, 35.169535 ], [ -88.095485, 35.169554 ], [ -88.095588, 35.169612 ], [ -88.095623, 35.169632 ], [ -88.095675, 35.169661 ], [ -88.095957, 35.169819 ], [ -88.096377, 35.170041 ], [ -88.097664, 35.170721 ], [ -88.09865, 35.171254 ], [ -88.099347, 35.171614 ], [ -88.099412, 35.171649 ], [ -88.099968, 35.171954 ], [ -88.101339, 35.172675 ], [ -88.101754, 35.172894 ], [ -88.102772, 35.173419 ], [ -88.103437, 35.173733 ], [ -88.104494, 35.174205 ], [ -88.105517, 35.174661 ], [ -88.106273, 35.174953 ], [ -88.107329, 35.175308 ], [ -88.107719, 35.175439 ], [ -88.108123, 35.175592 ], [ -88.109342, 35.176151 ], [ -88.109491, 35.17622 ], [ -88.109722, 35.17631 ], [ -88.110062, 35.176428 ], [ -88.110193, 35.176464 ], [ -88.110536, 35.176558 ], [ -88.111364, 35.176785 ], [ -88.111547, 35.17685 ], [ -88.111898, 35.177012 ], [ -88.112089, 35.177115 ], [ -88.112348, 35.17729 ], [ -88.112584, 35.177488 ], [ -88.112779, 35.177681 ], [ -88.113034, 35.177983 ], [ -88.113524, 35.178673 ], [ -88.113703, 35.178926 ], [ -88.114068, 35.179398 ], [ -88.114318, 35.179655 ], [ -88.11445, 35.179791 ], [ -88.114716, 35.180028 ], [ -88.114778, 35.180084 ], [ -88.115129, 35.180352 ], [ -88.116047, 35.180983 ], [ -88.116164, 35.181063 ], [ -88.1165, 35.18129 ], [ -88.116881, 35.181549 ], [ -88.118024, 35.182328 ], [ -88.118405, 35.182588 ], [ -88.119526, 35.183332 ], [ -88.119865, 35.183557 ], [ -88.12013, 35.183708 ], [ -88.120755, 35.184007 ], [ -88.122253, 35.184668 ], [ -88.122633, 35.184804 ], [ -88.122995, 35.184903 ], [ -88.123207, 35.184947 ], [ -88.123343, 35.184975 ], [ -88.123676, 35.185021 ], [ -88.124114, 35.185054 ], [ -88.124212, 35.185058 ], [ -88.124546, 35.18507 ], [ -88.125, 35.185086 ], [ -88.125761, 35.185077 ], [ -88.125785, 35.185077 ], [ -88.126382, 35.185085 ], [ -88.126437, 35.185086 ], [ -88.126842, 35.185102 ], [ -88.127334, 35.185154 ], [ -88.127356, 35.185157 ], [ -88.127513, 35.185179 ], [ -88.127962, 35.185282 ], [ -88.128781, 35.185494 ], [ -88.129153, 35.185591 ], [ -88.129261, 35.185618 ], [ -88.129648, 35.185717 ], [ -88.130384, 35.185905 ], [ -88.130809, 35.186025 ], [ -88.130919, 35.186057 ], [ -88.131188, 35.186154 ], [ -88.131228, 35.186175 ], [ -88.131351, 35.186239 ], [ -88.131392, 35.186261 ], [ -88.131751, 35.18647 ], [ -88.131852, 35.186545 ], [ -88.132131, 35.18675 ], [ -88.133001, 35.187491 ], [ -88.133108, 35.187576 ], [ -88.133477, 35.187873 ], [ -88.133535, 35.18791 ], [ -88.1338, 35.18807 ], [ -88.133828, 35.188083 ], [ -88.134161, 35.18825 ], [ -88.134529, 35.188384 ], [ -88.134766, 35.188447 ], [ -88.134779, 35.188449 ], [ -88.135115, 35.188511 ], [ -88.13521, 35.188528 ], [ -88.135497, 35.188579 ], [ -88.135593, 35.188596 ], [ -88.135734, 35.188612 ], [ -88.135878, 35.188629 ], [ -88.136182, 35.188663 ], [ -88.136653, 35.188703 ], [ -88.136705, 35.188708 ], [ -88.137382, 35.188723 ], [ -88.140106, 35.188723 ], [ -88.141253, 35.18872 ], [ -88.142204, 35.188726 ], [ -88.143376, 35.188732 ], [ -88.143992, 35.188751 ], [ -88.144394, 35.188801 ], [ -88.144558, 35.188837 ], [ -88.144786, 35.188884 ], [ -88.145372, 35.189065 ], [ -88.145703, 35.189199 ], [ -88.145822, 35.189248 ], [ -88.146165, 35.189424 ], [ -88.14655, 35.189659 ], [ -88.146641, 35.189717 ], [ -88.146943, 35.189909 ], [ -88.147556, 35.190299 ], [ -88.148428, 35.190855 ], [ -88.149237, 35.191367 ], [ -88.149398, 35.191469 ], [ -88.149548, 35.191565 ], [ -88.150013, 35.191859 ], [ -88.15026, 35.192016 ], [ -88.150757, 35.192334 ], [ -88.151, 35.192492 ], [ -88.151247, 35.192652 ], [ -88.151349, 35.192714 ], [ -88.151658, 35.192901 ], [ -88.151673, 35.192911 ], [ -88.151765, 35.192957 ], [ -88.151986, 35.193059 ], [ -88.152143, 35.193118 ], [ -88.152246, 35.193147 ], [ -88.15245, 35.193206 ], [ -88.152662, 35.193244 ], [ -88.152905, 35.193266 ], [ -88.153218, 35.193267 ], [ -88.153568, 35.193229 ], [ -88.153784, 35.193189 ], [ -88.153933, 35.19315 ], [ -88.154292, 35.193083 ], [ -88.154469, 35.193052 ], [ -88.154693, 35.193031 ], [ -88.154895, 35.193035 ], [ -88.154986, 35.193038 ], [ -88.155175, 35.193053 ], [ -88.155465, 35.193105 ], [ -88.156018, 35.193306 ], [ -88.156262, 35.193436 ], [ -88.156365, 35.193501 ], [ -88.156566, 35.193664 ], [ -88.156596, 35.193688 ], [ -88.156788, 35.193881 ], [ -88.156911, 35.194011 ], [ -88.156988, 35.1941 ], [ -88.157334, 35.1945 ], [ -88.157645, 35.194859 ], [ -88.157861, 35.195065 ], [ -88.158079, 35.195251 ], [ -88.158413, 35.195449 ], [ -88.158515, 35.195498 ], [ -88.158541, 35.195509 ], [ -88.158601, 35.195535 ], [ -88.158957, 35.195644 ], [ -88.159047, 35.195664 ], [ -88.15923, 35.195705 ], [ -88.159642, 35.195779 ], [ -88.160137, 35.195869 ], [ -88.160309, 35.195899 ], [ -88.160802, 35.196009 ], [ -88.161276, 35.196151 ], [ -88.161412, 35.1962 ], [ -88.161983, 35.196408 ], [ -88.162033, 35.196426 ], [ -88.162096, 35.196449 ], [ -88.162184, 35.196481 ], [ -88.162235, 35.1965 ], [ -88.162399, 35.196559 ], [ -88.162433, 35.196572 ], [ -88.162889, 35.19675 ], [ -88.163053, 35.196814 ], [ -88.164249, 35.197263 ], [ -88.165002, 35.197552 ], [ -88.165016, 35.197557 ], [ -88.166989, 35.198281 ], [ -88.167468, 35.198486 ], [ -88.167952, 35.198716 ], [ -88.168403, 35.198964 ], [ -88.169809, 35.199804 ], [ -88.170324, 35.200101 ], [ -88.170659, 35.200303 ], [ -88.171494, 35.200807 ], [ -88.172046, 35.201109 ], [ -88.172334, 35.201249 ], [ -88.172494, 35.201321 ], [ -88.172835, 35.201474 ], [ -88.173225, 35.201623 ], [ -88.173414, 35.201696 ], [ -88.174233, 35.201964 ], [ -88.175198, 35.202259 ], [ -88.175484, 35.202356 ], [ -88.175649, 35.202413 ], [ -88.176053, 35.202593 ], [ -88.176206, 35.202679 ], [ -88.176732, 35.202991 ], [ -88.176874, 35.203089 ], [ -88.177035, 35.2032 ], [ -88.177188, 35.20332 ], [ -88.178429, 35.204612 ], [ -88.178545, 35.20474 ], [ -88.178839, 35.205065 ], [ -88.179079, 35.205316 ], [ -88.179198, 35.205441 ], [ -88.179375, 35.205636 ], [ -88.179561, 35.205843 ], [ -88.180091, 35.206433 ], [ -88.180398, 35.206738 ], [ -88.180541, 35.206867 ], [ -88.180744, 35.20703 ], [ -88.181089, 35.207257 ], [ -88.181136, 35.207283 ], [ -88.18127, 35.20736 ], [ -88.181405, 35.207431 ], [ -88.181771, 35.207613 ], [ -88.182448, 35.20795 ], [ -88.183002, 35.208226 ], [ -88.183572, 35.208484 ], [ -88.183839, 35.208595 ], [ -88.184111, 35.208705 ], [ -88.184522, 35.208871 ], [ -88.185224, 35.209155 ], [ -88.186317, 35.209597 ], [ -88.186795, 35.209797 ], [ -88.186938, 35.209851 ], [ -88.187412, 35.210045 ], [ -88.187538, 35.210096 ], [ -88.187627, 35.210132 ], [ -88.187691, 35.210156 ], [ -88.187898, 35.210234 ], [ -88.188285, 35.210371 ], [ -88.18875, 35.210507 ], [ -88.189088, 35.210583 ], [ -88.189511, 35.21066 ], [ -88.190051, 35.210726 ], [ -88.190182, 35.210743 ], [ -88.190638, 35.21079 ], [ -88.19086, 35.210811 ], [ -88.191123, 35.210836 ], [ -88.19148, 35.21087 ], [ -88.191913, 35.210908 ], [ -88.192177, 35.210932 ], [ -88.192205, 35.210935 ], [ -88.192795, 35.210994 ], [ -88.192851, 35.211 ], [ -88.193227, 35.211046 ], [ -88.193749, 35.211159 ], [ -88.194037, 35.211243 ], [ -88.194561, 35.211447 ], [ -88.194721, 35.211518 ], [ -88.195316, 35.211782 ], [ -88.19635, 35.212249 ], [ -88.199152, 35.213517 ], [ -88.199456, 35.213648 ], [ -88.200377, 35.214044 ], [ -88.200504, 35.214086 ], [ -88.200785, 35.21361 ], [ -88.201544, 35.212332 ], [ -88.201625, 35.212182 ], [ -88.201805, 35.211852 ], [ -88.201874, 35.21169 ], [ -88.203092, 35.211813 ], [ -88.204462, 35.211966 ], [ -88.204992, 35.212028 ], [ -88.207154, 35.212282 ], [ -88.207646, 35.212345 ], [ -88.210674, 35.212687 ], [ -88.210941, 35.21273 ], [ -88.211238, 35.212801 ], [ -88.211473, 35.212872 ], [ -88.211761, 35.212987 ], [ -88.21207, 35.213143 ], [ -88.213636, 35.214071 ], [ -88.213973, 35.214273 ], [ -88.215966, 35.215466 ], [ -88.21656, 35.215822 ], [ -88.216649, 35.215787 ], [ -88.217192, 35.215561 ], [ -88.217287, 35.215521 ], [ -88.217303, 35.215476 ], [ -88.217448, 35.215076 ], [ -88.217546, 35.214951 ], [ -88.217927, 35.214843 ], [ -88.218242, 35.214754 ], [ -88.218297, 35.21472 ], [ -88.218429, 35.214671 ], [ -88.218658, 35.214587 ], [ -88.21873, 35.214542 ], [ -88.218788, 35.21447 ], [ -88.218802, 35.214356 ], [ -88.218798, 35.214275 ], [ -88.218788, 35.21407 ], [ -88.218792, 35.21401 ], [ -88.218819, 35.213899 ], [ -88.21883, 35.213855 ], [ -88.218933, 35.213647 ], [ -88.219041, 35.213516 ], [ -88.218947, 35.212663 ], [ -88.218917, 35.212384 ], [ -88.218888, 35.212106 ], [ -88.218858, 35.211826 ], [ -88.218264, 35.21205 ], [ -88.217122, 35.212012 ], [ -88.217566, 35.210325 ], [ -88.218149, 35.210393 ], [ -88.218373, 35.210383 ], [ -88.218459, 35.209649 ], [ -88.218609, 35.20839 ], [ -88.218802, 35.206561 ], [ -88.21917, 35.204793 ], [ -88.219767, 35.204848 ], [ -88.222911, 35.205128 ], [ -88.223825, 35.20521 ], [ -88.223955, 35.205222 ], [ -88.224686, 35.205287 ], [ -88.225168, 35.20533 ], [ -88.225651, 35.205374 ], [ -88.226318, 35.205433 ], [ -88.22789, 35.205628 ], [ -88.228649, 35.205681 ], [ -88.228605, 35.205664 ], [ -88.228488, 35.205614 ], [ -88.228415, 35.205538 ], [ -88.228358, 35.205423 ], [ -88.228309, 35.205199 ], [ -88.228301, 35.205157 ], [ -88.228298, 35.205143 ], [ -88.228266, 35.204973 ], [ -88.228258, 35.204927 ], [ -88.228199, 35.204659 ], [ -88.228182, 35.204578 ], [ -88.228045, 35.204236 ], [ -88.227825, 35.203777 ], [ -88.227791, 35.203704 ], [ -88.227718, 35.203476 ], [ -88.227708, 35.203412 ], [ -88.227717, 35.203037 ], [ -88.227718, 35.203022 ], [ -88.227724, 35.202871 ], [ -88.227721, 35.202712 ], [ -88.22767, 35.202591 ], [ -88.22749, 35.202403 ], [ -88.22742, 35.202312 ], [ -88.227392, 35.202232 ], [ -88.227394, 35.202137 ], [ -88.227435, 35.201945 ], [ -88.227459, 35.201839 ], [ -88.22756, 35.201412 ], [ -88.227607, 35.201291 ], [ -88.227639, 35.201211 ], [ -88.227709, 35.201115 ], [ -88.227839, 35.201009 ], [ -88.227853, 35.201003 ], [ -88.22792, 35.200976 ], [ -88.227977, 35.200983 ], [ -88.228031, 35.201031 ], [ -88.228059, 35.201073 ], [ -88.228089, 35.201118 ], [ -88.228161, 35.201152 ], [ -88.228397, 35.201186 ], [ -88.22852, 35.201204 ], [ -88.228628, 35.201219 ], [ -88.228722, 35.201219 ], [ -88.228813, 35.201188 ], [ -88.228868, 35.201141 ], [ -88.228902, 35.201071 ], [ -88.228948, 35.200872 ], [ -88.228956, 35.200843 ], [ -88.229043, 35.200776 ], [ -88.22912, 35.200758 ], [ -88.22921, 35.200756 ], [ -88.229808, 35.200786 ], [ -88.2302, 35.200794 ], [ -88.230319, 35.200781 ], [ -88.230365, 35.200762 ], [ -88.230426, 35.200713 ], [ -88.230469, 35.200639 ], [ -88.230526, 35.200318 ], [ -88.230551, 35.200184 ], [ -88.230595, 35.200082 ], [ -88.230623, 35.200059 ], [ -88.230704, 35.200039 ], [ -88.230801, 35.200036 ], [ -88.230989, 35.200046 ], [ -88.231082, 35.200043 ], [ -88.231097, 35.200043 ], [ -88.23136, 35.200014 ], [ -88.231388, 35.200012 ], [ -88.231452, 35.2 ], [ -88.231565, 35.19998 ], [ -88.231794, 35.199911 ], [ -88.231942, 35.199867 ], [ -88.232148, 35.199784 ], [ -88.232367, 35.199682 ], [ -88.232467, 35.199645 ], [ -88.232559, 35.199077 ], [ -88.232926, 35.199105 ], [ -88.233293, 35.199133 ], [ -88.233627, 35.199158 ], [ -88.23396, 35.199183 ], [ -88.234048, 35.198646 ], [ -88.233497, 35.198584 ], [ -88.233525, 35.197995 ], [ -88.237475, 35.198399 ], [ -88.237276, 35.197992 ], [ -88.236979, 35.198064 ], [ -88.236825, 35.197685 ], [ -88.236475, 35.197707 ], [ -88.236328, 35.197355 ], [ -88.236163, 35.19696 ], [ -88.235859, 35.196373 ], [ -88.235749, 35.196161 ], [ -88.235474, 35.195631 ], [ -88.23546, 35.195586 ], [ -88.235866, 35.195604 ], [ -88.236194, 35.195609 ], [ -88.23634, 35.195612 ], [ -88.236459, 35.195577 ], [ -88.236434, 35.195507 ], [ -88.236359, 35.195298 ], [ -88.236334, 35.195229 ], [ -88.236299, 35.195127 ], [ -88.236292, 35.195098 ], [ -88.236278, 35.195044 ], [ -88.236234, 35.19487 ], [ -88.236147, 35.19448 ], [ -88.236106, 35.194292 ], [ -88.236046, 35.194026 ], [ -88.236015, 35.193887 ], [ -88.235968, 35.193672 ], [ -88.235869, 35.193229 ], [ -88.235867, 35.193217 ], [ -88.235813, 35.192963 ], [ -88.235772, 35.19278 ], [ -88.235652, 35.192231 ], [ -88.235612, 35.192049 ], [ -88.235586, 35.191946 ], [ -88.23564, 35.191931 ], [ -88.235661, 35.191925 ], [ -88.235724, 35.191916 ], [ -88.235784, 35.191904 ], [ -88.235843, 35.191893 ], [ -88.235902, 35.191883 ], [ -88.235958, 35.191871 ], [ -88.236019, 35.19186 ], [ -88.236076, 35.191847 ], [ -88.236133, 35.191839 ], [ -88.236188, 35.191836 ], [ -88.236272, 35.191845 ], [ -88.236333, 35.191856 ], [ -88.236389, 35.191884 ], [ -88.236434, 35.191912 ], [ -88.236511, 35.191951 ], [ -88.236568, 35.191975 ], [ -88.236629, 35.191992 ], [ -88.236692, 35.192002 ], [ -88.236756, 35.192008 ], [ -88.236819, 35.192008 ], [ -88.236885, 35.19201 ], [ -88.23695, 35.192014 ], [ -88.237015, 35.192011 ], [ -88.237081, 35.192013 ], [ -88.237119, 35.192013 ], [ -88.237211, 35.192203 ], [ -88.237345, 35.192891 ], [ -88.237546, 35.193165 ], [ -88.237811, 35.193442 ], [ -88.23823, 35.193487 ], [ -88.238831, 35.193552 ], [ -88.239053, 35.193576 ], [ -88.239502, 35.193624 ], [ -88.240143, 35.193693 ], [ -88.240789, 35.193709 ], [ -88.241082, 35.191814 ], [ -88.242863, 35.192035 ], [ -88.243049, 35.192037 ], [ -88.243112, 35.192499 ], [ -88.243149, 35.192765 ], [ -88.243225, 35.193307 ], [ -88.243305, 35.193888 ], [ -88.243334, 35.194096 ], [ -88.243362, 35.194307 ], [ -88.243368, 35.194351 ], [ -88.243409, 35.194652 ], [ -88.243474, 35.195122 ], [ -88.243517, 35.195425 ], [ -88.243536, 35.195557 ], [ -88.243542, 35.195593 ], [ -88.243547, 35.19563 ], [ -88.243581, 35.195859 ], [ -88.243606, 35.196007 ], [ -88.243667, 35.196359 ], [ -88.243676, 35.196409 ], [ -88.243684, 35.19645 ], [ -88.243716, 35.196598 ], [ -88.243771, 35.196859 ], [ -88.243783, 35.196908 ], [ -88.243952, 35.197557 ], [ -88.244036, 35.197826 ], [ -88.244132, 35.19813 ], [ -88.244198, 35.198319 ], [ -88.244399, 35.198886 ], [ -88.244445, 35.199014 ], [ -88.244467, 35.199076 ], [ -88.244522, 35.199251 ], [ -88.244689, 35.199778 ], [ -88.244735, 35.199924 ], [ -88.244743, 35.199955 ], [ -88.244762, 35.20003 ], [ -88.244822, 35.200257 ], [ -88.244842, 35.200333 ], [ -88.244861, 35.200408 ], [ -88.244883, 35.200514 ], [ -88.244963, 35.200885 ], [ -88.244995, 35.201061 ], [ -88.245015, 35.201169 ], [ -88.245028, 35.201245 ], [ -88.24504, 35.201315 ], [ -88.24505, 35.201383 ], [ -88.245115, 35.2018 ], [ -88.245131, 35.201902 ], [ -88.245136, 35.20194 ], [ -88.245156, 35.202102 ], [ -88.245162, 35.202143 ], [ -88.245189, 35.202346 ], [ -88.245216, 35.202549 ], [ -88.245221, 35.202589 ], [ -88.245242, 35.202752 ], [ -88.24525, 35.202817 ], [ -88.245275, 35.203015 ], [ -88.245284, 35.203081 ], [ -88.245304, 35.203238 ], [ -88.245324, 35.203394 ], [ -88.24534, 35.203522 ], [ -88.245358, 35.203654 ], [ -88.245365, 35.203709 ], [ -88.245509, 35.204848 ], [ -88.245656, 35.205428 ], [ -88.245622, 35.205523 ], [ -88.245612, 35.205588 ], [ -88.245604, 35.205646 ], [ -88.245655, 35.206454 ], [ -88.245655, 35.206522 ], [ -88.245656, 35.206933 ], [ -88.245649, 35.207415 ], [ -88.245596, 35.208261 ], [ -88.245585, 35.208375 ], [ -88.245566, 35.208552 ], [ -88.245556, 35.208621 ], [ -88.245527, 35.208831 ], [ -88.245518, 35.208901 ], [ -88.245458, 35.20923 ], [ -88.24544, 35.209334 ], [ -88.245372, 35.209667 ], [ -88.245314, 35.209916 ], [ -88.245247, 35.210212 ], [ -88.245173, 35.210539 ], [ -88.24514, 35.210681 ], [ -88.245043, 35.211108 ], [ -88.245011, 35.211251 ], [ -88.244977, 35.211408 ], [ -88.244875, 35.211878 ], [ -88.244842, 35.212036 ], [ -88.244777, 35.212482 ], [ -88.244769, 35.212552 ], [ -88.24474, 35.21302 ], [ -88.24475, 35.213473 ], [ -88.244795, 35.213909 ], [ -88.244813, 35.214042 ], [ -88.244866, 35.21436 ], [ -88.244874, 35.214406 ], [ -88.24497, 35.214799 ], [ -88.24511, 35.215251 ], [ -88.245124, 35.215292 ], [ -88.245233, 35.215596 ], [ -88.245303, 35.215793 ], [ -88.245513, 35.216387 ], [ -88.245583, 35.216585 ], [ -88.245613, 35.216677 ], [ -88.245704, 35.216956 ], [ -88.245735, 35.217049 ], [ -88.245811, 35.217335 ], [ -88.24593, 35.217776 ], [ -88.246022, 35.218198 ], [ -88.24607, 35.218417 ], [ -88.246082, 35.218489 ], [ -88.246124, 35.218739 ], [ -88.246146, 35.218866 ], [ -88.246232, 35.219493 ], [ -88.246267, 35.219745 ], [ -88.246333, 35.220257 ], [ -88.24646, 35.221234 ], [ -88.24653, 35.221796 ], [ -88.246595, 35.222309 ], [ -88.246602, 35.222363 ], [ -88.246609, 35.222421 ], [ -88.246625, 35.222535 ], [ -88.246648, 35.222761 ], [ -88.24666, 35.222875 ], [ -88.246675, 35.223024 ], [ -88.246691, 35.223172 ], [ -88.246689, 35.223338 ] ] ] } },
{ "type": "Feature", "properties": { "district_num": "92" }, "geometry": { "type": "Polygon", "coordinates": [ [ [ -86.960804, 35.417021 ], [ -86.960597, 35.418041 ], [ -86.959979, 35.421102 ], [ -86.959774, 35.422123 ], [ -86.959577, 35.423102 ], [ -86.95899, 35.426042 ], [ -86.958794, 35.427023 ], [ -86.958756, 35.427212 ], [ -86.958643, 35.427779 ], [ -86.958606, 35.427969 ], [ -86.958172, 35.43014 ], [ -86.957999, 35.431012 ], [ -86.957759, 35.432157 ], [ -86.956992, 35.435856 ], [ -86.956828, 35.436644 ], [ -86.95638, 35.438813 ], [ -86.956364, 35.438885 ], [ -86.956319, 35.439101 ], [ -86.956304, 35.439174 ], [ -86.956304, 35.439214 ], [ -86.956304, 35.439334 ], [ -86.956304, 35.439374 ], [ -86.95627, 35.439681 ], [ -86.956172, 35.440605 ], [ -86.956139, 35.440913 ], [ -86.955902, 35.443114 ], [ -86.955192, 35.449721 ], [ -86.955004, 35.451474 ], [ -86.95483, 35.451545 ], [ -86.954586, 35.451645 ], [ -86.950949, 35.45313 ], [ -86.940039, 35.457588 ], [ -86.936403, 35.459074 ], [ -86.936343, 35.458874 ], [ -86.936163, 35.458274 ], [ -86.936103, 35.458074 ], [ -86.935323, 35.457974 ], [ -86.932983, 35.457674 ], [ -86.932203, 35.457574 ], [ -86.932556, 35.455807 ], [ -86.932582, 35.455685 ], [ -86.932635, 35.455434 ], [ -86.93121, 35.455561 ], [ -86.930833, 35.455586 ], [ -86.930472, 35.455569 ], [ -86.93038, 35.455209 ], [ -86.930327, 35.455003 ], [ -86.930226, 35.454648 ], [ -86.930205, 35.454565 ], [ -86.930155, 35.454562 ], [ -86.930006, 35.454555 ], [ -86.929957, 35.454554 ], [ -86.929796, 35.454534 ], [ -86.929258, 35.454467 ], [ -86.928375, 35.454358 ], [ -86.927802, 35.454287 ], [ -86.92761, 35.454901 ], [ -86.927403, 35.455574 ], [ -86.926363, 35.455433 ], [ -86.923242, 35.455013 ], [ -86.922203, 35.454874 ], [ -86.922103, 35.454774 ], [ -86.921622, 35.455666 ], [ -86.921403, 35.456074 ], [ -86.919003, 35.456274 ], [ -86.919147, 35.45685 ], [ -86.919403, 35.457874 ], [ -86.919503, 35.457874 ], [ -86.921107, 35.459735 ], [ -86.924503, 35.463674 ], [ -86.922645, 35.4648 ], [ -86.920544, 35.466075 ], [ -86.92045, 35.466131 ], [ -86.920169, 35.466302 ], [ -86.920076, 35.466359 ], [ -86.916402, 35.468585 ], [ -86.915684, 35.469023 ], [ -86.913949, 35.470074 ], [ -86.912302, 35.471073 ], [ -86.908728, 35.4732 ], [ -86.906985, 35.474238 ], [ -86.9065, 35.474525 ], [ -86.905052, 35.475386 ], [ -86.90457, 35.475675 ], [ -86.902756, 35.476753 ], [ -86.897315, 35.479993 ], [ -86.895502, 35.481073 ], [ -86.895522, 35.481093 ], [ -86.895582, 35.481153 ], [ -86.895602, 35.481173 ], [ -86.895384, 35.481358 ], [ -86.894733, 35.481915 ], [ -86.894516, 35.482101 ], [ -86.894451, 35.482156 ], [ -86.894258, 35.482322 ], [ -86.894194, 35.482378 ], [ -86.894077, 35.482477 ], [ -86.893804, 35.48271 ], [ -86.893728, 35.482775 ], [ -86.893612, 35.482875 ], [ -86.892818, 35.483553 ], [ -86.890439, 35.485588 ], [ -86.889647, 35.486267 ], [ -86.889544, 35.486354 ], [ -86.889398, 35.486478 ], [ -86.889235, 35.486618 ], [ -86.889133, 35.486706 ], [ -86.889073, 35.486756 ], [ -86.888897, 35.486907 ], [ -86.888838, 35.486958 ], [ -86.88719, 35.488366 ], [ -86.882247, 35.492593 ], [ -86.8806, 35.494003 ], [ -86.880589, 35.494122 ], [ -86.880584, 35.494178 ], [ -86.880594, 35.494477 ], [ -86.880599, 35.494596 ], [ -86.880607, 35.494839 ], [ -86.880622, 35.495233 ], [ -86.880623, 35.495508 ], [ -86.880618, 35.49557 ], [ -86.880604, 35.495794 ], [ -86.880593, 35.49581 ], [ -86.880601, 35.495828 ], [ -86.880598, 35.495879 ], [ -86.880577, 35.496013 ], [ -86.880569, 35.496151 ], [ -86.880477, 35.496726 ], [ -86.880472, 35.496759 ], [ -86.880473, 35.496821 ], [ -86.88049, 35.496951 ], [ -86.880503, 35.496982 ], [ -86.880519, 35.497044 ], [ -86.88054, 35.49726 ], [ -86.880515, 35.497659 ], [ -86.880528, 35.497793 ], [ -86.880545, 35.497869 ], [ -86.880549, 35.497907 ], [ -86.8806, 35.498072 ], [ -86.880599, 35.498174 ], [ -86.880558, 35.49847 ], [ -86.880558, 35.498559 ], [ -86.880574, 35.498607 ], [ -86.880616, 35.498649 ], [ -86.880717, 35.498717 ], [ -86.880809, 35.498752 ], [ -86.880851, 35.498772 ], [ -86.880899, 35.498784 ], [ -86.880944, 35.498807 ], [ -86.881044, 35.498834 ], [ -86.881162, 35.498903 ], [ -86.881245, 35.498978 ], [ -86.881259, 35.499074 ], [ -86.881262, 35.499088 ], [ -86.881245, 35.499267 ], [ -86.881233, 35.499298 ], [ -86.881221, 35.499356 ], [ -86.881162, 35.499487 ], [ -86.881128, 35.499535 ], [ -86.881099, 35.499614 ], [ -86.881078, 35.499735 ], [ -86.881078, 35.499967 ], [ -86.881078, 35.499995 ], [ -86.881066, 35.500073 ], [ -86.881065, 35.500122 ], [ -86.881076, 35.500149 ], [ -86.881092, 35.500187 ], [ -86.881077, 35.500235 ], [ -86.881066, 35.500331 ], [ -86.881009, 35.500504 ], [ -86.880972, 35.500597 ], [ -86.88096, 35.500685 ], [ -86.880958, 35.500709 ], [ -86.880975, 35.500827 ], [ -86.880991, 35.500867 ], [ -86.881011, 35.500918 ], [ -86.881071, 35.501071 ], [ -86.881087, 35.501112 ], [ -86.881089, 35.501123 ], [ -86.880408, 35.501106 ], [ -86.880006, 35.501097 ], [ -86.879802, 35.502723 ], [ -86.879718, 35.503399 ], [ -86.879677, 35.503723 ], [ -86.879652, 35.503929 ], [ -86.87888, 35.503888 ], [ -86.878554, 35.503871 ], [ -86.878509, 35.504275 ], [ -86.878376, 35.505487 ], [ -86.878332, 35.505892 ], [ -86.877927, 35.509594 ], [ -86.877916, 35.509703 ], [ -86.877143, 35.509669 ], [ -86.875774, 35.519867 ], [ -86.875589, 35.521251 ], [ -86.875001, 35.521244 ], [ -86.87327, 35.521065 ], [ -86.872496, 35.520988 ], [ -86.870568, 35.520796 ], [ -86.870617, 35.520405 ], [ -86.870715, 35.519635 ], [ -86.871752, 35.51149 ], [ -86.872777, 35.503451 ], [ -86.871148, 35.50334 ], [ -86.87128, 35.502486 ], [ -86.862228, 35.512088 ], [ -86.86166, 35.512689 ], [ -86.856031, 35.518663 ], [ -86.854406, 35.520384 ], [ -86.849573, 35.525515 ], [ -86.849549, 35.525565 ], [ -86.848566, 35.527721 ], [ -86.848206, 35.528508 ], [ -86.847128, 35.530873 ], [ -86.846769, 35.531661 ], [ -86.846224, 35.532854 ], [ -86.844589, 35.536439 ], [ -86.844045, 35.537634 ], [ -86.843605, 35.538595 ], [ -86.842292, 35.54148 ], [ -86.841854, 35.542443 ], [ -86.841574, 35.543056 ], [ -86.840736, 35.544895 ], [ -86.840457, 35.545509 ], [ -86.84004, 35.546438 ], [ -86.838793, 35.549227 ], [ -86.838378, 35.550157 ], [ -86.838322, 35.55028 ], [ -86.838155, 35.550652 ], [ -86.8381, 35.550776 ], [ -86.838137, 35.550777 ], [ -86.83825, 35.550783 ], [ -86.838288, 35.550785 ], [ -86.838375, 35.550789 ], [ -86.838636, 35.550801 ], [ -86.838724, 35.550805 ], [ -86.838928, 35.550822 ], [ -86.839543, 35.550874 ], [ -86.839748, 35.550892 ], [ -86.839943, 35.5509 ], [ -86.840398, 35.550921 ], [ -86.840523, 35.550913 ], [ -86.840721, 35.550882 ], [ -86.840761, 35.550881 ], [ -86.840906, 35.550877 ], [ -86.841004, 35.550886 ], [ -86.841583, 35.550942 ], [ -86.84185, 35.550987 ], [ -86.8419, 35.550996 ], [ -86.84213, 35.551036 ], [ -86.841947, 35.551125 ], [ -86.840166, 35.551871 ], [ -86.839704, 35.552065 ], [ -86.839048, 35.552055 ], [ -86.838456, 35.557267 ], [ -86.838216, 35.559388 ], [ -86.838234, 35.559387 ], [ -86.838515, 35.559393 ], [ -86.838914, 35.559428 ], [ -86.840753, 35.559592 ], [ -86.841005, 35.559609 ], [ -86.841704, 35.559657 ], [ -86.841399, 35.561548 ], [ -86.841264, 35.562397 ], [ -86.840591, 35.566656 ], [ -86.840489, 35.567286 ], [ -86.839832, 35.567239 ], [ -86.837121, 35.56704 ], [ -86.834354, 35.566837 ], [ -86.834376, 35.566914 ], [ -86.834443, 35.567146 ], [ -86.834466, 35.567224 ], [ -86.834542, 35.567455 ], [ -86.834578, 35.567564 ], [ -86.834839, 35.568353 ], [ -86.834924, 35.56858 ], [ -86.83505, 35.568916 ], [ -86.836176, 35.571676 ], [ -86.836789, 35.573211 ], [ -86.836867, 35.573439 ], [ -86.836906, 35.573649 ], [ -86.836912, 35.5738 ], [ -86.836906, 35.573937 ], [ -86.836884, 35.57411 ], [ -86.836722, 35.574591 ], [ -86.836627, 35.574842 ], [ -86.83658, 35.574967 ], [ -86.836528, 35.575108 ], [ -86.836432, 35.575341 ], [ -86.836381, 35.575465 ], [ -86.835046, 35.575185 ], [ -86.831043, 35.574348 ], [ -86.829905, 35.57411 ], [ -86.829836, 35.574298 ], [ -86.829003, 35.57662 ], [ -86.827501, 35.580812 ], [ -86.827394, 35.58211 ], [ -86.829033, 35.58225 ], [ -86.831492, 35.58246 ], [ -86.831946, 35.582498 ], [ -86.83331, 35.582615 ], [ -86.833765, 35.582654 ], [ -86.836822, 35.582913 ], [ -86.840755, 35.583247 ], [ -86.840179, 35.588476 ], [ -86.839854, 35.591439 ], [ -86.839846, 35.591527 ], [ -86.839826, 35.59153 ], [ -86.839767, 35.59154 ], [ -86.839747, 35.591546 ], [ -86.839705, 35.591557 ], [ -86.839428, 35.591619 ], [ -86.839386, 35.591633 ], [ -86.839357, 35.591636 ], [ -86.83885, 35.591776 ], [ -86.838711, 35.591811 ], [ -86.838523, 35.591859 ], [ -86.838344, 35.591894 ], [ -86.838078, 35.591955 ], [ -86.837842, 35.592016 ], [ -86.837676, 35.592078 ], [ -86.837641, 35.592086 ], [ -86.837466, 35.592161 ], [ -86.837432, 35.592167 ], [ -86.837412, 35.592182 ], [ -86.837314, 35.592223 ], [ -86.837188, 35.592284 ], [ -86.837104, 35.592339 ], [ -86.836954, 35.592487 ], [ -86.836828, 35.592628 ], [ -86.836719, 35.592734 ], [ -86.836568, 35.592923 ], [ -86.836526, 35.592985 ], [ -86.836518, 35.593012 ], [ -86.836484, 35.59306 ], [ -86.836476, 35.593087 ], [ -86.836442, 35.593136 ], [ -86.836375, 35.593252 ], [ -86.836366, 35.59328 ], [ -86.836316, 35.593356 ], [ -86.836307, 35.593383 ], [ -86.836207, 35.593506 ], [ -86.836197, 35.593522 ], [ -86.836082, 35.59372 ], [ -86.836022, 35.593857 ], [ -86.835985, 35.594073 ], [ -86.835972, 35.594373 ], [ -86.835988, 35.594544 ], [ -86.833917, 35.594278 ], [ -86.833622, 35.594383 ], [ -86.82843, 35.596246 ], [ -86.827362, 35.597553 ], [ -86.825844, 35.599414 ], [ -86.825636, 35.599714 ], [ -86.825014, 35.600615 ], [ -86.824807, 35.600916 ], [ -86.824795, 35.600934 ], [ -86.824775, 35.601011 ], [ -86.824764, 35.601088 ], [ -86.824704, 35.601562 ], [ -86.824686, 35.601721 ], [ -86.824617, 35.602236 ], [ -86.824414, 35.603784 ], [ -86.824347, 35.604301 ], [ -86.82425, 35.60502 ], [ -86.823963, 35.60718 ], [ -86.823868, 35.6079 ], [ -86.823852, 35.608011 ], [ -86.823808, 35.608347 ], [ -86.823794, 35.608459 ], [ -86.823787, 35.608505 ], [ -86.82377, 35.608643 ], [ -86.823765, 35.60869 ], [ -86.823739, 35.60869 ], [ -86.823489, 35.608654 ], [ -86.823474, 35.608652 ], [ -86.823404, 35.608635 ], [ -86.823215, 35.608618 ], [ -86.822658, 35.608577 ], [ -86.822536, 35.608569 ], [ -86.82238, 35.608564 ], [ -86.82238, 35.608582 ], [ -86.82238, 35.608636 ], [ -86.82238, 35.608654 ], [ -86.82238, 35.608752 ], [ -86.82238, 35.608893 ], [ -86.822379, 35.608942 ], [ -86.822369, 35.609482 ], [ -86.82236, 35.610017 ], [ -86.822359, 35.610053 ], [ -86.8224, 35.610627 ], [ -86.822442, 35.610857 ], [ -86.822579, 35.611589 ], [ -86.822763, 35.612407 ], [ -86.822871, 35.612888 ], [ -86.822949, 35.613235 ], [ -86.823127, 35.614026 ], [ -86.823091, 35.614451 ], [ -86.823045, 35.615011 ], [ -86.822944, 35.615721 ], [ -86.822884, 35.616145 ], [ -86.822847, 35.616397 ], [ -86.822832, 35.616509 ], [ -86.82278, 35.616874 ], [ -86.822742, 35.617142 ], [ -86.822739, 35.617156 ], [ -86.822705, 35.61741 ], [ -86.822513, 35.618764 ], [ -86.821939, 35.622826 ], [ -86.821748, 35.624181 ], [ -86.821742, 35.624214 ], [ -86.821728, 35.624314 ], [ -86.821724, 35.624348 ], [ -86.821716, 35.624413 ], [ -86.821685, 35.624582 ], [ -86.82167, 35.62464 ], [ -86.821596, 35.624896 ], [ -86.821547, 35.625069 ], [ -86.821428, 35.625677 ], [ -86.821377, 35.625939 ], [ -86.821357, 35.626049 ], [ -86.821205, 35.627163 ], [ -86.820702, 35.630841 ], [ -86.820535, 35.632067 ], [ -86.820181, 35.634649 ], [ -86.819124, 35.642398 ], [ -86.818773, 35.644982 ], [ -86.81841, 35.647635 ], [ -86.817323, 35.655597 ], [ -86.816961, 35.658251 ], [ -86.81657, 35.661118 ], [ -86.816277, 35.663269 ], [ -86.815416, 35.669724 ], [ -86.815034, 35.672593 ], [ -86.814921, 35.673435 ], [ -86.814585, 35.675962 ], [ -86.814485, 35.676714 ], [ -86.814473, 35.676805 ], [ -86.814459, 35.676907 ], [ -86.814386, 35.677451 ], [ -86.81413, 35.67939 ], [ -86.814045, 35.680037 ], [ -86.813882, 35.68125 ], [ -86.813397, 35.684891 ], [ -86.813235, 35.686105 ], [ -86.813107, 35.687065 ], [ -86.812724, 35.689948 ], [ -86.812597, 35.690909 ], [ -86.81245, 35.692009 ], [ -86.812246, 35.693542 ], [ -86.81201, 35.695311 ], [ -86.811864, 35.696412 ], [ -86.811381, 35.696579 ], [ -86.809934, 35.697083 ], [ -86.809452, 35.697251 ], [ -86.805497, 35.698626 ], [ -86.803749, 35.699235 ], [ -86.803233, 35.699415 ], [ -86.803369, 35.697201 ], [ -86.802266, 35.697158 ], [ -86.802792, 35.692042 ], [ -86.801102, 35.691879 ], [ -86.796935, 35.691479 ], [ -86.796916, 35.691574 ], [ -86.796875, 35.691849 ], [ -86.796794, 35.692233 ], [ -86.796788, 35.692503 ], [ -86.796815, 35.692778 ], [ -86.796855, 35.692915 ], [ -86.796828, 35.693382 ], [ -86.796781, 35.693564 ], [ -86.796727, 35.693728 ], [ -86.796686, 35.693766 ], [ -86.796599, 35.693849 ], [ -86.796471, 35.693987 ], [ -86.796275, 35.694185 ], [ -86.796201, 35.694305 ], [ -86.796053, 35.694509 ], [ -86.795965, 35.694701 ], [ -86.795965, 35.694855 ], [ -86.795918, 35.695091 ], [ -86.79583, 35.695311 ], [ -86.795675, 35.695553 ], [ -86.79523, 35.696026 ], [ -86.795042, 35.696213 ], [ -86.794934, 35.696361 ], [ -86.794887, 35.696482 ], [ -86.794846, 35.696603 ], [ -86.794833, 35.696713 ], [ -86.794866, 35.696867 ], [ -86.794947, 35.696966 ], [ -86.795035, 35.697065 ], [ -86.795223, 35.697262 ], [ -86.795372, 35.697466 ], [ -86.795439, 35.697603 ], [ -86.795446, 35.697785 ], [ -86.795439, 35.697972 ], [ -86.795344, 35.698164 ], [ -86.795243, 35.698318 ], [ -86.794812, 35.698614 ], [ -86.79463, 35.698779 ], [ -86.794489, 35.698994 ], [ -86.794172, 35.699411 ], [ -86.794148, 35.699437 ], [ -86.79405, 35.699549 ], [ -86.79399, 35.699626 ], [ -86.793882, 35.699692 ], [ -86.793666, 35.699758 ], [ -86.793531, 35.699829 ], [ -86.793424, 35.699917 ], [ -86.793363, 35.700021 ], [ -86.793168, 35.700324 ], [ -86.793087, 35.700433 ], [ -86.793019, 35.700571 ], [ -86.792898, 35.70078 ], [ -86.792871, 35.700895 ], [ -86.792824, 35.70106 ], [ -86.792803, 35.701208 ], [ -86.792741, 35.701258 ], [ -86.792628, 35.701468 ], [ -86.792615, 35.701494 ], [ -86.792579, 35.70153 ], [ -86.792608, 35.701541 ], [ -86.792695, 35.701577 ], [ -86.792725, 35.701589 ], [ -86.792839, 35.701627 ], [ -86.793183, 35.701741 ], [ -86.793298, 35.701779 ], [ -86.793645, 35.701894 ], [ -86.794332, 35.702123 ], [ -86.794372, 35.702187 ], [ -86.794295, 35.702259 ], [ -86.794159, 35.702397 ], [ -86.794128, 35.70243 ], [ -86.794002, 35.702575 ], [ -86.793885, 35.702629 ], [ -86.793342, 35.702884 ], [ -86.793281, 35.702903 ], [ -86.791385, 35.703506 ], [ -86.790753, 35.703708 ], [ -86.789269, 35.70418 ], [ -86.785082, 35.705515 ], [ -86.785129, 35.705245 ], [ -86.785159, 35.70508 ], [ -86.784118, 35.705849 ], [ -86.78403, 35.70588 ], [ -86.783626, 35.706023 ], [ -86.782418, 35.706452 ], [ -86.782016, 35.706595 ], [ -86.781997, 35.706839 ], [ -86.782017, 35.706841 ], [ -86.782808, 35.706925 ], [ -86.782877, 35.706933 ], [ -86.783074, 35.70695 ], [ -86.784533, 35.707084 ], [ -86.788918, 35.707489 ], [ -86.79038, 35.707625 ], [ -86.790393, 35.707541 ], [ -86.790399, 35.707506 ], [ -86.79042, 35.707375 ], [ -86.790433, 35.707299 ], [ -86.790448, 35.707219 ], [ -86.790901, 35.707265 ], [ -86.792263, 35.707406 ], [ -86.792717, 35.707453 ], [ -86.794483, 35.707635 ], [ -86.797898, 35.707988 ], [ -86.799608, 35.708804 ], [ -86.799972, 35.708978 ], [ -86.799868, 35.709696 ], [ -86.799347, 35.709778 ], [ -86.799223, 35.70979 ], [ -86.798903, 35.709819 ], [ -86.798352, 35.709873 ], [ -86.79794, 35.709911 ], [ -86.797621, 35.709942 ], [ -86.797602, 35.710093 ], [ -86.797556, 35.710482 ], [ -86.797562, 35.710547 ], [ -86.797576, 35.710701 ], [ -86.797526, 35.710957 ], [ -86.797433, 35.711444 ], [ -86.79772, 35.711475 ], [ -86.797981, 35.711504 ], [ -86.799484, 35.711668 ], [ -86.803996, 35.71216 ], [ -86.804665, 35.712234 ], [ -86.804828, 35.712252 ], [ -86.804992, 35.71227 ], [ -86.8055, 35.712325 ], [ -86.806444, 35.712428 ], [ -86.806973, 35.712486 ], [ -86.806502, 35.714755 ], [ -86.80631, 35.715686 ], [ -86.807044, 35.715764 ], [ -86.809246, 35.716004 ], [ -86.809981, 35.716085 ], [ -86.810095, 35.716098 ], [ -86.810458, 35.716095 ], [ -86.810863, 35.716022 ], [ -86.811153, 35.71596 ], [ -86.811286, 35.715932 ], [ -86.811811, 35.718378 ], [ -86.811982, 35.718997 ], [ -86.812022, 35.719272 ], [ -86.811891, 35.720455 ], [ -86.812726, 35.720544 ], [ -86.815231, 35.720812 ], [ -86.816066, 35.720902 ], [ -86.817464, 35.721051 ], [ -86.821659, 35.721501 ], [ -86.823058, 35.721651 ], [ -86.823018, 35.721963 ], [ -86.822899, 35.722901 ], [ -86.82286, 35.723214 ], [ -86.822944, 35.723231 ], [ -86.823201, 35.723286 ], [ -86.823288, 35.723306 ], [ -86.823303, 35.723305 ], [ -86.823331, 35.723305 ], [ -86.823376, 35.723305 ], [ -86.823417, 35.723308 ], [ -86.823446, 35.723312 ], [ -86.823517, 35.723319 ], [ -86.824098, 35.723405 ], [ -86.82443, 35.723452 ], [ -86.824611, 35.723479 ], [ -86.825289, 35.723561 ], [ -86.825962, 35.72363 ], [ -86.826283, 35.723678 ], [ -86.827033, 35.723761 ], [ -86.827395, 35.723792 ], [ -86.827795, 35.723827 ], [ -86.828348, 35.723894 ], [ -86.828384, 35.7239 ], [ -86.828914, 35.723981 ], [ -86.829327, 35.724048 ], [ -86.829743, 35.724106 ], [ -86.829795, 35.724112 ], [ -86.830122, 35.724154 ], [ -86.830618, 35.724207 ], [ -86.831241, 35.724268 ], [ -86.833118, 35.724485 ], [ -86.83405, 35.724579 ], [ -86.834273, 35.724602 ], [ -86.835111, 35.724663 ], [ -86.83533, 35.724671 ], [ -86.835474, 35.724671 ], [ -86.836082, 35.724746 ], [ -86.837912, 35.724976 ], [ -86.838524, 35.725054 ], [ -86.838527, 35.725045 ], [ -86.838555, 35.724975 ], [ -86.838859, 35.725012 ], [ -86.839772, 35.725124 ], [ -86.840077, 35.725162 ], [ -86.840141, 35.725175 ], [ -86.840337, 35.725215 ], [ -86.840403, 35.725229 ], [ -86.840457, 35.72524 ], [ -86.840648, 35.725254 ], [ -86.84071, 35.725259 ], [ -86.840655, 35.725621 ], [ -86.842697, 35.725887 ], [ -86.842575, 35.726803 ], [ -86.84248, 35.727522 ], [ -86.84376, 35.727614 ], [ -86.844121, 35.725044 ], [ -86.845194, 35.725139 ], [ -86.845491, 35.725166 ], [ -86.846197, 35.726307 ], [ -86.846963, 35.72755 ], [ -86.847271, 35.72805 ], [ -86.847629, 35.72863 ], [ -86.848532, 35.730094 ], [ -86.848613, 35.730226 ], [ -86.84884, 35.73059 ], [ -86.848918, 35.730716 ], [ -86.849153, 35.731092 ], [ -86.849393, 35.731479 ], [ -86.849418, 35.731519 ], [ -86.849456, 35.731542 ], [ -86.852276, 35.733247 ], [ -86.853946, 35.73427 ], [ -86.854124, 35.734342 ], [ -86.854963, 35.734605 ], [ -86.856044, 35.734893 ], [ -86.857789, 35.735357 ], [ -86.858802, 35.735625 ], [ -86.863164, 35.73676 ], [ -86.864433, 35.737076 ], [ -86.864766, 35.737159 ], [ -86.865158, 35.737257 ], [ -86.865226, 35.737274 ], [ -86.865317, 35.737297 ], [ -86.865613, 35.73737 ], [ -86.866413, 35.737569 ], [ -86.866513, 35.737594 ], [ -86.867468, 35.737832 ], [ -86.867702, 35.737891 ], [ -86.867983, 35.737961 ], [ -86.870377, 35.738559 ], [ -86.870487, 35.738587 ], [ -86.870812, 35.738669 ], [ -86.87159, 35.738864 ], [ -86.871655, 35.738879 ], [ -86.871939, 35.738944 ], [ -86.872491, 35.739075 ], [ -86.872763, 35.739138 ], [ -86.873047, 35.739204 ], [ -86.87331, 35.739262 ], [ -86.873589, 35.739324 ], [ -86.875, 35.73964 ], [ -86.875233, 35.739701 ], [ -86.875778, 35.739843 ], [ -86.876109, 35.739929 ], [ -86.877104, 35.740189 ], [ -86.877436, 35.740276 ], [ -86.87763, 35.740325 ], [ -86.877917, 35.7404 ], [ -86.879364, 35.740777 ], [ -86.879403, 35.740787 ], [ -86.879838, 35.740941 ], [ -86.880458, 35.741158 ], [ -86.882327, 35.741813 ], [ -86.88295, 35.742033 ], [ -86.88361, 35.742264 ], [ -86.883987, 35.742396 ], [ -86.885594, 35.74296 ], [ -86.88593, 35.743078 ], [ -86.886255, 35.743192 ], [ -86.886506, 35.74328 ], [ -86.8866, 35.743313 ], [ -86.886655, 35.743332 ], [ -86.886821, 35.74339 ], [ -86.886877, 35.74341 ], [ -86.887592, 35.743661 ], [ -86.888056, 35.743823 ], [ -86.88973, 35.744412 ], [ -86.890457, 35.744667 ], [ -86.890837, 35.7448 ], [ -86.891365, 35.744984 ], [ -86.891977, 35.745199 ], [ -86.892358, 35.745332 ], [ -86.892595, 35.745415 ], [ -86.892855, 35.745506 ], [ -86.893309, 35.745666 ], [ -86.893547, 35.74575 ], [ -86.893706, 35.745805 ], [ -86.893806, 35.74584 ], [ -86.894076, 35.745935 ], [ -86.894209, 35.745982 ], [ -86.894283, 35.746008 ], [ -86.894508, 35.746086 ], [ -86.894583, 35.746113 ], [ -86.894728, 35.746164 ], [ -86.89541, 35.746403 ], [ -86.89559, 35.746466 ], [ -86.896904, 35.746926 ], [ -86.8976, 35.74717 ], [ -86.898493, 35.747484 ], [ -86.898613, 35.747526 ], [ -86.898804, 35.747593 ], [ -86.899621, 35.74788 ], [ -86.899689, 35.747903 ], [ -86.900238, 35.748096 ], [ -86.900587, 35.748218 ], [ -86.900617, 35.748228 ], [ -86.900964, 35.74835 ], [ -86.90209, 35.748746 ], [ -86.902708, 35.748963 ], [ -86.902728, 35.748967 ], [ -86.902808, 35.748994 ], [ -86.903595, 35.749255 ], [ -86.90602, 35.750065 ], [ -86.906184, 35.750117 ], [ -86.907052, 35.750393 ], [ -86.907266, 35.75046 ], [ -86.9073, 35.750471 ], [ -86.907905, 35.750684 ], [ -86.908119, 35.75076 ], [ -86.909111, 35.75111 ], [ -86.909667, 35.751307 ], [ -86.910862, 35.75173 ], [ -86.911548, 35.751973 ], [ -86.912089, 35.752165 ], [ -86.913083, 35.752518 ], [ -86.913439, 35.752642 ], [ -86.913495, 35.752661 ], [ -86.914513, 35.753017 ], [ -86.914826, 35.753127 ], [ -86.91487, 35.753151 ], [ -86.914865, 35.753175 ], [ -86.914902, 35.753208 ], [ -86.914975, 35.753239 ], [ -86.91537, 35.753406 ], [ -86.915461, 35.753444 ], [ -86.915492, 35.753457 ], [ -86.915502, 35.753462 ], [ -86.915562, 35.753488 ], [ -86.915708, 35.753553 ], [ -86.915746, 35.753564 ], [ -86.915811, 35.753583 ], [ -86.916396, 35.753755 ], [ -86.918152, 35.754271 ], [ -86.918373, 35.754336 ], [ -86.91874, 35.754438 ], [ -86.919778, 35.754725 ], [ -86.92162, 35.755236 ], [ -86.922893, 35.755589 ], [ -86.923932, 35.755877 ], [ -86.923978, 35.755887 ], [ -86.924118, 35.75592 ], [ -86.924167, 35.755932 ], [ -86.92437, 35.755976 ], [ -86.924419, 35.755987 ], [ -86.924984, 35.756117 ], [ -86.925009, 35.756123 ], [ -86.925189, 35.756173 ], [ -86.927966, 35.756922 ], [ -86.928979, 35.757196 ], [ -86.92911, 35.757261 ], [ -86.934871, 35.760223 ], [ -86.935144, 35.760364 ], [ -86.935719, 35.760659 ], [ -86.938278, 35.761972 ], [ -86.937785, 35.762393 ], [ -86.936308, 35.763655 ], [ -86.935816, 35.764077 ], [ -86.935586, 35.764308 ], [ -86.934897, 35.765001 ], [ -86.934668, 35.765233 ], [ -86.934492, 35.76541 ], [ -86.934158, 35.765749 ], [ -86.933907, 35.765859 ], [ -86.933679, 35.765961 ], [ -86.933615, 35.766148 ], [ -86.933424, 35.76671 ], [ -86.933361, 35.766898 ], [ -86.933336, 35.76697 ], [ -86.932512, 35.768411 ], [ -86.932333, 35.768726 ], [ -86.931156, 35.77237 ], [ -86.930867, 35.773345 ], [ -86.930515, 35.77454 ], [ -86.930326, 35.774993 ], [ -86.930035, 35.775685 ], [ -86.929779, 35.776302 ], [ -86.929166, 35.776899 ], [ -86.928935, 35.777589 ], [ -86.928918, 35.777644 ], [ -86.92836, 35.778057 ], [ -86.92838, 35.778058 ], [ -86.928459, 35.778064 ], [ -86.928698, 35.778087 ], [ -86.928779, 35.778095 ], [ -86.928828, 35.778101 ], [ -86.928977, 35.778122 ], [ -86.929027, 35.778129 ], [ -86.929077, 35.778136 ], [ -86.929227, 35.778157 ], [ -86.929251, 35.77816 ], [ -86.929137, 35.778248 ], [ -86.928798, 35.778516 ], [ -86.928686, 35.778606 ], [ -86.92745, 35.779633 ], [ -86.92631, 35.780582 ], [ -86.923562, 35.783188 ], [ -86.922991, 35.783622 ], [ -86.922691, 35.783593 ], [ -86.922572, 35.783692 ], [ -86.922505, 35.783648 ], [ -86.92247, 35.783638 ], [ -86.922332, 35.783601 ], [ -86.922228, 35.783581 ], [ -86.92159, 35.783509 ], [ -86.921503, 35.783499 ], [ -86.919013, 35.783219 ], [ -86.918184, 35.783126 ], [ -86.917336, 35.783025 ], [ -86.914792, 35.782723 ], [ -86.913944, 35.782623 ], [ -86.913807, 35.782606 ], [ -86.913396, 35.782558 ], [ -86.913259, 35.782542 ], [ -86.913168, 35.782786 ], [ -86.912961, 35.783343 ], [ -86.912896, 35.783517 ], [ -86.912806, 35.783762 ], [ -86.912763, 35.78388 ], [ -86.912743, 35.783934 ], [ -86.912635, 35.784234 ], [ -86.912615, 35.784292 ], [ -86.912593, 35.784353 ], [ -86.912585, 35.784375 ], [ -86.912516, 35.784568 ], [ -86.912285, 35.785215 ], [ -86.912209, 35.785431 ], [ -86.912031, 35.785894 ], [ -86.912006, 35.78596 ], [ -86.9115, 35.787286 ], [ -86.911343, 35.7877 ], [ -86.911323, 35.78775 ], [ -86.911187, 35.788088 ], [ -86.911148, 35.788186 ], [ -86.910976, 35.788507 ], [ -86.91077, 35.788806 ], [ -86.9106, 35.789005 ], [ -86.910471, 35.789159 ], [ -86.910354, 35.789274 ], [ -86.91017, 35.789436 ], [ -86.909877, 35.789694 ], [ -86.909772, 35.789783 ], [ -86.908008, 35.79129 ], [ -86.907886, 35.791396 ], [ -86.907598, 35.791666 ], [ -86.907454, 35.791829 ], [ -86.907357, 35.791937 ], [ -86.907105, 35.792289 ], [ -86.90706, 35.792372 ], [ -86.906914, 35.792636 ], [ -86.906781, 35.792958 ], [ -86.906339, 35.79425 ], [ -86.906121, 35.794886 ], [ -86.905984, 35.79531 ], [ -86.905572, 35.796584 ], [ -86.905436, 35.797009 ], [ -86.905287, 35.797001 ], [ -86.905111, 35.796981 ], [ -86.90414, 35.796876 ], [ -86.903876, 35.796848 ], [ -86.903817, 35.796842 ], [ -86.902827, 35.796739 ], [ -86.902748, 35.796729 ], [ -86.901708, 35.79661 ], [ -86.899545, 35.796371 ], [ -86.898478, 35.796253 ], [ -86.897884, 35.79618 ], [ -86.897397, 35.796124 ], [ -86.896445, 35.796015 ], [ -86.896308, 35.795999 ], [ -86.895659, 35.795926 ], [ -86.895178, 35.795871 ], [ -86.894306, 35.795767 ], [ -86.894154, 35.79575 ], [ -86.893073, 35.795636 ], [ -86.892115, 35.795518 ], [ -86.890631, 35.795336 ], [ -86.890135, 35.795284 ], [ -86.889239, 35.795199 ], [ -86.88867, 35.795146 ], [ -86.888619, 35.795142 ], [ -86.888279, 35.795112 ], [ -86.888057, 35.795093 ], [ -86.887878, 35.795078 ], [ -86.887394, 35.795027 ], [ -86.887173, 35.795005 ], [ -86.887104, 35.794998 ], [ -86.886947, 35.794982 ], [ -86.886899, 35.794976 ], [ -86.886831, 35.794969 ], [ -86.886432, 35.794924 ], [ -86.885235, 35.794791 ], [ -86.884836, 35.794747 ], [ -86.884777, 35.79474 ], [ -86.884636, 35.794723 ], [ -86.8846, 35.794719 ], [ -86.884541, 35.794712 ], [ -86.884302, 35.794688 ], [ -86.883735, 35.794612 ], [ -86.883064, 35.794522 ], [ -86.882822, 35.794466 ], [ -86.882582, 35.794374 ], [ -86.881916, 35.794029 ], [ -86.881572, 35.793829 ], [ -86.881485, 35.793768 ], [ -86.881251, 35.793602 ], [ -86.881063, 35.793426 ], [ -86.880897, 35.793217 ], [ -86.880824, 35.793105 ], [ -86.880689, 35.792897 ], [ -86.880622, 35.792811 ], [ -86.880593, 35.792779 ], [ -86.880504, 35.79268 ], [ -86.88046, 35.792642 ], [ -86.880287, 35.79252 ], [ -86.880224, 35.792476 ], [ -86.879602, 35.792095 ], [ -86.879373, 35.791955 ], [ -86.879005, 35.791729 ], [ -86.878909, 35.791671 ], [ -86.878086, 35.791187 ], [ -86.87793, 35.7911 ], [ -86.877886, 35.791079 ], [ -86.877745, 35.791012 ], [ -86.877484, 35.790927 ], [ -86.877159, 35.790886 ], [ -86.876801, 35.790871 ], [ -86.874748, 35.790785 ], [ -86.874369, 35.790769 ], [ -86.874133, 35.79076 ], [ -86.874064, 35.790757 ], [ -86.873586, 35.790735 ], [ -86.872603, 35.790691 ], [ -86.872152, 35.790674 ], [ -86.871675, 35.790657 ], [ -86.87159, 35.790654 ], [ -86.871569, 35.790652 ], [ -86.871251, 35.790637 ], [ -86.871146, 35.790632 ], [ -86.870634, 35.790603 ], [ -86.869379, 35.790535 ], [ -86.869102, 35.790512 ], [ -86.868592, 35.790471 ], [ -86.868236, 35.790435 ], [ -86.86717, 35.790329 ], [ -86.866815, 35.790294 ], [ -86.86672, 35.790284 ], [ -86.866438, 35.790254 ], [ -86.866344, 35.790244 ], [ -86.865965, 35.790204 ], [ -86.864827, 35.790086 ], [ -86.864449, 35.790047 ], [ -86.864333, 35.790034 ], [ -86.863988, 35.789997 ], [ -86.863873, 35.789985 ], [ -86.86385, 35.789982 ], [ -86.863646, 35.78996 ], [ -86.862992, 35.789892 ], [ -86.862965, 35.789889 ], [ -86.862738, 35.789866 ], [ -86.862392, 35.789827 ], [ -86.862373, 35.789825 ], [ -86.861614, 35.789741 ], [ -86.861448, 35.789724 ], [ -86.861355, 35.789715 ], [ -86.861282, 35.789708 ], [ -86.861109, 35.789687 ], [ -86.861, 35.789673 ], [ -86.860878, 35.789658 ], [ -86.860819, 35.789653 ], [ -86.860512, 35.789616 ], [ -86.860391, 35.789602 ], [ -86.858711, 35.789429 ], [ -86.857028, 35.789257 ], [ -86.855698, 35.78914 ], [ -86.855336, 35.789099 ], [ -86.855155, 35.789041 ], [ -86.855056, 35.788987 ], [ -86.854941, 35.788887 ], [ -86.854857, 35.788776 ], [ -86.854694, 35.788397 ], [ -86.854608, 35.78824 ], [ -86.854519, 35.78814 ], [ -86.854424, 35.788065 ], [ -86.854332, 35.788025 ], [ -86.854208, 35.787988 ], [ -86.854195, 35.787985 ], [ -86.852531, 35.787804 ], [ -86.852357, 35.787784 ], [ -86.851835, 35.787727 ], [ -86.851662, 35.787708 ], [ -86.851472, 35.787689 ], [ -86.851063, 35.787648 ], [ -86.850905, 35.787632 ], [ -86.850716, 35.787613 ], [ -86.850076, 35.787543 ], [ -86.848667, 35.787391 ], [ -86.848157, 35.787337 ], [ -86.847627, 35.787281 ], [ -86.847518, 35.78727 ], [ -86.846874, 35.787202 ], [ -86.845928, 35.787103 ], [ -86.845776, 35.787091 ], [ -86.845667, 35.787082 ], [ -86.84494, 35.787023 ], [ -86.844762, 35.787009 ], [ -86.844294, 35.786988 ], [ -86.84426, 35.787296 ], [ -86.844161, 35.788223 ], [ -86.844147, 35.788358 ], [ -86.844121, 35.788531 ], [ -86.843844, 35.788513 ], [ -86.843351, 35.788475 ], [ -86.842421, 35.788405 ], [ -86.841055, 35.788199 ], [ -86.840456, 35.788109 ], [ -86.840293, 35.788085 ], [ -86.839553, 35.787978 ], [ -86.839207, 35.787955 ], [ -86.838989, 35.787956 ], [ -86.837957, 35.787965 ], [ -86.837872, 35.787961 ], [ -86.836891, 35.787918 ], [ -86.836554, 35.787882 ], [ -86.836255, 35.78782 ], [ -86.83567, 35.787661 ], [ -86.835103, 35.787494 ], [ -86.834754, 35.78737 ], [ -86.834357, 35.787211 ], [ -86.833932, 35.786993 ], [ -86.833906, 35.786979 ], [ -86.833796, 35.786918 ], [ -86.833512, 35.786759 ], [ -86.833467, 35.786739 ], [ -86.833353, 35.78669 ], [ -86.833263, 35.786661 ], [ -86.833136, 35.786639 ], [ -86.832925, 35.786604 ], [ -86.832504, 35.786545 ], [ -86.832474, 35.786543 ], [ -86.832252, 35.78653 ], [ -86.83198, 35.786531 ], [ -86.831164, 35.786538 ], [ -86.830893, 35.78654 ], [ -86.829388, 35.786561 ], [ -86.82749, 35.786589 ], [ -86.824876, 35.786611 ], [ -86.823396, 35.786624 ], [ -86.823372, 35.786624 ], [ -86.823191, 35.786623 ], [ -86.82308, 35.786617 ], [ -86.822659, 35.786598 ], [ -86.822207, 35.786545 ], [ -86.821917, 35.786512 ], [ -86.821864, 35.786506 ], [ -86.821791, 35.786498 ], [ -86.821706, 35.786488 ], [ -86.821654, 35.786482 ], [ -86.821199, 35.786429 ], [ -86.820109, 35.786303 ], [ -86.819837, 35.786264 ], [ -86.819403, 35.786204 ], [ -86.819385, 35.786202 ], [ -86.819037, 35.786159 ], [ -86.817994, 35.786033 ], [ -86.817881, 35.78602 ], [ -86.817648, 35.785982 ], [ -86.817619, 35.785977 ], [ -86.817384, 35.78592 ], [ -86.817086, 35.785849 ], [ -86.816906, 35.785791 ], [ -86.81678, 35.785723 ], [ -86.816666, 35.78562 ], [ -86.816656, 35.785604 ], [ -86.816598, 35.785505 ], [ -86.816559, 35.785355 ], [ -86.816549, 35.78528 ], [ -86.816547, 35.78503 ], [ -86.816547, 35.78491 ], [ -86.816532, 35.784494 ], [ -86.816487, 35.784269 ], [ -86.816431, 35.784068 ], [ -86.816346, 35.783755 ], [ -86.816295, 35.783489 ], [ -86.816231, 35.7829 ], [ -86.816226, 35.782667 ], [ -86.816219, 35.782325 ], [ -86.816218, 35.782276 ], [ -86.816232, 35.782028 ], [ -86.816251, 35.781726 ], [ -86.816461, 35.780002 ], [ -86.816726, 35.778393 ], [ -86.816952, 35.776873 ], [ -86.817013, 35.77647 ], [ -86.817045, 35.776159 ], [ -86.817099, 35.775649 ], [ -86.817101, 35.775465 ], [ -86.817068, 35.7753 ], [ -86.817009, 35.775162 ], [ -86.81706, 35.775082 ], [ -86.817131, 35.774974 ], [ -86.817227, 35.774897 ], [ -86.817255, 35.774883 ], [ -86.817341, 35.774842 ], [ -86.817173, 35.774829 ], [ -86.816835, 35.774803 ], [ -86.816671, 35.774791 ], [ -86.816504, 35.774779 ], [ -86.816388, 35.77474 ], [ -86.816324, 35.774724 ], [ -86.816173, 35.774687 ], [ -86.81582, 35.774647 ], [ -86.815767, 35.774643 ], [ -86.81558, 35.774633 ], [ -86.815392, 35.774622 ], [ -86.815216, 35.774613 ], [ -86.81483, 35.774583 ], [ -86.814643, 35.774569 ], [ -86.814458, 35.774554 ], [ -86.814069, 35.774525 ], [ -86.813906, 35.774505 ], [ -86.813806, 35.774494 ], [ -86.813726, 35.77447 ], [ -86.81353, 35.77441 ], [ -86.813493, 35.774392 ], [ -86.813335, 35.774315 ], [ -86.812874, 35.773999 ], [ -86.812672, 35.773861 ], [ -86.812629, 35.773832 ], [ -86.812268, 35.773563 ], [ -86.811865, 35.773262 ], [ -86.811603, 35.773048 ], [ -86.811251, 35.77279 ], [ -86.811059, 35.772671 ], [ -86.810962, 35.772611 ], [ -86.810669, 35.772434 ], [ -86.81063, 35.772414 ], [ -86.810306, 35.772247 ], [ -86.810266, 35.772227 ], [ -86.809991, 35.772111 ], [ -86.80976, 35.772043 ], [ -86.809494, 35.771994 ], [ -86.809257, 35.771974 ], [ -86.80909, 35.771961 ], [ -86.808895, 35.771941 ], [ -86.80844, 35.771895 ], [ -86.808012, 35.771852 ], [ -86.807076, 35.771765 ], [ -86.806654, 35.771727 ], [ -86.806622, 35.771724 ], [ -86.806472, 35.771708 ], [ -86.806025, 35.771661 ], [ -86.805876, 35.771646 ], [ -86.805841, 35.771642 ], [ -86.805728, 35.771624 ], [ -86.805522, 35.771591 ], [ -86.80529, 35.77154 ], [ -86.805145, 35.771508 ], [ -86.805124, 35.771502 ], [ -86.805061, 35.771484 ], [ -86.805041, 35.771479 ], [ -86.804994, 35.771466 ], [ -86.804919, 35.771441 ], [ -86.804859, 35.77142 ], [ -86.804727, 35.771376 ], [ -86.804562, 35.77131 ], [ -86.804445, 35.771263 ], [ -86.80437, 35.771233 ], [ -86.803949, 35.77103 ], [ -86.802718, 35.770437 ], [ -86.802473, 35.770312 ], [ -86.801986, 35.770065 ], [ -86.801887, 35.770015 ], [ -86.801591, 35.769886 ], [ -86.800903, 35.769587 ], [ -86.800694, 35.769442 ], [ -86.800527, 35.769276 ], [ -86.800491, 35.769228 ], [ -86.800406, 35.769113 ], [ -86.800272, 35.768857 ], [ -86.800152, 35.768562 ], [ -86.799838, 35.767663 ], [ -86.799784, 35.767506 ], [ -86.799706, 35.767377 ], [ -86.799679, 35.767333 ], [ -86.799585, 35.767228 ], [ -86.799576, 35.767217 ], [ -86.799476, 35.767122 ], [ -86.799147, 35.766855 ], [ -86.798998, 35.766735 ], [ -86.798973, 35.766715 ], [ -86.798753, 35.766536 ], [ -86.798022, 35.765939 ], [ -86.797779, 35.76574 ], [ -86.796924, 35.765038 ], [ -86.795581, 35.763935 ], [ -86.795283, 35.763716 ], [ -86.795056, 35.763583 ], [ -86.794518, 35.763323 ], [ -86.794211, 35.763163 ], [ -86.794144, 35.763128 ], [ -86.793948, 35.762999 ], [ -86.793792, 35.762856 ], [ -86.793612, 35.762598 ], [ -86.793483, 35.762363 ], [ -86.793353, 35.762126 ], [ -86.793205, 35.761855 ], [ -86.792957, 35.761422 ], [ -86.792824, 35.761189 ], [ -86.792632, 35.760862 ], [ -86.792058, 35.759883 ], [ -86.791896, 35.759607 ], [ -86.791863, 35.759559 ], [ -86.791855, 35.759546 ], [ -86.791735, 35.759425 ], [ -86.791653, 35.759378 ], [ -86.791588, 35.759357 ], [ -86.791401, 35.759323 ], [ -86.79118, 35.759283 ], [ -86.790799, 35.759192 ], [ -86.790559, 35.759101 ], [ -86.790095, 35.758856 ], [ -86.789888, 35.758774 ], [ -86.789792, 35.758748 ], [ -86.789626, 35.758703 ], [ -86.789368, 35.758682 ], [ -86.789281, 35.758694 ], [ -86.789191, 35.758708 ], [ -86.789028, 35.758758 ], [ -86.788996, 35.758769 ], [ -86.788945, 35.758784 ], [ -86.788858, 35.75877 ], [ -86.78873, 35.758743 ], [ -86.78844, 35.758715 ], [ -86.788298, 35.758682 ], [ -86.78817, 35.758638 ], [ -86.78788, 35.758512 ], [ -86.787725, 35.75844 ], [ -86.787604, 35.758391 ], [ -86.78755, 35.758374 ], [ -86.787442, 35.758363 ], [ -86.787334, 35.758374 ], [ -86.787199, 35.758407 ], [ -86.787085, 35.75844 ], [ -86.787004, 35.758451 ], [ -86.786909, 35.758451 ], [ -86.786761, 35.758418 ], [ -86.786707, 35.758402 ], [ -86.786606, 35.758303 ], [ -86.786512, 35.758231 ], [ -86.786397, 35.758165 ], [ -86.786316, 35.758132 ], [ -86.786208, 35.75811 ], [ -86.786127, 35.758105 ], [ -86.786053, 35.758083 ], [ -86.786009, 35.758061 ], [ -86.785824, 35.757973 ], [ -86.785628, 35.757901 ], [ -86.785507, 35.757841 ], [ -86.785278, 35.757808 ], [ -86.785143, 35.757808 ], [ -86.785021, 35.757819 ], [ -86.784887, 35.757808 ], [ -86.784671, 35.757818 ], [ -86.784509, 35.757835 ], [ -86.784071, 35.757862 ], [ -86.783599, 35.757835 ], [ -86.783369, 35.75784 ], [ -86.78316, 35.757857 ], [ -86.783143, 35.757859 ], [ -86.782951, 35.757884 ], [ -86.782749, 35.757934 ], [ -86.78254, 35.757994 ], [ -86.782317, 35.758076 ], [ -86.782183, 35.75812 ], [ -86.782061, 35.758203 ], [ -86.782021, 35.758252 ], [ -86.78198, 35.75828 ], [ -86.781899, 35.758378 ], [ -86.781825, 35.758455 ], [ -86.78171, 35.758543 ], [ -86.781609, 35.758593 ], [ -86.781461, 35.75862 ], [ -86.78113, 35.758609 ], [ -86.780969, 35.758598 ], [ -86.780827, 35.758576 ], [ -86.780665, 35.758565 ], [ -86.780436, 35.758543 ], [ -86.780288, 35.758537 ], [ -86.779647, 35.758455 ], [ -86.779445, 35.758438 ], [ -86.779242, 35.7584 ], [ -86.778919, 35.758317 ], [ -86.77873, 35.758257 ], [ -86.778528, 35.758185 ], [ -86.778312, 35.758147 ], [ -86.778056, 35.758125 ], [ -86.777847, 35.758097 ], [ -86.777732, 35.758097 ], [ -86.777247, 35.758069 ], [ -86.777044, 35.758042 ], [ -86.776998, 35.758032 ], [ -86.776808, 35.757992 ], [ -86.776707, 35.757965 ], [ -86.776599, 35.757948 ], [ -86.776383, 35.757893 ], [ -86.776161, 35.757855 ], [ -86.776053, 35.757827 ], [ -86.775932, 35.757789 ], [ -86.775541, 35.757788 ], [ -86.775386, 35.757794 ], [ -86.775197, 35.757783 ], [ -86.775055, 35.757744 ], [ -86.774981, 35.757728 ], [ -86.7749, 35.7577 ], [ -86.774725, 35.757552 ], [ -86.77457, 35.757442 ], [ -86.774408, 35.75737 ], [ -86.773821, 35.757161 ], [ -86.773673, 35.757095 ], [ -86.773606, 35.757057 ], [ -86.773518, 35.757024 ], [ -86.77341, 35.756996 ], [ -86.773316, 35.756991 ], [ -86.773114, 35.756996 ], [ -86.773053, 35.757008 ], [ -86.773, 35.757017 ], [ -86.772977, 35.757005 ], [ -86.772575, 35.756786 ], [ -86.771917, 35.75643 ], [ -86.771302, 35.756092 ], [ -86.770879, 35.75586 ], [ -86.770622, 35.755718 ], [ -86.770082, 35.755422 ], [ -86.769854, 35.755292 ], [ -86.7696, 35.755147 ], [ -86.76941, 35.755035 ], [ -86.768842, 35.754699 ], [ -86.768768, 35.754655 ], [ -86.768654, 35.754586 ], [ -86.768552, 35.754524 ], [ -86.768247, 35.75434 ], [ -86.768146, 35.754279 ], [ -86.768136, 35.754274 ], [ -86.768097, 35.754255 ], [ -86.768075, 35.754244 ], [ -86.768015, 35.754208 ], [ -86.767856, 35.754141 ], [ -86.767746, 35.754095 ], [ -86.76753, 35.754042 ], [ -86.767076, 35.753991 ], [ -86.766924, 35.753974 ], [ -86.766812, 35.753963 ], [ -86.766347, 35.753919 ], [ -86.765563, 35.753845 ], [ -86.765218, 35.753805 ], [ -86.765047, 35.753786 ], [ -86.764956, 35.753771 ], [ -86.764496, 35.753696 ], [ -86.764297, 35.753674 ], [ -86.763956, 35.753671 ], [ -86.762335, 35.753661 ], [ -86.761795, 35.753658 ], [ -86.761011, 35.753643 ], [ -86.760022, 35.753626 ], [ -86.759507, 35.753634 ], [ -86.759191, 35.753663 ], [ -86.758736, 35.753729 ], [ -86.75867, 35.753745 ], [ -86.758457, 35.753801 ], [ -86.757925, 35.753983 ], [ -86.757898, 35.753992 ], [ -86.757841, 35.754012 ], [ -86.757817, 35.754018 ], [ -86.75779, 35.754025 ], [ -86.757532, 35.754069 ], [ -86.757475, 35.754079 ], [ -86.757345, 35.754087 ], [ -86.756751, 35.754087 ], [ -86.756491, 35.754088 ], [ -86.756471, 35.754088 ], [ -86.756413, 35.754088 ], [ -86.756394, 35.754089 ], [ -86.756092, 35.754089 ], [ -86.756076, 35.754089 ], [ -86.755483, 35.754103 ], [ -86.755293, 35.754128 ], [ -86.755128, 35.754164 ], [ -86.754936, 35.754208 ], [ -86.754816, 35.754223 ], [ -86.754666, 35.754242 ], [ -86.754348, 35.754265 ], [ -86.75426, 35.754272 ], [ -86.753892, 35.754333 ], [ -86.752966, 35.754533 ], [ -86.752921, 35.754542 ], [ -86.752501, 35.754598 ], [ -86.752417, 35.754609 ], [ -86.752394, 35.754611 ], [ -86.752076, 35.754646 ], [ -86.75197, 35.754659 ], [ -86.751927, 35.754664 ], [ -86.75153, 35.754784 ], [ -86.751478, 35.754806 ], [ -86.751281, 35.75489 ], [ -86.751116, 35.75496 ], [ -86.750181, 35.755371 ], [ -86.7498, 35.75554 ], [ -86.74975, 35.755561 ], [ -86.749636, 35.755607 ], [ -86.749296, 35.755747 ], [ -86.749183, 35.755795 ], [ -86.749127, 35.755817 ], [ -86.74906, 35.755846 ], [ -86.74896, 35.75588 ], [ -86.748904, 35.7559 ], [ -86.748764, 35.75592 ], [ -86.7486, 35.755923 ], [ -86.748294, 35.755881 ], [ -86.748103, 35.755849 ], [ -86.747952, 35.755854 ], [ -86.747888, 35.755866 ], [ -86.747858, 35.755872 ], [ -86.74774, 35.755923 ], [ -86.747349, 35.756219 ], [ -86.747171, 35.756336 ], [ -86.746891, 35.75644 ], [ -86.746566, 35.756542 ], [ -86.746349, 35.756623 ], [ -86.746199, 35.756701 ], [ -86.745901, 35.756917 ], [ -86.745764, 35.757004 ], [ -86.745163, 35.757223 ], [ -86.74512, 35.757239 ], [ -86.744933, 35.75734 ], [ -86.744791, 35.757468 ], [ -86.744588, 35.757675 ], [ -86.74438, 35.757868 ], [ -86.744357, 35.757889 ], [ -86.744341, 35.757902 ], [ -86.744224, 35.758003 ], [ -86.744186, 35.758037 ], [ -86.744161, 35.758059 ], [ -86.744105, 35.75813 ], [ -86.744068, 35.758278 ], [ -86.744025, 35.75863 ], [ -86.74405, 35.758898 ], [ -86.744104, 35.759091 ], [ -86.744116, 35.759111 ], [ -86.744148, 35.759162 ], [ -86.744244, 35.759235 ], [ -86.744464, 35.759313 ], [ -86.744668, 35.759356 ], [ -86.745159, 35.759401 ], [ -86.745693, 35.759427 ], [ -86.745827, 35.759453 ], [ -86.745935, 35.759504 ], [ -86.746033, 35.759585 ], [ -86.746101, 35.759701 ], [ -86.746123, 35.759918 ], [ -86.746054, 35.760168 ], [ -86.745947, 35.760348 ], [ -86.74579, 35.760495 ], [ -86.745495, 35.760569 ], [ -86.74536, 35.760619 ], [ -86.745224, 35.760688 ], [ -86.74491, 35.760898 ], [ -86.744522, 35.761132 ], [ -86.744066, 35.761406 ], [ -86.743948, 35.761478 ], [ -86.743777, 35.761547 ], [ -86.743449, 35.761621 ], [ -86.74323, 35.761665 ], [ -86.743016, 35.761782 ], [ -86.742616, 35.76203 ], [ -86.742165, 35.762312 ], [ -86.741801, 35.762539 ], [ -86.741619, 35.762641 ], [ -86.741178, 35.762889 ], [ -86.740801, 35.763109 ], [ -86.740713, 35.763153 ], [ -86.740509, 35.763232 ], [ -86.740006, 35.763333 ], [ -86.739883, 35.763386 ], [ -86.739309, 35.763676 ], [ -86.739076, 35.763793 ], [ -86.738989, 35.76382 ], [ -86.738849, 35.763836 ], [ -86.738734, 35.763828 ], [ -86.738636, 35.763822 ], [ -86.738472, 35.763799 ], [ -86.738392, 35.763796 ], [ -86.738261, 35.763817 ], [ -86.73819, 35.763842 ], [ -86.737102, 35.764501 ], [ -86.736763, 35.764708 ], [ -86.73658, 35.764812 ], [ -86.736451, 35.764886 ], [ -86.736412, 35.764902 ], [ -86.736302, 35.764952 ], [ -86.735922, 35.765064 ], [ -86.735874, 35.765091 ], [ -86.735828, 35.765119 ], [ -86.735733, 35.765217 ], [ -86.735648, 35.765187 ], [ -86.735469, 35.765125 ], [ -86.735397, 35.765094 ], [ -86.735316, 35.765059 ], [ -86.735308, 35.765013 ], [ -86.73529, 35.76493 ], [ -86.735256, 35.76482 ], [ -86.735182, 35.764716 ], [ -86.735101, 35.764639 ], [ -86.734946, 35.764551 ], [ -86.734797, 35.764485 ], [ -86.73448, 35.764293 ], [ -86.734312, 35.764177 ], [ -86.734278, 35.764149 ], [ -86.734183, 35.764073 ], [ -86.734055, 35.76393 ], [ -86.733934, 35.763804 ], [ -86.733489, 35.763425 ], [ -86.733259, 35.763172 ], [ -86.733178, 35.763046 ], [ -86.733111, 35.762914 ], [ -86.73307, 35.762776 ], [ -86.73305, 35.762595 ], [ -86.733049, 35.762144 ], [ -86.733043, 35.761968 ], [ -86.732989, 35.761754 ], [ -86.732969, 35.761691 ], [ -86.732941, 35.761606 ], [ -86.73286, 35.761485 ], [ -86.732745, 35.761358 ], [ -86.732678, 35.761309 ], [ -86.732543, 35.761243 ], [ -86.732368, 35.761128 ], [ -86.732118, 35.76099 ], [ -86.731896, 35.760875 ], [ -86.731707, 35.760749 ], [ -86.731592, 35.760666 ], [ -86.731241, 35.760485 ], [ -86.731106, 35.760392 ], [ -86.730884, 35.760199 ], [ -86.730776, 35.760123 ], [ -86.730735, 35.760073 ], [ -86.73072, 35.760052 ], [ -86.730688, 35.760076 ], [ -86.730604, 35.760134 ], [ -86.730576, 35.760155 ], [ -86.730547, 35.760129 ], [ -86.730462, 35.760054 ], [ -86.730434, 35.760029 ], [ -86.730402, 35.759997 ], [ -86.730306, 35.759901 ], [ -86.730275, 35.759869 ], [ -86.730189, 35.759782 ], [ -86.730037, 35.759606 ], [ -86.729344, 35.758802 ], [ -86.729114, 35.758534 ], [ -86.728973, 35.758371 ], [ -86.72895, 35.758344 ], [ -86.728807, 35.758179 ], [ -86.72873, 35.758103 ], [ -86.728551, 35.757947 ], [ -86.728466, 35.75788 ], [ -86.728401, 35.757838 ], [ -86.728192, 35.757702 ], [ -86.728069, 35.757631 ], [ -86.728044, 35.757619 ], [ -86.727603, 35.757417 ], [ -86.727581, 35.75741 ], [ -86.727419, 35.757361 ], [ -86.727374, 35.757347 ], [ -86.727239, 35.757307 ], [ -86.727195, 35.757294 ], [ -86.726695, 35.757204 ], [ -86.726287, 35.757144 ], [ -86.725407, 35.757015 ], [ -86.724595, 35.756947 ], [ -86.723543, 35.756889 ], [ -86.723495, 35.756887 ], [ -86.723025, 35.756869 ], [ -86.722626, 35.756835 ], [ -86.722536, 35.756827 ], [ -86.722398, 35.756816 ], [ -86.72227, 35.756797 ], [ -86.722182, 35.756785 ], [ -86.722026, 35.756762 ], [ -86.721783, 35.756705 ], [ -86.721557, 35.756652 ], [ -86.721174, 35.75653 ], [ -86.719177, 35.755821 ], [ -86.718979, 35.755753 ], [ -86.718546, 35.755592 ], [ -86.718174, 35.755417 ], [ -86.718161, 35.755409 ], [ -86.71778, 35.75519 ], [ -86.717475, 35.754977 ], [ -86.716739, 35.754399 ], [ -86.716551, 35.754277 ], [ -86.716144, 35.754052 ], [ -86.715405, 35.753724 ], [ -86.714897, 35.753557 ], [ -86.714461, 35.75345 ], [ -86.713982, 35.753373 ], [ -86.713557, 35.753331 ], [ -86.713322, 35.753321 ], [ -86.712164, 35.753338 ], [ -86.711533, 35.753365 ], [ -86.710809, 35.753395 ], [ -86.710404, 35.753387 ], [ -86.709758, 35.753335 ], [ -86.708662, 35.753225 ], [ -86.708538, 35.753214 ], [ -86.703164, 35.752727 ], [ -86.702496, 35.75268 ], [ -86.702395, 35.752674 ], [ -86.701355, 35.752616 ], [ -86.700251, 35.752525 ], [ -86.699874, 35.75247 ], [ -86.698923, 35.752289 ], [ -86.698804, 35.752274 ], [ -86.698427, 35.752242 ], [ -86.698032, 35.752232 ], [ -86.697803, 35.752226 ], [ -86.697637, 35.752222 ], [ -86.697462, 35.752226 ], [ -86.697342, 35.75224 ], [ -86.697163, 35.752259 ], [ -86.697123, 35.75227 ], [ -86.697018, 35.752301 ], [ -86.696904, 35.752334 ], [ -86.696886, 35.751722 ], [ -86.696911, 35.751569 ], [ -86.697164, 35.750072 ], [ -86.697277, 35.749304 ], [ -86.697393, 35.74855 ], [ -86.697429, 35.748254 ], [ -86.69755, 35.747306 ], [ -86.69758, 35.747077 ], [ -86.697601, 35.746911 ], [ -86.697619, 35.74678 ], [ -86.697667, 35.746416 ], [ -86.697759, 35.746277 ], [ -86.697794, 35.746284 ], [ -86.697799, 35.746022 ], [ -86.697818, 35.745243 ], [ -86.697826, 35.744984 ], [ -86.697913, 35.743502 ], [ -86.697964, 35.742632 ], [ -86.697972, 35.742497 ], [ -86.697983, 35.742323 ], [ -86.697985, 35.742238 ], [ -86.697992, 35.741922 ], [ -86.69801, 35.741484 ], [ -86.698017, 35.741335 ], [ -86.698032, 35.741059 ], [ -86.698087, 35.740013 ], [ -86.698136, 35.739054 ], [ -86.698214, 35.737572 ], [ -86.698269, 35.736572 ], [ -86.698352, 35.735098 ], [ -86.698427, 35.734193 ], [ -86.698446, 35.733958 ], [ -86.698478, 35.733578 ], [ -86.698561, 35.732581 ], [ -86.698669, 35.731831 ], [ -86.69879, 35.730991 ], [ -86.698802, 35.730911 ], [ -86.698905, 35.730202 ], [ -86.699528, 35.726707 ], [ -86.699612, 35.726245 ], [ -86.699728, 35.725615 ], [ -86.699752, 35.725478 ], [ -86.699777, 35.72534 ], [ -86.699898, 35.724665 ], [ -86.69997, 35.724254 ], [ -86.70019, 35.723029 ], [ -86.700265, 35.722621 ], [ -86.700214, 35.722143 ], [ -86.700201, 35.722022 ], [ -86.699659, 35.719428 ], [ -86.69953, 35.718889 ], [ -86.699281, 35.717837 ], [ -86.699099, 35.717828 ], [ -86.698559, 35.717811 ], [ -86.698381, 35.717808 ], [ -86.698302, 35.717816 ], [ -86.698138, 35.717837 ], [ -86.698119, 35.717839 ], [ -86.698068, 35.717846 ], [ -86.698003, 35.717835 ], [ -86.697897, 35.717844 ], [ -86.695406, 35.717587 ], [ -86.695008, 35.717547 ], [ -86.694905, 35.717577 ], [ -86.694862, 35.717673 ], [ -86.694703, 35.71876 ], [ -86.694658, 35.718837 ], [ -86.694468, 35.718832 ], [ -86.693091, 35.718713 ], [ -86.692638, 35.718633 ], [ -86.692002, 35.71852 ], [ -86.691817, 35.7185 ], [ -86.688557, 35.718372 ], [ -86.688588, 35.718082 ], [ -86.689103, 35.713267 ], [ -86.689105, 35.713254 ], [ -86.688612, 35.713181 ], [ -86.688464, 35.713169 ], [ -86.68845, 35.713168 ], [ -86.688291, 35.713165 ], [ -86.68817, 35.713171 ], [ -86.688045, 35.713191 ], [ -86.687936, 35.713217 ], [ -86.686631, 35.7135 ], [ -86.686566, 35.71351 ], [ -86.686325, 35.71355 ], [ -86.686082, 35.713561 ], [ -86.685925, 35.713558 ], [ -86.685971, 35.712949 ], [ -86.68611, 35.711125 ], [ -86.686157, 35.710519 ], [ -86.686193, 35.710051 ], [ -86.684796, 35.709929 ], [ -86.680652, 35.70957 ], [ -86.680668, 35.709526 ], [ -86.68118, 35.708221 ], [ -86.681203, 35.708184 ], [ -86.68127, 35.708096 ], [ -86.68129, 35.708041 ], [ -86.681486, 35.707926 ], [ -86.68154, 35.707882 ], [ -86.681627, 35.70775 ], [ -86.681728, 35.707529 ], [ -86.681769, 35.707442 ], [ -86.68187, 35.707365 ], [ -86.681964, 35.707266 ], [ -86.681984, 35.707179 ], [ -86.682126, 35.706981 ], [ -86.68218, 35.706838 ], [ -86.6822, 35.706739 ], [ -86.682234, 35.706612 ], [ -86.682288, 35.706513 ], [ -86.682315, 35.706338 ], [ -86.682335, 35.706151 ], [ -86.682328, 35.706046 ], [ -86.682402, 35.705706 ], [ -86.682422, 35.705552 ], [ -86.682517, 35.705183 ], [ -86.68253, 35.705073 ], [ -86.682557, 35.705002 ], [ -86.682564, 35.704986 ], [ -86.682584, 35.704881 ], [ -86.682625, 35.704452 ], [ -86.682631, 35.70431 ], [ -86.682625, 35.70415 ], [ -86.682625, 35.704112 ], [ -86.682628, 35.704097 ], [ -86.682368, 35.704076 ], [ -86.68159, 35.704016 ], [ -86.681331, 35.703996 ], [ -86.680523, 35.703933 ], [ -86.67987, 35.703911 ], [ -86.67951, 35.703896 ], [ -86.677206, 35.703775 ], [ -86.675989, 35.703683 ], [ -86.675371, 35.703605 ], [ -86.674872, 35.703555 ], [ -86.673717, 35.703309 ], [ -86.673683, 35.703306 ], [ -86.674255, 35.696962 ], [ -86.670208, 35.696705 ], [ -86.67009, 35.696696 ], [ -86.667074, 35.696357 ], [ -86.66708, 35.696308 ], [ -86.66713, 35.695882 ], [ -86.667188, 35.695283 ], [ -86.661346, 35.694844 ], [ -86.661619, 35.692664 ], [ -86.66047, 35.692544 ], [ -86.66032, 35.692529 ], [ -86.657434, 35.692231 ], [ -86.651194, 35.691586 ], [ -86.651389, 35.690092 ], [ -86.649695, 35.689902 ], [ -86.64964, 35.689895 ], [ -86.643283, 35.689183 ], [ -86.643147, 35.689168 ], [ -86.643058, 35.689158 ], [ -86.641978, 35.689037 ], [ -86.642389, 35.686235 ], [ -86.639436, 35.6859 ], [ -86.639475, 35.684525 ], [ -86.639595, 35.680405 ], [ -86.639636, 35.679032 ], [ -86.63964, 35.678962 ], [ -86.639636, 35.678881 ], [ -86.639612, 35.67843 ], [ -86.639606, 35.678283 ], [ -86.639588, 35.67828 ], [ -86.63958, 35.678261 ], [ -86.639552, 35.678206 ], [ -86.639542, 35.678189 ], [ -86.639331, 35.677909 ], [ -86.639327, 35.677868 ], [ -86.63928, 35.677389 ], [ -86.639275, 35.677336 ], [ -86.639311, 35.677068 ], [ -86.63936, 35.676696 ], [ -86.639248, 35.67633 ], [ -86.639258, 35.676258 ], [ -86.639307, 35.675895 ], [ -86.639485, 35.67459 ], [ -86.639545, 35.674155 ], [ -86.639733, 35.672758 ], [ -86.640303, 35.66857 ], [ -86.640493, 35.667174 ], [ -86.640642, 35.666075 ], [ -86.64109, 35.662782 ], [ -86.64124, 35.661684 ], [ -86.641496, 35.659799 ], [ -86.642266, 35.654144 ], [ -86.642517, 35.652307 ], [ -86.642523, 35.65226 ], [ -86.642829, 35.649866 ], [ -86.643749, 35.642685 ], [ -86.644056, 35.640292 ], [ -86.644162, 35.639493 ], [ -86.644482, 35.637097 ], [ -86.644572, 35.63643 ], [ -86.644589, 35.636299 ], [ -86.644899, 35.633938 ], [ -86.645067, 35.632651 ], [ -86.646062, 35.625069 ], [ -86.646464, 35.621702 ], [ -86.646902, 35.618049 ], [ -86.646948, 35.617674 ], [ -86.647086, 35.616548 ], [ -86.647133, 35.616174 ], [ -86.647318, 35.614664 ], [ -86.647878, 35.610134 ], [ -86.648049, 35.608757 ], [ -86.648066, 35.608625 ], [ -86.648172, 35.607757 ], [ -86.648493, 35.605155 ], [ -86.648601, 35.60429 ], [ -86.648721, 35.603309 ], [ -86.649082, 35.600369 ], [ -86.649204, 35.599391 ], [ -86.649228, 35.599234 ], [ -86.649723, 35.597125 ], [ -86.651317, 35.590336 ], [ -86.6515, 35.589558 ], [ -86.651448, 35.588978 ], [ -86.651891, 35.588989 ], [ -86.652058, 35.588518 ], [ -86.652086, 35.588438 ], [ -86.652139, 35.587882 ], [ -86.652207, 35.587179 ], [ -86.653421, 35.587313 ], [ -86.654061, 35.587384 ], [ -86.654282, 35.587408 ], [ -86.654945, 35.587481 ], [ -86.655068, 35.587494 ], [ -86.65503, 35.588072 ], [ -86.655026, 35.588269 ], [ -86.655021, 35.588372 ], [ -86.656182, 35.588438 ], [ -86.656239, 35.588 ], [ -86.656254, 35.587936 ], [ -86.656357, 35.587942 ], [ -86.660219, 35.588188 ], [ -86.660456, 35.588241 ], [ -86.660831, 35.588326 ], [ -86.660983, 35.588359 ], [ -86.661214, 35.587869 ], [ -86.661556, 35.587207 ], [ -86.661948, 35.586529 ], [ -86.662336, 35.586113 ], [ -86.662625, 35.585744 ], [ -86.662818, 35.585262 ], [ -86.662891, 35.584792 ], [ -86.663145, 35.584104 ], [ -86.663401, 35.58322 ], [ -86.663666, 35.582408 ], [ -86.66377, 35.581893 ], [ -86.663707, 35.581296 ], [ -86.663525, 35.580908 ], [ -86.66294, 35.580381 ], [ -86.662003, 35.57991 ], [ -86.661965, 35.579891 ], [ -86.661777, 35.579831 ], [ -86.661668, 35.579799 ], [ -86.661569, 35.579767 ], [ -86.661406, 35.579713 ], [ -86.661299, 35.579669 ], [ -86.661137, 35.579612 ], [ -86.66098, 35.579562 ], [ -86.659785, 35.579159 ], [ -86.659176, 35.578959 ], [ -86.658532, 35.578747 ], [ -86.657887, 35.578535 ], [ -86.656971, 35.578237 ], [ -86.656571, 35.57816 ], [ -86.656322, 35.578112 ], [ -86.655886, 35.578192 ], [ -86.655652, 35.578236 ], [ -86.653827, 35.578651 ], [ -86.652082, 35.578904 ], [ -86.651856, 35.578935 ], [ -86.651402, 35.579045 ], [ -86.650932, 35.579306 ], [ -86.650916, 35.579315 ], [ -86.650616, 35.579829 ], [ -86.65059, 35.579904 ], [ -86.650403, 35.580457 ], [ -86.650096, 35.58119 ], [ -86.649736, 35.581461 ], [ -86.649669, 35.581562 ], [ -86.649632, 35.581622 ], [ -86.64933, 35.581777 ], [ -86.649303, 35.581914 ], [ -86.648955, 35.582155 ], [ -86.648639, 35.582337 ], [ -86.648096, 35.58251 ], [ -86.647721, 35.582637 ], [ -86.647654, 35.582646 ], [ -86.647326, 35.58269 ], [ -86.646975, 35.582709 ], [ -86.646865, 35.582696 ], [ -86.646803, 35.582689 ], [ -86.64676, 35.582684 ], [ -86.64651, 35.582652 ], [ -86.646045, 35.582746 ], [ -86.645192, 35.582895 ], [ -86.644349, 35.583024 ], [ -86.644188, 35.583029 ], [ -86.643972, 35.583044 ], [ -86.643459, 35.583046 ], [ -86.642861, 35.582929 ], [ -86.642569, 35.582733 ], [ -86.642427, 35.582625 ], [ -86.642314, 35.582538 ], [ -86.64193, 35.581587 ], [ -86.641724, 35.581076 ], [ -86.641548, 35.580651 ], [ -86.641293, 35.580034 ], [ -86.641148, 35.579807 ], [ -86.640952, 35.579653 ], [ -86.640688, 35.57953 ], [ -86.639907, 35.579321 ], [ -86.639676, 35.579258 ], [ -86.638745, 35.578873 ], [ -86.637974, 35.578571 ], [ -86.637554, 35.578391 ], [ -86.637005, 35.57818 ], [ -86.636774, 35.578102 ], [ -86.636525, 35.57805 ], [ -86.636293, 35.578002 ], [ -86.635959, 35.577854 ], [ -86.635686, 35.577667 ], [ -86.635207, 35.577415 ], [ -86.635239, 35.577386 ], [ -86.635335, 35.577299 ], [ -86.635367, 35.57727 ], [ -86.635422, 35.577219 ], [ -86.635591, 35.577069 ], [ -86.635647, 35.577018 ], [ -86.635676, 35.576992 ], [ -86.63572, 35.576953 ], [ -86.635764, 35.576912 ], [ -86.635794, 35.576886 ], [ -86.637424, 35.575425 ], [ -86.639584, 35.576681 ], [ -86.641745, 35.573628 ], [ -86.645179, 35.573676 ], [ -86.645201, 35.573459 ], [ -86.647658, 35.573662 ], [ -86.653193, 35.57412 ], [ -86.653579, 35.571245 ], [ -86.654033, 35.567851 ], [ -86.654202, 35.5666 ], [ -86.655969, 35.553454 ], [ -86.656039, 35.552908 ], [ -86.65626, 35.551276 ], [ -86.656336, 35.550733 ], [ -86.656769, 35.547504 ], [ -86.658072, 35.537818 ], [ -86.658507, 35.53459 ], [ -86.658684, 35.533268 ], [ -86.659217, 35.529305 ], [ -86.659395, 35.527984 ], [ -86.659777, 35.525148 ], [ -86.659895, 35.524265 ], [ -86.661396, 35.513108 ], [ -86.661897, 35.50939 ], [ -86.661943, 35.509038 ], [ -86.662084, 35.507988 ], [ -86.662132, 35.507639 ], [ -86.662298, 35.506394 ], [ -86.662801, 35.502659 ], [ -86.662961, 35.501528 ], [ -86.662982, 35.501377 ], [ -86.663105, 35.500072 ], [ -86.663163, 35.499618 ], [ -86.663781, 35.494739 ], [ -86.66399, 35.493113 ], [ -86.664025, 35.49284 ], [ -86.664131, 35.492022 ], [ -86.664164, 35.491771 ], [ -86.664163, 35.49175 ], [ -86.664078, 35.490313 ], [ -86.663828, 35.486004 ], [ -86.663748, 35.484611 ], [ -86.663746, 35.484568 ], [ -86.663743, 35.484518 ], [ -86.663671, 35.483294 ], [ -86.663449, 35.479479 ], [ -86.663377, 35.478211 ], [ -86.663372, 35.478129 ], [ -86.663289, 35.477488 ], [ -86.663011, 35.47533 ], [ -86.662919, 35.474612 ], [ -86.662924, 35.474409 ], [ -86.663095, 35.472939 ], [ -86.663296, 35.471221 ], [ -86.663512, 35.469796 ], [ -86.663732, 35.468336 ], [ -86.663791, 35.467939 ], [ -86.664028, 35.466367 ], [ -86.664031, 35.46635 ], [ -86.664046, 35.466276 ], [ -86.664307, 35.464549 ], [ -86.664655, 35.462251 ], [ -86.665091, 35.459368 ], [ -86.665353, 35.457642 ], [ -86.665555, 35.456207 ], [ -86.665181, 35.456196 ], [ -86.659713, 35.456041 ], [ -86.657891, 35.45599 ], [ -86.657891, 35.455976 ], [ -86.657909, 35.454096 ], [ -86.657916, 35.453475 ], [ -86.657941, 35.45243 ], [ -86.657916, 35.45227 ], [ -86.65788, 35.452167 ], [ -86.65779, 35.452035 ], [ -86.657774, 35.451986 ], [ -86.657785, 35.451916 ], [ -86.657815, 35.450221 ], [ -86.657858, 35.448457 ], [ -86.657872, 35.447931 ], [ -86.657902, 35.446565 ], [ -86.657923, 35.446156 ], [ -86.657987, 35.444932 ], [ -86.658009, 35.444524 ], [ -86.658056, 35.442675 ], [ -86.658199, 35.437129 ], [ -86.658247, 35.435281 ], [ -86.658171, 35.43512 ], [ -86.657943, 35.434643 ], [ -86.657934, 35.434624 ], [ -86.657849, 35.434496 ], [ -86.657434, 35.43387 ], [ -86.656193, 35.431998 ], [ -86.655782, 35.431377 ], [ -86.655722, 35.431263 ], [ -86.655374, 35.430625 ], [ -86.654152, 35.428376 ], [ -86.653745, 35.427627 ], [ -86.653372, 35.426942 ], [ -86.652259, 35.424892 ], [ -86.651891, 35.424211 ], [ -86.651338, 35.423195 ], [ -86.651069, 35.422699 ], [ -86.650297, 35.421279 ], [ -86.649685, 35.420151 ], [ -86.649489, 35.41979 ], [ -86.649133, 35.419139 ], [ -86.649047, 35.418977 ], [ -86.648867, 35.418645 ], [ -86.648352, 35.417698 ], [ -86.646006, 35.413377 ], [ -86.645226, 35.411939 ], [ -86.644345, 35.41032 ], [ -86.642321, 35.406593 ], [ -86.641711, 35.405471 ], [ -86.641322, 35.404754 ], [ -86.641088, 35.404323 ], [ -86.640835, 35.403855 ], [ -86.640583, 35.403392 ], [ -86.63983, 35.402005 ], [ -86.639623, 35.401623 ], [ -86.63958, 35.401544 ], [ -86.639113, 35.400685 ], [ -86.638962, 35.400407 ], [ -86.637748, 35.398172 ], [ -86.637714, 35.398109 ], [ -86.637278, 35.397307 ], [ -86.637248, 35.397251 ], [ -86.636801, 35.396429 ], [ -86.635462, 35.393963 ], [ -86.635016, 35.393141 ], [ -86.634885, 35.3929 ], [ -86.634493, 35.392178 ], [ -86.634363, 35.391938 ], [ -86.633662, 35.390572 ], [ -86.633263, 35.389792 ], [ -86.632977, 35.389777 ], [ -86.632308, 35.389705 ], [ -86.632002, 35.389674 ], [ -86.631095, 35.389353 ], [ -86.630011, 35.388895 ], [ -86.62969, 35.388875 ], [ -86.629253, 35.388848 ], [ -86.628474, 35.38864 ], [ -86.628198, 35.388551 ], [ -86.627518, 35.388334 ], [ -86.626847, 35.388053 ], [ -86.62659, 35.387795 ], [ -86.626373, 35.387585 ], [ -86.626175, 35.387287 ], [ -86.625848, 35.386917 ], [ -86.625493, 35.386626 ], [ -86.624995, 35.386523 ], [ -86.624295, 35.385973 ], [ -86.624295, 35.385573 ], [ -86.624395, 35.385373 ], [ -86.624595, 35.385173 ], [ -86.624795, 35.384873 ], [ -86.62485, 35.384608 ], [ -86.624996, 35.383924 ], [ -86.625068, 35.38394 ], [ -86.625215, 35.383689 ], [ -86.625223, 35.383366 ], [ -86.62525, 35.382809 ], [ -86.625348, 35.382607 ], [ -86.625426, 35.382421 ], [ -86.625612, 35.382308 ], [ -86.625897, 35.382218 ], [ -86.626339, 35.382113 ], [ -86.626821, 35.381886 ], [ -86.627046, 35.381732 ], [ -86.627273, 35.381481 ], [ -86.62738, 35.381215 ], [ -86.627359, 35.380933 ], [ -86.627189, 35.380513 ], [ -86.626991, 35.380239 ], [ -86.626991, 35.380094 ], [ -86.626843, 35.380006 ], [ -86.626704, 35.379796 ], [ -86.626398, 35.379546 ], [ -86.62619, 35.3792 ], [ -86.626031, 35.378868 ], [ -86.625852, 35.378465 ], [ -86.625703, 35.378078 ], [ -86.625485, 35.377707 ], [ -86.624996, 35.377172 ], [ -86.624196, 35.376872 ], [ -86.623896, 35.376772 ], [ -86.623696, 35.376471 ], [ -86.623096, 35.375971 ], [ -86.622795, 35.375771 ], [ -86.622595, 35.375671 ], [ -86.621795, 35.375571 ], [ -86.621745, 35.375071 ], [ -86.622133, 35.374069 ], [ -86.621968, 35.373278 ], [ -86.621959, 35.372754 ], [ -86.622009, 35.372488 ], [ -86.621932, 35.372181 ], [ -86.620872, 35.371195 ], [ -86.620164, 35.370779 ], [ -86.620087, 35.370734 ], [ -86.619606, 35.370443 ], [ -86.619587, 35.370008 ], [ -86.619539, 35.369629 ], [ -86.619226, 35.369177 ], [ -86.618873, 35.368812 ], [ -86.618736, 35.368619 ], [ -86.618668, 35.368239 ], [ -86.61866, 35.367804 ], [ -86.618572, 35.367401 ], [ -86.618406, 35.367086 ], [ -86.61822, 35.366795 ], [ -86.617945, 35.366819 ], [ -86.616904, 35.366968 ], [ -86.616578, 35.366945 ], [ -86.616291, 35.366914 ], [ -86.615839, 35.367026 ], [ -86.615505, 35.367082 ], [ -86.615367, 35.367122 ], [ -86.614541, 35.366896 ], [ -86.613739, 35.366658 ], [ -86.613666, 35.366637 ], [ -86.613145, 35.366452 ], [ -86.612388, 35.366628 ], [ -86.611493, 35.366821 ], [ -86.611207, 35.366909 ], [ -86.61099, 35.367014 ], [ -86.610616, 35.367175 ], [ -86.610331, 35.367199 ], [ -86.60981, 35.36711 ], [ -86.609328, 35.367061 ], [ -86.608641, 35.367043 ], [ -86.608188, 35.367076 ], [ -86.607952, 35.367075 ], [ -86.607597, 35.367204 ], [ -86.607342, 35.367163 ], [ -86.607136, 35.367026 ], [ -86.606812, 35.366711 ], [ -86.6064, 35.366405 ], [ -86.606037, 35.366235 ], [ -86.605457, 35.366153 ], [ -86.605398, 35.366145 ], [ -86.605073, 35.366072 ], [ -86.60372, 35.364434 ], [ -86.603416, 35.36416 ], [ -86.603043, 35.364031 ], [ -86.602679, 35.364127 ], [ -86.602628, 35.364146 ], [ -86.601822, 35.364456 ], [ -86.60132, 35.364576 ], [ -86.600434, 35.364849 ], [ -86.60027, 35.364894 ], [ -86.60003, 35.364962 ], [ -86.599775, 35.365026 ], [ -86.599617, 35.365017 ], [ -86.599478, 35.36495 ], [ -86.599905, 35.362745 ], [ -86.601187, 35.35613 ], [ -86.60146, 35.354722 ], [ -86.601584, 35.354049 ], [ -86.601607, 35.353924 ], [ -86.601691, 35.353473 ], [ -86.601806, 35.353091 ], [ -86.602287, 35.351497 ], [ -86.602535, 35.350861 ], [ -86.602532, 35.350638 ], [ -86.602525, 35.349781 ], [ -86.60252, 35.349594 ], [ -86.602521, 35.349288 ], [ -86.602619, 35.349183 ], [ -86.602875, 35.349055 ], [ -86.602984, 35.348958 ], [ -86.603211, 35.348773 ], [ -86.603309, 35.348696 ], [ -86.603398, 35.348628 ], [ -86.603223, 35.347845 ], [ -86.603077, 35.347361 ], [ -86.603101, 35.3462 ], [ -86.603192, 35.345474 ], [ -86.603469, 35.344813 ], [ -86.60373, 35.344472 ], [ -86.604041, 35.344282 ], [ -86.604691, 35.344001 ], [ -86.605104, 35.343966 ], [ -86.6054, 35.343792 ], [ -86.605706, 35.343421 ], [ -86.605894, 35.342994 ], [ -86.605984, 35.342575 ], [ -86.60571, 35.342099 ], [ -86.60525, 35.341469 ], [ -86.604408, 35.340282 ], [ -86.604223, 35.339806 ], [ -86.604194, 35.339612 ], [ -86.604236, 35.339329 ], [ -86.604536, 35.337331 ], [ -86.602295, 35.333827 ], [ -86.60237, 35.332166 ], [ -86.602431, 35.330457 ], [ -86.602434, 35.330367 ], [ -86.60251, 35.328158 ], [ -86.602613, 35.327013 ], [ -86.606048, 35.326417 ], [ -86.611158, 35.325532 ], [ -86.611464, 35.325479 ], [ -86.612754, 35.325254 ], [ -86.616625, 35.324583 ], [ -86.617916, 35.32436 ], [ -86.619782, 35.324021 ], [ -86.624836, 35.323104 ], [ -86.624996, 35.323076 ], [ -86.625383, 35.32301 ], [ -86.627254, 35.322694 ], [ -86.627645, 35.322626 ], [ -86.628823, 35.322427 ], [ -86.629217, 35.322361 ], [ -86.62954, 35.322306 ], [ -86.630731, 35.322103 ], [ -86.635273, 35.32133 ], [ -86.636788, 35.321074 ], [ -86.636812, 35.32107 ], [ -86.636884, 35.321057 ], [ -86.636909, 35.321054 ], [ -86.637064, 35.321027 ], [ -86.637169, 35.32101 ], [ -86.637396, 35.320976 ], [ -86.637454, 35.320956 ], [ -86.637819, 35.320833 ], [ -86.637845, 35.320823 ], [ -86.638877, 35.320468 ], [ -86.638934, 35.320448 ], [ -86.639106, 35.32039 ], [ -86.639164, 35.320372 ], [ -86.639214, 35.320354 ], [ -86.639363, 35.320303 ], [ -86.639414, 35.320286 ], [ -86.639564, 35.320234 ], [ -86.640013, 35.32008 ], [ -86.640164, 35.320029 ], [ -86.64037, 35.319958 ], [ -86.640989, 35.319746 ], [ -86.641196, 35.319676 ], [ -86.641236, 35.319376 ], [ -86.641356, 35.318476 ], [ -86.641396, 35.318176 ], [ -86.642839, 35.316767 ], [ -86.644335, 35.315306 ], [ -86.645183, 35.314478 ], [ -86.645289, 35.314374 ], [ -86.645503, 35.314164 ], [ -86.645524, 35.314144 ], [ -86.646145, 35.313537 ], [ -86.649034, 35.310716 ], [ -86.649997, 35.309777 ], [ -86.650497, 35.310277 ], [ -86.650597, 35.310577 ], [ -86.650692, 35.310768 ], [ -86.650697, 35.310777 ], [ -86.651097, 35.311077 ], [ -86.651597, 35.311177 ], [ -86.651997, 35.311177 ], [ -86.652297, 35.311177 ], [ -86.652497, 35.311277 ], [ -86.652997, 35.311377 ], [ -86.653297, 35.311577 ], [ -86.653897, 35.311877 ], [ -86.654123, 35.311877 ], [ -86.654297, 35.311877 ], [ -86.654497, 35.311777 ], [ -86.654697, 35.311777 ], [ -86.655197, 35.311377 ], [ -86.655166, 35.311921 ], [ -86.655075, 35.313554 ], [ -86.655046, 35.314099 ], [ -86.655, 35.314907 ], [ -86.654997, 35.314977 ], [ -86.65722, 35.314184 ], [ -86.657983, 35.313912 ], [ -86.660386, 35.313054 ], [ -86.667598, 35.310483 ], [ -86.667897, 35.310377 ], [ -86.669889, 35.309362 ], [ -86.669978, 35.309316 ], [ -86.670174, 35.309216 ], [ -86.670245, 35.309179 ], [ -86.670335, 35.309135 ], [ -86.672175, 35.308197 ], [ -86.673197, 35.307677 ], [ -86.672997, 35.310377 ], [ -86.675335, 35.310536 ], [ -86.677397, 35.310677 ], [ -86.677373, 35.310625 ], [ -86.677304, 35.310471 ], [ -86.677284, 35.31042 ], [ -86.677251, 35.310332 ], [ -86.677348, 35.310318 ], [ -86.677798, 35.310254 ], [ -86.677792, 35.310149 ], [ -86.677919, 35.310108 ], [ -86.678116, 35.310045 ], [ -86.678134, 35.310038 ], [ -86.67819, 35.310021 ], [ -86.678209, 35.310015 ], [ -86.67849, 35.309923 ], [ -86.679334, 35.309651 ], [ -86.679616, 35.309561 ], [ -86.679646, 35.309549 ], [ -86.679672, 35.30954 ], [ -86.679705, 35.309515 ], [ -86.67972, 35.309507 ], [ -86.67973, 35.309499 ], [ -86.679755, 35.309477 ], [ -86.679784, 35.309413 ], [ -86.679802, 35.309283 ], [ -86.679771, 35.308857 ], [ -86.679766, 35.308613 ], [ -86.679775, 35.308501 ], [ -86.679793, 35.308295 ], [ -86.679789, 35.308006 ], [ -86.679797, 35.305812 ], [ -86.679807, 35.305549 ], [ -86.679847, 35.304613 ], [ -86.67985, 35.304566 ], [ -86.679852, 35.30451 ], [ -86.679862, 35.304342 ], [ -86.679865, 35.304302 ], [ -86.679865, 35.304287 ], [ -86.680072, 35.304188 ], [ -86.680123, 35.304164 ], [ -86.68069, 35.303881 ], [ -86.680896, 35.303779 ], [ -86.683998, 35.302236 ], [ -86.693306, 35.297609 ], [ -86.69639, 35.296077 ], [ -86.696409, 35.296068 ], [ -86.697998, 35.295277 ], [ -86.698612, 35.294824 ], [ -86.704745, 35.290311 ], [ -86.70679, 35.288808 ], [ -86.707634, 35.288187 ], [ -86.710166, 35.286324 ], [ -86.71101, 35.285703 ], [ -86.712143, 35.284868 ], [ -86.715542, 35.282366 ], [ -86.716676, 35.281532 ], [ -86.718432, 35.280287 ], [ -86.723705, 35.276555 ], [ -86.723895, 35.276422 ], [ -86.725243, 35.275054 ], [ -86.725455, 35.27484 ], [ -86.726096, 35.274207 ], [ -86.726312, 35.273999 ], [ -86.72657, 35.273732 ], [ -86.727346, 35.272936 ], [ -86.727606, 35.272671 ], [ -86.727797, 35.272482 ], [ -86.727856, 35.272414 ], [ -86.727998, 35.272253 ], [ -86.728038, 35.272207 ], [ -86.728565, 35.271606 ], [ -86.728627, 35.271536 ], [ -86.728802, 35.271337 ], [ -86.728871, 35.271277 ], [ -86.729077, 35.2711 ], [ -86.729147, 35.271042 ], [ -86.729468, 35.270765 ], [ -86.730366, 35.269858 ], [ -86.730666, 35.269557 ], [ -86.730715, 35.269507 ], [ -86.730995, 35.269224 ], [ -86.731984, 35.268227 ], [ -86.732314, 35.267895 ], [ -86.732472, 35.267735 ], [ -86.732945, 35.267258 ], [ -86.733104, 35.267099 ], [ -86.733474, 35.266725 ], [ -86.734586, 35.265605 ], [ -86.734915, 35.265274 ], [ -86.734957, 35.265232 ], [ -86.735248, 35.264938 ], [ -86.736123, 35.264055 ], [ -86.736415, 35.263762 ], [ -86.736449, 35.263735 ], [ -86.736466, 35.26351 ], [ -86.736521, 35.262836 ], [ -86.73654, 35.262612 ], [ -86.736557, 35.262318 ], [ -86.736571, 35.262094 ], [ -86.736633, 35.261439 ], [ -86.736661, 35.261147 ], [ -86.736667, 35.261072 ], [ -86.736688, 35.26085 ], [ -86.736691, 35.260825 ], [ -86.73669, 35.260776 ], [ -86.737211, 35.260796 ], [ -86.738777, 35.260857 ], [ -86.739299, 35.260878 ], [ -86.739307, 35.260868 ], [ -86.739331, 35.260842 ], [ -86.739341, 35.260836 ], [ -86.739626, 35.260532 ], [ -86.740488, 35.259622 ], [ -86.740777, 35.25932 ], [ -86.740878, 35.259213 ], [ -86.741181, 35.258894 ], [ -86.741283, 35.258788 ], [ -86.741434, 35.258628 ], [ -86.741887, 35.258151 ], [ -86.742039, 35.257992 ], [ -86.742101, 35.257925 ], [ -86.74229, 35.257726 ], [ -86.742354, 35.257663 ], [ -86.742426, 35.257584 ], [ -86.743261, 35.256705 ], [ -86.745988, 35.253834 ], [ -86.746899, 35.252878 ], [ -86.749069, 35.253228 ], [ -86.749999, 35.253378 ], [ -86.750746, 35.253477 ], [ -86.755602, 35.254118 ], [ -86.757782, 35.254406 ], [ -86.75962, 35.254648 ], [ -86.765134, 35.255375 ], [ -86.766972, 35.255618 ], [ -86.767112, 35.255636 ], [ -86.767535, 35.255692 ], [ -86.767676, 35.255711 ], [ -86.770773, 35.256119 ], [ -86.780065, 35.257346 ], [ -86.783163, 35.257755 ], [ -86.783647, 35.257819 ], [ -86.785102, 35.258011 ], [ -86.785587, 35.258075 ], [ -86.78638, 35.25818 ], [ -86.788761, 35.258498 ], [ -86.789276, 35.258567 ], [ -86.789556, 35.258598 ], [ -86.789708, 35.258618 ], [ -86.790165, 35.258678 ], [ -86.790318, 35.258699 ], [ -86.791728, 35.258883 ], [ -86.795962, 35.259438 ], [ -86.797373, 35.259623 ], [ -86.797962, 35.2597 ], [ -86.799729, 35.259931 ], [ -86.800319, 35.260009 ], [ -86.802045, 35.260235 ], [ -86.807223, 35.260913 ], [ -86.808949, 35.26114 ], [ -86.810293, 35.261316 ], [ -86.814325, 35.261844 ], [ -86.815669, 35.262021 ], [ -86.815738, 35.26203 ], [ -86.815945, 35.262057 ], [ -86.816015, 35.262067 ], [ -86.81635, 35.262111 ], [ -86.817358, 35.262243 ], [ -86.817694, 35.262287 ], [ -86.819547, 35.262528 ], [ -86.823443, 35.263038 ], [ -86.825112, 35.263256 ], [ -86.826968, 35.2635 ], [ -86.827233, 35.263535 ], [ -86.828033, 35.263641 ], [ -86.828301, 35.263677 ], [ -86.828302, 35.26407 ], [ -86.828314, 35.26525 ], [ -86.82832, 35.265646 ], [ -86.828323, 35.266522 ], [ -86.828338, 35.26916 ], [ -86.828343, 35.27004 ], [ -86.828353, 35.271628 ], [ -86.828378, 35.275509 ], [ -86.828383, 35.276398 ], [ -86.828396, 35.277991 ], [ -86.828398, 35.27843 ], [ -86.82841, 35.279754 ], [ -86.828414, 35.280197 ], [ -86.828423, 35.281645 ], [ -86.82845, 35.285992 ], [ -86.828461, 35.287443 ], [ -86.828472, 35.289324 ], [ -86.8285, 35.293376 ], [ -86.830013, 35.29388 ], [ -86.831479, 35.294368 ], [ -86.831801, 35.294477 ], [ -86.831838, 35.294237 ], [ -86.8319, 35.293849 ], [ -86.831952, 35.293519 ], [ -86.83199, 35.29328 ], [ -86.832031, 35.293019 ], [ -86.832101, 35.292577 ], [ -86.832405, 35.292526 ], [ -86.83244, 35.29252 ], [ -86.832701, 35.292477 ], [ -86.832701, 35.292505 ], [ -86.832704, 35.292589 ], [ -86.832705, 35.292617 ], [ -86.832724, 35.293309 ], [ -86.832781, 35.295385 ], [ -86.832801, 35.296077 ], [ -86.832215, 35.296441 ], [ -86.832006, 35.297503 ], [ -86.831875, 35.298171 ], [ -86.832288, 35.298162 ], [ -86.832611, 35.298223 ], [ -86.832864, 35.298308 ], [ -86.833067, 35.298449 ], [ -86.833213, 35.298475 ], [ -86.833602, 35.298627 ], [ -86.833772, 35.298912 ], [ -86.833728, 35.299105 ], [ -86.833811, 35.299292 ], [ -86.834038, 35.299651 ], [ -86.834189, 35.299879 ], [ -86.834436, 35.300198 ], [ -86.834209, 35.301151 ], [ -86.833937, 35.302302 ], [ -86.833801, 35.302877 ], [ -86.834834, 35.303362 ], [ -86.837936, 35.304817 ], [ -86.838588, 35.305123 ], [ -86.838704, 35.305174 ], [ -86.838733, 35.305468 ], [ -86.83872, 35.305518 ], [ -86.838712, 35.305575 ], [ -86.838706, 35.305616 ], [ -86.8387, 35.305676 ], [ -86.83868, 35.305894 ], [ -86.83864, 35.306041 ], [ -86.838521, 35.306277 ], [ -86.838426, 35.306467 ], [ -86.838366, 35.306586 ], [ -86.838212, 35.306815 ], [ -86.838204, 35.306834 ], [ -86.838118, 35.307049 ], [ -86.8378, 35.308058 ], [ -86.837672, 35.308468 ], [ -86.839247, 35.308682 ], [ -86.843602, 35.309276 ], [ -86.843564, 35.309647 ], [ -86.843404, 35.311229 ], [ -86.84322, 35.312823 ], [ -86.842671, 35.31761 ], [ -86.842499, 35.319122 ], [ -86.84249, 35.319206 ], [ -86.842725, 35.319308 ], [ -86.842949, 35.319405 ], [ -86.843459, 35.31953 ], [ -86.843635, 35.319573 ], [ -86.843705, 35.319601 ], [ -86.843896, 35.319677 ], [ -86.844166, 35.319891 ], [ -86.844952, 35.320513 ], [ -86.845385, 35.320889 ], [ -86.845454, 35.320919 ], [ -86.845688, 35.321021 ], [ -86.845933, 35.321062 ], [ -86.84598, 35.321054 ], [ -86.846339, 35.320993 ], [ -86.846366, 35.320978 ], [ -86.847207, 35.320555 ], [ -86.847435, 35.320466 ], [ -86.847662, 35.320378 ], [ -86.847808, 35.320335 ], [ -86.847851, 35.320322 ], [ -86.848307, 35.320104 ], [ -86.848669, 35.319768 ], [ -86.848929, 35.319384 ], [ -86.849078, 35.319167 ], [ -86.849383, 35.3188 ], [ -86.849549, 35.318381 ], [ -86.849836, 35.318009 ], [ -86.850351, 35.317662 ], [ -86.851175, 35.317421 ], [ -86.851537, 35.317133 ], [ -86.85185, 35.316934 ], [ -86.85238, 35.316793 ], [ -86.852981, 35.316635 ], [ -86.853478, 35.316514 ], [ -86.853811, 35.316342 ], [ -86.854099, 35.316193 ], [ -86.854389, 35.316045 ], [ -86.854838, 35.315827 ], [ -86.854949, 35.315729 ], [ -86.855193, 35.315517 ], [ -86.855191, 35.315477 ], [ -86.855189, 35.315425 ], [ -86.855181, 35.31515 ], [ -86.855165, 35.314602 ], [ -86.855125, 35.314056 ], [ -86.8551, 35.313692 ], [ -86.855103, 35.313621 ], [ -86.855137, 35.313404 ], [ -86.85515, 35.313323 ], [ -86.855176, 35.313048 ], [ -86.855216, 35.312623 ], [ -86.855219, 35.312538 ], [ -86.855233, 35.312249 ], [ -86.855323, 35.311584 ], [ -86.855594, 35.309592 ], [ -86.855669, 35.309048 ], [ -86.855739, 35.308949 ], [ -86.855803, 35.308889 ], [ -86.855925, 35.308856 ], [ -86.856065, 35.308856 ], [ -86.856154, 35.308856 ], [ -86.856238, 35.308865 ], [ -86.85649, 35.308892 ], [ -86.856575, 35.308902 ], [ -86.856674, 35.30891 ], [ -86.856973, 35.308934 ], [ -86.857073, 35.308942 ], [ -86.857088, 35.308942 ], [ -86.857182, 35.308926 ], [ -86.857256, 35.308892 ], [ -86.857345, 35.308852 ], [ -86.857529, 35.308724 ], [ -86.857725, 35.308564 ], [ -86.857797, 35.308506 ], [ -86.857861, 35.30843 ], [ -86.858095, 35.308006 ], [ -86.858108, 35.307984 ], [ -86.858322, 35.307541 ], [ -86.858515, 35.307255 ], [ -86.858672, 35.30708 ], [ -86.858829, 35.306952 ], [ -86.858962, 35.306879 ], [ -86.859122, 35.306812 ], [ -86.859415, 35.306707 ], [ -86.859495, 35.306681 ], [ -86.859537, 35.306667 ], [ -86.859873, 35.306561 ], [ -86.859903, 35.306544 ], [ -86.859937, 35.306526 ], [ -86.859994, 35.306456 ], [ -86.860016, 35.306392 ], [ -86.860014, 35.306082 ], [ -86.860009, 35.304949 ], [ -86.860008, 35.304572 ], [ -86.86, 35.303655 ], [ -86.859999, 35.303644 ], [ -86.859863, 35.30224 ], [ -86.859806, 35.301979 ], [ -86.859783, 35.301774 ], [ -86.859778, 35.301335 ], [ -86.859805, 35.301135 ], [ -86.859813, 35.300879 ], [ -86.859818, 35.300733 ], [ -86.859801, 35.300495 ], [ -86.859772, 35.30029 ], [ -86.859737, 35.300037 ], [ -86.859726, 35.299957 ], [ -86.859698, 35.299753 ], [ -86.859676, 35.299582 ], [ -86.859652, 35.299466 ], [ -86.859547, 35.299159 ], [ -86.859481, 35.298966 ], [ -86.859799, 35.29898 ], [ -86.859856, 35.298984 ], [ -86.860934, 35.299073 ], [ -86.860963, 35.299107 ], [ -86.861011, 35.299163 ], [ -86.861068, 35.29926 ], [ -86.861114, 35.299445 ], [ -86.861248, 35.299649 ], [ -86.86126, 35.299657 ], [ -86.861433, 35.299772 ], [ -86.861666, 35.299878 ], [ -86.861975, 35.299922 ], [ -86.862233, 35.29996 ], [ -86.862795, 35.300007 ], [ -86.862853, 35.300013 ], [ -86.863256, 35.300017 ], [ -86.863677, 35.300127 ], [ -86.864029, 35.300285 ], [ -86.864222, 35.300497 ], [ -86.864296, 35.300601 ], [ -86.864404, 35.30075 ], [ -86.864602, 35.301077 ], [ -86.864587, 35.301184 ], [ -86.864544, 35.301505 ], [ -86.864531, 35.301613 ], [ -86.864445, 35.302265 ], [ -86.864187, 35.304224 ], [ -86.864102, 35.304877 ], [ -86.864915, 35.304932 ], [ -86.867354, 35.3051 ], [ -86.868167, 35.305156 ], [ -86.870786, 35.305336 ], [ -86.875001, 35.305627 ], [ -86.878646, 35.305852 ], [ -86.881267, 35.306014 ], [ -86.881444, 35.306024 ], [ -86.881526, 35.306029 ], [ -86.88228, 35.306075 ], [ -86.882308, 35.306077 ], [ -86.882569, 35.306094 ], [ -86.882616, 35.306095 ], [ -86.882752, 35.306104 ], [ -86.882768, 35.306108 ], [ -86.882805, 35.306111 ], [ -86.882844, 35.306114 ], [ -86.882961, 35.306121 ], [ -86.883001, 35.306124 ], [ -86.883093, 35.306128 ], [ -86.883151, 35.306131 ], [ -86.883601, 35.306158 ], [ -86.883752, 35.306168 ], [ -86.884138, 35.306215 ], [ -86.884288, 35.306229 ], [ -86.885899, 35.30639 ], [ -86.886437, 35.306444 ], [ -86.886593, 35.306987 ], [ -86.887062, 35.308616 ], [ -86.887219, 35.30916 ], [ -86.887255, 35.309303 ], [ -86.887366, 35.309733 ], [ -86.887403, 35.309877 ], [ -86.887611, 35.309894 ], [ -86.888238, 35.309946 ], [ -86.888447, 35.309964 ], [ -86.888478, 35.309966 ], [ -86.888571, 35.309974 ], [ -86.888603, 35.309977 ], [ -86.888467, 35.311153 ], [ -86.88806, 35.314681 ], [ -86.888004, 35.315176 ], [ -86.888591, 35.315222 ], [ -86.888688, 35.31523 ], [ -86.888789, 35.315238 ], [ -86.890736, 35.315391 ], [ -86.89471, 35.315705 ], [ -86.896881, 35.315875 ], [ -86.89893, 35.316037 ], [ -86.899584, 35.316085 ], [ -86.901548, 35.316229 ], [ -86.902203, 35.316277 ], [ -86.902402, 35.315817 ], [ -86.903001, 35.314438 ], [ -86.903202, 35.313979 ], [ -86.903223, 35.31398 ], [ -86.903288, 35.313983 ], [ -86.90331, 35.313985 ], [ -86.903343, 35.313988 ], [ -86.903444, 35.313998 ], [ -86.903478, 35.314002 ], [ -86.904055, 35.314071 ], [ -86.904138, 35.314081 ], [ -86.904416, 35.314085 ], [ -86.904714, 35.314073 ], [ -86.90549, 35.314001 ], [ -86.905717, 35.31401 ], [ -86.905796, 35.314016 ], [ -86.906376, 35.314067 ], [ -86.906451, 35.314075 ], [ -86.906501, 35.314111 ], [ -86.906615, 35.314235 ], [ -86.906648, 35.314272 ], [ -86.907245, 35.314903 ], [ -86.907456, 35.315126 ], [ -86.907885, 35.315531 ], [ -86.907977, 35.315626 ], [ -86.908114, 35.315767 ], [ -86.908262, 35.315967 ], [ -86.90868, 35.316417 ], [ -86.909205, 35.316934 ], [ -86.909493, 35.31717 ], [ -86.909568, 35.317231 ], [ -86.91004, 35.317643 ], [ -86.91024, 35.317844 ], [ -86.910369, 35.317975 ], [ -86.910636, 35.318151 ], [ -86.91076, 35.318257 ], [ -86.910843, 35.318347 ], [ -86.910861, 35.318408 ], [ -86.910879, 35.31847 ], [ -86.910912, 35.318688 ], [ -86.910981, 35.318966 ], [ -86.911021, 35.319062 ], [ -86.911284, 35.319686 ], [ -86.911403, 35.320167 ], [ -86.911427, 35.320264 ], [ -86.911496, 35.320403 ], [ -86.911581, 35.32051 ], [ -86.911844, 35.321006 ], [ -86.911928, 35.321164 ], [ -86.912007, 35.321347 ], [ -86.912035, 35.321466 ], [ -86.912052, 35.321621 ], [ -86.912012, 35.322037 ], [ -86.911995, 35.322119 ], [ -86.911951, 35.322238 ], [ -86.911923, 35.322293 ], [ -86.91185, 35.322403 ], [ -86.91171, 35.322556 ], [ -86.911676, 35.322595 ], [ -86.911553, 35.322718 ], [ -86.911287, 35.322923 ], [ -86.911266, 35.322939 ], [ -86.911202, 35.322987 ], [ -86.911182, 35.323004 ], [ -86.91093, 35.323148 ], [ -86.910716, 35.323296 ], [ -86.910688, 35.323316 ], [ -86.910154, 35.323772 ], [ -86.909502, 35.324415 ], [ -86.909489, 35.324429 ], [ -86.909409, 35.324557 ], [ -86.909223, 35.324889 ], [ -86.909179, 35.324906 ], [ -86.909048, 35.324959 ], [ -86.909005, 35.324978 ], [ -86.908917, 35.324974 ], [ -86.906808, 35.324901 ], [ -86.905111, 35.324844 ], [ -86.903207, 35.324779 ], [ -86.902993, 35.327759 ], [ -86.902836, 35.329951 ], [ -86.902775, 35.3308 ], [ -86.902688, 35.332033 ], [ -86.902595, 35.333347 ], [ -86.902535, 35.334197 ], [ -86.902531, 35.33425 ], [ -86.902519, 35.334412 ], [ -86.902516, 35.334466 ], [ -86.902473, 35.335068 ], [ -86.902345, 35.336873 ], [ -86.902303, 35.337476 ], [ -86.901801, 35.337475 ], [ -86.901802, 35.338475 ], [ -86.901932, 35.33848 ], [ -86.904203, 35.338577 ], [ -86.904605, 35.337982 ], [ -86.906505, 35.33811 ], [ -86.907506, 35.338177 ], [ -86.907605, 35.338678 ], [ -86.907725, 35.338676 ], [ -86.908191, 35.338676 ], [ -86.908861, 35.338676 ], [ -86.910104, 35.338677 ], [ -86.910004, 35.339976 ], [ -86.910869, 35.340061 ], [ -86.912003, 35.340176 ], [ -86.911945, 35.340556 ], [ -86.911772, 35.341695 ], [ -86.911715, 35.342076 ], [ -86.911686, 35.342476 ], [ -86.911655, 35.342911 ], [ -86.911165, 35.342843 ], [ -86.910961, 35.342809 ], [ -86.910952, 35.342877 ], [ -86.910903, 35.343276 ], [ -86.91087, 35.34358 ], [ -86.91077, 35.344494 ], [ -86.910738, 35.344799 ], [ -86.910691, 35.345234 ], [ -86.910549, 35.34654 ], [ -86.910503, 35.346976 ], [ -86.909811, 35.346903 ], [ -86.908603, 35.346776 ], [ -86.908303, 35.347276 ], [ -86.908185, 35.34754 ], [ -86.907903, 35.348176 ], [ -86.907964, 35.348938 ], [ -86.908089, 35.349146 ], [ -86.908208, 35.349343 ], [ -86.90833, 35.349579 ], [ -86.908247, 35.350118 ], [ -86.910206, 35.350421 ], [ -86.911203, 35.350576 ], [ -86.912171, 35.350751 ], [ -86.91508, 35.35128 ], [ -86.916051, 35.351457 ], [ -86.916787, 35.351591 ], [ -86.918999, 35.351993 ], [ -86.919738, 35.352128 ], [ -86.91979, 35.352135 ], [ -86.919949, 35.352156 ], [ -86.920003, 35.352163 ], [ -86.920023, 35.352166 ], [ -86.920086, 35.352176 ], [ -86.920107, 35.35218 ], [ -86.920107, 35.352502 ], [ -86.920107, 35.353151 ], [ -86.920107, 35.353386 ], [ -86.920039, 35.353886 ], [ -86.919971, 35.354115 ], [ -86.919857, 35.354393 ], [ -86.919113, 35.355851 ], [ -86.918912, 35.356246 ], [ -86.918773, 35.356572 ], [ -86.918731, 35.356741 ], [ -86.918715, 35.356804 ], [ -86.918616, 35.357636 ], [ -86.918545, 35.358343 ], [ -86.918536, 35.358441 ], [ -86.91855, 35.35852 ], [ -86.91882, 35.358904 ], [ -86.918939, 35.359106 ], [ -86.919045, 35.359248 ], [ -86.91932, 35.359749 ], [ -86.919397, 35.359924 ], [ -86.919411, 35.360044 ], [ -86.919238, 35.361024 ], [ -86.919087, 35.3622 ], [ -86.919044, 35.362313 ], [ -86.918948, 35.362462 ], [ -86.918656, 35.362766 ], [ -86.918481, 35.362951 ], [ -86.918143, 35.363291 ], [ -86.917831, 35.363663 ], [ -86.917772, 35.363772 ], [ -86.91777, 35.363866 ], [ -86.917806, 35.364039 ], [ -86.918665, 35.363986 ], [ -86.921243, 35.363828 ], [ -86.922103, 35.363776 ], [ -86.922518, 35.363443 ], [ -86.922603, 35.363376 ], [ -86.924076, 35.363154 ], [ -86.924603, 35.363076 ], [ -86.924483, 35.364836 ], [ -86.924123, 35.370116 ], [ -86.924003, 35.371876 ], [ -86.924003, 35.371891 ], [ -86.924003, 35.371938 ], [ -86.924003, 35.371954 ], [ -86.924037, 35.371964 ], [ -86.924069, 35.371974 ], [ -86.924144, 35.371984 ], [ -86.92418, 35.37199 ], [ -86.924442, 35.372041 ], [ -86.924533, 35.372059 ], [ -86.92459, 35.372081 ], [ -86.925183, 35.372339 ], [ -86.925428, 35.372446 ], [ -86.925412, 35.372497 ], [ -86.925377, 35.372613 ], [ -86.925363, 35.372649 ], [ -86.925344, 35.372699 ], [ -86.925246, 35.372954 ], [ -86.925161, 35.373179 ], [ -86.924935, 35.373711 ], [ -86.924829, 35.373963 ], [ -86.925188, 35.374116 ], [ -86.926265, 35.374575 ], [ -86.926625, 35.374729 ], [ -86.926708, 35.374768 ], [ -86.926957, 35.374887 ], [ -86.927042, 35.374924 ], [ -86.927112, 35.374954 ], [ -86.927224, 35.375002 ], [ -86.927323, 35.375046 ], [ -86.927393, 35.375078 ], [ -86.927421, 35.37509 ], [ -86.927506, 35.375129 ], [ -86.927535, 35.375142 ], [ -86.927403, 35.375375 ], [ -86.927312, 35.375514 ], [ -86.927206, 35.375678 ], [ -86.927002, 35.375977 ], [ -86.926804, 35.376376 ], [ -86.926746, 35.37667 ], [ -86.926706, 35.376874 ], [ -86.926603, 35.377076 ], [ -86.926342, 35.379295 ], [ -86.925562, 35.385955 ], [ -86.925303, 35.388175 ], [ -86.925623, 35.388255 ], [ -86.926583, 35.388495 ], [ -86.926903, 35.388575 ], [ -86.926876, 35.38877 ], [ -86.926796, 35.389355 ], [ -86.92677, 35.389551 ], [ -86.926727, 35.389868 ], [ -86.926597, 35.39082 ], [ -86.926555, 35.391138 ], [ -86.926404, 35.392245 ], [ -86.925953, 35.395567 ], [ -86.925803, 35.396675 ], [ -86.925983, 35.396715 ], [ -86.926523, 35.396835 ], [ -86.926703, 35.396875 ], [ -86.926556, 35.397697 ], [ -86.926115, 35.400165 ], [ -86.925969, 35.400988 ], [ -86.925955, 35.401059 ], [ -86.925915, 35.401273 ], [ -86.925903, 35.401345 ], [ -86.925863, 35.401571 ], [ -86.925743, 35.402249 ], [ -86.925703, 35.402475 ], [ -86.925602, 35.402575 ], [ -86.925502, 35.402575 ], [ -86.925402, 35.402775 ], [ -86.925202, 35.402875 ], [ -86.924902, 35.403175 ], [ -86.924602, 35.403475 ], [ -86.924502, 35.403575 ], [ -86.924402, 35.403875 ], [ -86.924402, 35.403975 ], [ -86.924102, 35.404475 ], [ -86.924002, 35.404975 ], [ -86.924102, 35.405375 ], [ -86.924202, 35.405575 ], [ -86.924002, 35.405675 ], [ -86.923814, 35.405808 ], [ -86.923302, 35.406175 ], [ -86.922802, 35.406775 ], [ -86.922902, 35.406975 ], [ -86.923602, 35.407475 ], [ -86.924002, 35.407575 ], [ -86.924502, 35.407875 ], [ -86.924602, 35.408675 ], [ -86.924802, 35.409075 ], [ -86.925402, 35.409575 ], [ -86.926002, 35.409775 ], [ -86.926802, 35.409775 ], [ -86.927603, 35.409876 ], [ -86.927903, 35.409876 ], [ -86.928503, 35.410276 ], [ -86.928503, 35.410476 ], [ -86.928603, 35.410776 ], [ -86.929403, 35.411176 ], [ -86.930103, 35.411576 ], [ -86.930803, 35.411976 ], [ -86.931203, 35.412076 ], [ -86.931749, 35.411802 ], [ -86.932203, 35.411576 ], [ -86.932703, 35.410776 ], [ -86.933403, 35.409576 ], [ -86.933903, 35.409076 ], [ -86.934459, 35.408631 ], [ -86.934474, 35.40862 ], [ -86.934903, 35.408276 ], [ -86.935103, 35.408276 ], [ -86.935704, 35.408361 ], [ -86.935803, 35.408376 ], [ -86.935903, 35.408575 ], [ -86.936203, 35.408875 ], [ -86.936603, 35.409275 ], [ -86.937103, 35.409475 ], [ -86.937703, 35.409775 ], [ -86.937703, 35.410475 ], [ -86.937803, 35.411075 ], [ -86.93791, 35.41129 ], [ -86.938203, 35.411875 ], [ -86.938744, 35.412326 ], [ -86.938803, 35.412375 ], [ -86.939803, 35.413075 ], [ -86.939803, 35.413275 ], [ -86.939803, 35.413675 ], [ -86.939703, 35.414075 ], [ -86.939603, 35.414975 ], [ -86.940003, 35.415475 ], [ -86.940901, 35.415624 ], [ -86.941203, 35.415675 ], [ -86.941903, 35.415575 ], [ -86.942803, 35.414375 ], [ -86.942903, 35.414175 ], [ -86.943304, 35.413575 ], [ -86.943804, 35.413375 ], [ -86.944404, 35.413475 ], [ -86.945404, 35.413675 ], [ -86.945904, 35.414075 ], [ -86.946704, 35.414675 ], [ -86.947204, 35.415075 ], [ -86.947704, 35.415375 ], [ -86.948604, 35.415475 ], [ -86.949104, 35.415475 ], [ -86.949804, 35.415675 ], [ -86.950204, 35.416075 ], [ -86.950504, 35.416475 ], [ -86.951204, 35.416575 ], [ -86.951804, 35.416775 ], [ -86.952404, 35.417575 ], [ -86.952554, 35.417801 ], [ -86.953004, 35.418475 ], [ -86.953704, 35.419075 ], [ -86.954504, 35.419175 ], [ -86.955004, 35.419175 ], [ -86.955804, 35.419275 ], [ -86.956704, 35.419475 ], [ -86.956776, 35.419455 ], [ -86.956998, 35.419397 ], [ -86.957073, 35.419378 ], [ -86.957085, 35.419344 ], [ -86.957548, 35.418726 ], [ -86.957638, 35.418583 ], [ -86.958054, 35.417934 ], [ -86.958148, 35.417816 ], [ -86.95831, 35.417698 ], [ -86.959175, 35.417248 ], [ -86.959372, 35.417159 ], [ -86.959697, 35.417096 ], [ -86.959877, 35.417097 ], [ -86.960482, 35.417099 ], [ -86.96067, 35.417085 ], [ -86.960804, 35.417021 ] ] ] } }
]
}
