{
"type": "FeatureCollection",
"name": "tn_precinct_centroids",
"crs": { "type": "name", "properties": { "name": "urn:ogc:def:crs:OGC:1.3:CRS84" } },
"features": [
{ "type": "Feature", "properties": { "county_nam": "Perry", "county_norm": "PERRY", "prec_id": "006954", "precinct_name": "Perry - 006954", "precinct_norm": "PERRY - 006954", "id": 1 }, "geometry": { "type": "Point", "coordinates": [ -87.928007292401247, 35.511329 ] } },
{ "type": "Feature", "properties": { "county_nam": "Perry", "county_norm": "PERRY", "prec_id": "006952", "precinct_name": "Perry - 006952", "precinct_norm": "PERRY - 006952", "id": 2 }, "geometry": { "type": "Point", "coordinates": [ -87.751411674434735, 35.7530845 ] } },
{ "type": "Feature", "properties": { "county_nam": "Hardin", "county_norm": "HARDIN", "prec_id": "003705", "precinct_name": "Hardin - 003705", "precinct_norm": "HARDIN - 003705", "id": 3 }, "geometry": { "type": "Point", "coordinates": [ -88.245598424249863, 35.264436 ] } },
{ "type": "Feature", "properties": { "county_nam": "Shelby", "county_norm": "SHELBY", "prec_id": "008171", "precinct_name": "Shelby - 008171", "precinct_norm": "SHELBY - 008171", "id": 4 }, "geometry": { "type": "Point", "coordinates": [ -89.976813556291404, 35.1149725 ] } },
{ "type": "Feature", "properties": { "county_nam": "Shelby", "county_norm": "SHELBY", "prec_id": "008195", "precinct_name": "Shelby - 008195", "precinct_norm": "SHELBY - 008195", "id": 5 }, "geometry": { "type": "Point", "coordinates": [ -89.884767776791705, 35.056297 ] } },
{ "type": "Feature", "properties": { "county_nam": "Lawrence", "county_norm": "LAWRENCE", "prec_id": "005174", "precinct_name": "Lawrence - 005174", "precinct_norm": "LAWRENCE - 005174", "id": 6 }, "geometry": { "type": "Point", "coordinates": [ -87.482644261962719, 35.3700185 ] } },
{ "type": "Feature", "properties": { "county_nam": "Lawrence", "county_norm": "LAWRENCE", "prec_id": "005164", "precinct_name": "Lawrence - 005164", "precinct_norm": "LAWRENCE - 005164", "id": 7 }, "geometry": { "type": "Point", "coordinates": [ -87.340113679597394, 35.3233175 ] } },
{ "type": "Feature", "properties": { "county_nam": "Carroll", "county_norm": "CARROLL", "prec_id": "000819", "precinct_name": "Carroll - 000819", "precinct_norm": "CARROLL - 000819", "id": 8 }, "geometry": { "type": "Point", "coordinates": [ -88.249768533682555, 35.949823 ] } },
{ "type": "Feature", "properties": { "county_nam": "Carroll", "county_norm": "CARROLL", "prec_id": "000803", "precinct_name": "Carroll - 000803", "precinct_norm": "CARROLL - 000803", "id": 9 }, "geometry": { "type": "Point", "coordinates": [ -88.238229712821095, 36.0333705 ] } },
{ "type": "Feature", "properties": { "county_nam": "Dickson", "county_norm": "DICKSON", "prec_id": "002267", "precinct_name": "Dickson - 002267", "precinct_norm": "DICKSON - 002267", "id": 10 }, "geometry": { "type": "Point", "coordinates": [ -87.39216421515718, 36.068958 ] } },
{ "type": "Feature", "properties": { "county_nam": "Lewis", "county_norm": "LEWIS", "prec_id": "005251", "precinct_name": "Lewis - 005251", "precinct_norm": "LEWIS - 005251", "id": 11 }, "geometry": { "type": "Point", "coordinates": [ -87.428451244331143, 35.5846805 ] } },
{ "type": "Feature", "properties": { "county_nam": "Houston", "county_norm": "HOUSTON", "prec_id": "004304", "precinct_name": "Houston - 004304", "precinct_norm": "HOUSTON - 004304", "id": 12 }, "geometry": { "type": "Point", "coordinates": [ -87.857923386526949, 36.29367 ] } },
{ "type": "Feature", "properties": { "county_nam": "Henry", "county_norm": "HENRY", "prec_id": "004112", "precinct_name": "Henry - 004112", "precinct_norm": "HENRY - 004112", "id": 13 }, "geometry": { "type": "Point", "coordinates": [ -88.11505308517431, 36.4214745 ] } },
{ "type": "Feature", "properties": { "county_nam": "Henry", "county_norm": "HENRY", "prec_id": "004110", "precinct_name": "Henry - 004110", "precinct_norm": "HENRY - 004110", "id": 14 }, "geometry": { "type": "Point", "coordinates": [ -88.354180915468874, 36.2846115 ] } },
{ "type": "Feature", "properties": { "county_nam": "Shelby", "county_norm": "SHELBY", "prec_id": "008190", "precinct_name": "Shelby - 008190", "precinct_norm": "SHELBY - 008190", "id": 15 }, "geometry": { "type": "Point", "coordinates": [ -89.981424101539588, 35.194903 ] } },
{ "type": "Feature", "properties": { "county_nam": "Shelby", "county_norm": "SHELBY", "prec_id": "008170", "precinct_name": "Shelby - 008170", "precinct_norm": "SHELBY - 008170", "id": 16 }, "geometry": { "type": "Point", "coordinates": [ -90.007249672983619, 35.100478 ] } },
{ "type": "Feature", "properties": { "county_nam": "Hardin", "county_norm": "HARDIN", "prec_id": "003702", "precinct_name": "Hardin - 003702", "precinct_norm": "HARDIN - 003702", "id": 17 }, "geometry": { "type": "Point", "coordinates": [ -88.229146811653195, 35.1931775 ] } },
{ "type": "Feature", "properties": { "county_nam": "Hardin", "county_norm": "HARDIN", "prec_id": "003716", "precinct_name": "Hardin - 003716", "precinct_norm": "HARDIN - 003716", "id": 18 }, "geometry": { "type": "Point", "coordinates": [ -88.345504305799395, 35.1172475 ] } },
{ "type": "Feature", "properties": { "county_nam": "Hardin", "county_norm": "HARDIN", "prec_id": "003712", "precinct_name": "Hardin - 003712", "precinct_norm": "HARDIN - 003712", "id": 19 }, "geometry": { "type": "Point", "coordinates": [ -88.146757486513252, 35.2671515 ] } },
{ "type": "Feature", "properties": { "county_nam": "Hardin", "county_norm": "HARDIN", "prec_id": "003718", "precinct_name": "Hardin - 003718", "precinct_norm": "HARDIN - 003718", "id": 20 }, "geometry": { "type": "Point", "coordinates": [ -88.25417004304748, 35.37016 ] } },
{ "type": "Feature", "properties": { "county_nam": "Shelby", "county_norm": "SHELBY", "prec_id": "008079", "precinct_name": "Shelby - 008079", "precinct_norm": "SHELBY - 008079", "id": 21 }, "geometry": { "type": "Point", "coordinates": [ -89.774702172218241, 35.1908765 ] } },
{ "type": "Feature", "properties": { "county_nam": "Shelby", "county_norm": "SHELBY", "prec_id": "008237", "precinct_name": "Shelby - 008237", "precinct_norm": "SHELBY - 008237", "id": 22 }, "geometry": { "type": "Point", "coordinates": [ -89.830289821321514, 35.1462635 ] } },
{ "type": "Feature", "properties": { "county_nam": "Shelby", "county_norm": "SHELBY", "prec_id": "008110", "precinct_name": "Shelby - 008110", "precinct_norm": "SHELBY - 008110", "id": 23 }, "geometry": { "type": "Point", "coordinates": [ -90.031974046147411, 35.1641835 ] } },
{ "type": "Feature", "properties": { "county_nam": "Shelby", "county_norm": "SHELBY", "prec_id": "008231", "precinct_name": "Shelby - 008231", "precinct_norm": "SHELBY - 008231", "id": 24 }, "geometry": { "type": "Point", "coordinates": [ -89.893490628792875, 35.221415 ] } },
{ "type": "Feature", "properties": { "county_nam": "Shelby", "county_norm": "SHELBY", "prec_id": "008250", "precinct_name": "Shelby - 008250", "precinct_norm": "SHELBY - 008250", "id": 25 }, "geometry": { "type": "Point", "coordinates": [ -89.85311969511136, 35.0379205 ] } },
{ "type": "Feature", "properties": { "county_nam": "Shelby", "county_norm": "SHELBY", "prec_id": "008070", "precinct_name": "Shelby - 008070", "precinct_norm": "SHELBY - 008070", "id": 26 }, "geometry": { "type": "Point", "coordinates": [ -89.676875807131609, 35.0641945 ] } },
{ "type": "Feature", "properties": { "county_nam": "Shelby", "county_norm": "SHELBY", "prec_id": "008168", "precinct_name": "Shelby - 008168", "precinct_norm": "SHELBY - 008168", "id": 27 }, "geometry": { "type": "Point", "coordinates": [ -89.945618817620201, 35.0243485 ] } },
{ "type": "Feature", "properties": { "county_nam": "Shelby", "county_norm": "SHELBY", "prec_id": "008131", "precinct_name": "Shelby - 008131", "precinct_norm": "SHELBY - 008131", "id": 28 }, "geometry": { "type": "Point", "coordinates": [ -89.973247863758644, 35.177339 ] } },
{ "type": "Feature", "properties": { "county_nam": "Shelby", "county_norm": "SHELBY", "prec_id": "008233", "precinct_name": "Shelby - 008233", "precinct_norm": "SHELBY - 008233", "id": 29 }, "geometry": { "type": "Point", "coordinates": [ -89.885749988042036, 35.177326 ] } },
{ "type": "Feature", "properties": { "county_nam": "Shelby", "county_norm": "SHELBY", "prec_id": "008182", "precinct_name": "Shelby - 008182", "precinct_norm": "SHELBY - 008182", "id": 30 }, "geometry": { "type": "Point", "coordinates": [ -90.079990614878426, 35.1903445 ] } },
{ "type": "Feature", "properties": { "county_nam": "Humphreys", "county_norm": "HUMPHREYS", "prec_id": "004406", "precinct_name": "Humphreys - 004406", "precinct_norm": "HUMPHREYS - 004406", "id": 31 }, "geometry": { "type": "Point", "coordinates": [ -87.606478510693648, 36.016609 ] } },
{ "type": "Feature", "properties": { "county_nam": "Humphreys", "county_norm": "HUMPHREYS", "prec_id": "004407", "precinct_name": "Humphreys - 004407", "precinct_norm": "HUMPHREYS - 004407", "id": 32 }, "geometry": { "type": "Point", "coordinates": [ -87.618764949054253, 36.160176 ] } },
{ "type": "Feature", "properties": { "county_nam": "Humphreys", "county_norm": "HUMPHREYS", "prec_id": "004401", "precinct_name": "Humphreys - 004401", "precinct_norm": "HUMPHREYS - 004401", "id": 33 }, "geometry": { "type": "Point", "coordinates": [ -87.76810706896552, 36.117135 ] } },
{ "type": "Feature", "properties": { "county_nam": "Humphreys", "county_norm": "HUMPHREYS", "prec_id": "004403", "precinct_name": "Humphreys - 004403", "precinct_norm": "HUMPHREYS - 004403", "id": 34 }, "geometry": { "type": "Point", "coordinates": [ -87.737835246472571, 36.0841105 ] } },
{ "type": "Feature", "properties": { "county_nam": "Fentress", "county_norm": "FENTRESS", "prec_id": "002559", "precinct_name": "Fentress - 002559", "precinct_norm": "FENTRESS - 002559", "id": 35 }, "geometry": { "type": "Point", "coordinates": [ -84.98483883722956, 36.5240335 ] } },
{ "type": "Feature", "properties": { "county_nam": "Fentress", "county_norm": "FENTRESS", "prec_id": "002557", "precinct_name": "Fentress - 002557", "precinct_norm": "FENTRESS - 002557", "id": 36 }, "geometry": { "type": "Point", "coordinates": [ -84.887768040319557, 36.42307 ] } },
{ "type": "Feature", "properties": { "county_nam": "Fentress", "county_norm": "FENTRESS", "prec_id": "002551", "precinct_name": "Fentress - 002551", "precinct_norm": "FENTRESS - 002551", "id": 37 }, "geometry": { "type": "Point", "coordinates": [ -84.744752765980095, 36.3860865 ] } },
{ "type": "Feature", "properties": { "county_nam": "Fentress", "county_norm": "FENTRESS", "prec_id": "002562", "precinct_name": "Fentress - 002562", "precinct_norm": "FENTRESS - 002562", "id": 38 }, "geometry": { "type": "Point", "coordinates": [ -84.964525494142549, 36.3175135 ] } },
{ "type": "Feature", "properties": { "county_nam": "Fentress", "county_norm": "FENTRESS", "prec_id": "002552", "precinct_name": "Fentress - 002552", "precinct_norm": "FENTRESS - 002552", "id": 39 }, "geometry": { "type": "Point", "coordinates": [ -84.96301150011486, 36.2119605 ] } },
{ "type": "Feature", "properties": { "county_nam": "Houston", "county_norm": "HOUSTON", "prec_id": "004302", "precinct_name": "Houston - 004302", "precinct_norm": "HOUSTON - 004302", "id": 40 }, "geometry": { "type": "Point", "coordinates": [ -87.729081167066965, 36.2606935 ] } },
{ "type": "Feature", "properties": { "county_nam": "Houston", "county_norm": "HOUSTON", "prec_id": "004303", "precinct_name": "Houston - 004303", "precinct_norm": "HOUSTON - 004303", "id": 41 }, "geometry": { "type": "Point", "coordinates": [ -87.696902212201223, 36.312309 ] } },
{ "type": "Feature", "properties": { "county_nam": "Lawrence", "county_norm": "LAWRENCE", "prec_id": "005163", "precinct_name": "Lawrence - 005163", "precinct_norm": "LAWRENCE - 005163", "id": 42 }, "geometry": { "type": "Point", "coordinates": [ -87.508115223606751, 35.302263 ] } },
{ "type": "Feature", "properties": { "county_nam": "Lawrence", "county_norm": "LAWRENCE", "prec_id": "005160", "precinct_name": "Lawrence - 005160", "precinct_norm": "LAWRENCE - 005160", "id": 43 }, "geometry": { "type": "Point", "coordinates": [ -87.269690636878494, 35.3878695 ] } },
{ "type": "Feature", "properties": { "county_nam": "Lawrence", "county_norm": "LAWRENCE", "prec_id": "005173", "precinct_name": "Lawrence - 005173", "precinct_norm": "LAWRENCE - 005173", "id": 44 }, "geometry": { "type": "Point", "coordinates": [ -87.262868614767839, 35.3170605 ] } },
{ "type": "Feature", "properties": { "county_nam": "Lawrence", "county_norm": "LAWRENCE", "prec_id": "005151", "precinct_name": "Lawrence - 005151", "precinct_norm": "LAWRENCE - 005151", "id": 45 }, "geometry": { "type": "Point", "coordinates": [ -87.393062870660401, 35.0637015 ] } },
{ "type": "Feature", "properties": { "county_nam": "Lawrence", "county_norm": "LAWRENCE", "prec_id": "005159", "precinct_name": "Lawrence - 005159", "precinct_norm": "LAWRENCE - 005159", "id": 46 }, "geometry": { "type": "Point", "coordinates": [ -87.265763024035067, 35.2794385 ] } },
{ "type": "Feature", "properties": { "county_nam": "Henry", "county_norm": "HENRY", "prec_id": "004101", "precinct_name": "Henry - 004101", "precinct_norm": "HENRY - 004101", "id": 47 }, "geometry": { "type": "Point", "coordinates": [ -88.344045615831334, 36.4327485 ] } },
{ "type": "Feature", "properties": { "county_nam": "Lewis", "county_norm": "LEWIS", "prec_id": "005252", "precinct_name": "Lewis - 005252", "precinct_norm": "LEWIS - 005252", "id": 48 }, "geometry": { "type": "Point", "coordinates": [ -87.63684854517949, 35.4856555 ] } },
{ "type": "Feature", "properties": { "county_nam": "Henry", "county_norm": "HENRY", "prec_id": "004105", "precinct_name": "Henry - 004105", "precinct_norm": "HENRY - 004105", "id": 49 }, "geometry": { "type": "Point", "coordinates": [ -88.278632966762416, 36.3056235 ] } },
{ "type": "Feature", "properties": { "county_nam": "Henry", "county_norm": "HENRY", "prec_id": "004103", "precinct_name": "Henry - 004103", "precinct_norm": "HENRY - 004103", "id": 50 }, "geometry": { "type": "Point", "coordinates": [ -88.20323362177345, 36.3475915 ] } },
{ "type": "Feature", "properties": { "county_nam": "Henry", "county_norm": "HENRY", "prec_id": "004109", "precinct_name": "Henry - 004109", "precinct_norm": "HENRY - 004109", "id": 51 }, "geometry": { "type": "Point", "coordinates": [ -88.305364717705103, 36.299529 ] } },
{ "type": "Feature", "properties": { "county_nam": "Henry", "county_norm": "HENRY", "prec_id": "004102", "precinct_name": "Henry - 004102", "precinct_norm": "HENRY - 004102", "id": 52 }, "geometry": { "type": "Point", "coordinates": [ -88.245967445423403, 36.1955345 ] } },
{ "type": "Feature", "properties": { "county_nam": "Henry", "county_norm": "HENRY", "prec_id": "004108", "precinct_name": "Henry - 004108", "precinct_norm": "HENRY - 004108", "id": 53 }, "geometry": { "type": "Point", "coordinates": [ -88.41833248706331, 36.2130865 ] } },
{ "type": "Feature", "properties": { "county_nam": "Franklin", "county_norm": "FRANKLIN", "prec_id": "002661", "precinct_name": "Franklin - 002661", "precinct_norm": "FRANKLIN - 002661", "id": 54 }, "geometry": { "type": "Point", "coordinates": [ -85.956741495049499, 35.057076 ] } },
{ "type": "Feature", "properties": { "county_nam": "Franklin", "county_norm": "FRANKLIN", "prec_id": "002663", "precinct_name": "Franklin - 002663", "precinct_norm": "FRANKLIN - 002663", "id": 55 }, "geometry": { "type": "Point", "coordinates": [ -86.082290263850979, 35.2957705 ] } },
{ "type": "Feature", "properties": { "county_nam": "Shelby", "county_norm": "SHELBY", "prec_id": "008122", "precinct_name": "Shelby - 008122", "precinct_norm": "SHELBY - 008122", "id": 56 }, "geometry": { "type": "Point", "coordinates": [ -89.996209787742387, 35.1566195 ] } },
{ "type": "Feature", "properties": { "county_nam": "Shelby", "county_norm": "SHELBY", "prec_id": "008091", "precinct_name": "Shelby - 008091", "precinct_norm": "SHELBY - 008091", "id": 57 }, "geometry": { "type": "Point", "coordinates": [ -89.769747874311975, 35.078668 ] } },
{ "type": "Feature", "properties": { "county_nam": "Shelby", "county_norm": "SHELBY", "prec_id": "008071", "precinct_name": "Shelby - 008071", "precinct_norm": "SHELBY - 008071", "id": 58 }, "geometry": { "type": "Point", "coordinates": [ -89.711354590909082, 35.0574815 ] } },
{ "type": "Feature", "properties": { "county_nam": "Shelby", "county_norm": "SHELBY", "prec_id": "008055", "precinct_name": "Shelby - 008055", "precinct_norm": "SHELBY - 008055", "id": 59 }, "geometry": { "type": "Point", "coordinates": [ -89.826789166115475, 35.2461945 ] } },
{ "type": "Feature", "properties": { "county_nam": "Shelby", "county_norm": "SHELBY", "prec_id": "008184", "precinct_name": "Shelby - 008184", "precinct_norm": "SHELBY - 008184", "id": 60 }, "geometry": { "type": "Point", "coordinates": [ -90.016653652316279, 35.2038295 ] } },
{ "type": "Feature", "properties": { "county_nam": "Shelby", "county_norm": "SHELBY", "prec_id": "008101", "precinct_name": "Shelby - 008101", "precinct_norm": "SHELBY - 008101", "id": 61 }, "geometry": { "type": "Point", "coordinates": [ -90.050574670224279, 35.165353 ] } },
{ "type": "Feature", "properties": { "county_nam": "Henderson", "county_norm": "HENDERSON", "prec_id": "004002", "precinct_name": "Henderson - 004002", "precinct_norm": "HENDERSON - 004002", "id": 62 }, "geometry": { "type": "Point", "coordinates": [ -88.392606309239142, 35.7692825 ] } },
{ "type": "Feature", "properties": { "county_nam": "Dyer", "county_norm": "DYER", "prec_id": "002361", "precinct_name": "Dyer - 002361", "precinct_norm": "DYER - 002361", "id": 63 }, "geometry": { "type": "Point", "coordinates": [ -89.401555713483191, 36.0230145 ] } },
{ "type": "Feature", "properties": { "county_nam": "Dyer", "county_norm": "DYER", "prec_id": "002362", "precinct_name": "Dyer - 002362", "precinct_norm": "DYER - 002362", "id": 64 }, "geometry": { "type": "Point", "coordinates": [ -89.379820512261546, 36.0442145 ] } },
{ "type": "Feature", "properties": { "county_nam": "Dyer", "county_norm": "DYER", "prec_id": "002358", "precinct_name": "Dyer - 002358", "precinct_norm": "DYER - 002358", "id": 65 }, "geometry": { "type": "Point", "coordinates": [ -89.349166233277316, 36.1488505 ] } },
{ "type": "Feature", "properties": { "county_nam": "McNairy", "county_norm": "MCNAIRY", "prec_id": "006151", "precinct_name": "McNairy - 006151", "precinct_norm": "MCNAIRY - 006151", "id": 66 }, "geometry": { "type": "Point", "coordinates": [ -88.392234195906425, 35.284799 ] } },
{ "type": "Feature", "properties": { "county_nam": "McNairy", "county_norm": "MCNAIRY", "prec_id": "006155", "precinct_name": "McNairy - 006155", "precinct_norm": "MCNAIRY - 006155", "id": 67 }, "geometry": { "type": "Point", "coordinates": [ -88.61055204266097, 35.064979 ] } },
{ "type": "Feature", "properties": { "county_nam": "Humphreys", "county_norm": "HUMPHREYS", "prec_id": "004405", "precinct_name": "Humphreys - 004405", "precinct_norm": "HUMPHREYS - 004405", "id": 68 }, "geometry": { "type": "Point", "coordinates": [ -87.795276035886261, 35.941645 ] } },
{ "type": "Feature", "properties": { "county_nam": "Trousdale", "county_norm": "TROUSDALE", "prec_id": "008801", "precinct_name": "Trousdale - 008801", "precinct_norm": "TROUSDALE - 008801", "id": 69 }, "geometry": { "type": "Point", "coordinates": [ -86.152349025720781, 36.3688095 ] } },
{ "type": "Feature", "properties": { "county_nam": "Trousdale", "county_norm": "TROUSDALE", "prec_id": "008807", "precinct_name": "Trousdale - 008807", "precinct_norm": "TROUSDALE - 008807", "id": 70 }, "geometry": { "type": "Point", "coordinates": [ -86.226759847640338, 36.3881105 ] } },
{ "type": "Feature", "properties": { "county_nam": "Shelby", "county_norm": "SHELBY", "prec_id": "008057", "precinct_name": "Shelby - 008057", "precinct_norm": "SHELBY - 008057", "id": 71 }, "geometry": { "type": "Point", "coordinates": [ -89.876601459465775, 35.2056145 ] } },
{ "type": "Feature", "properties": { "county_nam": "Shelby", "county_norm": "SHELBY", "prec_id": "008089", "precinct_name": "Shelby - 008089", "precinct_norm": "SHELBY - 008089", "id": 72 }, "geometry": { "type": "Point", "coordinates": [ -89.819040351581151, 35.1067955 ] } },
{ "type": "Feature", "properties": { "county_nam": "Shelby", "county_norm": "SHELBY", "prec_id": "008176", "precinct_name": "Shelby - 008176", "precinct_norm": "SHELBY - 008176", "id": 73 }, "geometry": { "type": "Point", "coordinates": [ -89.906315163320627, 35.092247 ] } },
{ "type": "Feature", "properties": { "county_nam": "Shelby", "county_norm": "SHELBY", "prec_id": "008174", "precinct_name": "Shelby - 008174", "precinct_norm": "SHELBY - 008174", "id": 74 }, "geometry": { "type": "Point", "coordinates": [ -89.892734899742322, 35.1357355 ] } },
{ "type": "Feature", "properties": { "county_nam": "Dyer", "county_norm": "DYER", "prec_id": "002359", "precinct_name": "Dyer - 002359", "precinct_norm": "DYER - 002359", "id": 75 }, "geometry": { "type": "Point", "coordinates": [ -89.599414204555245, 35.9836995 ] } },
{ "type": "Feature", "properties": { "county_nam": "Lewis", "county_norm": "LEWIS", "prec_id": "005254", "precinct_name": "Lewis - 005254", "precinct_norm": "LEWIS - 005254", "id": 76 }, "geometry": { "type": "Point", "coordinates": [ -87.343957192636992, 35.5108115 ] } },
{ "type": "Feature", "properties": { "county_nam": "Shelby", "county_norm": "SHELBY", "prec_id": "008136", "precinct_name": "Shelby - 008136", "precinct_norm": "SHELBY - 008136", "id": 77 }, "geometry": { "type": "Point", "coordinates": [ -89.953277278708129, 35.1383925 ] } },
{ "type": "Feature", "properties": { "county_nam": "Shelby", "county_norm": "SHELBY", "prec_id": "008103", "precinct_name": "Shelby - 008103", "precinct_norm": "SHELBY - 008103", "id": 78 }, "geometry": { "type": "Point", "coordinates": [ -90.035671610287508, 35.1322315 ] } },
{ "type": "Feature", "properties": { "county_nam": "Henry", "county_norm": "HENRY", "prec_id": "004104", "precinct_name": "Henry - 004104", "precinct_norm": "HENRY - 004104", "id": 79 }, "geometry": { "type": "Point", "coordinates": [ -88.329205406519918, 36.3419195 ] } },
{ "type": "Feature", "properties": { "county_nam": "Gibson", "county_norm": "GIBSON", "prec_id": "002771", "precinct_name": "Gibson - 002771", "precinct_norm": "GIBSON - 002771", "id": 80 }, "geometry": { "type": "Point", "coordinates": [ -89.11110716853193, 36.061489 ] } },
{ "type": "Feature", "properties": { "county_nam": "Humphreys", "county_norm": "HUMPHREYS", "prec_id": "004402", "precinct_name": "Humphreys - 004402", "precinct_norm": "HUMPHREYS - 004402", "id": 81 }, "geometry": { "type": "Point", "coordinates": [ -87.939316301150427, 36.0070425 ] } },
{ "type": "Feature", "properties": { "county_nam": "Humphreys", "county_norm": "HUMPHREYS", "prec_id": "004408", "precinct_name": "Humphreys - 004408", "precinct_norm": "HUMPHREYS - 004408", "id": 82 }, "geometry": { "type": "Point", "coordinates": [ -87.946908048478321, 36.051434 ] } },
{ "type": "Feature", "properties": { "county_nam": "Humphreys", "county_norm": "HUMPHREYS", "prec_id": "004404", "precinct_name": "Humphreys - 004404", "precinct_norm": "HUMPHREYS - 004404", "id": 83 }, "geometry": { "type": "Point", "coordinates": [ -87.843733028345554, 36.1500615 ] } },
{ "type": "Feature", "properties": { "county_nam": "Carroll", "county_norm": "CARROLL", "prec_id": "000809", "precinct_name": "Carroll - 000809", "precinct_norm": "CARROLL - 000809", "id": 84 }, "geometry": { "type": "Point", "coordinates": [ -88.482482865270839, 36.101622 ] } },
{ "type": "Feature", "properties": { "county_nam": "Lawrence", "county_norm": "LAWRENCE", "prec_id": "005170", "precinct_name": "Lawrence - 005170", "precinct_norm": "LAWRENCE - 005170", "id": 85 }, "geometry": { "type": "Point", "coordinates": [ -87.485302158462844, 35.036259 ] } },
{ "type": "Feature", "properties": { "county_nam": "Lawrence", "county_norm": "LAWRENCE", "prec_id": "005156", "precinct_name": "Lawrence - 005156", "precinct_norm": "LAWRENCE - 005156", "id": 86 }, "geometry": { "type": "Point", "coordinates": [ -87.502541344216326, 35.147555 ] } },
{ "type": "Feature", "properties": { "county_nam": "Scott", "county_norm": "SCOTT", "prec_id": "007754", "precinct_name": "Scott - 007754", "precinct_norm": "SCOTT - 007754", "id": 87 }, "geometry": { "type": "Point", "coordinates": [ -84.405177294713383, 36.329816 ] } },
{ "type": "Feature", "properties": { "county_nam": "Scott", "county_norm": "SCOTT", "prec_id": "007751", "precinct_name": "Scott - 007751", "precinct_norm": "SCOTT - 007751", "id": 88 }, "geometry": { "type": "Point", "coordinates": [ -84.538081825719544, 36.3180325 ] } },
{ "type": "Feature", "properties": { "county_nam": "Pickett", "county_norm": "PICKETT", "prec_id": "007055", "precinct_name": "Pickett - 007055", "precinct_norm": "PICKETT - 007055", "id": 89 }, "geometry": { "type": "Point", "coordinates": [ -84.81798454744316, 36.5726025 ] } },
{ "type": "Feature", "properties": { "county_nam": "Giles", "county_norm": "GILES", "prec_id": "002860", "precinct_name": "Giles - 002860", "precinct_norm": "GILES - 002860", "id": 90 }, "geometry": { "type": "Point", "coordinates": [ -86.937289837984665, 35.125061 ] } },
{ "type": "Feature", "properties": { "county_nam": "Giles", "county_norm": "GILES", "prec_id": "002854", "precinct_name": "Giles - 002854", "precinct_norm": "GILES - 002854", "id": 91 }, "geometry": { "type": "Point", "coordinates": [ -86.884567384869655, 35.040334 ] } },
{ "type": "Feature", "properties": { "county_nam": "Giles", "county_norm": "GILES", "prec_id": "002862", "precinct_name": "Giles - 002862", "precinct_norm": "GILES - 002862", "id": 92 }, "geometry": { "type": "Point", "coordinates": [ -87.019693859128409, 35.2044795 ] } },
{ "type": "Feature", "properties": { "county_nam": "Giles", "county_norm": "GILES", "prec_id": "002857", "precinct_name": "Giles - 002857", "precinct_norm": "GILES - 002857", "id": 93 }, "geometry": { "type": "Point", "coordinates": [ -87.005933184249926, 35.3576225 ] } },
{ "type": "Feature", "properties": { "county_nam": "Giles", "county_norm": "GILES", "prec_id": "002856", "precinct_name": "Giles - 002856", "precinct_norm": "GILES - 002856", "id": 94 }, "geometry": { "type": "Point", "coordinates": [ -87.154168329094702, 35.350975 ] } },
{ "type": "Feature", "properties": { "county_nam": "Giles", "county_norm": "GILES", "prec_id": "002853", "precinct_name": "Giles - 002853", "precinct_norm": "GILES - 002853", "id": 95 }, "geometry": { "type": "Point", "coordinates": [ -87.14769245208538, 35.0731835 ] } },
{ "type": "Feature", "properties": { "county_nam": "Bradley", "county_norm": "BRADLEY", "prec_id": "000502", "precinct_name": "Bradley - 000502", "precinct_norm": "BRADLEY - 000502", "id": 96 }, "geometry": { "type": "Point", "coordinates": [ -84.88867408405315, 35.1825965 ] } },
{ "type": "Feature", "properties": { "county_nam": "Scott", "county_norm": "SCOTT", "prec_id": "007760", "precinct_name": "Scott - 007760", "precinct_norm": "SCOTT - 007760", "id": 97 }, "geometry": { "type": "Point", "coordinates": [ -84.420213767274788, 36.4993595 ] } },
{ "type": "Feature", "properties": { "county_nam": "Franklin", "county_norm": "FRANKLIN", "prec_id": "002660", "precinct_name": "Franklin - 002660", "precinct_norm": "FRANKLIN - 002660", "id": 98 }, "geometry": { "type": "Point", "coordinates": [ -85.91453175, 35.1771875 ] } },
{ "type": "Feature", "properties": { "county_nam": "Franklin", "county_norm": "FRANKLIN", "prec_id": "002657", "precinct_name": "Franklin - 002657", "precinct_norm": "FRANKLIN - 002657", "id": 99 }, "geometry": { "type": "Point", "coordinates": [ -86.020706113680205, 35.166862 ] } },
{ "type": "Feature", "properties": { "county_nam": "Franklin", "county_norm": "FRANKLIN", "prec_id": "002667", "precinct_name": "Franklin - 002667", "precinct_norm": "FRANKLIN - 002667", "id": 100 }, "geometry": { "type": "Point", "coordinates": [ -86.075406557630032, 35.2217215 ] } },
{ "type": "Feature", "properties": { "county_nam": "Dickson", "county_norm": "DICKSON", "prec_id": "002256", "precinct_name": "Dickson - 002256", "precinct_norm": "DICKSON - 002256", "id": 101 }, "geometry": { "type": "Point", "coordinates": [ -87.444207160318427, 36.033465 ] } },
{ "type": "Feature", "properties": { "county_nam": "Dickson", "county_norm": "DICKSON", "prec_id": "002255", "precinct_name": "Dickson - 002255", "precinct_norm": "DICKSON - 002255", "id": 102 }, "geometry": { "type": "Point", "coordinates": [ -87.372416918341713, 36.013435 ] } },
{ "type": "Feature", "properties": { "county_nam": "Franklin", "county_norm": "FRANKLIN", "prec_id": "002666", "precinct_name": "Franklin - 002666", "precinct_norm": "FRANKLIN - 002666", "id": 103 }, "geometry": { "type": "Point", "coordinates": [ -86.19889736096107, 35.2490815 ] } },
{ "type": "Feature", "properties": { "county_nam": "Dickson", "county_norm": "DICKSON", "prec_id": "002254", "precinct_name": "Dickson - 002254", "precinct_norm": "DICKSON - 002254", "id": 104 }, "geometry": { "type": "Point", "coordinates": [ -87.216388285894212, 36.0841605 ] } },
{ "type": "Feature", "properties": { "county_nam": "Dickson", "county_norm": "DICKSON", "prec_id": "002265", "precinct_name": "Dickson - 002265", "precinct_norm": "DICKSON - 002265", "id": 105 }, "geometry": { "type": "Point", "coordinates": [ -87.31793249139676, 36.0964685 ] } },
{ "type": "Feature", "properties": { "county_nam": "Dickson", "county_norm": "DICKSON", "prec_id": "002259", "precinct_name": "Dickson - 002259", "precinct_norm": "DICKSON - 002259", "id": 106 }, "geometry": { "type": "Point", "coordinates": [ -87.439059931399314, 36.268911 ] } },
{ "type": "Feature", "properties": { "county_nam": "Dickson", "county_norm": "DICKSON", "prec_id": "002253", "precinct_name": "Dickson - 002253", "precinct_norm": "DICKSON - 002253", "id": 107 }, "geometry": { "type": "Point", "coordinates": [ -87.240079662098935, 36.0491935 ] } },
{ "type": "Feature", "properties": { "county_nam": "Maury", "county_norm": "MAURY", "prec_id": "005956", "precinct_name": "Maury - 005956", "precinct_norm": "MAURY - 005956", "id": 108 }, "geometry": { "type": "Point", "coordinates": [ -87.095021153386455, 35.607312 ] } },
{ "type": "Feature", "properties": { "county_nam": "Maury", "county_norm": "MAURY", "prec_id": "005969", "precinct_name": "Maury - 005969", "precinct_norm": "MAURY - 005969", "id": 109 }, "geometry": { "type": "Point", "coordinates": [ -86.961637546677693, 35.4731375 ] } },
{ "type": "Feature", "properties": { "county_nam": "Maury", "county_norm": "MAURY", "prec_id": "005970", "precinct_name": "Maury - 005970", "precinct_norm": "MAURY - 005970", "id": 110 }, "geometry": { "type": "Point", "coordinates": [ -86.999595654916419, 35.727611 ] } },
{ "type": "Feature", "properties": { "county_nam": "Shelby", "county_norm": "SHELBY", "prec_id": "008261", "precinct_name": "Shelby - 008261", "precinct_norm": "SHELBY - 008261", "id": 111 }, "geometry": { "type": "Point", "coordinates": [ -89.846889661960574, 35.335697 ] } },
{ "type": "Feature", "properties": { "county_nam": "Dyer", "county_norm": "DYER", "prec_id": "002356", "precinct_name": "Dyer - 002356", "precinct_norm": "DYER - 002356", "id": 112 }, "geometry": { "type": "Point", "coordinates": [ -89.222401481634449, 36.162187 ] } },
{ "type": "Feature", "properties": { "county_nam": "McNairy", "county_norm": "MCNAIRY", "prec_id": "006157", "precinct_name": "McNairy - 006157", "precinct_norm": "MCNAIRY - 006157", "id": 113 }, "geometry": { "type": "Point", "coordinates": [ -88.448776113484811, 35.063932 ] } },
{ "type": "Feature", "properties": { "county_nam": "McNairy", "county_norm": "MCNAIRY", "prec_id": "006158", "precinct_name": "McNairy - 006158", "precinct_norm": "MCNAIRY - 006158", "id": 114 }, "geometry": { "type": "Point", "coordinates": [ -88.603483544184755, 35.24622 ] } },
{ "type": "Feature", "properties": { "county_nam": "McNairy", "county_norm": "MCNAIRY", "prec_id": "006167", "precinct_name": "McNairy - 006167", "precinct_norm": "MCNAIRY - 006167", "id": 115 }, "geometry": { "type": "Point", "coordinates": [ -88.636317830418349, 35.1618365 ] } },
{ "type": "Feature", "properties": { "county_nam": "Henderson", "county_norm": "HENDERSON", "prec_id": "004003", "precinct_name": "Henderson - 004003", "precinct_norm": "HENDERSON - 004003", "id": 116 }, "geometry": { "type": "Point", "coordinates": [ -88.432606042011287, 35.686894 ] } },
{ "type": "Feature", "properties": { "county_nam": "Roane", "county_norm": "ROANE", "prec_id": "007471", "precinct_name": "Roane - 007471", "precinct_norm": "ROANE - 007471", "id": 117 }, "geometry": { "type": "Point", "coordinates": [ -84.701085579374563, 35.870979 ] } },
{ "type": "Feature", "properties": { "county_nam": "Roane", "county_norm": "ROANE", "prec_id": "007458", "precinct_name": "Roane - 007458", "precinct_norm": "ROANE - 007458", "id": 118 }, "geometry": { "type": "Point", "coordinates": [ -84.359493791108946, 35.939394 ] } },
{ "type": "Feature", "properties": { "county_nam": "Shelby", "county_norm": "SHELBY", "prec_id": "008202", "precinct_name": "Shelby - 008202", "precinct_norm": "SHELBY - 008202", "id": 119 }, "geometry": { "type": "Point", "coordinates": [ -90.091268899630251, 35.034534 ] } },
{ "type": "Feature", "properties": { "county_nam": "Shelby", "county_norm": "SHELBY", "prec_id": "008121", "precinct_name": "Shelby - 008121", "precinct_norm": "SHELBY - 008121", "id": 120 }, "geometry": { "type": "Point", "coordinates": [ -90.060376137269543, 35.0911875 ] } },
{ "type": "Feature", "properties": { "county_nam": "Shelby", "county_norm": "SHELBY", "prec_id": "008145", "precinct_name": "Shelby - 008145", "precinct_norm": "SHELBY - 008145", "id": 121 }, "geometry": { "type": "Point", "coordinates": [ -90.154774351340393, 35.0640645 ] } },
{ "type": "Feature", "properties": { "county_nam": "Shelby", "county_norm": "SHELBY", "prec_id": "008197", "precinct_name": "Shelby - 008197", "precinct_norm": "SHELBY - 008197", "id": 122 }, "geometry": { "type": "Point", "coordinates": [ -89.897217232107096, 35.067307 ] } },
{ "type": "Feature", "properties": { "county_nam": "Shelby", "county_norm": "SHELBY", "prec_id": "008222", "precinct_name": "Shelby - 008222", "precinct_norm": "SHELBY - 008222", "id": 123 }, "geometry": { "type": "Point", "coordinates": [ -89.844726292441607, 35.0729615 ] } },
{ "type": "Feature", "properties": { "county_nam": "Shelby", "county_norm": "SHELBY", "prec_id": "008183", "precinct_name": "Shelby - 008183", "precinct_norm": "SHELBY - 008183", "id": 124 }, "geometry": { "type": "Point", "coordinates": [ -89.999806473013848, 35.2152 ] } },
{ "type": "Feature", "properties": { "county_nam": "Shelby", "county_norm": "SHELBY", "prec_id": "008189", "precinct_name": "Shelby - 008189", "precinct_norm": "SHELBY - 008189", "id": 125 }, "geometry": { "type": "Point", "coordinates": [ -89.979115829891072, 35.2222285 ] } },
{ "type": "Feature", "properties": { "county_nam": "Maury", "county_norm": "MAURY", "prec_id": "005963", "precinct_name": "Maury - 005963", "precinct_norm": "MAURY - 005963", "id": 126 }, "geometry": { "type": "Point", "coordinates": [ -87.022716710526311, 35.604549 ] } },
{ "type": "Feature", "properties": { "county_nam": "Maury", "county_norm": "MAURY", "prec_id": "005959", "precinct_name": "Maury - 005959", "precinct_norm": "MAURY - 005959", "id": 127 }, "geometry": { "type": "Point", "coordinates": [ -87.055520563112196, 35.6101785 ] } },
{ "type": "Feature", "properties": { "county_nam": "Maury", "county_norm": "MAURY", "prec_id": "005960", "precinct_name": "Maury - 005960", "precinct_norm": "MAURY - 005960", "id": 128 }, "geometry": { "type": "Point", "coordinates": [ -87.066684437440529, 35.588795 ] } },
{ "type": "Feature", "properties": { "county_nam": "Maury", "county_norm": "MAURY", "prec_id": "005961", "precinct_name": "Maury - 005961", "precinct_norm": "MAURY - 005961", "id": 129 }, "geometry": { "type": "Point", "coordinates": [ -87.229599559931501, 35.511911 ] } },
{ "type": "Feature", "properties": { "county_nam": "Maury", "county_norm": "MAURY", "prec_id": "005964", "precinct_name": "Maury - 005964", "precinct_norm": "MAURY - 005964", "id": 130 }, "geometry": { "type": "Point", "coordinates": [ -87.033494290429076, 35.553944 ] } },
{ "type": "Feature", "properties": { "county_nam": "Maury", "county_norm": "MAURY", "prec_id": "005966", "precinct_name": "Maury - 005966", "precinct_norm": "MAURY - 005966", "id": 131 }, "geometry": { "type": "Point", "coordinates": [ -86.920384729444493, 35.5747165 ] } },
{ "type": "Feature", "properties": { "county_nam": "Dyer", "county_norm": "DYER", "prec_id": "002352", "precinct_name": "Dyer - 002352", "precinct_norm": "DYER - 002352", "id": 132 }, "geometry": { "type": "Point", "coordinates": [ -89.414189262079788, 35.953175 ] } },
{ "type": "Feature", "properties": { "county_nam": "Lawrence", "county_norm": "LAWRENCE", "prec_id": "005165", "precinct_name": "Lawrence - 005165", "precinct_norm": "LAWRENCE - 005165", "id": 133 }, "geometry": { "type": "Point", "coordinates": [ -87.398897186521566, 35.272142 ] } },
{ "type": "Feature", "properties": { "county_nam": "Carroll", "county_norm": "CARROLL", "prec_id": "000810", "precinct_name": "Carroll - 000810", "precinct_norm": "CARROLL - 000810", "id": 134 }, "geometry": { "type": "Point", "coordinates": [ -88.559012044340719, 35.961196 ] } },
{ "type": "Feature", "properties": { "county_nam": "Carroll", "county_norm": "CARROLL", "prec_id": "000807", "precinct_name": "Carroll - 000807", "precinct_norm": "CARROLL - 000807", "id": 135 }, "geometry": { "type": "Point", "coordinates": [ -88.464864653604167, 35.981718 ] } },
{ "type": "Feature", "properties": { "county_nam": "Carroll", "county_norm": "CARROLL", "prec_id": "000812", "precinct_name": "Carroll - 000812", "precinct_norm": "CARROLL - 000812", "id": 136 }, "geometry": { "type": "Point", "coordinates": [ -88.427820023808948, 35.870146 ] } },
{ "type": "Feature", "properties": { "county_nam": "Marshall", "county_norm": "MARSHALL", "prec_id": "005855", "precinct_name": "Marshall - 005855", "precinct_norm": "MARSHALL - 005855", "id": 137 }, "geometry": { "type": "Point", "coordinates": [ -86.837602700001938, 35.5180205 ] } },
{ "type": "Feature", "properties": { "county_nam": "Marshall", "county_norm": "MARSHALL", "prec_id": "005856", "precinct_name": "Marshall - 005856", "precinct_norm": "MARSHALL - 005856", "id": 138 }, "geometry": { "type": "Point", "coordinates": [ -86.803759033914048, 35.5597615 ] } },
{ "type": "Feature", "properties": { "county_nam": "Giles", "county_norm": "GILES", "prec_id": "002852", "precinct_name": "Giles - 002852", "precinct_norm": "GILES - 002852", "id": 139 }, "geometry": { "type": "Point", "coordinates": [ -87.115394997205414, 35.155962 ] } },
{ "type": "Feature", "properties": { "county_nam": "Giles", "county_norm": "GILES", "prec_id": "002859", "precinct_name": "Giles - 002859", "precinct_norm": "GILES - 002859", "id": 140 }, "geometry": { "type": "Point", "coordinates": [ -86.985938848400338, 35.2265655 ] } },
{ "type": "Feature", "properties": { "county_nam": "Marshall", "county_norm": "MARSHALL", "prec_id": "005859", "precinct_name": "Marshall - 005859", "precinct_norm": "MARSHALL - 005859", "id": 141 }, "geometry": { "type": "Point", "coordinates": [ -86.857045569671499, 35.451978 ] } },
{ "type": "Feature", "properties": { "county_nam": "Franklin", "county_norm": "FRANKLIN", "prec_id": "002653", "precinct_name": "Franklin - 002653", "precinct_norm": "FRANKLIN - 002653", "id": 142 }, "geometry": { "type": "Point", "coordinates": [ -86.252601471055328, 35.194453 ] } },
{ "type": "Feature", "properties": { "county_nam": "Dickson", "county_norm": "DICKSON", "prec_id": "002266", "precinct_name": "Dickson - 002266", "precinct_norm": "DICKSON - 002266", "id": 143 }, "geometry": { "type": "Point", "coordinates": [ -87.348176109267257, 36.0609675 ] } },
{ "type": "Feature", "properties": { "county_nam": "McNairy", "county_norm": "MCNAIRY", "prec_id": "006152", "precinct_name": "McNairy - 006152", "precinct_norm": "MCNAIRY - 006152", "id": 144 }, "geometry": { "type": "Point", "coordinates": [ -88.717345049603125, 35.185483 ] } },
{ "type": "Feature", "properties": { "county_nam": "Henderson", "county_norm": "HENDERSON", "prec_id": "004013", "precinct_name": "Henderson - 004013", "precinct_norm": "HENDERSON - 004013", "id": 145 }, "geometry": { "type": "Point", "coordinates": [ -88.491119917351369, 35.553783 ] } },
{ "type": "Feature", "properties": { "county_nam": "McNairy", "county_norm": "MCNAIRY", "prec_id": "006154", "precinct_name": "McNairy - 006154", "precinct_norm": "MCNAIRY - 006154", "id": 146 }, "geometry": { "type": "Point", "coordinates": [ -88.616565480838389, 35.305476 ] } },
{ "type": "Feature", "properties": { "county_nam": "McNairy", "county_norm": "MCNAIRY", "prec_id": "006165", "precinct_name": "McNairy - 006165", "precinct_norm": "MCNAIRY - 006165", "id": 147 }, "geometry": { "type": "Point", "coordinates": [ -88.549440115150972, 35.0232165 ] } },
{ "type": "Feature", "properties": { "county_nam": "Maury", "county_norm": "MAURY", "prec_id": "005967", "precinct_name": "Maury - 005967", "precinct_norm": "MAURY - 005967", "id": 148 }, "geometry": { "type": "Point", "coordinates": [ -87.026372986561213, 35.6366705 ] } },
{ "type": "Feature", "properties": { "county_nam": "Maury", "county_norm": "MAURY", "prec_id": "005953", "precinct_name": "Maury - 005953", "precinct_norm": "MAURY - 005953", "id": 149 }, "geometry": { "type": "Point", "coordinates": [ -87.161620379472581, 35.6998695 ] } },
{ "type": "Feature", "properties": { "county_nam": "Obion", "county_norm": "OBION", "prec_id": "006761", "precinct_name": "Obion - 006761", "precinct_norm": "OBION - 006761", "id": 150 }, "geometry": { "type": "Point", "coordinates": [ -89.040475730489433, 36.360389 ] } },
{ "type": "Feature", "properties": { "county_nam": "Gibson", "county_norm": "GIBSON", "prec_id": "002762", "precinct_name": "Gibson - 002762", "precinct_norm": "GIBSON - 002762", "id": 151 }, "geometry": { "type": "Point", "coordinates": [ -88.998193428049149, 35.979081 ] } },
{ "type": "Feature", "properties": { "county_nam": "Gibson", "county_norm": "GIBSON", "prec_id": "002753", "precinct_name": "Gibson - 002753", "precinct_norm": "GIBSON - 002753", "id": 152 }, "geometry": { "type": "Point", "coordinates": [ -88.826326480017599, 35.868543 ] } },
{ "type": "Feature", "properties": { "county_nam": "Gibson", "county_norm": "GIBSON", "prec_id": "002770", "precinct_name": "Gibson - 002770", "precinct_norm": "GIBSON - 002770", "id": 153 }, "geometry": { "type": "Point", "coordinates": [ -88.728525713966746, 35.9323175 ] } },
{ "type": "Feature", "properties": { "county_nam": "Bradley", "county_norm": "BRADLEY", "prec_id": "000507", "precinct_name": "Bradley - 000507", "precinct_norm": "BRADLEY - 000507", "id": 154 }, "geometry": { "type": "Point", "coordinates": [ -84.861000116066464, 35.205784 ] } },
{ "type": "Feature", "properties": { "county_nam": "Bradley", "county_norm": "BRADLEY", "prec_id": "000501", "precinct_name": "Bradley - 000501", "precinct_norm": "BRADLEY - 000501", "id": 155 }, "geometry": { "type": "Point", "coordinates": [ -84.976102576988552, 35.140681 ] } },
{ "type": "Feature", "properties": { "county_nam": "Bradley", "county_norm": "BRADLEY", "prec_id": "000509", "precinct_name": "Bradley - 000509", "precinct_norm": "BRADLEY - 000509", "id": 156 }, "geometry": { "type": "Point", "coordinates": [ -84.86433759813292, 35.1669605 ] } },
{ "type": "Feature", "properties": { "county_nam": "Franklin", "county_norm": "FRANKLIN", "prec_id": "002652", "precinct_name": "Franklin - 002652", "precinct_norm": "FRANKLIN - 002652", "id": 157 }, "geometry": { "type": "Point", "coordinates": [ -86.12868703333362, 35.214099 ] } },
{ "type": "Feature", "properties": { "county_nam": "Roane", "county_norm": "ROANE", "prec_id": "007467", "precinct_name": "Roane - 007467", "precinct_norm": "ROANE - 007467", "id": 158 }, "geometry": { "type": "Point", "coordinates": [ -84.654216783802525, 35.8280665 ] } },
{ "type": "Feature", "properties": { "county_nam": "Bradley", "county_norm": "BRADLEY", "prec_id": "000504", "precinct_name": "Bradley - 000504", "precinct_norm": "BRADLEY - 000504", "id": 159 }, "geometry": { "type": "Point", "coordinates": [ -84.848344468452808, 35.228515 ] } },
{ "type": "Feature", "properties": { "county_nam": "Maury", "county_norm": "MAURY", "prec_id": "005954", "precinct_name": "Maury - 005954", "precinct_norm": "MAURY - 005954", "id": 160 }, "geometry": { "type": "Point", "coordinates": [ -87.09574018858946, 35.7679605 ] } },
{ "type": "Feature", "properties": { "county_nam": "Gibson", "county_norm": "GIBSON", "prec_id": "002777", "precinct_name": "Gibson - 002777", "precinct_norm": "GIBSON - 002777", "id": 161 }, "geometry": { "type": "Point", "coordinates": [ -88.982233026400792, 36.0864655 ] } },
{ "type": "Feature", "properties": { "county_nam": "Gibson", "county_norm": "GIBSON", "prec_id": "002772", "precinct_name": "Gibson - 002772", "precinct_norm": "GIBSON - 002772", "id": 162 }, "geometry": { "type": "Point", "coordinates": [ -89.098773501525699, 36.175086 ] } },
{ "type": "Feature", "properties": { "county_nam": "Henderson", "county_norm": "HENDERSON", "prec_id": "004005", "precinct_name": "Henderson - 004005", "precinct_norm": "HENDERSON - 004005", "id": 163 }, "geometry": { "type": "Point", "coordinates": [ -88.556953981143607, 35.662649 ] } },
{ "type": "Feature", "properties": { "county_nam": "Bradley", "county_norm": "BRADLEY", "prec_id": "000515", "precinct_name": "Bradley - 000515", "precinct_norm": "BRADLEY - 000515", "id": 164 }, "geometry": { "type": "Point", "coordinates": [ -84.90496100257495, 35.0563525 ] } },
{ "type": "Feature", "properties": { "county_nam": "Roane", "county_norm": "ROANE", "prec_id": "007464", "precinct_name": "Roane - 007464", "precinct_norm": "ROANE - 007464", "id": 165 }, "geometry": { "type": "Point", "coordinates": [ -84.579117339005251, 35.914273 ] } },
{ "type": "Feature", "properties": { "county_nam": "Roane", "county_norm": "ROANE", "prec_id": "007452", "precinct_name": "Roane - 007452", "precinct_norm": "ROANE - 007452", "id": 166 }, "geometry": { "type": "Point", "coordinates": [ -84.448257340565647, 35.8612555 ] } },
{ "type": "Feature", "properties": { "county_nam": "Roane", "county_norm": "ROANE", "prec_id": "007472", "precinct_name": "Roane - 007472", "precinct_norm": "ROANE - 007472", "id": 167 }, "geometry": { "type": "Point", "coordinates": [ -84.659155829908684, 35.894793 ] } },
{ "type": "Feature", "properties": { "county_nam": "Bradley", "county_norm": "BRADLEY", "prec_id": "000513", "precinct_name": "Bradley - 000513", "precinct_norm": "BRADLEY - 000513", "id": 168 }, "geometry": { "type": "Point", "coordinates": [ -84.862399373842152, 35.0963255 ] } },
{ "type": "Feature", "properties": { "county_nam": "Bedford", "county_norm": "BEDFORD", "prec_id": "000109", "precinct_name": "Bedford - 000109", "precinct_norm": "BEDFORD - 000109", "id": 169 }, "geometry": { "type": "Point", "coordinates": [ -86.433942728850383, 35.4970895 ] } },
{ "type": "Feature", "properties": { "county_nam": "Bedford", "county_norm": "BEDFORD", "prec_id": "000111", "precinct_name": "Bedford - 000111", "precinct_norm": "BEDFORD - 000111", "id": 170 }, "geometry": { "type": "Point", "coordinates": [ -86.48253901629468, 35.478605 ] } },
{ "type": "Feature", "properties": { "county_nam": "Bedford", "county_norm": "BEDFORD", "prec_id": "000110", "precinct_name": "Bedford - 000110", "precinct_norm": "BEDFORD - 000110", "id": 171 }, "geometry": { "type": "Point", "coordinates": [ -86.448722573013313, 35.5321905 ] } },
{ "type": "Feature", "properties": { "county_nam": "Scott", "county_norm": "SCOTT", "prec_id": "007757", "precinct_name": "Scott - 007757", "precinct_norm": "SCOTT - 007757", "id": 172 }, "geometry": { "type": "Point", "coordinates": [ -84.626117660956993, 36.5193935 ] } },
{ "type": "Feature", "properties": { "county_nam": "Shelby", "county_norm": "SHELBY", "prec_id": "008172", "precinct_name": "Shelby - 008172", "precinct_norm": "SHELBY - 008172", "id": 173 }, "geometry": { "type": "Point", "coordinates": [ -89.931917375854368, 35.183624 ] } },
{ "type": "Feature", "properties": { "county_nam": "Shelby", "county_norm": "SHELBY", "prec_id": "008113", "precinct_name": "Shelby - 008113", "precinct_norm": "SHELBY - 008113", "id": 174 }, "geometry": { "type": "Point", "coordinates": [ -90.019670763381995, 35.112888 ] } },
{ "type": "Feature", "properties": { "county_nam": "Shelby", "county_norm": "SHELBY", "prec_id": "008192", "precinct_name": "Shelby - 008192", "precinct_norm": "SHELBY - 008192", "id": 175 }, "geometry": { "type": "Point", "coordinates": [ -89.918934316648375, 35.0680765 ] } },
{ "type": "Feature", "properties": { "county_nam": "Dickson", "county_norm": "DICKSON", "prec_id": "002260", "precinct_name": "Dickson - 002260", "precinct_norm": "DICKSON - 002260", "id": 176 }, "geometry": { "type": "Point", "coordinates": [ -87.269264384061387, 36.2548475 ] } },
{ "type": "Feature", "properties": { "county_nam": "Dickson", "county_norm": "DICKSON", "prec_id": "002263", "precinct_name": "Dickson - 002263", "precinct_norm": "DICKSON - 002263", "id": 177 }, "geometry": { "type": "Point", "coordinates": [ -87.308645985821187, 36.1776395 ] } },
{ "type": "Feature", "properties": { "county_nam": "Dickson", "county_norm": "DICKSON", "prec_id": "002262", "precinct_name": "Dickson - 002262", "precinct_norm": "DICKSON - 002262", "id": 178 }, "geometry": { "type": "Point", "coordinates": [ -87.407054482275129, 36.1851775 ] } },
{ "type": "Feature", "properties": { "county_nam": "Gibson", "county_norm": "GIBSON", "prec_id": "002776", "precinct_name": "Gibson - 002776", "precinct_norm": "GIBSON - 002776", "id": 179 }, "geometry": { "type": "Point", "coordinates": [ -88.911804415679995, 36.132667 ] } },
{ "type": "Feature", "properties": { "county_nam": "Bradley", "county_norm": "BRADLEY", "prec_id": "000508", "precinct_name": "Bradley - 000508", "precinct_norm": "BRADLEY - 000508", "id": 180 }, "geometry": { "type": "Point", "coordinates": [ -84.753814989069895, 35.170006 ] } },
{ "type": "Feature", "properties": { "county_nam": "Roane", "county_norm": "ROANE", "prec_id": "007463", "precinct_name": "Roane - 007463", "precinct_norm": "ROANE - 007463", "id": 181 }, "geometry": { "type": "Point", "coordinates": [ -84.583124148625657, 35.874433 ] } },
{ "type": "Feature", "properties": { "county_nam": "Carroll", "county_norm": "CARROLL", "prec_id": "000804", "precinct_name": "Carroll - 000804", "precinct_norm": "CARROLL - 000804", "id": 182 }, "geometry": { "type": "Point", "coordinates": [ -88.557942750663713, 35.8714385 ] } },
{ "type": "Feature", "properties": { "county_nam": "Lawrence", "county_norm": "LAWRENCE", "prec_id": "005171", "precinct_name": "Lawrence - 005171", "precinct_norm": "LAWRENCE - 005171", "id": 183 }, "geometry": { "type": "Point", "coordinates": [ -87.537502687430219, 35.0559065 ] } },
{ "type": "Feature", "properties": { "county_nam": "Carroll", "county_norm": "CARROLL", "prec_id": "000801", "precinct_name": "Carroll - 000801", "precinct_norm": "CARROLL - 000801", "id": 184 }, "geometry": { "type": "Point", "coordinates": [ -88.626201709474145, 36.049882 ] } },
{ "type": "Feature", "properties": { "county_nam": "Obion", "county_norm": "OBION", "prec_id": "006759", "precinct_name": "Obion - 006759", "precinct_norm": "OBION - 006759", "id": 185 }, "geometry": { "type": "Point", "coordinates": [ -89.343713318277082, 36.2611985 ] } },
{ "type": "Feature", "properties": { "county_nam": "Obion", "county_norm": "OBION", "prec_id": "006753", "precinct_name": "Obion - 006753", "precinct_norm": "OBION - 006753", "id": 186 }, "geometry": { "type": "Point", "coordinates": [ -89.142265017264975, 36.469102 ] } },
{ "type": "Feature", "properties": { "county_nam": "Gibson", "county_norm": "GIBSON", "prec_id": "002760", "precinct_name": "Gibson - 002760", "precinct_norm": "GIBSON - 002760", "id": 187 }, "geometry": { "type": "Point", "coordinates": [ -88.959659468016781, 35.882508 ] } },
{ "type": "Feature", "properties": { "county_nam": "Stewart", "county_norm": "STEWART", "prec_id": "008405", "precinct_name": "Stewart - 008405", "precinct_norm": "STEWART - 008405", "id": 188 }, "geometry": { "type": "Point", "coordinates": [ -87.948763573463935, 36.408939 ] } },
{ "type": "Feature", "properties": { "county_nam": "Scott", "county_norm": "SCOTT", "prec_id": "007755", "precinct_name": "Scott - 007755", "precinct_norm": "SCOTT - 007755", "id": 189 }, "geometry": { "type": "Point", "coordinates": [ -84.411720958935035, 36.549031 ] } },
{ "type": "Feature", "properties": { "county_nam": "McNairy", "county_norm": "MCNAIRY", "prec_id": "006156", "precinct_name": "McNairy - 006156", "precinct_norm": "MCNAIRY - 006156", "id": 190 }, "geometry": { "type": "Point", "coordinates": [ -88.5339550275243, 35.1431305 ] } },
{ "type": "Feature", "properties": { "county_nam": "Henderson", "county_norm": "HENDERSON", "prec_id": "004008", "precinct_name": "Henderson - 004008", "precinct_norm": "HENDERSON - 004008", "id": 191 }, "geometry": { "type": "Point", "coordinates": [ -88.212799738525717, 35.66064 ] } },
{ "type": "Feature", "properties": { "county_nam": "Henderson", "county_norm": "HENDERSON", "prec_id": "004007", "precinct_name": "Henderson - 004007", "precinct_norm": "HENDERSON - 004007", "id": 192 }, "geometry": { "type": "Point", "coordinates": [ -88.312364295174632, 35.6149445 ] } },
{ "type": "Feature", "properties": { "county_nam": "Fentress", "county_norm": "FENTRESS", "prec_id": "002556", "precinct_name": "Fentress - 002556", "precinct_norm": "FENTRESS - 002556", "id": 193 }, "geometry": { "type": "Point", "coordinates": [ -85.052148784208214, 36.205675 ] } },
{ "type": "Feature", "properties": { "county_nam": "Shelby", "county_norm": "SHELBY", "prec_id": "008119", "precinct_name": "Shelby - 008119", "precinct_norm": "SHELBY - 008119", "id": 194 }, "geometry": { "type": "Point", "coordinates": [ -89.975717141432895, 35.143242 ] } },
{ "type": "Feature", "properties": { "county_nam": "Shelby", "county_norm": "SHELBY", "prec_id": "008241", "precinct_name": "Shelby - 008241", "precinct_norm": "SHELBY - 008241", "id": 195 }, "geometry": { "type": "Point", "coordinates": [ -89.792707838261535, 35.1476195 ] } },
{ "type": "Feature", "properties": { "county_nam": "Shelby", "county_norm": "SHELBY", "prec_id": "008081", "precinct_name": "Shelby - 008081", "precinct_norm": "SHELBY - 008081", "id": 196 }, "geometry": { "type": "Point", "coordinates": [ -89.659090772368756, 35.150025 ] } },
{ "type": "Feature", "properties": { "county_nam": "Shelby", "county_norm": "SHELBY", "prec_id": "008234", "precinct_name": "Shelby - 008234", "precinct_norm": "SHELBY - 008234", "id": 197 }, "geometry": { "type": "Point", "coordinates": [ -89.910034621652926, 35.1942745 ] } },
{ "type": "Feature", "properties": { "county_nam": "Shelby", "county_norm": "SHELBY", "prec_id": "008142", "precinct_name": "Shelby - 008142", "precinct_norm": "SHELBY - 008142", "id": 198 }, "geometry": { "type": "Point", "coordinates": [ -89.97935111024421, 35.0963285 ] } },
{ "type": "Feature", "properties": { "county_nam": "Shelby", "county_norm": "SHELBY", "prec_id": "008109", "precinct_name": "Shelby - 008109", "precinct_norm": "SHELBY - 008109", "id": 199 }, "geometry": { "type": "Point", "coordinates": [ -89.997899567820923, 35.1462435 ] } },
{ "type": "Feature", "properties": { "county_nam": "Shelby", "county_norm": "SHELBY", "prec_id": "008246", "precinct_name": "Shelby - 008246", "precinct_norm": "SHELBY - 008246", "id": 200 }, "geometry": { "type": "Point", "coordinates": [ -89.854896982449858, 35.055282 ] } },
{ "type": "Feature", "properties": { "county_nam": "Hardin", "county_norm": "HARDIN", "prec_id": "003704", "precinct_name": "Hardin - 003704", "precinct_norm": "HARDIN - 003704", "id": 201 }, "geometry": { "type": "Point", "coordinates": [ -88.205400064693634, 35.226876 ] } },
{ "type": "Feature", "properties": { "county_nam": "Hardin", "county_norm": "HARDIN", "prec_id": "003717", "precinct_name": "Hardin - 003717", "precinct_norm": "HARDIN - 003717", "id": 202 }, "geometry": { "type": "Point", "coordinates": [ -88.3076173958396, 35.3358575 ] } },
{ "type": "Feature", "properties": { "county_nam": "Perry", "county_norm": "PERRY", "prec_id": "006955", "precinct_name": "Perry - 006955", "precinct_norm": "PERRY - 006955", "id": 203 }, "geometry": { "type": "Point", "coordinates": [ -87.850953016584413, 35.6180855 ] } },
{ "type": "Feature", "properties": { "county_nam": "Perry", "county_norm": "PERRY", "prec_id": "006953", "precinct_name": "Perry - 006953", "precinct_norm": "PERRY - 006953", "id": 204 }, "geometry": { "type": "Point", "coordinates": [ -87.759650449066939, 35.5823675 ] } },
{ "type": "Feature", "properties": { "county_nam": "Stewart", "county_norm": "STEWART", "prec_id": "008402", "precinct_name": "Stewart - 008402", "precinct_norm": "STEWART - 008402", "id": 205 }, "geometry": { "type": "Point", "coordinates": [ -87.961746512581954, 36.5611545 ] } },
{ "type": "Feature", "properties": { "county_nam": "Roane", "county_norm": "ROANE", "prec_id": "007462", "precinct_name": "Roane - 007462", "precinct_norm": "ROANE - 007462", "id": 206 }, "geometry": { "type": "Point", "coordinates": [ -84.561374138889391, 35.8628155 ] } },
{ "type": "Feature", "properties": { "county_nam": "Roane", "county_norm": "ROANE", "prec_id": "007453", "precinct_name": "Roane - 007453", "precinct_norm": "ROANE - 007453", "id": 207 }, "geometry": { "type": "Point", "coordinates": [ -84.380145645087595, 35.866927 ] } },
{ "type": "Feature", "properties": { "county_nam": "Carroll", "county_norm": "CARROLL", "prec_id": "000808", "precinct_name": "Carroll - 000808", "precinct_norm": "CARROLL - 000808", "id": 208 }, "geometry": { "type": "Point", "coordinates": [ -88.542167578118296, 36.0953965 ] } },
{ "type": "Feature", "properties": { "county_nam": "Maury", "county_norm": "MAURY", "prec_id": "005958", "precinct_name": "Maury - 005958", "precinct_norm": "MAURY - 005958", "id": 209 }, "geometry": { "type": "Point", "coordinates": [ -87.043308046176676, 35.647987 ] } },
{ "type": "Feature", "properties": { "county_nam": "Montgomery", "county_norm": "MONTGOMERY", "prec_id": "006464", "precinct_name": "Montgomery - 006464", "precinct_norm": "MONTGOMERY - 006464", "id": 210 }, "geometry": { "type": "Point", "coordinates": [ -87.273503265999494, 36.5443055 ] } },
{ "type": "Feature", "properties": { "county_nam": "Montgomery", "county_norm": "MONTGOMERY", "prec_id": "006462", "precinct_name": "Montgomery - 006462", "precinct_norm": "MONTGOMERY - 006462", "id": 211 }, "geometry": { "type": "Point", "coordinates": [ -87.300321471941643, 36.525979 ] } },
{ "type": "Feature", "properties": { "county_nam": "Montgomery", "county_norm": "MONTGOMERY", "prec_id": "006471", "precinct_name": "Montgomery - 006471", "precinct_norm": "MONTGOMERY - 006471", "id": 212 }, "geometry": { "type": "Point", "coordinates": [ -87.201760897622862, 36.5948195 ] } },
{ "type": "Feature", "properties": { "county_nam": "Montgomery", "county_norm": "MONTGOMERY", "prec_id": "006461", "precinct_name": "Montgomery - 006461", "precinct_norm": "MONTGOMERY - 006461", "id": 213 }, "geometry": { "type": "Point", "coordinates": [ -87.327278424980278, 36.4071445 ] } },
{ "type": "Feature", "properties": { "county_nam": "Gibson", "county_norm": "GIBSON", "prec_id": "002763", "precinct_name": "Gibson - 002763", "precinct_norm": "GIBSON - 002763", "id": 214 }, "geometry": { "type": "Point", "coordinates": [ -88.941087168175059, 35.957457 ] } },
{ "type": "Feature", "properties": { "county_nam": "Gibson", "county_norm": "GIBSON", "prec_id": "002778", "precinct_name": "Gibson - 002778", "precinct_norm": "GIBSON - 002778", "id": 215 }, "geometry": { "type": "Point", "coordinates": [ -89.013617123783348, 36.0394095 ] } },
{ "type": "Feature", "properties": { "county_nam": "Fentress", "county_norm": "FENTRESS", "prec_id": "002555", "precinct_name": "Fentress - 002555", "precinct_norm": "FENTRESS - 002555", "id": 216 }, "geometry": { "type": "Point", "coordinates": [ -84.786323490934791, 36.4723565 ] } },
{ "type": "Feature", "properties": { "county_nam": "Lawrence", "county_norm": "LAWRENCE", "prec_id": "005153", "precinct_name": "Lawrence - 005153", "precinct_norm": "LAWRENCE - 005153", "id": 217 }, "geometry": { "type": "Point", "coordinates": [ -87.282530856222138, 35.054807 ] } },
{ "type": "Feature", "properties": { "county_nam": "Marshall", "county_norm": "MARSHALL", "prec_id": "005857", "precinct_name": "Marshall - 005857", "precinct_norm": "MARSHALL - 005857", "id": 218 }, "geometry": { "type": "Point", "coordinates": [ -86.774838551087981, 35.5100985 ] } },
{ "type": "Feature", "properties": { "county_nam": "Montgomery", "county_norm": "MONTGOMERY", "prec_id": "006451", "precinct_name": "Montgomery - 006451", "precinct_norm": "MONTGOMERY - 006451", "id": 219 }, "geometry": { "type": "Point", "coordinates": [ -87.45585426535763, 36.6283965 ] } },
{ "type": "Feature", "properties": { "county_nam": "Montgomery", "county_norm": "MONTGOMERY", "prec_id": "006458", "precinct_name": "Montgomery - 006458", "precinct_norm": "MONTGOMERY - 006458", "id": 220 }, "geometry": { "type": "Point", "coordinates": [ -87.364381411208143, 36.553799 ] } },
{ "type": "Feature", "properties": { "county_nam": "Clay", "county_norm": "CLAY", "prec_id": "001306", "precinct_name": "Clay - 001306", "precinct_norm": "CLAY - 001306", "id": 221 }, "geometry": { "type": "Point", "coordinates": [ -85.53415210677268, 36.483123 ] } },
{ "type": "Feature", "properties": { "county_nam": "Gibson", "county_norm": "GIBSON", "prec_id": "002759", "precinct_name": "Gibson - 002759", "precinct_norm": "GIBSON - 002759", "id": 222 }, "geometry": { "type": "Point", "coordinates": [ -88.888110804000661, 35.9155875 ] } },
{ "type": "Feature", "properties": { "county_nam": "Gibson", "county_norm": "GIBSON", "prec_id": "002756", "precinct_name": "Gibson - 002756", "precinct_norm": "GIBSON - 002756", "id": 223 }, "geometry": { "type": "Point", "coordinates": [ -88.92492485244702, 35.8122055 ] } },
{ "type": "Feature", "properties": { "county_nam": "Obion", "county_norm": "OBION", "prec_id": "006756", "precinct_name": "Obion - 006756", "precinct_norm": "OBION - 006756", "id": 224 }, "geometry": { "type": "Point", "coordinates": [ -89.027514760938658, 36.463618 ] } },
{ "type": "Feature", "properties": { "county_nam": "Obion", "county_norm": "OBION", "prec_id": "006751", "precinct_name": "Obion - 006751", "precinct_norm": "OBION - 006751", "id": 225 }, "geometry": { "type": "Point", "coordinates": [ -88.888447668316829, 36.447542 ] } },
{ "type": "Feature", "properties": { "county_nam": "Roane", "county_norm": "ROANE", "prec_id": "007454", "precinct_name": "Roane - 007454", "precinct_norm": "ROANE - 007454", "id": 226 }, "geometry": { "type": "Point", "coordinates": [ -84.585837013797146, 35.7444205 ] } },
{ "type": "Feature", "properties": { "county_nam": "Bradley", "county_norm": "BRADLEY", "prec_id": "000506", "precinct_name": "Bradley - 000506", "precinct_norm": "BRADLEY - 000506", "id": 227 }, "geometry": { "type": "Point", "coordinates": [ -84.8336208297371, 35.1752365 ] } },
{ "type": "Feature", "properties": { "county_nam": "Wayne", "county_norm": "WAYNE", "prec_id": "009408", "precinct_name": "Wayne - 009408", "precinct_norm": "WAYNE - 009408", "id": 228 }, "geometry": { "type": "Point", "coordinates": [ -87.906436996509385, 35.338834 ] } },
{ "type": "Feature", "properties": { "county_nam": "Wayne", "county_norm": "WAYNE", "prec_id": "009405", "precinct_name": "Wayne - 009405", "precinct_norm": "WAYNE - 009405", "id": 229 }, "geometry": { "type": "Point", "coordinates": [ -87.904878891869117, 35.1265055 ] } },
{ "type": "Feature", "properties": { "county_nam": "Wayne", "county_norm": "WAYNE", "prec_id": "009406", "precinct_name": "Wayne - 009406", "precinct_norm": "WAYNE - 009406", "id": 230 }, "geometry": { "type": "Point", "coordinates": [ -87.634462030059268, 35.098545 ] } },
{ "type": "Feature", "properties": { "county_nam": "Montgomery", "county_norm": "MONTGOMERY", "prec_id": "006457", "precinct_name": "Montgomery - 006457", "precinct_norm": "MONTGOMERY - 006457", "id": 231 }, "geometry": { "type": "Point", "coordinates": [ -87.390245821828728, 36.5893395 ] } },
{ "type": "Feature", "properties": { "county_nam": "Montgomery", "county_norm": "MONTGOMERY", "prec_id": "006476", "precinct_name": "Montgomery - 006476", "precinct_norm": "MONTGOMERY - 006476", "id": 232 }, "geometry": { "type": "Point", "coordinates": [ -87.355779855753326, 36.527136 ] } },
{ "type": "Feature", "properties": { "county_nam": "Montgomery", "county_norm": "MONTGOMERY", "prec_id": "006456", "precinct_name": "Montgomery - 006456", "precinct_norm": "MONTGOMERY - 006456", "id": 233 }, "geometry": { "type": "Point", "coordinates": [ -87.417601919347263, 36.5661955 ] } },
{ "type": "Feature", "properties": { "county_nam": "Cumberland", "county_norm": "CUMBERLAND", "prec_id": "001722", "precinct_name": "Cumberland - 001722", "precinct_norm": "CUMBERLAND - 001722", "id": 234 }, "geometry": { "type": "Point", "coordinates": [ -85.065679138124807, 35.8659905 ] } },
{ "type": "Feature", "properties": { "county_nam": "Cumberland", "county_norm": "CUMBERLAND", "prec_id": "001709", "precinct_name": "Cumberland - 001709", "precinct_norm": "CUMBERLAND - 001709", "id": 235 }, "geometry": { "type": "Point", "coordinates": [ -84.870333627925675, 35.9810545 ] } },
{ "type": "Feature", "properties": { "county_nam": "Cumberland", "county_norm": "CUMBERLAND", "prec_id": "001717", "precinct_name": "Cumberland - 001717", "precinct_norm": "CUMBERLAND - 001717", "id": 236 }, "geometry": { "type": "Point", "coordinates": [ -84.757212113289057, 35.9007135 ] } },
{ "type": "Feature", "properties": { "county_nam": "Cumberland", "county_norm": "CUMBERLAND", "prec_id": "001705", "precinct_name": "Cumberland - 001705", "precinct_norm": "CUMBERLAND - 001705", "id": 237 }, "geometry": { "type": "Point", "coordinates": [ -85.065644573400817, 35.9465715 ] } },
{ "type": "Feature", "properties": { "county_nam": "Wayne", "county_norm": "WAYNE", "prec_id": "009411", "precinct_name": "Wayne - 009411", "precinct_norm": "WAYNE - 009411", "id": 238 }, "geometry": { "type": "Point", "coordinates": [ -87.773586576009933, 35.2093995 ] } },
{ "type": "Feature", "properties": { "county_nam": "Wayne", "county_norm": "WAYNE", "prec_id": "009409", "precinct_name": "Wayne - 009409", "precinct_norm": "WAYNE - 009409", "id": 239 }, "geometry": { "type": "Point", "coordinates": [ -87.757624063693157, 35.40761 ] } },
{ "type": "Feature", "properties": { "county_nam": "Montgomery", "county_norm": "MONTGOMERY", "prec_id": "006468", "precinct_name": "Montgomery - 006468", "precinct_norm": "MONTGOMERY - 006468", "id": 240 }, "geometry": { "type": "Point", "coordinates": [ -87.211296642154636, 36.5073275 ] } },
{ "type": "Feature", "properties": { "county_nam": "Montgomery", "county_norm": "MONTGOMERY", "prec_id": "006452", "precinct_name": "Montgomery - 006452", "precinct_norm": "MONTGOMERY - 006452", "id": 241 }, "geometry": { "type": "Point", "coordinates": [ -87.40389239364589, 36.61211 ] } },
{ "type": "Feature", "properties": { "county_nam": "Montgomery", "county_norm": "MONTGOMERY", "prec_id": "006467", "precinct_name": "Montgomery - 006467", "precinct_norm": "MONTGOMERY - 006467", "id": 242 }, "geometry": { "type": "Point", "coordinates": [ -87.292362192045488, 36.586285 ] } },
{ "type": "Feature", "properties": { "county_nam": "Wayne", "county_norm": "WAYNE", "prec_id": "009412", "precinct_name": "Wayne - 009412", "precinct_norm": "WAYNE - 009412", "id": 243 }, "geometry": { "type": "Point", "coordinates": [ -87.715070960888454, 35.075142 ] } },
{ "type": "Feature", "properties": { "county_nam": "Carroll", "county_norm": "CARROLL", "prec_id": "000805", "precinct_name": "Carroll - 000805", "precinct_norm": "CARROLL - 000805", "id": 244 }, "geometry": { "type": "Point", "coordinates": [ -88.38541491924687, 36.0160335 ] } },
{ "type": "Feature", "properties": { "county_nam": "Carroll", "county_norm": "CARROLL", "prec_id": "000818", "precinct_name": "Carroll - 000818", "precinct_norm": "CARROLL - 000818", "id": 245 }, "geometry": { "type": "Point", "coordinates": [ -88.521404558257899, 36.143462 ] } },
{ "type": "Feature", "properties": { "county_nam": "Lawrence", "county_norm": "LAWRENCE", "prec_id": "005166", "precinct_name": "Lawrence - 005166", "precinct_norm": "LAWRENCE - 005166", "id": 246 }, "geometry": { "type": "Point", "coordinates": [ -87.339091746600516, 35.247525 ] } },
{ "type": "Feature", "properties": { "county_nam": "Wilson", "county_norm": "WILSON", "prec_id": "009830", "precinct_name": "Wilson - 009830", "precinct_norm": "WILSON - 009830", "id": 247 }, "geometry": { "type": "Point", "coordinates": [ -86.383876608536923, 36.2124305 ] } },
{ "type": "Feature", "properties": { "county_nam": "Wilson", "county_norm": "WILSON", "prec_id": "009827", "precinct_name": "Wilson - 009827", "precinct_norm": "WILSON - 009827", "id": 248 }, "geometry": { "type": "Point", "coordinates": [ -86.289418435398801, 36.183595 ] } },
{ "type": "Feature", "properties": { "county_nam": "Wilson", "county_norm": "WILSON", "prec_id": "009802", "precinct_name": "Wilson - 009802", "precinct_norm": "WILSON - 009802", "id": 249 }, "geometry": { "type": "Point", "coordinates": [ -86.564423469914004, 36.195481 ] } },
{ "type": "Feature", "properties": { "county_nam": "Wilson", "county_norm": "WILSON", "prec_id": "009817", "precinct_name": "Wilson - 009817", "precinct_norm": "WILSON - 009817", "id": 250 }, "geometry": { "type": "Point", "coordinates": [ -86.31613366134664, 36.060837 ] } },
{ "type": "Feature", "properties": { "county_nam": "Warren", "county_norm": "WARREN", "prec_id": "009211", "precinct_name": "Warren - 009211", "precinct_norm": "WARREN - 009211", "id": 251 }, "geometry": { "type": "Point", "coordinates": [ -85.682353784195158, 35.603268 ] } },
{ "type": "Feature", "properties": { "county_nam": "Warren", "county_norm": "WARREN", "prec_id": "009217", "precinct_name": "Warren - 009217", "precinct_norm": "WARREN - 009217", "id": 252 }, "geometry": { "type": "Point", "coordinates": [ -85.921519959802993, 35.704519 ] } },
{ "type": "Feature", "properties": { "county_nam": "Lawrence", "county_norm": "LAWRENCE", "prec_id": "005154", "precinct_name": "Lawrence - 005154", "precinct_norm": "LAWRENCE - 005154", "id": 253 }, "geometry": { "type": "Point", "coordinates": [ -87.443633273508908, 35.097525 ] } },
{ "type": "Feature", "properties": { "county_nam": "Lawrence", "county_norm": "LAWRENCE", "prec_id": "005152", "precinct_name": "Lawrence - 005152", "precinct_norm": "LAWRENCE - 005152", "id": 254 }, "geometry": { "type": "Point", "coordinates": [ -87.260625056154524, 35.154112 ] } },
{ "type": "Feature", "properties": { "county_nam": "Bradley", "county_norm": "BRADLEY", "prec_id": "000514", "precinct_name": "Bradley - 000514", "precinct_norm": "BRADLEY - 000514", "id": 255 }, "geometry": { "type": "Point", "coordinates": [ -84.883378272909511, 35.130743 ] } },
{ "type": "Feature", "properties": { "county_nam": "Bradley", "county_norm": "BRADLEY", "prec_id": "000516", "precinct_name": "Bradley - 000516", "precinct_norm": "BRADLEY - 000516", "id": 256 }, "geometry": { "type": "Point", "coordinates": [ -84.965116580156391, 35.212924 ] } },
{ "type": "Feature", "properties": { "county_nam": "Bradley", "county_norm": "BRADLEY", "prec_id": "000505", "precinct_name": "Bradley - 000505", "precinct_norm": "BRADLEY - 000505", "id": 257 }, "geometry": { "type": "Point", "coordinates": [ -84.800344720292998, 35.271902 ] } },
{ "type": "Feature", "properties": { "county_nam": "Bradley", "county_norm": "BRADLEY", "prec_id": "000512", "precinct_name": "Bradley - 000512", "precinct_norm": "BRADLEY - 000512", "id": 258 }, "geometry": { "type": "Point", "coordinates": [ -84.774005141741412, 35.1003965 ] } },
{ "type": "Feature", "properties": { "county_nam": "Shelby", "county_norm": "SHELBY", "prec_id": "008226", "precinct_name": "Shelby - 008226", "precinct_norm": "SHELBY - 008226", "id": 259 }, "geometry": { "type": "Point", "coordinates": [ -89.941046964447267, 35.194903 ] } },
{ "type": "Feature", "properties": { "county_nam": "Shelby", "county_norm": "SHELBY", "prec_id": "008061", "precinct_name": "Shelby - 008061", "precinct_norm": "SHELBY - 008061", "id": 260 }, "geometry": { "type": "Point", "coordinates": [ -89.909025482312273, 35.253085 ] } },
{ "type": "Feature", "properties": { "county_nam": "Shelby", "county_norm": "SHELBY", "prec_id": "008093", "precinct_name": "Shelby - 008093", "precinct_norm": "SHELBY - 008093", "id": 261 }, "geometry": { "type": "Point", "coordinates": [ -89.777343834390507, 35.070631 ] } },
{ "type": "Feature", "properties": { "county_nam": "Shelby", "county_norm": "SHELBY", "prec_id": "008082", "precinct_name": "Shelby - 008082", "precinct_norm": "SHELBY - 008082", "id": 262 }, "geometry": { "type": "Point", "coordinates": [ -89.764633631796684, 35.0438085 ] } },
{ "type": "Feature", "properties": { "county_nam": "Shelby", "county_norm": "SHELBY", "prec_id": "008210", "precinct_name": "Shelby - 008210", "precinct_norm": "SHELBY - 008210", "id": 263 }, "geometry": { "type": "Point", "coordinates": [ -90.007426143694033, 35.0488315 ] } },
{ "type": "Feature", "properties": { "county_nam": "Shelby", "county_norm": "SHELBY", "prec_id": "008090", "precinct_name": "Shelby - 008090", "precinct_norm": "SHELBY - 008090", "id": 264 }, "geometry": { "type": "Point", "coordinates": [ -89.795004578326171, 35.065069 ] } },
{ "type": "Feature", "properties": { "county_nam": "Bradley", "county_norm": "BRADLEY", "prec_id": "000510", "precinct_name": "Bradley - 000510", "precinct_norm": "BRADLEY - 000510", "id": 265 }, "geometry": { "type": "Point", "coordinates": [ -84.877702303502844, 35.147581 ] } },
{ "type": "Feature", "properties": { "county_nam": "Roane", "county_norm": "ROANE", "prec_id": "007465", "precinct_name": "Roane - 007465", "precinct_norm": "ROANE - 007465", "id": 266 }, "geometry": { "type": "Point", "coordinates": [ -84.543048730456036, 35.955368 ] } },
{ "type": "Feature", "properties": { "county_nam": "Fentress", "county_norm": "FENTRESS", "prec_id": "002561", "precinct_name": "Fentress - 002561", "precinct_norm": "FENTRESS - 002561", "id": 267 }, "geometry": { "type": "Point", "coordinates": [ -84.914826548211863, 36.359344 ] } },
{ "type": "Feature", "properties": { "county_nam": "McMinn", "county_norm": "MCMINN", "prec_id": "006053", "precinct_name": "McMinn - 006053", "precinct_norm": "MCMINN - 006053", "id": 268 }, "geometry": { "type": "Point", "coordinates": [ -84.552210573668248, 35.5516835 ] } },
{ "type": "Feature", "properties": { "county_nam": "Weakley", "county_norm": "WEAKLEY", "prec_id": "009503", "precinct_name": "Weakley - 009503", "precinct_norm": "WEAKLEY - 009503", "id": 269 }, "geometry": { "type": "Point", "coordinates": [ -88.684513230525198, 36.403468 ] } },
{ "type": "Feature", "properties": { "county_nam": "Weakley", "county_norm": "WEAKLEY", "prec_id": "009507", "precinct_name": "Weakley - 009507", "precinct_norm": "WEAKLEY - 009507", "id": 270 }, "geometry": { "type": "Point", "coordinates": [ -88.761428438502008, 36.13767 ] } },
{ "type": "Feature", "properties": { "county_nam": "Weakley", "county_norm": "WEAKLEY", "prec_id": "009501", "precinct_name": "Weakley - 009501", "precinct_norm": "WEAKLEY - 009501", "id": 271 }, "geometry": { "type": "Point", "coordinates": [ -88.575771361044048, 36.3634665 ] } },
{ "type": "Feature", "properties": { "county_nam": "Weakley", "county_norm": "WEAKLEY", "prec_id": "009504", "precinct_name": "Weakley - 009504", "precinct_norm": "WEAKLEY - 009504", "id": 272 }, "geometry": { "type": "Point", "coordinates": [ -88.705985657853759, 36.2841905 ] } },
{ "type": "Feature", "properties": { "county_nam": "Weakley", "county_norm": "WEAKLEY", "prec_id": "009509", "precinct_name": "Weakley - 009509", "precinct_norm": "WEAKLEY - 009509", "id": 273 }, "geometry": { "type": "Point", "coordinates": [ -88.921899808731538, 36.3416005 ] } },
{ "type": "Feature", "properties": { "county_nam": "Weakley", "county_norm": "WEAKLEY", "prec_id": "009506", "precinct_name": "Weakley - 009506", "precinct_norm": "WEAKLEY - 009506", "id": 274 }, "geometry": { "type": "Point", "coordinates": [ -88.840286441096737, 36.243644 ] } },
{ "type": "Feature", "properties": { "county_nam": "Franklin", "county_norm": "FRANKLIN", "prec_id": "002655", "precinct_name": "Franklin - 002655", "precinct_norm": "FRANKLIN - 002655", "id": 275 }, "geometry": { "type": "Point", "coordinates": [ -86.252546006349689, 35.110223 ] } },
{ "type": "Feature", "properties": { "county_nam": "Franklin", "county_norm": "FRANKLIN", "prec_id": "002656", "precinct_name": "Franklin - 002656", "precinct_norm": "FRANKLIN - 002656", "id": 276 }, "geometry": { "type": "Point", "coordinates": [ -86.167824386676614, 35.1126245 ] } },
{ "type": "Feature", "properties": { "county_nam": "Morgan", "county_norm": "MORGAN", "prec_id": "006654", "precinct_name": "Morgan - 006654", "precinct_norm": "MORGAN - 006654", "id": 277 }, "geometry": { "type": "Point", "coordinates": [ -84.571887256172829, 36.106435 ] } },
{ "type": "Feature", "properties": { "county_nam": "Morgan", "county_norm": "MORGAN", "prec_id": "006651", "precinct_name": "Morgan - 006651", "precinct_norm": "MORGAN - 006651", "id": 278 }, "geometry": { "type": "Point", "coordinates": [ -84.446670516440534, 36.039432 ] } },
{ "type": "Feature", "properties": { "county_nam": "Wilson", "county_norm": "WILSON", "prec_id": "009816", "precinct_name": "Wilson - 009816", "precinct_norm": "WILSON - 009816", "id": 279 }, "geometry": { "type": "Point", "coordinates": [ -86.24073054031355, 36.048892 ] } },
{ "type": "Feature", "properties": { "county_nam": "Wilson", "county_norm": "WILSON", "prec_id": "009832", "precinct_name": "Wilson - 009832", "precinct_norm": "WILSON - 009832", "id": 280 }, "geometry": { "type": "Point", "coordinates": [ -86.476139295275601, 36.204893 ] } },
{ "type": "Feature", "properties": { "county_nam": "Wilson", "county_norm": "WILSON", "prec_id": "009833", "precinct_name": "Wilson - 009833", "precinct_norm": "WILSON - 009833", "id": 281 }, "geometry": { "type": "Point", "coordinates": [ -86.439429140286123, 36.2045215 ] } },
{ "type": "Feature", "properties": { "county_nam": "Wilson", "county_norm": "WILSON", "prec_id": "009829", "precinct_name": "Wilson - 009829", "precinct_norm": "WILSON - 009829", "id": 282 }, "geometry": { "type": "Point", "coordinates": [ -86.521414135563987, 36.2461525 ] } },
{ "type": "Feature", "properties": { "county_nam": "Wilson", "county_norm": "WILSON", "prec_id": "009809", "precinct_name": "Wilson - 009809", "precinct_norm": "WILSON - 009809", "id": 283 }, "geometry": { "type": "Point", "coordinates": [ -86.327956469637968, 36.1691495 ] } },
{ "type": "Feature", "properties": { "county_nam": "Wilson", "county_norm": "WILSON", "prec_id": "009822", "precinct_name": "Wilson - 009822", "precinct_norm": "WILSON - 009822", "id": 284 }, "geometry": { "type": "Point", "coordinates": [ -86.534728949570123, 36.1539115 ] } },
{ "type": "Feature", "properties": { "county_nam": "Weakley", "county_norm": "WEAKLEY", "prec_id": "009502", "precinct_name": "Weakley - 009502", "precinct_norm": "WEAKLEY - 009502", "id": 285 }, "geometry": { "type": "Point", "coordinates": [ -88.602940836348225, 36.1850405 ] } },
{ "type": "Feature", "properties": { "county_nam": "Weakley", "county_norm": "WEAKLEY", "prec_id": "009510", "precinct_name": "Weakley - 009510", "precinct_norm": "WEAKLEY - 009510", "id": 286 }, "geometry": { "type": "Point", "coordinates": [ -88.869858653220319, 36.3375425 ] } },
{ "type": "Feature", "properties": { "county_nam": "Lawrence", "county_norm": "LAWRENCE", "prec_id": "005168", "precinct_name": "Lawrence - 005168", "precinct_norm": "LAWRENCE - 005168", "id": 287 }, "geometry": { "type": "Point", "coordinates": [ -87.322152232380191, 35.24013 ] } },
{ "type": "Feature", "properties": { "county_nam": "Rhea", "county_norm": "RHEA", "prec_id": "007358", "precinct_name": "Rhea - 007358", "precinct_norm": "RHEA - 007358", "id": 288 }, "geometry": { "type": "Point", "coordinates": [ -85.050535432676497, 35.477065 ] } },
{ "type": "Feature", "properties": { "county_nam": "Roane", "county_norm": "ROANE", "prec_id": "007461", "precinct_name": "Roane - 007461", "precinct_norm": "ROANE - 007461", "id": 289 }, "geometry": { "type": "Point", "coordinates": [ -84.493607925192308, 35.961085 ] } },
{ "type": "Feature", "properties": { "county_nam": "Roane", "county_norm": "ROANE", "prec_id": "007474", "precinct_name": "Roane - 007474", "precinct_norm": "ROANE - 007474", "id": 290 }, "geometry": { "type": "Point", "coordinates": [ -84.568892216334547, 35.6850355 ] } },
{ "type": "Feature", "properties": { "county_nam": "Wilson", "county_norm": "WILSON", "prec_id": "009814", "precinct_name": "Wilson - 009814", "precinct_norm": "WILSON - 009814", "id": 291 }, "geometry": { "type": "Point", "coordinates": [ -86.524523291053754, 36.208197 ] } },
{ "type": "Feature", "properties": { "county_nam": "Wilson", "county_norm": "WILSON", "prec_id": "009819", "precinct_name": "Wilson - 009819", "precinct_norm": "WILSON - 009819", "id": 292 }, "geometry": { "type": "Point", "coordinates": [ -86.414739298710856, 36.1366015 ] } },
{ "type": "Feature", "properties": { "county_nam": "Wilson", "county_norm": "WILSON", "prec_id": "009820", "precinct_name": "Wilson - 009820", "precinct_norm": "WILSON - 009820", "id": 293 }, "geometry": { "type": "Point", "coordinates": [ -86.152736194272876, 36.227419 ] } },
{ "type": "Feature", "properties": { "county_nam": "Wilson", "county_norm": "WILSON", "prec_id": "009823", "precinct_name": "Wilson - 009823", "precinct_norm": "WILSON - 009823", "id": 294 }, "geometry": { "type": "Point", "coordinates": [ -86.351132098958331, 36.235799 ] } },
{ "type": "Feature", "properties": { "county_nam": "Wilson", "county_norm": "WILSON", "prec_id": "009811", "precinct_name": "Wilson - 009811", "precinct_norm": "WILSON - 009811", "id": 295 }, "geometry": { "type": "Point", "coordinates": [ -86.12667970766816, 36.1037845 ] } },
{ "type": "Feature", "properties": { "county_nam": "Wilson", "county_norm": "WILSON", "prec_id": "009826", "precinct_name": "Wilson - 009826", "precinct_norm": "WILSON - 009826", "id": 296 }, "geometry": { "type": "Point", "coordinates": [ -86.278108913752618, 36.2065315 ] } },
{ "type": "Feature", "properties": { "county_nam": "Trousdale", "county_norm": "TROUSDALE", "prec_id": "008809", "precinct_name": "Trousdale - 008809", "precinct_norm": "TROUSDALE - 008809", "id": 297 }, "geometry": { "type": "Point", "coordinates": [ -86.159765189934205, 36.39395 ] } },
{ "type": "Feature", "properties": { "county_nam": "Morgan", "county_norm": "MORGAN", "prec_id": "006652", "precinct_name": "Morgan - 006652", "precinct_norm": "MORGAN - 006652", "id": 298 }, "geometry": { "type": "Point", "coordinates": [ -84.645672606218312, 35.990488 ] } },
{ "type": "Feature", "properties": { "county_nam": "Jefferson", "county_norm": "JEFFERSON", "prec_id": "004605", "precinct_name": "Jefferson - 004605", "precinct_norm": "JEFFERSON - 004605", "id": 299 }, "geometry": { "type": "Point", "coordinates": [ -83.47370987944808, 36.144693 ] } },
{ "type": "Feature", "properties": { "county_nam": "Jefferson", "county_norm": "JEFFERSON", "prec_id": "004602", "precinct_name": "Jefferson - 004602", "precinct_norm": "JEFFERSON - 004602", "id": 300 }, "geometry": { "type": "Point", "coordinates": [ -83.529505512732769, 36.137034 ] } },
{ "type": "Feature", "properties": { "county_nam": "Roane", "county_norm": "ROANE", "prec_id": "007456", "precinct_name": "Roane - 007456", "precinct_norm": "ROANE - 007456", "id": 301 }, "geometry": { "type": "Point", "coordinates": [ -84.49108976150012, 35.8657375 ] } },
{ "type": "Feature", "properties": { "county_nam": "Jefferson", "county_norm": "JEFFERSON", "prec_id": "004609", "precinct_name": "Jefferson - 004609", "precinct_norm": "JEFFERSON - 004609", "id": 302 }, "geometry": { "type": "Point", "coordinates": [ -83.408626297301751, 35.9563905 ] } },
{ "type": "Feature", "properties": { "county_nam": "Jefferson", "county_norm": "JEFFERSON", "prec_id": "004611", "precinct_name": "Jefferson - 004611", "precinct_norm": "JEFFERSON - 004611", "id": 303 }, "geometry": { "type": "Point", "coordinates": [ -83.331010999580712, 35.9954175 ] } },
{ "type": "Feature", "properties": { "county_nam": "Lawrence", "county_norm": "LAWRENCE", "prec_id": "005162", "precinct_name": "Lawrence - 005162", "precinct_norm": "LAWRENCE - 005162", "id": 304 }, "geometry": { "type": "Point", "coordinates": [ -87.384766175944335, 35.3903935 ] } },
{ "type": "Feature", "properties": { "county_nam": "Lawrence", "county_norm": "LAWRENCE", "prec_id": "005161", "precinct_name": "Lawrence - 005161", "precinct_norm": "LAWRENCE - 005161", "id": 305 }, "geometry": { "type": "Point", "coordinates": [ -87.343010940660719, 35.427733 ] } },
{ "type": "Feature", "properties": { "county_nam": "Pickett", "county_norm": "PICKETT", "prec_id": "007057", "precinct_name": "Pickett - 007057", "precinct_norm": "PICKETT - 007057", "id": 306 }, "geometry": { "type": "Point", "coordinates": [ -85.120590114558794, 36.4259185 ] } },
{ "type": "Feature", "properties": { "county_nam": "Benton", "county_norm": "BENTON", "prec_id": "000203", "precinct_name": "Benton - 000203", "precinct_norm": "BENTON - 000203", "id": 307 }, "geometry": { "type": "Point", "coordinates": [ -88.080390015737876, 36.010428 ] } },
{ "type": "Feature", "properties": { "county_nam": "Anderson", "county_norm": "ANDERSON", "prec_id": "000001", "precinct_name": "Anderson - 000001", "precinct_norm": "ANDERSON - 000001", "id": 308 }, "geometry": { "type": "Point", "coordinates": [ -84.008956989927512, 36.2334505 ] } },
{ "type": "Feature", "properties": { "county_nam": "Anderson", "county_norm": "ANDERSON", "prec_id": "000027", "precinct_name": "Anderson - 000027", "precinct_norm": "ANDERSON - 000027", "id": 309 }, "geometry": { "type": "Point", "coordinates": [ -84.245515098777716, 36.014725 ] } },
{ "type": "Feature", "properties": { "county_nam": "Anderson", "county_norm": "ANDERSON", "prec_id": "000007", "precinct_name": "Anderson - 000007", "precinct_norm": "ANDERSON - 000007", "id": 310 }, "geometry": { "type": "Point", "coordinates": [ -84.170517429006807, 36.133314 ] } },
{ "type": "Feature", "properties": { "county_nam": "Anderson", "county_norm": "ANDERSON", "prec_id": "000019", "precinct_name": "Anderson - 000019", "precinct_norm": "ANDERSON - 000019", "id": 311 }, "geometry": { "type": "Point", "coordinates": [ -84.112337221135022, 36.119967 ] } },
{ "type": "Feature", "properties": { "county_nam": "Anderson", "county_norm": "ANDERSON", "prec_id": "000011", "precinct_name": "Anderson - 000011", "precinct_norm": "ANDERSON - 000011", "id": 312 }, "geometry": { "type": "Point", "coordinates": [ -84.083077095883539, 36.1657895 ] } },
{ "type": "Feature", "properties": { "county_nam": "Cumberland", "county_norm": "CUMBERLAND", "prec_id": "001711", "precinct_name": "Cumberland - 001711", "precinct_norm": "CUMBERLAND - 001711", "id": 313 }, "geometry": { "type": "Point", "coordinates": [ -84.978923819052397, 35.9057355 ] } },
{ "type": "Feature", "properties": { "county_nam": "Hickman", "county_norm": "HICKMAN", "prec_id": "004209", "precinct_name": "Hickman - 004209", "precinct_norm": "HICKMAN - 004209", "id": 314 }, "geometry": { "type": "Point", "coordinates": [ -87.50592466177838, 35.7922155 ] } },
{ "type": "Feature", "properties": { "county_nam": "Loudon", "county_norm": "LOUDON", "prec_id": "005452", "precinct_name": "Loudon - 005452", "precinct_norm": "LOUDON - 005452", "id": 315 }, "geometry": { "type": "Point", "coordinates": [ -84.440162643822958, 35.7432955 ] } },
{ "type": "Feature", "properties": { "county_nam": "Loudon", "county_norm": "LOUDON", "prec_id": "005456", "precinct_name": "Loudon - 005456", "precinct_norm": "LOUDON - 005456", "id": 316 }, "geometry": { "type": "Point", "coordinates": [ -84.187251028546314, 35.6554275 ] } },
{ "type": "Feature", "properties": { "county_nam": "McMinn", "county_norm": "MCMINN", "prec_id": "006052", "precinct_name": "McMinn - 006052", "precinct_norm": "MCMINN - 006052", "id": 317 }, "geometry": { "type": "Point", "coordinates": [ -84.569841246946879, 35.4246855 ] } },
{ "type": "Feature", "properties": { "county_nam": "McMinn", "county_norm": "MCMINN", "prec_id": "006061", "precinct_name": "McMinn - 006061", "precinct_norm": "MCMINN - 006061", "id": 318 }, "geometry": { "type": "Point", "coordinates": [ -84.560331792726913, 35.3205835 ] } },
{ "type": "Feature", "properties": { "county_nam": "McMinn", "county_norm": "MCMINN", "prec_id": "006062", "precinct_name": "McMinn - 006062", "precinct_norm": "MCMINN - 006062", "id": 319 }, "geometry": { "type": "Point", "coordinates": [ -84.724912653095316, 35.301706 ] } },
{ "type": "Feature", "properties": { "county_nam": "McMinn", "county_norm": "MCMINN", "prec_id": "006064", "precinct_name": "McMinn - 006064", "precinct_norm": "MCMINN - 006064", "id": 320 }, "geometry": { "type": "Point", "coordinates": [ -84.524297895970079, 35.332232 ] } },
{ "type": "Feature", "properties": { "county_nam": "McMinn", "county_norm": "MCMINN", "prec_id": "006054", "precinct_name": "McMinn - 006054", "precinct_norm": "MCMINN - 006054", "id": 321 }, "geometry": { "type": "Point", "coordinates": [ -84.597335306958712, 35.4704685 ] } },
{ "type": "Feature", "properties": { "county_nam": "Hickman", "county_norm": "HICKMAN", "prec_id": "004203", "precinct_name": "Hickman - 004203", "precinct_norm": "HICKMAN - 004203", "id": 322 }, "geometry": { "type": "Point", "coordinates": [ -87.24372539415279, 35.919294 ] } },
{ "type": "Feature", "properties": { "county_nam": "Loudon", "county_norm": "LOUDON", "prec_id": "005463", "precinct_name": "Loudon - 005463", "precinct_norm": "LOUDON - 005463", "id": 323 }, "geometry": { "type": "Point", "coordinates": [ -84.277142023114862, 35.85373 ] } },
{ "type": "Feature", "properties": { "county_nam": "McMinn", "county_norm": "MCMINN", "prec_id": "006051", "precinct_name": "McMinn - 006051", "precinct_norm": "MCMINN - 006051", "id": 324 }, "geometry": { "type": "Point", "coordinates": [ -84.474587447998573, 35.4538845 ] } },
{ "type": "Feature", "properties": { "county_nam": "Loudon", "county_norm": "LOUDON", "prec_id": "005453", "precinct_name": "Loudon - 005453", "precinct_norm": "LOUDON - 005453", "id": 325 }, "geometry": { "type": "Point", "coordinates": [ -84.347549740868374, 35.7396695 ] } },
{ "type": "Feature", "properties": { "county_nam": "Anderson", "county_norm": "ANDERSON", "prec_id": "000013", "precinct_name": "Anderson - 000013", "precinct_norm": "ANDERSON - 000013", "id": 326 }, "geometry": { "type": "Point", "coordinates": [ -84.199481062589285, 36.0084605 ] } },
{ "type": "Feature", "properties": { "county_nam": "Anderson", "county_norm": "ANDERSON", "prec_id": "000003", "precinct_name": "Anderson - 000003", "precinct_norm": "ANDERSON - 000003", "id": 327 }, "geometry": { "type": "Point", "coordinates": [ -84.145968545457137, 36.0360665 ] } },
{ "type": "Feature", "properties": { "county_nam": "Anderson", "county_norm": "ANDERSON", "prec_id": "000005", "precinct_name": "Anderson - 000005", "precinct_norm": "ANDERSON - 000005", "id": 328 }, "geometry": { "type": "Point", "coordinates": [ -84.148754907304749, 36.093063 ] } },
{ "type": "Feature", "properties": { "county_nam": "Sumner", "county_norm": "SUMNER", "prec_id": "008614", "precinct_name": "Sumner - 008614", "precinct_norm": "SUMNER - 008614", "id": 329 }, "geometry": { "type": "Point", "coordinates": [ -86.524031686618315, 36.6148545 ] } },
{ "type": "Feature", "properties": { "county_nam": "Loudon", "county_norm": "LOUDON", "prec_id": "005460", "precinct_name": "Loudon - 005460", "precinct_norm": "LOUDON - 005460", "id": 330 }, "geometry": { "type": "Point", "coordinates": [ -84.283899198162231, 35.802085 ] } },
{ "type": "Feature", "properties": { "county_nam": "Coffee", "county_norm": "COFFEE", "prec_id": "001505", "precinct_name": "Coffee - 001505", "precinct_norm": "COFFEE - 001505", "id": 331 }, "geometry": { "type": "Point", "coordinates": [ -85.937056634332578, 35.3900005 ] } },
{ "type": "Feature", "properties": { "county_nam": "Coffee", "county_norm": "COFFEE", "prec_id": "001507", "precinct_name": "Coffee - 001507", "precinct_norm": "COFFEE - 001507", "id": 332 }, "geometry": { "type": "Point", "coordinates": [ -85.964087948151501, 35.5154105 ] } },
{ "type": "Feature", "properties": { "county_nam": "Coffee", "county_norm": "COFFEE", "prec_id": "001506", "precinct_name": "Coffee - 001506", "precinct_norm": "COFFEE - 001506", "id": 333 }, "geometry": { "type": "Point", "coordinates": [ -86.021018313576832, 35.4244615 ] } },
{ "type": "Feature", "properties": { "county_nam": "Coffee", "county_norm": "COFFEE", "prec_id": "001514", "precinct_name": "Coffee - 001514", "precinct_norm": "COFFEE - 001514", "id": 334 }, "geometry": { "type": "Point", "coordinates": [ -86.096029025767294, 35.4136965 ] } },
{ "type": "Feature", "properties": { "county_nam": "Hickman", "county_norm": "HICKMAN", "prec_id": "004208", "precinct_name": "Hickman - 004208", "precinct_norm": "HICKMAN - 004208", "id": 335 }, "geometry": { "type": "Point", "coordinates": [ -87.312160937466558, 35.7433365 ] } },
{ "type": "Feature", "properties": { "county_nam": "Hickman", "county_norm": "HICKMAN", "prec_id": "004210", "precinct_name": "Hickman - 004210", "precinct_norm": "HICKMAN - 004210", "id": 336 }, "geometry": { "type": "Point", "coordinates": [ -87.475929257465566, 35.700542 ] } },
{ "type": "Feature", "properties": { "county_nam": "Sumner", "county_norm": "SUMNER", "prec_id": "008633", "precinct_name": "Sumner - 008633", "precinct_norm": "SUMNER - 008633", "id": 337 }, "geometry": { "type": "Point", "coordinates": [ -86.645386041836502, 36.3256775 ] } },
{ "type": "Feature", "properties": { "county_nam": "Jefferson", "county_norm": "JEFFERSON", "prec_id": "004608", "precinct_name": "Jefferson - 004608", "precinct_norm": "JEFFERSON - 004608", "id": 338 }, "geometry": { "type": "Point", "coordinates": [ -83.582852353451869, 36.092256 ] } },
{ "type": "Feature", "properties": { "county_nam": "Anderson", "county_norm": "ANDERSON", "prec_id": "000009", "precinct_name": "Anderson - 000009", "precinct_norm": "ANDERSON - 000009", "id": 339 }, "geometry": { "type": "Point", "coordinates": [ -84.203871300266314, 36.044406 ] } },
{ "type": "Feature", "properties": { "county_nam": "Anderson", "county_norm": "ANDERSON", "prec_id": "000023", "precinct_name": "Anderson - 000023", "precinct_norm": "ANDERSON - 000023", "id": 340 }, "geometry": { "type": "Point", "coordinates": [ -84.281590676954025, 36.0128785 ] } },
{ "type": "Feature", "properties": { "county_nam": "Anderson", "county_norm": "ANDERSON", "prec_id": "000010", "precinct_name": "Anderson - 000010", "precinct_norm": "ANDERSON - 000010", "id": 341 }, "geometry": { "type": "Point", "coordinates": [ -84.006471154062609, 36.1662755 ] } },
{ "type": "Feature", "properties": { "county_nam": "Anderson", "county_norm": "ANDERSON", "prec_id": "000026", "precinct_name": "Anderson - 000026", "precinct_norm": "ANDERSON - 000026", "id": 342 }, "geometry": { "type": "Point", "coordinates": [ -84.261770816794467, 35.962526 ] } },
{ "type": "Feature", "properties": { "county_nam": "Wilson", "county_norm": "WILSON", "prec_id": "009818", "precinct_name": "Wilson - 009818", "precinct_norm": "WILSON - 009818", "id": 343 }, "geometry": { "type": "Point", "coordinates": [ -86.401405185385272, 36.06608 ] } },
{ "type": "Feature", "properties": { "county_nam": "Sumner", "county_norm": "SUMNER", "prec_id": "008624", "precinct_name": "Sumner - 008624", "precinct_norm": "SUMNER - 008624", "id": 344 }, "geometry": { "type": "Point", "coordinates": [ -86.629019712765952, 36.3722265 ] } },
{ "type": "Feature", "properties": { "county_nam": "McMinn", "county_norm": "MCMINN", "prec_id": "006063", "precinct_name": "McMinn - 006063", "precinct_norm": "MCMINN - 006063", "id": 345 }, "geometry": { "type": "Point", "coordinates": [ -84.628356075864033, 35.319874 ] } },
{ "type": "Feature", "properties": { "county_nam": "McMinn", "county_norm": "MCMINN", "prec_id": "006058", "precinct_name": "McMinn - 006058", "precinct_norm": "MCMINN - 006058", "id": 346 }, "geometry": { "type": "Point", "coordinates": [ -84.77124809963982, 35.420527 ] } },
{ "type": "Feature", "properties": { "county_nam": "McMinn", "county_norm": "MCMINN", "prec_id": "006059", "precinct_name": "McMinn - 006059", "precinct_norm": "MCMINN - 006059", "id": 347 }, "geometry": { "type": "Point", "coordinates": [ -84.662563224366693, 35.525906 ] } },
{ "type": "Feature", "properties": { "county_nam": "Hickman", "county_norm": "HICKMAN", "prec_id": "004206", "precinct_name": "Hickman - 004206", "precinct_norm": "HICKMAN - 004206", "id": 348 }, "geometry": { "type": "Point", "coordinates": [ -87.280062302127163, 35.835526 ] } },
{ "type": "Feature", "properties": { "county_nam": "Hickman", "county_norm": "HICKMAN", "prec_id": "004207", "precinct_name": "Hickman - 004207", "precinct_norm": "HICKMAN - 004207", "id": 349 }, "geometry": { "type": "Point", "coordinates": [ -87.375271700226577, 35.8020765 ] } },
{ "type": "Feature", "properties": { "county_nam": "Hickman", "county_norm": "HICKMAN", "prec_id": "004205", "precinct_name": "Hickman - 004205", "precinct_norm": "HICKMAN - 004205", "id": 350 }, "geometry": { "type": "Point", "coordinates": [ -87.415176832980535, 35.87901 ] } },
{ "type": "Feature", "properties": { "county_nam": "Hickman", "county_norm": "HICKMAN", "prec_id": "004214", "precinct_name": "Hickman - 004214", "precinct_norm": "HICKMAN - 004214", "id": 351 }, "geometry": { "type": "Point", "coordinates": [ -87.653932819388501, 35.7807595 ] } },
{ "type": "Feature", "properties": { "county_nam": "Shelby", "county_norm": "SHELBY", "prec_id": "008054", "precinct_name": "Shelby - 008054", "precinct_norm": "SHELBY - 008054", "id": 352 }, "geometry": { "type": "Point", "coordinates": [ -89.836180214177816, 35.2178305 ] } },
{ "type": "Feature", "properties": { "county_nam": "Shelby", "county_norm": "SHELBY", "prec_id": "008149", "precinct_name": "Shelby - 008149", "precinct_norm": "SHELBY - 008149", "id": 353 }, "geometry": { "type": "Point", "coordinates": [ -89.932969147261559, 35.1623105 ] } },
{ "type": "Feature", "properties": { "county_nam": "Loudon", "county_norm": "LOUDON", "prec_id": "005465", "precinct_name": "Loudon - 005465", "precinct_norm": "LOUDON - 005465", "id": 354 }, "geometry": { "type": "Point", "coordinates": [ -84.254330464218256, 35.7361165 ] } },
{ "type": "Feature", "properties": { "county_nam": "Warren", "county_norm": "WARREN", "prec_id": "009209", "precinct_name": "Warren - 009209", "precinct_norm": "WARREN - 009209", "id": 355 }, "geometry": { "type": "Point", "coordinates": [ -85.778751521901398, 35.7172825 ] } },
{ "type": "Feature", "properties": { "county_nam": "Warren", "county_norm": "WARREN", "prec_id": "009201", "precinct_name": "Warren - 009201", "precinct_norm": "WARREN - 009201", "id": 356 }, "geometry": { "type": "Point", "coordinates": [ -85.801892510886489, 35.6977615 ] } },
{ "type": "Feature", "properties": { "county_nam": "Warren", "county_norm": "WARREN", "prec_id": "009203", "precinct_name": "Warren - 009203", "precinct_norm": "WARREN - 009203", "id": 357 }, "geometry": { "type": "Point", "coordinates": [ -85.834003249047896, 35.682138 ] } },
{ "type": "Feature", "properties": { "county_nam": "Shelby", "county_norm": "SHELBY", "prec_id": "008073", "precinct_name": "Shelby - 008073", "precinct_norm": "SHELBY - 008073", "id": 358 }, "geometry": { "type": "Point", "coordinates": [ -89.719080822552812, 35.0901695 ] } },
{ "type": "Feature", "properties": { "county_nam": "Shelby", "county_norm": "SHELBY", "prec_id": "008271", "precinct_name": "Shelby - 008271", "precinct_norm": "SHELBY - 008271", "id": 359 }, "geometry": { "type": "Point", "coordinates": [ -89.657244707940933, 35.100742 ] } },
{ "type": "Feature", "properties": { "county_nam": "Shelby", "county_norm": "SHELBY", "prec_id": "008097", "precinct_name": "Shelby - 008097", "precinct_norm": "SHELBY - 008097", "id": 360 }, "geometry": { "type": "Point", "coordinates": [ -89.744417769404478, 35.2135515 ] } },
{ "type": "Feature", "properties": { "county_nam": "Marion", "county_norm": "MARION", "prec_id": "005753", "precinct_name": "Marion - 005753", "precinct_norm": "MARION - 005753", "id": 361 }, "geometry": { "type": "Point", "coordinates": [ -85.508094857255145, 35.031189 ] } },
{ "type": "Feature", "properties": { "county_nam": "Marion", "county_norm": "MARION", "prec_id": "005766", "precinct_name": "Marion - 005766", "precinct_norm": "MARION - 005766", "id": 362 }, "geometry": { "type": "Point", "coordinates": [ -85.50540557673736, 35.2330865 ] } },
{ "type": "Feature", "properties": { "county_nam": "Smith", "county_norm": "SMITH", "prec_id": "008308", "precinct_name": "Smith - 008308", "precinct_norm": "SMITH - 008308", "id": 363 }, "geometry": { "type": "Point", "coordinates": [ -86.003533814795674, 36.3282975 ] } },
{ "type": "Feature", "properties": { "county_nam": "Smith", "county_norm": "SMITH", "prec_id": "008307", "precinct_name": "Smith - 008307", "precinct_norm": "SMITH - 008307", "id": 364 }, "geometry": { "type": "Point", "coordinates": [ -85.862231633302841, 36.2228045 ] } },
{ "type": "Feature", "properties": { "county_nam": "Smith", "county_norm": "SMITH", "prec_id": "008306", "precinct_name": "Smith - 008306", "precinct_norm": "SMITH - 008306", "id": 365 }, "geometry": { "type": "Point", "coordinates": [ -85.98915213576106, 36.2300445 ] } },
{ "type": "Feature", "properties": { "county_nam": "Benton", "county_norm": "BENTON", "prec_id": "000204", "precinct_name": "Benton - 000204", "precinct_norm": "BENTON - 000204", "id": 366 }, "geometry": { "type": "Point", "coordinates": [ -88.073033247407039, 35.9021945 ] } },
{ "type": "Feature", "properties": { "county_nam": "Benton", "county_norm": "BENTON", "prec_id": "000206", "precinct_name": "Benton - 000206", "precinct_norm": "BENTON - 000206", "id": 367 }, "geometry": { "type": "Point", "coordinates": [ -88.014166761663375, 36.261548 ] } },
{ "type": "Feature", "properties": { "county_nam": "Sequatchie", "county_norm": "SEQUATCHIE", "prec_id": "007859", "precinct_name": "Sequatchie - 007859", "precinct_norm": "SEQUATCHIE - 007859", "id": 368 }, "geometry": { "type": "Point", "coordinates": [ -85.351482227062291, 35.401069 ] } },
{ "type": "Feature", "properties": { "county_nam": "Obion", "county_norm": "OBION", "prec_id": "006760", "precinct_name": "Obion - 006760", "precinct_norm": "OBION - 006760", "id": 369 }, "geometry": { "type": "Point", "coordinates": [ -89.178436402037761, 36.3559445 ] } },
{ "type": "Feature", "properties": { "county_nam": "Coffee", "county_norm": "COFFEE", "prec_id": "001511", "precinct_name": "Coffee - 001511", "precinct_norm": "COFFEE - 001511", "id": 370 }, "geometry": { "type": "Point", "coordinates": [ -86.179997328432847, 35.5247825 ] } },
{ "type": "Feature", "properties": { "county_nam": "Gibson", "county_norm": "GIBSON", "prec_id": "002751", "precinct_name": "Gibson - 002751", "precinct_norm": "GIBSON - 002751", "id": 371 }, "geometry": { "type": "Point", "coordinates": [ -88.790126227322645, 35.8240365 ] } },
{ "type": "Feature", "properties": { "county_nam": "Obion", "county_norm": "OBION", "prec_id": "006758", "precinct_name": "Obion - 006758", "precinct_norm": "OBION - 006758", "id": 372 }, "geometry": { "type": "Point", "coordinates": [ -89.192658232697369, 36.262222 ] } },
{ "type": "Feature", "properties": { "county_nam": "Gibson", "county_norm": "GIBSON", "prec_id": "002761", "precinct_name": "Gibson - 002761", "precinct_norm": "GIBSON - 002761", "id": 373 }, "geometry": { "type": "Point", "coordinates": [ -89.087686858996847, 35.9396155 ] } },
{ "type": "Feature", "properties": { "county_nam": "Bedford", "county_norm": "BEDFORD", "prec_id": "000101", "precinct_name": "Bedford - 000101", "precinct_norm": "BEDFORD - 000101", "id": 374 }, "geometry": { "type": "Point", "coordinates": [ -86.336122890129133, 35.523793 ] } },
{ "type": "Feature", "properties": { "county_nam": "Bedford", "county_norm": "BEDFORD", "prec_id": "000105", "precinct_name": "Bedford - 000105", "precinct_norm": "BEDFORD - 000105", "id": 375 }, "geometry": { "type": "Point", "coordinates": [ -86.57101240304533, 35.464447 ] } },
{ "type": "Feature", "properties": { "county_nam": "Gibson", "county_norm": "GIBSON", "prec_id": "002774", "precinct_name": "Gibson - 002774", "precinct_norm": "GIBSON - 002774", "id": 376 }, "geometry": { "type": "Point", "coordinates": [ -88.82549501961924, 36.0611695 ] } },
{ "type": "Feature", "properties": { "county_nam": "Obion", "county_norm": "OBION", "prec_id": "006762", "precinct_name": "Obion - 006762", "precinct_norm": "OBION - 006762", "id": 377 }, "geometry": { "type": "Point", "coordinates": [ -89.032447482540363, 36.430179 ] } },
{ "type": "Feature", "properties": { "county_nam": "Rhea", "county_norm": "RHEA", "prec_id": "007353", "precinct_name": "Rhea - 007353", "precinct_norm": "RHEA - 007353", "id": 378 }, "geometry": { "type": "Point", "coordinates": [ -84.924791870410516, 35.672583 ] } },
{ "type": "Feature", "properties": { "county_nam": "Rhea", "county_norm": "RHEA", "prec_id": "007351", "precinct_name": "Rhea - 007351", "precinct_norm": "RHEA - 007351", "id": 379 }, "geometry": { "type": "Point", "coordinates": [ -84.770678614202353, 35.7326015 ] } },
{ "type": "Feature", "properties": { "county_nam": "Lincoln", "county_norm": "LINCOLN", "prec_id": "000011", "precinct_name": "Lincoln - 000011", "precinct_norm": "LINCOLN - 000011", "id": 380 }, "geometry": { "type": "Point", "coordinates": [ -86.437267755211522, 35.156511 ] } },
{ "type": "Feature", "properties": { "county_nam": "Lincoln", "county_norm": "LINCOLN", "prec_id": "000007", "precinct_name": "Lincoln - 000007", "precinct_norm": "LINCOLN - 000007", "id": 381 }, "geometry": { "type": "Point", "coordinates": [ -86.607785399560129, 35.188647 ] } },
{ "type": "Feature", "properties": { "county_nam": "Lincoln", "county_norm": "LINCOLN", "prec_id": "000008", "precinct_name": "Lincoln - 000008", "precinct_norm": "LINCOLN - 000008", "id": 382 }, "geometry": { "type": "Point", "coordinates": [ -86.408978037381985, 35.0610715 ] } },
{ "type": "Feature", "properties": { "county_nam": "Haywood", "county_norm": "HAYWOOD", "prec_id": "003910", "precinct_name": "Haywood - 003910", "precinct_norm": "HAYWOOD - 003910", "id": 383 }, "geometry": { "type": "Point", "coordinates": [ -89.387994082846149, 35.495387 ] } },
{ "type": "Feature", "properties": { "county_nam": "Warren", "county_norm": "WARREN", "prec_id": "009206", "precinct_name": "Warren - 009206", "precinct_norm": "WARREN - 009206", "id": 384 }, "geometry": { "type": "Point", "coordinates": [ -85.751413334501692, 35.724637 ] } },
{ "type": "Feature", "properties": { "county_nam": "Sumner", "county_norm": "SUMNER", "prec_id": "008608", "precinct_name": "Sumner - 008608", "precinct_norm": "SUMNER - 008608", "id": 385 }, "geometry": { "type": "Point", "coordinates": [ -86.441758868719802, 36.36399 ] } },
{ "type": "Feature", "properties": { "county_nam": "Sumner", "county_norm": "SUMNER", "prec_id": "008613", "precinct_name": "Sumner - 008613", "precinct_norm": "SUMNER - 008613", "id": 386 }, "geometry": { "type": "Point", "coordinates": [ -86.511551506066951, 36.568056 ] } },
{ "type": "Feature", "properties": { "county_nam": "Morgan", "county_norm": "MORGAN", "prec_id": "006659", "precinct_name": "Morgan - 006659", "precinct_norm": "MORGAN - 006659", "id": 387 }, "geometry": { "type": "Point", "coordinates": [ -84.804338782862288, 36.2771295 ] } },
{ "type": "Feature", "properties": { "county_nam": "Van Buren", "county_norm": "VAN BUREN", "prec_id": "009106", "precinct_name": "Van Buren - 009106", "precinct_norm": "VAN BUREN - 009106", "id": 388 }, "geometry": { "type": "Point", "coordinates": [ -85.503848701167669, 35.782562 ] } },
{ "type": "Feature", "properties": { "county_nam": "Van Buren", "county_norm": "VAN BUREN", "prec_id": "009101", "precinct_name": "Van Buren - 009101", "precinct_norm": "VAN BUREN - 009101", "id": 389 }, "geometry": { "type": "Point", "coordinates": [ -85.555025942808129, 35.747909 ] } },
{ "type": "Feature", "properties": { "county_nam": "Gibson", "county_norm": "GIBSON", "prec_id": "002765", "precinct_name": "Gibson - 002765", "precinct_norm": "GIBSON - 002765", "id": 390 }, "geometry": { "type": "Point", "coordinates": [ -88.815106525562186, 35.9803915 ] } },
{ "type": "Feature", "properties": { "county_nam": "Jefferson", "county_norm": "JEFFERSON", "prec_id": "004601", "precinct_name": "Jefferson - 004601", "precinct_norm": "JEFFERSON - 004601", "id": 391 }, "geometry": { "type": "Point", "coordinates": [ -83.498424022410802, 36.002731 ] } },
{ "type": "Feature", "properties": { "county_nam": "Jefferson", "county_norm": "JEFFERSON", "prec_id": "004603", "precinct_name": "Jefferson - 004603", "precinct_norm": "JEFFERSON - 004603", "id": 392 }, "geometry": { "type": "Point", "coordinates": [ -83.31565196293748, 36.0713165 ] } },
{ "type": "Feature", "properties": { "county_nam": "Jefferson", "county_norm": "JEFFERSON", "prec_id": "004604", "precinct_name": "Jefferson - 004604", "precinct_norm": "JEFFERSON - 004604", "id": 393 }, "geometry": { "type": "Point", "coordinates": [ -83.41015460099814, 36.0241905 ] } },
{ "type": "Feature", "properties": { "county_nam": "Polk", "county_norm": "POLK", "prec_id": "007151", "precinct_name": "Polk - 007151", "precinct_norm": "POLK - 007151", "id": 394 }, "geometry": { "type": "Point", "coordinates": [ -84.619872100638986, 35.244633 ] } },
{ "type": "Feature", "properties": { "county_nam": "Polk", "county_norm": "POLK", "prec_id": "007161", "precinct_name": "Polk - 007161", "precinct_norm": "POLK - 007161", "id": 395 }, "geometry": { "type": "Point", "coordinates": [ -84.334628319977412, 35.148665 ] } },
{ "type": "Feature", "properties": { "county_nam": "Bedford", "county_norm": "BEDFORD", "prec_id": "000103", "precinct_name": "Bedford - 000103", "precinct_norm": "BEDFORD - 000103", "id": 396 }, "geometry": { "type": "Point", "coordinates": [ -86.468053026490068, 35.595303 ] } },
{ "type": "Feature", "properties": { "county_nam": "Bedford", "county_norm": "BEDFORD", "prec_id": "000104", "precinct_name": "Bedford - 000104", "precinct_norm": "BEDFORD - 000104", "id": 397 }, "geometry": { "type": "Point", "coordinates": [ -86.594645428, 35.6176565 ] } },
{ "type": "Feature", "properties": { "county_nam": "Jefferson", "county_norm": "JEFFERSON", "prec_id": "004607", "precinct_name": "Jefferson - 004607", "precinct_norm": "JEFFERSON - 004607", "id": 398 }, "geometry": { "type": "Point", "coordinates": [ -83.656786452082173, 36.0655665 ] } },
{ "type": "Feature", "properties": { "county_nam": "Wilson", "county_norm": "WILSON", "prec_id": "009808", "precinct_name": "Wilson - 009808", "precinct_norm": "WILSON - 009808", "id": 399 }, "geometry": { "type": "Point", "coordinates": [ -86.188513770411916, 36.158009 ] } },
{ "type": "Feature", "properties": { "county_nam": "Haywood", "county_norm": "HAYWOOD", "prec_id": "003914", "precinct_name": "Haywood - 003914", "precinct_norm": "HAYWOOD - 003914", "id": 400 }, "geometry": { "type": "Point", "coordinates": [ -89.373301642294308, 35.5721865 ] } },
{ "type": "Feature", "properties": { "county_nam": "Cumberland", "county_norm": "CUMBERLAND", "prec_id": "001721", "precinct_name": "Cumberland - 001721", "precinct_norm": "CUMBERLAND - 001721", "id": 401 }, "geometry": { "type": "Point", "coordinates": [ -85.056062555142418, 36.0320495 ] } },
{ "type": "Feature", "properties": { "county_nam": "Cumberland", "county_norm": "CUMBERLAND", "prec_id": "001704", "precinct_name": "Cumberland - 001704", "precinct_norm": "CUMBERLAND - 001704", "id": 402 }, "geometry": { "type": "Point", "coordinates": [ -85.023562987143919, 35.9529135 ] } },
{ "type": "Feature", "properties": { "county_nam": "Cumberland", "county_norm": "CUMBERLAND", "prec_id": "001706", "precinct_name": "Cumberland - 001706", "precinct_norm": "CUMBERLAND - 001706", "id": 403 }, "geometry": { "type": "Point", "coordinates": [ -84.7928599253556, 35.971416 ] } },
{ "type": "Feature", "properties": { "county_nam": "Cumberland", "county_norm": "CUMBERLAND", "prec_id": "001715", "precinct_name": "Cumberland - 001715", "precinct_norm": "CUMBERLAND - 001715", "id": 404 }, "geometry": { "type": "Point", "coordinates": [ -85.189873372781676, 35.81696 ] } },
{ "type": "Feature", "properties": { "county_nam": "Cumberland", "county_norm": "CUMBERLAND", "prec_id": "001714", "precinct_name": "Cumberland - 001714", "precinct_norm": "CUMBERLAND - 001714", "id": 405 }, "geometry": { "type": "Point", "coordinates": [ -85.18689542611736, 36.0487025 ] } },
{ "type": "Feature", "properties": { "county_nam": "Cumberland", "county_norm": "CUMBERLAND", "prec_id": "001719", "precinct_name": "Cumberland - 001719", "precinct_norm": "CUMBERLAND - 001719", "id": 406 }, "geometry": { "type": "Point", "coordinates": [ -85.126226752235283, 35.932726 ] } },
{ "type": "Feature", "properties": { "county_nam": "Moore", "county_norm": "MOORE", "prec_id": "006554", "precinct_name": "Moore - 006554", "precinct_norm": "MOORE - 006554", "id": 407 }, "geometry": { "type": "Point", "coordinates": [ -86.386942332481766, 35.2684985 ] } },
{ "type": "Feature", "properties": { "county_nam": "Morgan", "county_norm": "MORGAN", "prec_id": "006656", "precinct_name": "Morgan - 006656", "precinct_norm": "MORGAN - 006656", "id": 408 }, "geometry": { "type": "Point", "coordinates": [ -84.610933283687501, 36.2194025 ] } },
{ "type": "Feature", "properties": { "county_nam": "Cumberland", "county_norm": "CUMBERLAND", "prec_id": "001708", "precinct_name": "Cumberland - 001708", "precinct_norm": "CUMBERLAND - 001708", "id": 409 }, "geometry": { "type": "Point", "coordinates": [ -84.857878754027752, 36.025969 ] } },
{ "type": "Feature", "properties": { "county_nam": "Cumberland", "county_norm": "CUMBERLAND", "prec_id": "001716", "precinct_name": "Cumberland - 001716", "precinct_norm": "CUMBERLAND - 001716", "id": 410 }, "geometry": { "type": "Point", "coordinates": [ -84.936396211821958, 36.054757 ] } },
{ "type": "Feature", "properties": { "county_nam": "Loudon", "county_norm": "LOUDON", "prec_id": "005464", "precinct_name": "Loudon - 005464", "precinct_norm": "LOUDON - 005464", "id": 411 }, "geometry": { "type": "Point", "coordinates": [ -84.263320900427317, 35.6738145 ] } },
{ "type": "Feature", "properties": { "county_nam": "Loudon", "county_norm": "LOUDON", "prec_id": "005458", "precinct_name": "Loudon - 005458", "precinct_norm": "LOUDON - 005458", "id": 412 }, "geometry": { "type": "Point", "coordinates": [ -84.201546608524282, 35.8016605 ] } },
{ "type": "Feature", "properties": { "county_nam": "Shelby", "county_norm": "SHELBY", "prec_id": "008105", "precinct_name": "Shelby - 008105", "precinct_norm": "SHELBY - 008105", "id": 413 }, "geometry": { "type": "Point", "coordinates": [ -90.052325416251477, 35.117312 ] } },
{ "type": "Feature", "properties": { "county_nam": "Loudon", "county_norm": "LOUDON", "prec_id": "005462", "precinct_name": "Loudon - 005462", "precinct_norm": "LOUDON - 005462", "id": 414 }, "geometry": { "type": "Point", "coordinates": [ -84.341827325628174, 35.79691 ] } },
{ "type": "Feature", "properties": { "county_nam": "Smith", "county_norm": "SMITH", "prec_id": "008303", "precinct_name": "Smith - 008303", "precinct_norm": "SMITH - 008303", "id": 415 }, "geometry": { "type": "Point", "coordinates": [ -85.889301116449005, 36.3387445 ] } },
{ "type": "Feature", "properties": { "county_nam": "Smith", "county_norm": "SMITH", "prec_id": "008305", "precinct_name": "Smith - 008305", "precinct_norm": "SMITH - 008305", "id": 416 }, "geometry": { "type": "Point", "coordinates": [ -85.941038923579598, 36.253972 ] } },
{ "type": "Feature", "properties": { "county_nam": "Moore", "county_norm": "MOORE", "prec_id": "006555", "precinct_name": "Moore - 006555", "precinct_norm": "MOORE - 006555", "id": 417 }, "geometry": { "type": "Point", "coordinates": [ -86.310495772952081, 35.359789 ] } },
{ "type": "Feature", "properties": { "county_nam": "Marion", "county_norm": "MARION", "prec_id": "005754", "precinct_name": "Marion - 005754", "precinct_norm": "MARION - 005754", "id": 418 }, "geometry": { "type": "Point", "coordinates": [ -85.595270382331108, 35.065314 ] } },
{ "type": "Feature", "properties": { "county_nam": "Lincoln", "county_norm": "LINCOLN", "prec_id": "000017", "precinct_name": "Lincoln - 000017", "precinct_norm": "LINCOLN - 000017", "id": 419 }, "geometry": { "type": "Point", "coordinates": [ -86.652732074472524, 35.289281 ] } },
{ "type": "Feature", "properties": { "county_nam": "Lincoln", "county_norm": "LINCOLN", "prec_id": "000010", "precinct_name": "Lincoln - 000010", "precinct_norm": "LINCOLN - 000010", "id": 420 }, "geometry": { "type": "Point", "coordinates": [ -86.666052197408575, 35.1979335 ] } },
{ "type": "Feature", "properties": { "county_nam": "Lincoln", "county_norm": "LINCOLN", "prec_id": "000013", "precinct_name": "Lincoln - 000013", "precinct_norm": "LINCOLN - 000013", "id": 421 }, "geometry": { "type": "Point", "coordinates": [ -86.502260751923075, 35.03407 ] } },
{ "type": "Feature", "properties": { "county_nam": "Weakley", "county_norm": "WEAKLEY", "prec_id": "009505", "precinct_name": "Weakley - 009505", "precinct_norm": "WEAKLEY - 009505", "id": 422 }, "geometry": { "type": "Point", "coordinates": [ -88.782310421375357, 36.375497 ] } },
{ "type": "Feature", "properties": { "county_nam": "Shelby", "county_norm": "SHELBY", "prec_id": "008221", "precinct_name": "Shelby - 008221", "precinct_norm": "SHELBY - 008221", "id": 423 }, "geometry": { "type": "Point", "coordinates": [ -89.810084260505363, 35.0579515 ] } },
{ "type": "Feature", "properties": { "county_nam": "Shelby", "county_norm": "SHELBY", "prec_id": "008130", "precinct_name": "Shelby - 008130", "precinct_norm": "SHELBY - 008130", "id": 424 }, "geometry": { "type": "Point", "coordinates": [ -89.983152950411679, 35.1685075 ] } },
{ "type": "Feature", "properties": { "county_nam": "Shelby", "county_norm": "SHELBY", "prec_id": "008269", "precinct_name": "Shelby - 008269", "precinct_norm": "SHELBY - 008269", "id": 425 }, "geometry": { "type": "Point", "coordinates": [ -89.813339727438148, 35.0130555 ] } },
{ "type": "Feature", "properties": { "county_nam": "Shelby", "county_norm": "SHELBY", "prec_id": "008114", "precinct_name": "Shelby - 008114", "precinct_norm": "SHELBY - 008114", "id": 426 }, "geometry": { "type": "Point", "coordinates": [ -89.980300474828383, 35.133657 ] } },
{ "type": "Feature", "properties": { "county_nam": "Shelby", "county_norm": "SHELBY", "prec_id": "008139", "precinct_name": "Shelby - 008139", "precinct_norm": "SHELBY - 008139", "id": 427 }, "geometry": { "type": "Point", "coordinates": [ -89.95945606364765, 35.122246 ] } },
{ "type": "Feature", "properties": { "county_nam": "Shelby", "county_norm": "SHELBY", "prec_id": "008056", "precinct_name": "Shelby - 008056", "precinct_norm": "SHELBY - 008056", "id": 428 }, "geometry": { "type": "Point", "coordinates": [ -89.786524776849632, 35.224774 ] } },
{ "type": "Feature", "properties": { "county_nam": "Shelby", "county_norm": "SHELBY", "prec_id": "008074", "precinct_name": "Shelby - 008074", "precinct_norm": "SHELBY - 008074", "id": 429 }, "geometry": { "type": "Point", "coordinates": [ -89.683586349574568, 35.0202565 ] } },
{ "type": "Feature", "properties": { "county_nam": "Carroll", "county_norm": "CARROLL", "prec_id": "000814", "precinct_name": "Carroll - 000814", "precinct_norm": "CARROLL - 000814", "id": 430 }, "geometry": { "type": "Point", "coordinates": [ -88.364824237622742, 36.089729 ] } },
{ "type": "Feature", "properties": { "county_nam": "Shelby", "county_norm": "SHELBY", "prec_id": "008141", "precinct_name": "Shelby - 008141", "precinct_norm": "SHELBY - 008141", "id": 431 }, "geometry": { "type": "Point", "coordinates": [ -89.926901002814787, 35.1084265 ] } },
{ "type": "Feature", "properties": { "county_nam": "Shelby", "county_norm": "SHELBY", "prec_id": "008251", "precinct_name": "Shelby - 008251", "precinct_norm": "SHELBY - 008251", "id": 432 }, "geometry": { "type": "Point", "coordinates": [ -89.822352795786372, 35.0360135 ] } },
{ "type": "Feature", "properties": { "county_nam": "Shelby", "county_norm": "SHELBY", "prec_id": "008117", "precinct_name": "Shelby - 008117", "precinct_norm": "SHELBY - 008117", "id": 433 }, "geometry": { "type": "Point", "coordinates": [ -90.000787574507456, 35.1190725 ] } },
{ "type": "Feature", "properties": { "county_nam": "Morgan", "county_norm": "MORGAN", "prec_id": "006662", "precinct_name": "Morgan - 006662", "precinct_norm": "MORGAN - 006662", "id": 434 }, "geometry": { "type": "Point", "coordinates": [ -84.53315058196722, 35.99182 ] } },
{ "type": "Feature", "properties": { "county_nam": "Polk", "county_norm": "POLK", "prec_id": "007152", "precinct_name": "Polk - 007152", "precinct_norm": "POLK - 007152", "id": 435 }, "geometry": { "type": "Point", "coordinates": [ -84.590568911726038, 35.2092225 ] } },
{ "type": "Feature", "properties": { "county_nam": "Lincoln", "county_norm": "LINCOLN", "prec_id": "000018", "precinct_name": "Lincoln - 000018", "precinct_norm": "LINCOLN - 000018", "id": 436 }, "geometry": { "type": "Point", "coordinates": [ -86.56231720326987, 35.1411115 ] } },
{ "type": "Feature", "properties": { "county_nam": "Robertson", "county_norm": "ROBERTSON", "prec_id": "007567", "precinct_name": "Robertson - 007567", "precinct_norm": "ROBERTSON - 007567", "id": 437 }, "geometry": { "type": "Point", "coordinates": [ -86.949251689993304, 36.505375 ] } },
{ "type": "Feature", "properties": { "county_nam": "Robertson", "county_norm": "ROBERTSON", "prec_id": "007568", "precinct_name": "Robertson - 007568", "precinct_norm": "ROBERTSON - 007568", "id": 438 }, "geometry": { "type": "Point", "coordinates": [ -86.905031326710784, 36.4881585 ] } },
{ "type": "Feature", "properties": { "county_nam": "Robertson", "county_norm": "ROBERTSON", "prec_id": "007555", "precinct_name": "Robertson - 007555", "precinct_norm": "ROBERTSON - 007555", "id": 439 }, "geometry": { "type": "Point", "coordinates": [ -86.813787812304312, 36.41927 ] } },
{ "type": "Feature", "properties": { "county_nam": "Robertson", "county_norm": "ROBERTSON", "prec_id": "007554", "precinct_name": "Robertson - 007554", "precinct_norm": "ROBERTSON - 007554", "id": 440 }, "geometry": { "type": "Point", "coordinates": [ -86.828454208814705, 36.3987165 ] } },
{ "type": "Feature", "properties": { "county_nam": "Robertson", "county_norm": "ROBERTSON", "prec_id": "007564", "precinct_name": "Robertson - 007564", "precinct_norm": "ROBERTSON - 007564", "id": 441 }, "geometry": { "type": "Point", "coordinates": [ -86.847874910728848, 36.49852 ] } },
{ "type": "Feature", "properties": { "county_nam": "Robertson", "county_norm": "ROBERTSON", "prec_id": "007562", "precinct_name": "Robertson - 007562", "precinct_norm": "ROBERTSON - 007562", "id": 442 }, "geometry": { "type": "Point", "coordinates": [ -86.775294388244703, 36.5868155 ] } },
{ "type": "Feature", "properties": { "county_nam": "Robertson", "county_norm": "ROBERTSON", "prec_id": "007565", "precinct_name": "Robertson - 007565", "precinct_norm": "ROBERTSON - 007565", "id": 443 }, "geometry": { "type": "Point", "coordinates": [ -86.89087548421989, 36.4578265 ] } },
{ "type": "Feature", "properties": { "county_nam": "Greene", "county_norm": "GREENE", "prec_id": "003077", "precinct_name": "Greene - 003077", "precinct_norm": "GREENE - 003077", "id": 444 }, "geometry": { "type": "Point", "coordinates": [ -82.889296438852455, 35.9937835 ] } },
{ "type": "Feature", "properties": { "county_nam": "Greene", "county_norm": "GREENE", "prec_id": "003069", "precinct_name": "Greene - 003069", "precinct_norm": "GREENE - 003069", "id": 445 }, "geometry": { "type": "Point", "coordinates": [ -82.748092967769679, 36.182307 ] } },
{ "type": "Feature", "properties": { "county_nam": "Wayne", "county_norm": "WAYNE", "prec_id": "009407", "precinct_name": "Wayne - 009407", "precinct_norm": "WAYNE - 009407", "id": 446 }, "geometry": { "type": "Point", "coordinates": [ -87.671870518422423, 35.2840185 ] } },
{ "type": "Feature", "properties": { "county_nam": "Montgomery", "county_norm": "MONTGOMERY", "prec_id": "006469", "precinct_name": "Montgomery - 006469", "precinct_norm": "MONTGOMERY - 006469", "id": 447 }, "geometry": { "type": "Point", "coordinates": [ -87.265141089934303, 36.5020445 ] } },
{ "type": "Feature", "properties": { "county_nam": "Montgomery", "county_norm": "MONTGOMERY", "prec_id": "006474", "precinct_name": "Montgomery - 006474", "precinct_norm": "MONTGOMERY - 006474", "id": 448 }, "geometry": { "type": "Point", "coordinates": [ -87.338552505622658, 36.5264245 ] } },
{ "type": "Feature", "properties": { "county_nam": "Montgomery", "county_norm": "MONTGOMERY", "prec_id": "006465", "precinct_name": "Montgomery - 006465", "precinct_norm": "MONTGOMERY - 006465", "id": 449 }, "geometry": { "type": "Point", "coordinates": [ -87.333639576155718, 36.5732955 ] } },
{ "type": "Feature", "properties": { "county_nam": "Unicoi", "county_norm": "UNICOI", "prec_id": "008907", "precinct_name": "Unicoi - 008907", "precinct_norm": "UNICOI - 008907", "id": 450 }, "geometry": { "type": "Point", "coordinates": [ -82.291089899067345, 36.179479 ] } },
{ "type": "Feature", "properties": { "county_nam": "Sumner", "county_norm": "SUMNER", "prec_id": "008602", "precinct_name": "Sumner - 008602", "precinct_norm": "SUMNER - 008602", "id": 451 }, "geometry": { "type": "Point", "coordinates": [ -86.531234360046625, 36.3120995 ] } },
{ "type": "Feature", "properties": { "county_nam": "Lincoln", "county_norm": "LINCOLN", "prec_id": "000012", "precinct_name": "Lincoln - 000012", "precinct_norm": "LINCOLN - 000012", "id": 452 }, "geometry": { "type": "Point", "coordinates": [ -86.513200025203886, 35.113395 ] } },
{ "type": "Feature", "properties": { "county_nam": "Marion", "county_norm": "MARION", "prec_id": "005755", "precinct_name": "Marion - 005755", "precinct_norm": "MARION - 005755", "id": 453 }, "geometry": { "type": "Point", "coordinates": [ -85.754275719273778, 35.122019 ] } },
{ "type": "Feature", "properties": { "county_nam": "Shelby", "county_norm": "SHELBY", "prec_id": "008102", "precinct_name": "Shelby - 008102", "precinct_norm": "SHELBY - 008102", "id": 454 }, "geometry": { "type": "Point", "coordinates": [ -90.055703616324223, 35.1386595 ] } },
{ "type": "Feature", "properties": { "county_nam": "Shelby", "county_norm": "SHELBY", "prec_id": "008087", "precinct_name": "Shelby - 008087", "precinct_norm": "SHELBY - 008087", "id": 455 }, "geometry": { "type": "Point", "coordinates": [ -89.797731132483733, 35.1005245 ] } },
{ "type": "Feature", "properties": { "county_nam": "Shelby", "county_norm": "SHELBY", "prec_id": "008111", "precinct_name": "Shelby - 008111", "precinct_norm": "SHELBY - 008111", "id": 456 }, "geometry": { "type": "Point", "coordinates": [ -90.020053946626902, 35.166933 ] } },
{ "type": "Feature", "properties": { "county_nam": "DeKalb", "county_norm": "DEKALB", "prec_id": "002152", "precinct_name": "DeKalb - 002152", "precinct_norm": "DEKALB - 002152", "id": 457 }, "geometry": { "type": "Point", "coordinates": [ -86.002694185958262, 35.97652 ] } },
{ "type": "Feature", "properties": { "county_nam": "Carroll", "county_norm": "CARROLL", "prec_id": "000806", "precinct_name": "Carroll - 000806", "precinct_norm": "CARROLL - 000806", "id": 458 }, "geometry": { "type": "Point", "coordinates": [ -88.367248174541302, 35.940625 ] } },
{ "type": "Feature", "properties": { "county_nam": "Benton", "county_norm": "BENTON", "prec_id": "000202", "precinct_name": "Benton - 000202", "precinct_norm": "BENTON - 000202", "id": 459 }, "geometry": { "type": "Point", "coordinates": [ -88.004405460851387, 36.121006 ] } },
{ "type": "Feature", "properties": { "county_nam": "Decatur", "county_norm": "DECATUR", "prec_id": "002060", "precinct_name": "Decatur - 002060", "precinct_norm": "DECATUR - 002060", "id": 460 }, "geometry": { "type": "Point", "coordinates": [ -88.205078011116342, 35.425115 ] } },
{ "type": "Feature", "properties": { "county_nam": "Decatur", "county_norm": "DECATUR", "prec_id": "002059", "precinct_name": "Decatur - 002059", "precinct_norm": "DECATUR - 002059", "id": 461 }, "geometry": { "type": "Point", "coordinates": [ -88.144260304113388, 35.765379 ] } },
{ "type": "Feature", "properties": { "county_nam": "Marion", "county_norm": "MARION", "prec_id": "005762", "precinct_name": "Marion - 005762", "precinct_norm": "MARION - 005762", "id": 462 }, "geometry": { "type": "Point", "coordinates": [ -85.527514405036371, 35.1024105 ] } },
{ "type": "Feature", "properties": { "county_nam": "Bedford", "county_norm": "BEDFORD", "prec_id": "000102", "precinct_name": "Bedford - 000102", "precinct_norm": "BEDFORD - 000102", "id": 463 }, "geometry": { "type": "Point", "coordinates": [ -86.320396930416251, 35.6025245 ] } },
{ "type": "Feature", "properties": { "county_nam": "Bedford", "county_norm": "BEDFORD", "prec_id": "000106", "precinct_name": "Bedford - 000106", "precinct_norm": "BEDFORD - 000106", "id": 464 }, "geometry": { "type": "Point", "coordinates": [ -86.409635883738389, 35.3968235 ] } },
{ "type": "Feature", "properties": { "county_nam": "Greene", "county_norm": "GREENE", "prec_id": "003063", "precinct_name": "Greene - 003063", "precinct_norm": "GREENE - 003063", "id": 465 }, "geometry": { "type": "Point", "coordinates": [ -82.786424506419152, 36.1766155 ] } },
{ "type": "Feature", "properties": { "county_nam": "Greene", "county_norm": "GREENE", "prec_id": "003080", "precinct_name": "Greene - 003080", "precinct_norm": "GREENE - 003080", "id": 466 }, "geometry": { "type": "Point", "coordinates": [ -82.836936535547466, 36.2473065 ] } },
{ "type": "Feature", "properties": { "county_nam": "Greene", "county_norm": "GREENE", "prec_id": "003054", "precinct_name": "Greene - 003054", "precinct_norm": "GREENE - 003054", "id": 467 }, "geometry": { "type": "Point", "coordinates": [ -83.125706907615381, 36.1786825 ] } },
{ "type": "Feature", "properties": { "county_nam": "Coffee", "county_norm": "COFFEE", "prec_id": "001508", "precinct_name": "Coffee - 001508", "precinct_norm": "COFFEE - 001508", "id": 468 }, "geometry": { "type": "Point", "coordinates": [ -86.049075886222667, 35.562818 ] } },
{ "type": "Feature", "properties": { "county_nam": "Coffee", "county_norm": "COFFEE", "prec_id": "001520", "precinct_name": "Coffee - 001520", "precinct_norm": "COFFEE - 001520", "id": 469 }, "geometry": { "type": "Point", "coordinates": [ -86.221731947943695, 35.350641 ] } },
{ "type": "Feature", "properties": { "county_nam": "Coffee", "county_norm": "COFFEE", "prec_id": "001521", "precinct_name": "Coffee - 001521", "precinct_norm": "COFFEE - 001521", "id": 470 }, "geometry": { "type": "Point", "coordinates": [ -86.236699548524115, 35.352757 ] } },
{ "type": "Feature", "properties": { "county_nam": "Coffee", "county_norm": "COFFEE", "prec_id": "001518", "precinct_name": "Coffee - 001518", "precinct_norm": "COFFEE - 001518", "id": 471 }, "geometry": { "type": "Point", "coordinates": [ -86.240145112722303, 35.3842905 ] } },
{ "type": "Feature", "properties": { "county_nam": "Decatur", "county_norm": "DECATUR", "prec_id": "002057", "precinct_name": "Decatur - 002057", "precinct_norm": "DECATUR - 002057", "id": 472 }, "geometry": { "type": "Point", "coordinates": [ -88.03497056693945, 35.764734 ] } },
{ "type": "Feature", "properties": { "county_nam": "Greene", "county_norm": "GREENE", "prec_id": "003053", "precinct_name": "Greene - 003053", "precinct_norm": "GREENE - 003053", "id": 473 }, "geometry": { "type": "Point", "coordinates": [ -82.959320610556006, 36.046338 ] } },
{ "type": "Feature", "properties": { "county_nam": "DeKalb", "county_norm": "DEKALB", "prec_id": "002151", "precinct_name": "DeKalb - 002151", "precinct_norm": "DEKALB - 002151", "id": 474 }, "geometry": { "type": "Point", "coordinates": [ -85.802632775154649, 36.086422 ] } },
{ "type": "Feature", "properties": { "county_nam": "DeKalb", "county_norm": "DEKALB", "prec_id": "002159", "precinct_name": "DeKalb - 002159", "precinct_norm": "DEKALB - 002159", "id": 475 }, "geometry": { "type": "Point", "coordinates": [ -85.883046541689311, 36.052505 ] } },
{ "type": "Feature", "properties": { "county_nam": "DeKalb", "county_norm": "DEKALB", "prec_id": "002164", "precinct_name": "DeKalb - 002164", "precinct_norm": "DEKALB - 002164", "id": 476 }, "geometry": { "type": "Point", "coordinates": [ -85.689691082749206, 35.960754 ] } },
{ "type": "Feature", "properties": { "county_nam": "Dickson", "county_norm": "DICKSON", "prec_id": "002252", "precinct_name": "Dickson - 002252", "precinct_norm": "DICKSON - 002252", "id": 477 }, "geometry": { "type": "Point", "coordinates": [ -87.281954477157697, 36.0277885 ] } },
{ "type": "Feature", "properties": { "county_nam": "Dickson", "county_norm": "DICKSON", "prec_id": "002257", "precinct_name": "Dickson - 002257", "precinct_norm": "DICKSON - 002257", "id": 478 }, "geometry": { "type": "Point", "coordinates": [ -87.50300988197418, 36.052935 ] } },
{ "type": "Feature", "properties": { "county_nam": "Shelby", "county_norm": "SHELBY", "prec_id": "008201", "precinct_name": "Shelby - 008201", "precinct_norm": "SHELBY - 008201", "id": 479 }, "geometry": { "type": "Point", "coordinates": [ -90.082351442618119, 35.013387 ] } },
{ "type": "Feature", "properties": { "county_nam": "Shelby", "county_norm": "SHELBY", "prec_id": "008125", "precinct_name": "Shelby - 008125", "precinct_norm": "SHELBY - 008125", "id": 480 }, "geometry": { "type": "Point", "coordinates": [ -89.963852902763477, 35.148406 ] } },
{ "type": "Feature", "properties": { "county_nam": "Shelby", "county_norm": "SHELBY", "prec_id": "008096", "precinct_name": "Shelby - 008096", "precinct_norm": "SHELBY - 008096", "id": 481 }, "geometry": { "type": "Point", "coordinates": [ -89.730005784617532, 35.2429865 ] } },
{ "type": "Feature", "properties": { "county_nam": "Cheatham", "county_norm": "CHEATHAM", "prec_id": "001006", "precinct_name": "Cheatham - 001006", "precinct_norm": "CHEATHAM - 001006", "id": 482 }, "geometry": { "type": "Point", "coordinates": [ -87.123266344248236, 36.1268685 ] } },
{ "type": "Feature", "properties": { "county_nam": "Sumner", "county_norm": "SUMNER", "prec_id": "008635", "precinct_name": "Sumner - 008635", "precinct_norm": "SUMNER - 008635", "id": 483 }, "geometry": { "type": "Point", "coordinates": [ -86.370593745890531, 36.4619225 ] } },
{ "type": "Feature", "properties": { "county_nam": "Sumner", "county_norm": "SUMNER", "prec_id": "008601", "precinct_name": "Sumner - 008601", "precinct_norm": "SUMNER - 008601", "id": 484 }, "geometry": { "type": "Point", "coordinates": [ -86.50223312767929, 36.335521 ] } },
{ "type": "Feature", "properties": { "county_nam": "Sumner", "county_norm": "SUMNER", "prec_id": "008609", "precinct_name": "Sumner - 008609", "precinct_norm": "SUMNER - 008609", "id": 485 }, "geometry": { "type": "Point", "coordinates": [ -86.424101451580668, 36.3965915 ] } },
{ "type": "Feature", "properties": { "county_nam": "Coffee", "county_norm": "COFFEE", "prec_id": "001522", "precinct_name": "Coffee - 001522", "precinct_norm": "COFFEE - 001522", "id": 486 }, "geometry": { "type": "Point", "coordinates": [ -86.042445227230871, 35.6232055 ] } },
{ "type": "Feature", "properties": { "county_nam": "Hickman", "county_norm": "HICKMAN", "prec_id": "004202", "precinct_name": "Hickman - 004202", "precinct_norm": "HICKMAN - 004202", "id": 487 }, "geometry": { "type": "Point", "coordinates": [ -87.354579900524641, 35.942513 ] } },
{ "type": "Feature", "properties": { "county_nam": "Shelby", "county_norm": "SHELBY", "prec_id": "008051", "precinct_name": "Shelby - 008051", "precinct_norm": "SHELBY - 008051", "id": 488 }, "geometry": { "type": "Point", "coordinates": [ -89.656012863146344, 35.2926795 ] } },
{ "type": "Feature", "properties": { "county_nam": "Morgan", "county_norm": "MORGAN", "prec_id": "006653", "precinct_name": "Morgan - 006653", "precinct_norm": "MORGAN - 006653", "id": 489 }, "geometry": { "type": "Point", "coordinates": [ -84.44655852536232, 36.110227 ] } },
{ "type": "Feature", "properties": { "county_nam": "Cheatham", "county_norm": "CHEATHAM", "prec_id": "001001", "precinct_name": "Cheatham - 001001", "precinct_norm": "CHEATHAM - 001001", "id": 490 }, "geometry": { "type": "Point", "coordinates": [ -86.991923171566839, 36.3272375 ] } },
{ "type": "Feature", "properties": { "county_nam": "Cheatham", "county_norm": "CHEATHAM", "prec_id": "001004", "precinct_name": "Cheatham - 001004", "precinct_norm": "CHEATHAM - 001004", "id": 491 }, "geometry": { "type": "Point", "coordinates": [ -87.01971782288247, 36.2647435 ] } },
{ "type": "Feature", "properties": { "county_nam": "Davidson", "county_norm": "DAVIDSON", "prec_id": "001863", "precinct_name": "Davidson - 001863", "precinct_norm": "DAVIDSON - 001863", "id": 492 }, "geometry": { "type": "Point", "coordinates": [ -86.622057400225998, 36.1751155 ] } },
{ "type": "Feature", "properties": { "county_nam": "Davidson", "county_norm": "DAVIDSON", "prec_id": "001901", "precinct_name": "Davidson - 001901", "precinct_norm": "DAVIDSON - 001901", "id": 493 }, "geometry": { "type": "Point", "coordinates": [ -86.81152078669345, 36.16129 ] } },
{ "type": "Feature", "properties": { "county_nam": "Davidson", "county_norm": "DAVIDSON", "prec_id": "001835", "precinct_name": "Davidson - 001835", "precinct_norm": "DAVIDSON - 001835", "id": 494 }, "geometry": { "type": "Point", "coordinates": [ -86.716927394930337, 36.2249065 ] } },
{ "type": "Feature", "properties": { "county_nam": "Davidson", "county_norm": "DAVIDSON", "prec_id": "001910", "precinct_name": "Davidson - 001910", "precinct_norm": "DAVIDSON - 001910", "id": 495 }, "geometry": { "type": "Point", "coordinates": [ -86.853123273716832, 36.098295 ] } },
{ "type": "Feature", "properties": { "county_nam": "Davidson", "county_norm": "DAVIDSON", "prec_id": "001850", "precinct_name": "Davidson - 001850", "precinct_norm": "DAVIDSON - 001850", "id": 496 }, "geometry": { "type": "Point", "coordinates": [ -86.661336052503643, 36.2679345 ] } },
{ "type": "Feature", "properties": { "county_nam": "Davidson", "county_norm": "DAVIDSON", "prec_id": "001830", "precinct_name": "Davidson - 001830", "precinct_norm": "DAVIDSON - 001830", "id": 497 }, "geometry": { "type": "Point", "coordinates": [ -86.737990387261249, 36.1880335 ] } },
{ "type": "Feature", "properties": { "county_nam": "Davidson", "county_norm": "DAVIDSON", "prec_id": "001892", "precinct_name": "Davidson - 001892", "precinct_norm": "DAVIDSON - 001892", "id": 498 }, "geometry": { "type": "Point", "coordinates": [ -86.796853739468474, 36.170978 ] } },
{ "type": "Feature", "properties": { "county_nam": "Coffee", "county_norm": "COFFEE", "prec_id": "001501", "precinct_name": "Coffee - 001501", "precinct_norm": "COFFEE - 001501", "id": 499 }, "geometry": { "type": "Point", "coordinates": [ -86.081285559668515, 35.4909275 ] } },
{ "type": "Feature", "properties": { "county_nam": "Anderson", "county_norm": "ANDERSON", "prec_id": "000020", "precinct_name": "Anderson - 000020", "precinct_norm": "ANDERSON - 000020", "id": 500 }, "geometry": { "type": "Point", "coordinates": [ -84.32274220415826, 36.0697135 ] } },
{ "type": "Feature", "properties": { "county_nam": "Sullivan", "county_norm": "SULLIVAN", "prec_id": "008507", "precinct_name": "Sullivan - 008507", "precinct_norm": "SULLIVAN - 008507", "id": 501 }, "geometry": { "type": "Point", "coordinates": [ -82.159844965915738, 36.4586345 ] } },
{ "type": "Feature", "properties": { "county_nam": "Lincoln", "county_norm": "LINCOLN", "prec_id": "000005", "precinct_name": "Lincoln - 000005", "precinct_norm": "LINCOLN - 000005", "id": 502 }, "geometry": { "type": "Point", "coordinates": [ -86.615697153104023, 35.111298 ] } },
{ "type": "Feature", "properties": { "county_nam": "Shelby", "county_norm": "SHELBY", "prec_id": "008152", "precinct_name": "Shelby - 008152", "precinct_norm": "SHELBY - 008152", "id": 503 }, "geometry": { "type": "Point", "coordinates": [ -89.905610787450286, 35.164417 ] } },
{ "type": "Feature", "properties": { "county_nam": "Shelby", "county_norm": "SHELBY", "prec_id": "008212", "precinct_name": "Shelby - 008212", "precinct_norm": "SHELBY - 008212", "id": 504 }, "geometry": { "type": "Point", "coordinates": [ -90.021702726126691, 35.013342 ] } },
{ "type": "Feature", "properties": { "county_nam": "Shelby", "county_norm": "SHELBY", "prec_id": "008178", "precinct_name": "Shelby - 008178", "precinct_norm": "SHELBY - 008178", "id": 505 }, "geometry": { "type": "Point", "coordinates": [ -89.87742346429539, 35.0953525 ] } },
{ "type": "Feature", "properties": { "county_nam": "Shelby", "county_norm": "SHELBY", "prec_id": "008217", "precinct_name": "Shelby - 008217", "precinct_norm": "SHELBY - 008217", "id": 506 }, "geometry": { "type": "Point", "coordinates": [ -89.86370513017323, 35.117348 ] } },
{ "type": "Feature", "properties": { "county_nam": "Shelby", "county_norm": "SHELBY", "prec_id": "008159", "precinct_name": "Shelby - 008159", "precinct_norm": "SHELBY - 008159", "id": 507 }, "geometry": { "type": "Point", "coordinates": [ -89.923844324402864, 35.0927035 ] } },
{ "type": "Feature", "properties": { "county_nam": "Davidson", "county_norm": "DAVIDSON", "prec_id": "001810", "precinct_name": "Davidson - 001810", "precinct_norm": "DAVIDSON - 001810", "id": 508 }, "geometry": { "type": "Point", "coordinates": [ -86.835325923763733, 36.1977275 ] } },
{ "type": "Feature", "properties": { "county_nam": "Coffee", "county_norm": "COFFEE", "prec_id": "001523", "precinct_name": "Coffee - 001523", "precinct_norm": "COFFEE - 001523", "id": 509 }, "geometry": { "type": "Point", "coordinates": [ -85.983243913894768, 35.5759355 ] } },
{ "type": "Feature", "properties": { "county_nam": "Unicoi", "county_norm": "UNICOI", "prec_id": "008905", "precinct_name": "Unicoi - 008905", "precinct_norm": "UNICOI - 008905", "id": 510 }, "geometry": { "type": "Point", "coordinates": [ -82.363164765567348, 36.165531 ] } },
{ "type": "Feature", "properties": { "county_nam": "Unicoi", "county_norm": "UNICOI", "prec_id": "008902", "precinct_name": "Unicoi - 008902", "precinct_norm": "UNICOI - 008902", "id": 511 }, "geometry": { "type": "Point", "coordinates": [ -82.408241486002083, 36.115466 ] } },
{ "type": "Feature", "properties": { "county_nam": "Davidson", "county_norm": "DAVIDSON", "prec_id": "001956", "precinct_name": "Davidson - 001956", "precinct_norm": "DAVIDSON - 001956", "id": 512 }, "geometry": { "type": "Point", "coordinates": [ -86.911277668796316, 36.0594105 ] } },
{ "type": "Feature", "properties": { "county_nam": "Davidson", "county_norm": "DAVIDSON", "prec_id": "001905", "precinct_name": "Davidson - 001905", "precinct_norm": "DAVIDSON - 001905", "id": 513 }, "geometry": { "type": "Point", "coordinates": [ -86.975869599307359, 36.069736 ] } },
{ "type": "Feature", "properties": { "county_nam": "Davidson", "county_norm": "DAVIDSON", "prec_id": "001945", "precinct_name": "Davidson - 001945", "precinct_norm": "DAVIDSON - 001945", "id": 514 }, "geometry": { "type": "Point", "coordinates": [ -86.654024692298577, 36.0462765 ] } },
{ "type": "Feature", "properties": { "county_nam": "Davidson", "county_norm": "DAVIDSON", "prec_id": "001914", "precinct_name": "Davidson - 001914", "precinct_norm": "DAVIDSON - 001914", "id": 515 }, "geometry": { "type": "Point", "coordinates": [ -86.839523478159123, 36.1265055 ] } },
{ "type": "Feature", "properties": { "county_nam": "Davidson", "county_norm": "DAVIDSON", "prec_id": "001921", "precinct_name": "Davidson - 001921", "precinct_norm": "DAVIDSON - 001921", "id": 516 }, "geometry": { "type": "Point", "coordinates": [ -86.786854184951352, 36.108226 ] } },
{ "type": "Feature", "properties": { "county_nam": "Sumner", "county_norm": "SUMNER", "prec_id": "008611", "precinct_name": "Sumner - 008611", "precinct_norm": "SUMNER - 008611", "id": 517 }, "geometry": { "type": "Point", "coordinates": [ -86.512286522771461, 36.3791685 ] } },
{ "type": "Feature", "properties": { "county_nam": "Sumner", "county_norm": "SUMNER", "prec_id": "008632", "precinct_name": "Sumner - 008632", "precinct_norm": "SUMNER - 008632", "id": 518 }, "geometry": { "type": "Point", "coordinates": [ -86.27287187978061, 36.5488015 ] } },
{ "type": "Feature", "properties": { "county_nam": "Sumner", "county_norm": "SUMNER", "prec_id": "008622", "precinct_name": "Sumner - 008622", "precinct_norm": "SUMNER - 008622", "id": 519 }, "geometry": { "type": "Point", "coordinates": [ -86.557601211669919, 36.3373795 ] } },
{ "type": "Feature", "properties": { "county_nam": "Sumner", "county_norm": "SUMNER", "prec_id": "008603", "precinct_name": "Sumner - 008603", "precinct_norm": "SUMNER - 008603", "id": 520 }, "geometry": { "type": "Point", "coordinates": [ -86.58885266529532, 36.303332 ] } },
{ "type": "Feature", "properties": { "county_nam": "Sumner", "county_norm": "SUMNER", "prec_id": "008625", "precinct_name": "Sumner - 008625", "precinct_norm": "SUMNER - 008625", "id": 521 }, "geometry": { "type": "Point", "coordinates": [ -86.704701434917467, 36.3830165 ] } },
{ "type": "Feature", "properties": { "county_nam": "Cumberland", "county_norm": "CUMBERLAND", "prec_id": "001713", "precinct_name": "Cumberland - 001713", "precinct_norm": "CUMBERLAND - 001713", "id": 522 }, "geometry": { "type": "Point", "coordinates": [ -84.992416021478107, 35.8204765 ] } },
{ "type": "Feature", "properties": { "county_nam": "Sumner", "county_norm": "SUMNER", "prec_id": "008607", "precinct_name": "Sumner - 008607", "precinct_norm": "SUMNER - 008607", "id": 523 }, "geometry": { "type": "Point", "coordinates": [ -86.338963123653727, 36.377989 ] } },
{ "type": "Feature", "properties": { "county_nam": "Lauderdale", "county_norm": "LAUDERDALE", "prec_id": "005063", "precinct_name": "Lauderdale - 005063", "precinct_norm": "LAUDERDALE - 005063", "id": 524 }, "geometry": { "type": "Point", "coordinates": [ -89.398196763923011, 35.882508 ] } },
{ "type": "Feature", "properties": { "county_nam": "Macon", "county_norm": "MACON", "prec_id": "005552", "precinct_name": "Macon - 005552", "precinct_norm": "MACON - 005552", "id": 525 }, "geometry": { "type": "Point", "coordinates": [ -85.892872863573018, 36.4818895 ] } },
{ "type": "Feature", "properties": { "county_nam": "Jackson", "county_norm": "JACKSON", "prec_id": "004511", "precinct_name": "Jackson - 004511", "precinct_norm": "JACKSON - 004511", "id": 526 }, "geometry": { "type": "Point", "coordinates": [ -85.591872162832061, 36.2550215 ] } },
{ "type": "Feature", "properties": { "county_nam": "Macon", "county_norm": "MACON", "prec_id": "005551", "precinct_name": "Macon - 005551", "precinct_norm": "MACON - 005551", "id": 527 }, "geometry": { "type": "Point", "coordinates": [ -85.836985665732811, 36.566661 ] } },
{ "type": "Feature", "properties": { "county_nam": "Macon", "county_norm": "MACON", "prec_id": "005553", "precinct_name": "Macon - 005553", "precinct_norm": "MACON - 005553", "id": 528 }, "geometry": { "type": "Point", "coordinates": [ -85.942149189768287, 36.5669215 ] } },
{ "type": "Feature", "properties": { "county_nam": "Jackson", "county_norm": "JACKSON", "prec_id": "004502", "precinct_name": "Jackson - 004502", "precinct_norm": "JACKSON - 004502", "id": 529 }, "geometry": { "type": "Point", "coordinates": [ -85.585139933865491, 36.429642 ] } },
{ "type": "Feature", "properties": { "county_nam": "Sevier", "county_norm": "SEVIER", "prec_id": "007961", "precinct_name": "Sevier - 007961", "precinct_norm": "SEVIER - 007961", "id": 530 }, "geometry": { "type": "Point", "coordinates": [ -83.648715569408751, 35.867433 ] } },
{ "type": "Feature", "properties": { "county_nam": "Sevier", "county_norm": "SEVIER", "prec_id": "007956", "precinct_name": "Sevier - 007956", "precinct_norm": "SEVIER - 007956", "id": 531 }, "geometry": { "type": "Point", "coordinates": [ -83.476349214528256, 35.673519 ] } },
{ "type": "Feature", "properties": { "county_nam": "Sevier", "county_norm": "SEVIER", "prec_id": "007958", "precinct_name": "Sevier - 007958", "precinct_norm": "SEVIER - 007958", "id": 532 }, "geometry": { "type": "Point", "coordinates": [ -83.612424096218888, 35.734056 ] } },
{ "type": "Feature", "properties": { "county_nam": "Sevier", "county_norm": "SEVIER", "prec_id": "007967", "precinct_name": "Sevier - 007967", "precinct_norm": "SEVIER - 007967", "id": 533 }, "geometry": { "type": "Point", "coordinates": [ -83.667915055511969, 35.93146 ] } },
{ "type": "Feature", "properties": { "county_nam": "Sevier", "county_norm": "SEVIER", "prec_id": "007962", "precinct_name": "Sevier - 007962", "precinct_norm": "SEVIER - 007962", "id": 534 }, "geometry": { "type": "Point", "coordinates": [ -83.57534708039006, 35.861491 ] } },
{ "type": "Feature", "properties": { "county_nam": "Sevier", "county_norm": "SEVIER", "prec_id": "007963", "precinct_name": "Sevier - 007963", "precinct_norm": "SEVIER - 007963", "id": 535 }, "geometry": { "type": "Point", "coordinates": [ -83.530102780681943, 35.8538335 ] } },
{ "type": "Feature", "properties": { "county_nam": "Sevier", "county_norm": "SEVIER", "prec_id": "007959", "precinct_name": "Sevier - 007959", "precinct_norm": "SEVIER - 007959", "id": 536 }, "geometry": { "type": "Point", "coordinates": [ -83.661388979594307, 35.7815935 ] } },
{ "type": "Feature", "properties": { "county_nam": "Marion", "county_norm": "MARION", "prec_id": "005764", "precinct_name": "Marion - 005764", "precinct_norm": "MARION - 005764", "id": 537 }, "geometry": { "type": "Point", "coordinates": [ -85.842419919995109, 35.0565635 ] } },
{ "type": "Feature", "properties": { "county_nam": "Cheatham", "county_norm": "CHEATHAM", "prec_id": "001007", "precinct_name": "Cheatham - 001007", "precinct_norm": "CHEATHAM - 001007", "id": 538 }, "geometry": { "type": "Point", "coordinates": [ -87.024503027573417, 36.1389725 ] } },
{ "type": "Feature", "properties": { "county_nam": "Sumner", "county_norm": "SUMNER", "prec_id": "008626", "precinct_name": "Sumner - 008626", "precinct_norm": "SUMNER - 008626", "id": 539 }, "geometry": { "type": "Point", "coordinates": [ -86.65031601109601, 36.4350945 ] } },
{ "type": "Feature", "properties": { "county_nam": "Greene", "county_norm": "GREENE", "prec_id": "003052", "precinct_name": "Greene - 003052", "precinct_norm": "GREENE - 003052", "id": 540 }, "geometry": { "type": "Point", "coordinates": [ -82.762997976437589, 36.070947 ] } },
{ "type": "Feature", "properties": { "county_nam": "Greene", "county_norm": "GREENE", "prec_id": "003059", "precinct_name": "Greene - 003059", "precinct_norm": "GREENE - 003059", "id": 541 }, "geometry": { "type": "Point", "coordinates": [ -82.880189251314718, 36.0962345 ] } },
{ "type": "Feature", "properties": { "county_nam": "Greene", "county_norm": "GREENE", "prec_id": "003061", "precinct_name": "Greene - 003061", "precinct_norm": "GREENE - 003061", "id": 542 }, "geometry": { "type": "Point", "coordinates": [ -82.8329832772082, 36.1737265 ] } },
{ "type": "Feature", "properties": { "county_nam": "Greene", "county_norm": "GREENE", "prec_id": "003065", "precinct_name": "Greene - 003065", "precinct_norm": "GREENE - 003065", "id": 543 }, "geometry": { "type": "Point", "coordinates": [ -82.819989981971588, 36.1543515 ] } },
{ "type": "Feature", "properties": { "county_nam": "Madison", "county_norm": "MADISON", "prec_id": "005681", "precinct_name": "Madison - 005681", "precinct_norm": "MADISON - 005681", "id": 544 }, "geometry": { "type": "Point", "coordinates": [ -88.914279263485582, 35.7289 ] } },
{ "type": "Feature", "properties": { "county_nam": "Tipton", "county_norm": "TIPTON", "prec_id": "008703", "precinct_name": "Tipton - 008703", "precinct_norm": "TIPTON - 008703", "id": 545 }, "geometry": { "type": "Point", "coordinates": [ -89.590024070859869, 35.4364575 ] } },
{ "type": "Feature", "properties": { "county_nam": "Tipton", "county_norm": "TIPTON", "prec_id": "008704", "precinct_name": "Tipton - 008704", "precinct_norm": "TIPTON - 008704", "id": 546 }, "geometry": { "type": "Point", "coordinates": [ -89.7734474371575, 35.5679925 ] } },
{ "type": "Feature", "properties": { "county_nam": "Coffee", "county_norm": "COFFEE", "prec_id": "001517", "precinct_name": "Coffee - 001517", "precinct_norm": "COFFEE - 001517", "id": 547 }, "geometry": { "type": "Point", "coordinates": [ -86.185705528412512, 35.3743945 ] } },
{ "type": "Feature", "properties": { "county_nam": "Coffee", "county_norm": "COFFEE", "prec_id": "001513", "precinct_name": "Coffee - 001513", "precinct_norm": "COFFEE - 001513", "id": 548 }, "geometry": { "type": "Point", "coordinates": [ -86.216780622128042, 35.4335955 ] } },
{ "type": "Feature", "properties": { "county_nam": "Coffee", "county_norm": "COFFEE", "prec_id": "001512", "precinct_name": "Coffee - 001512", "precinct_norm": "COFFEE - 001512", "id": 549 }, "geometry": { "type": "Point", "coordinates": [ -86.177511558114531, 35.463741 ] } },
{ "type": "Feature", "properties": { "county_nam": "Overton", "county_norm": "OVERTON", "prec_id": "006855", "precinct_name": "Overton - 006855", "precinct_norm": "OVERTON - 006855", "id": 550 }, "geometry": { "type": "Point", "coordinates": [ -85.336071630489329, 36.344875 ] } },
{ "type": "Feature", "properties": { "county_nam": "Sequatchie", "county_norm": "SEQUATCHIE", "prec_id": "007851", "precinct_name": "Sequatchie - 007851", "precinct_norm": "SEQUATCHIE - 007851", "id": 551 }, "geometry": { "type": "Point", "coordinates": [ -85.284486218944338, 35.34529 ] } },
{ "type": "Feature", "properties": { "county_nam": "Overton", "county_norm": "OVERTON", "prec_id": "006857", "precinct_name": "Overton - 006857", "precinct_norm": "OVERTON - 006857", "id": 552 }, "geometry": { "type": "Point", "coordinates": [ -85.351862193726959, 36.275794 ] } },
{ "type": "Feature", "properties": { "county_nam": "Overton", "county_norm": "OVERTON", "prec_id": "006854", "precinct_name": "Overton - 006854", "precinct_norm": "OVERTON - 006854", "id": 553 }, "geometry": { "type": "Point", "coordinates": [ -85.207454523392727, 36.451405 ] } },
{ "type": "Feature", "properties": { "county_nam": "Loudon", "county_norm": "LOUDON", "prec_id": "005451", "precinct_name": "Loudon - 005451", "precinct_norm": "LOUDON - 005451", "id": 554 }, "geometry": { "type": "Point", "coordinates": [ -84.490641455916489, 35.680387 ] } },
{ "type": "Feature", "properties": { "county_nam": "Polk", "county_norm": "POLK", "prec_id": "007160", "precinct_name": "Polk - 007160", "precinct_norm": "POLK - 007160", "id": 555 }, "geometry": { "type": "Point", "coordinates": [ -84.450600934546443, 35.230104 ] } },
{ "type": "Feature", "properties": { "county_nam": "Greene", "county_norm": "GREENE", "prec_id": "003067", "precinct_name": "Greene - 003067", "precinct_norm": "GREENE - 003067", "id": 556 }, "geometry": { "type": "Point", "coordinates": [ -82.859226678822736, 36.323139 ] } },
{ "type": "Feature", "properties": { "county_nam": "Greene", "county_norm": "GREENE", "prec_id": "003076", "precinct_name": "Greene - 003076", "precinct_norm": "GREENE - 003076", "id": 557 }, "geometry": { "type": "Point", "coordinates": [ -82.694250903512497, 36.349204 ] } },
{ "type": "Feature", "properties": { "county_nam": "Haywood", "county_norm": "HAYWOOD", "prec_id": "003902", "precinct_name": "Haywood - 003902", "precinct_norm": "HAYWOOD - 003902", "id": 558 }, "geometry": { "type": "Point", "coordinates": [ -89.274361145246161, 35.604864 ] } },
{ "type": "Feature", "properties": { "county_nam": "Haywood", "county_norm": "HAYWOOD", "prec_id": "003903", "precinct_name": "Haywood - 003903", "precinct_norm": "HAYWOOD - 003903", "id": 559 }, "geometry": { "type": "Point", "coordinates": [ -89.21275296394839, 35.583888 ] } },
{ "type": "Feature", "properties": { "county_nam": "Van Buren", "county_norm": "VAN BUREN", "prec_id": "009103", "precinct_name": "Van Buren - 009103", "precinct_norm": "VAN BUREN - 009103", "id": 560 }, "geometry": { "type": "Point", "coordinates": [ -85.327254731116511, 35.723588 ] } },
{ "type": "Feature", "properties": { "county_nam": "Hickman", "county_norm": "HICKMAN", "prec_id": "004212", "precinct_name": "Hickman - 004212", "precinct_norm": "HICKMAN - 004212", "id": 561 }, "geometry": { "type": "Point", "coordinates": [ -87.588302179731954, 35.8735535 ] } },
{ "type": "Feature", "properties": { "county_nam": "Washington", "county_norm": "WASHINGTON", "prec_id": "009332", "precinct_name": "Washington - 009332", "precinct_norm": "WASHINGTON - 009332", "id": 562 }, "geometry": { "type": "Point", "coordinates": [ -82.528892294702004, 36.3672325 ] } },
{ "type": "Feature", "properties": { "county_nam": "Washington", "county_norm": "WASHINGTON", "prec_id": "009307", "precinct_name": "Washington - 009307", "precinct_norm": "WASHINGTON - 009307", "id": 563 }, "geometry": { "type": "Point", "coordinates": [ -82.587960831430067, 36.314168 ] } },
{ "type": "Feature", "properties": { "county_nam": "Carter", "county_norm": "CARTER", "prec_id": "000915", "precinct_name": "Carter - 000915", "precinct_norm": "CARTER - 000915", "id": 564 }, "geometry": { "type": "Point", "coordinates": [ -82.06980823551568, 36.1659055 ] } },
{ "type": "Feature", "properties": { "county_nam": "Putnam", "county_norm": "PUTNAM", "prec_id": "007262", "precinct_name": "Putnam - 007262", "precinct_norm": "PUTNAM - 007262", "id": 565 }, "geometry": { "type": "Point", "coordinates": [ -85.313775649359684, 36.0900195 ] } },
{ "type": "Feature", "properties": { "county_nam": "Putnam", "county_norm": "PUTNAM", "prec_id": "007251", "precinct_name": "Putnam - 007251", "precinct_norm": "PUTNAM - 007251", "id": 566 }, "geometry": { "type": "Point", "coordinates": [ -85.483025775628221, 36.206977 ] } },
{ "type": "Feature", "properties": { "county_nam": "Putnam", "county_norm": "PUTNAM", "prec_id": "007261", "precinct_name": "Putnam - 007261", "precinct_norm": "PUTNAM - 007261", "id": 567 }, "geometry": { "type": "Point", "coordinates": [ -85.426409394595353, 36.1507145 ] } },
{ "type": "Feature", "properties": { "county_nam": "Putnam", "county_norm": "PUTNAM", "prec_id": "007269", "precinct_name": "Putnam - 007269", "precinct_norm": "PUTNAM - 007269", "id": 568 }, "geometry": { "type": "Point", "coordinates": [ -85.644625463626497, 36.1255545 ] } },
{ "type": "Feature", "properties": { "county_nam": "Putnam", "county_norm": "PUTNAM", "prec_id": "007264", "precinct_name": "Putnam - 007264", "precinct_norm": "PUTNAM - 007264", "id": 569 }, "geometry": { "type": "Point", "coordinates": [ -85.531125299493524, 36.153887 ] } },
{ "type": "Feature", "properties": { "county_nam": "White", "county_norm": "WHITE", "prec_id": "009604", "precinct_name": "White - 009604", "precinct_norm": "WHITE - 009604", "id": 570 }, "geometry": { "type": "Point", "coordinates": [ -85.579827459856176, 36.0154925 ] } },
{ "type": "Feature", "properties": { "county_nam": "Cumberland", "county_norm": "CUMBERLAND", "prec_id": "001718", "precinct_name": "Cumberland - 001718", "precinct_norm": "CUMBERLAND - 001718", "id": 571 }, "geometry": { "type": "Point", "coordinates": [ -85.215258538374883, 35.9393325 ] } },
{ "type": "Feature", "properties": { "county_nam": "Cumberland", "county_norm": "CUMBERLAND", "prec_id": "001707", "precinct_name": "Cumberland - 001707", "precinct_norm": "CUMBERLAND - 001707", "id": 572 }, "geometry": { "type": "Point", "coordinates": [ -84.973228344036556, 35.940244 ] } },
{ "type": "Feature", "properties": { "county_nam": "Crockett", "county_norm": "CROCKETT", "prec_id": "001603", "precinct_name": "Crockett - 001603", "precinct_norm": "CROCKETT - 001603", "id": 573 }, "geometry": { "type": "Point", "coordinates": [ -89.297749420999054, 35.8451665 ] } },
{ "type": "Feature", "properties": { "county_nam": "Washington", "county_norm": "WASHINGTON", "prec_id": "009304", "precinct_name": "Washington - 009304", "precinct_norm": "WASHINGTON - 009304", "id": 574 }, "geometry": { "type": "Point", "coordinates": [ -82.429665032440596, 36.404161 ] } },
{ "type": "Feature", "properties": { "county_nam": "Washington", "county_norm": "WASHINGTON", "prec_id": "009312", "precinct_name": "Washington - 009312", "precinct_norm": "WASHINGTON - 009312", "id": 575 }, "geometry": { "type": "Point", "coordinates": [ -82.352378120815374, 36.339648 ] } },
{ "type": "Feature", "properties": { "county_nam": "Carter", "county_norm": "CARTER", "prec_id": "000907", "precinct_name": "Carter - 000907", "precinct_norm": "CARTER - 000907", "id": 576 }, "geometry": { "type": "Point", "coordinates": [ -82.229610901228796, 36.388368 ] } },
{ "type": "Feature", "properties": { "county_nam": "Anderson", "county_norm": "ANDERSON", "prec_id": "000017", "precinct_name": "Anderson - 000017", "precinct_norm": "ANDERSON - 000017", "id": 577 }, "geometry": { "type": "Point", "coordinates": [ -84.263393228121771, 36.059715 ] } },
{ "type": "Feature", "properties": { "county_nam": "Anderson", "county_norm": "ANDERSON", "prec_id": "000015", "precinct_name": "Anderson - 000015", "precinct_norm": "ANDERSON - 000015", "id": 578 }, "geometry": { "type": "Point", "coordinates": [ -84.155829866436889, 36.2230405 ] } },
{ "type": "Feature", "properties": { "county_nam": "Anderson", "county_norm": "ANDERSON", "prec_id": "000022", "precinct_name": "Anderson - 000022", "precinct_norm": "ANDERSON - 000022", "id": 579 }, "geometry": { "type": "Point", "coordinates": [ -84.246270798492461, 36.041092 ] } },
{ "type": "Feature", "properties": { "county_nam": "White", "county_norm": "WHITE", "prec_id": "009603", "precinct_name": "White - 009603", "precinct_norm": "WHITE - 009603", "id": 580 }, "geometry": { "type": "Point", "coordinates": [ -85.530100790721576, 35.8567665 ] } },
{ "type": "Feature", "properties": { "county_nam": "Putnam", "county_norm": "PUTNAM", "prec_id": "007258", "precinct_name": "Putnam - 007258", "precinct_norm": "PUTNAM - 007258", "id": 581 }, "geometry": { "type": "Point", "coordinates": [ -85.518445914681578, 36.183202 ] } },
{ "type": "Feature", "properties": { "county_nam": "Putnam", "county_norm": "PUTNAM", "prec_id": "007271", "precinct_name": "Putnam - 007271", "precinct_norm": "PUTNAM - 007271", "id": 582 }, "geometry": { "type": "Point", "coordinates": [ -85.707336617896246, 36.200062 ] } },
{ "type": "Feature", "properties": { "county_nam": "Campbell", "county_norm": "CAMPBELL", "prec_id": "000603", "precinct_name": "Campbell - 000603", "precinct_norm": "CAMPBELL - 000603", "id": 583 }, "geometry": { "type": "Point", "coordinates": [ -84.129488105461206, 36.3770375 ] } },
{ "type": "Feature", "properties": { "county_nam": "Overton", "county_norm": "OVERTON", "prec_id": "006851", "precinct_name": "Overton - 006851", "precinct_norm": "OVERTON - 006851", "id": 584 }, "geometry": { "type": "Point", "coordinates": [ -85.456386706117087, 36.3739375 ] } },
{ "type": "Feature", "properties": { "county_nam": "Overton", "county_norm": "OVERTON", "prec_id": "006856", "precinct_name": "Overton - 006856", "precinct_norm": "OVERTON - 006856", "id": 585 }, "geometry": { "type": "Point", "coordinates": [ -85.203639357819497, 36.3669635 ] } },
{ "type": "Feature", "properties": { "county_nam": "Overton", "county_norm": "OVERTON", "prec_id": "006858", "precinct_name": "Overton - 006858", "precinct_norm": "OVERTON - 006858", "id": 586 }, "geometry": { "type": "Point", "coordinates": [ -85.146568957564114, 36.2425985 ] } },
{ "type": "Feature", "properties": { "county_nam": "Greene", "county_norm": "GREENE", "prec_id": "003084", "precinct_name": "Greene - 003084", "precinct_norm": "GREENE - 003084", "id": 587 }, "geometry": { "type": "Point", "coordinates": [ -82.946825833294142, 36.131338 ] } },
{ "type": "Feature", "properties": { "county_nam": "Davidson", "county_norm": "DAVIDSON", "prec_id": "001860", "precinct_name": "Davidson - 001860", "precinct_norm": "DAVIDSON - 001860", "id": 588 }, "geometry": { "type": "Point", "coordinates": [ -86.701878226129153, 36.100348 ] } },
{ "type": "Feature", "properties": { "county_nam": "Davidson", "county_norm": "DAVIDSON", "prec_id": "001893", "precinct_name": "Davidson - 001893", "precinct_norm": "DAVIDSON - 001893", "id": 589 }, "geometry": { "type": "Point", "coordinates": [ -86.791862781528366, 36.152751 ] } },
{ "type": "Feature", "properties": { "county_nam": "Davidson", "county_norm": "DAVIDSON", "prec_id": "001958", "precinct_name": "Davidson - 001958", "precinct_norm": "DAVIDSON - 001958", "id": 590 }, "geometry": { "type": "Point", "coordinates": [ -86.962565219583311, 36.1438465 ] } },
{ "type": "Feature", "properties": { "county_nam": "Davidson", "county_norm": "DAVIDSON", "prec_id": "001884", "precinct_name": "Davidson - 001884", "precinct_norm": "DAVIDSON - 001884", "id": 591 }, "geometry": { "type": "Point", "coordinates": [ -86.754372966657087, 36.1236005 ] } },
{ "type": "Feature", "properties": { "county_nam": "Davidson", "county_norm": "DAVIDSON", "prec_id": "001917", "precinct_name": "Davidson - 001917", "precinct_norm": "DAVIDSON - 001917", "id": 592 }, "geometry": { "type": "Point", "coordinates": [ -86.824503174953179, 36.125312 ] } },
{ "type": "Feature", "properties": { "county_nam": "Davidson", "county_norm": "DAVIDSON", "prec_id": "001848", "precinct_name": "Davidson - 001848", "precinct_norm": "DAVIDSON - 001848", "id": 593 }, "geometry": { "type": "Point", "coordinates": [ -86.722916539892609, 36.2863075 ] } },
{ "type": "Feature", "properties": { "county_nam": "Davidson", "county_norm": "DAVIDSON", "prec_id": "001855", "precinct_name": "Davidson - 001855", "precinct_norm": "DAVIDSON - 001855", "id": 594 }, "geometry": { "type": "Point", "coordinates": [ -86.577777397043633, 36.148397 ] } },
{ "type": "Feature", "properties": { "county_nam": "Davidson", "county_norm": "DAVIDSON", "prec_id": "001915", "precinct_name": "Davidson - 001915", "precinct_norm": "DAVIDSON - 001915", "id": 595 }, "geometry": { "type": "Point", "coordinates": [ -86.828675754087058, 36.1495275 ] } },
{ "type": "Feature", "properties": { "county_nam": "Davidson", "county_norm": "DAVIDSON", "prec_id": "001852", "precinct_name": "Davidson - 001852", "precinct_norm": "DAVIDSON - 001852", "id": 596 }, "geometry": { "type": "Point", "coordinates": [ -86.633896634637765, 36.223529 ] } },
{ "type": "Feature", "properties": { "county_nam": "Davidson", "county_norm": "DAVIDSON", "prec_id": "001805", "precinct_name": "Davidson - 001805", "precinct_norm": "DAVIDSON - 001805", "id": 597 }, "geometry": { "type": "Point", "coordinates": [ -86.859949226180078, 36.1917395 ] } },
{ "type": "Feature", "properties": { "county_nam": "Unicoi", "county_norm": "UNICOI", "prec_id": "008906", "precinct_name": "Unicoi - 008906", "precinct_norm": "UNICOI - 008906", "id": 598 }, "geometry": { "type": "Point", "coordinates": [ -82.387290205868794, 36.152557 ] } },
{ "type": "Feature", "properties": { "county_nam": "Hamilton", "county_norm": "HAMILTON", "prec_id": "003420", "precinct_name": "Hamilton - 003420", "precinct_norm": "HAMILTON - 003420", "id": 599 }, "geometry": { "type": "Point", "coordinates": [ -85.357742225216839, 35.0427785 ] } },
{ "type": "Feature", "properties": { "county_nam": "Hamilton", "county_norm": "HAMILTON", "prec_id": "003389", "precinct_name": "Hamilton - 003389", "precinct_norm": "HAMILTON - 003389", "id": 600 }, "geometry": { "type": "Point", "coordinates": [ -85.250666290413534, 35.0668215 ] } },
{ "type": "Feature", "properties": { "county_nam": "Hamilton", "county_norm": "HAMILTON", "prec_id": "003352", "precinct_name": "Hamilton - 003352", "precinct_norm": "HAMILTON - 003352", "id": 601 }, "geometry": { "type": "Point", "coordinates": [ -85.314212849375096, 35.010795 ] } },
{ "type": "Feature", "properties": { "county_nam": "Hamilton", "county_norm": "HAMILTON", "prec_id": "003379", "precinct_name": "Hamilton - 003379", "precinct_norm": "HAMILTON - 003379", "id": 602 }, "geometry": { "type": "Point", "coordinates": [ -85.29953125, 35.0452435 ] } },
{ "type": "Feature", "properties": { "county_nam": "Greene", "county_norm": "GREENE", "prec_id": "003072", "precinct_name": "Greene - 003072", "precinct_norm": "GREENE - 003072", "id": 603 }, "geometry": { "type": "Point", "coordinates": [ -82.740375943569987, 36.2361115 ] } },
{ "type": "Feature", "properties": { "county_nam": "Union", "county_norm": "UNION", "prec_id": "009004", "precinct_name": "Union - 009004", "precinct_norm": "UNION - 009004", "id": 604 }, "geometry": { "type": "Point", "coordinates": [ -83.803896427216756, 36.2908845 ] } },
{ "type": "Feature", "properties": { "county_nam": "Campbell", "county_norm": "CAMPBELL", "prec_id": "000611", "precinct_name": "Campbell - 000611", "precinct_norm": "CAMPBELL - 000611", "id": 605 }, "geometry": { "type": "Point", "coordinates": [ -84.17428083209974, 36.315915 ] } },
{ "type": "Feature", "properties": { "county_nam": "DeKalb", "county_norm": "DEKALB", "prec_id": "002157", "precinct_name": "DeKalb - 002157", "precinct_norm": "DEKALB - 002157", "id": 606 }, "geometry": { "type": "Point", "coordinates": [ -85.749638424614318, 35.942018 ] } },
{ "type": "Feature", "properties": { "county_nam": "DeKalb", "county_norm": "DEKALB", "prec_id": "002156", "precinct_name": "DeKalb - 002156", "precinct_norm": "DEKALB - 002156", "id": 607 }, "geometry": { "type": "Point", "coordinates": [ -85.839800602791144, 35.9332645 ] } },
{ "type": "Feature", "properties": { "county_nam": "Bledsoe", "county_norm": "BLEDSOE", "prec_id": "000302", "precinct_name": "Bledsoe - 000302", "precinct_norm": "BLEDSOE - 000302", "id": 608 }, "geometry": { "type": "Point", "coordinates": [ -85.210188032866341, 35.430674 ] } },
{ "type": "Feature", "properties": { "county_nam": "Bledsoe", "county_norm": "BLEDSOE", "prec_id": "000311", "precinct_name": "Bledsoe - 000311", "precinct_norm": "BLEDSOE - 000311", "id": 609 }, "geometry": { "type": "Point", "coordinates": [ -85.19463564659236, 35.609055 ] } },
{ "type": "Feature", "properties": { "county_nam": "Bledsoe", "county_norm": "BLEDSOE", "prec_id": "000301", "precinct_name": "Bledsoe - 000301", "precinct_norm": "BLEDSOE - 000301", "id": 610 }, "geometry": { "type": "Point", "coordinates": [ -85.178505787800944, 35.709377 ] } },
{ "type": "Feature", "properties": { "county_nam": "Greene", "county_norm": "GREENE", "prec_id": "003082", "precinct_name": "Greene - 003082", "precinct_norm": "GREENE - 003082", "id": 611 }, "geometry": { "type": "Point", "coordinates": [ -82.963139135291399, 36.2111 ] } },
{ "type": "Feature", "properties": { "county_nam": "Jackson", "county_norm": "JACKSON", "prec_id": "004504", "precinct_name": "Jackson - 004504", "precinct_norm": "JACKSON - 004504", "id": 612 }, "geometry": { "type": "Point", "coordinates": [ -85.580204192395414, 36.3083795 ] } },
{ "type": "Feature", "properties": { "county_nam": "Macon", "county_norm": "MACON", "prec_id": "005556", "precinct_name": "Macon - 005556", "precinct_norm": "MACON - 005556", "id": 613 }, "geometry": { "type": "Point", "coordinates": [ -86.165188909639141, 36.5798745 ] } },
{ "type": "Feature", "properties": { "county_nam": "Macon", "county_norm": "MACON", "prec_id": "005558", "precinct_name": "Macon - 005558", "precinct_norm": "MACON - 005558", "id": 614 }, "geometry": { "type": "Point", "coordinates": [ -86.065110789555177, 36.5843145 ] } },
{ "type": "Feature", "properties": { "county_nam": "Lauderdale", "county_norm": "LAUDERDALE", "prec_id": "005056", "precinct_name": "Lauderdale - 005056", "precinct_norm": "LAUDERDALE - 005056", "id": 615 }, "geometry": { "type": "Point", "coordinates": [ -89.516576423631136, 35.705922 ] } },
{ "type": "Feature", "properties": { "county_nam": "Lauderdale", "county_norm": "LAUDERDALE", "prec_id": "005051", "precinct_name": "Lauderdale - 005051", "precinct_norm": "LAUDERDALE - 005051", "id": 616 }, "geometry": { "type": "Point", "coordinates": [ -89.628949618074145, 35.8320505 ] } },
{ "type": "Feature", "properties": { "county_nam": "Claiborne", "county_norm": "CLAIBORNE", "prec_id": "001215", "precinct_name": "Claiborne - 001215", "precinct_norm": "CLAIBORNE - 001215", "id": 617 }, "geometry": { "type": "Point", "coordinates": [ -83.518592096960077, 36.427268 ] } },
{ "type": "Feature", "properties": { "county_nam": "Claiborne", "county_norm": "CLAIBORNE", "prec_id": "001204", "precinct_name": "Claiborne - 001204", "precinct_norm": "CLAIBORNE - 001204", "id": 618 }, "geometry": { "type": "Point", "coordinates": [ -83.609451530286833, 36.548272 ] } },
{ "type": "Feature", "properties": { "county_nam": "Claiborne", "county_norm": "CLAIBORNE", "prec_id": "001202", "precinct_name": "Claiborne - 001202", "precinct_norm": "CLAIBORNE - 001202", "id": 619 }, "geometry": { "type": "Point", "coordinates": [ -83.889278283102584, 36.530659 ] } },
{ "type": "Feature", "properties": { "county_nam": "Claiborne", "county_norm": "CLAIBORNE", "prec_id": "001206", "precinct_name": "Claiborne - 001206", "precinct_norm": "CLAIBORNE - 001206", "id": 620 }, "geometry": { "type": "Point", "coordinates": [ -83.631434659591321, 36.4240075 ] } },
{ "type": "Feature", "properties": { "county_nam": "Sumner", "county_norm": "SUMNER", "prec_id": "008620", "precinct_name": "Sumner - 008620", "precinct_norm": "SUMNER - 008620", "id": 621 }, "geometry": { "type": "Point", "coordinates": [ -86.583642297650215, 36.2709785 ] } },
{ "type": "Feature", "properties": { "county_nam": "Sumner", "county_norm": "SUMNER", "prec_id": "008631", "precinct_name": "Sumner - 008631", "precinct_norm": "SUMNER - 008631", "id": 622 }, "geometry": { "type": "Point", "coordinates": [ -86.614841925301192, 36.265918 ] } },
{ "type": "Feature", "properties": { "county_nam": "Sumner", "county_norm": "SUMNER", "prec_id": "008628", "precinct_name": "Sumner - 008628", "precinct_norm": "SUMNER - 008628", "id": 623 }, "geometry": { "type": "Point", "coordinates": [ -86.593796708602568, 36.36128 ] } },
{ "type": "Feature", "properties": { "county_nam": "Hardeman", "county_norm": "HARDEMAN", "prec_id": "003611", "precinct_name": "Hardeman - 003611", "precinct_norm": "HARDEMAN - 003611", "id": 624 }, "geometry": { "type": "Point", "coordinates": [ -88.806306341782047, 35.066085 ] } },
{ "type": "Feature", "properties": { "county_nam": "Grainger", "county_norm": "GRAINGER", "prec_id": "002956", "precinct_name": "Grainger - 002956", "precinct_norm": "GRAINGER - 002956", "id": 625 }, "geometry": { "type": "Point", "coordinates": [ -83.44865942803159, 36.3596335 ] } },
{ "type": "Feature", "properties": { "county_nam": "Knox", "county_norm": "KNOX", "prec_id": "004883", "precinct_name": "Knox - 004883", "precinct_norm": "KNOX - 004883", "id": 626 }, "geometry": { "type": "Point", "coordinates": [ -83.90765081790866, 36.004972 ] } },
{ "type": "Feature", "properties": { "county_nam": "Knox", "county_norm": "KNOX", "prec_id": "004871", "precinct_name": "Knox - 004871", "precinct_norm": "KNOX - 004871", "id": 627 }, "geometry": { "type": "Point", "coordinates": [ -83.873446626207283, 35.9998515 ] } },
{ "type": "Feature", "properties": { "county_nam": "Knox", "county_norm": "KNOX", "prec_id": "004882", "precinct_name": "Knox - 004882", "precinct_norm": "KNOX - 004882", "id": 628 }, "geometry": { "type": "Point", "coordinates": [ -83.91645717649935, 36.031748 ] } },
{ "type": "Feature", "properties": { "county_nam": "Knox", "county_norm": "KNOX", "prec_id": "004854", "precinct_name": "Knox - 004854", "precinct_norm": "KNOX - 004854", "id": 629 }, "geometry": { "type": "Point", "coordinates": [ -84.0541305038237, 35.9638885 ] } },
{ "type": "Feature", "properties": { "county_nam": "Knox", "county_norm": "KNOX", "prec_id": "004864", "precinct_name": "Knox - 004864", "precinct_norm": "KNOX - 004864", "id": 630 }, "geometry": { "type": "Point", "coordinates": [ -83.916934472878737, 35.9661485 ] } },
{ "type": "Feature", "properties": { "county_nam": "Knox", "county_norm": "KNOX", "prec_id": "004852", "precinct_name": "Knox - 004852", "precinct_norm": "KNOX - 004852", "id": 631 }, "geometry": { "type": "Point", "coordinates": [ -84.108962636650688, 35.928557 ] } },
{ "type": "Feature", "properties": { "county_nam": "Blount", "county_norm": "BLOUNT", "prec_id": "000410", "precinct_name": "Blount - 000410", "precinct_norm": "BLOUNT - 000410", "id": 632 }, "geometry": { "type": "Point", "coordinates": [ -83.979044354462346, 35.857718 ] } },
{ "type": "Feature", "properties": { "county_nam": "Blount", "county_norm": "BLOUNT", "prec_id": "000409", "precinct_name": "Blount - 000409", "precinct_norm": "BLOUNT - 000409", "id": 633 }, "geometry": { "type": "Point", "coordinates": [ -83.996697101757718, 35.816896 ] } },
{ "type": "Feature", "properties": { "county_nam": "Coffee", "county_norm": "COFFEE", "prec_id": "001509", "precinct_name": "Coffee - 001509", "precinct_norm": "COFFEE - 001509", "id": 634 }, "geometry": { "type": "Point", "coordinates": [ -86.195428307869463, 35.6273095 ] } },
{ "type": "Feature", "properties": { "county_nam": "Coffee", "county_norm": "COFFEE", "prec_id": "001502", "precinct_name": "Coffee - 001502", "precinct_norm": "COFFEE - 001502", "id": 635 }, "geometry": { "type": "Point", "coordinates": [ -86.092134865292195, 35.467717 ] } },
{ "type": "Feature", "properties": { "county_nam": "Knox", "county_norm": "KNOX", "prec_id": "004873", "precinct_name": "Knox - 004873", "precinct_norm": "KNOX - 004873", "id": 636 }, "geometry": { "type": "Point", "coordinates": [ -83.885892271276589, 35.986843 ] } },
{ "type": "Feature", "properties": { "county_nam": "Blount", "county_norm": "BLOUNT", "prec_id": "000408", "precinct_name": "Blount - 000408", "precinct_norm": "BLOUNT - 000408", "id": 637 }, "geometry": { "type": "Point", "coordinates": [ -83.981254378349192, 35.7968515 ] } },
{ "type": "Feature", "properties": { "county_nam": "Madison", "county_norm": "MADISON", "prec_id": "005666", "precinct_name": "Madison - 005666", "precinct_norm": "MADISON - 005666", "id": 638 }, "geometry": { "type": "Point", "coordinates": [ -88.649238403187923, 35.627523 ] } },
{ "type": "Feature", "properties": { "county_nam": "Madison", "county_norm": "MADISON", "prec_id": "005680", "precinct_name": "Madison - 005680", "precinct_norm": "MADISON - 005680", "id": 639 }, "geometry": { "type": "Point", "coordinates": [ -88.859549006897083, 35.721901 ] } },
{ "type": "Feature", "properties": { "county_nam": "Madison", "county_norm": "MADISON", "prec_id": "005667", "precinct_name": "Madison - 005667", "precinct_norm": "MADISON - 005667", "id": 640 }, "geometry": { "type": "Point", "coordinates": [ -88.688225859601346, 35.6757575 ] } },
{ "type": "Feature", "properties": { "county_nam": "Unicoi", "county_norm": "UNICOI", "prec_id": "008904", "precinct_name": "Unicoi - 008904", "precinct_norm": "UNICOI - 008904", "id": 641 }, "geometry": { "type": "Point", "coordinates": [ -82.335476394033293, 36.218745 ] } },
{ "type": "Feature", "properties": { "county_nam": "Knox", "county_norm": "KNOX", "prec_id": "004877", "precinct_name": "Knox - 004877", "precinct_norm": "KNOX - 004877", "id": 642 }, "geometry": { "type": "Point", "coordinates": [ -83.940414423749999, 36.0035755 ] } },
{ "type": "Feature", "properties": { "county_nam": "Knox", "county_norm": "KNOX", "prec_id": "004840", "precinct_name": "Knox - 004840", "precinct_norm": "KNOX - 004840", "id": 643 }, "geometry": { "type": "Point", "coordinates": [ -84.076914164782664, 35.897241 ] } },
{ "type": "Feature", "properties": { "county_nam": "Knox", "county_norm": "KNOX", "prec_id": "004837", "precinct_name": "Knox - 004837", "precinct_norm": "KNOX - 004837", "id": 644 }, "geometry": { "type": "Point", "coordinates": [ -84.03221938727205, 35.92475 ] } },
{ "type": "Feature", "properties": { "county_nam": "Knox", "county_norm": "KNOX", "prec_id": "004829", "precinct_name": "Knox - 004829", "precinct_norm": "KNOX - 004829", "id": 645 }, "geometry": { "type": "Point", "coordinates": [ -83.935156193793262, 35.8981185 ] } },
{ "type": "Feature", "properties": { "county_nam": "Knox", "county_norm": "KNOX", "prec_id": "004802", "precinct_name": "Knox - 004802", "precinct_norm": "KNOX - 004802", "id": 646 }, "geometry": { "type": "Point", "coordinates": [ -83.98051480233633, 36.010548 ] } },
{ "type": "Feature", "properties": { "county_nam": "Knox", "county_norm": "KNOX", "prec_id": "004839", "precinct_name": "Knox - 004839", "precinct_norm": "KNOX - 004839", "id": 647 }, "geometry": { "type": "Point", "coordinates": [ -84.052160601641063, 35.8551495 ] } },
{ "type": "Feature", "properties": { "county_nam": "Knox", "county_norm": "KNOX", "prec_id": "004804", "precinct_name": "Knox - 004804", "precinct_norm": "KNOX - 004804", "id": 648 }, "geometry": { "type": "Point", "coordinates": [ -83.953370856968206, 35.9875485 ] } },
{ "type": "Feature", "properties": { "county_nam": "Washington", "county_norm": "WASHINGTON", "prec_id": "009318", "precinct_name": "Washington - 009318", "precinct_norm": "WASHINGTON - 009318", "id": 649 }, "geometry": { "type": "Point", "coordinates": [ -82.480542411446464, 36.3925265 ] } },
{ "type": "Feature", "properties": { "county_nam": "Washington", "county_norm": "WASHINGTON", "prec_id": "009311", "precinct_name": "Washington - 009311", "precinct_norm": "WASHINGTON - 009311", "id": 650 }, "geometry": { "type": "Point", "coordinates": [ -82.392375630182045, 36.2852075 ] } },
{ "type": "Feature", "properties": { "county_nam": "Washington", "county_norm": "WASHINGTON", "prec_id": "009336", "precinct_name": "Washington - 009336", "precinct_norm": "WASHINGTON - 009336", "id": 651 }, "geometry": { "type": "Point", "coordinates": [ -82.404678653506096, 36.3201445 ] } },
{ "type": "Feature", "properties": { "county_nam": "Washington", "county_norm": "WASHINGTON", "prec_id": "009316", "precinct_name": "Washington - 009316", "precinct_norm": "WASHINGTON - 009316", "id": 652 }, "geometry": { "type": "Point", "coordinates": [ -82.415684278239766, 36.2732725 ] } },
{ "type": "Feature", "properties": { "county_nam": "Washington", "county_norm": "WASHINGTON", "prec_id": "009317", "precinct_name": "Washington - 009317", "precinct_norm": "WASHINGTON - 009317", "id": 653 }, "geometry": { "type": "Point", "coordinates": [ -82.482152694520863, 36.4113765 ] } },
{ "type": "Feature", "properties": { "county_nam": "Washington", "county_norm": "WASHINGTON", "prec_id": "009324", "precinct_name": "Washington - 009324", "precinct_norm": "WASHINGTON - 009324", "id": 654 }, "geometry": { "type": "Point", "coordinates": [ -82.335267394953746, 36.352875 ] } },
{ "type": "Feature", "properties": { "county_nam": "Haywood", "county_norm": "HAYWOOD", "prec_id": "003912", "precinct_name": "Haywood - 003912", "precinct_norm": "HAYWOOD - 003912", "id": 655 }, "geometry": { "type": "Point", "coordinates": [ -89.150672296090164, 35.520864 ] } },
{ "type": "Feature", "properties": { "county_nam": "Carter", "county_norm": "CARTER", "prec_id": "000905", "precinct_name": "Carter - 000905", "precinct_norm": "CARTER - 000905", "id": 656 }, "geometry": { "type": "Point", "coordinates": [ -82.230949343382349, 36.3441605 ] } },
{ "type": "Feature", "properties": { "county_nam": "Carter", "county_norm": "CARTER", "prec_id": "000912", "precinct_name": "Carter - 000912", "precinct_norm": "CARTER - 000912", "id": 657 }, "geometry": { "type": "Point", "coordinates": [ -82.212454791239395, 36.336722 ] } },
{ "type": "Feature", "properties": { "county_nam": "Claiborne", "county_norm": "CLAIBORNE", "prec_id": "001217", "precinct_name": "Claiborne - 001217", "precinct_norm": "CLAIBORNE - 001217", "id": 658 }, "geometry": { "type": "Point", "coordinates": [ -83.856569965575403, 36.4529325 ] } },
{ "type": "Feature", "properties": { "county_nam": "Jackson", "county_norm": "JACKSON", "prec_id": "004506", "precinct_name": "Jackson - 004506", "precinct_norm": "JACKSON - 004506", "id": 659 }, "geometry": { "type": "Point", "coordinates": [ -85.677060955840588, 36.305494 ] } },
{ "type": "Feature", "properties": { "county_nam": "McMinn", "county_norm": "MCMINN", "prec_id": "006056", "precinct_name": "McMinn - 006056", "precinct_norm": "MCMINN - 006056", "id": 660 }, "geometry": { "type": "Point", "coordinates": [ -84.658656627548098, 35.4553505 ] } },
{ "type": "Feature", "properties": { "county_nam": "Washington", "county_norm": "WASHINGTON", "prec_id": "009325", "precinct_name": "Washington - 009325", "precinct_norm": "WASHINGTON - 009325", "id": 661 }, "geometry": { "type": "Point", "coordinates": [ -82.43080933888443, 36.2142715 ] } },
{ "type": "Feature", "properties": { "county_nam": "Carter", "county_norm": "CARTER", "prec_id": "000919", "precinct_name": "Carter - 000919", "precinct_norm": "CARTER - 000919", "id": 662 }, "geometry": { "type": "Point", "coordinates": [ -82.063418124216852, 36.41377 ] } },
{ "type": "Feature", "properties": { "county_nam": "Carter", "county_norm": "CARTER", "prec_id": "000914", "precinct_name": "Carter - 000914", "precinct_norm": "CARTER - 000914", "id": 663 }, "geometry": { "type": "Point", "coordinates": [ -81.993207606306555, 36.2602965 ] } },
{ "type": "Feature", "properties": { "county_nam": "Washington", "county_norm": "WASHINGTON", "prec_id": "009323", "precinct_name": "Washington - 009323", "precinct_norm": "WASHINGTON - 009323", "id": 664 }, "geometry": { "type": "Point", "coordinates": [ -82.327419729972263, 36.314525 ] } },
{ "type": "Feature", "properties": { "county_nam": "Washington", "county_norm": "WASHINGTON", "prec_id": "009321", "precinct_name": "Washington - 009321", "precinct_norm": "WASHINGTON - 009321", "id": 665 }, "geometry": { "type": "Point", "coordinates": [ -82.38449267212242, 36.3216985 ] } },
{ "type": "Feature", "properties": { "county_nam": "Washington", "county_norm": "WASHINGTON", "prec_id": "009302", "precinct_name": "Washington - 009302", "precinct_norm": "WASHINGTON - 009302", "id": 666 }, "geometry": { "type": "Point", "coordinates": [ -82.465047025435382, 36.3508835 ] } },
{ "type": "Feature", "properties": { "county_nam": "Washington", "county_norm": "WASHINGTON", "prec_id": "009309", "precinct_name": "Washington - 009309", "precinct_norm": "WASHINGTON - 009309", "id": 667 }, "geometry": { "type": "Point", "coordinates": [ -82.44554620058716, 36.285216 ] } },
{ "type": "Feature", "properties": { "county_nam": "Washington", "county_norm": "WASHINGTON", "prec_id": "009322", "precinct_name": "Washington - 009322", "precinct_norm": "WASHINGTON - 009322", "id": 668 }, "geometry": { "type": "Point", "coordinates": [ -82.401779186674418, 36.367069 ] } },
{ "type": "Feature", "properties": { "county_nam": "Washington", "county_norm": "WASHINGTON", "prec_id": "009326", "precinct_name": "Washington - 009326", "precinct_norm": "WASHINGTON - 009326", "id": 669 }, "geometry": { "type": "Point", "coordinates": [ -82.570964600306525, 36.219121 ] } },
{ "type": "Feature", "properties": { "county_nam": "Washington", "county_norm": "WASHINGTON", "prec_id": "009306", "precinct_name": "Washington - 009306", "precinct_norm": "WASHINGTON - 009306", "id": 670 }, "geometry": { "type": "Point", "coordinates": [ -82.481338578640447, 36.3503295 ] } },
{ "type": "Feature", "properties": { "county_nam": "Washington", "county_norm": "WASHINGTON", "prec_id": "009333", "precinct_name": "Washington - 009333", "precinct_norm": "WASHINGTON - 009333", "id": 671 }, "geometry": { "type": "Point", "coordinates": [ -82.406857364161056, 36.350273 ] } },
{ "type": "Feature", "properties": { "county_nam": "Washington", "county_norm": "WASHINGTON", "prec_id": "009305", "precinct_name": "Washington - 009305", "precinct_norm": "WASHINGTON - 009305", "id": 672 }, "geometry": { "type": "Point", "coordinates": [ -82.432437097595084, 36.416411 ] } },
{ "type": "Feature", "properties": { "county_nam": "Washington", "county_norm": "WASHINGTON", "prec_id": "009320", "precinct_name": "Washington - 009320", "precinct_norm": "WASHINGTON - 009320", "id": 673 }, "geometry": { "type": "Point", "coordinates": [ -82.367901580455282, 36.319132 ] } },
{ "type": "Feature", "properties": { "county_nam": "Monroe", "county_norm": "MONROE", "prec_id": "006351", "precinct_name": "Monroe - 006351", "precinct_norm": "MONROE - 006351", "id": 674 }, "geometry": { "type": "Point", "coordinates": [ -84.406568395042228, 35.5880035 ] } },
{ "type": "Feature", "properties": { "county_nam": "Monroe", "county_norm": "MONROE", "prec_id": "006361", "precinct_name": "Monroe - 006361", "precinct_norm": "MONROE - 006361", "id": 675 }, "geometry": { "type": "Point", "coordinates": [ -84.181418152809329, 35.357408 ] } },
{ "type": "Feature", "properties": { "county_nam": "Washington", "county_norm": "WASHINGTON", "prec_id": "009329", "precinct_name": "Washington - 009329", "precinct_norm": "WASHINGTON - 009329", "id": 676 }, "geometry": { "type": "Point", "coordinates": [ -82.624405948619867, 36.193928 ] } },
{ "type": "Feature", "properties": { "county_nam": "Washington", "county_norm": "WASHINGTON", "prec_id": "009330", "precinct_name": "Washington - 009330", "precinct_norm": "WASHINGTON - 009330", "id": 677 }, "geometry": { "type": "Point", "coordinates": [ -82.562598004260707, 36.1552455 ] } },
{ "type": "Feature", "properties": { "county_nam": "Sullivan", "county_norm": "SULLIVAN", "prec_id": "008504", "precinct_name": "Sullivan - 008504", "precinct_norm": "SULLIVAN - 008504", "id": 678 }, "geometry": { "type": "Point", "coordinates": [ -82.054365489832236, 36.537255 ] } },
{ "type": "Feature", "properties": { "county_nam": "Sullivan", "county_norm": "SULLIVAN", "prec_id": "008501", "precinct_name": "Sullivan - 008501", "precinct_norm": "SULLIVAN - 008501", "id": 679 }, "geometry": { "type": "Point", "coordinates": [ -82.178841878297021, 36.57183 ] } },
{ "type": "Feature", "properties": { "county_nam": "Sullivan", "county_norm": "SULLIVAN", "prec_id": "008505", "precinct_name": "Sullivan - 008505", "precinct_norm": "SULLIVAN - 008505", "id": 680 }, "geometry": { "type": "Point", "coordinates": [ -82.531097001473057, 36.572313 ] } },
{ "type": "Feature", "properties": { "county_nam": "Sullivan", "county_norm": "SULLIVAN", "prec_id": "008506", "precinct_name": "Sullivan - 008506", "precinct_norm": "SULLIVAN - 008506", "id": 681 }, "geometry": { "type": "Point", "coordinates": [ -82.521981466092655, 36.527878 ] } },
{ "type": "Feature", "properties": { "county_nam": "Sullivan", "county_norm": "SULLIVAN", "prec_id": "008502", "precinct_name": "Sullivan - 008502", "precinct_norm": "SULLIVAN - 008502", "id": 682 }, "geometry": { "type": "Point", "coordinates": [ -82.32079248375797, 36.5350525 ] } },
{ "type": "Feature", "properties": { "county_nam": "Sullivan", "county_norm": "SULLIVAN", "prec_id": "008515", "precinct_name": "Sullivan - 008515", "precinct_norm": "SULLIVAN - 008515", "id": 683 }, "geometry": { "type": "Point", "coordinates": [ -82.199800592220825, 36.5099395 ] } },
{ "type": "Feature", "properties": { "county_nam": "Sullivan", "county_norm": "SULLIVAN", "prec_id": "008520", "precinct_name": "Sullivan - 008520", "precinct_norm": "SULLIVAN - 008520", "id": 684 }, "geometry": { "type": "Point", "coordinates": [ -82.436339283540832, 36.525502 ] } },
{ "type": "Feature", "properties": { "county_nam": "Monroe", "county_norm": "MONROE", "prec_id": "006356", "precinct_name": "Monroe - 006356", "precinct_norm": "MONROE - 006356", "id": 685 }, "geometry": { "type": "Point", "coordinates": [ -84.400795593939478, 35.487279 ] } },
{ "type": "Feature", "properties": { "county_nam": "Monroe", "county_norm": "MONROE", "prec_id": "006362", "precinct_name": "Monroe - 006362", "precinct_norm": "MONROE - 006362", "id": 686 }, "geometry": { "type": "Point", "coordinates": [ -84.270052729389846, 35.279002 ] } },
{ "type": "Feature", "properties": { "county_nam": "Washington", "county_norm": "WASHINGTON", "prec_id": "009308", "precinct_name": "Washington - 009308", "precinct_norm": "WASHINGTON - 009308", "id": 687 }, "geometry": { "type": "Point", "coordinates": [ -82.364855199808574, 36.3295995 ] } },
{ "type": "Feature", "properties": { "county_nam": "Blount", "county_norm": "BLOUNT", "prec_id": "000427", "precinct_name": "Blount - 000427", "precinct_norm": "BLOUNT - 000427", "id": 688 }, "geometry": { "type": "Point", "coordinates": [ -83.970272339350174, 35.682023 ] } },
{ "type": "Feature", "properties": { "county_nam": "Blount", "county_norm": "BLOUNT", "prec_id": "000403", "precinct_name": "Blount - 000403", "precinct_norm": "BLOUNT - 000403", "id": 689 }, "geometry": { "type": "Point", "coordinates": [ -83.936063579906829, 35.7466795 ] } },
{ "type": "Feature", "properties": { "county_nam": "Blount", "county_norm": "BLOUNT", "prec_id": "000418", "precinct_name": "Blount - 000418", "precinct_norm": "BLOUNT - 000418", "id": 690 }, "geometry": { "type": "Point", "coordinates": [ -84.048246721607029, 35.5611825 ] } },
{ "type": "Feature", "properties": { "county_nam": "Meigs", "county_norm": "MEIGS", "prec_id": "006254", "precinct_name": "Meigs - 006254", "precinct_norm": "MEIGS - 006254", "id": 691 }, "geometry": { "type": "Point", "coordinates": [ -84.792936957193817, 35.52449 ] } },
{ "type": "Feature", "properties": { "county_nam": "Meigs", "county_norm": "MEIGS", "prec_id": "006255", "precinct_name": "Meigs - 006255", "precinct_norm": "MEIGS - 006255", "id": 692 }, "geometry": { "type": "Point", "coordinates": [ -84.749282170698919, 35.5712785 ] } },
{ "type": "Feature", "properties": { "county_nam": "Meigs", "county_norm": "MEIGS", "prec_id": "006256", "precinct_name": "Meigs - 006256", "precinct_norm": "MEIGS - 006256", "id": 693 }, "geometry": { "type": "Point", "coordinates": [ -84.704785174991102, 35.6770035 ] } },
{ "type": "Feature", "properties": { "county_nam": "Hamblen", "county_norm": "HAMBLEN", "prec_id": "003262", "precinct_name": "Hamblen - 003262", "precinct_norm": "HAMBLEN - 003262", "id": 694 }, "geometry": { "type": "Point", "coordinates": [ -83.251092928516272, 36.147274 ] } },
{ "type": "Feature", "properties": { "county_nam": "Hamblen", "county_norm": "HAMBLEN", "prec_id": "003252", "precinct_name": "Hamblen - 003252", "precinct_norm": "HAMBLEN - 003252", "id": 695 }, "geometry": { "type": "Point", "coordinates": [ -83.306283327462836, 36.221897 ] } },
{ "type": "Feature", "properties": { "county_nam": "Cocke", "county_norm": "COCKE", "prec_id": "001407", "precinct_name": "Cocke - 001407", "precinct_norm": "COCKE - 001407", "id": 696 }, "geometry": { "type": "Point", "coordinates": [ -83.180452022693444, 35.9947285 ] } },
{ "type": "Feature", "properties": { "county_nam": "Cocke", "county_norm": "COCKE", "prec_id": "001403", "precinct_name": "Cocke - 001403", "precinct_norm": "COCKE - 001403", "id": 697 }, "geometry": { "type": "Point", "coordinates": [ -83.15454288432241, 36.099696 ] } },
{ "type": "Feature", "properties": { "county_nam": "Crockett", "county_norm": "CROCKETT", "prec_id": "001609", "precinct_name": "Crockett - 001609", "precinct_norm": "CROCKETT - 001609", "id": 698 }, "geometry": { "type": "Point", "coordinates": [ -89.247597122434826, 35.783805 ] } },
{ "type": "Feature", "properties": { "county_nam": "Crockett", "county_norm": "CROCKETT", "prec_id": "001611", "precinct_name": "Crockett - 001611", "precinct_norm": "CROCKETT - 001611", "id": 699 }, "geometry": { "type": "Point", "coordinates": [ -89.09770573954637, 35.784276 ] } },
{ "type": "Feature", "properties": { "county_nam": "Davidson", "county_norm": "DAVIDSON", "prec_id": "001833", "precinct_name": "Davidson - 001833", "precinct_norm": "DAVIDSON - 001833", "id": 700 }, "geometry": { "type": "Point", "coordinates": [ -86.731815186382988, 36.1973845 ] } },
{ "type": "Feature", "properties": { "county_nam": "Davidson", "county_norm": "DAVIDSON", "prec_id": "001907", "precinct_name": "Davidson - 001907", "precinct_norm": "DAVIDSON - 001907", "id": 701 }, "geometry": { "type": "Point", "coordinates": [ -86.877649692513359, 36.121646 ] } },
{ "type": "Feature", "properties": { "county_nam": "Davidson", "county_norm": "DAVIDSON", "prec_id": "001913", "precinct_name": "Davidson - 001913", "precinct_norm": "DAVIDSON - 001913", "id": 702 }, "geometry": { "type": "Point", "coordinates": [ -86.861137778282256, 36.1374675 ] } },
{ "type": "Feature", "properties": { "county_nam": "Davidson", "county_norm": "DAVIDSON", "prec_id": "001890", "precinct_name": "Davidson - 001890", "precinct_norm": "DAVIDSON - 001890", "id": 703 }, "geometry": { "type": "Point", "coordinates": [ -86.780980139085202, 36.162703 ] } },
{ "type": "Feature", "properties": { "county_nam": "Davidson", "county_norm": "DAVIDSON", "prec_id": "001871", "precinct_name": "Davidson - 001871", "precinct_norm": "DAVIDSON - 001871", "id": 704 }, "geometry": { "type": "Point", "coordinates": [ -86.706926649226546, 36.154752 ] } },
{ "type": "Feature", "properties": { "county_nam": "Davidson", "county_norm": "DAVIDSON", "prec_id": "001840", "precinct_name": "Davidson - 001840", "precinct_norm": "DAVIDSON - 001840", "id": 705 }, "geometry": { "type": "Point", "coordinates": [ -86.722960567913972, 36.273116 ] } },
{ "type": "Feature", "properties": { "county_nam": "Davidson", "county_norm": "DAVIDSON", "prec_id": "001825", "precinct_name": "Davidson - 001825", "precinct_norm": "DAVIDSON - 001825", "id": 706 }, "geometry": { "type": "Point", "coordinates": [ -86.753446308602562, 36.185407 ] } },
{ "type": "Feature", "properties": { "county_nam": "Davidson", "county_norm": "DAVIDSON", "prec_id": "001880", "precinct_name": "Davidson - 001880", "precinct_norm": "DAVIDSON - 001880", "id": 707 }, "geometry": { "type": "Point", "coordinates": [ -86.766738808826034, 36.1425665 ] } },
{ "type": "Feature", "properties": { "county_nam": "Davidson", "county_norm": "DAVIDSON", "prec_id": "001801", "precinct_name": "Davidson - 001801", "precinct_norm": "DAVIDSON - 001801", "id": 708 }, "geometry": { "type": "Point", "coordinates": [ -86.872247224068673, 36.327984 ] } },
{ "type": "Feature", "properties": { "county_nam": "Sullivan", "county_norm": "SULLIVAN", "prec_id": "008503", "precinct_name": "Sullivan - 008503", "precinct_norm": "SULLIVAN - 008503", "id": 709 }, "geometry": { "type": "Point", "coordinates": [ -82.221375262841207, 36.569116 ] } },
{ "type": "Feature", "properties": { "county_nam": "Sullivan", "county_norm": "SULLIVAN", "prec_id": "008516", "precinct_name": "Sullivan - 008516", "precinct_norm": "SULLIVAN - 008516", "id": 710 }, "geometry": { "type": "Point", "coordinates": [ -82.222091934298618, 36.5338325 ] } },
{ "type": "Feature", "properties": { "county_nam": "Sullivan", "county_norm": "SULLIVAN", "prec_id": "008511", "precinct_name": "Sullivan - 008511", "precinct_norm": "SULLIVAN - 008511", "id": 711 }, "geometry": { "type": "Point", "coordinates": [ -82.584681873593084, 36.5701155 ] } },
{ "type": "Feature", "properties": { "county_nam": "Rutherford", "county_norm": "RUTHERFORD", "prec_id": "007673", "precinct_name": "Rutherford - 007673", "precinct_norm": "RUTHERFORD - 007673", "id": 712 }, "geometry": { "type": "Point", "coordinates": [ -86.527567022075317, 35.9780945 ] } },
{ "type": "Feature", "properties": { "county_nam": "Rutherford", "county_norm": "RUTHERFORD", "prec_id": "007691", "precinct_name": "Rutherford - 007691", "precinct_norm": "RUTHERFORD - 007691", "id": 713 }, "geometry": { "type": "Point", "coordinates": [ -86.496010542698031, 35.9298755 ] } },
{ "type": "Feature", "properties": { "county_nam": "Rutherford", "county_norm": "RUTHERFORD", "prec_id": "007670", "precinct_name": "Rutherford - 007670", "precinct_norm": "RUTHERFORD - 007670", "id": 714 }, "geometry": { "type": "Point", "coordinates": [ -86.525854679942427, 35.904983 ] } },
{ "type": "Feature", "properties": { "county_nam": "Rutherford", "county_norm": "RUTHERFORD", "prec_id": "007683", "precinct_name": "Rutherford - 007683", "precinct_norm": "RUTHERFORD - 007683", "id": 715 }, "geometry": { "type": "Point", "coordinates": [ -86.390591246745117, 35.859163 ] } },
{ "type": "Feature", "properties": { "county_nam": "Rutherford", "county_norm": "RUTHERFORD", "prec_id": "007652", "precinct_name": "Rutherford - 007652", "precinct_norm": "RUTHERFORD - 007652", "id": 716 }, "geometry": { "type": "Point", "coordinates": [ -86.20892163046598, 35.9173565 ] } },
{ "type": "Feature", "properties": { "county_nam": "Rutherford", "county_norm": "RUTHERFORD", "prec_id": "007653", "precinct_name": "Rutherford - 007653", "precinct_norm": "RUTHERFORD - 007653", "id": 717 }, "geometry": { "type": "Point", "coordinates": [ -86.358213297546015, 35.974365 ] } },
{ "type": "Feature", "properties": { "county_nam": "Crockett", "county_norm": "CROCKETT", "prec_id": "001602", "precinct_name": "Crockett - 001602", "precinct_norm": "CROCKETT - 001602", "id": 718 }, "geometry": { "type": "Point", "coordinates": [ -89.186754691747126, 35.9193395 ] } },
{ "type": "Feature", "properties": { "county_nam": "Hamblen", "county_norm": "HAMBLEN", "prec_id": "003254", "precinct_name": "Hamblen - 003254", "precinct_norm": "HAMBLEN - 003254", "id": 719 }, "geometry": { "type": "Point", "coordinates": [ -83.258510138845963, 36.22043 ] } },
{ "type": "Feature", "properties": { "county_nam": "Cocke", "county_norm": "COCKE", "prec_id": "001410", "precinct_name": "Cocke - 001410", "precinct_norm": "COCKE - 001410", "id": 720 }, "geometry": { "type": "Point", "coordinates": [ -83.239479203798552, 35.8538405 ] } },
{ "type": "Feature", "properties": { "county_nam": "Cocke", "county_norm": "COCKE", "prec_id": "001419", "precinct_name": "Cocke - 001419", "precinct_norm": "COCKE - 001419", "id": 721 }, "geometry": { "type": "Point", "coordinates": [ -83.04842037491693, 36.0203985 ] } },
{ "type": "Feature", "properties": { "county_nam": "Grainger", "county_norm": "GRAINGER", "prec_id": "002951", "precinct_name": "Grainger - 002951", "precinct_norm": "GRAINGER - 002951", "id": 722 }, "geometry": { "type": "Point", "coordinates": [ -83.628787171609076, 36.2898965 ] } },
{ "type": "Feature", "properties": { "county_nam": "Williamson", "county_norm": "WILLIAMSON", "prec_id": "009999", "precinct_name": "Williamson - 009999", "precinct_norm": "WILLIAMSON - 009999", "id": 723 }, "geometry": { "type": "Point", "coordinates": [ -86.859656768652059, 35.82711 ] } },
{ "type": "Feature", "properties": { "county_nam": "Williamson", "county_norm": "WILLIAMSON", "prec_id": "009733", "precinct_name": "Williamson - 009733", "precinct_norm": "WILLIAMSON - 009733", "id": 724 }, "geometry": { "type": "Point", "coordinates": [ -86.856753787278365, 35.9332215 ] } },
{ "type": "Feature", "properties": { "county_nam": "Williamson", "county_norm": "WILLIAMSON", "prec_id": "009715", "precinct_name": "Williamson - 009715", "precinct_norm": "WILLIAMSON - 009715", "id": 725 }, "geometry": { "type": "Point", "coordinates": [ -86.70193187405701, 35.972687 ] } },
{ "type": "Feature", "properties": { "county_nam": "Williamson", "county_norm": "WILLIAMSON", "prec_id": "009708", "precinct_name": "Williamson - 009708", "precinct_norm": "WILLIAMSON - 009708", "id": 726 }, "geometry": { "type": "Point", "coordinates": [ -86.710316418698753, 35.762387 ] } },
{ "type": "Feature", "properties": { "county_nam": "Rutherford", "county_norm": "RUTHERFORD", "prec_id": "007660", "precinct_name": "Rutherford - 007660", "precinct_norm": "RUTHERFORD - 007660", "id": 727 }, "geometry": { "type": "Point", "coordinates": [ -86.567033209604148, 36.023374 ] } },
{ "type": "Feature", "properties": { "county_nam": "Rutherford", "county_norm": "RUTHERFORD", "prec_id": "007689", "precinct_name": "Rutherford - 007689", "precinct_norm": "RUTHERFORD - 007689", "id": 728 }, "geometry": { "type": "Point", "coordinates": [ -86.401521209579812, 35.8244135 ] } },
{ "type": "Feature", "properties": { "county_nam": "Williamson", "county_norm": "WILLIAMSON", "prec_id": "009716", "precinct_name": "Williamson - 009716", "precinct_norm": "WILLIAMSON - 009716", "id": 729 }, "geometry": { "type": "Point", "coordinates": [ -86.639355102911651, 35.9346745 ] } },
{ "type": "Feature", "properties": { "county_nam": "Williamson", "county_norm": "WILLIAMSON", "prec_id": "009713", "precinct_name": "Williamson - 009713", "precinct_norm": "WILLIAMSON - 009713", "id": 730 }, "geometry": { "type": "Point", "coordinates": [ -86.767088700567001, 35.9040465 ] } },
{ "type": "Feature", "properties": { "county_nam": "Williamson", "county_norm": "WILLIAMSON", "prec_id": "009714", "precinct_name": "Williamson - 009714", "precinct_norm": "WILLIAMSON - 009714", "id": 731 }, "geometry": { "type": "Point", "coordinates": [ -86.801852879600432, 35.920561 ] } },
{ "type": "Feature", "properties": { "county_nam": "Williamson", "county_norm": "WILLIAMSON", "prec_id": "009726", "precinct_name": "Williamson - 009726", "precinct_norm": "WILLIAMSON - 009726", "id": 732 }, "geometry": { "type": "Point", "coordinates": [ -86.833459779669909, 35.961076 ] } },
{ "type": "Feature", "properties": { "county_nam": "Williamson", "county_norm": "WILLIAMSON", "prec_id": "009731", "precinct_name": "Williamson - 009731", "precinct_norm": "WILLIAMSON - 009731", "id": 733 }, "geometry": { "type": "Point", "coordinates": [ -86.987953928136633, 35.907407 ] } },
{ "type": "Feature", "properties": { "county_nam": "Williamson", "county_norm": "WILLIAMSON", "prec_id": "009707", "precinct_name": "Williamson - 009707", "precinct_norm": "WILLIAMSON - 009707", "id": 734 }, "geometry": { "type": "Point", "coordinates": [ -86.857304877286523, 35.870035 ] } },
{ "type": "Feature", "properties": { "county_nam": "Union", "county_norm": "UNION", "prec_id": "009009", "precinct_name": "Union - 009009", "precinct_norm": "UNION - 009009", "id": 735 }, "geometry": { "type": "Point", "coordinates": [ -83.849211829439241, 36.348428 ] } },
{ "type": "Feature", "properties": { "county_nam": "Union", "county_norm": "UNION", "prec_id": "009003", "precinct_name": "Union - 009003", "precinct_norm": "UNION - 009003", "id": 736 }, "geometry": { "type": "Point", "coordinates": [ -83.798598186793811, 36.233443 ] } },
{ "type": "Feature", "properties": { "county_nam": "Blount", "county_norm": "BLOUNT", "prec_id": "000429", "precinct_name": "Blount - 000429", "precinct_norm": "BLOUNT - 000429", "id": 737 }, "geometry": { "type": "Point", "coordinates": [ -83.877264566702394, 35.8273175 ] } },
{ "type": "Feature", "properties": { "county_nam": "Blount", "county_norm": "BLOUNT", "prec_id": "000402", "precinct_name": "Blount - 000402", "precinct_norm": "BLOUNT - 000402", "id": 738 }, "geometry": { "type": "Point", "coordinates": [ -83.794206265650843, 35.7915635 ] } },
{ "type": "Feature", "properties": { "county_nam": "Sullivan", "county_norm": "SULLIVAN", "prec_id": "008518", "precinct_name": "Sullivan - 008518", "precinct_norm": "SULLIVAN - 008518", "id": 739 }, "geometry": { "type": "Point", "coordinates": [ -82.486593282108942, 36.455416 ] } },
{ "type": "Feature", "properties": { "county_nam": "Washington", "county_norm": "WASHINGTON", "prec_id": "009335", "precinct_name": "Washington - 009335", "precinct_norm": "WASHINGTON - 009335", "id": 740 }, "geometry": { "type": "Point", "coordinates": [ -82.476394392443297, 36.297561 ] } },
{ "type": "Feature", "properties": { "county_nam": "Washington", "county_norm": "WASHINGTON", "prec_id": "009313", "precinct_name": "Washington - 009313", "precinct_norm": "WASHINGTON - 009313", "id": 741 }, "geometry": { "type": "Point", "coordinates": [ -82.609910641457901, 36.407056 ] } },
{ "type": "Feature", "properties": { "county_nam": "Tipton", "county_norm": "TIPTON", "prec_id": "008706", "precinct_name": "Tipton - 008706", "precinct_norm": "TIPTON - 008706", "id": 742 }, "geometry": { "type": "Point", "coordinates": [ -89.940573852329322, 35.489928 ] } },
{ "type": "Feature", "properties": { "county_nam": "Blount", "county_norm": "BLOUNT", "prec_id": "000405", "precinct_name": "Blount - 000405", "precinct_norm": "BLOUNT - 000405", "id": 743 }, "geometry": { "type": "Point", "coordinates": [ -83.804961654068876, 35.852343 ] } },
{ "type": "Feature", "properties": { "county_nam": "Blount", "county_norm": "BLOUNT", "prec_id": "000411", "precinct_name": "Blount - 000411", "precinct_norm": "BLOUNT - 000411", "id": 744 }, "geometry": { "type": "Point", "coordinates": [ -83.974373162298392, 35.7756595 ] } },
{ "type": "Feature", "properties": { "county_nam": "Blount", "county_norm": "BLOUNT", "prec_id": "000406", "precinct_name": "Blount - 000406", "precinct_norm": "BLOUNT - 000406", "id": 745 }, "geometry": { "type": "Point", "coordinates": [ -83.941444528021449, 35.833334 ] } },
{ "type": "Feature", "properties": { "county_nam": "Unicoi", "county_norm": "UNICOI", "prec_id": "008903", "precinct_name": "Unicoi - 008903", "precinct_norm": "UNICOI - 008903", "id": 746 }, "geometry": { "type": "Point", "coordinates": [ -82.474926468782911, 36.069945 ] } },
{ "type": "Feature", "properties": { "county_nam": "Unicoi", "county_norm": "UNICOI", "prec_id": "008901", "precinct_name": "Unicoi - 008901", "precinct_norm": "UNICOI - 008901", "id": 747 }, "geometry": { "type": "Point", "coordinates": [ -82.419664872588754, 36.1568045 ] } },
{ "type": "Feature", "properties": { "county_nam": "Blount", "county_norm": "BLOUNT", "prec_id": "000412", "precinct_name": "Blount - 000412", "precinct_norm": "BLOUNT - 000412", "id": 748 }, "geometry": { "type": "Point", "coordinates": [ -84.030302523834465, 35.771748 ] } },
{ "type": "Feature", "properties": { "county_nam": "Blount", "county_norm": "BLOUNT", "prec_id": "000416", "precinct_name": "Blount - 000416", "precinct_norm": "BLOUNT - 000416", "id": 749 }, "geometry": { "type": "Point", "coordinates": [ -84.138102395791918, 35.769334 ] } },
{ "type": "Feature", "properties": { "county_nam": "Blount", "county_norm": "BLOUNT", "prec_id": "000420", "precinct_name": "Blount - 000420", "precinct_norm": "BLOUNT - 000420", "id": 750 }, "geometry": { "type": "Point", "coordinates": [ -83.987635550536112, 35.7311945 ] } },
{ "type": "Feature", "properties": { "county_nam": "Blount", "county_norm": "BLOUNT", "prec_id": "000413", "precinct_name": "Blount - 000413", "precinct_norm": "BLOUNT - 000413", "id": 751 }, "geometry": { "type": "Point", "coordinates": [ -83.959511397183093, 35.770575 ] } },
{ "type": "Feature", "properties": { "county_nam": "Blount", "county_norm": "BLOUNT", "prec_id": "000414", "precinct_name": "Blount - 000414", "precinct_norm": "BLOUNT - 000414", "id": 752 }, "geometry": { "type": "Point", "coordinates": [ -84.00548058, 35.745267 ] } },
{ "type": "Feature", "properties": { "county_nam": "Blount", "county_norm": "BLOUNT", "prec_id": "000430", "precinct_name": "Blount - 000430", "precinct_norm": "BLOUNT - 000430", "id": 753 }, "geometry": { "type": "Point", "coordinates": [ -83.941760328772432, 35.769754 ] } },
{ "type": "Feature", "properties": { "county_nam": "Blount", "county_norm": "BLOUNT", "prec_id": "000423", "precinct_name": "Blount - 000423", "precinct_norm": "BLOUNT - 000423", "id": 754 }, "geometry": { "type": "Point", "coordinates": [ -84.061103013842143, 35.8268405 ] } },
{ "type": "Feature", "properties": { "county_nam": "Blount", "county_norm": "BLOUNT", "prec_id": "000419", "precinct_name": "Blount - 000419", "precinct_norm": "BLOUNT - 000419", "id": 755 }, "geometry": { "type": "Point", "coordinates": [ -84.082182471259941, 35.687464 ] } },
{ "type": "Feature", "properties": { "county_nam": "Blount", "county_norm": "BLOUNT", "prec_id": "000434", "precinct_name": "Blount - 000434", "precinct_norm": "BLOUNT - 000434", "id": 756 }, "geometry": { "type": "Point", "coordinates": [ -84.007551592911284, 35.6390865 ] } },
{ "type": "Feature", "properties": { "county_nam": "Blount", "county_norm": "BLOUNT", "prec_id": "000431", "precinct_name": "Blount - 000431", "precinct_norm": "BLOUNT - 000431", "id": 757 }, "geometry": { "type": "Point", "coordinates": [ -83.915835034640523, 35.78347 ] } },
{ "type": "Feature", "properties": { "county_nam": "Blount", "county_norm": "BLOUNT", "prec_id": "000401", "precinct_name": "Blount - 000401", "precinct_norm": "BLOUNT - 000401", "id": 758 }, "geometry": { "type": "Point", "coordinates": [ -83.799508942625764, 35.601053 ] } },
{ "type": "Feature", "properties": { "county_nam": "Claiborne", "county_norm": "CLAIBORNE", "prec_id": "001205", "precinct_name": "Claiborne - 001205", "precinct_norm": "CLAIBORNE - 001205", "id": 759 }, "geometry": { "type": "Point", "coordinates": [ -83.727809515630128, 36.4024495 ] } },
{ "type": "Feature", "properties": { "county_nam": "Claiborne", "county_norm": "CLAIBORNE", "prec_id": "001213", "precinct_name": "Claiborne - 001213", "precinct_norm": "CLAIBORNE - 001213", "id": 760 }, "geometry": { "type": "Point", "coordinates": [ -83.660342560699377, 36.475283 ] } },
{ "type": "Feature", "properties": { "county_nam": "Union", "county_norm": "UNION", "prec_id": "009002", "precinct_name": "Union - 009002", "precinct_norm": "UNION - 009002", "id": 761 }, "geometry": { "type": "Point", "coordinates": [ -83.730994839324765, 36.226932 ] } },
{ "type": "Feature", "properties": { "county_nam": "Davidson", "county_norm": "DAVIDSON", "prec_id": "001897", "precinct_name": "Davidson - 001897", "precinct_norm": "DAVIDSON - 001897", "id": 762 }, "geometry": { "type": "Point", "coordinates": [ -86.855872844405866, 36.1607855 ] } },
{ "type": "Feature", "properties": { "county_nam": "Davidson", "county_norm": "DAVIDSON", "prec_id": "001960", "precinct_name": "Davidson - 001960", "precinct_norm": "DAVIDSON - 001960", "id": 763 }, "geometry": { "type": "Point", "coordinates": [ -86.968126248666664, 36.056484 ] } },
{ "type": "Feature", "properties": { "county_nam": "Davidson", "county_norm": "DAVIDSON", "prec_id": "001868", "precinct_name": "Davidson - 001868", "precinct_norm": "DAVIDSON - 001868", "id": 764 }, "geometry": { "type": "Point", "coordinates": [ -86.687805637269392, 36.2075685 ] } },
{ "type": "Feature", "properties": { "county_nam": "Davidson", "county_norm": "DAVIDSON", "prec_id": "001834", "precinct_name": "Davidson - 001834", "precinct_norm": "DAVIDSON - 001834", "id": 765 }, "geometry": { "type": "Point", "coordinates": [ -86.722145838393672, 36.2119005 ] } },
{ "type": "Feature", "properties": { "county_nam": "Davidson", "county_norm": "DAVIDSON", "prec_id": "001820", "precinct_name": "Davidson - 001820", "precinct_norm": "DAVIDSON - 001820", "id": 766 }, "geometry": { "type": "Point", "coordinates": [ -86.725505400144641, 36.019094 ] } },
{ "type": "Feature", "properties": { "county_nam": "Davidson", "county_norm": "DAVIDSON", "prec_id": "001908", "precinct_name": "Davidson - 001908", "precinct_norm": "DAVIDSON - 001908", "id": 767 }, "geometry": { "type": "Point", "coordinates": [ -86.910015653726731, 36.10225 ] } },
{ "type": "Feature", "properties": { "county_nam": "Davidson", "county_norm": "DAVIDSON", "prec_id": "001943", "precinct_name": "Davidson - 001943", "precinct_norm": "DAVIDSON - 001943", "id": 768 }, "geometry": { "type": "Point", "coordinates": [ -86.674820461115232, 36.0017895 ] } },
{ "type": "Feature", "properties": { "county_nam": "Davidson", "county_norm": "DAVIDSON", "prec_id": "001816", "precinct_name": "Davidson - 001816", "precinct_norm": "DAVIDSON - 001816", "id": 769 }, "geometry": { "type": "Point", "coordinates": [ -86.778588408285756, 36.2940155 ] } },
{ "type": "Feature", "properties": { "county_nam": "Davidson", "county_norm": "DAVIDSON", "prec_id": "001955", "precinct_name": "Davidson - 001955", "precinct_norm": "DAVIDSON - 001955", "id": 770 }, "geometry": { "type": "Point", "coordinates": [ -86.842020465664021, 36.067222 ] } },
{ "type": "Feature", "properties": { "county_nam": "Davidson", "county_norm": "DAVIDSON", "prec_id": "001883", "precinct_name": "Davidson - 001883", "precinct_norm": "DAVIDSON - 001883", "id": 771 }, "geometry": { "type": "Point", "coordinates": [ -86.74272154112316, 36.134637 ] } },
{ "type": "Feature", "properties": { "county_nam": "Davidson", "county_norm": "DAVIDSON", "prec_id": "001953", "precinct_name": "Davidson - 001953", "precinct_norm": "DAVIDSON - 001953", "id": 772 }, "geometry": { "type": "Point", "coordinates": [ -86.835280223509329, 36.096235 ] } },
{ "type": "Feature", "properties": { "county_nam": "Davidson", "county_norm": "DAVIDSON", "prec_id": "001912", "precinct_name": "Davidson - 001912", "precinct_norm": "DAVIDSON - 001912", "id": 773 }, "geometry": { "type": "Point", "coordinates": [ -86.837525484170868, 36.1425655 ] } },
{ "type": "Feature", "properties": { "county_nam": "Davidson", "county_norm": "DAVIDSON", "prec_id": "001867", "precinct_name": "Davidson - 001867", "precinct_norm": "DAVIDSON - 001867", "id": 774 }, "geometry": { "type": "Point", "coordinates": [ -86.639945886094637, 36.164426 ] } },
{ "type": "Feature", "properties": { "county_nam": "Fayette", "county_norm": "FAYETTE", "prec_id": "002455", "precinct_name": "Fayette - 002455", "precinct_norm": "FAYETTE - 002455", "id": 775 }, "geometry": { "type": "Point", "coordinates": [ -89.500107134370552, 35.049904 ] } },
{ "type": "Feature", "properties": { "county_nam": "Tipton", "county_norm": "TIPTON", "prec_id": "008708", "precinct_name": "Tipton - 008708", "precinct_norm": "TIPTON - 008708", "id": 776 }, "geometry": { "type": "Point", "coordinates": [ -89.603166697222221, 35.587605 ] } },
{ "type": "Feature", "properties": { "county_nam": "Tipton", "county_norm": "TIPTON", "prec_id": "008709", "precinct_name": "Tipton - 008709", "precinct_norm": "TIPTON - 008709", "id": 777 }, "geometry": { "type": "Point", "coordinates": [ -89.75635811159367, 35.4337975 ] } },
{ "type": "Feature", "properties": { "county_nam": "Polk", "county_norm": "POLK", "prec_id": "007156", "precinct_name": "Polk - 007156", "precinct_norm": "POLK - 007156", "id": 778 }, "geometry": { "type": "Point", "coordinates": [ -84.690406418991472, 35.042222 ] } },
{ "type": "Feature", "properties": { "county_nam": "Johnson", "county_norm": "JOHNSON", "prec_id": "004705", "precinct_name": "Johnson - 004705", "precinct_norm": "JOHNSON - 004705", "id": 779 }, "geometry": { "type": "Point", "coordinates": [ -81.93733192909562, 36.451747 ] } },
{ "type": "Feature", "properties": { "county_nam": "Putnam", "county_norm": "PUTNAM", "prec_id": "007273", "precinct_name": "Putnam - 007273", "precinct_norm": "PUTNAM - 007273", "id": 780 }, "geometry": { "type": "Point", "coordinates": [ -85.260480830656078, 36.1388875 ] } },
{ "type": "Feature", "properties": { "county_nam": "Putnam", "county_norm": "PUTNAM", "prec_id": "007253", "precinct_name": "Putnam - 007253", "precinct_norm": "PUTNAM - 007253", "id": 781 }, "geometry": { "type": "Point", "coordinates": [ -85.48158294912173, 36.2613585 ] } },
{ "type": "Feature", "properties": { "county_nam": "Putnam", "county_norm": "PUTNAM", "prec_id": "007267", "precinct_name": "Putnam - 007267", "precinct_norm": "PUTNAM - 007267", "id": 782 }, "geometry": { "type": "Point", "coordinates": [ -85.474443522743826, 36.1025665 ] } },
{ "type": "Feature", "properties": { "county_nam": "White", "county_norm": "WHITE", "prec_id": "009611", "precinct_name": "White - 009611", "precinct_norm": "WHITE - 009611", "id": 783 }, "geometry": { "type": "Point", "coordinates": [ -85.480034734793179, 35.941893 ] } },
{ "type": "Feature", "properties": { "county_nam": "Johnson", "county_norm": "JOHNSON", "prec_id": "004709", "precinct_name": "Johnson - 004709", "precinct_norm": "JOHNSON - 004709", "id": 784 }, "geometry": { "type": "Point", "coordinates": [ -81.928844909587497, 36.3447455 ] } },
{ "type": "Feature", "properties": { "county_nam": "Johnson", "county_norm": "JOHNSON", "prec_id": "004703", "precinct_name": "Johnson - 004703", "precinct_norm": "JOHNSON - 004703", "id": 785 }, "geometry": { "type": "Point", "coordinates": [ -81.834381770772296, 36.3990785 ] } },
{ "type": "Feature", "properties": { "county_nam": "Crockett", "county_norm": "CROCKETT", "prec_id": "001606", "precinct_name": "Crockett - 001606", "precinct_norm": "CROCKETT - 001606", "id": 786 }, "geometry": { "type": "Point", "coordinates": [ -89.056131649610833, 35.7199415 ] } },
{ "type": "Feature", "properties": { "county_nam": "Crockett", "county_norm": "CROCKETT", "prec_id": "001605", "precinct_name": "Crockett - 001605", "precinct_norm": "CROCKETT - 001605", "id": 787 }, "geometry": { "type": "Point", "coordinates": [ -89.090444209592278, 35.70868 ] } },
{ "type": "Feature", "properties": { "county_nam": "Crockett", "county_norm": "CROCKETT", "prec_id": "001607", "precinct_name": "Crockett - 001607", "precinct_norm": "CROCKETT - 001607", "id": 788 }, "geometry": { "type": "Point", "coordinates": [ -88.953311755384831, 35.7630605 ] } },
{ "type": "Feature", "properties": { "county_nam": "Williamson", "county_norm": "WILLIAMSON", "prec_id": "009728", "precinct_name": "Williamson - 009728", "precinct_norm": "WILLIAMSON - 009728", "id": 789 }, "geometry": { "type": "Point", "coordinates": [ -86.916489042546132, 35.969324 ] } },
{ "type": "Feature", "properties": { "county_nam": "Grundy", "county_norm": "GRUNDY", "prec_id": "003162", "precinct_name": "Grundy - 003162", "precinct_norm": "GRUNDY - 003162", "id": 790 }, "geometry": { "type": "Point", "coordinates": [ -85.545014230101032, 35.363279 ] } },
{ "type": "Feature", "properties": { "county_nam": "Grundy", "county_norm": "GRUNDY", "prec_id": "003163", "precinct_name": "Grundy - 003163", "precinct_norm": "GRUNDY - 003163", "id": 791 }, "geometry": { "type": "Point", "coordinates": [ -85.63123254753603, 35.3589815 ] } },
{ "type": "Feature", "properties": { "county_nam": "Cannon", "county_norm": "CANNON", "prec_id": "000705", "precinct_name": "Cannon - 000705", "precinct_norm": "CANNON - 000705", "id": 792 }, "geometry": { "type": "Point", "coordinates": [ -86.070515335587402, 35.8248555 ] } },
{ "type": "Feature", "properties": { "county_nam": "Grundy", "county_norm": "GRUNDY", "prec_id": "003153", "precinct_name": "Grundy - 003153", "precinct_norm": "GRUNDY - 003153", "id": 793 }, "geometry": { "type": "Point", "coordinates": [ -85.796292473639625, 35.412685 ] } },
{ "type": "Feature", "properties": { "county_nam": "Grundy", "county_norm": "GRUNDY", "prec_id": "003152", "precinct_name": "Grundy - 003152", "precinct_norm": "GRUNDY - 003152", "id": 794 }, "geometry": { "type": "Point", "coordinates": [ -85.636740455291203, 35.4793205 ] } },
{ "type": "Feature", "properties": { "county_nam": "Tipton", "county_norm": "TIPTON", "prec_id": "008705", "precinct_name": "Tipton - 008705", "precinct_norm": "TIPTON - 008705", "id": 795 }, "geometry": { "type": "Point", "coordinates": [ -89.560090924171163, 35.508151 ] } },
{ "type": "Feature", "properties": { "county_nam": "Johnson", "county_norm": "JOHNSON", "prec_id": "004704", "precinct_name": "Johnson - 004704", "precinct_norm": "JOHNSON - 004704", "id": 796 }, "geometry": { "type": "Point", "coordinates": [ -81.759633947982422, 36.548764 ] } },
{ "type": "Feature", "properties": { "county_nam": "Johnson", "county_norm": "JOHNSON", "prec_id": "004708", "precinct_name": "Johnson - 004708", "precinct_norm": "JOHNSON - 004708", "id": 797 }, "geometry": { "type": "Point", "coordinates": [ -81.835118488573784, 36.5041545 ] } },
{ "type": "Feature", "properties": { "county_nam": "Johnson", "county_norm": "JOHNSON", "prec_id": "004710", "precinct_name": "Johnson - 004710", "precinct_norm": "JOHNSON - 004710", "id": 798 }, "geometry": { "type": "Point", "coordinates": [ -81.760666968477011, 36.396016 ] } },
{ "type": "Feature", "properties": { "county_nam": "White", "county_norm": "WHITE", "prec_id": "009605", "precinct_name": "White - 009605", "precinct_norm": "WHITE - 009605", "id": 799 }, "geometry": { "type": "Point", "coordinates": [ -85.395082029489203, 35.8610165 ] } },
{ "type": "Feature", "properties": { "county_nam": "Grundy", "county_norm": "GRUNDY", "prec_id": "003156", "precinct_name": "Grundy - 003156", "precinct_norm": "GRUNDY - 003156", "id": 800 }, "geometry": { "type": "Point", "coordinates": [ -85.746767959359602, 35.265158 ] } },
{ "type": "Feature", "properties": { "county_nam": "Grundy", "county_norm": "GRUNDY", "prec_id": "003161", "precinct_name": "Grundy - 003161", "precinct_norm": "GRUNDY - 003161", "id": 801 }, "geometry": { "type": "Point", "coordinates": [ -85.818459791112133, 35.24354 ] } },
{ "type": "Feature", "properties": { "county_nam": "Grundy", "county_norm": "GRUNDY", "prec_id": "003155", "precinct_name": "Grundy - 003155", "precinct_norm": "GRUNDY - 003155", "id": 802 }, "geometry": { "type": "Point", "coordinates": [ -85.739627300991501, 35.376691 ] } },
{ "type": "Feature", "properties": { "county_nam": "Grundy", "county_norm": "GRUNDY", "prec_id": "003154", "precinct_name": "Grundy - 003154", "precinct_norm": "GRUNDY - 003154", "id": 803 }, "geometry": { "type": "Point", "coordinates": [ -85.571156968235954, 35.4412215 ] } },
{ "type": "Feature", "properties": { "county_nam": "Williamson", "county_norm": "WILLIAMSON", "prec_id": "009703", "precinct_name": "Williamson - 009703", "precinct_norm": "WILLIAMSON - 009703", "id": 804 }, "geometry": { "type": "Point", "coordinates": [ -87.145151701405155, 35.877638 ] } },
{ "type": "Feature", "properties": { "county_nam": "Williamson", "county_norm": "WILLIAMSON", "prec_id": "009704", "precinct_name": "Williamson - 009704", "precinct_norm": "WILLIAMSON - 009704", "id": 805 }, "geometry": { "type": "Point", "coordinates": [ -87.030282595156052, 35.8242445 ] } },
{ "type": "Feature", "properties": { "county_nam": "Sullivan", "county_norm": "SULLIVAN", "prec_id": "008525", "precinct_name": "Sullivan - 008525", "precinct_norm": "SULLIVAN - 008525", "id": 806 }, "geometry": { "type": "Point", "coordinates": [ -82.625757569624511, 36.4643245 ] } },
{ "type": "Feature", "properties": { "county_nam": "Sullivan", "county_norm": "SULLIVAN", "prec_id": "008508", "precinct_name": "Sullivan - 008508", "precinct_norm": "SULLIVAN - 008508", "id": 807 }, "geometry": { "type": "Point", "coordinates": [ -82.370056958991341, 36.5699685 ] } },
{ "type": "Feature", "properties": { "county_nam": "Sullivan", "county_norm": "SULLIVAN", "prec_id": "008509", "precinct_name": "Sullivan - 008509", "precinct_norm": "SULLIVAN - 008509", "id": 808 }, "geometry": { "type": "Point", "coordinates": [ -82.425135094650642, 36.4769085 ] } },
{ "type": "Feature", "properties": { "county_nam": "Sullivan", "county_norm": "SULLIVAN", "prec_id": "008523", "precinct_name": "Sullivan - 008523", "precinct_norm": "SULLIVAN - 008523", "id": 809 }, "geometry": { "type": "Point", "coordinates": [ -82.55974374272003, 36.5498745 ] } },
{ "type": "Feature", "properties": { "county_nam": "Sullivan", "county_norm": "SULLIVAN", "prec_id": "008510", "precinct_name": "Sullivan - 008510", "precinct_norm": "SULLIVAN - 008510", "id": 810 }, "geometry": { "type": "Point", "coordinates": [ -82.558647023811005, 36.488812 ] } },
{ "type": "Feature", "properties": { "county_nam": "White", "county_norm": "WHITE", "prec_id": "009602", "precinct_name": "White - 009602", "precinct_norm": "WHITE - 009602", "id": 811 }, "geometry": { "type": "Point", "coordinates": [ -85.610875983657053, 35.873709 ] } },
{ "type": "Feature", "properties": { "county_nam": "White", "county_norm": "WHITE", "prec_id": "009601", "precinct_name": "White - 009601", "precinct_norm": "WHITE - 009601", "id": 812 }, "geometry": { "type": "Point", "coordinates": [ -85.595749853597383, 35.952029 ] } },
{ "type": "Feature", "properties": { "county_nam": "Fayette", "county_norm": "FAYETTE", "prec_id": "002454", "precinct_name": "Fayette - 002454", "precinct_norm": "FAYETTE - 002454", "id": 813 }, "geometry": { "type": "Point", "coordinates": [ -89.612188102108831, 35.052297 ] } },
{ "type": "Feature", "properties": { "county_nam": "Fayette", "county_norm": "FAYETTE", "prec_id": "002463", "precinct_name": "Fayette - 002463", "precinct_norm": "FAYETTE - 002463", "id": 814 }, "geometry": { "type": "Point", "coordinates": [ -89.569032033172959, 35.303923 ] } },
{ "type": "Feature", "properties": { "county_nam": "White", "county_norm": "WHITE", "prec_id": "009608", "precinct_name": "White - 009608", "precinct_norm": "WHITE - 009608", "id": 815 }, "geometry": { "type": "Point", "coordinates": [ -85.457048396757727, 35.921743 ] } },
{ "type": "Feature", "properties": { "county_nam": "Fayette", "county_norm": "FAYETTE", "prec_id": "002456", "precinct_name": "Fayette - 002456", "precinct_norm": "FAYETTE - 002456", "id": 816 }, "geometry": { "type": "Point", "coordinates": [ -89.452454904433012, 35.150766 ] } },
{ "type": "Feature", "properties": { "county_nam": "Sevier", "county_norm": "SEVIER", "prec_id": "007960", "precinct_name": "Sevier - 007960", "precinct_norm": "SEVIER - 007960", "id": 817 }, "geometry": { "type": "Point", "coordinates": [ -83.714768955300627, 35.831303 ] } },
{ "type": "Feature", "properties": { "county_nam": "Sevier", "county_norm": "SEVIER", "prec_id": "007957", "precinct_name": "Sevier - 007957", "precinct_norm": "SEVIER - 007957", "id": 818 }, "geometry": { "type": "Point", "coordinates": [ -83.546833652262592, 35.810979 ] } },
{ "type": "Feature", "properties": { "county_nam": "Putnam", "county_norm": "PUTNAM", "prec_id": "007270", "precinct_name": "Putnam - 007270", "precinct_norm": "PUTNAM - 007270", "id": 819 }, "geometry": { "type": "Point", "coordinates": [ -85.762928893812699, 36.145622 ] } },
{ "type": "Feature", "properties": { "county_nam": "Putnam", "county_norm": "PUTNAM", "prec_id": "007254", "precinct_name": "Putnam - 007254", "precinct_norm": "PUTNAM - 007254", "id": 820 }, "geometry": { "type": "Point", "coordinates": [ -85.40705623787747, 36.2048865 ] } },
{ "type": "Feature", "properties": { "county_nam": "Putnam", "county_norm": "PUTNAM", "prec_id": "007256", "precinct_name": "Putnam - 007256", "precinct_norm": "PUTNAM - 007256", "id": 821 }, "geometry": { "type": "Point", "coordinates": [ -85.506424194691917, 36.181764 ] } },
{ "type": "Feature", "properties": { "county_nam": "Putnam", "county_norm": "PUTNAM", "prec_id": "007266", "precinct_name": "Putnam - 007266", "precinct_norm": "PUTNAM - 007266", "id": 822 }, "geometry": { "type": "Point", "coordinates": [ -85.491060893264915, 36.135093 ] } },
{ "type": "Feature", "properties": { "county_nam": "Putnam", "county_norm": "PUTNAM", "prec_id": "007255", "precinct_name": "Putnam - 007255", "precinct_norm": "PUTNAM - 007255", "id": 823 }, "geometry": { "type": "Point", "coordinates": [ -85.480771322776036, 36.178758 ] } },
{ "type": "Feature", "properties": { "county_nam": "Sullivan", "county_norm": "SULLIVAN", "prec_id": "008524", "precinct_name": "Sullivan - 008524", "precinct_norm": "SULLIVAN - 008524", "id": 824 }, "geometry": { "type": "Point", "coordinates": [ -82.596455556289712, 36.534931 ] } },
{ "type": "Feature", "properties": { "county_nam": "Tipton", "county_norm": "TIPTON", "prec_id": "008702", "precinct_name": "Tipton - 008702", "precinct_norm": "TIPTON - 008702", "id": 825 }, "geometry": { "type": "Point", "coordinates": [ -89.725248987500009, 35.4854815 ] } },
{ "type": "Feature", "properties": { "county_nam": "Hamilton", "county_norm": "HAMILTON", "prec_id": "003384", "precinct_name": "Hamilton - 003384", "precinct_norm": "HAMILTON - 003384", "id": 826 }, "geometry": { "type": "Point", "coordinates": [ -85.311884575305541, 35.0477435 ] } },
{ "type": "Feature", "properties": { "county_nam": "Hamilton", "county_norm": "HAMILTON", "prec_id": "003451", "precinct_name": "Hamilton - 003451", "precinct_norm": "HAMILTON - 003451", "id": 827 }, "geometry": { "type": "Point", "coordinates": [ -85.269632719767444, 35.027151 ] } },
{ "type": "Feature", "properties": { "county_nam": "Hamilton", "county_norm": "HAMILTON", "prec_id": "003427", "precinct_name": "Hamilton - 003427", "precinct_norm": "HAMILTON - 003427", "id": 828 }, "geometry": { "type": "Point", "coordinates": [ -85.333020497859593, 35.0532705 ] } },
{ "type": "Feature", "properties": { "county_nam": "Hamilton", "county_norm": "HAMILTON", "prec_id": "003361", "precinct_name": "Hamilton - 003361", "precinct_norm": "HAMILTON - 003361", "id": 829 }, "geometry": { "type": "Point", "coordinates": [ -85.025572210147828, 35.276696 ] } },
{ "type": "Feature", "properties": { "county_nam": "Hamilton", "county_norm": "HAMILTON", "prec_id": "003372", "precinct_name": "Hamilton - 003372", "precinct_norm": "HAMILTON - 003372", "id": 830 }, "geometry": { "type": "Point", "coordinates": [ -85.16283307153347, 35.0294315 ] } },
{ "type": "Feature", "properties": { "county_nam": "Fayette", "county_norm": "FAYETTE", "prec_id": "002461", "precinct_name": "Fayette - 002461", "precinct_norm": "FAYETTE - 002461", "id": 831 }, "geometry": { "type": "Point", "coordinates": [ -89.267190847325338, 35.3225485 ] } },
{ "type": "Feature", "properties": { "county_nam": "Union", "county_norm": "UNION", "prec_id": "009005", "precinct_name": "Union - 009005", "precinct_norm": "UNION - 009005", "id": 832 }, "geometry": { "type": "Point", "coordinates": [ -83.916872514679596, 36.2430115 ] } },
{ "type": "Feature", "properties": { "county_nam": "Hamilton", "county_norm": "HAMILTON", "prec_id": "003464", "precinct_name": "Hamilton - 003464", "precinct_norm": "HAMILTON - 003464", "id": 833 }, "geometry": { "type": "Point", "coordinates": [ -85.351005572308068, 35.022381 ] } },
{ "type": "Feature", "properties": { "county_nam": "Hamilton", "county_norm": "HAMILTON", "prec_id": "003385", "precinct_name": "Hamilton - 003385", "precinct_norm": "HAMILTON - 003385", "id": 834 }, "geometry": { "type": "Point", "coordinates": [ -85.31594285333118, 35.033076 ] } },
{ "type": "Feature", "properties": { "county_nam": "Hamilton", "county_norm": "HAMILTON", "prec_id": "003456", "precinct_name": "Hamilton - 003456", "precinct_norm": "HAMILTON - 003456", "id": 835 }, "geometry": { "type": "Point", "coordinates": [ -85.341028445813606, 35.144321 ] } },
{ "type": "Feature", "properties": { "county_nam": "Hamilton", "county_norm": "HAMILTON", "prec_id": "003432", "precinct_name": "Hamilton - 003432", "precinct_norm": "HAMILTON - 003432", "id": 836 }, "geometry": { "type": "Point", "coordinates": [ -85.207511433835847, 35.094868 ] } },
{ "type": "Feature", "properties": { "county_nam": "Hamilton", "county_norm": "HAMILTON", "prec_id": "003428", "precinct_name": "Hamilton - 003428", "precinct_norm": "HAMILTON - 003428", "id": 837 }, "geometry": { "type": "Point", "coordinates": [ -85.303934840567138, 35.1303275 ] } },
{ "type": "Feature", "properties": { "county_nam": "Grainger", "county_norm": "GRAINGER", "prec_id": "002954", "precinct_name": "Grainger - 002954", "precinct_norm": "GRAINGER - 002954", "id": 838 }, "geometry": { "type": "Point", "coordinates": [ -83.623864640641301, 36.169865 ] } },
{ "type": "Feature", "properties": { "county_nam": "Knox", "county_norm": "KNOX", "prec_id": "004893", "precinct_name": "Knox - 004893", "precinct_norm": "KNOX - 004893", "id": 839 }, "geometry": { "type": "Point", "coordinates": [ -83.941899054168033, 35.946921 ] } },
{ "type": "Feature", "properties": { "county_nam": "Knox", "county_norm": "KNOX", "prec_id": "004809", "precinct_name": "Knox - 004809", "precinct_norm": "KNOX - 004809", "id": 840 }, "geometry": { "type": "Point", "coordinates": [ -83.896662000872254, 35.950886 ] } },
{ "type": "Feature", "properties": { "county_nam": "Knox", "county_norm": "KNOX", "prec_id": "004887", "precinct_name": "Knox - 004887", "precinct_norm": "KNOX - 004887", "id": 841 }, "geometry": { "type": "Point", "coordinates": [ -83.963715225009722, 36.0586365 ] } },
{ "type": "Feature", "properties": { "county_nam": "Sevier", "county_norm": "SEVIER", "prec_id": "007951", "precinct_name": "Sevier - 007951", "precinct_norm": "SEVIER - 007951", "id": 842 }, "geometry": { "type": "Point", "coordinates": [ -83.34256062092625, 35.7677805 ] } },
{ "type": "Feature", "properties": { "county_nam": "Claiborne", "county_norm": "CLAIBORNE", "prec_id": "001214", "precinct_name": "Claiborne - 001214", "precinct_norm": "CLAIBORNE - 001214", "id": 843 }, "geometry": { "type": "Point", "coordinates": [ -83.41148313049726, 36.4585645 ] } },
{ "type": "Feature", "properties": { "county_nam": "Sullivan", "county_norm": "SULLIVAN", "prec_id": "008513", "precinct_name": "Sullivan - 008513", "precinct_norm": "SULLIVAN - 008513", "id": 844 }, "geometry": { "type": "Point", "coordinates": [ -82.363232601258957, 36.440464 ] } },
{ "type": "Feature", "properties": { "county_nam": "Sullivan", "county_norm": "SULLIVAN", "prec_id": "008522", "precinct_name": "Sullivan - 008522", "precinct_norm": "SULLIVAN - 008522", "id": 845 }, "geometry": { "type": "Point", "coordinates": [ -82.498207930993459, 36.5444065 ] } },
{ "type": "Feature", "properties": { "county_nam": "Sullivan", "county_norm": "SULLIVAN", "prec_id": "008512", "precinct_name": "Sullivan - 008512", "precinct_norm": "SULLIVAN - 008512", "id": 846 }, "geometry": { "type": "Point", "coordinates": [ -82.263403508002057, 36.454016 ] } },
{ "type": "Feature", "properties": { "county_nam": "Chester", "county_norm": "CHESTER", "prec_id": "001102", "precinct_name": "Chester - 001102", "precinct_norm": "CHESTER - 001102", "id": 847 }, "geometry": { "type": "Point", "coordinates": [ -88.715639994551765, 35.442953 ] } },
{ "type": "Feature", "properties": { "county_nam": "Chester", "county_norm": "CHESTER", "prec_id": "001108", "precinct_name": "Chester - 001108", "precinct_norm": "CHESTER - 001108", "id": 848 }, "geometry": { "type": "Point", "coordinates": [ -88.430790952179848, 35.4342475 ] } },
{ "type": "Feature", "properties": { "county_nam": "Bledsoe", "county_norm": "BLEDSOE", "prec_id": "000309", "precinct_name": "Bledsoe - 000309", "precinct_norm": "BLEDSOE - 000309", "id": 849 }, "geometry": { "type": "Point", "coordinates": [ -85.26827291105667, 35.6903165 ] } },
{ "type": "Feature", "properties": { "county_nam": "Bledsoe", "county_norm": "BLEDSOE", "prec_id": "000304", "precinct_name": "Bledsoe - 000304", "precinct_norm": "BLEDSOE - 000304", "id": 850 }, "geometry": { "type": "Point", "coordinates": [ -85.360999112953749, 35.5160805 ] } },
{ "type": "Feature", "properties": { "county_nam": "Campbell", "county_norm": "CAMPBELL", "prec_id": "000602", "precinct_name": "Campbell - 000602", "precinct_norm": "CAMPBELL - 000602", "id": 851 }, "geometry": { "type": "Point", "coordinates": [ -84.236979526336256, 36.3462025 ] } },
{ "type": "Feature", "properties": { "county_nam": "Jackson", "county_norm": "JACKSON", "prec_id": "004508", "precinct_name": "Jackson - 004508", "precinct_norm": "JACKSON - 004508", "id": 852 }, "geometry": { "type": "Point", "coordinates": [ -85.66024135659967, 36.3538285 ] } },
{ "type": "Feature", "properties": { "county_nam": "Jackson", "county_norm": "JACKSON", "prec_id": "004510", "precinct_name": "Jackson - 004510", "precinct_norm": "JACKSON - 004510", "id": 853 }, "geometry": { "type": "Point", "coordinates": [ -85.529343192312481, 36.3168735 ] } },
{ "type": "Feature", "properties": { "county_nam": "Williamson", "county_norm": "WILLIAMSON", "prec_id": "009735", "precinct_name": "Williamson - 009735", "precinct_norm": "WILLIAMSON - 009735", "id": 854 }, "geometry": { "type": "Point", "coordinates": [ -86.88014504262992, 35.903275 ] } },
{ "type": "Feature", "properties": { "county_nam": "Williamson", "county_norm": "WILLIAMSON", "prec_id": "009706", "precinct_name": "Williamson - 009706", "precinct_norm": "WILLIAMSON - 009706", "id": 855 }, "geometry": { "type": "Point", "coordinates": [ -86.875937520005351, 35.7757405 ] } },
{ "type": "Feature", "properties": { "county_nam": "Williamson", "county_norm": "WILLIAMSON", "prec_id": "009710", "precinct_name": "Williamson - 009710", "precinct_norm": "WILLIAMSON - 009710", "id": 856 }, "geometry": { "type": "Point", "coordinates": [ -86.910728426526106, 35.764822 ] } },
{ "type": "Feature", "properties": { "county_nam": "Blount", "county_norm": "BLOUNT", "prec_id": "000426", "precinct_name": "Blount - 000426", "precinct_norm": "BLOUNT - 000426", "id": 857 }, "geometry": { "type": "Point", "coordinates": [ -83.838050340132071, 35.699207 ] } },
{ "type": "Feature", "properties": { "county_nam": "Hamilton", "county_norm": "HAMILTON", "prec_id": "003375", "precinct_name": "Hamilton - 003375", "precinct_norm": "HAMILTON - 003375", "id": 858 }, "geometry": { "type": "Point", "coordinates": [ -85.14080064904681, 35.038641 ] } },
{ "type": "Feature", "properties": { "county_nam": "Hamilton", "county_norm": "HAMILTON", "prec_id": "003448", "precinct_name": "Hamilton - 003448", "precinct_norm": "HAMILTON - 003448", "id": 859 }, "geometry": { "type": "Point", "coordinates": [ -85.309730803797748, 35.092029 ] } },
{ "type": "Feature", "properties": { "county_nam": "Rutherford", "county_norm": "RUTHERFORD", "prec_id": "007659", "precinct_name": "Rutherford - 007659", "precinct_norm": "RUTHERFORD - 007659", "id": 860 }, "geometry": { "type": "Point", "coordinates": [ -86.579703206930702, 35.99658 ] } },
{ "type": "Feature", "properties": { "county_nam": "Rutherford", "county_norm": "RUTHERFORD", "prec_id": "007698", "precinct_name": "Rutherford - 007698", "precinct_norm": "RUTHERFORD - 007698", "id": 861 }, "geometry": { "type": "Point", "coordinates": [ -86.322643226541246, 35.933056 ] } },
{ "type": "Feature", "properties": { "county_nam": "Monroe", "county_norm": "MONROE", "prec_id": "006353", "precinct_name": "Monroe - 006353", "precinct_norm": "MONROE - 006353", "id": 862 }, "geometry": { "type": "Point", "coordinates": [ -84.458414971463696, 35.592452 ] } },
{ "type": "Feature", "properties": { "county_nam": "Monroe", "county_norm": "MONROE", "prec_id": "006354", "precinct_name": "Monroe - 006354", "precinct_norm": "MONROE - 006354", "id": 863 }, "geometry": { "type": "Point", "coordinates": [ -84.176133158870698, 35.5809035 ] } },
{ "type": "Feature", "properties": { "county_nam": "Monroe", "county_norm": "MONROE", "prec_id": "006352", "precinct_name": "Monroe - 006352", "precinct_norm": "MONROE - 006352", "id": 864 }, "geometry": { "type": "Point", "coordinates": [ -84.474125640529394, 35.6035585 ] } },
{ "type": "Feature", "properties": { "county_nam": "Tipton", "county_norm": "TIPTON", "prec_id": "008701", "precinct_name": "Tipton - 008701", "precinct_norm": "TIPTON - 008701", "id": 865 }, "geometry": { "type": "Point", "coordinates": [ -89.866752530117537, 35.4298255 ] } },
{ "type": "Feature", "properties": { "county_nam": "Campbell", "county_norm": "CAMPBELL", "prec_id": "000609", "precinct_name": "Campbell - 000609", "precinct_norm": "CAMPBELL - 000609", "id": 866 }, "geometry": { "type": "Point", "coordinates": [ -84.189787121054337, 36.3338615 ] } },
{ "type": "Feature", "properties": { "county_nam": "Campbell", "county_norm": "CAMPBELL", "prec_id": "000615", "precinct_name": "Campbell - 000615", "precinct_norm": "CAMPBELL - 000615", "id": 867 }, "geometry": { "type": "Point", "coordinates": [ -84.063648937197541, 36.307272 ] } },
{ "type": "Feature", "properties": { "county_nam": "Williamson", "county_norm": "WILLIAMSON", "prec_id": "009702", "precinct_name": "Williamson - 009702", "precinct_norm": "WILLIAMSON - 009702", "id": 868 }, "geometry": { "type": "Point", "coordinates": [ -87.075220297685973, 35.9632885 ] } },
{ "type": "Feature", "properties": { "county_nam": "Williamson", "county_norm": "WILLIAMSON", "prec_id": "009717", "precinct_name": "Williamson - 009717", "precinct_norm": "WILLIAMSON - 009717", "id": 869 }, "geometry": { "type": "Point", "coordinates": [ -86.685315105778727, 35.8433285 ] } },
{ "type": "Feature", "properties": { "county_nam": "Hamilton", "county_norm": "HAMILTON", "prec_id": "003450", "precinct_name": "Hamilton - 003450", "precinct_norm": "HAMILTON - 003450", "id": 870 }, "geometry": { "type": "Point", "coordinates": [ -85.284822916899572, 35.1265415 ] } },
{ "type": "Feature", "properties": { "county_nam": "Hamilton", "county_norm": "HAMILTON", "prec_id": "003364", "precinct_name": "Hamilton - 003364", "precinct_norm": "HAMILTON - 003364", "id": 871 }, "geometry": { "type": "Point", "coordinates": [ -85.194152895298132, 35.0159855 ] } },
{ "type": "Feature", "properties": { "county_nam": "Williamson", "county_norm": "WILLIAMSON", "prec_id": "009722", "precinct_name": "Williamson - 009722", "precinct_norm": "WILLIAMSON - 009722", "id": 872 }, "geometry": { "type": "Point", "coordinates": [ -86.824544384875907, 36.0262755 ] } },
{ "type": "Feature", "properties": { "county_nam": "Williamson", "county_norm": "WILLIAMSON", "prec_id": "009734", "precinct_name": "Williamson - 009734", "precinct_norm": "WILLIAMSON - 009734", "id": 873 }, "geometry": { "type": "Point", "coordinates": [ -86.865876715152865, 35.9595915 ] } },
{ "type": "Feature", "properties": { "county_nam": "Hamilton", "county_norm": "HAMILTON", "prec_id": "003391", "precinct_name": "Hamilton - 003391", "precinct_norm": "HAMILTON - 003391", "id": 874 }, "geometry": { "type": "Point", "coordinates": [ -85.290291675556858, 35.0000825 ] } },
{ "type": "Feature", "properties": { "county_nam": "Hamilton", "county_norm": "HAMILTON", "prec_id": "003401", "precinct_name": "Hamilton - 003401", "precinct_norm": "HAMILTON - 003401", "id": 875 }, "geometry": { "type": "Point", "coordinates": [ -85.301153075893865, 35.2080245 ] } },
{ "type": "Feature", "properties": { "county_nam": "Hamilton", "county_norm": "HAMILTON", "prec_id": "003386", "precinct_name": "Hamilton - 003386", "precinct_norm": "HAMILTON - 003386", "id": 876 }, "geometry": { "type": "Point", "coordinates": [ -85.217673424793389, 35.1179755 ] } },
{ "type": "Feature", "properties": { "county_nam": "Hamilton", "county_norm": "HAMILTON", "prec_id": "003415", "precinct_name": "Hamilton - 003415", "precinct_norm": "HAMILTON - 003415", "id": 877 }, "geometry": { "type": "Point", "coordinates": [ -85.225951024914579, 35.0849345 ] } },
{ "type": "Feature", "properties": { "county_nam": "Hamilton", "county_norm": "HAMILTON", "prec_id": "003418", "precinct_name": "Hamilton - 003418", "precinct_norm": "HAMILTON - 003418", "id": 878 }, "geometry": { "type": "Point", "coordinates": [ -85.136949196968345, 35.2026865 ] } },
{ "type": "Feature", "properties": { "county_nam": "Monroe", "county_norm": "MONROE", "prec_id": "006357", "precinct_name": "Monroe - 006357", "precinct_norm": "MONROE - 006357", "id": 879 }, "geometry": { "type": "Point", "coordinates": [ -84.297886202220525, 35.5471825 ] } },
{ "type": "Feature", "properties": { "county_nam": "Williamson", "county_norm": "WILLIAMSON", "prec_id": "009732", "precinct_name": "Williamson - 009732", "precinct_norm": "WILLIAMSON - 009732", "id": 880 }, "geometry": { "type": "Point", "coordinates": [ -86.887283717962191, 35.946737 ] } },
{ "type": "Feature", "properties": { "county_nam": "Crockett", "county_norm": "CROCKETT", "prec_id": "001612", "precinct_name": "Crockett - 001612", "precinct_norm": "CROCKETT - 001612", "id": 881 }, "geometry": { "type": "Point", "coordinates": [ -89.023843653794941, 35.799907 ] } },
{ "type": "Feature", "properties": { "county_nam": "Monroe", "county_norm": "MONROE", "prec_id": "006355", "precinct_name": "Monroe - 006355", "precinct_norm": "MONROE - 006355", "id": 882 }, "geometry": { "type": "Point", "coordinates": [ -84.3624112261504, 35.5193975 ] } },
{ "type": "Feature", "properties": { "county_nam": "Obion", "county_norm": "OBION", "prec_id": "006754", "precinct_name": "Obion - 006754", "precinct_norm": "OBION - 006754", "id": 883 }, "geometry": { "type": "Point", "coordinates": [ -89.286826193549956, 36.365065 ] } },
{ "type": "Feature", "properties": { "county_nam": "Obion", "county_norm": "OBION", "prec_id": "006757", "precinct_name": "Obion - 006757", "precinct_norm": "OBION - 006757", "id": 884 }, "geometry": { "type": "Point", "coordinates": [ -89.047383597421742, 36.2530745 ] } },
{ "type": "Feature", "properties": { "county_nam": "Obion", "county_norm": "OBION", "prec_id": "006752", "precinct_name": "Obion - 006752", "precinct_norm": "OBION - 006752", "id": 885 }, "geometry": { "type": "Point", "coordinates": [ -89.08428078169112, 36.407982 ] } },
{ "type": "Feature", "properties": { "county_nam": "Gibson", "county_norm": "GIBSON", "prec_id": "002768", "precinct_name": "Gibson - 002768", "precinct_norm": "GIBSON - 002768", "id": 886 }, "geometry": { "type": "Point", "coordinates": [ -88.767444202956213, 35.917326 ] } },
{ "type": "Feature", "properties": { "county_nam": "Williamson", "county_norm": "WILLIAMSON", "prec_id": "009721", "precinct_name": "Williamson - 009721", "precinct_norm": "WILLIAMSON - 009721", "id": 887 }, "geometry": { "type": "Point", "coordinates": [ -86.751630211550747, 35.9674255 ] } },
{ "type": "Feature", "properties": { "county_nam": "Williamson", "county_norm": "WILLIAMSON", "prec_id": "009739", "precinct_name": "Williamson - 009739", "precinct_norm": "WILLIAMSON - 009739", "id": 888 }, "geometry": { "type": "Point", "coordinates": [ -86.840318224867218, 35.9087885 ] } },
{ "type": "Feature", "properties": { "county_nam": "Williamson", "county_norm": "WILLIAMSON", "prec_id": "009736", "precinct_name": "Williamson - 009736", "precinct_norm": "WILLIAMSON - 009736", "id": 889 }, "geometry": { "type": "Point", "coordinates": [ -86.890272817605634, 35.918087 ] } },
{ "type": "Feature", "properties": { "county_nam": "Williamson", "county_norm": "WILLIAMSON", "prec_id": "009738", "precinct_name": "Williamson - 009738", "precinct_norm": "WILLIAMSON - 009738", "id": 890 }, "geometry": { "type": "Point", "coordinates": [ -86.830534343434039, 35.930592 ] } },
{ "type": "Feature", "properties": { "county_nam": "Williamson", "county_norm": "WILLIAMSON", "prec_id": "009741", "precinct_name": "Williamson - 009741", "precinct_norm": "WILLIAMSON - 009741", "id": 891 }, "geometry": { "type": "Point", "coordinates": [ -86.931826542806192, 35.8388695 ] } },
{ "type": "Feature", "properties": { "county_nam": "Marshall", "county_norm": "MARSHALL", "prec_id": "005852", "precinct_name": "Marshall - 005852", "precinct_norm": "MARSHALL - 005852", "id": 892 }, "geometry": { "type": "Point", "coordinates": [ -86.87879110264933, 35.3696865 ] } },
{ "type": "Feature", "properties": { "county_nam": "Carter", "county_norm": "CARTER", "prec_id": "000902", "precinct_name": "Carter - 000902", "precinct_norm": "CARTER - 000902", "id": 893 }, "geometry": { "type": "Point", "coordinates": [ -82.286925407617133, 36.337476 ] } },
{ "type": "Feature", "properties": { "county_nam": "Carter", "county_norm": "CARTER", "prec_id": "000901", "precinct_name": "Carter - 000901", "precinct_norm": "CARTER - 000901", "id": 894 }, "geometry": { "type": "Point", "coordinates": [ -82.305082114683088, 36.286157 ] } },
{ "type": "Feature", "properties": { "county_nam": "Dyer", "county_norm": "DYER", "prec_id": "002364", "precinct_name": "Dyer - 002364", "precinct_norm": "DYER - 002364", "id": 895 }, "geometry": { "type": "Point", "coordinates": [ -89.357042902446949, 36.059398 ] } },
{ "type": "Feature", "properties": { "county_nam": "Dyer", "county_norm": "DYER", "prec_id": "002353", "precinct_name": "Dyer - 002353", "precinct_norm": "DYER - 002353", "id": 896 }, "geometry": { "type": "Point", "coordinates": [ -89.249975759021225, 36.1026715 ] } },
{ "type": "Feature", "properties": { "county_nam": "Hardin", "county_norm": "HARDIN", "prec_id": "003708", "precinct_name": "Hardin - 003708", "precinct_norm": "HARDIN - 003708", "id": 897 }, "geometry": { "type": "Point", "coordinates": [ -88.241201264923149, 35.1235095 ] } },
{ "type": "Feature", "properties": { "county_nam": "Hardin", "county_norm": "HARDIN", "prec_id": "003710", "precinct_name": "Hardin - 003710", "precinct_norm": "HARDIN - 003710", "id": 898 }, "geometry": { "type": "Point", "coordinates": [ -88.339947314831505, 35.2145535 ] } },
{ "type": "Feature", "properties": { "county_nam": "Giles", "county_norm": "GILES", "prec_id": "002855", "precinct_name": "Giles - 002855", "precinct_norm": "GILES - 002855", "id": 899 }, "geometry": { "type": "Point", "coordinates": [ -87.159480584550607, 35.2265955 ] } },
{ "type": "Feature", "properties": { "county_nam": "Hardeman", "county_norm": "HARDEMAN", "prec_id": "003605", "precinct_name": "Hardeman - 003605", "precinct_norm": "HARDEMAN - 003605", "id": 900 }, "geometry": { "type": "Point", "coordinates": [ -88.91520267152103, 35.068996 ] } },
{ "type": "Feature", "properties": { "county_nam": "Rhea", "county_norm": "RHEA", "prec_id": "007356", "precinct_name": "Rhea - 007356", "precinct_norm": "RHEA - 007356", "id": 901 }, "geometry": { "type": "Point", "coordinates": [ -84.952760975645646, 35.556039 ] } },
{ "type": "Feature", "properties": { "county_nam": "Gibson", "county_norm": "GIBSON", "prec_id": "002764", "precinct_name": "Gibson - 002764", "precinct_norm": "GIBSON - 002764", "id": 902 }, "geometry": { "type": "Point", "coordinates": [ -88.832196120298931, 35.9414745 ] } },
{ "type": "Feature", "properties": { "county_nam": "Gibson", "county_norm": "GIBSON", "prec_id": "002769", "precinct_name": "Gibson - 002769", "precinct_norm": "GIBSON - 002769", "id": 903 }, "geometry": { "type": "Point", "coordinates": [ -88.769297356054835, 35.9323175 ] } },
{ "type": "Feature", "properties": { "county_nam": "Marshall", "county_norm": "MARSHALL", "prec_id": "005851", "precinct_name": "Marshall - 005851", "precinct_norm": "MARSHALL - 005851", "id": 904 }, "geometry": { "type": "Point", "coordinates": [ -86.695839162550698, 35.600272 ] } },
{ "type": "Feature", "properties": { "county_nam": "Giles", "county_norm": "GILES", "prec_id": "002864", "precinct_name": "Giles - 002864", "precinct_norm": "GILES - 002864", "id": 905 }, "geometry": { "type": "Point", "coordinates": [ -87.049258980591873, 35.1848405 ] } },
{ "type": "Feature", "properties": { "county_nam": "Giles", "county_norm": "GILES", "prec_id": "002863", "precinct_name": "Giles - 002863", "precinct_norm": "GILES - 002863", "id": 906 }, "geometry": { "type": "Point", "coordinates": [ -87.018211790441654, 35.1929865 ] } },
{ "type": "Feature", "properties": { "county_nam": "Giles", "county_norm": "GILES", "prec_id": "002858", "precinct_name": "Giles - 002858", "precinct_norm": "GILES - 002858", "id": 907 }, "geometry": { "type": "Point", "coordinates": [ -86.876484691426214, 35.264497 ] } },
{ "type": "Feature", "properties": { "county_nam": "Rutherford", "county_norm": "RUTHERFORD", "prec_id": "007662", "precinct_name": "Rutherford - 007662", "precinct_norm": "RUTHERFORD - 007662", "id": 908 }, "geometry": { "type": "Point", "coordinates": [ -86.388397496567308, 35.70377 ] } },
{ "type": "Feature", "properties": { "county_nam": "Rutherford", "county_norm": "RUTHERFORD", "prec_id": "007677", "precinct_name": "Rutherford - 007677", "precinct_norm": "RUTHERFORD - 007677", "id": 909 }, "geometry": { "type": "Point", "coordinates": [ -86.4261122245384, 35.834056 ] } },
{ "type": "Feature", "properties": { "county_nam": "Rutherford", "county_norm": "RUTHERFORD", "prec_id": "007675", "precinct_name": "Rutherford - 007675", "precinct_norm": "RUTHERFORD - 007675", "id": 910 }, "geometry": { "type": "Point", "coordinates": [ -86.501107917871451, 36.0176935 ] } },
{ "type": "Feature", "properties": { "county_nam": "Rutherford", "county_norm": "RUTHERFORD", "prec_id": "007654", "precinct_name": "Rutherford - 007654", "precinct_norm": "RUTHERFORD - 007654", "id": 911 }, "geometry": { "type": "Point", "coordinates": [ -86.441824060361284, 36.000687 ] } },
{ "type": "Feature", "properties": { "county_nam": "Rutherford", "county_norm": "RUTHERFORD", "prec_id": "007666", "precinct_name": "Rutherford - 007666", "precinct_norm": "RUTHERFORD - 007666", "id": 912 }, "geometry": { "type": "Point", "coordinates": [ -86.64793502654814, 35.7375085 ] } },
{ "type": "Feature", "properties": { "county_nam": "Rutherford", "county_norm": "RUTHERFORD", "prec_id": "007665", "precinct_name": "Rutherford - 007665", "precinct_norm": "RUTHERFORD - 007665", "id": 913 }, "geometry": { "type": "Point", "coordinates": [ -86.531998029032849, 35.7705555 ] } },
{ "type": "Feature", "properties": { "county_nam": "Fayette", "county_norm": "FAYETTE", "prec_id": "002457", "precinct_name": "Fayette - 002457", "precinct_norm": "FAYETTE - 002457", "id": 914 }, "geometry": { "type": "Point", "coordinates": [ -89.370386126998994, 35.0542695 ] } },
{ "type": "Feature", "properties": { "county_nam": "Knox", "county_norm": "KNOX", "prec_id": "004879", "precinct_name": "Knox - 004879", "precinct_norm": "KNOX - 004879", "id": 915 }, "geometry": { "type": "Point", "coordinates": [ -83.949247730686466, 36.021067 ] } },
{ "type": "Feature", "properties": { "county_nam": "Knox", "county_norm": "KNOX", "prec_id": "004803", "precinct_name": "Knox - 004803", "precinct_norm": "KNOX - 004803", "id": 916 }, "geometry": { "type": "Point", "coordinates": [ -83.979999707165632, 35.995227 ] } },
{ "type": "Feature", "properties": { "county_nam": "Knox", "county_norm": "KNOX", "prec_id": "004856", "precinct_name": "Knox - 004856", "precinct_norm": "KNOX - 004856", "id": 917 }, "geometry": { "type": "Point", "coordinates": [ -84.009424162594783, 35.9839225 ] } },
{ "type": "Feature", "properties": { "county_nam": "Knox", "county_norm": "KNOX", "prec_id": "004865", "precinct_name": "Knox - 004865", "precinct_norm": "KNOX - 004865", "id": 918 }, "geometry": { "type": "Point", "coordinates": [ -83.897652631810104, 35.9738115 ] } },
{ "type": "Feature", "properties": { "county_nam": "Knox", "county_norm": "KNOX", "prec_id": "004814", "precinct_name": "Knox - 004814", "precinct_norm": "KNOX - 004814", "id": 919 }, "geometry": { "type": "Point", "coordinates": [ -83.744414699182244, 36.086759 ] } },
{ "type": "Feature", "properties": { "county_nam": "Knox", "county_norm": "KNOX", "prec_id": "004807", "precinct_name": "Knox - 004807", "precinct_norm": "KNOX - 004807", "id": 920 }, "geometry": { "type": "Point", "coordinates": [ -84.051754630965462, 35.884376 ] } },
{ "type": "Feature", "properties": { "county_nam": "Knox", "county_norm": "KNOX", "prec_id": "004823", "precinct_name": "Knox - 004823", "precinct_norm": "KNOX - 004823", "id": 921 }, "geometry": { "type": "Point", "coordinates": [ -83.817829534264618, 35.915415 ] } },
{ "type": "Feature", "properties": { "county_nam": "Hawkins", "county_norm": "HAWKINS", "prec_id": "003824", "precinct_name": "Hawkins - 003824", "precinct_norm": "HAWKINS - 003824", "id": 922 }, "geometry": { "type": "Point", "coordinates": [ -82.627639535191634, 36.552315 ] } },
{ "type": "Feature", "properties": { "county_nam": "Hancock", "county_norm": "HANCOCK", "prec_id": "000005", "precinct_name": "Hancock - 000005", "precinct_norm": "HANCOCK - 000005", "id": 923 }, "geometry": { "type": "Point", "coordinates": [ -83.351733870806953, 36.5559985 ] } },
{ "type": "Feature", "properties": { "county_nam": "Hardeman", "county_norm": "HARDEMAN", "prec_id": "003612", "precinct_name": "Hardeman - 003612", "precinct_norm": "HARDEMAN - 003612", "id": 924 }, "geometry": { "type": "Point", "coordinates": [ -89.044456937965265, 35.0679765 ] } },
{ "type": "Feature", "properties": { "county_nam": "Hardin", "county_norm": "HARDIN", "prec_id": "003715", "precinct_name": "Hardin - 003715", "precinct_norm": "HARDIN - 003715", "id": 925 }, "geometry": { "type": "Point", "coordinates": [ -88.084255744487123, 35.0703105 ] } },
{ "type": "Feature", "properties": { "county_nam": "Hardin", "county_norm": "HARDIN", "prec_id": "003709", "precinct_name": "Hardin - 003709", "precinct_norm": "HARDIN - 003709", "id": 926 }, "geometry": { "type": "Point", "coordinates": [ -88.100209921469741, 35.1587595 ] } },
{ "type": "Feature", "properties": { "county_nam": "Hawkins", "county_norm": "HAWKINS", "prec_id": "003823", "precinct_name": "Hawkins - 003823", "precinct_norm": "HAWKINS - 003823", "id": 927 }, "geometry": { "type": "Point", "coordinates": [ -83.040615533839343, 36.285077 ] } },
{ "type": "Feature", "properties": { "county_nam": "Hawkins", "county_norm": "HAWKINS", "prec_id": "003817", "precinct_name": "Hawkins - 003817", "precinct_norm": "HAWKINS - 003817", "id": 928 }, "geometry": { "type": "Point", "coordinates": [ -83.221242042022965, 36.3599715 ] } },
{ "type": "Feature", "properties": { "county_nam": "Hawkins", "county_norm": "HAWKINS", "prec_id": "003820", "precinct_name": "Hawkins - 003820", "precinct_norm": "HAWKINS - 003820", "id": 929 }, "geometry": { "type": "Point", "coordinates": [ -83.00103137307191, 36.441192 ] } },
{ "type": "Feature", "properties": { "county_nam": "Hawkins", "county_norm": "HAWKINS", "prec_id": "003826", "precinct_name": "Hawkins - 003826", "precinct_norm": "HAWKINS - 003826", "id": 930 }, "geometry": { "type": "Point", "coordinates": [ -82.861869676729157, 36.481543 ] } },
{ "type": "Feature", "properties": { "county_nam": "Knox", "county_norm": "KNOX", "prec_id": "004847", "precinct_name": "Knox - 004847", "precinct_norm": "KNOX - 004847", "id": 931 }, "geometry": { "type": "Point", "coordinates": [ -84.13957101104566, 35.9317005 ] } },
{ "type": "Feature", "properties": { "county_nam": "Knox", "county_norm": "KNOX", "prec_id": "004835", "precinct_name": "Knox - 004835", "precinct_norm": "KNOX - 004835", "id": 932 }, "geometry": { "type": "Point", "coordinates": [ -83.997163306186195, 35.8953465 ] } },
{ "type": "Feature", "properties": { "county_nam": "Claiborne", "county_norm": "CLAIBORNE", "prec_id": "001210", "precinct_name": "Claiborne - 001210", "precinct_norm": "CLAIBORNE - 001210", "id": 933 }, "geometry": { "type": "Point", "coordinates": [ -83.567737703006998, 36.491383 ] } },
{ "type": "Feature", "properties": { "county_nam": "Madison", "county_norm": "MADISON", "prec_id": "005651", "precinct_name": "Madison - 005651", "precinct_norm": "MADISON - 005651", "id": 934 }, "geometry": { "type": "Point", "coordinates": [ -88.815729525925093, 35.608186 ] } },
{ "type": "Feature", "properties": { "county_nam": "Rutherford", "county_norm": "RUTHERFORD", "prec_id": "007694", "precinct_name": "Rutherford - 007694", "precinct_norm": "RUTHERFORD - 007694", "id": 935 }, "geometry": { "type": "Point", "coordinates": [ -86.476354794937436, 35.8561665 ] } },
{ "type": "Feature", "properties": { "county_nam": "Rutherford", "county_norm": "RUTHERFORD", "prec_id": "007672", "precinct_name": "Rutherford - 007672", "precinct_norm": "RUTHERFORD - 007672", "id": 936 }, "geometry": { "type": "Point", "coordinates": [ -86.550845135911601, 35.960884 ] } },
{ "type": "Feature", "properties": { "county_nam": "Rutherford", "county_norm": "RUTHERFORD", "prec_id": "007656", "precinct_name": "Rutherford - 007656", "precinct_norm": "RUTHERFORD - 007656", "id": 937 }, "geometry": { "type": "Point", "coordinates": [ -86.233192905173468, 35.847338 ] } },
{ "type": "Feature", "properties": { "county_nam": "Rutherford", "county_norm": "RUTHERFORD", "prec_id": "007695", "precinct_name": "Rutherford - 007695", "precinct_norm": "RUTHERFORD - 007695", "id": 938 }, "geometry": { "type": "Point", "coordinates": [ -86.334501029545464, 35.822204 ] } },
{ "type": "Feature", "properties": { "county_nam": "Rutherford", "county_norm": "RUTHERFORD", "prec_id": "007655", "precinct_name": "Rutherford - 007655", "precinct_norm": "RUTHERFORD - 007655", "id": 939 }, "geometry": { "type": "Point", "coordinates": [ -86.476132515090086, 35.9691075 ] } },
{ "type": "Feature", "properties": { "county_nam": "Rutherford", "county_norm": "RUTHERFORD", "prec_id": "007693", "precinct_name": "Rutherford - 007693", "precinct_norm": "RUTHERFORD - 007693", "id": 940 }, "geometry": { "type": "Point", "coordinates": [ -86.544149543065913, 35.8520835 ] } },
{ "type": "Feature", "properties": { "county_nam": "Knox", "county_norm": "KNOX", "prec_id": "004813", "precinct_name": "Knox - 004813", "precinct_norm": "KNOX - 004813", "id": 941 }, "geometry": { "type": "Point", "coordinates": [ -83.763460319216989, 36.1255785 ] } },
{ "type": "Feature", "properties": { "county_nam": "Knox", "county_norm": "KNOX", "prec_id": "004867", "precinct_name": "Knox - 004867", "precinct_norm": "KNOX - 004867", "id": 942 }, "geometry": { "type": "Point", "coordinates": [ -83.901882769349839, 35.989168 ] } },
{ "type": "Feature", "properties": { "county_nam": "Knox", "county_norm": "KNOX", "prec_id": "004817", "precinct_name": "Knox - 004817", "precinct_norm": "KNOX - 004817", "id": 943 }, "geometry": { "type": "Point", "coordinates": [ -83.680779441937204, 35.980129 ] } },
{ "type": "Feature", "properties": { "county_nam": "Madison", "county_norm": "MADISON", "prec_id": "005673", "precinct_name": "Madison - 005673", "precinct_norm": "MADISON - 005673", "id": 944 }, "geometry": { "type": "Point", "coordinates": [ -88.820875815545023, 35.666931 ] } },
{ "type": "Feature", "properties": { "county_nam": "Madison", "county_norm": "MADISON", "prec_id": "005672", "precinct_name": "Madison - 005672", "precinct_norm": "MADISON - 005672", "id": 945 }, "geometry": { "type": "Point", "coordinates": [ -88.837064922590486, 35.6386035 ] } },
{ "type": "Feature", "properties": { "county_nam": "Madison", "county_norm": "MADISON", "prec_id": "005676", "precinct_name": "Madison - 005676", "precinct_norm": "MADISON - 005676", "id": 946 }, "geometry": { "type": "Point", "coordinates": [ -88.849336514493075, 35.7000915 ] } },
{ "type": "Feature", "properties": { "county_nam": "Madison", "county_norm": "MADISON", "prec_id": "005682", "precinct_name": "Madison - 005682", "precinct_norm": "MADISON - 005682", "id": 947 }, "geometry": { "type": "Point", "coordinates": [ -88.812577778846162, 35.567258 ] } },
{ "type": "Feature", "properties": { "county_nam": "Williamson", "county_norm": "WILLIAMSON", "prec_id": "009740", "precinct_name": "Williamson - 009740", "precinct_norm": "WILLIAMSON - 009740", "id": 948 }, "geometry": { "type": "Point", "coordinates": [ -86.813557567198941, 35.8653665 ] } },
{ "type": "Feature", "properties": { "county_nam": "Fayette", "county_norm": "FAYETTE", "prec_id": "002460", "precinct_name": "Fayette - 002460", "precinct_norm": "FAYETTE - 002460", "id": 949 }, "geometry": { "type": "Point", "coordinates": [ -89.263140825305612, 35.2236985 ] } },
{ "type": "Feature", "properties": { "county_nam": "Hardeman", "county_norm": "HARDEMAN", "prec_id": "003608", "precinct_name": "Hardeman - 003608", "precinct_norm": "HARDEMAN - 003608", "id": 950 }, "geometry": { "type": "Point", "coordinates": [ -88.972862696347846, 35.367625 ] } },
{ "type": "Feature", "properties": { "county_nam": "Shelby", "county_norm": "SHELBY", "prec_id": "008088", "precinct_name": "Shelby - 008088", "precinct_norm": "SHELBY - 008088", "id": 951 }, "geometry": { "type": "Point", "coordinates": [ -89.77462263076211, 35.096949 ] } },
{ "type": "Feature", "properties": { "county_nam": "Shelby", "county_norm": "SHELBY", "prec_id": "008068", "precinct_name": "Shelby - 008068", "precinct_norm": "SHELBY - 008068", "id": 952 }, "geometry": { "type": "Point", "coordinates": [ -89.654739343886462, 35.06648 ] } },
{ "type": "Feature", "properties": { "county_nam": "Madison", "county_norm": "MADISON", "prec_id": "005656", "precinct_name": "Madison - 005656", "precinct_norm": "MADISON - 005656", "id": 953 }, "geometry": { "type": "Point", "coordinates": [ -88.857328779226805, 35.6254375 ] } },
{ "type": "Feature", "properties": { "county_nam": "Madison", "county_norm": "MADISON", "prec_id": "005657", "precinct_name": "Madison - 005657", "precinct_norm": "MADISON - 005657", "id": 954 }, "geometry": { "type": "Point", "coordinates": [ -88.956265825496374, 35.6083325 ] } },
{ "type": "Feature", "properties": { "county_nam": "Madison", "county_norm": "MADISON", "prec_id": "005654", "precinct_name": "Madison - 005654", "precinct_norm": "MADISON - 005654", "id": 955 }, "geometry": { "type": "Point", "coordinates": [ -88.795373002273905, 35.639437 ] } },
{ "type": "Feature", "properties": { "county_nam": "Madison", "county_norm": "MADISON", "prec_id": "005659", "precinct_name": "Madison - 005659", "precinct_norm": "MADISON - 005659", "id": 956 }, "geometry": { "type": "Point", "coordinates": [ -89.014155634707905, 35.4824125 ] } },
{ "type": "Feature", "properties": { "county_nam": "Madison", "county_norm": "MADISON", "prec_id": "005683", "precinct_name": "Madison - 005683", "precinct_norm": "MADISON - 005683", "id": 957 }, "geometry": { "type": "Point", "coordinates": [ -88.698916459272866, 35.7551025 ] } },
{ "type": "Feature", "properties": { "county_nam": "Madison", "county_norm": "MADISON", "prec_id": "005671", "precinct_name": "Madison - 005671", "precinct_norm": "MADISON - 005671", "id": 958 }, "geometry": { "type": "Point", "coordinates": [ -88.818720120031244, 35.6391625 ] } },
{ "type": "Feature", "properties": { "county_nam": "Shelby", "county_norm": "SHELBY", "prec_id": "008260", "precinct_name": "Shelby - 008260", "precinct_norm": "SHELBY - 008260", "id": 959 }, "geometry": { "type": "Point", "coordinates": [ -89.999875457917312, 35.3477695 ] } },
{ "type": "Feature", "properties": { "county_nam": "Shelby", "county_norm": "SHELBY", "prec_id": "008270", "precinct_name": "Shelby - 008270", "precinct_norm": "SHELBY - 008270", "id": 960 }, "geometry": { "type": "Point", "coordinates": [ -89.735649536147704, 35.339897 ] } },
{ "type": "Feature", "properties": { "county_nam": "Gibson", "county_norm": "GIBSON", "prec_id": "002773", "precinct_name": "Gibson - 002773", "precinct_norm": "GIBSON - 002773", "id": 961 }, "geometry": { "type": "Point", "coordinates": [ -89.028404811918023, 36.144443 ] } },
{ "type": "Feature", "properties": { "county_nam": "Monroe", "county_norm": "MONROE", "prec_id": "006360", "precinct_name": "Monroe - 006360", "precinct_norm": "MONROE - 006360", "id": 962 }, "geometry": { "type": "Point", "coordinates": [ -84.382093075214783, 35.3263155 ] } },
{ "type": "Feature", "properties": { "county_nam": "Grainger", "county_norm": "GRAINGER", "prec_id": "002958", "precinct_name": "Grainger - 002958", "precinct_norm": "GRAINGER - 002958", "id": 963 }, "geometry": { "type": "Point", "coordinates": [ -83.443609750057604, 36.26983 ] } },
{ "type": "Feature", "properties": { "county_nam": "Grainger", "county_norm": "GRAINGER", "prec_id": "002960", "precinct_name": "Grainger - 002960", "precinct_norm": "GRAINGER - 002960", "id": 964 }, "geometry": { "type": "Point", "coordinates": [ -83.366773594459815, 36.2941215 ] } },
{ "type": "Feature", "properties": { "county_nam": "Knox", "county_norm": "KNOX", "prec_id": "004831", "precinct_name": "Knox - 004831", "precinct_norm": "KNOX - 004831", "id": 965 }, "geometry": { "type": "Point", "coordinates": [ -83.928090148802141, 35.935414 ] } },
{ "type": "Feature", "properties": { "county_nam": "Knox", "county_norm": "KNOX", "prec_id": "004872", "precinct_name": "Knox - 004872", "precinct_norm": "KNOX - 004872", "id": 966 }, "geometry": { "type": "Point", "coordinates": [ -83.872690036797351, 36.0193405 ] } },
{ "type": "Feature", "properties": { "county_nam": "Knox", "county_norm": "KNOX", "prec_id": "004845", "precinct_name": "Knox - 004845", "precinct_norm": "KNOX - 004845", "id": 967 }, "geometry": { "type": "Point", "coordinates": [ -84.161695368528612, 35.916222 ] } },
{ "type": "Feature", "properties": { "county_nam": "Knox", "county_norm": "KNOX", "prec_id": "004834", "precinct_name": "Knox - 004834", "precinct_norm": "KNOX - 004834", "id": 968 }, "geometry": { "type": "Point", "coordinates": [ -83.990455963697826, 35.933134 ] } },
{ "type": "Feature", "properties": { "county_nam": "Polk", "county_norm": "POLK", "prec_id": "007154", "precinct_name": "Polk - 007154", "precinct_norm": "POLK - 007154", "id": 969 }, "geometry": { "type": "Point", "coordinates": [ -84.386307652430105, 35.066303 ] } },
{ "type": "Feature", "properties": { "county_nam": "Fayette", "county_norm": "FAYETTE", "prec_id": "002464", "precinct_name": "Fayette - 002464", "precinct_norm": "FAYETTE - 002464", "id": 970 }, "geometry": { "type": "Point", "coordinates": [ -89.415862484399128, 35.3170025 ] } },
{ "type": "Feature", "properties": { "county_nam": "Loudon", "county_norm": "LOUDON", "prec_id": "005454", "precinct_name": "Loudon - 005454", "precinct_norm": "LOUDON - 005454", "id": 971 }, "geometry": { "type": "Point", "coordinates": [ -84.408504817513801, 35.6848815 ] } },
{ "type": "Feature", "properties": { "county_nam": "Shelby", "county_norm": "SHELBY", "prec_id": "008158", "precinct_name": "Shelby - 008158", "precinct_norm": "SHELBY - 008158", "id": 972 }, "geometry": { "type": "Point", "coordinates": [ -89.940037575629788, 35.098682 ] } },
{ "type": "Feature", "properties": { "county_nam": "Shelby", "county_norm": "SHELBY", "prec_id": "008187", "precinct_name": "Shelby - 008187", "precinct_norm": "SHELBY - 008187", "id": 973 }, "geometry": { "type": "Point", "coordinates": [ -89.988500558321263, 35.241815 ] } },
{ "type": "Feature", "properties": { "county_nam": "Shelby", "county_norm": "SHELBY", "prec_id": "008053", "precinct_name": "Shelby - 008053", "precinct_norm": "SHELBY - 008053", "id": 974 }, "geometry": { "type": "Point", "coordinates": [ -89.85766947497288, 35.2054515 ] } },
{ "type": "Feature", "properties": { "county_nam": "Clay", "county_norm": "CLAY", "prec_id": "001302", "precinct_name": "Clay - 001302", "precinct_norm": "CLAY - 001302", "id": 975 }, "geometry": { "type": "Point", "coordinates": [ -85.565405561894792, 36.5468535 ] } },
{ "type": "Feature", "properties": { "county_nam": "Knox", "county_norm": "KNOX", "prec_id": "004838", "precinct_name": "Knox - 004838", "precinct_norm": "KNOX - 004838", "id": 976 }, "geometry": { "type": "Point", "coordinates": [ -84.048868475602035, 35.9416475 ] } },
{ "type": "Feature", "properties": { "county_nam": "Knox", "county_norm": "KNOX", "prec_id": "004844", "precinct_name": "Knox - 004844", "precinct_norm": "KNOX - 004844", "id": 977 }, "geometry": { "type": "Point", "coordinates": [ -84.218662702510812, 35.916399 ] } },
{ "type": "Feature", "properties": { "county_nam": "Knox", "county_norm": "KNOX", "prec_id": "004833", "precinct_name": "Knox - 004833", "precinct_norm": "KNOX - 004833", "id": 978 }, "geometry": { "type": "Point", "coordinates": [ -83.968224124714737, 35.939583 ] } },
{ "type": "Feature", "properties": { "county_nam": "Knox", "county_norm": "KNOX", "prec_id": "004897", "precinct_name": "Knox - 004897", "precinct_norm": "KNOX - 004897", "id": 979 }, "geometry": { "type": "Point", "coordinates": [ -84.067385204044115, 35.888233 ] } },
{ "type": "Feature", "properties": { "county_nam": "Knox", "county_norm": "KNOX", "prec_id": "004824", "precinct_name": "Knox - 004824", "precinct_norm": "KNOX - 004824", "id": 980 }, "geometry": { "type": "Point", "coordinates": [ -83.877510562068991, 35.8801145 ] } },
{ "type": "Feature", "properties": { "county_nam": "Knox", "county_norm": "KNOX", "prec_id": "004896", "precinct_name": "Knox - 004896", "precinct_norm": "KNOX - 004896", "id": 981 }, "geometry": { "type": "Point", "coordinates": [ -84.111714155335704, 35.879665 ] } },
{ "type": "Feature", "properties": { "county_nam": "Rutherford", "county_norm": "RUTHERFORD", "prec_id": "007658", "precinct_name": "Rutherford - 007658", "precinct_norm": "RUTHERFORD - 007658", "id": 982 }, "geometry": { "type": "Point", "coordinates": [ -86.323628722998762, 35.8906925 ] } },
{ "type": "Feature", "properties": { "county_nam": "Wayne", "county_norm": "WAYNE", "prec_id": "009414", "precinct_name": "Wayne - 009414", "precinct_norm": "WAYNE - 009414", "id": 983 }, "geometry": { "type": "Point", "coordinates": [ -87.873951535548869, 35.2680205 ] } },
{ "type": "Feature", "properties": { "county_nam": "Wayne", "county_norm": "WAYNE", "prec_id": "009404", "precinct_name": "Wayne - 009404", "precinct_norm": "WAYNE - 009404", "id": 984 }, "geometry": { "type": "Point", "coordinates": [ -87.753258940871447, 35.3236195 ] } },
{ "type": "Feature", "properties": { "county_nam": "Montgomery", "county_norm": "MONTGOMERY", "prec_id": "006453", "precinct_name": "Montgomery - 006453", "precinct_norm": "MONTGOMERY - 006453", "id": 985 }, "geometry": { "type": "Point", "coordinates": [ -87.179182161560902, 36.472815 ] } },
{ "type": "Feature", "properties": { "county_nam": "Montgomery", "county_norm": "MONTGOMERY", "prec_id": "006473", "precinct_name": "Montgomery - 006473", "precinct_norm": "MONTGOMERY - 006473", "id": 986 }, "geometry": { "type": "Point", "coordinates": [ -87.5327194202481, 36.397296 ] } },
{ "type": "Feature", "properties": { "county_nam": "Montgomery", "county_norm": "MONTGOMERY", "prec_id": "006477", "precinct_name": "Montgomery - 006477", "precinct_norm": "MONTGOMERY - 006477", "id": 987 }, "geometry": { "type": "Point", "coordinates": [ -87.303053273037904, 36.501712 ] } },
{ "type": "Feature", "properties": { "county_nam": "Monroe", "county_norm": "MONROE", "prec_id": "006363", "precinct_name": "Monroe - 006363", "precinct_norm": "MONROE - 006363", "id": 988 }, "geometry": { "type": "Point", "coordinates": [ -84.115519875628692, 35.4796635 ] } },
{ "type": "Feature", "properties": { "county_nam": "Campbell", "county_norm": "CAMPBELL", "prec_id": "000617", "precinct_name": "Campbell - 000617", "precinct_norm": "CAMPBELL - 000617", "id": 989 }, "geometry": { "type": "Point", "coordinates": [ -83.943547223931375, 36.4307195 ] } },
{ "type": "Feature", "properties": { "county_nam": "Campbell", "county_norm": "CAMPBELL", "prec_id": "000604", "precinct_name": "Campbell - 000604", "precinct_norm": "CAMPBELL - 000604", "id": 990 }, "geometry": { "type": "Point", "coordinates": [ -84.017738574293247, 36.424086 ] } },
{ "type": "Feature", "properties": { "county_nam": "Campbell", "county_norm": "CAMPBELL", "prec_id": "000616", "precinct_name": "Campbell - 000616", "precinct_norm": "CAMPBELL - 000616", "id": 991 }, "geometry": { "type": "Point", "coordinates": [ -84.075721255081234, 36.357365 ] } },
{ "type": "Feature", "properties": { "county_nam": "Clay", "county_norm": "CLAY", "prec_id": "001307", "precinct_name": "Clay - 001307", "precinct_norm": "CLAY - 001307", "id": 992 }, "geometry": { "type": "Point", "coordinates": [ -85.755350749972393, 36.558945 ] } },
{ "type": "Feature", "properties": { "county_nam": "Loudon", "county_norm": "LOUDON", "prec_id": "005457", "precinct_name": "Loudon - 005457", "precinct_norm": "LOUDON - 005457", "id": 993 }, "geometry": { "type": "Point", "coordinates": [ -84.210269984848736, 35.73851 ] } },
{ "type": "Feature", "properties": { "county_nam": "Loudon", "county_norm": "LOUDON", "prec_id": "005455", "precinct_name": "Loudon - 005455", "precinct_norm": "LOUDON - 005455", "id": 994 }, "geometry": { "type": "Point", "coordinates": [ -84.303070833067153, 35.6708305 ] } },
{ "type": "Feature", "properties": { "county_nam": "Shelby", "county_norm": "SHELBY", "prec_id": "008086", "precinct_name": "Shelby - 008086", "precinct_norm": "SHELBY - 008086", "id": 995 }, "geometry": { "type": "Point", "coordinates": [ -89.810270299063291, 35.08338 ] } },
{ "type": "Feature", "properties": { "county_nam": "Hawkins", "county_norm": "HAWKINS", "prec_id": "003812", "precinct_name": "Hawkins - 003812", "precinct_norm": "HAWKINS - 003812", "id": 996 }, "geometry": { "type": "Point", "coordinates": [ -83.005863332401589, 36.482281 ] } },
{ "type": "Feature", "properties": { "county_nam": "Hamblen", "county_norm": "HAMBLEN", "prec_id": "003259", "precinct_name": "Hamblen - 003259", "precinct_norm": "HAMBLEN - 003259", "id": 997 }, "geometry": { "type": "Point", "coordinates": [ -83.193781276774118, 36.276831 ] } },
{ "type": "Feature", "properties": { "county_nam": "Hamblen", "county_norm": "HAMBLEN", "prec_id": "003260", "precinct_name": "Hamblen - 003260", "precinct_norm": "HAMBLEN - 003260", "id": 998 }, "geometry": { "type": "Point", "coordinates": [ -83.137372825878046, 36.2717445 ] } },
{ "type": "Feature", "properties": { "county_nam": "Hamblen", "county_norm": "HAMBLEN", "prec_id": "003255", "precinct_name": "Hamblen - 003255", "precinct_norm": "HAMBLEN - 003255", "id": 999 }, "geometry": { "type": "Point", "coordinates": [ -83.32707884340897, 36.215456 ] } },
{ "type": "Feature", "properties": { "county_nam": "Hamblen", "county_norm": "HAMBLEN", "prec_id": "003256", "precinct_name": "Hamblen - 003256", "precinct_norm": "HAMBLEN - 003256", "id": 1000 }, "geometry": { "type": "Point", "coordinates": [ -83.336170412641593, 36.2616465 ] } },
{ "type": "Feature", "properties": { "county_nam": "Hamilton", "county_norm": "HAMILTON", "prec_id": "003371", "precinct_name": "Hamilton - 003371", "precinct_norm": "HAMILTON - 003371", "id": 1001 }, "geometry": { "type": "Point", "coordinates": [ -85.17522835267448, 35.006807 ] } },
{ "type": "Feature", "properties": { "county_nam": "Hamilton", "county_norm": "HAMILTON", "prec_id": "003351", "precinct_name": "Hamilton - 003351", "precinct_norm": "HAMILTON - 003351", "id": 1002 }, "geometry": { "type": "Point", "coordinates": [ -85.182301688506755, 35.0414625 ] } },
{ "type": "Feature", "properties": { "county_nam": "Hamilton", "county_norm": "HAMILTON", "prec_id": "003399", "precinct_name": "Hamilton - 003399", "precinct_norm": "HAMILTON - 003399", "id": 1003 }, "geometry": { "type": "Point", "coordinates": [ -85.290592203405566, 35.0223915 ] } },
{ "type": "Feature", "properties": { "county_nam": "Hamilton", "county_norm": "HAMILTON", "prec_id": "003393", "precinct_name": "Hamilton - 003393", "precinct_norm": "HAMILTON - 003393", "id": 1004 }, "geometry": { "type": "Point", "coordinates": [ -85.256109067116057, 35.0090305 ] } },
{ "type": "Feature", "properties": { "county_nam": "Hamilton", "county_norm": "HAMILTON", "prec_id": "003395", "precinct_name": "Hamilton - 003395", "precinct_norm": "HAMILTON - 003395", "id": 1005 }, "geometry": { "type": "Point", "coordinates": [ -85.204468712567859, 34.998248 ] } },
{ "type": "Feature", "properties": { "county_nam": "Hamilton", "county_norm": "HAMILTON", "prec_id": "003476", "precinct_name": "Hamilton - 003476", "precinct_norm": "HAMILTON - 003476", "id": 1006 }, "geometry": { "type": "Point", "coordinates": [ -85.220374961714072, 35.033385 ] } },
{ "type": "Feature", "properties": { "county_nam": "Hamilton", "county_norm": "HAMILTON", "prec_id": "003382", "precinct_name": "Hamilton - 003382", "precinct_norm": "HAMILTON - 003382", "id": 1007 }, "geometry": { "type": "Point", "coordinates": [ -85.129060957522967, 35.2379905 ] } },
{ "type": "Feature", "properties": { "county_nam": "Hamilton", "county_norm": "HAMILTON", "prec_id": "003463", "precinct_name": "Hamilton - 003463", "precinct_norm": "HAMILTON - 003463", "id": 1008 }, "geometry": { "type": "Point", "coordinates": [ -85.334717921866428, 34.998969 ] } },
{ "type": "Feature", "properties": { "county_nam": "Hawkins", "county_norm": "HAWKINS", "prec_id": "003805", "precinct_name": "Hawkins - 003805", "precinct_norm": "HAWKINS - 003805", "id": 1009 }, "geometry": { "type": "Point", "coordinates": [ -82.765085958906909, 36.439096 ] } },
{ "type": "Feature", "properties": { "county_nam": "Hawkins", "county_norm": "HAWKINS", "prec_id": "003801", "precinct_name": "Hawkins - 003801", "precinct_norm": "HAWKINS - 003801", "id": 1010 }, "geometry": { "type": "Point", "coordinates": [ -82.972249583207258, 36.355073 ] } },
{ "type": "Feature", "properties": { "county_nam": "Hamilton", "county_norm": "HAMILTON", "prec_id": "003425", "precinct_name": "Hamilton - 003425", "precinct_norm": "HAMILTON - 003425", "id": 1011 }, "geometry": { "type": "Point", "coordinates": [ -85.168772304145762, 35.2122495 ] } },
{ "type": "Feature", "properties": { "county_nam": "Hamilton", "county_norm": "HAMILTON", "prec_id": "003422", "precinct_name": "Hamilton - 003422", "precinct_norm": "HAMILTON - 003422", "id": 1012 }, "geometry": { "type": "Point", "coordinates": [ -85.260124591343043, 35.10809 ] } },
{ "type": "Feature", "properties": { "county_nam": "Hamilton", "county_norm": "HAMILTON", "prec_id": "003475", "precinct_name": "Hamilton - 003475", "precinct_norm": "HAMILTON - 003475", "id": 1013 }, "geometry": { "type": "Point", "coordinates": [ -85.118703221750621, 35.021945 ] } },
{ "type": "Feature", "properties": { "county_nam": "Hamilton", "county_norm": "HAMILTON", "prec_id": "003383", "precinct_name": "Hamilton - 003383", "precinct_norm": "HAMILTON - 003383", "id": 1014 }, "geometry": { "type": "Point", "coordinates": [ -85.10321566961116, 35.2242395 ] } },
{ "type": "Feature", "properties": { "county_nam": "Lawrence", "county_norm": "LAWRENCE", "prec_id": "005167", "precinct_name": "Lawrence - 005167", "precinct_norm": "LAWRENCE - 005167", "id": 1015 }, "geometry": { "type": "Point", "coordinates": [ -87.326133068439816, 35.257338 ] } },
{ "type": "Feature", "properties": { "county_nam": "Polk", "county_norm": "POLK", "prec_id": "007157", "precinct_name": "Polk - 007157", "precinct_norm": "POLK - 007157", "id": 1016 }, "geometry": { "type": "Point", "coordinates": [ -84.625479427833511, 35.0918285 ] } },
{ "type": "Feature", "properties": { "county_nam": "Hawkins", "county_norm": "HAWKINS", "prec_id": "003811", "precinct_name": "Hawkins - 003811", "precinct_norm": "HAWKINS - 003811", "id": 1017 }, "geometry": { "type": "Point", "coordinates": [ -82.785530436765697, 36.5507695 ] } },
{ "type": "Feature", "properties": { "county_nam": "Grainger", "county_norm": "GRAINGER", "prec_id": "002957", "precinct_name": "Grainger - 002957", "precinct_norm": "GRAINGER - 002957", "id": 1018 }, "geometry": { "type": "Point", "coordinates": [ -83.335660388034995, 36.3555845 ] } },
{ "type": "Feature", "properties": { "county_nam": "Hawkins", "county_norm": "HAWKINS", "prec_id": "003825", "precinct_name": "Hawkins - 003825", "precinct_norm": "HAWKINS - 003825", "id": 1019 }, "geometry": { "type": "Point", "coordinates": [ -82.696457683645832, 36.511173 ] } },
{ "type": "Feature", "properties": { "county_nam": "Williamson", "county_norm": "WILLIAMSON", "prec_id": "009730", "precinct_name": "Williamson - 009730", "precinct_norm": "WILLIAMSON - 009730", "id": 1020 }, "geometry": { "type": "Point", "coordinates": [ -86.946656996336159, 35.9375685 ] } },
{ "type": "Feature", "properties": { "county_nam": "Williamson", "county_norm": "WILLIAMSON", "prec_id": "009705", "precinct_name": "Williamson - 009705", "precinct_norm": "WILLIAMSON - 009705", "id": 1021 }, "geometry": { "type": "Point", "coordinates": [ -86.807969263912526, 35.779525 ] } },
{ "type": "Feature", "properties": { "county_nam": "Wayne", "county_norm": "WAYNE", "prec_id": "009401", "precinct_name": "Wayne - 009401", "precinct_norm": "WAYNE - 009401", "id": 1022 }, "geometry": { "type": "Point", "coordinates": [ -87.983742799381844, 35.3767675 ] } },
{ "type": "Feature", "properties": { "county_nam": "Wayne", "county_norm": "WAYNE", "prec_id": "009410", "precinct_name": "Wayne - 009410", "precinct_norm": "WAYNE - 009410", "id": 1023 }, "geometry": { "type": "Point", "coordinates": [ -87.638713782413362, 35.400883 ] } },
{ "type": "Feature", "properties": { "county_nam": "Weakley", "county_norm": "WEAKLEY", "prec_id": "009508", "precinct_name": "Weakley - 009508", "precinct_norm": "WEAKLEY - 009508", "id": 1024 }, "geometry": { "type": "Point", "coordinates": [ -88.834833379960983, 36.3351855 ] } },
{ "type": "Feature", "properties": { "county_nam": "Hamilton", "county_norm": "HAMILTON", "prec_id": "003360", "precinct_name": "Hamilton - 003360", "precinct_norm": "HAMILTON - 003360", "id": 1025 }, "geometry": { "type": "Point", "coordinates": [ -85.088358442192501, 35.320327 ] } },
{ "type": "Feature", "properties": { "county_nam": "Hamilton", "county_norm": "HAMILTON", "prec_id": "003421", "precinct_name": "Hamilton - 003421", "precinct_norm": "HAMILTON - 003421", "id": 1026 }, "geometry": { "type": "Point", "coordinates": [ -85.373279418845755, 35.0516695 ] } },
{ "type": "Feature", "properties": { "county_nam": "Hawkins", "county_norm": "HAWKINS", "prec_id": "003814", "precinct_name": "Hawkins - 003814", "precinct_norm": "HAWKINS - 003814", "id": 1027 }, "geometry": { "type": "Point", "coordinates": [ -82.9695272297526, 36.4146745 ] } },
{ "type": "Feature", "properties": { "county_nam": "Hamilton", "county_norm": "HAMILTON", "prec_id": "003417", "precinct_name": "Hamilton - 003417", "precinct_norm": "HAMILTON - 003417", "id": 1028 }, "geometry": { "type": "Point", "coordinates": [ -85.194912853441622, 35.0779505 ] } },
{ "type": "Feature", "properties": { "county_nam": "Hamilton", "county_norm": "HAMILTON", "prec_id": "003363", "precinct_name": "Hamilton - 003363", "precinct_norm": "HAMILTON - 003363", "id": 1029 }, "geometry": { "type": "Point", "coordinates": [ -85.239852264064183, 35.0128665 ] } },
{ "type": "Feature", "properties": { "county_nam": "Hamilton", "county_norm": "HAMILTON", "prec_id": "003442", "precinct_name": "Hamilton - 003442", "precinct_norm": "HAMILTON - 003442", "id": 1030 }, "geometry": { "type": "Point", "coordinates": [ -85.061781408520517, 35.0925035 ] } },
{ "type": "Feature", "properties": { "county_nam": "Hamilton", "county_norm": "HAMILTON", "prec_id": "003377", "precinct_name": "Hamilton - 003377", "precinct_norm": "HAMILTON - 003377", "id": 1031 }, "geometry": { "type": "Point", "coordinates": [ -85.152530204445455, 35.0485645 ] } },
{ "type": "Feature", "properties": { "county_nam": "Montgomery", "county_norm": "MONTGOMERY", "prec_id": "006455", "precinct_name": "Montgomery - 006455", "precinct_norm": "MONTGOMERY - 006455", "id": 1032 }, "geometry": { "type": "Point", "coordinates": [ -87.524957147773833, 36.4865475 ] } },
{ "type": "Feature", "properties": { "county_nam": "Robertson", "county_norm": "ROBERTSON", "prec_id": "007556", "precinct_name": "Robertson - 007556", "precinct_norm": "ROBERTSON - 007556", "id": 1033 }, "geometry": { "type": "Point", "coordinates": [ -86.899342141129154, 36.406015 ] } },
{ "type": "Feature", "properties": { "county_nam": "Rhea", "county_norm": "RHEA", "prec_id": "007357", "precinct_name": "Rhea - 007357", "precinct_norm": "RHEA - 007357", "id": 1034 }, "geometry": { "type": "Point", "coordinates": [ -85.008272178384161, 35.5099775 ] } },
{ "type": "Feature", "properties": { "county_nam": "Rhea", "county_norm": "RHEA", "prec_id": "007362", "precinct_name": "Rhea - 007362", "precinct_norm": "RHEA - 007362", "id": 1035 }, "geometry": { "type": "Point", "coordinates": [ -85.083715488753569, 35.5228025 ] } },
{ "type": "Feature", "properties": { "county_nam": "Warren", "county_norm": "WARREN", "prec_id": "009208", "precinct_name": "Warren - 009208", "precinct_norm": "WARREN - 009208", "id": 1036 }, "geometry": { "type": "Point", "coordinates": [ -85.763804021313177, 35.665114 ] } },
{ "type": "Feature", "properties": { "county_nam": "Montgomery", "county_norm": "MONTGOMERY", "prec_id": "006459", "precinct_name": "Montgomery - 006459", "precinct_norm": "MONTGOMERY - 006459", "id": 1037 }, "geometry": { "type": "Point", "coordinates": [ -87.355653919189194, 36.5084935 ] } },
{ "type": "Feature", "properties": { "county_nam": "Hamilton", "county_norm": "HAMILTON", "prec_id": "003390", "precinct_name": "Hamilton - 003390", "precinct_norm": "HAMILTON - 003390", "id": 1038 }, "geometry": { "type": "Point", "coordinates": [ -85.245099968793824, 35.0650835 ] } },
{ "type": "Feature", "properties": { "county_nam": "Hamilton", "county_norm": "HAMILTON", "prec_id": "003396", "precinct_name": "Hamilton - 003396", "precinct_norm": "HAMILTON - 003396", "id": 1039 }, "geometry": { "type": "Point", "coordinates": [ -85.235395295564075, 35.0362135 ] } },
{ "type": "Feature", "properties": { "county_nam": "Hamilton", "county_norm": "HAMILTON", "prec_id": "003460", "precinct_name": "Hamilton - 003460", "precinct_norm": "HAMILTON - 003460", "id": 1040 }, "geometry": { "type": "Point", "coordinates": [ -85.150985285631293, 35.281159 ] } },
{ "type": "Feature", "properties": { "county_nam": "Hamilton", "county_norm": "HAMILTON", "prec_id": "003356", "precinct_name": "Hamilton - 003356", "precinct_norm": "HAMILTON - 003356", "id": 1041 }, "geometry": { "type": "Point", "coordinates": [ -85.079628661848545, 35.025661 ] } },
{ "type": "Feature", "properties": { "county_nam": "Hamilton", "county_norm": "HAMILTON", "prec_id": "003353", "precinct_name": "Hamilton - 003353", "precinct_norm": "HAMILTON - 003353", "id": 1042 }, "geometry": { "type": "Point", "coordinates": [ -85.327584174809886, 34.9982805 ] } },
{ "type": "Feature", "properties": { "county_nam": "Hamilton", "county_norm": "HAMILTON", "prec_id": "003457", "precinct_name": "Hamilton - 003457", "precinct_norm": "HAMILTON - 003457", "id": 1043 }, "geometry": { "type": "Point", "coordinates": [ -85.330797701748907, 35.129612 ] } },
{ "type": "Feature", "properties": { "county_nam": "Pickett", "county_norm": "PICKETT", "prec_id": "007056", "precinct_name": "Pickett - 007056", "precinct_norm": "PICKETT - 007056", "id": 1044 }, "geometry": { "type": "Point", "coordinates": [ -85.099420703375543, 36.5024795 ] } },
{ "type": "Feature", "properties": { "county_nam": "Hamilton", "county_norm": "HAMILTON", "prec_id": "003443", "precinct_name": "Hamilton - 003443", "precinct_norm": "HAMILTON - 003443", "id": 1045 }, "geometry": { "type": "Point", "coordinates": [ -85.031722963159424, 35.1017415 ] } },
{ "type": "Feature", "properties": { "county_nam": "Pickett", "county_norm": "PICKETT", "prec_id": "007051", "precinct_name": "Pickett - 007051", "precinct_norm": "PICKETT - 007051", "id": 1046 }, "geometry": { "type": "Point", "coordinates": [ -85.164472841469916, 36.573388 ] } },
{ "type": "Feature", "properties": { "county_nam": "Pickett", "county_norm": "PICKETT", "prec_id": "007054", "precinct_name": "Pickett - 007054", "precinct_norm": "PICKETT - 007054", "id": 1047 }, "geometry": { "type": "Point", "coordinates": [ -85.137919294681183, 36.5516565 ] } },
{ "type": "Feature", "properties": { "county_nam": "Smith", "county_norm": "SMITH", "prec_id": "008304", "precinct_name": "Smith - 008304", "precinct_norm": "SMITH - 008304", "id": 1048 }, "geometry": { "type": "Point", "coordinates": [ -85.921879812671079, 36.1491285 ] } },
{ "type": "Feature", "properties": { "county_nam": "Moore", "county_norm": "MOORE", "prec_id": "006553", "precinct_name": "Moore - 006553", "precinct_norm": "MOORE - 006553", "id": 1049 }, "geometry": { "type": "Point", "coordinates": [ -86.340896809649948, 35.2023315 ] } },
{ "type": "Feature", "properties": { "county_nam": "Smith", "county_norm": "SMITH", "prec_id": "008301", "precinct_name": "Smith - 008301", "precinct_norm": "SMITH - 008301", "id": 1050 }, "geometry": { "type": "Point", "coordinates": [ -86.034874383387987, 36.264821 ] } },
{ "type": "Feature", "properties": { "county_nam": "Robertson", "county_norm": "ROBERTSON", "prec_id": "007551", "precinct_name": "Robertson - 007551", "precinct_norm": "ROBERTSON - 007551", "id": 1051 }, "geometry": { "type": "Point", "coordinates": [ -86.668276795304962, 36.5806295 ] } },
{ "type": "Feature", "properties": { "county_nam": "Robertson", "county_norm": "ROBERTSON", "prec_id": "007559", "precinct_name": "Robertson - 007559", "precinct_norm": "ROBERTSON - 007559", "id": 1052 }, "geometry": { "type": "Point", "coordinates": [ -87.020990642443508, 36.5761265 ] } },
{ "type": "Feature", "properties": { "county_nam": "Shelby", "county_norm": "SHELBY", "prec_id": "008262", "precinct_name": "Shelby - 008262", "precinct_norm": "SHELBY - 008262", "id": 1053 }, "geometry": { "type": "Point", "coordinates": [ -89.741187341990553, 35.17767 ] } },
{ "type": "Feature", "properties": { "county_nam": "Sequatchie", "county_norm": "SEQUATCHIE", "prec_id": "007853", "precinct_name": "Sequatchie - 007853", "precinct_norm": "SEQUATCHIE - 007853", "id": 1054 }, "geometry": { "type": "Point", "coordinates": [ -85.405878244476554, 35.3035865 ] } },
{ "type": "Feature", "properties": { "county_nam": "Van Buren", "county_norm": "VAN BUREN", "prec_id": "009102", "precinct_name": "Van Buren - 009102", "precinct_norm": "VAN BUREN - 009102", "id": 1055 }, "geometry": { "type": "Point", "coordinates": [ -85.446412781906844, 35.63155 ] } },
{ "type": "Feature", "properties": { "county_nam": "Robertson", "county_norm": "ROBERTSON", "prec_id": "007558", "precinct_name": "Robertson - 007558", "precinct_norm": "ROBERTSON - 007558", "id": 1056 }, "geometry": { "type": "Point", "coordinates": [ -87.083461451641526, 36.48648 ] } },
{ "type": "Feature", "properties": { "county_nam": "DeKalb", "county_norm": "DEKALB", "prec_id": "002162", "precinct_name": "DeKalb - 002162", "precinct_norm": "DEKALB - 002162", "id": 1057 }, "geometry": { "type": "Point", "coordinates": [ -85.692759161182465, 36.0353895 ] } },
{ "type": "Feature", "properties": { "county_nam": "Marion", "county_norm": "MARION", "prec_id": "005760", "precinct_name": "Marion - 005760", "precinct_norm": "MARION - 005760", "id": 1058 }, "geometry": { "type": "Point", "coordinates": [ -85.480945331933128, 35.186101 ] } },
{ "type": "Feature", "properties": { "county_nam": "Warren", "county_norm": "WARREN", "prec_id": "009219", "precinct_name": "Warren - 009219", "precinct_norm": "WARREN - 009219", "id": 1059 }, "geometry": { "type": "Point", "coordinates": [ -85.793662468402971, 35.7907025 ] } },
{ "type": "Feature", "properties": { "county_nam": "Marion", "county_norm": "MARION", "prec_id": "005757", "precinct_name": "Marion - 005757", "precinct_norm": "MARION - 005757", "id": 1060 }, "geometry": { "type": "Point", "coordinates": [ -85.836907, 35.1727185 ] } },
{ "type": "Feature", "properties": { "county_nam": "Warren", "county_norm": "WARREN", "prec_id": "009214", "precinct_name": "Warren - 009214", "precinct_norm": "WARREN - 009214", "id": 1061 }, "geometry": { "type": "Point", "coordinates": [ -85.906727995889952, 35.6178225 ] } },
{ "type": "Feature", "properties": { "county_nam": "Warren", "county_norm": "WARREN", "prec_id": "009218", "precinct_name": "Warren - 009218", "precinct_norm": "WARREN - 009218", "id": 1062 }, "geometry": { "type": "Point", "coordinates": [ -85.702251412928291, 35.7979485 ] } },
{ "type": "Feature", "properties": { "county_nam": "Warren", "county_norm": "WARREN", "prec_id": "009216", "precinct_name": "Warren - 009216", "precinct_norm": "WARREN - 009216", "id": 1063 }, "geometry": { "type": "Point", "coordinates": [ -85.910936092097941, 35.752387 ] } },
{ "type": "Feature", "properties": { "county_nam": "Sequatchie", "county_norm": "SEQUATCHIE", "prec_id": "007854", "precinct_name": "Sequatchie - 007854", "precinct_norm": "SEQUATCHIE - 007854", "id": 1064 }, "geometry": { "type": "Point", "coordinates": [ -85.495676532534247, 35.314288 ] } },
{ "type": "Feature", "properties": { "county_nam": "Hamilton", "county_norm": "HAMILTON", "prec_id": "003439", "precinct_name": "Hamilton - 003439", "precinct_norm": "HAMILTON - 003439", "id": 1065 }, "geometry": { "type": "Point", "coordinates": [ -85.250505621121945, 35.1791685 ] } },
{ "type": "Feature", "properties": { "county_nam": "Hamilton", "county_norm": "HAMILTON", "prec_id": "003405", "precinct_name": "Hamilton - 003405", "precinct_norm": "HAMILTON - 003405", "id": 1066 }, "geometry": { "type": "Point", "coordinates": [ -85.25709132045813, 35.041791 ] } },
{ "type": "Feature", "properties": { "county_nam": "Hamilton", "county_norm": "HAMILTON", "prec_id": "003370", "precinct_name": "Hamilton - 003370", "precinct_norm": "HAMILTON - 003370", "id": 1067 }, "geometry": { "type": "Point", "coordinates": [ -85.043393700417226, 35.069306 ] } },
{ "type": "Feature", "properties": { "county_nam": "Overton", "county_norm": "OVERTON", "prec_id": "006853", "precinct_name": "Overton - 006853", "precinct_norm": "OVERTON - 006853", "id": 1068 }, "geometry": { "type": "Point", "coordinates": [ -85.343680492346223, 36.3786225 ] } },
{ "type": "Feature", "properties": { "county_nam": "Overton", "county_norm": "OVERTON", "prec_id": "006852", "precinct_name": "Overton - 006852", "precinct_norm": "OVERTON - 006852", "id": 1069 }, "geometry": { "type": "Point", "coordinates": [ -85.347968912580782, 36.459664 ] } },
{ "type": "Feature", "properties": { "county_nam": "Davidson", "county_norm": "DAVIDSON", "prec_id": "001821", "precinct_name": "Davidson - 001821", "precinct_norm": "DAVIDSON - 001821", "id": 1070 }, "geometry": { "type": "Point", "coordinates": [ -86.769164173025132, 36.2024485 ] } },
{ "type": "Feature", "properties": { "county_nam": "Davidson", "county_norm": "DAVIDSON", "prec_id": "001827", "precinct_name": "Davidson - 001827", "precinct_norm": "DAVIDSON - 001827", "id": 1071 }, "geometry": { "type": "Point", "coordinates": [ -86.734979598298679, 36.1731415 ] } },
{ "type": "Feature", "properties": { "county_nam": "Davidson", "county_norm": "DAVIDSON", "prec_id": "001839", "precinct_name": "Davidson - 001839", "precinct_norm": "DAVIDSON - 001839", "id": 1072 }, "geometry": { "type": "Point", "coordinates": [ -86.728136515753619, 36.236689 ] } },
{ "type": "Feature", "properties": { "county_nam": "Davidson", "county_norm": "DAVIDSON", "prec_id": "001862", "precinct_name": "Davidson - 001862", "precinct_norm": "DAVIDSON - 001862", "id": 1073 }, "geometry": { "type": "Point", "coordinates": [ -86.632333015517787, 36.151113 ] } },
{ "type": "Feature", "properties": { "county_nam": "Davidson", "county_norm": "DAVIDSON", "prec_id": "001853", "precinct_name": "Davidson - 001853", "precinct_norm": "DAVIDSON - 001853", "id": 1074 }, "geometry": { "type": "Point", "coordinates": [ -86.614375194317319, 36.199227 ] } },
{ "type": "Feature", "properties": { "county_nam": "Sevier", "county_norm": "SEVIER", "prec_id": "007955", "precinct_name": "Sevier - 007955", "precinct_norm": "SEVIER - 007955", "id": 1075 }, "geometry": { "type": "Point", "coordinates": [ -83.375082223529063, 35.902356 ] } },
{ "type": "Feature", "properties": { "county_nam": "Sevier", "county_norm": "SEVIER", "prec_id": "007953", "precinct_name": "Sevier - 007953", "precinct_norm": "SEVIER - 007953", "id": 1076 }, "geometry": { "type": "Point", "coordinates": [ -83.444448872590229, 35.808965 ] } },
{ "type": "Feature", "properties": { "county_nam": "Polk", "county_norm": "POLK", "prec_id": "007159", "precinct_name": "Polk - 007159", "precinct_norm": "POLK - 007159", "id": 1077 }, "geometry": { "type": "Point", "coordinates": [ -84.6468477243546, 35.1401135 ] } },
{ "type": "Feature", "properties": { "county_nam": "Davidson", "county_norm": "DAVIDSON", "prec_id": "001875", "precinct_name": "Davidson - 001875", "precinct_norm": "DAVIDSON - 001875", "id": 1078 }, "geometry": { "type": "Point", "coordinates": [ -86.732267007284548, 36.101942 ] } },
{ "type": "Feature", "properties": { "county_nam": "Cheatham", "county_norm": "CHEATHAM", "prec_id": "001003", "precinct_name": "Cheatham - 001003", "precinct_norm": "CHEATHAM - 001003", "id": 1079 }, "geometry": { "type": "Point", "coordinates": [ -87.057785249713334, 36.3988645 ] } },
{ "type": "Feature", "properties": { "county_nam": "Cheatham", "county_norm": "CHEATHAM", "prec_id": "001005", "precinct_name": "Cheatham - 001005", "precinct_norm": "CHEATHAM - 001005", "id": 1080 }, "geometry": { "type": "Point", "coordinates": [ -87.112480455788955, 36.245953 ] } },
{ "type": "Feature", "properties": { "county_nam": "Cheatham", "county_norm": "CHEATHAM", "prec_id": "001008", "precinct_name": "Cheatham - 001008", "precinct_norm": "CHEATHAM - 001008", "id": 1081 }, "geometry": { "type": "Point", "coordinates": [ -87.08331602807722, 36.3422945 ] } },
{ "type": "Feature", "properties": { "county_nam": "Davidson", "county_norm": "DAVIDSON", "prec_id": "001881", "precinct_name": "Davidson - 001881", "precinct_norm": "DAVIDSON - 001881", "id": 1082 }, "geometry": { "type": "Point", "coordinates": [ -86.782973879774374, 36.122477 ] } },
{ "type": "Feature", "properties": { "county_nam": "Davidson", "county_norm": "DAVIDSON", "prec_id": "001815", "precinct_name": "Davidson - 001815", "precinct_norm": "DAVIDSON - 001815", "id": 1083 }, "geometry": { "type": "Point", "coordinates": [ -86.803790100908742, 36.2335445 ] } },
{ "type": "Feature", "properties": { "county_nam": "Davidson", "county_norm": "DAVIDSON", "prec_id": "001879", "precinct_name": "Davidson - 001879", "precinct_norm": "DAVIDSON - 001879", "id": 1084 }, "geometry": { "type": "Point", "coordinates": [ -86.793714407489745, 36.1417385 ] } },
{ "type": "Feature", "properties": { "county_nam": "Davidson", "county_norm": "DAVIDSON", "prec_id": "001886", "precinct_name": "Davidson - 001886", "precinct_norm": "DAVIDSON - 001886", "id": 1085 }, "geometry": { "type": "Point", "coordinates": [ -86.791658712576151, 36.1261425 ] } },
{ "type": "Feature", "properties": { "county_nam": "Sullivan", "county_norm": "SULLIVAN", "prec_id": "008519", "precinct_name": "Sullivan - 008519", "precinct_norm": "SULLIVAN - 008519", "id": 1086 }, "geometry": { "type": "Point", "coordinates": [ -82.497721690371989, 36.4812385 ] } },
{ "type": "Feature", "properties": { "county_nam": "Davidson", "county_norm": "DAVIDSON", "prec_id": "001864", "precinct_name": "Davidson - 001864", "precinct_norm": "DAVIDSON - 001864", "id": 1087 }, "geometry": { "type": "Point", "coordinates": [ -86.641738680601122, 36.193565 ] } },
{ "type": "Feature", "properties": { "county_nam": "Davidson", "county_norm": "DAVIDSON", "prec_id": "001822", "precinct_name": "Davidson - 001822", "precinct_norm": "DAVIDSON - 001822", "id": 1088 }, "geometry": { "type": "Point", "coordinates": [ -86.766901183571235, 36.1913215 ] } },
{ "type": "Feature", "properties": { "county_nam": "Davidson", "county_norm": "DAVIDSON", "prec_id": "001957", "precinct_name": "Davidson - 001957", "precinct_norm": "DAVIDSON - 001957", "id": 1089 }, "geometry": { "type": "Point", "coordinates": [ -86.791080970070752, 36.0636235 ] } },
{ "type": "Feature", "properties": { "county_nam": "Davidson", "county_norm": "DAVIDSON", "prec_id": "001870", "precinct_name": "Davidson - 001870", "precinct_norm": "DAVIDSON - 001870", "id": 1090 }, "geometry": { "type": "Point", "coordinates": [ -86.678565567511441, 36.157022 ] } },
{ "type": "Feature", "properties": { "county_nam": "Davidson", "county_norm": "DAVIDSON", "prec_id": "001873", "precinct_name": "Davidson - 001873", "precinct_norm": "DAVIDSON - 001873", "id": 1091 }, "geometry": { "type": "Point", "coordinates": [ -86.720075091749294, 36.1260185 ] } },
{ "type": "Feature", "properties": { "county_nam": "Davidson", "county_norm": "DAVIDSON", "prec_id": "001841", "precinct_name": "Davidson - 001841", "precinct_norm": "DAVIDSON - 001841", "id": 1092 }, "geometry": { "type": "Point", "coordinates": [ -86.697432059357666, 36.2755095 ] } },
{ "type": "Feature", "properties": { "county_nam": "Davidson", "county_norm": "DAVIDSON", "prec_id": "001941", "precinct_name": "Davidson - 001941", "precinct_norm": "DAVIDSON - 001941", "id": 1093 }, "geometry": { "type": "Point", "coordinates": [ -86.694961417730411, 36.0366545 ] } },
{ "type": "Feature", "properties": { "county_nam": "Davidson", "county_norm": "DAVIDSON", "prec_id": "001946", "precinct_name": "Davidson - 001946", "precinct_norm": "DAVIDSON - 001946", "id": 1094 }, "geometry": { "type": "Point", "coordinates": [ -86.660794051456094, 36.036477 ] } },
{ "type": "Feature", "properties": { "county_nam": "Davidson", "county_norm": "DAVIDSON", "prec_id": "001806", "precinct_name": "Davidson - 001806", "precinct_norm": "DAVIDSON - 001806", "id": 1095 }, "geometry": { "type": "Point", "coordinates": [ -86.811481537309788, 36.216994 ] } },
{ "type": "Feature", "properties": { "county_nam": "Davidson", "county_norm": "DAVIDSON", "prec_id": "001895", "precinct_name": "Davidson - 001895", "precinct_norm": "DAVIDSON - 001895", "id": 1096 }, "geometry": { "type": "Point", "coordinates": [ -86.742062349470501, 36.1586865 ] } },
{ "type": "Feature", "properties": { "county_nam": "Davidson", "county_norm": "DAVIDSON", "prec_id": "001843", "precinct_name": "Davidson - 001843", "precinct_norm": "DAVIDSON - 001843", "id": 1097 }, "geometry": { "type": "Point", "coordinates": [ -86.661672799043743, 36.228062 ] } },
{ "type": "Feature", "properties": { "county_nam": "Davidson", "county_norm": "DAVIDSON", "prec_id": "001918", "precinct_name": "Davidson - 001918", "precinct_norm": "DAVIDSON - 001918", "id": 1098 }, "geometry": { "type": "Point", "coordinates": [ -86.812611310104529, 36.1159575 ] } },
{ "type": "Feature", "properties": { "county_nam": "Davidson", "county_norm": "DAVIDSON", "prec_id": "001920", "precinct_name": "Davidson - 001920", "precinct_norm": "DAVIDSON - 001920", "id": 1099 }, "geometry": { "type": "Point", "coordinates": [ -86.81300242290871, 36.101613 ] } },
{ "type": "Feature", "properties": { "county_nam": "Davidson", "county_norm": "DAVIDSON", "prec_id": "001900", "precinct_name": "Davidson - 001900", "precinct_norm": "DAVIDSON - 001900", "id": 1100 }, "geometry": { "type": "Point", "coordinates": [ -86.81207072607063, 36.1806135 ] } },
{ "type": "Feature", "properties": { "county_nam": "Davidson", "county_norm": "DAVIDSON", "prec_id": "001903", "precinct_name": "Davidson - 001903", "precinct_norm": "DAVIDSON - 001903", "id": 1101 }, "geometry": { "type": "Point", "coordinates": [ -86.949805365355829, 36.097453 ] } },
{ "type": "Feature", "properties": { "county_nam": "Davidson", "county_norm": "DAVIDSON", "prec_id": "001935", "precinct_name": "Davidson - 001935", "precinct_norm": "DAVIDSON - 001935", "id": 1102 }, "geometry": { "type": "Point", "coordinates": [ -86.610386194885706, 36.095101 ] } },
{ "type": "Feature", "properties": { "county_nam": "Davidson", "county_norm": "DAVIDSON", "prec_id": "001938", "precinct_name": "Davidson - 001938", "precinct_norm": "DAVIDSON - 001938", "id": 1103 }, "geometry": { "type": "Point", "coordinates": [ -86.706311042216328, 36.0609435 ] } },
{ "type": "Feature", "properties": { "county_nam": "Sevier", "county_norm": "SEVIER", "prec_id": "007965", "precinct_name": "Sevier - 007965", "precinct_norm": "SEVIER - 007965", "id": 1104 }, "geometry": { "type": "Point", "coordinates": [ -83.72645930024818, 35.872984 ] } },
{ "type": "Feature", "properties": { "county_nam": "Davidson", "county_norm": "DAVIDSON", "prec_id": "001878", "precinct_name": "Davidson - 001878", "precinct_norm": "DAVIDSON - 001878", "id": 1105 }, "geometry": { "type": "Point", "coordinates": [ -86.7818589305584, 36.1383185 ] } },
{ "type": "Feature", "properties": { "county_nam": "Davidson", "county_norm": "DAVIDSON", "prec_id": "001937", "precinct_name": "Davidson - 001937", "precinct_norm": "DAVIDSON - 001937", "id": 1106 }, "geometry": { "type": "Point", "coordinates": [ -86.701294855521922, 36.0753295 ] } },
{ "type": "Feature", "properties": { "county_nam": "Davidson", "county_norm": "DAVIDSON", "prec_id": "001927", "precinct_name": "Davidson - 001927", "precinct_norm": "DAVIDSON - 001927", "id": 1107 }, "geometry": { "type": "Point", "coordinates": [ -86.735104123438987, 36.0469655 ] } },
{ "type": "Feature", "properties": { "county_nam": "Davidson", "county_norm": "DAVIDSON", "prec_id": "001842", "precinct_name": "Davidson - 001842", "precinct_norm": "DAVIDSON - 001842", "id": 1108 }, "geometry": { "type": "Point", "coordinates": [ -86.696085352929288, 36.254932 ] } },
{ "type": "Feature", "properties": { "county_nam": "Davidson", "county_norm": "DAVIDSON", "prec_id": "001887", "precinct_name": "Davidson - 001887", "precinct_norm": "DAVIDSON - 001887", "id": 1109 }, "geometry": { "type": "Point", "coordinates": [ -86.810290072218393, 36.133939 ] } },
{ "type": "Feature", "properties": { "county_nam": "Davidson", "county_norm": "DAVIDSON", "prec_id": "001951", "precinct_name": "Davidson - 001951", "precinct_norm": "DAVIDSON - 001951", "id": 1110 }, "geometry": { "type": "Point", "coordinates": [ -86.634524562444284, 35.9960765 ] } },
{ "type": "Feature", "properties": { "county_nam": "Lauderdale", "county_norm": "LAUDERDALE", "prec_id": "005057", "precinct_name": "Lauderdale - 005057", "precinct_norm": "LAUDERDALE - 005057", "id": 1111 }, "geometry": { "type": "Point", "coordinates": [ -89.553866130430293, 35.731704 ] } },
{ "type": "Feature", "properties": { "county_nam": "Hardeman", "county_norm": "HARDEMAN", "prec_id": "003607", "precinct_name": "Hardeman - 003607", "precinct_norm": "HARDEMAN - 003607", "id": 1112 }, "geometry": { "type": "Point", "coordinates": [ -88.861601094581573, 35.347394 ] } },
{ "type": "Feature", "properties": { "county_nam": "Hardeman", "county_norm": "HARDEMAN", "prec_id": "003613", "precinct_name": "Hardeman - 003613", "precinct_norm": "HARDEMAN - 003613", "id": 1113 }, "geometry": { "type": "Point", "coordinates": [ -89.151279194110231, 35.0472155 ] } },
{ "type": "Feature", "properties": { "county_nam": "Hardeman", "county_norm": "HARDEMAN", "prec_id": "003601", "precinct_name": "Hardeman - 003601", "precinct_norm": "HARDEMAN - 003601", "id": 1114 }, "geometry": { "type": "Point", "coordinates": [ -89.009717925572517, 35.2045365 ] } },
{ "type": "Feature", "properties": { "county_nam": "Campbell", "county_norm": "CAMPBELL", "prec_id": "000605", "precinct_name": "Campbell - 000605", "precinct_norm": "CAMPBELL - 000605", "id": 1115 }, "geometry": { "type": "Point", "coordinates": [ -84.306016105548906, 36.455535 ] } },
{ "type": "Feature", "properties": { "county_nam": "Cannon", "county_norm": "CANNON", "prec_id": "000707", "precinct_name": "Cannon - 000707", "precinct_norm": "CANNON - 000707", "id": 1116 }, "geometry": { "type": "Point", "coordinates": [ -86.044073156719719, 35.8436015 ] } },
{ "type": "Feature", "properties": { "county_nam": "Cannon", "county_norm": "CANNON", "prec_id": "000708", "precinct_name": "Cannon - 000708", "precinct_norm": "CANNON - 000708", "id": 1117 }, "geometry": { "type": "Point", "coordinates": [ -85.967162151967671, 35.877078 ] } },
{ "type": "Feature", "properties": { "county_nam": "Hamblen", "county_norm": "HAMBLEN", "prec_id": "003263", "precinct_name": "Hamblen - 003263", "precinct_norm": "HAMBLEN - 003263", "id": 1118 }, "geometry": { "type": "Point", "coordinates": [ -83.3904801149679, 36.1821965 ] } },
{ "type": "Feature", "properties": { "county_nam": "Cocke", "county_norm": "COCKE", "prec_id": "001415", "precinct_name": "Cocke - 001415", "precinct_norm": "COCKE - 001415", "id": 1119 }, "geometry": { "type": "Point", "coordinates": [ -83.234197073802918, 35.982445 ] } },
{ "type": "Feature", "properties": { "county_nam": "Cocke", "county_norm": "COCKE", "prec_id": "001417", "precinct_name": "Cocke - 001417", "precinct_norm": "COCKE - 001417", "id": 1120 }, "geometry": { "type": "Point", "coordinates": [ -83.122783936082868, 35.952277 ] } },
{ "type": "Feature", "properties": { "county_nam": "Madison", "county_norm": "MADISON", "prec_id": "005678", "precinct_name": "Madison - 005678", "precinct_norm": "MADISON - 005678", "id": 1121 }, "geometry": { "type": "Point", "coordinates": [ -88.880833953911463, 35.674705 ] } },
{ "type": "Feature", "properties": { "county_nam": "Madison", "county_norm": "MADISON", "prec_id": "005677", "precinct_name": "Madison - 005677", "precinct_norm": "MADISON - 005677", "id": 1122 }, "geometry": { "type": "Point", "coordinates": [ -88.845971729504527, 35.651519 ] } },
{ "type": "Feature", "properties": { "county_nam": "Madison", "county_norm": "MADISON", "prec_id": "005660", "precinct_name": "Madison - 005660", "precinct_norm": "MADISON - 005660", "id": 1123 }, "geometry": { "type": "Point", "coordinates": [ -88.824977184052074, 35.5382935 ] } },
{ "type": "Feature", "properties": { "county_nam": "Madison", "county_norm": "MADISON", "prec_id": "005652", "precinct_name": "Madison - 005652", "precinct_norm": "MADISON - 005652", "id": 1124 }, "geometry": { "type": "Point", "coordinates": [ -88.793385641326793, 35.609462 ] } },
{ "type": "Feature", "properties": { "county_nam": "Hamblen", "county_norm": "HAMBLEN", "prec_id": "003264", "precinct_name": "Hamblen - 003264", "precinct_norm": "HAMBLEN - 003264", "id": 1125 }, "geometry": { "type": "Point", "coordinates": [ -83.432045004725097, 36.188755 ] } },
{ "type": "Feature", "properties": { "county_nam": "Hamblen", "county_norm": "HAMBLEN", "prec_id": "003258", "precinct_name": "Hamblen - 003258", "precinct_norm": "HAMBLEN - 003258", "id": 1126 }, "geometry": { "type": "Point", "coordinates": [ -83.207956320393706, 36.249682 ] } },
{ "type": "Feature", "properties": { "county_nam": "Sevier", "county_norm": "SEVIER", "prec_id": "007969", "precinct_name": "Sevier - 007969", "precinct_norm": "SEVIER - 007969", "id": 1127 }, "geometry": { "type": "Point", "coordinates": [ -83.596939624894617, 35.95942 ] } },
{ "type": "Feature", "properties": { "county_nam": "Sevier", "county_norm": "SEVIER", "prec_id": "007970", "precinct_name": "Sevier - 007970", "precinct_norm": "SEVIER - 007970", "id": 1128 }, "geometry": { "type": "Point", "coordinates": [ -83.635651941376707, 36.012303 ] } },
{ "type": "Feature", "properties": { "county_nam": "Rutherford", "county_norm": "RUTHERFORD", "prec_id": "007681", "precinct_name": "Rutherford - 007681", "precinct_norm": "RUTHERFORD - 007681", "id": 1129 }, "geometry": { "type": "Point", "coordinates": [ -86.372317195194412, 35.890854 ] } },
{ "type": "Feature", "properties": { "county_nam": "Rutherford", "county_norm": "RUTHERFORD", "prec_id": "007686", "precinct_name": "Rutherford - 007686", "precinct_norm": "RUTHERFORD - 007686", "id": 1130 }, "geometry": { "type": "Point", "coordinates": [ -86.361091270270265, 35.857675 ] } },
{ "type": "Feature", "properties": { "county_nam": "Rutherford", "county_norm": "RUTHERFORD", "prec_id": "007669", "precinct_name": "Rutherford - 007669", "precinct_norm": "RUTHERFORD - 007669", "id": 1131 }, "geometry": { "type": "Point", "coordinates": [ -86.586628113922472, 35.9241875 ] } },
{ "type": "Feature", "properties": { "county_nam": "Rutherford", "county_norm": "RUTHERFORD", "prec_id": "007700", "precinct_name": "Rutherford - 007700", "precinct_norm": "RUTHERFORD - 007700", "id": 1132 }, "geometry": { "type": "Point", "coordinates": [ -86.319224264285708, 35.8492615 ] } },
{ "type": "Feature", "properties": { "county_nam": "Rutherford", "county_norm": "RUTHERFORD", "prec_id": "007679", "precinct_name": "Rutherford - 007679", "precinct_norm": "RUTHERFORD - 007679", "id": 1133 }, "geometry": { "type": "Point", "coordinates": [ -86.411033581563714, 35.88771 ] } },
{ "type": "Feature", "properties": { "county_nam": "Rutherford", "county_norm": "RUTHERFORD", "prec_id": "007687", "precinct_name": "Rutherford - 007687", "precinct_norm": "RUTHERFORD - 007687", "id": 1134 }, "geometry": { "type": "Point", "coordinates": [ -86.364418305056176, 35.869459 ] } },
{ "type": "Feature", "properties": { "county_nam": "Rutherford", "county_norm": "RUTHERFORD", "prec_id": "007685", "precinct_name": "Rutherford - 007685", "precinct_norm": "RUTHERFORD - 007685", "id": 1135 }, "geometry": { "type": "Point", "coordinates": [ -86.439825866996784, 35.857114 ] } },
{ "type": "Feature", "properties": { "county_nam": "Lauderdale", "county_norm": "LAUDERDALE", "prec_id": "005054", "precinct_name": "Lauderdale - 005054", "precinct_norm": "LAUDERDALE - 005054", "id": 1136 }, "geometry": { "type": "Point", "coordinates": [ -89.469341051371487, 35.7397655 ] } },
{ "type": "Feature", "properties": { "county_nam": "Rutherford", "county_norm": "RUTHERFORD", "prec_id": "007692", "precinct_name": "Rutherford - 007692", "precinct_norm": "RUTHERFORD - 007692", "id": 1137 }, "geometry": { "type": "Point", "coordinates": [ -86.453193258141255, 35.8908335 ] } },
{ "type": "Feature", "properties": { "county_nam": "Sevier", "county_norm": "SEVIER", "prec_id": "007968", "precinct_name": "Sevier - 007968", "precinct_norm": "SEVIER - 007968", "id": 1138 }, "geometry": { "type": "Point", "coordinates": [ -83.734746992927853, 35.901479 ] } },
{ "type": "Feature", "properties": { "county_nam": "Jackson", "county_norm": "JACKSON", "prec_id": "004501", "precinct_name": "Jackson - 004501", "precinct_norm": "JACKSON - 004501", "id": 1139 }, "geometry": { "type": "Point", "coordinates": [ -85.701712709736796, 36.4475945 ] } },
{ "type": "Feature", "properties": { "county_nam": "Macon", "county_norm": "MACON", "prec_id": "005560", "precinct_name": "Macon - 005560", "precinct_norm": "MACON - 005560", "id": 1140 }, "geometry": { "type": "Point", "coordinates": [ -86.036491420307769, 36.527972 ] } },
{ "type": "Feature", "properties": { "county_nam": "Davidson", "county_norm": "DAVIDSON", "prec_id": "001899", "precinct_name": "Davidson - 001899", "precinct_norm": "DAVIDSON - 001899", "id": 1141 }, "geometry": { "type": "Point", "coordinates": [ -86.826308219907418, 36.168443 ] } },
{ "type": "Feature", "properties": { "county_nam": "Davidson", "county_norm": "DAVIDSON", "prec_id": "001944", "precinct_name": "Davidson - 001944", "precinct_norm": "DAVIDSON - 001944", "id": 1142 }, "geometry": { "type": "Point", "coordinates": [ -86.634396836428081, 36.057292 ] } },
{ "type": "Feature", "properties": { "county_nam": "Davidson", "county_norm": "DAVIDSON", "prec_id": "001851", "precinct_name": "Davidson - 001851", "precinct_norm": "DAVIDSON - 001851", "id": 1143 }, "geometry": { "type": "Point", "coordinates": [ -86.606549033162963, 36.2312505 ] } },
{ "type": "Feature", "properties": { "county_nam": "Davidson", "county_norm": "DAVIDSON", "prec_id": "001896", "precinct_name": "Davidson - 001896", "precinct_norm": "DAVIDSON - 001896", "id": 1144 }, "geometry": { "type": "Point", "coordinates": [ -86.888355372147672, 36.1845185 ] } },
{ "type": "Feature", "properties": { "county_nam": "Rutherford", "county_norm": "RUTHERFORD", "prec_id": "007680", "precinct_name": "Rutherford - 007680", "precinct_norm": "RUTHERFORD - 007680", "id": 1145 }, "geometry": { "type": "Point", "coordinates": [ -86.394338016172384, 35.9263385 ] } },
{ "type": "Feature", "properties": { "county_nam": "Rutherford", "county_norm": "RUTHERFORD", "prec_id": "007664", "precinct_name": "Rutherford - 007664", "precinct_norm": "RUTHERFORD - 007664", "id": 1146 }, "geometry": { "type": "Point", "coordinates": [ -86.433495406562628, 35.806116 ] } },
{ "type": "Feature", "properties": { "county_nam": "Rutherford", "county_norm": "RUTHERFORD", "prec_id": "007696", "precinct_name": "Rutherford - 007696", "precinct_norm": "RUTHERFORD - 007696", "id": 1147 }, "geometry": { "type": "Point", "coordinates": [ -86.356147309111776, 35.8071095 ] } },
{ "type": "Feature", "properties": { "county_nam": "Williamson", "county_norm": "WILLIAMSON", "prec_id": "009709", "precinct_name": "Williamson - 009709", "precinct_norm": "WILLIAMSON - 009709", "id": 1148 }, "geometry": { "type": "Point", "coordinates": [ -86.901872626754738, 35.776307 ] } },
{ "type": "Feature", "properties": { "county_nam": "Williamson", "county_norm": "WILLIAMSON", "prec_id": "009727", "precinct_name": "Williamson - 009727", "precinct_norm": "WILLIAMSON - 009727", "id": 1149 }, "geometry": { "type": "Point", "coordinates": [ -86.915530909356747, 36.030545 ] } },
{ "type": "Feature", "properties": { "county_nam": "Meigs", "county_norm": "MEIGS", "prec_id": "006251", "precinct_name": "Meigs - 006251", "precinct_norm": "MEIGS - 006251", "id": 1150 }, "geometry": { "type": "Point", "coordinates": [ -84.898272367647053, 35.425983 ] } },
{ "type": "Feature", "properties": { "county_nam": "Meigs", "county_norm": "MEIGS", "prec_id": "006252", "precinct_name": "Meigs - 006252", "precinct_norm": "MEIGS - 006252", "id": 1151 }, "geometry": { "type": "Point", "coordinates": [ -84.810848413283111, 35.495887 ] } },
{ "type": "Feature", "properties": { "county_nam": "Williamson", "county_norm": "WILLIAMSON", "prec_id": "009701", "precinct_name": "Williamson - 009701", "precinct_norm": "WILLIAMSON - 009701", "id": 1152 }, "geometry": { "type": "Point", "coordinates": [ -87.136528113591396, 35.9993905 ] } },
{ "type": "Feature", "properties": { "county_nam": "Fayette", "county_norm": "FAYETTE", "prec_id": "002458", "precinct_name": "Fayette - 002458", "precinct_norm": "FAYETTE - 002458", "id": 1153 }, "geometry": { "type": "Point", "coordinates": [ -89.326447415743672, 35.1390155 ] } },
{ "type": "Feature", "properties": { "county_nam": "Fayette", "county_norm": "FAYETTE", "prec_id": "002462", "precinct_name": "Fayette - 002462", "precinct_norm": "FAYETTE - 002462", "id": 1154 }, "geometry": { "type": "Point", "coordinates": [ -89.499216643738748, 35.358726 ] } },
{ "type": "Feature", "properties": { "county_nam": "Hardeman", "county_norm": "HARDEMAN", "prec_id": "003603", "precinct_name": "Hardeman - 003603", "precinct_norm": "HARDEMAN - 003603", "id": 1155 }, "geometry": { "type": "Point", "coordinates": [ -89.160389884646563, 35.326912 ] } },
{ "type": "Feature", "properties": { "county_nam": "Hardeman", "county_norm": "HARDEMAN", "prec_id": "003609", "precinct_name": "Hardeman - 003609", "precinct_norm": "HARDEMAN - 003609", "id": 1156 }, "geometry": { "type": "Point", "coordinates": [ -88.850996014576708, 35.2381635 ] } },
{ "type": "Feature", "properties": { "county_nam": "Knox", "county_norm": "KNOX", "prec_id": "004816", "precinct_name": "Knox - 004816", "precinct_norm": "KNOX - 004816", "id": 1157 }, "geometry": { "type": "Point", "coordinates": [ -83.814168837406925, 36.044851 ] } },
{ "type": "Feature", "properties": { "county_nam": "Knox", "county_norm": "KNOX", "prec_id": "004895", "precinct_name": "Knox - 004895", "precinct_norm": "KNOX - 004895", "id": 1158 }, "geometry": { "type": "Point", "coordinates": [ -83.998504094446304, 36.10629 ] } },
{ "type": "Feature", "properties": { "county_nam": "Knox", "county_norm": "KNOX", "prec_id": "004875", "precinct_name": "Knox - 004875", "precinct_norm": "KNOX - 004875", "id": 1159 }, "geometry": { "type": "Point", "coordinates": [ -83.9232736020125, 35.9837585 ] } },
{ "type": "Feature", "properties": { "county_nam": "Knox", "county_norm": "KNOX", "prec_id": "004821", "precinct_name": "Knox - 004821", "precinct_norm": "KNOX - 004821", "id": 1160 }, "geometry": { "type": "Point", "coordinates": [ -83.828638192004448, 35.97355 ] } },
{ "type": "Feature", "properties": { "county_nam": "Knox", "county_norm": "KNOX", "prec_id": "004820", "precinct_name": "Knox - 004820", "precinct_norm": "KNOX - 004820", "id": 1161 }, "geometry": { "type": "Point", "coordinates": [ -83.773419420494292, 35.986741 ] } },
{ "type": "Feature", "properties": { "county_nam": "Knox", "county_norm": "KNOX", "prec_id": "004828", "precinct_name": "Knox - 004828", "precinct_norm": "KNOX - 004828", "id": 1162 }, "geometry": { "type": "Point", "coordinates": [ -84.102949171464672, 35.9661255 ] } },
{ "type": "Feature", "properties": { "county_nam": "Knox", "county_norm": "KNOX", "prec_id": "004850", "precinct_name": "Knox - 004850", "precinct_norm": "KNOX - 004850", "id": 1163 }, "geometry": { "type": "Point", "coordinates": [ -84.095057625173212, 35.907301 ] } },
{ "type": "Feature", "properties": { "county_nam": "Knox", "county_norm": "KNOX", "prec_id": "004842", "precinct_name": "Knox - 004842", "precinct_norm": "KNOX - 004842", "id": 1164 }, "geometry": { "type": "Point", "coordinates": [ -84.180094718125005, 35.8637885 ] } },
{ "type": "Feature", "properties": { "county_nam": "Knox", "county_norm": "KNOX", "prec_id": "004810", "precinct_name": "Knox - 004810", "precinct_norm": "KNOX - 004810", "id": 1165 }, "geometry": { "type": "Point", "coordinates": [ -83.971346734743634, 36.1493875 ] } },
{ "type": "Feature", "properties": { "county_nam": "Knox", "county_norm": "KNOX", "prec_id": "004888", "precinct_name": "Knox - 004888", "precinct_norm": "KNOX - 004888", "id": 1166 }, "geometry": { "type": "Point", "coordinates": [ -83.997023182039527, 36.0266995 ] } },
{ "type": "Feature", "properties": { "county_nam": "Cocke", "county_norm": "COCKE", "prec_id": "001401", "precinct_name": "Cocke - 001401", "precinct_norm": "COCKE - 001401", "id": 1167 }, "geometry": { "type": "Point", "coordinates": [ -82.997667778011106, 35.979084 ] } },
{ "type": "Feature", "properties": { "county_nam": "Cocke", "county_norm": "COCKE", "prec_id": "001412", "precinct_name": "Cocke - 001412", "precinct_norm": "COCKE - 001412", "id": 1168 }, "geometry": { "type": "Point", "coordinates": [ -83.270949955837551, 35.949591 ] } },
{ "type": "Feature", "properties": { "county_nam": "Hamblen", "county_norm": "HAMBLEN", "prec_id": "003257", "precinct_name": "Hamblen - 003257", "precinct_norm": "HAMBLEN - 003257", "id": 1169 }, "geometry": { "type": "Point", "coordinates": [ -83.26083999411685, 36.2603705 ] } },
{ "type": "Feature", "properties": { "county_nam": "Cocke", "county_norm": "COCKE", "prec_id": "001408", "precinct_name": "Cocke - 001408", "precinct_norm": "COCKE - 001408", "id": 1170 }, "geometry": { "type": "Point", "coordinates": [ -83.121515134602134, 35.8468195 ] } },
{ "type": "Feature", "properties": { "county_nam": "Chester", "county_norm": "CHESTER", "prec_id": "001103", "precinct_name": "Chester - 001103", "precinct_norm": "CHESTER - 001103", "id": 1171 }, "geometry": { "type": "Point", "coordinates": [ -88.71000357789336, 35.363075 ] } },
{ "type": "Feature", "properties": { "county_nam": "Chester", "county_norm": "CHESTER", "prec_id": "001105", "precinct_name": "Chester - 001105", "precinct_norm": "CHESTER - 001105", "id": 1172 }, "geometry": { "type": "Point", "coordinates": [ -88.620653481363462, 35.47524 ] } },
{ "type": "Feature", "properties": { "county_nam": "Chester", "county_norm": "CHESTER", "prec_id": "001111", "precinct_name": "Chester - 001111", "precinct_norm": "CHESTER - 001111", "id": 1173 }, "geometry": { "type": "Point", "coordinates": [ -88.742194299704238, 35.302281 ] } },
{ "type": "Feature", "properties": { "county_nam": "Decatur", "county_norm": "DECATUR", "prec_id": "002055", "precinct_name": "Decatur - 002055", "precinct_norm": "DECATUR - 002055", "id": 1174 }, "geometry": { "type": "Point", "coordinates": [ -88.092015085639673, 35.6268275 ] } },
{ "type": "Feature", "properties": { "county_nam": "Decatur", "county_norm": "DECATUR", "prec_id": "002053", "precinct_name": "Decatur - 002053", "precinct_norm": "DECATUR - 002053", "id": 1175 }, "geometry": { "type": "Point", "coordinates": [ -88.171036073232941, 35.579215 ] } },
{ "type": "Feature", "properties": { "county_nam": "Henderson", "county_norm": "HENDERSON", "prec_id": "004015", "precinct_name": "Henderson - 004015", "precinct_norm": "HENDERSON - 004015", "id": 1176 }, "geometry": { "type": "Point", "coordinates": [ -88.292592651058641, 35.461877 ] } },
{ "type": "Feature", "properties": { "county_nam": "Houston", "county_norm": "HOUSTON", "prec_id": "004307", "precinct_name": "Houston - 004307", "precinct_norm": "HOUSTON - 004307", "id": 1177 }, "geometry": { "type": "Point", "coordinates": [ -87.565625101027393, 36.2969735 ] } },
{ "type": "Feature", "properties": { "county_nam": "Perry", "county_norm": "PERRY", "prec_id": "006956", "precinct_name": "Perry - 006956", "precinct_norm": "PERRY - 006956", "id": 1178 }, "geometry": { "type": "Point", "coordinates": [ -87.826868833535144, 35.740256 ] } },
{ "type": "Feature", "properties": { "county_nam": "Decatur", "county_norm": "DECATUR", "prec_id": "002054", "precinct_name": "Decatur - 002054", "precinct_norm": "DECATUR - 002054", "id": 1179 }, "geometry": { "type": "Point", "coordinates": [ -88.117541364937566, 35.4572135 ] } },
{ "type": "Feature", "properties": { "county_nam": "Henry", "county_norm": "HENRY", "prec_id": "004106", "precinct_name": "Henry - 004106", "precinct_norm": "HENRY - 004106", "id": 1180 }, "geometry": { "type": "Point", "coordinates": [ -88.437563200769276, 36.3551955 ] } },
{ "type": "Feature", "properties": { "county_nam": "Benton", "county_norm": "BENTON", "prec_id": "000201", "precinct_name": "Benton - 000201", "precinct_norm": "BENTON - 000201", "id": 1181 }, "geometry": { "type": "Point", "coordinates": [ -88.148075458474295, 36.095051 ] } },
{ "type": "Feature", "properties": { "county_nam": "Hardin", "county_norm": "HARDIN", "prec_id": "003703", "precinct_name": "Hardin - 003703", "precinct_norm": "HARDIN - 003703", "id": 1182 }, "geometry": { "type": "Point", "coordinates": [ -88.275396719024613, 35.2035795 ] } },
{ "type": "Feature", "properties": { "county_nam": "Franklin", "county_norm": "FRANKLIN", "prec_id": "002654", "precinct_name": "Franklin - 002654", "precinct_norm": "FRANKLIN - 002654", "id": 1183 }, "geometry": { "type": "Point", "coordinates": [ -86.278372096568205, 35.0588955 ] } },
{ "type": "Feature", "properties": { "county_nam": "Franklin", "county_norm": "FRANKLIN", "prec_id": "002664", "precinct_name": "Franklin - 002664", "precinct_norm": "FRANKLIN - 002664", "id": 1184 }, "geometry": { "type": "Point", "coordinates": [ -86.155683949629179, 35.3247115 ] } },
{ "type": "Feature", "properties": { "county_nam": "Dyer", "county_norm": "DYER", "prec_id": "002355", "precinct_name": "Dyer - 002355", "precinct_norm": "DYER - 002355", "id": 1185 }, "geometry": { "type": "Point", "coordinates": [ -89.267453158930635, 36.0386365 ] } },
{ "type": "Feature", "properties": { "county_nam": "Dyer", "county_norm": "DYER", "prec_id": "002363", "precinct_name": "Dyer - 002363", "precinct_norm": "DYER - 002363", "id": 1186 }, "geometry": { "type": "Point", "coordinates": [ -89.324830114918583, 36.037393 ] } },
{ "type": "Feature", "properties": { "county_nam": "Shelby", "county_norm": "SHELBY", "prec_id": "008177", "precinct_name": "Shelby - 008177", "precinct_norm": "SHELBY - 008177", "id": 1187 }, "geometry": { "type": "Point", "coordinates": [ -89.890088951018186, 35.0996265 ] } },
{ "type": "Feature", "properties": { "county_nam": "Shelby", "county_norm": "SHELBY", "prec_id": "008194", "precinct_name": "Shelby - 008194", "precinct_norm": "SHELBY - 008194", "id": 1188 }, "geometry": { "type": "Point", "coordinates": [ -89.874086816745503, 35.072783 ] } },
{ "type": "Feature", "properties": { "county_nam": "Shelby", "county_norm": "SHELBY", "prec_id": "008213", "precinct_name": "Shelby - 008213", "precinct_norm": "SHELBY - 008213", "id": 1189 }, "geometry": { "type": "Point", "coordinates": [ -90.016474179884227, 35.001481 ] } },
{ "type": "Feature", "properties": { "county_nam": "Shelby", "county_norm": "SHELBY", "prec_id": "008107", "precinct_name": "Shelby - 008107", "precinct_norm": "SHELBY - 008107", "id": 1190 }, "geometry": { "type": "Point", "coordinates": [ -90.000244758507051, 35.1327605 ] } },
{ "type": "Feature", "properties": { "county_nam": "Shelby", "county_norm": "SHELBY", "prec_id": "008078", "precinct_name": "Shelby - 008078", "precinct_norm": "SHELBY - 008078", "id": 1191 }, "geometry": { "type": "Point", "coordinates": [ -89.828172924283308, 35.164025 ] } },
{ "type": "Feature", "properties": { "county_nam": "Shelby", "county_norm": "SHELBY", "prec_id": "008118", "precinct_name": "Shelby - 008118", "precinct_norm": "SHELBY - 008118", "id": 1192 }, "geometry": { "type": "Point", "coordinates": [ -90.00102894389552, 35.114061 ] } },
{ "type": "Feature", "properties": { "county_nam": "Shelby", "county_norm": "SHELBY", "prec_id": "008211", "precinct_name": "Shelby - 008211", "precinct_norm": "SHELBY - 008211", "id": 1193 }, "geometry": { "type": "Point", "coordinates": [ -90.007507753565051, 35.028311 ] } },
{ "type": "Feature", "properties": { "county_nam": "Shelby", "county_norm": "SHELBY", "prec_id": "008239", "precinct_name": "Shelby - 008239", "precinct_norm": "SHELBY - 008239", "id": 1194 }, "geometry": { "type": "Point", "coordinates": [ -89.957526069692207, 35.241874 ] } },
{ "type": "Feature", "properties": { "county_nam": "Shelby", "county_norm": "SHELBY", "prec_id": "008240", "precinct_name": "Shelby - 008240", "precinct_norm": "SHELBY - 008240", "id": 1195 }, "geometry": { "type": "Point", "coordinates": [ -89.941464421213212, 35.22444 ] } },
{ "type": "Feature", "properties": { "county_nam": "Shelby", "county_norm": "SHELBY", "prec_id": "008191", "precinct_name": "Shelby - 008191", "precinct_norm": "SHELBY - 008191", "id": 1196 }, "geometry": { "type": "Point", "coordinates": [ -89.943183316558446, 35.066589 ] } },
{ "type": "Feature", "properties": { "county_nam": "Shelby", "county_norm": "SHELBY", "prec_id": "008252", "precinct_name": "Shelby - 008252", "precinct_norm": "SHELBY - 008252", "id": 1197 }, "geometry": { "type": "Point", "coordinates": [ -89.818059095800407, 35.195335 ] } },
{ "type": "Feature", "properties": { "county_nam": "Shelby", "county_norm": "SHELBY", "prec_id": "008063", "precinct_name": "Shelby - 008063", "precinct_norm": "SHELBY - 008063", "id": 1198 }, "geometry": { "type": "Point", "coordinates": [ -89.852505995416522, 35.254533 ] } },
{ "type": "Feature", "properties": { "county_nam": "Shelby", "county_norm": "SHELBY", "prec_id": "008205", "precinct_name": "Shelby - 008205", "precinct_norm": "SHELBY - 008205", "id": 1199 }, "geometry": { "type": "Point", "coordinates": [ -90.060253683101166, 35.007491 ] } },
{ "type": "Feature", "properties": { "county_nam": "Lincoln", "county_norm": "LINCOLN", "prec_id": "000004", "precinct_name": "Lincoln - 000004", "precinct_norm": "LINCOLN - 000004", "id": 1200 }, "geometry": { "type": "Point", "coordinates": [ -86.72972929930792, 35.1715715 ] } },
{ "type": "Feature", "properties": { "county_nam": "Shelby", "county_norm": "SHELBY", "prec_id": "008104", "precinct_name": "Shelby - 008104", "precinct_norm": "SHELBY - 008104", "id": 1201 }, "geometry": { "type": "Point", "coordinates": [ -90.071812830992499, 35.117692 ] } },
{ "type": "Feature", "properties": { "county_nam": "Decatur", "county_norm": "DECATUR", "prec_id": "002052", "precinct_name": "Decatur - 002052", "precinct_norm": "DECATUR - 002052", "id": 1202 }, "geometry": { "type": "Point", "coordinates": [ -88.092843473075135, 35.542653 ] } },
{ "type": "Feature", "properties": { "county_nam": "Decatur", "county_norm": "DECATUR", "prec_id": "002056", "precinct_name": "Decatur - 002056", "precinct_norm": "DECATUR - 002056", "id": 1203 }, "geometry": { "type": "Point", "coordinates": [ -88.142784164086294, 35.6262905 ] } },
{ "type": "Feature", "properties": { "county_nam": "Shelby", "county_norm": "SHELBY", "prec_id": "008204", "precinct_name": "Shelby - 008204", "precinct_norm": "SHELBY - 008204", "id": 1204 }, "geometry": { "type": "Point", "coordinates": [ -90.052557915311468, 35.030394 ] } },
{ "type": "Feature", "properties": { "county_nam": "Shelby", "county_norm": "SHELBY", "prec_id": "008268", "precinct_name": "Shelby - 008268", "precinct_norm": "SHELBY - 008268", "id": 1205 }, "geometry": { "type": "Point", "coordinates": [ -89.801687901187535, 35.036064 ] } },
{ "type": "Feature", "properties": { "county_nam": "Shelby", "county_norm": "SHELBY", "prec_id": "008069", "precinct_name": "Shelby - 008069", "precinct_norm": "SHELBY - 008069", "id": 1206 }, "geometry": { "type": "Point", "coordinates": [ -89.698101666715047, 35.0370765 ] } },
{ "type": "Feature", "properties": { "county_nam": "Fentress", "county_norm": "FENTRESS", "prec_id": "002554", "precinct_name": "Fentress - 002554", "precinct_norm": "FENTRESS - 002554", "id": 1207 }, "geometry": { "type": "Point", "coordinates": [ -84.928755134170217, 36.4131835 ] } },
{ "type": "Feature", "properties": { "county_nam": "Lewis", "county_norm": "LEWIS", "prec_id": "005256", "precinct_name": "Lewis - 005256", "precinct_norm": "LEWIS - 005256", "id": 1208 }, "geometry": { "type": "Point", "coordinates": [ -87.55446164763606, 35.566251 ] } },
{ "type": "Feature", "properties": { "county_nam": "Dyer", "county_norm": "DYER", "prec_id": "002366", "precinct_name": "Dyer - 002366", "precinct_norm": "DYER - 002366", "id": 1209 }, "geometry": { "type": "Point", "coordinates": [ -89.407161999407236, 36.05561 ] } },
{ "type": "Feature", "properties": { "county_nam": "Dyer", "county_norm": "DYER", "prec_id": "002354", "precinct_name": "Dyer - 002354", "precinct_norm": "DYER - 002354", "id": 1210 }, "geometry": { "type": "Point", "coordinates": [ -89.212041859604909, 36.0549955 ] } },
{ "type": "Feature", "properties": { "county_nam": "Marshall", "county_norm": "MARSHALL", "prec_id": "005853", "precinct_name": "Marshall - 005853", "precinct_norm": "MARSHALL - 005853", "id": 1211 }, "geometry": { "type": "Point", "coordinates": [ -86.701378933512132, 35.393237 ] } },
{ "type": "Feature", "properties": { "county_nam": "Marshall", "county_norm": "MARSHALL", "prec_id": "005858", "precinct_name": "Marshall - 005858", "precinct_norm": "MARSHALL - 005858", "id": 1212 }, "geometry": { "type": "Point", "coordinates": [ -86.761337774792594, 35.466139 ] } },
{ "type": "Feature", "properties": { "county_nam": "Maury", "county_norm": "MAURY", "prec_id": "005952", "precinct_name": "Maury - 005952", "precinct_norm": "MAURY - 005952", "id": 1213 }, "geometry": { "type": "Point", "coordinates": [ -87.042461520095046, 35.738705 ] } },
{ "type": "Feature", "properties": { "county_nam": "Maury", "county_norm": "MAURY", "prec_id": "005965", "precinct_name": "Maury - 005965", "precinct_norm": "MAURY - 005965", "id": 1214 }, "geometry": { "type": "Point", "coordinates": [ -86.859633633971754, 35.684785 ] } },
{ "type": "Feature", "properties": { "county_nam": "Lewis", "county_norm": "LEWIS", "prec_id": "005253", "precinct_name": "Lewis - 005253", "precinct_norm": "LEWIS - 005253", "id": 1215 }, "geometry": { "type": "Point", "coordinates": [ -87.578486176886074, 35.5938305 ] } },
{ "type": "Feature", "properties": { "county_nam": "Shelby", "county_norm": "SHELBY", "prec_id": "008199", "precinct_name": "Shelby - 008199", "precinct_norm": "SHELBY - 008199", "id": 1216 }, "geometry": { "type": "Point", "coordinates": [ -89.904945369953282, 35.046525 ] } },
{ "type": "Feature", "properties": { "county_nam": "Lincoln", "county_norm": "LINCOLN", "prec_id": "000003", "precinct_name": "Lincoln - 000003", "precinct_norm": "LINCOLN - 000003", "id": 1217 }, "geometry": { "type": "Point", "coordinates": [ -86.783651364431165, 35.0525605 ] } },
{ "type": "Feature", "properties": { "county_nam": "Lewis", "county_norm": "LEWIS", "prec_id": "005258", "precinct_name": "Lewis - 005258", "precinct_norm": "LEWIS - 005258", "id": 1218 }, "geometry": { "type": "Point", "coordinates": [ -87.535350202736311, 35.545698 ] } },
{ "type": "Feature", "properties": { "county_nam": "Stewart", "county_norm": "STEWART", "prec_id": "008406", "precinct_name": "Stewart - 008406", "precinct_norm": "STEWART - 008406", "id": 1219 }, "geometry": { "type": "Point", "coordinates": [ -87.819748754325204, 36.458511 ] } },
{ "type": "Feature", "properties": { "county_nam": "Stewart", "county_norm": "STEWART", "prec_id": "008407", "precinct_name": "Stewart - 008407", "precinct_norm": "STEWART - 008407", "id": 1220 }, "geometry": { "type": "Point", "coordinates": [ -87.765707492277983, 36.3997395 ] } },
{ "type": "Feature", "properties": { "county_nam": "Shelby", "county_norm": "SHELBY", "prec_id": "008248", "precinct_name": "Shelby - 008248", "precinct_norm": "SHELBY - 008248", "id": 1221 }, "geometry": { "type": "Point", "coordinates": [ -89.839435953488376, 35.034651 ] } },
{ "type": "Feature", "properties": { "county_nam": "Shelby", "county_norm": "SHELBY", "prec_id": "008138", "precinct_name": "Shelby - 008138", "precinct_norm": "SHELBY - 008138", "id": 1222 }, "geometry": { "type": "Point", "coordinates": [ -89.959382397343688, 35.1050875 ] } },
{ "type": "Feature", "properties": { "county_nam": "Franklin", "county_norm": "FRANKLIN", "prec_id": "002668", "precinct_name": "Franklin - 002668", "precinct_norm": "FRANKLIN - 002668", "id": 1223 }, "geometry": { "type": "Point", "coordinates": [ -86.135922766343839, 35.269156 ] } },
{ "type": "Feature", "properties": { "county_nam": "Giles", "county_norm": "GILES", "prec_id": "002851", "precinct_name": "Giles - 002851", "precinct_norm": "GILES - 002851", "id": 1224 }, "geometry": { "type": "Point", "coordinates": [ -87.007139727999544, 35.0665125 ] } },
{ "type": "Feature", "properties": { "county_nam": "Pickett", "county_norm": "PICKETT", "prec_id": "007059", "precinct_name": "Pickett - 007059", "precinct_norm": "PICKETT - 007059", "id": 1225 }, "geometry": { "type": "Point", "coordinates": [ -85.249124266292455, 36.5460175 ] } },
{ "type": "Feature", "properties": { "county_nam": "Pickett", "county_norm": "PICKETT", "prec_id": "007058", "precinct_name": "Pickett - 007058", "precinct_norm": "PICKETT - 007058", "id": 1226 }, "geometry": { "type": "Point", "coordinates": [ -85.158018829439641, 36.492147 ] } },
{ "type": "Feature", "properties": { "county_nam": "Henderson", "county_norm": "HENDERSON", "prec_id": "004012", "precinct_name": "Henderson - 004012", "precinct_norm": "HENDERSON - 004012", "id": 1227 }, "geometry": { "type": "Point", "coordinates": [ -88.229118798235078, 35.751502 ] } },
{ "type": "Feature", "properties": { "county_nam": "Henderson", "county_norm": "HENDERSON", "prec_id": "004001", "precinct_name": "Henderson - 004001", "precinct_norm": "HENDERSON - 004001", "id": 1228 }, "geometry": { "type": "Point", "coordinates": [ -88.516701132517056, 35.755943 ] } },
{ "type": "Feature", "properties": { "county_nam": "Henderson", "county_norm": "HENDERSON", "prec_id": "004004", "precinct_name": "Henderson - 004004", "precinct_norm": "HENDERSON - 004004", "id": 1229 }, "geometry": { "type": "Point", "coordinates": [ -88.410750487238317, 35.5876395 ] } },
{ "type": "Feature", "properties": { "county_nam": "Dickson", "county_norm": "DICKSON", "prec_id": "002261", "precinct_name": "Dickson - 002261", "precinct_norm": "DICKSON - 002261", "id": 1230 }, "geometry": { "type": "Point", "coordinates": [ -87.222865957414086, 36.163988 ] } },
{ "type": "Feature", "properties": { "county_nam": "Dickson", "county_norm": "DICKSON", "prec_id": "002264", "precinct_name": "Dickson - 002264", "precinct_norm": "DICKSON - 002264", "id": 1231 }, "geometry": { "type": "Point", "coordinates": [ -87.419070747431761, 36.1152795 ] } },
{ "type": "Feature", "properties": { "county_nam": "McNairy", "county_norm": "MCNAIRY", "prec_id": "006160", "precinct_name": "McNairy - 006160", "precinct_norm": "MCNAIRY - 006160", "id": 1232 }, "geometry": { "type": "Point", "coordinates": [ -88.47493527927756, 35.312833 ] } },
{ "type": "Feature", "properties": { "county_nam": "McNairy", "county_norm": "MCNAIRY", "prec_id": "006162", "precinct_name": "McNairy - 006162", "precinct_norm": "MCNAIRY - 006162", "id": 1233 }, "geometry": { "type": "Point", "coordinates": [ -88.450294268527585, 35.209626 ] } },
{ "type": "Feature", "properties": { "county_nam": "Shelby", "county_norm": "SHELBY", "prec_id": "008120", "precinct_name": "Shelby - 008120", "precinct_norm": "SHELBY - 008120", "id": 1234 }, "geometry": { "type": "Point", "coordinates": [ -90.040824569419271, 35.110632 ] } },
{ "type": "Feature", "properties": { "county_nam": "Shelby", "county_norm": "SHELBY", "prec_id": "008224", "precinct_name": "Shelby - 008224", "precinct_norm": "SHELBY - 008224", "id": 1235 }, "geometry": { "type": "Point", "coordinates": [ -90.115856298969049, 35.008262 ] } },
{ "type": "Feature", "properties": { "county_nam": "Shelby", "county_norm": "SHELBY", "prec_id": "008060", "precinct_name": "Shelby - 008060", "precinct_norm": "SHELBY - 008060", "id": 1236 }, "geometry": { "type": "Point", "coordinates": [ -89.808474272513507, 35.232316 ] } },
{ "type": "Feature", "properties": { "county_nam": "Montgomery", "county_norm": "MONTGOMERY", "prec_id": "006454", "precinct_name": "Montgomery - 006454", "precinct_norm": "MONTGOMERY - 006454", "id": 1237 }, "geometry": { "type": "Point", "coordinates": [ -87.523271161618311, 36.58743 ] } },
{ "type": "Feature", "properties": { "county_nam": "Robertson", "county_norm": "ROBERTSON", "prec_id": "007561", "precinct_name": "Robertson - 007561", "precinct_norm": "ROBERTSON - 007561", "id": 1238 }, "geometry": { "type": "Point", "coordinates": [ -86.861226437575624, 36.590608 ] } },
{ "type": "Feature", "properties": { "county_nam": "Trousdale", "county_norm": "TROUSDALE", "prec_id": "008803", "precinct_name": "Trousdale - 008803", "precinct_norm": "TROUSDALE - 008803", "id": 1239 }, "geometry": { "type": "Point", "coordinates": [ -86.091297551547825, 36.410455 ] } },
{ "type": "Feature", "properties": { "county_nam": "Stewart", "county_norm": "STEWART", "prec_id": "008404", "precinct_name": "Stewart - 008404", "precinct_norm": "STEWART - 008404", "id": 1240 }, "geometry": { "type": "Point", "coordinates": [ -87.672618085024311, 36.474296 ] } },
{ "type": "Feature", "properties": { "county_nam": "Gibson", "county_norm": "GIBSON", "prec_id": "002775", "precinct_name": "Gibson - 002775", "precinct_norm": "GIBSON - 002775", "id": 1241 }, "geometry": { "type": "Point", "coordinates": [ -88.8888137828461, 36.030741 ] } },
{ "type": "Feature", "properties": { "county_nam": "Gibson", "county_norm": "GIBSON", "prec_id": "002766", "precinct_name": "Gibson - 002766", "precinct_norm": "GIBSON - 002766", "id": 1242 }, "geometry": { "type": "Point", "coordinates": [ -88.732308511520472, 36.0425795 ] } },
{ "type": "Feature", "properties": { "county_nam": "Shelby", "county_norm": "SHELBY", "prec_id": "008242", "precinct_name": "Shelby - 008242", "precinct_norm": "SHELBY - 008242", "id": 1243 }, "geometry": { "type": "Point", "coordinates": [ -89.77302892396574, 35.141239 ] } },
{ "type": "Feature", "properties": { "county_nam": "Hickman", "county_norm": "HICKMAN", "prec_id": "004211", "precinct_name": "Hickman - 004211", "precinct_norm": "HICKMAN - 004211", "id": 1244 }, "geometry": { "type": "Point", "coordinates": [ -87.672900039347596, 35.6864115 ] } },
{ "type": "Feature", "properties": { "county_nam": "Warren", "county_norm": "WARREN", "prec_id": "009204", "precinct_name": "Warren - 009204", "precinct_norm": "WARREN - 009204", "id": 1245 }, "geometry": { "type": "Point", "coordinates": [ -85.796344757564768, 35.6564155 ] } },
{ "type": "Feature", "properties": { "county_nam": "Warren", "county_norm": "WARREN", "prec_id": "009215", "precinct_name": "Warren - 009215", "precinct_norm": "WARREN - 009215", "id": 1246 }, "geometry": { "type": "Point", "coordinates": [ -85.868616125133059, 35.5574425 ] } },
{ "type": "Feature", "properties": { "county_nam": "Warren", "county_norm": "WARREN", "prec_id": "009221", "precinct_name": "Warren - 009221", "precinct_norm": "WARREN - 009221", "id": 1247 }, "geometry": { "type": "Point", "coordinates": [ -85.881390317729796, 35.7953605 ] } },
{ "type": "Feature", "properties": { "county_nam": "Jefferson", "county_norm": "JEFFERSON", "prec_id": "004610", "precinct_name": "Jefferson - 004610", "precinct_norm": "JEFFERSON - 004610", "id": 1248 }, "geometry": { "type": "Point", "coordinates": [ -83.40205615752474, 36.1021725 ] } },
{ "type": "Feature", "properties": { "county_nam": "Cumberland", "county_norm": "CUMBERLAND", "prec_id": "001702", "precinct_name": "Cumberland - 001702", "precinct_norm": "CUMBERLAND - 001702", "id": 1249 }, "geometry": { "type": "Point", "coordinates": [ -85.040280197925767, 35.8144845 ] } },
{ "type": "Feature", "properties": { "county_nam": "McMinn", "county_norm": "MCMINN", "prec_id": "006057", "precinct_name": "McMinn - 006057", "precinct_norm": "MCMINN - 006057", "id": 1250 }, "geometry": { "type": "Point", "coordinates": [ -84.704521586359306, 35.380332 ] } },
{ "type": "Feature", "properties": { "county_nam": "McMinn", "county_norm": "MCMINN", "prec_id": "006060", "precinct_name": "McMinn - 006060", "precinct_norm": "MCMINN - 006060", "id": 1251 }, "geometry": { "type": "Point", "coordinates": [ -84.634508307748035, 35.4022895 ] } },
{ "type": "Feature", "properties": { "county_nam": "Smith", "county_norm": "SMITH", "prec_id": "008302", "precinct_name": "Smith - 008302", "precinct_norm": "SMITH - 008302", "id": 1252 }, "geometry": { "type": "Point", "coordinates": [ -86.028302398149179, 36.1514715 ] } },
{ "type": "Feature", "properties": { "county_nam": "Bedford", "county_norm": "BEDFORD", "prec_id": "000108", "precinct_name": "Bedford - 000108", "precinct_norm": "BEDFORD - 000108", "id": 1253 }, "geometry": { "type": "Point", "coordinates": [ -86.415002756419042, 35.4753715 ] } },
{ "type": "Feature", "properties": { "county_nam": "DeKalb", "county_norm": "DEKALB", "prec_id": "002154", "precinct_name": "DeKalb - 002154", "precinct_norm": "DEKALB - 002154", "id": 1254 }, "geometry": { "type": "Point", "coordinates": [ -85.853464691116528, 35.8756195 ] } },
{ "type": "Feature", "properties": { "county_nam": "DeKalb", "county_norm": "DEKALB", "prec_id": "002165", "precinct_name": "DeKalb - 002165", "precinct_norm": "DEKALB - 002165", "id": 1255 }, "geometry": { "type": "Point", "coordinates": [ -85.756848623308457, 35.8781915 ] } },
{ "type": "Feature", "properties": { "county_nam": "DeKalb", "county_norm": "DEKALB", "prec_id": "002153", "precinct_name": "DeKalb - 002153", "precinct_norm": "DEKALB - 002153", "id": 1256 }, "geometry": { "type": "Point", "coordinates": [ -85.836185859947562, 35.982752 ] } },
{ "type": "Feature", "properties": { "county_nam": "Sumner", "county_norm": "SUMNER", "prec_id": "008619", "precinct_name": "Sumner - 008619", "precinct_norm": "SUMNER - 008619", "id": 1257 }, "geometry": { "type": "Point", "coordinates": [ -86.624836171061162, 36.3004195 ] } },
{ "type": "Feature", "properties": { "county_nam": "Sumner", "county_norm": "SUMNER", "prec_id": "008636", "precinct_name": "Sumner - 008636", "precinct_norm": "SUMNER - 008636", "id": 1258 }, "geometry": { "type": "Point", "coordinates": [ -86.394110065991271, 36.5729315 ] } },
{ "type": "Feature", "properties": { "county_nam": "Lake", "county_norm": "LAKE", "prec_id": "004952", "precinct_name": "Lake - 004952", "precinct_norm": "LAKE - 004952", "id": 1259 }, "geometry": { "type": "Point", "coordinates": [ -89.50107838702786, 36.336993 ] } },
{ "type": "Feature", "properties": { "county_nam": "Lake", "county_norm": "LAKE", "prec_id": "004953", "precinct_name": "Lake - 004953", "precinct_norm": "LAKE - 004953", "id": 1260 }, "geometry": { "type": "Point", "coordinates": [ -89.480027599972345, 36.271134 ] } },
{ "type": "Feature", "properties": { "county_nam": "Haywood", "county_norm": "HAYWOOD", "prec_id": "003901", "precinct_name": "Haywood - 003901", "precinct_norm": "HAYWOOD - 003901", "id": 1261 }, "geometry": { "type": "Point", "coordinates": [ -89.199229695137859, 35.656409 ] } },
{ "type": "Feature", "properties": { "county_nam": "Davidson", "county_norm": "DAVIDSON", "prec_id": "001898", "precinct_name": "Davidson - 001898", "precinct_norm": "DAVIDSON - 001898", "id": 1262 }, "geometry": { "type": "Point", "coordinates": [ -86.873728254333912, 36.149538 ] } },
{ "type": "Feature", "properties": { "county_nam": "Davidson", "county_norm": "DAVIDSON", "prec_id": "001888", "precinct_name": "Davidson - 001888", "precinct_norm": "DAVIDSON - 001888", "id": 1263 }, "geometry": { "type": "Point", "coordinates": [ -86.799098250136637, 36.126911 ] } },
{ "type": "Feature", "properties": { "county_nam": "Davidson", "county_norm": "DAVIDSON", "prec_id": "001831", "precinct_name": "Davidson - 001831", "precinct_norm": "DAVIDSON - 001831", "id": 1264 }, "geometry": { "type": "Point", "coordinates": [ -86.713959198171779, 36.195119 ] } },
{ "type": "Feature", "properties": { "county_nam": "Davidson", "county_norm": "DAVIDSON", "prec_id": "001807", "precinct_name": "Davidson - 001807", "precinct_norm": "DAVIDSON - 001807", "id": 1265 }, "geometry": { "type": "Point", "coordinates": [ -86.783483806239005, 36.222468 ] } },
{ "type": "Feature", "properties": { "county_nam": "Davidson", "county_norm": "DAVIDSON", "prec_id": "001814", "precinct_name": "Davidson - 001814", "precinct_norm": "DAVIDSON - 001814", "id": 1266 }, "geometry": { "type": "Point", "coordinates": [ -86.788907984432285, 36.2670955 ] } },
{ "type": "Feature", "properties": { "county_nam": "Davidson", "county_norm": "DAVIDSON", "prec_id": "001923", "precinct_name": "Davidson - 001923", "precinct_norm": "DAVIDSON - 001923", "id": 1267 }, "geometry": { "type": "Point", "coordinates": [ -86.751531880268288, 36.064675 ] } },
{ "type": "Feature", "properties": { "county_nam": "Davidson", "county_norm": "DAVIDSON", "prec_id": "001924", "precinct_name": "Davidson - 001924", "precinct_norm": "DAVIDSON - 001924", "id": 1268 }, "geometry": { "type": "Point", "coordinates": [ -86.742880791563891, 36.083009 ] } },
{ "type": "Feature", "properties": { "county_nam": "Davidson", "county_norm": "DAVIDSON", "prec_id": "001844", "precinct_name": "Davidson - 001844", "precinct_norm": "DAVIDSON - 001844", "id": 1269 }, "geometry": { "type": "Point", "coordinates": [ -86.745303505284625, 36.3739025 ] } },
{ "type": "Feature", "properties": { "county_nam": "Knox", "county_norm": "KNOX", "prec_id": "004827", "precinct_name": "Knox - 004827", "precinct_norm": "KNOX - 004827", "id": 1270 }, "geometry": { "type": "Point", "coordinates": [ -83.883109980584123, 35.919048 ] } },
{ "type": "Feature", "properties": { "county_nam": "Knox", "county_norm": "KNOX", "prec_id": "004805", "precinct_name": "Knox - 004805", "precinct_norm": "KNOX - 004805", "id": 1271 }, "geometry": { "type": "Point", "coordinates": [ -84.186375379216031, 35.885939 ] } },
{ "type": "Feature", "properties": { "county_nam": "Claiborne", "county_norm": "CLAIBORNE", "prec_id": "001203", "precinct_name": "Claiborne - 001203", "precinct_norm": "CLAIBORNE - 001203", "id": 1272 }, "geometry": { "type": "Point", "coordinates": [ -83.491006549997138, 36.551588 ] } },
{ "type": "Feature", "properties": { "county_nam": "Washington", "county_norm": "WASHINGTON", "prec_id": "009315", "precinct_name": "Washington - 009315", "precinct_norm": "WASHINGTON - 009315", "id": 1273 }, "geometry": { "type": "Point", "coordinates": [ -82.352179552403243, 36.2750125 ] } },
{ "type": "Feature", "properties": { "county_nam": "Rutherford", "county_norm": "RUTHERFORD", "prec_id": "007663", "precinct_name": "Rutherford - 007663", "precinct_norm": "RUTHERFORD - 007663", "id": 1274 }, "geometry": { "type": "Point", "coordinates": [ -86.487184653195328, 35.8256555 ] } },
{ "type": "Feature", "properties": { "county_nam": "Hardeman", "county_norm": "HARDEMAN", "prec_id": "003602", "precinct_name": "Hardeman - 003602", "precinct_norm": "HARDEMAN - 003602", "id": 1275 }, "geometry": { "type": "Point", "coordinates": [ -89.1089807360012, 35.191509 ] } },
{ "type": "Feature", "properties": { "county_nam": "Cheatham", "county_norm": "CHEATHAM", "prec_id": "001002", "precinct_name": "Cheatham - 001002", "precinct_norm": "CHEATHAM - 001002", "id": 1276 }, "geometry": { "type": "Point", "coordinates": [ -87.186748061714198, 36.3686685 ] } },
{ "type": "Feature", "properties": { "county_nam": "Knox", "county_norm": "KNOX", "prec_id": "004808", "precinct_name": "Knox - 004808", "precinct_norm": "KNOX - 004808", "id": 1277 }, "geometry": { "type": "Point", "coordinates": [ -83.823580665478829, 36.0864505 ] } },
{ "type": "Feature", "properties": { "county_nam": "Knox", "county_norm": "KNOX", "prec_id": "004881", "precinct_name": "Knox - 004881", "precinct_norm": "KNOX - 004881", "id": 1278 }, "geometry": { "type": "Point", "coordinates": [ -83.914302549460089, 36.050577 ] } },
{ "type": "Feature", "properties": { "county_nam": "Knox", "county_norm": "KNOX", "prec_id": "004863", "precinct_name": "Knox - 004863", "precinct_norm": "KNOX - 004863", "id": 1279 }, "geometry": { "type": "Point", "coordinates": [ -83.940871205356018, 35.977475 ] } },
{ "type": "Feature", "properties": { "county_nam": "Bledsoe", "county_norm": "BLEDSOE", "prec_id": "000310", "precinct_name": "Bledsoe - 000310", "precinct_norm": "BLEDSOE - 000310", "id": 1280 }, "geometry": { "type": "Point", "coordinates": [ -85.058332317655584, 35.7238935 ] } },
{ "type": "Feature", "properties": { "county_nam": "Lauderdale", "county_norm": "LAUDERDALE", "prec_id": "005058", "precinct_name": "Lauderdale - 005058", "precinct_norm": "LAUDERDALE - 005058", "id": 1281 }, "geometry": { "type": "Point", "coordinates": [ -89.620082094229303, 35.709329 ] } },
{ "type": "Feature", "properties": { "county_nam": "Putnam", "county_norm": "PUTNAM", "prec_id": "007272", "precinct_name": "Putnam - 007272", "precinct_norm": "PUTNAM - 007272", "id": 1282 }, "geometry": { "type": "Point", "coordinates": [ -85.725589754920662, 36.112305 ] } },
{ "type": "Feature", "properties": { "county_nam": "Putnam", "county_norm": "PUTNAM", "prec_id": "007263", "precinct_name": "Putnam - 007263", "precinct_norm": "PUTNAM - 007263", "id": 1283 }, "geometry": { "type": "Point", "coordinates": [ -85.560720800522645, 36.12275 ] } },
{ "type": "Feature", "properties": { "county_nam": "Blount", "county_norm": "BLOUNT", "prec_id": "000407", "precinct_name": "Blount - 000407", "precinct_norm": "BLOUNT - 000407", "id": 1284 }, "geometry": { "type": "Point", "coordinates": [ -84.046259943785103, 35.795125 ] } },
{ "type": "Feature", "properties": { "county_nam": "Blount", "county_norm": "BLOUNT", "prec_id": "000436", "precinct_name": "Blount - 000436", "precinct_norm": "BLOUNT - 000436", "id": 1285 }, "geometry": { "type": "Point", "coordinates": [ -84.087145304949047, 35.743122 ] } },
{ "type": "Feature", "properties": { "county_nam": "Blount", "county_norm": "BLOUNT", "prec_id": "000432", "precinct_name": "Blount - 000432", "precinct_norm": "BLOUNT - 000432", "id": 1286 }, "geometry": { "type": "Point", "coordinates": [ -83.960166500000014, 35.73824 ] } },
{ "type": "Feature", "properties": { "county_nam": "Bledsoe", "county_norm": "BLEDSOE", "prec_id": "000307", "precinct_name": "Bledsoe - 000307", "precinct_norm": "BLEDSOE - 000307", "id": 1287 }, "geometry": { "type": "Point", "coordinates": [ -85.02124273995733, 35.6885895 ] } },
{ "type": "Feature", "properties": { "county_nam": "Davidson", "county_norm": "DAVIDSON", "prec_id": "001894", "precinct_name": "Davidson - 001894", "precinct_norm": "DAVIDSON - 001894", "id": 1288 }, "geometry": { "type": "Point", "coordinates": [ -86.741681598952823, 36.147412 ] } },
{ "type": "Feature", "properties": { "county_nam": "Davidson", "county_norm": "DAVIDSON", "prec_id": "001950", "precinct_name": "Davidson - 001950", "precinct_norm": "DAVIDSON - 001950", "id": 1289 }, "geometry": { "type": "Point", "coordinates": [ -86.585888873626374, 36.044203 ] } },
{ "type": "Feature", "properties": { "county_nam": "Davidson", "county_norm": "DAVIDSON", "prec_id": "001857", "precinct_name": "Davidson - 001857", "precinct_norm": "DAVIDSON - 001857", "id": 1290 }, "geometry": { "type": "Point", "coordinates": [ -86.583959012447366, 36.184408 ] } },
{ "type": "Feature", "properties": { "county_nam": "Davidson", "county_norm": "DAVIDSON", "prec_id": "001802", "precinct_name": "Davidson - 001802", "precinct_norm": "DAVIDSON - 001802", "id": 1291 }, "geometry": { "type": "Point", "coordinates": [ -86.927643727548485, 36.254095 ] } },
{ "type": "Feature", "properties": { "county_nam": "Davidson", "county_norm": "DAVIDSON", "prec_id": "001809", "precinct_name": "Davidson - 001809", "precinct_norm": "DAVIDSON - 001809", "id": 1292 }, "geometry": { "type": "Point", "coordinates": [ -86.80488657180851, 36.1927805 ] } },
{ "type": "Feature", "properties": { "county_nam": "Davidson", "county_norm": "DAVIDSON", "prec_id": "001885", "precinct_name": "Davidson - 001885", "precinct_norm": "DAVIDSON - 001885", "id": 1293 }, "geometry": { "type": "Point", "coordinates": [ -86.806671398946463, 36.1438855 ] } },
{ "type": "Feature", "properties": { "county_nam": "Davidson", "county_norm": "DAVIDSON", "prec_id": "001832", "precinct_name": "Davidson - 001832", "precinct_norm": "DAVIDSON - 001832", "id": 1294 }, "geometry": { "type": "Point", "coordinates": [ -86.707795273998158, 36.208357 ] } },
{ "type": "Feature", "properties": { "county_nam": "Davidson", "county_norm": "DAVIDSON", "prec_id": "001828", "precinct_name": "Davidson - 001828", "precinct_norm": "DAVIDSON - 001828", "id": 1295 }, "geometry": { "type": "Point", "coordinates": [ -86.755957844350149, 36.1666735 ] } },
{ "type": "Feature", "properties": { "county_nam": "Davidson", "county_norm": "DAVIDSON", "prec_id": "001838", "precinct_name": "Davidson - 001838", "precinct_norm": "DAVIDSON - 001838", "id": 1296 }, "geometry": { "type": "Point", "coordinates": [ -86.739989082007739, 36.223824 ] } },
{ "type": "Feature", "properties": { "county_nam": "Campbell", "county_norm": "CAMPBELL", "prec_id": "000618", "precinct_name": "Campbell - 000618", "precinct_norm": "CAMPBELL - 000618", "id": 1297 }, "geometry": { "type": "Point", "coordinates": [ -84.128914086303723, 36.459463 ] } },
{ "type": "Feature", "properties": { "county_nam": "Campbell", "county_norm": "CAMPBELL", "prec_id": "000614", "precinct_name": "Campbell - 000614", "precinct_norm": "CAMPBELL - 000614", "id": 1298 }, "geometry": { "type": "Point", "coordinates": [ -84.288716712154951, 36.283836 ] } },
{ "type": "Feature", "properties": { "county_nam": "Madison", "county_norm": "MADISON", "prec_id": "005670", "precinct_name": "Madison - 005670", "precinct_norm": "MADISON - 005670", "id": 1299 }, "geometry": { "type": "Point", "coordinates": [ -88.833210798338072, 35.7675365 ] } },
{ "type": "Feature", "properties": { "county_nam": "Cocke", "county_norm": "COCKE", "prec_id": "001413", "precinct_name": "Cocke - 001413", "precinct_norm": "COCKE - 001413", "id": 1300 }, "geometry": { "type": "Point", "coordinates": [ -83.227155177995797, 36.045195 ] } },
{ "type": "Feature", "properties": { "county_nam": "Cocke", "county_norm": "COCKE", "prec_id": "001414", "precinct_name": "Cocke - 001414", "precinct_norm": "COCKE - 001414", "id": 1301 }, "geometry": { "type": "Point", "coordinates": [ -83.108097917829454, 36.0361925 ] } },
{ "type": "Feature", "properties": { "county_nam": "Hamblen", "county_norm": "HAMBLEN", "prec_id": "003251", "precinct_name": "Hamblen - 003251", "precinct_norm": "HAMBLEN - 003251", "id": 1302 }, "geometry": { "type": "Point", "coordinates": [ -83.276354539375234, 36.188317 ] } },
{ "type": "Feature", "properties": { "county_nam": "Hamblen", "county_norm": "HAMBLEN", "prec_id": "003253", "precinct_name": "Hamblen - 003253", "precinct_norm": "HAMBLEN - 003253", "id": 1303 }, "geometry": { "type": "Point", "coordinates": [ -83.271195535932293, 36.2298585 ] } },
{ "type": "Feature", "properties": { "county_nam": "Blount", "county_norm": "BLOUNT", "prec_id": "000421", "precinct_name": "Blount - 000421", "precinct_norm": "BLOUNT - 000421", "id": 1304 }, "geometry": { "type": "Point", "coordinates": [ -84.103416143715478, 35.8032635 ] } },
{ "type": "Feature", "properties": { "county_nam": "Sullivan", "county_norm": "SULLIVAN", "prec_id": "008517", "precinct_name": "Sullivan - 008517", "precinct_norm": "SULLIVAN - 008517", "id": 1305 }, "geometry": { "type": "Point", "coordinates": [ -82.139724263718932, 36.578311 ] } },
{ "type": "Feature", "properties": { "county_nam": "Knox", "county_norm": "KNOX", "prec_id": "004812", "precinct_name": "Knox - 004812", "precinct_norm": "KNOX - 004812", "id": 1306 }, "geometry": { "type": "Point", "coordinates": [ -83.860999114559817, 36.119816 ] } },
{ "type": "Feature", "properties": { "county_nam": "Knox", "county_norm": "KNOX", "prec_id": "004860", "precinct_name": "Knox - 004860", "precinct_norm": "KNOX - 004860", "id": 1307 }, "geometry": { "type": "Point", "coordinates": [ -83.966631146724865, 35.9543415 ] } },
{ "type": "Feature", "properties": { "county_nam": "Hamblen", "county_norm": "HAMBLEN", "prec_id": "003267", "precinct_name": "Hamblen - 003267", "precinct_norm": "HAMBLEN - 003267", "id": 1308 }, "geometry": { "type": "Point", "coordinates": [ -83.34744868301371, 36.1757095 ] } },
{ "type": "Feature", "properties": { "county_nam": "Sullivan", "county_norm": "SULLIVAN", "prec_id": "008521", "precinct_name": "Sullivan - 008521", "precinct_norm": "SULLIVAN - 008521", "id": 1309 }, "geometry": { "type": "Point", "coordinates": [ -82.470698980288176, 36.567452 ] } },
{ "type": "Feature", "properties": { "county_nam": "Cocke", "county_norm": "COCKE", "prec_id": "001409", "precinct_name": "Cocke - 001409", "precinct_norm": "COCKE - 001409", "id": 1310 }, "geometry": { "type": "Point", "coordinates": [ -83.162869217600274, 35.8861475 ] } },
{ "type": "Feature", "properties": { "county_nam": "Hamblen", "county_norm": "HAMBLEN", "prec_id": "003265", "precinct_name": "Hamblen - 003265", "precinct_norm": "HAMBLEN - 003265", "id": 1311 }, "geometry": { "type": "Point", "coordinates": [ -83.378814200493366, 36.221009 ] } },
{ "type": "Feature", "properties": { "county_nam": "Cocke", "county_norm": "COCKE", "prec_id": "001418", "precinct_name": "Cocke - 001418", "precinct_norm": "COCKE - 001418", "id": 1312 }, "geometry": { "type": "Point", "coordinates": [ -82.963717836035286, 35.943482 ] } },
{ "type": "Feature", "properties": { "county_nam": "Madison", "county_norm": "MADISON", "prec_id": "005662", "precinct_name": "Madison - 005662", "precinct_norm": "MADISON - 005662", "id": 1313 }, "geometry": { "type": "Point", "coordinates": [ -88.751183027174335, 35.4784715 ] } },
{ "type": "Feature", "properties": { "county_nam": "Madison", "county_norm": "MADISON", "prec_id": "005661", "precinct_name": "Madison - 005661", "precinct_norm": "MADISON - 005661", "id": 1314 }, "geometry": { "type": "Point", "coordinates": [ -88.835307723805727, 35.4730055 ] } },
{ "type": "Feature", "properties": { "county_nam": "Knox", "county_norm": "KNOX", "prec_id": "004876", "precinct_name": "Knox - 004876", "precinct_norm": "KNOX - 004876", "id": 1315 }, "geometry": { "type": "Point", "coordinates": [ -83.934082714439143, 35.991241 ] } },
{ "type": "Feature", "properties": { "county_nam": "Knox", "county_norm": "KNOX", "prec_id": "004851", "precinct_name": "Knox - 004851", "precinct_norm": "KNOX - 004851", "id": 1316 }, "geometry": { "type": "Point", "coordinates": [ -84.079253588362661, 35.927328 ] } },
{ "type": "Feature", "properties": { "county_nam": "Hardeman", "county_norm": "HARDEMAN", "prec_id": "003606", "precinct_name": "Hardeman - 003606", "precinct_norm": "HARDEMAN - 003606", "id": 1317 }, "geometry": { "type": "Point", "coordinates": [ -88.866415535771438, 35.143974 ] } },
{ "type": "Feature", "properties": { "county_nam": "Crockett", "county_norm": "CROCKETT", "prec_id": "001601", "precinct_name": "Crockett - 001601", "precinct_norm": "CROCKETT - 001601", "id": 1318 }, "geometry": { "type": "Point", "coordinates": [ -89.13148234323819, 35.8477635 ] } },
{ "type": "Feature", "properties": { "county_nam": "Carter", "county_norm": "CARTER", "prec_id": "000903", "precinct_name": "Carter - 000903", "precinct_norm": "CARTER - 000903", "id": 1319 }, "geometry": { "type": "Point", "coordinates": [ -82.270218660865311, 36.372925 ] } },
{ "type": "Feature", "properties": { "county_nam": "Carter", "county_norm": "CARTER", "prec_id": "000920", "precinct_name": "Carter - 000920", "precinct_norm": "CARTER - 000920", "id": 1320 }, "geometry": { "type": "Point", "coordinates": [ -82.282763538330073, 36.3878035 ] } },
{ "type": "Feature", "properties": { "county_nam": "Fayette", "county_norm": "FAYETTE", "prec_id": "002465", "precinct_name": "Fayette - 002465", "precinct_norm": "FAYETTE - 002465", "id": 1321 }, "geometry": { "type": "Point", "coordinates": [ -89.361864049067151, 35.218696 ] } },
{ "type": "Feature", "properties": { "county_nam": "Polk", "county_norm": "POLK", "prec_id": "007158", "precinct_name": "Polk - 007158", "precinct_norm": "POLK - 007158", "id": 1322 }, "geometry": { "type": "Point", "coordinates": [ -84.496137585580044, 35.1493105 ] } },
{ "type": "Feature", "properties": { "county_nam": "Campbell", "county_norm": "CAMPBELL", "prec_id": "000619", "precinct_name": "Campbell - 000619", "precinct_norm": "CAMPBELL - 000619", "id": 1323 }, "geometry": { "type": "Point", "coordinates": [ -84.025609936478389, 36.5422 ] } },
{ "type": "Feature", "properties": { "county_nam": "Hamilton", "county_norm": "HAMILTON", "prec_id": "003392", "precinct_name": "Hamilton - 003392", "precinct_norm": "HAMILTON - 003392", "id": 1324 }, "geometry": { "type": "Point", "coordinates": [ -85.233674980010392, 35.001056 ] } },
{ "type": "Feature", "properties": { "county_nam": "Hamilton", "county_norm": "HAMILTON", "prec_id": "003454", "precinct_name": "Hamilton - 003454", "precinct_norm": "HAMILTON - 003454", "id": 1325 }, "geometry": { "type": "Point", "coordinates": [ -85.287340960226317, 35.071145 ] } },
{ "type": "Feature", "properties": { "county_nam": "Hamilton", "county_norm": "HAMILTON", "prec_id": "003381", "precinct_name": "Hamilton - 003381", "precinct_norm": "HAMILTON - 003381", "id": 1326 }, "geometry": { "type": "Point", "coordinates": [ -85.236409224237065, 35.058505 ] } },
{ "type": "Feature", "properties": { "county_nam": "Hamilton", "county_norm": "HAMILTON", "prec_id": "003413", "precinct_name": "Hamilton - 003413", "precinct_norm": "HAMILTON - 003413", "id": 1327 }, "geometry": { "type": "Point", "coordinates": [ -85.203050959702807, 35.138954 ] } },
{ "type": "Feature", "properties": { "county_nam": "Bledsoe", "county_norm": "BLEDSOE", "prec_id": "000308", "precinct_name": "Bledsoe - 000308", "precinct_norm": "BLEDSOE - 000308", "id": 1328 }, "geometry": { "type": "Point", "coordinates": [ -85.282697410225836, 35.4654655 ] } },
{ "type": "Feature", "properties": { "county_nam": "Hancock", "county_norm": "HANCOCK", "prec_id": "000007", "precinct_name": "Hancock - 000007", "precinct_norm": "HANCOCK - 000007", "id": 1329 }, "geometry": { "type": "Point", "coordinates": [ -83.326179635356795, 36.486833 ] } },
{ "type": "Feature", "properties": { "county_nam": "Hawkins", "county_norm": "HAWKINS", "prec_id": "003803", "precinct_name": "Hawkins - 003803", "precinct_norm": "HAWKINS - 003803", "id": 1330 }, "geometry": { "type": "Point", "coordinates": [ -82.729324779226062, 36.479204 ] } },
{ "type": "Feature", "properties": { "county_nam": "Hawkins", "county_norm": "HAWKINS", "prec_id": "003806", "precinct_name": "Hawkins - 003806", "precinct_norm": "HAWKINS - 003806", "id": 1331 }, "geometry": { "type": "Point", "coordinates": [ -82.735449865131585, 36.40895 ] } },
{ "type": "Feature", "properties": { "county_nam": "Hamilton", "county_norm": "HAMILTON", "prec_id": "003387", "precinct_name": "Hamilton - 003387", "precinct_norm": "HAMILTON - 003387", "id": 1332 }, "geometry": { "type": "Point", "coordinates": [ -85.14353751489071, 35.0181445 ] } },
{ "type": "Feature", "properties": { "county_nam": "Hamilton", "county_norm": "HAMILTON", "prec_id": "003414", "precinct_name": "Hamilton - 003414", "precinct_norm": "HAMILTON - 003414", "id": 1333 }, "geometry": { "type": "Point", "coordinates": [ -85.21909449242807, 35.064002 ] } },
{ "type": "Feature", "properties": { "county_nam": "Hawkins", "county_norm": "HAWKINS", "prec_id": "003808", "precinct_name": "Hawkins - 003808", "precinct_norm": "HAWKINS - 003808", "id": 1334 }, "geometry": { "type": "Point", "coordinates": [ -82.70309196715742, 36.5647395 ] } },
{ "type": "Feature", "properties": { "county_nam": "Hawkins", "county_norm": "HAWKINS", "prec_id": "003816", "precinct_name": "Hawkins - 003816", "precinct_norm": "HAWKINS - 003816", "id": 1335 }, "geometry": { "type": "Point", "coordinates": [ -83.101467698102425, 36.3280345 ] } },
{ "type": "Feature", "properties": { "county_nam": "Hancock", "county_norm": "HANCOCK", "prec_id": "000004", "precinct_name": "Hancock - 000004", "precinct_norm": "HANCOCK - 000004", "id": 1336 }, "geometry": { "type": "Point", "coordinates": [ -83.024471378039294, 36.5647455 ] } },
{ "type": "Feature", "properties": { "county_nam": "Hawkins", "county_norm": "HAWKINS", "prec_id": "003809", "precinct_name": "Hawkins - 003809", "precinct_norm": "HAWKINS - 003809", "id": 1337 }, "geometry": { "type": "Point", "coordinates": [ -82.642133071605116, 36.5339045 ] } },
{ "type": "Feature", "properties": { "county_nam": "Williamson", "county_norm": "WILLIAMSON", "prec_id": "009719", "precinct_name": "Williamson - 009719", "precinct_norm": "WILLIAMSON - 009719", "id": 1338 }, "geometry": { "type": "Point", "coordinates": [ -86.759387069965641, 35.983373 ] } },
{ "type": "Feature", "properties": { "county_nam": "Campbell", "county_norm": "CAMPBELL", "prec_id": "000607", "precinct_name": "Campbell - 000607", "precinct_norm": "CAMPBELL - 000607", "id": 1339 }, "geometry": { "type": "Point", "coordinates": [ -84.076911232707829, 36.390212 ] } },
{ "type": "Feature", "properties": { "county_nam": "Lauderdale", "county_norm": "LAUDERDALE", "prec_id": "005052", "precinct_name": "Lauderdale - 005052", "precinct_norm": "LAUDERDALE - 005052", "id": 1340 }, "geometry": { "type": "Point", "coordinates": [ -89.422602766774133, 35.8279805 ] } },
{ "type": "Feature", "properties": { "county_nam": "Fayette", "county_norm": "FAYETTE", "prec_id": "002452", "precinct_name": "Fayette - 002452", "precinct_norm": "FAYETTE - 002452", "id": 1341 }, "geometry": { "type": "Point", "coordinates": [ -89.58293478416735, 35.2277325 ] } },
{ "type": "Feature", "properties": { "county_nam": "Knox", "county_norm": "KNOX", "prec_id": "004884", "precinct_name": "Knox - 004884", "precinct_norm": "KNOX - 004884", "id": 1342 }, "geometry": { "type": "Point", "coordinates": [ -83.894641629302868, 36.024619 ] } },
{ "type": "Feature", "properties": { "county_nam": "Knox", "county_norm": "KNOX", "prec_id": "004859", "precinct_name": "Knox - 004859", "precinct_norm": "KNOX - 004859", "id": 1343 }, "geometry": { "type": "Point", "coordinates": [ -83.964614764835588, 35.9658185 ] } },
{ "type": "Feature", "properties": { "county_nam": "Blount", "county_norm": "BLOUNT", "prec_id": "000433", "precinct_name": "Blount - 000433", "precinct_norm": "BLOUNT - 000433", "id": 1344 }, "geometry": { "type": "Point", "coordinates": [ -84.009248839743208, 35.7012455 ] } },
{ "type": "Feature", "properties": { "county_nam": "Blount", "county_norm": "BLOUNT", "prec_id": "000425", "precinct_name": "Blount - 000425", "precinct_norm": "BLOUNT - 000425", "id": 1345 }, "geometry": { "type": "Point", "coordinates": [ -83.892366265662929, 35.710313 ] } },
{ "type": "Feature", "properties": { "county_nam": "Blount", "county_norm": "BLOUNT", "prec_id": "000417", "precinct_name": "Blount - 000417", "precinct_norm": "BLOUNT - 000417", "id": 1346 }, "geometry": { "type": "Point", "coordinates": [ -84.048700475318924, 35.738421 ] } },
{ "type": "Feature", "properties": { "county_nam": "Grainger", "county_norm": "GRAINGER", "prec_id": "002952", "precinct_name": "Grainger - 002952", "precinct_norm": "GRAINGER - 002952", "id": 1347 }, "geometry": { "type": "Point", "coordinates": [ -83.513362977725023, 36.2200495 ] } },
{ "type": "Feature", "properties": { "county_nam": "Cocke", "county_norm": "COCKE", "prec_id": "001404", "precinct_name": "Cocke - 001404", "precinct_norm": "COCKE - 001404", "id": 1348 }, "geometry": { "type": "Point", "coordinates": [ -83.003133871227362, 35.8602955 ] } },
{ "type": "Feature", "properties": { "county_nam": "Lewis", "county_norm": "LEWIS", "prec_id": "005257", "precinct_name": "Lewis - 005257", "precinct_norm": "LEWIS - 005257", "id": 1349 }, "geometry": { "type": "Point", "coordinates": [ -87.546633521382489, 35.519024 ] } },
{ "type": "Feature", "properties": { "county_nam": "Shelby", "county_norm": "SHELBY", "prec_id": "008228", "precinct_name": "Shelby - 008228", "precinct_norm": "SHELBY - 008228", "id": 1350 }, "geometry": { "type": "Point", "coordinates": [ -89.962765009321345, 35.216886 ] } },
{ "type": "Feature", "properties": { "county_nam": "Shelby", "county_norm": "SHELBY", "prec_id": "008167", "precinct_name": "Shelby - 008167", "precinct_norm": "SHELBY - 008167", "id": 1351 }, "geometry": { "type": "Point", "coordinates": [ -90.002658148264516, 35.0764655 ] } },
{ "type": "Feature", "properties": { "county_nam": "Shelby", "county_norm": "SHELBY", "prec_id": "008066", "precinct_name": "Shelby - 008066", "precinct_norm": "SHELBY - 008066", "id": 1352 }, "geometry": { "type": "Point", "coordinates": [ -89.778924056617399, 35.2596955 ] } },
{ "type": "Feature", "properties": { "county_nam": "Fentress", "county_norm": "FENTRESS", "prec_id": "002553", "precinct_name": "Fentress - 002553", "precinct_norm": "FENTRESS - 002553", "id": 1353 }, "geometry": { "type": "Point", "coordinates": [ -84.840449272115848, 36.359936 ] } },
{ "type": "Feature", "properties": { "county_nam": "Dickson", "county_norm": "DICKSON", "prec_id": "002251", "precinct_name": "Dickson - 002251", "precinct_norm": "DICKSON - 002251", "id": 1354 }, "geometry": { "type": "Point", "coordinates": [ -87.255537016942384, 35.99396 ] } },
{ "type": "Feature", "properties": { "county_nam": "Franklin", "county_norm": "FRANKLIN", "prec_id": "002651", "precinct_name": "Franklin - 002651", "precinct_norm": "FRANKLIN - 002651", "id": 1355 }, "geometry": { "type": "Point", "coordinates": [ -86.156184525294051, 35.192395 ] } },
{ "type": "Feature", "properties": { "county_nam": "Franklin", "county_norm": "FRANKLIN", "prec_id": "002665", "precinct_name": "Franklin - 002665", "precinct_norm": "FRANKLIN - 002665", "id": 1356 }, "geometry": { "type": "Point", "coordinates": [ -86.225349483333332, 35.300102 ] } },
{ "type": "Feature", "properties": { "county_nam": "Shelby", "county_norm": "SHELBY", "prec_id": "008265", "precinct_name": "Shelby - 008265", "precinct_norm": "SHELBY - 008265", "id": 1357 }, "geometry": { "type": "Point", "coordinates": [ -89.8150247474031, 35.034193 ] } },
{ "type": "Feature", "properties": { "county_nam": "Shelby", "county_norm": "SHELBY", "prec_id": "008266", "precinct_name": "Shelby - 008266", "precinct_norm": "SHELBY - 008266", "id": 1358 }, "geometry": { "type": "Point", "coordinates": [ -89.851745319942864, 35.0076185 ] } },
{ "type": "Feature", "properties": { "county_nam": "Shelby", "county_norm": "SHELBY", "prec_id": "008072", "precinct_name": "Shelby - 008072", "precinct_norm": "SHELBY - 008072", "id": 1359 }, "geometry": { "type": "Point", "coordinates": [ -89.669918376633433, 35.0513645 ] } },
{ "type": "Feature", "properties": { "county_nam": "Henderson", "county_norm": "HENDERSON", "prec_id": "004010", "precinct_name": "Henderson - 004010", "precinct_norm": "HENDERSON - 004010", "id": 1360 }, "geometry": { "type": "Point", "coordinates": [ -88.354758507446348, 35.5269985 ] } },
{ "type": "Feature", "properties": { "county_nam": "Trousdale", "county_norm": "TROUSDALE", "prec_id": "008805", "precinct_name": "Trousdale - 008805", "precinct_norm": "TROUSDALE - 008805", "id": 1361 }, "geometry": { "type": "Point", "coordinates": [ -86.240015721367882, 36.4027315 ] } },
{ "type": "Feature", "properties": { "county_nam": "Shelby", "county_norm": "SHELBY", "prec_id": "008179", "precinct_name": "Shelby - 008179", "precinct_norm": "SHELBY - 008179", "id": 1362 }, "geometry": { "type": "Point", "coordinates": [ -89.861095338956687, 35.1480785 ] } },
{ "type": "Feature", "properties": { "county_nam": "Henry", "county_norm": "HENRY", "prec_id": "004113", "precinct_name": "Henry - 004113", "precinct_norm": "HENRY - 004113", "id": 1363 }, "geometry": { "type": "Point", "coordinates": [ -88.180730427528857, 36.2385215 ] } },
{ "type": "Feature", "properties": { "county_nam": "Henry", "county_norm": "HENRY", "prec_id": "004107", "precinct_name": "Henry - 004107", "precinct_norm": "HENRY - 004107", "id": 1364 }, "geometry": { "type": "Point", "coordinates": [ -88.225022146633506, 36.432244 ] } },
{ "type": "Feature", "properties": { "county_nam": "Gibson", "county_norm": "GIBSON", "prec_id": "002757", "precinct_name": "Gibson - 002757", "precinct_norm": "GIBSON - 002757", "id": 1365 }, "geometry": { "type": "Point", "coordinates": [ -88.919729154378842, 35.8323635 ] } },
{ "type": "Feature", "properties": { "county_nam": "Bradley", "county_norm": "BRADLEY", "prec_id": "000503", "precinct_name": "Bradley - 000503", "precinct_norm": "BRADLEY - 000503", "id": 1366 }, "geometry": { "type": "Point", "coordinates": [ -84.978562961348786, 35.080951 ] } },
{ "type": "Feature", "properties": { "county_nam": "Franklin", "county_norm": "FRANKLIN", "prec_id": "002662", "precinct_name": "Franklin - 002662", "precinct_norm": "FRANKLIN - 002662", "id": 1367 }, "geometry": { "type": "Point", "coordinates": [ -85.971478069732285, 35.2656385 ] } },
{ "type": "Feature", "properties": { "county_nam": "Dickson", "county_norm": "DICKSON", "prec_id": "002258", "precinct_name": "Dickson - 002258", "precinct_norm": "DICKSON - 002258", "id": 1368 }, "geometry": { "type": "Point", "coordinates": [ -87.511370055258993, 36.153873 ] } },
{ "type": "Feature", "properties": { "county_nam": "Maury", "county_norm": "MAURY", "prec_id": "005962", "precinct_name": "Maury - 005962", "precinct_norm": "MAURY - 005962", "id": 1369 }, "geometry": { "type": "Point", "coordinates": [ -87.271982555433183, 35.633152 ] } },
{ "type": "Feature", "properties": { "county_nam": "Dyer", "county_norm": "DYER", "prec_id": "002357", "precinct_name": "Dyer - 002357", "precinct_norm": "DYER - 002357", "id": 1370 }, "geometry": { "type": "Point", "coordinates": [ -89.464476547835815, 36.150937 ] } },
{ "type": "Feature", "properties": { "county_nam": "Henderson", "county_norm": "HENDERSON", "prec_id": "004014", "precinct_name": "Henderson - 004014", "precinct_norm": "HENDERSON - 004014", "id": 1371 }, "geometry": { "type": "Point", "coordinates": [ -88.249912897794701, 35.580823 ] } },
{ "type": "Feature", "properties": { "county_nam": "Roane", "county_norm": "ROANE", "prec_id": "007468", "precinct_name": "Roane - 007468", "precinct_norm": "ROANE - 007468", "id": 1372 }, "geometry": { "type": "Point", "coordinates": [ -84.635937062349626, 35.7599435 ] } },
{ "type": "Feature", "properties": { "county_nam": "Shelby", "county_norm": "SHELBY", "prec_id": "008108", "precinct_name": "Shelby - 008108", "precinct_norm": "SHELBY - 008108", "id": 1373 }, "geometry": { "type": "Point", "coordinates": [ -90.006863549859759, 35.139144 ] } },
{ "type": "Feature", "properties": { "county_nam": "Shelby", "county_norm": "SHELBY", "prec_id": "008161", "precinct_name": "Shelby - 008161", "precinct_norm": "SHELBY - 008161", "id": 1374 }, "geometry": { "type": "Point", "coordinates": [ -89.970626149334322, 35.0818785 ] } },
{ "type": "Feature", "properties": { "county_nam": "Shelby", "county_norm": "SHELBY", "prec_id": "008106", "precinct_name": "Shelby - 008106", "precinct_norm": "SHELBY - 008106", "id": 1375 }, "geometry": { "type": "Point", "coordinates": [ -90.017104014285707, 35.1309035 ] } },
{ "type": "Feature", "properties": { "county_nam": "Maury", "county_norm": "MAURY", "prec_id": "005968", "precinct_name": "Maury - 005968", "precinct_norm": "MAURY - 005968", "id": 1376 }, "geometry": { "type": "Point", "coordinates": [ -87.097024911474207, 35.4879255 ] } },
{ "type": "Feature", "properties": { "county_nam": "Carroll", "county_norm": "CARROLL", "prec_id": "000816", "precinct_name": "Carroll - 000816", "precinct_norm": "CARROLL - 000816", "id": 1377 }, "geometry": { "type": "Point", "coordinates": [ -88.654453071388559, 35.8664725 ] } },
{ "type": "Feature", "properties": { "county_nam": "Lawrence", "county_norm": "LAWRENCE", "prec_id": "005172", "precinct_name": "Lawrence - 005172", "precinct_norm": "LAWRENCE - 005172", "id": 1378 }, "geometry": { "type": "Point", "coordinates": [ -87.408733395659056, 35.1891425 ] } },
{ "type": "Feature", "properties": { "county_nam": "Stewart", "county_norm": "STEWART", "prec_id": "008403", "precinct_name": "Stewart - 008403", "precinct_norm": "STEWART - 008403", "id": 1379 }, "geometry": { "type": "Point", "coordinates": [ -87.856199382427633, 36.608336 ] } },
{ "type": "Feature", "properties": { "county_nam": "Henderson", "county_norm": "HENDERSON", "prec_id": "004006", "precinct_name": "Henderson - 004006", "precinct_norm": "HENDERSON - 004006", "id": 1380 }, "geometry": { "type": "Point", "coordinates": [ -88.318208325356437, 35.730451 ] } },
{ "type": "Feature", "properties": { "county_nam": "McNairy", "county_norm": "MCNAIRY", "prec_id": "006159", "precinct_name": "McNairy - 006159", "precinct_norm": "MCNAIRY - 006159", "id": 1381 }, "geometry": { "type": "Point", "coordinates": [ -88.564270803654637, 35.3375925 ] } },
{ "type": "Feature", "properties": { "county_nam": "Gibson", "county_norm": "GIBSON", "prec_id": "002754", "precinct_name": "Gibson - 002754", "precinct_norm": "GIBSON - 002754", "id": 1382 }, "geometry": { "type": "Point", "coordinates": [ -88.868629839296759, 35.8380295 ] } },
{ "type": "Feature", "properties": { "county_nam": "Bradley", "county_norm": "BRADLEY", "prec_id": "000511", "precinct_name": "Bradley - 000511", "precinct_norm": "BRADLEY - 000511", "id": 1383 }, "geometry": { "type": "Point", "coordinates": [ -84.804528450808505, 35.0518695 ] } },
{ "type": "Feature", "properties": { "county_nam": "Roane", "county_norm": "ROANE", "prec_id": "007469", "precinct_name": "Roane - 007469", "precinct_norm": "ROANE - 007469", "id": 1384 }, "geometry": { "type": "Point", "coordinates": [ -84.564518161061216, 35.8106805 ] } },
{ "type": "Feature", "properties": { "county_nam": "Bradley", "county_norm": "BRADLEY", "prec_id": "000517", "precinct_name": "Bradley - 000517", "precinct_norm": "BRADLEY - 000517", "id": 1385 }, "geometry": { "type": "Point", "coordinates": [ -84.897343925407569, 35.2760995 ] } },
{ "type": "Feature", "properties": { "county_nam": "Gibson", "county_norm": "GIBSON", "prec_id": "002752", "precinct_name": "Gibson - 002752", "precinct_norm": "GIBSON - 002752", "id": 1386 }, "geometry": { "type": "Point", "coordinates": [ -88.75070879585968, 35.846659 ] } },
{ "type": "Feature", "properties": { "county_nam": "Roane", "county_norm": "ROANE", "prec_id": "007466", "precinct_name": "Roane - 007466", "precinct_norm": "ROANE - 007466", "id": 1387 }, "geometry": { "type": "Point", "coordinates": [ -84.351964684257695, 36.0415345 ] } },
{ "type": "Feature", "properties": { "county_nam": "Maury", "county_norm": "MAURY", "prec_id": "005957", "precinct_name": "Maury - 005957", "precinct_norm": "MAURY - 005957", "id": 1388 }, "geometry": { "type": "Point", "coordinates": [ -86.951590661723131, 35.6638915 ] } },
{ "type": "Feature", "properties": { "county_nam": "Obion", "county_norm": "OBION", "prec_id": "006755", "precinct_name": "Obion - 006755", "precinct_norm": "OBION - 006755", "id": 1389 }, "geometry": { "type": "Point", "coordinates": [ -89.321929218924851, 36.40676 ] } },
{ "type": "Feature", "properties": { "county_nam": "Henderson", "county_norm": "HENDERSON", "prec_id": "004011", "precinct_name": "Henderson - 004011", "precinct_norm": "HENDERSON - 004011", "id": 1390 }, "geometry": { "type": "Point", "coordinates": [ -88.375880373037234, 35.6607375 ] } },
{ "type": "Feature", "properties": { "county_nam": "Fentress", "county_norm": "FENTRESS", "prec_id": "002560", "precinct_name": "Fentress - 002560", "precinct_norm": "FENTRESS - 002560", "id": 1391 }, "geometry": { "type": "Point", "coordinates": [ -85.049881847742881, 36.4031615 ] } },
{ "type": "Feature", "properties": { "county_nam": "Shelby", "county_norm": "SHELBY", "prec_id": "008166", "precinct_name": "Shelby - 008166", "precinct_norm": "SHELBY - 008166", "id": 1392 }, "geometry": { "type": "Point", "coordinates": [ -89.947134458845596, 35.048154 ] } },
{ "type": "Feature", "properties": { "county_nam": "Shelby", "county_norm": "SHELBY", "prec_id": "008229", "precinct_name": "Shelby - 008229", "precinct_norm": "SHELBY - 008229", "id": 1393 }, "geometry": { "type": "Point", "coordinates": [ -89.916539586737798, 35.2244675 ] } },
{ "type": "Feature", "properties": { "county_nam": "Shelby", "county_norm": "SHELBY", "prec_id": "008146", "precinct_name": "Shelby - 008146", "precinct_norm": "SHELBY - 008146", "id": 1394 }, "geometry": { "type": "Point", "coordinates": [ -89.974921404552077, 35.1593495 ] } },
{ "type": "Feature", "properties": { "county_nam": "McNairy", "county_norm": "MCNAIRY", "prec_id": "006166", "precinct_name": "McNairy - 006166", "precinct_norm": "MCNAIRY - 006166", "id": 1395 }, "geometry": { "type": "Point", "coordinates": [ -88.721879666009059, 35.064299 ] } },
{ "type": "Feature", "properties": { "county_nam": "Houston", "county_norm": "HOUSTON", "prec_id": "004306", "precinct_name": "Houston - 004306", "precinct_norm": "HOUSTON - 004306", "id": 1396 }, "geometry": { "type": "Point", "coordinates": [ -87.691012708664672, 36.3420235 ] } },
{ "type": "Feature", "properties": { "county_nam": "Roane", "county_norm": "ROANE", "prec_id": "007455", "precinct_name": "Roane - 007455", "precinct_norm": "ROANE - 007455", "id": 1397 }, "geometry": { "type": "Point", "coordinates": [ -84.495830966222243, 35.8373505 ] } },
{ "type": "Feature", "properties": { "county_nam": "Roane", "county_norm": "ROANE", "prec_id": "007460", "precinct_name": "Roane - 007460", "precinct_norm": "ROANE - 007460", "id": 1398 }, "geometry": { "type": "Point", "coordinates": [ -84.514740060795418, 35.9210165 ] } },
{ "type": "Feature", "properties": { "county_nam": "Montgomery", "county_norm": "MONTGOMERY", "prec_id": "006466", "precinct_name": "Montgomery - 006466", "precinct_norm": "MONTGOMERY - 006466", "id": 1399 }, "geometry": { "type": "Point", "coordinates": [ -87.335424698578109, 36.6059465 ] } },
{ "type": "Feature", "properties": { "county_nam": "Wayne", "county_norm": "WAYNE", "prec_id": "009403", "precinct_name": "Wayne - 009403", "precinct_norm": "WAYNE - 009403", "id": 1400 }, "geometry": { "type": "Point", "coordinates": [ -87.651353712021688, 35.1955565 ] } },
{ "type": "Feature", "properties": { "county_nam": "Wayne", "county_norm": "WAYNE", "prec_id": "009413", "precinct_name": "Wayne - 009413", "precinct_norm": "WAYNE - 009413", "id": 1401 }, "geometry": { "type": "Point", "coordinates": [ -87.828515816928231, 35.0752335 ] } },
{ "type": "Feature", "properties": { "county_nam": "Roane", "county_norm": "ROANE", "prec_id": "007470", "precinct_name": "Roane - 007470", "precinct_norm": "ROANE - 007470", "id": 1402 }, "geometry": { "type": "Point", "coordinates": [ -84.7358922430424, 35.8120395 ] } },
{ "type": "Feature", "properties": { "county_nam": "Montgomery", "county_norm": "MONTGOMERY", "prec_id": "006460", "precinct_name": "Montgomery - 006460", "precinct_norm": "MONTGOMERY - 006460", "id": 1403 }, "geometry": { "type": "Point", "coordinates": [ -87.427349467076766, 36.430039 ] } },
{ "type": "Feature", "properties": { "county_nam": "Montgomery", "county_norm": "MONTGOMERY", "prec_id": "006478", "precinct_name": "Montgomery - 006478", "precinct_norm": "MONTGOMERY - 006478", "id": 1404 }, "geometry": { "type": "Point", "coordinates": [ -87.309075853358337, 36.538412 ] } },
{ "type": "Feature", "properties": { "county_nam": "Cumberland", "county_norm": "CUMBERLAND", "prec_id": "001703", "precinct_name": "Cumberland - 001703", "precinct_norm": "CUMBERLAND - 001703", "id": 1405 }, "geometry": { "type": "Point", "coordinates": [ -84.938849328903643, 35.9779515 ] } },
{ "type": "Feature", "properties": { "county_nam": "Cumberland", "county_norm": "CUMBERLAND", "prec_id": "001712", "precinct_name": "Cumberland - 001712", "precinct_norm": "CUMBERLAND - 001712", "id": 1406 }, "geometry": { "type": "Point", "coordinates": [ -85.142275718326758, 35.8794845 ] } },
{ "type": "Feature", "properties": { "county_nam": "Cumberland", "county_norm": "CUMBERLAND", "prec_id": "001710", "precinct_name": "Cumberland - 001710", "precinct_norm": "CUMBERLAND - 001710", "id": 1407 }, "geometry": { "type": "Point", "coordinates": [ -84.885119098749954, 35.830612 ] } },
{ "type": "Feature", "properties": { "county_nam": "Carroll", "county_norm": "CARROLL", "prec_id": "000813", "precinct_name": "Carroll - 000813", "precinct_norm": "CARROLL - 000813", "id": 1408 }, "geometry": { "type": "Point", "coordinates": [ -88.31908009421096, 35.9100885 ] } },
{ "type": "Feature", "properties": { "county_nam": "Wilson", "county_norm": "WILSON", "prec_id": "009831", "precinct_name": "Wilson - 009831", "precinct_norm": "WILSON - 009831", "id": 1409 }, "geometry": { "type": "Point", "coordinates": [ -86.310291583906178, 36.2069565 ] } },
{ "type": "Feature", "properties": { "county_nam": "Wilson", "county_norm": "WILSON", "prec_id": "009815", "precinct_name": "Wilson - 009815", "precinct_norm": "WILSON - 009815", "id": 1410 }, "geometry": { "type": "Point", "coordinates": [ -86.472986423454003, 36.162772 ] } },
{ "type": "Feature", "properties": { "county_nam": "Wilson", "county_norm": "WILSON", "prec_id": "009812", "precinct_name": "Wilson - 009812", "precinct_norm": "WILSON - 009812", "id": 1411 }, "geometry": { "type": "Point", "coordinates": [ -86.117892356759214, 36.016815 ] } },
{ "type": "Feature", "properties": { "county_nam": "Shelby", "county_norm": "SHELBY", "prec_id": "008267", "precinct_name": "Shelby - 008267", "precinct_norm": "SHELBY - 008267", "id": 1412 }, "geometry": { "type": "Point", "coordinates": [ -89.813096403433093, 35.000458 ] } },
{ "type": "Feature", "properties": { "county_nam": "Shelby", "county_norm": "SHELBY", "prec_id": "008257", "precinct_name": "Shelby - 008257", "precinct_norm": "SHELBY - 008257", "id": 1413 }, "geometry": { "type": "Point", "coordinates": [ -89.786706160955703, 35.1684635 ] } },
{ "type": "Feature", "properties": { "county_nam": "Shelby", "county_norm": "SHELBY", "prec_id": "008100", "precinct_name": "Shelby - 008100", "precinct_norm": "SHELBY - 008100", "id": 1414 }, "geometry": { "type": "Point", "coordinates": [ -90.08597908924952, 35.27494 ] } },
{ "type": "Feature", "properties": { "county_nam": "Roane", "county_norm": "ROANE", "prec_id": "007451", "precinct_name": "Roane - 007451", "precinct_norm": "ROANE - 007451", "id": 1415 }, "geometry": { "type": "Point", "coordinates": [ -84.414771502302131, 35.8010125 ] } },
{ "type": "Feature", "properties": { "county_nam": "Scott", "county_norm": "SCOTT", "prec_id": "007758", "precinct_name": "Scott - 007758", "precinct_norm": "SCOTT - 007758", "id": 1416 }, "geometry": { "type": "Point", "coordinates": [ -84.636513456141344, 36.342987 ] } },
{ "type": "Feature", "properties": { "county_nam": "Franklin", "county_norm": "FRANKLIN", "prec_id": "002658", "precinct_name": "Franklin - 002658", "precinct_norm": "FRANKLIN - 002658", "id": 1417 }, "geometry": { "type": "Point", "coordinates": [ -86.079516020607372, 35.1263885 ] } },
{ "type": "Feature", "properties": { "county_nam": "Wilson", "county_norm": "WILSON", "prec_id": "009804", "precinct_name": "Wilson - 009804", "precinct_norm": "WILSON - 009804", "id": 1418 }, "geometry": { "type": "Point", "coordinates": [ -86.467031349111465, 36.2733885 ] } },
{ "type": "Feature", "properties": { "county_nam": "Wilson", "county_norm": "WILSON", "prec_id": "009807", "precinct_name": "Wilson - 009807", "precinct_norm": "WILSON - 009807", "id": 1419 }, "geometry": { "type": "Point", "coordinates": [ -86.230154783439502, 36.295065 ] } },
{ "type": "Feature", "properties": { "county_nam": "Wilson", "county_norm": "WILSON", "prec_id": "009828", "precinct_name": "Wilson - 009828", "precinct_norm": "WILSON - 009828", "id": 1420 }, "geometry": { "type": "Point", "coordinates": [ -86.242051097959234, 36.196926 ] } },
{ "type": "Feature", "properties": { "county_nam": "Wilson", "county_norm": "WILSON", "prec_id": "009825", "precinct_name": "Wilson - 009825", "precinct_norm": "WILSON - 009825", "id": 1421 }, "geometry": { "type": "Point", "coordinates": [ -86.301319582427269, 36.2374355 ] } },
{ "type": "Feature", "properties": { "county_nam": "Wilson", "county_norm": "WILSON", "prec_id": "009806", "precinct_name": "Wilson - 009806", "precinct_norm": "WILSON - 009806", "id": 1422 }, "geometry": { "type": "Point", "coordinates": [ -86.383567956351357, 36.2974635 ] } },
{ "type": "Feature", "properties": { "county_nam": "Trousdale", "county_norm": "TROUSDALE", "prec_id": "008806", "precinct_name": "Trousdale - 008806", "precinct_norm": "TROUSDALE - 008806", "id": 1423 }, "geometry": { "type": "Point", "coordinates": [ -86.252177185012584, 36.346181 ] } },
{ "type": "Feature", "properties": { "county_nam": "Trousdale", "county_norm": "TROUSDALE", "prec_id": "008802", "precinct_name": "Trousdale - 008802", "precinct_norm": "TROUSDALE - 008802", "id": 1424 }, "geometry": { "type": "Point", "coordinates": [ -86.066514328002484, 36.386839 ] } },
{ "type": "Feature", "properties": { "county_nam": "Cumberland", "county_norm": "CUMBERLAND", "prec_id": "001724", "precinct_name": "Cumberland - 001724", "precinct_norm": "CUMBERLAND - 001724", "id": 1425 }, "geometry": { "type": "Point", "coordinates": [ -85.010213798728586, 36.097413 ] } },
{ "type": "Feature", "properties": { "county_nam": "Scott", "county_norm": "SCOTT", "prec_id": "007756", "precinct_name": "Scott - 007756", "precinct_norm": "SCOTT - 007756", "id": 1426 }, "geometry": { "type": "Point", "coordinates": [ -84.505340155541703, 36.53148 ] } },
{ "type": "Feature", "properties": { "county_nam": "Anderson", "county_norm": "ANDERSON", "prec_id": "000004", "precinct_name": "Anderson - 000004", "precinct_norm": "ANDERSON - 000004", "id": 1427 }, "geometry": { "type": "Point", "coordinates": [ -84.106286152296562, 36.0718615 ] } },
{ "type": "Feature", "properties": { "county_nam": "Anderson", "county_norm": "ANDERSON", "prec_id": "000016", "precinct_name": "Anderson - 000016", "precinct_norm": "ANDERSON - 000016", "id": 1428 }, "geometry": { "type": "Point", "coordinates": [ -84.141511774083597, 36.1870435 ] } },
{ "type": "Feature", "properties": { "county_nam": "Anderson", "county_norm": "ANDERSON", "prec_id": "000006", "precinct_name": "Anderson - 000006", "precinct_norm": "ANDERSON - 000006", "id": 1429 }, "geometry": { "type": "Point", "coordinates": [ -84.174495745787439, 36.094851 ] } },
{ "type": "Feature", "properties": { "county_nam": "McMinn", "county_norm": "MCMINN", "prec_id": "006055", "precinct_name": "McMinn - 006055", "precinct_norm": "MCMINN - 006055", "id": 1430 }, "geometry": { "type": "Point", "coordinates": [ -84.581073253727453, 35.4580035 ] } },
{ "type": "Feature", "properties": { "county_nam": "Anderson", "county_norm": "ANDERSON", "prec_id": "000002", "precinct_name": "Anderson - 000002", "precinct_norm": "ANDERSON - 000002", "id": 1431 }, "geometry": { "type": "Point", "coordinates": [ -84.21677747536728, 36.163019 ] } },
{ "type": "Feature", "properties": { "county_nam": "Sumner", "county_norm": "SUMNER", "prec_id": "008627", "precinct_name": "Sumner - 008627", "precinct_norm": "SUMNER - 008627", "id": 1432 }, "geometry": { "type": "Point", "coordinates": [ -86.54995386324191, 36.458791 ] } },
{ "type": "Feature", "properties": { "county_nam": "Sumner", "county_norm": "SUMNER", "prec_id": "008623", "precinct_name": "Sumner - 008623", "precinct_norm": "SUMNER - 008623", "id": 1433 }, "geometry": { "type": "Point", "coordinates": [ -86.685231970758508, 36.3501775 ] } },
{ "type": "Feature", "properties": { "county_nam": "Warren", "county_norm": "WARREN", "prec_id": "009210", "precinct_name": "Warren - 009210", "precinct_norm": "WARREN - 009210", "id": 1434 }, "geometry": { "type": "Point", "coordinates": [ -85.662398185376659, 35.739599 ] } },
{ "type": "Feature", "properties": { "county_nam": "Shelby", "county_norm": "SHELBY", "prec_id": "008244", "precinct_name": "Shelby - 008244", "precinct_norm": "SHELBY - 008244", "id": 1435 }, "geometry": { "type": "Point", "coordinates": [ -89.885373153996113, 35.027711 ] } },
{ "type": "Feature", "properties": { "county_nam": "Warren", "county_norm": "WARREN", "prec_id": "009207", "precinct_name": "Warren - 009207", "precinct_norm": "WARREN - 009207", "id": 1436 }, "geometry": { "type": "Point", "coordinates": [ -85.732473709396331, 35.6883575 ] } },
{ "type": "Feature", "properties": { "county_nam": "Shelby", "county_norm": "SHELBY", "prec_id": "008083", "precinct_name": "Shelby - 008083", "precinct_norm": "SHELBY - 008083", "id": 1437 }, "geometry": { "type": "Point", "coordinates": [ -89.737559146058928, 35.014929 ] } },
{ "type": "Feature", "properties": { "county_nam": "Marion", "county_norm": "MARION", "prec_id": "005758", "precinct_name": "Marion - 005758", "precinct_norm": "MARION - 005758", "id": 1438 }, "geometry": { "type": "Point", "coordinates": [ -85.663730358388577, 35.0084955 ] } },
{ "type": "Feature", "properties": { "county_nam": "Marion", "county_norm": "MARION", "prec_id": "005752", "precinct_name": "Marion - 005752", "precinct_norm": "MARION - 005752", "id": 1439 }, "geometry": { "type": "Point", "coordinates": [ -85.652632804072539, 35.1970125 ] } },
{ "type": "Feature", "properties": { "county_nam": "Anderson", "county_norm": "ANDERSON", "prec_id": "000025", "precinct_name": "Anderson - 000025", "precinct_norm": "ANDERSON - 000025", "id": 1440 }, "geometry": { "type": "Point", "coordinates": [ -84.134742377510918, 36.080222 ] } },
{ "type": "Feature", "properties": { "county_nam": "Coffee", "county_norm": "COFFEE", "prec_id": "001503", "precinct_name": "Coffee - 001503", "precinct_norm": "COFFEE - 001503", "id": 1441 }, "geometry": { "type": "Point", "coordinates": [ -86.091606473795594, 35.438268 ] } },
{ "type": "Feature", "properties": { "county_nam": "Houston", "county_norm": "HOUSTON", "prec_id": "004301", "precinct_name": "Houston - 004301", "precinct_norm": "HOUSTON - 004301", "id": 1442 }, "geometry": { "type": "Point", "coordinates": [ -87.754837656866187, 36.3208735 ] } },
{ "type": "Feature", "properties": { "county_nam": "Rhea", "county_norm": "RHEA", "prec_id": "007354", "precinct_name": "Rhea - 007354", "precinct_norm": "RHEA - 007354", "id": 1443 }, "geometry": { "type": "Point", "coordinates": [ -84.823483394915414, 35.6377425 ] } },
{ "type": "Feature", "properties": { "county_nam": "Lincoln", "county_norm": "LINCOLN", "prec_id": "000016", "precinct_name": "Lincoln - 000016", "precinct_norm": "LINCOLN - 000016", "id": 1444 }, "geometry": { "type": "Point", "coordinates": [ -86.463163970878313, 35.2242465 ] } },
{ "type": "Feature", "properties": { "county_nam": "Lincoln", "county_norm": "LINCOLN", "prec_id": "000019", "precinct_name": "Lincoln - 000019", "precinct_norm": "LINCOLN - 000019", "id": 1445 }, "geometry": { "type": "Point", "coordinates": [ -86.498411120655192, 35.07112 ] } },
{ "type": "Feature", "properties": { "county_nam": "Haywood", "county_norm": "HAYWOOD", "prec_id": "003913", "precinct_name": "Haywood - 003913", "precinct_norm": "HAYWOOD - 003913", "id": 1446 }, "geometry": { "type": "Point", "coordinates": [ -89.19772178829561, 35.464296 ] } },
{ "type": "Feature", "properties": { "county_nam": "Coffee", "county_norm": "COFFEE", "prec_id": "001515", "precinct_name": "Coffee - 001515", "precinct_norm": "COFFEE - 001515", "id": 1447 }, "geometry": { "type": "Point", "coordinates": [ -86.220089882069146, 35.3885345 ] } },
{ "type": "Feature", "properties": { "county_nam": "Gibson", "county_norm": "GIBSON", "prec_id": "002755", "precinct_name": "Gibson - 002755", "precinct_norm": "GIBSON - 002755", "id": 1448 }, "geometry": { "type": "Point", "coordinates": [ -88.870649136412112, 35.8173605 ] } },
{ "type": "Feature", "properties": { "county_nam": "Jefferson", "county_norm": "JEFFERSON", "prec_id": "004606", "precinct_name": "Jefferson - 004606", "precinct_norm": "JEFFERSON - 004606", "id": 1449 }, "geometry": { "type": "Point", "coordinates": [ -83.486313982653186, 36.0641505 ] } },
{ "type": "Feature", "properties": { "county_nam": "Wilson", "county_norm": "WILSON", "prec_id": "009824", "precinct_name": "Wilson - 009824", "precinct_norm": "WILSON - 009824", "id": 1450 }, "geometry": { "type": "Point", "coordinates": [ -86.547722555097963, 36.286301 ] } },
{ "type": "Feature", "properties": { "county_nam": "Wilson", "county_norm": "WILSON", "prec_id": "009801", "precinct_name": "Wilson - 009801", "precinct_norm": "WILSON - 009801", "id": 1451 }, "geometry": { "type": "Point", "coordinates": [ -86.580756146673622, 36.236404 ] } },
{ "type": "Feature", "properties": { "county_nam": "Lake", "county_norm": "LAKE", "prec_id": "004951", "precinct_name": "Lake - 004951", "precinct_norm": "LAKE - 004951", "id": 1452 }, "geometry": { "type": "Point", "coordinates": [ -89.457297212769362, 36.4324945 ] } },
{ "type": "Feature", "properties": { "county_nam": "Loudon", "county_norm": "LOUDON", "prec_id": "005459", "precinct_name": "Loudon - 005459", "precinct_norm": "LOUDON - 005459", "id": 1453 }, "geometry": { "type": "Point", "coordinates": [ -84.283180615680038, 35.7163555 ] } },
{ "type": "Feature", "properties": { "county_nam": "Lincoln", "county_norm": "LINCOLN", "prec_id": "000002", "precinct_name": "Lincoln - 000002", "precinct_norm": "LINCOLN - 000002", "id": 1454 }, "geometry": { "type": "Point", "coordinates": [ -86.538511913193688, 35.2537095 ] } },
{ "type": "Feature", "properties": { "county_nam": "Lincoln", "county_norm": "LINCOLN", "prec_id": "000020", "precinct_name": "Lincoln - 000020", "precinct_norm": "LINCOLN - 000020", "id": 1455 }, "geometry": { "type": "Point", "coordinates": [ -86.662985845009487, 35.027569 ] } },
{ "type": "Feature", "properties": { "county_nam": "Shelby", "county_norm": "SHELBY", "prec_id": "008133", "precinct_name": "Shelby - 008133", "precinct_norm": "SHELBY - 008133", "id": 1456 }, "geometry": { "type": "Point", "coordinates": [ -89.936499112049134, 35.14177 ] } },
{ "type": "Feature", "properties": { "county_nam": "Shelby", "county_norm": "SHELBY", "prec_id": "008164", "precinct_name": "Shelby - 008164", "precinct_norm": "SHELBY - 008164", "id": 1457 }, "geometry": { "type": "Point", "coordinates": [ -90.020205509406821, 35.081244 ] } },
{ "type": "Feature", "properties": { "county_nam": "Shelby", "county_norm": "SHELBY", "prec_id": "008157", "precinct_name": "Shelby - 008157", "precinct_norm": "SHELBY - 008157", "id": 1458 }, "geometry": { "type": "Point", "coordinates": [ -89.910385533664396, 35.1221345 ] } },
{ "type": "Feature", "properties": { "county_nam": "Carroll", "county_norm": "CARROLL", "prec_id": "000815", "precinct_name": "Carroll - 000815", "precinct_norm": "CARROLL - 000815", "id": 1459 }, "geometry": { "type": "Point", "coordinates": [ -88.292438077570949, 36.033117 ] } },
{ "type": "Feature", "properties": { "county_nam": "Lawrence", "county_norm": "LAWRENCE", "prec_id": "005155", "precinct_name": "Lawrence - 005155", "precinct_norm": "LAWRENCE - 005155", "id": 1460 }, "geometry": { "type": "Point", "coordinates": [ -87.360908645683622, 35.173278 ] } },
{ "type": "Feature", "properties": { "county_nam": "Shelby", "county_norm": "SHELBY", "prec_id": "008200", "precinct_name": "Shelby - 008200", "precinct_norm": "SHELBY - 008200", "id": 1461 }, "geometry": { "type": "Point", "coordinates": [ -90.075691718509589, 35.0682525 ] } },
{ "type": "Feature", "properties": { "county_nam": "Robertson", "county_norm": "ROBERTSON", "prec_id": "007552", "precinct_name": "Robertson - 007552", "precinct_norm": "ROBERTSON - 007552", "id": 1462 }, "geometry": { "type": "Point", "coordinates": [ -86.667016559724843, 36.470115 ] } },
{ "type": "Feature", "properties": { "county_nam": "Unicoi", "county_norm": "UNICOI", "prec_id": "008908", "precinct_name": "Unicoi - 008908", "precinct_norm": "UNICOI - 008908", "id": 1463 }, "geometry": { "type": "Point", "coordinates": [ -82.555771240000468, 36.0236655 ] } },
{ "type": "Feature", "properties": { "county_nam": "Polk", "county_norm": "POLK", "prec_id": "007153", "precinct_name": "Polk - 007153", "precinct_norm": "POLK - 007153", "id": 1464 }, "geometry": { "type": "Point", "coordinates": [ -84.667111348744811, 35.1811495 ] } },
{ "type": "Feature", "properties": { "county_nam": "Marion", "county_norm": "MARION", "prec_id": "005756", "precinct_name": "Marion - 005756", "precinct_norm": "MARION - 005756", "id": 1465 }, "geometry": { "type": "Point", "coordinates": [ -85.784317772365256, 35.082292 ] } },
{ "type": "Feature", "properties": { "county_nam": "Sumner", "county_norm": "SUMNER", "prec_id": "008612", "precinct_name": "Sumner - 008612", "precinct_norm": "SUMNER - 008612", "id": 1466 }, "geometry": { "type": "Point", "coordinates": [ -86.577851327, 36.520851 ] } },
{ "type": "Feature", "properties": { "county_nam": "Shelby", "county_norm": "SHELBY", "prec_id": "008075", "precinct_name": "Shelby - 008075", "precinct_norm": "SHELBY - 008075", "id": 1467 }, "geometry": { "type": "Point", "coordinates": [ -89.695301986203418, 35.0885 ] } },
{ "type": "Feature", "properties": { "county_nam": "Shelby", "county_norm": "SHELBY", "prec_id": "008077", "precinct_name": "Shelby - 008077", "precinct_norm": "SHELBY - 008077", "id": 1468 }, "geometry": { "type": "Point", "coordinates": [ -89.816171026447449, 35.1676275 ] } },
{ "type": "Feature", "properties": { "county_nam": "Benton", "county_norm": "BENTON", "prec_id": "000205", "precinct_name": "Benton - 000205", "precinct_norm": "BENTON - 000205", "id": 1469 }, "geometry": { "type": "Point", "coordinates": [ -88.11162540360354, 36.0688035 ] } },
{ "type": "Feature", "properties": { "county_nam": "Decatur", "county_norm": "DECATUR", "prec_id": "002051", "precinct_name": "Decatur - 002051", "precinct_norm": "DECATUR - 002051", "id": 1470 }, "geometry": { "type": "Point", "coordinates": [ -88.216945415777332, 35.5028995 ] } },
{ "type": "Feature", "properties": { "county_nam": "Bedford", "county_norm": "BEDFORD", "prec_id": "000107", "precinct_name": "Bedford - 000107", "precinct_norm": "BEDFORD - 000107", "id": 1471 }, "geometry": { "type": "Point", "coordinates": [ -86.311501555971134, 35.434161 ] } },
{ "type": "Feature", "properties": { "county_nam": "Coffee", "county_norm": "COFFEE", "prec_id": "001519", "precinct_name": "Coffee - 001519", "precinct_norm": "COFFEE - 001519", "id": 1472 }, "geometry": { "type": "Point", "coordinates": [ -86.19546655440837, 35.352418 ] } },
{ "type": "Feature", "properties": { "county_nam": "Coffee", "county_norm": "COFFEE", "prec_id": "001516", "precinct_name": "Coffee - 001516", "precinct_norm": "COFFEE - 001516", "id": 1473 }, "geometry": { "type": "Point", "coordinates": [ -86.199879667165874, 35.39494 ] } },
{ "type": "Feature", "properties": { "county_nam": "Greene", "county_norm": "GREENE", "prec_id": "003066", "precinct_name": "Greene - 003066", "precinct_norm": "GREENE - 003066", "id": 1474 }, "geometry": { "type": "Point", "coordinates": [ -82.850021145418495, 36.1458045 ] } },
{ "type": "Feature", "properties": { "county_nam": "Polk", "county_norm": "POLK", "prec_id": "007155", "precinct_name": "Polk - 007155", "precinct_norm": "POLK - 007155", "id": 1475 }, "geometry": { "type": "Point", "coordinates": [ -84.483604141070856, 35.0316335 ] } },
{ "type": "Feature", "properties": { "county_nam": "Coffee", "county_norm": "COFFEE", "prec_id": "001504", "precinct_name": "Coffee - 001504", "precinct_norm": "COFFEE - 001504", "id": 1476 }, "geometry": { "type": "Point", "coordinates": [ -86.013128283230031, 35.4595725 ] } },
{ "type": "Feature", "properties": { "county_nam": "Hickman", "county_norm": "HICKMAN", "prec_id": "004204", "precinct_name": "Hickman - 004204", "precinct_norm": "HICKMAN - 004204", "id": 1477 }, "geometry": { "type": "Point", "coordinates": [ -87.326869892764236, 35.8886 ] } },
{ "type": "Feature", "properties": { "county_nam": "Davidson", "county_norm": "DAVIDSON", "prec_id": "001846", "precinct_name": "Davidson - 001846", "precinct_norm": "DAVIDSON - 001846", "id": 1478 }, "geometry": { "type": "Point", "coordinates": [ -86.705293785788513, 36.3220915 ] } },
{ "type": "Feature", "properties": { "county_nam": "Anderson", "county_norm": "ANDERSON", "prec_id": "000014", "precinct_name": "Anderson - 000014", "precinct_norm": "ANDERSON - 000014", "id": 1479 }, "geometry": { "type": "Point", "coordinates": [ -84.273714897808475, 36.023993 ] } },
{ "type": "Feature", "properties": { "county_nam": "Lincoln", "county_norm": "LINCOLN", "prec_id": "000009", "precinct_name": "Lincoln - 000009", "precinct_norm": "LINCOLN - 000009", "id": 1480 }, "geometry": { "type": "Point", "coordinates": [ -86.578541858962112, 35.0327145 ] } },
{ "type": "Feature", "properties": { "county_nam": "Shelby", "county_norm": "SHELBY", "prec_id": "008052", "precinct_name": "Shelby - 008052", "precinct_norm": "SHELBY - 008052", "id": 1481 }, "geometry": { "type": "Point", "coordinates": [ -89.68320151546996, 35.2552 ] } },
{ "type": "Feature", "properties": { "county_nam": "Shelby", "county_norm": "SHELBY", "prec_id": "008123", "precinct_name": "Shelby - 008123", "precinct_norm": "SHELBY - 008123", "id": 1482 }, "geometry": { "type": "Point", "coordinates": [ -90.006851387122055, 35.165777 ] } },
{ "type": "Feature", "properties": { "county_nam": "Lincoln", "county_norm": "LINCOLN", "prec_id": "000001", "precinct_name": "Lincoln - 000001", "precinct_norm": "LINCOLN - 000001", "id": 1483 }, "geometry": { "type": "Point", "coordinates": [ -86.571267985729378, 35.134026 ] } },
{ "type": "Feature", "properties": { "county_nam": "Lincoln", "county_norm": "LINCOLN", "prec_id": "000006", "precinct_name": "Lincoln - 000006", "precinct_norm": "LINCOLN - 000006", "id": 1484 }, "geometry": { "type": "Point", "coordinates": [ -86.363660211050728, 35.0252325 ] } },
{ "type": "Feature", "properties": { "county_nam": "Coffee", "county_norm": "COFFEE", "prec_id": "001510", "precinct_name": "Coffee - 001510", "precinct_norm": "COFFEE - 001510", "id": 1485 }, "geometry": { "type": "Point", "coordinates": [ -86.124386587592682, 35.546912 ] } },
{ "type": "Feature", "properties": { "county_nam": "Davidson", "county_norm": "DAVIDSON", "prec_id": "001961", "precinct_name": "Davidson - 001961", "precinct_norm": "DAVIDSON - 001961", "id": 1486 }, "geometry": { "type": "Point", "coordinates": [ -86.945341448397556, 36.047658 ] } },
{ "type": "Feature", "properties": { "county_nam": "Sumner", "county_norm": "SUMNER", "prec_id": "008621", "precinct_name": "Sumner - 008621", "precinct_norm": "SUMNER - 008621", "id": 1487 }, "geometry": { "type": "Point", "coordinates": [ -86.632567075874746, 36.2835925 ] } },
{ "type": "Feature", "properties": { "county_nam": "Loudon", "county_norm": "LOUDON", "prec_id": "005461", "precinct_name": "Loudon - 005461", "precinct_norm": "LOUDON - 005461", "id": 1488 }, "geometry": { "type": "Point", "coordinates": [ -84.272127839033971, 35.812193 ] } },
{ "type": "Feature", "properties": { "county_nam": "Jackson", "county_norm": "JACKSON", "prec_id": "004512", "precinct_name": "Jackson - 004512", "precinct_norm": "JACKSON - 004512", "id": 1489 }, "geometry": { "type": "Point", "coordinates": [ -85.544036954470258, 36.2712075 ] } },
{ "type": "Feature", "properties": { "county_nam": "Jackson", "county_norm": "JACKSON", "prec_id": "004507", "precinct_name": "Jackson - 004507", "precinct_norm": "JACKSON - 004507", "id": 1490 }, "geometry": { "type": "Point", "coordinates": [ -85.630510073475207, 36.3538285 ] } },
{ "type": "Feature", "properties": { "county_nam": "Marion", "county_norm": "MARION", "prec_id": "005763", "precinct_name": "Marion - 005763", "precinct_norm": "MARION - 005763", "id": 1491 }, "geometry": { "type": "Point", "coordinates": [ -85.585225306020817, 35.030517 ] } },
{ "type": "Feature", "properties": { "county_nam": "Haywood", "county_norm": "HAYWOOD", "prec_id": "003905", "precinct_name": "Haywood - 003905", "precinct_norm": "HAYWOOD - 003905", "id": 1492 }, "geometry": { "type": "Point", "coordinates": [ -89.406962825026298, 35.643833 ] } },
{ "type": "Feature", "properties": { "county_nam": "Van Buren", "county_norm": "VAN BUREN", "prec_id": "009107", "precinct_name": "Van Buren - 009107", "precinct_norm": "VAN BUREN - 009107", "id": 1493 }, "geometry": { "type": "Point", "coordinates": [ -85.562056105437861, 35.629014 ] } },
{ "type": "Feature", "properties": { "county_nam": "Hickman", "county_norm": "HICKMAN", "prec_id": "004201", "precinct_name": "Hickman - 004201", "precinct_norm": "HICKMAN - 004201", "id": 1494 }, "geometry": { "type": "Point", "coordinates": [ -87.488420599494759, 35.9317645 ] } },
{ "type": "Feature", "properties": { "county_nam": "Hickman", "county_norm": "HICKMAN", "prec_id": "004213", "precinct_name": "Hickman - 004213", "precinct_norm": "HICKMAN - 004213", "id": 1495 }, "geometry": { "type": "Point", "coordinates": [ -87.504038054794535, 35.81745 ] } },
{ "type": "Feature", "properties": { "county_nam": "Carter", "county_norm": "CARTER", "prec_id": "000910", "precinct_name": "Carter - 000910", "precinct_norm": "CARTER - 000910", "id": 1496 }, "geometry": { "type": "Point", "coordinates": [ -82.182608817878332, 36.33182 ] } },
{ "type": "Feature", "properties": { "county_nam": "Cumberland", "county_norm": "CUMBERLAND", "prec_id": "001723", "precinct_name": "Cumberland - 001723", "precinct_norm": "CUMBERLAND - 001723", "id": 1497 }, "geometry": { "type": "Point", "coordinates": [ -85.102733218994885, 35.8182695 ] } },
{ "type": "Feature", "properties": { "county_nam": "Carter", "county_norm": "CARTER", "prec_id": "000909", "precinct_name": "Carter - 000909", "precinct_norm": "CARTER - 000909", "id": 1498 }, "geometry": { "type": "Point", "coordinates": [ -82.146204546897536, 36.324362 ] } },
{ "type": "Feature", "properties": { "county_nam": "White", "county_norm": "WHITE", "prec_id": "009610", "precinct_name": "White - 009610", "precinct_norm": "WHITE - 009610", "id": 1499 }, "geometry": { "type": "Point", "coordinates": [ -85.496278081245094, 35.9145455 ] } },
{ "type": "Feature", "properties": { "county_nam": "White", "county_norm": "WHITE", "prec_id": "009607", "precinct_name": "White - 009607", "precinct_norm": "WHITE - 009607", "id": 1500 }, "geometry": { "type": "Point", "coordinates": [ -85.407987396020786, 35.9984815 ] } },
{ "type": "Feature", "properties": { "county_nam": "Davidson", "county_norm": "DAVIDSON", "prec_id": "001929", "precinct_name": "Davidson - 001929", "precinct_norm": "DAVIDSON - 001929", "id": 1501 }, "geometry": { "type": "Point", "coordinates": [ -86.661754766091349, 36.0902445 ] } },
{ "type": "Feature", "properties": { "county_nam": "Davidson", "county_norm": "DAVIDSON", "prec_id": "001829", "precinct_name": "Davidson - 001829", "precinct_norm": "DAVIDSON - 001829", "id": 1502 }, "geometry": { "type": "Point", "coordinates": [ -86.714983941149626, 36.1824125 ] } },
{ "type": "Feature", "properties": { "county_nam": "Davidson", "county_norm": "DAVIDSON", "prec_id": "001861", "precinct_name": "Davidson - 001861", "precinct_norm": "DAVIDSON - 001861", "id": 1503 }, "geometry": { "type": "Point", "coordinates": [ -86.638063543880378, 36.1283015 ] } },
{ "type": "Feature", "properties": { "county_nam": "Hamilton", "county_norm": "HAMILTON", "prec_id": "003452", "precinct_name": "Hamilton - 003452", "precinct_norm": "HAMILTON - 003452", "id": 1504 }, "geometry": { "type": "Point", "coordinates": [ -85.267845701805285, 35.020311 ] } },
{ "type": "Feature", "properties": { "county_nam": "Hamilton", "county_norm": "HAMILTON", "prec_id": "003354", "precinct_name": "Hamilton - 003354", "precinct_norm": "HAMILTON - 003354", "id": 1505 }, "geometry": { "type": "Point", "coordinates": [ -85.264055578803124, 35.0788345 ] } },
{ "type": "Feature", "properties": { "county_nam": "Union", "county_norm": "UNION", "prec_id": "009001", "precinct_name": "Union - 009001", "precinct_norm": "UNION - 009001", "id": 1506 }, "geometry": { "type": "Point", "coordinates": [ -83.71613990974879, 36.3161815 ] } },
{ "type": "Feature", "properties": { "county_nam": "Marion", "county_norm": "MARION", "prec_id": "005765", "precinct_name": "Marion - 005765", "precinct_norm": "MARION - 005765", "id": 1507 }, "geometry": { "type": "Point", "coordinates": [ -85.436255667928577, 35.135851 ] } },
{ "type": "Feature", "properties": { "county_nam": "Sumner", "county_norm": "SUMNER", "prec_id": "008618", "precinct_name": "Sumner - 008618", "precinct_norm": "SUMNER - 008618", "id": 1508 }, "geometry": { "type": "Point", "coordinates": [ -86.456548359035864, 36.353587 ] } },
{ "type": "Feature", "properties": { "county_nam": "Union", "county_norm": "UNION", "prec_id": "009006", "precinct_name": "Union - 009006", "precinct_norm": "UNION - 009006", "id": 1509 }, "geometry": { "type": "Point", "coordinates": [ -83.88436995463762, 36.198482 ] } },
{ "type": "Feature", "properties": { "county_nam": "Lauderdale", "county_norm": "LAUDERDALE", "prec_id": "005064", "precinct_name": "Lauderdale - 005064", "precinct_norm": "LAUDERDALE - 005064", "id": 1510 }, "geometry": { "type": "Point", "coordinates": [ -89.544258720637515, 35.6460715 ] } },
{ "type": "Feature", "properties": { "county_nam": "Lauderdale", "county_norm": "LAUDERDALE", "prec_id": "005053", "precinct_name": "Lauderdale - 005053", "precinct_norm": "LAUDERDALE - 005053", "id": 1511 }, "geometry": { "type": "Point", "coordinates": [ -89.495164045590329, 35.864406 ] } },
{ "type": "Feature", "properties": { "county_nam": "Sumner", "county_norm": "SUMNER", "prec_id": "008610", "precinct_name": "Sumner - 008610", "precinct_norm": "SUMNER - 008610", "id": 1512 }, "geometry": { "type": "Point", "coordinates": [ -86.493391333333335, 36.430374 ] } },
{ "type": "Feature", "properties": { "county_nam": "Knox", "county_norm": "KNOX", "prec_id": "004853", "precinct_name": "Knox - 004853", "precinct_norm": "KNOX - 004853", "id": 1513 }, "geometry": { "type": "Point", "coordinates": [ -84.077085251843982, 35.9508165 ] } },
{ "type": "Feature", "properties": { "county_nam": "Madison", "county_norm": "MADISON", "prec_id": "005655", "precinct_name": "Madison - 005655", "precinct_norm": "MADISON - 005655", "id": 1514 }, "geometry": { "type": "Point", "coordinates": [ -88.775831889633267, 35.6763705 ] } },
{ "type": "Feature", "properties": { "county_nam": "Madison", "county_norm": "MADISON", "prec_id": "005674", "precinct_name": "Madison - 005674", "precinct_norm": "MADISON - 005674", "id": 1515 }, "geometry": { "type": "Point", "coordinates": [ -88.836319899503252, 35.6594775 ] } },
{ "type": "Feature", "properties": { "county_nam": "Knox", "county_norm": "KNOX", "prec_id": "004892", "precinct_name": "Knox - 004892", "precinct_norm": "KNOX - 004892", "id": 1516 }, "geometry": { "type": "Point", "coordinates": [ -84.031448480598826, 36.0419565 ] } },
{ "type": "Feature", "properties": { "county_nam": "Washington", "county_norm": "WASHINGTON", "prec_id": "009319", "precinct_name": "Washington - 009319", "precinct_norm": "WASHINGTON - 009319", "id": 1517 }, "geometry": { "type": "Point", "coordinates": [ -82.580304188631857, 36.3873225 ] } },
{ "type": "Feature", "properties": { "county_nam": "Washington", "county_norm": "WASHINGTON", "prec_id": "009314", "precinct_name": "Washington - 009314", "precinct_norm": "WASHINGTON - 009314", "id": 1518 }, "geometry": { "type": "Point", "coordinates": [ -82.371002857852631, 36.2922085 ] } },
{ "type": "Feature", "properties": { "county_nam": "Washington", "county_norm": "WASHINGTON", "prec_id": "009328", "precinct_name": "Washington - 009328", "precinct_norm": "WASHINGTON - 009328", "id": 1519 }, "geometry": { "type": "Point", "coordinates": [ -82.340658065532523, 36.376694 ] } },
{ "type": "Feature", "properties": { "county_nam": "Washington", "county_norm": "WASHINGTON", "prec_id": "009334", "precinct_name": "Washington - 009334", "precinct_norm": "WASHINGTON - 009334", "id": 1520 }, "geometry": { "type": "Point", "coordinates": [ -82.413028143893754, 36.375104 ] } },
{ "type": "Feature", "properties": { "county_nam": "Carter", "county_norm": "CARTER", "prec_id": "000921", "precinct_name": "Carter - 000921", "precinct_norm": "CARTER - 000921", "id": 1521 }, "geometry": { "type": "Point", "coordinates": [ -82.016634106895765, 36.4625795 ] } },
{ "type": "Feature", "properties": { "county_nam": "Madison", "county_norm": "MADISON", "prec_id": "005665", "precinct_name": "Madison - 005665", "precinct_norm": "MADISON - 005665", "id": 1522 }, "geometry": { "type": "Point", "coordinates": [ -88.677273277173086, 35.556917 ] } },
{ "type": "Feature", "properties": { "county_nam": "Madison", "county_norm": "MADISON", "prec_id": "005668", "precinct_name": "Madison - 005668", "precinct_norm": "MADISON - 005668", "id": 1523 }, "geometry": { "type": "Point", "coordinates": [ -88.665387087015844, 35.736675 ] } },
{ "type": "Feature", "properties": { "county_nam": "Tipton", "county_norm": "TIPTON", "prec_id": "008707", "precinct_name": "Tipton - 008707", "precinct_norm": "TIPTON - 008707", "id": 1524 }, "geometry": { "type": "Point", "coordinates": [ -89.81343139209693, 35.4503705 ] } },
{ "type": "Feature", "properties": { "county_nam": "Washington", "county_norm": "WASHINGTON", "prec_id": "009310", "precinct_name": "Washington - 009310", "precinct_norm": "WASHINGTON - 009310", "id": 1525 }, "geometry": { "type": "Point", "coordinates": [ -82.493677392867312, 36.1788645 ] } },
{ "type": "Feature", "properties": { "county_nam": "Hamblen", "county_norm": "HAMBLEN", "prec_id": "003266", "precinct_name": "Hamblen - 003266", "precinct_norm": "HAMBLEN - 003266", "id": 1526 }, "geometry": { "type": "Point", "coordinates": [ -83.302148667344312, 36.1595485 ] } },
{ "type": "Feature", "properties": { "county_nam": "Cocke", "county_norm": "COCKE", "prec_id": "001406", "precinct_name": "Cocke - 001406", "precinct_norm": "COCKE - 001406", "id": 1527 }, "geometry": { "type": "Point", "coordinates": [ -83.184451750369462, 35.9295195 ] } },
{ "type": "Feature", "properties": { "county_nam": "Rutherford", "county_norm": "RUTHERFORD", "prec_id": "007678", "precinct_name": "Rutherford - 007678", "precinct_norm": "RUTHERFORD - 007678", "id": 1528 }, "geometry": { "type": "Point", "coordinates": [ -86.447847037007875, 35.833124 ] } },
{ "type": "Feature", "properties": { "county_nam": "Rutherford", "county_norm": "RUTHERFORD", "prec_id": "007671", "precinct_name": "Rutherford - 007671", "precinct_norm": "RUTHERFORD - 007671", "id": 1529 }, "geometry": { "type": "Point", "coordinates": [ -86.592957728304498, 35.9826785 ] } },
{ "type": "Feature", "properties": { "county_nam": "Washington", "county_norm": "WASHINGTON", "prec_id": "009331", "precinct_name": "Washington - 009331", "precinct_norm": "WASHINGTON - 009331", "id": 1530 }, "geometry": { "type": "Point", "coordinates": [ -82.347605439658864, 36.310036 ] } },
{ "type": "Feature", "properties": { "county_nam": "Grainger", "county_norm": "GRAINGER", "prec_id": "002959", "precinct_name": "Grainger - 002959", "precinct_norm": "GRAINGER - 002959", "id": 1531 }, "geometry": { "type": "Point", "coordinates": [ -83.338050992890444, 36.312603 ] } },
{ "type": "Feature", "properties": { "county_nam": "Williamson", "county_norm": "WILLIAMSON", "prec_id": "009711", "precinct_name": "Williamson - 009711", "precinct_norm": "WILLIAMSON - 009711", "id": 1532 }, "geometry": { "type": "Point", "coordinates": [ -86.881855522630929, 35.745245 ] } },
{ "type": "Feature", "properties": { "county_nam": "Williamson", "county_norm": "WILLIAMSON", "prec_id": "009720", "precinct_name": "Williamson - 009720", "precinct_norm": "WILLIAMSON - 009720", "id": 1533 }, "geometry": { "type": "Point", "coordinates": [ -86.72011507529362, 35.998241 ] } },
{ "type": "Feature", "properties": { "county_nam": "Williamson", "county_norm": "WILLIAMSON", "prec_id": "009718", "precinct_name": "Williamson - 009718", "precinct_norm": "WILLIAMSON - 009718", "id": 1534 }, "geometry": { "type": "Point", "coordinates": [ -86.704953408539268, 35.929433 ] } },
{ "type": "Feature", "properties": { "county_nam": "Carter", "county_norm": "CARTER", "prec_id": "000911", "precinct_name": "Carter - 000911", "precinct_norm": "CARTER - 000911", "id": 1535 }, "geometry": { "type": "Point", "coordinates": [ -82.210045582013564, 36.3117695 ] } },
{ "type": "Feature", "properties": { "county_nam": "Carter", "county_norm": "CARTER", "prec_id": "000904", "precinct_name": "Carter - 000904", "precinct_norm": "CARTER - 000904", "id": 1536 }, "geometry": { "type": "Point", "coordinates": [ -82.25194392283737, 36.334237 ] } },
{ "type": "Feature", "properties": { "county_nam": "Claiborne", "county_norm": "CLAIBORNE", "prec_id": "001209", "precinct_name": "Claiborne - 001209", "precinct_norm": "CLAIBORNE - 001209", "id": 1537 }, "geometry": { "type": "Point", "coordinates": [ -83.683653314946156, 36.577829 ] } },
{ "type": "Feature", "properties": { "county_nam": "Blount", "county_norm": "BLOUNT", "prec_id": "000424", "precinct_name": "Blount - 000424", "precinct_norm": "BLOUNT - 000424", "id": 1538 }, "geometry": { "type": "Point", "coordinates": [ -83.871100951059006, 35.757464 ] } },
{ "type": "Feature", "properties": { "county_nam": "Claiborne", "county_norm": "CLAIBORNE", "prec_id": "001201", "precinct_name": "Claiborne - 001201", "precinct_norm": "CLAIBORNE - 001201", "id": 1539 }, "geometry": { "type": "Point", "coordinates": [ -83.703059611777547, 36.5235505 ] } },
{ "type": "Feature", "properties": { "county_nam": "Sullivan", "county_norm": "SULLIVAN", "prec_id": "008514", "precinct_name": "Sullivan - 008514", "precinct_norm": "SULLIVAN - 008514", "id": 1540 }, "geometry": { "type": "Point", "coordinates": [ -82.285349463742278, 36.485556 ] } },
{ "type": "Feature", "properties": { "county_nam": "Blount", "county_norm": "BLOUNT", "prec_id": "000415", "precinct_name": "Blount - 000415", "precinct_norm": "BLOUNT - 000415", "id": 1541 }, "geometry": { "type": "Point", "coordinates": [ -84.141412720534348, 35.69986 ] } },
{ "type": "Feature", "properties": { "county_nam": "Blount", "county_norm": "BLOUNT", "prec_id": "000435", "precinct_name": "Blount - 000435", "precinct_norm": "BLOUNT - 000435", "id": 1542 }, "geometry": { "type": "Point", "coordinates": [ -83.963144338461547, 35.598349 ] } },
{ "type": "Feature", "properties": { "county_nam": "Davidson", "county_norm": "DAVIDSON", "prec_id": "001817", "precinct_name": "Davidson - 001817", "precinct_norm": "DAVIDSON - 001817", "id": 1543 }, "geometry": { "type": "Point", "coordinates": [ -86.762974084999598, 36.04102 ] } },
{ "type": "Feature", "properties": { "county_nam": "Davidson", "county_norm": "DAVIDSON", "prec_id": "001942", "precinct_name": "Davidson - 001942", "precinct_norm": "DAVIDSON - 001942", "id": 1544 }, "geometry": { "type": "Point", "coordinates": [ -86.695633423051191, 36.020343 ] } },
{ "type": "Feature", "properties": { "county_nam": "Johnson", "county_norm": "JOHNSON", "prec_id": "004701", "precinct_name": "Johnson - 004701", "precinct_norm": "JOHNSON - 004701", "id": 1545 }, "geometry": { "type": "Point", "coordinates": [ -81.745201482355782, 36.4793175 ] } },
{ "type": "Feature", "properties": { "county_nam": "Putnam", "county_norm": "PUTNAM", "prec_id": "007268", "precinct_name": "Putnam - 007268", "precinct_norm": "PUTNAM - 007268", "id": 1546 }, "geometry": { "type": "Point", "coordinates": [ -85.625884863588354, 36.0692255 ] } },
{ "type": "Feature", "properties": { "county_nam": "Johnson", "county_norm": "JOHNSON", "prec_id": "004702", "precinct_name": "Johnson - 004702", "precinct_norm": "JOHNSON - 004702", "id": 1547 }, "geometry": { "type": "Point", "coordinates": [ -81.992601867665456, 36.3816175 ] } },
{ "type": "Feature", "properties": { "county_nam": "Johnson", "county_norm": "JOHNSON", "prec_id": "004707", "precinct_name": "Johnson - 004707", "precinct_norm": "JOHNSON - 004707", "id": 1548 }, "geometry": { "type": "Point", "coordinates": [ -81.80070047049243, 36.4634855 ] } },
{ "type": "Feature", "properties": { "county_nam": "Grundy", "county_norm": "GRUNDY", "prec_id": "003157", "precinct_name": "Grundy - 003157", "precinct_norm": "GRUNDY - 003157", "id": 1549 }, "geometry": { "type": "Point", "coordinates": [ -85.857617202812023, 35.310066 ] } },
{ "type": "Feature", "properties": { "county_nam": "Grundy", "county_norm": "GRUNDY", "prec_id": "003160", "precinct_name": "Grundy - 003160", "precinct_norm": "GRUNDY - 003160", "id": 1550 }, "geometry": { "type": "Point", "coordinates": [ -85.699702100909093, 35.327613 ] } },
{ "type": "Feature", "properties": { "county_nam": "Cannon", "county_norm": "CANNON", "prec_id": "000706", "precinct_name": "Cannon - 000706", "precinct_norm": "CANNON - 000706", "id": 1551 }, "geometry": { "type": "Point", "coordinates": [ -86.110070797019802, 35.9226015 ] } },
{ "type": "Feature", "properties": { "county_nam": "Cannon", "county_norm": "CANNON", "prec_id": "000701", "precinct_name": "Cannon - 000701", "precinct_norm": "CANNON - 000701", "id": 1552 }, "geometry": { "type": "Point", "coordinates": [ -86.120945159263727, 35.774151 ] } },
{ "type": "Feature", "properties": { "county_nam": "Williamson", "county_norm": "WILLIAMSON", "prec_id": "009724", "precinct_name": "Williamson - 009724", "precinct_norm": "WILLIAMSON - 009724", "id": 1553 }, "geometry": { "type": "Point", "coordinates": [ -86.762018134981162, 36.0128695 ] } },
{ "type": "Feature", "properties": { "county_nam": "Sevier", "county_norm": "SEVIER", "prec_id": "007954", "precinct_name": "Sevier - 007954", "precinct_norm": "SEVIER - 007954", "id": 1554 }, "geometry": { "type": "Point", "coordinates": [ -83.463118998028676, 35.8851485 ] } },
{ "type": "Feature", "properties": { "county_nam": "White", "county_norm": "WHITE", "prec_id": "009609", "precinct_name": "White - 009609", "precinct_norm": "WHITE - 009609", "id": 1555 }, "geometry": { "type": "Point", "coordinates": [ -85.456585412838137, 35.904651 ] } },
{ "type": "Feature", "properties": { "county_nam": "Putnam", "county_norm": "PUTNAM", "prec_id": "007265", "precinct_name": "Putnam - 007265", "precinct_norm": "PUTNAM - 007265", "id": 1556 }, "geometry": { "type": "Point", "coordinates": [ -85.585968224674048, 36.190185 ] } },
{ "type": "Feature", "properties": { "county_nam": "Putnam", "county_norm": "PUTNAM", "prec_id": "007275", "precinct_name": "Putnam - 007275", "precinct_norm": "PUTNAM - 007275", "id": 1557 }, "geometry": { "type": "Point", "coordinates": [ -85.405239087626938, 36.137948 ] } },
{ "type": "Feature", "properties": { "county_nam": "Hawkins", "county_norm": "HAWKINS", "prec_id": "003818", "precinct_name": "Hawkins - 003818", "precinct_norm": "HAWKINS - 003818", "id": 1558 }, "geometry": { "type": "Point", "coordinates": [ -83.093915903304776, 36.49418 ] } },
{ "type": "Feature", "properties": { "county_nam": "Putnam", "county_norm": "PUTNAM", "prec_id": "007252", "precinct_name": "Putnam - 007252", "precinct_norm": "PUTNAM - 007252", "id": 1559 }, "geometry": { "type": "Point", "coordinates": [ -85.44596520220847, 36.1948185 ] } },
{ "type": "Feature", "properties": { "county_nam": "Hamilton", "county_norm": "HAMILTON", "prec_id": "003441", "precinct_name": "Hamilton - 003441", "precinct_norm": "HAMILTON - 003441", "id": 1560 }, "geometry": { "type": "Point", "coordinates": [ -85.105338696965703, 35.056587 ] } },
{ "type": "Feature", "properties": { "county_nam": "Hamilton", "county_norm": "HAMILTON", "prec_id": "003472", "precinct_name": "Hamilton - 003472", "precinct_norm": "HAMILTON - 003472", "id": 1561 }, "geometry": { "type": "Point", "coordinates": [ -85.313149951788972, 35.159884 ] } },
{ "type": "Feature", "properties": { "county_nam": "Grainger", "county_norm": "GRAINGER", "prec_id": "002955", "precinct_name": "Grainger - 002955", "precinct_norm": "GRAINGER - 002955", "id": 1562 }, "geometry": { "type": "Point", "coordinates": [ -83.706889039619199, 36.16524 ] } },
{ "type": "Feature", "properties": { "county_nam": "Knox", "county_norm": "KNOX", "prec_id": "004848", "precinct_name": "Knox - 004848", "precinct_norm": "KNOX - 004848", "id": 1563 }, "geometry": { "type": "Point", "coordinates": [ -84.076019161400666, 35.9930915 ] } },
{ "type": "Feature", "properties": { "county_nam": "Knox", "county_norm": "KNOX", "prec_id": "004818", "precinct_name": "Knox - 004818", "precinct_norm": "KNOX - 004818", "id": 1564 }, "geometry": { "type": "Point", "coordinates": [ -83.785479443549178, 36.0332825 ] } },
{ "type": "Feature", "properties": { "county_nam": "Knox", "county_norm": "KNOX", "prec_id": "004894", "precinct_name": "Knox - 004894", "precinct_norm": "KNOX - 004894", "id": 1565 }, "geometry": { "type": "Point", "coordinates": [ -83.970334288693834, 35.98435 ] } },
{ "type": "Feature", "properties": { "county_nam": "Claiborne", "county_norm": "CLAIBORNE", "prec_id": "001212", "precinct_name": "Claiborne - 001212", "precinct_norm": "CLAIBORNE - 001212", "id": 1566 }, "geometry": { "type": "Point", "coordinates": [ -83.465332454466846, 36.5208515 ] } },
{ "type": "Feature", "properties": { "county_nam": "Chester", "county_norm": "CHESTER", "prec_id": "001104", "precinct_name": "Chester - 001104", "precinct_norm": "CHESTER - 001104", "id": 1567 }, "geometry": { "type": "Point", "coordinates": [ -88.540714680715325, 35.405494 ] } },
{ "type": "Feature", "properties": { "county_nam": "Chester", "county_norm": "CHESTER", "prec_id": "001107", "precinct_name": "Chester - 001107", "precinct_norm": "CHESTER - 001107", "id": 1568 }, "geometry": { "type": "Point", "coordinates": [ -88.497479583434284, 35.4811165 ] } },
{ "type": "Feature", "properties": { "county_nam": "Chester", "county_norm": "CHESTER", "prec_id": "001106", "precinct_name": "Chester - 001106", "precinct_norm": "CHESTER - 001106", "id": 1569 }, "geometry": { "type": "Point", "coordinates": [ -88.648841516761621, 35.4237295 ] } },
{ "type": "Feature", "properties": { "county_nam": "Chester", "county_norm": "CHESTER", "prec_id": "001101", "precinct_name": "Chester - 001101", "precinct_norm": "CHESTER - 001101", "id": 1570 }, "geometry": { "type": "Point", "coordinates": [ -88.593585750913988, 35.517632 ] } },
{ "type": "Feature", "properties": { "county_nam": "Bledsoe", "county_norm": "BLEDSOE", "prec_id": "000303", "precinct_name": "Bledsoe - 000303", "precinct_norm": "BLEDSOE - 000303", "id": 1571 }, "geometry": { "type": "Point", "coordinates": [ -85.136557285703361, 35.6433015 ] } },
{ "type": "Feature", "properties": { "county_nam": "Campbell", "county_norm": "CAMPBELL", "prec_id": "000621", "precinct_name": "Campbell - 000621", "precinct_norm": "CAMPBELL - 000621", "id": 1572 }, "geometry": { "type": "Point", "coordinates": [ -84.130622265652704, 36.5638765 ] } },
{ "type": "Feature", "properties": { "county_nam": "Rutherford", "county_norm": "RUTHERFORD", "prec_id": "007651", "precinct_name": "Rutherford - 007651", "precinct_norm": "RUTHERFORD - 007651", "id": 1573 }, "geometry": { "type": "Point", "coordinates": [ -86.533236814072154, 36.0518565 ] } },
{ "type": "Feature", "properties": { "county_nam": "Bledsoe", "county_norm": "BLEDSOE", "prec_id": "000312", "precinct_name": "Bledsoe - 000312", "precinct_norm": "BLEDSOE - 000312", "id": 1574 }, "geometry": { "type": "Point", "coordinates": [ -85.128699924951036, 35.5650615 ] } },
{ "type": "Feature", "properties": { "county_nam": "Campbell", "county_norm": "CAMPBELL", "prec_id": "000613", "precinct_name": "Campbell - 000613", "precinct_norm": "CAMPBELL - 000613", "id": 1575 }, "geometry": { "type": "Point", "coordinates": [ -84.186268359906165, 36.259644 ] } },
{ "type": "Feature", "properties": { "county_nam": "Williamson", "county_norm": "WILLIAMSON", "prec_id": "009729", "precinct_name": "Williamson - 009729", "precinct_norm": "WILLIAMSON - 009729", "id": 1576 }, "geometry": { "type": "Point", "coordinates": [ -86.95422504371362, 35.9924785 ] } },
{ "type": "Feature", "properties": { "county_nam": "Hamilton", "county_norm": "HAMILTON", "prec_id": "003412", "precinct_name": "Hamilton - 003412", "precinct_norm": "HAMILTON - 003412", "id": 1577 }, "geometry": { "type": "Point", "coordinates": [ -85.221344436365968, 35.1523645 ] } },
{ "type": "Feature", "properties": { "county_nam": "Hamilton", "county_norm": "HAMILTON", "prec_id": "003358", "precinct_name": "Hamilton - 003358", "precinct_norm": "HAMILTON - 003358", "id": 1578 }, "geometry": { "type": "Point", "coordinates": [ -85.2604895163973, 35.0620705 ] } },
{ "type": "Feature", "properties": { "county_nam": "Carter", "county_norm": "CARTER", "prec_id": "000906", "precinct_name": "Carter - 000906", "precinct_norm": "CARTER - 000906", "id": 1579 }, "geometry": { "type": "Point", "coordinates": [ -82.163623800897, 36.3656535 ] } },
{ "type": "Feature", "properties": { "county_nam": "Carter", "county_norm": "CARTER", "prec_id": "000918", "precinct_name": "Carter - 000918", "precinct_norm": "CARTER - 000918", "id": 1580 }, "geometry": { "type": "Point", "coordinates": [ -82.191284612666195, 36.217209 ] } },
{ "type": "Feature", "properties": { "county_nam": "Hamilton", "county_norm": "HAMILTON", "prec_id": "003404", "precinct_name": "Hamilton - 003404", "precinct_norm": "HAMILTON - 003404", "id": 1581 }, "geometry": { "type": "Point", "coordinates": [ -85.157676131281107, 35.170506 ] } },
{ "type": "Feature", "properties": { "county_nam": "Hamilton", "county_norm": "HAMILTON", "prec_id": "003469", "precinct_name": "Hamilton - 003469", "precinct_norm": "HAMILTON - 003469", "id": 1582 }, "geometry": { "type": "Point", "coordinates": [ -85.160630650131665, 35.064708 ] } },
{ "type": "Feature", "properties": { "county_nam": "Rhea", "county_norm": "RHEA", "prec_id": "007359", "precinct_name": "Rhea - 007359", "precinct_norm": "RHEA - 007359", "id": 1583 }, "geometry": { "type": "Point", "coordinates": [ -84.93643722979607, 35.486921 ] } },
{ "type": "Feature", "properties": { "county_nam": "Rhea", "county_norm": "RHEA", "prec_id": "007360", "precinct_name": "Rhea - 007360", "precinct_norm": "RHEA - 007360", "id": 1584 }, "geometry": { "type": "Point", "coordinates": [ -85.016923999062499, 35.4537155 ] } },
{ "type": "Feature", "properties": { "county_nam": "Hardin", "county_norm": "HARDIN", "prec_id": "003714", "precinct_name": "Hardin - 003714", "precinct_norm": "HARDIN - 003714", "id": 1585 }, "geometry": { "type": "Point", "coordinates": [ -88.244315889192364, 35.036008 ] } },
{ "type": "Feature", "properties": { "county_nam": "Giles", "county_norm": "GILES", "prec_id": "002861", "precinct_name": "Giles - 002861", "precinct_norm": "GILES - 002861", "id": 1586 }, "geometry": { "type": "Point", "coordinates": [ -87.074874849880075, 35.2134465 ] } },
{ "type": "Feature", "properties": { "county_nam": "Rutherford", "county_norm": "RUTHERFORD", "prec_id": "007667", "precinct_name": "Rutherford - 007667", "precinct_norm": "RUTHERFORD - 007667", "id": 1587 }, "geometry": { "type": "Point", "coordinates": [ -86.471688656410038, 35.694336 ] } },
{ "type": "Feature", "properties": { "county_nam": "Knox", "county_norm": "KNOX", "prec_id": "004880", "precinct_name": "Knox - 004880", "precinct_norm": "KNOX - 004880", "id": 1588 }, "geometry": { "type": "Point", "coordinates": [ -83.936737010966539, 36.041455 ] } },
{ "type": "Feature", "properties": { "county_nam": "Knox", "county_norm": "KNOX", "prec_id": "004890", "precinct_name": "Knox - 004890", "precinct_norm": "KNOX - 004890", "id": 1589 }, "geometry": { "type": "Point", "coordinates": [ -84.039002740041383, 36.0901305 ] } },
{ "type": "Feature", "properties": { "county_nam": "Knox", "county_norm": "KNOX", "prec_id": "004857", "precinct_name": "Knox - 004857", "precinct_norm": "KNOX - 004857", "id": 1590 }, "geometry": { "type": "Point", "coordinates": [ -83.99411819965988, 35.9734715 ] } },
{ "type": "Feature", "properties": { "county_nam": "Knox", "county_norm": "KNOX", "prec_id": "004861", "precinct_name": "Knox - 004861", "precinct_norm": "KNOX - 004861", "id": 1591 }, "geometry": { "type": "Point", "coordinates": [ -83.939957885315991, 35.9660135 ] } },
{ "type": "Feature", "properties": { "county_nam": "Hancock", "county_norm": "HANCOCK", "prec_id": "000001", "precinct_name": "Hancock - 000001", "precinct_norm": "HANCOCK - 000001", "id": 1592 }, "geometry": { "type": "Point", "coordinates": [ -83.277664745696953, 36.4458705 ] } },
{ "type": "Feature", "properties": { "county_nam": "Hancock", "county_norm": "HANCOCK", "prec_id": "000003", "precinct_name": "Hancock - 000003", "precinct_norm": "HANCOCK - 000003", "id": 1593 }, "geometry": { "type": "Point", "coordinates": [ -83.223484264204288, 36.554884 ] } },
{ "type": "Feature", "properties": { "county_nam": "Knox", "county_norm": "KNOX", "prec_id": "004846", "precinct_name": "Knox - 004846", "precinct_norm": "KNOX - 004846", "id": 1594 }, "geometry": { "type": "Point", "coordinates": [ -84.181733547776091, 35.9654915 ] } },
{ "type": "Feature", "properties": { "county_nam": "Rutherford", "county_norm": "RUTHERFORD", "prec_id": "007661", "precinct_name": "Rutherford - 007661", "precinct_norm": "RUTHERFORD - 007661", "id": 1595 }, "geometry": { "type": "Point", "coordinates": [ -86.284353312644811, 35.729294 ] } },
{ "type": "Feature", "properties": { "county_nam": "Madison", "county_norm": "MADISON", "prec_id": "005663", "precinct_name": "Madison - 005663", "precinct_norm": "MADISON - 005663", "id": 1596 }, "geometry": { "type": "Point", "coordinates": [ -88.748142453208345, 35.533341 ] } },
{ "type": "Feature", "properties": { "county_nam": "Madison", "county_norm": "MADISON", "prec_id": "005653", "precinct_name": "Madison - 005653", "precinct_norm": "MADISON - 005653", "id": 1597 }, "geometry": { "type": "Point", "coordinates": [ -88.781459874258672, 35.629086 ] } },
{ "type": "Feature", "properties": { "county_nam": "Grainger", "county_norm": "GRAINGER", "prec_id": "002953", "precinct_name": "Grainger - 002953", "precinct_norm": "GRAINGER - 002953", "id": 1598 }, "geometry": { "type": "Point", "coordinates": [ -83.545895758245166, 36.2812795 ] } },
{ "type": "Feature", "properties": { "county_nam": "Knox", "county_norm": "KNOX", "prec_id": "004815", "precinct_name": "Knox - 004815", "precinct_norm": "KNOX - 004815", "id": 1599 }, "geometry": { "type": "Point", "coordinates": [ -83.719121798174939, 36.0335355 ] } },
{ "type": "Feature", "properties": { "county_nam": "Knox", "county_norm": "KNOX", "prec_id": "004886", "precinct_name": "Knox - 004886", "precinct_norm": "KNOX - 004886", "id": 1600 }, "geometry": { "type": "Point", "coordinates": [ -83.922722274661282, 36.089375 ] } },
{ "type": "Feature", "properties": { "county_nam": "Knox", "county_norm": "KNOX", "prec_id": "004832", "precinct_name": "Knox - 004832", "precinct_norm": "KNOX - 004832", "id": 1601 }, "geometry": { "type": "Point", "coordinates": [ -83.932006649491285, 35.9501565 ] } },
{ "type": "Feature", "properties": { "county_nam": "Clay", "county_norm": "CLAY", "prec_id": "001303", "precinct_name": "Clay - 001303", "precinct_norm": "CLAY - 001303", "id": 1602 }, "geometry": { "type": "Point", "coordinates": [ -85.65739190604981, 36.5545345 ] } },
{ "type": "Feature", "properties": { "county_nam": "Montgomery", "county_norm": "MONTGOMERY", "prec_id": "006480", "precinct_name": "Montgomery - 006480", "precinct_norm": "MONTGOMERY - 006480", "id": 1603 }, "geometry": { "type": "Point", "coordinates": [ -87.400768834611711, 36.6361525 ] } },
{ "type": "Feature", "properties": { "county_nam": "Monroe", "county_norm": "MONROE", "prec_id": "006359", "precinct_name": "Monroe - 006359", "precinct_norm": "MONROE - 006359", "id": 1604 }, "geometry": { "type": "Point", "coordinates": [ -84.362729461156619, 35.450368 ] } },
{ "type": "Feature", "properties": { "county_nam": "Shelby", "county_norm": "SHELBY", "prec_id": "008259", "precinct_name": "Shelby - 008259", "precinct_norm": "SHELBY - 008259", "id": 1605 }, "geometry": { "type": "Point", "coordinates": [ -89.72391480928124, 35.1945375 ] } },
{ "type": "Feature", "properties": { "county_nam": "Shelby", "county_norm": "SHELBY", "prec_id": "008255", "precinct_name": "Shelby - 008255", "precinct_norm": "SHELBY - 008255", "id": 1606 }, "geometry": { "type": "Point", "coordinates": [ -89.794308255387932, 35.1821935 ] } },
{ "type": "Feature", "properties": { "county_nam": "Hamilton", "county_norm": "HAMILTON", "prec_id": "003397", "precinct_name": "Hamilton - 003397", "precinct_norm": "HAMILTON - 003397", "id": 1607 }, "geometry": { "type": "Point", "coordinates": [ -85.235148112922758, 35.022183 ] } },
{ "type": "Feature", "properties": { "county_nam": "Hamilton", "county_norm": "HAMILTON", "prec_id": "003398", "precinct_name": "Hamilton - 003398", "precinct_norm": "HAMILTON - 003398", "id": 1608 }, "geometry": { "type": "Point", "coordinates": [ -85.22173014076094, 35.017208 ] } },
{ "type": "Feature", "properties": { "county_nam": "Hamilton", "county_norm": "HAMILTON", "prec_id": "003426", "precinct_name": "Hamilton - 003426", "precinct_norm": "HAMILTON - 003426", "id": 1609 }, "geometry": { "type": "Point", "coordinates": [ -85.269797741870249, 35.008134 ] } },
{ "type": "Feature", "properties": { "county_nam": "Hamilton", "county_norm": "HAMILTON", "prec_id": "003419", "precinct_name": "Hamilton - 003419", "precinct_norm": "HAMILTON - 003419", "id": 1610 }, "geometry": { "type": "Point", "coordinates": [ -85.34964232852866, 34.998259 ] } },
{ "type": "Feature", "properties": { "county_nam": "Hamilton", "county_norm": "HAMILTON", "prec_id": "003409", "precinct_name": "Hamilton - 003409", "precinct_norm": "HAMILTON - 003409", "id": 1611 }, "geometry": { "type": "Point", "coordinates": [ -85.121406222409291, 35.160095 ] } },
{ "type": "Feature", "properties": { "county_nam": "Hamilton", "county_norm": "HAMILTON", "prec_id": "003365", "precinct_name": "Hamilton - 003365", "precinct_norm": "HAMILTON - 003365", "id": 1612 }, "geometry": { "type": "Point", "coordinates": [ -85.276702919258383, 35.0457395 ] } },
{ "type": "Feature", "properties": { "county_nam": "Hamilton", "county_norm": "HAMILTON", "prec_id": "003465", "precinct_name": "Hamilton - 003465", "precinct_norm": "HAMILTON - 003465", "id": 1613 }, "geometry": { "type": "Point", "coordinates": [ -85.28132841697834, 35.092384 ] } },
{ "type": "Feature", "properties": { "county_nam": "Hamilton", "county_norm": "HAMILTON", "prec_id": "003455", "precinct_name": "Hamilton - 003455", "precinct_norm": "HAMILTON - 003455", "id": 1614 }, "geometry": { "type": "Point", "coordinates": [ -85.082856356962779, 35.3977695 ] } },
{ "type": "Feature", "properties": { "county_nam": "Lawrence", "county_norm": "LAWRENCE", "prec_id": "005158", "precinct_name": "Lawrence - 005158", "precinct_norm": "LAWRENCE - 005158", "id": 1615 }, "geometry": { "type": "Point", "coordinates": [ -87.251454155710491, 35.2338675 ] } },
{ "type": "Feature", "properties": { "county_nam": "Lawrence", "county_norm": "LAWRENCE", "prec_id": "005169", "precinct_name": "Lawrence - 005169", "precinct_norm": "LAWRENCE - 005169", "id": 1616 }, "geometry": { "type": "Point", "coordinates": [ -87.327813382087243, 35.117998 ] } },
{ "type": "Feature", "properties": { "county_nam": "Hawkins", "county_norm": "HAWKINS", "prec_id": "003802", "precinct_name": "Hawkins - 003802", "precinct_norm": "HAWKINS - 003802", "id": 1617 }, "geometry": { "type": "Point", "coordinates": [ -82.888647935281767, 36.3986475 ] } },
{ "type": "Feature", "properties": { "county_nam": "Fayette", "county_norm": "FAYETTE", "prec_id": "002459", "precinct_name": "Fayette - 002459", "precinct_norm": "FAYETTE - 002459", "id": 1618 }, "geometry": { "type": "Point", "coordinates": [ -89.25911134252803, 35.0676465 ] } },
{ "type": "Feature", "properties": { "county_nam": "Fayette", "county_norm": "FAYETTE", "prec_id": "002453", "precinct_name": "Fayette - 002453", "precinct_norm": "FAYETTE - 002453", "id": 1619 }, "geometry": { "type": "Point", "coordinates": [ -89.573509809764047, 35.139136 ] } },
{ "type": "Feature", "properties": { "county_nam": "Hamilton", "county_norm": "HAMILTON", "prec_id": "003470", "precinct_name": "Hamilton - 003470", "precinct_norm": "HAMILTON - 003470", "id": 1620 }, "geometry": { "type": "Point", "coordinates": [ -85.141960759709377, 35.057218 ] } },
{ "type": "Feature", "properties": { "county_nam": "Williamson", "county_norm": "WILLIAMSON", "prec_id": "009712", "precinct_name": "Williamson - 009712", "precinct_norm": "WILLIAMSON - 009712", "id": 1621 }, "geometry": { "type": "Point", "coordinates": [ -86.790924501644739, 35.9475155 ] } },
{ "type": "Feature", "properties": { "county_nam": "Montgomery", "county_norm": "MONTGOMERY", "prec_id": "006479", "precinct_name": "Montgomery - 006479", "precinct_norm": "MONTGOMERY - 006479", "id": 1622 }, "geometry": { "type": "Point", "coordinates": [ -87.312791012223514, 36.569686 ] } },
{ "type": "Feature", "properties": { "county_nam": "Hamilton", "county_norm": "HAMILTON", "prec_id": "003435", "precinct_name": "Hamilton - 003435", "precinct_norm": "HAMILTON - 003435", "id": 1623 }, "geometry": { "type": "Point", "coordinates": [ -85.305313817415737, 35.0711625 ] } },
{ "type": "Feature", "properties": { "county_nam": "Hamilton", "county_norm": "HAMILTON", "prec_id": "003438", "precinct_name": "Hamilton - 003438", "precinct_norm": "HAMILTON - 003438", "id": 1624 }, "geometry": { "type": "Point", "coordinates": [ -85.253245344339618, 35.161425 ] } },
{ "type": "Feature", "properties": { "county_nam": "Hamilton", "county_norm": "HAMILTON", "prec_id": "003437", "precinct_name": "Hamilton - 003437", "precinct_norm": "HAMILTON - 003437", "id": 1625 }, "geometry": { "type": "Point", "coordinates": [ -85.251466038653732, 35.1276695 ] } },
{ "type": "Feature", "properties": { "county_nam": "Hamilton", "county_norm": "HAMILTON", "prec_id": "003434", "precinct_name": "Hamilton - 003434", "precinct_norm": "HAMILTON - 003434", "id": 1626 }, "geometry": { "type": "Point", "coordinates": [ -85.296567109314665, 35.0640255 ] } },
{ "type": "Feature", "properties": { "county_nam": "Hamilton", "county_norm": "HAMILTON", "prec_id": "003462", "precinct_name": "Hamilton - 003462", "precinct_norm": "HAMILTON - 003462", "id": 1627 }, "geometry": { "type": "Point", "coordinates": [ -85.19127832514863, 35.2128215 ] } },
{ "type": "Feature", "properties": { "county_nam": "Hamilton", "county_norm": "HAMILTON", "prec_id": "003407", "precinct_name": "Hamilton - 003407", "precinct_norm": "HAMILTON - 003407", "id": 1628 }, "geometry": { "type": "Point", "coordinates": [ -85.143707405109581, 35.130017 ] } },
{ "type": "Feature", "properties": { "county_nam": "Hancock", "county_norm": "HANCOCK", "prec_id": "000006", "precinct_name": "Hancock - 000006", "precinct_norm": "HANCOCK - 000006", "id": 1629 }, "geometry": { "type": "Point", "coordinates": [ -83.222728139870895, 36.532338 ] } },
{ "type": "Feature", "properties": { "county_nam": "Hancock", "county_norm": "HANCOCK", "prec_id": "000002", "precinct_name": "Hancock - 000002", "precinct_norm": "HANCOCK - 000002", "id": 1630 }, "geometry": { "type": "Point", "coordinates": [ -83.184183714310251, 36.4993725 ] } },
{ "type": "Feature", "properties": { "county_nam": "Hamilton", "county_norm": "HAMILTON", "prec_id": "003394", "precinct_name": "Hamilton - 003394", "precinct_norm": "HAMILTON - 003394", "id": 1631 }, "geometry": { "type": "Point", "coordinates": [ -85.243933954780672, 34.99127 ] } },
{ "type": "Feature", "properties": { "county_nam": "Montgomery", "county_norm": "MONTGOMERY", "prec_id": "006470", "precinct_name": "Montgomery - 006470", "precinct_norm": "MONTGOMERY - 006470", "id": 1632 }, "geometry": { "type": "Point", "coordinates": [ -87.400607419724878, 36.552591 ] } },
{ "type": "Feature", "properties": { "county_nam": "Clay", "county_norm": "CLAY", "prec_id": "001304", "precinct_name": "Clay - 001304", "precinct_norm": "CLAY - 001304", "id": 1633 }, "geometry": { "type": "Point", "coordinates": [ -85.43583718693182, 36.5846275 ] } },
{ "type": "Feature", "properties": { "county_nam": "Wayne", "county_norm": "WAYNE", "prec_id": "009402", "precinct_name": "Wayne - 009402", "precinct_norm": "WAYNE - 009402", "id": 1634 }, "geometry": { "type": "Point", "coordinates": [ -87.892575843337653, 35.409008 ] } },
{ "type": "Feature", "properties": { "county_nam": "Rhea", "county_norm": "RHEA", "prec_id": "007355", "precinct_name": "Rhea - 007355", "precinct_norm": "RHEA - 007355", "id": 1635 }, "geometry": { "type": "Point", "coordinates": [ -84.947794313491926, 35.600881 ] } },
{ "type": "Feature", "properties": { "county_nam": "Hamilton", "county_norm": "HAMILTON", "prec_id": "003359", "precinct_name": "Hamilton - 003359", "precinct_norm": "HAMILTON - 003359", "id": 1636 }, "geometry": { "type": "Point", "coordinates": [ -85.158467233766174, 35.3671895 ] } },
{ "type": "Feature", "properties": { "county_nam": "Hamilton", "county_norm": "HAMILTON", "prec_id": "003431", "precinct_name": "Hamilton - 003431", "precinct_norm": "HAMILTON - 003431", "id": 1637 }, "geometry": { "type": "Point", "coordinates": [ -85.229584886643437, 35.274473 ] } },
{ "type": "Feature", "properties": { "county_nam": "Hamilton", "county_norm": "HAMILTON", "prec_id": "003477", "precinct_name": "Hamilton - 003477", "precinct_norm": "HAMILTON - 003477", "id": 1638 }, "geometry": { "type": "Point", "coordinates": [ -85.20255381316376, 35.0351255 ] } },
{ "type": "Feature", "properties": { "county_nam": "Hamilton", "county_norm": "HAMILTON", "prec_id": "003468", "precinct_name": "Hamilton - 003468", "precinct_norm": "HAMILTON - 003468", "id": 1639 }, "geometry": { "type": "Point", "coordinates": [ -85.077477258487647, 35.09668 ] } },
{ "type": "Feature", "properties": { "county_nam": "Hamilton", "county_norm": "HAMILTON", "prec_id": "003473", "precinct_name": "Hamilton - 003473", "precinct_norm": "HAMILTON - 003473", "id": 1640 }, "geometry": { "type": "Point", "coordinates": [ -85.103228321067292, 35.016623 ] } },
{ "type": "Feature", "properties": { "county_nam": "Moore", "county_norm": "MOORE", "prec_id": "006551", "precinct_name": "Moore - 006551", "precinct_norm": "MOORE - 006551", "id": 1641 }, "geometry": { "type": "Point", "coordinates": [ -86.293851246562866, 35.2935985 ] } },
{ "type": "Feature", "properties": { "county_nam": "Van Buren", "county_norm": "VAN BUREN", "prec_id": "009104", "precinct_name": "Van Buren - 009104", "precinct_norm": "VAN BUREN - 009104", "id": 1642 }, "geometry": { "type": "Point", "coordinates": [ -85.432759813567969, 35.7615535 ] } },
{ "type": "Feature", "properties": { "county_nam": "Shelby", "county_norm": "SHELBY", "prec_id": "008098", "precinct_name": "Shelby - 008098", "precinct_norm": "SHELBY - 008098", "id": 1643 }, "geometry": { "type": "Point", "coordinates": [ -89.962181438490973, 35.289427 ] } },
{ "type": "Feature", "properties": { "county_nam": "DeKalb", "county_norm": "DEKALB", "prec_id": "002160", "precinct_name": "DeKalb - 002160", "precinct_norm": "DEKALB - 002160", "id": 1644 }, "geometry": { "type": "Point", "coordinates": [ -85.935850558741976, 35.9586785 ] } },
{ "type": "Feature", "properties": { "county_nam": "Sequatchie", "county_norm": "SEQUATCHIE", "prec_id": "007855", "precinct_name": "Sequatchie - 007855", "precinct_norm": "SEQUATCHIE - 007855", "id": 1645 }, "geometry": { "type": "Point", "coordinates": [ -85.430568807674859, 35.4849685 ] } },
{ "type": "Feature", "properties": { "county_nam": "Sequatchie", "county_norm": "SEQUATCHIE", "prec_id": "007858", "precinct_name": "Sequatchie - 007858", "precinct_norm": "SEQUATCHIE - 007858", "id": 1646 }, "geometry": { "type": "Point", "coordinates": [ -85.383183864112269, 35.391521 ] } },
{ "type": "Feature", "properties": { "county_nam": "Sequatchie", "county_norm": "SEQUATCHIE", "prec_id": "007856", "precinct_name": "Sequatchie - 007856", "precinct_norm": "SEQUATCHIE - 007856", "id": 1647 }, "geometry": { "type": "Point", "coordinates": [ -85.479814439141848, 35.4324935 ] } },
{ "type": "Feature", "properties": { "county_nam": "Hamilton", "county_norm": "HAMILTON", "prec_id": "003380", "precinct_name": "Hamilton - 003380", "precinct_norm": "HAMILTON - 003380", "id": 1648 }, "geometry": { "type": "Point", "coordinates": [ -85.307456271719815, 35.0422725 ] } },
{ "type": "Feature", "properties": { "county_nam": "Sevier", "county_norm": "SEVIER", "prec_id": "007966", "precinct_name": "Sevier - 007966", "precinct_norm": "SEVIER - 007966", "id": 1649 }, "geometry": { "type": "Point", "coordinates": [ -83.592369883921407, 35.89775 ] } },
{ "type": "Feature", "properties": { "county_nam": "Davidson", "county_norm": "DAVIDSON", "prec_id": "001906", "precinct_name": "Davidson - 001906", "precinct_norm": "DAVIDSON - 001906", "id": 1650 }, "geometry": { "type": "Point", "coordinates": [ -86.934064683845023, 36.069311 ] } },
{ "type": "Feature", "properties": { "county_nam": "Davidson", "county_norm": "DAVIDSON", "prec_id": "001813", "precinct_name": "Davidson - 001813", "precinct_norm": "DAVIDSON - 001813", "id": 1651 }, "geometry": { "type": "Point", "coordinates": [ -86.832196841928862, 36.259451 ] } },
{ "type": "Feature", "properties": { "county_nam": "Davidson", "county_norm": "DAVIDSON", "prec_id": "001824", "precinct_name": "Davidson - 001824", "precinct_norm": "DAVIDSON - 001824", "id": 1652 }, "geometry": { "type": "Point", "coordinates": [ -86.767714342013818, 36.1826945 ] } },
{ "type": "Feature", "properties": { "county_nam": "Davidson", "county_norm": "DAVIDSON", "prec_id": "001926", "precinct_name": "Davidson - 001926", "precinct_norm": "DAVIDSON - 001926", "id": 1653 }, "geometry": { "type": "Point", "coordinates": [ -86.713691177722083, 36.0492775 ] } },
{ "type": "Feature", "properties": { "county_nam": "Davidson", "county_norm": "DAVIDSON", "prec_id": "001877", "precinct_name": "Davidson - 001877", "precinct_norm": "DAVIDSON - 001877", "id": 1654 }, "geometry": { "type": "Point", "coordinates": [ -86.758518388332504, 36.099536 ] } },
{ "type": "Feature", "properties": { "county_nam": "Davidson", "county_norm": "DAVIDSON", "prec_id": "001928", "precinct_name": "Davidson - 001928", "precinct_norm": "DAVIDSON - 001928", "id": 1655 }, "geometry": { "type": "Point", "coordinates": [ -86.729805506717611, 36.057901 ] } },
{ "type": "Feature", "properties": { "county_nam": "Sevier", "county_norm": "SEVIER", "prec_id": "007952", "precinct_name": "Sevier - 007952", "precinct_norm": "SEVIER - 007952", "id": 1656 }, "geometry": { "type": "Point", "coordinates": [ -83.332546281642408, 35.836023 ] } },
{ "type": "Feature", "properties": { "county_nam": "Davidson", "county_norm": "DAVIDSON", "prec_id": "001936", "precinct_name": "Davidson - 001936", "precinct_norm": "DAVIDSON - 001936", "id": 1657 }, "geometry": { "type": "Point", "coordinates": [ -86.716568075296522, 36.073384 ] } },
{ "type": "Feature", "properties": { "county_nam": "Hardeman", "county_norm": "HARDEMAN", "prec_id": "003610", "precinct_name": "Hardeman - 003610", "precinct_norm": "HARDEMAN - 003610", "id": 1658 }, "geometry": { "type": "Point", "coordinates": [ -88.938697105102094, 35.212187 ] } },
{ "type": "Feature", "properties": { "county_nam": "Cannon", "county_norm": "CANNON", "prec_id": "000704", "precinct_name": "Cannon - 000704", "precinct_norm": "CANNON - 000704", "id": 1659 }, "geometry": { "type": "Point", "coordinates": [ -85.997689959102502, 35.7794355 ] } },
{ "type": "Feature", "properties": { "county_nam": "Cannon", "county_norm": "CANNON", "prec_id": "000703", "precinct_name": "Cannon - 000703", "precinct_norm": "CANNON - 000703", "id": 1660 }, "geometry": { "type": "Point", "coordinates": [ -86.054050574038939, 35.704519 ] } },
{ "type": "Feature", "properties": { "county_nam": "Cocke", "county_norm": "COCKE", "prec_id": "001402", "precinct_name": "Cocke - 001402", "precinct_norm": "COCKE - 001402", "id": 1661 }, "geometry": { "type": "Point", "coordinates": [ -83.234630349705739, 35.939257 ] } },
{ "type": "Feature", "properties": { "county_nam": "Madison", "county_norm": "MADISON", "prec_id": "005658", "precinct_name": "Madison - 005658", "precinct_norm": "MADISON - 005658", "id": 1662 }, "geometry": { "type": "Point", "coordinates": [ -88.921771829530542, 35.508302 ] } },
{ "type": "Feature", "properties": { "county_nam": "Sevier", "county_norm": "SEVIER", "prec_id": "007974", "precinct_name": "Sevier - 007974", "precinct_norm": "SEVIER - 007974", "id": 1663 }, "geometry": { "type": "Point", "coordinates": [ -83.580360941110285, 35.945125 ] } },
{ "type": "Feature", "properties": { "county_nam": "Sevier", "county_norm": "SEVIER", "prec_id": "007964", "precinct_name": "Sevier - 007964", "precinct_norm": "SEVIER - 007964", "id": 1664 }, "geometry": { "type": "Point", "coordinates": [ -83.536356577810295, 35.886468 ] } },
{ "type": "Feature", "properties": { "county_nam": "Rutherford", "county_norm": "RUTHERFORD", "prec_id": "007657", "precinct_name": "Rutherford - 007657", "precinct_norm": "RUTHERFORD - 007657", "id": 1665 }, "geometry": { "type": "Point", "coordinates": [ -86.350862644745689, 35.8609915 ] } },
{ "type": "Feature", "properties": { "county_nam": "Rutherford", "county_norm": "RUTHERFORD", "prec_id": "007682", "precinct_name": "Rutherford - 007682", "precinct_norm": "RUTHERFORD - 007682", "id": 1666 }, "geometry": { "type": "Point", "coordinates": [ -86.387174375339768, 35.8746425 ] } },
{ "type": "Feature", "properties": { "county_nam": "Davidson", "county_norm": "DAVIDSON", "prec_id": "001859", "precinct_name": "Davidson - 001859", "precinct_norm": "DAVIDSON - 001859", "id": 1667 }, "geometry": { "type": "Point", "coordinates": [ -86.683681680440174, 36.117787 ] } },
{ "type": "Feature", "properties": { "county_nam": "Davidson", "county_norm": "DAVIDSON", "prec_id": "001891", "precinct_name": "Davidson - 001891", "precinct_norm": "DAVIDSON - 001891", "id": 1668 }, "geometry": { "type": "Point", "coordinates": [ -86.789930957557914, 36.1832925 ] } },
{ "type": "Feature", "properties": { "county_nam": "Rutherford", "county_norm": "RUTHERFORD", "prec_id": "007676", "precinct_name": "Rutherford - 007676", "precinct_norm": "RUTHERFORD - 007676", "id": 1669 }, "geometry": { "type": "Point", "coordinates": [ -86.504171770857823, 35.978444 ] } },
{ "type": "Feature", "properties": { "county_nam": "Meigs", "county_norm": "MEIGS", "prec_id": "006253", "precinct_name": "Meigs - 006253", "precinct_norm": "MEIGS - 006253", "id": 1670 }, "geometry": { "type": "Point", "coordinates": [ -84.935972856968419, 35.3624595 ] } },
{ "type": "Feature", "properties": { "county_nam": "Williamson", "county_norm": "WILLIAMSON", "prec_id": "009725", "precinct_name": "Williamson - 009725", "precinct_norm": "WILLIAMSON - 009725", "id": 1671 }, "geometry": { "type": "Point", "coordinates": [ -86.857590460318676, 36.0019175 ] } },
{ "type": "Feature", "properties": { "county_nam": "Hardeman", "county_norm": "HARDEMAN", "prec_id": "003604", "precinct_name": "Hardeman - 003604", "precinct_norm": "HARDEMAN - 003604", "id": 1672 }, "geometry": { "type": "Point", "coordinates": [ -89.077006406810369, 35.3379545 ] } },
{ "type": "Feature", "properties": { "county_nam": "Knox", "county_norm": "KNOX", "prec_id": "004806", "precinct_name": "Knox - 004806", "precinct_norm": "KNOX - 004806", "id": 1673 }, "geometry": { "type": "Point", "coordinates": [ -84.002947979286148, 35.9981575 ] } },
{ "type": "Feature", "properties": { "county_nam": "Knox", "county_norm": "KNOX", "prec_id": "004870", "precinct_name": "Knox - 004870", "precinct_norm": "KNOX - 004870", "id": 1674 }, "geometry": { "type": "Point", "coordinates": [ -83.837016237571191, 36.0058925 ] } },
{ "type": "Feature", "properties": { "county_nam": "Knox", "county_norm": "KNOX", "prec_id": "004885", "precinct_name": "Knox - 004885", "precinct_norm": "KNOX - 004885", "id": 1675 }, "geometry": { "type": "Point", "coordinates": [ -83.889624607327136, 36.05094 ] } },
{ "type": "Feature", "properties": { "county_nam": "McNairy", "county_norm": "MCNAIRY", "prec_id": "006163", "precinct_name": "McNairy - 006163", "precinct_norm": "MCNAIRY - 006163", "id": 1676 }, "geometry": { "type": "Point", "coordinates": [ -88.418535973427453, 35.1556655 ] } },
{ "type": "Feature", "properties": { "county_nam": "Perry", "county_norm": "PERRY", "prec_id": "006957", "precinct_name": "Perry - 006957", "precinct_norm": "PERRY - 006957", "id": 1677 }, "geometry": { "type": "Point", "coordinates": [ -87.82278766125691, 35.6636735 ] } },
{ "type": "Feature", "properties": { "county_nam": "Decatur", "county_norm": "DECATUR", "prec_id": "002058", "precinct_name": "Decatur - 002058", "precinct_norm": "DECATUR - 002058", "id": 1678 }, "geometry": { "type": "Point", "coordinates": [ -88.116908700312592, 35.6782165 ] } },
{ "type": "Feature", "properties": { "county_nam": "Lincoln", "county_norm": "LINCOLN", "prec_id": "000014", "precinct_name": "Lincoln - 000014", "precinct_norm": "LINCOLN - 000014", "id": 1679 }, "geometry": { "type": "Point", "coordinates": [ -86.601080572218308, 35.061492 ] } },
{ "type": "Feature", "properties": { "county_nam": "Shelby", "county_norm": "SHELBY", "prec_id": "008207", "precinct_name": "Shelby - 008207", "precinct_norm": "SHELBY - 008207", "id": 1680 }, "geometry": { "type": "Point", "coordinates": [ -90.042602938573239, 35.0547595 ] } },
{ "type": "Feature", "properties": { "county_nam": "Shelby", "county_norm": "SHELBY", "prec_id": "008256", "precinct_name": "Shelby - 008256", "precinct_norm": "SHELBY - 008256", "id": 1681 }, "geometry": { "type": "Point", "coordinates": [ -89.803244285225546, 35.164442 ] } },
{ "type": "Feature", "properties": { "county_nam": "Lewis", "county_norm": "LEWIS", "prec_id": "005255", "precinct_name": "Lewis - 005255", "precinct_norm": "LEWIS - 005255", "id": 1682 }, "geometry": { "type": "Point", "coordinates": [ -87.496025867137377, 35.4671405 ] } },
{ "type": "Feature", "properties": { "county_nam": "Henry", "county_norm": "HENRY", "prec_id": "004111", "precinct_name": "Henry - 004111", "precinct_norm": "HENRY - 004111", "id": 1683 }, "geometry": { "type": "Point", "coordinates": [ -88.137659908277158, 36.2784185 ] } },
{ "type": "Feature", "properties": { "county_nam": "Marshall", "county_norm": "MARSHALL", "prec_id": "005854", "precinct_name": "Marshall - 005854", "precinct_norm": "MARSHALL - 005854", "id": 1684 }, "geometry": { "type": "Point", "coordinates": [ -86.687724337171048, 35.654275 ] } },
{ "type": "Feature", "properties": { "county_nam": "Robertson", "county_norm": "ROBERTSON", "prec_id": "007553", "precinct_name": "Robertson - 007553", "precinct_norm": "ROBERTSON - 007553", "id": 1685 }, "geometry": { "type": "Point", "coordinates": [ -86.734010414556764, 36.4788385 ] } },
{ "type": "Feature", "properties": { "county_nam": "Shelby", "county_norm": "SHELBY", "prec_id": "008232", "precinct_name": "Shelby - 008232", "precinct_norm": "SHELBY - 008232", "id": 1686 }, "geometry": { "type": "Point", "coordinates": [ -89.887142633788287, 35.1980455 ] } },
{ "type": "Feature", "properties": { "county_nam": "Robertson", "county_norm": "ROBERTSON", "prec_id": "007566", "precinct_name": "Robertson - 007566", "precinct_norm": "ROBERTSON - 007566", "id": 1687 }, "geometry": { "type": "Point", "coordinates": [ -87.017822840631993, 36.452455 ] } },
{ "type": "Feature", "properties": { "county_nam": "Trousdale", "county_norm": "TROUSDALE", "prec_id": "008808", "precinct_name": "Trousdale - 008808", "precinct_norm": "TROUSDALE - 008808", "id": 1688 }, "geometry": { "type": "Point", "coordinates": [ -86.207747194073946, 36.4453095 ] } },
{ "type": "Feature", "properties": { "county_nam": "Shelby", "county_norm": "SHELBY", "prec_id": "008243", "precinct_name": "Shelby - 008243", "precinct_norm": "SHELBY - 008243", "id": 1689 }, "geometry": { "type": "Point", "coordinates": [ -89.878340352750797, 35.0457785 ] } },
{ "type": "Feature", "properties": { "county_nam": "Shelby", "county_norm": "SHELBY", "prec_id": "008263", "precinct_name": "Shelby - 008263", "precinct_norm": "SHELBY - 008263", "id": 1690 }, "geometry": { "type": "Point", "coordinates": [ -89.702918859055927, 35.1568 ] } },
{ "type": "Feature", "properties": { "county_nam": "Robertson", "county_norm": "ROBERTSON", "prec_id": "007557", "precinct_name": "Robertson - 007557", "precinct_norm": "ROBERTSON - 007557", "id": 1691 }, "geometry": { "type": "Point", "coordinates": [ -86.991755762663374, 36.4127375 ] } },
{ "type": "Feature", "properties": { "county_nam": "Moore", "county_norm": "MOORE", "prec_id": "006552", "precinct_name": "Moore - 006552", "precinct_norm": "MOORE - 006552", "id": 1692 }, "geometry": { "type": "Point", "coordinates": [ -86.368296763851589, 35.3199855 ] } },
{ "type": "Feature", "properties": { "county_nam": "Haywood", "county_norm": "HAYWOOD", "prec_id": "003906", "precinct_name": "Haywood - 003906", "precinct_norm": "HAYWOOD - 003906", "id": 1693 }, "geometry": { "type": "Point", "coordinates": [ -89.327157183843241, 35.711847 ] } },
{ "type": "Feature", "properties": { "county_nam": "Davidson", "county_norm": "DAVIDSON", "prec_id": "001949", "precinct_name": "Davidson - 001949", "precinct_norm": "DAVIDSON - 001949", "id": 1694 }, "geometry": { "type": "Point", "coordinates": [ -86.586984883845716, 36.097619 ] } },
{ "type": "Feature", "properties": { "county_nam": "Davidson", "county_norm": "DAVIDSON", "prec_id": "001854", "precinct_name": "Davidson - 001854", "precinct_norm": "DAVIDSON - 001854", "id": 1695 }, "geometry": { "type": "Point", "coordinates": [ -86.599514819067565, 36.201698 ] } },
{ "type": "Feature", "properties": { "county_nam": "Greene", "county_norm": "GREENE", "prec_id": "003073", "precinct_name": "Greene - 003073", "precinct_norm": "GREENE - 003073", "id": 1696 }, "geometry": { "type": "Point", "coordinates": [ -82.670347548746946, 36.1866655 ] } },
{ "type": "Feature", "properties": { "county_nam": "Campbell", "county_norm": "CAMPBELL", "prec_id": "000612", "precinct_name": "Campbell - 000612", "precinct_norm": "CAMPBELL - 000612", "id": 1697 }, "geometry": { "type": "Point", "coordinates": [ -84.114476378481172, 36.2693475 ] } },
{ "type": "Feature", "properties": { "county_nam": "Carter", "county_norm": "CARTER", "prec_id": "000913", "precinct_name": "Carter - 000913", "precinct_norm": "CARTER - 000913", "id": 1698 }, "geometry": { "type": "Point", "coordinates": [ -82.040753441732505, 36.3278135 ] } },
{ "type": "Feature", "properties": { "county_nam": "Cocke", "county_norm": "COCKE", "prec_id": "001405", "precinct_name": "Cocke - 001405", "precinct_norm": "COCKE - 001405", "id": 1699 }, "geometry": { "type": "Point", "coordinates": [ -83.189830386053302, 35.777767 ] } },
{ "type": "Feature", "properties": { "county_nam": "Hamblen", "county_norm": "HAMBLEN", "prec_id": "003261", "precinct_name": "Hamblen - 003261", "precinct_norm": "HAMBLEN - 003261", "id": 1700 }, "geometry": { "type": "Point", "coordinates": [ -83.175314463543629, 36.211637 ] } },
{ "type": "Feature", "properties": { "county_nam": "Knox", "county_norm": "KNOX", "prec_id": "004822", "precinct_name": "Knox - 004822", "precinct_norm": "KNOX - 004822", "id": 1701 }, "geometry": { "type": "Point", "coordinates": [ -83.747782107243651, 35.927642 ] } },
{ "type": "Feature", "properties": { "county_nam": "Knox", "county_norm": "KNOX", "prec_id": "004801", "precinct_name": "Knox - 004801", "precinct_norm": "KNOX - 004801", "id": 1702 }, "geometry": { "type": "Point", "coordinates": [ -83.996658654226749, 35.9536955 ] } },
{ "type": "Feature", "properties": { "county_nam": "Crockett", "county_norm": "CROCKETT", "prec_id": "001610", "precinct_name": "Crockett - 001610", "precinct_norm": "CROCKETT - 001610", "id": 1703 }, "geometry": { "type": "Point", "coordinates": [ -89.126146262775961, 35.7862105 ] } },
{ "type": "Feature", "properties": { "county_nam": "Carter", "county_norm": "CARTER", "prec_id": "000908", "precinct_name": "Carter - 000908", "precinct_norm": "CARTER - 000908", "id": 1704 }, "geometry": { "type": "Point", "coordinates": [ -82.155256778646958, 36.38322 ] } },
{ "type": "Feature", "properties": { "county_nam": "Campbell", "county_norm": "CAMPBELL", "prec_id": "000608", "precinct_name": "Campbell - 000608", "precinct_norm": "CAMPBELL - 000608", "id": 1705 }, "geometry": { "type": "Point", "coordinates": [ -84.113207625693676, 36.3792345 ] } },
{ "type": "Feature", "properties": { "county_nam": "Hamilton", "county_norm": "HAMILTON", "prec_id": "003378", "precinct_name": "Hamilton - 003378", "precinct_norm": "HAMILTON - 003378", "id": 1706 }, "geometry": { "type": "Point", "coordinates": [ -85.08693400238117, 35.0576785 ] } },
{ "type": "Feature", "properties": { "county_nam": "Hamilton", "county_norm": "HAMILTON", "prec_id": "003408", "precinct_name": "Hamilton - 003408", "precinct_norm": "HAMILTON - 003408", "id": 1707 }, "geometry": { "type": "Point", "coordinates": [ -85.090246940332918, 35.1231075 ] } },
{ "type": "Feature", "properties": { "county_nam": "Hawkins", "county_norm": "HAWKINS", "prec_id": "003819", "precinct_name": "Hawkins - 003819", "precinct_norm": "HAWKINS - 003819", "id": 1708 }, "geometry": { "type": "Point", "coordinates": [ -82.901522763146033, 36.517719 ] } },
{ "type": "Feature", "properties": { "county_nam": "Macon", "county_norm": "MACON", "prec_id": "005555", "precinct_name": "Macon - 005555", "precinct_norm": "MACON - 005555", "id": 1709 }, "geometry": { "type": "Point", "coordinates": [ -86.157637552184468, 36.504925 ] } },
{ "type": "Feature", "properties": { "county_nam": "Campbell", "county_norm": "CAMPBELL", "prec_id": "000601", "precinct_name": "Campbell - 000601", "precinct_norm": "CAMPBELL - 000601", "id": 1710 }, "geometry": { "type": "Point", "coordinates": [ -84.127019581219827, 36.36071 ] } },
{ "type": "Feature", "properties": { "county_nam": "Carter", "county_norm": "CARTER", "prec_id": "000916", "precinct_name": "Carter - 000916", "precinct_norm": "CARTER - 000916", "id": 1711 }, "geometry": { "type": "Point", "coordinates": [ -82.119926676966287, 36.274057 ] } },
{ "type": "Feature", "properties": { "county_nam": "Knox", "county_norm": "KNOX", "prec_id": "004836", "precinct_name": "Knox - 004836", "precinct_norm": "KNOX - 004836", "id": 1712 }, "geometry": { "type": "Point", "coordinates": [ -84.012899767350603, 35.9172705 ] } },
{ "type": "Feature", "properties": { "county_nam": "Knox", "county_norm": "KNOX", "prec_id": "004855", "precinct_name": "Knox - 004855", "precinct_norm": "KNOX - 004855", "id": 1713 }, "geometry": { "type": "Point", "coordinates": [ -84.024180411404089, 35.9798035 ] } },
{ "type": "Feature", "properties": { "county_nam": "Houston", "county_norm": "HOUSTON", "prec_id": "004305", "precinct_name": "Houston - 004305", "precinct_norm": "HOUSTON - 004305", "id": 1714 }, "geometry": { "type": "Point", "coordinates": [ -87.604700642898393, 36.2480885 ] } },
{ "type": "Feature", "properties": { "county_nam": "Shelby", "county_norm": "SHELBY", "prec_id": "008236", "precinct_name": "Shelby - 008236", "precinct_norm": "SHELBY - 008236", "id": 1715 }, "geometry": { "type": "Point", "coordinates": [ -89.848967724661804, 35.1759405 ] } },
{ "type": "Feature", "properties": { "county_nam": "Shelby", "county_norm": "SHELBY", "prec_id": "008214", "precinct_name": "Shelby - 008214", "precinct_norm": "SHELBY - 008214", "id": 1716 }, "geometry": { "type": "Point", "coordinates": [ -89.998723575420428, 35.014019 ] } },
{ "type": "Feature", "properties": { "county_nam": "Henderson", "county_norm": "HENDERSON", "prec_id": "004009", "precinct_name": "Henderson - 004009", "precinct_norm": "HENDERSON - 004009", "id": 1717 }, "geometry": { "type": "Point", "coordinates": [ -88.277644756418937, 35.525123 ] } },
{ "type": "Feature", "properties": { "county_nam": "Dyer", "county_norm": "DYER", "prec_id": "002360", "precinct_name": "Dyer - 002360", "precinct_norm": "DYER - 002360", "id": 1718 }, "geometry": { "type": "Point", "coordinates": [ -89.563483551799621, 36.093746 ] } },
{ "type": "Feature", "properties": { "county_nam": "Shelby", "county_norm": "SHELBY", "prec_id": "008209", "precinct_name": "Shelby - 008209", "precinct_norm": "SHELBY - 008209", "id": 1719 }, "geometry": { "type": "Point", "coordinates": [ -90.022420654534614, 35.036758 ] } },
{ "type": "Feature", "properties": { "county_nam": "Maury", "county_norm": "MAURY", "prec_id": "005951", "precinct_name": "Maury - 005951", "precinct_norm": "MAURY - 005951", "id": 1720 }, "geometry": { "type": "Point", "coordinates": [ -86.926743683446205, 35.733716 ] } },
{ "type": "Feature", "properties": { "county_nam": "Roane", "county_norm": "ROANE", "prec_id": "007473", "precinct_name": "Roane - 007473", "precinct_norm": "ROANE - 007473", "id": 1721 }, "geometry": { "type": "Point", "coordinates": [ -84.511165919268407, 35.744555 ] } },
{ "type": "Feature", "properties": { "county_nam": "Gibson", "county_norm": "GIBSON", "prec_id": "002758", "precinct_name": "Gibson - 002758", "precinct_norm": "GIBSON - 002758", "id": 1722 }, "geometry": { "type": "Point", "coordinates": [ -88.890876626260223, 35.843604 ] } },
{ "type": "Feature", "properties": { "county_nam": "Roane", "county_norm": "ROANE", "prec_id": "007457", "precinct_name": "Roane - 007457", "precinct_norm": "ROANE - 007457", "id": 1723 }, "geometry": { "type": "Point", "coordinates": [ -84.449116469284647, 35.9411465 ] } },
{ "type": "Feature", "properties": { "county_nam": "Scott", "county_norm": "SCOTT", "prec_id": "007753", "precinct_name": "Scott - 007753", "precinct_norm": "SCOTT - 007753", "id": 1724 }, "geometry": { "type": "Point", "coordinates": [ -84.49541547560959, 36.39748 ] } },
{ "type": "Feature", "properties": { "county_nam": "Gibson", "county_norm": "GIBSON", "prec_id": "002767", "precinct_name": "Gibson - 002767", "precinct_norm": "GIBSON - 002767", "id": 1725 }, "geometry": { "type": "Point", "coordinates": [ -88.735987556305673, 35.8925865 ] } },
{ "type": "Feature", "properties": { "county_nam": "Hardin", "county_norm": "HARDIN", "prec_id": "003701", "precinct_name": "Hardin - 003701", "precinct_norm": "HARDIN - 003701", "id": 1726 }, "geometry": { "type": "Point", "coordinates": [ -88.266122673237675, 35.173096 ] } },
{ "type": "Feature", "properties": { "county_nam": "Hardin", "county_norm": "HARDIN", "prec_id": "003707", "precinct_name": "Hardin - 003707", "precinct_norm": "HARDIN - 003707", "id": 1727 }, "geometry": { "type": "Point", "coordinates": [ -88.193399707100596, 35.194338 ] } },
{ "type": "Feature", "properties": { "county_nam": "Shelby", "county_norm": "SHELBY", "prec_id": "008095", "precinct_name": "Shelby - 008095", "precinct_norm": "SHELBY - 008095", "id": 1728 }, "geometry": { "type": "Point", "coordinates": [ -89.751511458213258, 35.101612 ] } },
{ "type": "Feature", "properties": { "county_nam": "Shelby", "county_norm": "SHELBY", "prec_id": "008245", "precinct_name": "Shelby - 008245", "precinct_norm": "SHELBY - 008245", "id": 1729 }, "geometry": { "type": "Point", "coordinates": [ -89.838731164126941, 35.0596525 ] } },
{ "type": "Feature", "properties": { "county_nam": "Scott", "county_norm": "SCOTT", "prec_id": "007752", "precinct_name": "Scott - 007752", "precinct_norm": "SCOTT - 007752", "id": 1730 }, "geometry": { "type": "Point", "coordinates": [ -84.58584923223863, 36.4403185 ] } },
{ "type": "Feature", "properties": { "county_nam": "Dyer", "county_norm": "DYER", "prec_id": "002351", "precinct_name": "Dyer - 002351", "precinct_norm": "DYER - 002351", "id": 1731 }, "geometry": { "type": "Point", "coordinates": [ -89.280511256325937, 35.955558 ] } },
{ "type": "Feature", "properties": { "county_nam": "Morgan", "county_norm": "MORGAN", "prec_id": "006658", "precinct_name": "Morgan - 006658", "precinct_norm": "MORGAN - 006658", "id": 1732 }, "geometry": { "type": "Point", "coordinates": [ -84.712237874921996, 36.134286 ] } },
{ "type": "Feature", "properties": { "county_nam": "Carroll", "county_norm": "CARROLL", "prec_id": "000817", "precinct_name": "Carroll - 000817", "precinct_norm": "CARROLL - 000817", "id": 1733 }, "geometry": { "type": "Point", "coordinates": [ -88.646163663993505, 35.968669 ] } },
{ "type": "Feature", "properties": { "county_nam": "Fentress", "county_norm": "FENTRESS", "prec_id": "002563", "precinct_name": "Fentress - 002563", "precinct_norm": "FENTRESS - 002563", "id": 1734 }, "geometry": { "type": "Point", "coordinates": [ -84.869311320312505, 36.4996815 ] } },
{ "type": "Feature", "properties": { "county_nam": "Wilson", "county_norm": "WILSON", "prec_id": "009810", "precinct_name": "Wilson - 009810", "precinct_norm": "WILSON - 009810", "id": 1735 }, "geometry": { "type": "Point", "coordinates": [ -86.559869201651992, 36.2400935 ] } },
{ "type": "Feature", "properties": { "county_nam": "Lawrence", "county_norm": "LAWRENCE", "prec_id": "005157", "precinct_name": "Lawrence - 005157", "precinct_norm": "LAWRENCE - 005157", "id": 1736 }, "geometry": { "type": "Point", "coordinates": [ -87.314349451066505, 35.214629 ] } },
{ "type": "Feature", "properties": { "county_nam": "McMinn", "county_norm": "MCMINN", "prec_id": "006065", "precinct_name": "McMinn - 006065", "precinct_norm": "MCMINN - 006065", "id": 1737 }, "geometry": { "type": "Point", "coordinates": [ -84.455130939207791, 35.3639695 ] } },
{ "type": "Feature", "properties": { "county_nam": "Wilson", "county_norm": "WILSON", "prec_id": "009803", "precinct_name": "Wilson - 009803", "precinct_norm": "WILSON - 009803", "id": 1738 }, "geometry": { "type": "Point", "coordinates": [ -86.534151336635801, 36.186393 ] } },
{ "type": "Feature", "properties": { "county_nam": "Warren", "county_norm": "WARREN", "prec_id": "009205", "precinct_name": "Warren - 009205", "precinct_norm": "WARREN - 009205", "id": 1739 }, "geometry": { "type": "Point", "coordinates": [ -85.843280280064178, 35.6382385 ] } },
{ "type": "Feature", "properties": { "county_nam": "Shelby", "county_norm": "SHELBY", "prec_id": "008219", "precinct_name": "Shelby - 008219", "precinct_norm": "SHELBY - 008219", "id": 1740 }, "geometry": { "type": "Point", "coordinates": [ -89.844641333036918, 35.0867885 ] } },
{ "type": "Feature", "properties": { "county_nam": "Marion", "county_norm": "MARION", "prec_id": "005761", "precinct_name": "Marion - 005761", "precinct_norm": "MARION - 005761", "id": 1741 }, "geometry": { "type": "Point", "coordinates": [ -85.388655163059909, 35.083123 ] } },
{ "type": "Feature", "properties": { "county_nam": "Lincoln", "county_norm": "LINCOLN", "prec_id": "000015", "precinct_name": "Lincoln - 000015", "precinct_norm": "LINCOLN - 000015", "id": 1742 }, "geometry": { "type": "Point", "coordinates": [ -86.688102641696744, 35.0982715 ] } },
{ "type": "Feature", "properties": { "county_nam": "Morgan", "county_norm": "MORGAN", "prec_id": "006661", "precinct_name": "Morgan - 006661", "precinct_norm": "MORGAN - 006661", "id": 1743 }, "geometry": { "type": "Point", "coordinates": [ -84.770165995036109, 36.1942825 ] } },
{ "type": "Feature", "properties": { "county_nam": "Cumberland", "county_norm": "CUMBERLAND", "prec_id": "001720", "precinct_name": "Cumberland - 001720", "precinct_norm": "CUMBERLAND - 001720", "id": 1744 }, "geometry": { "type": "Point", "coordinates": [ -85.065922800699298, 36.1301175 ] } },
{ "type": "Feature", "properties": { "county_nam": "Shelby", "county_norm": "SHELBY", "prec_id": "008144", "precinct_name": "Shelby - 008144", "precinct_norm": "SHELBY - 008144", "id": 1745 }, "geometry": { "type": "Point", "coordinates": [ -90.039726271641797, 35.0915485 ] } },
{ "type": "Feature", "properties": { "county_nam": "Shelby", "county_norm": "SHELBY", "prec_id": "008064", "precinct_name": "Shelby - 008064", "precinct_norm": "SHELBY - 008064", "id": 1746 }, "geometry": { "type": "Point", "coordinates": [ -89.880188099174362, 35.247119 ] } },
{ "type": "Feature", "properties": { "county_nam": "Shelby", "county_norm": "SHELBY", "prec_id": "008258", "precinct_name": "Shelby - 008258", "precinct_norm": "SHELBY - 008258", "id": 1747 }, "geometry": { "type": "Point", "coordinates": [ -89.772831912598832, 35.173158 ] } },
{ "type": "Feature", "properties": { "county_nam": "DeKalb", "county_norm": "DEKALB", "prec_id": "002161", "precinct_name": "DeKalb - 002161", "precinct_norm": "DEKALB - 002161", "id": 1748 }, "geometry": { "type": "Point", "coordinates": [ -85.891184259259177, 35.945976 ] } },
{ "type": "Feature", "properties": { "county_nam": "Davidson", "county_norm": "DAVIDSON", "prec_id": "001959", "precinct_name": "Davidson - 001959", "precinct_norm": "DAVIDSON - 001959", "id": 1749 }, "geometry": { "type": "Point", "coordinates": [ -87.009279467966493, 36.033226 ] } },
{ "type": "Feature", "properties": { "county_nam": "Davidson", "county_norm": "DAVIDSON", "prec_id": "001939", "precinct_name": "Davidson - 001939", "precinct_norm": "DAVIDSON - 001939", "id": 1750 }, "geometry": { "type": "Point", "coordinates": [ -86.688416198025635, 36.0580765 ] } },
{ "type": "Feature", "properties": { "county_nam": "Shelby", "county_norm": "SHELBY", "prec_id": "008180", "precinct_name": "Shelby - 008180", "precinct_norm": "SHELBY - 008180", "id": 1751 }, "geometry": { "type": "Point", "coordinates": [ -89.882625390904707, 35.11525 ] } },
{ "type": "Feature", "properties": { "county_nam": "Jackson", "county_norm": "JACKSON", "prec_id": "004503", "precinct_name": "Jackson - 004503", "precinct_norm": "JACKSON - 004503", "id": 1752 }, "geometry": { "type": "Point", "coordinates": [ -85.801675650952689, 36.345414 ] } },
{ "type": "Feature", "properties": { "county_nam": "Macon", "county_norm": "MACON", "prec_id": "005559", "precinct_name": "Macon - 005559", "precinct_norm": "MACON - 005559", "id": 1753 }, "geometry": { "type": "Point", "coordinates": [ -86.034602274347279, 36.5464915 ] } },
{ "type": "Feature", "properties": { "county_nam": "Jackson", "county_norm": "JACKSON", "prec_id": "004509", "precinct_name": "Jackson - 004509", "precinct_norm": "JACKSON - 004509", "id": 1754 }, "geometry": { "type": "Point", "coordinates": [ -85.560967046403178, 36.368423 ] } },
{ "type": "Feature", "properties": { "county_nam": "Anderson", "county_norm": "ANDERSON", "prec_id": "000021", "precinct_name": "Anderson - 000021", "precinct_norm": "ANDERSON - 000021", "id": 1755 }, "geometry": { "type": "Point", "coordinates": [ -84.269315130661525, 36.0003565 ] } },
{ "type": "Feature", "properties": { "county_nam": "Overton", "county_norm": "OVERTON", "prec_id": "006859", "precinct_name": "Overton - 006859", "precinct_norm": "OVERTON - 006859", "id": 1756 }, "geometry": { "type": "Point", "coordinates": [ -85.25157547797005, 36.255801 ] } },
{ "type": "Feature", "properties": { "county_nam": "Davidson", "county_norm": "DAVIDSON", "prec_id": "001803", "precinct_name": "Davidson - 001803", "precinct_norm": "DAVIDSON - 001803", "id": 1757 }, "geometry": { "type": "Point", "coordinates": [ -86.850824250546168, 36.24174 ] } },
{ "type": "Feature", "properties": { "county_nam": "Davidson", "county_norm": "DAVIDSON", "prec_id": "001882", "precinct_name": "Davidson - 001882", "precinct_norm": "DAVIDSON - 001882", "id": 1758 }, "geometry": { "type": "Point", "coordinates": [ -86.766315109385332, 36.117422 ] } },
{ "type": "Feature", "properties": { "county_nam": "Claiborne", "county_norm": "CLAIBORNE", "prec_id": "001207", "precinct_name": "Claiborne - 001207", "precinct_norm": "CLAIBORNE - 001207", "id": 1759 }, "geometry": { "type": "Point", "coordinates": [ -83.588423040282038, 36.3841055 ] } },
{ "type": "Feature", "properties": { "county_nam": "DeKalb", "county_norm": "DEKALB", "prec_id": "002158", "precinct_name": "DeKalb - 002158", "precinct_norm": "DEKALB - 002158", "id": 1760 }, "geometry": { "type": "Point", "coordinates": [ -86.005954677961768, 36.065148 ] } },
{ "type": "Feature", "properties": { "county_nam": "Macon", "county_norm": "MACON", "prec_id": "005557", "precinct_name": "Macon - 005557", "precinct_norm": "MACON - 005557", "id": 1761 }, "geometry": { "type": "Point", "coordinates": [ -86.064383216564181, 36.501501 ] } },
{ "type": "Feature", "properties": { "county_nam": "Claiborne", "county_norm": "CLAIBORNE", "prec_id": "001211", "precinct_name": "Claiborne - 001211", "precinct_norm": "CLAIBORNE - 001211", "id": 1762 }, "geometry": { "type": "Point", "coordinates": [ -83.676558308769941, 36.3878965 ] } },
{ "type": "Feature", "properties": { "county_nam": "Union", "county_norm": "UNION", "prec_id": "009007", "precinct_name": "Union - 009007", "precinct_norm": "UNION - 009007", "id": 1763 }, "geometry": { "type": "Point", "coordinates": [ -83.800119830853134, 36.1864265 ] } },
{ "type": "Feature", "properties": { "county_nam": "Madison", "county_norm": "MADISON", "prec_id": "005664", "precinct_name": "Madison - 005664", "precinct_norm": "MADISON - 005664", "id": 1764 }, "geometry": { "type": "Point", "coordinates": [ -88.732902494525547, 35.6234695 ] } },
{ "type": "Feature", "properties": { "county_nam": "Haywood", "county_norm": "HAYWOOD", "prec_id": "003915", "precinct_name": "Haywood - 003915", "precinct_norm": "HAYWOOD - 003915", "id": 1765 }, "geometry": { "type": "Point", "coordinates": [ -89.12689394688374, 35.6455645 ] } },
{ "type": "Feature", "properties": { "county_nam": "Washington", "county_norm": "WASHINGTON", "prec_id": "009301", "precinct_name": "Washington - 009301", "precinct_norm": "WASHINGTON - 009301", "id": 1766 }, "geometry": { "type": "Point", "coordinates": [ -82.451139309429266, 36.333727 ] } },
{ "type": "Feature", "properties": { "county_nam": "Rutherford", "county_norm": "RUTHERFORD", "prec_id": "007699", "precinct_name": "Rutherford - 007699", "precinct_norm": "RUTHERFORD - 007699", "id": 1767 }, "geometry": { "type": "Point", "coordinates": [ -86.550225976754689, 35.9930285 ] } },
{ "type": "Feature", "properties": { "county_nam": "Williamson", "county_norm": "WILLIAMSON", "prec_id": "009723", "precinct_name": "Williamson - 009723", "precinct_norm": "WILLIAMSON - 009723", "id": 1768 }, "geometry": { "type": "Point", "coordinates": [ -86.814128653827296, 35.993633 ] } },
{ "type": "Feature", "properties": { "county_nam": "Williamson", "county_norm": "WILLIAMSON", "prec_id": "009737", "precinct_name": "Williamson - 009737", "precinct_norm": "WILLIAMSON - 009737", "id": 1769 }, "geometry": { "type": "Point", "coordinates": [ -86.897547895779212, 35.8665955 ] } },
{ "type": "Feature", "properties": { "county_nam": "Johnson", "county_norm": "JOHNSON", "prec_id": "004706", "precinct_name": "Johnson - 004706", "precinct_norm": "JOHNSON - 004706", "id": 1770 }, "geometry": { "type": "Point", "coordinates": [ -81.90394022221821, 36.531648 ] } },
{ "type": "Feature", "properties": { "county_nam": "Davidson", "county_norm": "DAVIDSON", "prec_id": "001919", "precinct_name": "Davidson - 001919", "precinct_norm": "DAVIDSON - 001919", "id": 1771 }, "geometry": { "type": "Point", "coordinates": [ -86.782162792366364, 36.0977155 ] } },
{ "type": "Feature", "properties": { "county_nam": "Williamson", "county_norm": "WILLIAMSON", "prec_id": "009742", "precinct_name": "Williamson - 009742", "precinct_norm": "WILLIAMSON - 009742", "id": 1772 }, "geometry": { "type": "Point", "coordinates": [ -86.925122015015717, 35.769402 ] } },
{ "type": "Feature", "properties": { "county_nam": "Putnam", "county_norm": "PUTNAM", "prec_id": "007260", "precinct_name": "Putnam - 007260", "precinct_norm": "PUTNAM - 007260", "id": 1773 }, "geometry": { "type": "Point", "coordinates": [ -85.365750364838036, 36.185176 ] } },
{ "type": "Feature", "properties": { "county_nam": "Fayette", "county_norm": "FAYETTE", "prec_id": "002451", "precinct_name": "Fayette - 002451", "precinct_norm": "FAYETTE - 002451", "id": 1774 }, "geometry": { "type": "Point", "coordinates": [ -89.51383899205166, 35.2223695 ] } },
{ "type": "Feature", "properties": { "county_nam": "Putnam", "county_norm": "PUTNAM", "prec_id": "007257", "precinct_name": "Putnam - 007257", "precinct_norm": "PUTNAM - 007257", "id": 1775 }, "geometry": { "type": "Point", "coordinates": [ -85.531803474627111, 36.209398 ] } },
{ "type": "Feature", "properties": { "county_nam": "Knox", "county_norm": "KNOX", "prec_id": "004891", "precinct_name": "Knox - 004891", "precinct_norm": "KNOX - 004891", "id": 1776 }, "geometry": { "type": "Point", "coordinates": [ -83.998740459832732, 36.0731845 ] } },
{ "type": "Feature", "properties": { "county_nam": "Knox", "county_norm": "KNOX", "prec_id": "004811", "precinct_name": "Knox - 004811", "precinct_norm": "KNOX - 004811", "id": 1777 }, "geometry": { "type": "Point", "coordinates": [ -83.928475368219623, 36.132778 ] } },
{ "type": "Feature", "properties": { "county_nam": "Campbell", "county_norm": "CAMPBELL", "prec_id": "000620", "precinct_name": "Campbell - 000620", "precinct_norm": "CAMPBELL - 000620", "id": 1778 }, "geometry": { "type": "Point", "coordinates": [ -84.204046275327499, 36.542266 ] } },
{ "type": "Feature", "properties": { "county_nam": "Hamilton", "county_norm": "HAMILTON", "prec_id": "003388", "precinct_name": "Hamilton - 003388", "precinct_norm": "HAMILTON - 003388", "id": 1779 }, "geometry": { "type": "Point", "coordinates": [ -85.151501136464432, 35.0006125 ] } },
{ "type": "Feature", "properties": { "county_nam": "Jackson", "county_norm": "JACKSON", "prec_id": "004505", "precinct_name": "Jackson - 004505", "precinct_norm": "JACKSON - 004505", "id": 1780 }, "geometry": { "type": "Point", "coordinates": [ -85.719952616236156, 36.2687295 ] } },
{ "type": "Feature", "properties": { "county_nam": "Hardin", "county_norm": "HARDIN", "prec_id": "003713", "precinct_name": "Hardin - 003713", "precinct_norm": "HARDIN - 003713", "id": 1781 }, "geometry": { "type": "Point", "coordinates": [ -88.318433449423779, 35.0597995 ] } },
{ "type": "Feature", "properties": { "county_nam": "Perry", "county_norm": "PERRY", "prec_id": "006959", "precinct_name": "Perry - 006959", "precinct_norm": "PERRY - 006959", "id": 1782 }, "geometry": { "type": "Point", "coordinates": [ -87.834908801600278, 35.5188265 ] } },
{ "type": "Feature", "properties": { "county_nam": "Hardin", "county_norm": "HARDIN", "prec_id": "003711", "precinct_name": "Hardin - 003711", "precinct_norm": "HARDIN - 003711", "id": 1783 }, "geometry": { "type": "Point", "coordinates": [ -88.029895875749389, 35.254312 ] } },
{ "type": "Feature", "properties": { "county_nam": "Madison", "county_norm": "MADISON", "prec_id": "005669", "precinct_name": "Madison - 005669", "precinct_norm": "MADISON - 005669", "id": 1784 }, "geometry": { "type": "Point", "coordinates": [ -88.822400655664651, 35.694962 ] } },
{ "type": "Feature", "properties": { "county_nam": "Knox", "county_norm": "KNOX", "prec_id": "004826", "precinct_name": "Knox - 004826", "precinct_norm": "KNOX - 004826", "id": 1785 }, "geometry": { "type": "Point", "coordinates": [ -83.865442708677691, 35.9309795 ] } },
{ "type": "Feature", "properties": { "county_nam": "Shelby", "county_norm": "SHELBY", "prec_id": "008203", "precinct_name": "Shelby - 008203", "precinct_norm": "SHELBY - 008203", "id": 1786 }, "geometry": { "type": "Point", "coordinates": [ -90.113525547132497, 35.043805 ] } },
{ "type": "Feature", "properties": { "county_nam": "Knox", "county_norm": "KNOX", "prec_id": "004868", "precinct_name": "Knox - 004868", "precinct_norm": "KNOX - 004868", "id": 1787 }, "geometry": { "type": "Point", "coordinates": [ -83.869641378790931, 35.9783585 ] } },
{ "type": "Feature", "properties": { "county_nam": "Clay", "county_norm": "CLAY", "prec_id": "001305", "precinct_name": "Clay - 001305", "precinct_norm": "CLAY - 001305", "id": 1788 }, "geometry": { "type": "Point", "coordinates": [ -85.491107854356514, 36.562908 ] } },
{ "type": "Feature", "properties": { "county_nam": "Shelby", "county_norm": "SHELBY", "prec_id": "008058", "precinct_name": "Shelby - 008058", "precinct_norm": "SHELBY - 008058", "id": 1789 }, "geometry": { "type": "Point", "coordinates": [ -89.855476792578571, 35.2222145 ] } },
{ "type": "Feature", "properties": { "county_nam": "Cocke", "county_norm": "COCKE", "prec_id": "001411", "precinct_name": "Cocke - 001411", "precinct_norm": "COCKE - 001411", "id": 1790 }, "geometry": { "type": "Point", "coordinates": [ -83.240609091778694, 35.904435 ] } },
{ "type": "Feature", "properties": { "county_nam": "Hamilton", "county_norm": "HAMILTON", "prec_id": "003406", "precinct_name": "Hamilton - 003406", "precinct_norm": "HAMILTON - 003406", "id": 1791 }, "geometry": { "type": "Point", "coordinates": [ -85.176209583706864, 35.108721 ] } },
{ "type": "Feature", "properties": { "county_nam": "Hamilton", "county_norm": "HAMILTON", "prec_id": "003357", "precinct_name": "Hamilton - 003357", "precinct_norm": "HAMILTON - 003357", "id": 1792 }, "geometry": { "type": "Point", "coordinates": [ -85.046283178548023, 35.0359475 ] } },
{ "type": "Feature", "properties": { "county_nam": "Hamilton", "county_norm": "HAMILTON", "prec_id": "003459", "precinct_name": "Hamilton - 003459", "precinct_norm": "HAMILTON - 003459", "id": 1793 }, "geometry": { "type": "Point", "coordinates": [ -85.044141670783134, 35.1561865 ] } },
{ "type": "Feature", "properties": { "county_nam": "Hamilton", "county_norm": "HAMILTON", "prec_id": "003423", "precinct_name": "Hamilton - 003423", "precinct_norm": "HAMILTON - 003423", "id": 1794 }, "geometry": { "type": "Point", "coordinates": [ -85.043158015433761, 35.2232285 ] } },
{ "type": "Feature", "properties": { "county_nam": "Hamilton", "county_norm": "HAMILTON", "prec_id": "003374", "precinct_name": "Hamilton - 003374", "precinct_norm": "HAMILTON - 003374", "id": 1795 }, "geometry": { "type": "Point", "coordinates": [ -85.167086422191488, 35.0379625 ] } },
{ "type": "Feature", "properties": { "county_nam": "Hamilton", "county_norm": "HAMILTON", "prec_id": "003436", "precinct_name": "Hamilton - 003436", "precinct_norm": "HAMILTON - 003436", "id": 1796 }, "geometry": { "type": "Point", "coordinates": [ -85.261181085361784, 35.132181 ] } },
{ "type": "Feature", "properties": { "county_nam": "Hamilton", "county_norm": "HAMILTON", "prec_id": "003458", "precinct_name": "Hamilton - 003458", "precinct_norm": "HAMILTON - 003458", "id": 1797 }, "geometry": { "type": "Point", "coordinates": [ -85.075898104919247, 35.2008725 ] } },
{ "type": "Feature", "properties": { "county_nam": "Hamilton", "county_norm": "HAMILTON", "prec_id": "003461", "precinct_name": "Hamilton - 003461", "precinct_norm": "HAMILTON - 003461", "id": 1798 }, "geometry": { "type": "Point", "coordinates": [ -85.21666617881084, 35.217969 ] } },
{ "type": "Feature", "properties": { "county_nam": "Warren", "county_norm": "WARREN", "prec_id": "009220", "precinct_name": "Warren - 009220", "precinct_norm": "WARREN - 009220", "id": 1799 }, "geometry": { "type": "Point", "coordinates": [ -85.815335850974023, 35.7260305 ] } },
{ "type": "Feature", "properties": { "county_nam": "Davidson", "county_norm": "DAVIDSON", "prec_id": "001826", "precinct_name": "Davidson - 001826", "precinct_norm": "DAVIDSON - 001826", "id": 1800 }, "geometry": { "type": "Point", "coordinates": [ -86.753544958062719, 36.1731215 ] } },
{ "type": "Feature", "properties": { "county_nam": "Davidson", "county_norm": "DAVIDSON", "prec_id": "001916", "precinct_name": "Davidson - 001916", "precinct_norm": "DAVIDSON - 001916", "id": 1801 }, "geometry": { "type": "Point", "coordinates": [ -86.837686738636364, 36.1332915 ] } },
{ "type": "Feature", "properties": { "county_nam": "Davidson", "county_norm": "DAVIDSON", "prec_id": "001902", "precinct_name": "Davidson - 001902", "precinct_norm": "DAVIDSON - 001902", "id": 1802 }, "geometry": { "type": "Point", "coordinates": [ -86.815040236637287, 36.1473305 ] } },
{ "type": "Feature", "properties": { "county_nam": "Davidson", "county_norm": "DAVIDSON", "prec_id": "001930", "precinct_name": "Davidson - 001930", "precinct_norm": "DAVIDSON - 001930", "id": 1803 }, "geometry": { "type": "Point", "coordinates": [ -86.662191156496505, 36.065672 ] } },
{ "type": "Feature", "properties": { "county_nam": "Davidson", "county_norm": "DAVIDSON", "prec_id": "001804", "precinct_name": "Davidson - 001804", "precinct_norm": "DAVIDSON - 001804", "id": 1804 }, "geometry": { "type": "Point", "coordinates": [ -86.927291901362977, 36.1900905 ] } },
{ "type": "Feature", "properties": { "county_nam": "Davidson", "county_norm": "DAVIDSON", "prec_id": "001922", "precinct_name": "Davidson - 001922", "precinct_norm": "DAVIDSON - 001922", "id": 1805 }, "geometry": { "type": "Point", "coordinates": [ -86.71197228508629, 36.088269 ] } },
{ "type": "Feature", "properties": { "county_nam": "Cannon", "county_norm": "CANNON", "prec_id": "000709", "precinct_name": "Cannon - 000709", "precinct_norm": "CANNON - 000709", "id": 1806 }, "geometry": { "type": "Point", "coordinates": [ -85.94232743133955, 35.8314995 ] } },
{ "type": "Feature", "properties": { "county_nam": "Sevier", "county_norm": "SEVIER", "prec_id": "007975", "precinct_name": "Sevier - 007975", "precinct_norm": "SEVIER - 007975", "id": 1807 }, "geometry": { "type": "Point", "coordinates": [ -83.530601675467636, 35.8435415 ] } },
{ "type": "Feature", "properties": { "county_nam": "Sevier", "county_norm": "SEVIER", "prec_id": "007973", "precinct_name": "Sevier - 007973", "precinct_norm": "SEVIER - 007973", "id": 1808 }, "geometry": { "type": "Point", "coordinates": [ -83.52154343615868, 35.9343345 ] } },
{ "type": "Feature", "properties": { "county_nam": "Rutherford", "county_norm": "RUTHERFORD", "prec_id": "007684", "precinct_name": "Rutherford - 007684", "precinct_norm": "RUTHERFORD - 007684", "id": 1809 }, "geometry": { "type": "Point", "coordinates": [ -86.39508115427509, 35.868065 ] } },
{ "type": "Feature", "properties": { "county_nam": "Rutherford", "county_norm": "RUTHERFORD", "prec_id": "007674", "precinct_name": "Rutherford - 007674", "precinct_norm": "RUTHERFORD - 007674", "id": 1810 }, "geometry": { "type": "Point", "coordinates": [ -86.521060940424661, 35.946712 ] } },
{ "type": "Feature", "properties": { "county_nam": "Macon", "county_norm": "MACON", "prec_id": "005554", "precinct_name": "Macon - 005554", "precinct_norm": "MACON - 005554", "id": 1811 }, "geometry": { "type": "Point", "coordinates": [ -85.993815730392313, 36.4956225 ] } },
{ "type": "Feature", "properties": { "county_nam": "Rutherford", "county_norm": "RUTHERFORD", "prec_id": "007690", "precinct_name": "Rutherford - 007690", "precinct_norm": "RUTHERFORD - 007690", "id": 1812 }, "geometry": { "type": "Point", "coordinates": [ -86.379519615740747, 35.7972245 ] } },
{ "type": "Feature", "properties": { "county_nam": "Decatur", "county_norm": "DECATUR", "prec_id": "002062", "precinct_name": "Decatur - 002062", "precinct_norm": "DECATUR - 002062", "id": 1813 }, "geometry": { "type": "Point", "coordinates": [ -88.047364307074616, 35.6490585 ] } },
{ "type": "Feature", "properties": { "county_nam": "McNairy", "county_norm": "MCNAIRY", "prec_id": "006164", "precinct_name": "McNairy - 006164", "precinct_norm": "MCNAIRY - 006164", "id": 1814 }, "geometry": { "type": "Point", "coordinates": [ -88.534857714546618, 35.083341 ] } },
{ "type": "Feature", "properties": { "county_nam": "McNairy", "county_norm": "MCNAIRY", "prec_id": "006153", "precinct_name": "McNairy - 006153", "precinct_norm": "MCNAIRY - 006153", "id": 1815 }, "geometry": { "type": "Point", "coordinates": [ -88.552734347935711, 35.189237 ] } },
{ "type": "Feature", "properties": { "county_nam": "Perry", "county_norm": "PERRY", "prec_id": "006951", "precinct_name": "Perry - 006951", "precinct_norm": "PERRY - 006951", "id": 1816 }, "geometry": { "type": "Point", "coordinates": [ -87.959737002529891, 35.7228715 ] } },
{ "type": "Feature", "properties": { "county_nam": "Franklin", "county_norm": "FRANKLIN", "prec_id": "002659", "precinct_name": "Franklin - 002659", "precinct_norm": "FRANKLIN - 002659", "id": 1817 }, "geometry": { "type": "Point", "coordinates": [ -86.101110254330706, 35.0539525 ] } },
{ "type": "Feature", "properties": { "county_nam": "Shelby", "county_norm": "SHELBY", "prec_id": "008154", "precinct_name": "Shelby - 008154", "precinct_norm": "SHELBY - 008154", "id": 1818 }, "geometry": { "type": "Point", "coordinates": [ -89.91330121619724, 35.138451 ] } },
{ "type": "Feature", "properties": { "county_nam": "Shelby", "county_norm": "SHELBY", "prec_id": "008216", "precinct_name": "Shelby - 008216", "precinct_norm": "SHELBY - 008216", "id": 1819 }, "geometry": { "type": "Point", "coordinates": [ -89.84628912483808, 35.1123735 ] } },
{ "type": "Feature", "properties": { "county_nam": "Fentress", "county_norm": "FENTRESS", "prec_id": "002558", "precinct_name": "Fentress - 002558", "precinct_norm": "FENTRESS - 002558", "id": 1820 }, "geometry": { "type": "Point", "coordinates": [ -84.962077903797365, 36.4513505 ] } },
{ "type": "Feature", "properties": { "county_nam": "Lewis", "county_norm": "LEWIS", "prec_id": "005259", "precinct_name": "Lewis - 005259", "precinct_norm": "LEWIS - 005259", "id": 1821 }, "geometry": { "type": "Point", "coordinates": [ -87.559790253509519, 35.5483775 ] } },
{ "type": "Feature", "properties": { "county_nam": "Pickett", "county_norm": "PICKETT", "prec_id": "007053", "precinct_name": "Pickett - 007053", "precinct_norm": "PICKETT - 007053", "id": 1822 }, "geometry": { "type": "Point", "coordinates": [ -85.088361861000578, 36.5865575 ] } },
{ "type": "Feature", "properties": { "county_nam": "Maury", "county_norm": "MAURY", "prec_id": "005971", "precinct_name": "Maury - 005971", "precinct_norm": "MAURY - 005971", "id": 1823 }, "geometry": { "type": "Point", "coordinates": [ -86.939236104687041, 35.7044125 ] } },
{ "type": "Feature", "properties": { "county_nam": "Trousdale", "county_norm": "TROUSDALE", "prec_id": "008804", "precinct_name": "Trousdale - 008804", "precinct_norm": "TROUSDALE - 008804", "id": 1824 }, "geometry": { "type": "Point", "coordinates": [ -86.156891455555552, 36.415327 ] } },
{ "type": "Feature", "properties": { "county_nam": "McNairy", "county_norm": "MCNAIRY", "prec_id": "006161", "precinct_name": "McNairy - 006161", "precinct_norm": "MCNAIRY - 006161", "id": 1825 }, "geometry": { "type": "Point", "coordinates": [ -88.502726646564639, 35.249871 ] } },
{ "type": "Feature", "properties": { "county_nam": "Montgomery", "county_norm": "MONTGOMERY", "prec_id": "006472", "precinct_name": "Montgomery - 006472", "precinct_norm": "MONTGOMERY - 006472", "id": 1826 }, "geometry": { "type": "Point", "coordinates": [ -87.371083396755097, 36.5005695 ] } },
{ "type": "Feature", "properties": { "county_nam": "Cumberland", "county_norm": "CUMBERLAND", "prec_id": "001701", "precinct_name": "Cumberland - 001701", "precinct_norm": "CUMBERLAND - 001701", "id": 1827 }, "geometry": { "type": "Point", "coordinates": [ -85.096049318843328, 36.0040625 ] } },
{ "type": "Feature", "properties": { "county_nam": "DeKalb", "county_norm": "DEKALB", "prec_id": "002155", "precinct_name": "DeKalb - 002155", "precinct_norm": "DEKALB - 002155", "id": 1828 }, "geometry": { "type": "Point", "coordinates": [ -85.751652298316912, 36.0112445 ] } },
{ "type": "Feature", "properties": { "county_nam": "Davidson", "county_norm": "DAVIDSON", "prec_id": "001925", "precinct_name": "Davidson - 001925", "precinct_norm": "DAVIDSON - 001925", "id": 1829 }, "geometry": { "type": "Point", "coordinates": [ -86.765104896160636, 36.065715 ] } },
{ "type": "Feature", "properties": { "county_nam": "Davidson", "county_norm": "DAVIDSON", "prec_id": "001869", "precinct_name": "Davidson - 001869", "precinct_norm": "DAVIDSON - 001869", "id": 1830 }, "geometry": { "type": "Point", "coordinates": [ -86.68503128868349, 36.177678 ] } },
{ "type": "Feature", "properties": { "county_nam": "Knox", "county_norm": "KNOX", "prec_id": "004841", "precinct_name": "Knox - 004841", "precinct_norm": "KNOX - 004841", "id": 1831 }, "geometry": { "type": "Point", "coordinates": [ -84.163327560195413, 35.829313 ] } },
{ "type": "Feature", "properties": { "county_nam": "Washington", "county_norm": "WASHINGTON", "prec_id": "009327", "precinct_name": "Washington - 009327", "precinct_norm": "WASHINGTON - 009327", "id": 1832 }, "geometry": { "type": "Point", "coordinates": [ -82.504345236183525, 36.242503 ] } },
{ "type": "Feature", "properties": { "county_nam": "Lauderdale", "county_norm": "LAUDERDALE", "prec_id": "005060", "precinct_name": "Lauderdale - 005060", "precinct_norm": "LAUDERDALE - 005060", "id": 1833 }, "geometry": { "type": "Point", "coordinates": [ -89.827256997313214, 35.674026 ] } },
{ "type": "Feature", "properties": { "county_nam": "Davidson", "county_norm": "DAVIDSON", "prec_id": "001847", "precinct_name": "Davidson - 001847", "precinct_norm": "DAVIDSON - 001847", "id": 1834 }, "geometry": { "type": "Point", "coordinates": [ -86.717852706347514, 36.3070675 ] } },
{ "type": "Feature", "properties": { "county_nam": "Davidson", "county_norm": "DAVIDSON", "prec_id": "001909", "precinct_name": "Davidson - 001909", "precinct_norm": "DAVIDSON - 001909", "id": 1835 }, "geometry": { "type": "Point", "coordinates": [ -86.887177476570372, 36.087528 ] } },
{ "type": "Feature", "properties": { "county_nam": "Knox", "county_norm": "KNOX", "prec_id": "004862", "precinct_name": "Knox - 004862", "precinct_norm": "KNOX - 004862", "id": 1836 }, "geometry": { "type": "Point", "coordinates": [ -83.937576437705815, 35.959099 ] } },
{ "type": "Feature", "properties": { "county_nam": "Knox", "county_norm": "KNOX", "prec_id": "004858", "precinct_name": "Knox - 004858", "precinct_norm": "KNOX - 004858", "id": 1837 }, "geometry": { "type": "Point", "coordinates": [ -83.974632760793071, 35.961805 ] } },
{ "type": "Feature", "properties": { "county_nam": "Hardin", "county_norm": "HARDIN", "prec_id": "003706", "precinct_name": "Hardin - 003706", "precinct_norm": "HARDIN - 003706", "id": 1838 }, "geometry": { "type": "Point", "coordinates": [ -88.106900281967242, 35.3576275 ] } },
{ "type": "Feature", "properties": { "county_nam": "Dyer", "county_norm": "DYER", "prec_id": "002365", "precinct_name": "Dyer - 002365", "precinct_norm": "DYER - 002365", "id": 1839 }, "geometry": { "type": "Point", "coordinates": [ -89.401399032763692, 36.085663 ] } },
{ "type": "Feature", "properties": { "county_nam": "Shelby", "county_norm": "SHELBY", "prec_id": "008065", "precinct_name": "Shelby - 008065", "precinct_norm": "SHELBY - 008065", "id": 1840 }, "geometry": { "type": "Point", "coordinates": [ -89.75904809040108, 35.228466 ] } },
{ "type": "Feature", "properties": { "county_nam": "Shelby", "county_norm": "SHELBY", "prec_id": "008080", "precinct_name": "Shelby - 008080", "precinct_norm": "SHELBY - 008080", "id": 1841 }, "geometry": { "type": "Point", "coordinates": [ -89.785938983722033, 35.118797 ] } },
{ "type": "Feature", "properties": { "county_nam": "Roane", "county_norm": "ROANE", "prec_id": "007459", "precinct_name": "Roane - 007459", "precinct_norm": "ROANE - 007459", "id": 1842 }, "geometry": { "type": "Point", "coordinates": [ -84.380072553972809, 35.997515 ] } },
{ "type": "Feature", "properties": { "county_nam": "Scott", "county_norm": "SCOTT", "prec_id": "007759", "precinct_name": "Scott - 007759", "precinct_norm": "SCOTT - 007759", "id": 1843 }, "geometry": { "type": "Point", "coordinates": [ -84.479461244801797, 36.4580435 ] } },
{ "type": "Feature", "properties": { "county_nam": "Stewart", "county_norm": "STEWART", "prec_id": "008401", "precinct_name": "Stewart - 008401", "precinct_norm": "STEWART - 008401", "id": 1844 }, "geometry": { "type": "Point", "coordinates": [ -87.708640476781596, 36.577531 ] } },
{ "type": "Feature", "properties": { "county_nam": "Shelby", "county_norm": "SHELBY", "prec_id": "008094", "precinct_name": "Shelby - 008094", "precinct_norm": "SHELBY - 008094", "id": 1845 }, "geometry": { "type": "Point", "coordinates": [ -89.744648797976708, 35.0747995 ] } },
{ "type": "Feature", "properties": { "county_nam": "Trousdale", "county_norm": "TROUSDALE", "prec_id": "008810", "precinct_name": "Trousdale - 008810", "precinct_norm": "TROUSDALE - 008810", "id": 1846 }, "geometry": { "type": "Point", "coordinates": [ -86.169149661156084, 36.3458695 ] } },
{ "type": "Feature", "properties": { "county_nam": "Anderson", "county_norm": "ANDERSON", "prec_id": "000024", "precinct_name": "Anderson - 000024", "precinct_norm": "ANDERSON - 000024", "id": 1847 }, "geometry": { "type": "Point", "coordinates": [ -84.344069818861897, 36.1572935 ] } },
{ "type": "Feature", "properties": { "county_nam": "Pickett", "county_norm": "PICKETT", "prec_id": "007052", "precinct_name": "Pickett - 007052", "precinct_norm": "PICKETT - 007052", "id": 1848 }, "geometry": { "type": "Point", "coordinates": [ -85.225591327836781, 36.586371 ] } },
{ "type": "Feature", "properties": { "county_nam": "Rhea", "county_norm": "RHEA", "prec_id": "007352", "precinct_name": "Rhea - 007352", "precinct_norm": "RHEA - 007352", "id": 1849 }, "geometry": { "type": "Point", "coordinates": [ -84.860180887890635, 35.7645085 ] } },
{ "type": "Feature", "properties": { "county_nam": "DeKalb", "county_norm": "DEKALB", "prec_id": "002166", "precinct_name": "DeKalb - 002166", "precinct_norm": "DEKALB - 002166", "id": 1850 }, "geometry": { "type": "Point", "coordinates": [ -85.712918170679615, 35.859029 ] } },
{ "type": "Feature", "properties": { "county_nam": "Shelby", "county_norm": "SHELBY", "prec_id": "008076", "precinct_name": "Shelby - 008076", "precinct_norm": "SHELBY - 008076", "id": 1851 }, "geometry": { "type": "Point", "coordinates": [ -89.739103265013767, 35.139125 ] } },
{ "type": "Feature", "properties": { "county_nam": "Marion", "county_norm": "MARION", "prec_id": "005759", "precinct_name": "Marion - 005759", "precinct_norm": "MARION - 005759", "id": 1852 }, "geometry": { "type": "Point", "coordinates": [ -85.807730874512004, 35.0148195 ] } },
{ "type": "Feature", "properties": { "county_nam": "Decatur", "county_norm": "DECATUR", "prec_id": "002061", "precinct_name": "Decatur - 002061", "precinct_norm": "DECATUR - 002061", "id": 1853 }, "geometry": { "type": "Point", "coordinates": [ -88.159636085289463, 35.6754265 ] } },
{ "type": "Feature", "properties": { "county_nam": "Decatur", "county_norm": "DECATUR", "prec_id": "002063", "precinct_name": "Decatur - 002063", "precinct_norm": "DECATUR - 002063", "id": 1854 }, "geometry": { "type": "Point", "coordinates": [ -88.182364795792097, 35.639945 ] } },
{ "type": "Feature", "properties": { "county_nam": "Anderson", "county_norm": "ANDERSON", "prec_id": "000018", "precinct_name": "Anderson - 000018", "precinct_norm": "ANDERSON - 000018", "id": 1855 }, "geometry": { "type": "Point", "coordinates": [ -84.064119669727802, 36.2118665 ] } },
{ "type": "Feature", "properties": { "county_nam": "Madison", "county_norm": "MADISON", "prec_id": "005675", "precinct_name": "Madison - 005675", "precinct_norm": "MADISON - 005675", "id": 1856 }, "geometry": { "type": "Point", "coordinates": [ -88.847802151323862, 35.6788845 ] } },
{ "type": "Feature", "properties": { "county_nam": "Davidson", "county_norm": "DAVIDSON", "prec_id": "001837", "precinct_name": "Davidson - 001837", "precinct_norm": "DAVIDSON - 001837", "id": 1857 }, "geometry": { "type": "Point", "coordinates": [ -86.753392977700656, 36.2301535 ] } },
{ "type": "Feature", "properties": { "county_nam": "Davidson", "county_norm": "DAVIDSON", "prec_id": "001812", "precinct_name": "Davidson - 001812", "precinct_norm": "DAVIDSON - 001812", "id": 1858 }, "geometry": { "type": "Point", "coordinates": [ -86.828901230122057, 36.290369 ] } },
{ "type": "Feature", "properties": { "county_nam": "Carter", "county_norm": "CARTER", "prec_id": "000917", "precinct_name": "Carter - 000917", "precinct_norm": "CARTER - 000917", "id": 1859 }, "geometry": { "type": "Point", "coordinates": [ -82.243025214639232, 36.2724275 ] } },
{ "type": "Feature", "properties": { "county_nam": "Crockett", "county_norm": "CROCKETT", "prec_id": "001608", "precinct_name": "Crockett - 001608", "precinct_norm": "CROCKETT - 001608", "id": 1860 }, "geometry": { "type": "Point", "coordinates": [ -89.175447317154479, 35.8052835 ] } },
{ "type": "Feature", "properties": { "county_nam": "Union", "county_norm": "UNION", "prec_id": "009008", "precinct_name": "Union - 009008", "precinct_norm": "UNION - 009008", "id": 1861 }, "geometry": { "type": "Point", "coordinates": [ -83.871528374505942, 36.4113915 ] } },
{ "type": "Feature", "properties": { "county_nam": "Blount", "county_norm": "BLOUNT", "prec_id": "000404", "precinct_name": "Blount - 000404", "precinct_norm": "BLOUNT - 000404", "id": 1862 }, "geometry": { "type": "Point", "coordinates": [ -83.971993525086361, 35.732746 ] } },
{ "type": "Feature", "properties": { "county_nam": "Davidson", "county_norm": "DAVIDSON", "prec_id": "001808", "precinct_name": "Davidson - 001808", "precinct_norm": "DAVIDSON - 001808", "id": 1863 }, "geometry": { "type": "Point", "coordinates": [ -86.793118469650068, 36.2033385 ] } },
{ "type": "Feature", "properties": { "county_nam": "Davidson", "county_norm": "DAVIDSON", "prec_id": "001933", "precinct_name": "Davidson - 001933", "precinct_norm": "DAVIDSON - 001933", "id": 1864 }, "geometry": { "type": "Point", "coordinates": [ -86.634410260895294, 36.08326 ] } },
{ "type": "Feature", "properties": { "county_nam": "Cannon", "county_norm": "CANNON", "prec_id": "000702", "precinct_name": "Cannon - 000702", "precinct_norm": "CANNON - 000702", "id": 1865 }, "geometry": { "type": "Point", "coordinates": [ -86.018525929982701, 35.9226065 ] } },
{ "type": "Feature", "properties": { "county_nam": "Claiborne", "county_norm": "CLAIBORNE", "prec_id": "001208", "precinct_name": "Claiborne - 001208", "precinct_norm": "CLAIBORNE - 001208", "id": 1866 }, "geometry": { "type": "Point", "coordinates": [ -83.787651871561138, 36.4999625 ] } },
{ "type": "Feature", "properties": { "county_nam": "Hamilton", "county_norm": "HAMILTON", "prec_id": "003467", "precinct_name": "Hamilton - 003467", "precinct_norm": "HAMILTON - 003467", "id": 1867 }, "geometry": { "type": "Point", "coordinates": [ -85.104519436928214, 35.066364 ] } },
{ "type": "Feature", "properties": { "county_nam": "Claiborne", "county_norm": "CLAIBORNE", "prec_id": "001216", "precinct_name": "Claiborne - 001216", "precinct_norm": "CLAIBORNE - 001216", "id": 1868 }, "geometry": { "type": "Point", "coordinates": [ -83.432528799671587, 36.5046435 ] } },
{ "type": "Feature", "properties": { "county_nam": "Chester", "county_norm": "CHESTER", "prec_id": "001109", "precinct_name": "Chester - 001109", "precinct_norm": "CHESTER - 001109", "id": 1869 }, "geometry": { "type": "Point", "coordinates": [ -88.621986657692304, 35.394988 ] } },
{ "type": "Feature", "properties": { "county_nam": "Bledsoe", "county_norm": "BLEDSOE", "prec_id": "000305", "precinct_name": "Bledsoe - 000305", "precinct_norm": "BLEDSOE - 000305", "id": 1870 }, "geometry": { "type": "Point", "coordinates": [ -85.306291154933206, 35.607307 ] } },
{ "type": "Feature", "properties": { "county_nam": "Monroe", "county_norm": "MONROE", "prec_id": "006358", "precinct_name": "Monroe - 006358", "precinct_norm": "MONROE - 006358", "id": 1871 }, "geometry": { "type": "Point", "coordinates": [ -84.240918600313904, 35.5930255 ] } },
{ "type": "Feature", "properties": { "county_nam": "Rutherford", "county_norm": "RUTHERFORD", "prec_id": "007668", "precinct_name": "Rutherford - 007668", "precinct_norm": "RUTHERFORD - 007668", "id": 1872 }, "geometry": { "type": "Point", "coordinates": [ -86.444268801383174, 35.7540975 ] } },
{ "type": "Feature", "properties": { "county_nam": "Sevier", "county_norm": "SEVIER", "prec_id": "007971", "precinct_name": "Sevier - 007971", "precinct_norm": "SEVIER - 007971", "id": 1873 }, "geometry": { "type": "Point", "coordinates": [ -83.420707578226626, 35.8635895 ] } },
{ "type": "Feature", "properties": { "county_nam": "Hamilton", "county_norm": "HAMILTON", "prec_id": "003403", "precinct_name": "Hamilton - 003403", "precinct_norm": "HAMILTON - 003403", "id": 1874 }, "geometry": { "type": "Point", "coordinates": [ -85.196774173511798, 35.3340125 ] } },
{ "type": "Feature", "properties": { "county_nam": "Hamilton", "county_norm": "HAMILTON", "prec_id": "003355", "precinct_name": "Hamilton - 003355", "precinct_norm": "HAMILTON - 003355", "id": 1875 }, "geometry": { "type": "Point", "coordinates": [ -85.017706544369048, 35.013815 ] } },
{ "type": "Feature", "properties": { "county_nam": "Hawkins", "county_norm": "HAWKINS", "prec_id": "003813", "precinct_name": "Hawkins - 003813", "precinct_norm": "HAWKINS - 003813", "id": 1876 }, "geometry": { "type": "Point", "coordinates": [ -83.112534887137599, 36.3987495 ] } },
{ "type": "Feature", "properties": { "county_nam": "Hamilton", "county_norm": "HAMILTON", "prec_id": "003446", "precinct_name": "Hamilton - 003446", "precinct_norm": "HAMILTON - 003446", "id": 1877 }, "geometry": { "type": "Point", "coordinates": [ -85.209597648146683, 35.1808865 ] } },
{ "type": "Feature", "properties": { "county_nam": "Hamilton", "county_norm": "HAMILTON", "prec_id": "003466", "precinct_name": "Hamilton - 003466", "precinct_norm": "HAMILTON - 003466", "id": 1878 }, "geometry": { "type": "Point", "coordinates": [ -85.129087816919196, 35.0897415 ] } },
{ "type": "Feature", "properties": { "county_nam": "Robertson", "county_norm": "ROBERTSON", "prec_id": "007563", "precinct_name": "Robertson - 007563", "precinct_norm": "ROBERTSON - 007563", "id": 1879 }, "geometry": { "type": "Point", "coordinates": [ -86.776986622507366, 36.517409 ] } },
{ "type": "Feature", "properties": { "county_nam": "Rhea", "county_norm": "RHEA", "prec_id": "007361", "precinct_name": "Rhea - 007361", "precinct_norm": "RHEA - 007361", "id": 1880 }, "geometry": { "type": "Point", "coordinates": [ -85.088392219908741, 35.4590895 ] } },
{ "type": "Feature", "properties": { "county_nam": "Warren", "county_norm": "WARREN", "prec_id": "009202", "precinct_name": "Warren - 009202", "precinct_norm": "WARREN - 009202", "id": 1881 }, "geometry": { "type": "Point", "coordinates": [ -85.795605567637352, 35.6800685 ] } },
{ "type": "Feature", "properties": { "county_nam": "Hamilton", "county_norm": "HAMILTON", "prec_id": "003449", "precinct_name": "Hamilton - 003449", "precinct_norm": "HAMILTON - 003449", "id": 1882 }, "geometry": { "type": "Point", "coordinates": [ -85.296113572366096, 35.10747 ] } },
{ "type": "Feature", "properties": { "county_nam": "Sequatchie", "county_norm": "SEQUATCHIE", "prec_id": "007857", "precinct_name": "Sequatchie - 007857", "precinct_norm": "SEQUATCHIE - 007857", "id": 1883 }, "geometry": { "type": "Point", "coordinates": [ -85.391888474096064, 35.3509945 ] } },
{ "type": "Feature", "properties": { "county_nam": "Van Buren", "county_norm": "VAN BUREN", "prec_id": "009105", "precinct_name": "Van Buren - 009105", "precinct_norm": "VAN BUREN - 009105", "id": 1884 }, "geometry": { "type": "Point", "coordinates": [ -85.46628060229007, 35.72134 ] } },
{ "type": "Feature", "properties": { "county_nam": "Shelby", "county_norm": "SHELBY", "prec_id": "008206", "precinct_name": "Shelby - 008206", "precinct_norm": "SHELBY - 008206", "id": 1885 }, "geometry": { "type": "Point", "coordinates": [ -90.044573707219939, 35.0177815 ] } },
{ "type": "Feature", "properties": { "county_nam": "Marion", "county_norm": "MARION", "prec_id": "005751", "precinct_name": "Marion - 005751", "precinct_norm": "MARION - 005751", "id": 1886 }, "geometry": { "type": "Point", "coordinates": [ -85.373210575451793, 35.080755 ] } },
{ "type": "Feature", "properties": { "county_nam": "Davidson", "county_norm": "DAVIDSON", "prec_id": "001932", "precinct_name": "Davidson - 001932", "precinct_norm": "DAVIDSON - 001932", "id": 1887 }, "geometry": { "type": "Point", "coordinates": [ -86.644268669758418, 36.1035025 ] } },
{ "type": "Feature", "properties": { "county_nam": "Campbell", "county_norm": "CAMPBELL", "prec_id": "000610", "precinct_name": "Campbell - 000610", "precinct_norm": "CAMPBELL - 000610", "id": 1888 }, "geometry": { "type": "Point", "coordinates": [ -84.15935924959399, 36.358746 ] } },
{ "type": "Feature", "properties": { "county_nam": "Perry", "county_norm": "PERRY", "prec_id": "006958", "precinct_name": "Perry - 006958", "precinct_norm": "PERRY - 006958", "id": 1889 }, "geometry": { "type": "Point", "coordinates": [ -87.943840800057501, 35.6060595 ] } },
{ "type": "Feature", "properties": { "county_nam": "Perry", "county_norm": "PERRY", "prec_id": "006960", "precinct_name": "Perry - 006960", "precinct_norm": "PERRY - 006960", "id": 1890 }, "geometry": { "type": "Point", "coordinates": [ -87.95597842865007, 35.6535985 ] } },
{ "type": "Feature", "properties": { "county_nam": "Shelby", "county_norm": "SHELBY", "prec_id": "008084", "precinct_name": "Shelby - 008084", "precinct_norm": "SHELBY - 008084", "id": 1891 }, "geometry": { "type": "Point", "coordinates": [ -89.777776341936828, 35.01949 ] } },
{ "type": "Feature", "properties": { "county_nam": "Davidson", "county_norm": "DAVIDSON", "prec_id": "001836", "precinct_name": "Davidson - 001836", "precinct_norm": "DAVIDSON - 001836", "id": 1892 }, "geometry": { "type": "Point", "coordinates": [ -86.713230830614208, 36.245012 ] } },
{ "type": "Feature", "properties": { "county_nam": "Knox", "county_norm": "KNOX", "prec_id": "004849", "precinct_name": "Knox - 004849", "precinct_norm": "KNOX - 004849", "id": 1893 }, "geometry": { "type": "Point", "coordinates": [ -84.092521961626872, 36.006737 ] } },
{ "type": "Feature", "properties": { "county_nam": "White", "county_norm": "WHITE", "prec_id": "009606", "precinct_name": "White - 009606", "precinct_norm": "WHITE - 009606", "id": 1894 }, "geometry": { "type": "Point", "coordinates": [ -85.287869512452318, 35.8941225 ] } },
{ "type": "Feature", "properties": { "county_nam": "Knox", "county_norm": "KNOX", "prec_id": "004819", "precinct_name": "Knox - 004819", "precinct_norm": "KNOX - 004819", "id": 1895 }, "geometry": { "type": "Point", "coordinates": [ -83.764369115562602, 35.9664585 ] } },
{ "type": "Feature", "properties": { "county_nam": "Bledsoe", "county_norm": "BLEDSOE", "prec_id": "000306", "precinct_name": "Bledsoe - 000306", "precinct_norm": "BLEDSOE - 000306", "id": 1896 }, "geometry": { "type": "Point", "coordinates": [ -85.207007205015685, 35.5723345 ] } },
{ "type": "Feature", "properties": { "county_nam": "Shelby", "county_norm": "SHELBY", "prec_id": "008099", "precinct_name": "Shelby - 008099", "precinct_norm": "SHELBY - 008099", "id": 1897 }, "geometry": { "type": "Point", "coordinates": [ -89.885866543918922, 35.286614 ] } },
{ "type": "Feature", "properties": { "county_nam": "Carroll", "county_norm": "CARROLL", "prec_id": "000811", "precinct_name": "Carroll - 000811", "precinct_norm": "CARROLL - 000811", "id": 1898 }, "geometry": { "type": "Point", "coordinates": [ -88.255818340162421, 36.1068985 ] } },
{ "type": "Feature", "properties": { "county_nam": "Morgan", "county_norm": "MORGAN", "prec_id": "006655", "precinct_name": "Morgan - 006655", "precinct_norm": "MORGAN - 006655", "id": 1899 }, "geometry": { "type": "Point", "coordinates": [ -84.848061216285544, 36.17161 ] } },
{ "type": "Feature", "properties": { "county_nam": "Wilson", "county_norm": "WILSON", "prec_id": "009805", "precinct_name": "Wilson - 009805", "precinct_norm": "WILSON - 009805", "id": 1900 }, "geometry": { "type": "Point", "coordinates": [ -86.451872863600499, 36.3110255 ] } },
{ "type": "Feature", "properties": { "county_nam": "Robertson", "county_norm": "ROBERTSON", "prec_id": "007560", "precinct_name": "Robertson - 007560", "precinct_norm": "ROBERTSON - 007560", "id": 1901 }, "geometry": { "type": "Point", "coordinates": [ -86.79589352328756, 36.459577 ] } },
{ "type": "Feature", "properties": { "county_nam": "Hamilton", "county_norm": "HAMILTON", "prec_id": "003440", "precinct_name": "Hamilton - 003440", "precinct_norm": "HAMILTON - 003440", "id": 1902 }, "geometry": { "type": "Point", "coordinates": [ -85.094258867311908, 35.041002 ] } },
{ "type": "Feature", "properties": { "county_nam": "Haywood", "county_norm": "HAYWOOD", "prec_id": "003904", "precinct_name": "Haywood - 003904", "precinct_norm": "HAYWOOD - 003904", "id": 1903 }, "geometry": { "type": "Point", "coordinates": [ -89.260463572316283, 35.6077195 ] } },
{ "type": "Feature", "properties": { "county_nam": "Crockett", "county_norm": "CROCKETT", "prec_id": "001604", "precinct_name": "Crockett - 001604", "precinct_norm": "CROCKETT - 001604", "id": 1904 }, "geometry": { "type": "Point", "coordinates": [ -89.120087060351892, 35.7293025 ] } },
{ "type": "Feature", "properties": { "county_nam": "Hamilton", "county_norm": "HAMILTON", "prec_id": "003410", "precinct_name": "Hamilton - 003410", "precinct_norm": "HAMILTON - 003410", "id": 1905 }, "geometry": { "type": "Point", "coordinates": [ -85.104990180052653, 35.183793 ] } },
{ "type": "Feature", "properties": { "county_nam": "Montgomery", "county_norm": "MONTGOMERY", "prec_id": "006463", "precinct_name": "Montgomery - 006463", "precinct_norm": "MONTGOMERY - 006463", "id": 1906 }, "geometry": { "type": "Point", "coordinates": [ -87.365530781182258, 36.6176175 ] } },
{ "type": "Feature", "properties": { "county_nam": "Hamilton", "county_norm": "HAMILTON", "prec_id": "003368", "precinct_name": "Hamilton - 003368", "precinct_norm": "HAMILTON - 003368", "id": 1907 }, "geometry": { "type": "Point", "coordinates": [ -85.030438072497731, 35.035193 ] } },
{ "type": "Feature", "properties": { "county_nam": "Marion", "county_norm": "MARION", "prec_id": "005767", "precinct_name": "Marion - 005767", "precinct_norm": "MARION - 005767", "id": 1908 }, "geometry": { "type": "Point", "coordinates": [ -85.576045220284243, 35.2301085 ] } },
{ "type": "Feature", "properties": { "county_nam": "Hamilton", "county_norm": "HAMILTON", "prec_id": "003402", "precinct_name": "Hamilton - 003402", "precinct_norm": "HAMILTON - 003402", "id": 1909 }, "geometry": { "type": "Point", "coordinates": [ -85.254702507226426, 35.2079595 ] } },
{ "type": "Feature", "properties": { "county_nam": "Davidson", "county_norm": "DAVIDSON", "prec_id": "001818", "precinct_name": "Davidson - 001818", "precinct_norm": "DAVIDSON - 001818", "id": 1910 }, "geometry": { "type": "Point", "coordinates": [ -86.718726574770258, 36.0345525 ] } },
{ "type": "Feature", "properties": { "county_nam": "Davidson", "county_norm": "DAVIDSON", "prec_id": "001845", "precinct_name": "Davidson - 001845", "precinct_norm": "DAVIDSON - 001845", "id": 1911 }, "geometry": { "type": "Point", "coordinates": [ -86.751278943431032, 36.32499 ] } },
{ "type": "Feature", "properties": { "county_nam": "Davidson", "county_norm": "DAVIDSON", "prec_id": "001823", "precinct_name": "Davidson - 001823", "precinct_norm": "DAVIDSON - 001823", "id": 1912 }, "geometry": { "type": "Point", "coordinates": [ -86.74304106990563, 36.2029865 ] } },
{ "type": "Feature", "properties": { "county_nam": "Cocke", "county_norm": "COCKE", "prec_id": "001416", "precinct_name": "Cocke - 001416", "precinct_norm": "COCKE - 001416", "id": 1913 }, "geometry": { "type": "Point", "coordinates": [ -83.197684796572275, 35.9553485 ] } },
{ "type": "Feature", "properties": { "county_nam": "Chester", "county_norm": "CHESTER", "prec_id": "001110", "precinct_name": "Chester - 001110", "precinct_norm": "CHESTER - 001110", "id": 1914 }, "geometry": { "type": "Point", "coordinates": [ -88.806003238551824, 35.399501 ] } },
{ "type": "Feature", "properties": { "county_nam": "Morgan", "county_norm": "MORGAN", "prec_id": "006660", "precinct_name": "Morgan - 006660", "precinct_norm": "MORGAN - 006660", "id": 1915 }, "geometry": { "type": "Point", "coordinates": [ -84.508597507175224, 36.1113065 ] } },
{ "type": "Feature", "properties": { "county_nam": "Anderson", "county_norm": "ANDERSON", "prec_id": "000012", "precinct_name": "Anderson - 000012", "precinct_norm": "ANDERSON - 000012", "id": 1916 }, "geometry": { "type": "Point", "coordinates": [ -84.21896738910381, 36.0477055 ] } },
{ "type": "Feature", "properties": { "county_nam": "Davidson", "county_norm": "DAVIDSON", "prec_id": "001931", "precinct_name": "Davidson - 001931", "precinct_norm": "DAVIDSON - 001931", "id": 1917 }, "geometry": { "type": "Point", "coordinates": [ -86.677822798010965, 36.07245 ] } },
{ "type": "Feature", "properties": { "county_nam": "Davidson", "county_norm": "DAVIDSON", "prec_id": "001849", "precinct_name": "Davidson - 001849", "precinct_norm": "DAVIDSON - 001849", "id": 1918 }, "geometry": { "type": "Point", "coordinates": [ -86.683759978605508, 36.3011895 ] } },
{ "type": "Feature", "properties": { "county_nam": "Hamilton", "county_norm": "HAMILTON", "prec_id": "003362", "precinct_name": "Hamilton - 003362", "precinct_norm": "HAMILTON - 003362", "id": 1919 }, "geometry": { "type": "Point", "coordinates": [ -85.175221875893072, 35.085784 ] } },
{ "type": "Feature", "properties": { "county_nam": "Sequatchie", "county_norm": "SEQUATCHIE", "prec_id": "007852", "precinct_name": "Sequatchie - 007852", "precinct_norm": "SEQUATCHIE - 007852", "id": 1920 }, "geometry": { "type": "Point", "coordinates": [ -85.365489786873312, 35.22768 ] } },
{ "type": "Feature", "properties": { "county_nam": "Davidson", "county_norm": "DAVIDSON", "prec_id": "001819", "precinct_name": "Davidson - 001819", "precinct_norm": "DAVIDSON - 001819", "id": 1921 }, "geometry": { "type": "Point", "coordinates": [ -86.750176120964397, 36.023328 ] } },
{ "type": "Feature", "properties": { "county_nam": "Davidson", "county_norm": "DAVIDSON", "prec_id": "001876", "precinct_name": "Davidson - 001876", "precinct_norm": "DAVIDSON - 001876", "id": 1922 }, "geometry": { "type": "Point", "coordinates": [ -86.738786161563837, 36.122057 ] } },
{ "type": "Feature", "properties": { "county_nam": "Carroll", "county_norm": "CARROLL", "prec_id": "000802", "precinct_name": "Carroll - 000802", "precinct_norm": "CARROLL - 000802", "id": 1923 }, "geometry": { "type": "Point", "coordinates": [ -88.430306513297438, 36.116184 ] } },
{ "type": "Feature", "properties": { "county_nam": "Warren", "county_norm": "WARREN", "prec_id": "009213", "precinct_name": "Warren - 009213", "precinct_norm": "WARREN - 009213", "id": 1924 }, "geometry": { "type": "Point", "coordinates": [ -85.807359263195977, 35.5898205 ] } },
{ "type": "Feature", "properties": { "county_nam": "Davidson", "county_norm": "DAVIDSON", "prec_id": "001856", "precinct_name": "Davidson - 001856", "precinct_norm": "DAVIDSON - 001856", "id": 1925 }, "geometry": { "type": "Point", "coordinates": [ -86.601080986052409, 36.1854855 ] } },
{ "type": "Feature", "properties": { "county_nam": "Davidson", "county_norm": "DAVIDSON", "prec_id": "001954", "precinct_name": "Davidson - 001954", "precinct_norm": "DAVIDSON - 001954", "id": 1926 }, "geometry": { "type": "Point", "coordinates": [ -86.879602988454891, 36.0759975 ] } },
{ "type": "Feature", "properties": { "county_nam": "Carter", "county_norm": "CARTER", "prec_id": "000922", "precinct_name": "Carter - 000922", "precinct_norm": "CARTER - 000922", "id": 1927 }, "geometry": { "type": "Point", "coordinates": [ -82.191963104536853, 36.371187 ] } },
{ "type": "Feature", "properties": { "county_nam": "Davidson", "county_norm": "DAVIDSON", "prec_id": "001948", "precinct_name": "Davidson - 001948", "precinct_norm": "DAVIDSON - 001948", "id": 1928 }, "geometry": { "type": "Point", "coordinates": [ -86.546887804116579, 36.094941 ] } },
{ "type": "Feature", "properties": { "county_nam": "Hamilton", "county_norm": "HAMILTON", "prec_id": "003369", "precinct_name": "Hamilton - 003369", "precinct_norm": "HAMILTON - 003369", "id": 1929 }, "geometry": { "type": "Point", "coordinates": [ -85.038668221347734, 35.057127 ] } },
{ "type": "Feature", "properties": { "county_nam": "Davidson", "county_norm": "DAVIDSON", "prec_id": "001865", "precinct_name": "Davidson - 001865", "precinct_norm": "DAVIDSON - 001865", "id": 1930 }, "geometry": { "type": "Point", "coordinates": [ -86.616552529545231, 36.148774 ] } },
{ "type": "Feature", "properties": { "county_nam": "Davidson", "county_norm": "DAVIDSON", "prec_id": "001947", "precinct_name": "Davidson - 001947", "precinct_norm": "DAVIDSON - 001947", "id": 1931 }, "geometry": { "type": "Point", "coordinates": [ -86.62105940822569, 36.0409795 ] } },
{ "type": "Feature", "properties": { "county_nam": "Rutherford", "county_norm": "RUTHERFORD", "prec_id": "007688", "precinct_name": "Rutherford - 007688", "precinct_norm": "RUTHERFORD - 007688", "id": 1932 }, "geometry": { "type": "Point", "coordinates": [ -86.359263501481053, 35.8425475 ] } },
{ "type": "Feature", "properties": { "county_nam": "Franklin", "county_norm": "FRANKLIN", "prec_id": "005757", "precinct_name": "Franklin - 005757", "precinct_norm": "FRANKLIN - 005757", "id": 1933 }, "geometry": { "type": "Point", "coordinates": [ -85.864451019127614, 35.2099775 ] } },
{ "type": "Feature", "properties": { "county_nam": "Anderson", "county_norm": "ANDERSON", "prec_id": "000008", "precinct_name": "Anderson - 000008", "precinct_norm": "ANDERSON - 000008", "id": 1934 }, "geometry": { "type": "Point", "coordinates": [ -84.208983256972118, 36.1026505 ] } },
{ "type": "Feature", "properties": { "county_nam": "Davidson", "county_norm": "DAVIDSON", "prec_id": "001874", "precinct_name": "Davidson - 001874", "precinct_norm": "DAVIDSON - 001874", "id": 1935 }, "geometry": { "type": "Point", "coordinates": [ -86.71071772011183, 36.1172795 ] } },
{ "type": "Feature", "properties": { "county_nam": "Madison", "county_norm": "MADISON", "prec_id": "005679", "precinct_name": "Madison - 005679", "precinct_norm": "MADISON - 005679", "id": 1936 }, "geometry": { "type": "Point", "coordinates": [ -88.927299204675265, 35.6696645 ] } },
{ "type": "Feature", "properties": { "county_nam": "Hamilton", "county_norm": "HAMILTON", "prec_id": "003471", "precinct_name": "Hamilton - 003471", "precinct_norm": "HAMILTON - 003471", "id": 1937 }, "geometry": { "type": "Point", "coordinates": [ -85.308236265143577, 35.1457895 ] } },
{ "type": "Feature", "properties": { "county_nam": "Hamilton", "county_norm": "HAMILTON", "prec_id": "003430", "precinct_name": "Hamilton - 003430", "precinct_norm": "HAMILTON - 003430", "id": 1938 }, "geometry": { "type": "Point", "coordinates": [ -85.339146200558218, 35.0964705 ] } },
{ "type": "Feature", "properties": { "county_nam": "Hamilton", "county_norm": "HAMILTON", "prec_id": "003367", "precinct_name": "Hamilton - 003367", "precinct_norm": "HAMILTON - 003367", "id": 1939 }, "geometry": { "type": "Point", "coordinates": [ -85.063713183455576, 35.0441395 ] } },
{ "type": "Feature", "properties": { "county_nam": "Clay", "county_norm": "CLAY", "prec_id": "001301", "precinct_name": "Clay - 001301", "precinct_norm": "CLAY - 001301", "id": 1940 }, "geometry": { "type": "Point", "coordinates": [ -85.327543785423998, 36.570767 ] } },
{ "type": "Feature", "properties": { "county_nam": "Hamilton", "county_norm": "HAMILTON", "prec_id": "003424", "precinct_name": "Hamilton - 003424", "precinct_norm": "HAMILTON - 003424", "id": 1941 }, "geometry": { "type": "Point", "coordinates": [ -85.179748415951025, 35.1921665 ] } },
{ "type": "Feature", "properties": { "county_nam": "Hamilton", "county_norm": "HAMILTON", "prec_id": "003400", "precinct_name": "Hamilton - 003400", "precinct_norm": "HAMILTON - 003400", "id": 1942 }, "geometry": { "type": "Point", "coordinates": [ -85.288494605726228, 35.0137915 ] } },
{ "type": "Feature", "properties": { "county_nam": "Davidson", "county_norm": "DAVIDSON", "prec_id": "001934", "precinct_name": "Davidson - 001934", "precinct_norm": "DAVIDSON - 001934", "id": 1943 }, "geometry": { "type": "Point", "coordinates": [ -86.626479203026904, 36.0706405 ] } },
{ "type": "Feature", "properties": { "county_nam": "Hamilton", "county_norm": "HAMILTON", "prec_id": "003474", "precinct_name": "Hamilton - 003474", "precinct_norm": "HAMILTON - 003474", "id": 1944 }, "geometry": { "type": "Point", "coordinates": [ -85.113181250408743, 34.995042 ] } },
{ "type": "Feature", "properties": { "county_nam": "Morgan", "county_norm": "MORGAN", "prec_id": "006657", "precinct_name": "Morgan - 006657", "precinct_norm": "MORGAN - 006657", "id": 1945 }, "geometry": { "type": "Point", "coordinates": [ -84.552088129207917, 36.04655 ] } },
{ "type": "Feature", "properties": { "county_nam": "Franklin", "county_norm": "FRANKLIN", "prec_id": "005764", "precinct_name": "Franklin - 005764", "precinct_norm": "FRANKLIN - 005764", "id": 1946 }, "geometry": { "type": "Point", "coordinates": [ -85.867311752158315, 35.018721 ] } },
{ "type": "Feature", "properties": { "county_nam": "Hamilton", "county_norm": "HAMILTON", "prec_id": "003411", "precinct_name": "Hamilton - 003411", "precinct_norm": "HAMILTON - 003411", "id": 1947 }, "geometry": { "type": "Point", "coordinates": [ -85.243305809118226, 35.1676915 ] } },
{ "type": "Feature", "properties": { "county_nam": "Hamilton", "county_norm": "HAMILTON", "prec_id": "003453", "precinct_name": "Hamilton - 003453", "precinct_norm": "HAMILTON - 003453", "id": 1948 }, "geometry": { "type": "Point", "coordinates": [ -85.246582352800971, 35.034074 ] } },
{ "type": "Feature", "properties": { "county_nam": "Davidson", "county_norm": "DAVIDSON", "prec_id": "001811", "precinct_name": "Davidson - 001811", "precinct_norm": "DAVIDSON - 001811", "id": 1949 }, "geometry": { "type": "Point", "coordinates": [ -86.7880672778399, 36.342256 ] } },
{ "type": "Feature", "properties": { "county_nam": "Davidson", "county_norm": "DAVIDSON", "prec_id": "001889", "precinct_name": "Davidson - 001889", "precinct_norm": "DAVIDSON - 001889", "id": 1950 }, "geometry": { "type": "Point", "coordinates": [ -86.82116030960546, 36.133243 ] } },
{ "type": "Feature", "properties": { "county_nam": "Davidson", "county_norm": "DAVIDSON", "prec_id": "001940", "precinct_name": "Davidson - 001940", "precinct_norm": "DAVIDSON - 001940", "id": 1951 }, "geometry": { "type": "Point", "coordinates": [ -86.680036696674662, 36.0485025 ] } },
{ "type": "Feature", "properties": { "county_nam": "Putnam", "county_norm": "PUTNAM", "prec_id": "007274", "precinct_name": "Putnam - 007274", "precinct_norm": "PUTNAM - 007274", "id": 1952 }, "geometry": { "type": "Point", "coordinates": [ -85.418902521807553, 36.0921295 ] } },
{ "type": "Feature", "properties": { "county_nam": "Hamilton", "county_norm": "HAMILTON", "prec_id": "003433", "precinct_name": "Hamilton - 003433", "precinct_norm": "HAMILTON - 003433", "id": 1953 }, "geometry": { "type": "Point", "coordinates": [ -85.17621522700415, 35.09904 ] } },
{ "type": "Feature", "properties": { "county_nam": "Davidson", "county_norm": "DAVIDSON", "prec_id": "001911", "precinct_name": "Davidson - 001911", "precinct_norm": "DAVIDSON - 001911", "id": 1954 }, "geometry": { "type": "Point", "coordinates": [ -86.866441342049995, 36.1286405 ] } },
{ "type": "Feature", "properties": { "county_nam": "Hamilton", "county_norm": "HAMILTON", "prec_id": "003429", "precinct_name": "Hamilton - 003429", "precinct_norm": "HAMILTON - 003429", "id": 1955 }, "geometry": { "type": "Point", "coordinates": [ -85.376404691521799, 35.116412 ] } },
{ "type": "Feature", "properties": { "county_nam": "Davidson", "county_norm": "DAVIDSON", "prec_id": "001872", "precinct_name": "Davidson - 001872", "precinct_norm": "DAVIDSON - 001872", "id": 1956 }, "geometry": { "type": "Point", "coordinates": [ -86.718129208498397, 36.135223 ] } },
{ "type": "Feature", "properties": { "county_nam": "Hamilton", "county_norm": "HAMILTON", "prec_id": "003416", "precinct_name": "Hamilton - 003416", "precinct_norm": "HAMILTON - 003416", "id": 1957 }, "geometry": { "type": "Point", "coordinates": [ -85.182255099737063, 35.0705555 ] } },
{ "type": "Feature", "properties": { "county_nam": "Hamilton", "county_norm": "HAMILTON", "prec_id": "003447", "precinct_name": "Hamilton - 003447", "precinct_norm": "HAMILTON - 003447", "id": 1958 }, "geometry": { "type": "Point", "coordinates": [ -85.22645334274759, 35.192144 ] } },
{ "type": "Feature", "properties": { "county_nam": "Hamilton", "county_norm": "HAMILTON", "prec_id": "003444", "precinct_name": "Hamilton - 003444", "precinct_norm": "HAMILTON - 003444", "id": 1959 }, "geometry": { "type": "Point", "coordinates": [ -85.005222257352386, 35.064283 ] } },
{ "type": "Feature", "properties": { "county_nam": "Sevier", "county_norm": "SEVIER", "prec_id": "007972", "precinct_name": "Sevier - 007972", "precinct_norm": "SEVIER - 007972", "id": 1960 }, "geometry": { "type": "Point", "coordinates": [ -83.500050878416914, 35.819771 ] } },
{ "type": "Feature", "properties": { "county_nam": "Hamilton", "county_norm": "HAMILTON", "prec_id": "003445", "precinct_name": "Hamilton - 003445", "precinct_norm": "HAMILTON - 003445", "id": 1961 }, "geometry": { "type": "Point", "coordinates": [ -85.007425656788087, 35.0489635 ] } },
{ "type": "Feature", "properties": { "county_nam": "Hamilton", "county_norm": "HAMILTON", "prec_id": "003376", "precinct_name": "Hamilton - 003376", "precinct_norm": "HAMILTON - 003376", "id": 1962 }, "geometry": { "type": "Point", "coordinates": [ -85.141488327496774, 35.0220195 ] } },
{ "type": "Feature", "properties": { "county_nam": "Davidson", "county_norm": "DAVIDSON", "prec_id": "001858", "precinct_name": "Davidson - 001858", "precinct_norm": "DAVIDSON - 001858", "id": 1963 }, "geometry": { "type": "Point", "coordinates": [ -86.609540152604922, 36.141951 ] } },
{ "type": "Feature", "properties": { "county_nam": "Davidson", "county_norm": "DAVIDSON", "prec_id": "001866", "precinct_name": "Davidson - 001866", "precinct_norm": "DAVIDSON - 001866", "id": 1964 }, "geometry": { "type": "Point", "coordinates": [ -86.598773351438581, 36.162816 ] } },
{ "type": "Feature", "properties": { "county_nam": "Marion", "county_norm": "MARION", "prec_id": "002660", "precinct_name": "Marion - 002660", "precinct_norm": "MARION - 002660", "id": 1965 }, "geometry": { "type": "Point", "coordinates": [ -85.872799240740747, 35.221259 ] } }
]
}
