{"type": "FeatureCollection", "features": [{"type": "Feature", "properties": {"county_nam": "Hardeman", "county_norm": "HARDEMAN", "prec_id": "003604", "precinct_norm": "HARDEMAN - 003604", "precinct_name": "Hardeman - 003604", "precinct_full_name": "West Bolivar", "name20": "West Bolivar", "GEOID20": "47069003604"}, "geometry": {"type": "Point", "coordinates": [-89.0771319264706, 35.3379185]}}, {"type": "Feature", "properties": {"county_nam": "Hardeman", "county_norm": "HARDEMAN", "prec_id": "003601", "precinct_norm": "HARDEMAN - 003601", "precinct_name": "Hardeman - 003601", "precinct_full_name": "Bolivar", "name20": "Bolivar", "GEOID20": "47069003601"}, "geometry": {"type": "Point", "coordinates": [-89.00968694140624, 35.2048225]}}, {"type": "Feature", "properties": {"county_nam": "Hardeman", "county_norm": "HARDEMAN", "prec_id": "003603", "precinct_norm": "HARDEMAN - 003603", "precinct_name": "Hardeman - 003603", "precinct_full_name": "Whiteville", "name20": "Whiteville", "GEOID20": "47069003603"}, "geometry": {"type": "Point", "coordinates": [-89.16049991637765, 35.326477]}}, {"type": "Feature", "properties": {"county_nam": "Hardeman", "county_norm": "HARDEMAN", "prec_id": "003602", "precinct_norm": "HARDEMAN - 003602", "precinct_name": "Hardeman - 003602", "precinct_full_name": "Hickory Valley", "name20": "Hickory Valley", "GEOID20": "47069003602"}, "geometry": {"type": "Point", "coordinates": [-89.10920278374428, 35.1911415]}}, {"type": "Feature", "properties": {"county_nam": "Hardeman", "county_norm": "HARDEMAN", "prec_id": "003608", "precinct_norm": "HARDEMAN - 003608", "precinct_name": "Hardeman - 003608", "precinct_full_name": "Toone", "name20": "Toone", "GEOID20": "47069003608"}, "geometry": {"type": "Point", "coordinates": [-88.97274742975597, 35.368115]}}, {"type": "Feature", "properties": {"county_nam": "Hardeman", "county_norm": "HARDEMAN", "prec_id": "003606", "precinct_norm": "HARDEMAN - 003606", "precinct_name": "Hardeman - 003606", "precinct_full_name": "Lacy", "name20": "Lacy", "GEOID20": "47069003606"}, "geometry": {"type": "Point", "coordinates": [-88.86656677586495, 35.1435955]}}, {"type": "Feature", "properties": {"county_nam": "Hardeman", "county_norm": "HARDEMAN", "prec_id": "003611", "precinct_norm": "HARDEMAN - 003611", "precinct_name": "Hardeman - 003611", "precinct_full_name": "Pocahontas", "name20": "Pocahontas", "GEOID20": "47069003611"}, "geometry": {"type": "Point", "coordinates": [-88.80728169019231, 35.0636655]}}, {"type": "Feature", "properties": {"county_nam": "Hardeman", "county_norm": "HARDEMAN", "prec_id": "003605", "precinct_norm": "HARDEMAN - 003605", "precinct_name": "Hardeman - 003605", "precinct_full_name": "Middleton", "name20": "Middleton", "GEOID20": "47069003605"}, "geometry": {"type": "Point", "coordinates": [-88.91508141153847, 35.0689935]}}, {"type": "Feature", "properties": {"county_nam": "Hardeman", "county_norm": "HARDEMAN", "prec_id": "003607", "precinct_norm": "HARDEMAN - 003607", "precinct_name": "Hardeman - 003607", "precinct_full_name": "Silerton", "name20": "Silerton", "GEOID20": "47069003607"}, "geometry": {"type": "Point", "coordinates": [-88.86159736881189, 35.3474265]}}, {"type": "Feature", "properties": {"county_nam": "Hardeman", "county_norm": "HARDEMAN", "prec_id": "003610", "precinct_norm": "HARDEMAN - 003610", "precinct_name": "Hardeman - 003610", "precinct_full_name": "Dixie Hills", "name20": "Dixie Hills", "GEOID20": "47069003610"}, "geometry": {"type": "Point", "coordinates": [-88.93864695226245, 35.212201]}}, {"type": "Feature", "properties": {"county_nam": "Hardeman", "county_norm": "HARDEMAN", "prec_id": "003609", "precinct_norm": "HARDEMAN - 003609", "precinct_name": "Hardeman - 003609", "precinct_full_name": "Hornsby", "name20": "Hornsby", "GEOID20": "47069003609"}, "geometry": {"type": "Point", "coordinates": [-88.85092241982841, 35.237785]}}, {"type": "Feature", "properties": {"county_nam": "Hardeman", "county_norm": "HARDEMAN", "prec_id": "003612", "precinct_norm": "HARDEMAN - 003612", "precinct_name": "Hardeman - 003612", "precinct_full_name": "Saulsbury", "name20": "Saulsbury", "GEOID20": "47069003612"}, "geometry": {"type": "Point", "coordinates": [-89.04439547397047, 35.067662]}}, {"type": "Feature", "properties": {"county_nam": "Hardeman", "county_norm": "HARDEMAN", "prec_id": "003613", "precinct_norm": "HARDEMAN - 003613", "precinct_name": "Hardeman - 003613", "precinct_full_name": "Grand Junction", "name20": "Grand Junction", "GEOID20": "47069003613"}, "geometry": {"type": "Point", "coordinates": [-89.1514122392418, 35.046535000000006]}}, {"type": "Feature", "properties": {"county_nam": "Overton", "county_norm": "OVERTON", "prec_id": "006853", "precinct_norm": "OVERTON - 006853", "precinct_name": "Overton - 006853", "precinct_full_name": "1 Livingston", "name20": "1 Livingston", "GEOID20": "47133006853"}, "geometry": {"type": "Point", "coordinates": [-85.34378697653226, 36.379013]}}, {"type": "Feature", "properties": {"county_nam": "Overton", "county_norm": "OVERTON", "prec_id": "006852", "precinct_norm": "OVERTON - 006852", "precinct_name": "Overton - 006852", "precinct_full_name": "2 Allons", "name20": "2 Allons", "GEOID20": "47133006852"}, "geometry": {"type": "Point", "coordinates": [-85.34802495014084, 36.459664000000004]}}, {"type": "Feature", "properties": {"county_nam": "Overton", "county_norm": "OVERTON", "prec_id": "006854", "precinct_norm": "OVERTON - 006854", "precinct_name": "Overton - 006854", "precinct_full_name": "2 Monroe", "name20": "2 Monroe", "GEOID20": "47133006854"}, "geometry": {"type": "Point", "coordinates": [-85.20727593269179, 36.4515155]}}, {"type": "Feature", "properties": {"county_nam": "Overton", "county_norm": "OVERTON", "prec_id": "006856", "precinct_norm": "OVERTON - 006856", "precinct_name": "Overton - 006856", "precinct_full_name": "3 Poteet", "name20": "3 Poteet", "GEOID20": "47133006856"}, "geometry": {"type": "Point", "coordinates": [-85.20349789638502, 36.3665335]}}, {"type": "Feature", "properties": {"county_nam": "Overton", "county_norm": "OVERTON", "prec_id": "006858", "precinct_norm": "OVERTON - 006858", "precinct_name": "Overton - 006858", "precinct_full_name": "3 Wilson", "name20": "3 Wilson", "GEOID20": "47133006858"}, "geometry": {"type": "Point", "coordinates": [-85.14658548066667, 36.2423465]}}, {"type": "Feature", "properties": {"county_nam": "Overton", "county_norm": "OVERTON", "prec_id": "006859", "precinct_norm": "OVERTON - 006859", "precinct_name": "Overton - 006859", "precinct_full_name": "3 Rushing Springs", "name20": "3 Rushing Springs", "GEOID20": "47133006859"}, "geometry": {"type": "Point", "coordinates": [-85.25199084087674, 36.2561855]}}, {"type": "Feature", "properties": {"county_nam": "Overton", "county_norm": "OVERTON", "prec_id": "006851", "precinct_norm": "OVERTON - 006851", "precinct_name": "Overton - 006851", "precinct_full_name": "5 Hilham", "name20": "5 Hilham", "GEOID20": "47133006851"}, "geometry": {"type": "Point", "coordinates": [-85.45644000461255, 36.373537999999996]}}, {"type": "Feature", "properties": {"county_nam": "Overton", "county_norm": "OVERTON", "prec_id": "006855", "precinct_norm": "OVERTON - 006855", "precinct_name": "Overton - 006855", "precinct_full_name": "5 Fairgrounds", "name20": "5 Fairgrounds", "GEOID20": "47133006855"}, "geometry": {"type": "Point", "coordinates": [-85.33599172558385, 36.344974500000006]}}, {"type": "Feature", "properties": {"county_nam": "Franklin", "county_norm": "FRANKLIN", "prec_id": "005764", "precinct_norm": "FRANKLIN - 005764", "precinct_name": "Franklin - 005764", "precinct_full_name": "South Pittsburg", "name20": "South Pittsburg", "GEOID20": "47051005764"}, "geometry": {"type": "Point", "coordinates": [-85.86728224348148, 35.0187515]}}, {"type": "Feature", "properties": {"county_nam": "Anderson", "county_norm": "ANDERSON", "prec_id": "000004", "precinct_norm": "ANDERSON - 000004", "precinct_name": "Anderson - 000004", "precinct_full_name": "Claxton", "name20": "Claxton", "GEOID20": "47001000004"}, "geometry": {"type": "Point", "coordinates": [-84.10639956451612, 36.0715915]}}, {"type": "Feature", "properties": {"county_nam": "Anderson", "county_norm": "ANDERSON", "prec_id": "000003", "precinct_norm": "ANDERSON - 000003", "precinct_name": "Anderson - 000003", "precinct_full_name": "Bull Run", "name20": "Bull Run", "GEOID20": "47001000003"}, "geometry": {"type": "Point", "coordinates": [-84.14538478681965, 36.035392]}}, {"type": "Feature", "properties": {"county_nam": "Anderson", "county_norm": "ANDERSON", "prec_id": "000019", "precinct_norm": "ANDERSON - 000019", "precinct_name": "Anderson - 000019", "precinct_full_name": "North Clinton", "name20": "North Clinton", "GEOID20": "47001000019"}, "geometry": {"type": "Point", "coordinates": [-84.11252785681856, 36.120025999999996]}}, {"type": "Feature", "properties": {"county_nam": "Anderson", "county_norm": "ANDERSON", "prec_id": "000005", "precinct_norm": "ANDERSON - 000005", "precinct_name": "Anderson - 000005", "precinct_full_name": "Clinton", "name20": "Clinton", "GEOID20": "47001000005"}, "geometry": {"type": "Point", "coordinates": [-84.14879317878865, 36.0930135]}}, {"type": "Feature", "properties": {"county_nam": "Anderson", "county_norm": "ANDERSON", "prec_id": "000025", "precinct_norm": "ANDERSON - 000025", "precinct_name": "Anderson - 000025", "precinct_full_name": "South Clinton", "name20": "South Clinton", "GEOID20": "47001000025"}, "geometry": {"type": "Point", "coordinates": [-84.13504554121954, 36.080563]}}, {"type": "Feature", "properties": {"county_nam": "Anderson", "county_norm": "ANDERSON", "prec_id": "000024", "precinct_norm": "ANDERSON - 000024", "precinct_name": "Anderson - 000024", "precinct_full_name": "Rosedale", "name20": "Rosedale", "GEOID20": "47001000024"}, "geometry": {"type": "Point", "coordinates": [-84.34433332840484, 36.158078]}}, {"type": "Feature", "properties": {"county_nam": "Anderson", "county_norm": "ANDERSON", "prec_id": "000020", "precinct_norm": "ANDERSON - 000020", "precinct_name": "Anderson - 000020", "precinct_full_name": "Norwood", "name20": "Norwood", "GEOID20": "47001000020"}, "geometry": {"type": "Point", "coordinates": [-84.32273761332377, 36.069713]}}, {"type": "Feature", "properties": {"county_nam": "Anderson", "county_norm": "ANDERSON", "prec_id": "000008", "precinct_norm": "ANDERSON - 000008", "precinct_name": "Anderson - 000008", "precinct_full_name": "Dutch Valley", "name20": "Dutch Valley", "GEOID20": "47001000008"}, "geometry": {"type": "Point", "coordinates": [-84.20964192131474, 36.101928]}}, {"type": "Feature", "properties": {"county_nam": "Anderson", "county_norm": "ANDERSON", "prec_id": "000017", "precinct_norm": "ANDERSON - 000017", "precinct_name": "Anderson - 000017", "precinct_full_name": "Marlow", "name20": "Marlow", "GEOID20": "47001000017"}, "geometry": {"type": "Point", "coordinates": [-84.26304204132974, 36.0605125]}}, {"type": "Feature", "properties": {"county_nam": "Anderson", "county_norm": "ANDERSON", "prec_id": "000006", "precinct_norm": "ANDERSON - 000006", "precinct_name": "Anderson - 000006", "precinct_full_name": "Clinton High", "name20": "Clinton High", "GEOID20": "47001000006"}, "geometry": {"type": "Point", "coordinates": [-84.17429428254847, 36.094741]}}, {"type": "Feature", "properties": {"county_nam": "Anderson", "county_norm": "ANDERSON", "prec_id": "000001", "precinct_norm": "ANDERSON - 000001", "precinct_name": "Anderson - 000001", "precinct_full_name": "Andersonville", "name20": "Andersonville", "GEOID20": "47001000001"}, "geometry": {"type": "Point", "coordinates": [-84.00895094568253, 36.23344]}}, {"type": "Feature", "properties": {"county_nam": "Anderson", "county_norm": "ANDERSON", "prec_id": "000010", "precinct_norm": "ANDERSON - 000010", "precinct_name": "Anderson - 000010", "precinct_full_name": "Fairview", "name20": "Fairview", "GEOID20": "47001000010"}, "geometry": {"type": "Point", "coordinates": [-84.0065012805383, 36.165367]}}, {"type": "Feature", "properties": {"county_nam": "Anderson", "county_norm": "ANDERSON", "prec_id": "000002", "precinct_norm": "ANDERSON - 000002", "precinct_name": "Anderson - 000002", "precinct_full_name": "Briceville", "name20": "Briceville", "GEOID20": "47001000002"}, "geometry": {"type": "Point", "coordinates": [-84.21675532933155, 36.163962]}}, {"type": "Feature", "properties": {"county_nam": "Anderson", "county_norm": "ANDERSON", "prec_id": "000007", "precinct_norm": "ANDERSON - 000007", "precinct_name": "Anderson - 000007", "precinct_full_name": "Clinton Middle School", "name20": "Clinton Middle School", "GEOID20": "47001000007"}, "geometry": {"type": "Point", "coordinates": [-84.17055105487654, 36.1329525]}}, {"type": "Feature", "properties": {"county_nam": "Anderson", "county_norm": "ANDERSON", "prec_id": "000015", "precinct_norm": "ANDERSON - 000015", "precinct_name": "Anderson - 000015", "precinct_full_name": "Lake City", "name20": "Lake City", "GEOID20": "47001000015"}, "geometry": {"type": "Point", "coordinates": [-84.15581924963396, 36.222901]}}, {"type": "Feature", "properties": {"county_nam": "Anderson", "county_norm": "ANDERSON", "prec_id": "000016", "precinct_norm": "ANDERSON - 000016", "precinct_name": "Anderson - 000016", "precinct_full_name": "Lake City Middle School", "name20": "Lake City Middle School", "GEOID20": "47001000016"}, "geometry": {"type": "Point", "coordinates": [-84.14147124940504, 36.187342]}}, {"type": "Feature", "properties": {"county_nam": "Anderson", "county_norm": "ANDERSON", "prec_id": "000011", "precinct_norm": "ANDERSON - 000011", "precinct_name": "Anderson - 000011", "precinct_full_name": "Glen Alpine", "name20": "Glen Alpine", "GEOID20": "47001000011"}, "geometry": {"type": "Point", "coordinates": [-84.08313620398121, 36.166144]}}, {"type": "Feature", "properties": {"county_nam": "Anderson", "county_norm": "ANDERSON", "prec_id": "000018", "precinct_norm": "ANDERSON - 000018", "precinct_name": "Anderson - 000018", "precinct_full_name": "Norris", "name20": "Norris", "GEOID20": "47001000018"}, "geometry": {"type": "Point", "coordinates": [-84.06406615756015, 36.21189699999999]}}, {"type": "Feature", "properties": {"county_nam": "Anderson", "county_norm": "ANDERSON", "prec_id": "000021", "precinct_norm": "ANDERSON - 000021", "precinct_name": "Anderson - 000021", "precinct_full_name": "Oak Ridge City Hall", "name20": "Oak Ridge City Hall", "GEOID20": "47001000021"}, "geometry": {"type": "Point", "coordinates": [-84.26925981347537, 36.000391500000006]}}, {"type": "Feature", "properties": {"county_nam": "Anderson", "county_norm": "ANDERSON", "prec_id": "000023", "precinct_norm": "ANDERSON - 000023", "precinct_name": "Anderson - 000023", "precinct_full_name": "Robertsville", "name20": "Robertsville", "GEOID20": "47001000023"}, "geometry": {"type": "Point", "coordinates": [-84.28175817415541, 36.0130755]}}, {"type": "Feature", "properties": {"county_nam": "Anderson", "county_norm": "ANDERSON", "prec_id": "000027", "precinct_norm": "ANDERSON - 000027", "precinct_name": "Anderson - 000027", "precinct_full_name": "Woodland", "name20": "Woodland", "GEOID20": "47001000027"}, "geometry": {"type": "Point", "coordinates": [-84.24560026050818, 36.0142385]}}, {"type": "Feature", "properties": {"county_nam": "Anderson", "county_norm": "ANDERSON", "prec_id": "000009", "precinct_norm": "ANDERSON - 000009", "precinct_name": "Anderson - 000009", "precinct_full_name": "Emory Valley", "name20": "Emory Valley", "GEOID20": "47001000009"}, "geometry": {"type": "Point", "coordinates": [-84.203686825, 36.0451245]}}, {"type": "Feature", "properties": {"county_nam": "Anderson", "county_norm": "ANDERSON", "prec_id": "000013", "precinct_norm": "ANDERSON - 000013", "precinct_name": "Anderson - 000013", "precinct_full_name": "Hendrix Creek", "name20": "Hendrix Creek", "GEOID20": "47001000013"}, "geometry": {"type": "Point", "coordinates": [-84.1994103375869, 36.007825]}}, {"type": "Feature", "properties": {"county_nam": "Anderson", "county_norm": "ANDERSON", "prec_id": "000026", "precinct_norm": "ANDERSON - 000026", "precinct_name": "Anderson - 000026", "precinct_full_name": "West Hills", "name20": "West Hills", "GEOID20": "47001000026"}, "geometry": {"type": "Point", "coordinates": [-84.26178913387771, 35.9618445]}}, {"type": "Feature", "properties": {"county_nam": "Anderson", "county_norm": "ANDERSON", "prec_id": "000022", "precinct_norm": "ANDERSON - 000022", "precinct_name": "Anderson - 000022", "precinct_full_name": "Pine Valley", "name20": "Pine Valley", "GEOID20": "47001000022"}, "geometry": {"type": "Point", "coordinates": [-84.24626120658073, 36.041216500000004]}}, {"type": "Feature", "properties": {"county_nam": "Anderson", "county_norm": "ANDERSON", "prec_id": "000014", "precinct_norm": "ANDERSON - 000014", "precinct_name": "Anderson - 000014", "precinct_full_name": "Highland View", "name20": "Highland View", "GEOID20": "47001000014"}, "geometry": {"type": "Point", "coordinates": [-84.27354850573528, 36.024181]}}, {"type": "Feature", "properties": {"county_nam": "Anderson", "county_norm": "ANDERSON", "prec_id": "000012", "precinct_norm": "ANDERSON - 000012", "precinct_name": "Anderson - 000012", "precinct_full_name": "Glenwood", "name20": "Glenwood", "GEOID20": "47001000012"}, "geometry": {"type": "Point", "coordinates": [-84.21901292374604, 36.047747]}}, {"type": "Feature", "properties": {"county_nam": "Dyer", "county_norm": "DYER", "prec_id": "002351", "precinct_norm": "DYER - 002351", "precinct_name": "Dyer - 002351", "precinct_full_name": "A - Bonicord", "name20": "A - Bonicord", "GEOID20": "47045002351"}, "geometry": {"type": "Point", "coordinates": [-89.28056160496001, 35.955126]}}, {"type": "Feature", "properties": {"county_nam": "Dyer", "county_norm": "DYER", "prec_id": "002352", "precinct_norm": "DYER - 002352", "precinct_name": "Dyer - 002352", "precinct_full_name": "A - Fowlkes", "name20": "A - Fowlkes", "GEOID20": "47045002352"}, "geometry": {"type": "Point", "coordinates": [-89.41383388296, 35.954213499999994]}}, {"type": "Feature", "properties": {"county_nam": "Dyer", "county_norm": "DYER", "prec_id": "002353", "precinct_norm": "DYER - 002353", "precinct_name": "Dyer - 002353", "precinct_full_name": "B - Newbern", "name20": "B - Newbern", "GEOID20": "47045002353"}, "geometry": {"type": "Point", "coordinates": [-89.25041082426257, 36.1020775]}}, {"type": "Feature", "properties": {"county_nam": "Dyer", "county_norm": "DYER", "prec_id": "002356", "precinct_norm": "DYER - 002356", "precinct_name": "Dyer - 002356", "precinct_full_name": "C - Trimble", "name20": "C - Trimble", "GEOID20": "47045002356"}, "geometry": {"type": "Point", "coordinates": [-89.22247670749744, 36.160948]}}, {"type": "Feature", "properties": {"county_nam": "Dyer", "county_norm": "DYER", "prec_id": "002355", "precinct_norm": "DYER - 002355", "precinct_name": "Dyer - 002355", "precinct_full_name": "C - Roellen", "name20": "C - Roellen", "GEOID20": "47045002355"}, "geometry": {"type": "Point", "coordinates": [-89.26766131846472, 36.037602]}}, {"type": "Feature", "properties": {"county_nam": "Dyer", "county_norm": "DYER", "prec_id": "002354", "precinct_norm": "DYER - 002354", "precinct_name": "Dyer - 002354", "precinct_full_name": "C-Tatumville", "name20": "C-Tatumville", "GEOID20": "47045002354"}, "geometry": {"type": "Point", "coordinates": [-89.21202670109119, 36.055498]}}, {"type": "Feature", "properties": {"county_nam": "Dyer", "county_norm": "DYER", "prec_id": "002357", "precinct_norm": "DYER - 002357", "precinct_name": "Dyer - 002357", "precinct_full_name": "D-Bogota", "name20": "D-Bogota", "GEOID20": "47045002357"}, "geometry": {"type": "Point", "coordinates": [-89.46444217523364, 36.150839000000005]}}, {"type": "Feature", "properties": {"county_nam": "Dyer", "county_norm": "DYER", "prec_id": "002358", "precinct_norm": "DYER - 002358", "precinct_name": "Dyer - 002358", "precinct_full_name": "D - Millsfield", "name20": "D - Millsfield", "GEOID20": "47045002358"}, "geometry": {"type": "Point", "coordinates": [-89.3494215718935, 36.147669]}}, {"type": "Feature", "properties": {"county_nam": "Dyer", "county_norm": "DYER", "prec_id": "002359", "precinct_norm": "DYER - 002359", "precinct_name": "Dyer - 002359", "precinct_full_name": "E - Finley", "name20": "E - Finley", "GEOID20": "47045002359"}, "geometry": {"type": "Point", "coordinates": [-89.59957964171986, 35.983633499999996]}}, {"type": "Feature", "properties": {"county_nam": "Dyer", "county_norm": "DYER", "prec_id": "002360", "precinct_norm": "DYER - 002360", "precinct_name": "Dyer - 002360", "precinct_full_name": "E - Lenox", "name20": "E - Lenox", "GEOID20": "47045002360"}, "geometry": {"type": "Point", "coordinates": [-89.56331266388543, 36.093909]}}, {"type": "Feature", "properties": {"county_nam": "Dyer", "county_norm": "DYER", "prec_id": "002361", "precinct_norm": "DYER - 002361", "precinct_name": "Dyer - 002361", "precinct_full_name": "F - Dyer County Central", "name20": "F - Dyer County Central", "GEOID20": "47045002361"}, "geometry": {"type": "Point", "coordinates": [-89.40163115563618, 36.023117]}}, {"type": "Feature", "properties": {"county_nam": "Dyer", "county_norm": "DYER", "prec_id": "002362", "precinct_norm": "DYER - 002362", "precinct_name": "Dyer - 002362", "precinct_full_name": "G - Courthouse", "name20": "G - Courthouse", "GEOID20": "47045002362"}, "geometry": {"type": "Point", "coordinates": [-89.3802563512476, 36.043615]}}, {"type": "Feature", "properties": {"county_nam": "Dyer", "county_norm": "DYER", "prec_id": "002363", "precinct_norm": "DYER - 002363", "precinct_name": "Dyer - 002363", "precinct_full_name": "H - E. Dyersburg", "name20": "H - E. Dyersburg", "GEOID20": "47045002363"}, "geometry": {"type": "Point", "coordinates": [-89.32482198401988, 36.038037]}}, {"type": "Feature", "properties": {"county_nam": "Dyer", "county_norm": "DYER", "prec_id": "002364", "precinct_norm": "DYER - 002364", "precinct_name": "Dyer - 002364", "precinct_full_name": "I - Community Center", "name20": "I - Community Center", "GEOID20": "47045002364"}, "geometry": {"type": "Point", "coordinates": [-89.35726851805751, 36.059062499999996]}}, {"type": "Feature", "properties": {"county_nam": "Dyer", "county_norm": "DYER", "prec_id": "002365", "precinct_norm": "DYER - 002365", "precinct_name": "Dyer - 002365", "precinct_full_name": "I - Hurricane Hill", "name20": "I - Hurricane Hill", "GEOID20": "47045002365"}, "geometry": {"type": "Point", "coordinates": [-89.40150268770489, 36.0858465]}}, {"type": "Feature", "properties": {"county_nam": "Dyer", "county_norm": "DYER", "prec_id": "002366", "precinct_norm": "DYER - 002366", "precinct_name": "Dyer - 002366", "precinct_full_name": "J-N Dyersburg", "name20": "J-N Dyersburg", "GEOID20": "47045002366"}, "geometry": {"type": "Point", "coordinates": [-89.40716988157894, 36.05516900000001]}}, {"type": "Feature", "properties": {"county_nam": "Bedford", "county_norm": "BEDFORD", "prec_id": "000102", "precinct_norm": "BEDFORD - 000102", "precinct_name": "Bedford - 000102", "precinct_full_name": "102 Bell Buckle/Webb School", "name20": "102 Bell Buckle/Webb School", "GEOID20": "47003000102"}, "geometry": {"type": "Point", "coordinates": [-86.32030078443012, 35.6024695]}}, {"type": "Feature", "properties": {"county_nam": "Bedford", "county_norm": "BEDFORD", "prec_id": "000101", "precinct_norm": "BEDFORD - 000101", "precinct_name": "Bedford - 000101", "precinct_full_name": "101 Wartrace Baptist Church", "name20": "101 Wartrace Baptist Church", "GEOID20": "47003000101"}, "geometry": {"type": "Point", "coordinates": [-86.3368936578353, 35.5240095]}}, {"type": "Feature", "properties": {"county_nam": "Bedford", "county_norm": "BEDFORD", "prec_id": "000103", "precinct_norm": "BEDFORD - 000103", "precinct_name": "Bedford - 000103", "precinct_full_name": "203 Fairhaven Baptist Church", "name20": "203 Fairhaven Baptist Church", "GEOID20": "47003000103"}, "geometry": {"type": "Point", "coordinates": [-86.46813894566105, 35.595553]}}, {"type": "Feature", "properties": {"county_nam": "Bedford", "county_norm": "BEDFORD", "prec_id": "000104", "precinct_norm": "BEDFORD - 000104", "precinct_name": "Bedford - 000104", "precinct_full_name": "303 Uniounville Fire Hall", "name20": "303 Uniounville Fire Hall", "GEOID20": "47003000104"}, "geometry": {"type": "Point", "coordinates": [-86.59462137066666, 35.617830999999995]}}, {"type": "Feature", "properties": {"county_nam": "Bedford", "county_norm": "BEDFORD", "prec_id": "000105", "precinct_norm": "BEDFORD - 000105", "precinct_name": "Bedford - 000105", "precinct_full_name": "403 Bedford Community Center", "name20": "403 Bedford Community Center", "GEOID20": "47003000105"}, "geometry": {"type": "Point", "coordinates": [-86.57103705874673, 35.464501999999996]}}, {"type": "Feature", "properties": {"county_nam": "Bedford", "county_norm": "BEDFORD", "prec_id": "000111", "precinct_norm": "BEDFORD - 000111", "precinct_name": "Bedford - 000111", "precinct_full_name": "902 Southside School", "name20": "902 Southside School", "GEOID20": "47003000111"}, "geometry": {"type": "Point", "coordinates": [-86.48303125156741, 35.478286]}}, {"type": "Feature", "properties": {"county_nam": "Bedford", "county_norm": "BEDFORD", "prec_id": "000106", "precinct_norm": "BEDFORD - 000106", "precinct_name": "Bedford - 000106", "precinct_full_name": "502 Flat Creek Community Center", "name20": "502 Flat Creek Community Center", "GEOID20": "47003000106"}, "geometry": {"type": "Point", "coordinates": [-86.40936035269709, 35.3979705]}}, {"type": "Feature", "properties": {"county_nam": "Bedford", "county_norm": "BEDFORD", "prec_id": "000107", "precinct_norm": "BEDFORD - 000107", "precinct_name": "Bedford - 000107", "precinct_full_name": "505 Normandy Baptist Church", "name20": "505 Normandy Baptist Church", "GEOID20": "47003000107"}, "geometry": {"type": "Point", "coordinates": [-86.31158754871696, 35.434917999999996]}}, {"type": "Feature", "properties": {"county_nam": "Bedford", "county_norm": "BEDFORD", "prec_id": "000109", "precinct_norm": "BEDFORD - 000109", "precinct_name": "Bedford - 000109", "precinct_full_name": "701 Deery Eakin School", "name20": "701 Deery Eakin School", "GEOID20": "47003000109"}, "geometry": {"type": "Point", "coordinates": [-86.43396051962026, 35.497051]}}, {"type": "Feature", "properties": {"county_nam": "Bedford", "county_norm": "BEDFORD", "prec_id": "000108", "precinct_norm": "BEDFORD - 000108", "precinct_name": "Bedford - 000108", "precinct_full_name": "601 East Side School", "name20": "601 East Side School", "GEOID20": "47003000108"}, "geometry": {"type": "Point", "coordinates": [-86.41467506745607, 35.475037]}}, {"type": "Feature", "properties": {"county_nam": "Bedford", "county_norm": "BEDFORD", "prec_id": "000110", "precinct_norm": "BEDFORD - 000110", "precinct_name": "Bedford - 000110", "precinct_full_name": "801 Thomas School", "name20": "801 Thomas School", "GEOID20": "47003000110"}, "geometry": {"type": "Point", "coordinates": [-86.44872248699073, 35.5321905]}}, {"type": "Feature", "properties": {"county_nam": "Decatur", "county_norm": "DECATUR", "prec_id": "002054", "precinct_norm": "DECATUR - 002054", "precinct_name": "Decatur - 002054", "precinct_full_name": "Dunbar", "name20": "Dunbar", "GEOID20": "47039002054"}, "geometry": {"type": "Point", "coordinates": [-88.11740434539595, 35.457594]}}, {"type": "Feature", "properties": {"county_nam": "Decatur", "county_norm": "DECATUR", "prec_id": "002051", "precinct_norm": "DECATUR - 002051", "precinct_name": "Decatur - 002051", "precinct_full_name": "Scotts Hill", "name20": "Scotts Hill", "GEOID20": "47039002051"}, "geometry": {"type": "Point", "coordinates": [-88.21693941412214, 35.502949]}}, {"type": "Feature", "properties": {"county_nam": "Decatur", "county_norm": "DECATUR", "prec_id": "002060", "precinct_norm": "DECATUR - 002060", "precinct_name": "Decatur - 002060", "precinct_full_name": "Liberty", "name20": "Liberty", "GEOID20": "47039002060"}, "geometry": {"type": "Point", "coordinates": [-88.20511583856089, 35.424664]}}, {"type": "Feature", "properties": {"county_nam": "Decatur", "county_norm": "DECATUR", "prec_id": "002053", "precinct_norm": "DECATUR - 002053", "precinct_name": "Decatur - 002053", "precinct_full_name": "3rd Decaturville", "name20": "3rd Decaturville", "GEOID20": "47039002053"}, "geometry": {"type": "Point", "coordinates": [-88.17104241560979, 35.579133999999996]}}, {"type": "Feature", "properties": {"county_nam": "Decatur", "county_norm": "DECATUR", "prec_id": "002063", "precinct_norm": "DECATUR - 002063", "precinct_name": "Decatur - 002063", "precinct_full_name": "3rd Beacon", "name20": "3rd Beacon", "GEOID20": "47039002063"}, "geometry": {"type": "Point", "coordinates": [-88.18231148180291, 35.6399885]}}, {"type": "Feature", "properties": {"county_nam": "Decatur", "county_norm": "DECATUR", "prec_id": "002056", "precinct_norm": "DECATUR - 002056", "precinct_name": "Decatur - 002056", "precinct_full_name": "6th Parsons", "name20": "6th Parsons", "GEOID20": "47039002056"}, "geometry": {"type": "Point", "coordinates": [-88.14285546398531, 35.6262505]}}, {"type": "Feature", "properties": {"county_nam": "Decatur", "county_norm": "DECATUR", "prec_id": "002055", "precinct_norm": "DECATUR - 002055", "precinct_name": "Decatur - 002055", "precinct_full_name": "5th Parsons", "name20": "5th Parsons", "GEOID20": "47039002055"}, "geometry": {"type": "Point", "coordinates": [-88.09206802041743, 35.626431499999995]}}, {"type": "Feature", "properties": {"county_nam": "Decatur", "county_norm": "DECATUR", "prec_id": "002058", "precinct_norm": "DECATUR - 002058", "precinct_name": "Decatur - 002058", "precinct_full_name": "8th Parsons", "name20": "8th Parsons", "GEOID20": "47039002058"}, "geometry": {"type": "Point", "coordinates": [-88.11690059750538, 35.678345]}}, {"type": "Feature", "properties": {"county_nam": "Decatur", "county_norm": "DECATUR", "prec_id": "002057", "precinct_norm": "DECATUR - 002057", "precinct_name": "Decatur - 002057", "precinct_full_name": "7-1 Jeanette", "name20": "7-1 Jeanette", "GEOID20": "47039002057"}, "geometry": {"type": "Point", "coordinates": [-88.03499062111524, 35.7645065]}}, {"type": "Feature", "properties": {"county_nam": "Decatur", "county_norm": "DECATUR", "prec_id": "002062", "precinct_norm": "DECATUR - 002062", "precinct_name": "Decatur - 002062", "precinct_full_name": "Perryville", "name20": "Perryville", "GEOID20": "47039002062"}, "geometry": {"type": "Point", "coordinates": [-88.04723524191503, 35.6493475]}}, {"type": "Feature", "properties": {"county_nam": "Decatur", "county_norm": "DECATUR", "prec_id": "002061", "precinct_norm": "DECATUR - 002061", "precinct_name": "Decatur - 002061", "precinct_full_name": "9th Beacon", "name20": "9th Beacon", "GEOID20": "47039002061"}, "geometry": {"type": "Point", "coordinates": [-88.15965824888704, 35.6746505]}}, {"type": "Feature", "properties": {"county_nam": "Decatur", "county_norm": "DECATUR", "prec_id": "002059", "precinct_norm": "DECATUR - 002059", "precinct_name": "Decatur - 002059", "precinct_full_name": "9-2 Hydro", "name20": "9-2 Hydro", "GEOID20": "47039002059"}, "geometry": {"type": "Point", "coordinates": [-88.14436013500831, 35.7653585]}}, {"type": "Feature", "properties": {"county_nam": "Decatur", "county_norm": "DECATUR", "prec_id": "002052", "precinct_norm": "DECATUR - 002052", "precinct_name": "Decatur - 002052", "precinct_full_name": "4th Decaturville", "name20": "4th Decaturville", "GEOID20": "47039002052"}, "geometry": {"type": "Point", "coordinates": [-88.09308027354095, 35.543356]}}, {"type": "Feature", "properties": {"county_nam": "Claiborne", "county_norm": "CLAIBORNE", "prec_id": "001210", "precinct_norm": "CLAIBORNE - 001210", "precinct_name": "Claiborne - 001210", "precinct_full_name": "1-1 Tazewell", "name20": "1-1 Tazewell", "GEOID20": "47025001210"}, "geometry": {"type": "Point", "coordinates": [-83.56787314348796, 36.49152]}}, {"type": "Feature", "properties": {"county_nam": "Greene", "county_norm": "GREENE", "prec_id": "003080", "precinct_norm": "GREENE - 003080", "precinct_name": "Greene - 003080", "precinct_full_name": "Ottway", "name20": "Ottway", "GEOID20": "47059003080"}, "geometry": {"type": "Point", "coordinates": [-82.83698141983282, 36.2474265]}}, {"type": "Feature", "properties": {"county_nam": "Greene", "county_norm": "GREENE", "prec_id": "003076", "precinct_norm": "GREENE - 003076", "precinct_name": "Greene - 003076", "precinct_full_name": "West Pines", "name20": "West Pines", "GEOID20": "47059003076"}, "geometry": {"type": "Point", "coordinates": [-82.69417735733322, 36.350173]}}, {"type": "Feature", "properties": {"county_nam": "Greene", "county_norm": "GREENE", "prec_id": "003067", "precinct_norm": "GREENE - 003067", "precinct_name": "Greene - 003067", "precinct_full_name": "Baileyton", "name20": "Baileyton", "GEOID20": "47059003067"}, "geometry": {"type": "Point", "coordinates": [-82.85858304562032, 36.323755500000004]}}, {"type": "Feature", "properties": {"county_nam": "Greene", "county_norm": "GREENE", "prec_id": "003073", "precinct_norm": "GREENE - 003073", "precinct_name": "Greene - 003073", "precinct_full_name": "Chuckey", "name20": "Chuckey", "GEOID20": "47059003073"}, "geometry": {"type": "Point", "coordinates": [-82.67025730508473, 36.186892]}}, {"type": "Feature", "properties": {"county_nam": "Greene", "county_norm": "GREENE", "prec_id": "003072", "precinct_norm": "GREENE - 003072", "precinct_name": "Greene - 003072", "precinct_full_name": "Chuckey Doak", "name20": "Chuckey Doak", "GEOID20": "47059003072"}, "geometry": {"type": "Point", "coordinates": [-82.73941397364382, 36.23575099999999]}}, {"type": "Feature", "properties": {"county_nam": "Greene", "county_norm": "GREENE", "prec_id": "003082", "precinct_norm": "GREENE - 003082", "precinct_name": "Greene - 003082", "precinct_full_name": "Mosheim", "name20": "Mosheim", "GEOID20": "47059003082"}, "geometry": {"type": "Point", "coordinates": [-82.96317513733663, 36.2113235]}}, {"type": "Feature", "properties": {"county_nam": "Greene", "county_norm": "GREENE", "prec_id": "003077", "precinct_norm": "GREENE - 003077", "precinct_name": "Greene - 003077", "precinct_full_name": "South Greene", "name20": "South Greene", "GEOID20": "47059003077"}, "geometry": {"type": "Point", "coordinates": [-82.89001042951281, 35.994232499999995]}}, {"type": "Feature", "properties": {"county_nam": "Greene", "county_norm": "GREENE", "prec_id": "003059", "precinct_norm": "GREENE - 003059", "precinct_name": "Greene - 003059", "precinct_full_name": "Debusk", "name20": "Debusk", "GEOID20": "47059003059"}, "geometry": {"type": "Point", "coordinates": [-82.88015321280602, 36.096176]}}, {"type": "Feature", "properties": {"county_nam": "Greene", "county_norm": "GREENE", "prec_id": "003053", "precinct_norm": "GREENE - 003053", "precinct_name": "Greene - 003053", "precinct_full_name": "Nolachuckey", "name20": "Nolachuckey", "GEOID20": "47059003053"}, "geometry": {"type": "Point", "coordinates": [-82.95938313295582, 36.0464195]}}, {"type": "Feature", "properties": {"county_nam": "Greene", "county_norm": "GREENE", "prec_id": "003084", "precinct_norm": "GREENE - 003084", "precinct_name": "Greene - 003084", "precinct_full_name": "Glenwood", "name20": "Glenwood", "GEOID20": "47059003084"}, "geometry": {"type": "Point", "coordinates": [-82.94682696653811, 36.131294]}}, {"type": "Feature", "properties": {"county_nam": "Greene", "county_norm": "GREENE", "prec_id": "003054", "precinct_norm": "GREENE - 003054", "precinct_name": "Greene - 003054", "precinct_full_name": "McDonald", "name20": "McDonald", "GEOID20": "47059003054"}, "geometry": {"type": "Point", "coordinates": [-83.12567174590846, 36.178424]}}, {"type": "Feature", "properties": {"county_nam": "Greene", "county_norm": "GREENE", "prec_id": "003061", "precinct_norm": "GREENE - 003061", "precinct_name": "Greene - 003061", "precinct_full_name": "High School", "name20": "High School", "GEOID20": "47059003061"}, "geometry": {"type": "Point", "coordinates": [-82.83294462727272, 36.173739999999995]}}, {"type": "Feature", "properties": {"county_nam": "Greene", "county_norm": "GREENE", "prec_id": "003066", "precinct_norm": "GREENE - 003066", "precinct_name": "Greene - 003066", "precinct_full_name": "Middle School", "name20": "Middle School", "GEOID20": "47059003066"}, "geometry": {"type": "Point", "coordinates": [-82.85011566874999, 36.1456655]}}, {"type": "Feature", "properties": {"county_nam": "Greene", "county_norm": "GREENE", "prec_id": "003052", "precinct_norm": "GREENE - 003052", "precinct_name": "Greene - 003052", "precinct_full_name": "Camp Creek", "name20": "Camp Creek", "GEOID20": "47059003052"}, "geometry": {"type": "Point", "coordinates": [-82.76299276722489, 36.071134]}}, {"type": "Feature", "properties": {"county_nam": "Greene", "county_norm": "GREENE", "prec_id": "003069", "precinct_norm": "GREENE - 003069", "precinct_name": "Greene - 003069", "precinct_full_name": "Doak", "name20": "Doak", "GEOID20": "47059003069"}, "geometry": {"type": "Point", "coordinates": [-82.74806903004291, 36.182396]}}, {"type": "Feature", "properties": {"county_nam": "Greene", "county_norm": "GREENE", "prec_id": "003065", "precinct_norm": "GREENE - 003065", "precinct_name": "Greene - 003065", "precinct_full_name": "Court House", "name20": "Court House", "GEOID20": "47059003065"}, "geometry": {"type": "Point", "coordinates": [-82.81999997081002, 36.154363000000004]}}, {"type": "Feature", "properties": {"county_nam": "Greene", "county_norm": "GREENE", "prec_id": "003063", "precinct_norm": "GREENE - 003063", "precinct_name": "Greene - 003063", "precinct_full_name": "Tusculum View", "name20": "Tusculum View", "GEOID20": "47059003063"}, "geometry": {"type": "Point", "coordinates": [-82.78660813181818, 36.1764185]}}, {"type": "Feature", "properties": {"county_nam": "Gibson", "county_norm": "GIBSON", "prec_id": "002752", "precinct_norm": "GIBSON - 002752", "precinct_name": "Gibson - 002752", "precinct_full_name": "02 Sitka Community Center", "name20": "02 Sitka Community Center", "GEOID20": "47053002752"}, "geometry": {"type": "Point", "coordinates": [-88.7507158292011, 35.8466445]}}, {"type": "Feature", "properties": {"county_nam": "Davidson", "county_norm": "DAVIDSON", "prec_id": "001804", "precinct_norm": "DAVIDSON - 001804", "precinct_name": "Davidson - 001804", "precinct_full_name": "1-4", "name20": "1-4", "GEOID20": "47037001804"}, "geometry": {"type": "Point", "coordinates": [-86.92729725251075, 36.189145499999995]}}, {"type": "Feature", "properties": {"county_nam": "Davidson", "county_norm": "DAVIDSON", "prec_id": "001802", "precinct_norm": "DAVIDSON - 001802", "precinct_name": "Davidson - 001802", "precinct_full_name": "1-2", "name20": "1-2", "GEOID20": "47037001802"}, "geometry": {"type": "Point", "coordinates": [-86.92763283983598, 36.254325]}}, {"type": "Feature", "properties": {"county_nam": "Davidson", "county_norm": "DAVIDSON", "prec_id": "001805", "precinct_norm": "DAVIDSON - 001805", "precinct_name": "Davidson - 001805", "precinct_full_name": "1-5", "name20": "1-5", "GEOID20": "47037001805"}, "geometry": {"type": "Point", "coordinates": [-86.860040529, 36.1918855]}}, {"type": "Feature", "properties": {"county_nam": "Davidson", "county_norm": "DAVIDSON", "prec_id": "001810", "precinct_norm": "DAVIDSON - 001810", "precinct_name": "Davidson - 001810", "precinct_full_name": "2-5", "name20": "2-5", "GEOID20": "47037001810"}, "geometry": {"type": "Point", "coordinates": [-86.83528571240527, 36.1978265]}}, {"type": "Feature", "properties": {"county_nam": "Davidson", "county_norm": "DAVIDSON", "prec_id": "001807", "precinct_norm": "DAVIDSON - 001807", "precinct_name": "Davidson - 001807", "precinct_full_name": "2-2", "name20": "2-2", "GEOID20": "47037001807"}, "geometry": {"type": "Point", "coordinates": [-86.78336914637305, 36.221992]}}, {"type": "Feature", "properties": {"county_nam": "Davidson", "county_norm": "DAVIDSON", "prec_id": "001806", "precinct_norm": "DAVIDSON - 001806", "precinct_name": "Davidson - 001806", "precinct_full_name": "2-1", "name20": "2-1", "GEOID20": "47037001806"}, "geometry": {"type": "Point", "coordinates": [-86.81144892692939, 36.216868500000004]}}, {"type": "Feature", "properties": {"county_nam": "Davidson", "county_norm": "DAVIDSON", "prec_id": "001808", "precinct_norm": "DAVIDSON - 001808", "precinct_name": "Davidson - 001808", "precinct_full_name": "2-3", "name20": "2-3", "GEOID20": "47037001808"}, "geometry": {"type": "Point", "coordinates": [-86.79317751005004, 36.2031765]}}, {"type": "Feature", "properties": {"county_nam": "Davidson", "county_norm": "DAVIDSON", "prec_id": "001809", "precinct_norm": "DAVIDSON - 001809", "precinct_name": "Davidson - 001809", "precinct_full_name": "2-4", "name20": "2-4", "GEOID20": "47037001809"}, "geometry": {"type": "Point", "coordinates": [-86.80498639027283, 36.192416]}}, {"type": "Feature", "properties": {"county_nam": "Davidson", "county_norm": "DAVIDSON", "prec_id": "001815", "precinct_norm": "DAVIDSON - 001815", "precinct_name": "Davidson - 001815", "precinct_full_name": "3-5", "name20": "3-5", "GEOID20": "47037001815"}, "geometry": {"type": "Point", "coordinates": [-86.80372900064997, 36.2335595]}}, {"type": "Feature", "properties": {"county_nam": "Davidson", "county_norm": "DAVIDSON", "prec_id": "001812", "precinct_norm": "DAVIDSON - 001812", "precinct_name": "Davidson - 001812", "precinct_full_name": "3-2", "name20": "3-2", "GEOID20": "47037001812"}, "geometry": {"type": "Point", "coordinates": [-86.82828557589286, 36.2899245]}}, {"type": "Feature", "properties": {"county_nam": "Davidson", "county_norm": "DAVIDSON", "prec_id": "001811", "precinct_norm": "DAVIDSON - 001811", "precinct_name": "Davidson - 001811", "precinct_full_name": "3-1", "name20": "3-1", "GEOID20": "47037001811"}, "geometry": {"type": "Point", "coordinates": [-86.78810916227884, 36.3421875]}}, {"type": "Feature", "properties": {"county_nam": "Davidson", "county_norm": "DAVIDSON", "prec_id": "001814", "precinct_norm": "DAVIDSON - 001814", "precinct_name": "Davidson - 001814", "precinct_full_name": "3-4", "name20": "3-4", "GEOID20": "47037001814"}, "geometry": {"type": "Point", "coordinates": [-86.78875465151515, 36.267229]}}, {"type": "Feature", "properties": {"county_nam": "Davidson", "county_norm": "DAVIDSON", "prec_id": "001816", "precinct_norm": "DAVIDSON - 001816", "precinct_name": "Davidson - 001816", "precinct_full_name": "3-6", "name20": "3-6", "GEOID20": "47037001816"}, "geometry": {"type": "Point", "coordinates": [-86.77852904821722, 36.2940225]}}, {"type": "Feature", "properties": {"county_nam": "Davidson", "county_norm": "DAVIDSON", "prec_id": "001820", "precinct_norm": "DAVIDSON - 001820", "precinct_name": "Davidson - 001820", "precinct_full_name": "4-4", "name20": "4-4", "GEOID20": "47037001820"}, "geometry": {"type": "Point", "coordinates": [-86.72507477142858, 36.018478]}}, {"type": "Feature", "properties": {"county_nam": "Davidson", "county_norm": "DAVIDSON", "prec_id": "001817", "precinct_norm": "DAVIDSON - 001817", "precinct_name": "Davidson - 001817", "precinct_full_name": "4-1", "name20": "4-1", "GEOID20": "47037001817"}, "geometry": {"type": "Point", "coordinates": [-86.7630380120048, 36.041360499999996]}}, {"type": "Feature", "properties": {"county_nam": "Davidson", "county_norm": "DAVIDSON", "prec_id": "001819", "precinct_norm": "DAVIDSON - 001819", "precinct_name": "Davidson - 001819", "precinct_full_name": "4-3", "name20": "4-3", "GEOID20": "47037001819"}, "geometry": {"type": "Point", "coordinates": [-86.75027849882261, 36.02344]}}, {"type": "Feature", "properties": {"county_nam": "Davidson", "county_norm": "DAVIDSON", "prec_id": "001825", "precinct_norm": "DAVIDSON - 001825", "precinct_name": "Davidson - 001825", "precinct_full_name": "5-5", "name20": "5-5", "GEOID20": "47037001825"}, "geometry": {"type": "Point", "coordinates": [-86.75340036125371, 36.185523]}}, {"type": "Feature", "properties": {"county_nam": "Davidson", "county_norm": "DAVIDSON", "prec_id": "001822", "precinct_norm": "DAVIDSON - 001822", "precinct_name": "Davidson - 001822", "precinct_full_name": "5-2", "name20": "5-2", "GEOID20": "47037001822"}, "geometry": {"type": "Point", "coordinates": [-86.76691415625001, 36.1916515]}}, {"type": "Feature", "properties": {"county_nam": "Davidson", "county_norm": "DAVIDSON", "prec_id": "001824", "precinct_norm": "DAVIDSON - 001824", "precinct_name": "Davidson - 001824", "precinct_full_name": "5-4", "name20": "5-4", "GEOID20": "47037001824"}, "geometry": {"type": "Point", "coordinates": [-86.76783558044198, 36.1825725]}}, {"type": "Feature", "properties": {"county_nam": "Davidson", "county_norm": "DAVIDSON", "prec_id": "001823", "precinct_norm": "DAVIDSON - 001823", "precinct_name": "Davidson - 001823", "precinct_full_name": "5-3", "name20": "5-3", "GEOID20": "47037001823"}, "geometry": {"type": "Point", "coordinates": [-86.74298534395953, 36.2031]}}, {"type": "Feature", "properties": {"county_nam": "Davidson", "county_norm": "DAVIDSON", "prec_id": "001821", "precinct_norm": "DAVIDSON - 001821", "precinct_name": "Davidson - 001821", "precinct_full_name": "5-1", "name20": "5-1", "GEOID20": "47037001821"}, "geometry": {"type": "Point", "coordinates": [-86.7691678737446, 36.202657]}}, {"type": "Feature", "properties": {"county_nam": "Davidson", "county_norm": "DAVIDSON", "prec_id": "001826", "precinct_norm": "DAVIDSON - 001826", "precinct_name": "Davidson - 001826", "precinct_full_name": "6-1", "name20": "6-1", "GEOID20": "47037001826"}, "geometry": {"type": "Point", "coordinates": [-86.75331963840162, 36.1732805]}}, {"type": "Feature", "properties": {"county_nam": "Davidson", "county_norm": "DAVIDSON", "prec_id": "001828", "precinct_norm": "DAVIDSON - 001828", "precinct_name": "Davidson - 001828", "precinct_full_name": "6-3", "name20": "6-3", "GEOID20": "47037001828"}, "geometry": {"type": "Point", "coordinates": [-86.75597869230769, 36.166685]}}, {"type": "Feature", "properties": {"county_nam": "Davidson", "county_norm": "DAVIDSON", "prec_id": "001829", "precinct_norm": "DAVIDSON - 001829", "precinct_name": "Davidson - 001829", "precinct_full_name": "6-4", "name20": "6-4", "GEOID20": "47037001829"}, "geometry": {"type": "Point", "coordinates": [-86.71489971111109, 36.182357499999995]}}, {"type": "Feature", "properties": {"county_nam": "Davidson", "county_norm": "DAVIDSON", "prec_id": "001827", "precinct_norm": "DAVIDSON - 001827", "precinct_name": "Davidson - 001827", "precinct_full_name": "6-2", "name20": "6-2", "GEOID20": "47037001827"}, "geometry": {"type": "Point", "coordinates": [-86.7350139203125, 36.1730115]}}, {"type": "Feature", "properties": {"county_nam": "Davidson", "county_norm": "DAVIDSON", "prec_id": "001830", "precinct_norm": "DAVIDSON - 001830", "precinct_name": "Davidson - 001830", "precinct_full_name": "6-5", "name20": "6-5", "GEOID20": "47037001830"}, "geometry": {"type": "Point", "coordinates": [-86.73801385767327, 36.1880485]}}, {"type": "Feature", "properties": {"county_nam": "Davidson", "county_norm": "DAVIDSON", "prec_id": "001813", "precinct_norm": "DAVIDSON - 001813", "precinct_name": "Davidson - 001813", "precinct_full_name": "3-3", "name20": "3-3", "GEOID20": "47037001813"}, "geometry": {"type": "Point", "coordinates": [-86.83196406827685, 36.258857]}}, {"type": "Feature", "properties": {"county_nam": "Davidson", "county_norm": "DAVIDSON", "prec_id": "001835", "precinct_norm": "DAVIDSON - 001835", "precinct_name": "Davidson - 001835", "precinct_full_name": "7-5", "name20": "7-5", "GEOID20": "47037001835"}, "geometry": {"type": "Point", "coordinates": [-86.71690145013532, 36.2247185]}}, {"type": "Feature", "properties": {"county_nam": "Davidson", "county_norm": "DAVIDSON", "prec_id": "001836", "precinct_norm": "DAVIDSON - 001836", "precinct_name": "Davidson - 001836", "precinct_full_name": "7-6", "name20": "7-6", "GEOID20": "47037001836"}, "geometry": {"type": "Point", "coordinates": [-86.71327278994639, 36.24507]}}, {"type": "Feature", "properties": {"county_nam": "Davidson", "county_norm": "DAVIDSON", "prec_id": "001834", "precinct_norm": "DAVIDSON - 001834", "precinct_name": "Davidson - 001834", "precinct_full_name": "7-4", "name20": "7-4", "GEOID20": "47037001834"}, "geometry": {"type": "Point", "coordinates": [-86.72216696949152, 36.211850999999996]}}, {"type": "Feature", "properties": {"county_nam": "Davidson", "county_norm": "DAVIDSON", "prec_id": "001833", "precinct_norm": "DAVIDSON - 001833", "precinct_name": "Davidson - 001833", "precinct_full_name": "7-3", "name20": "7-3", "GEOID20": "47037001833"}, "geometry": {"type": "Point", "coordinates": [-86.73176351717171, 36.1975395]}}, {"type": "Feature", "properties": {"county_nam": "Davidson", "county_norm": "DAVIDSON", "prec_id": "001832", "precinct_norm": "DAVIDSON - 001832", "precinct_name": "Davidson - 001832", "precinct_full_name": "7-2", "name20": "7-2", "GEOID20": "47037001832"}, "geometry": {"type": "Point", "coordinates": [-86.70778456413565, 36.208359]}}, {"type": "Feature", "properties": {"county_nam": "Davidson", "county_norm": "DAVIDSON", "prec_id": "001838", "precinct_norm": "DAVIDSON - 001838", "precinct_name": "Davidson - 001838", "precinct_full_name": "8-2", "name20": "8-2", "GEOID20": "47037001838"}, "geometry": {"type": "Point", "coordinates": [-86.73980775358336, 36.224399000000005]}}, {"type": "Feature", "properties": {"county_nam": "Davidson", "county_norm": "DAVIDSON", "prec_id": "001837", "precinct_norm": "DAVIDSON - 001837", "precinct_name": "Davidson - 001837", "precinct_full_name": "8-1", "name20": "8-1", "GEOID20": "47037001837"}, "geometry": {"type": "Point", "coordinates": [-86.7534145975177, 36.2300945]}}, {"type": "Feature", "properties": {"county_nam": "Davidson", "county_norm": "DAVIDSON", "prec_id": "001840", "precinct_norm": "DAVIDSON - 001840", "precinct_name": "Davidson - 001840", "precinct_full_name": "8-4", "name20": "8-4", "GEOID20": "47037001840"}, "geometry": {"type": "Point", "coordinates": [-86.72290441935483, 36.2733815]}}, {"type": "Feature", "properties": {"county_nam": "Davidson", "county_norm": "DAVIDSON", "prec_id": "001843", "precinct_norm": "DAVIDSON - 001843", "precinct_name": "Davidson - 001843", "precinct_full_name": "9-3", "name20": "9-3", "GEOID20": "47037001843"}, "geometry": {"type": "Point", "coordinates": [-86.66181708736602, 36.2286045]}}, {"type": "Feature", "properties": {"county_nam": "Davidson", "county_norm": "DAVIDSON", "prec_id": "001849", "precinct_norm": "DAVIDSON - 001849", "precinct_name": "Davidson - 001849", "precinct_full_name": "10-6", "name20": "10-6", "GEOID20": "47037001849"}, "geometry": {"type": "Point", "coordinates": [-86.68375715045991, 36.3012005]}}, {"type": "Feature", "properties": {"county_nam": "Davidson", "county_norm": "DAVIDSON", "prec_id": "001844", "precinct_norm": "DAVIDSON - 001844", "precinct_name": "Davidson - 001844", "precinct_full_name": "10-1", "name20": "10-1", "GEOID20": "47037001844"}, "geometry": {"type": "Point", "coordinates": [-86.74552269964575, 36.3742005]}}, {"type": "Feature", "properties": {"county_nam": "Davidson", "county_norm": "DAVIDSON", "prec_id": "001846", "precinct_norm": "DAVIDSON - 001846", "precinct_name": "Davidson - 001846", "precinct_full_name": "10-3", "name20": "10-3", "GEOID20": "47037001846"}, "geometry": {"type": "Point", "coordinates": [-86.70527330656884, 36.32199850000001]}}, {"type": "Feature", "properties": {"county_nam": "Davidson", "county_norm": "DAVIDSON", "prec_id": "001845", "precinct_norm": "DAVIDSON - 001845", "precinct_name": "Davidson - 001845", "precinct_full_name": "10-2", "name20": "10-2", "GEOID20": "47037001845"}, "geometry": {"type": "Point", "coordinates": [-86.75130487248742, 36.3250405]}}, {"type": "Feature", "properties": {"county_nam": "Davidson", "county_norm": "DAVIDSON", "prec_id": "001852", "precinct_norm": "DAVIDSON - 001852", "precinct_name": "Davidson - 001852", "precinct_full_name": "11-3", "name20": "11-3", "GEOID20": "47037001852"}, "geometry": {"type": "Point", "coordinates": [-86.63408320677499, 36.223976]}}, {"type": "Feature", "properties": {"county_nam": "Davidson", "county_norm": "DAVIDSON", "prec_id": "001853", "precinct_norm": "DAVIDSON - 001853", "precinct_name": "Davidson - 001853", "precinct_full_name": "11-4", "name20": "11-4", "GEOID20": "47037001853"}, "geometry": {"type": "Point", "coordinates": [-86.61443795600209, 36.198581000000004]}}, {"type": "Feature", "properties": {"county_nam": "Davidson", "county_norm": "DAVIDSON", "prec_id": "001854", "precinct_norm": "DAVIDSON - 001854", "precinct_name": "Davidson - 001854", "precinct_full_name": "12-1", "name20": "12-1", "GEOID20": "47037001854"}, "geometry": {"type": "Point", "coordinates": [-86.59950614320388, 36.201611]}}, {"type": "Feature", "properties": {"county_nam": "Davidson", "county_norm": "DAVIDSON", "prec_id": "001857", "precinct_norm": "DAVIDSON - 001857", "precinct_name": "Davidson - 001857", "precinct_full_name": "12-4", "name20": "12-4", "GEOID20": "47037001857"}, "geometry": {"type": "Point", "coordinates": [-86.58396497993229, 36.184602]}}, {"type": "Feature", "properties": {"county_nam": "Davidson", "county_norm": "DAVIDSON", "prec_id": "001859", "precinct_norm": "DAVIDSON - 001859", "precinct_name": "Davidson - 001859", "precinct_full_name": "13-1", "name20": "13-1", "GEOID20": "47037001859"}, "geometry": {"type": "Point", "coordinates": [-86.68382264669421, 36.118111]}}, {"type": "Feature", "properties": {"county_nam": "Davidson", "county_norm": "DAVIDSON", "prec_id": "001861", "precinct_norm": "DAVIDSON - 001861", "precinct_name": "Davidson - 001861", "precinct_full_name": "13-3", "name20": "13-3", "GEOID20": "47037001861"}, "geometry": {"type": "Point", "coordinates": [-86.63806975602223, 36.127714499999996]}}, {"type": "Feature", "properties": {"county_nam": "Davidson", "county_norm": "DAVIDSON", "prec_id": "001864", "precinct_norm": "DAVIDSON - 001864", "precinct_name": "Davidson - 001864", "precinct_full_name": "14-2", "name20": "14-2", "GEOID20": "47037001864"}, "geometry": {"type": "Point", "coordinates": [-86.64266202356745, 36.1932325]}}, {"type": "Feature", "properties": {"county_nam": "Davidson", "county_norm": "DAVIDSON", "prec_id": "001863", "precinct_norm": "DAVIDSON - 001863", "precinct_name": "Davidson - 001863", "precinct_full_name": "14-1", "name20": "14-1", "GEOID20": "47037001863"}, "geometry": {"type": "Point", "coordinates": [-86.62208182742464, 36.1752395]}}, {"type": "Feature", "properties": {"county_nam": "Davidson", "county_norm": "DAVIDSON", "prec_id": "001871", "precinct_norm": "DAVIDSON - 001871", "precinct_name": "Davidson - 001871", "precinct_full_name": "15-4", "name20": "15-4", "GEOID20": "47037001871"}, "geometry": {"type": "Point", "coordinates": [-86.70686315256947, 36.154466]}}, {"type": "Feature", "properties": {"county_nam": "Davidson", "county_norm": "DAVIDSON", "prec_id": "001877", "precinct_norm": "DAVIDSON - 001877", "precinct_name": "Davidson - 001877", "precinct_full_name": "16-5", "name20": "16-5", "GEOID20": "47037001877"}, "geometry": {"type": "Point", "coordinates": [-86.75845997934869, 36.099408]}}, {"type": "Feature", "properties": {"county_nam": "Davidson", "county_norm": "DAVIDSON", "prec_id": "001873", "precinct_norm": "DAVIDSON - 001873", "precinct_name": "Davidson - 001873", "precinct_full_name": "16-1", "name20": "16-1", "GEOID20": "47037001873"}, "geometry": {"type": "Point", "coordinates": [-86.7201843507433, 36.1259295]}}, {"type": "Feature", "properties": {"county_nam": "Davidson", "county_norm": "DAVIDSON", "prec_id": "001875", "precinct_norm": "DAVIDSON - 001875", "precinct_name": "Davidson - 001875", "precinct_full_name": "16-3", "name20": "16-3", "GEOID20": "47037001875"}, "geometry": {"type": "Point", "coordinates": [-86.73212041501611, 36.101456]}}, {"type": "Feature", "properties": {"county_nam": "Davidson", "county_norm": "DAVIDSON", "prec_id": "001882", "precinct_norm": "DAVIDSON - 001882", "precinct_name": "Davidson - 001882", "precinct_full_name": "17-5", "name20": "17-5", "GEOID20": "47037001882"}, "geometry": {"type": "Point", "coordinates": [-86.76639976249999, 36.1187825]}}, {"type": "Feature", "properties": {"county_nam": "Davidson", "county_norm": "DAVIDSON", "prec_id": "001878", "precinct_norm": "DAVIDSON - 001878", "precinct_name": "Davidson - 001878", "precinct_full_name": "17-1", "name20": "17-1", "GEOID20": "47037001878"}, "geometry": {"type": "Point", "coordinates": [-86.78182333771436, 36.138459]}}, {"type": "Feature", "properties": {"county_nam": "Davidson", "county_norm": "DAVIDSON", "prec_id": "001880", "precinct_norm": "DAVIDSON - 001880", "precinct_name": "Davidson - 001880", "precinct_full_name": "17-3", "name20": "17-3", "GEOID20": "47037001880"}, "geometry": {"type": "Point", "coordinates": [-86.7667646719089, 36.142123999999995]}}, {"type": "Feature", "properties": {"county_nam": "Davidson", "county_norm": "DAVIDSON", "prec_id": "001881", "precinct_norm": "DAVIDSON - 001881", "precinct_name": "Davidson - 001881", "precinct_full_name": "17-4", "name20": "17-4", "GEOID20": "47037001881"}, "geometry": {"type": "Point", "coordinates": [-86.7829725327381, 36.122393]}}, {"type": "Feature", "properties": {"county_nam": "Davidson", "county_norm": "DAVIDSON", "prec_id": "001888", "precinct_norm": "DAVIDSON - 001888", "precinct_name": "Davidson - 001888", "precinct_full_name": "18-4", "name20": "18-4", "GEOID20": "47037001888"}, "geometry": {"type": "Point", "coordinates": [-86.79907814773614, 36.126982]}}, {"type": "Feature", "properties": {"county_nam": "Davidson", "county_norm": "DAVIDSON", "prec_id": "001887", "precinct_norm": "DAVIDSON - 001887", "precinct_name": "Davidson - 001887", "precinct_full_name": "18-3", "name20": "18-3", "GEOID20": "47037001887"}, "geometry": {"type": "Point", "coordinates": [-86.81027960123524, 36.133931000000004]}}, {"type": "Feature", "properties": {"county_nam": "Davidson", "county_norm": "DAVIDSON", "prec_id": "001886", "precinct_norm": "DAVIDSON - 001886", "precinct_name": "Davidson - 001886", "precinct_full_name": "18-2", "name20": "18-2", "GEOID20": "47037001886"}, "geometry": {"type": "Point", "coordinates": [-86.79164383393393, 36.1261435]}}, {"type": "Feature", "properties": {"county_nam": "Davidson", "county_norm": "DAVIDSON", "prec_id": "001890", "precinct_norm": "DAVIDSON - 001890", "precinct_name": "Davidson - 001890", "precinct_full_name": "19-1", "name20": "19-1", "GEOID20": "47037001890"}, "geometry": {"type": "Point", "coordinates": [-86.78121245489692, 36.162433500000006]}}, {"type": "Feature", "properties": {"county_nam": "Davidson", "county_norm": "DAVIDSON", "prec_id": "001895", "precinct_norm": "DAVIDSON - 001895", "precinct_name": "Davidson - 001895", "precinct_full_name": "19-6", "name20": "19-6", "GEOID20": "47037001895"}, "geometry": {"type": "Point", "coordinates": [-86.74206117261306, 36.1586865]}}, {"type": "Feature", "properties": {"county_nam": "Davidson", "county_norm": "DAVIDSON", "prec_id": "001892", "precinct_norm": "DAVIDSON - 001892", "precinct_name": "Davidson - 001892", "precinct_full_name": "19-3", "name20": "19-3", "GEOID20": "47037001892"}, "geometry": {"type": "Point", "coordinates": [-86.79667435914247, 36.171213]}}, {"type": "Feature", "properties": {"county_nam": "Davidson", "county_norm": "DAVIDSON", "prec_id": "001898", "precinct_norm": "DAVIDSON - 001898", "precinct_name": "Davidson - 001898", "precinct_full_name": "20-3", "name20": "20-3", "GEOID20": "47037001898"}, "geometry": {"type": "Point", "coordinates": [-86.87366085610051, 36.149754]}}, {"type": "Feature", "properties": {"county_nam": "Davidson", "county_norm": "DAVIDSON", "prec_id": "001896", "precinct_norm": "DAVIDSON - 001896", "precinct_name": "Davidson - 001896", "precinct_full_name": "20-1", "name20": "20-1", "GEOID20": "47037001896"}, "geometry": {"type": "Point", "coordinates": [-86.8875217208772, 36.1834525]}}, {"type": "Feature", "properties": {"county_nam": "Davidson", "county_norm": "DAVIDSON", "prec_id": "001899", "precinct_norm": "DAVIDSON - 001899", "precinct_name": "Davidson - 001899", "precinct_full_name": "21-1", "name20": "21-1", "GEOID20": "47037001899"}, "geometry": {"type": "Point", "coordinates": [-86.82624882175926, 36.168482999999995]}}, {"type": "Feature", "properties": {"county_nam": "Davidson", "county_norm": "DAVIDSON", "prec_id": "001900", "precinct_norm": "DAVIDSON - 001900", "precinct_name": "Davidson - 001900", "precinct_full_name": "21-2", "name20": "21-2", "GEOID20": "47037001900"}, "geometry": {"type": "Point", "coordinates": [-86.81183332859048, 36.1803065]}}, {"type": "Feature", "properties": {"county_nam": "Davidson", "county_norm": "DAVIDSON", "prec_id": "001906", "precinct_norm": "DAVIDSON - 001906", "precinct_name": "Davidson - 001906", "precinct_full_name": "22-4", "name20": "22-4", "GEOID20": "47037001906"}, "geometry": {"type": "Point", "coordinates": [-86.93412814171974, 36.069114]}}, {"type": "Feature", "properties": {"county_nam": "Davidson", "county_norm": "DAVIDSON", "prec_id": "001905", "precinct_norm": "DAVIDSON - 001905", "precinct_name": "Davidson - 001905", "precinct_full_name": "22-3", "name20": "22-3", "GEOID20": "47037001905"}, "geometry": {"type": "Point", "coordinates": [-86.97579237599497, 36.070148]}}, {"type": "Feature", "properties": {"county_nam": "Davidson", "county_norm": "DAVIDSON", "prec_id": "001908", "precinct_norm": "DAVIDSON - 001908", "precinct_name": "Davidson - 001908", "precinct_full_name": "23-2", "name20": "23-2", "GEOID20": "47037001908"}, "geometry": {"type": "Point", "coordinates": [-86.9099576105263, 36.102278]}}, {"type": "Feature", "properties": {"county_nam": "Davidson", "county_norm": "DAVIDSON", "prec_id": "001907", "precinct_norm": "DAVIDSON - 001907", "precinct_name": "Davidson - 001907", "precinct_full_name": "23-1", "name20": "23-1", "GEOID20": "47037001907"}, "geometry": {"type": "Point", "coordinates": [-86.87793928731344, 36.1211505]}}, {"type": "Feature", "properties": {"county_nam": "Davidson", "county_norm": "DAVIDSON", "prec_id": "001913", "precinct_norm": "DAVIDSON - 001913", "precinct_name": "Davidson - 001913", "precinct_full_name": "24-2", "name20": "24-2", "GEOID20": "47037001913"}, "geometry": {"type": "Point", "coordinates": [-86.86098528726518, 36.137539000000004]}}, {"type": "Feature", "properties": {"county_nam": "Davidson", "county_norm": "DAVIDSON", "prec_id": "001917", "precinct_norm": "DAVIDSON - 001917", "precinct_name": "Davidson - 001917", "precinct_full_name": "24-6", "name20": "24-6", "GEOID20": "47037001917"}, "geometry": {"type": "Point", "coordinates": [-86.8245371640119, 36.125247]}}, {"type": "Feature", "properties": {"county_nam": "Davidson", "county_norm": "DAVIDSON", "prec_id": "001916", "precinct_norm": "DAVIDSON - 001916", "precinct_name": "Davidson - 001916", "precinct_full_name": "24-5", "name20": "24-5", "GEOID20": "47037001916"}, "geometry": {"type": "Point", "coordinates": [-86.83764669285713, 36.133351000000005]}}, {"type": "Feature", "properties": {"county_nam": "Davidson", "county_norm": "DAVIDSON", "prec_id": "001915", "precinct_norm": "DAVIDSON - 001915", "precinct_name": "Davidson - 001915", "precinct_full_name": "24-4", "name20": "24-4", "GEOID20": "47037001915"}, "geometry": {"type": "Point", "coordinates": [-86.82874929880774, 36.1500475]}}, {"type": "Feature", "properties": {"county_nam": "Davidson", "county_norm": "DAVIDSON", "prec_id": "001918", "precinct_norm": "DAVIDSON - 001918", "precinct_name": "Davidson - 001918", "precinct_full_name": "25-1", "name20": "25-1", "GEOID20": "47037001918"}, "geometry": {"type": "Point", "coordinates": [-86.81258998574157, 36.115986]}}, {"type": "Feature", "properties": {"county_nam": "Davidson", "county_norm": "DAVIDSON", "prec_id": "001919", "precinct_norm": "DAVIDSON - 001919", "precinct_name": "Davidson - 001919", "precinct_full_name": "25-2", "name20": "25-2", "GEOID20": "47037001919"}, "geometry": {"type": "Point", "coordinates": [-86.78218224578313, 36.0977975]}}, {"type": "Feature", "properties": {"county_nam": "Davidson", "county_norm": "DAVIDSON", "prec_id": "001924", "precinct_norm": "DAVIDSON - 001924", "precinct_name": "Davidson - 001924", "precinct_full_name": "26-3", "name20": "26-3", "GEOID20": "47037001924"}, "geometry": {"type": "Point", "coordinates": [-86.74284706327543, 36.0831065]}}, {"type": "Feature", "properties": {"county_nam": "Davidson", "county_norm": "DAVIDSON", "prec_id": "001925", "precinct_norm": "DAVIDSON - 001925", "precinct_name": "Davidson - 001925", "precinct_full_name": "26-4", "name20": "26-4", "GEOID20": "47037001925"}, "geometry": {"type": "Point", "coordinates": [-86.7650787757365, 36.066053]}}, {"type": "Feature", "properties": {"county_nam": "Davidson", "county_norm": "DAVIDSON", "prec_id": "001926", "precinct_norm": "DAVIDSON - 001926", "precinct_name": "Davidson - 001926", "precinct_full_name": "27-1", "name20": "27-1", "GEOID20": "47037001926"}, "geometry": {"type": "Point", "coordinates": [-86.7137053362069, 36.049953]}}, {"type": "Feature", "properties": {"county_nam": "Davidson", "county_norm": "DAVIDSON", "prec_id": "001929", "precinct_norm": "DAVIDSON - 001929", "precinct_name": "Davidson - 001929", "precinct_full_name": "28-1", "name20": "28-1", "GEOID20": "47037001929"}, "geometry": {"type": "Point", "coordinates": [-86.66183816077739, 36.089847]}}, {"type": "Feature", "properties": {"county_nam": "Davidson", "county_norm": "DAVIDSON", "prec_id": "001931", "precinct_norm": "DAVIDSON - 001931", "precinct_name": "Davidson - 001931", "precinct_full_name": "28-3", "name20": "28-3", "GEOID20": "47037001931"}, "geometry": {"type": "Point", "coordinates": [-86.6776986275289, 36.071625499999996]}}, {"type": "Feature", "properties": {"county_nam": "Davidson", "county_norm": "DAVIDSON", "prec_id": "001933", "precinct_norm": "DAVIDSON - 001933", "precinct_name": "Davidson - 001933", "precinct_full_name": "29-2", "name20": "29-2", "GEOID20": "47037001933"}, "geometry": {"type": "Point", "coordinates": [-86.63406623717775, 36.082543]}}, {"type": "Feature", "properties": {"county_nam": "Davidson", "county_norm": "DAVIDSON", "prec_id": "001934", "precinct_norm": "DAVIDSON - 001934", "precinct_name": "Davidson - 001934", "precinct_full_name": "29-3", "name20": "29-3", "GEOID20": "47037001934"}, "geometry": {"type": "Point", "coordinates": [-86.62594191657396, 36.069813499999995]}}, {"type": "Feature", "properties": {"county_nam": "Davidson", "county_norm": "DAVIDSON", "prec_id": "001937", "precinct_norm": "DAVIDSON - 001937", "precinct_name": "Davidson - 001937", "precinct_full_name": "30-2", "name20": "30-2", "GEOID20": "47037001937"}, "geometry": {"type": "Point", "coordinates": [-86.70080233333334, 36.074572]}}, {"type": "Feature", "properties": {"county_nam": "Davidson", "county_norm": "DAVIDSON", "prec_id": "001938", "precinct_norm": "DAVIDSON - 001938", "precinct_name": "Davidson - 001938", "precinct_full_name": "30-3", "name20": "30-3", "GEOID20": "47037001938"}, "geometry": {"type": "Point", "coordinates": [-86.70639777272729, 36.0609715]}}, {"type": "Feature", "properties": {"county_nam": "Davidson", "county_norm": "DAVIDSON", "prec_id": "001941", "precinct_norm": "DAVIDSON - 001941", "precinct_name": "Davidson - 001941", "precinct_full_name": "31-2", "name20": "31-2", "GEOID20": "47037001941"}, "geometry": {"type": "Point", "coordinates": [-86.69522891569011, 36.0369695]}}, {"type": "Feature", "properties": {"county_nam": "Davidson", "county_norm": "DAVIDSON", "prec_id": "001942", "precinct_norm": "DAVIDSON - 001942", "precinct_name": "Davidson - 001942", "precinct_full_name": "31-3", "name20": "31-3", "GEOID20": "47037001942"}, "geometry": {"type": "Point", "coordinates": [-86.69573673211934, 36.020535499999994]}}, {"type": "Feature", "properties": {"county_nam": "Davidson", "county_norm": "DAVIDSON", "prec_id": "001943", "precinct_norm": "DAVIDSON - 001943", "precinct_name": "Davidson - 001943", "precinct_full_name": "31-4", "name20": "31-4", "GEOID20": "47037001943"}, "geometry": {"type": "Point", "coordinates": [-86.67468737489216, 36.0015425]}}, {"type": "Feature", "properties": {"county_nam": "Davidson", "county_norm": "DAVIDSON", "prec_id": "001946", "precinct_norm": "DAVIDSON - 001946", "precinct_name": "Davidson - 001946", "precinct_full_name": "32-3", "name20": "32-3", "GEOID20": "47037001946"}, "geometry": {"type": "Point", "coordinates": [-86.6603592979913, 36.0358305]}}, {"type": "Feature", "properties": {"county_nam": "Davidson", "county_norm": "DAVIDSON", "prec_id": "001944", "precinct_norm": "DAVIDSON - 001944", "precinct_name": "Davidson - 001944", "precinct_full_name": "32-1", "name20": "32-1", "GEOID20": "47037001944"}, "geometry": {"type": "Point", "coordinates": [-86.63407404996127, 36.057412]}}, {"type": "Feature", "properties": {"county_nam": "Davidson", "county_norm": "DAVIDSON", "prec_id": "001951", "precinct_norm": "DAVIDSON - 001951", "precinct_name": "Davidson - 001951", "precinct_full_name": "33-4", "name20": "33-4", "GEOID20": "47037001951"}, "geometry": {"type": "Point", "coordinates": [-86.6340122890682, 35.9991265]}}, {"type": "Feature", "properties": {"county_nam": "Davidson", "county_norm": "DAVIDSON", "prec_id": "001949", "precinct_norm": "DAVIDSON - 001949", "precinct_name": "Davidson - 001949", "precinct_full_name": "33-2", "name20": "33-2", "GEOID20": "47037001949"}, "geometry": {"type": "Point", "coordinates": [-86.5871248996513, 36.09733]}}, {"type": "Feature", "properties": {"county_nam": "Davidson", "county_norm": "DAVIDSON", "prec_id": "001956", "precinct_norm": "DAVIDSON - 001956", "precinct_name": "Davidson - 001956", "precinct_full_name": "34-4", "name20": "34-4", "GEOID20": "47037001956"}, "geometry": {"type": "Point", "coordinates": [-86.91101546430232, 36.05974]}}, {"type": "Feature", "properties": {"county_nam": "Davidson", "county_norm": "DAVIDSON", "prec_id": "001955", "precinct_norm": "DAVIDSON - 001955", "precinct_name": "Davidson - 001955", "precinct_full_name": "34-3", "name20": "34-3", "GEOID20": "47037001955"}, "geometry": {"type": "Point", "coordinates": [-86.84195716342674, 36.0665535]}}, {"type": "Feature", "properties": {"county_nam": "Davidson", "county_norm": "DAVIDSON", "prec_id": "001953", "precinct_norm": "DAVIDSON - 001953", "precinct_name": "Davidson - 001953", "precinct_full_name": "34-1", "name20": "34-1", "GEOID20": "47037001953"}, "geometry": {"type": "Point", "coordinates": [-86.83525541666667, 36.09632]}}, {"type": "Feature", "properties": {"county_nam": "Davidson", "county_norm": "DAVIDSON", "prec_id": "001954", "precinct_norm": "DAVIDSON - 001954", "precinct_name": "Davidson - 001954", "precinct_full_name": "34-2", "name20": "34-2", "GEOID20": "47037001954"}, "geometry": {"type": "Point", "coordinates": [-86.88025983011272, 36.075425499999994]}}, {"type": "Feature", "properties": {"county_nam": "Davidson", "county_norm": "DAVIDSON", "prec_id": "001958", "precinct_norm": "DAVIDSON - 001958", "precinct_name": "Davidson - 001958", "precinct_full_name": "35-1", "name20": "35-1", "GEOID20": "47037001958"}, "geometry": {"type": "Point", "coordinates": [-86.9626023324194, 36.143846499999995]}}, {"type": "Feature", "properties": {"county_nam": "Davidson", "county_norm": "DAVIDSON", "prec_id": "001961", "precinct_norm": "DAVIDSON - 001961", "precinct_name": "Davidson - 001961", "precinct_full_name": "35-4", "name20": "35-4", "GEOID20": "47037001961"}, "geometry": {"type": "Point", "coordinates": [-86.9449911576087, 36.0479055]}}, {"type": "Feature", "properties": {"county_nam": "Davidson", "county_norm": "DAVIDSON", "prec_id": "001960", "precinct_norm": "DAVIDSON - 001960", "precinct_name": "Davidson - 001960", "precinct_full_name": "35-3", "name20": "35-3", "GEOID20": "47037001960"}, "geometry": {"type": "Point", "coordinates": [-86.96825438094713, 36.056095]}}, {"type": "Feature", "properties": {"county_nam": "Davidson", "county_norm": "DAVIDSON", "prec_id": "001959", "precinct_norm": "DAVIDSON - 001959", "precinct_name": "Davidson - 001959", "precinct_full_name": "35-2", "name20": "35-2", "GEOID20": "47037001959"}, "geometry": {"type": "Point", "coordinates": [-87.00945457698413, 36.034282000000005]}}, {"type": "Feature", "properties": {"county_nam": "Davidson", "county_norm": "DAVIDSON", "prec_id": "001818", "precinct_norm": "DAVIDSON - 001818", "precinct_name": "Davidson - 001818", "precinct_full_name": "4-2", "name20": "4-2", "GEOID20": "47037001818"}, "geometry": {"type": "Point", "coordinates": [-86.71846965622547, 36.03533349999999]}}, {"type": "Feature", "properties": {"county_nam": "Davidson", "county_norm": "DAVIDSON", "prec_id": "001856", "precinct_norm": "DAVIDSON - 001856", "precinct_name": "Davidson - 001856", "precinct_full_name": "12-3", "name20": "12-3", "GEOID20": "47037001856"}, "geometry": {"type": "Point", "coordinates": [-86.60092430061503, 36.1861265]}}, {"type": "Feature", "properties": {"county_nam": "Davidson", "county_norm": "DAVIDSON", "prec_id": "001872", "precinct_norm": "DAVIDSON - 001872", "precinct_name": "Davidson - 001872", "precinct_full_name": "15-5", "name20": "15-5", "GEOID20": "47037001872"}, "geometry": {"type": "Point", "coordinates": [-86.7182455063203, 36.1352825]}}, {"type": "Feature", "properties": {"county_nam": "Davidson", "county_norm": "DAVIDSON", "prec_id": "001927", "precinct_norm": "DAVIDSON - 001927", "precinct_name": "Davidson - 001927", "precinct_full_name": "27-2", "name20": "27-2", "GEOID20": "47037001927"}, "geometry": {"type": "Point", "coordinates": [-86.73536398300388, 36.047078]}}, {"type": "Feature", "properties": {"county_nam": "Davidson", "county_norm": "DAVIDSON", "prec_id": "001862", "precinct_norm": "DAVIDSON - 001862", "precinct_name": "Davidson - 001862", "precinct_full_name": "13-4", "name20": "13-4", "GEOID20": "47037001862"}, "geometry": {"type": "Point", "coordinates": [-86.63145841292825, 36.1517475]}}, {"type": "Feature", "properties": {"county_nam": "Davidson", "county_norm": "DAVIDSON", "prec_id": "001866", "precinct_norm": "DAVIDSON - 001866", "precinct_name": "Davidson - 001866", "precinct_full_name": "14-4", "name20": "14-4", "GEOID20": "47037001866"}, "geometry": {"type": "Point", "coordinates": [-86.59874607081912, 36.16285]}}, {"type": "Feature", "properties": {"county_nam": "Davidson", "county_norm": "DAVIDSON", "prec_id": "001911", "precinct_norm": "DAVIDSON - 001911", "precinct_name": "Davidson - 001911", "precinct_full_name": "23-5", "name20": "23-5", "GEOID20": "47037001911"}, "geometry": {"type": "Point", "coordinates": [-86.86651912137042, 36.1285485]}}, {"type": "Feature", "properties": {"county_nam": "Davidson", "county_norm": "DAVIDSON", "prec_id": "001831", "precinct_norm": "DAVIDSON - 001831", "precinct_name": "Davidson - 001831", "precinct_full_name": "7-1", "name20": "7-1", "GEOID20": "47037001831"}, "geometry": {"type": "Point", "coordinates": [-86.71393715992355, 36.1948815]}}, {"type": "Feature", "properties": {"county_nam": "Davidson", "county_norm": "DAVIDSON", "prec_id": "001839", "precinct_norm": "DAVIDSON - 001839", "precinct_name": "Davidson - 001839", "precinct_full_name": "8-3", "name20": "8-3", "GEOID20": "47037001839"}, "geometry": {"type": "Point", "coordinates": [-86.72826033306646, 36.2362975]}}, {"type": "Feature", "properties": {"county_nam": "Davidson", "county_norm": "DAVIDSON", "prec_id": "001841", "precinct_norm": "DAVIDSON - 001841", "precinct_name": "Davidson - 001841", "precinct_full_name": "9-1", "name20": "9-1", "GEOID20": "47037001841"}, "geometry": {"type": "Point", "coordinates": [-86.69740848262839, 36.275271000000004]}}, {"type": "Feature", "properties": {"county_nam": "Davidson", "county_norm": "DAVIDSON", "prec_id": "001842", "precinct_norm": "DAVIDSON - 001842", "precinct_name": "Davidson - 001842", "precinct_full_name": "9-2", "name20": "9-2", "GEOID20": "47037001842"}, "geometry": {"type": "Point", "coordinates": [-86.69613769396145, 36.2549285]}}, {"type": "Feature", "properties": {"county_nam": "Davidson", "county_norm": "DAVIDSON", "prec_id": "001848", "precinct_norm": "DAVIDSON - 001848", "precinct_name": "Davidson - 001848", "precinct_full_name": "10-5", "name20": "10-5", "GEOID20": "47037001848"}, "geometry": {"type": "Point", "coordinates": [-86.72310811088451, 36.2864555]}}, {"type": "Feature", "properties": {"county_nam": "Davidson", "county_norm": "DAVIDSON", "prec_id": "001847", "precinct_norm": "DAVIDSON - 001847", "precinct_name": "Davidson - 001847", "precinct_full_name": "10-4", "name20": "10-4", "GEOID20": "47037001847"}, "geometry": {"type": "Point", "coordinates": [-86.71803577117706, 36.307712]}}, {"type": "Feature", "properties": {"county_nam": "Davidson", "county_norm": "DAVIDSON", "prec_id": "001850", "precinct_norm": "DAVIDSON - 001850", "precinct_name": "Davidson - 001850", "precinct_full_name": "11-1", "name20": "11-1", "GEOID20": "47037001850"}, "geometry": {"type": "Point", "coordinates": [-86.66119532128741, 36.267643]}}, {"type": "Feature", "properties": {"county_nam": "Davidson", "county_norm": "DAVIDSON", "prec_id": "001851", "precinct_norm": "DAVIDSON - 001851", "precinct_name": "Davidson - 001851", "precinct_full_name": "11-2", "name20": "11-2", "GEOID20": "47037001851"}, "geometry": {"type": "Point", "coordinates": [-86.60654125268788, 36.230866]}}, {"type": "Feature", "properties": {"county_nam": "Davidson", "county_norm": "DAVIDSON", "prec_id": "001855", "precinct_norm": "DAVIDSON - 001855", "precinct_name": "Davidson - 001855", "precinct_full_name": "12-2", "name20": "12-2", "GEOID20": "47037001855"}, "geometry": {"type": "Point", "coordinates": [-86.57783104848382, 36.148108500000006]}}, {"type": "Feature", "properties": {"county_nam": "Davidson", "county_norm": "DAVIDSON", "prec_id": "001858", "precinct_norm": "DAVIDSON - 001858", "precinct_name": "Davidson - 001858", "precinct_full_name": "12-5", "name20": "12-5", "GEOID20": "47037001858"}, "geometry": {"type": "Point", "coordinates": [-86.60970827629667, 36.142314]}}, {"type": "Feature", "properties": {"county_nam": "Davidson", "county_norm": "DAVIDSON", "prec_id": "001860", "precinct_norm": "DAVIDSON - 001860", "precinct_name": "Davidson - 001860", "precinct_full_name": "13-2", "name20": "13-2", "GEOID20": "47037001860"}, "geometry": {"type": "Point", "coordinates": [-86.70176669704226, 36.1000295]}}, {"type": "Feature", "properties": {"county_nam": "Davidson", "county_norm": "DAVIDSON", "prec_id": "001867", "precinct_norm": "DAVIDSON - 001867", "precinct_name": "Davidson - 001867", "precinct_full_name": "14-5", "name20": "14-5", "GEOID20": "47037001867"}, "geometry": {"type": "Point", "coordinates": [-86.63985328345959, 36.1645215]}}, {"type": "Feature", "properties": {"county_nam": "Davidson", "county_norm": "DAVIDSON", "prec_id": "001865", "precinct_norm": "DAVIDSON - 001865", "precinct_name": "Davidson - 001865", "precinct_full_name": "14-3", "name20": "14-3", "GEOID20": "47037001865"}, "geometry": {"type": "Point", "coordinates": [-86.61578883091627, 36.1497835]}}, {"type": "Feature", "properties": {"county_nam": "Davidson", "county_norm": "DAVIDSON", "prec_id": "001869", "precinct_norm": "DAVIDSON - 001869", "precinct_name": "Davidson - 001869", "precinct_full_name": "15-2", "name20": "15-2", "GEOID20": "47037001869"}, "geometry": {"type": "Point", "coordinates": [-86.68535953856296, 36.1775175]}}, {"type": "Feature", "properties": {"county_nam": "Davidson", "county_norm": "DAVIDSON", "prec_id": "001870", "precinct_norm": "DAVIDSON - 001870", "precinct_name": "Davidson - 001870", "precinct_full_name": "15-3", "name20": "15-3", "GEOID20": "47037001870"}, "geometry": {"type": "Point", "coordinates": [-86.67860131981723, 36.1572485]}}, {"type": "Feature", "properties": {"county_nam": "Davidson", "county_norm": "DAVIDSON", "prec_id": "001874", "precinct_norm": "DAVIDSON - 001874", "precinct_name": "Davidson - 001874", "precinct_full_name": "16-2", "name20": "16-2", "GEOID20": "47037001874"}, "geometry": {"type": "Point", "coordinates": [-86.7106437106776, 36.117383000000004]}}, {"type": "Feature", "properties": {"county_nam": "Davidson", "county_norm": "DAVIDSON", "prec_id": "001876", "precinct_norm": "DAVIDSON - 001876", "precinct_name": "Davidson - 001876", "precinct_full_name": "16-4", "name20": "16-4", "GEOID20": "47037001876"}, "geometry": {"type": "Point", "coordinates": [-86.73878052765727, 36.122285]}}, {"type": "Feature", "properties": {"county_nam": "Davidson", "county_norm": "DAVIDSON", "prec_id": "001879", "precinct_norm": "DAVIDSON - 001879", "precinct_name": "Davidson - 001879", "precinct_full_name": "17-2", "name20": "17-2", "GEOID20": "47037001879"}, "geometry": {"type": "Point", "coordinates": [-86.79371547367461, 36.1417345]}}, {"type": "Feature", "properties": {"county_nam": "Davidson", "county_norm": "DAVIDSON", "prec_id": "001884", "precinct_norm": "DAVIDSON - 001884", "precinct_name": "Davidson - 001884", "precinct_full_name": "17-7", "name20": "17-7", "GEOID20": "47037001884"}, "geometry": {"type": "Point", "coordinates": [-86.75433020972696, 36.12335]}}, {"type": "Feature", "properties": {"county_nam": "Davidson", "county_norm": "DAVIDSON", "prec_id": "001883", "precinct_norm": "DAVIDSON - 001883", "precinct_name": "Davidson - 001883", "precinct_full_name": "17-6", "name20": "17-6", "GEOID20": "47037001883"}, "geometry": {"type": "Point", "coordinates": [-86.7428157089074, 36.1347025]}}, {"type": "Feature", "properties": {"county_nam": "Davidson", "county_norm": "DAVIDSON", "prec_id": "001889", "precinct_norm": "DAVIDSON - 001889", "precinct_name": "Davidson - 001889", "precinct_full_name": "18-5", "name20": "18-5", "GEOID20": "47037001889"}, "geometry": {"type": "Point", "coordinates": [-86.82115409040028, 36.133212]}}, {"type": "Feature", "properties": {"county_nam": "Davidson", "county_norm": "DAVIDSON", "prec_id": "001885", "precinct_norm": "DAVIDSON - 001885", "precinct_name": "Davidson - 001885", "precinct_full_name": "18-1", "name20": "18-1", "GEOID20": "47037001885"}, "geometry": {"type": "Point", "coordinates": [-86.8067105931161, 36.144007]}}, {"type": "Feature", "properties": {"county_nam": "Davidson", "county_norm": "DAVIDSON", "prec_id": "001893", "precinct_norm": "DAVIDSON - 001893", "precinct_name": "Davidson - 001893", "precinct_full_name": "19-4", "name20": "19-4", "GEOID20": "47037001893"}, "geometry": {"type": "Point", "coordinates": [-86.79191081715673, 36.1526795]}}, {"type": "Feature", "properties": {"county_nam": "Davidson", "county_norm": "DAVIDSON", "prec_id": "001894", "precinct_norm": "DAVIDSON - 001894", "precinct_name": "Davidson - 001894", "precinct_full_name": "19-5", "name20": "19-5", "GEOID20": "47037001894"}, "geometry": {"type": "Point", "coordinates": [-86.7417409496337, 36.14751]}}, {"type": "Feature", "properties": {"county_nam": "Davidson", "county_norm": "DAVIDSON", "prec_id": "001891", "precinct_norm": "DAVIDSON - 001891", "precinct_name": "Davidson - 001891", "precinct_full_name": "19-2", "name20": "19-2", "GEOID20": "47037001891"}, "geometry": {"type": "Point", "coordinates": [-86.78977583479875, 36.1825525]}}, {"type": "Feature", "properties": {"county_nam": "Davidson", "county_norm": "DAVIDSON", "prec_id": "001897", "precinct_norm": "DAVIDSON - 001897", "precinct_name": "Davidson - 001897", "precinct_full_name": "20-2", "name20": "20-2", "GEOID20": "47037001897"}, "geometry": {"type": "Point", "coordinates": [-86.85587347568006, 36.160768000000004]}}, {"type": "Feature", "properties": {"county_nam": "Davidson", "county_norm": "DAVIDSON", "prec_id": "001902", "precinct_norm": "DAVIDSON - 001902", "precinct_name": "Davidson - 001902", "precinct_full_name": "21-4", "name20": "21-4", "GEOID20": "47037001902"}, "geometry": {"type": "Point", "coordinates": [-86.81520456591718, 36.147151]}}, {"type": "Feature", "properties": {"county_nam": "Davidson", "county_norm": "DAVIDSON", "prec_id": "001901", "precinct_norm": "DAVIDSON - 001901", "precinct_name": "Davidson - 001901", "precinct_full_name": "21-3", "name20": "21-3", "GEOID20": "47037001901"}, "geometry": {"type": "Point", "coordinates": [-86.81148542946428, 36.160624999999996]}}, {"type": "Feature", "properties": {"county_nam": "Davidson", "county_norm": "DAVIDSON", "prec_id": "001903", "precinct_norm": "DAVIDSON - 001903", "precinct_name": "Davidson - 001903", "precinct_full_name": "22-1", "name20": "22-1", "GEOID20": "47037001903"}, "geometry": {"type": "Point", "coordinates": [-86.9488893176819, 36.098]}}, {"type": "Feature", "properties": {"county_nam": "Davidson", "county_norm": "DAVIDSON", "prec_id": "001910", "precinct_norm": "DAVIDSON - 001910", "precinct_name": "Davidson - 001910", "precinct_full_name": "23-4", "name20": "23-4", "GEOID20": "47037001910"}, "geometry": {"type": "Point", "coordinates": [-86.85316639881646, 36.0976455]}}, {"type": "Feature", "properties": {"county_nam": "Davidson", "county_norm": "DAVIDSON", "prec_id": "001909", "precinct_norm": "DAVIDSON - 001909", "precinct_name": "Davidson - 001909", "precinct_full_name": "23-3", "name20": "23-3", "GEOID20": "47037001909"}, "geometry": {"type": "Point", "coordinates": [-86.88713344006331, 36.0876335]}}, {"type": "Feature", "properties": {"county_nam": "Davidson", "county_norm": "DAVIDSON", "prec_id": "001914", "precinct_norm": "DAVIDSON - 001914", "precinct_name": "Davidson - 001914", "precinct_full_name": "24-3", "name20": "24-3", "GEOID20": "47037001914"}, "geometry": {"type": "Point", "coordinates": [-86.8395235406785, 36.1265055]}}, {"type": "Feature", "properties": {"county_nam": "Davidson", "county_norm": "DAVIDSON", "prec_id": "001912", "precinct_norm": "DAVIDSON - 001912", "precinct_name": "Davidson - 001912", "precinct_full_name": "24-1", "name20": "24-1", "GEOID20": "47037001912"}, "geometry": {"type": "Point", "coordinates": [-86.83756709456068, 36.142495]}}, {"type": "Feature", "properties": {"county_nam": "Davidson", "county_norm": "DAVIDSON", "prec_id": "001921", "precinct_norm": "DAVIDSON - 001921", "precinct_name": "Davidson - 001921", "precinct_full_name": "25-4", "name20": "25-4", "GEOID20": "47037001921"}, "geometry": {"type": "Point", "coordinates": [-86.78683638942309, 36.108827000000005]}}, {"type": "Feature", "properties": {"county_nam": "Davidson", "county_norm": "DAVIDSON", "prec_id": "001920", "precinct_norm": "DAVIDSON - 001920", "precinct_name": "Davidson - 001920", "precinct_full_name": "25-3", "name20": "25-3", "GEOID20": "47037001920"}, "geometry": {"type": "Point", "coordinates": [-86.81315139488638, 36.1016515]}}, {"type": "Feature", "properties": {"county_nam": "Davidson", "county_norm": "DAVIDSON", "prec_id": "001923", "precinct_norm": "DAVIDSON - 001923", "precinct_name": "Davidson - 001923", "precinct_full_name": "26-2", "name20": "26-2", "GEOID20": "47037001923"}, "geometry": {"type": "Point", "coordinates": [-86.75149140848526, 36.064678]}}, {"type": "Feature", "properties": {"county_nam": "Davidson", "county_norm": "DAVIDSON", "prec_id": "001922", "precinct_norm": "DAVIDSON - 001922", "precinct_name": "Davidson - 001922", "precinct_full_name": "26-1", "name20": "26-1", "GEOID20": "47037001922"}, "geometry": {"type": "Point", "coordinates": [-86.71204490364423, 36.088574]}}, {"type": "Feature", "properties": {"county_nam": "Davidson", "county_norm": "DAVIDSON", "prec_id": "001928", "precinct_norm": "DAVIDSON - 001928", "precinct_name": "Davidson - 001928", "precinct_full_name": "27-3", "name20": "27-3", "GEOID20": "47037001928"}, "geometry": {"type": "Point", "coordinates": [-86.72983764195402, 36.0583395]}}, {"type": "Feature", "properties": {"county_nam": "Davidson", "county_norm": "DAVIDSON", "prec_id": "001930", "precinct_norm": "DAVIDSON - 001930", "precinct_name": "Davidson - 001930", "precinct_full_name": "28-2", "name20": "28-2", "GEOID20": "47037001930"}, "geometry": {"type": "Point", "coordinates": [-86.66245155514096, 36.065597499999996]}}, {"type": "Feature", "properties": {"county_nam": "Davidson", "county_norm": "DAVIDSON", "prec_id": "001935", "precinct_norm": "DAVIDSON - 001935", "precinct_name": "Davidson - 001935", "precinct_full_name": "29-4", "name20": "29-4", "GEOID20": "47037001935"}, "geometry": {"type": "Point", "coordinates": [-86.61093185993802, 36.094241]}}, {"type": "Feature", "properties": {"county_nam": "Davidson", "county_norm": "DAVIDSON", "prec_id": "001932", "precinct_norm": "DAVIDSON - 001932", "precinct_name": "Davidson - 001932", "precinct_full_name": "29-1", "name20": "29-1", "GEOID20": "47037001932"}, "geometry": {"type": "Point", "coordinates": [-86.64416265828126, 36.1035035]}}, {"type": "Feature", "properties": {"county_nam": "Davidson", "county_norm": "DAVIDSON", "prec_id": "001936", "precinct_norm": "DAVIDSON - 001936", "precinct_name": "Davidson - 001936", "precinct_full_name": "30-1", "name20": "30-1", "GEOID20": "47037001936"}, "geometry": {"type": "Point", "coordinates": [-86.71661222645935, 36.073784]}}, {"type": "Feature", "properties": {"county_nam": "Davidson", "county_norm": "DAVIDSON", "prec_id": "001939", "precinct_norm": "DAVIDSON - 001939", "precinct_name": "Davidson - 001939", "precinct_full_name": "30-4", "name20": "30-4", "GEOID20": "47037001939"}, "geometry": {"type": "Point", "coordinates": [-86.68832932163339, 36.057598999999996]}}, {"type": "Feature", "properties": {"county_nam": "Davidson", "county_norm": "DAVIDSON", "prec_id": "001940", "precinct_norm": "DAVIDSON - 001940", "precinct_name": "Davidson - 001940", "precinct_full_name": "31-1", "name20": "31-1", "GEOID20": "47037001940"}, "geometry": {"type": "Point", "coordinates": [-86.67974358026315, 36.048216499999995]}}, {"type": "Feature", "properties": {"county_nam": "Davidson", "county_norm": "DAVIDSON", "prec_id": "001945", "precinct_norm": "DAVIDSON - 001945", "precinct_name": "Davidson - 001945", "precinct_full_name": "32-2", "name20": "32-2", "GEOID20": "47037001945"}, "geometry": {"type": "Point", "coordinates": [-86.65338741088604, 36.0457245]}}, {"type": "Feature", "properties": {"county_nam": "Davidson", "county_norm": "DAVIDSON", "prec_id": "001947", "precinct_norm": "DAVIDSON - 001947", "precinct_name": "Davidson - 001947", "precinct_full_name": "32-4", "name20": "32-4", "GEOID20": "47037001947"}, "geometry": {"type": "Point", "coordinates": [-86.62065977058052, 36.0414435]}}, {"type": "Feature", "properties": {"county_nam": "Davidson", "county_norm": "DAVIDSON", "prec_id": "001950", "precinct_norm": "DAVIDSON - 001950", "precinct_name": "Davidson - 001950", "precinct_full_name": "33-3", "name20": "33-3", "GEOID20": "47037001950"}, "geometry": {"type": "Point", "coordinates": [-86.5864683337654, 36.044841]}}, {"type": "Feature", "properties": {"county_nam": "Davidson", "county_norm": "DAVIDSON", "prec_id": "001948", "precinct_norm": "DAVIDSON - 001948", "precinct_name": "Davidson - 001948", "precinct_full_name": "33-1", "name20": "33-1", "GEOID20": "47037001948"}, "geometry": {"type": "Point", "coordinates": [-86.54688274640905, 36.095074499999996]}}, {"type": "Feature", "properties": {"county_nam": "Davidson", "county_norm": "DAVIDSON", "prec_id": "001957", "precinct_norm": "DAVIDSON - 001957", "precinct_name": "Davidson - 001957", "precinct_full_name": "34-5", "name20": "34-5", "GEOID20": "47037001957"}, "geometry": {"type": "Point", "coordinates": [-86.79111271907831, 36.0640735]}}, {"type": "Feature", "properties": {"county_nam": "Davidson", "county_norm": "DAVIDSON", "prec_id": "001801", "precinct_norm": "DAVIDSON - 001801", "precinct_name": "Davidson - 001801", "precinct_full_name": "1-1", "name20": "1-1", "GEOID20": "47037001801"}, "geometry": {"type": "Point", "coordinates": [-86.87219241530143, 36.328401]}}, {"type": "Feature", "properties": {"county_nam": "Davidson", "county_norm": "DAVIDSON", "prec_id": "001803", "precinct_norm": "DAVIDSON - 001803", "precinct_name": "Davidson - 001803", "precinct_full_name": "1-3", "name20": "1-3", "GEOID20": "47037001803"}, "geometry": {"type": "Point", "coordinates": [-86.85083151146894, 36.2418985]}}, {"type": "Feature", "properties": {"county_nam": "Grundy", "county_norm": "GRUNDY", "prec_id": "003157", "precinct_norm": "GRUNDY - 003157", "precinct_name": "Grundy - 003157", "precinct_full_name": "Cross Roads", "name20": "Cross Roads", "GEOID20": "47061003157"}, "geometry": {"type": "Point", "coordinates": [-85.85735804742771, 35.310232]}}, {"type": "Feature", "properties": {"county_nam": "Grundy", "county_norm": "GRUNDY", "prec_id": "003153", "precinct_norm": "GRUNDY - 003153", "precinct_name": "Grundy - 003153", "precinct_full_name": "Altamont", "name20": "Altamont", "GEOID20": "47061003153"}, "geometry": {"type": "Point", "coordinates": [-85.79627918475728, 35.412850000000006]}}, {"type": "Feature", "properties": {"county_nam": "Grundy", "county_norm": "GRUNDY", "prec_id": "003155", "precinct_norm": "GRUNDY - 003155", "precinct_name": "Grundy - 003155", "precinct_full_name": "Central", "name20": "Central", "GEOID20": "47061003155"}, "geometry": {"type": "Point", "coordinates": [-85.73968459878218, 35.376654]}}, {"type": "Feature", "properties": {"county_nam": "Grundy", "county_norm": "GRUNDY", "prec_id": "003152", "precinct_norm": "GRUNDY - 003152", "precinct_name": "Grundy - 003152", "precinct_full_name": "Beersheba", "name20": "Beersheba", "GEOID20": "47061003152"}, "geometry": {"type": "Point", "coordinates": [-85.6367528983287, 35.4793175]}}, {"type": "Feature", "properties": {"county_nam": "Grundy", "county_norm": "GRUNDY", "prec_id": "003154", "precinct_norm": "GRUNDY - 003154", "precinct_name": "Grundy - 003154", "precinct_full_name": "Collins", "name20": "Collins", "GEOID20": "47061003154"}, "geometry": {"type": "Point", "coordinates": [-85.57051707259288, 35.439831]}}, {"type": "Feature", "properties": {"county_nam": "Grundy", "county_norm": "GRUNDY", "prec_id": "003160", "precinct_norm": "GRUNDY - 003160", "precinct_name": "Grundy - 003160", "precinct_full_name": "Coalmont", "name20": "Coalmont", "GEOID20": "47061003160"}, "geometry": {"type": "Point", "coordinates": [-85.70004030518609, 35.32754]}}, {"type": "Feature", "properties": {"county_nam": "Grundy", "county_norm": "GRUNDY", "prec_id": "003163", "precinct_norm": "GRUNDY - 003163", "precinct_name": "Grundy - 003163", "precinct_full_name": "Gruetli", "name20": "Gruetli", "GEOID20": "47061003163"}, "geometry": {"type": "Point", "coordinates": [-85.63103919505218, 35.357777999999996]}}, {"type": "Feature", "properties": {"county_nam": "Grundy", "county_norm": "GRUNDY", "prec_id": "003162", "precinct_norm": "GRUNDY - 003162", "precinct_name": "Grundy - 003162", "precinct_full_name": "Palmer", "name20": "Palmer", "GEOID20": "47061003162"}, "geometry": {"type": "Point", "coordinates": [-85.54503054895665, 35.3631455]}}, {"type": "Feature", "properties": {"county_nam": "Grundy", "county_norm": "GRUNDY", "prec_id": "003161", "precinct_norm": "GRUNDY - 003161", "precinct_name": "Grundy - 003161", "precinct_full_name": "Monteagle", "name20": "Monteagle", "GEOID20": "47061003161"}, "geometry": {"type": "Point", "coordinates": [-85.81852910376308, 35.243471]}}, {"type": "Feature", "properties": {"county_nam": "Grundy", "county_norm": "GRUNDY", "prec_id": "003156", "precinct_norm": "GRUNDY - 003156", "precinct_name": "Grundy - 003156", "precinct_full_name": "Tracy", "name20": "Tracy", "GEOID20": "47061003156"}, "geometry": {"type": "Point", "coordinates": [-85.7463478168516, 35.264268]}}, {"type": "Feature", "properties": {"county_nam": "Claiborne", "county_norm": "CLAIBORNE", "prec_id": "001205", "precinct_norm": "CLAIBORNE - 001205", "precinct_name": "Claiborne - 001205", "precinct_full_name": "2-2 Goin", "name20": "2-2 Goin", "GEOID20": "47025001205"}, "geometry": {"type": "Point", "coordinates": [-83.727642228125, 36.40223949999999]}}, {"type": "Feature", "properties": {"county_nam": "Claiborne", "county_norm": "CLAIBORNE", "prec_id": "001213", "precinct_norm": "CLAIBORNE - 001213", "precinct_name": "Claiborne - 001213", "precinct_full_name": "2-1 Clouds", "name20": "2-1 Clouds", "GEOID20": "47025001213"}, "geometry": {"type": "Point", "coordinates": [-83.66061899192528, 36.475638000000004]}}, {"type": "Feature", "properties": {"county_nam": "Claiborne", "county_norm": "CLAIBORNE", "prec_id": "001211", "precinct_norm": "CLAIBORNE - 001211", "precinct_name": "Claiborne - 001211", "precinct_full_name": "2-3 Sandlick", "name20": "2-3 Sandlick", "GEOID20": "47025001211"}, "geometry": {"type": "Point", "coordinates": [-83.67640878735632, 36.387929]}}, {"type": "Feature", "properties": {"county_nam": "Claiborne", "county_norm": "CLAIBORNE", "prec_id": "001215", "precinct_norm": "CLAIBORNE - 001215", "precinct_name": "Claiborne - 001215", "precinct_full_name": "4-4 Springdale", "name20": "4-4 Springdale", "GEOID20": "47025001215"}, "geometry": {"type": "Point", "coordinates": [-83.51876608223961, 36.427711]}}, {"type": "Feature", "properties": {"county_nam": "Claiborne", "county_norm": "CLAIBORNE", "prec_id": "001214", "precinct_norm": "CLAIBORNE - 001214", "precinct_name": "Claiborne - 001214", "precinct_full_name": "4-2 Howard's Quarter", "name20": "4-2 Howard's Quarter", "GEOID20": "47025001214"}, "geometry": {"type": "Point", "coordinates": [-83.41166261343415, 36.4586195]}}, {"type": "Feature", "properties": {"county_nam": "Claiborne", "county_norm": "CLAIBORNE", "prec_id": "001216", "precinct_norm": "CLAIBORNE - 001216", "precinct_name": "Claiborne - 001216", "precinct_full_name": "4-3 Liberty", "name20": "4-3 Liberty", "GEOID20": "47025001216"}, "geometry": {"type": "Point", "coordinates": [-83.4331919153844, 36.5042575]}}, {"type": "Feature", "properties": {"county_nam": "Claiborne", "county_norm": "CLAIBORNE", "prec_id": "001206", "precinct_norm": "CLAIBORNE - 001206", "precinct_name": "Claiborne - 001206", "precinct_full_name": "3-2 New Tazewell", "name20": "3-2 New Tazewell", "GEOID20": "47025001206"}, "geometry": {"type": "Point", "coordinates": [-83.63141053476821, 36.423902]}}, {"type": "Feature", "properties": {"county_nam": "Campbell", "county_norm": "CAMPBELL", "prec_id": "000617", "precinct_norm": "CAMPBELL - 000617", "precinct_name": "Campbell - 000617", "precinct_full_name": "Well Springs", "name20": "Well Springs", "GEOID20": "47013000617"}, "geometry": {"type": "Point", "coordinates": [-83.94361597299705, 36.4314745]}}, {"type": "Feature", "properties": {"county_nam": "Campbell", "county_norm": "CAMPBELL", "prec_id": "000604", "precinct_norm": "CAMPBELL - 000604", "precinct_name": "Campbell - 000604", "precinct_full_name": "Valley View", "name20": "Valley View", "GEOID20": "47013000604"}, "geometry": {"type": "Point", "coordinates": [-84.01776169827586, 36.424012]}}, {"type": "Feature", "properties": {"county_nam": "Campbell", "county_norm": "CAMPBELL", "prec_id": "000616", "precinct_norm": "CAMPBELL - 000616", "precinct_name": "Campbell - 000616", "precinct_full_name": "Alder Springs", "name20": "Alder Springs", "GEOID20": "47013000616"}, "geometry": {"type": "Point", "coordinates": [-84.07575945274064, 36.357110500000005]}}, {"type": "Feature", "properties": {"county_nam": "Campbell", "county_norm": "CAMPBELL", "prec_id": "000612", "precinct_norm": "CAMPBELL - 000612", "precinct_name": "Campbell - 000612", "precinct_full_name": "Pinecrest", "name20": "Pinecrest", "GEOID20": "47013000612"}, "geometry": {"type": "Point", "coordinates": [-84.11457466326837, 36.269464]}}, {"type": "Feature", "properties": {"county_nam": "Campbell", "county_norm": "CAMPBELL", "prec_id": "000615", "precinct_norm": "CAMPBELL - 000615", "precinct_name": "Campbell - 000615", "precinct_full_name": "Demory", "name20": "Demory", "GEOID20": "47013000615"}, "geometry": {"type": "Point", "coordinates": [-84.06360768167701, 36.307308500000005]}}, {"type": "Feature", "properties": {"county_nam": "Campbell", "county_norm": "CAMPBELL", "prec_id": "000608", "precinct_norm": "CAMPBELL - 000608", "precinct_name": "Campbell - 000608", "precinct_full_name": "East LaFollette", "name20": "East LaFollette", "GEOID20": "47013000608"}, "geometry": {"type": "Point", "coordinates": [-84.11322870359282, 36.3790465]}}, {"type": "Feature", "properties": {"county_nam": "Campbell", "county_norm": "CAMPBELL", "prec_id": "000607", "precinct_norm": "CAMPBELL - 000607", "precinct_name": "Campbell - 000607", "precinct_full_name": "LaFollette Elementary School", "name20": "LaFollette Elementary School", "GEOID20": "47013000607"}, "geometry": {"type": "Point", "coordinates": [-84.07693778966942, 36.3901515]}}, {"type": "Feature", "properties": {"county_nam": "Campbell", "county_norm": "CAMPBELL", "prec_id": "000601", "precinct_norm": "CAMPBELL - 000601", "precinct_name": "Campbell - 000601", "precinct_full_name": "College Hill", "name20": "College Hill", "GEOID20": "47013000601"}, "geometry": {"type": "Point", "coordinates": [-84.1267508261675, 36.3612265]}}, {"type": "Feature", "properties": {"county_nam": "Campbell", "county_norm": "CAMPBELL", "prec_id": "000610", "precinct_norm": "CAMPBELL - 000610", "precinct_name": "Campbell - 000610", "precinct_full_name": "Campbell County High School", "name20": "Campbell County High School", "GEOID20": "47013000610"}, "geometry": {"type": "Point", "coordinates": [-84.1593252700716, 36.358781500000006]}}, {"type": "Feature", "properties": {"county_nam": "Campbell", "county_norm": "CAMPBELL", "prec_id": "000611", "precinct_norm": "CAMPBELL - 000611", "precinct_name": "Campbell - 000611", "precinct_full_name": "Jacksboro Station", "name20": "Jacksboro Station", "GEOID20": "47013000611"}, "geometry": {"type": "Point", "coordinates": [-84.17416501640508, 36.3156]}}, {"type": "Feature", "properties": {"county_nam": "Campbell", "county_norm": "CAMPBELL", "prec_id": "000614", "precinct_norm": "CAMPBELL - 000614", "precinct_name": "Campbell - 000614", "precinct_full_name": "Clinchmore", "name20": "Clinchmore", "GEOID20": "47013000614"}, "geometry": {"type": "Point", "coordinates": [-84.2885334579025, 36.284136000000004]}}, {"type": "Feature", "properties": {"county_nam": "Campbell", "county_norm": "CAMPBELL", "prec_id": "000619", "precinct_norm": "CAMPBELL - 000619", "precinct_name": "Campbell - 000619", "precinct_full_name": "White Oak", "name20": "White Oak", "GEOID20": "47013000619"}, "geometry": {"type": "Point", "coordinates": [-84.02557251036023, 36.5422215]}}, {"type": "Feature", "properties": {"county_nam": "Campbell", "county_norm": "CAMPBELL", "prec_id": "000605", "precinct_norm": "CAMPBELL - 000605", "precinct_name": "Campbell - 000605", "precinct_full_name": "Elk Valley", "name20": "Elk Valley", "GEOID20": "47013000605"}, "geometry": {"type": "Point", "coordinates": [-84.30611140555935, 36.454826499999996]}}, {"type": "Feature", "properties": {"county_nam": "Campbell", "county_norm": "CAMPBELL", "prec_id": "000618", "precinct_norm": "CAMPBELL - 000618", "precinct_name": "Campbell - 000618", "precinct_full_name": "Habersham", "name20": "Habersham", "GEOID20": "47013000618"}, "geometry": {"type": "Point", "coordinates": [-84.12914889775692, 36.459269]}}, {"type": "Feature", "properties": {"county_nam": "Campbell", "county_norm": "CAMPBELL", "prec_id": "000621", "precinct_norm": "CAMPBELL - 000621", "precinct_name": "Campbell - 000621", "precinct_full_name": "Jellico", "name20": "Jellico", "GEOID20": "47013000621"}, "geometry": {"type": "Point", "coordinates": [-84.13055139120259, 36.564212]}}, {"type": "Feature", "properties": {"county_nam": "Campbell", "county_norm": "CAMPBELL", "prec_id": "000603", "precinct_norm": "CAMPBELL - 000603", "precinct_name": "Campbell - 000603", "precinct_full_name": "West LaFollette", "name20": "West LaFollette", "GEOID20": "47013000603"}, "geometry": {"type": "Point", "coordinates": [-84.1295103852735, 36.376902]}}, {"type": "Feature", "properties": {"county_nam": "Campbell", "county_norm": "CAMPBELL", "prec_id": "000620", "precinct_norm": "CAMPBELL - 000620", "precinct_name": "Campbell - 000620", "precinct_full_name": "Newcomb", "name20": "Newcomb", "GEOID20": "47013000620"}, "geometry": {"type": "Point", "coordinates": [-84.2040573011696, 36.5424015]}}, {"type": "Feature", "properties": {"county_nam": "Campbell", "county_norm": "CAMPBELL", "prec_id": "000602", "precinct_norm": "CAMPBELL - 000602", "precinct_name": "Campbell - 000602", "precinct_full_name": "Caryville", "name20": "Caryville", "GEOID20": "47013000602"}, "geometry": {"type": "Point", "coordinates": [-84.23661892896297, 36.346655999999996]}}, {"type": "Feature", "properties": {"county_nam": "Campbell", "county_norm": "CAMPBELL", "prec_id": "000613", "precinct_norm": "CAMPBELL - 000613", "precinct_name": "Campbell - 000613", "precinct_full_name": "Ridgewood", "name20": "Ridgewood", "GEOID20": "47013000613"}, "geometry": {"type": "Point", "coordinates": [-84.18613566599973, 36.259541]}}, {"type": "Feature", "properties": {"county_nam": "Campbell", "county_norm": "CAMPBELL", "prec_id": "000609", "precinct_norm": "CAMPBELL - 000609", "precinct_name": "Campbell - 000609", "precinct_full_name": "Jacksboro", "name20": "Jacksboro", "GEOID20": "47013000609"}, "geometry": {"type": "Point", "coordinates": [-84.19294169439357, 36.3344825]}}, {"type": "Feature", "properties": {"county_nam": "White", "county_norm": "WHITE", "prec_id": "009609", "precinct_norm": "WHITE - 009609", "precinct_name": "White - 009609", "precinct_full_name": "1-2 Sparta Civic Center, County", "name20": "1-2 Sparta Civic Center, County", "GEOID20": "47185009609"}, "geometry": {"type": "Point", "coordinates": [-85.4570596006826, 35.903864999999996]}}, {"type": "Feature", "properties": {"county_nam": "White", "county_norm": "WHITE", "prec_id": "009610", "precinct_norm": "WHITE - 009610", "precinct_name": "White - 009610", "precinct_full_name": "2-2 Woodland Park School, County", "name20": "2-2 Woodland Park School, County", "GEOID20": "47185009610"}, "geometry": {"type": "Point", "coordinates": [-85.4962633682629, 35.9149285]}}, {"type": "Feature", "properties": {"county_nam": "White", "county_norm": "WHITE", "prec_id": "009611", "precinct_norm": "WHITE - 009611", "precinct_name": "White - 009611", "precinct_full_name": "2-1 Ag Fair Complex, City", "name20": "2-1 Ag Fair Complex, City", "GEOID20": "47185009611"}, "geometry": {"type": "Point", "coordinates": [-85.48003253568402, 35.941976]}}, {"type": "Feature", "properties": {"county_nam": "White", "county_norm": "WHITE", "prec_id": "009604", "precinct_norm": "WHITE - 009604", "precinct_name": "White - 009604", "precinct_full_name": "7-1 Northfield School, County", "name20": "7-1 Northfield School, County", "GEOID20": "47185009604"}, "geometry": {"type": "Point", "coordinates": [-85.57985473447334, 36.015677]}}, {"type": "Feature", "properties": {"county_nam": "White", "county_norm": "WHITE", "prec_id": "009607", "precinct_norm": "WHITE - 009607", "precinct_name": "White - 009607", "precinct_full_name": "3-1 Ag Fair Complex, County", "name20": "3-1 Ag Fair Complex, County", "GEOID20": "47185009607"}, "geometry": {"type": "Point", "coordinates": [-85.40815174063445, 36.000201]}}, {"type": "Feature", "properties": {"county_nam": "White", "county_norm": "WHITE", "prec_id": "009606", "precinct_norm": "WHITE - 009606", "precinct_name": "White - 009606", "precinct_full_name": "4-2 Bondecroft School, County", "name20": "4-2 Bondecroft School, County", "GEOID20": "47185009606"}, "geometry": {"type": "Point", "coordinates": [-85.2879123550199, 35.893607]}}, {"type": "Feature", "properties": {"county_nam": "White", "county_norm": "WHITE", "prec_id": "009605", "precinct_norm": "WHITE - 009605", "precinct_name": "White - 009605", "precinct_full_name": "4-1 Woodland Park School, County", "name20": "4-1 Woodland Park School, County", "GEOID20": "47185009605"}, "geometry": {"type": "Point", "coordinates": [-85.39490084374481, 35.860982]}}, {"type": "Feature", "properties": {"county_nam": "White", "county_norm": "WHITE", "prec_id": "009603", "precinct_norm": "WHITE - 009603", "precinct_name": "White - 009603", "precinct_full_name": "5-1 Doyle Civic Center Hall, County", "name20": "5-1 Doyle Civic Center Hall, County", "GEOID20": "47185009603"}, "geometry": {"type": "Point", "coordinates": [-85.52990228991484, 35.857226999999995]}}, {"type": "Feature", "properties": {"county_nam": "White", "county_norm": "WHITE", "prec_id": "009601", "precinct_norm": "WHITE - 009601", "precinct_name": "White - 009601", "precinct_full_name": "6-2 Cassville School, County", "name20": "6-2 Cassville School, County", "GEOID20": "47185009601"}, "geometry": {"type": "Point", "coordinates": [-85.59577853776679, 35.9520905]}}, {"type": "Feature", "properties": {"county_nam": "White", "county_norm": "WHITE", "prec_id": "009602", "precinct_norm": "WHITE - 009602", "precinct_name": "White - 009602", "precinct_full_name": "6-1 Central View School, County", "name20": "6-1 Central View School, County", "GEOID20": "47185009602"}, "geometry": {"type": "Point", "coordinates": [-85.61117131156334, 35.8734835]}}, {"type": "Feature", "properties": {"county_nam": "White", "county_norm": "WHITE", "prec_id": "009608", "precinct_norm": "WHITE - 009608", "precinct_name": "White - 009608", "precinct_full_name": "1-1 Sparta Civic Center, City", "name20": "1-1 Sparta Civic Center, City", "GEOID20": "47185009608"}, "geometry": {"type": "Point", "coordinates": [-85.45686570264294, 35.9218425]}}, {"type": "Feature", "properties": {"county_nam": "Claiborne", "county_norm": "CLAIBORNE", "prec_id": "001207", "precinct_norm": "CLAIBORNE - 001207", "precinct_name": "Claiborne - 001207", "precinct_full_name": "3-1 Lone Mountain", "name20": "3-1 Lone Mountain", "GEOID20": "47025001207"}, "geometry": {"type": "Point", "coordinates": [-83.58812481227244, 36.3845135]}}, {"type": "Feature", "properties": {"county_nam": "Claiborne", "county_norm": "CLAIBORNE", "prec_id": "001201", "precinct_norm": "CLAIBORNE - 001201", "precinct_name": "Claiborne - 001201", "precinct_full_name": "7-1 Arthur", "name20": "7-1 Arthur", "GEOID20": "47025001201"}, "geometry": {"type": "Point", "coordinates": [-83.70328652351567, 36.5234045]}}, {"type": "Feature", "properties": {"county_nam": "Claiborne", "county_norm": "CLAIBORNE", "prec_id": "001202", "precinct_norm": "CLAIBORNE - 001202", "precinct_name": "Claiborne - 001202", "precinct_full_name": "9-1 Clairfield", "name20": "9-1 Clairfield", "GEOID20": "47025001202"}, "geometry": {"type": "Point", "coordinates": [-83.88921835652431, 36.5311215]}}, {"type": "Feature", "properties": {"county_nam": "Claiborne", "county_norm": "CLAIBORNE", "prec_id": "001212", "precinct_norm": "CLAIBORNE - 001212", "precinct_name": "Claiborne - 001212", "precinct_full_name": "4-1 Gibson Hall", "name20": "4-1 Gibson Hall", "GEOID20": "47025001212"}, "geometry": {"type": "Point", "coordinates": [-83.4653457846799, 36.520790500000004]}}, {"type": "Feature", "properties": {"county_nam": "Claiborne", "county_norm": "CLAIBORNE", "prec_id": "001209", "precinct_norm": "CLAIBORNE - 001209", "precinct_name": "Claiborne - 001209", "precinct_full_name": "7-2 Cumberland Gap", "name20": "7-2 Cumberland Gap", "GEOID20": "47025001209"}, "geometry": {"type": "Point", "coordinates": [-83.68365320347004, 36.577819500000004]}}, {"type": "Feature", "properties": {"county_nam": "Claiborne", "county_norm": "CLAIBORNE", "prec_id": "001203", "precinct_norm": "CLAIBORNE - 001203", "precinct_name": "Claiborne - 001203", "precinct_full_name": "5-1 Big Spring Union", "name20": "5-1 Big Spring Union", "GEOID20": "47025001203"}, "geometry": {"type": "Point", "coordinates": [-83.4911313421926, 36.551647]}}, {"type": "Feature", "properties": {"county_nam": "Claiborne", "county_norm": "CLAIBORNE", "prec_id": "001204", "precinct_norm": "CLAIBORNE - 001204", "precinct_name": "Claiborne - 001204", "precinct_full_name": "6-1 Harrogate", "name20": "6-1 Harrogate", "GEOID20": "47025001204"}, "geometry": {"type": "Point", "coordinates": [-83.60909090079365, 36.5484085]}}, {"type": "Feature", "properties": {"county_nam": "Claiborne", "county_norm": "CLAIBORNE", "prec_id": "001208", "precinct_norm": "CLAIBORNE - 001208", "precinct_name": "Claiborne - 001208", "precinct_full_name": "8-2 Vanbebber Springs", "name20": "8-2 Vanbebber Springs", "GEOID20": "47025001208"}, "geometry": {"type": "Point", "coordinates": [-83.78746348325572, 36.5002225]}}, {"type": "Feature", "properties": {"county_nam": "Claiborne", "county_norm": "CLAIBORNE", "prec_id": "001217", "precinct_norm": "CLAIBORNE - 001217", "precinct_name": "Claiborne - 001217", "precinct_full_name": "8-1 Rogers Mill", "name20": "8-1 Rogers Mill", "GEOID20": "47025001217"}, "geometry": {"type": "Point", "coordinates": [-83.8565699655754, 36.4529325]}}, {"type": "Feature", "properties": {"county_nam": "Benton", "county_norm": "BENTON", "prec_id": "000201", "precinct_norm": "BENTON - 000201", "precinct_name": "Benton - 000201", "precinct_full_name": "2 Camden High School", "name20": "2 Camden High School", "GEOID20": "47005000201"}, "geometry": {"type": "Point", "coordinates": [-88.1480748598753, 36.0972015]}}, {"type": "Feature", "properties": {"county_nam": "Benton", "county_norm": "BENTON", "prec_id": "000203", "precinct_norm": "BENTON - 000203", "precinct_name": "Benton - 000203", "precinct_full_name": "3 Benton Co. Courthouse", "name20": "3 Benton Co. Courthouse", "GEOID20": "47005000203"}, "geometry": {"type": "Point", "coordinates": [-88.08023283187222, 36.010034]}}, {"type": "Feature", "properties": {"county_nam": "Benton", "county_norm": "BENTON", "prec_id": "000202", "precinct_norm": "BENTON - 000202", "precinct_name": "Benton - 000202", "precinct_full_name": "4 Camden Elementary School", "name20": "4 Camden Elementary School", "GEOID20": "47005000202"}, "geometry": {"type": "Point", "coordinates": [-88.00448098353519, 36.120922]}}, {"type": "Feature", "properties": {"county_nam": "Benton", "county_norm": "BENTON", "prec_id": "000205", "precinct_norm": "BENTON - 000205", "precinct_name": "Benton - 000205", "precinct_full_name": "5 Benton Co. Courthouse", "name20": "5 Benton Co. Courthouse", "GEOID20": "47005000205"}, "geometry": {"type": "Point", "coordinates": [-88.11172975288734, 36.068675]}}, {"type": "Feature", "properties": {"county_nam": "Benton", "county_norm": "BENTON", "prec_id": "000206", "precinct_norm": "BENTON - 000206", "precinct_name": "Benton - 000206", "precinct_full_name": "6 Big Sandy School", "name20": "6 Big Sandy School", "GEOID20": "47005000206"}, "geometry": {"type": "Point", "coordinates": [-88.01408268626571, 36.261277]}}, {"type": "Feature", "properties": {"county_nam": "Houston", "county_norm": "HOUSTON", "prec_id": "004304", "precinct_norm": "HOUSTON - 004304", "precinct_name": "Houston - 004304", "precinct_full_name": "Stewart Community Center", "name20": "Stewart Community Center", "GEOID20": "47083004304"}, "geometry": {"type": "Point", "coordinates": [-87.85783880665181, 36.293437999999995]}}, {"type": "Feature", "properties": {"county_nam": "Houston", "county_norm": "HOUSTON", "prec_id": "004301", "precinct_norm": "HOUSTON - 004301", "precinct_name": "Houston - 004301", "precinct_full_name": "Tennessee Ridge City Hall", "name20": "Tennessee Ridge City Hall", "GEOID20": "47083004301"}, "geometry": {"type": "Point", "coordinates": [-87.75538079090501, 36.3203475]}}, {"type": "Feature", "properties": {"county_nam": "Houston", "county_norm": "HOUSTON", "prec_id": "004302", "precinct_norm": "HOUSTON - 004302", "precinct_name": "Houston - 004302", "precinct_full_name": "Arlington Sr. Citizens Cntr", "name20": "Arlington Sr. Citizens Cntr", "GEOID20": "47083004302"}, "geometry": {"type": "Point", "coordinates": [-87.72890467134107, 36.260441]}}, {"type": "Feature", "properties": {"county_nam": "Houston", "county_norm": "HOUSTON", "prec_id": "004303", "precinct_norm": "HOUSTON - 004303", "precinct_name": "Houston - 004303", "precinct_full_name": "Erin City Hall", "name20": "Erin City Hall", "GEOID20": "47083004303"}, "geometry": {"type": "Point", "coordinates": [-87.69693056513589, 36.3125255]}}, {"type": "Feature", "properties": {"county_nam": "Houston", "county_norm": "HOUSTON", "prec_id": "004306", "precinct_norm": "HOUSTON - 004306", "precinct_name": "Houston - 004306", "precinct_full_name": "Houston Co. Middle School", "name20": "Houston Co. Middle School", "GEOID20": "47083004306"}, "geometry": {"type": "Point", "coordinates": [-87.69130468291348, 36.341889]}}, {"type": "Feature", "properties": {"county_nam": "Houston", "county_norm": "HOUSTON", "prec_id": "004307", "precinct_norm": "HOUSTON - 004307", "precinct_name": "Houston - 004307", "precinct_full_name": "Griffin Chapel Church", "name20": "Griffin Chapel Church", "GEOID20": "47083004307"}, "geometry": {"type": "Point", "coordinates": [-87.56546142563818, 36.296842]}}, {"type": "Feature", "properties": {"county_nam": "Houston", "county_norm": "HOUSTON", "prec_id": "004305", "precinct_norm": "HOUSTON - 004305", "precinct_name": "Houston - 004305", "precinct_full_name": "Erin Elementary School", "name20": "Erin Elementary School", "GEOID20": "47083004305"}, "geometry": {"type": "Point", "coordinates": [-87.60537902033283, 36.2483965]}}, {"type": "Feature", "properties": {"county_nam": "Lake", "county_norm": "LAKE", "prec_id": "004951", "precinct_norm": "LAKE - 004951", "precinct_name": "Lake - 004951", "precinct_full_name": "1 Tiptonville Senior Center", "name20": "1 Tiptonville Senior Center", "GEOID20": "47095004951"}, "geometry": {"type": "Point", "coordinates": [-89.45724834596678, 36.433683]}}, {"type": "Feature", "properties": {"county_nam": "Lake", "county_norm": "LAKE", "prec_id": "004952", "precinct_norm": "LAKE - 004952", "precinct_name": "Lake - 004952", "precinct_full_name": "2 Lake County Courthouse", "name20": "2 Lake County Courthouse", "GEOID20": "47095004952"}, "geometry": {"type": "Point", "coordinates": [-89.50181702125182, 36.33688]}}, {"type": "Feature", "properties": {"county_nam": "Lake", "county_norm": "LAKE", "prec_id": "004953", "precinct_norm": "LAKE - 004953", "precinct_name": "Lake - 004953", "precinct_full_name": "3 Lake County Middle School", "name20": "3 Lake County Middle School", "GEOID20": "47095004953"}, "geometry": {"type": "Point", "coordinates": [-89.48016623945733, 36.270131500000005]}}, {"type": "Feature", "properties": {"county_nam": "Moore", "county_norm": "MOORE", "prec_id": "006554", "precinct_norm": "MOORE - 006554", "precinct_name": "Moore - 006554", "precinct_full_name": "1 Courthouse", "name20": "1 Courthouse", "GEOID20": "47127006554"}, "geometry": {"type": "Point", "coordinates": [-86.38679085067872, 35.2684875]}}, {"type": "Feature", "properties": {"county_nam": "Moore", "county_norm": "MOORE", "prec_id": "006551", "precinct_norm": "MOORE - 006551", "precinct_name": "Moore - 006551", "precinct_full_name": "2 Moore County High School", "name20": "2 Moore County High School", "GEOID20": "47127006551"}, "geometry": {"type": "Point", "coordinates": [-86.29362325352113, 35.293713]}}, {"type": "Feature", "properties": {"county_nam": "Moore", "county_norm": "MOORE", "prec_id": "006553", "precinct_norm": "MOORE - 006553", "precinct_name": "Moore - 006553", "precinct_full_name": "3 Moore County Building", "name20": "3 Moore County Building", "GEOID20": "47127006553"}, "geometry": {"type": "Point", "coordinates": [-86.34092698319171, 35.202529]}}, {"type": "Feature", "properties": {"county_nam": "Moore", "county_norm": "MOORE", "prec_id": "006552", "precinct_norm": "MOORE - 006552", "precinct_name": "Moore - 006552", "precinct_full_name": "4 Elementary School", "name20": "4 Elementary School", "GEOID20": "47127006552"}, "geometry": {"type": "Point", "coordinates": [-86.368372351663, 35.32018]}}, {"type": "Feature", "properties": {"county_nam": "Moore", "county_norm": "MOORE", "prec_id": "006555", "precinct_norm": "MOORE - 006555", "precinct_name": "Moore - 006555", "precinct_full_name": "5 Motlow College", "name20": "5 Motlow College", "GEOID20": "47127006555"}, "geometry": {"type": "Point", "coordinates": [-86.31037416316208, 35.358704]}}, {"type": "Feature", "properties": {"county_nam": "Fayette", "county_norm": "FAYETTE", "prec_id": "002465", "precinct_norm": "FAYETTE - 002465", "precinct_name": "Fayette - 002465", "precinct_full_name": "1 Somerville", "name20": "1 Somerville", "GEOID20": "47047002465"}, "geometry": {"type": "Point", "coordinates": [-89.36189669989517, 35.218607000000006]}}, {"type": "Feature", "properties": {"county_nam": "Fayette", "county_norm": "FAYETTE", "prec_id": "002460", "precinct_norm": "FAYETTE - 002460", "precinct_name": "Fayette - 002460", "precinct_full_name": "14 Parks", "name20": "14 Parks", "GEOID20": "47047002460"}, "geometry": {"type": "Point", "coordinates": [-89.2629151179129, 35.22439]}}, {"type": "Feature", "properties": {"county_nam": "Fayette", "county_norm": "FAYETTE", "prec_id": "002461", "precinct_norm": "FAYETTE - 002461", "precinct_name": "Fayette - 002461", "precinct_full_name": "2 Fayette Corner", "name20": "2 Fayette Corner", "GEOID20": "47047002461"}, "geometry": {"type": "Point", "coordinates": [-89.26739652236449, 35.321474499999994]}}, {"type": "Feature", "properties": {"county_nam": "Fayette", "county_norm": "FAYETTE", "prec_id": "002452", "precinct_norm": "FAYETTE - 002452", "precinct_name": "Fayette - 002452", "precinct_full_name": "7 Hickory White", "name20": "7 Hickory White", "GEOID20": "47047002452"}, "geometry": {"type": "Point", "coordinates": [-89.58289441913249, 35.2278615]}}, {"type": "Feature", "properties": {"county_nam": "Fayette", "county_norm": "FAYETTE", "prec_id": "002462", "precinct_norm": "FAYETTE - 002462", "precinct_name": "Fayette - 002462", "precinct_full_name": "4 Braden", "name20": "4 Braden", "GEOID20": "47047002462"}, "geometry": {"type": "Point", "coordinates": [-89.49921708349007, 35.358726000000004]}}, {"type": "Feature", "properties": {"county_nam": "Fayette", "county_norm": "FAYETTE", "prec_id": "002451", "precinct_norm": "FAYETTE - 002451", "precinct_name": "Fayette - 002451", "precinct_full_name": "6 Oakland", "name20": "6 Oakland", "GEOID20": "47047002451"}, "geometry": {"type": "Point", "coordinates": [-89.51384059774674, 35.2224]}}, {"type": "Feature", "properties": {"county_nam": "Fayette", "county_norm": "FAYETTE", "prec_id": "002463", "precinct_norm": "FAYETTE - 002463", "precinct_name": "Fayette - 002463", "precinct_full_name": "5 Gallaway", "name20": "5 Gallaway", "GEOID20": "47047002463"}, "geometry": {"type": "Point", "coordinates": [-89.569242544823, 35.303602999999995]}}, {"type": "Feature", "properties": {"county_nam": "Fayette", "county_norm": "FAYETTE", "prec_id": "002464", "precinct_norm": "FAYETTE - 002464", "precinct_name": "Fayette - 002464", "precinct_full_name": "3 Garnett", "name20": "3 Garnett", "GEOID20": "47047002464"}, "geometry": {"type": "Point", "coordinates": [-89.41586476573863, 35.317118]}}, {"type": "Feature", "properties": {"county_nam": "Fayette", "county_norm": "FAYETTE", "prec_id": "002456", "precinct_norm": "FAYETTE - 002456", "precinct_name": "Fayette - 002456", "precinct_full_name": "11 Macon", "name20": "11 Macon", "GEOID20": "47047002456"}, "geometry": {"type": "Point", "coordinates": [-89.45311343911598, 35.148561]}}, {"type": "Feature", "properties": {"county_nam": "Fayette", "county_norm": "FAYETTE", "prec_id": "002453", "precinct_norm": "FAYETTE - 002453", "precinct_name": "Fayette - 002453", "precinct_full_name": "8 Elba", "name20": "8 Elba", "GEOID20": "47047002453"}, "geometry": {"type": "Point", "coordinates": [-89.57365897918103, 35.1379745]}}, {"type": "Feature", "properties": {"county_nam": "Fayette", "county_norm": "FAYETTE", "prec_id": "002454", "precinct_norm": "FAYETTE - 002454", "precinct_name": "Fayette - 002454", "precinct_full_name": "9 Piperton", "name20": "9 Piperton", "GEOID20": "47047002454"}, "geometry": {"type": "Point", "coordinates": [-89.6121042433187, 35.0537445]}}, {"type": "Feature", "properties": {"county_nam": "Fayette", "county_norm": "FAYETTE", "prec_id": "002455", "precinct_norm": "FAYETTE - 002455", "precinct_name": "Fayette - 002455", "precinct_full_name": "10 Rossville", "name20": "10 Rossville", "GEOID20": "47047002455"}, "geometry": {"type": "Point", "coordinates": [-89.49971178375802, 35.050479499999994]}}, {"type": "Feature", "properties": {"county_nam": "Fayette", "county_norm": "FAYETTE", "prec_id": "002458", "precinct_norm": "FAYETTE - 002458", "precinct_name": "Fayette - 002458", "precinct_full_name": "12 Williston", "name20": "12 Williston", "GEOID20": "47047002458"}, "geometry": {"type": "Point", "coordinates": [-89.32685520152347, 35.138838500000006]}}, {"type": "Feature", "properties": {"county_nam": "Fayette", "county_norm": "FAYETTE", "prec_id": "002459", "precinct_norm": "FAYETTE - 002459", "precinct_name": "Fayette - 002459", "precinct_full_name": "15 La Grange", "name20": "15 La Grange", "GEOID20": "47047002459"}, "geometry": {"type": "Point", "coordinates": [-89.25886472710184, 35.067145999999994]}}, {"type": "Feature", "properties": {"county_nam": "Fayette", "county_norm": "FAYETTE", "prec_id": "002457", "precinct_norm": "FAYETTE - 002457", "precinct_name": "Fayette - 002457", "precinct_full_name": "13 Moscow", "name20": "13 Moscow", "GEOID20": "47047002457"}, "geometry": {"type": "Point", "coordinates": [-89.37037817590087, 35.054142]}}, {"type": "Feature", "properties": {"county_nam": "Bledsoe", "county_norm": "BLEDSOE", "prec_id": "000305", "precinct_norm": "BLEDSOE - 000305", "precinct_name": "Bledsoe - 000305", "precinct_full_name": "Griffith", "name20": "Griffith", "GEOID20": "47007000305"}, "geometry": {"type": "Point", "coordinates": [-85.3063630684874, 35.607400999999996]}}, {"type": "Feature", "properties": {"county_nam": "Cumberland", "county_norm": "CUMBERLAND", "prec_id": "001715", "precinct_norm": "CUMBERLAND - 001715", "precinct_name": "Cumberland - 001715", "precinct_full_name": "Midway", "name20": "Midway", "GEOID20": "47035001715"}, "geometry": {"type": "Point", "coordinates": [-85.1898976967498, 35.816726]}}, {"type": "Feature", "properties": {"county_nam": "Cumberland", "county_norm": "CUMBERLAND", "prec_id": "001705", "precinct_norm": "CUMBERLAND - 001705", "precinct_name": "Cumberland - 001705", "precinct_full_name": "Cornerstone Baptist Church", "name20": "Cornerstone Baptist Church", "GEOID20": "47035001705"}, "geometry": {"type": "Point", "coordinates": [-85.06574618382366, 35.946679]}}, {"type": "Feature", "properties": {"county_nam": "Cumberland", "county_norm": "CUMBERLAND", "prec_id": "001704", "precinct_norm": "CUMBERLAND - 001704", "precinct_name": "Cumberland - 001704", "precinct_full_name": "Complex 2", "name20": "Complex 2", "GEOID20": "47035001704"}, "geometry": {"type": "Point", "coordinates": [-85.02357745813626, 35.952794499999996]}}, {"type": "Feature", "properties": {"county_nam": "Cumberland", "county_norm": "CUMBERLAND", "prec_id": "001713", "precinct_norm": "CUMBERLAND - 001713", "precinct_name": "Cumberland - 001713", "precinct_full_name": "Linary", "name20": "Linary", "GEOID20": "47035001713"}, "geometry": {"type": "Point", "coordinates": [-84.99255570597738, 35.820468000000005]}}, {"type": "Feature", "properties": {"county_nam": "Cumberland", "county_norm": "CUMBERLAND", "prec_id": "001711", "precinct_norm": "CUMBERLAND - 001711", "precinct_name": "Cumberland - 001711", "precinct_full_name": "Homestead", "name20": "Homestead", "GEOID20": "47035001711"}, "geometry": {"type": "Point", "coordinates": [-84.97895833283494, 35.905808500000006]}}, {"type": "Feature", "properties": {"county_nam": "Cumberland", "county_norm": "CUMBERLAND", "prec_id": "001707", "precinct_norm": "CUMBERLAND - 001707", "precinct_name": "Cumberland - 001707", "precinct_full_name": "Dorton", "name20": "Dorton", "GEOID20": "47035001707"}, "geometry": {"type": "Point", "coordinates": [-84.97301282468997, 35.93973]}}, {"type": "Feature", "properties": {"county_nam": "Cumberland", "county_norm": "CUMBERLAND", "prec_id": "001702", "precinct_norm": "CUMBERLAND - 001702", "precinct_name": "Cumberland - 001702", "precinct_full_name": "Big Lick", "name20": "Big Lick", "GEOID20": "47035001702"}, "geometry": {"type": "Point", "coordinates": [-85.04024230999889, 35.8146435]}}, {"type": "Feature", "properties": {"county_nam": "Cumberland", "county_norm": "CUMBERLAND", "prec_id": "001703", "precinct_norm": "CUMBERLAND - 001703", "precinct_name": "Cumberland - 001703", "precinct_full_name": "Chestnut Hill", "name20": "Chestnut Hill", "GEOID20": "47035001703"}, "geometry": {"type": "Point", "coordinates": [-84.93899478317405, 35.977967]}}, {"type": "Feature", "properties": {"county_nam": "Franklin", "county_norm": "FRANKLIN", "prec_id": "002651", "precinct_norm": "FRANKLIN - 002651", "precinct_name": "Franklin - 002651", "precinct_full_name": "1-1 FC Annex", "name20": "1-1 FC Annex", "GEOID20": "47051002651"}, "geometry": {"type": "Point", "coordinates": [-86.15635622668404, 35.1926925]}}, {"type": "Feature", "properties": {"county_nam": "Franklin", "county_norm": "FRANKLIN", "prec_id": "002652", "precinct_norm": "FRANKLIN - 002652", "precinct_name": "Franklin - 002652", "precinct_full_name": "2-1 Clark Memorial", "name20": "2-1 Clark Memorial", "GEOID20": "47051002652"}, "geometry": {"type": "Point", "coordinates": [-86.1285126611111, 35.214252]}}, {"type": "Feature", "properties": {"county_nam": "Franklin", "county_norm": "FRANKLIN", "prec_id": "002653", "precinct_norm": "FRANKLIN - 002653", "precinct_name": "Franklin - 002653", "precinct_full_name": "3-1 Broadview", "name20": "3-1 Broadview", "GEOID20": "47051002653"}, "geometry": {"type": "Point", "coordinates": [-86.25269117537314, 35.19471849999999]}}, {"type": "Feature", "properties": {"county_nam": "Franklin", "county_norm": "FRANKLIN", "prec_id": "002655", "precinct_norm": "FRANKLIN - 002655", "precinct_name": "Franklin - 002655", "precinct_full_name": "3-3 Walnut Grove", "name20": "3-3 Walnut Grove", "GEOID20": "47051002655"}, "geometry": {"type": "Point", "coordinates": [-86.25254582576677, 35.110251000000005]}}, {"type": "Feature", "properties": {"county_nam": "Franklin", "county_norm": "FRANKLIN", "prec_id": "002660", "precinct_norm": "FRANKLIN - 002660", "precinct_name": "Franklin - 002660", "precinct_full_name": "5-2 Sewanee", "name20": "5-2 Sewanee", "GEOID20": "47051002660"}, "geometry": {"type": "Point", "coordinates": [-85.914517, 35.177287]}}, {"type": "Feature", "properties": {"county_nam": "Franklin", "county_norm": "FRANKLIN", "prec_id": "002659", "precinct_norm": "FRANKLIN - 002659", "precinct_name": "Franklin - 002659", "precinct_full_name": "5-1 Keith Springs", "name20": "5-1 Keith Springs", "GEOID20": "47051002659"}, "geometry": {"type": "Point", "coordinates": [-86.1008989318182, 35.054069999999996]}}, {"type": "Feature", "properties": {"county_nam": "Franklin", "county_norm": "FRANKLIN", "prec_id": "002654", "precinct_norm": "FRANKLIN - 002654", "precinct_name": "Franklin - 002654", "precinct_full_name": "3-2 Huntland", "name20": "3-2 Huntland", "GEOID20": "47051002654"}, "geometry": {"type": "Point", "coordinates": [-86.27821196342592, 35.058772]}}, {"type": "Feature", "properties": {"county_nam": "Franklin", "county_norm": "FRANKLIN", "prec_id": "002661", "precinct_norm": "FRANKLIN - 002661", "precinct_name": "Franklin - 002661", "precinct_full_name": "5-3 Sherwood", "name20": "5-3 Sherwood", "GEOID20": "47051002661"}, "geometry": {"type": "Point", "coordinates": [-85.95676655489834, 35.057274500000005]}}, {"type": "Feature", "properties": {"county_nam": "Franklin", "county_norm": "FRANKLIN", "prec_id": "002668", "precinct_norm": "FRANKLIN - 002668", "precinct_name": "Franklin - 002668", "precinct_full_name": "8-2 Estill Springs", "name20": "8-2 Estill Springs", "GEOID20": "47051002668"}, "geometry": {"type": "Point", "coordinates": [-86.13583380455357, 35.269563500000004]}}, {"type": "Feature", "properties": {"county_nam": "Franklin", "county_norm": "FRANKLIN", "prec_id": "002667", "precinct_norm": "FRANKLIN - 002667", "precinct_name": "Franklin - 002667", "precinct_full_name": "8-1 Decherd", "name20": "8-1 Decherd", "GEOID20": "47051002667"}, "geometry": {"type": "Point", "coordinates": [-86.07582055306318, 35.2232045]}}, {"type": "Feature", "properties": {"county_nam": "Franklin", "county_norm": "FRANKLIN", "prec_id": "005757", "precinct_norm": "FRANKLIN - 005757", "precinct_name": "Franklin - 005757", "precinct_full_name": "Monteagle", "name20": "Monteagle", "GEOID20": "47051005757"}, "geometry": {"type": "Point", "coordinates": [-85.86445458087027, 35.210039]}}, {"type": "Feature", "properties": {"county_nam": "Franklin", "county_norm": "FRANKLIN", "prec_id": "002656", "precinct_norm": "FRANKLIN - 002656", "precinct_name": "Franklin - 002656", "precinct_full_name": "4-1 Belvidere", "name20": "4-1 Belvidere", "GEOID20": "47051002656"}, "geometry": {"type": "Point", "coordinates": [-86.1678104860433, 35.112733]}}, {"type": "Feature", "properties": {"county_nam": "Franklin", "county_norm": "FRANKLIN", "prec_id": "002665", "precinct_norm": "FRANKLIN - 002665", "precinct_name": "Franklin - 002665", "precinct_full_name": "7-1 North Lake", "name20": "7-1 North Lake", "GEOID20": "47051002665"}, "geometry": {"type": "Point", "coordinates": [-86.22542773353103, 35.299737]}}, {"type": "Feature", "properties": {"county_nam": "Franklin", "county_norm": "FRANKLIN", "prec_id": "002666", "precinct_norm": "FRANKLIN - 002666", "precinct_name": "Franklin - 002666", "precinct_full_name": "7-2 Winchester Springs & Center Grove", "name20": "7-2 Winchester Springs & Center Grove", "GEOID20": "47051002666"}, "geometry": {"type": "Point", "coordinates": [-86.19870508950578, 35.2490715]}}, {"type": "Feature", "properties": {"county_nam": "Franklin", "county_norm": "FRANKLIN", "prec_id": "002657", "precinct_norm": "FRANKLIN - 002657", "precinct_name": "Franklin - 002657", "precinct_full_name": "4-2 Cowan", "name20": "4-2 Cowan", "GEOID20": "47051002657"}, "geometry": {"type": "Point", "coordinates": [-86.02062726363636, 35.166798]}}, {"type": "Feature", "properties": {"county_nam": "Franklin", "county_norm": "FRANKLIN", "prec_id": "002658", "precinct_norm": "FRANKLIN - 002658", "precinct_name": "Franklin - 002658", "precinct_full_name": "4-3 Liberty", "name20": "4-3 Liberty", "GEOID20": "47051002658"}, "geometry": {"type": "Point", "coordinates": [-86.07955016848592, 35.126809]}}, {"type": "Feature", "properties": {"county_nam": "Franklin", "county_norm": "FRANKLIN", "prec_id": "002664", "precinct_norm": "FRANKLIN - 002664", "precinct_name": "Franklin - 002664", "precinct_full_name": "6-3 UTSI", "name20": "6-3 UTSI", "GEOID20": "47051002664"}, "geometry": {"type": "Point", "coordinates": [-86.15589155, 35.324562]}}, {"type": "Feature", "properties": {"county_nam": "Franklin", "county_norm": "FRANKLIN", "prec_id": "002663", "precinct_norm": "FRANKLIN - 002663", "precinct_name": "Franklin - 002663", "precinct_full_name": "6-2 Capitol Hill", "name20": "6-2 Capitol Hill", "GEOID20": "47051002663"}, "geometry": {"type": "Point", "coordinates": [-86.08520260865384, 35.292820500000005]}}, {"type": "Feature", "properties": {"county_nam": "Franklin", "county_norm": "FRANKLIN", "prec_id": "002662", "precinct_norm": "FRANKLIN - 002662", "precinct_name": "Franklin - 002662", "precinct_full_name": "6-1 Alto/Oak Grove", "name20": "6-1 Alto/Oak Grove", "GEOID20": "47051002662"}, "geometry": {"type": "Point", "coordinates": [-85.97132710757961, 35.265208]}}, {"type": "Feature", "properties": {"county_nam": "Cumberland", "county_norm": "CUMBERLAND", "prec_id": "001706", "precinct_norm": "CUMBERLAND - 001706", "precinct_name": "Cumberland - 001706", "precinct_full_name": "Crab Orchard Town Hall", "name20": "Crab Orchard Town Hall", "GEOID20": "47035001706"}, "geometry": {"type": "Point", "coordinates": [-84.79338343128649, 35.97204]}}, {"type": "Feature", "properties": {"county_nam": "Cumberland", "county_norm": "CUMBERLAND", "prec_id": "001709", "precinct_norm": "CUMBERLAND - 001709", "precinct_name": "Cumberland - 001709", "precinct_full_name": "Fairfield Glade South", "name20": "Fairfield Glade South", "GEOID20": "47035001709"}, "geometry": {"type": "Point", "coordinates": [-84.87033835584566, 35.981012]}}, {"type": "Feature", "properties": {"county_nam": "Cumberland", "county_norm": "CUMBERLAND", "prec_id": "001710", "precinct_norm": "CUMBERLAND - 001710", "precinct_name": "Cumberland - 001710", "precinct_full_name": "Grassy Cove", "name20": "Grassy Cove", "GEOID20": "47035001710"}, "geometry": {"type": "Point", "coordinates": [-84.88492781609776, 35.8311955]}}, {"type": "Feature", "properties": {"county_nam": "Cumberland", "county_norm": "CUMBERLAND", "prec_id": "001717", "precinct_norm": "CUMBERLAND - 001717", "precinct_name": "Cumberland - 001717", "precinct_full_name": "Ozone-Pineview", "name20": "Ozone-Pineview", "GEOID20": "47035001717"}, "geometry": {"type": "Point", "coordinates": [-84.7576781048387, 35.900425]}}, {"type": "Feature", "properties": {"county_nam": "Cumberland", "county_norm": "CUMBERLAND", "prec_id": "001708", "precinct_norm": "CUMBERLAND - 001708", "precinct_name": "Cumberland - 001708", "precinct_full_name": "Fairfield Glade North", "name20": "Fairfield Glade North", "GEOID20": "47035001708"}, "geometry": {"type": "Point", "coordinates": [-84.85778162383178, 36.0258415]}}, {"type": "Feature", "properties": {"county_nam": "Cumberland", "county_norm": "CUMBERLAND", "prec_id": "001716", "precinct_norm": "CUMBERLAND - 001716", "precinct_name": "Cumberland - 001716", "precinct_full_name": "Oak Hill", "name20": "Oak Hill", "GEOID20": "47035001716"}, "geometry": {"type": "Point", "coordinates": [-84.9364589699697, 36.05439]}}, {"type": "Feature", "properties": {"county_nam": "Cumberland", "county_norm": "CUMBERLAND", "prec_id": "001721", "precinct_norm": "CUMBERLAND - 001721", "precinct_name": "Cumberland - 001721", "precinct_full_name": "Tabor", "name20": "Tabor", "GEOID20": "47035001721"}, "geometry": {"type": "Point", "coordinates": [-85.05592439932587, 36.031836]}}, {"type": "Feature", "properties": {"county_nam": "Cumberland", "county_norm": "CUMBERLAND", "prec_id": "001722", "precinct_norm": "CUMBERLAND - 001722", "precinct_name": "Cumberland - 001722", "precinct_full_name": "Tansi", "name20": "Tansi", "GEOID20": "47035001722"}, "geometry": {"type": "Point", "coordinates": [-85.06565990803898, 35.866359]}}, {"type": "Feature", "properties": {"county_nam": "Cumberland", "county_norm": "CUMBERLAND", "prec_id": "001712", "precinct_norm": "CUMBERLAND - 001712", "precinct_name": "Cumberland - 001712", "precinct_full_name": "Lantana", "name20": "Lantana", "GEOID20": "47035001712"}, "geometry": {"type": "Point", "coordinates": [-85.14224982600732, 35.879424]}}, {"type": "Feature", "properties": {"county_nam": "Cumberland", "county_norm": "CUMBERLAND", "prec_id": "001723", "precinct_norm": "CUMBERLAND - 001723", "precinct_name": "Cumberland - 001723", "precinct_full_name": "Vandever", "name20": "Vandever", "GEOID20": "47035001723"}, "geometry": {"type": "Point", "coordinates": [-85.1025807815655, 35.818543500000004]}}, {"type": "Feature", "properties": {"county_nam": "Cumberland", "county_norm": "CUMBERLAND", "prec_id": "001724", "precinct_norm": "CUMBERLAND - 001724", "precinct_name": "Cumberland - 001724", "precinct_full_name": "Woody", "name20": "Woody", "GEOID20": "47035001724"}, "geometry": {"type": "Point", "coordinates": [-85.01016366691721, 36.0975215]}}, {"type": "Feature", "properties": {"county_nam": "Cumberland", "county_norm": "CUMBERLAND", "prec_id": "001714", "precinct_norm": "CUMBERLAND - 001714", "precinct_name": "Cumberland - 001714", "precinct_full_name": "Mayland", "name20": "Mayland", "GEOID20": "47035001714"}, "geometry": {"type": "Point", "coordinates": [-85.18631649625974, 36.048398]}}, {"type": "Feature", "properties": {"county_nam": "Cumberland", "county_norm": "CUMBERLAND", "prec_id": "001720", "precinct_norm": "CUMBERLAND - 001720", "precinct_name": "Cumberland - 001720", "precinct_full_name": "Rinnie", "name20": "Rinnie", "GEOID20": "47035001720"}, "geometry": {"type": "Point", "coordinates": [-85.06595166125541, 36.130219]}}, {"type": "Feature", "properties": {"county_nam": "Cumberland", "county_norm": "CUMBERLAND", "prec_id": "001719", "precinct_norm": "CUMBERLAND - 001719", "precinct_name": "Cumberland - 001719", "precinct_full_name": "Pomona", "name20": "Pomona", "GEOID20": "47035001719"}, "geometry": {"type": "Point", "coordinates": [-85.12605067210848, 35.932626]}}, {"type": "Feature", "properties": {"county_nam": "Cumberland", "county_norm": "CUMBERLAND", "prec_id": "001718", "precinct_norm": "CUMBERLAND - 001718", "precinct_name": "Cumberland - 001718", "precinct_full_name": "Pleasant Hill", "name20": "Pleasant Hill", "GEOID20": "47035001718"}, "geometry": {"type": "Point", "coordinates": [-85.21565644743498, 35.9404315]}}, {"type": "Feature", "properties": {"county_nam": "Cumberland", "county_norm": "CUMBERLAND", "prec_id": "001701", "precinct_norm": "CUMBERLAND - 001701", "precinct_name": "Cumberland - 001701", "precinct_full_name": "Bakers", "name20": "Bakers", "GEOID20": "47035001701"}, "geometry": {"type": "Point", "coordinates": [-85.09614589650539, 36.00376]}}, {"type": "Feature", "properties": {"county_nam": "Bradley", "county_norm": "BRADLEY", "prec_id": "000501", "precinct_norm": "BRADLEY - 000501", "precinct_name": "Bradley - 000501", "precinct_full_name": "101 McDonald Ruritan", "name20": "101 McDonald Ruritan", "GEOID20": "47011000501"}, "geometry": {"type": "Point", "coordinates": [-84.97620027400663, 35.140624]}}, {"type": "Feature", "properties": {"county_nam": "Bradley", "county_norm": "BRADLEY", "prec_id": "000516", "precinct_norm": "BRADLEY - 000516", "precinct_name": "Bradley - 000516", "precinct_full_name": "102 Prospect School", "name20": "102 Prospect School", "GEOID20": "47011000516"}, "geometry": {"type": "Point", "coordinates": [-84.96490348214286, 35.2129875]}}, {"type": "Feature", "properties": {"county_nam": "Bradley", "county_norm": "BRADLEY", "prec_id": "000517", "precinct_norm": "BRADLEY - 000517", "precinct_name": "Bradley - 000517", "precinct_full_name": "103 Hopewell School", "name20": "103 Hopewell School", "GEOID20": "47011000517"}, "geometry": {"type": "Point", "coordinates": [-84.89708577702703, 35.276504]}}, {"type": "Feature", "properties": {"county_nam": "Bradley", "county_norm": "BRADLEY", "prec_id": "000504", "precinct_norm": "BRADLEY - 000504", "precinct_name": "Bradley - 000504", "precinct_full_name": "201 E.L. Ross School", "name20": "201 E.L. Ross School", "GEOID20": "47011000504"}, "geometry": {"type": "Point", "coordinates": [-84.84845262179488, 35.228504]}}, {"type": "Feature", "properties": {"county_nam": "Bradley", "county_norm": "BRADLEY", "prec_id": "000505", "precinct_norm": "BRADLEY - 000505", "precinct_name": "Bradley - 000505", "precinct_full_name": "202 Walker Valley High", "name20": "202 Walker Valley High", "GEOID20": "47011000505"}, "geometry": {"type": "Point", "coordinates": [-84.80041258805417, 35.271977]}}, {"type": "Feature", "properties": {"county_nam": "Bradley", "county_norm": "BRADLEY", "prec_id": "000507", "precinct_norm": "BRADLEY - 000507", "precinct_name": "Bradley - 000507", "precinct_full_name": "702 Cleveland High", "name20": "702 Cleveland High", "GEOID20": "47011000507"}, "geometry": {"type": "Point", "coordinates": [-84.86102016477356, 35.2052555]}}, {"type": "Feature", "properties": {"county_nam": "Bradley", "county_norm": "BRADLEY", "prec_id": "000502", "precinct_norm": "BRADLEY - 000502", "precinct_name": "Bradley - 000502", "precinct_full_name": "701 Stuart School", "name20": "701 Stuart School", "GEOID20": "47011000502"}, "geometry": {"type": "Point", "coordinates": [-84.8887215744681, 35.18262]}}, {"type": "Feature", "properties": {"county_nam": "Bradley", "county_norm": "BRADLEY", "prec_id": "000509", "precinct_norm": "BRADLEY - 000509", "precinct_name": "Bradley - 000509", "precinct_full_name": "301 Lee University", "name20": "301 Lee University", "GEOID20": "47011000509"}, "geometry": {"type": "Point", "coordinates": [-84.86431472154472, 35.1669605]}}, {"type": "Feature", "properties": {"county_nam": "Bradley", "county_norm": "BRADLEY", "prec_id": "000506", "precinct_norm": "BRADLEY - 000506", "precinct_name": "Bradley - 000506", "precinct_full_name": "302 Senior Center", "name20": "302 Senior Center", "GEOID20": "47011000506"}, "geometry": {"type": "Point", "coordinates": [-84.83365597161423, 35.1753015]}}, {"type": "Feature", "properties": {"county_nam": "Bradley", "county_norm": "BRADLEY", "prec_id": "000512", "precinct_norm": "BRADLEY - 000512", "precinct_name": "Bradley - 000512", "precinct_full_name": "401 Oak Grove School", "name20": "401 Oak Grove School", "GEOID20": "47011000512"}, "geometry": {"type": "Point", "coordinates": [-84.77378030051545, 35.101336]}}, {"type": "Feature", "properties": {"county_nam": "Bradley", "county_norm": "BRADLEY", "prec_id": "000508", "precinct_norm": "BRADLEY - 000508", "precinct_name": "Bradley - 000508", "precinct_full_name": "402 Michigan Ave School", "name20": "402 Michigan Ave School", "GEOID20": "47011000508"}, "geometry": {"type": "Point", "coordinates": [-84.75386495072115, 35.1705925]}}, {"type": "Feature", "properties": {"county_nam": "Bradley", "county_norm": "BRADLEY", "prec_id": "000514", "precinct_norm": "BRADLEY - 000514", "precinct_name": "Bradley - 000514", "precinct_full_name": "501 Blythe/Bower School", "name20": "501 Blythe/Bower School", "GEOID20": "47011000514"}, "geometry": {"type": "Point", "coordinates": [-84.88336624309883, 35.130708999999996]}}, {"type": "Feature", "properties": {"county_nam": "Bradley", "county_norm": "BRADLEY", "prec_id": "000515", "precinct_norm": "BRADLEY - 000515", "precinct_name": "Bradley - 000515", "precinct_full_name": "602 Blue Springs School", "name20": "602 Blue Springs School", "GEOID20": "47011000515"}, "geometry": {"type": "Point", "coordinates": [-84.90492805218446, 35.056250500000004]}}, {"type": "Feature", "properties": {"county_nam": "Bradley", "county_norm": "BRADLEY", "prec_id": "000510", "precinct_norm": "BRADLEY - 000510", "precinct_name": "Bradley - 000510", "precinct_full_name": "502 5 Points Museum", "name20": "502 5 Points Museum", "GEOID20": "47011000510"}, "geometry": {"type": "Point", "coordinates": [-84.87759037087264, 35.1478095]}}, {"type": "Feature", "properties": {"county_nam": "Bradley", "county_norm": "BRADLEY", "prec_id": "000503", "precinct_norm": "BRADLEY - 000503", "precinct_name": "Bradley - 000503", "precinct_full_name": "604 Black Fox School", "name20": "604 Black Fox School", "GEOID20": "47011000503"}, "geometry": {"type": "Point", "coordinates": [-84.97872805537975, 35.0816645]}}, {"type": "Feature", "properties": {"county_nam": "Bradley", "county_norm": "BRADLEY", "prec_id": "000513", "precinct_norm": "BRADLEY - 000513", "precinct_name": "Bradley - 000513", "precinct_full_name": "603 Waterville School", "name20": "603 Waterville School", "GEOID20": "47011000513"}, "geometry": {"type": "Point", "coordinates": [-84.86225383448276, 35.096614]}}, {"type": "Feature", "properties": {"county_nam": "Bradley", "county_norm": "BRADLEY", "prec_id": "000511", "precinct_norm": "BRADLEY - 000511", "precinct_name": "Bradley - 000511", "precinct_full_name": "601 Valley View School", "name20": "601 Valley View School", "GEOID20": "47011000511"}, "geometry": {"type": "Point", "coordinates": [-84.80482677383677, 35.05221]}}, {"type": "Feature", "properties": {"county_nam": "Henderson", "county_norm": "HENDERSON", "prec_id": "004002", "precinct_norm": "HENDERSON - 004002", "precinct_name": "Henderson - 004002", "precinct_full_name": "1-2 Beaver", "name20": "1-2 Beaver", "GEOID20": "47077004002"}, "geometry": {"type": "Point", "coordinates": [-88.39261637272728, 35.769332]}}, {"type": "Feature", "properties": {"county_nam": "Henderson", "county_norm": "HENDERSON", "prec_id": "004001", "precinct_norm": "HENDERSON - 004001", "precinct_name": "Henderson - 004001", "precinct_full_name": "1-1 Bargerton", "name20": "1-1 Bargerton", "GEOID20": "47077004001"}, "geometry": {"type": "Point", "coordinates": [-88.51669152621841, 35.7551565]}}, {"type": "Feature", "properties": {"county_nam": "Henderson", "county_norm": "HENDERSON", "prec_id": "004005", "precinct_norm": "HENDERSON - 004005", "precinct_name": "Henderson - 004005", "precinct_full_name": "2-1 Westover", "name20": "2-1 Westover", "GEOID20": "47077004005"}, "geometry": {"type": "Point", "coordinates": [-88.5567985334985, 35.6628945]}}, {"type": "Feature", "properties": {"county_nam": "Henderson", "county_norm": "HENDERSON", "prec_id": "004013", "precinct_norm": "HENDERSON - 004013", "precinct_name": "Henderson - 004013", "precinct_full_name": "2-2 South Haven", "name20": "2-2 South Haven", "GEOID20": "47077004013"}, "geometry": {"type": "Point", "coordinates": [-88.49110881090984, 35.553848]}}, {"type": "Feature", "properties": {"county_nam": "Henderson", "county_norm": "HENDERSON", "prec_id": "004007", "precinct_norm": "HENDERSON - 004007", "precinct_name": "Henderson - 004007", "precinct_full_name": "3-4 Pin Oak Fire Station #4", "name20": "3-4 Pin Oak Fire Station #4", "GEOID20": "47077004007"}, "geometry": {"type": "Point", "coordinates": [-88.31240821854782, 35.614900500000005]}}, {"type": "Feature", "properties": {"county_nam": "Henderson", "county_norm": "HENDERSON", "prec_id": "004006", "precinct_norm": "HENDERSON - 004006", "precinct_name": "Henderson - 004006", "precinct_full_name": "3-2 Fire Station #10", "name20": "3-2 Fire Station #10", "GEOID20": "47077004006"}, "geometry": {"type": "Point", "coordinates": [-88.31824276652225, 35.730515999999994]}}, {"type": "Feature", "properties": {"county_nam": "Henderson", "county_norm": "HENDERSON", "prec_id": "004012", "precinct_norm": "HENDERSON - 004012", "precinct_name": "Henderson - 004012", "precinct_full_name": "3-1 Christian Chapel", "name20": "3-1 Christian Chapel", "GEOID20": "47077004012"}, "geometry": {"type": "Point", "coordinates": [-88.22910366041367, 35.7515635]}}, {"type": "Feature", "properties": {"county_nam": "Henderson", "county_norm": "HENDERSON", "prec_id": "004008", "precinct_norm": "HENDERSON - 004008", "precinct_name": "Henderson - 004008", "precinct_full_name": "3-3 Darden", "name20": "3-3 Darden", "GEOID20": "47077004008"}, "geometry": {"type": "Point", "coordinates": [-88.21255388843815, 35.661878]}}, {"type": "Feature", "properties": {"county_nam": "Henderson", "county_norm": "HENDERSON", "prec_id": "004011", "precinct_norm": "HENDERSON - 004011", "precinct_name": "Henderson - 004011", "precinct_full_name": "4-1 Civic Center", "name20": "4-1 Civic Center", "GEOID20": "47077004011"}, "geometry": {"type": "Point", "coordinates": [-88.37587812741629, 35.6605395]}}, {"type": "Feature", "properties": {"county_nam": "Henderson", "county_norm": "HENDERSON", "prec_id": "004004", "precinct_norm": "HENDERSON - 004004", "precinct_name": "Henderson - 004004", "precinct_full_name": "5-1 TN Technology Center", "name20": "5-1 TN Technology Center", "GEOID20": "47077004004"}, "geometry": {"type": "Point", "coordinates": [-88.4108448497984, 35.5871295]}}, {"type": "Feature", "properties": {"county_nam": "Henderson", "county_norm": "HENDERSON", "prec_id": "004003", "precinct_norm": "HENDERSON - 004003", "precinct_name": "Henderson - 004003", "precinct_full_name": "6-1 Broad Street", "name20": "6-1 Broad Street", "GEOID20": "47077004003"}, "geometry": {"type": "Point", "coordinates": [-88.4324131456124, 35.6877415]}}, {"type": "Feature", "properties": {"county_nam": "Henderson", "county_norm": "HENDERSON", "prec_id": "004010", "precinct_norm": "HENDERSON - 004010", "precinct_name": "Henderson - 004010", "precinct_full_name": "7-2 Reagan", "name20": "7-2 Reagan", "GEOID20": "47077004010"}, "geometry": {"type": "Point", "coordinates": [-88.35455577744361, 35.5264975]}}, {"type": "Feature", "properties": {"county_nam": "Henderson", "county_norm": "HENDERSON", "prec_id": "004014", "precinct_norm": "HENDERSON - 004014", "precinct_name": "Henderson - 004014", "precinct_full_name": "7-1 Middleburg", "name20": "7-1 Middleburg", "GEOID20": "47077004014"}, "geometry": {"type": "Point", "coordinates": [-88.24968955682223, 35.581576]}}, {"type": "Feature", "properties": {"county_nam": "Henderson", "county_norm": "HENDERSON", "prec_id": "004009", "precinct_norm": "HENDERSON - 004009", "precinct_name": "Henderson - 004009", "precinct_full_name": "7-3 Scotts Hill", "name20": "7-3 Scotts Hill", "GEOID20": "47077004009"}, "geometry": {"type": "Point", "coordinates": [-88.27739117857143, 35.5255325]}}, {"type": "Feature", "properties": {"county_nam": "Henderson", "county_norm": "HENDERSON", "prec_id": "004015", "precinct_norm": "HENDERSON - 004015", "precinct_name": "Henderson - 004015", "precinct_full_name": "7-4 Sardis", "name20": "7-4 Sardis", "GEOID20": "47077004015"}, "geometry": {"type": "Point", "coordinates": [-88.29258835336549, 35.4618665]}}, {"type": "Feature", "properties": {"county_nam": "Cheatham", "county_norm": "CHEATHAM", "prec_id": "001001", "precinct_norm": "CHEATHAM - 001001", "precinct_name": "Cheatham - 001001", "precinct_full_name": "2-1 East Cheatham Elementary", "name20": "2-1 East Cheatham Elementary", "GEOID20": "47021001001"}, "geometry": {"type": "Point", "coordinates": [-86.9917442555066, 36.327331]}}, {"type": "Feature", "properties": {"county_nam": "Cheatham", "county_norm": "CHEATHAM", "prec_id": "001007", "precinct_norm": "CHEATHAM - 001007", "precinct_name": "Cheatham - 001007", "precinct_full_name": "5-2 Pegram City Hall", "name20": "5-2 Pegram City Hall", "GEOID20": "47021001007"}, "geometry": {"type": "Point", "coordinates": [-87.02443911365673, 36.1393365]}}, {"type": "Feature", "properties": {"county_nam": "Cheatham", "county_norm": "CHEATHAM", "prec_id": "001003", "precinct_norm": "CHEATHAM - 001003", "precinct_name": "Cheatham - 001003", "precinct_full_name": "3-1 Pleasant View First Baptist Church", "name20": "3-1 Pleasant View First Baptist Church", "GEOID20": "47021001003"}, "geometry": {"type": "Point", "coordinates": [-87.05852806061617, 36.399257]}}, {"type": "Feature", "properties": {"county_nam": "Cheatham", "county_norm": "CHEATHAM", "prec_id": "001002", "precinct_norm": "CHEATHAM - 001002", "precinct_name": "Cheatham - 001002", "precinct_full_name": "4-1 West Cheatham Elementary", "name20": "4-1 West Cheatham Elementary", "GEOID20": "47021001002"}, "geometry": {"type": "Point", "coordinates": [-87.18650881781915, 36.367878000000005]}}, {"type": "Feature", "properties": {"county_nam": "Cheatham", "county_norm": "CHEATHAM", "prec_id": "001008", "precinct_norm": "CHEATHAM - 001008", "precinct_name": "Cheatham - 001008", "precinct_full_name": "4-3 Sycamore Middle School", "name20": "4-3 Sycamore Middle School", "GEOID20": "47021001008"}, "geometry": {"type": "Point", "coordinates": [-87.08337571426325, 36.3426625]}}, {"type": "Feature", "properties": {"county_nam": "Cheatham", "county_norm": "CHEATHAM", "prec_id": "001005", "precinct_norm": "CHEATHAM - 001005", "precinct_name": "Cheatham - 001005", "precinct_full_name": "5-1 Greenbrier Church of Christ", "name20": "5-1 Greenbrier Church of Christ", "GEOID20": "47021001005"}, "geometry": {"type": "Point", "coordinates": [-87.11202006827182, 36.245678999999996]}}, {"type": "Feature", "properties": {"county_nam": "Cheatham", "county_norm": "CHEATHAM", "prec_id": "001006", "precinct_norm": "CHEATHAM - 001006", "precinct_name": "Cheatham - 001006", "precinct_full_name": "6-1 Harpeth High School", "name20": "6-1 Harpeth High School", "GEOID20": "47021001006"}, "geometry": {"type": "Point", "coordinates": [-87.12276144063708, 36.127936]}}, {"type": "Feature", "properties": {"county_nam": "Cheatham", "county_norm": "CHEATHAM", "prec_id": "001004", "precinct_norm": "CHEATHAM - 001004", "precinct_name": "Cheatham - 001004", "precinct_full_name": "1-1 Cheatham Co Library", "name20": "1-1 Cheatham Co Library", "GEOID20": "47021001004"}, "geometry": {"type": "Point", "coordinates": [-87.02000059326711, 36.263166]}}, {"type": "Feature", "properties": {"county_nam": "Giles", "county_norm": "GILES", "prec_id": "002855", "precinct_norm": "GILES - 002855", "precinct_name": "Giles - 002855", "precinct_full_name": "3A Richland Trace Market", "name20": "3A Richland Trace Market", "GEOID20": "47055002855"}, "geometry": {"type": "Point", "coordinates": [-87.15967989987715, 35.2265195]}}, {"type": "Feature", "properties": {"county_nam": "Williamson", "county_norm": "WILLIAMSON", "prec_id": "009702", "precinct_norm": "WILLIAMSON - 009702", "precinct_name": "Williamson - 009702", "precinct_full_name": "1-2 Fairview Recreation Center", "name20": "1-2 Fairview Recreation Center", "GEOID20": "47187009702"}, "geometry": {"type": "Point", "coordinates": [-87.07530402626973, 35.963078]}}, {"type": "Feature", "properties": {"county_nam": "Williamson", "county_norm": "WILLIAMSON", "prec_id": "009703", "precinct_norm": "WILLIAMSON - 009703", "precinct_name": "Williamson - 009703", "precinct_full_name": "1-3 Old Pinewood School", "name20": "1-3 Old Pinewood School", "GEOID20": "47187009703"}, "geometry": {"type": "Point", "coordinates": [-87.14501219288034, 35.877799499999995]}}, {"type": "Feature", "properties": {"county_nam": "Williamson", "county_norm": "WILLIAMSON", "prec_id": "009707", "precinct_norm": "WILLIAMSON - 009707", "precinct_name": "Williamson - 009707", "precinct_full_name": "2-3 Oakview Elementary School", "name20": "2-3 Oakview Elementary School", "GEOID20": "47187009707"}, "geometry": {"type": "Point", "coordinates": [-86.85726095842935, 35.8712005]}}, {"type": "Feature", "properties": {"county_nam": "Williamson", "county_norm": "WILLIAMSON", "prec_id": "009999", "precinct_norm": "WILLIAMSON - 009999", "precinct_name": "Williamson - 009999", "precinct_full_name": "2-5 Fire & Rescue Station #24", "name20": "2-5 Fire & Rescue Station #24", "GEOID20": "47187009999"}, "geometry": {"type": "Point", "coordinates": [-86.86039484219089, 35.825496]}}, {"type": "Feature", "properties": {"county_nam": "Williamson", "county_norm": "WILLIAMSON", "prec_id": "009706", "precinct_norm": "WILLIAMSON - 009706", "precinct_name": "Williamson - 009706", "precinct_full_name": "2-2 Thompson Station Baptist Church", "name20": "2-2 Thompson Station Baptist Church", "GEOID20": "47187009706"}, "geometry": {"type": "Point", "coordinates": [-86.87601636583949, 35.776051]}}, {"type": "Feature", "properties": {"county_nam": "Williamson", "county_norm": "WILLIAMSON", "prec_id": "009705", "precinct_norm": "WILLIAMSON - 009705", "precinct_name": "Williamson - 009705", "precinct_full_name": "2-1 Bethesda Recreation Center", "name20": "2-1 Bethesda Recreation Center", "GEOID20": "47187009705"}, "geometry": {"type": "Point", "coordinates": [-86.80831585360825, 35.7778985]}}, {"type": "Feature", "properties": {"county_nam": "Williamson", "county_norm": "WILLIAMSON", "prec_id": "009708", "precinct_norm": "WILLIAMSON - 009708", "precinct_name": "Williamson - 009708", "precinct_full_name": "2-4 College Grove Community Center", "name20": "2-4 College Grove Community Center", "GEOID20": "47187009708"}, "geometry": {"type": "Point", "coordinates": [-86.70976028542539, 35.762999]}}, {"type": "Feature", "properties": {"county_nam": "Williamson", "county_norm": "WILLIAMSON", "prec_id": "009739", "precinct_norm": "WILLIAMSON - 009739", "precinct_name": "Williamson - 009739", "precinct_full_name": "12-2 The Church of the City-Franklin", "name20": "12-2 The Church of the City-Franklin", "GEOID20": "47187009739"}, "geometry": {"type": "Point", "coordinates": [-86.84050510774946, 35.9088635]}}, {"type": "Feature", "properties": {"county_nam": "Williamson", "county_norm": "WILLIAMSON", "prec_id": "009738", "precinct_norm": "WILLIAMSON - 009738", "precinct_name": "Williamson - 009738", "precinct_full_name": "12-1 Franklin Community of Faith Church", "name20": "12-1 Franklin Community of Faith Church", "GEOID20": "47187009738"}, "geometry": {"type": "Point", "coordinates": [-86.83021566332442, 35.931717500000005]}}, {"type": "Feature", "properties": {"county_nam": "Williamson", "county_norm": "WILLIAMSON", "prec_id": "009740", "precinct_norm": "WILLIAMSON - 009740", "precinct_name": "Williamson - 009740", "precinct_full_name": "12-3 The Gate Community Church", "name20": "12-3 The Gate Community Church", "GEOID20": "47187009740"}, "geometry": {"type": "Point", "coordinates": [-86.81354831594558, 35.865238000000005]}}, {"type": "Feature", "properties": {"county_nam": "Williamson", "county_norm": "WILLIAMSON", "prec_id": "009709", "precinct_norm": "WILLIAMSON - 009709", "precinct_name": "Williamson - 009709", "precinct_full_name": "3-1 Heritage Elementary School", "name20": "3-1 Heritage Elementary School", "GEOID20": "47187009709"}, "geometry": {"type": "Point", "coordinates": [-86.90188846245583, 35.776455999999996]}}, {"type": "Feature", "properties": {"county_nam": "Williamson", "county_norm": "WILLIAMSON", "prec_id": "009711", "precinct_norm": "WILLIAMSON - 009711", "precinct_name": "Williamson - 009711", "precinct_full_name": "3-3 Chapman's Retreat Elementary School", "name20": "3-3 Chapman's Retreat Elementary School", "GEOID20": "47187009711"}, "geometry": {"type": "Point", "coordinates": [-86.88166182707056, 35.7450915]}}, {"type": "Feature", "properties": {"county_nam": "Williamson", "county_norm": "WILLIAMSON", "prec_id": "009710", "precinct_norm": "WILLIAMSON - 009710", "precinct_name": "Williamson - 009710", "precinct_full_name": "3-2 Longview Recreation Center", "name20": "3-2 Longview Recreation Center", "GEOID20": "47187009710"}, "geometry": {"type": "Point", "coordinates": [-86.91077302366071, 35.7639335]}}, {"type": "Feature", "properties": {"county_nam": "Williamson", "county_norm": "WILLIAMSON", "prec_id": "009713", "precinct_norm": "WILLIAMSON - 009713", "precinct_name": "Williamson - 009713", "precinct_full_name": "4-2 Millview Church of Christ", "name20": "4-2 Millview Church of Christ", "GEOID20": "47187009713"}, "geometry": {"type": "Point", "coordinates": [-86.76705437719431, 35.90400150000001]}}, {"type": "Feature", "properties": {"county_nam": "Williamson", "county_norm": "WILLIAMSON", "prec_id": "009714", "precinct_norm": "WILLIAMSON - 009714", "precinct_name": "Williamson - 009714", "precinct_full_name": "4-3 Franklin Christian Church", "name20": "4-3 Franklin Christian Church", "GEOID20": "47187009714"}, "geometry": {"type": "Point", "coordinates": [-86.80210294524494, 35.920484]}}, {"type": "Feature", "properties": {"county_nam": "Williamson", "county_norm": "WILLIAMSON", "prec_id": "009712", "precinct_norm": "WILLIAMSON - 009712", "precinct_name": "Williamson - 009712", "precinct_full_name": "4-1 Prairie Life Fitness Center", "name20": "4-1 Prairie Life Fitness Center", "GEOID20": "47187009712"}, "geometry": {"type": "Point", "coordinates": [-86.79092997289376, 35.947454]}}, {"type": "Feature", "properties": {"county_nam": "Williamson", "county_norm": "WILLIAMSON", "prec_id": "009717", "precinct_norm": "WILLIAMSON - 009717", "precinct_name": "Williamson - 009717", "precinct_full_name": "5-3 Triune Baptist Church", "name20": "5-3 Triune Baptist Church", "GEOID20": "47187009717"}, "geometry": {"type": "Point", "coordinates": [-86.6852443084733, 35.8437555]}}, {"type": "Feature", "properties": {"county_nam": "Williamson", "county_norm": "WILLIAMSON", "prec_id": "009716", "precinct_norm": "WILLIAMSON - 009716", "precinct_name": "Williamson - 009716", "precinct_full_name": "5-2 Nolensville Methodist Church", "name20": "5-2 Nolensville Methodist Church", "GEOID20": "47187009716"}, "geometry": {"type": "Point", "coordinates": [-86.63931694736425, 35.9359345]}}, {"type": "Feature", "properties": {"county_nam": "Williamson", "county_norm": "WILLIAMSON", "prec_id": "009719", "precinct_norm": "WILLIAMSON - 009719", "precinct_name": "Williamson - 009719", "precinct_full_name": "6-1 Brentwood Library", "name20": "6-1 Brentwood Library", "GEOID20": "47187009719"}, "geometry": {"type": "Point", "coordinates": [-86.75940794042083, 35.9833275]}}, {"type": "Feature", "properties": {"county_nam": "Williamson", "county_norm": "WILLIAMSON", "prec_id": "009724", "precinct_norm": "WILLIAMSON - 009724", "precinct_name": "Williamson - 009724", "precinct_full_name": "7-3 New Hope Community Church", "name20": "7-3 New Hope Community Church", "GEOID20": "47187009724"}, "geometry": {"type": "Point", "coordinates": [-86.76220154968944, 36.0125175]}}, {"type": "Feature", "properties": {"county_nam": "Williamson", "county_norm": "WILLIAMSON", "prec_id": "009722", "precinct_norm": "WILLIAMSON - 009722", "precinct_name": "Williamson - 009722", "precinct_full_name": "7-1 Brenthaven Church", "name20": "7-1 Brenthaven Church", "GEOID20": "47187009722"}, "geometry": {"type": "Point", "coordinates": [-86.82464367158175, 36.025926999999996]}}, {"type": "Feature", "properties": {"county_nam": "Williamson", "county_norm": "WILLIAMSON", "prec_id": "009727", "precinct_norm": "WILLIAMSON - 009727", "precinct_name": "Williamson - 009727", "precinct_full_name": "8-3 Episcopal Church", "name20": "8-3 Episcopal Church", "GEOID20": "47187009727"}, "geometry": {"type": "Point", "coordinates": [-86.91529417760941, 36.030491]}}, {"type": "Feature", "properties": {"county_nam": "Williamson", "county_norm": "WILLIAMSON", "prec_id": "009741", "precinct_norm": "WILLIAMSON - 009741", "precinct_name": "Williamson - 009741", "precinct_full_name": "9-5 Independence High School", "name20": "9-5 Independence High School", "GEOID20": "47187009741"}, "geometry": {"type": "Point", "coordinates": [-86.93179618744716, 35.8390275]}}, {"type": "Feature", "properties": {"county_nam": "Williamson", "county_norm": "WILLIAMSON", "prec_id": "009729", "precinct_norm": "WILLIAMSON - 009729", "precinct_name": "Williamson - 009729", "precinct_full_name": "9-2 Benton Hall School", "name20": "9-2 Benton Hall School", "GEOID20": "47187009729"}, "geometry": {"type": "Point", "coordinates": [-86.95399832806251, 35.992090000000005]}}, {"type": "Feature", "properties": {"county_nam": "Williamson", "county_norm": "WILLIAMSON", "prec_id": "009734", "precinct_norm": "WILLIAMSON - 009734", "precinct_name": "Williamson - 009734", "precinct_full_name": "10-3 Hunter's Bend Elementary School", "name20": "10-3 Hunter's Bend Elementary School", "GEOID20": "47187009734"}, "geometry": {"type": "Point", "coordinates": [-86.86584927362576, 35.959601]}}, {"type": "Feature", "properties": {"county_nam": "Williamson", "county_norm": "WILLIAMSON", "prec_id": "009736", "precinct_norm": "WILLIAMSON - 009736", "precinct_name": "Williamson - 009736", "precinct_full_name": "11-2 Robert Ring Indoor Soccer Complex", "name20": "11-2 Robert Ring Indoor Soccer Complex", "GEOID20": "47187009736"}, "geometry": {"type": "Point", "coordinates": [-86.89014662815126, 35.918081]}}, {"type": "Feature", "properties": {"county_nam": "Williamson", "county_norm": "WILLIAMSON", "prec_id": "009718", "precinct_norm": "WILLIAMSON - 009718", "precinct_name": "Williamson - 009718", "precinct_full_name": "5-4 Nolensville Baptist Church", "name20": "5-4 Nolensville Baptist Church", "GEOID20": "47187009718"}, "geometry": {"type": "Point", "coordinates": [-86.70494798817265, 35.929533500000005]}}, {"type": "Feature", "properties": {"county_nam": "Williamson", "county_norm": "WILLIAMSON", "prec_id": "009721", "precinct_norm": "WILLIAMSON - 009721", "precinct_name": "Williamson - 009721", "precinct_full_name": "6-3 Holy Family Catholic Church", "name20": "6-3 Holy Family Catholic Church", "GEOID20": "47187009721"}, "geometry": {"type": "Point", "coordinates": [-86.75156234033423, 35.9674745]}}, {"type": "Feature", "properties": {"county_nam": "Williamson", "county_norm": "WILLIAMSON", "prec_id": "009720", "precinct_norm": "WILLIAMSON - 009720", "precinct_name": "Williamson - 009720", "precinct_full_name": "6-2 Brentwood Safety Center", "name20": "6-2 Brentwood Safety Center", "GEOID20": "47187009720"}, "geometry": {"type": "Point", "coordinates": [-86.71994527618398, 35.998011500000004]}}, {"type": "Feature", "properties": {"county_nam": "Williamson", "county_norm": "WILLIAMSON", "prec_id": "009723", "precinct_norm": "WILLIAMSON - 009723", "precinct_name": "Williamson - 009723", "precinct_full_name": "7-2 Baptist Children's Home", "name20": "7-2 Baptist Children's Home", "GEOID20": "47187009723"}, "geometry": {"type": "Point", "coordinates": [-86.8144937701425, 35.993688]}}, {"type": "Feature", "properties": {"county_nam": "Williamson", "county_norm": "WILLIAMSON", "prec_id": "009726", "precinct_norm": "WILLIAMSON - 009726", "precinct_name": "Williamson - 009726", "precinct_full_name": "8-2 First Presbyterian Church", "name20": "8-2 First Presbyterian Church", "GEOID20": "47187009726"}, "geometry": {"type": "Point", "coordinates": [-86.83347984539154, 35.961130999999995]}}, {"type": "Feature", "properties": {"county_nam": "Williamson", "county_norm": "WILLIAMSON", "prec_id": "009725", "precinct_norm": "WILLIAMSON - 009725", "precinct_name": "Williamson - 009725", "precinct_full_name": "8-1 Grassland Middle School", "name20": "8-1 Grassland Middle School", "GEOID20": "47187009725"}, "geometry": {"type": "Point", "coordinates": [-86.8575810475721, 36.001644999999996]}}, {"type": "Feature", "properties": {"county_nam": "Williamson", "county_norm": "WILLIAMSON", "prec_id": "009731", "precinct_norm": "WILLIAMSON - 009731", "precinct_name": "Williamson - 009731", "precinct_full_name": "9-4 Grace Chapel Church", "name20": "9-4 Grace Chapel Church", "GEOID20": "47187009731"}, "geometry": {"type": "Point", "coordinates": [-86.98806529731146, 35.907255500000005]}}, {"type": "Feature", "properties": {"county_nam": "Williamson", "county_norm": "WILLIAMSON", "prec_id": "009730", "precinct_norm": "WILLIAMSON - 009730", "precinct_name": "Williamson - 009730", "precinct_full_name": "9-3 Westhaven Clubhouse", "name20": "9-3 Westhaven Clubhouse", "GEOID20": "47187009730"}, "geometry": {"type": "Point", "coordinates": [-86.94639065875913, 35.937152999999995]}}, {"type": "Feature", "properties": {"county_nam": "Williamson", "county_norm": "WILLIAMSON", "prec_id": "009728", "precinct_norm": "WILLIAMSON - 009728", "precinct_name": "Williamson - 009728", "precinct_full_name": "9-1 Walnut Grove Elementary School", "name20": "9-1 Walnut Grove Elementary School", "GEOID20": "47187009728"}, "geometry": {"type": "Point", "coordinates": [-86.91658458428032, 35.969331499999996]}}, {"type": "Feature", "properties": {"county_nam": "Williamson", "county_norm": "WILLIAMSON", "prec_id": "009732", "precinct_norm": "WILLIAMSON - 009732", "precinct_name": "Williamson - 009732", "precinct_full_name": "10-1 Franklin Recreation Complex", "name20": "10-1 Franklin Recreation Complex", "GEOID20": "47187009732"}, "geometry": {"type": "Point", "coordinates": [-86.88726823161764, 35.946744]}}, {"type": "Feature", "properties": {"county_nam": "Williamson", "county_norm": "WILLIAMSON", "prec_id": "009733", "precinct_norm": "WILLIAMSON - 009733", "precinct_name": "Williamson - 009733", "precinct_full_name": "10-2 Liberty Elementary School", "name20": "10-2 Liberty Elementary School", "GEOID20": "47187009733"}, "geometry": {"type": "Point", "coordinates": [-86.85750313674166, 35.932582499999995]}}, {"type": "Feature", "properties": {"county_nam": "Williamson", "county_norm": "WILLIAMSON", "prec_id": "009737", "precinct_norm": "WILLIAMSON - 009737", "precinct_name": "Williamson - 009737", "precinct_full_name": "11-3 Winstead Elementary School", "name20": "11-3 Winstead Elementary School", "GEOID20": "47187009737"}, "geometry": {"type": "Point", "coordinates": [-86.89754646071745, 35.8665955]}}, {"type": "Feature", "properties": {"county_nam": "Williamson", "county_norm": "WILLIAMSON", "prec_id": "009735", "precinct_norm": "WILLIAMSON - 009735", "precinct_name": "Williamson - 009735", "precinct_full_name": "11-1 Franklin Elementary School", "name20": "11-1 Franklin Elementary School", "GEOID20": "47187009735"}, "geometry": {"type": "Point", "coordinates": [-86.87967968108777, 35.9042465]}}, {"type": "Feature", "properties": {"county_nam": "Williamson", "county_norm": "WILLIAMSON", "prec_id": "009715", "precinct_norm": "WILLIAMSON - 009715", "precinct_name": "Williamson - 009715", "precinct_full_name": "5-1 Sunset Elementary School", "name20": "5-1 Sunset Elementary School", "GEOID20": "47187009715"}, "geometry": {"type": "Point", "coordinates": [-86.70193393916605, 35.972687]}}, {"type": "Feature", "properties": {"county_nam": "Giles", "county_norm": "GILES", "prec_id": "002851", "precinct_norm": "GILES - 002851", "precinct_name": "Giles - 002851", "precinct_full_name": "1B Prospect", "name20": "1B Prospect", "GEOID20": "47055002851"}, "geometry": {"type": "Point", "coordinates": [-87.00723260182119, 35.065940499999996]}}, {"type": "Feature", "properties": {"county_nam": "Giles", "county_norm": "GILES", "prec_id": "002858", "precinct_norm": "GILES - 002858", "precinct_name": "Giles - 002858", "precinct_full_name": "4B Odds Fellows Hall", "name20": "4B Odds Fellows Hall", "GEOID20": "47055002858"}, "geometry": {"type": "Point", "coordinates": [-86.87638375199536, 35.2647895]}}, {"type": "Feature", "properties": {"county_nam": "Giles", "county_norm": "GILES", "prec_id": "002859", "precinct_norm": "GILES - 002859", "precinct_name": "Giles - 002859", "precinct_full_name": "5A TCAT", "name20": "5A TCAT", "GEOID20": "47055002859"}, "geometry": {"type": "Point", "coordinates": [-86.98589128520892, 35.2263945]}}, {"type": "Feature", "properties": {"county_nam": "Giles", "county_norm": "GILES", "prec_id": "002860", "precinct_norm": "GILES - 002860", "precinct_name": "Giles - 002860", "precinct_full_name": "5B Agri-Park", "name20": "5B Agri-Park", "GEOID20": "47055002860"}, "geometry": {"type": "Point", "coordinates": [-86.937195449281, 35.124825]}}, {"type": "Feature", "properties": {"county_nam": "Giles", "county_norm": "GILES", "prec_id": "002862", "precinct_norm": "GILES - 002862", "precinct_name": "Giles - 002862", "precinct_full_name": "6B BMS Bridgeforth Middle School", "name20": "6B BMS Bridgeforth Middle School", "GEOID20": "47055002862"}, "geometry": {"type": "Point", "coordinates": [-87.01968712179121, 35.204576]}}, {"type": "Feature", "properties": {"county_nam": "Giles", "county_norm": "GILES", "prec_id": "002861", "precinct_norm": "GILES - 002861", "precinct_name": "Giles - 002861", "precinct_full_name": "6A MMC Martin Methodist College", "name20": "6A MMC Martin Methodist College", "GEOID20": "47055002861"}, "geometry": {"type": "Point", "coordinates": [-87.07498547082658, 35.213785]}}, {"type": "Feature", "properties": {"county_nam": "Benton", "county_norm": "BENTON", "prec_id": "000204", "precinct_norm": "BENTON - 000204", "precinct_name": "Benton - 000204", "precinct_full_name": "1 Holladay School", "name20": "1 Holladay School", "GEOID20": "47005000204"}, "geometry": {"type": "Point", "coordinates": [-88.07283583265362, 35.903355000000005]}}, {"type": "Feature", "properties": {"county_nam": "Giles", "county_norm": "GILES", "prec_id": "002854", "precinct_norm": "GILES - 002854", "precinct_name": "Giles - 002854", "precinct_full_name": "1A Ardmore", "name20": "1A Ardmore", "GEOID20": "47055002854"}, "geometry": {"type": "Point", "coordinates": [-86.88453972737557, 35.040416]}}, {"type": "Feature", "properties": {"county_nam": "Giles", "county_norm": "GILES", "prec_id": "002853", "precinct_norm": "GILES - 002853", "precinct_name": "Giles - 002853", "precinct_full_name": "2A Minor Hill", "name20": "2A Minor Hill", "GEOID20": "47055002853"}, "geometry": {"type": "Point", "coordinates": [-87.1476553888889, 35.07316]}}, {"type": "Feature", "properties": {"county_nam": "Giles", "county_norm": "GILES", "prec_id": "002852", "precinct_norm": "GILES - 002852", "precinct_name": "Giles - 002852", "precinct_full_name": "2B Airport", "name20": "2B Airport", "GEOID20": "47055002852"}, "geometry": {"type": "Point", "coordinates": [-87.11530357673266, 35.155829]}}, {"type": "Feature", "properties": {"county_nam": "Giles", "county_norm": "GILES", "prec_id": "002863", "precinct_norm": "GILES - 002863", "precinct_name": "Giles - 002863", "precinct_full_name": "7A GCHS Giles County High School", "name20": "7A GCHS Giles County High School", "GEOID20": "47055002863"}, "geometry": {"type": "Point", "coordinates": [-87.01871583516484, 35.193181]}}, {"type": "Feature", "properties": {"county_nam": "Giles", "county_norm": "GILES", "prec_id": "002864", "precinct_norm": "GILES - 002864", "precinct_name": "Giles - 002864", "precinct_full_name": "7B Recreation Center", "name20": "7B Recreation Center", "GEOID20": "47055002864"}, "geometry": {"type": "Point", "coordinates": [-87.04952789673635, 35.185368]}}, {"type": "Feature", "properties": {"county_nam": "Giles", "county_norm": "GILES", "prec_id": "002856", "precinct_norm": "GILES - 002856", "precinct_name": "Giles - 002856", "precinct_full_name": "3B Campbellsville", "name20": "3B Campbellsville", "GEOID20": "47055002856"}, "geometry": {"type": "Point", "coordinates": [-87.15422451917165, 35.3516055]}}, {"type": "Feature", "properties": {"county_nam": "Giles", "county_norm": "GILES", "prec_id": "002857", "precinct_norm": "GILES - 002857", "precinct_name": "Giles - 002857", "precinct_full_name": "4A Lynnville", "name20": "4A Lynnville", "GEOID20": "47055002857"}, "geometry": {"type": "Point", "coordinates": [-87.00597725170998, 35.3579895]}}, {"type": "Feature", "properties": {"county_nam": "Williamson", "county_norm": "WILLIAMSON", "prec_id": "009704", "precinct_norm": "WILLIAMSON - 009704", "precinct_name": "Williamson - 009704", "precinct_full_name": "1-4 Burwood Community Center", "name20": "1-4 Burwood Community Center", "GEOID20": "47187009704"}, "geometry": {"type": "Point", "coordinates": [-87.02925521824598, 35.823873500000005]}}, {"type": "Feature", "properties": {"county_nam": "Williamson", "county_norm": "WILLIAMSON", "prec_id": "009742", "precinct_norm": "WILLIAMSON - 009742", "precinct_name": "Williamson - 009742", "precinct_full_name": "1-5 The Church of Spring Hill", "name20": "1-5 The Church of Spring Hill", "GEOID20": "47187009742"}, "geometry": {"type": "Point", "coordinates": [-86.92492585702524, 35.769956]}}, {"type": "Feature", "properties": {"county_nam": "Williamson", "county_norm": "WILLIAMSON", "prec_id": "009701", "precinct_norm": "WILLIAMSON - 009701", "precinct_name": "Williamson - 009701", "precinct_full_name": "1-1 Westwood Elementary School", "name20": "1-1 Westwood Elementary School", "GEOID20": "47187009701"}, "geometry": {"type": "Point", "coordinates": [-87.13656948344246, 35.9994115]}}, {"type": "Feature", "properties": {"county_nam": "Hawkins", "county_norm": "HAWKINS", "prec_id": "003824", "precinct_norm": "HAWKINS - 003824", "precinct_name": "Hawkins - 003824", "precinct_full_name": "1 Allandale", "name20": "1 Allandale", "GEOID20": "47073003824"}, "geometry": {"type": "Point", "coordinates": [-82.62739508154584, 36.5516265]}}, {"type": "Feature", "properties": {"county_nam": "Hawkins", "county_norm": "HAWKINS", "prec_id": "003809", "precinct_norm": "HAWKINS - 003809", "precinct_name": "Hawkins - 003809", "precinct_full_name": "1 Mount Carmel", "name20": "1 Mount Carmel", "GEOID20": "47073003809"}, "geometry": {"type": "Point", "coordinates": [-82.64213772413794, 36.5339185]}}, {"type": "Feature", "properties": {"county_nam": "Hawkins", "county_norm": "HAWKINS", "prec_id": "003825", "precinct_norm": "HAWKINS - 003825", "precinct_name": "Hawkins - 003825", "precinct_full_name": "2 Church Hill", "name20": "2 Church Hill", "GEOID20": "47073003825"}, "geometry": {"type": "Point", "coordinates": [-82.69637437640124, 36.511072]}}, {"type": "Feature", "properties": {"county_nam": "Hawkins", "county_norm": "HAWKINS", "prec_id": "003803", "precinct_norm": "HAWKINS - 003803", "precinct_name": "Hawkins - 003803", "precinct_full_name": "2 McPheeter's Bend", "name20": "2 McPheeter's Bend", "GEOID20": "47073003803"}, "geometry": {"type": "Point", "coordinates": [-82.7292390015873, 36.47923]}}, {"type": "Feature", "properties": {"county_nam": "Hawkins", "county_norm": "HAWKINS", "prec_id": "003819", "precinct_norm": "HAWKINS - 003819", "precinct_name": "Hawkins - 003819", "precinct_full_name": "3 Watterson", "name20": "3 Watterson", "GEOID20": "47073003819"}, "geometry": {"type": "Point", "coordinates": [-82.90190264390603, 36.517333]}}, {"type": "Feature", "properties": {"county_nam": "Hawkins", "county_norm": "HAWKINS", "prec_id": "003811", "precinct_norm": "HAWKINS - 003811", "precinct_name": "Hawkins - 003811", "precinct_full_name": "3 Wallace", "name20": "3 Wallace", "GEOID20": "47073003811"}, "geometry": {"type": "Point", "coordinates": [-82.78566573936519, 36.5506395]}}, {"type": "Feature", "properties": {"county_nam": "Hawkins", "county_norm": "HAWKINS", "prec_id": "003826", "precinct_norm": "HAWKINS - 003826", "precinct_name": "Hawkins - 003826", "precinct_full_name": "4 Surgoinsville", "name20": "4 Surgoinsville", "GEOID20": "47073003826"}, "geometry": {"type": "Point", "coordinates": [-82.86186189425358, 36.481408]}}, {"type": "Feature", "properties": {"county_nam": "Hawkins", "county_norm": "HAWKINS", "prec_id": "003801", "precinct_norm": "HAWKINS - 003801", "precinct_name": "Hawkins - 003801", "precinct_full_name": "7 Cherokee", "name20": "7 Cherokee", "GEOID20": "47073003801"}, "geometry": {"type": "Point", "coordinates": [-82.97245270412371, 36.355204]}}, {"type": "Feature", "properties": {"county_nam": "Hawkins", "county_norm": "HAWKINS", "prec_id": "003816", "precinct_norm": "HAWKINS - 003816", "precinct_name": "Hawkins - 003816", "precinct_full_name": "7 St. Clair", "name20": "7 St. Clair", "GEOID20": "47073003816"}, "geometry": {"type": "Point", "coordinates": [-83.1014542565135, 36.327978]}}, {"type": "Feature", "properties": {"county_nam": "Hawkins", "county_norm": "HAWKINS", "prec_id": "003806", "precinct_norm": "HAWKINS - 003806", "precinct_name": "Hawkins - 003806", "precinct_full_name": "4 Upper Beech", "name20": "4 Upper Beech", "GEOID20": "47073003806"}, "geometry": {"type": "Point", "coordinates": [-82.73432594215939, 36.4094465]}}, {"type": "Feature", "properties": {"county_nam": "Hawkins", "county_norm": "HAWKINS", "prec_id": "003802", "precinct_norm": "HAWKINS - 003802", "precinct_name": "Hawkins - 003802", "precinct_full_name": "4 Keplar", "name20": "4 Keplar", "GEOID20": "47073003802"}, "geometry": {"type": "Point", "coordinates": [-82.88876379999999, 36.398787999999996]}}, {"type": "Feature", "properties": {"county_nam": "Hamblen", "county_norm": "HAMBLEN", "prec_id": "003252", "precinct_norm": "HAMBLEN - 003252", "precinct_name": "Hamblen - 003252", "precinct_full_name": "1-1", "name20": "1-1", "GEOID20": "47063003252"}, "geometry": {"type": "Point", "coordinates": [-83.30640272509353, 36.222021]}}, {"type": "Feature", "properties": {"county_nam": "Hamblen", "county_norm": "HAMBLEN", "prec_id": "003253", "precinct_norm": "HAMBLEN - 003253", "precinct_name": "Hamblen - 003253", "precinct_full_name": "2-1", "name20": "2-1", "GEOID20": "47063003253"}, "geometry": {"type": "Point", "coordinates": [-83.27109772463768, 36.229907999999995]}}, {"type": "Feature", "properties": {"county_nam": "Hamblen", "county_norm": "HAMBLEN", "prec_id": "003254", "precinct_norm": "HAMBLEN - 003254", "precinct_name": "Hamblen - 003254", "precinct_full_name": "3-1", "name20": "3-1", "GEOID20": "47063003254"}, "geometry": {"type": "Point", "coordinates": [-83.25847873809525, 36.2204555]}}, {"type": "Feature", "properties": {"county_nam": "Hamblen", "county_norm": "HAMBLEN", "prec_id": "003251", "precinct_norm": "HAMBLEN - 003251", "precinct_name": "Hamblen - 003251", "precinct_full_name": "4-1", "name20": "4-1", "GEOID20": "47063003251"}, "geometry": {"type": "Point", "coordinates": [-83.27650959484822, 36.188316]}}, {"type": "Feature", "properties": {"county_nam": "Hamblen", "county_norm": "HAMBLEN", "prec_id": "003262", "precinct_norm": "HAMBLEN - 003262", "precinct_name": "Hamblen - 003262", "precinct_full_name": "10-2", "name20": "10-2", "GEOID20": "47063003262"}, "geometry": {"type": "Point", "coordinates": [-83.25110629545455, 36.147249]}}, {"type": "Feature", "properties": {"county_nam": "Hamblen", "county_norm": "HAMBLEN", "prec_id": "003261", "precinct_norm": "HAMBLEN - 003261", "precinct_name": "Hamblen - 003261", "precinct_full_name": "10-1", "name20": "10-1", "GEOID20": "47063003261"}, "geometry": {"type": "Point", "coordinates": [-83.17533749852468, 36.2115235]}}, {"type": "Feature", "properties": {"county_nam": "Hamblen", "county_norm": "HAMBLEN", "prec_id": "003264", "precinct_norm": "HAMBLEN - 003264", "precinct_name": "Hamblen - 003264", "precinct_full_name": "13-1", "name20": "13-1", "GEOID20": "47063003264"}, "geometry": {"type": "Point", "coordinates": [-83.43212876005484, 36.188711999999995]}}, {"type": "Feature", "properties": {"county_nam": "Hamblen", "county_norm": "HAMBLEN", "prec_id": "003266", "precinct_norm": "HAMBLEN - 003266", "precinct_name": "Hamblen - 003266", "precinct_full_name": "11-2", "name20": "11-2", "GEOID20": "47063003266"}, "geometry": {"type": "Point", "coordinates": [-83.30206803737542, 36.1596565]}}, {"type": "Feature", "properties": {"county_nam": "Hawkins", "county_norm": "HAWKINS", "prec_id": "003823", "precinct_norm": "HAWKINS - 003823", "precinct_name": "Hawkins - 003823", "precinct_full_name": "7 Bulls Gap", "name20": "7 Bulls Gap", "GEOID20": "47073003823"}, "geometry": {"type": "Point", "coordinates": [-83.0400219255319, 36.285295500000004]}}, {"type": "Feature", "properties": {"county_nam": "Hawkins", "county_norm": "HAWKINS", "prec_id": "003805", "precinct_norm": "HAWKINS - 003805", "precinct_name": "Hawkins - 003805", "precinct_full_name": "4 Dykes", "name20": "4 Dykes", "GEOID20": "47073003805"}, "geometry": {"type": "Point", "coordinates": [-82.76541687853926, 36.438888]}}, {"type": "Feature", "properties": {"county_nam": "Hawkins", "county_norm": "HAWKINS", "prec_id": "003820", "precinct_norm": "HAWKINS - 003820", "precinct_name": "Hawkins - 003820", "precinct_full_name": "4 Rogersville North", "name20": "4 Rogersville North", "GEOID20": "47073003820"}, "geometry": {"type": "Point", "coordinates": [-83.00171337620485, 36.440799999999996]}}, {"type": "Feature", "properties": {"county_nam": "Hawkins", "county_norm": "HAWKINS", "prec_id": "003808", "precinct_norm": "HAWKINS - 003808", "precinct_name": "Hawkins - 003808", "precinct_full_name": "3 Carter's Valley", "name20": "3 Carter's Valley", "GEOID20": "47073003808"}, "geometry": {"type": "Point", "coordinates": [-82.70314130386481, 36.564539499999995]}}, {"type": "Feature", "properties": {"county_nam": "Hawkins", "county_norm": "HAWKINS", "prec_id": "003814", "precinct_norm": "HAWKINS - 003814", "precinct_name": "Hawkins - 003814", "precinct_full_name": "5 Rogersville 5th", "name20": "5 Rogersville 5th", "GEOID20": "47073003814"}, "geometry": {"type": "Point", "coordinates": [-82.96951110696935, 36.414674500000004]}}, {"type": "Feature", "properties": {"county_nam": "Hawkins", "county_norm": "HAWKINS", "prec_id": "003812", "precinct_norm": "HAWKINS - 003812", "precinct_name": "Hawkins - 003812", "precinct_full_name": "6 Alumwell", "name20": "6 Alumwell", "GEOID20": "47073003812"}, "geometry": {"type": "Point", "coordinates": [-83.00600541129032, 36.48213]}}, {"type": "Feature", "properties": {"county_nam": "Hawkins", "county_norm": "HAWKINS", "prec_id": "003813", "precinct_norm": "HAWKINS - 003813", "precinct_name": "Hawkins - 003813", "precinct_full_name": "6 Choptack", "name20": "6 Choptack", "GEOID20": "47073003813"}, "geometry": {"type": "Point", "coordinates": [-83.11268305215702, 36.3986905]}}, {"type": "Feature", "properties": {"county_nam": "Hawkins", "county_norm": "HAWKINS", "prec_id": "003818", "precinct_norm": "HAWKINS - 003818", "precinct_name": "Hawkins - 003818", "precinct_full_name": "6 Clinch", "name20": "6 Clinch", "GEOID20": "47073003818"}, "geometry": {"type": "Point", "coordinates": [-83.0939388261169, 36.4941645]}}, {"type": "Feature", "properties": {"county_nam": "Hawkins", "county_norm": "HAWKINS", "prec_id": "003817", "precinct_norm": "HAWKINS - 003817", "precinct_name": "Hawkins - 003817", "precinct_full_name": "6 Mooresburg", "name20": "6 Mooresburg", "GEOID20": "47073003817"}, "geometry": {"type": "Point", "coordinates": [-83.2211206730189, 36.3598805]}}, {"type": "Feature", "properties": {"county_nam": "Hamblen", "county_norm": "HAMBLEN", "prec_id": "003263", "precinct_norm": "HAMBLEN - 003263", "precinct_name": "Hamblen - 003263", "precinct_full_name": "12-1", "name20": "12-1", "GEOID20": "47063003263"}, "geometry": {"type": "Point", "coordinates": [-83.39022757591985, 36.182002]}}, {"type": "Feature", "properties": {"county_nam": "Hamblen", "county_norm": "HAMBLEN", "prec_id": "003267", "precinct_norm": "HAMBLEN - 003267", "precinct_name": "Hamblen - 003267", "precinct_full_name": "11-1", "name20": "11-1", "GEOID20": "47063003267"}, "geometry": {"type": "Point", "coordinates": [-83.34744454575623, 36.1757595]}}, {"type": "Feature", "properties": {"county_nam": "Hamblen", "county_norm": "HAMBLEN", "prec_id": "003255", "precinct_norm": "HAMBLEN - 003255", "precinct_name": "Hamblen - 003255", "precinct_full_name": "5-1", "name20": "5-1", "GEOID20": "47063003255"}, "geometry": {"type": "Point", "coordinates": [-83.32706371150496, 36.215562500000004]}}, {"type": "Feature", "properties": {"county_nam": "Hamblen", "county_norm": "HAMBLEN", "prec_id": "003256", "precinct_norm": "HAMBLEN - 003256", "precinct_name": "Hamblen - 003256", "precinct_full_name": "6-1", "name20": "6-1", "GEOID20": "47063003256"}, "geometry": {"type": "Point", "coordinates": [-83.33619467871901, 36.2616775]}}, {"type": "Feature", "properties": {"county_nam": "Hamblen", "county_norm": "HAMBLEN", "prec_id": "003258", "precinct_norm": "HAMBLEN - 003258", "precinct_name": "Hamblen - 003258", "precinct_full_name": "8-1", "name20": "8-1", "GEOID20": "47063003258"}, "geometry": {"type": "Point", "coordinates": [-83.20801255180447, 36.249568]}}, {"type": "Feature", "properties": {"county_nam": "Hamblen", "county_norm": "HAMBLEN", "prec_id": "003265", "precinct_norm": "HAMBLEN - 003265", "precinct_name": "Hamblen - 003265", "precinct_full_name": "14-1", "name20": "14-1", "GEOID20": "47063003265"}, "geometry": {"type": "Point", "coordinates": [-83.37879059829066, 36.220911]}}, {"type": "Feature", "properties": {"county_nam": "Hamblen", "county_norm": "HAMBLEN", "prec_id": "003260", "precinct_norm": "HAMBLEN - 003260", "precinct_name": "Hamblen - 003260", "precinct_full_name": "9-2", "name20": "9-2", "GEOID20": "47063003260"}, "geometry": {"type": "Point", "coordinates": [-83.13609947796255, 36.273042000000004]}}, {"type": "Feature", "properties": {"county_nam": "Hamblen", "county_norm": "HAMBLEN", "prec_id": "003259", "precinct_norm": "HAMBLEN - 003259", "precinct_name": "Hamblen - 003259", "precinct_full_name": "9-1", "name20": "9-1", "GEOID20": "47063003259"}, "geometry": {"type": "Point", "coordinates": [-83.19424338323621, 36.276601]}}, {"type": "Feature", "properties": {"county_nam": "Hamblen", "county_norm": "HAMBLEN", "prec_id": "003257", "precinct_norm": "HAMBLEN - 003257", "precinct_name": "Hamblen - 003257", "precinct_full_name": "7-1", "name20": "7-1", "GEOID20": "47063003257"}, "geometry": {"type": "Point", "coordinates": [-83.26083315017513, 36.260420499999995]}}, {"type": "Feature", "properties": {"county_nam": "Pickett", "county_norm": "PICKETT", "prec_id": "007057", "precinct_norm": "PICKETT - 007057", "precinct_name": "Pickett - 007057", "precinct_full_name": "Bolestown", "name20": "Bolestown", "GEOID20": "47137007057"}, "geometry": {"type": "Point", "coordinates": [-85.1208003522443, 36.4268145]}}, {"type": "Feature", "properties": {"county_nam": "Pickett", "county_norm": "PICKETT", "prec_id": "007054", "precinct_norm": "PICKETT - 007054", "precinct_name": "Pickett - 007054", "precinct_full_name": "Community Center", "name20": "Community Center", "GEOID20": "47137007054"}, "geometry": {"type": "Point", "coordinates": [-85.13806692993413, 36.552279]}}, {"type": "Feature", "properties": {"county_nam": "Pickett", "county_norm": "PICKETT", "prec_id": "007051", "precinct_norm": "PICKETT - 007051", "precinct_name": "Pickett - 007051", "precinct_full_name": "High School", "name20": "High School", "GEOID20": "47137007051"}, "geometry": {"type": "Point", "coordinates": [-85.164406475, 36.573018000000005]}}, {"type": "Feature", "properties": {"county_nam": "Pickett", "county_norm": "PICKETT", "prec_id": "007056", "precinct_norm": "PICKETT - 007056", "precinct_name": "Pickett - 007056", "precinct_full_name": "Moodyville", "name20": "Moodyville", "GEOID20": "47137007056"}, "geometry": {"type": "Point", "coordinates": [-85.09908985319305, 36.502905]}}, {"type": "Feature", "properties": {"county_nam": "Pickett", "county_norm": "PICKETT", "prec_id": "007058", "precinct_norm": "PICKETT - 007058", "precinct_name": "Pickett - 007058", "precinct_full_name": "Boom", "name20": "Boom", "GEOID20": "47137007058"}, "geometry": {"type": "Point", "coordinates": [-85.15779107918053, 36.4926705]}}, {"type": "Feature", "properties": {"county_nam": "Haywood", "county_norm": "HAYWOOD", "prec_id": "003904", "precinct_norm": "HAYWOOD - 003904", "precinct_name": "Haywood - 003904", "precinct_full_name": "01 Christ Temple Apostolic Church", "name20": "01 Christ Temple Apostolic Church", "GEOID20": "47075003904"}, "geometry": {"type": "Point", "coordinates": [-89.26042311014686, 35.607687999999996]}}, {"type": "Feature", "properties": {"county_nam": "Haywood", "county_norm": "HAYWOOD", "prec_id": "003901", "precinct_norm": "HAYWOOD - 003901", "precinct_name": "Haywood - 003901", "precinct_full_name": "02 Parks & Recreation Dept", "name20": "02 Parks & Recreation Dept", "GEOID20": "47075003901"}, "geometry": {"type": "Point", "coordinates": [-89.19912539770635, 35.656197500000005]}}, {"type": "Feature", "properties": {"county_nam": "Haywood", "county_norm": "HAYWOOD", "prec_id": "003903", "precinct_norm": "HAYWOOD - 003903", "precinct_name": "Haywood - 003903", "precinct_full_name": "03 Jefferson Court Community Building", "name20": "03 Jefferson Court Community Building", "GEOID20": "47075003903"}, "geometry": {"type": "Point", "coordinates": [-89.212943218107, 35.584135]}}, {"type": "Feature", "properties": {"county_nam": "Haywood", "county_norm": "HAYWOOD", "prec_id": "003910", "precinct_norm": "HAYWOOD - 003910", "precinct_name": "Haywood - 003910", "precinct_full_name": "09A Stanton City Hall", "name20": "09A Stanton City Hall", "GEOID20": "47075003910"}, "geometry": {"type": "Point", "coordinates": [-89.38794396346472, 35.495354000000006]}}, {"type": "Feature", "properties": {"county_nam": "Haywood", "county_norm": "HAYWOOD", "prec_id": "003902", "precinct_norm": "HAYWOOD - 003902", "precinct_name": "Haywood - 003902", "precinct_full_name": "04 Chamber Basement", "name20": "04 Chamber Basement", "GEOID20": "47075003902"}, "geometry": {"type": "Point", "coordinates": [-89.27421289741521, 35.6043265]}}, {"type": "Feature", "properties": {"county_nam": "Haywood", "county_norm": "HAYWOOD", "prec_id": "003906", "precinct_norm": "HAYWOOD - 003906", "precinct_name": "Haywood - 003906", "precinct_full_name": "05 Tibbs Fire Station", "name20": "05 Tibbs Fire Station", "GEOID20": "47075003906"}, "geometry": {"type": "Point", "coordinates": [-89.32709062411041, 35.712027]}}, {"type": "Feature", "properties": {"county_nam": "Haywood", "county_norm": "HAYWOOD", "prec_id": "003912", "precinct_norm": "HAYWOOD - 003912", "precinct_name": "Haywood - 003912", "precinct_full_name": "07 Delta Heritage Center", "name20": "07 Delta Heritage Center", "GEOID20": "47075003912"}, "geometry": {"type": "Point", "coordinates": [-89.15062842630938, 35.521153]}}, {"type": "Feature", "properties": {"county_nam": "Haywood", "county_norm": "HAYWOOD", "prec_id": "003914", "precinct_norm": "HAYWOOD - 003914", "precinct_name": "Haywood - 003914", "precinct_full_name": "09B West Side Church of Christ", "name20": "09B West Side Church of Christ", "GEOID20": "47075003914"}, "geometry": {"type": "Point", "coordinates": [-89.37282747031963, 35.572751]}}, {"type": "Feature", "properties": {"county_nam": "Haywood", "county_norm": "HAYWOOD", "prec_id": "003915", "precinct_norm": "HAYWOOD - 003915", "precinct_name": "Haywood - 003915", "precinct_full_name": "06 Wyatt-Duke National Guard Armory", "name20": "06 Wyatt-Duke National Guard Armory", "GEOID20": "47075003915"}, "geometry": {"type": "Point", "coordinates": [-89.12910723782416, 35.642874000000006]}}, {"type": "Feature", "properties": {"county_nam": "Haywood", "county_norm": "HAYWOOD", "prec_id": "003905", "precinct_norm": "HAYWOOD - 003905", "precinct_name": "Haywood - 003905", "precinct_full_name": "10 Haywood Junior High", "name20": "10 Haywood Junior High", "GEOID20": "47075003905"}, "geometry": {"type": "Point", "coordinates": [-89.40555949440777, 35.641718499999996]}}, {"type": "Feature", "properties": {"county_nam": "Haywood", "county_norm": "HAYWOOD", "prec_id": "003913", "precinct_norm": "HAYWOOD - 003913", "precinct_name": "Haywood - 003913", "precinct_full_name": "08 Douglas Community Center", "name20": "08 Douglas Community Center", "GEOID20": "47075003913"}, "geometry": {"type": "Point", "coordinates": [-89.19772770525292, 35.4642645]}}, {"type": "Feature", "properties": {"county_nam": "Pickett", "county_norm": "PICKETT", "prec_id": "007055", "precinct_norm": "PICKETT - 007055", "precinct_name": "Pickett - 007055", "precinct_full_name": "Travisville", "name20": "Travisville", "GEOID20": "47137007055"}, "geometry": {"type": "Point", "coordinates": [-84.81777565803287, 36.572508]}}, {"type": "Feature", "properties": {"county_nam": "Pickett", "county_norm": "PICKETT", "prec_id": "007052", "precinct_norm": "PICKETT - 007052", "precinct_name": "Pickett - 007052", "precinct_full_name": "Oak Hill", "name20": "Oak Hill", "GEOID20": "47137007052"}, "geometry": {"type": "Point", "coordinates": [-85.22575031634615, 36.5870665]}}, {"type": "Feature", "properties": {"county_nam": "Pickett", "county_norm": "PICKETT", "prec_id": "007053", "precinct_norm": "PICKETT - 007053", "precinct_name": "Pickett - 007053", "precinct_full_name": "Chanute", "name20": "Chanute", "GEOID20": "47137007053"}, "geometry": {"type": "Point", "coordinates": [-85.08832969709943, 36.586563999999996]}}, {"type": "Feature", "properties": {"county_nam": "Pickett", "county_norm": "PICKETT", "prec_id": "007059", "precinct_norm": "PICKETT - 007059", "precinct_name": "Pickett - 007059", "precinct_full_name": "Barnes Ridge", "name20": "Barnes Ridge", "GEOID20": "47137007059"}, "geometry": {"type": "Point", "coordinates": [-85.24948925319416, 36.547304]}}, {"type": "Feature", "properties": {"county_nam": "Hickman", "county_norm": "HICKMAN", "prec_id": "004212", "precinct_norm": "HICKMAN - 004212", "precinct_name": "Hickman - 004212", "precinct_full_name": "01-1 Nunnelly", "name20": "01-1 Nunnelly", "GEOID20": "47081004212"}, "geometry": {"type": "Point", "coordinates": [-87.58839034955633, 35.8737235]}}, {"type": "Feature", "properties": {"county_nam": "Hickman", "county_norm": "HICKMAN", "prec_id": "004201", "precinct_norm": "HICKMAN - 004201", "precinct_name": "Hickman - 004201", "precinct_full_name": "01-2 Pinewood", "name20": "01-2 Pinewood", "GEOID20": "47081004201"}, "geometry": {"type": "Point", "coordinates": [-87.48837589731852, 35.931919]}}, {"type": "Feature", "properties": {"county_nam": "Hickman", "county_norm": "HICKMAN", "prec_id": "004205", "precinct_norm": "HICKMAN - 004205", "precinct_name": "Hickman - 004205", "precinct_full_name": "02-2 Fairfield", "name20": "02-2 Fairfield", "GEOID20": "47081004205"}, "geometry": {"type": "Point", "coordinates": [-87.41513931818182, 35.879732000000004]}}, {"type": "Feature", "properties": {"county_nam": "Hickman", "county_norm": "HICKMAN", "prec_id": "004204", "precinct_norm": "HICKMAN - 004204", "precinct_name": "Hickman - 004204", "precinct_full_name": "02-3 East Bank", "name20": "02-3 East Bank", "GEOID20": "47081004204"}, "geometry": {"type": "Point", "coordinates": [-87.32677923703173, 35.8887065]}}, {"type": "Feature", "properties": {"county_nam": "Hickman", "county_norm": "HICKMAN", "prec_id": "004202", "precinct_norm": "HICKMAN - 004202", "precinct_name": "Hickman - 004202", "precinct_full_name": "03-1 East Community Center", "name20": "03-1 East Community Center", "GEOID20": "47081004202"}, "geometry": {"type": "Point", "coordinates": [-87.35459299870837, 35.942513]}}, {"type": "Feature", "properties": {"county_nam": "Hickman", "county_norm": "HICKMAN", "prec_id": "004203", "precinct_norm": "HICKMAN - 004203", "precinct_name": "Hickman - 004203", "precinct_full_name": "04-1 Lake Benson Camp", "name20": "04-1 Lake Benson Camp", "GEOID20": "47081004203"}, "geometry": {"type": "Point", "coordinates": [-87.2434021161832, 35.9167235]}}, {"type": "Feature", "properties": {"county_nam": "Hickman", "county_norm": "HICKMAN", "prec_id": "004206", "precinct_norm": "HICKMAN - 004206", "precinct_name": "Hickman - 004206", "precinct_full_name": "05-1 Mt. Pleasant", "name20": "05-1 Mt. Pleasant", "GEOID20": "47081004206"}, "geometry": {"type": "Point", "coordinates": [-87.28027816136162, 35.83543]}}, {"type": "Feature", "properties": {"county_nam": "Hickman", "county_norm": "HICKMAN", "prec_id": "004207", "precinct_norm": "HICKMAN - 004207", "precinct_name": "Hickman - 004207", "precinct_full_name": "05-2 Middle School", "name20": "05-2 Middle School", "GEOID20": "47081004207"}, "geometry": {"type": "Point", "coordinates": [-87.37507016319582, 35.802496000000005]}}, {"type": "Feature", "properties": {"county_nam": "Hickman", "county_norm": "HICKMAN", "prec_id": "004210", "precinct_norm": "HICKMAN - 004210", "precinct_name": "Hickman - 004210", "precinct_full_name": "07-3 Brushy", "name20": "07-3 Brushy", "GEOID20": "47081004210"}, "geometry": {"type": "Point", "coordinates": [-87.47513223067655, 35.6997985]}}, {"type": "Feature", "properties": {"county_nam": "Hickman", "county_norm": "HICKMAN", "prec_id": "004213", "precinct_norm": "HICKMAN - 004213", "precinct_name": "Hickman - 004213", "precinct_full_name": "07-1 Nunnelly", "name20": "07-1 Nunnelly", "GEOID20": "47081004213"}, "geometry": {"type": "Point", "coordinates": [-87.50408650857318, 35.8174285]}}, {"type": "Feature", "properties": {"county_nam": "Hickman", "county_norm": "HICKMAN", "prec_id": "004211", "precinct_norm": "HICKMAN - 004211", "precinct_name": "Hickman - 004211", "precinct_full_name": "07-2 Pleasantville", "name20": "07-2 Pleasantville", "GEOID20": "47081004211"}, "geometry": {"type": "Point", "coordinates": [-87.67290139714453, 35.6857355]}}, {"type": "Feature", "properties": {"county_nam": "Hickman", "county_norm": "HICKMAN", "prec_id": "004214", "precinct_norm": "HICKMAN - 004214", "precinct_name": "Hickman - 004214", "precinct_full_name": "07-4 Coble", "name20": "07-4 Coble", "GEOID20": "47081004214"}, "geometry": {"type": "Point", "coordinates": [-87.65365724579398, 35.781566]}}, {"type": "Feature", "properties": {"county_nam": "Hickman", "county_norm": "HICKMAN", "prec_id": "004208", "precinct_norm": "HICKMAN - 004208", "precinct_name": "Hickman - 004208", "precinct_full_name": "05-3 Shady Grove", "name20": "05-3 Shady Grove", "GEOID20": "47081004208"}, "geometry": {"type": "Point", "coordinates": [-87.31202527672238, 35.7424965]}}, {"type": "Feature", "properties": {"county_nam": "Hickman", "county_norm": "HICKMAN", "prec_id": "004209", "precinct_norm": "HICKMAN - 004209", "precinct_name": "Hickman - 004209", "precinct_full_name": "06-1 Justice Center", "name20": "06-1 Justice Center", "GEOID20": "47081004209"}, "geometry": {"type": "Point", "coordinates": [-87.50599470533307, 35.792708]}}, {"type": "Feature", "properties": {"county_nam": "Dickson", "county_norm": "DICKSON", "prec_id": "002262", "precinct_norm": "DICKSON - 002262", "precinct_name": "Dickson - 002262", "precinct_full_name": "1-2 Sylvia Baptist Church", "name20": "1-2 Sylvia Baptist Church", "GEOID20": "47043002262"}, "geometry": {"type": "Point", "coordinates": [-87.40698453886012, 36.185102]}}, {"type": "Feature", "properties": {"county_nam": "Dickson", "county_norm": "DICKSON", "prec_id": "002263", "precinct_norm": "DICKSON - 002263", "precinct_name": "Dickson - 002263", "precinct_full_name": "1-1 Charlotte Fagan UMC", "name20": "1-1 Charlotte Fagan UMC", "GEOID20": "47043002263"}, "geometry": {"type": "Point", "coordinates": [-87.30863193764108, 36.1776395]}}, {"type": "Feature", "properties": {"county_nam": "Dickson", "county_norm": "DICKSON", "prec_id": "002257", "precinct_norm": "DICKSON - 002257", "precinct_name": "Dickson - 002257", "precinct_full_name": "2-2 TN City Fire Hall", "name20": "2-2 TN City Fire Hall", "GEOID20": "47043002257"}, "geometry": {"type": "Point", "coordinates": [-87.50277381903624, 36.053222000000005]}}, {"type": "Feature", "properties": {"county_nam": "Dickson", "county_norm": "DICKSON", "prec_id": "002256", "precinct_norm": "DICKSON - 002256", "precinct_name": "Dickson - 002256", "precinct_full_name": "2-1 Eno Community Center", "name20": "2-1 Eno Community Center", "GEOID20": "47043002256"}, "geometry": {"type": "Point", "coordinates": [-87.44419422604037, 36.0331925]}}, {"type": "Feature", "properties": {"county_nam": "Dickson", "county_norm": "DICKSON", "prec_id": "002267", "precinct_norm": "DICKSON - 002267", "precinct_name": "Dickson - 002267", "precinct_full_name": "8-1 Senior Citizens", "name20": "8-1 Senior Citizens", "GEOID20": "47043002267"}, "geometry": {"type": "Point", "coordinates": [-87.39211252444701, 36.069106500000004]}}, {"type": "Feature", "properties": {"county_nam": "Dickson", "county_norm": "DICKSON", "prec_id": "002264", "precinct_norm": "DICKSON - 002264", "precinct_name": "Dickson - 002264", "precinct_full_name": "9-1 Restoration Church", "name20": "9-1 Restoration Church", "GEOID20": "47043002264"}, "geometry": {"type": "Point", "coordinates": [-87.41899450347705, 36.115652]}}, {"type": "Feature", "properties": {"county_nam": "Dickson", "county_norm": "DICKSON", "prec_id": "002260", "precinct_norm": "DICKSON - 002260", "precinct_name": "Dickson - 002260", "precinct_full_name": "4-1 Jackson Chapel", "name20": "4-1 Jackson Chapel", "GEOID20": "47043002260"}, "geometry": {"type": "Point", "coordinates": [-87.26985154454546, 36.254161499999995]}}, {"type": "Feature", "properties": {"county_nam": "Dickson", "county_norm": "DICKSON", "prec_id": "002259", "precinct_norm": "DICKSON - 002259", "precinct_name": "Dickson - 002259", "precinct_full_name": "3-2 Vanleer Town Hall", "name20": "3-2 Vanleer Town Hall", "GEOID20": "47043002259"}, "geometry": {"type": "Point", "coordinates": [-87.43929819705157, 36.2680995]}}, {"type": "Feature", "properties": {"county_nam": "Dickson", "county_norm": "DICKSON", "prec_id": "002265", "precinct_norm": "DICKSON - 002265", "precinct_name": "Dickson - 002265", "precinct_full_name": "10-1 First Baptist Church", "name20": "10-1 First Baptist Church", "GEOID20": "47043002265"}, "geometry": {"type": "Point", "coordinates": [-87.3179352153025, 36.0964325]}}, {"type": "Feature", "properties": {"county_nam": "Dickson", "county_norm": "DICKSON", "prec_id": "002258", "precinct_norm": "DICKSON - 002258", "precinct_name": "Dickson - 002258", "precinct_full_name": "3-1 Calvary Chapel", "name20": "3-1 Calvary Chapel", "GEOID20": "47043002258"}, "geometry": {"type": "Point", "coordinates": [-87.51101387838574, 36.15363]}}, {"type": "Feature", "properties": {"county_nam": "Dickson", "county_norm": "DICKSON", "prec_id": "002261", "precinct_norm": "DICKSON - 002261", "precinct_name": "Dickson - 002261", "precinct_full_name": "5-1 White Bluff Civic Center", "name20": "5-1 White Bluff Civic Center", "GEOID20": "47043002261"}, "geometry": {"type": "Point", "coordinates": [-87.22269849830072, 36.164305]}}, {"type": "Feature", "properties": {"county_nam": "Dickson", "county_norm": "DICKSON", "prec_id": "002252", "precinct_norm": "DICKSON - 002252", "precinct_name": "Dickson - 002252", "precinct_full_name": "6-1 Burns Church of Christ", "name20": "6-1 Burns Church of Christ", "GEOID20": "47043002252"}, "geometry": {"type": "Point", "coordinates": [-87.28170610887949, 36.027246]}}, {"type": "Feature", "properties": {"county_nam": "Dickson", "county_norm": "DICKSON", "prec_id": "002251", "precinct_norm": "DICKSON - 002251", "precinct_name": "Dickson - 002251", "precinct_full_name": "6-2 Porter Community Center", "name20": "6-2 Porter Community Center", "GEOID20": "47043002251"}, "geometry": {"type": "Point", "coordinates": [-87.25468837350886, 35.9947095]}}, {"type": "Feature", "properties": {"county_nam": "Dickson", "county_norm": "DICKSON", "prec_id": "002266", "precinct_norm": "DICKSON - 002266", "precinct_name": "Dickson - 002266", "precinct_full_name": "11-1 Tennsco Community Center", "name20": "11-1 Tennsco Community Center", "GEOID20": "47043002266"}, "geometry": {"type": "Point", "coordinates": [-87.34809110418216, 36.060725]}}, {"type": "Feature", "properties": {"county_nam": "Dickson", "county_norm": "DICKSON", "prec_id": "002253", "precinct_norm": "DICKSON - 002253", "precinct_name": "Dickson - 002253", "precinct_full_name": "12-2 Greater Things Baptist Church", "name20": "12-2 Greater Things Baptist Church", "GEOID20": "47043002253"}, "geometry": {"type": "Point", "coordinates": [-87.2400780504935, 36.049212999999995]}}, {"type": "Feature", "properties": {"county_nam": "Dickson", "county_norm": "DICKSON", "prec_id": "002254", "precinct_norm": "DICKSON - 002254", "precinct_name": "Dickson - 002254", "precinct_full_name": "12-1 White Bluff Community Center", "name20": "12-1 White Bluff Community Center", "GEOID20": "47043002254"}, "geometry": {"type": "Point", "coordinates": [-87.21661025697448, 36.083458]}}, {"type": "Feature", "properties": {"county_nam": "Dickson", "county_norm": "DICKSON", "prec_id": "002255", "precinct_norm": "DICKSON - 002255", "precinct_name": "Dickson - 002255", "precinct_full_name": "7-1 Pomona Baptist Church", "name20": "7-1 Pomona Baptist Church", "GEOID20": "47043002255"}, "geometry": {"type": "Point", "coordinates": [-87.37203370515695, 36.013379]}}, {"type": "Feature", "properties": {"county_nam": "Van Buren", "county_norm": "VAN BUREN", "prec_id": "009101", "precinct_norm": "VAN BUREN - 009101", "precinct_name": "Van Buren - 009101", "precinct_full_name": "Cedar Grove Community Cntr.", "name20": "Cedar Grove Community Cntr.", "GEOID20": "47175009101"}, "geometry": {"type": "Point", "coordinates": [-85.55543797916667, 35.7481985]}}, {"type": "Feature", "properties": {"county_nam": "Van Buren", "county_norm": "VAN BUREN", "prec_id": "009104", "precinct_norm": "VAN BUREN - 009104", "precinct_name": "Van Buren - 009104", "precinct_full_name": "Spencer 1", "name20": "Spencer 1", "GEOID20": "47175009104"}, "geometry": {"type": "Point", "coordinates": [-85.43245293233699, 35.7610265]}}, {"type": "Feature", "properties": {"county_nam": "Van Buren", "county_norm": "VAN BUREN", "prec_id": "009106", "precinct_norm": "VAN BUREN - 009106", "precinct_name": "Van Buren - 009106", "precinct_full_name": "Cummingsville Community Cntr", "name20": "Cummingsville Community Cntr", "GEOID20": "47175009106"}, "geometry": {"type": "Point", "coordinates": [-85.5038696222355, 35.782601]}}, {"type": "Feature", "properties": {"county_nam": "Van Buren", "county_norm": "VAN BUREN", "prec_id": "009105", "precinct_norm": "VAN BUREN - 009105", "precinct_name": "Van Buren - 009105", "precinct_full_name": "Spencer 5", "name20": "Spencer 5", "GEOID20": "47175009105"}, "geometry": {"type": "Point", "coordinates": [-85.46633507509542, 35.7213025]}}, {"type": "Feature", "properties": {"county_nam": "Van Buren", "county_norm": "VAN BUREN", "prec_id": "009103", "precinct_norm": "VAN BUREN - 009103", "precinct_name": "Van Buren - 009103", "precinct_full_name": "Fall Creek Falls Comm. Center", "name20": "Fall Creek Falls Comm. Center", "GEOID20": "47175009103"}, "geometry": {"type": "Point", "coordinates": [-85.32715330215254, 35.723901]}}, {"type": "Feature", "properties": {"county_nam": "Van Buren", "county_norm": "VAN BUREN", "prec_id": "009102", "precinct_norm": "VAN BUREN - 009102", "precinct_name": "Van Buren - 009102", "precinct_full_name": "Piney Fire Hall", "name20": "Piney Fire Hall", "GEOID20": "47175009102"}, "geometry": {"type": "Point", "coordinates": [-85.44651932944515, 35.631721]}}, {"type": "Feature", "properties": {"county_nam": "Van Buren", "county_norm": "VAN BUREN", "prec_id": "009107", "precinct_norm": "VAN BUREN - 009107", "precinct_name": "Van Buren - 009107", "precinct_full_name": "White Hill Community Cntr.", "name20": "White Hill Community Cntr.", "GEOID20": "47175009107"}, "geometry": {"type": "Point", "coordinates": [-85.56243079771903, 35.629831499999995]}}, {"type": "Feature", "properties": {"county_nam": "Chester", "county_norm": "CHESTER", "prec_id": "001108", "precinct_norm": "CHESTER - 001108", "precinct_name": "Chester - 001108", "precinct_full_name": "1-2 Enville", "name20": "1-2 Enville", "GEOID20": "47023001108"}, "geometry": {"type": "Point", "coordinates": [-88.43079228112418, 35.4343415]}}, {"type": "Feature", "properties": {"county_nam": "Chester", "county_norm": "CHESTER", "prec_id": "001104", "precinct_norm": "CHESTER - 001104", "precinct_name": "Chester - 001104", "precinct_full_name": "1-5 Sweet Lips", "name20": "1-5 Sweet Lips", "GEOID20": "47023001104"}, "geometry": {"type": "Point", "coordinates": [-88.54113483465204, 35.405981499999996]}}, {"type": "Feature", "properties": {"county_nam": "Chester", "county_norm": "CHESTER", "prec_id": "001109", "precinct_norm": "CHESTER - 001109", "precinct_name": "Chester - 001109", "precinct_full_name": "1-6 Harmony", "name20": "1-6 Harmony", "GEOID20": "47023001109"}, "geometry": {"type": "Point", "coordinates": [-88.62248906126356, 35.395876]}}, {"type": "Feature", "properties": {"county_nam": "Clay", "county_norm": "CLAY", "prec_id": "001303", "precinct_norm": "CLAY - 001303", "precinct_name": "Clay - 001303", "precinct_full_name": "1 Dentons Cross Roads", "name20": "1 Dentons Cross Roads", "GEOID20": "47027001303"}, "geometry": {"type": "Point", "coordinates": [-85.65738403134675, 36.554328999999996]}}, {"type": "Feature", "properties": {"county_nam": "Clay", "county_norm": "CLAY", "prec_id": "001307", "precinct_norm": "CLAY - 001307", "precinct_name": "Clay - 001307", "precinct_full_name": "2 Hermitage Springs", "name20": "2 Hermitage Springs", "GEOID20": "47027001307"}, "geometry": {"type": "Point", "coordinates": [-85.75516704921422, 36.5597545]}}, {"type": "Feature", "properties": {"county_nam": "Clay", "county_norm": "CLAY", "prec_id": "001302", "precinct_norm": "CLAY - 001302", "precinct_name": "Clay - 001302", "precinct_full_name": "5-1 Arcot/Beech Bethany", "name20": "5-1 Arcot/Beech Bethany", "GEOID20": "47027001302"}, "geometry": {"type": "Point", "coordinates": [-85.56536282662742, 36.5469285]}}, {"type": "Feature", "properties": {"county_nam": "Clay", "county_norm": "CLAY", "prec_id": "001304", "precinct_norm": "CLAY - 001304", "precinct_name": "Clay - 001304", "precinct_full_name": "5-2 Pea Ridge", "name20": "5-2 Pea Ridge", "GEOID20": "47027001304"}, "geometry": {"type": "Point", "coordinates": [-85.4361393853755, 36.585462]}}, {"type": "Feature", "properties": {"county_nam": "Clay", "county_norm": "CLAY", "prec_id": "001305", "precinct_norm": "CLAY - 001305", "precinct_name": "Clay - 001305", "precinct_full_name": "3 Celina", "name20": "3 Celina", "GEOID20": "47027001305"}, "geometry": {"type": "Point", "coordinates": [-85.49114300984796, 36.562834]}}, {"type": "Feature", "properties": {"county_nam": "Clay", "county_norm": "CLAY", "prec_id": "001301", "precinct_norm": "CLAY - 001301", "precinct_name": "Clay - 001301", "precinct_full_name": "4-1 Maple Grove", "name20": "4-1 Maple Grove", "GEOID20": "47027001301"}, "geometry": {"type": "Point", "coordinates": [-85.32785145380849, 36.57020249999999]}}, {"type": "Feature", "properties": {"county_nam": "Clay", "county_norm": "CLAY", "prec_id": "001306", "precinct_norm": "CLAY - 001306", "precinct_name": "Clay - 001306", "precinct_full_name": "4-2 Butlers Landing", "name20": "4-2 Butlers Landing", "GEOID20": "47027001306"}, "geometry": {"type": "Point", "coordinates": [-85.53418324347322, 36.4831]}}, {"type": "Feature", "properties": {"county_nam": "Stewart", "county_norm": "STEWART", "prec_id": "008404", "precinct_norm": "STEWART - 008404", "precinct_name": "Stewart - 008404", "precinct_full_name": "1-1 Indian Mound", "name20": "1-1 Indian Mound", "GEOID20": "47161008404"}, "geometry": {"type": "Point", "coordinates": [-87.67304766594454, 36.4757225]}}, {"type": "Feature", "properties": {"county_nam": "Stewart", "county_norm": "STEWART", "prec_id": "008401", "precinct_norm": "STEWART - 008401", "precinct_name": "Stewart - 008401", "precinct_full_name": "2-1 Big Rock", "name20": "2-1 Big Rock", "GEOID20": "47161008401"}, "geometry": {"type": "Point", "coordinates": [-87.70889791498317, 36.5789765]}}, {"type": "Feature", "properties": {"county_nam": "Stewart", "county_norm": "STEWART", "prec_id": "008407", "precinct_norm": "STEWART - 008407", "precinct_name": "Stewart - 008407", "precinct_full_name": "7-1 Cumberland City", "name20": "7-1 Cumberland City", "GEOID20": "47161008407"}, "geometry": {"type": "Point", "coordinates": [-87.76573988300491, 36.399728999999994]}}, {"type": "Feature", "properties": {"county_nam": "Stewart", "county_norm": "STEWART", "prec_id": "008403", "precinct_norm": "STEWART - 008403", "precinct_name": "Stewart - 008403", "precinct_full_name": "3-1 Bumpus Mills", "name20": "3-1 Bumpus Mills", "GEOID20": "47161008403"}, "geometry": {"type": "Point", "coordinates": [-87.85621860118407, 36.608391499999996]}}, {"type": "Feature", "properties": {"county_nam": "Stewart", "county_norm": "STEWART", "prec_id": "008405", "precinct_norm": "STEWART - 008405", "precinct_name": "Stewart - 008405", "precinct_full_name": "5-1 Visitors Center", "name20": "5-1 Visitors Center", "GEOID20": "47161008405"}, "geometry": {"type": "Point", "coordinates": [-87.94877783758193, 36.408939000000004]}}, {"type": "Feature", "properties": {"county_nam": "Stewart", "county_norm": "STEWART", "prec_id": "008402", "precinct_norm": "STEWART - 008402", "precinct_name": "Stewart - 008402", "precinct_full_name": "4-1 Family Life Center", "name20": "4-1 Family Life Center", "GEOID20": "47161008402"}, "geometry": {"type": "Point", "coordinates": [-87.96175686490047, 36.5612065]}}, {"type": "Feature", "properties": {"county_nam": "Stewart", "county_norm": "STEWART", "prec_id": "008406", "precinct_norm": "STEWART - 008406", "precinct_name": "Stewart - 008406", "precinct_full_name": "6-1 County Library", "name20": "6-1 County Library", "GEOID20": "47161008406"}, "geometry": {"type": "Point", "coordinates": [-87.82009413502674, 36.458855]}}, {"type": "Feature", "properties": {"county_nam": "Chester", "county_norm": "CHESTER", "prec_id": "001101", "precinct_norm": "CHESTER - 001101", "precinct_name": "Chester - 001101", "precinct_full_name": "2-2 Friendship", "name20": "2-2 Friendship", "GEOID20": "47023001101"}, "geometry": {"type": "Point", "coordinates": [-88.59335775210627, 35.517154500000004]}}, {"type": "Feature", "properties": {"county_nam": "Chester", "county_norm": "CHESTER", "prec_id": "001107", "precinct_norm": "CHESTER - 001107", "precinct_name": "Chester - 001107", "precinct_full_name": "2-1 Jacks Creek", "name20": "2-1 Jacks Creek", "GEOID20": "47023001107"}, "geometry": {"type": "Point", "coordinates": [-88.49750799213359, 35.4810555]}}, {"type": "Feature", "properties": {"county_nam": "Chester", "county_norm": "CHESTER", "prec_id": "001106", "precinct_norm": "CHESTER - 001106", "precinct_name": "Chester - 001106", "precinct_full_name": "6-1 City Hall", "name20": "6-1 City Hall", "GEOID20": "47023001106"}, "geometry": {"type": "Point", "coordinates": [-88.64880688715655, 35.423548]}}, {"type": "Feature", "properties": {"county_nam": "Chester", "county_norm": "CHESTER", "prec_id": "001103", "precinct_norm": "CHESTER - 001103", "precinct_name": "Chester - 001103", "precinct_full_name": "3-2 Montezuma", "name20": "3-2 Montezuma", "GEOID20": "47023001103"}, "geometry": {"type": "Point", "coordinates": [-88.70990735449347, 35.3634625]}}, {"type": "Feature", "properties": {"county_nam": "Chester", "county_norm": "CHESTER", "prec_id": "001111", "precinct_norm": "CHESTER - 001111", "precinct_name": "Chester - 001111", "precinct_full_name": "3-4 Masseyville", "name20": "3-4 Masseyville", "GEOID20": "47023001111"}, "geometry": {"type": "Point", "coordinates": [-88.74224598448384, 35.3017755]}}, {"type": "Feature", "properties": {"county_nam": "Chester", "county_norm": "CHESTER", "prec_id": "001102", "precinct_norm": "CHESTER - 001102", "precinct_name": "Chester - 001102", "precinct_full_name": "4-1 West Chester School", "name20": "4-1 West Chester School", "GEOID20": "47023001102"}, "geometry": {"type": "Point", "coordinates": [-88.71569234104567, 35.443017499999996]}}, {"type": "Feature", "properties": {"county_nam": "Chester", "county_norm": "CHESTER", "prec_id": "001110", "precinct_norm": "CHESTER - 001110", "precinct_name": "Chester - 001110", "precinct_full_name": "3-6 Deanburg", "name20": "3-6 Deanburg", "GEOID20": "47023001110"}, "geometry": {"type": "Point", "coordinates": [-88.8058115118004, 35.399292]}}, {"type": "Feature", "properties": {"county_nam": "Chester", "county_norm": "CHESTER", "prec_id": "001105", "precinct_norm": "CHESTER - 001105", "precinct_name": "Chester - 001105", "precinct_full_name": "5-1 East Chester School", "name20": "5-1 East Chester School", "GEOID20": "47023001105"}, "geometry": {"type": "Point", "coordinates": [-88.6204726208002, 35.4747165]}}, {"type": "Feature", "properties": {"county_nam": "Cannon", "county_norm": "CANNON", "prec_id": "000701", "precinct_norm": "CANNON - 000701", "precinct_name": "Cannon - 000701", "precinct_full_name": "Westside", "name20": "Westside", "GEOID20": "47015000701"}, "geometry": {"type": "Point", "coordinates": [-86.12082681795717, 35.7749615]}}, {"type": "Feature", "properties": {"county_nam": "Cannon", "county_norm": "CANNON", "prec_id": "000702", "precinct_norm": "CANNON - 000702", "precinct_name": "Cannon - 000702", "precinct_full_name": "Gassaway", "name20": "Gassaway", "GEOID20": "47015000702"}, "geometry": {"type": "Point", "coordinates": [-86.01800708528049, 35.921912500000005]}}, {"type": "Feature", "properties": {"county_nam": "Cannon", "county_norm": "CANNON", "prec_id": "000708", "precinct_norm": "CANNON - 000708", "precinct_name": "Cannon - 000708", "precinct_full_name": "2 Short Mountain", "name20": "2 Short Mountain", "GEOID20": "47015000708"}, "geometry": {"type": "Point", "coordinates": [-85.96725374441642, 35.8773165]}}, {"type": "Feature", "properties": {"county_nam": "Cannon", "county_norm": "CANNON", "prec_id": "000706", "precinct_norm": "CANNON - 000706", "precinct_name": "Cannon - 000706", "precinct_full_name": "Auburntown", "name20": "Auburntown", "GEOID20": "47015000706"}, "geometry": {"type": "Point", "coordinates": [-86.10955283199337, 35.921709]}}, {"type": "Feature", "properties": {"county_nam": "Cannon", "county_norm": "CANNON", "prec_id": "000707", "precinct_norm": "CANNON - 000707", "precinct_name": "Cannon - 000707", "precinct_full_name": "Pleasant Ridge", "name20": "Pleasant Ridge", "GEOID20": "47015000707"}, "geometry": {"type": "Point", "coordinates": [-86.04413975060663, 35.8432315]}}, {"type": "Feature", "properties": {"county_nam": "Cannon", "county_norm": "CANNON", "prec_id": "000704", "precinct_norm": "CANNON - 000704", "precinct_name": "Cannon - 000704", "precinct_full_name": "Eastside", "name20": "Eastside", "GEOID20": "47015000704"}, "geometry": {"type": "Point", "coordinates": [-85.99738940232487, 35.779909]}}, {"type": "Feature", "properties": {"county_nam": "Cannon", "county_norm": "CANNON", "prec_id": "000709", "precinct_norm": "CANNON - 000709", "precinct_name": "Cannon - 000709", "precinct_full_name": "4 Short Mountain", "name20": "4 Short Mountain", "GEOID20": "47015000709"}, "geometry": {"type": "Point", "coordinates": [-85.94301398990277, 35.831378]}}, {"type": "Feature", "properties": {"county_nam": "Cannon", "county_norm": "CANNON", "prec_id": "000703", "precinct_norm": "CANNON - 000703", "precinct_name": "Cannon - 000703", "precinct_full_name": "Woodland", "name20": "Woodland", "GEOID20": "47015000703"}, "geometry": {"type": "Point", "coordinates": [-86.05408838878103, 35.7044665]}}, {"type": "Feature", "properties": {"county_nam": "Cannon", "county_norm": "CANNON", "prec_id": "000705", "precinct_norm": "CANNON - 000705", "precinct_name": "Cannon - 000705", "precinct_full_name": "Woodbury", "name20": "Woodbury", "GEOID20": "47015000705"}, "geometry": {"type": "Point", "coordinates": [-86.0705712413259, 35.8249445]}}, {"type": "Feature", "properties": {"county_nam": "McNairy", "county_norm": "MCNAIRY", "prec_id": "006159", "precinct_norm": "MCNAIRY - 006159", "precinct_name": "McNairy - 006159", "precinct_full_name": "1 Finger", "name20": "1 Finger", "GEOID20": "47109006159"}, "geometry": {"type": "Point", "coordinates": [-88.56432799949341, 35.3372325]}}, {"type": "Feature", "properties": {"county_nam": "McNairy", "county_norm": "MCNAIRY", "prec_id": "006154", "precinct_norm": "MCNAIRY - 006154", "precinct_name": "McNairy - 006154", "precinct_full_name": "1 McNairy", "name20": "1 McNairy", "GEOID20": "47109006154"}, "geometry": {"type": "Point", "coordinates": [-88.6169240874126, 35.304429999999996]}}, {"type": "Feature", "properties": {"county_nam": "McNairy", "county_norm": "MCNAIRY", "prec_id": "006158", "precinct_norm": "MCNAIRY - 006158", "precinct_name": "McNairy - 006158", "precinct_full_name": "1 Bethel Springs", "name20": "1 Bethel Springs", "GEOID20": "47109006158"}, "geometry": {"type": "Point", "coordinates": [-88.60340947596154, 35.2461415]}}, {"type": "Feature", "properties": {"county_nam": "McNairy", "county_norm": "MCNAIRY", "prec_id": "006151", "precinct_norm": "MCNAIRY - 006151", "precinct_name": "McNairy - 006151", "precinct_full_name": "2 Adamsville", "name20": "2 Adamsville", "GEOID20": "47109006151"}, "geometry": {"type": "Point", "coordinates": [-88.39203177964008, 35.284059]}}, {"type": "Feature", "properties": {"county_nam": "McNairy", "county_norm": "MCNAIRY", "prec_id": "006162", "precinct_norm": "MCNAIRY - 006162", "precinct_name": "McNairy - 006162", "precinct_full_name": "2 Lawton", "name20": "2 Lawton", "GEOID20": "47109006162"}, "geometry": {"type": "Point", "coordinates": [-88.45070179262177, 35.2102105]}}, {"type": "Feature", "properties": {"county_nam": "McNairy", "county_norm": "MCNAIRY", "prec_id": "006153", "precinct_norm": "MCNAIRY - 006153", "precinct_name": "McNairy - 006153", "precinct_full_name": "3 North East Selmer", "name20": "3 North East Selmer", "GEOID20": "47109006153"}, "geometry": {"type": "Point", "coordinates": [-88.55281342616959, 35.1890535]}}, {"type": "Feature", "properties": {"county_nam": "McNairy", "county_norm": "MCNAIRY", "prec_id": "006160", "precinct_norm": "MCNAIRY - 006160", "precinct_name": "McNairy - 006160", "precinct_full_name": "3 Leapwood", "name20": "3 Leapwood", "GEOID20": "47109006160"}, "geometry": {"type": "Point", "coordinates": [-88.47483630376345, 35.312818500000006]}}, {"type": "Feature", "properties": {"county_nam": "McNairy", "county_norm": "MCNAIRY", "prec_id": "006161", "precinct_norm": "MCNAIRY - 006161", "precinct_name": "McNairy - 006161", "precinct_full_name": "3 Purdy", "name20": "3 Purdy", "GEOID20": "47109006161"}, "geometry": {"type": "Point", "coordinates": [-88.50287558097165, 35.2496635]}}, {"type": "Feature", "properties": {"county_nam": "McNairy", "county_norm": "MCNAIRY", "prec_id": "006164", "precinct_norm": "MCNAIRY - 006164", "precinct_name": "McNairy - 006164", "precinct_full_name": "5 East View", "name20": "5 East View", "GEOID20": "47109006164"}, "geometry": {"type": "Point", "coordinates": [-88.53500713026608, 35.0830305]}}, {"type": "Feature", "properties": {"county_nam": "McNairy", "county_norm": "MCNAIRY", "prec_id": "006155", "precinct_norm": "MCNAIRY - 006155", "precinct_name": "McNairy - 006155", "precinct_full_name": "5 Ramer", "name20": "5 Ramer", "GEOID20": "47109006155"}, "geometry": {"type": "Point", "coordinates": [-88.61048273908204, 35.0651125]}}, {"type": "Feature", "properties": {"county_nam": "McNairy", "county_norm": "MCNAIRY", "prec_id": "006165", "precinct_norm": "MCNAIRY - 006165", "precinct_name": "McNairy - 006165", "precinct_full_name": "5 Guys", "name20": "5 Guys", "GEOID20": "47109006165"}, "geometry": {"type": "Point", "coordinates": [-88.54945794907906, 35.023216500000004]}}, {"type": "Feature", "properties": {"county_nam": "McNairy", "county_norm": "MCNAIRY", "prec_id": "006157", "precinct_norm": "MCNAIRY - 006157", "precinct_name": "McNairy - 006157", "precinct_full_name": "7 Michie", "name20": "7 Michie", "GEOID20": "47109006157"}, "geometry": {"type": "Point", "coordinates": [-88.44874045443319, 35.063939000000005]}}, {"type": "Feature", "properties": {"county_nam": "McNairy", "county_norm": "MCNAIRY", "prec_id": "006166", "precinct_norm": "MCNAIRY - 006166", "precinct_name": "McNairy - 006166", "precinct_full_name": "5 Cypress", "name20": "5 Cypress", "GEOID20": "47109006166"}, "geometry": {"type": "Point", "coordinates": [-88.7219098828846, 35.0641665]}}, {"type": "Feature", "properties": {"county_nam": "McNairy", "county_norm": "MCNAIRY", "prec_id": "006163", "precinct_norm": "MCNAIRY - 006163", "precinct_name": "McNairy - 006163", "precinct_full_name": "7 Stantonville", "name20": "7 Stantonville", "GEOID20": "47109006163"}, "geometry": {"type": "Point", "coordinates": [-88.41829625520833, 35.1550525]}}, {"type": "Feature", "properties": {"county_nam": "McNairy", "county_norm": "MCNAIRY", "prec_id": "006152", "precinct_norm": "MCNAIRY - 006152", "precinct_name": "McNairy - 006152", "precinct_full_name": "4 Rose Creek", "name20": "4 Rose Creek", "GEOID20": "47109006152"}, "geometry": {"type": "Point", "coordinates": [-88.71750137811495, 35.1855705]}}, {"type": "Feature", "properties": {"county_nam": "McNairy", "county_norm": "MCNAIRY", "prec_id": "006167", "precinct_norm": "MCNAIRY - 006167", "precinct_name": "McNairy - 006167", "precinct_full_name": "4 North Selmer", "name20": "4 North Selmer", "GEOID20": "47109006167"}, "geometry": {"type": "Point", "coordinates": [-88.63615817130344, 35.1621065]}}, {"type": "Feature", "properties": {"county_nam": "McNairy", "county_norm": "MCNAIRY", "prec_id": "006156", "precinct_norm": "MCNAIRY - 006156", "precinct_name": "McNairy - 006156", "precinct_full_name": "6 Courthouse SE", "name20": "6 Courthouse SE", "GEOID20": "47109006156"}, "geometry": {"type": "Point", "coordinates": [-88.53388084196483, 35.143223]}}, {"type": "Feature", "properties": {"county_nam": "Coffee", "county_norm": "COFFEE", "prec_id": "001501", "precinct_norm": "COFFEE - 001501", "precinct_name": "Coffee - 001501", "precinct_full_name": "01 Ada Right Center", "name20": "01 Ada Right Center", "GEOID20": "47031001501"}, "geometry": {"type": "Point", "coordinates": [-86.08117477656019, 35.490833]}}, {"type": "Feature", "properties": {"county_nam": "Coffee", "county_norm": "COFFEE", "prec_id": "001502", "precinct_norm": "COFFEE - 001502", "precinct_name": "Coffee - 001502", "precinct_full_name": "02 Saint Paul United Methodist Church", "name20": "02 Saint Paul United Methodist Church", "GEOID20": "47031001502"}, "geometry": {"type": "Point", "coordinates": [-86.09213465115101, 35.467716499999995]}}, {"type": "Feature", "properties": {"county_nam": "Coffee", "county_norm": "COFFEE", "prec_id": "001520", "precinct_norm": "COFFEE - 001520", "precinct_name": "Coffee - 001520", "precinct_full_name": "20 Coffee County Senior Citizens", "name20": "20 Coffee County Senior Citizens", "GEOID20": "47031001520"}, "geometry": {"type": "Point", "coordinates": [-86.22183904155523, 35.350562]}}, {"type": "Feature", "properties": {"county_nam": "Coffee", "county_norm": "COFFEE", "prec_id": "001503", "precinct_norm": "COFFEE - 001503", "precinct_name": "Coffee - 001503", "precinct_full_name": "03 Trinity Baptist Church", "name20": "03 Trinity Baptist Church", "GEOID20": "47031001503"}, "geometry": {"type": "Point", "coordinates": [-86.09149544699075, 35.4386165]}}, {"type": "Feature", "properties": {"county_nam": "Coffee", "county_norm": "COFFEE", "prec_id": "001504", "precinct_norm": "COFFEE - 001504", "precinct_name": "Coffee - 001504", "precinct_full_name": "04 First Baptist Church", "name20": "04 First Baptist Church", "GEOID20": "47031001504"}, "geometry": {"type": "Point", "coordinates": [-86.01310543275008, 35.459607]}}, {"type": "Feature", "properties": {"county_nam": "Coffee", "county_norm": "COFFEE", "prec_id": "001509", "precinct_norm": "COFFEE - 001509", "precinct_name": "Coffee - 001509", "precinct_full_name": "10 Mt. Ararat Baptist Church", "name20": "10 Mt. Ararat Baptist Church", "GEOID20": "47031001509"}, "geometry": {"type": "Point", "coordinates": [-86.19542776802507, 35.6272595]}}, {"type": "Feature", "properties": {"county_nam": "Coffee", "county_norm": "COFFEE", "prec_id": "001516", "precinct_norm": "COFFEE - 001516", "precinct_name": "Coffee - 001516", "precinct_full_name": "16 Lions Club", "name20": "16 Lions Club", "GEOID20": "47031001516"}, "geometry": {"type": "Point", "coordinates": [-86.19987665625314, 35.394940000000005]}}, {"type": "Feature", "properties": {"county_nam": "Coffee", "county_norm": "COFFEE", "prec_id": "001506", "precinct_norm": "COFFEE - 001506", "precinct_name": "Coffee - 001506", "precinct_full_name": "06 Tennessee Vocational Center", "name20": "06 Tennessee Vocational Center", "GEOID20": "47031001506"}, "geometry": {"type": "Point", "coordinates": [-86.02103347746478, 35.4244645]}}, {"type": "Feature", "properties": {"county_nam": "Coffee", "county_norm": "COFFEE", "prec_id": "001507", "precinct_norm": "COFFEE - 001507", "precinct_name": "Coffee - 001507", "precinct_full_name": "07 Forrest Mill Church of Christ Activity Center", "name20": "07 Forrest Mill Church of Christ Activity Center", "GEOID20": "47031001507"}, "geometry": {"type": "Point", "coordinates": [-85.9636631846258, 35.5145165]}}, {"type": "Feature", "properties": {"county_nam": "Coffee", "county_norm": "COFFEE", "prec_id": "001521", "precinct_norm": "COFFEE - 001521", "precinct_name": "Coffee - 001521", "precinct_full_name": "21 Wilson Avenue Church of Christ", "name20": "21 Wilson Avenue Church of Christ", "GEOID20": "47031001521"}, "geometry": {"type": "Point", "coordinates": [-86.23669923340961, 35.352757]}}, {"type": "Feature", "properties": {"county_nam": "Coffee", "county_norm": "COFFEE", "prec_id": "001505", "precinct_norm": "COFFEE - 001505", "precinct_name": "Coffee - 001505", "precinct_full_name": "05 Hillsboro Community Center", "name20": "05 Hillsboro Community Center", "GEOID20": "47031001505"}, "geometry": {"type": "Point", "coordinates": [-85.93775274101665, 35.391791999999995]}}, {"type": "Feature", "properties": {"county_nam": "Coffee", "county_norm": "COFFEE", "prec_id": "001510", "precinct_norm": "COFFEE - 001510", "precinct_name": "Coffee - 001510", "precinct_full_name": "11 Freedonia Community Center", "name20": "11 Freedonia Community Center", "GEOID20": "47031001510"}, "geometry": {"type": "Point", "coordinates": [-86.12444391532497, 35.547154]}}, {"type": "Feature", "properties": {"county_nam": "Coffee", "county_norm": "COFFEE", "prec_id": "001511", "precinct_norm": "COFFEE - 001511", "precinct_name": "Coffee - 001511", "precinct_full_name": "12 North Coffee Elementary School", "name20": "12 North Coffee Elementary School", "GEOID20": "47031001511"}, "geometry": {"type": "Point", "coordinates": [-86.17999215173106, 35.5248695]}}, {"type": "Feature", "properties": {"county_nam": "Coffee", "county_norm": "COFFEE", "prec_id": "001512", "precinct_norm": "COFFEE - 001512", "precinct_name": "Coffee - 001512", "precinct_full_name": "13-1 Blanton's Chapel Community Center", "name20": "13-1 Blanton's Chapel Community Center", "GEOID20": "47031001512"}, "geometry": {"type": "Point", "coordinates": [-86.17764214642858, 35.463798499999996]}}, {"type": "Feature", "properties": {"county_nam": "Coffee", "county_norm": "COFFEE", "prec_id": "001513", "precinct_norm": "COFFEE - 001513", "precinct_name": "Coffee - 001513", "precinct_full_name": "13-2 Grace Baptist Center", "name20": "13-2 Grace Baptist Center", "GEOID20": "47031001513"}, "geometry": {"type": "Point", "coordinates": [-86.21686620856848, 35.4338555]}}, {"type": "Feature", "properties": {"county_nam": "Coffee", "county_norm": "COFFEE", "prec_id": "001514", "precinct_norm": "COFFEE - 001514", "precinct_name": "Coffee - 001514", "precinct_full_name": "14 Hickerson Fire Hall", "name20": "14 Hickerson Fire Hall", "GEOID20": "47031001514"}, "geometry": {"type": "Point", "coordinates": [-86.09608472492135, 35.413492]}}, {"type": "Feature", "properties": {"county_nam": "Coffee", "county_norm": "COFFEE", "prec_id": "001515", "precinct_norm": "COFFEE - 001515", "precinct_name": "Coffee - 001515", "precinct_full_name": "15 Grace Baptist Church", "name20": "15 Grace Baptist Church", "GEOID20": "47031001515"}, "geometry": {"type": "Point", "coordinates": [-86.22021174981475, 35.388672]}}, {"type": "Feature", "properties": {"county_nam": "Coffee", "county_norm": "COFFEE", "prec_id": "001518", "precinct_norm": "COFFEE - 001518", "precinct_name": "Coffee - 001518", "precinct_full_name": "18 First Christian Church", "name20": "18 First Christian Church", "GEOID20": "47031001518"}, "geometry": {"type": "Point", "coordinates": [-86.23986108680937, 35.383759999999995]}}, {"type": "Feature", "properties": {"county_nam": "Coffee", "county_norm": "COFFEE", "prec_id": "001519", "precinct_norm": "COFFEE - 001519", "precinct_name": "Coffee - 001519", "precinct_full_name": "19 CD Stamps Center", "name20": "19 CD Stamps Center", "GEOID20": "47031001519"}, "geometry": {"type": "Point", "coordinates": [-86.19568267161716, 35.352933]}}, {"type": "Feature", "properties": {"county_nam": "Coffee", "county_norm": "COFFEE", "prec_id": "001508", "precinct_norm": "COFFEE - 001508", "precinct_name": "Coffee - 001508", "precinct_full_name": "08 New Union Fire Hall", "name20": "08 New Union Fire Hall", "GEOID20": "47031001508"}, "geometry": {"type": "Point", "coordinates": [-86.0492403611658, 35.563067000000004]}}, {"type": "Feature", "properties": {"county_nam": "Coffee", "county_norm": "COFFEE", "prec_id": "001517", "precinct_norm": "COFFEE - 001517", "precinct_name": "Coffee - 001517", "precinct_full_name": "17 National Guard Armory", "name20": "17 National Guard Armory", "GEOID20": "47031001517"}, "geometry": {"type": "Point", "coordinates": [-86.18579634228743, 35.3743535]}}, {"type": "Feature", "properties": {"county_nam": "Coffee", "county_norm": "COFFEE", "prec_id": "001523", "precinct_norm": "COFFEE - 001523", "precinct_name": "Coffee - 001523", "precinct_full_name": "9-2 Summitville Community Center", "name20": "9-2 Summitville Community Center", "GEOID20": "47031001523"}, "geometry": {"type": "Point", "coordinates": [-85.98310428325047, 35.576834000000005]}}, {"type": "Feature", "properties": {"county_nam": "Coffee", "county_norm": "COFFEE", "prec_id": "001522", "precinct_norm": "COFFEE - 001522", "precinct_name": "Coffee - 001522", "precinct_full_name": "9-1 Pocahontas Community Center", "name20": "9-1 Pocahontas Community Center", "GEOID20": "47031001522"}, "geometry": {"type": "Point", "coordinates": [-86.04243820547964, 35.6232885]}}, {"type": "Feature", "properties": {"county_nam": "Robertson", "county_norm": "ROBERTSON", "prec_id": "007557", "precinct_norm": "ROBERTSON - 007557", "precinct_name": "Robertson - 007557", "precinct_full_name": "6-1 Coopertown Middle School", "name20": "6-1 Coopertown Middle School", "GEOID20": "47147007557"}, "geometry": {"type": "Point", "coordinates": [-86.99176218983402, 36.412476999999996]}}, {"type": "Feature", "properties": {"county_nam": "Robertson", "county_norm": "ROBERTSON", "prec_id": "007556", "precinct_norm": "ROBERTSON - 007556", "precinct_name": "Robertson - 007556", "precinct_full_name": "6-2 Mt. Sharon C.P. Church", "name20": "6-2 Mt. Sharon C.P. Church", "GEOID20": "47147007556"}, "geometry": {"type": "Point", "coordinates": [-86.89928868333334, 36.406465]}}, {"type": "Feature", "properties": {"county_nam": "Robertson", "county_norm": "ROBERTSON", "prec_id": "007566", "precinct_norm": "ROBERTSON - 007566", "precinct_name": "Robertson - 007566", "precinct_full_name": "11-2 Heads Free Will Baptist Church", "name20": "11-2 Heads Free Will Baptist Church", "GEOID20": "47147007566"}, "geometry": {"type": "Point", "coordinates": [-87.01791399594595, 36.4524095]}}, {"type": "Feature", "properties": {"county_nam": "Robertson", "county_norm": "ROBERTSON", "prec_id": "007555", "precinct_norm": "ROBERTSON - 007555", "precinct_name": "Robertson - 007555", "precinct_full_name": "5-1 Greenbrier High School", "name20": "5-1 Greenbrier High School", "GEOID20": "47147007555"}, "geometry": {"type": "Point", "coordinates": [-86.81410547954948, 36.419584]}}, {"type": "Feature", "properties": {"county_nam": "Robertson", "county_norm": "ROBERTSON", "prec_id": "007567", "precinct_norm": "ROBERTSON - 007567", "precinct_name": "Robertson - 007567", "precinct_full_name": "11-1 Westside School", "name20": "11-1 Westside School", "GEOID20": "47147007567"}, "geometry": {"type": "Point", "coordinates": [-86.94929155419064, 36.505287499999994]}}, {"type": "Feature", "properties": {"county_nam": "Robertson", "county_norm": "ROBERTSON", "prec_id": "007553", "precinct_norm": "ROBERTSON - 007553", "precinct_name": "Robertson - 007553", "precinct_full_name": "3-2 White House Heritage HS", "name20": "3-2 White House Heritage HS", "GEOID20": "47147007553"}, "geometry": {"type": "Point", "coordinates": [-86.73373469938133, 36.4779755]}}, {"type": "Feature", "properties": {"county_nam": "Robertson", "county_norm": "ROBERTSON", "prec_id": "007560", "precinct_norm": "ROBERTSON - 007560", "precinct_name": "Robertson - 007560", "precinct_full_name": "3-1 Ebenezer Baptist Church", "name20": "3-1 Ebenezer Baptist Church", "GEOID20": "47147007560"}, "geometry": {"type": "Point", "coordinates": [-86.79570531335324, 36.4591535]}}, {"type": "Feature", "properties": {"county_nam": "Robertson", "county_norm": "ROBERTSON", "prec_id": "007558", "precinct_norm": "ROBERTSON - 007558", "precinct_name": "Robertson - 007558", "precinct_full_name": "7-2 Stroudsville Church of Christ", "name20": "7-2 Stroudsville Church of Christ", "GEOID20": "47147007558"}, "geometry": {"type": "Point", "coordinates": [-87.08391489048059, 36.4861885]}}, {"type": "Feature", "properties": {"county_nam": "Robertson", "county_norm": "ROBERTSON", "prec_id": "007564", "precinct_norm": "ROBERTSON - 007564", "precinct_name": "Robertson - 007564", "precinct_full_name": "9-1 Robertson County Fair Assoc.", "name20": "9-1 Robertson County Fair Assoc.", "GEOID20": "47147007564"}, "geometry": {"type": "Point", "coordinates": [-86.847910119403, 36.4984995]}}, {"type": "Feature", "properties": {"county_nam": "Robertson", "county_norm": "ROBERTSON", "prec_id": "007559", "precinct_norm": "ROBERTSON - 007559", "precinct_name": "Robertson - 007559", "precinct_full_name": "7-1 Jo Byrns Elementary School", "name20": "7-1 Jo Byrns Elementary School", "GEOID20": "47147007559"}, "geometry": {"type": "Point", "coordinates": [-87.02102315956967, 36.574317]}}, {"type": "Feature", "properties": {"county_nam": "Robertson", "county_norm": "ROBERTSON", "prec_id": "007561", "precinct_norm": "ROBERTSON - 007561", "precinct_name": "Robertson - 007561", "precinct_full_name": "8-2 H.A.T.S", "name20": "8-2 H.A.T.S", "GEOID20": "47147007561"}, "geometry": {"type": "Point", "coordinates": [-86.86157120622985, 36.590868]}}, {"type": "Feature", "properties": {"county_nam": "Robertson", "county_norm": "ROBERTSON", "prec_id": "007562", "precinct_norm": "ROBERTSON - 007562", "precinct_name": "Robertson - 007562", "precinct_full_name": "8-1 Krisle School", "name20": "8-1 Krisle School", "GEOID20": "47147007562"}, "geometry": {"type": "Point", "coordinates": [-86.77535997964554, 36.5868415]}}, {"type": "Feature", "properties": {"county_nam": "Robertson", "county_norm": "ROBERTSON", "prec_id": "007554", "precinct_norm": "ROBERTSON - 007554", "precinct_name": "Robertson - 007554", "precinct_full_name": "4-1 Watauga Elementary School", "name20": "4-1 Watauga Elementary School", "GEOID20": "47147007554"}, "geometry": {"type": "Point", "coordinates": [-86.82853402879581, 36.398695000000004]}}, {"type": "Feature", "properties": {"county_nam": "Robertson", "county_norm": "ROBERTSON", "prec_id": "007568", "precinct_norm": "ROBERTSON - 007568", "precinct_name": "Robertson - 007568", "precinct_full_name": "12-1 Bransford School", "name20": "12-1 Bransford School", "GEOID20": "47147007568"}, "geometry": {"type": "Point", "coordinates": [-86.9045782557353, 36.488806]}}, {"type": "Feature", "properties": {"county_nam": "Hamilton", "county_norm": "HAMILTON", "prec_id": "003439", "precinct_norm": "HAMILTON - 003439", "precinct_name": "Hamilton - 003439", "precinct_full_name": "Northwoods 2", "name20": "Northwoods 2", "GEOID20": "47065003439"}, "geometry": {"type": "Point", "coordinates": [-85.25049358047073, 35.1791685]}}, {"type": "Feature", "properties": {"county_nam": "Hamilton", "county_norm": "HAMILTON", "prec_id": "003460", "precinct_norm": "HAMILTON - 003460", "precinct_name": "Hamilton - 003460", "precinct_full_name": "Soddy Daisy 1", "name20": "Soddy Daisy 1", "GEOID20": "47065003460"}, "geometry": {"type": "Point", "coordinates": [-85.15092259319479, 35.2819205]}}, {"type": "Feature", "properties": {"county_nam": "Hamilton", "county_norm": "HAMILTON", "prec_id": "003461", "precinct_norm": "HAMILTON - 003461", "precinct_name": "Hamilton - 003461", "precinct_full_name": "Soddy Daisy 2", "name20": "Soddy Daisy 2", "GEOID20": "47065003461"}, "geometry": {"type": "Point", "coordinates": [-85.21667247130446, 35.217942]}}, {"type": "Feature", "properties": {"county_nam": "Hamilton", "county_norm": "HAMILTON", "prec_id": "003383", "precinct_norm": "HAMILTON - 003383", "precinct_name": "Hamilton - 003383", "precinct_full_name": "Dallas 2", "name20": "Dallas 2", "GEOID20": "47065003383"}, "geometry": {"type": "Point", "coordinates": [-85.10310404304636, 35.224328]}}, {"type": "Feature", "properties": {"county_nam": "Hamilton", "county_norm": "HAMILTON", "prec_id": "003382", "precinct_norm": "HAMILTON - 003382", "precinct_name": "Hamilton - 003382", "precinct_full_name": "Dallas 1", "name20": "Dallas 1", "GEOID20": "47065003382"}, "geometry": {"type": "Point", "coordinates": [-85.12899134021933, 35.2382025]}}, {"type": "Feature", "properties": {"county_nam": "Hamilton", "county_norm": "HAMILTON", "prec_id": "003455", "precinct_norm": "HAMILTON - 003455", "precinct_name": "Hamilton - 003455", "precinct_full_name": "Sale Creek", "name20": "Sale Creek", "GEOID20": "47065003455"}, "geometry": {"type": "Point", "coordinates": [-85.08198076353179, 35.399129]}}, {"type": "Feature", "properties": {"county_nam": "Hamilton", "county_norm": "HAMILTON", "prec_id": "003403", "precinct_norm": "HAMILTON - 003403", "precinct_name": "Hamilton - 003403", "precinct_full_name": "Flat Top Mountain", "name20": "Flat Top Mountain", "GEOID20": "47065003403"}, "geometry": {"type": "Point", "coordinates": [-85.19552423497382, 35.335361500000005]}}, {"type": "Feature", "properties": {"county_nam": "Hamilton", "county_norm": "HAMILTON", "prec_id": "003462", "precinct_norm": "HAMILTON - 003462", "precinct_name": "Hamilton - 003462", "precinct_full_name": "Soddy Daisy 3", "name20": "Soddy Daisy 3", "GEOID20": "47065003462"}, "geometry": {"type": "Point", "coordinates": [-85.19151431966182, 35.212066]}}, {"type": "Feature", "properties": {"county_nam": "Hamilton", "county_norm": "HAMILTON", "prec_id": "003359", "precinct_norm": "HAMILTON - 003359", "precinct_name": "Hamilton - 003359", "precinct_full_name": "Bakewell 1", "name20": "Bakewell 1", "GEOID20": "47065003359"}, "geometry": {"type": "Point", "coordinates": [-85.15823277662679, 35.3672]}}, {"type": "Feature", "properties": {"county_nam": "Hamilton", "county_norm": "HAMILTON", "prec_id": "003431", "precinct_norm": "HAMILTON - 003431", "precinct_name": "Hamilton - 003431", "precinct_full_name": "Mowbray", "name20": "Mowbray", "GEOID20": "47065003431"}, "geometry": {"type": "Point", "coordinates": [-85.2302480954386, 35.273716]}}, {"type": "Feature", "properties": {"county_nam": "Hamilton", "county_norm": "HAMILTON", "prec_id": "003438", "precinct_norm": "HAMILTON - 003438", "precinct_name": "Hamilton - 003438", "precinct_full_name": "Northwoods 1", "name20": "Northwoods 1", "GEOID20": "47065003438"}, "geometry": {"type": "Point", "coordinates": [-85.25325799855604, 35.161765]}}, {"type": "Feature", "properties": {"county_nam": "Hamilton", "county_norm": "HAMILTON", "prec_id": "003360", "precinct_norm": "HAMILTON - 003360", "precinct_name": "Hamilton - 003360", "precinct_full_name": "Bakewell 2", "name20": "Bakewell 2", "GEOID20": "47065003360"}, "geometry": {"type": "Point", "coordinates": [-85.08839388477135, 35.320305000000005]}}, {"type": "Feature", "properties": {"county_nam": "Hamilton", "county_norm": "HAMILTON", "prec_id": "003402", "precinct_norm": "HAMILTON - 003402", "precinct_name": "Hamilton - 003402", "precinct_full_name": "Falling Water", "name20": "Falling Water", "GEOID20": "47065003402"}, "geometry": {"type": "Point", "coordinates": [-85.25470250722643, 35.2079595]}}, {"type": "Feature", "properties": {"county_nam": "Hamilton", "county_norm": "HAMILTON", "prec_id": "003401", "precinct_norm": "HAMILTON - 003401", "precinct_name": "Hamilton - 003401", "precinct_full_name": "Fairmount", "name20": "Fairmount", "GEOID20": "47065003401"}, "geometry": {"type": "Point", "coordinates": [-85.3011533022818, 35.2080245]}}, {"type": "Feature", "properties": {"county_nam": "Hamilton", "county_norm": "HAMILTON", "prec_id": "003428", "precinct_norm": "HAMILTON - 003428", "precinct_name": "Hamilton - 003428", "precinct_full_name": "Mountain Creek 1", "name20": "Mountain Creek 1", "GEOID20": "47065003428"}, "geometry": {"type": "Point", "coordinates": [-85.3033392555147, 35.1317185]}}, {"type": "Feature", "properties": {"county_nam": "Hamilton", "county_norm": "HAMILTON", "prec_id": "003450", "precinct_norm": "HAMILTON - 003450", "precinct_name": "Hamilton - 003450", "precinct_full_name": "Red Bank 3", "name20": "Red Bank 3", "GEOID20": "47065003450"}, "geometry": {"type": "Point", "coordinates": [-85.28494006, 35.126288]}}, {"type": "Feature", "properties": {"county_nam": "Hamilton", "county_norm": "HAMILTON", "prec_id": "003471", "precinct_norm": "HAMILTON - 003471", "precinct_name": "Hamilton - 003471", "precinct_full_name": "Valdeau", "name20": "Valdeau", "GEOID20": "47065003471"}, "geometry": {"type": "Point", "coordinates": [-85.30850467920772, 35.1455045]}}, {"type": "Feature", "properties": {"county_nam": "Hamilton", "county_norm": "HAMILTON", "prec_id": "003465", "precinct_norm": "HAMILTON - 003465", "precinct_name": "Hamilton - 003465", "precinct_full_name": "Stuart Heights", "name20": "Stuart Heights", "GEOID20": "47065003465"}, "geometry": {"type": "Point", "coordinates": [-85.28263638964707, 35.0914885]}}, {"type": "Feature", "properties": {"county_nam": "Hamilton", "county_norm": "HAMILTON", "prec_id": "003472", "precinct_norm": "HAMILTON - 003472", "precinct_name": "Hamilton - 003472", "precinct_full_name": "Walden", "name20": "Walden", "GEOID20": "47065003472"}, "geometry": {"type": "Point", "coordinates": [-85.31311382638889, 35.1597565]}}, {"type": "Feature", "properties": {"county_nam": "Hamilton", "county_norm": "HAMILTON", "prec_id": "003422", "precinct_norm": "HAMILTON - 003422", "precinct_name": "Hamilton - 003422", "precinct_full_name": "Lupton City", "name20": "Lupton City", "GEOID20": "47065003422"}, "geometry": {"type": "Point", "coordinates": [-85.26070179383694, 35.1084225]}}, {"type": "Feature", "properties": {"county_nam": "Hamilton", "county_norm": "HAMILTON", "prec_id": "003457", "precinct_norm": "HAMILTON - 003457", "precinct_name": "Hamilton - 003457", "precinct_full_name": "Signal Mountain 2", "name20": "Signal Mountain 2", "GEOID20": "47065003457"}, "geometry": {"type": "Point", "coordinates": [-85.33120436245954, 35.1291255]}}, {"type": "Feature", "properties": {"county_nam": "Hamilton", "county_norm": "HAMILTON", "prec_id": "003456", "precinct_norm": "HAMILTON - 003456", "precinct_name": "Hamilton - 003456", "precinct_full_name": "Signal Mountain 1", "name20": "Signal Mountain 1", "GEOID20": "47065003456"}, "geometry": {"type": "Point", "coordinates": [-85.34121889459459, 35.144226]}}, {"type": "Feature", "properties": {"county_nam": "Hamilton", "county_norm": "HAMILTON", "prec_id": "003432", "precinct_norm": "HAMILTON - 003432", "precinct_name": "Hamilton - 003432", "precinct_full_name": "Murray Hills 1", "name20": "Murray Hills 1", "GEOID20": "47065003432"}, "geometry": {"type": "Point", "coordinates": [-85.20773362421053, 35.09505]}}, {"type": "Feature", "properties": {"county_nam": "Hamilton", "county_norm": "HAMILTON", "prec_id": "003399", "precinct_norm": "HAMILTON - 003399", "precinct_name": "Hamilton - 003399", "precinct_full_name": "Eastside 1", "name20": "Eastside 1", "GEOID20": "47065003399"}, "geometry": {"type": "Point", "coordinates": [-85.2904093927904, 35.022068]}}, {"type": "Feature", "properties": {"county_nam": "Hamilton", "county_norm": "HAMILTON", "prec_id": "003358", "precinct_norm": "HAMILTON - 003358", "precinct_name": "Hamilton - 003358", "precinct_full_name": "Avondale", "name20": "Avondale", "GEOID20": "47065003358"}, "geometry": {"type": "Point", "coordinates": [-85.2607178790939, 35.0617825]}}, {"type": "Feature", "properties": {"county_nam": "Hamilton", "county_norm": "HAMILTON", "prec_id": "003415", "precinct_norm": "HAMILTON - 003415", "precinct_name": "Hamilton - 003415", "precinct_full_name": "Kingspoint 2", "name20": "Kingspoint 2", "GEOID20": "47065003415"}, "geometry": {"type": "Point", "coordinates": [-85.22594912162455, 35.0850175]}}, {"type": "Feature", "properties": {"county_nam": "Hamilton", "county_norm": "HAMILTON", "prec_id": "003365", "precinct_norm": "HAMILTON - 003365", "precinct_name": "Hamilton - 003365", "precinct_full_name": "Bushtown", "name20": "Bushtown", "GEOID20": "47065003365"}, "geometry": {"type": "Point", "coordinates": [-85.2766744375, 35.045713500000005]}}, {"type": "Feature", "properties": {"county_nam": "Hamilton", "county_norm": "HAMILTON", "prec_id": "003352", "precinct_norm": "HAMILTON - 003352", "precinct_name": "Hamilton - 003352", "precinct_full_name": "Alton Park 1", "name20": "Alton Park 1", "GEOID20": "47065003352"}, "geometry": {"type": "Point", "coordinates": [-85.31408175336927, 35.010373]}}, {"type": "Feature", "properties": {"county_nam": "Hamilton", "county_norm": "HAMILTON", "prec_id": "003452", "precinct_norm": "HAMILTON - 003452", "precinct_name": "Hamilton - 003452", "precinct_full_name": "Ridgedale 2", "name20": "Ridgedale 2", "GEOID20": "47065003452"}, "geometry": {"type": "Point", "coordinates": [-85.26846200874795, 35.019925]}}, {"type": "Feature", "properties": {"county_nam": "Hamilton", "county_norm": "HAMILTON", "prec_id": "003354", "precinct_norm": "HAMILTON - 003354", "precinct_name": "Hamilton - 003354", "precinct_full_name": "Amnicola", "name20": "Amnicola", "GEOID20": "47065003354"}, "geometry": {"type": "Point", "coordinates": [-85.26405602622378, 35.078908]}}, {"type": "Feature", "properties": {"county_nam": "Hamilton", "county_norm": "HAMILTON", "prec_id": "003419", "precinct_norm": "HAMILTON - 003419", "precinct_name": "Hamilton - 003419", "precinct_full_name": "Lookout Mountain", "name20": "Lookout Mountain", "GEOID20": "47065003419"}, "geometry": {"type": "Point", "coordinates": [-85.34965818331541, 34.998259]}}, {"type": "Feature", "properties": {"county_nam": "Hamilton", "county_norm": "HAMILTON", "prec_id": "003464", "precinct_norm": "HAMILTON - 003464", "precinct_name": "Hamilton - 003464", "precinct_full_name": "St Elmo 2", "name20": "St Elmo 2", "GEOID20": "47065003464"}, "geometry": {"type": "Point", "coordinates": [-85.35349728615267, 35.0224075]}}, {"type": "Feature", "properties": {"county_nam": "Hamilton", "county_norm": "HAMILTON", "prec_id": "003421", "precinct_norm": "HAMILTON - 003421", "precinct_name": "Hamilton - 003421", "precinct_full_name": "Lookout Valley 2", "name20": "Lookout Valley 2", "GEOID20": "47065003421"}, "geometry": {"type": "Point", "coordinates": [-85.37328712436914, 35.051688]}}, {"type": "Feature", "properties": {"county_nam": "Hamilton", "county_norm": "HAMILTON", "prec_id": "003448", "precinct_norm": "HAMILTON - 003448", "precinct_name": "Hamilton - 003448", "precinct_full_name": "Red Bank 1", "name20": "Red Bank 1", "GEOID20": "47065003448"}, "geometry": {"type": "Point", "coordinates": [-85.30986320979846, 35.091792999999996]}}, {"type": "Feature", "properties": {"county_nam": "Hamilton", "county_norm": "HAMILTON", "prec_id": "003413", "precinct_norm": "HAMILTON - 003413", "precinct_name": "Hamilton - 003413", "precinct_full_name": "Hixson 3", "name20": "Hixson 3", "GEOID20": "47065003413"}, "geometry": {"type": "Point", "coordinates": [-85.20337546143791, 35.1395265]}}, {"type": "Feature", "properties": {"county_nam": "Hamilton", "county_norm": "HAMILTON", "prec_id": "003446", "precinct_norm": "HAMILTON - 003446", "precinct_name": "Hamilton - 003446", "precinct_full_name": "Pleasant Grove 1", "name20": "Pleasant Grove 1", "GEOID20": "47065003446"}, "geometry": {"type": "Point", "coordinates": [-85.20941383143384, 35.1804435]}}, {"type": "Feature", "properties": {"county_nam": "Hamilton", "county_norm": "HAMILTON", "prec_id": "003404", "precinct_norm": "HAMILTON - 003404", "precinct_name": "Hamilton - 003404", "precinct_full_name": "Ganns", "name20": "Ganns", "GEOID20": "47065003404"}, "geometry": {"type": "Point", "coordinates": [-85.1578166051282, 35.1705485]}}, {"type": "Feature", "properties": {"county_nam": "Hamilton", "county_norm": "HAMILTON", "prec_id": "003420", "precinct_norm": "HAMILTON - 003420", "precinct_name": "Hamilton - 003420", "precinct_full_name": "Lookout Valley 1", "name20": "Lookout Valley 1", "GEOID20": "47065003420"}, "geometry": {"type": "Point", "coordinates": [-85.35779624062788, 35.042675]}}, {"type": "Feature", "properties": {"county_nam": "Hamilton", "county_norm": "HAMILTON", "prec_id": "003385", "precinct_norm": "HAMILTON - 003385", "precinct_name": "Hamilton - 003385", "precinct_full_name": "Downtown 2", "name20": "Downtown 2", "GEOID20": "47065003385"}, "geometry": {"type": "Point", "coordinates": [-85.31589792241665, 35.0334765]}}, {"type": "Feature", "properties": {"county_nam": "Hamilton", "county_norm": "HAMILTON", "prec_id": "003389", "precinct_norm": "HAMILTON - 003389", "precinct_name": "Hamilton - 003389", "precinct_full_name": "East Chattanooga 1", "name20": "East Chattanooga 1", "GEOID20": "47065003389"}, "geometry": {"type": "Point", "coordinates": [-85.2506658059468, 35.066821000000004]}}, {"type": "Feature", "properties": {"county_nam": "Hamilton", "county_norm": "HAMILTON", "prec_id": "003379", "precinct_norm": "HAMILTON - 003379", "precinct_name": "Hamilton - 003379", "precinct_full_name": "Courthouse 1", "name20": "Courthouse 1", "GEOID20": "47065003379"}, "geometry": {"type": "Point", "coordinates": [-85.29983916154615, 35.045531499999996]}}, {"type": "Feature", "properties": {"county_nam": "Hamilton", "county_norm": "HAMILTON", "prec_id": "003427", "precinct_norm": "HAMILTON - 003427", "precinct_name": "Hamilton - 003427", "precinct_full_name": "Moccasin Bend", "name20": "Moccasin Bend", "GEOID20": "47065003427"}, "geometry": {"type": "Point", "coordinates": [-85.33334779270305, 35.0529415]}}, {"type": "Feature", "properties": {"county_nam": "Hamilton", "county_norm": "HAMILTON", "prec_id": "003435", "precinct_norm": "HAMILTON - 003435", "precinct_name": "Hamilton - 003435", "precinct_full_name": "North Chattanooga 2", "name20": "North Chattanooga 2", "GEOID20": "47065003435"}, "geometry": {"type": "Point", "coordinates": [-85.30531381741574, 35.0711625]}}, {"type": "Feature", "properties": {"county_nam": "Sullivan", "county_norm": "SULLIVAN", "prec_id": "008504", "precinct_norm": "SULLIVAN - 008504", "precinct_name": "Sullivan - 008504", "precinct_full_name": "1A", "name20": "1A", "GEOID20": "47163008504"}, "geometry": {"type": "Point", "coordinates": [-82.05520350046065, 36.536911]}}, {"type": "Feature", "properties": {"county_nam": "Sullivan", "county_norm": "SULLIVAN", "prec_id": "008517", "precinct_norm": "SULLIVAN - 008517", "precinct_name": "Sullivan - 008517", "precinct_full_name": "2B", "name20": "2B", "GEOID20": "47163008517"}, "geometry": {"type": "Point", "coordinates": [-82.13965525833333, 36.5782725]}}, {"type": "Feature", "properties": {"county_nam": "Sullivan", "county_norm": "SULLIVAN", "prec_id": "008501", "precinct_norm": "SULLIVAN - 008501", "precinct_name": "Sullivan - 008501", "precinct_full_name": "2A", "name20": "2A", "GEOID20": "47163008501"}, "geometry": {"type": "Point", "coordinates": [-82.17916624490563, 36.571309]}}, {"type": "Feature", "properties": {"county_nam": "Sullivan", "county_norm": "SULLIVAN", "prec_id": "008516", "precinct_norm": "SULLIVAN - 008516", "precinct_name": "Sullivan - 008516", "precinct_full_name": "2C", "name20": "2C", "GEOID20": "47163008516"}, "geometry": {"type": "Point", "coordinates": [-82.221846253902, 36.534025]}}, {"type": "Feature", "properties": {"county_nam": "Sullivan", "county_norm": "SULLIVAN", "prec_id": "008523", "precinct_norm": "SULLIVAN - 008523", "precinct_name": "Sullivan - 008523", "precinct_full_name": "11B", "name20": "11B", "GEOID20": "47163008523"}, "geometry": {"type": "Point", "coordinates": [-82.55976716590493, 36.549847]}}, {"type": "Feature", "properties": {"county_nam": "Sullivan", "county_norm": "SULLIVAN", "prec_id": "008502", "precinct_norm": "SULLIVAN - 008502", "precinct_name": "Sullivan - 008502", "precinct_full_name": "4A", "name20": "4A", "GEOID20": "47163008502"}, "geometry": {"type": "Point", "coordinates": [-82.32031248039928, 36.5355455]}}, {"type": "Feature", "properties": {"county_nam": "Sullivan", "county_norm": "SULLIVAN", "prec_id": "008506", "precinct_norm": "SULLIVAN - 008506", "precinct_name": "Sullivan - 008506", "precinct_full_name": "11A", "name20": "11A", "GEOID20": "47163008506"}, "geometry": {"type": "Point", "coordinates": [-82.52240729284833, 36.528116]}}, {"type": "Feature", "properties": {"county_nam": "Sullivan", "county_norm": "SULLIVAN", "prec_id": "008503", "precinct_norm": "SULLIVAN - 008503", "precinct_name": "Sullivan - 008503", "precinct_full_name": "3A", "name20": "3A", "GEOID20": "47163008503"}, "geometry": {"type": "Point", "coordinates": [-82.22130855806665, 36.569283]}}, {"type": "Feature", "properties": {"county_nam": "Sullivan", "county_norm": "SULLIVAN", "prec_id": "008507", "precinct_norm": "SULLIVAN - 008507", "precinct_name": "Sullivan - 008507", "precinct_full_name": "5C", "name20": "5C", "GEOID20": "47163008507"}, "geometry": {"type": "Point", "coordinates": [-82.16006065862709, 36.458623]}}, {"type": "Feature", "properties": {"county_nam": "Sullivan", "county_norm": "SULLIVAN", "prec_id": "008513", "precinct_norm": "SULLIVAN - 008513", "precinct_name": "Sullivan - 008513", "precinct_full_name": "5A", "name20": "5A", "GEOID20": "47163008513"}, "geometry": {"type": "Point", "coordinates": [-82.36329258547008, 36.440458]}}, {"type": "Feature", "properties": {"county_nam": "Sullivan", "county_norm": "SULLIVAN", "prec_id": "008521", "precinct_norm": "SULLIVAN - 008521", "precinct_name": "Sullivan - 008521", "precinct_full_name": "6B", "name20": "6B", "GEOID20": "47163008521"}, "geometry": {"type": "Point", "coordinates": [-82.47072187281232, 36.567443499999996]}}, {"type": "Feature", "properties": {"county_nam": "Sullivan", "county_norm": "SULLIVAN", "prec_id": "008512", "precinct_norm": "SULLIVAN - 008512", "precinct_name": "Sullivan - 008512", "precinct_full_name": "5B", "name20": "5B", "GEOID20": "47163008512"}, "geometry": {"type": "Point", "coordinates": [-82.2630029057971, 36.454194]}}, {"type": "Feature", "properties": {"county_nam": "Sullivan", "county_norm": "SULLIVAN", "prec_id": "008520", "precinct_norm": "SULLIVAN - 008520", "precinct_name": "Sullivan - 008520", "precinct_full_name": "6A", "name20": "6A", "GEOID20": "47163008520"}, "geometry": {"type": "Point", "coordinates": [-82.43569657862706, 36.526129999999995]}}, {"type": "Feature", "properties": {"county_nam": "Sullivan", "county_norm": "SULLIVAN", "prec_id": "008508", "precinct_norm": "SULLIVAN - 008508", "precinct_name": "Sullivan - 008508", "precinct_full_name": "6C", "name20": "6C", "GEOID20": "47163008508"}, "geometry": {"type": "Point", "coordinates": [-82.3700846305668, 36.570427]}}, {"type": "Feature", "properties": {"county_nam": "Sullivan", "county_norm": "SULLIVAN", "prec_id": "008519", "precinct_norm": "SULLIVAN - 008519", "precinct_name": "Sullivan - 008519", "precinct_full_name": "7A", "name20": "7A", "GEOID20": "47163008519"}, "geometry": {"type": "Point", "coordinates": [-82.49781553549735, 36.481196]}}, {"type": "Feature", "properties": {"county_nam": "Sullivan", "county_norm": "SULLIVAN", "prec_id": "008510", "precinct_norm": "SULLIVAN - 008510", "precinct_name": "Sullivan - 008510", "precinct_full_name": "8A", "name20": "8A", "GEOID20": "47163008510"}, "geometry": {"type": "Point", "coordinates": [-82.55888590727989, 36.48871]}}, {"type": "Feature", "properties": {"county_nam": "Sullivan", "county_norm": "SULLIVAN", "prec_id": "008525", "precinct_norm": "SULLIVAN - 008525", "precinct_name": "Sullivan - 008525", "precinct_full_name": "8B", "name20": "8B", "GEOID20": "47163008525"}, "geometry": {"type": "Point", "coordinates": [-82.625564, 36.464471]}}, {"type": "Feature", "properties": {"county_nam": "Sullivan", "county_norm": "SULLIVAN", "prec_id": "008511", "precinct_norm": "SULLIVAN - 008511", "precinct_name": "Sullivan - 008511", "precinct_full_name": "9A", "name20": "9A", "GEOID20": "47163008511"}, "geometry": {"type": "Point", "coordinates": [-82.58469712843149, 36.5701375]}}, {"type": "Feature", "properties": {"county_nam": "Sullivan", "county_norm": "SULLIVAN", "prec_id": "008518", "precinct_norm": "SULLIVAN - 008518", "precinct_name": "Sullivan - 008518", "precinct_full_name": "7B", "name20": "7B", "GEOID20": "47163008518"}, "geometry": {"type": "Point", "coordinates": [-82.48662801503599, 36.4555615]}}, {"type": "Feature", "properties": {"county_nam": "Sullivan", "county_norm": "SULLIVAN", "prec_id": "008509", "precinct_norm": "SULLIVAN - 008509", "precinct_name": "Sullivan - 008509", "precinct_full_name": "7C", "name20": "7C", "GEOID20": "47163008509"}, "geometry": {"type": "Point", "coordinates": [-82.42527935477634, 36.476723500000006]}}, {"type": "Feature", "properties": {"county_nam": "Sullivan", "county_norm": "SULLIVAN", "prec_id": "008524", "precinct_norm": "SULLIVAN - 008524", "precinct_name": "Sullivan - 008524", "precinct_full_name": "9B", "name20": "9B", "GEOID20": "47163008524"}, "geometry": {"type": "Point", "coordinates": [-82.59645543431344, 36.534931]}}, {"type": "Feature", "properties": {"county_nam": "Sullivan", "county_norm": "SULLIVAN", "prec_id": "008505", "precinct_norm": "SULLIVAN - 008505", "precinct_name": "Sullivan - 008505", "precinct_full_name": "10B", "name20": "10B", "GEOID20": "47163008505"}, "geometry": {"type": "Point", "coordinates": [-82.53107043181818, 36.572154]}}, {"type": "Feature", "properties": {"county_nam": "Sullivan", "county_norm": "SULLIVAN", "prec_id": "008522", "precinct_norm": "SULLIVAN - 008522", "precinct_name": "Sullivan - 008522", "precinct_full_name": "10A", "name20": "10A", "GEOID20": "47163008522"}, "geometry": {"type": "Point", "coordinates": [-82.49823582557066, 36.544028499999996]}}, {"type": "Feature", "properties": {"county_nam": "Sullivan", "county_norm": "SULLIVAN", "prec_id": "008514", "precinct_norm": "SULLIVAN - 008514", "precinct_name": "Sullivan - 008514", "precinct_full_name": "4C", "name20": "4C", "GEOID20": "47163008514"}, "geometry": {"type": "Point", "coordinates": [-82.2853824136318, 36.4858085]}}, {"type": "Feature", "properties": {"county_nam": "Sullivan", "county_norm": "SULLIVAN", "prec_id": "008515", "precinct_norm": "SULLIVAN - 008515", "precinct_name": "Sullivan - 008515", "precinct_full_name": "4B", "name20": "4B", "GEOID20": "47163008515"}, "geometry": {"type": "Point", "coordinates": [-82.19981201905388, 36.5099395]}}, {"type": "Feature", "properties": {"county_nam": "Putnam", "county_norm": "PUTNAM", "prec_id": "007266", "precinct_norm": "PUTNAM - 007266", "precinct_name": "Putnam - 007266", "precinct_full_name": "01A Capshaw", "name20": "01A Capshaw", "GEOID20": "47141007266"}, "geometry": {"type": "Point", "coordinates": [-85.49104420652174, 36.135147]}}, {"type": "Feature", "properties": {"county_nam": "Putnam", "county_norm": "PUTNAM", "prec_id": "007255", "precinct_norm": "PUTNAM - 007255", "precinct_name": "Putnam - 007255", "precinct_full_name": "02A Northeast Elementary", "name20": "02A Northeast Elementary", "GEOID20": "47141007255"}, "geometry": {"type": "Point", "coordinates": [-85.48080016679769, 36.17873]}}, {"type": "Feature", "properties": {"county_nam": "Putnam", "county_norm": "PUTNAM", "prec_id": "007262", "precinct_norm": "PUTNAM - 007262", "precinct_name": "Putnam - 007262", "precinct_full_name": "04A Burks Middle School", "name20": "04A Burks Middle School", "GEOID20": "47141007262"}, "geometry": {"type": "Point", "coordinates": [-85.31397942748617, 36.089055]}}, {"type": "Feature", "properties": {"county_nam": "Putnam", "county_norm": "PUTNAM", "prec_id": "007267", "precinct_norm": "PUTNAM - 007267", "precinct_name": "Putnam - 007267", "precinct_full_name": "05C Prescott South", "name20": "05C Prescott South", "GEOID20": "47141007267"}, "geometry": {"type": "Point", "coordinates": [-85.47438159120006, 36.102564]}}, {"type": "Feature", "properties": {"county_nam": "Putnam", "county_norm": "PUTNAM", "prec_id": "007274", "precinct_norm": "PUTNAM - 007274", "precinct_name": "Putnam - 007274", "precinct_full_name": "05F Dry Valley", "name20": "05F Dry Valley", "GEOID20": "47141007274"}, "geometry": {"type": "Point", "coordinates": [-85.41887302932099, 36.0929745]}}, {"type": "Feature", "properties": {"county_nam": "Putnam", "county_norm": "PUTNAM", "prec_id": "007261", "precinct_norm": "PUTNAM - 007261", "precinct_name": "Putnam - 007261", "precinct_full_name": "05A Cookeville Community Center", "name20": "05A Cookeville Community Center", "GEOID20": "47141007261"}, "geometry": {"type": "Point", "coordinates": [-85.4265728126191, 36.1506035]}}, {"type": "Feature", "properties": {"county_nam": "Putnam", "county_norm": "PUTNAM", "prec_id": "007275", "precinct_norm": "PUTNAM - 007275", "precinct_name": "Putnam - 007275", "precinct_full_name": "04C Poplar Grove Community Center", "name20": "04C Poplar Grove Community Center", "GEOID20": "47141007275"}, "geometry": {"type": "Point", "coordinates": [-85.40530892919631, 36.138031999999995]}}, {"type": "Feature", "properties": {"county_nam": "Putnam", "county_norm": "PUTNAM", "prec_id": "007273", "precinct_norm": "PUTNAM - 007273", "precinct_name": "Putnam - 007273", "precinct_full_name": "04B Monterey High School", "name20": "04B Monterey High School", "GEOID20": "47141007273"}, "geometry": {"type": "Point", "coordinates": [-85.26045693210786, 36.1388655]}}, {"type": "Feature", "properties": {"county_nam": "Putnam", "county_norm": "PUTNAM", "prec_id": "007256", "precinct_norm": "PUTNAM - 007256", "precinct_name": "Putnam - 007256", "precinct_full_name": "03A University", "name20": "03A University", "GEOID20": "47141007256"}, "geometry": {"type": "Point", "coordinates": [-85.50642213994308, 36.181774]}}, {"type": "Feature", "properties": {"county_nam": "Putnam", "county_norm": "PUTNAM", "prec_id": "007264", "precinct_norm": "PUTNAM - 007264", "precinct_name": "Putnam - 007264", "precinct_full_name": "06A Cane Creek", "name20": "06A Cane Creek", "GEOID20": "47141007264"}, "geometry": {"type": "Point", "coordinates": [-85.53092994697595, 36.1543]}}, {"type": "Feature", "properties": {"county_nam": "Putnam", "county_norm": "PUTNAM", "prec_id": "007263", "precinct_norm": "PUTNAM - 007263", "precinct_name": "Putnam - 007263", "precinct_full_name": "07A Burgess Falls", "name20": "07A Burgess Falls", "GEOID20": "47141007263"}, "geometry": {"type": "Point", "coordinates": [-85.56074331943154, 36.122858]}}, {"type": "Feature", "properties": {"county_nam": "Putnam", "county_norm": "PUTNAM", "prec_id": "007268", "precinct_norm": "PUTNAM - 007268", "precinct_name": "Putnam - 007268", "precinct_full_name": "07D Twin Oak", "name20": "07D Twin Oak", "GEOID20": "47141007268"}, "geometry": {"type": "Point", "coordinates": [-85.62581894254657, 36.069036499999996]}}, {"type": "Feature", "properties": {"county_nam": "Putnam", "county_norm": "PUTNAM", "prec_id": "007271", "precinct_norm": "PUTNAM - 007271", "precinct_name": "Putnam - 007271", "precinct_full_name": "08G Upperman", "name20": "08G Upperman", "GEOID20": "47141007271"}, "geometry": {"type": "Point", "coordinates": [-85.70728398402075, 36.200038]}}, {"type": "Feature", "properties": {"county_nam": "Putnam", "county_norm": "PUTNAM", "prec_id": "007272", "precinct_norm": "PUTNAM - 007272", "precinct_name": "Putnam - 007272", "precinct_full_name": "08D Boma", "name20": "08D Boma", "GEOID20": "47141007272"}, "geometry": {"type": "Point", "coordinates": [-85.72572402754238, 36.1125675]}}, {"type": "Feature", "properties": {"county_nam": "Putnam", "county_norm": "PUTNAM", "prec_id": "007270", "precinct_norm": "PUTNAM - 007270", "precinct_name": "Putnam - 007270", "precinct_full_name": "08E Buffalo Valley", "name20": "08E Buffalo Valley", "GEOID20": "47141007270"}, "geometry": {"type": "Point", "coordinates": [-85.76257445911563, 36.1462785]}}, {"type": "Feature", "properties": {"county_nam": "Putnam", "county_norm": "PUTNAM", "prec_id": "007265", "precinct_norm": "PUTNAM - 007265", "precinct_name": "Putnam - 007265", "precinct_full_name": "09B Double Springs", "name20": "09B Double Springs", "GEOID20": "47141007265"}, "geometry": {"type": "Point", "coordinates": [-85.58592296140236, 36.1904255]}}, {"type": "Feature", "properties": {"county_nam": "Jackson", "county_norm": "JACKSON", "prec_id": "004508", "precinct_norm": "JACKSON - 004508", "precinct_name": "Jackson - 004508", "precinct_full_name": "1-2", "name20": "1-2", "GEOID20": "47087004508"}, "geometry": {"type": "Point", "coordinates": [-85.66018984530064, 36.3538875]}}, {"type": "Feature", "properties": {"county_nam": "Jackson", "county_norm": "JACKSON", "prec_id": "004507", "precinct_norm": "JACKSON - 004507", "precinct_name": "Jackson - 004507", "precinct_full_name": "1-1", "name20": "1-1", "GEOID20": "47087004507"}, "geometry": {"type": "Point", "coordinates": [-85.63052197750645, 36.3539725]}}, {"type": "Feature", "properties": {"county_nam": "Jackson", "county_norm": "JACKSON", "prec_id": "004502", "precinct_norm": "JACKSON - 004502", "precinct_name": "Jackson - 004502", "precinct_full_name": "2-2", "name20": "2-2", "GEOID20": "47087004502"}, "geometry": {"type": "Point", "coordinates": [-85.58536349522569, 36.429828]}}, {"type": "Feature", "properties": {"county_nam": "Jackson", "county_norm": "JACKSON", "prec_id": "004509", "precinct_norm": "JACKSON - 004509", "precinct_name": "Jackson - 004509", "precinct_full_name": "2-1", "name20": "2-1", "GEOID20": "47087004509"}, "geometry": {"type": "Point", "coordinates": [-85.56095041148676, 36.3683085]}}, {"type": "Feature", "properties": {"county_nam": "Jackson", "county_norm": "JACKSON", "prec_id": "004501", "precinct_norm": "JACKSON - 004501", "precinct_name": "Jackson - 004501", "precinct_full_name": "6-1", "name20": "6-1", "GEOID20": "47087004501"}, "geometry": {"type": "Point", "coordinates": [-85.70157174586467, 36.447876]}}, {"type": "Feature", "properties": {"county_nam": "Jackson", "county_norm": "JACKSON", "prec_id": "004504", "precinct_norm": "JACKSON - 004504", "precinct_name": "Jackson - 004504", "precinct_full_name": "3-1", "name20": "3-1", "GEOID20": "47087004504"}, "geometry": {"type": "Point", "coordinates": [-85.58023957350382, 36.3083795]}}, {"type": "Feature", "properties": {"county_nam": "Jackson", "county_norm": "JACKSON", "prec_id": "004510", "precinct_norm": "JACKSON - 004510", "precinct_name": "Jackson - 004510", "precinct_full_name": "3-2", "name20": "3-2", "GEOID20": "47087004510"}, "geometry": {"type": "Point", "coordinates": [-85.52936678750312, 36.316382000000004]}}, {"type": "Feature", "properties": {"county_nam": "Jackson", "county_norm": "JACKSON", "prec_id": "004511", "precinct_norm": "JACKSON - 004511", "precinct_name": "Jackson - 004511", "precinct_full_name": "4-1", "name20": "4-1", "GEOID20": "47087004511"}, "geometry": {"type": "Point", "coordinates": [-85.59193058033242, 36.25499]}}, {"type": "Feature", "properties": {"county_nam": "Jackson", "county_norm": "JACKSON", "prec_id": "004512", "precinct_norm": "JACKSON - 004512", "precinct_name": "Jackson - 004512", "precinct_full_name": "4-2", "name20": "4-2", "GEOID20": "47087004512"}, "geometry": {"type": "Point", "coordinates": [-85.54413913775511, 36.270952]}}, {"type": "Feature", "properties": {"county_nam": "Jackson", "county_norm": "JACKSON", "prec_id": "004505", "precinct_norm": "JACKSON - 004505", "precinct_name": "Jackson - 004505", "precinct_full_name": "5-2", "name20": "5-2", "GEOID20": "47087004505"}, "geometry": {"type": "Point", "coordinates": [-85.71995587765957, 36.268745]}}, {"type": "Feature", "properties": {"county_nam": "Jackson", "county_norm": "JACKSON", "prec_id": "004506", "precinct_norm": "JACKSON - 004506", "precinct_name": "Jackson - 004506", "precinct_full_name": "5-1", "name20": "5-1", "GEOID20": "47087004506"}, "geometry": {"type": "Point", "coordinates": [-85.6771536129423, 36.305614500000004]}}, {"type": "Feature", "properties": {"county_nam": "Jackson", "county_norm": "JACKSON", "prec_id": "004503", "precinct_norm": "JACKSON - 004503", "precinct_name": "Jackson - 004503", "precinct_full_name": "6-2", "name20": "6-2", "GEOID20": "47087004503"}, "geometry": {"type": "Point", "coordinates": [-85.80173103004739, 36.344944999999996]}}, {"type": "Feature", "properties": {"county_nam": "Putnam", "county_norm": "PUTNAM", "prec_id": "007269", "precinct_norm": "PUTNAM - 007269", "precinct_name": "Putnam - 007269", "precinct_full_name": "08F Cornerstone School", "name20": "08F Cornerstone School", "GEOID20": "47141007269"}, "geometry": {"type": "Point", "coordinates": [-85.64513683965015, 36.125491499999995]}}, {"type": "Feature", "properties": {"county_nam": "Putnam", "county_norm": "PUTNAM", "prec_id": "007258", "precinct_norm": "PUTNAM - 007258", "precinct_name": "Putnam - 007258", "precinct_full_name": "10B Sycamore", "name20": "10B Sycamore", "GEOID20": "47141007258"}, "geometry": {"type": "Point", "coordinates": [-85.51847111974843, 36.183192500000004]}}, {"type": "Feature", "properties": {"county_nam": "Putnam", "county_norm": "PUTNAM", "prec_id": "007257", "precinct_norm": "PUTNAM - 007257", "precinct_name": "Putnam - 007257", "precinct_full_name": "10 Pavilion", "name20": "10 Pavilion", "GEOID20": "47141007257"}, "geometry": {"type": "Point", "coordinates": [-85.5319003864702, 36.209646]}}, {"type": "Feature", "properties": {"county_nam": "Putnam", "county_norm": "PUTNAM", "prec_id": "007251", "precinct_norm": "PUTNAM - 007251", "precinct_name": "Putnam - 007251", "precinct_full_name": "11B Cookeville High School", "name20": "11B Cookeville High School", "GEOID20": "47141007251"}, "geometry": {"type": "Point", "coordinates": [-85.48300911608139, 36.2071045]}}, {"type": "Feature", "properties": {"county_nam": "Putnam", "county_norm": "PUTNAM", "prec_id": "007253", "precinct_norm": "PUTNAM - 007253", "precinct_name": "Putnam - 007253", "precinct_full_name": "11A Bangham", "name20": "11A Bangham", "GEOID20": "47141007253"}, "geometry": {"type": "Point", "coordinates": [-85.48214987834749, 36.261438]}}, {"type": "Feature", "properties": {"county_nam": "Putnam", "county_norm": "PUTNAM", "prec_id": "007260", "precinct_norm": "PUTNAM - 007260", "precinct_name": "Putnam - 007260", "precinct_full_name": "12C Brotherton", "name20": "12C Brotherton", "GEOID20": "47141007260"}, "geometry": {"type": "Point", "coordinates": [-85.36563186987917, 36.1851385]}}, {"type": "Feature", "properties": {"county_nam": "Putnam", "county_norm": "PUTNAM", "prec_id": "007254", "precinct_norm": "PUTNAM - 007254", "precinct_name": "Putnam - 007254", "precinct_full_name": "12B Algood Outside", "name20": "12B Algood Outside", "GEOID20": "47141007254"}, "geometry": {"type": "Point", "coordinates": [-85.40712942578423, 36.204657499999996]}}, {"type": "Feature", "properties": {"county_nam": "Putnam", "county_norm": "PUTNAM", "prec_id": "007252", "precinct_norm": "PUTNAM - 007252", "precinct_name": "Putnam - 007252", "precinct_full_name": "12A Algood Inside", "name20": "12A Algood Inside", "GEOID20": "47141007252"}, "geometry": {"type": "Point", "coordinates": [-85.44577060121173, 36.1963695]}}, {"type": "Feature", "properties": {"county_nam": "Monroe", "county_norm": "MONROE", "prec_id": "006353", "precinct_norm": "MONROE - 006353", "precinct_name": "Monroe - 006353", "precinct_full_name": "Brown Elementary School", "name20": "Brown Elementary School", "GEOID20": "47123006353"}, "geometry": {"type": "Point", "coordinates": [-84.45846392156623, 35.5921205]}}, {"type": "Feature", "properties": {"county_nam": "Monroe", "county_norm": "MONROE", "prec_id": "006352", "precinct_norm": "MONROE - 006352", "precinct_name": "Monroe - 006352", "precinct_full_name": "Broad Street School", "name20": "Broad Street School", "GEOID20": "47123006352"}, "geometry": {"type": "Point", "coordinates": [-84.47414216235924, 35.6035165]}}, {"type": "Feature", "properties": {"county_nam": "Monroe", "county_norm": "MONROE", "prec_id": "006351", "precinct_norm": "MONROE - 006351", "precinct_name": "Monroe - 006351", "precinct_full_name": "Sweetwater High School", "name20": "Sweetwater High School", "GEOID20": "47123006351"}, "geometry": {"type": "Point", "coordinates": [-84.40732730384616, 35.587927]}}, {"type": "Feature", "properties": {"county_nam": "Monroe", "county_norm": "MONROE", "prec_id": "006356", "precinct_norm": "MONROE - 006356", "precinct_name": "Monroe - 006356", "precinct_full_name": "Madisonville Primary School", "name20": "Madisonville Primary School", "GEOID20": "47123006356"}, "geometry": {"type": "Point", "coordinates": [-84.40087982329496, 35.487209]}}, {"type": "Feature", "properties": {"county_nam": "Monroe", "county_norm": "MONROE", "prec_id": "006355", "precinct_norm": "MONROE - 006355", "precinct_name": "Monroe - 006355", "precinct_full_name": "Election Commission", "name20": "Election Commission", "GEOID20": "47123006355"}, "geometry": {"type": "Point", "coordinates": [-84.36231718013468, 35.5194585]}}, {"type": "Feature", "properties": {"county_nam": "Monroe", "county_norm": "MONROE", "prec_id": "006357", "precinct_norm": "MONROE - 006357", "precinct_name": "Monroe - 006357", "precinct_full_name": "Sequoyah High School", "name20": "Sequoyah High School", "GEOID20": "47123006357"}, "geometry": {"type": "Point", "coordinates": [-84.29791542099068, 35.547233500000004]}}, {"type": "Feature", "properties": {"county_nam": "Monroe", "county_norm": "MONROE", "prec_id": "006359", "precinct_norm": "MONROE - 006359", "precinct_name": "Monroe - 006359", "precinct_full_name": "Notchey Creek Fire Dept", "name20": "Notchey Creek Fire Dept", "GEOID20": "47123006359"}, "geometry": {"type": "Point", "coordinates": [-84.36287904063698, 35.450071]}}, {"type": "Feature", "properties": {"county_nam": "Monroe", "county_norm": "MONROE", "prec_id": "006362", "precinct_norm": "MONROE - 006362", "precinct_name": "Monroe - 006362", "precinct_full_name": "Coker Creek School", "name20": "Coker Creek School", "GEOID20": "47123006362"}, "geometry": {"type": "Point", "coordinates": [-84.27016273441734, 35.279034]}}, {"type": "Feature", "properties": {"county_nam": "Monroe", "county_norm": "MONROE", "prec_id": "006361", "precinct_norm": "MONROE - 006361", "precinct_name": "Monroe - 006361", "precinct_full_name": "Tellico Community Center", "name20": "Tellico Community Center", "GEOID20": "47123006361"}, "geometry": {"type": "Point", "coordinates": [-84.18100129046996, 35.3578835]}}, {"type": "Feature", "properties": {"county_nam": "Monroe", "county_norm": "MONROE", "prec_id": "006360", "precinct_norm": "MONROE - 006360", "precinct_name": "Monroe - 006360", "precinct_full_name": "Rural Vale Fire Dept", "name20": "Rural Vale Fire Dept", "GEOID20": "47123006360"}, "geometry": {"type": "Point", "coordinates": [-84.37994091418628, 35.3276405]}}, {"type": "Feature", "properties": {"county_nam": "Monroe", "county_norm": "MONROE", "prec_id": "006363", "precinct_norm": "MONROE - 006363", "precinct_name": "Monroe - 006363", "precinct_full_name": "Ballplay Fire Dept", "name20": "Ballplay Fire Dept", "GEOID20": "47123006363"}, "geometry": {"type": "Point", "coordinates": [-84.11567650086207, 35.4795955]}}, {"type": "Feature", "properties": {"county_nam": "Monroe", "county_norm": "MONROE", "prec_id": "006358", "precinct_norm": "MONROE - 006358", "precinct_name": "Monroe - 006358", "precinct_full_name": "Vonore Community Center", "name20": "Vonore Community Center", "GEOID20": "47123006358"}, "geometry": {"type": "Point", "coordinates": [-84.24086052350177, 35.593529]}}, {"type": "Feature", "properties": {"county_nam": "Monroe", "county_norm": "MONROE", "prec_id": "006354", "precinct_norm": "MONROE - 006354", "precinct_name": "Monroe - 006354", "precinct_full_name": "Vonore Elementary School", "name20": "Vonore Elementary School", "GEOID20": "47123006354"}, "geometry": {"type": "Point", "coordinates": [-84.1761180226824, 35.580915000000005]}}, {"type": "Feature", "properties": {"county_nam": "Rutherford", "county_norm": "RUTHERFORD", "prec_id": "007664", "precinct_norm": "RUTHERFORD - 007664", "precinct_name": "Rutherford - 007664", "precinct_full_name": "7-2 Barfield Elementary School", "name20": "7-2 Barfield Elementary School", "GEOID20": "47149007664"}, "geometry": {"type": "Point", "coordinates": [-86.43352187028195, 35.805714]}}, {"type": "Feature", "properties": {"county_nam": "Rutherford", "county_norm": "RUTHERFORD", "prec_id": "007665", "precinct_norm": "RUTHERFORD - 007665", "precinct_name": "Rutherford - 007665", "precinct_full_name": "8-1 Rockvale Middle School", "name20": "8-1 Rockvale Middle School", "GEOID20": "47149007665"}, "geometry": {"type": "Point", "coordinates": [-86.53186383786385, 35.770833999999994]}}, {"type": "Feature", "properties": {"county_nam": "Rutherford", "county_norm": "RUTHERFORD", "prec_id": "007668", "precinct_norm": "RUTHERFORD - 007668", "precinct_name": "Rutherford - 007668", "precinct_full_name": "8-4 Crescent Church of Christ", "name20": "8-4 Crescent Church of Christ", "GEOID20": "47149007668"}, "geometry": {"type": "Point", "coordinates": [-86.44398272519311, 35.752819]}}, {"type": "Feature", "properties": {"county_nam": "Rutherford", "county_norm": "RUTHERFORD", "prec_id": "007666", "precinct_norm": "RUTHERFORD - 007666", "precinct_name": "Rutherford - 007666", "precinct_full_name": "8-2 Eagleville Community Center", "name20": "8-2 Eagleville Community Center", "GEOID20": "47149007666"}, "geometry": {"type": "Point", "coordinates": [-86.64759417975927, 35.7405085]}}, {"type": "Feature", "properties": {"county_nam": "Rutherford", "county_norm": "RUTHERFORD", "prec_id": "007683", "precinct_norm": "RUTHERFORD - 007683", "precinct_name": "Rutherford - 007683", "precinct_full_name": "16-1 Central Magnet School", "name20": "16-1 Central Magnet School", "GEOID20": "47149007683"}, "geometry": {"type": "Point", "coordinates": [-86.39059081910365, 35.8591625]}}, {"type": "Feature", "properties": {"county_nam": "Rutherford", "county_norm": "RUTHERFORD", "prec_id": "007667", "precinct_norm": "RUTHERFORD - 007667", "precinct_name": "Rutherford - 007667", "precinct_full_name": "8-3 Lebanon Campground Church", "name20": "8-3 Lebanon Campground Church", "GEOID20": "47149007667"}, "geometry": {"type": "Point", "coordinates": [-86.47173396185721, 35.6949005]}}, {"type": "Feature", "properties": {"county_nam": "Rutherford", "county_norm": "RUTHERFORD", "prec_id": "007689", "precinct_norm": "RUTHERFORD - 007689", "precinct_name": "Rutherford - 007689", "precinct_full_name": "18-1 Patterson Park Community Center", "name20": "18-1 Patterson Park Community Center", "GEOID20": "47149007689"}, "geometry": {"type": "Point", "coordinates": [-86.40155712118644, 35.824428499999996]}}, {"type": "Feature", "properties": {"county_nam": "Rutherford", "county_norm": "RUTHERFORD", "prec_id": "007670", "precinct_norm": "RUTHERFORD - 007670", "precinct_name": "Rutherford - 007670", "precinct_full_name": "9-2 Browns Chapel Elementary School", "name20": "9-2 Browns Chapel Elementary School", "GEOID20": "47149007670"}, "geometry": {"type": "Point", "coordinates": [-86.52581658518972, 35.904947]}}, {"type": "Feature", "properties": {"county_nam": "Rutherford", "county_norm": "RUTHERFORD", "prec_id": "007669", "precinct_norm": "RUTHERFORD - 007669", "precinct_name": "Rutherford - 007669", "precinct_full_name": "9-1 Stewarts Creek Elementary School", "name20": "9-1 Stewarts Creek Elementary School", "GEOID20": "47149007669"}, "geometry": {"type": "Point", "coordinates": [-86.58669418484894, 35.923970999999995]}}, {"type": "Feature", "properties": {"county_nam": "Rutherford", "county_norm": "RUTHERFORD", "prec_id": "007684", "precinct_norm": "RUTHERFORD - 007684", "precinct_name": "Rutherford - 007684", "precinct_full_name": "16-2 Mitchell-Neilson Primary School", "name20": "16-2 Mitchell-Neilson Primary School", "GEOID20": "47149007684"}, "geometry": {"type": "Point", "coordinates": [-86.39524385852265, 35.8682145]}}, {"type": "Feature", "properties": {"county_nam": "Rutherford", "county_norm": "RUTHERFORD", "prec_id": "007686", "precinct_norm": "RUTHERFORD - 007686", "precinct_name": "Rutherford - 007686", "precinct_full_name": "17-1 North Boulevard Church of Christ", "name20": "17-1 North Boulevard Church of Christ", "GEOID20": "47149007686"}, "geometry": {"type": "Point", "coordinates": [-86.36103078850604, 35.8577285]}}, {"type": "Feature", "properties": {"county_nam": "Rutherford", "county_norm": "RUTHERFORD", "prec_id": "007687", "precinct_norm": "RUTHERFORD - 007687", "precinct_name": "Rutherford - 007687", "precinct_full_name": "17-2 Kingwood Heights Church of Christ", "name20": "17-2 Kingwood Heights Church of Christ", "GEOID20": "47149007687"}, "geometry": {"type": "Point", "coordinates": [-86.36443194078947, 35.869833]}}, {"type": "Feature", "properties": {"county_nam": "Rutherford", "county_norm": "RUTHERFORD", "prec_id": "007690", "precinct_norm": "RUTHERFORD - 007690", "precinct_name": "Rutherford - 007690", "precinct_full_name": "18-2 Riverdale High School", "name20": "18-2 Riverdale High School", "GEOID20": "47149007690"}, "geometry": {"type": "Point", "coordinates": [-86.37971716468978, 35.798089000000004]}}, {"type": "Feature", "properties": {"county_nam": "Rutherford", "county_norm": "RUTHERFORD", "prec_id": "007678", "precinct_norm": "RUTHERFORD - 007678", "precinct_name": "Rutherford - 007678", "precinct_full_name": "13-2 Cason Lane Academy", "name20": "13-2 Cason Lane Academy", "GEOID20": "47149007678"}, "geometry": {"type": "Point", "coordinates": [-86.44784254022403, 35.8331245]}}, {"type": "Feature", "properties": {"county_nam": "Rutherford", "county_norm": "RUTHERFORD", "prec_id": "007677", "precinct_norm": "RUTHERFORD - 007677", "precinct_name": "Rutherford - 007677", "precinct_full_name": "13-1 Bellwood-Bowdoin Pre-School", "name20": "13-1 Bellwood-Bowdoin Pre-School", "GEOID20": "47149007677"}, "geometry": {"type": "Point", "coordinates": [-86.42612592357708, 35.833968]}}, {"type": "Feature", "properties": {"county_nam": "Rutherford", "county_norm": "RUTHERFORD", "prec_id": "007688", "precinct_norm": "RUTHERFORD - 007688", "precinct_name": "Rutherford - 007688", "precinct_full_name": "17-3 Wesley Foundation", "name20": "17-3 Wesley Foundation", "GEOID20": "47149007688"}, "geometry": {"type": "Point", "coordinates": [-86.35925174104233, 35.842546999999996]}}, {"type": "Feature", "properties": {"county_nam": "Union", "county_norm": "UNION", "prec_id": "009003", "precinct_norm": "UNION - 009003", "precinct_name": "Union - 009003", "precinct_full_name": "1-1 Union County High School", "name20": "1-1 Union County High School", "GEOID20": "47173009003"}, "geometry": {"type": "Point", "coordinates": [-83.79706134999999, 36.2346415]}}, {"type": "Feature", "properties": {"county_nam": "Union", "county_norm": "UNION", "prec_id": "009002", "precinct_norm": "UNION - 009002", "precinct_name": "Union - 009002", "precinct_full_name": "2-2 Luttrell Elementary School", "name20": "2-2 Luttrell Elementary School", "GEOID20": "47173009002"}, "geometry": {"type": "Point", "coordinates": [-83.73096158333334, 36.226934]}}, {"type": "Feature", "properties": {"county_nam": "Union", "county_norm": "UNION", "prec_id": "009004", "precinct_norm": "UNION - 009004", "precinct_name": "Union - 009004", "precinct_full_name": "3-2 Cedar Grove Community Cen.", "name20": "3-2 Cedar Grove Community Cen.", "GEOID20": "47173009004"}, "geometry": {"type": "Point", "coordinates": [-83.80385737665563, 36.2899685]}}, {"type": "Feature", "properties": {"county_nam": "Union", "county_norm": "UNION", "prec_id": "009001", "precinct_norm": "UNION - 009001", "precinct_name": "Union - 009001", "precinct_full_name": "3-3 Brock Community Center", "name20": "3-3 Brock Community Center", "GEOID20": "47173009001"}, "geometry": {"type": "Point", "coordinates": [-83.71627058196384, 36.3159345]}}, {"type": "Feature", "properties": {"county_nam": "Union", "county_norm": "UNION", "prec_id": "009005", "precinct_norm": "UNION - 009005", "precinct_name": "Union - 009005", "precinct_full_name": "4-7 Big Ridge Elementary Sch.", "name20": "4-7 Big Ridge Elementary Sch.", "GEOID20": "47173009005"}, "geometry": {"type": "Point", "coordinates": [-83.91676232017949, 36.242954999999995]}}, {"type": "Feature", "properties": {"county_nam": "Union", "county_norm": "UNION", "prec_id": "009009", "precinct_norm": "UNION - 009009", "precinct_name": "Union - 009009", "precinct_full_name": "5-10 Sharps Chapel Elementary", "name20": "5-10 Sharps Chapel Elementary", "GEOID20": "47173009009"}, "geometry": {"type": "Point", "coordinates": [-83.8492828339416, 36.3484835]}}, {"type": "Feature", "properties": {"county_nam": "Union", "county_norm": "UNION", "prec_id": "009008", "precinct_norm": "UNION - 009008", "precinct_name": "Union - 009008", "precinct_full_name": "5-13 Braden Chapel Church", "name20": "5-13 Braden Chapel Church", "GEOID20": "47173009008"}, "geometry": {"type": "Point", "coordinates": [-83.8713606777575, 36.410802000000004]}}, {"type": "Feature", "properties": {"county_nam": "Union", "county_norm": "UNION", "prec_id": "009007", "precinct_norm": "UNION - 009007", "precinct_name": "Union - 009007", "precinct_full_name": "7-1 Plainview Community Center", "name20": "7-1 Plainview Community Center", "GEOID20": "47173009007"}, "geometry": {"type": "Point", "coordinates": [-83.80022178873239, 36.1862645]}}, {"type": "Feature", "properties": {"county_nam": "Union", "county_norm": "UNION", "prec_id": "009006", "precinct_norm": "UNION - 009006", "precinct_name": "Union - 009006", "precinct_full_name": "6-6 Paulette Elementary School", "name20": "6-6 Paulette Elementary School", "GEOID20": "47173009006"}, "geometry": {"type": "Point", "coordinates": [-83.88487037333334, 36.1978725]}}, {"type": "Feature", "properties": {"county_nam": "Lawrence", "county_norm": "LAWRENCE", "prec_id": "005154", "precinct_norm": "LAWRENCE - 005154", "precinct_name": "Lawrence - 005154", "precinct_full_name": "1-2 West Loretto", "name20": "1-2 West Loretto", "GEOID20": "47099005154"}, "geometry": {"type": "Point", "coordinates": [-87.4437632, 35.0974725]}}, {"type": "Feature", "properties": {"county_nam": "Lawrence", "county_norm": "LAWRENCE", "prec_id": "005170", "precinct_norm": "LAWRENCE - 005170", "precinct_name": "Lawrence - 005170", "precinct_full_name": "1-1 St. Joseph", "name20": "1-1 St. Joseph", "GEOID20": "47099005170"}, "geometry": {"type": "Point", "coordinates": [-87.48532489821098, 35.0363565]}}, {"type": "Feature", "properties": {"county_nam": "Lawrence", "county_norm": "LAWRENCE", "prec_id": "005171", "precinct_norm": "LAWRENCE - 005171", "precinct_name": "Lawrence - 005171", "precinct_full_name": "6-1 Iron City", "name20": "6-1 Iron City", "GEOID20": "47099005171"}, "geometry": {"type": "Point", "coordinates": [-87.53675389601473, 35.055837]}}, {"type": "Feature", "properties": {"county_nam": "Lawrence", "county_norm": "LAWRENCE", "prec_id": "005151", "precinct_norm": "LAWRENCE - 005151", "precinct_name": "Lawrence - 005151", "precinct_full_name": "2-1 Loretto Civic Center", "name20": "2-1 Loretto Civic Center", "GEOID20": "47099005151"}, "geometry": {"type": "Point", "coordinates": [-87.39320689253422, 35.063356]}}, {"type": "Feature", "properties": {"county_nam": "Lawrence", "county_norm": "LAWRENCE", "prec_id": "005169", "precinct_norm": "LAWRENCE - 005169", "precinct_name": "Lawrence - 005169", "precinct_full_name": "3-2 Centerpoint", "name20": "3-2 Centerpoint", "GEOID20": "47099005169"}, "geometry": {"type": "Point", "coordinates": [-87.32762809632415, 35.117678999999995]}}, {"type": "Feature", "properties": {"county_nam": "Lawrence", "county_norm": "LAWRENCE", "prec_id": "005152", "precinct_norm": "LAWRENCE - 005152", "precinct_name": "Lawrence - 005152", "precinct_full_name": "4-1 Crossroads Fire Hall", "name20": "4-1 Crossroads Fire Hall", "GEOID20": "47099005152"}, "geometry": {"type": "Point", "coordinates": [-87.26077215566038, 35.1541255]}}, {"type": "Feature", "properties": {"county_nam": "Lawrence", "county_norm": "LAWRENCE", "prec_id": "005153", "precinct_norm": "LAWRENCE - 005153", "precinct_name": "Lawrence - 005153", "precinct_full_name": "3-1 South East Lawrence", "name20": "3-1 South East Lawrence", "GEOID20": "47099005153"}, "geometry": {"type": "Point", "coordinates": [-87.28213150832897, 35.057403]}}, {"type": "Feature", "properties": {"county_nam": "Lawrence", "county_norm": "LAWRENCE", "prec_id": "005168", "precinct_norm": "LAWRENCE - 005168", "precinct_name": "Lawrence - 005168", "precinct_full_name": "18-1 E.O. Coffman", "name20": "18-1 E.O. Coffman", "GEOID20": "47099005168"}, "geometry": {"type": "Point", "coordinates": [-87.3221607122431, 35.24013]}}, {"type": "Feature", "properties": {"county_nam": "Lawrence", "county_norm": "LAWRENCE", "prec_id": "005156", "precinct_norm": "LAWRENCE - 005156", "precinct_name": "Lawrence - 005156", "precinct_full_name": "6-2 West Point", "name20": "6-2 West Point", "GEOID20": "47099005156"}, "geometry": {"type": "Point", "coordinates": [-87.50261576408451, 35.1475315]}}, {"type": "Feature", "properties": {"county_nam": "Lawrence", "county_norm": "LAWRENCE", "prec_id": "005162", "precinct_norm": "LAWRENCE - 005162", "precinct_name": "Lawrence - 005162", "precinct_full_name": "12-2 Henryville Community Club", "name20": "12-2 Henryville Community Club", "GEOID20": "47099005162"}, "geometry": {"type": "Point", "coordinates": [-87.3845289627914, 35.389742]}}, {"type": "Feature", "properties": {"county_nam": "Hamilton", "county_norm": "HAMILTON", "prec_id": "003384", "precinct_norm": "HAMILTON - 003384", "precinct_name": "Hamilton - 003384", "precinct_full_name": "Downtown 1", "name20": "Downtown 1", "GEOID20": "47065003384"}, "geometry": {"type": "Point", "coordinates": [-85.31189142245574, 35.047892000000004]}}, {"type": "Feature", "properties": {"county_nam": "Hamilton", "county_norm": "HAMILTON", "prec_id": "003434", "precinct_norm": "HAMILTON - 003434", "precinct_name": "Hamilton - 003434", "precinct_full_name": "North Chattanooga 1", "name20": "North Chattanooga 1", "GEOID20": "47065003434"}, "geometry": {"type": "Point", "coordinates": [-85.29654593949863, 35.0641455]}}, {"type": "Feature", "properties": {"county_nam": "Hamilton", "county_norm": "HAMILTON", "prec_id": "003355", "precinct_norm": "HAMILTON - 003355", "precinct_name": "Hamilton - 003355", "precinct_full_name": "Apison 1", "name20": "Apison 1", "GEOID20": "47065003355"}, "geometry": {"type": "Point", "coordinates": [-85.01773573070662, 35.013731]}}, {"type": "Feature", "properties": {"county_nam": "Hamilton", "county_norm": "HAMILTON", "prec_id": "003368", "precinct_norm": "HAMILTON - 003368", "precinct_name": "Hamilton - 003368", "precinct_full_name": "Collegedale 2", "name20": "Collegedale 2", "GEOID20": "47065003368"}, "geometry": {"type": "Point", "coordinates": [-85.03026773981901, 35.035013000000006]}}, {"type": "Feature", "properties": {"county_nam": "Hamilton", "county_norm": "HAMILTON", "prec_id": "003447", "precinct_norm": "HAMILTON - 003447", "precinct_name": "Hamilton - 003447", "precinct_full_name": "Pleasant Grove 2", "name20": "Pleasant Grove 2", "GEOID20": "47065003447"}, "geometry": {"type": "Point", "coordinates": [-85.22653374422734, 35.1918465]}}, {"type": "Feature", "properties": {"county_nam": "Hamilton", "county_norm": "HAMILTON", "prec_id": "003418", "precinct_norm": "HAMILTON - 003418", "precinct_name": "Hamilton - 003418", "precinct_full_name": "Lakesite", "name20": "Lakesite", "GEOID20": "47065003418"}, "geometry": {"type": "Point", "coordinates": [-85.13694919696835, 35.2026865]}}, {"type": "Feature", "properties": {"county_nam": "Hamilton", "county_norm": "HAMILTON", "prec_id": "003386", "precinct_norm": "HAMILTON - 003386", "precinct_name": "Hamilton - 003386", "precinct_full_name": "DuPont", "name20": "DuPont", "GEOID20": "47065003386"}, "geometry": {"type": "Point", "coordinates": [-85.2174071805916, 35.118434]}}, {"type": "Feature", "properties": {"county_nam": "Hamilton", "county_norm": "HAMILTON", "prec_id": "003436", "precinct_norm": "HAMILTON - 003436", "precinct_name": "Hamilton - 003436", "precinct_full_name": "Northgate 1", "name20": "Northgate 1", "GEOID20": "47065003436"}, "geometry": {"type": "Point", "coordinates": [-85.26138574999999, 35.131451]}}, {"type": "Feature", "properties": {"county_nam": "Hamilton", "county_norm": "HAMILTON", "prec_id": "003412", "precinct_norm": "HAMILTON - 003412", "precinct_name": "Hamilton - 003412", "precinct_full_name": "Hixson 2", "name20": "Hixson 2", "GEOID20": "47065003412"}, "geometry": {"type": "Point", "coordinates": [-85.22119813652981, 35.1525295]}}, {"type": "Feature", "properties": {"county_nam": "Hamilton", "county_norm": "HAMILTON", "prec_id": "003463", "precinct_norm": "HAMILTON - 003463", "precinct_name": "Hamilton - 003463", "precinct_full_name": "St Elmo 1", "name20": "St Elmo 1", "GEOID20": "47065003463"}, "geometry": {"type": "Point", "coordinates": [-85.33477279161065, 34.999002000000004]}}, {"type": "Feature", "properties": {"county_nam": "Hamilton", "county_norm": "HAMILTON", "prec_id": "003474", "precinct_norm": "HAMILTON - 003474", "precinct_name": "Hamilton - 003474", "precinct_full_name": "Westview 2", "name20": "Westview 2", "GEOID20": "47065003474"}, "geometry": {"type": "Point", "coordinates": [-85.11301885413641, 34.996184]}}, {"type": "Feature", "properties": {"county_nam": "Hamilton", "county_norm": "HAMILTON", "prec_id": "003367", "precinct_norm": "HAMILTON - 003367", "precinct_name": "Hamilton - 003367", "precinct_full_name": "Collegedale 1", "name20": "Collegedale 1", "GEOID20": "47065003367"}, "geometry": {"type": "Point", "coordinates": [-85.0635569362851, 35.044469]}}, {"type": "Feature", "properties": {"county_nam": "Hamilton", "county_norm": "HAMILTON", "prec_id": "003380", "precinct_norm": "HAMILTON - 003380", "precinct_name": "Hamilton - 003380", "precinct_full_name": "Courthouse 2", "name20": "Courthouse 2", "GEOID20": "47065003380"}, "geometry": {"type": "Point", "coordinates": [-85.30749941923077, 35.041973]}}, {"type": "Feature", "properties": {"county_nam": "Hamilton", "county_norm": "HAMILTON", "prec_id": "003437", "precinct_norm": "HAMILTON - 003437", "precinct_name": "Hamilton - 003437", "precinct_full_name": "Northgate 2", "name20": "Northgate 2", "GEOID20": "47065003437"}, "geometry": {"type": "Point", "coordinates": [-85.25146862387892, 35.127669]}}, {"type": "Feature", "properties": {"county_nam": "Hamilton", "county_norm": "HAMILTON", "prec_id": "003424", "precinct_norm": "HAMILTON - 003424", "precinct_name": "Hamilton - 003424", "precinct_full_name": "Middle Valley 1", "name20": "Middle Valley 1", "GEOID20": "47065003424"}, "geometry": {"type": "Point", "coordinates": [-85.1800699246862, 35.193070500000005]}}, {"type": "Feature", "properties": {"county_nam": "Hamilton", "county_norm": "HAMILTON", "prec_id": "003425", "precinct_norm": "HAMILTON - 003425", "precinct_name": "Hamilton - 003425", "precinct_full_name": "Middle Valley 2", "name20": "Middle Valley 2", "GEOID20": "47065003425"}, "geometry": {"type": "Point", "coordinates": [-85.16941018931612, 35.212653]}}, {"type": "Feature", "properties": {"county_nam": "Hamilton", "county_norm": "HAMILTON", "prec_id": "003475", "precinct_norm": "HAMILTON - 003475", "precinct_name": "Hamilton - 003475", "precinct_full_name": "Westview 3", "name20": "Westview 3", "GEOID20": "47065003475"}, "geometry": {"type": "Point", "coordinates": [-85.1187003019703, 35.022673499999996]}}, {"type": "Feature", "properties": {"county_nam": "Hamilton", "county_norm": "HAMILTON", "prec_id": "003441", "precinct_norm": "HAMILTON - 003441", "precinct_name": "Hamilton - 003441", "precinct_full_name": "Ooltewah 2", "name20": "Ooltewah 2", "GEOID20": "47065003441"}, "geometry": {"type": "Point", "coordinates": [-85.10534628515185, 35.0566005]}}, {"type": "Feature", "properties": {"county_nam": "Hamilton", "county_norm": "HAMILTON", "prec_id": "003440", "precinct_norm": "HAMILTON - 003440", "precinct_name": "Hamilton - 003440", "precinct_full_name": "Ooltewah 1", "name20": "Ooltewah 1", "GEOID20": "47065003440"}, "geometry": {"type": "Point", "coordinates": [-85.09424466054503, 35.041505]}}, {"type": "Feature", "properties": {"county_nam": "Hamilton", "county_norm": "HAMILTON", "prec_id": "003473", "precinct_norm": "HAMILTON - 003473", "precinct_name": "Hamilton - 003473", "precinct_full_name": "Westview 1", "name20": "Westview 1", "GEOID20": "47065003473"}, "geometry": {"type": "Point", "coordinates": [-85.10348434895022, 35.0169825]}}, {"type": "Feature", "properties": {"county_nam": "Hamilton", "county_norm": "HAMILTON", "prec_id": "003449", "precinct_norm": "HAMILTON - 003449", "precinct_name": "Hamilton - 003449", "precinct_full_name": "Red Bank 2", "name20": "Red Bank 2", "GEOID20": "47065003449"}, "geometry": {"type": "Point", "coordinates": [-85.2958581875, 35.1081925]}}, {"type": "Feature", "properties": {"county_nam": "Hamilton", "county_norm": "HAMILTON", "prec_id": "003454", "precinct_norm": "HAMILTON - 003454", "precinct_name": "Hamilton - 003454", "precinct_full_name": "Riverview", "name20": "Riverview", "GEOID20": "47065003454"}, "geometry": {"type": "Point", "coordinates": [-85.2874265275378, 35.071467999999996]}}, {"type": "Feature", "properties": {"county_nam": "Hamilton", "county_norm": "HAMILTON", "prec_id": "003388", "precinct_norm": "HAMILTON - 003388", "precinct_name": "Hamilton - 003388", "precinct_full_name": "East Brainerd 2", "name20": "East Brainerd 2", "GEOID20": "47065003388"}, "geometry": {"type": "Point", "coordinates": [-85.15131349692234, 35.0005685]}}, {"type": "Feature", "properties": {"county_nam": "Hamilton", "county_norm": "HAMILTON", "prec_id": "003387", "precinct_norm": "HAMILTON - 003387", "precinct_name": "Hamilton - 003387", "precinct_full_name": "East Brainerd 1", "name20": "East Brainerd 1", "GEOID20": "47065003387"}, "geometry": {"type": "Point", "coordinates": [-85.14388256360708, 35.017503]}}, {"type": "Feature", "properties": {"county_nam": "Hamilton", "county_norm": "HAMILTON", "prec_id": "003470", "precinct_norm": "HAMILTON - 003470", "precinct_name": "Hamilton - 003470", "precinct_full_name": "Tyner 2", "name20": "Tyner 2", "GEOID20": "47065003470"}, "geometry": {"type": "Point", "coordinates": [-85.1416877259332, 35.0574635]}}, {"type": "Feature", "properties": {"county_nam": "Hamilton", "county_norm": "HAMILTON", "prec_id": "003430", "precinct_norm": "HAMILTON - 003430", "precinct_name": "Hamilton - 003430", "precinct_full_name": "Mountain Creek 3", "name20": "Mountain Creek 3", "GEOID20": "47065003430"}, "geometry": {"type": "Point", "coordinates": [-85.33903820186444, 35.09649]}}, {"type": "Feature", "properties": {"county_nam": "Hamilton", "county_norm": "HAMILTON", "prec_id": "003357", "precinct_norm": "HAMILTON - 003357", "precinct_name": "Hamilton - 003357", "precinct_full_name": "Apison 3", "name20": "Apison 3", "GEOID20": "47065003357"}, "geometry": {"type": "Point", "coordinates": [-85.04651761963191, 35.036127]}}, {"type": "Feature", "properties": {"county_nam": "Hamilton", "county_norm": "HAMILTON", "prec_id": "003378", "precinct_norm": "HAMILTON - 003378", "precinct_name": "Hamilton - 003378", "precinct_full_name": "Concord 7", "name20": "Concord 7", "GEOID20": "47065003378"}, "geometry": {"type": "Point", "coordinates": [-85.0873651397965, 35.056889]}}, {"type": "Feature", "properties": {"county_nam": "Hamilton", "county_norm": "HAMILTON", "prec_id": "003356", "precinct_norm": "HAMILTON - 003356", "precinct_name": "Hamilton - 003356", "precinct_full_name": "Apison 2", "name20": "Apison 2", "GEOID20": "47065003356"}, "geometry": {"type": "Point", "coordinates": [-85.07969616508736, 35.0257795]}}, {"type": "Feature", "properties": {"county_nam": "Hamilton", "county_norm": "HAMILTON", "prec_id": "003363", "precinct_norm": "HAMILTON - 003363", "precinct_name": "Hamilton - 003363", "precinct_full_name": "Brainerd", "name20": "Brainerd", "GEOID20": "47065003363"}, "geometry": {"type": "Point", "coordinates": [-85.2397087257867, 35.0127845]}}, {"type": "Feature", "properties": {"county_nam": "Lawrence", "county_norm": "LAWRENCE", "prec_id": "005174", "precinct_norm": "LAWRENCE - 005174", "precinct_name": "Lawrence - 005174", "precinct_full_name": "12-1 Prince Tree Service", "name20": "12-1 Prince Tree Service", "GEOID20": "47099005174"}, "geometry": {"type": "Point", "coordinates": [-87.48283624850299, 35.369699499999996]}}, {"type": "Feature", "properties": {"county_nam": "Lawrence", "county_norm": "LAWRENCE", "prec_id": "005161", "precinct_norm": "LAWRENCE - 005161", "precinct_name": "Lawrence - 005161", "precinct_full_name": "11-1 Summertown", "name20": "11-1 Summertown", "GEOID20": "47099005161"}, "geometry": {"type": "Point", "coordinates": [-87.34300786674393, 35.427733]}}, {"type": "Feature", "properties": {"county_nam": "Lawrence", "county_norm": "LAWRENCE", "prec_id": "005166", "precinct_norm": "LAWRENCE - 005166", "precinct_name": "Lawrence - 005166", "precinct_full_name": "16-1 Rotary Park", "name20": "16-1 Rotary Park", "GEOID20": "47099005166"}, "geometry": {"type": "Point", "coordinates": [-87.33895098375385, 35.2475765]}}, {"type": "Feature", "properties": {"county_nam": "Lawrence", "county_norm": "LAWRENCE", "prec_id": "005165", "precinct_norm": "LAWRENCE - 005165", "precinct_name": "Lawrence - 005165", "precinct_full_name": "15-1 David Crockett", "name20": "15-1 David Crockett", "GEOID20": "47099005165"}, "geometry": {"type": "Point", "coordinates": [-87.3987997794761, 35.2713945]}}, {"type": "Feature", "properties": {"county_nam": "Lawrence", "county_norm": "LAWRENCE", "prec_id": "005167", "precinct_norm": "LAWRENCE - 005167", "precinct_name": "Lawrence - 005167", "precinct_full_name": "17-1 Sowell", "name20": "17-1 Sowell", "GEOID20": "47099005167"}, "geometry": {"type": "Point", "coordinates": [-87.32623188400706, 35.257181]}}, {"type": "Feature", "properties": {"county_nam": "Lawrence", "county_norm": "LAWRENCE", "prec_id": "005172", "precinct_norm": "LAWRENCE - 005172", "precinct_name": "Lawrence - 005172", "precinct_full_name": "5-2 Gandy", "name20": "5-2 Gandy", "GEOID20": "47099005172"}, "geometry": {"type": "Point", "coordinates": [-87.40866694569289, 35.18974]}}, {"type": "Feature", "properties": {"county_nam": "Lawrence", "county_norm": "LAWRENCE", "prec_id": "005155", "precinct_norm": "LAWRENCE - 005155", "precinct_name": "Lawrence - 005155", "precinct_full_name": "5-1 Leoma School Gym", "name20": "5-1 Leoma School Gym", "GEOID20": "47099005155"}, "geometry": {"type": "Point", "coordinates": [-87.36087296354953, 35.173136]}}, {"type": "Feature", "properties": {"county_nam": "Lawrence", "county_norm": "LAWRENCE", "prec_id": "005164", "precinct_norm": "LAWRENCE - 005164", "precinct_name": "Lawrence - 005164", "precinct_full_name": "14-1 Crawfish Valley", "name20": "14-1 Crawfish Valley", "GEOID20": "47099005164"}, "geometry": {"type": "Point", "coordinates": [-87.34020196152038, 35.3233065]}}, {"type": "Feature", "properties": {"county_nam": "Lawrence", "county_norm": "LAWRENCE", "prec_id": "005157", "precinct_norm": "LAWRENCE - 005157", "precinct_name": "Lawrence - 005157", "precinct_full_name": "7-1 Lawrenceburg Public", "name20": "7-1 Lawrenceburg Public", "GEOID20": "47099005157"}, "geometry": {"type": "Point", "coordinates": [-87.31432993600457, 35.214870000000005]}}, {"type": "Feature", "properties": {"county_nam": "Lawrence", "county_norm": "LAWRENCE", "prec_id": "005158", "precinct_norm": "LAWRENCE - 005158", "precinct_name": "Lawrence - 005158", "precinct_full_name": "8-1 New Prospect", "name20": "8-1 New Prospect", "GEOID20": "47099005158"}, "geometry": {"type": "Point", "coordinates": [-87.2515168971704, 35.233902]}}, {"type": "Feature", "properties": {"county_nam": "Lawrence", "county_norm": "LAWRENCE", "prec_id": "005160", "precinct_norm": "LAWRENCE - 005160", "precinct_name": "Lawrence - 005160", "precinct_full_name": "10-1 Howards", "name20": "10-1 Howards", "GEOID20": "47099005160"}, "geometry": {"type": "Point", "coordinates": [-87.2694562958201, 35.3863515]}}, {"type": "Feature", "properties": {"county_nam": "Lawrence", "county_norm": "LAWRENCE", "prec_id": "005163", "precinct_norm": "LAWRENCE - 005163", "precinct_name": "Lawrence - 005163", "precinct_full_name": "13-1 West End", "name20": "13-1 West End", "GEOID20": "47099005163"}, "geometry": {"type": "Point", "coordinates": [-87.5081210411381, 35.302381999999994]}}, {"type": "Feature", "properties": {"county_nam": "Lawrence", "county_norm": "LAWRENCE", "prec_id": "005173", "precinct_norm": "LAWRENCE - 005173", "precinct_name": "Lawrence - 005173", "precinct_full_name": "9-1 Ethridge", "name20": "9-1 Ethridge", "GEOID20": "47099005173"}, "geometry": {"type": "Point", "coordinates": [-87.26306530905153, 35.316862]}}, {"type": "Feature", "properties": {"county_nam": "Lawrence", "county_norm": "LAWRENCE", "prec_id": "005159", "precinct_norm": "LAWRENCE - 005159", "precinct_name": "Lawrence - 005159", "precinct_full_name": "9-2 Mars Hill", "name20": "9-2 Mars Hill", "GEOID20": "47099005159"}, "geometry": {"type": "Point", "coordinates": [-87.26528584107945, 35.2814225]}}, {"type": "Feature", "properties": {"county_nam": "Hamilton", "county_norm": "HAMILTON", "prec_id": "003426", "precinct_norm": "HAMILTON - 003426", "precinct_name": "Hamilton - 003426", "precinct_full_name": "Missionary Ridge", "name20": "Missionary Ridge", "GEOID20": "47065003426"}, "geometry": {"type": "Point", "coordinates": [-85.2696604018283, 35.0077585]}}, {"type": "Feature", "properties": {"county_nam": "Hamilton", "county_norm": "HAMILTON", "prec_id": "003391", "precinct_norm": "HAMILTON - 003391", "precinct_name": "Hamilton - 003391", "precinct_full_name": "East Lake", "name20": "East Lake", "GEOID20": "47065003391"}, "geometry": {"type": "Point", "coordinates": [-85.290406, 34.999759]}}, {"type": "Feature", "properties": {"county_nam": "Hamilton", "county_norm": "HAMILTON", "prec_id": "003394", "precinct_norm": "HAMILTON - 003394", "precinct_name": "Hamilton - 003394", "precinct_full_name": "East Ridge 3", "name20": "East Ridge 3", "GEOID20": "47065003394"}, "geometry": {"type": "Point", "coordinates": [-85.24399726756198, 34.9912705]}}, {"type": "Feature", "properties": {"county_nam": "Hamilton", "county_norm": "HAMILTON", "prec_id": "003393", "precinct_norm": "HAMILTON - 003393", "precinct_name": "Hamilton - 003393", "precinct_full_name": "East Ridge 2", "name20": "East Ridge 2", "GEOID20": "47065003393"}, "geometry": {"type": "Point", "coordinates": [-85.25612371473888, 35.0090115]}}, {"type": "Feature", "properties": {"county_nam": "Hamilton", "county_norm": "HAMILTON", "prec_id": "003377", "precinct_norm": "HAMILTON - 003377", "precinct_name": "Hamilton - 003377", "precinct_full_name": "Concord 6", "name20": "Concord 6", "GEOID20": "47065003377"}, "geometry": {"type": "Point", "coordinates": [-85.15254156668212, 35.0485645]}}, {"type": "Feature", "properties": {"county_nam": "Hamilton", "county_norm": "HAMILTON", "prec_id": "003364", "precinct_norm": "HAMILTON - 003364", "precinct_name": "Hamilton - 003364", "precinct_full_name": "Brainerd Hills", "name20": "Brainerd Hills", "GEOID20": "47065003364"}, "geometry": {"type": "Point", "coordinates": [-85.19405819955489, 35.0160525]}}, {"type": "Feature", "properties": {"county_nam": "Hamilton", "county_norm": "HAMILTON", "prec_id": "003375", "precinct_norm": "HAMILTON - 003375", "precinct_name": "Hamilton - 003375", "precinct_full_name": "Concord 4", "name20": "Concord 4", "GEOID20": "47065003375"}, "geometry": {"type": "Point", "coordinates": [-85.14097163648958, 35.038287499999996]}}, {"type": "Feature", "properties": {"county_nam": "Hamilton", "county_norm": "HAMILTON", "prec_id": "003372", "precinct_norm": "HAMILTON - 003372", "precinct_name": "Hamilton - 003372", "precinct_full_name": "Concord 2", "name20": "Concord 2", "GEOID20": "47065003372"}, "geometry": {"type": "Point", "coordinates": [-85.16332693628809, 35.02881]}}, {"type": "Feature", "properties": {"county_nam": "Hamilton", "county_norm": "HAMILTON", "prec_id": "003371", "precinct_norm": "HAMILTON - 003371", "precinct_name": "Hamilton - 003371", "precinct_full_name": "Concord 1", "name20": "Concord 1", "GEOID20": "47065003371"}, "geometry": {"type": "Point", "coordinates": [-85.17518900931233, 35.0072415]}}, {"type": "Feature", "properties": {"county_nam": "Hamilton", "county_norm": "HAMILTON", "prec_id": "003395", "precinct_norm": "HAMILTON - 003395", "precinct_name": "Hamilton - 003395", "precinct_full_name": "East Ridge 4", "name20": "East Ridge 4", "GEOID20": "47065003395"}, "geometry": {"type": "Point", "coordinates": [-85.20446240686275, 34.998661]}}, {"type": "Feature", "properties": {"county_nam": "Hamilton", "county_norm": "HAMILTON", "prec_id": "003400", "precinct_norm": "HAMILTON - 003400", "precinct_name": "Hamilton - 003400", "precinct_full_name": "Eastside 2", "name20": "Eastside 2", "GEOID20": "47065003400"}, "geometry": {"type": "Point", "coordinates": [-85.28816214140437, 35.0136715]}}, {"type": "Feature", "properties": {"county_nam": "Hamilton", "county_norm": "HAMILTON", "prec_id": "003370", "precinct_norm": "HAMILTON - 003370", "precinct_name": "Hamilton - 003370", "precinct_full_name": "Collegedale 4", "name20": "Collegedale 4", "GEOID20": "47065003370"}, "geometry": {"type": "Point", "coordinates": [-85.04299859917921, 35.068864000000005]}}, {"type": "Feature", "properties": {"county_nam": "Hamilton", "county_norm": "HAMILTON", "prec_id": "003407", "precinct_norm": "HAMILTON - 003407", "precinct_name": "Hamilton - 003407", "precinct_full_name": "Harrison 2", "name20": "Harrison 2", "GEOID20": "47065003407"}, "geometry": {"type": "Point", "coordinates": [-85.14375901697133, 35.129611499999996]}}, {"type": "Feature", "properties": {"county_nam": "Hamilton", "county_norm": "HAMILTON", "prec_id": "003361", "precinct_norm": "HAMILTON - 003361", "precinct_name": "Hamilton - 003361", "precinct_full_name": "Birchwood", "name20": "Birchwood", "GEOID20": "47065003361"}, "geometry": {"type": "Point", "coordinates": [-85.0258173445946, 35.2763725]}}, {"type": "Feature", "properties": {"county_nam": "Hamilton", "county_norm": "HAMILTON", "prec_id": "003417", "precinct_norm": "HAMILTON - 003417", "precinct_name": "Hamilton - 003417", "precinct_full_name": "Lake Hills", "name20": "Lake Hills", "GEOID20": "47065003417"}, "geometry": {"type": "Point", "coordinates": [-85.19474727176114, 35.077357]}}, {"type": "Feature", "properties": {"county_nam": "Hamilton", "county_norm": "HAMILTON", "prec_id": "003396", "precinct_norm": "HAMILTON - 003396", "precinct_name": "Hamilton - 003396", "precinct_full_name": "Eastdale", "name20": "Eastdale", "GEOID20": "47065003396"}, "geometry": {"type": "Point", "coordinates": [-85.23545696659076, 35.0363895]}}, {"type": "Feature", "properties": {"county_nam": "Hamilton", "county_norm": "HAMILTON", "prec_id": "003423", "precinct_norm": "HAMILTON - 003423", "precinct_name": "Hamilton - 003423", "precinct_full_name": "Meadowview", "name20": "Meadowview", "GEOID20": "47065003423"}, "geometry": {"type": "Point", "coordinates": [-85.04332184582333, 35.2226785]}}, {"type": "Feature", "properties": {"county_nam": "Hamilton", "county_norm": "HAMILTON", "prec_id": "003405", "precinct_norm": "HAMILTON - 003405", "precinct_name": "Hamilton - 003405", "precinct_full_name": "Glenwood", "name20": "Glenwood", "GEOID20": "47065003405"}, "geometry": {"type": "Point", "coordinates": [-85.2572589589692, 35.0414025]}}, {"type": "Feature", "properties": {"county_nam": "Hamilton", "county_norm": "HAMILTON", "prec_id": "003351", "precinct_norm": "HAMILTON - 003351", "precinct_name": "Hamilton - 003351", "precinct_full_name": "Airport", "name20": "Airport", "GEOID20": "47065003351"}, "geometry": {"type": "Point", "coordinates": [-85.18274506102694, 35.040726500000005]}}, {"type": "Feature", "properties": {"county_nam": "Hamilton", "county_norm": "HAMILTON", "prec_id": "003409", "precinct_norm": "HAMILTON - 003409", "precinct_name": "Hamilton - 003409", "precinct_full_name": "Harrison 4", "name20": "Harrison 4", "GEOID20": "47065003409"}, "geometry": {"type": "Point", "coordinates": [-85.1214620724472, 35.1598245]}}, {"type": "Feature", "properties": {"county_nam": "Hamilton", "county_norm": "HAMILTON", "prec_id": "003374", "precinct_norm": "HAMILTON - 003374", "precinct_name": "Hamilton - 003374", "precinct_full_name": "Concord 3", "name20": "Concord 3", "GEOID20": "47065003374"}, "geometry": {"type": "Point", "coordinates": [-85.16950014136243, 35.036126499999995]}}, {"type": "Feature", "properties": {"county_nam": "Hamilton", "county_norm": "HAMILTON", "prec_id": "003381", "precinct_norm": "HAMILTON - 003381", "precinct_name": "Hamilton - 003381", "precinct_full_name": "Dalewood", "name20": "Dalewood", "GEOID20": "47065003381"}, "geometry": {"type": "Point", "coordinates": [-85.23638375540921, 35.058628999999996]}}, {"type": "Feature", "properties": {"county_nam": "Hamilton", "county_norm": "HAMILTON", "prec_id": "003476", "precinct_norm": "HAMILTON - 003476", "precinct_name": "Hamilton - 003476", "precinct_full_name": "Woodmore 1", "name20": "Woodmore 1", "GEOID20": "47065003476"}, "geometry": {"type": "Point", "coordinates": [-85.22038057837446, 35.033041]}}, {"type": "Feature", "properties": {"county_nam": "Hamilton", "county_norm": "HAMILTON", "prec_id": "003459", "precinct_norm": "HAMILTON - 003459", "precinct_name": "Hamilton - 003459", "precinct_full_name": "Snowhill 2", "name20": "Snowhill 2", "GEOID20": "47065003459"}, "geometry": {"type": "Point", "coordinates": [-85.0440470805153, 35.156003999999996]}}, {"type": "Feature", "properties": {"county_nam": "Hamilton", "county_norm": "HAMILTON", "prec_id": "003410", "precinct_norm": "HAMILTON - 003410", "precinct_name": "Hamilton - 003410", "precinct_full_name": "Harrison 5", "name20": "Harrison 5", "GEOID20": "47065003410"}, "geometry": {"type": "Point", "coordinates": [-85.10499081553398, 35.183940500000006]}}, {"type": "Feature", "properties": {"county_nam": "Hamilton", "county_norm": "HAMILTON", "prec_id": "003477", "precinct_norm": "HAMILTON - 003477", "precinct_name": "Hamilton - 003477", "precinct_full_name": "Woodmore 2", "name20": "Woodmore 2", "GEOID20": "47065003477"}, "geometry": {"type": "Point", "coordinates": [-85.20263355152888, 35.035544]}}, {"type": "Feature", "properties": {"county_nam": "Hamilton", "county_norm": "HAMILTON", "prec_id": "003468", "precinct_norm": "HAMILTON - 003468", "precinct_name": "Hamilton - 003468", "precinct_full_name": "Summit 3", "name20": "Summit 3", "GEOID20": "47065003468"}, "geometry": {"type": "Point", "coordinates": [-85.07746407025209, 35.096789]}}, {"type": "Feature", "properties": {"county_nam": "Hamilton", "county_norm": "HAMILTON", "prec_id": "003433", "precinct_norm": "HAMILTON - 003433", "precinct_name": "Hamilton - 003433", "precinct_full_name": "Murray Hills 2", "name20": "Murray Hills 2", "GEOID20": "47065003433"}, "geometry": {"type": "Point", "coordinates": [-85.1760494964539, 35.0994295]}}, {"type": "Feature", "properties": {"county_nam": "Hamilton", "county_norm": "HAMILTON", "prec_id": "003411", "precinct_norm": "HAMILTON - 003411", "precinct_name": "Hamilton - 003411", "precinct_full_name": "Hixson 1", "name20": "Hixson 1", "GEOID20": "47065003411"}, "geometry": {"type": "Point", "coordinates": [-85.24371915756302, 35.1673165]}}, {"type": "Feature", "properties": {"county_nam": "Hamilton", "county_norm": "HAMILTON", "prec_id": "003353", "precinct_norm": "HAMILTON - 003353", "precinct_name": "Hamilton - 003353", "precinct_full_name": "Alton Park 2", "name20": "Alton Park 2", "GEOID20": "47065003353"}, "geometry": {"type": "Point", "coordinates": [-85.32767556233692, 34.998333]}}, {"type": "Feature", "properties": {"county_nam": "Hamilton", "county_norm": "HAMILTON", "prec_id": "003376", "precinct_norm": "HAMILTON - 003376", "precinct_name": "Hamilton - 003376", "precinct_full_name": "Concord 5", "name20": "Concord 5", "GEOID20": "47065003376"}, "geometry": {"type": "Point", "coordinates": [-85.1413988622449, 35.022144]}}, {"type": "Feature", "properties": {"county_nam": "Hamilton", "county_norm": "HAMILTON", "prec_id": "003392", "precinct_norm": "HAMILTON - 003392", "precinct_name": "Hamilton - 003392", "precinct_full_name": "East Ridge 1", "name20": "East Ridge 1", "GEOID20": "47065003392"}, "geometry": {"type": "Point", "coordinates": [-85.23408614574677, 35.0007135]}}, {"type": "Feature", "properties": {"county_nam": "Hamilton", "county_norm": "HAMILTON", "prec_id": "003451", "precinct_norm": "HAMILTON - 003451", "precinct_name": "Hamilton - 003451", "precinct_full_name": "Ridgedale 1", "name20": "Ridgedale 1", "GEOID20": "47065003451"}, "geometry": {"type": "Point", "coordinates": [-85.26951247809954, 35.027359000000004]}}, {"type": "Feature", "properties": {"county_nam": "Hamilton", "county_norm": "HAMILTON", "prec_id": "003442", "precinct_norm": "HAMILTON - 003442", "precinct_name": "Hamilton - 003442", "precinct_full_name": "Ooltewah 3", "name20": "Ooltewah 3", "GEOID20": "47065003442"}, "geometry": {"type": "Point", "coordinates": [-85.06179641927085, 35.0923375]}}, {"type": "Feature", "properties": {"county_nam": "Hamilton", "county_norm": "HAMILTON", "prec_id": "003408", "precinct_norm": "HAMILTON - 003408", "precinct_name": "Hamilton - 003408", "precinct_full_name": "Harrison 3", "name20": "Harrison 3", "GEOID20": "47065003408"}, "geometry": {"type": "Point", "coordinates": [-85.09011946186266, 35.1226595]}}, {"type": "Feature", "properties": {"county_nam": "Hamilton", "county_norm": "HAMILTON", "prec_id": "003443", "precinct_norm": "HAMILTON - 003443", "precinct_name": "Hamilton - 003443", "precinct_full_name": "Ooltewah 4", "name20": "Ooltewah 4", "GEOID20": "47065003443"}, "geometry": {"type": "Point", "coordinates": [-85.03170748086018, 35.101295500000006]}}, {"type": "Feature", "properties": {"county_nam": "Hamilton", "county_norm": "HAMILTON", "prec_id": "003466", "precinct_norm": "HAMILTON - 003466", "precinct_name": "Hamilton - 003466", "precinct_full_name": "Summit 1", "name20": "Summit 1", "GEOID20": "47065003466"}, "geometry": {"type": "Point", "coordinates": [-85.12909067505903, 35.088446000000005]}}, {"type": "Feature", "properties": {"county_nam": "Hamilton", "county_norm": "HAMILTON", "prec_id": "003362", "precinct_norm": "HAMILTON - 003362", "precinct_name": "Hamilton - 003362", "precinct_full_name": "Bonny Oaks", "name20": "Bonny Oaks", "GEOID20": "47065003362"}, "geometry": {"type": "Point", "coordinates": [-85.17507149573967, 35.0867375]}}, {"type": "Feature", "properties": {"county_nam": "Hamilton", "county_norm": "HAMILTON", "prec_id": "003469", "precinct_norm": "HAMILTON - 003469", "precinct_name": "Hamilton - 003469", "precinct_full_name": "Tyner 1", "name20": "Tyner 1", "GEOID20": "47065003469"}, "geometry": {"type": "Point", "coordinates": [-85.16073696571905, 35.064705000000004]}}, {"type": "Feature", "properties": {"county_nam": "Hamilton", "county_norm": "HAMILTON", "prec_id": "003416", "precinct_norm": "HAMILTON - 003416", "precinct_name": "Hamilton - 003416", "precinct_full_name": "Kingspoint 3", "name20": "Kingspoint 3", "GEOID20": "47065003416"}, "geometry": {"type": "Point", "coordinates": [-85.18240022505961, 35.0702975]}}, {"type": "Feature", "properties": {"county_nam": "Hamilton", "county_norm": "HAMILTON", "prec_id": "003414", "precinct_norm": "HAMILTON - 003414", "precinct_name": "Hamilton - 003414", "precinct_full_name": "Kingspoint 1", "name20": "Kingspoint 1", "GEOID20": "47065003414"}, "geometry": {"type": "Point", "coordinates": [-85.21923453487013, 35.0642735]}}, {"type": "Feature", "properties": {"county_nam": "Hamilton", "county_norm": "HAMILTON", "prec_id": "003406", "precinct_norm": "HAMILTON - 003406", "precinct_name": "Hamilton - 003406", "precinct_full_name": "Harrison 1", "name20": "Harrison 1", "GEOID20": "47065003406"}, "geometry": {"type": "Point", "coordinates": [-85.17641025, 35.108577499999996]}}, {"type": "Feature", "properties": {"county_nam": "Hamilton", "county_norm": "HAMILTON", "prec_id": "003390", "precinct_norm": "HAMILTON - 003390", "precinct_name": "Hamilton - 003390", "precinct_full_name": "East Chattanooga 2", "name20": "East Chattanooga 2", "GEOID20": "47065003390"}, "geometry": {"type": "Point", "coordinates": [-85.24508034848026, 35.0651095]}}, {"type": "Feature", "properties": {"county_nam": "Hamilton", "county_norm": "HAMILTON", "prec_id": "003397", "precinct_norm": "HAMILTON - 003397", "precinct_name": "Hamilton - 003397", "precinct_full_name": "Eastgate 1", "name20": "Eastgate 1", "GEOID20": "47065003397"}, "geometry": {"type": "Point", "coordinates": [-85.23516942334905, 35.022540500000005]}}, {"type": "Feature", "properties": {"county_nam": "Hamilton", "county_norm": "HAMILTON", "prec_id": "003398", "precinct_norm": "HAMILTON - 003398", "precinct_name": "Hamilton - 003398", "precinct_full_name": "Eastgate 2", "name20": "Eastgate 2", "GEOID20": "47065003398"}, "geometry": {"type": "Point", "coordinates": [-85.22169576016695, 35.017501499999995]}}, {"type": "Feature", "properties": {"county_nam": "Hamilton", "county_norm": "HAMILTON", "prec_id": "003458", "precinct_norm": "HAMILTON - 003458", "precinct_name": "Hamilton - 003458", "precinct_full_name": "Snowhill 1", "name20": "Snowhill 1", "GEOID20": "47065003458"}, "geometry": {"type": "Point", "coordinates": [-85.07616041483361, 35.2004345]}}, {"type": "Feature", "properties": {"county_nam": "Hamilton", "county_norm": "HAMILTON", "prec_id": "003453", "precinct_norm": "HAMILTON - 003453", "precinct_name": "Hamilton - 003453", "precinct_full_name": "Ridgeside", "name20": "Ridgeside", "GEOID20": "47065003453"}, "geometry": {"type": "Point", "coordinates": [-85.24675357144132, 35.0342025]}}, {"type": "Feature", "properties": {"county_nam": "Hamilton", "county_norm": "HAMILTON", "prec_id": "003445", "precinct_norm": "HAMILTON - 003445", "precinct_name": "Hamilton - 003445", "precinct_full_name": "Ooltewah 6", "name20": "Ooltewah 6", "GEOID20": "47065003445"}, "geometry": {"type": "Point", "coordinates": [-85.00747994766544, 35.048822]}}, {"type": "Feature", "properties": {"county_nam": "Hamilton", "county_norm": "HAMILTON", "prec_id": "003467", "precinct_norm": "HAMILTON - 003467", "precinct_name": "Hamilton - 003467", "precinct_full_name": "Summit 2", "name20": "Summit 2", "GEOID20": "47065003467"}, "geometry": {"type": "Point", "coordinates": [-85.10440971061615, 35.0665665]}}, {"type": "Feature", "properties": {"county_nam": "Hamilton", "county_norm": "HAMILTON", "prec_id": "003369", "precinct_norm": "HAMILTON - 003369", "precinct_name": "Hamilton - 003369", "precinct_full_name": "Collegedale 3", "name20": "Collegedale 3", "GEOID20": "47065003369"}, "geometry": {"type": "Point", "coordinates": [-85.0386706691861, 35.057083500000005]}}, {"type": "Feature", "properties": {"county_nam": "Hamilton", "county_norm": "HAMILTON", "prec_id": "003429", "precinct_norm": "HAMILTON - 003429", "precinct_name": "Hamilton - 003429", "precinct_full_name": "Mountain Creek 2", "name20": "Mountain Creek 2", "GEOID20": "47065003429"}, "geometry": {"type": "Point", "coordinates": [-85.37557853064163, 35.116112]}}, {"type": "Feature", "properties": {"county_nam": "Hamilton", "county_norm": "HAMILTON", "prec_id": "003444", "precinct_norm": "HAMILTON - 003444", "precinct_name": "Hamilton - 003444", "precinct_full_name": "Ooltewah 5", "name20": "Ooltewah 5", "GEOID20": "47065003444"}, "geometry": {"type": "Point", "coordinates": [-85.0052214695572, 35.0643105]}}, {"type": "Feature", "properties": {"county_nam": "Macon", "county_norm": "MACON", "prec_id": "005551", "precinct_norm": "MACON - 005551", "precinct_name": "Macon - 005551", "precinct_full_name": "Red Boiling Springs High School", "name20": "Red Boiling Springs High School", "GEOID20": "47111005551"}, "geometry": {"type": "Point", "coordinates": [-85.83703751055481, 36.567681]}}, {"type": "Feature", "properties": {"county_nam": "Macon", "county_norm": "MACON", "prec_id": "005552", "precinct_norm": "MACON - 005552", "precinct_name": "Macon - 005552", "precinct_full_name": "Willette Volunteer Fire Department", "name20": "Willette Volunteer Fire Department", "GEOID20": "47111005552"}, "geometry": {"type": "Point", "coordinates": [-85.89289810751296, 36.482095]}}, {"type": "Feature", "properties": {"county_nam": "Macon", "county_norm": "MACON", "prec_id": "005553", "precinct_norm": "MACON - 005553", "precinct_name": "Macon - 005553", "precinct_full_name": "Macon County High School", "name20": "Macon County High School", "GEOID20": "47111005553"}, "geometry": {"type": "Point", "coordinates": [-85.94208134693878, 36.566392]}}, {"type": "Feature", "properties": {"county_nam": "Macon", "county_norm": "MACON", "prec_id": "005554", "precinct_norm": "MACON - 005554", "precinct_name": "Macon - 005554", "precinct_full_name": "Macon County Junior High School", "name20": "Macon County Junior High School", "GEOID20": "47111005554"}, "geometry": {"type": "Point", "coordinates": [-85.99351580046948, 36.496309]}}, {"type": "Feature", "properties": {"county_nam": "Macon", "county_norm": "MACON", "prec_id": "005560", "precinct_norm": "MACON - 005560", "precinct_name": "Macon - 005560", "precinct_full_name": "Lafayette Elementary School", "name20": "Lafayette Elementary School", "GEOID20": "47111005560"}, "geometry": {"type": "Point", "coordinates": [-86.0365006389822, 36.528006000000005]}}, {"type": "Feature", "properties": {"county_nam": "Macon", "county_norm": "MACON", "prec_id": "005558", "precinct_norm": "MACON - 005558", "precinct_name": "Macon - 005558", "precinct_full_name": "Macon County Welcome Center", "name20": "Macon County Welcome Center", "GEOID20": "47111005558"}, "geometry": {"type": "Point", "coordinates": [-86.0649607025627, 36.584057]}}, {"type": "Feature", "properties": {"county_nam": "Macon", "county_norm": "MACON", "prec_id": "005559", "precinct_norm": "MACON - 005559", "precinct_name": "Macon - 005559", "precinct_full_name": "Central Elementary School", "name20": "Central Elementary School", "GEOID20": "47111005559"}, "geometry": {"type": "Point", "coordinates": [-86.03508455393585, 36.546606499999996]}}, {"type": "Feature", "properties": {"county_nam": "Macon", "county_norm": "MACON", "prec_id": "005556", "precinct_norm": "MACON - 005556", "precinct_name": "Macon - 005556", "precinct_full_name": "Cross Roads Community Center", "name20": "Cross Roads Community Center", "GEOID20": "47111005556"}, "geometry": {"type": "Point", "coordinates": [-86.16488821777907, 36.579141500000006]}}, {"type": "Feature", "properties": {"county_nam": "Macon", "county_norm": "MACON", "prec_id": "005555", "precinct_norm": "MACON - 005555", "precinct_name": "Macon - 005555", "precinct_full_name": "Westside Elementary School", "name20": "Westside Elementary School", "GEOID20": "47111005555"}, "geometry": {"type": "Point", "coordinates": [-86.15741996078205, 36.5053775]}}, {"type": "Feature", "properties": {"county_nam": "Macon", "county_norm": "MACON", "prec_id": "005557", "precinct_norm": "MACON - 005557", "precinct_name": "Macon - 005557", "precinct_full_name": "National Guard Armory", "name20": "National Guard Armory", "GEOID20": "47111005557"}, "geometry": {"type": "Point", "coordinates": [-86.06421934125906, 36.5007705]}}, {"type": "Feature", "properties": {"county_nam": "Robertson", "county_norm": "ROBERTSON", "prec_id": "007551", "precinct_norm": "ROBERTSON - 007551", "precinct_name": "Robertson - 007551", "precinct_full_name": "1-1 East Robertson Elementary School", "name20": "1-1 East Robertson Elementary School", "GEOID20": "47147007551"}, "geometry": {"type": "Point", "coordinates": [-86.6685865936488, 36.5797455]}}, {"type": "Feature", "properties": {"county_nam": "Robertson", "county_norm": "ROBERTSON", "prec_id": "007563", "precinct_norm": "ROBERTSON - 007563", "precinct_name": "Robertson - 007563", "precinct_full_name": "8-3 Owens Chapel Fellowship Hall", "name20": "8-3 Owens Chapel Fellowship Hall", "GEOID20": "47147007563"}, "geometry": {"type": "Point", "coordinates": [-86.77682192305872, 36.517165]}}, {"type": "Feature", "properties": {"county_nam": "Robertson", "county_norm": "ROBERTSON", "prec_id": "007552", "precinct_norm": "ROBERTSON - 007552", "precinct_name": "Robertson - 007552", "precinct_full_name": "2-1 Robert F. Woodall Elementary School", "name20": "2-1 Robert F. Woodall Elementary School", "GEOID20": "47147007552"}, "geometry": {"type": "Point", "coordinates": [-86.66692913051222, 36.470189500000004]}}, {"type": "Feature", "properties": {"county_nam": "Robertson", "county_norm": "ROBERTSON", "prec_id": "007565", "precinct_norm": "ROBERTSON - 007565", "precinct_name": "Robertson - 007565", "precinct_full_name": "10-1 South Haven Christian School", "name20": "10-1 South Haven Christian School", "GEOID20": "47147007565"}, "geometry": {"type": "Point", "coordinates": [-86.89081960237144, 36.457701]}}, {"type": "Feature", "properties": {"county_nam": "Meigs", "county_norm": "MEIGS", "prec_id": "006253", "precinct_norm": "MEIGS - 006253", "precinct_name": "Meigs - 006253", "precinct_full_name": "1 Eastview", "name20": "1 Eastview", "GEOID20": "47121006253"}, "geometry": {"type": "Point", "coordinates": [-84.9359589835434, 35.362479]}}, {"type": "Feature", "properties": {"county_nam": "Meigs", "county_norm": "MEIGS", "prec_id": "006251", "precinct_norm": "MEIGS - 006251", "precinct_name": "Meigs - 006251", "precinct_full_name": "2 Meigs South", "name20": "2 Meigs South", "GEOID20": "47121006251"}, "geometry": {"type": "Point", "coordinates": [-84.8978148263965, 35.42656]}}, {"type": "Feature", "properties": {"county_nam": "Meigs", "county_norm": "MEIGS", "prec_id": "006255", "precinct_norm": "MEIGS - 006255", "precinct_name": "Meigs - 006255", "precinct_full_name": "4 Meigs North", "name20": "4 Meigs North", "GEOID20": "47121006255"}, "geometry": {"type": "Point", "coordinates": [-84.7493312723301, 35.571528]}}, {"type": "Feature", "properties": {"county_nam": "Meigs", "county_norm": "MEIGS", "prec_id": "006254", "precinct_norm": "MEIGS - 006254", "precinct_name": "Meigs - 006254", "precinct_full_name": "3 City Hall", "name20": "3 City Hall", "GEOID20": "47121006254"}, "geometry": {"type": "Point", "coordinates": [-84.79264262768504, 35.5251575]}}, {"type": "Feature", "properties": {"county_nam": "Meigs", "county_norm": "MEIGS", "prec_id": "006256", "precinct_norm": "MEIGS - 006256", "precinct_name": "Meigs - 006256", "precinct_full_name": "5 Ten Mile", "name20": "5 Ten Mile", "GEOID20": "47121006256"}, "geometry": {"type": "Point", "coordinates": [-84.70474614231043, 35.677605]}}, {"type": "Feature", "properties": {"county_nam": "Meigs", "county_norm": "MEIGS", "prec_id": "006252", "precinct_norm": "MEIGS - 006252", "precinct_name": "Meigs - 006252", "precinct_full_name": "3 Courthouse", "name20": "3 Courthouse", "GEOID20": "47121006252"}, "geometry": {"type": "Point", "coordinates": [-84.8108237944664, 35.495442499999996]}}, {"type": "Feature", "properties": {"county_nam": "Rutherford", "county_norm": "RUTHERFORD", "prec_id": "007651", "precinct_norm": "RUTHERFORD - 007651", "precinct_name": "Rutherford - 007651", "precinct_full_name": "1-1 LaVergne Lake Elementary School", "name20": "1-1 LaVergne Lake Elementary School", "GEOID20": "47149007651"}, "geometry": {"type": "Point", "coordinates": [-86.53328723502415, 36.051572]}}, {"type": "Feature", "properties": {"county_nam": "Rutherford", "county_norm": "RUTHERFORD", "prec_id": "007652", "precinct_norm": "RUTHERFORD - 007652", "precinct_name": "Rutherford - 007652", "precinct_full_name": "2-3 Milton Fire Station", "name20": "2-3 Milton Fire Station", "GEOID20": "47149007652"}, "geometry": {"type": "Point", "coordinates": [-86.20847543600054, 35.9157535]}}, {"type": "Feature", "properties": {"county_nam": "Rutherford", "county_norm": "RUTHERFORD", "prec_id": "007698", "precinct_norm": "RUTHERFORD - 007698", "precinct_name": "Rutherford - 007698", "precinct_full_name": "2-1 Lascassas Elementary School", "name20": "2-1 Lascassas Elementary School", "GEOID20": "47149007698"}, "geometry": {"type": "Point", "coordinates": [-86.32306346094836, 35.9318105]}}, {"type": "Feature", "properties": {"county_nam": "Rutherford", "county_norm": "RUTHERFORD", "prec_id": "007653", "precinct_norm": "RUTHERFORD - 007653", "precinct_name": "Rutherford - 007653", "precinct_full_name": "2-2 Wilson Elementary School", "name20": "2-2 Wilson Elementary School", "GEOID20": "47149007653"}, "geometry": {"type": "Point", "coordinates": [-86.35806257419355, 35.9738745]}}, {"type": "Feature", "properties": {"county_nam": "Rutherford", "county_norm": "RUTHERFORD", "prec_id": "007692", "precinct_norm": "RUTHERFORD - 007692", "precinct_name": "Rutherford - 007692", "precinct_full_name": "19-2 New Vision Baptist Church", "name20": "19-2 New Vision Baptist Church", "GEOID20": "47149007692"}, "geometry": {"type": "Point", "coordinates": [-86.45293363241105, 35.8903575]}}, {"type": "Feature", "properties": {"county_nam": "Rutherford", "county_norm": "RUTHERFORD", "prec_id": "007691", "precinct_norm": "RUTHERFORD - 007691", "precinct_name": "Rutherford - 007691", "precinct_full_name": "19-1 Creekmont General Baptist Church", "name20": "19-1 Creekmont General Baptist Church", "GEOID20": "47149007691"}, "geometry": {"type": "Point", "coordinates": [-86.49646095134639, 35.931675999999996]}}, {"type": "Feature", "properties": {"county_nam": "Rutherford", "county_norm": "RUTHERFORD", "prec_id": "007654", "precinct_norm": "RUTHERFORD - 007654", "precinct_name": "Rutherford - 007654", "precinct_full_name": "3-1 Leanna Church of Christ", "name20": "3-1 Leanna Church of Christ", "GEOID20": "47149007654"}, "geometry": {"type": "Point", "coordinates": [-86.44171399355767, 36.0002755]}}, {"type": "Feature", "properties": {"county_nam": "Rutherford", "county_norm": "RUTHERFORD", "prec_id": "007655", "precinct_norm": "RUTHERFORD - 007655", "precinct_name": "Rutherford - 007655", "precinct_full_name": "3-2 Old Jefferson Church of Christ", "name20": "3-2 Old Jefferson Church of Christ", "GEOID20": "47149007655"}, "geometry": {"type": "Point", "coordinates": [-86.47619989424635, 35.969239]}}, {"type": "Feature", "properties": {"county_nam": "Rutherford", "county_norm": "RUTHERFORD", "prec_id": "007656", "precinct_norm": "RUTHERFORD - 007656", "precinct_name": "Rutherford - 007656", "precinct_full_name": "4-1 Kittrell Elementary School", "name20": "4-1 Kittrell Elementary School", "GEOID20": "47149007656"}, "geometry": {"type": "Point", "coordinates": [-86.23314451616247, 35.8475675]}}, {"type": "Feature", "properties": {"county_nam": "Rutherford", "county_norm": "RUTHERFORD", "prec_id": "007700", "precinct_norm": "RUTHERFORD - 007700", "precinct_name": "Rutherford - 007700", "precinct_full_name": "4-5 Bud's Tire", "name20": "4-5 Bud's Tire", "GEOID20": "47149007700"}, "geometry": {"type": "Point", "coordinates": [-86.31894130502793, 35.849949499999994]}}, {"type": "Feature", "properties": {"county_nam": "Rutherford", "county_norm": "RUTHERFORD", "prec_id": "007658", "precinct_norm": "RUTHERFORD - 007658", "precinct_name": "Rutherford - 007658", "precinct_full_name": "4-3 Oakland Middle School", "name20": "4-3 Oakland Middle School", "GEOID20": "47149007658"}, "geometry": {"type": "Point", "coordinates": [-86.32350710480641, 35.890123]}}, {"type": "Feature", "properties": {"county_nam": "Rutherford", "county_norm": "RUTHERFORD", "prec_id": "007681", "precinct_norm": "RUTHERFORD - 007681", "precinct_name": "Rutherford - 007681", "precinct_full_name": "15-1 John Pittard Elementary", "name20": "15-1 John Pittard Elementary", "GEOID20": "47149007681"}, "geometry": {"type": "Point", "coordinates": [-86.37206992898024, 35.8914025]}}, {"type": "Feature", "properties": {"county_nam": "Rutherford", "county_norm": "RUTHERFORD", "prec_id": "007682", "precinct_norm": "RUTHERFORD - 007682", "precinct_name": "Rutherford - 007682", "precinct_full_name": "15-2 Northfield Elementary School", "name20": "15-2 Northfield Elementary School", "GEOID20": "47149007682"}, "geometry": {"type": "Point", "coordinates": [-86.38725855715609, 35.874656]}}, {"type": "Feature", "properties": {"county_nam": "Rutherford", "county_norm": "RUTHERFORD", "prec_id": "007657", "precinct_norm": "RUTHERFORD - 007657", "precinct_name": "Rutherford - 007657", "precinct_full_name": "4-2 North Boulevard Church of Christ", "name20": "4-2 North Boulevard Church of Christ", "GEOID20": "47149007657"}, "geometry": {"type": "Point", "coordinates": [-86.35074095024933, 35.8611225]}}, {"type": "Feature", "properties": {"county_nam": "Rutherford", "county_norm": "RUTHERFORD", "prec_id": "007672", "precinct_norm": "RUTHERFORD - 007672", "precinct_name": "Rutherford - 007672", "precinct_full_name": "10-2 Lifepoint Church", "name20": "10-2 Lifepoint Church", "GEOID20": "47149007672"}, "geometry": {"type": "Point", "coordinates": [-86.55112151706129, 35.960843499999996]}}, {"type": "Feature", "properties": {"county_nam": "Rutherford", "county_norm": "RUTHERFORD", "prec_id": "007671", "precinct_norm": "RUTHERFORD - 007671", "precinct_name": "Rutherford - 007671", "precinct_full_name": "10-1 Rock Springs Elementary School", "name20": "10-1 Rock Springs Elementary School", "GEOID20": "47149007671"}, "geometry": {"type": "Point", "coordinates": [-86.59257456439926, 35.9818475]}}, {"type": "Feature", "properties": {"county_nam": "Rutherford", "county_norm": "RUTHERFORD", "prec_id": "007674", "precinct_norm": "RUTHERFORD - 007674", "precinct_name": "Rutherford - 007674", "precinct_full_name": "11-2 StewartsboroElementary School", "name20": "11-2 StewartsboroElementary School", "GEOID20": "47149007674"}, "geometry": {"type": "Point", "coordinates": [-86.52110094839975, 35.946709]}}, {"type": "Feature", "properties": {"county_nam": "Rutherford", "county_norm": "RUTHERFORD", "prec_id": "007673", "precinct_norm": "RUTHERFORD - 007673", "precinct_name": "Rutherford - 007673", "precinct_full_name": "11-1 Smyrna Middle School", "name20": "11-1 Smyrna Middle School", "GEOID20": "47149007673"}, "geometry": {"type": "Point", "coordinates": [-86.52752878844858, 35.978055]}}, {"type": "Feature", "properties": {"county_nam": "Rutherford", "county_norm": "RUTHERFORD", "prec_id": "007675", "precinct_norm": "RUTHERFORD - 007675", "precinct_name": "Rutherford - 007675", "precinct_full_name": "12-1 TN National Guard Armory", "name20": "12-1 TN National Guard Armory", "GEOID20": "47149007675"}, "geometry": {"type": "Point", "coordinates": [-86.50105749373552, 36.0176935]}}, {"type": "Feature", "properties": {"county_nam": "Rutherford", "county_norm": "RUTHERFORD", "prec_id": "007699", "precinct_norm": "RUTHERFORD - 007699", "precinct_name": "Rutherford - 007699", "precinct_full_name": "12-3 LaVergne High School", "name20": "12-3 LaVergne High School", "GEOID20": "47149007699"}, "geometry": {"type": "Point", "coordinates": [-86.55036878072033, 35.992830999999995]}}, {"type": "Feature", "properties": {"county_nam": "Rutherford", "county_norm": "RUTHERFORD", "prec_id": "007676", "precinct_norm": "RUTHERFORD - 007676", "precinct_name": "Rutherford - 007676", "precinct_full_name": "12-2 Smyrna Elementary School", "name20": "12-2 Smyrna Elementary School", "GEOID20": "47149007676"}, "geometry": {"type": "Point", "coordinates": [-86.50410065899905, 35.978275499999995]}}, {"type": "Feature", "properties": {"county_nam": "Rutherford", "county_norm": "RUTHERFORD", "prec_id": "007693", "precinct_norm": "RUTHERFORD - 007693", "precinct_name": "Rutherford - 007693", "precinct_full_name": "20-1 Blackman United Methodist Church", "name20": "20-1 Blackman United Methodist Church", "GEOID20": "47149007693"}, "geometry": {"type": "Point", "coordinates": [-86.5442928434874, 35.8520195]}}, {"type": "Feature", "properties": {"county_nam": "Rutherford", "county_norm": "RUTHERFORD", "prec_id": "007695", "precinct_norm": "RUTHERFORD - 007695", "precinct_name": "Rutherford - 007695", "precinct_full_name": "21-1 Hobgood Elementary School", "name20": "21-1 Hobgood Elementary School", "GEOID20": "47149007695"}, "geometry": {"type": "Point", "coordinates": [-86.33460657333333, 35.8221695]}}, {"type": "Feature", "properties": {"county_nam": "Rutherford", "county_norm": "RUTHERFORD", "prec_id": "007694", "precinct_norm": "RUTHERFORD - 007694", "precinct_name": "Rutherford - 007694", "precinct_full_name": "20-2 Blackman High School", "name20": "20-2 Blackman High School", "GEOID20": "47149007694"}, "geometry": {"type": "Point", "coordinates": [-86.47624609085675, 35.856389]}}, {"type": "Feature", "properties": {"county_nam": "Rutherford", "county_norm": "RUTHERFORD", "prec_id": "007696", "precinct_norm": "RUTHERFORD - 007696", "precinct_name": "Rutherford - 007696", "precinct_full_name": "21-2 BlackFox Elementary School", "name20": "21-2 BlackFox Elementary School", "GEOID20": "47149007696"}, "geometry": {"type": "Point", "coordinates": [-86.3558439513827, 35.8067255]}}, {"type": "Feature", "properties": {"county_nam": "Rutherford", "county_norm": "RUTHERFORD", "prec_id": "007685", "precinct_norm": "RUTHERFORD - 007685", "precinct_name": "Rutherford - 007685", "precinct_full_name": "16-3 Lane Agri-Park", "name20": "16-3 Lane Agri-Park", "GEOID20": "47149007685"}, "geometry": {"type": "Point", "coordinates": [-86.4397030549286, 35.856961]}}, {"type": "Feature", "properties": {"county_nam": "Rutherford", "county_norm": "RUTHERFORD", "prec_id": "007680", "precinct_norm": "RUTHERFORD - 007680", "precinct_name": "Rutherford - 007680", "precinct_full_name": "14-2 Siegel Elementary School", "name20": "14-2 Siegel Elementary School", "GEOID20": "47149007680"}, "geometry": {"type": "Point", "coordinates": [-86.39435080166928, 35.9262935]}}, {"type": "Feature", "properties": {"county_nam": "Rutherford", "county_norm": "RUTHERFORD", "prec_id": "007660", "precinct_norm": "RUTHERFORD - 007660", "precinct_name": "Rutherford - 007660", "precinct_full_name": "5-2 LaVergne Middle School", "name20": "5-2 LaVergne Middle School", "GEOID20": "47149007660"}, "geometry": {"type": "Point", "coordinates": [-86.56723188227514, 36.0231365]}}, {"type": "Feature", "properties": {"county_nam": "Rutherford", "county_norm": "RUTHERFORD", "prec_id": "007659", "precinct_norm": "RUTHERFORD - 007659", "precinct_name": "Rutherford - 007659", "precinct_full_name": "5-1 Cedar Grove Elementary School", "name20": "5-1 Cedar Grove Elementary School", "GEOID20": "47149007659"}, "geometry": {"type": "Point", "coordinates": [-86.57974237815125, 35.996461999999994]}}, {"type": "Feature", "properties": {"county_nam": "Rutherford", "county_norm": "RUTHERFORD", "prec_id": "007662", "precinct_norm": "RUTHERFORD - 007662", "precinct_name": "Rutherford - 007662", "precinct_full_name": "6-2 Christiana Middle School", "name20": "6-2 Christiana Middle School", "GEOID20": "47149007662"}, "geometry": {"type": "Point", "coordinates": [-86.38840931229183, 35.7040335]}}, {"type": "Feature", "properties": {"county_nam": "Rutherford", "county_norm": "RUTHERFORD", "prec_id": "007661", "precinct_norm": "RUTHERFORD - 007661", "precinct_name": "Rutherford - 007661", "precinct_full_name": "6-1 Whitworth-Buchannan Middle School", "name20": "6-1 Whitworth-Buchannan Middle School", "GEOID20": "47149007661"}, "geometry": {"type": "Point", "coordinates": [-86.28447692819574, 35.7293105]}}, {"type": "Feature", "properties": {"county_nam": "Rutherford", "county_norm": "RUTHERFORD", "prec_id": "007679", "precinct_norm": "RUTHERFORD - 007679", "precinct_name": "Rutherford - 007679", "precinct_full_name": "14-1 Siegel Middle School", "name20": "14-1 Siegel Middle School", "GEOID20": "47149007679"}, "geometry": {"type": "Point", "coordinates": [-86.41100751780186, 35.88808]}}, {"type": "Feature", "properties": {"county_nam": "Rutherford", "county_norm": "RUTHERFORD", "prec_id": "007663", "precinct_norm": "RUTHERFORD - 007663", "precinct_name": "Rutherford - 007663", "precinct_full_name": "7-1 New Heights Chapel", "name20": "7-1 New Heights Chapel", "GEOID20": "47149007663"}, "geometry": {"type": "Point", "coordinates": [-86.48725906450241, 35.8256685]}}, {"type": "Feature", "properties": {"county_nam": "McMinn", "county_norm": "MCMINN", "prec_id": "006058", "precinct_norm": "MCMINN - 006058", "precinct_name": "McMinn - 006058", "precinct_full_name": "05 Rogers Creek School", "name20": "05 Rogers Creek School", "GEOID20": "47107006058"}, "geometry": {"type": "Point", "coordinates": [-84.77125176931528, 35.420497]}}, {"type": "Feature", "properties": {"county_nam": "McMinn", "county_norm": "MCMINN", "prec_id": "006054", "precinct_norm": "MCMINN - 006054", "precinct_name": "McMinn - 006054", "precinct_full_name": "12 North City School", "name20": "12 North City School", "GEOID20": "47107006054"}, "geometry": {"type": "Point", "coordinates": [-84.5973002045584, 35.4704525]}}, {"type": "Feature", "properties": {"county_nam": "McMinn", "county_norm": "MCMINN", "prec_id": "006056", "precinct_norm": "MCMINN - 006056", "precinct_name": "McMinn - 006056", "precinct_full_name": "10 Tennessee College of Applied Technology", "name20": "10 Tennessee College of Applied Technology", "GEOID20": "47107006056"}, "geometry": {"type": "Point", "coordinates": [-84.65867131671314, 35.4556355]}}, {"type": "Feature", "properties": {"county_nam": "McMinn", "county_norm": "MCMINN", "prec_id": "006053", "precinct_norm": "MCMINN - 006053", "precinct_name": "McMinn - 006053", "precinct_full_name": "08 Niota School", "name20": "08 Niota School", "GEOID20": "47107006053"}, "geometry": {"type": "Point", "coordinates": [-84.55220570062062, 35.551705999999996]}}, {"type": "Feature", "properties": {"county_nam": "McMinn", "county_norm": "MCMINN", "prec_id": "006059", "precinct_norm": "MCMINN - 006059", "precinct_name": "McMinn - 006059", "precinct_full_name": "14 EK Baker School", "name20": "14 EK Baker School", "GEOID20": "47107006059"}, "geometry": {"type": "Point", "coordinates": [-84.66224531372549, 35.5260795]}}, {"type": "Feature", "properties": {"county_nam": "McMinn", "county_norm": "MCMINN", "prec_id": "006057", "precinct_norm": "MCMINN - 006057", "precinct_name": "McMinn - 006057", "precinct_full_name": "06 Riceville School", "name20": "06 Riceville School", "GEOID20": "47107006057"}, "geometry": {"type": "Point", "coordinates": [-84.70417025, 35.379725]}}, {"type": "Feature", "properties": {"county_nam": "McMinn", "county_norm": "MCMINN", "prec_id": "006055", "precinct_norm": "MCMINN - 006055", "precinct_name": "McMinn - 006055", "precinct_full_name": "09 Ingleside School", "name20": "09 Ingleside School", "GEOID20": "47107006055"}, "geometry": {"type": "Point", "coordinates": [-84.58021688367101, 35.4583765]}}, {"type": "Feature", "properties": {"county_nam": "McMinn", "county_norm": "MCMINN", "prec_id": "006060", "precinct_norm": "MCMINN - 006060", "precinct_name": "McMinn - 006060", "precinct_full_name": "01 City Park School", "name20": "01 City Park School", "GEOID20": "47107006060"}, "geometry": {"type": "Point", "coordinates": [-84.6348576241353, 35.401606]}}, {"type": "Feature", "properties": {"county_nam": "McMinn", "county_norm": "MCMINN", "prec_id": "006052", "precinct_norm": "MCMINN - 006052", "precinct_name": "McMinn - 006052", "precinct_full_name": "11 McMinn Courthouse", "name20": "11 McMinn Courthouse", "GEOID20": "47107006052"}, "geometry": {"type": "Point", "coordinates": [-84.5697984571256, 35.4247265]}}, {"type": "Feature", "properties": {"county_nam": "McMinn", "county_norm": "MCMINN", "prec_id": "006065", "precinct_norm": "MCMINN - 006065", "precinct_name": "McMinn - 006065", "precinct_full_name": "03 Central High School", "name20": "03 Central High School", "GEOID20": "47107006065"}, "geometry": {"type": "Point", "coordinates": [-84.45552603553008, 35.363305]}}, {"type": "Feature", "properties": {"county_nam": "McMinn", "county_norm": "MCMINN", "prec_id": "006051", "precinct_norm": "MCMINN - 006051", "precinct_name": "McMinn - 006051", "precinct_full_name": "04 Englewood School", "name20": "04 Englewood School", "GEOID20": "47107006051"}, "geometry": {"type": "Point", "coordinates": [-84.47422302972248, 35.4536435]}}, {"type": "Feature", "properties": {"county_nam": "McMinn", "county_norm": "MCMINN", "prec_id": "006064", "precinct_norm": "MCMINN - 006064", "precinct_name": "McMinn - 006064", "precinct_full_name": "02 Etowah Community Center", "name20": "02 Etowah Community Center", "GEOID20": "47107006064"}, "geometry": {"type": "Point", "coordinates": [-84.52427788955823, 35.3322405]}}, {"type": "Feature", "properties": {"county_nam": "McMinn", "county_norm": "MCMINN", "prec_id": "006061", "precinct_norm": "MCMINN - 006061", "precinct_name": "McMinn - 006061", "precinct_full_name": "15 Mountain View School", "name20": "15 Mountain View School", "GEOID20": "47107006061"}, "geometry": {"type": "Point", "coordinates": [-84.56065336463413, 35.320625]}}, {"type": "Feature", "properties": {"county_nam": "McMinn", "county_norm": "MCMINN", "prec_id": "006062", "precinct_norm": "MCMINN - 006062", "precinct_name": "McMinn - 006062", "precinct_full_name": "07 Calhoun School", "name20": "07 Calhoun School", "GEOID20": "47107006062"}, "geometry": {"type": "Point", "coordinates": [-84.7249128438443, 35.301706]}}, {"type": "Feature", "properties": {"county_nam": "McMinn", "county_norm": "MCMINN", "prec_id": "006063", "precinct_norm": "MCMINN - 006063", "precinct_name": "McMinn - 006063", "precinct_full_name": "13 Jones Chapel Family Life", "name20": "13 Jones Chapel Family Life", "GEOID20": "47107006063"}, "geometry": {"type": "Point", "coordinates": [-84.62846912704919, 35.319526]}}, {"type": "Feature", "properties": {"county_nam": "Scott", "county_norm": "SCOTT", "prec_id": "007754", "precinct_norm": "SCOTT - 007754", "precinct_name": "Scott - 007754", "precinct_full_name": "1-1 Fairview", "name20": "1-1 Fairview", "GEOID20": "47151007754"}, "geometry": {"type": "Point", "coordinates": [-84.40522048961591, 36.32998]}}, {"type": "Feature", "properties": {"county_nam": "Scott", "county_norm": "SCOTT", "prec_id": "007758", "precinct_norm": "SCOTT - 007758", "precinct_name": "Scott - 007758", "precinct_full_name": "2-1 Elgin", "name20": "2-1 Elgin", "GEOID20": "47151007758"}, "geometry": {"type": "Point", "coordinates": [-84.6363504039541, 36.3423515]}}, {"type": "Feature", "properties": {"county_nam": "Scott", "county_norm": "SCOTT", "prec_id": "007751", "precinct_norm": "SCOTT - 007751", "precinct_name": "Scott - 007751", "precinct_full_name": "2-2 Robbins", "name20": "2-2 Robbins", "GEOID20": "47151007751"}, "geometry": {"type": "Point", "coordinates": [-84.53811173113208, 36.319098]}}, {"type": "Feature", "properties": {"county_nam": "Scott", "county_norm": "SCOTT", "prec_id": "007752", "precinct_norm": "SCOTT - 007752", "precinct_name": "Scott - 007752", "precinct_full_name": "4-1 Helenwood", "name20": "4-1 Helenwood", "GEOID20": "47151007752"}, "geometry": {"type": "Point", "coordinates": [-84.58555215463264, 36.440674]}}, {"type": "Feature", "properties": {"county_nam": "Scott", "county_norm": "SCOTT", "prec_id": "007755", "precinct_norm": "SCOTT - 007755", "precinct_name": "Scott - 007755", "precinct_full_name": "5-2 Winfield", "name20": "5-2 Winfield", "GEOID20": "47151007755"}, "geometry": {"type": "Point", "coordinates": [-84.4113451618687, 36.549364]}}, {"type": "Feature", "properties": {"county_nam": "Scott", "county_norm": "SCOTT", "prec_id": "007760", "precinct_norm": "SCOTT - 007760", "precinct_name": "Scott - 007760", "precinct_full_name": "5-1 Pine Hill", "name20": "5-1 Pine Hill", "GEOID20": "47151007760"}, "geometry": {"type": "Point", "coordinates": [-84.42022677107865, 36.499504]}}, {"type": "Feature", "properties": {"county_nam": "Scott", "county_norm": "SCOTT", "prec_id": "007757", "precinct_norm": "SCOTT - 007757", "precinct_name": "Scott - 007757", "precinct_full_name": "7-1 West Oneida", "name20": "7-1 West Oneida", "GEOID20": "47151007757"}, "geometry": {"type": "Point", "coordinates": [-84.6262151161182, 36.519554]}}, {"type": "Feature", "properties": {"county_nam": "Scott", "county_norm": "SCOTT", "prec_id": "007759", "precinct_norm": "SCOTT - 007759", "precinct_name": "Scott - 007759", "precinct_full_name": "3-2 Paint Rock", "name20": "3-2 Paint Rock", "GEOID20": "47151007759"}, "geometry": {"type": "Point", "coordinates": [-84.47996854501085, 36.458738]}}, {"type": "Feature", "properties": {"county_nam": "Scott", "county_norm": "SCOTT", "prec_id": "007753", "precinct_norm": "SCOTT - 007753", "precinct_name": "Scott - 007753", "precinct_full_name": "3-1 Huntsville", "name20": "3-1 Huntsville", "GEOID20": "47151007753"}, "geometry": {"type": "Point", "coordinates": [-84.49545938033103, 36.3973855]}}, {"type": "Feature", "properties": {"county_nam": "Scott", "county_norm": "SCOTT", "prec_id": "007756", "precinct_norm": "SCOTT - 007756", "precinct_name": "Scott - 007756", "precinct_full_name": "6-1 Oneida", "name20": "6-1 Oneida", "GEOID20": "47151007756"}, "geometry": {"type": "Point", "coordinates": [-84.50560279678493, 36.531213]}}, {"type": "Feature", "properties": {"county_nam": "Unicoi", "county_norm": "UNICOI", "prec_id": "008902", "precinct_norm": "UNICOI - 008902", "precinct_name": "Unicoi - 008902", "precinct_full_name": "Love Chapel", "name20": "Love Chapel", "GEOID20": "47171008902"}, "geometry": {"type": "Point", "coordinates": [-82.40824568587033, 36.115561]}}, {"type": "Feature", "properties": {"county_nam": "Unicoi", "county_norm": "UNICOI", "prec_id": "008908", "precinct_norm": "UNICOI - 008908", "precinct_name": "Unicoi - 008908", "precinct_full_name": "Flag Pond", "name20": "Flag Pond", "GEOID20": "47171008908"}, "geometry": {"type": "Point", "coordinates": [-82.55573276849736, 36.023776]}}, {"type": "Feature", "properties": {"county_nam": "Unicoi", "county_norm": "UNICOI", "prec_id": "008903", "precinct_norm": "UNICOI - 008903", "precinct_name": "Unicoi - 008903", "precinct_full_name": "Temple Hill", "name20": "Temple Hill", "GEOID20": "47171008903"}, "geometry": {"type": "Point", "coordinates": [-82.47459018857475, 36.0716155]}}, {"type": "Feature", "properties": {"county_nam": "Unicoi", "county_norm": "UNICOI", "prec_id": "008906", "precinct_norm": "UNICOI - 008906", "precinct_name": "Unicoi - 008906", "precinct_full_name": "Rock Creek", "name20": "Rock Creek", "GEOID20": "47171008906"}, "geometry": {"type": "Point", "coordinates": [-82.38740385890841, 36.152661]}}, {"type": "Feature", "properties": {"county_nam": "Unicoi", "county_norm": "UNICOI", "prec_id": "008901", "precinct_norm": "UNICOI - 008901", "precinct_name": "Unicoi - 008901", "precinct_full_name": "High School", "name20": "High School", "GEOID20": "47171008901"}, "geometry": {"type": "Point", "coordinates": [-82.41958156626725, 36.156899]}}, {"type": "Feature", "properties": {"county_nam": "Unicoi", "county_norm": "UNICOI", "prec_id": "008904", "precinct_norm": "UNICOI - 008904", "precinct_name": "Unicoi - 008904", "precinct_full_name": "Unicoi", "name20": "Unicoi", "GEOID20": "47171008904"}, "geometry": {"type": "Point", "coordinates": [-82.33550468365374, 36.2186385]}}, {"type": "Feature", "properties": {"county_nam": "Unicoi", "county_norm": "UNICOI", "prec_id": "008907", "precinct_norm": "UNICOI - 008907", "precinct_name": "Unicoi - 008907", "precinct_full_name": "Limestone Cove", "name20": "Limestone Cove", "GEOID20": "47171008907"}, "geometry": {"type": "Point", "coordinates": [-82.2910905165434, 36.1790795]}}, {"type": "Feature", "properties": {"county_nam": "Unicoi", "county_norm": "UNICOI", "prec_id": "008905", "precinct_norm": "UNICOI - 008905", "precinct_name": "Unicoi - 008905", "precinct_full_name": "Fishery", "name20": "Fishery", "GEOID20": "47171008905"}, "geometry": {"type": "Point", "coordinates": [-82.36314450658773, 36.165473000000006]}}, {"type": "Feature", "properties": {"county_nam": "Davidson", "county_norm": "DAVIDSON", "prec_id": "001868", "precinct_norm": "DAVIDSON - 001868", "precinct_name": "Davidson - 001868", "precinct_full_name": "15-1", "name20": "15-1", "GEOID20": "47037001868"}, "geometry": {"type": "Point", "coordinates": [-86.68776037490505, 36.2074]}}, {"type": "Feature", "properties": {"county_nam": "Sumner", "county_norm": "SUMNER", "prec_id": "008636", "precinct_norm": "SUMNER - 008636", "precinct_name": "Sumner - 008636", "precinct_full_name": "103 Corinth Church of Christ", "name20": "103 Corinth Church of Christ", "GEOID20": "47165008636"}, "geometry": {"type": "Point", "coordinates": [-86.39415574913374, 36.572619]}}, {"type": "Feature", "properties": {"county_nam": "Sumner", "county_norm": "SUMNER", "prec_id": "008632", "precinct_norm": "SUMNER - 008632", "precinct_name": "Sumner - 008632", "precinct_full_name": "101 Westmoreland Middle", "name20": "101 Westmoreland Middle", "GEOID20": "47165008632"}, "geometry": {"type": "Point", "coordinates": [-86.27235784004637, 36.549955]}}, {"type": "Feature", "properties": {"county_nam": "Sumner", "county_norm": "SUMNER", "prec_id": "008614", "precinct_norm": "SUMNER - 008614", "precinct_name": "Sumner - 008614", "precinct_full_name": "202 Portland High School", "name20": "202 Portland High School", "GEOID20": "47165008614"}, "geometry": {"type": "Point", "coordinates": [-86.5239591390218, 36.6149125]}}, {"type": "Feature", "properties": {"county_nam": "Sumner", "county_norm": "SUMNER", "prec_id": "008613", "precinct_norm": "SUMNER - 008613", "precinct_name": "Sumner - 008613", "precinct_full_name": "203 Wiseman Elementary", "name20": "203 Wiseman Elementary", "GEOID20": "47165008613"}, "geometry": {"type": "Point", "coordinates": [-86.51168920134731, 36.5679925]}}, {"type": "Feature", "properties": {"county_nam": "Sumner", "county_norm": "SUMNER", "prec_id": "008635", "precinct_norm": "SUMNER - 008635", "precinct_name": "Sumner - 008635", "precinct_full_name": "301 Gallatin Civic Center", "name20": "301 Gallatin Civic Center", "GEOID20": "47165008635"}, "geometry": {"type": "Point", "coordinates": [-86.3706349068, 36.462457]}}, {"type": "Feature", "properties": {"county_nam": "Sumner", "county_norm": "SUMNER", "prec_id": "008607", "precinct_norm": "SUMNER - 008607", "precinct_name": "Sumner - 008607", "precinct_full_name": "303 Creekside Fellowship", "name20": "303 Creekside Fellowship", "GEOID20": "47165008607"}, "geometry": {"type": "Point", "coordinates": [-86.3389629794059, 36.377989]}}, {"type": "Feature", "properties": {"county_nam": "Sumner", "county_norm": "SUMNER", "prec_id": "008627", "precinct_norm": "SUMNER - 008627", "precinct_name": "Sumner - 008627", "precinct_full_name": "403 Cottontown Fire Hall", "name20": "403 Cottontown Fire Hall", "GEOID20": "47165008627"}, "geometry": {"type": "Point", "coordinates": [-86.5500211061693, 36.458953]}}, {"type": "Feature", "properties": {"county_nam": "Sumner", "county_norm": "SUMNER", "prec_id": "008611", "precinct_norm": "SUMNER - 008611", "precinct_name": "Sumner - 008611", "precinct_full_name": "401 Howard Elementary School", "name20": "401 Howard Elementary School", "GEOID20": "47165008611"}, "geometry": {"type": "Point", "coordinates": [-86.51185694491525, 36.3796825]}}, {"type": "Feature", "properties": {"county_nam": "Sumner", "county_norm": "SUMNER", "prec_id": "008610", "precinct_norm": "SUMNER - 008610", "precinct_name": "Sumner - 008610", "precinct_full_name": "404 Union Elementary", "name20": "404 Union Elementary", "GEOID20": "47165008610"}, "geometry": {"type": "Point", "coordinates": [-86.49301925627799, 36.429614]}}, {"type": "Feature", "properties": {"county_nam": "Sumner", "county_norm": "SUMNER", "prec_id": "008608", "precinct_norm": "SUMNER - 008608", "precinct_name": "Sumner - 008608", "precinct_full_name": "502 Guild Elementary", "name20": "502 Guild Elementary", "GEOID20": "47165008608"}, "geometry": {"type": "Point", "coordinates": [-86.44209518025787, 36.3641865]}}, {"type": "Feature", "properties": {"county_nam": "Sumner", "county_norm": "SUMNER", "prec_id": "008609", "precinct_norm": "SUMNER - 008609", "precinct_name": "Sumner - 008609", "precinct_full_name": "501 First Baptist Gallatin", "name20": "501 First Baptist Gallatin", "GEOID20": "47165008609"}, "geometry": {"type": "Point", "coordinates": [-86.42402211358754, 36.3966865]}}, {"type": "Feature", "properties": {"county_nam": "Sumner", "county_norm": "SUMNER", "prec_id": "008602", "precinct_norm": "SUMNER - 008602", "precinct_name": "Sumner - 008602", "precinct_full_name": "603 Jack Anderson Elementary", "name20": "603 Jack Anderson Elementary", "GEOID20": "47165008602"}, "geometry": {"type": "Point", "coordinates": [-86.53120275842696, 36.312158]}}, {"type": "Feature", "properties": {"county_nam": "Sumner", "county_norm": "SUMNER", "prec_id": "008618", "precinct_norm": "SUMNER - 008618", "precinct_name": "Sumner - 008618", "precinct_full_name": "602 Gallatin Sr. High School", "name20": "602 Gallatin Sr. High School", "GEOID20": "47165008618"}, "geometry": {"type": "Point", "coordinates": [-86.4565146670935, 36.353587000000005]}}, {"type": "Feature", "properties": {"county_nam": "Sumner", "county_norm": "SUMNER", "prec_id": "008601", "precinct_norm": "SUMNER - 008601", "precinct_name": "Sumner - 008601", "precinct_full_name": "601 Vol State College", "name20": "601 Vol State College", "GEOID20": "47165008601"}, "geometry": {"type": "Point", "coordinates": [-86.5022575960712, 36.335499999999996]}}, {"type": "Feature", "properties": {"county_nam": "Sumner", "county_norm": "SUMNER", "prec_id": "008622", "precinct_norm": "SUMNER - 008622", "precinct_name": "Sumner - 008622", "precinct_full_name": "701 Whitten Elementary", "name20": "701 Whitten Elementary", "GEOID20": "47165008622"}, "geometry": {"type": "Point", "coordinates": [-86.55751303503558, 36.337468]}}, {"type": "Feature", "properties": {"county_nam": "Sumner", "county_norm": "SUMNER", "prec_id": "008628", "precinct_norm": "SUMNER - 008628", "precinct_name": "Sumner - 008628", "precinct_full_name": "703 Long Hollow Baptist Church", "name20": "703 Long Hollow Baptist Church", "GEOID20": "47165008628"}, "geometry": {"type": "Point", "coordinates": [-86.59375686059698, 36.361341499999995]}}, {"type": "Feature", "properties": {"county_nam": "Sumner", "county_norm": "SUMNER", "prec_id": "008619", "precinct_norm": "SUMNER - 008619", "precinct_name": "Sumner - 008619", "precinct_full_name": "801 Brown Elementary", "name20": "801 Brown Elementary", "GEOID20": "47165008619"}, "geometry": {"type": "Point", "coordinates": [-86.62497156469755, 36.301064]}}, {"type": "Feature", "properties": {"county_nam": "Sumner", "county_norm": "SUMNER", "prec_id": "008631", "precinct_norm": "SUMNER - 008631", "precinct_name": "Sumner - 008631", "precinct_full_name": "802 Hawkins Middle School", "name20": "802 Hawkins Middle School", "GEOID20": "47165008631"}, "geometry": {"type": "Point", "coordinates": [-86.61519146333333, 36.2652755]}}, {"type": "Feature", "properties": {"county_nam": "Sumner", "county_norm": "SUMNER", "prec_id": "008620", "precinct_norm": "SUMNER - 008620", "precinct_name": "Sumner - 008620", "precinct_full_name": "902 Indian Lake Elementary", "name20": "902 Indian Lake Elementary", "GEOID20": "47165008620"}, "geometry": {"type": "Point", "coordinates": [-86.58346657634993, 36.272336499999994]}}, {"type": "Feature", "properties": {"county_nam": "Sumner", "county_norm": "SUMNER", "prec_id": "008603", "precinct_norm": "SUMNER - 008603", "precinct_name": "Sumner - 008603", "precinct_full_name": "901 Hendersonville High School", "name20": "901 Hendersonville High School", "GEOID20": "47165008603"}, "geometry": {"type": "Point", "coordinates": [-86.5886896030303, 36.302392999999995]}}, {"type": "Feature", "properties": {"county_nam": "Sumner", "county_norm": "SUMNER", "prec_id": "008621", "precinct_norm": "SUMNER - 008621", "precinct_name": "Sumner - 008621", "precinct_full_name": "1001 Walton Ferry Elementary", "name20": "1001 Walton Ferry Elementary", "GEOID20": "47165008621"}, "geometry": {"type": "Point", "coordinates": [-86.63268922235022, 36.282166]}}, {"type": "Feature", "properties": {"county_nam": "Sumner", "county_norm": "SUMNER", "prec_id": "008633", "precinct_norm": "SUMNER - 008633", "precinct_name": "Sumner - 008633", "precinct_full_name": "1002 Merrol Hyde Magnet School", "name20": "1002 Merrol Hyde Magnet School", "GEOID20": "47165008633"}, "geometry": {"type": "Point", "coordinates": [-86.64519829989021, 36.3262825]}}, {"type": "Feature", "properties": {"county_nam": "Sumner", "county_norm": "SUMNER", "prec_id": "008623", "precinct_norm": "SUMNER - 008623", "precinct_name": "Sumner - 008623", "precinct_full_name": "1102 Church of the Nazarene", "name20": "1102 Church of the Nazarene", "GEOID20": "47165008623"}, "geometry": {"type": "Point", "coordinates": [-86.6854178514151, 36.349815]}}, {"type": "Feature", "properties": {"county_nam": "Sumner", "county_norm": "SUMNER", "prec_id": "008625", "precinct_norm": "SUMNER - 008625", "precinct_name": "Sumner - 008625", "precinct_full_name": "1103 Millersville Community Center", "name20": "1103 Millersville Community Center", "GEOID20": "47165008625"}, "geometry": {"type": "Point", "coordinates": [-86.70482062858852, 36.383013500000004]}}, {"type": "Feature", "properties": {"county_nam": "Sumner", "county_norm": "SUMNER", "prec_id": "008624", "precinct_norm": "SUMNER - 008624", "precinct_name": "Sumner - 008624", "precinct_full_name": "1101 Beech High School Annex", "name20": "1101 Beech High School Annex", "GEOID20": "47165008624"}, "geometry": {"type": "Point", "coordinates": [-86.62918014799797, 36.3725965]}}, {"type": "Feature", "properties": {"county_nam": "Sumner", "county_norm": "SUMNER", "prec_id": "008612", "precinct_norm": "SUMNER - 008612", "precinct_name": "Sumner - 008612", "precinct_full_name": "1201 Oakmont Elementary", "name20": "1201 Oakmont Elementary", "GEOID20": "47165008612"}, "geometry": {"type": "Point", "coordinates": [-86.5779235533015, 36.520581500000006]}}, {"type": "Feature", "properties": {"county_nam": "Sumner", "county_norm": "SUMNER", "prec_id": "008626", "precinct_norm": "SUMNER - 008626", "precinct_name": "Sumner - 008626", "precinct_full_name": "1203 White House Middle School", "name20": "1203 White House Middle School", "GEOID20": "47165008626"}, "geometry": {"type": "Point", "coordinates": [-86.65022785110747, 36.4351195]}}, {"type": "Feature", "properties": {"county_nam": "Marshall", "county_norm": "MARSHALL", "prec_id": "005854", "precinct_norm": "MARSHALL - 005854", "precinct_name": "Marshall - 005854", "precinct_full_name": "Chapel Hill", "name20": "Chapel Hill", "GEOID20": "47117005854"}, "geometry": {"type": "Point", "coordinates": [-86.68765223629532, 35.6550255]}}, {"type": "Feature", "properties": {"county_nam": "Marshall", "county_norm": "MARSHALL", "prec_id": "005851", "precinct_norm": "MARSHALL - 005851", "precinct_name": "Marshall - 005851", "precinct_full_name": "Henry Horton State Park", "name20": "Henry Horton State Park", "GEOID20": "47117005851"}, "geometry": {"type": "Point", "coordinates": [-86.69575381259601, 35.6002145]}}, {"type": "Feature", "properties": {"county_nam": "Marshall", "county_norm": "MARSHALL", "prec_id": "005852", "precinct_norm": "MARSHALL - 005852", "precinct_name": "Marshall - 005852", "precinct_full_name": "Cornersville", "name20": "Cornersville", "GEOID20": "47117005852"}, "geometry": {"type": "Point", "coordinates": [-86.87878267374828, 35.369559499999994]}}, {"type": "Feature", "properties": {"county_nam": "Marshall", "county_norm": "MARSHALL", "prec_id": "005855", "precinct_norm": "MARSHALL - 005855", "precinct_name": "Marshall - 005855", "precinct_full_name": "Recreation Center", "name20": "Recreation Center", "GEOID20": "47117005855"}, "geometry": {"type": "Point", "coordinates": [-86.83769173957984, 35.5178055]}}, {"type": "Feature", "properties": {"county_nam": "Marshall", "county_norm": "MARSHALL", "prec_id": "005853", "precinct_norm": "MARSHALL - 005853", "precinct_name": "Marshall - 005853", "precinct_full_name": "Belfast", "name20": "Belfast", "GEOID20": "47117005853"}, "geometry": {"type": "Point", "coordinates": [-86.70149279318736, 35.3938065]}}, {"type": "Feature", "properties": {"county_nam": "Marshall", "county_norm": "MARSHALL", "prec_id": "005859", "precinct_norm": "MARSHALL - 005859", "precinct_name": "Marshall - 005859", "precinct_full_name": "McKnight Center", "name20": "McKnight Center", "GEOID20": "47117005859"}, "geometry": {"type": "Point", "coordinates": [-86.85703562383074, 35.451978]}}, {"type": "Feature", "properties": {"county_nam": "Marshall", "county_norm": "MARSHALL", "prec_id": "005856", "precinct_norm": "MARSHALL - 005856", "precinct_name": "Marshall - 005856", "precinct_full_name": "West Hills Elementary", "name20": "West Hills Elementary", "GEOID20": "47117005856"}, "geometry": {"type": "Point", "coordinates": [-86.8038303481595, 35.559143]}}, {"type": "Feature", "properties": {"county_nam": "Marshall", "county_norm": "MARSHALL", "prec_id": "005858", "precinct_norm": "MARSHALL - 005858", "precinct_name": "Marshall - 005858", "precinct_full_name": "Lewisburg Gas Dept.", "name20": "Lewisburg Gas Dept.", "GEOID20": "47117005858"}, "geometry": {"type": "Point", "coordinates": [-86.76131810526316, 35.466148000000004]}}, {"type": "Feature", "properties": {"county_nam": "Marshall", "county_norm": "MARSHALL", "prec_id": "005857", "precinct_norm": "MARSHALL - 005857", "precinct_name": "Marshall - 005857", "precinct_full_name": "Hardison School", "name20": "Hardison School", "GEOID20": "47117005857"}, "geometry": {"type": "Point", "coordinates": [-86.7755419043931, 35.5104015]}}, {"type": "Feature", "properties": {"county_nam": "Morgan", "county_norm": "MORGAN", "prec_id": "006651", "precinct_norm": "MORGAN - 006651", "precinct_name": "Morgan - 006651", "precinct_full_name": "Coalfield 1-1", "name20": "Coalfield 1-1", "GEOID20": "47129006651"}, "geometry": {"type": "Point", "coordinates": [-84.44670575, 36.039407]}}, {"type": "Feature", "properties": {"county_nam": "Morgan", "county_norm": "MORGAN", "prec_id": "006652", "precinct_norm": "MORGAN - 006652", "precinct_name": "Morgan - 006652", "precinct_full_name": "Oakdale High 2-1", "name20": "Oakdale High 2-1", "GEOID20": "47129006652"}, "geometry": {"type": "Point", "coordinates": [-84.64562496868885, 35.990527]}}, {"type": "Feature", "properties": {"county_nam": "Morgan", "county_norm": "MORGAN", "prec_id": "006662", "precinct_norm": "MORGAN - 006662", "precinct_name": "Morgan - 006662", "precinct_full_name": "Oakdale 2-3", "name20": "Oakdale 2-3", "GEOID20": "47129006662"}, "geometry": {"type": "Point", "coordinates": [-84.53272750711217, 35.991531]}}, {"type": "Feature", "properties": {"county_nam": "Morgan", "county_norm": "MORGAN", "prec_id": "006657", "precinct_norm": "MORGAN - 006657", "precinct_name": "Morgan - 006657", "precinct_full_name": "Mossy Grove 2-2", "name20": "Mossy Grove 2-2", "GEOID20": "47129006657"}, "geometry": {"type": "Point", "coordinates": [-84.55217868651945, 36.0469895]}}, {"type": "Feature", "properties": {"county_nam": "Morgan", "county_norm": "MORGAN", "prec_id": "006660", "precinct_norm": "MORGAN - 006660", "precinct_name": "Morgan - 006660", "precinct_full_name": "Kelly's 6-1", "name20": "Kelly's 6-1", "GEOID20": "47129006660"}, "geometry": {"type": "Point", "coordinates": [-84.5086286544562, 36.1113225]}}, {"type": "Feature", "properties": {"county_nam": "Morgan", "county_norm": "MORGAN", "prec_id": "006654", "precinct_norm": "MORGAN - 006654", "precinct_name": "Morgan - 006654", "precinct_full_name": "Wartburg 3-1", "name20": "Wartburg 3-1", "GEOID20": "47129006654"}, "geometry": {"type": "Point", "coordinates": [-84.57147710999999, 36.106660000000005]}}, {"type": "Feature", "properties": {"county_nam": "Morgan", "county_norm": "MORGAN", "prec_id": "006653", "precinct_norm": "MORGAN - 006653", "precinct_name": "Morgan - 006653", "precinct_full_name": "Petros 6-2", "name20": "Petros 6-2", "GEOID20": "47129006653"}, "geometry": {"type": "Point", "coordinates": [-84.44679644026117, 36.111346]}}, {"type": "Feature", "properties": {"county_nam": "Morgan", "county_norm": "MORGAN", "prec_id": "006661", "precinct_norm": "MORGAN - 006661", "precinct_name": "Morgan - 006661", "precinct_full_name": "Deer Lodge 4-2", "name20": "Deer Lodge 4-2", "GEOID20": "47129006661"}, "geometry": {"type": "Point", "coordinates": [-84.7700358405929, 36.1937105]}}, {"type": "Feature", "properties": {"county_nam": "Morgan", "county_norm": "MORGAN", "prec_id": "006658", "precinct_norm": "MORGAN - 006658", "precinct_name": "Morgan - 006658", "precinct_full_name": "Lancing 4-1", "name20": "Lancing 4-1", "GEOID20": "47129006658"}, "geometry": {"type": "Point", "coordinates": [-84.71211429115372, 36.1344065]}}, {"type": "Feature", "properties": {"county_nam": "Morgan", "county_norm": "MORGAN", "prec_id": "006655", "precinct_norm": "MORGAN - 006655", "precinct_name": "Morgan - 006655", "precinct_full_name": "Chestnut Ridge 4-3", "name20": "Chestnut Ridge 4-3", "GEOID20": "47129006655"}, "geometry": {"type": "Point", "coordinates": [-84.84778313899903, 36.1722655]}}, {"type": "Feature", "properties": {"county_nam": "Morgan", "county_norm": "MORGAN", "prec_id": "006656", "precinct_norm": "MORGAN - 006656", "precinct_name": "Morgan - 006656", "precinct_full_name": "Sunbright 5-1", "name20": "Sunbright 5-1", "GEOID20": "47129006656"}, "geometry": {"type": "Point", "coordinates": [-84.61034630246914, 36.218784]}}, {"type": "Feature", "properties": {"county_nam": "Morgan", "county_norm": "MORGAN", "prec_id": "006659", "precinct_norm": "MORGAN - 006659", "precinct_name": "Morgan - 006659", "precinct_full_name": "Burrville 5-2", "name20": "Burrville 5-2", "GEOID20": "47129006659"}, "geometry": {"type": "Point", "coordinates": [-84.80419970379933, 36.2773105]}}, {"type": "Feature", "properties": {"county_nam": "Montgomery", "county_norm": "MONTGOMERY", "prec_id": "006467", "precinct_norm": "MONTGOMERY - 006467", "precinct_name": "Montgomery - 006467", "precinct_full_name": "1A", "name20": "1A", "GEOID20": "47125006467"}, "geometry": {"type": "Point", "coordinates": [-87.2925882189468, 36.5869115]}}, {"type": "Feature", "properties": {"county_nam": "Montgomery", "county_norm": "MONTGOMERY", "prec_id": "006479", "precinct_norm": "MONTGOMERY - 006479", "precinct_name": "Montgomery - 006479", "precinct_full_name": "1B", "name20": "1B", "GEOID20": "47125006479"}, "geometry": {"type": "Point", "coordinates": [-87.31267777814568, 36.569935]}}, {"type": "Feature", "properties": {"county_nam": "Montgomery", "county_norm": "MONTGOMERY", "prec_id": "006478", "precinct_norm": "MONTGOMERY - 006478", "precinct_name": "Montgomery - 006478", "precinct_full_name": "2B", "name20": "2B", "GEOID20": "47125006478"}, "geometry": {"type": "Point", "coordinates": [-87.31005467854217, 36.539271]}}, {"type": "Feature", "properties": {"county_nam": "Montgomery", "county_norm": "MONTGOMERY", "prec_id": "006464", "precinct_norm": "MONTGOMERY - 006464", "precinct_name": "Montgomery - 006464", "precinct_full_name": "2A", "name20": "2A", "GEOID20": "47125006464"}, "geometry": {"type": "Point", "coordinates": [-87.27387392432951, 36.545416]}}, {"type": "Feature", "properties": {"county_nam": "Montgomery", "county_norm": "MONTGOMERY", "prec_id": "006465", "precinct_norm": "MONTGOMERY - 006465", "precinct_name": "Montgomery - 006465", "precinct_full_name": "14", "name20": "14", "GEOID20": "47125006465"}, "geometry": {"type": "Point", "coordinates": [-87.33349521101357, 36.5741035]}}, {"type": "Feature", "properties": {"county_nam": "Montgomery", "county_norm": "MONTGOMERY", "prec_id": "006472", "precinct_norm": "MONTGOMERY - 006472", "precinct_name": "Montgomery - 006472", "precinct_full_name": "4B", "name20": "4B", "GEOID20": "47125006472"}, "geometry": {"type": "Point", "coordinates": [-87.37096720384508, 36.5006875]}}, {"type": "Feature", "properties": {"county_nam": "Montgomery", "county_norm": "MONTGOMERY", "prec_id": "006461", "precinct_norm": "MONTGOMERY - 006461", "precinct_name": "Montgomery - 006461", "precinct_full_name": "4A", "name20": "4A", "GEOID20": "47125006461"}, "geometry": {"type": "Point", "coordinates": [-87.32706653229172, 36.406330499999996]}}, {"type": "Feature", "properties": {"county_nam": "Montgomery", "county_norm": "MONTGOMERY", "prec_id": "006453", "precinct_norm": "MONTGOMERY - 006453", "precinct_name": "Montgomery - 006453", "precinct_full_name": "3", "name20": "3", "GEOID20": "47125006453"}, "geometry": {"type": "Point", "coordinates": [-87.17914110167692, 36.4728075]}}, {"type": "Feature", "properties": {"county_nam": "Montgomery", "county_norm": "MONTGOMERY", "prec_id": "006457", "precinct_norm": "MONTGOMERY - 006457", "precinct_name": "Montgomery - 006457", "precinct_full_name": "12", "name20": "12", "GEOID20": "47125006457"}, "geometry": {"type": "Point", "coordinates": [-87.39018531759021, 36.589668]}}, {"type": "Feature", "properties": {"county_nam": "Montgomery", "county_norm": "MONTGOMERY", "prec_id": "006456", "precinct_norm": "MONTGOMERY - 006456", "precinct_name": "Montgomery - 006456", "precinct_full_name": "11", "name20": "11", "GEOID20": "47125006456"}, "geometry": {"type": "Point", "coordinates": [-87.4175342926809, 36.565657]}}, {"type": "Feature", "properties": {"county_nam": "Montgomery", "county_norm": "MONTGOMERY", "prec_id": "006454", "precinct_norm": "MONTGOMERY - 006454", "precinct_name": "Montgomery - 006454", "precinct_full_name": "10", "name20": "10", "GEOID20": "47125006454"}, "geometry": {"type": "Point", "coordinates": [-87.5232841566204, 36.5875055]}}, {"type": "Feature", "properties": {"county_nam": "Montgomery", "county_norm": "MONTGOMERY", "prec_id": "006473", "precinct_norm": "MONTGOMERY - 006473", "precinct_name": "Montgomery - 006473", "precinct_full_name": "6B", "name20": "6B", "GEOID20": "47125006473"}, "geometry": {"type": "Point", "coordinates": [-87.53285759767236, 36.397422]}}, {"type": "Feature", "properties": {"county_nam": "Montgomery", "county_norm": "MONTGOMERY", "prec_id": "006460", "precinct_norm": "MONTGOMERY - 006460", "precinct_name": "Montgomery - 006460", "precinct_full_name": "6A", "name20": "6A", "GEOID20": "47125006460"}, "geometry": {"type": "Point", "coordinates": [-87.42738667670315, 36.430273]}}, {"type": "Feature", "properties": {"county_nam": "Montgomery", "county_norm": "MONTGOMERY", "prec_id": "006458", "precinct_norm": "MONTGOMERY - 006458", "precinct_name": "Montgomery - 006458", "precinct_full_name": "13", "name20": "13", "GEOID20": "47125006458"}, "geometry": {"type": "Point", "coordinates": [-87.36436689311859, 36.553250500000004]}}, {"type": "Feature", "properties": {"county_nam": "Montgomery", "county_norm": "MONTGOMERY", "prec_id": "006476", "precinct_norm": "MONTGOMERY - 006476", "precinct_name": "Montgomery - 006476", "precinct_full_name": "5B", "name20": "5B", "GEOID20": "47125006476"}, "geometry": {"type": "Point", "coordinates": [-87.3557660804131, 36.5276495]}}, {"type": "Feature", "properties": {"county_nam": "Montgomery", "county_norm": "MONTGOMERY", "prec_id": "006455", "precinct_norm": "MONTGOMERY - 006455", "precinct_name": "Montgomery - 006455", "precinct_full_name": "7", "name20": "7", "GEOID20": "47125006455"}, "geometry": {"type": "Point", "coordinates": [-87.52558678511852, 36.485434999999995]}}, {"type": "Feature", "properties": {"county_nam": "Montgomery", "county_norm": "MONTGOMERY", "prec_id": "006459", "precinct_norm": "MONTGOMERY - 006459", "precinct_name": "Montgomery - 006459", "precinct_full_name": "5A", "name20": "5A", "GEOID20": "47125006459"}, "geometry": {"type": "Point", "coordinates": [-87.35567123630136, 36.5084935]}}, {"type": "Feature", "properties": {"county_nam": "Montgomery", "county_norm": "MONTGOMERY", "prec_id": "006451", "precinct_norm": "MONTGOMERY - 006451", "precinct_name": "Montgomery - 006451", "precinct_full_name": "8A", "name20": "8A", "GEOID20": "47125006451"}, "geometry": {"type": "Point", "coordinates": [-87.45583803398058, 36.628139000000004]}}, {"type": "Feature", "properties": {"county_nam": "Montgomery", "county_norm": "MONTGOMERY", "prec_id": "006466", "precinct_norm": "MONTGOMERY - 006466", "precinct_name": "Montgomery - 006466", "precinct_full_name": "17", "name20": "17", "GEOID20": "47125006466"}, "geometry": {"type": "Point", "coordinates": [-87.33562973925302, 36.606365]}}, {"type": "Feature", "properties": {"county_nam": "Montgomery", "county_norm": "MONTGOMERY", "prec_id": "006463", "precinct_norm": "MONTGOMERY - 006463", "precinct_name": "Montgomery - 006463", "precinct_full_name": "18", "name20": "18", "GEOID20": "47125006463"}, "geometry": {"type": "Point", "coordinates": [-87.36553506515222, 36.618137000000004]}}, {"type": "Feature", "properties": {"county_nam": "Montgomery", "county_norm": "MONTGOMERY", "prec_id": "006471", "precinct_norm": "MONTGOMERY - 006471", "precinct_name": "Montgomery - 006471", "precinct_full_name": "19", "name20": "19", "GEOID20": "47125006471"}, "geometry": {"type": "Point", "coordinates": [-87.20059696346877, 36.591393]}}, {"type": "Feature", "properties": {"county_nam": "Montgomery", "county_norm": "MONTGOMERY", "prec_id": "006480", "precinct_norm": "MONTGOMERY - 006480", "precinct_name": "Montgomery - 006480", "precinct_full_name": "8B", "name20": "8B", "GEOID20": "47125006480"}, "geometry": {"type": "Point", "coordinates": [-87.40083493036357, 36.635743500000004]}}, {"type": "Feature", "properties": {"county_nam": "Montgomery", "county_norm": "MONTGOMERY", "prec_id": "006452", "precinct_norm": "MONTGOMERY - 006452", "precinct_name": "Montgomery - 006452", "precinct_full_name": "9", "name20": "9", "GEOID20": "47125006452"}, "geometry": {"type": "Point", "coordinates": [-87.4039891764113, 36.612438499999996]}}, {"type": "Feature", "properties": {"county_nam": "Montgomery", "county_norm": "MONTGOMERY", "prec_id": "006470", "precinct_norm": "MONTGOMERY - 006470", "precinct_name": "Montgomery - 006470", "precinct_full_name": "16", "name20": "16", "GEOID20": "47125006470"}, "geometry": {"type": "Point", "coordinates": [-87.40058660975609, 36.552542]}}, {"type": "Feature", "properties": {"county_nam": "Montgomery", "county_norm": "MONTGOMERY", "prec_id": "006468", "precinct_norm": "MONTGOMERY - 006468", "precinct_name": "Montgomery - 006468", "precinct_full_name": "15", "name20": "15", "GEOID20": "47125006468"}, "geometry": {"type": "Point", "coordinates": [-87.2113650625, 36.5067345]}}, {"type": "Feature", "properties": {"county_nam": "Montgomery", "county_norm": "MONTGOMERY", "prec_id": "006462", "precinct_norm": "MONTGOMERY - 006462", "precinct_name": "Montgomery - 006462", "precinct_full_name": "21B", "name20": "21B", "GEOID20": "47125006462"}, "geometry": {"type": "Point", "coordinates": [-87.30043817261904, 36.525566]}}, {"type": "Feature", "properties": {"county_nam": "Montgomery", "county_norm": "MONTGOMERY", "prec_id": "006469", "precinct_norm": "MONTGOMERY - 006469", "precinct_name": "Montgomery - 006469", "precinct_full_name": "20A", "name20": "20A", "GEOID20": "47125006469"}, "geometry": {"type": "Point", "coordinates": [-87.26523704193548, 36.501982999999996]}}, {"type": "Feature", "properties": {"county_nam": "Montgomery", "county_norm": "MONTGOMERY", "prec_id": "006477", "precinct_norm": "MONTGOMERY - 006477", "precinct_name": "Montgomery - 006477", "precinct_full_name": "20B", "name20": "20B", "GEOID20": "47125006477"}, "geometry": {"type": "Point", "coordinates": [-87.30281637811635, 36.501982999999996]}}, {"type": "Feature", "properties": {"county_nam": "Montgomery", "county_norm": "MONTGOMERY", "prec_id": "006474", "precinct_norm": "MONTGOMERY - 006474", "precinct_name": "Montgomery - 006474", "precinct_full_name": "21A", "name20": "21A", "GEOID20": "47125006474"}, "geometry": {"type": "Point", "coordinates": [-87.33847273828829, 36.526397]}}, {"type": "Feature", "properties": {"county_nam": "Sequatchie", "county_norm": "SEQUATCHIE", "prec_id": "007851", "precinct_norm": "SEQUATCHIE - 007851", "precinct_name": "Sequatchie - 007851", "precinct_full_name": "1 Lewis Chapel", "name20": "1 Lewis Chapel", "GEOID20": "47153007851"}, "geometry": {"type": "Point", "coordinates": [-85.28448602936072, 35.34529]}}, {"type": "Feature", "properties": {"county_nam": "Sequatchie", "county_norm": "SEQUATCHIE", "prec_id": "007855", "precinct_norm": "SEQUATCHIE - 007855", "precinct_name": "Sequatchie - 007855", "precinct_full_name": "2 Cagle", "name20": "2 Cagle", "GEOID20": "47153007855"}, "geometry": {"type": "Point", "coordinates": [-85.4313765467191, 35.48592]}}, {"type": "Feature", "properties": {"county_nam": "Sequatchie", "county_norm": "SEQUATCHIE", "prec_id": "007859", "precinct_norm": "SEQUATCHIE - 007859", "precinct_name": "Sequatchie - 007859", "precinct_full_name": "3 Court House", "name20": "3 Court House", "GEOID20": "47153007859"}, "geometry": {"type": "Point", "coordinates": [-85.35142049092647, 35.401281999999995]}}, {"type": "Feature", "properties": {"county_nam": "Sequatchie", "county_norm": "SEQUATCHIE", "prec_id": "007854", "precinct_norm": "SEQUATCHIE - 007854", "precinct_name": "Sequatchie - 007854", "precinct_full_name": "6 Daus", "name20": "6 Daus", "GEOID20": "47153007854"}, "geometry": {"type": "Point", "coordinates": [-85.49557976445561, 35.314586500000004]}}, {"type": "Feature", "properties": {"county_nam": "Sequatchie", "county_norm": "SEQUATCHIE", "prec_id": "007856", "precinct_norm": "SEQUATCHIE - 007856", "precinct_name": "Sequatchie - 007856", "precinct_full_name": "9 Fredonia", "name20": "9 Fredonia", "GEOID20": "47153007856"}, "geometry": {"type": "Point", "coordinates": [-85.47908506812577, 35.433353]}}, {"type": "Feature", "properties": {"county_nam": "Sequatchie", "county_norm": "SEQUATCHIE", "prec_id": "007853", "precinct_norm": "SEQUATCHIE - 007853", "precinct_name": "Sequatchie - 007853", "precinct_full_name": "5 Chapel Hill", "name20": "5 Chapel Hill", "GEOID20": "47153007853"}, "geometry": {"type": "Point", "coordinates": [-85.40568946134259, 35.3038425]}}, {"type": "Feature", "properties": {"county_nam": "Sequatchie", "county_norm": "SEQUATCHIE", "prec_id": "007858", "precinct_norm": "SEQUATCHIE - 007858", "precinct_name": "Sequatchie - 007858", "precinct_full_name": "4 Electric Co-op", "name20": "4 Electric Co-op", "GEOID20": "47153007858"}, "geometry": {"type": "Point", "coordinates": [-85.38262914285714, 35.392806]}}, {"type": "Feature", "properties": {"county_nam": "Sequatchie", "county_norm": "SEQUATCHIE", "prec_id": "007857", "precinct_norm": "SEQUATCHIE - 007857", "precinct_name": "Sequatchie - 007857", "precinct_full_name": "7 City Justice Center", "name20": "7 City Justice Center", "GEOID20": "47153007857"}, "geometry": {"type": "Point", "coordinates": [-85.39188872597977, 35.3509615]}}, {"type": "Feature", "properties": {"county_nam": "Sequatchie", "county_norm": "SEQUATCHIE", "prec_id": "007852", "precinct_norm": "SEQUATCHIE - 007852", "precinct_name": "Sequatchie - 007852", "precinct_full_name": "8 Lone Oak", "name20": "8 Lone Oak", "GEOID20": "47153007852"}, "geometry": {"type": "Point", "coordinates": [-85.36545205601415, 35.227374499999996]}}, {"type": "Feature", "properties": {"county_nam": "Smith", "county_norm": "SMITH", "prec_id": "008303", "precinct_norm": "SMITH - 008303", "precinct_name": "Smith - 008303", "precinct_full_name": "01 Defeated", "name20": "01 Defeated", "GEOID20": "47159008303"}, "geometry": {"type": "Point", "coordinates": [-85.88930541568047, 36.338913500000004]}}, {"type": "Feature", "properties": {"county_nam": "Smith", "county_norm": "SMITH", "prec_id": "008308", "precinct_norm": "SMITH - 008308", "precinct_name": "Smith - 008308", "precinct_full_name": "02 Tanglewood", "name20": "02 Tanglewood", "GEOID20": "47159008308"}, "geometry": {"type": "Point", "coordinates": [-86.00380021322437, 36.327364]}}, {"type": "Feature", "properties": {"county_nam": "Smith", "county_norm": "SMITH", "prec_id": "008304", "precinct_norm": "SMITH - 008304", "precinct_name": "Smith - 008304", "precinct_full_name": "05 Gordonsville", "name20": "05 Gordonsville", "GEOID20": "47159008304"}, "geometry": {"type": "Point", "coordinates": [-85.92186593900007, 36.149210499999995]}}, {"type": "Feature", "properties": {"county_nam": "Smith", "county_norm": "SMITH", "prec_id": "008305", "precinct_norm": "SMITH - 008305", "precinct_name": "Smith - 008305", "precinct_full_name": "06 Carthage", "name20": "06 Carthage", "GEOID20": "47159008305"}, "geometry": {"type": "Point", "coordinates": [-85.94117272353023, 36.255514500000004]}}, {"type": "Feature", "properties": {"county_nam": "Smith", "county_norm": "SMITH", "prec_id": "008307", "precinct_norm": "SMITH - 008307", "precinct_name": "Smith - 008307", "precinct_full_name": "08 Elmwood", "name20": "08 Elmwood", "GEOID20": "47159008307"}, "geometry": {"type": "Point", "coordinates": [-85.86235873269689, 36.222209]}}, {"type": "Feature", "properties": {"county_nam": "Smith", "county_norm": "SMITH", "prec_id": "008306", "precinct_norm": "SMITH - 008306", "precinct_name": "Smith - 008306", "precinct_full_name": "07 South Carthage", "name20": "07 South Carthage", "GEOID20": "47159008306"}, "geometry": {"type": "Point", "coordinates": [-85.98896992592593, 36.2297255]}}, {"type": "Feature", "properties": {"county_nam": "Smith", "county_norm": "SMITH", "prec_id": "008302", "precinct_norm": "SMITH - 008302", "precinct_name": "Smith - 008302", "precinct_full_name": "03 New Middleton", "name20": "03 New Middleton", "GEOID20": "47159008302"}, "geometry": {"type": "Point", "coordinates": [-86.02946728028759, 36.152404000000004]}}, {"type": "Feature", "properties": {"county_nam": "Smith", "county_norm": "SMITH", "prec_id": "008301", "precinct_norm": "SMITH - 008301", "precinct_name": "Smith - 008301", "precinct_full_name": "04 Rock City", "name20": "04 Rock City", "GEOID20": "47159008301"}, "geometry": {"type": "Point", "coordinates": [-86.03500471559487, 36.264964000000006]}}, {"type": "Feature", "properties": {"county_nam": "Overton", "county_norm": "OVERTON", "prec_id": "006857", "precinct_norm": "OVERTON - 006857", "precinct_name": "Overton - 006857", "precinct_full_name": "4 Rickman", "name20": "4 Rickman", "GEOID20": "47133006857"}, "geometry": {"type": "Point", "coordinates": [-85.35228542333985, 36.275641500000006]}}, {"type": "Feature", "properties": {"county_nam": "Washington", "county_norm": "WASHINGTON", "prec_id": "009324", "precinct_norm": "WASHINGTON - 009324", "precinct_name": "Washington - 009324", "precinct_full_name": "Lake Ridge", "name20": "Lake Ridge", "GEOID20": "47179009324"}, "geometry": {"type": "Point", "coordinates": [-82.33528706087662, 36.3529485]}}, {"type": "Feature", "properties": {"county_nam": "Washington", "county_norm": "WASHINGTON", "prec_id": "009302", "precinct_norm": "WASHINGTON - 009302", "precinct_name": "Washington - 009302", "precinct_full_name": "Boones Creek Central", "name20": "Boones Creek Central", "GEOID20": "47179009302"}, "geometry": {"type": "Point", "coordinates": [-82.46506435720215, 36.350915]}}, {"type": "Feature", "properties": {"county_nam": "Washington", "county_norm": "WASHINGTON", "prec_id": "009305", "precinct_norm": "WASHINGTON - 009305", "precinct_name": "Washington - 009305", "precinct_full_name": "Boones Creek East", "name20": "Boones Creek East", "GEOID20": "47179009305"}, "geometry": {"type": "Point", "coordinates": [-82.4324348294954, 36.416454]}}, {"type": "Feature", "properties": {"county_nam": "Washington", "county_norm": "WASHINGTON", "prec_id": "009322", "precinct_norm": "WASHINGTON - 009322", "precinct_name": "Washington - 009322", "precinct_full_name": "Indian Trail City", "name20": "Indian Trail City", "GEOID20": "47179009322"}, "geometry": {"type": "Point", "coordinates": [-82.40173385521236, 36.3670125]}}, {"type": "Feature", "properties": {"county_nam": "Washington", "county_norm": "WASHINGTON", "prec_id": "009306", "precinct_norm": "WASHINGTON - 009306", "precinct_name": "Washington - 009306", "precinct_full_name": "Boones Creek West", "name20": "Boones Creek West", "GEOID20": "47179009306"}, "geometry": {"type": "Point", "coordinates": [-82.48158349688728, 36.3503805]}}, {"type": "Feature", "properties": {"county_nam": "Washington", "county_norm": "WASHINGTON", "prec_id": "009304", "precinct_norm": "WASHINGTON - 009304", "precinct_name": "Washington - 009304", "precinct_full_name": "Boones Creek City", "name20": "Boones Creek City", "GEOID20": "47179009304"}, "geometry": {"type": "Point", "coordinates": [-82.42966917118991, 36.4041685]}}, {"type": "Feature", "properties": {"county_nam": "Washington", "county_norm": "WASHINGTON", "prec_id": "009336", "precinct_norm": "WASHINGTON - 009336", "precinct_name": "Washington - 009336", "precinct_full_name": "Woodland", "name20": "Woodland", "GEOID20": "47179009336"}, "geometry": {"type": "Point", "coordinates": [-82.4047014346508, 36.320218999999994]}}, {"type": "Feature", "properties": {"county_nam": "Washington", "county_norm": "WASHINGTON", "prec_id": "009301", "precinct_norm": "WASHINGTON - 009301", "precinct_name": "Washington - 009301", "precinct_full_name": "Asbury", "name20": "Asbury", "GEOID20": "47179009301"}, "geometry": {"type": "Point", "coordinates": [-82.45112608348376, 36.3336985]}}, {"type": "Feature", "properties": {"county_nam": "Washington", "county_norm": "WASHINGTON", "prec_id": "009334", "precinct_norm": "WASHINGTON - 009334", "precinct_name": "Washington - 009334", "precinct_full_name": "Town Acres County", "name20": "Town Acres County", "GEOID20": "47179009334"}, "geometry": {"type": "Point", "coordinates": [-82.41333913067895, 36.3748335]}}, {"type": "Feature", "properties": {"county_nam": "Washington", "county_norm": "WASHINGTON", "prec_id": "009328", "precinct_norm": "WASHINGTON - 009328", "precinct_name": "Washington - 009328", "precinct_full_name": "Princeton", "name20": "Princeton", "GEOID20": "47179009328"}, "geometry": {"type": "Point", "coordinates": [-82.33997731216124, 36.3769575]}}, {"type": "Feature", "properties": {"county_nam": "Washington", "county_norm": "WASHINGTON", "prec_id": "009308", "precinct_norm": "WASHINGTON - 009308", "precinct_name": "Washington - 009308", "precinct_full_name": "Carver", "name20": "Carver", "GEOID20": "47179009308"}, "geometry": {"type": "Point", "coordinates": [-82.36490253298611, 36.3296685]}}, {"type": "Feature", "properties": {"county_nam": "Washington", "county_norm": "WASHINGTON", "prec_id": "009312", "precinct_norm": "WASHINGTON - 009312", "precinct_name": "Washington - 009312", "precinct_full_name": "Fairmont", "name20": "Fairmont", "GEOID20": "47179009312"}, "geometry": {"type": "Point", "coordinates": [-82.35236886668285, 36.339337]}}, {"type": "Feature", "properties": {"county_nam": "Washington", "county_norm": "WASHINGTON", "prec_id": "009323", "precinct_norm": "WASHINGTON - 009323", "precinct_name": "Washington - 009323", "precinct_full_name": "Keystone", "name20": "Keystone", "GEOID20": "47179009323"}, "geometry": {"type": "Point", "coordinates": [-82.32732766181255, 36.3143715]}}, {"type": "Feature", "properties": {"county_nam": "Washington", "county_norm": "WASHINGTON", "prec_id": "009331", "precinct_norm": "WASHINGTON - 009331", "precinct_name": "Washington - 009331", "precinct_full_name": "South Side", "name20": "South Side", "GEOID20": "47179009331"}, "geometry": {"type": "Point", "coordinates": [-82.34706512822879, 36.310218]}}, {"type": "Feature", "properties": {"county_nam": "Washington", "county_norm": "WASHINGTON", "prec_id": "009316", "precinct_norm": "WASHINGTON - 009316", "precinct_name": "Washington - 009316", "precinct_full_name": "Grace West", "name20": "Grace West", "GEOID20": "47179009316"}, "geometry": {"type": "Point", "coordinates": [-82.41569792534958, 36.273272500000004]}}, {"type": "Feature", "properties": {"county_nam": "Washington", "county_norm": "WASHINGTON", "prec_id": "009311", "precinct_norm": "WASHINGTON - 009311", "precinct_name": "Washington - 009311", "precinct_full_name": "Fairhaven", "name20": "Fairhaven", "GEOID20": "47179009311"}, "geometry": {"type": "Point", "coordinates": [-82.39232899460606, 36.2852415]}}, {"type": "Feature", "properties": {"county_nam": "Washington", "county_norm": "WASHINGTON", "prec_id": "009315", "precinct_norm": "WASHINGTON - 009315", "precinct_name": "Washington - 009315", "precinct_full_name": "Grace East", "name20": "Grace East", "GEOID20": "47179009315"}, "geometry": {"type": "Point", "coordinates": [-82.35220720644307, 36.2746535]}}, {"type": "Feature", "properties": {"county_nam": "Washington", "county_norm": "WASHINGTON", "prec_id": "009326", "precinct_norm": "WASHINGTON - 009326", "precinct_name": "Washington - 009326", "precinct_full_name": "New Salem", "name20": "New Salem", "GEOID20": "47179009326"}, "geometry": {"type": "Point", "coordinates": [-82.57074208513816, 36.2192955]}}, {"type": "Feature", "properties": {"county_nam": "Washington", "county_norm": "WASHINGTON", "prec_id": "009325", "precinct_norm": "WASHINGTON - 009325", "precinct_name": "Washington - 009325", "precinct_full_name": "Lamar", "name20": "Lamar", "GEOID20": "47179009325"}, "geometry": {"type": "Point", "coordinates": [-82.43082659655676, 36.214299]}}, {"type": "Feature", "properties": {"county_nam": "Washington", "county_norm": "WASHINGTON", "prec_id": "009327", "precinct_norm": "WASHINGTON - 009327", "precinct_name": "Washington - 009327", "precinct_full_name": "New Victory", "name20": "New Victory", "GEOID20": "47179009327"}, "geometry": {"type": "Point", "coordinates": [-82.50435236909694, 36.2426785]}}, {"type": "Feature", "properties": {"county_nam": "Washington", "county_norm": "WASHINGTON", "prec_id": "009314", "precinct_norm": "WASHINGTON - 009314", "precinct_name": "Washington - 009314", "precinct_full_name": "Grace City", "name20": "Grace City", "GEOID20": "47179009314"}, "geometry": {"type": "Point", "coordinates": [-82.37101664840637, 36.2922085]}}, {"type": "Feature", "properties": {"county_nam": "Washington", "county_norm": "WASHINGTON", "prec_id": "009320", "precinct_norm": "WASHINGTON - 009320", "precinct_name": "Washington - 009320", "precinct_full_name": "Henry Johnson 6", "name20": "Henry Johnson 6", "GEOID20": "47179009320"}, "geometry": {"type": "Point", "coordinates": [-82.36792037876495, 36.319062]}}, {"type": "Feature", "properties": {"county_nam": "Washington", "county_norm": "WASHINGTON", "prec_id": "009321", "precinct_norm": "WASHINGTON - 009321", "precinct_name": "Washington - 009321", "precinct_full_name": "Henry Johnson 7", "name20": "Henry Johnson 7", "GEOID20": "47179009321"}, "geometry": {"type": "Point", "coordinates": [-82.38449091319748, 36.321603]}}, {"type": "Feature", "properties": {"county_nam": "Washington", "county_norm": "WASHINGTON", "prec_id": "009333", "precinct_norm": "WASHINGTON - 009333", "precinct_name": "Washington - 009333", "precinct_full_name": "Town Acres CIty", "name20": "Town Acres CIty", "GEOID20": "47179009333"}, "geometry": {"type": "Point", "coordinates": [-82.40706383287645, 36.3505385]}}, {"type": "Feature", "properties": {"county_nam": "Washington", "county_norm": "WASHINGTON", "prec_id": "009309", "precinct_norm": "WASHINGTON - 009309", "precinct_name": "Washington - 009309", "precinct_full_name": "Courthouse", "name20": "Courthouse", "GEOID20": "47179009309"}, "geometry": {"type": "Point", "coordinates": [-82.44548302291355, 36.285298]}}, {"type": "Feature", "properties": {"county_nam": "Washington", "county_norm": "WASHINGTON", "prec_id": "009335", "precinct_norm": "WASHINGTON - 009335", "precinct_name": "Washington - 009335", "precinct_full_name": "Visitor's Center", "name20": "Visitor's Center", "GEOID20": "47179009335"}, "geometry": {"type": "Point", "coordinates": [-82.47645382363478, 36.297509500000004]}}, {"type": "Feature", "properties": {"county_nam": "Washington", "county_norm": "WASHINGTON", "prec_id": "009332", "precinct_norm": "WASHINGTON - 009332", "precinct_name": "Washington - 009332", "precinct_full_name": "Sulphur Springs", "name20": "Sulphur Springs", "GEOID20": "47179009332"}, "geometry": {"type": "Point", "coordinates": [-82.52890838652482, 36.367074]}}, {"type": "Feature", "properties": {"county_nam": "Washington", "county_norm": "WASHINGTON", "prec_id": "009318", "precinct_norm": "WASHINGTON - 009318", "precinct_name": "Washington - 009318", "precinct_full_name": "Gray County", "name20": "Gray County", "GEOID20": "47179009318"}, "geometry": {"type": "Point", "coordinates": [-82.48050287349398, 36.3925265]}}, {"type": "Feature", "properties": {"county_nam": "Washington", "county_norm": "WASHINGTON", "prec_id": "009317", "precinct_norm": "WASHINGTON - 009317", "precinct_name": "Washington - 009317", "precinct_full_name": "Gray City", "name20": "Gray City", "GEOID20": "47179009317"}, "geometry": {"type": "Point", "coordinates": [-82.48215497606203, 36.411362999999994]}}, {"type": "Feature", "properties": {"county_nam": "Washington", "county_norm": "WASHINGTON", "prec_id": "009313", "precinct_norm": "WASHINGTON - 009313", "precinct_name": "Washington - 009313", "precinct_full_name": "Fall Branch", "name20": "Fall Branch", "GEOID20": "47179009313"}, "geometry": {"type": "Point", "coordinates": [-82.60925712458362, 36.4077755]}}, {"type": "Feature", "properties": {"county_nam": "Washington", "county_norm": "WASHINGTON", "prec_id": "009307", "precinct_norm": "WASHINGTON - 009307", "precinct_name": "Washington - 009307", "precinct_full_name": "Bowmantown", "name20": "Bowmantown", "GEOID20": "47179009307"}, "geometry": {"type": "Point", "coordinates": [-82.5879390511699, 36.314158000000006]}}, {"type": "Feature", "properties": {"county_nam": "Washington", "county_norm": "WASHINGTON", "prec_id": "009329", "precinct_norm": "WASHINGTON - 009329", "precinct_name": "Washington - 009329", "precinct_full_name": "South Central 6", "name20": "South Central 6", "GEOID20": "47179009329"}, "geometry": {"type": "Point", "coordinates": [-82.62420575862795, 36.195229]}}, {"type": "Feature", "properties": {"county_nam": "Washington", "county_norm": "WASHINGTON", "prec_id": "009330", "precinct_norm": "WASHINGTON - 009330", "precinct_name": "Washington - 009330", "precinct_full_name": "South Central 7", "name20": "South Central 7", "GEOID20": "47179009330"}, "geometry": {"type": "Point", "coordinates": [-82.56240643116259, 36.155114499999996]}}, {"type": "Feature", "properties": {"county_nam": "Washington", "county_norm": "WASHINGTON", "prec_id": "009310", "precinct_norm": "WASHINGTON - 009310", "precinct_name": "Washington - 009310", "precinct_full_name": "Embreeville", "name20": "Embreeville", "GEOID20": "47179009310"}, "geometry": {"type": "Point", "coordinates": [-82.49369707917583, 36.178827999999996]}}, {"type": "Feature", "properties": {"county_nam": "Washington", "county_norm": "WASHINGTON", "prec_id": "009319", "precinct_norm": "WASHINGTON - 009319", "precinct_name": "Washington - 009319", "precinct_full_name": "Harmony", "name20": "Harmony", "GEOID20": "47179009319"}, "geometry": {"type": "Point", "coordinates": [-82.58035826552288, 36.387298]}}, {"type": "Feature", "properties": {"county_nam": "Obion", "county_norm": "OBION", "prec_id": "006751", "precinct_norm": "OBION - 006751", "precinct_name": "Obion - 006751", "precinct_full_name": "1-1 SOUTH FULTON", "name20": "1-1 SOUTH FULTON", "GEOID20": "47131006751"}, "geometry": {"type": "Point", "coordinates": [-88.88847202658008, 36.447702]}}, {"type": "Feature", "properties": {"county_nam": "Obion", "county_norm": "OBION", "prec_id": "006753", "precinct_norm": "OBION - 006753", "precinct_name": "Obion - 006753", "precinct_full_name": "2-4 WOODLAND", "name20": "2-4 WOODLAND", "GEOID20": "47131006753"}, "geometry": {"type": "Point", "coordinates": [-89.14285373963133, 36.470389999999995]}}, {"type": "Feature", "properties": {"county_nam": "Obion", "county_norm": "OBION", "prec_id": "006756", "precinct_norm": "OBION - 006756", "precinct_name": "Obion - 006756", "precinct_full_name": "2-1 EDDIE COX SR. CENTER", "name20": "2-1 EDDIE COX SR. CENTER", "GEOID20": "47131006756"}, "geometry": {"type": "Point", "coordinates": [-89.0285539810527, 36.4624015]}}, {"type": "Feature", "properties": {"county_nam": "Obion", "county_norm": "OBION", "prec_id": "006761", "precinct_norm": "OBION - 006761", "precinct_name": "Obion - 006761", "precinct_full_name": "3-4 RIVES", "name20": "3-4 RIVES", "GEOID20": "47131006761"}, "geometry": {"type": "Point", "coordinates": [-89.04076354651998, 36.3608295]}}, {"type": "Feature", "properties": {"county_nam": "Obion", "county_norm": "OBION", "prec_id": "006757", "precinct_norm": "OBION - 006757", "precinct_name": "Obion - 006757", "precinct_full_name": "3-2 KENTON", "name20": "3-2 KENTON", "GEOID20": "47131006757"}, "geometry": {"type": "Point", "coordinates": [-89.04722121665928, 36.2533875]}}, {"type": "Feature", "properties": {"county_nam": "Obion", "county_norm": "OBION", "prec_id": "006752", "precinct_norm": "OBION - 006752", "precinct_name": "Obion - 006752", "precinct_full_name": "7-2 OBION CO. LIBRARY", "name20": "7-2 OBION CO. LIBRARY", "GEOID20": "47131006752"}, "geometry": {"type": "Point", "coordinates": [-89.08426263868091, 36.408186]}}, {"type": "Feature", "properties": {"county_nam": "Obion", "county_norm": "OBION", "prec_id": "006762", "precinct_norm": "OBION - 006762", "precinct_name": "Obion - 006762", "precinct_full_name": "4-1 FAIR GROUNDS", "name20": "4-1 FAIR GROUNDS", "GEOID20": "47131006762"}, "geometry": {"type": "Point", "coordinates": [-89.03244299415584, 36.430217]}}, {"type": "Feature", "properties": {"county_nam": "Obion", "county_norm": "OBION", "prec_id": "006755", "precinct_norm": "OBION - 006755", "precinct_name": "Obion - 006755", "precinct_full_name": "5-5 SAMBURG", "name20": "5-5 SAMBURG", "GEOID20": "47131006755"}, "geometry": {"type": "Point", "coordinates": [-89.3221147631579, 36.406212]}}, {"type": "Feature", "properties": {"county_nam": "Obion", "county_norm": "OBION", "prec_id": "006758", "precinct_norm": "OBION - 006758", "precinct_name": "Obion - 006758", "precinct_full_name": "6-2 OBION", "name20": "6-2 OBION", "GEOID20": "47131006758"}, "geometry": {"type": "Point", "coordinates": [-89.19281559253247, 36.261977]}}, {"type": "Feature", "properties": {"county_nam": "Obion", "county_norm": "OBION", "prec_id": "006759", "precinct_norm": "OBION - 006759", "precinct_name": "Obion - 006759", "precinct_full_name": "5-2 CLOVERDALE", "name20": "5-2 CLOVERDALE", "GEOID20": "47131006759"}, "geometry": {"type": "Point", "coordinates": [-89.34401874113077, 36.2601205]}}, {"type": "Feature", "properties": {"county_nam": "Obion", "county_norm": "OBION", "prec_id": "006754", "precinct_norm": "OBION - 006754", "precinct_name": "Obion - 006754", "precinct_full_name": "5-4 HORNBEAK", "name20": "5-4 HORNBEAK", "GEOID20": "47131006754"}, "geometry": {"type": "Point", "coordinates": [-89.28659744155844, 36.365911]}}, {"type": "Feature", "properties": {"county_nam": "Obion", "county_norm": "OBION", "prec_id": "006760", "precinct_norm": "OBION - 006760", "precinct_name": "Obion - 006760", "precinct_full_name": "6-1 TROY SENIOR CENTER", "name20": "6-1 TROY SENIOR CENTER", "GEOID20": "47131006760"}, "geometry": {"type": "Point", "coordinates": [-89.17838449418605, 36.355850000000004]}}, {"type": "Feature", "properties": {"county_nam": "Lincoln", "county_norm": "LINCOLN", "prec_id": "000015", "precinct_norm": "LINCOLN - 000015", "precinct_name": "Lincoln - 000015", "precinct_full_name": "Molino", "name20": "Molino", "GEOID20": "47103000015"}, "geometry": {"type": "Point", "coordinates": [-86.68872451755982, 35.099196]}}, {"type": "Feature", "properties": {"county_nam": "Lincoln", "county_norm": "LINCOLN", "prec_id": "000003", "precinct_norm": "LINCOLN - 000003", "precinct_name": "Lincoln - 000003", "precinct_full_name": "Blanche", "name20": "Blanche", "GEOID20": "47103000003"}, "geometry": {"type": "Point", "coordinates": [-86.78365707331844, 35.0525065]}}, {"type": "Feature", "properties": {"county_nam": "Lincoln", "county_norm": "LINCOLN", "prec_id": "000020", "precinct_norm": "LINCOLN - 000020", "precinct_name": "Lincoln - 000020", "precinct_full_name": "Taft Baptist Church", "name20": "Taft Baptist Church", "GEOID20": "47103000020"}, "geometry": {"type": "Point", "coordinates": [-86.66313215625, 35.0274745]}}, {"type": "Feature", "properties": {"county_nam": "Lincoln", "county_norm": "LINCOLN", "prec_id": "000004", "precinct_norm": "LINCOLN - 000004", "precinct_name": "Lincoln - 000004", "precinct_full_name": "Boonshill Community Center", "name20": "Boonshill Community Center", "GEOID20": "47103000004"}, "geometry": {"type": "Point", "coordinates": [-86.72999191402278, 35.1724615]}}, {"type": "Feature", "properties": {"county_nam": "Lincoln", "county_norm": "LINCOLN", "prec_id": "000010", "precinct_norm": "LINCOLN - 000010", "precinct_name": "Lincoln - 000010", "precinct_full_name": "Howell", "name20": "Howell", "GEOID20": "47103000010"}, "geometry": {"type": "Point", "coordinates": [-86.66584528037383, 35.1978175]}}, {"type": "Feature", "properties": {"county_nam": "Lincoln", "county_norm": "LINCOLN", "prec_id": "000017", "precinct_norm": "LINCOLN - 000017", "precinct_name": "Lincoln - 000017", "precinct_full_name": "Petersburg", "name20": "Petersburg", "GEOID20": "47103000017"}, "geometry": {"type": "Point", "coordinates": [-86.65344384541062, 35.2885095]}}, {"type": "Feature", "properties": {"county_nam": "Lincoln", "county_norm": "LINCOLN", "prec_id": "000018", "precinct_norm": "LINCOLN - 000018", "precinct_name": "Lincoln - 000018", "precinct_full_name": "Recreation Center", "name20": "Recreation Center", "GEOID20": "47103000018"}, "geometry": {"type": "Point", "coordinates": [-86.56253832777777, 35.141909999999996]}}, {"type": "Feature", "properties": {"county_nam": "Lincoln", "county_norm": "LINCOLN", "prec_id": "000012", "precinct_norm": "LINCOLN - 000012", "precinct_name": "Lincoln - 000012", "precinct_full_name": "Liberty", "name20": "Liberty", "GEOID20": "47103000012"}, "geometry": {"type": "Point", "coordinates": [-86.51320933978937, 35.113395]}}, {"type": "Feature", "properties": {"county_nam": "Lincoln", "county_norm": "LINCOLN", "prec_id": "000014", "precinct_norm": "LINCOLN - 000014", "precinct_name": "Lincoln - 000014", "precinct_full_name": "Maranatha", "name20": "Maranatha", "GEOID20": "47103000014"}, "geometry": {"type": "Point", "coordinates": [-86.60112979459532, 35.061669499999994]}}, {"type": "Feature", "properties": {"county_nam": "Lincoln", "county_norm": "LINCOLN", "prec_id": "000009", "precinct_norm": "LINCOLN - 000009", "precinct_name": "Lincoln - 000009", "precinct_full_name": "FNB Community Room", "name20": "FNB Community Room", "GEOID20": "47103000009"}, "geometry": {"type": "Point", "coordinates": [-86.57863132, 35.032589]}}, {"type": "Feature", "properties": {"county_nam": "Lincoln", "county_norm": "LINCOLN", "prec_id": "000001", "precinct_norm": "LINCOLN - 000001", "precinct_name": "Lincoln - 000001", "precinct_full_name": "Armory", "name20": "Armory", "GEOID20": "47103000001"}, "geometry": {"type": "Point", "coordinates": [-86.57128086664036, 35.134017]}}, {"type": "Feature", "properties": {"county_nam": "Lincoln", "county_norm": "LINCOLN", "prec_id": "000005", "precinct_norm": "LINCOLN - 000005", "precinct_name": "Lincoln - 000005", "precinct_full_name": "Calvary Baptist Fellowship Hall", "name20": "Calvary Baptist Fellowship Hall", "GEOID20": "47103000005"}, "geometry": {"type": "Point", "coordinates": [-86.61591017487046, 35.11122]}}, {"type": "Feature", "properties": {"county_nam": "Lincoln", "county_norm": "LINCOLN", "prec_id": "000002", "precinct_norm": "LINCOLN - 000002", "precinct_name": "Lincoln - 000002", "precinct_full_name": "Belleville Community Center", "name20": "Belleville Community Center", "GEOID20": "47103000002"}, "geometry": {"type": "Point", "coordinates": [-86.53856446192893, 35.2537095]}}, {"type": "Feature", "properties": {"county_nam": "Lincoln", "county_norm": "LINCOLN", "prec_id": "000016", "precinct_norm": "LINCOLN - 000016", "precinct_name": "Lincoln - 000016", "precinct_full_name": "Mulberry Fire Hall", "name20": "Mulberry Fire Hall", "GEOID20": "47103000016"}, "geometry": {"type": "Point", "coordinates": [-86.46288542428213, 35.2243965]}}, {"type": "Feature", "properties": {"county_nam": "Lincoln", "county_norm": "LINCOLN", "prec_id": "000007", "precinct_norm": "LINCOLN - 000007", "precinct_name": "Lincoln - 000007", "precinct_full_name": "Fayetteville CPC", "name20": "Fayetteville CPC", "GEOID20": "47103000007"}, "geometry": {"type": "Point", "coordinates": [-86.60789722202591, 35.188627]}}, {"type": "Feature", "properties": {"county_nam": "Lincoln", "county_norm": "LINCOLN", "prec_id": "000011", "precinct_norm": "LINCOLN - 000011", "precinct_name": "Lincoln - 000011", "precinct_full_name": "Kelso Cumberland Presbyterian Church", "name20": "Kelso Cumberland Presbyterian Church", "GEOID20": "47103000011"}, "geometry": {"type": "Point", "coordinates": [-86.43697044799134, 35.156223999999995]}}, {"type": "Feature", "properties": {"county_nam": "Lincoln", "county_norm": "LINCOLN", "prec_id": "000008", "precinct_norm": "LINCOLN - 000008", "precinct_name": "Lincoln - 000008", "precinct_full_name": "Flintville Fire Hall", "name20": "Flintville Fire Hall", "GEOID20": "47103000008"}, "geometry": {"type": "Point", "coordinates": [-86.4089477915787, 35.060733]}}, {"type": "Feature", "properties": {"county_nam": "Lincoln", "county_norm": "LINCOLN", "prec_id": "000006", "precinct_norm": "LINCOLN - 000006", "precinct_name": "Lincoln - 000006", "precinct_full_name": "Elora Community Center", "name20": "Elora Community Center", "GEOID20": "47103000006"}, "geometry": {"type": "Point", "coordinates": [-86.36325734414837, 35.02726]}}, {"type": "Feature", "properties": {"county_nam": "Lincoln", "county_norm": "LINCOLN", "prec_id": "000013", "precinct_norm": "LINCOLN - 000013", "precinct_name": "Lincoln - 000013", "precinct_full_name": "Lincoln Community Center", "name20": "Lincoln Community Center", "GEOID20": "47103000013"}, "geometry": {"type": "Point", "coordinates": [-86.50237119811321, 35.033723]}}, {"type": "Feature", "properties": {"county_nam": "Lincoln", "county_norm": "LINCOLN", "prec_id": "000019", "precinct_norm": "LINCOLN - 000019", "precinct_name": "Lincoln - 000019", "precinct_full_name": "South Lincoln", "name20": "South Lincoln", "GEOID20": "47103000019"}, "geometry": {"type": "Point", "coordinates": [-86.49845163477535, 35.071551]}}, {"type": "Feature", "properties": {"county_nam": "Jefferson", "county_norm": "JEFFERSON", "prec_id": "004604", "precinct_norm": "JEFFERSON - 004604", "precinct_name": "Jefferson - 004604", "precinct_full_name": "1st Dandridge Elementary School", "name20": "1st Dandridge Elementary School", "GEOID20": "47089004604"}, "geometry": {"type": "Point", "coordinates": [-83.41201061115211, 36.023112999999995]}}, {"type": "Feature", "properties": {"county_nam": "Jefferson", "county_norm": "JEFFERSON", "prec_id": "004601", "precinct_norm": "JEFFERSON - 004601", "precinct_name": "Jefferson - 004601", "precinct_full_name": "2nd Piedmont Elementary School", "name20": "2nd Piedmont Elementary School", "GEOID20": "47089004601"}, "geometry": {"type": "Point", "coordinates": [-83.49872265343677, 36.002006]}}, {"type": "Feature", "properties": {"county_nam": "Jefferson", "county_norm": "JEFFERSON", "prec_id": "004608", "precinct_norm": "JEFFERSON - 004608", "precinct_name": "Jefferson - 004608", "precinct_full_name": "7th New Market City Hall", "name20": "7th New Market City Hall", "GEOID20": "47089004608"}, "geometry": {"type": "Point", "coordinates": [-83.58170768325263, 36.09222]}}, {"type": "Feature", "properties": {"county_nam": "Jefferson", "county_norm": "JEFFERSON", "prec_id": "004603", "precinct_norm": "JEFFERSON - 004603", "precinct_name": "Jefferson - 004603", "precinct_full_name": "3rd White Pine School", "name20": "3rd White Pine School", "GEOID20": "47089004603"}, "geometry": {"type": "Point", "coordinates": [-83.31551561223493, 36.0716195]}}, {"type": "Feature", "properties": {"county_nam": "Jefferson", "county_norm": "JEFFERSON", "prec_id": "004602", "precinct_norm": "JEFFERSON - 004602", "precinct_name": "Jefferson - 004602", "precinct_full_name": "4th Jefferson Elementary School", "name20": "4th Jefferson Elementary School", "GEOID20": "47089004602"}, "geometry": {"type": "Point", "coordinates": [-83.52932311357932, 36.1377945]}}, {"type": "Feature", "properties": {"county_nam": "Jefferson", "county_norm": "JEFFERSON", "prec_id": "004606", "precinct_norm": "JEFFERSON - 004606", "precinct_name": "Jefferson - 004606", "precinct_full_name": "5th Jefferson Middle School", "name20": "5th Jefferson Middle School", "GEOID20": "47089004606"}, "geometry": {"type": "Point", "coordinates": [-83.48635349888852, 36.064141500000005]}}, {"type": "Feature", "properties": {"county_nam": "Jefferson", "county_norm": "JEFFERSON", "prec_id": "004607", "precinct_norm": "JEFFERSON - 004607", "precinct_name": "Jefferson - 004607", "precinct_full_name": "6th Rush Strong School", "name20": "6th Rush Strong School", "GEOID20": "47089004607"}, "geometry": {"type": "Point", "coordinates": [-83.65714492450356, 36.0658035]}}, {"type": "Feature", "properties": {"county_nam": "Jefferson", "county_norm": "JEFFERSON", "prec_id": "004605", "precinct_norm": "JEFFERSON - 004605", "precinct_name": "Jefferson - 004605", "precinct_full_name": "10th Jefferson City Fire Dept", "name20": "10th Jefferson City Fire Dept", "GEOID20": "47089004605"}, "geometry": {"type": "Point", "coordinates": [-83.4758103465478, 36.142221]}}, {"type": "Feature", "properties": {"county_nam": "Jefferson", "county_norm": "JEFFERSON", "prec_id": "004609", "precinct_norm": "JEFFERSON - 004609", "precinct_name": "Jefferson - 004609", "precinct_full_name": "8-1 Old Chestnut Hill School", "name20": "8-1 Old Chestnut Hill School", "GEOID20": "47089004609"}, "geometry": {"type": "Point", "coordinates": [-83.40866041686732, 35.956361]}}, {"type": "Feature", "properties": {"county_nam": "Jefferson", "county_norm": "JEFFERSON", "prec_id": "004611", "precinct_norm": "JEFFERSON - 004611", "precinct_name": "Jefferson - 004611", "precinct_full_name": "8-2 Old Swannsylvania School", "name20": "8-2 Old Swannsylvania School", "GEOID20": "47089004611"}, "geometry": {"type": "Point", "coordinates": [-83.33115771195791, 35.995634]}}, {"type": "Feature", "properties": {"county_nam": "Jefferson", "county_norm": "JEFFERSON", "prec_id": "004610", "precinct_norm": "JEFFERSON - 004610", "precinct_name": "Jefferson - 004610", "precinct_full_name": "9th Talbott Elementary School", "name20": "9th Talbott Elementary School", "GEOID20": "47089004610"}, "geometry": {"type": "Point", "coordinates": [-83.40212602916667, 36.1020835]}}, {"type": "Feature", "properties": {"county_nam": "Maury", "county_norm": "MAURY", "prec_id": "005967", "precinct_norm": "MAURY - 005967", "precinct_name": "Maury - 005967", "precinct_full_name": "Riverside", "name20": "Riverside", "GEOID20": "47119005967"}, "geometry": {"type": "Point", "coordinates": [-87.02616603355705, 35.6370785]}}, {"type": "Feature", "properties": {"county_nam": "Maury", "county_norm": "MAURY", "prec_id": "005958", "precinct_norm": "MAURY - 005958", "precinct_name": "Maury - 005958", "precinct_full_name": "West End", "name20": "West End", "GEOID20": "47119005958"}, "geometry": {"type": "Point", "coordinates": [-87.04505076106207, 35.647532999999996]}}, {"type": "Feature", "properties": {"county_nam": "Maury", "county_norm": "MAURY", "prec_id": "005959", "precinct_norm": "MAURY - 005959", "precinct_name": "Maury - 005959", "precinct_full_name": "Highland", "name20": "Highland", "GEOID20": "47119005959"}, "geometry": {"type": "Point", "coordinates": [-87.05571214787078, 35.610316999999995]}}, {"type": "Feature", "properties": {"county_nam": "Maury", "county_norm": "MAURY", "prec_id": "005960", "precinct_norm": "MAURY - 005960", "precinct_name": "Maury - 005960", "precinct_full_name": "First Family", "name20": "First Family", "GEOID20": "47119005960"}, "geometry": {"type": "Point", "coordinates": [-87.06657620329, 35.5889705]}}, {"type": "Feature", "properties": {"county_nam": "Maury", "county_norm": "MAURY", "prec_id": "005951", "precinct_norm": "MAURY - 005951", "precinct_name": "Maury - 005951", "precinct_full_name": "Spring Hill", "name20": "Spring Hill", "GEOID20": "47119005951"}, "geometry": {"type": "Point", "coordinates": [-86.92628969976238, 35.734278]}}, {"type": "Feature", "properties": {"county_nam": "Maury", "county_norm": "MAURY", "prec_id": "005963", "precinct_norm": "MAURY - 005963", "precinct_name": "Maury - 005963", "precinct_full_name": "College Hill", "name20": "College Hill", "GEOID20": "47119005963"}, "geometry": {"type": "Point", "coordinates": [-87.02267168750001, 35.604543]}}, {"type": "Feature", "properties": {"county_nam": "Maury", "county_norm": "MAURY", "prec_id": "005965", "precinct_norm": "MAURY - 005965", "precinct_name": "Maury - 005965", "precinct_full_name": "Rally Hill", "name20": "Rally Hill", "GEOID20": "47119005965"}, "geometry": {"type": "Point", "coordinates": [-86.85954575722637, 35.685497999999995]}}, {"type": "Feature", "properties": {"county_nam": "Maury", "county_norm": "MAURY", "prec_id": "005956", "precinct_norm": "MAURY - 005956", "precinct_name": "Maury - 005956", "precinct_full_name": "St. Catherine", "name20": "St. Catherine", "GEOID20": "47119005956"}, "geometry": {"type": "Point", "coordinates": [-87.09500951708387, 35.6072375]}}, {"type": "Feature", "properties": {"county_nam": "Maury", "county_norm": "MAURY", "prec_id": "005971", "precinct_norm": "MAURY - 005971", "precinct_name": "Maury - 005971", "precinct_full_name": "Neapolis", "name20": "Neapolis", "GEOID20": "47119005971"}, "geometry": {"type": "Point", "coordinates": [-86.93917766413846, 35.7041515]}}, {"type": "Feature", "properties": {"county_nam": "Maury", "county_norm": "MAURY", "prec_id": "005957", "precinct_norm": "MAURY - 005957", "precinct_name": "Maury - 005957", "precinct_full_name": "CP Church", "name20": "CP Church", "GEOID20": "47119005957"}, "geometry": {"type": "Point", "coordinates": [-86.95164040973361, 35.6636585]}}, {"type": "Feature", "properties": {"county_nam": "Maury", "county_norm": "MAURY", "prec_id": "005954", "precinct_norm": "MAURY - 005954", "precinct_name": "Maury - 005954", "precinct_full_name": "Santa Fe", "name20": "Santa Fe", "GEOID20": "47119005954"}, "geometry": {"type": "Point", "coordinates": [-87.09572859713376, 35.767922999999996]}}, {"type": "Feature", "properties": {"county_nam": "Maury", "county_norm": "MAURY", "prec_id": "005970", "precinct_norm": "MAURY - 005970", "precinct_name": "Maury - 005970", "precinct_full_name": "Spring Hill Middle", "name20": "Spring Hill Middle", "GEOID20": "47119005970"}, "geometry": {"type": "Point", "coordinates": [-86.99962508719844, 35.7275785]}}, {"type": "Feature", "properties": {"county_nam": "Maury", "county_norm": "MAURY", "prec_id": "005953", "precinct_norm": "MAURY - 005953", "precinct_name": "Maury - 005953", "precinct_full_name": "Armory", "name20": "Armory", "GEOID20": "47119005953"}, "geometry": {"type": "Point", "coordinates": [-87.1615739148061, 35.6998875]}}, {"type": "Feature", "properties": {"county_nam": "Maury", "county_norm": "MAURY", "prec_id": "005952", "precinct_norm": "MAURY - 005952", "precinct_name": "Maury - 005952", "precinct_full_name": "Theta", "name20": "Theta", "GEOID20": "47119005952"}, "geometry": {"type": "Point", "coordinates": [-87.04249362100083, 35.73867]}}, {"type": "Feature", "properties": {"county_nam": "Maury", "county_norm": "MAURY", "prec_id": "005962", "precinct_norm": "MAURY - 005962", "precinct_name": "Maury - 005962", "precinct_full_name": "Hampshire", "name20": "Hampshire", "GEOID20": "47119005962"}, "geometry": {"type": "Point", "coordinates": [-87.27206933366045, 35.632564]}}, {"type": "Feature", "properties": {"county_nam": "Maury", "county_norm": "MAURY", "prec_id": "005969", "precinct_norm": "MAURY - 005969", "precinct_name": "Maury - 005969", "precinct_full_name": "Culleoka", "name20": "Culleoka", "GEOID20": "47119005969"}, "geometry": {"type": "Point", "coordinates": [-86.96034890814974, 35.474643]}}, {"type": "Feature", "properties": {"county_nam": "Maury", "county_norm": "MAURY", "prec_id": "005966", "precinct_norm": "MAURY - 005966", "precinct_name": "Maury - 005966", "precinct_full_name": "Bear Creek", "name20": "Bear Creek", "GEOID20": "47119005966"}, "geometry": {"type": "Point", "coordinates": [-86.92039164148639, 35.574716499999994]}}, {"type": "Feature", "properties": {"county_nam": "Maury", "county_norm": "MAURY", "prec_id": "005964", "precinct_norm": "MAURY - 005964", "precinct_name": "Maury - 005964", "precinct_full_name": "Pleasant Heights", "name20": "Pleasant Heights", "GEOID20": "47119005964"}, "geometry": {"type": "Point", "coordinates": [-87.03317634384746, 35.553886]}}, {"type": "Feature", "properties": {"county_nam": "Maury", "county_norm": "MAURY", "prec_id": "005968", "precinct_norm": "MAURY - 005968", "precinct_name": "Maury - 005968", "precinct_full_name": "Bigbyville", "name20": "Bigbyville", "GEOID20": "47119005968"}, "geometry": {"type": "Point", "coordinates": [-87.09699876470006, 35.488361499999996]}}, {"type": "Feature", "properties": {"county_nam": "Maury", "county_norm": "MAURY", "prec_id": "005961", "precinct_norm": "MAURY - 005961", "precinct_name": "Maury - 005961", "precinct_full_name": "Mt. Pleasant", "name20": "Mt. Pleasant", "GEOID20": "47119005961"}, "geometry": {"type": "Point", "coordinates": [-87.22982256283494, 35.5116145]}}, {"type": "Feature", "properties": {"county_nam": "Perry", "county_norm": "PERRY", "prec_id": "006954", "precinct_norm": "PERRY - 006954", "precinct_name": "Perry - 006954", "precinct_full_name": "101 Cedar Creek", "name20": "101 Cedar Creek", "GEOID20": "47135006954"}, "geometry": {"type": "Point", "coordinates": [-87.92798707797584, 35.5111985]}}, {"type": "Feature", "properties": {"county_nam": "Perry", "county_norm": "PERRY", "prec_id": "006958", "precinct_norm": "PERRY - 006958", "precinct_name": "Perry - 006958", "precinct_full_name": "102 Marsh Creek", "name20": "102 Marsh Creek", "GEOID20": "47135006958"}, "geometry": {"type": "Point", "coordinates": [-87.94386012394452, 35.606305]}}, {"type": "Feature", "properties": {"county_nam": "Perry", "county_norm": "PERRY", "prec_id": "006960", "precinct_norm": "PERRY - 006960", "precinct_name": "Perry - 006960", "precinct_full_name": "202 Pope", "name20": "202 Pope", "GEOID20": "47135006960"}, "geometry": {"type": "Point", "coordinates": [-87.95585024816387, 35.651069]}}, {"type": "Feature", "properties": {"county_nam": "Perry", "county_norm": "PERRY", "prec_id": "006951", "precinct_norm": "PERRY - 006951", "precinct_name": "Perry - 006951", "precinct_full_name": "201 Pineview", "name20": "201 Pineview", "GEOID20": "47135006951"}, "geometry": {"type": "Point", "coordinates": [-87.95984553778749, 35.7229825]}}, {"type": "Feature", "properties": {"county_nam": "Perry", "county_norm": "PERRY", "prec_id": "006956", "precinct_norm": "PERRY - 006956", "precinct_name": "Perry - 006956", "precinct_full_name": "601 Lobelville City Hall", "name20": "601 Lobelville City Hall", "GEOID20": "47135006956"}, "geometry": {"type": "Point", "coordinates": [-87.82690430878408, 35.740057500000006]}}, {"type": "Feature", "properties": {"county_nam": "Perry", "county_norm": "PERRY", "prec_id": "006952", "precinct_norm": "PERRY - 006952", "precinct_name": "Perry - 006952", "precinct_full_name": "403 Lobelville Elem. School", "name20": "403 Lobelville Elem. School", "GEOID20": "47135006952"}, "geometry": {"type": "Point", "coordinates": [-87.75128380403348, 35.752236499999995]}}, {"type": "Feature", "properties": {"county_nam": "Perry", "county_norm": "PERRY", "prec_id": "006957", "precinct_norm": "PERRY - 006957", "precinct_name": "Perry - 006957", "precinct_full_name": "401 Brush Creek", "name20": "401 Brush Creek", "GEOID20": "47135006957"}, "geometry": {"type": "Point", "coordinates": [-87.82255409375, 35.6636265]}}, {"type": "Feature", "properties": {"county_nam": "Perry", "county_norm": "PERRY", "prec_id": "006953", "precinct_norm": "PERRY - 006953", "precinct_name": "Perry - 006953", "precinct_full_name": "301 Coon Creek", "name20": "301 Coon Creek", "GEOID20": "47135006953"}, "geometry": {"type": "Point", "coordinates": [-87.75967280060034, 35.581607]}}, {"type": "Feature", "properties": {"county_nam": "Perry", "county_norm": "PERRY", "prec_id": "006959", "precinct_norm": "PERRY - 006959", "precinct_name": "Perry - 006959", "precinct_full_name": "302 Flatwoods", "name20": "302 Flatwoods", "GEOID20": "47135006959"}, "geometry": {"type": "Point", "coordinates": [-87.83499373820483, 35.518771]}}, {"type": "Feature", "properties": {"county_nam": "Perry", "county_norm": "PERRY", "prec_id": "006955", "precinct_norm": "PERRY - 006955", "precinct_name": "Perry - 006955", "precinct_full_name": "501 Perry Co. Courthouse", "name20": "501 Perry Co. Courthouse", "GEOID20": "47135006955"}, "geometry": {"type": "Point", "coordinates": [-87.85112850465839, 35.617911]}}, {"type": "Feature", "properties": {"county_nam": "Roane", "county_norm": "ROANE", "prec_id": "007472", "precinct_norm": "ROANE - 007472", "precinct_name": "Roane - 007472", "precinct_full_name": "Rockwood Ward 2", "name20": "Rockwood Ward 2", "GEOID20": "47145007472"}, "geometry": {"type": "Point", "coordinates": [-84.6591721881533, 35.8950765]}}, {"type": "Feature", "properties": {"county_nam": "Roane", "county_norm": "ROANE", "prec_id": "007470", "precinct_norm": "ROANE - 007470", "precinct_name": "Roane - 007470", "precinct_full_name": "Glen Alice", "name20": "Glen Alice", "GEOID20": "47145007470"}, "geometry": {"type": "Point", "coordinates": [-84.73609715625, 35.8121565]}}, {"type": "Feature", "properties": {"county_nam": "Roane", "county_norm": "ROANE", "prec_id": "007467", "precinct_norm": "ROANE - 007467", "precinct_name": "Roane - 007467", "precinct_full_name": "Eureka", "name20": "Eureka", "GEOID20": "47145007467"}, "geometry": {"type": "Point", "coordinates": [-84.65422104807692, 35.8280835]}}, {"type": "Feature", "properties": {"county_nam": "Roane", "county_norm": "ROANE", "prec_id": "007471", "precinct_norm": "ROANE - 007471", "precinct_name": "Roane - 007471", "precinct_full_name": "Rockwood Ward 1", "name20": "Rockwood Ward 1", "GEOID20": "47145007471"}, "geometry": {"type": "Point", "coordinates": [-84.70126794602041, 35.871196999999995]}}, {"type": "Feature", "properties": {"county_nam": "Roane", "county_norm": "ROANE", "prec_id": "007463", "precinct_norm": "ROANE - 007463", "precinct_name": "Roane - 007463", "precinct_full_name": "Midtown", "name20": "Midtown", "GEOID20": "47145007463"}, "geometry": {"type": "Point", "coordinates": [-84.58314914645162, 35.8743075]}}, {"type": "Feature", "properties": {"county_nam": "Roane", "county_norm": "ROANE", "prec_id": "007465", "precinct_norm": "ROANE - 007465", "precinct_name": "Roane - 007465", "precinct_full_name": "Harriman Ward 1", "name20": "Harriman Ward 1", "GEOID20": "47145007465"}, "geometry": {"type": "Point", "coordinates": [-84.54236308796649, 35.95612]}}, {"type": "Feature", "properties": {"county_nam": "Roane", "county_norm": "ROANE", "prec_id": "007460", "precinct_norm": "ROANE - 007460", "precinct_name": "Roane - 007460", "precinct_full_name": "Emory Heights", "name20": "Emory Heights", "GEOID20": "47145007460"}, "geometry": {"type": "Point", "coordinates": [-84.51441452642706, 35.921362]}}, {"type": "Feature", "properties": {"county_nam": "Roane", "county_norm": "ROANE", "prec_id": "007464", "precinct_norm": "ROANE - 007464", "precinct_name": "Roane - 007464", "precinct_full_name": "South Harriman", "name20": "South Harriman", "GEOID20": "47145007464"}, "geometry": {"type": "Point", "coordinates": [-84.57899284719073, 35.914145500000004]}}, {"type": "Feature", "properties": {"county_nam": "Roane", "county_norm": "ROANE", "prec_id": "007468", "precinct_norm": "ROANE - 007468", "precinct_name": "Roane - 007468", "precinct_full_name": "Renfro", "name20": "Renfro", "GEOID20": "47145007468"}, "geometry": {"type": "Point", "coordinates": [-84.63615008114374, 35.759644]}}, {"type": "Feature", "properties": {"county_nam": "Roane", "county_norm": "ROANE", "prec_id": "007473", "precinct_norm": "ROANE - 007473", "precinct_name": "Roane - 007473", "precinct_full_name": "Paint Rock", "name20": "Paint Rock", "GEOID20": "47145007473"}, "geometry": {"type": "Point", "coordinates": [-84.51347422841727, 35.742292]}}, {"type": "Feature", "properties": {"county_nam": "Roane", "county_norm": "ROANE", "prec_id": "007454", "precinct_norm": "ROANE - 007454", "precinct_name": "Roane - 007454", "precinct_full_name": "Midway", "name20": "Midway", "GEOID20": "47145007454"}, "geometry": {"type": "Point", "coordinates": [-84.58667415705129, 35.743449999999996]}}, {"type": "Feature", "properties": {"county_nam": "Roane", "county_norm": "ROANE", "prec_id": "007457", "precinct_norm": "ROANE - 007457", "precinct_name": "Roane - 007457", "precinct_full_name": "Dyllis", "name20": "Dyllis", "GEOID20": "47145007457"}, "geometry": {"type": "Point", "coordinates": [-84.44941462930535, 35.941024]}}, {"type": "Feature", "properties": {"county_nam": "Roane", "county_norm": "ROANE", "prec_id": "007461", "precinct_norm": "ROANE - 007461", "precinct_name": "Roane - 007461", "precinct_full_name": "Emory", "name20": "Emory", "GEOID20": "47145007461"}, "geometry": {"type": "Point", "coordinates": [-84.49404261996149, 35.960815499999995]}}, {"type": "Feature", "properties": {"county_nam": "Roane", "county_norm": "ROANE", "prec_id": "007466", "precinct_norm": "ROANE - 007466", "precinct_name": "Roane - 007466", "precinct_full_name": "Oliver Springs", "name20": "Oliver Springs", "GEOID20": "47145007466"}, "geometry": {"type": "Point", "coordinates": [-84.35228729682663, 36.041277]}}, {"type": "Feature", "properties": {"county_nam": "Roane", "county_norm": "ROANE", "prec_id": "007469", "precinct_norm": "ROANE - 007469", "precinct_name": "Roane - 007469", "precinct_full_name": "Fairview", "name20": "Fairview", "GEOID20": "47145007469"}, "geometry": {"type": "Point", "coordinates": [-84.56424997704367, 35.8114365]}}, {"type": "Feature", "properties": {"county_nam": "Roane", "county_norm": "ROANE", "prec_id": "007455", "precinct_norm": "ROANE - 007455", "precinct_name": "Roane - 007455", "precinct_full_name": "Cherokee", "name20": "Cherokee", "GEOID20": "47145007455"}, "geometry": {"type": "Point", "coordinates": [-84.49598130497382, 35.83766]}}, {"type": "Feature", "properties": {"county_nam": "Roane", "county_norm": "ROANE", "prec_id": "007459", "precinct_norm": "ROANE - 007459", "precinct_name": "Roane - 007459", "precinct_full_name": "Orchard View", "name20": "Orchard View", "GEOID20": "47145007459"}, "geometry": {"type": "Point", "coordinates": [-84.38000871258315, 35.9976855]}}, {"type": "Feature", "properties": {"county_nam": "Roane", "county_norm": "ROANE", "prec_id": "007451", "precinct_norm": "ROANE - 007451", "precinct_name": "Roane - 007451", "precinct_full_name": "Cave Creek", "name20": "Cave Creek", "GEOID20": "47145007451"}, "geometry": {"type": "Point", "coordinates": [-84.41477902682186, 35.800969]}}, {"type": "Feature", "properties": {"county_nam": "Roane", "county_norm": "ROANE", "prec_id": "007453", "precinct_norm": "ROANE - 007453", "precinct_name": "Roane - 007453", "precinct_full_name": "Paw Paw", "name20": "Paw Paw", "GEOID20": "47145007453"}, "geometry": {"type": "Point", "coordinates": [-84.38129521486486, 35.865694000000005]}}, {"type": "Feature", "properties": {"county_nam": "Roane", "county_norm": "ROANE", "prec_id": "007474", "precinct_norm": "ROANE - 007474", "precinct_name": "Roane - 007474", "precinct_full_name": "Johnson School House", "name20": "Johnson School House", "GEOID20": "47145007474"}, "geometry": {"type": "Point", "coordinates": [-84.56878118342391, 35.685396499999996]}}, {"type": "Feature", "properties": {"county_nam": "Roane", "county_norm": "ROANE", "prec_id": "007458", "precinct_norm": "ROANE - 007458", "precinct_name": "Roane - 007458", "precinct_full_name": "Oak Hills", "name20": "Oak Hills", "GEOID20": "47145007458"}, "geometry": {"type": "Point", "coordinates": [-84.35936869532426, 35.9399215]}}, {"type": "Feature", "properties": {"county_nam": "Roane", "county_norm": "ROANE", "prec_id": "007456", "precinct_norm": "ROANE - 007456", "precinct_name": "Roane - 007456", "precinct_full_name": "Kingston Ward 1", "name20": "Kingston Ward 1", "GEOID20": "47145007456"}, "geometry": {"type": "Point", "coordinates": [-84.49099230627883, 35.86573]}}, {"type": "Feature", "properties": {"county_nam": "Roane", "county_norm": "ROANE", "prec_id": "007462", "precinct_norm": "ROANE - 007462", "precinct_name": "Roane - 007462", "precinct_full_name": "Kingston Ward 2", "name20": "Kingston Ward 2", "GEOID20": "47145007462"}, "geometry": {"type": "Point", "coordinates": [-84.56137485730608, 35.8628375]}}, {"type": "Feature", "properties": {"county_nam": "Roane", "county_norm": "ROANE", "prec_id": "007452", "precinct_norm": "ROANE - 007452", "precinct_name": "Roane - 007452", "precinct_full_name": "Lawnville", "name20": "Lawnville", "GEOID20": "47145007452"}, "geometry": {"type": "Point", "coordinates": [-84.44839298673793, 35.861085]}}, {"type": "Feature", "properties": {"county_nam": "Polk", "county_norm": "POLK", "prec_id": "007152", "precinct_norm": "POLK - 007152", "precinct_name": "Polk - 007152", "precinct_full_name": "1A Polk County High School", "name20": "1A Polk County High School", "GEOID20": "47139007152"}, "geometry": {"type": "Point", "coordinates": [-84.59056696253054, 35.2092225]}}, {"type": "Feature", "properties": {"county_nam": "Polk", "county_norm": "POLK", "prec_id": "007153", "precinct_norm": "POLK - 007153", "precinct_name": "Polk - 007153", "precinct_full_name": "1B Chilhowee Middle Sch. Gym", "name20": "1B Chilhowee Middle Sch. Gym", "GEOID20": "47139007153"}, "geometry": {"type": "Point", "coordinates": [-84.66716800664452, 35.181084]}}, {"type": "Feature", "properties": {"county_nam": "Polk", "county_norm": "POLK", "prec_id": "007151", "precinct_norm": "POLK - 007151", "precinct_name": "Polk - 007151", "precinct_full_name": "1 Delano Lions Club", "name20": "1 Delano Lions Club", "GEOID20": "47139007151"}, "geometry": {"type": "Point", "coordinates": [-84.61947479375002, 35.244703]}}, {"type": "Feature", "properties": {"county_nam": "Polk", "county_norm": "POLK", "prec_id": "007160", "precinct_norm": "POLK - 007160", "precinct_name": "Polk - 007160", "precinct_full_name": "2A Springtown Firehall", "name20": "2A Springtown Firehall", "GEOID20": "47139007160"}, "geometry": {"type": "Point", "coordinates": [-84.45066914281786, 35.230477]}}, {"type": "Feature", "properties": {"county_nam": "Polk", "county_norm": "POLK", "prec_id": "007156", "precinct_norm": "POLK - 007156", "precinct_name": "Polk - 007156", "precinct_full_name": "2C South Polk School", "name20": "2C South Polk School", "GEOID20": "47139007156"}, "geometry": {"type": "Point", "coordinates": [-84.69034363178612, 35.0422305]}}, {"type": "Feature", "properties": {"county_nam": "Polk", "county_norm": "POLK", "prec_id": "007158", "precinct_norm": "POLK - 007158", "precinct_name": "Polk - 007158", "precinct_full_name": "2 Greasy Creek Comm. Club", "name20": "2 Greasy Creek Comm. Club", "GEOID20": "47139007158"}, "geometry": {"type": "Point", "coordinates": [-84.49625332478568, 35.149167]}}, {"type": "Feature", "properties": {"county_nam": "Polk", "county_norm": "POLK", "prec_id": "007159", "precinct_norm": "POLK - 007159", "precinct_name": "Polk - 007159", "precinct_full_name": "2B Parksville", "name20": "2B Parksville", "GEOID20": "47139007159"}, "geometry": {"type": "Point", "coordinates": [-84.6470109842262, 35.1399275]}}, {"type": "Feature", "properties": {"county_nam": "Polk", "county_norm": "POLK", "prec_id": "007157", "precinct_norm": "POLK - 007157", "precinct_name": "Polk - 007157", "precinct_full_name": "2D Shiloh Baptist Youth Center", "name20": "2D Shiloh Baptist Youth Center", "GEOID20": "47139007157"}, "geometry": {"type": "Point", "coordinates": [-84.6259023946634, 35.0920695]}}, {"type": "Feature", "properties": {"county_nam": "Polk", "county_norm": "POLK", "prec_id": "007154", "precinct_norm": "POLK - 007154", "precinct_name": "Polk - 007154", "precinct_full_name": "3 Ducktown Courthouse", "name20": "3 Ducktown Courthouse", "GEOID20": "47139007154"}, "geometry": {"type": "Point", "coordinates": [-84.38610690200237, 35.065158]}}, {"type": "Feature", "properties": {"county_nam": "Polk", "county_norm": "POLK", "prec_id": "007155", "precinct_norm": "POLK - 007155", "precinct_name": "Polk - 007155", "precinct_full_name": "3A Cooper Basin High School", "name20": "3A Cooper Basin High School", "GEOID20": "47139007155"}, "geometry": {"type": "Point", "coordinates": [-84.48316635720114, 35.031639]}}, {"type": "Feature", "properties": {"county_nam": "Polk", "county_norm": "POLK", "prec_id": "007161", "precinct_norm": "POLK - 007161", "precinct_name": "Polk - 007161", "precinct_full_name": "3B Turtletown", "name20": "3B Turtletown", "GEOID20": "47139007161"}, "geometry": {"type": "Point", "coordinates": [-84.33452087896342, 35.1486765]}}, {"type": "Feature", "properties": {"county_nam": "Crockett", "county_norm": "CROCKETT", "prec_id": "001602", "precinct_norm": "CROCKETT - 001602", "precinct_name": "Crockett - 001602", "precinct_full_name": "1", "name20": "1", "GEOID20": "47033001602"}, "geometry": {"type": "Point", "coordinates": [-89.1878165975296, 35.9180375]}}, {"type": "Feature", "properties": {"county_nam": "Crockett", "county_norm": "CROCKETT", "prec_id": "001603", "precinct_norm": "CROCKETT - 001603", "precinct_name": "Crockett - 001603", "precinct_full_name": "2", "name20": "2", "GEOID20": "47033001603"}, "geometry": {"type": "Point", "coordinates": [-89.29768144425287, 35.844900499999994]}}, {"type": "Feature", "properties": {"county_nam": "Crockett", "county_norm": "CROCKETT", "prec_id": "001609", "precinct_norm": "CROCKETT - 001609", "precinct_name": "Crockett - 001609", "precinct_full_name": "3", "name20": "3", "GEOID20": "47033001609"}, "geometry": {"type": "Point", "coordinates": [-89.24746220177596, 35.7839635]}}, {"type": "Feature", "properties": {"county_nam": "Crockett", "county_norm": "CROCKETT", "prec_id": "001601", "precinct_norm": "CROCKETT - 001601", "precinct_name": "Crockett - 001601", "precinct_full_name": "4", "name20": "4", "GEOID20": "47033001601"}, "geometry": {"type": "Point", "coordinates": [-89.13170293181818, 35.845618]}}, {"type": "Feature", "properties": {"county_nam": "Crockett", "county_norm": "CROCKETT", "prec_id": "001604", "precinct_norm": "CROCKETT - 001604", "precinct_name": "Crockett - 001604", "precinct_full_name": "9", "name20": "9", "GEOID20": "47033001604"}, "geometry": {"type": "Point", "coordinates": [-89.11951702816901, 35.7287805]}}, {"type": "Feature", "properties": {"county_nam": "Crockett", "county_norm": "CROCKETT", "prec_id": "001610", "precinct_norm": "CROCKETT - 001610", "precinct_name": "Crockett - 001610", "precinct_full_name": "7", "name20": "7", "GEOID20": "47033001610"}, "geometry": {"type": "Point", "coordinates": [-89.12615490531128, 35.7862295]}}, {"type": "Feature", "properties": {"county_nam": "Crockett", "county_norm": "CROCKETT", "prec_id": "001607", "precinct_norm": "CROCKETT - 001607", "precinct_name": "Crockett - 001607", "precinct_full_name": "12", "name20": "12", "GEOID20": "47033001607"}, "geometry": {"type": "Point", "coordinates": [-88.95292803075839, 35.7637105]}}, {"type": "Feature", "properties": {"county_nam": "Crockett", "county_norm": "CROCKETT", "prec_id": "001611", "precinct_norm": "CROCKETT - 001611", "precinct_name": "Crockett - 001611", "precinct_full_name": "8", "name20": "8", "GEOID20": "47033001611"}, "geometry": {"type": "Point", "coordinates": [-89.09762048994638, 35.783640500000004]}}, {"type": "Feature", "properties": {"county_nam": "Crockett", "county_norm": "CROCKETT", "prec_id": "001608", "precinct_norm": "CROCKETT - 001608", "precinct_name": "Crockett - 001608", "precinct_full_name": "5", "name20": "5", "GEOID20": "47033001608"}, "geometry": {"type": "Point", "coordinates": [-89.17266025945419, 35.804098499999995]}}, {"type": "Feature", "properties": {"county_nam": "Crockett", "county_norm": "CROCKETT", "prec_id": "001612", "precinct_norm": "CROCKETT - 001612", "precinct_name": "Crockett - 001612", "precinct_full_name": "6", "name20": "6", "GEOID20": "47033001612"}, "geometry": {"type": "Point", "coordinates": [-89.02481475079873, 35.799189]}}, {"type": "Feature", "properties": {"county_nam": "Crockett", "county_norm": "CROCKETT", "prec_id": "001605", "precinct_norm": "CROCKETT - 001605", "precinct_name": "Crockett - 001605", "precinct_full_name": "10", "name20": "10", "GEOID20": "47033001605"}, "geometry": {"type": "Point", "coordinates": [-89.09044420959228, 35.70868]}}, {"type": "Feature", "properties": {"county_nam": "Crockett", "county_norm": "CROCKETT", "prec_id": "001606", "precinct_norm": "CROCKETT - 001606", "precinct_name": "Crockett - 001606", "precinct_full_name": "11", "name20": "11", "GEOID20": "47033001606"}, "geometry": {"type": "Point", "coordinates": [-89.05610542177405, 35.719727]}}, {"type": "Feature", "properties": {"county_nam": "Marion", "county_norm": "MARION", "prec_id": "005759", "precinct_norm": "MARION - 005759", "precinct_name": "Marion - 005759", "precinct_full_name": "Orme", "name20": "Orme", "GEOID20": "47115005759"}, "geometry": {"type": "Point", "coordinates": [-85.80752145238093, 35.014596499999996]}}, {"type": "Feature", "properties": {"county_nam": "Marion", "county_norm": "MARION", "prec_id": "005756", "precinct_norm": "MARION - 005756", "precinct_name": "Marion - 005756", "precinct_full_name": "Lodge", "name20": "Lodge", "GEOID20": "47115005756"}, "geometry": {"type": "Point", "coordinates": [-85.78418551972942, 35.081442499999994]}}, {"type": "Feature", "properties": {"county_nam": "Marion", "county_norm": "MARION", "prec_id": "005764", "precinct_norm": "MARION - 005764", "precinct_name": "Marion - 005764", "precinct_full_name": "South Pittsburg", "name20": "South Pittsburg", "GEOID20": "47115005764"}, "geometry": {"type": "Point", "coordinates": [-85.84245693789464, 35.056953]}}, {"type": "Feature", "properties": {"county_nam": "Marion", "county_norm": "MARION", "prec_id": "005758", "precinct_norm": "MARION - 005758", "precinct_name": "Marion - 005758", "precinct_full_name": "New Hope", "name20": "New Hope", "GEOID20": "47115005758"}, "geometry": {"type": "Point", "coordinates": [-85.66362201005245, 35.008331]}}, {"type": "Feature", "properties": {"county_nam": "Marion", "county_norm": "MARION", "prec_id": "005755", "precinct_norm": "MARION - 005755", "precinct_name": "Marion - 005755", "precinct_full_name": "Kimball", "name20": "Kimball", "GEOID20": "47115005755"}, "geometry": {"type": "Point", "coordinates": [-85.75545593346256, 35.121888999999996]}}, {"type": "Feature", "properties": {"county_nam": "Marion", "county_norm": "MARION", "prec_id": "005753", "precinct_norm": "MARION - 005753", "precinct_name": "Marion - 005753", "precinct_full_name": "Haletown-Ladds", "name20": "Haletown-Ladds", "GEOID20": "47115005753"}, "geometry": {"type": "Point", "coordinates": [-85.5080763159603, 35.031223]}}, {"type": "Feature", "properties": {"county_nam": "Marion", "county_norm": "MARION", "prec_id": "005757", "precinct_norm": "MARION - 005757", "precinct_name": "Marion - 005757", "precinct_full_name": "Monteagle", "name20": "Monteagle", "GEOID20": "47115005757"}, "geometry": {"type": "Point", "coordinates": [-85.83703575, 35.172177]}}, {"type": "Feature", "properties": {"county_nam": "Marion", "county_norm": "MARION", "prec_id": "005763", "precinct_norm": "MARION - 005763", "precinct_name": "Marion - 005763", "precinct_full_name": "Shellmound", "name20": "Shellmound", "GEOID20": "47115005763"}, "geometry": {"type": "Point", "coordinates": [-85.58529786428522, 35.0305775]}}, {"type": "Feature", "properties": {"county_nam": "Marion", "county_norm": "MARION", "prec_id": "005751", "precinct_norm": "MARION - 005751", "precinct_name": "Marion - 005751", "precinct_full_name": "Elder Mountain", "name20": "Elder Mountain", "GEOID20": "47115005751"}, "geometry": {"type": "Point", "coordinates": [-85.373224894506, 35.080243499999995]}}, {"type": "Feature", "properties": {"county_nam": "Marion", "county_norm": "MARION", "prec_id": "005766", "precinct_norm": "MARION - 005766", "precinct_name": "Marion - 005766", "precinct_full_name": "Whitwell", "name20": "Whitwell", "GEOID20": "47115005766"}, "geometry": {"type": "Point", "coordinates": [-85.50536175, 35.2330085]}}, {"type": "Feature", "properties": {"county_nam": "Marion", "county_norm": "MARION", "prec_id": "005754", "precinct_norm": "MARION - 005754", "precinct_name": "Marion - 005754", "precinct_full_name": "Jasper", "name20": "Jasper", "GEOID20": "47115005754"}, "geometry": {"type": "Point", "coordinates": [-85.59529586381758, 35.0652125]}}, {"type": "Feature", "properties": {"county_nam": "Marion", "county_norm": "MARION", "prec_id": "005767", "precinct_norm": "MARION - 005767", "precinct_name": "Marion - 005767", "precinct_full_name": "Whitwell Mtn. FD", "name20": "Whitwell Mtn. FD", "GEOID20": "47115005767"}, "geometry": {"type": "Point", "coordinates": [-85.57592210091366, 35.229878]}}, {"type": "Feature", "properties": {"county_nam": "Marion", "county_norm": "MARION", "prec_id": "005752", "precinct_norm": "MARION - 005752", "precinct_name": "Marion - 005752", "precinct_full_name": "Foster Falls", "name20": "Foster Falls", "GEOID20": "47115005752"}, "geometry": {"type": "Point", "coordinates": [-85.6525192942515, 35.197143]}}, {"type": "Feature", "properties": {"county_nam": "Marion", "county_norm": "MARION", "prec_id": "005762", "precinct_norm": "MARION - 005762", "precinct_name": "Marion - 005762", "precinct_full_name": "Sequatchie", "name20": "Sequatchie", "GEOID20": "47115005762"}, "geometry": {"type": "Point", "coordinates": [-85.52756394486373, 35.102725]}}, {"type": "Feature", "properties": {"county_nam": "Marion", "county_norm": "MARION", "prec_id": "005760", "precinct_norm": "MARION - 005760", "precinct_name": "Marion - 005760", "precinct_full_name": "Powells Crossroads", "name20": "Powells Crossroads", "GEOID20": "47115005760"}, "geometry": {"type": "Point", "coordinates": [-85.48141318021442, 35.185358]}}, {"type": "Feature", "properties": {"county_nam": "Marion", "county_norm": "MARION", "prec_id": "005761", "precinct_norm": "MARION - 005761", "precinct_name": "Marion - 005761", "precinct_full_name": "River Canyon", "name20": "River Canyon", "GEOID20": "47115005761"}, "geometry": {"type": "Point", "coordinates": [-85.38885856482628, 35.083453000000006]}}, {"type": "Feature", "properties": {"county_nam": "Marion", "county_norm": "MARION", "prec_id": "005765", "precinct_norm": "MARION - 005765", "precinct_name": "Marion - 005765", "precinct_full_name": "Waldens Ridge", "name20": "Waldens Ridge", "GEOID20": "47115005765"}, "geometry": {"type": "Point", "coordinates": [-85.43677825287531, 35.1345525]}}, {"type": "Feature", "properties": {"county_nam": "Marion", "county_norm": "MARION", "prec_id": "002660", "precinct_norm": "MARION - 002660", "precinct_name": "Marion - 002660", "precinct_full_name": "5-2 Sewanee", "name20": "5-2 Sewanee", "GEOID20": "47115002660"}, "geometry": {"type": "Point", "coordinates": [-85.87262730211638, 35.221091]}}, {"type": "Feature", "properties": {"county_nam": "Lewis", "county_norm": "LEWIS", "prec_id": "005254", "precinct_norm": "LEWIS - 005254", "precinct_name": "Lewis - 005254", "precinct_full_name": "1-1", "name20": "1-1", "GEOID20": "47101005254"}, "geometry": {"type": "Point", "coordinates": [-87.34406001098606, 35.511109000000005]}}, {"type": "Feature", "properties": {"county_nam": "Lewis", "county_norm": "LEWIS", "prec_id": "005251", "precinct_norm": "LEWIS - 005251", "precinct_name": "Lewis - 005251", "precinct_full_name": "2-1", "name20": "2-1", "GEOID20": "47101005251"}, "geometry": {"type": "Point", "coordinates": [-87.42843174784483, 35.584813499999996]}}, {"type": "Feature", "properties": {"county_nam": "Lewis", "county_norm": "LEWIS", "prec_id": "005253", "precinct_norm": "LEWIS - 005253", "precinct_name": "Lewis - 005253", "precinct_full_name": "3-1", "name20": "3-1", "GEOID20": "47101005253"}, "geometry": {"type": "Point", "coordinates": [-87.57850576723129, 35.5933225]}}, {"type": "Feature", "properties": {"county_nam": "Lewis", "county_norm": "LEWIS", "prec_id": "005257", "precinct_norm": "LEWIS - 005257", "precinct_name": "Lewis - 005257", "precinct_full_name": "7-1", "name20": "7-1", "GEOID20": "47101005257"}, "geometry": {"type": "Point", "coordinates": [-87.54658827915765, 35.519262999999995]}}, {"type": "Feature", "properties": {"county_nam": "Lewis", "county_norm": "LEWIS", "prec_id": "005255", "precinct_norm": "LEWIS - 005255", "precinct_name": "Lewis - 005255", "precinct_full_name": "5-1", "name20": "5-1", "GEOID20": "47101005255"}, "geometry": {"type": "Point", "coordinates": [-87.49660464979435, 35.466515]}}, {"type": "Feature", "properties": {"county_nam": "Lewis", "county_norm": "LEWIS", "prec_id": "005252", "precinct_norm": "LEWIS - 005252", "precinct_name": "Lewis - 005252", "precinct_full_name": "4-1", "name20": "4-1", "GEOID20": "47101005252"}, "geometry": {"type": "Point", "coordinates": [-87.6368436836724, 35.4860355]}}, {"type": "Feature", "properties": {"county_nam": "Lewis", "county_norm": "LEWIS", "prec_id": "005256", "precinct_norm": "LEWIS - 005256", "precinct_name": "Lewis - 005256", "precinct_full_name": "6-1", "name20": "6-1", "GEOID20": "47101005256"}, "geometry": {"type": "Point", "coordinates": [-87.55482584955752, 35.566151500000004]}}, {"type": "Feature", "properties": {"county_nam": "Lewis", "county_norm": "LEWIS", "prec_id": "005258", "precinct_norm": "LEWIS - 005258", "precinct_name": "Lewis - 005258", "precinct_full_name": "8-1", "name20": "8-1", "GEOID20": "47101005258"}, "geometry": {"type": "Point", "coordinates": [-87.53532291735537, 35.545880999999994]}}, {"type": "Feature", "properties": {"county_nam": "Lewis", "county_norm": "LEWIS", "prec_id": "005259", "precinct_norm": "LEWIS - 005259", "precinct_name": "Lewis - 005259", "precinct_full_name": "9-1", "name20": "9-1", "GEOID20": "47101005259"}, "geometry": {"type": "Point", "coordinates": [-87.55975876052631, 35.5487175]}}, {"type": "Feature", "properties": {"county_nam": "Loudon", "county_norm": "LOUDON", "prec_id": "005452", "precinct_norm": "LOUDON - 005452", "precinct_name": "Loudon - 005452", "precinct_full_name": "Loudon Outside", "name20": "Loudon Outside", "GEOID20": "47105005452"}, "geometry": {"type": "Point", "coordinates": [-84.44044078890299, 35.743013]}}, {"type": "Feature", "properties": {"county_nam": "Loudon", "county_norm": "LOUDON", "prec_id": "005459", "precinct_norm": "LOUDON - 005459", "precinct_name": "Loudon - 005459", "precinct_full_name": "Loudon Mt Zion", "name20": "Loudon Mt Zion", "GEOID20": "47105005459"}, "geometry": {"type": "Point", "coordinates": [-84.28319995075758, 35.716484]}}, {"type": "Feature", "properties": {"county_nam": "Loudon", "county_norm": "LOUDON", "prec_id": "005453", "precinct_norm": "LOUDON - 005453", "precinct_name": "Loudon - 005453", "precinct_full_name": "Loudon", "name20": "Loudon", "GEOID20": "47105005453"}, "geometry": {"type": "Point", "coordinates": [-84.34758044579526, 35.7396375]}}, {"type": "Feature", "properties": {"county_nam": "Loudon", "county_norm": "LOUDON", "prec_id": "005460", "precinct_norm": "LOUDON - 005460", "precinct_name": "Loudon - 005460", "precinct_full_name": "Lenoir City", "name20": "Lenoir City", "GEOID20": "47105005460"}, "geometry": {"type": "Point", "coordinates": [-84.28385804654656, 35.801840999999996]}}, {"type": "Feature", "properties": {"county_nam": "Loudon", "county_norm": "LOUDON", "prec_id": "005461", "precinct_norm": "LOUDON - 005461", "precinct_name": "Loudon - 005461", "precinct_full_name": "Lenoir City Outside", "name20": "Lenoir City Outside", "GEOID20": "47105005461"}, "geometry": {"type": "Point", "coordinates": [-84.27189863181103, 35.8122755]}}, {"type": "Feature", "properties": {"county_nam": "Loudon", "county_norm": "LOUDON", "prec_id": "005457", "precinct_norm": "LOUDON - 005457", "precinct_name": "Loudon - 005457", "precinct_full_name": "Glendale", "name20": "Glendale", "GEOID20": "47105005457"}, "geometry": {"type": "Point", "coordinates": [-84.21023962758875, 35.73851]}}, {"type": "Feature", "properties": {"county_nam": "Loudon", "county_norm": "LOUDON", "prec_id": "005462", "precinct_norm": "LOUDON - 005462", "precinct_name": "Loudon - 005462", "precinct_full_name": "Browder", "name20": "Browder", "GEOID20": "47105005462"}, "geometry": {"type": "Point", "coordinates": [-84.34238253720929, 35.7965755]}}, {"type": "Feature", "properties": {"county_nam": "Loudon", "county_norm": "LOUDON", "prec_id": "005456", "precinct_norm": "LOUDON - 005456", "precinct_name": "Loudon - 005456", "precinct_full_name": "Greenback", "name20": "Greenback", "GEOID20": "47105005456"}, "geometry": {"type": "Point", "coordinates": [-84.1878710568012, 35.656068000000005]}}, {"type": "Feature", "properties": {"county_nam": "Loudon", "county_norm": "LOUDON", "prec_id": "005454", "precinct_norm": "LOUDON - 005454", "precinct_name": "Loudon - 005454", "precinct_full_name": "Philadelphia", "name20": "Philadelphia", "GEOID20": "47105005454"}, "geometry": {"type": "Point", "coordinates": [-84.40832028633005, 35.6839645]}}, {"type": "Feature", "properties": {"county_nam": "Loudon", "county_norm": "LOUDON", "prec_id": "005455", "precinct_norm": "LOUDON - 005455", "precinct_name": "Loudon - 005455", "precinct_full_name": "Davis", "name20": "Davis", "GEOID20": "47105005455"}, "geometry": {"type": "Point", "coordinates": [-84.30305378554759, 35.671776]}}, {"type": "Feature", "properties": {"county_nam": "Loudon", "county_norm": "LOUDON", "prec_id": "005451", "precinct_norm": "LOUDON - 005451", "precinct_name": "Loudon - 005451", "precinct_full_name": "Luttrell", "name20": "Luttrell", "GEOID20": "47105005451"}, "geometry": {"type": "Point", "coordinates": [-84.48999279461083, 35.680485000000004]}}, {"type": "Feature", "properties": {"county_nam": "Loudon", "county_norm": "LOUDON", "prec_id": "005463", "precinct_norm": "LOUDON - 005463", "precinct_name": "Loudon - 005463", "precinct_full_name": "Eatons", "name20": "Eatons", "GEOID20": "47105005463"}, "geometry": {"type": "Point", "coordinates": [-84.27688162730871, 35.8531055]}}, {"type": "Feature", "properties": {"county_nam": "Loudon", "county_norm": "LOUDON", "prec_id": "005458", "precinct_norm": "LOUDON - 005458", "precinct_name": "Loudon - 005458", "precinct_full_name": "Highland Park", "name20": "Highland Park", "GEOID20": "47105005458"}, "geometry": {"type": "Point", "coordinates": [-84.2016137180259, 35.8015835]}}, {"type": "Feature", "properties": {"county_nam": "Loudon", "county_norm": "LOUDON", "prec_id": "005465", "precinct_norm": "LOUDON - 005465", "precinct_name": "Loudon - 005465", "precinct_full_name": "Tellico Village North", "name20": "Tellico Village North", "GEOID20": "47105005465"}, "geometry": {"type": "Point", "coordinates": [-84.25458979897371, 35.736529]}}, {"type": "Feature", "properties": {"county_nam": "Loudon", "county_norm": "LOUDON", "prec_id": "005464", "precinct_norm": "LOUDON - 005464", "precinct_name": "Loudon - 005464", "precinct_full_name": "Tellico Village South", "name20": "Tellico Village South", "GEOID20": "47105005464"}, "geometry": {"type": "Point", "coordinates": [-84.26333797092619, 35.6738445]}}, {"type": "Feature", "properties": {"county_nam": "Humphreys", "county_norm": "HUMPHREYS", "prec_id": "004404", "precinct_norm": "HUMPHREYS - 004404", "precinct_name": "Humphreys - 004404", "precinct_full_name": "1-2 Compassion Church", "name20": "1-2 Compassion Church", "GEOID20": "47085004404"}, "geometry": {"type": "Point", "coordinates": [-87.84369717778247, 36.149899500000004]}}, {"type": "Feature", "properties": {"county_nam": "Humphreys", "county_norm": "HUMPHREYS", "prec_id": "004408", "precinct_norm": "HUMPHREYS - 004408", "precinct_name": "Humphreys - 004408", "precinct_full_name": "1-1 Jera Building", "name20": "1-1 Jera Building", "GEOID20": "47085004408"}, "geometry": {"type": "Point", "coordinates": [-87.94695866508053, 36.051408]}}, {"type": "Feature", "properties": {"county_nam": "Humphreys", "county_norm": "HUMPHREYS", "prec_id": "004401", "precinct_norm": "HUMPHREYS - 004401", "precinct_name": "Humphreys - 004401", "precinct_full_name": "2-3 WFCN", "name20": "2-3 WFCN", "GEOID20": "47085004401"}, "geometry": {"type": "Point", "coordinates": [-87.76829587575757, 36.117386999999994]}}, {"type": "Feature", "properties": {"county_nam": "Humphreys", "county_norm": "HUMPHREYS", "prec_id": "004405", "precinct_norm": "HUMPHREYS - 004405", "precinct_name": "Humphreys - 004405", "precinct_full_name": "5-6 Wildwood", "name20": "5-6 Wildwood", "GEOID20": "47085004405"}, "geometry": {"type": "Point", "coordinates": [-87.79533306406385, 35.942139499999996]}}, {"type": "Feature", "properties": {"county_nam": "Humphreys", "county_norm": "HUMPHREYS", "prec_id": "004403", "precinct_norm": "HUMPHREYS - 004403", "precinct_name": "Humphreys - 004403", "precinct_full_name": "3-4 MLEC", "name20": "3-4 MLEC", "GEOID20": "47085004403"}, "geometry": {"type": "Point", "coordinates": [-87.73779991449726, 36.0840555]}}, {"type": "Feature", "properties": {"county_nam": "Humphreys", "county_norm": "HUMPHREYS", "prec_id": "004402", "precinct_norm": "HUMPHREYS - 004402", "precinct_name": "Humphreys - 004402", "precinct_full_name": "4-5 Safe Room", "name20": "4-5 Safe Room", "GEOID20": "47085004402"}, "geometry": {"type": "Point", "coordinates": [-87.93921845028525, 36.007712]}}, {"type": "Feature", "properties": {"county_nam": "Humphreys", "county_norm": "HUMPHREYS", "prec_id": "004407", "precinct_norm": "HUMPHREYS - 004407", "precinct_name": "Humphreys - 004407", "precinct_full_name": "7-8 CCC", "name20": "7-8 CCC", "GEOID20": "47085004407"}, "geometry": {"type": "Point", "coordinates": [-87.61854207947152, 36.159995]}}, {"type": "Feature", "properties": {"county_nam": "Humphreys", "county_norm": "HUMPHREYS", "prec_id": "004406", "precinct_norm": "HUMPHREYS - 004406", "precinct_name": "Humphreys - 004406", "precinct_full_name": "6-7 South McEwen", "name20": "6-7 South McEwen", "GEOID20": "47085004406"}, "geometry": {"type": "Point", "coordinates": [-87.60660075590042, 36.0169465]}}, {"type": "Feature", "properties": {"county_nam": "Shelby", "county_norm": "SHELBY", "prec_id": "008065", "precinct_norm": "SHELBY - 008065", "precinct_name": "Shelby - 008065", "precinct_full_name": "Brunswick 1", "name20": "Brunswick 1", "GEOID20": "47157008065"}, "geometry": {"type": "Point", "coordinates": [-89.75906335755755, 35.2288745]}}, {"type": "Feature", "properties": {"county_nam": "Shelby", "county_norm": "SHELBY", "prec_id": "008241", "precinct_norm": "SHELBY - 008241", "precinct_name": "Shelby - 008241", "precinct_full_name": "Memphis 91-1", "name20": "Memphis 91-1", "GEOID20": "47157008241"}, "geometry": {"type": "Point", "coordinates": [-89.79271137068966, 35.1476195]}}, {"type": "Feature", "properties": {"county_nam": "Shelby", "county_norm": "SHELBY", "prec_id": "008102", "precinct_norm": "SHELBY - 008102", "precinct_name": "Shelby - 008102", "precinct_full_name": "Memphis 02", "name20": "Memphis 02", "GEOID20": "47157008102"}, "geometry": {"type": "Point", "coordinates": [-90.05571019459458, 35.138447]}}, {"type": "Feature", "properties": {"county_nam": "Shelby", "county_norm": "SHELBY", "prec_id": "008089", "precinct_norm": "SHELBY - 008089", "precinct_name": "Shelby - 008089", "precinct_full_name": "Germantown 05", "name20": "Germantown 05", "GEOID20": "47157008089"}, "geometry": {"type": "Point", "coordinates": [-89.81903282085169, 35.10682]}}, {"type": "Feature", "properties": {"county_nam": "Shelby", "county_norm": "SHELBY", "prec_id": "008095", "precinct_norm": "SHELBY - 008095", "precinct_name": "Shelby - 008095", "precinct_full_name": "Germantown 12", "name20": "Germantown 12", "GEOID20": "47157008095"}, "geometry": {"type": "Point", "coordinates": [-89.75142138979527, 35.102328]}}, {"type": "Feature", "properties": {"county_nam": "Shelby", "county_norm": "SHELBY", "prec_id": "008239", "precinct_norm": "SHELBY - 008239", "precinct_name": "Shelby - 008239", "precinct_full_name": "Memphis 90-2", "name20": "Memphis 90-2", "GEOID20": "47157008239"}, "geometry": {"type": "Point", "coordinates": [-89.95745227250791, 35.2425265]}}, {"type": "Feature", "properties": {"county_nam": "Shelby", "county_norm": "SHELBY", "prec_id": "008231", "precinct_norm": "SHELBY - 008231", "precinct_name": "Shelby - 008231", "precinct_full_name": "Memphis 87-3", "name20": "Memphis 87-3", "GEOID20": "47157008231"}, "geometry": {"type": "Point", "coordinates": [-89.89343152454339, 35.221587]}}, {"type": "Feature", "properties": {"county_nam": "Shelby", "county_norm": "SHELBY", "prec_id": "008228", "precinct_norm": "SHELBY - 008228", "precinct_name": "Shelby - 008228", "precinct_full_name": "Memphis 84-2", "name20": "Memphis 84-2", "GEOID20": "47157008228"}, "geometry": {"type": "Point", "coordinates": [-89.96277956569344, 35.2170995]}}, {"type": "Feature", "properties": {"county_nam": "Shelby", "county_norm": "SHELBY", "prec_id": "008232", "precinct_norm": "SHELBY - 008232", "precinct_name": "Shelby - 008232", "precinct_full_name": "Memphis 88-2", "name20": "Memphis 88-2", "GEOID20": "47157008232"}, "geometry": {"type": "Point", "coordinates": [-89.88712381712708, 35.198527]}}, {"type": "Feature", "properties": {"county_nam": "Shelby", "county_norm": "SHELBY", "prec_id": "008172", "precinct_norm": "SHELBY - 008172", "precinct_name": "Shelby - 008172", "precinct_full_name": "Memphis 62-0", "name20": "Memphis 62-0", "GEOID20": "47157008172"}, "geometry": {"type": "Point", "coordinates": [-89.93186604045385, 35.1831585]}}, {"type": "Feature", "properties": {"county_nam": "Shelby", "county_norm": "SHELBY", "prec_id": "008103", "precinct_norm": "SHELBY - 008103", "precinct_name": "Shelby - 008103", "precinct_full_name": "Memphis 11", "name20": "Memphis 11", "GEOID20": "47157008103"}, "geometry": {"type": "Point", "coordinates": [-90.03565899477775, 35.1322845]}}, {"type": "Feature", "properties": {"county_nam": "Shelby", "county_norm": "SHELBY", "prec_id": "008105", "precinct_norm": "SHELBY - 008105", "precinct_name": "Shelby - 008105", "precinct_full_name": "Memphis 13", "name20": "Memphis 13", "GEOID20": "47157008105"}, "geometry": {"type": "Point", "coordinates": [-90.05235445878719, 35.1172485]}}, {"type": "Feature", "properties": {"county_nam": "Shelby", "county_norm": "SHELBY", "prec_id": "008097", "precinct_norm": "SHELBY - 008097", "precinct_name": "Shelby - 008097", "precinct_full_name": "Lakeland 2", "name20": "Lakeland 2", "GEOID20": "47157008097"}, "geometry": {"type": "Point", "coordinates": [-89.7442724287234, 35.213724]}}, {"type": "Feature", "properties": {"county_nam": "Shelby", "county_norm": "SHELBY", "prec_id": "008179", "precinct_norm": "SHELBY - 008179", "precinct_name": "Shelby - 008179", "precinct_full_name": "Memphis 68-1", "name20": "Memphis 68-1", "GEOID20": "47157008179"}, "geometry": {"type": "Point", "coordinates": [-89.8610070653621, 35.1479725]}}, {"type": "Feature", "properties": {"county_nam": "Shelby", "county_norm": "SHELBY", "prec_id": "008120", "precinct_norm": "SHELBY - 008120", "precinct_name": "Shelby - 008120", "precinct_full_name": "Memphis 34-2", "name20": "Memphis 34-2", "GEOID20": "47157008120"}, "geometry": {"type": "Point", "coordinates": [-90.04074373448401, 35.110309]}}, {"type": "Feature", "properties": {"county_nam": "Shelby", "county_norm": "SHELBY", "prec_id": "008113", "precinct_norm": "SHELBY - 008113", "precinct_name": "Shelby - 008113", "precinct_full_name": "Memphis 26", "name20": "Memphis 26", "GEOID20": "47157008113"}, "geometry": {"type": "Point", "coordinates": [-90.0197116173966, 35.1130845]}}, {"type": "Feature", "properties": {"county_nam": "Shelby", "county_norm": "SHELBY", "prec_id": "008149", "precinct_norm": "SHELBY - 008149", "precinct_name": "Shelby - 008149", "precinct_full_name": "Memphis 53-1", "name20": "Memphis 53-1", "GEOID20": "47157008149"}, "geometry": {"type": "Point", "coordinates": [-89.93299628777545, 35.1623275]}}, {"type": "Feature", "properties": {"county_nam": "Shelby", "county_norm": "SHELBY", "prec_id": "008111", "precinct_norm": "SHELBY - 008111", "precinct_name": "Shelby - 008111", "precinct_full_name": "Memphis 21", "name20": "Memphis 21", "GEOID20": "47157008111"}, "geometry": {"type": "Point", "coordinates": [-90.0200526215084, 35.166933]}}, {"type": "Feature", "properties": {"county_nam": "Shelby", "county_norm": "SHELBY", "prec_id": "008123", "precinct_norm": "SHELBY - 008123", "precinct_name": "Shelby - 008123", "precinct_full_name": "Memphis 36-2", "name20": "Memphis 36-2", "GEOID20": "47157008123"}, "geometry": {"type": "Point", "coordinates": [-90.00687109090909, 35.1653145]}}, {"type": "Feature", "properties": {"county_nam": "Shelby", "county_norm": "SHELBY", "prec_id": "008146", "precinct_norm": "SHELBY - 008146", "precinct_name": "Shelby - 008146", "precinct_full_name": "Memphis 52-1", "name20": "Memphis 52-1", "GEOID20": "47157008146"}, "geometry": {"type": "Point", "coordinates": [-89.97551641983121, 35.1590805]}}, {"type": "Feature", "properties": {"county_nam": "Shelby", "county_norm": "SHELBY", "prec_id": "008136", "precinct_norm": "SHELBY - 008136", "precinct_name": "Shelby - 008136", "precinct_full_name": "Memphis 44-5", "name20": "Memphis 44-5", "GEOID20": "47157008136"}, "geometry": {"type": "Point", "coordinates": [-89.95327075585936, 35.138683]}}, {"type": "Feature", "properties": {"county_nam": "Shelby", "county_norm": "SHELBY", "prec_id": "008108", "precinct_norm": "SHELBY - 008108", "precinct_name": "Shelby - 008108", "precinct_full_name": "Memphis 17", "name20": "Memphis 17", "GEOID20": "47157008108"}, "geometry": {"type": "Point", "coordinates": [-90.00685096346155, 35.139264]}}, {"type": "Feature", "properties": {"county_nam": "Shelby", "county_norm": "SHELBY", "prec_id": "008122", "precinct_norm": "SHELBY - 008122", "precinct_name": "Shelby - 008122", "precinct_full_name": "Memphis 36-1", "name20": "Memphis 36-1", "GEOID20": "47157008122"}, "geometry": {"type": "Point", "coordinates": [-89.99621799849398, 35.1565655]}}, {"type": "Feature", "properties": {"county_nam": "Shelby", "county_norm": "SHELBY", "prec_id": "008219", "precinct_norm": "SHELBY - 008219", "precinct_name": "Shelby - 008219", "precinct_full_name": "Memphis 81-3", "name20": "Memphis 81-3", "GEOID20": "47157008219"}, "geometry": {"type": "Point", "coordinates": [-89.84462338732473, 35.0866925]}}, {"type": "Feature", "properties": {"county_nam": "Shelby", "county_norm": "SHELBY", "prec_id": "008224", "precinct_norm": "SHELBY - 008224", "precinct_name": "Shelby - 008224", "precinct_full_name": "Memphis 82-2", "name20": "Memphis 82-2", "GEOID20": "47157008224"}, "geometry": {"type": "Point", "coordinates": [-90.11584239281964, 35.007186000000004]}}, {"type": "Feature", "properties": {"county_nam": "Shelby", "county_norm": "SHELBY", "prec_id": "008269", "precinct_norm": "SHELBY - 008269", "precinct_name": "Shelby - 008269", "precinct_full_name": "Ross Store 16", "name20": "Ross Store 16", "GEOID20": "47157008269"}, "geometry": {"type": "Point", "coordinates": [-89.81333972743815, 35.0130555]}}, {"type": "Feature", "properties": {"county_nam": "Shelby", "county_norm": "SHELBY", "prec_id": "008248", "precinct_norm": "SHELBY - 008248", "precinct_name": "Shelby - 008248", "precinct_full_name": "Memphis 94-3", "name20": "Memphis 94-3", "GEOID20": "47157008248"}, "geometry": {"type": "Point", "coordinates": [-89.8394220387931, 35.034893499999995]}}, {"type": "Feature", "properties": {"county_nam": "Shelby", "county_norm": "SHELBY", "prec_id": "008203", "precinct_norm": "SHELBY - 008203", "precinct_name": "Shelby - 008203", "precinct_full_name": "Memphis 75-7", "name20": "Memphis 75-7", "GEOID20": "47157008203"}, "geometry": {"type": "Point", "coordinates": [-90.11341727406031, 35.044667000000004]}}, {"type": "Feature", "properties": {"county_nam": "Shelby", "county_norm": "SHELBY", "prec_id": "008246", "precinct_norm": "SHELBY - 008246", "precinct_name": "Shelby - 008246", "precinct_full_name": "Memphis 93-3", "name20": "Memphis 93-3", "GEOID20": "47157008246"}, "geometry": {"type": "Point", "coordinates": [-89.85489830976431, 35.0552855]}}, {"type": "Feature", "properties": {"county_nam": "Shelby", "county_norm": "SHELBY", "prec_id": "008251", "precinct_norm": "SHELBY - 008251", "precinct_name": "Shelby - 008251", "precinct_full_name": "Memphis 94-8", "name20": "Memphis 94-8", "GEOID20": "47157008251"}, "geometry": {"type": "Point", "coordinates": [-89.82235126785714, 35.035169499999995]}}, {"type": "Feature", "properties": {"county_nam": "Shelby", "county_norm": "SHELBY", "prec_id": "008250", "precinct_norm": "SHELBY - 008250", "precinct_name": "Shelby - 008250", "precinct_full_name": "Memphis 94-7", "name20": "Memphis 94-7", "GEOID20": "47157008250"}, "geometry": {"type": "Point", "coordinates": [-89.85312854187947, 35.038068]}}, {"type": "Feature", "properties": {"county_nam": "Shelby", "county_norm": "SHELBY", "prec_id": "008142", "precinct_norm": "SHELBY - 008142", "precinct_name": "Shelby - 008142", "precinct_full_name": "Memphis 47", "name20": "Memphis 47", "GEOID20": "47157008142"}, "geometry": {"type": "Point", "coordinates": [-89.9800621235178, 35.097303]}}, {"type": "Feature", "properties": {"county_nam": "Shelby", "county_norm": "SHELBY", "prec_id": "008138", "precinct_norm": "SHELBY - 008138", "precinct_name": "Shelby - 008138", "precinct_full_name": "Memphis 45-2", "name20": "Memphis 45-2", "GEOID20": "47157008138"}, "geometry": {"type": "Point", "coordinates": [-89.95936356421436, 35.1051005]}}, {"type": "Feature", "properties": {"county_nam": "Shelby", "county_norm": "SHELBY", "prec_id": "008161", "precinct_norm": "SHELBY - 008161", "precinct_name": "Shelby - 008161", "precinct_full_name": "Memphis 59-5", "name20": "Memphis 59-5", "GEOID20": "47157008161"}, "geometry": {"type": "Point", "coordinates": [-89.97018398727415, 35.0818205]}}, {"type": "Feature", "properties": {"county_nam": "Shelby", "county_norm": "SHELBY", "prec_id": "008118", "precinct_norm": "SHELBY - 008118", "precinct_name": "Shelby - 008118", "precinct_full_name": "Memphis 31-4", "name20": "Memphis 31-4", "GEOID20": "47157008118"}, "geometry": {"type": "Point", "coordinates": [-90.0008901084995, 35.1138745]}}, {"type": "Feature", "properties": {"county_nam": "Shelby", "county_norm": "SHELBY", "prec_id": "008217", "precinct_norm": "SHELBY - 008217", "precinct_name": "Shelby - 008217", "precinct_full_name": "Memphis 81-1", "name20": "Memphis 81-1", "GEOID20": "47157008217"}, "geometry": {"type": "Point", "coordinates": [-89.86364978303484, 35.1183125]}}, {"type": "Feature", "properties": {"county_nam": "Shelby", "county_norm": "SHELBY", "prec_id": "008216", "precinct_norm": "SHELBY - 008216", "precinct_name": "Shelby - 008216", "precinct_full_name": "Memphis 80-2", "name20": "Memphis 80-2", "GEOID20": "47157008216"}, "geometry": {"type": "Point", "coordinates": [-89.84623128901437, 35.114838000000006]}}, {"type": "Feature", "properties": {"county_nam": "Shelby", "county_norm": "SHELBY", "prec_id": "008177", "precinct_norm": "SHELBY - 008177", "precinct_name": "Shelby - 008177", "precinct_full_name": "Memphis 67-1", "name20": "Memphis 67-1", "GEOID20": "47157008177"}, "geometry": {"type": "Point", "coordinates": [-89.89008568619514, 35.0996985]}}, {"type": "Feature", "properties": {"county_nam": "Shelby", "county_norm": "SHELBY", "prec_id": "008141", "precinct_norm": "SHELBY - 008141", "precinct_name": "Shelby - 008141", "precinct_full_name": "Memphis 46-2", "name20": "Memphis 46-2", "GEOID20": "47157008141"}, "geometry": {"type": "Point", "coordinates": [-89.9269042324159, 35.108275000000006]}}, {"type": "Feature", "properties": {"county_nam": "Shelby", "county_norm": "SHELBY", "prec_id": "008176", "precinct_norm": "SHELBY - 008176", "precinct_name": "Shelby - 008176", "precinct_full_name": "Memphis 66", "name20": "Memphis 66", "GEOID20": "47157008176"}, "geometry": {"type": "Point", "coordinates": [-89.90631257931909, 35.092330000000004]}}, {"type": "Feature", "properties": {"county_nam": "Shelby", "county_norm": "SHELBY", "prec_id": "008171", "precinct_norm": "SHELBY - 008171", "precinct_name": "Shelby - 008171", "precinct_full_name": "Memphis 61", "name20": "Memphis 61", "GEOID20": "47157008171"}, "geometry": {"type": "Point", "coordinates": [-89.97679822039473, 35.115208499999994]}}, {"type": "Feature", "properties": {"county_nam": "Shelby", "county_norm": "SHELBY", "prec_id": "008178", "precinct_norm": "SHELBY - 008178", "precinct_name": "Shelby - 008178", "precinct_full_name": "Memphis 67-3", "name20": "Memphis 67-3", "GEOID20": "47157008178"}, "geometry": {"type": "Point", "coordinates": [-89.87742981464513, 35.0952005]}}, {"type": "Feature", "properties": {"county_nam": "Shelby", "county_norm": "SHELBY", "prec_id": "008114", "precinct_norm": "SHELBY - 008114", "precinct_name": "Shelby - 008114", "precinct_full_name": "Memphis 28", "name20": "Memphis 28", "GEOID20": "47157008114"}, "geometry": {"type": "Point", "coordinates": [-89.98027878149607, 35.1338205]}}, {"type": "Feature", "properties": {"county_nam": "Shelby", "county_norm": "SHELBY", "prec_id": "008212", "precinct_norm": "SHELBY - 008212", "precinct_name": "Shelby - 008212", "precinct_full_name": "Memphis 79-2", "name20": "Memphis 79-2", "GEOID20": "47157008212"}, "geometry": {"type": "Point", "coordinates": [-90.02176253631846, 35.01352]}}, {"type": "Feature", "properties": {"county_nam": "Shelby", "county_norm": "SHELBY", "prec_id": "008209", "precinct_norm": "SHELBY - 008209", "precinct_name": "Shelby - 008209", "precinct_full_name": "Memphis 77-3", "name20": "Memphis 77-3", "GEOID20": "47157008209"}, "geometry": {"type": "Point", "coordinates": [-90.0222759738806, 35.036106000000004]}}, {"type": "Feature", "properties": {"county_nam": "Shelby", "county_norm": "SHELBY", "prec_id": "008210", "precinct_norm": "SHELBY - 008210", "precinct_name": "Shelby - 008210", "precinct_full_name": "Memphis 78-3", "name20": "Memphis 78-3", "GEOID20": "47157008210"}, "geometry": {"type": "Point", "coordinates": [-90.00743113571332, 35.0483225]}}, {"type": "Feature", "properties": {"county_nam": "Shelby", "county_norm": "SHELBY", "prec_id": "008202", "precinct_norm": "SHELBY - 008202", "precinct_name": "Shelby - 008202", "precinct_full_name": "Memphis 75-6", "name20": "Memphis 75-6", "GEOID20": "47157008202"}, "geometry": {"type": "Point", "coordinates": [-90.09112965, 35.0350655]}}, {"type": "Feature", "properties": {"county_nam": "Shelby", "county_norm": "SHELBY", "prec_id": "008200", "precinct_norm": "SHELBY - 008200", "precinct_name": "Shelby - 008200", "precinct_full_name": "Memphis 75-1", "name20": "Memphis 75-1", "GEOID20": "47157008200"}, "geometry": {"type": "Point", "coordinates": [-90.07516421810699, 35.0685985]}}, {"type": "Feature", "properties": {"county_nam": "Shelby", "county_norm": "SHELBY", "prec_id": "008194", "precinct_norm": "SHELBY - 008194", "precinct_name": "Shelby - 008194", "precinct_full_name": "Memphis 74-1", "name20": "Memphis 74-1", "GEOID20": "47157008194"}, "geometry": {"type": "Point", "coordinates": [-89.87422561111111, 35.072839]}}, {"type": "Feature", "properties": {"county_nam": "Shelby", "county_norm": "SHELBY", "prec_id": "008197", "precinct_norm": "SHELBY - 008197", "precinct_name": "Shelby - 008197", "precinct_full_name": "Memphis 74-5", "name20": "Memphis 74-5", "GEOID20": "47157008197"}, "geometry": {"type": "Point", "coordinates": [-89.89708986625514, 35.067712]}}, {"type": "Feature", "properties": {"county_nam": "Shelby", "county_norm": "SHELBY", "prec_id": "008168", "precinct_norm": "SHELBY - 008168", "precinct_name": "Shelby - 008168", "precinct_full_name": "Memphis 60-7", "name20": "Memphis 60-7", "GEOID20": "47157008168"}, "geometry": {"type": "Point", "coordinates": [-89.94541370140587, 35.0238865]}}, {"type": "Feature", "properties": {"county_nam": "Shelby", "county_norm": "SHELBY", "prec_id": "008192", "precinct_norm": "SHELBY - 008192", "precinct_name": "Shelby - 008192", "precinct_full_name": "Memphis 73-3", "name20": "Memphis 73-3", "GEOID20": "47157008192"}, "geometry": {"type": "Point", "coordinates": [-89.91892778223594, 35.068272]}}, {"type": "Feature", "properties": {"county_nam": "Shelby", "county_norm": "SHELBY", "prec_id": "008195", "precinct_norm": "SHELBY - 008195", "precinct_name": "Shelby - 008195", "precinct_full_name": "Memphis 74-2", "name20": "Memphis 74-2", "GEOID20": "47157008195"}, "geometry": {"type": "Point", "coordinates": [-89.88484546193547, 35.056214999999995]}}, {"type": "Feature", "properties": {"county_nam": "Shelby", "county_norm": "SHELBY", "prec_id": "008199", "precinct_norm": "SHELBY - 008199", "precinct_name": "Shelby - 008199", "precinct_full_name": "Memphis 74-9", "name20": "Memphis 74-9", "GEOID20": "47157008199"}, "geometry": {"type": "Point", "coordinates": [-89.9047193442928, 35.046088999999995]}}, {"type": "Feature", "properties": {"county_nam": "Shelby", "county_norm": "SHELBY", "prec_id": "008082", "precinct_norm": "SHELBY - 008082", "precinct_name": "Shelby - 008082", "precinct_full_name": "Forest Hills 1", "name20": "Forest Hills 1", "GEOID20": "47157008082"}, "geometry": {"type": "Point", "coordinates": [-89.76465594620254, 35.0438085]}}, {"type": "Feature", "properties": {"county_nam": "Shelby", "county_norm": "SHELBY", "prec_id": "008088", "precinct_norm": "SHELBY - 008088", "precinct_name": "Shelby - 008088", "precinct_full_name": "Germantown 04", "name20": "Germantown 04", "GEOID20": "47157008088"}, "geometry": {"type": "Point", "coordinates": [-89.77365294746059, 35.0968605]}}, {"type": "Feature", "properties": {"county_nam": "Shelby", "county_norm": "SHELBY", "prec_id": "008090", "precinct_norm": "SHELBY - 008090", "precinct_name": "Shelby - 008090", "precinct_full_name": "Germantown 06", "name20": "Germantown 06", "GEOID20": "47157008090"}, "geometry": {"type": "Point", "coordinates": [-89.79500769872391, 35.065061]}}, {"type": "Feature", "properties": {"county_nam": "Shelby", "county_norm": "SHELBY", "prec_id": "008077", "precinct_norm": "SHELBY - 008077", "precinct_name": "Shelby - 008077", "precinct_full_name": "Cordova 4", "name20": "Cordova 4", "GEOID20": "47157008077"}, "geometry": {"type": "Point", "coordinates": [-89.81633859571997, 35.168159]}}, {"type": "Feature", "properties": {"county_nam": "Shelby", "county_norm": "SHELBY", "prec_id": "008133", "precinct_norm": "SHELBY - 008133", "precinct_name": "Shelby - 008133", "precinct_full_name": "Memphis 44-1", "name20": "Memphis 44-1", "GEOID20": "47157008133"}, "geometry": {"type": "Point", "coordinates": [-89.9365017977032, 35.1416825]}}, {"type": "Feature", "properties": {"county_nam": "Shelby", "county_norm": "SHELBY", "prec_id": "008055", "precinct_norm": "SHELBY - 008055", "precinct_name": "Shelby - 008055", "precinct_full_name": "Bartlett 04", "name20": "Bartlett 04", "GEOID20": "47157008055"}, "geometry": {"type": "Point", "coordinates": [-89.82692358004213, 35.245779999999996]}}, {"type": "Feature", "properties": {"county_nam": "Shelby", "county_norm": "SHELBY", "prec_id": "008066", "precinct_norm": "SHELBY - 008066", "precinct_name": "Shelby - 008066", "precinct_full_name": "Brunswick 2", "name20": "Brunswick 2", "GEOID20": "47157008066"}, "geometry": {"type": "Point", "coordinates": [-89.77981504374634, 35.2593655]}}, {"type": "Feature", "properties": {"county_nam": "Shelby", "county_norm": "SHELBY", "prec_id": "008080", "precinct_norm": "SHELBY - 008080", "precinct_name": "Shelby - 008080", "precinct_full_name": "Memphis 91-4", "name20": "Memphis 91-4", "GEOID20": "47157008080"}, "geometry": {"type": "Point", "coordinates": [-89.78586828615927, 35.1193025]}}, {"type": "Feature", "properties": {"county_nam": "Shelby", "county_norm": "SHELBY", "prec_id": "008084", "precinct_norm": "SHELBY - 008084", "precinct_name": "Shelby - 008084", "precinct_full_name": "Forest Hills 3", "name20": "Forest Hills 3", "GEOID20": "47157008084"}, "geometry": {"type": "Point", "coordinates": [-89.77778501705404, 35.01934]}}, {"type": "Feature", "properties": {"county_nam": "Shelby", "county_norm": "SHELBY", "prec_id": "008236", "precinct_norm": "SHELBY - 008236", "precinct_name": "Shelby - 008236", "precinct_full_name": "Memphis 89-1", "name20": "Memphis 89-1", "GEOID20": "47157008236"}, "geometry": {"type": "Point", "coordinates": [-89.84901652548726, 35.175905]}}, {"type": "Feature", "properties": {"county_nam": "Shelby", "county_norm": "SHELBY", "prec_id": "008187", "precinct_norm": "SHELBY - 008187", "precinct_name": "Shelby - 008187", "precinct_full_name": "Memphis 71-4", "name20": "Memphis 71-4", "GEOID20": "47157008187"}, "geometry": {"type": "Point", "coordinates": [-89.98832295526316, 35.2426115]}}, {"type": "Feature", "properties": {"county_nam": "Shelby", "county_norm": "SHELBY", "prec_id": "008056", "precinct_norm": "SHELBY - 008056", "precinct_name": "Shelby - 008056", "precinct_full_name": "Bartlett 05", "name20": "Bartlett 05", "GEOID20": "47157008056"}, "geometry": {"type": "Point", "coordinates": [-89.7868325442928, 35.2249355]}}, {"type": "Feature", "properties": {"county_nam": "Shelby", "county_norm": "SHELBY", "prec_id": "008053", "precinct_norm": "SHELBY - 008053", "precinct_name": "Shelby - 008053", "precinct_full_name": "Bartlett 09", "name20": "Bartlett 09", "GEOID20": "47157008053"}, "geometry": {"type": "Point", "coordinates": [-89.85780255526134, 35.205206000000004]}}, {"type": "Feature", "properties": {"county_nam": "Shelby", "county_norm": "SHELBY", "prec_id": "008086", "precinct_norm": "SHELBY - 008086", "precinct_name": "Shelby - 008086", "precinct_full_name": "Germantown 02", "name20": "Germantown 02", "GEOID20": "47157008086"}, "geometry": {"type": "Point", "coordinates": [-89.81786201086956, 35.082767000000004]}}, {"type": "Feature", "properties": {"county_nam": "Shelby", "county_norm": "SHELBY", "prec_id": "008184", "precinct_norm": "SHELBY - 008184", "precinct_name": "Shelby - 008184", "precinct_full_name": "Memphis 70-2", "name20": "Memphis 70-2", "GEOID20": "47157008184"}, "geometry": {"type": "Point", "coordinates": [-90.01654393838862, 35.204098]}}, {"type": "Feature", "properties": {"county_nam": "Shelby", "county_norm": "SHELBY", "prec_id": "008057", "precinct_norm": "SHELBY - 008057", "precinct_name": "Shelby - 008057", "precinct_full_name": "Bartlett 06", "name20": "Bartlett 06", "GEOID20": "47157008057"}, "geometry": {"type": "Point", "coordinates": [-89.87660123076923, 35.205614]}}, {"type": "Feature", "properties": {"county_nam": "Shelby", "county_norm": "SHELBY", "prec_id": "008101", "precinct_norm": "SHELBY - 008101", "precinct_name": "Shelby - 008101", "precinct_full_name": "Memphis 01", "name20": "Memphis 01", "GEOID20": "47157008101"}, "geometry": {"type": "Point", "coordinates": [-90.05056966889723, 35.1657625]}}, {"type": "Feature", "properties": {"county_nam": "Shelby", "county_norm": "SHELBY", "prec_id": "008104", "precinct_norm": "SHELBY - 008104", "precinct_name": "Shelby - 008104", "precinct_full_name": "Memphis 12", "name20": "Memphis 12", "GEOID20": "47157008104"}, "geometry": {"type": "Point", "coordinates": [-90.07192546495327, 35.118103500000004]}}, {"type": "Feature", "properties": {"county_nam": "Shelby", "county_norm": "SHELBY", "prec_id": "008110", "precinct_norm": "SHELBY - 008110", "precinct_name": "Shelby - 008110", "precinct_full_name": "Memphis 20-3", "name20": "Memphis 20-3", "GEOID20": "47157008110"}, "geometry": {"type": "Point", "coordinates": [-90.03195108091468, 35.164528000000004]}}, {"type": "Feature", "properties": {"county_nam": "Shelby", "county_norm": "SHELBY", "prec_id": "008087", "precinct_norm": "SHELBY - 008087", "precinct_name": "Shelby - 008087", "precinct_full_name": "Germantown 03", "name20": "Germantown 03", "GEOID20": "47157008087"}, "geometry": {"type": "Point", "coordinates": [-89.79769366666667, 35.100446]}}, {"type": "Feature", "properties": {"county_nam": "Shelby", "county_norm": "SHELBY", "prec_id": "008240", "precinct_norm": "SHELBY - 008240", "precinct_name": "Shelby - 008240", "precinct_full_name": "Memphis 90-3", "name20": "Memphis 90-3", "GEOID20": "47157008240"}, "geometry": {"type": "Point", "coordinates": [-89.94170670957023, 35.223919]}}, {"type": "Feature", "properties": {"county_nam": "Shelby", "county_norm": "SHELBY", "prec_id": "008233", "precinct_norm": "SHELBY - 008233", "precinct_name": "Shelby - 008233", "precinct_full_name": "Memphis 88-3", "name20": "Memphis 88-3", "GEOID20": "47157008233"}, "geometry": {"type": "Point", "coordinates": [-89.88578603459119, 35.1769865]}}, {"type": "Feature", "properties": {"county_nam": "Shelby", "county_norm": "SHELBY", "prec_id": "008234", "precinct_norm": "SHELBY - 008234", "precinct_name": "Shelby - 008234", "precinct_full_name": "Memphis 88-4", "name20": "Memphis 88-4", "GEOID20": "47157008234"}, "geometry": {"type": "Point", "coordinates": [-89.91020902889139, 35.194514]}}, {"type": "Feature", "properties": {"county_nam": "Shelby", "county_norm": "SHELBY", "prec_id": "008226", "precinct_norm": "SHELBY - 008226", "precinct_name": "Shelby - 008226", "precinct_full_name": "Memphis 83", "name20": "Memphis 83", "GEOID20": "47157008226"}, "geometry": {"type": "Point", "coordinates": [-89.94103591677874, 35.1953645]}}, {"type": "Feature", "properties": {"county_nam": "Shelby", "county_norm": "SHELBY", "prec_id": "008229", "precinct_norm": "SHELBY - 008229", "precinct_name": "Shelby - 008229", "precinct_full_name": "Memphis 86", "name20": "Memphis 86", "GEOID20": "47157008229"}, "geometry": {"type": "Point", "coordinates": [-89.91701822147488, 35.223889]}}, {"type": "Feature", "properties": {"county_nam": "Shelby", "county_norm": "SHELBY", "prec_id": "008106", "precinct_norm": "SHELBY - 008106", "precinct_name": "Shelby - 008106", "precinct_full_name": "Memphis 16-3", "name20": "Memphis 16-3", "GEOID20": "47157008106"}, "geometry": {"type": "Point", "coordinates": [-90.01709944444445, 35.130562999999995]}}, {"type": "Feature", "properties": {"county_nam": "Shelby", "county_norm": "SHELBY", "prec_id": "008054", "precinct_norm": "SHELBY - 008054", "precinct_name": "Shelby - 008054", "precinct_full_name": "Bartlett 03", "name20": "Bartlett 03", "GEOID20": "47157008054"}, "geometry": {"type": "Point", "coordinates": [-89.83620132423769, 35.217723500000005]}}, {"type": "Feature", "properties": {"county_nam": "Shelby", "county_norm": "SHELBY", "prec_id": "008058", "precinct_norm": "SHELBY - 008058", "precinct_name": "Shelby - 008058", "precinct_full_name": "Bartlett 08", "name20": "Bartlett 08", "GEOID20": "47157008058"}, "geometry": {"type": "Point", "coordinates": [-89.85525196176049, 35.222675499999994]}}, {"type": "Feature", "properties": {"county_nam": "Shelby", "county_norm": "SHELBY", "prec_id": "008152", "precinct_norm": "SHELBY - 008152", "precinct_name": "Shelby - 008152", "precinct_full_name": "Memphis 54", "name20": "Memphis 54", "GEOID20": "47157008152"}, "geometry": {"type": "Point", "coordinates": [-89.90398518245959, 35.1628365]}}, {"type": "Feature", "properties": {"county_nam": "Shelby", "county_norm": "SHELBY", "prec_id": "008154", "precinct_norm": "SHELBY - 008154", "precinct_name": "Shelby - 008154", "precinct_full_name": "Memphis 55-2", "name20": "Memphis 55-2", "GEOID20": "47157008154"}, "geometry": {"type": "Point", "coordinates": [-89.91328437546616, 35.1388865]}}, {"type": "Feature", "properties": {"county_nam": "Shelby", "county_norm": "SHELBY", "prec_id": "008174", "precinct_norm": "SHELBY - 008174", "precinct_name": "Shelby - 008174", "precinct_full_name": "Memphis 64", "name20": "Memphis 64", "GEOID20": "47157008174"}, "geometry": {"type": "Point", "coordinates": [-89.89273699122096, 35.135656499999996]}}, {"type": "Feature", "properties": {"county_nam": "Shelby", "county_norm": "SHELBY", "prec_id": "008189", "precinct_norm": "SHELBY - 008189", "precinct_name": "Shelby - 008189", "precinct_full_name": "Memphis 72-3", "name20": "Memphis 72-3", "GEOID20": "47157008189"}, "geometry": {"type": "Point", "coordinates": [-89.9791218911972, 35.2221945]}}, {"type": "Feature", "properties": {"county_nam": "Shelby", "county_norm": "SHELBY", "prec_id": "008131", "precinct_norm": "SHELBY - 008131", "precinct_name": "Shelby - 008131", "precinct_full_name": "Memphis 42-1", "name20": "Memphis 42-1", "GEOID20": "47157008131"}, "geometry": {"type": "Point", "coordinates": [-89.97324826641949, 35.1778395]}}, {"type": "Feature", "properties": {"county_nam": "Shelby", "county_norm": "SHELBY", "prec_id": "008119", "precinct_norm": "SHELBY - 008119", "precinct_name": "Shelby - 008119", "precinct_full_name": "Memphis 33", "name20": "Memphis 33", "GEOID20": "47157008119"}, "geometry": {"type": "Point", "coordinates": [-89.97568516158753, 35.143385]}}, {"type": "Feature", "properties": {"county_nam": "Shelby", "county_norm": "SHELBY", "prec_id": "008190", "precinct_norm": "SHELBY - 008190", "precinct_name": "Shelby - 008190", "precinct_full_name": "Memphis 72-7", "name20": "Memphis 72-7", "GEOID20": "47157008190"}, "geometry": {"type": "Point", "coordinates": [-89.98144802409723, 35.194649]}}, {"type": "Feature", "properties": {"county_nam": "Shelby", "county_norm": "SHELBY", "prec_id": "008109", "precinct_norm": "SHELBY - 008109", "precinct_name": "Shelby - 008109", "precinct_full_name": "Memphis 20-1", "name20": "Memphis 20-1", "GEOID20": "47157008109"}, "geometry": {"type": "Point", "coordinates": [-89.99793456202046, 35.146047499999995]}}, {"type": "Feature", "properties": {"county_nam": "Shelby", "county_norm": "SHELBY", "prec_id": "008130", "precinct_norm": "SHELBY - 008130", "precinct_name": "Shelby - 008130", "precinct_full_name": "Memphis 41-3", "name20": "Memphis 41-3", "GEOID20": "47157008130"}, "geometry": {"type": "Point", "coordinates": [-89.98315444660193, 35.168507000000005]}}, {"type": "Feature", "properties": {"county_nam": "Shelby", "county_norm": "SHELBY", "prec_id": "008125", "precinct_norm": "SHELBY - 008125", "precinct_name": "Shelby - 008125", "precinct_full_name": "Memphis 37", "name20": "Memphis 37", "GEOID20": "47157008125"}, "geometry": {"type": "Point", "coordinates": [-89.96384552393259, 35.148634]}}, {"type": "Feature", "properties": {"county_nam": "Shelby", "county_norm": "SHELBY", "prec_id": "008145", "precinct_norm": "SHELBY - 008145", "precinct_name": "Shelby - 008145", "precinct_full_name": "Memphis 50-1", "name20": "Memphis 50-1", "GEOID20": "47157008145"}, "geometry": {"type": "Point", "coordinates": [-90.15479841647745, 35.0640645]}}, {"type": "Feature", "properties": {"county_nam": "Shelby", "county_norm": "SHELBY", "prec_id": "008265", "precinct_norm": "SHELBY - 008265", "precinct_name": "Shelby - 008265", "precinct_full_name": "Ross Store 05", "name20": "Ross Store 05", "GEOID20": "47157008265"}, "geometry": {"type": "Point", "coordinates": [-89.81496517594044, 35.0335535]}}, {"type": "Feature", "properties": {"county_nam": "Shelby", "county_norm": "SHELBY", "prec_id": "008245", "precinct_norm": "SHELBY - 008245", "precinct_name": "Shelby - 008245", "precinct_full_name": "Memphis 93-1", "name20": "Memphis 93-1", "GEOID20": "47157008245"}, "geometry": {"type": "Point", "coordinates": [-89.8389635, 35.059908]}}, {"type": "Feature", "properties": {"county_nam": "Shelby", "county_norm": "SHELBY", "prec_id": "008266", "precinct_norm": "SHELBY - 008266", "precinct_name": "Shelby - 008266", "precinct_full_name": "Ross Store 13", "name20": "Ross Store 13", "GEOID20": "47157008266"}, "geometry": {"type": "Point", "coordinates": [-89.85161853909267, 35.007220000000004]}}, {"type": "Feature", "properties": {"county_nam": "Shelby", "county_norm": "SHELBY", "prec_id": "008167", "precinct_norm": "SHELBY - 008167", "precinct_name": "Shelby - 008167", "precinct_full_name": "Memphis 60-6", "name20": "Memphis 60-6", "GEOID20": "47157008167"}, "geometry": {"type": "Point", "coordinates": [-90.00267619794849, 35.0763915]}}, {"type": "Feature", "properties": {"county_nam": "Shelby", "county_norm": "SHELBY", "prec_id": "008268", "precinct_norm": "SHELBY - 008268", "precinct_name": "Shelby - 008268", "precinct_full_name": "Ross Store 15", "name20": "Ross Store 15", "GEOID20": "47157008268"}, "geometry": {"type": "Point", "coordinates": [-89.80175918371212, 35.0351705]}}, {"type": "Feature", "properties": {"county_nam": "Shelby", "county_norm": "SHELBY", "prec_id": "008221", "precinct_norm": "SHELBY - 008221", "precinct_name": "Shelby - 008221", "precinct_full_name": "Memphis 81-5", "name20": "Memphis 81-5", "GEOID20": "47157008221"}, "geometry": {"type": "Point", "coordinates": [-89.80997235627318, 35.058049499999996]}}, {"type": "Feature", "properties": {"county_nam": "Shelby", "county_norm": "SHELBY", "prec_id": "008267", "precinct_norm": "SHELBY - 008267", "precinct_name": "Shelby - 008267", "precinct_full_name": "Ross Store 14", "name20": "Ross Store 14", "GEOID20": "47157008267"}, "geometry": {"type": "Point", "coordinates": [-89.8130961550132, 35.000341500000005]}}, {"type": "Feature", "properties": {"county_nam": "Shelby", "county_norm": "SHELBY", "prec_id": "008144", "precinct_norm": "SHELBY - 008144", "precinct_name": "Shelby - 008144", "precinct_full_name": "Memphis 49", "name20": "Memphis 49", "GEOID20": "47157008144"}, "geometry": {"type": "Point", "coordinates": [-90.03980198198894, 35.091445500000006]}}, {"type": "Feature", "properties": {"county_nam": "Shelby", "county_norm": "SHELBY", "prec_id": "008164", "precinct_norm": "SHELBY - 008164", "precinct_name": "Shelby - 008164", "precinct_full_name": "Memphis 60-3", "name20": "Memphis 60-3", "GEOID20": "47157008164"}, "geometry": {"type": "Point", "coordinates": [-90.02029054426706, 35.081136]}}, {"type": "Feature", "properties": {"county_nam": "Shelby", "county_norm": "SHELBY", "prec_id": "008139", "precinct_norm": "SHELBY - 008139", "precinct_name": "Shelby - 008139", "precinct_full_name": "Memphis 45-4", "name20": "Memphis 45-4", "GEOID20": "47157008139"}, "geometry": {"type": "Point", "coordinates": [-89.95946435753177, 35.121865]}}, {"type": "Feature", "properties": {"county_nam": "Shelby", "county_norm": "SHELBY", "prec_id": "008117", "precinct_norm": "SHELBY - 008117", "precinct_name": "Shelby - 008117", "precinct_full_name": "Memphis 31-2", "name20": "Memphis 31-2", "GEOID20": "47157008117"}, "geometry": {"type": "Point", "coordinates": [-90.0007929243069, 35.1189335]}}, {"type": "Feature", "properties": {"county_nam": "Shelby", "county_norm": "SHELBY", "prec_id": "008170", "precinct_norm": "SHELBY - 008170", "precinct_name": "Shelby - 008170", "precinct_full_name": "Memphis 60-9", "name20": "Memphis 60-9", "GEOID20": "47157008170"}, "geometry": {"type": "Point", "coordinates": [-90.00730555305233, 35.10054]}}, {"type": "Feature", "properties": {"county_nam": "Shelby", "county_norm": "SHELBY", "prec_id": "008157", "precinct_norm": "SHELBY - 008157", "precinct_name": "Shelby - 008157", "precinct_full_name": "Memphis 57", "name20": "Memphis 57", "GEOID20": "47157008157"}, "geometry": {"type": "Point", "coordinates": [-89.91036818244909, 35.1223385]}}, {"type": "Feature", "properties": {"county_nam": "Shelby", "county_norm": "SHELBY", "prec_id": "008222", "precinct_norm": "SHELBY - 008222", "precinct_name": "Shelby - 008222", "precinct_full_name": "Memphis 81-7", "name20": "Memphis 81-7", "GEOID20": "47157008222"}, "geometry": {"type": "Point", "coordinates": [-89.84512727440386, 35.0731095]}}, {"type": "Feature", "properties": {"county_nam": "Shelby", "county_norm": "SHELBY", "prec_id": "008180", "precinct_norm": "SHELBY - 008180", "precinct_name": "Shelby - 008180", "precinct_full_name": "Memphis 68-3", "name20": "Memphis 68-3", "GEOID20": "47157008180"}, "geometry": {"type": "Point", "coordinates": [-89.8826341274671, 35.115235]}}, {"type": "Feature", "properties": {"county_nam": "Shelby", "county_norm": "SHELBY", "prec_id": "008158", "precinct_norm": "SHELBY - 008158", "precinct_name": "Shelby - 008158", "precinct_full_name": "Memphis 58-1", "name20": "Memphis 58-1", "GEOID20": "47157008158"}, "geometry": {"type": "Point", "coordinates": [-89.94003408079024, 35.098785500000005]}}, {"type": "Feature", "properties": {"county_nam": "Shelby", "county_norm": "SHELBY", "prec_id": "008159", "precinct_norm": "SHELBY - 008159", "precinct_name": "Shelby - 008159", "precinct_full_name": "Memphis 58-4", "name20": "Memphis 58-4", "GEOID20": "47157008159"}, "geometry": {"type": "Point", "coordinates": [-89.92384607487924, 35.0928505]}}, {"type": "Feature", "properties": {"county_nam": "Shelby", "county_norm": "SHELBY", "prec_id": "008121", "precinct_norm": "SHELBY - 008121", "precinct_name": "Shelby - 008121", "precinct_full_name": "Memphis 50-2", "name20": "Memphis 50-2", "GEOID20": "47157008121"}, "geometry": {"type": "Point", "coordinates": [-90.0604060669281, 35.0911895]}}, {"type": "Feature", "properties": {"county_nam": "Shelby", "county_norm": "SHELBY", "prec_id": "008107", "precinct_norm": "SHELBY - 008107", "precinct_name": "Shelby - 008107", "precinct_full_name": "Memphis 16-1", "name20": "Memphis 16-1", "GEOID20": "47157008107"}, "geometry": {"type": "Point", "coordinates": [-90.00024057486662, 35.132861500000004]}}, {"type": "Feature", "properties": {"county_nam": "Shelby", "county_norm": "SHELBY", "prec_id": "008211", "precinct_norm": "SHELBY - 008211", "precinct_name": "Shelby - 008211", "precinct_full_name": "Memphis 79-1", "name20": "Memphis 79-1", "GEOID20": "47157008211"}, "geometry": {"type": "Point", "coordinates": [-90.00750750635027, 35.0283105]}}, {"type": "Feature", "properties": {"county_nam": "Shelby", "county_norm": "SHELBY", "prec_id": "008204", "precinct_norm": "SHELBY - 008204", "precinct_name": "Shelby - 008204", "precinct_full_name": "Memphis 76-4", "name20": "Memphis 76-4", "GEOID20": "47157008204"}, "geometry": {"type": "Point", "coordinates": [-90.05255731323338, 35.030026500000005]}}, {"type": "Feature", "properties": {"county_nam": "Shelby", "county_norm": "SHELBY", "prec_id": "008207", "precinct_norm": "SHELBY - 008207", "precinct_name": "Shelby - 008207", "precinct_full_name": "Memphis 77-1", "name20": "Memphis 77-1", "GEOID20": "47157008207"}, "geometry": {"type": "Point", "coordinates": [-90.04252855432895, 35.0551065]}}, {"type": "Feature", "properties": {"county_nam": "Shelby", "county_norm": "SHELBY", "prec_id": "008205", "precinct_norm": "SHELBY - 008205", "precinct_name": "Shelby - 008205", "precinct_full_name": "Memphis 76-5", "name20": "Memphis 76-5", "GEOID20": "47157008205"}, "geometry": {"type": "Point", "coordinates": [-90.0602538391293, 35.007517500000006]}}, {"type": "Feature", "properties": {"county_nam": "Shelby", "county_norm": "SHELBY", "prec_id": "008206", "precinct_norm": "SHELBY - 008206", "precinct_name": "Shelby - 008206", "precinct_full_name": "Memphis 76-6", "name20": "Memphis 76-6", "GEOID20": "47157008206"}, "geometry": {"type": "Point", "coordinates": [-90.04453683001285, 35.0174605]}}, {"type": "Feature", "properties": {"county_nam": "Shelby", "county_norm": "SHELBY", "prec_id": "008201", "precinct_norm": "SHELBY - 008201", "precinct_name": "Shelby - 008201", "precinct_full_name": "Memphis 75-11", "name20": "Memphis 75-11", "GEOID20": "47157008201"}, "geometry": {"type": "Point", "coordinates": [-90.08233128849558, 35.013325]}}, {"type": "Feature", "properties": {"county_nam": "Shelby", "county_norm": "SHELBY", "prec_id": "008244", "precinct_norm": "SHELBY - 008244", "precinct_name": "Shelby - 008244", "precinct_full_name": "Memphis 94-6", "name20": "Memphis 94-6", "GEOID20": "47157008244"}, "geometry": {"type": "Point", "coordinates": [-89.88544220293396, 35.0278445]}}, {"type": "Feature", "properties": {"county_nam": "Shelby", "county_norm": "SHELBY", "prec_id": "008166", "precinct_norm": "SHELBY - 008166", "precinct_name": "Shelby - 008166", "precinct_full_name": "Memphis 60-5", "name20": "Memphis 60-5", "GEOID20": "47157008166"}, "geometry": {"type": "Point", "coordinates": [-89.947274, 35.048452499999996]}}, {"type": "Feature", "properties": {"county_nam": "Shelby", "county_norm": "SHELBY", "prec_id": "008214", "precinct_norm": "SHELBY - 008214", "precinct_name": "Shelby - 008214", "precinct_full_name": "Memphis 79-7", "name20": "Memphis 79-7", "GEOID20": "47157008214"}, "geometry": {"type": "Point", "coordinates": [-89.99872255907172, 35.013856000000004]}}, {"type": "Feature", "properties": {"county_nam": "Shelby", "county_norm": "SHELBY", "prec_id": "008243", "precinct_norm": "SHELBY - 008243", "precinct_name": "Shelby - 008243", "precinct_full_name": "Memphis 92-1", "name20": "Memphis 92-1", "GEOID20": "47157008243"}, "geometry": {"type": "Point", "coordinates": [-89.8783421863769, 35.045721]}}, {"type": "Feature", "properties": {"county_nam": "Shelby", "county_norm": "SHELBY", "prec_id": "008213", "precinct_norm": "SHELBY - 008213", "precinct_name": "Shelby - 008213", "precinct_full_name": "Memphis 79-3", "name20": "Memphis 79-3", "GEOID20": "47157008213"}, "geometry": {"type": "Point", "coordinates": [-90.01647383464567, 35.000813]}}, {"type": "Feature", "properties": {"county_nam": "Shelby", "county_norm": "SHELBY", "prec_id": "008191", "precinct_norm": "SHELBY - 008191", "precinct_name": "Shelby - 008191", "precinct_full_name": "Memphis 73-1", "name20": "Memphis 73-1", "GEOID20": "47157008191"}, "geometry": {"type": "Point", "coordinates": [-89.94314488502265, 35.066722]}}, {"type": "Feature", "properties": {"county_nam": "Shelby", "county_norm": "SHELBY", "prec_id": "008260", "precinct_norm": "SHELBY - 008260", "precinct_name": "Shelby - 008260", "precinct_full_name": "Millington 1", "name20": "Millington 1", "GEOID20": "47157008260"}, "geometry": {"type": "Point", "coordinates": [-90.00028209304453, 35.347181500000005]}}, {"type": "Feature", "properties": {"county_nam": "Shelby", "county_norm": "SHELBY", "prec_id": "008098", "precinct_norm": "SHELBY - 008098", "precinct_name": "Shelby - 008098", "precinct_full_name": "Lucy 1", "name20": "Lucy 1", "GEOID20": "47157008098"}, "geometry": {"type": "Point", "coordinates": [-89.96232489668573, 35.289193999999995]}}, {"type": "Feature", "properties": {"county_nam": "Shelby", "county_norm": "SHELBY", "prec_id": "008270", "precinct_norm": "SHELBY - 008270", "precinct_name": "Shelby - 008270", "precinct_full_name": "Stewartville", "name20": "Stewartville", "GEOID20": "47157008270"}, "geometry": {"type": "Point", "coordinates": [-89.73510926969011, 35.340655999999996]}}, {"type": "Feature", "properties": {"county_nam": "Shelby", "county_norm": "SHELBY", "prec_id": "008261", "precinct_norm": "SHELBY - 008261", "precinct_name": "Shelby - 008261", "precinct_full_name": "Millington 2", "name20": "Millington 2", "GEOID20": "47157008261"}, "geometry": {"type": "Point", "coordinates": [-89.84688131324702, 35.3356965]}}, {"type": "Feature", "properties": {"county_nam": "Shelby", "county_norm": "SHELBY", "prec_id": "008061", "precinct_norm": "SHELBY - 008061", "precinct_name": "Shelby - 008061", "precinct_full_name": "Memphis 87-2", "name20": "Memphis 87-2", "GEOID20": "47157008061"}, "geometry": {"type": "Point", "coordinates": [-89.90915776107595, 35.252627000000004]}}, {"type": "Feature", "properties": {"county_nam": "Shelby", "county_norm": "SHELBY", "prec_id": "008051", "precinct_norm": "SHELBY - 008051", "precinct_name": "Shelby - 008051", "precinct_full_name": "ARL-01", "name20": "ARL-01", "GEOID20": "47157008051"}, "geometry": {"type": "Point", "coordinates": [-89.65616713745258, 35.2933685]}}, {"type": "Feature", "properties": {"county_nam": "Shelby", "county_norm": "SHELBY", "prec_id": "008052", "precinct_norm": "SHELBY - 008052", "precinct_name": "Shelby - 008052", "precinct_full_name": "ARL-02", "name20": "ARL-02", "GEOID20": "47157008052"}, "geometry": {"type": "Point", "coordinates": [-89.68404026519757, 35.2567365]}}, {"type": "Feature", "properties": {"county_nam": "Shelby", "county_norm": "SHELBY", "prec_id": "008079", "precinct_norm": "SHELBY - 008079", "precinct_name": "Shelby - 008079", "precinct_full_name": "Memphis 96-2", "name20": "Memphis 96-2", "GEOID20": "47157008079"}, "geometry": {"type": "Point", "coordinates": [-89.77470669652908, 35.191015]}}, {"type": "Feature", "properties": {"county_nam": "Shelby", "county_norm": "SHELBY", "prec_id": "008100", "precinct_norm": "SHELBY - 008100", "precinct_name": "Shelby - 008100", "precinct_full_name": "McConnells", "name20": "McConnells", "GEOID20": "47157008100"}, "geometry": {"type": "Point", "coordinates": [-90.08575081215723, 35.274321]}}, {"type": "Feature", "properties": {"county_nam": "Shelby", "county_norm": "SHELBY", "prec_id": "008259", "precinct_norm": "SHELBY - 008259", "precinct_name": "Shelby - 008259", "precinct_full_name": "Memphis 96-1", "name20": "Memphis 96-1", "GEOID20": "47157008259"}, "geometry": {"type": "Point", "coordinates": [-89.72432085528573, 35.1943835]}}, {"type": "Feature", "properties": {"county_nam": "Shelby", "county_norm": "SHELBY", "prec_id": "008262", "precinct_norm": "SHELBY - 008262", "precinct_name": "Shelby - 008262", "precinct_full_name": "Morning Sun 01", "name20": "Morning Sun 01", "GEOID20": "47157008262"}, "geometry": {"type": "Point", "coordinates": [-89.74121804855784, 35.17766]}}, {"type": "Feature", "properties": {"county_nam": "Shelby", "county_norm": "SHELBY", "prec_id": "008099", "precinct_norm": "SHELBY - 008099", "precinct_name": "Shelby - 008099", "precinct_full_name": "Lucy 3", "name20": "Lucy 3", "GEOID20": "47157008099"}, "geometry": {"type": "Point", "coordinates": [-89.88548581409687, 35.287316000000004]}}, {"type": "Feature", "properties": {"county_nam": "Shelby", "county_norm": "SHELBY", "prec_id": "008071", "precinct_norm": "SHELBY - 008071", "precinct_name": "Shelby - 008071", "precinct_full_name": "Collierville 4", "name20": "Collierville 4", "GEOID20": "47157008071"}, "geometry": {"type": "Point", "coordinates": [-89.71130059347865, 35.057829999999996]}}, {"type": "Feature", "properties": {"county_nam": "Shelby", "county_norm": "SHELBY", "prec_id": "008257", "precinct_norm": "SHELBY - 008257", "precinct_name": "Shelby - 008257", "precinct_full_name": "Memphis 95-7", "name20": "Memphis 95-7", "GEOID20": "47157008257"}, "geometry": {"type": "Point", "coordinates": [-89.78670267267984, 35.1684365]}}, {"type": "Feature", "properties": {"county_nam": "Shelby", "county_norm": "SHELBY", "prec_id": "008072", "precinct_norm": "SHELBY - 008072", "precinct_name": "Shelby - 008072", "precinct_full_name": "Collierville 5", "name20": "Collierville 5", "GEOID20": "47157008072"}, "geometry": {"type": "Point", "coordinates": [-89.66992413352273, 35.0513]}}, {"type": "Feature", "properties": {"county_nam": "Shelby", "county_norm": "SHELBY", "prec_id": "008076", "precinct_norm": "SHELBY - 008076", "precinct_name": "Shelby - 008076", "precinct_full_name": "Cordova 3", "name20": "Cordova 3", "GEOID20": "47157008076"}, "geometry": {"type": "Point", "coordinates": [-89.7391027760055, 35.139125]}}, {"type": "Feature", "properties": {"county_nam": "Shelby", "county_norm": "SHELBY", "prec_id": "008069", "precinct_norm": "SHELBY - 008069", "precinct_name": "Shelby - 008069", "precinct_full_name": "Collierville 2", "name20": "Collierville 2", "GEOID20": "47157008069"}, "geometry": {"type": "Point", "coordinates": [-89.6981465, 35.036128500000004]}}, {"type": "Feature", "properties": {"county_nam": "Shelby", "county_norm": "SHELBY", "prec_id": "008070", "precinct_norm": "SHELBY - 008070", "precinct_name": "Shelby - 008070", "precinct_full_name": "Collierville 3", "name20": "Collierville 3", "GEOID20": "47157008070"}, "geometry": {"type": "Point", "coordinates": [-89.67688299221845, 35.064066]}}, {"type": "Feature", "properties": {"county_nam": "Shelby", "county_norm": "SHELBY", "prec_id": "008068", "precinct_norm": "SHELBY - 008068", "precinct_name": "Shelby - 008068", "precinct_full_name": "Collierville 1", "name20": "Collierville 1", "GEOID20": "47157008068"}, "geometry": {"type": "Point", "coordinates": [-89.65475807441018, 35.0663005]}}, {"type": "Feature", "properties": {"county_nam": "Shelby", "county_norm": "SHELBY", "prec_id": "008074", "precinct_norm": "SHELBY - 008074", "precinct_name": "Shelby - 008074", "precinct_full_name": "Collierville 7", "name20": "Collierville 7", "GEOID20": "47157008074"}, "geometry": {"type": "Point", "coordinates": [-89.68344598541114, 35.020173]}}, {"type": "Feature", "properties": {"county_nam": "Shelby", "county_norm": "SHELBY", "prec_id": "008081", "precinct_norm": "SHELBY - 008081", "precinct_name": "Shelby - 008081", "precinct_full_name": "Eads", "name20": "Eads", "GEOID20": "47157008081"}, "geometry": {"type": "Point", "coordinates": [-89.65905804824226, 35.151455]}}, {"type": "Feature", "properties": {"county_nam": "Shelby", "county_norm": "SHELBY", "prec_id": "008271", "precinct_norm": "SHELBY - 008271", "precinct_name": "Shelby - 008271", "precinct_full_name": "Collierville 9", "name20": "Collierville 9", "GEOID20": "47157008271"}, "geometry": {"type": "Point", "coordinates": [-89.65734156996714, 35.1002285]}}, {"type": "Feature", "properties": {"county_nam": "Shelby", "county_norm": "SHELBY", "prec_id": "008073", "precinct_norm": "SHELBY - 008073", "precinct_name": "Shelby - 008073", "precinct_full_name": "Collierville 6", "name20": "Collierville 6", "GEOID20": "47157008073"}, "geometry": {"type": "Point", "coordinates": [-89.71909114184061, 35.090111500000006]}}, {"type": "Feature", "properties": {"county_nam": "Shelby", "county_norm": "SHELBY", "prec_id": "008255", "precinct_norm": "SHELBY - 008255", "precinct_name": "Shelby - 008255", "precinct_full_name": "Memphis 95-5", "name20": "Memphis 95-5", "GEOID20": "47157008255"}, "geometry": {"type": "Point", "coordinates": [-89.79433010597114, 35.182109]}}, {"type": "Feature", "properties": {"county_nam": "Shelby", "county_norm": "SHELBY", "prec_id": "008258", "precinct_norm": "SHELBY - 008258", "precinct_name": "Shelby - 008258", "precinct_full_name": "Memphis 95-8", "name20": "Memphis 95-8", "GEOID20": "47157008258"}, "geometry": {"type": "Point", "coordinates": [-89.77292022916667, 35.173092499999996]}}, {"type": "Feature", "properties": {"county_nam": "Shelby", "county_norm": "SHELBY", "prec_id": "008263", "precinct_norm": "SHELBY - 008263", "precinct_name": "Shelby - 008263", "precinct_full_name": "Morning Sun 02", "name20": "Morning Sun 02", "GEOID20": "47157008263"}, "geometry": {"type": "Point", "coordinates": [-89.70291504957999, 35.15698999999999]}}, {"type": "Feature", "properties": {"county_nam": "Shelby", "county_norm": "SHELBY", "prec_id": "008075", "precinct_norm": "SHELBY - 008075", "precinct_name": "Shelby - 008075", "precinct_full_name": "Collierville 8", "name20": "Collierville 8", "GEOID20": "47157008075"}, "geometry": {"type": "Point", "coordinates": [-89.69401158079526, 35.0876255]}}, {"type": "Feature", "properties": {"county_nam": "Shelby", "county_norm": "SHELBY", "prec_id": "008064", "precinct_norm": "SHELBY - 008064", "precinct_name": "Shelby - 008064", "precinct_full_name": "Memphis 87-4", "name20": "Memphis 87-4", "GEOID20": "47157008064"}, "geometry": {"type": "Point", "coordinates": [-89.88016454885059, 35.247327]}}, {"type": "Feature", "properties": {"county_nam": "Shelby", "county_norm": "SHELBY", "prec_id": "008242", "precinct_norm": "SHELBY - 008242", "precinct_name": "Shelby - 008242", "precinct_full_name": "Memphis 91-2", "name20": "Memphis 91-2", "GEOID20": "47157008242"}, "geometry": {"type": "Point", "coordinates": [-89.77302722184066, 35.1415555]}}, {"type": "Feature", "properties": {"county_nam": "Shelby", "county_norm": "SHELBY", "prec_id": "008091", "precinct_norm": "SHELBY - 008091", "precinct_name": "Shelby - 008091", "precinct_full_name": "Germantown 08", "name20": "Germantown 08", "GEOID20": "47157008091"}, "geometry": {"type": "Point", "coordinates": [-89.76972520977012, 35.078643]}}, {"type": "Feature", "properties": {"county_nam": "Shelby", "county_norm": "SHELBY", "prec_id": "008093", "precinct_norm": "SHELBY - 008093", "precinct_name": "Shelby - 008093", "precinct_full_name": "Germantown 10", "name20": "Germantown 10", "GEOID20": "47157008093"}, "geometry": {"type": "Point", "coordinates": [-89.77738933783783, 35.070662]}}, {"type": "Feature", "properties": {"county_nam": "Shelby", "county_norm": "SHELBY", "prec_id": "008078", "precinct_norm": "SHELBY - 008078", "precinct_name": "Shelby - 008078", "precinct_full_name": "Cordova 5", "name20": "Cordova 5", "GEOID20": "47157008078"}, "geometry": {"type": "Point", "coordinates": [-89.82819476055735, 35.163168]}}, {"type": "Feature", "properties": {"county_nam": "Shelby", "county_norm": "SHELBY", "prec_id": "008237", "precinct_norm": "SHELBY - 008237", "precinct_name": "Shelby - 008237", "precinct_full_name": "Memphis 89-2", "name20": "Memphis 89-2", "GEOID20": "47157008237"}, "geometry": {"type": "Point", "coordinates": [-89.8299111995245, 35.145696]}}, {"type": "Feature", "properties": {"county_nam": "Shelby", "county_norm": "SHELBY", "prec_id": "008063", "precinct_norm": "SHELBY - 008063", "precinct_name": "Shelby - 008063", "precinct_full_name": "Bartlett 13", "name20": "Bartlett 13", "GEOID20": "47157008063"}, "geometry": {"type": "Point", "coordinates": [-89.8524167816795, 35.254694]}}, {"type": "Feature", "properties": {"county_nam": "Shelby", "county_norm": "SHELBY", "prec_id": "008256", "precinct_norm": "SHELBY - 008256", "precinct_name": "Shelby - 008256", "precinct_full_name": "Memphis 95-6", "name20": "Memphis 95-6", "GEOID20": "47157008256"}, "geometry": {"type": "Point", "coordinates": [-89.80352555091633, 35.163585]}}, {"type": "Feature", "properties": {"county_nam": "Shelby", "county_norm": "SHELBY", "prec_id": "008094", "precinct_norm": "SHELBY - 008094", "precinct_name": "Shelby - 008094", "precinct_full_name": "Germantown 11", "name20": "Germantown 11", "GEOID20": "47157008094"}, "geometry": {"type": "Point", "coordinates": [-89.74465434539474, 35.0747205]}}, {"type": "Feature", "properties": {"county_nam": "Shelby", "county_norm": "SHELBY", "prec_id": "008252", "precinct_norm": "SHELBY - 008252", "precinct_name": "Shelby - 008252", "precinct_full_name": "Memphis 95-1", "name20": "Memphis 95-1", "GEOID20": "47157008252"}, "geometry": {"type": "Point", "coordinates": [-89.81802710442865, 35.1954065]}}, {"type": "Feature", "properties": {"county_nam": "Shelby", "county_norm": "SHELBY", "prec_id": "008183", "precinct_norm": "SHELBY - 008183", "precinct_name": "Shelby - 008183", "precinct_full_name": "Memphis 70-1", "name20": "Memphis 70-1", "GEOID20": "47157008183"}, "geometry": {"type": "Point", "coordinates": [-89.9997842435494, 35.215614]}}, {"type": "Feature", "properties": {"county_nam": "Shelby", "county_norm": "SHELBY", "prec_id": "008060", "precinct_norm": "SHELBY - 008060", "precinct_name": "Shelby - 008060", "precinct_full_name": "Bartlett 11", "name20": "Bartlett 11", "GEOID20": "47157008060"}, "geometry": {"type": "Point", "coordinates": [-89.80834325105783, 35.232569]}}, {"type": "Feature", "properties": {"county_nam": "Shelby", "county_norm": "SHELBY", "prec_id": "008096", "precinct_norm": "SHELBY - 008096", "precinct_name": "Shelby - 008096", "precinct_full_name": "Lakeland 1", "name20": "Lakeland 1", "GEOID20": "47157008096"}, "geometry": {"type": "Point", "coordinates": [-89.73021512527413, 35.2433055]}}, {"type": "Feature", "properties": {"county_nam": "Shelby", "county_norm": "SHELBY", "prec_id": "008083", "precinct_norm": "SHELBY - 008083", "precinct_name": "Shelby - 008083", "precinct_full_name": "Forest Hills 2", "name20": "Forest Hills 2", "GEOID20": "47157008083"}, "geometry": {"type": "Point", "coordinates": [-89.7375639198651, 35.013912000000005]}}, {"type": "Feature", "properties": {"county_nam": "Shelby", "county_norm": "SHELBY", "prec_id": "008182", "precinct_norm": "SHELBY - 008182", "precinct_name": "Shelby - 008182", "precinct_full_name": "Memphis 69-2", "name20": "Memphis 69-2", "GEOID20": "47157008182"}, "geometry": {"type": "Point", "coordinates": [-90.08003985924378, 35.190371]}}, {"type": "Feature", "properties": {"county_nam": "Knox", "county_norm": "KNOX", "prec_id": "004851", "precinct_norm": "KNOX - 004851", "precinct_name": "Knox - 004851", "precinct_full_name": "68-E", "name20": "68-E", "GEOID20": "47093004851"}, "geometry": {"type": "Point", "coordinates": [-84.0792720102061, 35.9273915]}}, {"type": "Feature", "properties": {"county_nam": "Knox", "county_norm": "KNOX", "prec_id": "004841", "precinct_norm": "KNOX - 004841", "precinct_name": "Knox - 004841", "precinct_full_name": "65-W", "name20": "65-W", "GEOID20": "47093004841"}, "geometry": {"type": "Point", "coordinates": [-84.16328746544502, 35.829451]}}, {"type": "Feature", "properties": {"county_nam": "Knox", "county_norm": "KNOX", "prec_id": "004803", "precinct_norm": "KNOX - 004803", "precinct_name": "Knox - 004803", "precinct_full_name": "41", "name20": "41", "GEOID20": "47093004803"}, "geometry": {"type": "Point", "coordinates": [-83.98167274869743, 35.994141]}}, {"type": "Feature", "properties": {"county_nam": "Knox", "county_norm": "KNOX", "prec_id": "004857", "precinct_norm": "KNOX - 004857", "precinct_name": "Knox - 004857", "precinct_full_name": "43", "name20": "43", "GEOID20": "47093004857"}, "geometry": {"type": "Point", "coordinates": [-83.99416962940276, 35.9731715]}}, {"type": "Feature", "properties": {"county_nam": "Knox", "county_norm": "KNOX", "prec_id": "004824", "precinct_norm": "KNOX - 004824", "precinct_name": "Knox - 004824", "precinct_full_name": "90", "name20": "90", "GEOID20": "47093004824"}, "geometry": {"type": "Point", "coordinates": [-83.87752455084566, 35.880291]}}, {"type": "Feature", "properties": {"county_nam": "Knox", "county_norm": "KNOX", "prec_id": "004822", "precinct_norm": "KNOX - 004822", "precinct_name": "Knox - 004822", "precinct_full_name": "92", "name20": "92", "GEOID20": "47093004822"}, "geometry": {"type": "Point", "coordinates": [-83.74807129054005, 35.927557500000006]}}, {"type": "Feature", "properties": {"county_nam": "Knox", "county_norm": "KNOX", "prec_id": "004838", "precinct_norm": "KNOX - 004838", "precinct_name": "Knox - 004838", "precinct_full_name": "46", "name20": "46", "GEOID20": "47093004838"}, "geometry": {"type": "Point", "coordinates": [-84.04886986463731, 35.9417195]}}, {"type": "Feature", "properties": {"county_nam": "Knox", "county_norm": "KNOX", "prec_id": "004837", "precinct_norm": "KNOX - 004837", "precinct_name": "Knox - 004837", "precinct_full_name": "47", "name20": "47", "GEOID20": "47093004837"}, "geometry": {"type": "Point", "coordinates": [-84.03232855365295, 35.9246825]}}, {"type": "Feature", "properties": {"county_nam": "Knox", "county_norm": "KNOX", "prec_id": "004807", "precinct_norm": "KNOX - 004807", "precinct_name": "Knox - 004807", "precinct_full_name": "69-E", "name20": "69-E", "GEOID20": "47093004807"}, "geometry": {"type": "Point", "coordinates": [-84.05181352376599, 35.8844725]}}, {"type": "Feature", "properties": {"county_nam": "Knox", "county_norm": "KNOX", "prec_id": "004893", "precinct_norm": "KNOX - 004893", "precinct_name": "Knox - 004893", "precinct_full_name": "10-W", "name20": "10-W", "GEOID20": "47093004893"}, "geometry": {"type": "Point", "coordinates": [-83.94184911666667, 35.94716]}}, {"type": "Feature", "properties": {"county_nam": "Knox", "county_norm": "KNOX", "prec_id": "004839", "precinct_norm": "KNOX - 004839", "precinct_name": "Knox - 004839", "precinct_full_name": "69-S", "name20": "69-S", "GEOID20": "47093004839"}, "geometry": {"type": "Point", "coordinates": [-84.05197761941581, 35.854573]}}, {"type": "Feature", "properties": {"county_nam": "Knox", "county_norm": "KNOX", "prec_id": "004836", "precinct_norm": "KNOX - 004836", "precinct_name": "Knox - 004836", "precinct_full_name": "51", "name20": "51", "GEOID20": "47093004836"}, "geometry": {"type": "Point", "coordinates": [-84.01318880362427, 35.916852]}}, {"type": "Feature", "properties": {"county_nam": "Knox", "county_norm": "KNOX", "prec_id": "004835", "precinct_norm": "KNOX - 004835", "precinct_name": "Knox - 004835", "precinct_full_name": "71", "name20": "71", "GEOID20": "47093004835"}, "geometry": {"type": "Point", "coordinates": [-83.99729506545727, 35.895557499999995]}}, {"type": "Feature", "properties": {"county_nam": "Knox", "county_norm": "KNOX", "prec_id": "004834", "precinct_norm": "KNOX - 004834", "precinct_name": "Knox - 004834", "precinct_full_name": "49", "name20": "49", "GEOID20": "47093004834"}, "geometry": {"type": "Point", "coordinates": [-83.99039935293416, 35.9327335]}}, {"type": "Feature", "properties": {"county_nam": "Knox", "county_norm": "KNOX", "prec_id": "004844", "precinct_norm": "KNOX - 004844", "precinct_name": "Knox - 004844", "precinct_full_name": "62", "name20": "62", "GEOID20": "47093004844"}, "geometry": {"type": "Point", "coordinates": [-84.21908236134064, 35.9161835]}}, {"type": "Feature", "properties": {"county_nam": "Knox", "county_norm": "KNOX", "prec_id": "004846", "precinct_norm": "KNOX - 004846", "precinct_name": "Knox - 004846", "precinct_full_name": "64", "name20": "64", "GEOID20": "47093004846"}, "geometry": {"type": "Point", "coordinates": [-84.18190909848485, 35.96516]}}, {"type": "Feature", "properties": {"county_nam": "Knox", "county_norm": "KNOX", "prec_id": "004848", "precinct_norm": "KNOX - 004848", "precinct_name": "Knox - 004848", "precinct_full_name": "63", "name20": "63", "GEOID20": "47093004848"}, "geometry": {"type": "Point", "coordinates": [-84.07597965548534, 35.9930735]}}, {"type": "Feature", "properties": {"county_nam": "Knox", "county_norm": "KNOX", "prec_id": "004832", "precinct_norm": "KNOX - 004832", "precinct_name": "Knox - 004832", "precinct_full_name": "10-S", "name20": "10-S", "GEOID20": "47093004832"}, "geometry": {"type": "Point", "coordinates": [-83.93209136887461, 35.9504635]}}, {"type": "Feature", "properties": {"county_nam": "Knox", "county_norm": "KNOX", "prec_id": "004801", "precinct_norm": "KNOX - 004801", "precinct_name": "Knox - 004801", "precinct_full_name": "48", "name20": "48", "GEOID20": "47093004801"}, "geometry": {"type": "Point", "coordinates": [-83.9966661325524, 35.953697500000004]}}, {"type": "Feature", "properties": {"county_nam": "Knox", "county_norm": "KNOX", "prec_id": "004833", "precinct_norm": "KNOX - 004833", "precinct_name": "Knox - 004833", "precinct_full_name": "24-Q", "name20": "24-Q", "GEOID20": "47093004833"}, "geometry": {"type": "Point", "coordinates": [-83.96805020358056, 35.9397545]}}, {"type": "Feature", "properties": {"county_nam": "Knox", "county_norm": "KNOX", "prec_id": "004845", "precinct_norm": "KNOX - 004845", "precinct_name": "Knox - 004845", "precinct_full_name": "65-N", "name20": "65-N", "GEOID20": "47093004845"}, "geometry": {"type": "Point", "coordinates": [-84.16161247452294, 35.916315499999996]}}, {"type": "Feature", "properties": {"county_nam": "Knox", "county_norm": "KNOX", "prec_id": "004847", "precinct_norm": "KNOX - 004847", "precinct_name": "Knox - 004847", "precinct_full_name": "70-W", "name20": "70-W", "GEOID20": "47093004847"}, "geometry": {"type": "Point", "coordinates": [-84.13957199793046, 35.9316965]}}, {"type": "Feature", "properties": {"county_nam": "Knox", "county_norm": "KNOX", "prec_id": "004828", "precinct_norm": "KNOX - 004828", "precinct_name": "Knox - 004828", "precinct_full_name": "70-E", "name20": "70-E", "GEOID20": "47093004828"}, "geometry": {"type": "Point", "coordinates": [-84.10291109827551, 35.966149]}}, {"type": "Feature", "properties": {"county_nam": "Knox", "county_norm": "KNOX", "prec_id": "004849", "precinct_norm": "KNOX - 004849", "precinct_name": "Knox - 004849", "precinct_full_name": "63-N", "name20": "63-N", "GEOID20": "47093004849"}, "geometry": {"type": "Point", "coordinates": [-84.0921669854369, 36.006991]}}, {"type": "Feature", "properties": {"county_nam": "Knox", "county_norm": "KNOX", "prec_id": "004856", "precinct_norm": "KNOX - 004856", "precinct_name": "Knox - 004856", "precinct_full_name": "42", "name20": "42", "GEOID20": "47093004856"}, "geometry": {"type": "Point", "coordinates": [-84.01003617029679, 35.984263]}}, {"type": "Feature", "properties": {"county_nam": "Knox", "county_norm": "KNOX", "prec_id": "004806", "precinct_norm": "KNOX - 004806", "precinct_name": "Knox - 004806", "precinct_full_name": "40", "name20": "40", "GEOID20": "47093004806"}, "geometry": {"type": "Point", "coordinates": [-84.00262564668753, 35.998423]}}, {"type": "Feature", "properties": {"county_nam": "Knox", "county_norm": "KNOX", "prec_id": "004888", "precinct_norm": "KNOX - 004888", "precinct_name": "Knox - 004888", "precinct_full_name": "72", "name20": "72", "GEOID20": "47093004888"}, "geometry": {"type": "Point", "coordinates": [-83.99707175603297, 36.0267295]}}, {"type": "Feature", "properties": {"county_nam": "Knox", "county_norm": "KNOX", "prec_id": "004892", "precinct_norm": "KNOX - 004892", "precinct_name": "Knox - 004892", "precinct_full_name": "73", "name20": "73", "GEOID20": "47093004892"}, "geometry": {"type": "Point", "coordinates": [-84.03176670825322, 36.0422205]}}, {"type": "Feature", "properties": {"county_nam": "Knox", "county_norm": "KNOX", "prec_id": "004895", "precinct_norm": "KNOX - 004895", "precinct_name": "Knox - 004895", "precinct_full_name": "58-N", "name20": "58-N", "GEOID20": "47093004895"}, "geometry": {"type": "Point", "coordinates": [-83.9984252434793, 36.106226]}}, {"type": "Feature", "properties": {"county_nam": "Knox", "county_norm": "KNOX", "prec_id": "004808", "precinct_norm": "KNOX - 004808", "precinct_name": "Knox - 004808", "precinct_full_name": "84", "name20": "84", "GEOID20": "47093004808"}, "geometry": {"type": "Point", "coordinates": [-83.8237685555604, 36.0861265]}}, {"type": "Feature", "properties": {"county_nam": "Knox", "county_norm": "KNOX", "prec_id": "004819", "precinct_norm": "KNOX - 004819", "precinct_name": "Knox - 004819", "precinct_full_name": "78", "name20": "78", "GEOID20": "47093004819"}, "geometry": {"type": "Point", "coordinates": [-83.76467259865294, 35.9663165]}}, {"type": "Feature", "properties": {"county_nam": "Knox", "county_norm": "KNOX", "prec_id": "004811", "precinct_norm": "KNOX - 004811", "precinct_name": "Knox - 004811", "precinct_full_name": "60", "name20": "60", "GEOID20": "47093004811"}, "geometry": {"type": "Point", "coordinates": [-83.92788436707318, 36.133234]}}, {"type": "Feature", "properties": {"county_nam": "Knox", "county_norm": "KNOX", "prec_id": "004818", "precinct_norm": "KNOX - 004818", "precinct_name": "Knox - 004818", "precinct_full_name": "76", "name20": "76", "GEOID20": "47093004818"}, "geometry": {"type": "Point", "coordinates": [-83.78565829518072, 36.03218]}}, {"type": "Feature", "properties": {"county_nam": "Knox", "county_norm": "KNOX", "prec_id": "004812", "precinct_norm": "KNOX - 004812", "precinct_name": "Knox - 004812", "precinct_full_name": "81", "name20": "81", "GEOID20": "47093004812"}, "geometry": {"type": "Point", "coordinates": [-83.86094621315522, 36.1198445]}}, {"type": "Feature", "properties": {"county_nam": "Knox", "county_norm": "KNOX", "prec_id": "004820", "precinct_norm": "KNOX - 004820", "precinct_name": "Knox - 004820", "precinct_full_name": "79", "name20": "79", "GEOID20": "47093004820"}, "geometry": {"type": "Point", "coordinates": [-83.77316149061434, 35.986200999999994]}}, {"type": "Feature", "properties": {"county_nam": "Knox", "county_norm": "KNOX", "prec_id": "004814", "precinct_norm": "KNOX - 004814", "precinct_name": "Knox - 004814", "precinct_full_name": "85", "name20": "85", "GEOID20": "47093004814"}, "geometry": {"type": "Point", "coordinates": [-83.74437487660754, 36.086794999999995]}}, {"type": "Feature", "properties": {"county_nam": "Knox", "county_norm": "KNOX", "prec_id": "004816", "precinct_norm": "KNOX - 004816", "precinct_name": "Knox - 004816", "precinct_full_name": "82", "name20": "82", "GEOID20": "47093004816"}, "geometry": {"type": "Point", "coordinates": [-83.81468049916944, 36.044448]}}, {"type": "Feature", "properties": {"county_nam": "Knox", "county_norm": "KNOX", "prec_id": "004821", "precinct_norm": "KNOX - 004821", "precinct_name": "Knox - 004821", "precinct_full_name": "77", "name20": "77", "GEOID20": "47093004821"}, "geometry": {"type": "Point", "coordinates": [-83.82899864193226, 35.9741295]}}, {"type": "Feature", "properties": {"county_nam": "Knox", "county_norm": "KNOX", "prec_id": "004813", "precinct_norm": "KNOX - 004813", "precinct_name": "Knox - 004813", "precinct_full_name": "80", "name20": "80", "GEOID20": "47093004813"}, "geometry": {"type": "Point", "coordinates": [-83.76365340576103, 36.125077000000005]}}, {"type": "Feature", "properties": {"county_nam": "Knox", "county_norm": "KNOX", "prec_id": "004817", "precinct_norm": "KNOX - 004817", "precinct_name": "Knox - 004817", "precinct_full_name": "87", "name20": "87", "GEOID20": "47093004817"}, "geometry": {"type": "Point", "coordinates": [-83.6807906637737, 35.9802085]}}, {"type": "Feature", "properties": {"county_nam": "Knox", "county_norm": "KNOX", "prec_id": "004890", "precinct_norm": "KNOX - 004890", "precinct_name": "Knox - 004890", "precinct_full_name": "56", "name20": "56", "GEOID20": "47093004890"}, "geometry": {"type": "Point", "coordinates": [-84.03870734581031, 36.0904245]}}, {"type": "Feature", "properties": {"county_nam": "Knox", "county_norm": "KNOX", "prec_id": "004891", "precinct_norm": "KNOX - 004891", "precinct_name": "Knox - 004891", "precinct_full_name": "58-S", "name20": "58-S", "GEOID20": "47093004891"}, "geometry": {"type": "Point", "coordinates": [-83.99873155133031, 36.073280499999996]}}, {"type": "Feature", "properties": {"county_nam": "Knox", "county_norm": "KNOX", "prec_id": "004810", "precinct_norm": "KNOX - 004810", "precinct_name": "Knox - 004810", "precinct_full_name": "57", "name20": "57", "GEOID20": "47093004810"}, "geometry": {"type": "Point", "coordinates": [-83.97198055539707, 36.148934499999996]}}, {"type": "Feature", "properties": {"county_nam": "Knox", "county_norm": "KNOX", "prec_id": "004815", "precinct_norm": "KNOX - 004815", "precinct_name": "Knox - 004815", "precinct_full_name": "86", "name20": "86", "GEOID20": "47093004815"}, "geometry": {"type": "Point", "coordinates": [-83.71912780263158, 36.033535]}}, {"type": "Feature", "properties": {"county_nam": "Rhea", "county_norm": "RHEA", "prec_id": "007351", "precinct_norm": "RHEA - 007351", "precinct_name": "Rhea - 007351", "precinct_full_name": "1-1 Spring City North", "name20": "1-1 Spring City North", "GEOID20": "47143007351"}, "geometry": {"type": "Point", "coordinates": [-84.77057731043959, 35.733123000000006]}}, {"type": "Feature", "properties": {"county_nam": "Rhea", "county_norm": "RHEA", "prec_id": "007352", "precinct_norm": "RHEA - 007352", "precinct_name": "Rhea - 007352", "precinct_full_name": "1-2 Grandview", "name20": "1-2 Grandview", "GEOID20": "47143007352"}, "geometry": {"type": "Point", "coordinates": [-84.86061139709335, 35.764035500000006]}}, {"type": "Feature", "properties": {"county_nam": "Rhea", "county_norm": "RHEA", "prec_id": "007353", "precinct_norm": "RHEA - 007353", "precinct_name": "Rhea - 007353", "precinct_full_name": "2-1 Spring City South", "name20": "2-1 Spring City South", "GEOID20": "47143007353"}, "geometry": {"type": "Point", "coordinates": [-84.92475351115024, 35.672757]}}, {"type": "Feature", "properties": {"county_nam": "Rhea", "county_norm": "RHEA", "prec_id": "007355", "precinct_norm": "RHEA - 007355", "precinct_name": "Rhea - 007355", "precinct_full_name": "3-2 Evensville North", "name20": "3-2 Evensville North", "GEOID20": "47143007355"}, "geometry": {"type": "Point", "coordinates": [-84.94748447169812, 35.6007235]}}, {"type": "Feature", "properties": {"county_nam": "Rhea", "county_norm": "RHEA", "prec_id": "007354", "precinct_norm": "RHEA - 007354", "precinct_name": "Rhea - 007354", "precinct_full_name": "3-1 Wolf Creek", "name20": "3-1 Wolf Creek", "GEOID20": "47143007354"}, "geometry": {"type": "Point", "coordinates": [-84.8234307650655, 35.6378085]}}, {"type": "Feature", "properties": {"county_nam": "Rhea", "county_norm": "RHEA", "prec_id": "007356", "precinct_norm": "RHEA - 007356", "precinct_name": "Rhea - 007356", "precinct_full_name": "4-1 Evensville South", "name20": "4-1 Evensville South", "GEOID20": "47143007356"}, "geometry": {"type": "Point", "coordinates": [-84.95277572429546, 35.556093000000004]}}, {"type": "Feature", "properties": {"county_nam": "Rhea", "county_norm": "RHEA", "prec_id": "007357", "precinct_norm": "RHEA - 007357", "precinct_name": "Rhea - 007357", "precinct_full_name": "5-1 Dayton North", "name20": "5-1 Dayton North", "GEOID20": "47143007357"}, "geometry": {"type": "Point", "coordinates": [-85.00815714723032, 35.509989000000004]}}, {"type": "Feature", "properties": {"county_nam": "Rhea", "county_norm": "RHEA", "prec_id": "007358", "precinct_norm": "RHEA - 007358", "precinct_name": "Rhea - 007358", "precinct_full_name": "6-1 Dayton West", "name20": "6-1 Dayton West", "GEOID20": "47143007358"}, "geometry": {"type": "Point", "coordinates": [-85.05056271888569, 35.476887500000004]}}, {"type": "Feature", "properties": {"county_nam": "Rhea", "county_norm": "RHEA", "prec_id": "007359", "precinct_norm": "RHEA - 007359", "precinct_name": "Rhea - 007359", "precinct_full_name": "7-1 Frazier", "name20": "7-1 Frazier", "GEOID20": "47143007359"}, "geometry": {"type": "Point", "coordinates": [-84.936749328125, 35.486816]}}, {"type": "Feature", "properties": {"county_nam": "Rhea", "county_norm": "RHEA", "prec_id": "007360", "precinct_norm": "RHEA - 007360", "precinct_name": "Rhea - 007360", "precinct_full_name": "8-1 Garrison", "name20": "8-1 Garrison", "GEOID20": "47143007360"}, "geometry": {"type": "Point", "coordinates": [-85.01698971058832, 35.453811]}}, {"type": "Feature", "properties": {"county_nam": "Rhea", "county_norm": "RHEA", "prec_id": "007362", "precinct_norm": "RHEA - 007362", "precinct_name": "Rhea - 007362", "precinct_full_name": "9-2 Waldens Ridge", "name20": "9-2 Waldens Ridge", "GEOID20": "47143007362"}, "geometry": {"type": "Point", "coordinates": [-85.08371297364613, 35.5228025]}}, {"type": "Feature", "properties": {"county_nam": "Rhea", "county_norm": "RHEA", "prec_id": "007361", "precinct_norm": "RHEA - 007361", "precinct_name": "Rhea - 007361", "precinct_full_name": "9-1 Graysville", "name20": "9-1 Graysville", "GEOID20": "47143007361"}, "geometry": {"type": "Point", "coordinates": [-85.08827189061753, 35.459024]}}, {"type": "Feature", "properties": {"county_nam": "Knox", "county_norm": "KNOX", "prec_id": "004870", "precinct_norm": "KNOX - 004870", "precinct_name": "Knox - 004870", "precinct_full_name": "31", "name20": "31", "GEOID20": "47093004870"}, "geometry": {"type": "Point", "coordinates": [-83.83742899183592, 36.006887500000005]}}, {"type": "Feature", "properties": {"county_nam": "Knox", "county_norm": "KNOX", "prec_id": "004872", "precinct_norm": "KNOX - 004872", "precinct_name": "Knox - 004872", "precinct_full_name": "32", "name20": "32", "GEOID20": "47093004872"}, "geometry": {"type": "Point", "coordinates": [-83.87249712571756, 36.019457]}}, {"type": "Feature", "properties": {"county_nam": "Knox", "county_norm": "KNOX", "prec_id": "004867", "precinct_norm": "KNOX - 004867", "precinct_name": "Knox - 004867", "precinct_full_name": "15", "name20": "15", "GEOID20": "47093004867"}, "geometry": {"type": "Point", "coordinates": [-83.9013053272173, 35.9899185]}}, {"type": "Feature", "properties": {"county_nam": "Knox", "county_norm": "KNOX", "prec_id": "004873", "precinct_norm": "KNOX - 004873", "precinct_name": "Knox - 004873", "precinct_full_name": "14", "name20": "14", "GEOID20": "47093004873"}, "geometry": {"type": "Point", "coordinates": [-83.8859863563231, 35.986917]}}, {"type": "Feature", "properties": {"county_nam": "Knox", "county_norm": "KNOX", "prec_id": "004871", "precinct_norm": "KNOX - 004871", "precinct_name": "Knox - 004871", "precinct_full_name": "13", "name20": "13", "GEOID20": "47093004871"}, "geometry": {"type": "Point", "coordinates": [-83.87316253427355, 36.0001185]}}, {"type": "Feature", "properties": {"county_nam": "Knox", "county_norm": "KNOX", "prec_id": "004865", "precinct_norm": "KNOX - 004865", "precinct_name": "Knox - 004865", "precinct_full_name": "12", "name20": "12", "GEOID20": "47093004865"}, "geometry": {"type": "Point", "coordinates": [-83.897785946423, 35.974185000000006]}}, {"type": "Feature", "properties": {"county_nam": "Knox", "county_norm": "KNOX", "prec_id": "004864", "precinct_norm": "KNOX - 004864", "precinct_name": "Knox - 004864", "precinct_full_name": "06", "name20": "06", "GEOID20": "47093004864"}, "geometry": {"type": "Point", "coordinates": [-83.91700713381744, 35.966204000000005]}}, {"type": "Feature", "properties": {"county_nam": "Knox", "county_norm": "KNOX", "prec_id": "004860", "precinct_norm": "KNOX - 004860", "precinct_name": "Knox - 004860", "precinct_full_name": "50-S", "name20": "50-S", "GEOID20": "47093004860"}, "geometry": {"type": "Point", "coordinates": [-83.966626421875, 35.954338]}}, {"type": "Feature", "properties": {"county_nam": "Knox", "county_norm": "KNOX", "prec_id": "004804", "precinct_norm": "KNOX - 004804", "precinct_name": "Knox - 004804", "precinct_full_name": "19-E", "name20": "19-E", "GEOID20": "47093004804"}, "geometry": {"type": "Point", "coordinates": [-83.95302595545911, 35.9870765]}}, {"type": "Feature", "properties": {"county_nam": "Knox", "county_norm": "KNOX", "prec_id": "004859", "precinct_norm": "KNOX - 004859", "precinct_name": "Knox - 004859", "precinct_full_name": "23", "name20": "23", "GEOID20": "47093004859"}, "geometry": {"type": "Point", "coordinates": [-83.96506969495849, 35.967263]}}, {"type": "Feature", "properties": {"county_nam": "Knox", "county_norm": "KNOX", "prec_id": "004868", "precinct_norm": "KNOX - 004868", "precinct_name": "Knox - 004868", "precinct_full_name": "30", "name20": "30", "GEOID20": "47093004868"}, "geometry": {"type": "Point", "coordinates": [-83.86973796727054, 35.978141]}}, {"type": "Feature", "properties": {"county_nam": "Knox", "county_norm": "KNOX", "prec_id": "004863", "precinct_norm": "KNOX - 004863", "precinct_name": "Knox - 004863", "precinct_full_name": "20", "name20": "20", "GEOID20": "47093004863"}, "geometry": {"type": "Point", "coordinates": [-83.94097847310925, 35.976773]}}, {"type": "Feature", "properties": {"county_nam": "Knox", "county_norm": "KNOX", "prec_id": "004861", "precinct_norm": "KNOX - 004861", "precinct_name": "Knox - 004861", "precinct_full_name": "09", "name20": "09", "GEOID20": "47093004861"}, "geometry": {"type": "Point", "coordinates": [-83.93993825190478, 35.966002]}}, {"type": "Feature", "properties": {"county_nam": "Knox", "county_norm": "KNOX", "prec_id": "004862", "precinct_norm": "KNOX - 004862", "precinct_name": "Knox - 004862", "precinct_full_name": "10-N", "name20": "10-N", "GEOID20": "47093004862"}, "geometry": {"type": "Point", "coordinates": [-83.9376982724431, 35.959044]}}, {"type": "Feature", "properties": {"county_nam": "Knox", "county_norm": "KNOX", "prec_id": "004894", "precinct_norm": "KNOX - 004894", "precinct_name": "Knox - 004894", "precinct_full_name": "19-W", "name20": "19-W", "GEOID20": "47093004894"}, "geometry": {"type": "Point", "coordinates": [-83.97009705040323, 35.984498]}}, {"type": "Feature", "properties": {"county_nam": "Knox", "county_norm": "KNOX", "prec_id": "004858", "precinct_norm": "KNOX - 004858", "precinct_name": "Knox - 004858", "precinct_full_name": "50-N", "name20": "50-N", "GEOID20": "47093004858"}, "geometry": {"type": "Point", "coordinates": [-83.9905034034091, 35.9620665]}}, {"type": "Feature", "properties": {"county_nam": "Knox", "county_norm": "KNOX", "prec_id": "004883", "precinct_norm": "KNOX - 004883", "precinct_name": "Knox - 004883", "precinct_full_name": "16", "name20": "16", "GEOID20": "47093004883"}, "geometry": {"type": "Point", "coordinates": [-83.90768853847572, 36.0051115]}}, {"type": "Feature", "properties": {"county_nam": "Knox", "county_norm": "KNOX", "prec_id": "004884", "precinct_norm": "KNOX - 004884", "precinct_name": "Knox - 004884", "precinct_full_name": "33", "name20": "33", "GEOID20": "47093004884"}, "geometry": {"type": "Point", "coordinates": [-83.89344442824287, 36.0253125]}}, {"type": "Feature", "properties": {"county_nam": "Knox", "county_norm": "KNOX", "prec_id": "004880", "precinct_norm": "KNOX - 004880", "precinct_name": "Knox - 004880", "precinct_full_name": "36", "name20": "36", "GEOID20": "47093004880"}, "geometry": {"type": "Point", "coordinates": [-83.936720003804, 36.04147]}}, {"type": "Feature", "properties": {"county_nam": "Knox", "county_norm": "KNOX", "prec_id": "004875", "precinct_norm": "KNOX - 004875", "precinct_name": "Knox - 004875", "precinct_full_name": "11", "name20": "11", "GEOID20": "47093004875"}, "geometry": {"type": "Point", "coordinates": [-83.92352280538107, 35.983376]}}, {"type": "Feature", "properties": {"county_nam": "Knox", "county_norm": "KNOX", "prec_id": "004881", "precinct_norm": "KNOX - 004881", "precinct_name": "Knox - 004881", "precinct_full_name": "35", "name20": "35", "GEOID20": "47093004881"}, "geometry": {"type": "Point", "coordinates": [-83.91430261864359, 36.050577000000004]}}, {"type": "Feature", "properties": {"county_nam": "Knox", "county_norm": "KNOX", "prec_id": "004879", "precinct_norm": "KNOX - 004879", "precinct_name": "Knox - 004879", "precinct_full_name": "37", "name20": "37", "GEOID20": "47093004879"}, "geometry": {"type": "Point", "coordinates": [-83.94928630790962, 36.021041]}}, {"type": "Feature", "properties": {"county_nam": "Knox", "county_norm": "KNOX", "prec_id": "004885", "precinct_norm": "KNOX - 004885", "precinct_name": "Knox - 004885", "precinct_full_name": "74", "name20": "74", "GEOID20": "47093004885"}, "geometry": {"type": "Point", "coordinates": [-83.88969807953353, 36.050816]}}, {"type": "Feature", "properties": {"county_nam": "Knox", "county_norm": "KNOX", "prec_id": "004802", "precinct_norm": "KNOX - 004802", "precinct_name": "Knox - 004802", "precinct_full_name": "39", "name20": "39", "GEOID20": "47093004802"}, "geometry": {"type": "Point", "coordinates": [-83.98049113587618, 36.010613]}}, {"type": "Feature", "properties": {"county_nam": "Knox", "county_norm": "KNOX", "prec_id": "004877", "precinct_norm": "KNOX - 004877", "precinct_name": "Knox - 004877", "precinct_full_name": "18", "name20": "18", "GEOID20": "47093004877"}, "geometry": {"type": "Point", "coordinates": [-83.94038758827493, 36.003476000000006]}}, {"type": "Feature", "properties": {"county_nam": "Knox", "county_norm": "KNOX", "prec_id": "004882", "precinct_norm": "KNOX - 004882", "precinct_name": "Knox - 004882", "precinct_full_name": "34", "name20": "34", "GEOID20": "47093004882"}, "geometry": {"type": "Point", "coordinates": [-83.91643320577933, 36.031734]}}, {"type": "Feature", "properties": {"county_nam": "Knox", "county_norm": "KNOX", "prec_id": "004876", "precinct_norm": "KNOX - 004876", "precinct_name": "Knox - 004876", "precinct_full_name": "17", "name20": "17", "GEOID20": "47093004876"}, "geometry": {"type": "Point", "coordinates": [-83.9341275443723, 35.991171]}}, {"type": "Feature", "properties": {"county_nam": "Knox", "county_norm": "KNOX", "prec_id": "004886", "precinct_norm": "KNOX - 004886", "precinct_name": "Knox - 004886", "precinct_full_name": "61", "name20": "61", "GEOID20": "47093004886"}, "geometry": {"type": "Point", "coordinates": [-83.92274666928199, 36.089124]}}, {"type": "Feature", "properties": {"county_nam": "Knox", "county_norm": "KNOX", "prec_id": "004887", "precinct_norm": "KNOX - 004887", "precinct_name": "Knox - 004887", "precinct_full_name": "59", "name20": "59", "GEOID20": "47093004887"}, "geometry": {"type": "Point", "coordinates": [-83.96373205478088, 36.058614500000004]}}, {"type": "Feature", "properties": {"county_nam": "Knox", "county_norm": "KNOX", "prec_id": "004831", "precinct_norm": "KNOX - 004831", "precinct_name": "Knox - 004831", "precinct_full_name": "25", "name20": "25", "GEOID20": "47093004831"}, "geometry": {"type": "Point", "coordinates": [-83.92780674009902, 35.936175000000006]}}, {"type": "Feature", "properties": {"county_nam": "Knox", "county_norm": "KNOX", "prec_id": "004897", "precinct_norm": "KNOX - 004897", "precinct_name": "Knox - 004897", "precinct_full_name": "69-W", "name20": "69-W", "GEOID20": "47093004897"}, "geometry": {"type": "Point", "coordinates": [-84.06803490229885, 35.8880225]}}, {"type": "Feature", "properties": {"county_nam": "Knox", "county_norm": "KNOX", "prec_id": "004805", "precinct_norm": "KNOX - 004805", "precinct_name": "Knox - 004805", "precinct_full_name": "66-N", "name20": "66-N", "GEOID20": "47093004805"}, "geometry": {"type": "Point", "coordinates": [-84.18621662501295, 35.886198]}}, {"type": "Feature", "properties": {"county_nam": "Knox", "county_norm": "KNOX", "prec_id": "004829", "precinct_norm": "KNOX - 004829", "precinct_name": "Knox - 004829", "precinct_full_name": "89", "name20": "89", "GEOID20": "47093004829"}, "geometry": {"type": "Point", "coordinates": [-83.93512631515443, 35.897565]}}, {"type": "Feature", "properties": {"county_nam": "Knox", "county_norm": "KNOX", "prec_id": "004850", "precinct_norm": "KNOX - 004850", "precinct_name": "Knox - 004850", "precinct_full_name": "68", "name20": "68", "GEOID20": "47093004850"}, "geometry": {"type": "Point", "coordinates": [-84.09514947956352, 35.907259499999995]}}, {"type": "Feature", "properties": {"county_nam": "Knox", "county_norm": "KNOX", "prec_id": "004840", "precinct_norm": "KNOX - 004840", "precinct_name": "Knox - 004840", "precinct_full_name": "69-N", "name20": "69-N", "GEOID20": "47093004840"}, "geometry": {"type": "Point", "coordinates": [-84.07693021771038, 35.8972435]}}, {"type": "Feature", "properties": {"county_nam": "Knox", "county_norm": "KNOX", "prec_id": "004896", "precinct_norm": "KNOX - 004896", "precinct_name": "Knox - 004896", "precinct_full_name": "65-E", "name20": "65-E", "GEOID20": "47093004896"}, "geometry": {"type": "Point", "coordinates": [-84.11176058842993, 35.8798235]}}, {"type": "Feature", "properties": {"county_nam": "Knox", "county_norm": "KNOX", "prec_id": "004842", "precinct_norm": "KNOX - 004842", "precinct_name": "Knox - 004842", "precinct_full_name": "66-S", "name20": "66-S", "GEOID20": "47093004842"}, "geometry": {"type": "Point", "coordinates": [-84.18035326736842, 35.863464]}}, {"type": "Feature", "properties": {"county_nam": "Knox", "county_norm": "KNOX", "prec_id": "004809", "precinct_norm": "KNOX - 004809", "precinct_name": "Knox - 004809", "precinct_full_name": "26", "name20": "26", "GEOID20": "47093004809"}, "geometry": {"type": "Point", "coordinates": [-83.89648312312383, 35.9508145]}}, {"type": "Feature", "properties": {"county_nam": "Knox", "county_norm": "KNOX", "prec_id": "004826", "precinct_norm": "KNOX - 004826", "precinct_name": "Knox - 004826", "precinct_full_name": "29", "name20": "29", "GEOID20": "47093004826"}, "geometry": {"type": "Point", "coordinates": [-83.86573927325583, 35.9311785]}}, {"type": "Feature", "properties": {"county_nam": "Knox", "county_norm": "KNOX", "prec_id": "004823", "precinct_norm": "KNOX - 004823", "precinct_name": "Knox - 004823", "precinct_full_name": "93", "name20": "93", "GEOID20": "47093004823"}, "geometry": {"type": "Point", "coordinates": [-83.81775056818182, 35.91552]}}, {"type": "Feature", "properties": {"county_nam": "Knox", "county_norm": "KNOX", "prec_id": "004827", "precinct_norm": "KNOX - 004827", "precinct_name": "Knox - 004827", "precinct_full_name": "27", "name20": "27", "GEOID20": "47093004827"}, "geometry": {"type": "Point", "coordinates": [-83.88314709042288, 35.9189945]}}, {"type": "Feature", "properties": {"county_nam": "Knox", "county_norm": "KNOX", "prec_id": "004853", "precinct_norm": "KNOX - 004853", "precinct_name": "Knox - 004853", "precinct_full_name": "55", "name20": "55", "GEOID20": "47093004853"}, "geometry": {"type": "Point", "coordinates": [-84.07718027738395, 35.9510185]}}, {"type": "Feature", "properties": {"county_nam": "Knox", "county_norm": "KNOX", "prec_id": "004852", "precinct_norm": "KNOX - 004852", "precinct_name": "Knox - 004852", "precinct_full_name": "67", "name20": "67", "GEOID20": "47093004852"}, "geometry": {"type": "Point", "coordinates": [-84.1089152614295, 35.928576500000005]}}, {"type": "Feature", "properties": {"county_nam": "Knox", "county_norm": "KNOX", "prec_id": "004854", "precinct_norm": "KNOX - 004854", "precinct_name": "Knox - 004854", "precinct_full_name": "45", "name20": "45", "GEOID20": "47093004854"}, "geometry": {"type": "Point", "coordinates": [-84.05426204185268, 35.964307]}}, {"type": "Feature", "properties": {"county_nam": "Knox", "county_norm": "KNOX", "prec_id": "004855", "precinct_norm": "KNOX - 004855", "precinct_name": "Knox - 004855", "precinct_full_name": "44", "name20": "44", "GEOID20": "47093004855"}, "geometry": {"type": "Point", "coordinates": [-84.02415335932577, 35.9798035]}}, {"type": "Feature", "properties": {"county_nam": "Lauderdale", "county_norm": "LAUDERDALE", "prec_id": "005064", "precinct_norm": "LAUDERDALE - 005064", "precinct_name": "Lauderdale - 005064", "precinct_full_name": "Henning", "name20": "Henning", "GEOID20": "47097005064"}, "geometry": {"type": "Point", "coordinates": [-89.54429540238272, 35.646053499999994]}}, {"type": "Feature", "properties": {"county_nam": "Lauderdale", "county_norm": "LAUDERDALE", "prec_id": "005058", "precinct_norm": "LAUDERDALE - 005058", "precinct_name": "Lauderdale - 005058", "precinct_full_name": "McBride", "name20": "McBride", "GEOID20": "47097005058"}, "geometry": {"type": "Point", "coordinates": [-89.6200325005984, 35.709324499999994]}}, {"type": "Feature", "properties": {"county_nam": "Lauderdale", "county_norm": "LAUDERDALE", "prec_id": "005054", "precinct_norm": "LAUDERDALE - 005054", "precinct_name": "Lauderdale - 005054", "precinct_full_name": "Ripley 2", "name20": "Ripley 2", "GEOID20": "47097005054"}, "geometry": {"type": "Point", "coordinates": [-89.46938892086746, 35.739466]}}, {"type": "Feature", "properties": {"county_nam": "Lauderdale", "county_norm": "LAUDERDALE", "prec_id": "005063", "precinct_norm": "LAUDERDALE - 005063", "precinct_name": "Lauderdale - 005063", "precinct_full_name": "Halls 8", "name20": "Halls 8", "GEOID20": "47097005063"}, "geometry": {"type": "Point", "coordinates": [-89.39830779056604, 35.88269]}}, {"type": "Feature", "properties": {"county_nam": "Lauderdale", "county_norm": "LAUDERDALE", "prec_id": "005057", "precinct_norm": "LAUDERDALE - 005057", "precinct_name": "Lauderdale - 005057", "precinct_full_name": "Ripley 3", "name20": "Ripley 3", "GEOID20": "47097005057"}, "geometry": {"type": "Point", "coordinates": [-89.55404677876984, 35.732076500000005]}}, {"type": "Feature", "properties": {"county_nam": "Lauderdale", "county_norm": "LAUDERDALE", "prec_id": "005056", "precinct_norm": "LAUDERDALE - 005056", "precinct_name": "Lauderdale - 005056", "precinct_full_name": "Ripley 4", "name20": "Ripley 4", "GEOID20": "47097005056"}, "geometry": {"type": "Point", "coordinates": [-89.51632287475988, 35.705301500000004]}}, {"type": "Feature", "properties": {"county_nam": "Lauderdale", "county_norm": "LAUDERDALE", "prec_id": "005060", "precinct_norm": "LAUDERDALE - 005060", "precinct_name": "Lauderdale - 005060", "precinct_full_name": "Lightfoot", "name20": "Lightfoot", "GEOID20": "47097005060"}, "geometry": {"type": "Point", "coordinates": [-89.82738924405484, 35.673876]}}, {"type": "Feature", "properties": {"county_nam": "Lauderdale", "county_norm": "LAUDERDALE", "prec_id": "005051", "precinct_norm": "LAUDERDALE - 005051", "precinct_name": "Lauderdale - 005051", "precinct_full_name": "Central", "name20": "Central", "GEOID20": "47097005051"}, "geometry": {"type": "Point", "coordinates": [-89.62891012211855, 35.832034]}}, {"type": "Feature", "properties": {"county_nam": "Lauderdale", "county_norm": "LAUDERDALE", "prec_id": "005053", "precinct_norm": "LAUDERDALE - 005053", "precinct_name": "Lauderdale - 005053", "precinct_full_name": "Edith", "name20": "Edith", "GEOID20": "47097005053"}, "geometry": {"type": "Point", "coordinates": [-89.49558478365385, 35.863958499999995]}}, {"type": "Feature", "properties": {"county_nam": "Lauderdale", "county_norm": "LAUDERDALE", "prec_id": "005052", "precinct_norm": "LAUDERDALE - 005052", "precinct_name": "Lauderdale - 005052", "precinct_full_name": "Gates", "name20": "Gates", "GEOID20": "47097005052"}, "geometry": {"type": "Point", "coordinates": [-89.4231753778838, 35.826485500000004]}}, {"type": "Feature", "properties": {"county_nam": "Hancock", "county_norm": "HANCOCK", "prec_id": "000001", "precinct_norm": "HANCOCK - 000001", "precinct_name": "Hancock - 000001", "precinct_full_name": "1st", "name20": "1st", "GEOID20": "47067000001"}, "geometry": {"type": "Point", "coordinates": [-83.27754476722873, 36.4455485]}}, {"type": "Feature", "properties": {"county_nam": "Hancock", "county_norm": "HANCOCK", "prec_id": "000002", "precinct_norm": "HANCOCK - 000002", "precinct_name": "Hancock - 000002", "precinct_full_name": "2nd", "name20": "2nd", "GEOID20": "47067000002"}, "geometry": {"type": "Point", "coordinates": [-83.1842322510218, 36.499270499999994]}}, {"type": "Feature", "properties": {"county_nam": "Hancock", "county_norm": "HANCOCK", "prec_id": "000003", "precinct_norm": "HANCOCK - 000003", "precinct_name": "Hancock - 000003", "precinct_full_name": "3rd", "name20": "3rd", "GEOID20": "47067000003"}, "geometry": {"type": "Point", "coordinates": [-83.22324312193308, 36.555041]}}, {"type": "Feature", "properties": {"county_nam": "Hancock", "county_norm": "HANCOCK", "prec_id": "000007", "precinct_norm": "HANCOCK - 000007", "precinct_name": "Hancock - 000007", "precinct_full_name": "7th", "name20": "7th", "GEOID20": "47067000007"}, "geometry": {"type": "Point", "coordinates": [-83.32617511643232, 36.486822000000004]}}, {"type": "Feature", "properties": {"county_nam": "Hancock", "county_norm": "HANCOCK", "prec_id": "000004", "precinct_norm": "HANCOCK - 000004", "precinct_name": "Hancock - 000004", "precinct_full_name": "4th", "name20": "4th", "GEOID20": "47067000004"}, "geometry": {"type": "Point", "coordinates": [-83.02392419220166, 36.5650635]}}, {"type": "Feature", "properties": {"county_nam": "Hancock", "county_norm": "HANCOCK", "prec_id": "000005", "precinct_norm": "HANCOCK - 000005", "precinct_name": "Hancock - 000005", "precinct_full_name": "5th", "name20": "5th", "GEOID20": "47067000005"}, "geometry": {"type": "Point", "coordinates": [-83.35168120153917, 36.556292]}}, {"type": "Feature", "properties": {"county_nam": "Hancock", "county_norm": "HANCOCK", "prec_id": "000006", "precinct_norm": "HANCOCK - 000006", "precinct_name": "Hancock - 000006", "precinct_full_name": "6th", "name20": "6th", "GEOID20": "47067000006"}, "geometry": {"type": "Point", "coordinates": [-83.22346104040403, 36.531871]}}, {"type": "Feature", "properties": {"county_nam": "Cocke", "county_norm": "COCKE", "prec_id": "001408", "precinct_norm": "COCKE - 001408", "precinct_name": "Cocke - 001408", "precinct_full_name": "Grassy Fork", "name20": "Grassy Fork", "GEOID20": "47029001408"}, "geometry": {"type": "Point", "coordinates": [-83.1214976476555, 35.846830499999996]}}, {"type": "Feature", "properties": {"county_nam": "Cocke", "county_norm": "COCKE", "prec_id": "001409", "precinct_norm": "COCKE - 001409", "precinct_name": "Cocke - 001409", "precinct_full_name": "Edwina", "name20": "Edwina", "GEOID20": "47029001409"}, "geometry": {"type": "Point", "coordinates": [-83.16302565508022, 35.8863045]}}, {"type": "Feature", "properties": {"county_nam": "Cocke", "county_norm": "COCKE", "prec_id": "001419", "precinct_norm": "COCKE - 001419", "precinct_name": "Cocke - 001419", "precinct_full_name": "Parrottsville", "name20": "Parrottsville", "GEOID20": "47029001419"}, "geometry": {"type": "Point", "coordinates": [-83.04842499857449, 36.0201875]}}, {"type": "Feature", "properties": {"county_nam": "Cocke", "county_norm": "COCKE", "prec_id": "001417", "precinct_norm": "COCKE - 001417", "precinct_name": "Cocke - 001417", "precinct_full_name": "Bridgeport", "name20": "Bridgeport", "GEOID20": "47029001417"}, "geometry": {"type": "Point", "coordinates": [-83.12262180033557, 35.951587]}}, {"type": "Feature", "properties": {"county_nam": "Cocke", "county_norm": "COCKE", "prec_id": "001418", "precinct_norm": "COCKE - 001418", "precinct_name": "Cocke - 001418", "precinct_full_name": "Houston Valley", "name20": "Houston Valley", "GEOID20": "47029001418"}, "geometry": {"type": "Point", "coordinates": [-82.96371338511601, 35.943319]}}, {"type": "Feature", "properties": {"county_nam": "Cocke", "county_norm": "COCKE", "prec_id": "001401", "precinct_norm": "COCKE - 001401", "precinct_name": "Cocke - 001401", "precinct_full_name": "Long Creek", "name20": "Long Creek", "GEOID20": "47029001401"}, "geometry": {"type": "Point", "coordinates": [-82.99772272475728, 35.9791245]}}, {"type": "Feature", "properties": {"county_nam": "Cocke", "county_norm": "COCKE", "prec_id": "001411", "precinct_norm": "COCKE - 001411", "precinct_name": "Cocke - 001411", "precinct_full_name": "Armory", "name20": "Armory", "GEOID20": "47029001411"}, "geometry": {"type": "Point", "coordinates": [-83.24063196960074, 35.904341]}}, {"type": "Feature", "properties": {"county_nam": "Cocke", "county_norm": "COCKE", "prec_id": "001412", "precinct_norm": "COCKE - 001412", "precinct_name": "Cocke - 001412", "precinct_full_name": "Edgemont", "name20": "Edgemont", "GEOID20": "47029001412"}, "geometry": {"type": "Point", "coordinates": [-83.27089392174472, 35.950453]}}, {"type": "Feature", "properties": {"county_nam": "Cocke", "county_norm": "COCKE", "prec_id": "001402", "precinct_norm": "COCKE - 001402", "precinct_name": "Cocke - 001402", "precinct_full_name": "Cocke County High School", "name20": "Cocke County High School", "GEOID20": "47029001402"}, "geometry": {"type": "Point", "coordinates": [-83.23462117292152, 35.93936600000001]}}, {"type": "Feature", "properties": {"county_nam": "Cocke", "county_norm": "COCKE", "prec_id": "001405", "precinct_norm": "COCKE - 001405", "precinct_name": "Cocke - 001405", "precinct_full_name": "Smoky Mountain", "name20": "Smoky Mountain", "GEOID20": "47029001405"}, "geometry": {"type": "Point", "coordinates": [-83.18944857637752, 35.777394]}}, {"type": "Feature", "properties": {"county_nam": "Cocke", "county_norm": "COCKE", "prec_id": "001410", "precinct_norm": "COCKE - 001410", "precinct_name": "Cocke - 001410", "precinct_full_name": "Cosby", "name20": "Cosby", "GEOID20": "47029001410"}, "geometry": {"type": "Point", "coordinates": [-83.2396012309091, 35.854017999999996]}}, {"type": "Feature", "properties": {"county_nam": "Cocke", "county_norm": "COCKE", "prec_id": "001406", "precinct_norm": "COCKE - 001406", "precinct_name": "Cocke - 001406", "precinct_full_name": "Newport Grammar School", "name20": "Newport Grammar School", "GEOID20": "47029001406"}, "geometry": {"type": "Point", "coordinates": [-83.18445233269588, 35.9295085]}}, {"type": "Feature", "properties": {"county_nam": "Cocke", "county_norm": "COCKE", "prec_id": "001407", "precinct_norm": "COCKE - 001407", "precinct_name": "Cocke - 001407", "precinct_full_name": "Northport", "name20": "Northport", "GEOID20": "47029001407"}, "geometry": {"type": "Point", "coordinates": [-83.18042665742611, 35.995084000000006]}}, {"type": "Feature", "properties": {"county_nam": "Cocke", "county_norm": "COCKE", "prec_id": "001415", "precinct_norm": "COCKE - 001415", "precinct_name": "Cocke - 001415", "precinct_full_name": "West End", "name20": "West End", "GEOID20": "47029001415"}, "geometry": {"type": "Point", "coordinates": [-83.23401088365898, 35.982462]}}, {"type": "Feature", "properties": {"county_nam": "Cocke", "county_norm": "COCKE", "prec_id": "001403", "precinct_norm": "COCKE - 001403", "precinct_name": "Cocke - 001403", "precinct_full_name": "Centerview", "name20": "Centerview", "GEOID20": "47029001403"}, "geometry": {"type": "Point", "coordinates": [-83.1546367245783, 36.0998075]}}, {"type": "Feature", "properties": {"county_nam": "Cocke", "county_norm": "COCKE", "prec_id": "001413", "precinct_norm": "COCKE - 001413", "precinct_name": "Cocke - 001413", "precinct_full_name": "Rankin", "name20": "Rankin", "GEOID20": "47029001413"}, "geometry": {"type": "Point", "coordinates": [-83.22714887429973, 36.0452445]}}, {"type": "Feature", "properties": {"county_nam": "Cocke", "county_norm": "COCKE", "prec_id": "001414", "precinct_norm": "COCKE - 001414", "precinct_name": "Cocke - 001414", "precinct_full_name": "Forest Hill", "name20": "Forest Hill", "GEOID20": "47029001414"}, "geometry": {"type": "Point", "coordinates": [-83.10803501119736, 36.036379499999995]}}, {"type": "Feature", "properties": {"county_nam": "Cocke", "county_norm": "COCKE", "prec_id": "001416", "precinct_norm": "COCKE - 001416", "precinct_name": "Cocke - 001416", "precinct_full_name": "Central", "name20": "Central", "GEOID20": "47029001416"}, "geometry": {"type": "Point", "coordinates": [-83.19772396617647, 35.9552025]}}, {"type": "Feature", "properties": {"county_nam": "Hardin", "county_norm": "HARDIN", "prec_id": "003702", "precinct_norm": "HARDIN - 003702", "precinct_name": "Hardin - 003702", "precinct_full_name": "1 Armory", "name20": "1 Armory", "GEOID20": "47071003702"}, "geometry": {"type": "Point", "coordinates": [-88.22880657283464, 35.1929825]}}, {"type": "Feature", "properties": {"county_nam": "Hardin", "county_norm": "HARDIN", "prec_id": "003707", "precinct_norm": "HARDIN - 003707", "precinct_name": "Hardin - 003707", "precinct_full_name": "1 Olivet", "name20": "1 Olivet", "GEOID20": "47071003707"}, "geometry": {"type": "Point", "coordinates": [-88.19332528824482, 35.194355]}}, {"type": "Feature", "properties": {"county_nam": "Hardin", "county_norm": "HARDIN", "prec_id": "003701", "precinct_norm": "HARDIN - 003701", "precinct_name": "Hardin - 003701", "precinct_full_name": "2 Walkers", "name20": "2 Walkers", "GEOID20": "47071003701"}, "geometry": {"type": "Point", "coordinates": [-88.26589993116843, 35.1724825]}}, {"type": "Feature", "properties": {"county_nam": "Hardin", "county_norm": "HARDIN", "prec_id": "003703", "precinct_norm": "HARDIN - 003703", "precinct_name": "Hardin - 003703", "precinct_full_name": "9 Courthouse", "name20": "9 Courthouse", "GEOID20": "47071003703"}, "geometry": {"type": "Point", "coordinates": [-88.2753449054054, 35.203096]}}, {"type": "Feature", "properties": {"county_nam": "Hardin", "county_norm": "HARDIN", "prec_id": "003714", "precinct_norm": "HARDIN - 003714", "precinct_name": "Hardin - 003714", "precinct_full_name": "3 Counce", "name20": "3 Counce", "GEOID20": "47071003714"}, "geometry": {"type": "Point", "coordinates": [-88.2443289960433, 35.036007999999995]}}, {"type": "Feature", "properties": {"county_nam": "Hardin", "county_norm": "HARDIN", "prec_id": "003710", "precinct_norm": "HARDIN - 003710", "precinct_name": "Hardin - 003710", "precinct_full_name": "4 Crump", "name20": "4 Crump", "GEOID20": "47071003710"}, "geometry": {"type": "Point", "coordinates": [-88.33977651777863, 35.2150125]}}, {"type": "Feature", "properties": {"county_nam": "Hardin", "county_norm": "HARDIN", "prec_id": "003717", "precinct_norm": "HARDIN - 003717", "precinct_name": "Hardin - 003717", "precinct_full_name": "5 Morris Chapel", "name20": "5 Morris Chapel", "GEOID20": "47071003717"}, "geometry": {"type": "Point", "coordinates": [-88.3075505057192, 35.335795000000005]}}, {"type": "Feature", "properties": {"county_nam": "Hardin", "county_norm": "HARDIN", "prec_id": "003706", "precinct_norm": "HARDIN - 003706", "precinct_name": "Hardin - 003706", "precinct_full_name": "6 Cerro Gordo", "name20": "6 Cerro Gordo", "GEOID20": "47071003706"}, "geometry": {"type": "Point", "coordinates": [-88.10702806376261, 35.358449500000006]}}, {"type": "Feature", "properties": {"county_nam": "Hardin", "county_norm": "HARDIN", "prec_id": "003711", "precinct_norm": "HARDIN - 003711", "precinct_name": "Hardin - 003711", "precinct_full_name": "6 Olive Hill", "name20": "6 Olive Hill", "GEOID20": "47071003711"}, "geometry": {"type": "Point", "coordinates": [-88.02969170380078, 35.254569000000004]}}, {"type": "Feature", "properties": {"county_nam": "Hardin", "county_norm": "HARDIN", "prec_id": "003705", "precinct_norm": "HARDIN - 003705", "precinct_name": "Hardin - 003705", "precinct_full_name": "8 North", "name20": "8 North", "GEOID20": "47071003705"}, "geometry": {"type": "Point", "coordinates": [-88.24593829242119, 35.2650625]}}, {"type": "Feature", "properties": {"county_nam": "Hardin", "county_norm": "HARDIN", "prec_id": "003709", "precinct_norm": "HARDIN - 003709", "precinct_name": "Hardin - 003709", "precinct_full_name": "7 Whites", "name20": "7 Whites", "GEOID20": "47071003709"}, "geometry": {"type": "Point", "coordinates": [-88.10005918460192, 35.158523]}}, {"type": "Feature", "properties": {"county_nam": "Hardin", "county_norm": "HARDIN", "prec_id": "003715", "precinct_norm": "HARDIN - 003715", "precinct_name": "Hardin - 003715", "precinct_full_name": "7 Walnut Grove", "name20": "7 Walnut Grove", "GEOID20": "47071003715"}, "geometry": {"type": "Point", "coordinates": [-88.08431363974242, 35.068937]}}, {"type": "Feature", "properties": {"county_nam": "Hardin", "county_norm": "HARDIN", "prec_id": "003708", "precinct_norm": "HARDIN - 003708", "precinct_name": "Hardin - 003708", "precinct_full_name": "2 Nixon", "name20": "2 Nixon", "GEOID20": "47071003708"}, "geometry": {"type": "Point", "coordinates": [-88.24194630509868, 35.124430000000004]}}, {"type": "Feature", "properties": {"county_nam": "Hardin", "county_norm": "HARDIN", "prec_id": "003713", "precinct_norm": "HARDIN - 003713", "precinct_name": "Hardin - 003713", "precinct_full_name": "3 Southside", "name20": "3 Southside", "GEOID20": "47071003713"}, "geometry": {"type": "Point", "coordinates": [-88.31847629333333, 35.05966050000001]}}, {"type": "Feature", "properties": {"county_nam": "Hardin", "county_norm": "HARDIN", "prec_id": "003716", "precinct_norm": "HARDIN - 003716", "precinct_name": "Hardin - 003716", "precinct_full_name": "4 Shiloh", "name20": "4 Shiloh", "GEOID20": "47071003716"}, "geometry": {"type": "Point", "coordinates": [-88.3452963121525, 35.116635]}}, {"type": "Feature", "properties": {"county_nam": "Hardin", "county_norm": "HARDIN", "prec_id": "003704", "precinct_norm": "HARDIN - 003704", "precinct_name": "Hardin - 003704", "precinct_full_name": "10 Fairground", "name20": "10 Fairground", "GEOID20": "47071003704"}, "geometry": {"type": "Point", "coordinates": [-88.20528355659076, 35.226766999999995]}}, {"type": "Feature", "properties": {"county_nam": "Hardin", "county_norm": "HARDIN", "prec_id": "003718", "precinct_norm": "HARDIN - 003718", "precinct_name": "Hardin - 003718", "precinct_full_name": "5 Saltillo", "name20": "5 Saltillo", "GEOID20": "47071003718"}, "geometry": {"type": "Point", "coordinates": [-88.25416231839341, 35.370086]}}, {"type": "Feature", "properties": {"county_nam": "Hardin", "county_norm": "HARDIN", "prec_id": "003712", "precinct_norm": "HARDIN - 003712", "precinct_name": "Hardin - 003712", "precinct_full_name": "6 Rhodes", "name20": "6 Rhodes", "GEOID20": "47071003712"}, "geometry": {"type": "Point", "coordinates": [-88.14644792175572, 35.2670075]}}, {"type": "Feature", "properties": {"county_nam": "DeKalb", "county_norm": "DEKALB", "prec_id": "002151", "precinct_norm": "DEKALB - 002151", "precinct_name": "DeKalb - 002151", "precinct_full_name": "1-3 Edgar Evins State Park", "name20": "1-3 Edgar Evins State Park", "GEOID20": "47041002151"}, "geometry": {"type": "Point", "coordinates": [-85.80275989603962, 36.0861795]}}, {"type": "Feature", "properties": {"county_nam": "DeKalb", "county_norm": "DEKALB", "prec_id": "002159", "precinct_norm": "DEKALB - 002159", "precinct_name": "DeKalb - 002159", "precinct_full_name": "1-2 Temperence Hall", "name20": "1-2 Temperence Hall", "GEOID20": "47041002159"}, "geometry": {"type": "Point", "coordinates": [-85.88329585831823, 36.0519265]}}, {"type": "Feature", "properties": {"county_nam": "DeKalb", "county_norm": "DEKALB", "prec_id": "002158", "precinct_norm": "DEKALB - 002158", "precinct_name": "DeKalb - 002158", "precinct_full_name": "1-1 Alexandria", "name20": "1-1 Alexandria", "GEOID20": "47041002158"}, "geometry": {"type": "Point", "coordinates": [-86.00597708982357, 36.065569499999995]}}, {"type": "Feature", "properties": {"county_nam": "DeKalb", "county_norm": "DEKALB", "prec_id": "002160", "precinct_norm": "DEKALB - 002160", "precinct_name": "DeKalb - 002160", "precinct_full_name": "2-2 Dowelltown", "name20": "2-2 Dowelltown", "GEOID20": "47041002160"}, "geometry": {"type": "Point", "coordinates": [-85.93608488961814, 35.958903500000005]}}, {"type": "Feature", "properties": {"county_nam": "DeKalb", "county_norm": "DEKALB", "prec_id": "002152", "precinct_norm": "DEKALB - 002152", "precinct_name": "DeKalb - 002152", "precinct_full_name": "2-1 Liberty", "name20": "2-1 Liberty", "GEOID20": "47041002152"}, "geometry": {"type": "Point", "coordinates": [-86.00268556180475, 35.9766915]}}, {"type": "Feature", "properties": {"county_nam": "DeKalb", "county_norm": "DEKALB", "prec_id": "002153", "precinct_norm": "DEKALB - 002153", "precinct_name": "DeKalb - 002153", "precinct_full_name": "3 Church of God", "name20": "3 Church of God", "GEOID20": "47041002153"}, "geometry": {"type": "Point", "coordinates": [-85.83586445415224, 35.982448500000004]}}, {"type": "Feature", "properties": {"county_nam": "DeKalb", "county_norm": "DEKALB", "prec_id": "002161", "precinct_norm": "DEKALB - 002161", "precinct_name": "DeKalb - 002161", "precinct_full_name": "2-3 Snows Hill", "name20": "2-3 Snows Hill", "GEOID20": "47041002161"}, "geometry": {"type": "Point", "coordinates": [-85.89118583778625, 35.946020000000004]}}, {"type": "Feature", "properties": {"county_nam": "DeKalb", "county_norm": "DEKALB", "prec_id": "002155", "precinct_norm": "DEKALB - 002155", "precinct_name": "DeKalb - 002155", "precinct_full_name": "4-3 Courthouse", "name20": "4-3 Courthouse", "GEOID20": "47041002155"}, "geometry": {"type": "Point", "coordinates": [-85.7515957894737, 36.011373000000006]}}, {"type": "Feature", "properties": {"county_nam": "DeKalb", "county_norm": "DEKALB", "prec_id": "002166", "precinct_norm": "DEKALB - 002166", "precinct_name": "DeKalb - 002166", "precinct_full_name": "6-1 Belk", "name20": "6-1 Belk", "GEOID20": "47041002166"}, "geometry": {"type": "Point", "coordinates": [-85.71267609177592, 35.859299500000006]}}, {"type": "Feature", "properties": {"county_nam": "DeKalb", "county_norm": "DEKALB", "prec_id": "002154", "precinct_norm": "DEKALB - 002154", "precinct_name": "DeKalb - 002154", "precinct_full_name": "6-3 Blue Springs", "name20": "6-3 Blue Springs", "GEOID20": "47041002154"}, "geometry": {"type": "Point", "coordinates": [-85.85302744228233, 35.876504499999996]}}, {"type": "Feature", "properties": {"county_nam": "DeKalb", "county_norm": "DEKALB", "prec_id": "002165", "precinct_norm": "DEKALB - 002165", "precinct_name": "DeKalb - 002165", "precinct_full_name": "6-2 Keltonburg", "name20": "6-2 Keltonburg", "GEOID20": "47041002165"}, "geometry": {"type": "Point", "coordinates": [-85.75692498033861, 35.8782695]}}, {"type": "Feature", "properties": {"county_nam": "DeKalb", "county_norm": "DEKALB", "prec_id": "002157", "precinct_norm": "DEKALB - 002157", "precinct_name": "DeKalb - 002157", "precinct_full_name": "5-2 County Complex", "name20": "5-2 County Complex", "GEOID20": "47041002157"}, "geometry": {"type": "Point", "coordinates": [-85.74969445977976, 35.9420235]}}, {"type": "Feature", "properties": {"county_nam": "DeKalb", "county_norm": "DEKALB", "prec_id": "002164", "precinct_norm": "DEKALB - 002164", "precinct_name": "DeKalb - 002164", "precinct_full_name": "5-1 Johnson Chapel", "name20": "5-1 Johnson Chapel", "GEOID20": "47041002164"}, "geometry": {"type": "Point", "coordinates": [-85.68968388408555, 35.9608295]}}, {"type": "Feature", "properties": {"county_nam": "DeKalb", "county_norm": "DEKALB", "prec_id": "002156", "precinct_norm": "DEKALB - 002156", "precinct_name": "DeKalb - 002156", "precinct_full_name": "7 Church of Christ Annex", "name20": "7 Church of Christ Annex", "GEOID20": "47041002156"}, "geometry": {"type": "Point", "coordinates": [-85.83989526253302, 35.9328065]}}, {"type": "Feature", "properties": {"county_nam": "DeKalb", "county_norm": "DEKALB", "prec_id": "002162", "precinct_norm": "DEKALB - 002162", "precinct_name": "DeKalb - 002162", "precinct_full_name": "4-2 Rock Castle", "name20": "4-2 Rock Castle", "GEOID20": "47041002162"}, "geometry": {"type": "Point", "coordinates": [-85.69248035028983, 36.034861500000005]}}, {"type": "Feature", "properties": {"county_nam": "Grainger", "county_norm": "GRAINGER", "prec_id": "002953", "precinct_norm": "GRAINGER - 002953", "precinct_name": "Grainger - 002953", "precinct_full_name": "1-1 Rutledge Middle School", "name20": "1-1 Rutledge Middle School", "GEOID20": "47057002953"}, "geometry": {"type": "Point", "coordinates": [-83.54475254753962, 36.282095999999996]}}, {"type": "Feature", "properties": {"county_nam": "Grainger", "county_norm": "GRAINGER", "prec_id": "002952", "precinct_norm": "GRAINGER - 002952", "precinct_name": "Grainger - 002952", "precinct_full_name": "1-2 Old Central Point School", "name20": "1-2 Old Central Point School", "GEOID20": "47057002952"}, "geometry": {"type": "Point", "coordinates": [-83.51307737052933, 36.219171]}}, {"type": "Feature", "properties": {"county_nam": "Grainger", "county_norm": "GRAINGER", "prec_id": "002957", "precinct_norm": "GRAINGER - 002957", "precinct_name": "Grainger - 002957", "precinct_full_name": "2-1 Bean Station Ele. School", "name20": "2-1 Bean Station Ele. School", "GEOID20": "47057002957"}, "geometry": {"type": "Point", "coordinates": [-83.33689140723752, 36.354468]}}, {"type": "Feature", "properties": {"county_nam": "Grainger", "county_norm": "GRAINGER", "prec_id": "002958", "precinct_norm": "GRAINGER - 002958", "precinct_name": "Grainger - 002958", "precinct_full_name": "2-2 Grainger High School", "name20": "2-2 Grainger High School", "GEOID20": "47057002958"}, "geometry": {"type": "Point", "coordinates": [-83.44332322389063, 36.269719]}}, {"type": "Feature", "properties": {"county_nam": "Grainger", "county_norm": "GRAINGER", "prec_id": "002955", "precinct_norm": "GRAINGER - 002955", "precinct_name": "Grainger - 002955", "precinct_full_name": "3-1 Blaine City Hall", "name20": "3-1 Blaine City Hall", "GEOID20": "47057002955"}, "geometry": {"type": "Point", "coordinates": [-83.706620125, 36.165638]}}, {"type": "Feature", "properties": {"county_nam": "Grainger", "county_norm": "GRAINGER", "prec_id": "002954", "precinct_norm": "GRAINGER - 002954", "precinct_name": "Grainger - 002954", "precinct_full_name": "3-2 Indian Ridge Comm. Blg.", "name20": "3-2 Indian Ridge Comm. Blg.", "GEOID20": "47057002954"}, "geometry": {"type": "Point", "coordinates": [-83.62404066089965, 36.1696915]}}, {"type": "Feature", "properties": {"county_nam": "Grainger", "county_norm": "GRAINGER", "prec_id": "002959", "precinct_norm": "GRAINGER - 002959", "precinct_name": "Grainger - 002959", "precinct_full_name": "5-2 Senior Citizens Center", "name20": "5-2 Senior Citizens Center", "GEOID20": "47057002959"}, "geometry": {"type": "Point", "coordinates": [-83.33813544414113, 36.312511]}}, {"type": "Feature", "properties": {"county_nam": "Grainger", "county_norm": "GRAINGER", "prec_id": "002960", "precinct_norm": "GRAINGER - 002960", "precinct_name": "Grainger - 002960", "precinct_full_name": "5-1 Bean Station Library", "name20": "5-1 Bean Station Library", "GEOID20": "47057002960"}, "geometry": {"type": "Point", "coordinates": [-83.36678776207627, 36.2942215]}}, {"type": "Feature", "properties": {"county_nam": "Grainger", "county_norm": "GRAINGER", "prec_id": "002956", "precinct_norm": "GRAINGER - 002956", "precinct_name": "Grainger - 002956", "precinct_full_name": "4-1 Thorn Hill Comm. Blg.", "name20": "4-1 Thorn Hill Comm. Blg.", "GEOID20": "47057002956"}, "geometry": {"type": "Point", "coordinates": [-83.44832326515957, 36.3597835]}}, {"type": "Feature", "properties": {"county_nam": "Grainger", "county_norm": "GRAINGER", "prec_id": "002951", "precinct_norm": "GRAINGER - 002951", "precinct_name": "Grainger - 002951", "precinct_full_name": "4-2 Washburn Ele. School", "name20": "4-2 Washburn Ele. School", "GEOID20": "47057002951"}, "geometry": {"type": "Point", "coordinates": [-83.62847935870727, 36.2901805]}}, {"type": "Feature", "properties": {"county_nam": "Wilson", "county_norm": "WILSON", "prec_id": "009809", "precinct_norm": "WILSON - 009809", "precinct_name": "Wilson - 009809", "precinct_full_name": "7-2", "name20": "7-2", "GEOID20": "47189009809"}, "geometry": {"type": "Point", "coordinates": [-86.32804556112077, 36.168794500000004]}}, {"type": "Feature", "properties": {"county_nam": "Wilson", "county_norm": "WILSON", "prec_id": "009810", "precinct_norm": "WILSON - 009810", "precinct_name": "Wilson - 009810", "precinct_full_name": "8-1", "name20": "8-1", "GEOID20": "47189009810"}, "geometry": {"type": "Point", "coordinates": [-86.55994103930817, 36.240104]}}, {"type": "Feature", "properties": {"county_nam": "Wilson", "county_norm": "WILSON", "prec_id": "009811", "precinct_norm": "WILSON - 009811", "precinct_name": "Wilson - 009811", "precinct_full_name": "9-1", "name20": "9-1", "GEOID20": "47189009811"}, "geometry": {"type": "Point", "coordinates": [-86.12670064886694, 36.103886]}}, {"type": "Feature", "properties": {"county_nam": "Wilson", "county_norm": "WILSON", "prec_id": "009812", "precinct_norm": "WILSON - 009812", "precinct_name": "Wilson - 009812", "precinct_full_name": "9-2", "name20": "9-2", "GEOID20": "47189009812"}, "geometry": {"type": "Point", "coordinates": [-86.11787315340909, 36.0168235]}}, {"type": "Feature", "properties": {"county_nam": "Wilson", "county_norm": "WILSON", "prec_id": "009817", "precinct_norm": "WILSON - 009817", "precinct_name": "Wilson - 009817", "precinct_full_name": "12-2", "name20": "12-2", "GEOID20": "47189009817"}, "geometry": {"type": "Point", "coordinates": [-86.31633937500001, 36.061209500000004]}}, {"type": "Feature", "properties": {"county_nam": "Wilson", "county_norm": "WILSON", "prec_id": "009816", "precinct_norm": "WILSON - 009816", "precinct_name": "Wilson - 009816", "precinct_full_name": "12-1", "name20": "12-1", "GEOID20": "47189009816"}, "geometry": {"type": "Point", "coordinates": [-86.24120102719581, 36.0493185]}}, {"type": "Feature", "properties": {"county_nam": "Wilson", "county_norm": "WILSON", "prec_id": "009815", "precinct_norm": "WILSON - 009815", "precinct_name": "Wilson - 009815", "precinct_full_name": "11-1", "name20": "11-1", "GEOID20": "47189009815"}, "geometry": {"type": "Point", "coordinates": [-86.47298620035572, 36.162772000000004]}}, {"type": "Feature", "properties": {"county_nam": "Wilson", "county_norm": "WILSON", "prec_id": "009818", "precinct_norm": "WILSON - 009818", "precinct_name": "Wilson - 009818", "precinct_full_name": "13-1", "name20": "13-1", "GEOID20": "47189009818"}, "geometry": {"type": "Point", "coordinates": [-86.40269910253124, 36.068004]}}, {"type": "Feature", "properties": {"county_nam": "Wilson", "county_norm": "WILSON", "prec_id": "009823", "precinct_norm": "WILSON - 009823", "precinct_name": "Wilson - 009823", "precinct_full_name": "17-1", "name20": "17-1", "GEOID20": "47189009823"}, "geometry": {"type": "Point", "coordinates": [-86.35111908899822, 36.235635]}}, {"type": "Feature", "properties": {"county_nam": "Wilson", "county_norm": "WILSON", "prec_id": "009819", "precinct_norm": "WILSON - 009819", "precinct_name": "Wilson - 009819", "precinct_full_name": "14-1", "name20": "14-1", "GEOID20": "47189009819"}, "geometry": {"type": "Point", "coordinates": [-86.41466235299745, 36.137487]}}, {"type": "Feature", "properties": {"county_nam": "Wilson", "county_norm": "WILSON", "prec_id": "009820", "precinct_norm": "WILSON - 009820", "precinct_name": "Wilson - 009820", "precinct_full_name": "15-1", "name20": "15-1", "GEOID20": "47189009820"}, "geometry": {"type": "Point", "coordinates": [-86.15268015607984, 36.2271135]}}, {"type": "Feature", "properties": {"county_nam": "Wilson", "county_norm": "WILSON", "prec_id": "009822", "precinct_norm": "WILSON - 009822", "precinct_name": "Wilson - 009822", "precinct_full_name": "16-1", "name20": "16-1", "GEOID20": "47189009822"}, "geometry": {"type": "Point", "coordinates": [-86.53587234070798, 36.154143000000005]}}, {"type": "Feature", "properties": {"county_nam": "Wilson", "county_norm": "WILSON", "prec_id": "009824", "precinct_norm": "WILSON - 009824", "precinct_name": "Wilson - 009824", "precinct_full_name": "18-1", "name20": "18-1", "GEOID20": "47189009824"}, "geometry": {"type": "Point", "coordinates": [-86.54782125619195, 36.287198000000004]}}, {"type": "Feature", "properties": {"county_nam": "Wilson", "county_norm": "WILSON", "prec_id": "009827", "precinct_norm": "WILSON - 009827", "precinct_name": "Wilson - 009827", "precinct_full_name": "21-1", "name20": "21-1", "GEOID20": "47189009827"}, "geometry": {"type": "Point", "coordinates": [-86.28931102758338, 36.183297499999995]}}, {"type": "Feature", "properties": {"county_nam": "Wilson", "county_norm": "WILSON", "prec_id": "009828", "precinct_norm": "WILSON - 009828", "precinct_name": "Wilson - 009828", "precinct_full_name": "21-2", "name20": "21-2", "GEOID20": "47189009828"}, "geometry": {"type": "Point", "coordinates": [-86.24224929140328, 36.1972035]}}, {"type": "Feature", "properties": {"county_nam": "Wilson", "county_norm": "WILSON", "prec_id": "009825", "precinct_norm": "WILSON - 009825", "precinct_name": "Wilson - 009825", "precinct_full_name": "19-1", "name20": "19-1", "GEOID20": "47189009825"}, "geometry": {"type": "Point", "coordinates": [-86.30093514455831, 36.2372815]}}, {"type": "Feature", "properties": {"county_nam": "Wilson", "county_norm": "WILSON", "prec_id": "009801", "precinct_norm": "WILSON - 009801", "precinct_name": "Wilson - 009801", "precinct_full_name": "1-1", "name20": "1-1", "GEOID20": "47189009801"}, "geometry": {"type": "Point", "coordinates": [-86.58088154968269, 36.236607500000005]}}, {"type": "Feature", "properties": {"county_nam": "Wilson", "county_norm": "WILSON", "prec_id": "009802", "precinct_norm": "WILSON - 009802", "precinct_name": "Wilson - 009802", "precinct_full_name": "2-1", "name20": "2-1", "GEOID20": "47189009802"}, "geometry": {"type": "Point", "coordinates": [-86.5648550799513, 36.1956745]}}, {"type": "Feature", "properties": {"county_nam": "Wilson", "county_norm": "WILSON", "prec_id": "009803", "precinct_norm": "WILSON - 009803", "precinct_name": "Wilson - 009803", "precinct_full_name": "3-1", "name20": "3-1", "GEOID20": "47189009803"}, "geometry": {"type": "Point", "coordinates": [-86.5341960894794, 36.186606]}}, {"type": "Feature", "properties": {"county_nam": "Wilson", "county_norm": "WILSON", "prec_id": "009814", "precinct_norm": "WILSON - 009814", "precinct_name": "Wilson - 009814", "precinct_full_name": "10-1", "name20": "10-1", "GEOID20": "47189009814"}, "geometry": {"type": "Point", "coordinates": [-86.52451847479534, 36.208197]}}, {"type": "Feature", "properties": {"county_nam": "Wilson", "county_norm": "WILSON", "prec_id": "009807", "precinct_norm": "WILSON - 009807", "precinct_name": "Wilson - 009807", "precinct_full_name": "6-1", "name20": "6-1", "GEOID20": "47189009807"}, "geometry": {"type": "Point", "coordinates": [-86.23012081982475, 36.2952395]}}, {"type": "Feature", "properties": {"county_nam": "Wilson", "county_norm": "WILSON", "prec_id": "009805", "precinct_norm": "WILSON - 009805", "precinct_name": "Wilson - 009805", "precinct_full_name": "4-2", "name20": "4-2", "GEOID20": "47189009805"}, "geometry": {"type": "Point", "coordinates": [-86.45204723399803, 36.3113085]}}, {"type": "Feature", "properties": {"county_nam": "Wilson", "county_norm": "WILSON", "prec_id": "009804", "precinct_norm": "WILSON - 009804", "precinct_name": "Wilson - 009804", "precinct_full_name": "4-1", "name20": "4-1", "GEOID20": "47189009804"}, "geometry": {"type": "Point", "coordinates": [-86.46732194916143, 36.273885500000006]}}, {"type": "Feature", "properties": {"county_nam": "Wilson", "county_norm": "WILSON", "prec_id": "009806", "precinct_norm": "WILSON - 009806", "precinct_name": "Wilson - 009806", "precinct_full_name": "5-1", "name20": "5-1", "GEOID20": "47189009806"}, "geometry": {"type": "Point", "coordinates": [-86.38361254910242, 36.297720999999996]}}, {"type": "Feature", "properties": {"county_nam": "Wilson", "county_norm": "WILSON", "prec_id": "009808", "precinct_norm": "WILSON - 009808", "precinct_name": "Wilson - 009808", "precinct_full_name": "7-1", "name20": "7-1", "GEOID20": "47189009808"}, "geometry": {"type": "Point", "coordinates": [-86.1887255143603, 36.158395999999996]}}, {"type": "Feature", "properties": {"county_nam": "Wilson", "county_norm": "WILSON", "prec_id": "009826", "precinct_norm": "WILSON - 009826", "precinct_name": "Wilson - 009826", "precinct_full_name": "20-1", "name20": "20-1", "GEOID20": "47189009826"}, "geometry": {"type": "Point", "coordinates": [-86.27796556657964, 36.2066555]}}, {"type": "Feature", "properties": {"county_nam": "Wilson", "county_norm": "WILSON", "prec_id": "009829", "precinct_norm": "WILSON - 009829", "precinct_name": "Wilson - 009829", "precinct_full_name": "22-1", "name20": "22-1", "GEOID20": "47189009829"}, "geometry": {"type": "Point", "coordinates": [-86.52149202052514, 36.246075000000005]}}, {"type": "Feature", "properties": {"county_nam": "Wilson", "county_norm": "WILSON", "prec_id": "009830", "precinct_norm": "WILSON - 009830", "precinct_name": "Wilson - 009830", "precinct_full_name": "23-1", "name20": "23-1", "GEOID20": "47189009830"}, "geometry": {"type": "Point", "coordinates": [-86.38376094651564, 36.211451499999995]}}, {"type": "Feature", "properties": {"county_nam": "Wilson", "county_norm": "WILSON", "prec_id": "009831", "precinct_norm": "WILSON - 009831", "precinct_name": "Wilson - 009831", "precinct_full_name": "24-1", "name20": "24-1", "GEOID20": "47189009831"}, "geometry": {"type": "Point", "coordinates": [-86.31028851449841, 36.206956000000005]}}, {"type": "Feature", "properties": {"county_nam": "Wilson", "county_norm": "WILSON", "prec_id": "009832", "precinct_norm": "WILSON - 009832", "precinct_name": "Wilson - 009832", "precinct_full_name": "25-1", "name20": "25-1", "GEOID20": "47189009832"}, "geometry": {"type": "Point", "coordinates": [-86.47595817861065, 36.204649]}}, {"type": "Feature", "properties": {"county_nam": "Wilson", "county_norm": "WILSON", "prec_id": "009833", "precinct_norm": "WILSON - 009833", "precinct_name": "Wilson - 009833", "precinct_full_name": "25-2", "name20": "25-2", "GEOID20": "47189009833"}, "geometry": {"type": "Point", "coordinates": [-86.43988748946245, 36.203101000000004]}}, {"type": "Feature", "properties": {"county_nam": "Bledsoe", "county_norm": "BLEDSOE", "prec_id": "000304", "precinct_norm": "BLEDSOE - 000304", "precinct_name": "Bledsoe - 000304", "precinct_full_name": "Dill", "name20": "Dill", "GEOID20": "47007000304"}, "geometry": {"type": "Point", "coordinates": [-85.36117046531615, 35.515772999999996]}}, {"type": "Feature", "properties": {"county_nam": "Bledsoe", "county_norm": "BLEDSOE", "prec_id": "000309", "precinct_norm": "BLEDSOE - 000309", "precinct_name": "Bledsoe - 000309", "precinct_full_name": "Mt.Crest", "name20": "Mt.Crest", "GEOID20": "47007000309"}, "geometry": {"type": "Point", "coordinates": [-85.26930064207977, 35.6885335]}}, {"type": "Feature", "properties": {"county_nam": "Bledsoe", "county_norm": "BLEDSOE", "prec_id": "000303", "precinct_norm": "BLEDSOE - 000303", "precinct_name": "Bledsoe - 000303", "precinct_full_name": "Cold Springs", "name20": "Cold Springs", "GEOID20": "47007000303"}, "geometry": {"type": "Point", "coordinates": [-85.13688493357256, 35.643179]}}, {"type": "Feature", "properties": {"county_nam": "Bledsoe", "county_norm": "BLEDSOE", "prec_id": "000307", "precinct_norm": "BLEDSOE - 000307", "precinct_name": "Bledsoe - 000307", "precinct_full_name": "Luminary", "name20": "Luminary", "GEOID20": "47007000307"}, "geometry": {"type": "Point", "coordinates": [-85.02116249130233, 35.6881355]}}, {"type": "Feature", "properties": {"county_nam": "Bledsoe", "county_norm": "BLEDSOE", "prec_id": "000306", "precinct_norm": "BLEDSOE - 000306", "precinct_name": "Bledsoe - 000306", "precinct_full_name": "Lee Station", "name20": "Lee Station", "GEOID20": "47007000306"}, "geometry": {"type": "Point", "coordinates": [-85.20698132985028, 35.5723945]}}, {"type": "Feature", "properties": {"county_nam": "Bledsoe", "county_norm": "BLEDSOE", "prec_id": "000308", "precinct_norm": "BLEDSOE - 000308", "precinct_name": "Bledsoe - 000308", "precinct_full_name": "Lusk", "name20": "Lusk", "GEOID20": "47007000308"}, "geometry": {"type": "Point", "coordinates": [-85.28297827955342, 35.464926500000004]}}, {"type": "Feature", "properties": {"county_nam": "Bledsoe", "county_norm": "BLEDSOE", "prec_id": "000312", "precinct_norm": "BLEDSOE - 000312", "precinct_name": "Bledsoe - 000312", "precinct_full_name": "Rigsby", "name20": "Rigsby", "GEOID20": "47007000312"}, "geometry": {"type": "Point", "coordinates": [-85.12846976645267, 35.565023]}}, {"type": "Feature", "properties": {"county_nam": "Bledsoe", "county_norm": "BLEDSOE", "prec_id": "000302", "precinct_norm": "BLEDSOE - 000302", "precinct_name": "Bledsoe - 000302", "precinct_full_name": "Brayton", "name20": "Brayton", "GEOID20": "47007000302"}, "geometry": {"type": "Point", "coordinates": [-85.21020780807405, 35.430679999999995]}}, {"type": "Feature", "properties": {"county_nam": "Bledsoe", "county_norm": "BLEDSOE", "prec_id": "000311", "precinct_norm": "BLEDSOE - 000311", "precinct_name": "Bledsoe - 000311", "precinct_full_name": "Pikeville", "name20": "Pikeville", "GEOID20": "47007000311"}, "geometry": {"type": "Point", "coordinates": [-85.19438259977267, 35.609226500000005]}}, {"type": "Feature", "properties": {"county_nam": "Bledsoe", "county_norm": "BLEDSOE", "prec_id": "000301", "precinct_norm": "BLEDSOE - 000301", "precinct_name": "Bledsoe - 000301", "precinct_full_name": "Bellview", "name20": "Bellview", "GEOID20": "47007000301"}, "geometry": {"type": "Point", "coordinates": [-85.17885893030977, 35.708764]}}, {"type": "Feature", "properties": {"county_nam": "Bledsoe", "county_norm": "BLEDSOE", "prec_id": "000310", "precinct_norm": "BLEDSOE - 000310", "precinct_name": "Bledsoe - 000310", "precinct_full_name": "Nine Mile", "name20": "Nine Mile", "GEOID20": "47007000310"}, "geometry": {"type": "Point", "coordinates": [-85.05835522203498, 35.7238635]}}, {"type": "Feature", "properties": {"county_nam": "Gibson", "county_norm": "GIBSON", "prec_id": "002751", "precinct_norm": "GIBSON - 002751", "precinct_name": "Gibson - 002751", "precinct_full_name": "01 Medina", "name20": "01 Medina", "GEOID20": "47053002751"}, "geometry": {"type": "Point", "coordinates": [-88.79003130434782, 35.824218]}}, {"type": "Feature", "properties": {"county_nam": "Gibson", "county_norm": "GIBSON", "prec_id": "002754", "precinct_norm": "GIBSON - 002754", "precinct_name": "Gibson - 002754", "precinct_full_name": "06 Humboldt Ch of Chr", "name20": "06 Humboldt Ch of Chr", "GEOID20": "47053002754"}, "geometry": {"type": "Point", "coordinates": [-88.86991575590551, 35.835712]}}, {"type": "Feature", "properties": {"county_nam": "Gibson", "county_norm": "GIBSON", "prec_id": "002755", "precinct_norm": "GIBSON - 002755", "precinct_name": "Gibson - 002755", "precinct_full_name": "07 Humboldt Park", "name20": "07 Humboldt Park", "GEOID20": "47053002755"}, "geometry": {"type": "Point", "coordinates": [-88.8706689692813, 35.817220500000005]}}, {"type": "Feature", "properties": {"county_nam": "Gibson", "county_norm": "GIBSON", "prec_id": "002758", "precinct_norm": "GIBSON - 002758", "precinct_name": "Gibson - 002758", "precinct_full_name": "10 Humboldt High School", "name20": "10 Humboldt High School", "GEOID20": "47053002758"}, "geometry": {"type": "Point", "coordinates": [-88.89078222436605, 35.843427500000004]}}, {"type": "Feature", "properties": {"county_nam": "Gibson", "county_norm": "GIBSON", "prec_id": "002756", "precinct_norm": "GIBSON - 002756", "precinct_name": "Gibson - 002756", "precinct_full_name": "08 St. James Baptist Church", "name20": "08 St. James Baptist Church", "GEOID20": "47053002756"}, "geometry": {"type": "Point", "coordinates": [-88.92448063799529, 35.812173]}}, {"type": "Feature", "properties": {"county_nam": "Gibson", "county_norm": "GIBSON", "prec_id": "002763", "precinct_norm": "GIBSON - 002763", "precinct_name": "Gibson - 002763", "precinct_full_name": "22 Agri Plex", "name20": "22 Agri Plex", "GEOID20": "47053002763"}, "geometry": {"type": "Point", "coordinates": [-88.94120497357724, 35.956772]}}, {"type": "Feature", "properties": {"county_nam": "Gibson", "county_norm": "GIBSON", "prec_id": "002757", "precinct_norm": "GIBSON - 002757", "precinct_name": "Gibson - 002757", "precinct_full_name": "09 Humboldt Lane Chapel", "name20": "09 Humboldt Lane Chapel", "GEOID20": "47053002757"}, "geometry": {"type": "Point", "coordinates": [-88.92140368695655, 35.832543]}}, {"type": "Feature", "properties": {"county_nam": "Gibson", "county_norm": "GIBSON", "prec_id": "002762", "precinct_norm": "GIBSON - 002762", "precinct_name": "Gibson - 002762", "precinct_full_name": "20 CourtHouse", "name20": "20 CourtHouse", "GEOID20": "47053002762"}, "geometry": {"type": "Point", "coordinates": [-88.99819929944924, 35.978985]}}, {"type": "Feature", "properties": {"county_nam": "Gibson", "county_norm": "GIBSON", "prec_id": "002753", "precinct_norm": "GIBSON - 002753", "precinct_name": "Gibson - 002753", "precinct_full_name": "04 Gibson", "name20": "04 Gibson", "GEOID20": "47053002753"}, "geometry": {"type": "Point", "coordinates": [-88.8263264800176, 35.868543]}}, {"type": "Feature", "properties": {"county_nam": "Gibson", "county_norm": "GIBSON", "prec_id": "002759", "precinct_norm": "GIBSON - 002759", "precinct_name": "Gibson - 002759", "precinct_full_name": "13 Fruitland", "name20": "13 Fruitland", "GEOID20": "47053002759"}, "geometry": {"type": "Point", "coordinates": [-88.88812507482757, 35.915614000000005]}}, {"type": "Feature", "properties": {"county_nam": "Gibson", "county_norm": "GIBSON", "prec_id": "002760", "precinct_norm": "GIBSON - 002760", "precinct_name": "Gibson - 002760", "precinct_full_name": "12 Edison", "name20": "12 Edison", "GEOID20": "47053002760"}, "geometry": {"type": "Point", "coordinates": [-88.95962940527212, 35.881921500000004]}}, {"type": "Feature", "properties": {"county_nam": "Gibson", "county_norm": "GIBSON", "prec_id": "002761", "precinct_norm": "GIBSON - 002761", "precinct_name": "Gibson - 002761", "precinct_full_name": "14 Brazil", "name20": "14 Brazil", "GEOID20": "47053002761"}, "geometry": {"type": "Point", "coordinates": [-89.08716118115944, 35.939401000000004]}}, {"type": "Feature", "properties": {"county_nam": "Gibson", "county_norm": "GIBSON", "prec_id": "002767", "precinct_norm": "GIBSON - 002767", "precinct_name": "Gibson - 002767", "precinct_full_name": "28 Cumberland Presbyterian Church", "name20": "28 Cumberland Presbyterian Church", "GEOID20": "47053002767"}, "geometry": {"type": "Point", "coordinates": [-88.73607720394173, 35.89014]}}, {"type": "Feature", "properties": {"county_nam": "Gibson", "county_norm": "GIBSON", "prec_id": "002765", "precinct_norm": "GIBSON - 002765", "precinct_name": "Gibson - 002765", "precinct_full_name": "26 Union Central", "name20": "26 Union Central", "GEOID20": "47053002765"}, "geometry": {"type": "Point", "coordinates": [-88.81526940097035, 35.9804955]}}, {"type": "Feature", "properties": {"county_nam": "Carter", "county_norm": "CARTER", "prec_id": "000921", "precinct_norm": "CARTER - 000921", "precinct_name": "Carter - 000921", "precinct_full_name": "Midway", "name20": "Midway", "GEOID20": "47019000921"}, "geometry": {"type": "Point", "coordinates": [-82.01650225, 36.462846]}}, {"type": "Feature", "properties": {"county_nam": "Carter", "county_norm": "CARTER", "prec_id": "000908", "precinct_norm": "CARTER - 000908", "precinct_name": "Carter - 000908", "precinct_full_name": "Hunter", "name20": "Hunter", "GEOID20": "47019000908"}, "geometry": {"type": "Point", "coordinates": [-82.15532646294075, 36.3833075]}}, {"type": "Feature", "properties": {"county_nam": "Carter", "county_norm": "CARTER", "prec_id": "000919", "precinct_norm": "CARTER - 000919", "precinct_name": "Carter - 000919", "precinct_full_name": "Unaka", "name20": "Unaka", "GEOID20": "47019000919"}, "geometry": {"type": "Point", "coordinates": [-82.06345424521841, 36.41377]}}, {"type": "Feature", "properties": {"county_nam": "Carter", "county_norm": "CARTER", "prec_id": "000918", "precinct_norm": "CARTER - 000918", "precinct_name": "Carter - 000918", "precinct_full_name": "Tiger Valley", "name20": "Tiger Valley", "GEOID20": "47019000918"}, "geometry": {"type": "Point", "coordinates": [-82.19136439302326, 36.217159]}}, {"type": "Feature", "properties": {"county_nam": "Carter", "county_norm": "CARTER", "prec_id": "000915", "precinct_norm": "CARTER - 000915", "precinct_name": "Carter - 000915", "precinct_full_name": "Roan Mountain", "name20": "Roan Mountain", "GEOID20": "47019000915"}, "geometry": {"type": "Point", "coordinates": [-82.07027307779146, 36.1653225]}}, {"type": "Feature", "properties": {"county_nam": "Carter", "county_norm": "CARTER", "prec_id": "000901", "precinct_norm": "CARTER - 000901", "precinct_name": "Carter - 000901", "precinct_full_name": "Happy Valley", "name20": "Happy Valley", "GEOID20": "47019000901"}, "geometry": {"type": "Point", "coordinates": [-82.304961125, 36.286510500000006]}}, {"type": "Feature", "properties": {"county_nam": "Carter", "county_norm": "CARTER", "prec_id": "000904", "precinct_norm": "CARTER - 000904", "precinct_name": "Carter - 000904", "precinct_full_name": "Westside", "name20": "Westside", "GEOID20": "47019000904"}, "geometry": {"type": "Point", "coordinates": [-82.25206314195907, 36.3345225]}}, {"type": "Feature", "properties": {"county_nam": "Carter", "county_norm": "CARTER", "prec_id": "000917", "precinct_norm": "CARTER - 000917", "precinct_name": "Carter - 000917", "precinct_full_name": "Gap Creek", "name20": "Gap Creek", "GEOID20": "47019000917"}, "geometry": {"type": "Point", "coordinates": [-82.24312536671366, 36.272172]}}, {"type": "Feature", "properties": {"county_nam": "Carter", "county_norm": "CARTER", "prec_id": "000905", "precinct_norm": "CARTER - 000905", "precinct_name": "Carter - 000905", "precinct_full_name": "High School", "name20": "High School", "GEOID20": "47019000905"}, "geometry": {"type": "Point", "coordinates": [-82.23094397670943, 36.3441785]}}, {"type": "Feature", "properties": {"county_nam": "Carter", "county_norm": "CARTER", "prec_id": "000912", "precinct_norm": "CARTER - 000912", "precinct_name": "Carter - 000912", "precinct_full_name": "Harold McCormick", "name20": "Harold McCormick", "GEOID20": "47019000912"}, "geometry": {"type": "Point", "coordinates": [-82.21243871428572, 36.336642]}}, {"type": "Feature", "properties": {"county_nam": "Carter", "county_norm": "CARTER", "prec_id": "000920", "precinct_norm": "CARTER - 000920", "precinct_name": "Carter - 000920", "precinct_full_name": "Watauga", "name20": "Watauga", "GEOID20": "47019000920"}, "geometry": {"type": "Point", "coordinates": [-82.28280892045018, 36.387738]}}, {"type": "Feature", "properties": {"county_nam": "Carter", "county_norm": "CARTER", "prec_id": "000902", "precinct_norm": "CARTER - 000902", "precinct_name": "Carter - 000902", "precinct_full_name": "Central", "name20": "Central", "GEOID20": "47019000902"}, "geometry": {"type": "Point", "coordinates": [-82.2869856405137, 36.337402999999995]}}, {"type": "Feature", "properties": {"county_nam": "Carter", "county_norm": "CARTER", "prec_id": "000906", "precinct_norm": "CARTER - 000906", "precinct_name": "Carter - 000906", "precinct_full_name": "Court House", "name20": "Court House", "GEOID20": "47019000906"}, "geometry": {"type": "Point", "coordinates": [-82.1636824802105, 36.365296]}}, {"type": "Feature", "properties": {"county_nam": "Carter", "county_norm": "CARTER", "prec_id": "000909", "precinct_norm": "CARTER - 000909", "precinct_name": "Carter - 000909", "precinct_full_name": "Siam", "name20": "Siam", "GEOID20": "47019000909"}, "geometry": {"type": "Point", "coordinates": [-82.14632716923077, 36.324327499999995]}}, {"type": "Feature", "properties": {"county_nam": "Carter", "county_norm": "CARTER", "prec_id": "000916", "precinct_norm": "CARTER - 000916", "precinct_name": "Carter - 000916", "precinct_full_name": "Hampton", "name20": "Hampton", "GEOID20": "47019000916"}, "geometry": {"type": "Point", "coordinates": [-82.11989942953929, 36.274049500000004]}}, {"type": "Feature", "properties": {"county_nam": "Carter", "county_norm": "CARTER", "prec_id": "000913", "precinct_norm": "CARTER - 000913", "precinct_name": "Carter - 000913", "precinct_full_name": "Little Milligan", "name20": "Little Milligan", "GEOID20": "47019000913"}, "geometry": {"type": "Point", "coordinates": [-82.04102588095239, 36.327381]}}, {"type": "Feature", "properties": {"county_nam": "Carter", "county_norm": "CARTER", "prec_id": "000914", "precinct_norm": "CARTER - 000914", "precinct_name": "Carter - 000914", "precinct_full_name": "Elk Mills", "name20": "Elk Mills", "GEOID20": "47019000914"}, "geometry": {"type": "Point", "coordinates": [-81.99330042976251, 36.259910000000005]}}, {"type": "Feature", "properties": {"county_nam": "Carter", "county_norm": "CARTER", "prec_id": "000910", "precinct_norm": "CARTER - 000910", "precinct_name": "Carter - 000910", "precinct_full_name": "Eastside", "name20": "Eastside", "GEOID20": "47019000910"}, "geometry": {"type": "Point", "coordinates": [-82.18267332692308, 36.331933500000005]}}, {"type": "Feature", "properties": {"county_nam": "Carter", "county_norm": "CARTER", "prec_id": "000911", "precinct_norm": "CARTER - 000911", "precinct_name": "Carter - 000911", "precinct_full_name": "Valley Forge", "name20": "Valley Forge", "GEOID20": "47019000911"}, "geometry": {"type": "Point", "coordinates": [-82.21056551476205, 36.311930000000004]}}, {"type": "Feature", "properties": {"county_nam": "Carter", "county_norm": "CARTER", "prec_id": "000907", "precinct_norm": "CARTER - 000907", "precinct_name": "Carter - 000907", "precinct_full_name": "Keenburg", "name20": "Keenburg", "GEOID20": "47019000907"}, "geometry": {"type": "Point", "coordinates": [-82.22957798863635, 36.389002000000005]}}, {"type": "Feature", "properties": {"county_nam": "Carter", "county_norm": "CARTER", "prec_id": "000922", "precinct_norm": "CARTER - 000922", "precinct_name": "Carter - 000922", "precinct_full_name": "National Guard Armory", "name20": "National Guard Armory", "GEOID20": "47019000922"}, "geometry": {"type": "Point", "coordinates": [-82.19205150172198, 36.3712005]}}, {"type": "Feature", "properties": {"county_nam": "Carter", "county_norm": "CARTER", "prec_id": "000903", "precinct_norm": "CARTER - 000903", "precinct_name": "Carter - 000903", "precinct_full_name": "Range", "name20": "Range", "GEOID20": "47019000903"}, "geometry": {"type": "Point", "coordinates": [-82.27017356345178, 36.372980999999996]}}, {"type": "Feature", "properties": {"county_nam": "Gibson", "county_norm": "GIBSON", "prec_id": "002766", "precinct_norm": "GIBSON - 002766", "precinct_name": "Gibson - 002766", "precinct_full_name": "27 Skullbone", "name20": "27 Skullbone", "GEOID20": "47053002766"}, "geometry": {"type": "Point", "coordinates": [-88.73218792316258, 36.042957]}}, {"type": "Feature", "properties": {"county_nam": "Gibson", "county_norm": "GIBSON", "prec_id": "002764", "precinct_norm": "GIBSON - 002764", "precinct_name": "Gibson - 002764", "precinct_full_name": "24 Moore's Chapel", "name20": "24 Moore's Chapel", "GEOID20": "47053002764"}, "geometry": {"type": "Point", "coordinates": [-88.83392888073081, 35.9421495]}}, {"type": "Feature", "properties": {"county_nam": "Gibson", "county_norm": "GIBSON", "prec_id": "002774", "precinct_norm": "GIBSON - 002774", "precinct_name": "Gibson - 002774", "precinct_full_name": "32 Bradford", "name20": "32 Bradford", "GEOID20": "47053002774"}, "geometry": {"type": "Point", "coordinates": [-88.82552469930623, 36.060931499999995]}}, {"type": "Feature", "properties": {"county_nam": "Gibson", "county_norm": "GIBSON", "prec_id": "002778", "precinct_norm": "GIBSON - 002778", "precinct_name": "Gibson - 002778", "precinct_full_name": "39 Currie", "name20": "39 Currie", "GEOID20": "47053002778"}, "geometry": {"type": "Point", "coordinates": [-89.0134760084203, 36.0397955]}}, {"type": "Feature", "properties": {"county_nam": "Gibson", "county_norm": "GIBSON", "prec_id": "002769", "precinct_norm": "GIBSON - 002769", "precinct_name": "Gibson - 002769", "precinct_full_name": "30 Milan Assembly/God", "name20": "30 Milan Assembly/God", "GEOID20": "47053002769"}, "geometry": {"type": "Point", "coordinates": [-88.76972956137509, 35.93279]}}, {"type": "Feature", "properties": {"county_nam": "Gibson", "county_norm": "GIBSON", "prec_id": "002770", "precinct_norm": "GIBSON - 002770", "precinct_name": "Gibson - 002770", "precinct_full_name": "31 Milan Muni Bldg", "name20": "31 Milan Muni Bldg", "GEOID20": "47053002770"}, "geometry": {"type": "Point", "coordinates": [-88.72854469962144, 35.932111500000005]}}, {"type": "Feature", "properties": {"county_nam": "Gibson", "county_norm": "GIBSON", "prec_id": "002776", "precinct_norm": "GIBSON - 002776", "precinct_name": "Gibson - 002776", "precinct_full_name": "37 Good Luck", "name20": "37 Good Luck", "GEOID20": "47053002776"}, "geometry": {"type": "Point", "coordinates": [-88.91204110920437, 36.1327705]}}, {"type": "Feature", "properties": {"county_nam": "Gibson", "county_norm": "GIBSON", "prec_id": "002775", "precinct_norm": "GIBSON - 002775", "precinct_name": "Gibson - 002775", "precinct_full_name": "34 Laneview", "name20": "34 Laneview", "GEOID20": "47053002775"}, "geometry": {"type": "Point", "coordinates": [-88.8888599912892, 36.030822]}}, {"type": "Feature", "properties": {"county_nam": "Gibson", "county_norm": "GIBSON", "prec_id": "002777", "precinct_norm": "GIBSON - 002777", "precinct_name": "Gibson - 002777", "precinct_full_name": "38 Dyer", "name20": "38 Dyer", "GEOID20": "47053002777"}, "geometry": {"type": "Point", "coordinates": [-88.98262361182762, 36.0849795]}}, {"type": "Feature", "properties": {"county_nam": "Gibson", "county_norm": "GIBSON", "prec_id": "002768", "precinct_norm": "GIBSON - 002768", "precinct_name": "Gibson - 002768", "precinct_full_name": "29 Milan Polk Clark", "name20": "29 Milan Polk Clark", "GEOID20": "47053002768"}, "geometry": {"type": "Point", "coordinates": [-88.76742022189349, 35.917066000000005]}}, {"type": "Feature", "properties": {"county_nam": "Gibson", "county_norm": "GIBSON", "prec_id": "002773", "precinct_norm": "GIBSON - 002773", "precinct_name": "Gibson - 002773", "precinct_full_name": "40 Rutherford", "name20": "40 Rutherford", "GEOID20": "47053002773"}, "geometry": {"type": "Point", "coordinates": [-89.0284481091164, 36.145005999999995]}}, {"type": "Feature", "properties": {"county_nam": "Gibson", "county_norm": "GIBSON", "prec_id": "002771", "precinct_norm": "GIBSON - 002771", "precinct_name": "Gibson - 002771", "precinct_full_name": "17 Yorkville", "name20": "17 Yorkville", "GEOID20": "47053002771"}, "geometry": {"type": "Point", "coordinates": [-89.11087759406854, 36.0619515]}}, {"type": "Feature", "properties": {"county_nam": "Gibson", "county_norm": "GIBSON", "prec_id": "002772", "precinct_norm": "GIBSON - 002772", "precinct_name": "Gibson - 002772", "precinct_full_name": "18 Kenton", "name20": "18 Kenton", "GEOID20": "47053002772"}, "geometry": {"type": "Point", "coordinates": [-89.09891858485463, 36.173725000000005]}}, {"type": "Feature", "properties": {"county_nam": "Weakley", "county_norm": "WEAKLEY", "prec_id": "009503", "precinct_norm": "WEAKLEY - 009503", "precinct_name": "Weakley - 009503", "precinct_full_name": "01B Latham Vol. Fire Dept.", "name20": "01B Latham Vol. Fire Dept.", "GEOID20": "47183009503"}, "geometry": {"type": "Point", "coordinates": [-88.6843880015739, 36.403493]}}, {"type": "Feature", "properties": {"county_nam": "Weakley", "county_norm": "WEAKLEY", "prec_id": "009504", "precinct_norm": "WEAKLEY - 009504", "precinct_name": "Weakley - 009504", "precinct_full_name": "09 Dresden First United Methodist Church", "name20": "09 Dresden First United Methodist Church", "GEOID20": "47183009504"}, "geometry": {"type": "Point", "coordinates": [-88.70580091711712, 36.282784500000005]}}, {"type": "Feature", "properties": {"county_nam": "Weakley", "county_norm": "WEAKLEY", "prec_id": "009507", "precinct_norm": "WEAKLEY - 009507", "precinct_name": "Weakley - 009507", "precinct_full_name": "03 Greenfield First Baptist Church", "name20": "03 Greenfield First Baptist Church", "GEOID20": "47183009507"}, "geometry": {"type": "Point", "coordinates": [-88.75941510851517, 36.137694499999995]}}, {"type": "Feature", "properties": {"county_nam": "Weakley", "county_norm": "WEAKLEY", "prec_id": "009501", "precinct_norm": "WEAKLEY - 009501", "precinct_name": "Weakley - 009501", "precinct_full_name": "01A Palmersville Fire Station", "name20": "01A Palmersville Fire Station", "GEOID20": "47183009501"}, "geometry": {"type": "Point", "coordinates": [-88.5756657421545, 36.3649495]}}, {"type": "Feature", "properties": {"county_nam": "Weakley", "county_norm": "WEAKLEY", "prec_id": "009502", "precinct_norm": "WEAKLEY - 009502", "precinct_name": "Weakley - 009502", "precinct_full_name": "02 Gleason Community Building", "name20": "02 Gleason Community Building", "GEOID20": "47183009502"}, "geometry": {"type": "Point", "coordinates": [-88.6029191790399, 36.1852745]}}, {"type": "Feature", "properties": {"county_nam": "Weakley", "county_norm": "WEAKLEY", "prec_id": "009509", "precinct_norm": "WEAKLEY - 009509", "precinct_name": "Weakley - 009509", "precinct_full_name": "07 Martin Shepardsfield Church", "name20": "07 Martin Shepardsfield Church", "GEOID20": "47183009509"}, "geometry": {"type": "Point", "coordinates": [-88.92272459481761, 36.3416425]}}, {"type": "Feature", "properties": {"county_nam": "Weakley", "county_norm": "WEAKLEY", "prec_id": "009505", "precinct_norm": "WEAKLEY - 009505", "precinct_name": "Weakley - 009505", "precinct_full_name": "08 Martin First United Methodist Church", "name20": "08 Martin First United Methodist Church", "GEOID20": "47183009505"}, "geometry": {"type": "Point", "coordinates": [-88.78210961487292, 36.374838499999996]}}, {"type": "Feature", "properties": {"county_nam": "Weakley", "county_norm": "WEAKLEY", "prec_id": "009506", "precinct_norm": "WEAKLEY - 009506", "precinct_name": "Weakley - 009506", "precinct_full_name": "04 Sharon First Baptist Church", "name20": "04 Sharon First Baptist Church", "GEOID20": "47183009506"}, "geometry": {"type": "Point", "coordinates": [-88.84029835618225, 36.243297]}}, {"type": "Feature", "properties": {"county_nam": "Weakley", "county_norm": "WEAKLEY", "prec_id": "009508", "precinct_norm": "WEAKLEY - 009508", "precinct_name": "Weakley - 009508", "precinct_full_name": "05 Martin Church of Christ", "name20": "05 Martin Church of Christ", "GEOID20": "47183009508"}, "geometry": {"type": "Point", "coordinates": [-88.83510655607476, 36.335612]}}, {"type": "Feature", "properties": {"county_nam": "Weakley", "county_norm": "WEAKLEY", "prec_id": "009510", "precinct_norm": "WEAKLEY - 009510", "precinct_name": "Weakley - 009510", "precinct_full_name": "06 Martin Trinity Presbyterian Church", "name20": "06 Martin Trinity Presbyterian Church", "GEOID20": "47183009510"}, "geometry": {"type": "Point", "coordinates": [-88.86985684860558, 36.337542]}}, {"type": "Feature", "properties": {"county_nam": "Blount", "county_norm": "BLOUNT", "prec_id": "000414", "precinct_norm": "BLOUNT - 000414", "precinct_name": "Blount - 000414", "precinct_full_name": "Maryville Municipal", "name20": "Maryville Municipal", "GEOID20": "47009000414"}, "geometry": {"type": "Point", "coordinates": [-84.00548166232073, 35.745267]}}, {"type": "Feature", "properties": {"county_nam": "Blount", "county_norm": "BLOUNT", "prec_id": "000411", "precinct_norm": "BLOUNT - 000411", "precinct_name": "Blount - 000411", "precinct_full_name": "Martin Luther King", "name20": "Martin Luther King", "GEOID20": "47009000411"}, "geometry": {"type": "Point", "coordinates": [-83.97434652480916, 35.7756165]}}, {"type": "Feature", "properties": {"county_nam": "Blount", "county_norm": "BLOUNT", "prec_id": "000413", "precinct_norm": "BLOUNT - 000413", "precinct_name": "Blount - 000413", "precinct_full_name": "Everett", "name20": "Everett", "GEOID20": "47009000413"}, "geometry": {"type": "Point", "coordinates": [-83.95917526744185, 35.7708285]}}, {"type": "Feature", "properties": {"county_nam": "Blount", "county_norm": "BLOUNT", "prec_id": "000412", "precinct_norm": "BLOUNT - 000412", "precinct_name": "Blount - 000412", "precinct_full_name": "Oak Street", "name20": "Oak Street", "GEOID20": "47009000412"}, "geometry": {"type": "Point", "coordinates": [-84.03049458599509, 35.7719975]}}, {"type": "Feature", "properties": {"county_nam": "Blount", "county_norm": "BLOUNT", "prec_id": "000409", "precinct_norm": "BLOUNT - 000409", "precinct_name": "Blount - 000409", "precinct_full_name": "Mentor", "name20": "Mentor", "GEOID20": "47009000409"}, "geometry": {"type": "Point", "coordinates": [-83.9965625981794, 35.8171155]}}, {"type": "Feature", "properties": {"county_nam": "Blount", "county_norm": "BLOUNT", "prec_id": "000408", "precinct_norm": "BLOUNT - 000408", "precinct_name": "Blount - 000408", "precinct_full_name": "Alcoa High School", "name20": "Alcoa High School", "GEOID20": "47009000408"}, "geometry": {"type": "Point", "coordinates": [-83.98157296244912, 35.796678]}}, {"type": "Feature", "properties": {"county_nam": "Blount", "county_norm": "BLOUNT", "prec_id": "000436", "precinct_norm": "BLOUNT - 000436", "precinct_name": "Blount - 000436", "precinct_full_name": "Pellissippi Campus", "name20": "Pellissippi Campus", "GEOID20": "47009000436"}, "geometry": {"type": "Point", "coordinates": [-84.08785666447079, 35.742715000000004]}}, {"type": "Feature", "properties": {"county_nam": "Blount", "county_norm": "BLOUNT", "prec_id": "000410", "precinct_norm": "BLOUNT - 000410", "precinct_name": "Blount - 000410", "precinct_full_name": "Beech Grove", "name20": "Beech Grove", "GEOID20": "47009000410"}, "geometry": {"type": "Point", "coordinates": [-83.9789440879121, 35.857444]}}, {"type": "Feature", "properties": {"county_nam": "Blount", "county_norm": "BLOUNT", "prec_id": "000407", "precinct_norm": "BLOUNT - 000407", "precinct_name": "Blount - 000407", "precinct_full_name": "Middlesettlements", "name20": "Middlesettlements", "GEOID20": "47009000407"}, "geometry": {"type": "Point", "coordinates": [-84.04584929938716, 35.796765]}}, {"type": "Feature", "properties": {"county_nam": "Blount", "county_norm": "BLOUNT", "prec_id": "000423", "precinct_norm": "BLOUNT - 000423", "precinct_name": "Blount - 000423", "precinct_full_name": "Louisville", "name20": "Louisville", "GEOID20": "47009000423"}, "geometry": {"type": "Point", "coordinates": [-84.06115130600625, 35.82671]}}, {"type": "Feature", "properties": {"county_nam": "Blount", "county_norm": "BLOUNT", "prec_id": "000431", "precinct_norm": "BLOUNT - 000431", "precinct_name": "Blount - 000431", "precinct_full_name": "Eagleton Cafeteria", "name20": "Eagleton Cafeteria", "GEOID20": "47009000431"}, "geometry": {"type": "Point", "coordinates": [-83.91591054681649, 35.783373]}}, {"type": "Feature", "properties": {"county_nam": "Blount", "county_norm": "BLOUNT", "prec_id": "000430", "precinct_norm": "BLOUNT - 000430", "precinct_name": "Blount - 000430", "precinct_full_name": "John Sevier", "name20": "John Sevier", "GEOID20": "47009000430"}, "geometry": {"type": "Point", "coordinates": [-83.94174130412966, 35.769784]}}, {"type": "Feature", "properties": {"county_nam": "Blount", "county_norm": "BLOUNT", "prec_id": "000403", "precinct_norm": "BLOUNT - 000403", "precinct_name": "Blount - 000403", "precinct_full_name": "Blount County Board of Education", "name20": "Blount County Board of Education", "GEOID20": "47009000403"}, "geometry": {"type": "Point", "coordinates": [-83.9358148548387, 35.747032000000004]}}, {"type": "Feature", "properties": {"county_nam": "Blount", "county_norm": "BLOUNT", "prec_id": "000427", "precinct_norm": "BLOUNT - 000427", "precinct_name": "Blount - 000427", "precinct_full_name": "Montvale", "name20": "Montvale", "GEOID20": "47009000427"}, "geometry": {"type": "Point", "coordinates": [-83.96988597314814, 35.6817935]}}, {"type": "Feature", "properties": {"county_nam": "Blount", "county_norm": "BLOUNT", "prec_id": "000433", "precinct_norm": "BLOUNT - 000433", "precinct_name": "Blount - 000433", "precinct_full_name": "Fairview", "name20": "Fairview", "GEOID20": "47009000433"}, "geometry": {"type": "Point", "coordinates": [-84.00869530874999, 35.7019085]}}, {"type": "Feature", "properties": {"county_nam": "Blount", "county_norm": "BLOUNT", "prec_id": "000425", "precinct_norm": "BLOUNT - 000425", "precinct_name": "Blount - 000425", "precinct_full_name": "Chilhowee View", "name20": "Chilhowee View", "GEOID20": "47009000425"}, "geometry": {"type": "Point", "coordinates": [-83.89234853476822, 35.710136500000004]}}, {"type": "Feature", "properties": {"county_nam": "Blount", "county_norm": "BLOUNT", "prec_id": "000421", "precinct_norm": "BLOUNT - 000421", "precinct_name": "Blount - 000421", "precinct_full_name": "Miser Station", "name20": "Miser Station", "GEOID20": "47009000421"}, "geometry": {"type": "Point", "coordinates": [-84.10340368200349, 35.803245]}}, {"type": "Feature", "properties": {"county_nam": "Blount", "county_norm": "BLOUNT", "prec_id": "000432", "precinct_norm": "BLOUNT - 000432", "precinct_name": "Blount - 000432", "precinct_full_name": "Maryville College", "name20": "Maryville College", "GEOID20": "47009000432"}, "geometry": {"type": "Point", "coordinates": [-83.96028204901216, 35.7384795]}}, {"type": "Feature", "properties": {"county_nam": "Blount", "county_norm": "BLOUNT", "prec_id": "000420", "precinct_norm": "BLOUNT - 000420", "precinct_name": "Blount - 000420", "precinct_full_name": "Maryville High School", "name20": "Maryville High School", "GEOID20": "47009000420"}, "geometry": {"type": "Point", "coordinates": [-83.9876409044632, 35.731189]}}, {"type": "Feature", "properties": {"county_nam": "Blount", "county_norm": "BLOUNT", "prec_id": "000404", "precinct_norm": "BLOUNT - 000404", "precinct_name": "Blount - 000404", "precinct_full_name": "Maryville Junior High", "name20": "Maryville Junior High", "GEOID20": "47009000404"}, "geometry": {"type": "Point", "coordinates": [-83.97200369349444, 35.7329665]}}, {"type": "Feature", "properties": {"county_nam": "Blount", "county_norm": "BLOUNT", "prec_id": "000417", "precinct_norm": "BLOUNT - 000417", "precinct_name": "Blount - 000417", "precinct_full_name": "William Blount High", "name20": "William Blount High", "GEOID20": "47009000417"}, "geometry": {"type": "Point", "coordinates": [-84.04850241884967, 35.7374395]}}, {"type": "Feature", "properties": {"county_nam": "Blount", "county_norm": "BLOUNT", "prec_id": "000419", "precinct_norm": "BLOUNT - 000419", "precinct_name": "Blount - 000419", "precinct_full_name": "William Blount Academy", "name20": "William Blount Academy", "GEOID20": "47009000419"}, "geometry": {"type": "Point", "coordinates": [-84.08214886881188, 35.6873365]}}, {"type": "Feature", "properties": {"county_nam": "Blount", "county_norm": "BLOUNT", "prec_id": "000418", "precinct_norm": "BLOUNT - 000418", "precinct_name": "Blount - 000418", "precinct_full_name": "Lanier", "name20": "Lanier", "GEOID20": "47009000418"}, "geometry": {"type": "Point", "coordinates": [-84.04825191865417, 35.5610015]}}, {"type": "Feature", "properties": {"county_nam": "Blount", "county_norm": "BLOUNT", "prec_id": "000435", "precinct_norm": "BLOUNT - 000435", "precinct_name": "Blount - 000435", "precinct_full_name": "Happy Valley", "name20": "Happy Valley", "GEOID20": "47009000435"}, "geometry": {"type": "Point", "coordinates": [-83.9626448557132, 35.5988725]}}, {"type": "Feature", "properties": {"county_nam": "Blount", "county_norm": "BLOUNT", "prec_id": "000416", "precinct_norm": "BLOUNT - 000416", "precinct_name": "Blount - 000416", "precinct_full_name": "Friendsville", "name20": "Friendsville", "GEOID20": "47009000416"}, "geometry": {"type": "Point", "coordinates": [-84.13845110508083, 35.7688045]}}, {"type": "Feature", "properties": {"county_nam": "Blount", "county_norm": "BLOUNT", "prec_id": "000434", "precinct_norm": "BLOUNT - 000434", "precinct_name": "Blount - 000434", "precinct_full_name": "Carpenters", "name20": "Carpenters", "GEOID20": "47009000434"}, "geometry": {"type": "Point", "coordinates": [-84.00649881002234, 35.637403]}}, {"type": "Feature", "properties": {"county_nam": "Blount", "county_norm": "BLOUNT", "prec_id": "000415", "precinct_norm": "BLOUNT - 000415", "precinct_name": "Blount - 000415", "precinct_full_name": "Big Springs", "name20": "Big Springs", "GEOID20": "47009000415"}, "geometry": {"type": "Point", "coordinates": [-84.14208942426913, 35.699507499999996]}}, {"type": "Feature", "properties": {"county_nam": "Blount", "county_norm": "BLOUNT", "prec_id": "000401", "precinct_norm": "BLOUNT - 000401", "precinct_name": "Blount - 000401", "precinct_full_name": "Townsend", "name20": "Townsend", "GEOID20": "47009000401"}, "geometry": {"type": "Point", "coordinates": [-83.79974424409772, 35.6001675]}}, {"type": "Feature", "properties": {"county_nam": "Blount", "county_norm": "BLOUNT", "prec_id": "000426", "precinct_norm": "BLOUNT - 000426", "precinct_name": "Blount - 000426", "precinct_full_name": "Walland", "name20": "Walland", "GEOID20": "47009000426"}, "geometry": {"type": "Point", "coordinates": [-83.83832711138463, 35.699041]}}, {"type": "Feature", "properties": {"county_nam": "Blount", "county_norm": "BLOUNT", "prec_id": "000424", "precinct_norm": "BLOUNT - 000424", "precinct_name": "Blount - 000424", "precinct_full_name": "Heritage", "name20": "Heritage", "GEOID20": "47009000424"}, "geometry": {"type": "Point", "coordinates": [-83.87203148126468, 35.7573125]}}, {"type": "Feature", "properties": {"county_nam": "Blount", "county_norm": "BLOUNT", "prec_id": "000406", "precinct_norm": "BLOUNT - 000406", "precinct_name": "Blount - 000406", "precinct_full_name": "Rockford", "name20": "Rockford", "GEOID20": "47009000406"}, "geometry": {"type": "Point", "coordinates": [-83.94176079850746, 35.832883]}}, {"type": "Feature", "properties": {"county_nam": "Blount", "county_norm": "BLOUNT", "prec_id": "000405", "precinct_norm": "BLOUNT - 000405", "precinct_name": "Blount - 000405", "precinct_full_name": "Prospect", "name20": "Prospect", "GEOID20": "47009000405"}, "geometry": {"type": "Point", "coordinates": [-83.80553937964959, 35.8518435]}}, {"type": "Feature", "properties": {"county_nam": "Blount", "county_norm": "BLOUNT", "prec_id": "000429", "precinct_norm": "BLOUNT - 000429", "precinct_name": "Blount - 000429", "precinct_full_name": "Porter", "name20": "Porter", "GEOID20": "47009000429"}, "geometry": {"type": "Point", "coordinates": [-83.87730897057293, 35.8272395]}}, {"type": "Feature", "properties": {"county_nam": "Blount", "county_norm": "BLOUNT", "prec_id": "000402", "precinct_norm": "BLOUNT - 000402", "precinct_name": "Blount - 000402", "precinct_full_name": "Oak View", "name20": "Oak View", "GEOID20": "47009000402"}, "geometry": {"type": "Point", "coordinates": [-83.79419377952756, 35.7918765]}}, {"type": "Feature", "properties": {"county_nam": "Fentress", "county_norm": "FENTRESS", "prec_id": "002557", "precinct_norm": "FENTRESS - 002557", "precinct_name": "Fentress - 002557", "precinct_full_name": "Community Center", "name20": "Community Center", "GEOID20": "47049002557"}, "geometry": {"type": "Point", "coordinates": [-84.888170578125, 36.42321]}}, {"type": "Feature", "properties": {"county_nam": "Fentress", "county_norm": "FENTRESS", "prec_id": "002554", "precinct_norm": "FENTRESS - 002554", "precinct_name": "Fentress - 002554", "precinct_full_name": "Courthouse", "name20": "Courthouse", "GEOID20": "47049002554"}, "geometry": {"type": "Point", "coordinates": [-84.9288678294805, 36.413187]}}, {"type": "Feature", "properties": {"county_nam": "Fentress", "county_norm": "FENTRESS", "prec_id": "002558", "precinct_norm": "FENTRESS - 002558", "precinct_name": "Fentress - 002558", "precinct_full_name": "Crossroad", "name20": "Crossroad", "GEOID20": "47049002558"}, "geometry": {"type": "Point", "coordinates": [-84.96204643658537, 36.4514755]}}, {"type": "Feature", "properties": {"county_nam": "Fentress", "county_norm": "FENTRESS", "prec_id": "002559", "precinct_norm": "FENTRESS - 002559", "precinct_name": "Fentress - 002559", "precinct_full_name": "Pall Mall", "name20": "Pall Mall", "GEOID20": "47049002559"}, "geometry": {"type": "Point", "coordinates": [-84.98465467001782, 36.5240745]}}, {"type": "Feature", "properties": {"county_nam": "Fentress", "county_norm": "FENTRESS", "prec_id": "002563", "precinct_norm": "FENTRESS - 002563", "precinct_name": "Fentress - 002563", "precinct_full_name": "East Jamestown", "name20": "East Jamestown", "GEOID20": "47049002563"}, "geometry": {"type": "Point", "coordinates": [-84.86911935054349, 36.499917499999995]}}, {"type": "Feature", "properties": {"county_nam": "Fentress", "county_norm": "FENTRESS", "prec_id": "002560", "precinct_norm": "FENTRESS - 002560", "precinct_name": "Fentress - 002560", "precinct_full_name": "West Fentress", "name20": "West Fentress", "GEOID20": "47049002560"}, "geometry": {"type": "Point", "coordinates": [-85.05005036855104, 36.404219]}}, {"type": "Feature", "properties": {"county_nam": "Fentress", "county_norm": "FENTRESS", "prec_id": "002553", "precinct_norm": "FENTRESS - 002553", "precinct_name": "Fentress - 002553", "precinct_full_name": "Allardt", "name20": "Allardt", "GEOID20": "47049002553"}, "geometry": {"type": "Point", "coordinates": [-84.84047811582715, 36.3599215]}}, {"type": "Feature", "properties": {"county_nam": "Fentress", "county_norm": "FENTRESS", "prec_id": "002555", "precinct_norm": "FENTRESS - 002555", "precinct_name": "Fentress - 002555", "precinct_full_name": "Pine Haven", "name20": "Pine Haven", "GEOID20": "47049002555"}, "geometry": {"type": "Point", "coordinates": [-84.78627973759505, 36.4723015]}}, {"type": "Feature", "properties": {"county_nam": "Fentress", "county_norm": "FENTRESS", "prec_id": "002551", "precinct_norm": "FENTRESS - 002551", "precinct_name": "Fentress - 002551", "precinct_full_name": "Armathwaite", "name20": "Armathwaite", "GEOID20": "47049002551"}, "geometry": {"type": "Point", "coordinates": [-84.74437151811593, 36.386205000000004]}}, {"type": "Feature", "properties": {"county_nam": "Fentress", "county_norm": "FENTRESS", "prec_id": "002561", "precinct_norm": "FENTRESS - 002561", "precinct_name": "Fentress - 002561", "precinct_full_name": "Tinchtown", "name20": "Tinchtown", "GEOID20": "47049002561"}, "geometry": {"type": "Point", "coordinates": [-84.91486266708071, 36.3593905]}}, {"type": "Feature", "properties": {"county_nam": "Fentress", "county_norm": "FENTRESS", "prec_id": "002562", "precinct_norm": "FENTRESS - 002562", "precinct_name": "Fentress - 002562", "precinct_full_name": "Grimsley", "name20": "Grimsley", "GEOID20": "47049002562"}, "geometry": {"type": "Point", "coordinates": [-84.96451376088609, 36.317422500000006]}}, {"type": "Feature", "properties": {"county_nam": "Fentress", "county_norm": "FENTRESS", "prec_id": "002552", "precinct_norm": "FENTRESS - 002552", "precinct_name": "Fentress - 002552", "precinct_full_name": "Banner", "name20": "Banner", "GEOID20": "47049002552"}, "geometry": {"type": "Point", "coordinates": [-84.96271872360704, 36.212374]}}, {"type": "Feature", "properties": {"county_nam": "Fentress", "county_norm": "FENTRESS", "prec_id": "002556", "precinct_norm": "FENTRESS - 002556", "precinct_name": "Fentress - 002556", "precinct_full_name": "Clarkrange", "name20": "Clarkrange", "GEOID20": "47049002556"}, "geometry": {"type": "Point", "coordinates": [-85.05225090638629, 36.203635000000006]}}, {"type": "Feature", "properties": {"county_nam": "Wayne", "county_norm": "WAYNE", "prec_id": "009404", "precinct_norm": "WAYNE - 009404", "precinct_name": "Wayne - 009404", "precinct_full_name": "1 Waynesboro City", "name20": "1 Waynesboro City", "GEOID20": "47181009404"}, "geometry": {"type": "Point", "coordinates": [-87.75326957209111, 35.323377]}}, {"type": "Feature", "properties": {"county_nam": "Wayne", "county_norm": "WAYNE", "prec_id": "009401", "precinct_norm": "WAYNE - 009401", "precinct_name": "Wayne - 009401", "precinct_full_name": "2 Clifton", "name20": "2 Clifton", "GEOID20": "47181009401"}, "geometry": {"type": "Point", "coordinates": [-87.98411796169282, 35.376405500000004]}}, {"type": "Feature", "properties": {"county_nam": "Wayne", "county_norm": "WAYNE", "prec_id": "009410", "precinct_norm": "WAYNE - 009410", "precinct_name": "Wayne - 009410", "precinct_full_name": "7 Buffalo River Fire Dept.", "name20": "7 Buffalo River Fire Dept.", "GEOID20": "47181009410"}, "geometry": {"type": "Point", "coordinates": [-87.63869963679245, 35.400727]}}, {"type": "Feature", "properties": {"county_nam": "Wayne", "county_norm": "WAYNE", "prec_id": "009407", "precinct_norm": "WAYNE - 009407", "precinct_name": "Wayne - 009407", "precinct_full_name": "7 Ovilla Fire Hall", "name20": "7 Ovilla Fire Hall", "GEOID20": "47181009407"}, "geometry": {"type": "Point", "coordinates": [-87.6720386958855, 35.283485999999996]}}, {"type": "Feature", "properties": {"county_nam": "Wayne", "county_norm": "WAYNE", "prec_id": "009402", "precinct_norm": "WAYNE - 009402", "precinct_name": "Wayne - 009402", "precinct_full_name": "3 Beech Creek Fire Hall", "name20": "3 Beech Creek Fire Hall", "GEOID20": "47181009402"}, "geometry": {"type": "Point", "coordinates": [-87.89262877534148, 35.4088475]}}, {"type": "Feature", "properties": {"county_nam": "Wayne", "county_norm": "WAYNE", "prec_id": "009409", "precinct_norm": "WAYNE - 009409", "precinct_name": "Wayne - 009409", "precinct_full_name": "3 Crazy Horse", "name20": "3 Crazy Horse", "GEOID20": "47181009409"}, "geometry": {"type": "Point", "coordinates": [-87.75780792287844, 35.4072625]}}, {"type": "Feature", "properties": {"county_nam": "Wayne", "county_norm": "WAYNE", "prec_id": "009408", "precinct_norm": "WAYNE - 009408", "precinct_name": "Wayne - 009408", "precinct_full_name": "3 Eagle Creek Fire Hall", "name20": "3 Eagle Creek Fire Hall", "GEOID20": "47181009408"}, "geometry": {"type": "Point", "coordinates": [-87.90624391789942, 35.338734]}}, {"type": "Feature", "properties": {"county_nam": "Wayne", "county_norm": "WAYNE", "prec_id": "009405", "precinct_norm": "WAYNE - 009405", "precinct_name": "Wayne - 009405", "precinct_full_name": "5 Lutts", "name20": "5 Lutts", "GEOID20": "47181009405"}, "geometry": {"type": "Point", "coordinates": [-87.90491001512456, 35.12675]}}, {"type": "Feature", "properties": {"county_nam": "Wayne", "county_norm": "WAYNE", "prec_id": "009413", "precinct_norm": "WAYNE - 009413", "precinct_name": "Wayne - 009413", "precinct_full_name": "5 Big Cypress", "name20": "5 Big Cypress", "GEOID20": "47181009413"}, "geometry": {"type": "Point", "coordinates": [-87.82871422094532, 35.074967]}}, {"type": "Feature", "properties": {"county_nam": "Wayne", "county_norm": "WAYNE", "prec_id": "009414", "precinct_norm": "WAYNE - 009414", "precinct_name": "Wayne - 009414", "precinct_full_name": "5 Wayne Co. High School", "name20": "5 Wayne Co. High School", "GEOID20": "47181009414"}, "geometry": {"type": "Point", "coordinates": [-87.87392306970611, 35.26747]}}, {"type": "Feature", "properties": {"county_nam": "Wayne", "county_norm": "WAYNE", "prec_id": "009411", "precinct_norm": "WAYNE - 009411", "precinct_name": "Wayne - 009411", "precinct_full_name": "4 Collinwood City", "name20": "4 Collinwood City", "GEOID20": "47181009411"}, "geometry": {"type": "Point", "coordinates": [-87.77341348722857, 35.2091625]}}, {"type": "Feature", "properties": {"county_nam": "Wayne", "county_norm": "WAYNE", "prec_id": "009403", "precinct_norm": "WAYNE - 009403", "precinct_name": "Wayne - 009403", "precinct_full_name": "4 Shawnatee", "name20": "4 Shawnatee", "GEOID20": "47181009403"}, "geometry": {"type": "Point", "coordinates": [-87.65131747183909, 35.194173]}}, {"type": "Feature", "properties": {"county_nam": "Wayne", "county_norm": "WAYNE", "prec_id": "009406", "precinct_norm": "WAYNE - 009406", "precinct_name": "Wayne - 009406", "precinct_full_name": "6 Holly Creek Fire Hall", "name20": "6 Holly Creek Fire Hall", "GEOID20": "47181009406"}, "geometry": {"type": "Point", "coordinates": [-87.63449104424217, 35.098465000000004]}}, {"type": "Feature", "properties": {"county_nam": "Wayne", "county_norm": "WAYNE", "prec_id": "009412", "precinct_norm": "WAYNE - 009412", "precinct_name": "Wayne - 009412", "precinct_full_name": "6 Southgate Fire Hall", "name20": "6 Southgate Fire Hall", "GEOID20": "47181009412"}, "geometry": {"type": "Point", "coordinates": [-87.71560374291832, 35.0757525]}}, {"type": "Feature", "properties": {"county_nam": "Henry", "county_norm": "HENRY", "prec_id": "004103", "precinct_norm": "HENRY - 004103", "precinct_name": "Henry - 004103", "precinct_full_name": "3-3 Jones Chapel", "name20": "3-3 Jones Chapel", "GEOID20": "47079004103"}, "geometry": {"type": "Point", "coordinates": [-88.20348188196023, 36.3472125]}}, {"type": "Feature", "properties": {"county_nam": "Henry", "county_norm": "HENRY", "prec_id": "004111", "precinct_norm": "HENRY - 004111", "precinct_name": "Henry - 004111", "precinct_full_name": "3-2 Springville", "name20": "3-2 Springville", "GEOID20": "47079004111"}, "geometry": {"type": "Point", "coordinates": [-88.13765924630471, 36.2784185]}}, {"type": "Feature", "properties": {"county_nam": "Henry", "county_norm": "HENRY", "prec_id": "004110", "precinct_norm": "HENRY - 004110", "precinct_name": "Henry - 004110", "precinct_full_name": "4-1 Grove", "name20": "4-1 Grove", "GEOID20": "47079004110"}, "geometry": {"type": "Point", "coordinates": [-88.35418517300079, 36.284633]}}, {"type": "Feature", "properties": {"county_nam": "Henry", "county_norm": "HENRY", "prec_id": "004104", "precinct_norm": "HENRY - 004104", "precinct_name": "Henry - 004104", "precinct_full_name": "4-2 City Hall", "name20": "4-2 City Hall", "GEOID20": "47079004104"}, "geometry": {"type": "Point", "coordinates": [-88.32924170513235, 36.341858]}}, {"type": "Feature", "properties": {"county_nam": "Henry", "county_norm": "HENRY", "prec_id": "004112", "precinct_norm": "HENRY - 004112", "precinct_name": "Henry - 004112", "precinct_full_name": "3-1 Russwood", "name20": "3-1 Russwood", "GEOID20": "47079004112"}, "geometry": {"type": "Point", "coordinates": [-88.11517710442939, 36.421772000000004]}}, {"type": "Feature", "properties": {"county_nam": "Henry", "county_norm": "HENRY", "prec_id": "004106", "precinct_norm": "HENRY - 004106", "precinct_name": "Henry - 004106", "precinct_full_name": "1-2 Cottage Grove", "name20": "1-2 Cottage Grove", "GEOID20": "47079004106"}, "geometry": {"type": "Point", "coordinates": [-88.43753327298091, 36.355946]}}, {"type": "Feature", "properties": {"county_nam": "Henry", "county_norm": "HENRY", "prec_id": "004101", "precinct_norm": "HENRY - 004101", "precinct_name": "Henry - 004101", "precinct_full_name": "1-1 Puryear", "name20": "1-1 Puryear", "GEOID20": "47079004101"}, "geometry": {"type": "Point", "coordinates": [-88.34309428358209, 36.4315615]}}, {"type": "Feature", "properties": {"county_nam": "Henry", "county_norm": "HENRY", "prec_id": "004107", "precinct_norm": "HENRY - 004107", "precinct_name": "Henry - 004107", "precinct_full_name": "1-3 Buchanan", "name20": "1-3 Buchanan", "GEOID20": "47079004107"}, "geometry": {"type": "Point", "coordinates": [-88.22489267697375, 36.431715]}}, {"type": "Feature", "properties": {"county_nam": "Henry", "county_norm": "HENRY", "prec_id": "004108", "precinct_norm": "HENRY - 004108", "precinct_name": "Henry - 004108", "precinct_full_name": "2-1 Henry", "name20": "2-1 Henry", "GEOID20": "47079004108"}, "geometry": {"type": "Point", "coordinates": [-88.41834891238486, 36.2129525]}}, {"type": "Feature", "properties": {"county_nam": "Henry", "county_norm": "HENRY", "prec_id": "004102", "precinct_norm": "HENRY - 004102", "precinct_name": "Henry - 004102", "precinct_full_name": "2-2 Mansfield", "name20": "2-2 Mansfield", "GEOID20": "47079004102"}, "geometry": {"type": "Point", "coordinates": [-88.24649736427708, 36.1964135]}}, {"type": "Feature", "properties": {"county_nam": "Henry", "county_norm": "HENRY", "prec_id": "004113", "precinct_norm": "HENRY - 004113", "precinct_name": "Henry - 004113", "precinct_full_name": "2-3 Oakland", "name20": "2-3 Oakland", "GEOID20": "47079004113"}, "geometry": {"type": "Point", "coordinates": [-88.17965450572521, 36.237958000000006]}}, {"type": "Feature", "properties": {"county_nam": "Henry", "county_norm": "HENRY", "prec_id": "004105", "precinct_norm": "HENRY - 004105", "precinct_name": "Henry - 004105", "precinct_full_name": "5-1 HC High School", "name20": "5-1 HC High School", "GEOID20": "47079004105"}, "geometry": {"type": "Point", "coordinates": [-88.27865663452813, 36.305940500000005]}}, {"type": "Feature", "properties": {"county_nam": "Henry", "county_norm": "HENRY", "prec_id": "004109", "precinct_norm": "HENRY - 004109", "precinct_name": "Henry - 004109", "precinct_full_name": "5-2 Vo-Tech", "name20": "5-2 Vo-Tech", "GEOID20": "47079004109"}, "geometry": {"type": "Point", "coordinates": [-88.30539618592083, 36.299651]}}, {"type": "Feature", "properties": {"county_nam": "Cocke", "county_norm": "COCKE", "prec_id": "001404", "precinct_norm": "COCKE - 001404", "precinct_name": "Cocke - 001404", "precinct_full_name": "Del Rio", "name20": "Del Rio", "GEOID20": "47029001404"}, "geometry": {"type": "Point", "coordinates": [-83.00282178975166, 35.859708499999996]}}, {"type": "Feature", "properties": {"county_nam": "Carroll", "county_norm": "CARROLL", "prec_id": "000815", "precinct_norm": "CARROLL - 000815", "precinct_name": "Carroll - 000815", "precinct_full_name": "13 Hollow Rock", "name20": "13 Hollow Rock", "GEOID20": "47017000815"}, "geometry": {"type": "Point", "coordinates": [-88.29195426513317, 36.033108]}}, {"type": "Feature", "properties": {"county_nam": "Carroll", "county_norm": "CARROLL", "prec_id": "000809", "precinct_norm": "CARROLL - 000809", "precinct_name": "Carroll - 000809", "precinct_full_name": "21 Bethel", "name20": "21 Bethel", "GEOID20": "47017000809"}, "geometry": {"type": "Point", "coordinates": [-88.48283800181571, 36.1017035]}}, {"type": "Feature", "properties": {"county_nam": "Carroll", "county_norm": "CARROLL", "prec_id": "000803", "precinct_norm": "CARROLL - 000803", "precinct_name": "Carroll - 000803", "precinct_full_name": "12 Bruceton", "name20": "12 Bruceton", "GEOID20": "47017000803"}, "geometry": {"type": "Point", "coordinates": [-88.2382380908484, 36.033373999999995]}}, {"type": "Feature", "properties": {"county_nam": "Carroll", "county_norm": "CARROLL", "prec_id": "000811", "precinct_norm": "CARROLL - 000811", "precinct_name": "Carroll - 000811", "precinct_full_name": "14 Vale", "name20": "14 Vale", "GEOID20": "47017000811"}, "geometry": {"type": "Point", "coordinates": [-88.2561818242305, 36.105383]}}, {"type": "Feature", "properties": {"county_nam": "Carroll", "county_norm": "CARROLL", "prec_id": "000819", "precinct_norm": "CARROLL - 000819", "precinct_name": "Carroll - 000819", "precinct_full_name": "11 Buena Vista", "name20": "11 Buena Vista", "GEOID20": "47017000819"}, "geometry": {"type": "Point", "coordinates": [-88.24967641195909, 35.950779499999996]}}, {"type": "Feature", "properties": {"county_nam": "Carroll", "county_norm": "CARROLL", "prec_id": "000818", "precinct_norm": "CARROLL - 000818", "precinct_name": "Carroll - 000818", "precinct_full_name": "22 McKenzie City hall", "name20": "22 McKenzie City hall", "GEOID20": "47017000818"}, "geometry": {"type": "Point", "coordinates": [-88.52172514178034, 36.142506]}}, {"type": "Feature", "properties": {"county_nam": "Carroll", "county_norm": "CARROLL", "prec_id": "000805", "precinct_norm": "CARROLL - 000805", "precinct_name": "Carroll - 000805", "precinct_full_name": "8 Civic Center", "name20": "8 Civic Center", "GEOID20": "47017000805"}, "geometry": {"type": "Point", "coordinates": [-88.3855152284307, 36.0163445]}}, {"type": "Feature", "properties": {"county_nam": "Carroll", "county_norm": "CARROLL", "prec_id": "000812", "precinct_norm": "CARROLL - 000812", "precinct_name": "Carroll - 000812", "precinct_full_name": "6 Clarksburg", "name20": "6 Clarksburg", "GEOID20": "47017000812"}, "geometry": {"type": "Point", "coordinates": [-88.42778113261363, 35.8700645]}}, {"type": "Feature", "properties": {"county_nam": "Carroll", "county_norm": "CARROLL", "prec_id": "000806", "precinct_norm": "CARROLL - 000806", "precinct_name": "Carroll - 000806", "precinct_full_name": "19 Concord", "name20": "19 Concord", "GEOID20": "47017000806"}, "geometry": {"type": "Point", "coordinates": [-88.3682269101327, 35.9403375]}}, {"type": "Feature", "properties": {"county_nam": "Carroll", "county_norm": "CARROLL", "prec_id": "000813", "precinct_norm": "CARROLL - 000813", "precinct_name": "Carroll - 000813", "precinct_full_name": "20 Westport", "name20": "20 Westport", "GEOID20": "47017000813"}, "geometry": {"type": "Point", "coordinates": [-88.31917270525662, 35.910756]}}, {"type": "Feature", "properties": {"county_nam": "Carroll", "county_norm": "CARROLL", "prec_id": "000807", "precinct_norm": "CARROLL - 000807", "precinct_name": "Carroll - 000807", "precinct_full_name": "9 Huntingdon Police Station", "name20": "9 Huntingdon Police Station", "GEOID20": "47017000807"}, "geometry": {"type": "Point", "coordinates": [-88.46481719312797, 35.982078]}}, {"type": "Feature", "properties": {"county_nam": "Carroll", "county_norm": "CARROLL", "prec_id": "000808", "precinct_norm": "CARROLL - 000808", "precinct_name": "Carroll - 000808", "precinct_full_name": "17 Senior Citizens", "name20": "17 Senior Citizens", "GEOID20": "47017000808"}, "geometry": {"type": "Point", "coordinates": [-88.54225005513217, 36.0958635]}}, {"type": "Feature", "properties": {"county_nam": "Johnson", "county_norm": "JOHNSON", "prec_id": "004705", "precinct_norm": "JOHNSON - 004705", "precinct_name": "Johnson - 004705", "precinct_full_name": "5 Doe Valley", "name20": "5 Doe Valley", "GEOID20": "47091004705"}, "geometry": {"type": "Point", "coordinates": [-81.93737264578661, 36.451549]}}, {"type": "Feature", "properties": {"county_nam": "Johnson", "county_norm": "JOHNSON", "prec_id": "004706", "precinct_norm": "JOHNSON - 004706", "precinct_name": "Johnson - 004706", "precinct_full_name": "6 Shady", "name20": "6 Shady", "GEOID20": "47091004706"}, "geometry": {"type": "Point", "coordinates": [-81.90394501882693, 36.531648000000004]}}, {"type": "Feature", "properties": {"county_nam": "Warren", "county_norm": "WARREN", "prec_id": "009201", "precinct_norm": "WARREN - 009201", "precinct_name": "Warren - 009201", "precinct_full_name": "01-1 Civic Center", "name20": "01-1 Civic Center", "GEOID20": "47177009201"}, "geometry": {"type": "Point", "coordinates": [-85.80189265696757, 35.697777]}}, {"type": "Feature", "properties": {"county_nam": "Warren", "county_norm": "WARREN", "prec_id": "009203", "precinct_norm": "WARREN - 009203", "precinct_name": "Warren - 009203", "precinct_full_name": "02-2 Warren County Airport", "name20": "02-2 Warren County Airport", "GEOID20": "47177009203"}, "geometry": {"type": "Point", "coordinates": [-85.8339510482798, 35.6819725]}}, {"type": "Feature", "properties": {"county_nam": "Warren", "county_norm": "WARREN", "prec_id": "009202", "precinct_norm": "WARREN - 009202", "precinct_name": "Warren - 009202", "precinct_full_name": "02-1 Courthouse", "name20": "02-1 Courthouse", "GEOID20": "47177009202"}, "geometry": {"type": "Point", "coordinates": [-85.79440901673101, 35.679455000000004]}}, {"type": "Feature", "properties": {"county_nam": "Warren", "county_norm": "WARREN", "prec_id": "009204", "precinct_norm": "WARREN - 009204", "precinct_name": "Warren - 009204", "precinct_full_name": "03-1 Westwood Church of Christ", "name20": "03-1 Westwood Church of Christ", "GEOID20": "47177009204"}, "geometry": {"type": "Point", "coordinates": [-85.79700126811176, 35.655273]}}, {"type": "Feature", "properties": {"county_nam": "Warren", "county_norm": "WARREN", "prec_id": "009205", "precinct_norm": "WARREN - 009205", "precinct_name": "Warren - 009205", "precinct_full_name": "03-2 Smartt First Baptist Church", "name20": "03-2 Smartt First Baptist Church", "GEOID20": "47177009205"}, "geometry": {"type": "Point", "coordinates": [-85.84339129456376, 35.638191500000005]}}, {"type": "Feature", "properties": {"county_nam": "Warren", "county_norm": "WARREN", "prec_id": "009206", "precinct_norm": "WARREN - 009206", "precinct_name": "Warren - 009206", "precinct_full_name": "04-1 TSU Nursery Res. Center", "name20": "04-1 TSU Nursery Res. Center", "GEOID20": "47177009206"}, "geometry": {"type": "Point", "coordinates": [-85.7513492227842, 35.7243985]}}, {"type": "Feature", "properties": {"county_nam": "Warren", "county_norm": "WARREN", "prec_id": "009208", "precinct_norm": "WARREN - 009208", "precinct_name": "Warren - 009208", "precinct_full_name": "05-2 Beersheba Towers", "name20": "05-2 Beersheba Towers", "GEOID20": "47177009208"}, "geometry": {"type": "Point", "coordinates": [-85.7637843631455, 35.665178]}}, {"type": "Feature", "properties": {"county_nam": "Warren", "county_norm": "WARREN", "prec_id": "009207", "precinct_norm": "WARREN - 009207", "precinct_name": "Warren - 009207", "precinct_full_name": "05-1 Three Star Mall", "name20": "05-1 Three Star Mall", "GEOID20": "47177009207"}, "geometry": {"type": "Point", "coordinates": [-85.7324715045249, 35.688356999999996]}}, {"type": "Feature", "properties": {"county_nam": "Warren", "county_norm": "WARREN", "prec_id": "009214", "precinct_norm": "WARREN - 009214", "precinct_name": "Warren - 009214", "precinct_full_name": "09-1 Morrison Ruritan Club", "name20": "09-1 Morrison Ruritan Club", "GEOID20": "47177009214"}, "geometry": {"type": "Point", "coordinates": [-85.90698840914098, 35.6174655]}}, {"type": "Feature", "properties": {"county_nam": "Warren", "county_norm": "WARREN", "prec_id": "009209", "precinct_norm": "WARREN - 009209", "precinct_name": "Warren - 009209", "precinct_full_name": "06-1 Caney Fork Electric Auditorium", "name20": "06-1 Caney Fork Electric Auditorium", "GEOID20": "47177009209"}, "geometry": {"type": "Point", "coordinates": [-85.77847539236112, 35.717685]}}, {"type": "Feature", "properties": {"county_nam": "Warren", "county_norm": "WARREN", "prec_id": "009216", "precinct_norm": "WARREN - 009216", "precinct_name": "Warren - 009216", "precinct_full_name": "10-1 Centertown United Methodist Church", "name20": "10-1 Centertown United Methodist Church", "GEOID20": "47177009216"}, "geometry": {"type": "Point", "coordinates": [-85.91058929198246, 35.752185999999995]}}, {"type": "Feature", "properties": {"county_nam": "Warren", "county_norm": "WARREN", "prec_id": "009210", "precinct_norm": "WARREN - 009210", "precinct_name": "Warren - 009210", "precinct_full_name": "07-1 Friendship The Baptist Church", "name20": "07-1 Friendship The Baptist Church", "GEOID20": "47177009210"}, "geometry": {"type": "Point", "coordinates": [-85.66227393506495, 35.739947]}}, {"type": "Feature", "properties": {"county_nam": "Warren", "county_norm": "WARREN", "prec_id": "009217", "precinct_norm": "WARREN - 009217", "precinct_name": "Warren - 009217", "precinct_full_name": "10-2 Centertown Comm. Ctr.", "name20": "10-2 Centertown Comm. Ctr.", "GEOID20": "47177009217"}, "geometry": {"type": "Point", "coordinates": [-85.9212747314136, 35.704386]}}, {"type": "Feature", "properties": {"county_nam": "Warren", "county_norm": "WARREN", "prec_id": "009215", "precinct_norm": "WARREN - 009215", "precinct_name": "Warren - 009215", "precinct_full_name": "09-2 Viola Valley Comm. Center", "name20": "09-2 Viola Valley Comm. Center", "GEOID20": "47177009215"}, "geometry": {"type": "Point", "coordinates": [-85.86860457407408, 35.557663000000005]}}, {"type": "Feature", "properties": {"county_nam": "Warren", "county_norm": "WARREN", "prec_id": "009218", "precinct_norm": "WARREN - 009218", "precinct_name": "Warren - 009218", "precinct_full_name": "11-1 Midway Community Center", "name20": "11-1 Midway Community Center", "GEOID20": "47177009218"}, "geometry": {"type": "Point", "coordinates": [-85.70227089681035, 35.797948500000004]}}, {"type": "Feature", "properties": {"county_nam": "Warren", "county_norm": "WARREN", "prec_id": "009219", "precinct_norm": "WARREN - 009219", "precinct_name": "Warren - 009219", "precinct_full_name": "11-2 Hwy 56 N Church of Christ", "name20": "11-2 Hwy 56 N Church of Christ", "GEOID20": "47177009219"}, "geometry": {"type": "Point", "coordinates": [-85.7937013944653, 35.790962]}}, {"type": "Feature", "properties": {"county_nam": "Warren", "county_norm": "WARREN", "prec_id": "009220", "precinct_norm": "WARREN - 009220", "precinct_name": "Warren - 009220", "precinct_full_name": "12-1 Northside Baptist Church", "name20": "12-1 Northside Baptist Church", "GEOID20": "47177009220"}, "geometry": {"type": "Point", "coordinates": [-85.81533822667357, 35.7258805]}}, {"type": "Feature", "properties": {"county_nam": "Warren", "county_norm": "WARREN", "prec_id": "009221", "precinct_norm": "WARREN - 009221", "precinct_name": "Warren - 009221", "precinct_full_name": "12-2 Lucky Community Center", "name20": "12-2 Lucky Community Center", "GEOID20": "47177009221"}, "geometry": {"type": "Point", "coordinates": [-85.88087067177224, 35.795017]}}, {"type": "Feature", "properties": {"county_nam": "Warren", "county_norm": "WARREN", "prec_id": "009213", "precinct_norm": "WARREN - 009213", "precinct_name": "Warren - 009213", "precinct_full_name": "08-3 Bonner Church of Christ", "name20": "08-3 Bonner Church of Christ", "GEOID20": "47177009213"}, "geometry": {"type": "Point", "coordinates": [-85.80737020851495, 35.5896155]}}, {"type": "Feature", "properties": {"county_nam": "Warren", "county_norm": "WARREN", "prec_id": "009211", "precinct_norm": "WARREN - 009211", "precinct_name": "Warren - 009211", "precinct_full_name": "08-1 Fairview Community Center", "name20": "08-1 Fairview Community Center", "GEOID20": "47177009211"}, "geometry": {"type": "Point", "coordinates": [-85.68196903462643, 35.603602]}}, {"type": "Feature", "properties": {"county_nam": "Johnson", "county_norm": "JOHNSON", "prec_id": "004708", "precinct_norm": "JOHNSON - 004708", "precinct_name": "Johnson - 004708", "precinct_full_name": "1B Cold Springs", "name20": "1B Cold Springs", "GEOID20": "47091004708"}, "geometry": {"type": "Point", "coordinates": [-81.83506004101838, 36.504293]}}, {"type": "Feature", "properties": {"county_nam": "Johnson", "county_norm": "JOHNSON", "prec_id": "004704", "precinct_norm": "JOHNSON - 004704", "precinct_name": "Johnson - 004704", "precinct_full_name": "1A Laurel", "name20": "1A Laurel", "GEOID20": "47091004704"}, "geometry": {"type": "Point", "coordinates": [-81.75957642962254, 36.5488945]}}, {"type": "Feature", "properties": {"county_nam": "Johnson", "county_norm": "JOHNSON", "prec_id": "004701", "precinct_norm": "JOHNSON - 004701", "precinct_name": "Johnson - 004701", "precinct_full_name": "2 Forge/Shouns", "name20": "2 Forge/Shouns", "GEOID20": "47091004701"}, "geometry": {"type": "Point", "coordinates": [-81.74537656838028, 36.480039000000005]}}, {"type": "Feature", "properties": {"county_nam": "Johnson", "county_norm": "JOHNSON", "prec_id": "004703", "precinct_norm": "JOHNSON - 004703", "precinct_name": "Johnson - 004703", "precinct_full_name": "3B Neva", "name20": "3B Neva", "GEOID20": "47091004703"}, "geometry": {"type": "Point", "coordinates": [-81.83443199366195, 36.398951499999995]}}, {"type": "Feature", "properties": {"county_nam": "Johnson", "county_norm": "JOHNSON", "prec_id": "004702", "precinct_norm": "JOHNSON - 004702", "precinct_name": "Johnson - 004702", "precinct_full_name": "4B Butler", "name20": "4B Butler", "GEOID20": "47091004702"}, "geometry": {"type": "Point", "coordinates": [-81.992543, 36.38177]}}, {"type": "Feature", "properties": {"county_nam": "Johnson", "county_norm": "JOHNSON", "prec_id": "004709", "precinct_norm": "JOHNSON - 004709", "precinct_name": "Johnson - 004709", "precinct_full_name": "4A Dry Run", "name20": "4A Dry Run", "GEOID20": "47091004709"}, "geometry": {"type": "Point", "coordinates": [-81.92880720597825, 36.344699000000006]}}, {"type": "Feature", "properties": {"county_nam": "Johnson", "county_norm": "JOHNSON", "prec_id": "004707", "precinct_norm": "JOHNSON - 004707", "precinct_name": "Johnson - 004707", "precinct_full_name": "7 City", "name20": "7 City", "GEOID20": "47091004707"}, "geometry": {"type": "Point", "coordinates": [-81.80062117816954, 36.4630255]}}, {"type": "Feature", "properties": {"county_nam": "Johnson", "county_norm": "JOHNSON", "prec_id": "004710", "precinct_norm": "JOHNSON - 004710", "precinct_name": "Johnson - 004710", "precinct_full_name": "3A Trade", "name20": "3A Trade", "GEOID20": "47091004710"}, "geometry": {"type": "Point", "coordinates": [-81.76067590055467, 36.396006]}}, {"type": "Feature", "properties": {"county_nam": "Carroll", "county_norm": "CARROLL", "prec_id": "000816", "precinct_norm": "CARROLL - 000816", "precinct_name": "Carroll - 000816", "precinct_full_name": "1 Lavinia", "name20": "1 Lavinia", "GEOID20": "47017000816"}, "geometry": {"type": "Point", "coordinates": [-88.6548238878175, 35.865790000000004]}}, {"type": "Feature", "properties": {"county_nam": "Carroll", "county_norm": "CARROLL", "prec_id": "000804", "precinct_norm": "CARROLL - 000804", "precinct_name": "Carroll - 000804", "precinct_full_name": "5 Cedar Grove", "name20": "5 Cedar Grove", "GEOID20": "47017000804"}, "geometry": {"type": "Point", "coordinates": [-88.55771229528105, 35.8721345]}}, {"type": "Feature", "properties": {"county_nam": "Carroll", "county_norm": "CARROLL", "prec_id": "000817", "precinct_norm": "CARROLL - 000817", "precinct_name": "Carroll - 000817", "precinct_full_name": "16 Atwood", "name20": "16 Atwood", "GEOID20": "47017000817"}, "geometry": {"type": "Point", "coordinates": [-88.6461387927128, 35.968608]}}, {"type": "Feature", "properties": {"county_nam": "Carroll", "county_norm": "CARROLL", "prec_id": "000801", "precinct_norm": "CARROLL - 000801", "precinct_name": "Carroll - 000801", "precinct_full_name": "2 Trezevant", "name20": "2 Trezevant", "GEOID20": "47017000801"}, "geometry": {"type": "Point", "coordinates": [-88.62623144195943, 36.049825999999996]}}, {"type": "Feature", "properties": {"county_nam": "Carroll", "county_norm": "CARROLL", "prec_id": "000810", "precinct_norm": "CARROLL - 000810", "precinct_name": "Carroll - 000810", "precinct_full_name": "4 McLemoresville", "name20": "4 McLemoresville", "GEOID20": "47017000810"}, "geometry": {"type": "Point", "coordinates": [-88.55902157193697, 35.961658]}}, {"type": "Feature", "properties": {"county_nam": "Carroll", "county_norm": "CARROLL", "prec_id": "000814", "precinct_norm": "CARROLL - 000814", "precinct_name": "Carroll - 000814", "precinct_full_name": "18 Cannon", "name20": "18 Cannon", "GEOID20": "47017000814"}, "geometry": {"type": "Point", "coordinates": [-88.36483107104559, 36.089783499999996]}}, {"type": "Feature", "properties": {"county_nam": "Carroll", "county_norm": "CARROLL", "prec_id": "000802", "precinct_norm": "CARROLL - 000802", "precinct_name": "Carroll - 000802", "precinct_full_name": "7 Macedonia", "name20": "7 Macedonia", "GEOID20": "47017000802"}, "geometry": {"type": "Point", "coordinates": [-88.43108736153846, 36.115865]}}, {"type": "Feature", "properties": {"county_nam": "Trousdale", "county_norm": "TROUSDALE", "prec_id": "008807", "precinct_norm": "TROUSDALE - 008807", "precinct_name": "Trousdale - 008807", "precinct_full_name": "7 High School", "name20": "7 High School", "GEOID20": "47169008807"}, "geometry": {"type": "Point", "coordinates": [-86.22678073733992, 36.387814]}}, {"type": "Feature", "properties": {"county_nam": "Trousdale", "county_norm": "TROUSDALE", "prec_id": "008809", "precinct_norm": "TROUSDALE - 008809", "precinct_name": "Trousdale - 008809", "precinct_full_name": "9 City", "name20": "9 City", "GEOID20": "47169008809"}, "geometry": {"type": "Point", "coordinates": [-86.15974154559515, 36.393911]}}, {"type": "Feature", "properties": {"county_nam": "Trousdale", "county_norm": "TROUSDALE", "prec_id": "008804", "precinct_norm": "TROUSDALE - 008804", "precinct_name": "Trousdale - 008804", "precinct_full_name": "4 Halltown", "name20": "4 Halltown", "GEOID20": "47169008804"}, "geometry": {"type": "Point", "coordinates": [-86.1576255383502, 36.41685]}}, {"type": "Feature", "properties": {"county_nam": "Trousdale", "county_norm": "TROUSDALE", "prec_id": "008810", "precinct_norm": "TROUSDALE - 008810", "precinct_name": "Trousdale - 008810", "precinct_full_name": "10 Providence", "name20": "10 Providence", "GEOID20": "47169008810"}, "geometry": {"type": "Point", "coordinates": [-86.16967567122101, 36.346068]}}, {"type": "Feature", "properties": {"county_nam": "Trousdale", "county_norm": "TROUSDALE", "prec_id": "008801", "precinct_norm": "TROUSDALE - 008801", "precinct_name": "Trousdale - 008801", "precinct_full_name": "1 Senior Center", "name20": "1 Senior Center", "GEOID20": "47169008801"}, "geometry": {"type": "Point", "coordinates": [-86.15246842743517, 36.3697905]}}, {"type": "Feature", "properties": {"county_nam": "Trousdale", "county_norm": "TROUSDALE", "prec_id": "008803", "precinct_norm": "TROUSDALE - 008803", "precinct_name": "Trousdale - 008803", "precinct_full_name": "3 Beech Grove", "name20": "3 Beech Grove", "GEOID20": "47169008803"}, "geometry": {"type": "Point", "coordinates": [-86.09130713520409, 36.4102145]}}, {"type": "Feature", "properties": {"county_nam": "Trousdale", "county_norm": "TROUSDALE", "prec_id": "008802", "precinct_norm": "TROUSDALE - 008802", "precinct_name": "Trousdale - 008802", "precinct_full_name": "2 Cato", "name20": "2 Cato", "GEOID20": "47169008802"}, "geometry": {"type": "Point", "coordinates": [-86.06642933975026, 36.386936]}}, {"type": "Feature", "properties": {"county_nam": "Trousdale", "county_norm": "TROUSDALE", "prec_id": "008805", "precinct_norm": "TROUSDALE - 008805", "precinct_name": "Trousdale - 008805", "precinct_full_name": "5 Templow", "name20": "5 Templow", "GEOID20": "47169008805"}, "geometry": {"type": "Point", "coordinates": [-86.24000132168419, 36.403245999999996]}}, {"type": "Feature", "properties": {"county_nam": "Trousdale", "county_norm": "TROUSDALE", "prec_id": "008808", "precinct_norm": "TROUSDALE - 008808", "precinct_name": "Trousdale - 008808", "precinct_full_name": "8 Willard", "name20": "8 Willard", "GEOID20": "47169008808"}, "geometry": {"type": "Point", "coordinates": [-86.20765182314999, 36.445073]}}, {"type": "Feature", "properties": {"county_nam": "Trousdale", "county_norm": "TROUSDALE", "prec_id": "008806", "precinct_norm": "TROUSDALE - 008806", "precinct_name": "Trousdale - 008806", "precinct_full_name": "6 Walnut Grove", "name20": "6 Walnut Grove", "GEOID20": "47169008806"}, "geometry": {"type": "Point", "coordinates": [-86.25205977457856, 36.344785]}}, {"type": "Feature", "properties": {"county_nam": "Madison", "county_norm": "MADISON", "prec_id": "005661", "precinct_norm": "MADISON - 005661", "precinct_name": "Madison - 005661", "precinct_full_name": "6-4 Medon City Hall", "name20": "6-4 Medon City Hall", "GEOID20": "47113005661"}, "geometry": {"type": "Point", "coordinates": [-88.83527660074627, 35.472925]}}, {"type": "Feature", "properties": {"county_nam": "Madison", "county_norm": "MADISON", "prec_id": "005662", "precinct_norm": "MADISON - 005662", "precinct_name": "Madison - 005662", "precinct_full_name": "6-2 South Elementary School", "name20": "6-2 South Elementary School", "GEOID20": "47113005662"}, "geometry": {"type": "Point", "coordinates": [-88.75097631278706, 35.4782605]}}, {"type": "Feature", "properties": {"county_nam": "Madison", "county_norm": "MADISON", "prec_id": "005669", "precinct_norm": "MADISON - 005669", "precinct_name": "Madison - 005669", "precinct_full_name": "10-3 North Side High School", "name20": "10-3 North Side High School", "GEOID20": "47113005669"}, "geometry": {"type": "Point", "coordinates": [-88.82235501894114, 35.6952695]}}, {"type": "Feature", "properties": {"county_nam": "Madison", "county_norm": "MADISON", "prec_id": "005668", "precinct_norm": "MADISON - 005668", "precinct_name": "Madison - 005668", "precinct_full_name": "10-2 North East School", "name20": "10-2 North East School", "GEOID20": "47113005668"}, "geometry": {"type": "Point", "coordinates": [-88.66556156200537, 35.736993]}}, {"type": "Feature", "properties": {"county_nam": "Madison", "county_norm": "MADISON", "prec_id": "005683", "precinct_norm": "MADISON - 005683", "precinct_name": "Madison - 005683", "precinct_full_name": "10-1 Spring Creek Fire Station #7", "name20": "10-1 Spring Creek Fire Station #7", "GEOID20": "47113005683"}, "geometry": {"type": "Point", "coordinates": [-88.69864353831437, 35.755345]}}, {"type": "Feature", "properties": {"county_nam": "Madison", "county_norm": "MADISON", "prec_id": "005656", "precinct_norm": "MADISON - 005656", "precinct_name": "Madison - 005656", "precinct_full_name": "7-1 UT Agricultural Experiment Station", "name20": "7-1 UT Agricultural Experiment Station", "GEOID20": "47113005656"}, "geometry": {"type": "Point", "coordinates": [-88.85743290260832, 35.6255065]}}, {"type": "Feature", "properties": {"county_nam": "Madison", "county_norm": "MADISON", "prec_id": "005657", "precinct_norm": "MADISON - 005657", "precinct_name": "Madison - 005657", "precinct_full_name": "7-2 TN Technology Center", "name20": "7-2 TN Technology Center", "GEOID20": "47113005657"}, "geometry": {"type": "Point", "coordinates": [-88.95633834302325, 35.608458]}}, {"type": "Feature", "properties": {"county_nam": "Madison", "county_norm": "MADISON", "prec_id": "005659", "precinct_norm": "MADISON - 005659", "precinct_name": "Madison - 005659", "precinct_full_name": "7-4 Mercer Fire Station", "name20": "7-4 Mercer Fire Station", "GEOID20": "47113005659"}, "geometry": {"type": "Point", "coordinates": [-89.01426063988919, 35.481570000000005]}}, {"type": "Feature", "properties": {"county_nam": "Madison", "county_norm": "MADISON", "prec_id": "005658", "precinct_norm": "MADISON - 005658", "precinct_name": "Madison - 005658", "precinct_full_name": "7-3 Denmark West Community Center", "name20": "7-3 Denmark West Community Center", "GEOID20": "47113005658"}, "geometry": {"type": "Point", "coordinates": [-88.92175979078071, 35.5084855]}}, {"type": "Feature", "properties": {"county_nam": "Madison", "county_norm": "MADISON", "prec_id": "005667", "precinct_norm": "MADISON - 005667", "precinct_name": "Madison - 005667", "precinct_full_name": "8-2 Browns United Methodist Church", "name20": "8-2 Browns United Methodist Church", "GEOID20": "47113005667"}, "geometry": {"type": "Point", "coordinates": [-88.68809129375, 35.675740000000005]}}, {"type": "Feature", "properties": {"county_nam": "Madison", "county_norm": "MADISON", "prec_id": "005663", "precinct_norm": "MADISON - 005663", "precinct_name": "Madison - 005663", "precinct_full_name": "8-5 Lesters Fire Station", "name20": "8-5 Lesters Fire Station", "GEOID20": "47113005663"}, "geometry": {"type": "Point", "coordinates": [-88.74779811145032, 35.5331805]}}, {"type": "Feature", "properties": {"county_nam": "Madison", "county_norm": "MADISON", "prec_id": "005664", "precinct_norm": "MADISON - 005664", "precinct_name": "Madison - 005664", "precinct_full_name": "8-4 East Union Ruritan Center", "name20": "8-4 East Union Ruritan Center", "GEOID20": "47113005664"}, "geometry": {"type": "Point", "coordinates": [-88.7330012953231, 35.6232825]}}, {"type": "Feature", "properties": {"county_nam": "Madison", "county_norm": "MADISON", "prec_id": "005681", "precinct_norm": "MADISON - 005681", "precinct_name": "Madison - 005681", "precinct_full_name": "9-2 Pope Elementary School", "name20": "9-2 Pope Elementary School", "GEOID20": "47113005681"}, "geometry": {"type": "Point", "coordinates": [-88.9140640804878, 35.728944999999996]}}, {"type": "Feature", "properties": {"county_nam": "Madison", "county_norm": "MADISON", "prec_id": "005670", "precinct_norm": "MADISON - 005670", "precinct_name": "Madison - 005670", "precinct_full_name": "9-3 Three Way City Meeting Room", "name20": "9-3 Three Way City Meeting Room", "GEOID20": "47113005670"}, "geometry": {"type": "Point", "coordinates": [-88.83368210147637, 35.7688155]}}, {"type": "Feature", "properties": {"county_nam": "Madison", "county_norm": "MADISON", "prec_id": "005666", "precinct_norm": "MADISON - 005666", "precinct_name": "Madison - 005666", "precinct_full_name": "8-1 Beech Bluff Baptist Church", "name20": "8-1 Beech Bluff Baptist Church", "GEOID20": "47113005666"}, "geometry": {"type": "Point", "coordinates": [-88.6491577959854, 35.626988499999996]}}, {"type": "Feature", "properties": {"county_nam": "Madison", "county_norm": "MADISON", "prec_id": "005665", "precinct_norm": "MADISON - 005665", "precinct_name": "Madison - 005665", "precinct_full_name": "8-3 Mifflin Road Fire Station", "name20": "8-3 Mifflin Road Fire Station", "GEOID20": "47113005665"}, "geometry": {"type": "Point", "coordinates": [-88.67734790199168, 35.5562835]}}, {"type": "Feature", "properties": {"county_nam": "Madison", "county_norm": "MADISON", "prec_id": "005680", "precinct_norm": "MADISON - 005680", "precinct_name": "Madison - 005680", "precinct_full_name": "9-1 VFW", "name20": "9-1 VFW", "GEOID20": "47113005680"}, "geometry": {"type": "Point", "coordinates": [-88.85944079973119, 35.721948499999996]}}, {"type": "Feature", "properties": {"county_nam": "Tipton", "county_norm": "TIPTON", "prec_id": "008708", "precinct_norm": "TIPTON - 008708", "precinct_name": "Tipton - 008708", "precinct_full_name": "01 N. E. Covington", "name20": "01 N. E. Covington", "GEOID20": "47167008708"}, "geometry": {"type": "Point", "coordinates": [-89.60310002151334, 35.5874465]}}, {"type": "Feature", "properties": {"county_nam": "Tipton", "county_norm": "TIPTON", "prec_id": "008705", "precinct_norm": "TIPTON - 008705", "precinct_name": "Tipton - 008705", "precinct_full_name": "03 S.E. Covington", "name20": "03 S.E. Covington", "GEOID20": "47167008705"}, "geometry": {"type": "Point", "coordinates": [-89.56015844412202, 35.506351499999994]}}, {"type": "Feature", "properties": {"county_nam": "Tipton", "county_norm": "TIPTON", "prec_id": "008707", "precinct_norm": "TIPTON - 008707", "precinct_name": "Tipton - 008707", "precinct_full_name": "12 Munford", "name20": "12 Munford", "GEOID20": "47167008707"}, "geometry": {"type": "Point", "coordinates": [-89.81292721888605, 35.4511905]}}, {"type": "Feature", "properties": {"county_nam": "Tipton", "county_norm": "TIPTON", "prec_id": "008706", "precinct_norm": "TIPTON - 008706", "precinct_name": "Tipton - 008706", "precinct_full_name": "14 Southwest Tipton", "name20": "14 Southwest Tipton", "GEOID20": "47167008706"}, "geometry": {"type": "Point", "coordinates": [-89.9404126686508, 35.489725]}}, {"type": "Feature", "properties": {"county_nam": "Tipton", "county_norm": "TIPTON", "prec_id": "008701", "precinct_norm": "TIPTON - 008701", "precinct_name": "Tipton - 008701", "precinct_full_name": "21 W. Wilkinsville", "name20": "21 W. Wilkinsville", "GEOID20": "47167008701"}, "geometry": {"type": "Point", "coordinates": [-89.86680103409091, 35.4298615]}}, {"type": "Feature", "properties": {"county_nam": "Tipton", "county_norm": "TIPTON", "prec_id": "008703", "precinct_norm": "TIPTON - 008703", "precinct_name": "Tipton - 008703", "precinct_full_name": "19 Austin Peay", "name20": "19 Austin Peay", "GEOID20": "47167008703"}, "geometry": {"type": "Point", "coordinates": [-89.58992027272728, 35.437242999999995]}}, {"type": "Feature", "properties": {"county_nam": "Tipton", "county_norm": "TIPTON", "prec_id": "008704", "precinct_norm": "TIPTON - 008704", "precinct_name": "Tipton - 008704", "precinct_full_name": "06 Tipton West", "name20": "06 Tipton West", "GEOID20": "47167008704"}, "geometry": {"type": "Point", "coordinates": [-89.77347391543233, 35.5684245]}}, {"type": "Feature", "properties": {"county_nam": "Tipton", "county_norm": "TIPTON", "prec_id": "008709", "precinct_norm": "TIPTON - 008709", "precinct_name": "Tipton - 008709", "precinct_full_name": "11 Atoka", "name20": "11 Atoka", "GEOID20": "47167008709"}, "geometry": {"type": "Point", "coordinates": [-89.7569441735071, 35.433281]}}, {"type": "Feature", "properties": {"county_nam": "Tipton", "county_norm": "TIPTON", "prec_id": "008702", "precinct_norm": "TIPTON - 008702", "precinct_name": "Tipton - 008702", "precinct_full_name": "22 Brighton", "name20": "22 Brighton", "GEOID20": "47167008702"}, "geometry": {"type": "Point", "coordinates": [-89.7255570189599, 35.484504]}}, {"type": "Feature", "properties": {"county_nam": "Madison", "county_norm": "MADISON", "prec_id": "005652", "precinct_norm": "MADISON - 005652", "precinct_name": "Madison - 005652", "precinct_full_name": "1-2 Mt. Moriah Baptist Church", "name20": "1-2 Mt. Moriah Baptist Church", "GEOID20": "47113005652"}, "geometry": {"type": "Point", "coordinates": [-88.79318124885228, 35.6089465]}}, {"type": "Feature", "properties": {"county_nam": "Madison", "county_norm": "MADISON", "prec_id": "005651", "precinct_norm": "MADISON - 005651", "precinct_name": "Madison - 005651", "precinct_full_name": "1-1 Carl Perkins Civic Center", "name20": "1-1 Carl Perkins Civic Center", "GEOID20": "47113005651"}, "geometry": {"type": "Point", "coordinates": [-88.81586824647889, 35.6082145]}}, {"type": "Feature", "properties": {"county_nam": "Madison", "county_norm": "MADISON", "prec_id": "005672", "precinct_norm": "MADISON - 005672", "precinct_name": "Madison - 005672", "precinct_full_name": "2-3 Tigrett School", "name20": "2-3 Tigrett School", "GEOID20": "47113005672"}, "geometry": {"type": "Point", "coordinates": [-88.83700338617902, 35.638538]}}, {"type": "Feature", "properties": {"county_nam": "Madison", "county_norm": "MADISON", "prec_id": "005671", "precinct_norm": "MADISON - 005671", "precinct_name": "Madison - 005671", "precinct_full_name": "2-1 Alexander Elementary School", "name20": "2-1 Alexander Elementary School", "GEOID20": "47113005671"}, "geometry": {"type": "Point", "coordinates": [-88.81892940008575, 35.639326999999994]}}, {"type": "Feature", "properties": {"county_nam": "Madison", "county_norm": "MADISON", "prec_id": "005677", "precinct_norm": "MADISON - 005677", "precinct_name": "Madison - 005677", "precinct_full_name": "3-1 Madison Co Board of Ed.", "name20": "3-1 Madison Co Board of Ed.", "GEOID20": "47113005677"}, "geometry": {"type": "Point", "coordinates": [-88.84599101227496, 35.651413]}}, {"type": "Feature", "properties": {"county_nam": "Madison", "county_norm": "MADISON", "prec_id": "005679", "precinct_norm": "MADISON - 005679", "precinct_name": "Madison - 005679", "precinct_full_name": "3-2 Old Bells Fire Station", "name20": "3-2 Old Bells Fire Station", "GEOID20": "47113005679"}, "geometry": {"type": "Point", "coordinates": [-88.92731494341803, 35.6696815]}}, {"type": "Feature", "properties": {"county_nam": "Madison", "county_norm": "MADISON", "prec_id": "005678", "precinct_norm": "MADISON - 005678", "precinct_name": "Madison - 005678", "precinct_full_name": "3-3 Jackson Center for Ind. Living", "name20": "3-3 Jackson Center for Ind. Living", "GEOID20": "47113005678"}, "geometry": {"type": "Point", "coordinates": [-88.88076538792907, 35.674448]}}, {"type": "Feature", "properties": {"county_nam": "Madison", "county_norm": "MADISON", "prec_id": "005675", "precinct_norm": "MADISON - 005675", "precinct_name": "Madison - 005675", "precinct_full_name": "4-3 Festivities Events Place", "name20": "4-3 Festivities Events Place", "GEOID20": "47113005675"}, "geometry": {"type": "Point", "coordinates": [-88.84758268724565, 35.6799125]}}, {"type": "Feature", "properties": {"county_nam": "Madison", "county_norm": "MADISON", "prec_id": "005676", "precinct_norm": "MADISON - 005676", "precinct_name": "Madison - 005676", "precinct_full_name": "4-1 Masonic Temple Lodge #45", "name20": "4-1 Masonic Temple Lodge #45", "GEOID20": "47113005676"}, "geometry": {"type": "Point", "coordinates": [-88.84931729733009, 35.7004775]}}, {"type": "Feature", "properties": {"county_nam": "Madison", "county_norm": "MADISON", "prec_id": "005673", "precinct_norm": "MADISON - 005673", "precinct_name": "Madison - 005673", "precinct_full_name": "2-2 Aldersgate United Methodist Church", "name20": "2-2 Aldersgate United Methodist Church", "GEOID20": "47113005673"}, "geometry": {"type": "Point", "coordinates": [-88.8207850824468, 35.667228]}}, {"type": "Feature", "properties": {"county_nam": "Madison", "county_norm": "MADISON", "prec_id": "005674", "precinct_norm": "MADISON - 005674", "precinct_name": "Madison - 005674", "precinct_full_name": "4-2 Andrew Jackson School", "name20": "4-2 Andrew Jackson School", "GEOID20": "47113005674"}, "geometry": {"type": "Point", "coordinates": [-88.83627411967127, 35.6602125]}}, {"type": "Feature", "properties": {"county_nam": "Madison", "county_norm": "MADISON", "prec_id": "005655", "precinct_norm": "MADISON - 005655", "precinct_name": "Madison - 005655", "precinct_full_name": "5-3 North Parkway School", "name20": "5-3 North Parkway School", "GEOID20": "47113005655"}, "geometry": {"type": "Point", "coordinates": [-88.77579445821922, 35.676294999999996]}}, {"type": "Feature", "properties": {"county_nam": "Madison", "county_norm": "MADISON", "prec_id": "005653", "precinct_norm": "MADISON - 005653", "precinct_name": "Madison - 005653", "precinct_full_name": "5-1 Whitehall Elementary School", "name20": "5-1 Whitehall Elementary School", "GEOID20": "47113005653"}, "geometry": {"type": "Point", "coordinates": [-88.78097611275584, 35.6296295]}}, {"type": "Feature", "properties": {"county_nam": "Madison", "county_norm": "MADISON", "prec_id": "005654", "precinct_norm": "MADISON - 005654", "precinct_name": "Madison - 005654", "precinct_full_name": "5-2 Macedonia Baptist Church", "name20": "5-2 Macedonia Baptist Church", "GEOID20": "47113005654"}, "geometry": {"type": "Point", "coordinates": [-88.79618507457536, 35.6379235]}}, {"type": "Feature", "properties": {"county_nam": "Madison", "county_norm": "MADISON", "prec_id": "005682", "precinct_norm": "MADISON - 005682", "precinct_name": "Madison - 005682", "precinct_full_name": "6-1 South Side High School", "name20": "6-1 South Side High School", "GEOID20": "47113005682"}, "geometry": {"type": "Point", "coordinates": [-88.81250822046414, 35.5674225]}}, {"type": "Feature", "properties": {"county_nam": "Madison", "county_norm": "MADISON", "prec_id": "005660", "precinct_norm": "MADISON - 005660", "precinct_name": "Madison - 005660", "precinct_full_name": "6-3 Malesus Community Center", "name20": "6-3 Malesus Community Center", "GEOID20": "47113005660"}, "geometry": {"type": "Point", "coordinates": [-88.82510542706504, 35.538863]}}, {"type": "Feature", "properties": {"county_nam": "Sevier", "county_norm": "SEVIER", "prec_id": "007952", "precinct_norm": "SEVIER - 007952", "precinct_name": "Sevier - 007952", "precinct_full_name": "Jones Cove 1", "name20": "Jones Cove 1", "GEOID20": "47155007952"}, "geometry": {"type": "Point", "coordinates": [-83.33246707664028, 35.8364185]}}, {"type": "Feature", "properties": {"county_nam": "Sevier", "county_norm": "SEVIER", "prec_id": "007953", "precinct_norm": "SEVIER - 007953", "precinct_name": "Sevier - 007953", "precinct_full_name": "Caton's Chapel 1", "name20": "Caton's Chapel 1", "GEOID20": "47155007953"}, "geometry": {"type": "Point", "coordinates": [-83.44433924163762, 35.8089495]}}, {"type": "Feature", "properties": {"county_nam": "Sevier", "county_norm": "SEVIER", "prec_id": "007971", "precinct_norm": "SEVIER - 007971", "precinct_name": "Sevier - 007971", "precinct_full_name": "Jones Cove 2", "name20": "Jones Cove 2", "GEOID20": "47155007971"}, "geometry": {"type": "Point", "coordinates": [-83.42109659179958, 35.863071]}}, {"type": "Feature", "properties": {"county_nam": "Sevier", "county_norm": "SEVIER", "prec_id": "007958", "precinct_norm": "SEVIER - 007958", "precinct_name": "Sevier - 007958", "precinct_full_name": "Wearwood 2", "name20": "Wearwood 2", "GEOID20": "47155007958"}, "geometry": {"type": "Point", "coordinates": [-83.61235766843629, 35.7342325]}}, {"type": "Feature", "properties": {"county_nam": "Sevier", "county_norm": "SEVIER", "prec_id": "007959", "precinct_norm": "SEVIER - 007959", "precinct_name": "Sevier - 007959", "precinct_full_name": "Waldens Creek 2", "name20": "Waldens Creek 2", "GEOID20": "47155007959"}, "geometry": {"type": "Point", "coordinates": [-83.66103930518332, 35.7816715]}}, {"type": "Feature", "properties": {"county_nam": "Sevier", "county_norm": "SEVIER", "prec_id": "007972", "precinct_norm": "SEVIER - 007972", "precinct_name": "Sevier - 007972", "precinct_full_name": "Catons Chapel 2", "name20": "Catons Chapel 2", "GEOID20": "47155007972"}, "geometry": {"type": "Point", "coordinates": [-83.49987002738764, 35.8195815]}}, {"type": "Feature", "properties": {"county_nam": "Sevier", "county_norm": "SEVIER", "prec_id": "007963", "precinct_norm": "SEVIER - 007963", "precinct_name": "Sevier - 007963", "precinct_full_name": "Middle School 2", "name20": "Middle School 2", "GEOID20": "47155007963"}, "geometry": {"type": "Point", "coordinates": [-83.53005958892636, 35.85392]}}, {"type": "Feature", "properties": {"county_nam": "Sevier", "county_norm": "SEVIER", "prec_id": "007955", "precinct_norm": "SEVIER - 007955", "precinct_name": "Sevier - 007955", "precinct_full_name": "New Center 1", "name20": "New Center 1", "GEOID20": "47155007955"}, "geometry": {"type": "Point", "coordinates": [-83.37505163990791, 35.9023315]}}, {"type": "Feature", "properties": {"county_nam": "Sevier", "county_norm": "SEVIER", "prec_id": "007954", "precinct_norm": "SEVIER - 007954", "precinct_name": "Sevier - 007954", "precinct_full_name": "Harrisburg 2", "name20": "Harrisburg 2", "GEOID20": "47155007954"}, "geometry": {"type": "Point", "coordinates": [-83.46324634776356, 35.8852965]}}, {"type": "Feature", "properties": {"county_nam": "Sevier", "county_norm": "SEVIER", "prec_id": "007962", "precinct_norm": "SEVIER - 007962", "precinct_name": "Sevier - 007962", "precinct_full_name": "Senior Citizens 2", "name20": "Senior Citizens 2", "GEOID20": "47155007962"}, "geometry": {"type": "Point", "coordinates": [-83.57538324353084, 35.8616165]}}, {"type": "Feature", "properties": {"county_nam": "Sevier", "county_norm": "SEVIER", "prec_id": "007957", "precinct_norm": "SEVIER - 007957", "precinct_name": "Sevier - 007957", "precinct_full_name": "Pigeon Forge 2", "name20": "Pigeon Forge 2", "GEOID20": "47155007957"}, "geometry": {"type": "Point", "coordinates": [-83.54676243707328, 35.8109515]}}, {"type": "Feature", "properties": {"county_nam": "Sevier", "county_norm": "SEVIER", "prec_id": "007975", "precinct_norm": "SEVIER - 007975", "precinct_name": "Sevier - 007975", "precinct_full_name": "Pigeon Forge 2 Split", "name20": "Pigeon Forge 2 Split", "GEOID20": "47155007975"}, "geometry": {"type": "Point", "coordinates": [-83.53060092639643, 35.8435245]}}, {"type": "Feature", "properties": {"county_nam": "Sevier", "county_norm": "SEVIER", "prec_id": "007968", "precinct_norm": "SEVIER - 007968", "precinct_name": "Sevier - 007968", "precinct_full_name": "Seymour Intm.Sch. 2", "name20": "Seymour Intm.Sch. 2", "GEOID20": "47155007968"}, "geometry": {"type": "Point", "coordinates": [-83.73475622571428, 35.901477]}}, {"type": "Feature", "properties": {"county_nam": "Sevier", "county_norm": "SEVIER", "prec_id": "007956", "precinct_norm": "SEVIER - 007956", "precinct_name": "Sevier - 007956", "precinct_full_name": "Gatlinburg 2", "name20": "Gatlinburg 2", "GEOID20": "47155007956"}, "geometry": {"type": "Point", "coordinates": [-83.47669361610303, 35.6732095]}}, {"type": "Feature", "properties": {"county_nam": "Sevier", "county_norm": "SEVIER", "prec_id": "007951", "precinct_norm": "SEVIER - 007951", "precinct_name": "Sevier - 007951", "precinct_full_name": "Pittman Center 1", "name20": "Pittman Center 1", "GEOID20": "47155007951"}, "geometry": {"type": "Point", "coordinates": [-83.34254679615444, 35.767789]}}, {"type": "Feature", "properties": {"county_nam": "Sevier", "county_norm": "SEVIER", "prec_id": "007966", "precinct_norm": "SEVIER - 007966", "precinct_name": "Sevier - 007966", "precinct_full_name": "Catlettsburg 2", "name20": "Catlettsburg 2", "GEOID20": "47155007966"}, "geometry": {"type": "Point", "coordinates": [-83.59239772912076, 35.8976675]}}, {"type": "Feature", "properties": {"county_nam": "Sevier", "county_norm": "SEVIER", "prec_id": "007964", "precinct_norm": "SEVIER - 007964", "precinct_name": "Sevier - 007964", "precinct_full_name": "Voting Machine Whse. 2", "name20": "Voting Machine Whse. 2", "GEOID20": "47155007964"}, "geometry": {"type": "Point", "coordinates": [-83.53622375, 35.886264]}}, {"type": "Feature", "properties": {"county_nam": "Sevier", "county_norm": "SEVIER", "prec_id": "007973", "precinct_norm": "SEVIER - 007973", "precinct_name": "Sevier - 007973", "precinct_full_name": "Catlettsburg 1", "name20": "Catlettsburg 1", "GEOID20": "47155007973"}, "geometry": {"type": "Point", "coordinates": [-83.5216841140184, 35.933991000000006]}}, {"type": "Feature", "properties": {"county_nam": "Sevier", "county_norm": "SEVIER", "prec_id": "007967", "precinct_norm": "SEVIER - 007967", "precinct_name": "Sevier - 007967", "precinct_full_name": "Boyd's Creek 2", "name20": "Boyd's Creek 2", "GEOID20": "47155007967"}, "geometry": {"type": "Point", "coordinates": [-83.6680065915224, 35.931825]}}, {"type": "Feature", "properties": {"county_nam": "Sevier", "county_norm": "SEVIER", "prec_id": "007961", "precinct_norm": "SEVIER - 007961", "precinct_name": "Sevier - 007961", "precinct_full_name": "Whites 2", "name20": "Whites 2", "GEOID20": "47155007961"}, "geometry": {"type": "Point", "coordinates": [-83.64851190165095, 35.867433]}}, {"type": "Feature", "properties": {"county_nam": "Sevier", "county_norm": "SEVIER", "prec_id": "007960", "precinct_norm": "SEVIER - 007960", "precinct_name": "Sevier - 007960", "precinct_full_name": "DuPont 2", "name20": "DuPont 2", "GEOID20": "47155007960"}, "geometry": {"type": "Point", "coordinates": [-83.71501318957493, 35.831211499999995]}}, {"type": "Feature", "properties": {"county_nam": "Sevier", "county_norm": "SEVIER", "prec_id": "007970", "precinct_norm": "SEVIER - 007970", "precinct_name": "Sevier - 007970", "precinct_full_name": "Underwood 1", "name20": "Underwood 1", "GEOID20": "47155007970"}, "geometry": {"type": "Point", "coordinates": [-83.63583245262217, 36.012508999999994]}}, {"type": "Feature", "properties": {"county_nam": "Sevier", "county_norm": "SEVIER", "prec_id": "007969", "precinct_norm": "SEVIER - 007969", "precinct_name": "Sevier - 007969", "precinct_full_name": "Kodak 1", "name20": "Kodak 1", "GEOID20": "47155007969"}, "geometry": {"type": "Point", "coordinates": [-83.59711980561693, 35.959276]}}, {"type": "Feature", "properties": {"county_nam": "Sevier", "county_norm": "SEVIER", "prec_id": "007974", "precinct_norm": "SEVIER - 007974", "precinct_name": "Sevier - 007974", "precinct_full_name": "Kodak 2", "name20": "Kodak 2", "GEOID20": "47155007974"}, "geometry": {"type": "Point", "coordinates": [-83.58030321590908, 35.9450475]}}, {"type": "Feature", "properties": {"county_nam": "Sevier", "county_norm": "SEVIER", "prec_id": "007965", "precinct_norm": "SEVIER - 007965", "precinct_name": "Sevier - 007965", "precinct_full_name": "Seymour Primary Sch. 2", "name20": "Seymour Primary Sch. 2", "GEOID20": "47155007965"}, "geometry": {"type": "Point", "coordinates": [-83.72650558935018, 35.872953499999994]}}]}