{
"type": "FeatureCollection",
"name": "districts",
"crs": { "type": "name", "properties": { "name": "urn:ogc:def:crs:OGC:1.3:CRS84" } },
"features": [
{ "type": "Feature", "properties": { "district_num": "97" }, "geometry": { "type": "Polygon", "coordinates": [ [ [ -89.972978, 35.125053 ], [ -89.972712, 35.125411 ], [ -89.97264, 35.125509 ], [ -89.972268, 35.126048 ], [ -89.972154, 35.126199 ], [ -89.971943, 35.126506 ], [ -89.971785, 35.126738 ], [ -89.971705, 35.126883 ], [ -89.971596, 35.127058 ], [ -89.971578, 35.127088 ], [ -89.971478, 35.127265 ], [ -89.971298, 35.127626 ], [ -89.971251, 35.127735 ], [ -89.971156, 35.127958 ], [ -89.971046, 35.128222 ], [ -89.971033, 35.128263 ], [ -89.970882, 35.128759 ], [ -89.970793, 35.129219 ], [ -89.970731, 35.129543 ], [ -89.970605, 35.130512 ], [ -89.970593, 35.13061 ], [ -89.970224, 35.133236 ], [ -89.970206, 35.133417 ], [ -89.970197, 35.133507 ], [ -89.970135, 35.134134 ], [ -89.97012, 35.134292 ], [ -89.970114, 35.13435 ], [ -89.969741, 35.134459 ], [ -89.969255, 35.134561 ], [ -89.969113, 35.134572 ], [ -89.968902, 35.134576 ], [ -89.968404, 35.134565 ], [ -89.968165, 35.134621 ], [ -89.967991, 35.134712 ], [ -89.967837, 35.134839 ], [ -89.967715, 35.134976 ], [ -89.967499, 35.134902 ], [ -89.966154, 35.13444 ], [ -89.964733, 35.133896 ], [ -89.964318, 35.133737 ], [ -89.964127, 35.133664 ], [ -89.963554, 35.133446 ], [ -89.963364, 35.133374 ], [ -89.963164, 35.133831 ], [ -89.962567, 35.135202 ], [ -89.962368, 35.13566 ], [ -89.962165, 35.135606 ], [ -89.961858, 35.135517 ], [ -89.961371, 35.135377 ], [ -89.960882, 35.135227 ], [ -89.960696, 35.135165 ], [ -89.960599, 35.135133 ], [ -89.960397, 35.135036 ], [ -89.960356, 35.135011 ], [ -89.960193, 35.134911 ], [ -89.959932, 35.134697 ], [ -89.95959, 35.1344 ], [ -89.959553, 35.134368 ], [ -89.959346, 35.134219 ], [ -89.959176, 35.134113 ], [ -89.958826, 35.133942 ], [ -89.958509, 35.133832 ], [ -89.958387, 35.133801 ], [ -89.958157, 35.133745 ], [ -89.957945, 35.133713 ], [ -89.957797, 35.133699 ], [ -89.957631, 35.133685 ], [ -89.957352, 35.133674 ], [ -89.957204, 35.133669 ], [ -89.95663, 35.133646 ], [ -89.955072, 35.133587 ], [ -89.954908, 35.133581 ], [ -89.954335, 35.13356 ], [ -89.952884, 35.1335 ], [ -89.952794, 35.135603 ], [ -89.952786, 35.135706 ], [ -89.952765, 35.13605 ], [ -89.952715, 35.13623 ], [ -89.952659, 35.136354 ], [ -89.952495, 35.136615 ], [ -89.951849, 35.137653 ], [ -89.951791, 35.137799 ], [ -89.951781, 35.137955 ], [ -89.951767, 35.138212 ], [ -89.951747, 35.138897 ], [ -89.951744, 35.139 ], [ -89.951738, 35.139211 ], [ -89.951737, 35.139254 ], [ -89.95173, 35.139403 ], [ -89.951724, 35.13952 ], [ -89.951684, 35.14045 ], [ -89.951672, 35.14076 ], [ -89.951665, 35.140939 ], [ -89.951643, 35.141476 ], [ -89.951637, 35.141656 ], [ -89.951631, 35.14185 ], [ -89.951615, 35.142432 ], [ -89.951611, 35.142627 ], [ -89.951575, 35.143587 ], [ -89.951541, 35.144581 ], [ -89.951535, 35.144776 ], [ -89.951516, 35.145363 ], [ -89.951511, 35.145559 ], [ -89.951496, 35.146016 ], [ -89.951483, 35.146459 ], [ -89.951453, 35.14739 ], [ -89.951439, 35.147848 ], [ -89.951232, 35.147881 ], [ -89.950064, 35.147858 ], [ -89.949357, 35.147845 ], [ -89.948315, 35.147838 ], [ -89.946275, 35.147803 ], [ -89.945932, 35.147799 ], [ -89.945118, 35.147791 ], [ -89.944555, 35.147772 ], [ -89.944553, 35.147858 ], [ -89.944551, 35.147994 ], [ -89.944551, 35.148116 ], [ -89.94455, 35.148203 ], [ -89.944543, 35.148528 ], [ -89.944541, 35.148538 ], [ -89.944537, 35.148711 ], [ -89.944531, 35.148915 ], [ -89.944519, 35.149279 ], [ -89.944513, 35.149467 ], [ -89.944149, 35.14947 ], [ -89.943809, 35.149474 ], [ -89.943519, 35.149477 ], [ -89.941697, 35.149425 ], [ -89.940994, 35.149405 ], [ -89.940645, 35.149394 ], [ -89.939599, 35.149364 ], [ -89.939251, 35.149354 ], [ -89.939106, 35.149351 ], [ -89.938672, 35.149343 ], [ -89.938528, 35.149341 ], [ -89.937821, 35.149331 ], [ -89.937325, 35.149314 ], [ -89.935585, 35.149277 ], [ -89.934517, 35.149254 ], [ -89.934456, 35.149253 ], [ -89.934458, 35.149332 ], [ -89.934459, 35.150257 ], [ -89.934451, 35.150564 ], [ -89.934437, 35.151905 ], [ -89.934167, 35.151894 ], [ -89.93336, 35.151864 ], [ -89.933091, 35.151854 ], [ -89.932811, 35.151843 ], [ -89.931971, 35.151813 ], [ -89.931692, 35.151803 ], [ -89.93141, 35.151793 ], [ -89.931208, 35.151786 ], [ -89.930566, 35.151764 ], [ -89.930285, 35.151755 ], [ -89.929799, 35.151738 ], [ -89.929117, 35.151715 ], [ -89.928753, 35.151703 ], [ -89.928344, 35.151691 ], [ -89.927859, 35.151677 ], [ -89.927757, 35.151786 ], [ -89.927644, 35.151882 ], [ -89.927631, 35.151898 ], [ -89.927586, 35.151971 ], [ -89.927562, 35.152094 ], [ -89.927558, 35.152224 ], [ -89.927535, 35.153113 ], [ -89.927527, 35.153434 ], [ -89.927522, 35.153687 ], [ -89.927519, 35.153815 ], [ -89.927516, 35.153929 ], [ -89.927509, 35.154172 ], [ -89.927508, 35.154204 ], [ -89.927501, 35.154482 ], [ -89.927498, 35.154595 ], [ -89.927491, 35.154864 ], [ -89.927489, 35.154919 ], [ -89.927485, 35.155084 ], [ -89.927484, 35.15514 ], [ -89.927483, 35.15519 ], [ -89.927479, 35.155317 ], [ -89.927466, 35.155851 ], [ -89.927463, 35.156029 ], [ -89.927459, 35.156175 ], [ -89.927447, 35.156616 ], [ -89.927444, 35.156763 ], [ -89.927419, 35.157364 ], [ -89.927417, 35.157439 ], [ -89.927397, 35.15794 ], [ -89.927393, 35.158054 ], [ -89.92738, 35.158375 ], [ -89.927378, 35.158424 ], [ -89.927367, 35.158692 ], [ -89.927359, 35.158887 ], [ -89.927346, 35.159166 ], [ -89.927342, 35.159283 ], [ -89.927331, 35.159533 ], [ -89.927324, 35.159768 ], [ -89.927316, 35.159925 ], [ -89.927308, 35.160112 ], [ -89.927295, 35.160399 ], [ -89.927294, 35.160431 ], [ -89.927289, 35.160558 ], [ -89.927282, 35.160733 ], [ -89.927271, 35.161015 ], [ -89.927261, 35.161258 ], [ -89.927254, 35.161434 ], [ -89.927252, 35.161503 ], [ -89.927254, 35.161599 ], [ -89.927267, 35.161996 ], [ -89.927264, 35.162093 ], [ -89.927259, 35.162259 ], [ -89.927091, 35.162254 ], [ -89.926816, 35.162248 ], [ -89.926589, 35.162242 ], [ -89.926422, 35.162238 ], [ -89.926412, 35.162589 ], [ -89.926381, 35.163642 ], [ -89.926372, 35.163994 ], [ -89.926358, 35.164445 ], [ -89.926319, 35.165768 ], [ -89.926317, 35.165801 ], [ -89.926304, 35.166253 ], [ -89.926299, 35.166413 ], [ -89.926284, 35.166895 ], [ -89.92628, 35.167056 ], [ -89.926278, 35.167115 ], [ -89.926271, 35.167295 ], [ -89.92627, 35.167355 ], [ -89.926263, 35.167575 ], [ -89.926242, 35.168235 ], [ -89.926241, 35.168285 ], [ -89.926237, 35.168456 ], [ -89.926229, 35.168685 ], [ -89.926206, 35.169375 ], [ -89.926203, 35.169495 ], [ -89.92617, 35.169601 ], [ -89.926124, 35.169765 ], [ -89.926122, 35.169774 ], [ -89.92598, 35.170147 ], [ -89.925957, 35.17025 ], [ -89.925922, 35.170418 ], [ -89.925917, 35.170488 ], [ -89.925902, 35.1707 ], [ -89.925898, 35.170771 ], [ -89.925895, 35.170875 ], [ -89.925888, 35.171188 ], [ -89.925888, 35.171204 ], [ -89.925886, 35.171293 ], [ -89.925883, 35.171418 ], [ -89.925875, 35.171794 ], [ -89.925873, 35.17192 ], [ -89.925869, 35.172086 ], [ -89.925859, 35.172586 ], [ -89.925856, 35.172753 ], [ -89.925476, 35.172746 ], [ -89.924339, 35.172727 ], [ -89.92396, 35.172721 ], [ -89.923649, 35.172717 ], [ -89.923315, 35.172714 ], [ -89.922768, 35.172695 ], [ -89.922719, 35.172695 ], [ -89.922409, 35.172699 ], [ -89.922288, 35.172697 ], [ -89.922066, 35.172694 ], [ -89.921928, 35.172675 ], [ -89.921915, 35.172674 ], [ -89.921811, 35.172648 ], [ -89.9216, 35.172573 ], [ -89.921245, 35.172429 ], [ -89.920977, 35.172361 ], [ -89.920876, 35.172347 ], [ -89.92081, 35.172338 ], [ -89.919913, 35.172278 ], [ -89.91832, 35.172165 ], [ -89.917927, 35.172144 ], [ -89.916944, 35.172093 ], [ -89.916757, 35.172099 ], [ -89.916675, 35.172097 ], [ -89.916068, 35.172088 ], [ -89.915873, 35.172115 ], [ -89.91586, 35.172117 ], [ -89.915646, 35.172168 ], [ -89.915613, 35.17218 ], [ -89.915491, 35.172219 ], [ -89.91519, 35.172272 ], [ -89.915055, 35.17227 ], [ -89.914625, 35.172264 ], [ -89.913351, 35.172228 ], [ -89.912784, 35.172213 ], [ -89.912789, 35.172187 ], [ -89.91286, 35.172001 ], [ -89.913103, 35.171371 ], [ -89.913184, 35.171162 ], [ -89.913256, 35.170982 ], [ -89.913472, 35.170445 ], [ -89.913545, 35.170266 ], [ -89.913613, 35.170088 ], [ -89.91382, 35.169557 ], [ -89.91389, 35.169381 ], [ -89.913914, 35.169317 ], [ -89.913942, 35.169202 ], [ -89.913957, 35.169141 ], [ -89.913983, 35.168644 ], [ -89.913993, 35.168458 ], [ -89.914, 35.168262 ], [ -89.914024, 35.167697 ], [ -89.914026, 35.167677 ], [ -89.914046, 35.167483 ], [ -89.91405, 35.167464 ], [ -89.914091, 35.167365 ], [ -89.914195, 35.16718 ], [ -89.914195, 35.167162 ], [ -89.914203, 35.166949 ], [ -89.914206, 35.166869 ], [ -89.913648, 35.16686 ], [ -89.913637, 35.167067 ], [ -89.913125, 35.167058 ], [ -89.912968, 35.167067 ], [ -89.912458, 35.167062 ], [ -89.905874, 35.167061 ], [ -89.905868, 35.166957 ], [ -89.904807, 35.16695 ], [ -89.904635, 35.167126 ], [ -89.904219, 35.167509 ], [ -89.903814, 35.167881 ], [ -89.903127, 35.168511 ], [ -89.902529, 35.169062 ], [ -89.902486, 35.169005 ], [ -89.902449, 35.168957 ], [ -89.902421, 35.16898 ], [ -89.902366, 35.169028 ], [ -89.902272, 35.16911 ], [ -89.901929, 35.168665 ], [ -89.901707, 35.168372 ], [ -89.901186, 35.167684 ], [ -89.900122, 35.166262 ], [ -89.900034, 35.166146 ], [ -89.899298, 35.165224 ], [ -89.896668, 35.161704 ], [ -89.894495, 35.158833 ], [ -89.894312, 35.158594 ], [ -89.893914, 35.158126 ], [ -89.893479, 35.157682 ], [ -89.893069, 35.157321 ], [ -89.892787, 35.157093 ], [ -89.89226, 35.156696 ], [ -89.891176, 35.155919 ], [ -89.890951, 35.15577 ], [ -89.89083, 35.155691 ], [ -89.890527, 35.155492 ], [ -89.890257, 35.155313 ], [ -89.890188, 35.155268 ], [ -89.889808, 35.155068 ], [ -89.889436, 35.154889 ], [ -89.889065, 35.154729 ], [ -89.888382, 35.154472 ], [ -89.888333, 35.154454 ], [ -89.88799, 35.154342 ], [ -89.887727, 35.154273 ], [ -89.887655, 35.15425 ], [ -89.887442, 35.154183 ], [ -89.887371, 35.154161 ], [ -89.887326, 35.154197 ], [ -89.887248, 35.154258 ], [ -89.887227, 35.154276 ], [ -89.886987, 35.154499 ], [ -89.886853, 35.154633 ], [ -89.886779, 35.154708 ], [ -89.886694, 35.154784 ], [ -89.886682, 35.154796 ], [ -89.886662, 35.154815 ], [ -89.886389, 35.155071 ], [ -89.886141, 35.155299 ], [ -89.884794, 35.156542 ], [ -89.884471, 35.156834 ], [ -89.883911, 35.157343 ], [ -89.883752, 35.15749 ], [ -89.883249, 35.157941 ], [ -89.88239, 35.158714 ], [ -89.882311, 35.158785 ], [ -89.882232, 35.158856 ], [ -89.882098, 35.158774 ], [ -89.881819, 35.1586 ], [ -89.881091, 35.158135 ], [ -89.880965, 35.158035 ], [ -89.880505, 35.15765 ], [ -89.880272, 35.157436 ], [ -89.88014, 35.157293 ], [ -89.880043, 35.157173 ], [ -89.879913, 35.157029 ], [ -89.879891, 35.156998 ], [ -89.879874, 35.156965 ], [ -89.879835, 35.156863 ], [ -89.879802, 35.156836 ], [ -89.879765, 35.156795 ], [ -89.87975, 35.156779 ], [ -89.879593, 35.15656 ], [ -89.87955, 35.156501 ], [ -89.879538, 35.156481 ], [ -89.879494, 35.156408 ], [ -89.879453, 35.156341 ], [ -89.879433, 35.156292 ], [ -89.87942, 35.156279 ], [ -89.879249, 35.156439 ], [ -89.877979, 35.157591 ], [ -89.877375, 35.158091 ], [ -89.876782, 35.158548 ], [ -89.876078, 35.159026 ], [ -89.868129, 35.151946 ], [ -89.862871, 35.146845 ], [ -89.863192, 35.14655 ], [ -89.862176, 35.145695 ], [ -89.859699, 35.148689 ], [ -89.859536, 35.148821 ], [ -89.859377, 35.148945 ], [ -89.858976, 35.149261 ], [ -89.858779, 35.149436 ], [ -89.858714, 35.149493 ], [ -89.858593, 35.149635 ], [ -89.858556, 35.14972 ], [ -89.858557, 35.149813 ], [ -89.858616, 35.15022 ], [ -89.858675, 35.150647 ], [ -89.858678, 35.150671 ], [ -89.858861, 35.152027 ], [ -89.858874, 35.15212 ], [ -89.858922, 35.15248 ], [ -89.858945, 35.152644 ], [ -89.858997, 35.153006 ], [ -89.859013, 35.153138 ], [ -89.859035, 35.153303 ], [ -89.859062, 35.153609 ], [ -89.859039, 35.153719 ], [ -89.858978, 35.153839 ], [ -89.858898, 35.153926 ], [ -89.858802, 35.154006 ], [ -89.858649, 35.154074 ], [ -89.858934, 35.154471 ], [ -89.859058, 35.154675 ], [ -89.859317, 35.155215 ], [ -89.859465, 35.155599 ], [ -89.859499, 35.155733 ], [ -89.859581, 35.156056 ], [ -89.859623, 35.156289 ], [ -89.85965, 35.156473 ], [ -89.859661, 35.156744 ], [ -89.85967, 35.156973 ], [ -89.859663, 35.157487 ], [ -89.859658, 35.157709 ], [ -89.859643, 35.158374 ], [ -89.859639, 35.158597 ], [ -89.85963, 35.159179 ], [ -89.859615, 35.160237 ], [ -89.859601, 35.160928 ], [ -89.85959, 35.161511 ], [ -89.85959, 35.161801 ], [ -89.85959, 35.162215 ], [ -89.859644, 35.162552 ], [ -89.859672, 35.162664 ], [ -89.859687, 35.162721 ], [ -89.859714, 35.162835 ], [ -89.859739, 35.162925 ], [ -89.859765, 35.163027 ], [ -89.859833, 35.16325 ], [ -89.859944, 35.163473 ], [ -89.860141, 35.163778 ], [ -89.860246, 35.16392 ], [ -89.860356, 35.164067 ], [ -89.860434, 35.164155 ], [ -89.860526, 35.16426 ], [ -89.860658, 35.164408 ], [ -89.860893, 35.164631 ], [ -89.860966, 35.164697 ], [ -89.86115, 35.164865 ], [ -89.86148, 35.16518 ], [ -89.861388, 35.165216 ], [ -89.861335, 35.165237 ], [ -89.861302, 35.16525 ], [ -89.861266, 35.165263 ], [ -89.860844, 35.165429 ], [ -89.860087, 35.165718 ], [ -89.858418, 35.166359 ], [ -89.857313, 35.166768 ], [ -89.854858, 35.167677 ], [ -89.850332, 35.169472 ], [ -89.850215, 35.169286 ], [ -89.850074, 35.169226 ], [ -89.849914, 35.169232 ], [ -89.84978, 35.16933 ], [ -89.849573, 35.169407 ], [ -89.849479, 35.169386 ], [ -89.849452, 35.169303 ], [ -89.849506, 35.169155 ], [ -89.849486, 35.169078 ], [ -89.849419, 35.169056 ], [ -89.849278, 35.169078 ], [ -89.849145, 35.169199 ], [ -89.849058, 35.169325 ], [ -89.848984, 35.169347 ], [ -89.84885, 35.169325 ], [ -89.84878, 35.169276 ], [ -89.848623, 35.169166 ], [ -89.848563, 35.169144 ], [ -89.848462, 35.169177 ], [ -89.848382, 35.169507 ], [ -89.848342, 35.169518 ], [ -89.848215, 35.169485 ], [ -89.848148, 35.169347 ], [ -89.848095, 35.169276 ], [ -89.847994, 35.16926 ], [ -89.84774, 35.16932 ], [ -89.847666, 35.169265 ], [ -89.847713, 35.169194 ], [ -89.847733, 35.169111 ], [ -89.847706, 35.169095 ], [ -89.84772, 35.169013 ], [ -89.84778, 35.168941 ], [ -89.84788, 35.168947 ], [ -89.848121, 35.169078 ], [ -89.848221, 35.169056 ], [ -89.848248, 35.168996 ], [ -89.848208, 35.168919 ], [ -89.848221, 35.168738 ], [ -89.848241, 35.168721 ], [ -89.848302, 35.168567 ], [ -89.848275, 35.168469 ], [ -89.848188, 35.168419 ], [ -89.848047, 35.168491 ], [ -89.847867, 35.168419 ], [ -89.847773, 35.168436 ], [ -89.847606, 35.168579 ], [ -89.847512, 35.168601 ], [ -89.847419, 35.168469 ], [ -89.847305, 35.168425 ], [ -89.847251, 35.168354 ], [ -89.847278, 35.168282 ], [ -89.847345, 35.16826 ], [ -89.847639, 35.168271 ], [ -89.847793, 35.168249 ], [ -89.847887, 35.168167 ], [ -89.847893, 35.168112 ], [ -89.84786, 35.168068 ], [ -89.847679, 35.168095 ], [ -89.847626, 35.168062 ], [ -89.847619, 35.16792 ], [ -89.847893, 35.167793 ], [ -89.848007, 35.167623 ], [ -89.848174, 35.167519 ], [ -89.848181, 35.167354 ], [ -89.848127, 35.167282 ], [ -89.848043, 35.167146 ], [ -89.848013, 35.167096 ], [ -89.848033, 35.166986 ], [ -89.84796, 35.166739 ], [ -89.847945, 35.166641 ], [ -89.847926, 35.166503 ], [ -89.847939, 35.166354 ], [ -89.847945, 35.166308 ], [ -89.847966, 35.166156 ], [ -89.847879, 35.16608 ], [ -89.847845, 35.165953 ], [ -89.847919, 35.165778 ], [ -89.847906, 35.165695 ], [ -89.847758, 35.165585 ], [ -89.847685, 35.165437 ], [ -89.847745, 35.16536 ], [ -89.847879, 35.1653 ], [ -89.847932, 35.165234 ], [ -89.847584, 35.164778 ], [ -89.847497, 35.164691 ], [ -89.847787, 35.164558 ], [ -89.847969, 35.164476 ], [ -89.848663, 35.164169 ], [ -89.848956, 35.16404 ], [ -89.849253, 35.163913 ], [ -89.850148, 35.163532 ], [ -89.850246, 35.163491 ], [ -89.850452, 35.163421 ], [ -89.85041, 35.163316 ], [ -89.850393, 35.16315 ], [ -89.850394, 35.16313 ], [ -89.850452, 35.162234 ], [ -89.850472, 35.161936 ], [ -89.850243, 35.161916 ], [ -89.850105, 35.161905 ], [ -89.849736, 35.161892 ], [ -89.849556, 35.161893 ], [ -89.849327, 35.161895 ], [ -89.849002, 35.161912 ], [ -89.848909, 35.161917 ], [ -89.848705, 35.161946 ], [ -89.848612, 35.161959 ], [ -89.848529, 35.161975 ], [ -89.848345, 35.162012 ], [ -89.848207, 35.16204 ], [ -89.848039, 35.162044 ], [ -89.84795, 35.162047 ], [ -89.84782, 35.162032 ], [ -89.847718, 35.162011 ], [ -89.847525, 35.162002 ], [ -89.847375, 35.161995 ], [ -89.846981, 35.161995 ], [ -89.846948, 35.161995 ], [ -89.846756, 35.161995 ], [ -89.846758, 35.162389 ], [ -89.846757, 35.162447 ], [ -89.846757, 35.162471 ], [ -89.846755, 35.162574 ], [ -89.846752, 35.162722 ], [ -89.846749, 35.162898 ], [ -89.846747, 35.163046 ], [ -89.846744, 35.163216 ], [ -89.84674, 35.163806 ], [ -89.84674, 35.163849 ], [ -89.846725, 35.163954 ], [ -89.846696, 35.163992 ], [ -89.846608, 35.164042 ], [ -89.846551, 35.164057 ], [ -89.846455, 35.164053 ], [ -89.845979, 35.163948 ], [ -89.844946, 35.163721 ], [ -89.844676, 35.16368 ], [ -89.844546, 35.163675 ], [ -89.844185, 35.163695 ], [ -89.844061, 35.163706 ], [ -89.844005, 35.163399 ], [ -89.843955, 35.163126 ], [ -89.843885, 35.162775 ], [ -89.843877, 35.162526 ], [ -89.84388, 35.162477 ], [ -89.843896, 35.162243 ], [ -89.843904, 35.162167 ], [ -89.843917, 35.162028 ], [ -89.843933, 35.161878 ], [ -89.843928, 35.161649 ], [ -89.843921, 35.161614 ], [ -89.843896, 35.161478 ], [ -89.844104, 35.161454 ], [ -89.844731, 35.161384 ], [ -89.84494, 35.161361 ], [ -89.845267, 35.16133 ], [ -89.845594, 35.161301 ], [ -89.845833, 35.161258 ], [ -89.846208, 35.161167 ], [ -89.846236, 35.161152 ], [ -89.846442, 35.161049 ], [ -89.846524, 35.160994 ], [ -89.846581, 35.160933 ], [ -89.846643, 35.160847 ], [ -89.846686, 35.16077 ], [ -89.846734, 35.160688 ], [ -89.846788, 35.160511 ], [ -89.846798, 35.159958 ], [ -89.846804, 35.159681 ], [ -89.847566, 35.159707 ], [ -89.848702, 35.159747 ], [ -89.84976, 35.159783 ], [ -89.849853, 35.159787 ], [ -89.850616, 35.159821 ], [ -89.850618, 35.159783 ], [ -89.850624, 35.159673 ], [ -89.850627, 35.159636 ], [ -89.850635, 35.159466 ], [ -89.850662, 35.158958 ], [ -89.850671, 35.158789 ], [ -89.850676, 35.15862 ], [ -89.850695, 35.158114 ], [ -89.850702, 35.157946 ], [ -89.850712, 35.157729 ], [ -89.850739, 35.157159 ], [ -89.850751, 35.157081 ], [ -89.850785, 35.156868 ], [ -89.850425, 35.156845 ], [ -89.850251, 35.156841 ], [ -89.849675, 35.156831 ], [ -89.84865, 35.156783 ], [ -89.84856, 35.156779 ], [ -89.848117, 35.156764 ], [ -89.847436, 35.15676 ], [ -89.847199, 35.156759 ], [ -89.846607, 35.156734 ], [ -89.846215, 35.156737 ], [ -89.845614, 35.156718 ], [ -89.845403, 35.156679 ], [ -89.845283, 35.156637 ], [ -89.845127, 35.156547 ], [ -89.845111, 35.156534 ], [ -89.844852, 35.156286 ], [ -89.84475, 35.156195 ], [ -89.844573, 35.156036 ], [ -89.844433, 35.155941 ], [ -89.844321, 35.155865 ], [ -89.844065, 35.155723 ], [ -89.843916, 35.155659 ], [ -89.843868, 35.155645 ], [ -89.843697, 35.155596 ], [ -89.843371, 35.155537 ], [ -89.843247, 35.15552 ], [ -89.842413, 35.155398 ], [ -89.842378, 35.155394 ], [ -89.842145, 35.155369 ], [ -89.841878, 35.155401 ], [ -89.841672, 35.155426 ], [ -89.841503, 35.155445 ], [ -89.84107, 35.155497 ], [ -89.840996, 35.155498 ], [ -89.840826, 35.155501 ], [ -89.840859, 35.155664 ], [ -89.84092, 35.155962 ], [ -89.840959, 35.156156 ], [ -89.840993, 35.156321 ], [ -89.841016, 35.156487 ], [ -89.841025, 35.156548 ], [ -89.841014, 35.156989 ], [ -89.84101, 35.157157 ], [ -89.841006, 35.157236 ], [ -89.840997, 35.157473 ], [ -89.840995, 35.157553 ], [ -89.84099, 35.157976 ], [ -89.837112, 35.157917 ], [ -89.837111, 35.157161 ], [ -89.837111, 35.156571 ], [ -89.837112, 35.15634 ], [ -89.837113, 35.156298 ], [ -89.837117, 35.155649 ], [ -89.837119, 35.155419 ], [ -89.837121, 35.155299 ], [ -89.83712, 35.15525 ], [ -89.837114, 35.154743 ], [ -89.837112, 35.154575 ], [ -89.83711, 35.154428 ], [ -89.837106, 35.15399 ], [ -89.837105, 35.153844 ], [ -89.837105, 35.153362 ], [ -89.837105, 35.152449 ], [ -89.837105, 35.151917 ], [ -89.837106, 35.151606 ], [ -89.837024, 35.151597 ], [ -89.836943, 35.151581 ], [ -89.83685, 35.151562 ], [ -89.836595, 35.151516 ], [ -89.836379, 35.151472 ], [ -89.836189, 35.151435 ], [ -89.836, 35.151398 ], [ -89.835843, 35.151366 ], [ -89.83571, 35.15134 ], [ -89.835577, 35.151313 ], [ -89.835444, 35.151287 ], [ -89.835312, 35.15126 ], [ -89.835179, 35.151234 ], [ -89.835046, 35.151207 ], [ -89.834913, 35.151181 ], [ -89.83478, 35.151157 ], [ -89.834762, 35.151153 ], [ -89.834648, 35.151128 ], [ -89.834624, 35.151123 ], [ -89.833893, 35.150979 ], [ -89.833811, 35.150962 ], [ -89.833166, 35.150834 ], [ -89.833121, 35.150825 ], [ -89.833101, 35.150821 ], [ -89.832804, 35.150762 ], [ -89.832525, 35.150707 ], [ -89.832466, 35.150695 ], [ -89.828788, 35.149965 ], [ -89.826553, 35.149522 ], [ -89.826407, 35.149493 ], [ -89.826276, 35.149467 ], [ -89.826146, 35.149441 ], [ -89.826016, 35.149415 ], [ -89.825886, 35.14939 ], [ -89.82565, 35.149343 ], [ -89.825368, 35.149287 ], [ -89.825305, 35.149274 ], [ -89.823013, 35.148815 ], [ -89.822696, 35.148734 ], [ -89.822627, 35.148715 ], [ -89.819641, 35.148117 ], [ -89.819548, 35.148099 ], [ -89.819408, 35.148075 ], [ -89.8193, 35.148058 ], [ -89.819186, 35.148042 ], [ -89.8191, 35.148032 ], [ -89.818985, 35.148019 ], [ -89.818863, 35.148009 ], [ -89.818764, 35.148001 ], [ -89.818707, 35.147998 ], [ -89.818624, 35.147994 ], [ -89.818538, 35.14799 ], [ -89.818452, 35.147988 ], [ -89.818366, 35.147987 ], [ -89.818276, 35.147987 ], [ -89.818209, 35.147988 ], [ -89.818146, 35.147989 ], [ -89.818107, 35.14799 ], [ -89.817962, 35.147969 ], [ -89.817892, 35.147891 ], [ -89.817827, 35.147819 ], [ -89.817246, 35.147842 ], [ -89.817112, 35.147847 ], [ -89.816591, 35.147868 ], [ -89.815655, 35.147945 ], [ -89.814974, 35.148022 ], [ -89.814264, 35.148103 ], [ -89.81231, 35.148334 ], [ -89.811786, 35.148397 ], [ -89.80645, 35.14903 ], [ -89.804497, 35.149262 ], [ -89.803524, 35.149369 ], [ -89.800606, 35.149689 ], [ -89.799634, 35.149797 ], [ -89.798756, 35.149908 ], [ -89.796124, 35.150241 ], [ -89.795423, 35.15033 ], [ -89.795459, 35.149198 ], [ -89.795482, 35.148375 ], [ -89.795522, 35.146984 ], [ -89.795528, 35.146816 ], [ -89.795587, 35.144836 ], [ -89.795619, 35.143769 ], [ -89.795625, 35.143662 ], [ -89.795679, 35.142302 ], [ -89.795605, 35.142308 ], [ -89.795476, 35.142308 ], [ -89.795476, 35.142164 ], [ -89.794806, 35.142164 ], [ -89.794363, 35.142164 ], [ -89.793434, 35.142167 ], [ -89.792796, 35.142152 ], [ -89.792127, 35.142137 ], [ -89.792064, 35.142118 ], [ -89.79185, 35.142123 ], [ -89.791382, 35.142124 ], [ -89.791256, 35.142124 ], [ -89.790785, 35.14214 ], [ -89.790344, 35.142188 ], [ -89.789974, 35.142259 ], [ -89.789423, 35.142366 ], [ -89.789154, 35.142417 ], [ -89.78863, 35.142494 ], [ -89.788136, 35.142524 ], [ -89.786855, 35.142508 ], [ -89.786691, 35.142506 ], [ -89.786183, 35.142498 ], [ -89.784661, 35.142477 ], [ -89.78426, 35.142472 ], [ -89.784154, 35.142464 ], [ -89.783957, 35.142461 ], [ -89.783855, 35.14252 ], [ -89.7835, 35.14251 ], [ -89.783353, 35.142506 ], [ -89.782459, 35.142503 ], [ -89.781985, 35.1425 ], [ -89.781491, 35.142498 ], [ -89.781028, 35.142497 ], [ -89.780822, 35.142503 ], [ -89.78, 35.142525 ], [ -89.779686, 35.142531 ], [ -89.778928, 35.142546 ], [ -89.777705, 35.142538 ], [ -89.776798, 35.142522 ], [ -89.776742, 35.142521 ], [ -89.776277, 35.142519 ], [ -89.775551, 35.142517 ], [ -89.775142, 35.142539 ], [ -89.774225, 35.142572 ], [ -89.772982, 35.142619 ], [ -89.772573, 35.142604 ], [ -89.772213, 35.14257 ], [ -89.771485, 35.142471 ], [ -89.771405, 35.142461 ], [ -89.770578, 35.142342 ], [ -89.770283, 35.142299 ], [ -89.770025, 35.142262 ], [ -89.769503, 35.142207 ], [ -89.769397, 35.142201 ], [ -89.769101, 35.142187 ], [ -89.768923, 35.142175 ], [ -89.768806, 35.142168 ], [ -89.768479, 35.142167 ], [ -89.768389, 35.142166 ], [ -89.768211, 35.142166 ], [ -89.768063, 35.142187 ], [ -89.76798, 35.142217 ], [ -89.767921, 35.142268 ], [ -89.767883, 35.142355 ], [ -89.767874, 35.142662 ], [ -89.767852, 35.143416 ], [ -89.767832, 35.144397 ], [ -89.767826, 35.144816 ], [ -89.767826, 35.144877 ], [ -89.767823, 35.145018 ], [ -89.767814, 35.145535 ], [ -89.76781, 35.145764 ], [ -89.767805, 35.145991 ], [ -89.767805, 35.146024 ], [ -89.7678, 35.146267 ], [ -89.767783, 35.146991 ], [ -89.767772, 35.147359 ], [ -89.767766, 35.147583 ], [ -89.767758, 35.147815 ], [ -89.767753, 35.147992 ], [ -89.767731, 35.148912 ], [ -89.76773, 35.148963 ], [ -89.767708, 35.149458 ], [ -89.767749, 35.149561 ], [ -89.767815, 35.149625 ], [ -89.767897, 35.149661 ], [ -89.768013, 35.149683 ], [ -89.768091, 35.149685 ], [ -89.769441, 35.149726 ], [ -89.770348, 35.14974 ], [ -89.771446, 35.149759 ], [ -89.771433, 35.150307 ], [ -89.771396, 35.151952 ], [ -89.771385, 35.152501 ], [ -89.771379, 35.152802 ], [ -89.771368, 35.153517 ], [ -89.771363, 35.153707 ], [ -89.771356, 35.154009 ], [ -89.771352, 35.15416 ], [ -89.771341, 35.154612 ], [ -89.771338, 35.154764 ], [ -89.771334, 35.154974 ], [ -89.771323, 35.155607 ], [ -89.77132, 35.155819 ], [ -89.771317, 35.156041 ], [ -89.771309, 35.15671 ], [ -89.771309, 35.156787 ], [ -89.771348, 35.156928 ], [ -89.771367, 35.157003 ], [ -89.770576, 35.157236 ], [ -89.768773, 35.15777 ], [ -89.767, 35.158297 ], [ -89.765028, 35.158844 ], [ -89.763353, 35.159326 ], [ -89.762691, 35.159517 ], [ -89.762104, 35.159682 ], [ -89.761842, 35.159756 ], [ -89.761628, 35.159816 ], [ -89.761615, 35.159715 ], [ -89.761607, 35.159652 ], [ -89.761589, 35.159517 ], [ -89.761584, 35.159477 ], [ -89.761573, 35.159395 ], [ -89.761523, 35.159012 ], [ -89.761305, 35.157359 ], [ -89.760098, 35.157375 ], [ -89.759763, 35.157378 ], [ -89.759756, 35.157273 ], [ -89.75973, 35.156861 ], [ -89.759675, 35.155982 ], [ -89.759652, 35.155617 ], [ -89.759629, 35.155236 ], [ -89.759537, 35.15375 ], [ -89.759483, 35.152879 ], [ -89.75945, 35.152857 ], [ -89.759393, 35.152813 ], [ -89.759296, 35.152738 ], [ -89.758986, 35.15248 ], [ -89.758886, 35.152393 ], [ -89.758829, 35.15234 ], [ -89.758666, 35.152185 ], [ -89.758532, 35.152035 ], [ -89.758299, 35.151712 ], [ -89.758131, 35.15145 ], [ -89.758113, 35.151422 ], [ -89.757959, 35.151608 ], [ -89.757651, 35.151986 ], [ -89.756211, 35.153756 ], [ -89.755288, 35.153727 ], [ -89.755192, 35.153482 ], [ -89.743337, 35.153382 ], [ -89.743317, 35.153135 ], [ -89.743257, 35.1528 ], [ -89.74321, 35.152086 ], [ -89.743169, 35.151097 ], [ -89.743162, 35.150817 ], [ -89.743068, 35.150152 ], [ -89.743009, 35.149904 ], [ -89.742987, 35.149812 ], [ -89.742967, 35.149554 ], [ -89.743, 35.149065 ], [ -89.74302, 35.148955 ], [ -89.743013, 35.148653 ], [ -89.742939, 35.148345 ], [ -89.742939, 35.148005 ], [ -89.742832, 35.147104 ], [ -89.742831, 35.14667 ], [ -89.742757, 35.145852 ], [ -89.742623, 35.145429 ], [ -89.74263, 35.145346 ], [ -89.742623, 35.145088 ], [ -89.742576, 35.145011 ], [ -89.742583, 35.144962 ], [ -89.742543, 35.144836 ], [ -89.742469, 35.144671 ], [ -89.742382, 35.144325 ], [ -89.742187, 35.143704 ], [ -89.741765, 35.142529 ], [ -89.741591, 35.142139 ], [ -89.741464, 35.141529 ], [ -89.741377, 35.141365 ], [ -89.741296, 35.141128 ], [ -89.741216, 35.140651 ], [ -89.741182, 35.140546 ], [ -89.741135, 35.140415 ], [ -89.741075, 35.140096 ], [ -89.740961, 35.139673 ], [ -89.740733, 35.13902 ], [ -89.740318, 35.138004 ], [ -89.74011, 35.137416 ], [ -89.739963, 35.136598 ], [ -89.739874, 35.136252 ], [ -89.739587, 35.135137 ], [ -89.739145, 35.133681 ], [ -89.738984, 35.133412 ], [ -89.73873, 35.132907 ], [ -89.738676, 35.132698 ], [ -89.738643, 35.132424 ], [ -89.738562, 35.131853 ], [ -89.738509, 35.131545 ], [ -89.738267, 35.130968 ], [ -89.738254, 35.130809 ], [ -89.7382, 35.130639 ], [ -89.738234, 35.130457 ], [ -89.738314, 35.129947 ], [ -89.73832, 35.129716 ], [ -89.738333, 35.12957 ], [ -89.738483, 35.129557 ], [ -89.739119, 35.129486 ], [ -89.739471, 35.129414 ], [ -89.739709, 35.12934 ], [ -89.740025, 35.129243 ], [ -89.740394, 35.129142 ], [ -89.741577, 35.128939 ], [ -89.743828, 35.128555 ], [ -89.74463, 35.128418 ], [ -89.745206, 35.128313 ], [ -89.74541, 35.128262 ], [ -89.745568, 35.128223 ], [ -89.745935, 35.128118 ], [ -89.746021, 35.128093 ], [ -89.746225, 35.128036 ], [ -89.746249, 35.128029 ], [ -89.746425, 35.127971 ], [ -89.747213, 35.127712 ], [ -89.747704, 35.127551 ], [ -89.748091, 35.12745 ], [ -89.748372, 35.1274 ], [ -89.748571, 35.12739 ], [ -89.748704, 35.127406 ], [ -89.748867, 35.127453 ], [ -89.749548, 35.127751 ], [ -89.750174, 35.127998 ], [ -89.750198, 35.128008 ], [ -89.750559, 35.128146 ], [ -89.750946, 35.128281 ], [ -89.751159, 35.128331 ], [ -89.751561, 35.12839 ], [ -89.751825, 35.128423 ], [ -89.752143, 35.128468 ], [ -89.752421, 35.128509 ], [ -89.75289, 35.128598 ], [ -89.75305, 35.128643 ], [ -89.753077, 35.128654 ], [ -89.753312, 35.128747 ], [ -89.754745, 35.129499 ], [ -89.754887, 35.129568 ], [ -89.755026, 35.129635 ], [ -89.755232, 35.129704 ], [ -89.755393, 35.129731 ], [ -89.755575, 35.129733 ], [ -89.755603, 35.129729 ], [ -89.755763, 35.129709 ], [ -89.755849, 35.129687 ], [ -89.755983, 35.129653 ], [ -89.756282, 35.129542 ], [ -89.756351, 35.129514 ], [ -89.756774, 35.129345 ], [ -89.757612, 35.129054 ], [ -89.757716, 35.129019 ], [ -89.757809, 35.128988 ], [ -89.757854, 35.128973 ], [ -89.758362, 35.128814 ], [ -89.758435, 35.12879 ], [ -89.758498, 35.128771 ], [ -89.758656, 35.128726 ], [ -89.75873, 35.128705 ], [ -89.758797, 35.128685 ], [ -89.758843, 35.128673 ], [ -89.758878, 35.128663 ], [ -89.759, 35.128633 ], [ -89.759069, 35.128617 ], [ -89.759453, 35.128536 ], [ -89.759841, 35.128487 ], [ -89.760382, 35.12844 ], [ -89.760627, 35.128428 ], [ -89.760843, 35.128419 ], [ -89.760927, 35.12836 ], [ -89.761002, 35.128354 ], [ -89.761204, 35.128337 ], [ -89.761709, 35.128297 ], [ -89.762056, 35.128271 ], [ -89.763833, 35.12812 ], [ -89.764473, 35.128067 ], [ -89.764541, 35.128061 ], [ -89.764611, 35.128055 ], [ -89.76501, 35.128024 ], [ -89.76642, 35.127915 ], [ -89.766554, 35.127905 ], [ -89.766792, 35.127893 ], [ -89.766889, 35.127876 ], [ -89.767022, 35.127861 ], [ -89.767127, 35.127896 ], [ -89.767178, 35.127889 ], [ -89.767907, 35.127799 ], [ -89.767992, 35.127789 ], [ -89.76806, 35.127781 ], [ -89.76833, 35.127748 ], [ -89.768354, 35.127745 ], [ -89.768756, 35.127698 ], [ -89.768794, 35.127694 ], [ -89.769757, 35.127579 ], [ -89.769964, 35.127557 ], [ -89.770121, 35.127542 ], [ -89.770368, 35.127514 ], [ -89.77044, 35.127505 ], [ -89.770658, 35.12748 ], [ -89.770731, 35.127472 ], [ -89.771024, 35.127447 ], [ -89.771333, 35.127437 ], [ -89.771402, 35.127439 ], [ -89.771719, 35.127453 ], [ -89.772312, 35.127471 ], [ -89.773421, 35.127509 ], [ -89.774094, 35.127533 ], [ -89.774531, 35.127553 ], [ -89.774763, 35.127565 ], [ -89.775473, 35.127636 ], [ -89.77569, 35.12766 ], [ -89.775839, 35.127678 ], [ -89.776275, 35.127729 ], [ -89.776619, 35.127776 ], [ -89.777039, 35.127834 ], [ -89.777197, 35.127871 ], [ -89.777565, 35.127974 ], [ -89.777637, 35.127999 ], [ -89.777966, 35.128113 ], [ -89.7783, 35.128242 ], [ -89.778532, 35.128346 ], [ -89.779073, 35.128589 ], [ -89.779474, 35.128769 ], [ -89.779841, 35.128963 ], [ -89.780188, 35.129148 ], [ -89.780256, 35.129185 ], [ -89.780284, 35.129229 ], [ -89.780353, 35.129335 ], [ -89.780675, 35.129491 ], [ -89.780834, 35.129558 ], [ -89.780966, 35.129614 ], [ -89.781158, 35.129683 ], [ -89.781324, 35.129734 ], [ -89.781394, 35.129756 ], [ -89.781491, 35.129782 ], [ -89.781638, 35.129822 ], [ -89.78171, 35.129835 ], [ -89.782087, 35.129907 ], [ -89.782381, 35.129947 ], [ -89.782606, 35.129978 ], [ -89.78314, 35.130043 ], [ -89.783279, 35.13006 ], [ -89.784029, 35.130152 ], [ -89.784102, 35.130161 ], [ -89.784177, 35.13017 ], [ -89.784743, 35.130239 ], [ -89.785278, 35.130306 ], [ -89.785242, 35.130497 ], [ -89.785168, 35.130904 ], [ -89.78512, 35.131065 ], [ -89.785099, 35.131138 ], [ -89.785051, 35.131247 ], [ -89.785356, 35.131379 ], [ -89.785464, 35.131426 ], [ -89.786285, 35.131752 ], [ -89.786595, 35.131876 ], [ -89.786773, 35.131945 ], [ -89.787239, 35.132125 ], [ -89.787309, 35.132153 ], [ -89.787487, 35.132224 ], [ -89.787642, 35.132286 ], [ -89.78811, 35.132474 ], [ -89.788161, 35.132495 ], [ -89.788266, 35.132539 ], [ -89.788612, 35.13268 ], [ -89.789101, 35.132878 ], [ -89.789627, 35.133096 ], [ -89.789967, 35.133237 ], [ -89.790004, 35.133253 ], [ -89.790116, 35.133302 ], [ -89.790154, 35.133319 ], [ -89.790177, 35.133328 ], [ -89.790246, 35.133357 ], [ -89.790269, 35.133367 ], [ -89.790406, 35.133423 ], [ -89.790819, 35.133593 ], [ -89.790957, 35.13365 ], [ -89.791107, 35.133711 ], [ -89.791558, 35.133897 ], [ -89.791709, 35.133959 ], [ -89.792687, 35.134363 ], [ -89.792714, 35.134375 ], [ -89.79278, 35.134403 ], [ -89.793955, 35.134883 ], [ -89.794193, 35.134978 ], [ -89.79455, 35.135107 ], [ -89.794692, 35.135159 ], [ -89.794993, 35.135241 ], [ -89.795514, 35.135337 ], [ -89.795662, 35.135342 ], [ -89.796042, 35.135357 ], [ -89.796103, 35.135066 ], [ -89.796208, 35.134573 ], [ -89.796308, 35.134198 ], [ -89.796386, 35.133912 ], [ -89.796399, 35.133863 ], [ -89.796414, 35.133803 ], [ -89.796488, 35.133533 ], [ -89.796715, 35.132717 ], [ -89.79682, 35.132403 ], [ -89.796894, 35.132184 ], [ -89.796923, 35.132104 ], [ -89.796936, 35.132067 ], [ -89.796948, 35.132033 ], [ -89.796952, 35.132019 ], [ -89.796966, 35.13198 ], [ -89.796971, 35.131967 ], [ -89.796981, 35.131927 ], [ -89.796985, 35.131913 ], [ -89.797, 35.131848 ], [ -89.797029, 35.13166 ], [ -89.797042, 35.131617 ], [ -89.797086, 35.131419 ], [ -89.797103, 35.131336 ], [ -89.797159, 35.131082 ], [ -89.797196, 35.130938 ], [ -89.797588, 35.129464 ], [ -89.797754, 35.128842 ], [ -89.797772, 35.128779 ], [ -89.797794, 35.128703 ], [ -89.79785, 35.128493 ], [ -89.798035, 35.127815 ], [ -89.798134, 35.127446 ], [ -89.798229, 35.127098 ], [ -89.798309, 35.126799 ], [ -89.798487, 35.126138 ], [ -89.79854, 35.12594 ], [ -89.79855, 35.125903 ], [ -89.798639, 35.125607 ], [ -89.798854, 35.124805 ], [ -89.7995, 35.122399 ], [ -89.799716, 35.121598 ], [ -89.799816, 35.121228 ], [ -89.800118, 35.120119 ], [ -89.80022, 35.11975 ], [ -89.800235, 35.119695 ], [ -89.800368, 35.119181 ], [ -89.800641, 35.118127 ], [ -89.800666, 35.118031 ], [ -89.800691, 35.117935 ], [ -89.800717, 35.117839 ], [ -89.800744, 35.117742 ], [ -89.800817, 35.117475 ], [ -89.800928, 35.117072 ], [ -89.800954, 35.116977 ], [ -89.800972, 35.116909 ], [ -89.80106, 35.116924 ], [ -89.801147, 35.116938 ], [ -89.801622, 35.117019 ], [ -89.801677, 35.117029 ], [ -89.802025, 35.117079 ], [ -89.802067, 35.11709 ], [ -89.802187, 35.117136 ], [ -89.802259, 35.117178 ], [ -89.802338, 35.117244 ], [ -89.802559, 35.117245 ], [ -89.802777, 35.117278 ], [ -89.802861, 35.117301 ], [ -89.802901, 35.117316 ], [ -89.802944, 35.117313 ], [ -89.803203, 35.117268 ], [ -89.803529, 35.117192 ], [ -89.803798, 35.11713 ], [ -89.803837, 35.117114 ], [ -89.803958, 35.11701 ], [ -89.804029, 35.116968 ], [ -89.804123, 35.116934 ], [ -89.804231, 35.116895 ], [ -89.804309, 35.116861 ], [ -89.804382, 35.116821 ], [ -89.805051, 35.116546 ], [ -89.805256, 35.116478 ], [ -89.805469, 35.116432 ], [ -89.805493, 35.116428 ], [ -89.805903, 35.116362 ], [ -89.806254, 35.116329 ], [ -89.806563, 35.116317 ], [ -89.806695, 35.116308 ], [ -89.807045, 35.116272 ], [ -89.807216, 35.116233 ], [ -89.807304, 35.116228 ], [ -89.807404, 35.116234 ], [ -89.807528, 35.116196 ], [ -89.807744, 35.116159 ], [ -89.807964, 35.116141 ], [ -89.808097, 35.11614 ], [ -89.808361, 35.116163 ], [ -89.808664, 35.116213 ], [ -89.808962, 35.116281 ], [ -89.809135, 35.116308 ], [ -89.809303, 35.116354 ], [ -89.80955, 35.116431 ], [ -89.809718, 35.116476 ], [ -89.809804, 35.116494 ], [ -89.809826, 35.116496 ], [ -89.809935, 35.116507 ], [ -89.810155, 35.116522 ], [ -89.810243, 35.116532 ], [ -89.810455, 35.116583 ], [ -89.810715, 35.116625 ], [ -89.810841, 35.116657 ], [ -89.810921, 35.116688 ], [ -89.811006, 35.116708 ], [ -89.811094, 35.116713 ], [ -89.811182, 35.116703 ], [ -89.811265, 35.116682 ], [ -89.811607, 35.116755 ], [ -89.811826, 35.116781 ], [ -89.812436, 35.116866 ], [ -89.812521, 35.116885 ], [ -89.8126, 35.116912 ], [ -89.812626, 35.116941 ], [ -89.812701, 35.116979 ], [ -89.812783, 35.117006 ], [ -89.812828, 35.117017 ], [ -89.812993, 35.117061 ], [ -89.813254, 35.117098 ], [ -89.814288, 35.117289 ], [ -89.814549, 35.117327 ], [ -89.814722, 35.117359 ], [ -89.814788, 35.117367 ], [ -89.814919, 35.117384 ], [ -89.815218, 35.117447 ], [ -89.815562, 35.117513 ], [ -89.816158, 35.117644 ], [ -89.816462, 35.117691 ], [ -89.816594, 35.117693 ], [ -89.817076, 35.117748 ], [ -89.817427, 35.117778 ], [ -89.817598, 35.117796 ], [ -89.81769, 35.117806 ], [ -89.818257, 35.11788 ], [ -89.818342, 35.1179 ], [ -89.818514, 35.117932 ], [ -89.818682, 35.117992 ], [ -89.818852, 35.118031 ], [ -89.818893, 35.118045 ], [ -89.819126, 35.118147 ], [ -89.819161, 35.118156 ], [ -89.819291, 35.118189 ], [ -89.819463, 35.118233 ], [ -89.819686, 35.118265 ], [ -89.819723, 35.118271 ], [ -89.819819, 35.118284 ], [ -89.820172, 35.11831 ], [ -89.820481, 35.118311 ], [ -89.820498, 35.118311 ], [ -89.820878, 35.118322 ], [ -89.82127, 35.118375 ], [ -89.821661, 35.118455 ], [ -89.822041, 35.118532 ], [ -89.822498, 35.118673 ], [ -89.822578, 35.118698 ], [ -89.822817, 35.118791 ], [ -89.822942, 35.118827 ], [ -89.823148, 35.11887 ], [ -89.823275, 35.118901 ], [ -89.823355, 35.118931 ], [ -89.823438, 35.118955 ], [ -89.823599, 35.118996 ], [ -89.824027, 35.119105 ], [ -89.824282, 35.119165 ], [ -89.824405, 35.119204 ], [ -89.824531, 35.119236 ], [ -89.824968, 35.119309 ], [ -89.825224, 35.119352 ], [ -89.825433, 35.11937 ], [ -89.825575, 35.119382 ], [ -89.825662, 35.119393 ], [ -89.825849, 35.119406 ], [ -89.826068, 35.119426 ], [ -89.82659, 35.119495 ], [ -89.82668, 35.11951 ], [ -89.827195, 35.119596 ], [ -89.827537, 35.119669 ], [ -89.827579, 35.119681 ], [ -89.828062, 35.119858 ], [ -89.828112, 35.11988 ], [ -89.828331, 35.119902 ], [ -89.828596, 35.119921 ], [ -89.828722, 35.119953 ], [ -89.829149, 35.120045 ], [ -89.829409, 35.120088 ], [ -89.829881, 35.120183 ], [ -89.830314, 35.120254 ], [ -89.830358, 35.120266 ], [ -89.830649, 35.120346 ], [ -89.83077, 35.12039 ], [ -89.831232, 35.120513 ], [ -89.831398, 35.120563 ], [ -89.831569, 35.120594 ], [ -89.831782, 35.120641 ], [ -89.831955, 35.120669 ], [ -89.832146, 35.120704 ], [ -89.83217, 35.120709 ], [ -89.832341, 35.120748 ], [ -89.832592, 35.120814 ], [ -89.833021, 35.120899 ], [ -89.833152, 35.120913 ], [ -89.833335, 35.120948 ], [ -89.834008, 35.118735 ], [ -89.834014, 35.118594 ], [ -89.834196, 35.118614 ], [ -89.834417, 35.118636 ], [ -89.834557, 35.118651 ], [ -89.835211, 35.11871 ], [ -89.835479, 35.118744 ], [ -89.835602, 35.118759 ], [ -89.835632, 35.118763 ], [ -89.836555, 35.118882 ], [ -89.837076, 35.118952 ], [ -89.838559, 35.119165 ], [ -89.839313, 35.11927 ], [ -89.839342, 35.119047 ], [ -89.839417, 35.118496 ], [ -89.839429, 35.118386 ], [ -89.839461, 35.117958 ], [ -89.839472, 35.117591 ], [ -89.839491, 35.117115 ], [ -89.839516, 35.116495 ], [ -89.839528, 35.116233 ], [ -89.839547, 35.11569 ], [ -89.839564, 35.115215 ], [ -89.839576, 35.115003 ], [ -89.839591, 35.114761 ], [ -89.839603, 35.114367 ], [ -89.83961, 35.114155 ], [ -89.839618, 35.113942 ], [ -89.839644, 35.113304 ], [ -89.839654, 35.113092 ], [ -89.839663, 35.112879 ], [ -89.839691, 35.112241 ], [ -89.839692, 35.112229 ], [ -89.839726, 35.112031 ], [ -89.839766, 35.111849 ], [ -89.839807, 35.111736 ], [ -89.839843, 35.111642 ], [ -89.839982, 35.111382 ], [ -89.840122, 35.111185 ], [ -89.840313, 35.110978 ], [ -89.840521, 35.110753 ], [ -89.840723, 35.11054 ], [ -89.841332, 35.109903 ], [ -89.841535, 35.109691 ], [ -89.841807, 35.109393 ], [ -89.841833, 35.109354 ], [ -89.841974, 35.109156 ], [ -89.842123, 35.108846 ], [ -89.842201, 35.108579 ], [ -89.842234, 35.108336 ], [ -89.842235, 35.108095 ], [ -89.842236, 35.108016 ], [ -89.842257, 35.107646 ], [ -89.842271, 35.107515 ], [ -89.842287, 35.107088 ], [ -89.842288, 35.107078 ], [ -89.842289, 35.10706 ], [ -89.84232, 35.106451 ], [ -89.842344, 35.105783 ], [ -89.842315, 35.105415 ], [ -89.842301, 35.105226 ], [ -89.842246, 35.104953 ], [ -89.842216, 35.104868 ], [ -89.842459, 35.104823 ], [ -89.842473, 35.104821 ], [ -89.8427, 35.10479 ], [ -89.842857, 35.104777 ], [ -89.843054, 35.104774 ], [ -89.843255, 35.104787 ], [ -89.843309, 35.104791 ], [ -89.843515, 35.104819 ], [ -89.843629, 35.104839 ], [ -89.843772, 35.104872 ], [ -89.84452, 35.105046 ], [ -89.844541, 35.105049 ], [ -89.844802, 35.105086 ], [ -89.844881, 35.105094 ], [ -89.844992, 35.105106 ], [ -89.845153, 35.105113 ], [ -89.845363, 35.105101 ], [ -89.845507, 35.105094 ], [ -89.845767, 35.105055 ], [ -89.846082, 35.104981 ], [ -89.846386, 35.104875 ], [ -89.846634, 35.104774 ], [ -89.846839, 35.104691 ], [ -89.84698, 35.104641 ], [ -89.847049, 35.104618 ], [ -89.84729, 35.104551 ], [ -89.847527, 35.104508 ], [ -89.847652, 35.104489 ], [ -89.847677, 35.104487 ], [ -89.847903, 35.104474 ], [ -89.848133, 35.104474 ], [ -89.848285, 35.104475 ], [ -89.848931, 35.104491 ], [ -89.848975, 35.104492 ], [ -89.851048, 35.104544 ], [ -89.851739, 35.104562 ], [ -89.851951, 35.104564 ], [ -89.852216, 35.104561 ], [ -89.852385, 35.10456 ], [ -89.85248, 35.104554 ], [ -89.85304, 35.104483 ], [ -89.853324, 35.10446 ], [ -89.853618, 35.104456 ], [ -89.853641, 35.104457 ], [ -89.854118, 35.104487 ], [ -89.854138, 35.104886 ], [ -89.854202, 35.105132 ], [ -89.854289, 35.105339 ], [ -89.854447, 35.105596 ], [ -89.854465, 35.105617 ], [ -89.854645, 35.105823 ], [ -89.854788, 35.105947 ], [ -89.854905, 35.106049 ], [ -89.855122, 35.106186 ], [ -89.855335, 35.1063 ], [ -89.855621, 35.10641 ], [ -89.85594, 35.106489 ], [ -89.856146, 35.106519 ], [ -89.856462, 35.106538 ], [ -89.856645, 35.106529 ], [ -89.856929, 35.1065 ], [ -89.85711, 35.106473 ], [ -89.857799, 35.106371 ], [ -89.858334, 35.106292 ], [ -89.858722, 35.106248 ], [ -89.858997, 35.106217 ], [ -89.85904, 35.106013 ], [ -89.859115, 35.105854 ], [ -89.859175, 35.105667 ], [ -89.859217, 35.105532 ], [ -89.859238, 35.105412 ], [ -89.859263, 35.105271 ], [ -89.85927, 35.105024 ], [ -89.85927, 35.103801 ], [ -89.859282, 35.103649 ], [ -89.859295, 35.10349 ], [ -89.859295, 35.102907 ], [ -89.859295, 35.10214 ], [ -89.859303, 35.101858 ], [ -89.859318, 35.101861 ], [ -89.859404, 35.101877 ], [ -89.859458, 35.101887 ], [ -89.860013, 35.101985 ], [ -89.86007, 35.101996 ], [ -89.860264, 35.102031 ], [ -89.860836, 35.102137 ], [ -89.861748, 35.102287 ], [ -89.861779, 35.102292 ], [ -89.861925, 35.102356 ], [ -89.862186, 35.102431 ], [ -89.86283, 35.102551 ], [ -89.862941, 35.102572 ], [ -89.863514, 35.102698 ], [ -89.863651, 35.102727 ], [ -89.864195, 35.102814 ], [ -89.864643, 35.102907 ], [ -89.865292, 35.103036 ], [ -89.866106, 35.103225 ], [ -89.866915, 35.103426 ], [ -89.868787, 35.103828 ], [ -89.869346, 35.103929 ], [ -89.869899, 35.104047 ], [ -89.870018, 35.10407 ], [ -89.870082, 35.101909 ], [ -89.870081, 35.10183 ], [ -89.870073, 35.10146 ], [ -89.870087, 35.100928 ], [ -89.870091, 35.100738 ], [ -89.870106, 35.100167 ], [ -89.870111, 35.099978 ], [ -89.870111, 35.099927 ], [ -89.870113, 35.099776 ], [ -89.870115, 35.099726 ], [ -89.870119, 35.09948 ], [ -89.87013, 35.09892 ], [ -89.870132, 35.098743 ], [ -89.870136, 35.098498 ], [ -89.870168, 35.096649 ], [ -89.870193, 35.095251 ], [ -89.870212, 35.09375 ], [ -89.870203, 35.093613 ], [ -89.870233, 35.092346 ], [ -89.870294, 35.09168 ], [ -89.870377, 35.091194 ], [ -89.870394, 35.091117 ], [ -89.870435, 35.090944 ], [ -89.870581, 35.090441 ], [ -89.870771, 35.089937 ], [ -89.870952, 35.089518 ], [ -89.871018, 35.089382 ], [ -89.871201, 35.089078 ], [ -89.871256, 35.088976 ], [ -89.87133, 35.088841 ], [ -89.871672, 35.088341 ], [ -89.872071, 35.087831 ], [ -89.872393, 35.087484 ], [ -89.872534, 35.087332 ], [ -89.872665, 35.087203 ], [ -89.872772, 35.087098 ], [ -89.873161, 35.086759 ], [ -89.873557, 35.086442 ], [ -89.873567, 35.086435 ], [ -89.873879, 35.086219 ], [ -89.874033, 35.086111 ], [ -89.874111, 35.086058 ], [ -89.874404, 35.085873 ], [ -89.874512, 35.085812 ], [ -89.874677, 35.08572 ], [ -89.874637, 35.085758 ], [ -89.875565, 35.085412 ], [ -89.876378, 35.085151 ], [ -89.876466, 35.085117 ], [ -89.876601, 35.085071 ], [ -89.877036, 35.084937 ], [ -89.877145, 35.084908 ], [ -89.877678, 35.084764 ], [ -89.878311, 35.084638 ], [ -89.878904, 35.084552 ], [ -89.880067, 35.084444 ], [ -89.879858, 35.084391 ], [ -89.87963, 35.084318 ], [ -89.879978, 35.084296 ], [ -89.880876, 35.084276 ], [ -89.883422, 35.08422 ], [ -89.884377, 35.084378 ], [ -89.885287, 35.084529 ], [ -89.885455, 35.084527 ], [ -89.885743, 35.084525 ], [ -89.886924, 35.084518 ], [ -89.888167, 35.084447 ], [ -89.888543, 35.084447 ], [ -89.889035, 35.084411 ], [ -89.889192, 35.084399 ], [ -89.889268, 35.084393 ], [ -89.890165, 35.084335 ], [ -89.890754, 35.084305 ], [ -89.890951, 35.084306 ], [ -89.891328, 35.084341 ], [ -89.891525, 35.084375 ], [ -89.892282, 35.084555 ], [ -89.892544, 35.084614 ], [ -89.892726, 35.084656 ], [ -89.893015, 35.084691 ], [ -89.89337, 35.084693 ], [ -89.893639, 35.084662 ], [ -89.893994, 35.08462 ], [ -89.894056, 35.084613 ], [ -89.894398, 35.084603 ], [ -89.894624, 35.084631 ], [ -89.894917, 35.084715 ], [ -89.895044, 35.084766 ], [ -89.895063, 35.084774 ], [ -89.895377, 35.084899 ], [ -89.895439, 35.084946 ], [ -89.895524, 35.085022 ], [ -89.895628, 35.085115 ], [ -89.895831, 35.085354 ], [ -89.895899, 35.08546 ], [ -89.895917, 35.085487 ], [ -89.895981, 35.085635 ], [ -89.896039, 35.085769 ], [ -89.896087, 35.085911 ], [ -89.896134, 35.086095 ], [ -89.896159, 35.08619 ], [ -89.896177, 35.086423 ], [ -89.896136, 35.087551 ], [ -89.896119, 35.088038 ], [ -89.896093, 35.088666 ], [ -89.896019, 35.09055 ], [ -89.895994, 35.091179 ], [ -89.895987, 35.091357 ], [ -89.89597, 35.091893 ], [ -89.895964, 35.092072 ], [ -89.895958, 35.092238 ], [ -89.895942, 35.09274 ], [ -89.895937, 35.092907 ], [ -89.895928, 35.093089 ], [ -89.895905, 35.093638 ], [ -89.895898, 35.093821 ], [ -89.89589, 35.093995 ], [ -89.89587, 35.09452 ], [ -89.895864, 35.094695 ], [ -89.895857, 35.094859 ], [ -89.89584, 35.095352 ], [ -89.895834, 35.095517 ], [ -89.895827, 35.095683 ], [ -89.89581, 35.096184 ], [ -89.895804, 35.096351 ], [ -89.895797, 35.09652 ], [ -89.895777, 35.097027 ], [ -89.895771, 35.097197 ], [ -89.895764, 35.097349 ], [ -89.895747, 35.097806 ], [ -89.895741, 35.097959 ], [ -89.895735, 35.098114 ], [ -89.895718, 35.098579 ], [ -89.895713, 35.098735 ], [ -89.895706, 35.098887 ], [ -89.895688, 35.099344 ], [ -89.895682, 35.099497 ], [ -89.895675, 35.099641 ], [ -89.895656, 35.100075 ], [ -89.89565, 35.10022 ], [ -89.895643, 35.100367 ], [ -89.895626, 35.10081 ], [ -89.895621, 35.100958 ], [ -89.895613, 35.101121 ], [ -89.895593, 35.101612 ], [ -89.895587, 35.101776 ], [ -89.895579, 35.101946 ], [ -89.895556, 35.102456 ], [ -89.895549, 35.102627 ], [ -89.895541, 35.102798 ], [ -89.895519, 35.103314 ], [ -89.895512, 35.103486 ], [ -89.895505, 35.103632 ], [ -89.895487, 35.10407 ], [ -89.89548, 35.104216 ], [ -89.895478, 35.104264 ], [ -89.895473, 35.104409 ], [ -89.895472, 35.104458 ], [ -89.895466, 35.104585 ], [ -89.895449, 35.104969 ], [ -89.895444, 35.105097 ], [ -89.89544, 35.105171 ], [ -89.895431, 35.105395 ], [ -89.895428, 35.10547 ], [ -89.895423, 35.105693 ], [ -89.895421, 35.105846 ], [ -89.895404, 35.106363 ], [ -89.895398, 35.106558 ], [ -89.895397, 35.106587 ], [ -89.896074, 35.106604 ], [ -89.898105, 35.106658 ], [ -89.898783, 35.106676 ], [ -89.899388, 35.106691 ], [ -89.901288, 35.106737 ], [ -89.901399, 35.10674 ], [ -89.90153, 35.106746 ], [ -89.901822, 35.106751 ], [ -89.902263, 35.106763 ], [ -89.902536, 35.106771 ], [ -89.902951, 35.106783 ], [ -89.902952, 35.106752 ], [ -89.902953, 35.1067 ], [ -89.902958, 35.106451 ], [ -89.902961, 35.106369 ], [ -89.902966, 35.106211 ], [ -89.902976, 35.105956 ], [ -89.902982, 35.105737 ], [ -89.902988, 35.10558 ], [ -89.902998, 35.105352 ], [ -89.903005, 35.105133 ], [ -89.903012, 35.104915 ], [ -89.903014, 35.104842 ], [ -89.903022, 35.104626 ], [ -89.903025, 35.104554 ], [ -89.903033, 35.104309 ], [ -89.903059, 35.103574 ], [ -89.903069, 35.10333 ], [ -89.903086, 35.10281 ], [ -89.903087, 35.102766 ], [ -89.903139, 35.101308 ], [ -89.903147, 35.101074 ], [ -89.903167, 35.100511 ], [ -89.903428, 35.100515 ], [ -89.904211, 35.100529 ], [ -89.904473, 35.100534 ], [ -89.904689, 35.10054 ], [ -89.905337, 35.100558 ], [ -89.905554, 35.100564 ], [ -89.905768, 35.100571 ], [ -89.906412, 35.100592 ], [ -89.906627, 35.1006 ], [ -89.90685, 35.100602 ], [ -89.907519, 35.100608 ], [ -89.907543, 35.100609 ], [ -89.907743, 35.1006 ], [ -89.907791, 35.100593 ], [ -89.907956, 35.10054 ], [ -89.908449, 35.100385 ], [ -89.908594, 35.100342 ], [ -89.908808, 35.100279 ], [ -89.908988, 35.10028 ], [ -89.90953, 35.100285 ], [ -89.909659, 35.100287 ], [ -89.909711, 35.100288 ], [ -89.909751, 35.100079 ], [ -89.909824, 35.099898 ], [ -89.909958, 35.099673 ], [ -89.910078, 35.099447 ], [ -89.910172, 35.099332 ], [ -89.910332, 35.099025 ], [ -89.910479, 35.09869 ], [ -89.910526, 35.098596 ], [ -89.910593, 35.098415 ], [ -89.910639, 35.098345 ], [ -89.910687, 35.098272 ], [ -89.91076, 35.098113 ], [ -89.910794, 35.098091 ], [ -89.910834, 35.098014 ], [ -89.910907, 35.097932 ], [ -89.911028, 35.097696 ], [ -89.911248, 35.09735 ], [ -89.911288, 35.0973 ], [ -89.911355, 35.097179 ], [ -89.911435, 35.097053 ], [ -89.911469, 35.097037 ], [ -89.911636, 35.096718 ], [ -89.91197, 35.096152 ], [ -89.912037, 35.096065 ], [ -89.912204, 35.095752 ], [ -89.912418, 35.095581 ], [ -89.912512, 35.095477 ], [ -89.912545, 35.09546 ], [ -89.912558, 35.095428 ], [ -89.912599, 35.095411 ], [ -89.912619, 35.095367 ], [ -89.912659, 35.095351 ], [ -89.912826, 35.095186 ], [ -89.912859, 35.095175 ], [ -89.913033, 35.095016 ], [ -89.913187, 35.094917 ], [ -89.913447, 35.094834 ], [ -89.913828, 35.094835 ], [ -89.914129, 35.094906 ], [ -89.914202, 35.094884 ], [ -89.914296, 35.094774 ], [ -89.914436, 35.094522 ], [ -89.91445, 35.0945 ], [ -89.914501, 35.094522 ], [ -89.914587, 35.09456 ], [ -89.914999, 35.094743 ], [ -89.915137, 35.094805 ], [ -89.915319, 35.094885 ], [ -89.915865, 35.095128 ], [ -89.916047, 35.095209 ], [ -89.91604, 35.095362 ], [ -89.91602, 35.095825 ], [ -89.916014, 35.095979 ], [ -89.916008, 35.09614 ], [ -89.915991, 35.096627 ], [ -89.915986, 35.096789 ], [ -89.915978, 35.09702 ], [ -89.915958, 35.097716 ], [ -89.915952, 35.097948 ], [ -89.915945, 35.098202 ], [ -89.915929, 35.098824 ], [ -89.915924, 35.098967 ], [ -89.915917, 35.099222 ], [ -89.915911, 35.09942 ], [ -89.915898, 35.099906 ], [ -89.915895, 35.100016 ], [ -89.91589, 35.100215 ], [ -89.915884, 35.1004 ], [ -89.915869, 35.100958 ], [ -89.915864, 35.101145 ], [ -89.915858, 35.101328 ], [ -89.915843, 35.101878 ], [ -89.915838, 35.102062 ], [ -89.916623, 35.102082 ], [ -89.91803, 35.10212 ], [ -89.918948, 35.102123 ], [ -89.918979, 35.102124 ], [ -89.919456, 35.102154 ], [ -89.919561, 35.102172 ], [ -89.919753, 35.102232 ], [ -89.919831, 35.102261 ], [ -89.9199, 35.102304 ], [ -89.919969, 35.102348 ], [ -89.920101, 35.102466 ], [ -89.920118, 35.10249 ], [ -89.920206, 35.102611 ], [ -89.920241, 35.102658 ], [ -89.920298, 35.102736 ], [ -89.920319, 35.102802 ], [ -89.920321, 35.10291 ], [ -89.920306, 35.103131 ], [ -89.920292, 35.103364 ], [ -89.920276, 35.103707 ], [ -89.920237, 35.104118 ], [ -89.920207, 35.104447 ], [ -89.920173, 35.104813 ], [ -89.920146, 35.105004 ], [ -89.9201, 35.105351 ], [ -89.920065, 35.10573 ], [ -89.920051, 35.106215 ], [ -89.920067, 35.106378 ], [ -89.920108, 35.106608 ], [ -89.92012, 35.106677 ], [ -89.920153, 35.106856 ], [ -89.920155, 35.107153 ], [ -89.920152, 35.107235 ], [ -89.920415, 35.107242 ], [ -89.920881, 35.107256 ], [ -89.921207, 35.107264 ], [ -89.921471, 35.107272 ], [ -89.92168, 35.107277 ], [ -89.922307, 35.107295 ], [ -89.922517, 35.107301 ], [ -89.922724, 35.107306 ], [ -89.923345, 35.107322 ], [ -89.923552, 35.107328 ], [ -89.923632, 35.10733 ], [ -89.923871, 35.107336 ], [ -89.923952, 35.107339 ], [ -89.924122, 35.107344 ], [ -89.924306, 35.10735 ], [ -89.924405, 35.107353 ], [ -89.925773, 35.107383 ], [ -89.926229, 35.107393 ], [ -89.926228, 35.107461 ], [ -89.926222, 35.107857 ], [ -89.926205, 35.109249 ], [ -89.9262, 35.109714 ], [ -89.926171, 35.110364 ], [ -89.926085, 35.112318 ], [ -89.926057, 35.112969 ], [ -89.926033, 35.113521 ], [ -89.926002, 35.114274 ], [ -89.925975, 35.114921 ], [ -89.925975, 35.115178 ], [ -89.925976, 35.115305 ], [ -89.926012, 35.11573 ], [ -89.92601, 35.115771 ], [ -89.926005, 35.115895 ], [ -89.926004, 35.115937 ], [ -89.926002, 35.115971 ], [ -89.926, 35.116074 ], [ -89.925999, 35.116109 ], [ -89.925997, 35.116192 ], [ -89.925994, 35.116445 ], [ -89.925993, 35.116529 ], [ -89.925979, 35.117013 ], [ -89.92597, 35.117359 ], [ -89.925939, 35.118465 ], [ -89.925926, 35.11895 ], [ -89.925921, 35.119102 ], [ -89.92591, 35.119561 ], [ -89.925907, 35.119715 ], [ -89.9259, 35.119881 ], [ -89.9259, 35.119906 ], [ -89.925895, 35.120113 ], [ -89.925885, 35.120383 ], [ -89.92588, 35.12055 ], [ -89.925877, 35.120602 ], [ -89.925872, 35.120759 ], [ -89.925871, 35.120812 ], [ -89.925864, 35.121 ], [ -89.925847, 35.121565 ], [ -89.925842, 35.121754 ], [ -89.925838, 35.121826 ], [ -89.92583, 35.122045 ], [ -89.925828, 35.122118 ], [ -89.925824, 35.122223 ], [ -89.925816, 35.122538 ], [ -89.925814, 35.122644 ], [ -89.925806, 35.122854 ], [ -89.925795, 35.123184 ], [ -89.925789, 35.12326 ], [ -89.925778, 35.123484 ], [ -89.925768, 35.123695 ], [ -89.925927, 35.123728 ], [ -89.926182, 35.123783 ], [ -89.926407, 35.12383 ], [ -89.928294, 35.124227 ], [ -89.928324, 35.124233 ], [ -89.928964, 35.124368 ], [ -89.929257, 35.124429 ], [ -89.929635, 35.124507 ], [ -89.930137, 35.124612 ], [ -89.930431, 35.124674 ], [ -89.930971, 35.124788 ], [ -89.931214, 35.124839 ], [ -89.931714, 35.124944 ], [ -89.93334, 35.125288 ], [ -89.933563, 35.125335 ], [ -89.933622, 35.125348 ], [ -89.933783, 35.125382 ], [ -89.934347, 35.125501 ], [ -89.934451, 35.125522 ], [ -89.934512, 35.125534 ], [ -89.934733, 35.125581 ], [ -89.935007, 35.125639 ], [ -89.935173, 35.125674 ], [ -89.935357, 35.125712 ], [ -89.935595, 35.125762 ], [ -89.935969, 35.125841 ], [ -89.936192, 35.125888 ], [ -89.936861, 35.126027 ], [ -89.937284, 35.126116 ], [ -89.937408, 35.126142 ], [ -89.937566, 35.126175 ], [ -89.938415, 35.126352 ], [ -89.938698, 35.126411 ], [ -89.938916, 35.126457 ], [ -89.939573, 35.126595 ], [ -89.939624, 35.126606 ], [ -89.939792, 35.126641 ], [ -89.940238, 35.126735 ], [ -89.941109, 35.126921 ], [ -89.94135, 35.126973 ], [ -89.941576, 35.127021 ], [ -89.942022, 35.127117 ], [ -89.942373, 35.127188 ], [ -89.942465, 35.127207 ], [ -89.943074, 35.127333 ], [ -89.943426, 35.127406 ], [ -89.943777, 35.127479 ], [ -89.944065, 35.12754 ], [ -89.944599, 35.127655 ], [ -89.94464, 35.127664 ], [ -89.94493, 35.127726 ], [ -89.945132, 35.12777 ], [ -89.945219, 35.12779 ], [ -89.945231, 35.127511 ], [ -89.945269, 35.126677 ], [ -89.945282, 35.126399 ], [ -89.945289, 35.126216 ], [ -89.945303, 35.12588 ], [ -89.945312, 35.125667 ], [ -89.94532, 35.125485 ], [ -89.945325, 35.125344 ], [ -89.945334, 35.125142 ], [ -89.945341, 35.124923 ], [ -89.945347, 35.124783 ], [ -89.94535, 35.124712 ], [ -89.945358, 35.124501 ], [ -89.945362, 35.124431 ], [ -89.945372, 35.124184 ], [ -89.945387, 35.12383 ], [ -89.945402, 35.123443 ], [ -89.945412, 35.123197 ], [ -89.945431, 35.122816 ], [ -89.945487, 35.121675 ], [ -89.945507, 35.121295 ], [ -89.945515, 35.121085 ], [ -89.945523, 35.120914 ], [ -89.94554, 35.120455 ], [ -89.945548, 35.120245 ], [ -89.945556, 35.12003 ], [ -89.945582, 35.119385 ], [ -89.945592, 35.119171 ], [ -89.945602, 35.118897 ], [ -89.945634, 35.118077 ], [ -89.945645, 35.117804 ], [ -89.945656, 35.11753 ], [ -89.945689, 35.116708 ], [ -89.945701, 35.116435 ], [ -89.945709, 35.11624 ], [ -89.945736, 35.115657 ], [ -89.945746, 35.115463 ], [ -89.945831, 35.115447 ], [ -89.946043, 35.115389 ], [ -89.94643, 35.115285 ], [ -89.946654, 35.115234 ], [ -89.946939, 35.115184 ], [ -89.946952, 35.115182 ], [ -89.947245, 35.115154 ], [ -89.947549, 35.115141 ], [ -89.947737, 35.115134 ], [ -89.948461, 35.115147 ], [ -89.948766, 35.115153 ], [ -89.949057, 35.115159 ], [ -89.94993, 35.115177 ], [ -89.950221, 35.115184 ], [ -89.950519, 35.11519 ], [ -89.951413, 35.11521 ], [ -89.951712, 35.115217 ], [ -89.952004, 35.115223 ], [ -89.952881, 35.115243 ], [ -89.953174, 35.11525 ], [ -89.953392, 35.115255 ], [ -89.954046, 35.11527 ], [ -89.954264, 35.115275 ], [ -89.954346, 35.115276 ], [ -89.954369, 35.115277 ], [ -89.954595, 35.115281 ], [ -89.954678, 35.115283 ], [ -89.95486, 35.115287 ], [ -89.955071, 35.115292 ], [ -89.956058, 35.115315 ], [ -89.956253, 35.115319 ], [ -89.956647, 35.115328 ], [ -89.956834, 35.115332 ], [ -89.957395, 35.115344 ], [ -89.957582, 35.115349 ], [ -89.957763, 35.115352 ], [ -89.958306, 35.115364 ], [ -89.958488, 35.115368 ], [ -89.958923, 35.115378 ], [ -89.960228, 35.115409 ], [ -89.960326, 35.115412 ], [ -89.960663, 35.115431 ], [ -89.960755, 35.115434 ], [ -89.961031, 35.115445 ], [ -89.961123, 35.115449 ], [ -89.961405, 35.115455 ], [ -89.961886, 35.115466 ], [ -89.962254, 35.115463 ], [ -89.962538, 35.115462 ], [ -89.962714, 35.11546 ], [ -89.963347, 35.115473 ], [ -89.965773, 35.115526 ], [ -89.966055, 35.115533 ], [ -89.966583, 35.115544 ], [ -89.966577, 35.115749 ], [ -89.96656, 35.116364 ], [ -89.966555, 35.11657 ], [ -89.966549, 35.116768 ], [ -89.966535, 35.117363 ], [ -89.966531, 35.117562 ], [ -89.966523, 35.117773 ], [ -89.966503, 35.118407 ], [ -89.966497, 35.118619 ], [ -89.966492, 35.118831 ], [ -89.966478, 35.119468 ], [ -89.966474, 35.119681 ], [ -89.966461, 35.120118 ], [ -89.966446, 35.120627 ], [ -89.966415, 35.121429 ], [ -89.966399, 35.121866 ], [ -89.96639, 35.122235 ], [ -89.966364, 35.123343 ], [ -89.966356, 35.123713 ], [ -89.966408, 35.123713 ], [ -89.966492, 35.123715 ], [ -89.966567, 35.123716 ], [ -89.96662, 35.123717 ], [ -89.966669, 35.123717 ], [ -89.966816, 35.12372 ], [ -89.966865, 35.123721 ], [ -89.966923, 35.123722 ], [ -89.9671, 35.123727 ], [ -89.967159, 35.123729 ], [ -89.967402, 35.123734 ], [ -89.968131, 35.123751 ], [ -89.968375, 35.123757 ], [ -89.968575, 35.123761 ], [ -89.969175, 35.123775 ], [ -89.969375, 35.12378 ], [ -89.969577, 35.123784 ], [ -89.970183, 35.123798 ], [ -89.970386, 35.123803 ], [ -89.970852, 35.123823 ], [ -89.971158, 35.123846 ], [ -89.971376, 35.123889 ], [ -89.971514, 35.123939 ], [ -89.971605, 35.123977 ], [ -89.971708, 35.124034 ], [ -89.971892, 35.124157 ], [ -89.972277, 35.124465 ], [ -89.972822, 35.124916 ], [ -89.972853, 35.124943 ], [ -89.972946, 35.125025 ], [ -89.972978, 35.125053 ] ] ] } },
{ "type": "Feature", "properties": { "district_num": "95" }, "geometry": { "type": "Polygon", "coordinates": [ [ [ -89.772467, 35.204409 ], [ -89.772435, 35.204422 ], [ -89.772406, 35.204434 ], [ -89.772386, 35.204444 ], [ -89.772324, 35.204474 ], [ -89.771953, 35.204653 ], [ -89.771841, 35.204709 ], [ -89.770217, 35.205529 ], [ -89.769677, 35.205803 ], [ -89.76927, 35.206028 ], [ -89.769254, 35.206038 ], [ -89.76871, 35.206309 ], [ -89.768017, 35.20664 ], [ -89.768031, 35.207024 ], [ -89.768057, 35.207739 ], [ -89.768075, 35.208505 ], [ -89.768083, 35.208841 ], [ -89.768116, 35.209091 ], [ -89.768176, 35.209263 ], [ -89.768214, 35.209347 ], [ -89.768276, 35.209479 ], [ -89.768694, 35.210374 ], [ -89.768805, 35.21061 ], [ -89.768933, 35.210932 ], [ -89.76895, 35.210993 ], [ -89.768975, 35.21113 ], [ -89.768981, 35.211665 ], [ -89.768975, 35.211796 ], [ -89.768972, 35.211896 ], [ -89.768967, 35.212166 ], [ -89.768966, 35.212199 ], [ -89.768963, 35.2123 ], [ -89.76896, 35.212391 ], [ -89.768952, 35.21266 ], [ -89.768949, 35.212736 ], [ -89.768948, 35.212757 ], [ -89.768945, 35.21283 ], [ -89.768936, 35.213052 ], [ -89.768934, 35.213126 ], [ -89.768926, 35.213373 ], [ -89.768905, 35.214054 ], [ -89.768903, 35.214115 ], [ -89.768895, 35.214363 ], [ -89.768877, 35.215334 ], [ -89.768839, 35.21572 ], [ -89.768829, 35.215953 ], [ -89.768808, 35.216489 ], [ -89.768809, 35.216594 ], [ -89.76875, 35.217988 ], [ -89.768727, 35.218561 ], [ -89.768712, 35.219025 ], [ -89.768705, 35.219216 ], [ -89.76865, 35.22075 ], [ -89.768613, 35.221514 ], [ -89.768592, 35.221876 ], [ -89.768571, 35.222173 ], [ -89.768532, 35.222726 ], [ -89.768497, 35.223437 ], [ -89.768516, 35.223566 ], [ -89.768566, 35.22369 ], [ -89.768672, 35.223828 ], [ -89.768775, 35.223913 ], [ -89.769045, 35.224064 ], [ -89.769151, 35.224122 ], [ -89.76928, 35.224195 ], [ -89.769472, 35.224294 ], [ -89.769581, 35.224352 ], [ -89.769721, 35.224425 ], [ -89.769845, 35.22449 ], [ -89.769999, 35.22457 ], [ -89.770262, 35.22467 ], [ -89.770383, 35.224696 ], [ -89.770601, 35.224744 ], [ -89.771001, 35.224832 ], [ -89.771172, 35.224897 ], [ -89.77128, 35.224962 ], [ -89.771384, 35.225058 ], [ -89.771548, 35.225277 ], [ -89.77171, 35.225574 ], [ -89.771773, 35.225712 ], [ -89.771829, 35.225897 ], [ -89.771855, 35.226082 ], [ -89.771863, 35.226191 ], [ -89.771881, 35.226746 ], [ -89.771881, 35.226787 ], [ -89.771886, 35.227076 ], [ -89.771886, 35.22738 ], [ -89.771886, 35.227623 ], [ -89.77189, 35.228481 ], [ -89.771883, 35.229268 ], [ -89.771876, 35.229643 ], [ -89.771872, 35.229893 ], [ -89.771863, 35.230456 ], [ -89.771856, 35.230598 ], [ -89.771839, 35.231058 ], [ -89.771853, 35.231289 ], [ -89.771872, 35.231409 ], [ -89.771924, 35.231681 ], [ -89.771988, 35.231905 ], [ -89.772009, 35.23197 ], [ -89.772105, 35.232236 ], [ -89.772287, 35.232747 ], [ -89.772309, 35.232849 ], [ -89.772319, 35.232942 ], [ -89.772327, 35.233058 ], [ -89.772338, 35.233207 ], [ -89.772331, 35.233679 ], [ -89.772326, 35.233764 ], [ -89.772292, 35.234219 ], [ -89.772277, 35.234286 ], [ -89.772209, 35.234458 ], [ -89.772087, 35.234695 ], [ -89.772061, 35.234746 ], [ -89.771713, 35.235435 ], [ -89.771666, 35.235546 ], [ -89.771651, 35.235589 ], [ -89.771604, 35.235726 ], [ -89.771547, 35.236014 ], [ -89.771525, 35.236177 ], [ -89.771466, 35.23669 ], [ -89.771461, 35.236955 ], [ -89.771483, 35.237176 ], [ -89.771546, 35.237424 ], [ -89.771695, 35.237871 ], [ -89.771826, 35.23823 ], [ -89.772019, 35.238755 ], [ -89.772088, 35.238952 ], [ -89.772155, 35.239161 ], [ -89.77218, 35.239291 ], [ -89.772185, 35.239503 ], [ -89.772169, 35.240002 ], [ -89.772164, 35.240173 ], [ -89.772133, 35.241054 ], [ -89.7721, 35.241517 ], [ -89.772089, 35.241841 ], [ -89.772098, 35.242022 ], [ -89.77212, 35.242477 ], [ -89.772185, 35.243306 ], [ -89.772202, 35.243516 ], [ -89.772203, 35.243534 ], [ -89.772223, 35.243833 ], [ -89.772225, 35.244 ], [ -89.77222, 35.244039 ], [ -89.772173, 35.244423 ], [ -89.772071, 35.245273 ], [ -89.772016, 35.245575 ], [ -89.771962, 35.245882 ], [ -89.77195, 35.245925 ], [ -89.771116, 35.246251 ], [ -89.770556, 35.246469 ], [ -89.770285, 35.246573 ], [ -89.770139, 35.24663 ], [ -89.769525, 35.246875 ], [ -89.768579, 35.247255 ], [ -89.767399, 35.247727 ], [ -89.765315, 35.24856 ], [ -89.764403, 35.248927 ], [ -89.763659, 35.249224 ], [ -89.763585, 35.249253 ], [ -89.763488, 35.249292 ], [ -89.763006, 35.249481 ], [ -89.761046, 35.250251 ], [ -89.760786, 35.250354 ], [ -89.760393, 35.250507 ], [ -89.760301, 35.250542 ], [ -89.760042, 35.25037 ], [ -89.759741, 35.250158 ], [ -89.759597, 35.250057 ], [ -89.759511, 35.249996 ], [ -89.759149, 35.249742 ], [ -89.758834, 35.24952 ], [ -89.758269, 35.249106 ], [ -89.757545, 35.248379 ], [ -89.756811, 35.247644 ], [ -89.756983, 35.247559 ], [ -89.757004, 35.247549 ], [ -89.757246, 35.247373 ], [ -89.757192, 35.247323 ], [ -89.758342, 35.246457 ], [ -89.758501, 35.246292 ], [ -89.758627, 35.246125 ], [ -89.758943, 35.245579 ], [ -89.759302, 35.244882 ], [ -89.759416, 35.244491 ], [ -89.759473, 35.243873 ], [ -89.759336, 35.242961 ], [ -89.759319, 35.242592 ], [ -89.759361, 35.242416 ], [ -89.759504, 35.242146 ], [ -89.760194, 35.241188 ], [ -89.760357, 35.240957 ], [ -89.76052, 35.24074 ], [ -89.760636, 35.240649 ], [ -89.760743, 35.240564 ], [ -89.76101, 35.240382 ], [ -89.761183, 35.240303 ], [ -89.761187, 35.240076 ], [ -89.761223, 35.239367 ], [ -89.761224, 35.239163 ], [ -89.761224, 35.239139 ], [ -89.761224, 35.23904 ], [ -89.761225, 35.238547 ], [ -89.761226, 35.238308 ], [ -89.761226, 35.238238 ], [ -89.761227, 35.237821 ], [ -89.761228, 35.237514 ], [ -89.76123, 35.236902 ], [ -89.761214, 35.236901 ], [ -89.761139, 35.236901 ], [ -89.760377, 35.236872 ], [ -89.760323, 35.23687 ], [ -89.759916, 35.236855 ], [ -89.759897, 35.236854 ], [ -89.75934, 35.236833 ], [ -89.759105, 35.236824 ], [ -89.758659, 35.236808 ], [ -89.758274, 35.236793 ], [ -89.75799, 35.236782 ], [ -89.757401, 35.23676 ], [ -89.757258, 35.236755 ], [ -89.756098, 35.236705 ], [ -89.755793, 35.236692 ], [ -89.755743, 35.23669 ], [ -89.755635, 35.236685 ], [ -89.75553, 35.236679 ], [ -89.754784, 35.236663 ], [ -89.754488, 35.236652 ], [ -89.75445, 35.236651 ], [ -89.754193, 35.236641 ], [ -89.754081, 35.236637 ], [ -89.754056, 35.236636 ], [ -89.754068, 35.236486 ], [ -89.754097, 35.236089 ], [ -89.754029, 35.236088 ], [ -89.752993, 35.23608 ], [ -89.749215, 35.236044 ], [ -89.749168, 35.235718 ], [ -89.749072, 35.235039 ], [ -89.747339, 35.234987 ], [ -89.747349, 35.23454 ], [ -89.747286, 35.234411 ], [ -89.747271, 35.234195 ], [ -89.747192, 35.233067 ], [ -89.747076, 35.233066 ], [ -89.747073, 35.232913 ], [ -89.747045, 35.23287 ], [ -89.746882, 35.232861 ], [ -89.746229, 35.232826 ], [ -89.746229, 35.232807 ], [ -89.746243, 35.227898 ], [ -89.746243, 35.227039 ], [ -89.74482, 35.226397 ], [ -89.744369, 35.226193 ], [ -89.744234, 35.226149 ], [ -89.744082, 35.226097 ], [ -89.744071, 35.226093 ], [ -89.744239, 35.220612 ], [ -89.744042, 35.220612 ], [ -89.742715, 35.220566 ], [ -89.742638, 35.220564 ], [ -89.742527, 35.22056 ], [ -89.742449, 35.220558 ], [ -89.742298, 35.220296 ], [ -89.742051, 35.220443 ], [ -89.741885, 35.220542 ], [ -89.741766, 35.220612 ], [ -89.740294, 35.221477 ], [ -89.739921, 35.221696 ], [ -89.739334, 35.222041 ], [ -89.738862, 35.222326 ], [ -89.738506, 35.222542 ], [ -89.737442, 35.223177 ], [ -89.736969, 35.22346 ], [ -89.736929, 35.223367 ], [ -89.736874, 35.22324 ], [ -89.73668, 35.222797 ], [ -89.736667, 35.222767 ], [ -89.736659, 35.222749 ], [ -89.736574, 35.222555 ], [ -89.736475, 35.222329 ], [ -89.736123, 35.221491 ], [ -89.735947, 35.22102 ], [ -89.735859, 35.220783 ], [ -89.7357, 35.220293 ], [ -89.734854, 35.217421 ], [ -89.734721, 35.216971 ], [ -89.734474, 35.21613 ], [ -89.728506, 35.216023 ], [ -89.728504, 35.216261 ], [ -89.728497, 35.216838 ], [ -89.728467, 35.219341 ], [ -89.728458, 35.220111 ], [ -89.728456, 35.22027 ], [ -89.728448, 35.221626 ], [ -89.728402, 35.223054 ], [ -89.728382, 35.223688 ], [ -89.728376, 35.22413 ], [ -89.728369, 35.225126 ], [ -89.728354, 35.225405 ], [ -89.728317, 35.225529 ], [ -89.728277, 35.225606 ], [ -89.728258, 35.225645 ], [ -89.728151, 35.225771 ], [ -89.728036, 35.225878 ], [ -89.727828, 35.226048 ], [ -89.727139, 35.226551 ], [ -89.72674, 35.226844 ], [ -89.726638, 35.226886 ], [ -89.726518, 35.2269 ], [ -89.726061, 35.226857 ], [ -89.725925, 35.226849 ], [ -89.724704, 35.226803 ], [ -89.7233, 35.226751 ], [ -89.72236, 35.226731 ], [ -89.719918, 35.226629 ], [ -89.718567, 35.226583 ], [ -89.718169, 35.22657 ], [ -89.71807, 35.22655 ], [ -89.71801, 35.22652 ], [ -89.71795, 35.22645 ], [ -89.717937, 35.226376 ], [ -89.71796, 35.225233 ], [ -89.717961, 35.225063 ], [ -89.716175, 35.225023 ], [ -89.714853, 35.224993 ], [ -89.71397, 35.224974 ], [ -89.71357, 35.224968 ], [ -89.712917, 35.224958 ], [ -89.712735, 35.224955 ], [ -89.711966, 35.224937 ], [ -89.711809, 35.224955 ], [ -89.711737, 35.224987 ], [ -89.711681, 35.225046 ], [ -89.711652, 35.225127 ], [ -89.711628, 35.225781 ], [ -89.711622, 35.226009 ], [ -89.711599, 35.226213 ], [ -89.71157, 35.226322 ], [ -89.711341, 35.226941 ], [ -89.711312, 35.227022 ], [ -89.711203, 35.227321 ], [ -89.711045, 35.227757 ], [ -89.710904, 35.228143 ], [ -89.710814, 35.228341 ], [ -89.710751, 35.228422 ], [ -89.710647, 35.228505 ], [ -89.710266, 35.228721 ], [ -89.709454, 35.229123 ], [ -89.70935, 35.229186 ], [ -89.709254, 35.229251 ], [ -89.708958, 35.229424 ], [ -89.708768, 35.229497 ], [ -89.708538, 35.22953 ], [ -89.708457, 35.229529 ], [ -89.707957, 35.229525 ], [ -89.705434, 35.229485 ], [ -89.705349, 35.229492 ], [ -89.705212, 35.229519 ], [ -89.705133, 35.229548 ], [ -89.704938, 35.22965 ], [ -89.70455, 35.229897 ], [ -89.704457, 35.229991 ], [ -89.70441, 35.230108 ], [ -89.704358, 35.23071 ], [ -89.704351, 35.230799 ], [ -89.70432, 35.230901 ], [ -89.704268, 35.230999 ], [ -89.704184, 35.23109 ], [ -89.704116, 35.231144 ], [ -89.703689, 35.23134 ], [ -89.703282, 35.231561 ], [ -89.703163, 35.231603 ], [ -89.703029, 35.231624 ], [ -89.699441, 35.231607 ], [ -89.699314, 35.231607 ], [ -89.697756, 35.231569 ], [ -89.697676, 35.231567 ], [ -89.697611, 35.231564 ], [ -89.697416, 35.231558 ], [ -89.697351, 35.231557 ], [ -89.697321, 35.231462 ], [ -89.697294, 35.231262 ], [ -89.697303, 35.230972 ], [ -89.697345, 35.229624 ], [ -89.697352, 35.229201 ], [ -89.697364, 35.228611 ], [ -89.697386, 35.22691 ], [ -89.697394, 35.22631 ], [ -89.697426, 35.223907 ], [ -89.697426, 35.223865 ], [ -89.69747, 35.222534 ], [ -89.69752, 35.22181 ], [ -89.697563, 35.221207 ], [ -89.697585, 35.220744 ], [ -89.697627, 35.220113 ], [ -89.697678, 35.219336 ], [ -89.697693, 35.218979 ], [ -89.69772, 35.218337 ], [ -89.697737, 35.217502 ], [ -89.697752, 35.217202 ], [ -89.697782, 35.216868 ], [ -89.697855, 35.216454 ], [ -89.697862, 35.21642 ], [ -89.697924, 35.21626 ], [ -89.698, 35.216167 ], [ -89.698173, 35.216025 ], [ -89.698426, 35.215823 ], [ -89.698534, 35.215739 ], [ -89.698623, 35.215653 ], [ -89.698686, 35.215548 ], [ -89.698708, 35.215451 ], [ -89.698732, 35.214798 ], [ -89.698792, 35.21309 ], [ -89.698801, 35.212838 ], [ -89.698813, 35.212557 ], [ -89.698868, 35.211762 ], [ -89.698961, 35.211341 ], [ -89.699006, 35.211091 ], [ -89.6991, 35.20933 ], [ -89.699151, 35.208107 ], [ -89.699153, 35.207982 ], [ -89.699183, 35.206839 ], [ -89.69919, 35.206522 ], [ -89.699191, 35.206471 ], [ -89.699191, 35.206382 ], [ -89.699189, 35.206274 ], [ -89.698223, 35.206337 ], [ -89.697155, 35.206407 ], [ -89.697011, 35.206417 ], [ -89.69629, 35.206482 ], [ -89.695968, 35.206526 ], [ -89.695692, 35.206563 ], [ -89.695275, 35.206644 ], [ -89.694687, 35.206783 ], [ -89.694157, 35.206919 ], [ -89.693867, 35.206999 ], [ -89.692885, 35.207268 ], [ -89.691584, 35.207623 ], [ -89.691182, 35.207732 ], [ -89.690581, 35.207897 ], [ -89.690539, 35.207909 ], [ -89.690355, 35.207958 ], [ -89.690177, 35.208006 ], [ -89.689364, 35.208229 ], [ -89.689208, 35.208272 ], [ -89.688918, 35.208351 ], [ -89.688049, 35.208589 ], [ -89.687947, 35.208618 ], [ -89.68776, 35.208671 ], [ -89.687565, 35.208727 ], [ -89.686434, 35.209026 ], [ -89.686386, 35.209039 ], [ -89.685374, 35.209331 ], [ -89.68514, 35.209406 ], [ -89.684484, 35.209616 ], [ -89.682686, 35.210219 ], [ -89.68251, 35.210271 ], [ -89.681785, 35.21049 ], [ -89.681188, 35.210636 ], [ -89.681022, 35.210675 ], [ -89.680738, 35.210727 ], [ -89.680187, 35.21083 ], [ -89.678739, 35.211031 ], [ -89.677722, 35.211174 ], [ -89.677214, 35.211232 ], [ -89.676585, 35.211268 ], [ -89.676429, 35.211269 ], [ -89.675713, 35.211253 ], [ -89.67483, 35.211172 ], [ -89.674269, 35.211102 ], [ -89.673206, 35.210975 ], [ -89.672097, 35.210825 ], [ -89.670604, 35.210646 ], [ -89.669929, 35.210573 ], [ -89.669599, 35.210536 ], [ -89.668873, 35.210514 ], [ -89.668389, 35.210511 ], [ -89.667344, 35.210557 ], [ -89.666721, 35.210574 ], [ -89.665826, 35.210612 ], [ -89.665265, 35.210621 ], [ -89.664766, 35.210622 ], [ -89.664355, 35.210607 ], [ -89.664004, 35.210582 ], [ -89.663571, 35.210527 ], [ -89.662581, 35.210366 ], [ -89.660799, 35.210065 ], [ -89.66008, 35.209948 ], [ -89.659823, 35.2099 ], [ -89.659522, 35.209878 ], [ -89.658837, 35.209838 ], [ -89.658283, 35.209827 ], [ -89.657803, 35.209842 ], [ -89.657256, 35.209867 ], [ -89.656694, 35.20989 ], [ -89.656229, 35.209933 ], [ -89.65572, 35.209935 ], [ -89.655617, 35.209936 ], [ -89.655154, 35.209939 ], [ -89.654308, 35.21001 ], [ -89.654273, 35.210013 ], [ -89.654055, 35.210026 ], [ -89.654004, 35.210029 ], [ -89.653849, 35.210035 ], [ -89.653275, 35.210054 ], [ -89.652892, 35.210054 ], [ -89.650621, 35.210051 ], [ -89.650622, 35.210109 ], [ -89.650623, 35.210138 ], [ -89.650459, 35.210131 ], [ -89.648207, 35.210035 ], [ -89.646378, 35.209972 ], [ -89.645404, 35.209916 ], [ -89.644472, 35.209843 ], [ -89.643488, 35.209803 ], [ -89.643289, 35.209798 ], [ -89.643047, 35.209792 ], [ -89.642684, 35.209769 ], [ -89.641783, 35.209698 ], [ -89.641432, 35.209682 ], [ -89.641437, 35.209736 ], [ -89.641337, 35.209806 ], [ -89.640688, 35.209787 ], [ -89.639756, 35.20978 ], [ -89.63883, 35.209887 ], [ -89.638518, 35.209955 ], [ -89.637897, 35.210091 ], [ -89.637895, 35.210073 ], [ -89.637891, 35.210022 ], [ -89.637878, 35.20984 ], [ -89.63787, 35.209726 ], [ -89.637856, 35.209477 ], [ -89.637581, 35.204889 ], [ -89.637483, 35.203522 ], [ -89.63719, 35.199421 ], [ -89.637093, 35.198054 ], [ -89.637092, 35.198042 ], [ -89.637089, 35.198006 ], [ -89.637089, 35.197994 ], [ -89.637081, 35.197889 ], [ -89.637136, 35.196442 ], [ -89.637315, 35.191789 ], [ -89.637337, 35.19123 ], [ -89.637375, 35.190238 ], [ -89.637381, 35.190089 ], [ -89.637481, 35.187189 ], [ -89.637498, 35.186635 ], [ -89.637633, 35.18227 ], [ -89.637678, 35.180999 ], [ -89.637731, 35.179338 ], [ -89.638002, 35.170805 ], [ -89.638166, 35.165668 ], [ -89.638175, 35.165362 ], [ -89.638177, 35.165282 ], [ -89.638179, 35.165221 ], [ -89.638183, 35.165105 ], [ -89.638198, 35.164639 ], [ -89.638204, 35.164439 ], [ -89.638206, 35.164377 ], [ -89.638228, 35.163712 ], [ -89.638371, 35.159154 ], [ -89.638379, 35.158887 ], [ -89.638391, 35.158524 ], [ -89.638393, 35.158452 ], [ -89.638413, 35.157847 ], [ -89.638476, 35.155892 ], [ -89.638481, 35.15579 ], [ -89.638557, 35.153283 ], [ -89.638565, 35.153012 ], [ -89.638725, 35.147778 ], [ -89.638767, 35.146389 ], [ -89.638786, 35.145751 ], [ -89.638795, 35.145457 ], [ -89.638875, 35.142849 ], [ -89.638884, 35.142524 ], [ -89.638914, 35.141548 ], [ -89.638924, 35.141224 ], [ -89.638975, 35.139548 ], [ -89.639127, 35.134523 ], [ -89.639296, 35.132852 ], [ -89.639196, 35.132224 ], [ -89.639198, 35.132145 ], [ -89.639217, 35.131455 ], [ -89.639223, 35.131327 ], [ -89.639273, 35.129259 ], [ -89.639541, 35.124407 ], [ -89.63978, 35.120067 ], [ -89.63988, 35.118389 ], [ -89.639926, 35.115408 ], [ -89.640077, 35.105625 ], [ -89.640416, 35.095581 ], [ -89.640419, 35.09546 ], [ -89.640433, 35.09507 ], [ -89.640434, 35.095039 ], [ -89.640609, 35.08981 ], [ -89.640859, 35.08234 ], [ -89.640882, 35.081651 ], [ -89.640886, 35.081545 ], [ -89.640889, 35.081487 ], [ -89.640892, 35.08143 ], [ -89.641015, 35.07891 ], [ -89.641401, 35.071005 ], [ -89.641493, 35.069117 ], [ -89.641509, 35.068785 ], [ -89.64153, 35.06837 ], [ -89.641567, 35.067621 ], [ -89.641596, 35.067028 ], [ -89.641677, 35.065375 ], [ -89.641715, 35.064627 ], [ -89.641716, 35.064588 ], [ -89.641734, 35.064092 ], [ -89.641782, 35.062831 ], [ -89.641809, 35.062488 ], [ -89.641852, 35.061955 ], [ -89.641919, 35.061101 ], [ -89.642122, 35.05854 ], [ -89.642182, 35.057793 ], [ -89.642187, 35.057687 ], [ -89.642206, 35.057265 ], [ -89.642229, 35.056793 ], [ -89.642242, 35.056596 ], [ -89.642248, 35.056395 ], [ -89.642265, 35.055999 ], [ -89.642285, 35.055578 ], [ -89.642456, 35.051915 ], [ -89.642508, 35.050809 ], [ -89.642534, 35.050252 ], [ -89.64256, 35.049694 ], [ -89.642786, 35.04486 ], [ -89.642863, 35.042487 ], [ -89.642859, 35.041756 ], [ -89.642854, 35.040778 ], [ -89.642941, 35.039431 ], [ -89.642982, 35.038792 ], [ -89.643002, 35.038093 ], [ -89.643062, 35.036054 ], [ -89.643063, 35.035998 ], [ -89.643084, 35.0353 ], [ -89.643224, 35.030627 ], [ -89.643227, 35.030531 ], [ -89.643245, 35.029912 ], [ -89.643246, 35.029887 ], [ -89.64327, 35.029085 ], [ -89.643292, 35.028311 ], [ -89.643327, 35.027156 ], [ -89.643334, 35.026928 ], [ -89.643437, 35.023481 ], [ -89.643524, 35.020631 ], [ -89.643547, 35.019877 ], [ -89.643549, 35.019808 ], [ -89.643551, 35.01974 ], [ -89.643588, 35.018524 ], [ -89.643607, 35.017881 ], [ -89.643713, 35.014363 ], [ -89.643739, 35.013527 ], [ -89.643747, 35.013239 ], [ -89.643773, 35.012379 ], [ -89.643782, 35.012093 ], [ -89.643772, 35.012013 ], [ -89.643742, 35.011773 ], [ -89.643738, 35.011735 ], [ -89.643739, 35.011696 ], [ -89.64374, 35.011665 ], [ -89.643772, 35.01067 ], [ -89.643782, 35.01039 ], [ -89.643796, 35.009972 ], [ -89.64381, 35.009554 ], [ -89.643844, 35.008522 ], [ -89.643874, 35.007602 ], [ -89.643909, 35.00658 ], [ -89.643916, 35.006373 ], [ -89.643876, 35.005597 ], [ -89.64388, 35.005349 ], [ -89.643882, 35.005224 ], [ -89.643894, 35.004506 ], [ -89.643936, 35.001644 ], [ -89.643965, 35.000384 ], [ -89.643984, 34.998915 ], [ -89.644007, 34.99752 ], [ -89.64405, 34.995291 ], [ -89.644282, 34.995293 ], [ -89.647268, 34.995293 ], [ -89.653766, 34.995294 ], [ -89.661592, 34.995295 ], [ -89.661643, 34.995294 ], [ -89.66969, 34.995235 ], [ -89.681448, 34.995147 ], [ -89.688807, 34.995093 ], [ -89.688884, 34.995094 ], [ -89.695197, 34.995164 ], [ -89.695238, 34.995164 ], [ -89.705624, 34.995281 ], [ -89.706505, 34.995291 ], [ -89.706606, 34.995292 ], [ -89.706609, 34.996302 ], [ -89.706599, 34.996581 ], [ -89.706594, 34.99747 ], [ -89.706591, 34.998144 ], [ -89.706599, 34.999262 ], [ -89.706617, 35.0 ], [ -89.706614, 35.000868 ], [ -89.706581, 35.00162 ], [ -89.706583, 35.003806 ], [ -89.706589, 35.004004 ], [ -89.70662, 35.004909 ], [ -89.706606, 35.005868 ], [ -89.706627, 35.006182 ], [ -89.705298, 35.006185 ], [ -89.701311, 35.006197 ], [ -89.700117, 35.006201 ], [ -89.699983, 35.006205 ], [ -89.697787, 35.006207 ], [ -89.692238, 35.006215 ], [ -89.691202, 35.006215 ], [ -89.689007, 35.006217 ], [ -89.687194, 35.006262 ], [ -89.681758, 35.0064 ], [ -89.679946, 35.006446 ], [ -89.67997, 35.006467 ], [ -89.680016, 35.006527 ], [ -89.680046, 35.006617 ], [ -89.680051, 35.006807 ], [ -89.680054, 35.006878 ], [ -89.680083, 35.007785 ], [ -89.680086, 35.007987 ], [ -89.680089, 35.008118 ], [ -89.680094, 35.008381 ], [ -89.680096, 35.008495 ], [ -89.680102, 35.00884 ], [ -89.680104, 35.008955 ], [ -89.680105, 35.009501 ], [ -89.680108, 35.011139 ], [ -89.680109, 35.01151 ], [ -89.68011, 35.011686 ], [ -89.68011, 35.011736 ], [ -89.680112, 35.012116 ], [ -89.680113, 35.012301 ], [ -89.68011, 35.012665 ], [ -89.680105, 35.012953 ], [ -89.680101, 35.013407 ], [ -89.6801, 35.013559 ], [ -89.680099, 35.013838 ], [ -89.680099, 35.014165 ], [ -89.680099, 35.014699 ], [ -89.6801, 35.014815 ], [ -89.6801, 35.014841 ], [ -89.680107, 35.015228 ], [ -89.680112, 35.015512 ], [ -89.680132, 35.01675 ], [ -89.680137, 35.017409 ], [ -89.680178, 35.02079 ], [ -89.680318, 35.020791 ], [ -89.680491, 35.020792 ], [ -89.681084, 35.020789 ], [ -89.682261, 35.020786 ], [ -89.682286, 35.020786 ], [ -89.682749, 35.020776 ], [ -89.682865, 35.020775 ], [ -89.683397, 35.020771 ], [ -89.683459, 35.020772 ], [ -89.683525, 35.020773 ], [ -89.684343, 35.020774 ], [ -89.684463, 35.020775 ], [ -89.684482, 35.020775 ], [ -89.684554, 35.020775 ], [ -89.685551, 35.020776 ], [ -89.686569, 35.020765 ], [ -89.68784, 35.020752 ], [ -89.688936, 35.020741 ], [ -89.68912, 35.020736 ], [ -89.692269, 35.020654 ], [ -89.692673, 35.020641 ], [ -89.695883, 35.020635 ], [ -89.697528, 35.020632 ], [ -89.697677, 35.020644 ], [ -89.69782, 35.020657 ], [ -89.697943, 35.020668 ], [ -89.698003, 35.020693 ], [ -89.698649, 35.020767 ], [ -89.699024, 35.020838 ], [ -89.699093, 35.020852 ], [ -89.699464, 35.02088 ], [ -89.699504, 35.02088 ], [ -89.699794, 35.020888 ], [ -89.700122, 35.020896 ], [ -89.700351, 35.020899 ], [ -89.70062, 35.020903 ], [ -89.701021, 35.020905 ], [ -89.701247, 35.020907 ], [ -89.701263, 35.020907 ], [ -89.701312, 35.020907 ], [ -89.701329, 35.020907 ], [ -89.701725, 35.020908 ], [ -89.701986, 35.02091 ], [ -89.702429, 35.020917 ], [ -89.702619, 35.020919 ], [ -89.702915, 35.020923 ], [ -89.703312, 35.020929 ], [ -89.703991, 35.020937 ], [ -89.705179, 35.020953 ], [ -89.70603, 35.020966 ], [ -89.706344, 35.020971 ], [ -89.70671, 35.020985 ], [ -89.706711, 35.02089 ], [ -89.706724, 35.019987 ], [ -89.706732, 35.019367 ], [ -89.71036, 35.019442 ], [ -89.710495, 35.019354 ], [ -89.710487, 35.018834 ], [ -89.710456, 35.018236 ], [ -89.710449, 35.017925 ], [ -89.710398, 35.014082 ], [ -89.710382, 35.01287 ], [ -89.712908, 35.012875 ], [ -89.71327, 35.012876 ], [ -89.713493, 35.012876 ], [ -89.715462, 35.01288 ], [ -89.715472, 35.016978 ], [ -89.71795, 35.016982 ], [ -89.723057, 35.016995 ], [ -89.723196, 35.016996 ], [ -89.7233, 35.016997 ], [ -89.723259, 35.017329 ], [ -89.72316, 35.019882 ], [ -89.723548, 35.020464 ], [ -89.723656, 35.020549 ], [ -89.724232, 35.020723 ], [ -89.724278, 35.022114 ], [ -89.724267, 35.022462 ], [ -89.724264, 35.022585 ], [ -89.724263, 35.022599 ], [ -89.724162, 35.022589 ], [ -89.723587, 35.022613 ], [ -89.72296, 35.022611 ], [ -89.722964, 35.023186 ], [ -89.72293, 35.024051 ], [ -89.722924, 35.024202 ], [ -89.722844, 35.024718 ], [ -89.722849, 35.024822 ], [ -89.72286, 35.025053 ], [ -89.72287, 35.025402 ], [ -89.722876, 35.025596 ], [ -89.722874, 35.025721 ], [ -89.722861, 35.025821 ], [ -89.722844, 35.026073 ], [ -89.722841, 35.026135 ], [ -89.722849, 35.026421 ], [ -89.722851, 35.026493 ], [ -89.722889, 35.026866 ], [ -89.722929, 35.027049 ], [ -89.723031, 35.02749 ], [ -89.723133, 35.027929 ], [ -89.72314, 35.027957 ], [ -89.723146, 35.027981 ], [ -89.723321, 35.028543 ], [ -89.723349, 35.028615 ], [ -89.723442, 35.028848 ], [ -89.723621, 35.029257 ], [ -89.72393, 35.029822 ], [ -89.725485, 35.031856 ], [ -89.725556, 35.031934 ], [ -89.725772, 35.032142 ], [ -89.726421, 35.032646 ], [ -89.727189, 35.033149 ], [ -89.728301, 35.033785 ], [ -89.729255, 35.034341 ], [ -89.730023, 35.034924 ], [ -89.730738, 35.035613 ], [ -89.731435, 35.036572 ], [ -89.731507, 35.036672 ], [ -89.73193, 35.037467 ], [ -89.732248, 35.038315 ], [ -89.732407, 35.039189 ], [ -89.73246, 35.040593 ], [ -89.732434, 35.044036 ], [ -89.732487, 35.044752 ], [ -89.732575, 35.045306 ], [ -89.732567, 35.046285 ], [ -89.732553, 35.046852 ], [ -89.73255, 35.047005 ], [ -89.732546, 35.047127 ], [ -89.732548, 35.047313 ], [ -89.732551, 35.047524 ], [ -89.732542, 35.047884 ], [ -89.732529, 35.04842 ], [ -89.732497, 35.049766 ], [ -89.732485, 35.050158 ], [ -89.732464, 35.050916 ], [ -89.73246, 35.051017 ], [ -89.73246, 35.051037 ], [ -89.732454, 35.051323 ], [ -89.732453, 35.051426 ], [ -89.732455, 35.051466 ], [ -89.732461, 35.051587 ], [ -89.732462, 35.051607 ], [ -89.732597, 35.051642 ], [ -89.732647, 35.05166 ], [ -89.732955, 35.05177 ], [ -89.733042, 35.051799 ], [ -89.733099, 35.05182 ], [ -89.733202, 35.051854 ], [ -89.733387, 35.051913 ], [ -89.733704, 35.05204 ], [ -89.73429, 35.052265 ], [ -89.734326, 35.052281 ], [ -89.734689, 35.052436 ], [ -89.735078, 35.052619 ], [ -89.735441, 35.052802 ], [ -89.736095, 35.053172 ], [ -89.736654, 35.053528 ], [ -89.736829, 35.053654 ], [ -89.737219, 35.053938 ], [ -89.737599, 35.054239 ], [ -89.737692, 35.054318 ], [ -89.737873, 35.054474 ], [ -89.737914, 35.05451 ], [ -89.737951, 35.054543 ], [ -89.738025, 35.054609 ], [ -89.738193, 35.054759 ], [ -89.738696, 35.055209 ], [ -89.738864, 35.055359 ], [ -89.738908, 35.055397 ], [ -89.738949, 35.055432 ], [ -89.739006, 35.05548 ], [ -89.740144, 35.056434 ], [ -89.740747, 35.056955 ], [ -89.741071, 35.057234 ], [ -89.741224, 35.057366 ], [ -89.741331, 35.057458 ], [ -89.743783, 35.059585 ], [ -89.74392, 35.059707 ], [ -89.744673, 35.060353 ], [ -89.744767, 35.060432 ], [ -89.745368, 35.060934 ], [ -89.745682, 35.061183 ], [ -89.746134, 35.061509 ], [ -89.746341, 35.061655 ], [ -89.746541, 35.061784 ], [ -89.74675, 35.061906 ], [ -89.74766, 35.062399 ], [ -89.747836, 35.062483 ], [ -89.747863, 35.062496 ], [ -89.747941, 35.062534 ], [ -89.748509, 35.06279 ], [ -89.748617, 35.062844 ], [ -89.748981, 35.063027 ], [ -89.749267, 35.063165 ], [ -89.749375, 35.063218 ], [ -89.750279, 35.063636 ], [ -89.750676, 35.063867 ], [ -89.751111, 35.064084 ], [ -89.751324, 35.064186 ], [ -89.751732, 35.064384 ], [ -89.752513, 35.064763 ], [ -89.753271, 35.065137 ], [ -89.753757, 35.065376 ], [ -89.753921, 35.065457 ], [ -89.754338, 35.065661 ], [ -89.754452, 35.065717 ], [ -89.755124, 35.066047 ], [ -89.755563, 35.066256 ], [ -89.755591, 35.066271 ], [ -89.755955, 35.066445 ], [ -89.756649, 35.066805 ], [ -89.756964, 35.066969 ], [ -89.757857, 35.067413 ], [ -89.758005, 35.067488 ], [ -89.758705, 35.067857 ], [ -89.758846, 35.067933 ], [ -89.759374, 35.068196 ], [ -89.759372, 35.068653 ], [ -89.759372, 35.068756 ], [ -89.759364, 35.069077 ], [ -89.759348, 35.069462 ], [ -89.759345, 35.069533 ], [ -89.759327, 35.069941 ], [ -89.75932, 35.070117 ], [ -89.759313, 35.070368 ], [ -89.759308, 35.070541 ], [ -89.7593, 35.070909 ], [ -89.759298, 35.071061 ], [ -89.759297, 35.071235 ], [ -89.759289, 35.071557 ], [ -89.759279, 35.071868 ], [ -89.759279, 35.071899 ], [ -89.759273, 35.07215 ], [ -89.759261, 35.0727 ], [ -89.759259, 35.072751 ], [ -89.759243, 35.07321 ], [ -89.759237, 35.073423 ], [ -89.759227, 35.073767 ], [ -89.759226, 35.073832 ], [ -89.759213, 35.074401 ], [ -89.759192, 35.075085 ], [ -89.759191, 35.075136 ], [ -89.759182, 35.075413 ], [ -89.759175, 35.075643 ], [ -89.759158, 35.076277 ], [ -89.759151, 35.076541 ], [ -89.759143, 35.077009 ], [ -89.759139, 35.077128 ], [ -89.759138, 35.077138 ], [ -89.759132, 35.077284 ], [ -89.759119, 35.077643 ], [ -89.759114, 35.077823 ], [ -89.759095, 35.078228 ], [ -89.759039, 35.079446 ], [ -89.759021, 35.079852 ], [ -89.759015, 35.079971 ], [ -89.759002, 35.080224 ], [ -89.758991, 35.080452 ], [ -89.758938, 35.081638 ], [ -89.758913, 35.08221 ], [ -89.758911, 35.082255 ], [ -89.758895, 35.082697 ], [ -89.75889, 35.082856 ], [ -89.758875, 35.08336 ], [ -89.758866, 35.083605 ], [ -89.758846, 35.08416 ], [ -89.758822, 35.084993 ], [ -89.758793, 35.085446 ], [ -89.758785, 35.085851 ], [ -89.758781, 35.086123 ], [ -89.758804, 35.086532 ], [ -89.75883, 35.086595 ], [ -89.758799, 35.086751 ], [ -89.758803, 35.086854 ], [ -89.758809, 35.08698 ], [ -89.758831, 35.087242 ], [ -89.758875, 35.087463 ], [ -89.758928, 35.08763 ], [ -89.759009, 35.087881 ], [ -89.759165, 35.088431 ], [ -89.759178, 35.088474 ], [ -89.75923, 35.088761 ], [ -89.759257, 35.089062 ], [ -89.759261, 35.089187 ], [ -89.759263, 35.089258 ], [ -89.759243, 35.089576 ], [ -89.759206, 35.08982 ], [ -89.759122, 35.090126 ], [ -89.759077, 35.090292 ], [ -89.758919, 35.090661 ], [ -89.758727, 35.091028 ], [ -89.758365, 35.091724 ], [ -89.758249, 35.092031 ], [ -89.75821, 35.092156 ], [ -89.758173, 35.09228 ], [ -89.75812, 35.092558 ], [ -89.758098, 35.092719 ], [ -89.758032, 35.093194 ], [ -89.758011, 35.093353 ], [ -89.757983, 35.093559 ], [ -89.757901, 35.094171 ], [ -89.757803, 35.094261 ], [ -89.757791, 35.094341 ], [ -89.757779, 35.094468 ], [ -89.757753, 35.094669 ], [ -89.757727, 35.094847 ], [ -89.757671, 35.095254 ], [ -89.757589, 35.096055 ], [ -89.75754, 35.096368 ], [ -89.757498, 35.096648 ], [ -89.757565, 35.096766 ], [ -89.757554, 35.096858 ], [ -89.757552, 35.09693 ], [ -89.757547, 35.096997 ], [ -89.756278, 35.096937 ], [ -89.75601, 35.096909 ], [ -89.755908, 35.096899 ], [ -89.755733, 35.096881 ], [ -89.755254, 35.096793 ], [ -89.754976, 35.096728 ], [ -89.754866, 35.096697 ], [ -89.754743, 35.096662 ], [ -89.754631, 35.09663 ], [ -89.754454, 35.09658 ], [ -89.753111, 35.09606 ], [ -89.752978, 35.096016 ], [ -89.752954, 35.09673 ], [ -89.752841, 35.098611 ], [ -89.752626, 35.098839 ], [ -89.752411, 35.102551 ], [ -89.751994, 35.104029 ], [ -89.752147, 35.105105 ], [ -89.751331, 35.10527 ], [ -89.750441, 35.105482 ], [ -89.750018, 35.105601 ], [ -89.749889, 35.105634 ], [ -89.749861, 35.105428 ], [ -89.749621, 35.105516 ], [ -89.749111, 35.105565 ], [ -89.748644, 35.105718 ], [ -89.748294, 35.1058 ], [ -89.747344, 35.106011 ], [ -89.747143, 35.10607 ], [ -89.746588, 35.106158 ], [ -89.745289, 35.106482 ], [ -89.745088, 35.10653 ], [ -89.744538, 35.106783 ], [ -89.744229, 35.10689 ], [ -89.743895, 35.106948 ], [ -89.743541, 35.10695 ], [ -89.743538, 35.107419 ], [ -89.743526, 35.107453 ], [ -89.743508, 35.107485 ], [ -89.74348, 35.107514 ], [ -89.743438, 35.107574 ], [ -89.743424, 35.107608 ], [ -89.743398, 35.107637 ], [ -89.743365, 35.107659 ], [ -89.743347, 35.10769 ], [ -89.743315, 35.107713 ], [ -89.743299, 35.107747 ], [ -89.743252, 35.107805 ], [ -89.743145, 35.107999 ], [ -89.74309, 35.108134 ], [ -89.742938, 35.108469 ], [ -89.742882, 35.10864 ], [ -89.742804, 35.108807 ], [ -89.742793, 35.109019 ], [ -89.742807, 35.109052 ], [ -89.742824, 35.109121 ], [ -89.742906, 35.109285 ], [ -89.74293, 35.109314 ], [ -89.74296, 35.10934 ], [ -89.743032, 35.109381 ], [ -89.743112, 35.109411 ], [ -89.743239, 35.109439 ], [ -89.743457, 35.109471 ], [ -89.743544, 35.109478 ], [ -89.743895, 35.109494 ], [ -89.7442, 35.109523 ], [ -89.744266, 35.10954 ], [ -89.744283, 35.109545 ], [ -89.74432, 35.109564 ], [ -89.7444, 35.109589 ], [ -89.744441, 35.109594 ], [ -89.744477, 35.109615 ], [ -89.744555, 35.109641 ], [ -89.744668, 35.109694 ], [ -89.744741, 35.109735 ], [ -89.744904, 35.109852 ], [ -89.744998, 35.109925 ], [ -89.745053, 35.10998 ], [ -89.745192, 35.110161 ], [ -89.745244, 35.110257 ], [ -89.745251, 35.110291 ], [ -89.745288, 35.110354 ], [ -89.74529, 35.11039 ], [ -89.745309, 35.11042 ], [ -89.745312, 35.110527 ], [ -89.745339, 35.110763 ], [ -89.745259, 35.111011 ], [ -89.745065, 35.111351 ], [ -89.744751, 35.111802 ], [ -89.744371, 35.11228 ], [ -89.744064, 35.112681 ], [ -89.743716, 35.113126 ], [ -89.743242, 35.113665 ], [ -89.742808, 35.11417 ], [ -89.742461, 35.11461 ], [ -89.742387, 35.114769 ], [ -89.74224, 35.114923 ], [ -89.742154, 35.115071 ], [ -89.741679, 35.115648 ], [ -89.741345, 35.116097 ], [ -89.741185, 35.116313 ], [ -89.740798, 35.116747 ], [ -89.740537, 35.117099 ], [ -89.739956, 35.117775 ], [ -89.739758, 35.118012 ], [ -89.739723, 35.118055 ], [ -89.739736, 35.118077 ], [ -89.739622, 35.118226 ], [ -89.739335, 35.118583 ], [ -89.739275, 35.118682 ], [ -89.738975, 35.119017 ], [ -89.738794, 35.119346 ], [ -89.738688, 35.119682 ], [ -89.738601, 35.120121 ], [ -89.738595, 35.120692 ], [ -89.73854, 35.121303 ], [ -89.738528, 35.121434 ], [ -89.738529, 35.121676 ], [ -89.738517, 35.12184 ], [ -89.738502, 35.122055 ], [ -89.738549, 35.122433 ], [ -89.738616, 35.12279 ], [ -89.738583, 35.123446 ], [ -89.738577, 35.123587 ], [ -89.738477, 35.123972 ], [ -89.738496, 35.125092 ], [ -89.738465, 35.125464 ], [ -89.738525, 35.125618 ], [ -89.738552, 35.12581 ], [ -89.738505, 35.126025 ], [ -89.738446, 35.12826 ], [ -89.73843, 35.128452 ], [ -89.73838, 35.129068 ], [ -89.738327, 35.129315 ], [ -89.73834, 35.129496 ], [ -89.738333, 35.12957 ], [ -89.738316, 35.129572 ], [ -89.737605, 35.129636 ], [ -89.73726, 35.129636 ], [ -89.736844, 35.129597 ], [ -89.736755, 35.129983 ], [ -89.736664, 35.130381 ], [ -89.736653, 35.130467 ], [ -89.736651, 35.130676 ], [ -89.736609, 35.132498 ], [ -89.736581, 35.133793 ], [ -89.736561, 35.135039 ], [ -89.736608, 35.135034 ], [ -89.736169, 35.147404 ], [ -89.736107, 35.148832 ], [ -89.736096, 35.149612 ], [ -89.735556, 35.149607 ], [ -89.735456, 35.149605 ], [ -89.734656, 35.14959 ], [ -89.734098, 35.149579 ], [ -89.734085, 35.149876 ], [ -89.734078, 35.150064 ], [ -89.73405, 35.150341 ], [ -89.734013, 35.150492 ], [ -89.733903, 35.150739 ], [ -89.733855, 35.15085 ], [ -89.733775, 35.151007 ], [ -89.733768, 35.151022 ], [ -89.733483, 35.151602 ], [ -89.733431, 35.151721 ], [ -89.733359, 35.151889 ], [ -89.733084, 35.152463 ], [ -89.733043, 35.152548 ], [ -89.73301, 35.152617 ], [ -89.732986, 35.152678 ], [ -89.732884, 35.152935 ], [ -89.732817, 35.153157 ], [ -89.732776, 35.15397 ], [ -89.732738, 35.154762 ], [ -89.732559, 35.154746 ], [ -89.73214, 35.154751 ], [ -89.731658, 35.154793 ], [ -89.731622, 35.154797 ], [ -89.730881, 35.154826 ], [ -89.730623, 35.154809 ], [ -89.730475, 35.154777 ], [ -89.730214, 35.154682 ], [ -89.729262, 35.154211 ], [ -89.729114, 35.154141 ], [ -89.728645, 35.153904 ], [ -89.728616, 35.153893 ], [ -89.728368, 35.153802 ], [ -89.728269, 35.153781 ], [ -89.728016, 35.153751 ], [ -89.727723, 35.153741 ], [ -89.727555, 35.153748 ], [ -89.727503, 35.155015 ], [ -89.72747, 35.155849 ], [ -89.727472, 35.156479 ], [ -89.727475, 35.157121 ], [ -89.727476, 35.157388 ], [ -89.727477, 35.157605 ], [ -89.727479, 35.157724 ], [ -89.7275, 35.158819 ], [ -89.727511, 35.1594 ], [ -89.727513, 35.159705 ], [ -89.727516, 35.160088 ], [ -89.727096, 35.160081 ], [ -89.726552, 35.160072 ], [ -89.725991, 35.160056 ], [ -89.723934, 35.159998 ], [ -89.723163, 35.159977 ], [ -89.722951, 35.159971 ], [ -89.722737, 35.159966 ], [ -89.722671, 35.159964 ], [ -89.722369, 35.159958 ], [ -89.721821, 35.159949 ], [ -89.721629, 35.159948 ], [ -89.721418, 35.159944 ], [ -89.721142, 35.15994 ], [ -89.721042, 35.159938 ], [ -89.720927, 35.159937 ], [ -89.720257, 35.159918 ], [ -89.719894, 35.159909 ], [ -89.719632, 35.159903 ], [ -89.719404, 35.159898 ], [ -89.718847, 35.159883 ], [ -89.718721, 35.15988 ], [ -89.718586, 35.159867 ], [ -89.718478, 35.159856 ], [ -89.71844, 35.159853 ], [ -89.718301, 35.15984 ], [ -89.718158, 35.159814 ], [ -89.718052, 35.159796 ], [ -89.717819, 35.159742 ], [ -89.717778, 35.15973 ], [ -89.71733, 35.159601 ], [ -89.717057, 35.159511 ], [ -89.716969, 35.159482 ], [ -89.716702, 35.159395 ], [ -89.716254, 35.159296 ], [ -89.716069, 35.159277 ], [ -89.715937, 35.159265 ], [ -89.715447, 35.159254 ], [ -89.714523, 35.159269 ], [ -89.714503, 35.159269 ], [ -89.714138, 35.159277 ], [ -89.713495, 35.159292 ], [ -89.712715, 35.159312 ], [ -89.710896, 35.159362 ], [ -89.710641, 35.159346 ], [ -89.71045, 35.159299 ], [ -89.710388, 35.159269 ], [ -89.71028, 35.159218 ], [ -89.709965, 35.159009 ], [ -89.709741, 35.158839 ], [ -89.709832, 35.159315 ], [ -89.709858, 35.159389 ], [ -89.709901, 35.15951 ], [ -89.71002, 35.159709 ], [ -89.710224, 35.159942 ], [ -89.710546, 35.160259 ], [ -89.710679, 35.160431 ], [ -89.7108, 35.160644 ], [ -89.710877, 35.160861 ], [ -89.710917, 35.161077 ], [ -89.71093, 35.161291 ], [ -89.710926, 35.161482 ], [ -89.71088, 35.162329 ], [ -89.71085, 35.163086 ], [ -89.710827, 35.163725 ], [ -89.710824, 35.163793 ], [ -89.710822, 35.163837 ], [ -89.710819, 35.163917 ], [ -89.710797, 35.164427 ], [ -89.710793, 35.164519 ], [ -89.710777, 35.16491 ], [ -89.710775, 35.164974 ], [ -89.710789, 35.165389 ], [ -89.710808, 35.165501 ], [ -89.710887, 35.165772 ], [ -89.710942, 35.165893 ], [ -89.710978, 35.165966 ], [ -89.711015, 35.166031 ], [ -89.711266, 35.166473 ], [ -89.711366, 35.166641 ], [ -89.711447, 35.166776 ], [ -89.712004, 35.167709 ], [ -89.712052, 35.167789 ], [ -89.712128, 35.167916 ], [ -89.712187, 35.168007 ], [ -89.712225, 35.168066 ], [ -89.712524, 35.168528 ], [ -89.71284, 35.168968 ], [ -89.713027, 35.169171 ], [ -89.713165, 35.169296 ], [ -89.713579, 35.169591 ], [ -89.714191, 35.170011 ], [ -89.714732, 35.170421 ], [ -89.715301, 35.170859 ], [ -89.715501, 35.170988 ], [ -89.715781, 35.171133 ], [ -89.715936, 35.171185 ], [ -89.716086, 35.171208 ], [ -89.717508, 35.171318 ], [ -89.717807, 35.171303 ], [ -89.717877, 35.171294 ], [ -89.717931, 35.171285 ], [ -89.718975, 35.171132 ], [ -89.719182, 35.171124 ], [ -89.719396, 35.171152 ], [ -89.719611, 35.171229 ], [ -89.719838, 35.171346 ], [ -89.720031, 35.171478 ], [ -89.720207, 35.171634 ], [ -89.72054, 35.171988 ], [ -89.720575, 35.172027 ], [ -89.72075, 35.172232 ], [ -89.720792, 35.172297 ], [ -89.7209, 35.172467 ], [ -89.720975, 35.172599 ], [ -89.721142, 35.172895 ], [ -89.721285, 35.173078 ], [ -89.721415, 35.173212 ], [ -89.721618, 35.173373 ], [ -89.721819, 35.173501 ], [ -89.721958, 35.17357 ], [ -89.722258, 35.173695 ], [ -89.722485, 35.173763 ], [ -89.723112, 35.173895 ], [ -89.723461, 35.173998 ], [ -89.723766, 35.174119 ], [ -89.724118, 35.174307 ], [ -89.724841, 35.174759 ], [ -89.725008, 35.174879 ], [ -89.725173, 35.175054 ], [ -89.72527, 35.175202 ], [ -89.725298, 35.175243 ], [ -89.725422, 35.175542 ], [ -89.725475, 35.175692 ], [ -89.725532, 35.175864 ], [ -89.725623, 35.176177 ], [ -89.725698, 35.176531 ], [ -89.725726, 35.17671 ], [ -89.725772, 35.177049 ], [ -89.725869, 35.177851 ], [ -89.725885, 35.177963 ], [ -89.726028, 35.178933 ], [ -89.726028, 35.179242 ], [ -89.725951, 35.180394 ], [ -89.725853, 35.181357 ], [ -89.72583, 35.181533 ], [ -89.725787, 35.181919 ], [ -89.725659, 35.183079 ], [ -89.725649, 35.183169 ], [ -89.725501, 35.183288 ], [ -89.723087, 35.185127 ], [ -89.723078, 35.186178 ], [ -89.720769, 35.186643 ], [ -89.720779, 35.186939 ], [ -89.720828, 35.188332 ], [ -89.720829, 35.188642 ], [ -89.720885, 35.188781 ], [ -89.720887, 35.188837 ], [ -89.720884, 35.188936 ], [ -89.720794, 35.192483 ], [ -89.720707, 35.194138 ], [ -89.720541, 35.197274 ], [ -89.720544, 35.197355 ], [ -89.72054, 35.197434 ], [ -89.720523, 35.197798 ], [ -89.720469, 35.198894 ], [ -89.720462, 35.199101 ], [ -89.720499, 35.199347 ], [ -89.720546, 35.199663 ], [ -89.720529, 35.200585 ], [ -89.720494, 35.201213 ], [ -89.720458, 35.201853 ], [ -89.720384, 35.202371 ], [ -89.720334, 35.202717 ], [ -89.720334, 35.202735 ], [ -89.720336, 35.202792 ], [ -89.720337, 35.202811 ], [ -89.720334, 35.203 ], [ -89.72033, 35.203232 ], [ -89.720327, 35.203262 ], [ -89.720295, 35.203709 ], [ -89.720279, 35.204201 ], [ -89.720258, 35.204615 ], [ -89.720247, 35.204841 ], [ -89.72028, 35.205064 ], [ -89.720356, 35.205072 ], [ -89.72047, 35.205084 ], [ -89.720586, 35.205099 ], [ -89.720663, 35.20511 ], [ -89.721, 35.205155 ], [ -89.721591, 35.20526 ], [ -89.72305, 35.205588 ], [ -89.723154, 35.205612 ], [ -89.723573, 35.20568 ], [ -89.723992, 35.205728 ], [ -89.724305, 35.205743 ], [ -89.725534, 35.205766 ], [ -89.725668, 35.205769 ], [ -89.726545, 35.205786 ], [ -89.726776, 35.205791 ], [ -89.7282, 35.205819 ], [ -89.729133, 35.205838 ], [ -89.729987, 35.205846 ], [ -89.730346, 35.205837 ], [ -89.730685, 35.20583 ], [ -89.731437, 35.205787 ], [ -89.73229, 35.205719 ], [ -89.732775, 35.205659 ], [ -89.734065, 35.205495 ], [ -89.73416, 35.205483 ], [ -89.735663, 35.205305 ], [ -89.737943, 35.205076 ], [ -89.738053, 35.205065 ], [ -89.738759, 35.204998 ], [ -89.739238, 35.204953 ], [ -89.739402, 35.204936 ], [ -89.739583, 35.204919 ], [ -89.74062, 35.204818 ], [ -89.740842, 35.204796 ], [ -89.740966, 35.204785 ], [ -89.741923, 35.204691 ], [ -89.742022, 35.204682 ], [ -89.742917, 35.204604 ], [ -89.744019, 35.204551 ], [ -89.74501, 35.204551 ], [ -89.745203, 35.204555 ], [ -89.746265, 35.204578 ], [ -89.746978, 35.204593 ], [ -89.747503, 35.204603 ], [ -89.748536, 35.204625 ], [ -89.748784, 35.204631 ], [ -89.749117, 35.204639 ], [ -89.749738, 35.204652 ], [ -89.749831, 35.204655 ], [ -89.750469, 35.204668 ], [ -89.751144, 35.20468 ], [ -89.75182, 35.204657 ], [ -89.752083, 35.204645 ], [ -89.752763, 35.204629 ], [ -89.753946, 35.204572 ], [ -89.754478, 35.204546 ], [ -89.754683, 35.204536 ], [ -89.75495, 35.204524 ], [ -89.7553, 35.204515 ], [ -89.755506, 35.204511 ], [ -89.755558, 35.20451 ], [ -89.755607, 35.204509 ], [ -89.755828, 35.204505 ], [ -89.756115, 35.204503 ], [ -89.756955, 35.2045 ], [ -89.757943, 35.204499 ], [ -89.758225, 35.204499 ], [ -89.758553, 35.2045 ], [ -89.758856, 35.2045 ], [ -89.758933, 35.2045 ], [ -89.759351, 35.2045 ], [ -89.759918, 35.204502 ], [ -89.760076, 35.204502 ], [ -89.760457, 35.204503 ], [ -89.76053, 35.204504 ], [ -89.760606, 35.204503 ], [ -89.761182, 35.204501 ], [ -89.762447, 35.204496 ], [ -89.762511, 35.204496 ], [ -89.763337, 35.2045 ], [ -89.763358, 35.204499 ], [ -89.764002, 35.204483 ], [ -89.764083, 35.204479 ], [ -89.764118, 35.204477 ], [ -89.764173, 35.204475 ], [ -89.765081, 35.204429 ], [ -89.765424, 35.204412 ], [ -89.7655, 35.204409 ], [ -89.7661, 35.20442 ], [ -89.76682, 35.204432 ], [ -89.767996, 35.204417 ], [ -89.768069, 35.204417 ], [ -89.76907, 35.204417 ], [ -89.769513, 35.204413 ], [ -89.769538, 35.204413 ], [ -89.770301, 35.204427 ], [ -89.770914, 35.204425 ], [ -89.770944, 35.204425 ], [ -89.771063, 35.204425 ], [ -89.771413, 35.204411 ], [ -89.771628, 35.20441 ], [ -89.771654, 35.20441 ], [ -89.771719, 35.204409 ], [ -89.772084, 35.204403 ], [ -89.772273, 35.204399 ], [ -89.772299, 35.204399 ], [ -89.772488, 35.204396 ], [ -89.772467, 35.204409 ] ] ] } },
{ "type": "Feature", "properties": { "district_num": "83" }, "geometry": { "type": "Polygon", "coordinates": [ [ [ -89.895377, 35.084899 ], [ -89.895063, 35.084774 ], [ -89.895044, 35.084766 ], [ -89.894917, 35.084715 ], [ -89.894624, 35.084631 ], [ -89.894398, 35.084603 ], [ -89.894056, 35.084613 ], [ -89.893994, 35.08462 ], [ -89.893639, 35.084662 ], [ -89.89337, 35.084693 ], [ -89.893015, 35.084691 ], [ -89.892726, 35.084656 ], [ -89.892544, 35.084614 ], [ -89.892282, 35.084555 ], [ -89.891525, 35.084375 ], [ -89.891328, 35.084341 ], [ -89.890951, 35.084306 ], [ -89.890754, 35.084305 ], [ -89.890165, 35.084335 ], [ -89.889268, 35.084393 ], [ -89.889192, 35.084399 ], [ -89.889035, 35.084411 ], [ -89.888543, 35.084447 ], [ -89.888167, 35.084447 ], [ -89.886924, 35.084518 ], [ -89.885743, 35.084525 ], [ -89.885455, 35.084527 ], [ -89.885287, 35.084529 ], [ -89.884377, 35.084378 ], [ -89.883422, 35.08422 ], [ -89.880876, 35.084276 ], [ -89.879978, 35.084296 ], [ -89.87963, 35.084318 ], [ -89.879858, 35.084391 ], [ -89.880067, 35.084444 ], [ -89.878904, 35.084552 ], [ -89.878311, 35.084638 ], [ -89.877678, 35.084764 ], [ -89.877145, 35.084908 ], [ -89.877036, 35.084937 ], [ -89.876601, 35.085071 ], [ -89.876466, 35.085117 ], [ -89.876378, 35.085151 ], [ -89.875565, 35.085412 ], [ -89.874637, 35.085758 ], [ -89.874677, 35.08572 ], [ -89.874512, 35.085812 ], [ -89.874404, 35.085873 ], [ -89.874111, 35.086058 ], [ -89.874033, 35.086111 ], [ -89.873879, 35.086219 ], [ -89.873567, 35.086435 ], [ -89.873557, 35.086442 ], [ -89.873161, 35.086759 ], [ -89.872772, 35.087098 ], [ -89.872665, 35.087203 ], [ -89.872534, 35.087332 ], [ -89.872393, 35.087484 ], [ -89.872071, 35.087831 ], [ -89.871672, 35.088341 ], [ -89.87133, 35.088841 ], [ -89.871256, 35.088976 ], [ -89.871201, 35.089078 ], [ -89.871018, 35.089382 ], [ -89.870952, 35.089518 ], [ -89.870771, 35.089937 ], [ -89.870581, 35.090441 ], [ -89.870435, 35.090944 ], [ -89.870394, 35.091117 ], [ -89.870377, 35.091194 ], [ -89.870294, 35.09168 ], [ -89.870233, 35.092346 ], [ -89.870203, 35.093613 ], [ -89.870212, 35.09375 ], [ -89.870193, 35.095251 ], [ -89.870168, 35.096649 ], [ -89.870136, 35.098498 ], [ -89.870132, 35.098743 ], [ -89.87013, 35.09892 ], [ -89.870119, 35.09948 ], [ -89.870115, 35.099726 ], [ -89.870113, 35.099776 ], [ -89.870111, 35.099927 ], [ -89.870111, 35.099978 ], [ -89.870106, 35.100167 ], [ -89.870091, 35.100738 ], [ -89.870087, 35.100928 ], [ -89.870073, 35.10146 ], [ -89.870081, 35.10183 ], [ -89.870082, 35.101909 ], [ -89.870018, 35.10407 ], [ -89.869899, 35.104047 ], [ -89.869346, 35.103929 ], [ -89.868787, 35.103828 ], [ -89.866915, 35.103426 ], [ -89.866106, 35.103225 ], [ -89.865292, 35.103036 ], [ -89.864643, 35.102907 ], [ -89.864195, 35.102814 ], [ -89.863651, 35.102727 ], [ -89.863514, 35.102698 ], [ -89.862941, 35.102572 ], [ -89.86283, 35.102551 ], [ -89.862186, 35.102431 ], [ -89.861925, 35.102356 ], [ -89.861779, 35.102292 ], [ -89.861748, 35.102287 ], [ -89.860836, 35.102137 ], [ -89.860264, 35.102031 ], [ -89.86007, 35.101996 ], [ -89.860013, 35.101985 ], [ -89.859458, 35.101887 ], [ -89.859404, 35.101877 ], [ -89.859318, 35.101861 ], [ -89.859303, 35.101858 ], [ -89.859295, 35.10214 ], [ -89.859295, 35.102907 ], [ -89.859295, 35.10349 ], [ -89.859282, 35.103649 ], [ -89.85927, 35.103801 ], [ -89.85927, 35.105024 ], [ -89.859263, 35.105271 ], [ -89.859238, 35.105412 ], [ -89.859217, 35.105532 ], [ -89.859175, 35.105667 ], [ -89.859115, 35.105854 ], [ -89.85904, 35.106013 ], [ -89.858997, 35.106217 ], [ -89.858722, 35.106248 ], [ -89.858334, 35.106292 ], [ -89.857799, 35.106371 ], [ -89.85711, 35.106473 ], [ -89.856929, 35.1065 ], [ -89.856645, 35.106529 ], [ -89.856462, 35.106538 ], [ -89.856146, 35.106519 ], [ -89.85594, 35.106489 ], [ -89.855621, 35.10641 ], [ -89.855335, 35.1063 ], [ -89.855122, 35.106186 ], [ -89.854905, 35.106049 ], [ -89.854788, 35.105947 ], [ -89.854645, 35.105823 ], [ -89.854465, 35.105617 ], [ -89.854447, 35.105596 ], [ -89.854289, 35.105339 ], [ -89.854202, 35.105132 ], [ -89.854138, 35.104886 ], [ -89.854118, 35.104487 ], [ -89.853641, 35.104457 ], [ -89.853618, 35.104456 ], [ -89.853324, 35.10446 ], [ -89.85304, 35.104483 ], [ -89.85248, 35.104554 ], [ -89.852385, 35.10456 ], [ -89.852216, 35.104561 ], [ -89.851951, 35.104564 ], [ -89.851739, 35.104562 ], [ -89.851048, 35.104544 ], [ -89.848975, 35.104492 ], [ -89.848931, 35.104491 ], [ -89.848285, 35.104475 ], [ -89.848133, 35.104474 ], [ -89.847903, 35.104474 ], [ -89.847677, 35.104487 ], [ -89.847652, 35.104489 ], [ -89.847527, 35.104508 ], [ -89.84729, 35.104551 ], [ -89.847049, 35.104618 ], [ -89.84698, 35.104641 ], [ -89.846839, 35.104691 ], [ -89.846634, 35.104774 ], [ -89.846386, 35.104875 ], [ -89.846082, 35.104981 ], [ -89.845767, 35.105055 ], [ -89.845507, 35.105094 ], [ -89.845363, 35.105101 ], [ -89.845153, 35.105113 ], [ -89.844992, 35.105106 ], [ -89.844881, 35.105094 ], [ -89.844802, 35.105086 ], [ -89.844541, 35.105049 ], [ -89.84452, 35.105046 ], [ -89.843772, 35.104872 ], [ -89.843629, 35.104839 ], [ -89.843515, 35.104819 ], [ -89.843309, 35.104791 ], [ -89.843255, 35.104787 ], [ -89.843054, 35.104774 ], [ -89.842857, 35.104777 ], [ -89.8427, 35.10479 ], [ -89.842473, 35.104821 ], [ -89.842459, 35.104823 ], [ -89.842216, 35.104868 ], [ -89.842246, 35.104953 ], [ -89.842301, 35.105226 ], [ -89.842315, 35.105415 ], [ -89.842344, 35.105783 ], [ -89.84232, 35.106451 ], [ -89.842289, 35.10706 ], [ -89.842288, 35.107078 ], [ -89.842287, 35.107088 ], [ -89.842271, 35.107515 ], [ -89.842257, 35.107646 ], [ -89.842236, 35.108016 ], [ -89.842235, 35.108095 ], [ -89.842234, 35.108336 ], [ -89.842201, 35.108579 ], [ -89.842123, 35.108846 ], [ -89.841974, 35.109156 ], [ -89.841833, 35.109354 ], [ -89.841807, 35.109393 ], [ -89.841535, 35.109691 ], [ -89.841332, 35.109903 ], [ -89.840723, 35.11054 ], [ -89.840521, 35.110753 ], [ -89.840313, 35.110978 ], [ -89.840122, 35.111185 ], [ -89.839982, 35.111382 ], [ -89.839843, 35.111642 ], [ -89.839807, 35.111736 ], [ -89.839766, 35.111849 ], [ -89.839726, 35.112031 ], [ -89.839692, 35.112229 ], [ -89.839691, 35.112241 ], [ -89.839663, 35.112879 ], [ -89.839654, 35.113092 ], [ -89.839644, 35.113304 ], [ -89.839618, 35.113942 ], [ -89.83961, 35.114155 ], [ -89.839603, 35.114367 ], [ -89.839591, 35.114761 ], [ -89.839576, 35.115003 ], [ -89.839564, 35.115215 ], [ -89.839547, 35.11569 ], [ -89.839528, 35.116233 ], [ -89.839516, 35.116495 ], [ -89.839491, 35.117115 ], [ -89.839472, 35.117591 ], [ -89.839461, 35.117958 ], [ -89.839429, 35.118386 ], [ -89.839417, 35.118496 ], [ -89.839342, 35.119047 ], [ -89.839313, 35.11927 ], [ -89.838559, 35.119165 ], [ -89.837076, 35.118952 ], [ -89.836555, 35.118882 ], [ -89.835632, 35.118763 ], [ -89.835602, 35.118759 ], [ -89.835479, 35.118744 ], [ -89.835211, 35.11871 ], [ -89.834557, 35.118651 ], [ -89.834417, 35.118636 ], [ -89.834196, 35.118614 ], [ -89.834014, 35.118594 ], [ -89.834008, 35.118735 ], [ -89.833335, 35.120948 ], [ -89.833152, 35.120913 ], [ -89.833021, 35.120899 ], [ -89.832592, 35.120814 ], [ -89.832341, 35.120748 ], [ -89.83217, 35.120709 ], [ -89.832146, 35.120704 ], [ -89.831955, 35.120669 ], [ -89.831782, 35.120641 ], [ -89.831569, 35.120594 ], [ -89.831398, 35.120563 ], [ -89.831232, 35.120513 ], [ -89.83077, 35.12039 ], [ -89.830649, 35.120346 ], [ -89.830358, 35.120266 ], [ -89.830314, 35.120254 ], [ -89.829881, 35.120183 ], [ -89.829409, 35.120088 ], [ -89.829149, 35.120045 ], [ -89.828722, 35.119953 ], [ -89.828596, 35.119921 ], [ -89.828331, 35.119902 ], [ -89.828112, 35.11988 ], [ -89.828062, 35.119858 ], [ -89.827579, 35.119681 ], [ -89.827537, 35.119669 ], [ -89.827195, 35.119596 ], [ -89.82668, 35.11951 ], [ -89.82659, 35.119495 ], [ -89.826068, 35.119426 ], [ -89.825849, 35.119406 ], [ -89.825662, 35.119393 ], [ -89.825575, 35.119382 ], [ -89.825433, 35.11937 ], [ -89.825224, 35.119352 ], [ -89.824968, 35.119309 ], [ -89.824531, 35.119236 ], [ -89.824405, 35.119204 ], [ -89.824282, 35.119165 ], [ -89.824027, 35.119105 ], [ -89.823599, 35.118996 ], [ -89.823438, 35.118955 ], [ -89.823355, 35.118931 ], [ -89.823275, 35.118901 ], [ -89.823148, 35.11887 ], [ -89.822942, 35.118827 ], [ -89.822817, 35.118791 ], [ -89.822578, 35.118698 ], [ -89.822498, 35.118673 ], [ -89.822041, 35.118532 ], [ -89.821661, 35.118455 ], [ -89.82127, 35.118375 ], [ -89.820878, 35.118322 ], [ -89.820498, 35.118311 ], [ -89.820481, 35.118311 ], [ -89.820172, 35.11831 ], [ -89.819819, 35.118284 ], [ -89.819723, 35.118271 ], [ -89.819686, 35.118265 ], [ -89.819463, 35.118233 ], [ -89.819291, 35.118189 ], [ -89.819161, 35.118156 ], [ -89.819126, 35.118147 ], [ -89.818893, 35.118045 ], [ -89.818852, 35.118031 ], [ -89.818682, 35.117992 ], [ -89.818514, 35.117932 ], [ -89.818342, 35.1179 ], [ -89.818257, 35.11788 ], [ -89.81769, 35.117806 ], [ -89.817598, 35.117796 ], [ -89.817427, 35.117778 ], [ -89.817076, 35.117748 ], [ -89.816594, 35.117693 ], [ -89.816462, 35.117691 ], [ -89.816158, 35.117644 ], [ -89.815562, 35.117513 ], [ -89.815218, 35.117447 ], [ -89.814919, 35.117384 ], [ -89.814788, 35.117367 ], [ -89.814722, 35.117359 ], [ -89.814549, 35.117327 ], [ -89.814288, 35.117289 ], [ -89.813254, 35.117098 ], [ -89.812993, 35.117061 ], [ -89.812828, 35.117017 ], [ -89.812783, 35.117006 ], [ -89.812701, 35.116979 ], [ -89.812626, 35.116941 ], [ -89.8126, 35.116912 ], [ -89.812521, 35.116885 ], [ -89.812436, 35.116866 ], [ -89.811826, 35.116781 ], [ -89.811607, 35.116755 ], [ -89.811265, 35.116682 ], [ -89.811182, 35.116703 ], [ -89.811094, 35.116713 ], [ -89.811006, 35.116708 ], [ -89.810921, 35.116688 ], [ -89.810841, 35.116657 ], [ -89.810715, 35.116625 ], [ -89.810455, 35.116583 ], [ -89.810243, 35.116532 ], [ -89.810155, 35.116522 ], [ -89.809935, 35.116507 ], [ -89.809826, 35.116496 ], [ -89.809804, 35.116494 ], [ -89.809718, 35.116476 ], [ -89.80955, 35.116431 ], [ -89.809303, 35.116354 ], [ -89.809135, 35.116308 ], [ -89.808962, 35.116281 ], [ -89.808664, 35.116213 ], [ -89.808361, 35.116163 ], [ -89.808097, 35.11614 ], [ -89.807964, 35.116141 ], [ -89.807744, 35.116159 ], [ -89.807528, 35.116196 ], [ -89.807404, 35.116234 ], [ -89.807304, 35.116228 ], [ -89.807216, 35.116233 ], [ -89.807045, 35.116272 ], [ -89.806695, 35.116308 ], [ -89.806563, 35.116317 ], [ -89.806254, 35.116329 ], [ -89.805903, 35.116362 ], [ -89.805493, 35.116428 ], [ -89.805469, 35.116432 ], [ -89.805256, 35.116478 ], [ -89.805051, 35.116546 ], [ -89.804382, 35.116821 ], [ -89.804309, 35.116861 ], [ -89.804231, 35.116895 ], [ -89.804123, 35.116934 ], [ -89.804029, 35.116968 ], [ -89.803958, 35.11701 ], [ -89.803837, 35.117114 ], [ -89.803798, 35.11713 ], [ -89.803529, 35.117192 ], [ -89.803203, 35.117268 ], [ -89.802944, 35.117313 ], [ -89.802901, 35.117316 ], [ -89.802861, 35.117301 ], [ -89.802777, 35.117278 ], [ -89.802559, 35.117245 ], [ -89.802338, 35.117244 ], [ -89.802259, 35.117178 ], [ -89.802187, 35.117136 ], [ -89.802067, 35.11709 ], [ -89.802025, 35.117079 ], [ -89.801677, 35.117029 ], [ -89.801622, 35.117019 ], [ -89.801147, 35.116938 ], [ -89.80106, 35.116924 ], [ -89.800972, 35.116909 ], [ -89.800954, 35.116977 ], [ -89.800928, 35.117072 ], [ -89.800817, 35.117475 ], [ -89.800744, 35.117742 ], [ -89.800717, 35.117839 ], [ -89.800691, 35.117935 ], [ -89.800666, 35.118031 ], [ -89.800641, 35.118127 ], [ -89.800368, 35.119181 ], [ -89.800235, 35.119695 ], [ -89.80022, 35.11975 ], [ -89.800118, 35.120119 ], [ -89.799816, 35.121228 ], [ -89.799716, 35.121598 ], [ -89.7995, 35.122399 ], [ -89.798854, 35.124805 ], [ -89.798639, 35.125607 ], [ -89.79855, 35.125903 ], [ -89.79854, 35.12594 ], [ -89.798487, 35.126138 ], [ -89.798309, 35.126799 ], [ -89.798229, 35.127098 ], [ -89.798134, 35.127446 ], [ -89.798035, 35.127815 ], [ -89.79785, 35.128493 ], [ -89.797794, 35.128703 ], [ -89.797772, 35.128779 ], [ -89.797754, 35.128842 ], [ -89.797588, 35.129464 ], [ -89.797196, 35.130938 ], [ -89.797159, 35.131082 ], [ -89.797103, 35.131336 ], [ -89.797086, 35.131419 ], [ -89.797042, 35.131617 ], [ -89.797029, 35.13166 ], [ -89.797, 35.131848 ], [ -89.796985, 35.131913 ], [ -89.796981, 35.131927 ], [ -89.796971, 35.131967 ], [ -89.796966, 35.13198 ], [ -89.796952, 35.132019 ], [ -89.796948, 35.132033 ], [ -89.796936, 35.132067 ], [ -89.796923, 35.132104 ], [ -89.796894, 35.132184 ], [ -89.79682, 35.132403 ], [ -89.796715, 35.132717 ], [ -89.796488, 35.133533 ], [ -89.796414, 35.133803 ], [ -89.796399, 35.133863 ], [ -89.796386, 35.133912 ], [ -89.796308, 35.134198 ], [ -89.796208, 35.134573 ], [ -89.796103, 35.135066 ], [ -89.796042, 35.135357 ], [ -89.795662, 35.135342 ], [ -89.795514, 35.135337 ], [ -89.794993, 35.135241 ], [ -89.794692, 35.135159 ], [ -89.79455, 35.135107 ], [ -89.794193, 35.134978 ], [ -89.793955, 35.134883 ], [ -89.79278, 35.134403 ], [ -89.792714, 35.134375 ], [ -89.792687, 35.134363 ], [ -89.791709, 35.133959 ], [ -89.791558, 35.133897 ], [ -89.791107, 35.133711 ], [ -89.790957, 35.13365 ], [ -89.790819, 35.133593 ], [ -89.790406, 35.133423 ], [ -89.790269, 35.133367 ], [ -89.790246, 35.133357 ], [ -89.790177, 35.133328 ], [ -89.790154, 35.133319 ], [ -89.790116, 35.133302 ], [ -89.790004, 35.133253 ], [ -89.789967, 35.133237 ], [ -89.789627, 35.133096 ], [ -89.789101, 35.132878 ], [ -89.788612, 35.13268 ], [ -89.788266, 35.132539 ], [ -89.788161, 35.132495 ], [ -89.78811, 35.132474 ], [ -89.787642, 35.132286 ], [ -89.787487, 35.132224 ], [ -89.787309, 35.132153 ], [ -89.787239, 35.132125 ], [ -89.786773, 35.131945 ], [ -89.786595, 35.131876 ], [ -89.786285, 35.131752 ], [ -89.785464, 35.131426 ], [ -89.785356, 35.131379 ], [ -89.785051, 35.131247 ], [ -89.785099, 35.131138 ], [ -89.78512, 35.131065 ], [ -89.785168, 35.130904 ], [ -89.785242, 35.130497 ], [ -89.785278, 35.130306 ], [ -89.784743, 35.130239 ], [ -89.784177, 35.13017 ], [ -89.784102, 35.130161 ], [ -89.784029, 35.130152 ], [ -89.783279, 35.13006 ], [ -89.78314, 35.130043 ], [ -89.782606, 35.129978 ], [ -89.782381, 35.129947 ], [ -89.782087, 35.129907 ], [ -89.78171, 35.129835 ], [ -89.781638, 35.129822 ], [ -89.781491, 35.129782 ], [ -89.781394, 35.129756 ], [ -89.781324, 35.129734 ], [ -89.781158, 35.129683 ], [ -89.780966, 35.129614 ], [ -89.780834, 35.129558 ], [ -89.780675, 35.129491 ], [ -89.780353, 35.129335 ], [ -89.780284, 35.129229 ], [ -89.780256, 35.129185 ], [ -89.780188, 35.129148 ], [ -89.779841, 35.128963 ], [ -89.779474, 35.128769 ], [ -89.779073, 35.128589 ], [ -89.778532, 35.128346 ], [ -89.7783, 35.128242 ], [ -89.777966, 35.128113 ], [ -89.777637, 35.127999 ], [ -89.777565, 35.127974 ], [ -89.777197, 35.127871 ], [ -89.777039, 35.127834 ], [ -89.776619, 35.127776 ], [ -89.776275, 35.127729 ], [ -89.775839, 35.127678 ], [ -89.77569, 35.12766 ], [ -89.775473, 35.127636 ], [ -89.774763, 35.127565 ], [ -89.774531, 35.127553 ], [ -89.774094, 35.127533 ], [ -89.773421, 35.127509 ], [ -89.772312, 35.127471 ], [ -89.771719, 35.127453 ], [ -89.771402, 35.127439 ], [ -89.771333, 35.127437 ], [ -89.771024, 35.127447 ], [ -89.770731, 35.127472 ], [ -89.770658, 35.12748 ], [ -89.77044, 35.127505 ], [ -89.770368, 35.127514 ], [ -89.770121, 35.127542 ], [ -89.769964, 35.127557 ], [ -89.769757, 35.127579 ], [ -89.768794, 35.127694 ], [ -89.768756, 35.127698 ], [ -89.768354, 35.127745 ], [ -89.76833, 35.127748 ], [ -89.76806, 35.127781 ], [ -89.767992, 35.127789 ], [ -89.767907, 35.127799 ], [ -89.767178, 35.127889 ], [ -89.767127, 35.127896 ], [ -89.767022, 35.127861 ], [ -89.766889, 35.127876 ], [ -89.766792, 35.127893 ], [ -89.766554, 35.127905 ], [ -89.76642, 35.127915 ], [ -89.76501, 35.128024 ], [ -89.764611, 35.128055 ], [ -89.764541, 35.128061 ], [ -89.764473, 35.128067 ], [ -89.763833, 35.12812 ], [ -89.762056, 35.128271 ], [ -89.761709, 35.128297 ], [ -89.761204, 35.128337 ], [ -89.761002, 35.128354 ], [ -89.760927, 35.12836 ], [ -89.760843, 35.128419 ], [ -89.760627, 35.128428 ], [ -89.760382, 35.12844 ], [ -89.759841, 35.128487 ], [ -89.759453, 35.128536 ], [ -89.759069, 35.128617 ], [ -89.759, 35.128633 ], [ -89.758878, 35.128663 ], [ -89.758843, 35.128673 ], [ -89.758797, 35.128685 ], [ -89.75873, 35.128705 ], [ -89.758656, 35.128726 ], [ -89.758498, 35.128771 ], [ -89.758435, 35.12879 ], [ -89.758362, 35.128814 ], [ -89.757854, 35.128973 ], [ -89.757809, 35.128988 ], [ -89.757716, 35.129019 ], [ -89.757612, 35.129054 ], [ -89.756774, 35.129345 ], [ -89.756351, 35.129514 ], [ -89.756282, 35.129542 ], [ -89.755983, 35.129653 ], [ -89.755849, 35.129687 ], [ -89.755763, 35.129709 ], [ -89.755603, 35.129729 ], [ -89.755575, 35.129733 ], [ -89.755393, 35.129731 ], [ -89.755232, 35.129704 ], [ -89.755026, 35.129635 ], [ -89.754887, 35.129568 ], [ -89.754745, 35.129499 ], [ -89.753312, 35.128747 ], [ -89.753077, 35.128654 ], [ -89.75305, 35.128643 ], [ -89.75289, 35.128598 ], [ -89.752421, 35.128509 ], [ -89.752143, 35.128468 ], [ -89.751825, 35.128423 ], [ -89.751561, 35.12839 ], [ -89.751159, 35.128331 ], [ -89.750946, 35.128281 ], [ -89.750559, 35.128146 ], [ -89.750198, 35.128008 ], [ -89.750174, 35.127998 ], [ -89.749548, 35.127751 ], [ -89.748867, 35.127453 ], [ -89.748704, 35.127406 ], [ -89.748571, 35.12739 ], [ -89.748372, 35.1274 ], [ -89.748091, 35.12745 ], [ -89.747704, 35.127551 ], [ -89.747213, 35.127712 ], [ -89.746425, 35.127971 ], [ -89.746249, 35.128029 ], [ -89.746225, 35.128036 ], [ -89.746021, 35.128093 ], [ -89.745935, 35.128118 ], [ -89.745568, 35.128223 ], [ -89.74541, 35.128262 ], [ -89.745206, 35.128313 ], [ -89.74463, 35.128418 ], [ -89.743828, 35.128555 ], [ -89.741577, 35.128939 ], [ -89.740394, 35.129142 ], [ -89.740025, 35.129243 ], [ -89.739709, 35.12934 ], [ -89.739471, 35.129414 ], [ -89.739119, 35.129486 ], [ -89.738483, 35.129557 ], [ -89.738333, 35.12957 ], [ -89.73834, 35.129496 ], [ -89.738327, 35.129315 ], [ -89.73838, 35.129068 ], [ -89.73843, 35.128452 ], [ -89.738446, 35.12826 ], [ -89.738505, 35.126025 ], [ -89.738552, 35.12581 ], [ -89.738525, 35.125618 ], [ -89.738465, 35.125464 ], [ -89.738496, 35.125092 ], [ -89.738477, 35.123972 ], [ -89.738577, 35.123587 ], [ -89.738583, 35.123446 ], [ -89.738616, 35.12279 ], [ -89.738549, 35.122433 ], [ -89.738502, 35.122055 ], [ -89.738517, 35.12184 ], [ -89.738529, 35.121676 ], [ -89.738528, 35.121434 ], [ -89.73854, 35.121303 ], [ -89.738595, 35.120692 ], [ -89.738601, 35.120121 ], [ -89.738688, 35.119682 ], [ -89.738794, 35.119346 ], [ -89.738975, 35.119017 ], [ -89.739275, 35.118682 ], [ -89.739335, 35.118583 ], [ -89.739622, 35.118226 ], [ -89.739736, 35.118077 ], [ -89.739723, 35.118055 ], [ -89.739758, 35.118012 ], [ -89.739956, 35.117775 ], [ -89.740537, 35.117099 ], [ -89.740798, 35.116747 ], [ -89.741185, 35.116313 ], [ -89.741345, 35.116097 ], [ -89.741679, 35.115648 ], [ -89.742154, 35.115071 ], [ -89.74224, 35.114923 ], [ -89.742387, 35.114769 ], [ -89.742461, 35.11461 ], [ -89.742808, 35.11417 ], [ -89.743242, 35.113665 ], [ -89.743716, 35.113126 ], [ -89.744064, 35.112681 ], [ -89.744371, 35.11228 ], [ -89.744751, 35.111802 ], [ -89.745065, 35.111351 ], [ -89.745259, 35.111011 ], [ -89.745339, 35.110763 ], [ -89.745312, 35.110527 ], [ -89.745309, 35.11042 ], [ -89.74529, 35.11039 ], [ -89.745288, 35.110354 ], [ -89.745251, 35.110291 ], [ -89.745244, 35.110257 ], [ -89.745192, 35.110161 ], [ -89.745053, 35.10998 ], [ -89.744998, 35.109925 ], [ -89.744904, 35.109852 ], [ -89.744741, 35.109735 ], [ -89.744668, 35.109694 ], [ -89.744555, 35.109641 ], [ -89.744477, 35.109615 ], [ -89.744441, 35.109594 ], [ -89.7444, 35.109589 ], [ -89.74432, 35.109564 ], [ -89.744283, 35.109545 ], [ -89.744266, 35.10954 ], [ -89.7442, 35.109523 ], [ -89.743895, 35.109494 ], [ -89.743544, 35.109478 ], [ -89.743457, 35.109471 ], [ -89.743239, 35.109439 ], [ -89.743112, 35.109411 ], [ -89.743032, 35.109381 ], [ -89.74296, 35.10934 ], [ -89.74293, 35.109314 ], [ -89.742906, 35.109285 ], [ -89.742824, 35.109121 ], [ -89.742807, 35.109052 ], [ -89.742793, 35.109019 ], [ -89.742804, 35.108807 ], [ -89.742882, 35.10864 ], [ -89.742938, 35.108469 ], [ -89.74309, 35.108134 ], [ -89.743145, 35.107999 ], [ -89.743252, 35.107805 ], [ -89.743299, 35.107747 ], [ -89.743315, 35.107713 ], [ -89.743347, 35.10769 ], [ -89.743365, 35.107659 ], [ -89.743398, 35.107637 ], [ -89.743424, 35.107608 ], [ -89.743438, 35.107574 ], [ -89.74348, 35.107514 ], [ -89.743508, 35.107485 ], [ -89.743526, 35.107453 ], [ -89.743538, 35.107419 ], [ -89.743541, 35.10695 ], [ -89.743895, 35.106948 ], [ -89.744229, 35.10689 ], [ -89.744538, 35.106783 ], [ -89.745088, 35.10653 ], [ -89.745289, 35.106482 ], [ -89.746588, 35.106158 ], [ -89.747143, 35.10607 ], [ -89.747344, 35.106011 ], [ -89.748294, 35.1058 ], [ -89.748644, 35.105718 ], [ -89.749111, 35.105565 ], [ -89.749621, 35.105516 ], [ -89.749861, 35.105428 ], [ -89.749889, 35.105634 ], [ -89.750018, 35.105601 ], [ -89.750441, 35.105482 ], [ -89.751331, 35.10527 ], [ -89.752147, 35.105105 ], [ -89.751994, 35.104029 ], [ -89.752411, 35.102551 ], [ -89.752626, 35.098839 ], [ -89.752841, 35.098611 ], [ -89.752954, 35.09673 ], [ -89.752978, 35.096016 ], [ -89.753111, 35.09606 ], [ -89.754454, 35.09658 ], [ -89.754631, 35.09663 ], [ -89.754743, 35.096662 ], [ -89.754866, 35.096697 ], [ -89.754976, 35.096728 ], [ -89.755254, 35.096793 ], [ -89.755733, 35.096881 ], [ -89.755908, 35.096899 ], [ -89.75601, 35.096909 ], [ -89.756278, 35.096937 ], [ -89.757547, 35.096997 ], [ -89.757552, 35.09693 ], [ -89.757554, 35.096858 ], [ -89.757565, 35.096766 ], [ -89.757498, 35.096648 ], [ -89.75754, 35.096368 ], [ -89.757589, 35.096055 ], [ -89.757671, 35.095254 ], [ -89.757727, 35.094847 ], [ -89.757753, 35.094669 ], [ -89.757779, 35.094468 ], [ -89.757791, 35.094341 ], [ -89.757803, 35.094261 ], [ -89.757901, 35.094171 ], [ -89.757983, 35.093559 ], [ -89.758011, 35.093353 ], [ -89.758032, 35.093194 ], [ -89.758098, 35.092719 ], [ -89.75812, 35.092558 ], [ -89.758173, 35.09228 ], [ -89.75821, 35.092156 ], [ -89.758249, 35.092031 ], [ -89.758365, 35.091724 ], [ -89.758727, 35.091028 ], [ -89.758919, 35.090661 ], [ -89.759077, 35.090292 ], [ -89.759122, 35.090126 ], [ -89.759206, 35.08982 ], [ -89.759243, 35.089576 ], [ -89.759263, 35.089258 ], [ -89.759261, 35.089187 ], [ -89.759257, 35.089062 ], [ -89.75923, 35.088761 ], [ -89.759178, 35.088474 ], [ -89.759165, 35.088431 ], [ -89.759009, 35.087881 ], [ -89.758928, 35.08763 ], [ -89.758875, 35.087463 ], [ -89.758831, 35.087242 ], [ -89.758809, 35.08698 ], [ -89.758803, 35.086854 ], [ -89.758799, 35.086751 ], [ -89.75883, 35.086595 ], [ -89.758804, 35.086532 ], [ -89.758781, 35.086123 ], [ -89.758785, 35.085851 ], [ -89.758793, 35.085446 ], [ -89.758822, 35.084993 ], [ -89.758846, 35.08416 ], [ -89.758866, 35.083605 ], [ -89.758875, 35.08336 ], [ -89.75889, 35.082856 ], [ -89.758895, 35.082697 ], [ -89.758911, 35.082255 ], [ -89.758913, 35.08221 ], [ -89.758938, 35.081638 ], [ -89.758991, 35.080452 ], [ -89.759002, 35.080224 ], [ -89.759015, 35.079971 ], [ -89.759021, 35.079852 ], [ -89.759039, 35.079446 ], [ -89.759095, 35.078228 ], [ -89.759114, 35.077823 ], [ -89.759119, 35.077643 ], [ -89.759132, 35.077284 ], [ -89.759138, 35.077138 ], [ -89.759139, 35.077128 ], [ -89.759143, 35.077009 ], [ -89.759151, 35.076541 ], [ -89.759158, 35.076277 ], [ -89.759175, 35.075643 ], [ -89.759182, 35.075413 ], [ -89.759191, 35.075136 ], [ -89.759192, 35.075085 ], [ -89.759213, 35.074401 ], [ -89.759226, 35.073832 ], [ -89.759227, 35.073767 ], [ -89.759237, 35.073423 ], [ -89.759243, 35.07321 ], [ -89.759259, 35.072751 ], [ -89.759261, 35.0727 ], [ -89.759273, 35.07215 ], [ -89.759279, 35.071899 ], [ -89.759279, 35.071868 ], [ -89.759289, 35.071557 ], [ -89.759297, 35.071235 ], [ -89.759298, 35.071061 ], [ -89.7593, 35.070909 ], [ -89.759308, 35.070541 ], [ -89.759313, 35.070368 ], [ -89.75932, 35.070117 ], [ -89.759327, 35.069941 ], [ -89.759345, 35.069533 ], [ -89.759348, 35.069462 ], [ -89.759364, 35.069077 ], [ -89.759372, 35.068756 ], [ -89.759372, 35.068653 ], [ -89.759374, 35.068196 ], [ -89.758846, 35.067933 ], [ -89.758705, 35.067857 ], [ -89.758005, 35.067488 ], [ -89.757857, 35.067413 ], [ -89.756964, 35.066969 ], [ -89.756649, 35.066805 ], [ -89.755955, 35.066445 ], [ -89.755591, 35.066271 ], [ -89.755563, 35.066256 ], [ -89.755124, 35.066047 ], [ -89.754452, 35.065717 ], [ -89.754338, 35.065661 ], [ -89.753921, 35.065457 ], [ -89.753757, 35.065376 ], [ -89.753271, 35.065137 ], [ -89.752513, 35.064763 ], [ -89.751732, 35.064384 ], [ -89.751324, 35.064186 ], [ -89.751111, 35.064084 ], [ -89.750676, 35.063867 ], [ -89.750279, 35.063636 ], [ -89.749375, 35.063218 ], [ -89.749267, 35.063165 ], [ -89.748981, 35.063027 ], [ -89.748617, 35.062844 ], [ -89.748509, 35.06279 ], [ -89.747941, 35.062534 ], [ -89.747863, 35.062496 ], [ -89.747836, 35.062483 ], [ -89.74766, 35.062399 ], [ -89.74675, 35.061906 ], [ -89.746541, 35.061784 ], [ -89.746341, 35.061655 ], [ -89.746134, 35.061509 ], [ -89.745682, 35.061183 ], [ -89.745368, 35.060934 ], [ -89.744767, 35.060432 ], [ -89.744673, 35.060353 ], [ -89.74392, 35.059707 ], [ -89.743783, 35.059585 ], [ -89.741331, 35.057458 ], [ -89.741224, 35.057366 ], [ -89.741071, 35.057234 ], [ -89.740747, 35.056955 ], [ -89.740144, 35.056434 ], [ -89.739006, 35.05548 ], [ -89.738949, 35.055432 ], [ -89.738908, 35.055397 ], [ -89.738864, 35.055359 ], [ -89.738696, 35.055209 ], [ -89.738193, 35.054759 ], [ -89.738025, 35.054609 ], [ -89.737951, 35.054543 ], [ -89.737914, 35.05451 ], [ -89.737873, 35.054474 ], [ -89.737692, 35.054318 ], [ -89.737599, 35.054239 ], [ -89.737219, 35.053938 ], [ -89.736829, 35.053654 ], [ -89.736654, 35.053528 ], [ -89.736095, 35.053172 ], [ -89.735441, 35.052802 ], [ -89.735078, 35.052619 ], [ -89.734689, 35.052436 ], [ -89.734326, 35.052281 ], [ -89.73429, 35.052265 ], [ -89.733704, 35.05204 ], [ -89.733387, 35.051913 ], [ -89.733202, 35.051854 ], [ -89.733099, 35.05182 ], [ -89.733042, 35.051799 ], [ -89.732955, 35.05177 ], [ -89.732647, 35.05166 ], [ -89.732597, 35.051642 ], [ -89.732462, 35.051607 ], [ -89.732461, 35.051587 ], [ -89.732455, 35.051466 ], [ -89.732453, 35.051426 ], [ -89.732454, 35.051323 ], [ -89.73246, 35.051037 ], [ -89.73246, 35.051017 ], [ -89.732464, 35.050916 ], [ -89.732485, 35.050158 ], [ -89.732497, 35.049766 ], [ -89.732529, 35.04842 ], [ -89.732542, 35.047884 ], [ -89.732551, 35.047524 ], [ -89.732548, 35.047313 ], [ -89.732546, 35.047127 ], [ -89.73255, 35.047005 ], [ -89.732553, 35.046852 ], [ -89.732567, 35.046285 ], [ -89.732575, 35.045306 ], [ -89.732487, 35.044752 ], [ -89.732434, 35.044036 ], [ -89.73246, 35.040593 ], [ -89.732407, 35.039189 ], [ -89.732248, 35.038315 ], [ -89.73193, 35.037467 ], [ -89.731507, 35.036672 ], [ -89.731435, 35.036572 ], [ -89.730738, 35.035613 ], [ -89.730023, 35.034924 ], [ -89.729255, 35.034341 ], [ -89.728301, 35.033785 ], [ -89.727189, 35.033149 ], [ -89.726421, 35.032646 ], [ -89.725772, 35.032142 ], [ -89.725556, 35.031934 ], [ -89.725485, 35.031856 ], [ -89.72393, 35.029822 ], [ -89.723621, 35.029257 ], [ -89.723442, 35.028848 ], [ -89.723349, 35.028615 ], [ -89.723321, 35.028543 ], [ -89.723146, 35.027981 ], [ -89.72314, 35.027957 ], [ -89.723133, 35.027929 ], [ -89.723031, 35.02749 ], [ -89.722929, 35.027049 ], [ -89.722889, 35.026866 ], [ -89.722851, 35.026493 ], [ -89.722849, 35.026421 ], [ -89.722841, 35.026135 ], [ -89.722844, 35.026073 ], [ -89.722861, 35.025821 ], [ -89.722874, 35.025721 ], [ -89.722876, 35.025596 ], [ -89.723028, 35.025536 ], [ -89.723604, 35.025307 ], [ -89.72485, 35.024823 ], [ -89.724895, 35.024806 ], [ -89.725654, 35.024548 ], [ -89.726292, 35.024357 ], [ -89.727168, 35.024136 ], [ -89.728044, 35.023963 ], [ -89.72831, 35.023925 ], [ -89.728879, 35.023842 ], [ -89.729764, 35.02375 ], [ -89.730229, 35.023723 ], [ -89.730814, 35.023701 ], [ -89.731079, 35.023698 ], [ -89.731261, 35.023697 ], [ -89.732264, 35.023729 ], [ -89.732642, 35.023753 ], [ -89.733196, 35.023805 ], [ -89.733199, 35.023997 ], [ -89.733589, 35.024044 ], [ -89.733724, 35.02406 ], [ -89.734513, 35.02419 ], [ -89.73534, 35.024358 ], [ -89.735769, 35.024465 ], [ -89.737009, 35.024799 ], [ -89.741079, 35.025894 ], [ -89.742068, 35.026162 ], [ -89.742797, 35.02636 ], [ -89.743567, 35.026554 ], [ -89.74444, 35.02675 ], [ -89.745506, 35.026954 ], [ -89.746237, 35.027069 ], [ -89.7468, 35.027149 ], [ -89.74752, 35.027231 ], [ -89.74811, 35.027283 ], [ -89.748643, 35.027329 ], [ -89.74966, 35.027379 ], [ -89.753526, 35.027463 ], [ -89.758475, 35.027569 ], [ -89.759514, 35.027588 ], [ -89.759572, 35.027589 ], [ -89.759659, 35.027591 ], [ -89.759789, 35.027594 ], [ -89.76005, 35.027599 ], [ -89.760216, 35.027603 ], [ -89.760994, 35.027619 ], [ -89.763001, 35.027661 ], [ -89.764627, 35.027676 ], [ -89.765952, 35.027697 ], [ -89.766806, 35.027741 ], [ -89.766967, 35.027744 ], [ -89.767336, 35.027752 ], [ -89.769035, 35.027789 ], [ -89.773949, 35.027891 ], [ -89.774753, 35.027926 ], [ -89.775116, 35.027959 ], [ -89.775456, 35.028004 ], [ -89.775834, 35.028076 ], [ -89.775884, 35.028085 ], [ -89.776455, 35.028228 ], [ -89.77688, 35.028372 ], [ -89.777354, 35.028561 ], [ -89.7779, 35.028811 ], [ -89.778174, 35.028943 ], [ -89.781854, 35.030716 ], [ -89.782524, 35.031037 ], [ -89.785407, 35.032417 ], [ -89.785998, 35.0327 ], [ -89.788259, 35.03379 ], [ -89.789774, 35.034518 ], [ -89.790492, 35.034863 ], [ -89.79179, 35.035479 ], [ -89.795745, 35.037384 ], [ -89.795872, 35.037446 ], [ -89.795902, 35.03908 ], [ -89.795903, 35.03922 ], [ -89.795904, 35.039329 ], [ -89.795907, 35.039644 ], [ -89.795908, 35.039692 ], [ -89.795908, 35.039709 ], [ -89.795909, 35.039787 ], [ -89.795932, 35.041699 ], [ -89.795934, 35.042107 ], [ -89.795941, 35.043331 ], [ -89.795944, 35.04374 ], [ -89.795945, 35.04397 ], [ -89.795949, 35.044663 ], [ -89.795951, 35.044894 ], [ -89.795953, 35.045392 ], [ -89.795957, 35.045958 ], [ -89.795952, 35.046219 ], [ -89.795905, 35.046643 ], [ -89.795854, 35.046878 ], [ -89.795788, 35.047185 ], [ -89.795745, 35.047365 ], [ -89.795733, 35.047416 ], [ -89.795691, 35.047586 ], [ -89.795678, 35.047642 ], [ -89.795644, 35.047778 ], [ -89.795543, 35.048189 ], [ -89.79551, 35.048326 ], [ -89.795405, 35.048754 ], [ -89.79522, 35.04951 ], [ -89.795173, 35.049842 ], [ -89.795166, 35.050051 ], [ -89.795158, 35.050321 ], [ -89.795153, 35.050492 ], [ -89.795136, 35.05107 ], [ -89.795134, 35.051158 ], [ -89.79512, 35.051624 ], [ -89.795118, 35.051675 ], [ -89.795118, 35.0517 ], [ -89.795077, 35.052096 ], [ -89.794996, 35.052441 ], [ -89.794905, 35.052709 ], [ -89.794891, 35.052748 ], [ -89.794714, 35.053129 ], [ -89.794177, 35.054121 ], [ -89.793983, 35.054542 ], [ -89.793824, 35.054951 ], [ -89.793678, 35.05533 ], [ -89.793566, 35.055637 ], [ -89.793487, 35.055917 ], [ -89.793443, 35.056072 ], [ -89.793425, 35.056153 ], [ -89.793413, 35.056208 ], [ -89.793371, 35.056404 ], [ -89.793331, 35.056595 ], [ -89.793291, 35.056945 ], [ -89.793281, 35.057037 ], [ -89.793261, 35.057325 ], [ -89.793258, 35.057417 ], [ -89.793248, 35.057758 ], [ -89.793245, 35.057867 ], [ -89.793239, 35.058194 ], [ -89.793239, 35.058218 ], [ -89.793238, 35.058304 ], [ -89.793232, 35.058536 ], [ -89.793218, 35.059233 ], [ -89.793213, 35.059466 ], [ -89.793211, 35.059588 ], [ -89.793205, 35.059912 ], [ -89.793204, 35.059934 ], [ -89.793194, 35.060388 ], [ -89.793174, 35.061341 ], [ -89.793173, 35.061389 ], [ -89.793164, 35.06181 ], [ -89.793163, 35.061859 ], [ -89.79316, 35.061927 ], [ -89.793162, 35.062056 ], [ -89.793079, 35.062176 ], [ -89.793088, 35.062716 ], [ -89.793087, 35.062746 ], [ -89.793083, 35.062987 ], [ -89.793079, 35.063139 ], [ -89.793068, 35.063597 ], [ -89.793065, 35.06375 ], [ -89.793188, 35.063749 ], [ -89.793745, 35.063761 ], [ -89.794499, 35.063781 ], [ -89.794534, 35.063771 ], [ -89.794794, 35.063658 ], [ -89.795196, 35.063491 ], [ -89.795258, 35.063452 ], [ -89.795344, 35.063451 ], [ -89.796162, 35.063491 ], [ -89.796798, 35.063493 ], [ -89.796853, 35.063527 ], [ -89.796922, 35.063531 ], [ -89.796961, 35.063532 ], [ -89.797002, 35.063617 ], [ -89.7971, 35.063824 ], [ -89.797164, 35.063956 ], [ -89.797368, 35.063959 ], [ -89.797586, 35.063971 ], [ -89.798036, 35.063984 ], [ -89.798353, 35.063979 ], [ -89.798515, 35.063986 ], [ -89.798682, 35.06399 ], [ -89.799099, 35.064009 ], [ -89.79948, 35.06401 ], [ -89.799848, 35.064012 ], [ -89.800232, 35.064013 ], [ -89.800569, 35.064014 ], [ -89.800604, 35.064014 ], [ -89.800988, 35.064016 ], [ -89.801349, 35.064025 ], [ -89.80148, 35.064029 ], [ -89.801723, 35.064035 ], [ -89.802068, 35.064044 ], [ -89.802458, 35.064048 ], [ -89.80258, 35.064049 ], [ -89.802704, 35.064061 ], [ -89.802755, 35.062356 ], [ -89.812174, 35.062658 ], [ -89.81263, 35.062672 ], [ -89.812636, 35.062438 ], [ -89.812647, 35.061969 ], [ -89.812653, 35.06176 ], [ -89.812658, 35.061559 ], [ -89.812673, 35.060957 ], [ -89.812679, 35.060757 ], [ -89.81268, 35.060689 ], [ -89.812681, 35.060639 ], [ -89.812686, 35.060487 ], [ -89.812686, 35.060457 ], [ -89.812687, 35.060421 ], [ -89.812689, 35.060262 ], [ -89.812694, 35.060039 ], [ -89.812695, 35.059948 ], [ -89.812716, 35.058948 ], [ -89.812717, 35.058896 ], [ -89.81273, 35.058516 ], [ -89.812802, 35.058515 ], [ -89.814012, 35.058353 ], [ -89.815346, 35.058155 ], [ -89.815501, 35.058857 ], [ -89.815675, 35.059657 ], [ -89.815913, 35.060826 ], [ -89.815946, 35.060979 ], [ -89.816025, 35.061263 ], [ -89.816116, 35.061591 ], [ -89.816219, 35.062141 ], [ -89.816304, 35.062589 ], [ -89.816323, 35.062689 ], [ -89.816394, 35.063033 ], [ -89.816416, 35.06314 ], [ -89.816482, 35.063464 ], [ -89.816504, 35.063572 ], [ -89.81657, 35.063948 ], [ -89.816588, 35.064047 ], [ -89.816566, 35.064124 ], [ -89.816777, 35.065066 ], [ -89.816861, 35.065439 ], [ -89.816902, 35.065638 ], [ -89.817025, 35.066236 ], [ -89.817067, 35.066436 ], [ -89.817142, 35.066423 ], [ -89.817221, 35.06641 ], [ -89.817408, 35.06636 ], [ -89.817736, 35.06622 ], [ -89.819258, 35.065574 ], [ -89.819684, 35.065361 ], [ -89.820297, 35.065028 ], [ -89.820465, 35.064932 ], [ -89.820972, 35.064645 ], [ -89.821141, 35.06455 ], [ -89.821317, 35.064449 ], [ -89.821702, 35.06423 ], [ -89.821793, 35.0642 ], [ -89.821864, 35.064187 ], [ -89.822065, 35.064152 ], [ -89.822126, 35.064429 ], [ -89.822152, 35.064552 ], [ -89.822188, 35.064712 ], [ -89.822329, 35.065184 ], [ -89.822527, 35.065721 ], [ -89.822669, 35.066106 ], [ -89.822786, 35.066088 ], [ -89.823141, 35.066034 ], [ -89.823259, 35.066017 ], [ -89.823589, 35.065966 ], [ -89.823831, 35.06593 ], [ -89.824582, 35.065822 ], [ -89.824604, 35.065819 ], [ -89.824914, 35.065775 ], [ -89.824842, 35.065606 ], [ -89.824765, 35.065425 ], [ -89.824627, 35.0651 ], [ -89.824614, 35.06507 ], [ -89.824545, 35.064937 ], [ -89.824465, 35.064783 ], [ -89.82434, 35.064543 ], [ -89.824251, 35.064311 ], [ -89.82419, 35.06415 ], [ -89.824131, 35.063911 ], [ -89.824126, 35.063888 ], [ -89.824095, 35.063759 ], [ -89.824047, 35.063404 ], [ -89.824043, 35.063183 ], [ -89.82404, 35.063007 ], [ -89.824043, 35.062938 ], [ -89.824064, 35.062736 ], [ -89.8241, 35.062583 ], [ -89.824218, 35.062098 ], [ -89.824337, 35.061783 ], [ -89.824448, 35.061568 ], [ -89.824566, 35.061342 ], [ -89.824617, 35.061251 ], [ -89.824878, 35.060799 ], [ -89.825619, 35.059522 ], [ -89.825663, 35.059445 ], [ -89.825731, 35.059329 ], [ -89.825939, 35.059003 ], [ -89.826142, 35.058717 ], [ -89.826284, 35.058534 ], [ -89.826332, 35.058474 ], [ -89.826825, 35.05791 ], [ -89.827206, 35.057493 ], [ -89.827454, 35.057236 ], [ -89.827859, 35.056817 ], [ -89.827935, 35.056864 ], [ -89.827992, 35.0569 ], [ -89.828346, 35.056494 ], [ -89.828424, 35.056393 ], [ -89.828467, 35.056338 ], [ -89.828514, 35.056275 ], [ -89.828671, 35.056036 ], [ -89.828827, 35.055766 ], [ -89.82886, 35.055691 ], [ -89.828951, 35.055485 ], [ -89.829069, 35.05518 ], [ -89.829155, 35.054882 ], [ -89.829176, 35.054804 ], [ -89.829229, 35.05484 ], [ -89.829616, 35.055089 ], [ -89.832231, 35.056768 ], [ -89.832542, 35.056968 ], [ -89.833299, 35.057458 ], [ -89.833794, 35.057801 ], [ -89.834254, 35.058158 ], [ -89.834576, 35.058422 ], [ -89.834966, 35.058779 ], [ -89.835414, 35.059229 ], [ -89.835599, 35.059431 ], [ -89.836967, 35.061121 ], [ -89.837372, 35.061622 ], [ -89.837571, 35.06187 ], [ -89.837639, 35.061954 ], [ -89.837849, 35.062215 ], [ -89.838009, 35.062414 ], [ -89.838199, 35.062651 ], [ -89.838595, 35.063145 ], [ -89.839149, 35.063788 ], [ -89.839326, 35.063985 ], [ -89.839383, 35.064043 ], [ -89.839417, 35.064078 ], [ -89.839451, 35.064113 ], [ -89.839632, 35.064297 ], [ -89.840134, 35.064766 ], [ -89.840472, 35.065044 ], [ -89.841055, 35.065488 ], [ -89.841757, 35.065954 ], [ -89.841989, 35.066097 ], [ -89.842447, 35.066354 ], [ -89.84303, 35.066646 ], [ -89.843444, 35.066836 ], [ -89.843493, 35.066858 ], [ -89.843572, 35.066891 ], [ -89.843649, 35.066922 ], [ -89.843665, 35.066843 ], [ -89.843687, 35.066761 ], [ -89.843771, 35.066793 ], [ -89.84428, 35.066995 ], [ -89.84457, 35.067104 ], [ -89.844788, 35.067186 ], [ -89.845383, 35.067401 ], [ -89.845676, 35.067508 ], [ -89.846765, 35.067904 ], [ -89.849366, 35.068848 ], [ -89.849626, 35.068942 ], [ -89.849862, 35.069028 ], [ -89.849962, 35.069064 ], [ -89.850498, 35.069255 ], [ -89.851025, 35.069443 ], [ -89.851439, 35.069591 ], [ -89.851662, 35.06967 ], [ -89.851863, 35.069742 ], [ -89.852936, 35.070126 ], [ -89.853611, 35.070376 ], [ -89.853974, 35.070514 ], [ -89.854469, 35.070729 ], [ -89.85489, 35.070913 ], [ -89.855228, 35.071073 ], [ -89.855503, 35.071202 ], [ -89.855667, 35.071285 ], [ -89.855776, 35.07134 ], [ -89.855954, 35.071428 ], [ -89.856092, 35.071497 ], [ -89.856134, 35.071518 ], [ -89.856602, 35.071785 ], [ -89.857158, 35.072115 ], [ -89.858238, 35.072809 ], [ -89.858818, 35.073191 ], [ -89.860219, 35.074113 ], [ -89.860475, 35.074267 ], [ -89.861142, 35.074669 ], [ -89.861246, 35.074726 ], [ -89.861508, 35.074872 ], [ -89.861715, 35.074982 ], [ -89.861953, 35.074638 ], [ -89.862081, 35.074468 ], [ -89.862256, 35.074209 ], [ -89.862606, 35.07369 ], [ -89.862727, 35.073518 ], [ -89.862771, 35.073455 ], [ -89.862816, 35.07339 ], [ -89.86291, 35.073255 ], [ -89.863497, 35.07241 ], [ -89.863882, 35.072562 ], [ -89.864017, 35.072616 ], [ -89.864683, 35.072875 ], [ -89.864761, 35.072905 ], [ -89.865407, 35.073163 ], [ -89.865919, 35.073416 ], [ -89.866359, 35.073643 ], [ -89.86663, 35.073774 ], [ -89.866797, 35.073855 ], [ -89.867148, 35.073989 ], [ -89.867297, 35.074032 ], [ -89.867572, 35.074111 ], [ -89.867584, 35.074115 ], [ -89.86784, 35.074174 ], [ -89.868177, 35.074231 ], [ -89.868256, 35.074241 ], [ -89.86842, 35.074255 ], [ -89.868707, 35.074281 ], [ -89.869052, 35.07429 ], [ -89.869762, 35.074301 ], [ -89.870932, 35.074317 ], [ -89.870981, 35.074318 ], [ -89.871025, 35.074319 ], [ -89.871255, 35.074321 ], [ -89.871664, 35.074327 ], [ -89.872224, 35.074334 ], [ -89.872548, 35.074339 ], [ -89.873126, 35.074347 ], [ -89.873198, 35.074348 ], [ -89.873887, 35.074361 ], [ -89.874859, 35.074374 ], [ -89.875438, 35.074383 ], [ -89.875699, 35.074387 ], [ -89.876354, 35.0744 ], [ -89.876482, 35.074406 ], [ -89.876743, 35.074419 ], [ -89.876973, 35.07443 ], [ -89.877015, 35.074433 ], [ -89.877134, 35.074439 ], [ -89.877635, 35.074491 ], [ -89.87766, 35.074496 ], [ -89.877886, 35.074546 ], [ -89.878272, 35.074634 ], [ -89.878287, 35.074638 ], [ -89.878663, 35.074746 ], [ -89.878962, 35.074843 ], [ -89.879229, 35.074945 ], [ -89.879396, 35.075019 ], [ -89.879759, 35.07518 ], [ -89.880076, 35.075341 ], [ -89.88043, 35.07556 ], [ -89.880691, 35.075722 ], [ -89.880701, 35.075728 ], [ -89.881493, 35.076228 ], [ -89.881917, 35.076497 ], [ -89.882416, 35.076814 ], [ -89.883393, 35.077434 ], [ -89.883467, 35.077481 ], [ -89.883728, 35.077648 ], [ -89.884395, 35.078056 ], [ -89.884705, 35.078249 ], [ -89.885638, 35.078828 ], [ -89.885738, 35.07889 ], [ -89.88595, 35.07902 ], [ -89.886202, 35.079174 ], [ -89.886961, 35.079638 ], [ -89.887214, 35.079793 ], [ -89.887469, 35.079947 ], [ -89.887479, 35.079953 ], [ -89.887931, 35.080245 ], [ -89.888226, 35.080424 ], [ -89.888458, 35.080566 ], [ -89.888481, 35.08058 ], [ -89.888537, 35.080615 ], [ -89.888972, 35.080883 ], [ -89.88899, 35.080893 ], [ -89.889928, 35.081437 ], [ -89.890535, 35.08181 ], [ -89.890858, 35.082009 ], [ -89.890952, 35.082066 ], [ -89.891045, 35.082124 ], [ -89.891077, 35.082144 ], [ -89.891227, 35.082239 ], [ -89.89141, 35.082355 ], [ -89.891962, 35.082703 ], [ -89.892146, 35.082819 ], [ -89.892311, 35.082924 ], [ -89.892808, 35.083241 ], [ -89.892974, 35.083347 ], [ -89.893183, 35.083476 ], [ -89.893375, 35.083596 ], [ -89.893564, 35.08372 ], [ -89.893861, 35.083907 ], [ -89.894083, 35.084047 ], [ -89.894143, 35.084085 ], [ -89.894323, 35.084199 ], [ -89.894384, 35.084237 ], [ -89.894585, 35.084365 ], [ -89.895126, 35.084713 ], [ -89.895163, 35.084737 ], [ -89.895186, 35.084754 ], [ -89.895377, 35.084899 ] ] ] } },
{ "type": "Feature", "properties": { "district_num": "96" }, "geometry": { "type": "Polygon", "coordinates": [ [ [ -90.021294, 35.154651 ], [ -90.021231, 35.155019 ], [ -90.021166, 35.155446 ], [ -90.021138, 35.155627 ], [ -90.02108, 35.156016 ], [ -90.021061, 35.156115 ], [ -90.02095, 35.156732 ], [ -90.020906, 35.157023 ], [ -90.020861, 35.157322 ], [ -90.02083, 35.157526 ], [ -90.020795, 35.157764 ], [ -90.02077, 35.157937 ], [ -90.020761, 35.157995 ], [ -90.02071, 35.158352 ], [ -90.020656, 35.158681 ], [ -90.020567, 35.159197 ], [ -90.020427, 35.159878 ], [ -90.020419, 35.159915 ], [ -90.020402, 35.160002 ], [ -90.020286, 35.16051 ], [ -90.020202, 35.160812 ], [ -90.020176, 35.16091 ], [ -90.019916, 35.161685 ], [ -90.019783, 35.162024 ], [ -90.01977, 35.162056 ], [ -90.019707, 35.162219 ], [ -90.019627, 35.162389 ], [ -90.019535, 35.162691 ], [ -90.019443, 35.162952 ], [ -90.019297, 35.163366 ], [ -90.019125, 35.163857 ], [ -90.019017, 35.164273 ], [ -90.018962, 35.164654 ], [ -90.018921, 35.164951 ], [ -90.018861, 35.16559 ], [ -90.01884, 35.165794 ], [ -90.018822, 35.165995 ], [ -90.018719, 35.167213 ], [ -90.0187, 35.167451 ], [ -90.018687, 35.167619 ], [ -90.018683, 35.167659 ], [ -90.018682, 35.167675 ], [ -90.018674, 35.167779 ], [ -90.018671, 35.16782 ], [ -90.018636, 35.168345 ], [ -90.018601, 35.168884 ], [ -90.018563, 35.169521 ], [ -90.018547, 35.169921 ], [ -90.018539, 35.170153 ], [ -90.018532, 35.170448 ], [ -90.018531, 35.170517 ], [ -90.018529, 35.170634 ], [ -90.018529, 35.170688 ], [ -90.01853, 35.171195 ], [ -90.018531, 35.171349 ], [ -90.018531, 35.171382 ], [ -90.01853, 35.171555 ], [ -90.01853, 35.172077 ], [ -90.01853, 35.172251 ], [ -90.018529, 35.172398 ], [ -90.018527, 35.172708 ], [ -90.018525, 35.172839 ], [ -90.018524, 35.172987 ], [ -90.018519, 35.173217 ], [ -90.018517, 35.173313 ], [ -90.018492, 35.173907 ], [ -90.018483, 35.174138 ], [ -90.018463, 35.174534 ], [ -90.018449, 35.174768 ], [ -90.018416, 35.175297 ], [ -90.018304, 35.177146 ], [ -90.018295, 35.177223 ], [ -90.018265, 35.177463 ], [ -90.018257, 35.177543 ], [ -90.018246, 35.177698 ], [ -90.018214, 35.178165 ], [ -90.018212, 35.178206 ], [ -90.018204, 35.178321 ], [ -90.018194, 35.178451 ], [ -90.018166, 35.178844 ], [ -90.018162, 35.178905 ], [ -90.018157, 35.178976 ], [ -90.018148, 35.179096 ], [ -90.018144, 35.179156 ], [ -90.018124, 35.179456 ], [ -90.018117, 35.179577 ], [ -90.01811, 35.179675 ], [ -90.018091, 35.179971 ], [ -90.01809, 35.179993 ], [ -90.018084, 35.18007 ], [ -90.018075, 35.180188 ], [ -90.018047, 35.180543 ], [ -90.018039, 35.180662 ], [ -90.018015, 35.181028 ], [ -90.017974, 35.181684 ], [ -90.017961, 35.182129 ], [ -90.017957, 35.182305 ], [ -90.017958, 35.182497 ], [ -90.017759, 35.182505 ], [ -90.017746, 35.182506 ], [ -90.017163, 35.182531 ], [ -90.016965, 35.18254 ], [ -90.016637, 35.182553 ], [ -90.016484, 35.182559 ], [ -90.016331, 35.182565 ], [ -90.016232, 35.18257 ], [ -90.016132, 35.182575 ], [ -90.015897, 35.182587 ], [ -90.014268, 35.18254 ], [ -90.008206, 35.182262 ], [ -90.008204, 35.182365 ], [ -90.008132, 35.186213 ], [ -90.008104, 35.187256 ], [ -90.008104, 35.18727 ], [ -90.008098, 35.18749 ], [ -90.008094, 35.187645 ], [ -90.008091, 35.187723 ], [ -90.008089, 35.18775 ], [ -90.008085, 35.187833 ], [ -90.008085, 35.187861 ], [ -90.008079, 35.188 ], [ -90.008076, 35.188253 ], [ -90.008091, 35.1889 ], [ -90.008106, 35.189569 ], [ -90.008081, 35.190137 ], [ -90.008045, 35.191455 ], [ -90.008041, 35.191642 ], [ -90.008038, 35.191712 ], [ -90.008031, 35.191922 ], [ -90.00803, 35.191994 ], [ -90.008029, 35.192028 ], [ -90.008027, 35.192152 ], [ -90.008027, 35.192169 ], [ -90.008014, 35.192471 ], [ -90.008014, 35.192485 ], [ -90.008009, 35.192633 ], [ -90.008005, 35.192792 ], [ -90.008005, 35.192887 ], [ -90.008, 35.193307 ], [ -90.007938, 35.193361 ], [ -90.007845, 35.193438 ], [ -90.00777, 35.193503 ], [ -90.007737, 35.19353 ], [ -90.007651, 35.193603 ], [ -90.007199, 35.194044 ], [ -90.007167, 35.194074 ], [ -90.007084, 35.194154 ], [ -90.006979, 35.194257 ], [ -90.006546, 35.194669 ], [ -90.006511, 35.194704 ], [ -90.006116, 35.195109 ], [ -90.005642, 35.195631 ], [ -90.005422, 35.195873 ], [ -90.005325, 35.195982 ], [ -90.005163, 35.196166 ], [ -90.00493, 35.196431 ], [ -90.00472, 35.196707 ], [ -90.0047, 35.196735 ], [ -90.004644, 35.196818 ], [ -90.004138, 35.197568 ], [ -90.0041, 35.197625 ], [ -90.003988, 35.197799 ], [ -90.003952, 35.197861 ], [ -90.003514, 35.198309 ], [ -90.003326, 35.198472 ], [ -90.003075, 35.198647 ], [ -90.002913, 35.198745 ], [ -90.002891, 35.198756 ], [ -90.002322, 35.199051 ], [ -90.002291, 35.199068 ], [ -90.002136, 35.199157 ], [ -90.00197, 35.199253 ], [ -90.001936, 35.199281 ], [ -90.001806, 35.199391 ], [ -90.001671, 35.199545 ], [ -90.001592, 35.19967 ], [ -90.001535, 35.199787 ], [ -90.001519, 35.199834 ], [ -90.001444, 35.200057 ], [ -90.001386, 35.200242 ], [ -90.001247, 35.200694 ], [ -90.001203, 35.200797 ], [ -90.001129, 35.200977 ], [ -90.001102, 35.201022 ], [ -90.001025, 35.201156 ], [ -90.000909, 35.201369 ], [ -90.000737, 35.201637 ], [ -90.000348, 35.202258 ], [ -90.000108, 35.202863 ], [ -90.000028, 35.203084 ], [ -89.999879, 35.203392 ], [ -89.99978, 35.203568 ], [ -89.999611, 35.20378 ], [ -89.999409, 35.203982 ], [ -89.999131, 35.204214 ], [ -89.998869, 35.204412 ], [ -89.998644, 35.204575 ], [ -89.998336, 35.20474 ], [ -89.997992, 35.204873 ], [ -89.99772, 35.204952 ], [ -89.997429, 35.205022 ], [ -89.997225, 35.205075 ], [ -89.996965, 35.205134 ], [ -89.996733, 35.205204 ], [ -89.996515, 35.205283 ], [ -89.996326, 35.205373 ], [ -89.996009, 35.205562 ], [ -89.995904, 35.205636 ], [ -89.995487, 35.20594 ], [ -89.995149, 35.206189 ], [ -89.994921, 35.206387 ], [ -89.994722, 35.206593 ], [ -89.994513, 35.20693 ], [ -89.994407, 35.207179 ], [ -89.994331, 35.207427 ], [ -89.994305, 35.207593 ], [ -89.994281, 35.207774 ], [ -89.993615, 35.207736 ], [ -89.993422, 35.207715 ], [ -89.993151, 35.207638 ], [ -89.992913, 35.207535 ], [ -89.992754, 35.207442 ], [ -89.992544, 35.207279 ], [ -89.992167, 35.206951 ], [ -89.99199, 35.206814 ], [ -89.991844, 35.206728 ], [ -89.991667, 35.206638 ], [ -89.991455, 35.206561 ], [ -89.991276, 35.206515 ], [ -89.991205, 35.206504 ], [ -89.991069, 35.206488 ], [ -89.99028, 35.206465 ], [ -89.990278, 35.206711 ], [ -89.9902, 35.208296 ], [ -89.990197, 35.208359 ], [ -89.990142, 35.209617 ], [ -89.990112, 35.210093 ], [ -89.989647, 35.210081 ], [ -89.988252, 35.210046 ], [ -89.987788, 35.210035 ], [ -89.987199, 35.210019 ], [ -89.985434, 35.209974 ], [ -89.985262, 35.20997 ], [ -89.984846, 35.209954 ], [ -89.984874, 35.209505 ], [ -89.98488, 35.209418 ], [ -89.984949, 35.208331 ], [ -89.984936, 35.208204 ], [ -89.984923, 35.208164 ], [ -89.984902, 35.208098 ], [ -89.984823, 35.207964 ], [ -89.984674, 35.207797 ], [ -89.984547, 35.207877 ], [ -89.98439, 35.207953 ], [ -89.984151, 35.208028 ], [ -89.984107, 35.208042 ], [ -89.983839, 35.208082 ], [ -89.983548, 35.208094 ], [ -89.982431, 35.208093 ], [ -89.981857, 35.208093 ], [ -89.981232, 35.208093 ], [ -89.979552, 35.208093 ], [ -89.97936, 35.208092 ], [ -89.978737, 35.208092 ], [ -89.978125, 35.208092 ], [ -89.97629, 35.208094 ], [ -89.975803, 35.208095 ], [ -89.975679, 35.208093 ], [ -89.975644, 35.208289 ], [ -89.975612, 35.208479 ], [ -89.975606, 35.208885 ], [ -89.975604, 35.209085 ], [ -89.975601, 35.209285 ], [ -89.975601, 35.209343 ], [ -89.975597, 35.209885 ], [ -89.975596, 35.210086 ], [ -89.975595, 35.210234 ], [ -89.975591, 35.210681 ], [ -89.975591, 35.21083 ], [ -89.975589, 35.211016 ], [ -89.975583, 35.211573 ], [ -89.975582, 35.21176 ], [ -89.975579, 35.212147 ], [ -89.975569, 35.213311 ], [ -89.975567, 35.213699 ], [ -89.975567, 35.213956 ], [ -89.975561, 35.214605 ], [ -89.97556, 35.214803 ], [ -89.975556, 35.21536 ], [ -89.975553, 35.215816 ], [ -89.975542, 35.217323 ], [ -89.975536, 35.218182 ], [ -89.975536, 35.21823 ], [ -89.975532, 35.218805 ], [ -89.975523, 35.220189 ], [ -89.975533, 35.220532 ], [ -89.97555, 35.22104 ], [ -89.975553, 35.221108 ], [ -89.975315, 35.221149 ], [ -89.974945, 35.221172 ], [ -89.9748, 35.221182 ], [ -89.973495, 35.221243 ], [ -89.973113, 35.221255 ], [ -89.972502, 35.221275 ], [ -89.972166, 35.221285 ], [ -89.971965, 35.221291 ], [ -89.970693, 35.221332 ], [ -89.970357, 35.221318 ], [ -89.970214, 35.221313 ], [ -89.969825, 35.221262 ], [ -89.969568, 35.221228 ], [ -89.968962, 35.221148 ], [ -89.968798, 35.221132 ], [ -89.96866, 35.22112 ], [ -89.968541, 35.221114 ], [ -89.968446, 35.22111 ], [ -89.968322, 35.221106 ], [ -89.968161, 35.221108 ], [ -89.968066, 35.22111 ], [ -89.967912, 35.221113 ], [ -89.967814, 35.221076 ], [ -89.967526, 35.221086 ], [ -89.967357, 35.221093 ], [ -89.966534, 35.221097 ], [ -89.965887, 35.221069 ], [ -89.965725, 35.221062 ], [ -89.965379, 35.221043 ], [ -89.965342, 35.22104 ], [ -89.965623, 35.220156 ], [ -89.965862, 35.219408 ], [ -89.966141, 35.218536 ], [ -89.966438, 35.21768 ], [ -89.966486, 35.21751 ], [ -89.966627, 35.217022 ], [ -89.966699, 35.216609 ], [ -89.966753, 35.216313 ], [ -89.966802, 35.215802 ], [ -89.966807, 35.21576 ], [ -89.966753, 35.214623 ], [ -89.966616, 35.213371 ], [ -89.966528, 35.212563 ], [ -89.966229, 35.212528 ], [ -89.965332, 35.212425 ], [ -89.965034, 35.212391 ], [ -89.964877, 35.212386 ], [ -89.964406, 35.212374 ], [ -89.96425, 35.21237 ], [ -89.963816, 35.212355 ], [ -89.962517, 35.212312 ], [ -89.962168, 35.212301 ], [ -89.962084, 35.212298 ], [ -89.961579, 35.212282 ], [ -89.960376, 35.212244 ], [ -89.960228, 35.212241 ], [ -89.960066, 35.212238 ], [ -89.959562, 35.21223 ], [ -89.95929, 35.212222 ], [ -89.958474, 35.212198 ], [ -89.958202, 35.21219 ], [ -89.957973, 35.212183 ], [ -89.957288, 35.212165 ], [ -89.95706, 35.212159 ], [ -89.957067, 35.211933 ], [ -89.957086, 35.211395 ], [ -89.957117, 35.211261 ], [ -89.957137, 35.211182 ], [ -89.957188, 35.211048 ], [ -89.957436, 35.210595 ], [ -89.958181, 35.209236 ], [ -89.95843, 35.208784 ], [ -89.958549, 35.208562 ], [ -89.958907, 35.207898 ], [ -89.959027, 35.207677 ], [ -89.959146, 35.207462 ], [ -89.959183, 35.207398 ], [ -89.959496, 35.206815 ], [ -89.959585, 35.20665 ], [ -89.959613, 35.2066 ], [ -89.959661, 35.206513 ], [ -89.959806, 35.206252 ], [ -89.959855, 35.206166 ], [ -89.959984, 35.205932 ], [ -89.960038, 35.205836 ], [ -89.960099, 35.20567 ], [ -89.960186, 35.205294 ], [ -89.960199, 35.205168 ], [ -89.960228, 35.204903 ], [ -89.960288, 35.204544 ], [ -89.960315, 35.204386 ], [ -89.960305, 35.20411 ], [ -89.96025, 35.203844 ], [ -89.960142, 35.203478 ], [ -89.9601, 35.203332 ], [ -89.960051, 35.203127 ], [ -89.960038, 35.202477 ], [ -89.960034, 35.20224 ], [ -89.960003, 35.201957 ], [ -89.959911, 35.201548 ], [ -89.959626, 35.2008 ], [ -89.95957, 35.200599 ], [ -89.959568, 35.20059 ], [ -89.959542, 35.200324 ], [ -89.95955, 35.200022 ], [ -89.959554, 35.199951 ], [ -89.960178, 35.199999 ], [ -89.960455, 35.200019 ], [ -89.961661, 35.20011 ], [ -89.96316, 35.200215 ], [ -89.963299, 35.200225 ], [ -89.963799, 35.200237 ], [ -89.964064, 35.200233 ], [ -89.964289, 35.200228 ], [ -89.964338, 35.200228 ], [ -89.964965, 35.200188 ], [ -89.965018, 35.200185 ], [ -89.96519, 35.200172 ], [ -89.965135, 35.199653 ], [ -89.964972, 35.198099 ], [ -89.964918, 35.197581 ], [ -89.96477, 35.196292 ], [ -89.964512, 35.194021 ], [ -89.964357, 35.192422 ], [ -89.964304, 35.191869 ], [ -89.964271, 35.191531 ], [ -89.964235, 35.191165 ], [ -89.963266, 35.191114 ], [ -89.961362, 35.190996 ], [ -89.956581, 35.190703 ], [ -89.956409, 35.190692 ], [ -89.956288, 35.19069 ], [ -89.955948, 35.190661 ], [ -89.954913, 35.190602 ], [ -89.954171, 35.190552 ], [ -89.953142, 35.190491 ], [ -89.952339, 35.190439 ], [ -89.951522, 35.190393 ], [ -89.950739, 35.190347 ], [ -89.94889, 35.190217 ], [ -89.948351, 35.190185 ], [ -89.947101, 35.19014 ], [ -89.946119, 35.190122 ], [ -89.945218, 35.19012 ], [ -89.944756, 35.19013 ], [ -89.944735, 35.19013 ], [ -89.944711, 35.19013 ], [ -89.944629, 35.190132 ], [ -89.943052, 35.190185 ], [ -89.941881, 35.190263 ], [ -89.941167, 35.190335 ], [ -89.940976, 35.190563 ], [ -89.940868, 35.19075 ], [ -89.940822, 35.190862 ], [ -89.940732, 35.191056 ], [ -89.94057, 35.191319 ], [ -89.940501, 35.191381 ], [ -89.940416, 35.191436 ], [ -89.940235, 35.191536 ], [ -89.939991, 35.191664 ], [ -89.939635, 35.191814 ], [ -89.939462, 35.19186 ], [ -89.93778, 35.192928 ], [ -89.937181, 35.193291 ], [ -89.936595, 35.193646 ], [ -89.936316, 35.193847 ], [ -89.936268, 35.194091 ], [ -89.935175, 35.194708 ], [ -89.93517, 35.194727 ], [ -89.935083, 35.194864 ], [ -89.934961, 35.194979 ], [ -89.934934, 35.195029 ], [ -89.934882, 35.195072 ], [ -89.934685, 35.195196 ], [ -89.934499, 35.195156 ], [ -89.934454, 35.195146 ], [ -89.934247, 35.195087 ], [ -89.933996, 35.194836 ], [ -89.933918, 35.194502 ], [ -89.93393, 35.194149 ], [ -89.933978, 35.193778 ], [ -89.933882, 35.193533 ], [ -89.933506, 35.193348 ], [ -89.932776, 35.19324 ], [ -89.932089, 35.193216 ], [ -89.931671, 35.193324 ], [ -89.931348, 35.193515 ], [ -89.931007, 35.194065 ], [ -89.930929, 35.194484 ], [ -89.931091, 35.195213 ], [ -89.931324, 35.195739 ], [ -89.931647, 35.196116 ], [ -89.932121, 35.196412 ], [ -89.932763, 35.197415 ], [ -89.933238, 35.199485 ], [ -89.933034, 35.200028 ], [ -89.932356, 35.201182 ], [ -89.931575, 35.201657 ], [ -89.931207, 35.201723 ], [ -89.930082, 35.201928 ], [ -89.928046, 35.202471 ], [ -89.925875, 35.202552 ], [ -89.924823, 35.202369 ], [ -89.924241, 35.202413 ], [ -89.924161, 35.20242 ], [ -89.924021, 35.202354 ], [ -89.923968, 35.202335 ], [ -89.923898, 35.202313 ], [ -89.92374, 35.202265 ], [ -89.923678, 35.202247 ], [ -89.92293, 35.201916 ], [ -89.922662, 35.201798 ], [ -89.922635, 35.201856 ], [ -89.922575, 35.201983 ], [ -89.92254, 35.202055 ], [ -89.922175, 35.202827 ], [ -89.922054, 35.203085 ], [ -89.921704, 35.202971 ], [ -89.921293, 35.202839 ], [ -89.921092, 35.202757 ], [ -89.920763, 35.202587 ], [ -89.920692, 35.202541 ], [ -89.920598, 35.202481 ], [ -89.920391, 35.202331 ], [ -89.920229, 35.20221 ], [ -89.920006, 35.202056 ], [ -89.919754, 35.201881 ], [ -89.919271, 35.201605 ], [ -89.918821, 35.201395 ], [ -89.918767, 35.201373 ], [ -89.918441, 35.201244 ], [ -89.918327, 35.201204 ], [ -89.918023, 35.20111 ], [ -89.917893, 35.20107 ], [ -89.917553, 35.200983 ], [ -89.917097, 35.200897 ], [ -89.916944, 35.200869 ], [ -89.916784, 35.20085 ], [ -89.91664, 35.200838 ], [ -89.916211, 35.200802 ], [ -89.916068, 35.200791 ], [ -89.915337, 35.20075 ], [ -89.915186, 35.200742 ], [ -89.913263, 35.200638 ], [ -89.913145, 35.200647 ], [ -89.913016, 35.200657 ], [ -89.91284, 35.200705 ], [ -89.912689, 35.200776 ], [ -89.912471, 35.200903 ], [ -89.912356, 35.200776 ], [ -89.912125, 35.200565 ], [ -89.912069, 35.200514 ], [ -89.911934, 35.20041 ], [ -89.911685, 35.200223 ], [ -89.91133, 35.199999 ], [ -89.91095, 35.199802 ], [ -89.91091, 35.199782 ], [ -89.910478, 35.199567 ], [ -89.910274, 35.199466 ], [ -89.90899, 35.198831 ], [ -89.908944, 35.198811 ], [ -89.908806, 35.198753 ], [ -89.90876, 35.198734 ], [ -89.90865, 35.198688 ], [ -89.908531, 35.198638 ], [ -89.908316, 35.198569 ], [ -89.908204, 35.198533 ], [ -89.908139, 35.198515 ], [ -89.90803, 35.198487 ], [ -89.907945, 35.198466 ], [ -89.907881, 35.198451 ], [ -89.907798, 35.198431 ], [ -89.907382, 35.198359 ], [ -89.90735, 35.198356 ], [ -89.906857, 35.198316 ], [ -89.905854, 35.198279 ], [ -89.905738, 35.198263 ], [ -89.905417, 35.198222 ], [ -89.905206, 35.198182 ], [ -89.905052, 35.198139 ], [ -89.904798, 35.198069 ], [ -89.904596, 35.197999 ], [ -89.904446, 35.197947 ], [ -89.904096, 35.197799 ], [ -89.904033, 35.197764 ], [ -89.903813, 35.197644 ], [ -89.90358, 35.197499 ], [ -89.903298, 35.197296 ], [ -89.902991, 35.197029 ], [ -89.902938, 35.196976 ], [ -89.902872, 35.196911 ], [ -89.902618, 35.196658 ], [ -89.902408, 35.196454 ], [ -89.902065, 35.196178 ], [ -89.902037, 35.196159 ], [ -89.901941, 35.196094 ], [ -89.901891, 35.196065 ], [ -89.901507, 35.195829 ], [ -89.901248, 35.195711 ], [ -89.901111, 35.195649 ], [ -89.900683, 35.195479 ], [ -89.900455, 35.195396 ], [ -89.900398, 35.195376 ], [ -89.900189, 35.195298 ], [ -89.900074, 35.195253 ], [ -89.899733, 35.195121 ], [ -89.899619, 35.195077 ], [ -89.899175, 35.194915 ], [ -89.898785, 35.194767 ], [ -89.898341, 35.1946 ], [ -89.897916, 35.194418 ], [ -89.897452, 35.194205 ], [ -89.896351, 35.193681 ], [ -89.896239, 35.193628 ], [ -89.896031, 35.193529 ], [ -89.89568, 35.193366 ], [ -89.895643, 35.19335 ], [ -89.895546, 35.193307 ], [ -89.895115, 35.19311 ], [ -89.895042, 35.193075 ], [ -89.894846, 35.192982 ], [ -89.89421, 35.192679 ], [ -89.894084, 35.192617 ], [ -89.893706, 35.192432 ], [ -89.893129, 35.192099 ], [ -89.892808, 35.191891 ], [ -89.892679, 35.191807 ], [ -89.892192, 35.191429 ], [ -89.891935, 35.19122 ], [ -89.891839, 35.191143 ], [ -89.891177, 35.19058 ], [ -89.890926, 35.190366 ], [ -89.890743, 35.190213 ], [ -89.89072, 35.190194 ], [ -89.8902, 35.189751 ], [ -89.890019, 35.189597 ], [ -89.889179, 35.188884 ], [ -89.888109, 35.187978 ], [ -89.887814, 35.18773 ], [ -89.887729, 35.187657 ], [ -89.887189, 35.187203 ], [ -89.887157, 35.187176 ], [ -89.887125, 35.187148 ], [ -89.887049, 35.187083 ], [ -89.886618, 35.186711 ], [ -89.886475, 35.186588 ], [ -89.886319, 35.18647 ], [ -89.886189, 35.186372 ], [ -89.886046, 35.186272 ], [ -89.885922, 35.186185 ], [ -89.885669, 35.186019 ], [ -89.885167, 35.185736 ], [ -89.884699, 35.185512 ], [ -89.884656, 35.185494 ], [ -89.884164, 35.185293 ], [ -89.883456, 35.185074 ], [ -89.883323, 35.185044 ], [ -89.882962, 35.184963 ], [ -89.882542, 35.184888 ], [ -89.88187, 35.184811 ], [ -89.88089, 35.184747 ], [ -89.880715, 35.184734 ], [ -89.880692, 35.184733 ], [ -89.880393, 35.184706 ], [ -89.880186, 35.184678 ], [ -89.879849, 35.18461 ], [ -89.879476, 35.184522 ], [ -89.879335, 35.184489 ], [ -89.878889, 35.18434 ], [ -89.878387, 35.184157 ], [ -89.87829, 35.184122 ], [ -89.878028, 35.184027 ], [ -89.877574, 35.183863 ], [ -89.877111, 35.183696 ], [ -89.877043, 35.183673 ], [ -89.876963, 35.183646 ], [ -89.876618, 35.18353 ], [ -89.876345, 35.183456 ], [ -89.876199, 35.183421 ], [ -89.875973, 35.183368 ], [ -89.875728, 35.183325 ], [ -89.875661, 35.183313 ], [ -89.875463, 35.183278 ], [ -89.875397, 35.183267 ], [ -89.875339, 35.183257 ], [ -89.875166, 35.18323 ], [ -89.875109, 35.183221 ], [ -89.875027, 35.183208 ], [ -89.874771, 35.183164 ], [ -89.874548, 35.183127 ], [ -89.874224, 35.183085 ], [ -89.874001, 35.183065 ], [ -89.873889, 35.183055 ], [ -89.873751, 35.183044 ], [ -89.87341, 35.183015 ], [ -89.873144, 35.182996 ], [ -89.87298, 35.18298 ], [ -89.871694, 35.182857 ], [ -89.871423, 35.182832 ], [ -89.871266, 35.18282 ], [ -89.871103, 35.182818 ], [ -89.870906, 35.182799 ], [ -89.870602, 35.18277 ], [ -89.869831, 35.182673 ], [ -89.869776, 35.182667 ], [ -89.869475, 35.182619 ], [ -89.869443, 35.182614 ], [ -89.869348, 35.1826 ], [ -89.869317, 35.182596 ], [ -89.86907, 35.182556 ], [ -89.868329, 35.182438 ], [ -89.868083, 35.182399 ], [ -89.867964, 35.182376 ], [ -89.867599, 35.182305 ], [ -89.867491, 35.182286 ], [ -89.867174, 35.182231 ], [ -89.86686, 35.182178 ], [ -89.866222, 35.182073 ], [ -89.865905, 35.182022 ], [ -89.864668, 35.181822 ], [ -89.864383, 35.181773 ], [ -89.863292, 35.181592 ], [ -89.862717, 35.181491 ], [ -89.862609, 35.181474 ], [ -89.862485, 35.181456 ], [ -89.862342, 35.181433 ], [ -89.861765, 35.181335 ], [ -89.861083, 35.181219 ], [ -89.860329, 35.181069 ], [ -89.860043, 35.181001 ], [ -89.859953, 35.18098 ], [ -89.859494, 35.180804 ], [ -89.859288, 35.180721 ], [ -89.858673, 35.180474 ], [ -89.858468, 35.180392 ], [ -89.858376, 35.180354 ], [ -89.85803, 35.180224 ], [ -89.857839, 35.180153 ], [ -89.857618, 35.180099 ], [ -89.857359, 35.180063 ], [ -89.856646, 35.180021 ], [ -89.856332, 35.180003 ], [ -89.856178, 35.179995 ], [ -89.855861, 35.179985 ], [ -89.855598, 35.179977 ], [ -89.855109, 35.179979 ], [ -89.85491, 35.179988 ], [ -89.854594, 35.180004 ], [ -89.854182, 35.179996 ], [ -89.854014, 35.179989 ], [ -89.853204, 35.179959 ], [ -89.852354, 35.179928 ], [ -89.852278, 35.179924 ], [ -89.8517, 35.179898 ], [ -89.851647, 35.179894 ], [ -89.851481, 35.179872 ], [ -89.851339, 35.179854 ], [ -89.851041, 35.179792 ], [ -89.850834, 35.179739 ], [ -89.850621, 35.179685 ], [ -89.850428, 35.179628 ], [ -89.849979, 35.179497 ], [ -89.849856, 35.179447 ], [ -89.849671, 35.179373 ], [ -89.849549, 35.179307 ], [ -89.849186, 35.179112 ], [ -89.849065, 35.179047 ], [ -89.848967, 35.178995 ], [ -89.848637, 35.178795 ], [ -89.847842, 35.179432 ], [ -89.847768, 35.182687 ], [ -89.847748, 35.182893 ], [ -89.847736, 35.183569 ], [ -89.843764, 35.183158 ], [ -89.843734, 35.183575 ], [ -89.843724, 35.183641 ], [ -89.843708, 35.184991 ], [ -89.843673, 35.187189 ], [ -89.843509, 35.187896 ], [ -89.843016, 35.187896 ], [ -89.842809, 35.187894 ], [ -89.84269, 35.187893 ], [ -89.842188, 35.187888 ], [ -89.841982, 35.187887 ], [ -89.841856, 35.187885 ], [ -89.841786, 35.187884 ], [ -89.841199, 35.187875 ], [ -89.841004, 35.187873 ], [ -89.840811, 35.18787 ], [ -89.840233, 35.187864 ], [ -89.840041, 35.187862 ], [ -89.840002, 35.188294 ], [ -89.839888, 35.18959 ], [ -89.839856, 35.189962 ], [ -89.839856, 35.190023 ], [ -89.839118, 35.190004 ], [ -89.838891, 35.189998 ], [ -89.838128, 35.189979 ], [ -89.838051, 35.189978 ], [ -89.836908, 35.18994 ], [ -89.836422, 35.189924 ], [ -89.836281, 35.189925 ], [ -89.836171, 35.189926 ], [ -89.836219, 35.190985 ], [ -89.836337, 35.193577 ], [ -89.836363, 35.194164 ], [ -89.836411, 35.195224 ], [ -89.836228, 35.195223 ], [ -89.836138, 35.195168 ], [ -89.836121, 35.195168 ], [ -89.835656, 35.195173 ], [ -89.835207, 35.195167 ], [ -89.834903, 35.195163 ], [ -89.834822, 35.195162 ], [ -89.834581, 35.195159 ], [ -89.834501, 35.195158 ], [ -89.834202, 35.195152 ], [ -89.833643, 35.195143 ], [ -89.833307, 35.195116 ], [ -89.833236, 35.195111 ], [ -89.833093, 35.195169 ], [ -89.833021, 35.195163 ], [ -89.832767, 35.195142 ], [ -89.832384, 35.195098 ], [ -89.832335, 35.195092 ], [ -89.832286, 35.195086 ], [ -89.832208, 35.195077 ], [ -89.832145, 35.195069 ], [ -89.832083, 35.195062 ], [ -89.831265, 35.194967 ], [ -89.830956, 35.194942 ], [ -89.829975, 35.19491 ], [ -89.829901, 35.194909 ], [ -89.829838, 35.194852 ], [ -89.829681, 35.194849 ], [ -89.82954, 35.194847 ], [ -89.828733, 35.194834 ], [ -89.828418, 35.19483 ], [ -89.828385, 35.194829 ], [ -89.828287, 35.194827 ], [ -89.828255, 35.194827 ], [ -89.828024, 35.194823 ], [ -89.827333, 35.194811 ], [ -89.827103, 35.194808 ], [ -89.826837, 35.194804 ], [ -89.826609, 35.194799 ], [ -89.825128, 35.194771 ], [ -89.824635, 35.194762 ], [ -89.824038, 35.194752 ], [ -89.823295, 35.194741 ], [ -89.822248, 35.194723 ], [ -89.82217, 35.194722 ], [ -89.821652, 35.194714 ], [ -89.820977, 35.194702 ], [ -89.818955, 35.194669 ], [ -89.818656, 35.194665 ], [ -89.818282, 35.194644 ], [ -89.817788, 35.194577 ], [ -89.817627, 35.19454 ], [ -89.816311, 35.194237 ], [ -89.816021, 35.194189 ], [ -89.815678, 35.194152 ], [ -89.815194, 35.194101 ], [ -89.815101, 35.194148 ], [ -89.815029, 35.194142 ], [ -89.81503, 35.194119 ], [ -89.815031, 35.194084 ], [ -89.815039, 35.193873 ], [ -89.815045, 35.193466 ], [ -89.815045, 35.193322 ], [ -89.815045, 35.192723 ], [ -89.815006, 35.192145 ], [ -89.814907, 35.191464 ], [ -89.814783, 35.190897 ], [ -89.814779, 35.190885 ], [ -89.814558, 35.190096 ], [ -89.814554, 35.190081 ], [ -89.814518, 35.189948 ], [ -89.814399, 35.189505 ], [ -89.81436, 35.189358 ], [ -89.814228, 35.188866 ], [ -89.814203, 35.188774 ], [ -89.814035, 35.18882 ], [ -89.813837, 35.188869 ], [ -89.813415, 35.188938 ], [ -89.813214, 35.188952 ], [ -89.811637, 35.188859 ], [ -89.811504, 35.188851 ], [ -89.810862, 35.188798 ], [ -89.81083, 35.188936 ], [ -89.810814, 35.189189 ], [ -89.810818, 35.1893 ], [ -89.810821, 35.189382 ], [ -89.810827, 35.18942 ], [ -89.810885, 35.18978 ], [ -89.810905, 35.1899 ], [ -89.810451, 35.189885 ], [ -89.810236, 35.189879 ], [ -89.809095, 35.189796 ], [ -89.809012, 35.189791 ], [ -89.808818, 35.189791 ], [ -89.808644, 35.189816 ], [ -89.808443, 35.189846 ], [ -89.808269, 35.18983 ], [ -89.80777, 35.189881 ], [ -89.807634, 35.189896 ], [ -89.805794, 35.189994 ], [ -89.805519, 35.190033 ], [ -89.80514, 35.190037 ], [ -89.805125, 35.190038 ], [ -89.80475, 35.189956 ], [ -89.804313, 35.189759 ], [ -89.80429, 35.189769 ], [ -89.804005, 35.189897 ], [ -89.803083, 35.190312 ], [ -89.802977, 35.190361 ], [ -89.802776, 35.190451 ], [ -89.802767, 35.190233 ], [ -89.804007, 35.189677 ], [ -89.80407, 35.189649 ], [ -89.803485, 35.189385 ], [ -89.802923, 35.189126 ], [ -89.80287, 35.189022 ], [ -89.802857, 35.188946 ], [ -89.802823, 35.188731 ], [ -89.802689, 35.188506 ], [ -89.802402, 35.188248 ], [ -89.802181, 35.188094 ], [ -89.80192, 35.18794 ], [ -89.801672, 35.18766 ], [ -89.801325, 35.187457 ], [ -89.800863, 35.187133 ], [ -89.800281, 35.186583 ], [ -89.800027, 35.186408 ], [ -89.799779, 35.1861 ], [ -89.799592, 35.185809 ], [ -89.799385, 35.185595 ], [ -89.799196, 35.185454 ], [ -89.799023, 35.185325 ], [ -89.798575, 35.185001 ], [ -89.798234, 35.184853 ], [ -89.797779, 35.184677 ], [ -89.797694, 35.184642 ], [ -89.797204, 35.184441 ], [ -89.796742, 35.184282 ], [ -89.796687, 35.184259 ], [ -89.795786, 35.183881 ], [ -89.795277, 35.183727 ], [ -89.795016, 35.183633 ], [ -89.794822, 35.183518 ], [ -89.794702, 35.183425 ], [ -89.794441, 35.183315 ], [ -89.794247, 35.183122 ], [ -89.794073, 35.182837 ], [ -89.793977, 35.182689 ], [ -89.793866, 35.182518 ], [ -89.793595, 35.18184 ], [ -89.793542, 35.181708 ], [ -89.793442, 35.181769 ], [ -89.79331, 35.181849 ], [ -89.793132, 35.181839 ], [ -89.792908, 35.181838 ], [ -89.792829, 35.181837 ], [ -89.792727, 35.181835 ], [ -89.791669, 35.181817 ], [ -89.791298, 35.181811 ], [ -89.790923, 35.181805 ], [ -89.789962, 35.181786 ], [ -89.789325, 35.181776 ], [ -89.788496, 35.181758 ], [ -89.788031, 35.181749 ], [ -89.787752, 35.181729 ], [ -89.787442, 35.181688 ], [ -89.787299, 35.181661 ], [ -89.787158, 35.181636 ], [ -89.786877, 35.181562 ], [ -89.786737, 35.181526 ], [ -89.786649, 35.181499 ], [ -89.786291, 35.181369 ], [ -89.786241, 35.181351 ], [ -89.785883, 35.181186 ], [ -89.785582, 35.181013 ], [ -89.785457, 35.180942 ], [ -89.78506, 35.180671 ], [ -89.78467, 35.180405 ], [ -89.784524, 35.180303 ], [ -89.784463, 35.180265 ], [ -89.784275, 35.180147 ], [ -89.783997, 35.179999 ], [ -89.783805, 35.179914 ], [ -89.783639, 35.179842 ], [ -89.783577, 35.179815 ], [ -89.783513, 35.179788 ], [ -89.783216, 35.179688 ], [ -89.783136, 35.179666 ], [ -89.782739, 35.17956 ], [ -89.782454, 35.179508 ], [ -89.782141, 35.179466 ], [ -89.781797, 35.17944 ], [ -89.781763, 35.179439 ], [ -89.781542, 35.179436 ], [ -89.781299, 35.179442 ], [ -89.780779, 35.179468 ], [ -89.780348, 35.179491 ], [ -89.780163, 35.1795 ], [ -89.779561, 35.179501 ], [ -89.779213, 35.179478 ], [ -89.778706, 35.179416 ], [ -89.778653, 35.179409 ], [ -89.778503, 35.179381 ], [ -89.778237, 35.179332 ], [ -89.777983, 35.179271 ], [ -89.7779, 35.179248 ], [ -89.777825, 35.179229 ], [ -89.777701, 35.179197 ], [ -89.777635, 35.179175 ], [ -89.777468, 35.17912 ], [ -89.776999, 35.178935 ], [ -89.776924, 35.178906 ], [ -89.776634, 35.178767 ], [ -89.775506, 35.178181 ], [ -89.775231, 35.178048 ], [ -89.775204, 35.178035 ], [ -89.774986, 35.177944 ], [ -89.774953, 35.17793 ], [ -89.774758, 35.177853 ], [ -89.774543, 35.177781 ], [ -89.774278, 35.177707 ], [ -89.773961, 35.177627 ], [ -89.773334, 35.177469 ], [ -89.773006, 35.177402 ], [ -89.772744, 35.177349 ], [ -89.772686, 35.177339 ], [ -89.772584, 35.177342 ], [ -89.772556, 35.177335 ], [ -89.772248, 35.17726 ], [ -89.772177, 35.177241 ], [ -89.77215, 35.177235 ], [ -89.772051, 35.177209 ], [ -89.77202, 35.177201 ], [ -89.771928, 35.177177 ], [ -89.771898, 35.17717 ], [ -89.771565, 35.177085 ], [ -89.771483, 35.177065 ], [ -89.7712, 35.176965 ], [ -89.770856, 35.17681 ], [ -89.770627, 35.176674 ], [ -89.770526, 35.176615 ], [ -89.770346, 35.17648 ], [ -89.770055, 35.176237 ], [ -89.76989, 35.176086 ], [ -89.768926, 35.175203 ], [ -89.768644, 35.174987 ], [ -89.768523, 35.17491 ], [ -89.768427, 35.174849 ], [ -89.768155, 35.174708 ], [ -89.767987, 35.174639 ], [ -89.767786, 35.174561 ], [ -89.767704, 35.174536 ], [ -89.767488, 35.174471 ], [ -89.767138, 35.174397 ], [ -89.766841, 35.174359 ], [ -89.76682, 35.174357 ], [ -89.76652, 35.174331 ], [ -89.766315, 35.174315 ], [ -89.766205, 35.174312 ], [ -89.765853, 35.174305 ], [ -89.765627, 35.174319 ], [ -89.765337, 35.174357 ], [ -89.765265, 35.174371 ], [ -89.765132, 35.174398 ], [ -89.76496, 35.174448 ], [ -89.764756, 35.174513 ], [ -89.76473, 35.174522 ], [ -89.76458, 35.174581 ], [ -89.764248, 35.174743 ], [ -89.764177, 35.174784 ], [ -89.764122, 35.174817 ], [ -89.764, 35.174902 ], [ -89.763801, 35.175056 ], [ -89.763696, 35.175139 ], [ -89.763227, 35.175545 ], [ -89.763037, 35.17571 ], [ -89.762894, 35.175832 ], [ -89.762467, 35.176199 ], [ -89.762379, 35.176276 ], [ -89.762322, 35.176318 ], [ -89.76218, 35.176418 ], [ -89.762123, 35.17646 ], [ -89.761912, 35.176595 ], [ -89.761736, 35.176691 ], [ -89.761584, 35.176775 ], [ -89.761455, 35.176843 ], [ -89.761218, 35.17695 ], [ -89.761072, 35.177005 ], [ -89.760813, 35.177103 ], [ -89.760537, 35.177191 ], [ -89.760217, 35.17727 ], [ -89.759816, 35.177341 ], [ -89.759528, 35.177377 ], [ -89.759436, 35.177384 ], [ -89.759261, 35.177398 ], [ -89.758876, 35.177413 ], [ -89.758416, 35.177413 ], [ -89.758239, 35.177413 ], [ -89.757039, 35.177381 ], [ -89.756838, 35.177376 ], [ -89.75658, 35.177377 ], [ -89.756592, 35.177469 ], [ -89.756588, 35.177893 ], [ -89.756566, 35.178343 ], [ -89.75652, 35.17879 ], [ -89.756464, 35.179066 ], [ -89.756424, 35.179213 ], [ -89.756417, 35.179236 ], [ -89.756404, 35.179281 ], [ -89.756252, 35.179835 ], [ -89.756221, 35.180032 ], [ -89.756204, 35.180229 ], [ -89.756184, 35.180418 ], [ -89.756151, 35.180905 ], [ -89.756123, 35.181394 ], [ -89.756098, 35.181857 ], [ -89.756084, 35.182111 ], [ -89.75611, 35.18274 ], [ -89.756104, 35.182942 ], [ -89.751144, 35.182972 ], [ -89.737129, 35.183068 ], [ -89.735386, 35.184922 ], [ -89.73405, 35.186341 ], [ -89.733992, 35.186307 ], [ -89.733892, 35.186249 ], [ -89.733421, 35.185976 ], [ -89.733264, 35.185885 ], [ -89.733136, 35.185811 ], [ -89.732752, 35.185589 ], [ -89.732625, 35.185515 ], [ -89.732422, 35.185396 ], [ -89.732343, 35.185349 ], [ -89.732177, 35.185256 ], [ -89.732011, 35.185162 ], [ -89.731811, 35.185048 ], [ -89.731608, 35.184932 ], [ -89.731647, 35.184872 ], [ -89.731766, 35.184695 ], [ -89.731806, 35.184636 ], [ -89.731877, 35.184531 ], [ -89.732095, 35.184156 ], [ -89.732348, 35.18367 ], [ -89.732449, 35.183441 ], [ -89.732458, 35.183423 ], [ -89.732634, 35.182977 ], [ -89.732803, 35.18248 ], [ -89.732822, 35.18241 ], [ -89.732932, 35.182005 ], [ -89.733032, 35.181501 ], [ -89.733122, 35.180885 ], [ -89.733209, 35.180291 ], [ -89.733329, 35.179479 ], [ -89.733523, 35.178169 ], [ -89.733528, 35.178136 ], [ -89.732504, 35.17884 ], [ -89.731949, 35.179212 ], [ -89.73094, 35.179889 ], [ -89.730324, 35.180318 ], [ -89.729488, 35.180873 ], [ -89.728579, 35.181489 ], [ -89.728224, 35.181703 ], [ -89.727529, 35.182165 ], [ -89.727382, 35.182324 ], [ -89.727302, 35.182363 ], [ -89.727209, 35.182424 ], [ -89.727128, 35.182478 ], [ -89.72682, 35.18267 ], [ -89.726485, 35.182841 ], [ -89.725857, 35.183324 ], [ -89.725649, 35.183169 ], [ -89.725659, 35.183079 ], [ -89.725787, 35.181919 ], [ -89.72583, 35.181533 ], [ -89.725853, 35.181357 ], [ -89.725951, 35.180394 ], [ -89.726028, 35.179242 ], [ -89.726028, 35.178933 ], [ -89.725885, 35.177963 ], [ -89.725869, 35.177851 ], [ -89.725772, 35.177049 ], [ -89.725726, 35.17671 ], [ -89.725698, 35.176531 ], [ -89.725623, 35.176177 ], [ -89.725532, 35.175864 ], [ -89.725475, 35.175692 ], [ -89.725422, 35.175542 ], [ -89.725298, 35.175243 ], [ -89.72527, 35.175202 ], [ -89.725173, 35.175054 ], [ -89.725008, 35.174879 ], [ -89.724841, 35.174759 ], [ -89.724118, 35.174307 ], [ -89.723766, 35.174119 ], [ -89.723461, 35.173998 ], [ -89.723112, 35.173895 ], [ -89.722485, 35.173763 ], [ -89.722258, 35.173695 ], [ -89.721958, 35.17357 ], [ -89.721819, 35.173501 ], [ -89.721618, 35.173373 ], [ -89.721415, 35.173212 ], [ -89.721285, 35.173078 ], [ -89.721142, 35.172895 ], [ -89.720975, 35.172599 ], [ -89.7209, 35.172467 ], [ -89.720792, 35.172297 ], [ -89.72075, 35.172232 ], [ -89.720575, 35.172027 ], [ -89.72054, 35.171988 ], [ -89.720207, 35.171634 ], [ -89.720031, 35.171478 ], [ -89.719838, 35.171346 ], [ -89.719611, 35.171229 ], [ -89.719396, 35.171152 ], [ -89.719182, 35.171124 ], [ -89.718975, 35.171132 ], [ -89.717931, 35.171285 ], [ -89.717877, 35.171294 ], [ -89.717807, 35.171303 ], [ -89.717508, 35.171318 ], [ -89.716086, 35.171208 ], [ -89.715936, 35.171185 ], [ -89.715781, 35.171133 ], [ -89.715501, 35.170988 ], [ -89.715301, 35.170859 ], [ -89.714732, 35.170421 ], [ -89.714191, 35.170011 ], [ -89.713579, 35.169591 ], [ -89.713165, 35.169296 ], [ -89.713027, 35.169171 ], [ -89.71284, 35.168968 ], [ -89.712524, 35.168528 ], [ -89.712225, 35.168066 ], [ -89.712187, 35.168007 ], [ -89.712128, 35.167916 ], [ -89.712052, 35.167789 ], [ -89.712004, 35.167709 ], [ -89.711447, 35.166776 ], [ -89.711366, 35.166641 ], [ -89.711266, 35.166473 ], [ -89.711015, 35.166031 ], [ -89.710978, 35.165966 ], [ -89.710942, 35.165893 ], [ -89.710887, 35.165772 ], [ -89.710808, 35.165501 ], [ -89.710789, 35.165389 ], [ -89.710775, 35.164974 ], [ -89.710777, 35.16491 ], [ -89.710793, 35.164519 ], [ -89.710797, 35.164427 ], [ -89.710819, 35.163917 ], [ -89.710822, 35.163837 ], [ -89.710824, 35.163793 ], [ -89.710827, 35.163725 ], [ -89.71085, 35.163086 ], [ -89.71088, 35.162329 ], [ -89.710926, 35.161482 ], [ -89.71093, 35.161291 ], [ -89.710917, 35.161077 ], [ -89.710877, 35.160861 ], [ -89.7108, 35.160644 ], [ -89.710679, 35.160431 ], [ -89.710546, 35.160259 ], [ -89.710224, 35.159942 ], [ -89.71002, 35.159709 ], [ -89.709901, 35.15951 ], [ -89.709858, 35.159389 ], [ -89.709832, 35.159315 ], [ -89.709741, 35.158839 ], [ -89.709965, 35.159009 ], [ -89.71028, 35.159218 ], [ -89.710388, 35.159269 ], [ -89.71045, 35.159299 ], [ -89.710641, 35.159346 ], [ -89.710896, 35.159362 ], [ -89.712715, 35.159312 ], [ -89.713495, 35.159292 ], [ -89.714138, 35.159277 ], [ -89.714503, 35.159269 ], [ -89.714523, 35.159269 ], [ -89.715447, 35.159254 ], [ -89.715937, 35.159265 ], [ -89.716069, 35.159277 ], [ -89.716254, 35.159296 ], [ -89.716702, 35.159395 ], [ -89.716969, 35.159482 ], [ -89.717057, 35.159511 ], [ -89.71733, 35.159601 ], [ -89.717778, 35.15973 ], [ -89.717819, 35.159742 ], [ -89.718052, 35.159796 ], [ -89.718158, 35.159814 ], [ -89.718301, 35.15984 ], [ -89.71844, 35.159853 ], [ -89.718478, 35.159856 ], [ -89.718586, 35.159867 ], [ -89.718721, 35.15988 ], [ -89.718847, 35.159883 ], [ -89.719404, 35.159898 ], [ -89.719632, 35.159903 ], [ -89.719894, 35.159909 ], [ -89.720257, 35.159918 ], [ -89.720927, 35.159937 ], [ -89.721042, 35.159938 ], [ -89.721142, 35.15994 ], [ -89.721418, 35.159944 ], [ -89.721629, 35.159948 ], [ -89.721821, 35.159949 ], [ -89.722369, 35.159958 ], [ -89.722671, 35.159964 ], [ -89.722737, 35.159966 ], [ -89.722951, 35.159971 ], [ -89.723163, 35.159977 ], [ -89.723934, 35.159998 ], [ -89.725991, 35.160056 ], [ -89.726552, 35.160072 ], [ -89.727096, 35.160081 ], [ -89.727516, 35.160088 ], [ -89.727513, 35.159705 ], [ -89.727511, 35.1594 ], [ -89.7275, 35.158819 ], [ -89.727479, 35.157724 ], [ -89.727477, 35.157605 ], [ -89.727476, 35.157388 ], [ -89.727475, 35.157121 ], [ -89.727472, 35.156479 ], [ -89.72747, 35.155849 ], [ -89.727503, 35.155015 ], [ -89.727555, 35.153748 ], [ -89.727723, 35.153741 ], [ -89.728016, 35.153751 ], [ -89.728269, 35.153781 ], [ -89.728368, 35.153802 ], [ -89.728616, 35.153893 ], [ -89.728645, 35.153904 ], [ -89.729114, 35.154141 ], [ -89.729262, 35.154211 ], [ -89.730214, 35.154682 ], [ -89.730475, 35.154777 ], [ -89.730623, 35.154809 ], [ -89.730881, 35.154826 ], [ -89.731622, 35.154797 ], [ -89.731658, 35.154793 ], [ -89.73214, 35.154751 ], [ -89.732559, 35.154746 ], [ -89.732738, 35.154762 ], [ -89.732776, 35.15397 ], [ -89.732817, 35.153157 ], [ -89.732884, 35.152935 ], [ -89.732986, 35.152678 ], [ -89.73301, 35.152617 ], [ -89.733043, 35.152548 ], [ -89.733084, 35.152463 ], [ -89.733359, 35.151889 ], [ -89.733431, 35.151721 ], [ -89.733483, 35.151602 ], [ -89.733768, 35.151022 ], [ -89.733775, 35.151007 ], [ -89.733855, 35.15085 ], [ -89.733903, 35.150739 ], [ -89.734013, 35.150492 ], [ -89.73405, 35.150341 ], [ -89.734078, 35.150064 ], [ -89.734085, 35.149876 ], [ -89.734098, 35.149579 ], [ -89.734656, 35.14959 ], [ -89.735456, 35.149605 ], [ -89.735556, 35.149607 ], [ -89.736096, 35.149612 ], [ -89.736107, 35.148832 ], [ -89.736169, 35.147404 ], [ -89.736608, 35.135034 ], [ -89.736561, 35.135039 ], [ -89.736581, 35.133793 ], [ -89.736609, 35.132498 ], [ -89.736651, 35.130676 ], [ -89.736653, 35.130467 ], [ -89.736664, 35.130381 ], [ -89.736755, 35.129983 ], [ -89.736844, 35.129597 ], [ -89.73726, 35.129636 ], [ -89.737605, 35.129636 ], [ -89.738316, 35.129572 ], [ -89.738333, 35.12957 ], [ -89.73832, 35.129716 ], [ -89.738314, 35.129947 ], [ -89.738234, 35.130457 ], [ -89.7382, 35.130639 ], [ -89.738254, 35.130809 ], [ -89.738267, 35.130968 ], [ -89.738509, 35.131545 ], [ -89.738562, 35.131853 ], [ -89.738643, 35.132424 ], [ -89.738676, 35.132698 ], [ -89.73873, 35.132907 ], [ -89.738984, 35.133412 ], [ -89.739145, 35.133681 ], [ -89.739587, 35.135137 ], [ -89.739874, 35.136252 ], [ -89.739963, 35.136598 ], [ -89.74011, 35.137416 ], [ -89.740318, 35.138004 ], [ -89.740733, 35.13902 ], [ -89.740961, 35.139673 ], [ -89.741075, 35.140096 ], [ -89.741135, 35.140415 ], [ -89.741182, 35.140546 ], [ -89.741216, 35.140651 ], [ -89.741296, 35.141128 ], [ -89.741377, 35.141365 ], [ -89.741464, 35.141529 ], [ -89.741591, 35.142139 ], [ -89.741765, 35.142529 ], [ -89.742187, 35.143704 ], [ -89.742382, 35.144325 ], [ -89.742469, 35.144671 ], [ -89.742543, 35.144836 ], [ -89.742583, 35.144962 ], [ -89.742576, 35.145011 ], [ -89.742623, 35.145088 ], [ -89.74263, 35.145346 ], [ -89.742623, 35.145429 ], [ -89.742757, 35.145852 ], [ -89.742831, 35.14667 ], [ -89.742832, 35.147104 ], [ -89.742939, 35.148005 ], [ -89.742939, 35.148345 ], [ -89.743013, 35.148653 ], [ -89.74302, 35.148955 ], [ -89.743, 35.149065 ], [ -89.742967, 35.149554 ], [ -89.742987, 35.149812 ], [ -89.743009, 35.149904 ], [ -89.743068, 35.150152 ], [ -89.743162, 35.150817 ], [ -89.743169, 35.151097 ], [ -89.74321, 35.152086 ], [ -89.743257, 35.1528 ], [ -89.743317, 35.153135 ], [ -89.743337, 35.153382 ], [ -89.755192, 35.153482 ], [ -89.755288, 35.153727 ], [ -89.756211, 35.153756 ], [ -89.757651, 35.151986 ], [ -89.757959, 35.151608 ], [ -89.758113, 35.151422 ], [ -89.758131, 35.15145 ], [ -89.758299, 35.151712 ], [ -89.758532, 35.152035 ], [ -89.758666, 35.152185 ], [ -89.758829, 35.15234 ], [ -89.758886, 35.152393 ], [ -89.758986, 35.15248 ], [ -89.759296, 35.152738 ], [ -89.759393, 35.152813 ], [ -89.75945, 35.152857 ], [ -89.759483, 35.152879 ], [ -89.759537, 35.15375 ], [ -89.759629, 35.155236 ], [ -89.759652, 35.155617 ], [ -89.759675, 35.155982 ], [ -89.75973, 35.156861 ], [ -89.759756, 35.157273 ], [ -89.759763, 35.157378 ], [ -89.760098, 35.157375 ], [ -89.761305, 35.157359 ], [ -89.761523, 35.159012 ], [ -89.761573, 35.159395 ], [ -89.761584, 35.159477 ], [ -89.761589, 35.159517 ], [ -89.761607, 35.159652 ], [ -89.761615, 35.159715 ], [ -89.761628, 35.159816 ], [ -89.761842, 35.159756 ], [ -89.762104, 35.159682 ], [ -89.762691, 35.159517 ], [ -89.763353, 35.159326 ], [ -89.765028, 35.158844 ], [ -89.767, 35.158297 ], [ -89.768773, 35.15777 ], [ -89.770576, 35.157236 ], [ -89.771367, 35.157003 ], [ -89.771348, 35.156928 ], [ -89.771309, 35.156787 ], [ -89.771309, 35.15671 ], [ -89.771317, 35.156041 ], [ -89.77132, 35.155819 ], [ -89.771323, 35.155607 ], [ -89.771334, 35.154974 ], [ -89.771338, 35.154764 ], [ -89.771341, 35.154612 ], [ -89.771352, 35.15416 ], [ -89.771356, 35.154009 ], [ -89.771363, 35.153707 ], [ -89.771368, 35.153517 ], [ -89.771379, 35.152802 ], [ -89.771385, 35.152501 ], [ -89.771396, 35.151952 ], [ -89.771433, 35.150307 ], [ -89.771446, 35.149759 ], [ -89.770348, 35.14974 ], [ -89.769441, 35.149726 ], [ -89.768091, 35.149685 ], [ -89.768013, 35.149683 ], [ -89.767897, 35.149661 ], [ -89.767815, 35.149625 ], [ -89.767749, 35.149561 ], [ -89.767708, 35.149458 ], [ -89.76773, 35.148963 ], [ -89.767731, 35.148912 ], [ -89.767753, 35.147992 ], [ -89.767758, 35.147815 ], [ -89.767766, 35.147583 ], [ -89.767772, 35.147359 ], [ -89.767783, 35.146991 ], [ -89.7678, 35.146267 ], [ -89.767805, 35.146024 ], [ -89.767805, 35.145991 ], [ -89.76781, 35.145764 ], [ -89.767814, 35.145535 ], [ -89.767823, 35.145018 ], [ -89.767826, 35.144877 ], [ -89.767826, 35.144816 ], [ -89.767832, 35.144397 ], [ -89.767852, 35.143416 ], [ -89.767874, 35.142662 ], [ -89.767883, 35.142355 ], [ -89.767921, 35.142268 ], [ -89.76798, 35.142217 ], [ -89.768063, 35.142187 ], [ -89.768211, 35.142166 ], [ -89.768389, 35.142166 ], [ -89.768479, 35.142167 ], [ -89.768806, 35.142168 ], [ -89.768923, 35.142175 ], [ -89.769101, 35.142187 ], [ -89.769397, 35.142201 ], [ -89.769503, 35.142207 ], [ -89.770025, 35.142262 ], [ -89.770283, 35.142299 ], [ -89.770578, 35.142342 ], [ -89.771405, 35.142461 ], [ -89.771485, 35.142471 ], [ -89.772213, 35.14257 ], [ -89.772573, 35.142604 ], [ -89.772982, 35.142619 ], [ -89.774225, 35.142572 ], [ -89.775142, 35.142539 ], [ -89.775551, 35.142517 ], [ -89.776277, 35.142519 ], [ -89.776742, 35.142521 ], [ -89.776798, 35.142522 ], [ -89.777705, 35.142538 ], [ -89.778928, 35.142546 ], [ -89.779686, 35.142531 ], [ -89.78, 35.142525 ], [ -89.780822, 35.142503 ], [ -89.781028, 35.142497 ], [ -89.781491, 35.142498 ], [ -89.781985, 35.1425 ], [ -89.782459, 35.142503 ], [ -89.783353, 35.142506 ], [ -89.7835, 35.14251 ], [ -89.783855, 35.14252 ], [ -89.783957, 35.142461 ], [ -89.784154, 35.142464 ], [ -89.78426, 35.142472 ], [ -89.784661, 35.142477 ], [ -89.786183, 35.142498 ], [ -89.786691, 35.142506 ], [ -89.786855, 35.142508 ], [ -89.788136, 35.142524 ], [ -89.78863, 35.142494 ], [ -89.789154, 35.142417 ], [ -89.789423, 35.142366 ], [ -89.789974, 35.142259 ], [ -89.790344, 35.142188 ], [ -89.790785, 35.14214 ], [ -89.791256, 35.142124 ], [ -89.791382, 35.142124 ], [ -89.79185, 35.142123 ], [ -89.792064, 35.142118 ], [ -89.792127, 35.142137 ], [ -89.792796, 35.142152 ], [ -89.793434, 35.142167 ], [ -89.794363, 35.142164 ], [ -89.794806, 35.142164 ], [ -89.795476, 35.142164 ], [ -89.795476, 35.142308 ], [ -89.795605, 35.142308 ], [ -89.795679, 35.142302 ], [ -89.795625, 35.143662 ], [ -89.795619, 35.143769 ], [ -89.795587, 35.144836 ], [ -89.795528, 35.146816 ], [ -89.795522, 35.146984 ], [ -89.795482, 35.148375 ], [ -89.795459, 35.149198 ], [ -89.795423, 35.15033 ], [ -89.795419, 35.150531 ], [ -89.795404, 35.151135 ], [ -89.795372, 35.152343 ], [ -89.795363, 35.152624 ], [ -89.795349, 35.152951 ], [ -89.795348, 35.153531 ], [ -89.795374, 35.153972 ], [ -89.79565, 35.153968 ], [ -89.795767, 35.153967 ], [ -89.795807, 35.153967 ], [ -89.795937, 35.153969 ], [ -89.79645, 35.153978 ], [ -89.796621, 35.153982 ], [ -89.796939, 35.153992 ], [ -89.797206, 35.153984 ], [ -89.797243, 35.153984 ], [ -89.798878, 35.153984 ], [ -89.798963, 35.153985 ], [ -89.799549, 35.153997 ], [ -89.799847, 35.15404 ], [ -89.799863, 35.154043 ], [ -89.800068, 35.154102 ], [ -89.80028, 35.154188 ], [ -89.800424, 35.154262 ], [ -89.800571, 35.154353 ], [ -89.800657, 35.154426 ], [ -89.800766, 35.154519 ], [ -89.800878, 35.154632 ], [ -89.800996, 35.154782 ], [ -89.801053, 35.15488 ], [ -89.801221, 35.155311 ], [ -89.801291, 35.15549 ], [ -89.801513, 35.155461 ], [ -89.801594, 35.155451 ], [ -89.801972, 35.155429 ], [ -89.802144, 35.155426 ], [ -89.802185, 35.155427 ], [ -89.80241, 35.155437 ], [ -89.802595, 35.155443 ], [ -89.803147, 35.155462 ], [ -89.803339, 35.155469 ], [ -89.803584, 35.155472 ], [ -89.803655, 35.155474 ], [ -89.803997, 35.155468 ], [ -89.804087, 35.155471 ], [ -89.80432, 35.155479 ], [ -89.804429, 35.155484 ], [ -89.804566, 35.15549 ], [ -89.804631, 35.155493 ], [ -89.804672, 35.155495 ], [ -89.804827, 35.155511 ], [ -89.804893, 35.155519 ], [ -89.805154, 35.155564 ], [ -89.805208, 35.155574 ], [ -89.805573, 35.155651 ], [ -89.805773, 35.155705 ], [ -89.805924, 35.155757 ], [ -89.806175, 35.155844 ], [ -89.806238, 35.155872 ], [ -89.806344, 35.15592 ], [ -89.806426, 35.155964 ], [ -89.806488, 35.155998 ], [ -89.806571, 35.155901 ], [ -89.806613, 35.155853 ], [ -89.806701, 35.155775 ], [ -89.806871, 35.155667 ], [ -89.80698, 35.155599 ], [ -89.807024, 35.155582 ], [ -89.807072, 35.155562 ], [ -89.807111, 35.155549 ], [ -89.807239, 35.155508 ], [ -89.807275, 35.155496 ], [ -89.807325, 35.155486 ], [ -89.807412, 35.155469 ], [ -89.807431, 35.155467 ], [ -89.807519, 35.155459 ], [ -89.80756, 35.155456 ], [ -89.80766, 35.155456 ], [ -89.807718, 35.155456 ], [ -89.807775, 35.155459 ], [ -89.808098, 35.155474 ], [ -89.809415, 35.155537 ], [ -89.809854, 35.155558 ], [ -89.810289, 35.155579 ], [ -89.810847, 35.155607 ], [ -89.811126, 35.15561 ], [ -89.811594, 35.15558 ], [ -89.811673, 35.155576 ], [ -89.811919, 35.15556 ], [ -89.81203, 35.155562 ], [ -89.812163, 35.155564 ], [ -89.81243, 35.155587 ], [ -89.8125, 35.155594 ], [ -89.812824, 35.155665 ], [ -89.813077, 35.155742 ], [ -89.813316, 35.155845 ], [ -89.813555, 35.155988 ], [ -89.813609, 35.15602 ], [ -89.813718, 35.156098 ], [ -89.813877, 35.156229 ], [ -89.814015, 35.15637 ], [ -89.81409, 35.156448 ], [ -89.81438, 35.156838 ], [ -89.814499, 35.156997 ], [ -89.814745, 35.157329 ], [ -89.814889, 35.157567 ], [ -89.814925, 35.157627 ], [ -89.815164, 35.158251 ], [ -89.815199, 35.158314 ], [ -89.815235, 35.158379 ], [ -89.815422, 35.158577 ], [ -89.815485, 35.158633 ], [ -89.815562, 35.158681 ], [ -89.815624, 35.158721 ], [ -89.815836, 35.158822 ], [ -89.816044, 35.15889 ], [ -89.816117, 35.158902 ], [ -89.816258, 35.158914 ], [ -89.816681, 35.15895 ], [ -89.816777, 35.15897 ], [ -89.816853, 35.159015 ], [ -89.816872, 35.15904 ], [ -89.816887, 35.159088 ], [ -89.816995, 35.15825 ], [ -89.81702, 35.156781 ], [ -89.817145, 35.155916 ], [ -89.819598, 35.156017 ], [ -89.819596, 35.156359 ], [ -89.819596, 35.156538 ], [ -89.819571, 35.157135 ], [ -89.819565, 35.157387 ], [ -89.819561, 35.157596 ], [ -89.819559, 35.15773 ], [ -89.819546, 35.158325 ], [ -89.819539, 35.158678 ], [ -89.819522, 35.160104 ], [ -89.819518, 35.1603 ], [ -89.819509, 35.160707 ], [ -89.819477, 35.161481 ], [ -89.819476, 35.161516 ], [ -89.819468, 35.162324 ], [ -89.819434, 35.163004 ], [ -89.819433, 35.163043 ], [ -89.819433, 35.163081 ], [ -89.819429, 35.163505 ], [ -89.819367, 35.165902 ], [ -89.819366, 35.165937 ], [ -89.819342, 35.167155 ], [ -89.819286, 35.168662 ], [ -89.81927, 35.169602 ], [ -89.81929, 35.169723 ], [ -89.819347, 35.169824 ], [ -89.819419, 35.169895 ], [ -89.819563, 35.169961 ], [ -89.819724, 35.169981 ], [ -89.820024, 35.169992 ], [ -89.820955, 35.170002 ], [ -89.821293, 35.17001 ], [ -89.823076, 35.170053 ], [ -89.823199, 35.170097 ], [ -89.82325, 35.170062 ], [ -89.823277, 35.170049 ], [ -89.823324, 35.170231 ], [ -89.823519, 35.171356 ], [ -89.823617, 35.171567 ], [ -89.823784, 35.171802 ], [ -89.823966, 35.17197 ], [ -89.824156, 35.1721 ], [ -89.824335, 35.172191 ], [ -89.824346, 35.172193 ], [ -89.824425, 35.172205 ], [ -89.824514, 35.172191 ], [ -89.824783, 35.172105 ], [ -89.824921, 35.172071 ], [ -89.825125, 35.172038 ], [ -89.825534, 35.172021 ], [ -89.825942, 35.172038 ], [ -89.82632, 35.172035 ], [ -89.82672, 35.172045 ], [ -89.826844, 35.172075 ], [ -89.826991, 35.172156 ], [ -89.827121, 35.172295 ], [ -89.827188, 35.172425 ], [ -89.827251, 35.172594 ], [ -89.827579, 35.173205 ], [ -89.827708, 35.173423 ], [ -89.827965, 35.173909 ], [ -89.828064, 35.174115 ], [ -89.828156, 35.174347 ], [ -89.828346, 35.174297 ], [ -89.828746, 35.174192 ], [ -89.828999, 35.174099 ], [ -89.829281, 35.173964 ], [ -89.829569, 35.173779 ], [ -89.829805, 35.173585 ], [ -89.830089, 35.173352 ], [ -89.830192, 35.173281 ], [ -89.830381, 35.173151 ], [ -89.830556, 35.173062 ], [ -89.830817, 35.172952 ], [ -89.831108, 35.172855 ], [ -89.831619, 35.172742 ], [ -89.832111, 35.17264 ], [ -89.832319, 35.172607 ], [ -89.832388, 35.172588 ], [ -89.832484, 35.172563 ], [ -89.832638, 35.172533 ], [ -89.832914, 35.17249 ], [ -89.833177, 35.172433 ], [ -89.833311, 35.17239 ], [ -89.83353, 35.172308 ], [ -89.833798, 35.172183 ], [ -89.834099, 35.171999 ], [ -89.834422, 35.171808 ], [ -89.83456, 35.171742 ], [ -89.834646, 35.171703 ], [ -89.834914, 35.171603 ], [ -89.835306, 35.171501 ], [ -89.835521, 35.171469 ], [ -89.835572, 35.171464 ], [ -89.835715, 35.171453 ], [ -89.836377, 35.171428 ], [ -89.836646, 35.171418 ], [ -89.836639, 35.171531 ], [ -89.836617, 35.171835 ], [ -89.83653, 35.173091 ], [ -89.836502, 35.17351 ], [ -89.8365, 35.173642 ], [ -89.8365, 35.173712 ], [ -89.836496, 35.174042 ], [ -89.836494, 35.174175 ], [ -89.836483, 35.174351 ], [ -89.836479, 35.174407 ], [ -89.836433, 35.175101 ], [ -89.836436, 35.175116 ], [ -89.836429, 35.175253 ], [ -89.836424, 35.17534 ], [ -89.836379, 35.176186 ], [ -89.836362, 35.176494 ], [ -89.836347, 35.176779 ], [ -89.836327, 35.177152 ], [ -89.83632, 35.177338 ], [ -89.836304, 35.177792 ], [ -89.836294, 35.178062 ], [ -89.836286, 35.178262 ], [ -89.836274, 35.17858 ], [ -89.837013, 35.178579 ], [ -89.83749, 35.1785 ], [ -89.83806, 35.178341 ], [ -89.838603, 35.178116 ], [ -89.839132, 35.17793 ], [ -89.839636, 35.177798 ], [ -89.840192, 35.177692 ], [ -89.841192, 35.177638 ], [ -89.841215, 35.177445 ], [ -89.841322, 35.177127 ], [ -89.841402, 35.17694 ], [ -89.841424, 35.176805 ], [ -89.841489, 35.176413 ], [ -89.841629, 35.175841 ], [ -89.841756, 35.1756 ], [ -89.84193, 35.175067 ], [ -89.842023, 35.174847 ], [ -89.842297, 35.17454 ], [ -89.842302, 35.174525 ], [ -89.84233, 35.174512 ], [ -89.842652, 35.174237 ], [ -89.843234, 35.173902 ], [ -89.843347, 35.173726 ], [ -89.843439, 35.17367 ], [ -89.843494, 35.173638 ], [ -89.843909, 35.173457 ], [ -89.844531, 35.173276 ], [ -89.845401, 35.173001 ], [ -89.845782, 35.172918 ], [ -89.846029, 35.172819 ], [ -89.84621, 35.172803 ], [ -89.847624, 35.172784 ], [ -89.848016, 35.17278 ], [ -89.848344, 35.172764 ], [ -89.848484, 35.172736 ], [ -89.848966, 35.172709 ], [ -89.849059, 35.172681 ], [ -89.849501, 35.172642 ], [ -89.850245, 35.172587 ], [ -89.850698, 35.172554 ], [ -89.850919, 35.172499 ], [ -89.853798, 35.172262 ], [ -89.854878, 35.172174 ], [ -89.854985, 35.172167 ], [ -89.854991, 35.171954 ], [ -89.855013, 35.171315 ], [ -89.855021, 35.171103 ], [ -89.855026, 35.170969 ], [ -89.855043, 35.170567 ], [ -89.855049, 35.170434 ], [ -89.855066, 35.170293 ], [ -89.855084, 35.170147 ], [ -89.855146, 35.169937 ], [ -89.855169, 35.169883 ], [ -89.85518, 35.169858 ], [ -89.85524, 35.169761 ], [ -89.855312, 35.169644 ], [ -89.855466, 35.169474 ], [ -89.855616, 35.169347 ], [ -89.855889, 35.169185 ], [ -89.856163, 35.16907 ], [ -89.856211, 35.169159 ], [ -89.856019, 35.169249 ], [ -89.855846, 35.169352 ], [ -89.855591, 35.169556 ], [ -89.855419, 35.169743 ], [ -89.855306, 35.16991 ], [ -89.8552, 35.170122 ], [ -89.855141, 35.170296 ], [ -89.85512, 35.170435 ], [ -89.855113, 35.170561 ], [ -89.85509, 35.171265 ], [ -89.855062, 35.172162 ], [ -89.855367, 35.172141 ], [ -89.856871, 35.171994 ], [ -89.857347, 35.171948 ], [ -89.858216, 35.171837 ], [ -89.85841, 35.171799 ], [ -89.859106, 35.171623 ], [ -89.85948, 35.171507 ], [ -89.860162, 35.17126 ], [ -89.861613, 35.170869 ], [ -89.861888, 35.170781 ], [ -89.862372, 35.170634 ], [ -89.86267, 35.170545 ], [ -89.863626, 35.170204 ], [ -89.86417, 35.170037 ], [ -89.864499, 35.169935 ], [ -89.865487, 35.16963 ], [ -89.865817, 35.169529 ], [ -89.867191, 35.169104 ], [ -89.867399, 35.16904 ], [ -89.867605, 35.168977 ], [ -89.868401, 35.168856 ], [ -89.869511, 35.168784 ], [ -89.869772, 35.168723 ], [ -89.871169, 35.167959 ], [ -89.871269, 35.167923 ], [ -89.87137, 35.167888 ], [ -89.872025, 35.167684 ], [ -89.872213, 35.16769 ], [ -89.872447, 35.167766 ], [ -89.87264, 35.167855 ], [ -89.872755, 35.167909 ], [ -89.873049, 35.168112 ], [ -89.873772, 35.168425 ], [ -89.87438, 35.168578 ], [ -89.874688, 35.168562 ], [ -89.874895, 35.168534 ], [ -89.875084, 35.168426 ], [ -89.877024, 35.167578 ], [ -89.877312, 35.167485 ], [ -89.877486, 35.167348 ], [ -89.877713, 35.1672 ], [ -89.87778, 35.167178 ], [ -89.877807, 35.16715 ], [ -89.877994, 35.167084 ], [ -89.878262, 35.167008 ], [ -89.878422, 35.166909 ], [ -89.878463, 35.166868 ], [ -89.878531, 35.166964 ], [ -89.879965, 35.169023 ], [ -89.880204, 35.169415 ], [ -89.880317, 35.169676 ], [ -89.880427, 35.170023 ], [ -89.88047, 35.170217 ], [ -89.880497, 35.170527 ], [ -89.880473, 35.170653 ], [ -89.880568, 35.170688 ], [ -89.880753, 35.170713 ], [ -89.880789, 35.170714 ], [ -89.881616, 35.170746 ], [ -89.881694, 35.170762 ], [ -89.88176, 35.170771 ], [ -89.8819, 35.170791 ], [ -89.882084, 35.1708 ], [ -89.883083, 35.170808 ], [ -89.883113, 35.170809 ], [ -89.884775, 35.170907 ], [ -89.886201, 35.170945 ], [ -89.887225, 35.170989 ], [ -89.887318, 35.171104 ], [ -89.887592, 35.171326 ], [ -89.887709, 35.171448 ], [ -89.887731, 35.171471 ], [ -89.887825, 35.171621 ], [ -89.887881, 35.171793 ], [ -89.887899, 35.17192 ], [ -89.887897, 35.172268 ], [ -89.887883, 35.172629 ], [ -89.887858, 35.173411 ], [ -89.887857, 35.173453 ], [ -89.887835, 35.174022 ], [ -89.887833, 35.174081 ], [ -89.888286, 35.174112 ], [ -89.889161, 35.174174 ], [ -89.889648, 35.174209 ], [ -89.889827, 35.174222 ], [ -89.889917, 35.174187 ], [ -89.890096, 35.174185 ], [ -89.890262, 35.174197 ], [ -89.890437, 35.174209 ], [ -89.890751, 35.174233 ], [ -89.891021, 35.174269 ], [ -89.891495, 35.174365 ], [ -89.891553, 35.174377 ], [ -89.893093, 35.174738 ], [ -89.893814, 35.174907 ], [ -89.895623, 35.17533 ], [ -89.895982, 35.175414 ], [ -89.896793, 35.175622 ], [ -89.896874, 35.175639 ], [ -89.896996, 35.175667 ], [ -89.897024, 35.175589 ], [ -89.897143, 35.175271 ], [ -89.897227, 35.175059 ], [ -89.897494, 35.174487 ], [ -89.897664, 35.174172 ], [ -89.897667, 35.174015 ], [ -89.897812, 35.17377 ], [ -89.898094, 35.173334 ], [ -89.89811, 35.173311 ], [ -89.898339, 35.172993 ], [ -89.898445, 35.172845 ], [ -89.898475, 35.172807 ], [ -89.898518, 35.172859 ], [ -89.898562, 35.17291 ], [ -89.899021, 35.173451 ], [ -89.900662, 35.175382 ], [ -89.900696, 35.175423 ], [ -89.901227, 35.176011 ], [ -89.901333, 35.1761 ], [ -89.901444, 35.176185 ], [ -89.901509, 35.176219 ], [ -89.901554, 35.176235 ], [ -89.901588, 35.176292 ], [ -89.901609, 35.176317 ], [ -89.901663, 35.176362 ], [ -89.901806, 35.176465 ], [ -89.902507, 35.176991 ], [ -89.903187, 35.177489 ], [ -89.903318, 35.177646 ], [ -89.90349, 35.177868 ], [ -89.905269, 35.180456 ], [ -89.905348, 35.180591 ], [ -89.905482, 35.180743 ], [ -89.905526, 35.180809 ], [ -89.905626, 35.180978 ], [ -89.905763, 35.181173 ], [ -89.905842, 35.181267 ], [ -89.905989, 35.181411 ], [ -89.906024, 35.181451 ], [ -89.906427, 35.18191 ], [ -89.906569, 35.182058 ], [ -89.906602, 35.182085 ], [ -89.906676, 35.182129 ], [ -89.906786, 35.18217 ], [ -89.90684, 35.182313 ], [ -89.906886, 35.182378 ], [ -89.907094, 35.18258 ], [ -89.908606, 35.184102 ], [ -89.908659, 35.184164 ], [ -89.908693, 35.184216 ], [ -89.908944, 35.184552 ], [ -89.90905, 35.184708 ], [ -89.909081, 35.184791 ], [ -89.90918, 35.184762 ], [ -89.909279, 35.184734 ], [ -89.909889, 35.184557 ], [ -89.911069, 35.184195 ], [ -89.913182, 35.183537 ], [ -89.913427, 35.183464 ], [ -89.913558, 35.183425 ], [ -89.913743, 35.183371 ], [ -89.913998, 35.183292 ], [ -89.916444, 35.182542 ], [ -89.91726, 35.182293 ], [ -89.917277, 35.182325 ], [ -89.917301, 35.182369 ], [ -89.91735, 35.182406 ], [ -89.91738, 35.182429 ], [ -89.917428, 35.182445 ], [ -89.917508, 35.182441 ], [ -89.917639, 35.182375 ], [ -89.917775, 35.182315 ], [ -89.917812, 35.182303 ], [ -89.918859, 35.181976 ], [ -89.919144, 35.181887 ], [ -89.919589, 35.181749 ], [ -89.919625, 35.181878 ], [ -89.919624, 35.182418 ], [ -89.919624, 35.182513 ], [ -89.919708, 35.182832 ], [ -89.919777, 35.18383 ], [ -89.919808, 35.184428 ], [ -89.919837, 35.184955 ], [ -89.919868, 35.185066 ], [ -89.919889, 35.185091 ], [ -89.919919, 35.185115 ], [ -89.919975, 35.185134 ], [ -89.920081, 35.185134 ], [ -89.920695, 35.185134 ], [ -89.9209, 35.185135 ], [ -89.921287, 35.185143 ], [ -89.922242, 35.185165 ], [ -89.92245, 35.185167 ], [ -89.922838, 35.185172 ], [ -89.923433, 35.185186 ], [ -89.925218, 35.185231 ], [ -89.925814, 35.185246 ], [ -89.925865, 35.185247 ], [ -89.926023, 35.185251 ], [ -89.92607, 35.185252 ], [ -89.926433, 35.185261 ], [ -89.927524, 35.18529 ], [ -89.927888, 35.1853 ], [ -89.92835, 35.185309 ], [ -89.928541, 35.185314 ], [ -89.929228, 35.185331 ], [ -89.929738, 35.185339 ], [ -89.929846, 35.185341 ], [ -89.930201, 35.185348 ], [ -89.930347, 35.185354 ], [ -89.930711, 35.185372 ], [ -89.930784, 35.185383 ], [ -89.930929, 35.185407 ], [ -89.931155, 35.185129 ], [ -89.931425, 35.184801 ], [ -89.931834, 35.184297 ], [ -89.931992, 35.184104 ], [ -89.932061, 35.18402 ], [ -89.932135, 35.18393 ], [ -89.932152, 35.183909 ], [ -89.932275, 35.183758 ], [ -89.932522, 35.183456 ], [ -89.933908, 35.181765 ], [ -89.93424, 35.18136 ], [ -89.934285, 35.181305 ], [ -89.93437, 35.181202 ], [ -89.934445, 35.18111 ], [ -89.934615, 35.180909 ], [ -89.935001, 35.180456 ], [ -89.935377, 35.180053 ], [ -89.935639, 35.179774 ], [ -89.935751, 35.179653 ], [ -89.935878, 35.179517 ], [ -89.936091, 35.179293 ], [ -89.936206, 35.179174 ], [ -89.93643, 35.17894 ], [ -89.937103, 35.178239 ], [ -89.937328, 35.178006 ], [ -89.937389, 35.177942 ], [ -89.937573, 35.177752 ], [ -89.937635, 35.177689 ], [ -89.937712, 35.177615 ], [ -89.937945, 35.177393 ], [ -89.938023, 35.17732 ], [ -89.938348, 35.177009 ], [ -89.938372, 35.176984 ], [ -89.939112, 35.176221 ], [ -89.939381, 35.175938 ], [ -89.939717, 35.175589 ], [ -89.939783, 35.175573 ], [ -89.939867, 35.175554 ], [ -89.939984, 35.175527 ], [ -89.940051, 35.175512 ], [ -89.94014, 35.175484 ], [ -89.940409, 35.175403 ], [ -89.940499, 35.175376 ], [ -89.940657, 35.175327 ], [ -89.941133, 35.175182 ], [ -89.941292, 35.175134 ], [ -89.941541, 35.175057 ], [ -89.942291, 35.174827 ], [ -89.942541, 35.174751 ], [ -89.942853, 35.174654 ], [ -89.943742, 35.17438 ], [ -89.943789, 35.174364 ], [ -89.944101, 35.174266 ], [ -89.944595, 35.174114 ], [ -89.946078, 35.173662 ], [ -89.946573, 35.173511 ], [ -89.946863, 35.173422 ], [ -89.947171, 35.173329 ], [ -89.947367, 35.173284 ], [ -89.94759, 35.173252 ], [ -89.947752, 35.173241 ], [ -89.947832, 35.173237 ], [ -89.948056, 35.173243 ], [ -89.94812, 35.173245 ], [ -89.94843, 35.173252 ], [ -89.949555, 35.173279 ], [ -89.94993, 35.173289 ], [ -89.950124, 35.17329 ], [ -89.950707, 35.173296 ], [ -89.950902, 35.173298 ], [ -89.951095, 35.173302 ], [ -89.951674, 35.173316 ], [ -89.951868, 35.173321 ], [ -89.952062, 35.173326 ], [ -89.952647, 35.173341 ], [ -89.952842, 35.173347 ], [ -89.953032, 35.173352 ], [ -89.953605, 35.173369 ], [ -89.953796, 35.173375 ], [ -89.953983, 35.17338 ], [ -89.954547, 35.173395 ], [ -89.954735, 35.173401 ], [ -89.954922, 35.173406 ], [ -89.95529, 35.173418 ], [ -89.955484, 35.173435 ], [ -89.955672, 35.173452 ], [ -89.955858, 35.173473 ], [ -89.956417, 35.173536 ], [ -89.956604, 35.173558 ], [ -89.956789, 35.173578 ], [ -89.957346, 35.17364 ], [ -89.957532, 35.173661 ], [ -89.957715, 35.173681 ], [ -89.958267, 35.173743 ], [ -89.958365, 35.173754 ], [ -89.958403, 35.173758 ], [ -89.958451, 35.173764 ], [ -89.958635, 35.173785 ], [ -89.959189, 35.173848 ], [ -89.959374, 35.173869 ], [ -89.959565, 35.173891 ], [ -89.960137, 35.173957 ], [ -89.960329, 35.17398 ], [ -89.960519, 35.174002 ], [ -89.961092, 35.174071 ], [ -89.961283, 35.174094 ], [ -89.961488, 35.174114 ], [ -89.962078, 35.174154 ], [ -89.96222, 35.174164 ], [ -89.962277, 35.174168 ], [ -89.962351, 35.174172 ], [ -89.9625, 35.174176 ], [ -89.963172, 35.174197 ], [ -89.963397, 35.174205 ], [ -89.963786, 35.174218 ], [ -89.964955, 35.174259 ], [ -89.965345, 35.174273 ], [ -89.965582, 35.174282 ], [ -89.966439, 35.17431 ], [ -89.967751, 35.174353 ], [ -89.969724, 35.174416 ], [ -89.970657, 35.174447 ], [ -89.970819, 35.174452 ], [ -89.971032, 35.174459 ], [ -89.971673, 35.174481 ], [ -89.971887, 35.174489 ], [ -89.972122, 35.174497 ], [ -89.972827, 35.174521 ], [ -89.973063, 35.17453 ], [ -89.973296, 35.174537 ], [ -89.973995, 35.174559 ], [ -89.974229, 35.174567 ], [ -89.97447, 35.174575 ], [ -89.975193, 35.1746 ], [ -89.97538, 35.174607 ], [ -89.975435, 35.174609 ], [ -89.975537, 35.174613 ], [ -89.975669, 35.174617 ], [ -89.976373, 35.17464 ], [ -89.976608, 35.174648 ], [ -89.976841, 35.174656 ], [ -89.97754, 35.17468 ], [ -89.977774, 35.174689 ], [ -89.97801, 35.174697 ], [ -89.978718, 35.174721 ], [ -89.978955, 35.17473 ], [ -89.979121, 35.174735 ], [ -89.979621, 35.174751 ], [ -89.979788, 35.174757 ], [ -89.980009, 35.174764 ], [ -89.980672, 35.174785 ], [ -89.980894, 35.174792 ], [ -89.981013, 35.174795 ], [ -89.981373, 35.174804 ], [ -89.981493, 35.174807 ], [ -89.981529, 35.174803 ], [ -89.981641, 35.174792 ], [ -89.981678, 35.174789 ], [ -89.981823, 35.174768 ], [ -89.982262, 35.174707 ], [ -89.982408, 35.174687 ], [ -89.982443, 35.174681 ], [ -89.982552, 35.174666 ], [ -89.982588, 35.174661 ], [ -89.982745, 35.174636 ], [ -89.983217, 35.174562 ], [ -89.983375, 35.174538 ], [ -89.983424, 35.174529 ], [ -89.983575, 35.174505 ], [ -89.983625, 35.174497 ], [ -89.983769, 35.174475 ], [ -89.984203, 35.17441 ], [ -89.984348, 35.174389 ], [ -89.9844, 35.174381 ], [ -89.984558, 35.174358 ], [ -89.984611, 35.174351 ], [ -89.984793, 35.174322 ], [ -89.985342, 35.174236 ], [ -89.985526, 35.174208 ], [ -89.985551, 35.174203 ], [ -89.985627, 35.174192 ], [ -89.985653, 35.174188 ], [ -89.985735, 35.174175 ], [ -89.985855, 35.174156 ], [ -89.986463, 35.174066 ], [ -89.986666, 35.174036 ], [ -89.98689, 35.174001 ], [ -89.987562, 35.1739 ], [ -89.987787, 35.173867 ], [ -89.988019, 35.17383 ], [ -89.988719, 35.173722 ], [ -89.988952, 35.173687 ], [ -89.989186, 35.173652 ], [ -89.989208, 35.173649 ], [ -89.989891, 35.173543 ], [ -89.990126, 35.173507 ], [ -89.990233, 35.17349 ], [ -89.990557, 35.173441 ], [ -89.990665, 35.173425 ], [ -89.990671, 35.173173 ], [ -89.990683, 35.1727 ], [ -89.990686, 35.172417 ], [ -89.99069, 35.172165 ], [ -89.990691, 35.172092 ], [ -89.9907, 35.171667 ], [ -89.990725, 35.170603 ], [ -89.99073, 35.170456 ], [ -89.990736, 35.170175 ], [ -89.990748, 35.169678 ], [ -89.990752, 35.169485 ], [ -89.990767, 35.168908 ], [ -89.990772, 35.168716 ], [ -89.990781, 35.168476 ], [ -89.990791, 35.168206 ], [ -89.99081, 35.167759 ], [ -89.990816, 35.167603 ], [ -89.990818, 35.167562 ], [ -89.990819, 35.16752 ], [ -89.99082, 35.167413 ], [ -89.990825, 35.167093 ], [ -89.990827, 35.166987 ], [ -89.990834, 35.166615 ], [ -89.990843, 35.166236 ], [ -89.990855, 35.165502 ], [ -89.990862, 35.165131 ], [ -89.990887, 35.164142 ], [ -89.990933, 35.162724 ], [ -89.991277, 35.160409 ], [ -89.99127, 35.160286 ], [ -89.991245, 35.16015 ], [ -89.991202, 35.160018 ], [ -89.991112, 35.159836 ], [ -89.991077, 35.159774 ], [ -89.991038, 35.159712 ], [ -89.991009, 35.159688 ], [ -89.990929, 35.15971 ], [ -89.990708, 35.159773 ], [ -89.988316, 35.159588 ], [ -89.986479, 35.159412 ], [ -89.986044, 35.15937 ], [ -89.985843, 35.159351 ], [ -89.985714, 35.159332 ], [ -89.985109, 35.159196 ], [ -89.984203, 35.15899 ], [ -89.984207, 35.158932 ], [ -89.984216, 35.158875 ], [ -89.98405, 35.158836 ], [ -89.983842, 35.158789 ], [ -89.983741, 35.158767 ], [ -89.983571, 35.158728 ], [ -89.983553, 35.158723 ], [ -89.983502, 35.158712 ], [ -89.983388, 35.158687 ], [ -89.983448, 35.158533 ], [ -89.983454, 35.158517 ], [ -89.983472, 35.158442 ], [ -89.983483, 35.158402 ], [ -89.983467, 35.158145 ], [ -89.983408, 35.157911 ], [ -89.983345, 35.157737 ], [ -89.983321, 35.157691 ], [ -89.983279, 35.157607 ], [ -89.983167, 35.157486 ], [ -89.9828, 35.157194 ], [ -89.982442, 35.156939 ], [ -89.982212, 35.15676 ], [ -89.982102, 35.15666 ], [ -89.981878, 35.156431 ], [ -89.981809, 35.156338 ], [ -89.981764, 35.156262 ], [ -89.9817, 35.156154 ], [ -89.981555, 35.155844 ], [ -89.981412, 35.155505 ], [ -89.981229, 35.15507 ], [ -89.981025, 35.154538 ], [ -89.980998, 35.154482 ], [ -89.980928, 35.154338 ], [ -89.98086, 35.154265 ], [ -89.980764, 35.154218 ], [ -89.980792, 35.153959 ], [ -89.980807, 35.153837 ], [ -89.980952, 35.152699 ], [ -89.980964, 35.152604 ], [ -89.980931, 35.15253 ], [ -89.980949, 35.152274 ], [ -89.980983, 35.152 ], [ -89.98104, 35.152007 ], [ -89.981082, 35.152011 ], [ -89.981094, 35.151944 ], [ -89.981121, 35.151819 ], [ -89.981251, 35.15125 ], [ -89.981263, 35.151197 ], [ -89.981283, 35.151062 ], [ -89.981329, 35.150904 ], [ -89.98133, 35.15089 ], [ -89.981397, 35.150503 ], [ -89.981431, 35.15036 ], [ -89.981467, 35.150214 ], [ -89.981505, 35.150051 ], [ -89.981621, 35.149565 ], [ -89.98166, 35.149403 ], [ -89.981681, 35.149246 ], [ -89.981748, 35.148777 ], [ -89.981758, 35.148707 ], [ -89.98177, 35.148621 ], [ -89.98178, 35.148552 ], [ -89.981799, 35.148423 ], [ -89.981824, 35.148254 ], [ -89.98189, 35.14789 ], [ -89.981898, 35.147831 ], [ -89.981925, 35.147633 ], [ -89.981952, 35.147438 ], [ -89.982036, 35.146853 ], [ -89.982064, 35.146659 ], [ -89.982079, 35.146556 ], [ -89.982114, 35.146335 ], [ -89.982128, 35.146249 ], [ -89.982133, 35.146224 ], [ -89.982143, 35.146147 ], [ -89.982163, 35.145948 ], [ -89.982226, 35.145353 ], [ -89.982247, 35.145155 ], [ -89.982274, 35.144954 ], [ -89.982358, 35.144356 ], [ -89.982386, 35.144156 ], [ -89.982413, 35.143936 ], [ -89.982455, 35.143595 ], [ -89.982495, 35.143346 ], [ -89.982511, 35.143277 ], [ -89.982562, 35.14306 ], [ -89.982584, 35.142941 ], [ -89.982655, 35.142587 ], [ -89.982678, 35.142469 ], [ -89.982755, 35.142083 ], [ -89.982935, 35.141181 ], [ -89.982968, 35.141015 ], [ -89.982985, 35.140926 ], [ -89.983059, 35.140541 ], [ -89.983414, 35.140684 ], [ -89.983682, 35.140792 ], [ -89.983978, 35.140912 ], [ -89.984487, 35.141095 ], [ -89.984713, 35.141177 ], [ -89.984853, 35.141208 ], [ -89.985112, 35.141252 ], [ -89.985251, 35.141269 ], [ -89.986084, 35.141375 ], [ -89.986453, 35.141417 ], [ -89.98676, 35.141453 ], [ -89.986855, 35.141462 ], [ -89.98737, 35.141506 ], [ -89.98759, 35.141525 ], [ -89.988337, 35.141602 ], [ -89.988916, 35.141651 ], [ -89.989432, 35.141696 ], [ -89.989465, 35.141699 ], [ -89.98982, 35.141729 ], [ -89.990987, 35.141833 ], [ -89.991343, 35.141865 ], [ -89.991376, 35.141868 ], [ -89.991563, 35.141884 ], [ -89.991588, 35.141887 ], [ -89.992126, 35.141935 ], [ -89.992314, 35.141953 ], [ -89.992617, 35.141981 ], [ -89.992993, 35.142016 ], [ -89.993528, 35.142065 ], [ -89.993832, 35.142093 ], [ -89.994079, 35.142115 ], [ -89.994539, 35.142157 ], [ -89.994823, 35.142183 ], [ -89.995071, 35.142206 ], [ -89.995424, 35.142237 ], [ -89.996165, 35.142304 ], [ -89.997165, 35.142395 ], [ -89.997569, 35.142433 ], [ -89.99766, 35.142441 ], [ -89.998944, 35.142532 ], [ -89.99888, 35.142952 ], [ -89.998757, 35.143911 ], [ -89.998168, 35.148001 ], [ -89.998015, 35.149067 ], [ -89.998013, 35.149076 ], [ -89.997996, 35.149192 ], [ -89.997871, 35.15006 ], [ -89.997858, 35.150216 ], [ -89.997761, 35.150929 ], [ -89.997695, 35.151371 ], [ -89.997653, 35.151622 ], [ -89.997528, 35.152377 ], [ -89.997515, 35.152462 ], [ -89.997489, 35.152629 ], [ -89.997894, 35.152665 ], [ -89.99805, 35.15268 ], [ -89.998782, 35.152762 ], [ -89.999109, 35.152793 ], [ -89.999515, 35.152832 ], [ -90.000006, 35.15288 ], [ -90.001481, 35.153025 ], [ -90.001973, 35.153074 ], [ -90.002339, 35.15311 ], [ -90.00344, 35.153218 ], [ -90.003807, 35.153255 ], [ -90.004159, 35.153291 ], [ -90.005218, 35.1534 ], [ -90.005571, 35.153437 ], [ -90.006243, 35.153503 ], [ -90.00746, 35.153624 ], [ -90.00795, 35.153661 ], [ -90.008263, 35.153668 ], [ -90.008445, 35.153661 ], [ -90.008934, 35.153593 ], [ -90.009225, 35.153545 ], [ -90.010102, 35.153404 ], [ -90.010394, 35.153357 ], [ -90.010526, 35.153336 ], [ -90.010542, 35.153334 ], [ -90.010813, 35.15331 ], [ -90.01099, 35.153309 ], [ -90.01114, 35.153309 ], [ -90.011251, 35.153312 ], [ -90.011309, 35.153317 ], [ -90.011506, 35.153353 ], [ -90.011656, 35.153385 ], [ -90.012089, 35.153486 ], [ -90.012532, 35.1536 ], [ -90.012556, 35.153605 ], [ -90.012692, 35.153634 ], [ -90.012732, 35.15364 ], [ -90.013092, 35.1537 ], [ -90.013339, 35.153728 ], [ -90.013543, 35.153751 ], [ -90.013836, 35.153782 ], [ -90.013847, 35.153783 ], [ -90.014554, 35.153852 ], [ -90.014761, 35.153879 ], [ -90.015007, 35.153912 ], [ -90.015065, 35.153921 ], [ -90.015197, 35.153942 ], [ -90.015593, 35.154008 ], [ -90.015726, 35.154024 ], [ -90.016122, 35.154059 ], [ -90.017313, 35.154166 ], [ -90.01771, 35.154202 ], [ -90.018088, 35.154233 ], [ -90.019222, 35.154329 ], [ -90.019601, 35.154362 ], [ -90.019945, 35.154383 ], [ -90.02038, 35.15441 ], [ -90.020678, 35.15442 ], [ -90.020724, 35.154423 ], [ -90.020846, 35.154434 ], [ -90.02098, 35.154445 ], [ -90.02101, 35.154448 ], [ -90.021094, 35.154455 ], [ -90.021147, 35.154459 ], [ -90.021188, 35.154462 ], [ -90.021325, 35.154474 ], [ -90.021294, 35.154651 ] ] ] } }
]
}
