{
"type": "FeatureCollection",
"name": "districts",
"crs": { "type": "name", "properties": { "name": "urn:ogc:def:crs:OGC:1.3:CRS84" } },
"features": [
{ "type": "Feature", "properties": { "district_num": "13" }, "geometry": { "type": "Polygon", "coordinates": [ [ [ -86.700265, 35.722621 ], [ -86.70019, 35.723029 ], [ -86.69997, 35.724254 ], [ -86.699898, 35.724665 ], [ -86.699777, 35.72534 ], [ -86.699752, 35.725478 ], [ -86.699728, 35.725615 ], [ -86.699612, 35.726245 ], [ -86.699528, 35.726707 ], [ -86.698905, 35.730202 ], [ -86.698802, 35.730911 ], [ -86.69879, 35.730991 ], [ -86.698669, 35.731831 ], [ -86.698561, 35.732581 ], [ -86.698478, 35.733578 ], [ -86.698446, 35.733958 ], [ -86.698427, 35.734193 ], [ -86.698352, 35.735098 ], [ -86.698269, 35.736572 ], [ -86.698214, 35.737572 ], [ -86.698136, 35.739054 ], [ -86.698087, 35.740013 ], [ -86.698032, 35.741059 ], [ -86.698017, 35.741335 ], [ -86.69801, 35.741484 ], [ -86.697992, 35.741922 ], [ -86.697985, 35.742238 ], [ -86.697983, 35.742323 ], [ -86.697972, 35.742497 ], [ -86.697964, 35.742632 ], [ -86.697913, 35.743502 ], [ -86.697826, 35.744984 ], [ -86.697818, 35.745243 ], [ -86.697799, 35.746022 ], [ -86.697794, 35.746284 ], [ -86.697759, 35.746277 ], [ -86.697667, 35.746416 ], [ -86.697619, 35.74678 ], [ -86.697601, 35.746911 ], [ -86.69758, 35.747077 ], [ -86.69755, 35.747306 ], [ -86.697429, 35.748254 ], [ -86.697393, 35.74855 ], [ -86.697277, 35.749304 ], [ -86.697164, 35.750072 ], [ -86.696911, 35.751569 ], [ -86.696886, 35.751722 ], [ -86.696904, 35.752334 ], [ -86.696318, 35.752486 ], [ -86.696117, 35.752539 ], [ -86.69565, 35.752613 ], [ -86.695234, 35.752653 ], [ -86.694237, 35.752691 ], [ -86.693698, 35.752712 ], [ -86.69354, 35.752719 ], [ -86.693406, 35.752922 ], [ -86.693006, 35.753534 ], [ -86.692884, 35.753723 ], [ -86.692874, 35.753739 ], [ -86.692584, 35.754189 ], [ -86.692376, 35.754532 ], [ -86.692339, 35.75452 ], [ -86.69231, 35.754511 ], [ -86.692141, 35.754441 ], [ -86.692076, 35.754414 ], [ -86.692025, 35.754393 ], [ -86.692094, 35.754242 ], [ -86.692372, 35.753639 ], [ -86.692465, 35.753438 ], [ -86.692475, 35.753416 ], [ -86.692499, 35.753365 ], [ -86.692493, 35.75335 ], [ -86.692486, 35.753328 ], [ -86.692181, 35.752448 ], [ -86.692155, 35.75227 ], [ -86.69219, 35.751972 ], [ -86.692366, 35.751069 ], [ -86.688045, 35.750658 ], [ -86.681813, 35.750066 ], [ -86.681701, 35.750753 ], [ -86.680854, 35.750621 ], [ -86.680326, 35.753875 ], [ -86.679931, 35.756304 ], [ -86.679478, 35.756258 ], [ -86.678645, 35.762187 ], [ -86.678142, 35.765772 ], [ -86.675091, 35.765689 ], [ -86.6751, 35.766342 ], [ -86.675135, 35.768304 ], [ -86.675149, 35.76896 ], [ -86.674498, 35.768853 ], [ -86.674363, 35.768832 ], [ -86.673575, 35.768731 ], [ -86.672897, 35.768637 ], [ -86.672737, 35.768623 ], [ -86.672562, 35.768625 ], [ -86.672417, 35.768633 ], [ -86.672316, 35.768648 ], [ -86.672194, 35.768683 ], [ -86.672094, 35.768743 ], [ -86.67203, 35.76882 ], [ -86.67201, 35.768866 ], [ -86.672002, 35.768885 ], [ -86.672, 35.768894 ], [ -86.671982, 35.768985 ], [ -86.671977, 35.769016 ], [ -86.671904, 35.7694 ], [ -86.671786, 35.770155 ], [ -86.671715, 35.770706 ], [ -86.671662, 35.77113 ], [ -86.671618, 35.771427 ], [ -86.671583, 35.771541 ], [ -86.671521, 35.771644 ], [ -86.671439, 35.771697 ], [ -86.671371, 35.771721 ], [ -86.671288, 35.771736 ], [ -86.671037, 35.771726 ], [ -86.670776, 35.771705 ], [ -86.667399, 35.771332 ], [ -86.667327, 35.771325 ], [ -86.6657, 35.771136 ], [ -86.665291, 35.771102 ], [ -86.664068, 35.771002 ], [ -86.663821, 35.770982 ], [ -86.663666, 35.770943 ], [ -86.663598, 35.770896 ], [ -86.663531, 35.770849 ], [ -86.663458, 35.770716 ], [ -86.663444, 35.770525 ], [ -86.663488, 35.770264 ], [ -86.663561, 35.769848 ], [ -86.663554, 35.76968 ], [ -86.663443, 35.769452 ], [ -86.662877, 35.769079 ], [ -86.662767, 35.76896 ], [ -86.662671, 35.768768 ], [ -86.662634, 35.76848 ], [ -86.662622, 35.768357 ], [ -86.662568, 35.767809 ], [ -86.662443, 35.767629 ], [ -86.662217, 35.767547 ], [ -86.662201, 35.767541 ], [ -86.661504, 35.767459 ], [ -86.66128, 35.767433 ], [ -86.661266, 35.767431 ], [ -86.661156, 35.768471 ], [ -86.660826, 35.771593 ], [ -86.660717, 35.772634 ], [ -86.660635, 35.77341 ], [ -86.660625, 35.773483 ], [ -86.6603, 35.776027 ], [ -86.660275, 35.776226 ], [ -86.660245, 35.776624 ], [ -86.660235, 35.776752 ], [ -86.660225, 35.776879 ], [ -86.660306, 35.777408 ], [ -86.660299, 35.77743 ], [ -86.660052, 35.778342 ], [ -86.65998, 35.77907 ], [ -86.659926, 35.779626 ], [ -86.659902, 35.78005 ], [ -86.659664, 35.781169 ], [ -86.659728, 35.781481 ], [ -86.659966, 35.781734 ], [ -86.660081, 35.781796 ], [ -86.661398, 35.782512 ], [ -86.661728, 35.78261 ], [ -86.662066, 35.782534 ], [ -86.662707, 35.782219 ], [ -86.662919, 35.782167 ], [ -86.663316, 35.782158 ], [ -86.663667, 35.782312 ], [ -86.663931, 35.782503 ], [ -86.664144, 35.78273 ], [ -86.664217, 35.782898 ], [ -86.664239, 35.783252 ], [ -86.664042, 35.783682 ], [ -86.663329, 35.784211 ], [ -86.663112, 35.784519 ], [ -86.662892, 35.784695 ], [ -86.662726, 35.78483 ], [ -86.662134, 35.785137 ], [ -86.661772, 35.785392 ], [ -86.661542, 35.785734 ], [ -86.661454, 35.786008 ], [ -86.661457, 35.786317 ], [ -86.661467, 35.786348 ], [ -86.661457, 35.786382 ], [ -86.661459, 35.786608 ], [ -86.661689, 35.787251 ], [ -86.661751, 35.787367 ], [ -86.661899, 35.787643 ], [ -86.662149, 35.787977 ], [ -86.662693, 35.788392 ], [ -86.66291, 35.788598 ], [ -86.663152, 35.788827 ], [ -86.663368, 35.789174 ], [ -86.663374, 35.789421 ], [ -86.663229, 35.789927 ], [ -86.663088, 35.790421 ], [ -86.662855, 35.790934 ], [ -86.662783, 35.790928 ], [ -86.66238, 35.790897 ], [ -86.660963, 35.790787 ], [ -86.660492, 35.790752 ], [ -86.658733, 35.790601 ], [ -86.653463, 35.790155 ], [ -86.651984, 35.790029 ], [ -86.651706, 35.790006 ], [ -86.651684, 35.790005 ], [ -86.651395, 35.78998 ], [ -86.650962, 35.789944 ], [ -86.650465, 35.789902 ], [ -86.650157, 35.789876 ], [ -86.650109, 35.789871 ], [ -86.649964, 35.789859 ], [ -86.649916, 35.789855 ], [ -86.649909, 35.789896 ], [ -86.649889, 35.790022 ], [ -86.649887, 35.790038 ], [ -86.649886, 35.790063 ], [ -86.649878, 35.790166 ], [ -86.649875, 35.790209 ], [ -86.649843, 35.790477 ], [ -86.64983, 35.790581 ], [ -86.649811, 35.79058 ], [ -86.64955, 35.790551 ], [ -86.648711, 35.790459 ], [ -86.648432, 35.79043 ], [ -86.648382, 35.790423 ], [ -86.648313, 35.790418 ], [ -86.648194, 35.790411 ], [ -86.647978, 35.79044 ], [ -86.647959, 35.790444 ], [ -86.647844, 35.79047 ], [ -86.647831, 35.790547 ], [ -86.647795, 35.790781 ], [ -86.647783, 35.790858 ], [ -86.647695, 35.791416 ], [ -86.647434, 35.793089 ], [ -86.647347, 35.793647 ], [ -86.647325, 35.79378 ], [ -86.647263, 35.79418 ], [ -86.647243, 35.794314 ], [ -86.647234, 35.794373 ], [ -86.647094, 35.795269 ], [ -86.647049, 35.795558 ], [ -86.64445, 35.79537 ], [ -86.643487, 35.795301 ], [ -86.642355, 35.79522 ], [ -86.638959, 35.794977 ], [ -86.637827, 35.794896 ], [ -86.637791, 35.794827 ], [ -86.637398, 35.794793 ], [ -86.635989, 35.794675 ], [ -86.635629, 35.794645 ], [ -86.635521, 35.794627 ], [ -86.633042, 35.794523 ], [ -86.632088, 35.794484 ], [ -86.631989, 35.79542 ], [ -86.626462, 35.795006 ], [ -86.624981, 35.794895 ], [ -86.623997, 35.794762 ], [ -86.623941, 35.794636 ], [ -86.623885, 35.794508 ], [ -86.623837, 35.794223 ], [ -86.62383, 35.794179 ], [ -86.623828, 35.794082 ], [ -86.623823, 35.793965 ], [ -86.623825, 35.793814 ], [ -86.623829, 35.793703 ], [ -86.623793, 35.793276 ], [ -86.62377, 35.793015 ], [ -86.623766, 35.792958 ], [ -86.623771, 35.792747 ], [ -86.623776, 35.792573 ], [ -86.623783, 35.792378 ], [ -86.623739, 35.792054 ], [ -86.62373, 35.791983 ], [ -86.62371, 35.791886 ], [ -86.623695, 35.791822 ], [ -86.623692, 35.791806 ], [ -86.623687, 35.791629 ], [ -86.623687, 35.791594 ], [ -86.623688, 35.791565 ], [ -86.62369, 35.79149 ], [ -86.623698, 35.791265 ], [ -86.623699, 35.791237 ], [ -86.623703, 35.791191 ], [ -86.618838, 35.790787 ], [ -86.61849, 35.790758 ], [ -86.613328, 35.790331 ], [ -86.613241, 35.790824 ], [ -86.611751, 35.799307 ], [ -86.610908, 35.804115 ], [ -86.610991, 35.804207 ], [ -86.611086, 35.804279 ], [ -86.611349, 35.80441 ], [ -86.611599, 35.804542 ], [ -86.611741, 35.804657 ], [ -86.611855, 35.804795 ], [ -86.611944, 35.804972 ], [ -86.611957, 35.804998 ], [ -86.612146, 35.805498 ], [ -86.612234, 35.805625 ], [ -86.612375, 35.805855 ], [ -86.612646, 35.80618 ], [ -86.612754, 35.806394 ], [ -86.612734, 35.806537 ], [ -86.612572, 35.806845 ], [ -86.612558, 35.806905 ], [ -86.612558, 35.80701 ], [ -86.612646, 35.807416 ], [ -86.612754, 35.807663 ], [ -86.612815, 35.807938 ], [ -86.612815, 35.808131 ], [ -86.612903, 35.808394 ], [ -86.613059, 35.80873 ], [ -86.613072, 35.808749 ], [ -86.613315, 35.809092 ], [ -86.613498, 35.809373 ], [ -86.613599, 35.80962 ], [ -86.613606, 35.809724 ], [ -86.613586, 35.809823 ], [ -86.613537, 35.809948 ], [ -86.613531, 35.809965 ], [ -86.613896, 35.809867 ], [ -86.614994, 35.809573 ], [ -86.61536, 35.809476 ], [ -86.616937, 35.809054 ], [ -86.619016, 35.808499 ], [ -86.619486, 35.807851 ], [ -86.61971, 35.807174 ], [ -86.619678, 35.806859 ], [ -86.619475, 35.805714 ], [ -86.619801, 35.805659 ], [ -86.622415, 35.805227 ], [ -86.622689, 35.806742 ], [ -86.622878, 35.806967 ], [ -86.623284, 35.807223 ], [ -86.623581, 35.807336 ], [ -86.624442, 35.807848 ], [ -86.624996, 35.808196 ], [ -86.625188, 35.808232 ], [ -86.625273, 35.808492 ], [ -86.625198, 35.808897 ], [ -86.624995, 35.80927 ], [ -86.624564, 35.810196 ], [ -86.623863, 35.812403 ], [ -86.623826, 35.812522 ], [ -86.623615, 35.81366 ], [ -86.623291, 35.815735 ], [ -86.622619, 35.815689 ], [ -86.622475, 35.81631 ], [ -86.621684, 35.816297 ], [ -86.620919, 35.815445 ], [ -86.618748, 35.815551 ], [ -86.618691, 35.816156 ], [ -86.618354, 35.81617 ], [ -86.617033, 35.816227 ], [ -86.61691, 35.813484 ], [ -86.61387, 35.813486 ], [ -86.613433, 35.813486 ], [ -86.612951, 35.813515 ], [ -86.612868, 35.813965 ], [ -86.612494, 35.816003 ], [ -86.61232, 35.816786 ], [ -86.612245, 35.817448 ], [ -86.612414, 35.817439 ], [ -86.612483, 35.817855 ], [ -86.612707, 35.819215 ], [ -86.612722, 35.819309 ], [ -86.612512, 35.820392 ], [ -86.612109, 35.82237 ], [ -86.611996, 35.823148 ], [ -86.611806, 35.824469 ], [ -86.611816, 35.824558 ], [ -86.612657, 35.824739 ], [ -86.613209, 35.824648 ], [ -86.613506, 35.824671 ], [ -86.616046, 35.825127 ], [ -86.619306, 35.82566 ], [ -86.619792, 35.82574 ], [ -86.622262, 35.826074 ], [ -86.624995, 35.826445 ], [ -86.626027, 35.826526 ], [ -86.626018, 35.826738 ], [ -86.626009, 35.826859 ], [ -86.625984, 35.827288 ], [ -86.625889, 35.828944 ], [ -86.625858, 35.829499 ], [ -86.625661, 35.831165 ], [ -86.625534, 35.832249 ], [ -86.624995, 35.832202 ], [ -86.622427, 35.831981 ], [ -86.621611, 35.831869 ], [ -86.619949, 35.831643 ], [ -86.617335, 35.831287 ], [ -86.617084, 35.833264 ], [ -86.616949, 35.834334 ], [ -86.616383, 35.838795 ], [ -86.608358, 35.838738 ], [ -86.608061, 35.838735 ], [ -86.60343, 35.838704 ], [ -86.603384, 35.839017 ], [ -86.603247, 35.839957 ], [ -86.603221, 35.84014 ], [ -86.60309, 35.840161 ], [ -86.602988, 35.840177 ], [ -86.602683, 35.840228 ], [ -86.602582, 35.840246 ], [ -86.602562, 35.840481 ], [ -86.602544, 35.840576 ], [ -86.602505, 35.840663 ], [ -86.602463, 35.84071 ], [ -86.602401, 35.840769 ], [ -86.602333, 35.840811 ], [ -86.602228, 35.840853 ], [ -86.601992, 35.840958 ], [ -86.601931, 35.840997 ], [ -86.6019, 35.841022 ], [ -86.601851, 35.841062 ], [ -86.601752, 35.841161 ], [ -86.601598, 35.841331 ], [ -86.601547, 35.841417 ], [ -86.601506, 35.841498 ], [ -86.60149, 35.841567 ], [ -86.60146, 35.841759 ], [ -86.601443, 35.841963 ], [ -86.601439, 35.84208 ], [ -86.601445, 35.842213 ], [ -86.60147, 35.84242 ], [ -86.601515, 35.842691 ], [ -86.601581, 35.842973 ], [ -86.601662, 35.843448 ], [ -86.601676, 35.843608 ], [ -86.601658, 35.843943 ], [ -86.601659, 35.84411 ], [ -86.601655, 35.844224 ], [ -86.601649, 35.844268 ], [ -86.60162, 35.844535 ], [ -86.601527, 35.844738 ], [ -86.601433, 35.844855 ], [ -86.601356, 35.844927 ], [ -86.601222, 35.845021 ], [ -86.601026, 35.84514 ], [ -86.601178, 35.846465 ], [ -86.601457, 35.848891 ], [ -86.600221, 35.849847 ], [ -86.600032, 35.849994 ], [ -86.600167, 35.851081 ], [ -86.600176, 35.851168 ], [ -86.600209, 35.851429 ], [ -86.600221, 35.851519 ], [ -86.600428, 35.853185 ], [ -86.603678, 35.85388 ], [ -86.605079, 35.85418 ], [ -86.605137, 35.85492 ], [ -86.605294, 35.854993 ], [ -86.605648, 35.855156 ], [ -86.607099, 35.855828 ], [ -86.60617, 35.858975 ], [ -86.61208, 35.859906 ], [ -86.612056, 35.85997 ], [ -86.612675, 35.861088 ], [ -86.612721, 35.861139 ], [ -86.612944, 35.861378 ], [ -86.613419, 35.861569 ], [ -86.614013, 35.861672 ], [ -86.614596, 35.861735 ], [ -86.614863, 35.861895 ], [ -86.615309, 35.862103 ], [ -86.615597, 35.862343 ], [ -86.615757, 35.862585 ], [ -86.616006, 35.863027 ], [ -86.616665, 35.863577 ], [ -86.616781, 35.863666 ], [ -86.616808, 35.863685 ], [ -86.616893, 35.86375 ], [ -86.616923, 35.863772 ], [ -86.617228, 35.86399 ], [ -86.617427, 35.864132 ], [ -86.617627, 35.864478 ], [ -86.617698, 35.864978 ], [ -86.617502, 35.865342 ], [ -86.617475, 35.865673 ], [ -86.617617, 35.866285 ], [ -86.61766, 35.866971 ], [ -86.617901, 35.867486 ], [ -86.618032, 35.867913 ], [ -86.617905, 35.86818 ], [ -86.617561, 35.868512 ], [ -86.617296, 35.868812 ], [ -86.617122, 35.869425 ], [ -86.617144, 35.869829 ], [ -86.617188, 35.869932 ], [ -86.617315, 35.870223 ], [ -86.618209, 35.871074 ], [ -86.618408, 35.871243 ], [ -86.618556, 35.871339 ], [ -86.618698, 35.871919 ], [ -86.619104, 35.873619 ], [ -86.619485, 35.875064 ], [ -86.621372, 35.882569 ], [ -86.619588, 35.883715 ], [ -86.615513, 35.882778 ], [ -86.614713, 35.883226 ], [ -86.613771, 35.883756 ], [ -86.615109, 35.889341 ], [ -86.615132, 35.88944 ], [ -86.61626, 35.894148 ], [ -86.616933, 35.896957 ], [ -86.61763, 35.899864 ], [ -86.624243, 35.905421 ], [ -86.624994, 35.906052 ], [ -86.62544, 35.906411 ], [ -86.625835, 35.90673 ], [ -86.626345, 35.907251 ], [ -86.626592, 35.907733 ], [ -86.626927, 35.908502 ], [ -86.627157, 35.908857 ], [ -86.627338, 35.909018 ], [ -86.62757, 35.909225 ], [ -86.627624, 35.90958 ], [ -86.628, 35.910163 ], [ -86.62791, 35.910961 ], [ -86.62731, 35.911574 ], [ -86.626625, 35.91249 ], [ -86.626216, 35.913181 ], [ -86.626532, 35.914281 ], [ -86.626884, 35.914956 ], [ -86.626978, 35.915135 ], [ -86.626851, 35.915866 ], [ -86.62652, 35.916784 ], [ -86.625878, 35.918348 ], [ -86.625468, 35.919017 ], [ -86.624995, 35.920343 ], [ -86.619121, 35.933946 ], [ -86.616395, 35.940263 ], [ -86.615923, 35.941417 ], [ -86.615817, 35.941677 ], [ -86.61571, 35.941937 ], [ -86.615032, 35.943593 ], [ -86.614985, 35.943708 ], [ -86.621556, 35.950422 ], [ -86.62166, 35.950528 ], [ -86.621683, 35.950552 ], [ -86.622461, 35.951346 ], [ -86.623629, 35.952539 ], [ -86.623733, 35.952645 ], [ -86.623788, 35.952701 ], [ -86.624984, 35.953923 ], [ -86.624949, 35.954122 ], [ -86.625152, 35.954425 ], [ -86.625153, 35.954574 ], [ -86.624639, 35.958145 ], [ -86.624585, 35.958169 ], [ -86.623629, 35.95805 ], [ -86.623501, 35.958047 ], [ -86.622363, 35.958019 ], [ -86.622195, 35.959463 ], [ -86.622201, 35.962161 ], [ -86.622203, 35.962643 ], [ -86.622024, 35.963913 ], [ -86.622003, 35.964058 ], [ -86.623058, 35.964013 ], [ -86.623658, 35.964169 ], [ -86.62401, 35.964492 ], [ -86.624027, 35.96453 ], [ -86.625036, 35.966706 ], [ -86.624923, 35.966758 ], [ -86.622753, 35.967744 ], [ -86.622618, 35.967807 ], [ -86.622266, 35.967968 ], [ -86.622047, 35.968068 ], [ -86.621911, 35.968232 ], [ -86.621783, 35.968145 ], [ -86.620811, 35.967997 ], [ -86.620309, 35.967921 ], [ -86.619946, 35.967867 ], [ -86.618928, 35.967712 ], [ -86.6189, 35.967963 ], [ -86.618899, 35.968141 ], [ -86.618896, 35.968163 ], [ -86.618893, 35.968208 ], [ -86.618892, 35.968224 ], [ -86.618845, 35.96822 ], [ -86.618704, 35.968208 ], [ -86.618658, 35.968205 ], [ -86.614415, 35.967785 ], [ -86.61439, 35.967946 ], [ -86.614363, 35.968114 ], [ -86.614357, 35.968149 ], [ -86.614336, 35.968283 ], [ -86.613688, 35.972391 ], [ -86.613646, 35.975552 ], [ -86.610425, 35.975468 ], [ -86.609822, 35.97863 ], [ -86.609595, 35.979822 ], [ -86.607995, 35.979772 ], [ -86.607743, 35.981573 ], [ -86.607728, 35.98168 ], [ -86.607701, 35.982015 ], [ -86.607598, 35.983343 ], [ -86.607575, 35.983638 ], [ -86.607547, 35.983784 ], [ -86.607285, 35.985152 ], [ -86.607225, 35.985472 ], [ -86.610086, 35.985755 ], [ -86.61005, 35.986733 ], [ -86.610007, 35.987902 ], [ -86.609999, 35.988126 ], [ -86.609981, 35.988236 ], [ -86.609928, 35.988567 ], [ -86.609911, 35.988678 ], [ -86.609837, 35.989192 ], [ -86.609618, 35.990735 ], [ -86.609591, 35.990926 ], [ -86.609916, 35.990964 ], [ -86.612077, 35.991215 ], [ -86.615588, 35.991624 ], [ -86.615048, 35.994569 ], [ -86.614656, 35.99671 ], [ -86.614613, 35.996944 ], [ -86.614484, 35.997647 ], [ -86.614442, 35.997882 ], [ -86.614345, 35.998409 ], [ -86.612961, 36.00596 ], [ -86.612745, 36.00721 ], [ -86.612734, 36.007273 ], [ -86.612719, 36.007355 ], [ -86.612691, 36.007523 ], [ -86.612335, 36.009994 ], [ -86.611849, 36.010081 ], [ -86.611703, 36.010116 ], [ -86.611328, 36.010259 ], [ -86.611224, 36.010271 ], [ -86.611071, 36.010266 ], [ -86.610786, 36.010206 ], [ -86.610716, 36.010217 ], [ -86.610626, 36.010274 ], [ -86.610578, 36.01032 ], [ -86.610543, 36.010342 ], [ -86.610439, 36.010343 ], [ -86.610007, 36.010288 ], [ -86.609848, 36.010278 ], [ -86.60957, 36.010279 ], [ -86.609243, 36.010332 ], [ -86.608972, 36.010401 ], [ -86.60866, 36.010454 ], [ -86.608543, 36.010466 ], [ -86.608489, 36.010471 ], [ -86.608432, 36.010472 ], [ -86.608338, 36.010472 ], [ -86.608237, 36.010461 ], [ -86.608169, 36.010423 ], [ -86.608034, 36.01028 ], [ -86.607979, 36.010258 ], [ -86.607912, 36.010264 ], [ -86.607695, 36.010407 ], [ -86.607607, 36.010407 ], [ -86.607384, 36.010357 ], [ -86.607249, 36.010401 ], [ -86.607141, 36.010517 ], [ -86.606952, 36.010654 ], [ -86.606891, 36.010682 ], [ -86.606776, 36.010682 ], [ -86.606613, 36.010643 ], [ -86.60641, 36.010511 ], [ -86.60618, 36.010385 ], [ -86.606058, 36.010286 ], [ -86.60595, 36.01022 ], [ -86.605876, 36.010193 ], [ -86.605822, 36.010187 ], [ -86.605693, 36.010253 ], [ -86.605504, 36.010413 ], [ -86.605375, 36.01049 ], [ -86.605247, 36.010539 ], [ -86.604997, 36.010583 ], [ -86.60478, 36.010622 ], [ -86.604675, 36.010682 ], [ -86.604494, 36.010781 ], [ -86.604324, 36.010824 ], [ -86.604162, 36.010845 ], [ -86.604028, 36.010843 ], [ -86.603944, 36.01083 ], [ -86.603853, 36.010811 ], [ -86.603733, 36.010849 ], [ -86.603543, 36.01088 ], [ -86.603367, 36.010923 ], [ -86.602956, 36.011042 ], [ -86.602738, 36.011095 ], [ -86.602491, 36.011125 ], [ -86.602379, 36.01115 ], [ -86.601888, 36.011397 ], [ -86.601853, 36.011404 ], [ -86.601731, 36.011452 ], [ -86.601608, 36.011519 ], [ -86.601549, 36.011541 ], [ -86.6015, 36.011552 ], [ -86.60129, 36.011612 ], [ -86.600742, 36.011876 ], [ -86.600316, 36.012151 ], [ -86.600134, 36.012283 ], [ -86.599931, 36.01247 ], [ -86.599282, 36.013163 ], [ -86.599053, 36.013453 ], [ -86.599023, 36.01349 ], [ -86.598935, 36.0136 ], [ -86.598906, 36.013638 ], [ -86.598875, 36.013676 ], [ -86.598869, 36.013685 ], [ -86.598788, 36.013793 ], [ -86.598759, 36.013833 ], [ -86.59873, 36.01387 ], [ -86.598645, 36.013984 ], [ -86.598618, 36.014022 ], [ -86.598504, 36.014174 ], [ -86.598051, 36.014735 ], [ -86.597931, 36.014869 ], [ -86.597685, 36.015292 ], [ -86.596922, 36.016467 ], [ -86.596577, 36.016947 ], [ -86.595927, 36.017805 ], [ -86.595454, 36.018596 ], [ -86.594983, 36.019316 ], [ -86.594541, 36.019819 ], [ -86.594333, 36.020072 ], [ -86.594291, 36.020104 ], [ -86.594119, 36.020261 ], [ -86.593944, 36.020452 ], [ -86.593831, 36.020535 ], [ -86.593761, 36.020579 ], [ -86.593704, 36.020633 ], [ -86.593652, 36.020669 ], [ -86.593346, 36.020925 ], [ -86.593147, 36.021114 ], [ -86.59299, 36.021242 ], [ -86.59282, 36.021356 ], [ -86.592534, 36.021515 ], [ -86.592184, 36.021772 ], [ -86.592052, 36.021866 ], [ -86.592027, 36.021884 ], [ -86.591761, 36.022055 ], [ -86.591604, 36.022277 ], [ -86.591529, 36.022599 ], [ -86.591652, 36.022892 ], [ -86.591891, 36.023103 ], [ -86.592, 36.023292 ], [ -86.592034, 36.023541 ], [ -86.591986, 36.023774 ], [ -86.591877, 36.023945 ], [ -86.591618, 36.024129 ], [ -86.591263, 36.024206 ], [ -86.590997, 36.024189 ], [ -86.590335, 36.024029 ], [ -86.590185, 36.024067 ], [ -86.589652, 36.024461 ], [ -86.589407, 36.024528 ], [ -86.588976, 36.024605 ], [ -86.588655, 36.024854 ], [ -86.588485, 36.02501 ], [ -86.58826, 36.025143 ], [ -86.587871, 36.025409 ], [ -86.587553, 36.025529 ], [ -86.587499, 36.025548 ], [ -86.587475, 36.025558 ], [ -86.5873, 36.025604 ], [ -86.587089, 36.025658 ], [ -86.586913, 36.025675 ], [ -86.586385, 36.025664 ], [ -86.586067, 36.025725 ], [ -86.585905, 36.025791 ], [ -86.585309, 36.026033 ], [ -86.585039, 36.026109 ], [ -86.584741, 36.026137 ], [ -86.584146, 36.02628 ], [ -86.583814, 36.026335 ], [ -86.583456, 36.02633 ], [ -86.583117, 36.026451 ], [ -86.582994, 36.026482 ], [ -86.582833, 36.026521 ], [ -86.582653, 36.026601 ], [ -86.582488, 36.026675 ], [ -86.58219, 36.026697 ], [ -86.581575, 36.026631 ], [ -86.581344, 36.026579 ], [ -86.581232, 36.026553 ], [ -86.580868, 36.026469 ], [ -86.580756, 36.026444 ], [ -86.580174, 36.026412 ], [ -86.579754, 36.026453 ], [ -86.579511, 36.026478 ], [ -86.579384, 36.026498 ], [ -86.578841, 36.026578 ], [ -86.578632, 36.026638 ], [ -86.578483, 36.026803 ], [ -86.578344, 36.026921 ], [ -86.578205, 36.027039 ], [ -86.578061, 36.027097 ], [ -86.578055, 36.027181 ], [ -86.577989, 36.027243 ], [ -86.577955, 36.027276 ], [ -86.577818, 36.027318 ], [ -86.577333, 36.027468 ], [ -86.577287, 36.027509 ], [ -86.577148, 36.027638 ], [ -86.576959, 36.027811 ], [ -86.576507, 36.028364 ], [ -86.576466, 36.028399 ], [ -86.576274, 36.028569 ], [ -86.576125, 36.028698 ], [ -86.576045, 36.028769 ], [ -86.576, 36.028809 ], [ -86.575398, 36.029411 ], [ -86.575184, 36.029627 ], [ -86.5751, 36.029711 ], [ -86.574613, 36.02987 ], [ -86.57416, 36.029945 ], [ -86.574024, 36.029969 ], [ -86.573111, 36.030189 ], [ -86.572583, 36.0307 ], [ -86.572347, 36.030767 ], [ -86.572095, 36.03086 ], [ -86.571978, 36.030954 ], [ -86.57194, 36.031007 ], [ -86.571934, 36.031086 ], [ -86.572035, 36.031387 ], [ -86.57211, 36.031591 ], [ -86.572114, 36.031703 ], [ -86.572117, 36.031756 ], [ -86.571934, 36.032008 ], [ -86.571296, 36.032353 ], [ -86.570811, 36.032615 ], [ -86.570723, 36.032663 ], [ -86.570504, 36.032759 ], [ -86.570202, 36.032893 ], [ -86.569979, 36.033064 ], [ -86.569877, 36.03341 ], [ -86.569654, 36.033613 ], [ -86.569622, 36.033638 ], [ -86.569343, 36.033861 ], [ -86.56923, 36.034019 ], [ -86.569018, 36.034317 ], [ -86.568974, 36.034328 ], [ -86.568761, 36.034388 ], [ -86.568348, 36.0343 ], [ -86.568023, 36.034256 ], [ -86.567769, 36.034309 ], [ -86.567529, 36.034361 ], [ -86.567378, 36.034427 ], [ -86.567344, 36.034441 ], [ -86.567315, 36.034454 ], [ -86.567242, 36.034485 ], [ -86.567207, 36.034496 ], [ -86.566825, 36.034614 ], [ -86.566494, 36.034652 ], [ -86.566289, 36.034616 ], [ -86.565993, 36.034564 ], [ -86.565668, 36.034614 ], [ -86.564768, 36.034894 ], [ -86.564119, 36.035037 ], [ -86.563535, 36.035089 ], [ -86.562894, 36.035147 ], [ -86.562603, 36.035207 ], [ -86.562427, 36.035323 ], [ -86.562231, 36.035598 ], [ -86.562162, 36.035744 ], [ -86.561859, 36.036395 ], [ -86.561744, 36.037087 ], [ -86.561608, 36.037543 ], [ -86.56145, 36.037717 ], [ -86.56127, 36.037917 ], [ -86.560947, 36.038218 ], [ -86.560932, 36.03828 ], [ -86.560917, 36.038342 ], [ -86.560892, 36.038497 ], [ -86.56087, 36.038639 ], [ -86.560822, 36.038936 ], [ -86.560768, 36.039278 ], [ -86.560758, 36.03934 ], [ -86.560713, 36.039621 ], [ -86.560677, 36.039845 ], [ -86.561875, 36.041504 ], [ -86.563121, 36.04322 ], [ -86.565363, 36.046306 ], [ -86.565936, 36.047692 ], [ -86.566158, 36.048226 ], [ -86.566256, 36.048465 ], [ -86.566379, 36.048762 ], [ -86.565485, 36.05085 ], [ -86.565042, 36.051885 ], [ -86.563644, 36.052981 ], [ -86.562073, 36.054214 ], [ -86.561704, 36.05622 ], [ -86.561439, 36.057662 ], [ -86.561793, 36.058282 ], [ -86.561998, 36.058641 ], [ -86.56387, 36.061917 ], [ -86.564292, 36.063579 ], [ -86.562525, 36.063921 ], [ -86.562275, 36.065163 ], [ -86.563197, 36.066172 ], [ -86.561685, 36.068418 ], [ -86.561685, 36.06742 ], [ -86.55739, 36.065718 ], [ -86.550486, 36.065322 ], [ -86.546487, 36.06652 ], [ -86.54609, 36.077518 ], [ -86.546879, 36.078406 ], [ -86.548486, 36.080218 ], [ -86.548581, 36.081282 ], [ -86.54899, 36.085916 ], [ -86.546884, 36.087817 ], [ -86.545091, 36.086618 ], [ -86.543857, 36.084095 ], [ -86.543645, 36.083662 ], [ -86.540689, 36.077619 ], [ -86.538988, 36.076621 ], [ -86.529489, 36.077521 ], [ -86.52749, 36.07402 ], [ -86.532884, 36.060019 ], [ -86.531699, 36.058664 ], [ -86.530786, 36.05762 ], [ -86.529327, 36.057156 ], [ -86.528588, 36.056921 ], [ -86.525689, 36.057318 ], [ -86.524682, 36.058631 ], [ -86.524384, 36.059021 ], [ -86.524988, 36.068918 ], [ -86.523286, 36.071021 ], [ -86.521083, 36.072395 ], [ -86.521023, 36.07238 ], [ -86.520867, 36.072333 ], [ -86.520686, 36.072292 ], [ -86.520442, 36.07221 ], [ -86.520367, 36.072199 ], [ -86.520005, 36.072054 ], [ -86.519655, 36.071943 ], [ -86.51909, 36.071615 ], [ -86.518765, 36.071324 ], [ -86.518447, 36.070959 ], [ -86.518166, 36.070612 ], [ -86.517932, 36.070345 ], [ -86.517745, 36.069995 ], [ -86.517275, 36.069386 ], [ -86.516822, 36.068925 ], [ -86.516383, 36.068463 ], [ -86.51596, 36.068147 ], [ -86.515477, 36.067795 ], [ -86.514934, 36.067492 ], [ -86.514285, 36.067166 ], [ -86.513607, 36.066863 ], [ -86.5132, 36.066633 ], [ -86.512836, 36.066557 ], [ -86.512595, 36.066536 ], [ -86.51231, 36.066586 ], [ -86.51198, 36.066709 ], [ -86.51156, 36.066845 ], [ -86.511095, 36.067055 ], [ -86.510601, 36.06735 ], [ -86.510032, 36.067621 ], [ -86.509687, 36.067757 ], [ -86.509207, 36.06793 ], [ -86.508742, 36.068017 ], [ -86.508066, 36.068044 ], [ -86.507406, 36.068169 ], [ -86.50676, 36.068209 ], [ -86.506174, 36.068309 ], [ -86.505694, 36.068445 ], [ -86.505274, 36.068532 ], [ -86.504643, 36.068584 ], [ -86.504027, 36.068611 ], [ -86.503592, 36.068637 ], [ -86.503097, 36.068785 ], [ -86.502511, 36.068873 ], [ -86.502298, 36.068875 ], [ -86.50197, 36.068876 ], [ -86.501444, 36.068865 ], [ -86.500857, 36.068758 ], [ -86.500807, 36.068746 ], [ -86.500755, 36.068736 ], [ -86.500318, 36.068628 ], [ -86.499992, 36.068496 ], [ -86.499957, 36.068483 ], [ -86.499776, 36.068362 ], [ -86.499519, 36.068094 ], [ -86.499201, 36.067827 ], [ -86.498824, 36.06756 ], [ -86.498538, 36.067439 ], [ -86.498296, 36.067294 ], [ -86.497889, 36.06699 ], [ -86.49748, 36.066589 ], [ -86.497072, 36.066139 ], [ -86.496769, 36.065738 ], [ -86.496586, 36.065348 ], [ -86.496524, 36.065055 ], [ -86.496401, 36.064702 ], [ -86.49625, 36.064446 ], [ -86.496006, 36.063934 ], [ -86.495898, 36.063544 ], [ -86.495911, 36.063251 ], [ -86.496059, 36.06286 ], [ -86.496185, 36.062563 ], [ -86.496252, 36.062407 ], [ -86.496489, 36.061857 ], [ -86.496906, 36.061306 ], [ -86.49719, 36.060988 ], [ -86.497893, 36.060582 ], [ -86.498493, 36.060323 ], [ -86.499258, 36.060052 ], [ -86.499978, 36.059963 ], [ -86.500579, 36.059973 ], [ -86.501181, 36.060019 ], [ -86.502005, 36.060209 ], [ -86.502697, 36.060368 ], [ -86.503377, 36.060413 ], [ -86.504745, 36.060407 ], [ -86.505767, 36.060464 ], [ -86.506563, 36.060448 ], [ -86.50769, 36.060456 ], [ -86.508697, 36.06039 ], [ -86.509402, 36.060241 ], [ -86.509986, 36.059994 ], [ -86.510406, 36.059761 ], [ -86.510764, 36.059393 ], [ -86.510912, 36.059099 ], [ -86.510985, 36.058684 ], [ -86.510997, 36.058281 ], [ -86.510971, 36.057738 ], [ -86.510846, 36.057055 ], [ -86.510603, 36.056543 ], [ -86.510118, 36.055984 ], [ -86.509634, 36.055473 ], [ -86.50882, 36.055013 ], [ -86.508187, 36.054796 ], [ -86.507498, 36.054598 ], [ -86.506695, 36.054531 ], [ -86.5061, 36.054474 ], [ -86.505673, 36.05445 ], [ -86.505012, 36.054441 ], [ -86.504188, 36.054325 ], [ -86.503556, 36.054108 ], [ -86.502923, 36.053818 ], [ -86.502591, 36.053575 ], [ -86.502288, 36.053186 ], [ -86.501773, 36.052553 ], [ -86.501551, 36.052174 ], [ -86.5014, 36.051828 ], [ -86.501397, 36.051316 ], [ -86.501394, 36.050827 ], [ -86.501465, 36.050168 ], [ -86.501536, 36.049533 ], [ -86.501575, 36.048666 ], [ -86.501479, 36.047739 ], [ -86.501355, 36.047129 ], [ -86.501216, 36.046532 ], [ -86.501124, 36.046117 ], [ -86.500909, 36.045446 ], [ -86.50068, 36.044825 ], [ -86.500435, 36.044179 ], [ -86.500221, 36.043533 ], [ -86.500007, 36.043046 ], [ -86.499764, 36.04257 ], [ -86.499461, 36.042181 ], [ -86.499068, 36.041743 ], [ -86.498585, 36.041355 ], [ -86.498177, 36.04099 ], [ -86.497604, 36.040675 ], [ -86.497151, 36.040384 ], [ -86.496503, 36.039996 ], [ -86.495202, 36.03969 ], [ -86.494923, 36.039542 ], [ -86.49449, 36.039284 ], [ -86.493353, 36.038641 ], [ -86.492588, 36.038499 ], [ -86.491181, 36.038862 ], [ -86.490146, 36.039417 ], [ -86.48838, 36.040067 ], [ -86.486959, 36.040089 ], [ -86.486215, 36.040276 ], [ -86.485981, 36.039707 ], [ -86.485883, 36.03959 ], [ -86.48574, 36.039227 ], [ -86.485598, 36.038903 ], [ -86.485483, 36.03859 ], [ -86.48528, 36.038238 ], [ -86.485137, 36.038117 ], [ -86.48488, 36.03793 ], [ -86.484636, 36.037853 ], [ -86.48442, 36.037661 ], [ -86.484149, 36.037463 ], [ -86.483966, 36.037419 ], [ -86.483831, 36.037409 ], [ -86.483709, 36.037365 ], [ -86.483513, 36.037216 ], [ -86.483242, 36.036925 ], [ -86.483194, 36.036716 ], [ -86.483221, 36.036425 ], [ -86.483228, 36.036051 ], [ -86.483289, 36.035864 ], [ -86.483417, 36.035562 ], [ -86.483667, 36.03521 ], [ -86.484012, 36.034765 ], [ -86.484201, 36.034479 ], [ -86.484485, 36.034188 ], [ -86.484891, 36.03372 ], [ -86.484972, 36.033374 ], [ -86.485073, 36.033198 ], [ -86.485168, 36.033099 ], [ -86.485215, 36.033006 ], [ -86.485202, 36.032846 ], [ -86.485161, 36.032621 ], [ -86.485161, 36.032484 ], [ -86.485215, 36.032368 ], [ -86.485174, 36.032231 ], [ -86.485079, 36.031995 ], [ -86.484883, 36.031627 ], [ -86.484673, 36.031033 ], [ -86.484585, 36.030885 ], [ -86.484436, 36.030736 ], [ -86.484199, 36.030451 ], [ -86.483881, 36.030154 ], [ -86.483828, 36.030058 ], [ -86.483745, 36.029907 ], [ -86.483522, 36.029621 ], [ -86.483278, 36.029418 ], [ -86.482872, 36.029044 ], [ -86.482798, 36.028956 ], [ -86.48273, 36.028758 ], [ -86.482059, 36.027868 ], [ -86.48195, 36.027728 ], [ -86.483182, 36.027766 ], [ -86.483889, 36.027787 ], [ -86.483988, 36.02779 ], [ -86.483821, 36.028798 ], [ -86.483749, 36.029268 ], [ -86.486032, 36.0293 ], [ -86.487325, 36.028017 ], [ -86.487684, 36.027656 ], [ -86.48907, 36.02765 ], [ -86.488866, 36.028405 ], [ -86.489703, 36.028383 ], [ -86.489621, 36.029 ], [ -86.489587, 36.029256 ], [ -86.491472, 36.029396 ], [ -86.491644, 36.029412 ], [ -86.491686, 36.029138 ], [ -86.491703, 36.029032 ], [ -86.491759, 36.028665 ], [ -86.491769, 36.028603 ], [ -86.491793, 36.028461 ], [ -86.491832, 36.028234 ], [ -86.491867, 36.028034 ], [ -86.491879, 36.027963 ], [ -86.491969, 36.027337 ], [ -86.492044, 36.026786 ], [ -86.492081, 36.026566 ], [ -86.492178, 36.026074 ], [ -86.492194, 36.025934 ], [ -86.492246, 36.025515 ], [ -86.492263, 36.025376 ], [ -86.492275, 36.025292 ], [ -86.4923, 36.025125 ], [ -86.492326, 36.024949 ], [ -86.492396, 36.024481 ], [ -86.492444, 36.024188 ], [ -86.492509, 36.023669 ], [ -86.492564, 36.023242 ], [ -86.492602, 36.023019 ], [ -86.492638, 36.022825 ], [ -86.492749, 36.022248 ], [ -86.492892, 36.021582 ], [ -86.492982, 36.021169 ], [ -86.493043, 36.020856 ], [ -86.493229, 36.019918 ], [ -86.493291, 36.019606 ], [ -86.493358, 36.019285 ], [ -86.493378, 36.019182 ], [ -86.493628, 36.017911 ], [ -86.493712, 36.017488 ], [ -86.493732, 36.017381 ], [ -86.493795, 36.017064 ], [ -86.493816, 36.016958 ], [ -86.493881, 36.016665 ], [ -86.494052, 36.01668 ], [ -86.49426, 36.016706 ], [ -86.495191, 36.016824 ], [ -86.495273, 36.016428 ], [ -86.495297, 36.016312 ], [ -86.495312, 36.01622 ], [ -86.495694, 36.016265 ], [ -86.496251, 36.016331 ], [ -86.497199, 36.016444 ], [ -86.497899, 36.016527 ], [ -86.498692, 36.016621 ], [ -86.498957, 36.016652 ], [ -86.499028, 36.016661 ], [ -86.50227, 36.017045 ], [ -86.501843, 36.017936 ], [ -86.501679, 36.018278 ], [ -86.501638, 36.018365 ], [ -86.502095, 36.018414 ], [ -86.502082, 36.01843 ], [ -86.501919, 36.018675 ], [ -86.501899, 36.018705 ], [ -86.501833, 36.018846 ], [ -86.501777, 36.018968 ], [ -86.50175, 36.019095 ], [ -86.501729, 36.019304 ], [ -86.501743, 36.019457 ], [ -86.501743, 36.019547 ], [ -86.501743, 36.019655 ], [ -86.501782, 36.019865 ], [ -86.50179, 36.019908 ], [ -86.501905, 36.020189 ], [ -86.502087, 36.020469 ], [ -86.502155, 36.02054 ], [ -86.502229, 36.020584 ], [ -86.502324, 36.020617 ], [ -86.502398, 36.020634 ], [ -86.502554, 36.020634 ], [ -86.502682, 36.020574 ], [ -86.502737, 36.020519 ], [ -86.502953, 36.020194 ], [ -86.503014, 36.019953 ], [ -86.503048, 36.019766 ], [ -86.503021, 36.019606 ], [ -86.50294, 36.019337 ], [ -86.502981, 36.019233 ], [ -86.503049, 36.019172 ], [ -86.503116, 36.01915 ], [ -86.503204, 36.01915 ], [ -86.50327, 36.019163 ], [ -86.503286, 36.019167 ], [ -86.503461, 36.019227 ], [ -86.503597, 36.019288 ], [ -86.503712, 36.019305 ], [ -86.503854, 36.019277 ], [ -86.504167, 36.019103 ], [ -86.504311, 36.019317 ], [ -86.505261, 36.020158 ], [ -86.505662, 36.020514 ], [ -86.506238, 36.021026 ], [ -86.506467, 36.02123 ], [ -86.506547, 36.021301 ], [ -86.506695, 36.021433 ], [ -86.506998, 36.021038 ], [ -86.507066, 36.021103 ], [ -86.507249, 36.021224 ], [ -86.507411, 36.021279 ], [ -86.507939, 36.021296 ], [ -86.508074, 36.021324 ], [ -86.508304, 36.021335 ], [ -86.508493, 36.021318 ], [ -86.508615, 36.021258 ], [ -86.508744, 36.021159 ], [ -86.508886, 36.021022 ], [ -86.509326, 36.020714 ], [ -86.509421, 36.020588 ], [ -86.509448, 36.020478 ], [ -86.509495, 36.02039 ], [ -86.50959, 36.020291 ], [ -86.509651, 36.020203 ], [ -86.509698, 36.020088 ], [ -86.509753, 36.019994 ], [ -86.509969, 36.019819 ], [ -86.510132, 36.019648 ], [ -86.51024, 36.019423 ], [ -86.510396, 36.019059 ], [ -86.509674, 36.018589 ], [ -86.509454, 36.018443 ], [ -86.509155, 36.018265 ], [ -86.510508, 36.018454 ], [ -86.511035, 36.018527 ], [ -86.5132, 36.018828 ], [ -86.513411, 36.018857 ], [ -86.514722, 36.019091 ], [ -86.514698, 36.019243 ], [ -86.514778, 36.019254 ], [ -86.514639, 36.019635 ], [ -86.514383, 36.021316 ], [ -86.514405, 36.021426 ], [ -86.514409, 36.021459 ], [ -86.51453, 36.021552 ], [ -86.515656, 36.021694 ], [ -86.516513, 36.021874 ], [ -86.516612, 36.021895 ], [ -86.517746, 36.021999 ], [ -86.517851, 36.021969 ], [ -86.517915, 36.021907 ], [ -86.517956, 36.021865 ], [ -86.517996, 36.021803 ], [ -86.518013, 36.021693 ], [ -86.518092, 36.021433 ], [ -86.518146, 36.021316 ], [ -86.518184, 36.021286 ], [ -86.518358, 36.021311 ], [ -86.520099, 36.02149 ], [ -86.520141, 36.021497 ], [ -86.52043, 36.019857 ], [ -86.525964, 36.020664 ], [ -86.526731, 36.020736 ], [ -86.527133, 36.020799 ], [ -86.52779, 36.020902 ], [ -86.52834, 36.020994 ], [ -86.528742, 36.021062 ], [ -86.528785, 36.021063 ], [ -86.528914, 36.021068 ], [ -86.528958, 36.02107 ], [ -86.529163, 36.021077 ], [ -86.52923, 36.021084 ], [ -86.530042, 36.021179 ], [ -86.530313, 36.021211 ], [ -86.531236, 36.021337 ], [ -86.534006, 36.021717 ], [ -86.534857, 36.021834 ], [ -86.53493, 36.021845 ], [ -86.535216, 36.021888 ], [ -86.535487, 36.021918 ], [ -86.536163, 36.021993 ], [ -86.537165, 36.022079 ], [ -86.537725, 36.022128 ], [ -86.538563, 36.022243 ], [ -86.539363, 36.022353 ], [ -86.539515, 36.022364 ], [ -86.539666, 36.02237 ], [ -86.539835, 36.022367 ], [ -86.540185, 36.022337 ], [ -86.540725, 36.022271 ], [ -86.54098, 36.022232 ], [ -86.541083, 36.022201 ], [ -86.541221, 36.022161 ], [ -86.541362, 36.022109 ], [ -86.54172, 36.021934 ], [ -86.541848, 36.021847 ], [ -86.541785, 36.021751 ], [ -86.541677, 36.021547 ], [ -86.541408, 36.021033 ], [ -86.541288, 36.020819 ], [ -86.541175, 36.020641 ], [ -86.541167, 36.020628 ], [ -86.541072, 36.020503 ], [ -86.540955, 36.020377 ], [ -86.540843, 36.020258 ], [ -86.540564, 36.019995 ], [ -86.540445, 36.019883 ], [ -86.540321, 36.0197 ], [ -86.540254, 36.019527 ], [ -86.540207, 36.019289 ], [ -86.540197, 36.019138 ], [ -86.540226, 36.018725 ], [ -86.540261, 36.01847 ], [ -86.54028, 36.018338 ], [ -86.540355, 36.017969 ], [ -86.540366, 36.017935 ], [ -86.540432, 36.017744 ], [ -86.540452, 36.017701 ], [ -86.540544, 36.017505 ], [ -86.540699, 36.017306 ], [ -86.540814, 36.017183 ], [ -86.540898, 36.017112 ], [ -86.54109, 36.016952 ], [ -86.541338, 36.01674 ], [ -86.542082, 36.016106 ], [ -86.542106, 36.016086 ], [ -86.542285, 36.015852 ], [ -86.542306, 36.015824 ], [ -86.542393, 36.015698 ], [ -86.54257, 36.015444 ], [ -86.542705, 36.015229 ], [ -86.542806, 36.015071 ], [ -86.54307, 36.014679 ], [ -86.543144, 36.014571 ], [ -86.543195, 36.014393 ], [ -86.543435, 36.013318 ], [ -86.543538, 36.012858 ], [ -86.543578, 36.012664 ], [ -86.543702, 36.012082 ], [ -86.543744, 36.011889 ], [ -86.5438, 36.011647 ], [ -86.543888, 36.011269 ], [ -86.543943, 36.011056 ], [ -86.543984, 36.010927 ], [ -86.544013, 36.01086 ], [ -86.544123, 36.010725 ], [ -86.543881, 36.010548 ], [ -86.543364, 36.01017 ], [ -86.543167, 36.010009 ], [ -86.542936, 36.00982 ], [ -86.542502, 36.009444 ], [ -86.542212, 36.00917 ], [ -86.542099, 36.009063 ], [ -86.541788, 36.008779 ], [ -86.541441, 36.008404 ], [ -86.540904, 36.007813 ], [ -86.540855, 36.007756 ], [ -86.540394, 36.007227 ], [ -86.540224, 36.007035 ], [ -86.539941, 36.006716 ], [ -86.539795, 36.006546 ], [ -86.539834, 36.006321 ], [ -86.540024, 36.006544 ], [ -86.540845, 36.007482 ], [ -86.540998, 36.007653 ], [ -86.541518, 36.008232 ], [ -86.542253, 36.008982 ], [ -86.542776, 36.009454 ], [ -86.543256, 36.009862 ], [ -86.543857, 36.010322 ], [ -86.54423, 36.010594 ], [ -86.54488, 36.011042 ], [ -86.545364, 36.011332 ], [ -86.545663, 36.011512 ], [ -86.546368, 36.011903 ], [ -86.546909, 36.012178 ], [ -86.547404, 36.012429 ], [ -86.548806, 36.013004 ], [ -86.549425, 36.013235 ], [ -86.549974, 36.01341 ], [ -86.551248, 36.013752 ], [ -86.551634, 36.013848 ], [ -86.553676, 36.014356 ], [ -86.55478, 36.014632 ], [ -86.556055, 36.014949 ], [ -86.556356, 36.015024 ], [ -86.557299, 36.015265 ], [ -86.558623, 36.015572 ], [ -86.559494, 36.015774 ], [ -86.560293, 36.015977 ], [ -86.561708, 36.016338 ], [ -86.564057, 36.016936 ], [ -86.564386, 36.01702 ], [ -86.56626, 36.017478 ], [ -86.566421, 36.017521 ], [ -86.566531, 36.01755 ], [ -86.56684, 36.017629 ], [ -86.567533, 36.017803 ], [ -86.568442, 36.018026 ], [ -86.569531, 36.018297 ], [ -86.569639, 36.018324 ], [ -86.570439, 36.018523 ], [ -86.571394, 36.01876 ], [ -86.572692, 36.019083 ], [ -86.575391, 36.01975 ], [ -86.57665, 36.020061 ], [ -86.578317, 36.020473 ], [ -86.578315, 36.020315 ], [ -86.578309, 36.019352 ], [ -86.578307, 36.019032 ], [ -86.578307, 36.018844 ], [ -86.578306, 36.018829 ], [ -86.578297, 36.01822 ], [ -86.578294, 36.018018 ], [ -86.578293, 36.017967 ], [ -86.57829, 36.017939 ], [ -86.578272, 36.017705 ], [ -86.578267, 36.017628 ], [ -86.578501, 36.017787 ], [ -86.578511, 36.017794 ], [ -86.57859, 36.017842 ], [ -86.578637, 36.017841 ], [ -86.578701, 36.017792 ], [ -86.578764, 36.017672 ], [ -86.578944, 36.017222 ], [ -86.57905, 36.016959 ], [ -86.579146, 36.016723 ], [ -86.579438, 36.016017 ], [ -86.579535, 36.015782 ], [ -86.579585, 36.01569 ], [ -86.579738, 36.015414 ], [ -86.579789, 36.015323 ], [ -86.580185, 36.015442 ], [ -86.581374, 36.015801 ], [ -86.581447, 36.015823 ], [ -86.581778, 36.015892 ], [ -86.581819, 36.015629 ], [ -86.581944, 36.014844 ], [ -86.581986, 36.014582 ], [ -86.582103, 36.013763 ], [ -86.582198, 36.013104 ], [ -86.582496, 36.011314 ], [ -86.582633, 36.010499 ], [ -86.58291, 36.00879 ], [ -86.582954, 36.008524 ], [ -86.583203, 36.007029 ], [ -86.583202, 36.006876 ], [ -86.583159, 36.006559 ], [ -86.58315, 36.006401 ], [ -86.583157, 36.006295 ], [ -86.583232, 36.005803 ], [ -86.583396, 36.005593 ], [ -86.583526, 36.005526 ], [ -86.583705, 36.005486 ], [ -86.584274, 36.005463 ], [ -86.5846, 36.005441 ], [ -86.584746, 36.005401 ], [ -86.584916, 36.005314 ], [ -86.585158, 36.005078 ], [ -86.585361, 36.004882 ], [ -86.585554, 36.004564 ], [ -86.585787, 36.004192 ], [ -86.585851, 36.00404 ], [ -86.58589, 36.003821 ], [ -86.585888, 36.00357 ], [ -86.585886, 36.00332 ], [ -86.585885, 36.00312 ], [ -86.585911, 36.002908 ], [ -86.585941, 36.002757 ], [ -86.585976, 36.002581 ], [ -86.586026, 36.002337 ], [ -86.58612, 36.001869 ], [ -86.58617, 36.001564 ], [ -86.586245, 36.001108 ], [ -86.586218, 36.000797 ], [ -86.586134, 36.000507 ], [ -86.585877, 35.999853 ], [ -86.585794, 35.999563 ], [ -86.585741, 35.99929 ], [ -86.585593, 35.998519 ], [ -86.586552, 35.998616 ], [ -86.589432, 35.99891 ], [ -86.590392, 35.999008 ], [ -86.591314, 35.999108 ], [ -86.591404, 35.999118 ], [ -86.591659, 35.999164 ], [ -86.591952, 35.999275 ], [ -86.592214, 35.999432 ], [ -86.592476, 35.999643 ], [ -86.592926, 35.999964 ], [ -86.593244, 36.000088 ], [ -86.593826, 36.000162 ], [ -86.594157, 36.000204 ], [ -86.594471, 36.000237 ], [ -86.594749, 36.000266 ], [ -86.595049, 36.000297 ], [ -86.595951, 36.000391 ], [ -86.596252, 36.000423 ], [ -86.596292, 36.000128 ], [ -86.596331, 35.99985 ], [ -86.596385, 35.999248 ], [ -86.596384, 35.999239 ], [ -86.596383, 35.998942 ], [ -86.596382, 35.998848 ], [ -86.596379, 35.998566 ], [ -86.596379, 35.998473 ], [ -86.59639, 35.9983 ], [ -86.596426, 35.997784 ], [ -86.596438, 35.997612 ], [ -86.59644, 35.997575 ], [ -86.596448, 35.997464 ], [ -86.596451, 35.997428 ], [ -86.596506, 35.99703 ], [ -86.596671, 35.99584 ], [ -86.596727, 35.995443 ], [ -86.596746, 35.99531 ], [ -86.59675, 35.995234 ], [ -86.596754, 35.995221 ], [ -86.596812, 35.994596 ], [ -86.596832, 35.994385 ], [ -86.59686, 35.994139 ], [ -86.596945, 35.993405 ], [ -86.596974, 35.99316 ], [ -86.596999, 35.992966 ], [ -86.597074, 35.992434 ], [ -86.597163, 35.991891 ], [ -86.597167, 35.991837 ], [ -86.59718, 35.991677 ], [ -86.597185, 35.991624 ], [ -86.59726, 35.991061 ], [ -86.597327, 35.990571 ], [ -86.597478, 35.989371 ], [ -86.597549, 35.988808 ], [ -86.597562, 35.988709 ], [ -86.597602, 35.988414 ], [ -86.597616, 35.988316 ], [ -86.597654, 35.988059 ], [ -86.59777, 35.98729 ], [ -86.597809, 35.987034 ], [ -86.597848, 35.986781 ], [ -86.597969, 35.986022 ], [ -86.59801, 35.98577 ], [ -86.598236, 35.984276 ], [ -86.598293, 35.983906 ], [ -86.598332, 35.983626 ], [ -86.598376, 35.98332 ], [ -86.598432, 35.982934 ], [ -86.59854, 35.982094 ], [ -86.598695, 35.981181 ], [ -86.598816, 35.980421 ], [ -86.598911, 35.979793 ], [ -86.599138, 35.9783 ], [ -86.599139, 35.97829 ], [ -86.599145, 35.978255 ], [ -86.599191, 35.977947 ], [ -86.599308, 35.97718 ], [ -86.59933, 35.977024 ], [ -86.599374, 35.976716 ], [ -86.599437, 35.976266 ], [ -86.59947, 35.976036 ], [ -86.599531, 35.975527 ], [ -86.59955, 35.975241 ], [ -86.59955, 35.974909 ], [ -86.59955, 35.974652 ], [ -86.599568, 35.974456 ], [ -86.599602, 35.974126 ], [ -86.599619, 35.973969 ], [ -86.599732, 35.973165 ], [ -86.599735, 35.97314 ], [ -86.599785, 35.972812 ], [ -86.599849, 35.972382 ], [ -86.600027, 35.971346 ], [ -86.600099, 35.970935 ], [ -86.600136, 35.970765 ], [ -86.600218, 35.970333 ], [ -86.600433, 35.969328 ], [ -86.600683, 35.968061 ], [ -86.600722, 35.96788 ], [ -86.600889, 35.966973 ], [ -86.60092, 35.966807 ], [ -86.600966, 35.966524 ], [ -86.601135, 35.965508 ], [ -86.601076, 35.96526 ], [ -86.601017, 35.96513 ], [ -86.600935, 35.965008 ], [ -86.600829, 35.964915 ], [ -86.600777, 35.964877 ], [ -86.600715, 35.964833 ], [ -86.600492, 35.964696 ], [ -86.600275, 35.964577 ], [ -86.600141, 35.964481 ], [ -86.600008, 35.964376 ], [ -86.599852, 35.964218 ], [ -86.599807, 35.964161 ], [ -86.599745, 35.964065 ], [ -86.599712, 35.96399 ], [ -86.59969, 35.963922 ], [ -86.599696, 35.963763 ], [ -86.59979, 35.963162 ], [ -86.599895, 35.962496 ], [ -86.599906, 35.962422 ], [ -86.60001, 35.961714 ], [ -86.60017, 35.960687 ], [ -86.600229, 35.960314 ], [ -86.60055, 35.958311 ], [ -86.600563, 35.95814 ], [ -86.600561, 35.957993 ], [ -86.600534, 35.957811 ], [ -86.600479, 35.957662 ], [ -86.600406, 35.957529 ], [ -86.600337, 35.957431 ], [ -86.600262, 35.957344 ], [ -86.600146, 35.957244 ], [ -86.600044, 35.957175 ], [ -86.599938, 35.957114 ], [ -86.599806, 35.957055 ], [ -86.59962, 35.956992 ], [ -86.599463, 35.956951 ], [ -86.599008, 35.956869 ], [ -86.598564, 35.956815 ], [ -86.59808, 35.956757 ], [ -86.597667, 35.956707 ], [ -86.59752, 35.956684 ], [ -86.597333, 35.956642 ], [ -86.597045, 35.956535 ], [ -86.596866, 35.95644 ], [ -86.596826, 35.956419 ], [ -86.596706, 35.956356 ], [ -86.596666, 35.956335 ], [ -86.596639, 35.95632 ], [ -86.596558, 35.956278 ], [ -86.596531, 35.956264 ], [ -86.596543, 35.956245 ], [ -86.596583, 35.956189 ], [ -86.596597, 35.956171 ], [ -86.596623, 35.956135 ], [ -86.596696, 35.956048 ], [ -86.596816, 35.955941 ], [ -86.597013, 35.955801 ], [ -86.597268, 35.955635 ], [ -86.597469, 35.955437 ], [ -86.597629, 35.955293 ], [ -86.597829, 35.955149 ], [ -86.597844, 35.955139 ], [ -86.598368, 35.954895 ], [ -86.598542, 35.95482 ], [ -86.598892, 35.954684 ], [ -86.599179, 35.954582 ], [ -86.599376, 35.954533 ], [ -86.599425, 35.954524 ], [ -86.599529, 35.954516 ], [ -86.599718, 35.954512 ], [ -86.600001, 35.954514 ], [ -86.600488, 35.954505 ], [ -86.600705, 35.954486 ], [ -86.600914, 35.95446 ], [ -86.601013, 35.954441 ], [ -86.601136, 35.954407 ], [ -86.601164, 35.954399 ], [ -86.601242, 35.95437 ], [ -86.601532, 35.954214 ], [ -86.60168, 35.954126 ], [ -86.601874, 35.954043 ], [ -86.602013, 35.954012 ], [ -86.602132, 35.954003 ], [ -86.602258, 35.954005 ], [ -86.602428, 35.954029 ], [ -86.602956, 35.954107 ], [ -86.603392, 35.954135 ], [ -86.604023, 35.954233 ], [ -86.604437, 35.952856 ], [ -86.604459, 35.952785 ], [ -86.604599, 35.9524 ], [ -86.604611, 35.952368 ], [ -86.604637, 35.952271 ], [ -86.605321, 35.949732 ], [ -86.605292, 35.949539 ], [ -86.605189, 35.949374 ], [ -86.605039, 35.94922 ], [ -86.604875, 35.949111 ], [ -86.604646, 35.948982 ], [ -86.604235, 35.94875 ], [ -86.603847, 35.948509 ], [ -86.603669, 35.948323 ], [ -86.603559, 35.948147 ], [ -86.603547, 35.948106 ], [ -86.603483, 35.947899 ], [ -86.60346, 35.947607 ], [ -86.603478, 35.947401 ], [ -86.603485, 35.947336 ], [ -86.603822, 35.945283 ], [ -86.603939, 35.944577 ], [ -86.604048, 35.943787 ], [ -86.604376, 35.941675 ], [ -86.604759, 35.939207 ], [ -86.604883, 35.938572 ], [ -86.604915, 35.938464 ], [ -86.605052, 35.938014 ], [ -86.605055, 35.938003 ], [ -86.605111, 35.937834 ], [ -86.605193, 35.937845 ], [ -86.605481, 35.937017 ], [ -86.605511, 35.936931 ], [ -86.605536, 35.936864 ], [ -86.60554, 35.936853 ], [ -86.60555, 35.936829 ], [ -86.605558, 35.936808 ], [ -86.605562, 35.936797 ], [ -86.605567, 35.936785 ], [ -86.605571, 35.936775 ], [ -86.604812, 35.936602 ], [ -86.604371, 35.936498 ], [ -86.60406, 35.936425 ], [ -86.603742, 35.936307 ], [ -86.603347, 35.93614 ], [ -86.601935, 35.935504 ], [ -86.60135, 35.935247 ], [ -86.600639, 35.93493 ], [ -86.599138, 35.934279 ], [ -86.598783, 35.934121 ], [ -86.598621, 35.934043 ], [ -86.598267, 35.933889 ], [ -86.597792, 35.933671 ], [ -86.596884, 35.933206 ], [ -86.596857, 35.933235 ], [ -86.596816, 35.933291 ], [ -86.595788, 35.932805 ], [ -86.595658, 35.932744 ], [ -86.595508, 35.932674 ], [ -86.595446, 35.932642 ], [ -86.594991, 35.932406 ], [ -86.594885, 35.932342 ], [ -86.594638, 35.932192 ], [ -86.594459, 35.932083 ], [ -86.593925, 35.931701 ], [ -86.593691, 35.931533 ], [ -86.593479, 35.931381 ], [ -86.592845, 35.930926 ], [ -86.592816, 35.930906 ], [ -86.592633, 35.930776 ], [ -86.592126, 35.930416 ], [ -86.59146, 35.929944 ], [ -86.589742, 35.928726 ], [ -86.589374, 35.928501 ], [ -86.587911, 35.927748 ], [ -86.587795, 35.927687 ], [ -86.586522, 35.927021 ], [ -86.586381, 35.926952 ], [ -86.585959, 35.926747 ], [ -86.585819, 35.926679 ], [ -86.586037, 35.926619 ], [ -86.586226, 35.926586 ], [ -86.586463, 35.926564 ], [ -86.586841, 35.92658 ], [ -86.586976, 35.926613 ], [ -86.587382, 35.926745 ], [ -86.587517, 35.926761 ], [ -86.587694, 35.926757 ], [ -86.587747, 35.926756 ], [ -86.587983, 35.926684 ], [ -86.588375, 35.926481 ], [ -86.588531, 35.92642 ], [ -86.588963, 35.926338 ], [ -86.589105, 35.926349 ], [ -86.58926, 35.926376 ], [ -86.589456, 35.926398 ], [ -86.589686, 35.926393 ], [ -86.589936, 35.926398 ], [ -86.590558, 35.926381 ], [ -86.591037, 35.926304 ], [ -86.592051, 35.925952 ], [ -86.592287, 35.925831 ], [ -86.592456, 35.925644 ], [ -86.592557, 35.925507 ], [ -86.592639, 35.925337 ], [ -86.592693, 35.925133 ], [ -86.592716, 35.924988 ], [ -86.592726, 35.92493 ], [ -86.592814, 35.924765 ], [ -86.592949, 35.924622 ], [ -86.593091, 35.924518 ], [ -86.593206, 35.924468 ], [ -86.593523, 35.924364 ], [ -86.593692, 35.924259 ], [ -86.593767, 35.924193 ], [ -86.593807, 35.924133 ], [ -86.593807, 35.924078 ], [ -86.593699, 35.923874 ], [ -86.593692, 35.923786 ], [ -86.593706, 35.923737 ], [ -86.593728, 35.923704 ], [ -86.593739, 35.923688 ], [ -86.593841, 35.923627 ], [ -86.594034, 35.923489 ], [ -86.594111, 35.923435 ], [ -86.594388, 35.923127 ], [ -86.594624, 35.92272 ], [ -86.594689, 35.922586 ], [ -86.594719, 35.922528 ], [ -86.594867, 35.92233 ], [ -86.594918, 35.922293 ], [ -86.594982, 35.922247 ], [ -86.59509, 35.922187 ], [ -86.595219, 35.922137 ], [ -86.595327, 35.922077 ], [ -86.595387, 35.922005 ], [ -86.595421, 35.921879 ], [ -86.595441, 35.921741 ], [ -86.595475, 35.921664 ], [ -86.595762, 35.921316 ], [ -86.595779, 35.921296 ], [ -86.595853, 35.921164 ], [ -86.595907, 35.92101 ], [ -86.595759, 35.920768 ], [ -86.595677, 35.920593 ], [ -86.595637, 35.920433 ], [ -86.595612, 35.920255 ], [ -86.59567, 35.920048 ], [ -86.595751, 35.919873 ], [ -86.596055, 35.919378 ], [ -86.5964, 35.918944 ], [ -86.596623, 35.918795 ], [ -86.596717, 35.918707 ], [ -86.596798, 35.918608 ], [ -86.596859, 35.918372 ], [ -86.596947, 35.918245 ], [ -86.597048, 35.918179 ], [ -86.597122, 35.918097 ], [ -86.597169, 35.917976 ], [ -86.597176, 35.917586 ], [ -86.597185, 35.917518 ], [ -86.597264, 35.917545 ], [ -86.59732, 35.917565 ], [ -86.597494, 35.91765 ], [ -86.59757, 35.917688 ], [ -86.597645, 35.917497 ], [ -86.598018, 35.915606 ], [ -86.598044, 35.915477 ], [ -86.598382, 35.913639 ], [ -86.598739, 35.911933 ], [ -86.598855, 35.911546 ], [ -86.599061, 35.91101 ], [ -86.599159, 35.910486 ], [ -86.599229, 35.91025 ], [ -86.599316, 35.910123 ], [ -86.599407, 35.91004 ], [ -86.599493, 35.909985 ], [ -86.599559, 35.909954 ], [ -86.599615, 35.909934 ], [ -86.599696, 35.909916 ], [ -86.599753, 35.909912 ], [ -86.599913, 35.909924 ], [ -86.599994, 35.909937 ], [ -86.600708, 35.910055 ], [ -86.601013, 35.910096 ], [ -86.601108, 35.910098 ], [ -86.601187, 35.910093 ], [ -86.601261, 35.910074 ], [ -86.601305, 35.910057 ], [ -86.601394, 35.910002 ], [ -86.601434, 35.909959 ], [ -86.601465, 35.909913 ], [ -86.601493, 35.909858 ], [ -86.601549, 35.909682 ], [ -86.601631, 35.90937 ], [ -86.601633, 35.909355 ], [ -86.601681, 35.909059 ], [ -86.601761, 35.908581 ], [ -86.601847, 35.90836 ], [ -86.601935, 35.908204 ], [ -86.601965, 35.908152 ], [ -86.602113, 35.907964 ], [ -86.602208, 35.907861 ], [ -86.602333, 35.907739 ], [ -86.602411, 35.907659 ], [ -86.602775, 35.907291 ], [ -86.602869, 35.907222 ], [ -86.602937, 35.907196 ], [ -86.60302, 35.907177 ], [ -86.603093, 35.907179 ], [ -86.603191, 35.907187 ], [ -86.603398, 35.907215 ], [ -86.6035, 35.90722 ], [ -86.603647, 35.907207 ], [ -86.60375, 35.907187 ], [ -86.604055, 35.907097 ], [ -86.60417, 35.907073 ], [ -86.604293, 35.907061 ], [ -86.604425, 35.907073 ], [ -86.604498, 35.907088 ], [ -86.604583, 35.90712 ], [ -86.604674, 35.907162 ], [ -86.604906, 35.9073 ], [ -86.605147, 35.907463 ], [ -86.605364, 35.907588 ], [ -86.605991, 35.907852 ], [ -86.606112, 35.907899 ], [ -86.60613, 35.907906 ], [ -86.606356, 35.907973 ], [ -86.606706, 35.908049 ], [ -86.60709, 35.908087 ], [ -86.607205, 35.90809 ], [ -86.607503, 35.908071 ], [ -86.60779, 35.908043 ], [ -86.608264, 35.907986 ], [ -86.608602, 35.907901 ], [ -86.609197, 35.907639 ], [ -86.609591, 35.907494 ], [ -86.60968, 35.907457 ], [ -86.609762, 35.907415 ], [ -86.609831, 35.907374 ], [ -86.609942, 35.907285 ], [ -86.609986, 35.907245 ], [ -86.610068, 35.90714 ], [ -86.610208, 35.906921 ], [ -86.610283, 35.906778 ], [ -86.610367, 35.906604 ], [ -86.610451, 35.9064 ], [ -86.610497, 35.906243 ], [ -86.610514, 35.906165 ], [ -86.610527, 35.906072 ], [ -86.610525, 35.906015 ], [ -86.610517, 35.905957 ], [ -86.610501, 35.905899 ], [ -86.610424, 35.905725 ], [ -86.610361, 35.905626 ], [ -86.610285, 35.905528 ], [ -86.610131, 35.905354 ], [ -86.610041, 35.905232 ], [ -86.609988, 35.905123 ], [ -86.609971, 35.904998 ], [ -86.609981, 35.904921 ], [ -86.610048, 35.904557 ], [ -86.61007, 35.904391 ], [ -86.610082, 35.904241 ], [ -86.610089, 35.904036 ], [ -86.610082, 35.903846 ], [ -86.610067, 35.90366 ], [ -86.610015, 35.903285 ], [ -86.60999, 35.903153 ], [ -86.609849, 35.902601 ], [ -86.609811, 35.902452 ], [ -86.609752, 35.902248 ], [ -86.609563, 35.901677 ], [ -86.609524, 35.901509 ], [ -86.609517, 35.901431 ], [ -86.609518, 35.901194 ], [ -86.609596, 35.900498 ], [ -86.609607, 35.900327 ], [ -86.609603, 35.900169 ], [ -86.609579, 35.899949 ], [ -86.609586, 35.899718 ], [ -86.609613, 35.899425 ], [ -86.609619, 35.899273 ], [ -86.609613, 35.899213 ], [ -86.609577, 35.899047 ], [ -86.609432, 35.898648 ], [ -86.609324, 35.898251 ], [ -86.609301, 35.898206 ], [ -86.609263, 35.898165 ], [ -86.609222, 35.898133 ], [ -86.609158, 35.898092 ], [ -86.608966, 35.898013 ], [ -86.608451, 35.897815 ], [ -86.608306, 35.897756 ], [ -86.608203, 35.897725 ], [ -86.608074, 35.897702 ], [ -86.607794, 35.897689 ], [ -86.607569, 35.897695 ], [ -86.607474, 35.897702 ], [ -86.607337, 35.897695 ], [ -86.607261, 35.897674 ], [ -86.607193, 35.897649 ], [ -86.606736, 35.897446 ], [ -86.606407, 35.897285 ], [ -86.606249, 35.897193 ], [ -86.60614, 35.897115 ], [ -86.605987, 35.89696 ], [ -86.605935, 35.8969 ], [ -86.605887, 35.896832 ], [ -86.60579, 35.89665 ], [ -86.605727, 35.89644 ], [ -86.605674, 35.896303 ], [ -86.60559, 35.89616 ], [ -86.605557, 35.896112 ], [ -86.605462, 35.895973 ], [ -86.605455, 35.895963 ], [ -86.605263, 35.895622 ], [ -86.60524, 35.895544 ], [ -86.605235, 35.895525 ], [ -86.605219, 35.895448 ], [ -86.605209, 35.89536 ], [ -86.605183, 35.895126 ], [ -86.605169, 35.894975 ], [ -86.605145, 35.894716 ], [ -86.605131, 35.894476 ], [ -86.605085, 35.894119 ], [ -86.605031, 35.893823 ], [ -86.60503, 35.893813 ], [ -86.604977, 35.893593 ], [ -86.604933, 35.893449 ], [ -86.604855, 35.893195 ], [ -86.604774, 35.893021 ], [ -86.60475, 35.892981 ], [ -86.604704, 35.892924 ], [ -86.60465, 35.892868 ], [ -86.604598, 35.892828 ], [ -86.604576, 35.892811 ], [ -86.604506, 35.89274 ], [ -86.604453, 35.892671 ], [ -86.604295, 35.892425 ], [ -86.604225, 35.892307 ], [ -86.604042, 35.89203 ], [ -86.603878, 35.891804 ], [ -86.603761, 35.891685 ], [ -86.603583, 35.891553 ], [ -86.60339, 35.891387 ], [ -86.603261, 35.89126 ], [ -86.60321, 35.891196 ], [ -86.603144, 35.891114 ], [ -86.603082, 35.89102 ], [ -86.603028, 35.890903 ], [ -86.602955, 35.890679 ], [ -86.60296, 35.890542 ], [ -86.602655, 35.890512 ], [ -86.602441, 35.890484 ], [ -86.601888, 35.890412 ], [ -86.601709, 35.890389 ], [ -86.600691, 35.890249 ], [ -86.59868, 35.889973 ], [ -86.598364, 35.88993 ], [ -86.597852, 35.889886 ], [ -86.597607, 35.889872 ], [ -86.59724, 35.88985 ], [ -86.596965, 35.889835 ], [ -86.596697, 35.88981 ], [ -86.596576, 35.889791 ], [ -86.596396, 35.889742 ], [ -86.596261, 35.889692 ], [ -86.596166, 35.889651 ], [ -86.596079, 35.889614 ], [ -86.595921, 35.889527 ], [ -86.595848, 35.889473 ], [ -86.595614, 35.8893 ], [ -86.595544, 35.889238 ], [ -86.595255, 35.888979 ], [ -86.595115, 35.888822 ], [ -86.595063, 35.888734 ], [ -86.595003, 35.888609 ], [ -86.594954, 35.888474 ], [ -86.594925, 35.888332 ], [ -86.594925, 35.888308 ], [ -86.594933, 35.887983 ], [ -86.59494, 35.887925 ], [ -86.59498, 35.887567 ], [ -86.594986, 35.887517 ], [ -86.595041, 35.887122 ], [ -86.59507, 35.886821 ], [ -86.59507, 35.886672 ], [ -86.595012, 35.886516 ], [ -86.594941, 35.886402 ], [ -86.594893, 35.886339 ], [ -86.59483, 35.886256 ], [ -86.594626, 35.88603 ], [ -86.59434, 35.885798 ], [ -86.594288, 35.885755 ], [ -86.593819, 35.885415 ], [ -86.592124, 35.884185 ], [ -86.591748, 35.883953 ], [ -86.591289, 35.883738 ], [ -86.590562, 35.88339 ], [ -86.590374, 35.883303 ], [ -86.590149, 35.883199 ], [ -86.590058, 35.883157 ], [ -86.589795, 35.88301 ], [ -86.58951, 35.882827 ], [ -86.589421, 35.88277 ], [ -86.589304, 35.882693 ], [ -86.58895, 35.882459 ], [ -86.588699, 35.882293 ], [ -86.588479, 35.882146 ], [ -86.587892, 35.881752 ], [ -86.587595, 35.881553 ], [ -86.58754, 35.881517 ], [ -86.586836, 35.881057 ], [ -86.586635, 35.880965 ], [ -86.586363, 35.880882 ], [ -86.585957, 35.880849 ], [ -86.585582, 35.880847 ], [ -86.58516, 35.880902 ], [ -86.584974, 35.880909 ], [ -86.584819, 35.880916 ], [ -86.584276, 35.880853 ], [ -86.582751, 35.880604 ], [ -86.579994, 35.880181 ], [ -86.578523, 35.880016 ], [ -86.578101, 35.880005 ], [ -86.577748, 35.880029 ], [ -86.576824, 35.880128 ], [ -86.576676, 35.880144 ], [ -86.576329, 35.880221 ], [ -86.575972, 35.880293 ], [ -86.575788, 35.88032 ], [ -86.575539, 35.880326 ], [ -86.57524, 35.880296 ], [ -86.574127, 35.880068 ], [ -86.574076, 35.880393 ], [ -86.574063, 35.880477 ], [ -86.574034, 35.880612 ], [ -86.574008, 35.880695 ], [ -86.573927, 35.880889 ], [ -86.573877, 35.880979 ], [ -86.573804, 35.881085 ], [ -86.573723, 35.881191 ], [ -86.57365, 35.881265 ], [ -86.573422, 35.881503 ], [ -86.573093, 35.881842 ], [ -86.572987, 35.881953 ], [ -86.572918, 35.882037 ], [ -86.572733, 35.882309 ], [ -86.572648, 35.882471 ], [ -86.572548, 35.8827 ], [ -86.572484, 35.882848 ], [ -86.57238, 35.883056 ], [ -86.572371, 35.883076 ], [ -86.572284, 35.883195 ], [ -86.572172, 35.883329 ], [ -86.572077, 35.883416 ], [ -86.571975, 35.883509 ], [ -86.571892, 35.883573 ], [ -86.571795, 35.883635 ], [ -86.571601, 35.883741 ], [ -86.571429, 35.883829 ], [ -86.571229, 35.883936 ], [ -86.57122, 35.883942 ], [ -86.571017, 35.884067 ], [ -86.570823, 35.884226 ], [ -86.570809, 35.884243 ], [ -86.570518, 35.88459 ], [ -86.570191, 35.885108 ], [ -86.570146, 35.885181 ], [ -86.570008, 35.885387 ], [ -86.569583, 35.886027 ], [ -86.569442, 35.886221 ], [ -86.569166, 35.88652 ], [ -86.568964, 35.886698 ], [ -86.568876, 35.886765 ], [ -86.567428, 35.887896 ], [ -86.567232, 35.888074 ], [ -86.567098, 35.888262 ], [ -86.567031, 35.888372 ], [ -86.566951, 35.888593 ], [ -86.566855, 35.889106 ], [ -86.566549, 35.89075 ], [ -86.566464, 35.891267 ], [ -86.566415, 35.891569 ], [ -86.566312, 35.89206 ], [ -86.566271, 35.892209 ], [ -86.566229, 35.892336 ], [ -86.566168, 35.892494 ], [ -86.566147, 35.892534 ], [ -86.566102, 35.892626 ], [ -86.566031, 35.892752 ], [ -86.566021, 35.892766 ], [ -86.565892, 35.892953 ], [ -86.565756, 35.893127 ], [ -86.565706, 35.893185 ], [ -86.565436, 35.893498 ], [ -86.565085, 35.893912 ], [ -86.563431, 35.895873 ], [ -86.563267, 35.896128 ], [ -86.56323, 35.896188 ], [ -86.563103, 35.896454 ], [ -86.563004, 35.89673 ], [ -86.562945, 35.897022 ], [ -86.562923, 35.897183 ], [ -86.562857, 35.897665 ], [ -86.562836, 35.897827 ], [ -86.562759, 35.898437 ], [ -86.562527, 35.900268 ], [ -86.562451, 35.900879 ], [ -86.562422, 35.901102 ], [ -86.562354, 35.901647 ], [ -86.562349, 35.901774 ], [ -86.562348, 35.901829 ], [ -86.562354, 35.902 ], [ -86.562365, 35.902075 ], [ -86.562371, 35.902115 ], [ -86.562417, 35.902298 ], [ -86.562436, 35.902372 ], [ -86.562459, 35.902466 ], [ -86.562496, 35.902611 ], [ -86.562506, 35.902752 ], [ -86.562511, 35.902804 ], [ -86.562509, 35.902849 ], [ -86.562505, 35.902969 ], [ -86.562501, 35.902988 ], [ -86.562466, 35.903201 ], [ -86.562388, 35.903391 ], [ -86.562373, 35.903428 ], [ -86.562321, 35.903514 ], [ -86.562226, 35.903671 ], [ -86.56221, 35.903688 ], [ -86.562078, 35.903832 ], [ -86.562026, 35.903884 ], [ -86.561957, 35.903954 ], [ -86.561808, 35.904059 ], [ -86.561745, 35.904094 ], [ -86.561639, 35.904154 ], [ -86.561562, 35.90419 ], [ -86.56145, 35.904243 ], [ -86.561254, 35.904315 ], [ -86.561044, 35.904371 ], [ -86.560807, 35.904406 ], [ -86.560732, 35.904407 ], [ -86.56055, 35.904412 ], [ -86.560251, 35.904392 ], [ -86.558695, 35.904215 ], [ -86.555818, 35.903889 ], [ -86.555178, 35.903846 ], [ -86.554732, 35.903898 ], [ -86.554371, 35.904 ], [ -86.55408, 35.904109 ], [ -86.553785, 35.904258 ], [ -86.553531, 35.904453 ], [ -86.553338, 35.90463 ], [ -86.553189, 35.904821 ], [ -86.553041, 35.905073 ], [ -86.552923, 35.905336 ], [ -86.552821, 35.9058 ], [ -86.552756, 35.906195 ], [ -86.552519, 35.907627 ], [ -86.552333, 35.908746 ], [ -86.552044, 35.9105 ], [ -86.551966, 35.910937 ], [ -86.551901, 35.911307 ], [ -86.551887, 35.911383 ], [ -86.55174, 35.912249 ], [ -86.551666, 35.912687 ], [ -86.551618, 35.913009 ], [ -86.551543, 35.913526 ], [ -86.551471, 35.913976 ], [ -86.551421, 35.914299 ], [ -86.551328, 35.914886 ], [ -86.551051, 35.916647 ], [ -86.550959, 35.917235 ], [ -86.550882, 35.917222 ], [ -86.550796, 35.917208 ], [ -86.550599, 35.917192 ], [ -86.550287, 35.91716 ], [ -86.55012, 35.917146 ], [ -86.549955, 35.917134 ], [ -86.549595, 35.917097 ], [ -86.548795, 35.917024 ], [ -86.548076, 35.917016 ], [ -86.547597, 35.917014 ], [ -86.546754, 35.917011 ], [ -86.546337, 35.91701 ], [ -86.545089, 35.91701 ], [ -86.544673, 35.91701 ], [ -86.543886, 35.91703 ], [ -86.543474, 35.917069 ], [ -86.543182, 35.917143 ], [ -86.542952, 35.917254 ], [ -86.542743, 35.917399 ], [ -86.542575, 35.917571 ], [ -86.54238, 35.91788 ], [ -86.542336, 35.918054 ], [ -86.542272, 35.918279 ], [ -86.542141, 35.918653 ], [ -86.542007, 35.91888 ], [ -86.541866, 35.919057 ], [ -86.541684, 35.919251 ], [ -86.541469, 35.919406 ], [ -86.541219, 35.919529 ], [ -86.541147, 35.919556 ], [ -86.540955, 35.919629 ], [ -86.540582, 35.919714 ], [ -86.540366, 35.91977 ], [ -86.540258, 35.919837 ], [ -86.54013, 35.919936 ], [ -86.54006, 35.920008 ], [ -86.539995, 35.920075 ], [ -86.539802, 35.920321 ], [ -86.53974, 35.920401 ], [ -86.539517, 35.920628 ], [ -86.539355, 35.920825 ], [ -86.539222, 35.920988 ], [ -86.538468, 35.921835 ], [ -86.538238, 35.92213 ], [ -86.538192, 35.92219 ], [ -86.538079, 35.922427 ], [ -86.537999, 35.922648 ], [ -86.537495, 35.922537 ], [ -86.537116, 35.922454 ], [ -86.536824, 35.922361 ], [ -86.536029, 35.922072 ], [ -86.535573, 35.92192 ], [ -86.535533, 35.921906 ], [ -86.53546, 35.92188 ], [ -86.535254, 35.921808 ], [ -86.535174, 35.921773 ], [ -86.535122, 35.921749 ], [ -86.535111, 35.921744 ], [ -86.535091, 35.921735 ], [ -86.534956, 35.921711 ], [ -86.534901, 35.921702 ], [ -86.53463, 35.921684 ], [ -86.533958, 35.92164 ], [ -86.53382, 35.921627 ], [ -86.533551, 35.921604 ], [ -86.531993, 35.921469 ], [ -86.53197, 35.921467 ], [ -86.531617, 35.921441 ], [ -86.530744, 35.921354 ], [ -86.530361, 35.921318 ], [ -86.529214, 35.92121 ], [ -86.528832, 35.921175 ], [ -86.528504, 35.921141 ], [ -86.527832, 35.921074 ], [ -86.527521, 35.921047 ], [ -86.527194, 35.921019 ], [ -86.52694, 35.920991 ], [ -86.526738, 35.920968 ], [ -86.526179, 35.920907 ], [ -86.525926, 35.920879 ], [ -86.525763, 35.920882 ], [ -86.525159, 35.920822 ], [ -86.522864, 35.920594 ], [ -86.522203, 35.920529 ], [ -86.522099, 35.920518 ], [ -86.522131, 35.920181 ], [ -86.522101, 35.919834 ], [ -86.522075, 35.919724 ], [ -86.522041, 35.919579 ], [ -86.521942, 35.91925 ], [ -86.521756, 35.918903 ], [ -86.521719, 35.918853 ], [ -86.521558, 35.918634 ], [ -86.521483, 35.918556 ], [ -86.521305, 35.91837 ], [ -86.520668, 35.917869 ], [ -86.520351, 35.917619 ], [ -86.520085, 35.917344 ], [ -86.520079, 35.917334 ], [ -86.520016, 35.917238 ], [ -86.51988, 35.917031 ], [ -86.519834, 35.91695 ], [ -86.519779, 35.916851 ], [ -86.519684, 35.916833 ], [ -86.519514, 35.916801 ], [ -86.519401, 35.916775 ], [ -86.519307, 35.916755 ], [ -86.518879, 35.91666 ], [ -86.518404, 35.916556 ], [ -86.517589, 35.916404 ], [ -86.517149, 35.916323 ], [ -86.515752, 35.916049 ], [ -86.515724, 35.916042 ], [ -86.515483, 35.91599 ], [ -86.515266, 35.915932 ], [ -86.515083, 35.915867 ], [ -86.513403, 35.915212 ], [ -86.512877, 35.914997 ], [ -86.512475, 35.914825 ], [ -86.511641, 35.914455 ], [ -86.511046, 35.914192 ], [ -86.510898, 35.914111 ], [ -86.510697, 35.91397 ], [ -86.510489, 35.913804 ], [ -86.51044, 35.913749 ], [ -86.51041, 35.913701 ], [ -86.510391, 35.913642 ], [ -86.510395, 35.913576 ], [ -86.510519, 35.91292 ], [ -86.510592, 35.912443 ], [ -86.510589, 35.912361 ], [ -86.510589, 35.912326 ], [ -86.510574, 35.912254 ], [ -86.510545, 35.912164 ], [ -86.51049, 35.912052 ], [ -86.51042, 35.911929 ], [ -86.509875, 35.911029 ], [ -86.509694, 35.91075 ], [ -86.509503, 35.910488 ], [ -86.508754, 35.909501 ], [ -86.508376, 35.90899 ], [ -86.508361, 35.90897 ], [ -86.508194, 35.908752 ], [ -86.508044, 35.908594 ], [ -86.507878, 35.908435 ], [ -86.507649, 35.908232 ], [ -86.507397, 35.908019 ], [ -86.507256, 35.9079 ], [ -86.506996, 35.907681 ], [ -86.506832, 35.907544 ], [ -86.506814, 35.907529 ], [ -86.506689, 35.90743 ], [ -86.506596, 35.907356 ], [ -86.506429, 35.907222 ], [ -86.506318, 35.907138 ], [ -86.506224, 35.907068 ], [ -86.506171, 35.90703 ], [ -86.506014, 35.906918 ], [ -86.505962, 35.906881 ], [ -86.505581, 35.906602 ], [ -86.505007, 35.906182 ], [ -86.50454, 35.905888 ], [ -86.504409, 35.905809 ], [ -86.504006, 35.905565 ], [ -86.502727, 35.9048 ], [ -86.502458, 35.904572 ], [ -86.50244, 35.904553 ], [ -86.501899, 35.903985 ], [ -86.501332, 35.903356 ], [ -86.500868, 35.902793 ], [ -86.500317, 35.902066 ], [ -86.500006, 35.901612 ], [ -86.499582, 35.900886 ], [ -86.499344, 35.900367 ], [ -86.499222, 35.900029 ], [ -86.499219, 35.900017 ], [ -86.499157, 35.899755 ], [ -86.49895, 35.89817 ], [ -86.49887, 35.897375 ], [ -86.498838, 35.896959 ], [ -86.498823, 35.896691 ], [ -86.498758, 35.895526 ], [ -86.498704, 35.894786 ], [ -86.498639, 35.894072 ], [ -86.498473, 35.892253 ], [ -86.498454, 35.892043 ], [ -86.498364, 35.890774 ], [ -86.498242, 35.889397 ], [ -86.498155, 35.888414 ], [ -86.498132, 35.888231 ], [ -86.498113, 35.88813 ], [ -86.497905, 35.887432 ], [ -86.49768, 35.88671 ], [ -86.497639, 35.886575 ], [ -86.497554, 35.886329 ], [ -86.497475, 35.886123 ], [ -86.497267, 35.885483 ], [ -86.497243, 35.885395 ], [ -86.497228, 35.885336 ], [ -86.497181, 35.88504 ], [ -86.497131, 35.884585 ], [ -86.497082, 35.884024 ], [ -86.496625, 35.879493 ], [ -86.496608, 35.879275 ], [ -86.496582, 35.879066 ], [ -86.496588, 35.878926 ], [ -86.496591, 35.878859 ], [ -86.496657, 35.878682 ], [ -86.497857, 35.876016 ], [ -86.498178, 35.875597 ], [ -86.498244, 35.875472 ], [ -86.498311, 35.875347 ], [ -86.498493, 35.87501 ], [ -86.498549, 35.874907 ], [ -86.498072, 35.874814 ], [ -86.497783, 35.87479 ], [ -86.49742, 35.874762 ], [ -86.4974, 35.87476 ], [ -86.497338, 35.874759 ], [ -86.496626, 35.874751 ], [ -86.496019, 35.874811 ], [ -86.49572, 35.874871 ], [ -86.495359, 35.874935 ], [ -86.49501, 35.87495 ], [ -86.494511, 35.87492 ], [ -86.494192, 35.874897 ], [ -86.493891, 35.874875 ], [ -86.49325, 35.874834 ], [ -86.489979, 35.87654 ], [ -86.489085, 35.876965 ], [ -86.488772, 35.877127 ], [ -86.488474, 35.877281 ], [ -86.487535, 35.877769 ], [ -86.486841, 35.878131 ], [ -86.485866, 35.878635 ], [ -86.484775, 35.879198 ], [ -86.483602, 35.879804 ], [ -86.48288, 35.880169 ], [ -86.482817, 35.880202 ], [ -86.481519, 35.880875 ], [ -86.48133, 35.880973 ], [ -86.480658, 35.881321 ], [ -86.480187, 35.88157 ], [ -86.480104, 35.881615 ], [ -86.479515, 35.881938 ], [ -86.479032, 35.882238 ], [ -86.478549, 35.882572 ], [ -86.477989, 35.883014 ], [ -86.477866, 35.883129 ], [ -86.477436, 35.883532 ], [ -86.477111, 35.883878 ], [ -86.4765, 35.884531 ], [ -86.476228, 35.884817 ], [ -86.475994, 35.884608 ], [ -86.475757, 35.884391 ], [ -86.475577, 35.884226 ], [ -86.475203, 35.883882 ], [ -86.47441, 35.883155 ], [ -86.472437, 35.881359 ], [ -86.472122, 35.881086 ], [ -86.471073, 35.88018 ], [ -86.469331, 35.878593 ], [ -86.468479, 35.877817 ], [ -86.468445, 35.877786 ], [ -86.466034, 35.875589 ], [ -86.464144, 35.873796 ], [ -86.462958, 35.87267 ], [ -86.462497, 35.872254 ], [ -86.462462, 35.872219 ], [ -86.462442, 35.872204 ], [ -86.462424, 35.872188 ], [ -86.462408, 35.872174 ], [ -86.462395, 35.872158 ], [ -86.462355, 35.872127 ], [ -86.462304, 35.87208 ], [ -86.462202, 35.871977 ], [ -86.461516, 35.871372 ], [ -86.46129, 35.871169 ], [ -86.461163, 35.871055 ], [ -86.460557, 35.870502 ], [ -86.458361, 35.868498 ], [ -86.457629, 35.867831 ], [ -86.45757, 35.867777 ], [ -86.457443, 35.867661 ], [ -86.457394, 35.867617 ], [ -86.457336, 35.867564 ], [ -86.457313, 35.867543 ], [ -86.457245, 35.867483 ], [ -86.457223, 35.867463 ], [ -86.457247, 35.867464 ], [ -86.45732, 35.867467 ], [ -86.457345, 35.867469 ], [ -86.457634, 35.867483 ], [ -86.458076, 35.867483 ], [ -86.458182, 35.867484 ], [ -86.458234, 35.867487 ], [ -86.458528, 35.867506 ], [ -86.458871, 35.867534 ], [ -86.46049, 35.86753 ], [ -86.460571, 35.867526 ], [ -86.461072, 35.86739 ], [ -86.461611, 35.867128 ], [ -86.462118, 35.866916 ], [ -86.462788, 35.866491 ], [ -86.462859, 35.866435 ], [ -86.463359, 35.866047 ], [ -86.463442, 35.865984 ], [ -86.463981, 35.865396 ], [ -86.464228, 35.864922 ], [ -86.464432, 35.864545 ], [ -86.464766, 35.863549 ], [ -86.464968, 35.862944 ], [ -86.465156, 35.862385 ], [ -86.465523, 35.861284 ], [ -86.465573, 35.861132 ], [ -86.465775, 35.860528 ], [ -86.466427, 35.858577 ], [ -86.466702, 35.857752 ], [ -86.467431, 35.855581 ], [ -86.466923, 35.855503 ], [ -86.465717, 35.855276 ], [ -86.465303, 35.855152 ], [ -86.465087, 35.855055 ], [ -86.464864, 35.85494 ], [ -86.46414, 35.854569 ], [ -86.463954, 35.854474 ], [ -86.463876, 35.854434 ], [ -86.463401, 35.85419 ], [ -86.463215, 35.854095 ], [ -86.462023, 35.853515 ], [ -86.461351, 35.853173 ], [ -86.461275, 35.853134 ], [ -86.461148, 35.853286 ], [ -86.460955, 35.853488 ], [ -86.460908, 35.853522 ], [ -86.460841, 35.853562 ], [ -86.460708, 35.853617 ], [ -86.460499, 35.853673 ], [ -86.460385, 35.853731 ], [ -86.460296, 35.853802 ], [ -86.460219, 35.853889 ], [ -86.46016, 35.853977 ], [ -86.460122, 35.85407 ], [ -86.460101, 35.854179 ], [ -86.460083, 35.854295 ], [ -86.460033, 35.854644 ], [ -86.460017, 35.854761 ], [ -86.45941, 35.854761 ], [ -86.457589, 35.854764 ], [ -86.457428, 35.854765 ], [ -86.456983, 35.854782 ], [ -86.456584, 35.854802 ], [ -86.456263, 35.854803 ], [ -86.455692, 35.854807 ], [ -86.454101, 35.854802 ], [ -86.453381, 35.8548 ], [ -86.453304, 35.854797 ], [ -86.453073, 35.854788 ], [ -86.453061, 35.854788 ], [ -86.452997, 35.854788 ], [ -86.452538, 35.85479 ], [ -86.452232, 35.854789 ], [ -86.449938, 35.854784 ], [ -86.449174, 35.854783 ], [ -86.449178, 35.854135 ], [ -86.449236, 35.853746 ], [ -86.449269, 35.853536 ], [ -86.449359, 35.852888 ], [ -86.449479, 35.852038 ], [ -86.449594, 35.851167 ], [ -86.449663, 35.850653 ], [ -86.449801, 35.849622 ], [ -86.449853, 35.84916 ], [ -86.449858, 35.849125 ], [ -86.449956, 35.848467 ], [ -86.450961, 35.84856 ], [ -86.451378, 35.848597 ], [ -86.451846, 35.848619 ], [ -86.452358, 35.848597 ], [ -86.452512, 35.848582 ], [ -86.45276, 35.848604 ], [ -86.453046, 35.848699 ], [ -86.453234, 35.84879 ], [ -86.453845, 35.844719 ], [ -86.454199, 35.844703 ], [ -86.454442, 35.844691 ], [ -86.454551, 35.844687 ], [ -86.454595, 35.844685 ], [ -86.454896, 35.844684 ], [ -86.455299, 35.844683 ], [ -86.455801, 35.844688 ], [ -86.455862, 35.844689 ], [ -86.455892, 35.84469 ], [ -86.456103, 35.844704 ], [ -86.456492, 35.844728 ], [ -86.457301, 35.84478 ], [ -86.457661, 35.844802 ], [ -86.458051, 35.844827 ], [ -86.458363, 35.844846 ], [ -86.45865, 35.844864 ], [ -86.459032, 35.844873 ], [ -86.459301, 35.844864 ], [ -86.459467, 35.84486 ], [ -86.459614, 35.844847 ], [ -86.459733, 35.844836 ], [ -86.459815, 35.84483 ], [ -86.459937, 35.844815 ], [ -86.459975, 35.844811 ], [ -86.460092, 35.844796 ], [ -86.460134, 35.844792 ], [ -86.460212, 35.844779 ], [ -86.460213, 35.844717 ], [ -86.460219, 35.844531 ], [ -86.46022, 35.844508 ], [ -86.460226, 35.84447 ], [ -86.460256, 35.844264 ], [ -86.460321, 35.843837 ], [ -86.460368, 35.843683 ], [ -86.460373, 35.843652 ], [ -86.460395, 35.843529 ], [ -86.460381, 35.843447 ], [ -86.460375, 35.843315 ], [ -86.460321, 35.842985 ], [ -86.46032, 35.842853 ], [ -86.460337, 35.842747 ], [ -86.460347, 35.842695 ], [ -86.460341, 35.842677 ], [ -86.460401, 35.842507 ], [ -86.46057, 35.841979 ], [ -86.46059, 35.841771 ], [ -86.46061, 35.841727 ], [ -86.460705, 35.841309 ], [ -86.460752, 35.841155 ], [ -86.460779, 35.841111 ], [ -86.461034, 35.840884 ], [ -86.461242, 35.840604 ], [ -86.461265, 35.840449 ], [ -86.461317, 35.840092 ], [ -86.461382, 35.839616 ], [ -86.461399, 35.839607 ], [ -86.461583, 35.839514 ], [ -86.461722, 35.839443 ], [ -86.461744, 35.839401 ], [ -86.461824, 35.839252 ], [ -86.462111, 35.838713 ], [ -86.46215, 35.838511 ], [ -86.462153, 35.838476 ], [ -86.462391, 35.837243 ], [ -86.461925, 35.836983 ], [ -86.461858, 35.836774 ], [ -86.461837, 35.836631 ], [ -86.461865, 35.836501 ], [ -86.461925, 35.836357 ], [ -86.461982, 35.836293 ], [ -86.46213, 35.836166 ], [ -86.462243, 35.836009 ], [ -86.46233, 35.83586 ], [ -86.462388, 35.835727 ], [ -86.462419, 35.835651 ], [ -86.462467, 35.835568 ], [ -86.462513, 35.835493 ], [ -86.462682, 35.835385 ], [ -86.462809, 35.835303 ], [ -86.463001, 35.83518 ], [ -86.463111, 35.835109 ], [ -86.463176, 35.835068 ], [ -86.463236, 35.83503 ], [ -86.463312, 35.834983 ], [ -86.463409, 35.834921 ], [ -86.463433, 35.834906 ], [ -86.463452, 35.834894 ], [ -86.463609, 35.834795 ], [ -86.46365, 35.834769 ], [ -86.463677, 35.834752 ], [ -86.463707, 35.834733 ], [ -86.463735, 35.834714 ], [ -86.46375, 35.834704 ], [ -86.463813, 35.834664 ], [ -86.463897, 35.834615 ], [ -86.464021, 35.834616 ], [ -86.464234, 35.834616 ], [ -86.464535, 35.834615 ], [ -86.464596, 35.834672 ], [ -86.464685, 35.83463 ], [ -86.465002, 35.83446 ], [ -86.465178, 35.834326 ], [ -86.465205, 35.834306 ], [ -86.4654, 35.834135 ], [ -86.465475, 35.834069 ], [ -86.465481, 35.834047 ], [ -86.465589, 35.833905 ], [ -86.465663, 35.833729 ], [ -86.465677, 35.833553 ], [ -86.46563, 35.833195 ], [ -86.465474, 35.832899 ], [ -86.4654, 35.832855 ], [ -86.465336, 35.832797 ], [ -86.465218, 35.832712 ], [ -86.465083, 35.832558 ], [ -86.465012, 35.832435 ], [ -86.464968, 35.83236 ], [ -86.464907, 35.832234 ], [ -86.464826, 35.832014 ], [ -86.464792, 35.831651 ], [ -86.464738, 35.83142 ], [ -86.46465, 35.831261 ], [ -86.464535, 35.83114 ], [ -86.464427, 35.830981 ], [ -86.46439, 35.830901 ], [ -86.464286, 35.830673 ], [ -86.464268, 35.830629 ], [ -86.464155, 35.83035 ], [ -86.464144, 35.830321 ], [ -86.464123, 35.830189 ], [ -86.464076, 35.829997 ], [ -86.464055, 35.829844 ], [ -86.464049, 35.829799 ], [ -86.464063, 35.829541 ], [ -86.464093, 35.829384 ], [ -86.464123, 35.829233 ], [ -86.464137, 35.829079 ], [ -86.464103, 35.828629 ], [ -86.46392, 35.828013 ], [ -86.463927, 35.827612 ], [ -86.463974, 35.827524 ], [ -86.46394, 35.827414 ], [ -86.46392, 35.827397 ], [ -86.463906, 35.827273 ], [ -86.463886, 35.827084 ], [ -86.4639, 35.826908 ], [ -86.463825, 35.826666 ], [ -86.463852, 35.826512 ], [ -86.463906, 35.826403 ], [ -86.464088, 35.826199 ], [ -86.464109, 35.826144 ], [ -86.464149, 35.826128 ], [ -86.464244, 35.825875 ], [ -86.464264, 35.825518 ], [ -86.464223, 35.825248 ], [ -86.464182, 35.824754 ], [ -86.464196, 35.824501 ], [ -86.464223, 35.824418 ], [ -86.46427, 35.824325 ], [ -86.464385, 35.824132 ], [ -86.464459, 35.823946 ], [ -86.464621, 35.82366 ], [ -86.464661, 35.823522 ], [ -86.464668, 35.823396 ], [ -86.464607, 35.822951 ], [ -86.464573, 35.822841 ], [ -86.4646, 35.82272 ], [ -86.464573, 35.822418 ], [ -86.464613, 35.821978 ], [ -86.4646, 35.821956 ], [ -86.464602, 35.821942 ], [ -86.464606, 35.821914 ], [ -86.464628, 35.821916 ], [ -86.464706, 35.821924 ], [ -86.465118, 35.821965 ], [ -86.465197, 35.821973 ], [ -86.465294, 35.821983 ], [ -86.465332, 35.821987 ], [ -86.465982, 35.822052 ], [ -86.466011, 35.822054 ], [ -86.466308, 35.822084 ], [ -86.467908, 35.822217 ], [ -86.46908, 35.822335 ], [ -86.46965, 35.822392 ], [ -86.469765, 35.822403 ], [ -86.469833, 35.822408 ], [ -86.469869, 35.822411 ], [ -86.477014, 35.822961 ], [ -86.47697, 35.823278 ], [ -86.476787, 35.824527 ], [ -86.476721, 35.82501 ], [ -86.476525, 35.826462 ], [ -86.47646, 35.826946 ], [ -86.476435, 35.827147 ], [ -86.476363, 35.827751 ], [ -86.47634, 35.827953 ], [ -86.477318, 35.828044 ], [ -86.479921, 35.828288 ], [ -86.480252, 35.828317 ], [ -86.481231, 35.828405 ], [ -86.481277, 35.828408 ], [ -86.481415, 35.828418 ], [ -86.481461, 35.828422 ], [ -86.481675, 35.828438 ], [ -86.482136, 35.828484 ], [ -86.483366, 35.828609 ], [ -86.483524, 35.828615 ], [ -86.483838, 35.828595 ], [ -86.484111, 35.828599 ], [ -86.484166, 35.828604 ], [ -86.484468, 35.828633 ], [ -86.484598, 35.828611 ], [ -86.484698, 35.828567 ], [ -86.484759, 35.82854 ], [ -86.484822, 35.828515 ], [ -86.484498, 35.828386 ], [ -86.484153, 35.828172 ], [ -86.483606, 35.827551 ], [ -86.482971, 35.826908 ], [ -86.482735, 35.826595 ], [ -86.482755, 35.826408 ], [ -86.483066, 35.826216 ], [ -86.483403, 35.826182 ], [ -86.484091, 35.826353 ], [ -86.48428, 35.826374 ], [ -86.484517, 35.826259 ], [ -86.484631, 35.825984 ], [ -86.484604, 35.825577 ], [ -86.484482, 35.824236 ], [ -86.484549, 35.823901 ], [ -86.484819, 35.823604 ], [ -86.485466, 35.823285 ], [ -86.486121, 35.822779 ], [ -86.486687, 35.822246 ], [ -86.48691, 35.822108 ], [ -86.487213, 35.822086 ], [ -86.487302, 35.822108 ], [ -86.487668, 35.822197 ], [ -86.48779, 35.821571 ], [ -86.488235, 35.818914 ], [ -86.488347, 35.818187 ], [ -86.491708, 35.818516 ], [ -86.491415, 35.818195 ], [ -86.490147, 35.816811 ], [ -86.489798, 35.816396 ], [ -86.489414, 35.815968 ], [ -86.488983, 35.815475 ], [ -86.488561, 35.815004 ], [ -86.488318, 35.814739 ], [ -86.48816, 35.814584 ], [ -86.487967, 35.814423 ], [ -86.487743, 35.814276 ], [ -86.48752, 35.814159 ], [ -86.48719, 35.814 ], [ -86.486836, 35.813831 ], [ -86.48644, 35.813638 ], [ -86.486293, 35.813545 ], [ -86.486067, 35.813379 ], [ -86.485873, 35.813218 ], [ -86.485718, 35.813057 ], [ -86.485546, 35.812845 ], [ -86.485391, 35.812608 ], [ -86.485268, 35.812401 ], [ -86.485225, 35.812308 ], [ -86.485178, 35.812166 ], [ -86.485105, 35.811913 ], [ -86.484999, 35.811498 ], [ -86.484922, 35.811209 ], [ -86.48483, 35.810994 ], [ -86.484742, 35.81082 ], [ -86.484674, 35.810697 ], [ -86.484511, 35.810482 ], [ -86.483756, 35.809658 ], [ -86.482799, 35.808579 ], [ -86.482736, 35.80851 ], [ -86.482848, 35.808441 ], [ -86.482489, 35.808034 ], [ -86.482292, 35.808018 ], [ -86.482225, 35.807944 ], [ -86.481861, 35.807541 ], [ -86.481728, 35.8074 ], [ -86.481259, 35.807688 ], [ -86.481214, 35.807715 ], [ -86.481041, 35.80784 ], [ -86.480988, 35.807879 ], [ -86.480896, 35.807946 ], [ -86.480868, 35.807947 ], [ -86.480702, 35.808055 ], [ -86.480043, 35.808582 ], [ -86.479443, 35.809055 ], [ -86.479405, 35.809085 ], [ -86.479217, 35.80918 ], [ -86.479024, 35.809235 ], [ -86.478968, 35.809252 ], [ -86.478789, 35.809277 ], [ -86.478288, 35.809269 ], [ -86.47694, 35.809211 ], [ -86.475557, 35.809139 ], [ -86.475287, 35.809125 ], [ -86.47141, 35.808939 ], [ -86.470028, 35.808874 ], [ -86.469969, 35.808871 ], [ -86.469807, 35.808859 ], [ -86.469752, 35.808856 ], [ -86.469578, 35.808798 ], [ -86.46954, 35.808785 ], [ -86.469397, 35.808693 ], [ -86.469223, 35.808534 ], [ -86.469181, 35.80848 ], [ -86.469161, 35.808454 ], [ -86.46905, 35.80831 ], [ -86.470305, 35.80769 ], [ -86.470883, 35.807404 ], [ -86.471194, 35.80726 ], [ -86.471549, 35.807049 ], [ -86.471926, 35.806848 ], [ -86.472044, 35.80679 ], [ -86.474554, 35.805563 ], [ -86.476461, 35.804631 ], [ -86.478321, 35.803682 ], [ -86.478344, 35.803672 ], [ -86.479159, 35.803308 ], [ -86.480555, 35.802618 ], [ -86.480434, 35.802519 ], [ -86.482382, 35.801531 ], [ -86.48251, 35.801655 ], [ -86.484635, 35.800606 ], [ -86.485107, 35.800371 ], [ -86.485554, 35.800148 ], [ -86.489396, 35.798236 ], [ -86.489608, 35.798129 ], [ -86.490382, 35.797739 ], [ -86.491159, 35.797309 ], [ -86.491604, 35.797041 ], [ -86.492016, 35.796794 ], [ -86.492335, 35.79659 ], [ -86.492413, 35.79654 ], [ -86.492487, 35.796492 ], [ -86.493164, 35.796059 ], [ -86.494426, 35.795163 ], [ -86.495573, 35.794277 ], [ -86.496603, 35.793391 ], [ -86.496998, 35.793009 ], [ -86.497317, 35.792704 ], [ -86.497493, 35.792534 ], [ -86.497597, 35.792429 ], [ -86.497924, 35.792102 ], [ -86.499733, 35.790162 ], [ -86.499984, 35.789894 ], [ -86.500247, 35.789594 ], [ -86.500299, 35.789535 ], [ -86.50041, 35.789378 ], [ -86.500591, 35.789124 ], [ -86.500886, 35.788549 ], [ -86.50105, 35.788157 ], [ -86.501344, 35.787464 ], [ -86.50163, 35.786794 ], [ -86.502001, 35.785889 ], [ -86.502367, 35.785045 ], [ -86.50251, 35.784743 ], [ -86.502646, 35.784493 ], [ -86.502711, 35.784375 ], [ -86.502975, 35.784012 ], [ -86.503815, 35.783211 ], [ -86.505803, 35.781638 ], [ -86.505912, 35.781549 ], [ -86.507217, 35.780487 ], [ -86.508223, 35.779396 ], [ -86.511095, 35.77626 ], [ -86.511201, 35.776148 ], [ -86.512064, 35.775244 ], [ -86.512509, 35.774788 ], [ -86.513904, 35.773359 ], [ -86.513984, 35.773279 ], [ -86.51463, 35.77262 ], [ -86.514697, 35.772553 ], [ -86.515529, 35.771708 ], [ -86.516301, 35.771008 ], [ -86.516901, 35.770573 ], [ -86.516973, 35.770527 ], [ -86.517835, 35.769986 ], [ -86.517921, 35.769932 ], [ -86.518113, 35.769819 ], [ -86.518953, 35.769327 ], [ -86.519234, 35.769163 ], [ -86.519378, 35.769077 ], [ -86.519588, 35.768955 ], [ -86.519812, 35.768821 ], [ -86.519957, 35.768735 ], [ -86.52122, 35.768 ], [ -86.521562, 35.767798 ], [ -86.524251, 35.766216 ], [ -86.526678, 35.764796 ], [ -86.528411, 35.763782 ], [ -86.52902, 35.763417 ], [ -86.530617, 35.762458 ], [ -86.531364, 35.762065 ], [ -86.532197, 35.761627 ], [ -86.533601, 35.760889 ], [ -86.539664, 35.757664 ], [ -86.541146, 35.756858 ], [ -86.542943, 35.755939 ], [ -86.544804, 35.755148 ], [ -86.54616, 35.754592 ], [ -86.54821, 35.753758 ], [ -86.551123, 35.752558 ], [ -86.552121, 35.752098 ], [ -86.552699, 35.751734 ], [ -86.553171, 35.751388 ], [ -86.553517, 35.751052 ], [ -86.553831, 35.750732 ], [ -86.554081, 35.750396 ], [ -86.554489, 35.74987 ], [ -86.554998, 35.749146 ], [ -86.555418, 35.74855 ], [ -86.557381, 35.745784 ], [ -86.5583, 35.744489 ], [ -86.558509, 35.744204 ], [ -86.559201, 35.743224 ], [ -86.561278, 35.740287 ], [ -86.561971, 35.739308 ], [ -86.562058, 35.739185 ], [ -86.562291, 35.738867 ], [ -86.562653, 35.738374 ], [ -86.563061, 35.737882 ], [ -86.563319, 35.737598 ], [ -86.563375, 35.737537 ], [ -86.563731, 35.737243 ], [ -86.564224, 35.736889 ], [ -86.564864, 35.736539 ], [ -86.56518, 35.736368 ], [ -86.565821, 35.736099 ], [ -86.566242, 35.735959 ], [ -86.566736, 35.735854 ], [ -86.567505, 35.73573 ], [ -86.568659, 35.735603 ], [ -86.569936, 35.73541 ], [ -86.57159, 35.7352 ], [ -86.574105, 35.734877 ], [ -86.576185, 35.734662 ], [ -86.577302, 35.73459 ], [ -86.577881, 35.734549 ], [ -86.579499, 35.734416 ], [ -86.582602, 35.73417 ], [ -86.584878, 35.734025 ], [ -86.587293, 35.733762 ], [ -86.58782, 35.733727 ], [ -86.588321, 35.733683 ], [ -86.588892, 35.733618 ], [ -86.59135, 35.733344 ], [ -86.593189, 35.733145 ], [ -86.594245, 35.733031 ], [ -86.594963, 35.732987 ], [ -86.595411, 35.732981 ], [ -86.596167, 35.733024 ], [ -86.597124, 35.733126 ], [ -86.597566, 35.73315 ], [ -86.598344, 35.733225 ], [ -86.602319, 35.733671 ], [ -86.606959, 35.734152 ], [ -86.609564, 35.734445 ], [ -86.611672, 35.734709 ], [ -86.612512, 35.734691 ], [ -86.613047, 35.734646 ], [ -86.613566, 35.734616 ], [ -86.614677, 35.734501 ], [ -86.615877, 35.734383 ], [ -86.616914, 35.734336 ], [ -86.617788, 35.734318 ], [ -86.618984, 35.734399 ], [ -86.619841, 35.73451 ], [ -86.620653, 35.734626 ], [ -86.621429, 35.734816 ], [ -86.622067, 35.735029 ], [ -86.623318, 35.73548 ], [ -86.624505, 35.735933 ], [ -86.626035, 35.736567 ], [ -86.627626, 35.737241 ], [ -86.627711, 35.737274 ], [ -86.628448, 35.737594 ], [ -86.62862, 35.737669 ], [ -86.630431, 35.738433 ], [ -86.630935, 35.738609 ], [ -86.631185, 35.738697 ], [ -86.631794, 35.738863 ], [ -86.631829, 35.738873 ], [ -86.632254, 35.738972 ], [ -86.633251, 35.739053 ], [ -86.63325, 35.739139 ], [ -86.633657, 35.739198 ], [ -86.633955, 35.739241 ], [ -86.634126, 35.739266 ], [ -86.634562, 35.739326 ], [ -86.635173, 35.73941 ], [ -86.63714, 35.739681 ], [ -86.637769, 35.739768 ], [ -86.638157, 35.739821 ], [ -86.638314, 35.739843 ], [ -86.638914, 35.739926 ], [ -86.639362, 35.739988 ], [ -86.639968, 35.740074 ], [ -86.641787, 35.740333 ], [ -86.642372, 35.740417 ], [ -86.642394, 35.74042 ], [ -86.64255, 35.740441 ], [ -86.642897, 35.740488 ], [ -86.643021, 35.740505 ], [ -86.643178, 35.740527 ], [ -86.646515, 35.74098 ], [ -86.646532, 35.740982 ], [ -86.647433, 35.741113 ], [ -86.648518, 35.741253 ], [ -86.649978, 35.741447 ], [ -86.650013, 35.740735 ], [ -86.649995, 35.740348 ], [ -86.649951, 35.740039 ], [ -86.649948, 35.740015 ], [ -86.649918, 35.73989 ], [ -86.649915, 35.739872 ], [ -86.6499, 35.739828 ], [ -86.649878, 35.739758 ], [ -86.649786, 35.739462 ], [ -86.649766, 35.739416 ], [ -86.649719, 35.739307 ], [ -86.649708, 35.739283 ], [ -86.649546, 35.738968 ], [ -86.649357, 35.738665 ], [ -86.648645, 35.737659 ], [ -86.647971, 35.736708 ], [ -86.647355, 35.735739 ], [ -86.647349, 35.735729 ], [ -86.646883, 35.734957 ], [ -86.646616, 35.734458 ], [ -86.646082, 35.733431 ], [ -86.645938, 35.733119 ], [ -86.64568, 35.732563 ], [ -86.645487, 35.732147 ], [ -86.645375, 35.731886 ], [ -86.644922, 35.730746 ], [ -86.644817, 35.730482 ], [ -86.644503, 35.72969 ], [ -86.644399, 35.729427 ], [ -86.644384, 35.72939 ], [ -86.64432, 35.729237 ], [ -86.644086, 35.728668 ], [ -86.644019, 35.728504 ], [ -86.644007, 35.728479 ], [ -86.643748, 35.727932 ], [ -86.643729, 35.727892 ], [ -86.643687, 35.727808 ], [ -86.643657, 35.727745 ], [ -86.643486, 35.727398 ], [ -86.643127, 35.726698 ], [ -86.642631, 35.725826 ], [ -86.642496, 35.725603 ], [ -86.642408, 35.725457 ], [ -86.642271, 35.72523 ], [ -86.642258, 35.72521 ], [ -86.642069, 35.724913 ], [ -86.641949, 35.724726 ], [ -86.641839, 35.724553 ], [ -86.641706, 35.724344 ], [ -86.641592, 35.724165 ], [ -86.641564, 35.724121 ], [ -86.641467, 35.723983 ], [ -86.641397, 35.723884 ], [ -86.641188, 35.723587 ], [ -86.641119, 35.723488 ], [ -86.641091, 35.723448 ], [ -86.640987, 35.723305 ], [ -86.640976, 35.72329 ], [ -86.640933, 35.723231 ], [ -86.640892, 35.723174 ], [ -86.640823, 35.72308 ], [ -86.640804, 35.723054 ], [ -86.64059, 35.72276 ], [ -86.640458, 35.722579 ], [ -86.640549, 35.722447 ], [ -86.641437, 35.721168 ], [ -86.641627, 35.720894 ], [ -86.643151, 35.7187 ], [ -86.643461, 35.718239 ], [ -86.643684, 35.717857 ], [ -86.643806, 35.717535 ], [ -86.643912, 35.717087 ], [ -86.64398, 35.716703 ], [ -86.644282, 35.715001 ], [ -86.644497, 35.713781 ], [ -86.644589, 35.71326 ], [ -86.644894, 35.712055 ], [ -86.645422, 35.710186 ], [ -86.645447, 35.710099 ], [ -86.645763, 35.708996 ], [ -86.645831, 35.708756 ], [ -86.646036, 35.70804 ], [ -86.646105, 35.707801 ], [ -86.646108, 35.70779 ], [ -86.646287, 35.707139 ], [ -86.646292, 35.707122 ], [ -86.646396, 35.706419 ], [ -86.646539, 35.705095 ], [ -86.646624, 35.704416 ], [ -86.646696, 35.703897 ], [ -86.646914, 35.70234 ], [ -86.64698, 35.70187 ], [ -86.646988, 35.701822 ], [ -86.647067, 35.701353 ], [ -86.647147, 35.700888 ], [ -86.647236, 35.700149 ], [ -86.647284, 35.699946 ], [ -86.647293, 35.69991 ], [ -86.647378, 35.699636 ], [ -86.647421, 35.699528 ], [ -86.647434, 35.699496 ], [ -86.647557, 35.699196 ], [ -86.647927, 35.698299 ], [ -86.648051, 35.698 ], [ -86.648566, 35.696681 ], [ -86.648639, 35.696449 ], [ -86.64868, 35.696323 ], [ -86.64891, 35.695 ], [ -86.649439, 35.69154 ], [ -86.649486, 35.691238 ], [ -86.649695, 35.689902 ], [ -86.651389, 35.690092 ], [ -86.651194, 35.691586 ], [ -86.657434, 35.692231 ], [ -86.66032, 35.692529 ], [ -86.66047, 35.692544 ], [ -86.661619, 35.692664 ], [ -86.661346, 35.694844 ], [ -86.667188, 35.695283 ], [ -86.66713, 35.695882 ], [ -86.66708, 35.696308 ], [ -86.667074, 35.696357 ], [ -86.67009, 35.696696 ], [ -86.670208, 35.696705 ], [ -86.674255, 35.696962 ], [ -86.673683, 35.703306 ], [ -86.673717, 35.703309 ], [ -86.674872, 35.703555 ], [ -86.675371, 35.703605 ], [ -86.675989, 35.703683 ], [ -86.677206, 35.703775 ], [ -86.67951, 35.703896 ], [ -86.67987, 35.703911 ], [ -86.680523, 35.703933 ], [ -86.681331, 35.703996 ], [ -86.68159, 35.704016 ], [ -86.682368, 35.704076 ], [ -86.682628, 35.704097 ], [ -86.682625, 35.704112 ], [ -86.682625, 35.70415 ], [ -86.682631, 35.70431 ], [ -86.682625, 35.704452 ], [ -86.682584, 35.704881 ], [ -86.682564, 35.704986 ], [ -86.682557, 35.705002 ], [ -86.68253, 35.705073 ], [ -86.682517, 35.705183 ], [ -86.682422, 35.705552 ], [ -86.682402, 35.705706 ], [ -86.682328, 35.706046 ], [ -86.682335, 35.706151 ], [ -86.682315, 35.706338 ], [ -86.682288, 35.706513 ], [ -86.682234, 35.706612 ], [ -86.6822, 35.706739 ], [ -86.68218, 35.706838 ], [ -86.682126, 35.706981 ], [ -86.681984, 35.707179 ], [ -86.681964, 35.707266 ], [ -86.68187, 35.707365 ], [ -86.681769, 35.707442 ], [ -86.681728, 35.707529 ], [ -86.681627, 35.70775 ], [ -86.68154, 35.707882 ], [ -86.681486, 35.707926 ], [ -86.68129, 35.708041 ], [ -86.68127, 35.708096 ], [ -86.681203, 35.708184 ], [ -86.68118, 35.708221 ], [ -86.680668, 35.709526 ], [ -86.680652, 35.70957 ], [ -86.684796, 35.709929 ], [ -86.686193, 35.710051 ], [ -86.686157, 35.710519 ], [ -86.68611, 35.711125 ], [ -86.685971, 35.712949 ], [ -86.685925, 35.713558 ], [ -86.686082, 35.713561 ], [ -86.686325, 35.71355 ], [ -86.686566, 35.71351 ], [ -86.686631, 35.7135 ], [ -86.687936, 35.713217 ], [ -86.688045, 35.713191 ], [ -86.68817, 35.713171 ], [ -86.688291, 35.713165 ], [ -86.68845, 35.713168 ], [ -86.688464, 35.713169 ], [ -86.688612, 35.713181 ], [ -86.689105, 35.713254 ], [ -86.689103, 35.713267 ], [ -86.688588, 35.718082 ], [ -86.688557, 35.718372 ], [ -86.691817, 35.7185 ], [ -86.692002, 35.71852 ], [ -86.692638, 35.718633 ], [ -86.693091, 35.718713 ], [ -86.694468, 35.718832 ], [ -86.694658, 35.718837 ], [ -86.694703, 35.71876 ], [ -86.694862, 35.717673 ], [ -86.694905, 35.717577 ], [ -86.695008, 35.717547 ], [ -86.695406, 35.717587 ], [ -86.697897, 35.717844 ], [ -86.698003, 35.717835 ], [ -86.698068, 35.717846 ], [ -86.698119, 35.717839 ], [ -86.698138, 35.717837 ], [ -86.698302, 35.717816 ], [ -86.698381, 35.717808 ], [ -86.698559, 35.717811 ], [ -86.699099, 35.717828 ], [ -86.699281, 35.717837 ], [ -86.69953, 35.718889 ], [ -86.699659, 35.719428 ], [ -86.700201, 35.722022 ], [ -86.700214, 35.722143 ], [ -86.700265, 35.722621 ] ] ] } },
{ "type": "Feature", "properties": { "district_num": "49" }, "geometry": { "type": "Polygon", "coordinates": [ [ [ -86.610527, 35.906072 ], [ -86.610514, 35.906165 ], [ -86.610497, 35.906243 ], [ -86.610451, 35.9064 ], [ -86.610367, 35.906604 ], [ -86.610283, 35.906778 ], [ -86.610208, 35.906921 ], [ -86.610068, 35.90714 ], [ -86.609986, 35.907245 ], [ -86.609942, 35.907285 ], [ -86.609831, 35.907374 ], [ -86.609762, 35.907415 ], [ -86.60968, 35.907457 ], [ -86.609591, 35.907494 ], [ -86.609197, 35.907639 ], [ -86.608602, 35.907901 ], [ -86.608264, 35.907986 ], [ -86.60779, 35.908043 ], [ -86.607503, 35.908071 ], [ -86.607205, 35.90809 ], [ -86.60709, 35.908087 ], [ -86.606706, 35.908049 ], [ -86.606356, 35.907973 ], [ -86.60613, 35.907906 ], [ -86.606112, 35.907899 ], [ -86.605991, 35.907852 ], [ -86.605364, 35.907588 ], [ -86.605147, 35.907463 ], [ -86.604906, 35.9073 ], [ -86.604674, 35.907162 ], [ -86.604583, 35.90712 ], [ -86.604498, 35.907088 ], [ -86.604425, 35.907073 ], [ -86.604293, 35.907061 ], [ -86.60417, 35.907073 ], [ -86.604055, 35.907097 ], [ -86.60375, 35.907187 ], [ -86.603647, 35.907207 ], [ -86.6035, 35.90722 ], [ -86.603398, 35.907215 ], [ -86.603191, 35.907187 ], [ -86.603093, 35.907179 ], [ -86.60302, 35.907177 ], [ -86.602937, 35.907196 ], [ -86.602869, 35.907222 ], [ -86.602775, 35.907291 ], [ -86.602411, 35.907659 ], [ -86.602333, 35.907739 ], [ -86.602208, 35.907861 ], [ -86.602113, 35.907964 ], [ -86.601965, 35.908152 ], [ -86.601935, 35.908204 ], [ -86.601847, 35.90836 ], [ -86.601761, 35.908581 ], [ -86.601681, 35.909059 ], [ -86.601633, 35.909355 ], [ -86.601631, 35.90937 ], [ -86.601549, 35.909682 ], [ -86.601493, 35.909858 ], [ -86.601465, 35.909913 ], [ -86.601434, 35.909959 ], [ -86.601394, 35.910002 ], [ -86.601305, 35.910057 ], [ -86.601261, 35.910074 ], [ -86.601187, 35.910093 ], [ -86.601108, 35.910098 ], [ -86.601013, 35.910096 ], [ -86.600708, 35.910055 ], [ -86.599994, 35.909937 ], [ -86.599913, 35.909924 ], [ -86.599753, 35.909912 ], [ -86.599696, 35.909916 ], [ -86.599615, 35.909934 ], [ -86.599559, 35.909954 ], [ -86.599493, 35.909985 ], [ -86.599407, 35.91004 ], [ -86.599316, 35.910123 ], [ -86.599229, 35.91025 ], [ -86.599159, 35.910486 ], [ -86.599061, 35.91101 ], [ -86.598855, 35.911546 ], [ -86.598739, 35.911933 ], [ -86.598382, 35.913639 ], [ -86.598044, 35.915477 ], [ -86.598018, 35.915606 ], [ -86.597645, 35.917497 ], [ -86.59757, 35.917688 ], [ -86.597494, 35.91765 ], [ -86.59732, 35.917565 ], [ -86.597264, 35.917545 ], [ -86.597185, 35.917518 ], [ -86.597176, 35.917586 ], [ -86.597169, 35.917976 ], [ -86.597122, 35.918097 ], [ -86.597048, 35.918179 ], [ -86.596947, 35.918245 ], [ -86.596859, 35.918372 ], [ -86.596798, 35.918608 ], [ -86.596717, 35.918707 ], [ -86.596623, 35.918795 ], [ -86.5964, 35.918944 ], [ -86.596055, 35.919378 ], [ -86.595751, 35.919873 ], [ -86.59567, 35.920048 ], [ -86.595612, 35.920255 ], [ -86.595637, 35.920433 ], [ -86.595677, 35.920593 ], [ -86.595759, 35.920768 ], [ -86.595907, 35.92101 ], [ -86.595853, 35.921164 ], [ -86.595779, 35.921296 ], [ -86.595762, 35.921316 ], [ -86.595475, 35.921664 ], [ -86.595441, 35.921741 ], [ -86.595421, 35.921879 ], [ -86.595387, 35.922005 ], [ -86.595327, 35.922077 ], [ -86.595219, 35.922137 ], [ -86.59509, 35.922187 ], [ -86.594982, 35.922247 ], [ -86.594918, 35.922293 ], [ -86.594867, 35.92233 ], [ -86.594719, 35.922528 ], [ -86.594689, 35.922586 ], [ -86.594624, 35.92272 ], [ -86.594388, 35.923127 ], [ -86.594111, 35.923435 ], [ -86.594034, 35.923489 ], [ -86.593841, 35.923627 ], [ -86.593739, 35.923688 ], [ -86.593728, 35.923704 ], [ -86.593706, 35.923737 ], [ -86.593692, 35.923786 ], [ -86.593699, 35.923874 ], [ -86.593807, 35.924078 ], [ -86.593807, 35.924133 ], [ -86.593767, 35.924193 ], [ -86.593692, 35.924259 ], [ -86.593523, 35.924364 ], [ -86.593206, 35.924468 ], [ -86.593091, 35.924518 ], [ -86.592949, 35.924622 ], [ -86.592814, 35.924765 ], [ -86.592726, 35.92493 ], [ -86.592716, 35.924988 ], [ -86.592693, 35.925133 ], [ -86.592639, 35.925337 ], [ -86.592557, 35.925507 ], [ -86.592456, 35.925644 ], [ -86.592287, 35.925831 ], [ -86.592051, 35.925952 ], [ -86.591037, 35.926304 ], [ -86.590558, 35.926381 ], [ -86.589936, 35.926398 ], [ -86.589686, 35.926393 ], [ -86.589456, 35.926398 ], [ -86.58926, 35.926376 ], [ -86.589105, 35.926349 ], [ -86.588963, 35.926338 ], [ -86.588531, 35.92642 ], [ -86.588375, 35.926481 ], [ -86.587983, 35.926684 ], [ -86.587747, 35.926756 ], [ -86.587694, 35.926757 ], [ -86.587517, 35.926761 ], [ -86.587382, 35.926745 ], [ -86.586976, 35.926613 ], [ -86.586841, 35.92658 ], [ -86.586463, 35.926564 ], [ -86.586226, 35.926586 ], [ -86.586037, 35.926619 ], [ -86.585819, 35.926679 ], [ -86.585959, 35.926747 ], [ -86.586381, 35.926952 ], [ -86.586522, 35.927021 ], [ -86.587795, 35.927687 ], [ -86.587911, 35.927748 ], [ -86.589374, 35.928501 ], [ -86.589742, 35.928726 ], [ -86.59146, 35.929944 ], [ -86.592126, 35.930416 ], [ -86.592633, 35.930776 ], [ -86.592816, 35.930906 ], [ -86.592845, 35.930926 ], [ -86.593479, 35.931381 ], [ -86.593691, 35.931533 ], [ -86.593925, 35.931701 ], [ -86.594459, 35.932083 ], [ -86.594638, 35.932192 ], [ -86.594885, 35.932342 ], [ -86.594991, 35.932406 ], [ -86.595446, 35.932642 ], [ -86.595508, 35.932674 ], [ -86.595658, 35.932744 ], [ -86.595788, 35.932805 ], [ -86.596816, 35.933291 ], [ -86.596857, 35.933235 ], [ -86.596884, 35.933206 ], [ -86.597792, 35.933671 ], [ -86.598267, 35.933889 ], [ -86.598621, 35.934043 ], [ -86.598783, 35.934121 ], [ -86.599138, 35.934279 ], [ -86.600639, 35.93493 ], [ -86.60135, 35.935247 ], [ -86.601935, 35.935504 ], [ -86.603347, 35.93614 ], [ -86.603742, 35.936307 ], [ -86.60406, 35.936425 ], [ -86.604371, 35.936498 ], [ -86.604812, 35.936602 ], [ -86.605571, 35.936775 ], [ -86.605567, 35.936785 ], [ -86.605562, 35.936797 ], [ -86.605558, 35.936808 ], [ -86.60555, 35.936829 ], [ -86.60554, 35.936853 ], [ -86.605536, 35.936864 ], [ -86.605511, 35.936931 ], [ -86.605481, 35.937017 ], [ -86.605193, 35.937845 ], [ -86.605111, 35.937834 ], [ -86.605055, 35.938003 ], [ -86.605052, 35.938014 ], [ -86.604915, 35.938464 ], [ -86.604883, 35.938572 ], [ -86.604759, 35.939207 ], [ -86.604376, 35.941675 ], [ -86.604048, 35.943787 ], [ -86.603939, 35.944577 ], [ -86.603822, 35.945283 ], [ -86.603485, 35.947336 ], [ -86.603478, 35.947401 ], [ -86.60346, 35.947607 ], [ -86.603483, 35.947899 ], [ -86.603547, 35.948106 ], [ -86.603559, 35.948147 ], [ -86.603669, 35.948323 ], [ -86.603847, 35.948509 ], [ -86.604235, 35.94875 ], [ -86.604646, 35.948982 ], [ -86.604875, 35.949111 ], [ -86.605039, 35.94922 ], [ -86.605189, 35.949374 ], [ -86.605292, 35.949539 ], [ -86.605321, 35.949732 ], [ -86.604637, 35.952271 ], [ -86.604611, 35.952368 ], [ -86.604599, 35.9524 ], [ -86.604459, 35.952785 ], [ -86.604437, 35.952856 ], [ -86.604023, 35.954233 ], [ -86.603392, 35.954135 ], [ -86.602956, 35.954107 ], [ -86.602428, 35.954029 ], [ -86.602258, 35.954005 ], [ -86.602132, 35.954003 ], [ -86.602013, 35.954012 ], [ -86.601874, 35.954043 ], [ -86.60168, 35.954126 ], [ -86.601532, 35.954214 ], [ -86.601242, 35.95437 ], [ -86.601164, 35.954399 ], [ -86.601136, 35.954407 ], [ -86.601013, 35.954441 ], [ -86.600914, 35.95446 ], [ -86.600705, 35.954486 ], [ -86.600488, 35.954505 ], [ -86.600001, 35.954514 ], [ -86.599718, 35.954512 ], [ -86.599529, 35.954516 ], [ -86.599425, 35.954524 ], [ -86.599376, 35.954533 ], [ -86.599179, 35.954582 ], [ -86.598892, 35.954684 ], [ -86.598542, 35.95482 ], [ -86.598368, 35.954895 ], [ -86.597844, 35.955139 ], [ -86.597829, 35.955149 ], [ -86.597629, 35.955293 ], [ -86.597469, 35.955437 ], [ -86.597268, 35.955635 ], [ -86.597013, 35.955801 ], [ -86.596816, 35.955941 ], [ -86.596696, 35.956048 ], [ -86.596623, 35.956135 ], [ -86.596597, 35.956171 ], [ -86.596583, 35.956189 ], [ -86.596543, 35.956245 ], [ -86.596531, 35.956264 ], [ -86.596558, 35.956278 ], [ -86.596639, 35.95632 ], [ -86.596666, 35.956335 ], [ -86.596706, 35.956356 ], [ -86.596826, 35.956419 ], [ -86.596866, 35.95644 ], [ -86.597045, 35.956535 ], [ -86.597333, 35.956642 ], [ -86.59752, 35.956684 ], [ -86.597667, 35.956707 ], [ -86.59808, 35.956757 ], [ -86.598564, 35.956815 ], [ -86.599008, 35.956869 ], [ -86.599463, 35.956951 ], [ -86.59962, 35.956992 ], [ -86.599806, 35.957055 ], [ -86.599938, 35.957114 ], [ -86.600044, 35.957175 ], [ -86.600146, 35.957244 ], [ -86.600262, 35.957344 ], [ -86.600337, 35.957431 ], [ -86.600406, 35.957529 ], [ -86.600479, 35.957662 ], [ -86.600534, 35.957811 ], [ -86.600561, 35.957993 ], [ -86.600563, 35.95814 ], [ -86.60055, 35.958311 ], [ -86.600229, 35.960314 ], [ -86.60017, 35.960687 ], [ -86.60001, 35.961714 ], [ -86.599906, 35.962422 ], [ -86.599895, 35.962496 ], [ -86.59979, 35.963162 ], [ -86.599696, 35.963763 ], [ -86.59969, 35.963922 ], [ -86.599712, 35.96399 ], [ -86.599745, 35.964065 ], [ -86.599807, 35.964161 ], [ -86.599852, 35.964218 ], [ -86.600008, 35.964376 ], [ -86.600141, 35.964481 ], [ -86.600275, 35.964577 ], [ -86.600492, 35.964696 ], [ -86.600715, 35.964833 ], [ -86.600777, 35.964877 ], [ -86.600829, 35.964915 ], [ -86.600935, 35.965008 ], [ -86.601017, 35.96513 ], [ -86.601076, 35.96526 ], [ -86.601135, 35.965508 ], [ -86.600966, 35.966524 ], [ -86.60092, 35.966807 ], [ -86.600889, 35.966973 ], [ -86.600722, 35.96788 ], [ -86.600683, 35.968061 ], [ -86.600433, 35.969328 ], [ -86.600218, 35.970333 ], [ -86.600136, 35.970765 ], [ -86.600099, 35.970935 ], [ -86.600027, 35.971346 ], [ -86.599849, 35.972382 ], [ -86.599785, 35.972812 ], [ -86.599735, 35.97314 ], [ -86.599732, 35.973165 ], [ -86.599619, 35.973969 ], [ -86.599602, 35.974126 ], [ -86.599568, 35.974456 ], [ -86.59955, 35.974652 ], [ -86.59955, 35.974909 ], [ -86.59955, 35.975241 ], [ -86.599531, 35.975527 ], [ -86.59947, 35.976036 ], [ -86.599437, 35.976266 ], [ -86.599374, 35.976716 ], [ -86.59933, 35.977024 ], [ -86.599308, 35.97718 ], [ -86.599191, 35.977947 ], [ -86.599145, 35.978255 ], [ -86.599139, 35.97829 ], [ -86.599138, 35.9783 ], [ -86.598911, 35.979793 ], [ -86.598816, 35.980421 ], [ -86.598695, 35.981181 ], [ -86.59854, 35.982094 ], [ -86.598432, 35.982934 ], [ -86.598376, 35.98332 ], [ -86.598332, 35.983626 ], [ -86.598293, 35.983906 ], [ -86.598236, 35.984276 ], [ -86.59801, 35.98577 ], [ -86.597969, 35.986022 ], [ -86.597848, 35.986781 ], [ -86.597809, 35.987034 ], [ -86.59777, 35.98729 ], [ -86.597654, 35.988059 ], [ -86.597616, 35.988316 ], [ -86.597602, 35.988414 ], [ -86.597562, 35.988709 ], [ -86.597549, 35.988808 ], [ -86.597478, 35.989371 ], [ -86.597327, 35.990571 ], [ -86.59726, 35.991061 ], [ -86.597185, 35.991624 ], [ -86.59718, 35.991677 ], [ -86.597167, 35.991837 ], [ -86.597163, 35.991891 ], [ -86.597074, 35.992434 ], [ -86.596999, 35.992966 ], [ -86.596974, 35.99316 ], [ -86.596945, 35.993405 ], [ -86.59686, 35.994139 ], [ -86.596832, 35.994385 ], [ -86.596812, 35.994596 ], [ -86.596754, 35.995221 ], [ -86.59675, 35.995234 ], [ -86.596746, 35.99531 ], [ -86.596727, 35.995443 ], [ -86.596671, 35.99584 ], [ -86.596506, 35.99703 ], [ -86.596451, 35.997428 ], [ -86.596448, 35.997464 ], [ -86.59644, 35.997575 ], [ -86.596438, 35.997612 ], [ -86.596426, 35.997784 ], [ -86.59639, 35.9983 ], [ -86.596379, 35.998473 ], [ -86.596379, 35.998566 ], [ -86.596382, 35.998848 ], [ -86.596383, 35.998942 ], [ -86.596384, 35.999239 ], [ -86.596385, 35.999248 ], [ -86.596331, 35.99985 ], [ -86.596292, 36.000128 ], [ -86.596252, 36.000423 ], [ -86.595951, 36.000391 ], [ -86.595049, 36.000297 ], [ -86.594749, 36.000266 ], [ -86.594471, 36.000237 ], [ -86.594157, 36.000204 ], [ -86.593826, 36.000162 ], [ -86.593244, 36.000088 ], [ -86.592926, 35.999964 ], [ -86.592476, 35.999643 ], [ -86.592214, 35.999432 ], [ -86.591952, 35.999275 ], [ -86.591659, 35.999164 ], [ -86.591404, 35.999118 ], [ -86.591314, 35.999108 ], [ -86.590392, 35.999008 ], [ -86.589432, 35.99891 ], [ -86.586552, 35.998616 ], [ -86.585593, 35.998519 ], [ -86.585741, 35.99929 ], [ -86.585794, 35.999563 ], [ -86.585877, 35.999853 ], [ -86.586134, 36.000507 ], [ -86.586218, 36.000797 ], [ -86.586245, 36.001108 ], [ -86.58617, 36.001564 ], [ -86.58612, 36.001869 ], [ -86.586026, 36.002337 ], [ -86.585976, 36.002581 ], [ -86.585941, 36.002757 ], [ -86.585911, 36.002908 ], [ -86.585885, 36.00312 ], [ -86.585886, 36.00332 ], [ -86.585888, 36.00357 ], [ -86.58589, 36.003821 ], [ -86.585851, 36.00404 ], [ -86.585787, 36.004192 ], [ -86.585554, 36.004564 ], [ -86.585361, 36.004882 ], [ -86.585158, 36.005078 ], [ -86.584916, 36.005314 ], [ -86.584746, 36.005401 ], [ -86.5846, 36.005441 ], [ -86.584274, 36.005463 ], [ -86.583705, 36.005486 ], [ -86.583526, 36.005526 ], [ -86.583396, 36.005593 ], [ -86.583232, 36.005803 ], [ -86.583157, 36.006295 ], [ -86.58315, 36.006401 ], [ -86.583159, 36.006559 ], [ -86.583202, 36.006876 ], [ -86.583203, 36.007029 ], [ -86.582954, 36.008524 ], [ -86.58291, 36.00879 ], [ -86.582633, 36.010499 ], [ -86.582496, 36.011314 ], [ -86.582198, 36.013104 ], [ -86.582103, 36.013763 ], [ -86.581986, 36.014582 ], [ -86.581944, 36.014844 ], [ -86.581819, 36.015629 ], [ -86.581778, 36.015892 ], [ -86.581447, 36.015823 ], [ -86.581374, 36.015801 ], [ -86.580185, 36.015442 ], [ -86.579789, 36.015323 ], [ -86.579738, 36.015414 ], [ -86.579585, 36.01569 ], [ -86.579535, 36.015782 ], [ -86.579438, 36.016017 ], [ -86.579146, 36.016723 ], [ -86.57905, 36.016959 ], [ -86.578944, 36.017222 ], [ -86.578764, 36.017672 ], [ -86.578701, 36.017792 ], [ -86.578637, 36.017841 ], [ -86.57859, 36.017842 ], [ -86.578511, 36.017794 ], [ -86.578501, 36.017787 ], [ -86.578267, 36.017628 ], [ -86.578272, 36.017705 ], [ -86.57829, 36.017939 ], [ -86.578293, 36.017967 ], [ -86.578294, 36.018018 ], [ -86.578297, 36.01822 ], [ -86.578306, 36.018829 ], [ -86.578307, 36.018844 ], [ -86.578307, 36.019032 ], [ -86.578309, 36.019352 ], [ -86.578315, 36.020315 ], [ -86.578317, 36.020473 ], [ -86.57665, 36.020061 ], [ -86.575391, 36.01975 ], [ -86.572692, 36.019083 ], [ -86.571394, 36.01876 ], [ -86.570439, 36.018523 ], [ -86.569639, 36.018324 ], [ -86.569531, 36.018297 ], [ -86.568442, 36.018026 ], [ -86.567533, 36.017803 ], [ -86.56684, 36.017629 ], [ -86.566531, 36.01755 ], [ -86.566421, 36.017521 ], [ -86.56626, 36.017478 ], [ -86.564386, 36.01702 ], [ -86.564057, 36.016936 ], [ -86.561708, 36.016338 ], [ -86.560293, 36.015977 ], [ -86.559494, 36.015774 ], [ -86.558623, 36.015572 ], [ -86.557299, 36.015265 ], [ -86.556356, 36.015024 ], [ -86.556055, 36.014949 ], [ -86.55478, 36.014632 ], [ -86.553676, 36.014356 ], [ -86.551634, 36.013848 ], [ -86.551248, 36.013752 ], [ -86.549974, 36.01341 ], [ -86.549425, 36.013235 ], [ -86.548806, 36.013004 ], [ -86.547404, 36.012429 ], [ -86.546909, 36.012178 ], [ -86.546368, 36.011903 ], [ -86.545663, 36.011512 ], [ -86.545364, 36.011332 ], [ -86.54488, 36.011042 ], [ -86.54423, 36.010594 ], [ -86.543857, 36.010322 ], [ -86.543256, 36.009862 ], [ -86.542776, 36.009454 ], [ -86.542253, 36.008982 ], [ -86.541518, 36.008232 ], [ -86.540998, 36.007653 ], [ -86.540845, 36.007482 ], [ -86.540024, 36.006544 ], [ -86.539834, 36.006321 ], [ -86.539795, 36.006546 ], [ -86.539941, 36.006716 ], [ -86.540224, 36.007035 ], [ -86.540394, 36.007227 ], [ -86.540855, 36.007756 ], [ -86.540904, 36.007813 ], [ -86.541441, 36.008404 ], [ -86.541788, 36.008779 ], [ -86.542099, 36.009063 ], [ -86.542212, 36.00917 ], [ -86.542502, 36.009444 ], [ -86.542936, 36.00982 ], [ -86.543167, 36.010009 ], [ -86.543364, 36.01017 ], [ -86.543881, 36.010548 ], [ -86.544123, 36.010725 ], [ -86.544013, 36.01086 ], [ -86.543984, 36.010927 ], [ -86.543943, 36.011056 ], [ -86.543888, 36.011269 ], [ -86.5438, 36.011647 ], [ -86.543744, 36.011889 ], [ -86.543702, 36.012082 ], [ -86.543578, 36.012664 ], [ -86.543538, 36.012858 ], [ -86.543435, 36.013318 ], [ -86.543195, 36.014393 ], [ -86.543144, 36.014571 ], [ -86.54307, 36.014679 ], [ -86.542806, 36.015071 ], [ -86.542705, 36.015229 ], [ -86.54257, 36.015444 ], [ -86.542393, 36.015698 ], [ -86.542306, 36.015824 ], [ -86.542285, 36.015852 ], [ -86.542106, 36.016086 ], [ -86.542082, 36.016106 ], [ -86.541338, 36.01674 ], [ -86.54109, 36.016952 ], [ -86.540898, 36.017112 ], [ -86.540814, 36.017183 ], [ -86.540699, 36.017306 ], [ -86.540544, 36.017505 ], [ -86.540452, 36.017701 ], [ -86.540432, 36.017744 ], [ -86.540366, 36.017935 ], [ -86.540355, 36.017969 ], [ -86.54028, 36.018338 ], [ -86.540261, 36.01847 ], [ -86.540226, 36.018725 ], [ -86.540197, 36.019138 ], [ -86.540207, 36.019289 ], [ -86.540254, 36.019527 ], [ -86.540321, 36.0197 ], [ -86.540445, 36.019883 ], [ -86.540564, 36.019995 ], [ -86.540843, 36.020258 ], [ -86.540955, 36.020377 ], [ -86.541072, 36.020503 ], [ -86.541167, 36.020628 ], [ -86.541175, 36.020641 ], [ -86.541288, 36.020819 ], [ -86.541408, 36.021033 ], [ -86.541677, 36.021547 ], [ -86.541785, 36.021751 ], [ -86.541848, 36.021847 ], [ -86.54172, 36.021934 ], [ -86.541362, 36.022109 ], [ -86.541221, 36.022161 ], [ -86.541083, 36.022201 ], [ -86.54098, 36.022232 ], [ -86.540725, 36.022271 ], [ -86.540185, 36.022337 ], [ -86.539835, 36.022367 ], [ -86.539666, 36.02237 ], [ -86.539515, 36.022364 ], [ -86.539363, 36.022353 ], [ -86.538563, 36.022243 ], [ -86.537725, 36.022128 ], [ -86.537165, 36.022079 ], [ -86.536163, 36.021993 ], [ -86.535487, 36.021918 ], [ -86.535216, 36.021888 ], [ -86.53493, 36.021845 ], [ -86.534857, 36.021834 ], [ -86.534006, 36.021717 ], [ -86.531236, 36.021337 ], [ -86.530313, 36.021211 ], [ -86.530042, 36.021179 ], [ -86.52923, 36.021084 ], [ -86.529163, 36.021077 ], [ -86.528958, 36.02107 ], [ -86.528914, 36.021068 ], [ -86.528785, 36.021063 ], [ -86.528742, 36.021062 ], [ -86.52834, 36.020994 ], [ -86.52779, 36.020902 ], [ -86.527133, 36.020799 ], [ -86.526731, 36.020736 ], [ -86.525964, 36.020664 ], [ -86.52043, 36.019857 ], [ -86.520141, 36.021497 ], [ -86.520099, 36.02149 ], [ -86.518358, 36.021311 ], [ -86.518184, 36.021286 ], [ -86.518146, 36.021316 ], [ -86.518092, 36.021433 ], [ -86.518013, 36.021693 ], [ -86.517996, 36.021803 ], [ -86.517956, 36.021865 ], [ -86.517915, 36.021907 ], [ -86.517851, 36.021969 ], [ -86.517746, 36.021999 ], [ -86.516612, 36.021895 ], [ -86.516513, 36.021874 ], [ -86.515656, 36.021694 ], [ -86.51453, 36.021552 ], [ -86.514409, 36.021459 ], [ -86.514405, 36.021426 ], [ -86.514383, 36.021316 ], [ -86.514639, 36.019635 ], [ -86.514778, 36.019254 ], [ -86.514698, 36.019243 ], [ -86.514722, 36.019091 ], [ -86.513411, 36.018857 ], [ -86.5132, 36.018828 ], [ -86.511035, 36.018527 ], [ -86.510508, 36.018454 ], [ -86.509155, 36.018265 ], [ -86.509454, 36.018443 ], [ -86.509674, 36.018589 ], [ -86.510396, 36.019059 ], [ -86.51024, 36.019423 ], [ -86.510132, 36.019648 ], [ -86.509969, 36.019819 ], [ -86.509753, 36.019994 ], [ -86.509698, 36.020088 ], [ -86.509651, 36.020203 ], [ -86.50959, 36.020291 ], [ -86.509495, 36.02039 ], [ -86.509448, 36.020478 ], [ -86.509421, 36.020588 ], [ -86.509326, 36.020714 ], [ -86.508886, 36.021022 ], [ -86.508744, 36.021159 ], [ -86.508615, 36.021258 ], [ -86.508493, 36.021318 ], [ -86.508304, 36.021335 ], [ -86.508074, 36.021324 ], [ -86.507939, 36.021296 ], [ -86.507411, 36.021279 ], [ -86.507249, 36.021224 ], [ -86.507066, 36.021103 ], [ -86.506998, 36.021038 ], [ -86.506695, 36.021433 ], [ -86.506547, 36.021301 ], [ -86.506467, 36.02123 ], [ -86.506238, 36.021026 ], [ -86.505662, 36.020514 ], [ -86.505261, 36.020158 ], [ -86.504311, 36.019317 ], [ -86.504167, 36.019103 ], [ -86.503854, 36.019277 ], [ -86.503712, 36.019305 ], [ -86.503597, 36.019288 ], [ -86.503461, 36.019227 ], [ -86.503286, 36.019167 ], [ -86.50327, 36.019163 ], [ -86.503204, 36.01915 ], [ -86.503116, 36.01915 ], [ -86.503049, 36.019172 ], [ -86.502981, 36.019233 ], [ -86.50294, 36.019337 ], [ -86.503021, 36.019606 ], [ -86.503048, 36.019766 ], [ -86.503014, 36.019953 ], [ -86.502953, 36.020194 ], [ -86.502737, 36.020519 ], [ -86.502682, 36.020574 ], [ -86.502554, 36.020634 ], [ -86.502398, 36.020634 ], [ -86.502324, 36.020617 ], [ -86.502229, 36.020584 ], [ -86.502155, 36.02054 ], [ -86.502087, 36.020469 ], [ -86.501905, 36.020189 ], [ -86.50179, 36.019908 ], [ -86.501782, 36.019865 ], [ -86.501743, 36.019655 ], [ -86.501743, 36.019547 ], [ -86.501743, 36.019457 ], [ -86.501729, 36.019304 ], [ -86.50175, 36.019095 ], [ -86.501777, 36.018968 ], [ -86.501833, 36.018846 ], [ -86.501899, 36.018705 ], [ -86.501919, 36.018675 ], [ -86.502082, 36.01843 ], [ -86.502095, 36.018414 ], [ -86.501638, 36.018365 ], [ -86.501679, 36.018278 ], [ -86.501843, 36.017936 ], [ -86.50227, 36.017045 ], [ -86.499028, 36.016661 ], [ -86.498957, 36.016652 ], [ -86.498692, 36.016621 ], [ -86.497899, 36.016527 ], [ -86.497199, 36.016444 ], [ -86.496251, 36.016331 ], [ -86.495694, 36.016265 ], [ -86.495312, 36.01622 ], [ -86.495297, 36.016312 ], [ -86.495273, 36.016428 ], [ -86.495191, 36.016824 ], [ -86.49426, 36.016706 ], [ -86.494052, 36.01668 ], [ -86.493881, 36.016665 ], [ -86.493816, 36.016958 ], [ -86.493795, 36.017064 ], [ -86.493732, 36.017381 ], [ -86.493712, 36.017488 ], [ -86.493628, 36.017911 ], [ -86.493378, 36.019182 ], [ -86.493358, 36.019285 ], [ -86.493291, 36.019606 ], [ -86.493229, 36.019918 ], [ -86.493043, 36.020856 ], [ -86.492982, 36.021169 ], [ -86.492892, 36.021582 ], [ -86.492749, 36.022248 ], [ -86.492638, 36.022825 ], [ -86.492602, 36.023019 ], [ -86.492564, 36.023242 ], [ -86.492509, 36.023669 ], [ -86.492444, 36.024188 ], [ -86.492396, 36.024481 ], [ -86.492326, 36.024949 ], [ -86.4923, 36.025125 ], [ -86.492275, 36.025292 ], [ -86.492263, 36.025376 ], [ -86.492246, 36.025515 ], [ -86.492194, 36.025934 ], [ -86.492178, 36.026074 ], [ -86.492081, 36.026566 ], [ -86.492044, 36.026786 ], [ -86.491969, 36.027337 ], [ -86.491879, 36.027963 ], [ -86.491867, 36.028034 ], [ -86.491832, 36.028234 ], [ -86.491793, 36.028461 ], [ -86.491769, 36.028603 ], [ -86.491759, 36.028665 ], [ -86.491703, 36.029032 ], [ -86.491686, 36.029138 ], [ -86.491644, 36.029412 ], [ -86.491472, 36.029396 ], [ -86.489587, 36.029256 ], [ -86.489621, 36.029 ], [ -86.489703, 36.028383 ], [ -86.488866, 36.028405 ], [ -86.48907, 36.02765 ], [ -86.487684, 36.027656 ], [ -86.487325, 36.028017 ], [ -86.486032, 36.0293 ], [ -86.483749, 36.029268 ], [ -86.483821, 36.028798 ], [ -86.483988, 36.02779 ], [ -86.483889, 36.027787 ], [ -86.483182, 36.027766 ], [ -86.48195, 36.027728 ], [ -86.481917, 36.027687 ], [ -86.481721, 36.027462 ], [ -86.481017, 36.026869 ], [ -86.480909, 36.026737 ], [ -86.480888, 36.026665 ], [ -86.480976, 36.02655 ], [ -86.481112, 36.026423 ], [ -86.481159, 36.026363 ], [ -86.481159, 36.026247 ], [ -86.48103, 36.026094 ], [ -86.480847, 36.025951 ], [ -86.480489, 36.025599 ], [ -86.480313, 36.025357 ], [ -86.480285, 36.025182 ], [ -86.480285, 36.025028 ], [ -86.480373, 36.024819 ], [ -86.48036, 36.024714 ], [ -86.480299, 36.024626 ], [ -86.48019, 36.024577 ], [ -86.479852, 36.024682 ], [ -86.479656, 36.024698 ], [ -86.47948, 36.024676 ], [ -86.479399, 36.024594 ], [ -86.479203, 36.024561 ], [ -86.479027, 36.024572 ], [ -86.478898, 36.024643 ], [ -86.47877, 36.024737 ], [ -86.478628, 36.024792 ], [ -86.478459, 36.024797 ], [ -86.478134, 36.024704 ], [ -86.478046, 36.024688 ], [ -86.477626, 36.024677 ], [ -86.477444, 36.024732 ], [ -86.477349, 36.024825 ], [ -86.477285, 36.025058 ], [ -86.477214, 36.025325 ], [ -86.477133, 36.025545 ], [ -86.477126, 36.02565 ], [ -86.477058, 36.025716 ], [ -86.476984, 36.02576 ], [ -86.476828, 36.025754 ], [ -86.476659, 36.025661 ], [ -86.476537, 36.025436 ], [ -86.47647, 36.025205 ], [ -86.476402, 36.025128 ], [ -86.476246, 36.025067 ], [ -86.476145, 36.025051 ], [ -86.476043, 36.025073 ], [ -86.475543, 36.025485 ], [ -86.475252, 36.025601 ], [ -86.475002, 36.02565 ], [ -86.474772, 36.025645 ], [ -86.474623, 36.025596 ], [ -86.474481, 36.025508 ], [ -86.474386, 36.025403 ], [ -86.474365, 36.025255 ], [ -86.474426, 36.025002 ], [ -86.474588, 36.024661 ], [ -86.474595, 36.024595 ], [ -86.474534, 36.024469 ], [ -86.47446, 36.024354 ], [ -86.474466, 36.024216 ], [ -86.474527, 36.024068 ], [ -86.474649, 36.023864 ], [ -86.474717, 36.023688 ], [ -86.474669, 36.02354 ], [ -86.474642, 36.023392 ], [ -86.474432, 36.023139 ], [ -86.474344, 36.023007 ], [ -86.474317, 36.022919 ], [ -86.474324, 36.022804 ], [ -86.474506, 36.022293 ], [ -86.474682, 36.021957 ], [ -86.474885, 36.021715 ], [ -86.475142, 36.021528 ], [ -86.475575, 36.021363 ], [ -86.476488, 36.021061 ], [ -86.477462, 36.020676 ], [ -86.477543, 36.02061 ], [ -86.477604, 36.020538 ], [ -86.477617, 36.020412 ], [ -86.477495, 36.020297 ], [ -86.477056, 36.020099 ], [ -86.476913, 36.019956 ], [ -86.476792, 36.019791 ], [ -86.476737, 36.019571 ], [ -86.476731, 36.019346 ], [ -86.476697, 36.01922 ], [ -86.47669, 36.019115 ], [ -86.476865, 36.018725 ], [ -86.476953, 36.018588 ], [ -86.47698, 36.0185 ], [ -86.476953, 36.018181 ], [ -86.477014, 36.018038 ], [ -86.477109, 36.017901 ], [ -86.47721, 36.017807 ], [ -86.477366, 36.017675 ], [ -86.477528, 36.017571 ], [ -86.477589, 36.017439 ], [ -86.477548, 36.017169 ], [ -86.477561, 36.017087 ], [ -86.477595, 36.017005 ], [ -86.477561, 36.016933 ], [ -86.477318, 36.016582 ], [ -86.477263, 36.01645 ], [ -86.47725, 36.016351 ], [ -86.47727, 36.016257 ], [ -86.477405, 36.016142 ], [ -86.477392, 36.016114 ], [ -86.477297, 36.016076 ], [ -86.477175, 36.015993 ], [ -86.477101, 36.015873 ], [ -86.477128, 36.015746 ], [ -86.477175, 36.015614 ], [ -86.47727, 36.015565 ], [ -86.477716, 36.015521 ], [ -86.478115, 36.015521 ], [ -86.478312, 36.01557 ], [ -86.478718, 36.015592 ], [ -86.478893, 36.015636 ], [ -86.479029, 36.015691 ], [ -86.479151, 36.015773 ], [ -86.479293, 36.0158 ], [ -86.479387, 36.015784 ], [ -86.479523, 36.015734 ], [ -86.479597, 36.015685 ], [ -86.479759, 36.015663 ], [ -86.480003, 36.015707 ], [ -86.480104, 36.015696 ], [ -86.480152, 36.015668 ], [ -86.480158, 36.015608 ], [ -86.480104, 36.015498 ], [ -86.479976, 36.01536 ], [ -86.479759, 36.015223 ], [ -86.47961, 36.015141 ], [ -86.479373, 36.015097 ], [ -86.479096, 36.015075 ], [ -86.478738, 36.015108 ], [ -86.478373, 36.015116 ], [ -86.478041, 36.015125 ], [ -86.477818, 36.015075 ], [ -86.477073, 36.015048 ], [ -86.476735, 36.015059 ], [ -86.476532, 36.015032 ], [ -86.476404, 36.014983 ], [ -86.475761, 36.014642 ], [ -86.475592, 36.014576 ], [ -86.47522, 36.014494 ], [ -86.475037, 36.014406 ], [ -86.474881, 36.014279 ], [ -86.474671, 36.013928 ], [ -86.474651, 36.013697 ], [ -86.474881, 36.013026 ], [ -86.475077, 36.01257 ], [ -86.47536, 36.01207 ], [ -86.475597, 36.011575 ], [ -86.4758, 36.011267 ], [ -86.47605, 36.010987 ], [ -86.476076, 36.010977 ], [ -86.475804, 36.010966 ], [ -86.475215, 36.010945 ], [ -86.475247, 36.010724 ], [ -86.475288, 36.010456 ], [ -86.47513, 36.010685 ], [ -86.475022, 36.010905 ], [ -86.474956, 36.011191 ], [ -86.474954, 36.011202 ], [ -86.474927, 36.01151 ], [ -86.474833, 36.011922 ], [ -86.474779, 36.012213 ], [ -86.474583, 36.012708 ], [ -86.474488, 36.013093 ], [ -86.474414, 36.013301 ], [ -86.474326, 36.0134 ], [ -86.474231, 36.013439 ], [ -86.474203, 36.013439 ], [ -86.473758, 36.013444 ], [ -86.473697, 36.013379 ], [ -86.47375, 36.013102 ], [ -86.473791, 36.012884 ], [ -86.473798, 36.012785 ], [ -86.473859, 36.012741 ], [ -86.474049, 36.012713 ], [ -86.47413, 36.012669 ], [ -86.474197, 36.012543 ], [ -86.474407, 36.011779 ], [ -86.474473, 36.011338 ], [ -86.474501, 36.011158 ], [ -86.474609, 36.010086 ], [ -86.474669, 36.009866 ], [ -86.474676, 36.009443 ], [ -86.474703, 36.009124 ], [ -86.474642, 36.008916 ], [ -86.474608, 36.008756 ], [ -86.474601, 36.008509 ], [ -86.474648, 36.008338 ], [ -86.474669, 36.00819 ], [ -86.474533, 36.007998 ], [ -86.47435, 36.007393 ], [ -86.47431, 36.007217 ], [ -86.474303, 36.006778 ], [ -86.474188, 36.006536 ], [ -86.474147, 36.006393 ], [ -86.47414, 36.005997 ], [ -86.474093, 36.005904 ], [ -86.47389, 36.005734 ], [ -86.473795, 36.005569 ], [ -86.473766, 36.005431 ], [ -86.473747, 36.005333 ], [ -86.473761, 36.005063 ], [ -86.473896, 36.004761 ], [ -86.47393, 36.004623 ], [ -86.473889, 36.004541 ], [ -86.473652, 36.004343 ], [ -86.473557, 36.004058 ], [ -86.473469, 36.003717 ], [ -86.473469, 36.003552 ], [ -86.47355, 36.003327 ], [ -86.473638, 36.003228 ], [ -86.473631, 36.003107 ], [ -86.473604, 36.003013 ], [ -86.473381, 36.003013 ], [ -86.473253, 36.003112 ], [ -86.472996, 36.003112 ], [ -86.472948, 36.003063 ], [ -86.472769, 36.002731 ], [ -86.472752, 36.0027 ], [ -86.472702, 36.002651 ], [ -86.47264, 36.002423 ], [ -86.472627, 36.002403 ], [ -86.472538, 36.002296 ], [ -86.472417, 36.002149 ], [ -86.472296, 36.002025 ], [ -86.472207, 36.001896 ], [ -86.472149, 36.001786 ], [ -86.47208, 36.00162 ], [ -86.472064, 36.00153 ], [ -86.472049, 36.001438 ], [ -86.47202, 36.001289 ], [ -86.472109, 36.001244 ], [ -86.472291, 36.001046 ], [ -86.472352, 36.000964 ], [ -86.472366, 36.000903 ], [ -86.472326, 36.000823 ], [ -86.472156, 36.000694 ], [ -86.471993, 36.000535 ], [ -86.471845, 36.000337 ], [ -86.471777, 36.000238 ], [ -86.471744, 36.00007 ], [ -86.47175, 35.999641 ], [ -86.471297, 35.999287 ], [ -86.471177, 35.999109 ], [ -86.470876, 35.99864 ], [ -86.470677, 35.99833 ], [ -86.470562, 35.998195 ], [ -86.470453, 35.998244 ], [ -86.470436, 35.998208 ], [ -86.470387, 35.998101 ], [ -86.470371, 35.998066 ], [ -86.470422, 35.998047 ], [ -86.47048, 35.998026 ], [ -86.470809, 35.997909 ], [ -86.470919, 35.99787 ], [ -86.471082, 35.997811 ], [ -86.471262, 35.997746 ], [ -86.472187, 35.997415 ], [ -86.472292, 35.997377 ], [ -86.472637, 35.997257 ], [ -86.473232, 35.997142 ], [ -86.474222, 35.996973 ], [ -86.474552, 35.996917 ], [ -86.475767, 35.996716 ], [ -86.478324, 35.996284 ], [ -86.478981, 35.996145 ], [ -86.479178, 35.996104 ], [ -86.479548, 35.996006 ], [ -86.480535, 35.995724 ], [ -86.480853, 35.995639 ], [ -86.481786, 35.99539 ], [ -86.481808, 35.995384 ], [ -86.48213, 35.995313 ], [ -86.482169, 35.995303 ], [ -86.482287, 35.995277 ], [ -86.482327, 35.995268 ], [ -86.48293, 35.99519 ], [ -86.483371, 35.99517 ], [ -86.483778, 35.99519 ], [ -86.483835, 35.995193 ], [ -86.488131, 35.995619 ], [ -86.488973, 35.995703 ], [ -86.489583, 35.99575 ], [ -86.489767, 35.995764 ], [ -86.490319, 35.995807 ], [ -86.490503, 35.995822 ], [ -86.490587, 35.995828 ], [ -86.490841, 35.995847 ], [ -86.490926, 35.995854 ], [ -86.491089, 35.995866 ], [ -86.491578, 35.995903 ], [ -86.491672, 35.995911 ], [ -86.491742, 35.995911 ], [ -86.491866, 35.99591 ], [ -86.491884, 35.995908 ], [ -86.49209, 35.995892 ], [ -86.492307, 35.995853 ], [ -86.492448, 35.995828 ], [ -86.492624, 35.995773 ], [ -86.492781, 35.995726 ], [ -86.493122, 35.995536 ], [ -86.493284, 35.995447 ], [ -86.493443, 35.995567 ], [ -86.493635, 35.995712 ], [ -86.493956, 35.99587 ], [ -86.494136, 35.995958 ], [ -86.494254, 35.995996 ], [ -86.494588, 35.996105 ], [ -86.49461, 35.996108 ], [ -86.494733, 35.996127 ], [ -86.49514, 35.99619 ], [ -86.495221, 35.996197 ], [ -86.496695, 35.996326 ], [ -86.497187, 35.996369 ], [ -86.497496, 35.996399 ], [ -86.497547, 35.996405 ], [ -86.497812, 35.996441 ], [ -86.49811, 35.996506 ], [ -86.498367, 35.99657 ], [ -86.498607, 35.99664 ], [ -86.498955, 35.996742 ], [ -86.499339, 35.996852 ], [ -86.499569, 35.996918 ], [ -86.50006, 35.997059 ], [ -86.500493, 35.997187 ], [ -86.500877, 35.997302 ], [ -86.501703, 35.997547 ], [ -86.502713, 35.997847 ], [ -86.503526, 35.998096 ], [ -86.504114, 35.998276 ], [ -86.504178, 35.998291 ], [ -86.504578, 35.998388 ], [ -86.504863, 35.998451 ], [ -86.504934, 35.998456 ], [ -86.505022, 35.998463 ], [ -86.505112, 35.998469 ], [ -86.505178, 35.998474 ], [ -86.505492, 35.998472 ], [ -86.505646, 35.998472 ], [ -86.50607, 35.998417 ], [ -86.506345, 35.998352 ], [ -86.506594, 35.998269 ], [ -86.506854, 35.998153 ], [ -86.506956, 35.998108 ], [ -86.507265, 35.997924 ], [ -86.507387, 35.997812 ], [ -86.507839, 35.997359 ], [ -86.508513, 35.996514 ], [ -86.508659, 35.996331 ], [ -86.508971, 35.996051 ], [ -86.509343, 35.995795 ], [ -86.509406, 35.995752 ], [ -86.509856, 35.995546 ], [ -86.510291, 35.995418 ], [ -86.511058, 35.995366 ], [ -86.51372, 35.995648 ], [ -86.521183, 35.996399 ], [ -86.521233, 35.996403 ], [ -86.522749, 35.996571 ], [ -86.523894, 35.996761 ], [ -86.524459, 35.996971 ], [ -86.525443, 35.997284 ], [ -86.526237, 35.997557 ], [ -86.527087, 35.99783 ], [ -86.527424, 35.997926 ], [ -86.527903, 35.997977 ], [ -86.528275, 35.997957 ], [ -86.52883, 35.997902 ], [ -86.529253, 35.99779 ], [ -86.529747, 35.997642 ], [ -86.530305, 35.997388 ], [ -86.530822, 35.99712 ], [ -86.531155, 35.99691 ], [ -86.531276, 35.996839 ], [ -86.530968, 35.996458 ], [ -86.530908, 35.99639 ], [ -86.530729, 35.996187 ], [ -86.53067, 35.99612 ], [ -86.530553, 35.995987 ], [ -86.530205, 35.995588 ], [ -86.530089, 35.995455 ], [ -86.529795, 35.995119 ], [ -86.5296, 35.994896 ], [ -86.528887, 35.99408 ], [ -86.527844, 35.992891 ], [ -86.527613, 35.992626 ], [ -86.526921, 35.991834 ], [ -86.526691, 35.99157 ], [ -86.526371, 35.991204 ], [ -86.526159, 35.990961 ], [ -86.525412, 35.990106 ], [ -86.525093, 35.98974 ], [ -86.524812, 35.989407 ], [ -86.524259, 35.988752 ], [ -86.523969, 35.988408 ], [ -86.523689, 35.988076 ], [ -86.523181, 35.987458 ], [ -86.522829, 35.986969 ], [ -86.522622, 35.986722 ], [ -86.522427, 35.986489 ], [ -86.52236, 35.98641 ], [ -86.522161, 35.986174 ], [ -86.52214, 35.986149 ], [ -86.522096, 35.986096 ], [ -86.522058, 35.986051 ], [ -86.521757, 35.985693 ], [ -86.52074, 35.984485 ], [ -86.520723, 35.984465 ], [ -86.520399, 35.984085 ], [ -86.520329, 35.984005 ], [ -86.520122, 35.983767 ], [ -86.520053, 35.983688 ], [ -86.519982, 35.983607 ], [ -86.519772, 35.983366 ], [ -86.519702, 35.983286 ], [ -86.519622, 35.983195 ], [ -86.519385, 35.982923 ], [ -86.519306, 35.982833 ], [ -86.519228, 35.982746 ], [ -86.518997, 35.982485 ], [ -86.51892, 35.982398 ], [ -86.518841, 35.982308 ], [ -86.518604, 35.982039 ], [ -86.518525, 35.98195 ], [ -86.518408, 35.981816 ], [ -86.518058, 35.981414 ], [ -86.517942, 35.981281 ], [ -86.517513, 35.980792 ], [ -86.517452, 35.980722 ], [ -86.517319, 35.98057 ], [ -86.515453, 35.978437 ], [ -86.514964, 35.977877 ], [ -86.51479, 35.977777 ], [ -86.514478, 35.977436 ], [ -86.514328, 35.977274 ], [ -86.512934, 35.975774 ], [ -86.51247, 35.975275 ], [ -86.511888, 35.974625 ], [ -86.511465, 35.974152 ], [ -86.511346, 35.97402 ], [ -86.510163, 35.97266 ], [ -86.509592, 35.972003 ], [ -86.509336, 35.971718 ], [ -86.509168, 35.971531 ], [ -86.508577, 35.970857 ], [ -86.508325, 35.97057 ], [ -86.507947, 35.970129 ], [ -86.507196, 35.969253 ], [ -86.506801, 35.968822 ], [ -86.506453, 35.968441 ], [ -86.506413, 35.968392 ], [ -86.506362, 35.968331 ], [ -86.506228, 35.96817 ], [ -86.506115, 35.968041 ], [ -86.505207, 35.967003 ], [ -86.504905, 35.966658 ], [ -86.504747, 35.966475 ], [ -86.504273, 35.965927 ], [ -86.504115, 35.965745 ], [ -86.503911, 35.965512 ], [ -86.503301, 35.964814 ], [ -86.503098, 35.964582 ], [ -86.502477, 35.963871 ], [ -86.502255, 35.963617 ], [ -86.501524, 35.962779 ], [ -86.500881, 35.962043 ], [ -86.50086, 35.96202 ], [ -86.500605, 35.961752 ], [ -86.500201, 35.961326 ], [ -86.499938, 35.961087 ], [ -86.499396, 35.960593 ], [ -86.499204, 35.960418 ], [ -86.498917, 35.960097 ], [ -86.498606, 35.95972 ], [ -86.498555, 35.959662 ], [ -86.498013, 35.959053 ], [ -86.497925, 35.958964 ], [ -86.497745, 35.958782 ], [ -86.497389, 35.958467 ], [ -86.497362, 35.958442 ], [ -86.497283, 35.958368 ], [ -86.497257, 35.958344 ], [ -86.497073, 35.958172 ], [ -86.49691, 35.95802 ], [ -86.496019, 35.957208 ], [ -86.495757, 35.956932 ], [ -86.495657, 35.956816 ], [ -86.49552, 35.956656 ], [ -86.495471, 35.956585 ], [ -86.49532, 35.956365 ], [ -86.495226, 35.956213 ], [ -86.494944, 35.955757 ], [ -86.494744, 35.95535 ], [ -86.494518, 35.954913 ], [ -86.49433, 35.954617 ], [ -86.493721, 35.9539 ], [ -86.492441, 35.952394 ], [ -86.492321, 35.952253 ], [ -86.489745, 35.949282 ], [ -86.489601, 35.949116 ], [ -86.487799, 35.947059 ], [ -86.487574, 35.946815 ], [ -86.487294, 35.946512 ], [ -86.486916, 35.94607 ], [ -86.486701, 35.945819 ], [ -86.486608, 35.94571 ], [ -86.486329, 35.945384 ], [ -86.486236, 35.945276 ], [ -86.485469, 35.944393 ], [ -86.483837, 35.942512 ], [ -86.48317, 35.941744 ], [ -86.482404, 35.940861 ], [ -86.481888, 35.94027 ], [ -86.481613, 35.939955 ], [ -86.480863, 35.939096 ], [ -86.48034, 35.938497 ], [ -86.479824, 35.937907 ], [ -86.479548, 35.937595 ], [ -86.479477, 35.937515 ], [ -86.47844, 35.936339 ], [ -86.478094, 35.935947 ], [ -86.477444, 35.935218 ], [ -86.476481, 35.934137 ], [ -86.475509, 35.933023 ], [ -86.475485, 35.932995 ], [ -86.474868, 35.932288 ], [ -86.474157, 35.931471 ], [ -86.47384, 35.931107 ], [ -86.472339, 35.929385 ], [ -86.472024, 35.929023 ], [ -86.471558, 35.928488 ], [ -86.471314, 35.928208 ], [ -86.471239, 35.928122 ], [ -86.471198, 35.928075 ], [ -86.471162, 35.928035 ], [ -86.471012, 35.927869 ], [ -86.470985, 35.92784 ], [ -86.470936, 35.927786 ], [ -86.470555, 35.927366 ], [ -86.469719, 35.92646 ], [ -86.469683, 35.92642 ], [ -86.468121, 35.924697 ], [ -86.467013, 35.923496 ], [ -86.46698, 35.92346 ], [ -86.466519, 35.922961 ], [ -86.466066, 35.922469 ], [ -86.465959, 35.922353 ], [ -86.465157, 35.921477 ], [ -86.464015, 35.92023 ], [ -86.464005, 35.920219 ], [ -86.463236, 35.919367 ], [ -86.463221, 35.919351 ], [ -86.462298, 35.918345 ], [ -86.461801, 35.917804 ], [ -86.46031, 35.916181 ], [ -86.459886, 35.915719 ], [ -86.45985, 35.915679 ], [ -86.459815, 35.915639 ], [ -86.459773, 35.915592 ], [ -86.458657, 35.914328 ], [ -86.458473, 35.914126 ], [ -86.457286, 35.912821 ], [ -86.457007, 35.912486 ], [ -86.455195, 35.910307 ], [ -86.45492, 35.909997 ], [ -86.454512, 35.909536 ], [ -86.453171, 35.908024 ], [ -86.4527, 35.907492 ], [ -86.452194, 35.906921 ], [ -86.451318, 35.905874 ], [ -86.450863, 35.90533 ], [ -86.450839, 35.905302 ], [ -86.450769, 35.905218 ], [ -86.450746, 35.90519 ], [ -86.450545, 35.90495 ], [ -86.449945, 35.904233 ], [ -86.449745, 35.903994 ], [ -86.449693, 35.903932 ], [ -86.449537, 35.903746 ], [ -86.449486, 35.903684 ], [ -86.449428, 35.903614 ], [ -86.44926, 35.903414 ], [ -86.449197, 35.903339 ], [ -86.449112, 35.903237 ], [ -86.449037, 35.903147 ], [ -86.448858, 35.902934 ], [ -86.448774, 35.902833 ], [ -86.448623, 35.902653 ], [ -86.44817, 35.902113 ], [ -86.44805, 35.90197 ], [ -86.448023, 35.901931 ], [ -86.447988, 35.901896 ], [ -86.447449, 35.901254 ], [ -86.445739, 35.899215 ], [ -86.445388, 35.898797 ], [ -86.445169, 35.898536 ], [ -86.444222, 35.897425 ], [ -86.443391, 35.89645 ], [ -86.441957, 35.894784 ], [ -86.44153, 35.894288 ], [ -86.441365, 35.894105 ], [ -86.440388, 35.893022 ], [ -86.440547, 35.89294 ], [ -86.440998, 35.892705 ], [ -86.441151, 35.892626 ], [ -86.44104, 35.892499 ], [ -86.440709, 35.892121 ], [ -86.440599, 35.891995 ], [ -86.440119, 35.891446 ], [ -86.438679, 35.889799 ], [ -86.438199, 35.889251 ], [ -86.436753, 35.887598 ], [ -86.436516, 35.887332 ], [ -86.435681, 35.886394 ], [ -86.435229, 35.885887 ], [ -86.432151, 35.882431 ], [ -86.431426, 35.881617 ], [ -86.42973, 35.879712 ], [ -86.429627, 35.879596 ], [ -86.428939, 35.878823 ], [ -86.426566, 35.876158 ], [ -86.425873, 35.875379 ], [ -86.425776, 35.87527 ], [ -86.425893, 35.875071 ], [ -86.426238, 35.87447 ], [ -86.426354, 35.87427 ], [ -86.426489, 35.874034 ], [ -86.426896, 35.873328 ], [ -86.427032, 35.873093 ], [ -86.427284, 35.872656 ], [ -86.427769, 35.871807 ], [ -86.427884, 35.871549 ], [ -86.427899, 35.871504 ], [ -86.428028, 35.871133 ], [ -86.428089, 35.870819 ], [ -86.428117, 35.870404 ], [ -86.428076, 35.869964 ], [ -86.42782, 35.868775 ], [ -86.427685, 35.86816 ], [ -86.427395, 35.866828 ], [ -86.427347, 35.866546 ], [ -86.427346, 35.866307 ], [ -86.427353, 35.866176 ], [ -86.42736, 35.866061 ], [ -86.427388, 35.865876 ], [ -86.427432, 35.865717 ], [ -86.427489, 35.865558 ], [ -86.427611, 35.865296 ], [ -86.427789, 35.865008 ], [ -86.428106, 35.864561 ], [ -86.428388, 35.864697 ], [ -86.429234, 35.865106 ], [ -86.429503, 35.865236 ], [ -86.429517, 35.865242 ], [ -86.429838, 35.865385 ], [ -86.429867, 35.865398 ], [ -86.430208, 35.865498 ], [ -86.430602, 35.865553 ], [ -86.430874, 35.865581 ], [ -86.431094, 35.865604 ], [ -86.431191, 35.865614 ], [ -86.431225, 35.865617 ], [ -86.431429, 35.865634 ], [ -86.432043, 35.865686 ], [ -86.432248, 35.865704 ], [ -86.433131, 35.865781 ], [ -86.434549, 35.865906 ], [ -86.434833, 35.865923 ], [ -86.43527, 35.865924 ], [ -86.435784, 35.865916 ], [ -86.435824, 35.865916 ], [ -86.436671, 35.865894 ], [ -86.437132, 35.865882 ], [ -86.437364, 35.865878 ], [ -86.437452, 35.865877 ], [ -86.437612, 35.865878 ], [ -86.437773, 35.865887 ], [ -86.438019, 35.865917 ], [ -86.438376, 35.865997 ], [ -86.438815, 35.866114 ], [ -86.439399, 35.86627 ], [ -86.44007, 35.866449 ], [ -86.440163, 35.866473 ], [ -86.440442, 35.866546 ], [ -86.440536, 35.866571 ], [ -86.441152, 35.866732 ], [ -86.443004, 35.867217 ], [ -86.443621, 35.867379 ], [ -86.444486, 35.867594 ], [ -86.444774, 35.867658 ], [ -86.444822, 35.86766 ], [ -86.445073, 35.867674 ], [ -86.44527, 35.867679 ], [ -86.445851, 35.867693 ], [ -86.446114, 35.867689 ], [ -86.446312, 35.867672 ], [ -86.446458, 35.867654 ], [ -86.44665, 35.867631 ], [ -86.447496, 35.867505 ], [ -86.448503, 35.867355 ], [ -86.448543, 35.86735 ], [ -86.448651, 35.867349 ], [ -86.448762, 35.86732 ], [ -86.448845, 35.867278 ], [ -86.448877, 35.86725 ], [ -86.448918, 35.867213 ], [ -86.448966, 35.867134 ], [ -86.448986, 35.867048 ], [ -86.449024, 35.866803 ], [ -86.449089, 35.866592 ], [ -86.449141, 35.866471 ], [ -86.449564, 35.866529 ], [ -86.450268, 35.866596 ], [ -86.451748, 35.866737 ], [ -86.452552, 35.866815 ], [ -86.452581, 35.866818 ], [ -86.452835, 35.866857 ], [ -86.453407, 35.866945 ], [ -86.453648, 35.866987 ], [ -86.454766, 35.867185 ], [ -86.455206, 35.867281 ], [ -86.45525, 35.867288 ], [ -86.455652, 35.867354 ], [ -86.456104, 35.867405 ], [ -86.456728, 35.86744 ], [ -86.457223, 35.867463 ], [ -86.457245, 35.867483 ], [ -86.457313, 35.867543 ], [ -86.457336, 35.867564 ], [ -86.457394, 35.867617 ], [ -86.457443, 35.867661 ], [ -86.45757, 35.867777 ], [ -86.457629, 35.867831 ], [ -86.458361, 35.868498 ], [ -86.460557, 35.870502 ], [ -86.461163, 35.871055 ], [ -86.46129, 35.871169 ], [ -86.461516, 35.871372 ], [ -86.462202, 35.871977 ], [ -86.462304, 35.87208 ], [ -86.462355, 35.872127 ], [ -86.462395, 35.872158 ], [ -86.462408, 35.872174 ], [ -86.462424, 35.872188 ], [ -86.462442, 35.872204 ], [ -86.462462, 35.872219 ], [ -86.462497, 35.872254 ], [ -86.462958, 35.87267 ], [ -86.464144, 35.873796 ], [ -86.466034, 35.875589 ], [ -86.468445, 35.877786 ], [ -86.468479, 35.877817 ], [ -86.469331, 35.878593 ], [ -86.471073, 35.88018 ], [ -86.472122, 35.881086 ], [ -86.472437, 35.881359 ], [ -86.47441, 35.883155 ], [ -86.475203, 35.883882 ], [ -86.475577, 35.884226 ], [ -86.475757, 35.884391 ], [ -86.475994, 35.884608 ], [ -86.476228, 35.884817 ], [ -86.4765, 35.884531 ], [ -86.477111, 35.883878 ], [ -86.477436, 35.883532 ], [ -86.477866, 35.883129 ], [ -86.477989, 35.883014 ], [ -86.478549, 35.882572 ], [ -86.479032, 35.882238 ], [ -86.479515, 35.881938 ], [ -86.480104, 35.881615 ], [ -86.480187, 35.88157 ], [ -86.480658, 35.881321 ], [ -86.48133, 35.880973 ], [ -86.481519, 35.880875 ], [ -86.482817, 35.880202 ], [ -86.48288, 35.880169 ], [ -86.483602, 35.879804 ], [ -86.484775, 35.879198 ], [ -86.485866, 35.878635 ], [ -86.486841, 35.878131 ], [ -86.487535, 35.877769 ], [ -86.488474, 35.877281 ], [ -86.488772, 35.877127 ], [ -86.489085, 35.876965 ], [ -86.489979, 35.87654 ], [ -86.49325, 35.874834 ], [ -86.493891, 35.874875 ], [ -86.494192, 35.874897 ], [ -86.494511, 35.87492 ], [ -86.49501, 35.87495 ], [ -86.495359, 35.874935 ], [ -86.49572, 35.874871 ], [ -86.496019, 35.874811 ], [ -86.496626, 35.874751 ], [ -86.497338, 35.874759 ], [ -86.4974, 35.87476 ], [ -86.49742, 35.874762 ], [ -86.497783, 35.87479 ], [ -86.498072, 35.874814 ], [ -86.498549, 35.874907 ], [ -86.498493, 35.87501 ], [ -86.498311, 35.875347 ], [ -86.498244, 35.875472 ], [ -86.498178, 35.875597 ], [ -86.497857, 35.876016 ], [ -86.496657, 35.878682 ], [ -86.496591, 35.878859 ], [ -86.496588, 35.878926 ], [ -86.496582, 35.879066 ], [ -86.496608, 35.879275 ], [ -86.496625, 35.879493 ], [ -86.497082, 35.884024 ], [ -86.497131, 35.884585 ], [ -86.497181, 35.88504 ], [ -86.497228, 35.885336 ], [ -86.497243, 35.885395 ], [ -86.497267, 35.885483 ], [ -86.497475, 35.886123 ], [ -86.497554, 35.886329 ], [ -86.497639, 35.886575 ], [ -86.49768, 35.88671 ], [ -86.497905, 35.887432 ], [ -86.498113, 35.88813 ], [ -86.498132, 35.888231 ], [ -86.498155, 35.888414 ], [ -86.498242, 35.889397 ], [ -86.498364, 35.890774 ], [ -86.498454, 35.892043 ], [ -86.498473, 35.892253 ], [ -86.498639, 35.894072 ], [ -86.498704, 35.894786 ], [ -86.498758, 35.895526 ], [ -86.498823, 35.896691 ], [ -86.498838, 35.896959 ], [ -86.49887, 35.897375 ], [ -86.49895, 35.89817 ], [ -86.499157, 35.899755 ], [ -86.499219, 35.900017 ], [ -86.499222, 35.900029 ], [ -86.499344, 35.900367 ], [ -86.499582, 35.900886 ], [ -86.500006, 35.901612 ], [ -86.500317, 35.902066 ], [ -86.500868, 35.902793 ], [ -86.501332, 35.903356 ], [ -86.501899, 35.903985 ], [ -86.50244, 35.904553 ], [ -86.502458, 35.904572 ], [ -86.502727, 35.9048 ], [ -86.504006, 35.905565 ], [ -86.504409, 35.905809 ], [ -86.50454, 35.905888 ], [ -86.505007, 35.906182 ], [ -86.505581, 35.906602 ], [ -86.505962, 35.906881 ], [ -86.506014, 35.906918 ], [ -86.506171, 35.90703 ], [ -86.506224, 35.907068 ], [ -86.506318, 35.907138 ], [ -86.506429, 35.907222 ], [ -86.506596, 35.907356 ], [ -86.506689, 35.90743 ], [ -86.506814, 35.907529 ], [ -86.506832, 35.907544 ], [ -86.506996, 35.907681 ], [ -86.507256, 35.9079 ], [ -86.507397, 35.908019 ], [ -86.507649, 35.908232 ], [ -86.507878, 35.908435 ], [ -86.508044, 35.908594 ], [ -86.508194, 35.908752 ], [ -86.508361, 35.90897 ], [ -86.508376, 35.90899 ], [ -86.508754, 35.909501 ], [ -86.509503, 35.910488 ], [ -86.509694, 35.91075 ], [ -86.509875, 35.911029 ], [ -86.51042, 35.911929 ], [ -86.51049, 35.912052 ], [ -86.510545, 35.912164 ], [ -86.510574, 35.912254 ], [ -86.510589, 35.912326 ], [ -86.510589, 35.912361 ], [ -86.510592, 35.912443 ], [ -86.510519, 35.91292 ], [ -86.510395, 35.913576 ], [ -86.510391, 35.913642 ], [ -86.51041, 35.913701 ], [ -86.51044, 35.913749 ], [ -86.510489, 35.913804 ], [ -86.510697, 35.91397 ], [ -86.510898, 35.914111 ], [ -86.511046, 35.914192 ], [ -86.511641, 35.914455 ], [ -86.512475, 35.914825 ], [ -86.512877, 35.914997 ], [ -86.513403, 35.915212 ], [ -86.515083, 35.915867 ], [ -86.515266, 35.915932 ], [ -86.515483, 35.91599 ], [ -86.515724, 35.916042 ], [ -86.515752, 35.916049 ], [ -86.517149, 35.916323 ], [ -86.517589, 35.916404 ], [ -86.518404, 35.916556 ], [ -86.518879, 35.91666 ], [ -86.519307, 35.916755 ], [ -86.519401, 35.916775 ], [ -86.519514, 35.916801 ], [ -86.519684, 35.916833 ], [ -86.519779, 35.916851 ], [ -86.519834, 35.91695 ], [ -86.51988, 35.917031 ], [ -86.520016, 35.917238 ], [ -86.520079, 35.917334 ], [ -86.520085, 35.917344 ], [ -86.520351, 35.917619 ], [ -86.520668, 35.917869 ], [ -86.521305, 35.91837 ], [ -86.521483, 35.918556 ], [ -86.521558, 35.918634 ], [ -86.521719, 35.918853 ], [ -86.521756, 35.918903 ], [ -86.521942, 35.91925 ], [ -86.522041, 35.919579 ], [ -86.522075, 35.919724 ], [ -86.522101, 35.919834 ], [ -86.522131, 35.920181 ], [ -86.522099, 35.920518 ], [ -86.522203, 35.920529 ], [ -86.522864, 35.920594 ], [ -86.525159, 35.920822 ], [ -86.525763, 35.920882 ], [ -86.525926, 35.920879 ], [ -86.526179, 35.920907 ], [ -86.526738, 35.920968 ], [ -86.52694, 35.920991 ], [ -86.527194, 35.921019 ], [ -86.527521, 35.921047 ], [ -86.527832, 35.921074 ], [ -86.528504, 35.921141 ], [ -86.528832, 35.921175 ], [ -86.529214, 35.92121 ], [ -86.530361, 35.921318 ], [ -86.530744, 35.921354 ], [ -86.531617, 35.921441 ], [ -86.53197, 35.921467 ], [ -86.531993, 35.921469 ], [ -86.533551, 35.921604 ], [ -86.53382, 35.921627 ], [ -86.533958, 35.92164 ], [ -86.53463, 35.921684 ], [ -86.534901, 35.921702 ], [ -86.534956, 35.921711 ], [ -86.535091, 35.921735 ], [ -86.535111, 35.921744 ], [ -86.535122, 35.921749 ], [ -86.535174, 35.921773 ], [ -86.535254, 35.921808 ], [ -86.53546, 35.92188 ], [ -86.535533, 35.921906 ], [ -86.535573, 35.92192 ], [ -86.536029, 35.922072 ], [ -86.536824, 35.922361 ], [ -86.537116, 35.922454 ], [ -86.537495, 35.922537 ], [ -86.537999, 35.922648 ], [ -86.538079, 35.922427 ], [ -86.538192, 35.92219 ], [ -86.538238, 35.92213 ], [ -86.538468, 35.921835 ], [ -86.539222, 35.920988 ], [ -86.539355, 35.920825 ], [ -86.539517, 35.920628 ], [ -86.53974, 35.920401 ], [ -86.539802, 35.920321 ], [ -86.539995, 35.920075 ], [ -86.54006, 35.920008 ], [ -86.54013, 35.919936 ], [ -86.540258, 35.919837 ], [ -86.540366, 35.91977 ], [ -86.540582, 35.919714 ], [ -86.540955, 35.919629 ], [ -86.541147, 35.919556 ], [ -86.541219, 35.919529 ], [ -86.541469, 35.919406 ], [ -86.541684, 35.919251 ], [ -86.541866, 35.919057 ], [ -86.542007, 35.91888 ], [ -86.542141, 35.918653 ], [ -86.542272, 35.918279 ], [ -86.542336, 35.918054 ], [ -86.54238, 35.91788 ], [ -86.542575, 35.917571 ], [ -86.542743, 35.917399 ], [ -86.542952, 35.917254 ], [ -86.543182, 35.917143 ], [ -86.543474, 35.917069 ], [ -86.543886, 35.91703 ], [ -86.544673, 35.91701 ], [ -86.545089, 35.91701 ], [ -86.546337, 35.91701 ], [ -86.546754, 35.917011 ], [ -86.547597, 35.917014 ], [ -86.548076, 35.917016 ], [ -86.548795, 35.917024 ], [ -86.549595, 35.917097 ], [ -86.549955, 35.917134 ], [ -86.55012, 35.917146 ], [ -86.550287, 35.91716 ], [ -86.550599, 35.917192 ], [ -86.550796, 35.917208 ], [ -86.550882, 35.917222 ], [ -86.550959, 35.917235 ], [ -86.551051, 35.916647 ], [ -86.551328, 35.914886 ], [ -86.551421, 35.914299 ], [ -86.551471, 35.913976 ], [ -86.551543, 35.913526 ], [ -86.551618, 35.913009 ], [ -86.551666, 35.912687 ], [ -86.55174, 35.912249 ], [ -86.551887, 35.911383 ], [ -86.551901, 35.911307 ], [ -86.551966, 35.910937 ], [ -86.552044, 35.9105 ], [ -86.552333, 35.908746 ], [ -86.552519, 35.907627 ], [ -86.552756, 35.906195 ], [ -86.552821, 35.9058 ], [ -86.552923, 35.905336 ], [ -86.553041, 35.905073 ], [ -86.553189, 35.904821 ], [ -86.553338, 35.90463 ], [ -86.553531, 35.904453 ], [ -86.553785, 35.904258 ], [ -86.55408, 35.904109 ], [ -86.554371, 35.904 ], [ -86.554732, 35.903898 ], [ -86.555178, 35.903846 ], [ -86.555818, 35.903889 ], [ -86.558695, 35.904215 ], [ -86.560251, 35.904392 ], [ -86.56055, 35.904412 ], [ -86.560732, 35.904407 ], [ -86.560807, 35.904406 ], [ -86.561044, 35.904371 ], [ -86.561254, 35.904315 ], [ -86.56145, 35.904243 ], [ -86.561562, 35.90419 ], [ -86.561639, 35.904154 ], [ -86.561745, 35.904094 ], [ -86.561808, 35.904059 ], [ -86.561957, 35.903954 ], [ -86.562026, 35.903884 ], [ -86.562078, 35.903832 ], [ -86.56221, 35.903688 ], [ -86.562226, 35.903671 ], [ -86.562321, 35.903514 ], [ -86.562373, 35.903428 ], [ -86.562388, 35.903391 ], [ -86.562466, 35.903201 ], [ -86.562501, 35.902988 ], [ -86.562505, 35.902969 ], [ -86.562509, 35.902849 ], [ -86.562511, 35.902804 ], [ -86.562506, 35.902752 ], [ -86.562496, 35.902611 ], [ -86.562459, 35.902466 ], [ -86.562436, 35.902372 ], [ -86.562417, 35.902298 ], [ -86.562371, 35.902115 ], [ -86.562365, 35.902075 ], [ -86.562354, 35.902 ], [ -86.562348, 35.901829 ], [ -86.562349, 35.901774 ], [ -86.562354, 35.901647 ], [ -86.562422, 35.901102 ], [ -86.562451, 35.900879 ], [ -86.562527, 35.900268 ], [ -86.562759, 35.898437 ], [ -86.562836, 35.897827 ], [ -86.562857, 35.897665 ], [ -86.562923, 35.897183 ], [ -86.562945, 35.897022 ], [ -86.563004, 35.89673 ], [ -86.563103, 35.896454 ], [ -86.56323, 35.896188 ], [ -86.563267, 35.896128 ], [ -86.563431, 35.895873 ], [ -86.565085, 35.893912 ], [ -86.565436, 35.893498 ], [ -86.565706, 35.893185 ], [ -86.565756, 35.893127 ], [ -86.565892, 35.892953 ], [ -86.566021, 35.892766 ], [ -86.566031, 35.892752 ], [ -86.566102, 35.892626 ], [ -86.566147, 35.892534 ], [ -86.566168, 35.892494 ], [ -86.566229, 35.892336 ], [ -86.566271, 35.892209 ], [ -86.566312, 35.89206 ], [ -86.566415, 35.891569 ], [ -86.566464, 35.891267 ], [ -86.566549, 35.89075 ], [ -86.566855, 35.889106 ], [ -86.566951, 35.888593 ], [ -86.567031, 35.888372 ], [ -86.567098, 35.888262 ], [ -86.567232, 35.888074 ], [ -86.567428, 35.887896 ], [ -86.568876, 35.886765 ], [ -86.568964, 35.886698 ], [ -86.569166, 35.88652 ], [ -86.569442, 35.886221 ], [ -86.569583, 35.886027 ], [ -86.570008, 35.885387 ], [ -86.570146, 35.885181 ], [ -86.570191, 35.885108 ], [ -86.570518, 35.88459 ], [ -86.570809, 35.884243 ], [ -86.570823, 35.884226 ], [ -86.571017, 35.884067 ], [ -86.57122, 35.883942 ], [ -86.571229, 35.883936 ], [ -86.571429, 35.883829 ], [ -86.571601, 35.883741 ], [ -86.571795, 35.883635 ], [ -86.571892, 35.883573 ], [ -86.571975, 35.883509 ], [ -86.572077, 35.883416 ], [ -86.572172, 35.883329 ], [ -86.572284, 35.883195 ], [ -86.572371, 35.883076 ], [ -86.57238, 35.883056 ], [ -86.572484, 35.882848 ], [ -86.572548, 35.8827 ], [ -86.572648, 35.882471 ], [ -86.572733, 35.882309 ], [ -86.572918, 35.882037 ], [ -86.572987, 35.881953 ], [ -86.573093, 35.881842 ], [ -86.573422, 35.881503 ], [ -86.57365, 35.881265 ], [ -86.573723, 35.881191 ], [ -86.573804, 35.881085 ], [ -86.573877, 35.880979 ], [ -86.573927, 35.880889 ], [ -86.574008, 35.880695 ], [ -86.574034, 35.880612 ], [ -86.574063, 35.880477 ], [ -86.574076, 35.880393 ], [ -86.574127, 35.880068 ], [ -86.57524, 35.880296 ], [ -86.575539, 35.880326 ], [ -86.575788, 35.88032 ], [ -86.575972, 35.880293 ], [ -86.576329, 35.880221 ], [ -86.576676, 35.880144 ], [ -86.576824, 35.880128 ], [ -86.577748, 35.880029 ], [ -86.578101, 35.880005 ], [ -86.578523, 35.880016 ], [ -86.579994, 35.880181 ], [ -86.582751, 35.880604 ], [ -86.584276, 35.880853 ], [ -86.584819, 35.880916 ], [ -86.584974, 35.880909 ], [ -86.58516, 35.880902 ], [ -86.585582, 35.880847 ], [ -86.585957, 35.880849 ], [ -86.586363, 35.880882 ], [ -86.586635, 35.880965 ], [ -86.586836, 35.881057 ], [ -86.58754, 35.881517 ], [ -86.587595, 35.881553 ], [ -86.587892, 35.881752 ], [ -86.588479, 35.882146 ], [ -86.588699, 35.882293 ], [ -86.58895, 35.882459 ], [ -86.589304, 35.882693 ], [ -86.589421, 35.88277 ], [ -86.58951, 35.882827 ], [ -86.589795, 35.88301 ], [ -86.590058, 35.883157 ], [ -86.590149, 35.883199 ], [ -86.590374, 35.883303 ], [ -86.590562, 35.88339 ], [ -86.591289, 35.883738 ], [ -86.591748, 35.883953 ], [ -86.592124, 35.884185 ], [ -86.593819, 35.885415 ], [ -86.594288, 35.885755 ], [ -86.59434, 35.885798 ], [ -86.594626, 35.88603 ], [ -86.59483, 35.886256 ], [ -86.594893, 35.886339 ], [ -86.594941, 35.886402 ], [ -86.595012, 35.886516 ], [ -86.59507, 35.886672 ], [ -86.59507, 35.886821 ], [ -86.595041, 35.887122 ], [ -86.594986, 35.887517 ], [ -86.59498, 35.887567 ], [ -86.59494, 35.887925 ], [ -86.594933, 35.887983 ], [ -86.594925, 35.888308 ], [ -86.594925, 35.888332 ], [ -86.594954, 35.888474 ], [ -86.595003, 35.888609 ], [ -86.595063, 35.888734 ], [ -86.595115, 35.888822 ], [ -86.595255, 35.888979 ], [ -86.595544, 35.889238 ], [ -86.595614, 35.8893 ], [ -86.595848, 35.889473 ], [ -86.595921, 35.889527 ], [ -86.596079, 35.889614 ], [ -86.596166, 35.889651 ], [ -86.596261, 35.889692 ], [ -86.596396, 35.889742 ], [ -86.596576, 35.889791 ], [ -86.596697, 35.88981 ], [ -86.596965, 35.889835 ], [ -86.59724, 35.88985 ], [ -86.597607, 35.889872 ], [ -86.597852, 35.889886 ], [ -86.598364, 35.88993 ], [ -86.59868, 35.889973 ], [ -86.600691, 35.890249 ], [ -86.601709, 35.890389 ], [ -86.601888, 35.890412 ], [ -86.602441, 35.890484 ], [ -86.602655, 35.890512 ], [ -86.60296, 35.890542 ], [ -86.602955, 35.890679 ], [ -86.603028, 35.890903 ], [ -86.603082, 35.89102 ], [ -86.603144, 35.891114 ], [ -86.60321, 35.891196 ], [ -86.603261, 35.89126 ], [ -86.60339, 35.891387 ], [ -86.603583, 35.891553 ], [ -86.603761, 35.891685 ], [ -86.603878, 35.891804 ], [ -86.604042, 35.89203 ], [ -86.604225, 35.892307 ], [ -86.604295, 35.892425 ], [ -86.604453, 35.892671 ], [ -86.604506, 35.89274 ], [ -86.604576, 35.892811 ], [ -86.604598, 35.892828 ], [ -86.60465, 35.892868 ], [ -86.604704, 35.892924 ], [ -86.60475, 35.892981 ], [ -86.604774, 35.893021 ], [ -86.604855, 35.893195 ], [ -86.604933, 35.893449 ], [ -86.604977, 35.893593 ], [ -86.60503, 35.893813 ], [ -86.605031, 35.893823 ], [ -86.605085, 35.894119 ], [ -86.605131, 35.894476 ], [ -86.605145, 35.894716 ], [ -86.605169, 35.894975 ], [ -86.605183, 35.895126 ], [ -86.605209, 35.89536 ], [ -86.605219, 35.895448 ], [ -86.605235, 35.895525 ], [ -86.60524, 35.895544 ], [ -86.605263, 35.895622 ], [ -86.605455, 35.895963 ], [ -86.605462, 35.895973 ], [ -86.605557, 35.896112 ], [ -86.60559, 35.89616 ], [ -86.605674, 35.896303 ], [ -86.605727, 35.89644 ], [ -86.60579, 35.89665 ], [ -86.605887, 35.896832 ], [ -86.605935, 35.8969 ], [ -86.605987, 35.89696 ], [ -86.60614, 35.897115 ], [ -86.606249, 35.897193 ], [ -86.606407, 35.897285 ], [ -86.606736, 35.897446 ], [ -86.607193, 35.897649 ], [ -86.607261, 35.897674 ], [ -86.607337, 35.897695 ], [ -86.607474, 35.897702 ], [ -86.607569, 35.897695 ], [ -86.607794, 35.897689 ], [ -86.608074, 35.897702 ], [ -86.608203, 35.897725 ], [ -86.608306, 35.897756 ], [ -86.608451, 35.897815 ], [ -86.608966, 35.898013 ], [ -86.609158, 35.898092 ], [ -86.609222, 35.898133 ], [ -86.609263, 35.898165 ], [ -86.609301, 35.898206 ], [ -86.609324, 35.898251 ], [ -86.609432, 35.898648 ], [ -86.609577, 35.899047 ], [ -86.609613, 35.899213 ], [ -86.609619, 35.899273 ], [ -86.609613, 35.899425 ], [ -86.609586, 35.899718 ], [ -86.609579, 35.899949 ], [ -86.609603, 35.900169 ], [ -86.609607, 35.900327 ], [ -86.609596, 35.900498 ], [ -86.609518, 35.901194 ], [ -86.609517, 35.901431 ], [ -86.609524, 35.901509 ], [ -86.609563, 35.901677 ], [ -86.609752, 35.902248 ], [ -86.609811, 35.902452 ], [ -86.609849, 35.902601 ], [ -86.60999, 35.903153 ], [ -86.610015, 35.903285 ], [ -86.610067, 35.90366 ], [ -86.610082, 35.903846 ], [ -86.610089, 35.904036 ], [ -86.610082, 35.904241 ], [ -86.61007, 35.904391 ], [ -86.610048, 35.904557 ], [ -86.609981, 35.904921 ], [ -86.609971, 35.904998 ], [ -86.609988, 35.905123 ], [ -86.610041, 35.905232 ], [ -86.610131, 35.905354 ], [ -86.610285, 35.905528 ], [ -86.610361, 35.905626 ], [ -86.610424, 35.905725 ], [ -86.610501, 35.905899 ], [ -86.610517, 35.905957 ], [ -86.610525, 35.906015 ], [ -86.610527, 35.906072 ] ] ] } },
{ "type": "Feature", "properties": { "district_num": "63" }, "geometry": { "type": "Polygon", "coordinates": [ [ [ -86.861282, 35.789708 ], [ -86.861053, 35.790643 ], [ -86.860808, 35.791468 ], [ -86.860566, 35.792117 ], [ -86.860299, 35.792736 ], [ -86.860008, 35.793344 ], [ -86.859628, 35.794031 ], [ -86.859299, 35.794579 ], [ -86.858797, 35.795307 ], [ -86.858177, 35.796111 ], [ -86.856287, 35.798473 ], [ -86.854391, 35.800831 ], [ -86.851236, 35.804756 ], [ -86.850596, 35.805573 ], [ -86.850524, 35.805664 ], [ -86.850399, 35.805824 ], [ -86.849567, 35.806851 ], [ -86.848902, 35.80764 ], [ -86.848265, 35.808437 ], [ -86.847581, 35.809369 ], [ -86.846823, 35.810435 ], [ -86.846745, 35.810545 ], [ -86.846419, 35.810999 ], [ -86.846321, 35.811136 ], [ -86.845404, 35.81242 ], [ -86.844789, 35.81328 ], [ -86.844393, 35.813833 ], [ -86.844206, 35.814096 ], [ -86.844025, 35.81435 ], [ -86.841146, 35.818383 ], [ -86.841105, 35.81844 ], [ -86.840715, 35.818986 ], [ -86.838794, 35.821679 ], [ -86.838717, 35.821786 ], [ -86.838587, 35.821968 ], [ -86.838539, 35.821971 ], [ -86.838455, 35.821975 ], [ -86.838393, 35.821977 ], [ -86.838323, 35.82198 ], [ -86.838247, 35.822082 ], [ -86.838186, 35.822168 ], [ -86.837506, 35.823113 ], [ -86.836845, 35.824029 ], [ -86.836347, 35.824774 ], [ -86.836038, 35.825285 ], [ -86.835521, 35.826207 ], [ -86.835314, 35.826611 ], [ -86.835114, 35.827003 ], [ -86.83475, 35.827797 ], [ -86.834675, 35.827986 ], [ -86.834413, 35.828639 ], [ -86.834337, 35.828856 ], [ -86.83432, 35.828905 ], [ -86.834106, 35.829522 ], [ -86.834096, 35.829552 ], [ -86.833832, 35.830449 ], [ -86.833591, 35.831402 ], [ -86.83326, 35.83345 ], [ -86.833242, 35.833591 ], [ -86.833216, 35.833865 ], [ -86.833122, 35.834838 ], [ -86.832982, 35.83739 ], [ -86.832918, 35.83835 ], [ -86.832896, 35.838748 ], [ -86.832774, 35.840833 ], [ -86.83263, 35.843316 ], [ -86.832627, 35.84336 ], [ -86.832531, 35.844978 ], [ -86.832364, 35.847851 ], [ -86.832254, 35.849352 ], [ -86.832217, 35.849963 ], [ -86.832122, 35.851626 ], [ -86.832112, 35.851784 ], [ -86.831836, 35.856251 ], [ -86.831737, 35.857947 ], [ -86.831646, 35.859487 ], [ -86.831613, 35.860021 ], [ -86.831516, 35.861563 ], [ -86.831462, 35.862494 ], [ -86.831415, 35.863269 ], [ -86.831201, 35.866757 ], [ -86.830698, 35.875002 ], [ -86.830686, 35.875209 ], [ -86.830587, 35.87684 ], [ -86.8304, 35.879901 ], [ -86.830198, 35.883213 ], [ -86.830059, 35.885324 ], [ -86.829979, 35.886139 ], [ -86.829583, 35.889062 ], [ -86.829274, 35.891355 ], [ -86.829189, 35.891972 ], [ -86.829184, 35.892007 ], [ -86.829275, 35.892009 ], [ -86.829469, 35.892024 ], [ -86.829452, 35.892141 ], [ -86.829433, 35.892279 ], [ -86.829392, 35.892578 ], [ -86.829176, 35.894167 ], [ -86.829041, 35.89505 ], [ -86.82888, 35.895901 ], [ -86.828636, 35.896976 ], [ -86.828618, 35.897045 ], [ -86.828486, 35.897559 ], [ -86.828323, 35.898136 ], [ -86.828279, 35.898273 ], [ -86.828249, 35.898364 ], [ -86.828006, 35.899113 ], [ -86.827623, 35.90016 ], [ -86.826565, 35.902791 ], [ -86.826481, 35.903017 ], [ -86.826126, 35.903965 ], [ -86.825763, 35.905084 ], [ -86.825447, 35.90641 ], [ -86.825393, 35.906676 ], [ -86.825246, 35.907429 ], [ -86.825111, 35.908276 ], [ -86.824974, 35.909374 ], [ -86.82486, 35.910187 ], [ -86.824361, 35.914159 ], [ -86.824349, 35.91422 ], [ -86.824625, 35.914284 ], [ -86.825204, 35.914422 ], [ -86.826781, 35.914793 ], [ -86.827243, 35.914898 ], [ -86.828031, 35.915095 ], [ -86.82824, 35.915142 ], [ -86.82901, 35.915317 ], [ -86.828907, 35.915496 ], [ -86.828823, 35.915709 ], [ -86.828345, 35.916926 ], [ -86.828307, 35.917023 ], [ -86.828186, 35.917332 ], [ -86.828047, 35.917709 ], [ -86.827844, 35.918267 ], [ -86.827766, 35.918549 ], [ -86.827744, 35.918659 ], [ -86.827704, 35.918862 ], [ -86.827667, 35.919052 ], [ -86.827637, 35.919258 ], [ -86.827611, 35.919422 ], [ -86.8276, 35.919493 ], [ -86.827587, 35.919546 ], [ -86.827507, 35.919891 ], [ -86.827501, 35.91991 ], [ -86.827453, 35.92007 ], [ -86.827766, 35.920151 ], [ -86.828842, 35.92033 ], [ -86.829227, 35.920394 ], [ -86.829954, 35.920491 ], [ -86.831953, 35.920686 ], [ -86.83226, 35.920726 ], [ -86.832459, 35.920768 ], [ -86.832728, 35.920865 ], [ -86.832947, 35.920994 ], [ -86.832992, 35.92103 ], [ -86.833062, 35.921088 ], [ -86.833204, 35.921256 ], [ -86.833309, 35.921442 ], [ -86.833613, 35.922279 ], [ -86.833681, 35.922501 ], [ -86.833803, 35.922893 ], [ -86.833861, 35.923176 ], [ -86.833908, 35.923405 ], [ -86.833907, 35.92358 ], [ -86.833901, 35.923594 ], [ -86.833845, 35.923749 ], [ -86.833734, 35.923901 ], [ -86.833634, 35.923995 ], [ -86.833566, 35.924042 ], [ -86.83341, 35.924152 ], [ -86.833286, 35.924227 ], [ -86.832917, 35.924454 ], [ -86.832794, 35.92453 ], [ -86.83266, 35.924508 ], [ -86.832513, 35.924476 ], [ -86.832494, 35.924472 ], [ -86.831675, 35.924296 ], [ -86.831396, 35.924237 ], [ -86.830649, 35.924082 ], [ -86.829592, 35.923862 ], [ -86.828969, 35.923733 ], [ -86.828477, 35.923631 ], [ -86.828409, 35.923617 ], [ -86.827663, 35.923462 ], [ -86.827345, 35.923394 ], [ -86.826715, 35.923261 ], [ -86.826393, 35.923187 ], [ -86.826077, 35.923115 ], [ -86.825417, 35.922963 ], [ -86.823439, 35.922509 ], [ -86.823007, 35.92241 ], [ -86.822782, 35.922348 ], [ -86.822752, 35.92246 ], [ -86.822546, 35.923122 ], [ -86.822483, 35.923329 ], [ -86.82176, 35.925421 ], [ -86.821594, 35.925903 ], [ -86.821495, 35.926186 ], [ -86.821326, 35.926149 ], [ -86.821028, 35.926084 ], [ -86.820823, 35.926038 ], [ -86.8208, 35.926034 ], [ -86.820677, 35.925985 ], [ -86.820552, 35.926036 ], [ -86.820485, 35.926058 ], [ -86.820354, 35.926128 ], [ -86.820331, 35.926147 ], [ -86.8202, 35.926255 ], [ -86.820024, 35.926454 ], [ -86.819694, 35.926826 ], [ -86.819623, 35.926922 ], [ -86.819581, 35.926982 ], [ -86.819533, 35.927074 ], [ -86.819485, 35.927241 ], [ -86.819444, 35.927494 ], [ -86.819323, 35.928256 ], [ -86.819304, 35.928377 ], [ -86.819285, 35.928511 ], [ -86.819226, 35.928942 ], [ -86.819155, 35.929349 ], [ -86.819145, 35.929413 ], [ -86.818905, 35.9311 ], [ -86.818802, 35.93187 ], [ -86.818746, 35.932297 ], [ -86.818703, 35.932625 ], [ -86.81868, 35.932709 ], [ -86.818547, 35.932919 ], [ -86.818215, 35.933445 ], [ -86.818128, 35.933533 ], [ -86.818013, 35.933599 ], [ -86.817904, 35.933635 ], [ -86.817771, 35.933646 ], [ -86.81758, 35.933623 ], [ -86.817091, 35.933478 ], [ -86.816826, 35.933443 ], [ -86.81649, 35.933415 ], [ -86.816133, 35.933386 ], [ -86.815492, 35.933334 ], [ -86.814618, 35.933273 ], [ -86.814105, 35.933238 ], [ -86.812186, 35.933073 ], [ -86.811849, 35.933045 ], [ -86.81176, 35.933037 ], [ -86.811672, 35.933028 ], [ -86.811604, 35.933021 ], [ -86.810757, 35.932874 ], [ -86.80943, 35.932733 ], [ -86.80797, 35.932567 ], [ -86.807568, 35.932508 ], [ -86.807153, 35.93245 ], [ -86.806123, 35.932295 ], [ -86.802437, 35.931885 ], [ -86.801751, 35.931811 ], [ -86.8016, 35.931801 ], [ -86.800935, 35.931771 ], [ -86.79503, 35.931974 ], [ -86.79422, 35.93154 ], [ -86.794156, 35.931544 ], [ -86.793127, 35.932011 ], [ -86.791953, 35.932062 ], [ -86.791534, 35.932089 ], [ -86.790884, 35.93216 ], [ -86.790532, 35.932226 ], [ -86.790168, 35.932261 ], [ -86.789887, 35.932234 ], [ -86.789272, 35.932191 ], [ -86.788786, 35.932198 ], [ -86.788587, 35.932281 ], [ -86.788116, 35.932472 ], [ -86.788059, 35.932487 ], [ -86.787872, 35.932537 ], [ -86.787469, 35.932588 ], [ -86.786725, 35.932663 ], [ -86.786205, 35.932679 ], [ -86.785884, 35.932671 ], [ -86.785744, 35.932682 ], [ -86.785461, 35.932722 ], [ -86.784248, 35.932827 ], [ -86.783641, 35.932863 ], [ -86.783624, 35.932864 ], [ -86.783489, 35.932874 ], [ -86.782963, 35.932918 ], [ -86.782641, 35.932962 ], [ -86.782386, 35.932987 ], [ -86.782361, 35.93299 ], [ -86.782212, 35.932996 ], [ -86.78168, 35.933033 ], [ -86.781182, 35.933068 ], [ -86.78095, 35.933111 ], [ -86.780689, 35.933182 ], [ -86.780293, 35.93333 ], [ -86.780137, 35.933397 ], [ -86.780058, 35.933432 ], [ -86.779929, 35.933488 ], [ -86.779914, 35.933495 ], [ -86.779652, 35.933616 ], [ -86.7792, 35.933824 ], [ -86.779165, 35.933841 ], [ -86.778303, 35.934252 ], [ -86.777846, 35.934443 ], [ -86.777668, 35.934539 ], [ -86.777424, 35.93471 ], [ -86.777221, 35.934852 ], [ -86.777112, 35.934906 ], [ -86.776959, 35.934946 ], [ -86.776923, 35.934948 ], [ -86.776756, 35.934962 ], [ -86.776337, 35.934977 ], [ -86.776139, 35.93501 ], [ -86.776005, 35.935059 ], [ -86.775369, 35.935472 ], [ -86.774898, 35.935779 ], [ -86.774815, 35.935833 ], [ -86.774539, 35.936021 ], [ -86.774496, 35.936051 ], [ -86.774449, 35.936081 ], [ -86.774237, 35.936219 ], [ -86.774125, 35.936293 ], [ -86.773975, 35.936376 ], [ -86.773632, 35.936568 ], [ -86.773579, 35.936594 ], [ -86.773353, 35.936706 ], [ -86.77315, 35.936799 ], [ -86.772877, 35.936925 ], [ -86.772806, 35.936957 ], [ -86.772582, 35.937045 ], [ -86.772536, 35.937058 ], [ -86.772323, 35.937123 ], [ -86.772161, 35.937172 ], [ -86.771945, 35.937228 ], [ -86.771494, 35.937323 ], [ -86.77129, 35.937361 ], [ -86.770912, 35.937405 ], [ -86.770733, 35.937415 ], [ -86.770536, 35.937428 ], [ -86.770374, 35.937439 ], [ -86.770257, 35.937447 ], [ -86.769926, 35.937463 ], [ -86.769807, 35.937468 ], [ -86.769511, 35.937485 ], [ -86.769325, 35.937495 ], [ -86.76877, 35.937528 ], [ -86.768646, 35.937536 ], [ -86.768586, 35.93754 ], [ -86.768538, 35.937542 ], [ -86.768522, 35.937544 ], [ -86.768397, 35.937551 ], [ -86.76835, 35.937555 ], [ -86.768296, 35.937558 ], [ -86.768165, 35.937567 ], [ -86.768136, 35.937568 ], [ -86.768083, 35.937572 ], [ -86.768076, 35.937802 ], [ -86.768048, 35.938026 ], [ -86.767962, 35.938748 ], [ -86.767876, 35.939384 ], [ -86.767831, 35.939718 ], [ -86.767827, 35.939745 ], [ -86.767815, 35.939837 ], [ -86.767796, 35.939977 ], [ -86.767782, 35.940072 ], [ -86.766919, 35.939982 ], [ -86.766379, 35.939923 ], [ -86.765893, 35.939755 ], [ -86.765556, 35.939623 ], [ -86.765282, 35.939521 ], [ -86.765056, 35.939462 ], [ -86.764562, 35.939397 ], [ -86.763388, 35.939275 ], [ -86.762796, 35.939198 ], [ -86.762647, 35.939159 ], [ -86.762453, 35.93908 ], [ -86.76221, 35.938916 ], [ -86.761784, 35.938587 ], [ -86.761585, 35.938485 ], [ -86.761545, 35.938469 ], [ -86.761338, 35.938408 ], [ -86.760986, 35.938305 ], [ -86.76071, 35.938321 ], [ -86.760195, 35.938361 ], [ -86.760248, 35.93863 ], [ -86.760258, 35.938682 ], [ -86.76045, 35.939633 ], [ -86.760488, 35.939876 ], [ -86.760465, 35.940248 ], [ -86.760082, 35.940745 ], [ -86.759855, 35.940911 ], [ -86.759378, 35.941118 ], [ -86.758364, 35.941522 ], [ -86.757846, 35.941749 ], [ -86.75836, 35.942362 ], [ -86.759948, 35.944325 ], [ -86.760168, 35.944634 ], [ -86.760251, 35.944806 ], [ -86.760334, 35.945077 ], [ -86.760367, 35.945359 ], [ -86.760367, 35.945553 ], [ -86.760307, 35.945861 ], [ -86.760222, 35.946121 ], [ -86.759946, 35.946497 ], [ -86.759759, 35.946783 ], [ -86.759549, 35.947095 ], [ -86.759384, 35.947372 ], [ -86.759324, 35.947478 ], [ -86.759146, 35.947796 ], [ -86.759087, 35.947903 ], [ -86.758994, 35.948108 ], [ -86.75893, 35.948277 ], [ -86.758924, 35.948294 ], [ -86.758899, 35.948428 ], [ -86.758897, 35.948557 ], [ -86.758919, 35.948687 ], [ -86.758984, 35.948912 ], [ -86.75904, 35.949146 ], [ -86.759061, 35.949375 ], [ -86.759059, 35.949407 ], [ -86.759055, 35.949475 ], [ -86.759052, 35.94953 ], [ -86.75901, 35.949879 ], [ -86.759343, 35.949913 ], [ -86.759909, 35.94997 ], [ -86.760463, 35.950017 ], [ -86.761569, 35.950113 ], [ -86.761869, 35.950146 ], [ -86.763224, 35.950264 ], [ -86.764081, 35.950328 ], [ -86.764176, 35.950336 ], [ -86.764827, 35.950393 ], [ -86.765493, 35.950451 ], [ -86.766281, 35.950531 ], [ -86.766362, 35.949977 ], [ -86.766606, 35.948317 ], [ -86.766615, 35.948257 ], [ -86.766687, 35.947764 ], [ -86.766725, 35.947498 ], [ -86.766755, 35.947293 ], [ -86.766842, 35.946702 ], [ -86.766875, 35.946484 ], [ -86.766882, 35.946437 ], [ -86.766931, 35.946082 ], [ -86.767081, 35.945018 ], [ -86.767131, 35.944664 ], [ -86.767148, 35.944542 ], [ -86.767168, 35.944401 ], [ -86.768135, 35.944293 ], [ -86.770925, 35.944035 ], [ -86.772732, 35.943871 ], [ -86.773798, 35.943773 ], [ -86.775728, 35.943598 ], [ -86.777285, 35.94345 ], [ -86.779126, 35.943276 ], [ -86.779929, 35.943199 ], [ -86.779852, 35.943692 ], [ -86.7798, 35.944019 ], [ -86.779669, 35.944854 ], [ -86.780816, 35.944993 ], [ -86.780882, 35.944841 ], [ -86.781045, 35.944463 ], [ -86.781304, 35.944502 ], [ -86.78196, 35.944522 ], [ -86.782574, 35.94454 ], [ -86.783296, 35.944562 ], [ -86.783551, 35.94457 ], [ -86.785731, 35.944878 ], [ -86.786511, 35.941794 ], [ -86.791951, 35.942288 ], [ -86.793783, 35.942454 ], [ -86.794558, 35.942524 ], [ -86.794533, 35.942698 ], [ -86.794395, 35.943162 ], [ -86.794401, 35.943907 ], [ -86.794116, 35.945532 ], [ -86.796286, 35.945944 ], [ -86.797265, 35.946055 ], [ -86.797873, 35.946179 ], [ -86.798559, 35.946322 ], [ -86.79866, 35.946328 ], [ -86.79933, 35.946438 ], [ -86.799411, 35.946451 ], [ -86.799742, 35.946505 ], [ -86.800322, 35.946609 ], [ -86.80097, 35.946707 ], [ -86.80206, 35.946859 ], [ -86.803218, 35.947021 ], [ -86.80284, 35.94796 ], [ -86.802605, 35.948545 ], [ -86.800464, 35.948347 ], [ -86.797871, 35.948104 ], [ -86.797794, 35.948094 ], [ -86.797626, 35.948078 ], [ -86.796423, 35.947965 ], [ -86.796198, 35.947944 ], [ -86.79373, 35.947713 ], [ -86.793128, 35.9521 ], [ -86.793063, 35.952601 ], [ -86.792929, 35.953548 ], [ -86.792314, 35.954051 ], [ -86.792145, 35.954188 ], [ -86.792352, 35.954212 ], [ -86.795178, 35.954552 ], [ -86.795144, 35.954753 ], [ -86.794481, 35.959252 ], [ -86.794364, 35.960554 ], [ -86.794333, 35.960777 ], [ -86.794304, 35.96099 ], [ -86.794285, 35.961124 ], [ -86.794225, 35.96156 ], [ -86.794184, 35.961873 ], [ -86.794144, 35.962142 ], [ -86.794122, 35.962294 ], [ -86.794102, 35.96243 ], [ -86.794066, 35.96259 ], [ -86.79471, 35.962651 ], [ -86.795348, 35.962712 ], [ -86.795516, 35.962728 ], [ -86.796236, 35.96281 ], [ -86.796761, 35.962878 ], [ -86.796719, 35.963123 ], [ -86.796695, 35.963264 ], [ -86.796597, 35.963858 ], [ -86.796557, 35.964104 ], [ -86.796285, 35.964076 ], [ -86.796015, 35.964049 ], [ -86.795474, 35.96398 ], [ -86.795204, 35.963947 ], [ -86.795164, 35.964172 ], [ -86.795045, 35.964847 ], [ -86.795033, 35.964918 ], [ -86.795, 35.965071 ], [ -86.79462, 35.965032 ], [ -86.793712, 35.96494 ], [ -86.793481, 35.964922 ], [ -86.793101, 35.964894 ], [ -86.793001, 35.964886 ], [ -86.792702, 35.964862 ], [ -86.792603, 35.964855 ], [ -86.792257, 35.964833 ], [ -86.792227, 35.96483 ], [ -86.791105, 35.964716 ], [ -86.790821, 35.964688 ], [ -86.790782, 35.964683 ], [ -86.790732, 35.964678 ], [ -86.789884, 35.964593 ], [ -86.787461, 35.964352 ], [ -86.787339, 35.964341 ], [ -86.786491, 35.964268 ], [ -86.786273, 35.964258 ], [ -86.786119, 35.964251 ], [ -86.785623, 35.96421 ], [ -86.785509, 35.964201 ], [ -86.785451, 35.964197 ], [ -86.785407, 35.964193 ], [ -86.784424, 35.964108 ], [ -86.78426, 35.964119 ], [ -86.784119, 35.964149 ], [ -86.783994, 35.964192 ], [ -86.783803, 35.964289 ], [ -86.783422, 35.964559 ], [ -86.783372, 35.964604 ], [ -86.782985, 35.964959 ], [ -86.782939, 35.965002 ], [ -86.782573, 35.965287 ], [ -86.782484, 35.965347 ], [ -86.782255, 35.965471 ], [ -86.782128, 35.965529 ], [ -86.781812, 35.965634 ], [ -86.781287, 35.965763 ], [ -86.780611, 35.965901 ], [ -86.779999, 35.965995 ], [ -86.779511, 35.966027 ], [ -86.778937, 35.966046 ], [ -86.778836, 35.966062 ], [ -86.77841, 35.966178 ], [ -86.778304, 35.966207 ], [ -86.778293, 35.966211 ], [ -86.778162, 35.966262 ], [ -86.778042, 35.96634 ], [ -86.77785, 35.966522 ], [ -86.777745, 35.966685 ], [ -86.777704, 35.966789 ], [ -86.77766, 35.966986 ], [ -86.77748, 35.967803 ], [ -86.777336, 35.968128 ], [ -86.776939, 35.968727 ], [ -86.77684, 35.968863 ], [ -86.776777, 35.968937 ], [ -86.776607, 35.969138 ], [ -86.776532, 35.969208 ], [ -86.77627, 35.969444 ], [ -86.776027, 35.969687 ], [ -86.775762, 35.969822 ], [ -86.775286, 35.970044 ], [ -86.774769, 35.970158 ], [ -86.774293, 35.970288 ], [ -86.774217, 35.970309 ], [ -86.773826, 35.970409 ], [ -86.77389, 35.970605 ], [ -86.774115, 35.9711 ], [ -86.77428, 35.971381 ], [ -86.774558, 35.971766 ], [ -86.774765, 35.97205 ], [ -86.774972, 35.972285 ], [ -86.775115, 35.972493 ], [ -86.775255, 35.972759 ], [ -86.776297, 35.975104 ], [ -86.776463, 35.97552 ], [ -86.776623, 35.976055 ], [ -86.776716, 35.976601 ], [ -86.776774, 35.97708 ], [ -86.776811, 35.977642 ], [ -86.776853, 35.978345 ], [ -86.776871, 35.978626 ], [ -86.776932, 35.979321 ], [ -86.777063, 35.980449 ], [ -86.777145, 35.98115 ], [ -86.777176, 35.981413 ], [ -86.777198, 35.981591 ], [ -86.777363, 35.982916 ], [ -86.777418, 35.983358 ], [ -86.777377, 35.983363 ], [ -86.777304, 35.983363 ], [ -86.777079, 35.983363 ], [ -86.776966, 35.983381 ], [ -86.776944, 35.983385 ], [ -86.776853, 35.983388 ], [ -86.776696, 35.982922 ], [ -86.776227, 35.981526 ], [ -86.776071, 35.981061 ], [ -86.775835, 35.980349 ], [ -86.77513, 35.978213 ], [ -86.774895, 35.977502 ], [ -86.774649, 35.977478 ], [ -86.774186, 35.977425 ], [ -86.773777, 35.977379 ], [ -86.772895, 35.977279 ], [ -86.772062, 35.977182 ], [ -86.771354, 35.977101 ], [ -86.770699, 35.977032 ], [ -86.770103, 35.976955 ], [ -86.769647, 35.976908 ], [ -86.768944, 35.976837 ], [ -86.76818, 35.976776 ], [ -86.765222, 35.976469 ], [ -86.7649, 35.976469 ], [ -86.764805, 35.976479 ], [ -86.764626, 35.976505 ], [ -86.764521, 35.976531 ], [ -86.763679, 35.976742 ], [ -86.763344, 35.976864 ], [ -86.763148, 35.976951 ], [ -86.762909, 35.977093 ], [ -86.762234, 35.977524 ], [ -86.761543, 35.977966 ], [ -86.761291, 35.978107 ], [ -86.761072, 35.978198 ], [ -86.760777, 35.978275 ], [ -86.76049, 35.978302 ], [ -86.7602, 35.978291 ], [ -86.760028, 35.978273 ], [ -86.759618, 35.978231 ], [ -86.75937, 35.978208 ], [ -86.759231, 35.978196 ], [ -86.758922, 35.978169 ], [ -86.758523, 35.978147 ], [ -86.758286, 35.978134 ], [ -86.757942, 35.978155 ], [ -86.757782, 35.978165 ], [ -86.757065, 35.978264 ], [ -86.756453, 35.978343 ], [ -86.755737, 35.978458 ], [ -86.754157, 35.978649 ], [ -86.7541, 35.978654 ], [ -86.753427, 35.978724 ], [ -86.752815, 35.978779 ], [ -86.752447, 35.978815 ], [ -86.751346, 35.978925 ], [ -86.751054, 35.978955 ], [ -86.750979, 35.978962 ], [ -86.749728, 35.9791 ], [ -86.749676, 35.979108 ], [ -86.749432, 35.979147 ], [ -86.749032, 35.97924 ], [ -86.74882, 35.979299 ], [ -86.748017, 35.979548 ], [ -86.747709, 35.97965 ], [ -86.747082, 35.979864 ], [ -86.746498, 35.980093 ], [ -86.74628, 35.98022 ], [ -86.745995, 35.980415 ], [ -86.745517, 35.980743 ], [ -86.744904, 35.98114 ], [ -86.744572, 35.981365 ], [ -86.744021, 35.98174 ], [ -86.743583, 35.982049 ], [ -86.743256, 35.982281 ], [ -86.742655, 35.982745 ], [ -86.742587, 35.982801 ], [ -86.742216, 35.983125 ], [ -86.742092, 35.983232 ], [ -86.742018, 35.983297 ], [ -86.741936, 35.983369 ], [ -86.741192, 35.984044 ], [ -86.740684, 35.984462 ], [ -86.740478, 35.984604 ], [ -86.740439, 35.984631 ], [ -86.740102, 35.98481 ], [ -86.739902, 35.984898 ], [ -86.739175, 35.985166 ], [ -86.738622, 35.98537 ], [ -86.738363, 35.985465 ], [ -86.738121, 35.985556 ], [ -86.737898, 35.98564 ], [ -86.737014, 35.985974 ], [ -86.736484, 35.986191 ], [ -86.736412, 35.986233 ], [ -86.736505, 35.986276 ], [ -86.736747, 35.986407 ], [ -86.736789, 35.98643 ], [ -86.737128, 35.986651 ], [ -86.737677, 35.987056 ], [ -86.737982, 35.987281 ], [ -86.738031, 35.987319 ], [ -86.738083, 35.987358 ], [ -86.738376, 35.987582 ], [ -86.738697, 35.987797 ], [ -86.739286, 35.988099 ], [ -86.739318, 35.988114 ], [ -86.742018, 35.989386 ], [ -86.74265, 35.989671 ], [ -86.742738, 35.989709 ], [ -86.742993, 35.989796 ], [ -86.743384, 35.989871 ], [ -86.743682, 35.989906 ], [ -86.745252, 35.990092 ], [ -86.745057, 35.991431 ], [ -86.744937, 35.992084 ], [ -86.744801, 35.992516 ], [ -86.744735, 35.99271 ], [ -86.744499, 35.993414 ], [ -86.744495, 35.99343 ], [ -86.74442, 35.993781 ], [ -86.744298, 35.994632 ], [ -86.744109, 35.995956 ], [ -86.744031, 35.996315 ], [ -86.743902, 35.996713 ], [ -86.743557, 35.997587 ], [ -86.743471, 35.997873 ], [ -86.743261, 35.998946 ], [ -86.742967, 36.000511 ], [ -86.742923, 36.000748 ], [ -86.74286, 36.001081 ], [ -86.742637, 36.002407 ], [ -86.742597, 36.002898 ], [ -86.742596, 36.003156 ], [ -86.742613, 36.003488 ], [ -86.742622, 36.003664 ], [ -86.742635, 36.003798 ], [ -86.742764, 36.005123 ], [ -86.74283, 36.005721 ], [ -86.742839, 36.005802 ], [ -86.742861, 36.006109 ], [ -86.742851, 36.006308 ], [ -86.742843, 36.006364 ], [ -86.742709, 36.00677 ], [ -86.742469, 36.007408 ], [ -86.742286, 36.007897 ], [ -86.742279, 36.007917 ], [ -86.741875, 36.008996 ], [ -86.741768, 36.009227 ], [ -86.741723, 36.009299 ], [ -86.741622, 36.009469 ], [ -86.741361, 36.009866 ], [ -86.741019, 36.010384 ], [ -86.74041, 36.011311 ], [ -86.740118, 36.011751 ], [ -86.739923, 36.012047 ], [ -86.739756, 36.012258 ], [ -86.739044, 36.012902 ], [ -86.738696, 36.013218 ], [ -86.738652, 36.013256 ], [ -86.738439, 36.013115 ], [ -86.737742, 36.012762 ], [ -86.73497, 36.011358 ], [ -86.734426, 36.011083 ], [ -86.734046, 36.010891 ], [ -86.733019, 36.010362 ], [ -86.732843, 36.010272 ], [ -86.732069, 36.009873 ], [ -86.731882, 36.009856 ], [ -86.729686, 36.009643 ], [ -86.728537, 36.009532 ], [ -86.728276, 36.009507 ], [ -86.727496, 36.009432 ], [ -86.727236, 36.009407 ], [ -86.72719, 36.009403 ], [ -86.726775, 36.009367 ], [ -86.726076, 36.009306 ], [ -86.72553, 36.00926 ], [ -86.725115, 36.009225 ], [ -86.724944, 36.00921 ], [ -86.724431, 36.009166 ], [ -86.72426, 36.009152 ], [ -86.724195, 36.009146 ], [ -86.724002, 36.009129 ], [ -86.723938, 36.009124 ], [ -86.723668, 36.0091 ], [ -86.722858, 36.009031 ], [ -86.722589, 36.009008 ], [ -86.722411, 36.008994 ], [ -86.722181, 36.008976 ], [ -86.72188, 36.008948 ], [ -86.721703, 36.008932 ], [ -86.721594, 36.008923 ], [ -86.72103, 36.008852 ], [ -86.720169, 36.008744 ], [ -86.720145, 36.008741 ], [ -86.720133, 36.00874 ], [ -86.719198, 36.008621 ], [ -86.718824, 36.008592 ], [ -86.712896, 36.008122 ], [ -86.711543, 36.00729 ], [ -86.704329, 36.002855 ], [ -86.703215, 36.00217 ], [ -86.702458, 36.001705 ], [ -86.700189, 36.000312 ], [ -86.69985, 36.000104 ], [ -86.699806, 36.000077 ], [ -86.699741, 36.000038 ], [ -86.699677, 35.999998 ], [ -86.699555, 35.999922 ], [ -86.699433, 35.999847 ], [ -86.699056, 35.999615 ], [ -86.697925, 35.99892 ], [ -86.697548, 35.998689 ], [ -86.697419, 35.998609 ], [ -86.696672, 35.99815 ], [ -86.694046, 35.996536 ], [ -86.693244, 35.996043 ], [ -86.693173, 35.996 ], [ -86.693053, 35.995665 ], [ -86.692872, 35.995153 ], [ -86.692488, 35.994816 ], [ -86.692324, 35.994753 ], [ -86.692165, 35.994682 ], [ -86.691904, 35.994581 ], [ -86.691596, 35.994572 ], [ -86.691422, 35.994636 ], [ -86.691346, 35.994648 ], [ -86.690694, 35.994905 ], [ -86.690195, 35.99498 ], [ -86.689695, 35.994924 ], [ -86.689614, 35.994966 ], [ -86.689499, 35.995028 ], [ -86.689318, 35.995124 ], [ -86.689273, 35.995109 ], [ -86.68914, 35.995064 ], [ -86.689096, 35.99505 ], [ -86.689019, 35.995066 ], [ -86.688819, 35.995108 ], [ -86.68799, 35.995284 ], [ -86.687714, 35.995343 ], [ -86.687394, 35.995104 ], [ -86.687305, 35.995037 ], [ -86.6872, 35.994962 ], [ -86.686735, 35.994608 ], [ -86.686455, 35.994363 ], [ -86.686347, 35.994269 ], [ -86.686164, 35.994092 ], [ -86.686044, 35.993976 ], [ -86.685882, 35.993799 ], [ -86.685059, 35.992899 ], [ -86.684785, 35.992599 ], [ -86.684523, 35.992314 ], [ -86.683781, 35.991505 ], [ -86.683738, 35.991459 ], [ -86.683475, 35.991177 ], [ -86.683327, 35.991015 ], [ -86.682884, 35.990531 ], [ -86.682737, 35.99037 ], [ -86.682682, 35.99031 ], [ -86.682517, 35.99013 ], [ -86.682462, 35.99007 ], [ -86.682442, 35.990048 ], [ -86.682343, 35.989939 ], [ -86.682189, 35.989769 ], [ -86.682, 35.989536 ], [ -86.681889, 35.989399 ], [ -86.679411, 35.988436 ], [ -86.678252, 35.987988 ], [ -86.676845, 35.987445 ], [ -86.676761, 35.987413 ], [ -86.6761, 35.987158 ], [ -86.675907, 35.987083 ], [ -86.675738, 35.987018 ], [ -86.675519, 35.986933 ], [ -86.675476, 35.986916 ], [ -86.674927, 35.986704 ], [ -86.674534, 35.986552 ], [ -86.673863, 35.986292 ], [ -86.673747, 35.986247 ], [ -86.673426, 35.986124 ], [ -86.672482, 35.98576 ], [ -86.669453, 35.984592 ], [ -86.667542, 35.983855 ], [ -86.666792, 35.983565 ], [ -86.664852, 35.982816 ], [ -86.664248, 35.982583 ], [ -86.6636, 35.982334 ], [ -86.66171, 35.981604 ], [ -86.656665, 35.979657 ], [ -86.656189, 35.979472 ], [ -86.654761, 35.97892 ], [ -86.654285, 35.978736 ], [ -86.654186, 35.978698 ], [ -86.653891, 35.978585 ], [ -86.653793, 35.978548 ], [ -86.653293, 35.978355 ], [ -86.651796, 35.977776 ], [ -86.651297, 35.977584 ], [ -86.6506, 35.977314 ], [ -86.64851, 35.976507 ], [ -86.648288, 35.976422 ], [ -86.64829, 35.975914 ], [ -86.648289, 35.975845 ], [ -86.648288, 35.975641 ], [ -86.648288, 35.975573 ], [ -86.64825, 35.975569 ], [ -86.648195, 35.975565 ], [ -86.648136, 35.975559 ], [ -86.648099, 35.975556 ], [ -86.647925, 35.975539 ], [ -86.647403, 35.97549 ], [ -86.647229, 35.975474 ], [ -86.647085, 35.975461 ], [ -86.646656, 35.975425 ], [ -86.646513, 35.975413 ], [ -86.646387, 35.975402 ], [ -86.646012, 35.975369 ], [ -86.645887, 35.975359 ], [ -86.64514, 35.975269 ], [ -86.64474, 35.975247 ], [ -86.644008, 35.975206 ], [ -86.643552, 35.975181 ], [ -86.642968, 35.97514 ], [ -86.642367, 35.975097 ], [ -86.640347, 35.974948 ], [ -86.638803, 35.974811 ], [ -86.638366, 35.974779 ], [ -86.636485, 35.974642 ], [ -86.636019, 35.97461 ], [ -86.634622, 35.974517 ], [ -86.634157, 35.974486 ], [ -86.632912, 35.974401 ], [ -86.630549, 35.974241 ], [ -86.627397, 35.974027 ], [ -86.627695, 35.972128 ], [ -86.621951, 35.971627 ], [ -86.6186, 35.971336 ], [ -86.618625, 35.971086 ], [ -86.618664, 35.970684 ], [ -86.618782, 35.969481 ], [ -86.618822, 35.96908 ], [ -86.618828, 35.969023 ], [ -86.618837, 35.968908 ], [ -86.618857, 35.96866 ], [ -86.618878, 35.968395 ], [ -86.618892, 35.968224 ], [ -86.618893, 35.968208 ], [ -86.618896, 35.968163 ], [ -86.618899, 35.968141 ], [ -86.6189, 35.967963 ], [ -86.618928, 35.967712 ], [ -86.619946, 35.967867 ], [ -86.620309, 35.967921 ], [ -86.620811, 35.967997 ], [ -86.621783, 35.968145 ], [ -86.621911, 35.968232 ], [ -86.622047, 35.968068 ], [ -86.622266, 35.967968 ], [ -86.622618, 35.967807 ], [ -86.622753, 35.967744 ], [ -86.624923, 35.966758 ], [ -86.625036, 35.966706 ], [ -86.624027, 35.96453 ], [ -86.62401, 35.964492 ], [ -86.623658, 35.964169 ], [ -86.623058, 35.964013 ], [ -86.622003, 35.964058 ], [ -86.622024, 35.963913 ], [ -86.622203, 35.962643 ], [ -86.622201, 35.962161 ], [ -86.622195, 35.959463 ], [ -86.622363, 35.958019 ], [ -86.623501, 35.958047 ], [ -86.623629, 35.95805 ], [ -86.624585, 35.958169 ], [ -86.624639, 35.958145 ], [ -86.625153, 35.954574 ], [ -86.625152, 35.954425 ], [ -86.624949, 35.954122 ], [ -86.624984, 35.953923 ], [ -86.623788, 35.952701 ], [ -86.623733, 35.952645 ], [ -86.623629, 35.952539 ], [ -86.622461, 35.951346 ], [ -86.621683, 35.950552 ], [ -86.62166, 35.950528 ], [ -86.621556, 35.950422 ], [ -86.614985, 35.943708 ], [ -86.615032, 35.943593 ], [ -86.61571, 35.941937 ], [ -86.615817, 35.941677 ], [ -86.615923, 35.941417 ], [ -86.616395, 35.940263 ], [ -86.619121, 35.933946 ], [ -86.624995, 35.920343 ], [ -86.625468, 35.919017 ], [ -86.625878, 35.918348 ], [ -86.62652, 35.916784 ], [ -86.626851, 35.915866 ], [ -86.626978, 35.915135 ], [ -86.626884, 35.914956 ], [ -86.626532, 35.914281 ], [ -86.626216, 35.913181 ], [ -86.626625, 35.91249 ], [ -86.62731, 35.911574 ], [ -86.62791, 35.910961 ], [ -86.628, 35.910163 ], [ -86.627624, 35.90958 ], [ -86.62757, 35.909225 ], [ -86.627338, 35.909018 ], [ -86.627157, 35.908857 ], [ -86.626927, 35.908502 ], [ -86.626592, 35.907733 ], [ -86.626345, 35.907251 ], [ -86.625835, 35.90673 ], [ -86.62544, 35.906411 ], [ -86.624994, 35.906052 ], [ -86.624243, 35.905421 ], [ -86.61763, 35.899864 ], [ -86.616933, 35.896957 ], [ -86.61626, 35.894148 ], [ -86.615132, 35.88944 ], [ -86.615109, 35.889341 ], [ -86.613771, 35.883756 ], [ -86.614713, 35.883226 ], [ -86.615513, 35.882778 ], [ -86.619588, 35.883715 ], [ -86.621372, 35.882569 ], [ -86.619485, 35.875064 ], [ -86.619104, 35.873619 ], [ -86.618698, 35.871919 ], [ -86.618556, 35.871339 ], [ -86.618408, 35.871243 ], [ -86.618209, 35.871074 ], [ -86.617315, 35.870223 ], [ -86.617188, 35.869932 ], [ -86.617144, 35.869829 ], [ -86.617122, 35.869425 ], [ -86.617296, 35.868812 ], [ -86.617561, 35.868512 ], [ -86.617905, 35.86818 ], [ -86.618032, 35.867913 ], [ -86.617901, 35.867486 ], [ -86.61766, 35.866971 ], [ -86.617617, 35.866285 ], [ -86.617475, 35.865673 ], [ -86.617502, 35.865342 ], [ -86.617698, 35.864978 ], [ -86.617627, 35.864478 ], [ -86.617427, 35.864132 ], [ -86.617228, 35.86399 ], [ -86.616923, 35.863772 ], [ -86.616893, 35.86375 ], [ -86.616808, 35.863685 ], [ -86.616781, 35.863666 ], [ -86.616665, 35.863577 ], [ -86.616006, 35.863027 ], [ -86.615757, 35.862585 ], [ -86.615597, 35.862343 ], [ -86.615309, 35.862103 ], [ -86.614863, 35.861895 ], [ -86.614596, 35.861735 ], [ -86.614013, 35.861672 ], [ -86.613419, 35.861569 ], [ -86.612944, 35.861378 ], [ -86.612721, 35.861139 ], [ -86.612675, 35.861088 ], [ -86.612056, 35.85997 ], [ -86.61208, 35.859906 ], [ -86.60617, 35.858975 ], [ -86.607099, 35.855828 ], [ -86.605648, 35.855156 ], [ -86.605294, 35.854993 ], [ -86.605137, 35.85492 ], [ -86.605079, 35.85418 ], [ -86.603678, 35.85388 ], [ -86.600428, 35.853185 ], [ -86.600221, 35.851519 ], [ -86.600209, 35.851429 ], [ -86.600176, 35.851168 ], [ -86.600167, 35.851081 ], [ -86.600032, 35.849994 ], [ -86.600221, 35.849847 ], [ -86.601457, 35.848891 ], [ -86.601178, 35.846465 ], [ -86.601026, 35.84514 ], [ -86.601222, 35.845021 ], [ -86.601356, 35.844927 ], [ -86.601433, 35.844855 ], [ -86.601527, 35.844738 ], [ -86.60162, 35.844535 ], [ -86.601649, 35.844268 ], [ -86.601655, 35.844224 ], [ -86.601659, 35.84411 ], [ -86.601658, 35.843943 ], [ -86.601676, 35.843608 ], [ -86.601662, 35.843448 ], [ -86.601581, 35.842973 ], [ -86.601515, 35.842691 ], [ -86.60147, 35.84242 ], [ -86.601445, 35.842213 ], [ -86.601439, 35.84208 ], [ -86.601443, 35.841963 ], [ -86.60146, 35.841759 ], [ -86.60149, 35.841567 ], [ -86.601506, 35.841498 ], [ -86.601547, 35.841417 ], [ -86.601598, 35.841331 ], [ -86.601752, 35.841161 ], [ -86.601851, 35.841062 ], [ -86.6019, 35.841022 ], [ -86.601931, 35.840997 ], [ -86.601992, 35.840958 ], [ -86.602228, 35.840853 ], [ -86.602333, 35.840811 ], [ -86.602401, 35.840769 ], [ -86.602463, 35.84071 ], [ -86.602505, 35.840663 ], [ -86.602544, 35.840576 ], [ -86.602562, 35.840481 ], [ -86.602582, 35.840246 ], [ -86.602683, 35.840228 ], [ -86.602988, 35.840177 ], [ -86.60309, 35.840161 ], [ -86.603221, 35.84014 ], [ -86.603247, 35.839957 ], [ -86.603384, 35.839017 ], [ -86.60343, 35.838704 ], [ -86.608061, 35.838735 ], [ -86.608358, 35.838738 ], [ -86.616383, 35.838795 ], [ -86.616949, 35.834334 ], [ -86.617084, 35.833264 ], [ -86.617335, 35.831287 ], [ -86.619949, 35.831643 ], [ -86.621611, 35.831869 ], [ -86.622427, 35.831981 ], [ -86.624995, 35.832202 ], [ -86.625534, 35.832249 ], [ -86.625661, 35.831165 ], [ -86.625858, 35.829499 ], [ -86.625889, 35.828944 ], [ -86.625984, 35.827288 ], [ -86.626009, 35.826859 ], [ -86.626018, 35.826738 ], [ -86.626027, 35.826526 ], [ -86.624995, 35.826445 ], [ -86.622262, 35.826074 ], [ -86.619792, 35.82574 ], [ -86.619306, 35.82566 ], [ -86.616046, 35.825127 ], [ -86.613506, 35.824671 ], [ -86.613209, 35.824648 ], [ -86.612657, 35.824739 ], [ -86.611816, 35.824558 ], [ -86.611806, 35.824469 ], [ -86.611996, 35.823148 ], [ -86.612109, 35.82237 ], [ -86.612512, 35.820392 ], [ -86.612722, 35.819309 ], [ -86.612707, 35.819215 ], [ -86.612483, 35.817855 ], [ -86.612414, 35.817439 ], [ -86.612245, 35.817448 ], [ -86.61232, 35.816786 ], [ -86.612494, 35.816003 ], [ -86.612868, 35.813965 ], [ -86.612951, 35.813515 ], [ -86.613433, 35.813486 ], [ -86.61387, 35.813486 ], [ -86.61691, 35.813484 ], [ -86.617033, 35.816227 ], [ -86.618354, 35.81617 ], [ -86.618691, 35.816156 ], [ -86.618748, 35.815551 ], [ -86.620919, 35.815445 ], [ -86.621684, 35.816297 ], [ -86.622475, 35.81631 ], [ -86.622619, 35.815689 ], [ -86.623291, 35.815735 ], [ -86.623615, 35.81366 ], [ -86.623826, 35.812522 ], [ -86.623863, 35.812403 ], [ -86.624564, 35.810196 ], [ -86.624995, 35.80927 ], [ -86.625198, 35.808897 ], [ -86.625273, 35.808492 ], [ -86.625188, 35.808232 ], [ -86.624996, 35.808196 ], [ -86.624442, 35.807848 ], [ -86.623581, 35.807336 ], [ -86.623284, 35.807223 ], [ -86.622878, 35.806967 ], [ -86.622689, 35.806742 ], [ -86.622415, 35.805227 ], [ -86.619801, 35.805659 ], [ -86.619475, 35.805714 ], [ -86.619678, 35.806859 ], [ -86.61971, 35.807174 ], [ -86.619486, 35.807851 ], [ -86.619016, 35.808499 ], [ -86.616937, 35.809054 ], [ -86.61536, 35.809476 ], [ -86.614994, 35.809573 ], [ -86.613896, 35.809867 ], [ -86.613531, 35.809965 ], [ -86.613537, 35.809948 ], [ -86.613586, 35.809823 ], [ -86.613606, 35.809724 ], [ -86.613599, 35.80962 ], [ -86.613498, 35.809373 ], [ -86.613315, 35.809092 ], [ -86.613072, 35.808749 ], [ -86.613059, 35.80873 ], [ -86.612903, 35.808394 ], [ -86.612815, 35.808131 ], [ -86.612815, 35.807938 ], [ -86.612754, 35.807663 ], [ -86.612646, 35.807416 ], [ -86.612558, 35.80701 ], [ -86.612558, 35.806905 ], [ -86.612572, 35.806845 ], [ -86.612734, 35.806537 ], [ -86.612754, 35.806394 ], [ -86.612646, 35.80618 ], [ -86.612375, 35.805855 ], [ -86.612234, 35.805625 ], [ -86.612146, 35.805498 ], [ -86.611957, 35.804998 ], [ -86.611944, 35.804972 ], [ -86.611855, 35.804795 ], [ -86.611741, 35.804657 ], [ -86.611599, 35.804542 ], [ -86.611349, 35.80441 ], [ -86.611086, 35.804279 ], [ -86.610991, 35.804207 ], [ -86.610908, 35.804115 ], [ -86.611751, 35.799307 ], [ -86.613241, 35.790824 ], [ -86.613328, 35.790331 ], [ -86.61849, 35.790758 ], [ -86.618838, 35.790787 ], [ -86.623703, 35.791191 ], [ -86.623699, 35.791237 ], [ -86.623698, 35.791265 ], [ -86.62369, 35.79149 ], [ -86.623688, 35.791565 ], [ -86.623687, 35.791594 ], [ -86.623687, 35.791629 ], [ -86.623692, 35.791806 ], [ -86.623695, 35.791822 ], [ -86.62371, 35.791886 ], [ -86.62373, 35.791983 ], [ -86.623739, 35.792054 ], [ -86.623783, 35.792378 ], [ -86.623776, 35.792573 ], [ -86.623771, 35.792747 ], [ -86.623766, 35.792958 ], [ -86.62377, 35.793015 ], [ -86.623793, 35.793276 ], [ -86.623829, 35.793703 ], [ -86.623825, 35.793814 ], [ -86.623823, 35.793965 ], [ -86.623828, 35.794082 ], [ -86.62383, 35.794179 ], [ -86.623837, 35.794223 ], [ -86.623885, 35.794508 ], [ -86.623941, 35.794636 ], [ -86.623997, 35.794762 ], [ -86.624981, 35.794895 ], [ -86.626462, 35.795006 ], [ -86.631989, 35.79542 ], [ -86.632088, 35.794484 ], [ -86.633042, 35.794523 ], [ -86.635521, 35.794627 ], [ -86.635629, 35.794645 ], [ -86.635989, 35.794675 ], [ -86.637398, 35.794793 ], [ -86.637791, 35.794827 ], [ -86.637827, 35.794896 ], [ -86.638959, 35.794977 ], [ -86.642355, 35.79522 ], [ -86.643487, 35.795301 ], [ -86.64445, 35.79537 ], [ -86.647049, 35.795558 ], [ -86.647094, 35.795269 ], [ -86.647234, 35.794373 ], [ -86.647243, 35.794314 ], [ -86.647263, 35.79418 ], [ -86.647325, 35.79378 ], [ -86.647347, 35.793647 ], [ -86.647434, 35.793089 ], [ -86.647695, 35.791416 ], [ -86.647783, 35.790858 ], [ -86.647795, 35.790781 ], [ -86.647831, 35.790547 ], [ -86.647844, 35.79047 ], [ -86.647959, 35.790444 ], [ -86.647978, 35.79044 ], [ -86.648194, 35.790411 ], [ -86.648313, 35.790418 ], [ -86.648382, 35.790423 ], [ -86.648432, 35.79043 ], [ -86.648711, 35.790459 ], [ -86.64955, 35.790551 ], [ -86.649811, 35.79058 ], [ -86.64983, 35.790581 ], [ -86.649843, 35.790477 ], [ -86.649875, 35.790209 ], [ -86.649878, 35.790166 ], [ -86.649886, 35.790063 ], [ -86.649887, 35.790038 ], [ -86.649889, 35.790022 ], [ -86.649909, 35.789896 ], [ -86.649916, 35.789855 ], [ -86.649964, 35.789859 ], [ -86.650109, 35.789871 ], [ -86.650157, 35.789876 ], [ -86.650465, 35.789902 ], [ -86.650962, 35.789944 ], [ -86.651395, 35.78998 ], [ -86.651684, 35.790005 ], [ -86.651706, 35.790006 ], [ -86.651984, 35.790029 ], [ -86.653463, 35.790155 ], [ -86.658733, 35.790601 ], [ -86.660492, 35.790752 ], [ -86.660963, 35.790787 ], [ -86.66238, 35.790897 ], [ -86.662783, 35.790928 ], [ -86.662855, 35.790934 ], [ -86.663088, 35.790421 ], [ -86.663229, 35.789927 ], [ -86.663374, 35.789421 ], [ -86.663368, 35.789174 ], [ -86.663152, 35.788827 ], [ -86.66291, 35.788598 ], [ -86.662693, 35.788392 ], [ -86.662149, 35.787977 ], [ -86.661899, 35.787643 ], [ -86.661751, 35.787367 ], [ -86.661689, 35.787251 ], [ -86.661459, 35.786608 ], [ -86.661457, 35.786382 ], [ -86.661467, 35.786348 ], [ -86.661457, 35.786317 ], [ -86.661454, 35.786008 ], [ -86.661542, 35.785734 ], [ -86.661772, 35.785392 ], [ -86.662134, 35.785137 ], [ -86.662726, 35.78483 ], [ -86.662892, 35.784695 ], [ -86.663112, 35.784519 ], [ -86.663329, 35.784211 ], [ -86.664042, 35.783682 ], [ -86.664239, 35.783252 ], [ -86.664217, 35.782898 ], [ -86.664144, 35.78273 ], [ -86.663931, 35.782503 ], [ -86.663667, 35.782312 ], [ -86.663316, 35.782158 ], [ -86.662919, 35.782167 ], [ -86.662707, 35.782219 ], [ -86.662066, 35.782534 ], [ -86.661728, 35.78261 ], [ -86.661398, 35.782512 ], [ -86.660081, 35.781796 ], [ -86.659966, 35.781734 ], [ -86.659728, 35.781481 ], [ -86.659664, 35.781169 ], [ -86.659902, 35.78005 ], [ -86.659926, 35.779626 ], [ -86.65998, 35.77907 ], [ -86.660052, 35.778342 ], [ -86.660299, 35.77743 ], [ -86.660306, 35.777408 ], [ -86.660225, 35.776879 ], [ -86.660235, 35.776752 ], [ -86.660245, 35.776624 ], [ -86.660275, 35.776226 ], [ -86.6603, 35.776027 ], [ -86.660625, 35.773483 ], [ -86.660635, 35.77341 ], [ -86.660717, 35.772634 ], [ -86.660826, 35.771593 ], [ -86.661156, 35.768471 ], [ -86.661266, 35.767431 ], [ -86.66128, 35.767433 ], [ -86.661504, 35.767459 ], [ -86.662201, 35.767541 ], [ -86.662217, 35.767547 ], [ -86.662443, 35.767629 ], [ -86.662568, 35.767809 ], [ -86.662622, 35.768357 ], [ -86.662634, 35.76848 ], [ -86.662671, 35.768768 ], [ -86.662767, 35.76896 ], [ -86.662877, 35.769079 ], [ -86.663443, 35.769452 ], [ -86.663554, 35.76968 ], [ -86.663561, 35.769848 ], [ -86.663488, 35.770264 ], [ -86.663444, 35.770525 ], [ -86.663458, 35.770716 ], [ -86.663531, 35.770849 ], [ -86.663598, 35.770896 ], [ -86.663666, 35.770943 ], [ -86.663821, 35.770982 ], [ -86.664068, 35.771002 ], [ -86.665291, 35.771102 ], [ -86.6657, 35.771136 ], [ -86.667327, 35.771325 ], [ -86.667399, 35.771332 ], [ -86.670776, 35.771705 ], [ -86.671037, 35.771726 ], [ -86.671288, 35.771736 ], [ -86.671371, 35.771721 ], [ -86.671439, 35.771697 ], [ -86.671521, 35.771644 ], [ -86.671583, 35.771541 ], [ -86.671618, 35.771427 ], [ -86.671662, 35.77113 ], [ -86.671715, 35.770706 ], [ -86.671786, 35.770155 ], [ -86.671904, 35.7694 ], [ -86.671977, 35.769016 ], [ -86.671982, 35.768985 ], [ -86.672, 35.768894 ], [ -86.672002, 35.768885 ], [ -86.67201, 35.768866 ], [ -86.67203, 35.76882 ], [ -86.672094, 35.768743 ], [ -86.672194, 35.768683 ], [ -86.672316, 35.768648 ], [ -86.672417, 35.768633 ], [ -86.672562, 35.768625 ], [ -86.672737, 35.768623 ], [ -86.672897, 35.768637 ], [ -86.673575, 35.768731 ], [ -86.674363, 35.768832 ], [ -86.674498, 35.768853 ], [ -86.675149, 35.76896 ], [ -86.675135, 35.768304 ], [ -86.6751, 35.766342 ], [ -86.675091, 35.765689 ], [ -86.678142, 35.765772 ], [ -86.678645, 35.762187 ], [ -86.679478, 35.756258 ], [ -86.679931, 35.756304 ], [ -86.680326, 35.753875 ], [ -86.680854, 35.750621 ], [ -86.681701, 35.750753 ], [ -86.681813, 35.750066 ], [ -86.688045, 35.750658 ], [ -86.692366, 35.751069 ], [ -86.69219, 35.751972 ], [ -86.692155, 35.75227 ], [ -86.692181, 35.752448 ], [ -86.692486, 35.753328 ], [ -86.692493, 35.75335 ], [ -86.692499, 35.753365 ], [ -86.692475, 35.753416 ], [ -86.692465, 35.753438 ], [ -86.692372, 35.753639 ], [ -86.692094, 35.754242 ], [ -86.692025, 35.754393 ], [ -86.692076, 35.754414 ], [ -86.692141, 35.754441 ], [ -86.69231, 35.754511 ], [ -86.692339, 35.75452 ], [ -86.692376, 35.754532 ], [ -86.692584, 35.754189 ], [ -86.692874, 35.753739 ], [ -86.692884, 35.753723 ], [ -86.693006, 35.753534 ], [ -86.693406, 35.752922 ], [ -86.69354, 35.752719 ], [ -86.693698, 35.752712 ], [ -86.694237, 35.752691 ], [ -86.695234, 35.752653 ], [ -86.69565, 35.752613 ], [ -86.696117, 35.752539 ], [ -86.696318, 35.752486 ], [ -86.696904, 35.752334 ], [ -86.697018, 35.752301 ], [ -86.697123, 35.75227 ], [ -86.697163, 35.752259 ], [ -86.697342, 35.75224 ], [ -86.697462, 35.752226 ], [ -86.697637, 35.752222 ], [ -86.697803, 35.752226 ], [ -86.698032, 35.752232 ], [ -86.698427, 35.752242 ], [ -86.698804, 35.752274 ], [ -86.698923, 35.752289 ], [ -86.699874, 35.75247 ], [ -86.700251, 35.752525 ], [ -86.701355, 35.752616 ], [ -86.702395, 35.752674 ], [ -86.702496, 35.75268 ], [ -86.703164, 35.752727 ], [ -86.708538, 35.753214 ], [ -86.708662, 35.753225 ], [ -86.709758, 35.753335 ], [ -86.710404, 35.753387 ], [ -86.710809, 35.753395 ], [ -86.711533, 35.753365 ], [ -86.712164, 35.753338 ], [ -86.713322, 35.753321 ], [ -86.713557, 35.753331 ], [ -86.713982, 35.753373 ], [ -86.714461, 35.75345 ], [ -86.714897, 35.753557 ], [ -86.715405, 35.753724 ], [ -86.716144, 35.754052 ], [ -86.716551, 35.754277 ], [ -86.716739, 35.754399 ], [ -86.717475, 35.754977 ], [ -86.71778, 35.75519 ], [ -86.718161, 35.755409 ], [ -86.718174, 35.755417 ], [ -86.718546, 35.755592 ], [ -86.718979, 35.755753 ], [ -86.719177, 35.755821 ], [ -86.721174, 35.75653 ], [ -86.721557, 35.756652 ], [ -86.721783, 35.756705 ], [ -86.722026, 35.756762 ], [ -86.722182, 35.756785 ], [ -86.72227, 35.756797 ], [ -86.722398, 35.756816 ], [ -86.722536, 35.756827 ], [ -86.722626, 35.756835 ], [ -86.723025, 35.756869 ], [ -86.723495, 35.756887 ], [ -86.723543, 35.756889 ], [ -86.724595, 35.756947 ], [ -86.725407, 35.757015 ], [ -86.726287, 35.757144 ], [ -86.726695, 35.757204 ], [ -86.727195, 35.757294 ], [ -86.727239, 35.757307 ], [ -86.727374, 35.757347 ], [ -86.727419, 35.757361 ], [ -86.727581, 35.75741 ], [ -86.727603, 35.757417 ], [ -86.728044, 35.757619 ], [ -86.728069, 35.757631 ], [ -86.728192, 35.757702 ], [ -86.728401, 35.757838 ], [ -86.728466, 35.75788 ], [ -86.728551, 35.757947 ], [ -86.72873, 35.758103 ], [ -86.728807, 35.758179 ], [ -86.72895, 35.758344 ], [ -86.728973, 35.758371 ], [ -86.729114, 35.758534 ], [ -86.729344, 35.758802 ], [ -86.730037, 35.759606 ], [ -86.730189, 35.759782 ], [ -86.730275, 35.759869 ], [ -86.730306, 35.759901 ], [ -86.730402, 35.759997 ], [ -86.730434, 35.760029 ], [ -86.730462, 35.760054 ], [ -86.730547, 35.760129 ], [ -86.730576, 35.760155 ], [ -86.730604, 35.760134 ], [ -86.730688, 35.760076 ], [ -86.73072, 35.760052 ], [ -86.730735, 35.760073 ], [ -86.730776, 35.760123 ], [ -86.730884, 35.760199 ], [ -86.731106, 35.760392 ], [ -86.731241, 35.760485 ], [ -86.731592, 35.760666 ], [ -86.731707, 35.760749 ], [ -86.731896, 35.760875 ], [ -86.732118, 35.76099 ], [ -86.732368, 35.761128 ], [ -86.732543, 35.761243 ], [ -86.732678, 35.761309 ], [ -86.732745, 35.761358 ], [ -86.73286, 35.761485 ], [ -86.732941, 35.761606 ], [ -86.732969, 35.761691 ], [ -86.732989, 35.761754 ], [ -86.733043, 35.761968 ], [ -86.733049, 35.762144 ], [ -86.73305, 35.762595 ], [ -86.73307, 35.762776 ], [ -86.733111, 35.762914 ], [ -86.733178, 35.763046 ], [ -86.733259, 35.763172 ], [ -86.733489, 35.763425 ], [ -86.733934, 35.763804 ], [ -86.734055, 35.76393 ], [ -86.734183, 35.764073 ], [ -86.734278, 35.764149 ], [ -86.734312, 35.764177 ], [ -86.73448, 35.764293 ], [ -86.734797, 35.764485 ], [ -86.734946, 35.764551 ], [ -86.735101, 35.764639 ], [ -86.735182, 35.764716 ], [ -86.735256, 35.76482 ], [ -86.73529, 35.76493 ], [ -86.735308, 35.765013 ], [ -86.735316, 35.765059 ], [ -86.735397, 35.765094 ], [ -86.735469, 35.765125 ], [ -86.735648, 35.765187 ], [ -86.735733, 35.765217 ], [ -86.735828, 35.765119 ], [ -86.735874, 35.765091 ], [ -86.735922, 35.765064 ], [ -86.736302, 35.764952 ], [ -86.736412, 35.764902 ], [ -86.736451, 35.764886 ], [ -86.73658, 35.764812 ], [ -86.736763, 35.764708 ], [ -86.737102, 35.764501 ], [ -86.73819, 35.763842 ], [ -86.738261, 35.763817 ], [ -86.738392, 35.763796 ], [ -86.738472, 35.763799 ], [ -86.738636, 35.763822 ], [ -86.738734, 35.763828 ], [ -86.738849, 35.763836 ], [ -86.738989, 35.76382 ], [ -86.739076, 35.763793 ], [ -86.739309, 35.763676 ], [ -86.739883, 35.763386 ], [ -86.740006, 35.763333 ], [ -86.740509, 35.763232 ], [ -86.740713, 35.763153 ], [ -86.740801, 35.763109 ], [ -86.741178, 35.762889 ], [ -86.741619, 35.762641 ], [ -86.741801, 35.762539 ], [ -86.742165, 35.762312 ], [ -86.742616, 35.76203 ], [ -86.743016, 35.761782 ], [ -86.74323, 35.761665 ], [ -86.743449, 35.761621 ], [ -86.743777, 35.761547 ], [ -86.743948, 35.761478 ], [ -86.744066, 35.761406 ], [ -86.744522, 35.761132 ], [ -86.74491, 35.760898 ], [ -86.745224, 35.760688 ], [ -86.74536, 35.760619 ], [ -86.745495, 35.760569 ], [ -86.74579, 35.760495 ], [ -86.745947, 35.760348 ], [ -86.746054, 35.760168 ], [ -86.746123, 35.759918 ], [ -86.746101, 35.759701 ], [ -86.746033, 35.759585 ], [ -86.745935, 35.759504 ], [ -86.745827, 35.759453 ], [ -86.745693, 35.759427 ], [ -86.745159, 35.759401 ], [ -86.744668, 35.759356 ], [ -86.744464, 35.759313 ], [ -86.744244, 35.759235 ], [ -86.744148, 35.759162 ], [ -86.744116, 35.759111 ], [ -86.744104, 35.759091 ], [ -86.74405, 35.758898 ], [ -86.744025, 35.75863 ], [ -86.744068, 35.758278 ], [ -86.744105, 35.75813 ], [ -86.744161, 35.758059 ], [ -86.744186, 35.758037 ], [ -86.744224, 35.758003 ], [ -86.744341, 35.757902 ], [ -86.744357, 35.757889 ], [ -86.74438, 35.757868 ], [ -86.744588, 35.757675 ], [ -86.744791, 35.757468 ], [ -86.744933, 35.75734 ], [ -86.74512, 35.757239 ], [ -86.745163, 35.757223 ], [ -86.745764, 35.757004 ], [ -86.745901, 35.756917 ], [ -86.746199, 35.756701 ], [ -86.746349, 35.756623 ], [ -86.746566, 35.756542 ], [ -86.746891, 35.75644 ], [ -86.747171, 35.756336 ], [ -86.747349, 35.756219 ], [ -86.74774, 35.755923 ], [ -86.747858, 35.755872 ], [ -86.747888, 35.755866 ], [ -86.747952, 35.755854 ], [ -86.748103, 35.755849 ], [ -86.748294, 35.755881 ], [ -86.7486, 35.755923 ], [ -86.748764, 35.75592 ], [ -86.748904, 35.7559 ], [ -86.74896, 35.75588 ], [ -86.74906, 35.755846 ], [ -86.749127, 35.755817 ], [ -86.749183, 35.755795 ], [ -86.749296, 35.755747 ], [ -86.749636, 35.755607 ], [ -86.74975, 35.755561 ], [ -86.7498, 35.75554 ], [ -86.750181, 35.755371 ], [ -86.751116, 35.75496 ], [ -86.751281, 35.75489 ], [ -86.751478, 35.754806 ], [ -86.75153, 35.754784 ], [ -86.751927, 35.754664 ], [ -86.75197, 35.754659 ], [ -86.752076, 35.754646 ], [ -86.752394, 35.754611 ], [ -86.752417, 35.754609 ], [ -86.752501, 35.754598 ], [ -86.752921, 35.754542 ], [ -86.752966, 35.754533 ], [ -86.753892, 35.754333 ], [ -86.75426, 35.754272 ], [ -86.754348, 35.754265 ], [ -86.754666, 35.754242 ], [ -86.754816, 35.754223 ], [ -86.754936, 35.754208 ], [ -86.755128, 35.754164 ], [ -86.755293, 35.754128 ], [ -86.755483, 35.754103 ], [ -86.756076, 35.754089 ], [ -86.756092, 35.754089 ], [ -86.756394, 35.754089 ], [ -86.756413, 35.754088 ], [ -86.756471, 35.754088 ], [ -86.756491, 35.754088 ], [ -86.756751, 35.754087 ], [ -86.757345, 35.754087 ], [ -86.757475, 35.754079 ], [ -86.757532, 35.754069 ], [ -86.75779, 35.754025 ], [ -86.757817, 35.754018 ], [ -86.757841, 35.754012 ], [ -86.757898, 35.753992 ], [ -86.757925, 35.753983 ], [ -86.758457, 35.753801 ], [ -86.75867, 35.753745 ], [ -86.758736, 35.753729 ], [ -86.759191, 35.753663 ], [ -86.759507, 35.753634 ], [ -86.760022, 35.753626 ], [ -86.761011, 35.753643 ], [ -86.761795, 35.753658 ], [ -86.762335, 35.753661 ], [ -86.763956, 35.753671 ], [ -86.764297, 35.753674 ], [ -86.764496, 35.753696 ], [ -86.764956, 35.753771 ], [ -86.765047, 35.753786 ], [ -86.765218, 35.753805 ], [ -86.765563, 35.753845 ], [ -86.766347, 35.753919 ], [ -86.766812, 35.753963 ], [ -86.766924, 35.753974 ], [ -86.767076, 35.753991 ], [ -86.76753, 35.754042 ], [ -86.767746, 35.754095 ], [ -86.767856, 35.754141 ], [ -86.768015, 35.754208 ], [ -86.768075, 35.754244 ], [ -86.768097, 35.754255 ], [ -86.768136, 35.754274 ], [ -86.768146, 35.754279 ], [ -86.768247, 35.75434 ], [ -86.768552, 35.754524 ], [ -86.768654, 35.754586 ], [ -86.768768, 35.754655 ], [ -86.768842, 35.754699 ], [ -86.76941, 35.755035 ], [ -86.7696, 35.755147 ], [ -86.769854, 35.755292 ], [ -86.770082, 35.755422 ], [ -86.770622, 35.755718 ], [ -86.770879, 35.75586 ], [ -86.771302, 35.756092 ], [ -86.771917, 35.75643 ], [ -86.772575, 35.756786 ], [ -86.772977, 35.757005 ], [ -86.773, 35.757017 ], [ -86.773053, 35.757008 ], [ -86.773114, 35.756996 ], [ -86.773316, 35.756991 ], [ -86.77341, 35.756996 ], [ -86.773518, 35.757024 ], [ -86.773606, 35.757057 ], [ -86.773673, 35.757095 ], [ -86.773821, 35.757161 ], [ -86.774408, 35.75737 ], [ -86.77457, 35.757442 ], [ -86.774725, 35.757552 ], [ -86.7749, 35.7577 ], [ -86.774981, 35.757728 ], [ -86.775055, 35.757744 ], [ -86.775197, 35.757783 ], [ -86.775386, 35.757794 ], [ -86.775541, 35.757788 ], [ -86.775932, 35.757789 ], [ -86.776053, 35.757827 ], [ -86.776161, 35.757855 ], [ -86.776383, 35.757893 ], [ -86.776599, 35.757948 ], [ -86.776707, 35.757965 ], [ -86.776808, 35.757992 ], [ -86.776998, 35.758032 ], [ -86.777044, 35.758042 ], [ -86.777247, 35.758069 ], [ -86.777732, 35.758097 ], [ -86.777847, 35.758097 ], [ -86.778056, 35.758125 ], [ -86.778312, 35.758147 ], [ -86.778528, 35.758185 ], [ -86.77873, 35.758257 ], [ -86.778919, 35.758317 ], [ -86.779242, 35.7584 ], [ -86.779445, 35.758438 ], [ -86.779647, 35.758455 ], [ -86.780288, 35.758537 ], [ -86.780436, 35.758543 ], [ -86.780665, 35.758565 ], [ -86.780827, 35.758576 ], [ -86.780969, 35.758598 ], [ -86.78113, 35.758609 ], [ -86.781461, 35.75862 ], [ -86.781609, 35.758593 ], [ -86.78171, 35.758543 ], [ -86.781825, 35.758455 ], [ -86.781899, 35.758378 ], [ -86.78198, 35.75828 ], [ -86.782021, 35.758252 ], [ -86.782061, 35.758203 ], [ -86.782183, 35.75812 ], [ -86.782317, 35.758076 ], [ -86.78254, 35.757994 ], [ -86.782749, 35.757934 ], [ -86.782951, 35.757884 ], [ -86.783143, 35.757859 ], [ -86.78316, 35.757857 ], [ -86.783369, 35.75784 ], [ -86.783599, 35.757835 ], [ -86.784071, 35.757862 ], [ -86.784509, 35.757835 ], [ -86.784671, 35.757818 ], [ -86.784887, 35.757808 ], [ -86.785021, 35.757819 ], [ -86.785143, 35.757808 ], [ -86.785278, 35.757808 ], [ -86.785507, 35.757841 ], [ -86.785628, 35.757901 ], [ -86.785824, 35.757973 ], [ -86.786009, 35.758061 ], [ -86.786053, 35.758083 ], [ -86.786127, 35.758105 ], [ -86.786208, 35.75811 ], [ -86.786316, 35.758132 ], [ -86.786397, 35.758165 ], [ -86.786512, 35.758231 ], [ -86.786606, 35.758303 ], [ -86.786707, 35.758402 ], [ -86.786761, 35.758418 ], [ -86.786909, 35.758451 ], [ -86.787004, 35.758451 ], [ -86.787085, 35.75844 ], [ -86.787199, 35.758407 ], [ -86.787334, 35.758374 ], [ -86.787442, 35.758363 ], [ -86.78755, 35.758374 ], [ -86.787604, 35.758391 ], [ -86.787725, 35.75844 ], [ -86.78788, 35.758512 ], [ -86.78817, 35.758638 ], [ -86.788298, 35.758682 ], [ -86.78844, 35.758715 ], [ -86.78873, 35.758743 ], [ -86.788858, 35.75877 ], [ -86.788945, 35.758784 ], [ -86.788996, 35.758769 ], [ -86.789028, 35.758758 ], [ -86.789191, 35.758708 ], [ -86.789281, 35.758694 ], [ -86.789368, 35.758682 ], [ -86.789626, 35.758703 ], [ -86.789792, 35.758748 ], [ -86.789888, 35.758774 ], [ -86.790095, 35.758856 ], [ -86.790559, 35.759101 ], [ -86.790799, 35.759192 ], [ -86.79118, 35.759283 ], [ -86.791401, 35.759323 ], [ -86.791588, 35.759357 ], [ -86.791653, 35.759378 ], [ -86.791735, 35.759425 ], [ -86.791855, 35.759546 ], [ -86.791863, 35.759559 ], [ -86.791896, 35.759607 ], [ -86.792058, 35.759883 ], [ -86.792632, 35.760862 ], [ -86.792824, 35.761189 ], [ -86.792957, 35.761422 ], [ -86.793205, 35.761855 ], [ -86.793353, 35.762126 ], [ -86.793483, 35.762363 ], [ -86.793612, 35.762598 ], [ -86.793792, 35.762856 ], [ -86.793948, 35.762999 ], [ -86.794144, 35.763128 ], [ -86.794211, 35.763163 ], [ -86.794518, 35.763323 ], [ -86.795056, 35.763583 ], [ -86.795283, 35.763716 ], [ -86.795581, 35.763935 ], [ -86.796924, 35.765038 ], [ -86.797779, 35.76574 ], [ -86.798022, 35.765939 ], [ -86.798753, 35.766536 ], [ -86.798973, 35.766715 ], [ -86.798998, 35.766735 ], [ -86.799147, 35.766855 ], [ -86.799476, 35.767122 ], [ -86.799576, 35.767217 ], [ -86.799585, 35.767228 ], [ -86.799679, 35.767333 ], [ -86.799706, 35.767377 ], [ -86.799784, 35.767506 ], [ -86.799838, 35.767663 ], [ -86.800152, 35.768562 ], [ -86.800272, 35.768857 ], [ -86.800406, 35.769113 ], [ -86.800491, 35.769228 ], [ -86.800527, 35.769276 ], [ -86.800694, 35.769442 ], [ -86.800903, 35.769587 ], [ -86.801591, 35.769886 ], [ -86.801887, 35.770015 ], [ -86.801986, 35.770065 ], [ -86.802473, 35.770312 ], [ -86.802718, 35.770437 ], [ -86.803949, 35.77103 ], [ -86.80437, 35.771233 ], [ -86.804445, 35.771263 ], [ -86.804562, 35.77131 ], [ -86.804727, 35.771376 ], [ -86.804859, 35.77142 ], [ -86.804919, 35.771441 ], [ -86.804994, 35.771466 ], [ -86.805041, 35.771479 ], [ -86.805061, 35.771484 ], [ -86.805124, 35.771502 ], [ -86.805145, 35.771508 ], [ -86.80529, 35.77154 ], [ -86.805522, 35.771591 ], [ -86.805728, 35.771624 ], [ -86.805841, 35.771642 ], [ -86.805876, 35.771646 ], [ -86.806025, 35.771661 ], [ -86.806472, 35.771708 ], [ -86.806622, 35.771724 ], [ -86.806654, 35.771727 ], [ -86.807076, 35.771765 ], [ -86.808012, 35.771852 ], [ -86.80844, 35.771895 ], [ -86.808895, 35.771941 ], [ -86.80909, 35.771961 ], [ -86.809257, 35.771974 ], [ -86.809494, 35.771994 ], [ -86.80976, 35.772043 ], [ -86.809991, 35.772111 ], [ -86.810266, 35.772227 ], [ -86.810306, 35.772247 ], [ -86.81063, 35.772414 ], [ -86.810669, 35.772434 ], [ -86.810962, 35.772611 ], [ -86.811059, 35.772671 ], [ -86.811251, 35.77279 ], [ -86.811603, 35.773048 ], [ -86.811865, 35.773262 ], [ -86.812268, 35.773563 ], [ -86.812629, 35.773832 ], [ -86.812672, 35.773861 ], [ -86.812874, 35.773999 ], [ -86.813335, 35.774315 ], [ -86.813493, 35.774392 ], [ -86.81353, 35.77441 ], [ -86.813726, 35.77447 ], [ -86.813806, 35.774494 ], [ -86.813906, 35.774505 ], [ -86.814069, 35.774525 ], [ -86.814458, 35.774554 ], [ -86.814643, 35.774569 ], [ -86.81483, 35.774583 ], [ -86.815216, 35.774613 ], [ -86.815392, 35.774622 ], [ -86.81558, 35.774633 ], [ -86.815767, 35.774643 ], [ -86.81582, 35.774647 ], [ -86.816173, 35.774687 ], [ -86.816324, 35.774724 ], [ -86.816388, 35.77474 ], [ -86.816504, 35.774779 ], [ -86.816671, 35.774791 ], [ -86.816835, 35.774803 ], [ -86.817173, 35.774829 ], [ -86.817341, 35.774842 ], [ -86.817255, 35.774883 ], [ -86.817227, 35.774897 ], [ -86.817131, 35.774974 ], [ -86.81706, 35.775082 ], [ -86.817009, 35.775162 ], [ -86.817068, 35.7753 ], [ -86.817101, 35.775465 ], [ -86.817099, 35.775649 ], [ -86.817045, 35.776159 ], [ -86.817013, 35.77647 ], [ -86.816952, 35.776873 ], [ -86.816726, 35.778393 ], [ -86.816461, 35.780002 ], [ -86.816251, 35.781726 ], [ -86.816232, 35.782028 ], [ -86.816218, 35.782276 ], [ -86.816219, 35.782325 ], [ -86.816226, 35.782667 ], [ -86.816231, 35.7829 ], [ -86.816295, 35.783489 ], [ -86.816346, 35.783755 ], [ -86.816431, 35.784068 ], [ -86.816487, 35.784269 ], [ -86.816532, 35.784494 ], [ -86.816547, 35.78491 ], [ -86.816547, 35.78503 ], [ -86.816549, 35.78528 ], [ -86.816559, 35.785355 ], [ -86.816598, 35.785505 ], [ -86.816656, 35.785604 ], [ -86.816666, 35.78562 ], [ -86.81678, 35.785723 ], [ -86.816906, 35.785791 ], [ -86.817086, 35.785849 ], [ -86.817384, 35.78592 ], [ -86.817619, 35.785977 ], [ -86.817648, 35.785982 ], [ -86.817881, 35.78602 ], [ -86.817994, 35.786033 ], [ -86.819037, 35.786159 ], [ -86.819385, 35.786202 ], [ -86.819403, 35.786204 ], [ -86.819837, 35.786264 ], [ -86.820109, 35.786303 ], [ -86.821199, 35.786429 ], [ -86.821654, 35.786482 ], [ -86.821706, 35.786488 ], [ -86.821791, 35.786498 ], [ -86.821864, 35.786506 ], [ -86.821917, 35.786512 ], [ -86.822207, 35.786545 ], [ -86.822659, 35.786598 ], [ -86.82308, 35.786617 ], [ -86.823191, 35.786623 ], [ -86.823372, 35.786624 ], [ -86.823396, 35.786624 ], [ -86.824876, 35.786611 ], [ -86.82749, 35.786589 ], [ -86.829388, 35.786561 ], [ -86.830893, 35.78654 ], [ -86.831164, 35.786538 ], [ -86.83198, 35.786531 ], [ -86.832252, 35.78653 ], [ -86.832474, 35.786543 ], [ -86.832504, 35.786545 ], [ -86.832925, 35.786604 ], [ -86.833136, 35.786639 ], [ -86.833263, 35.786661 ], [ -86.833353, 35.78669 ], [ -86.833467, 35.786739 ], [ -86.833512, 35.786759 ], [ -86.833796, 35.786918 ], [ -86.833906, 35.786979 ], [ -86.833932, 35.786993 ], [ -86.834357, 35.787211 ], [ -86.834754, 35.78737 ], [ -86.835103, 35.787494 ], [ -86.83567, 35.787661 ], [ -86.836255, 35.78782 ], [ -86.836554, 35.787882 ], [ -86.836891, 35.787918 ], [ -86.837872, 35.787961 ], [ -86.837957, 35.787965 ], [ -86.838989, 35.787956 ], [ -86.839207, 35.787955 ], [ -86.839553, 35.787978 ], [ -86.840293, 35.788085 ], [ -86.840456, 35.788109 ], [ -86.841055, 35.788199 ], [ -86.842421, 35.788405 ], [ -86.843351, 35.788475 ], [ -86.843844, 35.788513 ], [ -86.844121, 35.788531 ], [ -86.844147, 35.788358 ], [ -86.844161, 35.788223 ], [ -86.84426, 35.787296 ], [ -86.844294, 35.786988 ], [ -86.844762, 35.787009 ], [ -86.84494, 35.787023 ], [ -86.845667, 35.787082 ], [ -86.845776, 35.787091 ], [ -86.845928, 35.787103 ], [ -86.846874, 35.787202 ], [ -86.847518, 35.78727 ], [ -86.847627, 35.787281 ], [ -86.848157, 35.787337 ], [ -86.848667, 35.787391 ], [ -86.850076, 35.787543 ], [ -86.850716, 35.787613 ], [ -86.850905, 35.787632 ], [ -86.851063, 35.787648 ], [ -86.851472, 35.787689 ], [ -86.851662, 35.787708 ], [ -86.851835, 35.787727 ], [ -86.852357, 35.787784 ], [ -86.852531, 35.787804 ], [ -86.854195, 35.787985 ], [ -86.854208, 35.787988 ], [ -86.854332, 35.788025 ], [ -86.854424, 35.788065 ], [ -86.854519, 35.78814 ], [ -86.854608, 35.78824 ], [ -86.854694, 35.788397 ], [ -86.854857, 35.788776 ], [ -86.854941, 35.788887 ], [ -86.855056, 35.788987 ], [ -86.855155, 35.789041 ], [ -86.855336, 35.789099 ], [ -86.855698, 35.78914 ], [ -86.857028, 35.789257 ], [ -86.858711, 35.789429 ], [ -86.860391, 35.789602 ], [ -86.860512, 35.789616 ], [ -86.860819, 35.789653 ], [ -86.860878, 35.789658 ], [ -86.861, 35.789673 ], [ -86.861109, 35.789687 ], [ -86.861282, 35.789708 ] ] ] } }
]
}
