from_year,source_vintage,county_norm,from_precinct_norm,src_vtdst,dst_vtd20,weight,match_method,confidence_tier,match_score
2002,2000,ANDERSON,CLINCH VALLEY,0092,000022,0.99934833,tail_fuzzy_name,low,0.75
2002,2000,ANDERSON,CLINCH VALLEY,0092,000027,0.00064279,tail_fuzzy_name,low,0.75
2002,2000,ANDERSON,CLINCH VALLEY,0092,000014,8.88e-06,tail_fuzzy_name,low,0.75
2002,2000,ANDERSON,CLINCH VALLEY,0092,000012,0.0,tail_fuzzy_name,low,0.75
2002,2000,ANDERSON,CLINCH VALLEY,0092,000017,0.0,tail_fuzzy_name,low,0.75
2002,2000,ANDERSON,CLINCH VALLEY,0092,000009,0.0,tail_fuzzy_name,low,0.75
2002,2000,ANDERSON,CLINCH VALLEY,0092,000023,0.0,tail_fuzzy_name,low,0.75
2002,2000,ANDERSON,CLINCH VALLEY,0092,000021,0.0,tail_fuzzy_name,low,0.75
2002,2000,ANDERSON,CLINCH VALLEY,0092,000026,0.0,tail_fuzzy_name,low,0.75
2002,2000,ANDERSON,CLINCH VALLEY,0092,000020,0.0,tail_fuzzy_name,low,0.75
2002,2000,ANDERSON,CLINCH VALLEY,0092,000003,0.0,tail_fuzzy_name,low,0.75
2002,2000,ANDERSON,CLINCH VALLEY,0092,000013,0.0,tail_fuzzy_name,low,0.75
2002,2000,ANDERSON,CLINCH VALLEY,0092,000008,0.0,tail_fuzzy_name,low,0.75
2002,2000,ANDERSON,LAKE CITY MIDDLE SCH,0036,000007,0.72253225,tail_fuzzy_name,low,0.769231
2002,2000,ANDERSON,LAKE CITY MIDDLE SCH,0036,000006,0.24176569,tail_fuzzy_name,low,0.769231
2002,2000,ANDERSON,LAKE CITY MIDDLE SCH,0036,000009,0.02761319,tail_fuzzy_name,low,0.769231
2002,2000,ANDERSON,LAKE CITY MIDDLE SCH,0036,000005,0.0044714,tail_fuzzy_name,low,0.769231
2002,2000,ANDERSON,LAKE CITY MIDDLE SCH,0036,000019,0.00361746,tail_fuzzy_name,low,0.769231
2002,2000,ANDERSON,LAKE CITY MIDDLE SCH,0036,000008,0.0,tail_fuzzy_name,low,0.769231
2002,2000,ANDERSON,LAKE CITY MIDDLE SCH,0036,000016,0.0,tail_fuzzy_name,low,0.769231
2002,2000,ANDERSON,LAKE CITY MIDDLE SCH,0036,000011,0.0,tail_fuzzy_name,low,0.769231
2002,2000,ANDERSON,LAKE CITY MIDDLE SCH,0036,000012,0.0,tail_fuzzy_name,low,0.769231
2002,2000,ANDERSON,LAKE CITY MIDDLE SCH,0036,000003,0.0,tail_fuzzy_name,low,0.769231
2002,2000,ANDERSON,LAKE CITY MIDDLE SCH,0036,000015,0.0,tail_fuzzy_name,low,0.769231
2002,2000,ANDERSON,LAKE CITY MIDDLE SCH,0036,000004,0.0,tail_fuzzy_name,low,0.769231
2002,2000,ANDERSON,LAKE CITY MIDDLE SCH,0036,000017,0.0,tail_fuzzy_name,low,0.769231
2002,2000,ANDERSON,LAKE CITY MIDDLE SCH,0036,000018,0.0,tail_fuzzy_name,low,0.769231
2002,2000,ANDERSON,LAKE CITY MIDDLE SCH,0036,000025,0.0,tail_fuzzy_name,low,0.769231
2002,2000,ANDERSON,LAKE CITY MIDDLE SCH,0036,000002,0.0,tail_fuzzy_name,low,0.769231
2002,2000,ANDERSON,LAKE CITY MIDDLE SCH,0036,000020,0.0,tail_fuzzy_name,low,0.769231
2002,2000,ANDERSON,LAKE CITY MIDDLE SCH,0036,000001,0.0,tail_fuzzy_name,low,0.769231
2002,2000,BLOUNT,ALCOA MIDDLE SCHOOL,0380,000411,0.99920346,tail_fuzzy_name,low,0.774194
2002,2000,BLOUNT,ALCOA MIDDLE SCHOOL,0380,000408,0.00059563,tail_fuzzy_name,low,0.774194
2002,2000,BLOUNT,ALCOA MIDDLE SCHOOL,0380,000413,0.0001316,tail_fuzzy_name,low,0.774194
2002,2000,BLOUNT,ALCOA MIDDLE SCHOOL,0380,000406,4.743e-05,tail_fuzzy_name,low,0.774194
2002,2000,BLOUNT,ALCOA MIDDLE SCHOOL,0380,000432,2.138e-05,tail_fuzzy_name,low,0.774194
2002,2000,BLOUNT,ALCOA MIDDLE SCHOOL,0380,000409,4.9e-07,tail_fuzzy_name,low,0.774194
2002,2000,BLOUNT,ALCOA MIDDLE SCHOOL,0380,000407,1e-08,tail_fuzzy_name,low,0.774194
2002,2000,BLOUNT,ALCOA MIDDLE SCHOOL,0380,000412,0.0,tail_fuzzy_name,low,0.774194
2002,2000,BLOUNT,ALCOA MIDDLE SCHOOL,0380,000414,0.0,tail_fuzzy_name,low,0.774194
2002,2000,BLOUNT,ALCOA MIDDLE SCHOOL,0380,000431,0.0,tail_fuzzy_name,low,0.774194
2002,2000,BLOUNT,ALCOA MIDDLE SCHOOL,0380,000427,0.0,tail_fuzzy_name,low,0.774194
2002,2000,BLOUNT,ALCOA MIDDLE SCHOOL,0380,000417,0.0,tail_fuzzy_name,low,0.774194
2002,2000,BLOUNT,ALCOA MIDDLE SCHOOL,0380,000410,0.0,tail_fuzzy_name,low,0.774194
2002,2000,BLOUNT,ALCOA MIDDLE SCHOOL,0380,000430,0.0,tail_fuzzy_name,low,0.774194
2002,2000,BLOUNT,ALCOA MIDDLE SCHOOL,0380,000404,0.0,tail_fuzzy_name,low,0.774194
2002,2000,BLOUNT,ALCOA MIDDLE SCHOOL,0380,000420,0.0,tail_fuzzy_name,low,0.774194
2002,2000,BLOUNT,ALCOA MIDDLE SCHOOL,0380,000403,0.0,tail_fuzzy_name,low,0.774194
2002,2000,BLOUNT,ALCOA MIDDLE SCHOOL,0380,000421,0.0,tail_fuzzy_name,low,0.774194
2002,2000,BLOUNT,MARYVILLE HS,0452,000420,0.96342114,tail_fuzzy_name,low,0.846154
2002,2000,BLOUNT,MARYVILLE HS,0452,000433,0.03491547,tail_fuzzy_name,low,0.846154
2002,2000,BLOUNT,MARYVILLE HS,0452,000427,0.00136191,tail_fuzzy_name,low,0.846154
2002,2000,BLOUNT,MARYVILLE HS,0452,000414,0.00029212,tail_fuzzy_name,low,0.846154
2002,2000,BLOUNT,MARYVILLE HS,0452,000417,5.72e-06,tail_fuzzy_name,low,0.846154
2002,2000,BLOUNT,MARYVILLE HS,0452,000412,3.64e-06,tail_fuzzy_name,low,0.846154
2002,2000,BLOUNT,MARYVILLE HS,0452,000411,0.0,tail_fuzzy_name,low,0.846154
2002,2000,BLOUNT,MARYVILLE HS,0452,000404,0.0,tail_fuzzy_name,low,0.846154
2002,2000,BLOUNT,MARYVILLE HS,0452,000432,0.0,tail_fuzzy_name,low,0.846154
2002,2000,BLOUNT,MARYVILLE HS,0452,000436,0.0,tail_fuzzy_name,low,0.846154
2002,2000,BLOUNT,MARYVILLE HS,0452,000419,0.0,tail_fuzzy_name,low,0.846154
2002,2000,BLOUNT,MARYVILLE HS,0452,000434,0.0,tail_fuzzy_name,low,0.846154
2002,2000,BLOUNT,MARYVILLE HS,0452,000403,0.0,tail_fuzzy_name,low,0.846154
2002,2000,BLOUNT,MARYVILLE HS,0452,000413,0.0,tail_fuzzy_name,low,0.846154
2002,2000,BLOUNT,MARYVILLE HS,0452,000425,0.0,tail_fuzzy_name,low,0.846154
2002,2000,BLOUNT,MARYVILLE HS,0452,000426,0.0,tail_fuzzy_name,low,0.846154
2002,2000,BLOUNT,MARYVILLE MID SCHOOL,0456,000404,0.9999957,tail_fuzzy_name,low,0.820513
2002,2000,BLOUNT,MARYVILLE MID SCHOOL,0456,000427,4.3e-06,tail_fuzzy_name,low,0.820513
2002,2000,BLOUNT,MARYVILLE MID SCHOOL,0456,000420,0.0,tail_fuzzy_name,low,0.820513
2002,2000,BLOUNT,MARYVILLE MID SCHOOL,0456,000432,0.0,tail_fuzzy_name,low,0.820513
2002,2000,BLOUNT,MARYVILLE MID SCHOOL,0456,000433,0.0,tail_fuzzy_name,low,0.820513
2002,2000,BLOUNT,MARYVILLE MID SCHOOL,0456,000411,0.0,tail_fuzzy_name,low,0.820513
2002,2000,BLOUNT,MARYVILLE MID SCHOOL,0456,000414,0.0,tail_fuzzy_name,low,0.820513
2002,2000,BLOUNT,MARYVILLE MID SCHOOL,0456,000403,0.0,tail_fuzzy_name,low,0.820513
2002,2000,BLOUNT,MARYVILLE MID SCHOOL,0456,000434,0.0,tail_fuzzy_name,low,0.820513
2002,2000,BLOUNT,MARYVILLE MID SCHOOL,0456,000413,0.0,tail_fuzzy_name,low,0.820513
2002,2000,BLOUNT,MARYVILLE MID SCHOOL,0456,000425,0.0,tail_fuzzy_name,low,0.820513
2002,2000,BLOUNT,MARYVILLE MID SCHOOL,0456,000426,0.0,tail_fuzzy_name,low,0.820513
2002,2000,BLOUNT,MARYVILLE MID SCHOOL,0456,000417,0.0,tail_fuzzy_name,low,0.820513
2002,2000,BLOUNT,MARYVILLE MID SCHOOL,0456,000412,0.0,tail_fuzzy_name,low,0.820513
2002,2000,BLOUNT,MARYVILLE MUNI CITY,0460,000414,0.93495443,tail_fuzzy_name,low,0.848485
2002,2000,BLOUNT,MARYVILLE MUNI CITY,0460,000412,0.04659302,tail_fuzzy_name,low,0.848485
2002,2000,BLOUNT,MARYVILLE MUNI CITY,0460,000417,0.01830439,tail_fuzzy_name,low,0.848485
2002,2000,BLOUNT,MARYVILLE MUNI CITY,0460,000408,0.00013515,tail_fuzzy_name,low,0.848485
2002,2000,BLOUNT,MARYVILLE MUNI CITY,0460,000406,1.075e-05,tail_fuzzy_name,low,0.848485
2002,2000,BLOUNT,MARYVILLE MUNI CITY,0460,000411,1.93e-06,tail_fuzzy_name,low,0.848485
2002,2000,BLOUNT,MARYVILLE MUNI CITY,0460,000407,2.1e-07,tail_fuzzy_name,low,0.848485
2002,2000,BLOUNT,MARYVILLE MUNI CITY,0460,000409,1.1e-07,tail_fuzzy_name,low,0.848485
2002,2000,BLOUNT,MARYVILLE MUNI CITY,0460,000420,0.0,tail_fuzzy_name,low,0.848485
2002,2000,BLOUNT,MARYVILLE MUNI CITY,0460,000436,0.0,tail_fuzzy_name,low,0.848485
2002,2000,BLOUNT,MARYVILLE MUNI CITY,0460,000432,0.0,tail_fuzzy_name,low,0.848485
2002,2000,BLOUNT,MARYVILLE MUNI CITY,0460,000433,0.0,tail_fuzzy_name,low,0.848485
2002,2000,BLOUNT,MARYVILLE MUNI CITY,0460,000421,0.0,tail_fuzzy_name,low,0.848485
2002,2000,BLOUNT,MARYVILLE MUNI CITY,0460,000427,0.0,tail_fuzzy_name,low,0.848485
2002,2000,BLOUNT,MARYVILLE MUNI CITY,0460,000419,0.0,tail_fuzzy_name,low,0.848485
2002,2000,BLOUNT,MARYVILLE MUNI CITY,0460,000416,0.0,tail_fuzzy_name,low,0.848485
2002,2000,BLOUNT,MARYVILLE MUNI CITY,0460,000413,0.0,tail_fuzzy_name,low,0.848485
2002,2000,BLOUNT,MARYVILLE MUNI CITY,0460,000410,0.0,tail_fuzzy_name,low,0.848485
2002,2000,BLOUNT,MARYVILLE MUNI CITY,0460,000404,0.0,tail_fuzzy_name,low,0.848485
2002,2000,BLOUNT,MARYVILLE MUNI CITY,0460,000415,0.0,tail_fuzzy_name,low,0.848485
2002,2000,BLOUNT,MARYVILLE MUNI CITY,0460,000403,0.0,tail_fuzzy_name,low,0.848485
2002,2000,BLOUNT,MARYVILLE MUNI CITY,0460,000431,0.0,tail_fuzzy_name,low,0.848485
2002,2000,BLOUNT,WILLIAM BLOUNT CNTY,0520,000436,0.4954217,tail_fuzzy_name,low,0.848485
2002,2000,BLOUNT,WILLIAM BLOUNT CNTY,0520,000417,0.38657686,tail_fuzzy_name,low,0.848485
2002,2000,BLOUNT,WILLIAM BLOUNT CNTY,0520,000414,0.06694992,tail_fuzzy_name,low,0.848485
2002,2000,BLOUNT,WILLIAM BLOUNT CNTY,0520,000420,0.04447924,tail_fuzzy_name,low,0.848485
2002,2000,BLOUNT,WILLIAM BLOUNT CNTY,0520,000419,0.00201225,tail_fuzzy_name,low,0.848485
2002,2000,BLOUNT,WILLIAM BLOUNT CNTY,0520,000433,0.00198366,tail_fuzzy_name,low,0.848485
2002,2000,BLOUNT,WILLIAM BLOUNT CNTY,0520,000416,0.00164261,tail_fuzzy_name,low,0.848485
2002,2000,BLOUNT,WILLIAM BLOUNT CNTY,0520,000421,0.00091292,tail_fuzzy_name,low,0.848485
2002,2000,BLOUNT,WILLIAM BLOUNT CNTY,0520,000412,2.084e-05,tail_fuzzy_name,low,0.848485
2002,2000,BLOUNT,WILLIAM BLOUNT CNTY,0520,000411,0.0,tail_fuzzy_name,low,0.848485
2002,2000,BLOUNT,WILLIAM BLOUNT CNTY,0520,000415,0.0,tail_fuzzy_name,low,0.848485
2002,2000,BLOUNT,WILLIAM BLOUNT CNTY,0520,000432,0.0,tail_fuzzy_name,low,0.848485
2002,2000,BLOUNT,WILLIAM BLOUNT CNTY,0520,000423,0.0,tail_fuzzy_name,low,0.848485
2002,2000,BLOUNT,WILLIAM BLOUNT CNTY,0520,000434,0.0,tail_fuzzy_name,low,0.848485
2002,2000,BLOUNT,WILLIAM BLOUNT CNTY,0520,000418,0.0,tail_fuzzy_name,low,0.848485
2002,2000,BLOUNT,WILLIAM BLOUNT CNTY,0520,000407,0.0,tail_fuzzy_name,low,0.848485
2002,2000,BLOUNT,WILLIAM BLOUNT CNTY,0520,000408,0.0,tail_fuzzy_name,low,0.848485
2002,2000,COCKE,NEWPORT GRAMMAR S,1292,001406,0.99982707,tail_fuzzy_name,low,0.871795
2002,2000,COCKE,NEWPORT GRAMMAR S,1292,001402,0.00017293,tail_fuzzy_name,low,0.871795
2002,2000,COCKE,NEWPORT GRAMMAR S,1292,001416,0.0,tail_fuzzy_name,low,0.871795
2002,2000,COCKE,NEWPORT GRAMMAR S,1292,001415,0.0,tail_fuzzy_name,low,0.871795
2002,2000,COCKE,NEWPORT GRAMMAR S,1292,001409,0.0,tail_fuzzy_name,low,0.871795
2002,2000,COCKE,NEWPORT GRAMMAR S,1292,001411,0.0,tail_fuzzy_name,low,0.871795
2002,2000,COCKE,NEWPORT GRAMMAR S,1292,001407,0.0,tail_fuzzy_name,low,0.871795
2002,2000,COCKE,NEWPORT GRAMMAR S,1292,001408,0.0,tail_fuzzy_name,low,0.871795
2002,2000,COCKE,NEWPORT GRAMMAR S,1292,001412,0.0,tail_fuzzy_name,low,0.871795
2002,2000,COCKE,NEWPORT GRAMMAR S,1292,001413,0.0,tail_fuzzy_name,low,0.871795
2002,2000,COCKE,NEWPORT GRAMMAR S,1292,001410,0.0,tail_fuzzy_name,low,0.871795
2002,2000,COCKE,NEWPORT GRAMMAR S,1292,001417,0.0,tail_fuzzy_name,low,0.871795
2002,2000,COCKE,NEWPORT GRAMMAR S,1292,001405,0.0,tail_fuzzy_name,low,0.871795
2002,2000,FRANKLIN,6 2 CAPITOL HILL,2676,002663,0.95318871,tail_fuzzy_name,low,0.916667
2002,2000,FRANKLIN,6 2 CAPITOL HILL,2676,002668,0.04681013,tail_fuzzy_name,low,0.916667
2002,2000,FRANKLIN,6 2 CAPITOL HILL,2676,002652,1.16e-06,tail_fuzzy_name,low,0.916667
2002,2000,FRANKLIN,6 2 CAPITOL HILL,2676,002664,0.0,tail_fuzzy_name,low,0.916667
2002,2000,FRANKLIN,6 2 CAPITOL HILL,2676,002662,0.0,tail_fuzzy_name,low,0.916667
2002,2000,FRANKLIN,6 2 CAPITOL HILL,2676,002667,0.0,tail_fuzzy_name,low,0.916667
2002,2000,FRANKLIN,6 2 CAPITOL HILL,2676,002666,0.0,tail_fuzzy_name,low,0.916667
2002,2000,FRANKLIN,6 2 CAPITOL HILL,2676,002660,0.0,tail_fuzzy_name,low,0.916667
2002,2000,FRANKLIN,6 2 CAPITOL HILL,2676,002657,0.0,tail_fuzzy_name,low,0.916667
2002,2000,FRANKLIN,7 2 WINCHESTER SPGS,2728,002666,0.59914271,tail_fuzzy_name,low,0.777778
2002,2000,FRANKLIN,7 2 WINCHESTER SPGS,2728,002653,0.27982839,tail_fuzzy_name,low,0.777778
2002,2000,FRANKLIN,7 2 WINCHESTER SPGS,2728,002668,0.09812882,tail_fuzzy_name,low,0.777778
2002,2000,FRANKLIN,7 2 WINCHESTER SPGS,2728,002665,0.00849686,tail_fuzzy_name,low,0.777778
2002,2000,FRANKLIN,7 2 WINCHESTER SPGS,2728,002652,0.00729225,tail_fuzzy_name,low,0.777778
2002,2000,FRANKLIN,7 2 WINCHESTER SPGS,2728,002663,0.00644591,tail_fuzzy_name,low,0.777778
2002,2000,FRANKLIN,7 2 WINCHESTER SPGS,2728,002664,0.00040421,tail_fuzzy_name,low,0.777778
2002,2000,FRANKLIN,7 2 WINCHESTER SPGS,2728,002651,0.00026086,tail_fuzzy_name,low,0.777778
2002,2000,FRANKLIN,7 2 WINCHESTER SPGS,2728,002654,0.0,tail_fuzzy_name,low,0.777778
2002,2000,FRANKLIN,7 2 WINCHESTER SPGS,2728,002656,0.0,tail_fuzzy_name,low,0.777778
2002,2000,FRANKLIN,7 2 WINCHESTER SPGS,2728,002655,0.0,tail_fuzzy_name,low,0.777778
2002,2000,FRANKLIN,7 2 WINCHESTER SPGS,2728,002667,0.0,tail_fuzzy_name,low,0.777778
2002,2000,FRANKLIN,7 2 WINCHESTER SPGS,2728,002658,0.0,tail_fuzzy_name,low,0.777778
2002,2000,FRANKLIN,7 2 WINCHESTER SPGS,2728,002657,0.0,tail_fuzzy_name,low,0.777778
2002,2000,HAMILTON,108 FAIRMOUNT 2,3548,003401,0.92068928,tail_fuzzy_name,low,0.9
2002,2000,HAMILTON,108 FAIRMOUNT 2,3548,003456,0.04294879,tail_fuzzy_name,low,0.9
2002,2000,HAMILTON,108 FAIRMOUNT 2,3548,003471,0.03171062,tail_fuzzy_name,low,0.9
2002,2000,HAMILTON,108 FAIRMOUNT 2,3548,003429,0.00416046,tail_fuzzy_name,low,0.9
2002,2000,HAMILTON,108 FAIRMOUNT 2,3548,003472,0.00049085,tail_fuzzy_name,low,0.9
2002,2000,HAMILTON,108 FAIRMOUNT 2,3548,003431,0.0,tail_fuzzy_name,low,0.9
2002,2000,HAMILTON,108 FAIRMOUNT 2,3548,003402,0.0,tail_fuzzy_name,low,0.9
2002,2000,HAMILTON,108 FAIRMOUNT 2,3548,003421,0.0,tail_fuzzy_name,low,0.9
2002,2000,HAMILTON,108 FAIRMOUNT 2,3548,003457,0.0,tail_fuzzy_name,low,0.9
2002,2000,HAMILTON,108 FAIRMOUNT 2,3548,007851,0.0,tail_fuzzy_name,low,0.9
2002,2000,HAMILTON,108 FAIRMOUNT 2,3548,003428,0.0,tail_fuzzy_name,low,0.9
2002,2000,HAMILTON,108 FAIRMOUNT 2,3548,003403,0.0,tail_fuzzy_name,low,0.9
2002,2000,HAMILTON,108 FAIRMOUNT 2,3548,003461,0.0,tail_fuzzy_name,low,0.9
2002,2000,HAMILTON,108 FAIRMOUNT 2,3548,003460,0.0,tail_fuzzy_name,low,0.9
2002,2000,HAMILTON,108 FAIRMOUNT 2,3548,007853,0.0,tail_fuzzy_name,low,0.9
2002,2000,HAMILTON,108 FAIRMOUNT 2,3548,007852,0.0,tail_fuzzy_name,low,0.9
2002,2000,HAMILTON,108 FAIRMOUNT 2,3548,003439,0.0,tail_fuzzy_name,low,0.9
2002,2000,HAMILTON,108 FAIRMOUNT 2,3548,003462,0.0,tail_fuzzy_name,low,0.9
2002,2000,HAMILTON,108 FAIRMOUNT 2,3548,003424,0.0,tail_fuzzy_name,low,0.9
2002,2000,HAMILTON,108 FAIRMOUNT 2,3548,003446,0.0,tail_fuzzy_name,low,0.9
2002,2000,HAMILTON,108 FAIRMOUNT 2,3548,003425,0.0,tail_fuzzy_name,low,0.9
2002,2000,HAMILTON,108 FAIRMOUNT 2,3548,003382,0.0,tail_fuzzy_name,low,0.9
2002,2000,HAMILTON,109 FALLING WATER 2,3552,003402,0.59417726,tail_fuzzy_name,low,0.928571
2002,2000,HAMILTON,109 FALLING WATER 2,3552,003461,0.17300772,tail_fuzzy_name,low,0.928571
2002,2000,HAMILTON,109 FALLING WATER 2,3552,003471,0.11611313,tail_fuzzy_name,low,0.928571
2002,2000,HAMILTON,109 FALLING WATER 2,3552,003439,0.11585809,tail_fuzzy_name,low,0.928571
2002,2000,HAMILTON,109 FALLING WATER 2,3552,003460,0.00040418,tail_fuzzy_name,low,0.928571
2002,2000,HAMILTON,109 FALLING WATER 2,3552,003446,0.00032332,tail_fuzzy_name,low,0.928571
2002,2000,HAMILTON,109 FALLING WATER 2,3552,003428,0.00011629,tail_fuzzy_name,low,0.928571
2002,2000,HAMILTON,109 FALLING WATER 2,3552,003401,0.0,tail_fuzzy_name,low,0.928571
2002,2000,HAMILTON,109 FALLING WATER 2,3552,003447,0.0,tail_fuzzy_name,low,0.928571
2002,2000,HAMILTON,109 FALLING WATER 2,3552,003438,0.0,tail_fuzzy_name,low,0.928571
2002,2000,HAMILTON,109 FALLING WATER 2,3552,003472,0.0,tail_fuzzy_name,low,0.928571
2002,2000,HAMILTON,109 FALLING WATER 2,3552,003411,0.0,tail_fuzzy_name,low,0.928571
2002,2000,HAMILTON,109 FALLING WATER 2,3552,003412,0.0,tail_fuzzy_name,low,0.928571
2002,2000,HAMILTON,109 FALLING WATER 2,3552,003462,0.0,tail_fuzzy_name,low,0.928571
2002,2000,HAMILTON,109 FALLING WATER 2,3552,003456,0.0,tail_fuzzy_name,low,0.928571
2002,2000,HAMILTON,109 FALLING WATER 2,3552,003431,0.0,tail_fuzzy_name,low,0.928571
2002,2000,HAMILTON,109 FALLING WATER 2,3552,003429,0.0,tail_fuzzy_name,low,0.928571
2002,2000,HAMILTON,109 FALLING WATER 2,3552,003424,0.0,tail_fuzzy_name,low,0.928571
2002,2000,HAMILTON,109 FALLING WATER 2,3552,003450,0.0,tail_fuzzy_name,low,0.928571
2002,2000,HAMILTON,109 FALLING WATER 2,3552,003425,0.0,tail_fuzzy_name,low,0.928571
2002,2000,HAMILTON,109 FALLING WATER 2,3552,003382,0.0,tail_fuzzy_name,low,0.928571
2002,2000,HAMILTON,109 FALLING WATER 2,3552,003457,0.0,tail_fuzzy_name,low,0.928571
2002,2000,HAMILTON,109 FALLING WATER 2,3552,003421,0.0,tail_fuzzy_name,low,0.928571
2002,2000,HAMILTON,109 FALLING WATER 2,3552,003403,0.0,tail_fuzzy_name,low,0.928571
2002,2000,HAMILTON,109 FALLING WATER 2,3552,003436,0.0,tail_fuzzy_name,low,0.928571
2002,2000,HAMILTON,109 FALLING WATER 2,3552,003437,0.0,tail_fuzzy_name,low,0.928571
2002,2000,HAMILTON,109 FALLING WATER 2,3552,003386,0.0,tail_fuzzy_name,low,0.928571
2002,2000,HAMILTON,109 FALLING WATER 2,3552,003413,0.0,tail_fuzzy_name,low,0.928571
2002,2000,HAMILTON,109 FALLING WATER 2,3552,003359,0.0,tail_fuzzy_name,low,0.928571
2002,2000,HAMILTON,110 VALDEAU 2,3620,003471,0.91968446,tail_fuzzy_name,low,0.875
2002,2000,HAMILTON,110 VALDEAU 2,3620,003428,0.03760535,tail_fuzzy_name,low,0.875
2002,2000,HAMILTON,110 VALDEAU 2,3620,003429,0.02318745,tail_fuzzy_name,low,0.875
2002,2000,HAMILTON,110 VALDEAU 2,3620,003430,0.01654285,tail_fuzzy_name,low,0.875
2002,2000,HAMILTON,110 VALDEAU 2,3620,003472,0.00146428,tail_fuzzy_name,low,0.875
2002,2000,HAMILTON,110 VALDEAU 2,3620,003456,0.00118337,tail_fuzzy_name,low,0.875
2002,2000,HAMILTON,110 VALDEAU 2,3620,003450,0.00033113,tail_fuzzy_name,low,0.875
2002,2000,HAMILTON,110 VALDEAU 2,3620,003401,1.11e-06,tail_fuzzy_name,low,0.875
2002,2000,HAMILTON,110 VALDEAU 2,3620,003402,0.0,tail_fuzzy_name,low,0.875
2002,2000,HAMILTON,110 VALDEAU 2,3620,003457,0.0,tail_fuzzy_name,low,0.875
2002,2000,HAMILTON,110 VALDEAU 2,3620,003421,0.0,tail_fuzzy_name,low,0.875
2002,2000,HAMILTON,110 VALDEAU 2,3620,003420,0.0,tail_fuzzy_name,low,0.875
2002,2000,HAMILTON,110 VALDEAU 2,3620,003427,0.0,tail_fuzzy_name,low,0.875
2002,2000,HAMILTON,110 VALDEAU 2,3620,003448,0.0,tail_fuzzy_name,low,0.875
2002,2000,HAMILTON,110 VALDEAU 2,3620,003439,0.0,tail_fuzzy_name,low,0.875
2002,2000,HAMILTON,110 VALDEAU 2,3620,003438,0.0,tail_fuzzy_name,low,0.875
2002,2000,HAMILTON,110 VALDEAU 2,3620,003461,0.0,tail_fuzzy_name,low,0.875
2002,2000,HAMILTON,110 VALDEAU 2,3620,003446,0.0,tail_fuzzy_name,low,0.875
2002,2000,HAMILTON,110 VALDEAU 2,3620,003411,0.0,tail_fuzzy_name,low,0.875
2002,2000,HAMILTON,110 VALDEAU 2,3620,003431,0.0,tail_fuzzy_name,low,0.875
2002,2000,HAMILTON,110 VALDEAU 2,3620,003436,0.0,tail_fuzzy_name,low,0.875
2002,2000,HAMILTON,110 VALDEAU 2,3620,003412,0.0,tail_fuzzy_name,low,0.875
2002,2000,HAMILTON,112 AIRPORT 2,3284,003477,0.29042726,tail_fuzzy_name,low,0.875
2002,2000,HAMILTON,112 AIRPORT 2,3284,003351,0.27928367,tail_fuzzy_name,low,0.875
2002,2000,HAMILTON,112 AIRPORT 2,3284,003414,0.12841425,tail_fuzzy_name,low,0.875
2002,2000,HAMILTON,112 AIRPORT 2,3284,003416,0.12096918,tail_fuzzy_name,low,0.875
2002,2000,HAMILTON,112 AIRPORT 2,3284,003381,0.07558368,tail_fuzzy_name,low,0.875
2002,2000,HAMILTON,112 AIRPORT 2,3284,003415,0.05572546,tail_fuzzy_name,low,0.875
2002,2000,HAMILTON,112 AIRPORT 2,3284,003469,0.02679795,tail_fuzzy_name,low,0.875
2002,2000,HAMILTON,112 AIRPORT 2,3284,003390,0.01582217,tail_fuzzy_name,low,0.875
2002,2000,HAMILTON,112 AIRPORT 2,3284,003417,0.00541138,tail_fuzzy_name,low,0.875
2002,2000,HAMILTON,112 AIRPORT 2,3284,003405,0.00148841,tail_fuzzy_name,low,0.875
2002,2000,HAMILTON,112 AIRPORT 2,3284,003364,7.442e-05,tail_fuzzy_name,low,0.875
2002,2000,HAMILTON,112 AIRPORT 2,3284,003372,2.17e-06,tail_fuzzy_name,low,0.875
2002,2000,HAMILTON,112 AIRPORT 2,3284,003476,0.0,tail_fuzzy_name,low,0.875
2002,2000,HAMILTON,112 AIRPORT 2,3284,003354,0.0,tail_fuzzy_name,low,0.875
2002,2000,HAMILTON,112 AIRPORT 2,3284,003470,0.0,tail_fuzzy_name,low,0.875
2002,2000,HAMILTON,112 AIRPORT 2,3284,003374,0.0,tail_fuzzy_name,low,0.875
2002,2000,HAMILTON,112 AIRPORT 2,3284,003396,0.0,tail_fuzzy_name,low,0.875
2002,2000,HAMILTON,112 AIRPORT 2,3284,003389,0.0,tail_fuzzy_name,low,0.875
2002,2000,HAMILTON,112 AIRPORT 2,3284,003377,0.0,tail_fuzzy_name,low,0.875
2002,2000,HAMILTON,112 AIRPORT 2,3284,003398,0.0,tail_fuzzy_name,low,0.875
2002,2000,HAMILTON,112 AIRPORT 2,3284,003363,0.0,tail_fuzzy_name,low,0.875
2002,2000,HAMILTON,112 AIRPORT 2,3284,003378,0.0,tail_fuzzy_name,low,0.875
2002,2000,HAMILTON,112 AIRPORT 2,3284,003432,0.0,tail_fuzzy_name,low,0.875
2002,2000,HAMILTON,112 AIRPORT 2,3284,003362,0.0,tail_fuzzy_name,low,0.875
2002,2000,HAMILTON,112 AIRPORT 2,3284,003397,0.0,tail_fuzzy_name,low,0.875
2002,2000,HAMILTON,112 AIRPORT 2,3284,003466,0.0,tail_fuzzy_name,low,0.875
2002,2000,HAMILTON,112 AIRPORT 2,3284,003358,0.0,tail_fuzzy_name,low,0.875
2002,2000,HAMILTON,112 AIRPORT 2,3284,003441,0.0,tail_fuzzy_name,low,0.875
2002,2000,HAMILTON,112 AIRPORT 2,3284,003365,0.0,tail_fuzzy_name,low,0.875
2002,2000,HAMILTON,112 AIRPORT 2,3284,003452,0.0,tail_fuzzy_name,low,0.875
2002,2000,HAMILTON,112 AIRPORT 2,3284,003451,0.0,tail_fuzzy_name,low,0.875
2002,2000,HAMILTON,112 AIRPORT 2,3284,003426,0.0,tail_fuzzy_name,low,0.875
2002,2000,HAMILTON,112 AIRPORT 2,3284,003392,0.0,tail_fuzzy_name,low,0.875
2002,2000,HAMILTON,112 AIRPORT 2,3284,003395,0.0,tail_fuzzy_name,low,0.875
2002,2000,HAMILTON,112 AIRPORT 2,3284,003393,0.0,tail_fuzzy_name,low,0.875
2002,2000,HAMILTON,112 AIRPORT 2,3284,003453,0.0,tail_fuzzy_name,low,0.875
2002,2000,HAMILTON,114 STUART HEIGHTS 2,3456,003465,0.98597542,tail_fuzzy_name,low,0.933333
2002,2000,HAMILTON,114 STUART HEIGHTS 2,3456,003422,0.01374459,tail_fuzzy_name,low,0.933333
2002,2000,HAMILTON,114 STUART HEIGHTS 2,3456,003450,0.00014905,tail_fuzzy_name,low,0.933333
2002,2000,HAMILTON,114 STUART HEIGHTS 2,3456,003449,0.00012302,tail_fuzzy_name,low,0.933333
2002,2000,HAMILTON,114 STUART HEIGHTS 2,3456,003448,7.66e-06,tail_fuzzy_name,low,0.933333
2002,2000,HAMILTON,114 STUART HEIGHTS 2,3456,003427,2.5e-07,tail_fuzzy_name,low,0.933333
2002,2000,HAMILTON,114 STUART HEIGHTS 2,3456,003454,0.0,tail_fuzzy_name,low,0.933333
2002,2000,HAMILTON,114 STUART HEIGHTS 2,3456,003354,0.0,tail_fuzzy_name,low,0.933333
2002,2000,HAMILTON,114 STUART HEIGHTS 2,3456,003358,0.0,tail_fuzzy_name,low,0.933333
2002,2000,HAMILTON,114 STUART HEIGHTS 2,3456,003435,0.0,tail_fuzzy_name,low,0.933333
2002,2000,HAMILTON,114 STUART HEIGHTS 2,3456,003386,0.0,tail_fuzzy_name,low,0.933333
2002,2000,HAMILTON,114 STUART HEIGHTS 2,3456,003437,0.0,tail_fuzzy_name,low,0.933333
2002,2000,HAMILTON,114 STUART HEIGHTS 2,3456,003428,0.0,tail_fuzzy_name,low,0.933333
2002,2000,HAMILTON,114 STUART HEIGHTS 2,3456,003430,0.0,tail_fuzzy_name,low,0.933333
2002,2000,HAMILTON,114 STUART HEIGHTS 2,3456,003434,0.0,tail_fuzzy_name,low,0.933333
2002,2000,HAMILTON,114 STUART HEIGHTS 2,3456,003415,0.0,tail_fuzzy_name,low,0.933333
2002,2000,HAMILTON,114 STUART HEIGHTS 2,3456,003379,0.0,tail_fuzzy_name,low,0.933333
2002,2000,HAMILTON,114 STUART HEIGHTS 2,3456,003389,0.0,tail_fuzzy_name,low,0.933333
2002,2000,HAMILTON,114 STUART HEIGHTS 2,3456,003365,0.0,tail_fuzzy_name,low,0.933333
2002,2000,HAMILTON,114 STUART HEIGHTS 2,3456,003432,0.0,tail_fuzzy_name,low,0.933333
2002,2000,HAMILTON,118 APISON 2,3480,003355,0.93967575,tail_fuzzy_name,low,0.857143
2002,2000,HAMILTON,118 APISON 2,3480,003445,0.04853302,tail_fuzzy_name,low,0.857143
2002,2000,HAMILTON,118 APISON 2,3480,003368,0.00544687,tail_fuzzy_name,low,0.857143
2002,2000,HAMILTON,118 APISON 2,3480,003367,0.003412,tail_fuzzy_name,low,0.857143
2002,2000,HAMILTON,118 APISON 2,3480,003370,0.00263312,tail_fuzzy_name,low,0.857143
2002,2000,HAMILTON,118 APISON 2,3480,003369,0.00029257,tail_fuzzy_name,low,0.857143
2002,2000,HAMILTON,118 APISON 2,3480,003443,6.67e-06,tail_fuzzy_name,low,0.857143
2002,2000,HAMILTON,118 APISON 2,3480,003356,0.0,tail_fuzzy_name,low,0.857143
2002,2000,HAMILTON,118 APISON 2,3480,003357,0.0,tail_fuzzy_name,low,0.857143
2002,2000,HAMILTON,118 APISON 2,3480,003459,0.0,tail_fuzzy_name,low,0.857143
2002,2000,HAMILTON,118 APISON 2,3480,003468,0.0,tail_fuzzy_name,low,0.857143
2002,2000,HAMILTON,118 APISON 2,3480,003440,0.0,tail_fuzzy_name,low,0.857143
2002,2000,HAMILTON,118 APISON 2,3480,003442,0.0,tail_fuzzy_name,low,0.857143
2002,2000,HAMILTON,118 APISON 2,3480,003444,0.0,tail_fuzzy_name,low,0.857143
2002,2000,HAMILTON,118 APISON 2,3480,003378,0.0,tail_fuzzy_name,low,0.857143
2002,2000,HAMILTON,118 APISON 2,3480,003473,0.0,tail_fuzzy_name,low,0.857143
2002,2000,HAMILTON,118 APISON 2,3480,003474,0.0,tail_fuzzy_name,low,0.857143
2002,2000,HAMILTON,118 APISON 2,3480,003408,0.0,tail_fuzzy_name,low,0.857143
2002,2000,HAMILTON,118 APISON 2,3480,003409,0.0,tail_fuzzy_name,low,0.857143
2002,2000,HAMILTON,118 APISON 2,3480,003361,0.0,tail_fuzzy_name,low,0.857143
2002,2000,HAMILTON,118 APISON 2,3480,003467,0.0,tail_fuzzy_name,low,0.857143
2002,2000,HAMILTON,118 APISON 2,3480,003469,0.0,tail_fuzzy_name,low,0.857143
2002,2000,HAMILTON,119 NORTHWOODS NO,3428,003438,0.89023205,tail_fuzzy_name,low,0.896552
2002,2000,HAMILTON,119 NORTHWOODS NO,3428,003439,0.09960289,tail_fuzzy_name,low,0.896552
2002,2000,HAMILTON,119 NORTHWOODS NO,3428,003428,0.00698211,tail_fuzzy_name,low,0.896552
2002,2000,HAMILTON,119 NORTHWOODS NO,3428,003471,0.00313363,tail_fuzzy_name,low,0.896552
2002,2000,HAMILTON,119 NORTHWOODS NO,3428,003446,4.933e-05,tail_fuzzy_name,low,0.896552
2002,2000,HAMILTON,119 NORTHWOODS NO,3428,003412,0.0,tail_fuzzy_name,low,0.896552
2002,2000,HAMILTON,119 NORTHWOODS NO,3428,003411,0.0,tail_fuzzy_name,low,0.896552
2002,2000,HAMILTON,119 NORTHWOODS NO,3428,003436,0.0,tail_fuzzy_name,low,0.896552
2002,2000,HAMILTON,119 NORTHWOODS NO,3428,003450,0.0,tail_fuzzy_name,low,0.896552
2002,2000,HAMILTON,119 NORTHWOODS NO,3428,003461,0.0,tail_fuzzy_name,low,0.896552
2002,2000,HAMILTON,119 NORTHWOODS NO,3428,003437,0.0,tail_fuzzy_name,low,0.896552
2002,2000,HAMILTON,119 NORTHWOODS NO,3428,003386,0.0,tail_fuzzy_name,low,0.896552
2002,2000,HAMILTON,119 NORTHWOODS NO,3428,003402,0.0,tail_fuzzy_name,low,0.896552
2002,2000,HAMILTON,119 NORTHWOODS NO,3428,003422,0.0,tail_fuzzy_name,low,0.896552
2002,2000,HAMILTON,119 NORTHWOODS NO,3428,003413,0.0,tail_fuzzy_name,low,0.896552
2002,2000,HAMILTON,119 NORTHWOODS NO,3428,003401,0.0,tail_fuzzy_name,low,0.896552
2002,2000,HAMILTON,119 NORTHWOODS NO,3428,003472,0.0,tail_fuzzy_name,low,0.896552
2002,2000,HAMILTON,119 NORTHWOODS NO,3428,003429,0.0,tail_fuzzy_name,low,0.896552
2002,2000,HAMILTON,119 NORTHWOODS NO,3428,003456,0.0,tail_fuzzy_name,low,0.896552
2002,2000,HAMILTON,119 NORTHWOODS NO,3428,003457,0.0,tail_fuzzy_name,low,0.896552
2002,2000,HAMILTON,119 NORTHWOODS NO,3428,003421,0.0,tail_fuzzy_name,low,0.896552
2002,2000,HAMILTON,121 LOOKOUT MTN 2,3568,003419,1.0,tail_fuzzy_name,low,0.758621
2002,2000,HAMILTON,121 LOOKOUT MTN 2,3568,003421,0.0,tail_fuzzy_name,low,0.758621
2002,2000,HAMILTON,121 LOOKOUT MTN 2,3568,003463,0.0,tail_fuzzy_name,low,0.758621
2002,2000,HAMILTON,121 LOOKOUT MTN 2,3568,003464,0.0,tail_fuzzy_name,low,0.758621
2002,2000,HAMILTON,121 LOOKOUT MTN 2,3568,005751,0.0,tail_fuzzy_name,low,0.758621
2002,2000,HAMILTON,121 LOOKOUT MTN 2,3568,003420,0.0,tail_fuzzy_name,low,0.758621
2002,2000,HAMILTON,121 LOOKOUT MTN 2,3568,003385,0.0,tail_fuzzy_name,low,0.758621
2002,2000,HAMILTON,121 LOOKOUT MTN 2,3568,003429,0.0,tail_fuzzy_name,low,0.758621
2002,2000,HAMILTON,121 LOOKOUT MTN 2,3568,003427,0.0,tail_fuzzy_name,low,0.758621
2002,2000,HAMILTON,121 LOOKOUT MTN 2,3568,003430,0.0,tail_fuzzy_name,low,0.758621
2002,2000,HAMILTON,122 COLLEGEDALE 2,3488,003368,0.40347231,tail_fuzzy_name,low,0.916667
2002,2000,HAMILTON,122 COLLEGEDALE 2,3488,003367,0.28653265,tail_fuzzy_name,low,0.916667
2002,2000,HAMILTON,122 COLLEGEDALE 2,3488,003370,0.22309821,tail_fuzzy_name,low,0.916667
2002,2000,HAMILTON,122 COLLEGEDALE 2,3488,003443,0.03362713,tail_fuzzy_name,low,0.916667
2002,2000,HAMILTON,122 COLLEGEDALE 2,3488,003369,0.02456907,tail_fuzzy_name,low,0.916667
2002,2000,HAMILTON,122 COLLEGEDALE 2,3488,003355,0.01397074,tail_fuzzy_name,low,0.916667
2002,2000,HAMILTON,122 COLLEGEDALE 2,3488,003459,0.01000729,tail_fuzzy_name,low,0.916667
2002,2000,HAMILTON,122 COLLEGEDALE 2,3488,003468,0.00226436,tail_fuzzy_name,low,0.916667
2002,2000,HAMILTON,122 COLLEGEDALE 2,3488,003442,0.00092505,tail_fuzzy_name,low,0.916667
2002,2000,HAMILTON,122 COLLEGEDALE 2,3488,003357,0.00083201,tail_fuzzy_name,low,0.916667
2002,2000,HAMILTON,122 COLLEGEDALE 2,3488,003445,0.00066083,tail_fuzzy_name,low,0.916667
2002,2000,HAMILTON,122 COLLEGEDALE 2,3488,003444,3.05e-05,tail_fuzzy_name,low,0.916667
2002,2000,HAMILTON,122 COLLEGEDALE 2,3488,003356,9.84e-06,tail_fuzzy_name,low,0.916667
2002,2000,HAMILTON,122 COLLEGEDALE 2,3488,003440,0.0,tail_fuzzy_name,low,0.916667
2002,2000,HAMILTON,122 COLLEGEDALE 2,3488,003441,0.0,tail_fuzzy_name,low,0.916667
2002,2000,HAMILTON,122 COLLEGEDALE 2,3488,003408,0.0,tail_fuzzy_name,low,0.916667
2002,2000,HAMILTON,122 COLLEGEDALE 2,3488,003409,0.0,tail_fuzzy_name,low,0.916667
2002,2000,HAMILTON,122 COLLEGEDALE 2,3488,003361,0.0,tail_fuzzy_name,low,0.916667
2002,2000,HAMILTON,122 COLLEGEDALE 2,3488,003467,0.0,tail_fuzzy_name,low,0.916667
2002,2000,HAMILTON,122 COLLEGEDALE 2,3488,003469,0.0,tail_fuzzy_name,low,0.916667
2002,2000,HAMILTON,122 COLLEGEDALE 2,3488,003378,0.0,tail_fuzzy_name,low,0.916667
2002,2000,HAMILTON,122 COLLEGEDALE 2,3488,003473,0.0,tail_fuzzy_name,low,0.916667
2002,2000,HAMILTON,122 COLLEGEDALE 2,3488,003474,0.0,tail_fuzzy_name,low,0.916667
2002,2000,HAMILTON,122 COLLEGEDALE 2,3488,003375,0.0,tail_fuzzy_name,low,0.916667
2002,2000,HAMILTON,122 COLLEGEDALE 2,3488,003475,0.0,tail_fuzzy_name,low,0.916667
2002,2000,HAMILTON,122 COLLEGEDALE 2,3488,003376,0.0,tail_fuzzy_name,low,0.916667
2002,2000,HAMILTON,122 COLLEGEDALE 2,3488,003372,0.0,tail_fuzzy_name,low,0.916667
2002,2000,HAMILTON,122 COLLEGEDALE 2,3488,003470,0.0,tail_fuzzy_name,low,0.916667
2002,2000,HAMILTON,122 COLLEGEDALE 2,3488,003387,0.0,tail_fuzzy_name,low,0.916667
2002,2000,HAMILTON,122 COLLEGEDALE 2,3488,003377,0.0,tail_fuzzy_name,low,0.916667
2002,2000,HAMILTON,130 TYNER 4,3465,003469,0.73988875,tail_fuzzy_name,low,0.857143
2002,2000,HAMILTON,130 TYNER 4,3465,003416,0.13815618,tail_fuzzy_name,low,0.857143
2002,2000,HAMILTON,130 TYNER 4,3465,003470,0.12195507,tail_fuzzy_name,low,0.857143
2002,2000,HAMILTON,130 TYNER 4,3465,003362,0.0,tail_fuzzy_name,low,0.857143
2002,2000,HAMILTON,130 TYNER 4,3465,003417,0.0,tail_fuzzy_name,low,0.857143
2002,2000,HAMILTON,130 TYNER 4,3465,003377,0.0,tail_fuzzy_name,low,0.857143
2002,2000,HAMILTON,130 TYNER 4,3465,003351,0.0,tail_fuzzy_name,low,0.857143
2002,2000,HAMILTON,130 TYNER 4,3465,003477,0.0,tail_fuzzy_name,low,0.857143
2002,2000,HAMILTON,130 TYNER 4,3465,003378,0.0,tail_fuzzy_name,low,0.857143
2002,2000,HAMILTON,130 TYNER 4,3465,003466,0.0,tail_fuzzy_name,low,0.857143
2002,2000,HAMILTON,130 TYNER 4,3465,003432,0.0,tail_fuzzy_name,low,0.857143
2002,2000,HAMILTON,130 TYNER 4,3465,003414,0.0,tail_fuzzy_name,low,0.857143
2002,2000,HAMILTON,130 TYNER 4,3465,003433,0.0,tail_fuzzy_name,low,0.857143
2002,2000,HAMILTON,130 TYNER 4,3465,003415,0.0,tail_fuzzy_name,low,0.857143
2002,2000,HAMILTON,130 TYNER 4,3465,003476,0.0,tail_fuzzy_name,low,0.857143
2002,2000,HAMILTON,130 TYNER 4,3465,003374,0.0,tail_fuzzy_name,low,0.857143
2002,2000,HAMILTON,130 TYNER 4,3465,003441,0.0,tail_fuzzy_name,low,0.857143
2002,2000,HAMILTON,130 TYNER 4,3465,003364,0.0,tail_fuzzy_name,low,0.857143
2002,2000,HAMILTON,130 TYNER 4,3465,003398,0.0,tail_fuzzy_name,low,0.857143
2002,2000,HAMILTON,130 TYNER 4,3465,003407,0.0,tail_fuzzy_name,low,0.857143
2002,2000,HAMILTON,130 TYNER 4,3465,003467,0.0,tail_fuzzy_name,low,0.857143
2002,2000,HAMILTON,130 TYNER 4,3465,003468,0.0,tail_fuzzy_name,low,0.857143
2002,2000,HAMILTON,130 TYNER 4,3465,003372,0.0,tail_fuzzy_name,low,0.857143
2002,2000,HAMILTON,131 EASTDALE 2,3364,003396,0.99995159,tail_fuzzy_name,low,0.888889
2002,2000,HAMILTON,131 EASTDALE 2,3364,003405,3.029e-05,tail_fuzzy_name,low,0.888889
2002,2000,HAMILTON,131 EASTDALE 2,3364,003390,1.104e-05,tail_fuzzy_name,low,0.888889
2002,2000,HAMILTON,131 EASTDALE 2,3364,003389,7.08e-06,tail_fuzzy_name,low,0.888889
2002,2000,HAMILTON,131 EASTDALE 2,3364,003476,0.0,tail_fuzzy_name,low,0.888889
2002,2000,HAMILTON,131 EASTDALE 2,3364,003453,0.0,tail_fuzzy_name,low,0.888889
2002,2000,HAMILTON,131 EASTDALE 2,3364,003381,0.0,tail_fuzzy_name,low,0.888889
2002,2000,HAMILTON,131 EASTDALE 2,3364,003397,0.0,tail_fuzzy_name,low,0.888889
2002,2000,HAMILTON,131 EASTDALE 2,3364,003426,0.0,tail_fuzzy_name,low,0.888889
2002,2000,HAMILTON,131 EASTDALE 2,3364,003452,0.0,tail_fuzzy_name,low,0.888889
2002,2000,HAMILTON,131 EASTDALE 2,3364,003358,0.0,tail_fuzzy_name,low,0.888889
2002,2000,HAMILTON,131 EASTDALE 2,3364,003365,0.0,tail_fuzzy_name,low,0.888889
2002,2000,HAMILTON,131 EASTDALE 2,3364,003391,0.0,tail_fuzzy_name,low,0.888889
2002,2000,HAMILTON,131 EASTDALE 2,3364,003451,0.0,tail_fuzzy_name,low,0.888889
2002,2000,HAMILTON,131 EASTDALE 2,3364,003414,0.0,tail_fuzzy_name,low,0.888889
2002,2000,HAMILTON,131 EASTDALE 2,3364,003477,0.0,tail_fuzzy_name,low,0.888889
2002,2000,HAMILTON,131 EASTDALE 2,3364,003398,0.0,tail_fuzzy_name,low,0.888889
2002,2000,HAMILTON,131 EASTDALE 2,3364,003363,0.0,tail_fuzzy_name,low,0.888889
2002,2000,HAMILTON,131 EASTDALE 2,3364,003364,0.0,tail_fuzzy_name,low,0.888889
2002,2000,HAMILTON,131 EASTDALE 2,3364,003392,0.0,tail_fuzzy_name,low,0.888889
2002,2000,HAMILTON,131 EASTDALE 2,3364,003415,0.0,tail_fuzzy_name,low,0.888889
2002,2000,HAMILTON,131 EASTDALE 2,3364,003393,0.0,tail_fuzzy_name,low,0.888889
2002,2000,HAMILTON,131 EASTDALE 2,3364,003399,0.0,tail_fuzzy_name,low,0.888889
2002,2000,HAMILTON,131 EASTDALE 2,3364,003354,0.0,tail_fuzzy_name,low,0.888889
2002,2000,HAMILTON,131 EASTDALE 2,3364,003395,0.0,tail_fuzzy_name,low,0.888889
2002,2000,HAMILTON,131 EASTDALE 2,3364,003416,0.0,tail_fuzzy_name,low,0.888889
2002,2000,HAMILTON,131 EASTDALE 2,3364,003417,0.0,tail_fuzzy_name,low,0.888889
2002,2000,HAMILTON,131 EASTDALE 2,3364,003379,0.0,tail_fuzzy_name,low,0.888889
2002,2000,HAMILTON,132 EAST SIDE 2,3360,003399,0.61584576,tail_fuzzy_name,low,0.9
2002,2000,HAMILTON,132 EAST SIDE 2,3360,003451,0.2297677,tail_fuzzy_name,low,0.9
2002,2000,HAMILTON,132 EAST SIDE 2,3360,003452,0.14390397,tail_fuzzy_name,low,0.9
2002,2000,HAMILTON,132 EAST SIDE 2,3360,003426,0.01048257,tail_fuzzy_name,low,0.9
2002,2000,HAMILTON,132 EAST SIDE 2,3360,003352,0.0,tail_fuzzy_name,low,0.9
2002,2000,HAMILTON,132 EAST SIDE 2,3360,003396,0.0,tail_fuzzy_name,low,0.9
2002,2000,HAMILTON,132 EAST SIDE 2,3360,003405,0.0,tail_fuzzy_name,low,0.9
2002,2000,HAMILTON,132 EAST SIDE 2,3360,003365,0.0,tail_fuzzy_name,low,0.9
2002,2000,HAMILTON,132 EAST SIDE 2,3360,003391,0.0,tail_fuzzy_name,low,0.9
2002,2000,HAMILTON,132 EAST SIDE 2,3360,003400,0.0,tail_fuzzy_name,low,0.9
2002,2000,HAMILTON,132 EAST SIDE 2,3360,003379,0.0,tail_fuzzy_name,low,0.9
2002,2000,HAMILTON,132 EAST SIDE 2,3360,003392,0.0,tail_fuzzy_name,low,0.9
2002,2000,HAMILTON,132 EAST SIDE 2,3360,003393,0.0,tail_fuzzy_name,low,0.9
2002,2000,HAMILTON,132 EAST SIDE 2,3360,003453,0.0,tail_fuzzy_name,low,0.9
2002,2000,HAMILTON,133 CLIFTON HILLS 2,3324,003399,0.79363296,tail_fuzzy_name,low,0.928571
2002,2000,HAMILTON,133 CLIFTON HILLS 2,3324,003391,0.16416976,tail_fuzzy_name,low,0.928571
2002,2000,HAMILTON,133 CLIFTON HILLS 2,3324,003400,0.03438913,tail_fuzzy_name,low,0.928571
2002,2000,HAMILTON,133 CLIFTON HILLS 2,3324,003452,0.00780815,tail_fuzzy_name,low,0.928571
2002,2000,HAMILTON,133 CLIFTON HILLS 2,3324,003352,0.0,tail_fuzzy_name,low,0.928571
2002,2000,HAMILTON,133 CLIFTON HILLS 2,3324,003451,0.0,tail_fuzzy_name,low,0.928571
2002,2000,HAMILTON,133 CLIFTON HILLS 2,3324,003385,0.0,tail_fuzzy_name,low,0.928571
2002,2000,HAMILTON,133 CLIFTON HILLS 2,3324,003426,0.0,tail_fuzzy_name,low,0.928571
2002,2000,HAMILTON,133 CLIFTON HILLS 2,3324,003427,0.0,tail_fuzzy_name,low,0.928571
2002,2000,HAMILTON,133 CLIFTON HILLS 2,3324,003463,0.0,tail_fuzzy_name,low,0.928571
2002,2000,HAMILTON,133 CLIFTON HILLS 2,3324,003353,0.0,tail_fuzzy_name,low,0.928571
2002,2000,HAMILTON,133 CLIFTON HILLS 2,3324,003379,0.0,tail_fuzzy_name,low,0.928571
2002,2000,HAMILTON,133 CLIFTON HILLS 2,3324,003405,0.0,tail_fuzzy_name,low,0.928571
2002,2000,HAMILTON,133 CLIFTON HILLS 2,3324,003396,0.0,tail_fuzzy_name,low,0.928571
2002,2000,HAMILTON,133 CLIFTON HILLS 2,3324,003420,0.0,tail_fuzzy_name,low,0.928571
2002,2000,HAMILTON,133 CLIFTON HILLS 2,3324,003365,0.0,tail_fuzzy_name,low,0.928571
2002,2000,HAMILTON,133 CLIFTON HILLS 2,3324,003384,0.0,tail_fuzzy_name,low,0.928571
2002,2000,HAMILTON,133 CLIFTON HILLS 2,3324,003380,0.0,tail_fuzzy_name,low,0.928571
2002,2000,HAMILTON,133 CLIFTON HILLS 2,3324,003392,0.0,tail_fuzzy_name,low,0.928571
2002,2000,HAMILTON,133 CLIFTON HILLS 2,3324,003393,0.0,tail_fuzzy_name,low,0.928571
2002,2000,HAMILTON,133 CLIFTON HILLS 2,3324,003453,0.0,tail_fuzzy_name,low,0.928571
2002,2000,HAMILTON,133 CLIFTON HILLS 2,3324,003354,0.0,tail_fuzzy_name,low,0.928571
2002,2000,HAMILTON,133 CLIFTON HILLS 2,3324,003434,0.0,tail_fuzzy_name,low,0.928571
2002,2000,HAMILTON,134 CLIFTON HILLS 3,3324,003399,0.79363296,tail_fuzzy_name,low,0.928571
2002,2000,HAMILTON,134 CLIFTON HILLS 3,3324,003391,0.16416976,tail_fuzzy_name,low,0.928571
2002,2000,HAMILTON,134 CLIFTON HILLS 3,3324,003400,0.03438913,tail_fuzzy_name,low,0.928571
2002,2000,HAMILTON,134 CLIFTON HILLS 3,3324,003452,0.00780815,tail_fuzzy_name,low,0.928571
2002,2000,HAMILTON,134 CLIFTON HILLS 3,3324,003352,0.0,tail_fuzzy_name,low,0.928571
2002,2000,HAMILTON,134 CLIFTON HILLS 3,3324,003451,0.0,tail_fuzzy_name,low,0.928571
2002,2000,HAMILTON,134 CLIFTON HILLS 3,3324,003385,0.0,tail_fuzzy_name,low,0.928571
2002,2000,HAMILTON,134 CLIFTON HILLS 3,3324,003426,0.0,tail_fuzzy_name,low,0.928571
2002,2000,HAMILTON,134 CLIFTON HILLS 3,3324,003427,0.0,tail_fuzzy_name,low,0.928571
2002,2000,HAMILTON,134 CLIFTON HILLS 3,3324,003463,0.0,tail_fuzzy_name,low,0.928571
2002,2000,HAMILTON,134 CLIFTON HILLS 3,3324,003353,0.0,tail_fuzzy_name,low,0.928571
2002,2000,HAMILTON,134 CLIFTON HILLS 3,3324,003379,0.0,tail_fuzzy_name,low,0.928571
2002,2000,HAMILTON,134 CLIFTON HILLS 3,3324,003405,0.0,tail_fuzzy_name,low,0.928571
2002,2000,HAMILTON,134 CLIFTON HILLS 3,3324,003396,0.0,tail_fuzzy_name,low,0.928571
2002,2000,HAMILTON,134 CLIFTON HILLS 3,3324,003420,0.0,tail_fuzzy_name,low,0.928571
2002,2000,HAMILTON,134 CLIFTON HILLS 3,3324,003365,0.0,tail_fuzzy_name,low,0.928571
2002,2000,HAMILTON,134 CLIFTON HILLS 3,3324,003384,0.0,tail_fuzzy_name,low,0.928571
2002,2000,HAMILTON,134 CLIFTON HILLS 3,3324,003380,0.0,tail_fuzzy_name,low,0.928571
2002,2000,HAMILTON,134 CLIFTON HILLS 3,3324,003392,0.0,tail_fuzzy_name,low,0.928571
2002,2000,HAMILTON,134 CLIFTON HILLS 3,3324,003393,0.0,tail_fuzzy_name,low,0.928571
2002,2000,HAMILTON,134 CLIFTON HILLS 3,3324,003453,0.0,tail_fuzzy_name,low,0.928571
2002,2000,HAMILTON,134 CLIFTON HILLS 3,3324,003354,0.0,tail_fuzzy_name,low,0.928571
2002,2000,HAMILTON,134 CLIFTON HILLS 3,3324,003434,0.0,tail_fuzzy_name,low,0.928571
2002,2000,HAMILTON,135 CLIFTON HILLS 4,3324,003399,0.79363296,tail_fuzzy_name,low,0.928571
2002,2000,HAMILTON,135 CLIFTON HILLS 4,3324,003391,0.16416976,tail_fuzzy_name,low,0.928571
2002,2000,HAMILTON,135 CLIFTON HILLS 4,3324,003400,0.03438913,tail_fuzzy_name,low,0.928571
2002,2000,HAMILTON,135 CLIFTON HILLS 4,3324,003452,0.00780815,tail_fuzzy_name,low,0.928571
2002,2000,HAMILTON,135 CLIFTON HILLS 4,3324,003352,0.0,tail_fuzzy_name,low,0.928571
2002,2000,HAMILTON,135 CLIFTON HILLS 4,3324,003451,0.0,tail_fuzzy_name,low,0.928571
2002,2000,HAMILTON,135 CLIFTON HILLS 4,3324,003385,0.0,tail_fuzzy_name,low,0.928571
2002,2000,HAMILTON,135 CLIFTON HILLS 4,3324,003426,0.0,tail_fuzzy_name,low,0.928571
2002,2000,HAMILTON,135 CLIFTON HILLS 4,3324,003427,0.0,tail_fuzzy_name,low,0.928571
2002,2000,HAMILTON,135 CLIFTON HILLS 4,3324,003463,0.0,tail_fuzzy_name,low,0.928571
2002,2000,HAMILTON,135 CLIFTON HILLS 4,3324,003353,0.0,tail_fuzzy_name,low,0.928571
2002,2000,HAMILTON,135 CLIFTON HILLS 4,3324,003379,0.0,tail_fuzzy_name,low,0.928571
2002,2000,HAMILTON,135 CLIFTON HILLS 4,3324,003405,0.0,tail_fuzzy_name,low,0.928571
2002,2000,HAMILTON,135 CLIFTON HILLS 4,3324,003396,0.0,tail_fuzzy_name,low,0.928571
2002,2000,HAMILTON,135 CLIFTON HILLS 4,3324,003420,0.0,tail_fuzzy_name,low,0.928571
2002,2000,HAMILTON,135 CLIFTON HILLS 4,3324,003365,0.0,tail_fuzzy_name,low,0.928571
2002,2000,HAMILTON,135 CLIFTON HILLS 4,3324,003384,0.0,tail_fuzzy_name,low,0.928571
2002,2000,HAMILTON,135 CLIFTON HILLS 4,3324,003380,0.0,tail_fuzzy_name,low,0.928571
2002,2000,HAMILTON,135 CLIFTON HILLS 4,3324,003392,0.0,tail_fuzzy_name,low,0.928571
2002,2000,HAMILTON,135 CLIFTON HILLS 4,3324,003393,0.0,tail_fuzzy_name,low,0.928571
2002,2000,HAMILTON,135 CLIFTON HILLS 4,3324,003453,0.0,tail_fuzzy_name,low,0.928571
2002,2000,HAMILTON,135 CLIFTON HILLS 4,3324,003354,0.0,tail_fuzzy_name,low,0.928571
2002,2000,HAMILTON,135 CLIFTON HILLS 4,3324,003434,0.0,tail_fuzzy_name,low,0.928571
2002,2000,HAMILTON,136 CLIFTON HILLS 5,3324,003399,0.79363296,tail_fuzzy_name,low,0.928571
2002,2000,HAMILTON,136 CLIFTON HILLS 5,3324,003391,0.16416976,tail_fuzzy_name,low,0.928571
2002,2000,HAMILTON,136 CLIFTON HILLS 5,3324,003400,0.03438913,tail_fuzzy_name,low,0.928571
2002,2000,HAMILTON,136 CLIFTON HILLS 5,3324,003452,0.00780815,tail_fuzzy_name,low,0.928571
2002,2000,HAMILTON,136 CLIFTON HILLS 5,3324,003352,0.0,tail_fuzzy_name,low,0.928571
2002,2000,HAMILTON,136 CLIFTON HILLS 5,3324,003451,0.0,tail_fuzzy_name,low,0.928571
2002,2000,HAMILTON,136 CLIFTON HILLS 5,3324,003385,0.0,tail_fuzzy_name,low,0.928571
2002,2000,HAMILTON,136 CLIFTON HILLS 5,3324,003426,0.0,tail_fuzzy_name,low,0.928571
2002,2000,HAMILTON,136 CLIFTON HILLS 5,3324,003427,0.0,tail_fuzzy_name,low,0.928571
2002,2000,HAMILTON,136 CLIFTON HILLS 5,3324,003463,0.0,tail_fuzzy_name,low,0.928571
2002,2000,HAMILTON,136 CLIFTON HILLS 5,3324,003353,0.0,tail_fuzzy_name,low,0.928571
2002,2000,HAMILTON,136 CLIFTON HILLS 5,3324,003379,0.0,tail_fuzzy_name,low,0.928571
2002,2000,HAMILTON,136 CLIFTON HILLS 5,3324,003405,0.0,tail_fuzzy_name,low,0.928571
2002,2000,HAMILTON,136 CLIFTON HILLS 5,3324,003396,0.0,tail_fuzzy_name,low,0.928571
2002,2000,HAMILTON,136 CLIFTON HILLS 5,3324,003420,0.0,tail_fuzzy_name,low,0.928571
2002,2000,HAMILTON,136 CLIFTON HILLS 5,3324,003365,0.0,tail_fuzzy_name,low,0.928571
2002,2000,HAMILTON,136 CLIFTON HILLS 5,3324,003384,0.0,tail_fuzzy_name,low,0.928571
2002,2000,HAMILTON,136 CLIFTON HILLS 5,3324,003380,0.0,tail_fuzzy_name,low,0.928571
2002,2000,HAMILTON,136 CLIFTON HILLS 5,3324,003392,0.0,tail_fuzzy_name,low,0.928571
2002,2000,HAMILTON,136 CLIFTON HILLS 5,3324,003393,0.0,tail_fuzzy_name,low,0.928571
2002,2000,HAMILTON,136 CLIFTON HILLS 5,3324,003453,0.0,tail_fuzzy_name,low,0.928571
2002,2000,HAMILTON,136 CLIFTON HILLS 5,3324,003354,0.0,tail_fuzzy_name,low,0.928571
2002,2000,HAMILTON,136 CLIFTON HILLS 5,3324,003434,0.0,tail_fuzzy_name,low,0.928571
2002,2000,HAMILTON,137 ST ELMO 2,3452,003463,0.89681729,tail_fuzzy_name,low,0.916667
2002,2000,HAMILTON,137 ST ELMO 2,3452,003385,0.06117349,tail_fuzzy_name,low,0.916667
2002,2000,HAMILTON,137 ST ELMO 2,3452,003353,0.02823881,tail_fuzzy_name,low,0.916667
2002,2000,HAMILTON,137 ST ELMO 2,3452,003464,0.01377041,tail_fuzzy_name,low,0.916667
2002,2000,HAMILTON,137 ST ELMO 2,3452,003352,0.0,tail_fuzzy_name,low,0.916667
2002,2000,HAMILTON,137 ST ELMO 2,3452,003420,0.0,tail_fuzzy_name,low,0.916667
2002,2000,HAMILTON,137 ST ELMO 2,3452,003421,0.0,tail_fuzzy_name,low,0.916667
2002,2000,HAMILTON,137 ST ELMO 2,3452,003427,0.0,tail_fuzzy_name,low,0.916667
2002,2000,HAMILTON,137 ST ELMO 2,3452,005751,0.0,tail_fuzzy_name,low,0.916667
2002,2000,HAMILTON,137 ST ELMO 2,3452,003419,0.0,tail_fuzzy_name,low,0.916667
2002,2000,HAMILTON,137 ST ELMO 2,3452,003391,0.0,tail_fuzzy_name,low,0.916667
2002,2000,HAMILTON,137 ST ELMO 2,3452,003399,0.0,tail_fuzzy_name,low,0.916667
2002,2000,HAMILTON,137 ST ELMO 2,3452,003379,0.0,tail_fuzzy_name,low,0.916667
2002,2000,HAMILTON,137 ST ELMO 2,3452,003430,0.0,tail_fuzzy_name,low,0.916667
2002,2000,HAMILTON,137 ST ELMO 2,3452,003429,0.0,tail_fuzzy_name,low,0.916667
2002,2000,HAMILTON,138 ST ELMO 3,3452,003463,0.89681729,tail_fuzzy_name,low,0.916667
2002,2000,HAMILTON,138 ST ELMO 3,3452,003385,0.06117349,tail_fuzzy_name,low,0.916667
2002,2000,HAMILTON,138 ST ELMO 3,3452,003353,0.02823881,tail_fuzzy_name,low,0.916667
2002,2000,HAMILTON,138 ST ELMO 3,3452,003464,0.01377041,tail_fuzzy_name,low,0.916667
2002,2000,HAMILTON,138 ST ELMO 3,3452,003352,0.0,tail_fuzzy_name,low,0.916667
2002,2000,HAMILTON,138 ST ELMO 3,3452,003420,0.0,tail_fuzzy_name,low,0.916667
2002,2000,HAMILTON,138 ST ELMO 3,3452,003421,0.0,tail_fuzzy_name,low,0.916667
2002,2000,HAMILTON,138 ST ELMO 3,3452,003427,0.0,tail_fuzzy_name,low,0.916667
2002,2000,HAMILTON,138 ST ELMO 3,3452,005751,0.0,tail_fuzzy_name,low,0.916667
2002,2000,HAMILTON,138 ST ELMO 3,3452,003419,0.0,tail_fuzzy_name,low,0.916667
2002,2000,HAMILTON,138 ST ELMO 3,3452,003391,0.0,tail_fuzzy_name,low,0.916667
2002,2000,HAMILTON,138 ST ELMO 3,3452,003399,0.0,tail_fuzzy_name,low,0.916667
2002,2000,HAMILTON,138 ST ELMO 3,3452,003379,0.0,tail_fuzzy_name,low,0.916667
2002,2000,HAMILTON,138 ST ELMO 3,3452,003430,0.0,tail_fuzzy_name,low,0.916667
2002,2000,HAMILTON,138 ST ELMO 3,3452,003429,0.0,tail_fuzzy_name,low,0.916667
2002,2000,HAMILTON,140 HARRISON 4,3636,003409,0.40301645,tail_fuzzy_name,low,0.9
2002,2000,HAMILTON,140 HARRISON 4,3636,003408,0.29537944,tail_fuzzy_name,low,0.9
2002,2000,HAMILTON,140 HARRISON 4,3636,003410,0.24187788,tail_fuzzy_name,low,0.9
2002,2000,HAMILTON,140 HARRISON 4,3636,003407,0.05798309,tail_fuzzy_name,low,0.9
2002,2000,HAMILTON,140 HARRISON 4,3636,003459,0.0016794,tail_fuzzy_name,low,0.9
2002,2000,HAMILTON,140 HARRISON 4,3636,003458,6.374e-05,tail_fuzzy_name,low,0.9
2002,2000,HAMILTON,140 HARRISON 4,3636,003404,0.0,tail_fuzzy_name,low,0.9
2002,2000,HAMILTON,140 HARRISON 4,3636,003418,0.0,tail_fuzzy_name,low,0.9
2002,2000,HAMILTON,140 HARRISON 4,3636,003443,0.0,tail_fuzzy_name,low,0.9
2002,2000,HAMILTON,140 HARRISON 4,3636,003361,0.0,tail_fuzzy_name,low,0.9
2002,2000,HAMILTON,140 HARRISON 4,3636,003423,0.0,tail_fuzzy_name,low,0.9
2002,2000,HAMILTON,140 HARRISON 4,3636,003468,0.0,tail_fuzzy_name,low,0.9
2002,2000,HAMILTON,140 HARRISON 4,3636,003383,0.0,tail_fuzzy_name,low,0.9
2002,2000,HAMILTON,140 HARRISON 4,3636,003441,0.0,tail_fuzzy_name,low,0.9
2002,2000,HAMILTON,140 HARRISON 4,3636,003382,0.0,tail_fuzzy_name,low,0.9
2002,2000,HAMILTON,140 HARRISON 4,3636,003467,0.0,tail_fuzzy_name,low,0.9
2002,2000,HAMILTON,140 HARRISON 4,3636,003469,0.0,tail_fuzzy_name,low,0.9
2002,2000,HAMILTON,140 HARRISON 4,3636,003442,0.0,tail_fuzzy_name,low,0.9
2002,2000,HAMILTON,140 HARRISON 4,3636,003370,0.0,tail_fuzzy_name,low,0.9
2002,2000,HAMILTON,140 HARRISON 4,3636,003466,0.0,tail_fuzzy_name,low,0.9
2002,2000,HAMILTON,140 HARRISON 4,3636,003357,0.0,tail_fuzzy_name,low,0.9
2002,2000,HAMILTON,140 HARRISON 4,3636,003425,0.0,tail_fuzzy_name,low,0.9
2002,2000,HAMILTON,140 HARRISON 4,3636,003368,0.0,tail_fuzzy_name,low,0.9
2002,2000,HAMILTON,140 HARRISON 4,3636,003433,0.0,tail_fuzzy_name,low,0.9
2002,2000,HAMILTON,140 HARRISON 4,3636,003413,0.0,tail_fuzzy_name,low,0.9
2002,2000,HAMILTON,140 HARRISON 4,3636,003378,0.0,tail_fuzzy_name,low,0.9
2002,2000,HAMILTON,140 HARRISON 4,3636,003424,0.0,tail_fuzzy_name,low,0.9
2002,2000,HAMILTON,140 HARRISON 4,3636,003444,0.0,tail_fuzzy_name,low,0.9
2002,2000,HAMILTON,140 HARRISON 4,3636,003446,0.0,tail_fuzzy_name,low,0.9
2002,2000,HAMILTON,140 HARRISON 4,3636,003460,0.0,tail_fuzzy_name,low,0.9
2002,2000,HAMILTON,140 HARRISON 4,3636,003406,0.0,tail_fuzzy_name,low,0.9
2002,2000,HAMILTON,140 HARRISON 4,3636,003440,0.0,tail_fuzzy_name,low,0.9
2002,2000,HAMILTON,140 HARRISON 4,3636,003412,0.0,tail_fuzzy_name,low,0.9
2002,2000,HAMILTON,140 HARRISON 4,3636,003461,0.0,tail_fuzzy_name,low,0.9
2002,2000,HAMILTON,140 HARRISON 4,3636,003359,0.0,tail_fuzzy_name,low,0.9
2002,2000,HAMILTON,140 HARRISON 4,3636,003367,0.0,tail_fuzzy_name,low,0.9
2002,2000,HAMILTON,140 HARRISON 4,3636,003360,0.0,tail_fuzzy_name,low,0.9
2002,2000,HAMILTON,140 HARRISON 4,3636,003445,0.0,tail_fuzzy_name,low,0.9
2002,2000,HAMILTON,140 HARRISON 4,3636,003362,0.0,tail_fuzzy_name,low,0.9
2002,2000,HAMILTON,140 HARRISON 4,3636,003377,0.0,tail_fuzzy_name,low,0.9
2002,2000,HAMILTON,140 HARRISON 4,3636,003470,0.0,tail_fuzzy_name,low,0.9
2002,2000,HAMILTON,140 HARRISON 4,3636,003455,0.0,tail_fuzzy_name,low,0.9
2002,2000,HAMILTON,140 HARRISON 4,3636,003403,0.0,tail_fuzzy_name,low,0.9
2002,2000,HAMILTON,140 HARRISON 4,3636,003431,0.0,tail_fuzzy_name,low,0.9
2002,2000,HAMILTON,140 HARRISON 4,3636,003351,0.0,tail_fuzzy_name,low,0.9
2002,2000,HAMILTON,140 HARRISON 4,3636,003374,0.0,tail_fuzzy_name,low,0.9
2002,2000,HAMILTON,141 CONCORD 3,3329,003375,0.64184615,tail_fuzzy_name,low,0.888889
2002,2000,HAMILTON,141 CONCORD 3,3329,003378,0.14040419,tail_fuzzy_name,low,0.888889
2002,2000,HAMILTON,141 CONCORD 3,3329,003372,0.1095708,tail_fuzzy_name,low,0.888889
2002,2000,HAMILTON,141 CONCORD 3,3329,003371,0.08967976,tail_fuzzy_name,low,0.888889
2002,2000,HAMILTON,141 CONCORD 3,3329,003469,0.00984289,tail_fuzzy_name,low,0.888889
2002,2000,HAMILTON,141 CONCORD 3,3329,003376,0.00288399,tail_fuzzy_name,low,0.888889
2002,2000,HAMILTON,141 CONCORD 3,3329,003440,0.00232669,tail_fuzzy_name,low,0.888889
2002,2000,HAMILTON,141 CONCORD 3,3329,003374,0.00207417,tail_fuzzy_name,low,0.888889
2002,2000,HAMILTON,141 CONCORD 3,3329,003364,0.00075362,tail_fuzzy_name,low,0.888889
2002,2000,HAMILTON,141 CONCORD 3,3329,003441,0.00038555,tail_fuzzy_name,low,0.888889
2002,2000,HAMILTON,141 CONCORD 3,3329,003367,0.00023219,tail_fuzzy_name,low,0.888889
2002,2000,HAMILTON,141 CONCORD 3,3329,003387,0.0,tail_fuzzy_name,low,0.888889
2002,2000,HAMILTON,141 CONCORD 3,3329,003475,0.0,tail_fuzzy_name,low,0.888889
2002,2000,HAMILTON,141 CONCORD 3,3329,003470,0.0,tail_fuzzy_name,low,0.888889
2002,2000,HAMILTON,141 CONCORD 3,3329,003395,0.0,tail_fuzzy_name,low,0.888889
2002,2000,HAMILTON,141 CONCORD 3,3329,003377,0.0,tail_fuzzy_name,low,0.888889
2002,2000,HAMILTON,141 CONCORD 3,3329,003388,0.0,tail_fuzzy_name,low,0.888889
2002,2000,HAMILTON,141 CONCORD 3,3329,003473,0.0,tail_fuzzy_name,low,0.888889
2002,2000,HAMILTON,141 CONCORD 3,3329,003443,0.0,tail_fuzzy_name,low,0.888889
2002,2000,HAMILTON,141 CONCORD 3,3329,003468,0.0,tail_fuzzy_name,low,0.888889
2002,2000,HAMILTON,141 CONCORD 3,3329,003467,0.0,tail_fuzzy_name,low,0.888889
2002,2000,HAMILTON,141 CONCORD 3,3329,003407,0.0,tail_fuzzy_name,low,0.888889
2002,2000,HAMILTON,141 CONCORD 3,3329,003442,0.0,tail_fuzzy_name,low,0.888889
2002,2000,HAMILTON,141 CONCORD 3,3329,003466,0.0,tail_fuzzy_name,low,0.888889
2002,2000,HAMILTON,141 CONCORD 3,3329,003408,0.0,tail_fuzzy_name,low,0.888889
2002,2000,HAMILTON,141 CONCORD 3,3329,003351,0.0,tail_fuzzy_name,low,0.888889
2002,2000,HAMILTON,141 CONCORD 3,3329,003416,0.0,tail_fuzzy_name,low,0.888889
2002,2000,HAMILTON,141 CONCORD 3,3329,003474,0.0,tail_fuzzy_name,low,0.888889
2002,2000,HAMILTON,141 CONCORD 3,3329,003417,0.0,tail_fuzzy_name,low,0.888889
2002,2000,HAMILTON,141 CONCORD 3,3329,003362,0.0,tail_fuzzy_name,low,0.888889
2002,2000,HAMILTON,144 SODDY DAISY NO,3612,003460,0.99972485,tail_fuzzy_name,low,0.903226
2002,2000,HAMILTON,144 SODDY DAISY NO,3612,003431,0.00017452,tail_fuzzy_name,low,0.903226
2002,2000,HAMILTON,144 SODDY DAISY NO,3612,003403,5.602e-05,tail_fuzzy_name,low,0.903226
2002,2000,HAMILTON,144 SODDY DAISY NO,3612,003461,4.462e-05,tail_fuzzy_name,low,0.903226
2002,2000,HAMILTON,144 SODDY DAISY NO,3612,003359,0.0,tail_fuzzy_name,low,0.903226
2002,2000,HAMILTON,144 SODDY DAISY NO,3612,003360,0.0,tail_fuzzy_name,low,0.903226
2002,2000,HAMILTON,144 SODDY DAISY NO,3612,003382,0.0,tail_fuzzy_name,low,0.903226
2002,2000,HAMILTON,144 SODDY DAISY NO,3612,003383,0.0,tail_fuzzy_name,low,0.903226
2002,2000,HAMILTON,144 SODDY DAISY NO,3612,003462,0.0,tail_fuzzy_name,low,0.903226
2002,2000,HAMILTON,144 SODDY DAISY NO,3612,003425,0.0,tail_fuzzy_name,low,0.903226
2002,2000,HAMILTON,144 SODDY DAISY NO,3612,003455,0.0,tail_fuzzy_name,low,0.903226
2002,2000,HAMILTON,144 SODDY DAISY NO,3612,003446,0.0,tail_fuzzy_name,low,0.903226
2002,2000,HAMILTON,144 SODDY DAISY NO,3612,003418,0.0,tail_fuzzy_name,low,0.903226
2002,2000,HAMILTON,144 SODDY DAISY NO,3612,003402,0.0,tail_fuzzy_name,low,0.903226
2002,2000,HAMILTON,144 SODDY DAISY NO,3612,003439,0.0,tail_fuzzy_name,low,0.903226
2002,2000,HAMILTON,144 SODDY DAISY NO,3612,003361,0.0,tail_fuzzy_name,low,0.903226
2002,2000,HAMILTON,144 SODDY DAISY NO,3612,003424,0.0,tail_fuzzy_name,low,0.903226
2002,2000,HAMILTON,144 SODDY DAISY NO,3612,003410,0.0,tail_fuzzy_name,low,0.903226
2002,2000,HAMILTON,144 SODDY DAISY NO,3612,003401,0.0,tail_fuzzy_name,low,0.903226
2002,2000,HAMILTON,144 SODDY DAISY NO,3612,003458,0.0,tail_fuzzy_name,low,0.903226
2002,2000,HAMILTON,144 SODDY DAISY NO,3612,003459,0.0,tail_fuzzy_name,low,0.903226
2002,2000,HAMILTON,144 SODDY DAISY NO,3612,003447,0.0,tail_fuzzy_name,low,0.903226
2002,2000,HAMILTON,144 SODDY DAISY NO,3612,003423,0.0,tail_fuzzy_name,low,0.903226
2002,2000,HAMILTON,144 SODDY DAISY NO,3612,003409,0.0,tail_fuzzy_name,low,0.903226
2002,2000,HAMILTON,144 SODDY DAISY NO,3612,003408,0.0,tail_fuzzy_name,low,0.903226
2002,2000,HAMILTON,144 SODDY DAISY NO,3612,003407,0.0,tail_fuzzy_name,low,0.903226
2002,2000,HAMILTON,144 SODDY DAISY NO,3612,003404,0.0,tail_fuzzy_name,low,0.903226
2002,2000,HAMILTON,144 SODDY DAISY NO,3612,003443,0.0,tail_fuzzy_name,low,0.903226
2002,2000,HAMILTON,144 SODDY DAISY NO,3612,003468,0.0,tail_fuzzy_name,low,0.903226
2002,2000,HAMILTON,144 SODDY DAISY NO,3612,003467,0.0,tail_fuzzy_name,low,0.903226
2002,2000,HAMILTON,144 SODDY DAISY NO,3612,003466,0.0,tail_fuzzy_name,low,0.903226
2002,2000,HAMILTON,149 SODDY DAISY SO,3616,003461,0.64659082,tail_fuzzy_name,low,0.903226
2002,2000,HAMILTON,149 SODDY DAISY SO,3616,003460,0.34643239,tail_fuzzy_name,low,0.903226
2002,2000,HAMILTON,149 SODDY DAISY SO,3616,003462,0.00303247,tail_fuzzy_name,low,0.903226
2002,2000,HAMILTON,149 SODDY DAISY SO,3616,003431,0.00261358,tail_fuzzy_name,low,0.903226
2002,2000,HAMILTON,149 SODDY DAISY SO,3616,003402,0.00128957,tail_fuzzy_name,low,0.903226
2002,2000,HAMILTON,149 SODDY DAISY SO,3616,003403,1.923e-05,tail_fuzzy_name,low,0.903226
2002,2000,HAMILTON,149 SODDY DAISY SO,3616,003439,1.713e-05,tail_fuzzy_name,low,0.903226
2002,2000,HAMILTON,149 SODDY DAISY SO,3616,003446,4.81e-06,tail_fuzzy_name,low,0.903226
2002,2000,HAMILTON,149 SODDY DAISY SO,3616,003382,0.0,tail_fuzzy_name,low,0.903226
2002,2000,HAMILTON,149 SODDY DAISY SO,3616,003383,0.0,tail_fuzzy_name,low,0.903226
2002,2000,HAMILTON,149 SODDY DAISY SO,3616,003424,0.0,tail_fuzzy_name,low,0.903226
2002,2000,HAMILTON,149 SODDY DAISY SO,3616,003359,0.0,tail_fuzzy_name,low,0.903226
2002,2000,HAMILTON,149 SODDY DAISY SO,3616,003425,0.0,tail_fuzzy_name,low,0.903226
2002,2000,HAMILTON,149 SODDY DAISY SO,3616,003360,0.0,tail_fuzzy_name,low,0.903226
2002,2000,HAMILTON,149 SODDY DAISY SO,3616,003471,0.0,tail_fuzzy_name,low,0.903226
2002,2000,HAMILTON,149 SODDY DAISY SO,3616,003447,0.0,tail_fuzzy_name,low,0.903226
2002,2000,HAMILTON,149 SODDY DAISY SO,3616,003418,0.0,tail_fuzzy_name,low,0.903226
2002,2000,HAMILTON,149 SODDY DAISY SO,3616,003412,0.0,tail_fuzzy_name,low,0.903226
2002,2000,HAMILTON,149 SODDY DAISY SO,3616,003411,0.0,tail_fuzzy_name,low,0.903226
2002,2000,HAMILTON,149 SODDY DAISY SO,3616,003401,0.0,tail_fuzzy_name,low,0.903226
2002,2000,HAMILTON,149 SODDY DAISY SO,3616,003361,0.0,tail_fuzzy_name,low,0.903226
2002,2000,HAMILTON,149 SODDY DAISY SO,3616,003410,0.0,tail_fuzzy_name,low,0.903226
2002,2000,HAMILTON,149 SODDY DAISY SO,3616,003458,0.0,tail_fuzzy_name,low,0.903226
2002,2000,HAMILTON,149 SODDY DAISY SO,3616,003404,0.0,tail_fuzzy_name,low,0.903226
2002,2000,HAMILTON,149 SODDY DAISY SO,3616,003456,0.0,tail_fuzzy_name,low,0.903226
2002,2000,HAMILTON,149 SODDY DAISY SO,3616,003429,0.0,tail_fuzzy_name,low,0.903226
2002,2000,HAMILTON,149 SODDY DAISY SO,3616,003472,0.0,tail_fuzzy_name,low,0.903226
2002,2000,HAMILTON,149 SODDY DAISY SO,3616,003428,0.0,tail_fuzzy_name,low,0.903226
2002,2000,HAMILTON,149 SODDY DAISY SO,3616,003421,0.0,tail_fuzzy_name,low,0.903226
2002,2000,HAMILTON,150 SODDY DAISY SO,3616,003461,0.64659082,tail_fuzzy_name,low,0.903226
2002,2000,HAMILTON,150 SODDY DAISY SO,3616,003460,0.34643239,tail_fuzzy_name,low,0.903226
2002,2000,HAMILTON,150 SODDY DAISY SO,3616,003462,0.00303247,tail_fuzzy_name,low,0.903226
2002,2000,HAMILTON,150 SODDY DAISY SO,3616,003431,0.00261358,tail_fuzzy_name,low,0.903226
2002,2000,HAMILTON,150 SODDY DAISY SO,3616,003402,0.00128957,tail_fuzzy_name,low,0.903226
2002,2000,HAMILTON,150 SODDY DAISY SO,3616,003403,1.923e-05,tail_fuzzy_name,low,0.903226
2002,2000,HAMILTON,150 SODDY DAISY SO,3616,003439,1.713e-05,tail_fuzzy_name,low,0.903226
2002,2000,HAMILTON,150 SODDY DAISY SO,3616,003446,4.81e-06,tail_fuzzy_name,low,0.903226
2002,2000,HAMILTON,150 SODDY DAISY SO,3616,003382,0.0,tail_fuzzy_name,low,0.903226
2002,2000,HAMILTON,150 SODDY DAISY SO,3616,003383,0.0,tail_fuzzy_name,low,0.903226
2002,2000,HAMILTON,150 SODDY DAISY SO,3616,003424,0.0,tail_fuzzy_name,low,0.903226
2002,2000,HAMILTON,150 SODDY DAISY SO,3616,003359,0.0,tail_fuzzy_name,low,0.903226
2002,2000,HAMILTON,150 SODDY DAISY SO,3616,003425,0.0,tail_fuzzy_name,low,0.903226
2002,2000,HAMILTON,150 SODDY DAISY SO,3616,003360,0.0,tail_fuzzy_name,low,0.903226
2002,2000,HAMILTON,150 SODDY DAISY SO,3616,003471,0.0,tail_fuzzy_name,low,0.903226
2002,2000,HAMILTON,150 SODDY DAISY SO,3616,003447,0.0,tail_fuzzy_name,low,0.903226
2002,2000,HAMILTON,150 SODDY DAISY SO,3616,003418,0.0,tail_fuzzy_name,low,0.903226
2002,2000,HAMILTON,150 SODDY DAISY SO,3616,003412,0.0,tail_fuzzy_name,low,0.903226
2002,2000,HAMILTON,150 SODDY DAISY SO,3616,003411,0.0,tail_fuzzy_name,low,0.903226
2002,2000,HAMILTON,150 SODDY DAISY SO,3616,003401,0.0,tail_fuzzy_name,low,0.903226
2002,2000,HAMILTON,150 SODDY DAISY SO,3616,003361,0.0,tail_fuzzy_name,low,0.903226
2002,2000,HAMILTON,150 SODDY DAISY SO,3616,003410,0.0,tail_fuzzy_name,low,0.903226
2002,2000,HAMILTON,150 SODDY DAISY SO,3616,003458,0.0,tail_fuzzy_name,low,0.903226
2002,2000,HAMILTON,150 SODDY DAISY SO,3616,003404,0.0,tail_fuzzy_name,low,0.903226
2002,2000,HAMILTON,150 SODDY DAISY SO,3616,003456,0.0,tail_fuzzy_name,low,0.903226
2002,2000,HAMILTON,150 SODDY DAISY SO,3616,003429,0.0,tail_fuzzy_name,low,0.903226
2002,2000,HAMILTON,150 SODDY DAISY SO,3616,003472,0.0,tail_fuzzy_name,low,0.903226
2002,2000,HAMILTON,150 SODDY DAISY SO,3616,003428,0.0,tail_fuzzy_name,low,0.903226
2002,2000,HAMILTON,150 SODDY DAISY SO,3616,003421,0.0,tail_fuzzy_name,low,0.903226
2002,2000,HAMILTON,151 SODDY DAISY SO,3616,003461,0.64659082,tail_fuzzy_name,low,0.903226
2002,2000,HAMILTON,151 SODDY DAISY SO,3616,003460,0.34643239,tail_fuzzy_name,low,0.903226
2002,2000,HAMILTON,151 SODDY DAISY SO,3616,003462,0.00303247,tail_fuzzy_name,low,0.903226
2002,2000,HAMILTON,151 SODDY DAISY SO,3616,003431,0.00261358,tail_fuzzy_name,low,0.903226
2002,2000,HAMILTON,151 SODDY DAISY SO,3616,003402,0.00128957,tail_fuzzy_name,low,0.903226
2002,2000,HAMILTON,151 SODDY DAISY SO,3616,003403,1.923e-05,tail_fuzzy_name,low,0.903226
2002,2000,HAMILTON,151 SODDY DAISY SO,3616,003439,1.713e-05,tail_fuzzy_name,low,0.903226
2002,2000,HAMILTON,151 SODDY DAISY SO,3616,003446,4.81e-06,tail_fuzzy_name,low,0.903226
2002,2000,HAMILTON,151 SODDY DAISY SO,3616,003382,0.0,tail_fuzzy_name,low,0.903226
2002,2000,HAMILTON,151 SODDY DAISY SO,3616,003383,0.0,tail_fuzzy_name,low,0.903226
2002,2000,HAMILTON,151 SODDY DAISY SO,3616,003424,0.0,tail_fuzzy_name,low,0.903226
2002,2000,HAMILTON,151 SODDY DAISY SO,3616,003359,0.0,tail_fuzzy_name,low,0.903226
2002,2000,HAMILTON,151 SODDY DAISY SO,3616,003425,0.0,tail_fuzzy_name,low,0.903226
2002,2000,HAMILTON,151 SODDY DAISY SO,3616,003360,0.0,tail_fuzzy_name,low,0.903226
2002,2000,HAMILTON,151 SODDY DAISY SO,3616,003471,0.0,tail_fuzzy_name,low,0.903226
2002,2000,HAMILTON,151 SODDY DAISY SO,3616,003447,0.0,tail_fuzzy_name,low,0.903226
2002,2000,HAMILTON,151 SODDY DAISY SO,3616,003418,0.0,tail_fuzzy_name,low,0.903226
2002,2000,HAMILTON,151 SODDY DAISY SO,3616,003412,0.0,tail_fuzzy_name,low,0.903226
2002,2000,HAMILTON,151 SODDY DAISY SO,3616,003411,0.0,tail_fuzzy_name,low,0.903226
2002,2000,HAMILTON,151 SODDY DAISY SO,3616,003401,0.0,tail_fuzzy_name,low,0.903226
2002,2000,HAMILTON,151 SODDY DAISY SO,3616,003361,0.0,tail_fuzzy_name,low,0.903226
2002,2000,HAMILTON,151 SODDY DAISY SO,3616,003410,0.0,tail_fuzzy_name,low,0.903226
2002,2000,HAMILTON,151 SODDY DAISY SO,3616,003458,0.0,tail_fuzzy_name,low,0.903226
2002,2000,HAMILTON,151 SODDY DAISY SO,3616,003404,0.0,tail_fuzzy_name,low,0.903226
2002,2000,HAMILTON,151 SODDY DAISY SO,3616,003456,0.0,tail_fuzzy_name,low,0.903226
2002,2000,HAMILTON,151 SODDY DAISY SO,3616,003429,0.0,tail_fuzzy_name,low,0.903226
2002,2000,HAMILTON,151 SODDY DAISY SO,3616,003472,0.0,tail_fuzzy_name,low,0.903226
2002,2000,HAMILTON,151 SODDY DAISY SO,3616,003428,0.0,tail_fuzzy_name,low,0.903226
2002,2000,HAMILTON,151 SODDY DAISY SO,3616,003421,0.0,tail_fuzzy_name,low,0.903226
2002,2000,HAMILTON,154 AIRPORT 4,3284,003477,0.29042726,tail_fuzzy_name,low,0.875
2002,2000,HAMILTON,154 AIRPORT 4,3284,003351,0.27928367,tail_fuzzy_name,low,0.875
2002,2000,HAMILTON,154 AIRPORT 4,3284,003414,0.12841425,tail_fuzzy_name,low,0.875
2002,2000,HAMILTON,154 AIRPORT 4,3284,003416,0.12096918,tail_fuzzy_name,low,0.875
2002,2000,HAMILTON,154 AIRPORT 4,3284,003381,0.07558368,tail_fuzzy_name,low,0.875
2002,2000,HAMILTON,154 AIRPORT 4,3284,003415,0.05572546,tail_fuzzy_name,low,0.875
2002,2000,HAMILTON,154 AIRPORT 4,3284,003469,0.02679795,tail_fuzzy_name,low,0.875
2002,2000,HAMILTON,154 AIRPORT 4,3284,003390,0.01582217,tail_fuzzy_name,low,0.875
2002,2000,HAMILTON,154 AIRPORT 4,3284,003417,0.00541138,tail_fuzzy_name,low,0.875
2002,2000,HAMILTON,154 AIRPORT 4,3284,003405,0.00148841,tail_fuzzy_name,low,0.875
2002,2000,HAMILTON,154 AIRPORT 4,3284,003364,7.442e-05,tail_fuzzy_name,low,0.875
2002,2000,HAMILTON,154 AIRPORT 4,3284,003372,2.17e-06,tail_fuzzy_name,low,0.875
2002,2000,HAMILTON,154 AIRPORT 4,3284,003476,0.0,tail_fuzzy_name,low,0.875
2002,2000,HAMILTON,154 AIRPORT 4,3284,003354,0.0,tail_fuzzy_name,low,0.875
2002,2000,HAMILTON,154 AIRPORT 4,3284,003470,0.0,tail_fuzzy_name,low,0.875
2002,2000,HAMILTON,154 AIRPORT 4,3284,003374,0.0,tail_fuzzy_name,low,0.875
2002,2000,HAMILTON,154 AIRPORT 4,3284,003396,0.0,tail_fuzzy_name,low,0.875
2002,2000,HAMILTON,154 AIRPORT 4,3284,003389,0.0,tail_fuzzy_name,low,0.875
2002,2000,HAMILTON,154 AIRPORT 4,3284,003377,0.0,tail_fuzzy_name,low,0.875
2002,2000,HAMILTON,154 AIRPORT 4,3284,003398,0.0,tail_fuzzy_name,low,0.875
2002,2000,HAMILTON,154 AIRPORT 4,3284,003363,0.0,tail_fuzzy_name,low,0.875
2002,2000,HAMILTON,154 AIRPORT 4,3284,003378,0.0,tail_fuzzy_name,low,0.875
2002,2000,HAMILTON,154 AIRPORT 4,3284,003432,0.0,tail_fuzzy_name,low,0.875
2002,2000,HAMILTON,154 AIRPORT 4,3284,003362,0.0,tail_fuzzy_name,low,0.875
2002,2000,HAMILTON,154 AIRPORT 4,3284,003397,0.0,tail_fuzzy_name,low,0.875
2002,2000,HAMILTON,154 AIRPORT 4,3284,003466,0.0,tail_fuzzy_name,low,0.875
2002,2000,HAMILTON,154 AIRPORT 4,3284,003358,0.0,tail_fuzzy_name,low,0.875
2002,2000,HAMILTON,154 AIRPORT 4,3284,003441,0.0,tail_fuzzy_name,low,0.875
2002,2000,HAMILTON,154 AIRPORT 4,3284,003365,0.0,tail_fuzzy_name,low,0.875
2002,2000,HAMILTON,154 AIRPORT 4,3284,003452,0.0,tail_fuzzy_name,low,0.875
2002,2000,HAMILTON,154 AIRPORT 4,3284,003451,0.0,tail_fuzzy_name,low,0.875
2002,2000,HAMILTON,154 AIRPORT 4,3284,003426,0.0,tail_fuzzy_name,low,0.875
2002,2000,HAMILTON,154 AIRPORT 4,3284,003392,0.0,tail_fuzzy_name,low,0.875
2002,2000,HAMILTON,154 AIRPORT 4,3284,003395,0.0,tail_fuzzy_name,low,0.875
2002,2000,HAMILTON,154 AIRPORT 4,3284,003393,0.0,tail_fuzzy_name,low,0.875
2002,2000,HAMILTON,154 AIRPORT 4,3284,003453,0.0,tail_fuzzy_name,low,0.875
2002,2000,HAYWOOD,04 COLLEGE HILL THEA,3960,003902,0.95544163,tail_fuzzy_name,low,0.918919
2002,2000,HAYWOOD,04 COLLEGE HILL THEA,3960,003906,0.04455837,tail_fuzzy_name,low,0.918919
2002,2000,HAYWOOD,04 COLLEGE HILL THEA,3960,003905,0.0,tail_fuzzy_name,low,0.918919
2002,2000,HAYWOOD,04 COLLEGE HILL THEA,3960,003904,0.0,tail_fuzzy_name,low,0.918919
2002,2000,HAYWOOD,04 COLLEGE HILL THEA,3960,003901,0.0,tail_fuzzy_name,low,0.918919
2002,2000,HAYWOOD,04 COLLEGE HILL THEA,3960,003903,0.0,tail_fuzzy_name,low,0.918919
2002,2000,HAYWOOD,04 COLLEGE HILL THEA,3960,003915,0.0,tail_fuzzy_name,low,0.918919
2002,2000,HAYWOOD,04 COLLEGE HILL THEA,3960,003914,0.0,tail_fuzzy_name,low,0.918919
2002,2000,HAYWOOD,04 COLLEGE HILL THEA,3960,003912,0.0,tail_fuzzy_name,low,0.918919
2002,2000,HAYWOOD,06 CITY FIRE DEPT,3964,003915,0.98242964,tail_fuzzy_name,low,0.9375
2002,2000,HAYWOOD,06 CITY FIRE DEPT,3964,003903,0.0174358,tail_fuzzy_name,low,0.9375
2002,2000,HAYWOOD,06 CITY FIRE DEPT,3964,003901,0.00013456,tail_fuzzy_name,low,0.9375
2002,2000,HAYWOOD,06 CITY FIRE DEPT,3964,003912,0.0,tail_fuzzy_name,low,0.9375
2002,2000,HAYWOOD,06 CITY FIRE DEPT,3964,003914,0.0,tail_fuzzy_name,low,0.9375
2002,2000,HAYWOOD,06 CITY FIRE DEPT,3964,003904,0.0,tail_fuzzy_name,low,0.9375
2002,2000,HAYWOOD,06 CITY FIRE DEPT,3964,003905,0.0,tail_fuzzy_name,low,0.9375
2002,2000,HAYWOOD,06 CITY FIRE DEPT,3964,003902,0.0,tail_fuzzy_name,low,0.9375
2002,2000,HAYWOOD,06 CITY FIRE DEPT,3964,003906,0.0,tail_fuzzy_name,low,0.9375
2002,2000,HAYWOOD,08 STANTON HEAD STRT,3970,003913,0.93748405,tail_fuzzy_name,low,0.971429
2002,2000,HAYWOOD,08 STANTON HEAD STRT,3970,003910,0.06251595,tail_fuzzy_name,low,0.971429
2002,2000,HAYWOOD,08 STANTON HEAD STRT,3970,003914,0.0,tail_fuzzy_name,low,0.971429
2002,2000,HAYWOOD,09 COLLEGE HILL CAFE,3954,003914,0.94689583,tail_fuzzy_name,low,0.871795
2002,2000,HAYWOOD,09 COLLEGE HILL CAFE,3954,003910,0.05310417,tail_fuzzy_name,low,0.871795
2002,2000,HAYWOOD,09 COLLEGE HILL CAFE,3954,003913,0.0,tail_fuzzy_name,low,0.871795
2002,2000,HAYWOOD,09 COLLEGE HILL CAFE,3954,003912,0.0,tail_fuzzy_name,low,0.871795
2002,2000,HAYWOOD,09 COLLEGE HILL CAFE,3954,003905,0.0,tail_fuzzy_name,low,0.871795
2002,2000,HAYWOOD,09 COLLEGE HILL CAFE,3954,003903,0.0,tail_fuzzy_name,low,0.871795
2002,2000,HAYWOOD,09 COLLEGE HILL CAFE,3954,003906,0.0,tail_fuzzy_name,low,0.871795
2002,2000,HAYWOOD,09 COLLEGE HILL CAFE,3954,003902,0.0,tail_fuzzy_name,low,0.871795
2002,2000,HAYWOOD,09 COLLEGE HILL CAFE,3954,003901,0.0,tail_fuzzy_name,low,0.871795
2002,2000,HAYWOOD,09 COLLEGE HILL CAFE,3954,003915,0.0,tail_fuzzy_name,low,0.871795
2002,2000,HAYWOOD,09 WEST HAYWOOD C,3982,003914,0.94752806,tail_fuzzy_name,low,0.923077
2002,2000,HAYWOOD,09 WEST HAYWOOD C,3982,003905,0.05247194,tail_fuzzy_name,low,0.923077
2002,2000,HAYWOOD,09 WEST HAYWOOD C,3982,003910,0.0,tail_fuzzy_name,low,0.923077
2002,2000,HAYWOOD,09 WEST HAYWOOD C,3982,003913,0.0,tail_fuzzy_name,low,0.923077
2002,2000,HAYWOOD,09 WEST HAYWOOD C,3982,003912,0.0,tail_fuzzy_name,low,0.923077
2002,2000,HAYWOOD,09 WEST HAYWOOD C,3982,003906,0.0,tail_fuzzy_name,low,0.923077
2002,2000,HAYWOOD,09 WEST HAYWOOD C,3982,003902,0.0,tail_fuzzy_name,low,0.923077
2002,2000,HAYWOOD,09 WEST HAYWOOD C,3982,003903,0.0,tail_fuzzy_name,low,0.923077
2002,2000,HAYWOOD,10 HAYWOOD JUNIOR H,3983,003905,0.69069433,tail_fuzzy_name,low,0.914286
2002,2000,HAYWOOD,10 HAYWOOD JUNIOR H,3983,003914,0.30930567,tail_fuzzy_name,low,0.914286
2002,2000,HAYWOOD,10 HAYWOOD JUNIOR H,3983,003906,0.0,tail_fuzzy_name,low,0.914286
2002,2000,HAYWOOD,10 HAYWOOD JUNIOR H,3983,003902,0.0,tail_fuzzy_name,low,0.914286
2002,2000,HAYWOOD,10 HAYWOOD JUNIOR H,3983,003912,0.0,tail_fuzzy_name,low,0.914286
2002,2000,HAYWOOD,10 HAYWOOD JUNIOR H,3983,003903,0.0,tail_fuzzy_name,low,0.914286
2002,2000,HAYWOOD,10 HAYWOOD JUNIOR H,3983,003910,0.0,tail_fuzzy_name,low,0.914286
2002,2000,HAYWOOD,10 HAYWOOD JUNIOR H,3983,003913,0.0,tail_fuzzy_name,low,0.914286
2002,2000,HAYWOOD,10 HAYWOOD JUNIOR H,3983,003901,0.0,tail_fuzzy_name,low,0.914286
2002,2000,HAYWOOD,10 HAYWOOD JUNIOR H,3983,003904,0.0,tail_fuzzy_name,low,0.914286
2002,2000,HAYWOOD,10 HAYWOOD JUNIOR H,3983,003915,0.0,tail_fuzzy_name,low,0.914286
2002,2000,HOUSTON,5 ERIN ELEMENTARY,4216,004305,0.8238818,tail_fuzzy_name,low,0.810811
2002,2000,HOUSTON,5 ERIN ELEMENTARY,4216,004302,0.17582568,tail_fuzzy_name,low,0.810811
2002,2000,HOUSTON,5 ERIN ELEMENTARY,4216,004303,0.00018544,tail_fuzzy_name,low,0.810811
2002,2000,HOUSTON,5 ERIN ELEMENTARY,4216,004304,0.00010708,tail_fuzzy_name,low,0.810811
2002,2000,HOUSTON,5 ERIN ELEMENTARY,4216,004307,0.0,tail_fuzzy_name,low,0.810811
2002,2000,HOUSTON,5 ERIN ELEMENTARY,4216,004306,0.0,tail_fuzzy_name,low,0.810811
2002,2000,HOUSTON,5 ERIN ELEMENTARY,4216,004301,0.0,tail_fuzzy_name,low,0.810811
2002,2000,MARION,06 BATTLECREEK,5594,005755,0.86132383,tail_fuzzy_name,low,0.956522
2002,2000,MARION,06 BATTLECREEK,5594,005756,0.0888508,tail_fuzzy_name,low,0.956522
2002,2000,MARION,06 BATTLECREEK,5594,005757,0.04849821,tail_fuzzy_name,low,0.956522
2002,2000,MARION,06 BATTLECREEK,5594,005752,0.00132495,tail_fuzzy_name,low,0.956522
2002,2000,MARION,06 BATTLECREEK,5594,005754,2.22e-06,tail_fuzzy_name,low,0.956522
2002,2000,MARION,06 BATTLECREEK,5594,005767,0.0,tail_fuzzy_name,low,0.956522
2002,2000,MARION,06 BATTLECREEK,5594,005762,0.0,tail_fuzzy_name,low,0.956522
2002,2000,MARION,06 BATTLECREEK,5594,005764,0.0,tail_fuzzy_name,low,0.956522
2002,2000,MARION,06 BATTLECREEK,5594,005759,0.0,tail_fuzzy_name,low,0.956522
2002,2000,MARION,06 BATTLECREEK,5594,005760,0.0,tail_fuzzy_name,low,0.956522
2002,2000,MARION,06 BATTLECREEK,5594,005763,0.0,tail_fuzzy_name,low,0.956522
2002,2000,MARION,06 BATTLECREEK,5594,005766,0.0,tail_fuzzy_name,low,0.956522
2002,2000,MARION,22 MINERAL SPRINGS,5649,005762,0.80523012,tail_fuzzy_name,low,0.909091
2002,2000,MARION,22 MINERAL SPRINGS,5649,005761,0.11774038,tail_fuzzy_name,low,0.909091
2002,2000,MARION,22 MINERAL SPRINGS,5649,005754,0.07678749,tail_fuzzy_name,low,0.909091
2002,2000,MARION,22 MINERAL SPRINGS,5649,005763,0.00024201,tail_fuzzy_name,low,0.909091
2002,2000,MARION,22 MINERAL SPRINGS,5649,005765,0.0,tail_fuzzy_name,low,0.909091
2002,2000,MARION,22 MINERAL SPRINGS,5649,005753,0.0,tail_fuzzy_name,low,0.909091
2002,2000,MARION,22 MINERAL SPRINGS,5649,005760,0.0,tail_fuzzy_name,low,0.909091
2002,2000,MARION,22 MINERAL SPRINGS,5649,005751,0.0,tail_fuzzy_name,low,0.909091
2002,2000,MARION,22 MINERAL SPRINGS,5649,005752,0.0,tail_fuzzy_name,low,0.909091
2002,2000,MARION,22 MINERAL SPRINGS,5649,005766,0.0,tail_fuzzy_name,low,0.909091
2002,2000,MARION,22 MINERAL SPRINGS,5649,005755,0.0,tail_fuzzy_name,low,0.909091
2002,2000,MARION,22 MINERAL SPRINGS,5649,005767,0.0,tail_fuzzy_name,low,0.909091
2002,2000,MARION,23 WALDEN S RIDGE,5650,005765,1.0,tail_fuzzy_name,low,0.962963
2002,2000,MARION,23 WALDEN S RIDGE,5650,005762,0.0,tail_fuzzy_name,low,0.962963
2002,2000,MARION,23 WALDEN S RIDGE,5650,005760,0.0,tail_fuzzy_name,low,0.962963
2002,2000,MARION,23 WALDEN S RIDGE,5650,005761,0.0,tail_fuzzy_name,low,0.962963
2002,2000,MARION,23 WALDEN S RIDGE,5650,005766,0.0,tail_fuzzy_name,low,0.962963
2002,2000,MARION,23 WALDEN S RIDGE,5650,005753,0.0,tail_fuzzy_name,low,0.962963
2002,2000,MARION,23 WALDEN S RIDGE,5650,005754,0.0,tail_fuzzy_name,low,0.962963
2002,2000,MARION,23 WALDEN S RIDGE,5650,005751,0.0,tail_fuzzy_name,low,0.962963
2002,2000,MARION,28 POWELLS CROSSRDS,5674,005760,0.96621371,tail_fuzzy_name,low,0.941176
2002,2000,MARION,28 POWELLS CROSSRDS,5674,005766,0.03378629,tail_fuzzy_name,low,0.941176
2002,2000,MARION,28 POWELLS CROSSRDS,5674,005767,0.0,tail_fuzzy_name,low,0.941176
2002,2000,MARION,28 POWELLS CROSSRDS,5674,005765,0.0,tail_fuzzy_name,low,0.941176
2002,2000,MARION,28 POWELLS CROSSRDS,5674,005762,0.0,tail_fuzzy_name,low,0.941176
2002,2000,MARION,28 POWELLS CROSSRDS,5674,005761,0.0,tail_fuzzy_name,low,0.941176
2002,2000,MARION,28 POWELLS CROSSRDS,5674,005752,0.0,tail_fuzzy_name,low,0.941176
2002,2000,MARION,28 POWELLS CROSSRDS,5674,005754,0.0,tail_fuzzy_name,low,0.941176
2002,2000,MARION,28 POWELLS CROSSRDS,5674,005753,0.0,tail_fuzzy_name,low,0.941176
2002,2000,MARION,28 POWELLS CROSSRDS,5674,005751,0.0,tail_fuzzy_name,low,0.941176
2002,2000,MARION,29 KETNERS MILL,5678,005760,0.9662957,tail_fuzzy_name,low,0.956522
2002,2000,MARION,29 KETNERS MILL,5678,005766,0.0337043,tail_fuzzy_name,low,0.956522
2002,2000,MARION,29 KETNERS MILL,5678,005762,0.0,tail_fuzzy_name,low,0.956522
2002,2000,MARION,29 KETNERS MILL,5678,005765,0.0,tail_fuzzy_name,low,0.956522
2002,2000,MARION,29 KETNERS MILL,5678,005752,0.0,tail_fuzzy_name,low,0.956522
2002,2000,MARION,29 KETNERS MILL,5678,005761,0.0,tail_fuzzy_name,low,0.956522
2002,2000,MARION,29 KETNERS MILL,5678,005767,0.0,tail_fuzzy_name,low,0.956522
2002,2000,MARION,29 KETNERS MILL,5678,005754,0.0,tail_fuzzy_name,low,0.956522
2002,2000,MARION,29 KETNERS MILL,5678,005753,0.0,tail_fuzzy_name,low,0.956522
2002,2000,MARION,29 KETNERS MILL,5678,005751,0.0,tail_fuzzy_name,low,0.956522
2002,2000,PERRY,301 COON CREEK,6516,006953,0.98555932,tail_fuzzy_name,low,0.740741
2002,2000,PERRY,301 COON CREEK,6516,006955,0.00702081,tail_fuzzy_name,low,0.740741
2002,2000,PERRY,301 COON CREEK,6516,006957,0.00546274,tail_fuzzy_name,low,0.740741
2002,2000,PERRY,301 COON CREEK,6516,006959,0.00195713,tail_fuzzy_name,low,0.740741
2002,2000,PERRY,301 COON CREEK,6516,006954,0.0,tail_fuzzy_name,low,0.740741
2002,2000,PERRY,301 COON CREEK,6516,006958,0.0,tail_fuzzy_name,low,0.740741
2002,2000,PERRY,301 COON CREEK,6516,006960,0.0,tail_fuzzy_name,low,0.740741
2002,2000,PERRY,301 COON CREEK,6516,006956,0.0,tail_fuzzy_name,low,0.740741
2002,2000,PERRY,301 COON CREEK,6516,006951,0.0,tail_fuzzy_name,low,0.740741
2002,2000,PERRY,301 COON CREEK,6516,006952,0.0,tail_fuzzy_name,low,0.740741
2002,2000,PUTNAM,01C SOUTH COOKEVILL,6714,007266,1.0,tail_fuzzy_name,low,0.967742
2002,2000,PUTNAM,01C SOUTH COOKEVILL,6714,007267,0.0,tail_fuzzy_name,low,0.967742
2002,2000,PUTNAM,01C SOUTH COOKEVILL,6714,007263,0.0,tail_fuzzy_name,low,0.967742
2002,2000,PUTNAM,01C SOUTH COOKEVILL,6714,007261,0.0,tail_fuzzy_name,low,0.967742
2002,2000,PUTNAM,01C SOUTH COOKEVILL,6714,007275,0.0,tail_fuzzy_name,low,0.967742
2002,2000,PUTNAM,01C SOUTH COOKEVILL,6714,007255,0.0,tail_fuzzy_name,low,0.967742
2002,2000,PUTNAM,01C SOUTH COOKEVILL,6714,007252,0.0,tail_fuzzy_name,low,0.967742
2002,2000,PUTNAM,01C SOUTH COOKEVILL,6714,007254,0.0,tail_fuzzy_name,low,0.967742
2002,2000,PUTNAM,01C SOUTH COOKEVILL,6714,007264,0.0,tail_fuzzy_name,low,0.967742
2002,2000,PUTNAM,01C SOUTH COOKEVILL,6714,007268,0.0,tail_fuzzy_name,low,0.967742
2002,2000,PUTNAM,01C SOUTH COOKEVILL,6714,007256,0.0,tail_fuzzy_name,low,0.967742
2002,2000,PUTNAM,01C SOUTH COOKEVILL,6714,007262,0.0,tail_fuzzy_name,low,0.967742
2002,2000,PUTNAM,01C SOUTH COOKEVILL,6714,007274,0.0,tail_fuzzy_name,low,0.967742
2002,2000,PUTNAM,01C SOUTH COOKEVILL,6714,007260,0.0,tail_fuzzy_name,low,0.967742
2002,2000,PUTNAM,01C SOUTH COOKEVILL,6714,007273,0.0,tail_fuzzy_name,low,0.967742
2002,2000,PUTNAM,01C SOUTH COOKEVILL,6714,007265,0.0,tail_fuzzy_name,low,0.967742
2002,2000,PUTNAM,01C SOUTH COOKEVILL,6714,007258,0.0,tail_fuzzy_name,low,0.967742
2002,2000,PUTNAM,04A MONTEREY CC,6748,007273,0.95931436,tail_fuzzy_name,low,0.75
2002,2000,PUTNAM,04A MONTEREY CC,6748,007262,0.04068564,tail_fuzzy_name,low,0.75
2002,2000,PUTNAM,04A MONTEREY CC,6748,007260,0.0,tail_fuzzy_name,low,0.75
2002,2000,PUTNAM,04A MONTEREY CC,6748,007274,0.0,tail_fuzzy_name,low,0.75
2002,2000,PUTNAM,04A MONTEREY CC,6748,007275,0.0,tail_fuzzy_name,low,0.75
2002,2000,PUTNAM,04A MONTEREY CC,6748,007261,0.0,tail_fuzzy_name,low,0.75
2002,2000,PUTNAM,06B PARK VIEW IN,6756,007264,1.0,tail_fuzzy_name,low,0.814815
2002,2000,PUTNAM,06B PARK VIEW IN,6756,007266,0.0,tail_fuzzy_name,low,0.814815
2002,2000,PUTNAM,06B PARK VIEW IN,6756,007263,0.0,tail_fuzzy_name,low,0.814815
2002,2000,PUTNAM,06B PARK VIEW IN,6756,007258,0.0,tail_fuzzy_name,low,0.814815
2002,2000,PUTNAM,06B PARK VIEW IN,6756,007256,0.0,tail_fuzzy_name,low,0.814815
2002,2000,PUTNAM,06B PARK VIEW IN,6756,007265,0.0,tail_fuzzy_name,low,0.814815
2002,2000,PUTNAM,06B PARK VIEW IN,6756,007257,0.0,tail_fuzzy_name,low,0.814815
2002,2000,PUTNAM,06B PARK VIEW IN,6756,007255,0.0,tail_fuzzy_name,low,0.814815
2002,2000,PUTNAM,06B PARK VIEW IN,6756,007261,0.0,tail_fuzzy_name,low,0.814815
2002,2000,PUTNAM,06B PARK VIEW IN,6756,007251,0.0,tail_fuzzy_name,low,0.814815
2002,2000,PUTNAM,06B PARK VIEW IN,6756,007267,0.0,tail_fuzzy_name,low,0.814815
2002,2000,PUTNAM,06B PARK VIEW IN,6756,007252,0.0,tail_fuzzy_name,low,0.814815
2002,2000,PUTNAM,06C PARK VIEW OUT,6757,007264,1.0,tail_fuzzy_name,low,0.827586
2002,2000,PUTNAM,06C PARK VIEW OUT,6757,007263,0.0,tail_fuzzy_name,low,0.827586
2002,2000,PUTNAM,06C PARK VIEW OUT,6757,007266,0.0,tail_fuzzy_name,low,0.827586
2002,2000,PUTNAM,06C PARK VIEW OUT,6757,007265,0.0,tail_fuzzy_name,low,0.827586
2002,2000,PUTNAM,06C PARK VIEW OUT,6757,007256,0.0,tail_fuzzy_name,low,0.827586
2002,2000,PUTNAM,06C PARK VIEW OUT,6757,007258,0.0,tail_fuzzy_name,low,0.827586
2002,2000,PUTNAM,06C PARK VIEW OUT,6757,007268,0.0,tail_fuzzy_name,low,0.827586
2002,2000,PUTNAM,06C PARK VIEW OUT,6757,007267,0.0,tail_fuzzy_name,low,0.827586
2002,2000,PUTNAM,06C PARK VIEW OUT,6757,007269,0.0,tail_fuzzy_name,low,0.827586
2002,2000,PUTNAM,08C BLOOMINGTON SP,6676,007271,0.55248066,tail_fuzzy_name,low,0.848485
2002,2000,PUTNAM,08C BLOOMINGTON SP,6676,007265,0.44751934,tail_fuzzy_name,low,0.848485
2002,2000,PUTNAM,08C BLOOMINGTON SP,6676,007269,0.0,tail_fuzzy_name,low,0.848485
2002,2000,PUTNAM,08C BLOOMINGTON SP,6676,007270,0.0,tail_fuzzy_name,low,0.848485
2002,2000,PUTNAM,08C BLOOMINGTON SP,6676,007263,0.0,tail_fuzzy_name,low,0.848485
2002,2000,PUTNAM,08C BLOOMINGTON SP,6676,007257,0.0,tail_fuzzy_name,low,0.848485
2002,2000,PUTNAM,08C BLOOMINGTON SP,6676,007264,0.0,tail_fuzzy_name,low,0.848485
2002,2000,PUTNAM,08C BLOOMINGTON SP,6676,007272,0.0,tail_fuzzy_name,low,0.848485
2002,2000,PUTNAM,08C BLOOMINGTON SP,6676,007268,0.0,tail_fuzzy_name,low,0.848485
2002,2000,PUTNAM,08C BLOOMINGTON SP,6676,007258,0.0,tail_fuzzy_name,low,0.848485
2002,2000,PUTNAM,08C BLOOMINGTON SP,6676,007253,0.0,tail_fuzzy_name,low,0.848485
2002,2000,PUTNAM,08C BLOOMINGTON SP,6676,007251,0.0,tail_fuzzy_name,low,0.848485
2002,2000,PUTNAM,08C BLOOMINGTON SP,6676,007256,0.0,tail_fuzzy_name,low,0.848485
2002,2000,PUTNAM,09A DOUBLE SPGS NO,6720,007265,0.55017484,tail_fuzzy_name,low,0.785714
2002,2000,PUTNAM,09A DOUBLE SPGS NO,6720,007269,0.26061353,tail_fuzzy_name,low,0.785714
2002,2000,PUTNAM,09A DOUBLE SPGS NO,6720,007263,0.11324747,tail_fuzzy_name,low,0.785714
2002,2000,PUTNAM,09A DOUBLE SPGS NO,6720,007264,0.07093062,tail_fuzzy_name,low,0.785714
2002,2000,PUTNAM,09A DOUBLE SPGS NO,6720,007258,0.00463078,tail_fuzzy_name,low,0.785714
2002,2000,PUTNAM,09A DOUBLE SPGS NO,6720,007257,0.0002284,tail_fuzzy_name,low,0.785714
2002,2000,PUTNAM,09A DOUBLE SPGS NO,6720,007256,0.00017436,tail_fuzzy_name,low,0.785714
2002,2000,PUTNAM,09A DOUBLE SPGS NO,6720,007268,0.0,tail_fuzzy_name,low,0.785714
2002,2000,PUTNAM,09A DOUBLE SPGS NO,6720,007271,0.0,tail_fuzzy_name,low,0.785714
2002,2000,PUTNAM,09A DOUBLE SPGS NO,6720,007266,0.0,tail_fuzzy_name,low,0.785714
2002,2000,PUTNAM,09A DOUBLE SPGS NO,6720,007272,0.0,tail_fuzzy_name,low,0.785714
2002,2000,PUTNAM,09A DOUBLE SPGS NO,6720,007253,0.0,tail_fuzzy_name,low,0.785714
2002,2000,PUTNAM,09A DOUBLE SPGS NO,6720,007267,0.0,tail_fuzzy_name,low,0.785714
2002,2000,PUTNAM,09A DOUBLE SPGS NO,6720,007251,0.0,tail_fuzzy_name,low,0.785714
2002,2000,PUTNAM,09A DOUBLE SPGS NO,6720,007270,0.0,tail_fuzzy_name,low,0.785714
2002,2000,PUTNAM,09B DOUBLE SPGS SO,6720,007265,0.55017484,tail_fuzzy_name,low,0.785714
2002,2000,PUTNAM,09B DOUBLE SPGS SO,6720,007269,0.26061353,tail_fuzzy_name,low,0.785714
2002,2000,PUTNAM,09B DOUBLE SPGS SO,6720,007263,0.11324747,tail_fuzzy_name,low,0.785714
2002,2000,PUTNAM,09B DOUBLE SPGS SO,6720,007264,0.07093062,tail_fuzzy_name,low,0.785714
2002,2000,PUTNAM,09B DOUBLE SPGS SO,6720,007258,0.00463078,tail_fuzzy_name,low,0.785714
2002,2000,PUTNAM,09B DOUBLE SPGS SO,6720,007257,0.0002284,tail_fuzzy_name,low,0.785714
2002,2000,PUTNAM,09B DOUBLE SPGS SO,6720,007256,0.00017436,tail_fuzzy_name,low,0.785714
2002,2000,PUTNAM,09B DOUBLE SPGS SO,6720,007268,0.0,tail_fuzzy_name,low,0.785714
2002,2000,PUTNAM,09B DOUBLE SPGS SO,6720,007271,0.0,tail_fuzzy_name,low,0.785714
2002,2000,PUTNAM,09B DOUBLE SPGS SO,6720,007266,0.0,tail_fuzzy_name,low,0.785714
2002,2000,PUTNAM,09B DOUBLE SPGS SO,6720,007272,0.0,tail_fuzzy_name,low,0.785714
2002,2000,PUTNAM,09B DOUBLE SPGS SO,6720,007253,0.0,tail_fuzzy_name,low,0.785714
2002,2000,PUTNAM,09B DOUBLE SPGS SO,6720,007267,0.0,tail_fuzzy_name,low,0.785714
2002,2000,PUTNAM,09B DOUBLE SPGS SO,6720,007251,0.0,tail_fuzzy_name,low,0.785714
2002,2000,PUTNAM,09B DOUBLE SPGS SO,6720,007270,0.0,tail_fuzzy_name,low,0.785714
2002,2000,ROANE,HARRIMAN WARD 1,6892,007465,0.99998857,tail_fuzzy_name,low,0.9
2002,2000,ROANE,HARRIMAN WARD 1,6892,007460,1.143e-05,tail_fuzzy_name,low,0.9
2002,2000,ROANE,HARRIMAN WARD 1,6892,007464,0.0,tail_fuzzy_name,low,0.9
2002,2000,ROANE,HARRIMAN WARD 1,6892,007461,0.0,tail_fuzzy_name,low,0.9
2002,2000,ROANE,HARRIMAN WARD 1,6892,007472,0.0,tail_fuzzy_name,low,0.9
2002,2000,ROANE,HARRIMAN WARD 1,6892,007463,0.0,tail_fuzzy_name,low,0.9
2002,2000,ROANE,HARRIMAN WARD 1,6892,007462,0.0,tail_fuzzy_name,low,0.9
2002,2000,ROANE,HARRIMAN WARD 1,6892,007457,0.0,tail_fuzzy_name,low,0.9
2002,2000,ROANE,HARRIMAN WARD 2,6892,007465,0.99998857,tail_fuzzy_name,low,0.9
2002,2000,ROANE,HARRIMAN WARD 2,6892,007460,1.143e-05,tail_fuzzy_name,low,0.9
2002,2000,ROANE,HARRIMAN WARD 2,6892,007464,0.0,tail_fuzzy_name,low,0.9
2002,2000,ROANE,HARRIMAN WARD 2,6892,007461,0.0,tail_fuzzy_name,low,0.9
2002,2000,ROANE,HARRIMAN WARD 2,6892,007472,0.0,tail_fuzzy_name,low,0.9
2002,2000,ROANE,HARRIMAN WARD 2,6892,007463,0.0,tail_fuzzy_name,low,0.9
2002,2000,ROANE,HARRIMAN WARD 2,6892,007462,0.0,tail_fuzzy_name,low,0.9
2002,2000,ROANE,HARRIMAN WARD 2,6892,007457,0.0,tail_fuzzy_name,low,0.9
2002,2000,ROANE,JOHNSON SCHOOL HOU,6900,007474,1.0,tail_fuzzy_name,low,0.947368
2002,2000,ROANE,JOHNSON SCHOOL HOU,6900,007473,0.0,tail_fuzzy_name,low,0.947368
2002,2000,ROANE,JOHNSON SCHOOL HOU,6900,007454,0.0,tail_fuzzy_name,low,0.947368
2002,2000,ROANE,JOHNSON SCHOOL HOU,6900,007469,0.0,tail_fuzzy_name,low,0.947368
2002,2000,ROANE,JOHNSON SCHOOL HOU,6900,007468,0.0,tail_fuzzy_name,low,0.947368
2002,2000,ROANE,JOHNSON SCHOOL HOU,6900,007451,0.0,tail_fuzzy_name,low,0.947368
2002,2000,ROANE,JOHNSON SCHOOL HOU,6900,007455,0.0,tail_fuzzy_name,low,0.947368
2002,2000,ROANE,JOHNSON SCHOOL HOU,6900,007452,0.0,tail_fuzzy_name,low,0.947368
2002,2000,ROANE,KINGSTON WARD 1,6904,007460,0.51185796,tail_fuzzy_name,low,0.9
2002,2000,ROANE,KINGSTON WARD 1,6904,007462,0.403828,tail_fuzzy_name,low,0.9
2002,2000,ROANE,KINGSTON WARD 1,6904,007463,0.08431404,tail_fuzzy_name,low,0.9
2002,2000,ROANE,KINGSTON WARD 1,6904,007464,0.0,tail_fuzzy_name,low,0.9
2002,2000,ROANE,KINGSTON WARD 1,6904,007457,0.0,tail_fuzzy_name,low,0.9
2002,2000,ROANE,KINGSTON WARD 1,6904,007469,0.0,tail_fuzzy_name,low,0.9
2002,2000,ROANE,KINGSTON WARD 1,6904,007456,0.0,tail_fuzzy_name,low,0.9
2002,2000,ROANE,KINGSTON WARD 1,6904,007461,0.0,tail_fuzzy_name,low,0.9
2002,2000,ROANE,KINGSTON WARD 1,6904,007465,0.0,tail_fuzzy_name,low,0.9
2002,2000,ROANE,KINGSTON WARD 1,6904,007467,0.0,tail_fuzzy_name,low,0.9
2002,2000,ROANE,KINGSTON WARD 1,6904,007472,0.0,tail_fuzzy_name,low,0.9
2002,2000,ROANE,KINGSTON WARD 1,6904,007455,0.0,tail_fuzzy_name,low,0.9
2002,2000,ROANE,KINGSTON WARD 1,6904,007468,0.0,tail_fuzzy_name,low,0.9
2002,2000,ROANE,KINGSTON WARD 1,6904,007452,0.0,tail_fuzzy_name,low,0.9
2002,2000,ROANE,KINGSTON WARD 1,6904,007459,0.0,tail_fuzzy_name,low,0.9
2002,2000,ROANE,KINGSTON WARD 1,6904,007458,0.0,tail_fuzzy_name,low,0.9
2002,2000,ROANE,KINGSTON WARD 1,6904,007454,0.0,tail_fuzzy_name,low,0.9
2002,2000,ROANE,KINGSTON WARD 1,6904,007470,0.0,tail_fuzzy_name,low,0.9
2002,2000,ROANE,KINGSTON WARD 1,6904,007471,0.0,tail_fuzzy_name,low,0.9
2002,2000,RUTHERFORD,04 2 BUD S TIRE SHOP,7080,007700,0.58320485,tail_fuzzy_name,low,0.965517
2002,2000,RUTHERFORD,04 2 BUD S TIRE SHOP,7080,007656,0.14675537,tail_fuzzy_name,low,0.965517
2002,2000,RUTHERFORD,04 2 BUD S TIRE SHOP,7080,007661,0.13296319,tail_fuzzy_name,low,0.965517
2002,2000,RUTHERFORD,04 2 BUD S TIRE SHOP,7080,007695,0.07254058,tail_fuzzy_name,low,0.965517
2002,2000,RUTHERFORD,04 2 BUD S TIRE SHOP,7080,007696,0.04986539,tail_fuzzy_name,low,0.965517
2002,2000,RUTHERFORD,04 2 BUD S TIRE SHOP,7080,007690,0.01191841,tail_fuzzy_name,low,0.965517
2002,2000,RUTHERFORD,04 2 BUD S TIRE SHOP,7080,007688,0.00180254,tail_fuzzy_name,low,0.965517
2002,2000,RUTHERFORD,04 2 BUD S TIRE SHOP,7080,007657,0.00094792,tail_fuzzy_name,low,0.965517
2002,2000,RUTHERFORD,04 2 BUD S TIRE SHOP,7080,007686,1.77e-06,tail_fuzzy_name,low,0.965517
2002,2000,RUTHERFORD,04 2 BUD S TIRE SHOP,7080,007658,0.0,tail_fuzzy_name,low,0.965517
2002,2000,RUTHERFORD,04 2 BUD S TIRE SHOP,7080,007689,0.0,tail_fuzzy_name,low,0.965517
2002,2000,RUTHERFORD,04 2 BUD S TIRE SHOP,7080,007662,0.0,tail_fuzzy_name,low,0.965517
2002,2000,RUTHERFORD,04 2 BUD S TIRE SHOP,7080,007698,0.0,tail_fuzzy_name,low,0.965517
2002,2000,RUTHERFORD,04 2 BUD S TIRE SHOP,7080,007652,0.0,tail_fuzzy_name,low,0.965517
2002,2000,RUTHERFORD,04 2 BUD S TIRE SHOP,7080,007683,0.0,tail_fuzzy_name,low,0.965517
2002,2000,RUTHERFORD,04 2 BUD S TIRE SHOP,7080,007687,0.0,tail_fuzzy_name,low,0.965517
2002,2000,RUTHERFORD,04 2 BUD S TIRE SHOP,7080,007682,0.0,tail_fuzzy_name,low,0.965517
2002,2000,RUTHERFORD,04 2 BUD S TIRE SHOP,7080,007653,0.0,tail_fuzzy_name,low,0.965517
2002,2000,RUTHERFORD,06 1 BUCHANAN SCHO,7064,007661,0.84581157,tail_fuzzy_name,low,0.928571
2002,2000,RUTHERFORD,06 1 BUCHANAN SCHO,7064,007696,0.05078711,tail_fuzzy_name,low,0.928571
2002,2000,RUTHERFORD,06 1 BUCHANAN SCHO,7064,007662,0.045004,tail_fuzzy_name,low,0.928571
2002,2000,RUTHERFORD,06 1 BUCHANAN SCHO,7064,007695,0.03963174,tail_fuzzy_name,low,0.928571
2002,2000,RUTHERFORD,06 1 BUCHANAN SCHO,7064,007690,0.01414489,tail_fuzzy_name,low,0.928571
2002,2000,RUTHERFORD,06 1 BUCHANAN SCHO,7064,007689,0.00257328,tail_fuzzy_name,low,0.928571
2002,2000,RUTHERFORD,06 1 BUCHANAN SCHO,7064,007688,0.00152138,tail_fuzzy_name,low,0.928571
2002,2000,RUTHERFORD,06 1 BUCHANAN SCHO,7064,007656,0.00043575,tail_fuzzy_name,low,0.928571
2002,2000,RUTHERFORD,06 1 BUCHANAN SCHO,7064,007700,7.204e-05,tail_fuzzy_name,low,0.928571
2002,2000,RUTHERFORD,06 1 BUCHANAN SCHO,7064,007683,1.675e-05,tail_fuzzy_name,low,0.928571
2002,2000,RUTHERFORD,06 1 BUCHANAN SCHO,7064,007686,1.49e-06,tail_fuzzy_name,low,0.928571
2002,2000,RUTHERFORD,06 1 BUCHANAN SCHO,7064,007667,0.0,tail_fuzzy_name,low,0.928571
2002,2000,RUTHERFORD,06 1 BUCHANAN SCHO,7064,007664,0.0,tail_fuzzy_name,low,0.928571
2002,2000,RUTHERFORD,06 1 BUCHANAN SCHO,7064,007668,0.0,tail_fuzzy_name,low,0.928571
2002,2000,RUTHERFORD,06 1 BUCHANAN SCHO,7064,007677,0.0,tail_fuzzy_name,low,0.928571
2002,2000,RUTHERFORD,06 1 BUCHANAN SCHO,7064,007657,0.0,tail_fuzzy_name,low,0.928571
2002,2000,RUTHERFORD,06 1 BUCHANAN SCHO,7064,007678,0.0,tail_fuzzy_name,low,0.928571
2002,2000,RUTHERFORD,06 1 BUCHANAN SCHO,7064,007694,0.0,tail_fuzzy_name,low,0.928571
2002,2000,RUTHERFORD,06 1 BUCHANAN SCHO,7064,007685,0.0,tail_fuzzy_name,low,0.928571
2002,2000,RUTHERFORD,06 1 BUCHANAN SCHO,7064,007658,0.0,tail_fuzzy_name,low,0.928571
2002,2000,RUTHERFORD,07 2 RIVERDALE HS,7148,007668,0.29542464,tail_fuzzy_name,low,0.785714
2002,2000,RUTHERFORD,07 2 RIVERDALE HS,7148,007665,0.2691589,tail_fuzzy_name,low,0.785714
2002,2000,RUTHERFORD,07 2 RIVERDALE HS,7148,007664,0.16851091,tail_fuzzy_name,low,0.785714
2002,2000,RUTHERFORD,07 2 RIVERDALE HS,7148,007662,0.13381545,tail_fuzzy_name,low,0.785714
2002,2000,RUTHERFORD,07 2 RIVERDALE HS,7148,007667,0.07292672,tail_fuzzy_name,low,0.785714
2002,2000,RUTHERFORD,07 2 RIVERDALE HS,7148,007663,0.03581189,tail_fuzzy_name,low,0.785714
2002,2000,RUTHERFORD,07 2 RIVERDALE HS,7148,007677,0.0084675,tail_fuzzy_name,low,0.785714
2002,2000,RUTHERFORD,07 2 RIVERDALE HS,7148,007694,0.00711059,tail_fuzzy_name,low,0.785714
2002,2000,RUTHERFORD,07 2 RIVERDALE HS,7148,007689,0.00457042,tail_fuzzy_name,low,0.785714
2002,2000,RUTHERFORD,07 2 RIVERDALE HS,7148,007678,0.00409378,tail_fuzzy_name,low,0.785714
2002,2000,RUTHERFORD,07 2 RIVERDALE HS,7148,007685,0.00010919,tail_fuzzy_name,low,0.785714
2002,2000,RUTHERFORD,07 2 RIVERDALE HS,7148,007690,0.0,tail_fuzzy_name,low,0.785714
2002,2000,RUTHERFORD,07 2 RIVERDALE HS,7148,007661,0.0,tail_fuzzy_name,low,0.785714
2002,2000,RUTHERFORD,07 2 RIVERDALE HS,7148,007696,0.0,tail_fuzzy_name,low,0.785714
2002,2000,RUTHERFORD,07 2 RIVERDALE HS,7148,007693,0.0,tail_fuzzy_name,low,0.785714
2002,2000,RUTHERFORD,07 2 RIVERDALE HS,7148,007683,0.0,tail_fuzzy_name,low,0.785714
2002,2000,RUTHERFORD,07 2 RIVERDALE HS,7148,007666,0.0,tail_fuzzy_name,low,0.785714
2002,2000,RUTHERFORD,07 2 RIVERDALE HS,7148,007692,0.0,tail_fuzzy_name,low,0.785714
2002,2000,RUTHERFORD,07 2 RIVERDALE HS,7148,007679,0.0,tail_fuzzy_name,low,0.785714
2002,2000,RUTHERFORD,07 2 RIVERDALE HS,7148,007670,0.0,tail_fuzzy_name,low,0.785714
2002,2000,RUTHERFORD,07 2 RIVERDALE HS,7148,007684,0.0,tail_fuzzy_name,low,0.785714
2002,2000,RUTHERFORD,07 2 RIVERDALE HS,7148,007691,0.0,tail_fuzzy_name,low,0.785714
2002,2000,RUTHERFORD,07 2 RIVERDALE HS,7148,007654,0.0,tail_fuzzy_name,low,0.785714
2002,2000,RUTHERFORD,08 4 ROCKVALE CC,7152,007665,0.93389461,tail_fuzzy_name,low,0.769231
2002,2000,RUTHERFORD,08 4 ROCKVALE CC,7152,007693,0.02696529,tail_fuzzy_name,low,0.769231
2002,2000,RUTHERFORD,08 4 ROCKVALE CC,7152,007667,0.01886889,tail_fuzzy_name,low,0.769231
2002,2000,RUTHERFORD,08 4 ROCKVALE CC,7152,007663,0.01811084,tail_fuzzy_name,low,0.769231
2002,2000,RUTHERFORD,08 4 ROCKVALE CC,7152,007694,0.00213213,tail_fuzzy_name,low,0.769231
2002,2000,RUTHERFORD,08 4 ROCKVALE CC,7152,007685,2.825e-05,tail_fuzzy_name,low,0.769231
2002,2000,RUTHERFORD,08 4 ROCKVALE CC,7152,007666,0.0,tail_fuzzy_name,low,0.769231
2002,2000,RUTHERFORD,08 4 ROCKVALE CC,7152,007664,0.0,tail_fuzzy_name,low,0.769231
2002,2000,RUTHERFORD,08 4 ROCKVALE CC,7152,007670,0.0,tail_fuzzy_name,low,0.769231
2002,2000,RUTHERFORD,08 4 ROCKVALE CC,7152,007668,0.0,tail_fuzzy_name,low,0.769231
2002,2000,RUTHERFORD,08 4 ROCKVALE CC,7152,007669,0.0,tail_fuzzy_name,low,0.769231
2002,2000,RUTHERFORD,08 4 ROCKVALE CC,7152,007678,0.0,tail_fuzzy_name,low,0.769231
2002,2000,RUTHERFORD,08 4 ROCKVALE CC,7152,007662,0.0,tail_fuzzy_name,low,0.769231
2002,2000,RUTHERFORD,08 4 ROCKVALE CC,7152,007677,0.0,tail_fuzzy_name,low,0.769231
2002,2000,RUTHERFORD,08 4 ROCKVALE CC,7152,007689,0.0,tail_fuzzy_name,low,0.769231
2002,2000,RUTHERFORD,11 1 SMYRNA FIRE,7160,007673,0.54164634,tail_fuzzy_name,low,0.758621
2002,2000,RUTHERFORD,11 1 SMYRNA FIRE,7160,007674,0.15853332,tail_fuzzy_name,low,0.758621
2002,2000,RUTHERFORD,11 1 SMYRNA FIRE,7160,007676,0.13956585,tail_fuzzy_name,low,0.758621
2002,2000,RUTHERFORD,11 1 SMYRNA FIRE,7160,007699,0.13058129,tail_fuzzy_name,low,0.758621
2002,2000,RUTHERFORD,11 1 SMYRNA FIRE,7160,007671,0.02226172,tail_fuzzy_name,low,0.758621
2002,2000,RUTHERFORD,11 1 SMYRNA FIRE,7160,007669,0.00741149,tail_fuzzy_name,low,0.758621
2002,2000,RUTHERFORD,11 1 SMYRNA FIRE,7160,007675,0.0,tail_fuzzy_name,low,0.758621
2002,2000,RUTHERFORD,11 1 SMYRNA FIRE,7160,007672,0.0,tail_fuzzy_name,low,0.758621
2002,2000,RUTHERFORD,11 1 SMYRNA FIRE,7160,007659,0.0,tail_fuzzy_name,low,0.758621
2002,2000,RUTHERFORD,11 1 SMYRNA FIRE,7160,007660,0.0,tail_fuzzy_name,low,0.758621
2002,2000,RUTHERFORD,11 1 SMYRNA FIRE,7160,007691,0.0,tail_fuzzy_name,low,0.758621
2002,2000,RUTHERFORD,11 1 SMYRNA FIRE,7160,007655,0.0,tail_fuzzy_name,low,0.758621
2002,2000,RUTHERFORD,11 1 SMYRNA FIRE,7160,007670,0.0,tail_fuzzy_name,low,0.758621
2002,2000,RUTHERFORD,11 1 SMYRNA FIRE,7160,007654,0.0,tail_fuzzy_name,low,0.758621
2002,2000,RUTHERFORD,11 1 SMYRNA FIRE,7160,007651,0.0,tail_fuzzy_name,low,0.758621
2002,2000,RUTHERFORD,11 1 SMYRNA FIRE,7160,007693,0.0,tail_fuzzy_name,low,0.758621
2002,2000,RUTHERFORD,11 1 SMYRNA FIRE,7160,007692,0.0,tail_fuzzy_name,low,0.758621
2002,2000,RUTHERFORD,13 1 BELLWOOD SCHOO,7061,007690,0.4997503,tail_fuzzy_name,low,0.965517
2002,2000,RUTHERFORD,13 1 BELLWOOD SCHOO,7061,007689,0.30217386,tail_fuzzy_name,low,0.965517
2002,2000,RUTHERFORD,13 1 BELLWOOD SCHOO,7061,007664,0.12631726,tail_fuzzy_name,low,0.965517
2002,2000,RUTHERFORD,13 1 BELLWOOD SCHOO,7061,007662,0.02941221,tail_fuzzy_name,low,0.965517
2002,2000,RUTHERFORD,13 1 BELLWOOD SCHOO,7061,007661,0.02629431,tail_fuzzy_name,low,0.965517
2002,2000,RUTHERFORD,13 1 BELLWOOD SCHOO,7061,007695,0.00764739,tail_fuzzy_name,low,0.965517
2002,2000,RUTHERFORD,13 1 BELLWOOD SCHOO,7061,007696,0.00490934,tail_fuzzy_name,low,0.965517
2002,2000,RUTHERFORD,13 1 BELLWOOD SCHOO,7061,007683,0.00255711,tail_fuzzy_name,low,0.965517
2002,2000,RUTHERFORD,13 1 BELLWOOD SCHOO,7061,007688,0.00089498,tail_fuzzy_name,low,0.965517
2002,2000,RUTHERFORD,13 1 BELLWOOD SCHOO,7061,007700,4.238e-05,tail_fuzzy_name,low,0.965517
2002,2000,RUTHERFORD,13 1 BELLWOOD SCHOO,7061,007686,8.8e-07,tail_fuzzy_name,low,0.965517
2002,2000,RUTHERFORD,13 1 BELLWOOD SCHOO,7061,007677,0.0,tail_fuzzy_name,low,0.965517
2002,2000,RUTHERFORD,13 1 BELLWOOD SCHOO,7061,007668,0.0,tail_fuzzy_name,low,0.965517
2002,2000,RUTHERFORD,13 1 BELLWOOD SCHOO,7061,007678,0.0,tail_fuzzy_name,low,0.965517
2002,2000,RUTHERFORD,13 1 BELLWOOD SCHOO,7061,007663,0.0,tail_fuzzy_name,low,0.965517
2002,2000,RUTHERFORD,13 1 BELLWOOD SCHOO,7061,007667,0.0,tail_fuzzy_name,low,0.965517
2002,2000,RUTHERFORD,13 1 BELLWOOD SCHOO,7061,007694,0.0,tail_fuzzy_name,low,0.965517
2002,2000,RUTHERFORD,13 1 BELLWOOD SCHOO,7061,007657,0.0,tail_fuzzy_name,low,0.965517
2002,2000,RUTHERFORD,13 1 BELLWOOD SCHOO,7061,007685,0.0,tail_fuzzy_name,low,0.965517
2002,2000,RUTHERFORD,13 1 BELLWOOD SCHOO,7061,007665,0.0,tail_fuzzy_name,low,0.965517
2002,2000,RUTHERFORD,13 2 CASON LANE ACA,7078,007677,0.43685915,tail_fuzzy_name,low,0.875
2002,2000,RUTHERFORD,13 2 CASON LANE ACA,7078,007689,0.23393402,tail_fuzzy_name,low,0.875
2002,2000,RUTHERFORD,13 2 CASON LANE ACA,7078,007678,0.20332226,tail_fuzzy_name,low,0.875
2002,2000,RUTHERFORD,13 2 CASON LANE ACA,7078,007663,0.1125685,tail_fuzzy_name,low,0.875
2002,2000,RUTHERFORD,13 2 CASON LANE ACA,7078,007685,0.00731388,tail_fuzzy_name,low,0.875
2002,2000,RUTHERFORD,13 2 CASON LANE ACA,7078,007692,0.00592828,tail_fuzzy_name,low,0.875
2002,2000,RUTHERFORD,13 2 CASON LANE ACA,7078,007694,7.391e-05,tail_fuzzy_name,low,0.875
2002,2000,RUTHERFORD,13 2 CASON LANE ACA,7078,007664,0.0,tail_fuzzy_name,low,0.875
2002,2000,RUTHERFORD,13 2 CASON LANE ACA,7078,007668,0.0,tail_fuzzy_name,low,0.875
2002,2000,RUTHERFORD,13 2 CASON LANE ACA,7078,007662,0.0,tail_fuzzy_name,low,0.875
2002,2000,RUTHERFORD,13 2 CASON LANE ACA,7078,007679,0.0,tail_fuzzy_name,low,0.875
2002,2000,RUTHERFORD,13 2 CASON LANE ACA,7078,007690,0.0,tail_fuzzy_name,low,0.875
2002,2000,RUTHERFORD,13 2 CASON LANE ACA,7078,007665,0.0,tail_fuzzy_name,low,0.875
2002,2000,RUTHERFORD,13 2 CASON LANE ACA,7078,007667,0.0,tail_fuzzy_name,low,0.875
2002,2000,RUTHERFORD,13 2 CASON LANE ACA,7078,007683,0.0,tail_fuzzy_name,low,0.875
2002,2000,RUTHERFORD,13 2 CASON LANE ACA,7078,007693,0.0,tail_fuzzy_name,low,0.875
2002,2000,RUTHERFORD,13 2 CASON LANE ACA,7078,007682,0.0,tail_fuzzy_name,low,0.875
2002,2000,RUTHERFORD,13 2 CASON LANE ACA,7078,007696,0.0,tail_fuzzy_name,low,0.875
2002,2000,RUTHERFORD,13 2 CASON LANE ACA,7078,007684,0.0,tail_fuzzy_name,low,0.875
2002,2000,RUTHERFORD,13 2 CASON LANE ACA,7078,007670,0.0,tail_fuzzy_name,low,0.875
2002,2000,RUTHERFORD,13 2 CASON LANE ACA,7078,007695,0.0,tail_fuzzy_name,low,0.875
2002,2000,RUTHERFORD,13 2 CASON LANE ACA,7078,007691,0.0,tail_fuzzy_name,low,0.875
2002,2000,RUTHERFORD,13 2 CASON LANE ACA,7078,007654,0.0,tail_fuzzy_name,low,0.875
2002,2000,RUTHERFORD,16 2 MITCHELL N ELEM,7133,007683,0.51560294,tail_fuzzy_name,low,0.763636
2002,2000,RUTHERFORD,16 2 MITCHELL N ELEM,7133,007677,0.38416933,tail_fuzzy_name,low,0.763636
2002,2000,RUTHERFORD,16 2 MITCHELL N ELEM,7133,007685,0.09569293,tail_fuzzy_name,low,0.763636
2002,2000,RUTHERFORD,16 2 MITCHELL N ELEM,7133,007679,0.0045348,tail_fuzzy_name,low,0.763636
2002,2000,RUTHERFORD,16 2 MITCHELL N ELEM,7133,007682,0.0,tail_fuzzy_name,low,0.763636
2002,2000,RUTHERFORD,16 2 MITCHELL N ELEM,7133,007684,0.0,tail_fuzzy_name,low,0.763636
2002,2000,RUTHERFORD,16 2 MITCHELL N ELEM,7133,007692,0.0,tail_fuzzy_name,low,0.763636
2002,2000,RUTHERFORD,16 2 MITCHELL N ELEM,7133,007689,0.0,tail_fuzzy_name,low,0.763636
2002,2000,RUTHERFORD,19 1 MITCHELL N PRIM,7128,007679,0.52603509,tail_fuzzy_name,low,0.857143
2002,2000,RUTHERFORD,19 1 MITCHELL N PRIM,7128,007692,0.23953835,tail_fuzzy_name,low,0.857143
2002,2000,RUTHERFORD,19 1 MITCHELL N PRIM,7128,007680,0.10638992,tail_fuzzy_name,low,0.857143
2002,2000,RUTHERFORD,19 1 MITCHELL N PRIM,7128,007683,0.03989895,tail_fuzzy_name,low,0.857143
2002,2000,RUTHERFORD,19 1 MITCHELL N PRIM,7128,007654,0.03472288,tail_fuzzy_name,low,0.857143
2002,2000,RUTHERFORD,19 1 MITCHELL N PRIM,7128,007685,0.03276694,tail_fuzzy_name,low,0.857143
2002,2000,RUTHERFORD,19 1 MITCHELL N PRIM,7128,007681,0.01183102,tail_fuzzy_name,low,0.857143
2002,2000,RUTHERFORD,19 1 MITCHELL N PRIM,7128,007698,0.00881685,tail_fuzzy_name,low,0.857143
2002,2000,RUTHERFORD,19 1 MITCHELL N PRIM,7128,007682,0.0,tail_fuzzy_name,low,0.857143
2002,2000,RUTHERFORD,19 1 MITCHELL N PRIM,7128,007653,0.0,tail_fuzzy_name,low,0.857143
2002,2000,RUTHERFORD,19 1 MITCHELL N PRIM,7128,007677,0.0,tail_fuzzy_name,low,0.857143
2002,2000,RUTHERFORD,19 1 MITCHELL N PRIM,7128,007684,0.0,tail_fuzzy_name,low,0.857143
2002,2000,RUTHERFORD,19 1 MITCHELL N PRIM,7128,007694,0.0,tail_fuzzy_name,low,0.857143
2002,2000,RUTHERFORD,19 1 MITCHELL N PRIM,7128,007658,0.0,tail_fuzzy_name,low,0.857143
2002,2000,RUTHERFORD,19 1 MITCHELL N PRIM,7128,007670,0.0,tail_fuzzy_name,low,0.857143
2002,2000,RUTHERFORD,19 1 MITCHELL N PRIM,7128,007693,0.0,tail_fuzzy_name,low,0.857143
2002,2000,RUTHERFORD,19 1 MITCHELL N PRIM,7128,007691,0.0,tail_fuzzy_name,low,0.857143
2002,2000,RUTHERFORD,19 2 SEIGEL MID SCH,7072,007683,1.0,tail_fuzzy_name,low,0.780488
2002,2000,RUTHERFORD,19 2 SEIGEL MID SCH,7072,007682,0.0,tail_fuzzy_name,low,0.780488
2002,2000,RUTHERFORD,19 2 SEIGEL MID SCH,7072,007677,0.0,tail_fuzzy_name,low,0.780488
2002,2000,RUTHERFORD,19 2 SEIGEL MID SCH,7072,007686,0.0,tail_fuzzy_name,low,0.780488
2002,2000,RUTHERFORD,19 2 SEIGEL MID SCH,7072,007681,0.0,tail_fuzzy_name,low,0.780488
2002,2000,RUTHERFORD,19 2 SEIGEL MID SCH,7072,007658,0.0,tail_fuzzy_name,low,0.780488
2002,2000,RUTHERFORD,19 2 SEIGEL MID SCH,7072,007657,0.0,tail_fuzzy_name,low,0.780488
2002,2000,RUTHERFORD,19 2 SEIGEL MID SCH,7072,007689,0.0,tail_fuzzy_name,low,0.780488
2002,2000,RUTHERFORD,19 2 SEIGEL MID SCH,7072,007687,0.0,tail_fuzzy_name,low,0.780488
2002,2000,RUTHERFORD,19 2 SEIGEL MID SCH,7072,007685,0.0,tail_fuzzy_name,low,0.780488
2002,2000,RUTHERFORD,19 2 SEIGEL MID SCH,7072,007698,0.0,tail_fuzzy_name,low,0.780488
2002,2000,RUTHERFORD,19 2 SEIGEL MID SCH,7072,007679,0.0,tail_fuzzy_name,low,0.780488
2002,2000,RUTHERFORD,19 2 SEIGEL MID SCH,7072,007688,0.0,tail_fuzzy_name,low,0.780488
2002,2000,RUTHERFORD,19 2 SEIGEL MID SCH,7072,007696,0.0,tail_fuzzy_name,low,0.780488
2002,2000,RUTHERFORD,19 2 SEIGEL MID SCH,7072,007700,0.0,tail_fuzzy_name,low,0.780488
2002,2000,RUTHERFORD,19 2 SEIGEL MID SCH,7072,007684,0.0,tail_fuzzy_name,low,0.780488
2002,2000,RUTHERFORD,19 2 SEIGEL MID SCH,7072,007690,0.0,tail_fuzzy_name,low,0.780488
2002,2000,RUTHERFORD,19 2 SEIGEL MID SCH,7072,007680,0.0,tail_fuzzy_name,low,0.780488
2002,2000,RUTHERFORD,19 2 SEIGEL MID SCH,7072,007692,0.0,tail_fuzzy_name,low,0.780488
2002,2000,RUTHERFORD,19 2 SEIGEL MID SCH,7072,007695,0.0,tail_fuzzy_name,low,0.780488
2002,2000,RUTHERFORD,19 2 SEIGEL MID SCH,7072,007661,0.0,tail_fuzzy_name,low,0.780488
2002,2000,RUTHERFORD,19 2 SEIGEL MID SCH,7072,007662,0.0,tail_fuzzy_name,low,0.780488
2002,2000,RUTHERFORD,21 1 HOBGOOD SCHOO,7056,007695,0.35801829,tail_fuzzy_name,low,0.962963
2002,2000,RUTHERFORD,21 1 HOBGOOD SCHOO,7056,007690,0.27529628,tail_fuzzy_name,low,0.962963
2002,2000,RUTHERFORD,21 1 HOBGOOD SCHOO,7056,007696,0.20515842,tail_fuzzy_name,low,0.962963
2002,2000,RUTHERFORD,21 1 HOBGOOD SCHOO,7056,007661,0.11570827,tail_fuzzy_name,low,0.962963
2002,2000,RUTHERFORD,21 1 HOBGOOD SCHOO,7056,007688,0.04188848,tail_fuzzy_name,low,0.962963
2002,2000,RUTHERFORD,21 1 HOBGOOD SCHOO,7056,007700,0.00326605,tail_fuzzy_name,low,0.962963
2002,2000,RUTHERFORD,21 1 HOBGOOD SCHOO,7056,007662,0.00031144,tail_fuzzy_name,low,0.962963
2002,2000,RUTHERFORD,21 1 HOBGOOD SCHOO,7056,007656,0.00030549,tail_fuzzy_name,low,0.962963
2002,2000,RUTHERFORD,21 1 HOBGOOD SCHOO,7056,007686,4.105e-05,tail_fuzzy_name,low,0.962963
2002,2000,RUTHERFORD,21 1 HOBGOOD SCHOO,7056,007689,4.13e-06,tail_fuzzy_name,low,0.962963
2002,2000,RUTHERFORD,21 1 HOBGOOD SCHOO,7056,007657,2.08e-06,tail_fuzzy_name,low,0.962963
2002,2000,RUTHERFORD,21 1 HOBGOOD SCHOO,7056,007683,0.0,tail_fuzzy_name,low,0.962963
2002,2000,RUTHERFORD,21 1 HOBGOOD SCHOO,7056,007658,0.0,tail_fuzzy_name,low,0.962963
2002,2000,RUTHERFORD,21 1 HOBGOOD SCHOO,7056,007667,0.0,tail_fuzzy_name,low,0.962963
2002,2000,RUTHERFORD,21 1 HOBGOOD SCHOO,7056,007668,0.0,tail_fuzzy_name,low,0.962963
2002,2000,RUTHERFORD,21 1 HOBGOOD SCHOO,7056,007677,0.0,tail_fuzzy_name,low,0.962963
2002,2000,RUTHERFORD,21 1 HOBGOOD SCHOO,7056,007687,0.0,tail_fuzzy_name,low,0.962963
2002,2000,RUTHERFORD,21 1 HOBGOOD SCHOO,7056,007682,0.0,tail_fuzzy_name,low,0.962963
2002,2000,TIPTON,21 WEST WILKINSVILLE,9132,008701,0.76252456,tail_fuzzy_name,low,0.827586
2002,2000,TIPTON,21 WEST WILKINSVILLE,9132,008706,0.20646839,tail_fuzzy_name,low,0.827586
2002,2000,TIPTON,21 WEST WILKINSVILLE,9132,008707,0.03100705,tail_fuzzy_name,low,0.827586
2002,2000,TIPTON,21 WEST WILKINSVILLE,9132,008704,0.0,tail_fuzzy_name,low,0.827586
2002,2000,TIPTON,21 WEST WILKINSVILLE,9132,008709,0.0,tail_fuzzy_name,low,0.827586
2002,2000,TIPTON,21 WEST WILKINSVILLE,9132,008702,0.0,tail_fuzzy_name,low,0.827586
2002,2000,TIPTON,22 WEST BRIGHTON,9072,008703,0.43516693,tail_fuzzy_name,low,0.761905
2002,2000,TIPTON,22 WEST BRIGHTON,9072,008702,0.39544176,tail_fuzzy_name,low,0.761905
2002,2000,TIPTON,22 WEST BRIGHTON,9072,008704,0.12368063,tail_fuzzy_name,low,0.761905
2002,2000,TIPTON,22 WEST BRIGHTON,9072,008705,0.04034372,tail_fuzzy_name,low,0.761905
2002,2000,TIPTON,22 WEST BRIGHTON,9072,008708,0.00209479,tail_fuzzy_name,low,0.761905
2002,2000,TIPTON,22 WEST BRIGHTON,9072,008701,0.00129635,tail_fuzzy_name,low,0.761905
2002,2000,TIPTON,22 WEST BRIGHTON,9072,008709,0.00107065,tail_fuzzy_name,low,0.761905
2002,2000,TIPTON,22 WEST BRIGHTON,9072,008707,0.00090517,tail_fuzzy_name,low,0.761905
2002,2000,TIPTON,22 WEST BRIGHTON,9072,008706,0.0,tail_fuzzy_name,low,0.761905
2002,2000,TIPTON,23 EAST BRIGHTON,9072,008703,0.43516693,tail_fuzzy_name,low,0.761905
2002,2000,TIPTON,23 EAST BRIGHTON,9072,008702,0.39544176,tail_fuzzy_name,low,0.761905
2002,2000,TIPTON,23 EAST BRIGHTON,9072,008704,0.12368063,tail_fuzzy_name,low,0.761905
2002,2000,TIPTON,23 EAST BRIGHTON,9072,008705,0.04034372,tail_fuzzy_name,low,0.761905
2002,2000,TIPTON,23 EAST BRIGHTON,9072,008708,0.00209479,tail_fuzzy_name,low,0.761905
2002,2000,TIPTON,23 EAST BRIGHTON,9072,008701,0.00129635,tail_fuzzy_name,low,0.761905
2002,2000,TIPTON,23 EAST BRIGHTON,9072,008709,0.00107065,tail_fuzzy_name,low,0.761905
2002,2000,TIPTON,23 EAST BRIGHTON,9072,008707,0.00090517,tail_fuzzy_name,low,0.761905
2002,2000,TIPTON,23 EAST BRIGHTON,9072,008706,0.0,tail_fuzzy_name,low,0.761905
2002,2000,VAN BUREN,FALL CRK FALLS CC,9292,009103,0.9998518,tail_fuzzy_name,low,0.842105
2002,2000,VAN BUREN,FALL CRK FALLS CC,9292,009105,0.0001482,tail_fuzzy_name,low,0.842105
2002,2000,VAN BUREN,FALL CRK FALLS CC,9292,009102,0.0,tail_fuzzy_name,low,0.842105
2002,2000,VAN BUREN,FALL CRK FALLS CC,9292,009106,0.0,tail_fuzzy_name,low,0.842105
2002,2000,VAN BUREN,FALL CRK FALLS CC,9292,009104,0.0,tail_fuzzy_name,low,0.842105
2002,2000,VAN BUREN,FALL CRK FALLS CC,9292,009101,0.0,tail_fuzzy_name,low,0.842105
2002,2000,VAN BUREN,FALL CRK FALLS CC,9292,009107,0.0,tail_fuzzy_name,low,0.842105
