confidence_tier,county_norm,dst_vtd20,from_precinct_norm,from_year,match_method,match_score,official_name,source_vintage,src_vtdst,weight
high,ANDERSON,000001,ANDERSONVILLE,2022,official_vtd_exact_name_nhgis_blocks,0.95,Andersonville,2020,1591,0.977516324622
high,ANDERSON,000018,ANDERSONVILLE,2022,official_vtd_exact_name_nhgis_blocks,0.95,Andersonville,2020,1591,0.022483675378
high,ANDERSON,000003,BULL RUN,2022,official_vtd_exact_name_nhgis_blocks,0.95,Bull Run,2020,1592,0.989695385079
high,ANDERSON,000004,BULL RUN,2022,official_vtd_exact_name_nhgis_blocks,0.95,Bull Run,2020,1592,0.010304614921
high,ANDERSON,000002,BRICEVILLE,2022,official_vtd_exact_name_nhgis_blocks,0.95,Briceville,2020,1603,1.0
high,ANDERSON,000004,BRUSHY VALLEY,2022,official_vtd_exact_name_nhgis_blocks,0.95,Brushy Valley,2020,1618,1.0
high,ANDERSON,000004,CLAXTON,2022,official_vtd_exact_name_nhgis_blocks,0.95,Claxton,2020,1604,1.0
high,ANDERSON,000005,CLINTON,2022,official_vtd_exact_name_nhgis_blocks,0.95,Clinton,2020,1597,0.998823082392
high,ANDERSON,000006,CLINTON,2022,official_vtd_exact_name_nhgis_blocks,0.95,Clinton,2020,1597,0.000501758245
high,ANDERSON,000019,CLINTON,2022,official_vtd_exact_name_nhgis_blocks,0.95,Clinton,2020,1597,0.000675159363
high,ANDERSON,000006,CLINTON HIGH,2022,official_vtd_exact_name_nhgis_blocks,0.95,Clinton High,2020,1607,0.392018460779
high,ANDERSON,000009,CLINTON HIGH,2022,official_vtd_exact_name_nhgis_blocks,0.95,Clinton High,2020,1607,0.607981539221
high,ANDERSON,000008,DUTCH VALLEY,2022,official_vtd_exact_name_nhgis_blocks,0.95,Dutch Valley,2020,1608,0.779640094426
high,ANDERSON,000016,DUTCH VALLEY,2022,official_vtd_exact_name_nhgis_blocks,0.95,Dutch Valley,2020,1608,0.220359905574
high,ANDERSON,000009,EMORY VALLEY,2022,official_vtd_exact_name_nhgis_blocks,0.95,Emory Valley,2020,1616,0.994313483686
high,ANDERSON,000013,EMORY VALLEY,2022,official_vtd_exact_name_nhgis_blocks,0.95,Emory Valley,2020,1616,0.005686516314
high,ANDERSON,000010,FAIRVIEW,2022,official_vtd_exact_name_nhgis_blocks,0.95,Fairview,2020,1598,1.0
high,ANDERSON,000011,GLEN ALPINE,2022,official_vtd_exact_name_nhgis_blocks,0.95,Glen Alpine,2020,1599,1.0
high,ANDERSON,000009,GLENWOOD,2022,official_vtd_exact_name_nhgis_blocks,0.95,Glenwood,2020,1612,0.454729987286
high,ANDERSON,000012,GLENWOOD,2022,official_vtd_exact_name_nhgis_blocks,0.95,Glenwood,2020,1612,0.418622692905
high,ANDERSON,000022,GLENWOOD,2022,official_vtd_exact_name_nhgis_blocks,0.95,Glenwood,2020,1612,0.126647319809
high,ANDERSON,000013,HENDRIX CREEK,2022,official_vtd_exact_name_nhgis_blocks,0.95,Hendrix Creek,2020,1615,1.0
high,ANDERSON,000014,HIGHLAND VIEW,2022,official_vtd_exact_name_nhgis_blocks,0.95,Highland View,2020,1614,0.996725842154
high,ANDERSON,000023,HIGHLAND VIEW,2022,official_vtd_exact_name_nhgis_blocks,0.95,Highland View,2020,1614,0.003274157846
high,ANDERSON,000009,MARLOW,2022,official_vtd_exact_name_nhgis_blocks,0.95,Marlow,2020,1609,0.00034860077
high,ANDERSON,000014,MARLOW,2022,official_vtd_exact_name_nhgis_blocks,0.95,Marlow,2020,1609,0.193900922757
high,ANDERSON,000017,MARLOW,2022,official_vtd_exact_name_nhgis_blocks,0.95,Marlow,2020,1609,0.730599366817
high,ANDERSON,000022,MARLOW,2022,official_vtd_exact_name_nhgis_blocks,0.95,Marlow,2020,1609,0.075151109656
high,ANDERSON,000001,NORRIS,2022,official_vtd_exact_name_nhgis_blocks,0.95,Norris,2020,1600,0.218493323313
high,ANDERSON,000011,NORRIS,2022,official_vtd_exact_name_nhgis_blocks,0.95,Norris,2020,1600,0.003983146299
high,ANDERSON,000018,NORRIS,2022,official_vtd_exact_name_nhgis_blocks,0.95,Norris,2020,1600,0.777523530388
high,ANDERSON,000011,NORTH CLINTON,2022,official_vtd_exact_name_nhgis_blocks,0.95,North Clinton,2020,1606,0.264940602029
high,ANDERSON,000019,NORTH CLINTON,2022,official_vtd_exact_name_nhgis_blocks,0.95,North Clinton,2020,1606,0.735059397971
high,ANDERSON,000020,NORWOOD,2022,official_vtd_exact_name_nhgis_blocks,0.95,Norwood,2020,1593,1.0
high,ANDERSON,000022,PINE VALLEY,2022,official_vtd_exact_name_nhgis_blocks,0.95,Pine Valley,2020,1613,1.0
high,ANDERSON,000023,ROBERTSVILLE,2022,official_vtd_exact_name_nhgis_blocks,0.95,Robertsville,2020,1611,1.0
high,ANDERSON,000015,ROCKY TOP,2022,official_vtd_exact_name_nhgis_blocks,0.95,Rocky Top,2020,1601,0.939351944616
high,ANDERSON,000016,ROCKY TOP,2022,official_vtd_exact_name_nhgis_blocks,0.95,Rocky Top,2020,1601,0.060648055384
high,ANDERSON,000024,ROSEDALE,2022,official_vtd_exact_name_nhgis_blocks,0.95,Rosedale,2020,1595,1.0
high,ANDERSON,000025,SOUTH CLINTON,2022,official_vtd_exact_name_nhgis_blocks,0.95,South Clinton,2020,1605,1.0
high,ANDERSON,000026,WEST HILLS,2022,official_vtd_exact_name_nhgis_blocks,0.95,West Hills,2020,1594,1.0
high,ANDERSON,000009,WOODLAND,2022,official_vtd_exact_name_nhgis_blocks,0.95,Woodland,2020,1596,0.080698586484
high,ANDERSON,000013,WOODLAND,2022,official_vtd_exact_name_nhgis_blocks,0.95,Woodland,2020,1596,0.509091303388
high,ANDERSON,000021,WOODLAND,2022,official_vtd_exact_name_nhgis_blocks,0.95,Woodland,2020,1596,0.00426676197
high,ANDERSON,000027,WOODLAND,2022,official_vtd_exact_name_nhgis_blocks,0.95,Woodland,2020,1596,0.405943348158
high,BEDFORD,000101,1 1 WARTRACE,2022,official_vtd_equivalent_code_nhgis_blocks,0.97,101 Wartrace Baptist Church,2020,9,1.0
high,BEDFORD,000101,1 2 BELL BUCKLE,2022,official_vtd_equivalent_code_nhgis_blocks,0.97,102 Bell Buckle/Webb School,2020,4,0.018684790231
high,BEDFORD,000102,1 2 BELL BUCKLE,2022,official_vtd_equivalent_code_nhgis_blocks,0.97,102 Bell Buckle/Webb School,2020,4,0.981302088853
high,BEDFORD,000103,1 2 BELL BUCKLE,2022,official_vtd_equivalent_code_nhgis_blocks,0.97,102 Bell Buckle/Webb School,2020,4,1.3120916e-05
high,BEDFORD,000103,2 3 DEASON,2022,official_vtd_equivalent_code_nhgis_blocks,0.97,203 Fairhaven Baptist Church,2020,1,0.604996766598
high,BEDFORD,000110,2 3 DEASON,2022,official_vtd_equivalent_code_nhgis_blocks,0.97,203 Fairhaven Baptist Church,2020,1,0.394968601022
high,BEDFORD,000111,2 3 DEASON,2022,official_vtd_equivalent_code_nhgis_blocks,0.97,203 Fairhaven Baptist Church,2020,1,3.463238e-05
high,BEDFORD,000104,3 3 UNIONVILLE,2022,official_vtd_equivalent_code_nhgis_blocks,0.97,303 Community Elementary School,2020,3,1.0
high,BEDFORD,000105,4 3 BEDFORD,2022,official_vtd_equivalent_code_nhgis_blocks,0.97,403 Bedford Community Center,2020,2,1.0
high,BEDFORD,000106,5 2 FLAT CREEK,2022,official_vtd_equivalent_code_nhgis_blocks,0.97,502 Flat Creek Community Center,2020,5,1.0
high,BEDFORD,000101,5 5 NORMANDY,2022,official_vtd_equivalent_code_nhgis_blocks,0.97,505 Normandy Baptist Church,2020,10,0.116185825272
high,BEDFORD,000107,5 5 NORMANDY,2022,official_vtd_equivalent_code_nhgis_blocks,0.97,505 Normandy Baptist Church,2020,10,0.883814174728
high,BEDFORD,000108,6 1 EAST SIDE,2022,official_vtd_equivalent_code_nhgis_blocks,0.97,601 First Baptist Church,2020,0,1.0
high,BEDFORD,000108,7 1 DEERY EAKIN,2022,official_vtd_equivalent_code_nhgis_blocks,0.97,701 Deery Eakin School,2020,6,0.094227768852
high,BEDFORD,000109,7 1 DEERY EAKIN,2022,official_vtd_equivalent_code_nhgis_blocks,0.97,701 Deery Eakin School,2020,6,0.905772231148
high,BEDFORD,000110,8 1 THOMAS,2022,official_vtd_equivalent_code_nhgis_blocks,0.97,801 Thomas School,2020,8,1.0
high,BEDFORD,000111,9 2 SOUTHSIDE,2022,official_vtd_equivalent_code_nhgis_blocks,0.97,902 Southside School,2020,7,1.0
high,BENTON,000204,1 HOLLADAY,2022,official_vtd_exact_label_code_nhgis_blocks,0.97,1 Holladay School,2020,12,1.0
high,BENTON,000201,2 CAMDEN JR HIGH,2022,official_vtd_exact_label_code_nhgis_blocks,0.97,2 Camden High School,2020,15,1.0
high,BENTON,000203,3 CAMDEN CITY HALL,2022,official_vtd_exact_label_code_nhgis_blocks,0.97,3 Benton Co. Courthouse,2020,11,1.0
high,BENTON,000202,4 CAMDEN ELEMENTARY,2022,official_vtd_exact_label_code_nhgis_blocks,0.97,4 Camden Elementary School,2020,16,1.0
high,BENTON,000205,5 LIBRARY,2022,official_vtd_exact_label_code_nhgis_blocks,0.97,5 Bemton Co. Courthouse,2020,13,1.0
high,BENTON,000206,6 BIG SANDY,2022,official_vtd_exact_label_code_nhgis_blocks,0.97,6 Big Sandy School,2020,14,1.0
high,BLEDSOE,000304,1 1 DILL,2022,official_vtd_code_and_name_nhgis_blocks,1.0,1-1 Dill,2020,17,1.0
high,BLEDSOE,000305,1 2 GRIFFITH,2022,official_vtd_code_and_name_nhgis_blocks,1.0,1-2 Griffith,2020,18,1.0
high,BLEDSOE,000305,1 3 MT CREST,2022,official_vtd_code_and_name_nhgis_blocks,1.0,1-3 Mt. Crest,2020,19,0.009255292721
high,BLEDSOE,000309,1 3 MT CREST,2022,official_vtd_code_and_name_nhgis_blocks,1.0,1-3 Mt. Crest,2020,19,0.990744707279
high,BLEDSOE,000303,2 1 COLD SPRINGS,2022,official_vtd_code_and_name_nhgis_blocks,1.0,2-1 Cold Springs,2020,22,0.351209641885
high,BLEDSOE,000307,2 1 COLD SPRINGS,2022,official_vtd_code_and_name_nhgis_blocks,1.0,2-1 Cold Springs,2020,22,0.002905963037
high,BLEDSOE,000310,2 1 COLD SPRINGS,2022,official_vtd_code_and_name_nhgis_blocks,1.0,2-1 Cold Springs,2020,22,0.645884395078
high,BLEDSOE,000307,2 2 LUMINARY,2022,official_vtd_code_and_name_nhgis_blocks,1.0,2-2 Luminary,2020,23,1.0
high,BLEDSOE,000302,3 1 BRAYTON,2022,official_vtd_code_and_name_nhgis_blocks,1.0,3-1 Brayton,2020,27,1.0
high,BLEDSOE,000312,3 2 RIGSBY,2022,official_vtd_code_and_name_nhgis_blocks,1.0,3-2 Rigsby,2020,28,1.0
high,BLEDSOE,000303,4 1 PIKEVILLE,2022,official_vtd_exact_name_nhgis_blocks,0.95,Pikeville,2020,24,0.013213596961
high,BLEDSOE,000311,4 1 PIKEVILLE,2022,official_vtd_exact_name_nhgis_blocks,0.95,Pikeville,2020,24,0.986786403039
high,BLEDSOE,000301,5 1 BELLVIEW,2022,official_vtd_code_and_name_nhgis_blocks,1.0,5-1 Bellview,2020,20,1.0
high,BLEDSOE,000310,5 2 NINE MILE,2022,official_vtd_code_and_name_nhgis_blocks,1.0,5-2 Nine Mile,2020,21,1.0
high,BLEDSOE,000306,6 1 LEE STATION,2022,official_vtd_code_and_name_nhgis_blocks,1.0,6-1 Lee Station,2020,25,0.922242402038
high,BLEDSOE,000308,6 1 LEE STATION,2022,official_vtd_code_and_name_nhgis_blocks,1.0,6-1 Lee Station,2020,25,0.043895335554
high,BLEDSOE,000311,6 1 LEE STATION,2022,official_vtd_code_and_name_nhgis_blocks,1.0,6-1 Lee Station,2020,25,0.033862262408
high,BLEDSOE,000308,6 2 LUSK,2022,official_vtd_code_and_name_nhgis_blocks,1.0,6-2 Lusk,2020,26,1.0
high,BRADLEY,000501,1 1 MCDONALD,2022,official_vtd_code_and_name_nhgis_blocks,0.99,101 McDonald,2020,1523,1.0
high,BRADLEY,000516,1 2 PROSPECT,2022,official_vtd_code_and_name_nhgis_blocks,0.99,102 Prospect,2020,1522,1.0
high,BRADLEY,000517,1 3 HOPEWELL,2022,official_vtd_equivalent_code_nhgis_blocks,0.97,103 Hopwell,2020,1521,1.0
high,BRADLEY,000504,2 1 E L ROSS,2022,official_vtd_code_and_name_nhgis_blocks,0.99,201 E.L. Ross,2020,1537,1.0
high,BRADLEY,000505,2 2 WALKER VALLEY,2022,official_vtd_code_and_name_nhgis_blocks,0.99,202 Walker Valley,2020,1538,1.0
high,BRADLEY,000509,3 1 LEE UNIVERSITY,2022,official_vtd_code_and_name_nhgis_blocks,0.99,301 Lee University,2020,1532,1.0
high,BRADLEY,000506,3 2 SENIOR CENTER,2022,official_vtd_code_and_name_nhgis_blocks,0.99,302 Senior Center,2020,1535,1.0
high,BRADLEY,000512,4 1 OAK GROVE,2022,official_vtd_code_and_name_nhgis_blocks,0.99,401 Oak Grove,2020,1531,1.0
high,BRADLEY,000505,4 2 MICHIGAN AVE,2022,official_vtd_code_and_name_nhgis_blocks,0.99,402 Michigan Ave,2020,1534,0.015442831401
high,BRADLEY,000506,4 2 MICHIGAN AVE,2022,official_vtd_code_and_name_nhgis_blocks,0.99,402 Michigan Ave,2020,1534,4.1365022e-05
high,BRADLEY,000508,4 2 MICHIGAN AVE,2022,official_vtd_code_and_name_nhgis_blocks,0.99,402 Michigan Ave,2020,1534,0.984515803577
high,BRADLEY,000514,5 1 BLYTHE BOWER,2022,official_vtd_code_and_name_nhgis_blocks,0.99,501 Blythe/Bower,2020,1529,1.0
high,BRADLEY,000509,5 2 MUSEUM,2022,official_vtd_code_and_name_nhgis_blocks,0.99,502 Museum,2020,1530,0.024675683437
high,BRADLEY,000510,5 2 MUSEUM,2022,official_vtd_code_and_name_nhgis_blocks,0.99,502 Museum,2020,1530,0.975324316563
high,BRADLEY,000511,6 1 VALLEY VIEW,2022,official_vtd_equivalent_code_nhgis_blocks,0.97,601 Valley View A,2020,1527,1.0
high,BRADLEY,000515,6 2 BLUE SPRINGS,2022,official_vtd_code_and_name_nhgis_blocks,0.99,602 Blue Springs,2020,1525,1.0
high,BRADLEY,000513,6 3 WATERVILLE,2022,official_vtd_code_and_name_nhgis_blocks,0.99,603 Waterville,2020,1528,1.0
high,BRADLEY,000503,6 4 BLACK FOX,2022,official_vtd_code_and_name_nhgis_blocks,0.99,604 Black Fox,2020,1524,1.0
high,BRADLEY,000511,6 5 VALLEY VIEW,2022,official_vtd_equivalent_code_nhgis_blocks,0.97,605 Valley View B,2020,1526,1.0
high,BRADLEY,000502,7 1 STUART,2022,official_vtd_code_and_name_nhgis_blocks,0.99,701 Stuart,2020,1533,1.0
high,BRADLEY,000507,7 2 CLEVELAND HIGH,2022,official_vtd_code_and_name_nhgis_blocks,0.99,702 Cleveland High,2020,1536,1.0
high,CANNON,000701,1 1 WESTSIDE,2022,official_vtd_exact_name_nhgis_blocks,0.95,Westside,2020,977,1.0
high,CANNON,000706,2 1 AUBURNTOWN,2022,official_vtd_exact_name_nhgis_blocks,0.95,Auburntown,2020,982,1.0
high,CANNON,000702,2 2 GASSAWAY,2022,official_vtd_exact_name_nhgis_blocks,0.95,Gassaway,2020,983,0.84018431009
high,CANNON,000706,2 2 GASSAWAY,2022,official_vtd_exact_name_nhgis_blocks,0.95,Gassaway,2020,983,0.15981568991
high,CANNON,000707,2 3 PLEASANT RIDGE,2022,official_vtd_exact_name_nhgis_blocks,0.95,Pleasant Ridge,2020,980,1.0
high,CANNON,000703,3 2 WOODLAND,2022,official_vtd_exact_name_nhgis_blocks,0.95,Woodland,2020,978,1.0
high,CANNON,000704,4 1 EASTSIDE,2022,official_vtd_exact_name_nhgis_blocks,0.95,Eastside,2020,981,0.910838788512
high,CANNON,000709,4 1 EASTSIDE,2022,official_vtd_exact_name_nhgis_blocks,0.95,Eastside,2020,981,0.089161211488
high,CANNON,000704,5 1 WOODBURY,2022,official_vtd_exact_name_nhgis_blocks,0.95,Woodbury,2020,979,0.170906546427
high,CANNON,000705,5 1 WOODBURY,2022,official_vtd_exact_name_nhgis_blocks,0.95,Woodbury,2020,979,0.829093453573
high,CARROLL,000816,1 1 LAVINIA,2022,official_vtd_code_and_name_nhgis_blocks,1.0,1-1 Lavinia,2020,68,1.0
high,CARROLL,000804,1 2 CEDAR GROVE,2022,official_vtd_code_and_name_nhgis_blocks,1.0,1-2 Cedar Grove,2020,60,1.0
high,CARROLL,000817,1 3 ATWOOD,2022,official_vtd_code_and_name_nhgis_blocks,1.0,1-3 Atwood,2020,67,1.0
high,CARROLL,000807,2 1 MCLEMORESVILLE,2022,official_vtd_code_and_name_nhgis_blocks,1.0,2-1 McLemoresville,2020,69,0.310738029831
high,CARROLL,000810,2 1 MCLEMORESVILLE,2022,official_vtd_code_and_name_nhgis_blocks,1.0,2-1 McLemoresville,2020,69,0.689261970169
high,CARROLL,000801,2 2 TREZEVANT,2022,official_vtd_code_and_name_nhgis_blocks,1.0,2-2 Trezevant,2020,57,0.799933811307
high,CARROLL,000807,2 2 TREZEVANT,2022,official_vtd_code_and_name_nhgis_blocks,1.0,2-2 Trezevant,2020,57,2.0294751e-05
high,CARROLL,000808,2 2 TREZEVANT,2022,official_vtd_code_and_name_nhgis_blocks,1.0,2-2 Trezevant,2020,57,0.200045893942
high,CARROLL,000803,3 1 BRUCETON,2022,official_vtd_code_and_name_nhgis_blocks,1.0,3-1 Bruceton,2020,59,0.181130760599
high,CARROLL,000806,3 1 BRUCETON,2022,official_vtd_code_and_name_nhgis_blocks,1.0,3-1 Bruceton,2020,59,5.56357e-07
high,CARROLL,000811,3 1 BRUCETON,2022,official_vtd_code_and_name_nhgis_blocks,1.0,3-1 Bruceton,2020,59,0.43771257455
high,CARROLL,000813,3 1 BRUCETON,2022,official_vtd_code_and_name_nhgis_blocks,1.0,3-1 Bruceton,2020,59,1.066351e-06
high,CARROLL,000819,3 1 BRUCETON,2022,official_vtd_code_and_name_nhgis_blocks,1.0,3-1 Bruceton,2020,59,0.381155042143
high,CARROLL,000802,4 1 RECYCLING CENTER,2022,official_vtd_exact_label_code_nhgis_blocks,0.97,4-1 Recylcing Center,2020,58,0.295904807739
high,CARROLL,000809,4 1 RECYCLING CENTER,2022,official_vtd_exact_label_code_nhgis_blocks,0.97,4-1 Recylcing Center,2020,58,0.024412835591
high,CARROLL,000811,4 1 RECYCLING CENTER,2022,official_vtd_exact_label_code_nhgis_blocks,0.97,4-1 Recylcing Center,2020,58,7.09418e-07
high,CARROLL,000814,4 1 RECYCLING CENTER,2022,official_vtd_exact_label_code_nhgis_blocks,0.97,4-1 Recylcing Center,2020,58,0.679681647252
high,CARROLL,000814,4 2 HOLLOW ROCK,2022,official_vtd_code_and_name_nhgis_blocks,1.0,4-2 Hollow Rock,2020,71,0.025471042375
high,CARROLL,000815,4 2 HOLLOW ROCK,2022,official_vtd_code_and_name_nhgis_blocks,1.0,4-2 Hollow Rock,2020,71,0.974528957625
high,CARROLL,000805,5 1 CIVIC CENTER,2022,official_vtd_code_and_name_nhgis_blocks,1.0,5-1 Civic Center,2020,61,1.0
high,CARROLL,000807,6 1 CLARKSBURG,2022,official_vtd_code_and_name_nhgis_blocks,1.0,6-1 Clarksburg,2020,62,0.125013009024
high,CARROLL,000812,6 1 CLARKSBURG,2022,official_vtd_code_and_name_nhgis_blocks,1.0,6-1 Clarksburg,2020,62,0.874986990976
high,CARROLL,000806,6 2 CONCORD WESTPORT,2022,official_vtd_code_and_name_nhgis_blocks,1.0,6-2 Concord/Westport,2020,66,0.298209850666
high,CARROLL,000807,6 2 CONCORD WESTPORT,2022,official_vtd_code_and_name_nhgis_blocks,1.0,6-2 Concord/Westport,2020,66,7.034474e-06
high,CARROLL,000813,6 2 CONCORD WESTPORT,2022,official_vtd_code_and_name_nhgis_blocks,1.0,6-2 Concord/Westport,2020,66,0.70178311486
high,CARROLL,000807,7 1 POLICE STATION HUNT,2022,official_vtd_code_and_name_nhgis_blocks,1.0,7-1 Police Station - Hunt.,2020,63,1.0
high,CARROLL,000808,8 1 SENIOR CITIZENS,2022,official_vtd_exact_label_code_nhgis_blocks,0.97,8-1 Senior Citizens Center,2020,64,1.0
high,CARROLL,000809,9 1 CHURCH OF CHRIST,2022,official_vtd_code_and_name_nhgis_blocks,1.0,9-1 Church of Christ,2020,65,1.0
high,CARROLL,000809,9 2 CITY HALL MK,2022,official_vtd_code_and_name_nhgis_blocks,1.0,9-2 City Hall MK,2020,70,0.014756698712
high,CARROLL,000818,9 2 CITY HALL MK,2022,official_vtd_code_and_name_nhgis_blocks,1.0,9-2 City Hall MK,2020,70,0.985243301288
high,CARTER,000907,HUNTER,2022,official_vtd_exact_name_nhgis_blocks,0.95,Hunter,2020,77,2.1086534e-05
high,CARTER,000908,HUNTER,2022,official_vtd_exact_name_nhgis_blocks,0.95,Hunter,2020,77,0.994577758537
high,CARTER,000922,HUNTER,2022,official_vtd_exact_name_nhgis_blocks,0.95,Hunter,2020,77,0.00540115493
high,CARTER,000921,MIDWAY,2022,official_vtd_exact_name_nhgis_blocks,0.95,Midway,2020,75,1.0
high,CARTER,000919,UNAKA,2022,official_vtd_exact_name_nhgis_blocks,0.95,Unaka,2020,76,1.0
high,CARTER,000914,ROAN MOUNTAIN,2022,official_vtd_exact_name_nhgis_blocks,0.95,Roan Mountain,2020,79,0.072650273951
high,CARTER,000915,ROAN MOUNTAIN,2022,official_vtd_exact_name_nhgis_blocks,0.95,Roan Mountain,2020,79,0.927321215074
high,CARTER,000916,ROAN MOUNTAIN,2022,official_vtd_exact_name_nhgis_blocks,0.95,Roan Mountain,2020,79,2.8510974e-05
high,CARTER,000916,TIGER VALLEY,2022,official_vtd_exact_name_nhgis_blocks,0.95,Tiger Valley,2020,78,7.188207e-06
high,CARTER,000917,TIGER VALLEY,2022,official_vtd_exact_name_nhgis_blocks,0.95,Tiger Valley,2020,78,0.001996924979
high,CARTER,000918,TIGER VALLEY,2022,official_vtd_exact_name_nhgis_blocks,0.95,Tiger Valley,2020,78,0.997995886814
high,CARTER,000902,CENTRAL,2022,official_vtd_exact_name_nhgis_blocks,0.95,Central,2020,83,1.0
high,CARTER,000907,KEENBURG,2022,official_vtd_exact_name_nhgis_blocks,0.95,Keenburg,2020,80,1.0
high,CARTER,000903,RANGE,2022,official_vtd_exact_name_nhgis_blocks,0.95,Range,2020,82,0.99071428638
high,CARTER,000920,RANGE,2022,official_vtd_exact_name_nhgis_blocks,0.95,Range,2020,82,0.00928571362
high,CARTER,000920,WATAUGA,2022,official_vtd_exact_name_nhgis_blocks,0.95,Watauga,2020,81,1.0
medium,CARTER,000905,COURTHOUSE,2022,official_vtd_fuzzy_name_nhgis_blocks,0.8571,Court House,2020,87,0.000104587325
medium,CARTER,000906,COURTHOUSE,2022,official_vtd_fuzzy_name_nhgis_blocks,0.8571,Court House,2020,87,0.779328403496
medium,CARTER,000907,COURTHOUSE,2022,official_vtd_fuzzy_name_nhgis_blocks,0.8571,Court House,2020,87,2.7573022e-05
medium,CARTER,000908,COURTHOUSE,2022,official_vtd_fuzzy_name_nhgis_blocks,0.8571,Court House,2020,87,0.220539436157
high,CARTER,000910,EASTSIDE,2022,official_vtd_exact_name_nhgis_blocks,0.95,Eastside,2020,85,1.0
high,CARTER,000908,SIAM,2022,official_vtd_exact_name_nhgis_blocks,0.95,Siam,2020,84,0.030307652394
high,CARTER,000909,SIAM,2022,official_vtd_exact_name_nhgis_blocks,0.95,Siam,2020,84,0.969675804965
high,CARTER,000911,SIAM,2022,official_vtd_exact_name_nhgis_blocks,0.95,Siam,2020,84,1.6542641e-05
high,CARTER,000901,HAPPY VALLEY,2022,official_vtd_exact_name_nhgis_blocks,0.95,Happy Valley,2020,73,0.731178329175
high,CARTER,000902,HAPPY VALLEY,2022,official_vtd_exact_name_nhgis_blocks,0.95,Happy Valley,2020,73,0.268821670825
high,CARTER,000914,ELK MILLS,2022,official_vtd_exact_name_nhgis_blocks,0.95,Elk Mills,2020,91,1.0
high,CARTER,000916,HAMPTON,2022,official_vtd_exact_name_nhgis_blocks,0.95,Hampton,2020,72,1.0
high,CARTER,000913,LITTLE MILLIGAN,2022,official_vtd_exact_name_nhgis_blocks,0.95,Little Milligan,2020,90,1.0
high,CARTER,000911,VALLEY FORGE,2022,official_vtd_exact_name_nhgis_blocks,0.95,Valley Forge,2020,89,0.542230844426
high,CARTER,000912,VALLEY FORGE,2022,official_vtd_exact_name_nhgis_blocks,0.95,Valley Forge,2020,89,0.107189332885
high,CARTER,000917,VALLEY FORGE,2022,official_vtd_exact_name_nhgis_blocks,0.95,Valley Forge,2020,89,0.001482008515
high,CARTER,000918,VALLEY FORGE,2022,official_vtd_exact_name_nhgis_blocks,0.95,Valley Forge,2020,89,0.349097814174
high,CARTER,000901,GAP CREEK,2022,official_vtd_exact_name_nhgis_blocks,0.95,Gap Creek,2020,88,0.617792530585
high,CARTER,000917,GAP CREEK,2022,official_vtd_exact_name_nhgis_blocks,0.95,Gap Creek,2020,88,0.382207469415
high,CARTER,000901,WESTSIDE,2022,official_vtd_exact_name_nhgis_blocks,0.95,Westside,2020,92,0.461294119763
high,CARTER,000904,WESTSIDE,2022,official_vtd_exact_name_nhgis_blocks,0.95,Westside,2020,92,0.538033590508
high,CARTER,000905,WESTSIDE,2022,official_vtd_exact_name_nhgis_blocks,0.95,Westside,2020,92,0.000441190134
high,CARTER,000911,WESTSIDE,2022,official_vtd_exact_name_nhgis_blocks,0.95,Westside,2020,92,0.000231099594
high,CARTER,000912,HAROLD MCCORMICK,2022,official_vtd_exact_name_nhgis_blocks,0.95,Harold McCormick,2020,74,1.0
high,CARTER,000903,HIGH SCHOOL,2022,official_vtd_exact_name_nhgis_blocks,0.95,High School,2020,93,0.043746144116
high,CARTER,000904,HIGH SCHOOL,2022,official_vtd_exact_name_nhgis_blocks,0.95,High School,2020,93,0.325964512195
high,CARTER,000905,HIGH SCHOOL,2022,official_vtd_exact_name_nhgis_blocks,0.95,High School,2020,93,0.521499057957
high,CARTER,000906,HIGH SCHOOL,2022,official_vtd_exact_name_nhgis_blocks,0.95,High School,2020,93,0.103713185968
high,CARTER,000911,HIGH SCHOOL,2022,official_vtd_exact_name_nhgis_blocks,0.95,High School,2020,93,0.005027016954
high,CARTER,000912,HIGH SCHOOL,2022,official_vtd_exact_name_nhgis_blocks,0.95,High School,2020,93,5.0082809e-05
high,CHEATHAM,001001,1 1 COUNTY LIBRARY,2022,official_vtd_exact_label_code_nhgis_blocks,0.97,1-1 Cheatham Co Library,2020,924,2.2985056e-05
high,CHEATHAM,001004,1 1 COUNTY LIBRARY,2022,official_vtd_exact_label_code_nhgis_blocks,0.97,1-1 Cheatham Co Library,2020,924,0.98878293564
high,CHEATHAM,001008,1 1 COUNTY LIBRARY,2022,official_vtd_exact_label_code_nhgis_blocks,0.97,1-1 Cheatham Co Library,2020,924,0.011194079304
high,CHEATHAM,001001,2 1 EAST CHEATHAM,2022,official_vtd_exact_label_code_nhgis_blocks,0.97,2-1 East Cheatham Elementary,2020,921,1.0
high,CHEATHAM,001003,3 1 PLEASANT VIEW,2022,official_vtd_exact_label_code_nhgis_blocks,0.97,3-1 Pleasant View First Baptist Church,2020,923,1.0
high,CHEATHAM,001002,4 1 WEST CHEATHAM,2022,official_vtd_exact_label_code_nhgis_blocks,0.97,4-1 West Cheatham Elementary,2020,922,0.664077308143
high,CHEATHAM,001004,4 1 WEST CHEATHAM,2022,official_vtd_exact_label_code_nhgis_blocks,0.97,4-1 West Cheatham Elementary,2020,922,0.273784985987
high,CHEATHAM,001008,4 1 WEST CHEATHAM,2022,official_vtd_exact_label_code_nhgis_blocks,0.97,4-1 West Cheatham Elementary,2020,922,0.06213770587
high,CHEATHAM,001003,4 3 SYCAMORE,2022,official_vtd_exact_label_code_nhgis_blocks,0.97,4-3 Sycamore Middle School,2020,926,0.00033068447
high,CHEATHAM,001004,4 3 SYCAMORE,2022,official_vtd_exact_label_code_nhgis_blocks,0.97,4-3 Sycamore Middle School,2020,926,0.100751093241
high,CHEATHAM,001008,4 3 SYCAMORE,2022,official_vtd_exact_label_code_nhgis_blocks,0.97,4-3 Sycamore Middle School,2020,926,0.898918222289
high,CHEATHAM,001002,5 1 GREENBRIER,2022,official_vtd_exact_label_code_nhgis_blocks,0.97,5-1 Petway,2020,1388,0.755658915534
high,CHEATHAM,001004,5 1 GREENBRIER,2022,official_vtd_exact_label_code_nhgis_blocks,0.97,5-1 Petway,2020,1388,0.168726638727
high,CHEATHAM,001005,5 1 GREENBRIER,2022,official_vtd_exact_label_code_nhgis_blocks,0.97,5-1 Petway,2020,1388,0.07561444574
high,CHEATHAM,001006,5 2 PEGRAM,2022,official_vtd_exact_label_code_nhgis_blocks,0.97,5-2 Pegram City Hall,2020,927,0.016548564811
high,CHEATHAM,001007,5 2 PEGRAM,2022,official_vtd_exact_label_code_nhgis_blocks,0.97,5-2 Pegram City Hall,2020,927,0.983451435189
high,CHEATHAM,001004,5 3 AC CHURCH OF CHRIST,2022,official_vtd_exact_label_code_nhgis_blocks,0.97,5-3 Ashland City Church of Christ,2020,928,0.532963371128
high,CHEATHAM,001005,5 3 AC CHURCH OF CHRIST,2022,official_vtd_exact_label_code_nhgis_blocks,0.97,5-3 Ashland City Church of Christ,2020,928,0.467036628872
high,CHEATHAM,001005,6 1 HARPETH,2022,official_vtd_exact_label_code_nhgis_blocks,0.97,6-1 Harpeth High School,2020,925,2.5039672e-05
high,CHEATHAM,001006,6 1 HARPETH,2022,official_vtd_exact_label_code_nhgis_blocks,0.97,6-1 Harpeth High School,2020,925,0.977521439422
high,CHEATHAM,001007,6 1 HARPETH,2022,official_vtd_exact_label_code_nhgis_blocks,0.97,6-1 Harpeth High School,2020,925,0.022453520906
high,CHESTER,001104,1 2 ENVILLE,2022,official_vtd_code_and_name_nhgis_blocks,1.0,1-2 Enville,2020,99,0.016420801552
high,CHESTER,001108,1 2 ENVILLE,2022,official_vtd_code_and_name_nhgis_blocks,1.0,1-2 Enville,2020,99,0.983579198448
high,CHESTER,001104,1 6 HARMONY,2022,official_vtd_code_and_name_nhgis_blocks,1.0,1-6 Harmony,2020,100,0.828147553189
high,CHESTER,001105,1 6 HARMONY,2022,official_vtd_code_and_name_nhgis_blocks,1.0,1-6 Harmony,2020,100,0.131712159295
high,CHESTER,001109,1 6 HARMONY,2022,official_vtd_code_and_name_nhgis_blocks,1.0,1-6 Harmony,2020,100,0.040140287517
high,CHESTER,001107,2 1 JACKS CREEK,2022,official_vtd_code_and_name_nhgis_blocks,1.0,2-1 Jacks Creek,2020,102,1.0
high,CHESTER,001101,2 2 FRIENDSHIP,2022,official_vtd_code_and_name_nhgis_blocks,1.0,2-2 Friendship,2020,96,1.0
high,CHESTER,001103,3 2 MONTEZUMA,2022,official_vtd_code_and_name_nhgis_blocks,1.0,3-2 Montezuma,2020,98,0.540151587318
high,CHESTER,001106,3 2 MONTEZUMA,2022,official_vtd_code_and_name_nhgis_blocks,1.0,3-2 Montezuma,2020,98,0.002975177376
high,CHESTER,001111,3 2 MONTEZUMA,2022,official_vtd_code_and_name_nhgis_blocks,1.0,3-2 Montezuma,2020,98,0.456873235305
high,CHESTER,001102,3 6 DEANBURG,2022,official_vtd_code_and_name_nhgis_blocks,1.0,3-6 Deanburg,2020,101,0.00885836797
high,CHESTER,001110,3 6 DEANBURG,2022,official_vtd_code_and_name_nhgis_blocks,1.0,3-6 Deanburg,2020,101,0.99114163203
high,CHESTER,001102,4 1 WEST CHESTER,2022,official_vtd_code_and_name_nhgis_blocks,1.0,4-1 West Chester,2020,97,0.749580396598
high,CHESTER,001103,4 1 WEST CHESTER,2022,official_vtd_code_and_name_nhgis_blocks,1.0,4-1 West Chester,2020,97,0.032605088702
high,CHESTER,001106,4 1 WEST CHESTER,2022,official_vtd_code_and_name_nhgis_blocks,1.0,4-1 West Chester,2020,97,0.2178145147
high,CHESTER,001105,5 1 CCJHS,2022,official_vtd_code_and_name_nhgis_blocks,1.0,5-1 CCJHS,2020,94,1.0
high,CHESTER,001102,6 1 CITY HALL,2022,official_vtd_code_and_name_nhgis_blocks,1.0,6-1 City Hall,2020,95,0.029053783777
high,CHESTER,001105,6 1 CITY HALL,2022,official_vtd_code_and_name_nhgis_blocks,1.0,6-1 City Hall,2020,95,0.000667622356
high,CHESTER,001106,6 1 CITY HALL,2022,official_vtd_code_and_name_nhgis_blocks,1.0,6-1 City Hall,2020,95,0.970278593867
high,CLAIBORNE,001210,1 1 TAZEWELL,2022,official_vtd_code_and_name_nhgis_blocks,1.0,1-1 Tazewell,2020,103,1.0
high,CLAIBORNE,001213,2 1 CLOUDS,2022,official_vtd_code_and_name_nhgis_blocks,1.0,2-1 Clouds,2020,105,1.0
high,CLAIBORNE,001205,2 2 GOIN,2022,official_vtd_code_and_name_nhgis_blocks,1.0,2-2 Goin,2020,104,1.0
high,CLAIBORNE,001211,2 3 SANDLICK,2022,official_vtd_code_and_name_nhgis_blocks,1.0,2-3 Sandlick,2020,106,1.0
high,CLAIBORNE,001207,3 1 LONE MOUNTAIN,2022,official_vtd_code_and_name_nhgis_blocks,1.0,3-1 Lone Mountain,2020,111,1.0
high,CLAIBORNE,001206,3 2 NEW TAZEWELL,2022,official_vtd_code_and_name_nhgis_blocks,1.0,3-2 New Tazewell,2020,110,1.0
high,CLAIBORNE,001214,4 2 HOWARD S QUARTER,2022,official_vtd_code_and_name_nhgis_blocks,1.0,4-2 Howard's Quarter,2020,108,1.0
high,CLAIBORNE,001216,4 3 LIBERTY,2022,official_vtd_code_and_name_nhgis_blocks,1.0,4-3 Liberty,2020,109,1.0
high,CLAIBORNE,001212,4 4 SPRINGDALE,2022,official_vtd_code_and_name_nhgis_blocks,1.0,4-4 Springdale,2020,107,0.011022789577
high,CLAIBORNE,001215,4 4 SPRINGDALE,2022,official_vtd_code_and_name_nhgis_blocks,1.0,4-4 Springdale,2020,107,0.988977210423
high,CLAIBORNE,001203,5 1 BIG SPRING UNION,2022,official_vtd_code_and_name_nhgis_blocks,1.0,5-1 Big Spring Union,2020,115,1.0
high,CLAIBORNE,001204,6 1 HARROGATE,2022,official_vtd_code_and_name_nhgis_blocks,1.0,6-1 Harrogate,2020,116,1.0
high,CLAIBORNE,001201,7 1 ARTHUR,2022,official_vtd_code_and_name_nhgis_blocks,1.0,7-1 Arthur,2020,112,1.0
high,CLAIBORNE,001209,7 2 CUMBERLAND GAP,2022,official_vtd_code_and_name_nhgis_blocks,1.0,7-2 Cumberland Gap,2020,114,1.0
high,CLAIBORNE,001217,8 1 ROGERS MILL,2022,official_vtd_code_and_name_nhgis_blocks,1.0,8-1 Rogers mill,2020,118,1.0
high,CLAIBORNE,001208,8 2 VANBEBBER SPRINGS,2022,official_vtd_code_and_name_nhgis_blocks,1.0,8-2 Vanbebber Springs,2020,117,1.0
high,CLAIBORNE,001202,9 1 CLAIRFIELD,2022,official_vtd_code_and_name_nhgis_blocks,1.0,9-1 Clairfield,2020,113,1.0
high,COCKE,001404,DEL RIO,2022,official_vtd_exact_name_nhgis_blocks,0.95,Del Rio,2020,1372,0.54231872241
high,COCKE,001418,DEL RIO,2022,official_vtd_exact_name_nhgis_blocks,0.95,Del Rio,2020,1372,0.45768127759
high,COCKE,001404,GRASSY FORK,2022,official_vtd_exact_name_nhgis_blocks,0.95,Grassy Fork,2020,1370,0.855185960678
high,COCKE,001408,GRASSY FORK,2022,official_vtd_exact_name_nhgis_blocks,0.95,Grassy Fork,2020,1370,0.144814039322
high,COCKE,001409,EDWINA,2022,official_vtd_exact_name_nhgis_blocks,0.95,Edwina,2020,1371,1.0
high,COCKE,001401,BRIDGEPORT,2022,official_vtd_exact_name_nhgis_blocks,0.95,Bridgeport,2020,1375,0.125654544339
high,COCKE,001409,BRIDGEPORT,2022,official_vtd_exact_name_nhgis_blocks,0.95,Bridgeport,2020,1375,4.0344677e-05
high,COCKE,001417,BRIDGEPORT,2022,official_vtd_exact_name_nhgis_blocks,0.95,Bridgeport,2020,1375,0.807832562687
high,COCKE,001419,BRIDGEPORT,2022,official_vtd_exact_name_nhgis_blocks,0.95,Bridgeport,2020,1375,0.066472548297
high,COCKE,001401,LONG CREEK,2022,official_vtd_exact_name_nhgis_blocks,0.95,Long Creek,2020,1378,1.0
high,COCKE,001401,PARROTTSVILLE,2022,official_vtd_exact_name_nhgis_blocks,0.95,Parrottsville,2020,1373,0.004582365451
high,COCKE,001414,PARROTTSVILLE,2022,official_vtd_exact_name_nhgis_blocks,0.95,Parrottsville,2020,1373,3.058413e-06
high,COCKE,001419,PARROTTSVILLE,2022,official_vtd_exact_name_nhgis_blocks,0.95,Parrottsville,2020,1373,0.995414576136
high,COCKE,001403,CENTERVIEW,2022,official_vtd_exact_name_nhgis_blocks,0.95,Centerview,2020,1374,1.0
high,COCKE,001414,FOREST HILL,2022,official_vtd_exact_name_nhgis_blocks,0.95,Forest Hill,2020,1379,1.0
high,COCKE,001413,RANKIN,2022,official_vtd_exact_name_nhgis_blocks,0.95,Rankin,2020,1380,1.0
high,COCKE,001411,ARMORY,2022,official_vtd_exact_name_nhgis_blocks,0.95,Armory,2020,1383,1.0
high,COCKE,001402,EDGEMONT,2022,official_vtd_exact_name_nhgis_blocks,0.95,Edgemont,2020,1384,0.027842056423
high,COCKE,001411,EDGEMONT,2022,official_vtd_exact_name_nhgis_blocks,0.95,Edgemont,2020,1384,0.012139289957
high,COCKE,001412,EDGEMONT,2022,official_vtd_exact_name_nhgis_blocks,0.95,Edgemont,2020,1384,0.96001865362
high,COCKE,001410,COSBY,2022,official_vtd_exact_name_nhgis_blocks,0.95,Cosby,2020,1377,1.0
high,COCKE,001402,CENTRAL,2022,official_vtd_exact_name_nhgis_blocks,0.95,Central,2020,1387,0.071087375025
high,COCKE,001406,CENTRAL,2022,official_vtd_exact_name_nhgis_blocks,0.95,Central,2020,1387,0.016343953151
high,COCKE,001416,CENTRAL,2022,official_vtd_exact_name_nhgis_blocks,0.95,Central,2020,1387,0.912568671824
high,COCKE,001407,NORTHPORT,2022,official_vtd_exact_name_nhgis_blocks,0.95,Northport,2020,1381,1.0
high,COCKE,001402,WEST END,2022,official_vtd_exact_name_nhgis_blocks,0.95,West End,2020,1382,0.045705263033
high,COCKE,001412,WEST END,2022,official_vtd_exact_name_nhgis_blocks,0.95,West End,2020,1382,0.093276553417
high,COCKE,001415,WEST END,2022,official_vtd_exact_name_nhgis_blocks,0.95,West End,2020,1382,0.84336921593
high,COCKE,001417,WEST END,2022,official_vtd_exact_name_nhgis_blocks,0.95,West End,2020,1382,0.01764896762
high,COFFEE,001501,1 1 FIRST BAPTIST,2022,official_vtd_exact_label_code_nhgis_blocks,0.97,1-1 First Baptist Church,2020,120,0.982804676059
high,COFFEE,001502,1 1 FIRST BAPTIST,2022,official_vtd_exact_label_code_nhgis_blocks,0.97,1-1 First Baptist Church,2020,120,0.004954993663
high,COFFEE,001504,1 1 FIRST BAPTIST,2022,official_vtd_exact_label_code_nhgis_blocks,0.97,1-1 First Baptist Church,2020,120,0.012240330278
high,COFFEE,001501,2 1 TRINITY BAPTIST,2022,official_vtd_exact_label_code_nhgis_blocks,0.97,2-1 Trinity Baptist Church,2020,119,2.73847e-07
high,COFFEE,001502,2 1 TRINITY BAPTIST,2022,official_vtd_exact_label_code_nhgis_blocks,0.97,2-1 Trinity Baptist Church,2020,119,0.023650408203
high,COFFEE,001503,2 1 TRINITY BAPTIST,2022,official_vtd_exact_label_code_nhgis_blocks,0.97,2-1 Trinity Baptist Church,2020,119,0.491374787617
high,COFFEE,001504,2 1 TRINITY BAPTIST,2022,official_vtd_exact_label_code_nhgis_blocks,0.97,2-1 Trinity Baptist Church,2020,119,0.484974530333
high,COFFEE,001509,3 1 RESCUE SQUAD,2022,official_vtd_exact_label_code_nhgis_blocks,0.97,3-1 Coffee County Rescue Squad,2020,128,0.465509387314
high,COFFEE,001510,3 1 RESCUE SQUAD,2022,official_vtd_exact_label_code_nhgis_blocks,0.97,3-1 Coffee County Rescue Squad,2020,128,0.149958587542
high,COFFEE,001511,3 1 RESCUE SQUAD,2022,official_vtd_exact_label_code_nhgis_blocks,0.97,3-1 Coffee County Rescue Squad,2020,128,0.384532025144
high,COFFEE,001508,3 2 LAKEWOOD,2022,official_vtd_exact_label_code_nhgis_blocks,0.97,3-2 Lakewood Baptist Church,2020,121,0.079780201587
high,COFFEE,001509,3 2 LAKEWOOD,2022,official_vtd_exact_label_code_nhgis_blocks,0.97,3-2 Lakewood Baptist Church,2020,121,0.920174173332
high,COFFEE,001522,3 2 LAKEWOOD,2022,official_vtd_exact_label_code_nhgis_blocks,0.97,3-2 Lakewood Baptist Church,2020,121,4.5625081e-05
high,COFFEE,001508,4 1 NEW UNION,2022,official_vtd_exact_label_code_nhgis_blocks,0.97,4-1 New Union Church of Christ,2020,127,0.220255411165
high,COFFEE,001522,4 1 NEW UNION,2022,official_vtd_exact_label_code_nhgis_blocks,0.97,4-1 New Union Church of Christ,2020,127,0.779744588835
high,COFFEE,001507,4 2 FOREST MILL,2022,official_vtd_exact_label_code_nhgis_blocks,0.97,4-2 Forest Mill Church of Christ,2020,131,0.136323086993
high,COFFEE,001508,4 2 FOREST MILL,2022,official_vtd_exact_label_code_nhgis_blocks,0.97,4-2 Forest Mill Church of Christ,2020,131,0.020536834594
high,COFFEE,001510,4 2 FOREST MILL,2022,official_vtd_exact_label_code_nhgis_blocks,0.97,4-2 Forest Mill Church of Christ,2020,131,3.6730403e-05
high,COFFEE,001523,4 2 FOREST MILL,2022,official_vtd_exact_label_code_nhgis_blocks,0.97,4-2 Forest Mill Church of Christ,2020,131,0.843103348009
high,COFFEE,001512,5 1 HICKERSON,2022,official_vtd_exact_label_code_nhgis_blocks,0.97,5-1 Hickerson Station Fire Hall,2020,129,0.162113542557
high,COFFEE,001513,5 1 HICKERSON,2022,official_vtd_exact_label_code_nhgis_blocks,0.97,5-1 Hickerson Station Fire Hall,2020,129,0.726791535185
high,COFFEE,001514,5 1 HICKERSON,2022,official_vtd_exact_label_code_nhgis_blocks,0.97,5-1 Hickerson Station Fire Hall,2020,129,0.111093940942
high,COFFEE,001516,5 1 HICKERSON,2022,official_vtd_exact_label_code_nhgis_blocks,0.97,5-1 Hickerson Station Fire Hall,2020,129,9.81317e-07
high,COFFEE,001502,5 2 BLANTON S CHAPEL,2022,official_vtd_exact_label_code_nhgis_blocks,0.97,5-2 Blanton's Chapel Community Center,2020,122,0.000149426322
high,COFFEE,001511,5 2 BLANTON S CHAPEL,2022,official_vtd_exact_label_code_nhgis_blocks,0.97,5-2 Blanton's Chapel Community Center,2020,122,0.193845678544
high,COFFEE,001512,5 2 BLANTON S CHAPEL,2022,official_vtd_exact_label_code_nhgis_blocks,0.97,5-2 Blanton's Chapel Community Center,2020,122,0.806004895134
high,COFFEE,001505,6 1 CONFERENCE,2022,official_vtd_exact_label_code_nhgis_blocks,0.97,6-1 Conference Center,2020,126,0.001029450932
high,COFFEE,001506,6 1 CONFERENCE,2022,official_vtd_exact_label_code_nhgis_blocks,0.97,6-1 Conference Center,2020,126,0.303502831015
high,COFFEE,001507,6 1 CONFERENCE,2022,official_vtd_exact_label_code_nhgis_blocks,0.97,6-1 Conference Center,2020,126,0.047738795857
high,COFFEE,001514,6 1 CONFERENCE,2022,official_vtd_exact_label_code_nhgis_blocks,0.97,6-1 Conference Center,2020,126,0.647728922196
high,COFFEE,001505,6 2 HILLSBORO,2022,official_vtd_exact_label_code_nhgis_blocks,0.97,6-2 Hillsboro Community Center,2020,130,0.36358836217
high,COFFEE,001506,6 2 HILLSBORO,2022,official_vtd_exact_label_code_nhgis_blocks,0.97,6-2 Hillsboro Community Center,2020,130,0.63641163783
high,COFFEE,001519,7 1 CD STAMPS CENTER,2022,official_vtd_exact_label_code_nhgis_blocks,0.97,7-1 CD Stamps,2020,124,0.8447890991
high,COFFEE,001520,7 1 CD STAMPS CENTER,2022,official_vtd_exact_label_code_nhgis_blocks,0.97,7-1 CD Stamps,2020,124,0.1552109009
high,COFFEE,001517,7 2 WESLEY HEIGHTS,2022,official_vtd_exact_label_code_nhgis_blocks,0.97,7-2 Wesley Heights Methodist Church,2020,132,0.660428837007
high,COFFEE,001519,7 2 WESLEY HEIGHTS,2022,official_vtd_exact_label_code_nhgis_blocks,0.97,7-2 Wesley Heights Methodist Church,2020,132,0.339571162993
high,COFFEE,001515,8 1 LION S CLUB,2022,official_vtd_code_and_name_nhgis_blocks,1.0,8-1 Lion's Club,2020,133,0.00227118694
high,COFFEE,001516,8 1 LION S CLUB,2022,official_vtd_code_and_name_nhgis_blocks,1.0,8-1 Lion's Club,2020,133,0.100497855401
high,COFFEE,001517,8 1 LION S CLUB,2022,official_vtd_code_and_name_nhgis_blocks,1.0,8-1 Lion's Club,2020,133,0.882541506645
high,COFFEE,001518,8 1 LION S CLUB,2022,official_vtd_code_and_name_nhgis_blocks,1.0,8-1 Lion's Club,2020,133,0.001831602371
high,COFFEE,001519,8 1 LION S CLUB,2022,official_vtd_code_and_name_nhgis_blocks,1.0,8-1 Lion's Club,2020,133,0.012857848643
high,COFFEE,001513,8 2 GRACE BAPTIST,2022,official_vtd_exact_label_code_nhgis_blocks,0.97,8-2 Grace Baptist Church,2020,123,0.000292496162
high,COFFEE,001515,8 2 GRACE BAPTIST,2022,official_vtd_exact_label_code_nhgis_blocks,0.97,8-2 Grace Baptist Church,2020,123,0.014173960756
high,COFFEE,001516,8 2 GRACE BAPTIST,2022,official_vtd_exact_label_code_nhgis_blocks,0.97,8-2 Grace Baptist Church,2020,123,0.985484491977
high,COFFEE,001518,8 2 GRACE BAPTIST,2022,official_vtd_exact_label_code_nhgis_blocks,0.97,8-2 Grace Baptist Church,2020,123,4.9051106e-05
high,COFFEE,001520,9 1 WILSON AVE,2022,official_vtd_exact_label_code_nhgis_blocks,0.97,9-1 Wilson Ave Church of Christ,2020,134,0.967420678698
high,COFFEE,001521,9 1 WILSON AVE,2022,official_vtd_exact_label_code_nhgis_blocks,0.97,9-1 Wilson Ave Church of Christ,2020,134,0.032579321302
high,COFFEE,001513,9 2 CEDAR LANE,2022,official_vtd_exact_label_code_nhgis_blocks,0.97,9-2 Cedar Lane Church of Christ,2020,125,0.001086446586
high,COFFEE,001515,9 2 CEDAR LANE,2022,official_vtd_exact_label_code_nhgis_blocks,0.97,9-2 Cedar Lane Church of Christ,2020,125,0.000143247824
high,COFFEE,001518,9 2 CEDAR LANE,2022,official_vtd_exact_label_code_nhgis_blocks,0.97,9-2 Cedar Lane Church of Christ,2020,125,0.99877030559
high,DAVIDSON,001859,13 1,2022,official_vtd_code_and_name_nhgis_blocks,1.0,13-1,2020,1651,0.958910610923
high,DAVIDSON,001872,13 1,2022,official_vtd_code_and_name_nhgis_blocks,1.0,13-1,2020,1651,0.041089389077
high,DAVIDSON,001859,13 2,2022,official_vtd_code_and_name_nhgis_blocks,1.0,13-2,2020,1652,8.3496344e-05
high,DAVIDSON,001860,13 2,2022,official_vtd_code_and_name_nhgis_blocks,1.0,13-2,2020,1652,0.989828627235
high,DAVIDSON,001932,13 2,2022,official_vtd_code_and_name_nhgis_blocks,1.0,13-2,2020,1652,0.010087876421
high,DAVIDSON,001861,13 3,2022,official_vtd_code_and_name_nhgis_blocks,1.0,13-3,2020,1653,0.545604338258
high,DAVIDSON,001862,13 3,2022,official_vtd_code_and_name_nhgis_blocks,1.0,13-3,2020,1653,0.454395661742
high,DAVIDSON,001932,13 4,2022,official_vtd_code_and_name_nhgis_blocks,1.0,13-4,2020,1654,0.025283531359
high,DAVIDSON,001933,13 4,2022,official_vtd_code_and_name_nhgis_blocks,1.0,13-4,2020,1654,0.974716468641
high,DAVIDSON,001859,13 5,2022,official_vtd_code_and_name_nhgis_blocks,1.0,13-5,2020,1655,0.559135910001
high,DAVIDSON,001861,13 5,2022,official_vtd_code_and_name_nhgis_blocks,1.0,13-5,2020,1655,0.284959332527
high,DAVIDSON,001932,13 5,2022,official_vtd_code_and_name_nhgis_blocks,1.0,13-5,2020,1655,0.081053575612
high,DAVIDSON,001935,13 5,2022,official_vtd_code_and_name_nhgis_blocks,1.0,13-5,2020,1655,0.07485118186
high,DAVIDSON,001852,14 1,2022,official_vtd_code_and_name_nhgis_blocks,1.0,14-1,2020,1656,0.27582775752
high,DAVIDSON,001864,14 1,2022,official_vtd_code_and_name_nhgis_blocks,1.0,14-1,2020,1656,0.72417224248
high,DAVIDSON,001864,14 2,2022,official_vtd_code_and_name_nhgis_blocks,1.0,14-2,2020,1657,1.0
high,DAVIDSON,001853,14 3,2022,official_vtd_code_and_name_nhgis_blocks,1.0,14-3,2020,1658,0.980015249969
high,DAVIDSON,001854,14 3,2022,official_vtd_code_and_name_nhgis_blocks,1.0,14-3,2020,1658,0.019984750031
high,DAVIDSON,001863,14 4,2022,official_vtd_code_and_name_nhgis_blocks,1.0,14-4,2020,1659,1.0
high,DAVIDSON,001867,14 5,2022,official_vtd_code_and_name_nhgis_blocks,1.0,14-5,2020,1660,1.0
high,DAVIDSON,001868,15 1,2022,official_vtd_code_and_name_nhgis_blocks,1.0,15-1,2020,1661,1.0
high,DAVIDSON,001894,15 2,2022,official_vtd_code_and_name_nhgis_blocks,1.0,15-2,2020,1662,0.092354559494
high,DAVIDSON,001895,15 2,2022,official_vtd_code_and_name_nhgis_blocks,1.0,15-2,2020,1662,0.907645440506
high,DAVIDSON,001869,15 3,2022,official_vtd_code_and_name_nhgis_blocks,1.0,15-3,2020,1663,1.0
high,DAVIDSON,001870,15 4,2022,official_vtd_code_and_name_nhgis_blocks,1.0,15-4,2020,1664,0.127975394617
high,DAVIDSON,001871,15 4,2022,official_vtd_code_and_name_nhgis_blocks,1.0,15-4,2020,1664,0.872024605383
high,DAVIDSON,001867,15 5,2022,official_vtd_code_and_name_nhgis_blocks,1.0,15-5,2020,1665,0.413736066165
high,DAVIDSON,001870,15 5,2022,official_vtd_code_and_name_nhgis_blocks,1.0,15-5,2020,1665,0.586263933835
high,DAVIDSON,001870,15 6,2022,official_vtd_code_and_name_nhgis_blocks,1.0,15-6,2020,1666,1.0
high,DAVIDSON,001873,16 1,2022,official_vtd_code_and_name_nhgis_blocks,1.0,16-1,2020,1667,0.024014979941
high,DAVIDSON,001875,16 1,2022,official_vtd_code_and_name_nhgis_blocks,1.0,16-1,2020,1667,0.248752134272
high,DAVIDSON,001876,16 1,2022,official_vtd_code_and_name_nhgis_blocks,1.0,16-1,2020,1667,0.02385837653
high,DAVIDSON,001883,16 1,2022,official_vtd_code_and_name_nhgis_blocks,1.0,16-1,2020,1667,0.450040855995
high,DAVIDSON,001884,16 1,2022,official_vtd_code_and_name_nhgis_blocks,1.0,16-1,2020,1667,0.253333653261
high,DAVIDSON,001874,16 2,2022,official_vtd_code_and_name_nhgis_blocks,1.0,16-2,2020,1668,0.081597802932
high,DAVIDSON,001875,16 2,2022,official_vtd_code_and_name_nhgis_blocks,1.0,16-2,2020,1668,0.918281885428
high,DAVIDSON,001924,16 2,2022,official_vtd_code_and_name_nhgis_blocks,1.0,16-2,2020,1668,0.00012031164
high,DAVIDSON,001873,16 3,2022,official_vtd_code_and_name_nhgis_blocks,1.0,16-3,2020,1669,0.105894353345
high,DAVIDSON,001876,16 3,2022,official_vtd_code_and_name_nhgis_blocks,1.0,16-3,2020,1669,0.021575441693
high,DAVIDSON,001883,16 3,2022,official_vtd_code_and_name_nhgis_blocks,1.0,16-3,2020,1669,0.649560488532
high,DAVIDSON,001894,16 3,2022,official_vtd_code_and_name_nhgis_blocks,1.0,16-3,2020,1669,0.096921157218
high,DAVIDSON,001895,16 3,2022,official_vtd_code_and_name_nhgis_blocks,1.0,16-3,2020,1669,0.126048559212
high,DAVIDSON,001860,16 4,2022,official_vtd_code_and_name_nhgis_blocks,1.0,16-4,2020,1670,0.461770439563
high,DAVIDSON,001874,16 4,2022,official_vtd_code_and_name_nhgis_blocks,1.0,16-4,2020,1670,0.538229560437
high,DAVIDSON,001879,17 1,2022,official_vtd_code_and_name_nhgis_blocks,1.0,17-1,2020,1671,0.117514995522
high,DAVIDSON,001893,17 1,2022,official_vtd_code_and_name_nhgis_blocks,1.0,17-1,2020,1671,0.882485004478
high,DAVIDSON,001878,17 2,2022,official_vtd_code_and_name_nhgis_blocks,1.0,17-2,2020,1672,0.517754955697
high,DAVIDSON,001879,17 2,2022,official_vtd_code_and_name_nhgis_blocks,1.0,17-2,2020,1672,0.482245044303
high,DAVIDSON,001878,17 3,2022,official_vtd_code_and_name_nhgis_blocks,1.0,17-3,2020,1673,0.701860348947
high,DAVIDSON,001879,17 3,2022,official_vtd_code_and_name_nhgis_blocks,1.0,17-3,2020,1673,0.195203498844
high,DAVIDSON,001880,17 3,2022,official_vtd_code_and_name_nhgis_blocks,1.0,17-3,2020,1673,0.102936152209
high,DAVIDSON,001878,17 4,2022,official_vtd_code_and_name_nhgis_blocks,1.0,17-4,2020,1674,0.006244739682
high,DAVIDSON,001880,17 4,2022,official_vtd_code_and_name_nhgis_blocks,1.0,17-4,2020,1674,0.993516202922
high,DAVIDSON,001883,17 4,2022,official_vtd_code_and_name_nhgis_blocks,1.0,17-4,2020,1674,0.000239057396
high,DAVIDSON,001883,17 5,2022,official_vtd_code_and_name_nhgis_blocks,1.0,17-5,2020,1675,1.0
high,DAVIDSON,001894,17 6,2022,official_vtd_code_and_name_nhgis_blocks,1.0,17-6,2020,1676,1.0
high,DAVIDSON,001878,17 7,2022,official_vtd_code_and_name_nhgis_blocks,1.0,17-7,2020,1677,0.019661418335
high,DAVIDSON,001881,17 7,2022,official_vtd_code_and_name_nhgis_blocks,1.0,17-7,2020,1677,0.522887426342
high,DAVIDSON,001884,17 7,2022,official_vtd_code_and_name_nhgis_blocks,1.0,17-7,2020,1677,0.457451155322
high,DAVIDSON,001878,17 8,2022,official_vtd_code_and_name_nhgis_blocks,1.0,17-8,2020,1678,0.018686361821
high,DAVIDSON,001880,17 8,2022,official_vtd_code_and_name_nhgis_blocks,1.0,17-8,2020,1678,0.481200220541
high,DAVIDSON,001882,17 8,2022,official_vtd_code_and_name_nhgis_blocks,1.0,17-8,2020,1678,0.002181390209
high,DAVIDSON,001884,17 8,2022,official_vtd_code_and_name_nhgis_blocks,1.0,17-8,2020,1678,0.49793202743
high,DAVIDSON,001879,18 1,2022,official_vtd_code_and_name_nhgis_blocks,1.0,18-1,2020,1679,0.002106429127
high,DAVIDSON,001885,18 1,2022,official_vtd_code_and_name_nhgis_blocks,1.0,18-1,2020,1679,0.752983933774
high,DAVIDSON,001887,18 1,2022,official_vtd_code_and_name_nhgis_blocks,1.0,18-1,2020,1679,0.149323677529
high,DAVIDSON,001888,18 1,2022,official_vtd_code_and_name_nhgis_blocks,1.0,18-1,2020,1679,0.044423754371
high,DAVIDSON,001893,18 1,2022,official_vtd_code_and_name_nhgis_blocks,1.0,18-1,2020,1679,0.034415574961
high,DAVIDSON,001902,18 1,2022,official_vtd_code_and_name_nhgis_blocks,1.0,18-1,2020,1679,0.016746630238
high,DAVIDSON,001878,18 2,2022,official_vtd_code_and_name_nhgis_blocks,1.0,18-2,2020,1680,0.001145778569
high,DAVIDSON,001881,18 2,2022,official_vtd_code_and_name_nhgis_blocks,1.0,18-2,2020,1680,0.527745318119
high,DAVIDSON,001886,18 2,2022,official_vtd_code_and_name_nhgis_blocks,1.0,18-2,2020,1680,0.265375388302
high,DAVIDSON,001888,18 2,2022,official_vtd_code_and_name_nhgis_blocks,1.0,18-2,2020,1680,0.148128537761
high,DAVIDSON,001921,18 2,2022,official_vtd_code_and_name_nhgis_blocks,1.0,18-2,2020,1680,0.057604977249
high,DAVIDSON,001887,18 3,2022,official_vtd_code_and_name_nhgis_blocks,1.0,18-3,2020,1681,0.018502242441
high,DAVIDSON,001888,18 3,2022,official_vtd_code_and_name_nhgis_blocks,1.0,18-3,2020,1681,0.529243972211
high,DAVIDSON,001889,18 3,2022,official_vtd_code_and_name_nhgis_blocks,1.0,18-3,2020,1681,0.133258190102
high,DAVIDSON,001917,18 3,2022,official_vtd_code_and_name_nhgis_blocks,1.0,18-3,2020,1681,0.059261885122
high,DAVIDSON,001918,18 3,2022,official_vtd_code_and_name_nhgis_blocks,1.0,18-3,2020,1681,0.259733710124
high,DAVIDSON,001824,19 1,2022,official_vtd_code_and_name_nhgis_blocks,1.0,19-1,2020,1682,0.387272904375
high,DAVIDSON,001828,19 1,2022,official_vtd_code_and_name_nhgis_blocks,1.0,19-1,2020,1682,0.477879715218
high,DAVIDSON,001878,19 1,2022,official_vtd_code_and_name_nhgis_blocks,1.0,19-1,2020,1682,0.006703778247
high,DAVIDSON,001880,19 1,2022,official_vtd_code_and_name_nhgis_blocks,1.0,19-1,2020,1682,0.007161563191
high,DAVIDSON,001890,19 1,2022,official_vtd_code_and_name_nhgis_blocks,1.0,19-1,2020,1682,0.100169829575
high,DAVIDSON,001894,19 1,2022,official_vtd_code_and_name_nhgis_blocks,1.0,19-1,2020,1682,0.013469919345
high,DAVIDSON,001895,19 1,2022,official_vtd_code_and_name_nhgis_blocks,1.0,19-1,2020,1682,0.007342290049
high,DAVIDSON,001891,19 2,2022,official_vtd_code_and_name_nhgis_blocks,1.0,19-2,2020,1683,1.0
high,DAVIDSON,001891,19 3,2022,official_vtd_code_and_name_nhgis_blocks,1.0,19-3,2020,1684,0.011901567818
high,DAVIDSON,001892,19 3,2022,official_vtd_code_and_name_nhgis_blocks,1.0,19-3,2020,1684,0.607924751705
high,DAVIDSON,001893,19 3,2022,official_vtd_code_and_name_nhgis_blocks,1.0,19-3,2020,1684,0.022371701581
high,DAVIDSON,001901,19 3,2022,official_vtd_code_and_name_nhgis_blocks,1.0,19-3,2020,1684,0.151022065297
high,DAVIDSON,001902,19 3,2022,official_vtd_code_and_name_nhgis_blocks,1.0,19-3,2020,1684,0.206779913599
high,DAVIDSON,001890,19 4,2022,official_vtd_code_and_name_nhgis_blocks,1.0,19-4,2020,1685,0.75087564188
high,DAVIDSON,001892,19 4,2022,official_vtd_code_and_name_nhgis_blocks,1.0,19-4,2020,1685,0.128248289067
high,DAVIDSON,001893,19 4,2022,official_vtd_code_and_name_nhgis_blocks,1.0,19-4,2020,1685,0.120876069053
high,DAVIDSON,001890,19 5,2022,official_vtd_code_and_name_nhgis_blocks,1.0,19-5,2020,1686,0.545570520726
high,DAVIDSON,001893,19 5,2022,official_vtd_code_and_name_nhgis_blocks,1.0,19-5,2020,1686,0.205353448906
high,DAVIDSON,001901,19 5,2022,official_vtd_code_and_name_nhgis_blocks,1.0,19-5,2020,1686,0.145682006842
high,DAVIDSON,001902,19 5,2022,official_vtd_code_and_name_nhgis_blocks,1.0,19-5,2020,1686,0.103394023526
high,DAVIDSON,001896,20 1,2022,official_vtd_code_and_name_nhgis_blocks,1.0,20-1,2020,1692,1.0
high,DAVIDSON,001896,20 2,2022,official_vtd_code_and_name_nhgis_blocks,1.0,20-2,2020,1693,0.018029526549
high,DAVIDSON,001897,20 2,2022,official_vtd_code_and_name_nhgis_blocks,1.0,20-2,2020,1693,0.981970473451
high,DAVIDSON,001897,20 3,2022,official_vtd_code_and_name_nhgis_blocks,1.0,20-3,2020,1694,0.060761282369
high,DAVIDSON,001898,20 3,2022,official_vtd_code_and_name_nhgis_blocks,1.0,20-3,2020,1694,0.895316330071
high,DAVIDSON,001958,20 3,2022,official_vtd_code_and_name_nhgis_blocks,1.0,20-3,2020,1694,0.04392238756
high,DAVIDSON,001907,20 4,2022,official_vtd_code_and_name_nhgis_blocks,1.0,20-4,2020,1695,0.998725408588
high,DAVIDSON,001911,20 4,2022,official_vtd_code_and_name_nhgis_blocks,1.0,20-4,2020,1695,0.001274591412
high,DAVIDSON,001898,20 5,2022,official_vtd_code_and_name_nhgis_blocks,1.0,20-5,2020,1696,0.70305026878
high,DAVIDSON,001913,20 5,2022,official_vtd_code_and_name_nhgis_blocks,1.0,20-5,2020,1696,0.034842934383
high,DAVIDSON,001917,20 5,2022,official_vtd_code_and_name_nhgis_blocks,1.0,20-5,2020,1696,0.262106796837
high,DAVIDSON,001902,21 1,2022,official_vtd_code_and_name_nhgis_blocks,1.0,21-1,2020,1697,1.0
high,DAVIDSON,001892,21 2,2022,official_vtd_code_and_name_nhgis_blocks,1.0,21-2,2020,1698,0.202361251467
high,DAVIDSON,001901,21 2,2022,official_vtd_code_and_name_nhgis_blocks,1.0,21-2,2020,1698,0.59401454991
high,DAVIDSON,001902,21 2,2022,official_vtd_code_and_name_nhgis_blocks,1.0,21-2,2020,1698,0.203624198623
high,DAVIDSON,001892,21 3,2022,official_vtd_code_and_name_nhgis_blocks,1.0,21-3,2020,1699,0.061046289832
high,DAVIDSON,001900,21 3,2022,official_vtd_code_and_name_nhgis_blocks,1.0,21-3,2020,1699,0.938953710168
high,DAVIDSON,001899,21 4,2022,official_vtd_code_and_name_nhgis_blocks,1.0,21-4,2020,1700,1.0
high,DAVIDSON,001903,22 1,2022,official_vtd_code_and_name_nhgis_blocks,1.0,22-1,2020,1701,0.398066953404
high,DAVIDSON,001905,22 1,2022,official_vtd_code_and_name_nhgis_blocks,1.0,22-1,2020,1701,0.598807786675
high,DAVIDSON,001908,22 1,2022,official_vtd_code_and_name_nhgis_blocks,1.0,22-1,2020,1701,0.003125259921
high,DAVIDSON,001903,22 2,2022,official_vtd_code_and_name_nhgis_blocks,1.0,22-2,2020,1702,0.174141714728
high,DAVIDSON,001908,22 2,2022,official_vtd_code_and_name_nhgis_blocks,1.0,22-2,2020,1702,0.825858285272
high,DAVIDSON,001906,22 3,2022,official_vtd_code_and_name_nhgis_blocks,1.0,22-3,2020,1703,0.12030651341
high,DAVIDSON,001961,22 3,2022,official_vtd_code_and_name_nhgis_blocks,1.0,22-3,2020,1703,0.87969348659
high,DAVIDSON,001905,22 4,2022,official_vtd_code_and_name_nhgis_blocks,1.0,22-4,2020,1704,0.10217213645
high,DAVIDSON,001906,22 4,2022,official_vtd_code_and_name_nhgis_blocks,1.0,22-4,2020,1704,0.89782786355
high,DAVIDSON,001910,23 1,2022,official_vtd_code_and_name_nhgis_blocks,1.0,23-1,2020,1705,1.0
high,DAVIDSON,001907,23 2,2022,official_vtd_code_and_name_nhgis_blocks,1.0,23-2,2020,1706,0.916461137564
high,DAVIDSON,001908,23 2,2022,official_vtd_code_and_name_nhgis_blocks,1.0,23-2,2020,1706,0.083214611287
high,DAVIDSON,001911,23 2,2022,official_vtd_code_and_name_nhgis_blocks,1.0,23-2,2020,1706,0.000324251149
high,DAVIDSON,001908,23 3,2022,official_vtd_code_and_name_nhgis_blocks,1.0,23-3,2020,1707,0.977873907714
high,DAVIDSON,001909,23 3,2022,official_vtd_code_and_name_nhgis_blocks,1.0,23-3,2020,1707,0.022126092286
high,DAVIDSON,001907,23 4,2022,official_vtd_code_and_name_nhgis_blocks,1.0,23-4,2020,1708,0.135125896015
high,DAVIDSON,001908,23 4,2022,official_vtd_code_and_name_nhgis_blocks,1.0,23-4,2020,1708,0.047992656917
high,DAVIDSON,001909,23 4,2022,official_vtd_code_and_name_nhgis_blocks,1.0,23-4,2020,1708,0.816881447069
high,DAVIDSON,001917,23 5,2022,official_vtd_code_and_name_nhgis_blocks,1.0,23-5,2020,1709,1.0
high,DAVIDSON,001901,24 1,2022,official_vtd_code_and_name_nhgis_blocks,1.0,24-1,2020,1710,1.0
high,DAVIDSON,001917,24 2,2022,official_vtd_code_and_name_nhgis_blocks,1.0,24-2,2020,1711,0.944710692611
high,DAVIDSON,001918,24 2,2022,official_vtd_code_and_name_nhgis_blocks,1.0,24-2,2020,1711,0.055289307389
high,DAVIDSON,001901,24 3,2022,official_vtd_code_and_name_nhgis_blocks,1.0,24-3,2020,1712,0.00112862766
high,DAVIDSON,001915,24 3,2022,official_vtd_code_and_name_nhgis_blocks,1.0,24-3,2020,1712,0.99887137234
high,DAVIDSON,001902,24 4,2022,official_vtd_code_and_name_nhgis_blocks,1.0,24-4,2020,1713,0.149263147844
high,DAVIDSON,001912,24 4,2022,official_vtd_code_and_name_nhgis_blocks,1.0,24-4,2020,1713,0.000125718508
high,DAVIDSON,001916,24 4,2022,official_vtd_code_and_name_nhgis_blocks,1.0,24-4,2020,1713,0.850611133648
high,DAVIDSON,001902,24 5,2022,official_vtd_code_and_name_nhgis_blocks,1.0,24-5,2020,1714,0.051242735356
high,DAVIDSON,001912,24 5,2022,official_vtd_code_and_name_nhgis_blocks,1.0,24-5,2020,1714,0.767634137509
high,DAVIDSON,001913,24 5,2022,official_vtd_code_and_name_nhgis_blocks,1.0,24-5,2020,1714,0.181123127135
high,DAVIDSON,001914,24 6,2022,official_vtd_code_and_name_nhgis_blocks,1.0,24-6,2020,1715,0.090648212306
high,DAVIDSON,001917,24 6,2022,official_vtd_code_and_name_nhgis_blocks,1.0,24-6,2020,1715,0.909351787694
high,DAVIDSON,001919,25 1,2022,official_vtd_code_and_name_nhgis_blocks,1.0,25-1,2020,1716,0.996995379233
high,DAVIDSON,001921,25 1,2022,official_vtd_code_and_name_nhgis_blocks,1.0,25-1,2020,1716,0.003004620767
high,DAVIDSON,001919,25 2,2022,official_vtd_code_and_name_nhgis_blocks,1.0,25-2,2020,1717,0.001161744581
high,DAVIDSON,001956,25 2,2022,official_vtd_code_and_name_nhgis_blocks,1.0,25-2,2020,1717,0.502948287578
high,DAVIDSON,001957,25 2,2022,official_vtd_code_and_name_nhgis_blocks,1.0,25-2,2020,1717,0.495889967842
high,DAVIDSON,001919,25 3,2022,official_vtd_code_and_name_nhgis_blocks,1.0,25-3,2020,1718,0.463784183296
high,DAVIDSON,001920,25 3,2022,official_vtd_code_and_name_nhgis_blocks,1.0,25-3,2020,1718,0.503510716925
high,DAVIDSON,001957,25 3,2022,official_vtd_code_and_name_nhgis_blocks,1.0,25-3,2020,1718,0.032705099778
high,DAVIDSON,001882,25 4,2022,official_vtd_code_and_name_nhgis_blocks,1.0,25-4,2020,1719,0.180173140744
high,DAVIDSON,001919,25 4,2022,official_vtd_code_and_name_nhgis_blocks,1.0,25-4,2020,1719,0.20336380707
high,DAVIDSON,001921,25 4,2022,official_vtd_code_and_name_nhgis_blocks,1.0,25-4,2020,1719,0.616463052186
high,DAVIDSON,001918,25 5,2022,official_vtd_code_and_name_nhgis_blocks,1.0,25-5,2020,1720,0.009383259956
high,DAVIDSON,001920,25 5,2022,official_vtd_code_and_name_nhgis_blocks,1.0,25-5,2020,1720,0.990053850088
high,DAVIDSON,001921,25 5,2022,official_vtd_code_and_name_nhgis_blocks,1.0,25-5,2020,1720,0.000562889956
high,DAVIDSON,001881,26 1,2022,official_vtd_code_and_name_nhgis_blocks,1.0,26-1,2020,1721,0.022241400292
high,DAVIDSON,001882,26 1,2022,official_vtd_code_and_name_nhgis_blocks,1.0,26-1,2020,1721,0.977758599708
high,DAVIDSON,001817,26 2,2022,official_vtd_code_and_name_nhgis_blocks,1.0,26-2,2020,1722,0.103096178516
high,DAVIDSON,001923,26 2,2022,official_vtd_code_and_name_nhgis_blocks,1.0,26-2,2020,1722,5.8875763e-05
high,DAVIDSON,001925,26 2,2022,official_vtd_code_and_name_nhgis_blocks,1.0,26-2,2020,1722,0.744607520277
high,DAVIDSON,001956,26 2,2022,official_vtd_code_and_name_nhgis_blocks,1.0,26-2,2020,1722,0.152237425444
high,DAVIDSON,001923,26 3,2022,official_vtd_code_and_name_nhgis_blocks,1.0,26-3,2020,1723,0.986783042394
high,DAVIDSON,001927,26 3,2022,official_vtd_code_and_name_nhgis_blocks,1.0,26-3,2020,1723,0.013216957606
high,DAVIDSON,001875,26 4,2022,official_vtd_code_and_name_nhgis_blocks,1.0,26-4,2020,1724,0.304893477256
high,DAVIDSON,001877,26 4,2022,official_vtd_code_and_name_nhgis_blocks,1.0,26-4,2020,1724,0.523259261568
high,DAVIDSON,001882,26 4,2022,official_vtd_code_and_name_nhgis_blocks,1.0,26-4,2020,1724,0.002386469546
high,DAVIDSON,001924,26 4,2022,official_vtd_code_and_name_nhgis_blocks,1.0,26-4,2020,1724,0.163562092617
high,DAVIDSON,001926,26 4,2022,official_vtd_code_and_name_nhgis_blocks,1.0,26-4,2020,1724,0.000450183594
high,DAVIDSON,001927,26 4,2022,official_vtd_code_and_name_nhgis_blocks,1.0,26-4,2020,1724,0.005442839
high,DAVIDSON,001928,26 4,2022,official_vtd_code_and_name_nhgis_blocks,1.0,26-4,2020,1724,5.676418e-06
high,DAVIDSON,001926,27 1,2022,official_vtd_code_and_name_nhgis_blocks,1.0,27-1,2020,1725,0.052016677915
high,DAVIDSON,001938,27 1,2022,official_vtd_code_and_name_nhgis_blocks,1.0,27-1,2020,1725,0.024924658168
high,DAVIDSON,001939,27 1,2022,official_vtd_code_and_name_nhgis_blocks,1.0,27-1,2020,1725,0.923058663917
high,DAVIDSON,001926,27 3,2022,official_vtd_code_and_name_nhgis_blocks,1.0,27-3,2020,1727,0.101280181494
high,DAVIDSON,001928,27 3,2022,official_vtd_code_and_name_nhgis_blocks,1.0,27-3,2020,1727,0.898719818506
high,DAVIDSON,001926,27 4,2022,official_vtd_code_and_name_nhgis_blocks,1.0,27-4,2020,1728,0.961955314707
high,DAVIDSON,001927,27 4,2022,official_vtd_code_and_name_nhgis_blocks,1.0,27-4,2020,1728,0.021804611012
high,DAVIDSON,001928,27 4,2022,official_vtd_code_and_name_nhgis_blocks,1.0,27-4,2020,1728,0.016240074282
high,DAVIDSON,001861,28 1,2022,official_vtd_code_and_name_nhgis_blocks,1.0,28-1,2020,1729,0.534062222044
high,DAVIDSON,001929,28 1,2022,official_vtd_code_and_name_nhgis_blocks,1.0,28-1,2020,1729,0.008719086443
high,DAVIDSON,001932,28 1,2022,official_vtd_code_and_name_nhgis_blocks,1.0,28-1,2020,1729,0.457218691514
high,DAVIDSON,001860,28 2,2022,official_vtd_code_and_name_nhgis_blocks,1.0,28-2,2020,1730,0.30264735996
high,DAVIDSON,001929,28 2,2022,official_vtd_code_and_name_nhgis_blocks,1.0,28-2,2020,1730,0.681426915672
high,DAVIDSON,001931,28 2,2022,official_vtd_code_and_name_nhgis_blocks,1.0,28-2,2020,1730,0.015925724368
high,DAVIDSON,001860,28 3,2022,official_vtd_code_and_name_nhgis_blocks,1.0,28-3,2020,1731,0.388860632082
high,DAVIDSON,001930,28 3,2022,official_vtd_code_and_name_nhgis_blocks,1.0,28-3,2020,1731,0.001026161799
high,DAVIDSON,001931,28 3,2022,official_vtd_code_and_name_nhgis_blocks,1.0,28-3,2020,1731,0.61011320612
high,DAVIDSON,001929,28 4,2022,official_vtd_code_and_name_nhgis_blocks,1.0,28-4,2020,1732,0.324278438031
high,DAVIDSON,001930,28 4,2022,official_vtd_code_and_name_nhgis_blocks,1.0,28-4,2020,1732,0.675721561969
high,DAVIDSON,001929,28 5,2022,official_vtd_code_and_name_nhgis_blocks,1.0,28-5,2020,1733,0.966795541456
high,DAVIDSON,001930,28 5,2022,official_vtd_code_and_name_nhgis_blocks,1.0,28-5,2020,1733,0.033204458544
high,DAVIDSON,001935,29 1,2022,official_vtd_code_and_name_nhgis_blocks,1.0,29-1,2020,1734,0.968156082286
high,DAVIDSON,001949,29 1,2022,official_vtd_code_and_name_nhgis_blocks,1.0,29-1,2020,1734,0.031843917714
high,DAVIDSON,001932,29 2,2022,official_vtd_code_and_name_nhgis_blocks,1.0,29-2,2020,1735,0.007042006112
high,DAVIDSON,001933,29 2,2022,official_vtd_code_and_name_nhgis_blocks,1.0,29-2,2020,1735,0.972219497815
high,DAVIDSON,001934,29 2,2022,official_vtd_code_and_name_nhgis_blocks,1.0,29-2,2020,1735,0.016760337848
high,DAVIDSON,001935,29 2,2022,official_vtd_code_and_name_nhgis_blocks,1.0,29-2,2020,1735,0.000884035161
high,DAVIDSON,001949,29 2,2022,official_vtd_code_and_name_nhgis_blocks,1.0,29-2,2020,1735,0.003094123064
high,DAVIDSON,001932,29 3,2022,official_vtd_code_and_name_nhgis_blocks,1.0,29-3,2020,1736,0.953520128
high,DAVIDSON,001933,29 3,2022,official_vtd_code_and_name_nhgis_blocks,1.0,29-3,2020,1736,0.046479872
high,DAVIDSON,001933,29 4,2022,official_vtd_code_and_name_nhgis_blocks,1.0,29-4,2020,1737,5.4544149e-05
high,DAVIDSON,001934,29 4,2022,official_vtd_code_and_name_nhgis_blocks,1.0,29-4,2020,1737,7.1013648e-05
high,DAVIDSON,001935,29 4,2022,official_vtd_code_and_name_nhgis_blocks,1.0,29-4,2020,1737,0.229032873848
high,DAVIDSON,001949,29 4,2022,official_vtd_code_and_name_nhgis_blocks,1.0,29-4,2020,1737,0.770841568355
high,DAVIDSON,001936,30 1,2022,official_vtd_code_and_name_nhgis_blocks,1.0,30-1,2020,1746,0.04529601178
high,DAVIDSON,001937,30 1,2022,official_vtd_code_and_name_nhgis_blocks,1.0,30-1,2020,1746,0.95470398822
high,DAVIDSON,001922,30 2,2022,official_vtd_code_and_name_nhgis_blocks,1.0,30-2,2020,1747,0.354967391043
high,DAVIDSON,001936,30 2,2022,official_vtd_code_and_name_nhgis_blocks,1.0,30-2,2020,1747,0.592411449478
high,DAVIDSON,001937,30 2,2022,official_vtd_code_and_name_nhgis_blocks,1.0,30-2,2020,1747,0.052621159479
high,DAVIDSON,001875,30 3,2022,official_vtd_code_and_name_nhgis_blocks,1.0,30-3,2020,1748,0.03338127675
high,DAVIDSON,001922,30 3,2022,official_vtd_code_and_name_nhgis_blocks,1.0,30-3,2020,1748,0.906360980477
high,DAVIDSON,001924,30 3,2022,official_vtd_code_and_name_nhgis_blocks,1.0,30-3,2020,1748,0.041802233271
high,DAVIDSON,001937,30 3,2022,official_vtd_code_and_name_nhgis_blocks,1.0,30-3,2020,1748,0.018455509502
high,DAVIDSON,001941,31 1,2022,official_vtd_code_and_name_nhgis_blocks,1.0,31-1,2020,1749,1.0
high,DAVIDSON,001942,31 2,2022,official_vtd_code_and_name_nhgis_blocks,1.0,31-2,2020,1750,1.0
high,DAVIDSON,001942,31 3,2022,official_vtd_code_and_name_nhgis_blocks,1.0,31-3,2020,1751,0.02584128975
high,DAVIDSON,001943,31 3,2022,official_vtd_code_and_name_nhgis_blocks,1.0,31-3,2020,1751,0.97415871025
high,DAVIDSON,001926,31 4,2022,official_vtd_code_and_name_nhgis_blocks,1.0,31-4,2020,1752,0.677160976826
high,DAVIDSON,001941,31 4,2022,official_vtd_code_and_name_nhgis_blocks,1.0,31-4,2020,1752,0.322839023174
high,DAVIDSON,001947,32 1,2022,official_vtd_code_and_name_nhgis_blocks,1.0,32-1,2020,1753,0.051486225473
high,DAVIDSON,001950,32 1,2022,official_vtd_code_and_name_nhgis_blocks,1.0,32-1,2020,1753,0.948513774527
high,DAVIDSON,001945,32 2,2022,official_vtd_code_and_name_nhgis_blocks,1.0,32-2,2020,1754,0.944919931912
high,DAVIDSON,001946,32 2,2022,official_vtd_code_and_name_nhgis_blocks,1.0,32-2,2020,1754,0.054993830309
high,DAVIDSON,001947,32 2,2022,official_vtd_code_and_name_nhgis_blocks,1.0,32-2,2020,1754,8.6237779e-05
high,DAVIDSON,001944,32 3,2022,official_vtd_code_and_name_nhgis_blocks,1.0,32-3,2020,1755,0.94138825042
high,DAVIDSON,001947,32 3,2022,official_vtd_code_and_name_nhgis_blocks,1.0,32-3,2020,1755,0.05861174958
high,DAVIDSON,001930,32 4,2022,official_vtd_code_and_name_nhgis_blocks,1.0,32-4,2020,1756,0.027773575204
high,DAVIDSON,001944,32 4,2022,official_vtd_code_and_name_nhgis_blocks,1.0,32-4,2020,1756,0.972226424796
high,DAVIDSON,001943,33 1,2022,official_vtd_code_and_name_nhgis_blocks,1.0,33-1,2020,1757,0.041177958606
high,DAVIDSON,001951,33 1,2022,official_vtd_code_and_name_nhgis_blocks,1.0,33-1,2020,1757,0.958822041394
high,DAVIDSON,001943,33 2,2022,official_vtd_code_and_name_nhgis_blocks,1.0,33-2,2020,1758,0.010122934484
high,DAVIDSON,001946,33 2,2022,official_vtd_code_and_name_nhgis_blocks,1.0,33-2,2020,1758,0.007723352126
high,DAVIDSON,001951,33 2,2022,official_vtd_code_and_name_nhgis_blocks,1.0,33-2,2020,1758,0.98215371339
high,DAVIDSON,001946,33 3,2022,official_vtd_code_and_name_nhgis_blocks,1.0,33-3,2020,1759,1.0
high,DAVIDSON,001940,33 4,2022,official_vtd_code_and_name_nhgis_blocks,1.0,33-4,2020,1760,0.550316582991
high,DAVIDSON,001945,33 4,2022,official_vtd_code_and_name_nhgis_blocks,1.0,33-4,2020,1760,0.019437230967
high,DAVIDSON,001946,33 4,2022,official_vtd_code_and_name_nhgis_blocks,1.0,33-4,2020,1760,0.430246186042
high,DAVIDSON,001940,33 5,2022,official_vtd_code_and_name_nhgis_blocks,1.0,33-5,2020,1761,1.0
high,DAVIDSON,001939,33 6,2022,official_vtd_code_and_name_nhgis_blocks,1.0,33-6,2020,1762,0.97725791159
high,DAVIDSON,001940,33 6,2022,official_vtd_code_and_name_nhgis_blocks,1.0,33-6,2020,1762,0.02274208841
high,DAVIDSON,001955,34 1,2022,official_vtd_code_and_name_nhgis_blocks,1.0,34-1,2020,1763,1.0
high,DAVIDSON,001909,34 2,2022,official_vtd_code_and_name_nhgis_blocks,1.0,34-2,2020,1764,0.014027503806
high,DAVIDSON,001954,34 2,2022,official_vtd_code_and_name_nhgis_blocks,1.0,34-2,2020,1764,0.00768099435
high,DAVIDSON,001956,34 2,2022,official_vtd_code_and_name_nhgis_blocks,1.0,34-2,2020,1764,0.978291501844
high,DAVIDSON,001906,34 3,2022,official_vtd_code_and_name_nhgis_blocks,1.0,34-3,2020,1765,0.014937976768
high,DAVIDSON,001956,34 3,2022,official_vtd_code_and_name_nhgis_blocks,1.0,34-3,2020,1765,0.985062023232
high,DAVIDSON,001918,34 4,2022,official_vtd_code_and_name_nhgis_blocks,1.0,34-4,2020,1766,0.21401325504
high,DAVIDSON,001953,34 4,2022,official_vtd_code_and_name_nhgis_blocks,1.0,34-4,2020,1766,0.78598674496
high,DAVIDSON,001920,34 5,2022,official_vtd_code_and_name_nhgis_blocks,1.0,34-5,2020,1767,0.911581599076
high,DAVIDSON,001953,34 5,2022,official_vtd_code_and_name_nhgis_blocks,1.0,34-5,2020,1767,0.083397346734
high,DAVIDSON,001957,34 5,2022,official_vtd_code_and_name_nhgis_blocks,1.0,34-5,2020,1767,0.00502105419
high,DAVIDSON,001917,34 6,2022,official_vtd_code_and_name_nhgis_blocks,1.0,34-6,2020,1768,0.25
high,DAVIDSON,001920,34 6,2022,official_vtd_code_and_name_nhgis_blocks,1.0,34-6,2020,1768,0.75
high,DAVIDSON,001959,35 1,2022,official_vtd_code_and_name_nhgis_blocks,1.0,35-1,2020,1769,1.0
high,DAVIDSON,001959,35 2,2022,official_vtd_code_and_name_nhgis_blocks,1.0,35-2,2020,1770,0.000961254977
high,DAVIDSON,001960,35 2,2022,official_vtd_code_and_name_nhgis_blocks,1.0,35-2,2020,1770,0.012986516438
high,DAVIDSON,001961,35 2,2022,official_vtd_code_and_name_nhgis_blocks,1.0,35-2,2020,1770,0.986052228586
high,DAVIDSON,001905,35 3,2022,official_vtd_code_and_name_nhgis_blocks,1.0,35-3,2020,1771,0.00392141939
high,DAVIDSON,001960,35 3,2022,official_vtd_code_and_name_nhgis_blocks,1.0,35-3,2020,1771,0.99607858061
high,DAVIDSON,001908,35 4,2022,official_vtd_code_and_name_nhgis_blocks,1.0,35-4,2020,1772,0.003052359377
high,DAVIDSON,001958,35 4,2022,official_vtd_code_and_name_nhgis_blocks,1.0,35-4,2020,1772,0.996947640623
high,DAVIDSON,001903,35 5,2022,official_vtd_code_and_name_nhgis_blocks,1.0,35-5,2020,1773,0.290508625687
high,DAVIDSON,001958,35 5,2022,official_vtd_code_and_name_nhgis_blocks,1.0,35-5,2020,1773,0.709491374313
high,DECATUR,002054,1 1 DUNBAR,2022,official_vtd_exact_label_code_nhgis_blocks,0.97,1-1,2020,1499,1.0
high,DECATUR,002051,2 1 SCOTTS HILL,2022,official_vtd_exact_label_code_nhgis_blocks,0.97,2-1,2020,1495,0.31749536094
high,DECATUR,002054,2 1 SCOTTS HILL,2022,official_vtd_exact_label_code_nhgis_blocks,0.97,2-1,2020,1495,0.113292500816
high,DECATUR,002060,2 1 SCOTTS HILL,2022,official_vtd_exact_label_code_nhgis_blocks,0.97,2-1,2020,1495,0.569212138244
high,DECATUR,002052,3 1 DECATURVILLE,2022,official_vtd_exact_label_code_nhgis_blocks,0.97,3-1,2020,1500,1.663925e-05
high,DECATUR,002053,3 1 DECATURVILLE,2022,official_vtd_exact_label_code_nhgis_blocks,0.97,3-1,2020,1500,0.875092125006
high,DECATUR,002063,3 1 DECATURVILLE,2022,official_vtd_exact_label_code_nhgis_blocks,0.97,3-1,2020,1500,0.124891235744
high,DECATUR,002052,4 1 DECATURVILLE,2022,official_vtd_exact_label_code_nhgis_blocks,0.97,4-1,2020,1492,1.0
high,DECATUR,002055,5 1 PARSONS,2022,official_vtd_exact_label_code_nhgis_blocks,0.97,5-1,2020,1493,1.0
high,DECATUR,002056,6 1 PARSONS,2022,official_vtd_exact_label_code_nhgis_blocks,0.97,6-1,2020,1497,0.433163286317
high,DECATUR,002063,6 1 PARSONS,2022,official_vtd_exact_label_code_nhgis_blocks,0.97,6-1,2020,1497,0.566836713683
high,DECATUR,002057,7 1 CROSSROADS,2022,official_vtd_exact_label_code_nhgis_blocks,0.97,7-1,2020,1494,0.826605631842
high,DECATUR,002062,7 1 CROSSROADS,2022,official_vtd_exact_label_code_nhgis_blocks,0.97,7-1,2020,1494,0.173394368158
high,DECATUR,002057,8 1 PARSONS,2022,official_vtd_exact_label_code_nhgis_blocks,0.97,8-1,2020,1498,0.119992721227
high,DECATUR,002058,8 1 PARSONS,2022,official_vtd_exact_label_code_nhgis_blocks,0.97,8-1,2020,1498,0.860035304354
high,DECATUR,002061,8 1 PARSONS,2022,official_vtd_exact_label_code_nhgis_blocks,0.97,8-1,2020,1498,0.019971974419
high,DECATUR,002058,9 1 BEACON,2022,official_vtd_exact_label_code_nhgis_blocks,0.97,9-1,2020,1496,2.176107e-06
high,DECATUR,002059,9 1 BEACON,2022,official_vtd_exact_label_code_nhgis_blocks,0.97,9-1,2020,1496,0.969679050867
high,DECATUR,002061,9 1 BEACON,2022,official_vtd_exact_label_code_nhgis_blocks,0.97,9-1,2020,1496,0.030318773026
high,DEKALB,002158,1 1 ALEXANDRIA,2022,official_vtd_code_and_name_nhgis_blocks,1.0,1-1 Alexandria,2020,154,1.0
high,DEKALB,002151,1 2 TEMPERENCE HALL,2022,official_vtd_exact_label_code_nhgis_blocks,0.97,1-2 Temperance,2020,150,0.503915919045
high,DEKALB,002159,1 2 TEMPERENCE HALL,2022,official_vtd_exact_label_code_nhgis_blocks,0.97,1-2 Temperance,2020,150,0.496084080955
high,DEKALB,002152,2 1 LIBERTY,2022,official_vtd_code_and_name_nhgis_blocks,1.0,2-1 Liberty,2020,147,0.220172442099
high,DEKALB,002160,2 1 LIBERTY,2022,official_vtd_code_and_name_nhgis_blocks,1.0,2-1 Liberty,2020,147,0.779827557901
high,DEKALB,002161,2 3 SNOWS HILL,2022,official_vtd_code_and_name_nhgis_blocks,1.0,2-3 Snows Hill,2020,155,1.0
high,DEKALB,002153,3 1 CHURCH OF GOD,2022,official_vtd_exact_name_nhgis_blocks,0.95,3 Church of God,2020,149,1.0
high,DEKALB,002162,4 2 ROCK CASTLE,2022,official_vtd_code_and_name_nhgis_blocks,1.0,4-2 Rock Castle,2020,158,1.0
high,DEKALB,002155,4 3 COURTHOUSE,2022,official_vtd_code_and_name_nhgis_blocks,1.0,4-3 Courthouse,2020,148,1.0
high,DEKALB,002164,5 1 JOHNSON CHAPEL,2022,official_vtd_code_and_name_nhgis_blocks,1.0,5-1 Johnson Chapel,2020,157,1.0
high,DEKALB,002157,5 2 COUNTY COMPLEX,2022,official_vtd_code_and_name_nhgis_blocks,1.0,5-2 County Complex,2020,151,1.0
high,DEKALB,002165,6 2 KELTONBURG,2022,official_vtd_exact_label_code_nhgis_blocks,0.97,6-2 Keltonberg,2020,152,0.481135267099
high,DEKALB,002166,6 2 KELTONBURG,2022,official_vtd_exact_label_code_nhgis_blocks,0.97,6-2 Keltonberg,2020,152,0.518864732901
high,DEKALB,002154,6 3 BLUE SPRINGS,2022,official_vtd_code_and_name_nhgis_blocks,1.0,6-3 Blue Springs,2020,156,1.0
medium,DYER,002351,A1 BONICORD,2022,official_vtd_fuzzy_name_nhgis_blocks,0.8571,A-Bonicord,2020,169,1.0
medium,DYER,002352,A2 FOWLKES,2022,official_vtd_fuzzy_name_nhgis_blocks,0.8526,A-Fowlkes,2020,163,1.0
high,DYER,002353,B NEWBERN,2022,official_vtd_exact_name_nhgis_blocks,0.95,B-Newbern,2020,165,1.0
medium,DYER,002354,C1 TATUMVILLE,2022,official_vtd_fuzzy_name_nhgis_blocks,0.864,C-Tatumville,2020,159,0.99219228133
medium,DYER,002355,C1 TATUMVILLE,2022,official_vtd_fuzzy_name_nhgis_blocks,0.864,C-Tatumville,2020,159,0.00780771867
medium,DYER,002356,C2 TRIMBLE,2022,official_vtd_fuzzy_name_nhgis_blocks,0.8526,C-Trimble,2020,172,1.0
medium,DYER,002357,D1 MILLSFIELD,2022,official_vtd_fuzzy_name_nhgis_blocks,0.864,D-Millsfield,2020,164,0.010894832542
medium,DYER,002358,D1 MILLSFIELD,2022,official_vtd_fuzzy_name_nhgis_blocks,0.864,D-Millsfield,2020,164,0.989105167458
medium,DYER,002357,D2 BOGOTA,2022,official_vtd_fuzzy_name_nhgis_blocks,0.8471,D-Bogota,2020,173,1.0
medium,DYER,002352,E1 FINLEY,2022,official_vtd_fuzzy_name_nhgis_blocks,0.8471,E-Finley,2020,168,0.017427161307
medium,DYER,002359,E1 FINLEY,2022,official_vtd_fuzzy_name_nhgis_blocks,0.8471,E-Finley,2020,168,0.913596033997
medium,DYER,002360,E1 FINLEY,2022,official_vtd_fuzzy_name_nhgis_blocks,0.8471,E-Finley,2020,168,0.068976804696
medium,DYER,002360,E2 LENOX,2022,official_vtd_fuzzy_name_nhgis_blocks,0.7875,E-Lennox,2020,171,1.0
medium,DYER,002351,F DYER CO CENTRAL,2022,official_vtd_fuzzy_name_nhgis_blocks,0.8053,F-Dyer County Central,2020,160,5.005032e-06
medium,DYER,002361,F DYER CO CENTRAL,2022,official_vtd_fuzzy_name_nhgis_blocks,0.8053,F-Dyer County Central,2020,160,0.984282408568
medium,DYER,002362,F DYER CO CENTRAL,2022,official_vtd_fuzzy_name_nhgis_blocks,0.8053,F-Dyer County Central,2020,160,8.1258175e-05
medium,DYER,002364,F DYER CO CENTRAL,2022,official_vtd_fuzzy_name_nhgis_blocks,0.8053,F-Dyer County Central,2020,160,0.015631328225
high,DYER,002362,G COURTHOUSE,2022,official_vtd_exact_name_nhgis_blocks,0.95,G - Courthouse,2020,161,1.0
high,DYER,002363,H E DYERSBURG,2022,official_vtd_exact_name_nhgis_blocks,0.95,H-E. Dyersburg,2020,162,1.0
medium,DYER,002364,I1 COMMUNITY CENTER,2022,official_vtd_fuzzy_name_nhgis_blocks,0.8757,I-Community Center,2020,166,0.997548042803
medium,DYER,002365,I1 COMMUNITY CENTER,2022,official_vtd_fuzzy_name_nhgis_blocks,0.8757,I-Community Center,2020,166,0.002451957197
medium,DYER,002365,I2 HURRICANE HILL,2022,official_vtd_fuzzy_name_nhgis_blocks,0.8727,I-Hurricane Hill,2020,170,1.0
high,DYER,002359,J NORTH DYERSBURG,2022,official_vtd_fuzzy_name_nhgis_blocks,0.9,J-N Dyersburg,2020,167,0.261613009914
high,DYER,002360,J NORTH DYERSBURG,2022,official_vtd_fuzzy_name_nhgis_blocks,0.9,J-N Dyersburg,2020,167,7.2655969e-05
high,DYER,002366,J NORTH DYERSBURG,2022,official_vtd_fuzzy_name_nhgis_blocks,0.9,J-N Dyersburg,2020,167,0.738314334117
high,FAYETTE,002464,SOMERVILLE,2022,official_vtd_exact_name_nhgis_blocks,0.95,1 Somerville,2020,174,0.093217599149
high,FAYETTE,002465,SOMERVILLE,2022,official_vtd_exact_name_nhgis_blocks,0.95,1 Somerville,2020,174,0.906782400851
high,FAYETTE,002460,FAYETTE CORNER,2022,official_vtd_exact_name_nhgis_blocks,0.95,2 Fayette Corner,2020,187,0.554451497662
high,FAYETTE,002461,FAYETTE CORNER,2022,official_vtd_exact_name_nhgis_blocks,0.95,2 Fayette Corner,2020,187,0.445225013903
high,FAYETTE,002464,FAYETTE CORNER,2022,official_vtd_exact_name_nhgis_blocks,0.95,2 Fayette Corner,2020,187,0.00032182754
high,FAYETTE,002465,FAYETTE CORNER,2022,official_vtd_exact_name_nhgis_blocks,0.95,2 Fayette Corner,2020,187,1.660895e-06
high,FAYETTE,002461,GARNETT,2022,official_vtd_exact_name_nhgis_blocks,0.95,3 Garnett,2020,188,0.024073132633
high,FAYETTE,002462,GARNETT,2022,official_vtd_exact_name_nhgis_blocks,0.95,3 Garnett,2020,188,0.297068595358
high,FAYETTE,002464,GARNETT,2022,official_vtd_exact_name_nhgis_blocks,0.95,3 Garnett,2020,188,0.67885827201
high,FAYETTE,002462,BRADEN,2022,official_vtd_exact_name_nhgis_blocks,0.95,4 Braden,2020,175,0.72709970203
high,FAYETTE,002464,BRADEN,2022,official_vtd_exact_name_nhgis_blocks,0.95,4 Braden,2020,175,0.27290029797
high,FAYETTE,002463,GALLAWAY,2022,official_vtd_exact_name_nhgis_blocks,0.95,5 Gallaway,2020,176,1.0
high,FAYETTE,002451,NORTH OAKLAND,2022,official_vtd_exact_name_nhgis_blocks,0.95,6 North Oakland,2020,177,0.989581918866
high,FAYETTE,002464,NORTH OAKLAND,2022,official_vtd_exact_name_nhgis_blocks,0.95,6 North Oakland,2020,177,0.010418081134
high,FAYETTE,002452,HICKORY WITHE,2022,official_vtd_exact_name_nhgis_blocks,0.95,7 Hickory Withe,2020,179,0.93771509463
high,FAYETTE,002463,HICKORY WITHE,2022,official_vtd_exact_name_nhgis_blocks,0.95,7 Hickory Withe,2020,179,0.06228490537
high,FAYETTE,002453,ELBA,2022,official_vtd_exact_name_nhgis_blocks,0.95,8 Elba,2020,180,1.0
high,FAYETTE,002454,PIPERTON,2022,official_vtd_exact_name_nhgis_blocks,0.95,9 Piperton,2020,181,0.996556413944
high,FAYETTE,002455,PIPERTON,2022,official_vtd_exact_name_nhgis_blocks,0.95,9 Piperton,2020,181,0.003443586056
high,FAYETTE,002455,ROSSVILLE,2022,official_vtd_exact_name_nhgis_blocks,0.95,10 Rossville,2020,182,1.0
high,FAYETTE,002456,MACON,2022,official_vtd_exact_name_nhgis_blocks,0.95,11 Macon,2020,185,1.0
high,FAYETTE,002456,WILLISTON,2022,official_vtd_exact_name_nhgis_blocks,0.95,12 Williston,2020,189,0.021936269154
high,FAYETTE,002457,WILLISTON,2022,official_vtd_exact_name_nhgis_blocks,0.95,12 Williston,2020,189,0.001564011878
high,FAYETTE,002458,WILLISTON,2022,official_vtd_exact_name_nhgis_blocks,0.95,12 Williston,2020,189,0.968158322288
high,FAYETTE,002465,WILLISTON,2022,official_vtd_exact_name_nhgis_blocks,0.95,12 Williston,2020,189,0.00834139668
high,FAYETTE,002455,MOSCOW,2022,official_vtd_exact_name_nhgis_blocks,0.95,13 Moscow,2020,183,0.639758705166
high,FAYETTE,002457,MOSCOW,2022,official_vtd_exact_name_nhgis_blocks,0.95,13 Moscow,2020,183,0.360236215764
high,FAYETTE,002459,MOSCOW,2022,official_vtd_exact_name_nhgis_blocks,0.95,13 Moscow,2020,183,5.07907e-06
high,FAYETTE,002458,PARKS,2022,official_vtd_exact_name_nhgis_blocks,0.95,14 Parks,2020,186,0.172346108722
high,FAYETTE,002460,PARKS,2022,official_vtd_exact_name_nhgis_blocks,0.95,14 Parks,2020,186,0.827653891278
medium,FAYETTE,002457,LAGRANGE,2022,official_vtd_fuzzy_name_nhgis_blocks,0.8471,15 La Grange,2020,184,2.837541e-06
medium,FAYETTE,002458,LAGRANGE,2022,official_vtd_fuzzy_name_nhgis_blocks,0.8471,15 La Grange,2020,184,0.084558372879
medium,FAYETTE,002459,LAGRANGE,2022,official_vtd_fuzzy_name_nhgis_blocks,0.8471,15 La Grange,2020,184,0.915438789581
high,FAYETTE,002451,SOUTH OAKLAND,2022,official_vtd_exact_name_nhgis_blocks,0.95,16 South Oakland,2020,178,0.99777435631
high,FAYETTE,002452,SOUTH OAKLAND,2022,official_vtd_exact_name_nhgis_blocks,0.95,16 South Oakland,2020,178,0.001217970366
high,FAYETTE,002456,SOUTH OAKLAND,2022,official_vtd_exact_name_nhgis_blocks,0.95,16 South Oakland,2020,178,0.001007673324
high,FRANKLIN,002651,1 1 ANNEX,2022,official_vtd_exact_label_code_nhgis_blocks,0.97,1-1 Franklin County Annex,2020,207,0.998958061333
high,FRANKLIN,002652,1 1 ANNEX,2022,official_vtd_exact_label_code_nhgis_blocks,0.97,1-1 Franklin County Annex,2020,207,0.001041938667
high,FRANKLIN,002652,2 1 CLARK MEMORIAL,2022,official_vtd_exact_label_code_nhgis_blocks,0.97,2-1 Clark Memorial School,2020,206,1.0
high,FRANKLIN,002653,3 1 BROADVIEW,2022,official_vtd_exact_label_code_nhgis_blocks,0.97,3-1 Broadview School,2020,211,1.0
high,FRANKLIN,002654,3 2 HUNTLAND,2022,official_vtd_exact_label_code_nhgis_blocks,0.97,3-2 Huntland Community Center,2020,212,1.0
high,FRANKLIN,002653,3 3 WALNUT GROVE,2022,official_vtd_exact_label_code_nhgis_blocks,0.97,3-3 Walnut Grove Methodist Church Gym,2020,205,0.074380205666
high,FRANKLIN,002655,3 3 WALNUT GROVE,2022,official_vtd_exact_label_code_nhgis_blocks,0.97,3-3 Walnut Grove Methodist Church Gym,2020,205,0.925619794334
high,FRANKLIN,002656,4 1 BELVIDERE,2022,official_vtd_exact_label_code_nhgis_blocks,0.97,4-1 Belvidere Community Center,2020,213,1.0
high,FRANKLIN,002657,4 2 COWAN,2022,official_vtd_exact_label_code_nhgis_blocks,0.97,4-2 Cowan Elementary School,2020,214,1.0
high,FRANKLIN,002658,4 3 LIBERTY,2022,official_vtd_exact_label_code_nhgis_blocks,0.97,4-3 Liberty Community Center,2020,210,1.0
high,FRANKLIN,002659,5 1 KEITH SPRINGS,2022,official_vtd_exact_label_code_nhgis_blocks,0.97,5-1 Keith Springs Community Center,2020,215,1.0
high,FRANKLIN,002657,5 2 SEWANEE,2022,official_vtd_exact_label_code_nhgis_blocks,0.97,5-2 Sewanee Elementary School,2020,216,3.02249e-07
high,FRANKLIN,002660,5 2 SEWANEE,2022,official_vtd_exact_label_code_nhgis_blocks,0.97,5-2 Sewanee Elementary School,2020,216,0.987910603187
high,FRANKLIN,002661,5 2 SEWANEE,2022,official_vtd_exact_label_code_nhgis_blocks,0.97,5-2 Sewanee Elementary School,2020,216,0.006266879125
high,FRANKLIN,002662,5 2 SEWANEE,2022,official_vtd_exact_label_code_nhgis_blocks,0.97,5-2 Sewanee Elementary School,2020,216,0.003212671733
high,FRANKLIN,005757,5 2 SEWANEE,2022,official_vtd_exact_label_code_nhgis_blocks,0.97,5-2 Sewanee Elementary School,2020,216,0.002609543706
high,FRANKLIN,002659,5 3 SHERWOOD,2022,official_vtd_exact_label_code_nhgis_blocks,0.97,5-3 Sherwood Fire Department,2020,208,0.0004480642
high,FRANKLIN,002660,5 3 SHERWOOD,2022,official_vtd_exact_label_code_nhgis_blocks,0.97,5-3 Sherwood Fire Department,2020,208,0.011890620678
high,FRANKLIN,002661,5 3 SHERWOOD,2022,official_vtd_exact_label_code_nhgis_blocks,0.97,5-3 Sherwood Fire Department,2020,208,0.933164677275
high,FRANKLIN,005757,5 3 SHERWOOD,2022,official_vtd_exact_label_code_nhgis_blocks,0.97,5-3 Sherwood Fire Department,2020,208,6.0301633e-05
high,FRANKLIN,005764,5 3 SHERWOOD,2022,official_vtd_exact_label_code_nhgis_blocks,0.97,5-3 Sherwood Fire Department,2020,208,0.054436336214
high,FRANKLIN,002662,6 1 ALTO OAK GROVE,2022,official_vtd_exact_label_code_nhgis_blocks,0.97,6-1 Alto/Oak Grove Fire Department,2020,217,1.0
high,FRANKLIN,002662,6 2 CAPITOL HILL,2022,official_vtd_exact_label_code_nhgis_blocks,0.97,6-2 Capitol Hill Community Center,2020,203,0.002562755938
high,FRANKLIN,002663,6 2 CAPITOL HILL,2022,official_vtd_exact_label_code_nhgis_blocks,0.97,6-2 Capitol Hill Community Center,2020,203,0.997437244062
high,FRANKLIN,002664,6 3 UTSI,2022,official_vtd_exact_label_code_nhgis_blocks,0.97,6-3 UTSI Main Campus,2020,218,1.0
high,FRANKLIN,002665,7 1 NORTH LAKE,2022,official_vtd_exact_label_code_nhgis_blocks,0.97,7-1 North Lake Elementary School,2020,204,0.998041071823
high,FRANKLIN,002666,7 1 NORTH LAKE,2022,official_vtd_exact_label_code_nhgis_blocks,0.97,7-1 North Lake Elementary School,2020,204,0.001958928177
high,FRANKLIN,002666,7 2 CG WINCHESTER SPRINGS,2022,official_vtd_exact_label_code_nhgis_blocks,0.97,7-2 Center Grove/Winchester Springs Water District,2020,219,1.0
high,FRANKLIN,002652,8 1 DECHERD,2022,official_vtd_exact_label_code_nhgis_blocks,0.97,8-1 Decherd Elementary School,2020,209,0.005237698813
high,FRANKLIN,002657,8 1 DECHERD,2022,official_vtd_exact_label_code_nhgis_blocks,0.97,8-1 Decherd Elementary School,2020,209,0.000334160498
high,FRANKLIN,002662,8 1 DECHERD,2022,official_vtd_exact_label_code_nhgis_blocks,0.97,8-1 Decherd Elementary School,2020,209,0.00741280217
high,FRANKLIN,002663,8 1 DECHERD,2022,official_vtd_exact_label_code_nhgis_blocks,0.97,8-1 Decherd Elementary School,2020,209,0.002950021734
high,FRANKLIN,002667,8 1 DECHERD,2022,official_vtd_exact_label_code_nhgis_blocks,0.97,8-1 Decherd Elementary School,2020,209,0.984065316785
high,FRANKLIN,002668,8 2 ESTILL SPRINGS,2022,official_vtd_exact_label_code_nhgis_blocks,0.97,8-2 Estill Springs Community Center,2020,220,1.0
high,GIBSON,002751,1 1 MEDINA,2022,official_vtd_exact_name_nhgis_blocks,0.95,1 Medina,2020,238,0.77214069383
high,GIBSON,002752,1 1 MEDINA,2022,official_vtd_exact_name_nhgis_blocks,0.95,1 Medina,2020,238,0.22785930617
high,GIBSON,002755,4 8 STIGALL CENTER,2022,official_vtd_exact_name_nhgis_blocks,0.95,8 Stigall Center,2020,241,0.001413543101
high,GIBSON,002756,4 8 STIGALL CENTER,2022,official_vtd_exact_name_nhgis_blocks,0.95,8 Stigall Center,2020,241,0.998580717784
high,GIBSON,002760,4 8 STIGALL CENTER,2022,official_vtd_exact_name_nhgis_blocks,0.95,8 Stigall Center,2020,241,5.739115e-06
high,GIBSON,002754,5 9 LANE CHAPEL,2022,official_vtd_exact_name_nhgis_blocks,0.95,9 Lane Chapel,2020,230,7.6785664e-05
high,GIBSON,002757,5 9 LANE CHAPEL,2022,official_vtd_exact_name_nhgis_blocks,0.95,9 Lane Chapel,2020,230,0.867196264308
high,GIBSON,002758,5 9 LANE CHAPEL,2022,official_vtd_exact_name_nhgis_blocks,0.95,9 Lane Chapel,2020,230,0.014499185018
high,GIBSON,002760,5 9 LANE CHAPEL,2022,official_vtd_exact_name_nhgis_blocks,0.95,9 Lane Chapel,2020,230,0.11822776501
high,GIBSON,002752,6 2 SITKA,2022,official_vtd_exact_name_nhgis_blocks,0.95,2 Sitka,2020,237,1.0
high,GIBSON,002751,7 4 GIBSON,2022,official_vtd_exact_name_nhgis_blocks,0.95,4 Gibson,2020,236,4.835574e-05
high,GIBSON,002753,7 4 GIBSON,2022,official_vtd_exact_name_nhgis_blocks,0.95,4 Gibson,2020,236,0.283126982093
high,GIBSON,002754,7 4 GIBSON,2022,official_vtd_exact_name_nhgis_blocks,0.95,4 Gibson,2020,236,0.044061603658
high,GIBSON,002758,7 4 GIBSON,2022,official_vtd_exact_name_nhgis_blocks,0.95,4 Gibson,2020,236,0.041347651183
high,GIBSON,002760,7 4 GIBSON,2022,official_vtd_exact_name_nhgis_blocks,0.95,4 Gibson,2020,236,0.631415407325
high,GIBSON,002756,8 14 BRAZIL,2022,official_vtd_exact_name_nhgis_blocks,0.95,14 Brazil,2020,225,0.000820389457
high,GIBSON,002759,8 14 BRAZIL,2022,official_vtd_exact_name_nhgis_blocks,0.95,14 Brazil,2020,225,0.025359924742
high,GIBSON,002760,8 14 BRAZIL,2022,official_vtd_exact_name_nhgis_blocks,0.95,14 Brazil,2020,225,0.547310737748
high,GIBSON,002761,8 14 BRAZIL,2022,official_vtd_exact_name_nhgis_blocks,0.95,14 Brazil,2020,225,0.398146885106
high,GIBSON,002762,8 14 BRAZIL,2022,official_vtd_exact_name_nhgis_blocks,0.95,14 Brazil,2020,225,0.024567452631
high,GIBSON,002763,8 14 BRAZIL,2022,official_vtd_exact_name_nhgis_blocks,0.95,14 Brazil,2020,225,0.003794610316
high,GIBSON,002759,9 13 FRUITLAND,2022,official_vtd_exact_name_nhgis_blocks,0.95,13 Fruitland,2020,234,0.527576668547
high,GIBSON,002762,9 13 FRUITLAND,2022,official_vtd_exact_name_nhgis_blocks,0.95,13 Fruitland,2020,234,0.472423331453
high,GIBSON,002759,10 22 AGRI PLEX,2022,official_vtd_exact_name_nhgis_blocks,0.95,22 Agri Plex,2020,235,0.003780096585
high,GIBSON,002762,10 22 AGRI PLEX,2022,official_vtd_exact_name_nhgis_blocks,0.95,22 Agri Plex,2020,235,0.405159423738
high,GIBSON,002763,10 22 AGRI PLEX,2022,official_vtd_exact_name_nhgis_blocks,0.95,22 Agri Plex,2020,235,0.570844264551
high,GIBSON,002775,10 22 AGRI PLEX,2022,official_vtd_exact_name_nhgis_blocks,0.95,22 Agri Plex,2020,235,0.020216215126
high,GIBSON,002759,11 26 UNION CENTRAL,2022,official_vtd_exact_name_nhgis_blocks,0.95,26 Union Central,2020,229,5.765763e-06
high,GIBSON,002764,11 26 UNION CENTRAL,2022,official_vtd_exact_name_nhgis_blocks,0.95,26 Union Central,2020,229,0.111270780869
high,GIBSON,002765,11 26 UNION CENTRAL,2022,official_vtd_exact_name_nhgis_blocks,0.95,26 Union Central,2020,229,0.447986065862
high,GIBSON,002766,11 26 UNION CENTRAL,2022,official_vtd_exact_name_nhgis_blocks,0.95,26 Union Central,2020,229,0.006892843459
high,GIBSON,002767,11 26 UNION CENTRAL,2022,official_vtd_exact_name_nhgis_blocks,0.95,26 Union Central,2020,229,0.00256371306
high,GIBSON,002770,11 26 UNION CENTRAL,2022,official_vtd_exact_name_nhgis_blocks,0.95,26 Union Central,2020,229,0.431280830988
high,GIBSON,002766,11 27 SKULLBONE,2022,official_vtd_exact_name_nhgis_blocks,0.95,27 Skullbone,2020,228,1.0
high,GIBSON,002764,13 29 POLK CLARK,2022,official_vtd_exact_name_nhgis_blocks,0.95,29 Polk Clark,2020,233,0.023976540087
high,GIBSON,002768,13 29 POLK CLARK,2022,official_vtd_exact_name_nhgis_blocks,0.95,29 Polk Clark,2020,233,0.417353078458
high,GIBSON,002770,13 29 POLK CLARK,2022,official_vtd_exact_name_nhgis_blocks,0.95,29 Polk Clark,2020,233,0.558670381454
medium,GIBSON,002765,14 30 1STASSEMBLY,2022,official_vtd_fuzzy_name_nhgis_blocks,0.8609,30 1st Assembly,2020,242,0.170244033813
medium,GIBSON,002769,14 30 1STASSEMBLY,2022,official_vtd_fuzzy_name_nhgis_blocks,0.8609,30 1st Assembly,2020,242,0.829755966187
high,GIBSON,002770,15 31 MILAN MUNICIPAL,2022,official_vtd_exact_name_nhgis_blocks,0.95,31 Milan Municipal,2020,231,1.0
high,GIBSON,002761,16 17 YORKVILLE,2022,official_vtd_exact_name_nhgis_blocks,0.95,17 Yorkville,2020,223,0.038559704879
high,GIBSON,002771,16 17 YORKVILLE,2022,official_vtd_exact_name_nhgis_blocks,0.95,17 Yorkville,2020,223,0.961440295121
high,GIBSON,002772,16 18 KENTON,2022,official_vtd_exact_name_nhgis_blocks,0.95,18 Kenton,2020,221,1.0
high,GIBSON,002773,16 40 RUTHERFORD,2022,official_vtd_exact_name_nhgis_blocks,0.95,40 Rutherford,2020,222,1.0
high,GIBSON,002766,17 32 BRADFORD,2022,official_vtd_exact_name_nhgis_blocks,0.95,32 Bradford,2020,227,0.110400172953
high,GIBSON,002774,17 32 BRADFORD,2022,official_vtd_exact_name_nhgis_blocks,0.95,32 Bradford,2020,227,0.79439799235
high,GIBSON,002776,17 32 BRADFORD,2022,official_vtd_exact_name_nhgis_blocks,0.95,32 Bradford,2020,227,0.095201834697
high,GIBSON,002762,18 37 GOOD LUCK,2022,official_vtd_exact_name_nhgis_blocks,0.95,37 Good Luck,2020,226,0.008074035784
high,GIBSON,002765,18 37 GOOD LUCK,2022,official_vtd_exact_name_nhgis_blocks,0.95,37 Good Luck,2020,226,1.697079e-06
high,GIBSON,002775,18 37 GOOD LUCK,2022,official_vtd_exact_name_nhgis_blocks,0.95,37 Good Luck,2020,226,0.089336013467
high,GIBSON,002776,18 37 GOOD LUCK,2022,official_vtd_exact_name_nhgis_blocks,0.95,37 Good Luck,2020,226,0.90258825367
high,GIBSON,002762,19 38 DYER,2022,official_vtd_exact_name_nhgis_blocks,0.95,38 Dyer,2020,224,0.316588186923
high,GIBSON,002777,19 38 DYER,2022,official_vtd_exact_name_nhgis_blocks,0.95,38 Dyer,2020,224,0.335501485283
high,GIBSON,002778,19 38 DYER,2022,official_vtd_exact_name_nhgis_blocks,0.95,38 Dyer,2020,224,0.347910327795
high,GILES,002854,1A ARDMORE,2022,official_vtd_exact_name_nhgis_blocks,0.95,Ardmore,2020,254,1.0
high,GILES,002851,1B PROSPECT,2022,official_vtd_exact_name_nhgis_blocks,0.95,Prospect,2020,246,1.0
high,GILES,002853,2A MINOR HILL,2022,official_vtd_exact_name_nhgis_blocks,0.95,Minor Hill,2020,249,1.0
high,GILES,002852,2B AIRPORT,2022,official_vtd_exact_name_nhgis_blocks,0.95,Airport,2020,252,0.833295689665
high,GILES,002859,2B AIRPORT,2022,official_vtd_exact_name_nhgis_blocks,0.95,Airport,2020,252,0.166654893605
high,GILES,002860,2B AIRPORT,2022,official_vtd_exact_name_nhgis_blocks,0.95,Airport,2020,252,4.941673e-05
high,GILES,002856,3B CAMPBELLSVILLE,2022,official_vtd_exact_name_nhgis_blocks,0.95,Campbellsville,2020,247,1.0
high,GILES,002857,4A LYNNVILLE,2022,official_vtd_exact_name_nhgis_blocks,0.95,Lynnville,2020,245,0.967170057608
high,GILES,002858,4A LYNNVILLE,2022,official_vtd_exact_name_nhgis_blocks,0.95,Lynnville,2020,245,0.032829942392
medium,GILES,002857,4B ODD FELLOWS HALL,2022,official_vtd_fuzzy_name_nhgis_blocks,0.7875,Off Fellows Hall,2020,251,0.009258327357
medium,GILES,002858,4B ODD FELLOWS HALL,2022,official_vtd_fuzzy_name_nhgis_blocks,0.7875,Off Fellows Hall,2020,251,0.990741672643
high,GILES,002858,5A TCAT,2022,official_vtd_exact_name_nhgis_blocks,0.95,TCAT,2020,253,5.385667e-06
high,GILES,002859,5A TCAT,2022,official_vtd_exact_name_nhgis_blocks,0.95,TCAT,2020,253,0.964611482066
high,GILES,002860,5A TCAT,2022,official_vtd_exact_name_nhgis_blocks,0.95,TCAT,2020,253,0.035178964529
high,GILES,002862,5A TCAT,2022,official_vtd_exact_name_nhgis_blocks,0.95,TCAT,2020,253,0.000204167737
high,GILES,002859,5B AGRI PARK,2022,official_vtd_exact_name_nhgis_blocks,0.95,Agri-Park,2020,243,0.011108150793
high,GILES,002860,5B AGRI PARK,2022,official_vtd_exact_name_nhgis_blocks,0.95,Agri-Park,2020,243,0.988891849207
high,GILES,002861,6A UTS,2022,official_vtd_exact_name_nhgis_blocks,0.95,UTS,2020,248,1.0
high,GILES,002863,7A GCHS,2022,official_vtd_exact_name_nhgis_blocks,0.95,GCHS,2020,244,1.0
high,GILES,002863,7B REC CENTER,2022,official_vtd_exact_name_nhgis_blocks,0.95,Rec Center,2020,256,0.03026778274
high,GILES,002864,7B REC CENTER,2022,official_vtd_exact_name_nhgis_blocks,0.95,Rec Center,2020,256,0.96973221726
medium,GREENE,003052,4 CAMP CREEK,2022,official_vtd_fuzzy_name_nhgis_blocks,0.7826,CC - Camp Creek,2020,908,1.0
medium,GREENE,003072,2 CHUCKEY DOAK,2022,official_vtd_fuzzy_name_nhgis_blocks,0.8,CD - Chuckey Doak,2020,904,0.997450377762
medium,GREENE,003073,2 CHUCKEY DOAK,2022,official_vtd_fuzzy_name_nhgis_blocks,0.8,CD - Chuckey Doak,2020,904,0.002549622238
medium,GREENE,003052,4 COURTHOUSE,2022,official_vtd_fuzzy_name_nhgis_blocks,0.7826,CH - Courthouse,2020,911,0.761916196387
medium,GREENE,003065,4 COURTHOUSE,2022,official_vtd_fuzzy_name_nhgis_blocks,0.7826,CH - Courthouse,2020,911,0.238083803613
medium,GREENE,003061,7 HIGH SCHOOL,2022,official_vtd_fuzzy_name_nhgis_blocks,0.792,HS - High School,2020,913,0.393775538544
medium,GREENE,003080,7 HIGH SCHOOL,2022,official_vtd_fuzzy_name_nhgis_blocks,0.792,HS - High School,2020,913,0.30549561768
medium,GREENE,003084,7 HIGH SCHOOL,2022,official_vtd_fuzzy_name_nhgis_blocks,0.792,HS - High School,2020,913,0.300728843776
medium,GREENE,003052,5 MIDDLE SCHOOL,2022,official_vtd_fuzzy_name_nhgis_blocks,0.8069,MS - Middle School,2020,914,8.9974337e-05
medium,GREENE,003059,5 MIDDLE SCHOOL,2022,official_vtd_fuzzy_name_nhgis_blocks,0.8069,MS - Middle School,2020,914,0.145631688468
medium,GREENE,003066,5 MIDDLE SCHOOL,2022,official_vtd_fuzzy_name_nhgis_blocks,0.8069,MS - Middle School,2020,914,0.634735549567
medium,GREENE,003084,5 MIDDLE SCHOOL,2022,official_vtd_fuzzy_name_nhgis_blocks,0.8069,MS - Middle School,2020,914,0.219542787628
medium,GREENE,003053,5 NOLACHUCKEY,2022,official_vtd_fuzzy_name_nhgis_blocks,0.792,NC - Nolachuckey,2020,915,1.0
medium,GREENE,003063,3 TUSCULUM VIEW,2022,official_vtd_fuzzy_name_nhgis_blocks,0.8069,TV - Tusculum View,2020,920,0.88625622691
medium,GREENE,003069,3 TUSCULUM VIEW,2022,official_vtd_fuzzy_name_nhgis_blocks,0.8069,TV - Tusculum View,2020,920,0.111676767633
medium,GREENE,003080,3 TUSCULUM VIEW,2022,official_vtd_fuzzy_name_nhgis_blocks,0.8069,TV - Tusculum View,2020,920,0.002067005457
high,GRUNDY,003152,ALTAMONT,2022,official_vtd_exact_name_nhgis_blocks,0.95,Altamont,2020,257,0.013749456785
high,GRUNDY,003153,ALTAMONT,2022,official_vtd_exact_name_nhgis_blocks,0.95,Altamont,2020,257,0.986250543215
high,GRUNDY,003152,BEERSHEBA SPRINGS,2022,official_vtd_exact_name_nhgis_blocks,0.95,Beersheba Springs,2020,260,1.0
high,GRUNDY,003155,CENTRAL,2022,official_vtd_exact_name_nhgis_blocks,0.95,Central,2020,262,1.0
high,GRUNDY,003154,COLLINS,2022,official_vtd_exact_name_nhgis_blocks,0.95,Collins,2020,261,1.0
high,GRUNDY,003157,PELHAM VALLEY,2022,official_vtd_exact_name_nhgis_blocks,0.95,Pelham Valley,2020,263,1.0
high,GRUNDY,003155,COALMONT,2022,official_vtd_exact_name_nhgis_blocks,0.95,Coalmont,2020,265,0.369443401686
high,GRUNDY,003160,COALMONT,2022,official_vtd_exact_name_nhgis_blocks,0.95,Coalmont,2020,265,0.630556598314
medium,GRUNDY,003163,GRUETLI LAAGER,2022,official_vtd_fuzzy_name_nhgis_blocks,0.8357,Gruelti-Laager,2020,259,1.0
high,GRUNDY,003162,PALMER,2022,official_vtd_exact_name_nhgis_blocks,0.95,Palmer,2020,264,1.0
high,GRUNDY,003161,MONTEAGLE,2022,official_vtd_exact_name_nhgis_blocks,0.95,Monteagle,2020,266,1.0
high,GRUNDY,003156,TRACY CITY,2022,official_vtd_exact_name_nhgis_blocks,0.95,Tracy City,2020,258,1.0
high,HAMBLEN,003264,13 1,2022,official_vtd_code_and_name_nhgis_blocks,1.0,13-1,2020,281,1.0
high,HAMBLEN,003265,14 1,2022,official_vtd_code_and_name_nhgis_blocks,1.0,14-1,2020,282,1.0
high,HAMILTON,003351,AIRPORT A,2022,official_vtd_exact_name_nhgis_blocks,0.95,Airport A,2020,986,0.182169324795
high,HAMILTON,003414,AIRPORT A,2022,official_vtd_exact_name_nhgis_blocks,0.95,Airport A,2020,986,0.008126351304
high,HAMILTON,003416,AIRPORT A,2022,official_vtd_exact_name_nhgis_blocks,0.95,Airport A,2020,986,0.190435825682
high,HAMILTON,003469,AIRPORT A,2022,official_vtd_exact_name_nhgis_blocks,0.95,Airport A,2020,986,0.059222121451
high,HAMILTON,003476,AIRPORT A,2022,official_vtd_exact_name_nhgis_blocks,0.95,Airport A,2020,986,0.018826551342
high,HAMILTON,003477,AIRPORT A,2022,official_vtd_exact_name_nhgis_blocks,0.95,Airport A,2020,986,0.541219825426
high,HAMILTON,003351,AIRPORT B,2022,official_vtd_exact_name_nhgis_blocks,0.95,Airport B,2020,987,0.13089403893
high,HAMILTON,003417,AIRPORT B,2022,official_vtd_exact_name_nhgis_blocks,0.95,Airport B,2020,987,0.040473708559
high,HAMILTON,003469,AIRPORT B,2022,official_vtd_exact_name_nhgis_blocks,0.95,Airport B,2020,987,0.828632252511
high,HAMILTON,003352,ALTON PARK,2022,official_vtd_exact_name_nhgis_blocks,0.95,Alton Park,2020,988,0.889271497106
high,HAMILTON,003385,ALTON PARK,2022,official_vtd_exact_name_nhgis_blocks,0.95,Alton Park,2020,988,0.045232435858
high,HAMILTON,003391,ALTON PARK,2022,official_vtd_exact_name_nhgis_blocks,0.95,Alton Park,2020,988,0.063244122561
high,HAMILTON,003399,ALTON PARK,2022,official_vtd_exact_name_nhgis_blocks,0.95,Alton Park,2020,988,0.002249508218
high,HAMILTON,003463,ALTON PARK,2022,official_vtd_exact_name_nhgis_blocks,0.95,Alton Park,2020,988,2.436257e-06
high,HAMILTON,003355,APISON A,2022,official_vtd_exact_name_nhgis_blocks,0.95,Apison A,2020,989,1.0
high,HAMILTON,003355,APISON B,2022,official_vtd_exact_name_nhgis_blocks,0.95,Apison B,2020,990,0.13643315229
high,HAMILTON,003356,APISON B,2022,official_vtd_exact_name_nhgis_blocks,0.95,Apison B,2020,990,4.6189027e-05
high,HAMILTON,003357,APISON B,2022,official_vtd_exact_name_nhgis_blocks,0.95,Apison B,2020,990,0.076925802779
high,HAMILTON,003367,APISON B,2022,official_vtd_exact_name_nhgis_blocks,0.95,Apison B,2020,990,0.045207817753
high,HAMILTON,003368,APISON B,2022,official_vtd_exact_name_nhgis_blocks,0.95,Apison B,2020,990,0.485131536107
high,HAMILTON,003369,APISON B,2022,official_vtd_exact_name_nhgis_blocks,0.95,Apison B,2020,990,0.056336957595
high,HAMILTON,003370,APISON B,2022,official_vtd_exact_name_nhgis_blocks,0.95,Apison B,2020,990,0.142962784239
high,HAMILTON,003443,APISON B,2022,official_vtd_exact_name_nhgis_blocks,0.95,Apison B,2020,990,0.011710982217
high,HAMILTON,003444,APISON B,2022,official_vtd_exact_name_nhgis_blocks,0.95,Apison B,2020,990,0.000101242615
high,HAMILTON,003445,APISON B,2022,official_vtd_exact_name_nhgis_blocks,0.95,Apison B,2020,990,0.045143535378
high,HAMILTON,003354,AVONDALE,2022,official_vtd_exact_name_nhgis_blocks,0.95,Avondale,2020,991,0.966494435113
high,HAMILTON,003358,AVONDALE,2022,official_vtd_exact_name_nhgis_blocks,0.95,Avondale,2020,991,0.027034790947
high,HAMILTON,003389,AVONDALE,2022,official_vtd_exact_name_nhgis_blocks,0.95,Avondale,2020,991,0.004034705213
high,HAMILTON,003432,AVONDALE,2022,official_vtd_exact_name_nhgis_blocks,0.95,Avondale,2020,991,0.002436068728
high,HAMILTON,003361,BIRCHWOOD,2022,official_vtd_exact_name_nhgis_blocks,0.95,Birchwood,2020,992,1.0
high,HAMILTON,003362,BONNY OAKS,2022,official_vtd_exact_name_nhgis_blocks,0.95,Bonny Oaks,2020,993,0.00695234124
high,HAMILTON,003416,BONNY OAKS,2022,official_vtd_exact_name_nhgis_blocks,0.95,Bonny Oaks,2020,993,0.006961005484
high,HAMILTON,003466,BONNY OAKS,2022,official_vtd_exact_name_nhgis_blocks,0.95,Bonny Oaks,2020,993,0.938097224646
high,HAMILTON,003469,BONNY OAKS,2022,official_vtd_exact_name_nhgis_blocks,0.95,Bonny Oaks,2020,993,0.047989428629
high,HAMILTON,003363,BRAINERD,2022,official_vtd_exact_name_nhgis_blocks,0.95,Brainerd,2020,994,0.998918271538
high,HAMILTON,003426,BRAINERD,2022,official_vtd_exact_name_nhgis_blocks,0.95,Brainerd,2020,994,0.001081728462
high,HAMILTON,003364,BRAINERD HILLS,2022,official_vtd_exact_name_nhgis_blocks,0.95,Brainerd Hills,2020,995,1.0
high,HAMILTON,003354,BUSHTOWN,2022,official_vtd_exact_name_nhgis_blocks,0.95,Bushtown,2020,996,0.142237024549
high,HAMILTON,003365,BUSHTOWN,2022,official_vtd_exact_name_nhgis_blocks,0.95,Bushtown,2020,996,0.761505154177
high,HAMILTON,003405,BUSHTOWN,2022,official_vtd_exact_name_nhgis_blocks,0.95,Bushtown,2020,996,0.096257821274
high,HAMILTON,003367,COLLEGEDALE A,2022,official_vtd_exact_name_nhgis_blocks,0.95,Collegedale A,2020,997,3.1117617e-05
high,HAMILTON,003370,COLLEGEDALE A,2022,official_vtd_exact_name_nhgis_blocks,0.95,Collegedale A,2020,997,0.838280015929
high,HAMILTON,003440,COLLEGEDALE A,2022,official_vtd_exact_name_nhgis_blocks,0.95,Collegedale A,2020,997,0.000856236352
high,HAMILTON,003442,COLLEGEDALE A,2022,official_vtd_exact_name_nhgis_blocks,0.95,Collegedale A,2020,997,0.026472172952
high,HAMILTON,003443,COLLEGEDALE A,2022,official_vtd_exact_name_nhgis_blocks,0.95,Collegedale A,2020,997,0.133740112407
high,HAMILTON,003467,COLLEGEDALE A,2022,official_vtd_exact_name_nhgis_blocks,0.95,Collegedale A,2020,997,0.000620344743
high,HAMILTON,003367,COLLEGEDALE B,2022,official_vtd_exact_name_nhgis_blocks,0.95,Collegedale B,2020,998,0.76358080938
high,HAMILTON,003440,COLLEGEDALE B,2022,official_vtd_exact_name_nhgis_blocks,0.95,Collegedale B,2020,998,0.23641919062
high,HAMILTON,003364,CONCORD A,2022,official_vtd_exact_name_nhgis_blocks,0.95,Concord A,2020,999,0.083245964639
high,HAMILTON,003371,CONCORD A,2022,official_vtd_exact_name_nhgis_blocks,0.95,Concord A,2020,999,0.805774022212
high,HAMILTON,003372,CONCORD A,2022,official_vtd_exact_name_nhgis_blocks,0.95,Concord A,2020,999,0.108268366965
high,HAMILTON,003388,CONCORD A,2022,official_vtd_exact_name_nhgis_blocks,0.95,Concord A,2020,999,0.002711646185
high,HAMILTON,003372,CONCORD B,2022,official_vtd_exact_name_nhgis_blocks,0.95,Concord B,2020,1000,0.76252028053
high,HAMILTON,003375,CONCORD B,2022,official_vtd_exact_name_nhgis_blocks,0.95,Concord B,2020,1000,0.237255424909
high,HAMILTON,003387,CONCORD B,2022,official_vtd_exact_name_nhgis_blocks,0.95,Concord B,2020,1000,0.000224294561
high,HAMILTON,003379,COURTHOUSE,2022,official_vtd_exact_name_nhgis_blocks,0.95,Courthouse,2020,1001,0.950854467106
high,HAMILTON,003385,COURTHOUSE,2022,official_vtd_exact_name_nhgis_blocks,0.95,Courthouse,2020,1001,0.035866929081
high,HAMILTON,003399,COURTHOUSE,2022,official_vtd_exact_name_nhgis_blocks,0.95,Courthouse,2020,1001,0.013278603812
high,HAMILTON,003381,DALEWOOD,2022,official_vtd_exact_name_nhgis_blocks,0.95,Dalewood,2020,1002,0.123061855413
high,HAMILTON,003396,DALEWOOD,2022,official_vtd_exact_name_nhgis_blocks,0.95,Dalewood,2020,1002,0.629781687931
high,HAMILTON,003414,DALEWOOD,2022,official_vtd_exact_name_nhgis_blocks,0.95,Dalewood,2020,1002,0.097965390075
high,HAMILTON,003453,DALEWOOD,2022,official_vtd_exact_name_nhgis_blocks,0.95,Dalewood,2020,1002,0.149191066582
high,HAMILTON,003382,DALLAS,2022,official_vtd_exact_name_nhgis_blocks,0.95,Dallas,2020,1003,0.438938858322
high,HAMILTON,003383,DALLAS,2022,official_vtd_exact_name_nhgis_blocks,0.95,Dallas,2020,1003,0.014464245869
high,HAMILTON,003418,DALLAS,2022,official_vtd_exact_name_nhgis_blocks,0.95,Dallas,2020,1003,0.009520930166
high,HAMILTON,003424,DALLAS,2022,official_vtd_exact_name_nhgis_blocks,0.95,Dallas,2020,1003,0.00139473409
high,HAMILTON,003425,DALLAS,2022,official_vtd_exact_name_nhgis_blocks,0.95,Dallas,2020,1003,0.016455994487
high,HAMILTON,003460,DALLAS,2022,official_vtd_exact_name_nhgis_blocks,0.95,Dallas,2020,1003,0.384700076792
high,HAMILTON,003461,DALLAS,2022,official_vtd_exact_name_nhgis_blocks,0.95,Dallas,2020,1003,0.087612865358
high,HAMILTON,003462,DALLAS,2022,official_vtd_exact_name_nhgis_blocks,0.95,Dallas,2020,1003,0.046912294916
high,HAMILTON,003379,DOWNTOWN,2022,official_vtd_exact_name_nhgis_blocks,0.95,Downtown,2020,1004,0.10359538694
high,HAMILTON,003380,DOWNTOWN,2022,official_vtd_exact_name_nhgis_blocks,0.95,Downtown,2020,1004,0.030488282471
high,HAMILTON,003384,DOWNTOWN,2022,official_vtd_exact_name_nhgis_blocks,0.95,Downtown,2020,1004,0.346108989977
high,HAMILTON,003385,DOWNTOWN,2022,official_vtd_exact_name_nhgis_blocks,0.95,Downtown,2020,1004,0.460772138738
high,HAMILTON,003427,DOWNTOWN,2022,official_vtd_exact_name_nhgis_blocks,0.95,Downtown,2020,1004,0.059035201874
high,HAMILTON,003386,DUPONT,2022,official_vtd_exact_name_nhgis_blocks,0.95,Dupont,2020,1005,0.83785208882
high,HAMILTON,003422,DUPONT,2022,official_vtd_exact_name_nhgis_blocks,0.95,Dupont,2020,1005,0.159557559346
high,HAMILTON,003437,DUPONT,2022,official_vtd_exact_name_nhgis_blocks,0.95,Dupont,2020,1005,0.002590351834
high,HAMILTON,003388,EAST BRAINERD A,2022,official_vtd_exact_name_nhgis_blocks,0.95,East Brainerd A,2020,1006,1.0
high,HAMILTON,003375,EAST BRAINERD B,2022,official_vtd_exact_name_nhgis_blocks,0.95,East Brainerd B,2020,1007,0.248969622958
high,HAMILTON,003376,EAST BRAINERD B,2022,official_vtd_exact_name_nhgis_blocks,0.95,East Brainerd B,2020,1007,0.004426805068
high,HAMILTON,003387,EAST BRAINERD B,2022,official_vtd_exact_name_nhgis_blocks,0.95,East Brainerd B,2020,1007,0.746603571974
high,HAMILTON,003358,EAST CHATTANOOGA,2022,official_vtd_exact_name_nhgis_blocks,0.95,East Chattanooga,2020,1008,0.092387661465
high,HAMILTON,003381,EAST CHATTANOOGA,2022,official_vtd_exact_name_nhgis_blocks,0.95,East Chattanooga,2020,1008,0.476167186488
high,HAMILTON,003389,EAST CHATTANOOGA,2022,official_vtd_exact_name_nhgis_blocks,0.95,East Chattanooga,2020,1008,0.079872182393
high,HAMILTON,003390,EAST CHATTANOOGA,2022,official_vtd_exact_name_nhgis_blocks,0.95,East Chattanooga,2020,1008,0.351303873793
high,HAMILTON,003414,EAST CHATTANOOGA,2022,official_vtd_exact_name_nhgis_blocks,0.95,East Chattanooga,2020,1008,0.000269095861
high,HAMILTON,003391,EAST LAKE,2022,official_vtd_exact_name_nhgis_blocks,0.95,East Lake,2020,1009,0.969563437709
high,HAMILTON,003399,EAST LAKE,2022,official_vtd_exact_name_nhgis_blocks,0.95,East Lake,2020,1009,0.030436562291
high,HAMILTON,003363,EAST RIDGE A,2022,official_vtd_exact_name_nhgis_blocks,0.95,East Ridge A,2020,1010,0.145894660403
high,HAMILTON,003392,EAST RIDGE A,2022,official_vtd_exact_name_nhgis_blocks,0.95,East Ridge A,2020,1010,0.053395803278
high,HAMILTON,003393,EAST RIDGE A,2022,official_vtd_exact_name_nhgis_blocks,0.95,East Ridge A,2020,1010,0.641688588843
high,HAMILTON,003394,EAST RIDGE A,2022,official_vtd_exact_name_nhgis_blocks,0.95,East Ridge A,2020,1010,0.028906947874
high,HAMILTON,003426,EAST RIDGE A,2022,official_vtd_exact_name_nhgis_blocks,0.95,East Ridge A,2020,1010,0.130113999602
high,HAMILTON,003363,EAST RIDGE B,2022,official_vtd_exact_name_nhgis_blocks,0.95,East Ridge B,2020,1011,0.598837003967
high,HAMILTON,003392,EAST RIDGE B,2022,official_vtd_exact_name_nhgis_blocks,0.95,East Ridge B,2020,1011,0.011884250986
high,HAMILTON,003393,EAST RIDGE B,2022,official_vtd_exact_name_nhgis_blocks,0.95,East Ridge B,2020,1011,0.378434014833
high,HAMILTON,003394,EAST RIDGE B,2022,official_vtd_exact_name_nhgis_blocks,0.95,East Ridge B,2020,1011,0.010844730214
high,HAMILTON,003363,EAST RIDGE C,2022,official_vtd_exact_name_nhgis_blocks,0.95,East Ridge C,2020,1012,0.815953585825
high,HAMILTON,003392,EAST RIDGE C,2022,official_vtd_exact_name_nhgis_blocks,0.95,East Ridge C,2020,1012,0.175544478738
high,HAMILTON,003394,EAST RIDGE C,2022,official_vtd_exact_name_nhgis_blocks,0.95,East Ridge C,2020,1012,0.008501935437
high,HAMILTON,003364,EAST RIDGE D,2022,official_vtd_exact_name_nhgis_blocks,0.95,East Ridge D,2020,1013,0.527503560464
high,HAMILTON,003394,EAST RIDGE D,2022,official_vtd_exact_name_nhgis_blocks,0.95,East Ridge D,2020,1013,2.3864767e-05
high,HAMILTON,003395,EAST RIDGE D,2022,official_vtd_exact_name_nhgis_blocks,0.95,East Ridge D,2020,1013,0.472472574769
high,HAMILTON,003397,EASTGATE,2022,official_vtd_exact_name_nhgis_blocks,0.95,Eastgate,2020,1014,0.554420422325
high,HAMILTON,003398,EASTGATE,2022,official_vtd_exact_name_nhgis_blocks,0.95,Eastgate,2020,1014,0.445579577675
high,HAMILTON,003352,EASTSIDE,2022,official_vtd_exact_name_nhgis_blocks,0.95,Eastside,2020,1015,0.180111078904
high,HAMILTON,003379,EASTSIDE,2022,official_vtd_exact_name_nhgis_blocks,0.95,Eastside,2020,1015,0.003237158883
high,HAMILTON,003385,EASTSIDE,2022,official_vtd_exact_name_nhgis_blocks,0.95,Eastside,2020,1015,0.012178322633
high,HAMILTON,003399,EASTSIDE,2022,official_vtd_exact_name_nhgis_blocks,0.95,Eastside,2020,1015,0.679402197721
high,HAMILTON,003400,EASTSIDE,2022,official_vtd_exact_name_nhgis_blocks,0.95,Eastside,2020,1015,0.01313858219
high,HAMILTON,003451,EASTSIDE,2022,official_vtd_exact_name_nhgis_blocks,0.95,Eastside,2020,1015,0.040892503842
high,HAMILTON,003452,EASTSIDE,2022,official_vtd_exact_name_nhgis_blocks,0.95,Eastside,2020,1015,0.071040155827
high,HAMILTON,003401,FAIRMOUNT,2022,official_vtd_exact_name_nhgis_blocks,0.95,Fairmount,2020,1016,0.804504694499
high,HAMILTON,003402,FAIRMOUNT,2022,official_vtd_exact_name_nhgis_blocks,0.95,Fairmount,2020,1016,0.138859264162
high,HAMILTON,003456,FAIRMOUNT,2022,official_vtd_exact_name_nhgis_blocks,0.95,Fairmount,2020,1016,0.008016969125
high,HAMILTON,003472,FAIRMOUNT,2022,official_vtd_exact_name_nhgis_blocks,0.95,Fairmount,2020,1016,0.048619072214
high,HAMILTON,003402,FALLING WATER,2022,official_vtd_exact_name_nhgis_blocks,0.95,Falling Water,2020,1017,0.058225390667
high,HAMILTON,003439,FALLING WATER,2022,official_vtd_exact_name_nhgis_blocks,0.95,Falling Water,2020,1017,0.91495064552
high,HAMILTON,003446,FALLING WATER,2022,official_vtd_exact_name_nhgis_blocks,0.95,Falling Water,2020,1017,0.01815263457
high,HAMILTON,003447,FALLING WATER,2022,official_vtd_exact_name_nhgis_blocks,0.95,Falling Water,2020,1017,9.1022373e-05
high,HAMILTON,003461,FALLING WATER,2022,official_vtd_exact_name_nhgis_blocks,0.95,Falling Water,2020,1017,0.008479292405
high,HAMILTON,003462,FALLING WATER,2022,official_vtd_exact_name_nhgis_blocks,0.95,Falling Water,2020,1017,0.000101014465
high,HAMILTON,003359,FLAT TOP MOUNTAIN,2022,official_vtd_exact_name_nhgis_blocks,0.95,Flat Top Mountain,2020,1018,0.006268774776
high,HAMILTON,003403,FLAT TOP MOUNTAIN,2022,official_vtd_exact_name_nhgis_blocks,0.95,Flat Top Mountain,2020,1018,0.981548667156
high,HAMILTON,003460,FLAT TOP MOUNTAIN,2022,official_vtd_exact_name_nhgis_blocks,0.95,Flat Top Mountain,2020,1018,0.012182558068
high,HAMILTON,003404,GANNS,2022,official_vtd_exact_name_nhgis_blocks,0.95,Ganns,2020,1019,0.998037423914
high,HAMILTON,003413,GANNS,2022,official_vtd_exact_name_nhgis_blocks,0.95,Ganns,2020,1019,1.35193e-07
high,HAMILTON,003418,GANNS,2022,official_vtd_exact_name_nhgis_blocks,0.95,Ganns,2020,1019,0.001757083422
high,HAMILTON,003424,GANNS,2022,official_vtd_exact_name_nhgis_blocks,0.95,Ganns,2020,1019,4.9345278e-05
high,HAMILTON,003446,GANNS,2022,official_vtd_exact_name_nhgis_blocks,0.95,Ganns,2020,1019,0.000156012193
high,HAMILTON,003396,GLENWOOD,2022,official_vtd_exact_name_nhgis_blocks,0.95,Glenwood,2020,1020,0.382980780837
high,HAMILTON,003405,GLENWOOD,2022,official_vtd_exact_name_nhgis_blocks,0.95,Glenwood,2020,1020,0.091677931672
high,HAMILTON,003453,GLENWOOD,2022,official_vtd_exact_name_nhgis_blocks,0.95,Glenwood,2020,1020,0.525341287491
high,HAMILTON,003362,HARRISON,2022,official_vtd_exact_name_nhgis_blocks,0.95,Harrison,2020,1021,0.00101861459
high,HAMILTON,003406,HARRISON,2022,official_vtd_exact_name_nhgis_blocks,0.95,Harrison,2020,1021,0.170414335276
high,HAMILTON,003407,HARRISON,2022,official_vtd_exact_name_nhgis_blocks,0.95,Harrison,2020,1021,0.634128067255
high,HAMILTON,003432,HARRISON,2022,official_vtd_exact_name_nhgis_blocks,0.95,Harrison,2020,1021,0.171037631587
high,HAMILTON,003433,HARRISON,2022,official_vtd_exact_name_nhgis_blocks,0.95,Harrison,2020,1021,0.018927451007
high,HAMILTON,003466,HARRISON,2022,official_vtd_exact_name_nhgis_blocks,0.95,Harrison,2020,1021,0.004473900285
high,HAMILTON,003409,HARRISON BAY,2022,official_vtd_exact_name_nhgis_blocks,0.95,Harrison Bay,2020,1022,0.538342951335
high,HAMILTON,003410,HARRISON BAY,2022,official_vtd_exact_name_nhgis_blocks,0.95,Harrison Bay,2020,1022,0.390086726879
high,HAMILTON,003458,HARRISON BAY,2022,official_vtd_exact_name_nhgis_blocks,0.95,Harrison Bay,2020,1022,0.021470384369
high,HAMILTON,003459,HARRISON BAY,2022,official_vtd_exact_name_nhgis_blocks,0.95,Harrison Bay,2020,1022,0.050099937416
high,HAMILTON,003411,HIXSON,2022,official_vtd_exact_name_nhgis_blocks,0.95,Hixson,2020,1023,0.043403630184
high,HAMILTON,003412,HIXSON,2022,official_vtd_exact_name_nhgis_blocks,0.95,Hixson,2020,1023,0.723985422943
high,HAMILTON,003438,HIXSON,2022,official_vtd_exact_name_nhgis_blocks,0.95,Hixson,2020,1023,0.198533881364
high,HAMILTON,003446,HIXSON,2022,official_vtd_exact_name_nhgis_blocks,0.95,Hixson,2020,1023,0.034077065508
high,HAMILTON,003407,HUNTER,2022,official_vtd_exact_name_nhgis_blocks,0.95,Hunter,2020,1024,0.000238206958
high,HAMILTON,003408,HUNTER,2022,official_vtd_exact_name_nhgis_blocks,0.95,Hunter,2020,1024,0.153890923864
high,HAMILTON,003409,HUNTER,2022,official_vtd_exact_name_nhgis_blocks,0.95,Hunter,2020,1024,0.000292619715
high,HAMILTON,003442,HUNTER,2022,official_vtd_exact_name_nhgis_blocks,0.95,Hunter,2020,1024,0.37041134953
high,HAMILTON,003443,HUNTER,2022,official_vtd_exact_name_nhgis_blocks,0.95,Hunter,2020,1024,0.012648585741
high,HAMILTON,003466,HUNTER,2022,official_vtd_exact_name_nhgis_blocks,0.95,Hunter,2020,1024,0.037135189206
high,HAMILTON,003467,HUNTER,2022,official_vtd_exact_name_nhgis_blocks,0.95,Hunter,2020,1024,0.049889118992
high,HAMILTON,003468,HUNTER,2022,official_vtd_exact_name_nhgis_blocks,0.95,Hunter,2020,1024,0.375494005994
high,HAMILTON,003355,HURRICANE CREEK,2022,official_vtd_exact_name_nhgis_blocks,0.95,Hurricane Creek,2020,1071,0.003250656191
high,HAMILTON,003387,HURRICANE CREEK,2022,official_vtd_exact_name_nhgis_blocks,0.95,Hurricane Creek,2020,1071,0.00369595156
high,HAMILTON,003388,HURRICANE CREEK,2022,official_vtd_exact_name_nhgis_blocks,0.95,Hurricane Creek,2020,1071,0.652648353655
high,HAMILTON,003474,HURRICANE CREEK,2022,official_vtd_exact_name_nhgis_blocks,0.95,Hurricane Creek,2020,1071,0.328114886418
high,HAMILTON,003475,HURRICANE CREEK,2022,official_vtd_exact_name_nhgis_blocks,0.95,Hurricane Creek,2020,1071,0.012290152175
high,HAMILTON,003381,KINGSPOINT,2022,official_vtd_exact_name_nhgis_blocks,0.95,Kingspoint,2020,1025,0.00019423891
high,HAMILTON,003389,KINGSPOINT,2022,official_vtd_exact_name_nhgis_blocks,0.95,Kingspoint,2020,1025,0.000257577685
high,HAMILTON,003390,KINGSPOINT,2022,official_vtd_exact_name_nhgis_blocks,0.95,Kingspoint,2020,1025,0.009546137138
high,HAMILTON,003414,KINGSPOINT,2022,official_vtd_exact_name_nhgis_blocks,0.95,Kingspoint,2020,1025,0.186360323599
high,HAMILTON,003415,KINGSPOINT,2022,official_vtd_exact_name_nhgis_blocks,0.95,Kingspoint,2020,1025,0.803615542641
high,HAMILTON,003416,KINGSPOINT,2022,official_vtd_exact_name_nhgis_blocks,0.95,Kingspoint,2020,1025,2.6180027e-05
high,HAMILTON,003362,LAKE HILLS,2022,official_vtd_exact_name_nhgis_blocks,0.95,Lake Hills,2020,1026,0.001001148169
high,HAMILTON,003417,LAKE HILLS,2022,official_vtd_exact_name_nhgis_blocks,0.95,Lake Hills,2020,1026,0.998998851831
high,HAMILTON,003404,LAKESITE,2022,official_vtd_exact_name_nhgis_blocks,0.95,Lakesite,2020,1027,0.378930842006
high,HAMILTON,003418,LAKESITE,2022,official_vtd_exact_name_nhgis_blocks,0.95,Lakesite,2020,1027,0.606561610321
high,HAMILTON,003424,LAKESITE,2022,official_vtd_exact_name_nhgis_blocks,0.95,Lakesite,2020,1027,7.365737e-06
high,HAMILTON,003425,LAKESITE,2022,official_vtd_exact_name_nhgis_blocks,0.95,Lakesite,2020,1027,0.014500181935
high,HAMILTON,003419,LOOKOUT MOUNTAIN,2022,official_vtd_exact_name_nhgis_blocks,0.95,Lookout Mountain,2020,1028,0.576489459263
high,HAMILTON,003421,LOOKOUT MOUNTAIN,2022,official_vtd_exact_name_nhgis_blocks,0.95,Lookout Mountain,2020,1028,0.398358159462
high,HAMILTON,003463,LOOKOUT MOUNTAIN,2022,official_vtd_exact_name_nhgis_blocks,0.95,Lookout Mountain,2020,1028,0.025152381275
high,HAMILTON,003385,LOOKOUT VALLEY,2022,official_vtd_exact_name_nhgis_blocks,0.95,Lookout Valley,2020,1029,0.006347765803
high,HAMILTON,003419,LOOKOUT VALLEY,2022,official_vtd_exact_name_nhgis_blocks,0.95,Lookout Valley,2020,1029,0.000727469077
high,HAMILTON,003420,LOOKOUT VALLEY,2022,official_vtd_exact_name_nhgis_blocks,0.95,Lookout Valley,2020,1029,0.511071285365
high,HAMILTON,003421,LOOKOUT VALLEY,2022,official_vtd_exact_name_nhgis_blocks,0.95,Lookout Valley,2020,1029,0.447612429529
high,HAMILTON,003464,LOOKOUT VALLEY,2022,official_vtd_exact_name_nhgis_blocks,0.95,Lookout Valley,2020,1029,0.034241050226
high,HAMILTON,003422,LUPTON CITY,2022,official_vtd_exact_name_nhgis_blocks,0.95,Lupton City,2020,1030,0.498354883385
high,HAMILTON,003436,LUPTON CITY,2022,official_vtd_exact_name_nhgis_blocks,0.95,Lupton City,2020,1030,0.072654821351
high,HAMILTON,003437,LUPTON CITY,2022,official_vtd_exact_name_nhgis_blocks,0.95,Lupton City,2020,1030,0.056758321701
high,HAMILTON,003450,LUPTON CITY,2022,official_vtd_exact_name_nhgis_blocks,0.95,Lupton City,2020,1030,0.368687835935
high,HAMILTON,003465,LUPTON CITY,2022,official_vtd_exact_name_nhgis_blocks,0.95,Lupton City,2020,1030,0.003544137627
high,HAMILTON,003361,MEADOWVIEW,2022,official_vtd_exact_name_nhgis_blocks,0.95,Meadowview,2020,1031,0.014852165771
high,HAMILTON,003423,MEADOWVIEW,2022,official_vtd_exact_name_nhgis_blocks,0.95,Meadowview,2020,1031,0.330309475359
high,HAMILTON,003458,MEADOWVIEW,2022,official_vtd_exact_name_nhgis_blocks,0.95,Meadowview,2020,1031,0.654770950785
high,HAMILTON,003459,MEADOWVIEW,2022,official_vtd_exact_name_nhgis_blocks,0.95,Meadowview,2020,1031,6.7408085e-05
high,HAMILTON,003424,MIDDLE VALLEY,2022,official_vtd_exact_name_nhgis_blocks,0.95,Middle Valley,2020,1032,0.997917906008
high,HAMILTON,003462,MIDDLE VALLEY,2022,official_vtd_exact_name_nhgis_blocks,0.95,Middle Valley,2020,1032,0.002082093992
high,HAMILTON,003363,MISSIONARY RIDGE,2022,official_vtd_exact_name_nhgis_blocks,0.95,Missionary Ridge,2020,1033,0.01785474501
high,HAMILTON,003426,MISSIONARY RIDGE,2022,official_vtd_exact_name_nhgis_blocks,0.95,Missionary Ridge,2020,1033,0.98214525499
high,HAMILTON,003428,MOUNTAIN CREEK A,2022,official_vtd_exact_name_nhgis_blocks,0.95,Mountain Creek A,2020,1034,0.833860520057
high,HAMILTON,003450,MOUNTAIN CREEK A,2022,official_vtd_exact_name_nhgis_blocks,0.95,Mountain Creek A,2020,1034,0.166139479943
high,HAMILTON,003428,MOUNTAIN CREEK B,2022,official_vtd_exact_name_nhgis_blocks,0.95,Mountain Creek B,2020,1035,0.216221212991
high,HAMILTON,003457,MOUNTAIN CREEK B,2022,official_vtd_exact_name_nhgis_blocks,0.95,Mountain Creek B,2020,1035,0.059837398113
high,HAMILTON,003471,MOUNTAIN CREEK B,2022,official_vtd_exact_name_nhgis_blocks,0.95,Mountain Creek B,2020,1035,0.377955978692
high,HAMILTON,003472,MOUNTAIN CREEK B,2022,official_vtd_exact_name_nhgis_blocks,0.95,Mountain Creek B,2020,1035,0.345985410205
high,HAMILTON,003427,MOUNTAIN CREEK C,2022,official_vtd_exact_name_nhgis_blocks,0.95,Mountain Creek C,2020,1036,1.0322705e-05
high,HAMILTON,003429,MOUNTAIN CREEK C,2022,official_vtd_exact_name_nhgis_blocks,0.95,Mountain Creek C,2020,1036,0.323405803571
high,HAMILTON,003430,MOUNTAIN CREEK C,2022,official_vtd_exact_name_nhgis_blocks,0.95,Mountain Creek C,2020,1036,0.645586236353
high,HAMILTON,003448,MOUNTAIN CREEK C,2022,official_vtd_exact_name_nhgis_blocks,0.95,Mountain Creek C,2020,1036,0.03099763737
high,HAMILTON,003431,MOWBRAY,2022,official_vtd_exact_name_nhgis_blocks,0.95,Mowbray,2020,1037,0.958966917657
high,HAMILTON,003460,MOWBRAY,2022,official_vtd_exact_name_nhgis_blocks,0.95,Mowbray,2020,1037,0.037125414088
high,HAMILTON,003461,MOWBRAY,2022,official_vtd_exact_name_nhgis_blocks,0.95,Mowbray,2020,1037,0.003907668256
high,HAMILTON,003432,MURRAY HILLS,2022,official_vtd_exact_name_nhgis_blocks,0.95,Murray Hills,2020,1038,1.0
high,HAMILTON,003427,NORTH CHATTANOOGA A,2022,official_vtd_exact_name_nhgis_blocks,0.95,North Chattanooga A,2020,1039,0.866847908042
high,HAMILTON,003435,NORTH CHATTANOOGA A,2022,official_vtd_exact_name_nhgis_blocks,0.95,North Chattanooga A,2020,1039,0.133152091958
high,HAMILTON,003427,NORTH CHATTANOOGA B,2022,official_vtd_exact_name_nhgis_blocks,0.95,North Chattanooga B,2020,1040,1.0
high,HAMILTON,003386,NORTHGATE,2022,official_vtd_exact_name_nhgis_blocks,0.95,Northgate,2020,1041,0.072605966535
high,HAMILTON,003412,NORTHGATE,2022,official_vtd_exact_name_nhgis_blocks,0.95,Northgate,2020,1041,0.405880280631
high,HAMILTON,003413,NORTHGATE,2022,official_vtd_exact_name_nhgis_blocks,0.95,Northgate,2020,1041,0.394064566512
high,HAMILTON,003437,NORTHGATE,2022,official_vtd_exact_name_nhgis_blocks,0.95,Northgate,2020,1041,0.127449186323
high,HAMILTON,003427,NORTHSHORE,2022,official_vtd_exact_name_nhgis_blocks,0.95,Northshore,2020,1042,9.396334e-06
high,HAMILTON,003434,NORTHSHORE,2022,official_vtd_exact_name_nhgis_blocks,0.95,Northshore,2020,1042,0.959302013048
high,HAMILTON,003435,NORTHSHORE,2022,official_vtd_exact_name_nhgis_blocks,0.95,Northshore,2020,1042,0.039683182897
high,HAMILTON,003454,NORTHSHORE,2022,official_vtd_exact_name_nhgis_blocks,0.95,Northshore,2020,1042,0.000672777504
high,HAMILTON,003465,NORTHSHORE,2022,official_vtd_exact_name_nhgis_blocks,0.95,Northshore,2020,1042,0.000332630218
high,HAMILTON,003428,NORTHWOODS,2022,official_vtd_exact_name_nhgis_blocks,0.95,Northwoods,2020,1043,0.051694202389
high,HAMILTON,003436,NORTHWOODS,2022,official_vtd_exact_name_nhgis_blocks,0.95,Northwoods,2020,1043,0.017356107313
high,HAMILTON,003438,NORTHWOODS,2022,official_vtd_exact_name_nhgis_blocks,0.95,Northwoods,2020,1043,0.900906244377
high,HAMILTON,003439,NORTHWOODS,2022,official_vtd_exact_name_nhgis_blocks,0.95,Northwoods,2020,1043,0.025426034015
high,HAMILTON,003450,NORTHWOODS,2022,official_vtd_exact_name_nhgis_blocks,0.95,Northwoods,2020,1043,0.004617411905
high,HAMILTON,003370,OOLTEWAH,2022,official_vtd_exact_name_nhgis_blocks,0.95,Ooltewah,2020,1044,0.084395048114
high,HAMILTON,003442,OOLTEWAH,2022,official_vtd_exact_name_nhgis_blocks,0.95,Ooltewah,2020,1044,0.484961521096
high,HAMILTON,003443,OOLTEWAH,2022,official_vtd_exact_name_nhgis_blocks,0.95,Ooltewah,2020,1044,0.420772093669
high,HAMILTON,003468,OOLTEWAH,2022,official_vtd_exact_name_nhgis_blocks,0.95,Ooltewah,2020,1044,0.009871337121
high,HAMILTON,003361,OOLTEWAH GEORGETOWN,2022,official_vtd_exact_name_nhgis_blocks,0.95,Ooltewah Georgetown,2020,1045,0.846708596301
high,HAMILTON,003443,OOLTEWAH GEORGETOWN,2022,official_vtd_exact_name_nhgis_blocks,0.95,Ooltewah Georgetown,2020,1045,0.123128360527
high,HAMILTON,003459,OOLTEWAH GEORGETOWN,2022,official_vtd_exact_name_nhgis_blocks,0.95,Ooltewah Georgetown,2020,1045,0.030163043171
high,HAMILTON,003355,OOLTEWAH RINGGOLD,2022,official_vtd_exact_name_nhgis_blocks,0.95,Ooltewah Ringgold,2020,1046,0.080196568489
high,HAMILTON,003356,OOLTEWAH RINGGOLD,2022,official_vtd_exact_name_nhgis_blocks,0.95,Ooltewah Ringgold,2020,1046,0.024111159203
high,HAMILTON,003367,OOLTEWAH RINGGOLD,2022,official_vtd_exact_name_nhgis_blocks,0.95,Ooltewah Ringgold,2020,1046,0.764176858474
high,HAMILTON,003440,OOLTEWAH RINGGOLD,2022,official_vtd_exact_name_nhgis_blocks,0.95,Ooltewah Ringgold,2020,1046,0.131515413834
high,HAMILTON,003412,PLEASANT GROVE A,2022,official_vtd_exact_name_nhgis_blocks,0.95,Pleasant Grove A,2020,1047,0.143617764235
high,HAMILTON,003446,PLEASANT GROVE A,2022,official_vtd_exact_name_nhgis_blocks,0.95,Pleasant Grove A,2020,1047,0.777295778445
high,HAMILTON,003462,PLEASANT GROVE A,2022,official_vtd_exact_name_nhgis_blocks,0.95,Pleasant Grove A,2020,1047,0.07908645732
high,HAMILTON,003424,PLEASANT GROVE B,2022,official_vtd_exact_name_nhgis_blocks,0.95,Pleasant Grove B,2020,1048,0.135064935065
high,HAMILTON,003446,PLEASANT GROVE B,2022,official_vtd_exact_name_nhgis_blocks,0.95,Pleasant Grove B,2020,1048,0.864935064935
high,HAMILTON,003359,POSSUM CREEK,2022,official_vtd_exact_name_nhgis_blocks,0.95,Possum Creek,2020,1049,0.065340849933
high,HAMILTON,003360,POSSUM CREEK,2022,official_vtd_exact_name_nhgis_blocks,0.95,Possum Creek,2020,1049,0.932452364808
high,HAMILTON,003460,POSSUM CREEK,2022,official_vtd_exact_name_nhgis_blocks,0.95,Possum Creek,2020,1049,0.002206785259
high,HAMILTON,003427,RED BANK A,2022,official_vtd_exact_name_nhgis_blocks,0.95,Red Bank A,2020,1050,0.022609255474
high,HAMILTON,003430,RED BANK A,2022,official_vtd_exact_name_nhgis_blocks,0.95,Red Bank A,2020,1050,0.01129029673
high,HAMILTON,003448,RED BANK A,2022,official_vtd_exact_name_nhgis_blocks,0.95,Red Bank A,2020,1050,0.89600179558
high,HAMILTON,003449,RED BANK A,2022,official_vtd_exact_name_nhgis_blocks,0.95,Red Bank A,2020,1050,0.070098652216
high,HAMILTON,003428,RED BANK B,2022,official_vtd_exact_name_nhgis_blocks,0.95,Red Bank B,2020,1051,0.317127558585
high,HAMILTON,003449,RED BANK B,2022,official_vtd_exact_name_nhgis_blocks,0.95,Red Bank B,2020,1051,0.003098135483
high,HAMILTON,003450,RED BANK B,2022,official_vtd_exact_name_nhgis_blocks,0.95,Red Bank B,2020,1051,0.679774305932
high,HAMILTON,003422,RED BANK C,2022,official_vtd_exact_name_nhgis_blocks,0.95,Red Bank C,2020,1052,0.000442109585
high,HAMILTON,003449,RED BANK C,2022,official_vtd_exact_name_nhgis_blocks,0.95,Red Bank C,2020,1052,0.003818219145
high,HAMILTON,003450,RED BANK C,2022,official_vtd_exact_name_nhgis_blocks,0.95,Red Bank C,2020,1052,0.99573967127
high,HAMILTON,003379,RIDGEDALE,2022,official_vtd_exact_name_nhgis_blocks,0.95,Ridgedale,2020,1053,1.9991351e-05
high,HAMILTON,003399,RIDGEDALE,2022,official_vtd_exact_name_nhgis_blocks,0.95,Ridgedale,2020,1053,0.666997182683
high,HAMILTON,003451,RIDGEDALE,2022,official_vtd_exact_name_nhgis_blocks,0.95,Ridgedale,2020,1053,0.332982825966
high,HAMILTON,003396,RIDGESIDE,2022,official_vtd_exact_name_nhgis_blocks,0.95,Ridgeside,2020,1054,0.273527534966
high,HAMILTON,003453,RIDGESIDE,2022,official_vtd_exact_name_nhgis_blocks,0.95,Ridgeside,2020,1054,0.726472465034
high,HAMILTON,003454,RIVERVIEW,2022,official_vtd_exact_name_nhgis_blocks,0.95,Riverview,2020,1055,0.998125920059
high,HAMILTON,003465,RIVERVIEW,2022,official_vtd_exact_name_nhgis_blocks,0.95,Riverview,2020,1055,0.001874079941
high,HAMILTON,003359,SALE CREEK,2022,official_vtd_exact_name_nhgis_blocks,0.95,Sale Creek,2020,1056,0.658126739742
high,HAMILTON,003360,SALE CREEK,2022,official_vtd_exact_name_nhgis_blocks,0.95,Sale Creek,2020,1056,0.025614830401
high,HAMILTON,003455,SALE CREEK,2022,official_vtd_exact_name_nhgis_blocks,0.95,Sale Creek,2020,1056,0.314852945001
high,HAMILTON,003460,SALE CREEK,2022,official_vtd_exact_name_nhgis_blocks,0.95,Sale Creek,2020,1056,0.001405484857
high,HAMILTON,003443,SAVANNAH BAY,2022,official_vtd_exact_name_nhgis_blocks,0.95,Savannah Bay,2020,1057,0.082526820835
high,HAMILTON,003459,SAVANNAH BAY,2022,official_vtd_exact_name_nhgis_blocks,0.95,Savannah Bay,2020,1057,0.917473179165
high,HAMILTON,003382,SEQUOYAH,2022,official_vtd_exact_name_nhgis_blocks,0.95,Sequoyah,2020,1058,0.351000388963
high,HAMILTON,003383,SEQUOYAH,2022,official_vtd_exact_name_nhgis_blocks,0.95,Sequoyah,2020,1058,0.643446168135
high,HAMILTON,003460,SEQUOYAH,2022,official_vtd_exact_name_nhgis_blocks,0.95,Sequoyah,2020,1058,0.005553442902
high,HAMILTON,003456,SIGNAL MOUNTAIN A,2022,official_vtd_exact_name_nhgis_blocks,0.95,Signal Mountain A,2020,1059,0.008896462919
high,HAMILTON,003457,SIGNAL MOUNTAIN A,2022,official_vtd_exact_name_nhgis_blocks,0.95,Signal Mountain A,2020,1059,0.981514308272
high,HAMILTON,003471,SIGNAL MOUNTAIN A,2022,official_vtd_exact_name_nhgis_blocks,0.95,Signal Mountain A,2020,1059,0.009451230186
high,HAMILTON,003472,SIGNAL MOUNTAIN A,2022,official_vtd_exact_name_nhgis_blocks,0.95,Signal Mountain A,2020,1059,0.000137998623
high,HAMILTON,003401,SIGNAL MOUNTAIN B,2022,official_vtd_exact_name_nhgis_blocks,0.95,Signal Mountain B,2020,1060,0.818165896843
high,HAMILTON,003456,SIGNAL MOUNTAIN B,2022,official_vtd_exact_name_nhgis_blocks,0.95,Signal Mountain B,2020,1060,0.181811690875
high,HAMILTON,003457,SIGNAL MOUNTAIN B,2022,official_vtd_exact_name_nhgis_blocks,0.95,Signal Mountain B,2020,1060,2.2412282e-05
high,HAMILTON,003364,SILVERDALE,2022,official_vtd_exact_name_nhgis_blocks,0.95,Silverdale,2020,1061,0.041642006318
high,HAMILTON,003374,SILVERDALE,2022,official_vtd_exact_name_nhgis_blocks,0.95,Silverdale,2020,1061,0.169140513535
high,HAMILTON,003375,SILVERDALE,2022,official_vtd_exact_name_nhgis_blocks,0.95,Silverdale,2020,1061,0.252785899516
high,HAMILTON,003377,SILVERDALE,2022,official_vtd_exact_name_nhgis_blocks,0.95,Silverdale,2020,1061,0.062539491188
high,HAMILTON,003378,SILVERDALE,2022,official_vtd_exact_name_nhgis_blocks,0.95,Silverdale,2020,1061,0.000626223201
high,HAMILTON,003469,SILVERDALE,2022,official_vtd_exact_name_nhgis_blocks,0.95,Silverdale,2020,1061,0.269438201839
high,HAMILTON,003470,SILVERDALE,2022,official_vtd_exact_name_nhgis_blocks,0.95,Silverdale,2020,1061,0.203827664403
high,HAMILTON,003402,SODDY DAISY A,2022,official_vtd_exact_name_nhgis_blocks,0.95,Soddy Daisy A,2020,1062,0.001887744439
high,HAMILTON,003424,SODDY DAISY A,2022,official_vtd_exact_name_nhgis_blocks,0.95,Soddy Daisy A,2020,1062,0.000883222265
high,HAMILTON,003431,SODDY DAISY A,2022,official_vtd_exact_name_nhgis_blocks,0.95,Soddy Daisy A,2020,1062,0.039867512517
high,HAMILTON,003446,SODDY DAISY A,2022,official_vtd_exact_name_nhgis_blocks,0.95,Soddy Daisy A,2020,1062,0.002153229179
high,HAMILTON,003447,SODDY DAISY A,2022,official_vtd_exact_name_nhgis_blocks,0.95,Soddy Daisy A,2020,1062,5.975842e-06
high,HAMILTON,003460,SODDY DAISY A,2022,official_vtd_exact_name_nhgis_blocks,0.95,Soddy Daisy A,2020,1062,8.465777e-06
high,HAMILTON,003461,SODDY DAISY A,2022,official_vtd_exact_name_nhgis_blocks,0.95,Soddy Daisy A,2020,1062,0.945461213478
high,HAMILTON,003462,SODDY DAISY A,2022,official_vtd_exact_name_nhgis_blocks,0.95,Soddy Daisy A,2020,1062,0.009732636503
high,HAMILTON,003382,SODDY DAISY B,2022,official_vtd_exact_name_nhgis_blocks,0.95,Soddy Daisy B,2020,1063,0.319208570557
high,HAMILTON,003431,SODDY DAISY B,2022,official_vtd_exact_name_nhgis_blocks,0.95,Soddy Daisy B,2020,1063,0.013028329946
high,HAMILTON,003460,SODDY DAISY B,2022,official_vtd_exact_name_nhgis_blocks,0.95,Soddy Daisy B,2020,1063,0.667615675129
high,HAMILTON,003461,SODDY DAISY B,2022,official_vtd_exact_name_nhgis_blocks,0.95,Soddy Daisy B,2020,1063,0.000147424368
high,HAMILTON,003359,SODDY DAISY C,2022,official_vtd_exact_name_nhgis_blocks,0.95,Soddy Daisy C,2020,1064,0.036826032787
high,HAMILTON,003360,SODDY DAISY C,2022,official_vtd_exact_name_nhgis_blocks,0.95,Soddy Daisy C,2020,1064,5.831124e-06
high,HAMILTON,003403,SODDY DAISY C,2022,official_vtd_exact_name_nhgis_blocks,0.95,Soddy Daisy C,2020,1064,0.046485221475
high,HAMILTON,003431,SODDY DAISY C,2022,official_vtd_exact_name_nhgis_blocks,0.95,Soddy Daisy C,2020,1064,0.043913884516
high,HAMILTON,003460,SODDY DAISY C,2022,official_vtd_exact_name_nhgis_blocks,0.95,Soddy Daisy C,2020,1064,0.872769030098
high,HAMILTON,003352,ST ELMO,2022,official_vtd_exact_name_nhgis_blocks,0.95,St Elmo,2020,1065,0.029669363213
high,HAMILTON,003353,ST ELMO,2022,official_vtd_exact_name_nhgis_blocks,0.95,St Elmo,2020,1065,2.4071695e-05
high,HAMILTON,003385,ST ELMO,2022,official_vtd_exact_name_nhgis_blocks,0.95,St Elmo,2020,1065,0.392936972815
high,HAMILTON,003419,ST ELMO,2022,official_vtd_exact_name_nhgis_blocks,0.95,St Elmo,2020,1065,0.006731969972
high,HAMILTON,003420,ST ELMO,2022,official_vtd_exact_name_nhgis_blocks,0.95,St Elmo,2020,1065,0.018040484143
high,HAMILTON,003427,ST ELMO,2022,official_vtd_exact_name_nhgis_blocks,0.95,St Elmo,2020,1065,0.192590890484
high,HAMILTON,003463,ST ELMO,2022,official_vtd_exact_name_nhgis_blocks,0.95,St Elmo,2020,1065,0.344912378262
high,HAMILTON,003464,ST ELMO,2022,official_vtd_exact_name_nhgis_blocks,0.95,St Elmo,2020,1065,0.015093869416
high,HAMILTON,003422,STUART HEIGHTS,2022,official_vtd_exact_name_nhgis_blocks,0.95,Stuart Heights,2020,1066,0.651385110232
high,HAMILTON,003428,STUART HEIGHTS,2022,official_vtd_exact_name_nhgis_blocks,0.95,Stuart Heights,2020,1066,0.069043214879
high,HAMILTON,003465,STUART HEIGHTS,2022,official_vtd_exact_name_nhgis_blocks,0.95,Stuart Heights,2020,1066,0.27957167489
high,HAMILTON,003367,SUMMIT,2022,official_vtd_exact_name_nhgis_blocks,0.95,Summit,2020,1067,5.5972832e-05
high,HAMILTON,003375,SUMMIT,2022,official_vtd_exact_name_nhgis_blocks,0.95,Summit,2020,1067,0.021299618158
high,HAMILTON,003378,SUMMIT,2022,official_vtd_exact_name_nhgis_blocks,0.95,Summit,2020,1067,0.067022593816
high,HAMILTON,003440,SUMMIT,2022,official_vtd_exact_name_nhgis_blocks,0.95,Summit,2020,1067,0.011896769003
high,HAMILTON,003441,SUMMIT,2022,official_vtd_exact_name_nhgis_blocks,0.95,Summit,2020,1067,0.083790003474
high,HAMILTON,003442,SUMMIT,2022,official_vtd_exact_name_nhgis_blocks,0.95,Summit,2020,1067,0.153874801477
high,HAMILTON,003443,SUMMIT,2022,official_vtd_exact_name_nhgis_blocks,0.95,Summit,2020,1067,5.224131e-06
high,HAMILTON,003466,SUMMIT,2022,official_vtd_exact_name_nhgis_blocks,0.95,Summit,2020,1067,0.024717460867
high,HAMILTON,003467,SUMMIT,2022,official_vtd_exact_name_nhgis_blocks,0.95,Summit,2020,1067,0.00920291088
high,HAMILTON,003469,SUMMIT,2022,official_vtd_exact_name_nhgis_blocks,0.95,Summit,2020,1067,0.628134645363
high,HAMILTON,003469,TYNER,2022,official_vtd_exact_name_nhgis_blocks,0.95,Tyner,2020,1068,1.0
high,HAMILTON,003404,VALLEYBROOK,2022,official_vtd_exact_name_nhgis_blocks,0.95,Valleybrook,2020,1069,0.06494518995
high,HAMILTON,003412,VALLEYBROOK,2022,official_vtd_exact_name_nhgis_blocks,0.95,Valleybrook,2020,1069,0.128235914651
high,HAMILTON,003413,VALLEYBROOK,2022,official_vtd_exact_name_nhgis_blocks,0.95,Valleybrook,2020,1069,0.783985613871
high,HAMILTON,003446,VALLEYBROOK,2022,official_vtd_exact_name_nhgis_blocks,0.95,Valleybrook,2020,1069,0.022833281528
high,HAMILTON,003401,WALDEN,2022,official_vtd_exact_name_nhgis_blocks,0.95,Walden,2020,1070,0.74415114954
high,HAMILTON,003456,WALDEN,2022,official_vtd_exact_name_nhgis_blocks,0.95,Walden,2020,1070,8.7959622e-05
high,HAMILTON,003457,WALDEN,2022,official_vtd_exact_name_nhgis_blocks,0.95,Walden,2020,1070,0.03101130605
high,HAMILTON,003471,WALDEN,2022,official_vtd_exact_name_nhgis_blocks,0.95,Walden,2020,1070,0.110081926865
high,HAMILTON,003472,WALDEN,2022,official_vtd_exact_name_nhgis_blocks,0.95,Walden,2020,1070,0.114667657924
high,HAMILTON,003375,WESTVIEW A,2022,official_vtd_exact_name_nhgis_blocks,0.95,Westview A,2020,1072,0.008580909566
high,HAMILTON,003387,WESTVIEW A,2022,official_vtd_exact_name_nhgis_blocks,0.95,Westview A,2020,1072,0.715638191313
high,HAMILTON,003475,WESTVIEW A,2022,official_vtd_exact_name_nhgis_blocks,0.95,Westview A,2020,1072,0.27578089912
high,HAMILTON,003473,WESTVIEW B,2022,official_vtd_exact_name_nhgis_blocks,0.95,Westview B,2020,1073,0.973202015575
high,HAMILTON,003475,WESTVIEW B,2022,official_vtd_exact_name_nhgis_blocks,0.95,Westview B,2020,1073,0.026797984425
high,HAMILTON,003407,WOLFTEVER,2022,official_vtd_exact_name_nhgis_blocks,0.95,Wolftever,2020,1074,0.142328568935
high,HAMILTON,003408,WOLFTEVER,2022,official_vtd_exact_name_nhgis_blocks,0.95,Wolftever,2020,1074,0.00018730597
high,HAMILTON,003409,WOLFTEVER,2022,official_vtd_exact_name_nhgis_blocks,0.95,Wolftever,2020,1074,0.223002614608
high,HAMILTON,003466,WOLFTEVER,2022,official_vtd_exact_name_nhgis_blocks,0.95,Wolftever,2020,1074,0.634399977194
high,HAMILTON,003467,WOLFTEVER,2022,official_vtd_exact_name_nhgis_blocks,0.95,Wolftever,2020,1074,8.1533293e-05
high,HAMILTON,003476,WOODMORE,2022,official_vtd_exact_name_nhgis_blocks,0.95,Woodmore,2020,1075,1.0
high,HANCOCK,000001,1ST,2022,official_vtd_code_and_name_nhgis_blocks,1.0,1st,2020,286,1.0
high,HANCOCK,000002,2ND,2022,official_vtd_code_and_name_nhgis_blocks,1.0,2nd,2020,283,1.0
high,HANCOCK,000003,3RD,2022,official_vtd_code_and_name_nhgis_blocks,1.0,3rd,2020,285,1.0
high,HANCOCK,000002,4TH,2022,official_vtd_code_and_name_nhgis_blocks,1.0,4th,2020,284,0.196075152112
high,HANCOCK,000004,4TH,2022,official_vtd_code_and_name_nhgis_blocks,1.0,4th,2020,284,0.803924847888
high,HANCOCK,000005,5TH,2022,official_vtd_code_and_name_nhgis_blocks,1.0,5th,2020,287,1.0
high,HANCOCK,000002,6TH,2022,official_vtd_code_and_name_nhgis_blocks,1.0,6th,2020,288,0.247746807757
high,HANCOCK,000006,6TH,2022,official_vtd_code_and_name_nhgis_blocks,1.0,6th,2020,288,0.752253192243
high,HANCOCK,000007,7TH,2022,official_vtd_code_and_name_nhgis_blocks,1.0,7th,2020,289,1.0
high,HARDEMAN,003602,WEST BOLIVAR,2022,official_vtd_exact_name_nhgis_blocks,0.95,West Bolivar,2020,294,0.644059954165
high,HARDEMAN,003604,WEST BOLIVAR,2022,official_vtd_exact_name_nhgis_blocks,0.95,West Bolivar,2020,294,0.314402890491
high,HARDEMAN,003608,WEST BOLIVAR,2022,official_vtd_exact_name_nhgis_blocks,0.95,West Bolivar,2020,294,0.041537155345
high,HARDEMAN,003601,BOLIVAR,2022,official_vtd_exact_name_nhgis_blocks,0.95,Bolivar,2020,290,0.931482071285
high,HARDEMAN,003602,BOLIVAR,2022,official_vtd_exact_name_nhgis_blocks,0.95,Bolivar,2020,290,0.054026312556
high,HARDEMAN,003604,BOLIVAR,2022,official_vtd_exact_name_nhgis_blocks,0.95,Bolivar,2020,290,0.014484422036
high,HARDEMAN,003610,BOLIVAR,2022,official_vtd_exact_name_nhgis_blocks,0.95,Bolivar,2020,290,7.194123e-06
high,HARDEMAN,003602,WHITEVILLE,2022,official_vtd_exact_name_nhgis_blocks,0.95,Whiteville,2020,292,0.270791168604
high,HARDEMAN,003603,WHITEVILLE,2022,official_vtd_exact_name_nhgis_blocks,0.95,Whiteville,2020,292,0.450480433229
high,HARDEMAN,003604,WHITEVILLE,2022,official_vtd_exact_name_nhgis_blocks,0.95,Whiteville,2020,292,0.278728398167
high,HARDEMAN,003601,HICKORY VALLEY,2022,official_vtd_exact_name_nhgis_blocks,0.95,Hickory Valley,2020,291,0.338171140703
high,HARDEMAN,003602,HICKORY VALLEY,2022,official_vtd_exact_name_nhgis_blocks,0.95,Hickory Valley,2020,291,0.651756283339
high,HARDEMAN,003612,HICKORY VALLEY,2022,official_vtd_exact_name_nhgis_blocks,0.95,Hickory Valley,2020,291,0.010072575958
high,HARDEMAN,003613,GRAND JUNCTION,2022,official_vtd_exact_name_nhgis_blocks,0.95,Grand Junction,2020,298,1.0
high,HARDEMAN,003612,SAULSBURY,2022,official_vtd_exact_name_nhgis_blocks,0.95,Saulsbury,2020,301,1.0
high,HARDEMAN,003605,MIDDLETON,2022,official_vtd_exact_name_nhgis_blocks,0.95,Middleton,2020,293,0.469393673856
high,HARDEMAN,003606,MIDDLETON,2022,official_vtd_exact_name_nhgis_blocks,0.95,Middleton,2020,293,0.077479292617
high,HARDEMAN,003611,MIDDLETON,2022,official_vtd_exact_name_nhgis_blocks,0.95,Middleton,2020,293,0.453127033527
high,HARDEMAN,003606,HORNSBY,2022,official_vtd_exact_name_nhgis_blocks,0.95,Hornsby,2020,300,0.564756260057
high,HARDEMAN,003609,HORNSBY,2022,official_vtd_exact_name_nhgis_blocks,0.95,Hornsby,2020,300,0.435243739943
high,HARDEMAN,003607,SILERTON,2022,official_vtd_exact_name_nhgis_blocks,0.95,Silerton,2020,297,1.0
high,HARDEMAN,003610,DIXIE HILLS,2022,official_vtd_exact_name_nhgis_blocks,0.95,Dixie Hills,2020,299,1.0
high,HARDEMAN,003608,TOONE,2022,official_vtd_exact_name_nhgis_blocks,0.95,Toone,2020,296,1.0
medium,HARDIN,003717,MORRIS CHAPEL 5 2,2022,official_vtd_fuzzy_name_nhgis_blocks,0.78,5-2 Morris Chapel,2020,307,1.0
high,HAWKINS,003824,1 ALLANDALE,2022,official_vtd_code_and_name_nhgis_blocks,1.0,1 Allandale,2020,333,1.0
high,HAWKINS,003823,7 BULLS GAP,2022,official_vtd_code_and_name_nhgis_blocks,1.0,7 Bulls Gap,2020,316,1.0
high,HAWKINS,003808,3 CARTER S VALLEY,2022,official_vtd_code_and_name_nhgis_blocks,1.0,3 Carter's Valley,2020,334,1.0
high,HAWKINS,003801,7 CHEROKEE,2022,official_vtd_code_and_name_nhgis_blocks,1.0,7 Cherokee,2020,326,1.0
high,HAWKINS,003813,6 CHOPTACK,2022,official_vtd_code_and_name_nhgis_blocks,1.0,6 Choptack,2020,319,1.0
high,HAWKINS,003825,2 CHURCH HILL,2022,official_vtd_code_and_name_nhgis_blocks,1.0,2 Church Hill,2020,330,1.0
high,HAWKINS,003818,6 CLINCH,2022,official_vtd_code_and_name_nhgis_blocks,1.0,6 Clinch,2020,320,1.0
high,HAWKINS,003802,4 KEPLAR DYKES,2022,official_vtd_code_and_name_nhgis_blocks,1.0,4 Keplar/Dykes,2020,327,0.750777286135
high,HAWKINS,003805,4 KEPLAR DYKES,2022,official_vtd_code_and_name_nhgis_blocks,1.0,4 Keplar/Dykes,2020,327,0.249222713865
high,HAWKINS,003803,2 MCPHEETER S BEND,2022,official_vtd_code_and_name_nhgis_blocks,1.0,2 McPheeter's Bend,2020,329,1.0
high,HAWKINS,003817,6 MOORESBURG,2022,official_vtd_code_and_name_nhgis_blocks,1.0,6 Mooresburg,2020,318,1.0
high,HAWKINS,003809,1 MOUNT CARMEL,2022,official_vtd_code_and_name_nhgis_blocks,1.0,1 Mount Carmel,2020,332,1.0
high,HAWKINS,003814,5 ROGERSVILLE 5TH,2022,official_vtd_code_and_name_nhgis_blocks,1.0,5 Rogersville 5th,2020,325,1.0
high,HAWKINS,003820,4 ROGERSVILLE NORTH,2022,official_vtd_code_and_name_nhgis_blocks,1.0,4 Rogersville North,2020,324,1.0
high,HAWKINS,003816,7 ST CLAIR,2022,official_vtd_code_and_name_nhgis_blocks,1.0,7 St. Clair,2020,317,1.0
high,HAWKINS,003803,4 SURGOINSVILLE,2022,official_vtd_code_and_name_nhgis_blocks,1.0,4 Surgoinsville,2020,331,0.093009935867
high,HAWKINS,003826,4 SURGOINSVILLE,2022,official_vtd_code_and_name_nhgis_blocks,1.0,4 Surgoinsville,2020,331,0.906990064133
high,HAWKINS,003806,4 UPPER BEECH,2022,official_vtd_code_and_name_nhgis_blocks,1.0,4 Upper Beech,2020,328,1.0
high,HAWKINS,003811,3 WALLACE,2022,official_vtd_code_and_name_nhgis_blocks,1.0,3 Wallace,2020,323,1.0
high,HAWKINS,003819,3 WATTERSON,2022,official_vtd_code_and_name_nhgis_blocks,1.0,3 Watterson,2020,322,1.0
high,HENDERSON,004001,1 1 BARGERTON,2022,official_vtd_code_and_name_nhgis_blocks,1.0,1-1 Bargerton,2020,348,0.902823926941
high,HENDERSON,004005,1 1 BARGERTON,2022,official_vtd_code_and_name_nhgis_blocks,1.0,1-1 Bargerton,2020,348,0.097176073059
high,HENDERSON,004002,1 2 BEAVER,2022,official_vtd_exact_label_code_nhgis_blocks,0.97,1-2 Parker's Crossroads,2020,357,1.0
medium,HENDERSON,004006,3 3 FIRE STATION 4,2022,official_vtd_fuzzy_name_nhgis_blocks,0.8069,3-10 Fire Station #10,2020,358,1.0
high,HENDERSON,004003,5 5 TN TECH CENTER,2022,official_vtd_exact_label_code_nhgis_blocks,0.97,5-5 TN Technology Center,2020,351,0.100982546447
high,HENDERSON,004004,5 5 TN TECH CENTER,2022,official_vtd_exact_label_code_nhgis_blocks,0.97,5-5 TN Technology Center,2020,351,0.898613035313
high,HENDERSON,004005,5 5 TN TECH CENTER,2022,official_vtd_exact_label_code_nhgis_blocks,0.97,5-5 TN Technology Center,2020,351,0.000404418239
high,HENDERSON,004002,4 6 NATCHEZ TRACE,2022,official_vtd_code_and_name_nhgis_blocks,1.0,4-6 Natchez Trace,2020,349,0.285640050042
high,HENDERSON,004003,4 6 NATCHEZ TRACE,2022,official_vtd_code_and_name_nhgis_blocks,1.0,4-6 Natchez Trace,2020,349,4.3200949e-05
high,HENDERSON,004011,4 6 NATCHEZ TRACE,2022,official_vtd_code_and_name_nhgis_blocks,1.0,4-6 Natchez Trace,2020,349,0.714316749009
high,HENDERSON,004008,3 7 DARDEN,2022,official_vtd_code_and_name_nhgis_blocks,1.0,3-7 Darden,2020,359,0.205517498416
high,HENDERSON,004012,3 7 DARDEN,2022,official_vtd_code_and_name_nhgis_blocks,1.0,3-7 Darden,2020,359,0.794482501584
high,HENDERSON,004003,6 8 BROAD STREET,2022,official_vtd_code_and_name_nhgis_blocks,1.0,6-8 Broad Street,2020,347,1.0
high,HENDERSON,004014,7 9 MIDDLEBURG,2022,official_vtd_code_and_name_nhgis_blocks,1.0,7-9 Middleburg,2020,352,1.0
high,HENDERSON,004006,3 10 FIRE STATION 10,2022,official_vtd_code_and_name_nhgis_blocks,1.0,3-10 Fire Station #10,2020,358,1.0
high,HENDERSON,004010,7 11 REAGAN,2022,official_vtd_code_and_name_nhgis_blocks,1.0,7-11 Reagan,2020,354,1.0
high,HENDERSON,004015,7 12 SARDIS,2022,official_vtd_code_and_name_nhgis_blocks,1.0,7-12 Sardis,2020,353,1.0
high,HENDERSON,004009,7 13 SCOTTS HILL,2022,official_vtd_code_and_name_nhgis_blocks,1.0,7-13 Scotts Hill,2020,355,1.0
high,HENDERSON,004013,2 14 SOUTH HAVEN,2022,official_vtd_code_and_name_nhgis_blocks,1.0,2-14 South Haven,2020,356,1.0
high,HENDERSON,004005,2 15 WESTOVER,2022,official_vtd_code_and_name_nhgis_blocks,1.0,2-15 Westover,2020,346,1.0
high,HENRY,004101,1 1 PURYEAR,2022,official_vtd_exact_label_code_nhgis_blocks,0.97,1-1 Harrellson School,2020,363,0.755903443779
high,HENRY,004107,1 1 PURYEAR,2022,official_vtd_exact_label_code_nhgis_blocks,0.97,1-1 Harrellson School,2020,363,0.204728626487
high,HENRY,004112,1 1 PURYEAR,2022,official_vtd_exact_label_code_nhgis_blocks,0.97,1-1 Harrellson School,2020,363,0.039367929734
high,HENRY,004106,1 2 COTTAGE GROVE,2022,official_vtd_code_and_name_nhgis_blocks,1.0,1-2 Cottage Grove,2020,365,1.0
high,HENRY,004108,2 1 HENRY,2022,official_vtd_exact_label_code_nhgis_blocks,0.97,2-1 Henry School,2020,360,1.0
high,HENRY,004102,2 2 NEW HARMONY,2022,official_vtd_exact_label_code_nhgis_blocks,0.97,2-2 New Harmony Baptist Church,2020,367,0.935785244618
high,HENRY,004113,2 2 NEW HARMONY,2022,official_vtd_exact_label_code_nhgis_blocks,0.97,2-2 New Harmony Baptist Church,2020,367,0.064214755382
high,HENRY,004112,3 1 PARIS LANDING,2022,official_vtd_exact_label_code_nhgis_blocks,0.97,3-1 Paris Landing Community Center,2020,362,1.0
high,HENRY,004103,3 2 LAKEWOOD,2022,official_vtd_exact_label_code_nhgis_blocks,0.97,3-2 Lakewood School,2020,366,0.587737993409
high,HENRY,004111,3 2 LAKEWOOD,2022,official_vtd_exact_label_code_nhgis_blocks,0.97,3-2 Lakewood School,2020,366,0.412262006591
high,HENRY,004109,4 1 GROVE,2022,official_vtd_code_and_name_nhgis_blocks,1.0,4-1 Grove,2020,368,0.011565418109
high,HENRY,004110,4 1 GROVE,2022,official_vtd_code_and_name_nhgis_blocks,1.0,4-1 Grove,2020,368,0.988434581891
high,HENRY,004104,4 2 CENTRAL,2022,official_vtd_exact_label_code_nhgis_blocks,0.97,4-2 Central School,2020,361,1.0
high,HENRY,004105,5 1 HENRY CO HIGH,2022,official_vtd_exact_label_code_nhgis_blocks,0.97,5-1 HC High School,2020,364,1.0
high,HENRY,004109,5 2 TN TECH CENTER,2022,official_vtd_exact_label_code_nhgis_blocks,0.97,5-2 Vo-Tech,2020,369,1.0
high,HICKMAN,004201,1 1 NUNNELLY,2022,official_vtd_code_and_name_nhgis_blocks,1.0,01-1 Nunnelly,2020,939,0.000281721112
high,HICKMAN,004205,1 1 NUNNELLY,2022,official_vtd_code_and_name_nhgis_blocks,1.0,01-1 Nunnelly,2020,939,0.038749440274
high,HICKMAN,004212,1 1 NUNNELLY,2022,official_vtd_code_and_name_nhgis_blocks,1.0,01-1 Nunnelly,2020,939,0.876873822593
high,HICKMAN,004213,1 1 NUNNELLY,2022,official_vtd_code_and_name_nhgis_blocks,1.0,01-1 Nunnelly,2020,939,0.0830536037
high,HICKMAN,004214,1 1 NUNNELLY,2022,official_vtd_code_and_name_nhgis_blocks,1.0,01-1 Nunnelly,2020,939,0.001041412322
high,HICKMAN,004201,1 2 PINEWOOD,2022,official_vtd_code_and_name_nhgis_blocks,1.0,01-2 Pinewood,2020,929,0.995070234156
high,HICKMAN,004205,1 2 PINEWOOD,2022,official_vtd_code_and_name_nhgis_blocks,1.0,01-2 Pinewood,2020,929,8.943011e-06
high,HICKMAN,004212,1 2 PINEWOOD,2022,official_vtd_code_and_name_nhgis_blocks,1.0,01-2 Pinewood,2020,929,0.004920822833
high,HICKMAN,004205,2 2 FAIRFIELD,2022,official_vtd_code_and_name_nhgis_blocks,1.0,02-2 Fairfield,2020,940,1.0
high,HICKMAN,004204,2 3 EAST BANK,2022,official_vtd_code_and_name_nhgis_blocks,1.0,02-3 East Bank,2020,930,1.0
high,HICKMAN,004202,3 1 EAST CC,2022,official_vtd_exact_label_code_nhgis_blocks,0.97,03-1 East Community Center,2020,931,1.0
high,HICKMAN,004203,4 1 LAKE BENSON,2022,official_vtd_exact_label_code_nhgis_blocks,0.97,04-1 Lake Benson Camp,2020,932,1.0
high,HICKMAN,004206,5 1 MT PLEASANT,2022,official_vtd_code_and_name_nhgis_blocks,1.0,05-1 Mt. Pleasant,2020,941,1.0
high,HICKMAN,004207,5 2 MIDDLE SCHOOL,2022,official_vtd_code_and_name_nhgis_blocks,1.0,05-2 Middle School,2020,933,1.0
high,HICKMAN,004208,5 3 SHADY GROVE,2022,official_vtd_code_and_name_nhgis_blocks,1.0,05-3 Shady Grove,2020,942,0.84553092824
high,HICKMAN,004210,5 3 SHADY GROVE,2022,official_vtd_code_and_name_nhgis_blocks,1.0,05-3 Shady Grove,2020,942,0.15446907176
high,HICKMAN,004209,6 1 JUSTICE CENTER,2022,official_vtd_code_and_name_nhgis_blocks,1.0,06-1 Justice Center,2020,934,0.680943686145
high,HICKMAN,004213,6 1 JUSTICE CENTER,2022,official_vtd_code_and_name_nhgis_blocks,1.0,06-1 Justice Center,2020,934,0.319056313855
high,HICKMAN,004213,7 1 NUNNELLY,2022,official_vtd_code_and_name_nhgis_blocks,1.0,07-1 Nunnelly,2020,936,1.0
high,HICKMAN,004211,7 2 PLEASANTVILLE,2022,official_vtd_code_and_name_nhgis_blocks,1.0,07-2 Pleasantville,2020,938,1.0
high,HICKMAN,004210,7 3 BRUSHY,2022,official_vtd_code_and_name_nhgis_blocks,1.0,07-3 Brushy,2020,935,1.0
high,HICKMAN,004214,7 4 COBLE,2022,official_vtd_code_and_name_nhgis_blocks,1.0,07-4 Coble,2020,937,1.0
high,HOUSTON,004304,STEWART,2022,official_vtd_exact_name_nhgis_blocks,0.95,Stewart,2020,373,1.0
high,HOUSTON,004302,ERIN,2022,official_vtd_exact_name_nhgis_blocks,0.95,Erin,2020,372,0.288271402577
high,HOUSTON,004303,ERIN,2022,official_vtd_exact_name_nhgis_blocks,0.95,Erin,2020,372,0.615753945285
high,HOUSTON,004306,ERIN,2022,official_vtd_exact_name_nhgis_blocks,0.95,Erin,2020,372,0.095974652138
high,HOUSTON,004302,ARLINGTON,2022,official_vtd_exact_name_nhgis_blocks,0.95,Arlington,2020,371,0.882796972412
high,HOUSTON,004303,ARLINGTON,2022,official_vtd_exact_name_nhgis_blocks,0.95,Arlington,2020,371,2.0085371e-05
high,HOUSTON,004304,ARLINGTON,2022,official_vtd_exact_name_nhgis_blocks,0.95,Arlington,2020,371,0.105380871167
high,HOUSTON,004305,ARLINGTON,2022,official_vtd_exact_name_nhgis_blocks,0.95,Arlington,2020,371,0.011802071049
high,HOUSTON,004305,ERIN ELEMENTARY,2022,official_vtd_exact_name_nhgis_blocks,0.95,Erin Elementary,2020,374,1.0
high,HOUSTON,004305,GRIFFINS CHAPEL,2022,official_vtd_exact_name_nhgis_blocks,0.95,Griffins Chapel,2020,376,0.220959992102
high,HOUSTON,004306,GRIFFINS CHAPEL,2022,official_vtd_exact_name_nhgis_blocks,0.95,Griffins Chapel,2020,376,1.8418328e-05
high,HOUSTON,004307,GRIFFINS CHAPEL,2022,official_vtd_exact_name_nhgis_blocks,0.95,Griffins Chapel,2020,376,0.77902158957
high,HUMPHREYS,004408,1 1 JERA,2022,official_vtd_exact_label_code_nhgis_blocks,0.97,1-1 Jera Building,2020,384,1.0
high,HUMPHREYS,004404,1 2 COMPASSION CHURCH,2022,official_vtd_code_and_name_nhgis_blocks,1.0,1-2 Compassion Church,2020,377,1.0
high,HUMPHREYS,004401,2 3 WFS,2022,official_vtd_exact_label_code_nhgis_blocks,0.97,2-3 WFCN,2020,380,1.0
high,HUMPHREYS,004403,3 4 MLEC,2022,official_vtd_code_and_name_nhgis_blocks,1.0,3-4 MLEC,2020,381,1.0
high,HUMPHREYS,004402,4 5 NJMC,2022,official_vtd_exact_label_code_nhgis_blocks,0.97,4-5 Safe Room,2020,379,1.0
high,HUMPHREYS,004405,5 6 WILDWOOD,2022,official_vtd_code_and_name_nhgis_blocks,1.0,5-6 Wildwood,2020,383,1.0
high,HUMPHREYS,004406,6 7 SOUTH MCEWEN,2022,official_vtd_code_and_name_nhgis_blocks,1.0,6-7 South McEwen,2020,382,1.0
high,HUMPHREYS,004407,7 8 NORTH MCEWEN,2022,official_vtd_exact_label_code_nhgis_blocks,0.97,7-8 CCC,2020,378,1.0
high,JEFFERSON,004609,8 1 CHESTNUT HILL,2022,official_vtd_exact_label_code_nhgis_blocks,0.97,8-1 Old Chestnut Hill School,2020,394,1.0
high,JEFFERSON,004611,8 2 SWANNSYLVANIA,2022,official_vtd_exact_label_code_nhgis_blocks,0.97,8-2 Swannsylvania Baptist Church,2020,395,1.0
high,JOHNSON,004704,1A LAUREL,2022,official_vtd_code_and_name_nhgis_blocks,1.0,1A Laurel,2020,397,0.997516694974
high,JOHNSON,004708,1A LAUREL,2022,official_vtd_code_and_name_nhgis_blocks,1.0,1A Laurel,2020,397,0.002483305026
high,JOHNSON,004708,1B COLD SPRINGS,2022,official_vtd_code_and_name_nhgis_blocks,1.0,1B Cold Springs,2020,403,1.0
high,JOHNSON,004701,2 FORGE SHOUNS,2022,official_vtd_code_and_name_nhgis_blocks,1.0,2 Forge/Shouns,2020,396,1.0
high,JOHNSON,004703,3A TRADE,2022,official_vtd_code_and_name_nhgis_blocks,1.0,3A Trade,2020,404,0.082115498231
high,JOHNSON,004710,3A TRADE,2022,official_vtd_code_and_name_nhgis_blocks,1.0,3A Trade,2020,404,0.917884501769
high,JOHNSON,004703,3B NEVA,2022,official_vtd_code_and_name_nhgis_blocks,1.0,3B Neva,2020,405,0.933567697684
high,JOHNSON,004709,3B NEVA,2022,official_vtd_code_and_name_nhgis_blocks,1.0,3B Neva,2020,405,0.066432302316
high,JOHNSON,004709,4A DRY RUN,2022,official_vtd_code_and_name_nhgis_blocks,1.0,4A Dry Run,2020,402,1.0
high,JOHNSON,004702,4B BUTLER,2022,official_vtd_code_and_name_nhgis_blocks,1.0,4B Butler,2020,401,0.991127219084
high,JOHNSON,004709,4B BUTLER,2022,official_vtd_code_and_name_nhgis_blocks,1.0,4B Butler,2020,401,0.008872780916
high,JOHNSON,004705,5 DOE,2022,official_vtd_code_and_name_nhgis_blocks,1.0,5 Doe,2020,400,1.0
high,JOHNSON,004706,6 SHADY,2022,official_vtd_code_and_name_nhgis_blocks,1.0,6 Shady,2020,399,1.0
high,JOHNSON,004707,7 CITY,2022,official_vtd_code_and_name_nhgis_blocks,1.0,7 City,2020,398,1.0
high,KNOX,004861,06 GREEN SCHOOL,2022,official_vtd_exact_label_code_nhgis_blocks,0.97,06,2020,1389,0.001502360121
high,KNOX,004862,06 GREEN SCHOOL,2022,official_vtd_exact_label_code_nhgis_blocks,0.97,06,2020,1389,0.016177315424
high,KNOX,004864,06 GREEN SCHOOL,2022,official_vtd_exact_label_code_nhgis_blocks,0.97,06,2020,1389,0.981734085174
high,KNOX,004875,06 GREEN SCHOOL,2022,official_vtd_exact_label_code_nhgis_blocks,0.97,06,2020,1389,0.000586239281
high,KNOX,004861,09 ETERNAL LIFE HARVEST,2022,official_vtd_exact_label_code_nhgis_blocks,0.97,09,2020,1390,1.0
high,KNOX,004893,10A HOWARD BAKER CENTER,2022,official_vtd_exact_label_code_nhgis_blocks,0.97,10A,2020,1391,1.0
high,KNOX,004862,10N FORT SANDERS,2022,official_vtd_exact_label_code_nhgis_blocks,0.97,10N,2020,1393,1.0
high,KNOX,004832,10S HOWARD BAKER CENTER,2022,official_vtd_exact_label_code_nhgis_blocks,0.97,10S,2020,1394,1.0
high,KNOX,004893,10W HOWARD BAKER CENTER,2022,official_vtd_exact_label_code_nhgis_blocks,0.97,10W,2020,1392,1.0
high,KNOX,004875,11 CENTRAL UMC,2022,official_vtd_exact_label_code_nhgis_blocks,0.97,11,2020,1395,1.0
high,KNOX,004865,12 BG CLUB WP TAYLOR,2022,official_vtd_exact_label_code_nhgis_blocks,0.97,12,2020,1396,0.996075585287
high,KNOX,004873,12 BG CLUB WP TAYLOR,2022,official_vtd_exact_label_code_nhgis_blocks,0.97,12,2020,1396,0.003924414713
high,KNOX,004871,13 FAIR GARDEN,2022,official_vtd_exact_label_code_nhgis_blocks,0.97,13,2020,1397,1.0
high,KNOX,004873,14 AUSTIN EAST,2022,official_vtd_exact_label_code_nhgis_blocks,0.97,14,2020,1398,1.0
high,KNOX,004867,15E JOHN T O CONNOR,2022,official_vtd_exact_label_code_nhgis_blocks,0.97,15E,2020,1399,1.0
high,KNOX,004865,15W JOHN T O CONNOR,2022,official_vtd_exact_label_code_nhgis_blocks,0.97,15W,2020,1400,0.462761731669
high,KNOX,004867,15W JOHN T O CONNOR,2022,official_vtd_exact_label_code_nhgis_blocks,0.97,15W,2020,1400,0.537238268331
high,KNOX,004872,16E LARRY COX SR CENTER,2022,official_vtd_exact_label_code_nhgis_blocks,0.97,16E,2020,1401,0.00026175125
high,KNOX,004883,16E LARRY COX SR CENTER,2022,official_vtd_exact_label_code_nhgis_blocks,0.97,16E,2020,1401,0.994977339227
high,KNOX,004884,16E LARRY COX SR CENTER,2022,official_vtd_exact_label_code_nhgis_blocks,0.97,16E,2020,1401,0.004760909523
high,KNOX,004883,16W LARRY COX SR CENTER,2022,official_vtd_exact_label_code_nhgis_blocks,0.97,16W,2020,1402,1.0
high,KNOX,004883,16X LARRY COX SR CENTER,2022,official_vtd_exact_label_code_nhgis_blocks,0.97,16X,2020,1403,1.0
high,KNOX,004876,17 CHRISTENBERRY,2022,official_vtd_exact_label_code_nhgis_blocks,0.97,17,2020,1404,1.0
high,KNOX,004877,18 LINCOLN PARK,2022,official_vtd_exact_label_code_nhgis_blocks,0.97,18,2020,1405,1.0
high,KNOX,004804,19 THRIVE LONSDALE,2022,official_vtd_exact_label_code_nhgis_blocks,0.97,19,2020,1406,0.829976614966
high,KNOX,004894,19 THRIVE LONSDALE,2022,official_vtd_exact_label_code_nhgis_blocks,0.97,19,2020,1406,0.170023385034
high,KNOX,004861,20 BEAUMONT,2022,official_vtd_exact_label_code_nhgis_blocks,0.97,20,2020,1407,0.350979089279
high,KNOX,004863,20 BEAUMONT,2022,official_vtd_exact_label_code_nhgis_blocks,0.97,20,2020,1407,0.649020910721
high,KNOX,004859,23 WESTVIEW,2022,official_vtd_exact_label_code_nhgis_blocks,0.97,23,2020,1408,1.0
high,KNOX,004833,24Q SEQUOYAH HILLS,2022,official_vtd_exact_label_code_nhgis_blocks,0.97,24Q,2020,1409,1.0
high,KNOX,004826,25 SOUTH KNOX CC,2022,official_vtd_exact_label_code_nhgis_blocks,0.97,25,2020,1410,0.056241906428
high,KNOX,004831,25 SOUTH KNOX CC,2022,official_vtd_exact_label_code_nhgis_blocks,0.97,25,2020,1410,0.943758093572
high,KNOX,004809,26 DOGWOOD,2022,official_vtd_exact_label_code_nhgis_blocks,0.97,26,2020,1411,1.0
high,KNOX,004827,27 SOUTH KNOX,2022,official_vtd_exact_label_code_nhgis_blocks,0.97,27,2020,1412,1.0
high,KNOX,004809,29 ANDERSON,2022,official_vtd_exact_label_code_nhgis_blocks,0.97,29,2020,1413,0.982078295171
high,KNOX,004826,29 ANDERSON,2022,official_vtd_exact_label_code_nhgis_blocks,0.97,29,2020,1413,0.017921704829
high,KNOX,004868,30 SARAH MOORE GREENE,2022,official_vtd_exact_label_code_nhgis_blocks,0.97,30,2020,1414,1.0
high,KNOX,004816,31 CHILHOWEE,2022,official_vtd_exact_label_code_nhgis_blocks,0.97,31,2020,1415,0.002187947244
high,KNOX,004870,31 CHILHOWEE,2022,official_vtd_exact_label_code_nhgis_blocks,0.97,31,2020,1415,0.997812052756
high,KNOX,004872,32 SPRING HILL,2022,official_vtd_exact_label_code_nhgis_blocks,0.97,32,2020,1416,1.0
high,KNOX,004884,33N RICHARD YOAKLEY,2022,official_vtd_exact_label_code_nhgis_blocks,0.97,33N,2020,1417,1.0
high,KNOX,004884,33S RICHARD YOAKLEY,2022,official_vtd_exact_label_code_nhgis_blocks,0.97,33S,2020,1418,1.0
high,KNOX,004884,33X RICHARD YOAKLEY,2022,official_vtd_exact_label_code_nhgis_blocks,0.97,33X,2020,1419,1.0
high,KNOX,004882,34 CENTRAL,2022,official_vtd_exact_label_code_nhgis_blocks,0.97,34,2020,1420,1.0
high,KNOX,004881,35 SHANNONDALE,2022,official_vtd_exact_label_code_nhgis_blocks,0.97,35,2020,1421,0.46169669939
high,KNOX,004882,35 SHANNONDALE,2022,official_vtd_exact_label_code_nhgis_blocks,0.97,35,2020,1421,0.53830330061
high,KNOX,004879,36 GRESHAM,2022,official_vtd_exact_label_code_nhgis_blocks,0.97,36,2020,1422,0.053269973342
high,KNOX,004880,36 GRESHAM,2022,official_vtd_exact_label_code_nhgis_blocks,0.97,36,2020,1422,0.946730026658
high,KNOX,004879,37 INSKIP ELEMENTARY,2022,official_vtd_exact_label_code_nhgis_blocks,0.97,37,2020,1423,1.0
high,KNOX,004802,39E INSKIP REC CENTER,2022,official_vtd_exact_label_code_nhgis_blocks,0.97,39E,2020,1424,0.900355190693
high,KNOX,004803,39E INSKIP REC CENTER,2022,official_vtd_exact_label_code_nhgis_blocks,0.97,39E,2020,1424,0.099644809307
high,KNOX,004802,39W INSKIP REC CENTER,2022,official_vtd_exact_label_code_nhgis_blocks,0.97,39W,2020,1425,1.0
high,KNOX,004806,40 NORWOOD,2022,official_vtd_exact_label_code_nhgis_blocks,0.97,40,2020,1426,1.0
high,KNOX,004803,41 NORWOOD,2022,official_vtd_exact_label_code_nhgis_blocks,0.97,41,2020,1427,1.0
high,KNOX,004856,42 PLEASANT RIDGE,2022,official_vtd_exact_label_code_nhgis_blocks,0.97,42,2020,1428,1.0
high,KNOX,004857,43 WEST HAVEN,2022,official_vtd_exact_label_code_nhgis_blocks,0.97,43,2020,1429,1.0
high,KNOX,004855,44 RIDGEDALE,2022,official_vtd_exact_label_code_nhgis_blocks,0.97,44,2020,1430,1.0
high,KNOX,004854,45 BEARDEN MIDDLE,2022,official_vtd_exact_label_code_nhgis_blocks,0.97,45,2020,1431,1.0
high,KNOX,004838,46 1ST NAZARENE,2022,official_vtd_exact_label_code_nhgis_blocks,0.97,46,2020,1432,1.0
high,KNOX,004837,47N BEARDEN HIGH,2022,official_vtd_exact_label_code_nhgis_blocks,0.97,47N,2020,1433,1.0
high,KNOX,004837,47S BEARDEN HIGH,2022,official_vtd_exact_label_code_nhgis_blocks,0.97,47S,2020,1434,1.0
high,KNOX,004801,48 POND GAP,2022,official_vtd_exact_label_code_nhgis_blocks,0.97,48,2020,1435,1.0
high,KNOX,004834,49N BEARDEN ELEMENTARY,2022,official_vtd_exact_label_code_nhgis_blocks,0.97,49N,2020,1436,1.0
high,KNOX,004834,49S BEARDEN ELEMENTARY,2022,official_vtd_exact_label_code_nhgis_blocks,0.97,49S,2020,1437,1.0
high,KNOX,004858,50N WEST HIGH,2022,official_vtd_exact_label_code_nhgis_blocks,0.97,50N,2020,1438,1.0
high,KNOX,004860,50S WEST HIGH,2022,official_vtd_exact_label_code_nhgis_blocks,0.97,50S,2020,1439,1.0
high,KNOX,004836,51 DEANE HILL REC CTR,2022,official_vtd_exact_label_code_nhgis_blocks,0.97,51,2020,1440,0.551842624627
high,KNOX,004837,51 DEANE HILL REC CTR,2022,official_vtd_exact_label_code_nhgis_blocks,0.97,51,2020,1440,0.448157375373
high,KNOX,004852,55 LONAS,2022,official_vtd_exact_label_code_nhgis_blocks,0.97,55,2020,1441,0.11770143817
high,KNOX,004853,55 LONAS,2022,official_vtd_exact_label_code_nhgis_blocks,0.97,55,2020,1441,0.88229856183
high,KNOX,004890,56 HEISKELL,2022,official_vtd_exact_label_code_nhgis_blocks,0.97,56,2020,1442,1.0
high,KNOX,004810,57 HILLS,2022,official_vtd_exact_label_code_nhgis_blocks,0.97,57,2020,1443,1.0
high,KNOX,004891,58 PEDIGO,2022,official_vtd_exact_label_code_nhgis_blocks,0.97,58,2020,1444,0.165000498451
high,KNOX,004895,58 PEDIGO,2022,official_vtd_exact_label_code_nhgis_blocks,0.97,58,2020,1444,0.834999501549
high,KNOX,004887,59 BRICKEY,2022,official_vtd_exact_label_code_nhgis_blocks,0.97,59,2020,1445,0.909389219433
high,KNOX,004891,59 BRICKEY,2022,official_vtd_exact_label_code_nhgis_blocks,0.97,59,2020,1445,0.090610780567
high,KNOX,004811,60 FORT SUMTER,2022,official_vtd_exact_label_code_nhgis_blocks,0.97,60,2020,1446,1.0
high,KNOX,004886,61E HALLS,2022,official_vtd_exact_label_code_nhgis_blocks,0.97,61E,2020,1447,1.0
high,KNOX,004886,61W HALLS,2022,official_vtd_exact_label_code_nhgis_blocks,0.97,61W,2020,1448,1.0
high,KNOX,004844,62 HARDIN VALLEY,2022,official_vtd_exact_label_code_nhgis_blocks,0.97,62,2020,1449,1.0
high,KNOX,004848,63 KARNS,2022,official_vtd_exact_label_code_nhgis_blocks,0.97,63,2020,1450,1.0
high,KNOX,004849,63N KARNS NORTH,2022,official_vtd_exact_label_code_nhgis_blocks,0.97,63N,2020,1451,1.0
high,KNOX,004846,64 SOLWAY,2022,official_vtd_exact_label_code_nhgis_blocks,0.97,64,2020,1452,1.0
high,KNOX,004805,65E CONCORD EAST,2022,official_vtd_exact_label_code_nhgis_blocks,0.97,65E,2020,1453,0.068018411468
high,KNOX,004842,65E CONCORD EAST,2022,official_vtd_exact_label_code_nhgis_blocks,0.97,65E,2020,1453,0.009242956893
high,KNOX,004896,65E CONCORD EAST,2022,official_vtd_exact_label_code_nhgis_blocks,0.97,65E,2020,1453,0.922738631639
high,KNOX,004845,65N CONCORD NORTH,2022,official_vtd_exact_label_code_nhgis_blocks,0.97,65N,2020,1457,1.0
high,KNOX,004896,65S CONCORD SOUTH,2022,official_vtd_exact_label_code_nhgis_blocks,0.97,65S,2020,1454,1.0
high,KNOX,004841,65SW CONCORD SOUTHWEST,2022,official_vtd_exact_label_code_nhgis_blocks,0.97,65SW,2020,1455,1.0
high,KNOX,004841,65W CONCORD WEST,2022,official_vtd_exact_label_code_nhgis_blocks,0.97,65W,2020,1456,1.0
high,KNOX,004805,66NE FARRAGUT I,2022,official_vtd_exact_label_code_nhgis_blocks,0.97,66NE,2020,1458,1.0
high,KNOX,004805,66NW FARRAGUT I,2022,official_vtd_exact_label_code_nhgis_blocks,0.97,66NW,2020,1459,1.0
high,KNOX,004842,66SE FARRAGUT II,2022,official_vtd_exact_label_code_nhgis_blocks,0.97,66SE,2020,1460,1.0
high,KNOX,004842,66SW FARRAGUT II,2022,official_vtd_exact_label_code_nhgis_blocks,0.97,66SW,2020,1461,1.0
high,KNOX,004852,67 NORTH CEDAR BLUFF,2022,official_vtd_exact_label_code_nhgis_blocks,0.97,67,2020,1462,1.0
high,KNOX,004850,68 SOUTH CEDAR BLUFF,2022,official_vtd_exact_label_code_nhgis_blocks,0.97,68,2020,1463,1.0
high,KNOX,004851,68E EAST CEDAR BLUFF,2022,official_vtd_exact_label_code_nhgis_blocks,0.97,68E,2020,1464,1.0
high,KNOX,004807,69E BLUEGRASS,2022,official_vtd_exact_label_code_nhgis_blocks,0.97,69E,2020,1465,1.0
high,KNOX,004840,69N WEST VALLEY,2022,official_vtd_exact_label_code_nhgis_blocks,0.97,69N,2020,1466,1.0
high,KNOX,004839,69S NORTHSHORE,2022,official_vtd_exact_label_code_nhgis_blocks,0.97,69S,2020,1467,1.0
high,KNOX,004897,69W A L LOTTS,2022,official_vtd_exact_label_code_nhgis_blocks,0.97,69W,2020,1468,1.0
high,KNOX,004828,70E AMHERST,2022,official_vtd_exact_label_code_nhgis_blocks,0.97,70E,2020,1469,1.0
high,KNOX,004847,70W BALL CAMP,2022,official_vtd_exact_label_code_nhgis_blocks,0.97,70W,2020,1470,1.0
high,KNOX,004834,71 ROCKY HILL,2022,official_vtd_exact_label_code_nhgis_blocks,0.97,71,2020,1471,0.018087016233
high,KNOX,004835,71 ROCKY HILL,2022,official_vtd_exact_label_code_nhgis_blocks,0.97,71,2020,1471,0.981912983767
high,KNOX,004888,72E DANTE EAST,2022,official_vtd_exact_label_code_nhgis_blocks,0.97,72E,2020,1472,1.0
high,KNOX,004888,72W DANTE WEST,2022,official_vtd_exact_label_code_nhgis_blocks,0.97,72W,2020,1473,1.0
high,KNOX,004887,73E POWELL,2022,official_vtd_exact_label_code_nhgis_blocks,0.97,73E,2020,1474,0.141778759025
high,KNOX,004892,73E POWELL,2022,official_vtd_exact_label_code_nhgis_blocks,0.97,73E,2020,1474,0.858221240975
high,KNOX,004892,73W POWELL,2022,official_vtd_exact_label_code_nhgis_blocks,0.97,73W,2020,1475,1.0
high,KNOX,004885,74 SHANNONDALE,2022,official_vtd_exact_label_code_nhgis_blocks,0.97,74,2020,1476,1.0
high,KNOX,004818,76 SUNNYVIEW,2022,official_vtd_exact_label_code_nhgis_blocks,0.97,76,2020,1477,1.0
high,KNOX,004821,77 RAMSEY,2022,official_vtd_exact_label_code_nhgis_blocks,0.97,77,2020,1478,1.0
high,KNOX,004819,78 RIVERDALE,2022,official_vtd_exact_label_code_nhgis_blocks,0.97,78,2020,1479,1.0
high,KNOX,004820,79 DORA KENNEDY,2022,official_vtd_exact_label_code_nhgis_blocks,0.97,79,2020,1480,1.0
high,KNOX,004813,80 CORRYTON,2022,official_vtd_exact_label_code_nhgis_blocks,0.97,80,2020,1481,1.0
high,KNOX,004812,81 GIBBS,2022,official_vtd_exact_label_code_nhgis_blocks,0.97,81,2020,1482,1.0
high,KNOX,004816,82 ELLISTOWN,2022,official_vtd_exact_label_code_nhgis_blocks,0.97,82,2020,1483,1.0
high,KNOX,004808,84 RITTA,2022,official_vtd_exact_label_code_nhgis_blocks,0.97,84,2020,1484,1.0
high,KNOX,004814,85 SKAGGSTON,2022,official_vtd_exact_label_code_nhgis_blocks,0.97,85,2020,1485,1.0
high,KNOX,004815,86 CARTER,2022,official_vtd_exact_label_code_nhgis_blocks,0.97,86,2020,1486,1.0
high,KNOX,004817,87 THORNGROVE,2022,official_vtd_exact_label_code_nhgis_blocks,0.97,87,2020,1487,1.0
high,KNOX,004829,89 MT OLIVE,2022,official_vtd_exact_label_code_nhgis_blocks,0.97,89,2020,1488,1.0
high,KNOX,004824,90 BONNY KATE,2022,official_vtd_exact_label_code_nhgis_blocks,0.97,90,2020,1489,1.0
high,KNOX,004822,92 GAP CREEK,2022,official_vtd_exact_label_code_nhgis_blocks,0.97,92,2020,1490,1.0
high,KNOX,004823,93 HOPEWELL,2022,official_vtd_exact_label_code_nhgis_blocks,0.97,93,2020,1491,1.0
high,LAKE,004951,1 TIPTONVILLE SR CITIZENS,2022,official_vtd_exact_label_code_nhgis_blocks,0.97,1 Tiptonville Senior Center,2020,408,1.0
high,LAKE,004952,2 COURTHOUSE,2022,official_vtd_exact_label_code_nhgis_blocks,0.97,2 Lake County Courthouse,2020,407,1.0
high,LAKE,004953,3 LAKE CO MIDDLE,2022,official_vtd_exact_label_code_nhgis_blocks,0.97,3 Lake County Middle School,2020,406,1.0
medium,LAUDERDALE,005058,HENNING 1,2022,official_vtd_fuzzy_name_nhgis_blocks,0.7875,Henning,2020,418,0.004277316973
medium,LAUDERDALE,005064,HENNING 1,2022,official_vtd_fuzzy_name_nhgis_blocks,0.7875,Henning,2020,418,0.995722683027
medium,LAUDERDALE,005058,MCBRIDE 1,2022,official_vtd_fuzzy_name_nhgis_blocks,0.7875,McBride,2020,410,0.970439317641
medium,LAUDERDALE,005064,MCBRIDE 1,2022,official_vtd_fuzzy_name_nhgis_blocks,0.7875,McBride,2020,410,0.029560682359
high,LAUDERDALE,005054,RIPLEY 2,2022,official_vtd_exact_name_nhgis_blocks,0.95,Ripley 2,2020,413,1.0
high,LAUDERDALE,005057,RIPLEY 3,2022,official_vtd_exact_name_nhgis_blocks,0.95,Ripley 3,2020,409,1.0
high,LAUDERDALE,005054,RIPLEY 4,2022,official_vtd_exact_name_nhgis_blocks,0.95,Ripley 4,2020,415,0.00063579481
high,LAUDERDALE,005056,RIPLEY 4,2022,official_vtd_exact_name_nhgis_blocks,0.95,Ripley 4,2020,415,0.938328882039
high,LAUDERDALE,005057,RIPLEY 4,2022,official_vtd_exact_name_nhgis_blocks,0.95,Ripley 4,2020,415,0.061035323151
medium,LAUDERDALE,005060,LIGHTFOOT 5,2022,official_vtd_fuzzy_name_nhgis_blocks,0.81,Lightfoot,2020,416,1.0
medium,LAUDERDALE,005051,CENTRAL 6,2022,official_vtd_fuzzy_name_nhgis_blocks,0.7875,Central,2020,412,0.978500294064
medium,LAUDERDALE,005053,CENTRAL 6,2022,official_vtd_fuzzy_name_nhgis_blocks,0.7875,Central,2020,412,0.021315225185
medium,LAUDERDALE,005054,CENTRAL 6,2022,official_vtd_fuzzy_name_nhgis_blocks,0.7875,Central,2020,412,0.000184197976
medium,LAUDERDALE,005057,CENTRAL 6,2022,official_vtd_fuzzy_name_nhgis_blocks,0.7875,Central,2020,412,2.82775e-07
high,LAUDERDALE,005063,HALLS 8,2022,official_vtd_exact_name_nhgis_blocks,0.95,Halls 8,2020,414,1.0
high,LAWRENCE,005151,01 1 ST JOSEPH,2022,official_vtd_exact_name_nhgis_blocks,0.95,St. Joseph,2020,437,0.028252778096
high,LAWRENCE,005170,01 1 ST JOSEPH,2022,official_vtd_exact_name_nhgis_blocks,0.95,St. Joseph,2020,437,0.971747221904
high,LAWRENCE,005154,01 2 WEST LORETTO,2022,official_vtd_exact_name_nhgis_blocks,0.95,West Loretto,2020,424,1.0
medium,LAWRENCE,005154,02 1 LORETTO,2022,official_vtd_fuzzy_name_nhgis_blocks,0.7875,West Loretto,2020,424,1.0
medium,LAWRENCE,005153,03 1 SE LAWRENCE,2022,official_vtd_fuzzy_name_nhgis_blocks,0.8609,S.E. Lawrence,2020,438,1.0
medium,LAWRENCE,005153,03 2 CENTER POINT,2022,official_vtd_fuzzy_name_nhgis_blocks,0.8609,Centerpoint,2020,426,0.671863348525
medium,LAWRENCE,005155,03 2 CENTER POINT,2022,official_vtd_fuzzy_name_nhgis_blocks,0.8609,Centerpoint,2020,426,9.0949924e-05
medium,LAWRENCE,005169,03 2 CENTER POINT,2022,official_vtd_fuzzy_name_nhgis_blocks,0.8609,Centerpoint,2020,426,0.328045701551
high,LAWRENCE,005152,04 1 CROSSROADS,2022,official_vtd_exact_name_nhgis_blocks,0.95,Crossroads,2020,425,0.802143453738
high,LAWRENCE,005157,04 1 CROSSROADS,2022,official_vtd_exact_name_nhgis_blocks,0.95,Crossroads,2020,425,7.92688e-06
high,LAWRENCE,005158,04 1 CROSSROADS,2022,official_vtd_exact_name_nhgis_blocks,0.95,Crossroads,2020,425,0.197848619382
high,LAWRENCE,005172,05 2 GANDY,2022,official_vtd_exact_name_nhgis_blocks,0.95,Gandy,2020,436,1.0
high,LAWRENCE,005171,06 1 IRON CITY,2022,official_vtd_exact_name_nhgis_blocks,0.95,Iron City,2020,427,1.0
high,LAWRENCE,005156,06 2 WEST POINT,2022,official_vtd_exact_name_nhgis_blocks,0.95,West Point,2020,440,0.987746554989
high,LAWRENCE,005163,06 2 WEST POINT,2022,official_vtd_exact_name_nhgis_blocks,0.95,West Point,2020,440,0.012253445011
high,LAWRENCE,005157,07 1 SOUTHERN TN,2022,official_vtd_exact_name_nhgis_blocks,0.95,Southern TN,2020,432,1.0
high,LAWRENCE,005158,08 1 NEW PROSPECT,2022,official_vtd_exact_name_nhgis_blocks,0.95,New Prospect,2020,433,1.0
high,LAWRENCE,005173,09 1 ETHRIDGE,2022,official_vtd_exact_name_nhgis_blocks,0.95,Ethridge,2020,422,1.0
high,LAWRENCE,005159,09 2 MARS HILL,2022,official_vtd_exact_name_nhgis_blocks,0.95,Mars Hill,2020,441,1.0
high,LAWRENCE,005160,10 1 HOWARDS,2022,official_vtd_exact_name_nhgis_blocks,0.95,Howards,2020,434,1.0
high,LAWRENCE,005161,11 1 SUMMERTOWN,2022,official_vtd_exact_name_nhgis_blocks,0.95,Summertown,2020,428,1.0
high,LAWRENCE,005174,12 1 CENTER,2022,official_vtd_exact_name_nhgis_blocks,0.95,Center,2020,442,1.0
high,LAWRENCE,005160,12 2 HENRYVILLE,2022,official_vtd_exact_name_nhgis_blocks,0.95,Henryville,2020,429,6.9576904e-05
high,LAWRENCE,005162,12 2 HENRYVILLE,2022,official_vtd_exact_name_nhgis_blocks,0.95,Henryville,2020,429,0.992414785378
high,LAWRENCE,005174,12 2 HENRYVILLE,2022,official_vtd_exact_name_nhgis_blocks,0.95,Henryville,2020,429,0.007515637717
high,LAWRENCE,005163,13 1 WEST END,2022,official_vtd_exact_name_nhgis_blocks,0.95,West End,2020,431,1.0
high,LAWRENCE,005164,14 1 CRAWFISH VALLEY,2022,official_vtd_exact_name_nhgis_blocks,0.95,Crawfish Valley,2020,435,1.0
high,LAWRENCE,005166,16 1 ROTARY PARK,2022,official_vtd_exact_name_nhgis_blocks,0.95,Rotary Park,2020,421,1.0
high,LINCOLN,000003,1 1 CASH POINT,2022,official_vtd_exact_name_nhgis_blocks,0.95,Cash Point,2020,953,1.0
high,LINCOLN,000009,1 2 KIRKLAND,2022,official_vtd_exact_name_nhgis_blocks,0.95,Kirkland,2020,946,2.6169776e-05
high,LINCOLN,000015,1 2 KIRKLAND,2022,official_vtd_exact_name_nhgis_blocks,0.95,Kirkland,2020,946,0.511423694308
high,LINCOLN,000020,1 2 KIRKLAND,2022,official_vtd_exact_name_nhgis_blocks,0.95,Kirkland,2020,946,0.488550135916
high,LINCOLN,000020,1 3 TAFT,2022,official_vtd_exact_name_nhgis_blocks,0.95,Taft,2020,954,1.0
high,LINCOLN,000004,2 1 MCBURG,2022,official_vtd_exact_name_nhgis_blocks,0.95,McBurg,2020,955,1.0
high,LINCOLN,000002,2 2 HOWELL,2022,official_vtd_exact_name_nhgis_blocks,0.95,Howell,2020,944,6.966366e-06
high,LINCOLN,000004,2 2 HOWELL,2022,official_vtd_exact_name_nhgis_blocks,0.95,Howell,2020,944,0.072956212908
high,LINCOLN,000007,2 2 HOWELL,2022,official_vtd_exact_name_nhgis_blocks,0.95,Howell,2020,944,3.8532712e-05
high,LINCOLN,000010,2 2 HOWELL,2022,official_vtd_exact_name_nhgis_blocks,0.95,Howell,2020,944,0.921421428079
high,LINCOLN,000017,2 2 HOWELL,2022,official_vtd_exact_name_nhgis_blocks,0.95,Howell,2020,944,0.005576859935
high,LINCOLN,000002,2 3 PETERSBURG,2022,official_vtd_exact_name_nhgis_blocks,0.95,Petersburg,2020,956,3.664418e-06
high,LINCOLN,000010,2 3 PETERSBURG,2022,official_vtd_exact_name_nhgis_blocks,0.95,Petersburg,2020,956,0.025181718417
high,LINCOLN,000017,2 3 PETERSBURG,2022,official_vtd_exact_name_nhgis_blocks,0.95,Petersburg,2020,956,0.974814617164
high,LINCOLN,000012,3 2 LIBERTY,2022,official_vtd_exact_name_nhgis_blocks,0.95,Liberty,2020,951,0.995810626273
high,LINCOLN,000013,3 2 LIBERTY,2022,official_vtd_exact_name_nhgis_blocks,0.95,Liberty,2020,951,1.3493874e-05
high,LINCOLN,000018,3 2 LIBERTY,2022,official_vtd_exact_name_nhgis_blocks,0.95,Liberty,2020,951,0.004175879853
high,LINCOLN,000014,4 1 MARANATHA,2022,official_vtd_exact_name_nhgis_blocks,0.95,Maranatha,2020,943,1.0
high,LINCOLN,000005,5 1 CALVARY,2022,official_vtd_exact_name_nhgis_blocks,0.95,Calvary,2020,957,1.0
high,LINCOLN,000001,5 2 ARMORY,2022,official_vtd_exact_name_nhgis_blocks,0.95,Armory,2020,947,1.0
high,LINCOLN,000002,6 2 BELLEVILLE,2022,official_vtd_exact_name_nhgis_blocks,0.95,Belleville,2020,959,1.0
high,LINCOLN,000002,6 3 MULBERRY,2022,official_vtd_exact_name_nhgis_blocks,0.95,Mulberry,2020,948,2.5806e-06
high,LINCOLN,000011,6 3 MULBERRY,2022,official_vtd_exact_name_nhgis_blocks,0.95,Mulberry,2020,948,0.029559963919
high,LINCOLN,000016,6 3 MULBERRY,2022,official_vtd_exact_name_nhgis_blocks,0.95,Mulberry,2020,948,0.96155462115
high,LINCOLN,000018,6 3 MULBERRY,2022,official_vtd_exact_name_nhgis_blocks,0.95,Mulberry,2020,948,0.008882834331
high,LINCOLN,000006,7 1 ELORA,2022,official_vtd_exact_name_nhgis_blocks,0.95,Elora,2020,960,0.940399823471
high,LINCOLN,000008,7 1 ELORA,2022,official_vtd_exact_name_nhgis_blocks,0.95,Elora,2020,960,0.059254439647
high,LINCOLN,000013,7 1 ELORA,2022,official_vtd_exact_name_nhgis_blocks,0.95,Elora,2020,960,0.000345736881
high,LINCOLN,000008,7 2 FLINTVILLE,2022,official_vtd_exact_name_nhgis_blocks,0.95,Flintville,2020,961,0.979846742066
high,LINCOLN,000011,7 2 FLINTVILLE,2022,official_vtd_exact_name_nhgis_blocks,0.95,Flintville,2020,961,0.020051607056
high,LINCOLN,000013,7 2 FLINTVILLE,2022,official_vtd_exact_name_nhgis_blocks,0.95,Flintville,2020,961,0.000101650878
high,LINCOLN,000011,7 3 GUM SPRINGS,2022,official_vtd_exact_name_nhgis_blocks,0.95,Gum Springs,2020,949,1.0
high,LINCOLN,000013,8 1 LINCOLN,2022,official_vtd_exact_name_nhgis_blocks,0.95,Lincoln,2020,962,1.0
high,LINCOLN,000013,8 2 HOWELL HILL,2022,official_vtd_exact_name_nhgis_blocks,0.95,Howell Hill,2020,950,0.982913311209
high,LINCOLN,000019,8 2 HOWELL HILL,2022,official_vtd_exact_name_nhgis_blocks,0.95,Howell Hill,2020,950,0.017086688791
high,LOUDON,005452,LOUDON,2022,official_vtd_exact_name_nhgis_blocks,0.95,Loudon,2020,464,0.148427989193
high,LOUDON,005453,LOUDON,2022,official_vtd_exact_name_nhgis_blocks,0.95,Loudon,2020,464,0.851572010807
high,LOUDON,005452,LOUDON OUTSIDE,2022,official_vtd_exact_name_nhgis_blocks,0.95,Loudon Outside,2020,465,0.923135303827
high,LOUDON,005453,LOUDON OUTSIDE,2022,official_vtd_exact_name_nhgis_blocks,0.95,Loudon Outside,2020,465,0.066518350634
high,LOUDON,005459,LOUDON OUTSIDE,2022,official_vtd_exact_name_nhgis_blocks,0.95,Loudon Outside,2020,465,0.005248921874
high,LOUDON,005464,LOUDON OUTSIDE,2022,official_vtd_exact_name_nhgis_blocks,0.95,Loudon Outside,2020,465,0.005097423665
high,LOUDON,005458,LENOIR CITY,2022,official_vtd_exact_name_nhgis_blocks,0.95,Lenoir City,2020,455,0.008881884259
high,LOUDON,005460,LENOIR CITY,2022,official_vtd_exact_name_nhgis_blocks,0.95,Lenoir City,2020,455,0.507588690228
high,LOUDON,005461,LENOIR CITY,2022,official_vtd_exact_name_nhgis_blocks,0.95,Lenoir City,2020,455,0.197204346063
high,LOUDON,005462,LENOIR CITY,2022,official_vtd_exact_name_nhgis_blocks,0.95,Lenoir City,2020,455,0.120692661611
high,LOUDON,005463,LENOIR CITY,2022,official_vtd_exact_name_nhgis_blocks,0.95,Lenoir City,2020,455,0.165632417839
high,LOUDON,005460,LENOIR CITY OUTSIDE,2022,official_vtd_exact_name_nhgis_blocks,0.95,Lenoir City Outside,2020,466,0.398224560627
high,LOUDON,005461,LENOIR CITY OUTSIDE,2022,official_vtd_exact_name_nhgis_blocks,0.95,Lenoir City Outside,2020,466,0.601775439373
high,LOUDON,005456,GLENDALE,2022,official_vtd_exact_name_nhgis_blocks,0.95,Glendale,2020,460,0.003573079607
high,LOUDON,005457,GLENDALE,2022,official_vtd_exact_name_nhgis_blocks,0.95,Glendale,2020,460,0.996426920393
high,LOUDON,005456,GREENBACK,2022,official_vtd_exact_name_nhgis_blocks,0.95,Greenback,2020,459,1.0
high,LOUDON,005455,DAVIS,2022,official_vtd_exact_name_nhgis_blocks,0.95,Davis,2020,452,1.0
high,LOUDON,005451,LUTTRELL,2022,official_vtd_exact_name_nhgis_blocks,0.95,Luttrell,2020,457,1.0
high,LOUDON,005452,PHILADELPHIA,2022,official_vtd_exact_name_nhgis_blocks,0.95,Philadelphia,2020,458,0.090660794909
high,LOUDON,005454,PHILADELPHIA,2022,official_vtd_exact_name_nhgis_blocks,0.95,Philadelphia,2020,458,0.909339205091
medium,LOUDON,005462,EATON,2022,official_vtd_fuzzy_name_nhgis_blocks,0.8182,Eatons,2020,456,0.657399729879
medium,LOUDON,005463,EATON,2022,official_vtd_fuzzy_name_nhgis_blocks,0.8182,Eatons,2020,456,0.342600270121
high,LOUDON,005463,NORTH,2022,official_vtd_exact_name_nhgis_blocks,0.95,North,2020,453,1.0
high,LOUDON,005458,HIGHLAND PARK,2022,official_vtd_exact_name_nhgis_blocks,0.95,Highland Park,2020,454,1.0
high,MADISON,005671,2 1 ALEXANDER,2022,official_vtd_exact_label_code_nhgis_blocks,0.97,2-1 Alexander Elementary School,2020,510,1.0
high,MADISON,005669,2 2 ALDERSGATE,2022,official_vtd_exact_label_code_nhgis_blocks,0.97,2-2 Aldersgate United Methodist Church,2020,511,0.018998212462
high,MADISON,005673,2 2 ALDERSGATE,2022,official_vtd_exact_label_code_nhgis_blocks,0.97,2-2 Aldersgate United Methodist Church,2020,511,0.981001787538
high,MADISON,005656,2 3 MONTESSORI,2022,official_vtd_exact_label_code_nhgis_blocks,0.97,2-3 Community Montessori School,2020,512,0.139319262395
high,MADISON,005672,2 3 MONTESSORI,2022,official_vtd_exact_label_code_nhgis_blocks,0.97,2-3 Community Montessori School,2020,512,0.755442511959
high,MADISON,005674,2 3 MONTESSORI,2022,official_vtd_exact_label_code_nhgis_blocks,0.97,2-3 Community Montessori School,2020,512,0.000337100415
high,MADISON,005677,2 3 MONTESSORI,2022,official_vtd_exact_label_code_nhgis_blocks,0.97,2-3 Community Montessori School,2020,512,0.104901125231
high,MADISON,005678,3 1 BASCOM CHAPEL,2022,official_vtd_exact_label_code_nhgis_blocks,0.97,3-1 Bascom Chapel CME,2020,513,0.019499105243
high,MADISON,005679,3 1 BASCOM CHAPEL,2022,official_vtd_exact_label_code_nhgis_blocks,0.97,3-1 Bascom Chapel CME,2020,513,0.042534011467
high,MADISON,005680,3 1 BASCOM CHAPEL,2022,official_vtd_exact_label_code_nhgis_blocks,0.97,3-1 Bascom Chapel CME,2020,513,4.0147617e-05
high,MADISON,005681,3 1 BASCOM CHAPEL,2022,official_vtd_exact_label_code_nhgis_blocks,0.97,3-1 Bascom Chapel CME,2020,513,0.937926735674
high,MADISON,005676,3 2 MCVS,2022,official_vtd_exact_label_code_nhgis_blocks,0.97,3-2 Madison County Veteran's Service,2020,514,0.023369978149
high,MADISON,005678,3 2 MCVS,2022,official_vtd_exact_label_code_nhgis_blocks,0.97,3-2 Madison County Veteran's Service,2020,514,0.976630021851
high,MADISON,005676,4 1 MASONIC LODGE,2022,official_vtd_exact_label_code_nhgis_blocks,0.97,4-1 Masonic Temple Lodge #45,2020,515,1.0
high,MADISON,005674,4 2 ANDREW JACKSON,2022,official_vtd_exact_label_code_nhgis_blocks,0.97,4-2 Andrew Jackson Elementary School,2020,517,0.774461616808
high,MADISON,005677,4 2 ANDREW JACKSON,2022,official_vtd_exact_label_code_nhgis_blocks,0.97,4-2 Andrew Jackson Elementary School,2020,517,0.225538383192
high,MADISON,005673,4 3 ENGLEWOOD WAREHOUSE,2022,official_vtd_exact_label_code_nhgis_blocks,0.97,4-3 Englewood Church Warehouse,2020,516,0.012129251571
high,MADISON,005675,4 3 ENGLEWOOD WAREHOUSE,2022,official_vtd_exact_label_code_nhgis_blocks,0.97,4-3 Englewood Church Warehouse,2020,516,0.987870748429
high,MADISON,005653,5 1 MACEDONIA,2022,official_vtd_exact_label_code_nhgis_blocks,0.97,5-1 Macedonia Baptist Church,2020,518,0.856243209426
high,MADISON,005654,5 1 MACEDONIA,2022,official_vtd_exact_label_code_nhgis_blocks,0.97,5-1 Macedonia Baptist Church,2020,518,0.130850905503
high,MADISON,005667,5 1 MACEDONIA,2022,official_vtd_exact_label_code_nhgis_blocks,0.97,5-1 Macedonia Baptist Church,2020,518,8.4448452e-05
high,MADISON,005671,5 1 MACEDONIA,2022,official_vtd_exact_label_code_nhgis_blocks,0.97,5-1 Macedonia Baptist Church,2020,518,0.012821436619
high,MADISON,005655,5 2 NORTH PARKWAY,2022,official_vtd_exact_label_code_nhgis_blocks,0.97,5-2 North Parkway School,2020,519,1.0
high,MADISON,005651,6 1 SOUTH SIDE,2022,official_vtd_exact_label_code_nhgis_blocks,0.97,6-1 South Side High School,2020,520,0.132323846736
high,MADISON,005656,6 1 SOUTH SIDE,2022,official_vtd_exact_label_code_nhgis_blocks,0.97,6-1 South Side High School,2020,520,0.241221110339
high,MADISON,005657,6 1 SOUTH SIDE,2022,official_vtd_exact_label_code_nhgis_blocks,0.97,6-1 South Side High School,2020,520,0.066814840359
high,MADISON,005660,6 1 SOUTH SIDE,2022,official_vtd_exact_label_code_nhgis_blocks,0.97,6-1 South Side High School,2020,520,0.009684512595
high,MADISON,005682,6 1 SOUTH SIDE,2022,official_vtd_exact_label_code_nhgis_blocks,0.97,6-1 South Side High School,2020,520,0.54995568997
high,MADISON,005662,6 2 SOUTH,2022,official_vtd_exact_label_code_nhgis_blocks,0.97,6-2 South Elementary School,2020,521,1.0
high,MADISON,005660,6 3 MALESUS,2022,official_vtd_exact_label_code_nhgis_blocks,0.97,6-3 Malesus-South Community Ctr.,2020,522,0.769143976508
high,MADISON,005682,6 3 MALESUS,2022,official_vtd_exact_label_code_nhgis_blocks,0.97,6-3 Malesus-South Community Ctr.,2020,522,0.230856023492
high,MADISON,005661,6 4 MEDON,2022,official_vtd_exact_label_code_nhgis_blocks,0.97,6-4 Medon City Hall,2020,523,1.0
high,MADISON,005651,7 1 BOARD OF EDUCATION,2022,official_vtd_exact_label_code_nhgis_blocks,0.97,7-1 Madison County Board of Education,2020,524,8.5143647e-05
high,MADISON,005656,7 1 BOARD OF EDUCATION,2022,official_vtd_exact_label_code_nhgis_blocks,0.97,7-1 Madison County Board of Education,2020,524,0.202330951733
high,MADISON,005657,7 1 BOARD OF EDUCATION,2022,official_vtd_exact_label_code_nhgis_blocks,0.97,7-1 Madison County Board of Education,2020,524,0.795497617978
high,MADISON,005677,7 1 BOARD OF EDUCATION,2022,official_vtd_exact_label_code_nhgis_blocks,0.97,7-1 Madison County Board of Education,2020,524,0.000193711106
high,MADISON,005678,7 1 BOARD OF EDUCATION,2022,official_vtd_exact_label_code_nhgis_blocks,0.97,7-1 Madison County Board of Education,2020,524,0.001208101704
high,MADISON,005679,7 1 BOARD OF EDUCATION,2022,official_vtd_exact_label_code_nhgis_blocks,0.97,7-1 Madison County Board of Education,2020,524,0.000684473833
high,MADISON,005657,7 2 MC FIRE STATION 17,2022,official_vtd_exact_label_code_nhgis_blocks,0.97,7-2 Madison County Fire Station #17,2020,525,0.003018953752
high,MADISON,005658,7 2 MC FIRE STATION 17,2022,official_vtd_exact_label_code_nhgis_blocks,0.97,7-2 Madison County Fire Station #17,2020,525,0.996247102279
high,MADISON,005659,7 2 MC FIRE STATION 17,2022,official_vtd_exact_label_code_nhgis_blocks,0.97,7-2 Madison County Fire Station #17,2020,525,0.000733943969
high,MADISON,005659,7 3 MERCER,2022,official_vtd_exact_label_code_nhgis_blocks,0.97,7-3 Mercer Fire Station #3,2020,526,1.0
high,MADISON,005667,8 2 BROWNS,2022,official_vtd_exact_label_code_nhgis_blocks,0.97,8-2 Browns United Methodist Church,2020,527,1.0
high,MADISON,005665,8 3 MIFFLIN,2022,official_vtd_exact_label_code_nhgis_blocks,0.97,8-3 Mifflin Road Fire Station #15,2020,528,1.0
high,MADISON,005664,8 4 EAST UNION,2022,official_vtd_exact_label_code_nhgis_blocks,0.97,8-4 East Union Ruritan Center,2020,529,0.203467116203
high,MADISON,005666,8 4 EAST UNION,2022,official_vtd_exact_label_code_nhgis_blocks,0.97,8-4 East Union Ruritan Center,2020,529,0.796532883797
high,MADISON,005663,8 5 LESTERS,2022,official_vtd_exact_label_code_nhgis_blocks,0.97,8-5 Lesters Fire Station #1,2020,530,0.951238267455
high,MADISON,005682,8 5 LESTERS,2022,official_vtd_exact_label_code_nhgis_blocks,0.97,8-5 Lesters Fire Station #1,2020,530,0.048761732545
high,MADISON,005668,9 1 LIGHTHOUSE,2022,official_vtd_exact_label_code_nhgis_blocks,0.97,9-1 Lighthouse Pentecostal Church,2020,532,3.5455012e-05
high,MADISON,005680,9 1 LIGHTHOUSE,2022,official_vtd_exact_label_code_nhgis_blocks,0.97,9-1 Lighthouse Pentecostal Church,2020,532,0.639122866936
high,MADISON,005681,9 1 LIGHTHOUSE,2022,official_vtd_exact_label_code_nhgis_blocks,0.97,9-1 Lighthouse Pentecostal Church,2020,532,0.360841678052
high,MADISON,005669,9 2 STAR CENTER,2022,official_vtd_exact_label_code_nhgis_blocks,0.97,9-2 Pope Elementary School,2020,533,0.259302177452
high,MADISON,005676,9 2 STAR CENTER,2022,official_vtd_exact_label_code_nhgis_blocks,0.97,9-2 Pope Elementary School,2020,533,0.00014836461
high,MADISON,005678,9 2 STAR CENTER,2022,official_vtd_exact_label_code_nhgis_blocks,0.97,9-2 Pope Elementary School,2020,533,8.2056405e-05
high,MADISON,005680,9 2 STAR CENTER,2022,official_vtd_exact_label_code_nhgis_blocks,0.97,9-2 Pope Elementary School,2020,533,0.397913266517
high,MADISON,005681,9 2 STAR CENTER,2022,official_vtd_exact_label_code_nhgis_blocks,0.97,9-2 Pope Elementary School,2020,533,0.342554135016
high,MADISON,005670,9 3 THREE WAY,2022,official_vtd_exact_label_code_nhgis_blocks,0.97,9-3 Three Way City Meeting Room,2020,531,0.569885272784
high,MADISON,005681,9 3 THREE WAY,2022,official_vtd_exact_label_code_nhgis_blocks,0.97,9-3 Three Way City Meeting Room,2020,531,0.430114727216
high,MADISON,005668,10 3 NORTH SIDE,2022,official_vtd_exact_label_code_nhgis_blocks,0.97,10-3 North Side High School,2020,535,0.822268651788
high,MADISON,005669,10 3 NORTH SIDE,2022,official_vtd_exact_label_code_nhgis_blocks,0.97,10-3 North Side High School,2020,535,0.176223595498
high,MADISON,005675,10 3 NORTH SIDE,2022,official_vtd_exact_label_code_nhgis_blocks,0.97,10-3 North Side High School,2020,535,0.00128214588
high,MADISON,005681,10 3 NORTH SIDE,2022,official_vtd_exact_label_code_nhgis_blocks,0.97,10-3 North Side High School,2020,535,0.000225606834
medium,MARION,005757,SOUTH PITTSBURG,2022,official_vtd_fuzzy_name_nhgis_blocks,0.8609,1 South Pittsburgh,2020,539,0.007014301357
medium,MARION,005764,SOUTH PITTSBURG,2022,official_vtd_fuzzy_name_nhgis_blocks,0.8609,1 South Pittsburgh,2020,539,0.992985698643
high,MARION,005758,NEW HOPE,2022,official_vtd_exact_name_nhgis_blocks,0.95,2 New Hope,2020,543,1.0
high,MARION,005759,ORME,2022,official_vtd_exact_name_nhgis_blocks,0.95,3 Orme,2020,544,1.0
high,MARION,005756,LODGE,2022,official_vtd_exact_name_nhgis_blocks,0.95,4 Lodge,2020,545,1.0
high,MARION,002660,MONTEAGLE,2022,official_vtd_exact_name_nhgis_blocks,0.95,5 Monteagle,2020,540,0.002889702446
high,MARION,005755,MONTEAGLE,2022,official_vtd_exact_name_nhgis_blocks,0.95,5 Monteagle,2020,540,1.1015017e-05
high,MARION,005757,MONTEAGLE,2022,official_vtd_exact_name_nhgis_blocks,0.95,5 Monteagle,2020,540,0.997099282537
high,MARION,005755,KIMBALL,2022,official_vtd_exact_name_nhgis_blocks,0.95,6 Kimball,2020,546,1.0
high,MARION,005763,SHELLMOUND,2022,official_vtd_exact_name_nhgis_blocks,0.95,7 Shellmound,2020,547,1.0
high,MARION,005754,JASPER,2022,official_vtd_exact_name_nhgis_blocks,0.95,9 Jasper,2020,537,1.0
high,MARION,005752,FOSTER FALLS,2022,official_vtd_exact_name_nhgis_blocks,0.95,10 Foster Falls,2020,541,1.0
high,MARION,005767,WHITWELL MOUNTAIN,2022,official_vtd_exact_name_nhgis_blocks,0.95,11 Whitwell Mountain,2020,550,1.0
high,MARION,005761,SEQUATCHIE,2022,official_vtd_exact_name_nhgis_blocks,0.95,12 Sequatchie,2020,551,0.002498283264
high,MARION,005762,SEQUATCHIE,2022,official_vtd_exact_name_nhgis_blocks,0.95,12 Sequatchie,2020,551,0.997501716736
medium,MARION,005765,WALDEN S RIDGE,2022,official_vtd_fuzzy_name_nhgis_blocks,0.8357,13 Waldon's Ridge,2020,552,1.0
high,MARION,005751,ELDER MOUNTAIN,2022,official_vtd_exact_name_nhgis_blocks,0.95,14 Elder Mountain,2020,549,1.0
high,MARION,005761,RIVER CANYON,2022,official_vtd_exact_name_nhgis_blocks,0.95,15 River Canyon,2020,553,1.0
high,MARION,005766,WHITWELL,2022,official_vtd_exact_name_nhgis_blocks,0.95,16 Whitwell,2020,542,1.0
medium,MARION,005760,POWELLS CROSSROAD,2022,official_vtd_fuzzy_name_nhgis_blocks,0.8743,17 Powells Crossroads,2020,538,1.0
high,MARSHALL,005854,1 CHAPEL HILL,2022,official_vtd_exact_name_nhgis_blocks,0.95,Chapel Hill,2020,558,1.0
high,MARSHALL,005851,3 BELFAST,2022,official_vtd_exact_name_nhgis_blocks,0.95,Belfast,2020,560,0.051330041558
high,MARSHALL,005853,3 BELFAST,2022,official_vtd_exact_name_nhgis_blocks,0.95,Belfast,2020,560,0.948660733799
high,MARSHALL,005858,3 BELFAST,2022,official_vtd_exact_name_nhgis_blocks,0.95,Belfast,2020,560,9.224643e-06
high,MARSHALL,005852,4 CORNERSVILLE,2022,official_vtd_exact_name_nhgis_blocks,0.95,Cornersville,2020,555,1.0
high,MARSHALL,005855,5 RECREATION CENTER,2022,official_vtd_exact_name_nhgis_blocks,0.95,Recreation Center,2020,556,1.0
high,MARSHALL,005856,6 PARKVIEW,2022,official_vtd_exact_name_nhgis_blocks,0.95,Parkview,2020,559,1.0
high,MARSHALL,005857,7 HARDISON,2022,official_vtd_exact_name_nhgis_blocks,0.95,Hardison,2020,561,0.998169030024
high,MARSHALL,005858,7 HARDISON,2022,official_vtd_exact_name_nhgis_blocks,0.95,Hardison,2020,561,0.001830969976
medium,MAURY,005951,SPRING HILL LIBRARY 11 1,2022,official_vtd_fuzzy_name_nhgis_blocks,0.7953,Spring Hill Library,2020,1134,1.0
medium,MCNAIRY,006158,BETHEL SPRINGS 1 1,2022,official_vtd_fuzzy_name_nhgis_blocks,0.7875,1 Bethel Springs,2020,483,1.0
medium,MCNAIRY,006156,COURTHOUSE SE 6 1,2022,official_vtd_fuzzy_name_nhgis_blocks,0.78,6 Courthouse SE,2020,485,1.0
high,MEIGS,006253,1 EASTVIEW,2022,official_vtd_exact_name_nhgis_blocks,0.95,Eastview,2020,564,1.0
high,MEIGS,006251,2 MEIGS SOUTH,2022,official_vtd_exact_name_nhgis_blocks,0.95,Meigs South,2020,566,1.0
high,MEIGS,006252,3 1 CITY HALL,2022,official_vtd_code_and_name_nhgis_blocks,1.0,3-1 City Hall,2020,568,0.036664713711
high,MEIGS,006254,3 1 CITY HALL,2022,official_vtd_code_and_name_nhgis_blocks,1.0,3-1 City Hall,2020,568,0.963240468482
high,MEIGS,006255,3 1 CITY HALL,2022,official_vtd_code_and_name_nhgis_blocks,1.0,3-1 City Hall,2020,568,9.4817807e-05
high,MEIGS,006252,3 2 COURTHOUSE,2022,official_vtd_code_and_name_nhgis_blocks,1.0,3-2 Courthouse,2020,567,1.0
high,MEIGS,006255,4 MEIGS NORTH,2022,official_vtd_exact_name_nhgis_blocks,0.95,Meigs North,2020,563,1.0
high,MEIGS,006256,5 TEN MILE,2022,official_vtd_exact_name_nhgis_blocks,0.95,Ten Mile,2020,565,1.0
high,MONTGOMERY,006464,1A ST B CC,2022,official_vtd_exact_label_code_nhgis_blocks,0.97,1A St. Bethlehem Church,2020,1553,0.31895121211
high,MONTGOMERY,006478,1A ST B CC,2022,official_vtd_exact_label_code_nhgis_blocks,0.97,1A St. Bethlehem Church,2020,1553,0.68104878789
high,MONTGOMERY,006464,1B VINEYARD,2022,official_vtd_exact_label_code_nhgis_blocks,0.97,1B Vineyard Church,2020,1574,0.006864039747
high,MONTGOMERY,006467,1B VINEYARD,2022,official_vtd_exact_label_code_nhgis_blocks,0.97,1B Vineyard Church,2020,1574,0.993135960253
high,MONTGOMERY,006464,2A CLARKSVILLE,2022,official_vtd_exact_label_code_nhgis_blocks,0.97,2A Clarksville High School,2020,1575,0.063059120033
high,MONTGOMERY,006468,2A CLARKSVILLE,2022,official_vtd_exact_label_code_nhgis_blocks,0.97,2A Clarksville High School,2020,1575,0.259367850574
high,MONTGOMERY,006469,2A CLARKSVILLE,2022,official_vtd_exact_label_code_nhgis_blocks,0.97,2A Clarksville High School,2020,1575,0.677244014536
high,MONTGOMERY,006477,2A CLARKSVILLE,2022,official_vtd_exact_label_code_nhgis_blocks,0.97,2A Clarksville High School,2020,1575,0.000329014857
high,MONTGOMERY,006464,2B BIBLE,2022,official_vtd_exact_label_code_nhgis_blocks,0.97,2B Bible Baptist Church,2020,1554,0.175337136386
high,MONTGOMERY,006468,2B BIBLE,2022,official_vtd_exact_label_code_nhgis_blocks,0.97,2B Bible Baptist Church,2020,1554,0.818382779306
high,MONTGOMERY,006469,2B BIBLE,2022,official_vtd_exact_label_code_nhgis_blocks,0.97,2B Bible Baptist Church,2020,1554,0.004767654476
high,MONTGOMERY,006471,2B BIBLE,2022,official_vtd_exact_label_code_nhgis_blocks,0.97,2B Bible Baptist Church,2020,1554,0.001512429832
high,MONTGOMERY,006453,3A EAST MONTGOMERY,2022,official_vtd_exact_label_code_nhgis_blocks,0.97,3A East Montgomery Elementary School,2020,1555,0.859951371579
high,MONTGOMERY,006468,3A EAST MONTGOMERY,2022,official_vtd_exact_label_code_nhgis_blocks,0.97,3A East Montgomery Elementary School,2020,1555,0.140048628421
high,MONTGOMERY,006453,3B FEDONIA,2022,official_vtd_exact_label_code_nhgis_blocks,0.97,3B Fredonia Community Center,2020,1576,0.702682646136
high,MONTGOMERY,006468,3B FEDONIA,2022,official_vtd_exact_label_code_nhgis_blocks,0.97,3B Fredonia Community Center,2020,1576,1.1427969e-05
high,MONTGOMERY,006469,3B FEDONIA,2022,official_vtd_exact_label_code_nhgis_blocks,0.97,3B Fredonia Community Center,2020,1576,0.000962776762
high,MONTGOMERY,006472,3B FEDONIA,2022,official_vtd_exact_label_code_nhgis_blocks,0.97,3B Fredonia Community Center,2020,1576,0.027014313948
high,MONTGOMERY,006477,3B FEDONIA,2022,official_vtd_exact_label_code_nhgis_blocks,0.97,3B Fredonia Community Center,2020,1576,0.269328835185
high,MONTGOMERY,006461,4A MCMS,2022,official_vtd_exact_label_code_nhgis_blocks,0.97,4A Montgomery Central Middle School,2020,1577,0.961761805589
high,MONTGOMERY,006472,4A MCMS,2022,official_vtd_exact_label_code_nhgis_blocks,0.97,4A Montgomery Central Middle School,2020,1577,0.038238194411
high,MONTGOMERY,006459,4B WR EVENT CENTER,2022,official_vtd_exact_label_code_nhgis_blocks,0.97,4B Wilma Rudolph Events Center,2020,1556,0.014175506036
high,MONTGOMERY,006472,4B WR EVENT CENTER,2022,official_vtd_exact_label_code_nhgis_blocks,0.97,4B Wilma Rudolph Events Center,2020,1556,0.985803096816
high,MONTGOMERY,006476,4B WR EVENT CENTER,2022,official_vtd_exact_label_code_nhgis_blocks,0.97,4B Wilma Rudolph Events Center,2020,1556,2.1397148e-05
high,MONTGOMERY,006458,5 CUMBERLAND,2022,official_vtd_exact_label_code_nhgis_blocks,0.97,5 Cumberland Presbyterian Church,2020,1557,0.403729539921
high,MONTGOMERY,006459,5 CUMBERLAND,2022,official_vtd_exact_label_code_nhgis_blocks,0.97,5 Cumberland Presbyterian Church,2020,1557,0.008719389668
high,MONTGOMERY,006472,5 CUMBERLAND,2022,official_vtd_exact_label_code_nhgis_blocks,0.97,5 Cumberland Presbyterian Church,2020,1557,0.020433688108
high,MONTGOMERY,006474,5 CUMBERLAND,2022,official_vtd_exact_label_code_nhgis_blocks,0.97,5 Cumberland Presbyterian Church,2020,1557,0.102923369538
high,MONTGOMERY,006476,5 CUMBERLAND,2022,official_vtd_exact_label_code_nhgis_blocks,0.97,5 Cumberland Presbyterian Church,2020,1557,0.464194012765
high,MONTGOMERY,006460,6A CUMBERLAND,2022,official_vtd_exact_label_code_nhgis_blocks,0.97,6A Cumberland Heights Elementary School,2020,1578,0.957158791875
high,MONTGOMERY,006461,6A CUMBERLAND,2022,official_vtd_exact_label_code_nhgis_blocks,0.97,6A Cumberland Heights Elementary School,2020,1578,0.001127273965
high,MONTGOMERY,006472,6A CUMBERLAND,2022,official_vtd_exact_label_code_nhgis_blocks,0.97,6A Cumberland Heights Elementary School,2020,1578,0.028858716976
high,MONTGOMERY,006473,6A CUMBERLAND,2022,official_vtd_exact_label_code_nhgis_blocks,0.97,6A Cumberland Heights Elementary School,2020,1578,0.012855217184
high,MONTGOMERY,006460,6B BETHEL,2022,official_vtd_exact_label_code_nhgis_blocks,0.97,6B Bethel Baptist Church,2020,1558,0.040370186481
high,MONTGOMERY,006461,6B BETHEL,2022,official_vtd_exact_label_code_nhgis_blocks,0.97,6B Bethel Baptist Church,2020,1558,0.221321859568
high,MONTGOMERY,006473,6B BETHEL,2022,official_vtd_exact_label_code_nhgis_blocks,0.97,6B Bethel Baptist Church,2020,1558,0.738307953951
high,MONTGOMERY,006454,7A LIBERTY,2022,official_vtd_exact_label_code_nhgis_blocks,0.97,7A Liberty Elementary School,2020,1559,8.6565695e-05
high,MONTGOMERY,006455,7A LIBERTY,2022,official_vtd_exact_label_code_nhgis_blocks,0.97,7A Liberty Elementary School,2020,1559,0.851356715804
high,MONTGOMERY,006470,7A LIBERTY,2022,official_vtd_exact_label_code_nhgis_blocks,0.97,7A Liberty Elementary School,2020,1559,0.148556718501
high,MONTGOMERY,006454,7B WOODLAWN,2022,official_vtd_exact_label_code_nhgis_blocks,0.97,7B Woodlawn Elementary School,2020,1579,0.499888678781
high,MONTGOMERY,006455,7B WOODLAWN,2022,official_vtd_exact_label_code_nhgis_blocks,0.97,7B Woodlawn Elementary School,2020,1579,0.500111321219
high,MONTGOMERY,006451,8 BETHEL,2022,official_vtd_exact_label_code_nhgis_blocks,0.97,8 Bethel Methodist Church,2020,1560,0.686892479719
high,MONTGOMERY,006452,8 BETHEL,2022,official_vtd_exact_label_code_nhgis_blocks,0.97,8 Bethel Methodist Church,2020,1560,0.311257993233
high,MONTGOMERY,006463,8 BETHEL,2022,official_vtd_exact_label_code_nhgis_blocks,0.97,8 Bethel Methodist Church,2020,1560,8.256817e-06
high,MONTGOMERY,006480,8 BETHEL,2022,official_vtd_exact_label_code_nhgis_blocks,0.97,8 Bethel Methodist Church,2020,1560,0.00184127023
high,MONTGOMERY,006463,9A HAZELWOOD,2022,official_vtd_exact_label_code_nhgis_blocks,0.97,9A Hazelwood Elementary School,2020,1580,1.0
high,MONTGOMERY,006463,9B ST JOHN,2022,official_vtd_exact_label_code_nhgis_blocks,0.97,9B St John Missionary Baptist Church,2020,1561,0.992174136091
high,MONTGOMERY,006471,9B ST JOHN,2022,official_vtd_exact_label_code_nhgis_blocks,0.97,9B St John Missionary Baptist Church,2020,1561,0.007825863909
high,MONTGOMERY,006451,10 MINGLEWOOD,2022,official_vtd_exact_label_code_nhgis_blocks,0.97,10 Minglewood Elementary School,2020,1562,0.017215526967
high,MONTGOMERY,006452,10 MINGLEWOOD,2022,official_vtd_exact_label_code_nhgis_blocks,0.97,10 Minglewood Elementary School,2020,1562,0.002580798359
high,MONTGOMERY,006454,10 MINGLEWOOD,2022,official_vtd_exact_label_code_nhgis_blocks,0.97,10 Minglewood Elementary School,2020,1562,0.975320221954
high,MONTGOMERY,006455,10 MINGLEWOOD,2022,official_vtd_exact_label_code_nhgis_blocks,0.97,10 Minglewood Elementary School,2020,1562,0.004530467907
high,MONTGOMERY,006456,10 MINGLEWOOD,2022,official_vtd_exact_label_code_nhgis_blocks,0.97,10 Minglewood Elementary School,2020,1562,1.0228685e-05
high,MONTGOMERY,006457,10 MINGLEWOOD,2022,official_vtd_exact_label_code_nhgis_blocks,0.97,10 Minglewood Elementary School,2020,1562,0.000342756127
high,MONTGOMERY,006454,11A MOSAIC,2022,official_vtd_exact_label_code_nhgis_blocks,0.97,11A Mosaic Church,2020,1581,0.989369894819
high,MONTGOMERY,006455,11A MOSAIC,2022,official_vtd_exact_label_code_nhgis_blocks,0.97,11A Mosaic Church,2020,1581,0.010560338678
high,MONTGOMERY,006456,11A MOSAIC,2022,official_vtd_exact_label_code_nhgis_blocks,0.97,11A Mosaic Church,2020,1581,6.9766503e-05
high,MONTGOMERY,006454,11B NORTHWEST,2022,official_vtd_exact_label_code_nhgis_blocks,0.97,11B Northwest High School,2020,1563,0.926327865786
high,MONTGOMERY,006456,11B NORTHWEST,2022,official_vtd_exact_label_code_nhgis_blocks,0.97,11B Northwest High School,2020,1563,0.06649700121
high,MONTGOMERY,006470,11B NORTHWEST,2022,official_vtd_exact_label_code_nhgis_blocks,0.97,11B Northwest High School,2020,1563,0.007175133004
high,MONTGOMERY,006452,12 WEST CREEK,2022,official_vtd_exact_label_code_nhgis_blocks,0.97,12 West Creek High School,2020,1564,0.896350176488
high,MONTGOMERY,006454,12 WEST CREEK,2022,official_vtd_exact_label_code_nhgis_blocks,0.97,12 West Creek High School,2020,1564,0.098805544496
high,MONTGOMERY,006457,12 WEST CREEK,2022,official_vtd_exact_label_code_nhgis_blocks,0.97,12 West Creek High School,2020,1564,0.004844279016
high,MONTGOMERY,006456,13A BYRNS DARDEN,2022,official_vtd_exact_label_code_nhgis_blocks,0.97,13A Byrns Darden Elementary School,2020,1582,0.001890008877
high,MONTGOMERY,006458,13A BYRNS DARDEN,2022,official_vtd_exact_label_code_nhgis_blocks,0.97,13A Byrns Darden Elementary School,2020,1582,0.431136669427
high,MONTGOMERY,006470,13A BYRNS DARDEN,2022,official_vtd_exact_label_code_nhgis_blocks,0.97,13A Byrns Darden Elementary School,2020,1582,0.566973321696
high,MONTGOMERY,006457,13B KENWOOD,2022,official_vtd_exact_label_code_nhgis_blocks,0.97,13B Kenwood High School,2020,1565,0.616651564383
high,MONTGOMERY,006458,13B KENWOOD,2022,official_vtd_exact_label_code_nhgis_blocks,0.97,13B Kenwood High School,2020,1565,0.356887838024
high,MONTGOMERY,006470,13B KENWOOD,2022,official_vtd_exact_label_code_nhgis_blocks,0.97,13B Kenwood High School,2020,1565,0.026460597593
high,MONTGOMERY,006465,14A ST B ES,2022,official_vtd_exact_label_code_nhgis_blocks,0.97,14A St Bethlehem School,2020,1566,0.042653379691
high,MONTGOMERY,006467,14A ST B ES,2022,official_vtd_exact_label_code_nhgis_blocks,0.97,14A St Bethlehem School,2020,1566,0.938116271013
high,MONTGOMERY,006479,14A ST B ES,2022,official_vtd_exact_label_code_nhgis_blocks,0.97,14A St Bethlehem School,2020,1566,0.019230349296
high,MONTGOMERY,006464,14B EMMANUEL,2022,official_vtd_exact_label_code_nhgis_blocks,0.97,14B Emmanuel Family Life Center,2020,1583,0.51917850999
high,MONTGOMERY,006465,14B EMMANUEL,2022,official_vtd_exact_label_code_nhgis_blocks,0.97,14B Emmanuel Family Life Center,2020,1583,0.417898192657
high,MONTGOMERY,006478,14B EMMANUEL,2022,official_vtd_exact_label_code_nhgis_blocks,0.97,14B Emmanuel Family Life Center,2020,1583,0.037887497586
high,MONTGOMERY,006479,14B EMMANUEL,2022,official_vtd_exact_label_code_nhgis_blocks,0.97,14B Emmanuel Family Life Center,2020,1583,0.025035799766
high,MONTGOMERY,006468,15A EXCELL,2022,official_vtd_exact_label_code_nhgis_blocks,0.97,15A Excell Baptist Church,2020,1584,0.965150071896
high,MONTGOMERY,006469,15A EXCELL,2022,official_vtd_exact_label_code_nhgis_blocks,0.97,15A Excell Baptist Church,2020,1584,0.034849928104
high,MONTGOMERY,006453,15B SANGO,2022,official_vtd_exact_label_code_nhgis_blocks,0.97,15B Sango Elementary School,2020,1567,0.201116411912
high,MONTGOMERY,006468,15B SANGO,2022,official_vtd_exact_label_code_nhgis_blocks,0.97,15B Sango Elementary School,2020,1567,0.798883588088
high,MONTGOMERY,006457,16A RINGGOLD,2022,official_vtd_exact_label_code_nhgis_blocks,0.97,16A Ringgold Elementary School,2020,1568,1.0
high,MONTGOMERY,006457,16B NEW PROVIDENCE,2022,official_vtd_exact_label_code_nhgis_blocks,0.97,16B New Providence Methodist Church,2020,1585,0.553610353089
high,MONTGOMERY,006470,16B NEW PROVIDENCE,2022,official_vtd_exact_label_code_nhgis_blocks,0.97,16B New Providence Methodist Church,2020,1585,0.446389646911
high,MONTGOMERY,006465,17A GRACE,2022,official_vtd_exact_label_code_nhgis_blocks,0.97,17A Grace Nazarene Church,2020,1569,0.52266826443
high,MONTGOMERY,006466,17A GRACE,2022,official_vtd_exact_label_code_nhgis_blocks,0.97,17A Grace Nazarene Church,2020,1569,0.147793089674
high,MONTGOMERY,006467,17A GRACE,2022,official_vtd_exact_label_code_nhgis_blocks,0.97,17A Grace Nazarene Church,2020,1569,0.329538645896
high,MONTGOMERY,006463,17B GLENELLEN,2022,official_vtd_exact_label_code_nhgis_blocks,0.97,17B GlenEllen Elementary School,2020,1586,0.006363285769
high,MONTGOMERY,006465,17B GLENELLEN,2022,official_vtd_exact_label_code_nhgis_blocks,0.97,17B GlenEllen Elementary School,2020,1586,0.261858850752
high,MONTGOMERY,006466,17B GLENELLEN,2022,official_vtd_exact_label_code_nhgis_blocks,0.97,17B GlenEllen Elementary School,2020,1586,0.731777863479
high,MONTGOMERY,006452,18A BARKERS MILL,2022,official_vtd_exact_label_code_nhgis_blocks,0.97,18A Barkers Mill Elementary School,2020,1587,0.460127293149
high,MONTGOMERY,006463,18A BARKERS MILL,2022,official_vtd_exact_label_code_nhgis_blocks,0.97,18A Barkers Mill Elementary School,2020,1587,0.379820292025
high,MONTGOMERY,006466,18A BARKERS MILL,2022,official_vtd_exact_label_code_nhgis_blocks,0.97,18A Barkers Mill Elementary School,2020,1587,0.160052414826
high,MONTGOMERY,006466,18B PISGAH,2022,official_vtd_exact_label_code_nhgis_blocks,0.97,18B Pisgah Elementary School,2020,1570,1.0
high,MONTGOMERY,006453,19A ROSSVIEW,2022,official_vtd_exact_label_code_nhgis_blocks,0.97,19A Rossview High School,2020,1588,0.005344124681
high,MONTGOMERY,006467,19A ROSSVIEW,2022,official_vtd_exact_label_code_nhgis_blocks,0.97,19A Rossview High School,2020,1588,0.001326131431
high,MONTGOMERY,006471,19A ROSSVIEW,2022,official_vtd_exact_label_code_nhgis_blocks,0.97,19A Rossview High School,2020,1588,0.993329743888
high,MONTGOMERY,006471,19B SOUTH GUTHRIE,2022,official_vtd_exact_label_code_nhgis_blocks,0.97,19B South Guthrie Community Center,2020,1571,1.0
high,MONTGOMERY,006471,20A NORTHEAST,2022,official_vtd_exact_label_code_nhgis_blocks,0.97,20A Northeast High School,2020,1589,1.0
high,MONTGOMERY,006471,20B OAKLAND,2022,official_vtd_exact_label_code_nhgis_blocks,0.97,20B Oakland Elementary School,2020,1572,1.0
high,MONTGOMERY,006462,21A HILLDALE,2022,official_vtd_exact_label_code_nhgis_blocks,0.97,21A Hilldale United Methodist Church,2020,1573,0.967138261151
high,MONTGOMERY,006464,21A HILLDALE,2022,official_vtd_exact_label_code_nhgis_blocks,0.97,21A Hilldale United Methodist Church,2020,1573,0.032861738849
high,MONTGOMERY,006469,21B BARKSDALE,2022,official_vtd_exact_label_code_nhgis_blocks,0.97,21B Barksdale Elementary School,2020,1590,0.000142436629
high,MONTGOMERY,006474,21B BARKSDALE,2022,official_vtd_exact_label_code_nhgis_blocks,0.97,21B Barksdale Elementary School,2020,1590,0.964454939317
high,MONTGOMERY,006476,21B BARKSDALE,2022,official_vtd_exact_label_code_nhgis_blocks,0.97,21B Barksdale Elementary School,2020,1590,0.010746843633
high,MONTGOMERY,006477,21B BARKSDALE,2022,official_vtd_exact_label_code_nhgis_blocks,0.97,21B Barksdale Elementary School,2020,1590,0.024655780422
high,MOORE,006554,1 MASONIC LODGE,2022,official_vtd_exact_label_code_nhgis_blocks,0.97,1 Courthouse,2020,573,1.0
high,MOORE,006551,2 HIGH SCHOOL,2022,official_vtd_exact_label_code_nhgis_blocks,0.97,2 Moore County High School,2020,569,1.0
high,MOORE,006553,3 MOORE COUNTY BLDG,2022,official_vtd_exact_label_code_nhgis_blocks,0.97,3 Moore County Building,2020,570,1.0
high,MOORE,006552,4 PUBLIC LIBRARY,2022,official_vtd_exact_label_code_nhgis_blocks,0.97,4 Elementary School,2020,571,1.0
high,MOORE,006555,5 MOTLOW COLLEGE,2022,official_vtd_code_and_name_nhgis_blocks,1.0,5 Motlow College,2020,572,1.0
high,MORGAN,006651,1 1 COALFIELD,2022,official_vtd_exact_label_code_nhgis_blocks,0.97,1-1 CF,2020,575,1.0
high,MORGAN,006652,2 1 OAKDALE HIGH,2022,official_vtd_exact_label_code_nhgis_blocks,0.97,2-1 OH,2020,578,0.995048479455
high,MORGAN,006654,2 1 OAKDALE HIGH,2022,official_vtd_exact_label_code_nhgis_blocks,0.97,2-1 OH,2020,578,0.003281329513
high,MORGAN,006662,2 1 OAKDALE HIGH,2022,official_vtd_exact_label_code_nhgis_blocks,0.97,2-1 OH,2020,578,0.001670191032
high,MORGAN,006651,2 2 OAKDALE,2022,official_vtd_exact_label_code_nhgis_blocks,0.97,2-2 OK,2020,576,2.567072e-06
high,MORGAN,006657,2 2 OAKDALE,2022,official_vtd_exact_label_code_nhgis_blocks,0.97,2-2 OK,2020,576,0.42675811853
high,MORGAN,006662,2 2 OAKDALE,2022,official_vtd_exact_label_code_nhgis_blocks,0.97,2-2 OK,2020,576,0.573239314397
high,MORGAN,006652,3 1 WARTBURG,2022,official_vtd_exact_label_code_nhgis_blocks,0.97,3-1 WB,2020,577,0.191403147695
high,MORGAN,006654,3 1 WARTBURG,2022,official_vtd_exact_label_code_nhgis_blocks,0.97,3-1 WB,2020,577,0.165720690376
high,MORGAN,006656,3 1 WARTBURG,2022,official_vtd_exact_label_code_nhgis_blocks,0.97,3-1 WB,2020,577,0.032940233117
high,MORGAN,006658,3 1 WARTBURG,2022,official_vtd_exact_label_code_nhgis_blocks,0.97,3-1 WB,2020,577,0.300210668948
high,MORGAN,006660,3 1 WARTBURG,2022,official_vtd_exact_label_code_nhgis_blocks,0.97,3-1 WB,2020,577,0.309725259863
high,MORGAN,006656,4 1 LANCING,2022,official_vtd_exact_label_code_nhgis_blocks,0.97,4-1 LA,2020,574,0.072009691736
high,MORGAN,006658,4 1 LANCING,2022,official_vtd_exact_label_code_nhgis_blocks,0.97,4-1 LA,2020,574,0.927990308264
high,MORGAN,006655,4 2 DEER LODGE,2022,official_vtd_exact_label_code_nhgis_blocks,0.97,4-2 DL,2020,585,0.004726236925
high,MORGAN,006658,4 2 DEER LODGE,2022,official_vtd_exact_label_code_nhgis_blocks,0.97,4-2 DL,2020,585,2.9829919e-05
high,MORGAN,006659,4 2 DEER LODGE,2022,official_vtd_exact_label_code_nhgis_blocks,0.97,4-2 DL,2020,585,0.844119200618
high,MORGAN,006661,4 2 DEER LODGE,2022,official_vtd_exact_label_code_nhgis_blocks,0.97,4-2 DL,2020,585,0.151124732538
high,MORGAN,006655,4 3 CHESTNUT RIDGE,2022,official_vtd_exact_label_code_nhgis_blocks,0.97,4-3 CR,2020,584,1.0
high,MORGAN,006656,5 1 SUNBRIGHT,2022,official_vtd_exact_label_code_nhgis_blocks,0.97,5-1 SB,2020,583,0.741194704996
high,MORGAN,006658,5 1 SUNBRIGHT,2022,official_vtd_exact_label_code_nhgis_blocks,0.97,5-1 SB,2020,583,1.4659996e-05
high,MORGAN,006661,5 1 SUNBRIGHT,2022,official_vtd_exact_label_code_nhgis_blocks,0.97,5-1 SB,2020,583,0.258790635008
high,MORGAN,006659,5 2 BURRVILLE,2022,official_vtd_exact_label_code_nhgis_blocks,0.97,5-2 BV,2020,582,1.0
high,MORGAN,006651,6 1 KELLYS,2022,official_vtd_exact_label_code_nhgis_blocks,0.97,6-1 KY,2020,580,0.99687481433
high,MORGAN,006660,6 1 KELLYS,2022,official_vtd_exact_label_code_nhgis_blocks,0.97,6-1 KY,2020,580,0.00312518567
high,MORGAN,006653,6 2 PETROS,2022,official_vtd_exact_label_code_nhgis_blocks,0.97,6-2 PT,2020,581,1.0
high,MORGAN,006651,6 3 MOSSY GROVE,2022,official_vtd_exact_label_code_nhgis_blocks,0.97,6-3 MG,2020,579,0.345069110111
high,MORGAN,006654,6 3 MOSSY GROVE,2022,official_vtd_exact_label_code_nhgis_blocks,0.97,6-3 MG,2020,579,0.654099627687
high,MORGAN,006657,6 3 MOSSY GROVE,2022,official_vtd_exact_label_code_nhgis_blocks,0.97,6-3 MG,2020,579,0.000831262202
high,OBION,006751,1 1 SOUTH FULTON,2022,official_vtd_code_and_name_nhgis_blocks,1.0,1-1 South Fulton,2020,589,1.0
high,OBION,006753,2 1 EDDIE COX SR CTR,2022,official_vtd_exact_label_code_nhgis_blocks,0.97,2-1 Eddie Cox Sr. Center,2020,593,1.798169e-06
high,OBION,006756,2 1 EDDIE COX SR CTR,2022,official_vtd_exact_label_code_nhgis_blocks,0.97,2-1 Eddie Cox Sr. Center,2020,593,0.988539777479
high,OBION,006762,2 1 EDDIE COX SR CTR,2022,official_vtd_exact_label_code_nhgis_blocks,0.97,2-1 Eddie Cox Sr. Center,2020,593,0.011458424353
high,OBION,006753,2 4 WOODLAND,2022,official_vtd_code_and_name_nhgis_blocks,1.0,2-4 Woodland,2020,592,0.998529175867
high,OBION,006756,2 4 WOODLAND,2022,official_vtd_code_and_name_nhgis_blocks,1.0,2-4 Woodland,2020,592,0.001470824133
high,OBION,006757,3 2 KENTON,2022,official_vtd_code_and_name_nhgis_blocks,1.0,3-2 Kenton,2020,590,0.998042434902
high,OBION,006761,3 2 KENTON,2022,official_vtd_code_and_name_nhgis_blocks,1.0,3-2 Kenton,2020,590,0.001957565098
high,OBION,006752,3 4 RIVES,2022,official_vtd_code_and_name_nhgis_blocks,1.0,3-4 Rives,2020,594,0.033154674689
high,OBION,006761,3 4 RIVES,2022,official_vtd_code_and_name_nhgis_blocks,1.0,3-4 Rives,2020,594,0.966840311023
high,OBION,006762,3 4 RIVES,2022,official_vtd_code_and_name_nhgis_blocks,1.0,3-4 Rives,2020,594,5.014288e-06
high,OBION,006752,4 1 FAIR GROUNDS,2022,official_vtd_code_and_name_nhgis_blocks,1.0,4-1 Fair Grounds,2020,586,0.001173774718
high,OBION,006762,4 1 FAIR GROUNDS,2022,official_vtd_code_and_name_nhgis_blocks,1.0,4-1 Fair Grounds,2020,586,0.998826225282
high,OBION,006759,5 2 CLOVERDALE,2022,official_vtd_code_and_name_nhgis_blocks,1.0,5-2 Cloverdale,2020,587,1.0
high,OBION,006754,5 4 HORNBEAK,2022,official_vtd_exact_label_code_nhgis_blocks,0.97,5-4 Hornbreak,2020,596,0.898499873642
high,OBION,006758,5 4 HORNBEAK,2022,official_vtd_exact_label_code_nhgis_blocks,0.97,5-4 Hornbreak,2020,596,0.078596920804
high,OBION,006760,5 4 HORNBEAK,2022,official_vtd_exact_label_code_nhgis_blocks,0.97,5-4 Hornbreak,2020,596,0.022903205555
high,OBION,006755,5 5 SAMBURG,2022,official_vtd_code_and_name_nhgis_blocks,1.0,5-5 Samburg,2020,595,1.0
high,OBION,006760,6 1 TROY SR CTR,2022,official_vtd_exact_label_code_nhgis_blocks,0.97,6-1 Troy Senior Center,2020,588,1.0
high,OBION,006758,6 2 OBION SR CTR,2022,official_vtd_exact_label_code_nhgis_blocks,0.97,6-2 Obion,2020,597,1.0
high,OBION,006752,7 2 OBION CO LIBRARY,2022,official_vtd_code_and_name_nhgis_blocks,1.0,7-2 Obion Co. Library,2020,591,0.982348264985
high,OBION,006762,7 2 OBION CO LIBRARY,2022,official_vtd_code_and_name_nhgis_blocks,1.0,7-2 Obion Co. Library,2020,591,0.017651735015
high,PERRY,006954,1 1 CEDAR CREEK,2022,official_vtd_code_and_name_nhgis_blocks,0.99,101 Cedar Creek,2020,617,1.0
high,PERRY,006958,1 2 MARSH CREEK,2022,official_vtd_code_and_name_nhgis_blocks,0.99,102 Marsh Creek,2020,625,1.0
high,PERRY,006951,2 1 PINEVIEW,2022,official_vtd_code_and_name_nhgis_blocks,0.99,201 Pineview,2020,621,1.0
high,PERRY,006960,2 2 POPE,2022,official_vtd_code_and_name_nhgis_blocks,0.99,202 Pope,2020,622,1.0
high,PERRY,006953,3 1 COON CREEK,2022,official_vtd_code_and_name_nhgis_blocks,0.99,301 Coon Creek,2020,616,1.0
high,PERRY,006959,3 2 FLATWOODS,2022,official_vtd_code_and_name_nhgis_blocks,0.99,302 Flatwoods,2020,624,1.0
high,PERRY,006953,4 1 BRUSH CREEK,2022,official_vtd_code_and_name_nhgis_blocks,0.99,401 Brush Creek,2020,623,0.010860492343
high,PERRY,006957,4 1 BRUSH CREEK,2022,official_vtd_code_and_name_nhgis_blocks,0.99,401 Brush Creek,2020,623,0.989139507657
high,PERRY,006952,4 3 LOBELVILLE,2022,official_vtd_equivalent_code_nhgis_blocks,0.97,403 Lobelville Public Works,2020,619,1.0
high,PERRY,006955,5 1 LINDEN,2022,official_vtd_equivalent_code_nhgis_blocks,0.97,501 Azbill Community Center,2020,620,1.0
high,PERRY,006951,6 1 LOBELVILLE,2022,official_vtd_equivalent_code_nhgis_blocks,0.97,601 Lobelville City Hall,2020,618,0.053347515606
high,PERRY,006952,6 1 LOBELVILLE,2022,official_vtd_equivalent_code_nhgis_blocks,0.97,601 Lobelville City Hall,2020,618,0.145790487079
high,PERRY,006956,6 1 LOBELVILLE,2022,official_vtd_equivalent_code_nhgis_blocks,0.97,601 Lobelville City Hall,2020,618,0.800855057363
high,PERRY,006957,6 1 LOBELVILLE,2022,official_vtd_equivalent_code_nhgis_blocks,0.97,601 Lobelville City Hall,2020,618,6.939951e-06
medium,PICKETT,007054,COMMUNITY CENTER 1 1,2022,official_vtd_fuzzy_name_nhgis_blocks,0.8,COMMUNITY CENTER,2020,626,0.913621902181
medium,PICKETT,007056,COMMUNITY CENTER 1 1,2022,official_vtd_fuzzy_name_nhgis_blocks,0.8,COMMUNITY CENTER,2020,626,0.086378097819
high,POLK,007151,DELANO,2022,official_vtd_exact_name_nhgis_blocks,0.95,1 Delano,2020,639,0.935319815753
high,POLK,007152,DELANO,2022,official_vtd_exact_name_nhgis_blocks,0.95,1 Delano,2020,639,0.064680184247
high,POLK,007161,TURTLETOWN,2022,official_vtd_exact_name_nhgis_blocks,0.95,5 Turtletown,2020,640,1.0
high,POLK,007157,GREASY CREEK,2022,official_vtd_exact_name_nhgis_blocks,0.95,6 Greasy Creek,2020,638,0.015122987497
high,POLK,007158,GREASY CREEK,2022,official_vtd_exact_name_nhgis_blocks,0.95,6 Greasy Creek,2020,638,0.975269014583
high,POLK,007159,GREASY CREEK,2022,official_vtd_exact_name_nhgis_blocks,0.95,6 Greasy Creek,2020,638,0.004160249142
high,POLK,007160,GREASY CREEK,2022,official_vtd_exact_name_nhgis_blocks,0.95,6 Greasy Creek,2020,638,0.005447748778
high,PUTNAM,007266,1A CAPSHAW,2022,official_vtd_code_and_name_nhgis_blocks,1.0,01A Capshaw,2020,1338,1.0
high,PUTNAM,007252,2A NORTHEAST,2022,official_vtd_code_and_name_nhgis_blocks,1.0,02A Northeast,2020,1342,0.012155348023
high,PUTNAM,007254,2A NORTHEAST,2022,official_vtd_code_and_name_nhgis_blocks,1.0,02A Northeast,2020,1342,1.4427873e-05
high,PUTNAM,007255,2A NORTHEAST,2022,official_vtd_code_and_name_nhgis_blocks,1.0,02A Northeast,2020,1342,0.987830224104
high,PUTNAM,007251,3A UNIVERSITY,2022,official_vtd_code_and_name_nhgis_blocks,1.0,03A University,2020,1341,0.003686426002
high,PUTNAM,007255,3A UNIVERSITY,2022,official_vtd_code_and_name_nhgis_blocks,1.0,03A University,2020,1341,0.120827060041
high,PUTNAM,007256,3A UNIVERSITY,2022,official_vtd_code_and_name_nhgis_blocks,1.0,03A University,2020,1341,0.87543859332
high,PUTNAM,007257,3A UNIVERSITY,2022,official_vtd_code_and_name_nhgis_blocks,1.0,03A University,2020,1341,4.7920637e-05
high,PUTNAM,007262,4A BURKS MIDDLE,2022,official_vtd_exact_label_code_nhgis_blocks,0.97,04A Burks Middle School,2020,1353,1.0
high,PUTNAM,007273,4B MONTEREY CITY,2022,official_vtd_code_and_name_nhgis_blocks,1.0,04B Monterey City,2020,1343,1.0
high,PUTNAM,007260,4C POPLAR GROVE,2022,official_vtd_code_and_name_nhgis_blocks,1.0,04C Poplar Grove,2020,1352,0.424107963632
high,PUTNAM,007261,4C POPLAR GROVE,2022,official_vtd_code_and_name_nhgis_blocks,1.0,04C Poplar Grove,2020,1352,0.000217259302
high,PUTNAM,007275,4C POPLAR GROVE,2022,official_vtd_code_and_name_nhgis_blocks,1.0,04C Poplar Grove,2020,1352,0.575674777065
high,PUTNAM,007261,5A COOKEVILLE CC,2022,official_vtd_exact_label_code_nhgis_blocks,0.97,05A Cookeville Comm Cntr,2020,1351,0.868294166136
high,PUTNAM,007274,5A COOKEVILLE CC,2022,official_vtd_exact_label_code_nhgis_blocks,0.97,05A Cookeville Comm Cntr,2020,1351,0.131705833864
high,PUTNAM,007266,5C PRESCOTT SOUTH,2022,official_vtd_code_and_name_nhgis_blocks,1.0,05C Prescott South,2020,1340,0.049021610196
high,PUTNAM,007267,5C PRESCOTT SOUTH,2022,official_vtd_code_and_name_nhgis_blocks,1.0,05C Prescott South,2020,1340,0.950978389804
high,PUTNAM,007274,5F DRY VALLEY,2022,official_vtd_code_and_name_nhgis_blocks,1.0,05F Dry Valley,2020,1350,1.0
high,PUTNAM,007264,6A CANE CREEK,2022,official_vtd_code_and_name_nhgis_blocks,1.0,06A Cane Creek,2020,1337,1.0
high,PUTNAM,007263,7A BURGESS FALLS,2022,official_vtd_code_and_name_nhgis_blocks,1.0,07A Burgess Falls,2020,1336,0.959084618543
high,PUTNAM,007266,7A BURGESS FALLS,2022,official_vtd_code_and_name_nhgis_blocks,1.0,07A Burgess Falls,2020,1336,0.004263690127
high,PUTNAM,007269,7A BURGESS FALLS,2022,official_vtd_code_and_name_nhgis_blocks,1.0,07A Burgess Falls,2020,1336,0.03665169133
high,PUTNAM,007268,7D TWIN OAK,2022,official_vtd_code_and_name_nhgis_blocks,1.0,07D Twin Oak,2020,1349,1.0
high,PUTNAM,007272,8D BOMA,2022,official_vtd_code_and_name_nhgis_blocks,1.0,08D BOMA,2020,1348,1.0
high,PUTNAM,007270,8E BUFFALO VALLEY,2022,official_vtd_code_and_name_nhgis_blocks,1.0,08E Buffalo Valley,2020,1346,1.0
high,PUTNAM,007265,8G UPPERMAN,2022,official_vtd_code_and_name_nhgis_blocks,1.0,08G Upperman,2020,1347,0.007023942588
high,PUTNAM,007269,8G UPPERMAN,2022,official_vtd_code_and_name_nhgis_blocks,1.0,08G Upperman,2020,1347,0.482407626215
high,PUTNAM,007271,8G UPPERMAN,2022,official_vtd_code_and_name_nhgis_blocks,1.0,08G Upperman,2020,1347,0.510568431197
high,PUTNAM,007257,9B DOUBLE SPRINGS,2022,official_vtd_code_and_name_nhgis_blocks,1.0,09B Double Springs,2020,1335,0.001517305986
high,PUTNAM,007265,9B DOUBLE SPRINGS,2022,official_vtd_code_and_name_nhgis_blocks,1.0,09B Double Springs,2020,1335,0.852907019435
high,PUTNAM,007269,9B DOUBLE SPRINGS,2022,official_vtd_code_and_name_nhgis_blocks,1.0,09B Double Springs,2020,1335,0.145575674579
high,PUTNAM,007257,10A PAVILION,2022,official_vtd_code_and_name_nhgis_blocks,1.0,10A Pavilion,2020,1344,0.95328336342
high,PUTNAM,007258,10A PAVILION,2022,official_vtd_code_and_name_nhgis_blocks,1.0,10A Pavilion,2020,1344,0.04671663658
high,PUTNAM,007258,10B SYCAMORE,2022,official_vtd_exact_label_code_nhgis_blocks,0.97,10B Sycamore Church,2020,1356,1.0
high,PUTNAM,007253,11A BANGHAM,2022,official_vtd_code_and_name_nhgis_blocks,1.0,11A Bangham,2020,1345,1.0
high,PUTNAM,007251,11B COOKEVILLE HIGH,2022,official_vtd_exact_label_code_nhgis_blocks,0.97,11B Cookeville High School,2020,1355,0.738131297313
high,PUTNAM,007252,11B COOKEVILLE HIGH,2022,official_vtd_exact_label_code_nhgis_blocks,0.97,11B Cookeville High School,2020,1355,0.168737170665
high,PUTNAM,007256,11B COOKEVILLE HIGH,2022,official_vtd_exact_label_code_nhgis_blocks,0.97,11B Cookeville High School,2020,1355,0.093131532023
high,PUTNAM,007251,12A ALGOOD INSIDE,2022,official_vtd_code_and_name_nhgis_blocks,1.0,12A Algood Inside,2020,1339,9.9659409e-05
high,PUTNAM,007252,12A ALGOOD INSIDE,2022,official_vtd_code_and_name_nhgis_blocks,1.0,12A Algood Inside,2020,1339,0.749639299905
high,PUTNAM,007254,12A ALGOOD INSIDE,2022,official_vtd_code_and_name_nhgis_blocks,1.0,12A Algood Inside,2020,1339,2.1139875e-05
high,PUTNAM,007255,12A ALGOOD INSIDE,2022,official_vtd_code_and_name_nhgis_blocks,1.0,12A Algood Inside,2020,1339,0.250239900811
high,PUTNAM,007252,12B ALGOOD OUTSIDE,2022,official_vtd_code_and_name_nhgis_blocks,1.0,12B Algood Outside,2020,1354,0.069015401741
high,PUTNAM,007254,12B ALGOOD OUTSIDE,2022,official_vtd_code_and_name_nhgis_blocks,1.0,12B Algood Outside,2020,1354,0.161007658684
high,PUTNAM,007260,12B ALGOOD OUTSIDE,2022,official_vtd_code_and_name_nhgis_blocks,1.0,12B Algood Outside,2020,1354,0.769976939575
high,RHEA,007351,1 1 SPRING CITY NORTH,2022,official_vtd_exact_label_code_nhgis_blocks,0.97,1-1 Spring City North Penecostal Worship Center,2020,653,1.0
high,RHEA,007352,1 2 GRANDVIEW,2022,official_vtd_exact_label_code_nhgis_blocks,0.97,1-2 Grandview/Grandview Community Center,2020,647,1.0
high,RHEA,007354,3 1 WOLF CREEK,2022,official_vtd_exact_label_code_nhgis_blocks,0.97,3-1 Wolf Creek/Wolf Creek Baptist Church,2020,654,1.0
high,RHEA,007355,3 2 EVENSVILLE NORTH,2022,official_vtd_exact_label_code_nhgis_blocks,0.97,3-2 Evensville North/Sheriff Training Center,2020,644,1.0
high,RHEA,007361,9 1 GRAYSVILLE,2022,official_vtd_exact_label_code_nhgis_blocks,0.97,9-1 Graysville/City Hall,2020,655,1.0
high,RHEA,007362,9 2 WALDENS RIDGE,2022,official_vtd_exact_label_code_nhgis_blocks,0.97,9-2 Walden's Ridge/Community Center,2020,650,1.0
high,ROANE,007467,EUREKA,2022,official_vtd_exact_name_nhgis_blocks,0.95,Eureka,2020,1515,0.305292336633
high,ROANE,007470,EUREKA,2022,official_vtd_exact_name_nhgis_blocks,0.95,Eureka,2020,1515,0.694707663367
high,ROANE,007470,ROCKWOOD WARD 1,2022,official_vtd_exact_name_nhgis_blocks,0.95,Rockwood Ward 1,2020,1514,0.21047396574
high,ROANE,007471,ROCKWOOD WARD 1,2022,official_vtd_exact_name_nhgis_blocks,0.95,Rockwood Ward 1,2020,1514,0.789493928734
high,ROANE,007472,ROCKWOOD WARD 1,2022,official_vtd_exact_name_nhgis_blocks,0.95,Rockwood Ward 1,2020,1514,3.2105527e-05
high,ROANE,007464,ROCKWOOD WARD 2,2022,official_vtd_exact_name_nhgis_blocks,0.95,Rockwood Ward 2,2020,1509,0.208901991383
high,ROANE,007472,ROCKWOOD WARD 2,2022,official_vtd_exact_name_nhgis_blocks,0.95,Rockwood Ward 2,2020,1509,0.791098008617
high,ROANE,007461,HARRIMAN WARD 1,2022,official_vtd_exact_name_nhgis_blocks,0.95,Harriman Ward 1,2020,1502,0.193405469307
high,ROANE,007465,HARRIMAN WARD 1,2022,official_vtd_exact_name_nhgis_blocks,0.95,Harriman Ward 1,2020,1502,0.806594530693
high,ROANE,007464,SOUTH HARRIMAN,2022,official_vtd_exact_name_nhgis_blocks,0.95,South Harriman,2020,1506,1.0
high,ROANE,007460,EMORY HEIGHTS,2022,official_vtd_exact_name_nhgis_blocks,0.95,Emory Heights,2020,1507,1.0
high,ROANE,007462,MIDTOWN,2022,official_vtd_exact_name_nhgis_blocks,0.95,Midtown,2020,1510,0.145120602564
high,ROANE,007463,MIDTOWN,2022,official_vtd_exact_name_nhgis_blocks,0.95,Midtown,2020,1510,0.854879397436
high,ROANE,007461,EMORY,2022,official_vtd_exact_name_nhgis_blocks,0.95,Emory,2020,1503,0.981721375086
high,ROANE,007465,EMORY,2022,official_vtd_exact_name_nhgis_blocks,0.95,Emory,2020,1503,0.018278624914
high,ROANE,007457,DYLLIS,2022,official_vtd_exact_name_nhgis_blocks,0.95,Dyllis,2020,1504,0.992140915823
high,ROANE,007459,DYLLIS,2022,official_vtd_exact_name_nhgis_blocks,0.95,Dyllis,2020,1504,0.007859084177
high,ROANE,007459,ORCHARD SPRINGS,2022,official_vtd_exact_name_nhgis_blocks,0.95,Orchard/Springs,2020,1501,0.560675670294
high,ROANE,007466,ORCHARD SPRINGS,2022,official_vtd_exact_name_nhgis_blocks,0.95,Orchard/Springs,2020,1501,0.439324329706
high,ROANE,007452,OAK HILLS,2022,official_vtd_exact_name_nhgis_blocks,0.95,Oak Hills,2020,1505,0.01424127489
high,ROANE,007458,OAK HILLS,2022,official_vtd_exact_name_nhgis_blocks,0.95,Oak Hills,2020,1505,0.98575872511
high,ROANE,007451,CAVE CREEK,2022,official_vtd_exact_name_nhgis_blocks,0.95,Cave Creek,2020,1517,1.0
high,ROANE,007453,PAW PAW,2022,official_vtd_exact_name_nhgis_blocks,0.95,Paw Paw,2020,1513,1.0
high,ROANE,007456,KINGSTON WARD 1,2022,official_vtd_exact_name_nhgis_blocks,0.95,Kingston Ward 1,2020,1512,1.0
high,ROANE,007455,KINGSTON WARD 2,2022,official_vtd_exact_name_nhgis_blocks,0.95,Kingston Ward 2,2020,1511,0.419269236998
high,ROANE,007456,KINGSTON WARD 2,2022,official_vtd_exact_name_nhgis_blocks,0.95,Kingston Ward 2,2020,1511,0.035203191996
high,ROANE,007460,KINGSTON WARD 2,2022,official_vtd_exact_name_nhgis_blocks,0.95,Kingston Ward 2,2020,1511,0.00526404267
high,ROANE,007462,KINGSTON WARD 2,2022,official_vtd_exact_name_nhgis_blocks,0.95,Kingston Ward 2,2020,1511,0.518929970605
high,ROANE,007463,KINGSTON WARD 2,2022,official_vtd_exact_name_nhgis_blocks,0.95,Kingston Ward 2,2020,1511,0.012065275326
high,ROANE,007469,KINGSTON WARD 2,2022,official_vtd_exact_name_nhgis_blocks,0.95,Kingston Ward 2,2020,1511,0.009268282405
high,ROANE,007451,LAWNVILLE,2022,official_vtd_exact_name_nhgis_blocks,0.95,Lawnville,2020,1508,1.6419285e-05
high,ROANE,007452,LAWNVILLE,2022,official_vtd_exact_name_nhgis_blocks,0.95,Lawnville,2020,1508,0.787445574609
high,ROANE,007453,LAWNVILLE,2022,official_vtd_exact_name_nhgis_blocks,0.95,Lawnville,2020,1508,0.212538006106
high,ROANE,007455,FAIRVIEW,2022,official_vtd_exact_name_nhgis_blocks,0.95,Fairview,2020,1516,0.037649767307
high,ROANE,007468,FAIRVIEW,2022,official_vtd_exact_name_nhgis_blocks,0.95,Fairview,2020,1516,0.012359035667
high,ROANE,007469,FAIRVIEW,2022,official_vtd_exact_name_nhgis_blocks,0.95,Fairview,2020,1516,0.949991197027
high,ROANE,007454,MIDWAY,2022,official_vtd_exact_name_nhgis_blocks,0.95,Midway,2020,1519,0.918036564814
high,ROANE,007473,MIDWAY,2022,official_vtd_exact_name_nhgis_blocks,0.95,Midway,2020,1519,2.4345181e-05
high,ROANE,007474,MIDWAY,2022,official_vtd_exact_name_nhgis_blocks,0.95,Midway,2020,1519,0.081939090006
high,ROANE,007473,PAINT ROCK,2022,official_vtd_exact_name_nhgis_blocks,0.95,Paint Rock,2020,1520,0.834472707639
high,ROANE,007474,PAINT ROCK,2022,official_vtd_exact_name_nhgis_blocks,0.95,Paint Rock,2020,1520,0.165527292361
high,ROANE,007468,RENFRO,2022,official_vtd_exact_name_nhgis_blocks,0.95,Renfro,2020,1518,1.0
high,ROBERTSON,007552,02 1 WOODALL,2022,official_vtd_exact_label_code_nhgis_blocks,0.97,2-1 Robert F. Woodall Elementary School,2020,657,1.0
high,ROBERTSON,007560,03 1 EBENEZER,2022,official_vtd_exact_label_code_nhgis_blocks,0.97,3-1 Ebenezer Baptist Church,2020,673,1.0
high,ROBERTSON,007552,03 2 HERITAGE,2022,official_vtd_exact_label_code_nhgis_blocks,0.97,3-2 White House Heritage High School,2020,664,0.161873858734
high,ROBERTSON,007553,03 2 HERITAGE,2022,official_vtd_exact_label_code_nhgis_blocks,0.97,3-2 White House Heritage High School,2020,664,0.838126141266
high,ROBERTSON,007554,04 1 WATAUGA,2022,official_vtd_exact_label_code_nhgis_blocks,0.97,4-1 Watauga Elementary School,2020,656,1.0
high,ROBERTSON,007555,05 1 GREENBRIER,2022,official_vtd_exact_label_code_nhgis_blocks,0.97,5-1 Greenbrier High School,2020,667,1.0
high,ROBERTSON,007556,06 1 COOPERTOWN,2022,official_vtd_exact_label_code_nhgis_blocks,0.97,6-1 Coopertown Middle School,2020,660,0.021465538494
high,ROBERTSON,007557,06 1 COOPERTOWN,2022,official_vtd_exact_label_code_nhgis_blocks,0.97,6-1 Coopertown Middle School,2020,660,0.978534461506
high,ROBERTSON,007554,06 2 MT SHARON,2022,official_vtd_exact_label_code_nhgis_blocks,0.97,6-2 Mt. Sharon C.P. Church,2020,672,0.001049563198
high,ROBERTSON,007556,06 2 MT SHARON,2022,official_vtd_exact_label_code_nhgis_blocks,0.97,6-2 Mt. Sharon C.P. Church,2020,672,0.998950436802
high,ROBERTSON,007559,07 1 JO BYRNS,2022,official_vtd_exact_label_code_nhgis_blocks,0.97,7-1 Jo Byrns Elementary School,2020,666,0.9267670471
high,ROBERTSON,007567,07 1 JO BYRNS,2022,official_vtd_exact_label_code_nhgis_blocks,0.97,7-1 Jo Byrns Elementary School,2020,666,0.0732329529
high,ROBERTSON,007558,07 2 STROUDSVILLE,2022,official_vtd_exact_label_code_nhgis_blocks,0.97,7-2 Stroudsville Church of Christ,2020,670,1.0
high,ROBERTSON,007562,08 1 KRISLE,2022,official_vtd_exact_label_code_nhgis_blocks,0.97,8-1 Krisle School,2020,669,1.0
high,ROBERTSON,007561,08 2 HATS,2022,official_vtd_exact_label_code_nhgis_blocks,0.97,8-2 H.A.T.S,2020,661,1.0
high,ROBERTSON,007563,08 3 OWENS CHAPEL,2022,official_vtd_exact_label_code_nhgis_blocks,0.97,8-3 Owens Chapel Fellowship Hall,2020,668,0.998710702151
high,ROBERTSON,007564,08 3 OWENS CHAPEL,2022,official_vtd_exact_label_code_nhgis_blocks,0.97,8-3 Owens Chapel Fellowship Hall,2020,668,0.001289297849
high,ROBERTSON,007564,09 1 FAIR ASSOC,2022,official_vtd_exact_label_code_nhgis_blocks,0.97,9-1 Robertson County Fair Assoc.,2020,663,1.0
high,ROBERTSON,007561,11 1 WESTSIDE,2022,official_vtd_exact_label_code_nhgis_blocks,0.97,11-1 Westside School,2020,671,0.127162325901
high,ROBERTSON,007562,11 1 WESTSIDE,2022,official_vtd_exact_label_code_nhgis_blocks,0.97,11-1 Westside School,2020,671,0.087256654652
high,ROBERTSON,007564,11 1 WESTSIDE,2022,official_vtd_exact_label_code_nhgis_blocks,0.97,11-1 Westside School,2020,671,0.032474667144
high,ROBERTSON,007567,11 1 WESTSIDE,2022,official_vtd_exact_label_code_nhgis_blocks,0.97,11-1 Westside School,2020,671,0.753074879806
high,ROBERTSON,007568,11 1 WESTSIDE,2022,official_vtd_exact_label_code_nhgis_blocks,0.97,11-1 Westside School,2020,671,3.1472497e-05
high,ROBERTSON,007566,11 2 HEADS,2022,official_vtd_exact_label_code_nhgis_blocks,0.97,11-2 Heads Free Will Baptist Church,2020,665,0.984896336027
high,ROBERTSON,007567,11 2 HEADS,2022,official_vtd_exact_label_code_nhgis_blocks,0.97,11-2 Heads Free Will Baptist Church,2020,665,0.015103663973
high,ROBERTSON,007568,12 1 BRANSFORD,2022,official_vtd_exact_label_code_nhgis_blocks,0.97,12-1 Bransford School,2020,662,1.0
high,SCOTT,007754,1 1 FAIRVIEW,2022,official_vtd_code_and_name_nhgis_blocks,1.0,1-1 Fairview,2020,677,1.0
high,SCOTT,007758,2 1 ELGIN,2022,official_vtd_code_and_name_nhgis_blocks,1.0,2-1 Elgin,2020,674,1.0
high,SCOTT,007751,2 2 ROBBINS,2022,official_vtd_code_and_name_nhgis_blocks,1.0,2-2 Robbins,2020,681,1.0
high,SCOTT,007752,3 1 HUNTSVILLE,2022,official_vtd_code_and_name_nhgis_blocks,1.0,3-1 Huntsville,2020,676,0.002310019469
high,SCOTT,007753,3 1 HUNTSVILLE,2022,official_vtd_code_and_name_nhgis_blocks,1.0,3-1 Huntsville,2020,676,0.997689980531
high,SCOTT,007752,3 2 PAINT ROCK,2022,official_vtd_code_and_name_nhgis_blocks,1.0,3-2 Paint Rock,2020,682,0.000424941621
high,SCOTT,007759,3 2 PAINT ROCK,2022,official_vtd_code_and_name_nhgis_blocks,1.0,3-2 Paint Rock,2020,682,0.7995691711
high,SCOTT,007760,3 2 PAINT ROCK,2022,official_vtd_code_and_name_nhgis_blocks,1.0,3-2 Paint Rock,2020,682,0.200005887279
high,SCOTT,007752,4 1 HELENWOOD,2022,official_vtd_code_and_name_nhgis_blocks,1.0,4-1 Helenwood,2020,675,0.973681409515
high,SCOTT,007753,4 1 HELENWOOD,2022,official_vtd_code_and_name_nhgis_blocks,1.0,4-1 Helenwood,2020,675,0.001020869493
high,SCOTT,007757,4 1 HELENWOOD,2022,official_vtd_code_and_name_nhgis_blocks,1.0,4-1 Helenwood,2020,675,0.025297720993
high,SCOTT,007760,5 1 PINE HILL,2022,official_vtd_code_and_name_nhgis_blocks,1.0,5-1 Pine Hill,2020,683,1.0
high,SCOTT,007755,5 2 WINFIELD,2022,official_vtd_code_and_name_nhgis_blocks,1.0,5-2 Winfield,2020,678,1.0
high,SCOTT,007752,6 1 ONEIDA,2022,official_vtd_code_and_name_nhgis_blocks,1.0,6-1 Oneida,2020,679,0.039058960188
high,SCOTT,007756,6 1 ONEIDA,2022,official_vtd_code_and_name_nhgis_blocks,1.0,6-1 Oneida,2020,679,0.855967650997
high,SCOTT,007757,6 1 ONEIDA,2022,official_vtd_code_and_name_nhgis_blocks,1.0,6-1 Oneida,2020,679,0.104973388815
high,SCOTT,007757,7 1 WEST ONEIDA,2022,official_vtd_code_and_name_nhgis_blocks,1.0,7-1 West Oneida,2020,680,1.0
high,SEQUATCHIE,007851,1 LEWIS CHAPEL,2022,official_vtd_exact_name_nhgis_blocks,0.95,Lewis Chapel,2020,689,1.0
high,SEQUATCHIE,007855,2 CAGLE,2022,official_vtd_exact_name_nhgis_blocks,0.95,Cagle,2020,684,0.905957131678
high,SEQUATCHIE,007856,2 CAGLE,2022,official_vtd_exact_name_nhgis_blocks,0.95,Cagle,2020,684,0.085431325538
high,SEQUATCHIE,007859,2 CAGLE,2022,official_vtd_exact_name_nhgis_blocks,0.95,Cagle,2020,684,0.008611542784
high,SEQUATCHIE,007851,3 COURTHOUSE,2022,official_vtd_exact_name_nhgis_blocks,0.95,Courthouse,2020,690,0.285624192699
high,SEQUATCHIE,007858,3 COURTHOUSE,2022,official_vtd_exact_name_nhgis_blocks,0.95,Courthouse,2020,690,4.8926002e-05
high,SEQUATCHIE,007859,3 COURTHOUSE,2022,official_vtd_exact_name_nhgis_blocks,0.95,Courthouse,2020,690,0.714326881299
high,SEQUATCHIE,007858,4 ELECTRIC CO OP,2022,official_vtd_exact_name_nhgis_blocks,0.95,Electric Co-op,2020,685,1.0
high,SEQUATCHIE,007853,5 CHAPEL HILL,2022,official_vtd_exact_name_nhgis_blocks,0.95,Chapel Hill,2020,688,1.0
high,SEQUATCHIE,007854,6 DAUS,2022,official_vtd_exact_name_nhgis_blocks,0.95,Daus,2020,686,1.0
high,SEQUATCHIE,007857,7 EWTON S ANNEX,2022,official_vtd_exact_name_nhgis_blocks,0.95,Ewton's Annex,2020,691,0.998971751494
high,SEQUATCHIE,007858,7 EWTON S ANNEX,2022,official_vtd_exact_name_nhgis_blocks,0.95,Ewton's Annex,2020,691,0.001028248506
high,SEQUATCHIE,007852,8 LONE OAK,2022,official_vtd_exact_name_nhgis_blocks,0.95,Lone Oak,2020,687,1.0
high,SEQUATCHIE,007856,9 FREDONIA,2022,official_vtd_exact_name_nhgis_blocks,0.95,Fredonia,2020,692,1.0
medium,SEVIER,007961,10 1 BOYDS CREEK,2022,official_vtd_fuzzy_name_nhgis_blocks,0.825,Boyds Creek 8,2020,1808,0.007852434383
medium,SEVIER,007967,10 1 BOYDS CREEK,2022,official_vtd_fuzzy_name_nhgis_blocks,0.825,Boyds Creek 8,2020,1808,0.992147565617
medium,SEVIER,007963,3 1 HARRISBURG,2022,official_vtd_fuzzy_name_nhgis_blocks,0.8182,Harrisburg 8,2020,1817,0.783941410029
medium,SEVIER,007964,3 1 HARRISBURG,2022,official_vtd_fuzzy_name_nhgis_blocks,0.8182,Harrisburg 8,2020,1817,0.216058589971
medium,SEVIER,007952,1 3 JONES COVE,2022,official_vtd_fuzzy_name_nhgis_blocks,0.8182,Jones Cove 9,2020,1819,1.0
medium,SEVIER,007954,3 2 NEW CENTER,2022,official_vtd_fuzzy_name_nhgis_blocks,0.8182,New Center 9,2020,1818,0.491194835752
medium,SEVIER,007955,3 2 NEW CENTER,2022,official_vtd_fuzzy_name_nhgis_blocks,0.8182,New Center 9,2020,1818,0.462352560644
medium,SEVIER,007973,3 2 NEW CENTER,2022,official_vtd_fuzzy_name_nhgis_blocks,0.8182,New Center 9,2020,1818,0.046452603603
medium,SEVIER,007951,11 3 PITTMAN CENTER,2022,official_vtd_fuzzy_name_nhgis_blocks,0.84,Pittman Center 9,2020,1827,0.435028856422
medium,SEVIER,007952,11 3 PITTMAN CENTER,2022,official_vtd_fuzzy_name_nhgis_blocks,0.84,Pittman Center 9,2020,1827,0.532251791714
medium,SEVIER,007953,11 3 PITTMAN CENTER,2022,official_vtd_fuzzy_name_nhgis_blocks,0.84,Pittman Center 9,2020,1827,0.02428443161
medium,SEVIER,007956,11 3 PITTMAN CENTER,2022,official_vtd_fuzzy_name_nhgis_blocks,0.84,Pittman Center 9,2020,1827,0.008434920254
medium,SEVIER,007957,4 1 PIGEON FORGE,2022,official_vtd_fuzzy_name_nhgis_blocks,0.8308,Pigeon Forge 8,2020,1824,0.886785062125
medium,SEVIER,007958,4 1 PIGEON FORGE,2022,official_vtd_fuzzy_name_nhgis_blocks,0.8308,Pigeon Forge 8,2020,1824,0.11081064058
medium,SEVIER,007959,4 1 PIGEON FORGE,2022,official_vtd_fuzzy_name_nhgis_blocks,0.8308,Pigeon Forge 8,2020,1824,0.002404297294
medium,SEVIER,007957,4 2 SEVIERVILLE ELEMENTAR,2022,official_vtd_fuzzy_name_nhgis_blocks,0.84,Sevierville Elementary 8,2020,1822,0.585251612444
medium,SEVIER,007961,4 2 SEVIERVILLE ELEMENTAR,2022,official_vtd_fuzzy_name_nhgis_blocks,0.84,Sevierville Elementary 8,2020,1822,0.103711223552
medium,SEVIER,007963,4 2 SEVIERVILLE ELEMENTAR,2022,official_vtd_fuzzy_name_nhgis_blocks,0.84,Sevierville Elementary 8,2020,1822,0.024733264878
medium,SEVIER,007975,4 2 SEVIERVILLE ELEMENTAR,2022,official_vtd_fuzzy_name_nhgis_blocks,0.84,Sevierville Elementary 8,2020,1822,0.286303899127
medium,SEVIER,007965,9 1 SEYMOUR PRIMARY,2022,official_vtd_fuzzy_name_nhgis_blocks,0.8438,Seymour Primary 8,2020,1812,0.674153774922
medium,SEVIER,007967,9 1 SEYMOUR PRIMARY,2022,official_vtd_fuzzy_name_nhgis_blocks,0.8438,Seymour Primary 8,2020,1812,0.186361117561
medium,SEVIER,007968,9 1 SEYMOUR PRIMARY,2022,official_vtd_fuzzy_name_nhgis_blocks,0.8438,Seymour Primary 8,2020,1812,0.139485107517
medium,SEVIER,007970,8 2 UNDERWOOD,2022,official_vtd_fuzzy_name_nhgis_blocks,0.81,Underwood 8,2020,1806,1.0
medium,SEVIER,007959,2 1 WALDENS CREEK,2022,official_vtd_fuzzy_name_nhgis_blocks,0.8357,Waldens Creek 8,2020,1825,1.0
medium,SEVIER,007962,7 3 WALNUT GROVE,2022,official_vtd_fuzzy_name_nhgis_blocks,0.8308,Walnut Grove 8,2020,1816,0.000182550744
medium,SEVIER,007963,7 3 WALNUT GROVE,2022,official_vtd_fuzzy_name_nhgis_blocks,0.8308,Walnut Grove 8,2020,1816,0.352088667136
medium,SEVIER,007964,7 3 WALNUT GROVE,2022,official_vtd_fuzzy_name_nhgis_blocks,0.8308,Walnut Grove 8,2020,1816,0.64772878212
medium,SEVIER,007958,2 3 WEARWOOD,2022,official_vtd_fuzzy_name_nhgis_blocks,0.8,Wearwood 8,2020,1826,1.0
medium,SEVIER,007960,10 3 ZION HILL,2022,official_vtd_fuzzy_name_nhgis_blocks,0.81,Zion Hill 8,2020,1829,0.049976210821
medium,SEVIER,007961,10 3 ZION HILL,2022,official_vtd_fuzzy_name_nhgis_blocks,0.81,Zion Hill 8,2020,1829,0.838007762499
medium,SEVIER,007966,10 3 ZION HILL,2022,official_vtd_fuzzy_name_nhgis_blocks,0.81,Zion Hill 8,2020,1829,0.11201602668
high,SHELBY,008152,13 01,2022,official_vtd_code_and_name_nhgis_blocks,1.0,1301,2020,1293,0.810985099531
high,SHELBY,008179,13 01,2022,official_vtd_code_and_name_nhgis_blocks,1.0,1301,2020,1293,0.189014900469
high,SHELBY,008152,13 02,2022,official_vtd_code_and_name_nhgis_blocks,1.0,1302,2020,1292,1.0
high,SHELBY,008152,13 03,2022,official_vtd_code_and_name_nhgis_blocks,1.0,1303,2020,1247,0.00758532901
high,SHELBY,008174,13 03,2022,official_vtd_code_and_name_nhgis_blocks,1.0,1303,2020,1247,0.008016928454
high,SHELBY,008179,13 03,2022,official_vtd_code_and_name_nhgis_blocks,1.0,1303,2020,1247,0.984397742536
high,SHELBY,008136,13 04,2022,official_vtd_code_and_name_nhgis_blocks,1.0,1304,2020,1290,1.0
high,SHELBY,008133,13 05,2022,official_vtd_code_and_name_nhgis_blocks,1.0,1305,2020,1294,1.0
high,SHELBY,008133,13 06,2022,official_vtd_code_and_name_nhgis_blocks,1.0,1306,2020,1295,0.145633783284
high,SHELBY,008152,13 06,2022,official_vtd_code_and_name_nhgis_blocks,1.0,1306,2020,1295,0.825231988759
high,SHELBY,008154,13 06,2022,official_vtd_code_and_name_nhgis_blocks,1.0,1306,2020,1295,0.029134227957
high,SHELBY,008107,13 07,2022,official_vtd_code_and_name_nhgis_blocks,1.0,1307,2020,1245,0.457360699624
high,SHELBY,008117,13 07,2022,official_vtd_code_and_name_nhgis_blocks,1.0,1307,2020,1245,0.542639300376
high,SHELBY,008114,13 08,2022,official_vtd_code_and_name_nhgis_blocks,1.0,1308,2020,1246,0.741157275596
high,SHELBY,008139,13 08,2022,official_vtd_code_and_name_nhgis_blocks,1.0,1308,2020,1246,0.258842724404
high,SHELBY,008139,13 09,2022,official_vtd_code_and_name_nhgis_blocks,1.0,1309,2020,1299,0.030771221953
high,SHELBY,008141,13 09,2022,official_vtd_code_and_name_nhgis_blocks,1.0,1309,2020,1299,0.969228778047
high,SHELBY,008141,13 10,2022,official_vtd_code_and_name_nhgis_blocks,1.0,1310,2020,1304,1.0
high,SHELBY,008141,13 11,2022,official_vtd_code_and_name_nhgis_blocks,1.0,1311,2020,1244,0.065855133655
high,SHELBY,008176,13 11,2022,official_vtd_code_and_name_nhgis_blocks,1.0,1311,2020,1244,0.934144866345
high,SHELBY,008179,13 12,2022,official_vtd_code_and_name_nhgis_blocks,1.0,1312,2020,1291,1.0
high,SMITH,008303,01 DEFEATED,2022,official_vtd_code_and_name_nhgis_blocks,1.0,01 Defeated,2020,698,1.0
high,SMITH,008308,02 TANGLEWOOD,2022,official_vtd_code_and_name_nhgis_blocks,1.0,02 Tanglewood,2020,699,1.0
high,SMITH,008302,03 NEW MIDDLETON,2022,official_vtd_code_and_name_nhgis_blocks,1.0,03 New Middleton,2020,696,1.0
high,SMITH,008301,04 ROCK CITY,2022,official_vtd_code_and_name_nhgis_blocks,1.0,04 Rock City,2020,693,0.940428813995
high,SMITH,008302,04 ROCK CITY,2022,official_vtd_code_and_name_nhgis_blocks,1.0,04 Rock City,2020,693,0.059571186005
high,SMITH,008304,05 GORDONSVILLE,2022,official_vtd_code_and_name_nhgis_blocks,1.0,05 Gordonsville,2020,700,1.0
high,SMITH,008305,06 CARTHAGE,2022,official_vtd_code_and_name_nhgis_blocks,1.0,06 Carthage,2020,697,0.269887909746
high,SMITH,008308,06 CARTHAGE,2022,official_vtd_code_and_name_nhgis_blocks,1.0,06 Carthage,2020,697,0.730112090254
high,SMITH,008306,07 SOUTH CARTHAGE,2022,official_vtd_code_and_name_nhgis_blocks,1.0,07 South Carthage,2020,694,1.0
high,SMITH,008304,08 ELMWOOD,2022,official_vtd_code_and_name_nhgis_blocks,1.0,08 Elmwood,2020,695,0.138651133148
high,SMITH,008307,08 ELMWOOD,2022,official_vtd_code_and_name_nhgis_blocks,1.0,08 Elmwood,2020,695,0.861348866852
high,STEWART,008404,1 1 INDIAN MOUND,2022,official_vtd_exact_name_nhgis_blocks,0.95,Indian Mound,2020,973,1.0
high,STEWART,008401,2 1 BIG ROCK,2022,official_vtd_exact_name_nhgis_blocks,0.95,Big Rock,2020,970,0.997033073662
high,STEWART,008402,2 1 BIG ROCK,2022,official_vtd_exact_name_nhgis_blocks,0.95,Big Rock,2020,970,0.002870684722
high,STEWART,008404,2 1 BIG ROCK,2022,official_vtd_exact_name_nhgis_blocks,0.95,Big Rock,2020,970,9.6241616e-05
high,STEWART,008402,4 1 CHURCH STREET,2022,official_vtd_exact_name_nhgis_blocks,0.95,Church Street,2020,971,0.998889178998
high,STEWART,008404,4 1 CHURCH STREET,2022,official_vtd_exact_name_nhgis_blocks,0.95,Church Street,2020,971,0.000395800927
high,STEWART,008405,4 1 CHURCH STREET,2022,official_vtd_exact_name_nhgis_blocks,0.95,Church Street,2020,971,0.000715020075
high,STEWART,008405,6 1 PUBLIC LIBRARY,2022,official_vtd_exact_name_nhgis_blocks,0.95,Public Library,2020,975,0.005801679966
high,STEWART,008406,6 1 PUBLIC LIBRARY,2022,official_vtd_exact_name_nhgis_blocks,0.95,Public Library,2020,975,0.993301477786
high,STEWART,008407,6 1 PUBLIC LIBRARY,2022,official_vtd_exact_name_nhgis_blocks,0.95,Public Library,2020,975,0.000896842248
high,STEWART,008407,7 1 CUMBERLAND CITY,2022,official_vtd_exact_name_nhgis_blocks,0.95,Cumberland City,2020,976,1.0
high,SULLIVAN,008504,1A,2022,official_vtd_code_and_name_nhgis_blocks,1.0,1A,2020,701,1.0
high,SULLIVAN,008501,2A,2022,official_vtd_code_and_name_nhgis_blocks,1.0,2A,2020,703,0.980013405716
high,SULLIVAN,008503,2A,2022,official_vtd_code_and_name_nhgis_blocks,1.0,2A,2020,703,0.019986594284
high,SULLIVAN,008517,2B,2022,official_vtd_code_and_name_nhgis_blocks,1.0,2B,2020,702,1.0
high,SULLIVAN,008516,2C,2022,official_vtd_code_and_name_nhgis_blocks,1.0,2C,2020,704,1.0
high,SULLIVAN,008503,3A,2022,official_vtd_code_and_name_nhgis_blocks,1.0,3A,2020,708,1.0
high,SULLIVAN,008502,4A,2022,official_vtd_code_and_name_nhgis_blocks,1.0,4A,2020,706,1.0
high,SULLIVAN,008515,4B,2022,official_vtd_code_and_name_nhgis_blocks,1.0,4B,2020,724,1.0
high,SULLIVAN,008514,4C,2022,official_vtd_code_and_name_nhgis_blocks,1.0,4C,2020,723,1.0
high,SULLIVAN,008513,5A,2022,official_vtd_code_and_name_nhgis_blocks,1.0,5A,2020,709,1.0
high,SULLIVAN,008512,5B,2022,official_vtd_code_and_name_nhgis_blocks,1.0,5B,2020,711,1.0
high,SULLIVAN,008507,5C,2022,official_vtd_code_and_name_nhgis_blocks,1.0,5C,2020,725,1.0
high,SULLIVAN,008520,6A,2022,official_vtd_code_and_name_nhgis_blocks,1.0,6A,2020,712,1.0
high,SULLIVAN,008521,6B,2022,official_vtd_code_and_name_nhgis_blocks,1.0,6B,2020,710,0.987570461993
high,SULLIVAN,008522,6B,2022,official_vtd_code_and_name_nhgis_blocks,1.0,6B,2020,710,0.012429538007
high,SULLIVAN,008508,6C,2022,official_vtd_code_and_name_nhgis_blocks,1.0,6C,2020,713,1.0
high,SULLIVAN,008519,7A,2022,official_vtd_code_and_name_nhgis_blocks,1.0,7A,2020,714,1.0
high,SULLIVAN,008518,7B,2022,official_vtd_code_and_name_nhgis_blocks,1.0,7B,2020,718,1.0
high,SULLIVAN,008509,7C,2022,official_vtd_code_and_name_nhgis_blocks,1.0,7C,2020,719,1.0
high,SULLIVAN,008510,8A,2022,official_vtd_code_and_name_nhgis_blocks,1.0,8A,2020,715,1.0
high,SULLIVAN,008525,8B,2022,official_vtd_code_and_name_nhgis_blocks,1.0,8B,2020,716,1.0
high,SULLIVAN,008511,9A,2022,official_vtd_code_and_name_nhgis_blocks,1.0,9A,2020,717,1.0
high,SULLIVAN,008524,9B,2022,official_vtd_code_and_name_nhgis_blocks,1.0,9B,2020,720,1.0
high,SULLIVAN,008522,10A,2022,official_vtd_code_and_name_nhgis_blocks,1.0,10A,2020,722,1.0
high,SULLIVAN,008505,10B,2022,official_vtd_code_and_name_nhgis_blocks,1.0,10B,2020,721,1.0
high,SULLIVAN,008506,11A,2022,official_vtd_code_and_name_nhgis_blocks,1.0,11A,2020,707,1.0
high,SULLIVAN,008523,11B,2022,official_vtd_code_and_name_nhgis_blocks,1.0,11B,2020,705,1.0
high,SUMNER,008632,1 1 WESTMORELAND,2022,official_vtd_equivalent_code_nhgis_blocks,0.97,101 Westmoreland Middle,2020,726,0.749514772336
high,SUMNER,008636,1 1 WESTMORELAND,2022,official_vtd_equivalent_code_nhgis_blocks,0.97,101 Westmoreland Middle,2020,726,0.250485227664
high,SUMNER,008613,2 1 CORINTH,2022,official_vtd_equivalent_code_nhgis_blocks,0.97,201 Corinth Church of Christ,2020,734,0.11928420327
high,SUMNER,008614,2 1 CORINTH,2022,official_vtd_equivalent_code_nhgis_blocks,0.97,201 Corinth Church of Christ,2020,734,0.038086020773
high,SUMNER,008636,2 1 CORINTH,2022,official_vtd_equivalent_code_nhgis_blocks,0.97,201 Corinth Church of Christ,2020,734,0.842629775957
high,SUMNER,008613,3 1 PORTLAND,2022,official_vtd_equivalent_code_nhgis_blocks,0.97,301 Portland High School,2020,749,0.109341851653
high,SUMNER,008614,3 1 PORTLAND,2022,official_vtd_equivalent_code_nhgis_blocks,0.97,301 Portland High School,2020,749,0.890658148347
high,SUMNER,008612,4 1 OAKMONT,2022,official_vtd_equivalent_code_nhgis_blocks,0.97,401 Oakmont Elementary School,2020,729,0.997535415997
high,SUMNER,008613,4 1 OAKMONT,2022,official_vtd_equivalent_code_nhgis_blocks,0.97,401 Oakmont Elementary School,2020,729,0.002464584003
high,SUMNER,008610,4 2 COTTONTOWN,2022,official_vtd_equivalent_code_nhgis_blocks,0.97,402 Cottontown Fire Hall,2020,753,0.480707993142
high,SUMNER,008627,4 2 COTTONTOWN,2022,official_vtd_equivalent_code_nhgis_blocks,0.97,402 Cottontown Fire Hall,2020,753,0.406977864418
high,SUMNER,008635,4 2 COTTONTOWN,2022,official_vtd_equivalent_code_nhgis_blocks,0.97,402 Cottontown Fire Hall,2020,753,0.112314142441
high,SUMNER,008632,5 1 BETHPAGE,2022,official_vtd_equivalent_code_nhgis_blocks,0.97,501 Bethpage Elementary School,2020,754,0.203971017531
high,SUMNER,008635,5 1 BETHPAGE,2022,official_vtd_equivalent_code_nhgis_blocks,0.97,501 Bethpage Elementary School,2020,754,0.776110896863
high,SUMNER,008636,5 1 BETHPAGE,2022,official_vtd_equivalent_code_nhgis_blocks,0.97,501 Bethpage Elementary School,2020,754,0.019918085606
high,SUMNER,008613,5 2 HIGHLAND,2022,official_vtd_equivalent_code_nhgis_blocks,0.97,502 Highland S.D. Adventist Church,2020,730,0.169492923521
high,SUMNER,008636,5 2 HIGHLAND,2022,official_vtd_equivalent_code_nhgis_blocks,0.97,502 Highland S.D. Adventist Church,2020,730,0.830507076479
high,SUMNER,008607,6 1 CREEKSIDE,2022,official_vtd_equivalent_code_nhgis_blocks,0.97,601 Creekside Fellowship,2020,732,0.947876780551
high,SUMNER,008609,6 1 CREEKSIDE,2022,official_vtd_equivalent_code_nhgis_blocks,0.97,601 Creekside Fellowship,2020,732,0.001512821794
high,SUMNER,008635,6 1 CREEKSIDE,2022,official_vtd_equivalent_code_nhgis_blocks,0.97,601 Creekside Fellowship,2020,732,0.050610397655
high,SUMNER,008609,7 1 CIVIC CENTER,2022,official_vtd_equivalent_code_nhgis_blocks,0.97,701 Gallatin Civic Center,2020,731,0.184594288632
high,SUMNER,008635,7 1 CIVIC CENTER,2022,official_vtd_equivalent_code_nhgis_blocks,0.97,701 Gallatin Civic Center,2020,731,0.815405711368
high,SUMNER,008607,8 1 GUILD,2022,official_vtd_equivalent_code_nhgis_blocks,0.97,801 Guild Elementary School,2020,733,0.062660709264
high,SUMNER,008608,8 1 GUILD,2022,official_vtd_equivalent_code_nhgis_blocks,0.97,801 Guild Elementary School,2020,733,0.684593892681
high,SUMNER,008609,8 1 GUILD,2022,official_vtd_equivalent_code_nhgis_blocks,0.97,801 Guild Elementary School,2020,733,0.252745398055
high,SUMNER,008601,9 1 GALLATIN HS,2022,official_vtd_equivalent_code_nhgis_blocks,0.97,901 Gallatin Sr High,2020,727,0.008434763484
high,SUMNER,008608,9 1 GALLATIN HS,2022,official_vtd_equivalent_code_nhgis_blocks,0.97,901 Gallatin Sr High,2020,727,0.167042267057
high,SUMNER,008618,9 1 GALLATIN HS,2022,official_vtd_equivalent_code_nhgis_blocks,0.97,901 Gallatin Sr High,2020,727,0.824522969459
high,SUMNER,008601,11 1 NORTHFIELD,2022,official_vtd_equivalent_code_nhgis_blocks,0.97,1101 Northfield Church,2020,747,9.3125092e-05
high,SUMNER,008602,11 1 NORTHFIELD,2022,official_vtd_equivalent_code_nhgis_blocks,0.97,1101 Northfield Church,2020,747,0.187006015211
high,SUMNER,008622,11 1 NORTHFIELD,2022,official_vtd_equivalent_code_nhgis_blocks,0.97,1101 Northfield Church,2020,747,0.733545352336
high,SUMNER,008628,11 1 NORTHFIELD,2022,official_vtd_equivalent_code_nhgis_blocks,0.97,1101 Northfield Church,2020,747,0.07935550736
high,SUMNER,008611,12 1 HOWARD,2022,official_vtd_equivalent_code_nhgis_blocks,0.97,1201 Howard Elementary School,2020,750,1.0
high,SUMNER,008611,12 2 STATION CAMP,2022,official_vtd_equivalent_code_nhgis_blocks,0.97,1202 Station Camp High School,2020,748,0.963290536113
high,SUMNER,008622,12 2 STATION CAMP,2022,official_vtd_equivalent_code_nhgis_blocks,0.97,1202 Station Camp High School,2020,748,0.000936082482
high,SUMNER,008627,12 2 STATION CAMP,2022,official_vtd_equivalent_code_nhgis_blocks,0.97,1202 Station Camp High School,2020,748,6.2367854e-05
high,SUMNER,008628,12 2 STATION CAMP,2022,official_vtd_equivalent_code_nhgis_blocks,0.97,1202 Station Camp High School,2020,748,0.03571101355
high,SUMNER,008610,13 1 UNION,2022,official_vtd_equivalent_code_nhgis_blocks,0.97,1301 Union Elementary School,2020,735,0.623141909798
high,SUMNER,008611,13 1 UNION,2022,official_vtd_equivalent_code_nhgis_blocks,0.97,1301 Union Elementary School,2020,735,0.373430553844
high,SUMNER,008635,13 1 UNION,2022,official_vtd_equivalent_code_nhgis_blocks,0.97,1301 Union Elementary School,2020,735,0.003427536358
high,SUMNER,008624,14 1 BEECH,2022,official_vtd_equivalent_code_nhgis_blocks,0.97,1401 Beech Elementary School,2020,742,0.792439007327
high,SUMNER,008625,14 1 BEECH,2022,official_vtd_equivalent_code_nhgis_blocks,0.97,1401 Beech Elementary School,2020,742,0.00062328626
high,SUMNER,008626,14 1 BEECH,2022,official_vtd_equivalent_code_nhgis_blocks,0.97,1401 Beech Elementary School,2020,742,0.202855489967
high,SUMNER,008627,14 1 BEECH,2022,official_vtd_equivalent_code_nhgis_blocks,0.97,1401 Beech Elementary School,2020,742,0.002736905508
high,SUMNER,008628,14 1 BEECH,2022,official_vtd_equivalent_code_nhgis_blocks,0.97,1401 Beech Elementary School,2020,742,0.001345310938
high,SUMNER,008611,14 2 BIRDWELL,2022,official_vtd_equivalent_code_nhgis_blocks,0.97,1402 Birdwell Chapel Church of Christ,2020,751,0.000399849651
high,SUMNER,008612,14 2 BIRDWELL,2022,official_vtd_equivalent_code_nhgis_blocks,0.97,1402 Birdwell Chapel Church of Christ,2020,751,0.202127840651
high,SUMNER,008626,14 2 BIRDWELL,2022,official_vtd_equivalent_code_nhgis_blocks,0.97,1402 Birdwell Chapel Church of Christ,2020,751,0.00093714762
high,SUMNER,008627,14 2 BIRDWELL,2022,official_vtd_equivalent_code_nhgis_blocks,0.97,1402 Birdwell Chapel Church of Christ,2020,751,0.796535162077
high,SUMNER,008612,15 1 WHITE HOUSE,2022,official_vtd_equivalent_code_nhgis_blocks,0.97,1501 White House Middle School,2020,741,0.008154848977
high,SUMNER,008626,15 1 WHITE HOUSE,2022,official_vtd_equivalent_code_nhgis_blocks,0.97,1501 White House Middle School,2020,741,0.991845151023
high,SUMNER,008623,16 1 MILLERSVILLE,2022,official_vtd_equivalent_code_nhgis_blocks,0.97,1601 Millersville Community Center,2020,740,0.183107087123
high,SUMNER,008624,16 1 MILLERSVILLE,2022,official_vtd_equivalent_code_nhgis_blocks,0.97,1601 Millersville Community Center,2020,740,0.02040086792
high,SUMNER,008625,16 1 MILLERSVILLE,2022,official_vtd_equivalent_code_nhgis_blocks,0.97,1601 Millersville Community Center,2020,740,0.796377349257
high,SUMNER,008626,16 1 MILLERSVILLE,2022,official_vtd_equivalent_code_nhgis_blocks,0.97,1601 Millersville Community Center,2020,740,0.000111538938
high,SUMNER,008633,16 1 MILLERSVILLE,2022,official_vtd_equivalent_code_nhgis_blocks,0.97,1601 Millersville Community Center,2020,740,3.156762e-06
high,SUMNER,008623,17 1 GOODLETTSVILLE,2022,official_vtd_equivalent_code_nhgis_blocks,0.97,1701 Church of the Nazarene,2020,739,0.8615454741
high,SUMNER,008624,17 1 GOODLETTSVILLE,2022,official_vtd_equivalent_code_nhgis_blocks,0.97,1701 Church of the Nazarene,2020,739,0.006167925818
high,SUMNER,008633,17 1 GOODLETTSVILLE,2022,official_vtd_equivalent_code_nhgis_blocks,0.97,1701 Church of the Nazarene,2020,739,0.132286600082
high,SUMNER,008619,18 1 MERROL HYDE,2022,official_vtd_equivalent_code_nhgis_blocks,0.97,1801 Merrol Hyde Magnet School,2020,738,0.477154088916
high,SUMNER,008621,18 1 MERROL HYDE,2022,official_vtd_equivalent_code_nhgis_blocks,0.97,1801 Merrol Hyde Magnet School,2020,738,0.000975858187
high,SUMNER,008633,18 1 MERROL HYDE,2022,official_vtd_equivalent_code_nhgis_blocks,0.97,1801 Merrol Hyde Magnet School,2020,738,0.521870052897
high,SUMNER,008619,19 1 BROWN,2022,official_vtd_equivalent_code_nhgis_blocks,0.97,1901 Brown Elementary,2020,737,0.132297057539
high,SUMNER,008621,19 1 BROWN,2022,official_vtd_equivalent_code_nhgis_blocks,0.97,1901 Brown Elementary,2020,737,0.864775578003
high,SUMNER,008633,19 1 BROWN,2022,official_vtd_equivalent_code_nhgis_blocks,0.97,1901 Brown Elementary,2020,737,0.002927364458
high,SUMNER,008603,21 1 INDIAN LAKE,2022,official_vtd_equivalent_code_nhgis_blocks,0.97,2101 Indian Lake Elementary School,2020,745,0.330391563407
high,SUMNER,008620,21 1 INDIAN LAKE,2022,official_vtd_equivalent_code_nhgis_blocks,0.97,2101 Indian Lake Elementary School,2020,745,0.669608436593
high,SUMNER,008602,22 1 JACK ANDERSON,2022,official_vtd_equivalent_code_nhgis_blocks,0.97,2201 Jack Anderson Elementary School,2020,746,0.66134029396
high,SUMNER,008603,22 1 JACK ANDERSON,2022,official_vtd_equivalent_code_nhgis_blocks,0.97,2201 Jack Anderson Elementary School,2020,746,0.338586409462
high,SUMNER,008620,22 1 JACK ANDERSON,2022,official_vtd_equivalent_code_nhgis_blocks,0.97,2201 Jack Anderson Elementary School,2020,746,7.3296577e-05
high,SUMNER,008622,23 1 WHITTEN,2022,official_vtd_equivalent_code_nhgis_blocks,0.97,2301 Whitten Elementary School,2020,752,0.983452576122
high,SUMNER,008628,23 1 WHITTEN,2022,official_vtd_equivalent_code_nhgis_blocks,0.97,2301 Whitten Elementary School,2020,752,0.002481635301
high,SUMNER,008633,23 1 WHITTEN,2022,official_vtd_equivalent_code_nhgis_blocks,0.97,2301 Whitten Elementary School,2020,752,0.014065788577
high,SUMNER,008603,23 2 HENDERSONVILLE,2022,official_vtd_equivalent_code_nhgis_blocks,0.97,2302 Hendersonville High School,2020,744,0.091724870399
high,SUMNER,008622,23 2 HENDERSONVILLE,2022,official_vtd_equivalent_code_nhgis_blocks,0.97,2302 Hendersonville High School,2020,744,0.908275129601
high,SUMNER,008622,24 1 LONG HOLLOW,2022,official_vtd_equivalent_code_nhgis_blocks,0.97,2401 Long Hollow Baptist,2020,743,0.364806905682
high,SUMNER,008624,24 1 LONG HOLLOW,2022,official_vtd_equivalent_code_nhgis_blocks,0.97,2401 Long Hollow Baptist,2020,743,0.001114654244
high,SUMNER,008628,24 1 LONG HOLLOW,2022,official_vtd_equivalent_code_nhgis_blocks,0.97,2401 Long Hollow Baptist,2020,743,0.634078440075
high,TIPTON,008709,1 1 NE COVINGTON,2022,official_vtd_exact_label_code_nhgis_blocks,0.97,11 Atoka,2020,755,1.0
medium,TIPTON,008702,2 3 SE COVINGTON,2022,official_vtd_fuzzy_name_nhgis_blocks,0.864,03 S.E. Covington,2020,759,0.009152046771
medium,TIPTON,008705,2 3 SE COVINGTON,2022,official_vtd_fuzzy_name_nhgis_blocks,0.864,03 S.E. Covington,2020,759,0.990771342404
medium,TIPTON,008708,2 3 SE COVINGTON,2022,official_vtd_fuzzy_name_nhgis_blocks,0.864,03 S.E. Covington,2020,759,7.6610825e-05
high,TIPTON,008702,3 6 TIPTON WEST,2022,official_vtd_exact_name_nhgis_blocks,0.95,06 Tipton West,2020,756,7.1397347e-05
high,TIPTON,008704,3 6 TIPTON WEST,2022,official_vtd_exact_name_nhgis_blocks,0.95,06 Tipton West,2020,756,0.883986014581
high,TIPTON,008706,3 6 TIPTON WEST,2022,official_vtd_exact_name_nhgis_blocks,0.95,06 Tipton West,2020,756,0.115942588072
high,TIPTON,008709,4 11 ATOKA,2022,official_vtd_exact_name_nhgis_blocks,0.95,11 Atoka,2020,755,1.0
high,TIPTON,008702,5 12 MUNFORD,2022,official_vtd_exact_name_nhgis_blocks,0.95,12 Munford,2020,762,0.044803511098
high,TIPTON,008707,5 12 MUNFORD,2022,official_vtd_exact_name_nhgis_blocks,0.95,12 Munford,2020,762,0.955196488902
high,TIPTON,008703,7 19 AUSTIN PEAY,2022,official_vtd_exact_name_nhgis_blocks,0.95,19 Austin Peay,2020,763,1.0
medium,TIPTON,008701,8 21 WILKINSVILLE,2022,official_vtd_fuzzy_name_nhgis_blocks,0.8308,21 W. Wilkinsville,2020,757,1.0
high,TIPTON,008702,9 22 BRIGHTON,2022,official_vtd_exact_name_nhgis_blocks,0.95,22 Brighton,2020,758,0.909770322436
high,TIPTON,008704,9 22 BRIGHTON,2022,official_vtd_exact_name_nhgis_blocks,0.95,22 Brighton,2020,758,0.001038855296
high,TIPTON,008707,9 22 BRIGHTON,2022,official_vtd_exact_name_nhgis_blocks,0.95,22 Brighton,2020,758,0.040164482681
high,TIPTON,008709,9 22 BRIGHTON,2022,official_vtd_exact_name_nhgis_blocks,0.95,22 Brighton,2020,758,0.049026339587
high,TROUSDALE,008801,01 SENIOR CENTER,2022,official_vtd_code_and_name_nhgis_blocks,1.0,1 Senior Center,2020,767,1.0
high,TROUSDALE,008802,02 CATO,2022,official_vtd_code_and_name_nhgis_blocks,1.0,2 Cato,2020,764,1.0
high,TROUSDALE,008803,03 BEECH GROVE,2022,official_vtd_code_and_name_nhgis_blocks,1.0,3 Beech Grove,2020,766,1.0
high,TROUSDALE,008804,04 HALLTOWN,2022,official_vtd_code_and_name_nhgis_blocks,1.0,4 Halltown,2020,765,1.0
high,TROUSDALE,008805,05 TEMPLOW,2022,official_vtd_code_and_name_nhgis_blocks,1.0,5 Templow,2020,769,1.0
high,TROUSDALE,008806,06 WALNUT GROVE,2022,official_vtd_code_and_name_nhgis_blocks,1.0,6 Walnut Grove,2020,770,1.0
high,TROUSDALE,008807,07 HIGH SCHOOL,2022,official_vtd_code_and_name_nhgis_blocks,1.0,7 High School,2020,771,0.994551406054
high,TROUSDALE,008809,07 HIGH SCHOOL,2022,official_vtd_code_and_name_nhgis_blocks,1.0,7 High School,2020,771,0.005448593946
high,TROUSDALE,008805,08 WILLARD,2022,official_vtd_code_and_name_nhgis_blocks,1.0,8 Willard,2020,772,0.089455028331
high,TROUSDALE,008808,08 WILLARD,2022,official_vtd_code_and_name_nhgis_blocks,1.0,8 Willard,2020,772,0.910544971669
high,TROUSDALE,008809,09 CITY,2022,official_vtd_code_and_name_nhgis_blocks,1.0,9 City,2020,773,1.0
high,TROUSDALE,008810,10 PROVIDENCE,2022,official_vtd_code_and_name_nhgis_blocks,1.0,10 Providence,2020,768,1.0
high,UNICOI,008903,FLAG POND,2022,official_vtd_exact_name_nhgis_blocks,0.95,Flag Pond,2020,780,0.009949749455
high,UNICOI,008908,FLAG POND,2022,official_vtd_exact_name_nhgis_blocks,0.95,Flag Pond,2020,780,0.990050250545
high,UNICOI,008903,TEMPLE HILL,2022,official_vtd_exact_name_nhgis_blocks,0.95,Temple Hill,2020,775,1.0
high,UNICOI,008902,LOVE CHAPEL,2022,official_vtd_exact_name_nhgis_blocks,0.95,Love Chapel,2020,774,1.0
high,UNICOI,008901,HIGH SCHOOL,2022,official_vtd_exact_name_nhgis_blocks,0.95,High School,2020,777,0.971104773196
high,UNICOI,008902,HIGH SCHOOL,2022,official_vtd_exact_name_nhgis_blocks,0.95,High School,2020,777,0.028895226804
high,UNICOI,008905,ROCK CREEK,2022,official_vtd_exact_name_nhgis_blocks,0.95,Rock Creek,2020,776,0.001419551343
high,UNICOI,008906,ROCK CREEK,2022,official_vtd_exact_name_nhgis_blocks,0.95,Rock Creek,2020,776,0.998580448657
high,UNICOI,008904,FISHERY,2022,official_vtd_exact_name_nhgis_blocks,0.95,Fishery,2020,778,0.024961917466
high,UNICOI,008905,FISHERY,2022,official_vtd_exact_name_nhgis_blocks,0.95,Fishery,2020,778,0.959173523447
high,UNICOI,008907,FISHERY,2022,official_vtd_exact_name_nhgis_blocks,0.95,Fishery,2020,778,0.015864559087
high,UNICOI,008907,LIMESTONE COVE,2022,official_vtd_exact_name_nhgis_blocks,0.95,Limestone Cove,2020,779,1.0
high,UNICOI,008904,UNICOI,2022,official_vtd_exact_name_nhgis_blocks,0.95,Unicoi,2020,781,1.0
high,UNION,009003,1 1 UCHS,2022,official_vtd_exact_label_code_nhgis_blocks,0.97,1-1 Union County High Sxhool,2020,787,1.0
high,UNION,009001,3 2 BROCK,2022,official_vtd_exact_label_code_nhgis_blocks,0.97,3-2 Cedar Grove Community Center,2020,784,0.00119924594
high,UNION,009004,3 2 BROCK,2022,official_vtd_exact_label_code_nhgis_blocks,0.97,3-2 Cedar Grove Community Center,2020,784,0.99880075406
high,UNION,009007,7 1 PLAINVIEW,2022,official_vtd_exact_label_code_nhgis_blocks,0.97,7-1 Plainview Community Center,2020,788,1.0
high,VAN BUREN,009104,SPENCER 1,2022,official_vtd_exact_name_nhgis_blocks,0.95,Spencer 1,2020,1110,0.971782595511
high,VAN BUREN,009105,SPENCER 1,2022,official_vtd_exact_name_nhgis_blocks,0.95,Spencer 1,2020,1110,0.028217404489
high,VAN BUREN,009102,SPENCER 5,2022,official_vtd_exact_name_nhgis_blocks,0.95,Spencer 5,2020,1113,0.027304693741
high,VAN BUREN,009105,SPENCER 5,2022,official_vtd_exact_name_nhgis_blocks,0.95,Spencer 5,2020,1113,0.972695306259
high,WARREN,009202,2 1 COURTHOUSE,2022,official_vtd_code_and_name_nhgis_blocks,1.0,02-1 Courthouse,2020,808,0.566578923794
high,WARREN,009203,2 1 COURTHOUSE,2022,official_vtd_code_and_name_nhgis_blocks,1.0,02-1 Courthouse,2020,808,0.433421076206
high,WARREN,009202,2 2 AIRPORT,2022,official_vtd_exact_label_code_nhgis_blocks,0.97,02-2 Warren County Airport,2020,792,0.79221135501
high,WARREN,009203,2 2 AIRPORT,2022,official_vtd_exact_label_code_nhgis_blocks,0.97,02-2 Warren County Airport,2020,792,0.20778864499
high,WARREN,009204,3 1 WESTWOOD,2022,official_vtd_exact_label_code_nhgis_blocks,0.97,03-1 Westwood Church of Christ,2020,793,0.88558550513
high,WARREN,009205,3 1 WESTWOOD,2022,official_vtd_exact_label_code_nhgis_blocks,0.97,03-1 Westwood Church of Christ,2020,793,0.11441449487
high,WARREN,009202,3 2 SMARTT,2022,official_vtd_exact_label_code_nhgis_blocks,0.97,03-2 Smartt First Baptist Church,2020,807,0.001493345429
high,WARREN,009203,3 2 SMARTT,2022,official_vtd_exact_label_code_nhgis_blocks,0.97,03-2 Smartt First Baptist Church,2020,807,4.492416e-05
high,WARREN,009205,3 2 SMARTT,2022,official_vtd_exact_label_code_nhgis_blocks,0.97,03-2 Smartt First Baptist Church,2020,807,0.956093631425
high,WARREN,009214,3 2 SMARTT,2022,official_vtd_exact_label_code_nhgis_blocks,0.97,03-2 Smartt First Baptist Church,2020,807,0.042333793263
high,WARREN,009215,3 2 SMARTT,2022,official_vtd_exact_label_code_nhgis_blocks,0.97,03-2 Smartt First Baptist Church,2020,807,3.4305722e-05
high,WARREN,009206,4 1 TSU,2022,official_vtd_exact_label_code_nhgis_blocks,0.97,04-1 TSU Nursery Res. Center,2020,794,0.977034956727
high,WARREN,009207,4 1 TSU,2022,official_vtd_exact_label_code_nhgis_blocks,0.97,04-1 TSU Nursery Res. Center,2020,794,0.022832266466
high,WARREN,009218,4 1 TSU,2022,official_vtd_exact_label_code_nhgis_blocks,0.97,04-1 TSU Nursery Res. Center,2020,794,0.000132776807
high,WARREN,009206,5 1 MALL,2022,official_vtd_exact_label_code_nhgis_blocks,0.97,05-1 Three Star Mall,2020,810,0.014483445605
high,WARREN,009207,5 1 MALL,2022,official_vtd_exact_label_code_nhgis_blocks,0.97,05-1 Three Star Mall,2020,810,0.985516554395
high,WARREN,009202,5 2 CHAMBER,2022,official_vtd_exact_label_code_nhgis_blocks,0.97,05-2 Chamber of Commerce,2020,795,0.009966127382
high,WARREN,009204,5 2 CHAMBER,2022,official_vtd_exact_label_code_nhgis_blocks,0.97,05-2 Chamber of Commerce,2020,795,0.208601507386
high,WARREN,009208,5 2 CHAMBER,2022,official_vtd_exact_label_code_nhgis_blocks,0.97,05-2 Chamber of Commerce,2020,795,0.781432365232
high,WARREN,009209,6 1 CANEY FORK,2022,official_vtd_exact_label_code_nhgis_blocks,0.97,06-1 Caney Fork Electric Auditorium,2020,796,1.0
high,WARREN,009206,7 1 FRIENDSHIP,2022,official_vtd_exact_label_code_nhgis_blocks,0.97,07-1 - Friendship The Baptist Church,2020,797,0.009088544815
high,WARREN,009210,7 1 FRIENDSHIP,2022,official_vtd_exact_label_code_nhgis_blocks,0.97,07-1 - Friendship The Baptist Church,2020,797,0.773673092729
high,WARREN,009211,7 1 FRIENDSHIP,2022,official_vtd_exact_label_code_nhgis_blocks,0.97,07-1 - Friendship The Baptist Church,2020,797,0.217238362456
high,WARREN,009210,8 1 SHELLSFORD,2022,official_vtd_exact_label_code_nhgis_blocks,0.97,08-1 Shellsford Baptist Church,2020,798,0.002618947074
high,WARREN,009211,8 1 SHELLSFORD,2022,official_vtd_exact_label_code_nhgis_blocks,0.97,08-1 Shellsford Baptist Church,2020,798,0.997381052926
high,WARREN,009213,8 3 BONNER,2022,official_vtd_exact_label_code_nhgis_blocks,0.97,08-3 Bonner Church of Christ,2020,805,1.0
high,WARREN,009214,9 1 MORRISON,2022,official_vtd_exact_label_code_nhgis_blocks,0.97,09-1 Morrison Ruritan Club,2020,799,1.0
high,WARREN,009215,9 2 VIOLA,2022,official_vtd_exact_label_code_nhgis_blocks,0.97,09-2 Viola Valley Community Center,2020,806,1.0
high,WARREN,009214,10 2 CENTERTOWN CIC,2022,official_vtd_exact_label_code_nhgis_blocks,0.97,10-2 Centertown Community Center,2020,809,0.030155971701
high,WARREN,009217,10 2 CENTERTOWN CIC,2022,official_vtd_exact_label_code_nhgis_blocks,0.97,10-2 Centertown Community Center,2020,809,0.969844028299
high,WARREN,009218,11 1 MIDWAY,2022,official_vtd_exact_label_code_nhgis_blocks,0.97,11-1 Midway Community Center,2020,801,1.0
high,WARREN,009209,11 2 HWY 56 NORTH,2022,official_vtd_exact_label_code_nhgis_blocks,0.97,11-2 HWY 56 N Church of Christ,2020,804,0.077357114019
high,WARREN,009219,11 2 HWY 56 NORTH,2022,official_vtd_exact_label_code_nhgis_blocks,0.97,11-2 HWY 56 N Church of Christ,2020,804,0.818733385867
high,WARREN,009221,11 2 HWY 56 NORTH,2022,official_vtd_exact_label_code_nhgis_blocks,0.97,11-2 HWY 56 N Church of Christ,2020,804,0.103909500114
high,WARREN,009220,12 1 HIGHWAY DEPT,2022,official_vtd_exact_label_code_nhgis_blocks,0.97,12-1 Highway Department,2020,803,1.0
high,WARREN,009216,12 2 LUCKY,2022,official_vtd_exact_label_code_nhgis_blocks,0.97,12-2 Lucky Community Center,2020,802,0.028013064608
high,WARREN,009219,12 2 LUCKY,2022,official_vtd_exact_label_code_nhgis_blocks,0.97,12-2 Lucky Community Center,2020,802,4.77881e-06
high,WARREN,009221,12 2 LUCKY,2022,official_vtd_exact_label_code_nhgis_blocks,0.97,12-2 Lucky Community Center,2020,802,0.971982156582
high,WASHINGTON,009307,01 FALL BRANCH,2022,official_vtd_exact_name_nhgis_blocks,0.95,Fall Branch,2020,811,0.004717012507
high,WASHINGTON,009313,01 FALL BRANCH,2022,official_vtd_exact_name_nhgis_blocks,0.95,Fall Branch,2020,811,0.417566129387
high,WASHINGTON,009319,01 FALL BRANCH,2022,official_vtd_exact_name_nhgis_blocks,0.95,Fall Branch,2020,811,0.577399173546
high,WASHINGTON,009332,01 FALL BRANCH,2022,official_vtd_exact_name_nhgis_blocks,0.95,Fall Branch,2020,811,0.00031768456
high,WASHINGTON,009307,02 GRANDVIEW,2022,official_vtd_exact_name_nhgis_blocks,0.95,Grandview,2020,812,0.419902829115
high,WASHINGTON,009309,02 GRANDVIEW,2022,official_vtd_exact_name_nhgis_blocks,0.95,Grandview,2020,812,0.015003261486
high,WASHINGTON,009326,02 GRANDVIEW,2022,official_vtd_exact_name_nhgis_blocks,0.95,Grandview,2020,812,0.029480467541
high,WASHINGTON,009327,02 GRANDVIEW,2022,official_vtd_exact_name_nhgis_blocks,0.95,Grandview,2020,812,0.022957986095
high,WASHINGTON,009329,02 GRANDVIEW,2022,official_vtd_exact_name_nhgis_blocks,0.95,Grandview,2020,812,0.512540329915
high,WASHINGTON,009332,02 GRANDVIEW,2022,official_vtd_exact_name_nhgis_blocks,0.95,Grandview,2020,812,0.000115125847
high,WASHINGTON,009310,03 WEST VIEW,2022,official_vtd_exact_name_nhgis_blocks,0.95,West View,2020,813,0.133754846398
high,WASHINGTON,009325,03 WEST VIEW,2022,official_vtd_exact_name_nhgis_blocks,0.95,West View,2020,813,1.7229657e-05
high,WASHINGTON,009326,03 WEST VIEW,2022,official_vtd_exact_name_nhgis_blocks,0.95,West View,2020,813,0.183107647747
high,WASHINGTON,009327,03 WEST VIEW,2022,official_vtd_exact_name_nhgis_blocks,0.95,West View,2020,813,0.027598387172
high,WASHINGTON,009329,03 WEST VIEW,2022,official_vtd_exact_name_nhgis_blocks,0.95,West View,2020,813,0.330783881063
high,WASHINGTON,009330,03 WEST VIEW,2022,official_vtd_exact_name_nhgis_blocks,0.95,West View,2020,813,0.324738007963
medium,WASHINGTON,009301,04 VISITOR S CENTER,2022,official_vtd_fuzzy_name_nhgis_blocks,0.871,Visitors' Center,2020,818,0.01333091467
medium,WASHINGTON,009309,04 VISITOR S CENTER,2022,official_vtd_fuzzy_name_nhgis_blocks,0.871,Visitors' Center,2020,818,0.000130185524
medium,WASHINGTON,009335,04 VISITOR S CENTER,2022,official_vtd_fuzzy_name_nhgis_blocks,0.871,Visitors' Center,2020,818,0.986538899806
high,WASHINGTON,009301,05 HERITAGE,2022,official_vtd_exact_name_nhgis_blocks,0.95,Heritage,2020,819,0.014371763191
high,WASHINGTON,009306,05 HERITAGE,2022,official_vtd_exact_name_nhgis_blocks,0.95,Heritage,2020,819,0.019959057736
high,WASHINGTON,009307,05 HERITAGE,2022,official_vtd_exact_name_nhgis_blocks,0.95,Heritage,2020,819,0.003414457778
high,WASHINGTON,009309,05 HERITAGE,2022,official_vtd_exact_name_nhgis_blocks,0.95,Heritage,2020,819,0.954060022629
high,WASHINGTON,009332,05 HERITAGE,2022,official_vtd_exact_name_nhgis_blocks,0.95,Heritage,2020,819,0.00744972606
high,WASHINGTON,009335,05 HERITAGE,2022,official_vtd_exact_name_nhgis_blocks,0.95,Heritage,2020,819,0.000744972606
high,WASHINGTON,009309,06 LAMAR,2022,official_vtd_exact_name_nhgis_blocks,0.95,Lamar,2020,820,0.008825123153
high,WASHINGTON,009310,06 LAMAR,2022,official_vtd_exact_name_nhgis_blocks,0.95,Lamar,2020,820,0.014048067174
high,WASHINGTON,009316,06 LAMAR,2022,official_vtd_exact_name_nhgis_blocks,0.95,Lamar,2020,820,2.0965936e-05
high,WASHINGTON,009325,06 LAMAR,2022,official_vtd_exact_name_nhgis_blocks,0.95,Lamar,2020,820,0.968222314836
high,WASHINGTON,009326,06 LAMAR,2022,official_vtd_exact_name_nhgis_blocks,0.95,Lamar,2020,820,0.000485877609
high,WASHINGTON,009327,06 LAMAR,2022,official_vtd_exact_name_nhgis_blocks,0.95,Lamar,2020,820,0.008397651293
high,WASHINGTON,009317,07 GRAY WEST,2022,official_vtd_exact_name_nhgis_blocks,0.95,Gray West,2020,821,0.822664554498
high,WASHINGTON,009318,07 GRAY WEST,2022,official_vtd_exact_name_nhgis_blocks,0.95,Gray West,2020,821,0.160281578535
high,WASHINGTON,009319,07 GRAY WEST,2022,official_vtd_exact_name_nhgis_blocks,0.95,Gray West,2020,821,0.01704293923
high,WASHINGTON,009332,07 GRAY WEST,2022,official_vtd_exact_name_nhgis_blocks,0.95,Gray West,2020,821,1.0927737e-05
high,WASHINGTON,009305,08 GRAY EAST,2022,official_vtd_exact_name_nhgis_blocks,0.95,Gray East,2020,814,0.812414098283
high,WASHINGTON,009317,08 GRAY EAST,2022,official_vtd_exact_name_nhgis_blocks,0.95,Gray East,2020,814,0.111171345045
high,WASHINGTON,009318,08 GRAY EAST,2022,official_vtd_exact_name_nhgis_blocks,0.95,Gray East,2020,814,0.076414556672
high,WASHINGTON,009302,09 LAKERIDGE CITY,2022,official_vtd_exact_name_nhgis_blocks,0.95,Lakeridge City,2020,822,0.008254168038
high,WASHINGTON,009304,09 LAKERIDGE CITY,2022,official_vtd_exact_name_nhgis_blocks,0.95,Lakeridge City,2020,822,0.793399743899
high,WASHINGTON,009305,09 LAKERIDGE CITY,2022,official_vtd_exact_name_nhgis_blocks,0.95,Lakeridge City,2020,822,0.033517319062
high,WASHINGTON,009317,09 LAKERIDGE CITY,2022,official_vtd_exact_name_nhgis_blocks,0.95,Lakeridge City,2020,822,0.083545907914
high,WASHINGTON,009322,09 LAKERIDGE CITY,2022,official_vtd_exact_name_nhgis_blocks,0.95,Lakeridge City,2020,822,0.043590881671
high,WASHINGTON,009324,09 LAKERIDGE CITY,2022,official_vtd_exact_name_nhgis_blocks,0.95,Lakeridge City,2020,822,0.037626678323
high,WASHINGTON,009334,09 LAKERIDGE CITY,2022,official_vtd_exact_name_nhgis_blocks,0.95,Lakeridge City,2020,822,6.5301094e-05
high,WASHINGTON,009304,10 LAKERIDGE COUNTY,2022,official_vtd_exact_name_nhgis_blocks,0.95,Lakeridge County,2020,823,0.02546438749
high,WASHINGTON,009305,10 LAKERIDGE COUNTY,2022,official_vtd_exact_name_nhgis_blocks,0.95,Lakeridge County,2020,823,0.847042886325
high,WASHINGTON,009318,10 LAKERIDGE COUNTY,2022,official_vtd_exact_name_nhgis_blocks,0.95,Lakeridge County,2020,823,0.076250699578
high,WASHINGTON,009322,10 LAKERIDGE COUNTY,2022,official_vtd_exact_name_nhgis_blocks,0.95,Lakeridge County,2020,823,0.039507013505
high,WASHINGTON,009328,10 LAKERIDGE COUNTY,2022,official_vtd_exact_name_nhgis_blocks,0.95,Lakeridge County,2020,823,1.5918515e-05
high,WASHINGTON,009334,10 LAKERIDGE COUNTY,2022,official_vtd_exact_name_nhgis_blocks,0.95,Lakeridge County,2020,823,0.011719094587
medium,WASHINGTON,009308,07 TOWN ACRES,2022,official_vtd_fuzzy_name_nhgis_blocks,0.8571,Towne Acres,2020,824,0.097423227091
medium,WASHINGTON,009321,07 TOWN ACRES,2022,official_vtd_fuzzy_name_nhgis_blocks,0.8571,Towne Acres,2020,824,0.060926482679
medium,WASHINGTON,009324,07 TOWN ACRES,2022,official_vtd_fuzzy_name_nhgis_blocks,0.8571,Towne Acres,2020,824,0.009421892253
medium,WASHINGTON,009333,07 TOWN ACRES,2022,official_vtd_fuzzy_name_nhgis_blocks,0.8571,Towne Acres,2020,824,0.305614263591
medium,WASHINGTON,009336,07 TOWN ACRES,2022,official_vtd_fuzzy_name_nhgis_blocks,0.8571,Towne Acres,2020,824,0.526614134386
high,WASHINGTON,009308,12 FREEDOM HALL,2022,official_vtd_exact_name_nhgis_blocks,0.95,Freedom Hall,2020,825,0.005170498863
high,WASHINGTON,009320,12 FREEDOM HALL,2022,official_vtd_exact_name_nhgis_blocks,0.95,Freedom Hall,2020,825,0.020876340849
high,WASHINGTON,009321,12 FREEDOM HALL,2022,official_vtd_exact_name_nhgis_blocks,0.95,Freedom Hall,2020,825,0.973953160289
high,WASHINGTON,009308,15 CARVER,2022,official_vtd_exact_name_nhgis_blocks,0.95,Carver,2020,827,0.290656110911
high,WASHINGTON,009312,15 CARVER,2022,official_vtd_exact_name_nhgis_blocks,0.95,Carver,2020,827,0.171515119776
high,WASHINGTON,009314,15 CARVER,2022,official_vtd_exact_name_nhgis_blocks,0.95,Carver,2020,827,0.024150174047
high,WASHINGTON,009320,15 CARVER,2022,official_vtd_exact_name_nhgis_blocks,0.95,Carver,2020,827,0.088104351513
high,WASHINGTON,009323,15 CARVER,2022,official_vtd_exact_name_nhgis_blocks,0.95,Carver,2020,827,0.156622569498
high,WASHINGTON,009331,15 CARVER,2022,official_vtd_exact_name_nhgis_blocks,0.95,Carver,2020,827,0.268951674255
high,WASHINGTON,009308,16 KEYSTONE,2022,official_vtd_exact_name_nhgis_blocks,0.95,Keystone,2020,828,3.1484969e-05
high,WASHINGTON,009312,16 KEYSTONE,2022,official_vtd_exact_name_nhgis_blocks,0.95,Keystone,2020,828,0.003665482163
high,WASHINGTON,009323,16 KEYSTONE,2022,official_vtd_exact_name_nhgis_blocks,0.95,Keystone,2020,828,0.075827804966
high,WASHINGTON,009324,16 KEYSTONE,2022,official_vtd_exact_name_nhgis_blocks,0.95,Keystone,2020,828,0.806254448756
high,WASHINGTON,009328,16 KEYSTONE,2022,official_vtd_exact_name_nhgis_blocks,0.95,Keystone,2020,828,0.114220779146
high,WASHINGTON,009308,17 SOUTH SIDE,2022,official_vtd_exact_name_nhgis_blocks,0.95,South Side,2020,829,0.04148970282
high,WASHINGTON,009311,17 SOUTH SIDE,2022,official_vtd_exact_name_nhgis_blocks,0.95,South Side,2020,829,0.12099195417
high,WASHINGTON,009314,17 SOUTH SIDE,2022,official_vtd_exact_name_nhgis_blocks,0.95,South Side,2020,829,0.565152694461
high,WASHINGTON,009320,17 SOUTH SIDE,2022,official_vtd_exact_name_nhgis_blocks,0.95,South Side,2020,829,0.008651316966
high,WASHINGTON,009321,17 SOUTH SIDE,2022,official_vtd_exact_name_nhgis_blocks,0.95,South Side,2020,829,0.012741971932
high,WASHINGTON,009331,17 SOUTH SIDE,2022,official_vtd_exact_name_nhgis_blocks,0.95,South Side,2020,829,0.250972359651
high,WASHINGTON,009311,18 CHEROKEE,2022,official_vtd_exact_name_nhgis_blocks,0.95,Cherokee,2020,815,0.043631735196
high,WASHINGTON,009314,18 CHEROKEE,2022,official_vtd_exact_name_nhgis_blocks,0.95,Cherokee,2020,815,0.227494651094
high,WASHINGTON,009315,18 CHEROKEE,2022,official_vtd_exact_name_nhgis_blocks,0.95,Cherokee,2020,815,0.021758993631
high,WASHINGTON,009316,18 CHEROKEE,2022,official_vtd_exact_name_nhgis_blocks,0.95,Cherokee,2020,815,0.003824778852
high,WASHINGTON,009323,18 CHEROKEE,2022,official_vtd_exact_name_nhgis_blocks,0.95,Cherokee,2020,815,0.002080768187
high,WASHINGTON,009325,18 CHEROKEE,2022,official_vtd_exact_name_nhgis_blocks,0.95,Cherokee,2020,815,0.70120907304
high,WASHINGTON,009301,19 HENRY JOHNSON,2022,official_vtd_exact_name_nhgis_blocks,0.95,Henry Johnson,2020,830,0.002596126777
high,WASHINGTON,009311,19 HENRY JOHNSON,2022,official_vtd_exact_name_nhgis_blocks,0.95,Henry Johnson,2020,830,0.403542745265
high,WASHINGTON,009316,19 HENRY JOHNSON,2022,official_vtd_exact_name_nhgis_blocks,0.95,Henry Johnson,2020,830,0.054852861686
high,WASHINGTON,009320,19 HENRY JOHNSON,2022,official_vtd_exact_name_nhgis_blocks,0.95,Henry Johnson,2020,830,0.043007024649
high,WASHINGTON,009321,19 HENRY JOHNSON,2022,official_vtd_exact_name_nhgis_blocks,0.95,Henry Johnson,2020,830,0.445263933276
high,WASHINGTON,009336,19 HENRY JOHNSON,2022,official_vtd_exact_name_nhgis_blocks,0.95,Henry Johnson,2020,830,0.050737308348
high,WASHINGTON,009301,20 WOODLAND,2022,official_vtd_exact_name_nhgis_blocks,0.95,Woodland,2020,833,0.07135466769
high,WASHINGTON,009302,20 WOODLAND,2022,official_vtd_exact_name_nhgis_blocks,0.95,Woodland,2020,833,0.40908668464
high,WASHINGTON,009317,20 WOODLAND,2022,official_vtd_exact_name_nhgis_blocks,0.95,Woodland,2020,833,0.031399042972
high,WASHINGTON,009318,20 WOODLAND,2022,official_vtd_exact_name_nhgis_blocks,0.95,Woodland,2020,833,0.00208707187
high,WASHINGTON,009321,20 WOODLAND,2022,official_vtd_exact_name_nhgis_blocks,0.95,Woodland,2020,833,0.021680870082
high,WASHINGTON,009333,20 WOODLAND,2022,official_vtd_exact_name_nhgis_blocks,0.95,Woodland,2020,833,0.028226205962
high,WASHINGTON,009334,20 WOODLAND,2022,official_vtd_exact_name_nhgis_blocks,0.95,Woodland,2020,833,0.036135306527
high,WASHINGTON,009336,20 WOODLAND,2022,official_vtd_exact_name_nhgis_blocks,0.95,Woodland,2020,833,0.400030150257
high,WASHINGTON,009302,22 BOONES CREEK,2022,official_vtd_exact_name_nhgis_blocks,0.95,Boones Creek,2020,831,0.139042202604
high,WASHINGTON,009306,22 BOONES CREEK,2022,official_vtd_exact_name_nhgis_blocks,0.95,Boones Creek,2020,831,0.44069843041
high,WASHINGTON,009318,22 BOONES CREEK,2022,official_vtd_exact_name_nhgis_blocks,0.95,Boones Creek,2020,831,0.419481727414
high,WASHINGTON,009332,22 BOONES CREEK,2022,official_vtd_exact_name_nhgis_blocks,0.95,Boones Creek,2020,831,0.000777639572
high,WASHINGTON,009307,23 SULPHUR SPRINGS,2022,official_vtd_exact_name_nhgis_blocks,0.95,Sulphur Springs,2020,816,0.787538639539
high,WASHINGTON,009318,23 SULPHUR SPRINGS,2022,official_vtd_exact_name_nhgis_blocks,0.95,Sulphur Springs,2020,816,0.004687628675
high,WASHINGTON,009332,23 SULPHUR SPRINGS,2022,official_vtd_exact_name_nhgis_blocks,0.95,Sulphur Springs,2020,816,0.207773731786
high,WAYNE,009401,2 1 CLIFTON,2022,official_vtd_exact_name_nhgis_blocks,0.95,Clifton,2020,1544,1.0
high,WAYNE,009402,3 1 BEECH CREEK,2022,official_vtd_exact_name_nhgis_blocks,0.95,Beech Creek,2020,1550,1.0
high,WAYNE,009409,3 2 CRAZY HORSE,2022,official_vtd_exact_name_nhgis_blocks,0.95,Crazy Horse,2020,1539,1.0
high,WAYNE,009401,3 3 EAGLE CREEK,2022,official_vtd_exact_name_nhgis_blocks,0.95,Eagle Creek,2020,1549,0.041821005518
high,WAYNE,009402,3 3 EAGLE CREEK,2022,official_vtd_exact_name_nhgis_blocks,0.95,Eagle Creek,2020,1549,0.001861738899
high,WAYNE,009408,3 3 EAGLE CREEK,2022,official_vtd_exact_name_nhgis_blocks,0.95,Eagle Creek,2020,1549,0.956317255583
high,WAYNE,009403,4 2 SHAWNETTEE,2022,official_vtd_exact_name_nhgis_blocks,0.95,Shawnettee,2020,1545,1.0
high,WAYNE,009405,5 1 BIG CYPRESS,2022,official_vtd_exact_name_nhgis_blocks,0.95,Big Cypress,2020,1551,0.006800780586
high,WAYNE,009413,5 1 BIG CYPRESS,2022,official_vtd_exact_name_nhgis_blocks,0.95,Big Cypress,2020,1551,0.993199219414
high,WAYNE,009405,5 2 LUTTS,2022,official_vtd_exact_name_nhgis_blocks,0.95,Lutts,2020,1541,0.997981536833
high,WAYNE,009413,5 2 LUTTS,2022,official_vtd_exact_name_nhgis_blocks,0.95,Lutts,2020,1541,0.000160399056
high,WAYNE,009414,5 2 LUTTS,2022,official_vtd_exact_name_nhgis_blocks,0.95,Lutts,2020,1541,0.001858064111
high,WAYNE,009414,5 3 WOODMEN,2022,official_vtd_exact_name_nhgis_blocks,0.95,Woodmen,2020,1548,1.0
high,WAYNE,009406,6 1 HOLLY CREEK,2022,official_vtd_exact_name_nhgis_blocks,0.95,Holly Creek,2020,1542,1.0
high,WAYNE,009407,7 1 BUFFALO RIVER,2022,official_vtd_exact_name_nhgis_blocks,0.95,Buffalo River,2020,1540,0.003291011424
high,WAYNE,009410,7 1 BUFFALO RIVER,2022,official_vtd_exact_name_nhgis_blocks,0.95,Buffalo River,2020,1540,0.996708988576
high,WHITE,009608,1 1 SPARTA CIVIC,2022,official_vtd_exact_label_code_nhgis_blocks,0.97,"1-1 Sparta Civic Center, City",2020,1103,1.0
high,WHITE,009608,1 2 SPARTA CIVIC,2022,official_vtd_exact_label_code_nhgis_blocks,0.97,"1-2 Sparta Civic Center, County",2020,1100,9.5762062e-05
high,WHITE,009609,1 2 SPARTA CIVIC,2022,official_vtd_exact_label_code_nhgis_blocks,0.97,"1-2 Sparta Civic Center, County",2020,1100,0.728164941929
high,WHITE,009610,1 2 SPARTA CIVIC,2022,official_vtd_exact_label_code_nhgis_blocks,0.97,"1-2 Sparta Civic Center, County",2020,1100,0.271739296008
high,WHITE,009611,2 1 AG FAIR COMPLEX,2022,official_vtd_exact_label_code_nhgis_blocks,0.97,"2-1 Ag Fair Complex, City",2020,1104,1.0
high,WHITE,009604,2 2 WOODLAND PARK,2022,official_vtd_exact_label_code_nhgis_blocks,0.97,"2-2 Woodland Park School, County",2020,1102,0.053057086446
high,WHITE,009610,2 2 WOODLAND PARK,2022,official_vtd_exact_label_code_nhgis_blocks,0.97,"2-2 Woodland Park School, County",2020,1102,0.254271519598
high,WHITE,009611,2 2 WOODLAND PARK,2022,official_vtd_exact_label_code_nhgis_blocks,0.97,"2-2 Woodland Park School, County",2020,1102,0.692671393956
high,WHITE,009607,3 1 AG FAIR COMPLEX,2022,official_vtd_exact_label_code_nhgis_blocks,0.97,"3-1 Ag Fair Complex, County",2020,1096,1.0
high,WHITE,009605,4 1 WOODLAND PARK,2022,official_vtd_exact_label_code_nhgis_blocks,0.97,"4-1 Woodland Park School, County",2020,1097,1.0
high,WHITE,009606,4 2 BONDECROFT,2022,official_vtd_exact_label_code_nhgis_blocks,0.97,"4-2 Bondecraft School, County",2020,1105,1.0
high,WHITE,009603,5 1 DOYLE CIVIC,2022,official_vtd_exact_label_code_nhgis_blocks,0.97,"5-1 Doyle Civic Center Hall, County",2020,1099,1.0
high,WHITE,009602,6 1 CENTRAL VIEW,2022,official_vtd_exact_label_code_nhgis_blocks,0.97,6-1 Gum Springs Baptist Church,2020,1106,1.0
high,WHITE,009601,6 2 CASSVILLE,2022,official_vtd_exact_label_code_nhgis_blocks,0.97,"6-2 Cassville School, County",2020,1101,0.95534949619
high,WHITE,009602,6 2 CASSVILLE,2022,official_vtd_exact_label_code_nhgis_blocks,0.97,"6-2 Cassville School, County",2020,1101,0.04440557588
high,WHITE,009610,6 2 CASSVILLE,2022,official_vtd_exact_label_code_nhgis_blocks,0.97,"6-2 Cassville School, County",2020,1101,0.000244927931
high,WHITE,009601,7 1 NORTHFIELD,2022,official_vtd_exact_label_code_nhgis_blocks,0.97,"7-1 Northfield School, County",2020,1098,4.4369786e-05
high,WHITE,009604,7 1 NORTHFIELD,2022,official_vtd_exact_label_code_nhgis_blocks,0.97,"7-1 Northfield School, County",2020,1098,0.965652124752
high,WHITE,009607,7 1 NORTHFIELD,2022,official_vtd_exact_label_code_nhgis_blocks,0.97,"7-1 Northfield School, County",2020,1098,0.034303505461
high,MADISON,005651,1 1 CIVIC CENTER,2022,legacy_fallback_pending_official_review,0.97,1-1 Carl Perkins Civic Center,2020,508,0.792391926615
high,MADISON,005656,1 1 CIVIC CENTER,2022,legacy_fallback_pending_official_review,0.97,1-1 Carl Perkins Civic Center,2020,508,0.207471738001
high,MADISON,005672,1 1 CIVIC CENTER,2022,legacy_fallback_pending_official_review,0.97,1-1 Carl Perkins Civic Center,2020,508,0.000136335384
high,MADISON,005651,1 2 MT MORIAH,2022,legacy_fallback_pending_official_review,0.97,1-2 Mount Moriah Baptist Church,2020,509,0.002038643359
high,MADISON,005652,1 2 MT MORIAH,2022,legacy_fallback_pending_official_review,0.97,1-2 Mount Moriah Baptist Church,2020,509,0.98905212408
high,MADISON,005653,1 2 MT MORIAH,2022,legacy_fallback_pending_official_review,0.97,1-2 Mount Moriah Baptist Church,2020,509,0.008909232562
high,MADISON,005683,10 1 SPRING CREEK,2022,legacy_fallback_pending_official_review,0.97,10-1 Spring Creek Fire Station #7,2020,534,1.0
high,MADISON,005667,10 2 NORTH EAST,2022,legacy_fallback_pending_official_review,0.97,10-2 North East Middle School,2020,536,0.061349097967
high,MADISON,005668,10 2 NORTH EAST,2022,legacy_fallback_pending_official_review,0.97,10-2 North East Middle School,2020,536,0.932772490671
high,MADISON,005683,10 2 NORTH EAST,2022,legacy_fallback_pending_official_review,0.97,10-2 North East Middle School,2020,536,0.005878411362
high,ROBERTSON,007551,01 1 EAST ROBERTSON,2022,legacy_fallback_pending_official_review,0.97,1-1 East Robertson Elementary School,2020,658,1.0
high,ROBERTSON,007564,10 1 SOUTH HAVEN,2022,legacy_fallback_pending_official_review,0.97,10-1 South Haven Christian School,2020,659,0.111858749151
high,ROBERTSON,007565,10 1 SOUTH HAVEN,2022,legacy_fallback_pending_official_review,0.97,10-1 South Haven Christian School,2020,659,0.830763364776
high,ROBERTSON,007568,10 1 SOUTH HAVEN,2022,legacy_fallback_pending_official_review,0.97,10-1 South Haven Christian School,2020,659,0.057377886073
high,SUMNER,008632,10 1 VOL STATE,2022,legacy_fallback_pending_official_review,0.97,101 Westmoreland Middle,2020,726,0.749514772336
high,SUMNER,008636,10 1 VOL STATE,2022,legacy_fallback_pending_official_review,0.97,101 Westmoreland Middle,2020,726,0.250485227664
high,SUMNER,008613,20 1 HAWKINS,2022,legacy_fallback_pending_official_review,0.97,201 Corinth Church of Christ,2020,734,0.11928420327
high,SUMNER,008614,20 1 HAWKINS,2022,legacy_fallback_pending_official_review,0.97,201 Corinth Church of Christ,2020,734,0.038086020773
high,SUMNER,008636,20 1 HAWKINS,2022,legacy_fallback_pending_official_review,0.97,201 Corinth Church of Christ,2020,734,0.842629775957
high,WARREN,009201,1 1 CHRIST COMMUNITY CH,2022,legacy_fallback_pending_official_review,0.97,01-1 Christ Community Church,2020,791,0.760388047998
high,WARREN,009202,1 1 CHRIST COMMUNITY CH,2022,legacy_fallback_pending_official_review,0.97,01-1 Christ Community Church,2020,791,0.063447771712
high,WARREN,009204,1 1 CHRIST COMMUNITY CH,2022,legacy_fallback_pending_official_review,0.97,01-1 Christ Community Church,2020,791,0.000203598693
high,WARREN,009208,1 1 CHRIST COMMUNITY CH,2022,legacy_fallback_pending_official_review,0.97,01-1 Christ Community Church,2020,791,0.175960581598
high,WARREN,009216,10 1 CENTERTOWN UMC,2022,legacy_fallback_pending_official_review,0.97,10-1 Centertown United Methodist Church,2020,800,1.0
high,GIBSON,002754,2 6 CHURCH OF CHRIST,2022,legacy_fallback_pending_official_review,0.95,6 Church of Christ,2020,240,0.597287874849
high,GIBSON,002755,2 6 CHURCH OF CHRIST,2022,legacy_fallback_pending_official_review,0.95,6 Church of Christ,2020,240,0.005210827477
high,GIBSON,002758,2 6 CHURCH OF CHRIST,2022,legacy_fallback_pending_official_review,0.95,6 Church of Christ,2020,240,0.397501297674
high,GIBSON,002751,3 7 BAILEY PARK,2022,legacy_fallback_pending_official_review,0.95,7 Bailey Park,2020,239,0.478339587042
high,GIBSON,002754,3 7 BAILEY PARK,2022,legacy_fallback_pending_official_review,0.95,7 Bailey Park,2020,239,1.2787806e-05
high,GIBSON,002755,3 7 BAILEY PARK,2022,legacy_fallback_pending_official_review,0.95,7 Bailey Park,2020,239,0.517632277102
high,GIBSON,002756,3 7 BAILEY PARK,2022,legacy_fallback_pending_official_review,0.95,7 Bailey Park,2020,239,0.004015348049
medium,GREENE,003077,5 SOUTH GREENE,2022,legacy_fallback_pending_official_review,0.8,SG - South Greene,2020,916,1.0
medium,GREENE,003076,1 WEST PINES,2022,legacy_fallback_pending_official_review,0.7826,WP - West Pines,2020,909,1.0
medium,WAYNE,009412,6 2 SOUTH GATE,2022,legacy_fallback_pending_official_review,0.8526,Southgate,2020,1547,1.0
high,ANDERSON,000007,CLINTON MIDDLE,2022,legacy_fallback_pending_official_review,1.0,,2020,0008,0.90007601
high,ANDERSON,000001,CLINTON MIDDLE,2022,legacy_fallback_pending_official_review,1.0,,2020,0008,0.09805552
high,ANDERSON,000018,CLINTON MIDDLE,2022,legacy_fallback_pending_official_review,1.0,,2020,0008,0.00182875
high,ANDERSON,000010,CLINTON MIDDLE,2022,legacy_fallback_pending_official_review,1.0,,2020,0008,3.358e-05
high,ANDERSON,000011,CLINTON MIDDLE,2022,legacy_fallback_pending_official_review,1.0,,2020,0008,4.42e-06
high,ANDERSON,000016,CLINTON MIDDLE,2022,legacy_fallback_pending_official_review,1.0,,2020,0008,1.71e-06
high,ANDERSON,000015,LAKE CITY MS,2022,legacy_fallback_pending_official_review,1.0,,2020,0016,0.875
high,ANDERSON,000021,LAKE CITY MS,2022,legacy_fallback_pending_official_review,1.0,,2020,0016,0.12444763
high,ANDERSON,000026,LAKE CITY MS,2022,legacy_fallback_pending_official_review,1.0,,2020,0016,0.00054754
high,ANDERSON,000023,LAKE CITY MS,2022,legacy_fallback_pending_official_review,1.0,,2020,0016,4.83e-06
high,ANDERSON,000021,OR SENIOR CENTER,2022,legacy_fallback_pending_official_review,1.0,,2020,0021,1.0
high,BLOUNT,000408,ALCOA,2022,legacy_fallback_pending_official_review,1.0,,2020,0001,1.0
high,BLOUNT,000403,BOARD OF EDUCATION,2022,legacy_fallback_pending_official_review,1.0,,2020,0002,1.0
high,BLOUNT,000434,CARPENTERS,2022,legacy_fallback_pending_official_review,1.0,,2020,0003,1.0
high,BLOUNT,000425,CHILHOWEE VIEW,2022,legacy_fallback_pending_official_review,1.0,,2020,0004,1.0
high,BLOUNT,000412,EAGLETON MS CAFETERIA,2022,legacy_fallback_pending_official_review,1.0,,2020,0005,1.0
high,BLOUNT,000413,EVERETT,2022,legacy_fallback_pending_official_review,1.0,,2020,0006,1.0
high,BLOUNT,000433,FAIRVIEW,2022,legacy_fallback_pending_official_review,1.0,,2020,0007,1.0
high,BLOUNT,000416,FRIENDSVILLE,2022,legacy_fallback_pending_official_review,1.0,,2020,0008,1.0
high,BLOUNT,000424,HERITAGE,2022,legacy_fallback_pending_official_review,1.0,,2020,0009,1.0
high,BLOUNT,000430,JOHN SEVIER,2022,legacy_fallback_pending_official_review,1.0,,2020,0010,1.0
high,BLOUNT,000418,LANIER,2022,legacy_fallback_pending_official_review,1.0,,2020,0011,1.0
high,BLOUNT,000423,LOUISVILLE,2022,legacy_fallback_pending_official_review,1.0,,2020,0012,1.0
high,BLOUNT,000411,MARTIN LUTHER KING,2022,legacy_fallback_pending_official_review,1.0,,2020,0013,1.0
high,BLOUNT,000432,MARYVILLE COLLEGE,2022,legacy_fallback_pending_official_review,1.0,,2020,0014,1.0
high,BLOUNT,000415,MARYVILLE HS,2022,legacy_fallback_pending_official_review,1.0,,2020,0015,1.0
high,BLOUNT,000404,MARYVILLE JR HIGH,2022,legacy_fallback_pending_official_review,1.0,,2020,0016,1.0
high,BLOUNT,000414,MARYVILLE MUNICIPAL,2022,legacy_fallback_pending_official_review,1.0,,2020,0017,1.0
high,BLOUNT,000407,MIDDLESETTLEMENTS,2022,legacy_fallback_pending_official_review,1.0,,2020,0018,1.0
high,BLOUNT,000427,MONTVALE,2022,legacy_fallback_pending_official_review,1.0,,2020,0019,1.0
high,BLOUNT,000421,OAKVIEW,2022,legacy_fallback_pending_official_review,0.995,,2020,0020,1.0
high,BLOUNT,000436,PELLISSIPPI CAMPUS,2022,legacy_fallback_pending_official_review,1.0,,2020,0021,1.0
high,BLOUNT,000429,PORTER,2022,legacy_fallback_pending_official_review,1.0,,2020,0022,1.0
high,BLOUNT,000405,PROSPECT,2022,legacy_fallback_pending_official_review,1.0,,2020,0023,1.0
high,BLOUNT,000406,ROCKFORD,2022,legacy_fallback_pending_official_review,1.0,,2020,0024,1.0
high,BLOUNT,000401,TOWNSEND,2022,legacy_fallback_pending_official_review,1.0,,2020,0025,1.0
high,BLOUNT,000426,WALLAND,2022,legacy_fallback_pending_official_review,1.0,,2020,0516,0.75872108
high,BLOUNT,000401,WALLAND,2022,legacy_fallback_pending_official_review,1.0,,2020,0516,0.24049526
high,BLOUNT,000425,WALLAND,2022,legacy_fallback_pending_official_review,1.0,,2020,0516,0.00027155
high,BLOUNT,000402,WALLAND,2022,legacy_fallback_pending_official_review,1.0,,2020,0516,0.00022447
high,BLOUNT,000427,WALLAND,2022,legacy_fallback_pending_official_review,1.0,,2020,0516,0.00018423
high,BLOUNT,000424,WALLAND,2022,legacy_fallback_pending_official_review,1.0,,2020,0516,6.422e-05
high,BLOUNT,000435,WALLAND,2022,legacy_fallback_pending_official_review,1.0,,2020,0516,3.919e-05
high,BLOUNT,000417,WILLIAM BLOUNT HS,2022,legacy_fallback_pending_official_review,1.0,,2020,0026,1.0
high,BLOUNT,000435,WM BLOUNT ACADEMY,2022,legacy_fallback_pending_official_review,1.0,,2020,0027,1.0
high,CAMPBELL,000616,1 1 ALDER SPRINGS,2022,legacy_fallback_pending_official_review,1.0,,2020,0001,1.0
high,CAMPBELL,000615,1 2 DEMORY,2022,legacy_fallback_pending_official_review,1.0,,2020,0002,1.0
high,CAMPBELL,000612,1 3 PINECREST,2022,legacy_fallback_pending_official_review,1.0,,2020,0003,1.0
high,CAMPBELL,000604,1 4 VALLEY VIEW,2022,legacy_fallback_pending_official_review,1.0,,2020,0004,1.0
high,CAMPBELL,000617,1 5 WELL SPRINGS,2022,legacy_fallback_pending_official_review,1.0,,2020,0005,1.0
high,CAMPBELL,000601,2 1 COLLEGE HILL,2022,legacy_fallback_pending_official_review,1.0,,2020,0006,1.0
high,CAMPBELL,000608,2 2 EAST LAFOLLETTE,2022,legacy_fallback_pending_official_review,1.0,,2020,0009,1.0
high,CAMPBELL,000607,2 3 LAFOLLETTE ES,2022,legacy_fallback_pending_official_review,1.0,,2020,0012,1.0
high,CAMPBELL,000610,3 1 CCHS,2022,legacy_fallback_pending_official_review,1.0,,2020,0013,1.0
high,CAMPBELL,000609,3 2 JACKSBORO STA,2022,legacy_fallback_pending_official_review,1.0,,2020,0014,1.0
high,CAMPBELL,000603,3 3 WEST LAFOLLETTE,2022,legacy_fallback_pending_official_review,1.0,,2020,0015,1.0
high,CAMPBELL,000602,4 1 CARYVILLE,2022,legacy_fallback_pending_official_review,1.0,,2020,0018,1.0
high,CAMPBELL,000614,4 2 CLINCHMORE,2022,legacy_fallback_pending_official_review,1.0,,2020,0019,1.0
high,CAMPBELL,000611,4 3 JACKSBORO,2022,legacy_fallback_pending_official_review,1.0,,2020,0020,1.0
high,CAMPBELL,000613,4 4 RIDGEWOOD,2022,legacy_fallback_pending_official_review,1.0,,2020,0021,1.0
high,CAMPBELL,000605,5 1 ELK VALLEY,2022,legacy_fallback_pending_official_review,1.0,,2020,0022,1.0
high,CAMPBELL,000618,5 2 HABERSHAM,2022,legacy_fallback_pending_official_review,1.0,,2020,0023,1.0
high,CAMPBELL,000621,5 3 JELLICO,2022,legacy_fallback_pending_official_review,1.0,,2020,0024,1.0
high,CAMPBELL,000620,5 4 NEWCOMB,2022,legacy_fallback_pending_official_review,1.0,,2020,0025,1.0
high,CAMPBELL,000619,5 5 WHITE OAK,2022,legacy_fallback_pending_official_review,1.0,,2020,0026,1.0
high,CAMPBELL,000603,5 6 LAFOLLETTE REC,2022,legacy_fallback_pending_official_review,1.0,,2020,0027,1.0
high,CANNON,000709,2 4 SHORT MOUNTAIN,2022,legacy_fallback_pending_official_review,1.0,,2020,0005,1.0
high,CANNON,000709,4 2 SHORT MOUNTAIN,2022,legacy_fallback_pending_official_review,1.0,,2020,0008,1.0
high,CARTER,000922,NATIONAL GUARD,2022,legacy_fallback_pending_official_review,1.0,,2020,0012,1.0
high,CLAY,001303,1 DENTONS CROSS ROAD,2022,legacy_fallback_pending_official_review,1.0,,2020,0001,1.0
high,CLAY,001307,2 HERMITAGE SPRINGS,2022,legacy_fallback_pending_official_review,1.0,,2020,0002,1.0
high,CLAY,001305,3 CELINA,2022,legacy_fallback_pending_official_review,1.0,,2020,0003,1.0
high,CLAY,001301,4 1 MAPLE GROVE,2022,legacy_fallback_pending_official_review,1.0,,2020,0004,1.0
high,CLAY,001306,4 2 BUTLERS LANDING,2022,legacy_fallback_pending_official_review,1.0,,2020,0005,1.0
high,CLAY,001302,5 1 BEECH BETHANY,2022,legacy_fallback_pending_official_review,1.0,,2020,0006,1.0
high,CLAY,001304,5 2 PEA RIDGE,2022,legacy_fallback_pending_official_review,1.0,,2020,0007,1.0
high,COCKE,001406,NEWPORT GRAMMAR,2022,legacy_fallback_pending_official_review,1.0,,2020,0015,1.0
high,COCKE,001405,SMOKY MOUNTAIN,2022,legacy_fallback_pending_official_review,1.0,,2020,0014,1.0
high,COFFEE,001504,9 4 CEDAR LANE,2022,legacy_fallback_pending_official_review,1.0,,2020,0017,1.0
high,CROCKETT,001602,1,2022,legacy_fallback_pending_official_review,1.0,,2020,1384,0.99267969
high,CROCKETT,001603,1,2022,legacy_fallback_pending_official_review,1.0,,2020,1384,0.00712265
high,CROCKETT,001601,1,2022,legacy_fallback_pending_official_review,1.0,,2020,1384,0.00019672
high,CROCKETT,001608,1,2022,legacy_fallback_pending_official_review,1.0,,2020,1384,9.4e-07
high,CROCKETT,001605,10,2022,legacy_fallback_pending_official_review,1.0,,2020,0010,1.0
high,CROCKETT,001606,11,2022,legacy_fallback_pending_official_review,1.0,,2020,0011,1.0
high,CROCKETT,001607,12,2022,legacy_fallback_pending_official_review,1.0,,2020,0012,1.0
high,CROCKETT,001603,2,2022,legacy_fallback_pending_official_review,1.0,,2020,1400,0.97324318
high,CROCKETT,001609,2,2022,legacy_fallback_pending_official_review,1.0,,2020,1400,0.02654891
high,CROCKETT,001608,2,2022,legacy_fallback_pending_official_review,1.0,,2020,1400,0.00011689
high,CROCKETT,001602,2,2022,legacy_fallback_pending_official_review,1.0,,2020,1400,9.102e-05
high,CROCKETT,001609,3,2022,legacy_fallback_pending_official_review,1.0,,2020,1404,0.98062551
high,CROCKETT,001608,3,2022,legacy_fallback_pending_official_review,1.0,,2020,1404,0.01931307
high,CROCKETT,001603,3,2022,legacy_fallback_pending_official_review,1.0,,2020,1404,6.142e-05
high,CROCKETT,001601,4,2022,legacy_fallback_pending_official_review,1.0,,2020,1408,0.99744272
high,CROCKETT,001610,4,2022,legacy_fallback_pending_official_review,1.0,,2020,1408,0.00127612
high,CROCKETT,001608,4,2022,legacy_fallback_pending_official_review,1.0,,2020,1408,0.00098507
high,CROCKETT,001602,4,2022,legacy_fallback_pending_official_review,1.0,,2020,1408,0.00028717
high,CROCKETT,001611,4,2022,legacy_fallback_pending_official_review,1.0,,2020,1408,6.3e-06
high,CROCKETT,001612,4,2022,legacy_fallback_pending_official_review,1.0,,2020,1408,2.63e-06
high,CROCKETT,001608,5,2022,legacy_fallback_pending_official_review,1.0,,2020,1412,0.9983233
high,CROCKETT,001604,5,2022,legacy_fallback_pending_official_review,1.0,,2020,1412,0.00062758
high,CROCKETT,001609,5,2022,legacy_fallback_pending_official_review,1.0,,2020,1412,0.00038911
high,CROCKETT,001603,5,2022,legacy_fallback_pending_official_review,1.0,,2020,1412,0.00031297
high,CROCKETT,001602,5,2022,legacy_fallback_pending_official_review,1.0,,2020,1412,0.00011589
high,CROCKETT,001601,5,2022,legacy_fallback_pending_official_review,1.0,,2020,1412,9.8e-05
high,CROCKETT,001610,5,2022,legacy_fallback_pending_official_review,1.0,,2020,1412,7.839e-05
high,CROCKETT,001611,5,2022,legacy_fallback_pending_official_review,1.0,,2020,1412,5.478e-05
high,CROCKETT,001612,6,2022,legacy_fallback_pending_official_review,1.0,,2020,1416,0.99933558
high,CROCKETT,001607,6,2022,legacy_fallback_pending_official_review,1.0,,2020,1416,0.0004987
high,CROCKETT,001611,6,2022,legacy_fallback_pending_official_review,1.0,,2020,1416,0.00015002
high,CROCKETT,001601,6,2022,legacy_fallback_pending_official_review,1.0,,2020,1416,1.569e-05
high,CROCKETT,001610,7,2022,legacy_fallback_pending_official_review,1.0,,2020,1420,0.98992926
high,CROCKETT,001611,7,2022,legacy_fallback_pending_official_review,1.0,,2020,1420,0.00890498
high,CROCKETT,001608,7,2022,legacy_fallback_pending_official_review,1.0,,2020,1420,0.00116576
high,CROCKETT,001611,8,2022,legacy_fallback_pending_official_review,1.0,,2020,1424,0.75982146
high,CROCKETT,001612,8,2022,legacy_fallback_pending_official_review,1.0,,2020,1424,0.12548709
high,CROCKETT,001606,8,2022,legacy_fallback_pending_official_review,1.0,,2020,1424,0.10821951
high,CROCKETT,001608,8,2022,legacy_fallback_pending_official_review,1.0,,2020,1424,0.00570705
high,CROCKETT,001604,8,2022,legacy_fallback_pending_official_review,1.0,,2020,1424,0.0004586
high,CROCKETT,001610,8,2022,legacy_fallback_pending_official_review,1.0,,2020,1424,0.00019931
high,CROCKETT,001601,8,2022,legacy_fallback_pending_official_review,1.0,,2020,1424,0.00010698
high,CROCKETT,001604,9,2022,legacy_fallback_pending_official_review,1.0,,2020,1428,0.79385146
high,CROCKETT,001609,9,2022,legacy_fallback_pending_official_review,1.0,,2020,1428,0.16888102
high,CROCKETT,001605,9,2022,legacy_fallback_pending_official_review,1.0,,2020,1428,0.02586015
high,CROCKETT,001606,9,2022,legacy_fallback_pending_official_review,1.0,,2020,1428,0.01077068
high,CROCKETT,001608,9,2022,legacy_fallback_pending_official_review,1.0,,2020,1428,0.00037381
high,CROCKETT,001611,9,2022,legacy_fallback_pending_official_review,1.0,,2020,1428,0.00026287
high,CUMBERLAND,001705,1 CORNERSTONE,2022,legacy_fallback_pending_official_review,1.0,,2020,0001,1.0
high,CUMBERLAND,001704,2 COMPLEX 2,2022,legacy_fallback_pending_official_review,1.0,,2020,0002,1.0
high,CUMBERLAND,001702,3 BIG LICK,2022,legacy_fallback_pending_official_review,1.0,,2020,0006,1.0
high,CUMBERLAND,001707,3 DORTON,2022,legacy_fallback_pending_official_review,1.0,,2020,0004,1.0
high,CUMBERLAND,001711,3 HOMESTEAD,2022,legacy_fallback_pending_official_review,1.0,,2020,0003,1.0
high,CUMBERLAND,001713,3 LINARY,2022,legacy_fallback_pending_official_review,1.0,,2020,0005,1.0
high,CUMBERLAND,001701,4 BAKERS,2022,legacy_fallback_pending_official_review,1.0,,2020,0008,1.0
high,CUMBERLAND,001716,4 OAK HILL,2022,legacy_fallback_pending_official_review,1.0,,2020,0009,1.0
high,CUMBERLAND,001721,4 TABOR,2022,legacy_fallback_pending_official_review,1.0,,2020,0007,1.0
high,CUMBERLAND,001712,5 LANTANA,2022,legacy_fallback_pending_official_review,1.0,,2020,0010,1.0
high,CUMBERLAND,001722,5 TANSI,2022,legacy_fallback_pending_official_review,1.0,,2020,0012,1.0
high,CUMBERLAND,001723,5 VANDEVER,2022,legacy_fallback_pending_official_review,1.0,,2020,0011,1.0
high,CUMBERLAND,001703,6 CHESTNUT HILL,2022,legacy_fallback_pending_official_review,1.0,,2020,0014,1.0
high,CUMBERLAND,001706,6 CRAB ORCHARD,2022,legacy_fallback_pending_official_review,1.0,,2020,0013,1.0
high,CUMBERLAND,001710,6 GRASSY COVE,2022,legacy_fallback_pending_official_review,1.0,,2020,0016,1.0
high,CUMBERLAND,001717,6 OZONE PINEVIEW,2022,legacy_fallback_pending_official_review,1.0,,2020,0015,1.0
high,CUMBERLAND,001714,7 MAYLAND,2022,legacy_fallback_pending_official_review,1.0,,2020,0019,1.0
high,CUMBERLAND,001720,7 RINNIE,2022,legacy_fallback_pending_official_review,1.0,,2020,0017,1.0
high,CUMBERLAND,001724,7 WOODY,2022,legacy_fallback_pending_official_review,1.0,,2020,0018,1.0
high,CUMBERLAND,001715,8 MIDWAY,2022,legacy_fallback_pending_official_review,1.0,,2020,0022,1.0
high,CUMBERLAND,001718,8 PLEASANT HILL,2022,legacy_fallback_pending_official_review,1.0,,2020,0020,1.0
high,CUMBERLAND,001719,8 POMONA,2022,legacy_fallback_pending_official_review,1.0,,2020,0021,1.0
high,CUMBERLAND,001709,9 FAIRFIELD NORTH,2022,legacy_fallback_pending_official_review,1.0,,2020,0023,1.0
high,CUMBERLAND,001708,9 FAIRFIELD SOUTH,2022,legacy_fallback_pending_official_review,1.0,,2020,0024,1.0
high,DAVIDSON,001804,1 1,2022,legacy_fallback_pending_official_review,0.993,,2020,GRP::DAVIDSON::1,0.2
high,DAVIDSON,001802,1 1,2022,legacy_fallback_pending_official_review,0.993,,2020,GRP::DAVIDSON::1,0.2
high,DAVIDSON,001805,1 1,2022,legacy_fallback_pending_official_review,0.993,,2020,GRP::DAVIDSON::1,0.2
high,DAVIDSON,001801,1 1,2022,legacy_fallback_pending_official_review,0.993,,2020,GRP::DAVIDSON::1,0.2
high,DAVIDSON,001803,1 1,2022,legacy_fallback_pending_official_review,0.993,,2020,GRP::DAVIDSON::1,0.2
high,DAVIDSON,001804,1 2,2022,legacy_fallback_pending_official_review,0.993,,2020,GRP::DAVIDSON::1,0.2
high,DAVIDSON,001802,1 2,2022,legacy_fallback_pending_official_review,0.993,,2020,GRP::DAVIDSON::1,0.2
high,DAVIDSON,001805,1 2,2022,legacy_fallback_pending_official_review,0.993,,2020,GRP::DAVIDSON::1,0.2
high,DAVIDSON,001801,1 2,2022,legacy_fallback_pending_official_review,0.993,,2020,GRP::DAVIDSON::1,0.2
high,DAVIDSON,001803,1 2,2022,legacy_fallback_pending_official_review,0.993,,2020,GRP::DAVIDSON::1,0.2
high,DAVIDSON,001804,1 3,2022,legacy_fallback_pending_official_review,0.993,,2020,GRP::DAVIDSON::1,0.2
high,DAVIDSON,001802,1 3,2022,legacy_fallback_pending_official_review,0.993,,2020,GRP::DAVIDSON::1,0.2
high,DAVIDSON,001805,1 3,2022,legacy_fallback_pending_official_review,0.993,,2020,GRP::DAVIDSON::1,0.2
high,DAVIDSON,001801,1 3,2022,legacy_fallback_pending_official_review,0.993,,2020,GRP::DAVIDSON::1,0.2
high,DAVIDSON,001803,1 3,2022,legacy_fallback_pending_official_review,0.993,,2020,GRP::DAVIDSON::1,0.2
high,DAVIDSON,001804,1 4,2022,legacy_fallback_pending_official_review,0.993,,2020,GRP::DAVIDSON::1,0.2
high,DAVIDSON,001802,1 4,2022,legacy_fallback_pending_official_review,0.993,,2020,GRP::DAVIDSON::1,0.2
high,DAVIDSON,001805,1 4,2022,legacy_fallback_pending_official_review,0.993,,2020,GRP::DAVIDSON::1,0.2
high,DAVIDSON,001801,1 4,2022,legacy_fallback_pending_official_review,0.993,,2020,GRP::DAVIDSON::1,0.2
high,DAVIDSON,001803,1 4,2022,legacy_fallback_pending_official_review,0.993,,2020,GRP::DAVIDSON::1,0.2
high,DAVIDSON,001804,1 5,2022,legacy_fallback_pending_official_review,0.993,,2020,GRP::DAVIDSON::1,0.2
high,DAVIDSON,001802,1 5,2022,legacy_fallback_pending_official_review,0.993,,2020,GRP::DAVIDSON::1,0.2
high,DAVIDSON,001805,1 5,2022,legacy_fallback_pending_official_review,0.993,,2020,GRP::DAVIDSON::1,0.2
high,DAVIDSON,001801,1 5,2022,legacy_fallback_pending_official_review,0.993,,2020,GRP::DAVIDSON::1,0.2
high,DAVIDSON,001803,1 5,2022,legacy_fallback_pending_official_review,0.993,,2020,GRP::DAVIDSON::1,0.2
high,DAVIDSON,001804,1 6,2022,legacy_fallback_pending_official_review,0.993,,2020,GRP::DAVIDSON::1,0.2
high,DAVIDSON,001802,1 6,2022,legacy_fallback_pending_official_review,0.993,,2020,GRP::DAVIDSON::1,0.2
high,DAVIDSON,001805,1 6,2022,legacy_fallback_pending_official_review,0.993,,2020,GRP::DAVIDSON::1,0.2
high,DAVIDSON,001801,1 6,2022,legacy_fallback_pending_official_review,0.993,,2020,GRP::DAVIDSON::1,0.2
high,DAVIDSON,001803,1 6,2022,legacy_fallback_pending_official_review,0.993,,2020,GRP::DAVIDSON::1,0.2
high,DAVIDSON,001804,1 7,2022,legacy_fallback_pending_official_review,0.993,,2020,GRP::DAVIDSON::1,0.2
high,DAVIDSON,001802,1 7,2022,legacy_fallback_pending_official_review,0.993,,2020,GRP::DAVIDSON::1,0.2
high,DAVIDSON,001805,1 7,2022,legacy_fallback_pending_official_review,0.993,,2020,GRP::DAVIDSON::1,0.2
high,DAVIDSON,001801,1 7,2022,legacy_fallback_pending_official_review,0.993,,2020,GRP::DAVIDSON::1,0.2
high,DAVIDSON,001803,1 7,2022,legacy_fallback_pending_official_review,0.993,,2020,GRP::DAVIDSON::1,0.2
high,DAVIDSON,001844,10 1,2022,legacy_fallback_pending_official_review,1.0,,2020,0053,1.0
high,DAVIDSON,001811,10 2,2022,legacy_fallback_pending_official_review,1.0,,2020,0054,1.0
high,DAVIDSON,001811,10 3,2022,legacy_fallback_pending_official_review,1.0,,2020,0055,0.633772
high,DAVIDSON,001845,10 3,2022,legacy_fallback_pending_official_review,1.0,,2020,0055,0.366228
high,DAVIDSON,001847,10 4,2022,legacy_fallback_pending_official_review,1.0,,2020,0056,0.511001
high,DAVIDSON,001846,10 4,2022,legacy_fallback_pending_official_review,1.0,,2020,0056,0.478801
high,DAVIDSON,001845,10 4,2022,legacy_fallback_pending_official_review,1.0,,2020,0056,0.010198
high,DAVIDSON,001848,10 5,2022,legacy_fallback_pending_official_review,1.0,,2020,0057,0.768688
high,DAVIDSON,001840,10 5,2022,legacy_fallback_pending_official_review,1.0,,2020,0057,0.231312
high,DAVIDSON,001849,10 6,2022,legacy_fallback_pending_official_review,1.0,,2020,0058,1.0
high,DAVIDSON,001849,10 7,2022,legacy_fallback_pending_official_review,1.0,,2020,0059,0.750689
high,DAVIDSON,001847,10 7,2022,legacy_fallback_pending_official_review,1.0,,2020,0059,0.249311
high,DAVIDSON,001847,10 8,2022,legacy_fallback_pending_official_review,1.0,,2020,0060,1.0
high,DAVIDSON,001801,10 9,2022,legacy_fallback_pending_official_review,1.0,,2020,0061,1.0
high,DAVIDSON,001850,11 1,2022,legacy_fallback_pending_official_review,1.0,,2020,0062,1.0
high,DAVIDSON,001850,11 2,2022,legacy_fallback_pending_official_review,1.0,,2020,0063,1.0
high,DAVIDSON,001851,11 3,2022,legacy_fallback_pending_official_review,1.0,,2020,0064,0.520031
high,DAVIDSON,001852,11 3,2022,legacy_fallback_pending_official_review,1.0,,2020,0064,0.473179
high,DAVIDSON,001864,11 3,2022,legacy_fallback_pending_official_review,1.0,,2020,0064,0.00679
high,DAVIDSON,001851,11 4,2022,legacy_fallback_pending_official_review,1.0,,2020,0065,0.541634
high,DAVIDSON,001853,11 4,2022,legacy_fallback_pending_official_review,1.0,,2020,0065,0.307247
high,DAVIDSON,001857,11 4,2022,legacy_fallback_pending_official_review,1.0,,2020,0065,0.129566
high,DAVIDSON,001854,11 4,2022,legacy_fallback_pending_official_review,1.0,,2020,0065,0.021553
high,DAVIDSON,001857,12 1,2022,legacy_fallback_pending_official_review,1.0,,2020,0066,0.623174
high,DAVIDSON,001856,12 1,2022,legacy_fallback_pending_official_review,1.0,,2020,0066,0.376826
high,DAVIDSON,001865,12 2,2022,legacy_fallback_pending_official_review,1.0,,2020,0067,0.518856
high,DAVIDSON,001863,12 2,2022,legacy_fallback_pending_official_review,1.0,,2020,0067,0.261776
high,DAVIDSON,001855,12 2,2022,legacy_fallback_pending_official_review,1.0,,2020,0067,0.091121
high,DAVIDSON,001857,12 2,2022,legacy_fallback_pending_official_review,1.0,,2020,0067,0.072672
high,DAVIDSON,001856,12 2,2022,legacy_fallback_pending_official_review,1.0,,2020,0067,0.055575
high,DAVIDSON,001855,12 3,2022,legacy_fallback_pending_official_review,1.0,,2020,0068,0.821963
high,DAVIDSON,001858,12 3,2022,legacy_fallback_pending_official_review,1.0,,2020,0068,0.178037
high,DAVIDSON,001948,12 4,2022,legacy_fallback_pending_official_review,1.0,,2020,0069,1.0
high,DAVIDSON,001810,2 1,2022,legacy_fallback_pending_official_review,0.993,,2020,GRP::DAVIDSON::2,0.2
high,DAVIDSON,001807,2 1,2022,legacy_fallback_pending_official_review,0.993,,2020,GRP::DAVIDSON::2,0.2
high,DAVIDSON,001806,2 1,2022,legacy_fallback_pending_official_review,0.993,,2020,GRP::DAVIDSON::2,0.2
high,DAVIDSON,001808,2 1,2022,legacy_fallback_pending_official_review,0.993,,2020,GRP::DAVIDSON::2,0.2
high,DAVIDSON,001809,2 1,2022,legacy_fallback_pending_official_review,0.993,,2020,GRP::DAVIDSON::2,0.2
high,DAVIDSON,001810,2 2,2022,legacy_fallback_pending_official_review,0.993,,2020,GRP::DAVIDSON::2,0.2
high,DAVIDSON,001807,2 2,2022,legacy_fallback_pending_official_review,0.993,,2020,GRP::DAVIDSON::2,0.2
high,DAVIDSON,001806,2 2,2022,legacy_fallback_pending_official_review,0.993,,2020,GRP::DAVIDSON::2,0.2
high,DAVIDSON,001808,2 2,2022,legacy_fallback_pending_official_review,0.993,,2020,GRP::DAVIDSON::2,0.2
high,DAVIDSON,001809,2 2,2022,legacy_fallback_pending_official_review,0.993,,2020,GRP::DAVIDSON::2,0.2
high,DAVIDSON,001810,2 3,2022,legacy_fallback_pending_official_review,0.993,,2020,GRP::DAVIDSON::2,0.2
high,DAVIDSON,001807,2 3,2022,legacy_fallback_pending_official_review,0.993,,2020,GRP::DAVIDSON::2,0.2
high,DAVIDSON,001806,2 3,2022,legacy_fallback_pending_official_review,0.993,,2020,GRP::DAVIDSON::2,0.2
high,DAVIDSON,001808,2 3,2022,legacy_fallback_pending_official_review,0.993,,2020,GRP::DAVIDSON::2,0.2
high,DAVIDSON,001809,2 3,2022,legacy_fallback_pending_official_review,0.993,,2020,GRP::DAVIDSON::2,0.2
high,DAVIDSON,001810,2 4,2022,legacy_fallback_pending_official_review,0.993,,2020,GRP::DAVIDSON::2,0.2
high,DAVIDSON,001807,2 4,2022,legacy_fallback_pending_official_review,0.993,,2020,GRP::DAVIDSON::2,0.2
high,DAVIDSON,001806,2 4,2022,legacy_fallback_pending_official_review,0.993,,2020,GRP::DAVIDSON::2,0.2
high,DAVIDSON,001808,2 4,2022,legacy_fallback_pending_official_review,0.993,,2020,GRP::DAVIDSON::2,0.2
high,DAVIDSON,001809,2 4,2022,legacy_fallback_pending_official_review,0.993,,2020,GRP::DAVIDSON::2,0.2
high,DAVIDSON,001810,2 5,2022,legacy_fallback_pending_official_review,0.993,,2020,GRP::DAVIDSON::2,0.2
high,DAVIDSON,001807,2 5,2022,legacy_fallback_pending_official_review,0.993,,2020,GRP::DAVIDSON::2,0.2
high,DAVIDSON,001806,2 5,2022,legacy_fallback_pending_official_review,0.993,,2020,GRP::DAVIDSON::2,0.2
high,DAVIDSON,001808,2 5,2022,legacy_fallback_pending_official_review,0.993,,2020,GRP::DAVIDSON::2,0.2
high,DAVIDSON,001809,2 5,2022,legacy_fallback_pending_official_review,0.993,,2020,GRP::DAVIDSON::2,0.2
high,DAVIDSON,001815,3 1,2022,legacy_fallback_pending_official_review,0.993,,2020,GRP::DAVIDSON::3,0.16666667
high,DAVIDSON,001812,3 1,2022,legacy_fallback_pending_official_review,0.993,,2020,GRP::DAVIDSON::3,0.16666667
high,DAVIDSON,001811,3 1,2022,legacy_fallback_pending_official_review,0.993,,2020,GRP::DAVIDSON::3,0.16666667
high,DAVIDSON,001814,3 1,2022,legacy_fallback_pending_official_review,0.993,,2020,GRP::DAVIDSON::3,0.16666667
high,DAVIDSON,001816,3 1,2022,legacy_fallback_pending_official_review,0.993,,2020,GRP::DAVIDSON::3,0.16666667
high,DAVIDSON,001813,3 1,2022,legacy_fallback_pending_official_review,0.993,,2020,GRP::DAVIDSON::3,0.16666667
high,DAVIDSON,001815,3 2,2022,legacy_fallback_pending_official_review,0.993,,2020,GRP::DAVIDSON::3,0.16666667
high,DAVIDSON,001812,3 2,2022,legacy_fallback_pending_official_review,0.993,,2020,GRP::DAVIDSON::3,0.16666667
high,DAVIDSON,001811,3 2,2022,legacy_fallback_pending_official_review,0.993,,2020,GRP::DAVIDSON::3,0.16666667
high,DAVIDSON,001814,3 2,2022,legacy_fallback_pending_official_review,0.993,,2020,GRP::DAVIDSON::3,0.16666667
high,DAVIDSON,001816,3 2,2022,legacy_fallback_pending_official_review,0.993,,2020,GRP::DAVIDSON::3,0.16666667
high,DAVIDSON,001813,3 2,2022,legacy_fallback_pending_official_review,0.993,,2020,GRP::DAVIDSON::3,0.16666667
high,DAVIDSON,001815,3 3,2022,legacy_fallback_pending_official_review,0.993,,2020,GRP::DAVIDSON::3,0.16666667
high,DAVIDSON,001812,3 3,2022,legacy_fallback_pending_official_review,0.993,,2020,GRP::DAVIDSON::3,0.16666667
high,DAVIDSON,001811,3 3,2022,legacy_fallback_pending_official_review,0.993,,2020,GRP::DAVIDSON::3,0.16666667
high,DAVIDSON,001814,3 3,2022,legacy_fallback_pending_official_review,0.993,,2020,GRP::DAVIDSON::3,0.16666667
high,DAVIDSON,001816,3 3,2022,legacy_fallback_pending_official_review,0.993,,2020,GRP::DAVIDSON::3,0.16666667
high,DAVIDSON,001813,3 3,2022,legacy_fallback_pending_official_review,0.993,,2020,GRP::DAVIDSON::3,0.16666667
high,DAVIDSON,001815,3 4,2022,legacy_fallback_pending_official_review,0.993,,2020,GRP::DAVIDSON::3,0.16666667
high,DAVIDSON,001812,3 4,2022,legacy_fallback_pending_official_review,0.993,,2020,GRP::DAVIDSON::3,0.16666667
high,DAVIDSON,001811,3 4,2022,legacy_fallback_pending_official_review,0.993,,2020,GRP::DAVIDSON::3,0.16666667
high,DAVIDSON,001814,3 4,2022,legacy_fallback_pending_official_review,0.993,,2020,GRP::DAVIDSON::3,0.16666667
high,DAVIDSON,001816,3 4,2022,legacy_fallback_pending_official_review,0.993,,2020,GRP::DAVIDSON::3,0.16666667
high,DAVIDSON,001813,3 4,2022,legacy_fallback_pending_official_review,0.993,,2020,GRP::DAVIDSON::3,0.16666667
high,DAVIDSON,001815,3 5,2022,legacy_fallback_pending_official_review,0.993,,2020,GRP::DAVIDSON::3,0.16666667
high,DAVIDSON,001812,3 5,2022,legacy_fallback_pending_official_review,0.993,,2020,GRP::DAVIDSON::3,0.16666667
high,DAVIDSON,001811,3 5,2022,legacy_fallback_pending_official_review,0.993,,2020,GRP::DAVIDSON::3,0.16666667
high,DAVIDSON,001814,3 5,2022,legacy_fallback_pending_official_review,0.993,,2020,GRP::DAVIDSON::3,0.16666667
high,DAVIDSON,001816,3 5,2022,legacy_fallback_pending_official_review,0.993,,2020,GRP::DAVIDSON::3,0.16666667
high,DAVIDSON,001813,3 5,2022,legacy_fallback_pending_official_review,0.993,,2020,GRP::DAVIDSON::3,0.16666667
high,DAVIDSON,001815,3 6,2022,legacy_fallback_pending_official_review,0.993,,2020,GRP::DAVIDSON::3,0.16666667
high,DAVIDSON,001812,3 6,2022,legacy_fallback_pending_official_review,0.993,,2020,GRP::DAVIDSON::3,0.16666667
high,DAVIDSON,001811,3 6,2022,legacy_fallback_pending_official_review,0.993,,2020,GRP::DAVIDSON::3,0.16666667
high,DAVIDSON,001814,3 6,2022,legacy_fallback_pending_official_review,0.993,,2020,GRP::DAVIDSON::3,0.16666667
high,DAVIDSON,001816,3 6,2022,legacy_fallback_pending_official_review,0.993,,2020,GRP::DAVIDSON::3,0.16666667
high,DAVIDSON,001813,3 6,2022,legacy_fallback_pending_official_review,0.993,,2020,GRP::DAVIDSON::3,0.16666667
high,DAVIDSON,001815,3 7,2022,legacy_fallback_pending_official_review,0.993,,2020,GRP::DAVIDSON::3,0.16666667
high,DAVIDSON,001812,3 7,2022,legacy_fallback_pending_official_review,0.993,,2020,GRP::DAVIDSON::3,0.16666667
high,DAVIDSON,001811,3 7,2022,legacy_fallback_pending_official_review,0.993,,2020,GRP::DAVIDSON::3,0.16666667
high,DAVIDSON,001814,3 7,2022,legacy_fallback_pending_official_review,0.993,,2020,GRP::DAVIDSON::3,0.16666667
high,DAVIDSON,001816,3 7,2022,legacy_fallback_pending_official_review,0.993,,2020,GRP::DAVIDSON::3,0.16666667
high,DAVIDSON,001813,3 7,2022,legacy_fallback_pending_official_review,0.993,,2020,GRP::DAVIDSON::3,0.16666667
high,DAVIDSON,001815,3 8,2022,legacy_fallback_pending_official_review,0.993,,2020,GRP::DAVIDSON::3,0.16666667
high,DAVIDSON,001812,3 8,2022,legacy_fallback_pending_official_review,0.993,,2020,GRP::DAVIDSON::3,0.16666667
high,DAVIDSON,001811,3 8,2022,legacy_fallback_pending_official_review,0.993,,2020,GRP::DAVIDSON::3,0.16666667
high,DAVIDSON,001814,3 8,2022,legacy_fallback_pending_official_review,0.993,,2020,GRP::DAVIDSON::3,0.16666667
high,DAVIDSON,001816,3 8,2022,legacy_fallback_pending_official_review,0.993,,2020,GRP::DAVIDSON::3,0.16666667
high,DAVIDSON,001813,3 8,2022,legacy_fallback_pending_official_review,0.993,,2020,GRP::DAVIDSON::3,0.16666667
high,DAVIDSON,001820,4 1,2022,legacy_fallback_pending_official_review,0.993,,2020,GRP::DAVIDSON::4,0.25
high,DAVIDSON,001817,4 1,2022,legacy_fallback_pending_official_review,0.993,,2020,GRP::DAVIDSON::4,0.25
high,DAVIDSON,001819,4 1,2022,legacy_fallback_pending_official_review,0.993,,2020,GRP::DAVIDSON::4,0.25
high,DAVIDSON,001818,4 1,2022,legacy_fallback_pending_official_review,0.993,,2020,GRP::DAVIDSON::4,0.25
high,DAVIDSON,001820,4 2,2022,legacy_fallback_pending_official_review,0.993,,2020,GRP::DAVIDSON::4,0.25
high,DAVIDSON,001817,4 2,2022,legacy_fallback_pending_official_review,0.993,,2020,GRP::DAVIDSON::4,0.25
high,DAVIDSON,001819,4 2,2022,legacy_fallback_pending_official_review,0.993,,2020,GRP::DAVIDSON::4,0.25
high,DAVIDSON,001818,4 2,2022,legacy_fallback_pending_official_review,0.993,,2020,GRP::DAVIDSON::4,0.25
high,DAVIDSON,001815,4 3,2022,legacy_fallback_pending_official_review,0.993,,2020,GRP::DAVIDSON::3,0.16666667
high,DAVIDSON,001812,4 3,2022,legacy_fallback_pending_official_review,0.993,,2020,GRP::DAVIDSON::3,0.16666667
high,DAVIDSON,001811,4 3,2022,legacy_fallback_pending_official_review,0.993,,2020,GRP::DAVIDSON::3,0.16666667
high,DAVIDSON,001814,4 3,2022,legacy_fallback_pending_official_review,0.993,,2020,GRP::DAVIDSON::3,0.16666667
high,DAVIDSON,001816,4 3,2022,legacy_fallback_pending_official_review,0.993,,2020,GRP::DAVIDSON::3,0.16666667
high,DAVIDSON,001813,4 3,2022,legacy_fallback_pending_official_review,0.993,,2020,GRP::DAVIDSON::3,0.16666667
high,DAVIDSON,001825,5 1,2022,legacy_fallback_pending_official_review,0.993,,2020,GRP::DAVIDSON::5,0.2
high,DAVIDSON,001822,5 1,2022,legacy_fallback_pending_official_review,0.993,,2020,GRP::DAVIDSON::5,0.2
high,DAVIDSON,001824,5 1,2022,legacy_fallback_pending_official_review,0.993,,2020,GRP::DAVIDSON::5,0.2
high,DAVIDSON,001823,5 1,2022,legacy_fallback_pending_official_review,0.993,,2020,GRP::DAVIDSON::5,0.2
high,DAVIDSON,001821,5 1,2022,legacy_fallback_pending_official_review,0.993,,2020,GRP::DAVIDSON::5,0.2
high,DAVIDSON,001825,5 2,2022,legacy_fallback_pending_official_review,0.993,,2020,GRP::DAVIDSON::5,0.2
high,DAVIDSON,001822,5 2,2022,legacy_fallback_pending_official_review,0.993,,2020,GRP::DAVIDSON::5,0.2
high,DAVIDSON,001824,5 2,2022,legacy_fallback_pending_official_review,0.993,,2020,GRP::DAVIDSON::5,0.2
high,DAVIDSON,001823,5 2,2022,legacy_fallback_pending_official_review,0.993,,2020,GRP::DAVIDSON::5,0.2
high,DAVIDSON,001821,5 2,2022,legacy_fallback_pending_official_review,0.993,,2020,GRP::DAVIDSON::5,0.2
high,DAVIDSON,001815,5 3,2022,legacy_fallback_pending_official_review,0.993,,2020,GRP::DAVIDSON::3,0.16666667
high,DAVIDSON,001812,5 3,2022,legacy_fallback_pending_official_review,0.993,,2020,GRP::DAVIDSON::3,0.16666667
high,DAVIDSON,001811,5 3,2022,legacy_fallback_pending_official_review,0.993,,2020,GRP::DAVIDSON::3,0.16666667
high,DAVIDSON,001814,5 3,2022,legacy_fallback_pending_official_review,0.993,,2020,GRP::DAVIDSON::3,0.16666667
high,DAVIDSON,001816,5 3,2022,legacy_fallback_pending_official_review,0.993,,2020,GRP::DAVIDSON::3,0.16666667
high,DAVIDSON,001813,5 3,2022,legacy_fallback_pending_official_review,0.993,,2020,GRP::DAVIDSON::3,0.16666667
high,DAVIDSON,001820,5 4,2022,legacy_fallback_pending_official_review,0.993,,2020,GRP::DAVIDSON::4,0.25
high,DAVIDSON,001817,5 4,2022,legacy_fallback_pending_official_review,0.993,,2020,GRP::DAVIDSON::4,0.25
high,DAVIDSON,001819,5 4,2022,legacy_fallback_pending_official_review,0.993,,2020,GRP::DAVIDSON::4,0.25
high,DAVIDSON,001818,5 4,2022,legacy_fallback_pending_official_review,0.993,,2020,GRP::DAVIDSON::4,0.25
high,DAVIDSON,001825,5 5,2022,legacy_fallback_pending_official_review,0.993,,2020,GRP::DAVIDSON::5,0.2
high,DAVIDSON,001822,5 5,2022,legacy_fallback_pending_official_review,0.993,,2020,GRP::DAVIDSON::5,0.2
high,DAVIDSON,001824,5 5,2022,legacy_fallback_pending_official_review,0.993,,2020,GRP::DAVIDSON::5,0.2
high,DAVIDSON,001823,5 5,2022,legacy_fallback_pending_official_review,0.993,,2020,GRP::DAVIDSON::5,0.2
high,DAVIDSON,001821,5 5,2022,legacy_fallback_pending_official_review,0.993,,2020,GRP::DAVIDSON::5,0.2
high,DAVIDSON,001825,5 6,2022,legacy_fallback_pending_official_review,0.993,,2020,GRP::DAVIDSON::5,0.2
high,DAVIDSON,001822,5 6,2022,legacy_fallback_pending_official_review,0.993,,2020,GRP::DAVIDSON::5,0.2
high,DAVIDSON,001824,5 6,2022,legacy_fallback_pending_official_review,0.993,,2020,GRP::DAVIDSON::5,0.2
high,DAVIDSON,001823,5 6,2022,legacy_fallback_pending_official_review,0.993,,2020,GRP::DAVIDSON::5,0.2
high,DAVIDSON,001821,5 6,2022,legacy_fallback_pending_official_review,0.993,,2020,GRP::DAVIDSON::5,0.2
high,DAVIDSON,001825,5 7,2022,legacy_fallback_pending_official_review,0.993,,2020,GRP::DAVIDSON::5,0.2
high,DAVIDSON,001822,5 7,2022,legacy_fallback_pending_official_review,0.993,,2020,GRP::DAVIDSON::5,0.2
high,DAVIDSON,001824,5 7,2022,legacy_fallback_pending_official_review,0.993,,2020,GRP::DAVIDSON::5,0.2
high,DAVIDSON,001823,5 7,2022,legacy_fallback_pending_official_review,0.993,,2020,GRP::DAVIDSON::5,0.2
high,DAVIDSON,001821,5 7,2022,legacy_fallback_pending_official_review,0.993,,2020,GRP::DAVIDSON::5,0.2
high,DAVIDSON,001825,5 8,2022,legacy_fallback_pending_official_review,0.993,,2020,GRP::DAVIDSON::5,0.2
high,DAVIDSON,001822,5 8,2022,legacy_fallback_pending_official_review,0.993,,2020,GRP::DAVIDSON::5,0.2
high,DAVIDSON,001824,5 8,2022,legacy_fallback_pending_official_review,0.993,,2020,GRP::DAVIDSON::5,0.2
high,DAVIDSON,001823,5 8,2022,legacy_fallback_pending_official_review,0.993,,2020,GRP::DAVIDSON::5,0.2
high,DAVIDSON,001821,5 8,2022,legacy_fallback_pending_official_review,0.993,,2020,GRP::DAVIDSON::5,0.2
high,DAVIDSON,001826,6 1,2022,legacy_fallback_pending_official_review,0.993,,2020,GRP::DAVIDSON::6,0.2
high,DAVIDSON,001828,6 1,2022,legacy_fallback_pending_official_review,0.993,,2020,GRP::DAVIDSON::6,0.2
high,DAVIDSON,001829,6 1,2022,legacy_fallback_pending_official_review,0.993,,2020,GRP::DAVIDSON::6,0.2
high,DAVIDSON,001827,6 1,2022,legacy_fallback_pending_official_review,0.993,,2020,GRP::DAVIDSON::6,0.2
high,DAVIDSON,001830,6 1,2022,legacy_fallback_pending_official_review,0.993,,2020,GRP::DAVIDSON::6,0.2
high,DAVIDSON,001826,6 2,2022,legacy_fallback_pending_official_review,0.993,,2020,GRP::DAVIDSON::6,0.2
high,DAVIDSON,001828,6 2,2022,legacy_fallback_pending_official_review,0.993,,2020,GRP::DAVIDSON::6,0.2
high,DAVIDSON,001829,6 2,2022,legacy_fallback_pending_official_review,0.993,,2020,GRP::DAVIDSON::6,0.2
high,DAVIDSON,001827,6 2,2022,legacy_fallback_pending_official_review,0.993,,2020,GRP::DAVIDSON::6,0.2
high,DAVIDSON,001830,6 2,2022,legacy_fallback_pending_official_review,0.993,,2020,GRP::DAVIDSON::6,0.2
high,DAVIDSON,001815,6 3,2022,legacy_fallback_pending_official_review,0.993,,2020,GRP::DAVIDSON::3,0.16666667
high,DAVIDSON,001812,6 3,2022,legacy_fallback_pending_official_review,0.993,,2020,GRP::DAVIDSON::3,0.16666667
high,DAVIDSON,001811,6 3,2022,legacy_fallback_pending_official_review,0.993,,2020,GRP::DAVIDSON::3,0.16666667
high,DAVIDSON,001814,6 3,2022,legacy_fallback_pending_official_review,0.993,,2020,GRP::DAVIDSON::3,0.16666667
high,DAVIDSON,001816,6 3,2022,legacy_fallback_pending_official_review,0.993,,2020,GRP::DAVIDSON::3,0.16666667
high,DAVIDSON,001813,6 3,2022,legacy_fallback_pending_official_review,0.993,,2020,GRP::DAVIDSON::3,0.16666667
high,DAVIDSON,001890,6 4,2022,legacy_fallback_pending_official_review,0.995,,2020,2146,0.99853492
high,DAVIDSON,001895,6 4,2022,legacy_fallback_pending_official_review,0.995,,2020,2146,0.00125795
high,DAVIDSON,001828,6 4,2022,legacy_fallback_pending_official_review,0.995,,2020,2146,0.00020713
high,DAVIDSON,001825,6 5,2022,legacy_fallback_pending_official_review,0.993,,2020,GRP::DAVIDSON::5,0.2
high,DAVIDSON,001822,6 5,2022,legacy_fallback_pending_official_review,0.993,,2020,GRP::DAVIDSON::5,0.2
high,DAVIDSON,001824,6 5,2022,legacy_fallback_pending_official_review,0.993,,2020,GRP::DAVIDSON::5,0.2
high,DAVIDSON,001823,6 5,2022,legacy_fallback_pending_official_review,0.993,,2020,GRP::DAVIDSON::5,0.2
high,DAVIDSON,001821,6 5,2022,legacy_fallback_pending_official_review,0.993,,2020,GRP::DAVIDSON::5,0.2
high,DAVIDSON,001826,6 6,2022,legacy_fallback_pending_official_review,0.993,,2020,GRP::DAVIDSON::6,0.2
high,DAVIDSON,001828,6 6,2022,legacy_fallback_pending_official_review,0.993,,2020,GRP::DAVIDSON::6,0.2
high,DAVIDSON,001829,6 6,2022,legacy_fallback_pending_official_review,0.993,,2020,GRP::DAVIDSON::6,0.2
high,DAVIDSON,001827,6 6,2022,legacy_fallback_pending_official_review,0.993,,2020,GRP::DAVIDSON::6,0.2
high,DAVIDSON,001830,6 6,2022,legacy_fallback_pending_official_review,0.993,,2020,GRP::DAVIDSON::6,0.2
high,DAVIDSON,001826,6 7,2022,legacy_fallback_pending_official_review,0.993,,2020,GRP::DAVIDSON::6,0.2
high,DAVIDSON,001828,6 7,2022,legacy_fallback_pending_official_review,0.993,,2020,GRP::DAVIDSON::6,0.2
high,DAVIDSON,001829,6 7,2022,legacy_fallback_pending_official_review,0.993,,2020,GRP::DAVIDSON::6,0.2
high,DAVIDSON,001827,6 7,2022,legacy_fallback_pending_official_review,0.993,,2020,GRP::DAVIDSON::6,0.2
high,DAVIDSON,001830,6 7,2022,legacy_fallback_pending_official_review,0.993,,2020,GRP::DAVIDSON::6,0.2
high,DAVIDSON,001826,6 8,2022,legacy_fallback_pending_official_review,0.993,,2020,GRP::DAVIDSON::6,0.2
high,DAVIDSON,001828,6 8,2022,legacy_fallback_pending_official_review,0.993,,2020,GRP::DAVIDSON::6,0.2
high,DAVIDSON,001829,6 8,2022,legacy_fallback_pending_official_review,0.993,,2020,GRP::DAVIDSON::6,0.2
high,DAVIDSON,001827,6 8,2022,legacy_fallback_pending_official_review,0.993,,2020,GRP::DAVIDSON::6,0.2
high,DAVIDSON,001830,6 8,2022,legacy_fallback_pending_official_review,0.993,,2020,GRP::DAVIDSON::6,0.2
high,DAVIDSON,001835,7 1,2022,legacy_fallback_pending_official_review,0.993,,2020,GRP::DAVIDSON::7,0.16666667
high,DAVIDSON,001836,7 1,2022,legacy_fallback_pending_official_review,0.993,,2020,GRP::DAVIDSON::7,0.16666667
high,DAVIDSON,001834,7 1,2022,legacy_fallback_pending_official_review,0.993,,2020,GRP::DAVIDSON::7,0.16666667
high,DAVIDSON,001833,7 1,2022,legacy_fallback_pending_official_review,0.993,,2020,GRP::DAVIDSON::7,0.16666667
high,DAVIDSON,001832,7 1,2022,legacy_fallback_pending_official_review,0.993,,2020,GRP::DAVIDSON::7,0.16666667
high,DAVIDSON,001831,7 1,2022,legacy_fallback_pending_official_review,0.993,,2020,GRP::DAVIDSON::7,0.16666667
high,DAVIDSON,001835,7 2,2022,legacy_fallback_pending_official_review,0.993,,2020,GRP::DAVIDSON::7,0.16666667
high,DAVIDSON,001836,7 2,2022,legacy_fallback_pending_official_review,0.993,,2020,GRP::DAVIDSON::7,0.16666667
high,DAVIDSON,001834,7 2,2022,legacy_fallback_pending_official_review,0.993,,2020,GRP::DAVIDSON::7,0.16666667
high,DAVIDSON,001833,7 2,2022,legacy_fallback_pending_official_review,0.993,,2020,GRP::DAVIDSON::7,0.16666667
high,DAVIDSON,001832,7 2,2022,legacy_fallback_pending_official_review,0.993,,2020,GRP::DAVIDSON::7,0.16666667
high,DAVIDSON,001831,7 2,2022,legacy_fallback_pending_official_review,0.993,,2020,GRP::DAVIDSON::7,0.16666667
high,DAVIDSON,001815,7 3,2022,legacy_fallback_pending_official_review,0.993,,2020,GRP::DAVIDSON::3,0.16666667
high,DAVIDSON,001812,7 3,2022,legacy_fallback_pending_official_review,0.993,,2020,GRP::DAVIDSON::3,0.16666667
high,DAVIDSON,001811,7 3,2022,legacy_fallback_pending_official_review,0.993,,2020,GRP::DAVIDSON::3,0.16666667
high,DAVIDSON,001814,7 3,2022,legacy_fallback_pending_official_review,0.993,,2020,GRP::DAVIDSON::3,0.16666667
high,DAVIDSON,001816,7 3,2022,legacy_fallback_pending_official_review,0.993,,2020,GRP::DAVIDSON::3,0.16666667
high,DAVIDSON,001813,7 3,2022,legacy_fallback_pending_official_review,0.993,,2020,GRP::DAVIDSON::3,0.16666667
high,DAVIDSON,001820,7 4,2022,legacy_fallback_pending_official_review,0.993,,2020,GRP::DAVIDSON::4,0.25
high,DAVIDSON,001817,7 4,2022,legacy_fallback_pending_official_review,0.993,,2020,GRP::DAVIDSON::4,0.25
high,DAVIDSON,001819,7 4,2022,legacy_fallback_pending_official_review,0.993,,2020,GRP::DAVIDSON::4,0.25
high,DAVIDSON,001818,7 4,2022,legacy_fallback_pending_official_review,0.993,,2020,GRP::DAVIDSON::4,0.25
high,DAVIDSON,001825,7 5,2022,legacy_fallback_pending_official_review,0.993,,2020,GRP::DAVIDSON::5,0.2
high,DAVIDSON,001822,7 5,2022,legacy_fallback_pending_official_review,0.993,,2020,GRP::DAVIDSON::5,0.2
high,DAVIDSON,001824,7 5,2022,legacy_fallback_pending_official_review,0.993,,2020,GRP::DAVIDSON::5,0.2
high,DAVIDSON,001823,7 5,2022,legacy_fallback_pending_official_review,0.993,,2020,GRP::DAVIDSON::5,0.2
high,DAVIDSON,001821,7 5,2022,legacy_fallback_pending_official_review,0.993,,2020,GRP::DAVIDSON::5,0.2
high,DAVIDSON,001826,7 6,2022,legacy_fallback_pending_official_review,0.993,,2020,GRP::DAVIDSON::6,0.2
high,DAVIDSON,001828,7 6,2022,legacy_fallback_pending_official_review,0.993,,2020,GRP::DAVIDSON::6,0.2
high,DAVIDSON,001829,7 6,2022,legacy_fallback_pending_official_review,0.993,,2020,GRP::DAVIDSON::6,0.2
high,DAVIDSON,001827,7 6,2022,legacy_fallback_pending_official_review,0.993,,2020,GRP::DAVIDSON::6,0.2
high,DAVIDSON,001830,7 6,2022,legacy_fallback_pending_official_review,0.993,,2020,GRP::DAVIDSON::6,0.2
high,DAVIDSON,001835,7 7,2022,legacy_fallback_pending_official_review,0.993,,2020,GRP::DAVIDSON::7,0.16666667
high,DAVIDSON,001836,7 7,2022,legacy_fallback_pending_official_review,0.993,,2020,GRP::DAVIDSON::7,0.16666667
high,DAVIDSON,001834,7 7,2022,legacy_fallback_pending_official_review,0.993,,2020,GRP::DAVIDSON::7,0.16666667
high,DAVIDSON,001833,7 7,2022,legacy_fallback_pending_official_review,0.993,,2020,GRP::DAVIDSON::7,0.16666667
high,DAVIDSON,001832,7 7,2022,legacy_fallback_pending_official_review,0.993,,2020,GRP::DAVIDSON::7,0.16666667
high,DAVIDSON,001831,7 7,2022,legacy_fallback_pending_official_review,0.993,,2020,GRP::DAVIDSON::7,0.16666667
high,DAVIDSON,001838,8 1,2022,legacy_fallback_pending_official_review,0.993,,2020,GRP::DAVIDSON::8,0.25
high,DAVIDSON,001837,8 1,2022,legacy_fallback_pending_official_review,0.993,,2020,GRP::DAVIDSON::8,0.25
high,DAVIDSON,001840,8 1,2022,legacy_fallback_pending_official_review,0.993,,2020,GRP::DAVIDSON::8,0.25
high,DAVIDSON,001839,8 1,2022,legacy_fallback_pending_official_review,0.993,,2020,GRP::DAVIDSON::8,0.25
high,DAVIDSON,001838,8 2,2022,legacy_fallback_pending_official_review,0.993,,2020,GRP::DAVIDSON::8,0.25
high,DAVIDSON,001837,8 2,2022,legacy_fallback_pending_official_review,0.993,,2020,GRP::DAVIDSON::8,0.25
high,DAVIDSON,001840,8 2,2022,legacy_fallback_pending_official_review,0.993,,2020,GRP::DAVIDSON::8,0.25
high,DAVIDSON,001839,8 2,2022,legacy_fallback_pending_official_review,0.993,,2020,GRP::DAVIDSON::8,0.25
high,DAVIDSON,001815,8 3,2022,legacy_fallback_pending_official_review,0.993,,2020,GRP::DAVIDSON::3,0.16666667
high,DAVIDSON,001812,8 3,2022,legacy_fallback_pending_official_review,0.993,,2020,GRP::DAVIDSON::3,0.16666667
high,DAVIDSON,001811,8 3,2022,legacy_fallback_pending_official_review,0.993,,2020,GRP::DAVIDSON::3,0.16666667
high,DAVIDSON,001814,8 3,2022,legacy_fallback_pending_official_review,0.993,,2020,GRP::DAVIDSON::3,0.16666667
high,DAVIDSON,001816,8 3,2022,legacy_fallback_pending_official_review,0.993,,2020,GRP::DAVIDSON::3,0.16666667
high,DAVIDSON,001813,8 3,2022,legacy_fallback_pending_official_review,0.993,,2020,GRP::DAVIDSON::3,0.16666667
high,DAVIDSON,001843,9 1,2022,legacy_fallback_pending_official_review,0.993,,2020,GRP::DAVIDSON::9,0.33333333
high,DAVIDSON,001841,9 1,2022,legacy_fallback_pending_official_review,0.993,,2020,GRP::DAVIDSON::9,0.33333333
high,DAVIDSON,001842,9 1,2022,legacy_fallback_pending_official_review,0.993,,2020,GRP::DAVIDSON::9,0.33333333
high,DAVIDSON,001843,9 2,2022,legacy_fallback_pending_official_review,0.993,,2020,GRP::DAVIDSON::9,0.33333333
high,DAVIDSON,001841,9 2,2022,legacy_fallback_pending_official_review,0.993,,2020,GRP::DAVIDSON::9,0.33333333
high,DAVIDSON,001842,9 2,2022,legacy_fallback_pending_official_review,0.993,,2020,GRP::DAVIDSON::9,0.33333333
high,DAVIDSON,001815,9 3,2022,legacy_fallback_pending_official_review,0.993,,2020,GRP::DAVIDSON::3,0.16666667
high,DAVIDSON,001812,9 3,2022,legacy_fallback_pending_official_review,0.993,,2020,GRP::DAVIDSON::3,0.16666667
high,DAVIDSON,001811,9 3,2022,legacy_fallback_pending_official_review,0.993,,2020,GRP::DAVIDSON::3,0.16666667
high,DAVIDSON,001814,9 3,2022,legacy_fallback_pending_official_review,0.993,,2020,GRP::DAVIDSON::3,0.16666667
high,DAVIDSON,001816,9 3,2022,legacy_fallback_pending_official_review,0.993,,2020,GRP::DAVIDSON::3,0.16666667
high,DAVIDSON,001813,9 3,2022,legacy_fallback_pending_official_review,0.993,,2020,GRP::DAVIDSON::3,0.16666667
high,DEKALB,002156,7 1 CHURCH OF CHRIST,2022,legacy_fallback_pending_official_review,1.0,,2020,0012,1.0
high,DICKSON,002263,1 1,2022,legacy_fallback_pending_official_review,1.0,,2020,0001,1.0
high,DICKSON,002265,10 1,2022,legacy_fallback_pending_official_review,1.0,,2020,0011,1.0
high,DICKSON,002266,11 1,2022,legacy_fallback_pending_official_review,1.0,,2020,0012,1.0
high,DICKSON,002254,12 1,2022,legacy_fallback_pending_official_review,1.0,,2020,0013,1.0
high,DICKSON,002256,2 1,2022,legacy_fallback_pending_official_review,1.0,,2020,0002,1.0
high,DICKSON,002258,3 1,2022,legacy_fallback_pending_official_review,1.0,,2020,0003,1.0
high,DICKSON,002260,4 1,2022,legacy_fallback_pending_official_review,1.0,,2020,0004,1.0
high,DICKSON,002261,5 1,2022,legacy_fallback_pending_official_review,1.0,,2020,0005,1.0
high,DICKSON,002252,6 1,2022,legacy_fallback_pending_official_review,1.0,,2020,0006,1.0
high,DICKSON,002251,6 2,2022,legacy_fallback_pending_official_review,1.0,,2020,0007,1.0
high,DICKSON,002255,7 1,2022,legacy_fallback_pending_official_review,1.0,,2020,0008,1.0
high,DICKSON,002267,8 1,2022,legacy_fallback_pending_official_review,1.0,,2020,0009,1.0
high,DICKSON,002264,9 1,2022,legacy_fallback_pending_official_review,1.0,,2020,0010,1.0
high,FENTRESS,002553,ALLARDT,2022,legacy_fallback_pending_official_review,1.0,,2020,0001,1.0
high,FENTRESS,002551,ARMATHWAITE,2022,legacy_fallback_pending_official_review,1.0,,2020,0002,1.0
high,FENTRESS,002552,BANNER,2022,legacy_fallback_pending_official_review,1.0,,2020,0003,1.0
high,FENTRESS,002556,CLARKRANGE,2022,legacy_fallback_pending_official_review,1.0,,2020,0006,1.0
high,FENTRESS,002557,COMMUNITY CENTER,2022,legacy_fallback_pending_official_review,1.0,,2020,0004,1.0
high,FENTRESS,002554,COURTHOUSE,2022,legacy_fallback_pending_official_review,1.0,,2020,0005,1.0
high,FENTRESS,002558,CROSSROADS,2022,legacy_fallback_pending_official_review,1.0,,2020,0007,1.0
high,FENTRESS,002563,EAST JAMESTOWN,2022,legacy_fallback_pending_official_review,1.0,,2020,0008,1.0
high,FENTRESS,002562,GRIMSLEY,2022,legacy_fallback_pending_official_review,1.0,,2020,0009,1.0
high,FENTRESS,002559,PALL MALL,2022,legacy_fallback_pending_official_review,1.0,,2020,0011,1.0
high,FENTRESS,002555,PINE HAVEN,2022,legacy_fallback_pending_official_review,1.0,,2020,0010,1.0
high,FENTRESS,002561,TINCHTOWN,2022,legacy_fallback_pending_official_review,1.0,,2020,0012,1.0
high,FENTRESS,002560,WEST FENTRESS,2022,legacy_fallback_pending_official_review,1.0,,2020,0013,1.0
high,GIBSON,002767,12 28 CPC,2022,legacy_fallback_pending_official_review,1.0,,2020,0013,1.0
high,GILES,002855,3A RICHLAND TRACE,2022,legacy_fallback_pending_official_review,1.0,,2020,0005,1.0
high,GILES,002862,6B BRIDGEFORTH,2022,legacy_fallback_pending_official_review,1.0,,2020,0012,1.0
high,GRAINGER,002953,1 1,2022,legacy_fallback_pending_official_review,1.0,,2020,0001,1.0
high,GRAINGER,002952,1 2,2022,legacy_fallback_pending_official_review,1.0,,2020,0002,1.0
high,GRAINGER,002957,2 1,2022,legacy_fallback_pending_official_review,1.0,,2020,0003,1.0
high,GRAINGER,002958,2 2,2022,legacy_fallback_pending_official_review,1.0,,2020,0004,1.0
high,GRAINGER,002955,3 1,2022,legacy_fallback_pending_official_review,1.0,,2020,0005,1.0
high,GRAINGER,002954,3 2,2022,legacy_fallback_pending_official_review,1.0,,2020,0006,1.0
high,GRAINGER,002956,4 1,2022,legacy_fallback_pending_official_review,1.0,,2020,0007,1.0
high,GRAINGER,002951,4 2,2022,legacy_fallback_pending_official_review,1.0,,2020,0008,1.0
high,GRAINGER,002960,5 1,2022,legacy_fallback_pending_official_review,1.0,,2020,0009,1.0
high,GRAINGER,002959,5 2,2022,legacy_fallback_pending_official_review,1.0,,2020,0010,1.0
high,GREENE,003067,1 BAILEYTON,2022,legacy_fallback_pending_official_review,1.0,,2020,0001,1.0
high,GREENE,003080,1 OTTWAY,2022,legacy_fallback_pending_official_review,1.0,,2020,0014,1.0
high,GREENE,003053,2 CHUCKEY,2022,legacy_fallback_pending_official_review,1.0,,2020,0005,1.0
high,GREENE,003073,3 DOAK,2022,legacy_fallback_pending_official_review,1.0,,2020,0007,1.0
high,GREENE,003059,5 DEBUSK,2022,legacy_fallback_pending_official_review,1.0,,2020,0006,1.0
high,GREENE,003054,6 MCDONALD,2022,legacy_fallback_pending_official_review,1.0,,2020,0010,1.0
high,GREENE,003082,6 MOSHEIM,2022,legacy_fallback_pending_official_review,1.0,,2020,0011,1.0
high,GREENE,003084,7 GLENWOOD,2022,legacy_fallback_pending_official_review,1.0,,2020,0008,1.0
high,HAMBLEN,003252,1 1,2022,legacy_fallback_pending_official_review,0.995,,2020,3236,0.95536937
high,HAMBLEN,003255,1 1,2022,legacy_fallback_pending_official_review,0.995,,2020,3236,0.04139238
high,HAMBLEN,003256,1 1,2022,legacy_fallback_pending_official_review,0.995,,2020,3236,0.00255821
high,HAMBLEN,003253,1 1,2022,legacy_fallback_pending_official_review,0.995,,2020,3236,0.00062891
high,HAMBLEN,003267,1 1,2022,legacy_fallback_pending_official_review,0.995,,2020,3236,3.229e-05
high,HAMBLEN,003251,1 1,2022,legacy_fallback_pending_official_review,0.995,,2020,3236,1.884e-05
high,HAMBLEN,003261,10 1,2022,legacy_fallback_pending_official_review,1.0,,2020,0011,1.0
high,HAMBLEN,003267,11 1,2022,legacy_fallback_pending_official_review,1.0,,2020,0012,1.0
high,HAMBLEN,003266,11 2,2022,legacy_fallback_pending_official_review,1.0,,2020,0013,1.0
high,HAMBLEN,003263,12 1,2022,legacy_fallback_pending_official_review,1.0,,2020,0014,1.0
high,HAMBLEN,003253,2 1,2022,legacy_fallback_pending_official_review,0.995,,2020,3240,0.99061239
high,HAMBLEN,003257,2 1,2022,legacy_fallback_pending_official_review,0.995,,2020,3240,0.0089261
high,HAMBLEN,003252,2 1,2022,legacy_fallback_pending_official_review,0.995,,2020,3240,0.00028643
high,HAMBLEN,003254,2 1,2022,legacy_fallback_pending_official_review,0.995,,2020,3240,0.0001102
high,HAMBLEN,003256,2 1,2022,legacy_fallback_pending_official_review,0.995,,2020,3240,6.488e-05
high,HAMBLEN,003254,3 1,2022,legacy_fallback_pending_official_review,0.993,,2020,0003,1.0
high,HAMBLEN,003251,4 1,2022,legacy_fallback_pending_official_review,0.995,,2020,3248,0.94927048
high,HAMBLEN,003254,4 1,2022,legacy_fallback_pending_official_review,0.995,,2020,3248,0.03009874
high,HAMBLEN,003262,4 1,2022,legacy_fallback_pending_official_review,0.995,,2020,3248,0.01788858
high,HAMBLEN,003267,4 1,2022,legacy_fallback_pending_official_review,0.995,,2020,3248,0.00206651
high,HAMBLEN,003266,4 1,2022,legacy_fallback_pending_official_review,0.995,,2020,3248,0.00066756
high,HAMBLEN,003252,4 1,2022,legacy_fallback_pending_official_review,0.995,,2020,3248,8.13e-06
high,HAMBLEN,003255,5 1,2022,legacy_fallback_pending_official_review,0.995,,2020,3252,0.99409224
high,HAMBLEN,003267,5 1,2022,legacy_fallback_pending_official_review,0.995,,2020,3252,0.00257853
high,HAMBLEN,003265,5 1,2022,legacy_fallback_pending_official_review,0.995,,2020,3252,0.00202145
high,HAMBLEN,003256,5 1,2022,legacy_fallback_pending_official_review,0.995,,2020,3252,0.00081376
high,HAMBLEN,003252,5 1,2022,legacy_fallback_pending_official_review,0.995,,2020,3252,0.00049402
high,HAMBLEN,003256,6 1,2022,legacy_fallback_pending_official_review,0.995,,2020,3256,0.99831225
high,HAMBLEN,003252,6 1,2022,legacy_fallback_pending_official_review,0.995,,2020,3256,0.00123061
high,HAMBLEN,003255,6 1,2022,legacy_fallback_pending_official_review,0.995,,2020,3256,0.00021514
high,HAMBLEN,003257,6 1,2022,legacy_fallback_pending_official_review,0.995,,2020,3256,0.0001606
high,HAMBLEN,003253,6 1,2022,legacy_fallback_pending_official_review,0.995,,2020,3256,7.938e-05
high,HAMBLEN,003265,6 1,2022,legacy_fallback_pending_official_review,0.995,,2020,3256,2.02e-06
high,HAMBLEN,003257,7 1,2022,legacy_fallback_pending_official_review,0.995,,2020,3260,0.99767223
high,HAMBLEN,003253,7 1,2022,legacy_fallback_pending_official_review,0.995,,2020,3260,0.00149246
high,HAMBLEN,003258,7 1,2022,legacy_fallback_pending_official_review,0.995,,2020,3260,0.00046324
high,HAMBLEN,003256,7 1,2022,legacy_fallback_pending_official_review,0.995,,2020,3260,0.00029542
high,HAMBLEN,003254,7 1,2022,legacy_fallback_pending_official_review,0.995,,2020,3260,7.665e-05
high,HAMBLEN,003258,8 1,2022,legacy_fallback_pending_official_review,0.995,,2020,3264,0.98934539
high,HAMBLEN,003257,8 1,2022,legacy_fallback_pending_official_review,0.995,,2020,3264,0.0082527
high,HAMBLEN,003261,8 1,2022,legacy_fallback_pending_official_review,0.995,,2020,3264,0.00112822
high,HAMBLEN,003259,8 1,2022,legacy_fallback_pending_official_review,0.995,,2020,3264,0.00069414
high,HAMBLEN,003254,8 1,2022,legacy_fallback_pending_official_review,0.995,,2020,3264,0.000359
high,HAMBLEN,003260,8 1,2022,legacy_fallback_pending_official_review,0.995,,2020,3264,0.00015698
high,HAMBLEN,003262,8 1,2022,legacy_fallback_pending_official_review,0.995,,2020,3264,6.357e-05
high,HAMBLEN,003259,9 1,2022,legacy_fallback_pending_official_review,0.995,,2020,3268,0.8912823
high,HAMBLEN,003258,9 1,2022,legacy_fallback_pending_official_review,0.995,,2020,3268,0.10727844
high,HAMBLEN,003260,9 1,2022,legacy_fallback_pending_official_review,0.995,,2020,3268,0.00143925
high,HAMBLEN,003260,9 2,2022,legacy_fallback_pending_official_review,0.995,,2020,3272,0.99927214
high,HAMBLEN,003259,9 2,2022,legacy_fallback_pending_official_review,0.995,,2020,3272,0.00040508
high,HAMBLEN,003261,9 2,2022,legacy_fallback_pending_official_review,0.995,,2020,3272,0.00023481
high,HAMBLEN,003258,9 2,2022,legacy_fallback_pending_official_review,0.995,,2020,3272,8.797e-05
high,HARDEMAN,003606,LACY,2022,legacy_fallback_pending_official_review,1.0,,2020,0008,1.0
high,HARDIN,003706,CERRO GORDO 6 1,2022,legacy_fallback_pending_official_review,1.0,,2020,0007,1.0
high,HARDIN,003714,COUNCE 3 1,2022,legacy_fallback_pending_official_review,1.0,,2020,0003,1.0
high,HARDIN,003710,CRUMP 4 1,2022,legacy_fallback_pending_official_review,1.0,,2020,0004,1.0
high,HARDIN,003704,FAIRGROUND 10 1,2022,legacy_fallback_pending_official_review,1.0,,2020,0014,1.0
high,HARDIN,003716,LIBRARY 9 1,2022,legacy_fallback_pending_official_review,1.0,,2020,0013,1.0
high,HARDIN,003708,NIXON 2 1,2022,legacy_fallback_pending_official_review,1.0,,2020,0002,1.0
high,HARDIN,003705,NORTH 8 1,2022,legacy_fallback_pending_official_review,1.0,,2020,0012,1.0
high,HARDIN,003711,OLIVE HILL 6 3,2022,legacy_fallback_pending_official_review,1.0,,2020,0008,1.0
high,HARDIN,003707,OLIVET 1 1,2022,legacy_fallback_pending_official_review,1.0,,2020,0001,1.0
high,HARDIN,003712,RHODES 6 2,2022,legacy_fallback_pending_official_review,0.993,,2020,0009,1.0
high,HARDIN,003718,SALTILLO 5 1,2022,legacy_fallback_pending_official_review,0.993,,2020,0006,1.0
high,HARDIN,003715,WALNUT GROVE 7 2,2022,legacy_fallback_pending_official_review,1.0,,2020,0011,1.0
high,HARDIN,003709,WHITES 7 1,2022,legacy_fallback_pending_official_review,1.0,,2020,0010,1.0
high,HAWKINS,003802,6 ALUM WELL,2022,legacy_fallback_pending_official_review,1.0,,2020,0002,1.0
high,HAYWOOD,003904,1 1,2022,legacy_fallback_pending_official_review,1.0,,2020,0001,1.0
high,HAYWOOD,003905,10 1,2022,legacy_fallback_pending_official_review,1.0,,2020,0011,1.0
high,HAYWOOD,003901,2 1,2022,legacy_fallback_pending_official_review,1.0,,2020,0002,1.0
high,HAYWOOD,003903,3 1,2022,legacy_fallback_pending_official_review,1.0,,2020,0003,1.0
high,HAYWOOD,003902,4 1,2022,legacy_fallback_pending_official_review,1.0,,2020,0004,1.0
high,HAYWOOD,003906,5 1,2022,legacy_fallback_pending_official_review,1.0,,2020,0005,1.0
high,HAYWOOD,003915,6 1,2022,legacy_fallback_pending_official_review,1.0,,2020,0006,1.0
high,HAYWOOD,003912,7 1,2022,legacy_fallback_pending_official_review,1.0,,2020,0007,1.0
high,HAYWOOD,003913,8 1,2022,legacy_fallback_pending_official_review,1.0,,2020,0008,1.0
high,HAYWOOD,003910,9 1,2022,legacy_fallback_pending_official_review,1.0,,2020,0009,1.0
high,HAYWOOD,003914,9 2,2022,legacy_fallback_pending_official_review,1.0,,2020,0010,1.0
high,HOUSTON,004306,HOUSTON CO MIDDLE,2022,legacy_fallback_pending_official_review,1.0,,2020,0006,1.0
high,HOUSTON,004301,TENNESSEE RIDGE,2022,legacy_fallback_pending_official_review,1.0,,2020,0002,1.0
high,JACKSON,004507,1 1,2022,legacy_fallback_pending_official_review,1.0,,2020,0001,1.0
high,JACKSON,004508,1 2,2022,legacy_fallback_pending_official_review,1.0,,2020,0002,1.0
high,JACKSON,004509,2 1,2022,legacy_fallback_pending_official_review,1.0,,2020,0003,1.0
high,JACKSON,004502,2 2,2022,legacy_fallback_pending_official_review,1.0,,2020,0004,1.0
high,JACKSON,004504,3 1,2022,legacy_fallback_pending_official_review,1.0,,2020,0005,1.0
high,JACKSON,004510,3 2,2022,legacy_fallback_pending_official_review,1.0,,2020,0006,1.0
high,JACKSON,004511,4 1,2022,legacy_fallback_pending_official_review,1.0,,2020,0007,1.0
high,JACKSON,004512,4 2,2022,legacy_fallback_pending_official_review,1.0,,2020,0008,1.0
high,JACKSON,004506,5 1,2022,legacy_fallback_pending_official_review,1.0,,2020,0009,1.0
high,JACKSON,004505,5 2,2022,legacy_fallback_pending_official_review,1.0,,2020,0010,1.0
high,JACKSON,004504,5 3,2022,legacy_fallback_pending_official_review,1.0,,2020,0011,0.5
high,JACKSON,004510,5 3,2022,legacy_fallback_pending_official_review,1.0,,2020,0011,0.5
high,JACKSON,004501,6 1,2022,legacy_fallback_pending_official_review,1.0,,2020,0012,1.0
high,JACKSON,004503,6 2,2022,legacy_fallback_pending_official_review,1.0,,2020,0013,1.0
high,JEFFERSON,004604,1 DANDRIDGE ES,2022,legacy_fallback_pending_official_review,1.0,,2020,0001,1.0
high,JEFFERSON,004605,10 JEFF CITY FIRE DP,2022,legacy_fallback_pending_official_review,1.0,,2020,0011,1.0
high,JEFFERSON,004601,2 PIEDMONT,2022,legacy_fallback_pending_official_review,1.0,,2020,0002,1.0
high,JEFFERSON,004603,3 WHITE PINE,2022,legacy_fallback_pending_official_review,1.0,,2020,0003,1.0
high,JEFFERSON,004602,4 JEFFERSON ES,2022,legacy_fallback_pending_official_review,1.0,,2020,0004,1.0
high,JEFFERSON,004606,5 JEFFERSON HIGH,2022,legacy_fallback_pending_official_review,1.0,,2020,0005,1.0
high,JEFFERSON,004607,6 RUSH STRONG,2022,legacy_fallback_pending_official_review,1.0,,2020,0006,1.0
high,JEFFERSON,004608,7 NEW MARKET,2022,legacy_fallback_pending_official_review,1.0,,2020,0007,1.0
high,JEFFERSON,004610,9 TALBOTT SCHOOL,2022,legacy_fallback_pending_official_review,1.0,,2020,0010,1.0
high,LAUDERDALE,005053,EDITH 7,2022,legacy_fallback_pending_official_review,1.0,,2020,0008,1.0
high,LAUDERDALE,005052,GATES 7,2022,legacy_fallback_pending_official_review,1.0,,2020,0009,1.0
high,LAWRENCE,005155,05 1 LEOMA,2022,legacy_fallback_pending_official_review,1.0,,2020,0007,1.0
high,LAWRENCE,005165,15 1 SALEM,2022,legacy_fallback_pending_official_review,1.0,,2020,0021,1.0
high,LAWRENCE,005167,17 1 FIRST BAPTIST,2022,legacy_fallback_pending_official_review,1.0,,2020,0023,1.0
high,LAWRENCE,005168,18 1 PSCOC,2022,legacy_fallback_pending_official_review,1.0,,2020,0024,1.0
high,LEWIS,005254,1 1,2022,legacy_fallback_pending_official_review,1.0,,2020,0001,1.0
high,LEWIS,005251,2 1,2022,legacy_fallback_pending_official_review,1.0,,2020,0002,1.0
high,LEWIS,005253,3 1,2022,legacy_fallback_pending_official_review,1.0,,2020,0003,1.0
high,LEWIS,005252,4 1,2022,legacy_fallback_pending_official_review,1.0,,2020,0004,1.0
high,LEWIS,005255,5 1,2022,legacy_fallback_pending_official_review,1.0,,2020,0005,1.0
high,LEWIS,005256,6 1,2022,legacy_fallback_pending_official_review,1.0,,2020,0006,1.0
high,LEWIS,005257,7 1,2022,legacy_fallback_pending_official_review,1.0,,2020,0007,1.0
high,LEWIS,005258,8 1,2022,legacy_fallback_pending_official_review,1.0,,2020,0008,1.0
high,LEWIS,005259,9 1,2022,legacy_fallback_pending_official_review,1.0,,2020,0009,1.0
high,LINCOLN,000003,3 1 RECREATION CENTER,2022,legacy_fallback_pending_official_review,1.0,,2020,0007,1.0
high,LINCOLN,000004,4 2 FNB,2022,legacy_fallback_pending_official_review,1.0,,2020,0010,1.0
high,LINCOLN,000006,6 1 FAYETTEVILLE CPC,2022,legacy_fallback_pending_official_review,1.0,,2020,0013,1.0
high,LOUDON,005459,CHOTA,2022,legacy_fallback_pending_official_review,1.0,,2020,0001,1.0
high,LOUDON,005462,TELLICO V NORTH,2022,legacy_fallback_pending_official_review,1.0,,2020,0014,1.0
high,LOUDON,005464,TELLICO V SOUTH,2022,legacy_fallback_pending_official_review,1.0,,2020,0015,1.0
high,MACON,005557,ARMORY,2022,legacy_fallback_pending_official_review,1.0,,2020,0007,1.0
high,MACON,005559,CENTRAL,2022,legacy_fallback_pending_official_review,1.0,,2020,0009,1.0
high,MACON,005556,CROSS ROADS,2022,legacy_fallback_pending_official_review,1.0,,2020,0006,1.0
high,MACON,005560,LAFAYETTE,2022,legacy_fallback_pending_official_review,1.0,,2020,0010,1.0
high,MACON,005551,RED BOILING SPRINGS,2022,legacy_fallback_pending_official_review,1.0,,2020,0001,1.0
high,MACON,005558,WELCOME CENTER,2022,legacy_fallback_pending_official_review,1.0,,2020,0008,1.0
high,MACON,005555,WESTSIDE,2022,legacy_fallback_pending_official_review,1.0,,2020,0005,1.0
high,MACON,005552,WILLETTE,2022,legacy_fallback_pending_official_review,1.0,,2020,0002,1.0
high,MARION,005753,HALETOWN LADD,2022,legacy_fallback_pending_official_review,1.0,,2020,0008,1.0
high,MARSHALL,005851,2 HENRY HORTON PARK,2022,legacy_fallback_pending_official_review,1.0,,2020,0002,1.0
high,MARSHALL,005858,8 LEWISBURG GAS,2022,legacy_fallback_pending_official_review,1.0,,2020,0008,1.0
high,MARSHALL,005859,9 MCKNIGHT CENTER,2022,legacy_fallback_pending_official_review,1.0,,2020,0009,1.0
high,MAURY,005953,ARMORY 7 1,2022,legacy_fallback_pending_official_review,1.0,,2020,0013,1.0
high,MAURY,005959,BATTLE CREEK 5 1,2022,legacy_fallback_pending_official_review,1.0,,2020,0008,1.0
high,MAURY,005966,BEAR CREEK 1 1,2022,legacy_fallback_pending_official_review,1.0,,2020,0001,1.0
high,MAURY,005968,BIGBYVILLE 9 1,2022,legacy_fallback_pending_official_review,1.0,,2020,0017,1.0
high,MAURY,005963,COLLEGE HILL 3 1,2022,legacy_fallback_pending_official_review,1.0,,2020,0005,1.0
high,MAURY,005969,CULLEOKA 9 2,2022,legacy_fallback_pending_official_review,1.0,,2020,0018,1.0
high,MAURY,005960,FIRST FAMILY 2 1,2022,legacy_fallback_pending_official_review,1.0,,2020,0003,1.0
high,MAURY,005962,HAMPSHIRE 7 2,2022,legacy_fallback_pending_official_review,1.0,,2020,0014,1.0
high,MAURY,005961,MT PLEASANT 10 1,2022,legacy_fallback_pending_official_review,1.0,,2020,0019,1.0
high,MAURY,005971,NEAPOLIS 5 2,2022,legacy_fallback_pending_official_review,1.0,,2020,0009,1.0
high,MAURY,005964,PLEASANT HEIGHTS 4 2,2022,legacy_fallback_pending_official_review,1.0,,2020,0007,1.0
high,MAURY,005970,PORTERS CHAPEL 10 2,2022,legacy_fallback_pending_official_review,1.0,,2020,0020,1.0
high,MAURY,005965,RALLY HILL 8 1,2022,legacy_fallback_pending_official_review,1.0,,2020,0015,1.0
high,MAURY,005967,RIVERSIDE 1 2,2022,legacy_fallback_pending_official_review,1.0,,2020,0002,1.0
high,MAURY,005954,SANTA FE 6 1,2022,legacy_fallback_pending_official_review,1.0,,2020,0010,1.0
high,MAURY,005951,SPRING HILL 11 2,2022,legacy_fallback_pending_official_review,1.0,,2020,0022,1.0
high,MAURY,005957,SPRING HILL MS 6 2,2022,legacy_fallback_pending_official_review,1.0,,2020,0011,1.0
high,MAURY,005956,ST CATHERINES 4 1,2022,legacy_fallback_pending_official_review,1.0,,2020,0006,1.0
high,MAURY,005952,THETA 6 3,2022,legacy_fallback_pending_official_review,1.0,,2020,0012,1.0
high,MAURY,005958,WEST END 2 2,2022,legacy_fallback_pending_official_review,1.0,,2020,0004,1.0
high,MAURY,005965,WRIGHT 8 2,2022,legacy_fallback_pending_official_review,1.0,,2020,0016,1.0
high,MCMINN,006062,CALHOUN,2022,legacy_fallback_pending_official_review,1.0,,2020,0006,1.0
medium,MCMINN,006065,CENTRAL,2022,legacy_fallback_pending_official_review,0.982,,2020,5942,0.99909065
medium,MCMINN,006064,CENTRAL,2022,legacy_fallback_pending_official_review,0.982,,2020,5942,0.00077219
medium,MCMINN,006051,CENTRAL,2022,legacy_fallback_pending_official_review,0.982,,2020,5942,0.00013716
medium,MCMINN,006060,CITY PARK,2022,legacy_fallback_pending_official_review,0.982,,2020,5932,0.99773582
medium,MCMINN,006052,CITY PARK,2022,legacy_fallback_pending_official_review,0.982,,2020,5932,0.00078829
medium,MCMINN,006057,CITY PARK,2022,legacy_fallback_pending_official_review,0.982,,2020,5932,0.00057411
medium,MCMINN,006063,CITY PARK,2022,legacy_fallback_pending_official_review,0.982,,2020,5932,0.00050033
medium,MCMINN,006056,CITY PARK,2022,legacy_fallback_pending_official_review,0.982,,2020,5932,0.00040145
high,MCMINN,006052,COURTHOUSE,2022,legacy_fallback_pending_official_review,1.0,,2020,0010,1.0
high,MCMINN,006059,E K BAKER,2022,legacy_fallback_pending_official_review,1.0,,2020,0013,1.0
high,MCMINN,006051,ENGLEWOOD,2022,legacy_fallback_pending_official_review,1.0,,2020,0003,1.0
high,MCMINN,006064,ETOWAH,2022,legacy_fallback_pending_official_review,1.0,,2020,0002,1.0
medium,MCMINN,006055,INGLESIDE,2022,legacy_fallback_pending_official_review,0.982,,2020,5896,0.81785968
medium,MCMINN,006052,INGLESIDE,2022,legacy_fallback_pending_official_review,0.982,,2020,5896,0.14771607
medium,MCMINN,006053,INGLESIDE,2022,legacy_fallback_pending_official_review,0.982,,2020,5896,0.03183371
medium,MCMINN,006054,INGLESIDE,2022,legacy_fallback_pending_official_review,0.982,,2020,5896,0.00259055
high,MCMINN,006063,JONES CHAPEL,2022,legacy_fallback_pending_official_review,1.0,,2020,0012,1.0
high,MCMINN,006061,MOUNTAIN VIEW,2022,legacy_fallback_pending_official_review,1.0,,2020,0014,1.0
high,MCMINN,006053,NIOTA,2022,legacy_fallback_pending_official_review,1.0,,2020,0007,1.0
medium,MCMINN,006054,NORTH CITY,2022,legacy_fallback_pending_official_review,0.982,,2020,5908,0.98258165
medium,MCMINN,006053,NORTH CITY,2022,legacy_fallback_pending_official_review,0.982,,2020,5908,0.00917788
medium,MCMINN,006059,NORTH CITY,2022,legacy_fallback_pending_official_review,0.982,,2020,5908,0.00705487
medium,MCMINN,006056,NORTH CITY,2022,legacy_fallback_pending_official_review,0.982,,2020,5908,0.00061851
medium,MCMINN,006052,NORTH CITY,2022,legacy_fallback_pending_official_review,0.982,,2020,5908,0.00055581
medium,MCMINN,006055,NORTH CITY,2022,legacy_fallback_pending_official_review,0.982,,2020,5908,1.129e-05
high,MCMINN,006057,RICEVILLE,2022,legacy_fallback_pending_official_review,1.0,,2020,0005,1.0
high,MCMINN,006058,ROGERS CREEK,2022,legacy_fallback_pending_official_review,1.0,,2020,0004,1.0
high,MCMINN,006053,TCAT,2022,legacy_fallback_pending_official_review,1.0,,2020,0007,1.0
high,MCNAIRY,006151,ADAMSVILLE 2 1,2022,legacy_fallback_pending_official_review,1.0,,2020,0004,1.0
high,MCNAIRY,006164,EAST VIEW 5 3,2022,legacy_fallback_pending_official_review,1.0,,2020,0011,1.0
high,MCNAIRY,006159,FINGER 1 2,2022,legacy_fallback_pending_official_review,1.0,,2020,0002,1.0
high,MCNAIRY,006165,GUYS 5 4,2022,legacy_fallback_pending_official_review,1.0,,2020,0012,1.0
high,MCNAIRY,006162,LAWTON 2 2,2022,legacy_fallback_pending_official_review,1.0,,2020,0005,1.0
high,MCNAIRY,006160,LEAPWOOD 3 1,2022,legacy_fallback_pending_official_review,1.0,,2020,0006,1.0
high,MCNAIRY,006154,MCNAIRY 1 3,2022,legacy_fallback_pending_official_review,1.0,,2020,0003,1.0
high,MCNAIRY,006157,MICHIE 7 1,2022,legacy_fallback_pending_official_review,1.0,,2020,0015,1.0
high,MCNAIRY,006167,NORTH SELMER 4 1,2022,legacy_fallback_pending_official_review,1.0,,2020,0009,1.0
high,MCNAIRY,006153,NORTHEAST 3 2,2022,legacy_fallback_pending_official_review,1.0,,2020,0007,1.0
high,MCNAIRY,006161,PURDY 3 3,2022,legacy_fallback_pending_official_review,1.0,,2020,0008,1.0
high,MCNAIRY,006155,RAMER 5 5,2022,legacy_fallback_pending_official_review,1.0,,2020,0013,1.0
high,MCNAIRY,006152,ROSE CREEK 4 2,2022,legacy_fallback_pending_official_review,1.0,,2020,0010,1.0
high,MCNAIRY,006163,STANTONVILLE 7 2,2022,legacy_fallback_pending_official_review,1.0,,2020,0016,1.0
high,MONROE,006351,1,2022,legacy_fallback_pending_official_review,0.993,,2020,0001,1.0
high,MONROE,006360,10,2022,legacy_fallback_pending_official_review,1.0,,2020,0010,1.0
high,MONROE,006361,11,2022,legacy_fallback_pending_official_review,1.0,,2020,0011,1.0
high,MONROE,006362,12,2022,legacy_fallback_pending_official_review,1.0,,2020,0012,1.0
high,MONROE,006363,14,2022,legacy_fallback_pending_official_review,1.0,,2020,0013,1.0
high,MONROE,006352,2,2022,legacy_fallback_pending_official_review,0.993,,2020,0002,1.0
high,MONROE,006353,3,2022,legacy_fallback_pending_official_review,0.993,,2020,0003,1.0
high,MONROE,006354,4,2022,legacy_fallback_pending_official_review,0.993,,2020,0004,1.0
high,MONROE,006355,5,2022,legacy_fallback_pending_official_review,0.993,,2020,0005,1.0
high,MONROE,006356,6,2022,legacy_fallback_pending_official_review,0.993,,2020,0006,1.0
high,MONROE,006357,7,2022,legacy_fallback_pending_official_review,0.993,,2020,0007,1.0
high,MONROE,006358,8,2022,legacy_fallback_pending_official_review,0.993,,2020,0008,1.0
high,MONROE,006359,9,2022,legacy_fallback_pending_official_review,0.993,,2020,0009,1.0
high,OVERTON,006853,1 LIVINGSTON,2022,legacy_fallback_pending_official_review,1.0,,2020,0001,1.0
high,OVERTON,006852,2 1 ALLONS,2022,legacy_fallback_pending_official_review,1.0,,2020,0002,1.0
high,OVERTON,006851,2 3 MONROE,2022,legacy_fallback_pending_official_review,1.0,,2020,0003,1.0
high,OVERTON,006854,3 2 POTEET,2022,legacy_fallback_pending_official_review,1.0,,2020,0004,1.0
high,OVERTON,006855,3 3 WILSON,2022,legacy_fallback_pending_official_review,1.0,,2020,0005,1.0
high,OVERTON,006857,3 4 RUSHING SPRINGS,2022,legacy_fallback_pending_official_review,1.0,,2020,0006,1.0
high,OVERTON,006857,4 2 RICKMAN,2022,legacy_fallback_pending_official_review,1.0,,2020,0007,1.0
high,OVERTON,006858,5 1 HILHAM,2022,legacy_fallback_pending_official_review,1.0,,2020,0008,1.0
high,OVERTON,006859,5 2 FAIRGROUNDS,2022,legacy_fallback_pending_official_review,1.0,,2020,0009,1.0
high,PICKETT,007059,BARNES RIDGE 4 3,2022,legacy_fallback_pending_official_review,1.0,,2020,0008,1.0
high,PICKETT,007057,BOLESTOWN 4 4,2022,legacy_fallback_pending_official_review,1.0,,2020,0009,1.0
high,PICKETT,007058,BOOM 4 1,2022,legacy_fallback_pending_official_review,1.0,,2020,0006,1.0
high,PICKETT,007053,CHANUTE 3 1,2022,legacy_fallback_pending_official_review,1.0,,2020,0004,1.0
high,PICKETT,007051,HIGH SCHOOL 2 1,2022,legacy_fallback_pending_official_review,1.0,,2020,0003,1.0
high,PICKETT,007056,MOODYVILLE 1 2,2022,legacy_fallback_pending_official_review,1.0,,2020,0002,1.0
high,PICKETT,007052,OAK HILL 4 2,2022,legacy_fallback_pending_official_review,1.0,,2020,0007,1.0
high,PICKETT,007055,TRAVISVILLE 3 2,2022,legacy_fallback_pending_official_review,1.0,,2020,0005,1.0
high,POLK,007153,CHILHOWEE MS,2022,legacy_fallback_pending_official_review,1.0,,2020,0002,1.0
high,POLK,007155,COMMUNITY CENTER,2022,legacy_fallback_pending_official_review,1.0,,2020,0004,1.0
high,POLK,007157,SHILOH BAPTIST,2022,legacy_fallback_pending_official_review,1.0,,2020,0009,1.0
high,POLK,007156,SOUTH POLK SCHOOL,2022,legacy_fallback_pending_official_review,1.0,,2020,0003,1.0
high,POLK,007160,SPRINGTOWN FIREHALL,2022,legacy_fallback_pending_official_review,1.0,,2020,0007,1.0
high,RHEA,007353,2 1 SPRING CITY SOUTH,2022,legacy_fallback_pending_official_review,1.0,,2020,0003,1.0
high,RHEA,007356,4 1 EVENSVILLE SOUTH,2022,legacy_fallback_pending_official_review,1.0,,2020,0006,1.0
high,RHEA,007357,5 1 DAYTON NORTH,2022,legacy_fallback_pending_official_review,1.0,,2020,0007,1.0
high,RHEA,007358,6 1 DAYTON WEST,2022,legacy_fallback_pending_official_review,1.0,,2020,0008,1.0
high,RHEA,007359,7 1 FRAZIER,2022,legacy_fallback_pending_official_review,1.0,,2020,0009,1.0
high,RHEA,007360,8 1 GARRISON,2022,legacy_fallback_pending_official_review,1.0,,2020,0010,1.0
high,RUTHERFORD,007651,1 1,2022,legacy_fallback_pending_official_review,1.0,,2020,0001,0.572608
high,RUTHERFORD,007654,1 1,2022,legacy_fallback_pending_official_review,1.0,,2020,0001,0.401298
high,RUTHERFORD,007660,1 1,2022,legacy_fallback_pending_official_review,1.0,,2020,0001,0.026094
high,RUTHERFORD,007671,10 1,2022,legacy_fallback_pending_official_review,1.0,,2020,0014,1.0
high,RUTHERFORD,007669,10 2,2022,legacy_fallback_pending_official_review,1.0,,2020,0015,0.505684
high,RUTHERFORD,007672,10 2,2022,legacy_fallback_pending_official_review,1.0,,2020,0015,0.494316
high,RUTHERFORD,007673,11 1,2022,legacy_fallback_pending_official_review,1.0,,2020,0016,1.0
high,RUTHERFORD,007674,11 2,2022,legacy_fallback_pending_official_review,1.0,,2020,0017,0.562675
high,RUTHERFORD,007672,11 2,2022,legacy_fallback_pending_official_review,1.0,,2020,0017,0.437325
high,RUTHERFORD,007675,12 1,2022,legacy_fallback_pending_official_review,1.0,,2020,0018,0.74147
high,RUTHERFORD,007676,12 1,2022,legacy_fallback_pending_official_review,1.0,,2020,0018,0.25853
high,RUTHERFORD,007655,12 2,2022,legacy_fallback_pending_official_review,1.0,,2020,0019,1.0
high,RUTHERFORD,007678,13 1,2022,legacy_fallback_pending_official_review,1.0,,2020,0020,0.34461334
high,RUTHERFORD,007663,13 1,2022,legacy_fallback_pending_official_review,1.0,,2020,0020,0.31648232
high,RUTHERFORD,007694,13 1,2022,legacy_fallback_pending_official_review,1.0,,2020,0020,0.30850031
high,RUTHERFORD,007677,13 1,2022,legacy_fallback_pending_official_review,1.0,,2020,0020,0.03040403
high,RUTHERFORD,007683,14 1,2022,legacy_fallback_pending_official_review,1.0,,2020,0021,1.0
high,RUTHERFORD,007692,14 2,2022,legacy_fallback_pending_official_review,1.0,,2020,0022,0.505173
high,RUTHERFORD,007680,14 2,2022,legacy_fallback_pending_official_review,1.0,,2020,0022,0.230967
high,RUTHERFORD,007679,14 2,2022,legacy_fallback_pending_official_review,1.0,,2020,0022,0.196403
high,RUTHERFORD,007654,14 2,2022,legacy_fallback_pending_official_review,1.0,,2020,0022,0.04868
high,RUTHERFORD,007698,14 2,2022,legacy_fallback_pending_official_review,1.0,,2020,0022,0.018777
high,RUTHERFORD,007681,15 1,2022,legacy_fallback_pending_official_review,1.0,,2020,0023,0.694899
high,RUTHERFORD,007682,15 1,2022,legacy_fallback_pending_official_review,1.0,,2020,0023,0.305101
high,RUTHERFORD,007680,15 2,2022,legacy_fallback_pending_official_review,1.0,,2020,0024,0.551935
high,RUTHERFORD,007682,15 2,2022,legacy_fallback_pending_official_review,1.0,,2020,0024,0.386193
high,RUTHERFORD,007679,15 2,2022,legacy_fallback_pending_official_review,1.0,,2020,0024,0.061872
high,RUTHERFORD,007683,16 1,2022,legacy_fallback_pending_official_review,1.0,,2020,0025,1.0
high,RUTHERFORD,007677,16 2,2022,legacy_fallback_pending_official_review,1.0,,2020,0026,0.47616948
high,RUTHERFORD,007692,16 2,2022,legacy_fallback_pending_official_review,1.0,,2020,0026,0.21549522
high,RUTHERFORD,007685,16 2,2022,legacy_fallback_pending_official_review,1.0,,2020,0026,0.21314021
high,RUTHERFORD,007683,16 2,2022,legacy_fallback_pending_official_review,1.0,,2020,0026,0.08951709
high,RUTHERFORD,007664,16 2,2022,legacy_fallback_pending_official_review,1.0,,2020,0026,0.00567801
high,RUTHERFORD,007686,17 1,2022,legacy_fallback_pending_official_review,1.0,,2020,0027,0.747219
high,RUTHERFORD,007682,17 1,2022,legacy_fallback_pending_official_review,1.0,,2020,0027,0.252781
high,RUTHERFORD,007689,18 1,2022,legacy_fallback_pending_official_review,1.0,,2020,0028,1.0
high,RUTHERFORD,007690,18 2,2022,legacy_fallback_pending_official_review,1.0,,2020,0029,0.52653647
high,RUTHERFORD,007689,18 2,2022,legacy_fallback_pending_official_review,1.0,,2020,0029,0.28077772
high,RUTHERFORD,007677,18 2,2022,legacy_fallback_pending_official_review,1.0,,2020,0029,0.11792388
high,RUTHERFORD,007662,18 2,2022,legacy_fallback_pending_official_review,1.0,,2020,0029,0.06205194
high,RUTHERFORD,007664,18 2,2022,legacy_fallback_pending_official_review,1.0,,2020,0029,0.01270999
high,RUTHERFORD,007693,19 1,2022,legacy_fallback_pending_official_review,1.0,,2020,0030,0.47986552
high,RUTHERFORD,007691,19 1,2022,legacy_fallback_pending_official_review,1.0,,2020,0030,0.18438382
high,RUTHERFORD,007663,19 1,2022,legacy_fallback_pending_official_review,1.0,,2020,0030,0.17162583
high,RUTHERFORD,007670,19 1,2022,legacy_fallback_pending_official_review,1.0,,2020,0030,0.09274991
high,RUTHERFORD,007692,19 1,2022,legacy_fallback_pending_official_review,1.0,,2020,0030,0.07137493
high,RUTHERFORD,007652,2 1,2022,legacy_fallback_pending_official_review,1.0,,2020,0002,0.507421
high,RUTHERFORD,007698,2 1,2022,legacy_fallback_pending_official_review,1.0,,2020,0002,0.30293
high,RUTHERFORD,007653,2 1,2022,legacy_fallback_pending_official_review,1.0,,2020,0002,0.156478
high,RUTHERFORD,007654,2 1,2022,legacy_fallback_pending_official_review,1.0,,2020,0002,0.033171
high,RUTHERFORD,007653,2 2,2022,legacy_fallback_pending_official_review,1.0,,2020,0003,0.733347
high,RUTHERFORD,007698,2 2,2022,legacy_fallback_pending_official_review,1.0,,2020,0003,0.266653
high,RUTHERFORD,007694,20 1,2022,legacy_fallback_pending_official_review,1.0,,2020,0031,0.670102
high,RUTHERFORD,007685,20 1,2022,legacy_fallback_pending_official_review,1.0,,2020,0031,0.329898
high,RUTHERFORD,007696,21 1,2022,legacy_fallback_pending_official_review,1.0,,2020,0032,0.6991
high,RUTHERFORD,007695,21 1,2022,legacy_fallback_pending_official_review,1.0,,2020,0032,0.3009
high,RUTHERFORD,007695,21 2,2022,legacy_fallback_pending_official_review,1.0,,2020,0033,0.522173
high,RUTHERFORD,007696,21 2,2022,legacy_fallback_pending_official_review,1.0,,2020,0033,0.340971
high,RUTHERFORD,007690,21 2,2022,legacy_fallback_pending_official_review,1.0,,2020,0033,0.136856
high,RUTHERFORD,007654,3 1,2022,legacy_fallback_pending_official_review,1.0,,2020,0004,1.0
high,RUTHERFORD,007654,3 2,2022,legacy_fallback_pending_official_review,1.0,,2020,0005,0.851242
high,RUTHERFORD,007655,3 2,2022,legacy_fallback_pending_official_review,1.0,,2020,0005,0.148758
high,RUTHERFORD,007661,4 1,2022,legacy_fallback_pending_official_review,1.0,,2020,0006,0.407359
high,RUTHERFORD,007656,4 1,2022,legacy_fallback_pending_official_review,1.0,,2020,0006,0.386577
high,RUTHERFORD,007658,4 1,2022,legacy_fallback_pending_official_review,1.0,,2020,0006,0.177197
high,RUTHERFORD,007700,4 1,2022,legacy_fallback_pending_official_review,1.0,,2020,0006,0.017754
high,RUTHERFORD,007657,4 1,2022,legacy_fallback_pending_official_review,1.0,,2020,0006,0.011113
high,RUTHERFORD,007700,4 2,2022,legacy_fallback_pending_official_review,1.0,,2020,0007,1.0
high,RUTHERFORD,007659,5 1,2022,legacy_fallback_pending_official_review,1.0,,2020,0008,0.428698
high,RUTHERFORD,007660,5 1,2022,legacy_fallback_pending_official_review,1.0,,2020,0008,0.402359
high,RUTHERFORD,007699,5 1,2022,legacy_fallback_pending_official_review,1.0,,2020,0008,0.168943
high,RUTHERFORD,007661,6 1,2022,legacy_fallback_pending_official_review,1.0,,2020,0009,1.0
high,RUTHERFORD,007662,6 2,2022,legacy_fallback_pending_official_review,1.0,,2020,0010,0.481472
high,RUTHERFORD,007667,6 2,2022,legacy_fallback_pending_official_review,1.0,,2020,0010,0.26875
high,RUTHERFORD,007661,6 2,2022,legacy_fallback_pending_official_review,1.0,,2020,0010,0.207329
high,RUTHERFORD,007668,6 2,2022,legacy_fallback_pending_official_review,1.0,,2020,0010,0.042449
high,RUTHERFORD,007664,7 1,2022,legacy_fallback_pending_official_review,1.0,,2020,0011,0.762584
high,RUTHERFORD,007662,7 1,2022,legacy_fallback_pending_official_review,1.0,,2020,0011,0.237416
high,RUTHERFORD,007665,8 1,2022,legacy_fallback_pending_official_review,1.0,,2020,0012,0.531417
high,RUTHERFORD,007666,8 1,2022,legacy_fallback_pending_official_review,1.0,,2020,0012,0.278852
high,RUTHERFORD,007667,8 1,2022,legacy_fallback_pending_official_review,1.0,,2020,0012,0.128935
high,RUTHERFORD,007668,8 1,2022,legacy_fallback_pending_official_review,1.0,,2020,0012,0.060796
high,RUTHERFORD,007669,9 1,2022,legacy_fallback_pending_official_review,1.0,,2020,0013,0.43886
high,RUTHERFORD,007693,9 1,2022,legacy_fallback_pending_official_review,1.0,,2020,0013,0.332927
high,RUTHERFORD,007670,9 1,2022,legacy_fallback_pending_official_review,1.0,,2020,0013,0.228213
high,SEVIER,007953,1 1 CATON S CHAPEL,2022,legacy_fallback_pending_official_review,1.0,,2020,0004,1.0
high,SEVIER,007953,1 2 CATON S CHAPEL,2022,legacy_fallback_pending_official_review,1.0,,2020,0005,1.0
high,SEVIER,007960,10 2 DUPONT,2022,legacy_fallback_pending_official_review,1.0,,2020,0006,1.0
high,SEVIER,007956,11 1 GATLINBURG,2022,legacy_fallback_pending_official_review,1.0,,2020,0007,1.0
high,SEVIER,007956,11 2 GATLINBURG,2022,legacy_fallback_pending_official_review,1.0,,2020,0008,1.0
high,SEVIER,007961,2 2 WHITES,2022,legacy_fallback_pending_official_review,1.0,,2020,0023,1.0
high,SEVIER,007969,5 1 SEVIERVILLE,2022,legacy_fallback_pending_official_review,1.0,,2020,0012,1.0
high,SEVIER,007962,5 2 SENIOR CENTER,2022,legacy_fallback_pending_official_review,1.0,,2020,0016,1.0
high,SEVIER,007968,6 1 SEYMOUR,2022,legacy_fallback_pending_official_review,1.0,,2020,0018,1.0
high,SEVIER,007952,7 1 CATLETTSBURG,2022,legacy_fallback_pending_official_review,1.0,,2020,0002,1.0
high,SEVIER,007955,7 2 CATLETTSBURG,2022,legacy_fallback_pending_official_review,1.0,,2020,0003,1.0
high,SEVIER,007957,8 1 KODAK,2022,legacy_fallback_pending_official_review,1.0,,2020,0011,1.0
high,SHELBY,008260,1 1,2022,legacy_fallback_pending_official_review,0.993,,2020,0001,1.0
high,SHELBY,008141,1 10,2022,legacy_fallback_pending_official_review,0.993,,2020,0140,1.0
high,SHELBY,008176,1 11,2022,legacy_fallback_pending_official_review,0.993,,2020,0141,1.0
high,SHELBY,008260,1 2,2022,legacy_fallback_pending_official_review,0.993,,2020,0001,1.0
high,SHELBY,008179,1 3,2022,legacy_fallback_pending_official_review,0.993,,2020,0133,1.0
high,SHELBY,008136,1 4,2022,legacy_fallback_pending_official_review,0.993,,2020,0134,1.0
high,SHELBY,008133,1 5,2022,legacy_fallback_pending_official_review,0.993,,2020,0135,1.0
high,SHELBY,008154,1 6,2022,legacy_fallback_pending_official_review,0.993,,2020,0136,1.0
high,SHELBY,008107,1 7,2022,legacy_fallback_pending_official_review,0.993,,2020,0137,0.58985
high,SHELBY,008117,1 7,2022,legacy_fallback_pending_official_review,0.993,,2020,0137,0.41015
high,SHELBY,008139,1 8,2022,legacy_fallback_pending_official_review,0.993,,2020,0138,0.532004
high,SHELBY,008114,1 8,2022,legacy_fallback_pending_official_review,0.993,,2020,0138,0.467996
high,SHELBY,008141,1 9,2022,legacy_fallback_pending_official_review,0.993,,2020,0139,1.0
high,SHELBY,008141,10 1,2022,legacy_fallback_pending_official_review,0.993,,2020,0140,1.0
high,SHELBY,008166,10 10,2022,legacy_fallback_pending_official_review,1.0,,2020,0112,1.0
high,SHELBY,008141,10 2,2022,legacy_fallback_pending_official_review,0.993,,2020,0140,1.0
high,SHELBY,008179,10 3,2022,legacy_fallback_pending_official_review,0.993,,2020,0133,1.0
high,SHELBY,008136,10 4,2022,legacy_fallback_pending_official_review,0.993,,2020,0134,1.0
high,SHELBY,008133,10 5,2022,legacy_fallback_pending_official_review,0.993,,2020,0135,1.0
high,SHELBY,008154,10 6,2022,legacy_fallback_pending_official_review,0.993,,2020,0136,1.0
high,SHELBY,008107,10 7,2022,legacy_fallback_pending_official_review,0.993,,2020,0137,0.58985
high,SHELBY,008117,10 7,2022,legacy_fallback_pending_official_review,0.993,,2020,0137,0.41015
high,SHELBY,008139,10 8,2022,legacy_fallback_pending_official_review,0.993,,2020,0138,0.532004
high,SHELBY,008114,10 8,2022,legacy_fallback_pending_official_review,0.993,,2020,0138,0.467996
high,SHELBY,008141,10 9,2022,legacy_fallback_pending_official_review,0.993,,2020,0139,1.0
high,SHELBY,008176,11 1,2022,legacy_fallback_pending_official_review,0.993,,2020,0141,1.0
high,SHELBY,008176,11 2,2022,legacy_fallback_pending_official_review,0.993,,2020,0141,1.0
high,SHELBY,008179,11 3,2022,legacy_fallback_pending_official_review,0.993,,2020,0133,1.0
high,SHELBY,008136,11 4,2022,legacy_fallback_pending_official_review,0.993,,2020,0134,1.0
high,SHELBY,008133,11 5,2022,legacy_fallback_pending_official_review,0.993,,2020,0135,1.0
high,SHELBY,008154,11 6,2022,legacy_fallback_pending_official_review,0.993,,2020,0136,1.0
high,SHELBY,008107,11 7,2022,legacy_fallback_pending_official_review,0.993,,2020,0137,0.58985
high,SHELBY,008117,11 7,2022,legacy_fallback_pending_official_review,0.993,,2020,0137,0.41015
high,SHELBY,008139,11 8,2022,legacy_fallback_pending_official_review,0.993,,2020,0138,0.532004
high,SHELBY,008114,11 8,2022,legacy_fallback_pending_official_review,0.993,,2020,0138,0.467996
high,SHELBY,008179,12 1,2022,legacy_fallback_pending_official_review,0.993,,2020,0142,1.0
high,SHELBY,008267,12 10,2022,legacy_fallback_pending_official_review,1.0,,2020,0130,1.0
high,SHELBY,008179,12 2,2022,legacy_fallback_pending_official_review,0.993,,2020,0142,1.0
high,SHELBY,008179,12 3,2022,legacy_fallback_pending_official_review,0.993,,2020,0133,1.0
high,SHELBY,008136,12 4,2022,legacy_fallback_pending_official_review,0.993,,2020,0134,1.0
high,SHELBY,008133,12 5,2022,legacy_fallback_pending_official_review,0.993,,2020,0135,1.0
high,SHELBY,008154,12 6,2022,legacy_fallback_pending_official_review,0.993,,2020,0136,1.0
high,SHELBY,008107,12 7,2022,legacy_fallback_pending_official_review,0.993,,2020,0137,0.58985
high,SHELBY,008117,12 7,2022,legacy_fallback_pending_official_review,0.993,,2020,0137,0.41015
high,SHELBY,008139,12 8,2022,legacy_fallback_pending_official_review,0.993,,2020,0138,0.532004
high,SHELBY,008114,12 8,2022,legacy_fallback_pending_official_review,0.993,,2020,0138,0.467996
high,SHELBY,008141,12 9,2022,legacy_fallback_pending_official_review,0.993,,2020,0139,1.0
high,SHELBY,008081,2 1,2022,legacy_fallback_pending_official_review,0.993,,2020,0012,0.558218
high,SHELBY,008263,2 1,2022,legacy_fallback_pending_official_review,0.993,,2020,0012,0.400999
high,SHELBY,008271,2 1,2022,legacy_fallback_pending_official_review,0.993,,2020,0012,0.040783
high,SHELBY,008141,2 10,2022,legacy_fallback_pending_official_review,0.993,,2020,0140,1.0
high,SHELBY,008176,2 11,2022,legacy_fallback_pending_official_review,0.993,,2020,0141,1.0
high,SHELBY,008179,2 12,2022,legacy_fallback_pending_official_review,0.993,,2020,0142,1.0
high,SHELBY,008152,2 13,2022,legacy_fallback_pending_official_review,0.993,,2020,0131,1.0
high,SHELBY,008081,2 14,2022,legacy_fallback_pending_official_review,0.993,,2020,0012,0.558218
high,SHELBY,008263,2 14,2022,legacy_fallback_pending_official_review,0.993,,2020,0012,0.400999
high,SHELBY,008271,2 14,2022,legacy_fallback_pending_official_review,0.993,,2020,0012,0.040783
high,SHELBY,008081,2 15,2022,legacy_fallback_pending_official_review,0.993,,2020,0012,0.558218
high,SHELBY,008263,2 15,2022,legacy_fallback_pending_official_review,0.993,,2020,0012,0.400999
high,SHELBY,008271,2 15,2022,legacy_fallback_pending_official_review,0.993,,2020,0012,0.040783
high,SHELBY,008081,2 2,2022,legacy_fallback_pending_official_review,0.993,,2020,0012,0.558218
high,SHELBY,008263,2 2,2022,legacy_fallback_pending_official_review,0.993,,2020,0012,0.400999
high,SHELBY,008271,2 2,2022,legacy_fallback_pending_official_review,0.993,,2020,0012,0.040783
high,SHELBY,008179,2 3,2022,legacy_fallback_pending_official_review,0.993,,2020,0133,1.0
high,SHELBY,008136,2 4,2022,legacy_fallback_pending_official_review,0.993,,2020,0134,1.0
high,SHELBY,008133,2 5,2022,legacy_fallback_pending_official_review,0.993,,2020,0135,1.0
high,SHELBY,008154,2 6,2022,legacy_fallback_pending_official_review,0.993,,2020,0136,1.0
high,SHELBY,008107,2 7,2022,legacy_fallback_pending_official_review,0.993,,2020,0137,0.58985
high,SHELBY,008117,2 7,2022,legacy_fallback_pending_official_review,0.993,,2020,0137,0.41015
high,SHELBY,008139,2 8,2022,legacy_fallback_pending_official_review,0.993,,2020,0138,0.532004
high,SHELBY,008114,2 8,2022,legacy_fallback_pending_official_review,0.993,,2020,0138,0.467996
high,SHELBY,008141,2 9,2022,legacy_fallback_pending_official_review,0.993,,2020,0139,1.0
high,SHELBY,008179,3 1,2022,legacy_fallback_pending_official_review,0.993,,2020,0133,1.0
high,SHELBY,008179,3 10,2022,legacy_fallback_pending_official_review,0.993,,2020,0133,1.0
high,SHELBY,008179,3 11,2022,legacy_fallback_pending_official_review,0.993,,2020,0133,1.0
high,SHELBY,008179,3 2,2022,legacy_fallback_pending_official_review,0.993,,2020,0133,1.0
high,SHELBY,008179,3 3,2022,legacy_fallback_pending_official_review,0.993,,2020,0133,1.0
high,SHELBY,008179,3 4,2022,legacy_fallback_pending_official_review,0.993,,2020,0133,1.0
high,SHELBY,008179,3 5,2022,legacy_fallback_pending_official_review,0.993,,2020,0133,1.0
high,SHELBY,008179,3 6,2022,legacy_fallback_pending_official_review,0.993,,2020,0133,1.0
high,SHELBY,008179,3 7,2022,legacy_fallback_pending_official_review,0.993,,2020,0133,1.0
high,SHELBY,008179,3 8,2022,legacy_fallback_pending_official_review,0.993,,2020,0133,1.0
high,SHELBY,008179,3 9,2022,legacy_fallback_pending_official_review,0.993,,2020,0133,1.0
high,SHELBY,008136,4 1,2022,legacy_fallback_pending_official_review,0.993,,2020,0134,1.0
high,SHELBY,008136,4 10,2022,legacy_fallback_pending_official_review,0.993,,2020,0134,1.0
high,SHELBY,008136,4 11,2022,legacy_fallback_pending_official_review,0.993,,2020,0134,1.0
high,SHELBY,008136,4 12,2022,legacy_fallback_pending_official_review,0.993,,2020,0134,1.0
high,SHELBY,008136,4 2,2022,legacy_fallback_pending_official_review,0.993,,2020,0134,1.0
high,SHELBY,008179,4 3,2022,legacy_fallback_pending_official_review,0.993,,2020,0133,1.0
high,SHELBY,008136,4 4,2022,legacy_fallback_pending_official_review,0.993,,2020,0134,1.0
high,SHELBY,008136,4 5,2022,legacy_fallback_pending_official_review,0.993,,2020,0134,1.0
high,SHELBY,008136,4 6,2022,legacy_fallback_pending_official_review,0.993,,2020,0134,1.0
high,SHELBY,008136,4 7,2022,legacy_fallback_pending_official_review,0.993,,2020,0134,1.0
high,SHELBY,008136,4 8,2022,legacy_fallback_pending_official_review,0.993,,2020,0134,1.0
high,SHELBY,008136,4 9,2022,legacy_fallback_pending_official_review,0.993,,2020,0134,1.0
high,SHELBY,008133,5 1,2022,legacy_fallback_pending_official_review,0.993,,2020,0135,1.0
high,SHELBY,008133,5 10,2022,legacy_fallback_pending_official_review,0.993,,2020,0135,1.0
high,SHELBY,008133,5 12,2022,legacy_fallback_pending_official_review,0.993,,2020,0135,1.0
high,SHELBY,008133,5 2,2022,legacy_fallback_pending_official_review,0.993,,2020,0135,1.0
high,SHELBY,008179,5 3,2022,legacy_fallback_pending_official_review,0.993,,2020,0133,1.0
high,SHELBY,008136,5 4,2022,legacy_fallback_pending_official_review,0.993,,2020,0134,1.0
high,SHELBY,008133,5 5,2022,legacy_fallback_pending_official_review,0.993,,2020,0135,1.0
high,SHELBY,008133,5 6,2022,legacy_fallback_pending_official_review,0.993,,2020,0135,1.0
high,SHELBY,008133,5 7,2022,legacy_fallback_pending_official_review,0.993,,2020,0135,1.0
high,SHELBY,008133,5 8,2022,legacy_fallback_pending_official_review,0.993,,2020,0135,1.0
high,SHELBY,008133,5 9,2022,legacy_fallback_pending_official_review,0.993,,2020,0135,1.0
high,SHELBY,008154,6 1,2022,legacy_fallback_pending_official_review,0.993,,2020,0136,1.0
high,SHELBY,008154,6 2,2022,legacy_fallback_pending_official_review,0.993,,2020,0136,1.0
high,SHELBY,008179,6 3,2022,legacy_fallback_pending_official_review,0.993,,2020,0133,1.0
high,SHELBY,008136,6 4,2022,legacy_fallback_pending_official_review,0.993,,2020,0134,1.0
high,SHELBY,008133,6 5,2022,legacy_fallback_pending_official_review,0.993,,2020,0135,1.0
high,SHELBY,008154,6 6,2022,legacy_fallback_pending_official_review,0.993,,2020,0136,1.0
high,SHELBY,008154,6 7,2022,legacy_fallback_pending_official_review,0.993,,2020,0136,1.0
high,SHELBY,008154,6 8,2022,legacy_fallback_pending_official_review,0.993,,2020,0136,1.0
high,SHELBY,008154,6 9,2022,legacy_fallback_pending_official_review,0.993,,2020,0136,1.0
high,SHELBY,008107,7 1,2022,legacy_fallback_pending_official_review,0.993,,2020,0137,0.58985
high,SHELBY,008117,7 1,2022,legacy_fallback_pending_official_review,0.993,,2020,0137,0.41015
high,SHELBY,008107,7 10,2022,legacy_fallback_pending_official_review,0.993,,2020,0137,0.58985
high,SHELBY,008117,7 10,2022,legacy_fallback_pending_official_review,0.993,,2020,0137,0.41015
high,SHELBY,008107,7 2,2022,legacy_fallback_pending_official_review,0.993,,2020,0137,0.58985
high,SHELBY,008117,7 2,2022,legacy_fallback_pending_official_review,0.993,,2020,0137,0.41015
high,SHELBY,008179,7 3,2022,legacy_fallback_pending_official_review,0.993,,2020,0133,1.0
high,SHELBY,008136,7 4,2022,legacy_fallback_pending_official_review,0.993,,2020,0134,1.0
high,SHELBY,008133,7 5,2022,legacy_fallback_pending_official_review,0.993,,2020,0135,1.0
high,SHELBY,008154,7 6,2022,legacy_fallback_pending_official_review,0.993,,2020,0136,1.0
high,SHELBY,008107,7 7,2022,legacy_fallback_pending_official_review,0.993,,2020,0137,0.58985
high,SHELBY,008117,7 7,2022,legacy_fallback_pending_official_review,0.993,,2020,0137,0.41015
high,SHELBY,008107,7 8,2022,legacy_fallback_pending_official_review,0.993,,2020,0137,0.58985
high,SHELBY,008117,7 8,2022,legacy_fallback_pending_official_review,0.993,,2020,0137,0.41015
high,SHELBY,008107,7 9,2022,legacy_fallback_pending_official_review,0.993,,2020,0137,0.58985
high,SHELBY,008117,7 9,2022,legacy_fallback_pending_official_review,0.993,,2020,0137,0.41015
high,SHELBY,008139,8 1,2022,legacy_fallback_pending_official_review,0.993,,2020,0138,0.532004
high,SHELBY,008114,8 1,2022,legacy_fallback_pending_official_review,0.993,,2020,0138,0.467996
high,SHELBY,008139,8 10,2022,legacy_fallback_pending_official_review,0.993,,2020,0138,0.532004
high,SHELBY,008114,8 10,2022,legacy_fallback_pending_official_review,0.993,,2020,0138,0.467996
high,SHELBY,008139,8 11,2022,legacy_fallback_pending_official_review,0.993,,2020,0138,0.532004
high,SHELBY,008114,8 11,2022,legacy_fallback_pending_official_review,0.993,,2020,0138,0.467996
high,SHELBY,008139,8 12,2022,legacy_fallback_pending_official_review,0.993,,2020,0138,0.532004
high,SHELBY,008114,8 12,2022,legacy_fallback_pending_official_review,0.993,,2020,0138,0.467996
high,SHELBY,008139,8 2,2022,legacy_fallback_pending_official_review,0.993,,2020,0138,0.532004
high,SHELBY,008114,8 2,2022,legacy_fallback_pending_official_review,0.993,,2020,0138,0.467996
high,SHELBY,008179,8 3,2022,legacy_fallback_pending_official_review,0.993,,2020,0133,1.0
high,SHELBY,008136,8 4,2022,legacy_fallback_pending_official_review,0.993,,2020,0134,1.0
high,SHELBY,008133,8 5,2022,legacy_fallback_pending_official_review,0.993,,2020,0135,1.0
high,SHELBY,008154,8 6,2022,legacy_fallback_pending_official_review,0.993,,2020,0136,1.0
high,SHELBY,008107,8 7,2022,legacy_fallback_pending_official_review,0.993,,2020,0137,0.58985
high,SHELBY,008117,8 7,2022,legacy_fallback_pending_official_review,0.993,,2020,0137,0.41015
high,SHELBY,008139,8 8,2022,legacy_fallback_pending_official_review,0.993,,2020,0138,0.532004
high,SHELBY,008114,8 8,2022,legacy_fallback_pending_official_review,0.993,,2020,0138,0.467996
high,SHELBY,008139,8 9,2022,legacy_fallback_pending_official_review,0.993,,2020,0138,0.532004
high,SHELBY,008114,8 9,2022,legacy_fallback_pending_official_review,0.993,,2020,0138,0.467996
high,SHELBY,008141,9 1,2022,legacy_fallback_pending_official_review,0.993,,2020,0139,1.0
high,SHELBY,008141,9 10,2022,legacy_fallback_pending_official_review,0.993,,2020,0139,1.0
high,SHELBY,008141,9 11,2022,legacy_fallback_pending_official_review,0.993,,2020,0139,1.0
high,SHELBY,008141,9 2,2022,legacy_fallback_pending_official_review,0.993,,2020,0139,1.0
high,SHELBY,008179,9 3,2022,legacy_fallback_pending_official_review,0.993,,2020,0133,1.0
high,SHELBY,008136,9 4,2022,legacy_fallback_pending_official_review,0.993,,2020,0134,1.0
high,SHELBY,008133,9 5,2022,legacy_fallback_pending_official_review,0.993,,2020,0135,1.0
high,SHELBY,008154,9 6,2022,legacy_fallback_pending_official_review,0.993,,2020,0136,1.0
high,SHELBY,008107,9 7,2022,legacy_fallback_pending_official_review,0.993,,2020,0137,0.58985
high,SHELBY,008117,9 7,2022,legacy_fallback_pending_official_review,0.993,,2020,0137,0.41015
high,SHELBY,008139,9 8,2022,legacy_fallback_pending_official_review,0.993,,2020,0138,0.532004
high,SHELBY,008114,9 8,2022,legacy_fallback_pending_official_review,0.993,,2020,0138,0.467996
high,SHELBY,008141,9 9,2022,legacy_fallback_pending_official_review,0.993,,2020,0139,1.0
high,STEWART,008403,3 1 BETHEL,2022,legacy_fallback_pending_official_review,0.993,,2020,0003,1.0
high,STEWART,008405,5 1 VISITORS CENTER,2022,legacy_fallback_pending_official_review,1.0,,2020,0005,1.0
high,TIPTON,008706,6 14 SW TIPTON,2022,legacy_fallback_pending_official_review,1.0,,2020,0006,1.0
high,UNION,009002,2 1 LUTTRELL,2022,legacy_fallback_pending_official_review,1.0,,2020,0002,1.0
high,UNION,009001,3 1 CEDAR GROVE,2022,legacy_fallback_pending_official_review,1.0,,2020,0003,1.0
high,UNION,009005,4 1 BIG RIDGE,2022,legacy_fallback_pending_official_review,1.0,,2020,0005,1.0
high,UNION,009008,5 1 SHARPS CHAPEL,2022,legacy_fallback_pending_official_review,1.0,,2020,0006,1.0
high,UNION,009009,5 2 BRADEN CHAPEL,2022,legacy_fallback_pending_official_review,1.0,,2020,0007,1.0
high,UNION,009006,6 1 PAULETTE,2022,legacy_fallback_pending_official_review,1.0,,2020,0008,1.0
high,VAN BUREN,009101,CEDAR GROVE,2022,legacy_fallback_pending_official_review,1.0,,2020,0003,1.0
high,VAN BUREN,009106,CUMMINGSVILLE,2022,legacy_fallback_pending_official_review,1.0,,2020,0002,1.0
high,VAN BUREN,009103,FALL CREEK FALLS,2022,legacy_fallback_pending_official_review,1.0,,2020,0004,1.0
high,VAN BUREN,009102,PINEY,2022,legacy_fallback_pending_official_review,1.0,,2020,0005,1.0
high,VAN BUREN,009107,WHITE HILL,2022,legacy_fallback_pending_official_review,1.0,,2020,0006,1.0
high,WASHINGTON,009322,13 INDIAN TRAIL,2022,legacy_fallback_pending_official_review,0.995,,2020,0013,1.0
high,WASHINGTON,009322,14 INDIAN TRAIL,2022,legacy_fallback_pending_official_review,0.995,,2020,0014,1.0
high,WASHINGTON,009301,21 ASBURY SCHOOL,2022,legacy_fallback_pending_official_review,1.0,,2020,0021,1.0
high,WAYNE,009404,1 1 WAYNESBORO,2022,legacy_fallback_pending_official_review,1.0,,2020,0001,1.0
high,WAYNE,009406,4 1 COLLINWOOD,2022,legacy_fallback_pending_official_review,1.0,,2020,0006,1.0
high,WAYNE,009414,7 2 OVILLA,2022,legacy_fallback_pending_official_review,1.0,,2020,0014,1.0
high,WEAKLEY,009502,PRECINCT 1,2022,legacy_fallback_pending_official_review,1.0,,2020,0001,1.0
high,WEAKLEY,009503,PRECINCT 2,2022,legacy_fallback_pending_official_review,1.0,,2020,0002,1.0
high,WEAKLEY,009504,PRECINCT 3,2022,legacy_fallback_pending_official_review,1.0,,2020,0003,1.0
high,WEAKLEY,009505,PRECINCT 4,2022,legacy_fallback_pending_official_review,1.0,,2020,0004,1.0
high,WEAKLEY,009506,PRECINCT 5,2022,legacy_fallback_pending_official_review,1.0,,2020,0005,1.0
high,WEAKLEY,009507,PRECINCT 6,2022,legacy_fallback_pending_official_review,1.0,,2020,0006,1.0
high,WEAKLEY,009508,PRECINCT 7,2022,legacy_fallback_pending_official_review,1.0,,2020,0007,1.0
high,WEAKLEY,009509,PRECINCT 8,2022,legacy_fallback_pending_official_review,1.0,,2020,0008,1.0
high,WEAKLEY,009510,PRECINCT 9,2022,legacy_fallback_pending_official_review,1.0,,2020,0009,1.0
high,WILLIAMSON,009701,1 1,2022,legacy_fallback_pending_official_review,1.0,,2020,0001,1.0
high,WILLIAMSON,009709,1 2,2022,legacy_fallback_pending_official_review,1.0,,2020,0002,1.0
high,WILLIAMSON,009742,1 3,2022,legacy_fallback_pending_official_review,1.0,,2020,0003,1.0
high,WILLIAMSON,009703,1 4,2022,legacy_fallback_pending_official_review,0.995,,2020,0005,0.516302
high,WILLIAMSON,009704,1 4,2022,legacy_fallback_pending_official_review,0.995,,2020,0005,0.38824
high,WILLIAMSON,009731,1 4,2022,legacy_fallback_pending_official_review,0.995,,2020,0005,0.085507
high,WILLIAMSON,009702,1 4,2022,legacy_fallback_pending_official_review,0.995,,2020,0005,0.009951
high,WILLIAMSON,009732,10 1,2022,legacy_fallback_pending_official_review,1.0,,2020,0041,0.698433
high,WILLIAMSON,009734,10 1,2022,legacy_fallback_pending_official_review,1.0,,2020,0041,0.301567
high,WILLIAMSON,009732,10 2,2022,legacy_fallback_pending_official_review,1.0,,2020,0042,1.0
high,WILLIAMSON,009739,10 3,2022,legacy_fallback_pending_official_review,1.0,,2020,0043,1.0
high,WILLIAMSON,009735,11 1,2022,legacy_fallback_pending_official_review,1.0,,2020,0047,0.57070343
high,WILLIAMSON,009737,11 1,2022,legacy_fallback_pending_official_review,1.0,,2020,0047,0.31729568
high,WILLIAMSON,009739,11 1,2022,legacy_fallback_pending_official_review,1.0,,2020,0047,0.0999159
high,WILLIAMSON,009707,11 1,2022,legacy_fallback_pending_official_review,1.0,,2020,0047,0.00628399
high,WILLIAMSON,009736,11 1,2022,legacy_fallback_pending_official_review,1.0,,2020,0047,0.00580099
high,WILLIAMSON,009736,11 2,2022,legacy_fallback_pending_official_review,1.0,,2020,0048,0.729129
high,WILLIAMSON,009732,11 2,2022,legacy_fallback_pending_official_review,1.0,,2020,0048,0.270871
high,WILLIAMSON,009741,11 3,2022,legacy_fallback_pending_official_review,1.0,,2020,0049,0.566087
high,WILLIAMSON,009737,11 3,2022,legacy_fallback_pending_official_review,1.0,,2020,0049,0.433913
high,WILLIAMSON,009739,12 1,2022,legacy_fallback_pending_official_review,1.0,,2020,0052,1.0
high,WILLIAMSON,009712,12 2,2022,legacy_fallback_pending_official_review,1.0,,2020,0053,1.0
high,WILLIAMSON,009714,12 3,2022,legacy_fallback_pending_official_review,1.0,,2020,0054,0.544351
high,WILLIAMSON,009740,12 3,2022,legacy_fallback_pending_official_review,1.0,,2020,0054,0.443585
high,WILLIAMSON,009712,12 3,2022,legacy_fallback_pending_official_review,1.0,,2020,0054,0.006285
high,WILLIAMSON,009739,12 3,2022,legacy_fallback_pending_official_review,1.0,,2020,0054,0.005779
high,WILLIAMSON,009707,2 1,2022,legacy_fallback_pending_official_review,1.0,,2020,0007,1.0
high,WILLIAMSON,009999,2 2,2022,legacy_fallback_pending_official_review,1.0,,2020,0008,1.0
high,WILLIAMSON,009705,2 3,2022,legacy_fallback_pending_official_review,1.0,,2020,0009,0.4997925
high,WILLIAMSON,009708,2 3,2022,legacy_fallback_pending_official_review,1.0,,2020,0009,0.35951464
high,WILLIAMSON,009717,2 3,2022,legacy_fallback_pending_official_review,1.0,,2020,0009,0.11209389
high,WILLIAMSON,009740,2 3,2022,legacy_fallback_pending_official_review,1.0,,2020,0009,0.02859897
high,WILLIAMSON,009705,2 4,2022,legacy_fallback_pending_official_review,1.0,,2020,0010,0.672586
high,WILLIAMSON,009708,2 4,2022,legacy_fallback_pending_official_review,1.0,,2020,0010,0.327414
high,WILLIAMSON,009706,2 5,2022,legacy_fallback_pending_official_review,1.0,,2020,0011,0.829731
high,WILLIAMSON,009709,2 5,2022,legacy_fallback_pending_official_review,1.0,,2020,0011,0.170269
high,WILLIAMSON,009710,3 1,2022,legacy_fallback_pending_official_review,1.0,,2020,0012,1.0
high,WILLIAMSON,009712,4 1,2022,legacy_fallback_pending_official_review,1.0,,2020,0015,1.0
high,WILLIAMSON,009712,4 2,2022,legacy_fallback_pending_official_review,1.0,,2020,0016,1.0
high,WILLIAMSON,009714,4 3,2022,legacy_fallback_pending_official_review,1.0,,2020,0017,0.537292
high,WILLIAMSON,009713,4 3,2022,legacy_fallback_pending_official_review,1.0,,2020,0017,0.462708
high,WILLIAMSON,009718,5 1,2022,legacy_fallback_pending_official_review,1.0,,2020,0019,0.646348
high,WILLIAMSON,009715,5 1,2022,legacy_fallback_pending_official_review,1.0,,2020,0019,0.353652
high,WILLIAMSON,009719,6 1,2022,legacy_fallback_pending_official_review,1.0,,2020,0023,1.0
high,WILLIAMSON,009721,6 2,2022,legacy_fallback_pending_official_review,1.0,,2020,0024,1.0
high,WILLIAMSON,009724,7 1,2022,legacy_fallback_pending_official_review,1.0,,2020,0027,1.0
high,WILLIAMSON,009726,7 2,2022,legacy_fallback_pending_official_review,1.0,,2020,0028,1.0
high,WILLIAMSON,009725,8 1,2022,legacy_fallback_pending_official_review,1.0,,2020,0031,0.880214
high,WILLIAMSON,009722,8 1,2022,legacy_fallback_pending_official_review,1.0,,2020,0031,0.119786
high,WILLIAMSON,009726,8 2,2022,legacy_fallback_pending_official_review,1.0,,2020,0032,1.0
high,WILLIAMSON,009729,9 1,2022,legacy_fallback_pending_official_review,1.0,,2020,0035,0.703176
high,WILLIAMSON,009728,9 1,2022,legacy_fallback_pending_official_review,1.0,,2020,0035,0.296824
high,WILLIAMSON,009730,9 2,2022,legacy_fallback_pending_official_review,1.0,,2020,0036,1.0
high,WILLIAMSON,009730,9 3,2022,legacy_fallback_pending_official_review,1.0,,2020,0037,1.0
high,WILLIAMSON,009999,9 4,2022,legacy_fallback_pending_official_review,1.0,,2020,0038,1.0
high,WILLIAMSON,009706,9 5,2022,legacy_fallback_pending_official_review,1.0,,2020,0039,1.0
high,WILSON,009801,1 1,2022,legacy_fallback_pending_official_review,1.0,,2020,0001,1.0
high,WILSON,009814,10 1,2022,legacy_fallback_pending_official_review,1.0,,2020,0010,1.0
high,WILSON,009815,11 1,2022,legacy_fallback_pending_official_review,1.0,,2020,0011,1.0
high,WILSON,009816,12 1,2022,legacy_fallback_pending_official_review,1.0,,2020,0012,1.0
high,WILSON,009818,13 1,2022,legacy_fallback_pending_official_review,1.0,,2020,0013,1.0
high,WILSON,009819,14 1,2022,legacy_fallback_pending_official_review,1.0,,2020,0014,1.0
high,WILSON,009820,15 1,2022,legacy_fallback_pending_official_review,1.0,,2020,0015,1.0
high,WILSON,009822,16 1,2022,legacy_fallback_pending_official_review,1.0,,2020,0016,1.0
high,WILSON,009823,17 1,2022,legacy_fallback_pending_official_review,1.0,,2020,0017,1.0
high,WILSON,009824,18 1,2022,legacy_fallback_pending_official_review,1.0,,2020,0018,1.0
high,WILSON,009825,19 1,2022,legacy_fallback_pending_official_review,1.0,,2020,0019,1.0
high,WILSON,009802,2 1,2022,legacy_fallback_pending_official_review,1.0,,2020,0002,1.0
high,WILSON,009826,20 1,2022,legacy_fallback_pending_official_review,1.0,,2020,0020,1.0
high,WILSON,009827,21 1,2022,legacy_fallback_pending_official_review,1.0,,2020,0021,1.0
high,WILSON,009829,22 1,2022,legacy_fallback_pending_official_review,1.0,,2020,0022,1.0
high,WILSON,009830,23 1,2022,legacy_fallback_pending_official_review,1.0,,2020,0023,1.0
high,WILSON,009831,24 1,2022,legacy_fallback_pending_official_review,1.0,,2020,0024,1.0
high,WILSON,009832,25 1,2022,legacy_fallback_pending_official_review,1.0,,2020,0025,1.0
high,WILSON,009803,3 1,2022,legacy_fallback_pending_official_review,1.0,,2020,0003,1.0
high,WILSON,009804,4 1,2022,legacy_fallback_pending_official_review,1.0,,2020,0004,1.0
high,WILSON,009806,5 1,2022,legacy_fallback_pending_official_review,1.0,,2020,0005,1.0
high,WILSON,009807,6 1,2022,legacy_fallback_pending_official_review,1.0,,2020,0006,1.0
high,WILSON,009808,7 1,2022,legacy_fallback_pending_official_review,1.0,,2020,0007,1.0
high,WILSON,009810,8 1,2022,legacy_fallback_pending_official_review,1.0,,2020,0008,1.0
high,WILSON,009811,9 1,2022,legacy_fallback_pending_official_review,1.0,,2020,0009,1.0
