from_year,source_vintage,county_norm,from_precinct_norm,src_vtdst,dst_vtd20,weight,match_method,confidence_tier,match_score
2006,2000,ANDERSON,ANDERSONVILLE,0008,0008,0.90007602,exact_name,high,1.0
2006,2000,ANDERSON,ANDERSONVILLE,0008,000001,0.09805823,exact_name,high,1.0
2006,2000,ANDERSON,ANDERSONVILLE,0008,000018,0.00182604,exact_name,high,1.0
2006,2000,ANDERSON,ANDERSONVILLE,0008,000010,3.358e-05,exact_name,high,1.0
2006,2000,ANDERSON,ANDERSONVILLE,0008,000011,4.42e-06,exact_name,high,1.0
2006,2000,ANDERSON,ANDERSONVILLE,0008,000016,1.71e-06,exact_name,high,1.0
2006,2000,ANDERSON,BLOCK HOUSE VALLEY,0010,0010,0.91666667,exact_name,high,1.0
2006,2000,ANDERSON,BLOCK HOUSE VALLEY,0010,000003,0.08187991,exact_name,high,1.0
2006,2000,ANDERSON,BLOCK HOUSE VALLEY,0010,000025,0.00086745,exact_name,high,1.0
2006,2000,ANDERSON,BLOCK HOUSE VALLEY,0010,000005,0.00047794,exact_name,high,1.0
2006,2000,ANDERSON,BLOCK HOUSE VALLEY,0010,000009,8.723e-05,exact_name,high,1.0
2006,2000,ANDERSON,BLOCK HOUSE VALLEY,0010,000006,2.08e-05,exact_name,high,1.0
2006,2000,ANDERSON,BRICEVILLE,0012,0012,0.9166775,exact_name,high,1.0
2006,2000,ANDERSON,BRICEVILLE,0012,000002,0.08321497,exact_name,high,1.0
2006,2000,ANDERSON,BRICEVILLE,0012,000016,4.841e-05,exact_name,high,1.0
2006,2000,ANDERSON,BRICEVILLE,0012,000020,4.644e-05,exact_name,high,1.0
2006,2000,ANDERSON,BRICEVILLE,0012,000024,1.258e-05,exact_name,high,1.0
2006,2000,ANDERSON,BRICEVILLE,0012,000008,9e-08,exact_name,high,1.0
2006,2000,ANDERSON,CLAXTON,0024,0024,0.83343829,exact_name,high,1.0
2006,2000,ANDERSON,CLAXTON,0024,000004,0.09859191,exact_name,high,1.0
2006,2000,ANDERSON,CLAXTON,0024,000003,0.06764591,exact_name,high,1.0
2006,2000,ANDERSON,CLAXTON,0024,000025,0.00029746,exact_name,high,1.0
2006,2000,ANDERSON,CLAXTON,0024,000009,1.306e-05,exact_name,high,1.0
2006,2000,ANDERSON,CLAXTON,0024,000013,9.08e-06,exact_name,high,1.0
2006,2000,ANDERSON,CLAXTON,0024,000019,4.3e-06,exact_name,high,1.0
2006,2000,ANDERSON,CLINTON,0028,0028,0.91666667,exact_name,high,1.0
2006,2000,ANDERSON,CLINTON,0028,000005,0.07381741,exact_name,high,1.0
2006,2000,ANDERSON,CLINTON,0028,000006,0.00936712,exact_name,high,1.0
2006,2000,ANDERSON,CLINTON,0028,000025,0.00011421,exact_name,high,1.0
2006,2000,ANDERSON,CLINTON,0028,000019,3.459e-05,exact_name,high,1.0
2006,2000,ANDERSON,CLINTON HIGH,0032,000006,0.88676699,exact_name,high,1.0
2006,2000,ANDERSON,CLINTON HIGH,0032,000005,0.11192421,exact_name,high,1.0
2006,2000,ANDERSON,CLINTON HIGH,0032,000003,0.00093019,exact_name,high,1.0
2006,2000,ANDERSON,CLINTON HIGH,0032,000008,0.00019841,exact_name,high,1.0
2006,2000,ANDERSON,CLINTON HIGH,0032,000009,0.00018019,exact_name,high,1.0
2006,2000,ANDERSON,DUTCH VALLEY,0040,000008,0.3711151,exact_name,high,1.0
2006,2000,ANDERSON,DUTCH VALLEY,0040,000016,0.29507354,exact_name,high,1.0
2006,2000,ANDERSON,DUTCH VALLEY,0040,000007,0.25764435,exact_name,high,1.0
2006,2000,ANDERSON,DUTCH VALLEY,0040,000006,0.07578377,exact_name,high,1.0
2006,2000,ANDERSON,DUTCH VALLEY,0040,000002,0.00027566,exact_name,high,1.0
2006,2000,ANDERSON,DUTCH VALLEY,0040,000009,0.00010758,exact_name,high,1.0
2006,2000,ANDERSON,EMORY VALLEY,0010,0010,0.91666667,exact_name,high,1.0
2006,2000,ANDERSON,EMORY VALLEY,0010,000003,0.08187991,exact_name,high,1.0
2006,2000,ANDERSON,EMORY VALLEY,0010,000025,0.00086745,exact_name,high,1.0
2006,2000,ANDERSON,EMORY VALLEY,0010,000005,0.00047794,exact_name,high,1.0
2006,2000,ANDERSON,EMORY VALLEY,0010,000009,8.723e-05,exact_name,high,1.0
2006,2000,ANDERSON,EMORY VALLEY,0010,000006,2.08e-05,exact_name,high,1.0
2006,2000,ANDERSON,FAIRVIEW,0048,000010,0.63144621,exact_name,high,1.0
2006,2000,ANDERSON,FAIRVIEW,0048,000004,0.36733858,exact_name,high,1.0
2006,2000,ANDERSON,FAIRVIEW,0048,000011,0.00072118,exact_name,high,1.0
2006,2000,ANDERSON,FAIRVIEW,0048,000019,0.00026954,exact_name,high,1.0
2006,2000,ANDERSON,FAIRVIEW,0048,000001,0.0002245,exact_name,high,1.0
2006,2000,ANDERSON,GLEN ALPINE,0012,0012,0.9166775,exact_name,high,1.0
2006,2000,ANDERSON,GLEN ALPINE,0012,000002,0.08321497,exact_name,high,1.0
2006,2000,ANDERSON,GLEN ALPINE,0012,000016,4.841e-05,exact_name,high,1.0
2006,2000,ANDERSON,GLEN ALPINE,0012,000020,4.644e-05,exact_name,high,1.0
2006,2000,ANDERSON,GLEN ALPINE,0012,000024,1.258e-05,exact_name,high,1.0
2006,2000,ANDERSON,GLEN ALPINE,0012,000008,9e-08,exact_name,high,1.0
2006,2000,ANDERSON,GLENWOOD,0056,000012,0.99096461,exact_name,high,1.0
2006,2000,ANDERSON,GLENWOOD,0056,000022,0.00689135,exact_name,high,1.0
2006,2000,ANDERSON,GLENWOOD,0056,000009,0.00214404,exact_name,high,1.0
2006,2000,ANDERSON,HENDRIX CREEK,0014,0014,1.0,exact_name,high,1.0
2006,2000,ANDERSON,HIGHLAND VIEW,0060,000014,0.76281162,exact_name,high,1.0
2006,2000,ANDERSON,HIGHLAND VIEW,0060,000023,0.23494711,exact_name,high,1.0
2006,2000,ANDERSON,HIGHLAND VIEW,0060,000022,0.00223073,exact_name,high,1.0
2006,2000,ANDERSON,HIGHLAND VIEW,0060,000017,1.055e-05,exact_name,high,1.0
2006,2000,ANDERSON,LAKE CITY,0064,000015,0.99211177,exact_name,high,1.0
2006,2000,ANDERSON,LAKE CITY,0064,000016,0.00788823,exact_name,high,1.0
2006,2000,ANDERSON,MARLOW,0072,000017,0.57375094,exact_name,high,1.0
2006,2000,ANDERSON,MARLOW,0072,000008,0.24817862,exact_name,high,1.0
2006,2000,ANDERSON,MARLOW,0072,000009,0.09035386,exact_name,high,1.0
2006,2000,ANDERSON,MARLOW,0072,000022,0.05210499,exact_name,high,1.0
2006,2000,ANDERSON,MARLOW,0072,000014,0.01701259,exact_name,high,1.0
2006,2000,ANDERSON,MARLOW,0072,000006,0.01562395,exact_name,high,1.0
2006,2000,ANDERSON,MARLOW,0072,000012,0.00208821,exact_name,high,1.0
2006,2000,ANDERSON,MARLOW,0072,000020,0.00076529,exact_name,high,1.0
2006,2000,ANDERSON,MARLOW,0072,000003,9.914e-05,exact_name,high,1.0
2006,2000,ANDERSON,MARLOW,0072,000023,1.718e-05,exact_name,high,1.0
2006,2000,ANDERSON,MARLOW,0072,000002,5.24e-06,exact_name,high,1.0
2006,2000,ANDERSON,NORRIS,0076,000018,0.98796646,exact_name,high,1.0
2006,2000,ANDERSON,NORRIS,0076,000011,0.00609834,exact_name,high,1.0
2006,2000,ANDERSON,NORRIS,0076,000001,0.00500071,exact_name,high,1.0
2006,2000,ANDERSON,NORRIS,0076,000016,0.00093449,exact_name,high,1.0
2006,2000,ANDERSON,NORTH CLINTON,0080,000019,0.99747182,exact_name,high,1.0
2006,2000,ANDERSON,NORTH CLINTON,0080,000007,0.00110939,exact_name,high,1.0
2006,2000,ANDERSON,NORTH CLINTON,0080,000005,0.00062736,exact_name,high,1.0
2006,2000,ANDERSON,NORTH CLINTON,0080,000025,0.00051435,exact_name,high,1.0
2006,2000,ANDERSON,NORTH CLINTON,0080,000004,0.00027708,exact_name,high,1.0
2006,2000,ANDERSON,NORWOOD,0084,000020,0.97362023,exact_name,high,1.0
2006,2000,ANDERSON,NORWOOD,0084,000024,0.02551772,exact_name,high,1.0
2006,2000,ANDERSON,NORWOOD,0084,000002,0.00042035,exact_name,high,1.0
2006,2000,ANDERSON,NORWOOD,0084,000017,0.00030576,exact_name,high,1.0
2006,2000,ANDERSON,NORWOOD,0084,000014,5.903e-05,exact_name,high,1.0
2006,2000,ANDERSON,NORWOOD,0084,000023,4.473e-05,exact_name,high,1.0
2006,2000,ANDERSON,NORWOOD,0084,000026,3.143e-05,exact_name,high,1.0
2006,2000,ANDERSON,NORWOOD,0084,000008,7.5e-07,exact_name,high,1.0
2006,2000,ANDERSON,PINE VALLEY,0092,000022,0.99638487,exact_name,high,1.0
2006,2000,ANDERSON,PINE VALLEY,0092,000014,0.00244687,exact_name,high,1.0
2006,2000,ANDERSON,PINE VALLEY,0092,000012,0.00103968,exact_name,high,1.0
2006,2000,ANDERSON,PINE VALLEY,0092,000009,0.00012415,exact_name,high,1.0
2006,2000,ANDERSON,PINE VALLEY,0092,000027,4.22e-06,exact_name,high,1.0
2006,2000,ANDERSON,PINE VALLEY,0092,000017,2.1e-07,exact_name,high,1.0
2006,2000,ANDERSON,ROBERTSVILLE,0096,000023,0.96930067,exact_name,high,1.0
2006,2000,ANDERSON,ROBERTSVILLE,0096,000020,0.02653315,exact_name,high,1.0
2006,2000,ANDERSON,ROBERTSVILLE,0096,000026,0.00164856,exact_name,high,1.0
2006,2000,ANDERSON,ROBERTSVILLE,0096,000014,0.00130978,exact_name,high,1.0
2006,2000,ANDERSON,ROBERTSVILLE,0096,000021,0.00120783,exact_name,high,1.0
2006,2000,ANDERSON,ROSEDALE,0100,000024,0.99975797,exact_name,high,1.0
2006,2000,ANDERSON,ROSEDALE,0100,000002,0.00013798,exact_name,high,1.0
2006,2000,ANDERSON,ROSEDALE,0100,000020,0.00010405,exact_name,high,1.0
2006,2000,ANDERSON,SOUTH CLINTON,0104,000025,0.94663066,exact_name,high,1.0
2006,2000,ANDERSON,SOUTH CLINTON,0104,000004,0.04427974,exact_name,high,1.0
2006,2000,ANDERSON,SOUTH CLINTON,0104,000003,0.00494671,exact_name,high,1.0
2006,2000,ANDERSON,SOUTH CLINTON,0104,000019,0.003372,exact_name,high,1.0
2006,2000,ANDERSON,SOUTH CLINTON,0104,000005,0.00077089,exact_name,high,1.0
2006,2000,ANDERSON,WEST HILLS,0108,000026,0.99912372,exact_name,high,1.0
2006,2000,ANDERSON,WEST HILLS,0108,000021,0.0003874,exact_name,high,1.0
2006,2000,ANDERSON,WEST HILLS,0108,000020,0.00036237,exact_name,high,1.0
2006,2000,ANDERSON,WEST HILLS,0108,000013,0.00012639,exact_name,high,1.0
2006,2000,ANDERSON,WEST HILLS,0108,000023,1.1e-07,exact_name,high,1.0
2006,2000,ANDERSON,WOODLAND,0028,0028,0.91666667,exact_name,high,1.0
2006,2000,ANDERSON,WOODLAND,0028,000005,0.07381741,exact_name,high,1.0
2006,2000,ANDERSON,WOODLAND,0028,000006,0.00936712,exact_name,high,1.0
2006,2000,ANDERSON,WOODLAND,0028,000025,0.00011421,exact_name,high,1.0
2006,2000,ANDERSON,WOODLAND,0028,000019,3.459e-05,exact_name,high,1.0
2006,2000,BENTON,1 HOLLADAY SCHOOL,0232,000204,0.9999866,code_token_name,high,0.993
2006,2000,BENTON,1 HOLLADAY SCHOOL,0232,000203,1.34e-05,code_token_name,high,0.993
2006,2000,BENTON,2 CAMDEN HIGH SCHOOL,0272,000204,0.55856305,code_token_name,high,0.993
2006,2000,BENTON,2 CAMDEN HIGH SCHOOL,0272,000203,0.4413232,code_token_name,high,0.993
2006,2000,BENTON,2 CAMDEN HIGH SCHOOL,0272,000202,0.00011375,code_token_name,high,0.993
2006,2000,BENTON,4 CAMDEN ELEMENTARY,0004,0004,1.0,exact_name,high,1.0
2006,2000,BENTON,6 BIG SANDY SCHOOL,0300,000205,0.99670015,code_token_name,high,0.993
2006,2000,BENTON,6 BIG SANDY SCHOOL,0300,000201,0.00270674,code_token_name,high,0.993
2006,2000,BENTON,6 BIG SANDY SCHOOL,0300,000203,0.00059312,code_token_name,high,0.993
2006,2000,BLEDSOE,1 1 DILL,0316,000304,0.99894539,exact_name,high,1.0
2006,2000,BLEDSOE,1 1 DILL,0316,000305,0.0005622,exact_name,high,1.0
2006,2000,BLEDSOE,1 1 DILL,0316,000308,0.00049242,exact_name,high,1.0
2006,2000,BLEDSOE,1 2 GRIFFITH,0320,000305,0.98400492,exact_name,high,1.0
2006,2000,BLEDSOE,1 2 GRIFFITH,0320,000304,0.01479022,exact_name,high,1.0
2006,2000,BLEDSOE,1 2 GRIFFITH,0320,000309,0.00096783,exact_name,high,1.0
2006,2000,BLEDSOE,1 2 GRIFFITH,0320,000306,0.0002369,exact_name,high,1.0
2006,2000,BLEDSOE,1 2 GRIFFITH,0320,000311,1.3e-07,exact_name,high,1.0
2006,2000,BLEDSOE,1 3 MT CREST,0324,000309,0.99844349,exact_name,high,1.0
2006,2000,BLEDSOE,1 3 MT CREST,0324,000305,0.00121423,exact_name,high,1.0
2006,2000,BLEDSOE,1 3 MT CREST,0324,000301,0.000308,exact_name,high,1.0
2006,2000,BLEDSOE,1 3 MT CREST,0324,000311,3.411e-05,exact_name,high,1.0
2006,2000,BLEDSOE,1 3 MT CREST,0324,000303,1.8e-07,exact_name,high,1.0
2006,2000,BLEDSOE,2 1 COLD SPRINGS,0336,000303,0.73911929,exact_name,high,1.0
2006,2000,BLEDSOE,2 1 COLD SPRINGS,0336,000310,0.16549063,exact_name,high,1.0
2006,2000,BLEDSOE,2 1 COLD SPRINGS,0336,000311,0.06672419,exact_name,high,1.0
2006,2000,BLEDSOE,2 1 COLD SPRINGS,0336,000306,0.02822842,exact_name,high,1.0
2006,2000,BLEDSOE,2 1 COLD SPRINGS,0336,000307,0.0002334,exact_name,high,1.0
2006,2000,BLEDSOE,2 1 COLD SPRINGS,0336,000312,0.00014847,exact_name,high,1.0
2006,2000,BLEDSOE,2 1 COLD SPRINGS,0336,000301,5.362e-05,exact_name,high,1.0
2006,2000,BLEDSOE,2 1 COLD SPRINGS,0336,000309,1.98e-06,exact_name,high,1.0
2006,2000,BLEDSOE,2 2 LUMINARY,0340,000307,0.99879016,exact_name,high,1.0
2006,2000,BLEDSOE,2 2 LUMINARY,0340,000310,0.00094745,exact_name,high,1.0
2006,2000,BLEDSOE,2 2 LUMINARY,0340,000303,0.0002624,exact_name,high,1.0
2006,2000,BLEDSOE,3 1 BRAYTON,0348,000302,0.72484412,exact_name,high,1.0
2006,2000,BLEDSOE,3 1 BRAYTON,0348,000308,0.27512799,exact_name,high,1.0
2006,2000,BLEDSOE,3 1 BRAYTON,0348,000312,2.789e-05,exact_name,high,1.0
2006,2000,BLEDSOE,3 2 RIGSBY,0344,000312,0.76844432,exact_name,high,1.0
2006,2000,BLEDSOE,3 2 RIGSBY,0344,000307,0.20131139,exact_name,high,1.0
2006,2000,BLEDSOE,3 2 RIGSBY,0344,000303,0.02974775,exact_name,high,1.0
2006,2000,BLEDSOE,3 2 RIGSBY,0344,000306,0.00028819,exact_name,high,1.0
2006,2000,BLEDSOE,3 2 RIGSBY,0344,000308,0.00020179,exact_name,high,1.0
2006,2000,BLEDSOE,3 2 RIGSBY,0344,000302,6.56e-06,exact_name,high,1.0
2006,2000,BLEDSOE,4 1 PIKEVILLE A K,0352,000311,0.62978781,code_token_name,high,0.993
2006,2000,BLEDSOE,4 1 PIKEVILLE A K,0352,000306,0.36934426,code_token_name,high,0.993
2006,2000,BLEDSOE,4 1 PIKEVILLE A K,0352,000305,0.00086793,code_token_name,high,0.993
2006,2000,BLEDSOE,4 2 PIKEVILLE L Z,0352,000311,0.62978781,code_token_name,high,0.993
2006,2000,BLEDSOE,4 2 PIKEVILLE L Z,0352,000306,0.36934426,code_token_name,high,0.993
2006,2000,BLEDSOE,4 2 PIKEVILLE L Z,0352,000305,0.00086793,code_token_name,high,0.993
2006,2000,BLEDSOE,5 1 BELLVIEW,0328,000301,0.79238536,exact_name,high,1.0
2006,2000,BLEDSOE,5 1 BELLVIEW,0328,000309,0.20738973,exact_name,high,1.0
2006,2000,BLEDSOE,5 1 BELLVIEW,0328,000310,0.00013631,exact_name,high,1.0
2006,2000,BLEDSOE,5 1 BELLVIEW,0328,000303,8.86e-05,exact_name,high,1.0
2006,2000,BLEDSOE,5 2 NINE MILE,0332,000310,0.99896119,exact_name,high,1.0
2006,2000,BLEDSOE,5 2 NINE MILE,0332,000307,0.00053829,exact_name,high,1.0
2006,2000,BLEDSOE,5 2 NINE MILE,0332,000301,0.00050052,exact_name,high,1.0
2006,2000,BLEDSOE,6 1 LEE STATION,0360,000306,0.99244335,exact_name,high,1.0
2006,2000,BLEDSOE,6 1 LEE STATION,0360,000311,0.00641069,exact_name,high,1.0
2006,2000,BLEDSOE,6 1 LEE STATION,0360,000308,0.00049973,exact_name,high,1.0
2006,2000,BLEDSOE,6 1 LEE STATION,0360,000305,0.00031353,exact_name,high,1.0
2006,2000,BLEDSOE,6 1 LEE STATION,0360,000312,0.00025529,exact_name,high,1.0
2006,2000,BLEDSOE,6 1 LEE STATION,0360,000304,7.741e-05,exact_name,high,1.0
2006,2000,BLEDSOE,6 2 LUSK,0358,000308,0.99910428,exact_name,high,1.0
2006,2000,BLEDSOE,6 2 LUSK,0358,000304,0.00068341,exact_name,high,1.0
2006,2000,BLEDSOE,6 2 LUSK,0358,000306,0.00021232,exact_name,high,1.0
2006,2000,BLEDSOE,6 3 SUNNYSIDE,0356,000308,0.99944488,exact_name,high,1.0
2006,2000,BLEDSOE,6 3 SUNNYSIDE,0356,000306,0.00025936,exact_name,high,1.0
2006,2000,BLEDSOE,6 3 SUNNYSIDE,0356,000312,0.00022778,exact_name,high,1.0
2006,2000,BLEDSOE,6 3 SUNNYSIDE,0356,000302,6.798e-05,exact_name,high,1.0
2006,2000,BLEDSOE,6 4 BRAYTON 6,0356,000308,0.99944488,code_token_name,high,0.993
2006,2000,BLEDSOE,6 4 BRAYTON 6,0356,000306,0.00025936,code_token_name,high,0.993
2006,2000,BLEDSOE,6 4 BRAYTON 6,0356,000312,0.00022778,code_token_name,high,0.993
2006,2000,BLEDSOE,6 4 BRAYTON 6,0356,000302,6.798e-05,code_token_name,high,0.993
2006,2000,BLOUNT,ALCOA,0001,0001,1.0,exact_name,high,1.0
2006,2000,BLOUNT,BIG SPRINGS,0384,000415,0.97994801,exact_name,high,1.0
2006,2000,BLOUNT,BIG SPRINGS,0384,000416,0.019418,exact_name,high,1.0
2006,2000,BLOUNT,BIG SPRINGS,0384,000419,0.00051904,exact_name,high,1.0
2006,2000,BLOUNT,BIG SPRINGS,0384,000436,0.00010995,exact_name,high,1.0
2006,2000,BLOUNT,BIG SPRINGS,0384,000418,5e-06,exact_name,high,1.0
2006,2000,BLOUNT,CARPENTERS,0003,0003,1.0,exact_name,high,1.0
2006,2000,BLOUNT,CHILHOWEE VIEW,0400,000425,0.99683118,exact_name,high,1.0
2006,2000,BLOUNT,CHILHOWEE VIEW,0400,000426,0.00151434,exact_name,high,1.0
2006,2000,BLOUNT,CHILHOWEE VIEW,0400,000427,0.00129534,exact_name,high,1.0
2006,2000,BLOUNT,CHILHOWEE VIEW,0400,000424,0.0001822,exact_name,high,1.0
2006,2000,BLOUNT,CHILHOWEE VIEW,0400,000403,0.00017695,exact_name,high,1.0
2006,2000,BLOUNT,EVERETT,0412,000413,0.99528306,exact_name,high,1.0
2006,2000,BLOUNT,EVERETT,0412,000430,0.00212452,exact_name,high,1.0
2006,2000,BLOUNT,EVERETT,0412,000431,0.00117672,exact_name,high,1.0
2006,2000,BLOUNT,EVERETT,0412,000411,0.00095232,exact_name,high,1.0
2006,2000,BLOUNT,EVERETT,0412,000403,0.00026926,exact_name,high,1.0
2006,2000,BLOUNT,EVERETT,0412,000432,0.00019413,exact_name,high,1.0
2006,2000,BLOUNT,FRIENDSVILLE CITY,0425,000416,0.96969019,exact_name,high,1.0
2006,2000,BLOUNT,FRIENDSVILLE CITY,0425,000415,0.02815988,exact_name,high,1.0
2006,2000,BLOUNT,FRIENDSVILLE CITY,0425,000436,0.00203155,exact_name,high,1.0
2006,2000,BLOUNT,FRIENDSVILLE CITY,0425,000421,0.00011838,exact_name,high,1.0
2006,2000,BLOUNT,HAPPY VALLEY,0428,000435,0.99343961,exact_name,high,1.0
2006,2000,BLOUNT,HAPPY VALLEY,0428,000401,0.00314469,exact_name,high,1.0
2006,2000,BLOUNT,HAPPY VALLEY,0428,000426,0.00218685,exact_name,high,1.0
2006,2000,BLOUNT,HAPPY VALLEY,0428,000434,0.00093536,exact_name,high,1.0
2006,2000,BLOUNT,HAPPY VALLEY,0428,000418,0.00029349,exact_name,high,1.0
2006,2000,BLOUNT,HERITAGE,0009,0009,1.0,exact_name,high,1.0
2006,2000,BLOUNT,JOHN SEVIER,0440,000430,0.91604799,exact_name,high,1.0
2006,2000,BLOUNT,JOHN SEVIER,0440,000413,0.08235114,exact_name,high,1.0
2006,2000,BLOUNT,JOHN SEVIER,0440,000431,0.00159885,exact_name,high,1.0
2006,2000,BLOUNT,JOHN SEVIER,0440,000403,2.02e-06,exact_name,high,1.0
2006,2000,BLOUNT,LANIER,0444,000418,0.93061742,exact_name,high,1.0
2006,2000,BLOUNT,LANIER,0444,000419,0.06836655,exact_name,high,1.0
2006,2000,BLOUNT,LANIER,0444,000401,0.00060154,exact_name,high,1.0
2006,2000,BLOUNT,LANIER,0444,000434,0.00037377,exact_name,high,1.0
2006,2000,BLOUNT,LANIER,0444,000435,2.808e-05,exact_name,high,1.0
2006,2000,BLOUNT,LANIER,0444,000415,1.264e-05,exact_name,high,1.0
2006,2000,BLOUNT,MARTIN LUTHER KING,0013,0013,1.0,exact_name,high,1.0
2006,2000,BLOUNT,MARYVILLE COLLEGE,0448,000432,0.97584664,exact_name,high,1.0
2006,2000,BLOUNT,MARYVILLE COLLEGE,0448,000427,0.01872125,exact_name,high,1.0
2006,2000,BLOUNT,MARYVILLE COLLEGE,0448,000403,0.00222339,exact_name,high,1.0
2006,2000,BLOUNT,MARYVILLE COLLEGE,0448,000411,0.00118352,exact_name,high,1.0
2006,2000,BLOUNT,MARYVILLE COLLEGE,0448,000404,0.00103375,exact_name,high,1.0
2006,2000,BLOUNT,MARYVILLE COLLEGE,0448,000414,0.00061938,exact_name,high,1.0
2006,2000,BLOUNT,MARYVILLE COLLEGE,0448,000413,0.00034663,exact_name,high,1.0
2006,2000,BLOUNT,MARYVILLE COLLEGE,0448,000420,2.544e-05,exact_name,high,1.0
2006,2000,BLOUNT,MARYVILLE HS,0015,0015,1.0,exact_name,high,1.0
2006,2000,BLOUNT,MARYVILLE MIDDLE,0456,000404,0.99541437,exact_name,high,1.0
2006,2000,BLOUNT,MARYVILLE MIDDLE,0456,000427,0.00174615,exact_name,high,1.0
2006,2000,BLOUNT,MARYVILLE MIDDLE,0456,000420,0.00155347,exact_name,high,1.0
2006,2000,BLOUNT,MARYVILLE MIDDLE,0456,000432,0.00128602,exact_name,high,1.0
2006,2000,BLOUNT,MENTOR,0464,000409,0.7746537,exact_name,high,1.0
2006,2000,BLOUNT,MENTOR,0464,000423,0.21602686,exact_name,high,1.0
2006,2000,BLOUNT,MENTOR,0464,000410,0.00539621,exact_name,high,1.0
2006,2000,BLOUNT,MENTOR,0464,000408,0.00277326,exact_name,high,1.0
2006,2000,BLOUNT,MENTOR,0464,000407,0.00114998,exact_name,high,1.0
2006,2000,BLOUNT,MIDDLESETTLEMENTS,0468,000421,0.99643993,exact_name,high,1.0
2006,2000,BLOUNT,MIDDLESETTLEMENTS,0468,000416,0.0017216,exact_name,high,1.0
2006,2000,BLOUNT,MIDDLESETTLEMENTS,0468,000423,0.00076914,exact_name,high,1.0
2006,2000,BLOUNT,MIDDLESETTLEMENTS,0468,000436,0.00071543,exact_name,high,1.0
2006,2000,BLOUNT,MIDDLESETTLEMENTS,0468,000412,0.00023386,exact_name,high,1.0
2006,2000,BLOUNT,MIDDLESETTLEMENTS,0468,000407,0.00012004,exact_name,high,1.0
2006,2000,BLOUNT,MISER STATION,0476,000407,0.87987158,exact_name,high,1.0
2006,2000,BLOUNT,MISER STATION,0476,000409,0.1116016,exact_name,high,1.0
2006,2000,BLOUNT,MISER STATION,0476,000423,0.00383136,exact_name,high,1.0
2006,2000,BLOUNT,MISER STATION,0476,000408,0.00286988,exact_name,high,1.0
2006,2000,BLOUNT,MISER STATION,0476,000412,0.00105071,exact_name,high,1.0
2006,2000,BLOUNT,MISER STATION,0476,000421,0.00077487,exact_name,high,1.0
2006,2000,BLOUNT,MONTVALE,0472,000427,0.99214998,exact_name,high,1.0
2006,2000,BLOUNT,MONTVALE,0472,000433,0.00251897,exact_name,high,1.0
2006,2000,BLOUNT,MONTVALE,0472,000432,0.00193003,exact_name,high,1.0
2006,2000,BLOUNT,MONTVALE,0472,000420,0.00146418,exact_name,high,1.0
2006,2000,BLOUNT,MONTVALE,0472,000425,0.0009214,exact_name,high,1.0
2006,2000,BLOUNT,MONTVALE,0472,000404,0.00038003,exact_name,high,1.0
2006,2000,BLOUNT,MONTVALE,0472,000426,0.0003402,exact_name,high,1.0
2006,2000,BLOUNT,MONTVALE,0472,000434,0.00029521,exact_name,high,1.0
2006,2000,BLOUNT,MONTVALE,0472,000403,0.0,exact_name,high,1.0
2006,2000,BLOUNT,OAK VIEW,0480,000402,0.99911747,exact_name,high,1.0
2006,2000,BLOUNT,OAK VIEW,0480,000426,0.00045068,exact_name,high,1.0
2006,2000,BLOUNT,OAK VIEW,0480,000424,0.00017124,exact_name,high,1.0
2006,2000,BLOUNT,OAK VIEW,0480,000405,0.00016399,exact_name,high,1.0
2006,2000,BLOUNT,OAK VIEW,0480,000429,9.661e-05,exact_name,high,1.0
2006,2000,BLOUNT,PELLISSIPPI,0021,0021,1.0,prefix_name,high,0.995
2006,2000,BLOUNT,PORTER,0488,000429,0.99787823,exact_name,high,1.0
2006,2000,BLOUNT,PORTER,0488,000431,0.00066372,exact_name,high,1.0
2006,2000,BLOUNT,PORTER,0488,000405,0.00065679,exact_name,high,1.0
2006,2000,BLOUNT,PORTER,0488,000406,0.00047584,exact_name,high,1.0
2006,2000,BLOUNT,PORTER,0488,000402,0.00021833,exact_name,high,1.0
2006,2000,BLOUNT,PORTER,0488,000424,0.0001071,exact_name,high,1.0
2006,2000,BLOUNT,ROCKFORD CITY,0496,000406,0.9981246,exact_name,high,1.0
2006,2000,BLOUNT,ROCKFORD CITY,0496,000429,0.00150647,exact_name,high,1.0
2006,2000,BLOUNT,ROCKFORD CITY,0496,000431,0.00036893,exact_name,high,1.0
2006,2000,BLOUNT,SHOOKS GAP,0500,000405,0.99824355,exact_name,high,1.0
2006,2000,BLOUNT,SHOOKS GAP,0500,000429,0.00135914,exact_name,high,1.0
2006,2000,BLOUNT,SHOOKS GAP,0500,000402,0.00039731,exact_name,high,1.0
2006,2000,BLOUNT,TOWNSEND CITY,0505,000401,1.0,exact_name,high,1.0
2006,2000,BLOUNT,WALLAND,0516,000426,0.73805548,exact_name,high,1.0
2006,2000,BLOUNT,WALLAND,0516,000401,0.26142321,exact_name,high,1.0
2006,2000,BLOUNT,WALLAND,0516,000427,0.00019933,exact_name,high,1.0
2006,2000,BLOUNT,WALLAND,0516,000425,0.00019379,exact_name,high,1.0
2006,2000,BLOUNT,WALLAND,0516,000402,8.745e-05,exact_name,high,1.0
2006,2000,BLOUNT,WALLAND,0516,000435,4.074e-05,exact_name,high,1.0
2006,2000,BRADLEY,1 1 MCDONALD,0001,0001,1.0,exact_name,high,1.0
2006,2000,BRADLEY,1 2 PROSPECT,0002,0002,1.0,exact_name,high,1.0
2006,2000,BRADLEY,1 3 HOPEWELL,0003,0003,1.0,exact_name,high,1.0
2006,2000,BRADLEY,2 1 E L ROSS,0004,0004,1.0,exact_name,high,1.0
2006,2000,BRADLEY,2 2 CHARLESTON,0536,000504,0.74068267,code_token_name,high,0.993
2006,2000,BRADLEY,2 2 CHARLESTON,0536,000507,0.25160257,code_token_name,high,0.993
2006,2000,BRADLEY,2 2 CHARLESTON,0536,000505,0.00758746,code_token_name,high,0.993
2006,2000,BRADLEY,2 2 CHARLESTON,0536,000506,0.0001273,code_token_name,high,0.993
2006,2000,BRADLEY,3 1 MAYFIELD,0556,000509,0.78633826,code_token_name,high,0.993
2006,2000,BRADLEY,3 1 MAYFIELD,0556,000508,0.21333604,code_token_name,high,0.993
2006,2000,BRADLEY,3 1 MAYFIELD,0556,000502,0.00011597,code_token_name,high,0.993
2006,2000,BRADLEY,3 1 MAYFIELD,0556,000512,0.00010555,code_token_name,high,0.993
2006,2000,BRADLEY,3 1 MAYFIELD,0556,000510,0.00010368,code_token_name,high,0.993
2006,2000,BRADLEY,3 1 MAYFIELD,0556,000506,4.9e-07,code_token_name,high,0.993
2006,2000,BRADLEY,3 2 SENIOR CENTER,0007,0007,1.0,exact_name,high,1.0
2006,2000,BRADLEY,4 1 OAK GROVE,0008,0008,1.0,exact_name,high,1.0
2006,2000,BRADLEY,4 2 MICHIGAN AVE,0009,0009,1.0,exact_name,high,1.0
2006,2000,BRADLEY,5 1 BLYTHE BOWER,0010,0010,1.0,exact_name,high,1.0
2006,2000,BRADLEY,5 2 COMMUNITY SERV,0580,000514,0.76970604,code_token_name,high,0.993
2006,2000,BRADLEY,5 2 COMMUNITY SERV,0580,000510,0.22761438,code_token_name,high,0.993
2006,2000,BRADLEY,5 2 COMMUNITY SERV,0580,000513,0.00220339,code_token_name,high,0.993
2006,2000,BRADLEY,5 2 COMMUNITY SERV,0580,000502,0.00041554,code_token_name,high,0.993
2006,2000,BRADLEY,5 2 COMMUNITY SERV,0580,000515,5.221e-05,code_token_name,high,0.993
2006,2000,BRADLEY,5 2 COMMUNITY SERV,0580,000501,6.16e-06,code_token_name,high,0.993
2006,2000,BRADLEY,5 2 COMMUNITY SERV,0580,000503,1.65e-06,code_token_name,high,0.993
2006,2000,BRADLEY,5 2 COMMUNITY SERV,0580,000509,6.3e-07,code_token_name,high,0.993
2006,2000,BRADLEY,6 1 VALLEY VIEW,0012,0012,1.0,exact_name,high,1.0
2006,2000,BRADLEY,6 2 BLUE SPRINGS,0013,0013,1.0,exact_name,high,1.0
2006,2000,BRADLEY,6 3 WATERVILLE,0014,0014,1.0,exact_name,high,1.0
2006,2000,BRADLEY,6 4 BLACK FOX,0015,0015,1.0,exact_name,high,1.0
2006,2000,BRADLEY,7 1 STUART,0017,0017,1.0,exact_name,high,1.0
2006,2000,BRADLEY,7 2 CLEVELAND HIGH,0018,0018,1.0,exact_name,high,1.0
2006,2000,CAMPBELL,1 1 COOLIDGE,0002,0002,1.0,code_token_name,high,0.993
2006,2000,CAMPBELL,1 2 DEMORY,0002,0002,1.0,exact_name,high,1.0
2006,2000,CAMPBELL,1 3 PINECREST,0003,0003,1.0,exact_name,high,1.0
2006,2000,CAMPBELL,1 4 VALLEY VIEW,0004,0004,1.0,exact_name,high,1.0
2006,2000,CAMPBELL,1 5 WELL SPRINGS,0005,0005,1.0,exact_name,high,1.0
2006,2000,CAMPBELL,2 1 COLLEGE HILL,0006,0006,1.0,exact_name,high,1.0
2006,2000,CAMPBELL,2 2 DAVIS CHAPEL,0006,0006,1.0,code_token_name,high,0.993
2006,2000,CAMPBELL,2 3 EAST LAFOLLETTE,0009,0009,1.0,exact_name,high,1.0
2006,2000,CAMPBELL,2 4 JR HIGH,0006,0006,1.0,code_token_name,high,0.993
2006,2000,CAMPBELL,3 1 FIREHALL,0014,0014,1.0,code_token_name,high,0.993
2006,2000,CAMPBELL,3 2 JACKSBORO STA,0014,0014,1.0,exact_name,high,1.0
2006,2000,CAMPBELL,3 3 WEST LAFOLLETTE,0015,0015,1.0,exact_name,high,1.0
2006,2000,CAMPBELL,4 1 CARYVILLE,0018,0018,1.0,exact_name,high,1.0
2006,2000,CAMPBELL,4 2 CLINCHMORE,0019,0019,1.0,exact_name,high,1.0
2006,2000,CAMPBELL,4 3 JACKSBORO,0020,0020,1.0,exact_name,high,1.0
2006,2000,CAMPBELL,4 4 RIDGEWOOD,0021,0021,1.0,exact_name,high,1.0
2006,2000,CAMPBELL,5 1 ELK VALLEY,0022,0022,1.0,exact_name,high,1.0
2006,2000,CAMPBELL,5 2 HABERSHAM,0023,0023,1.0,exact_name,high,1.0
2006,2000,CAMPBELL,5 3 JELLICO,0024,0024,1.0,exact_name,high,1.0
2006,2000,CAMPBELL,5 4 NEWCOMB,0025,0025,1.0,exact_name,high,1.0
2006,2000,CAMPBELL,5 5 WHITE OAK,0026,0026,1.0,exact_name,high,1.0
2006,2000,CANNON,1 1 WESTSIDE,0001,0001,1.0,exact_name,high,1.0
2006,2000,CANNON,2 1 AUBURNTOWN,0002,0002,1.0,exact_name,high,1.0
2006,2000,CANNON,2 2 GASSAWAY,0003,0003,1.0,exact_name,high,1.0
2006,2000,CANNON,2 3 PLEASANT RIDGE,0004,0004,1.0,exact_name,high,1.0
2006,2000,CANNON,2 4 SHORT MOUNTAIN,0005,0005,1.0,exact_name,high,1.0
2006,2000,CANNON,3 2 WOODLAND,0006,0006,1.0,exact_name,high,1.0
2006,2000,CANNON,4 1 EASTSIDE,0007,0007,1.0,exact_name,high,1.0
2006,2000,CANNON,4 2 SHORT MOUNTAIN,0008,0008,1.0,exact_name,high,1.0
2006,2000,CANNON,5 1 WOODBURY,0009,0009,1.0,exact_name,high,1.0
2006,2000,CARTER,CENTRAL,0892,000902,0.99311864,exact_name,high,1.0
2006,2000,CARTER,CENTRAL,0892,000901,0.00546358,exact_name,high,1.0
2006,2000,CARTER,CENTRAL,0892,000920,0.00112391,exact_name,high,1.0
2006,2000,CARTER,CENTRAL,0892,000904,0.00029388,exact_name,high,1.0
2006,2000,CARTER,COURTHOUSE,0010,0010,1.0,exact_name,high,1.0
2006,2000,CARTER,EASTSIDE,0900,000910,0.99380011,exact_name,high,1.0
2006,2000,CARTER,EASTSIDE,0900,000911,0.00371575,exact_name,high,1.0
2006,2000,CARTER,EASTSIDE,0900,000909,0.00146698,exact_name,high,1.0
2006,2000,CARTER,EASTSIDE,0900,000906,0.00091779,exact_name,high,1.0
2006,2000,CARTER,EASTSIDE,0900,000912,9.937e-05,exact_name,high,1.0
2006,2000,CARTER,ELK MILLS,0904,000914,0.99867838,exact_name,high,1.0
2006,2000,CARTER,ELK MILLS,0904,000916,0.00083564,exact_name,high,1.0
2006,2000,CARTER,ELK MILLS,0904,000913,0.00031468,exact_name,high,1.0
2006,2000,CARTER,ELK MILLS,0904,000915,0.0001713,exact_name,high,1.0
2006,2000,CARTER,GAP CREEK,0908,000917,0.99228683,exact_name,high,1.0
2006,2000,CARTER,GAP CREEK,0908,000911,0.00643536,exact_name,high,1.0
2006,2000,CARTER,GAP CREEK,0908,000901,0.00068518,exact_name,high,1.0
2006,2000,CARTER,GAP CREEK,0908,000918,0.00050748,exact_name,high,1.0
2006,2000,CARTER,GAP CREEK,0908,000904,8.514e-05,exact_name,high,1.0
2006,2000,CARTER,HAMPTON,0912,000916,0.9984083,exact_name,high,1.0
2006,2000,CARTER,HAMPTON,0912,000914,0.00044671,exact_name,high,1.0
2006,2000,CARTER,HAMPTON,0912,000915,0.00042344,exact_name,high,1.0
2006,2000,CARTER,HAMPTON,0912,000918,0.00027104,exact_name,high,1.0
2006,2000,CARTER,HAMPTON,0912,000909,0.00018717,exact_name,high,1.0
2006,2000,CARTER,HAMPTON,0912,000908,0.00014019,exact_name,high,1.0
2006,2000,CARTER,HAMPTON,0912,000913,0.00011937,exact_name,high,1.0
2006,2000,CARTER,HAMPTON,0912,000911,3.77e-06,exact_name,high,1.0
2006,2000,CARTER,HAPPY VALLEY,0916,000901,0.99757257,exact_name,high,1.0
2006,2000,CARTER,HAPPY VALLEY,0916,000917,0.0017029,exact_name,high,1.0
2006,2000,CARTER,HAPPY VALLEY,0916,000902,0.00059214,exact_name,high,1.0
2006,2000,CARTER,HAPPY VALLEY,0916,000904,0.00013239,exact_name,high,1.0
2006,2000,CARTER,HAROLD MCCORMICK,0920,000912,0.94601977,exact_name,high,1.0
2006,2000,CARTER,HAROLD MCCORMICK,0920,000911,0.0478046,exact_name,high,1.0
2006,2000,CARTER,HAROLD MCCORMICK,0920,000910,0.00579551,exact_name,high,1.0
2006,2000,CARTER,HAROLD MCCORMICK,0920,000905,0.00038011,exact_name,high,1.0
2006,2000,CARTER,HIGH SCHOOL,0924,000905,0.93280374,exact_name,high,1.0
2006,2000,CARTER,HIGH SCHOOL,0924,000911,0.06317385,exact_name,high,1.0
2006,2000,CARTER,HIGH SCHOOL,0924,000904,0.00388901,exact_name,high,1.0
2006,2000,CARTER,HIGH SCHOOL,0924,000912,0.0001334,exact_name,high,1.0
2006,2000,CARTER,HUNTER,0928,000908,0.94685828,exact_name,high,1.0
2006,2000,CARTER,HUNTER,0928,000922,0.05167419,exact_name,high,1.0
2006,2000,CARTER,HUNTER,0928,000906,0.00060997,exact_name,high,1.0
2006,2000,CARTER,HUNTER,0928,000919,0.00047108,exact_name,high,1.0
2006,2000,CARTER,HUNTER,0928,000909,0.00015909,exact_name,high,1.0
2006,2000,CARTER,HUNTER,0928,000907,0.0001267,exact_name,high,1.0
2006,2000,CARTER,HUNTER,0928,000916,5.342e-05,exact_name,high,1.0
2006,2000,CARTER,HUNTER,0928,000913,4.727e-05,exact_name,high,1.0
2006,2000,CARTER,KEENBURG,0932,000907,0.99612158,exact_name,high,1.0
2006,2000,CARTER,KEENBURG,0932,000906,0.00287192,exact_name,high,1.0
2006,2000,CARTER,KEENBURG,0932,000903,0.00061943,exact_name,high,1.0
2006,2000,CARTER,KEENBURG,0932,000908,0.00030995,exact_name,high,1.0
2006,2000,CARTER,KEENBURG,0932,000904,4.389e-05,exact_name,high,1.0
2006,2000,CARTER,KEENBURG,0932,000920,3.322e-05,exact_name,high,1.0
2006,2000,CARTER,LITTLE MILLIGAN,0936,000913,0.99849655,exact_name,high,1.0
2006,2000,CARTER,LITTLE MILLIGAN,0936,000914,0.00065503,exact_name,high,1.0
2006,2000,CARTER,LITTLE MILLIGAN,0936,000916,0.00046887,exact_name,high,1.0
2006,2000,CARTER,LITTLE MILLIGAN,0936,000908,0.00037956,exact_name,high,1.0
2006,2000,CARTER,MIDWAY,0944,000921,0.99918186,exact_name,high,1.0
2006,2000,CARTER,MIDWAY,0944,000919,0.00081814,exact_name,high,1.0
2006,2000,CARTER,RANGE,0952,000903,0.58335264,exact_name,high,1.0
2006,2000,CARTER,RANGE,0952,000902,0.41166978,exact_name,high,1.0
2006,2000,CARTER,RANGE,0952,000920,0.00390353,exact_name,high,1.0
2006,2000,CARTER,RANGE,0952,000907,0.00104134,exact_name,high,1.0
2006,2000,CARTER,RANGE,0952,000904,3.271e-05,exact_name,high,1.0
2006,2000,CARTER,ROAN MOUNTAIN,0956,000915,0.9993086,exact_name,high,1.0
2006,2000,CARTER,ROAN MOUNTAIN,0956,000918,0.00041039,exact_name,high,1.0
2006,2000,CARTER,ROAN MOUNTAIN,0956,000916,0.00024455,exact_name,high,1.0
2006,2000,CARTER,ROAN MOUNTAIN,0956,000914,3.646e-05,exact_name,high,1.0
2006,2000,CARTER,SIAM,0960,000909,0.88921936,exact_name,high,1.0
2006,2000,CARTER,SIAM,0960,000916,0.10983048,exact_name,high,1.0
2006,2000,CARTER,SIAM,0960,000908,0.00053883,exact_name,high,1.0
2006,2000,CARTER,SIAM,0960,000910,0.00032022,exact_name,high,1.0
2006,2000,CARTER,SIAM,0960,000906,9.088e-05,exact_name,high,1.0
2006,2000,CARTER,SIAM,0960,000911,2.4e-07,exact_name,high,1.0
2006,2000,CARTER,TIGER VALLEY,0964,000918,0.99756282,exact_name,high,1.0
2006,2000,CARTER,TIGER VALLEY,0964,000916,0.0019376,exact_name,high,1.0
2006,2000,CARTER,TIGER VALLEY,0964,000915,0.00030651,exact_name,high,1.0
2006,2000,CARTER,TIGER VALLEY,0964,000917,0.00016621,exact_name,high,1.0
2006,2000,CARTER,TIGER VALLEY,0964,000911,2.685e-05,exact_name,high,1.0
2006,2000,CARTER,UNAKA,0968,000919,0.99868679,exact_name,high,1.0
2006,2000,CARTER,UNAKA,0968,000908,0.00068375,exact_name,high,1.0
2006,2000,CARTER,UNAKA,0968,000921,0.00062946,exact_name,high,1.0
2006,2000,CARTER,VALLEY FORGE,0972,000911,0.99223297,exact_name,high,1.0
2006,2000,CARTER,VALLEY FORGE,0972,000904,0.00433138,exact_name,high,1.0
2006,2000,CARTER,VALLEY FORGE,0972,000917,0.00177429,exact_name,high,1.0
2006,2000,CARTER,VALLEY FORGE,0972,000912,0.00100871,exact_name,high,1.0
2006,2000,CARTER,VALLEY FORGE,0972,000910,0.00025239,exact_name,high,1.0
2006,2000,CARTER,VALLEY FORGE,0972,000918,0.00022826,exact_name,high,1.0
2006,2000,CARTER,VALLEY FORGE,0972,000916,0.00013543,exact_name,high,1.0
2006,2000,CARTER,VALLEY FORGE,0972,000909,3.641e-05,exact_name,high,1.0
2006,2000,CARTER,VALLEY FORGE,0972,000905,1.6e-07,exact_name,high,1.0
2006,2000,CARTER,WATAUGA,0976,000920,0.99651186,exact_name,high,1.0
2006,2000,CARTER,WATAUGA,0976,000903,0.00200223,exact_name,high,1.0
2006,2000,CARTER,WATAUGA,0976,000902,0.00142682,exact_name,high,1.0
2006,2000,CARTER,WATAUGA,0976,000907,5.91e-05,exact_name,high,1.0
2006,2000,CARTER,WESTSIDE,0980,000904,0.93005269,exact_name,high,1.0
2006,2000,CARTER,WESTSIDE,0980,000905,0.05486193,exact_name,high,1.0
2006,2000,CARTER,WESTSIDE,0980,000911,0.00635272,exact_name,high,1.0
2006,2000,CARTER,WESTSIDE,0980,000902,0.0032482,exact_name,high,1.0
2006,2000,CARTER,WESTSIDE,0980,000901,0.00292898,exact_name,high,1.0
2006,2000,CARTER,WESTSIDE,0980,000907,0.00178663,exact_name,high,1.0
2006,2000,CARTER,WESTSIDE,0980,000903,0.00038445,exact_name,high,1.0
2006,2000,CARTER,WESTSIDE,0980,000917,0.0003844,exact_name,high,1.0
2006,2000,CHEATHAM,1 1 AC CHURCH CHRIST,0988,001004,0.89367252,code_token_name,high,0.993
2006,2000,CHEATHAM,1 1 AC CHURCH CHRIST,0988,001001,0.05502708,code_token_name,high,0.993
2006,2000,CHEATHAM,1 1 AC CHURCH CHRIST,0988,001008,0.05129138,code_token_name,high,0.993
2006,2000,CHEATHAM,1 1 AC CHURCH CHRIST,0988,001005,4.64e-06,code_token_name,high,0.993
2006,2000,CHEATHAM,1 1 AC CHURCH CHRIST,0988,001007,4.38e-06,code_token_name,high,0.993
2006,2000,CHEATHAM,2 2 E CHEATHAM ELEM,0992,001008,0.6328441,code_token_name,high,0.993
2006,2000,CHEATHAM,2 2 E CHEATHAM ELEM,0992,001001,0.19987422,code_token_name,high,0.993
2006,2000,CHEATHAM,2 2 E CHEATHAM ELEM,0992,001004,0.16686316,code_token_name,high,0.993
2006,2000,CHEATHAM,2 2 E CHEATHAM ELEM,0992,001002,0.00041139,code_token_name,high,0.993
2006,2000,CHEATHAM,2 2 E CHEATHAM ELEM,0992,001005,7.13e-06,code_token_name,high,0.993
2006,2000,CHEATHAM,3 1 PLEASANT VIEW,0003,0003,1.0,exact_name,high,1.0
2006,2000,CHEATHAM,4 1 W CHEATHAM ELEM,1004,001002,1.0,code_token_name,high,0.993
2006,2000,CHEATHAM,4 2 NEW HOPE CC,1004,001002,1.0,code_token_name,high,0.993
2006,2000,CHEATHAM,4 3 SYCAMORE MIDDLE,1004,001002,1.0,code_token_name,high,0.993
2006,2000,CHEATHAM,5 1 TWO RIVERS FIRE,1012,001005,0.62666203,prefix_name,high,0.995
2006,2000,CHEATHAM,5 1 TWO RIVERS FIRE,1012,001006,0.37283427,prefix_name,high,0.995
2006,2000,CHEATHAM,5 1 TWO RIVERS FIRE,1012,001007,0.00050213,prefix_name,high,0.995
2006,2000,CHEATHAM,5 1 TWO RIVERS FIRE,1012,001004,1.58e-06,prefix_name,high,0.995
2006,2000,CHEATHAM,5 2 PEGRAM ELEM,1012,001005,0.62666203,code_token_name,high,0.993
2006,2000,CHEATHAM,5 2 PEGRAM ELEM,1012,001006,0.37283427,code_token_name,high,0.993
2006,2000,CHEATHAM,5 2 PEGRAM ELEM,1012,001007,0.00050213,code_token_name,high,0.993
2006,2000,CHEATHAM,5 2 PEGRAM ELEM,1012,001004,1.58e-06,code_token_name,high,0.993
2006,2000,CHEATHAM,6 1 HARPETH HIGH,1020,001006,0.99954817,code_token_name,high,0.993
2006,2000,CHEATHAM,6 1 HARPETH HIGH,1020,001007,0.00045183,code_token_name,high,0.993
2006,2000,CHESTER,1 2 ENVILLE,1032,001108,0.99954776,exact_name,high,1.0
2006,2000,CHESTER,1 2 ENVILLE,1032,001104,0.00045224,exact_name,high,1.0
2006,2000,CHESTER,1 5 SWEET LIPS,1040,001104,0.99950303,exact_name,high,1.0
2006,2000,CHESTER,1 5 SWEET LIPS,1040,001108,0.00027918,exact_name,high,1.0
2006,2000,CHESTER,1 5 SWEET LIPS,1040,001101,7.302e-05,exact_name,high,1.0
2006,2000,CHESTER,1 5 SWEET LIPS,1040,001107,6.998e-05,exact_name,high,1.0
2006,2000,CHESTER,1 5 SWEET LIPS,1040,001105,6.863e-05,exact_name,high,1.0
2006,2000,CHESTER,1 5 SWEET LIPS,1040,001109,6.16e-06,exact_name,high,1.0
2006,2000,CHESTER,1 6 HARMONY,1044,001109,0.61385668,exact_name,high,1.0
2006,2000,CHESTER,1 6 HARMONY,1044,001103,0.38580909,exact_name,high,1.0
2006,2000,CHESTER,1 6 HARMONY,1044,001104,0.0001945,exact_name,high,1.0
2006,2000,CHESTER,1 6 HARMONY,1044,001106,0.00013973,exact_name,high,1.0
2006,2000,CHESTER,2 1 JACKS CREEK,1048,001107,0.89483667,exact_name,high,1.0
2006,2000,CHESTER,2 1 JACKS CREEK,1048,001108,0.1044943,exact_name,high,1.0
2006,2000,CHESTER,2 1 JACKS CREEK,1048,001101,0.00058741,exact_name,high,1.0
2006,2000,CHESTER,2 1 JACKS CREEK,1048,001104,8.162e-05,exact_name,high,1.0
2006,2000,CHESTER,2 2 HILLTOP,1048,001107,0.89483667,code_token_name,high,0.993
2006,2000,CHESTER,2 2 HILLTOP,1048,001108,0.1044943,code_token_name,high,0.993
2006,2000,CHESTER,2 2 HILLTOP,1048,001101,0.00058741,code_token_name,high,0.993
2006,2000,CHESTER,2 2 HILLTOP,1048,001104,8.162e-05,code_token_name,high,0.993
2006,2000,CHESTER,3 2 MONTEZUMA,1080,001103,0.99231281,exact_name,high,1.0
2006,2000,CHESTER,3 2 MONTEZUMA,1080,001102,0.00652972,exact_name,high,1.0
2006,2000,CHESTER,3 2 MONTEZUMA,1080,001111,0.00084786,exact_name,high,1.0
2006,2000,CHESTER,3 2 MONTEZUMA,1080,001110,0.00030961,exact_name,high,1.0
2006,2000,CHESTER,3 4 MASSEYVILLE,1068,001111,0.9975054,exact_name,high,1.0
2006,2000,CHESTER,3 4 MASSEYVILLE,1068,001103,0.0024946,exact_name,high,1.0
2006,2000,CHESTER,3 6 DEANBURG,1076,001110,0.72308706,exact_name,high,1.0
2006,2000,CHESTER,3 6 DEANBURG,1076,001102,0.27651656,exact_name,high,1.0
2006,2000,CHESTER,3 6 DEANBURG,1076,001103,0.00039637,exact_name,high,1.0
2006,2000,CHESTER,4 1 WEST CHESTER SCH,1084,001102,0.76060782,code_token_name,high,0.993
2006,2000,CHESTER,4 1 WEST CHESTER SCH,1084,001106,0.06878372,code_token_name,high,0.993
2006,2000,CHESTER,4 1 WEST CHESTER SCH,1084,001103,0.06289941,code_token_name,high,0.993
2006,2000,CHESTER,4 1 WEST CHESTER SCH,1084,001105,0.04361365,code_token_name,high,0.993
2006,2000,CHESTER,4 1 WEST CHESTER SCH,1084,001109,0.03780473,code_token_name,high,0.993
2006,2000,CHESTER,4 1 WEST CHESTER SCH,1084,001104,0.02629066,code_token_name,high,0.993
2006,2000,CHESTER,5 1 EAST CHESTER SCH,1088,001105,0.71332823,code_token_name,high,0.993
2006,2000,CHESTER,5 1 EAST CHESTER SCH,1088,001102,0.27904806,code_token_name,high,0.993
2006,2000,CHESTER,5 1 EAST CHESTER SCH,1088,001106,0.00739904,code_token_name,high,0.993
2006,2000,CHESTER,5 1 EAST CHESTER SCH,1088,001101,0.00022467,code_token_name,high,0.993
2006,2000,CHESTER,6 1 CITY HALL,0010,0010,1.0,exact_name,high,1.0
2006,2000,CLAIBORNE,1 1 TAZEWELL,0001,0001,1.0,exact_name,high,1.0
2006,2000,CLAIBORNE,2 1 CLOUDS,0002,0002,1.0,exact_name,high,1.0
2006,2000,CLAIBORNE,2 2 GOIN,0003,0003,1.0,exact_name,high,1.0
2006,2000,CLAIBORNE,2 3 SANDLICK,0004,0004,1.0,exact_name,high,1.0
2006,2000,CLAIBORNE,3 1 LONE MOUNTAIN,0005,0005,1.0,exact_name,high,1.0
2006,2000,CLAIBORNE,3 2 NEW TAZEWELL,0006,0006,1.0,exact_name,high,1.0
2006,2000,CLAIBORNE,4 1 GIBSON HALL,0007,0007,1.0,code_token_name,high,0.993
2006,2000,CLAIBORNE,4 2 HOWARD S QUARTER,0007,0007,1.0,exact_name,high,1.0
2006,2000,CLAIBORNE,4 3 LIBERTY,0008,0008,1.0,exact_name,high,1.0
2006,2000,CLAIBORNE,4 4 SPRINGDALE,0009,0009,1.0,exact_name,high,1.0
2006,2000,CLAIBORNE,5 1 BIG SPRING UNION,0010,0010,1.0,exact_name,high,1.0
2006,2000,CLAIBORNE,6 1 HARROGATE,0011,0011,1.0,exact_name,high,1.0
2006,2000,CLAIBORNE,6 2 SHAWANEE,0011,0011,1.0,code_token_name,high,0.993
2006,2000,CLAIBORNE,7 1 ARTHUR,0012,0012,1.0,exact_name,high,1.0
2006,2000,CLAIBORNE,7 2 CUMBERLAND GAP,0013,0013,1.0,exact_name,high,1.0
2006,2000,CLAIBORNE,8 1 ROGERS MILL,0014,0014,1.0,exact_name,high,1.0
2006,2000,CLAIBORNE,8 2 VANBEBBER SPRNGS,0015,0015,1.0,exact_name,high,1.0
2006,2000,CLAIBORNE,9 1 CLAIRFIELD,0016,0016,1.0,exact_name,high,1.0
2006,2000,CLAY,1 DENTONS CROSS ROAD,0001,0001,1.0,exact_name,high,1.0
2006,2000,CLAY,2 HERMITAGE SPRINGS,1190,001307,0.99976307,exact_name,high,1.0
2006,2000,CLAY,2 HERMITAGE SPRINGS,1190,001303,0.00023693,exact_name,high,1.0
2006,2000,CLAY,3 CELINA,1196,001305,0.99403486,exact_name,high,1.0
2006,2000,CLAY,3 CELINA,1196,001306,0.00580174,exact_name,high,1.0
2006,2000,CLAY,3 CELINA,1196,001302,0.0001634,exact_name,high,1.0
2006,2000,CLAY,4 1 MAPLE GROVE,1210,001301,0.99966467,exact_name,high,1.0
2006,2000,CLAY,4 1 MAPLE GROVE,1210,001304,0.00023746,exact_name,high,1.0
2006,2000,CLAY,4 1 MAPLE GROVE,1210,001306,9.787e-05,exact_name,high,1.0
2006,2000,CLAY,4 2 BUTLERS LANDING,1212,001306,0.83031701,exact_name,high,1.0
2006,2000,CLAY,4 2 BUTLERS LANDING,1212,001302,0.15965776,exact_name,high,1.0
2006,2000,CLAY,4 2 BUTLERS LANDING,1212,001305,0.00983632,exact_name,high,1.0
2006,2000,CLAY,4 2 BUTLERS LANDING,1212,001304,0.00011351,exact_name,high,1.0
2006,2000,CLAY,4 2 BUTLERS LANDING,1212,001301,7.541e-05,exact_name,high,1.0
2006,2000,CLAY,5 1 ARCOT BEECH BETH,1220,001304,0.94045924,code_token_name,high,0.993
2006,2000,CLAY,5 1 ARCOT BEECH BETH,1220,001306,0.0589368,code_token_name,high,0.993
2006,2000,CLAY,5 1 ARCOT BEECH BETH,1220,001301,0.00060396,code_token_name,high,0.993
2006,2000,CLAY,5 2 PEA RIDGE,0007,0007,1.0,exact_name,high,1.0
2006,2000,COCKE,ARMORY,0010,0010,1.0,exact_name,high,1.0
2006,2000,COCKE,BRIDGEPORT,1244,001417,0.9963342,exact_name,high,1.0
2006,2000,COCKE,BRIDGEPORT,1244,001409,0.00147376,exact_name,high,1.0
2006,2000,COCKE,BRIDGEPORT,1244,001407,0.00112109,exact_name,high,1.0
2006,2000,COCKE,BRIDGEPORT,1244,001419,0.00044498,exact_name,high,1.0
2006,2000,COCKE,BRIDGEPORT,1244,001404,0.00037396,exact_name,high,1.0
2006,2000,COCKE,BRIDGEPORT,1244,001401,0.00024763,exact_name,high,1.0
2006,2000,COCKE,BRIDGEPORT,1244,001415,4.37e-06,exact_name,high,1.0
2006,2000,COCKE,BRIDGEPORT,1244,001414,1e-08,exact_name,high,1.0
2006,2000,COCKE,CENTERVIEW,1252,001403,0.99856398,exact_name,high,1.0
2006,2000,COCKE,CENTERVIEW,1252,001413,0.00104032,exact_name,high,1.0
2006,2000,COCKE,CENTERVIEW,1252,001414,0.0003957,exact_name,high,1.0
2006,2000,COCKE,CENTRAL,1256,001416,0.99596179,exact_name,high,1.0
2006,2000,COCKE,CENTRAL,1256,001402,0.00218082,exact_name,high,1.0
2006,2000,COCKE,CENTRAL,1256,001406,0.00145695,exact_name,high,1.0
2006,2000,COCKE,CENTRAL,1256,001415,0.00040045,exact_name,high,1.0
2006,2000,COCKE,COSBY,1260,001410,0.78734365,exact_name,high,1.0
2006,2000,COCKE,COSBY,1260,001411,0.14449385,exact_name,high,1.0
2006,2000,COCKE,COSBY,1260,001406,0.0672112,exact_name,high,1.0
2006,2000,COCKE,COSBY,1260,001405,0.00059437,exact_name,high,1.0
2006,2000,COCKE,COSBY,1260,001409,0.00022486,exact_name,high,1.0
2006,2000,COCKE,COSBY,1260,001402,0.00013206,exact_name,high,1.0
2006,2000,COCKE,DEL RIO,1264,001404,0.99951061,exact_name,high,1.0
2006,2000,COCKE,DEL RIO,1264,001408,0.00027591,exact_name,high,1.0
2006,2000,COCKE,DEL RIO,1264,001418,0.0001694,exact_name,high,1.0
2006,2000,COCKE,DEL RIO,1264,001417,3.545e-05,exact_name,high,1.0
2006,2000,COCKE,DEL RIO,1264,001401,8.63e-06,exact_name,high,1.0
2006,2000,COCKE,EDGEMONT,1268,001412,0.7101725,exact_name,high,1.0
2006,2000,COCKE,EDGEMONT,1268,001415,0.28832307,exact_name,high,1.0
2006,2000,COCKE,EDGEMONT,1268,001402,0.00090416,exact_name,high,1.0
2006,2000,COCKE,EDGEMONT,1268,001411,0.00056611,exact_name,high,1.0
2006,2000,COCKE,EDGEMONT,1268,001413,3.417e-05,exact_name,high,1.0
2006,2000,COCKE,EDWINA,1272,001409,0.93890182,exact_name,high,1.0
2006,2000,COCKE,EDWINA,1272,001406,0.05839905,exact_name,high,1.0
2006,2000,COCKE,EDWINA,1272,001408,0.00156738,exact_name,high,1.0
2006,2000,COCKE,EDWINA,1272,001417,0.00066553,exact_name,high,1.0
2006,2000,COCKE,EDWINA,1272,001410,0.00027071,exact_name,high,1.0
2006,2000,COCKE,EDWINA,1272,001405,0.00019551,exact_name,high,1.0
2006,2000,COCKE,FOREST HILL,1276,001414,0.99752163,exact_name,high,1.0
2006,2000,COCKE,FOREST HILL,1276,001419,0.00088136,exact_name,high,1.0
2006,2000,COCKE,FOREST HILL,1276,001403,0.00075792,exact_name,high,1.0
2006,2000,COCKE,FOREST HILL,1276,001413,0.00061266,exact_name,high,1.0
2006,2000,COCKE,FOREST HILL,1276,001407,0.00022641,exact_name,high,1.0
2006,2000,COCKE,FOREST HILL,1276,001417,2e-08,exact_name,high,1.0
2006,2000,COCKE,GRASSY FORK,1280,001408,0.99843112,exact_name,high,1.0
2006,2000,COCKE,GRASSY FORK,1280,001404,0.00092804,exact_name,high,1.0
2006,2000,COCKE,GRASSY FORK,1280,001405,0.00034617,exact_name,high,1.0
2006,2000,COCKE,GRASSY FORK,1280,001409,0.00029467,exact_name,high,1.0
2006,2000,COCKE,HOUSTON VALLEY,1240,001418,0.99887616,exact_name,high,1.0
2006,2000,COCKE,HOUSTON VALLEY,1240,001401,0.00065283,exact_name,high,1.0
2006,2000,COCKE,HOUSTON VALLEY,1240,001404,0.00047101,exact_name,high,1.0
2006,2000,COCKE,LONG CREEK,1288,001401,0.9987765,exact_name,high,1.0
2006,2000,COCKE,LONG CREEK,1288,001418,0.00055756,exact_name,high,1.0
2006,2000,COCKE,LONG CREEK,1288,001419,0.00054018,exact_name,high,1.0
2006,2000,COCKE,LONG CREEK,1288,001417,0.0001042,exact_name,high,1.0
2006,2000,COCKE,LONG CREEK,1288,001404,2.156e-05,exact_name,high,1.0
2006,2000,COCKE,NORTHPORT,1296,001407,0.99597444,exact_name,high,1.0
2006,2000,COCKE,NORTHPORT,1296,001415,0.00155406,exact_name,high,1.0
2006,2000,COCKE,NORTHPORT,1296,001417,0.00149744,exact_name,high,1.0
2006,2000,COCKE,NORTHPORT,1296,001414,0.00051314,exact_name,high,1.0
2006,2000,COCKE,NORTHPORT,1296,001413,0.00046093,exact_name,high,1.0
2006,2000,COCKE,PARROTTSVILLE,1300,001419,0.99839555,exact_name,high,1.0
2006,2000,COCKE,PARROTTSVILLE,1300,001401,0.00084706,exact_name,high,1.0
2006,2000,COCKE,PARROTTSVILLE,1300,001414,0.00055613,exact_name,high,1.0
2006,2000,COCKE,PARROTTSVILLE,1300,001417,0.00020126,exact_name,high,1.0
2006,2000,COCKE,RANKIN,1304,001413,0.99483222,exact_name,high,1.0
2006,2000,COCKE,RANKIN,1304,001403,0.00448396,exact_name,high,1.0
2006,2000,COCKE,RANKIN,1304,001415,0.00038111,exact_name,high,1.0
2006,2000,COCKE,RANKIN,1304,001412,0.00010796,exact_name,high,1.0
2006,2000,COCKE,RANKIN,1304,001407,0.00010534,exact_name,high,1.0
2006,2000,COCKE,RANKIN,1304,001414,8.941e-05,exact_name,high,1.0
2006,2000,COCKE,SMOKY MOUNTAIN,1308,001405,0.99931998,exact_name,high,1.0
2006,2000,COCKE,SMOKY MOUNTAIN,1308,001410,0.00041549,exact_name,high,1.0
2006,2000,COCKE,SMOKY MOUNTAIN,1308,001408,0.0001958,exact_name,high,1.0
2006,2000,COCKE,SMOKY MOUNTAIN,1308,001409,6.873e-05,exact_name,high,1.0
2006,2000,COCKE,WEST END,1312,001415,0.98813978,exact_name,high,1.0
2006,2000,COCKE,WEST END,1312,001407,0.00462928,exact_name,high,1.0
2006,2000,COCKE,WEST END,1312,001416,0.00390491,exact_name,high,1.0
2006,2000,COCKE,WEST END,1312,001413,0.00180357,exact_name,high,1.0
2006,2000,COCKE,WEST END,1312,001417,0.00065255,exact_name,high,1.0
2006,2000,COCKE,WEST END,1312,001406,0.00061388,exact_name,high,1.0
2006,2000,COCKE,WEST END,1312,001402,0.00025604,exact_name,high,1.0
2006,2000,COFFEE,1 ADA WRIGHT CENTER,1328,001501,0.8916415,code_token_name,high,0.993
2006,2000,COFFEE,1 ADA WRIGHT CENTER,1328,001502,0.08014762,code_token_name,high,0.993
2006,2000,COFFEE,1 ADA WRIGHT CENTER,1328,001511,0.01695753,code_token_name,high,0.993
2006,2000,COFFEE,1 ADA WRIGHT CENTER,1328,001510,0.01045394,code_token_name,high,0.993
2006,2000,COFFEE,1 ADA WRIGHT CENTER,1328,001512,0.00061276,code_token_name,high,0.993
2006,2000,COFFEE,1 ADA WRIGHT CENTER,1328,001508,0.000173,code_token_name,high,0.993
2006,2000,COFFEE,1 ADA WRIGHT CENTER,1328,001504,1.365e-05,code_token_name,high,0.993
2006,2000,COFFEE,10 1 GOOSEPOND CC,1344,001509,0.51278474,code_token_name,high,0.993
2006,2000,COFFEE,10 1 GOOSEPOND CC,1344,001508,0.25695793,code_token_name,high,0.993
2006,2000,COFFEE,10 1 GOOSEPOND CC,1344,001522,0.23025615,code_token_name,high,0.993
2006,2000,COFFEE,10 1 GOOSEPOND CC,1344,001510,1.18e-06,code_token_name,high,0.993
2006,2000,COFFEE,10 2 NOAH COMM CTR,1344,001509,0.51278474,code_token_name,high,0.993
2006,2000,COFFEE,10 2 NOAH COMM CTR,1344,001508,0.25695793,code_token_name,high,0.993
2006,2000,COFFEE,10 2 NOAH COMM CTR,1344,001522,0.23025615,code_token_name,high,0.993
2006,2000,COFFEE,10 2 NOAH COMM CTR,1344,001510,1.18e-06,code_token_name,high,0.993
2006,2000,COFFEE,11 FREDONIA COMM CTR,1350,001511,0.77733461,code_token_name,high,0.993
2006,2000,COFFEE,11 FREDONIA COMM CTR,1350,001512,0.11007995,code_token_name,high,0.993
2006,2000,COFFEE,11 FREDONIA COMM CTR,1350,001510,0.10823608,code_token_name,high,0.993
2006,2000,COFFEE,11 FREDONIA COMM CTR,1350,001501,0.00357649,code_token_name,high,0.993
2006,2000,COFFEE,11 FREDONIA COMM CTR,1350,001502,0.00051913,code_token_name,high,0.993
2006,2000,COFFEE,11 FREDONIA COMM CTR,1350,001514,0.00017523,code_token_name,high,0.993
2006,2000,COFFEE,11 FREDONIA COMM CTR,1350,001509,7.85e-05,code_token_name,high,0.993
2006,2000,COFFEE,12 NORTH COFFEE ELEM,1324,001512,0.62473974,code_token_name,high,0.993
2006,2000,COFFEE,12 NORTH COFFEE ELEM,1324,001511,0.26308797,code_token_name,high,0.993
2006,2000,COFFEE,12 NORTH COFFEE ELEM,1324,001514,0.10854915,code_token_name,high,0.993
2006,2000,COFFEE,12 NORTH COFFEE ELEM,1324,001502,0.00313702,code_token_name,high,0.993
2006,2000,COFFEE,12 NORTH COFFEE ELEM,1324,001513,0.00048613,code_token_name,high,0.993
2006,2000,COFFEE,13 1 BLANTON S CC,1348,001514,0.79052311,code_token_name,high,0.993
2006,2000,COFFEE,13 1 BLANTON S CC,1348,001513,0.12105451,code_token_name,high,0.993
2006,2000,COFFEE,13 1 BLANTON S CC,1348,001503,0.04500938,code_token_name,high,0.993
2006,2000,COFFEE,13 1 BLANTON S CC,1348,001512,0.03909751,code_token_name,high,0.993
2006,2000,COFFEE,13 1 BLANTON S CC,1348,001516,0.00299271,code_token_name,high,0.993
2006,2000,COFFEE,13 1 BLANTON S CC,1348,001517,0.00132136,code_token_name,high,0.993
2006,2000,COFFEE,13 1 BLANTON S CC,1348,001502,1.42e-06,code_token_name,high,0.993
2006,2000,COFFEE,13 2 SCHMIEDE TMT,1348,001514,0.79052311,code_token_name,high,0.993
2006,2000,COFFEE,13 2 SCHMIEDE TMT,1348,001513,0.12105451,code_token_name,high,0.993
2006,2000,COFFEE,13 2 SCHMIEDE TMT,1348,001503,0.04500938,code_token_name,high,0.993
2006,2000,COFFEE,13 2 SCHMIEDE TMT,1348,001512,0.03909751,code_token_name,high,0.993
2006,2000,COFFEE,13 2 SCHMIEDE TMT,1348,001516,0.00299271,code_token_name,high,0.993
2006,2000,COFFEE,13 2 SCHMIEDE TMT,1348,001517,0.00132136,code_token_name,high,0.993
2006,2000,COFFEE,13 2 SCHMIEDE TMT,1348,001502,1.42e-06,code_token_name,high,0.993
2006,2000,COFFEE,14 HICKERSON FIRE,1332,001518,0.86040589,code_token_name,high,0.993
2006,2000,COFFEE,14 HICKERSON FIRE,1332,001520,0.13567692,code_token_name,high,0.993
2006,2000,COFFEE,14 HICKERSON FIRE,1332,001513,0.00357335,code_token_name,high,0.993
2006,2000,COFFEE,14 HICKERSON FIRE,1332,001515,0.00032755,code_token_name,high,0.993
2006,2000,COFFEE,14 HICKERSON FIRE,1332,001516,1.131e-05,code_token_name,high,0.993
2006,2000,COFFEE,14 HICKERSON FIRE,1332,001521,3.1e-06,code_token_name,high,0.993
2006,2000,COFFEE,14 HICKERSON FIRE,1332,001519,1.88e-06,code_token_name,high,0.993
2006,2000,COFFEE,15 GRACE BAPTIST,1356,001515,0.77763389,code_token_name,high,0.993
2006,2000,COFFEE,15 GRACE BAPTIST,1356,001518,0.21093879,code_token_name,high,0.993
2006,2000,COFFEE,15 GRACE BAPTIST,1356,001513,0.01092671,code_token_name,high,0.993
2006,2000,COFFEE,15 GRACE BAPTIST,1356,001516,0.00050061,code_token_name,high,0.993
2006,2000,COFFEE,16 LION S CLUB,1360,001516,0.80688668,code_token_name,high,0.993
2006,2000,COFFEE,16 LION S CLUB,1360,001514,0.07706302,code_token_name,high,0.993
2006,2000,COFFEE,16 LION S CLUB,1360,001515,0.07537917,code_token_name,high,0.993
2006,2000,COFFEE,16 LION S CLUB,1360,001513,0.03997162,code_token_name,high,0.993
2006,2000,COFFEE,16 LION S CLUB,1360,001517,0.00068297,code_token_name,high,0.993
2006,2000,COFFEE,16 LION S CLUB,1360,001518,1.537e-05,code_token_name,high,0.993
2006,2000,COFFEE,16 LION S CLUB,1360,001519,1.17e-06,code_token_name,high,0.993
2006,2000,COFFEE,17 HANDS ON SCIENCE,1358,001517,0.94042522,code_token_name,high,0.993
2006,2000,COFFEE,17 HANDS ON SCIENCE,1358,001514,0.05710619,code_token_name,high,0.993
2006,2000,COFFEE,17 HANDS ON SCIENCE,1358,001516,0.00242676,code_token_name,high,0.993
2006,2000,COFFEE,17 HANDS ON SCIENCE,1358,001519,4.184e-05,code_token_name,high,0.993
2006,2000,COFFEE,18 FIRST CHRISTIAN,1340,001519,0.50919568,code_token_name,high,0.993
2006,2000,COFFEE,18 FIRST CHRISTIAN,1340,001517,0.38869776,code_token_name,high,0.993
2006,2000,COFFEE,18 FIRST CHRISTIAN,1340,001518,0.08478446,code_token_name,high,0.993
2006,2000,COFFEE,18 FIRST CHRISTIAN,1340,001516,0.01188256,code_token_name,high,0.993
2006,2000,COFFEE,18 FIRST CHRISTIAN,1340,001514,0.00543954,code_token_name,high,0.993
2006,2000,COFFEE,19 CD STAMPS CENTER,0011,0011,1.0,exact_name,high,1.0
2006,2000,COFFEE,2 WESTWOOD JR HIGH,1376,001502,0.92745794,code_token_name,high,0.993
2006,2000,COFFEE,2 WESTWOOD JR HIGH,1376,001501,0.06327034,code_token_name,high,0.993
2006,2000,COFFEE,2 WESTWOOD JR HIGH,1376,001514,0.00431398,code_token_name,high,0.993
2006,2000,COFFEE,2 WESTWOOD JR HIGH,1376,001512,0.00393956,code_token_name,high,0.993
2006,2000,COFFEE,2 WESTWOOD JR HIGH,1376,001503,0.00099701,code_token_name,high,0.993
2006,2000,COFFEE,2 WESTWOOD JR HIGH,1376,001504,2.116e-05,code_token_name,high,0.993
2006,2000,COFFEE,20 COFFEE CO SC CTR,1320,001520,0.82000687,code_token_name,high,0.993
2006,2000,COFFEE,20 COFFEE CO SC CTR,1320,001521,0.17998377,code_token_name,high,0.993
2006,2000,COFFEE,20 COFFEE CO SC CTR,1320,001518,9.37e-06,code_token_name,high,0.993
2006,2000,COFFEE,21 BEL AIRE ELEM,1362,001518,0.53818384,code_token_name,high,0.993
2006,2000,COFFEE,21 BEL AIRE ELEM,1362,001521,0.46170202,code_token_name,high,0.993
2006,2000,COFFEE,21 BEL AIRE ELEM,1362,001520,0.00011414,code_token_name,high,0.993
2006,2000,COFFEE,3 CENTRAL HIGH,1330,001503,0.75154075,code_token_name,high,0.993
2006,2000,COFFEE,3 CENTRAL HIGH,1330,001504,0.21842543,code_token_name,high,0.993
2006,2000,COFFEE,3 CENTRAL HIGH,1330,001502,0.02069896,code_token_name,high,0.993
2006,2000,COFFEE,3 CENTRAL HIGH,1330,001506,0.0093204,code_token_name,high,0.993
2006,2000,COFFEE,3 CENTRAL HIGH,1330,001514,1.446e-05,code_token_name,high,0.993
2006,2000,COFFEE,4 COFFEE CO MIDDLE,1334,001501,0.5486568,code_token_name,high,0.993
2006,2000,COFFEE,4 COFFEE CO MIDDLE,1334,001504,0.44494781,code_token_name,high,0.993
2006,2000,COFFEE,4 COFFEE CO MIDDLE,1334,001506,0.00335742,code_token_name,high,0.993
2006,2000,COFFEE,4 COFFEE CO MIDDLE,1334,001507,0.00262518,code_token_name,high,0.993
2006,2000,COFFEE,4 COFFEE CO MIDDLE,1334,001503,0.00040157,code_token_name,high,0.993
2006,2000,COFFEE,4 COFFEE CO MIDDLE,1334,001502,1.122e-05,code_token_name,high,0.993
2006,2000,COFFEE,5 HILLSBORO CC,1352,001505,0.60786881,code_token_name,high,0.993
2006,2000,COFFEE,5 HILLSBORO CC,1352,001514,0.25009838,code_token_name,high,0.993
2006,2000,COFFEE,5 HILLSBORO CC,1352,001506,0.14201453,code_token_name,high,0.993
2006,2000,COFFEE,5 HILLSBORO CC,1352,001517,1.399e-05,code_token_name,high,0.993
2006,2000,COFFEE,5 HILLSBORO CC,1352,001519,3.68e-06,code_token_name,high,0.993
2006,2000,COFFEE,5 HILLSBORO CC,1352,001503,6.1e-07,code_token_name,high,0.993
2006,2000,COFFEE,6 TENNESSEE VOC CTR,1338,001506,0.61837259,code_token_name,high,0.993
2006,2000,COFFEE,6 TENNESSEE VOC CTR,1338,001505,0.33050404,code_token_name,high,0.993
2006,2000,COFFEE,6 TENNESSEE VOC CTR,1338,001504,0.02847454,code_token_name,high,0.993
2006,2000,COFFEE,6 TENNESSEE VOC CTR,1338,001507,0.02222809,code_token_name,high,0.993
2006,2000,COFFEE,6 TENNESSEE VOC CTR,1338,001503,0.00025883,code_token_name,high,0.993
2006,2000,COFFEE,6 TENNESSEE VOC CTR,1338,001514,0.00011172,code_token_name,high,0.993
2006,2000,COFFEE,6 TENNESSEE VOC CTR,1338,001501,5.018e-05,code_token_name,high,0.993
2006,2000,COFFEE,7 EAST COFFEE ELEM,1336,001507,0.92036344,code_token_name,high,0.993
2006,2000,COFFEE,7 EAST COFFEE ELEM,1336,001523,0.03898086,code_token_name,high,0.993
2006,2000,COFFEE,7 EAST COFFEE ELEM,1336,001508,0.02494599,code_token_name,high,0.993
2006,2000,COFFEE,7 EAST COFFEE ELEM,1336,001501,0.01321535,code_token_name,high,0.993
2006,2000,COFFEE,7 EAST COFFEE ELEM,1336,001506,0.00245329,code_token_name,high,0.993
2006,2000,COFFEE,7 EAST COFFEE ELEM,1336,001505,4.107e-05,code_token_name,high,0.993
2006,2000,COFFEE,8 NEW UNION FIRE,1364,001508,0.65852719,code_token_name,high,0.993
2006,2000,COFFEE,8 NEW UNION FIRE,1364,001510,0.21610219,code_token_name,high,0.993
2006,2000,COFFEE,8 NEW UNION FIRE,1364,001509,0.10350761,code_token_name,high,0.993
2006,2000,COFFEE,8 NEW UNION FIRE,1364,001511,0.02136484,code_token_name,high,0.993
2006,2000,COFFEE,8 NEW UNION FIRE,1364,001501,0.00037932,code_token_name,high,0.993
2006,2000,COFFEE,8 NEW UNION FIRE,1364,001523,0.00011328,code_token_name,high,0.993
2006,2000,COFFEE,8 NEW UNION FIRE,1364,001507,5.57e-06,code_token_name,high,0.993
2006,2000,COFFEE,9 1 POCAHONTAS CC,1342,001522,0.69394628,code_token_name,high,0.993
2006,2000,COFFEE,9 1 POCAHONTAS CC,1342,001508,0.30575047,code_token_name,high,0.993
2006,2000,COFFEE,9 1 POCAHONTAS CC,1342,001523,0.00015951,code_token_name,high,0.993
2006,2000,COFFEE,9 1 POCAHONTAS CC,1342,001509,0.00014373,code_token_name,high,0.993
2006,2000,COFFEE,9 2 SUMMITVILLE CC,1342,001522,0.69394628,code_token_name,high,0.993
2006,2000,COFFEE,9 2 SUMMITVILLE CC,1342,001508,0.30575047,code_token_name,high,0.993
2006,2000,COFFEE,9 2 SUMMITVILLE CC,1342,001523,0.00015951,code_token_name,high,0.993
2006,2000,COFFEE,9 2 SUMMITVILLE CC,1342,001509,0.00014373,code_token_name,high,0.993
2006,2000,CROCKETT,01,0001,0001,1.0,exact_name,high,1.0
2006,2000,CROCKETT,02,0002,0002,1.0,exact_name,high,1.0
2006,2000,CROCKETT,03,0003,0003,1.0,exact_name,high,1.0
2006,2000,CROCKETT,04,0004,0004,1.0,exact_name,high,1.0
2006,2000,CROCKETT,05,0005,0005,1.0,exact_name,high,1.0
2006,2000,CROCKETT,06,0006,0006,1.0,exact_name,high,1.0
2006,2000,CROCKETT,07,0007,0007,1.0,exact_name,high,1.0
2006,2000,CROCKETT,08,0008,0008,1.0,exact_name,high,1.0
2006,2000,CROCKETT,09,0009,0009,1.0,exact_name,high,1.0
2006,2000,CROCKETT,10,1388,001605,0.86259902,exact_name,high,1.0
2006,2000,CROCKETT,10,1388,001606,0.1362874,exact_name,high,1.0
2006,2000,CROCKETT,10,1388,001604,0.00111358,exact_name,high,1.0
2006,2000,CROCKETT,11,1392,001606,0.62036375,exact_name,high,1.0
2006,2000,CROCKETT,11,1392,001607,0.32508496,exact_name,high,1.0
2006,2000,CROCKETT,11,1392,001612,0.04107347,exact_name,high,1.0
2006,2000,CROCKETT,11,1392,001605,0.01346215,exact_name,high,1.0
2006,2000,CROCKETT,11,1392,001611,1.566e-05,exact_name,high,1.0
2006,2000,CROCKETT,12,1396,001607,0.64189788,exact_name,high,1.0
2006,2000,CROCKETT,12,1396,001612,0.35810212,exact_name,high,1.0
2006,2000,CUMBERLAND,1 CUMBERLAND CO HIGH,1436,001705,0.99789578,prefix_name,high,0.995
2006,2000,CUMBERLAND,1 CUMBERLAND CO HIGH,1436,001711,0.0011167,prefix_name,high,0.995
2006,2000,CUMBERLAND,1 CUMBERLAND CO HIGH,1436,001704,0.00063046,prefix_name,high,0.995
2006,2000,CUMBERLAND,1 CUMBERLAND CO HIGH,1436,001712,0.00031258,prefix_name,high,0.995
2006,2000,CUMBERLAND,1 CUMBERLAND CO HIGH,1436,001707,4.448e-05,prefix_name,high,0.995
2006,2000,CUMBERLAND,1 TAD CENTER,1432,001705,0.87672403,code_token_name,high,0.993
2006,2000,CUMBERLAND,1 TAD CENTER,1432,001704,0.12194338,code_token_name,high,0.993
2006,2000,CUMBERLAND,1 TAD CENTER,1432,001719,0.00133258,code_token_name,high,0.993
2006,2000,CUMBERLAND,2 ART CIRCLE LIBRARY,1440,001704,0.9791501,exact_name,high,1.0
2006,2000,CUMBERLAND,2 ART CIRCLE LIBRARY,1440,001707,0.01904023,exact_name,high,1.0
2006,2000,CUMBERLAND,2 ART CIRCLE LIBRARY,1440,001705,0.00130142,exact_name,high,1.0
2006,2000,CUMBERLAND,2 ART CIRCLE LIBRARY,1440,001716,0.00050824,exact_name,high,1.0
2006,2000,CUMBERLAND,2 COMMUNITY COMPLEX,1444,001704,0.99596022,exact_name,high,1.0
2006,2000,CUMBERLAND,2 COMMUNITY COMPLEX,1444,001716,0.00207711,exact_name,high,1.0
2006,2000,CUMBERLAND,2 COMMUNITY COMPLEX,1444,001705,0.00154758,exact_name,high,1.0
2006,2000,CUMBERLAND,2 COMMUNITY COMPLEX,1444,001701,0.00041508,exact_name,high,1.0
2006,2000,CUMBERLAND,3 BIG LICK,1460,001702,0.99628224,exact_name,high,1.0
2006,2000,CUMBERLAND,3 BIG LICK,1460,001713,0.00231926,exact_name,high,1.0
2006,2000,CUMBERLAND,3 BIG LICK,1460,001723,0.00139849,exact_name,high,1.0
2006,2000,CUMBERLAND,3 DORTON,1452,001707,0.99682764,exact_name,high,1.0
2006,2000,CUMBERLAND,3 DORTON,1452,001711,0.00206925,exact_name,high,1.0
2006,2000,CUMBERLAND,3 DORTON,1452,001703,0.00078055,exact_name,high,1.0
2006,2000,CUMBERLAND,3 DORTON,1452,001716,0.00017034,exact_name,high,1.0
2006,2000,CUMBERLAND,3 DORTON,1452,001704,0.00014935,exact_name,high,1.0
2006,2000,CUMBERLAND,3 DORTON,1452,001705,2.88e-06,exact_name,high,1.0
2006,2000,CUMBERLAND,3 HOMESTEAD,1448,001711,0.97748105,exact_name,high,1.0
2006,2000,CUMBERLAND,3 HOMESTEAD,1448,001713,0.01978171,exact_name,high,1.0
2006,2000,CUMBERLAND,3 HOMESTEAD,1448,001707,0.00093449,exact_name,high,1.0
2006,2000,CUMBERLAND,3 HOMESTEAD,1448,001710,0.00060827,exact_name,high,1.0
2006,2000,CUMBERLAND,3 HOMESTEAD,1448,001706,0.00037201,exact_name,high,1.0
2006,2000,CUMBERLAND,3 HOMESTEAD,1448,001705,0.00035907,exact_name,high,1.0
2006,2000,CUMBERLAND,3 HOMESTEAD,1448,001722,0.00024149,exact_name,high,1.0
2006,2000,CUMBERLAND,3 HOMESTEAD,1448,001712,0.00011834,exact_name,high,1.0
2006,2000,CUMBERLAND,3 HOMESTEAD,1448,001703,0.00010357,exact_name,high,1.0
2006,2000,CUMBERLAND,3 LINARY,1456,001713,0.98406395,exact_name,high,1.0
2006,2000,CUMBERLAND,3 LINARY,1456,001702,0.01523147,exact_name,high,1.0
2006,2000,CUMBERLAND,3 LINARY,1456,001710,0.00039079,exact_name,high,1.0
2006,2000,CUMBERLAND,3 LINARY,1456,001711,0.00028781,exact_name,high,1.0
2006,2000,CUMBERLAND,3 LINARY,1456,001722,2.598e-05,exact_name,high,1.0
2006,2000,CUMBERLAND,4 BAKERS,1474,001701,0.52013814,exact_name,high,1.0
2006,2000,CUMBERLAND,4 BAKERS,1474,001705,0.23572143,exact_name,high,1.0
2006,2000,CUMBERLAND,4 BAKERS,1474,001721,0.16232318,exact_name,high,1.0
2006,2000,CUMBERLAND,4 BAKERS,1474,001714,0.07992177,exact_name,high,1.0
2006,2000,CUMBERLAND,4 BAKERS,1474,001724,0.00109186,exact_name,high,1.0
2006,2000,CUMBERLAND,4 BAKERS,1474,001716,0.0005174,exact_name,high,1.0
2006,2000,CUMBERLAND,4 BAKERS,1474,001719,0.00021431,exact_name,high,1.0
2006,2000,CUMBERLAND,4 BAKERS,1474,001704,7.19e-05,exact_name,high,1.0
2006,2000,CUMBERLAND,4 OAK HILL,1470,001716,0.99367552,exact_name,high,1.0
2006,2000,CUMBERLAND,4 OAK HILL,1470,001707,0.00309395,exact_name,high,1.0
2006,2000,CUMBERLAND,4 OAK HILL,1470,001704,0.00154967,exact_name,high,1.0
2006,2000,CUMBERLAND,4 OAK HILL,1470,001701,0.00096535,exact_name,high,1.0
2006,2000,CUMBERLAND,4 OAK HILL,1470,001721,0.00052241,exact_name,high,1.0
2006,2000,CUMBERLAND,4 OAK HILL,1470,001724,0.00016647,exact_name,high,1.0
2006,2000,CUMBERLAND,4 OAK HILL,1470,001703,2.663e-05,exact_name,high,1.0
2006,2000,CUMBERLAND,4 TABOR,1464,001721,0.99628442,exact_name,high,1.0
2006,2000,CUMBERLAND,4 TABOR,1464,001724,0.00187109,exact_name,high,1.0
2006,2000,CUMBERLAND,4 TABOR,1464,001716,0.00178218,exact_name,high,1.0
2006,2000,CUMBERLAND,4 TABOR,1464,001701,6.23e-05,exact_name,high,1.0
2006,2000,CUMBERLAND,5 LANTANA,1482,001712,0.96589333,exact_name,high,1.0
2006,2000,CUMBERLAND,5 LANTANA,1482,001711,0.02993085,exact_name,high,1.0
2006,2000,CUMBERLAND,5 LANTANA,1482,001705,0.00164117,exact_name,high,1.0
2006,2000,CUMBERLAND,5 LANTANA,1482,001719,0.00145725,exact_name,high,1.0
2006,2000,CUMBERLAND,5 LANTANA,1482,001718,0.00045195,exact_name,high,1.0
2006,2000,CUMBERLAND,5 LANTANA,1482,001722,0.00041544,exact_name,high,1.0
2006,2000,CUMBERLAND,5 LANTANA,1482,001723,0.00012405,exact_name,high,1.0
2006,2000,CUMBERLAND,5 LANTANA,1482,001715,8.596e-05,exact_name,high,1.0
2006,2000,CUMBERLAND,5 TANSI,1490,001722,0.99364114,exact_name,high,1.0
2006,2000,CUMBERLAND,5 TANSI,1490,001712,0.00220388,exact_name,high,1.0
2006,2000,CUMBERLAND,5 TANSI,1490,001723,0.00202249,exact_name,high,1.0
2006,2000,CUMBERLAND,5 TANSI,1490,001713,0.00146167,exact_name,high,1.0
2006,2000,CUMBERLAND,5 TANSI,1490,001711,0.0005195,exact_name,high,1.0
2006,2000,CUMBERLAND,5 TANSI,1490,001702,0.00015132,exact_name,high,1.0
2006,2000,CUMBERLAND,5 VANDEVER,1486,001723,0.94479488,exact_name,high,1.0
2006,2000,CUMBERLAND,5 VANDEVER,1486,001702,0.05436322,exact_name,high,1.0
2006,2000,CUMBERLAND,5 VANDEVER,1486,001715,0.00040611,exact_name,high,1.0
2006,2000,CUMBERLAND,5 VANDEVER,1486,001712,0.00022221,exact_name,high,1.0
2006,2000,CUMBERLAND,5 VANDEVER,1486,001722,0.00021359,exact_name,high,1.0
2006,2000,CUMBERLAND,6 CHESTNUT HILL,1544,001703,0.99826519,exact_name,high,1.0
2006,2000,CUMBERLAND,6 CHESTNUT HILL,1544,001706,0.00115102,exact_name,high,1.0
2006,2000,CUMBERLAND,6 CHESTNUT HILL,1544,001709,0.0004274,exact_name,high,1.0
2006,2000,CUMBERLAND,6 CHESTNUT HILL,1544,001711,9.901e-05,exact_name,high,1.0
2006,2000,CUMBERLAND,6 CHESTNUT HILL,1544,001707,5.737e-05,exact_name,high,1.0
2006,2000,CUMBERLAND,6 CRAB ORCHARD,1498,001706,0.99271136,exact_name,high,1.0
2006,2000,CUMBERLAND,6 CRAB ORCHARD,1498,001710,0.00506131,exact_name,high,1.0
2006,2000,CUMBERLAND,6 CRAB ORCHARD,1498,001717,0.00157354,exact_name,high,1.0
2006,2000,CUMBERLAND,6 CRAB ORCHARD,1498,001703,0.0003134,exact_name,high,1.0
2006,2000,CUMBERLAND,6 CRAB ORCHARD,1498,001709,0.00019396,exact_name,high,1.0
2006,2000,CUMBERLAND,6 CRAB ORCHARD,1498,001711,0.00014643,exact_name,high,1.0
2006,2000,CUMBERLAND,6 GRASSY COVE,1504,001710,0.99585791,exact_name,high,1.0
2006,2000,CUMBERLAND,6 GRASSY COVE,1504,001706,0.00357674,exact_name,high,1.0
2006,2000,CUMBERLAND,6 GRASSY COVE,1504,001713,0.00030598,exact_name,high,1.0
2006,2000,CUMBERLAND,6 GRASSY COVE,1504,001711,0.00013149,exact_name,high,1.0
2006,2000,CUMBERLAND,6 GRASSY COVE,1504,001717,0.00012788,exact_name,high,1.0
2006,2000,CUMBERLAND,6 HEBBERTSBURG,1508,001706,0.99974124,exact_name,high,1.0
2006,2000,CUMBERLAND,6 HEBBERTSBURG,1508,001717,0.00025876,exact_name,high,1.0
2006,2000,CUMBERLAND,6 OZONE PINEVIEW,1502,001717,0.99851756,exact_name,high,1.0
2006,2000,CUMBERLAND,6 OZONE PINEVIEW,1502,001706,0.0012916,exact_name,high,1.0
2006,2000,CUMBERLAND,6 OZONE PINEVIEW,1502,001710,0.00019085,exact_name,high,1.0
2006,2000,CUMBERLAND,7 MAYLAND,1520,001714,0.88477819,exact_name,high,1.0
2006,2000,CUMBERLAND,7 MAYLAND,1520,001718,0.07833238,exact_name,high,1.0
2006,2000,CUMBERLAND,7 MAYLAND,1520,001701,0.0364905,exact_name,high,1.0
2006,2000,CUMBERLAND,7 MAYLAND,1520,001724,0.00035508,exact_name,high,1.0
2006,2000,CUMBERLAND,7 MAYLAND,1520,001719,2.309e-05,exact_name,high,1.0
2006,2000,CUMBERLAND,7 MAYLAND,1520,001721,2.076e-05,exact_name,high,1.0
2006,2000,CUMBERLAND,7 RINNIE,1512,001720,0.99835482,exact_name,high,1.0
2006,2000,CUMBERLAND,7 RINNIE,1512,001724,0.00164518,exact_name,high,1.0
2006,2000,CUMBERLAND,7 WOODY,1516,001724,0.59791991,exact_name,high,1.0
2006,2000,CUMBERLAND,7 WOODY,1516,001716,0.40108905,exact_name,high,1.0
2006,2000,CUMBERLAND,7 WOODY,1516,001714,0.00032663,exact_name,high,1.0
2006,2000,CUMBERLAND,7 WOODY,1516,001720,0.00028722,exact_name,high,1.0
2006,2000,CUMBERLAND,7 WOODY,1516,001721,0.00025441,exact_name,high,1.0
2006,2000,CUMBERLAND,7 WOODY,1516,001706,0.00012277,exact_name,high,1.0
2006,2000,CUMBERLAND,8 MIDWAY,0022,0022,1.0,exact_name,high,1.0
2006,2000,CUMBERLAND,8 PLEASANT HILL,1528,001718,0.99922544,exact_name,high,1.0
2006,2000,CUMBERLAND,8 PLEASANT HILL,1528,001714,0.0004688,exact_name,high,1.0
2006,2000,CUMBERLAND,8 PLEASANT HILL,1528,001719,0.00030576,exact_name,high,1.0
2006,2000,CUMBERLAND,8 POMONA,1524,001719,0.89020134,exact_name,high,1.0
2006,2000,CUMBERLAND,8 POMONA,1524,001701,0.10627665,exact_name,high,1.0
2006,2000,CUMBERLAND,8 POMONA,1524,001718,0.0019914,exact_name,high,1.0
2006,2000,CUMBERLAND,8 POMONA,1524,001705,0.00148195,exact_name,high,1.0
2006,2000,CUMBERLAND,8 POMONA,1524,001712,4.461e-05,exact_name,high,1.0
2006,2000,CUMBERLAND,8 POMONA,1524,001714,4.05e-06,exact_name,high,1.0
2006,2000,CUMBERLAND,9 FAIRFIELD GLADE,1540,001703,0.32145474,exact_name,high,1.0
2006,2000,CUMBERLAND,9 FAIRFIELD GLADE,1540,001709,0.27666061,exact_name,high,1.0
2006,2000,CUMBERLAND,9 FAIRFIELD GLADE,1540,001708,0.21939312,exact_name,high,1.0
2006,2000,CUMBERLAND,9 FAIRFIELD GLADE,1540,001706,0.16999881,exact_name,high,1.0
2006,2000,CUMBERLAND,9 FAIRFIELD GLADE,1540,001716,0.01242215,exact_name,high,1.0
2006,2000,CUMBERLAND,9 FAIRFIELD GLADE,1540,001707,7.056e-05,exact_name,high,1.0
2006,2000,DAVIDSON,01 1 JOELTON BAPTIST,1740,001803,0.99855492,code_token_name,high,0.993
2006,2000,DAVIDSON,01 1 JOELTON BAPTIST,1740,001802,0.00081379,code_token_name,high,0.993
2006,2000,DAVIDSON,01 1 JOELTON BAPTIST,1740,001804,0.00032146,code_token_name,high,0.993
2006,2000,DAVIDSON,01 1 JOELTON BAPTIST,1740,001805,0.00018971,code_token_name,high,0.993
2006,2000,DAVIDSON,01 1 JOELTON BAPTIST,1740,001813,0.00012011,code_token_name,high,0.993
2006,2000,DAVIDSON,01 2 GREENVILLE UMC,1740,001803,0.99855492,code_token_name,high,0.993
2006,2000,DAVIDSON,01 2 GREENVILLE UMC,1740,001802,0.00081379,code_token_name,high,0.993
2006,2000,DAVIDSON,01 2 GREENVILLE UMC,1740,001804,0.00032146,code_token_name,high,0.993
2006,2000,DAVIDSON,01 2 GREENVILLE UMC,1740,001805,0.00018971,code_token_name,high,0.993
2006,2000,DAVIDSON,01 2 GREENVILLE UMC,1740,001813,0.00012011,code_token_name,high,0.993
2006,2000,DAVIDSON,01 3 TEMPLE BAPTIST,1740,001803,0.99855492,code_token_name,high,0.993
2006,2000,DAVIDSON,01 3 TEMPLE BAPTIST,1740,001802,0.00081379,code_token_name,high,0.993
2006,2000,DAVIDSON,01 3 TEMPLE BAPTIST,1740,001804,0.00032146,code_token_name,high,0.993
2006,2000,DAVIDSON,01 3 TEMPLE BAPTIST,1740,001805,0.00018971,code_token_name,high,0.993
2006,2000,DAVIDSON,01 3 TEMPLE BAPTIST,1740,001813,0.00012011,code_token_name,high,0.993
2006,2000,DAVIDSON,01 4 SCOTTSBORO CC,1740,001803,0.99855492,code_token_name,high,0.993
2006,2000,DAVIDSON,01 4 SCOTTSBORO CC,1740,001802,0.00081379,code_token_name,high,0.993
2006,2000,DAVIDSON,01 4 SCOTTSBORO CC,1740,001804,0.00032146,code_token_name,high,0.993
2006,2000,DAVIDSON,01 4 SCOTTSBORO CC,1740,001805,0.00018971,code_token_name,high,0.993
2006,2000,DAVIDSON,01 4 SCOTTSBORO CC,1740,001813,0.00012011,code_token_name,high,0.993
2006,2000,DAVIDSON,01 5 BORDEAUX LIBR,1740,001803,0.99855492,code_token_name,high,0.993
2006,2000,DAVIDSON,01 5 BORDEAUX LIBR,1740,001802,0.00081379,code_token_name,high,0.993
2006,2000,DAVIDSON,01 5 BORDEAUX LIBR,1740,001804,0.00032146,code_token_name,high,0.993
2006,2000,DAVIDSON,01 5 BORDEAUX LIBR,1740,001805,0.00018971,code_token_name,high,0.993
2006,2000,DAVIDSON,01 5 BORDEAUX LIBR,1740,001813,0.00012011,code_token_name,high,0.993
2006,2000,DAVIDSON,01 6 CATH OF PRAISE,1740,001803,0.99855492,code_token_name,high,0.993
2006,2000,DAVIDSON,01 6 CATH OF PRAISE,1740,001802,0.00081379,code_token_name,high,0.993
2006,2000,DAVIDSON,01 6 CATH OF PRAISE,1740,001804,0.00032146,code_token_name,high,0.993
2006,2000,DAVIDSON,01 6 CATH OF PRAISE,1740,001805,0.00018971,code_token_name,high,0.993
2006,2000,DAVIDSON,01 6 CATH OF PRAISE,1740,001813,0.00012011,code_token_name,high,0.993
2006,2000,DAVIDSON,02 1 HAYNES MID SCH,1944,001807,0.77916432,code_token_name,high,0.993
2006,2000,DAVIDSON,02 1 HAYNES MID SCH,1944,001808,0.14397752,code_token_name,high,0.993
2006,2000,DAVIDSON,02 1 HAYNES MID SCH,1944,001821,0.07569302,code_token_name,high,0.993
2006,2000,DAVIDSON,02 1 HAYNES MID SCH,1944,001806,0.00073414,code_token_name,high,0.993
2006,2000,DAVIDSON,02 1 HAYNES MID SCH,1944,001815,0.00043101,code_token_name,high,0.993
2006,2000,DAVIDSON,02 2 WHITES CRK 25,1944,001807,0.77916432,code_token_name,high,0.993
2006,2000,DAVIDSON,02 2 WHITES CRK 25,1944,001808,0.14397752,code_token_name,high,0.993
2006,2000,DAVIDSON,02 2 WHITES CRK 25,1944,001821,0.07569302,code_token_name,high,0.993
2006,2000,DAVIDSON,02 2 WHITES CRK 25,1944,001806,0.00073414,code_token_name,high,0.993
2006,2000,DAVIDSON,02 2 WHITES CRK 25,1944,001815,0.00043101,code_token_name,high,0.993
2006,2000,DAVIDSON,02 3 FIRST APOSTOLIC,1944,001807,0.77916432,code_token_name,high,0.993
2006,2000,DAVIDSON,02 3 FIRST APOSTOLIC,1944,001808,0.14397752,code_token_name,high,0.993
2006,2000,DAVIDSON,02 3 FIRST APOSTOLIC,1944,001821,0.07569302,code_token_name,high,0.993
2006,2000,DAVIDSON,02 3 FIRST APOSTOLIC,1944,001806,0.00073414,code_token_name,high,0.993
2006,2000,DAVIDSON,02 3 FIRST APOSTOLIC,1944,001815,0.00043101,code_token_name,high,0.993
2006,2000,DAVIDSON,02 4 FIRST APOSTOLIC,1944,001807,0.77916432,code_token_name,high,0.993
2006,2000,DAVIDSON,02 4 FIRST APOSTOLIC,1944,001808,0.14397752,code_token_name,high,0.993
2006,2000,DAVIDSON,02 4 FIRST APOSTOLIC,1944,001821,0.07569302,code_token_name,high,0.993
2006,2000,DAVIDSON,02 4 FIRST APOSTOLIC,1944,001806,0.00073414,code_token_name,high,0.993
2006,2000,DAVIDSON,02 4 FIRST APOSTOLIC,1944,001815,0.00043101,code_token_name,high,0.993
2006,2000,DAVIDSON,02 5 LOOBY COMM CTR,1944,001807,0.77916432,code_token_name,high,0.993
2006,2000,DAVIDSON,02 5 LOOBY COMM CTR,1944,001808,0.14397752,code_token_name,high,0.993
2006,2000,DAVIDSON,02 5 LOOBY COMM CTR,1944,001821,0.07569302,code_token_name,high,0.993
2006,2000,DAVIDSON,02 5 LOOBY COMM CTR,1944,001806,0.00073414,code_token_name,high,0.993
2006,2000,DAVIDSON,02 5 LOOBY COMM CTR,1944,001815,0.00043101,code_token_name,high,0.993
2006,2000,DAVIDSON,02 6 NORTHWEST YMCA,1944,001807,0.77916432,code_token_name,high,0.993
2006,2000,DAVIDSON,02 6 NORTHWEST YMCA,1944,001808,0.14397752,code_token_name,high,0.993
2006,2000,DAVIDSON,02 6 NORTHWEST YMCA,1944,001821,0.07569302,code_token_name,high,0.993
2006,2000,DAVIDSON,02 6 NORTHWEST YMCA,1944,001806,0.00073414,code_token_name,high,0.993
2006,2000,DAVIDSON,02 6 NORTHWEST YMCA,1944,001815,0.00043101,code_token_name,high,0.993
2006,2000,DAVIDSON,03 1 UNION HILL BAPT,2084,001839,0.99687101,code_token_name,high,0.993
2006,2000,DAVIDSON,03 1 UNION HILL BAPT,2084,001837,0.00209794,code_token_name,high,0.993
2006,2000,DAVIDSON,03 1 UNION HILL BAPT,2084,001840,0.00071706,code_token_name,high,0.993
2006,2000,DAVIDSON,03 1 UNION HILL BAPT,2084,001836,0.00014418,code_token_name,high,0.993
2006,2000,DAVIDSON,03 1 UNION HILL BAPT,2084,001814,0.00010348,code_token_name,high,0.993
2006,2000,DAVIDSON,03 1 UNION HILL BAPT,2084,001842,6.632e-05,code_token_name,high,0.993
2006,2000,DAVIDSON,03 2 JOELTON ELEM,2084,001839,0.99687101,code_token_name,high,0.993
2006,2000,DAVIDSON,03 2 JOELTON ELEM,2084,001837,0.00209794,code_token_name,high,0.993
2006,2000,DAVIDSON,03 2 JOELTON ELEM,2084,001840,0.00071706,code_token_name,high,0.993
2006,2000,DAVIDSON,03 2 JOELTON ELEM,2084,001836,0.00014418,code_token_name,high,0.993
2006,2000,DAVIDSON,03 2 JOELTON ELEM,2084,001814,0.00010348,code_token_name,high,0.993
2006,2000,DAVIDSON,03 2 JOELTON ELEM,2084,001842,6.632e-05,code_token_name,high,0.993
2006,2000,DAVIDSON,03 4 ALEX GREEN SCH,2084,001839,0.99687101,code_token_name,high,0.993
2006,2000,DAVIDSON,03 4 ALEX GREEN SCH,2084,001837,0.00209794,code_token_name,high,0.993
2006,2000,DAVIDSON,03 4 ALEX GREEN SCH,2084,001840,0.00071706,code_token_name,high,0.993
2006,2000,DAVIDSON,03 4 ALEX GREEN SCH,2084,001836,0.00014418,code_token_name,high,0.993
2006,2000,DAVIDSON,03 4 ALEX GREEN SCH,2084,001814,0.00010348,code_token_name,high,0.993
2006,2000,DAVIDSON,03 4 ALEX GREEN SCH,2084,001842,6.632e-05,code_token_name,high,0.993
2006,2000,DAVIDSON,03 5 BELLSHIRE ELEM,2084,001839,0.99687101,code_token_name,high,0.993
2006,2000,DAVIDSON,03 5 BELLSHIRE ELEM,2084,001837,0.00209794,code_token_name,high,0.993
2006,2000,DAVIDSON,03 5 BELLSHIRE ELEM,2084,001840,0.00071706,code_token_name,high,0.993
2006,2000,DAVIDSON,03 5 BELLSHIRE ELEM,2084,001836,0.00014418,code_token_name,high,0.993
2006,2000,DAVIDSON,03 5 BELLSHIRE ELEM,2084,001814,0.00010348,code_token_name,high,0.993
2006,2000,DAVIDSON,03 5 BELLSHIRE ELEM,2084,001842,6.632e-05,code_token_name,high,0.993
2006,2000,DAVIDSON,03 6 OLD BRICK CHUR,2084,001839,0.99687101,code_token_name,high,0.993
2006,2000,DAVIDSON,03 6 OLD BRICK CHUR,2084,001837,0.00209794,code_token_name,high,0.993
2006,2000,DAVIDSON,03 6 OLD BRICK CHUR,2084,001840,0.00071706,code_token_name,high,0.993
2006,2000,DAVIDSON,03 6 OLD BRICK CHUR,2084,001836,0.00014418,code_token_name,high,0.993
2006,2000,DAVIDSON,03 6 OLD BRICK CHUR,2084,001814,0.00010348,code_token_name,high,0.993
2006,2000,DAVIDSON,03 6 OLD BRICK CHUR,2084,001842,6.632e-05,code_token_name,high,0.993
2006,2000,DAVIDSON,03 7 NEW BRICK CHUR,2084,001839,0.99687101,code_token_name,high,0.993
2006,2000,DAVIDSON,03 7 NEW BRICK CHUR,2084,001837,0.00209794,code_token_name,high,0.993
2006,2000,DAVIDSON,03 7 NEW BRICK CHUR,2084,001840,0.00071706,code_token_name,high,0.993
2006,2000,DAVIDSON,03 7 NEW BRICK CHUR,2084,001836,0.00014418,code_token_name,high,0.993
2006,2000,DAVIDSON,03 7 NEW BRICK CHUR,2084,001814,0.00010348,code_token_name,high,0.993
2006,2000,DAVIDSON,03 7 NEW BRICK CHUR,2084,001842,6.632e-05,code_token_name,high,0.993
2006,2000,DAVIDSON,03 8 DAVIDSON ACAD,2084,001839,0.99687101,code_token_name,high,0.993
2006,2000,DAVIDSON,03 8 DAVIDSON ACAD,2084,001837,0.00209794,code_token_name,high,0.993
2006,2000,DAVIDSON,03 8 DAVIDSON ACAD,2084,001840,0.00071706,code_token_name,high,0.993
2006,2000,DAVIDSON,03 8 DAVIDSON ACAD,2084,001836,0.00014418,code_token_name,high,0.993
2006,2000,DAVIDSON,03 8 DAVIDSON ACAD,2084,001814,0.00010348,code_token_name,high,0.993
2006,2000,DAVIDSON,03 8 DAVIDSON ACAD,2084,001842,6.632e-05,code_token_name,high,0.993
2006,2000,DAVIDSON,04 1 MADISON STA SEN,2104,001814,0.57329244,code_token_name,high,0.993
2006,2000,DAVIDSON,04 1 MADISON STA SEN,2104,001815,0.409995,code_token_name,high,0.993
2006,2000,DAVIDSON,04 1 MADISON STA SEN,2104,001807,0.01660567,code_token_name,high,0.993
2006,2000,DAVIDSON,04 1 MADISON STA SEN,2104,001837,0.00010658,code_token_name,high,0.993
2006,2000,DAVIDSON,04 1 MADISON STA SEN,2104,001839,3.1e-07,code_token_name,high,0.993
2006,2000,DAVIDSON,04 2 MADISON LIBRARY,2104,001814,0.57329244,code_token_name,high,0.993
2006,2000,DAVIDSON,04 2 MADISON LIBRARY,2104,001815,0.409995,code_token_name,high,0.993
2006,2000,DAVIDSON,04 2 MADISON LIBRARY,2104,001807,0.01660567,code_token_name,high,0.993
2006,2000,DAVIDSON,04 2 MADISON LIBRARY,2104,001837,0.00010658,code_token_name,high,0.993
2006,2000,DAVIDSON,04 2 MADISON LIBRARY,2104,001839,3.1e-07,code_token_name,high,0.993
2006,2000,DAVIDSON,04 3 ST JOSEPH,2104,001814,0.57329244,code_token_name,high,0.993
2006,2000,DAVIDSON,04 3 ST JOSEPH,2104,001815,0.409995,code_token_name,high,0.993
2006,2000,DAVIDSON,04 3 ST JOSEPH,2104,001807,0.01660567,code_token_name,high,0.993
2006,2000,DAVIDSON,04 3 ST JOSEPH,2104,001837,0.00010658,code_token_name,high,0.993
2006,2000,DAVIDSON,04 3 ST JOSEPH,2104,001839,3.1e-07,code_token_name,high,0.993
2006,2000,DAVIDSON,04 4 ST JOSEPH,2104,001814,0.57329244,code_token_name,high,0.993
2006,2000,DAVIDSON,04 4 ST JOSEPH,2104,001815,0.409995,code_token_name,high,0.993
2006,2000,DAVIDSON,04 4 ST JOSEPH,2104,001807,0.01660567,code_token_name,high,0.993
2006,2000,DAVIDSON,04 4 ST JOSEPH,2104,001837,0.00010658,code_token_name,high,0.993
2006,2000,DAVIDSON,04 4 ST JOSEPH,2104,001839,3.1e-07,code_token_name,high,0.993
2006,2000,DAVIDSON,05 1 HIGHLAND HEIGHT,2120,001822,0.74670467,code_token_name,high,0.993
2006,2000,DAVIDSON,05 1 HIGHLAND HEIGHT,2120,001821,0.25329533,code_token_name,high,0.993
2006,2000,DAVIDSON,05 2 CLEVELAND ST CC,2120,001822,0.74670467,code_token_name,high,0.993
2006,2000,DAVIDSON,05 2 CLEVELAND ST CC,2120,001821,0.25329533,code_token_name,high,0.993
2006,2000,DAVIDSON,05 3 EASTLAND BAPT,2120,001822,0.74670467,code_token_name,high,0.993
2006,2000,DAVIDSON,05 3 EASTLAND BAPT,2120,001821,0.25329533,code_token_name,high,0.993
2006,2000,DAVIDSON,05 4 MCFERRIN CC,2120,001822,0.74670467,code_token_name,high,0.993
2006,2000,DAVIDSON,05 4 MCFERRIN CC,2120,001821,0.25329533,code_token_name,high,0.993
2006,2000,DAVIDSON,05 5 ROSS ELEM,2120,001822,0.74670467,code_token_name,high,0.993
2006,2000,DAVIDSON,05 5 ROSS ELEM,2120,001821,0.25329533,code_token_name,high,0.993
2006,2000,DAVIDSON,06 1 EAST NASHVILLE,2140,001828,0.82874246,code_token_name,high,0.993
2006,2000,DAVIDSON,06 1 EAST NASHVILLE,2140,001826,0.16534093,code_token_name,high,0.993
2006,2000,DAVIDSON,06 1 EAST NASHVILLE,2140,001890,0.0040962,code_token_name,high,0.993
2006,2000,DAVIDSON,06 1 EAST NASHVILLE,2140,001895,0.00120651,code_token_name,high,0.993
2006,2000,DAVIDSON,06 1 EAST NASHVILLE,2140,001827,0.00060964,code_token_name,high,0.993
2006,2000,DAVIDSON,06 1 EAST NASHVILLE,2140,001825,4.27e-06,code_token_name,high,0.993
2006,2000,DAVIDSON,06 2 SHELBY CC,2140,001828,0.82874246,code_token_name,high,0.993
2006,2000,DAVIDSON,06 2 SHELBY CC,2140,001826,0.16534093,code_token_name,high,0.993
2006,2000,DAVIDSON,06 2 SHELBY CC,2140,001890,0.0040962,code_token_name,high,0.993
2006,2000,DAVIDSON,06 2 SHELBY CC,2140,001895,0.00120651,code_token_name,high,0.993
2006,2000,DAVIDSON,06 2 SHELBY CC,2140,001827,0.00060964,code_token_name,high,0.993
2006,2000,DAVIDSON,06 2 SHELBY CC,2140,001825,4.27e-06,code_token_name,high,0.993
2006,2000,DAVIDSON,06 3 EAST PARK CC,2140,001828,0.82874246,code_token_name,high,0.993
2006,2000,DAVIDSON,06 3 EAST PARK CC,2140,001826,0.16534093,code_token_name,high,0.993
2006,2000,DAVIDSON,06 3 EAST PARK CC,2140,001890,0.0040962,code_token_name,high,0.993
2006,2000,DAVIDSON,06 3 EAST PARK CC,2140,001895,0.00120651,code_token_name,high,0.993
2006,2000,DAVIDSON,06 3 EAST PARK CC,2140,001827,0.00060964,code_token_name,high,0.993
2006,2000,DAVIDSON,06 3 EAST PARK CC,2140,001825,4.27e-06,code_token_name,high,0.993
2006,2000,DAVIDSON,06 5 CORA HOWE ELEM,2140,001828,0.82874246,code_token_name,high,0.993
2006,2000,DAVIDSON,06 5 CORA HOWE ELEM,2140,001826,0.16534093,code_token_name,high,0.993
2006,2000,DAVIDSON,06 5 CORA HOWE ELEM,2140,001890,0.0040962,code_token_name,high,0.993
2006,2000,DAVIDSON,06 5 CORA HOWE ELEM,2140,001895,0.00120651,code_token_name,high,0.993
2006,2000,DAVIDSON,06 5 CORA HOWE ELEM,2140,001827,0.00060964,code_token_name,high,0.993
2006,2000,DAVIDSON,06 5 CORA HOWE ELEM,2140,001825,4.27e-06,code_token_name,high,0.993
2006,2000,DAVIDSON,07 1 STRATFORD HS,2156,001833,0.69801913,code_token_name,high,0.993
2006,2000,DAVIDSON,07 1 STRATFORD HS,2156,001829,0.14640254,code_token_name,high,0.993
2006,2000,DAVIDSON,07 1 STRATFORD HS,2156,001830,0.12290691,code_token_name,high,0.993
2006,2000,DAVIDSON,07 1 STRATFORD HS,2156,001831,0.03235775,code_token_name,high,0.993
2006,2000,DAVIDSON,07 1 STRATFORD HS,2156,001827,0.0002715,code_token_name,high,0.993
2006,2000,DAVIDSON,07 1 STRATFORD HS,2156,001823,4.158e-05,code_token_name,high,0.993
2006,2000,DAVIDSON,07 1 STRATFORD HS,2156,001834,5.9e-07,code_token_name,high,0.993
2006,2000,DAVIDSON,07 2 DALEWOOD UMC,2156,001833,0.69801913,code_token_name,high,0.993
2006,2000,DAVIDSON,07 2 DALEWOOD UMC,2156,001829,0.14640254,code_token_name,high,0.993
2006,2000,DAVIDSON,07 2 DALEWOOD UMC,2156,001830,0.12290691,code_token_name,high,0.993
2006,2000,DAVIDSON,07 2 DALEWOOD UMC,2156,001831,0.03235775,code_token_name,high,0.993
2006,2000,DAVIDSON,07 2 DALEWOOD UMC,2156,001827,0.0002715,code_token_name,high,0.993
2006,2000,DAVIDSON,07 2 DALEWOOD UMC,2156,001823,4.158e-05,code_token_name,high,0.993
2006,2000,DAVIDSON,07 2 DALEWOOD UMC,2156,001834,5.9e-07,code_token_name,high,0.993
2006,2000,DAVIDSON,07 3 MEMORIAL LUTHER,2156,001833,0.69801913,code_token_name,high,0.993
2006,2000,DAVIDSON,07 3 MEMORIAL LUTHER,2156,001829,0.14640254,code_token_name,high,0.993
2006,2000,DAVIDSON,07 3 MEMORIAL LUTHER,2156,001830,0.12290691,code_token_name,high,0.993
2006,2000,DAVIDSON,07 3 MEMORIAL LUTHER,2156,001831,0.03235775,code_token_name,high,0.993
2006,2000,DAVIDSON,07 3 MEMORIAL LUTHER,2156,001827,0.0002715,code_token_name,high,0.993
2006,2000,DAVIDSON,07 3 MEMORIAL LUTHER,2156,001823,4.158e-05,code_token_name,high,0.993
2006,2000,DAVIDSON,07 3 MEMORIAL LUTHER,2156,001834,5.9e-07,code_token_name,high,0.993
2006,2000,DAVIDSON,07 4 CORNELIA FORT,2156,001833,0.69801913,code_token_name,high,0.993
2006,2000,DAVIDSON,07 4 CORNELIA FORT,2156,001829,0.14640254,code_token_name,high,0.993
2006,2000,DAVIDSON,07 4 CORNELIA FORT,2156,001830,0.12290691,code_token_name,high,0.993
2006,2000,DAVIDSON,07 4 CORNELIA FORT,2156,001831,0.03235775,code_token_name,high,0.993
2006,2000,DAVIDSON,07 4 CORNELIA FORT,2156,001827,0.0002715,code_token_name,high,0.993
2006,2000,DAVIDSON,07 4 CORNELIA FORT,2156,001823,4.158e-05,code_token_name,high,0.993
2006,2000,DAVIDSON,07 4 CORNELIA FORT,2156,001834,5.9e-07,code_token_name,high,0.993
2006,2000,DAVIDSON,07 5 ALDERSGATE UMC,2156,001833,0.69801913,code_token_name,high,0.993
2006,2000,DAVIDSON,07 5 ALDERSGATE UMC,2156,001829,0.14640254,code_token_name,high,0.993
2006,2000,DAVIDSON,07 5 ALDERSGATE UMC,2156,001830,0.12290691,code_token_name,high,0.993
2006,2000,DAVIDSON,07 5 ALDERSGATE UMC,2156,001831,0.03235775,code_token_name,high,0.993
2006,2000,DAVIDSON,07 5 ALDERSGATE UMC,2156,001827,0.0002715,code_token_name,high,0.993
2006,2000,DAVIDSON,07 5 ALDERSGATE UMC,2156,001823,4.158e-05,code_token_name,high,0.993
2006,2000,DAVIDSON,07 5 ALDERSGATE UMC,2156,001834,5.9e-07,code_token_name,high,0.993
2006,2000,DAVIDSON,08 1 TOM JOY,2172,001836,0.8197379,code_token_name,high,0.993
2006,2000,DAVIDSON,08 1 TOM JOY,2172,001842,0.13865576,code_token_name,high,0.993
2006,2000,DAVIDSON,08 1 TOM JOY,2172,001839,0.04048709,code_token_name,high,0.993
2006,2000,DAVIDSON,08 1 TOM JOY,2172,001835,0.00060643,code_token_name,high,0.993
2006,2000,DAVIDSON,08 1 TOM JOY,2172,001868,0.00050966,code_token_name,high,0.993
2006,2000,DAVIDSON,08 1 TOM JOY,2172,001843,3.15e-06,code_token_name,high,0.993
2006,2000,DAVIDSON,08 2 GRA MAR SCHOOL,2172,001836,0.8197379,code_token_name,high,0.993
2006,2000,DAVIDSON,08 2 GRA MAR SCHOOL,2172,001842,0.13865576,code_token_name,high,0.993
2006,2000,DAVIDSON,08 2 GRA MAR SCHOOL,2172,001839,0.04048709,code_token_name,high,0.993
2006,2000,DAVIDSON,08 2 GRA MAR SCHOOL,2172,001835,0.00060643,code_token_name,high,0.993
2006,2000,DAVIDSON,08 2 GRA MAR SCHOOL,2172,001868,0.00050966,code_token_name,high,0.993
2006,2000,DAVIDSON,08 2 GRA MAR SCHOOL,2172,001843,3.15e-06,code_token_name,high,0.993
2006,2000,DAVIDSON,08 3 BRUSH HILL CUMB,2172,001836,0.8197379,code_token_name,high,0.993
2006,2000,DAVIDSON,08 3 BRUSH HILL CUMB,2172,001842,0.13865576,code_token_name,high,0.993
2006,2000,DAVIDSON,08 3 BRUSH HILL CUMB,2172,001839,0.04048709,code_token_name,high,0.993
2006,2000,DAVIDSON,08 3 BRUSH HILL CUMB,2172,001835,0.00060643,code_token_name,high,0.993
2006,2000,DAVIDSON,08 3 BRUSH HILL CUMB,2172,001868,0.00050966,code_token_name,high,0.993
2006,2000,DAVIDSON,08 3 BRUSH HILL CUMB,2172,001843,3.15e-06,code_token_name,high,0.993
2006,2000,DAVIDSON,08 4 DALEWOOD BAPT,2172,001836,0.8197379,code_token_name,high,0.993
2006,2000,DAVIDSON,08 4 DALEWOOD BAPT,2172,001842,0.13865576,code_token_name,high,0.993
2006,2000,DAVIDSON,08 4 DALEWOOD BAPT,2172,001839,0.04048709,code_token_name,high,0.993
2006,2000,DAVIDSON,08 4 DALEWOOD BAPT,2172,001835,0.00060643,code_token_name,high,0.993
2006,2000,DAVIDSON,08 4 DALEWOOD BAPT,2172,001868,0.00050966,code_token_name,high,0.993
2006,2000,DAVIDSON,08 4 DALEWOOD BAPT,2172,001843,3.15e-06,code_token_name,high,0.993
2006,2000,DAVIDSON,09 1 MADISON PARK CC,2192,001841,0.99856029,code_token_name,high,0.993
2006,2000,DAVIDSON,09 1 MADISON PARK CC,2192,001842,0.00071847,code_token_name,high,0.993
2006,2000,DAVIDSON,09 1 MADISON PARK CC,2192,001848,0.00044802,code_token_name,high,0.993
2006,2000,DAVIDSON,09 1 MADISON PARK CC,2192,001850,0.00013846,code_token_name,high,0.993
2006,2000,DAVIDSON,09 1 MADISON PARK CC,2192,001849,0.00010166,code_token_name,high,0.993
2006,2000,DAVIDSON,09 1 MADISON PARK CC,2192,001840,2.822e-05,code_token_name,high,0.993
2006,2000,DAVIDSON,09 1 MADISON PARK CC,2192,001843,4.89e-06,code_token_name,high,0.993
2006,2000,DAVIDSON,09 2 MADISON LIBRARY,2192,001841,0.99856029,code_token_name,high,0.993
2006,2000,DAVIDSON,09 2 MADISON LIBRARY,2192,001842,0.00071847,code_token_name,high,0.993
2006,2000,DAVIDSON,09 2 MADISON LIBRARY,2192,001848,0.00044802,code_token_name,high,0.993
2006,2000,DAVIDSON,09 2 MADISON LIBRARY,2192,001850,0.00013846,code_token_name,high,0.993
2006,2000,DAVIDSON,09 2 MADISON LIBRARY,2192,001849,0.00010166,code_token_name,high,0.993
2006,2000,DAVIDSON,09 2 MADISON LIBRARY,2192,001840,2.822e-05,code_token_name,high,0.993
2006,2000,DAVIDSON,09 2 MADISON LIBRARY,2192,001843,4.89e-06,code_token_name,high,0.993
2006,2000,DAVIDSON,09 3 NEELY S BEND MS,2192,001841,0.99856029,code_token_name,high,0.993
2006,2000,DAVIDSON,09 3 NEELY S BEND MS,2192,001842,0.00071847,code_token_name,high,0.993
2006,2000,DAVIDSON,09 3 NEELY S BEND MS,2192,001848,0.00044802,code_token_name,high,0.993
2006,2000,DAVIDSON,09 3 NEELY S BEND MS,2192,001850,0.00013846,code_token_name,high,0.993
2006,2000,DAVIDSON,09 3 NEELY S BEND MS,2192,001849,0.00010166,code_token_name,high,0.993
2006,2000,DAVIDSON,09 3 NEELY S BEND MS,2192,001840,2.822e-05,code_token_name,high,0.993
2006,2000,DAVIDSON,09 3 NEELY S BEND MS,2192,001843,4.89e-06,code_token_name,high,0.993
2006,2000,DAVIDSON,10 1 LUTON S UMC,1556,001849,0.9937514,code_token_name,high,0.993
2006,2000,DAVIDSON,10 1 LUTON S UMC,1556,001841,0.00541275,code_token_name,high,0.993
2006,2000,DAVIDSON,10 1 LUTON S UMC,1556,001847,0.00035715,code_token_name,high,0.993
2006,2000,DAVIDSON,10 1 LUTON S UMC,1556,001846,0.00029078,code_token_name,high,0.993
2006,2000,DAVIDSON,10 1 LUTON S UMC,1556,001848,0.00018364,code_token_name,high,0.993
2006,2000,DAVIDSON,10 1 LUTON S UMC,1556,001850,4.27e-06,code_token_name,high,0.993
2006,2000,DAVIDSON,10 2 WALKER CRK UMC,1556,001849,0.9937514,code_token_name,high,0.993
2006,2000,DAVIDSON,10 2 WALKER CRK UMC,1556,001841,0.00541275,code_token_name,high,0.993
2006,2000,DAVIDSON,10 2 WALKER CRK UMC,1556,001847,0.00035715,code_token_name,high,0.993
2006,2000,DAVIDSON,10 2 WALKER CRK UMC,1556,001846,0.00029078,code_token_name,high,0.993
2006,2000,DAVIDSON,10 2 WALKER CRK UMC,1556,001848,0.00018364,code_token_name,high,0.993
2006,2000,DAVIDSON,10 2 WALKER CRK UMC,1556,001850,4.27e-06,code_token_name,high,0.993
2006,2000,DAVIDSON,10 3 GOODLETTSVILLE,1556,001849,0.9937514,code_token_name,high,0.993
2006,2000,DAVIDSON,10 3 GOODLETTSVILLE,1556,001841,0.00541275,code_token_name,high,0.993
2006,2000,DAVIDSON,10 3 GOODLETTSVILLE,1556,001847,0.00035715,code_token_name,high,0.993
2006,2000,DAVIDSON,10 3 GOODLETTSVILLE,1556,001846,0.00029078,code_token_name,high,0.993
2006,2000,DAVIDSON,10 3 GOODLETTSVILLE,1556,001848,0.00018364,code_token_name,high,0.993
2006,2000,DAVIDSON,10 3 GOODLETTSVILLE,1556,001850,4.27e-06,code_token_name,high,0.993
2006,2000,DAVIDSON,10 4 FIRST BAPTIST,1556,001849,0.9937514,code_token_name,high,0.993
2006,2000,DAVIDSON,10 4 FIRST BAPTIST,1556,001841,0.00541275,code_token_name,high,0.993
2006,2000,DAVIDSON,10 4 FIRST BAPTIST,1556,001847,0.00035715,code_token_name,high,0.993
2006,2000,DAVIDSON,10 4 FIRST BAPTIST,1556,001846,0.00029078,code_token_name,high,0.993
2006,2000,DAVIDSON,10 4 FIRST BAPTIST,1556,001848,0.00018364,code_token_name,high,0.993
2006,2000,DAVIDSON,10 4 FIRST BAPTIST,1556,001850,4.27e-06,code_token_name,high,0.993
2006,2000,DAVIDSON,10 5 PARKWAY BAPTIST,1556,001849,0.9937514,code_token_name,high,0.993
2006,2000,DAVIDSON,10 5 PARKWAY BAPTIST,1556,001841,0.00541275,code_token_name,high,0.993
2006,2000,DAVIDSON,10 5 PARKWAY BAPTIST,1556,001847,0.00035715,code_token_name,high,0.993
2006,2000,DAVIDSON,10 5 PARKWAY BAPTIST,1556,001846,0.00029078,code_token_name,high,0.993
2006,2000,DAVIDSON,10 5 PARKWAY BAPTIST,1556,001848,0.00018364,code_token_name,high,0.993
2006,2000,DAVIDSON,10 5 PARKWAY BAPTIST,1556,001850,4.27e-06,code_token_name,high,0.993
2006,2000,DAVIDSON,10 6 GATEWAY SCHOOL,1556,001849,0.9937514,code_token_name,high,0.993
2006,2000,DAVIDSON,10 6 GATEWAY SCHOOL,1556,001841,0.00541275,code_token_name,high,0.993
2006,2000,DAVIDSON,10 6 GATEWAY SCHOOL,1556,001847,0.00035715,code_token_name,high,0.993
2006,2000,DAVIDSON,10 6 GATEWAY SCHOOL,1556,001846,0.00029078,code_token_name,high,0.993
2006,2000,DAVIDSON,10 6 GATEWAY SCHOOL,1556,001848,0.00018364,code_token_name,high,0.993
2006,2000,DAVIDSON,10 6 GATEWAY SCHOOL,1556,001850,4.27e-06,code_token_name,high,0.993
2006,2000,DAVIDSON,11 1 OLD HICKORY CC,1572,001850,0.99898678,code_token_name,high,0.993
2006,2000,DAVIDSON,11 1 OLD HICKORY CC,1572,001841,0.00059963,code_token_name,high,0.993
2006,2000,DAVIDSON,11 1 OLD HICKORY CC,1572,001843,0.00034247,code_token_name,high,0.993
2006,2000,DAVIDSON,11 1 OLD HICKORY CC,1572,001849,6.362e-05,code_token_name,high,0.993
2006,2000,DAVIDSON,11 1 OLD HICKORY CC,1572,001852,7.5e-06,code_token_name,high,0.993
2006,2000,DAVIDSON,11 2 LAKEWOOD CITY,1577,001850,0.98863002,prefix_name,high,0.995
2006,2000,DAVIDSON,11 2 LAKEWOOD CITY,1577,001852,0.00946498,prefix_name,high,0.995
2006,2000,DAVIDSON,11 2 LAKEWOOD CITY,1577,001851,0.001905,prefix_name,high,0.995
2006,2000,DAVIDSON,11 3 ANDREW JACKSON,1581,001851,0.54831309,prefix_name,high,0.995
2006,2000,DAVIDSON,11 3 ANDREW JACKSON,1581,001852,0.32657787,prefix_name,high,0.995
2006,2000,DAVIDSON,11 3 ANDREW JACKSON,1581,001853,0.11085531,prefix_name,high,0.995
2006,2000,DAVIDSON,11 3 ANDREW JACKSON,1581,001854,0.00988453,prefix_name,high,0.995
2006,2000,DAVIDSON,11 3 ANDREW JACKSON,1581,001850,0.00387591,prefix_name,high,0.995
2006,2000,DAVIDSON,11 3 ANDREW JACKSON,1581,001864,0.0003226,prefix_name,high,0.995
2006,2000,DAVIDSON,11 3 ANDREW JACKSON,1581,001843,9.144e-05,prefix_name,high,0.995
2006,2000,DAVIDSON,11 3 ANDREW JACKSON,1581,001857,7.926e-05,prefix_name,high,0.995
2006,2000,DAVIDSON,11 4 DUPONT TYLER,1572,001850,0.99898678,code_token_name,high,0.993
2006,2000,DAVIDSON,11 4 DUPONT TYLER,1572,001841,0.00059963,code_token_name,high,0.993
2006,2000,DAVIDSON,11 4 DUPONT TYLER,1572,001843,0.00034247,code_token_name,high,0.993
2006,2000,DAVIDSON,11 4 DUPONT TYLER,1572,001849,6.362e-05,code_token_name,high,0.993
2006,2000,DAVIDSON,11 4 DUPONT TYLER,1572,001852,7.5e-06,code_token_name,high,0.993
2006,2000,DAVIDSON,12 1 HERMITAGE PRESB,1596,001854,0.2574635,code_token_name,high,0.993
2006,2000,DAVIDSON,12 1 HERMITAGE PRESB,1596,001853,0.22914869,code_token_name,high,0.993
2006,2000,DAVIDSON,12 1 HERMITAGE PRESB,1596,001863,0.22145008,code_token_name,high,0.993
2006,2000,DAVIDSON,12 1 HERMITAGE PRESB,1596,001857,0.17368497,code_token_name,high,0.993
2006,2000,DAVIDSON,12 1 HERMITAGE PRESB,1596,001856,0.11812704,code_token_name,high,0.993
2006,2000,DAVIDSON,12 1 HERMITAGE PRESB,1596,001864,0.00012572,code_token_name,high,0.993
2006,2000,DAVIDSON,12 1 HERMITAGE PRESB,1596,001867,0.0,code_token_name,high,0.993
2006,2000,DAVIDSON,12 3 DUPONT TYLER MS,1596,001854,0.2574635,code_token_name,high,0.993
2006,2000,DAVIDSON,12 3 DUPONT TYLER MS,1596,001853,0.22914869,code_token_name,high,0.993
2006,2000,DAVIDSON,12 3 DUPONT TYLER MS,1596,001863,0.22145008,code_token_name,high,0.993
2006,2000,DAVIDSON,12 3 DUPONT TYLER MS,1596,001857,0.17368497,code_token_name,high,0.993
2006,2000,DAVIDSON,12 3 DUPONT TYLER MS,1596,001856,0.11812704,code_token_name,high,0.993
2006,2000,DAVIDSON,12 3 DUPONT TYLER MS,1596,001864,0.00012572,code_token_name,high,0.993
2006,2000,DAVIDSON,12 3 DUPONT TYLER MS,1596,001867,0.0,code_token_name,high,0.993
2006,2000,DAVIDSON,12 4 CENTRAL PIKE CH,1596,001854,0.2574635,code_token_name,high,0.993
2006,2000,DAVIDSON,12 4 CENTRAL PIKE CH,1596,001853,0.22914869,code_token_name,high,0.993
2006,2000,DAVIDSON,12 4 CENTRAL PIKE CH,1596,001863,0.22145008,code_token_name,high,0.993
2006,2000,DAVIDSON,12 4 CENTRAL PIKE CH,1596,001857,0.17368497,code_token_name,high,0.993
2006,2000,DAVIDSON,12 4 CENTRAL PIKE CH,1596,001856,0.11812704,code_token_name,high,0.993
2006,2000,DAVIDSON,12 4 CENTRAL PIKE CH,1596,001864,0.00012572,code_token_name,high,0.993
2006,2000,DAVIDSON,12 4 CENTRAL PIKE CH,1596,001867,0.0,code_token_name,high,0.993
2006,2000,DAVIDSON,13 1 GLENVIEW SCHOOL,1612,001874,0.77977695,code_token_name,high,0.993
2006,2000,DAVIDSON,13 1 GLENVIEW SCHOOL,1612,001860,0.21946367,code_token_name,high,0.993
2006,2000,DAVIDSON,13 1 GLENVIEW SCHOOL,1612,001873,0.00061826,code_token_name,high,0.993
2006,2000,DAVIDSON,13 1 GLENVIEW SCHOOL,1612,001859,0.00014099,code_token_name,high,0.993
2006,2000,DAVIDSON,13 1 GLENVIEW SCHOOL,1612,001875,1.3e-07,code_token_name,high,0.993
2006,2000,DAVIDSON,13 2 GLENGARRY SCH,1612,001874,0.77977695,code_token_name,high,0.993
2006,2000,DAVIDSON,13 2 GLENGARRY SCH,1612,001860,0.21946367,code_token_name,high,0.993
2006,2000,DAVIDSON,13 2 GLENGARRY SCH,1612,001873,0.00061826,code_token_name,high,0.993
2006,2000,DAVIDSON,13 2 GLENGARRY SCH,1612,001859,0.00014099,code_token_name,high,0.993
2006,2000,DAVIDSON,13 2 GLENGARRY SCH,1612,001875,1.3e-07,code_token_name,high,0.993
2006,2000,DAVIDSON,13 3 VULTEE FIREHALL,1612,001874,0.77977695,code_token_name,high,0.993
2006,2000,DAVIDSON,13 3 VULTEE FIREHALL,1612,001860,0.21946367,code_token_name,high,0.993
2006,2000,DAVIDSON,13 3 VULTEE FIREHALL,1612,001873,0.00061826,code_token_name,high,0.993
2006,2000,DAVIDSON,13 3 VULTEE FIREHALL,1612,001859,0.00014099,code_token_name,high,0.993
2006,2000,DAVIDSON,13 3 VULTEE FIREHALL,1612,001875,1.3e-07,code_token_name,high,0.993
2006,2000,DAVIDSON,13 4 PLEASANT HILL,1612,001874,0.77977695,code_token_name,high,0.993
2006,2000,DAVIDSON,13 4 PLEASANT HILL,1612,001860,0.21946367,code_token_name,high,0.993
2006,2000,DAVIDSON,13 4 PLEASANT HILL,1612,001873,0.00061826,code_token_name,high,0.993
2006,2000,DAVIDSON,13 4 PLEASANT HILL,1612,001859,0.00014099,code_token_name,high,0.993
2006,2000,DAVIDSON,13 4 PLEASANT HILL,1612,001875,1.3e-07,code_token_name,high,0.993
2006,2000,DAVIDSON,14 1 HERMITAGE HILLS,1640,001867,0.6683917,code_token_name,high,0.993
2006,2000,DAVIDSON,14 1 HERMITAGE HILLS,1640,001870,0.32994992,code_token_name,high,0.993
2006,2000,DAVIDSON,14 1 HERMITAGE HILLS,1640,001861,0.00160757,code_token_name,high,0.993
2006,2000,DAVIDSON,14 1 HERMITAGE HILLS,1640,001862,5.081e-05,code_token_name,high,0.993
2006,2000,DAVIDSON,14 2 HERMITAGE SCH,1640,001867,0.6683917,code_token_name,high,0.993
2006,2000,DAVIDSON,14 2 HERMITAGE SCH,1640,001870,0.32994992,code_token_name,high,0.993
2006,2000,DAVIDSON,14 2 HERMITAGE SCH,1640,001861,0.00160757,code_token_name,high,0.993
2006,2000,DAVIDSON,14 2 HERMITAGE SCH,1640,001862,5.081e-05,code_token_name,high,0.993
2006,2000,DAVIDSON,14 3 TENN SCH BLIND,1640,001867,0.6683917,code_token_name,high,0.993
2006,2000,DAVIDSON,14 3 TENN SCH BLIND,1640,001870,0.32994992,code_token_name,high,0.993
2006,2000,DAVIDSON,14 3 TENN SCH BLIND,1640,001861,0.00160757,code_token_name,high,0.993
2006,2000,DAVIDSON,14 3 TENN SCH BLIND,1640,001862,5.081e-05,code_token_name,high,0.993
2006,2000,DAVIDSON,14 5 HICKMAN SCHOOL,1640,001867,0.6683917,code_token_name,high,0.993
2006,2000,DAVIDSON,14 5 HICKMAN SCHOOL,1640,001870,0.32994992,code_token_name,high,0.993
2006,2000,DAVIDSON,14 5 HICKMAN SCHOOL,1640,001861,0.00160757,code_token_name,high,0.993
2006,2000,DAVIDSON,14 5 HICKMAN SCHOOL,1640,001862,5.081e-05,code_token_name,high,0.993
2006,2000,DAVIDSON,15 1 TWO RIVERS SCH,1656,001868,0.92504751,code_token_name,high,0.993
2006,2000,DAVIDSON,15 1 TWO RIVERS SCH,1656,001869,0.07281989,code_token_name,high,0.993
2006,2000,DAVIDSON,15 1 TWO RIVERS SCH,1656,001843,0.00083659,code_token_name,high,0.993
2006,2000,DAVIDSON,15 1 TWO RIVERS SCH,1656,001832,0.00036636,code_token_name,high,0.993
2006,2000,DAVIDSON,15 1 TWO RIVERS SCH,1656,001836,0.00026236,code_token_name,high,0.993
2006,2000,DAVIDSON,15 1 TWO RIVERS SCH,1656,001835,0.00022451,code_token_name,high,0.993
2006,2000,DAVIDSON,15 1 TWO RIVERS SCH,1656,001864,0.00018678,code_token_name,high,0.993
2006,2000,DAVIDSON,15 1 TWO RIVERS SCH,1656,001829,0.00017696,code_token_name,high,0.993
2006,2000,DAVIDSON,15 1 TWO RIVERS SCH,1656,001871,4.514e-05,code_token_name,high,0.993
2006,2000,DAVIDSON,15 1 TWO RIVERS SCH,1656,001870,3.313e-05,code_token_name,high,0.993
2006,2000,DAVIDSON,15 1 TWO RIVERS SCH,1656,001842,7.6e-07,code_token_name,high,0.993
2006,2000,DAVIDSON,15 2 DONELSON UMC,1656,001868,0.92504751,code_token_name,high,0.993
2006,2000,DAVIDSON,15 2 DONELSON UMC,1656,001869,0.07281989,code_token_name,high,0.993
2006,2000,DAVIDSON,15 2 DONELSON UMC,1656,001843,0.00083659,code_token_name,high,0.993
2006,2000,DAVIDSON,15 2 DONELSON UMC,1656,001832,0.00036636,code_token_name,high,0.993
2006,2000,DAVIDSON,15 2 DONELSON UMC,1656,001836,0.00026236,code_token_name,high,0.993
2006,2000,DAVIDSON,15 2 DONELSON UMC,1656,001835,0.00022451,code_token_name,high,0.993
2006,2000,DAVIDSON,15 2 DONELSON UMC,1656,001864,0.00018678,code_token_name,high,0.993
2006,2000,DAVIDSON,15 2 DONELSON UMC,1656,001829,0.00017696,code_token_name,high,0.993
2006,2000,DAVIDSON,15 2 DONELSON UMC,1656,001871,4.514e-05,code_token_name,high,0.993
2006,2000,DAVIDSON,15 2 DONELSON UMC,1656,001870,3.313e-05,code_token_name,high,0.993
2006,2000,DAVIDSON,15 2 DONELSON UMC,1656,001842,7.6e-07,code_token_name,high,0.993
2006,2000,DAVIDSON,15 3 DONELSON LIB,1656,001868,0.92504751,code_token_name,high,0.993
2006,2000,DAVIDSON,15 3 DONELSON LIB,1656,001869,0.07281989,code_token_name,high,0.993
2006,2000,DAVIDSON,15 3 DONELSON LIB,1656,001843,0.00083659,code_token_name,high,0.993
2006,2000,DAVIDSON,15 3 DONELSON LIB,1656,001832,0.00036636,code_token_name,high,0.993
2006,2000,DAVIDSON,15 3 DONELSON LIB,1656,001836,0.00026236,code_token_name,high,0.993
2006,2000,DAVIDSON,15 3 DONELSON LIB,1656,001835,0.00022451,code_token_name,high,0.993
2006,2000,DAVIDSON,15 3 DONELSON LIB,1656,001864,0.00018678,code_token_name,high,0.993
2006,2000,DAVIDSON,15 3 DONELSON LIB,1656,001829,0.00017696,code_token_name,high,0.993
2006,2000,DAVIDSON,15 3 DONELSON LIB,1656,001871,4.514e-05,code_token_name,high,0.993
2006,2000,DAVIDSON,15 3 DONELSON LIB,1656,001870,3.313e-05,code_token_name,high,0.993
2006,2000,DAVIDSON,15 3 DONELSON LIB,1656,001842,7.6e-07,code_token_name,high,0.993
2006,2000,DAVIDSON,15 4 MARGARET ALLEN,1656,001868,0.92504751,code_token_name,high,0.993
2006,2000,DAVIDSON,15 4 MARGARET ALLEN,1656,001869,0.07281989,code_token_name,high,0.993
2006,2000,DAVIDSON,15 4 MARGARET ALLEN,1656,001843,0.00083659,code_token_name,high,0.993
2006,2000,DAVIDSON,15 4 MARGARET ALLEN,1656,001832,0.00036636,code_token_name,high,0.993
2006,2000,DAVIDSON,15 4 MARGARET ALLEN,1656,001836,0.00026236,code_token_name,high,0.993
2006,2000,DAVIDSON,15 4 MARGARET ALLEN,1656,001835,0.00022451,code_token_name,high,0.993
2006,2000,DAVIDSON,15 4 MARGARET ALLEN,1656,001864,0.00018678,code_token_name,high,0.993
2006,2000,DAVIDSON,15 4 MARGARET ALLEN,1656,001829,0.00017696,code_token_name,high,0.993
2006,2000,DAVIDSON,15 4 MARGARET ALLEN,1656,001871,4.514e-05,code_token_name,high,0.993
2006,2000,DAVIDSON,15 4 MARGARET ALLEN,1656,001870,3.313e-05,code_token_name,high,0.993
2006,2000,DAVIDSON,15 4 MARGARET ALLEN,1656,001842,7.6e-07,code_token_name,high,0.993
2006,2000,DAVIDSON,15 5 VULTEE CHURCH,1656,001868,0.92504751,code_token_name,high,0.993
2006,2000,DAVIDSON,15 5 VULTEE CHURCH,1656,001869,0.07281989,code_token_name,high,0.993
2006,2000,DAVIDSON,15 5 VULTEE CHURCH,1656,001843,0.00083659,code_token_name,high,0.993
2006,2000,DAVIDSON,15 5 VULTEE CHURCH,1656,001832,0.00036636,code_token_name,high,0.993
2006,2000,DAVIDSON,15 5 VULTEE CHURCH,1656,001836,0.00026236,code_token_name,high,0.993
2006,2000,DAVIDSON,15 5 VULTEE CHURCH,1656,001835,0.00022451,code_token_name,high,0.993
2006,2000,DAVIDSON,15 5 VULTEE CHURCH,1656,001864,0.00018678,code_token_name,high,0.993
2006,2000,DAVIDSON,15 5 VULTEE CHURCH,1656,001829,0.00017696,code_token_name,high,0.993
2006,2000,DAVIDSON,15 5 VULTEE CHURCH,1656,001871,4.514e-05,code_token_name,high,0.993
2006,2000,DAVIDSON,15 5 VULTEE CHURCH,1656,001870,3.313e-05,code_token_name,high,0.993
2006,2000,DAVIDSON,15 5 VULTEE CHURCH,1656,001842,7.6e-07,code_token_name,high,0.993
2006,2000,DAVIDSON,15 7 MARGARET ALLEN,1656,001868,0.92504751,code_token_name,high,0.993
2006,2000,DAVIDSON,15 7 MARGARET ALLEN,1656,001869,0.07281989,code_token_name,high,0.993
2006,2000,DAVIDSON,15 7 MARGARET ALLEN,1656,001843,0.00083659,code_token_name,high,0.993
2006,2000,DAVIDSON,15 7 MARGARET ALLEN,1656,001832,0.00036636,code_token_name,high,0.993
2006,2000,DAVIDSON,15 7 MARGARET ALLEN,1656,001836,0.00026236,code_token_name,high,0.993
2006,2000,DAVIDSON,15 7 MARGARET ALLEN,1656,001835,0.00022451,code_token_name,high,0.993
2006,2000,DAVIDSON,15 7 MARGARET ALLEN,1656,001864,0.00018678,code_token_name,high,0.993
2006,2000,DAVIDSON,15 7 MARGARET ALLEN,1656,001829,0.00017696,code_token_name,high,0.993
2006,2000,DAVIDSON,15 7 MARGARET ALLEN,1656,001871,4.514e-05,code_token_name,high,0.993
2006,2000,DAVIDSON,15 7 MARGARET ALLEN,1656,001870,3.313e-05,code_token_name,high,0.993
2006,2000,DAVIDSON,15 7 MARGARET ALLEN,1656,001842,7.6e-07,code_token_name,high,0.993
2006,2000,DAVIDSON,16 2 POLK FIRE 12,1672,001884,0.57276923,code_token_name,high,0.993
2006,2000,DAVIDSON,16 2 POLK FIRE 12,1672,001883,0.42268466,code_token_name,high,0.993
2006,2000,DAVIDSON,16 2 POLK FIRE 12,1672,001882,0.0045461,code_token_name,high,0.993
2006,2000,DAVIDSON,16 3 VULTEE CHURCH,1672,001884,0.57276923,code_token_name,high,0.993
2006,2000,DAVIDSON,16 3 VULTEE CHURCH,1672,001883,0.42268466,code_token_name,high,0.993
2006,2000,DAVIDSON,16 3 VULTEE CHURCH,1672,001882,0.0045461,code_token_name,high,0.993
2006,2000,DAVIDSON,16 4 WOODBINE CUMB,1672,001884,0.57276923,code_token_name,high,0.993
2006,2000,DAVIDSON,16 4 WOODBINE CUMB,1672,001883,0.42268466,code_token_name,high,0.993
2006,2000,DAVIDSON,16 4 WOODBINE CUMB,1672,001882,0.0045461,code_token_name,high,0.993
2006,2000,DAVIDSON,16 5 WOODBINE BAPT,1672,001884,0.57276923,code_token_name,high,0.993
2006,2000,DAVIDSON,16 5 WOODBINE BAPT,1672,001883,0.42268466,code_token_name,high,0.993
2006,2000,DAVIDSON,16 5 WOODBINE BAPT,1672,001882,0.0045461,code_token_name,high,0.993
2006,2000,DAVIDSON,16 6 GLENCLIFF HIGH,1672,001884,0.57276923,code_token_name,high,0.993
2006,2000,DAVIDSON,16 6 GLENCLIFF HIGH,1672,001883,0.42268466,code_token_name,high,0.993
2006,2000,DAVIDSON,16 6 GLENCLIFF HIGH,1672,001882,0.0045461,code_token_name,high,0.993
2006,2000,DAVIDSON,17 1 NAPIER CC,1688,001878,0.72607468,code_token_name,high,0.993
2006,2000,DAVIDSON,17 1 NAPIER CC,1688,001879,0.13792242,code_token_name,high,0.993
2006,2000,DAVIDSON,17 1 NAPIER CC,1688,001886,0.13556525,code_token_name,high,0.993
2006,2000,DAVIDSON,17 1 NAPIER CC,1688,001881,0.00039123,code_token_name,high,0.993
2006,2000,DAVIDSON,17 1 NAPIER CC,1688,001884,4.388e-05,code_token_name,high,0.993
2006,2000,DAVIDSON,17 1 NAPIER CC,1688,001888,2.52e-06,code_token_name,high,0.993
2006,2000,DAVIDSON,17 1 NAPIER CC,1688,001893,2e-08,code_token_name,high,0.993
2006,2000,DAVIDSON,17 10 SEVIER PARK CC,1688,001878,0.72607468,code_token_name,high,0.993
2006,2000,DAVIDSON,17 10 SEVIER PARK CC,1688,001879,0.13792242,code_token_name,high,0.993
2006,2000,DAVIDSON,17 10 SEVIER PARK CC,1688,001886,0.13556525,code_token_name,high,0.993
2006,2000,DAVIDSON,17 10 SEVIER PARK CC,1688,001881,0.00039123,code_token_name,high,0.993
2006,2000,DAVIDSON,17 10 SEVIER PARK CC,1688,001884,4.388e-05,code_token_name,high,0.993
2006,2000,DAVIDSON,17 10 SEVIER PARK CC,1688,001888,2.52e-06,code_token_name,high,0.993
2006,2000,DAVIDSON,17 10 SEVIER PARK CC,1688,001893,2e-08,code_token_name,high,0.993
2006,2000,DAVIDSON,17 2 TREVECCA TOWER,1688,001878,0.72607468,code_token_name,high,0.993
2006,2000,DAVIDSON,17 2 TREVECCA TOWER,1688,001879,0.13792242,code_token_name,high,0.993
2006,2000,DAVIDSON,17 2 TREVECCA TOWER,1688,001886,0.13556525,code_token_name,high,0.993
2006,2000,DAVIDSON,17 2 TREVECCA TOWER,1688,001881,0.00039123,code_token_name,high,0.993
2006,2000,DAVIDSON,17 2 TREVECCA TOWER,1688,001884,4.388e-05,code_token_name,high,0.993
2006,2000,DAVIDSON,17 2 TREVECCA TOWER,1688,001888,2.52e-06,code_token_name,high,0.993
2006,2000,DAVIDSON,17 2 TREVECCA TOWER,1688,001893,2e-08,code_token_name,high,0.993
2006,2000,DAVIDSON,17 3 JOHNSON MID,1688,001878,0.72607468,code_token_name,high,0.993
2006,2000,DAVIDSON,17 3 JOHNSON MID,1688,001879,0.13792242,code_token_name,high,0.993
2006,2000,DAVIDSON,17 3 JOHNSON MID,1688,001886,0.13556525,code_token_name,high,0.993
2006,2000,DAVIDSON,17 3 JOHNSON MID,1688,001881,0.00039123,code_token_name,high,0.993
2006,2000,DAVIDSON,17 3 JOHNSON MID,1688,001884,4.388e-05,code_token_name,high,0.993
2006,2000,DAVIDSON,17 3 JOHNSON MID,1688,001888,2.52e-06,code_token_name,high,0.993
2006,2000,DAVIDSON,17 3 JOHNSON MID,1688,001893,2e-08,code_token_name,high,0.993
2006,2000,DAVIDSON,17 4 SEVIER PARK CC,1688,001878,0.72607468,code_token_name,high,0.993
2006,2000,DAVIDSON,17 4 SEVIER PARK CC,1688,001879,0.13792242,code_token_name,high,0.993
2006,2000,DAVIDSON,17 4 SEVIER PARK CC,1688,001886,0.13556525,code_token_name,high,0.993
2006,2000,DAVIDSON,17 4 SEVIER PARK CC,1688,001881,0.00039123,code_token_name,high,0.993
2006,2000,DAVIDSON,17 4 SEVIER PARK CC,1688,001884,4.388e-05,code_token_name,high,0.993
2006,2000,DAVIDSON,17 4 SEVIER PARK CC,1688,001888,2.52e-06,code_token_name,high,0.993
2006,2000,DAVIDSON,17 4 SEVIER PARK CC,1688,001893,2e-08,code_token_name,high,0.993
2006,2000,DAVIDSON,17 5 BERRY HILL CIT,1688,001878,0.72607468,code_token_name,high,0.993
2006,2000,DAVIDSON,17 5 BERRY HILL CIT,1688,001879,0.13792242,code_token_name,high,0.993
2006,2000,DAVIDSON,17 5 BERRY HILL CIT,1688,001886,0.13556525,code_token_name,high,0.993
2006,2000,DAVIDSON,17 5 BERRY HILL CIT,1688,001881,0.00039123,code_token_name,high,0.993
2006,2000,DAVIDSON,17 5 BERRY HILL CIT,1688,001884,4.388e-05,code_token_name,high,0.993
2006,2000,DAVIDSON,17 5 BERRY HILL CIT,1688,001888,2.52e-06,code_token_name,high,0.993
2006,2000,DAVIDSON,17 5 BERRY HILL CIT,1688,001893,2e-08,code_token_name,high,0.993
2006,2000,DAVIDSON,17 6 BERRY HEADSTRT,1688,001878,0.72607468,code_token_name,high,0.993
2006,2000,DAVIDSON,17 6 BERRY HEADSTRT,1688,001879,0.13792242,code_token_name,high,0.993
2006,2000,DAVIDSON,17 6 BERRY HEADSTRT,1688,001886,0.13556525,code_token_name,high,0.993
2006,2000,DAVIDSON,17 6 BERRY HEADSTRT,1688,001881,0.00039123,code_token_name,high,0.993
2006,2000,DAVIDSON,17 6 BERRY HEADSTRT,1688,001884,4.388e-05,code_token_name,high,0.993
2006,2000,DAVIDSON,17 6 BERRY HEADSTRT,1688,001888,2.52e-06,code_token_name,high,0.993
2006,2000,DAVIDSON,17 6 BERRY HEADSTRT,1688,001893,2e-08,code_token_name,high,0.993
2006,2000,DAVIDSON,17 7 KNOWLES SR CTR,1688,001878,0.72607468,code_token_name,high,0.993
2006,2000,DAVIDSON,17 7 KNOWLES SR CTR,1688,001879,0.13792242,code_token_name,high,0.993
2006,2000,DAVIDSON,17 7 KNOWLES SR CTR,1688,001886,0.13556525,code_token_name,high,0.993
2006,2000,DAVIDSON,17 7 KNOWLES SR CTR,1688,001881,0.00039123,code_token_name,high,0.993
2006,2000,DAVIDSON,17 7 KNOWLES SR CTR,1688,001884,4.388e-05,code_token_name,high,0.993
2006,2000,DAVIDSON,17 7 KNOWLES SR CTR,1688,001888,2.52e-06,code_token_name,high,0.993
2006,2000,DAVIDSON,17 7 KNOWLES SR CTR,1688,001893,2e-08,code_token_name,high,0.993
2006,2000,DAVIDSON,17 8 NAPIER SCHOOL,1688,001878,0.72607468,code_token_name,high,0.993
2006,2000,DAVIDSON,17 8 NAPIER SCHOOL,1688,001879,0.13792242,code_token_name,high,0.993
2006,2000,DAVIDSON,17 8 NAPIER SCHOOL,1688,001886,0.13556525,code_token_name,high,0.993
2006,2000,DAVIDSON,17 8 NAPIER SCHOOL,1688,001881,0.00039123,code_token_name,high,0.993
2006,2000,DAVIDSON,17 8 NAPIER SCHOOL,1688,001884,4.388e-05,code_token_name,high,0.993
2006,2000,DAVIDSON,17 8 NAPIER SCHOOL,1688,001888,2.52e-06,code_token_name,high,0.993
2006,2000,DAVIDSON,17 8 NAPIER SCHOOL,1688,001893,2e-08,code_token_name,high,0.993
2006,2000,DAVIDSON,17 9 EDGEHILL LIB,1688,001878,0.72607468,code_token_name,high,0.993
2006,2000,DAVIDSON,17 9 EDGEHILL LIB,1688,001879,0.13792242,code_token_name,high,0.993
2006,2000,DAVIDSON,17 9 EDGEHILL LIB,1688,001886,0.13556525,code_token_name,high,0.993
2006,2000,DAVIDSON,17 9 EDGEHILL LIB,1688,001881,0.00039123,code_token_name,high,0.993
2006,2000,DAVIDSON,17 9 EDGEHILL LIB,1688,001884,4.388e-05,code_token_name,high,0.993
2006,2000,DAVIDSON,17 9 EDGEHILL LIB,1688,001888,2.52e-06,code_token_name,high,0.993
2006,2000,DAVIDSON,17 9 EDGEHILL LIB,1688,001893,2e-08,code_token_name,high,0.993
2006,2000,DAVIDSON,18 1 ST BERNARD ACAD,1704,001885,0.97418872,code_token_name,high,0.993
2006,2000,DAVIDSON,18 1 ST BERNARD ACAD,1704,001902,0.02359905,code_token_name,high,0.993
2006,2000,DAVIDSON,18 1 ST BERNARD ACAD,1704,001887,0.00210115,code_token_name,high,0.993
2006,2000,DAVIDSON,18 1 ST BERNARD ACAD,1704,001893,0.00010012,code_token_name,high,0.993
2006,2000,DAVIDSON,18 1 ST BERNARD ACAD,1704,001879,1.097e-05,code_token_name,high,0.993
2006,2000,DAVIDSON,18 2 ST BERNARD ACAD,1704,001885,0.97418872,code_token_name,high,0.993
2006,2000,DAVIDSON,18 2 ST BERNARD ACAD,1704,001902,0.02359905,code_token_name,high,0.993
2006,2000,DAVIDSON,18 2 ST BERNARD ACAD,1704,001887,0.00210115,code_token_name,high,0.993
2006,2000,DAVIDSON,18 2 ST BERNARD ACAD,1704,001893,0.00010012,code_token_name,high,0.993
2006,2000,DAVIDSON,18 2 ST BERNARD ACAD,1704,001879,1.097e-05,code_token_name,high,0.993
2006,2000,DAVIDSON,18 3 ST BERNARD S,1704,001885,0.97418872,code_token_name,high,0.993
2006,2000,DAVIDSON,18 3 ST BERNARD S,1704,001902,0.02359905,code_token_name,high,0.993
2006,2000,DAVIDSON,18 3 ST BERNARD S,1704,001887,0.00210115,code_token_name,high,0.993
2006,2000,DAVIDSON,18 3 ST BERNARD S,1704,001893,0.00010012,code_token_name,high,0.993
2006,2000,DAVIDSON,18 3 ST BERNARD S,1704,001879,1.097e-05,code_token_name,high,0.993
2006,2000,DAVIDSON,18 6 CHRIST THE KING,1704,001885,0.97418872,code_token_name,high,0.993
2006,2000,DAVIDSON,18 6 CHRIST THE KING,1704,001902,0.02359905,code_token_name,high,0.993
2006,2000,DAVIDSON,18 6 CHRIST THE KING,1704,001887,0.00210115,code_token_name,high,0.993
2006,2000,DAVIDSON,18 6 CHRIST THE KING,1704,001893,0.00010012,code_token_name,high,0.993
2006,2000,DAVIDSON,18 6 CHRIST THE KING,1704,001879,1.097e-05,code_token_name,high,0.993
2006,2000,DAVIDSON,18 7 BELMONT HEIGHTS,1704,001885,0.97418872,code_token_name,high,0.993
2006,2000,DAVIDSON,18 7 BELMONT HEIGHTS,1704,001902,0.02359905,code_token_name,high,0.993
2006,2000,DAVIDSON,18 7 BELMONT HEIGHTS,1704,001887,0.00210115,code_token_name,high,0.993
2006,2000,DAVIDSON,18 7 BELMONT HEIGHTS,1704,001893,0.00010012,code_token_name,high,0.993
2006,2000,DAVIDSON,18 7 BELMONT HEIGHTS,1704,001879,1.097e-05,code_token_name,high,0.993
2006,2000,DAVIDSON,19 1 BUENA VISTA ES,1716,001892,0.32288744,code_token_name,high,0.993
2006,2000,DAVIDSON,19 1 BUENA VISTA ES,1716,001901,0.32279282,code_token_name,high,0.993
2006,2000,DAVIDSON,19 1 BUENA VISTA ES,1716,001893,0.21167345,code_token_name,high,0.993
2006,2000,DAVIDSON,19 1 BUENA VISTA ES,1716,001890,0.14204598,code_token_name,high,0.993
2006,2000,DAVIDSON,19 1 BUENA VISTA ES,1716,001900,0.0006003,code_token_name,high,0.993
2006,2000,DAVIDSON,19 2 15TH AVE BAPT,1716,001892,0.32288744,code_token_name,high,0.993
2006,2000,DAVIDSON,19 2 15TH AVE BAPT,1716,001901,0.32279282,code_token_name,high,0.993
2006,2000,DAVIDSON,19 2 15TH AVE BAPT,1716,001893,0.21167345,code_token_name,high,0.993
2006,2000,DAVIDSON,19 2 15TH AVE BAPT,1716,001890,0.14204598,code_token_name,high,0.993
2006,2000,DAVIDSON,19 2 15TH AVE BAPT,1716,001900,0.0006003,code_token_name,high,0.993
2006,2000,DAVIDSON,19 3 WATKINS PARK CC,1716,001892,0.32288744,code_token_name,high,0.993
2006,2000,DAVIDSON,19 3 WATKINS PARK CC,1716,001901,0.32279282,code_token_name,high,0.993
2006,2000,DAVIDSON,19 3 WATKINS PARK CC,1716,001893,0.21167345,code_token_name,high,0.993
2006,2000,DAVIDSON,19 3 WATKINS PARK CC,1716,001890,0.14204598,code_token_name,high,0.993
2006,2000,DAVIDSON,19 3 WATKINS PARK CC,1716,001900,0.0006003,code_token_name,high,0.993
2006,2000,DAVIDSON,19 4 EDGEHILL ESTATE,1716,001892,0.32288744,code_token_name,high,0.993
2006,2000,DAVIDSON,19 4 EDGEHILL ESTATE,1716,001901,0.32279282,code_token_name,high,0.993
2006,2000,DAVIDSON,19 4 EDGEHILL ESTATE,1716,001893,0.21167345,code_token_name,high,0.993
2006,2000,DAVIDSON,19 4 EDGEHILL ESTATE,1716,001890,0.14204598,code_token_name,high,0.993
2006,2000,DAVIDSON,19 4 EDGEHILL ESTATE,1716,001900,0.0006003,code_token_name,high,0.993
2006,2000,DAVIDSON,19 5 MURRELL SCHOOL,1716,001892,0.32288744,code_token_name,high,0.993
2006,2000,DAVIDSON,19 5 MURRELL SCHOOL,1716,001901,0.32279282,code_token_name,high,0.993
2006,2000,DAVIDSON,19 5 MURRELL SCHOOL,1716,001893,0.21167345,code_token_name,high,0.993
2006,2000,DAVIDSON,19 5 MURRELL SCHOOL,1716,001890,0.14204598,code_token_name,high,0.993
2006,2000,DAVIDSON,19 5 MURRELL SCHOOL,1716,001900,0.0006003,code_token_name,high,0.993
2006,2000,DAVIDSON,20 2 UNION HALL 737,1768,001900,0.99900788,code_token_name,high,0.993
2006,2000,DAVIDSON,20 2 UNION HALL 737,1768,001899,0.00092305,code_token_name,high,0.993
2006,2000,DAVIDSON,20 2 UNION HALL 737,1768,001901,6.906e-05,code_token_name,high,0.993
2006,2000,DAVIDSON,20 3 UNION HALL 737,1768,001900,0.99900788,code_token_name,high,0.993
2006,2000,DAVIDSON,20 3 UNION HALL 737,1768,001899,0.00092305,code_token_name,high,0.993
2006,2000,DAVIDSON,20 3 UNION HALL 737,1768,001901,6.906e-05,code_token_name,high,0.993
2006,2000,DAVIDSON,20 4 CHARLOTTE PARK,1768,001900,0.99900788,code_token_name,high,0.993
2006,2000,DAVIDSON,20 4 CHARLOTTE PARK,1768,001899,0.00092305,code_token_name,high,0.993
2006,2000,DAVIDSON,20 4 CHARLOTTE PARK,1768,001901,6.906e-05,code_token_name,high,0.993
2006,2000,DAVIDSON,21 1 HADLEY PARK CC,1788,001899,0.88973164,code_token_name,high,0.993
2006,2000,DAVIDSON,21 1 HADLEY PARK CC,1788,001915,0.03667124,code_token_name,high,0.993
2006,2000,DAVIDSON,21 1 HADLEY PARK CC,1788,001901,0.03410616,code_token_name,high,0.993
2006,2000,DAVIDSON,21 1 HADLEY PARK CC,1788,001896,0.02740432,code_token_name,high,0.993
2006,2000,DAVIDSON,21 1 HADLEY PARK CC,1788,001897,0.01072026,code_token_name,high,0.993
2006,2000,DAVIDSON,21 1 HADLEY PARK CC,1788,001900,0.0009475,code_token_name,high,0.993
2006,2000,DAVIDSON,21 1 HADLEY PARK CC,1788,001805,0.00036313,code_token_name,high,0.993
2006,2000,DAVIDSON,21 1 HADLEY PARK CC,1788,001912,5.576e-05,code_token_name,high,0.993
2006,2000,DAVIDSON,21 2 WHARTON SCHOOL,1788,001899,0.88973164,code_token_name,high,0.993
2006,2000,DAVIDSON,21 2 WHARTON SCHOOL,1788,001915,0.03667124,code_token_name,high,0.993
2006,2000,DAVIDSON,21 2 WHARTON SCHOOL,1788,001901,0.03410616,code_token_name,high,0.993
2006,2000,DAVIDSON,21 2 WHARTON SCHOOL,1788,001896,0.02740432,code_token_name,high,0.993
2006,2000,DAVIDSON,21 2 WHARTON SCHOOL,1788,001897,0.01072026,code_token_name,high,0.993
2006,2000,DAVIDSON,21 2 WHARTON SCHOOL,1788,001900,0.0009475,code_token_name,high,0.993
2006,2000,DAVIDSON,21 2 WHARTON SCHOOL,1788,001805,0.00036313,code_token_name,high,0.993
2006,2000,DAVIDSON,21 2 WHARTON SCHOOL,1788,001912,5.576e-05,code_token_name,high,0.993
2006,2000,DAVIDSON,21 3 PEARL COHN SCH,1788,001899,0.88973164,code_token_name,high,0.993
2006,2000,DAVIDSON,21 3 PEARL COHN SCH,1788,001915,0.03667124,code_token_name,high,0.993
2006,2000,DAVIDSON,21 3 PEARL COHN SCH,1788,001901,0.03410616,code_token_name,high,0.993
2006,2000,DAVIDSON,21 3 PEARL COHN SCH,1788,001896,0.02740432,code_token_name,high,0.993
2006,2000,DAVIDSON,21 3 PEARL COHN SCH,1788,001897,0.01072026,code_token_name,high,0.993
2006,2000,DAVIDSON,21 3 PEARL COHN SCH,1788,001900,0.0009475,code_token_name,high,0.993
2006,2000,DAVIDSON,21 3 PEARL COHN SCH,1788,001805,0.00036313,code_token_name,high,0.993
2006,2000,DAVIDSON,21 3 PEARL COHN SCH,1788,001912,5.576e-05,code_token_name,high,0.993
2006,2000,DAVIDSON,21 4 CENTENNIAL PARK,1800,001902,0.99832212,prefix_name,high,0.995
2006,2000,DAVIDSON,21 4 CENTENNIAL PARK,1800,001915,0.00163496,prefix_name,high,0.995
2006,2000,DAVIDSON,21 4 CENTENNIAL PARK,1800,001887,2.561e-05,prefix_name,high,0.995
2006,2000,DAVIDSON,21 4 CENTENNIAL PARK,1800,001885,9.61e-06,prefix_name,high,0.995
2006,2000,DAVIDSON,21 4 CENTENNIAL PARK,1800,001901,7.7e-06,prefix_name,high,0.995
2006,2000,DAVIDSON,21 5 CENTENNIAL PARK,1788,001899,0.88973164,code_token_name,high,0.993
2006,2000,DAVIDSON,21 5 CENTENNIAL PARK,1788,001915,0.03667124,code_token_name,high,0.993
2006,2000,DAVIDSON,21 5 CENTENNIAL PARK,1788,001901,0.03410616,code_token_name,high,0.993
2006,2000,DAVIDSON,21 5 CENTENNIAL PARK,1788,001896,0.02740432,code_token_name,high,0.993
2006,2000,DAVIDSON,21 5 CENTENNIAL PARK,1788,001897,0.01072026,code_token_name,high,0.993
2006,2000,DAVIDSON,21 5 CENTENNIAL PARK,1788,001900,0.0009475,code_token_name,high,0.993
2006,2000,DAVIDSON,21 5 CENTENNIAL PARK,1788,001805,0.00036313,code_token_name,high,0.993
2006,2000,DAVIDSON,21 5 CENTENNIAL PARK,1788,001912,5.576e-05,code_token_name,high,0.993
2006,2000,DAVIDSON,21 6 MCGRUDER CENTER,1788,001899,0.88973164,code_token_name,high,0.993
2006,2000,DAVIDSON,21 6 MCGRUDER CENTER,1788,001915,0.03667124,code_token_name,high,0.993
2006,2000,DAVIDSON,21 6 MCGRUDER CENTER,1788,001901,0.03410616,code_token_name,high,0.993
2006,2000,DAVIDSON,21 6 MCGRUDER CENTER,1788,001896,0.02740432,code_token_name,high,0.993
2006,2000,DAVIDSON,21 6 MCGRUDER CENTER,1788,001897,0.01072026,code_token_name,high,0.993
2006,2000,DAVIDSON,21 6 MCGRUDER CENTER,1788,001900,0.0009475,code_token_name,high,0.993
2006,2000,DAVIDSON,21 6 MCGRUDER CENTER,1788,001805,0.00036313,code_token_name,high,0.993
2006,2000,DAVIDSON,21 6 MCGRUDER CENTER,1788,001912,5.576e-05,code_token_name,high,0.993
2006,2000,DAVIDSON,22 1 BELLEVUE CC,1804,001898,0.70765715,code_token_name,high,0.993
2006,2000,DAVIDSON,22 1 BELLEVUE CC,1804,001897,0.26791045,code_token_name,high,0.993
2006,2000,DAVIDSON,22 1 BELLEVUE CC,1804,001913,0.01340752,code_token_name,high,0.993
2006,2000,DAVIDSON,22 1 BELLEVUE CC,1804,001912,0.0073044,code_token_name,high,0.993
2006,2000,DAVIDSON,22 1 BELLEVUE CC,1804,001896,0.00372006,code_token_name,high,0.993
2006,2000,DAVIDSON,22 1 BELLEVUE CC,1804,001804,4.1e-07,code_token_name,high,0.993
2006,2000,DAVIDSON,22 2 BELLEVUE CHURCH,1804,001898,0.70765715,code_token_name,high,0.993
2006,2000,DAVIDSON,22 2 BELLEVUE CHURCH,1804,001897,0.26791045,code_token_name,high,0.993
2006,2000,DAVIDSON,22 2 BELLEVUE CHURCH,1804,001913,0.01340752,code_token_name,high,0.993
2006,2000,DAVIDSON,22 2 BELLEVUE CHURCH,1804,001912,0.0073044,code_token_name,high,0.993
2006,2000,DAVIDSON,22 2 BELLEVUE CHURCH,1804,001896,0.00372006,code_token_name,high,0.993
2006,2000,DAVIDSON,22 2 BELLEVUE CHURCH,1804,001804,4.1e-07,code_token_name,high,0.993
2006,2000,DAVIDSON,22 3 BELLEVUE MIDDLE,1804,001898,0.70765715,code_token_name,high,0.993
2006,2000,DAVIDSON,22 3 BELLEVUE MIDDLE,1804,001897,0.26791045,code_token_name,high,0.993
2006,2000,DAVIDSON,22 3 BELLEVUE MIDDLE,1804,001913,0.01340752,code_token_name,high,0.993
2006,2000,DAVIDSON,22 3 BELLEVUE MIDDLE,1804,001912,0.0073044,code_token_name,high,0.993
2006,2000,DAVIDSON,22 3 BELLEVUE MIDDLE,1804,001896,0.00372006,code_token_name,high,0.993
2006,2000,DAVIDSON,22 3 BELLEVUE MIDDLE,1804,001804,4.1e-07,code_token_name,high,0.993
2006,2000,DAVIDSON,22 4 BELLEVUE UMC,1804,001898,0.70765715,code_token_name,high,0.993
2006,2000,DAVIDSON,22 4 BELLEVUE UMC,1804,001897,0.26791045,code_token_name,high,0.993
2006,2000,DAVIDSON,22 4 BELLEVUE UMC,1804,001913,0.01340752,code_token_name,high,0.993
2006,2000,DAVIDSON,22 4 BELLEVUE UMC,1804,001912,0.0073044,code_token_name,high,0.993
2006,2000,DAVIDSON,22 4 BELLEVUE UMC,1804,001896,0.00372006,code_token_name,high,0.993
2006,2000,DAVIDSON,22 4 BELLEVUE UMC,1804,001804,4.1e-07,code_token_name,high,0.993
2006,2000,DAVIDSON,23 1 BROOK HOLLOW,1820,001958,0.8714821,code_token_name,high,0.993
2006,2000,DAVIDSON,23 1 BROOK HOLLOW,1820,001903,0.12827111,code_token_name,high,0.993
2006,2000,DAVIDSON,23 1 BROOK HOLLOW,1820,001804,0.00011319,code_token_name,high,0.993
2006,2000,DAVIDSON,23 1 BROOK HOLLOW,1820,001905,8.399e-05,code_token_name,high,0.993
2006,2000,DAVIDSON,23 1 BROOK HOLLOW,1820,001959,3.405e-05,code_token_name,high,0.993
2006,2000,DAVIDSON,23 1 BROOK HOLLOW,1820,001960,1.556e-05,code_token_name,high,0.993
2006,2000,DAVIDSON,23 2 WEST MEADE SCH,1820,001958,0.8714821,code_token_name,high,0.993
2006,2000,DAVIDSON,23 2 WEST MEADE SCH,1820,001903,0.12827111,code_token_name,high,0.993
2006,2000,DAVIDSON,23 2 WEST MEADE SCH,1820,001804,0.00011319,code_token_name,high,0.993
2006,2000,DAVIDSON,23 2 WEST MEADE SCH,1820,001905,8.399e-05,code_token_name,high,0.993
2006,2000,DAVIDSON,23 2 WEST MEADE SCH,1820,001959,3.405e-05,code_token_name,high,0.993
2006,2000,DAVIDSON,23 2 WEST MEADE SCH,1820,001960,1.556e-05,code_token_name,high,0.993
2006,2000,DAVIDSON,23 3 JEWISH COMM CTR,1820,001958,0.8714821,code_token_name,high,0.993
2006,2000,DAVIDSON,23 3 JEWISH COMM CTR,1820,001903,0.12827111,code_token_name,high,0.993
2006,2000,DAVIDSON,23 3 JEWISH COMM CTR,1820,001804,0.00011319,code_token_name,high,0.993
2006,2000,DAVIDSON,23 3 JEWISH COMM CTR,1820,001905,8.399e-05,code_token_name,high,0.993
2006,2000,DAVIDSON,23 3 JEWISH COMM CTR,1820,001959,3.405e-05,code_token_name,high,0.993
2006,2000,DAVIDSON,23 3 JEWISH COMM CTR,1820,001960,1.556e-05,code_token_name,high,0.993
2006,2000,DAVIDSON,23 4 BELLEMEADE CIHA,1820,001958,0.8714821,code_token_name,high,0.993
2006,2000,DAVIDSON,23 4 BELLEMEADE CIHA,1820,001903,0.12827111,code_token_name,high,0.993
2006,2000,DAVIDSON,23 4 BELLEMEADE CIHA,1820,001804,0.00011319,code_token_name,high,0.993
2006,2000,DAVIDSON,23 4 BELLEMEADE CIHA,1820,001905,8.399e-05,code_token_name,high,0.993
2006,2000,DAVIDSON,23 4 BELLEMEADE CIHA,1820,001959,3.405e-05,code_token_name,high,0.993
2006,2000,DAVIDSON,23 4 BELLEMEADE CIHA,1820,001960,1.556e-05,code_token_name,high,0.993
2006,2000,DAVIDSON,24 1 RICHLAND LIB,1836,001912,0.98865889,code_token_name,high,0.993
2006,2000,DAVIDSON,24 1 RICHLAND LIB,1836,001902,0.01028457,code_token_name,high,0.993
2006,2000,DAVIDSON,24 1 RICHLAND LIB,1836,001915,0.00096144,code_token_name,high,0.993
2006,2000,DAVIDSON,24 1 RICHLAND LIB,1836,001916,9.51e-05,code_token_name,high,0.993
2006,2000,DAVIDSON,24 2 NASHVILLE TECH,1836,001912,0.98865889,code_token_name,high,0.993
2006,2000,DAVIDSON,24 2 NASHVILLE TECH,1836,001902,0.01028457,code_token_name,high,0.993
2006,2000,DAVIDSON,24 2 NASHVILLE TECH,1836,001915,0.00096144,code_token_name,high,0.993
2006,2000,DAVIDSON,24 2 NASHVILLE TECH,1836,001916,9.51e-05,code_token_name,high,0.993
2006,2000,DAVIDSON,24 3 WEST END FH 17,1836,001912,0.98865889,code_token_name,high,0.993
2006,2000,DAVIDSON,24 3 WEST END FH 17,1836,001902,0.01028457,code_token_name,high,0.993
2006,2000,DAVIDSON,24 3 WEST END FH 17,1836,001915,0.00096144,code_token_name,high,0.993
2006,2000,DAVIDSON,24 3 WEST END FH 17,1836,001916,9.51e-05,code_token_name,high,0.993
2006,2000,DAVIDSON,24 4 PARK AVE SCHOOL,1836,001912,0.98865889,code_token_name,high,0.993
2006,2000,DAVIDSON,24 4 PARK AVE SCHOOL,1836,001902,0.01028457,code_token_name,high,0.993
2006,2000,DAVIDSON,24 4 PARK AVE SCHOOL,1836,001915,0.00096144,code_token_name,high,0.993
2006,2000,DAVIDSON,24 4 PARK AVE SCHOOL,1836,001916,9.51e-05,code_token_name,high,0.993
2006,2000,DAVIDSON,24 5 MCCABE PARK CC,1836,001912,0.98865889,code_token_name,high,0.993
2006,2000,DAVIDSON,24 5 MCCABE PARK CC,1836,001902,0.01028457,code_token_name,high,0.993
2006,2000,DAVIDSON,24 5 MCCABE PARK CC,1836,001915,0.00096144,code_token_name,high,0.993
2006,2000,DAVIDSON,24 5 MCCABE PARK CC,1836,001916,9.51e-05,code_token_name,high,0.993
2006,2000,DAVIDSON,24 6 WEST END MS,1836,001912,0.98865889,code_token_name,high,0.993
2006,2000,DAVIDSON,24 6 WEST END MS,1836,001902,0.01028457,code_token_name,high,0.993
2006,2000,DAVIDSON,24 6 WEST END MS,1836,001915,0.00096144,code_token_name,high,0.993
2006,2000,DAVIDSON,24 6 WEST END MS,1836,001916,9.51e-05,code_token_name,high,0.993
2006,2000,DAVIDSON,25 1 RANDALLS LEARN,1852,001917,0.54557601,code_token_name,high,0.993
2006,2000,DAVIDSON,25 1 RANDALLS LEARN,1852,001914,0.45324554,code_token_name,high,0.993
2006,2000,DAVIDSON,25 1 RANDALLS LEARN,1852,001916,0.00104592,code_token_name,high,0.993
2006,2000,DAVIDSON,25 1 RANDALLS LEARN,1852,001918,0.00013253,code_token_name,high,0.993
2006,2000,DAVIDSON,25 2 BOY SCOUTS,1852,001917,0.54557601,code_token_name,high,0.993
2006,2000,DAVIDSON,25 2 BOY SCOUTS,1852,001914,0.45324554,code_token_name,high,0.993
2006,2000,DAVIDSON,25 2 BOY SCOUTS,1852,001916,0.00104592,code_token_name,high,0.993
2006,2000,DAVIDSON,25 2 BOY SCOUTS,1852,001918,0.00013253,code_token_name,high,0.993
2006,2000,DAVIDSON,25 3 GREEN HILLS LIB,1852,001917,0.54557601,code_token_name,high,0.993
2006,2000,DAVIDSON,25 3 GREEN HILLS LIB,1852,001914,0.45324554,code_token_name,high,0.993
2006,2000,DAVIDSON,25 3 GREEN HILLS LIB,1852,001916,0.00104592,code_token_name,high,0.993
2006,2000,DAVIDSON,25 3 GREEN HILLS LIB,1852,001918,0.00013253,code_token_name,high,0.993
2006,2000,DAVIDSON,25 4 GRANNY WHITE CH,1852,001917,0.54557601,code_token_name,high,0.993
2006,2000,DAVIDSON,25 4 GRANNY WHITE CH,1852,001914,0.45324554,code_token_name,high,0.993
2006,2000,DAVIDSON,25 4 GRANNY WHITE CH,1852,001916,0.00104592,code_token_name,high,0.993
2006,2000,DAVIDSON,25 4 GRANNY WHITE CH,1852,001918,0.00013253,code_token_name,high,0.993
2006,2000,DAVIDSON,25 5 HILLSBORO HIGH,1852,001917,0.54557601,code_token_name,high,0.993
2006,2000,DAVIDSON,25 5 HILLSBORO HIGH,1852,001914,0.45324554,code_token_name,high,0.993
2006,2000,DAVIDSON,25 5 HILLSBORO HIGH,1852,001916,0.00104592,code_token_name,high,0.993
2006,2000,DAVIDSON,25 5 HILLSBORO HIGH,1852,001918,0.00013253,code_token_name,high,0.993
2006,2000,DAVIDSON,25 6 YWCA,1852,001917,0.54557601,code_token_name,high,0.993
2006,2000,DAVIDSON,25 6 YWCA,1852,001914,0.45324554,code_token_name,high,0.993
2006,2000,DAVIDSON,25 6 YWCA,1852,001916,0.00104592,code_token_name,high,0.993
2006,2000,DAVIDSON,25 6 YWCA,1852,001918,0.00013253,code_token_name,high,0.993
2006,2000,DAVIDSON,26 1 PARAGON MILLS,1884,001926,0.33057707,code_token_name,high,0.993
2006,2000,DAVIDSON,26 1 PARAGON MILLS,1884,001936,0.28022506,code_token_name,high,0.993
2006,2000,DAVIDSON,26 1 PARAGON MILLS,1884,001922,0.27069326,code_token_name,high,0.993
2006,2000,DAVIDSON,26 1 PARAGON MILLS,1884,001924,0.06805896,code_token_name,high,0.993
2006,2000,DAVIDSON,26 1 PARAGON MILLS,1884,001937,0.04827132,code_token_name,high,0.993
2006,2000,DAVIDSON,26 1 PARAGON MILLS,1884,001928,0.002173,code_token_name,high,0.993
2006,2000,DAVIDSON,26 1 PARAGON MILLS,1884,001938,1.35e-06,code_token_name,high,0.993
2006,2000,DAVIDSON,26 3 NORMAN BINKLEY,1888,001924,0.98308873,prefix_name,high,0.995
2006,2000,DAVIDSON,26 3 NORMAN BINKLEY,1888,001923,0.01437143,prefix_name,high,0.995
2006,2000,DAVIDSON,26 3 NORMAN BINKLEY,1888,001922,0.0013431,prefix_name,high,0.995
2006,2000,DAVIDSON,26 3 NORMAN BINKLEY,1888,001875,0.00119674,prefix_name,high,0.995
2006,2000,DAVIDSON,26 3 NORMAN BINKLEY,1888,001937,0.0,prefix_name,high,0.995
2006,2000,DAVIDSON,26 4 CRIEVE HALL SCH,1884,001926,0.33057707,code_token_name,high,0.993
2006,2000,DAVIDSON,26 4 CRIEVE HALL SCH,1884,001936,0.28022506,code_token_name,high,0.993
2006,2000,DAVIDSON,26 4 CRIEVE HALL SCH,1884,001922,0.27069326,code_token_name,high,0.993
2006,2000,DAVIDSON,26 4 CRIEVE HALL SCH,1884,001924,0.06805896,code_token_name,high,0.993
2006,2000,DAVIDSON,26 4 CRIEVE HALL SCH,1884,001937,0.04827132,code_token_name,high,0.993
2006,2000,DAVIDSON,26 4 CRIEVE HALL SCH,1884,001928,0.002173,code_token_name,high,0.993
2006,2000,DAVIDSON,26 4 CRIEVE HALL SCH,1884,001938,1.35e-06,code_token_name,high,0.993
2006,2000,DAVIDSON,26 5 ELLINGTON AGRI,1884,001926,0.33057707,code_token_name,high,0.993
2006,2000,DAVIDSON,26 5 ELLINGTON AGRI,1884,001936,0.28022506,code_token_name,high,0.993
2006,2000,DAVIDSON,26 5 ELLINGTON AGRI,1884,001922,0.27069326,code_token_name,high,0.993
2006,2000,DAVIDSON,26 5 ELLINGTON AGRI,1884,001924,0.06805896,code_token_name,high,0.993
2006,2000,DAVIDSON,26 5 ELLINGTON AGRI,1884,001937,0.04827132,code_token_name,high,0.993
2006,2000,DAVIDSON,26 5 ELLINGTON AGRI,1884,001928,0.002173,code_token_name,high,0.993
2006,2000,DAVIDSON,26 5 ELLINGTON AGRI,1884,001938,1.35e-06,code_token_name,high,0.993
2006,2000,DAVIDSON,27 1 CHR HOLY SPIRIT,1900,001860,0.33335407,code_token_name,high,0.993
2006,2000,DAVIDSON,27 1 CHR HOLY SPIRIT,1900,001875,0.32715428,code_token_name,high,0.993
2006,2000,DAVIDSON,27 1 CHR HOLY SPIRIT,1900,001859,0.28854273,code_token_name,high,0.993
2006,2000,DAVIDSON,27 1 CHR HOLY SPIRIT,1900,001929,0.05091793,code_token_name,high,0.993
2006,2000,DAVIDSON,27 1 CHR HOLY SPIRIT,1900,001861,2.801e-05,code_token_name,high,0.993
2006,2000,DAVIDSON,27 1 CHR HOLY SPIRIT,1900,001874,2.98e-06,code_token_name,high,0.993
2006,2000,DAVIDSON,27 2 ELLINGTON AG,1900,001860,0.33335407,code_token_name,high,0.993
2006,2000,DAVIDSON,27 2 ELLINGTON AG,1900,001875,0.32715428,code_token_name,high,0.993
2006,2000,DAVIDSON,27 2 ELLINGTON AG,1900,001859,0.28854273,code_token_name,high,0.993
2006,2000,DAVIDSON,27 2 ELLINGTON AG,1900,001929,0.05091793,code_token_name,high,0.993
2006,2000,DAVIDSON,27 2 ELLINGTON AG,1900,001861,2.801e-05,code_token_name,high,0.993
2006,2000,DAVIDSON,27 2 ELLINGTON AG,1900,001874,2.98e-06,code_token_name,high,0.993
2006,2000,DAVIDSON,27 3 MCMURRAY MIDDLE,1900,001860,0.33335407,code_token_name,high,0.993
2006,2000,DAVIDSON,27 3 MCMURRAY MIDDLE,1900,001875,0.32715428,code_token_name,high,0.993
2006,2000,DAVIDSON,27 3 MCMURRAY MIDDLE,1900,001859,0.28854273,code_token_name,high,0.993
2006,2000,DAVIDSON,27 3 MCMURRAY MIDDLE,1900,001929,0.05091793,code_token_name,high,0.993
2006,2000,DAVIDSON,27 3 MCMURRAY MIDDLE,1900,001861,2.801e-05,code_token_name,high,0.993
2006,2000,DAVIDSON,27 3 MCMURRAY MIDDLE,1900,001874,2.98e-06,code_token_name,high,0.993
2006,2000,DAVIDSON,27 4 CHRIST CHURCH,1900,001860,0.33335407,code_token_name,high,0.993
2006,2000,DAVIDSON,27 4 CHRIST CHURCH,1900,001875,0.32715428,code_token_name,high,0.993
2006,2000,DAVIDSON,27 4 CHRIST CHURCH,1900,001859,0.28854273,code_token_name,high,0.993
2006,2000,DAVIDSON,27 4 CHRIST CHURCH,1900,001929,0.05091793,code_token_name,high,0.993
2006,2000,DAVIDSON,27 4 CHRIST CHURCH,1900,001861,2.801e-05,code_token_name,high,0.993
2006,2000,DAVIDSON,27 4 CHRIST CHURCH,1900,001874,2.98e-06,code_token_name,high,0.993
2006,2000,DAVIDSON,28 1 UNA BAPTIST,1920,001931,0.52863559,code_token_name,high,0.993
2006,2000,DAVIDSON,28 1 UNA BAPTIST,1920,001930,0.32195152,code_token_name,high,0.993
2006,2000,DAVIDSON,28 1 UNA BAPTIST,1920,001929,0.13584083,code_token_name,high,0.993
2006,2000,DAVIDSON,28 1 UNA BAPTIST,1920,001939,0.01285441,code_token_name,high,0.993
2006,2000,DAVIDSON,28 1 UNA BAPTIST,1920,001937,0.00039387,code_token_name,high,0.993
2006,2000,DAVIDSON,28 1 UNA BAPTIST,1920,001945,0.00032378,code_token_name,high,0.993
2006,2000,DAVIDSON,28 3 UNA BAPTIST,1920,001931,0.52863559,code_token_name,high,0.993
2006,2000,DAVIDSON,28 3 UNA BAPTIST,1920,001930,0.32195152,code_token_name,high,0.993
2006,2000,DAVIDSON,28 3 UNA BAPTIST,1920,001929,0.13584083,code_token_name,high,0.993
2006,2000,DAVIDSON,28 3 UNA BAPTIST,1920,001939,0.01285441,code_token_name,high,0.993
2006,2000,DAVIDSON,28 3 UNA BAPTIST,1920,001937,0.00039387,code_token_name,high,0.993
2006,2000,DAVIDSON,28 3 UNA BAPTIST,1920,001945,0.00032378,code_token_name,high,0.993
2006,2000,DAVIDSON,28 4 ANTIOCH CHURCH,1922,001931,0.94466292,prefix_name,high,0.995
2006,2000,DAVIDSON,28 4 ANTIOCH CHURCH,1922,001929,0.05483344,prefix_name,high,0.995
2006,2000,DAVIDSON,28 4 ANTIOCH CHURCH,1922,001937,0.00033883,prefix_name,high,0.995
2006,2000,DAVIDSON,28 4 ANTIOCH CHURCH,1922,001860,0.00016081,prefix_name,high,0.995
2006,2000,DAVIDSON,28 4 ANTIOCH CHURCH,1922,001930,3.99e-06,prefix_name,high,0.995
2006,2000,DAVIDSON,28 5 APOLLO MID SCH,1920,001931,0.52863559,code_token_name,high,0.993
2006,2000,DAVIDSON,28 5 APOLLO MID SCH,1920,001930,0.32195152,code_token_name,high,0.993
2006,2000,DAVIDSON,28 5 APOLLO MID SCH,1920,001929,0.13584083,code_token_name,high,0.993
2006,2000,DAVIDSON,28 5 APOLLO MID SCH,1920,001939,0.01285441,code_token_name,high,0.993
2006,2000,DAVIDSON,28 5 APOLLO MID SCH,1920,001937,0.00039387,code_token_name,high,0.993
2006,2000,DAVIDSON,28 5 APOLLO MID SCH,1920,001945,0.00032378,code_token_name,high,0.993
2006,2000,DAVIDSON,29 1 PRIEST LAKE,1932,001949,0.62567153,code_token_name,high,0.993
2006,2000,DAVIDSON,29 1 PRIEST LAKE,1932,001934,0.21070401,code_token_name,high,0.993
2006,2000,DAVIDSON,29 1 PRIEST LAKE,1932,001950,0.13109701,code_token_name,high,0.993
2006,2000,DAVIDSON,29 1 PRIEST LAKE,1932,001935,0.03209278,code_token_name,high,0.993
2006,2000,DAVIDSON,29 1 PRIEST LAKE,1932,001933,0.00031494,code_token_name,high,0.993
2006,2000,DAVIDSON,29 1 PRIEST LAKE,1932,001944,0.00011973,code_token_name,high,0.993
2006,2000,DAVIDSON,29 2 LAKEVIEW SCHOOL,1932,001949,0.62567153,code_token_name,high,0.993
2006,2000,DAVIDSON,29 2 LAKEVIEW SCHOOL,1932,001934,0.21070401,code_token_name,high,0.993
2006,2000,DAVIDSON,29 2 LAKEVIEW SCHOOL,1932,001950,0.13109701,code_token_name,high,0.993
2006,2000,DAVIDSON,29 2 LAKEVIEW SCHOOL,1932,001935,0.03209278,code_token_name,high,0.993
2006,2000,DAVIDSON,29 2 LAKEVIEW SCHOOL,1932,001933,0.00031494,code_token_name,high,0.993
2006,2000,DAVIDSON,29 2 LAKEVIEW SCHOOL,1932,001944,0.00011973,code_token_name,high,0.993
2006,2000,DAVIDSON,29 3 HAMILTON UMC,1932,001949,0.62567153,code_token_name,high,0.993
2006,2000,DAVIDSON,29 3 HAMILTON UMC,1932,001934,0.21070401,code_token_name,high,0.993
2006,2000,DAVIDSON,29 3 HAMILTON UMC,1932,001950,0.13109701,code_token_name,high,0.993
2006,2000,DAVIDSON,29 3 HAMILTON UMC,1932,001935,0.03209278,code_token_name,high,0.993
2006,2000,DAVIDSON,29 3 HAMILTON UMC,1932,001933,0.00031494,code_token_name,high,0.993
2006,2000,DAVIDSON,29 3 HAMILTON UMC,1932,001944,0.00011973,code_token_name,high,0.993
2006,2000,DAVIDSON,29 4 SMITH SPRINGS,1932,001949,0.62567153,code_token_name,high,0.993
2006,2000,DAVIDSON,29 4 SMITH SPRINGS,1932,001934,0.21070401,code_token_name,high,0.993
2006,2000,DAVIDSON,29 4 SMITH SPRINGS,1932,001950,0.13109701,code_token_name,high,0.993
2006,2000,DAVIDSON,29 4 SMITH SPRINGS,1932,001935,0.03209278,code_token_name,high,0.993
2006,2000,DAVIDSON,29 4 SMITH SPRINGS,1932,001933,0.00031494,code_token_name,high,0.993
2006,2000,DAVIDSON,29 4 SMITH SPRINGS,1932,001944,0.00011973,code_token_name,high,0.993
2006,2000,DAVIDSON,30 1 HAYWOOD SCHOOL,1960,001926,0.80116931,code_token_name,high,0.993
2006,2000,DAVIDSON,30 1 HAYWOOD SCHOOL,1960,001939,0.19465858,code_token_name,high,0.993
2006,2000,DAVIDSON,30 1 HAYWOOD SCHOOL,1960,001941,0.00183317,code_token_name,high,0.993
2006,2000,DAVIDSON,30 1 HAYWOOD SCHOOL,1960,001938,0.00119294,code_token_name,high,0.993
2006,2000,DAVIDSON,30 1 HAYWOOD SCHOOL,1960,001940,0.00067932,code_token_name,high,0.993
2006,2000,DAVIDSON,30 1 HAYWOOD SCHOOL,1960,001928,0.00046667,code_token_name,high,0.993
2006,2000,DAVIDSON,30 2 HAYWOOD HILLS,1960,001926,0.80116931,code_token_name,high,0.993
2006,2000,DAVIDSON,30 2 HAYWOOD HILLS,1960,001939,0.19465858,code_token_name,high,0.993
2006,2000,DAVIDSON,30 2 HAYWOOD HILLS,1960,001941,0.00183317,code_token_name,high,0.993
2006,2000,DAVIDSON,30 2 HAYWOOD HILLS,1960,001938,0.00119294,code_token_name,high,0.993
2006,2000,DAVIDSON,30 2 HAYWOOD HILLS,1960,001940,0.00067932,code_token_name,high,0.993
2006,2000,DAVIDSON,30 2 HAYWOOD HILLS,1960,001928,0.00046667,code_token_name,high,0.993
2006,2000,DAVIDSON,30 3 GRACE COLE SCH,1960,001926,0.80116931,code_token_name,high,0.993
2006,2000,DAVIDSON,30 3 GRACE COLE SCH,1960,001939,0.19465858,code_token_name,high,0.993
2006,2000,DAVIDSON,30 3 GRACE COLE SCH,1960,001941,0.00183317,code_token_name,high,0.993
2006,2000,DAVIDSON,30 3 GRACE COLE SCH,1960,001938,0.00119294,code_token_name,high,0.993
2006,2000,DAVIDSON,30 3 GRACE COLE SCH,1960,001940,0.00067932,code_token_name,high,0.993
2006,2000,DAVIDSON,30 3 GRACE COLE SCH,1960,001928,0.00046667,code_token_name,high,0.993
2006,2000,DAVIDSON,30 4 TUSCULUM CHURCH,1960,001926,0.80116931,code_token_name,high,0.993
2006,2000,DAVIDSON,30 4 TUSCULUM CHURCH,1960,001939,0.19465858,code_token_name,high,0.993
2006,2000,DAVIDSON,30 4 TUSCULUM CHURCH,1960,001941,0.00183317,code_token_name,high,0.993
2006,2000,DAVIDSON,30 4 TUSCULUM CHURCH,1960,001938,0.00119294,code_token_name,high,0.993
2006,2000,DAVIDSON,30 4 TUSCULUM CHURCH,1960,001940,0.00067932,code_token_name,high,0.993
2006,2000,DAVIDSON,30 4 TUSCULUM CHURCH,1960,001928,0.00046667,code_token_name,high,0.993
2006,2000,DAVIDSON,31 1 WOODSON CHAPEL,1976,001820,0.79829165,code_token_name,high,0.993
2006,2000,DAVIDSON,31 1 WOODSON CHAPEL,1976,001818,0.20041205,code_token_name,high,0.993
2006,2000,DAVIDSON,31 1 WOODSON CHAPEL,1976,001942,0.00045243,code_token_name,high,0.993
2006,2000,DAVIDSON,31 1 WOODSON CHAPEL,1976,001927,0.00030891,code_token_name,high,0.993
2006,2000,DAVIDSON,31 1 WOODSON CHAPEL,1976,001819,0.00023183,code_token_name,high,0.993
2006,2000,DAVIDSON,31 1 WOODSON CHAPEL,1976,001943,0.00014621,code_token_name,high,0.993
2006,2000,DAVIDSON,31 1 WOODSON CHAPEL,1976,001926,0.00011648,code_token_name,high,0.993
2006,2000,DAVIDSON,31 1 WOODSON CHAPEL,1976,001941,3.281e-05,code_token_name,high,0.993
2006,2000,DAVIDSON,31 1 WOODSON CHAPEL,1976,001817,7.63e-06,code_token_name,high,0.993
2006,2000,DAVIDSON,31 2 WOODSON CHAPEL,1976,001820,0.79829165,code_token_name,high,0.993
2006,2000,DAVIDSON,31 2 WOODSON CHAPEL,1976,001818,0.20041205,code_token_name,high,0.993
2006,2000,DAVIDSON,31 2 WOODSON CHAPEL,1976,001942,0.00045243,code_token_name,high,0.993
2006,2000,DAVIDSON,31 2 WOODSON CHAPEL,1976,001927,0.00030891,code_token_name,high,0.993
2006,2000,DAVIDSON,31 2 WOODSON CHAPEL,1976,001819,0.00023183,code_token_name,high,0.993
2006,2000,DAVIDSON,31 2 WOODSON CHAPEL,1976,001943,0.00014621,code_token_name,high,0.993
2006,2000,DAVIDSON,31 2 WOODSON CHAPEL,1976,001926,0.00011648,code_token_name,high,0.993
2006,2000,DAVIDSON,31 2 WOODSON CHAPEL,1976,001941,3.281e-05,code_token_name,high,0.993
2006,2000,DAVIDSON,31 2 WOODSON CHAPEL,1976,001817,7.63e-06,code_token_name,high,0.993
2006,2000,DAVIDSON,31 3 OASIS WORSHIP,1976,001820,0.79829165,code_token_name,high,0.993
2006,2000,DAVIDSON,31 3 OASIS WORSHIP,1976,001818,0.20041205,code_token_name,high,0.993
2006,2000,DAVIDSON,31 3 OASIS WORSHIP,1976,001942,0.00045243,code_token_name,high,0.993
2006,2000,DAVIDSON,31 3 OASIS WORSHIP,1976,001927,0.00030891,code_token_name,high,0.993
2006,2000,DAVIDSON,31 3 OASIS WORSHIP,1976,001819,0.00023183,code_token_name,high,0.993
2006,2000,DAVIDSON,31 3 OASIS WORSHIP,1976,001943,0.00014621,code_token_name,high,0.993
2006,2000,DAVIDSON,31 3 OASIS WORSHIP,1976,001926,0.00011648,code_token_name,high,0.993
2006,2000,DAVIDSON,31 3 OASIS WORSHIP,1976,001941,3.281e-05,code_token_name,high,0.993
2006,2000,DAVIDSON,31 3 OASIS WORSHIP,1976,001817,7.63e-06,code_token_name,high,0.993
2006,2000,DAVIDSON,32 1 ANTIOCH UMC,1996,001817,0.67114007,code_token_name,high,0.993
2006,2000,DAVIDSON,32 1 ANTIOCH UMC,1996,001819,0.24392768,code_token_name,high,0.993
2006,2000,DAVIDSON,32 1 ANTIOCH UMC,1996,001956,0.04165563,code_token_name,high,0.993
2006,2000,DAVIDSON,32 1 ANTIOCH UMC,1996,001923,0.03469725,code_token_name,high,0.993
2006,2000,DAVIDSON,32 1 ANTIOCH UMC,1996,001927,0.0064523,code_token_name,high,0.993
2006,2000,DAVIDSON,32 1 ANTIOCH UMC,1996,001957,0.00138815,code_token_name,high,0.993
2006,2000,DAVIDSON,32 1 ANTIOCH UMC,1996,001820,0.00055729,code_token_name,high,0.993
2006,2000,DAVIDSON,32 1 ANTIOCH UMC,1996,001925,0.00018163,code_token_name,high,0.993
2006,2000,DAVIDSON,32 2 BELL ROAD BAPT,1996,001817,0.67114007,code_token_name,high,0.993
2006,2000,DAVIDSON,32 2 BELL ROAD BAPT,1996,001819,0.24392768,code_token_name,high,0.993
2006,2000,DAVIDSON,32 2 BELL ROAD BAPT,1996,001956,0.04165563,code_token_name,high,0.993
2006,2000,DAVIDSON,32 2 BELL ROAD BAPT,1996,001923,0.03469725,code_token_name,high,0.993
2006,2000,DAVIDSON,32 2 BELL ROAD BAPT,1996,001927,0.0064523,code_token_name,high,0.993
2006,2000,DAVIDSON,32 2 BELL ROAD BAPT,1996,001957,0.00138815,code_token_name,high,0.993
2006,2000,DAVIDSON,32 2 BELL ROAD BAPT,1996,001820,0.00055729,code_token_name,high,0.993
2006,2000,DAVIDSON,32 2 BELL ROAD BAPT,1996,001925,0.00018163,code_token_name,high,0.993
2006,2000,DAVIDSON,32 3 CANE RIDGE CC,1996,001817,0.67114007,code_token_name,high,0.993
2006,2000,DAVIDSON,32 3 CANE RIDGE CC,1996,001819,0.24392768,code_token_name,high,0.993
2006,2000,DAVIDSON,32 3 CANE RIDGE CC,1996,001956,0.04165563,code_token_name,high,0.993
2006,2000,DAVIDSON,32 3 CANE RIDGE CC,1996,001923,0.03469725,code_token_name,high,0.993
2006,2000,DAVIDSON,32 3 CANE RIDGE CC,1996,001927,0.0064523,code_token_name,high,0.993
2006,2000,DAVIDSON,32 3 CANE RIDGE CC,1996,001957,0.00138815,code_token_name,high,0.993
2006,2000,DAVIDSON,32 3 CANE RIDGE CC,1996,001820,0.00055729,code_token_name,high,0.993
2006,2000,DAVIDSON,32 3 CANE RIDGE CC,1996,001925,0.00018163,code_token_name,high,0.993
2006,2000,DAVIDSON,32 4 SPIRIT OF LIFE,1996,001817,0.67114007,code_token_name,high,0.993
2006,2000,DAVIDSON,32 4 SPIRIT OF LIFE,1996,001819,0.24392768,code_token_name,high,0.993
2006,2000,DAVIDSON,32 4 SPIRIT OF LIFE,1996,001956,0.04165563,code_token_name,high,0.993
2006,2000,DAVIDSON,32 4 SPIRIT OF LIFE,1996,001923,0.03469725,code_token_name,high,0.993
2006,2000,DAVIDSON,32 4 SPIRIT OF LIFE,1996,001927,0.0064523,code_token_name,high,0.993
2006,2000,DAVIDSON,32 4 SPIRIT OF LIFE,1996,001957,0.00138815,code_token_name,high,0.993
2006,2000,DAVIDSON,32 4 SPIRIT OF LIFE,1996,001820,0.00055729,code_token_name,high,0.993
2006,2000,DAVIDSON,32 4 SPIRIT OF LIFE,1996,001925,0.00018163,code_token_name,high,0.993
2006,2000,DAVIDSON,32 5 ANTIOCH MIDDLE,1996,001817,0.67114007,code_token_name,high,0.993
2006,2000,DAVIDSON,32 5 ANTIOCH MIDDLE,1996,001819,0.24392768,code_token_name,high,0.993
2006,2000,DAVIDSON,32 5 ANTIOCH MIDDLE,1996,001956,0.04165563,code_token_name,high,0.993
2006,2000,DAVIDSON,32 5 ANTIOCH MIDDLE,1996,001923,0.03469725,code_token_name,high,0.993
2006,2000,DAVIDSON,32 5 ANTIOCH MIDDLE,1996,001927,0.0064523,code_token_name,high,0.993
2006,2000,DAVIDSON,32 5 ANTIOCH MIDDLE,1996,001957,0.00138815,code_token_name,high,0.993
2006,2000,DAVIDSON,32 5 ANTIOCH MIDDLE,1996,001820,0.00055729,code_token_name,high,0.993
2006,2000,DAVIDSON,32 5 ANTIOCH MIDDLE,1996,001925,0.00018163,code_token_name,high,0.993
2006,2000,DAVIDSON,33 1 THE TUNE HOUSE,2016,001919,0.35135403,code_token_name,high,0.993
2006,2000,DAVIDSON,33 1 THE TUNE HOUSE,2016,001957,0.29107341,code_token_name,high,0.993
2006,2000,DAVIDSON,33 1 THE TUNE HOUSE,2016,001920,0.2874483,code_token_name,high,0.993
2006,2000,DAVIDSON,33 1 THE TUNE HOUSE,2016,001921,0.06871414,code_token_name,high,0.993
2006,2000,DAVIDSON,33 1 THE TUNE HOUSE,2016,001955,0.00120253,code_token_name,high,0.993
2006,2000,DAVIDSON,33 1 THE TUNE HOUSE,2016,001953,0.0002076,code_token_name,high,0.993
2006,2000,DAVIDSON,33 2 NEW ANTIOCH HS,2016,001919,0.35135403,code_token_name,high,0.993
2006,2000,DAVIDSON,33 2 NEW ANTIOCH HS,2016,001957,0.29107341,code_token_name,high,0.993
2006,2000,DAVIDSON,33 2 NEW ANTIOCH HS,2016,001920,0.2874483,code_token_name,high,0.993
2006,2000,DAVIDSON,33 2 NEW ANTIOCH HS,2016,001921,0.06871414,code_token_name,high,0.993
2006,2000,DAVIDSON,33 2 NEW ANTIOCH HS,2016,001955,0.00120253,code_token_name,high,0.993
2006,2000,DAVIDSON,33 2 NEW ANTIOCH HS,2016,001953,0.0002076,code_token_name,high,0.993
2006,2000,DAVIDSON,33 3 SE LIBRARY,2016,001919,0.35135403,code_token_name,high,0.993
2006,2000,DAVIDSON,33 3 SE LIBRARY,2016,001957,0.29107341,code_token_name,high,0.993
2006,2000,DAVIDSON,33 3 SE LIBRARY,2016,001920,0.2874483,code_token_name,high,0.993
2006,2000,DAVIDSON,33 3 SE LIBRARY,2016,001921,0.06871414,code_token_name,high,0.993
2006,2000,DAVIDSON,33 3 SE LIBRARY,2016,001955,0.00120253,code_token_name,high,0.993
2006,2000,DAVIDSON,33 3 SE LIBRARY,2016,001953,0.0002076,code_token_name,high,0.993
2006,2000,DAVIDSON,33 4 HICKORY HOLLOW,2016,001919,0.35135403,code_token_name,high,0.993
2006,2000,DAVIDSON,33 4 HICKORY HOLLOW,2016,001957,0.29107341,code_token_name,high,0.993
2006,2000,DAVIDSON,33 4 HICKORY HOLLOW,2016,001920,0.2874483,code_token_name,high,0.993
2006,2000,DAVIDSON,33 4 HICKORY HOLLOW,2016,001921,0.06871414,code_token_name,high,0.993
2006,2000,DAVIDSON,33 4 HICKORY HOLLOW,2016,001955,0.00120253,code_token_name,high,0.993
2006,2000,DAVIDSON,33 4 HICKORY HOLLOW,2016,001953,0.0002076,code_token_name,high,0.993
2006,2000,DAVIDSON,34 1 JULIA GREEN ES,2040,001910,0.99226181,code_token_name,high,0.993
2006,2000,DAVIDSON,34 1 JULIA GREEN ES,2040,001955,0.00423309,code_token_name,high,0.993
2006,2000,DAVIDSON,34 1 JULIA GREEN ES,2040,001917,0.00186922,code_token_name,high,0.993
2006,2000,DAVIDSON,34 1 JULIA GREEN ES,2040,001907,0.00078657,code_token_name,high,0.993
2006,2000,DAVIDSON,34 1 JULIA GREEN ES,2040,001909,0.0002907,code_token_name,high,0.993
2006,2000,DAVIDSON,34 1 JULIA GREEN ES,2040,001954,0.0002285,code_token_name,high,0.993
2006,2000,DAVIDSON,34 1 JULIA GREEN ES,2040,001953,0.00019814,code_token_name,high,0.993
2006,2000,DAVIDSON,34 1 JULIA GREEN ES,2040,001918,0.00010584,code_token_name,high,0.993
2006,2000,DAVIDSON,34 1 JULIA GREEN ES,2040,001913,2.614e-05,code_token_name,high,0.993
2006,2000,DAVIDSON,34 10 FOREST HILLS,2040,001910,0.99226181,code_token_name,high,0.993
2006,2000,DAVIDSON,34 10 FOREST HILLS,2040,001955,0.00423309,code_token_name,high,0.993
2006,2000,DAVIDSON,34 10 FOREST HILLS,2040,001917,0.00186922,code_token_name,high,0.993
2006,2000,DAVIDSON,34 10 FOREST HILLS,2040,001907,0.00078657,code_token_name,high,0.993
2006,2000,DAVIDSON,34 10 FOREST HILLS,2040,001909,0.0002907,code_token_name,high,0.993
2006,2000,DAVIDSON,34 10 FOREST HILLS,2040,001954,0.0002285,code_token_name,high,0.993
2006,2000,DAVIDSON,34 10 FOREST HILLS,2040,001953,0.00019814,code_token_name,high,0.993
2006,2000,DAVIDSON,34 10 FOREST HILLS,2040,001918,0.00010584,code_token_name,high,0.993
2006,2000,DAVIDSON,34 10 FOREST HILLS,2040,001913,2.614e-05,code_token_name,high,0.993
2006,2000,DAVIDSON,34 2 HILLSBORO PRES,2040,001910,0.99226181,code_token_name,high,0.993
2006,2000,DAVIDSON,34 2 HILLSBORO PRES,2040,001955,0.00423309,code_token_name,high,0.993
2006,2000,DAVIDSON,34 2 HILLSBORO PRES,2040,001917,0.00186922,code_token_name,high,0.993
2006,2000,DAVIDSON,34 2 HILLSBORO PRES,2040,001907,0.00078657,code_token_name,high,0.993
2006,2000,DAVIDSON,34 2 HILLSBORO PRES,2040,001909,0.0002907,code_token_name,high,0.993
2006,2000,DAVIDSON,34 2 HILLSBORO PRES,2040,001954,0.0002285,code_token_name,high,0.993
2006,2000,DAVIDSON,34 2 HILLSBORO PRES,2040,001953,0.00019814,code_token_name,high,0.993
2006,2000,DAVIDSON,34 2 HILLSBORO PRES,2040,001918,0.00010584,code_token_name,high,0.993
2006,2000,DAVIDSON,34 2 HILLSBORO PRES,2040,001913,2.614e-05,code_token_name,high,0.993
2006,2000,DAVIDSON,34 3 PERCY PRST SCH,2040,001910,0.99226181,code_token_name,high,0.993
2006,2000,DAVIDSON,34 3 PERCY PRST SCH,2040,001955,0.00423309,code_token_name,high,0.993
2006,2000,DAVIDSON,34 3 PERCY PRST SCH,2040,001917,0.00186922,code_token_name,high,0.993
2006,2000,DAVIDSON,34 3 PERCY PRST SCH,2040,001907,0.00078657,code_token_name,high,0.993
2006,2000,DAVIDSON,34 3 PERCY PRST SCH,2040,001909,0.0002907,code_token_name,high,0.993
2006,2000,DAVIDSON,34 3 PERCY PRST SCH,2040,001954,0.0002285,code_token_name,high,0.993
2006,2000,DAVIDSON,34 3 PERCY PRST SCH,2040,001953,0.00019814,code_token_name,high,0.993
2006,2000,DAVIDSON,34 3 PERCY PRST SCH,2040,001918,0.00010584,code_token_name,high,0.993
2006,2000,DAVIDSON,34 3 PERCY PRST SCH,2040,001913,2.614e-05,code_token_name,high,0.993
2006,2000,DAVIDSON,34 4 JOHN TROTWOOD,2040,001910,0.99226181,code_token_name,high,0.993
2006,2000,DAVIDSON,34 4 JOHN TROTWOOD,2040,001955,0.00423309,code_token_name,high,0.993
2006,2000,DAVIDSON,34 4 JOHN TROTWOOD,2040,001917,0.00186922,code_token_name,high,0.993
2006,2000,DAVIDSON,34 4 JOHN TROTWOOD,2040,001907,0.00078657,code_token_name,high,0.993
2006,2000,DAVIDSON,34 4 JOHN TROTWOOD,2040,001909,0.0002907,code_token_name,high,0.993
2006,2000,DAVIDSON,34 4 JOHN TROTWOOD,2040,001954,0.0002285,code_token_name,high,0.993
2006,2000,DAVIDSON,34 4 JOHN TROTWOOD,2040,001953,0.00019814,code_token_name,high,0.993
2006,2000,DAVIDSON,34 4 JOHN TROTWOOD,2040,001918,0.00010584,code_token_name,high,0.993
2006,2000,DAVIDSON,34 4 JOHN TROTWOOD,2040,001913,2.614e-05,code_token_name,high,0.993
2006,2000,DAVIDSON,34 5 BRENTWOOD HILLS,2040,001910,0.99226181,code_token_name,high,0.993
2006,2000,DAVIDSON,34 5 BRENTWOOD HILLS,2040,001955,0.00423309,code_token_name,high,0.993
2006,2000,DAVIDSON,34 5 BRENTWOOD HILLS,2040,001917,0.00186922,code_token_name,high,0.993
2006,2000,DAVIDSON,34 5 BRENTWOOD HILLS,2040,001907,0.00078657,code_token_name,high,0.993
2006,2000,DAVIDSON,34 5 BRENTWOOD HILLS,2040,001909,0.0002907,code_token_name,high,0.993
2006,2000,DAVIDSON,34 5 BRENTWOOD HILLS,2040,001954,0.0002285,code_token_name,high,0.993
2006,2000,DAVIDSON,34 5 BRENTWOOD HILLS,2040,001953,0.00019814,code_token_name,high,0.993
2006,2000,DAVIDSON,34 5 BRENTWOOD HILLS,2040,001918,0.00010584,code_token_name,high,0.993
2006,2000,DAVIDSON,34 5 BRENTWOOD HILLS,2040,001913,2.614e-05,code_token_name,high,0.993
2006,2000,DAVIDSON,34 6 JUDSON BAPT,2040,001910,0.99226181,code_token_name,high,0.993
2006,2000,DAVIDSON,34 6 JUDSON BAPT,2040,001955,0.00423309,code_token_name,high,0.993
2006,2000,DAVIDSON,34 6 JUDSON BAPT,2040,001917,0.00186922,code_token_name,high,0.993
2006,2000,DAVIDSON,34 6 JUDSON BAPT,2040,001907,0.00078657,code_token_name,high,0.993
2006,2000,DAVIDSON,34 6 JUDSON BAPT,2040,001909,0.0002907,code_token_name,high,0.993
2006,2000,DAVIDSON,34 6 JUDSON BAPT,2040,001954,0.0002285,code_token_name,high,0.993
2006,2000,DAVIDSON,34 6 JUDSON BAPT,2040,001953,0.00019814,code_token_name,high,0.993
2006,2000,DAVIDSON,34 6 JUDSON BAPT,2040,001918,0.00010584,code_token_name,high,0.993
2006,2000,DAVIDSON,34 6 JUDSON BAPT,2040,001913,2.614e-05,code_token_name,high,0.993
2006,2000,DAVIDSON,34 8 GLENDALE UMC,2040,001910,0.99226181,code_token_name,high,0.993
2006,2000,DAVIDSON,34 8 GLENDALE UMC,2040,001955,0.00423309,code_token_name,high,0.993
2006,2000,DAVIDSON,34 8 GLENDALE UMC,2040,001917,0.00186922,code_token_name,high,0.993
2006,2000,DAVIDSON,34 8 GLENDALE UMC,2040,001907,0.00078657,code_token_name,high,0.993
2006,2000,DAVIDSON,34 8 GLENDALE UMC,2040,001909,0.0002907,code_token_name,high,0.993
2006,2000,DAVIDSON,34 8 GLENDALE UMC,2040,001954,0.0002285,code_token_name,high,0.993
2006,2000,DAVIDSON,34 8 GLENDALE UMC,2040,001953,0.00019814,code_token_name,high,0.993
2006,2000,DAVIDSON,34 8 GLENDALE UMC,2040,001918,0.00010584,code_token_name,high,0.993
2006,2000,DAVIDSON,34 8 GLENDALE UMC,2040,001913,2.614e-05,code_token_name,high,0.993
2006,2000,DAVIDSON,34 9 CH OF REDEEMER,2040,001910,0.99226181,code_token_name,high,0.993
2006,2000,DAVIDSON,34 9 CH OF REDEEMER,2040,001955,0.00423309,code_token_name,high,0.993
2006,2000,DAVIDSON,34 9 CH OF REDEEMER,2040,001917,0.00186922,code_token_name,high,0.993
2006,2000,DAVIDSON,34 9 CH OF REDEEMER,2040,001907,0.00078657,code_token_name,high,0.993
2006,2000,DAVIDSON,34 9 CH OF REDEEMER,2040,001909,0.0002907,code_token_name,high,0.993
2006,2000,DAVIDSON,34 9 CH OF REDEEMER,2040,001954,0.0002285,code_token_name,high,0.993
2006,2000,DAVIDSON,34 9 CH OF REDEEMER,2040,001953,0.00019814,code_token_name,high,0.993
2006,2000,DAVIDSON,34 9 CH OF REDEEMER,2040,001918,0.00010584,code_token_name,high,0.993
2006,2000,DAVIDSON,34 9 CH OF REDEEMER,2040,001913,2.614e-05,code_token_name,high,0.993
2006,2000,DAVIDSON,35 1 GOWER SCHOOL,2068,001956,0.82686893,code_token_name,high,0.993
2006,2000,DAVIDSON,35 1 GOWER SCHOOL,2068,001909,0.15614689,code_token_name,high,0.993
2006,2000,DAVIDSON,35 1 GOWER SCHOOL,2068,001961,0.01036436,code_token_name,high,0.993
2006,2000,DAVIDSON,35 1 GOWER SCHOOL,2068,001906,0.00529108,code_token_name,high,0.993
2006,2000,DAVIDSON,35 1 GOWER SCHOOL,2068,001908,0.00089605,code_token_name,high,0.993
2006,2000,DAVIDSON,35 1 GOWER SCHOOL,2068,001954,0.0004327,code_token_name,high,0.993
2006,2000,DAVIDSON,35 2 SOUTH HARPETH,2068,001956,0.82686893,code_token_name,high,0.993
2006,2000,DAVIDSON,35 2 SOUTH HARPETH,2068,001909,0.15614689,code_token_name,high,0.993
2006,2000,DAVIDSON,35 2 SOUTH HARPETH,2068,001961,0.01036436,code_token_name,high,0.993
2006,2000,DAVIDSON,35 2 SOUTH HARPETH,2068,001906,0.00529108,code_token_name,high,0.993
2006,2000,DAVIDSON,35 2 SOUTH HARPETH,2068,001908,0.00089605,code_token_name,high,0.993
2006,2000,DAVIDSON,35 2 SOUTH HARPETH,2068,001954,0.0004327,code_token_name,high,0.993
2006,2000,DAVIDSON,35 3 HARPETH VALLEY,2068,001956,0.82686893,code_token_name,high,0.993
2006,2000,DAVIDSON,35 3 HARPETH VALLEY,2068,001909,0.15614689,code_token_name,high,0.993
2006,2000,DAVIDSON,35 3 HARPETH VALLEY,2068,001961,0.01036436,code_token_name,high,0.993
2006,2000,DAVIDSON,35 3 HARPETH VALLEY,2068,001906,0.00529108,code_token_name,high,0.993
2006,2000,DAVIDSON,35 3 HARPETH VALLEY,2068,001908,0.00089605,code_token_name,high,0.993
2006,2000,DAVIDSON,35 3 HARPETH VALLEY,2068,001954,0.0004327,code_token_name,high,0.993
2006,2000,DAVIDSON,35 4 BELLEVUE UMC,2068,001956,0.82686893,code_token_name,high,0.993
2006,2000,DAVIDSON,35 4 BELLEVUE UMC,2068,001909,0.15614689,code_token_name,high,0.993
2006,2000,DAVIDSON,35 4 BELLEVUE UMC,2068,001961,0.01036436,code_token_name,high,0.993
2006,2000,DAVIDSON,35 4 BELLEVUE UMC,2068,001906,0.00529108,code_token_name,high,0.993
2006,2000,DAVIDSON,35 4 BELLEVUE UMC,2068,001908,0.00089605,code_token_name,high,0.993
2006,2000,DAVIDSON,35 4 BELLEVUE UMC,2068,001954,0.0004327,code_token_name,high,0.993
2006,2000,DAVIDSON,35 5 JEWISH CC,2068,001956,0.82686893,code_token_name,high,0.993
2006,2000,DAVIDSON,35 5 JEWISH CC,2068,001909,0.15614689,code_token_name,high,0.993
2006,2000,DAVIDSON,35 5 JEWISH CC,2068,001961,0.01036436,code_token_name,high,0.993
2006,2000,DAVIDSON,35 5 JEWISH CC,2068,001906,0.00529108,code_token_name,high,0.993
2006,2000,DAVIDSON,35 5 JEWISH CC,2068,001908,0.00089605,code_token_name,high,0.993
2006,2000,DAVIDSON,35 5 JEWISH CC,2068,001954,0.0004327,code_token_name,high,0.993
2006,2000,DECATUR,1 1 DUNBAR,0001,0001,1.0,exact_name,high,1.0
2006,2000,DECATUR,1 2 DUNBAR,2216,002054,0.99940973,code_token_name,high,0.993
2006,2000,DECATUR,1 2 DUNBAR,2216,002052,0.00035286,code_token_name,high,0.993
2006,2000,DECATUR,1 2 DUNBAR,2216,002051,0.00012989,code_token_name,high,0.993
2006,2000,DECATUR,1 2 DUNBAR,2216,002060,0.00010753,code_token_name,high,0.993
2006,2000,DECATUR,2 1 LIBERTY,2224,002060,0.72002436,code_token_name,high,0.993
2006,2000,DECATUR,2 1 LIBERTY,2224,002054,0.27846641,code_token_name,high,0.993
2006,2000,DECATUR,2 1 LIBERTY,2224,002051,0.00150923,code_token_name,high,0.993
2006,2000,DECATUR,2 1 SCOTTS HILL,0002,0002,1.0,exact_name,high,1.0
2006,2000,DECATUR,3 1 BEACON,2232,002053,0.94948278,code_token_name,high,0.993
2006,2000,DECATUR,3 1 BEACON,2232,002063,0.04485115,code_token_name,high,0.993
2006,2000,DECATUR,3 1 BEACON,2232,002052,0.00447478,code_token_name,high,0.993
2006,2000,DECATUR,3 1 BEACON,2232,002056,0.0007128,code_token_name,high,0.993
2006,2000,DECATUR,3 1 BEACON,2232,002062,0.00029657,code_token_name,high,0.993
2006,2000,DECATUR,3 1 BEACON,2232,002055,0.0001011,code_token_name,high,0.993
2006,2000,DECATUR,3 1 BEACON,2232,002051,8.081e-05,code_token_name,high,0.993
2006,2000,DECATUR,3 1 DECATURVILLE,0003,0003,1.0,exact_name,high,1.0
2006,2000,DECATUR,3 2 BEACON,2232,002053,0.94948278,code_token_name,high,0.993
2006,2000,DECATUR,3 2 BEACON,2232,002063,0.04485115,code_token_name,high,0.993
2006,2000,DECATUR,3 2 BEACON,2232,002052,0.00447478,code_token_name,high,0.993
2006,2000,DECATUR,3 2 BEACON,2232,002056,0.0007128,code_token_name,high,0.993
2006,2000,DECATUR,3 2 BEACON,2232,002062,0.00029657,code_token_name,high,0.993
2006,2000,DECATUR,3 2 BEACON,2232,002055,0.0001011,code_token_name,high,0.993
2006,2000,DECATUR,3 2 BEACON,2232,002051,8.081e-05,code_token_name,high,0.993
2006,2000,DECATUR,3 2 DECATURVILLE,0003,0003,1.0,exact_name,high,1.0
2006,2000,DECATUR,4 1 DECATURVILLE,0004,0004,1.0,exact_name,high,1.0
2006,2000,DECATUR,4 2 DECATURVILLE,0004,0004,1.0,exact_name,high,1.0
2006,2000,DECATUR,5 1 PARSONS,0005,0005,1.0,exact_name,high,1.0
2006,2000,DECATUR,6 1 PARSONS,0006,0006,1.0,exact_name,high,1.0
2006,2000,DECATUR,6 2 PARSONS,2244,002056,0.99670539,code_token_name,high,0.993
2006,2000,DECATUR,6 2 PARSONS,2244,002053,0.00174092,code_token_name,high,0.993
2006,2000,DECATUR,6 2 PARSONS,2244,002063,0.00081659,code_token_name,high,0.993
2006,2000,DECATUR,6 2 PARSONS,2244,002055,0.00057509,code_token_name,high,0.993
2006,2000,DECATUR,6 2 PARSONS,2244,002058,0.00015673,code_token_name,high,0.993
2006,2000,DECATUR,6 2 PARSONS,2244,002061,5.29e-06,code_token_name,high,0.993
2006,2000,DECATUR,7 1 JEANETTE,2248,002057,0.89321244,code_token_name,high,0.993
2006,2000,DECATUR,7 1 JEANETTE,2248,002059,0.10646017,code_token_name,high,0.993
2006,2000,DECATUR,7 1 JEANETTE,2248,002062,0.00017654,code_token_name,high,0.993
2006,2000,DECATUR,7 1 JEANETTE,2248,002058,0.00015085,code_token_name,high,0.993
2006,2000,DECATUR,7 1 PERRYVILLE,2248,002057,0.89321244,code_token_name,high,0.993
2006,2000,DECATUR,7 1 PERRYVILLE,2248,002059,0.10646017,code_token_name,high,0.993
2006,2000,DECATUR,7 1 PERRYVILLE,2248,002062,0.00017654,code_token_name,high,0.993
2006,2000,DECATUR,7 1 PERRYVILLE,2248,002058,0.00015085,code_token_name,high,0.993
2006,2000,DECATUR,7 2 PERRYVILLE,2248,002057,0.89321244,code_token_name,high,0.993
2006,2000,DECATUR,7 2 PERRYVILLE,2248,002059,0.10646017,code_token_name,high,0.993
2006,2000,DECATUR,7 2 PERRYVILLE,2248,002062,0.00017654,code_token_name,high,0.993
2006,2000,DECATUR,7 2 PERRYVILLE,2248,002058,0.00015085,code_token_name,high,0.993
2006,2000,DECATUR,8 1 PARSONS,0008,0008,1.0,exact_name,high,1.0
2006,2000,DECATUR,9 1 BEACON,0009,0009,1.0,exact_name,high,1.0
2006,2000,DECATUR,9 1 HYDRO,2260,002061,0.82616133,code_token_name,high,0.993
2006,2000,DECATUR,9 1 HYDRO,2260,002063,0.17283971,code_token_name,high,0.993
2006,2000,DECATUR,9 1 HYDRO,2260,002058,0.00043438,code_token_name,high,0.993
2006,2000,DECATUR,9 1 HYDRO,2260,002059,0.00028751,code_token_name,high,0.993
2006,2000,DECATUR,9 1 HYDRO,2260,002056,0.00027707,code_token_name,high,0.993
2006,2000,DEKALB,1 1 ALEXANDRIA,2272,002158,0.9987123,exact_name,high,1.0
2006,2000,DEKALB,1 1 ALEXANDRIA,2272,002159,0.00098601,exact_name,high,1.0
2006,2000,DEKALB,1 1 ALEXANDRIA,2272,002160,0.00023318,exact_name,high,1.0
2006,2000,DEKALB,1 1 ALEXANDRIA,2272,002152,6.851e-05,exact_name,high,1.0
2006,2000,DEKALB,1 2 TEMPERENCE HALL,2276,002159,0.99874537,exact_name,high,1.0
2006,2000,DEKALB,1 2 TEMPERENCE HALL,2276,002158,0.00059042,exact_name,high,1.0
2006,2000,DEKALB,1 2 TEMPERENCE HALL,2276,002151,0.00028352,exact_name,high,1.0
2006,2000,DEKALB,1 2 TEMPERENCE HALL,2276,002153,0.00021274,exact_name,high,1.0
2006,2000,DEKALB,1 2 TEMPERENCE HALL,2276,002161,8.844e-05,exact_name,high,1.0
2006,2000,DEKALB,1 2 TEMPERENCE HALL,2276,002160,7.951e-05,exact_name,high,1.0
2006,2000,DEKALB,1 3 EDGAR EVINS PARK,2272,002158,0.9987123,code_token_name,high,0.993
2006,2000,DEKALB,1 3 EDGAR EVINS PARK,2272,002159,0.00098601,code_token_name,high,0.993
2006,2000,DEKALB,1 3 EDGAR EVINS PARK,2272,002160,0.00023318,code_token_name,high,0.993
2006,2000,DEKALB,1 3 EDGAR EVINS PARK,2272,002152,6.851e-05,code_token_name,high,0.993
2006,2000,DEKALB,2 1 LIBERTY,2284,002152,0.86786603,exact_name,high,1.0
2006,2000,DEKALB,2 1 LIBERTY,2284,002158,0.13105174,exact_name,high,1.0
2006,2000,DEKALB,2 1 LIBERTY,2284,002160,0.00108222,exact_name,high,1.0
2006,2000,DEKALB,2 2 DOWELLTOWN,2288,002160,0.99786905,exact_name,high,1.0
2006,2000,DEKALB,2 2 DOWELLTOWN,2288,002152,0.00093705,exact_name,high,1.0
2006,2000,DEKALB,2 2 DOWELLTOWN,2288,002161,0.00090127,exact_name,high,1.0
2006,2000,DEKALB,2 2 DOWELLTOWN,2288,002159,0.00016454,exact_name,high,1.0
2006,2000,DEKALB,2 2 DOWELLTOWN,2288,002158,0.0001281,exact_name,high,1.0
2006,2000,DEKALB,2 3 SNOWS HILL,2289,002161,0.78868743,exact_name,high,1.0
2006,2000,DEKALB,2 3 SNOWS HILL,2289,002159,0.20972973,exact_name,high,1.0
2006,2000,DEKALB,2 3 SNOWS HILL,2289,002153,0.0008199,exact_name,high,1.0
2006,2000,DEKALB,2 3 SNOWS HILL,2289,002160,0.00076294,exact_name,high,1.0
2006,2000,DEKALB,3 1 MIDDLE SCHOOL,2292,002153,0.83842477,code_token_name,high,0.993
2006,2000,DEKALB,3 1 MIDDLE SCHOOL,2292,002161,0.16024446,code_token_name,high,0.993
2006,2000,DEKALB,3 1 MIDDLE SCHOOL,2292,002155,0.00038238,code_token_name,high,0.993
2006,2000,DEKALB,3 1 MIDDLE SCHOOL,2292,002159,0.00029095,code_token_name,high,0.993
2006,2000,DEKALB,3 1 MIDDLE SCHOOL,2292,002151,0.00024845,code_token_name,high,0.993
2006,2000,DEKALB,3 1 MIDDLE SCHOOL,2292,002156,0.00020636,code_token_name,high,0.993
2006,2000,DEKALB,3 1 MIDDLE SCHOOL,2292,002160,0.00011567,code_token_name,high,0.993
2006,2000,DEKALB,3 1 MIDDLE SCHOOL,2292,002154,8.697e-05,code_token_name,high,0.993
2006,2000,DEKALB,4 1 CHERRY HILL,2300,002155,0.9990859,exact_name,high,1.0
2006,2000,DEKALB,4 1 CHERRY HILL,2300,002162,0.00073294,exact_name,high,1.0
2006,2000,DEKALB,4 1 CHERRY HILL,2300,002151,0.00018115,exact_name,high,1.0
2006,2000,DEKALB,4 2 ROCK CASTLE,2304,002162,0.99824217,exact_name,high,1.0
2006,2000,DEKALB,4 2 ROCK CASTLE,2304,002155,0.0012331,exact_name,high,1.0
2006,2000,DEKALB,4 2 ROCK CASTLE,2304,002164,0.00052473,exact_name,high,1.0
2006,2000,DEKALB,4 3 COURTHOUSE,2308,002155,0.89676942,exact_name,high,1.0
2006,2000,DEKALB,4 3 COURTHOUSE,2308,002153,0.10223729,exact_name,high,1.0
2006,2000,DEKALB,4 3 COURTHOUSE,2308,002162,0.00049919,exact_name,high,1.0
2006,2000,DEKALB,4 3 COURTHOUSE,2308,002157,0.0003115,exact_name,high,1.0
2006,2000,DEKALB,4 3 COURTHOUSE,2308,002164,0.00016922,exact_name,high,1.0
2006,2000,DEKALB,4 3 COURTHOUSE,2308,002151,1.312e-05,exact_name,high,1.0
2006,2000,DEKALB,4 3 COURTHOUSE,2308,002156,2.6e-07,exact_name,high,1.0
2006,2000,DEKALB,5 1 JOHNSON CHAPEL,2312,002164,0.99892867,exact_name,high,1.0
2006,2000,DEKALB,5 1 JOHNSON CHAPEL,2312,002162,0.00042064,exact_name,high,1.0
2006,2000,DEKALB,5 1 JOHNSON CHAPEL,2312,002157,0.00038916,exact_name,high,1.0
2006,2000,DEKALB,5 1 JOHNSON CHAPEL,2312,002155,0.00020941,exact_name,high,1.0
2006,2000,DEKALB,5 1 JOHNSON CHAPEL,2312,002165,5.212e-05,exact_name,high,1.0
2006,2000,DEKALB,5 2 ELEMENTARY SCH,2312,002164,0.99892867,code_token_name,high,0.993
2006,2000,DEKALB,5 2 ELEMENTARY SCH,2312,002162,0.00042064,code_token_name,high,0.993
2006,2000,DEKALB,5 2 ELEMENTARY SCH,2312,002157,0.00038916,code_token_name,high,0.993
2006,2000,DEKALB,5 2 ELEMENTARY SCH,2312,002155,0.00020941,code_token_name,high,0.993
2006,2000,DEKALB,5 2 ELEMENTARY SCH,2312,002165,5.212e-05,code_token_name,high,0.993
2006,2000,DEKALB,6 1 BELK,2320,002166,0.99872696,exact_name,high,1.0
2006,2000,DEKALB,6 1 BELK,2320,002165,0.00127304,exact_name,high,1.0
2006,2000,DEKALB,6 2 KELTONBURG,2324,002165,0.90019324,exact_name,high,1.0
2006,2000,DEKALB,6 2 KELTONBURG,2324,002157,0.09875315,exact_name,high,1.0
2006,2000,DEKALB,6 2 KELTONBURG,2324,002166,0.00088875,exact_name,high,1.0
2006,2000,DEKALB,6 2 KELTONBURG,2324,002154,0.00010864,exact_name,high,1.0
2006,2000,DEKALB,6 2 KELTONBURG,2324,002164,5.203e-05,exact_name,high,1.0
2006,2000,DEKALB,6 2 KELTONBURG,2324,002156,4.19e-06,exact_name,high,1.0
2006,2000,DEKALB,6 3 BLUE SPRINGS,2328,002154,0.84259895,exact_name,high,1.0
2006,2000,DEKALB,6 3 BLUE SPRINGS,2328,002157,0.08455181,exact_name,high,1.0
2006,2000,DEKALB,6 3 BLUE SPRINGS,2328,002161,0.05899777,exact_name,high,1.0
2006,2000,DEKALB,6 3 BLUE SPRINGS,2328,002153,0.01316262,exact_name,high,1.0
2006,2000,DEKALB,6 3 BLUE SPRINGS,2328,002160,0.00032659,exact_name,high,1.0
2006,2000,DEKALB,6 3 BLUE SPRINGS,2328,002165,0.00019219,exact_name,high,1.0
2006,2000,DEKALB,6 3 BLUE SPRINGS,2328,002156,0.00017007,exact_name,high,1.0
2006,2000,DEKALB,7 1 CHURCH OF CHRIST,0012,0012,1.0,exact_name,high,1.0
2006,2000,DICKSON,1 1 COUNTYCOURTHOUSE,2348,002263,0.52778571,code_token_name,high,0.993
2006,2000,DICKSON,1 1 COUNTYCOURTHOUSE,2348,002262,0.33024225,code_token_name,high,0.993
2006,2000,DICKSON,1 1 COUNTYCOURTHOUSE,2348,002264,0.08864692,code_token_name,high,0.993
2006,2000,DICKSON,1 1 COUNTYCOURTHOUSE,2348,002265,0.05289538,code_token_name,high,0.993
2006,2000,DICKSON,1 1 COUNTYCOURTHOUSE,2348,002261,0.00027983,code_token_name,high,0.993
2006,2000,DICKSON,1 1 COUNTYCOURTHOUSE,2348,002260,0.00014992,code_token_name,high,0.993
2006,2000,DICKSON,1 2 SYLVIA BAPTIST,2416,002262,0.86735838,exact_name,high,1.0
2006,2000,DICKSON,1 2 SYLVIA BAPTIST,2416,002263,0.13140412,exact_name,high,1.0
2006,2000,DICKSON,1 2 SYLVIA BAPTIST,2416,002259,0.00088735,exact_name,high,1.0
2006,2000,DICKSON,1 2 SYLVIA BAPTIST,2416,002258,0.00024215,exact_name,high,1.0
2006,2000,DICKSON,1 2 SYLVIA BAPTIST,2416,002260,7.05e-05,exact_name,high,1.0
2006,2000,DICKSON,1 2 SYLVIA BAPTIST,2416,002264,3.751e-05,exact_name,high,1.0
2006,2000,DICKSON,10 1 DICKSON MIDDLE,2380,002265,0.99915308,code_token_name,high,0.993
2006,2000,DICKSON,10 1 DICKSON MIDDLE,2380,002264,0.00045177,code_token_name,high,0.993
2006,2000,DICKSON,10 1 DICKSON MIDDLE,2380,002263,0.00018183,code_token_name,high,0.993
2006,2000,DICKSON,10 1 DICKSON MIDDLE,2380,002261,0.00014375,code_token_name,high,0.993
2006,2000,DICKSON,10 1 DICKSON MIDDLE,2380,002266,6.01e-05,code_token_name,high,0.993
2006,2000,DICKSON,10 1 DICKSON MIDDLE,2380,002267,9.48e-06,code_token_name,high,0.993
2006,2000,DICKSON,11 1 NEW HOPE BAPT,2356,002266,0.9989924,code_token_name,high,0.993
2006,2000,DICKSON,11 1 NEW HOPE BAPT,2356,002267,0.00042741,code_token_name,high,0.993
2006,2000,DICKSON,11 1 NEW HOPE BAPT,2356,002265,0.00036288,code_token_name,high,0.993
2006,2000,DICKSON,11 1 NEW HOPE BAPT,2356,002255,0.00021525,code_token_name,high,0.993
2006,2000,DICKSON,11 1 NEW HOPE BAPT,2356,002252,2.06e-06,code_token_name,high,0.993
2006,2000,DICKSON,12 1 CATFISH KITCHEN,2340,002265,0.88229676,code_token_name,high,0.993
2006,2000,DICKSON,12 1 CATFISH KITCHEN,2340,002254,0.07545373,code_token_name,high,0.993
2006,2000,DICKSON,12 1 CATFISH KITCHEN,2340,002253,0.02299319,code_token_name,high,0.993
2006,2000,DICKSON,12 1 CATFISH KITCHEN,2340,002266,0.01838764,code_token_name,high,0.993
2006,2000,DICKSON,12 1 CATFISH KITCHEN,2340,002252,0.00057164,code_token_name,high,0.993
2006,2000,DICKSON,12 1 CATFISH KITCHEN,2340,002261,0.00029703,code_token_name,high,0.993
2006,2000,DICKSON,12 2 EASTSIDE STUART,2364,002251,0.99956949,exact_name,high,1.0
2006,2000,DICKSON,12 2 EASTSIDE STUART,2364,002253,0.00043051,exact_name,high,1.0
2006,2000,DICKSON,12 3 WHITE BLUFF CC,2340,002265,0.88229676,code_token_name,high,0.993
2006,2000,DICKSON,12 3 WHITE BLUFF CC,2340,002254,0.07545373,code_token_name,high,0.993
2006,2000,DICKSON,12 3 WHITE BLUFF CC,2340,002253,0.02299319,code_token_name,high,0.993
2006,2000,DICKSON,12 3 WHITE BLUFF CC,2340,002266,0.01838764,code_token_name,high,0.993
2006,2000,DICKSON,12 3 WHITE BLUFF CC,2340,002252,0.00057164,code_token_name,high,0.993
2006,2000,DICKSON,12 3 WHITE BLUFF CC,2340,002261,0.00029703,code_token_name,high,0.993
2006,2000,DICKSON,2 1 ENO CC,2368,002257,0.94628267,code_token_name,high,0.993
2006,2000,DICKSON,2 1 ENO CC,2368,002256,0.0535996,code_token_name,high,0.993
2006,2000,DICKSON,2 1 ENO CC,2368,002264,0.00011774,code_token_name,high,0.993
2006,2000,DICKSON,2 2 TENNESSEE CITY,2368,002257,0.94628267,code_token_name,high,0.993
2006,2000,DICKSON,2 2 TENNESSEE CITY,2368,002256,0.0535996,code_token_name,high,0.993
2006,2000,DICKSON,2 2 TENNESSEE CITY,2368,002264,0.00011774,code_token_name,high,0.993
2006,2000,DICKSON,3 1 CUMBERLAND FCE,2360,002259,0.65477656,code_token_name,high,0.993
2006,2000,DICKSON,3 1 CUMBERLAND FCE,2360,002260,0.34505349,code_token_name,high,0.993
2006,2000,DICKSON,3 1 CUMBERLAND FCE,2360,002262,0.00016409,code_token_name,high,0.993
2006,2000,DICKSON,3 1 CUMBERLAND FCE,2360,002263,5.86e-06,code_token_name,high,0.993
2006,2000,DICKSON,3 2 VANLEER TOWN,2360,002259,0.65477656,code_token_name,high,0.993
2006,2000,DICKSON,3 2 VANLEER TOWN,2360,002260,0.34505349,code_token_name,high,0.993
2006,2000,DICKSON,3 2 VANLEER TOWN,2360,002262,0.00016409,code_token_name,high,0.993
2006,2000,DICKSON,3 2 VANLEER TOWN,2360,002263,5.86e-06,code_token_name,high,0.993
2006,2000,DICKSON,4 1 JACKSON CHAPEL,2372,002260,0.79734034,code_token_name,high,0.993
2006,2000,DICKSON,4 1 JACKSON CHAPEL,2372,002261,0.18401679,code_token_name,high,0.993
2006,2000,DICKSON,4 1 JACKSON CHAPEL,2372,002263,0.01864287,code_token_name,high,0.993
2006,2000,DICKSON,5 1 WILLIAM JAMES,2352,002261,0.99931859,code_token_name,high,0.993
2006,2000,DICKSON,5 1 WILLIAM JAMES,2352,002260,0.00068141,code_token_name,high,0.993
2006,2000,DICKSON,6 1 BURNS TOWN HALL,2344,002252,0.44386346,code_token_name,high,0.993
2006,2000,DICKSON,6 1 BURNS TOWN HALL,2344,002251,0.34518049,code_token_name,high,0.993
2006,2000,DICKSON,6 1 BURNS TOWN HALL,2344,002255,0.20853512,code_token_name,high,0.993
2006,2000,DICKSON,6 1 BURNS TOWN HALL,2344,002266,0.00127709,code_token_name,high,0.993
2006,2000,DICKSON,6 1 BURNS TOWN HALL,2344,002265,0.00061075,code_token_name,high,0.993
2006,2000,DICKSON,6 1 BURNS TOWN HALL,2344,002253,0.00053309,code_token_name,high,0.993
2006,2000,DICKSON,6 2 PORTER CC,2344,002252,0.44386346,code_token_name,high,0.993
2006,2000,DICKSON,6 2 PORTER CC,2344,002251,0.34518049,code_token_name,high,0.993
2006,2000,DICKSON,6 2 PORTER CC,2344,002255,0.20853512,code_token_name,high,0.993
2006,2000,DICKSON,6 2 PORTER CC,2344,002266,0.00127709,code_token_name,high,0.993
2006,2000,DICKSON,6 2 PORTER CC,2344,002265,0.00061075,code_token_name,high,0.993
2006,2000,DICKSON,6 2 PORTER CC,2344,002253,0.00053309,code_token_name,high,0.993
2006,2000,DICKSON,7 1 POMONA TN TECH,2388,002255,0.70688433,code_token_name,high,0.993
2006,2000,DICKSON,7 1 POMONA TN TECH,2388,002256,0.29309406,code_token_name,high,0.993
2006,2000,DICKSON,7 1 POMONA TN TECH,2388,002267,2.045e-05,code_token_name,high,0.993
2006,2000,DICKSON,7 1 POMONA TN TECH,2388,002251,1.16e-06,code_token_name,high,0.993
2006,2000,DICKSON,8 1 SENIOR CITIZEN,2392,002256,0.66299884,code_token_name,high,0.993
2006,2000,DICKSON,8 1 SENIOR CITIZEN,2392,002267,0.33353375,code_token_name,high,0.993
2006,2000,DICKSON,8 1 SENIOR CITIZEN,2392,002255,0.00198281,code_token_name,high,0.993
2006,2000,DICKSON,8 1 SENIOR CITIZEN,2392,002257,0.00124469,code_token_name,high,0.993
2006,2000,DICKSON,8 1 SENIOR CITIZEN,2392,002266,0.00013088,code_token_name,high,0.993
2006,2000,DICKSON,8 1 SENIOR CITIZEN,2392,002264,0.00010623,code_token_name,high,0.993
2006,2000,DICKSON,8 1 SENIOR CITIZEN,2392,002265,2.79e-06,code_token_name,high,0.993
2006,2000,DICKSON,9 1 SUPT OFFICE,2408,002264,0.99904249,code_token_name,high,0.993
2006,2000,DICKSON,9 1 SUPT OFFICE,2408,002262,0.00058031,code_token_name,high,0.993
2006,2000,DICKSON,9 1 SUPT OFFICE,2408,002265,0.00017189,code_token_name,high,0.993
2006,2000,DICKSON,9 1 SUPT OFFICE,2408,002257,0.00011429,code_token_name,high,0.993
2006,2000,DICKSON,9 1 SUPT OFFICE,2408,002258,4.641e-05,code_token_name,high,0.993
2006,2000,DICKSON,9 1 SUPT OFFICE,2408,002267,2.302e-05,code_token_name,high,0.993
2006,2000,DICKSON,9 1 SUPT OFFICE,2408,002263,2.159e-05,code_token_name,high,0.993
2006,2000,DYER,A1 BONICORD,0001,0001,1.0,exact_name,high,1.0
2006,2000,DYER,A2 FOWLKES,0002,0002,1.0,exact_name,high,1.0
2006,2000,DYER,B NEWBERN,2500,002353,0.37953696,exact_name,high,1.0
2006,2000,DYER,B NEWBERN,2500,002358,0.29188847,exact_name,high,1.0
2006,2000,DYER,B NEWBERN,2500,002356,0.2578039,exact_name,high,1.0
2006,2000,DYER,B NEWBERN,2500,002355,0.03557128,exact_name,high,1.0
2006,2000,DYER,B NEWBERN,2500,002354,0.02758961,exact_name,high,1.0
2006,2000,DYER,B NEWBERN,2500,002365,0.00759466,exact_name,high,1.0
2006,2000,DYER,B NEWBERN,2500,002363,1.511e-05,exact_name,high,1.0
2006,2000,DYER,C1 TATUMVILLE,0004,0004,1.0,exact_name,high,1.0
2006,2000,DYER,C2 TRIMBLE,0005,0005,1.0,exact_name,high,1.0
2006,2000,DYER,D1 MILLSFIELD,0006,0006,1.0,exact_name,high,1.0
2006,2000,DYER,D2 BOGOTA,0007,0007,1.0,exact_name,high,1.0
2006,2000,DYER,E1 FINLEY,0008,0008,1.0,exact_name,high,1.0
2006,2000,DYER,E2 LENOX,0009,0009,1.0,exact_name,high,1.0
2006,2000,DYER,G COURTHOUSE,2468,002362,0.97412937,exact_name,high,1.0
2006,2000,DYER,G COURTHOUSE,2468,002361,0.01375459,exact_name,high,1.0
2006,2000,DYER,G COURTHOUSE,2468,002364,0.00979329,exact_name,high,1.0
2006,2000,DYER,G COURTHOUSE,2468,002366,0.00232274,exact_name,high,1.0
2006,2000,DYER,H E DYERSBURG,2492,002363,0.95173708,exact_name,high,1.0
2006,2000,DYER,H E DYERSBURG,2492,002361,0.03162242,exact_name,high,1.0
2006,2000,DYER,H E DYERSBURG,2492,002351,0.0163345,exact_name,high,1.0
2006,2000,DYER,H E DYERSBURG,2492,002364,0.000306,exact_name,high,1.0
2006,2000,DYER,I1 COMMUNITY CENTER,0013,0013,1.0,exact_name,high,1.0
2006,2000,DYER,I2 HURRICANE HILL,0014,0014,1.0,exact_name,high,1.0
2006,2000,DYER,J NORTH DYERSBURG,0015,0015,1.0,exact_name,high,1.0
2006,2000,FAYETTE,BRADEN,0004,0004,1.0,exact_name,high,1.0
2006,2000,FAYETTE,ELBA,0008,0008,1.0,exact_name,high,1.0
2006,2000,FAYETTE,FAYETTE CORNER,0002,0002,1.0,exact_name,high,1.0
2006,2000,FAYETTE,GALLAWAY,0005,0005,1.0,exact_name,high,1.0
2006,2000,FAYETTE,GARNETT,0003,0003,1.0,exact_name,high,1.0
2006,2000,FAYETTE,HICKORY WITHE,0007,0007,1.0,exact_name,high,1.0
2006,2000,FAYETTE,LAGRANGE,0015,0015,1.0,exact_name,high,1.0
2006,2000,FAYETTE,MACON,0011,0011,1.0,exact_name,high,1.0
2006,2000,FAYETTE,MOSCOW,0013,0013,1.0,exact_name,high,1.0
2006,2000,FAYETTE,PARKS,0014,0014,1.0,exact_name,high,1.0
2006,2000,FAYETTE,PIPERTON,0009,0009,1.0,exact_name,high,1.0
2006,2000,FAYETTE,ROSSVILLE,0010,0010,1.0,exact_name,high,1.0
2006,2000,FAYETTE,WILLISTON,0012,0012,1.0,exact_name,high,1.0
2006,2000,FENTRESS,ALLARDT,2652,002553,0.99242469,exact_name,high,1.0
2006,2000,FENTRESS,ALLARDT,2652,002561,0.00472948,exact_name,high,1.0
2006,2000,FENTRESS,ALLARDT,2652,002557,0.00113492,exact_name,high,1.0
2006,2000,FENTRESS,ALLARDT,2652,002555,0.00094731,exact_name,high,1.0
2006,2000,FENTRESS,ALLARDT,2652,002551,0.0007636,exact_name,high,1.0
2006,2000,FENTRESS,ARMATHWAITE,2656,002551,0.99870681,exact_name,high,1.0
2006,2000,FENTRESS,ARMATHWAITE,2656,002555,0.00069971,exact_name,high,1.0
2006,2000,FENTRESS,ARMATHWAITE,2656,002553,0.00059349,exact_name,high,1.0
2006,2000,FENTRESS,BANNER SPRINGS,2644,002552,0.7727818,exact_name,high,1.0
2006,2000,FENTRESS,BANNER SPRINGS,2644,002562,0.22714447,exact_name,high,1.0
2006,2000,FENTRESS,BANNER SPRINGS,2644,002556,7.374e-05,exact_name,high,1.0
2006,2000,FENTRESS,CLARKRANGE,2640,002556,0.53719613,exact_name,high,1.0
2006,2000,FENTRESS,CLARKRANGE,2640,002562,0.3283802,exact_name,high,1.0
2006,2000,FENTRESS,CLARKRANGE,2640,002552,0.13418321,exact_name,high,1.0
2006,2000,FENTRESS,CLARKRANGE,2640,002560,0.00024047,exact_name,high,1.0
2006,2000,FENTRESS,COMMUNITY CENTER,2608,002557,0.99540205,exact_name,high,1.0
2006,2000,FENTRESS,COMMUNITY CENTER,2608,002555,0.00223613,exact_name,high,1.0
2006,2000,FENTRESS,COMMUNITY CENTER,2608,002553,0.00120449,exact_name,high,1.0
2006,2000,FENTRESS,COMMUNITY CENTER,2608,002558,0.00043518,exact_name,high,1.0
2006,2000,FENTRESS,COMMUNITY CENTER,2608,002554,0.0003801,exact_name,high,1.0
2006,2000,FENTRESS,COMMUNITY CENTER,2608,002561,0.00034205,exact_name,high,1.0
2006,2000,FENTRESS,COURTHOUSE,2612,002554,0.99765638,exact_name,high,1.0
2006,2000,FENTRESS,COURTHOUSE,2612,002557,0.0013776,exact_name,high,1.0
2006,2000,FENTRESS,COURTHOUSE,2612,002558,0.00096602,exact_name,high,1.0
2006,2000,FENTRESS,CROSSROADS,2616,002558,0.98939282,exact_name,high,1.0
2006,2000,FENTRESS,CROSSROADS,2616,002557,0.00770111,exact_name,high,1.0
2006,2000,FENTRESS,CROSSROADS,2616,002560,0.00114876,exact_name,high,1.0
2006,2000,FENTRESS,CROSSROADS,2616,002559,0.00104061,exact_name,high,1.0
2006,2000,FENTRESS,CROSSROADS,2616,002554,0.00047712,exact_name,high,1.0
2006,2000,FENTRESS,CROSSROADS,2616,002555,0.00015879,exact_name,high,1.0
2006,2000,FENTRESS,CROSSROADS,2616,002563,8.079e-05,exact_name,high,1.0
2006,2000,FENTRESS,GRIMSLEY,2632,002562,0.7963284,exact_name,high,1.0
2006,2000,FENTRESS,GRIMSLEY,2632,002553,0.13983361,exact_name,high,1.0
2006,2000,FENTRESS,GRIMSLEY,2632,002561,0.06347393,exact_name,high,1.0
2006,2000,FENTRESS,GRIMSLEY,2632,002560,0.00031857,exact_name,high,1.0
2006,2000,FENTRESS,GRIMSLEY,2632,002556,4.548e-05,exact_name,high,1.0
2006,2000,FENTRESS,PALL MALL,2620,002559,0.99914724,exact_name,high,1.0
2006,2000,FENTRESS,PALL MALL,2620,002563,0.00034277,exact_name,high,1.0
2006,2000,FENTRESS,PALL MALL,2620,002558,0.00026438,exact_name,high,1.0
2006,2000,FENTRESS,PALL MALL,2620,002560,0.0002456,exact_name,high,1.0
2006,2000,FENTRESS,PINE HAVEN,2648,002555,0.79241732,exact_name,high,1.0
2006,2000,FENTRESS,PINE HAVEN,2648,002563,0.20455614,exact_name,high,1.0
2006,2000,FENTRESS,PINE HAVEN,2648,002558,0.00158609,exact_name,high,1.0
2006,2000,FENTRESS,PINE HAVEN,2648,002559,0.00057612,exact_name,high,1.0
2006,2000,FENTRESS,PINE HAVEN,2648,002557,0.00038951,exact_name,high,1.0
2006,2000,FENTRESS,PINE HAVEN,2648,002553,0.00024737,exact_name,high,1.0
2006,2000,FENTRESS,PINE HAVEN,2648,002551,0.00022744,exact_name,high,1.0
2006,2000,FENTRESS,SHIRLEY,2636,002553,0.53362259,exact_name,high,1.0
2006,2000,FENTRESS,SHIRLEY,2636,002551,0.38230098,exact_name,high,1.0
2006,2000,FENTRESS,SHIRLEY,2636,002561,0.08407643,exact_name,high,1.0
2006,2000,FENTRESS,WEST FENTRESS,2624,002560,0.99916359,exact_name,high,1.0
2006,2000,FENTRESS,WEST FENTRESS,2624,002562,0.00036744,exact_name,high,1.0
2006,2000,FENTRESS,WEST FENTRESS,2624,002558,0.00024735,exact_name,high,1.0
2006,2000,FENTRESS,WEST FENTRESS,2624,002559,0.00021317,exact_name,high,1.0
2006,2000,FENTRESS,WEST FENTRESS,2624,002561,8.45e-06,exact_name,high,1.0
2006,2000,FENTRESS,YORK ELEMENTARY,2628,002561,0.7656959,exact_name,high,1.0
2006,2000,FENTRESS,YORK ELEMENTARY,2628,002558,0.11945186,exact_name,high,1.0
2006,2000,FENTRESS,YORK ELEMENTARY,2628,002554,0.11292038,exact_name,high,1.0
2006,2000,FENTRESS,YORK ELEMENTARY,2628,002553,0.00085905,exact_name,high,1.0
2006,2000,FENTRESS,YORK ELEMENTARY,2628,002562,0.00084976,exact_name,high,1.0
2006,2000,FENTRESS,YORK ELEMENTARY,2628,002560,0.00021793,exact_name,high,1.0
2006,2000,FENTRESS,YORK ELEMENTARY,2628,002557,5.13e-06,exact_name,high,1.0
2006,2000,FRANKLIN,1 1 COURTHOUSE,0001,0001,1.0,code_token_name,high,0.993
2006,2000,FRANKLIN,2 1 CLARK MEMORIAL,0002,0002,1.0,exact_name,high,1.0
2006,2000,FRANKLIN,3 1 BROADVIEW,0003,0003,1.0,exact_name,high,1.0
2006,2000,FRANKLIN,3 2 HUNTLAND,0004,0004,1.0,exact_name,high,1.0
2006,2000,FRANKLIN,3 3 OLD SALEM,0003,0003,1.0,code_token_name,high,0.993
2006,2000,FRANKLIN,4 1 BELVIDERE,0006,0006,1.0,exact_name,high,1.0
2006,2000,FRANKLIN,4 2 COWAN,0007,0007,1.0,exact_name,high,1.0
2006,2000,FRANKLIN,4 3 LIBERTY,0008,0008,1.0,exact_name,high,1.0
2006,2000,FRANKLIN,5 1 KEITH SPRINGS,0009,0009,1.0,exact_name,high,1.0
2006,2000,FRANKLIN,5 2 SEWANEE,0010,0010,1.0,exact_name,high,1.0
2006,2000,FRANKLIN,5 3 SHERWOOD,0011,0011,1.0,exact_name,high,1.0
2006,2000,FRANKLIN,6 1 ALTO OAK GROVE,0012,0012,1.0,exact_name,high,1.0
2006,2000,FRANKLIN,6 2 CAPITOL HILL,0013,0013,1.0,exact_name,high,1.0
2006,2000,FRANKLIN,6 3 UTSI,0014,0014,1.0,exact_name,high,1.0
2006,2000,FRANKLIN,7 1 NORTH LAKE,0015,0015,1.0,exact_name,high,1.0
2006,2000,FRANKLIN,7 2 WINCHESTER SPGS,0015,0015,1.0,code_token_name,high,0.993
2006,2000,FRANKLIN,8 1 DECHERD,0017,0017,1.0,exact_name,high,1.0
2006,2000,FRANKLIN,8 2 ESTILL SPRINGS,0018,0018,1.0,exact_name,high,1.0
2006,2000,GIBSON,1 1 MEDINA CIVIC,2780,002759,0.66397869,code_token_name,high,0.993
2006,2000,GIBSON,1 1 MEDINA CIVIC,2780,002753,0.31928196,code_token_name,high,0.993
2006,2000,GIBSON,1 1 MEDINA CIVIC,2780,002752,0.00878485,code_token_name,high,0.993
2006,2000,GIBSON,1 1 MEDINA CIVIC,2780,002764,0.00788659,code_token_name,high,0.993
2006,2000,GIBSON,1 1 MEDINA CIVIC,2780,002751,5.72e-05,code_token_name,high,0.993
2006,2000,GIBSON,1 1 MEDINA CIVIC,2780,002754,1.03e-05,code_token_name,high,0.993
2006,2000,GIBSON,1 1 MEDINA CIVIC,2780,002758,3.9e-07,code_token_name,high,0.993
2006,2000,GIBSON,1 2 SITKA CC,2780,002759,0.66397869,code_token_name,high,0.993
2006,2000,GIBSON,1 2 SITKA CC,2780,002753,0.31928196,code_token_name,high,0.993
2006,2000,GIBSON,1 2 SITKA CC,2780,002752,0.00878485,code_token_name,high,0.993
2006,2000,GIBSON,1 2 SITKA CC,2780,002764,0.00788659,code_token_name,high,0.993
2006,2000,GIBSON,1 2 SITKA CC,2780,002751,5.72e-05,code_token_name,high,0.993
2006,2000,GIBSON,1 2 SITKA CC,2780,002754,1.03e-05,code_token_name,high,0.993
2006,2000,GIBSON,1 2 SITKA CC,2780,002758,3.9e-07,code_token_name,high,0.993
2006,2000,GIBSON,1 3 SOUTH GIBSON,2868,002751,0.59717108,exact_name,high,1.0
2006,2000,GIBSON,1 3 SOUTH GIBSON,2868,002755,0.3342147,exact_name,high,1.0
2006,2000,GIBSON,1 3 SOUTH GIBSON,2868,002754,0.06846033,exact_name,high,1.0
2006,2000,GIBSON,1 3 SOUTH GIBSON,2868,002753,0.00011359,exact_name,high,1.0
2006,2000,GIBSON,1 3 SOUTH GIBSON,2868,002752,4.03e-05,exact_name,high,1.0
2006,2000,GIBSON,1 4 GIBSON MUNICIPAL,2780,002759,0.66397869,code_token_name,high,0.993
2006,2000,GIBSON,1 4 GIBSON MUNICIPAL,2780,002753,0.31928196,code_token_name,high,0.993
2006,2000,GIBSON,1 4 GIBSON MUNICIPAL,2780,002752,0.00878485,code_token_name,high,0.993
2006,2000,GIBSON,1 4 GIBSON MUNICIPAL,2780,002764,0.00788659,code_token_name,high,0.993
2006,2000,GIBSON,1 4 GIBSON MUNICIPAL,2780,002751,5.72e-05,code_token_name,high,0.993
2006,2000,GIBSON,1 4 GIBSON MUNICIPAL,2780,002754,1.03e-05,code_token_name,high,0.993
2006,2000,GIBSON,1 4 GIBSON MUNICIPAL,2780,002758,3.9e-07,code_token_name,high,0.993
2006,2000,GIBSON,1 5 HUMBOLDT AIRPORT,2780,002759,0.66397869,code_token_name,high,0.993
2006,2000,GIBSON,1 5 HUMBOLDT AIRPORT,2780,002753,0.31928196,code_token_name,high,0.993
2006,2000,GIBSON,1 5 HUMBOLDT AIRPORT,2780,002752,0.00878485,code_token_name,high,0.993
2006,2000,GIBSON,1 5 HUMBOLDT AIRPORT,2780,002764,0.00788659,code_token_name,high,0.993
2006,2000,GIBSON,1 5 HUMBOLDT AIRPORT,2780,002751,5.72e-05,code_token_name,high,0.993
2006,2000,GIBSON,1 5 HUMBOLDT AIRPORT,2780,002754,1.03e-05,code_token_name,high,0.993
2006,2000,GIBSON,1 5 HUMBOLDT AIRPORT,2780,002758,3.9e-07,code_token_name,high,0.993
2006,2000,GIBSON,10 TRENTON CITY HALL,2876,002763,0.99437172,code_token_name,high,0.993
2006,2000,GIBSON,10 TRENTON CITY HALL,2876,002759,0.00542936,code_token_name,high,0.993
2006,2000,GIBSON,10 TRENTON CITY HALL,2876,002762,0.00019891,code_token_name,high,0.993
2006,2000,GIBSON,11 1 CONCORD,2748,002765,0.43869575,exact_name,high,1.0
2006,2000,GIBSON,11 1 CONCORD,2748,002764,0.32644282,exact_name,high,1.0
2006,2000,GIBSON,11 1 CONCORD,2748,002775,0.20776014,exact_name,high,1.0
2006,2000,GIBSON,11 1 CONCORD,2748,002762,0.02687402,exact_name,high,1.0
2006,2000,GIBSON,11 1 CONCORD,2748,002774,0.00022726,exact_name,high,1.0
2006,2000,GIBSON,11 2 MOORE S CHAPEL,2748,002765,0.43869575,code_token_name,high,0.993
2006,2000,GIBSON,11 2 MOORE S CHAPEL,2748,002764,0.32644282,code_token_name,high,0.993
2006,2000,GIBSON,11 2 MOORE S CHAPEL,2748,002775,0.20776014,code_token_name,high,0.993
2006,2000,GIBSON,11 2 MOORE S CHAPEL,2748,002762,0.02687402,code_token_name,high,0.993
2006,2000,GIBSON,11 2 MOORE S CHAPEL,2748,002774,0.00022726,code_token_name,high,0.993
2006,2000,GIBSON,11 3 UNION CENTRAL,2842,002765,0.96520415,exact_name,high,1.0
2006,2000,GIBSON,11 3 UNION CENTRAL,2842,002764,0.03151485,exact_name,high,1.0
2006,2000,GIBSON,11 3 UNION CENTRAL,2842,002769,0.00317872,exact_name,high,1.0
2006,2000,GIBSON,11 3 UNION CENTRAL,2842,002766,0.00010227,exact_name,high,1.0
2006,2000,GIBSON,11 4 GANN,2888,002766,0.58692466,exact_name,high,1.0
2006,2000,GIBSON,11 4 GANN,2888,002765,0.28695642,exact_name,high,1.0
2006,2000,GIBSON,11 4 GANN,2888,002770,0.08474653,exact_name,high,1.0
2006,2000,GIBSON,11 4 GANN,2888,002774,0.04098183,exact_name,high,1.0
2006,2000,GIBSON,11 4 GANN,2888,002769,0.00039057,exact_name,high,1.0
2006,2000,GIBSON,11 5 SKULLBONE,2864,002766,0.86521432,exact_name,high,1.0
2006,2000,GIBSON,11 5 SKULLBONE,2864,002774,0.1347782,exact_name,high,1.0
2006,2000,GIBSON,11 5 SKULLBONE,2864,002776,7.48e-06,exact_name,high,1.0
2006,2000,GIBSON,12 MILAN EXPRESS,2836,002767,0.68117858,code_token_name,high,0.993
2006,2000,GIBSON,12 MILAN EXPRESS,2836,002770,0.17908897,code_token_name,high,0.993
2006,2000,GIBSON,12 MILAN EXPRESS,2836,002768,0.12906589,code_token_name,high,0.993
2006,2000,GIBSON,12 MILAN EXPRESS,2836,002764,0.01066656,code_token_name,high,0.993
2006,2000,GIBSON,13 MILAN POLK CLARK,2840,002768,0.99375675,code_token_name,high,0.993
2006,2000,GIBSON,13 MILAN POLK CLARK,2840,002764,0.00607206,code_token_name,high,0.993
2006,2000,GIBSON,13 MILAN POLK CLARK,2840,002769,0.0001712,code_token_name,high,0.993
2006,2000,GIBSON,14 MILAN 1STASSEMBLY,2832,002769,0.98516724,code_token_name,high,0.993
2006,2000,GIBSON,14 MILAN 1STASSEMBLY,2832,002770,0.00650165,code_token_name,high,0.993
2006,2000,GIBSON,14 MILAN 1STASSEMBLY,2832,002764,0.0038579,code_token_name,high,0.993
2006,2000,GIBSON,14 MILAN 1STASSEMBLY,2832,002765,0.00277197,code_token_name,high,0.993
2006,2000,GIBSON,14 MILAN 1STASSEMBLY,2832,002768,0.00170124,code_token_name,high,0.993
2006,2000,GIBSON,15 MILAN MUNICIPAL,0016,0016,1.0,exact_name,high,1.0
2006,2000,GIBSON,16 1 YORKVILLE,0017,0017,1.0,exact_name,high,1.0
2006,2000,GIBSON,16 2 KENTON,0017,0017,1.0,code_token_name,high,0.993
2006,2000,GIBSON,16 3 FAIRVIEW,0017,0017,1.0,code_token_name,high,0.993
2006,2000,GIBSON,16 RUTHERFORD FS,0017,0017,1.0,code_token_name,high,0.993
2006,2000,GIBSON,17 1 BRADFORD,2736,002774,0.88003947,exact_name,high,1.0
2006,2000,GIBSON,17 1 BRADFORD,2736,002776,0.11910002,exact_name,high,1.0
2006,2000,GIBSON,17 1 BRADFORD,2736,002766,0.00050819,exact_name,high,1.0
2006,2000,GIBSON,17 1 BRADFORD,2736,002775,0.00035232,exact_name,high,1.0
2006,2000,GIBSON,17 2 IDLEWILD,2812,002774,0.99911904,exact_name,high,1.0
2006,2000,GIBSON,17 2 IDLEWILD,2812,002765,0.00045784,exact_name,high,1.0
2006,2000,GIBSON,17 2 IDLEWILD,2812,002766,0.00026112,exact_name,high,1.0
2006,2000,GIBSON,17 2 IDLEWILD,2812,002776,0.00012303,exact_name,high,1.0
2006,2000,GIBSON,17 2 IDLEWILD,2812,002775,3.898e-05,exact_name,high,1.0
2006,2000,GIBSON,18 1 LANEVIEW,2820,002775,0.99921725,exact_name,high,1.0
2006,2000,GIBSON,18 1 LANEVIEW,2820,002762,0.00065673,exact_name,high,1.0
2006,2000,GIBSON,18 1 LANEVIEW,2820,002776,0.00012062,exact_name,high,1.0
2006,2000,GIBSON,18 1 LANEVIEW,2820,002774,5.39e-06,exact_name,high,1.0
2006,2000,GIBSON,18 2 GOOD LUCK,2788,002776,0.93507999,code_token_name,high,0.993
2006,2000,GIBSON,18 2 GOOD LUCK,2788,002777,0.06215923,code_token_name,high,0.993
2006,2000,GIBSON,18 2 GOOD LUCK,2788,002774,0.00271233,code_token_name,high,0.993
2006,2000,GIBSON,18 2 GOOD LUCK,2788,002775,4.844e-05,code_token_name,high,0.993
2006,2000,GIBSON,19 1 DYER,2756,002777,0.68201435,exact_name,high,1.0
2006,2000,GIBSON,19 1 DYER,2756,002778,0.31666317,exact_name,high,1.0
2006,2000,GIBSON,19 1 DYER,2756,002773,0.00092455,exact_name,high,1.0
2006,2000,GIBSON,19 1 DYER,2756,002762,0.00017896,exact_name,high,1.0
2006,2000,GIBSON,19 1 DYER,2756,002776,0.00012251,exact_name,high,1.0
2006,2000,GIBSON,19 1 DYER,2756,002775,7.438e-05,exact_name,high,1.0
2006,2000,GIBSON,19 1 DYER,2756,002771,2.208e-05,exact_name,high,1.0
2006,2000,GIBSON,19 2 CURRIE,2752,002778,0.99952852,exact_name,high,1.0
2006,2000,GIBSON,19 2 CURRIE,2752,002762,0.00021562,exact_name,high,1.0
2006,2000,GIBSON,19 2 CURRIE,2752,002777,0.00014681,exact_name,high,1.0
2006,2000,GIBSON,19 2 CURRIE,2752,002771,0.00010787,exact_name,high,1.0
2006,2000,GIBSON,19 2 CURRIE,2752,002761,1.17e-06,exact_name,high,1.0
2006,2000,GIBSON,2 HUMBOLDT CH CHR,2784,002754,0.94673567,code_token_name,high,0.993
2006,2000,GIBSON,2 HUMBOLDT CH CHR,2784,002756,0.04196722,code_token_name,high,0.993
2006,2000,GIBSON,2 HUMBOLDT CH CHR,2784,002755,0.01020057,code_token_name,high,0.993
2006,2000,GIBSON,2 HUMBOLDT CH CHR,2784,002757,0.00105911,code_token_name,high,0.993
2006,2000,GIBSON,2 HUMBOLDT CH CHR,2784,002758,3.743e-05,code_token_name,high,0.993
2006,2000,GIBSON,3 HUMBOLDT PARK,2884,002755,0.71293121,code_token_name,high,0.993
2006,2000,GIBSON,3 HUMBOLDT PARK,2884,002756,0.28652647,code_token_name,high,0.993
2006,2000,GIBSON,3 HUMBOLDT PARK,2884,002754,0.00046767,code_token_name,high,0.993
2006,2000,GIBSON,3 HUMBOLDT PARK,2884,002757,7.465e-05,code_token_name,high,0.993
2006,2000,GIBSON,4 HUMBOLDT FIRE STA,2772,002756,0.95857934,code_token_name,high,0.993
2006,2000,GIBSON,4 HUMBOLDT FIRE STA,2772,002757,0.02618171,code_token_name,high,0.993
2006,2000,GIBSON,4 HUMBOLDT FIRE STA,2772,002755,0.01523896,code_token_name,high,0.993
2006,2000,GIBSON,5 LANE CHAPEL CHURCH,2804,002757,0.62329114,code_token_name,high,0.993
2006,2000,GIBSON,5 LANE CHAPEL CHURCH,2804,002756,0.22334976,code_token_name,high,0.993
2006,2000,GIBSON,5 LANE CHAPEL CHURCH,2804,002760,0.1533591,code_token_name,high,0.993
2006,2000,GIBSON,6 HUMBOLDT OLDARMORY,2796,002757,0.47176562,code_token_name,high,0.993
2006,2000,GIBSON,6 HUMBOLDT OLDARMORY,2796,002758,0.45081417,code_token_name,high,0.993
2006,2000,GIBSON,6 HUMBOLDT OLDARMORY,2796,002760,0.06928796,code_token_name,high,0.993
2006,2000,GIBSON,6 HUMBOLDT OLDARMORY,2796,002753,0.00804454,code_token_name,high,0.993
2006,2000,GIBSON,6 HUMBOLDT OLDARMORY,2796,002756,4.507e-05,code_token_name,high,0.993
2006,2000,GIBSON,6 HUMBOLDT OLDARMORY,2796,002754,4.263e-05,code_token_name,high,0.993
2006,2000,GIBSON,7 1 EDJONES AGRIPLEX,2764,002760,0.99941613,code_token_name,high,0.993
2006,2000,GIBSON,7 1 EDJONES AGRIPLEX,2764,002761,0.00042385,code_token_name,high,0.993
2006,2000,GIBSON,7 1 EDJONES AGRIPLEX,2764,002759,0.00016002,code_token_name,high,0.993
2006,2000,GIBSON,7 2 FRUITLAND FIRE,2764,002760,0.99941613,code_token_name,high,0.993
2006,2000,GIBSON,7 2 FRUITLAND FIRE,2764,002761,0.00042385,code_token_name,high,0.993
2006,2000,GIBSON,7 2 FRUITLAND FIRE,2764,002759,0.00016002,code_token_name,high,0.993
2006,2000,GIBSON,8 1 EDISON CC,2740,002761,0.99962938,code_token_name,high,0.993
2006,2000,GIBSON,8 1 EDISON CC,2740,002760,0.00020931,code_token_name,high,0.993
2006,2000,GIBSON,8 1 EDISON CC,2740,002762,0.0001613,code_token_name,high,0.993
2006,2000,GIBSON,8 2 BRAZIL FIRE,2740,002761,0.99962938,code_token_name,high,0.993
2006,2000,GIBSON,8 2 BRAZIL FIRE,2740,002760,0.00020931,code_token_name,high,0.993
2006,2000,GIBSON,8 2 BRAZIL FIRE,2740,002762,0.0001613,code_token_name,high,0.993
2006,2000,GIBSON,8 3 SPRINGHILL,2740,002761,0.99962938,code_token_name,high,0.993
2006,2000,GIBSON,8 3 SPRINGHILL,2740,002760,0.00020931,code_token_name,high,0.993
2006,2000,GIBSON,8 3 SPRINGHILL,2740,002762,0.0001613,code_token_name,high,0.993
2006,2000,GIBSON,9 COURTHOUSE,2792,002762,0.98989208,code_token_name,high,0.993
2006,2000,GIBSON,9 COURTHOUSE,2792,002761,0.00999922,code_token_name,high,0.993
2006,2000,GIBSON,9 COURTHOUSE,2792,002778,5.769e-05,code_token_name,high,0.993
2006,2000,GIBSON,9 COURTHOUSE,2792,002760,5.101e-05,code_token_name,high,0.993
2006,2000,GILES,1A ARDMORE,0001,0001,1.0,exact_name,high,1.0
2006,2000,GILES,1B PROSPECT,0002,0002,1.0,exact_name,high,1.0
2006,2000,GILES,2A MINOR HILL,0003,0003,1.0,exact_name,high,1.0
2006,2000,GILES,2B AIRPORT,0004,0004,1.0,exact_name,high,1.0
2006,2000,GILES,3A RICHLAND TRACE,0005,0005,1.0,exact_name,high,1.0
2006,2000,GILES,3B CAMPBELLSVILLE,0006,0006,1.0,exact_name,high,1.0
2006,2000,GILES,4A LYNNVILLE,0007,0007,1.0,exact_name,high,1.0
2006,2000,GILES,4B ODD FELLOWS HALL,0008,0008,1.0,exact_name,high,1.0
2006,2000,GILES,5A TN TECH CENTER,0009,0009,1.0,code_token_name,high,0.993
2006,2000,GILES,5B CO OP,0010,0010,1.0,code_token_name,high,0.993
2006,2000,GILES,6A COURTHOUSE,0011,0011,1.0,code_token_name,high,0.993
2006,2000,GILES,6B BMS,0012,0012,1.0,code_token_name,high,0.993
2006,2000,GILES,7A GCHS,0013,0013,1.0,exact_name,high,1.0
2006,2000,GILES,7B REC CENTER,0014,0014,1.0,exact_name,high,1.0
2006,2000,GRAINGER,1 1,2960,002953,0.99838348,exact_name,high,1.0
2006,2000,GRAINGER,1 1,2960,002952,0.00065499,exact_name,high,1.0
2006,2000,GRAINGER,1 1,2960,002958,0.00046925,exact_name,high,1.0
2006,2000,GRAINGER,1 1,2960,002956,0.00021528,exact_name,high,1.0
2006,2000,GRAINGER,1 1,2960,002954,0.00013585,exact_name,high,1.0
2006,2000,GRAINGER,1 1,2960,002951,8.996e-05,exact_name,high,1.0
2006,2000,GRAINGER,1 1,2960,002957,5.06e-05,exact_name,high,1.0
2006,2000,GRAINGER,1 1,2960,002955,5.9e-07,exact_name,high,1.0
2006,2000,GRAINGER,1 2,2964,002952,0.9988648,exact_name,high,1.0
2006,2000,GRAINGER,1 2,2964,002953,0.00060881,exact_name,high,1.0
2006,2000,GRAINGER,1 2,2964,002958,0.00032498,exact_name,high,1.0
2006,2000,GRAINGER,1 2,2964,002954,0.00020141,exact_name,high,1.0
2006,2000,GRAINGER,2 1,2968,002957,0.9994942,exact_name,high,1.0
2006,2000,GRAINGER,2 1,2968,002958,0.00016776,exact_name,high,1.0
2006,2000,GRAINGER,2 1,2968,002959,0.00015632,exact_name,high,1.0
2006,2000,GRAINGER,2 1,2968,002956,0.00014726,exact_name,high,1.0
2006,2000,GRAINGER,2 1,2968,002953,2.891e-05,exact_name,high,1.0
2006,2000,GRAINGER,2 1,2968,002960,5.55e-06,exact_name,high,1.0
2006,2000,GRAINGER,2 2,2972,002958,0.95484117,exact_name,high,1.0
2006,2000,GRAINGER,2 2,2972,002953,0.02314515,exact_name,high,1.0
2006,2000,GRAINGER,2 2,2972,002952,0.02161814,exact_name,high,1.0
2006,2000,GRAINGER,2 2,2972,002960,0.00022448,exact_name,high,1.0
2006,2000,GRAINGER,2 2,2972,002957,0.00017107,exact_name,high,1.0
2006,2000,GRAINGER,3 1,2976,002955,0.86970905,exact_name,high,1.0
2006,2000,GRAINGER,3 1,2976,002953,0.12820468,exact_name,high,1.0
2006,2000,GRAINGER,3 1,2976,002954,0.00191548,exact_name,high,1.0
2006,2000,GRAINGER,3 1,2976,002951,0.00017079,exact_name,high,1.0
2006,2000,GRAINGER,3 2,2980,002954,0.99861785,exact_name,high,1.0
2006,2000,GRAINGER,3 2,2980,002955,0.00118488,exact_name,high,1.0
2006,2000,GRAINGER,3 2,2980,002952,0.00014715,exact_name,high,1.0
2006,2000,GRAINGER,3 2,2980,002953,5.012e-05,exact_name,high,1.0
2006,2000,GRAINGER,4 1,2984,002956,0.94165225,exact_name,high,1.0
2006,2000,GRAINGER,4 1,2984,002951,0.05812922,exact_name,high,1.0
2006,2000,GRAINGER,4 1,2984,002957,0.00013303,exact_name,high,1.0
2006,2000,GRAINGER,4 1,2984,002953,8.549e-05,exact_name,high,1.0
2006,2000,GRAINGER,4 2,2988,002951,0.99978808,exact_name,high,1.0
2006,2000,GRAINGER,4 2,2988,002953,0.00010861,exact_name,high,1.0
2006,2000,GRAINGER,4 2,2988,002956,5.452e-05,exact_name,high,1.0
2006,2000,GRAINGER,4 2,2988,002955,4.879e-05,exact_name,high,1.0
2006,2000,GRAINGER,5 1,2994,002960,0.99773394,exact_name,high,1.0
2006,2000,GRAINGER,5 1,2994,002959,0.00163052,exact_name,high,1.0
2006,2000,GRAINGER,5 1,2994,002958,0.00047075,exact_name,high,1.0
2006,2000,GRAINGER,5 1,2994,002957,0.00016479,exact_name,high,1.0
2006,2000,GRAINGER,5 2,2992,002959,0.99722311,exact_name,high,1.0
2006,2000,GRAINGER,5 2,2992,002960,0.00208766,exact_name,high,1.0
2006,2000,GRAINGER,5 2,2992,002957,0.00068923,exact_name,high,1.0
2006,2000,GREENE,10 1 EAST VIEW,0010,0010,1.0,token_vtd,high,1.0
2006,2000,GREENE,10 1 HIGH SCHOOL,0010,0010,1.0,token_vtd,high,1.0
2006,2000,GREENE,10 1 HIGHLAND ROBY,0010,0010,1.0,token_vtd,high,1.0
2006,2000,GREENE,10 1 TUSCULUM VIEW,0010,0010,1.0,token_vtd,high,1.0
2006,2000,GREENE,10 2 ANDREW JOHNSON,0010,0010,1.0,token_vtd,high,1.0
2006,2000,GREENE,10 2 COURTHOUSE,0010,0010,1.0,token_vtd,high,1.0
2006,2000,GREENE,10 2 MIDDLE SCHOOL,0010,0010,1.0,token_vtd,high,1.0
2006,2000,GREENE,SOUTH GREENE,0015,0015,1.0,exact_name,high,1.0
2006,2000,GRUNDY,ALTAMONT,3148,003153,0.99860339,exact_name,high,1.0
2006,2000,GRUNDY,ALTAMONT,3148,003155,0.00090409,exact_name,high,1.0
2006,2000,GRUNDY,ALTAMONT,3148,003157,0.0002512,exact_name,high,1.0
2006,2000,GRUNDY,ALTAMONT,3148,003152,0.00017699,exact_name,high,1.0
2006,2000,GRUNDY,ALTAMONT,3148,003156,6.433e-05,exact_name,high,1.0
2006,2000,GRUNDY,BEERSHEBA SPRINGS,0002,0002,1.0,exact_name,high,1.0
2006,2000,GRUNDY,CENTRAL,0003,0003,1.0,exact_name,high,1.0
2006,2000,GRUNDY,COALMONT,0006,0006,1.0,exact_name,high,1.0
2006,2000,GRUNDY,COLLINS,0004,0004,1.0,exact_name,high,1.0
2006,2000,GRUNDY,CROSS ROADS,3178,003157,0.8816324,exact_name,high,1.0
2006,2000,GRUNDY,CROSS ROADS,3178,003161,0.11760561,exact_name,high,1.0
2006,2000,GRUNDY,CROSS ROADS,3178,003156,0.00063187,exact_name,high,1.0
2006,2000,GRUNDY,CROSS ROADS,3178,003153,0.00013012,exact_name,high,1.0
2006,2000,GRUNDY,GRUETLI LAAGER,0007,0007,1.0,exact_name,high,1.0
2006,2000,GRUNDY,HUBBARD S COVE,3144,003153,1.0,exact_name,high,1.0
2006,2000,GRUNDY,MONTEAGLE,3176,003161,0.6820618,exact_name,high,1.0
2006,2000,GRUNDY,MONTEAGLE,3176,003157,0.31780001,exact_name,high,1.0
2006,2000,GRUNDY,MONTEAGLE,3176,003156,0.00013819,exact_name,high,1.0
2006,2000,GRUNDY,PALMER,3180,003162,0.99694204,exact_name,high,1.0
2006,2000,GRUNDY,PALMER,3180,003163,0.00305796,exact_name,high,1.0
2006,2000,GRUNDY,PELHAM,3184,003157,0.87893607,exact_name,high,1.0
2006,2000,GRUNDY,PELHAM,3184,003153,0.12106393,exact_name,high,1.0
2006,2000,GRUNDY,TARLTON,3150,003152,0.99907382,exact_name,high,1.0
2006,2000,GRUNDY,TARLTON,3150,003153,0.00092618,exact_name,high,1.0
2006,2000,GRUNDY,TRACY CITY,0010,0010,1.0,exact_name,high,1.0
2006,2000,HAMBLEN,01 1 COURTHOUSE,3236,003252,0.87135467,code_token_name,high,0.993
2006,2000,HAMBLEN,01 1 COURTHOUSE,3236,003256,0.10516454,code_token_name,high,0.993
2006,2000,HAMBLEN,01 1 COURTHOUSE,3236,003255,0.02286637,code_token_name,high,0.993
2006,2000,HAMBLEN,01 1 COURTHOUSE,3236,003253,0.00057379,code_token_name,high,0.993
2006,2000,HAMBLEN,01 1 COURTHOUSE,3236,003267,2.342e-05,code_token_name,high,0.993
2006,2000,HAMBLEN,01 1 COURTHOUSE,3236,003251,1.719e-05,code_token_name,high,0.993
2006,2000,HAMBLEN,02 1 MEADOWVIEW MID,3240,003253,0.99771555,code_token_name,high,0.993
2006,2000,HAMBLEN,02 1 MEADOWVIEW MID,3240,003257,0.00180637,code_token_name,high,0.993
2006,2000,HAMBLEN,02 1 MEADOWVIEW MID,3240,003252,0.00030903,code_token_name,high,0.993
2006,2000,HAMBLEN,02 1 MEADOWVIEW MID,3240,003254,9.903e-05,code_token_name,high,0.993
2006,2000,HAMBLEN,02 1 MEADOWVIEW MID,3240,003256,7.001e-05,code_token_name,high,0.993
2006,2000,HAMBLEN,03 1 EAST HIGH SCH,3244,003254,0.98142571,code_token_name,high,0.993
2006,2000,HAMBLEN,03 1 EAST HIGH SCH,3244,003258,0.00969564,code_token_name,high,0.993
2006,2000,HAMBLEN,03 1 EAST HIGH SCH,3244,003253,0.00865076,code_token_name,high,0.993
2006,2000,HAMBLEN,03 1 EAST HIGH SCH,3244,003251,0.00022695,code_token_name,high,0.993
2006,2000,HAMBLEN,03 1 EAST HIGH SCH,3244,003262,8.8e-07,code_token_name,high,0.993
2006,2000,HAMBLEN,03 1 EAST HIGH SCH,3244,003252,6e-08,code_token_name,high,0.993
2006,2000,HAMBLEN,04 1 WEST HIGH SCH,3248,003251,0.94436544,code_token_name,high,0.993
2006,2000,HAMBLEN,04 1 WEST HIGH SCH,3248,003254,0.03354384,code_token_name,high,0.993
2006,2000,HAMBLEN,04 1 WEST HIGH SCH,3248,003262,0.02042929,code_token_name,high,0.993
2006,2000,HAMBLEN,04 1 WEST HIGH SCH,3248,003267,0.00090837,code_token_name,high,0.993
2006,2000,HAMBLEN,04 1 WEST HIGH SCH,3248,003266,0.000744,code_token_name,high,0.993
2006,2000,HAMBLEN,04 1 WEST HIGH SCH,3248,003252,9.06e-06,code_token_name,high,0.993
2006,2000,HAMBLEN,05 1 WEST VIEW,3252,003255,0.72438256,code_token_name,high,0.993
2006,2000,HAMBLEN,05 1 WEST VIEW,3252,003267,0.2737352,code_token_name,high,0.993
2006,2000,HAMBLEN,05 1 WEST VIEW,3252,003265,0.00068343,code_token_name,high,0.993
2006,2000,HAMBLEN,05 1 WEST VIEW,3252,003256,0.00062024,code_token_name,high,0.993
2006,2000,HAMBLEN,05 1 WEST VIEW,3252,003252,0.0005361,code_token_name,high,0.993
2006,2000,HAMBLEN,05 1 WEST VIEW,3252,003251,4.246e-05,code_token_name,high,0.993
2006,2000,HAMBLEN,06 1 FAIRVIEW MARG,3256,003256,0.99835304,code_token_name,high,0.993
2006,2000,HAMBLEN,06 1 FAIRVIEW MARG,3256,003252,0.00121019,code_token_name,high,0.993
2006,2000,HAMBLEN,06 1 FAIRVIEW MARG,3256,003255,0.00019101,code_token_name,high,0.993
2006,2000,HAMBLEN,06 1 FAIRVIEW MARG,3256,003257,0.0001631,code_token_name,high,0.993
2006,2000,HAMBLEN,06 1 FAIRVIEW MARG,3256,003253,8.062e-05,code_token_name,high,0.993
2006,2000,HAMBLEN,06 1 FAIRVIEW MARG,3256,003265,2.05e-06,code_token_name,high,0.993
2006,2000,HAMBLEN,07 1 CHEROKEE PARK,3260,003257,0.97943798,code_token_name,high,0.993
2006,2000,HAMBLEN,07 1 CHEROKEE PARK,3260,003253,0.01995645,code_token_name,high,0.993
2006,2000,HAMBLEN,07 1 CHEROKEE PARK,3260,003256,0.00029136,code_token_name,high,0.993
2006,2000,HAMBLEN,07 1 CHEROKEE PARK,3260,003258,0.00020884,code_token_name,high,0.993
2006,2000,HAMBLEN,07 1 CHEROKEE PARK,3260,003254,0.00010537,code_token_name,high,0.993
2006,2000,HAMBLEN,08 1 NATIONAL GUARD,3264,003258,0.78589387,code_token_name,high,0.993
2006,2000,HAMBLEN,08 1 NATIONAL GUARD,3264,003254,0.18736256,code_token_name,high,0.993
2006,2000,HAMBLEN,08 1 NATIONAL GUARD,3264,003257,0.01661427,code_token_name,high,0.993
2006,2000,HAMBLEN,08 1 NATIONAL GUARD,3264,003259,0.00863934,code_token_name,high,0.993
2006,2000,HAMBLEN,08 1 NATIONAL GUARD,3264,003261,0.00087062,code_token_name,high,0.993
2006,2000,HAMBLEN,08 1 NATIONAL GUARD,3264,003262,0.00049814,code_token_name,high,0.993
2006,2000,HAMBLEN,08 1 NATIONAL GUARD,3264,003260,0.00012121,code_token_name,high,0.993
2006,2000,HAMBLEN,09 1 RUSSELLVILLE PS,3268,003259,0.92174096,code_token_name,high,0.993
2006,2000,HAMBLEN,09 1 RUSSELLVILLE PS,3268,003258,0.0771476,code_token_name,high,0.993
2006,2000,HAMBLEN,09 1 RUSSELLVILLE PS,3268,003260,0.00111144,code_token_name,high,0.993
2006,2000,HAMBLEN,09 2 WHITESBURG SCH,3268,003259,0.92174096,code_token_name,high,0.993
2006,2000,HAMBLEN,09 2 WHITESBURG SCH,3268,003258,0.0771476,code_token_name,high,0.993
2006,2000,HAMBLEN,09 2 WHITESBURG SCH,3268,003260,0.00111144,code_token_name,high,0.993
2006,2000,HAMBLEN,10 1 FISH HATCHERY,3208,003261,0.99862481,code_token_name,high,0.993
2006,2000,HAMBLEN,10 1 FISH HATCHERY,3208,003260,0.00055011,code_token_name,high,0.993
2006,2000,HAMBLEN,10 1 FISH HATCHERY,3208,003258,0.00045457,code_token_name,high,0.993
2006,2000,HAMBLEN,10 1 FISH HATCHERY,3208,003262,0.00037051,code_token_name,high,0.993
2006,2000,HAMBLEN,10 2 UNION HEIGHTS,3208,003261,0.99862481,code_token_name,high,0.993
2006,2000,HAMBLEN,10 2 UNION HEIGHTS,3208,003260,0.00055011,code_token_name,high,0.993
2006,2000,HAMBLEN,10 2 UNION HEIGHTS,3208,003258,0.00045457,code_token_name,high,0.993
2006,2000,HAMBLEN,10 2 UNION HEIGHTS,3208,003262,0.00037051,code_token_name,high,0.993
2006,2000,HAMBLEN,11 1 WEST HIGH SCH,3216,003267,0.937215,code_token_name,high,0.993
2006,2000,HAMBLEN,11 1 WEST HIGH SCH,3216,003251,0.04853092,code_token_name,high,0.993
2006,2000,HAMBLEN,11 1 WEST HIGH SCH,3216,003255,0.01359162,code_token_name,high,0.993
2006,2000,HAMBLEN,11 1 WEST HIGH SCH,3216,003266,0.00066246,code_token_name,high,0.993
2006,2000,HAMBLEN,11 2 WITT SCHOOL,3216,003267,0.937215,code_token_name,high,0.993
2006,2000,HAMBLEN,11 2 WITT SCHOOL,3216,003251,0.04853092,code_token_name,high,0.993
2006,2000,HAMBLEN,11 2 WITT SCHOOL,3216,003255,0.01359162,code_token_name,high,0.993
2006,2000,HAMBLEN,11 2 WITT SCHOOL,3216,003266,0.00066246,code_token_name,high,0.993
2006,2000,HAMBLEN,12 1 ALPHA ELEM,3224,003263,0.53075004,code_token_name,high,0.993
2006,2000,HAMBLEN,12 1 ALPHA ELEM,3224,003267,0.41774277,code_token_name,high,0.993
2006,2000,HAMBLEN,12 1 ALPHA ELEM,3224,003265,0.05066893,code_token_name,high,0.993
2006,2000,HAMBLEN,12 1 ALPHA ELEM,3224,003266,0.00051029,code_token_name,high,0.993
2006,2000,HAMBLEN,12 1 ALPHA ELEM,3224,003264,0.00029651,code_token_name,high,0.993
2006,2000,HAMBLEN,12 1 ALPHA ELEM,3224,003255,3.146e-05,code_token_name,high,0.993
2006,2000,HAMBLEN,13 1 CEDAR HILL,3228,003264,0.89890841,exact_name,high,1.0
2006,2000,HAMBLEN,13 1 CEDAR HILL,3228,003265,0.06754101,exact_name,high,1.0
2006,2000,HAMBLEN,13 1 CEDAR HILL,3228,003263,0.03355058,exact_name,high,1.0
2006,2000,HAMBLEN,14 1 MANLEY PRIMARY,3232,003265,0.96171161,code_token_name,high,0.993
2006,2000,HAMBLEN,14 1 MANLEY PRIMARY,3232,003255,0.03705349,code_token_name,high,0.993
2006,2000,HAMBLEN,14 1 MANLEY PRIMARY,3232,003263,0.00096313,code_token_name,high,0.993
2006,2000,HAMBLEN,14 1 MANLEY PRIMARY,3232,003264,0.00026222,code_token_name,high,0.993
2006,2000,HAMBLEN,14 1 MANLEY PRIMARY,3232,003256,9.55e-06,code_token_name,high,0.993
2006,2000,HAMILTON,001 AIRPORT 1,3284,003477,0.28955308,code_token_name,high,0.993
2006,2000,HAMILTON,001 AIRPORT 1,3284,003351,0.2790442,code_token_name,high,0.993
2006,2000,HAMILTON,001 AIRPORT 1,3284,003414,0.18309177,code_token_name,high,0.993
2006,2000,HAMILTON,001 AIRPORT 1,3284,003416,0.12111662,code_token_name,high,0.993
2006,2000,HAMILTON,001 AIRPORT 1,3284,003381,0.09382196,code_token_name,high,0.993
2006,2000,HAMILTON,001 AIRPORT 1,3284,003469,0.0269634,code_token_name,high,0.993
2006,2000,HAMILTON,001 AIRPORT 1,3284,003417,0.00540482,code_token_name,high,0.993
2006,2000,HAMILTON,001 AIRPORT 1,3284,003476,0.00074445,code_token_name,high,0.993
2006,2000,HAMILTON,001 AIRPORT 1,3284,003364,0.00014729,code_token_name,high,0.993
2006,2000,HAMILTON,001 AIRPORT 1,3284,003390,8.267e-05,code_token_name,high,0.993
2006,2000,HAMILTON,001 AIRPORT 1,3284,003374,2.974e-05,code_token_name,high,0.993
2006,2000,HAMILTON,002 ALTON PARK,3288,003352,0.99292604,code_token_name,high,0.993
2006,2000,HAMILTON,002 ALTON PARK,3288,003399,0.00616289,code_token_name,high,0.993
2006,2000,HAMILTON,002 ALTON PARK,3288,003463,0.00091107,code_token_name,high,0.993
2006,2000,HAMILTON,003 AMNICOLA,3292,003354,0.997816,code_token_name,high,0.993
2006,2000,HAMILTON,003 AMNICOLA,3292,003465,0.00091706,code_token_name,high,0.993
2006,2000,HAMILTON,003 AMNICOLA,3292,003415,0.00061746,code_token_name,high,0.993
2006,2000,HAMILTON,003 AMNICOLA,3292,003454,0.0002479,code_token_name,high,0.993
2006,2000,HAMILTON,003 AMNICOLA,3292,003422,0.00022402,code_token_name,high,0.993
2006,2000,HAMILTON,003 AMNICOLA,3292,003379,0.00015815,code_token_name,high,0.993
2006,2000,HAMILTON,003 AMNICOLA,3292,003358,1.589e-05,code_token_name,high,0.993
2006,2000,HAMILTON,003 AMNICOLA,3292,003365,3.53e-06,code_token_name,high,0.993
2006,2000,HAMILTON,004 AVONDALE,3296,003358,0.9628581,code_token_name,high,0.993
2006,2000,HAMILTON,004 AVONDALE,3296,003365,0.03702,code_token_name,high,0.993
2006,2000,HAMILTON,004 AVONDALE,3296,003389,0.00010248,code_token_name,high,0.993
2006,2000,HAMILTON,004 AVONDALE,3296,003354,1.942e-05,code_token_name,high,0.993
2006,2000,HAMILTON,005 BONNY OAKS,3300,003362,0.99859735,code_token_name,high,0.993
2006,2000,HAMILTON,005 BONNY OAKS,3300,003433,0.00057532,code_token_name,high,0.993
2006,2000,HAMILTON,005 BONNY OAKS,3300,003466,0.00047455,code_token_name,high,0.993
2006,2000,HAMILTON,005 BONNY OAKS,3300,003416,0.00019917,code_token_name,high,0.993
2006,2000,HAMILTON,005 BONNY OAKS,3300,003417,0.00014967,code_token_name,high,0.993
2006,2000,HAMILTON,005 BONNY OAKS,3300,003469,3.93e-06,code_token_name,high,0.993
2006,2000,HAMILTON,006 BRAINERD,3304,003363,0.99598173,code_token_name,high,0.993
2006,2000,HAMILTON,006 BRAINERD,3304,003397,0.00223579,code_token_name,high,0.993
2006,2000,HAMILTON,006 BRAINERD,3304,003393,0.00168325,code_token_name,high,0.993
2006,2000,HAMILTON,006 BRAINERD,3304,003392,9.387e-05,code_token_name,high,0.993
2006,2000,HAMILTON,006 BRAINERD,3304,003426,5.35e-06,code_token_name,high,0.993
2006,2000,HAMILTON,007 BRAINERD HILLS,3308,003364,0.96847139,code_token_name,high,0.993
2006,2000,HAMILTON,007 BRAINERD HILLS,3308,003372,0.02842019,code_token_name,high,0.993
2006,2000,HAMILTON,007 BRAINERD HILLS,3308,003371,0.00190207,code_token_name,high,0.993
2006,2000,HAMILTON,007 BRAINERD HILLS,3308,003395,0.00071322,code_token_name,high,0.993
2006,2000,HAMILTON,007 BRAINERD HILLS,3308,003477,0.00045934,code_token_name,high,0.993
2006,2000,HAMILTON,007 BRAINERD HILLS,3308,003351,3.378e-05,code_token_name,high,0.993
2006,2000,HAMILTON,008 BUSHTOWN,3312,003365,0.99704007,code_token_name,high,0.993
2006,2000,HAMILTON,008 BUSHTOWN,3312,003358,0.00293003,code_token_name,high,0.993
2006,2000,HAMILTON,008 BUSHTOWN,3312,003399,1.955e-05,code_token_name,high,0.993
2006,2000,HAMILTON,008 BUSHTOWN,3312,003451,1.036e-05,code_token_name,high,0.993
2006,2000,HAMILTON,009 CEDAR HILL,3316,003391,0.99627262,code_token_name,high,0.993
2006,2000,HAMILTON,009 CEDAR HILL,3316,003352,0.00372444,code_token_name,high,0.993
2006,2000,HAMILTON,009 CEDAR HILL,3316,003426,2.94e-06,code_token_name,high,0.993
2006,2000,HAMILTON,011 CLIFTON HILLS 1,3324,003399,0.78984047,code_token_name,high,0.993
2006,2000,HAMILTON,011 CLIFTON HILLS 1,3324,003391,0.17161507,code_token_name,high,0.993
2006,2000,HAMILTON,011 CLIFTON HILLS 1,3324,003400,0.03421974,code_token_name,high,0.993
2006,2000,HAMILTON,011 CLIFTON HILLS 1,3324,003352,0.00429105,code_token_name,high,0.993
2006,2000,HAMILTON,011 CLIFTON HILLS 1,3324,003452,1.719e-05,code_token_name,high,0.993
2006,2000,HAMILTON,011 CLIFTON HILLS 1,3324,003451,1.648e-05,code_token_name,high,0.993
2006,2000,HAMILTON,012 CONCORD 1,3328,003371,0.56373305,code_token_name,high,0.993
2006,2000,HAMILTON,012 CONCORD 1,3328,003372,0.41825037,code_token_name,high,0.993
2006,2000,HAMILTON,012 CONCORD 1,3328,003374,0.01429019,code_token_name,high,0.993
2006,2000,HAMILTON,012 CONCORD 1,3328,003395,0.00248086,code_token_name,high,0.993
2006,2000,HAMILTON,012 CONCORD 1,3328,003364,0.00062741,code_token_name,high,0.993
2006,2000,HAMILTON,012 CONCORD 1,3328,003388,0.00056839,code_token_name,high,0.993
2006,2000,HAMILTON,012 CONCORD 1,3328,003387,4.973e-05,code_token_name,high,0.993
2006,2000,HAMILTON,013 COURTHOUSE,3332,003365,0.39093551,code_token_name,high,0.993
2006,2000,HAMILTON,013 COURTHOUSE,3332,003379,0.32315312,code_token_name,high,0.993
2006,2000,HAMILTON,013 COURTHOUSE,3332,003385,0.13018426,code_token_name,high,0.993
2006,2000,HAMILTON,013 COURTHOUSE,3332,003384,0.0870782,code_token_name,high,0.993
2006,2000,HAMILTON,013 COURTHOUSE,3332,003354,0.06707189,code_token_name,high,0.993
2006,2000,HAMILTON,013 COURTHOUSE,3332,003434,0.00156055,code_token_name,high,0.993
2006,2000,HAMILTON,013 COURTHOUSE,3332,003399,1.089e-05,code_token_name,high,0.993
2006,2000,HAMILTON,013 COURTHOUSE,3332,003358,5.59e-06,code_token_name,high,0.993
2006,2000,HAMILTON,014 DALEWOOD,3336,003381,0.66620235,code_token_name,high,0.993
2006,2000,HAMILTON,014 DALEWOOD,3336,003390,0.29496988,code_token_name,high,0.993
2006,2000,HAMILTON,014 DALEWOOD,3336,003405,0.02791998,code_token_name,high,0.993
2006,2000,HAMILTON,014 DALEWOOD,3336,003414,0.00608342,code_token_name,high,0.993
2006,2000,HAMILTON,014 DALEWOOD,3336,003396,0.00276634,code_token_name,high,0.993
2006,2000,HAMILTON,014 DALEWOOD,3336,003476,0.00205804,code_token_name,high,0.993
2006,2000,HAMILTON,015 DOWNTOWN,3340,003385,0.65396485,code_token_name,high,0.993
2006,2000,HAMILTON,015 DOWNTOWN,3340,003384,0.21354877,code_token_name,high,0.993
2006,2000,HAMILTON,015 DOWNTOWN,3340,003427,0.12759201,code_token_name,high,0.993
2006,2000,HAMILTON,015 DOWNTOWN,3340,003352,0.00484979,code_token_name,high,0.993
2006,2000,HAMILTON,015 DOWNTOWN,3340,003379,3.443e-05,code_token_name,high,0.993
2006,2000,HAMILTON,015 DOWNTOWN,3340,003380,1.015e-05,code_token_name,high,0.993
2006,2000,HAMILTON,016 DUPONT,3344,003386,0.99813631,code_token_name,high,0.993
2006,2000,HAMILTON,016 DUPONT,3344,003413,0.00164693,code_token_name,high,0.993
2006,2000,HAMILTON,016 DUPONT,3344,003432,0.00019432,code_token_name,high,0.993
2006,2000,HAMILTON,016 DUPONT,3344,003406,1.187e-05,code_token_name,high,0.993
2006,2000,HAMILTON,016 DUPONT,3344,003422,8.15e-06,code_token_name,high,0.993
2006,2000,HAMILTON,016 DUPONT,3344,003354,2.23e-06,code_token_name,high,0.993
2006,2000,HAMILTON,016 DUPONT,3344,003407,1.8e-07,code_token_name,high,0.993
2006,2000,HAMILTON,017 EAST BRAINERD 1,3348,003387,0.50486766,code_token_name,high,0.993
2006,2000,HAMILTON,017 EAST BRAINERD 1,3348,003388,0.49323235,code_token_name,high,0.993
2006,2000,HAMILTON,017 EAST BRAINERD 1,3348,003475,0.00094258,code_token_name,high,0.993
2006,2000,HAMILTON,017 EAST BRAINERD 1,3348,003371,0.00032818,code_token_name,high,0.993
2006,2000,HAMILTON,017 EAST BRAINERD 1,3348,003375,0.00025661,code_token_name,high,0.993
2006,2000,HAMILTON,017 EAST BRAINERD 1,3348,003474,0.00022751,code_token_name,high,0.993
2006,2000,HAMILTON,017 EAST BRAINERD 1,3348,003395,0.00012816,code_token_name,high,0.993
2006,2000,HAMILTON,017 EAST BRAINERD 1,3348,003372,1.568e-05,code_token_name,high,0.993
2006,2000,HAMILTON,017 EAST BRAINERD 1,3348,003376,1.28e-06,code_token_name,high,0.993
2006,2000,HAMILTON,018 E CHATTANOOGA 1,3352,003390,0.49231874,code_token_name,high,0.993
2006,2000,HAMILTON,018 E CHATTANOOGA 1,3352,003389,0.34947563,code_token_name,high,0.993
2006,2000,HAMILTON,018 E CHATTANOOGA 1,3352,003358,0.1459881,code_token_name,high,0.993
2006,2000,HAMILTON,018 E CHATTANOOGA 1,3352,003381,0.00687758,code_token_name,high,0.993
2006,2000,HAMILTON,018 E CHATTANOOGA 1,3352,003415,0.00352725,code_token_name,high,0.993
2006,2000,HAMILTON,018 E CHATTANOOGA 1,3352,003414,0.00168382,code_token_name,high,0.993
2006,2000,HAMILTON,018 E CHATTANOOGA 1,3352,003354,0.00012888,code_token_name,high,0.993
2006,2000,HAMILTON,019 EAST LAKE,3356,003391,0.94470572,code_token_name,high,0.993
2006,2000,HAMILTON,019 EAST LAKE,3356,003452,0.05169419,code_token_name,high,0.993
2006,2000,HAMILTON,019 EAST LAKE,3356,003426,0.00189721,code_token_name,high,0.993
2006,2000,HAMILTON,019 EAST LAKE,3356,003352,0.00167687,code_token_name,high,0.993
2006,2000,HAMILTON,019 EAST LAKE,3356,003399,2.6e-05,code_token_name,high,0.993
2006,2000,HAMILTON,020 EAST SIDE 1,3360,003399,0.61556509,code_token_name,high,0.993
2006,2000,HAMILTON,020 EAST SIDE 1,3360,003451,0.20681447,code_token_name,high,0.993
2006,2000,HAMILTON,020 EAST SIDE 1,3360,003452,0.17761937,code_token_name,high,0.993
2006,2000,HAMILTON,020 EAST SIDE 1,3360,003426,1.06e-06,code_token_name,high,0.993
2006,2000,HAMILTON,021 EASTDALE 1,3364,003396,0.99600978,code_token_name,high,0.993
2006,2000,HAMILTON,021 EASTDALE 1,3364,003381,0.00146209,code_token_name,high,0.993
2006,2000,HAMILTON,021 EASTDALE 1,3364,003405,0.00102447,code_token_name,high,0.993
2006,2000,HAMILTON,021 EASTDALE 1,3364,003476,0.00084154,code_token_name,high,0.993
2006,2000,HAMILTON,021 EASTDALE 1,3364,003453,0.00060825,code_token_name,high,0.993
2006,2000,HAMILTON,021 EASTDALE 1,3364,003397,5.387e-05,code_token_name,high,0.993
2006,2000,HAMILTON,023 GLENWOOD,3372,003405,0.49964367,code_token_name,high,0.993
2006,2000,HAMILTON,023 GLENWOOD,3372,003389,0.1984271,code_token_name,high,0.993
2006,2000,HAMILTON,023 GLENWOOD,3372,003390,0.10918364,code_token_name,high,0.993
2006,2000,HAMILTON,023 GLENWOOD,3372,003365,0.09925221,code_token_name,high,0.993
2006,2000,HAMILTON,023 GLENWOOD,3372,003358,0.08346995,code_token_name,high,0.993
2006,2000,HAMILTON,023 GLENWOOD,3372,003396,0.00945873,code_token_name,high,0.993
2006,2000,HAMILTON,023 GLENWOOD,3372,003452,0.00049097,code_token_name,high,0.993
2006,2000,HAMILTON,023 GLENWOOD,3372,003451,7.333e-05,code_token_name,high,0.993
2006,2000,HAMILTON,023 GLENWOOD,3372,003426,3.9e-07,code_token_name,high,0.993
2006,2000,HAMILTON,024 HIGHLAND PARK,3376,003451,0.55759472,code_token_name,high,0.993
2006,2000,HAMILTON,024 HIGHLAND PARK,3376,003399,0.44234664,code_token_name,high,0.993
2006,2000,HAMILTON,024 HIGHLAND PARK,3376,003365,5.864e-05,code_token_name,high,0.993
2006,2000,HAMILTON,025 HIXSON 1,3380,003412,0.58100662,code_token_name,high,0.993
2006,2000,HAMILTON,025 HIXSON 1,3380,003411,0.41740762,code_token_name,high,0.993
2006,2000,HAMILTON,025 HIXSON 1,3380,003438,0.00086914,code_token_name,high,0.993
2006,2000,HAMILTON,025 HIXSON 1,3380,003439,0.00035558,code_token_name,high,0.993
2006,2000,HAMILTON,025 HIXSON 1,3380,003413,0.00014839,code_token_name,high,0.993
2006,2000,HAMILTON,025 HIXSON 1,3380,003437,0.00012477,code_token_name,high,0.993
2006,2000,HAMILTON,025 HIXSON 1,3380,003386,8.543e-05,code_token_name,high,0.993
2006,2000,HAMILTON,025 HIXSON 1,3380,003446,2.45e-06,code_token_name,high,0.993
2006,2000,HAMILTON,026 HOWARD,3384,003352,0.51127596,code_token_name,high,0.993
2006,2000,HAMILTON,026 HOWARD,3384,003385,0.28768624,code_token_name,high,0.993
2006,2000,HAMILTON,026 HOWARD,3384,003399,0.12974822,code_token_name,high,0.993
2006,2000,HAMILTON,026 HOWARD,3384,003427,0.0688377,code_token_name,high,0.993
2006,2000,HAMILTON,026 HOWARD,3384,003463,0.00244539,code_token_name,high,0.993
2006,2000,HAMILTON,026 HOWARD,3384,003379,3.93e-06,code_token_name,high,0.993
2006,2000,HAMILTON,026 HOWARD,3384,003420,2.57e-06,code_token_name,high,0.993
2006,2000,HAMILTON,027 KINGSPOINT,3388,003414,0.43669465,code_token_name,high,0.993
2006,2000,HAMILTON,027 KINGSPOINT,3388,003415,0.3728502,code_token_name,high,0.993
2006,2000,HAMILTON,027 KINGSPOINT,3388,003354,0.11924482,code_token_name,high,0.993
2006,2000,HAMILTON,027 KINGSPOINT,3388,003381,0.06917109,code_token_name,high,0.993
2006,2000,HAMILTON,027 KINGSPOINT,3388,003390,0.00076799,code_token_name,high,0.993
2006,2000,HAMILTON,027 KINGSPOINT,3388,003389,0.00041552,code_token_name,high,0.993
2006,2000,HAMILTON,027 KINGSPOINT,3388,003416,0.00035646,code_token_name,high,0.993
2006,2000,HAMILTON,027 KINGSPOINT,3388,003358,0.00025942,code_token_name,high,0.993
2006,2000,HAMILTON,027 KINGSPOINT,3388,003417,0.00021297,code_token_name,high,0.993
2006,2000,HAMILTON,027 KINGSPOINT,3388,003386,2.605e-05,code_token_name,high,0.993
2006,2000,HAMILTON,027 KINGSPOINT,3388,003432,8.2e-07,code_token_name,high,0.993
2006,2000,HAMILTON,028 LAKE HILLS,3392,003417,0.99700894,code_token_name,high,0.993
2006,2000,HAMILTON,028 LAKE HILLS,3392,003414,0.00150068,code_token_name,high,0.993
2006,2000,HAMILTON,028 LAKE HILLS,3392,003432,0.00125117,code_token_name,high,0.993
2006,2000,HAMILTON,028 LAKE HILLS,3392,003362,0.00022219,code_token_name,high,0.993
2006,2000,HAMILTON,028 LAKE HILLS,3392,003415,9.22e-06,code_token_name,high,0.993
2006,2000,HAMILTON,028 LAKE HILLS,3392,003416,7.81e-06,code_token_name,high,0.993
2006,2000,HAMILTON,029 LUPTON CITY,3396,003422,0.72233041,code_token_name,high,0.993
2006,2000,HAMILTON,029 LUPTON CITY,3396,003386,0.27383561,code_token_name,high,0.993
2006,2000,HAMILTON,029 LUPTON CITY,3396,003450,0.00113836,code_token_name,high,0.993
2006,2000,HAMILTON,029 LUPTON CITY,3396,003437,0.00104299,code_token_name,high,0.993
2006,2000,HAMILTON,029 LUPTON CITY,3396,003465,0.00091438,code_token_name,high,0.993
2006,2000,HAMILTON,029 LUPTON CITY,3396,003354,0.00046384,code_token_name,high,0.993
2006,2000,HAMILTON,029 LUPTON CITY,3396,003449,0.00026931,code_token_name,high,0.993
2006,2000,HAMILTON,029 LUPTON CITY,3396,003413,5.1e-06,code_token_name,high,0.993
2006,2000,HAMILTON,031 MISSIONARY RIDGE,3404,003426,0.82200204,code_token_name,high,0.993
2006,2000,HAMILTON,031 MISSIONARY RIDGE,3404,003396,0.13275113,code_token_name,high,0.993
2006,2000,HAMILTON,031 MISSIONARY RIDGE,3404,003452,0.03423621,code_token_name,high,0.993
2006,2000,HAMILTON,031 MISSIONARY RIDGE,3404,003392,0.00549795,code_token_name,high,0.993
2006,2000,HAMILTON,031 MISSIONARY RIDGE,3404,003391,0.00203606,code_token_name,high,0.993
2006,2000,HAMILTON,031 MISSIONARY RIDGE,3404,003393,0.0020164,code_token_name,high,0.993
2006,2000,HAMILTON,031 MISSIONARY RIDGE,3404,003405,0.00144712,code_token_name,high,0.993
2006,2000,HAMILTON,031 MISSIONARY RIDGE,3404,003394,1.298e-05,code_token_name,high,0.993
2006,2000,HAMILTON,031 MISSIONARY RIDGE,3404,003453,1e-07,code_token_name,high,0.993
2006,2000,HAMILTON,032 MOCCASIN BEND,3408,003427,0.93102222,code_token_name,high,0.993
2006,2000,HAMILTON,032 MOCCASIN BEND,3408,003435,0.06502703,code_token_name,high,0.993
2006,2000,HAMILTON,032 MOCCASIN BEND,3408,003434,0.00201519,code_token_name,high,0.993
2006,2000,HAMILTON,032 MOCCASIN BEND,3408,003448,0.00136318,code_token_name,high,0.993
2006,2000,HAMILTON,032 MOCCASIN BEND,3408,003465,0.00026282,code_token_name,high,0.993
2006,2000,HAMILTON,032 MOCCASIN BEND,3408,003420,0.00025635,code_token_name,high,0.993
2006,2000,HAMILTON,032 MOCCASIN BEND,3408,003454,2.899e-05,code_token_name,high,0.993
2006,2000,HAMILTON,032 MOCCASIN BEND,3408,003430,1.296e-05,code_token_name,high,0.993
2006,2000,HAMILTON,032 MOCCASIN BEND,3408,003379,1.127e-05,code_token_name,high,0.993
2006,2000,HAMILTON,033 MOUNTAIN CREEK 1,3412,003428,0.83601784,code_token_name,high,0.993
2006,2000,HAMILTON,033 MOUNTAIN CREEK 1,3412,003430,0.14653405,code_token_name,high,0.993
2006,2000,HAMILTON,033 MOUNTAIN CREEK 1,3412,003450,0.00822887,code_token_name,high,0.993
2006,2000,HAMILTON,033 MOUNTAIN CREEK 1,3412,003471,0.00431712,code_token_name,high,0.993
2006,2000,HAMILTON,033 MOUNTAIN CREEK 1,3412,003448,0.00219653,code_token_name,high,0.993
2006,2000,HAMILTON,033 MOUNTAIN CREEK 1,3412,003427,0.00193153,code_token_name,high,0.993
2006,2000,HAMILTON,033 MOUNTAIN CREEK 1,3412,003456,0.00033633,code_token_name,high,0.993
2006,2000,HAMILTON,033 MOUNTAIN CREEK 1,3412,003429,0.00029562,code_token_name,high,0.993
2006,2000,HAMILTON,033 MOUNTAIN CREEK 1,3412,003439,0.00011441,code_token_name,high,0.993
2006,2000,HAMILTON,033 MOUNTAIN CREEK 1,3412,003420,2.481e-05,code_token_name,high,0.993
2006,2000,HAMILTON,033 MOUNTAIN CREEK 1,3412,003421,2.89e-06,code_token_name,high,0.993
2006,2000,HAMILTON,034 MURRAY HILLS,3416,003432,0.80510254,code_token_name,high,0.993
2006,2000,HAMILTON,034 MURRAY HILLS,3416,003433,0.16747891,code_token_name,high,0.993
2006,2000,HAMILTON,034 MURRAY HILLS,3416,003406,0.02158595,code_token_name,high,0.993
2006,2000,HAMILTON,034 MURRAY HILLS,3416,003415,0.00249739,code_token_name,high,0.993
2006,2000,HAMILTON,034 MURRAY HILLS,3416,003362,0.00201689,code_token_name,high,0.993
2006,2000,HAMILTON,034 MURRAY HILLS,3416,003354,0.00054862,code_token_name,high,0.993
2006,2000,HAMILTON,034 MURRAY HILLS,3416,003417,0.00040406,code_token_name,high,0.993
2006,2000,HAMILTON,034 MURRAY HILLS,3416,003386,0.00035633,code_token_name,high,0.993
2006,2000,HAMILTON,034 MURRAY HILLS,3416,003466,9.32e-06,code_token_name,high,0.993
2006,2000,HAMILTON,035 N CHATTANOOGA 1,3420,003434,0.89476433,code_token_name,high,0.993
2006,2000,HAMILTON,035 N CHATTANOOGA 1,3420,003454,0.0923401,code_token_name,high,0.993
2006,2000,HAMILTON,035 N CHATTANOOGA 1,3420,003435,0.01227755,code_token_name,high,0.993
2006,2000,HAMILTON,035 N CHATTANOOGA 1,3420,003354,0.00057324,code_token_name,high,0.993
2006,2000,HAMILTON,035 N CHATTANOOGA 1,3420,003379,4.479e-05,code_token_name,high,0.993
2006,2000,HAMILTON,036 NORTHGATE,3424,003437,0.81690634,code_token_name,high,0.993
2006,2000,HAMILTON,036 NORTHGATE,3424,003386,0.1551634,code_token_name,high,0.993
2006,2000,HAMILTON,036 NORTHGATE,3424,003422,0.02550149,code_token_name,high,0.993
2006,2000,HAMILTON,036 NORTHGATE,3424,003436,0.00209816,code_token_name,high,0.993
2006,2000,HAMILTON,036 NORTHGATE,3424,003450,0.00023324,code_token_name,high,0.993
2006,2000,HAMILTON,036 NORTHGATE,3424,003412,9.525e-05,code_token_name,high,0.993
2006,2000,HAMILTON,036 NORTHGATE,3424,003413,2.12e-06,code_token_name,high,0.993
2006,2000,HAMILTON,037 NORTHWOODS 1,3428,003438,0.88853359,code_token_name,high,0.993
2006,2000,HAMILTON,037 NORTHWOODS 1,3428,003439,0.08409169,code_token_name,high,0.993
2006,2000,HAMILTON,037 NORTHWOODS 1,3428,003471,0.01803524,code_token_name,high,0.993
2006,2000,HAMILTON,037 NORTHWOODS 1,3428,003428,0.00724545,code_token_name,high,0.993
2006,2000,HAMILTON,037 NORTHWOODS 1,3428,003450,0.0011118,code_token_name,high,0.993
2006,2000,HAMILTON,037 NORTHWOODS 1,3428,003436,0.00063293,code_token_name,high,0.993
2006,2000,HAMILTON,037 NORTHWOODS 1,3428,003437,0.00019959,code_token_name,high,0.993
2006,2000,HAMILTON,037 NORTHWOODS 1,3428,003411,0.00013683,code_token_name,high,0.993
2006,2000,HAMILTON,037 NORTHWOODS 1,3428,003412,1.287e-05,code_token_name,high,0.993
2006,2000,HAMILTON,038 NORTHWOODS 2,3432,003436,0.98395988,code_token_name,high,0.993
2006,2000,HAMILTON,038 NORTHWOODS 2,3432,003450,0.0112929,code_token_name,high,0.993
2006,2000,HAMILTON,038 NORTHWOODS 2,3432,003437,0.00455703,code_token_name,high,0.993
2006,2000,HAMILTON,038 NORTHWOODS 2,3432,003438,0.00019019,code_token_name,high,0.993
2006,2000,HAMILTON,040 PINEY WOODS,3440,003352,0.97900961,code_token_name,high,0.993
2006,2000,HAMILTON,040 PINEY WOODS,3440,003463,0.01602764,code_token_name,high,0.993
2006,2000,HAMILTON,040 PINEY WOODS,3440,003391,0.00488556,code_token_name,high,0.993
2006,2000,HAMILTON,040 PINEY WOODS,3440,003353,7.72e-05,code_token_name,high,0.993
2006,2000,HAMILTON,041 RIDGEDALE,3444,003451,0.66159821,code_token_name,high,0.993
2006,2000,HAMILTON,041 RIDGEDALE,3444,003452,0.2768588,code_token_name,high,0.993
2006,2000,HAMILTON,041 RIDGEDALE,3444,003426,0.06081232,code_token_name,high,0.993
2006,2000,HAMILTON,041 RIDGEDALE,3444,003405,0.00068759,code_token_name,high,0.993
2006,2000,HAMILTON,041 RIDGEDALE,3444,003399,4.267e-05,code_token_name,high,0.993
2006,2000,HAMILTON,041 RIDGEDALE,3444,003365,4e-07,code_token_name,high,0.993
2006,2000,HAMILTON,042 RIVERVIEW,3448,003454,0.70663032,code_token_name,high,0.993
2006,2000,HAMILTON,042 RIVERVIEW,3448,003465,0.28434527,code_token_name,high,0.993
2006,2000,HAMILTON,042 RIVERVIEW,3448,003435,0.0051201,code_token_name,high,0.993
2006,2000,HAMILTON,042 RIVERVIEW,3448,003448,0.00184873,code_token_name,high,0.993
2006,2000,HAMILTON,042 RIVERVIEW,3448,003354,0.00146075,code_token_name,high,0.993
2006,2000,HAMILTON,042 RIVERVIEW,3448,003434,0.00059482,code_token_name,high,0.993
2006,2000,HAMILTON,043 ST ELMO 1,3452,003463,0.90565704,code_token_name,high,0.993
2006,2000,HAMILTON,043 ST ELMO 1,3452,003385,0.05155242,code_token_name,high,0.993
2006,2000,HAMILTON,043 ST ELMO 1,3452,003353,0.02779742,code_token_name,high,0.993
2006,2000,HAMILTON,043 ST ELMO 1,3452,003420,0.00528071,code_token_name,high,0.993
2006,2000,HAMILTON,043 ST ELMO 1,3452,003464,0.00519114,code_token_name,high,0.993
2006,2000,HAMILTON,043 ST ELMO 1,3452,003352,0.00452127,code_token_name,high,0.993
2006,2000,HAMILTON,044 STUART HEIGHTS 1,3456,003465,0.98101112,code_token_name,high,0.993
2006,2000,HAMILTON,044 STUART HEIGHTS 1,3456,003422,0.01511642,code_token_name,high,0.993
2006,2000,HAMILTON,044 STUART HEIGHTS 1,3456,003448,0.0016565,code_token_name,high,0.993
2006,2000,HAMILTON,044 STUART HEIGHTS 1,3456,003449,0.00120599,code_token_name,high,0.993
2006,2000,HAMILTON,044 STUART HEIGHTS 1,3456,003454,0.00100998,code_token_name,high,0.993
2006,2000,HAMILTON,045 SUNNYSIDE,3460,003426,0.45363257,code_token_name,high,0.993
2006,2000,HAMILTON,045 SUNNYSIDE,3460,003396,0.4081556,code_token_name,high,0.993
2006,2000,HAMILTON,045 SUNNYSIDE,3460,003397,0.13626607,code_token_name,high,0.993
2006,2000,HAMILTON,045 SUNNYSIDE,3460,003453,0.00179496,code_token_name,high,0.993
2006,2000,HAMILTON,045 SUNNYSIDE,3460,003363,0.00014859,code_token_name,high,0.993
2006,2000,HAMILTON,045 SUNNYSIDE,3460,003393,2.22e-06,code_token_name,high,0.993
2006,2000,HAMILTON,046 TYNER 1,3464,003469,0.46141381,code_token_name,high,0.993
2006,2000,HAMILTON,046 TYNER 1,3464,003374,0.27045358,code_token_name,high,0.993
2006,2000,HAMILTON,046 TYNER 1,3464,003377,0.10302823,code_token_name,high,0.993
2006,2000,HAMILTON,046 TYNER 1,3464,003351,0.08835731,code_token_name,high,0.993
2006,2000,HAMILTON,046 TYNER 1,3464,003470,0.07026653,code_token_name,high,0.993
2006,2000,HAMILTON,046 TYNER 1,3464,003364,0.00491131,code_token_name,high,0.993
2006,2000,HAMILTON,046 TYNER 1,3464,003372,0.00057987,code_token_name,high,0.993
2006,2000,HAMILTON,046 TYNER 1,3464,003378,0.00056512,code_token_name,high,0.993
2006,2000,HAMILTON,046 TYNER 1,3464,003466,0.00041587,code_token_name,high,0.993
2006,2000,HAMILTON,046 TYNER 1,3464,003375,8.37e-06,code_token_name,high,0.993
2006,2000,HAMILTON,048 LOOKOUT VALLEY 1,3472,003420,0.98583054,code_token_name,high,0.993
2006,2000,HAMILTON,048 LOOKOUT VALLEY 1,3472,003385,0.00808796,code_token_name,high,0.993
2006,2000,HAMILTON,048 LOOKOUT VALLEY 1,3472,003421,0.00484139,code_token_name,high,0.993
2006,2000,HAMILTON,048 LOOKOUT VALLEY 1,3472,003464,0.00119193,code_token_name,high,0.993
2006,2000,HAMILTON,048 LOOKOUT VALLEY 1,3472,003427,4.818e-05,code_token_name,high,0.993
2006,2000,HAMILTON,049 WOODMORE,3476,003476,0.9814342,code_token_name,high,0.993
2006,2000,HAMILTON,049 WOODMORE,3476,003396,0.01400556,code_token_name,high,0.993
2006,2000,HAMILTON,049 WOODMORE,3476,003477,0.00385571,code_token_name,high,0.993
2006,2000,HAMILTON,049 WOODMORE,3476,003398,0.00065928,code_token_name,high,0.993
2006,2000,HAMILTON,049 WOODMORE,3476,003397,4.525e-05,code_token_name,high,0.993
2006,2000,HAMILTON,050 APISON 1,3480,003355,0.89185877,code_token_name,high,0.993
2006,2000,HAMILTON,050 APISON 1,3480,003445,0.10529957,code_token_name,high,0.993
2006,2000,HAMILTON,050 APISON 1,3480,003368,0.0018071,code_token_name,high,0.993
2006,2000,HAMILTON,050 APISON 1,3480,003369,0.0006948,code_token_name,high,0.993
2006,2000,HAMILTON,050 APISON 1,3480,003370,0.0003239,code_token_name,high,0.993
2006,2000,HAMILTON,050 APISON 1,3480,003444,1.586e-05,code_token_name,high,0.993
2006,2000,HAMILTON,051 BIRCHWOOD,3484,003361,0.99855678,code_token_name,high,0.993
2006,2000,HAMILTON,051 BIRCHWOOD,3484,003423,0.00066483,code_token_name,high,0.993
2006,2000,HAMILTON,051 BIRCHWOOD,3484,003455,0.00048909,code_token_name,high,0.993
2006,2000,HAMILTON,051 BIRCHWOOD,3484,003360,0.00018232,code_token_name,high,0.993
2006,2000,HAMILTON,051 BIRCHWOOD,3484,003382,9.319e-05,code_token_name,high,0.993
2006,2000,HAMILTON,051 BIRCHWOOD,3484,003383,1.379e-05,code_token_name,high,0.993
2006,2000,HAMILTON,052 COLLEGEDALE 1,3488,003368,0.35889403,code_token_name,high,0.993
2006,2000,HAMILTON,052 COLLEGEDALE 1,3488,003367,0.25948835,code_token_name,high,0.993
2006,2000,HAMILTON,052 COLLEGEDALE 1,3488,003370,0.2012318,code_token_name,high,0.993
2006,2000,HAMILTON,052 COLLEGEDALE 1,3488,003369,0.06504551,code_token_name,high,0.993
2006,2000,HAMILTON,052 COLLEGEDALE 1,3488,003357,0.05125938,code_token_name,high,0.993
2006,2000,HAMILTON,052 COLLEGEDALE 1,3488,003443,0.03928708,code_token_name,high,0.993
2006,2000,HAMILTON,052 COLLEGEDALE 1,3488,003444,0.00901719,code_token_name,high,0.993
2006,2000,HAMILTON,052 COLLEGEDALE 1,3488,003355,0.0069775,code_token_name,high,0.993
2006,2000,HAMILTON,052 COLLEGEDALE 1,3488,003445,0.00605151,code_token_name,high,0.993
2006,2000,HAMILTON,052 COLLEGEDALE 1,3488,003356,0.00274747,code_token_name,high,0.993
2006,2000,HAMILTON,052 COLLEGEDALE 1,3488,003440,1.9e-07,code_token_name,high,0.993
2006,2000,HAMILTON,053 EAST RIDGE 1,3492,003393,0.9802796,code_token_name,high,0.993
2006,2000,HAMILTON,053 EAST RIDGE 1,3492,003426,0.01242316,code_token_name,high,0.993
2006,2000,HAMILTON,053 EAST RIDGE 1,3492,003392,0.00400137,code_token_name,high,0.993
2006,2000,HAMILTON,053 EAST RIDGE 1,3492,003363,0.00329434,code_token_name,high,0.993
2006,2000,HAMILTON,053 EAST RIDGE 1,3492,003394,1.53e-06,code_token_name,high,0.993
2006,2000,HAMILTON,054 EAST RIDGE 2,3496,003395,0.99365148,code_token_name,high,0.993
2006,2000,HAMILTON,054 EAST RIDGE 2,3496,003363,0.00226023,code_token_name,high,0.993
2006,2000,HAMILTON,054 EAST RIDGE 2,3496,003371,0.00148169,code_token_name,high,0.993
2006,2000,HAMILTON,054 EAST RIDGE 2,3496,003364,0.00120047,code_token_name,high,0.993
2006,2000,HAMILTON,054 EAST RIDGE 2,3496,003388,0.00064301,code_token_name,high,0.993
2006,2000,HAMILTON,054 EAST RIDGE 2,3496,003392,0.00041043,code_token_name,high,0.993
2006,2000,HAMILTON,054 EAST RIDGE 2,3496,003394,0.00035269,code_token_name,high,0.993
2006,2000,HAMILTON,055 EAST RIDGE 3,3500,003392,0.9872085,code_token_name,high,0.993
2006,2000,HAMILTON,055 EAST RIDGE 3,3500,003426,0.00756568,code_token_name,high,0.993
2006,2000,HAMILTON,055 EAST RIDGE 3,3500,003394,0.00413725,code_token_name,high,0.993
2006,2000,HAMILTON,055 EAST RIDGE 3,3500,003393,0.00108858,code_token_name,high,0.993
2006,2000,HAMILTON,056 EAST RIDGE 4,3504,003392,0.98772735,code_token_name,high,0.993
2006,2000,HAMILTON,056 EAST RIDGE 4,3504,003363,0.00798734,code_token_name,high,0.993
2006,2000,HAMILTON,056 EAST RIDGE 4,3504,003395,0.00226107,code_token_name,high,0.993
2006,2000,HAMILTON,056 EAST RIDGE 4,3504,003393,0.00149607,code_token_name,high,0.993
2006,2000,HAMILTON,056 EAST RIDGE 4,3504,003394,0.00052817,code_token_name,high,0.993
2006,2000,HAMILTON,057 EAST RIDGE 5,3508,003394,0.99492661,code_token_name,high,0.993
2006,2000,HAMILTON,057 EAST RIDGE 5,3508,003392,0.00242598,code_token_name,high,0.993
2006,2000,HAMILTON,057 EAST RIDGE 5,3508,003395,0.00174254,code_token_name,high,0.993
2006,2000,HAMILTON,057 EAST RIDGE 5,3508,003426,0.00090487,code_token_name,high,0.993
2006,2000,HAMILTON,058 HARRISON 1,3512,003407,0.89768535,code_token_name,high,0.993
2006,2000,HAMILTON,058 HARRISON 1,3512,003406,0.09061376,code_token_name,high,0.993
2006,2000,HAMILTON,058 HARRISON 1,3512,003433,0.00537258,code_token_name,high,0.993
2006,2000,HAMILTON,058 HARRISON 1,3512,003409,0.00409194,code_token_name,high,0.993
2006,2000,HAMILTON,058 HARRISON 1,3512,003466,0.00075602,code_token_name,high,0.993
2006,2000,HAMILTON,058 HARRISON 1,3512,003413,0.00048034,code_token_name,high,0.993
2006,2000,HAMILTON,058 HARRISON 1,3512,003408,0.00039251,code_token_name,high,0.993
2006,2000,HAMILTON,058 HARRISON 1,3512,003404,0.00038778,code_token_name,high,0.993
2006,2000,HAMILTON,058 HARRISON 1,3512,003386,0.00021972,code_token_name,high,0.993
2006,2000,HAMILTON,059 MEADOWVIEW,3516,003361,0.99639876,code_token_name,high,0.993
2006,2000,HAMILTON,059 MEADOWVIEW,3516,003423,0.00341077,code_token_name,high,0.993
2006,2000,HAMILTON,059 MEADOWVIEW,3516,003459,0.00019046,code_token_name,high,0.993
2006,2000,HAMILTON,060 OOLTEWAH 1,3520,003443,0.65011891,code_token_name,high,0.993
2006,2000,HAMILTON,060 OOLTEWAH 1,3520,003459,0.17144563,code_token_name,high,0.993
2006,2000,HAMILTON,060 OOLTEWAH 1,3520,003468,0.05957633,code_token_name,high,0.993
2006,2000,HAMILTON,060 OOLTEWAH 1,3520,003370,0.05160094,code_token_name,high,0.993
2006,2000,HAMILTON,060 OOLTEWAH 1,3520,003442,0.03570792,code_token_name,high,0.993
2006,2000,HAMILTON,060 OOLTEWAH 1,3520,003444,0.03090402,code_token_name,high,0.993
2006,2000,HAMILTON,060 OOLTEWAH 1,3520,003408,0.00024838,code_token_name,high,0.993
2006,2000,HAMILTON,060 OOLTEWAH 1,3520,003469,0.00011977,code_token_name,high,0.993
2006,2000,HAMILTON,060 OOLTEWAH 1,3520,003440,7.035e-05,code_token_name,high,0.993
2006,2000,HAMILTON,060 OOLTEWAH 1,3520,003409,6.742e-05,code_token_name,high,0.993
2006,2000,HAMILTON,060 OOLTEWAH 1,3520,003367,4.258e-05,code_token_name,high,0.993
2006,2000,HAMILTON,060 OOLTEWAH 1,3520,003467,3.964e-05,code_token_name,high,0.993
2006,2000,HAMILTON,060 OOLTEWAH 1,3520,003445,3.352e-05,code_token_name,high,0.993
2006,2000,HAMILTON,060 OOLTEWAH 1,3520,003361,2.461e-05,code_token_name,high,0.993
2006,2000,HAMILTON,061 RIDGESIDE,3524,003453,0.9497655,code_token_name,high,0.993
2006,2000,HAMILTON,061 RIDGESIDE,3524,003396,0.0502345,code_token_name,high,0.993
2006,2000,HAMILTON,062 SNOWHILL,3528,003458,0.3489133,code_token_name,high,0.993
2006,2000,HAMILTON,062 SNOWHILL,3528,003459,0.24364262,code_token_name,high,0.993
2006,2000,HAMILTON,062 SNOWHILL,3528,003361,0.20537191,code_token_name,high,0.993
2006,2000,HAMILTON,062 SNOWHILL,3528,003423,0.19930702,code_token_name,high,0.993
2006,2000,HAMILTON,062 SNOWHILL,3528,003409,0.00221389,code_token_name,high,0.993
2006,2000,HAMILTON,062 SNOWHILL,3528,003410,0.00027381,code_token_name,high,0.993
2006,2000,HAMILTON,062 SNOWHILL,3528,003383,0.00016178,code_token_name,high,0.993
2006,2000,HAMILTON,062 SNOWHILL,3528,003443,0.00011568,code_token_name,high,0.993
2006,2000,HAMILTON,063 SUMMIT 1,3532,003466,0.69080539,code_token_name,high,0.993
2006,2000,HAMILTON,063 SUMMIT 1,3532,003441,0.09488134,code_token_name,high,0.993
2006,2000,HAMILTON,063 SUMMIT 1,3532,003468,0.07385451,code_token_name,high,0.993
2006,2000,HAMILTON,063 SUMMIT 1,3532,003467,0.06069798,code_token_name,high,0.993
2006,2000,HAMILTON,063 SUMMIT 1,3532,003469,0.05011662,code_token_name,high,0.993
2006,2000,HAMILTON,063 SUMMIT 1,3532,003407,0.01411074,code_token_name,high,0.993
2006,2000,HAMILTON,063 SUMMIT 1,3532,003442,0.00939675,code_token_name,high,0.993
2006,2000,HAMILTON,063 SUMMIT 1,3532,003408,0.0038007,code_token_name,high,0.993
2006,2000,HAMILTON,063 SUMMIT 1,3532,003443,0.00113665,code_token_name,high,0.993
2006,2000,HAMILTON,063 SUMMIT 1,3532,003378,0.0007718,code_token_name,high,0.993
2006,2000,HAMILTON,063 SUMMIT 1,3532,003440,0.00033073,code_token_name,high,0.993
2006,2000,HAMILTON,063 SUMMIT 1,3532,003362,9.569e-05,code_token_name,high,0.993
2006,2000,HAMILTON,063 SUMMIT 1,3532,003433,1.1e-06,code_token_name,high,0.993
2006,2000,HAMILTON,064 WESTVIEW 1,3536,003473,0.99681281,code_token_name,high,0.993
2006,2000,HAMILTON,064 WESTVIEW 1,3536,003475,0.00166688,code_token_name,high,0.993
2006,2000,HAMILTON,064 WESTVIEW 1,3536,003474,0.00082173,code_token_name,high,0.993
2006,2000,HAMILTON,064 WESTVIEW 1,3536,003440,0.00036807,code_token_name,high,0.993
2006,2000,HAMILTON,064 WESTVIEW 1,3536,003355,0.00033046,code_token_name,high,0.993
2006,2000,HAMILTON,064 WESTVIEW 1,3536,003356,5e-08,code_token_name,high,0.993
2006,2000,HAMILTON,065 BAKEWELL,3540,003359,0.92934666,code_token_name,high,0.993
2006,2000,HAMILTON,065 BAKEWELL,3540,003360,0.05072215,code_token_name,high,0.993
2006,2000,HAMILTON,065 BAKEWELL,3540,003460,0.01459418,code_token_name,high,0.993
2006,2000,HAMILTON,065 BAKEWELL,3540,003455,0.00451961,code_token_name,high,0.993
2006,2000,HAMILTON,065 BAKEWELL,3540,003403,0.0008174,code_token_name,high,0.993
2006,2000,HAMILTON,066 DALLAS,3544,003382,0.67306336,code_token_name,high,0.993
2006,2000,HAMILTON,066 DALLAS,3544,003383,0.27112896,code_token_name,high,0.993
2006,2000,HAMILTON,066 DALLAS,3544,003425,0.04662876,code_token_name,high,0.993
2006,2000,HAMILTON,066 DALLAS,3544,003418,0.00804055,code_token_name,high,0.993
2006,2000,HAMILTON,066 DALLAS,3544,003460,0.00038046,code_token_name,high,0.993
2006,2000,HAMILTON,066 DALLAS,3544,003458,0.0002832,code_token_name,high,0.993
2006,2000,HAMILTON,066 DALLAS,3544,003410,0.00016156,code_token_name,high,0.993
2006,2000,HAMILTON,066 DALLAS,3544,003424,0.00012382,code_token_name,high,0.993
2006,2000,HAMILTON,066 DALLAS,3544,003461,0.00011945,code_token_name,high,0.993
2006,2000,HAMILTON,066 DALLAS,3544,003361,5.977e-05,code_token_name,high,0.993
2006,2000,HAMILTON,066 DALLAS,3544,003359,8.81e-06,code_token_name,high,0.993
2006,2000,HAMILTON,066 DALLAS,3544,003404,1.31e-06,code_token_name,high,0.993
2006,2000,HAMILTON,067 FAIRMOUNT,3548,003401,0.96215354,code_token_name,high,0.993
2006,2000,HAMILTON,067 FAIRMOUNT,3548,003456,0.03667288,code_token_name,high,0.993
2006,2000,HAMILTON,067 FAIRMOUNT,3548,003431,0.00061532,code_token_name,high,0.993
2006,2000,HAMILTON,067 FAIRMOUNT,3548,003472,0.00035123,code_token_name,high,0.993
2006,2000,HAMILTON,067 FAIRMOUNT,3548,003402,0.00020581,code_token_name,high,0.993
2006,2000,HAMILTON,067 FAIRMOUNT,3548,003457,1.22e-06,code_token_name,high,0.993
2006,2000,HAMILTON,068 FALLING WATER 1,3552,003402,0.59475535,code_token_name,high,0.993
2006,2000,HAMILTON,068 FALLING WATER 1,3552,003461,0.16603545,code_token_name,high,0.993
2006,2000,HAMILTON,068 FALLING WATER 1,3552,003439,0.12469219,code_token_name,high,0.993
2006,2000,HAMILTON,068 FALLING WATER 1,3552,003471,0.11291047,code_token_name,high,0.993
2006,2000,HAMILTON,068 FALLING WATER 1,3552,003401,0.00064725,code_token_name,high,0.993
2006,2000,HAMILTON,068 FALLING WATER 1,3552,003428,0.00048173,code_token_name,high,0.993
2006,2000,HAMILTON,068 FALLING WATER 1,3552,003446,0.00033504,code_token_name,high,0.993
2006,2000,HAMILTON,068 FALLING WATER 1,3552,003411,9.787e-05,code_token_name,high,0.993
2006,2000,HAMILTON,068 FALLING WATER 1,3552,003431,3.35e-05,code_token_name,high,0.993
2006,2000,HAMILTON,068 FALLING WATER 1,3552,003462,1.114e-05,code_token_name,high,0.993
2006,2000,HAMILTON,069 FLAT TOP MTN,3556,003403,0.97328713,code_token_name,high,0.993
2006,2000,HAMILTON,069 FLAT TOP MTN,3556,003460,0.02580384,code_token_name,high,0.993
2006,2000,HAMILTON,069 FLAT TOP MTN,3556,003359,0.00054134,code_token_name,high,0.993
2006,2000,HAMILTON,069 FLAT TOP MTN,3556,003431,0.00036769,code_token_name,high,0.993
2006,2000,HAMILTON,070 GANNS,3560,003404,0.75953285,code_token_name,high,0.993
2006,2000,HAMILTON,070 GANNS,3560,003446,0.18014373,code_token_name,high,0.993
2006,2000,HAMILTON,070 GANNS,3560,003418,0.05485762,code_token_name,high,0.993
2006,2000,HAMILTON,070 GANNS,3560,003413,0.00476353,code_token_name,high,0.993
2006,2000,HAMILTON,070 GANNS,3560,003407,0.00038769,code_token_name,high,0.993
2006,2000,HAMILTON,070 GANNS,3560,003424,0.00022661,code_token_name,high,0.993
2006,2000,HAMILTON,070 GANNS,3560,003412,4.426e-05,code_token_name,high,0.993
2006,2000,HAMILTON,070 GANNS,3560,003409,4.299e-05,code_token_name,high,0.993
2006,2000,HAMILTON,070 GANNS,3560,003410,6.5e-07,code_token_name,high,0.993
2006,2000,HAMILTON,070 GANNS,3560,003383,7e-08,code_token_name,high,0.993
2006,2000,HAMILTON,071 LAKESITE,3564,003418,0.99849801,code_token_name,high,0.993
2006,2000,HAMILTON,071 LAKESITE,3564,003383,0.00076845,code_token_name,high,0.993
2006,2000,HAMILTON,071 LAKESITE,3564,003410,0.00067281,code_token_name,high,0.993
2006,2000,HAMILTON,071 LAKESITE,3564,003404,6.073e-05,code_token_name,high,0.993
2006,2000,HAMILTON,072 LOOKOUT MTN 1,3568,003419,0.99779081,code_token_name,high,0.993
2006,2000,HAMILTON,072 LOOKOUT MTN 1,3568,003463,0.00131184,code_token_name,high,0.993
2006,2000,HAMILTON,072 LOOKOUT MTN 1,3568,003421,0.00089735,code_token_name,high,0.993
2006,2000,HAMILTON,073 MIDDLE VALLEY,3572,003424,0.7680286,code_token_name,high,0.993
2006,2000,HAMILTON,073 MIDDLE VALLEY,3572,003462,0.17991747,code_token_name,high,0.993
2006,2000,HAMILTON,073 MIDDLE VALLEY,3572,003418,0.05040903,code_token_name,high,0.993
2006,2000,HAMILTON,073 MIDDLE VALLEY,3572,003461,0.00093138,code_token_name,high,0.993
2006,2000,HAMILTON,073 MIDDLE VALLEY,3572,003404,0.00038678,code_token_name,high,0.993
2006,2000,HAMILTON,073 MIDDLE VALLEY,3572,003446,0.00019095,code_token_name,high,0.993
2006,2000,HAMILTON,073 MIDDLE VALLEY,3572,003425,0.0001358,code_token_name,high,0.993
2006,2000,HAMILTON,074 MOWBRAY,3576,003431,0.97468558,code_token_name,high,0.993
2006,2000,HAMILTON,074 MOWBRAY,3576,003461,0.01233199,code_token_name,high,0.993
2006,2000,HAMILTON,074 MOWBRAY,3576,003460,0.01200169,code_token_name,high,0.993
2006,2000,HAMILTON,074 MOWBRAY,3576,003401,0.00059739,code_token_name,high,0.993
2006,2000,HAMILTON,074 MOWBRAY,3576,003403,0.00035401,code_token_name,high,0.993
2006,2000,HAMILTON,074 MOWBRAY,3576,003402,2.934e-05,code_token_name,high,0.993
2006,2000,HAMILTON,075 PLEASANT GROVE 1,3580,003446,0.74574976,code_token_name,high,0.993
2006,2000,HAMILTON,075 PLEASANT GROVE 1,3580,003447,0.09081083,code_token_name,high,0.993
2006,2000,HAMILTON,075 PLEASANT GROVE 1,3580,003439,0.08570769,code_token_name,high,0.993
2006,2000,HAMILTON,075 PLEASANT GROVE 1,3580,003462,0.07229487,code_token_name,high,0.993
2006,2000,HAMILTON,075 PLEASANT GROVE 1,3580,003412,0.00444136,code_token_name,high,0.993
2006,2000,HAMILTON,075 PLEASANT GROVE 1,3580,003461,0.00051297,code_token_name,high,0.993
2006,2000,HAMILTON,075 PLEASANT GROVE 1,3580,003411,0.00048253,code_token_name,high,0.993
2006,2000,HAMILTON,076 RED BANK 1,3584,003448,0.98304059,code_token_name,high,0.993
2006,2000,HAMILTON,076 RED BANK 1,3584,003427,0.01069351,code_token_name,high,0.993
2006,2000,HAMILTON,076 RED BANK 1,3584,003435,0.00429086,code_token_name,high,0.993
2006,2000,HAMILTON,076 RED BANK 1,3584,003430,0.00074216,code_token_name,high,0.993
2006,2000,HAMILTON,076 RED BANK 1,3584,003465,0.00062226,code_token_name,high,0.993
2006,2000,HAMILTON,076 RED BANK 1,3584,003449,0.00049623,code_token_name,high,0.993
2006,2000,HAMILTON,076 RED BANK 1,3584,003428,0.0001141,code_token_name,high,0.993
2006,2000,HAMILTON,076 RED BANK 1,3584,003450,2.8e-07,code_token_name,high,0.993
2006,2000,HAMILTON,077 RED BANK 2,3588,003450,0.71403831,code_token_name,high,0.993
2006,2000,HAMILTON,077 RED BANK 2,3588,003449,0.27467503,code_token_name,high,0.993
2006,2000,HAMILTON,077 RED BANK 2,3588,003448,0.00850092,code_token_name,high,0.993
2006,2000,HAMILTON,077 RED BANK 2,3588,003436,0.00206498,code_token_name,high,0.993
2006,2000,HAMILTON,077 RED BANK 2,3588,003465,0.00066091,code_token_name,high,0.993
2006,2000,HAMILTON,077 RED BANK 2,3588,003422,5.984e-05,code_token_name,high,0.993
2006,2000,HAMILTON,078 RED BANK 3,3592,003450,0.99473722,code_token_name,high,0.993
2006,2000,HAMILTON,078 RED BANK 3,3592,003436,0.00204754,code_token_name,high,0.993
2006,2000,HAMILTON,078 RED BANK 3,3592,003439,0.00193863,code_token_name,high,0.993
2006,2000,HAMILTON,078 RED BANK 3,3592,003438,0.00127661,code_token_name,high,0.993
2006,2000,HAMILTON,080 SALE CREEK,3600,003455,0.99931856,code_token_name,high,0.993
2006,2000,HAMILTON,080 SALE CREEK,3600,003359,0.00049327,code_token_name,high,0.993
2006,2000,HAMILTON,080 SALE CREEK,3600,003360,0.00018799,code_token_name,high,0.993
2006,2000,HAMILTON,080 SALE CREEK,3600,003361,1.8e-07,code_token_name,high,0.993
2006,2000,HAMILTON,081 SIGNAL MTN EAST,3604,003457,0.9804571,code_token_name,high,0.993
2006,2000,HAMILTON,081 SIGNAL MTN EAST,3604,003456,0.01090211,code_token_name,high,0.993
2006,2000,HAMILTON,081 SIGNAL MTN EAST,3604,003471,0.00640617,code_token_name,high,0.993
2006,2000,HAMILTON,081 SIGNAL MTN EAST,3604,003472,0.00170863,code_token_name,high,0.993
2006,2000,HAMILTON,081 SIGNAL MTN EAST,3604,003428,0.00052307,code_token_name,high,0.993
2006,2000,HAMILTON,081 SIGNAL MTN EAST,3604,003401,2.92e-06,code_token_name,high,0.993
2006,2000,HAMILTON,082 SIGNAL MTN WEST,3608,003456,0.98869774,code_token_name,high,0.993
2006,2000,HAMILTON,082 SIGNAL MTN WEST,3608,003401,0.00785678,code_token_name,high,0.993
2006,2000,HAMILTON,082 SIGNAL MTN WEST,3608,003457,0.00195406,code_token_name,high,0.993
2006,2000,HAMILTON,082 SIGNAL MTN WEST,3608,003471,0.00110862,code_token_name,high,0.993
2006,2000,HAMILTON,082 SIGNAL MTN WEST,3608,003428,0.0003828,code_token_name,high,0.993
2006,2000,HAMILTON,083 SODDY DAISY 1,3612,003460,0.99868549,code_token_name,high,0.993
2006,2000,HAMILTON,083 SODDY DAISY 1,3612,003403,0.00040952,code_token_name,high,0.993
2006,2000,HAMILTON,083 SODDY DAISY 1,3612,003359,0.00038054,code_token_name,high,0.993
2006,2000,HAMILTON,083 SODDY DAISY 1,3612,003360,0.00037465,code_token_name,high,0.993
2006,2000,HAMILTON,083 SODDY DAISY 1,3612,003382,0.0001498,code_token_name,high,0.993
2006,2000,HAMILTON,084 SODDY DAISY 2,3616,003461,0.64525362,code_token_name,high,0.993
2006,2000,HAMILTON,084 SODDY DAISY 2,3616,003460,0.3448066,code_token_name,high,0.993
2006,2000,HAMILTON,084 SODDY DAISY 2,3616,003431,0.00536554,code_token_name,high,0.993
2006,2000,HAMILTON,084 SODDY DAISY 2,3616,003462,0.0042169,code_token_name,high,0.993
2006,2000,HAMILTON,084 SODDY DAISY 2,3616,003382,0.00030195,code_token_name,high,0.993
2006,2000,HAMILTON,084 SODDY DAISY 2,3616,003425,3.79e-05,code_token_name,high,0.993
2006,2000,HAMILTON,084 SODDY DAISY 2,3616,003439,1.622e-05,code_token_name,high,0.993
2006,2000,HAMILTON,084 SODDY DAISY 2,3616,003424,1.25e-06,code_token_name,high,0.993
2006,2000,HAMILTON,084 SODDY DAISY 2,3616,003402,2e-08,code_token_name,high,0.993
2006,2000,HAMILTON,085 VALDEAU,3620,003471,0.99308688,code_token_name,high,0.993
2006,2000,HAMILTON,085 VALDEAU,3620,003428,0.00477409,code_token_name,high,0.993
2006,2000,HAMILTON,085 VALDEAU,3620,003457,0.00145688,code_token_name,high,0.993
2006,2000,HAMILTON,085 VALDEAU,3620,003472,0.00050249,code_token_name,high,0.993
2006,2000,HAMILTON,085 VALDEAU,3620,003402,0.00017965,code_token_name,high,0.993
2006,2000,HAMILTON,086 WALDEN,3624,003472,0.96261345,code_token_name,high,0.993
2006,2000,HAMILTON,086 WALDEN,3624,003401,0.0230516,code_token_name,high,0.993
2006,2000,HAMILTON,086 WALDEN,3624,003471,0.01123081,code_token_name,high,0.993
2006,2000,HAMILTON,086 WALDEN,3624,003457,0.00183618,code_token_name,high,0.993
2006,2000,HAMILTON,086 WALDEN,3624,003402,0.00126796,code_token_name,high,0.993
2006,2000,HAMILTON,088 HIXSON 2,3381,003413,0.59073882,code_token_name,high,0.993
2006,2000,HAMILTON,088 HIXSON 2,3381,003412,0.40868027,code_token_name,high,0.993
2006,2000,HAMILTON,088 HIXSON 2,3381,003386,0.00041999,code_token_name,high,0.993
2006,2000,HAMILTON,088 HIXSON 2,3381,003404,0.00016093,code_token_name,high,0.993
2006,2000,HAMILTON,089 OOLTEWAH 2,3632,003440,0.44110925,code_token_name,high,0.993
2006,2000,HAMILTON,089 OOLTEWAH 2,3632,003356,0.19339312,code_token_name,high,0.993
2006,2000,HAMILTON,089 OOLTEWAH 2,3632,003441,0.1388603,code_token_name,high,0.993
2006,2000,HAMILTON,089 OOLTEWAH 2,3632,003378,0.13339147,code_token_name,high,0.993
2006,2000,HAMILTON,089 OOLTEWAH 2,3632,003367,0.08761174,code_token_name,high,0.993
2006,2000,HAMILTON,089 OOLTEWAH 2,3632,003375,0.00371048,code_token_name,high,0.993
2006,2000,HAMILTON,089 OOLTEWAH 2,3632,003473,0.00044533,code_token_name,high,0.993
2006,2000,HAMILTON,089 OOLTEWAH 2,3632,003355,0.00044384,code_token_name,high,0.993
2006,2000,HAMILTON,089 OOLTEWAH 2,3632,003475,0.0004302,code_token_name,high,0.993
2006,2000,HAMILTON,089 OOLTEWAH 2,3632,003469,0.000268,code_token_name,high,0.993
2006,2000,HAMILTON,089 OOLTEWAH 2,3632,003370,0.00020791,code_token_name,high,0.993
2006,2000,HAMILTON,089 OOLTEWAH 2,3632,003443,0.00011155,code_token_name,high,0.993
2006,2000,HAMILTON,089 OOLTEWAH 2,3632,003467,1.682e-05,code_token_name,high,0.993
2006,2000,HAMILTON,090 HARRISON 2,3636,003409,0.40357458,code_token_name,high,0.993
2006,2000,HAMILTON,090 HARRISON 2,3636,003408,0.29518904,code_token_name,high,0.993
2006,2000,HAMILTON,090 HARRISON 2,3636,003410,0.24150707,code_token_name,high,0.993
2006,2000,HAMILTON,090 HARRISON 2,3636,003407,0.0572201,code_token_name,high,0.993
2006,2000,HAMILTON,090 HARRISON 2,3636,003459,0.00145827,code_token_name,high,0.993
2006,2000,HAMILTON,090 HARRISON 2,3636,003458,0.000334,code_token_name,high,0.993
2006,2000,HAMILTON,090 HARRISON 2,3636,003404,0.00018686,code_token_name,high,0.993
2006,2000,HAMILTON,090 HARRISON 2,3636,003443,0.00017698,code_token_name,high,0.993
2006,2000,HAMILTON,090 HARRISON 2,3636,003418,0.00015464,code_token_name,high,0.993
2006,2000,HAMILTON,090 HARRISON 2,3636,003468,0.00014489,code_token_name,high,0.993
2006,2000,HAMILTON,090 HARRISON 2,3636,003383,3.848e-05,code_token_name,high,0.993
2006,2000,HAMILTON,090 HARRISON 2,3636,003467,1.509e-05,code_token_name,high,0.993
2006,2000,HAMILTON,091 WESTVIEW 2,3640,003355,0.65934037,code_token_name,high,0.993
2006,2000,HAMILTON,091 WESTVIEW 2,3640,003474,0.33414482,code_token_name,high,0.993
2006,2000,HAMILTON,091 WESTVIEW 2,3640,003473,0.00357797,code_token_name,high,0.993
2006,2000,HAMILTON,091 WESTVIEW 2,3640,003367,0.00210504,code_token_name,high,0.993
2006,2000,HAMILTON,091 WESTVIEW 2,3640,003388,0.00047658,code_token_name,high,0.993
2006,2000,HAMILTON,091 WESTVIEW 2,3640,003356,0.00019705,code_token_name,high,0.993
2006,2000,HAMILTON,091 WESTVIEW 2,3640,003475,0.00015817,code_token_name,high,0.993
2006,2000,HAMILTON,091 WESTVIEW 2,3640,003368,0.0,code_token_name,high,0.993
2006,2000,HAMILTON,092 LOOKOUT VALLEY 2,3622,003421,0.80081911,code_token_name,high,0.993
2006,2000,HAMILTON,092 LOOKOUT VALLEY 2,3622,003420,0.19918089,code_token_name,high,0.993
2006,2000,HAMILTON,093 CONCORD 2,3329,003375,0.78489721,code_token_name,high,0.993
2006,2000,HAMILTON,093 CONCORD 2,3329,003372,0.17639327,code_token_name,high,0.993
2006,2000,HAMILTON,093 CONCORD 2,3329,003378,0.03183452,code_token_name,high,0.993
2006,2000,HAMILTON,093 CONCORD 2,3329,003376,0.00395162,code_token_name,high,0.993
2006,2000,HAMILTON,093 CONCORD 2,3329,003441,0.00169264,code_token_name,high,0.993
2006,2000,HAMILTON,093 CONCORD 2,3329,003475,0.00044625,code_token_name,high,0.993
2006,2000,HAMILTON,093 CONCORD 2,3329,003377,0.00042316,code_token_name,high,0.993
2006,2000,HAMILTON,093 CONCORD 2,3329,003387,0.00036078,code_token_name,high,0.993
2006,2000,HAMILTON,093 CONCORD 2,3329,003470,5.6e-07,code_token_name,high,0.993
2006,2000,HAMILTON,094 EASTGATE 1,3430,003439,0.9912583,code_token_name,high,0.993
2006,2000,HAMILTON,094 EASTGATE 1,3430,003438,0.00501762,code_token_name,high,0.993
2006,2000,HAMILTON,094 EASTGATE 1,3430,003428,0.00228179,code_token_name,high,0.993
2006,2000,HAMILTON,094 EASTGATE 1,3430,003450,0.00144229,code_token_name,high,0.993
2006,2000,HAMILTON,095 EASTGATE 2,3369,003398,0.97653339,code_token_name,high,0.993
2006,2000,HAMILTON,095 EASTGATE 2,3369,003476,0.02068726,code_token_name,high,0.993
2006,2000,HAMILTON,095 EASTGATE 2,3369,003364,0.00207222,code_token_name,high,0.993
2006,2000,HAMILTON,095 EASTGATE 2,3369,003477,0.00033594,code_token_name,high,0.993
2006,2000,HAMILTON,095 EASTGATE 2,3369,003397,0.00026634,code_token_name,high,0.993
2006,2000,HAMILTON,095 EASTGATE 2,3369,003363,0.00010484,code_token_name,high,0.993
2006,2000,HAMILTON,096 WESTVIEW 3,3641,003475,0.98349858,code_token_name,high,0.993
2006,2000,HAMILTON,096 WESTVIEW 3,3641,003387,0.01321212,code_token_name,high,0.993
2006,2000,HAMILTON,096 WESTVIEW 3,3641,003473,0.00130781,code_token_name,high,0.993
2006,2000,HAMILTON,096 WESTVIEW 3,3641,003440,0.00126715,code_token_name,high,0.993
2006,2000,HAMILTON,096 WESTVIEW 3,3641,003474,0.00024232,code_token_name,high,0.993
2006,2000,HAMILTON,096 WESTVIEW 3,3641,003375,0.00022903,code_token_name,high,0.993
2006,2000,HAMILTON,096 WESTVIEW 3,3641,003441,0.00013167,code_token_name,high,0.993
2006,2000,HAMILTON,096 WESTVIEW 3,3641,003388,0.00011131,code_token_name,high,0.993
2006,2000,HAMILTON,097 TYNER 2,3465,003469,0.73966415,code_token_name,high,0.993
2006,2000,HAMILTON,097 TYNER 2,3465,003416,0.13831979,code_token_name,high,0.993
2006,2000,HAMILTON,097 TYNER 2,3465,003470,0.12114245,code_token_name,high,0.993
2006,2000,HAMILTON,097 TYNER 2,3465,003417,0.00043998,code_token_name,high,0.993
2006,2000,HAMILTON,097 TYNER 2,3465,003362,0.00028256,code_token_name,high,0.993
2006,2000,HAMILTON,097 TYNER 2,3465,003351,0.0001413,code_token_name,high,0.993
2006,2000,HAMILTON,097 TYNER 2,3465,003466,9.78e-06,code_token_name,high,0.993
2006,2000,HAMILTON,098 HARRISON 3,3637,003406,0.97074704,code_token_name,high,0.993
2006,2000,HAMILTON,098 HARRISON 3,3637,003433,0.02185253,code_token_name,high,0.993
2006,2000,HAMILTON,098 HARRISON 3,3637,003466,0.00731201,code_token_name,high,0.993
2006,2000,HAMILTON,098 HARRISON 3,3637,003407,8.687e-05,code_token_name,high,0.993
2006,2000,HAMILTON,098 HARRISON 3,3637,003432,1.56e-06,code_token_name,high,0.993
2006,2000,HAMILTON,101 HIXSON 3,3383,003413,0.96460615,code_token_name,high,0.993
2006,2000,HAMILTON,101 HIXSON 3,3383,003404,0.03444308,code_token_name,high,0.993
2006,2000,HAMILTON,101 HIXSON 3,3383,003386,0.00081531,code_token_name,high,0.993
2006,2000,HAMILTON,101 HIXSON 3,3383,003407,0.00013546,code_token_name,high,0.993
2006,2000,HAMILTON,102 NORTHWOODS 5,3306,003397,0.99754697,code_token_name,high,0.993
2006,2000,HAMILTON,102 NORTHWOODS 5,3306,003363,0.00146703,code_token_name,high,0.993
2006,2000,HAMILTON,102 NORTHWOODS 5,3306,003476,0.00061346,code_token_name,high,0.993
2006,2000,HAMILTON,102 NORTHWOODS 5,3306,003398,0.00032249,code_token_name,high,0.993
2006,2000,HAMILTON,102 NORTHWOODS 5,3306,003396,5.005e-05,code_token_name,high,0.993
2006,2000,HAMILTON,103 PLEASANT GROVE 2,3582,003446,0.99916119,exact_name,high,1.0
2006,2000,HAMILTON,103 PLEASANT GROVE 2,3582,003424,0.00083879,exact_name,high,1.0
2006,2000,HAMILTON,103 PLEASANT GROVE 2,3582,003462,2e-08,exact_name,high,1.0
2006,2000,HAMILTON,104 EAST BRAINERD 2,3409,003430,0.99222382,code_token_name,high,0.993
2006,2000,HAMILTON,104 EAST BRAINERD 2,3409,003427,0.00777618,code_token_name,high,0.993
2006,2000,HANCOCK,1ST,3648,000001,0.99932225,exact_name,high,1.0
2006,2000,HANCOCK,1ST,3648,000007,0.0003946,exact_name,high,1.0
2006,2000,HANCOCK,1ST,3648,000002,0.00028315,exact_name,high,1.0
2006,2000,HANCOCK,2ND,3652,000002,0.9872069,exact_name,high,1.0
2006,2000,HANCOCK,2ND,3652,000003,0.0118563,exact_name,high,1.0
2006,2000,HANCOCK,2ND,3652,000001,0.00060766,exact_name,high,1.0
2006,2000,HANCOCK,2ND,3652,000004,0.00025514,exact_name,high,1.0
2006,2000,HANCOCK,2ND,3652,000007,4.75e-05,exact_name,high,1.0
2006,2000,HANCOCK,2ND,3652,000006,2.649e-05,exact_name,high,1.0
2006,2000,HANCOCK,3RD,3656,000003,0.99814881,exact_name,high,1.0
2006,2000,HANCOCK,3RD,3656,000006,0.00102389,exact_name,high,1.0
2006,2000,HANCOCK,3RD,3656,000007,0.00040339,exact_name,high,1.0
2006,2000,HANCOCK,3RD,3656,000004,0.00034042,exact_name,high,1.0
2006,2000,HANCOCK,3RD,3656,000005,7.305e-05,exact_name,high,1.0
2006,2000,HANCOCK,3RD,3656,000002,1.044e-05,exact_name,high,1.0
2006,2000,HANCOCK,4TH,3660,000004,0.99958948,exact_name,high,1.0
2006,2000,HANCOCK,4TH,3660,000002,0.00025662,exact_name,high,1.0
2006,2000,HANCOCK,4TH,3660,000003,0.0001539,exact_name,high,1.0
2006,2000,HANCOCK,5TH,3664,000005,0.99980827,exact_name,high,1.0
2006,2000,HANCOCK,5TH,3664,000003,0.00012107,exact_name,high,1.0
2006,2000,HANCOCK,5TH,3664,000007,7.066e-05,exact_name,high,1.0
2006,2000,HANCOCK,6TH,3668,000006,0.55232775,exact_name,high,1.0
2006,2000,HANCOCK,6TH,3668,000007,0.28882864,exact_name,high,1.0
2006,2000,HANCOCK,6TH,3668,000003,0.15855364,exact_name,high,1.0
2006,2000,HANCOCK,6TH,3668,000002,0.00028997,exact_name,high,1.0
2006,2000,HANCOCK,7TH,3672,000007,0.99925895,exact_name,high,1.0
2006,2000,HANCOCK,7TH,3672,000001,0.00038639,exact_name,high,1.0
2006,2000,HANCOCK,7TH,3672,000003,0.00030948,exact_name,high,1.0
2006,2000,HANCOCK,7TH,3672,000005,3.37e-05,exact_name,high,1.0
2006,2000,HANCOCK,7TH,3672,000002,8.32e-06,exact_name,high,1.0
2006,2000,HANCOCK,7TH,3672,000006,3.14e-06,exact_name,high,1.0
2006,2000,HARDEMAN,BOLIVAR,3680,003601,0.99641315,exact_name,high,1.0
2006,2000,HARDEMAN,BOLIVAR,3680,003610,0.00188412,exact_name,high,1.0
2006,2000,HARDEMAN,BOLIVAR,3680,003602,0.00108555,exact_name,high,1.0
2006,2000,HARDEMAN,BOLIVAR,3680,003604,0.00051571,exact_name,high,1.0
2006,2000,HARDEMAN,BOLIVAR,3680,003612,9.426e-05,exact_name,high,1.0
2006,2000,HARDEMAN,BOLIVAR,3680,003607,7.22e-06,exact_name,high,1.0
2006,2000,HARDEMAN,CAMPBELL CHAPEL,3704,003610,0.99280724,exact_name,high,1.0
2006,2000,HARDEMAN,CAMPBELL CHAPEL,3704,003601,0.00530416,exact_name,high,1.0
2006,2000,HARDEMAN,CAMPBELL CHAPEL,3704,003609,0.00124217,exact_name,high,1.0
2006,2000,HARDEMAN,CAMPBELL CHAPEL,3704,003607,0.00034194,exact_name,high,1.0
2006,2000,HARDEMAN,CAMPBELL CHAPEL,3704,003606,0.00026636,exact_name,high,1.0
2006,2000,HARDEMAN,CAMPBELL CHAPEL,3704,003605,3.812e-05,exact_name,high,1.0
2006,2000,HARDEMAN,GRAND JUNCTION,3684,003613,0.99705271,exact_name,high,1.0
2006,2000,HARDEMAN,GRAND JUNCTION,3684,003612,0.0025854,exact_name,high,1.0
2006,2000,HARDEMAN,GRAND JUNCTION,3684,003602,0.00036189,exact_name,high,1.0
2006,2000,HARDEMAN,HICKORY VALLEY,3688,003602,0.98465456,exact_name,high,1.0
2006,2000,HARDEMAN,HICKORY VALLEY,3688,003613,0.01494006,exact_name,high,1.0
2006,2000,HARDEMAN,HICKORY VALLEY,3688,003601,0.00031477,exact_name,high,1.0
2006,2000,HARDEMAN,HICKORY VALLEY,3688,003604,6.258e-05,exact_name,high,1.0
2006,2000,HARDEMAN,HICKORY VALLEY,3688,003603,2.803e-05,exact_name,high,1.0
2006,2000,HARDEMAN,HORNSBY,3692,003609,0.99824627,exact_name,high,1.0
2006,2000,HARDEMAN,HORNSBY,3692,003606,0.0011059,exact_name,high,1.0
2006,2000,HARDEMAN,HORNSBY,3692,003610,0.00032557,exact_name,high,1.0
2006,2000,HARDEMAN,HORNSBY,3692,003607,0.00032227,exact_name,high,1.0
2006,2000,HARDEMAN,LACY,3696,003606,0.98119016,exact_name,high,1.0
2006,2000,HARDEMAN,LACY,3696,003611,0.01749415,exact_name,high,1.0
2006,2000,HARDEMAN,LACY,3696,003609,0.000875,exact_name,high,1.0
2006,2000,HARDEMAN,LACY,3696,003605,0.0002726,exact_name,high,1.0
2006,2000,HARDEMAN,LACY,3696,003610,0.0001681,exact_name,high,1.0
2006,2000,HARDEMAN,MIDDLETON,3700,003605,0.99961784,exact_name,high,1.0
2006,2000,HARDEMAN,MIDDLETON,3700,003606,0.00015984,exact_name,high,1.0
2006,2000,HARDEMAN,MIDDLETON,3700,003612,0.0001251,exact_name,high,1.0
2006,2000,HARDEMAN,MIDDLETON,3700,003611,6.953e-05,exact_name,high,1.0
2006,2000,HARDEMAN,MIDDLETON,3700,003610,2.77e-05,exact_name,high,1.0
2006,2000,HARDEMAN,POCAHONTAS,3708,003611,0.99943545,exact_name,high,1.0
2006,2000,HARDEMAN,POCAHONTAS,3708,003606,0.00035704,exact_name,high,1.0
2006,2000,HARDEMAN,POCAHONTAS,3708,003605,0.00020751,exact_name,high,1.0
2006,2000,HARDEMAN,SAULSBURY,3712,003612,0.84895545,exact_name,high,1.0
2006,2000,HARDEMAN,SAULSBURY,3712,003602,0.08009843,exact_name,high,1.0
2006,2000,HARDEMAN,SAULSBURY,3712,003605,0.05421153,exact_name,high,1.0
2006,2000,HARDEMAN,SAULSBURY,3712,003613,0.01669853,exact_name,high,1.0
2006,2000,HARDEMAN,SAULSBURY,3712,003601,3.605e-05,exact_name,high,1.0
2006,2000,HARDEMAN,SILERTON,3716,003607,0.9690558,exact_name,high,1.0
2006,2000,HARDEMAN,SILERTON,3716,003609,0.03066198,exact_name,high,1.0
2006,2000,HARDEMAN,SILERTON,3716,003610,0.00021043,exact_name,high,1.0
2006,2000,HARDEMAN,SILERTON,3716,003608,3.397e-05,exact_name,high,1.0
2006,2000,HARDEMAN,SILERTON,3716,003601,2.823e-05,exact_name,high,1.0
2006,2000,HARDEMAN,SILERTON,3716,003604,9.59e-06,exact_name,high,1.0
2006,2000,HARDEMAN,TOONE,3720,003608,0.92130835,exact_name,high,1.0
2006,2000,HARDEMAN,TOONE,3720,003604,0.07859411,exact_name,high,1.0
2006,2000,HARDEMAN,TOONE,3720,003607,9.754e-05,exact_name,high,1.0
2006,2000,HARDEMAN,WEST BOLIVAR,3724,003604,0.91141545,exact_name,high,1.0
2006,2000,HARDEMAN,WEST BOLIVAR,3724,003602,0.08538021,exact_name,high,1.0
2006,2000,HARDEMAN,WEST BOLIVAR,3724,003601,0.00213762,exact_name,high,1.0
2006,2000,HARDEMAN,WEST BOLIVAR,3724,003608,0.00106671,exact_name,high,1.0
2006,2000,HARDEMAN,WEST BOLIVAR,3724,003607,1e-08,exact_name,high,1.0
2006,2000,HARDEMAN,WHITEVILLE,3728,003604,0.6632786,exact_name,high,1.0
2006,2000,HARDEMAN,WHITEVILLE,3728,003603,0.26058447,exact_name,high,1.0
2006,2000,HARDEMAN,WHITEVILLE,3728,003602,0.07483202,exact_name,high,1.0
2006,2000,HARDEMAN,WHITEVILLE,3728,003608,0.00130491,exact_name,high,1.0
2006,2000,HARDIN,CERRO GORDO 6 1,0007,0007,1.0,exact_name,high,1.0
2006,2000,HARDIN,COUNCE 3 1,0003,0003,1.0,exact_name,high,1.0
2006,2000,HARDIN,CRUMP 4 2,0004,0004,1.0,code_token_name,high,0.993
2006,2000,HARDIN,FAIRGROUND 10 1,0014,0014,1.0,exact_name,high,1.0
2006,2000,HARDIN,MORRIS CHAPEL 5 2,0005,0005,1.0,exact_name,high,1.0
2006,2000,HARDIN,NIXON 2 1,0002,0002,1.0,exact_name,high,1.0
2006,2000,HARDIN,NORTH 8 1,0012,0012,1.0,exact_name,high,1.0
2006,2000,HARDIN,OLIVE HILL 6 3,0008,0008,1.0,exact_name,high,1.0
2006,2000,HARDIN,OLIVET 1 2,0001,0001,1.0,code_token_name,high,0.993
2006,2000,HARDIN,RHODES 6 2,0009,0009,1.0,code_token_name,high,0.993
2006,2000,HARDIN,SALTILLO 5 1,0006,0006,1.0,code_token_name,high,0.993
2006,2000,HARDIN,WALNUT GROVE 7 2,0011,0011,1.0,exact_name,high,1.0
2006,2000,HARDIN,WHITES 7 1,0010,0010,1.0,exact_name,high,1.0
2006,2000,HAWKINS,1 ARMORY INSIDE,3849,003824,0.57688881,code_token_name,high,0.993
2006,2000,HAWKINS,1 ARMORY INSIDE,3849,003808,0.41229344,code_token_name,high,0.993
2006,2000,HAWKINS,1 ARMORY INSIDE,3849,003809,0.01081775,code_token_name,high,0.993
2006,2000,HAWKINS,1 ARMORY OUTSIDE,3849,003824,0.57688881,code_token_name,high,0.993
2006,2000,HAWKINS,1 ARMORY OUTSIDE,3849,003808,0.41229344,code_token_name,high,0.993
2006,2000,HAWKINS,1 ARMORY OUTSIDE,3849,003809,0.01081775,code_token_name,high,0.993
2006,2000,HAWKINS,1 MOUNT CARMEL,3892,003809,0.98163623,exact_name,high,1.0
2006,2000,HAWKINS,1 MOUNT CARMEL,3892,003808,0.0078344,exact_name,high,1.0
2006,2000,HAWKINS,1 MOUNT CARMEL,3892,003805,0.00548119,exact_name,high,1.0
2006,2000,HAWKINS,1 MOUNT CARMEL,3892,003825,0.00277401,exact_name,high,1.0
2006,2000,HAWKINS,1 MOUNT CARMEL,3892,003803,0.00159583,exact_name,high,1.0
2006,2000,HAWKINS,1 MOUNT CARMEL,3892,003824,0.00067833,exact_name,high,1.0
2006,2000,HAWKINS,2 CHURCH HILL INSIDE,3868,003825,0.97425647,code_token_name,high,0.993
2006,2000,HAWKINS,2 CHURCH HILL INSIDE,3868,003811,0.01991035,code_token_name,high,0.993
2006,2000,HAWKINS,2 CHURCH HILL INSIDE,3868,003808,0.00427987,code_token_name,high,0.993
2006,2000,HAWKINS,2 CHURCH HILL INSIDE,3868,003809,0.00063743,code_token_name,high,0.993
2006,2000,HAWKINS,2 CHURCH HILL INSIDE,3868,003803,0.00046334,code_token_name,high,0.993
2006,2000,HAWKINS,2 CHURCH HILL INSIDE,3868,003826,0.00045254,code_token_name,high,0.993
2006,2000,HAWKINS,2 CHURCH HILL OUTSID,3868,003825,0.97425647,code_token_name,high,0.993
2006,2000,HAWKINS,2 CHURCH HILL OUTSID,3868,003811,0.01991035,code_token_name,high,0.993
2006,2000,HAWKINS,2 CHURCH HILL OUTSID,3868,003808,0.00427987,code_token_name,high,0.993
2006,2000,HAWKINS,2 CHURCH HILL OUTSID,3868,003809,0.00063743,code_token_name,high,0.993
2006,2000,HAWKINS,2 CHURCH HILL OUTSID,3868,003803,0.00046334,code_token_name,high,0.993
2006,2000,HAWKINS,2 CHURCH HILL OUTSID,3868,003826,0.00045254,code_token_name,high,0.993
2006,2000,HAWKINS,2 MCPHEETER S BEND,3884,003803,0.82291886,exact_name,high,1.0
2006,2000,HAWKINS,2 MCPHEETER S BEND,3884,003805,0.17281095,exact_name,high,1.0
2006,2000,HAWKINS,2 MCPHEETER S BEND,3884,003825,0.00338192,exact_name,high,1.0
2006,2000,HAWKINS,2 MCPHEETER S BEND,3884,003826,0.00060974,exact_name,high,1.0
2006,2000,HAWKINS,2 MCPHEETER S BEND,3884,003809,0.00020769,exact_name,high,1.0
2006,2000,HAWKINS,2 MCPHEETER S BEND,3884,003802,7.083e-05,exact_name,high,1.0
2006,2000,HAWKINS,3 CARTER S VALLEY,3856,003808,0.99282708,exact_name,high,1.0
2006,2000,HAWKINS,3 CARTER S VALLEY,3856,003809,0.00637376,exact_name,high,1.0
2006,2000,HAWKINS,3 CARTER S VALLEY,3856,003811,0.00064743,exact_name,high,1.0
2006,2000,HAWKINS,3 CARTER S VALLEY,3856,003825,0.00015173,exact_name,high,1.0
2006,2000,HAWKINS,3 WALLACE,3920,003811,0.99540277,exact_name,high,1.0
2006,2000,HAWKINS,3 WALLACE,3920,003808,0.00318546,exact_name,high,1.0
2006,2000,HAWKINS,3 WALLACE,3920,003825,0.00067765,exact_name,high,1.0
2006,2000,HAWKINS,3 WALLACE,3920,003819,0.00056393,exact_name,high,1.0
2006,2000,HAWKINS,3 WALLACE,3920,003826,0.00017019,exact_name,high,1.0
2006,2000,HAWKINS,3 WATTERSON,3924,003819,0.84040179,exact_name,high,1.0
2006,2000,HAWKINS,3 WATTERSON,3924,003812,0.15809598,exact_name,high,1.0
2006,2000,HAWKINS,3 WATTERSON,3924,003811,0.00098221,exact_name,high,1.0
2006,2000,HAWKINS,3 WATTERSON,3924,003826,0.00044004,exact_name,high,1.0
2006,2000,HAWKINS,3 WATTERSON,3924,003820,5.715e-05,exact_name,high,1.0
2006,2000,HAWKINS,3 WATTERSON,3924,003818,2.283e-05,exact_name,high,1.0
2006,2000,HAWKINS,4 DYKES,3876,003805,0.99844644,exact_name,high,1.0
2006,2000,HAWKINS,4 DYKES,3876,003806,0.00068601,exact_name,high,1.0
2006,2000,HAWKINS,4 DYKES,3876,003802,0.00059672,exact_name,high,1.0
2006,2000,HAWKINS,4 DYKES,3876,003803,0.00027083,exact_name,high,1.0
2006,2000,HAWKINS,4 KEPLAR,0009,0009,1.0,prefix_name,high,0.995
2006,2000,HAWKINS,4 ROGERSVILLE NO OUT,3860,003801,0.99899817,code_token_name,high,0.993
2006,2000,HAWKINS,4 ROGERSVILLE NO OUT,3860,003823,0.00054573,code_token_name,high,0.993
2006,2000,HAWKINS,4 ROGERSVILLE NO OUT,3860,003816,0.00028044,code_token_name,high,0.993
2006,2000,HAWKINS,4 ROGERSVILLE NO OUT,3860,003814,0.00016121,code_token_name,high,0.993
2006,2000,HAWKINS,4 ROGERSVILLE NO OUT,3860,003802,1.444e-05,code_token_name,high,0.993
2006,2000,HAWKINS,4 SURGOINSVILLE IN,3860,003801,0.99899817,code_token_name,high,0.993
2006,2000,HAWKINS,4 SURGOINSVILLE IN,3860,003823,0.00054573,code_token_name,high,0.993
2006,2000,HAWKINS,4 SURGOINSVILLE IN,3860,003816,0.00028044,code_token_name,high,0.993
2006,2000,HAWKINS,4 SURGOINSVILLE IN,3860,003814,0.00016121,code_token_name,high,0.993
2006,2000,HAWKINS,4 SURGOINSVILLE IN,3860,003802,1.444e-05,code_token_name,high,0.993
2006,2000,HAWKINS,4 SURGOINSVILLE OUT,3860,003801,0.99899817,code_token_name,high,0.993
2006,2000,HAWKINS,4 SURGOINSVILLE OUT,3860,003823,0.00054573,code_token_name,high,0.993
2006,2000,HAWKINS,4 SURGOINSVILLE OUT,3860,003816,0.00028044,code_token_name,high,0.993
2006,2000,HAWKINS,4 SURGOINSVILLE OUT,3860,003814,0.00016121,code_token_name,high,0.993
2006,2000,HAWKINS,4 SURGOINSVILLE OUT,3860,003802,1.444e-05,code_token_name,high,0.993
2006,2000,HAWKINS,4 UPPER BEECH,3916,003806,0.99862242,exact_name,high,1.0
2006,2000,HAWKINS,4 UPPER BEECH,3916,003805,0.00121976,exact_name,high,1.0
2006,2000,HAWKINS,4 UPPER BEECH,3916,003802,0.00015782,exact_name,high,1.0
2006,2000,HAWKINS,5 ROGERSVILLE NO IN,3896,003814,0.95214928,code_token_name,high,0.993
2006,2000,HAWKINS,5 ROGERSVILLE NO IN,3896,003820,0.02883296,code_token_name,high,0.993
2006,2000,HAWKINS,5 ROGERSVILLE NO IN,3896,003813,0.01901776,code_token_name,high,0.993
2006,2000,HAWKINS,5 ROGERSVILLE SO IN,3896,003814,0.95214928,code_token_name,high,0.993
2006,2000,HAWKINS,5 ROGERSVILLE SO IN,3896,003820,0.02883296,code_token_name,high,0.993
2006,2000,HAWKINS,5 ROGERSVILLE SO IN,3896,003813,0.01901776,code_token_name,high,0.993
2006,2000,HAWKINS,5 ROGERSVILLE SO OUT,3896,003814,0.95214928,code_token_name,high,0.993
2006,2000,HAWKINS,5 ROGERSVILLE SO OUT,3896,003820,0.02883296,code_token_name,high,0.993
2006,2000,HAWKINS,5 ROGERSVILLE SO OUT,3896,003813,0.01901776,code_token_name,high,0.993
2006,2000,HAWKINS,6 ALUMWELL,3844,003812,0.99894277,exact_name,high,1.0
2006,2000,HAWKINS,6 ALUMWELL,3844,003820,0.00043823,exact_name,high,1.0
2006,2000,HAWKINS,6 ALUMWELL,3844,003817,0.00026525,exact_name,high,1.0
2006,2000,HAWKINS,6 ALUMWELL,3844,003813,0.00021344,exact_name,high,1.0
2006,2000,HAWKINS,6 ALUMWELL,3844,003818,0.00013737,exact_name,high,1.0
2006,2000,HAWKINS,6 ALUMWELL,3844,003819,2.94e-06,exact_name,high,1.0
2006,2000,HAWKINS,6 CHOPTACK,0006,0006,1.0,exact_name,high,1.0
2006,2000,HAWKINS,6 CLINCH,0008,0008,1.0,exact_name,high,1.0
2006,2000,HAWKINS,6 MOORESBURG,3888,003817,0.99138388,exact_name,high,1.0
2006,2000,HAWKINS,6 MOORESBURG,3888,003813,0.0082037,exact_name,high,1.0
2006,2000,HAWKINS,6 MOORESBURG,3888,003812,0.00025201,exact_name,high,1.0
2006,2000,HAWKINS,6 MOORESBURG,3888,003816,0.00012656,exact_name,high,1.0
2006,2000,HAWKINS,6 MOORESBURG,3888,003818,3.385e-05,exact_name,high,1.0
2006,2000,HAWKINS,7 BULLS GAP INSIDE,3852,003823,0.99870453,code_token_name,high,0.993
2006,2000,HAWKINS,7 BULLS GAP INSIDE,3852,003816,0.00090588,code_token_name,high,0.993
2006,2000,HAWKINS,7 BULLS GAP INSIDE,3852,003801,0.0003896,code_token_name,high,0.993
2006,2000,HAWKINS,7 BULLS GAP OUTSIDE,3852,003823,0.99870453,code_token_name,high,0.993
2006,2000,HAWKINS,7 BULLS GAP OUTSIDE,3852,003816,0.00090588,code_token_name,high,0.993
2006,2000,HAWKINS,7 BULLS GAP OUTSIDE,3852,003801,0.0003896,code_token_name,high,0.993
2006,2000,HAWKINS,7 CHEROKEE,0005,0005,1.0,exact_name,high,1.0
2006,2000,HAWKINS,7 ST CLAIR,3908,003816,0.97391198,exact_name,high,1.0
2006,2000,HAWKINS,7 ST CLAIR,3908,003801,0.02179503,exact_name,high,1.0
2006,2000,HAWKINS,7 ST CLAIR,3908,003823,0.00386705,exact_name,high,1.0
2006,2000,HAWKINS,7 ST CLAIR,3908,003813,0.00029856,exact_name,high,1.0
2006,2000,HAWKINS,7 ST CLAIR,3908,003817,8.062e-05,exact_name,high,1.0
2006,2000,HAWKINS,7 ST CLAIR,3908,003814,4.676e-05,exact_name,high,1.0
2006,2000,HAYWOOD,CITY HALL,3948,003904,0.99632372,exact_name,high,1.0
2006,2000,HAYWOOD,CITY HALL,3948,003901,0.00242627,exact_name,high,1.0
2006,2000,HAYWOOD,CITY HALL,3948,003902,0.00109149,exact_name,high,1.0
2006,2000,HAYWOOD,CITY HALL,3948,003906,0.00015852,exact_name,high,1.0
2006,2000,HAYWOOD,COURTHOUSE,3956,003903,0.95885974,exact_name,high,1.0
2006,2000,HAYWOOD,COURTHOUSE,3956,003915,0.02107628,exact_name,high,1.0
2006,2000,HAYWOOD,COURTHOUSE,3956,003901,0.01486443,exact_name,high,1.0
2006,2000,HAYWOOD,COURTHOUSE,3956,003912,0.00501458,exact_name,high,1.0
2006,2000,HAYWOOD,COURTHOUSE,3956,003914,0.00014238,exact_name,high,1.0
2006,2000,HAYWOOD,COURTHOUSE,3956,003902,2.476e-05,exact_name,high,1.0
2006,2000,HAYWOOD,COURTHOUSE,3956,003905,1.783e-05,exact_name,high,1.0
2006,2000,HAYWOOD,DOUGLAS,3974,003913,0.98167849,prefix_name,high,0.995
2006,2000,HAYWOOD,DOUGLAS,3974,003910,0.01832151,prefix_name,high,0.995
2006,2000,HAYWOOD,FORKED DEER,3968,003906,1.0,exact_name,high,1.0
2006,2000,HAYWOOD,HOLLY GROVE,3936,003915,0.88572802,exact_name,high,1.0
2006,2000,HAYWOOD,HOLLY GROVE,3936,003912,0.08549874,exact_name,high,1.0
2006,2000,HAYWOOD,HOLLY GROVE,3936,003903,0.02707039,exact_name,high,1.0
2006,2000,HAYWOOD,HOLLY GROVE,3936,003906,0.00138523,exact_name,high,1.0
2006,2000,HAYWOOD,HOLLY GROVE,3936,003901,0.00031762,exact_name,high,1.0
2006,2000,HAYWOOD,KOKO,3972,003913,0.99851674,exact_name,high,1.0
2006,2000,HAYWOOD,KOKO,3972,003912,0.00133026,exact_name,high,1.0
2006,2000,HAYWOOD,KOKO,3972,003914,0.000153,exact_name,high,1.0
2006,2000,HAYWOOD,TIBBS,3992,003906,0.99967437,exact_name,high,1.0
2006,2000,HAYWOOD,TIBBS,3992,003901,0.00023568,exact_name,high,1.0
2006,2000,HAYWOOD,TIBBS,3992,003902,5.969e-05,exact_name,high,1.0
2006,2000,HAYWOOD,TIBBS,3992,003904,2.008e-05,exact_name,high,1.0
2006,2000,HAYWOOD,TIBBS,3992,003905,1.018e-05,exact_name,high,1.0
2006,2000,HAYWOOD,UNION,3996,003912,0.99987593,exact_name,high,1.0
2006,2000,HAYWOOD,UNION,3996,003915,0.00012407,exact_name,high,1.0
2006,2000,HENDERSON,1 1 BARGERTON,4004,004001,0.84712664,exact_name,high,1.0
2006,2000,HENDERSON,1 1 BARGERTON,4004,004003,0.11407356,exact_name,high,1.0
2006,2000,HENDERSON,1 1 BARGERTON,4004,004002,0.038593,exact_name,high,1.0
2006,2000,HENDERSON,1 1 BARGERTON,4004,004005,0.00020156,exact_name,high,1.0
2006,2000,HENDERSON,1 1 BARGERTON,4004,004011,3.92e-06,exact_name,high,1.0
2006,2000,HENDERSON,1 1 BARGERTON,4004,004004,1.32e-06,exact_name,high,1.0
2006,2000,HENDERSON,1 2 BEAVER,4008,004002,0.98536382,exact_name,high,1.0
2006,2000,HENDERSON,1 2 BEAVER,4008,004011,0.01371645,exact_name,high,1.0
2006,2000,HENDERSON,1 2 BEAVER,4008,004006,0.00056861,exact_name,high,1.0
2006,2000,HENDERSON,1 2 BEAVER,4008,004001,0.00035094,exact_name,high,1.0
2006,2000,HENDERSON,1 2 BEAVER,4008,004003,1.8e-07,exact_name,high,1.0
2006,2000,HENDERSON,2 1 WESTOVER,4076,004005,0.99909242,exact_name,high,1.0
2006,2000,HENDERSON,2 1 WESTOVER,4076,004004,0.00058182,exact_name,high,1.0
2006,2000,HENDERSON,2 1 WESTOVER,4076,004001,0.00029878,exact_name,high,1.0
2006,2000,HENDERSON,2 1 WESTOVER,4076,004003,2.697e-05,exact_name,high,1.0
2006,2000,HENDERSON,2 2 SOUTH HAVEN,4072,004013,0.68754006,exact_name,high,1.0
2006,2000,HENDERSON,2 2 SOUTH HAVEN,4072,004004,0.16819477,exact_name,high,1.0
2006,2000,HENDERSON,2 2 SOUTH HAVEN,4072,004005,0.14426516,exact_name,high,1.0
2006,2000,HENDERSON,3 1 CHRISTIAN CHAPEL,4020,004012,0.99918248,exact_name,high,1.0
2006,2000,HENDERSON,3 1 CHRISTIAN CHAPEL,4020,004006,0.00049044,exact_name,high,1.0
2006,2000,HENDERSON,3 1 CHRISTIAN CHAPEL,4020,004008,0.00032707,exact_name,high,1.0
2006,2000,HENDERSON,3 2 FIRE STATION 10,4016,004007,0.96719576,code_token_name,high,0.993
2006,2000,HENDERSON,3 2 FIRE STATION 10,4016,004011,0.01783111,code_token_name,high,0.993
2006,2000,HENDERSON,3 2 FIRE STATION 10,4016,004010,0.01379282,code_token_name,high,0.993
2006,2000,HENDERSON,3 2 FIRE STATION 10,4016,004006,0.00056679,code_token_name,high,0.993
2006,2000,HENDERSON,3 2 FIRE STATION 10,4016,004008,0.0003857,code_token_name,high,0.993
2006,2000,HENDERSON,3 2 FIRE STATION 10,4016,004009,0.0001758,code_token_name,high,0.993
2006,2000,HENDERSON,3 2 FIRE STATION 10,4016,004014,5.043e-05,code_token_name,high,0.993
2006,2000,HENDERSON,3 2 FIRE STATION 10,4016,004004,1.58e-06,code_token_name,high,0.993
2006,2000,HENDERSON,3 3 DARDEN,4032,004008,0.99881288,exact_name,high,1.0
2006,2000,HENDERSON,3 3 DARDEN,4032,004012,0.00059747,exact_name,high,1.0
2006,2000,HENDERSON,3 3 DARDEN,4032,004007,0.00035188,exact_name,high,1.0
2006,2000,HENDERSON,3 3 DARDEN,4032,004014,0.00012645,exact_name,high,1.0
2006,2000,HENDERSON,3 3 DARDEN,4032,004006,0.00011133,exact_name,high,1.0
2006,2000,HENDERSON,3 4 PIN OAK FS 4,4016,004007,0.96719576,code_token_name,high,0.993
2006,2000,HENDERSON,3 4 PIN OAK FS 4,4016,004011,0.01783111,code_token_name,high,0.993
2006,2000,HENDERSON,3 4 PIN OAK FS 4,4016,004010,0.01379282,code_token_name,high,0.993
2006,2000,HENDERSON,3 4 PIN OAK FS 4,4016,004006,0.00056679,code_token_name,high,0.993
2006,2000,HENDERSON,3 4 PIN OAK FS 4,4016,004008,0.0003857,code_token_name,high,0.993
2006,2000,HENDERSON,3 4 PIN OAK FS 4,4016,004009,0.0001758,code_token_name,high,0.993
2006,2000,HENDERSON,3 4 PIN OAK FS 4,4016,004014,5.043e-05,code_token_name,high,0.993
2006,2000,HENDERSON,3 4 PIN OAK FS 4,4016,004004,1.58e-06,code_token_name,high,0.993
2006,2000,HENDERSON,4 1 CIVIC CENTER,4028,004011,0.82693514,exact_name,high,1.0
2006,2000,HENDERSON,4 1 CIVIC CENTER,4028,004006,0.1717111,exact_name,high,1.0
2006,2000,HENDERSON,4 1 CIVIC CENTER,4028,004004,0.00076753,exact_name,high,1.0
2006,2000,HENDERSON,4 1 CIVIC CENTER,4028,004007,0.00043159,exact_name,high,1.0
2006,2000,HENDERSON,4 1 CIVIC CENTER,4028,004003,0.00015464,exact_name,high,1.0
2006,2000,HENDERSON,5 1 TN TECH CENTER,0004,0004,1.0,exact_name,high,1.0
2006,2000,HENDERSON,6 1 HIGH SCHOOL,4036,004003,0.99510487,exact_name,high,1.0
2006,2000,HENDERSON,6 1 HIGH SCHOOL,4036,004011,0.00325189,exact_name,high,1.0
2006,2000,HENDERSON,6 1 HIGH SCHOOL,4036,004004,0.00164324,exact_name,high,1.0
2006,2000,HENDERSON,7 1 MIDDLEBURG,4044,004014,0.99919139,exact_name,high,1.0
2006,2000,HENDERSON,7 1 MIDDLEBURG,4044,004009,0.00044251,exact_name,high,1.0
2006,2000,HENDERSON,7 1 MIDDLEBURG,4044,004007,0.00024014,exact_name,high,1.0
2006,2000,HENDERSON,7 1 MIDDLEBURG,4044,004008,0.00012597,exact_name,high,1.0
2006,2000,HENDERSON,7 2 REAGAN,4056,004010,0.99865569,exact_name,high,1.0
2006,2000,HENDERSON,7 2 REAGAN,4056,004007,0.00039966,exact_name,high,1.0
2006,2000,HENDERSON,7 2 REAGAN,4056,004009,0.00036371,exact_name,high,1.0
2006,2000,HENDERSON,7 2 REAGAN,4056,004004,0.00035744,exact_name,high,1.0
2006,2000,HENDERSON,7 2 REAGAN,4056,004015,0.0002235,exact_name,high,1.0
2006,2000,HENDERSON,7 3 SCOTTS HILL,4064,004009,0.99789089,exact_name,high,1.0
2006,2000,HENDERSON,7 3 SCOTTS HILL,4064,004014,0.0010297,exact_name,high,1.0
2006,2000,HENDERSON,7 3 SCOTTS HILL,4064,004015,0.00054766,exact_name,high,1.0
2006,2000,HENDERSON,7 3 SCOTTS HILL,4064,004010,0.00042215,exact_name,high,1.0
2006,2000,HENDERSON,7 3 SCOTTS HILL,4064,004007,0.0001096,exact_name,high,1.0
2006,2000,HENDERSON,7 4 SARDIS,4060,004015,0.99932383,exact_name,high,1.0
2006,2000,HENDERSON,7 4 SARDIS,4060,004009,0.00047531,exact_name,high,1.0
2006,2000,HENDERSON,7 4 SARDIS,4060,004010,0.00020087,exact_name,high,1.0
2006,2000,HENRY,1 1 PURYEAR,4128,004101,0.99970839,exact_name,high,1.0
2006,2000,HENRY,1 1 PURYEAR,4128,004107,0.00014893,exact_name,high,1.0
2006,2000,HENRY,1 1 PURYEAR,4128,004106,0.00013544,exact_name,high,1.0
2006,2000,HENRY,1 1 PURYEAR,4128,004104,7.23e-06,exact_name,high,1.0
2006,2000,HENRY,1 2 COTTAGE GROVE,4096,004106,0.99985061,exact_name,high,1.0
2006,2000,HENRY,1 2 COTTAGE GROVE,4096,004101,0.00013242,exact_name,high,1.0
2006,2000,HENRY,1 2 COTTAGE GROVE,4096,004108,1.697e-05,exact_name,high,1.0
2006,2000,HENRY,1 3 BUCHANAN,4088,004107,0.96091384,exact_name,high,1.0
2006,2000,HENRY,1 3 BUCHANAN,4088,004112,0.03872429,exact_name,high,1.0
2006,2000,HENRY,1 3 BUCHANAN,4088,004101,0.00026933,exact_name,high,1.0
2006,2000,HENRY,1 3 BUCHANAN,4088,004103,9.254e-05,exact_name,high,1.0
2006,2000,HENRY,2 1 HENRY,4104,004108,0.96630774,exact_name,high,1.0
2006,2000,HENRY,2 1 HENRY,4104,004106,0.03164335,exact_name,high,1.0
2006,2000,HENRY,2 1 HENRY,4104,004102,0.00204678,exact_name,high,1.0
2006,2000,HENRY,2 1 HENRY,4104,004110,2.13e-06,exact_name,high,1.0
2006,2000,HENRY,2 2 MANSFIELD,4104,004108,0.96630774,code_token_name,high,0.993
2006,2000,HENRY,2 2 MANSFIELD,4104,004106,0.03164335,code_token_name,high,0.993
2006,2000,HENRY,2 2 MANSFIELD,4104,004102,0.00204678,code_token_name,high,0.993
2006,2000,HENRY,2 2 MANSFIELD,4104,004110,2.13e-06,code_token_name,high,0.993
2006,2000,HENRY,2 3 OAKLAND,4104,004108,0.96630774,code_token_name,high,0.993
2006,2000,HENRY,2 3 OAKLAND,4104,004106,0.03164335,code_token_name,high,0.993
2006,2000,HENRY,2 3 OAKLAND,4104,004102,0.00204678,code_token_name,high,0.993
2006,2000,HENRY,2 3 OAKLAND,4104,004110,2.13e-06,code_token_name,high,0.993
2006,2000,HENRY,3 1 RUSSWOOD,4116,004112,0.99960983,exact_name,high,1.0
2006,2000,HENRY,3 1 RUSSWOOD,4116,004103,0.00020166,exact_name,high,1.0
2006,2000,HENRY,3 1 RUSSWOOD,4116,004107,0.00018851,exact_name,high,1.0
2006,2000,HENRY,3 2 SPRINGVILLE,4116,004112,0.99960983,code_token_name,high,0.993
2006,2000,HENRY,3 2 SPRINGVILLE,4116,004103,0.00020166,code_token_name,high,0.993
2006,2000,HENRY,3 2 SPRINGVILLE,4116,004107,0.00018851,code_token_name,high,0.993
2006,2000,HENRY,3 3 LAKEWOOD,4116,004112,0.99960983,code_token_name,high,0.993
2006,2000,HENRY,3 3 LAKEWOOD,4116,004103,0.00020166,code_token_name,high,0.993
2006,2000,HENRY,3 3 LAKEWOOD,4116,004107,0.00018851,code_token_name,high,0.993
2006,2000,HENRY,4 1 GROVE,4092,004104,0.50469433,code_token_name,high,0.993
2006,2000,HENRY,4 1 GROVE,4092,004107,0.19979254,code_token_name,high,0.993
2006,2000,HENRY,4 1 GROVE,4092,004101,0.15719257,code_token_name,high,0.993
2006,2000,HENRY,4 1 GROVE,4092,004105,0.11427827,code_token_name,high,0.993
2006,2000,HENRY,4 1 GROVE,4092,004103,0.01210621,code_token_name,high,0.993
2006,2000,HENRY,4 1 GROVE,4092,004110,0.01193608,code_token_name,high,0.993
2006,2000,HENRY,4 1 GROVE,4092,004106,0.0,code_token_name,high,0.993
2006,2000,HENRY,4 2 CITY HALL,4092,004104,0.50469433,code_token_name,high,0.993
2006,2000,HENRY,4 2 CITY HALL,4092,004107,0.19979254,code_token_name,high,0.993
2006,2000,HENRY,4 2 CITY HALL,4092,004101,0.15719257,code_token_name,high,0.993
2006,2000,HENRY,4 2 CITY HALL,4092,004105,0.11427827,code_token_name,high,0.993
2006,2000,HENRY,4 2 CITY HALL,4092,004103,0.01210621,code_token_name,high,0.993
2006,2000,HENRY,4 2 CITY HALL,4092,004110,0.01193608,code_token_name,high,0.993
2006,2000,HENRY,4 2 CITY HALL,4092,004106,0.0,code_token_name,high,0.993
2006,2000,HENRY,5 1 HENRY CO HIGH,4084,004104,0.47657688,code_token_name,high,0.993
2006,2000,HENRY,5 1 HENRY CO HIGH,4084,004105,0.42475195,code_token_name,high,0.993
2006,2000,HENRY,5 1 HENRY CO HIGH,4084,004109,0.05708456,code_token_name,high,0.993
2006,2000,HENRY,5 1 HENRY CO HIGH,4084,004110,0.04158661,code_token_name,high,0.993
2006,2000,HENRY,5 2 TN TECH CENTER,4084,004104,0.47657688,code_token_name,high,0.993
2006,2000,HENRY,5 2 TN TECH CENTER,4084,004105,0.42475195,code_token_name,high,0.993
2006,2000,HENRY,5 2 TN TECH CENTER,4084,004109,0.05708456,code_token_name,high,0.993
2006,2000,HENRY,5 2 TN TECH CENTER,4084,004110,0.04158661,code_token_name,high,0.993
2006,2000,HICKMAN,1 1 ONLY,4156,004212,0.52219207,code_token_name,high,0.993
2006,2000,HICKMAN,1 1 ONLY,4156,004213,0.46544928,code_token_name,high,0.993
2006,2000,HICKMAN,1 1 ONLY,4156,004209,0.01230422,code_token_name,high,0.993
2006,2000,HICKMAN,1 1 ONLY,4156,004205,5.443e-05,code_token_name,high,0.993
2006,2000,HICKMAN,1 2 NUNNELLY,4156,004212,0.52219207,code_token_name,high,0.993
2006,2000,HICKMAN,1 2 NUNNELLY,4156,004213,0.46544928,code_token_name,high,0.993
2006,2000,HICKMAN,1 2 NUNNELLY,4156,004209,0.01230422,code_token_name,high,0.993
2006,2000,HICKMAN,1 2 NUNNELLY,4156,004205,5.443e-05,code_token_name,high,0.993
2006,2000,HICKMAN,1 3 PINEWOOD,4156,004212,0.52219207,code_token_name,high,0.993
2006,2000,HICKMAN,1 3 PINEWOOD,4156,004213,0.46544928,code_token_name,high,0.993
2006,2000,HICKMAN,1 3 PINEWOOD,4156,004209,0.01230422,code_token_name,high,0.993
2006,2000,HICKMAN,1 3 PINEWOOD,4156,004205,5.443e-05,code_token_name,high,0.993
2006,2000,HICKMAN,2 1 PINEWOOD,4160,004212,0.67460812,code_token_name,high,0.993
2006,2000,HICKMAN,2 1 PINEWOOD,4160,004205,0.22951799,code_token_name,high,0.993
2006,2000,HICKMAN,2 1 PINEWOOD,4160,004201,0.09144759,code_token_name,high,0.993
2006,2000,HICKMAN,2 1 PINEWOOD,4160,004209,0.00430654,code_token_name,high,0.993
2006,2000,HICKMAN,2 1 PINEWOOD,4160,004204,8.6e-05,code_token_name,high,0.993
2006,2000,HICKMAN,2 1 PINEWOOD,4160,004207,3.292e-05,code_token_name,high,0.993
2006,2000,HICKMAN,2 1 PINEWOOD,4160,004213,8.4e-07,code_token_name,high,0.993
2006,2000,HICKMAN,2 2 FAIRFIELD,0003,0003,1.0,exact_name,high,1.0
2006,2000,HICKMAN,2 3 EAST BANK,0004,0004,1.0,exact_name,high,1.0
2006,2000,HICKMAN,3 1 EAST CC,0005,0005,1.0,exact_name,high,1.0
2006,2000,HICKMAN,4 1 LAKE BENSON,0006,0006,1.0,exact_name,high,1.0
2006,2000,HICKMAN,5 1 MT PLEASANT,0007,0007,1.0,exact_name,high,1.0
2006,2000,HICKMAN,5 2 MIDDLE SCHOOL,0008,0008,1.0,exact_name,high,1.0
2006,2000,HICKMAN,5 3 SHADY GROVE,0009,0009,1.0,exact_name,high,1.0
2006,2000,HICKMAN,5 4 ARMORY,4180,004204,0.51883815,code_token_name,high,0.993
2006,2000,HICKMAN,5 4 ARMORY,4180,004205,0.47924698,code_token_name,high,0.993
2006,2000,HICKMAN,5 4 ARMORY,4180,004207,0.00180951,code_token_name,high,0.993
2006,2000,HICKMAN,5 4 ARMORY,4180,004206,0.0001008,code_token_name,high,0.993
2006,2000,HICKMAN,5 4 ARMORY,4180,004202,4.56e-06,code_token_name,high,0.993
2006,2000,HICKMAN,6 1 SENIOR HIGH,4184,004209,0.94583396,code_token_name,high,0.993
2006,2000,HICKMAN,6 1 SENIOR HIGH,4184,004213,0.0314629,code_token_name,high,0.993
2006,2000,HICKMAN,6 1 SENIOR HIGH,4184,004207,0.02184398,code_token_name,high,0.993
2006,2000,HICKMAN,6 1 SENIOR HIGH,4184,004205,0.00085916,code_token_name,high,0.993
2006,2000,HICKMAN,6 2 CENTERVILLE ELE,4184,004209,0.94583396,code_token_name,high,0.993
2006,2000,HICKMAN,6 2 CENTERVILLE ELE,4184,004213,0.0314629,code_token_name,high,0.993
2006,2000,HICKMAN,6 2 CENTERVILLE ELE,4184,004207,0.02184398,code_token_name,high,0.993
2006,2000,HICKMAN,6 2 CENTERVILLE ELE,4184,004205,0.00085916,code_token_name,high,0.993
2006,2000,HICKMAN,7 1 COBLE,4188,004209,0.90405674,code_token_name,high,0.993
2006,2000,HICKMAN,7 1 COBLE,4188,004213,0.06955793,code_token_name,high,0.993
2006,2000,HICKMAN,7 1 COBLE,4188,004210,0.02341332,code_token_name,high,0.993
2006,2000,HICKMAN,7 1 COBLE,4188,004207,0.00297201,code_token_name,high,0.993
2006,2000,HICKMAN,7 2 PLEASANTVILLE,0012,0012,1.0,exact_name,high,1.0
2006,2000,HICKMAN,7 3 BRUSHY,0013,0013,1.0,exact_name,high,1.0
2006,2000,HICKMAN,7 4 ARMORY,4188,004209,0.90405674,code_token_name,high,0.993
2006,2000,HICKMAN,7 4 ARMORY,4188,004213,0.06955793,code_token_name,high,0.993
2006,2000,HICKMAN,7 4 ARMORY,4188,004210,0.02341332,code_token_name,high,0.993
2006,2000,HICKMAN,7 4 ARMORY,4188,004207,0.00297201,code_token_name,high,0.993
2006,2000,HOUSTON,1 STEWART CC,0001,0001,1.0,token_vtd,high,1.0
2006,2000,HOUSTON,2 ARMORY,0002,0002,1.0,token_vtd,high,1.0
2006,2000,HOUSTON,3 ERIN CITY HALL,0003,0003,1.0,token_vtd,high,1.0
2006,2000,HOUSTON,4 SENIOR CITIZ BLDG,0004,0004,1.0,token_vtd,high,1.0
2006,2000,HOUSTON,5 ERIN ELEMENTARY,0005,0005,1.0,exact_name,high,1.0
2006,2000,HOUSTON,6 MIDDLE SCHOOL,0006,0006,1.0,token_vtd,high,1.0
2006,2000,HUMPHREYS,1 1 FOUR SEASONS,4240,004408,0.86500845,code_token_name,high,0.993
2006,2000,HUMPHREYS,1 1 FOUR SEASONS,4240,004402,0.09515661,code_token_name,high,0.993
2006,2000,HUMPHREYS,1 1 FOUR SEASONS,4240,004404,0.03983494,code_token_name,high,0.993
2006,2000,HUMPHREYS,1 2 ARMORY,4240,004408,0.86500845,code_token_name,high,0.993
2006,2000,HUMPHREYS,1 2 ARMORY,4240,004402,0.09515661,code_token_name,high,0.993
2006,2000,HUMPHREYS,1 2 ARMORY,4240,004404,0.03983494,code_token_name,high,0.993
2006,2000,HUMPHREYS,2 3 JUNIOR HIGH SCH,4256,004401,0.99612314,code_token_name,high,0.993
2006,2000,HUMPHREYS,2 3 JUNIOR HIGH SCH,4256,004403,0.00288936,code_token_name,high,0.993
2006,2000,HUMPHREYS,2 3 JUNIOR HIGH SCH,4256,004404,0.0009875,code_token_name,high,0.993
2006,2000,HUMPHREYS,3 4 MLEC,0004,0004,1.0,exact_name,high,1.0
2006,2000,HUMPHREYS,4 5 LAKEVIEW,4264,004402,0.87719105,code_token_name,high,0.993
2006,2000,HUMPHREYS,4 5 LAKEVIEW,4264,004408,0.12280895,code_token_name,high,0.993
2006,2000,HUMPHREYS,5 6 AG CENTER,4276,004405,0.85055164,code_token_name,high,0.993
2006,2000,HUMPHREYS,5 6 AG CENTER,4276,004403,0.14914663,code_token_name,high,0.993
2006,2000,HUMPHREYS,5 6 AG CENTER,4276,004402,0.00022015,code_token_name,high,0.993
2006,2000,HUMPHREYS,5 6 AG CENTER,4276,004406,7.771e-05,code_token_name,high,0.993
2006,2000,HUMPHREYS,5 6 AG CENTER,4276,004401,3.87e-06,code_token_name,high,0.993
2006,2000,HUMPHREYS,5 7 BUFFALO,4276,004405,0.85055164,code_token_name,high,0.993
2006,2000,HUMPHREYS,5 7 BUFFALO,4276,004403,0.14914663,code_token_name,high,0.993
2006,2000,HUMPHREYS,5 7 BUFFALO,4276,004402,0.00022015,code_token_name,high,0.993
2006,2000,HUMPHREYS,5 7 BUFFALO,4276,004406,7.771e-05,code_token_name,high,0.993
2006,2000,HUMPHREYS,5 7 BUFFALO,4276,004401,3.87e-06,code_token_name,high,0.993
2006,2000,HUMPHREYS,6 8 SOUTH MCEWEN,0007,0007,1.0,exact_name,high,1.0
2006,2000,HUMPHREYS,7 9 NORTH MCEWEN,0008,0008,1.0,exact_name,high,1.0
2006,2000,JACKSON,1 1,4310,004507,0.99501664,exact_name,high,1.0
2006,2000,JACKSON,1 1,4310,004508,0.00398357,exact_name,high,1.0
2006,2000,JACKSON,1 1,4310,004506,0.00072331,exact_name,high,1.0
2006,2000,JACKSON,1 1,4310,004504,0.00027648,exact_name,high,1.0
2006,2000,JACKSON,1 2,4311,004508,0.94992348,exact_name,high,1.0
2006,2000,JACKSON,1 2,4311,004507,0.04096962,exact_name,high,1.0
2006,2000,JACKSON,1 2,4311,004501,0.0091069,exact_name,high,1.0
2006,2000,JACKSON,1 3,4312,004507,0.99500995,exact_name,high,1.0
2006,2000,JACKSON,1 3,4312,004501,0.00183903,exact_name,high,1.0
2006,2000,JACKSON,1 3,4312,004508,0.00167915,exact_name,high,1.0
2006,2000,JACKSON,1 3,4312,004503,0.00147183,exact_name,high,1.0
2006,2000,JACKSON,1 3,4312,004506,4e-08,exact_name,high,1.0
2006,2000,JACKSON,2 1,4322,004509,0.9572054,exact_name,high,1.0
2006,2000,JACKSON,2 1,4322,004507,0.04143877,exact_name,high,1.0
2006,2000,JACKSON,2 1,4322,004502,0.00092959,exact_name,high,1.0
2006,2000,JACKSON,2 1,4322,004510,0.00028676,exact_name,high,1.0
2006,2000,JACKSON,2 1,4322,004508,8.59e-05,exact_name,high,1.0
2006,2000,JACKSON,2 1,4322,004504,5.357e-05,exact_name,high,1.0
2006,2000,JACKSON,2 2,4318,004502,0.99228602,exact_name,high,1.0
2006,2000,JACKSON,2 2,4318,004508,0.00658674,exact_name,high,1.0
2006,2000,JACKSON,2 2,4318,004509,0.0005586,exact_name,high,1.0
2006,2000,JACKSON,2 2,4318,004501,0.00043035,exact_name,high,1.0
2006,2000,JACKSON,2 2,4318,004507,0.0001383,exact_name,high,1.0
2006,2000,JACKSON,3 1,4326,004504,0.75142259,exact_name,high,1.0
2006,2000,JACKSON,3 1,4326,004507,0.2472289,exact_name,high,1.0
2006,2000,JACKSON,3 1,4326,004511,0.00046603,exact_name,high,1.0
2006,2000,JACKSON,3 1,4326,004506,0.00036756,exact_name,high,1.0
2006,2000,JACKSON,3 1,4326,004509,0.00032515,exact_name,high,1.0
2006,2000,JACKSON,3 1,4326,004510,0.00017107,exact_name,high,1.0
2006,2000,JACKSON,3 1,4326,004512,1.871e-05,exact_name,high,1.0
2006,2000,JACKSON,3 2,4330,004510,0.99860956,exact_name,high,1.0
2006,2000,JACKSON,3 2,4330,004509,0.00060402,exact_name,high,1.0
2006,2000,JACKSON,3 2,4330,004512,0.00050279,exact_name,high,1.0
2006,2000,JACKSON,3 2,4330,004504,0.00028364,exact_name,high,1.0
2006,2000,JACKSON,4 1,4338,004511,0.99584611,exact_name,high,1.0
2006,2000,JACKSON,4 1,4338,004512,0.00294931,exact_name,high,1.0
2006,2000,JACKSON,4 1,4338,004504,0.00120457,exact_name,high,1.0
2006,2000,JACKSON,4 2,4342,004512,0.99693962,exact_name,high,1.0
2006,2000,JACKSON,4 2,4342,004511,0.00221943,exact_name,high,1.0
2006,2000,JACKSON,4 2,4342,004510,0.00074956,exact_name,high,1.0
2006,2000,JACKSON,4 2,4342,004504,9.139e-05,exact_name,high,1.0
2006,2000,JACKSON,4 3,4334,004511,0.51523998,exact_name,high,1.0
2006,2000,JACKSON,4 3,4334,004505,0.48420322,exact_name,high,1.0
2006,2000,JACKSON,4 3,4334,004506,0.0005568,exact_name,high,1.0
2006,2000,JACKSON,5 1,4350,004506,0.72964293,exact_name,high,1.0
2006,2000,JACKSON,5 1,4350,004507,0.26850946,exact_name,high,1.0
2006,2000,JACKSON,5 1,4350,004505,0.00079956,exact_name,high,1.0
2006,2000,JACKSON,5 1,4350,004503,0.00056902,exact_name,high,1.0
2006,2000,JACKSON,5 1,4350,004508,0.00047902,exact_name,high,1.0
2006,2000,JACKSON,5 2,4354,004506,0.99677621,exact_name,high,1.0
2006,2000,JACKSON,5 2,4354,004505,0.00170683,exact_name,high,1.0
2006,2000,JACKSON,5 2,4354,004504,0.0009146,exact_name,high,1.0
2006,2000,JACKSON,5 2,4354,004507,0.00032785,exact_name,high,1.0
2006,2000,JACKSON,5 2,4354,004511,0.00027452,exact_name,high,1.0
2006,2000,JACKSON,5 3,4346,004505,0.99923511,exact_name,high,1.0
2006,2000,JACKSON,5 3,4346,004506,0.00045914,exact_name,high,1.0
2006,2000,JACKSON,5 3,4346,004511,0.00018627,exact_name,high,1.0
2006,2000,JACKSON,5 3,4346,004503,0.00011948,exact_name,high,1.0
2006,2000,JACKSON,6 1,4370,004501,0.99918344,exact_name,high,1.0
2006,2000,JACKSON,6 1,4370,004502,0.00044936,exact_name,high,1.0
2006,2000,JACKSON,6 1,4370,004503,0.00031797,exact_name,high,1.0
2006,2000,JACKSON,6 1,4370,004508,4.721e-05,exact_name,high,1.0
2006,2000,JACKSON,6 1,4370,004507,2.02e-06,exact_name,high,1.0
2006,2000,JACKSON,6 2,4366,004501,0.99941504,exact_name,high,1.0
2006,2000,JACKSON,6 2,4366,004503,0.00058496,exact_name,high,1.0
2006,2000,JACKSON,6 3,4362,004503,0.99832372,exact_name,high,1.0
2006,2000,JACKSON,6 3,4362,004501,0.00115522,exact_name,high,1.0
2006,2000,JACKSON,6 3,4362,004507,0.00026204,exact_name,high,1.0
2006,2000,JACKSON,6 3,4362,004506,0.00025902,exact_name,high,1.0
2006,2000,JACKSON,6 4,4358,004503,0.99932594,exact_name,high,1.0
2006,2000,JACKSON,6 4,4358,004501,0.00037194,exact_name,high,1.0
2006,2000,JACKSON,6 4,4358,004506,0.00019978,exact_name,high,1.0
2006,2000,JACKSON,6 4,4358,004505,0.00010234,exact_name,high,1.0
2006,2000,JEFFERSON,1 DANDRIDGE ELEM,4408,004604,0.82961897,code_token_name,high,0.993
2006,2000,JEFFERSON,1 DANDRIDGE ELEM,4408,004606,0.10209646,code_token_name,high,0.993
2006,2000,JEFFERSON,1 DANDRIDGE ELEM,4408,004603,0.06758131,code_token_name,high,0.993
2006,2000,JEFFERSON,1 DANDRIDGE ELEM,4408,004601,0.00030928,code_token_name,high,0.993
2006,2000,JEFFERSON,1 DANDRIDGE ELEM,4408,004611,0.00019136,code_token_name,high,0.993
2006,2000,JEFFERSON,1 DANDRIDGE ELEM,4408,004610,0.00015499,code_token_name,high,0.993
2006,2000,JEFFERSON,1 DANDRIDGE ELEM,4408,004609,4.764e-05,code_token_name,high,0.993
2006,2000,JEFFERSON,10 JEFF CITY MUN BLD,4404,004605,0.95740311,code_token_name,high,0.993
2006,2000,JEFFERSON,10 JEFF CITY MUN BLD,4404,004610,0.04238466,code_token_name,high,0.993
2006,2000,JEFFERSON,10 JEFF CITY MUN BLD,4404,004602,0.00021223,code_token_name,high,0.993
2006,2000,JEFFERSON,2 PIEDMONT,0002,0002,1.0,exact_name,high,1.0
2006,2000,JEFFERSON,3 WHITE PINE SCHOOL,4436,004603,0.99977963,code_token_name,high,0.993
2006,2000,JEFFERSON,3 WHITE PINE SCHOOL,4436,004610,0.00012808,code_token_name,high,0.993
2006,2000,JEFFERSON,3 WHITE PINE SCHOOL,4436,004611,7.085e-05,code_token_name,high,0.993
2006,2000,JEFFERSON,3 WHITE PINE SCHOOL,4436,004604,2.144e-05,code_token_name,high,0.993
2006,2000,JEFFERSON,4 JEFFERSON ELEM,4412,004602,0.97381614,code_token_name,high,0.993
2006,2000,JEFFERSON,4 JEFFERSON ELEM,4412,004605,0.02508628,code_token_name,high,0.993
2006,2000,JEFFERSON,4 JEFFERSON ELEM,4412,004608,0.00109758,code_token_name,high,0.993
2006,2000,JEFFERSON,5 JEFFERSON MIDDLE,4416,004606,0.77851466,code_token_name,high,0.993
2006,2000,JEFFERSON,5 JEFFERSON MIDDLE,4416,004602,0.20591943,code_token_name,high,0.993
2006,2000,JEFFERSON,5 JEFFERSON MIDDLE,4416,004605,0.01448431,code_token_name,high,0.993
2006,2000,JEFFERSON,5 JEFFERSON MIDDLE,4416,004610,0.00065624,code_token_name,high,0.993
2006,2000,JEFFERSON,5 JEFFERSON MIDDLE,4416,004608,0.00036553,code_token_name,high,0.993
2006,2000,JEFFERSON,5 JEFFERSON MIDDLE,4416,004601,5.983e-05,code_token_name,high,0.993
2006,2000,JEFFERSON,6 RUSH STRONG SCH,4428,004607,0.99917731,code_token_name,high,0.993
2006,2000,JEFFERSON,6 RUSH STRONG SCH,4428,004608,0.00082269,code_token_name,high,0.993
2006,2000,JEFFERSON,7 NEW MARKET CITY,4420,004608,0.97615853,code_token_name,high,0.993
2006,2000,JEFFERSON,7 NEW MARKET CITY,4420,004606,0.02158736,code_token_name,high,0.993
2006,2000,JEFFERSON,7 NEW MARKET CITY,4420,004607,0.00183443,code_token_name,high,0.993
2006,2000,JEFFERSON,7 NEW MARKET CITY,4420,004602,0.00041969,code_token_name,high,0.993
2006,2000,JEFFERSON,8 1 CHESTNUT HILL,0008,0008,1.0,exact_name,high,1.0
2006,2000,JEFFERSON,8 2 OLD SWANN SCHOOL,4400,004609,0.98157736,code_token_name,high,0.993
2006,2000,JEFFERSON,8 2 OLD SWANN SCHOOL,4400,004611,0.01816373,code_token_name,high,0.993
2006,2000,JEFFERSON,8 2 OLD SWANN SCHOOL,4400,004601,0.00024421,code_token_name,high,0.993
2006,2000,JEFFERSON,8 2 OLD SWANN SCHOOL,4400,004604,1.47e-05,code_token_name,high,0.993
2006,2000,JEFFERSON,9 TALBOTT SCHOOL,0010,0010,1.0,exact_name,high,1.0
2006,2000,JOHNSON,1A LAUREL,0001,0001,1.0,exact_name,high,1.0
2006,2000,JOHNSON,1B COLD SPRINGS,0002,0002,1.0,exact_name,high,1.0
2006,2000,JOHNSON,2 FORGE SHOUNS,0003,0003,1.0,exact_name,high,1.0
2006,2000,JOHNSON,3A TRADE,0004,0004,1.0,exact_name,high,1.0
2006,2000,JOHNSON,3B NEVA,0005,0005,1.0,exact_name,high,1.0
2006,2000,JOHNSON,4A DRY RUN,0006,0006,1.0,exact_name,high,1.0
2006,2000,JOHNSON,4B BUTLER,0007,0007,1.0,exact_name,high,1.0
2006,2000,JOHNSON,5 DOE,0008,0008,1.0,exact_name,high,1.0
2006,2000,JOHNSON,6A SHADY,0009,0009,1.0,exact_name,high,1.0
2006,2000,KNOX,06 GREEN SCHOOL,0001,0001,1.0,exact_name,high,1.0
2006,2000,KNOX,09 MOSES CENTER,4496,004861,0.99701711,code_token_name,high,0.993
2006,2000,KNOX,09 MOSES CENTER,4496,004862,0.00130934,code_token_name,high,0.993
2006,2000,KNOX,09 MOSES CENTER,4496,004804,0.00090083,code_token_name,high,0.993
2006,2000,KNOX,09 MOSES CENTER,4496,004864,0.00050673,code_token_name,high,0.993
2006,2000,KNOX,09 MOSES CENTER,4496,004859,0.0002261,code_token_name,high,0.993
2006,2000,KNOX,09 MOSES CENTER,4496,004860,3.866e-05,code_token_name,high,0.993
2006,2000,KNOX,09 MOSES CENTER,4496,004863,1.23e-06,code_token_name,high,0.993
2006,2000,KNOX,10N FORT SANDERS,0004,0004,1.0,exact_name,high,1.0
2006,2000,KNOX,10S STOKLEY ATHLETIC,4632,004832,0.99685052,code_token_name,high,0.993
2006,2000,KNOX,10S STOKLEY ATHLETIC,4632,004831,0.00239571,code_token_name,high,0.993
2006,2000,KNOX,10S STOKLEY ATHLETIC,4632,004893,0.00064641,code_token_name,high,0.993
2006,2000,KNOX,10S STOKLEY ATHLETIC,4632,004862,8.475e-05,code_token_name,high,0.993
2006,2000,KNOX,10S STOKLEY ATHLETIC,4632,004864,2e-05,code_token_name,high,0.993
2006,2000,KNOX,10S STOKLEY ATHLETIC,4632,004860,2.6e-06,code_token_name,high,0.993
2006,2000,KNOX,11 CENTRAL UMC,0007,0007,1.0,exact_name,high,1.0
2006,2000,KNOX,12 EASTPORT,4504,004865,0.99395321,code_token_name,high,0.993
2006,2000,KNOX,12 EASTPORT,4504,004868,0.00368176,code_token_name,high,0.993
2006,2000,KNOX,12 EASTPORT,4504,004809,0.00160127,code_token_name,high,0.993
2006,2000,KNOX,12 EASTPORT,4504,004864,0.00070692,code_token_name,high,0.993
2006,2000,KNOX,12 EASTPORT,4504,004873,5.685e-05,code_token_name,high,0.993
2006,2000,KNOX,13 FAIR GARDEN,0009,0009,1.0,exact_name,high,1.0
2006,2000,KNOX,14E AUSTIN EAST,0010,0010,1.0,exact_name,high,1.0
2006,2000,KNOX,14M WALTER P TAYLOR,4516,004865,0.99512648,code_token_name,high,0.993
2006,2000,KNOX,14M WALTER P TAYLOR,4516,004873,0.00477292,code_token_name,high,0.993
2006,2000,KNOX,14M WALTER P TAYLOR,4516,004864,8.089e-05,code_token_name,high,0.993
2006,2000,KNOX,14M WALTER P TAYLOR,4516,004867,1.971e-05,code_token_name,high,0.993
2006,2000,KNOX,15 JOHN T O CONNOR,0012,0012,1.0,exact_name,high,1.0
2006,2000,KNOX,16N NO KNOX REC CTR,4552,004883,0.99845909,code_token_name,high,0.993
2006,2000,KNOX,16N NO KNOX REC CTR,4552,004884,0.00113486,code_token_name,high,0.993
2006,2000,KNOX,16N NO KNOX REC CTR,4552,004877,0.00037937,code_token_name,high,0.993
2006,2000,KNOX,16N NO KNOX REC CTR,4552,004882,1.813e-05,code_token_name,high,0.993
2006,2000,KNOX,16N NO KNOX REC CTR,4552,004876,8.54e-06,code_token_name,high,0.993
2006,2000,KNOX,16S BELLE MORRIS,4556,004883,0.99837658,code_token_name,high,0.993
2006,2000,KNOX,16S BELLE MORRIS,4556,004867,0.00099083,code_token_name,high,0.993
2006,2000,KNOX,16S BELLE MORRIS,4556,004872,0.00049558,code_token_name,high,0.993
2006,2000,KNOX,16S BELLE MORRIS,4556,004876,7.445e-05,code_token_name,high,0.993
2006,2000,KNOX,16S BELLE MORRIS,4556,004875,5.618e-05,code_token_name,high,0.993
2006,2000,KNOX,16S BELLE MORRIS,4556,004884,6.39e-06,code_token_name,high,0.993
2006,2000,KNOX,17 CHRISTENBERRY,0016,0016,1.0,exact_name,high,1.0
2006,2000,KNOX,18 LINCOLN PARK,0017,0017,1.0,exact_name,high,1.0
2006,2000,KNOX,19 SOAR YTH MINISTRY,0018,0018,1.0,code_token_name,high,0.993
2006,2000,KNOX,20 BEAUMONT,0019,0019,1.0,exact_name,high,1.0
2006,2000,KNOX,23N BIBLE CHURCH GOD,4592,004859,0.99558838,code_token_name,high,0.993
2006,2000,KNOX,23N BIBLE CHURCH GOD,4592,004857,0.00224127,code_token_name,high,0.993
2006,2000,KNOX,23N BIBLE CHURCH GOD,4592,004804,0.00182746,code_token_name,high,0.993
2006,2000,KNOX,23N BIBLE CHURCH GOD,4592,004858,0.00027492,code_token_name,high,0.993
2006,2000,KNOX,23N BIBLE CHURCH GOD,4592,004894,6.797e-05,code_token_name,high,0.993
2006,2000,KNOX,23S WESTVIEW,0020,0020,1.0,exact_name,high,1.0
2006,2000,KNOX,24N PELLISSIPPI TECH,4640,004860,0.99666276,code_token_name,high,0.993
2006,2000,KNOX,24N PELLISSIPPI TECH,4640,004862,0.00114376,code_token_name,high,0.993
2006,2000,KNOX,24N PELLISSIPPI TECH,4640,004833,0.00107794,code_token_name,high,0.993
2006,2000,KNOX,24N PELLISSIPPI TECH,4640,004861,0.00048171,code_token_name,high,0.993
2006,2000,KNOX,24N PELLISSIPPI TECH,4640,004893,0.00033641,code_token_name,high,0.993
2006,2000,KNOX,24N PELLISSIPPI TECH,4640,004859,0.00029653,code_token_name,high,0.993
2006,2000,KNOX,24N PELLISSIPPI TECH,4640,004832,8.9e-07,code_token_name,high,0.993
2006,2000,KNOX,24Q SEQUOYAH HILLS,0021,0021,1.0,exact_name,high,1.0
2006,2000,KNOX,25 SOUTH KNOX CC,0022,0022,1.0,exact_name,high,1.0
2006,2000,KNOX,26 DOGWOOD,0023,0023,1.0,exact_name,high,1.0
2006,2000,KNOX,27 SO KNOX OPTIMIST,4844,004827,0.99229313,code_token_name,high,0.993
2006,2000,KNOX,27 SO KNOX OPTIMIST,4844,004824,0.00295597,code_token_name,high,0.993
2006,2000,KNOX,27 SO KNOX OPTIMIST,4844,004829,0.00200752,code_token_name,high,0.993
2006,2000,KNOX,27 SO KNOX OPTIMIST,4844,004831,0.00139233,code_token_name,high,0.993
2006,2000,KNOX,27 SO KNOX OPTIMIST,4844,004826,0.00135104,code_token_name,high,0.993
2006,2000,KNOX,28 SOUTH DOYLE MID,4848,004826,0.99470915,code_token_name,high,0.993
2006,2000,KNOX,28 SOUTH DOYLE MID,4848,004809,0.00345726,code_token_name,high,0.993
2006,2000,KNOX,28 SOUTH DOYLE MID,4848,004831,0.00096572,code_token_name,high,0.993
2006,2000,KNOX,28 SOUTH DOYLE MID,4848,004827,0.00086788,code_token_name,high,0.993
2006,2000,KNOX,29 ANDERSON,0025,0025,1.0,exact_name,high,1.0
2006,2000,KNOX,30 SARAH MOORE GREEN,0026,0026,1.0,exact_name,high,1.0
2006,2000,KNOX,31 CHILHOWEE,0027,0027,1.0,exact_name,high,1.0
2006,2000,KNOX,32 SPRING HILL,0028,0028,1.0,exact_name,high,1.0
2006,2000,KNOX,33 RICHARD YOAKLEY,0031,0031,1.0,exact_name,high,1.0
2006,2000,KNOX,34 FOUNT CITY LIB,4748,004882,0.99099022,code_token_name,high,0.993
2006,2000,KNOX,34 FOUNT CITY LIB,4748,004885,0.00641906,code_token_name,high,0.993
2006,2000,KNOX,34 FOUNT CITY LIB,4748,004881,0.00108302,code_token_name,high,0.993
2006,2000,KNOX,34 FOUNT CITY LIB,4748,004884,0.00096474,code_token_name,high,0.993
2006,2000,KNOX,34 FOUNT CITY LIB,4748,004880,0.00024211,code_token_name,high,0.993
2006,2000,KNOX,34 FOUNT CITY LIB,4748,004879,0.00020092,code_token_name,high,0.993
2006,2000,KNOX,34 FOUNT CITY LIB,4748,004883,9.992e-05,code_token_name,high,0.993
2006,2000,KNOX,35 SHANNONDALE,0033,0033,1.0,exact_name,high,1.0
2006,2000,KNOX,36 GRESHAM,0034,0034,1.0,exact_name,high,1.0
2006,2000,KNOX,37 INSKIP ELEM,4576,004879,0.9979986,code_token_name,high,0.993
2006,2000,KNOX,37 INSKIP ELEM,4576,004880,0.0011087,code_token_name,high,0.993
2006,2000,KNOX,37 INSKIP ELEM,4576,004882,0.00042617,code_token_name,high,0.993
2006,2000,KNOX,37 INSKIP ELEM,4576,004877,0.00035918,code_token_name,high,0.993
2006,2000,KNOX,37 INSKIP ELEM,4576,004802,0.00010723,code_token_name,high,0.993
2006,2000,KNOX,37 INSKIP ELEM,4576,004804,1.2e-07,code_token_name,high,0.993
2006,2000,KNOX,38 INSKIP ELEM,4580,004879,0.99811927,code_token_name,high,0.993
2006,2000,KNOX,38 INSKIP ELEM,4580,004802,0.00096567,code_token_name,high,0.993
2006,2000,KNOX,38 INSKIP ELEM,4580,004880,0.00079975,code_token_name,high,0.993
2006,2000,KNOX,38 INSKIP ELEM,4580,004888,0.00011531,code_token_name,high,0.993
2006,2000,KNOX,39 INSKIP REC CENTER,0036,0036,1.0,exact_name,high,1.0
2006,2000,KNOX,40 NORWOOD ELEM,4596,004806,0.99844866,code_token_name,high,0.993
2006,2000,KNOX,40 NORWOOD ELEM,4596,004802,0.00106145,code_token_name,high,0.993
2006,2000,KNOX,40 NORWOOD ELEM,4596,004888,0.00036127,code_token_name,high,0.993
2006,2000,KNOX,40 NORWOOD ELEM,4596,004803,0.00012841,code_token_name,high,0.993
2006,2000,KNOX,40 NORWOOD ELEM,4596,004856,2.1e-07,code_token_name,high,0.993
2006,2000,KNOX,41 NORWOOD LIBRARY,4600,004803,0.73237976,code_token_name,high,0.993
2006,2000,KNOX,41 NORWOOD LIBRARY,4600,004894,0.26527727,code_token_name,high,0.993
2006,2000,KNOX,41 NORWOOD LIBRARY,4600,004804,0.00088311,code_token_name,high,0.993
2006,2000,KNOX,41 NORWOOD LIBRARY,4600,004857,0.0005562,code_token_name,high,0.993
2006,2000,KNOX,41 NORWOOD LIBRARY,4600,004806,0.00049313,code_token_name,high,0.993
2006,2000,KNOX,41 NORWOOD LIBRARY,4600,004856,0.00031896,code_token_name,high,0.993
2006,2000,KNOX,41 NORWOOD LIBRARY,4600,004802,8.93e-05,code_token_name,high,0.993
2006,2000,KNOX,41 NORWOOD LIBRARY,4600,004859,2.29e-06,code_token_name,high,0.993
2006,2000,KNOX,42 PLEASANT RIDGE,0040,0040,1.0,exact_name,high,1.0
2006,2000,KNOX,43 WEST HAVEN,0041,0041,1.0,exact_name,high,1.0
2006,2000,KNOX,44 RIDGEDALE,0042,0042,1.0,exact_name,high,1.0
2006,2000,KNOX,45 BEARDEN MIDDLE,0043,0043,1.0,exact_name,high,1.0
2006,2000,KNOX,46 WEST HILLS,4620,004838,0.7474454,code_token_name,high,0.993
2006,2000,KNOX,46 WEST HILLS,4620,004854,0.24865831,code_token_name,high,0.993
2006,2000,KNOX,46 WEST HILLS,4620,004851,0.00124129,code_token_name,high,0.993
2006,2000,KNOX,46 WEST HILLS,4620,004852,0.00099552,code_token_name,high,0.993
2006,2000,KNOX,46 WEST HILLS,4620,004853,0.00095314,code_token_name,high,0.993
2006,2000,KNOX,46 WEST HILLS,4620,004837,0.00068782,code_token_name,high,0.993
2006,2000,KNOX,46 WEST HILLS,4620,004850,1.852e-05,code_token_name,high,0.993
2006,2000,KNOX,47 BEARDEN HIGH,0046,0046,1.0,exact_name,high,1.0
2006,2000,KNOX,48 POND GAP,0047,0047,1.0,exact_name,high,1.0
2006,2000,KNOX,49 BEARDEN ELEM,4652,004834,0.99182486,code_token_name,high,0.993
2006,2000,KNOX,49 BEARDEN ELEM,4652,004829,0.00465363,code_token_name,high,0.993
2006,2000,KNOX,49 BEARDEN ELEM,4652,004801,0.00111617,code_token_name,high,0.993
2006,2000,KNOX,49 BEARDEN ELEM,4652,004836,0.00080393,code_token_name,high,0.993
2006,2000,KNOX,49 BEARDEN ELEM,4652,004833,0.00063933,code_token_name,high,0.993
2006,2000,KNOX,49 BEARDEN ELEM,4652,004835,0.00049641,code_token_name,high,0.993
2006,2000,KNOX,49 BEARDEN ELEM,4652,004837,0.00041125,code_token_name,high,0.993
2006,2000,KNOX,49 BEARDEN ELEM,4652,004860,5.442e-05,code_token_name,high,0.993
2006,2000,KNOX,50N WEST HIGH,0050,0050,1.0,exact_name,high,1.0
2006,2000,KNOX,50S WEST HIGH,0051,0051,1.0,exact_name,high,1.0
2006,2000,KNOX,51 DEANE HILL RECR,0052,0052,1.0,exact_name,high,1.0
2006,2000,KNOX,55 LONAS,4628,004854,0.81424236,exact_name,high,1.0
2006,2000,KNOX,55 LONAS,4628,004853,0.1738411,exact_name,high,1.0
2006,2000,KNOX,55 LONAS,4628,004852,0.00676279,exact_name,high,1.0
2006,2000,KNOX,55 LONAS,4628,004855,0.00381747,exact_name,high,1.0
2006,2000,KNOX,55 LONAS,4628,004838,0.00072224,exact_name,high,1.0
2006,2000,KNOX,55 LONAS,4628,004828,0.00061405,exact_name,high,1.0
2006,2000,KNOX,56 HEISKELL,4724,004890,0.99884345,exact_name,high,1.0
2006,2000,KNOX,56 HEISKELL,4724,004892,0.00048477,exact_name,high,1.0
2006,2000,KNOX,56 HEISKELL,4724,004895,0.00038853,exact_name,high,1.0
2006,2000,KNOX,56 HEISKELL,4724,004810,0.00023142,exact_name,high,1.0
2006,2000,KNOX,56 HEISKELL,4724,004891,5.183e-05,exact_name,high,1.0
2006,2000,KNOX,57 HILLS,4796,004810,0.99853756,exact_name,high,1.0
2006,2000,KNOX,57 HILLS,4796,004811,0.00099998,exact_name,high,1.0
2006,2000,KNOX,57 HILLS,4796,004890,0.00031324,exact_name,high,1.0
2006,2000,KNOX,57 HILLS,4796,004895,0.00014922,exact_name,high,1.0
2006,2000,KNOX,58 PEDIGO,4728,004891,0.58960105,exact_name,high,1.0
2006,2000,KNOX,58 PEDIGO,4728,004895,0.40829028,exact_name,high,1.0
2006,2000,KNOX,58 PEDIGO,4728,004887,0.00052896,exact_name,high,1.0
2006,2000,KNOX,58 PEDIGO,4728,004890,0.0005224,exact_name,high,1.0
2006,2000,KNOX,58 PEDIGO,4728,004811,0.00043025,exact_name,high,1.0
2006,2000,KNOX,58 PEDIGO,4728,004886,0.00033759,exact_name,high,1.0
2006,2000,KNOX,58 PEDIGO,4728,004810,0.000261,exact_name,high,1.0
2006,2000,KNOX,58 PEDIGO,4728,004892,2.846e-05,exact_name,high,1.0
2006,2000,KNOX,59 BRICKEY,4764,004887,0.9777476,exact_name,high,1.0
2006,2000,KNOX,59 BRICKEY,4764,004880,0.01805878,exact_name,high,1.0
2006,2000,KNOX,59 BRICKEY,4764,004891,0.00259876,exact_name,high,1.0
2006,2000,KNOX,59 BRICKEY,4764,004886,0.00102847,exact_name,high,1.0
2006,2000,KNOX,59 BRICKEY,4764,004888,0.00032738,exact_name,high,1.0
2006,2000,KNOX,59 BRICKEY,4764,004881,0.00016134,exact_name,high,1.0
2006,2000,KNOX,59 BRICKEY,4764,004879,7.767e-05,exact_name,high,1.0
2006,2000,KNOX,60 FORT SUMPTER,4788,004811,0.99797189,exact_name,high,1.0
2006,2000,KNOX,60 FORT SUMPTER,4788,004812,0.0007487,exact_name,high,1.0
2006,2000,KNOX,60 FORT SUMPTER,4788,004810,0.00066769,exact_name,high,1.0
2006,2000,KNOX,60 FORT SUMPTER,4788,004886,0.00045942,exact_name,high,1.0
2006,2000,KNOX,60 FORT SUMPTER,4788,004895,0.0001523,exact_name,high,1.0
2006,2000,KNOX,60 FORT SUMPTER,4788,004891,1e-08,exact_name,high,1.0
2006,2000,KNOX,61 HALLS,4768,004886,0.98743722,exact_name,high,1.0
2006,2000,KNOX,61 HALLS,4768,004881,0.00899052,exact_name,high,1.0
2006,2000,KNOX,61 HALLS,4768,004811,0.00093223,exact_name,high,1.0
2006,2000,KNOX,61 HALLS,4768,004885,0.00085274,exact_name,high,1.0
2006,2000,KNOX,61 HALLS,4768,004812,0.00081074,exact_name,high,1.0
2006,2000,KNOX,61 HALLS,4768,004887,0.00052395,exact_name,high,1.0
2006,2000,KNOX,61 HALLS,4768,004891,0.00036085,exact_name,high,1.0
2006,2000,KNOX,61 HALLS,4768,004880,7.857e-05,exact_name,high,1.0
2006,2000,KNOX,61 HALLS,4768,004808,1.318e-05,exact_name,high,1.0
2006,2000,KNOX,62 HARDIN VALLEY,4704,004844,0.99721889,exact_name,high,1.0
2006,2000,KNOX,62 HARDIN VALLEY,4704,004805,0.00197035,exact_name,high,1.0
2006,2000,KNOX,62 HARDIN VALLEY,4704,004846,0.00051268,exact_name,high,1.0
2006,2000,KNOX,62 HARDIN VALLEY,4704,004845,0.00020062,exact_name,high,1.0
2006,2000,KNOX,62 HARDIN VALLEY,4704,004847,9.747e-05,exact_name,high,1.0
2006,2000,KNOX,63 KARNS,4712,004848,0.72286341,exact_name,high,1.0
2006,2000,KNOX,63 KARNS,4712,004849,0.2676453,exact_name,high,1.0
2006,2000,KNOX,63 KARNS,4712,004855,0.00426526,exact_name,high,1.0
2006,2000,KNOX,63 KARNS,4712,004806,0.0035567,exact_name,high,1.0
2006,2000,KNOX,63 KARNS,4712,004828,0.00053574,exact_name,high,1.0
2006,2000,KNOX,63 KARNS,4712,004846,0.00043235,exact_name,high,1.0
2006,2000,KNOX,63 KARNS,4712,004888,0.00037255,exact_name,high,1.0
2006,2000,KNOX,63 KARNS,4712,004856,0.00018275,exact_name,high,1.0
2006,2000,KNOX,63 KARNS,4712,004892,0.00014595,exact_name,high,1.0
2006,2000,KNOX,63N KARNS NORTH,0063,0063,1.0,exact_name,high,1.0
2006,2000,KNOX,64 SOLWAY,4716,004846,0.99832225,exact_name,high,1.0
2006,2000,KNOX,64 SOLWAY,4716,004848,0.00060027,exact_name,high,1.0
2006,2000,KNOX,64 SOLWAY,4716,004844,0.00047336,exact_name,high,1.0
2006,2000,KNOX,64 SOLWAY,4716,004828,0.00031143,exact_name,high,1.0
2006,2000,KNOX,64 SOLWAY,4716,004849,0.0001555,exact_name,high,1.0
2006,2000,KNOX,64 SOLWAY,4716,004847,0.00013718,exact_name,high,1.0
2006,2000,KNOX,65 CONCORD,4692,004841,0.65666199,exact_name,high,1.0
2006,2000,KNOX,65 CONCORD,4692,004896,0.34246813,exact_name,high,1.0
2006,2000,KNOX,65 CONCORD,4692,004839,0.00020293,exact_name,high,1.0
2006,2000,KNOX,65 CONCORD,4692,004840,0.00019394,exact_name,high,1.0
2006,2000,KNOX,65 CONCORD,4692,004842,0.00018254,exact_name,high,1.0
2006,2000,KNOX,65 CONCORD,4692,004805,0.00016829,exact_name,high,1.0
2006,2000,KNOX,65 CONCORD,4692,004897,8.013e-05,exact_name,high,1.0
2006,2000,KNOX,65 CONCORD,4692,004850,4.205e-05,exact_name,high,1.0
2006,2000,KNOX,65N CONCORD NORTH,0066,0066,1.0,exact_name,high,1.0
2006,2000,KNOX,66N FARRAGUT I,4696,004805,0.99637262,exact_name,high,1.0
2006,2000,KNOX,66N FARRAGUT I,4696,004844,0.00281566,exact_name,high,1.0
2006,2000,KNOX,66N FARRAGUT I,4696,004842,0.00058985,exact_name,high,1.0
2006,2000,KNOX,66N FARRAGUT I,4696,004845,0.00022188,exact_name,high,1.0
2006,2000,KNOX,66S FARRAGUT II,4700,004842,0.80275455,exact_name,high,1.0
2006,2000,KNOX,66S FARRAGUT II,4700,004805,0.18864373,exact_name,high,1.0
2006,2000,KNOX,66S FARRAGUT II,4700,004896,0.00505721,exact_name,high,1.0
2006,2000,KNOX,66S FARRAGUT II,4700,004845,0.00326489,exact_name,high,1.0
2006,2000,KNOX,66S FARRAGUT II,4700,004841,0.00027963,exact_name,high,1.0
2006,2000,KNOX,67 NORTH CEDAR BLUFF,0074,0074,1.0,exact_name,high,1.0
2006,2000,KNOX,68 SOUTH CEDAR BLUFF,0075,0075,1.0,exact_name,high,1.0
2006,2000,KNOX,68E EAST CEDAR BLUFF,0076,0076,1.0,exact_name,high,1.0
2006,2000,KNOX,69N A L LOTTS,0080,0080,1.0,exact_name,high,1.0
2006,2000,KNOX,69S BLUEGRASS,4686,004839,0.78940326,exact_name,high,1.0
2006,2000,KNOX,69S BLUEGRASS,4686,004807,0.20970773,exact_name,high,1.0
2006,2000,KNOX,69S BLUEGRASS,4686,004835,0.00039496,exact_name,high,1.0
2006,2000,KNOX,69S BLUEGRASS,4686,004897,0.00027835,exact_name,high,1.0
2006,2000,KNOX,69S BLUEGRASS,4686,004841,0.00018925,exact_name,high,1.0
2006,2000,KNOX,69S BLUEGRASS,4686,004896,2.646e-05,exact_name,high,1.0
2006,2000,KNOX,70 BALL CAMP,4708,004828,0.51311217,exact_name,high,1.0
2006,2000,KNOX,70 BALL CAMP,4708,004847,0.48245844,exact_name,high,1.0
2006,2000,KNOX,70 BALL CAMP,4708,004845,0.00131663,exact_name,high,1.0
2006,2000,KNOX,70 BALL CAMP,4708,004848,0.00116944,exact_name,high,1.0
2006,2000,KNOX,70 BALL CAMP,4708,004854,0.00043774,exact_name,high,1.0
2006,2000,KNOX,70 BALL CAMP,4708,004846,0.0004183,exact_name,high,1.0
2006,2000,KNOX,70 BALL CAMP,4708,004853,0.00040442,exact_name,high,1.0
2006,2000,KNOX,70 BALL CAMP,4708,004844,0.00034577,exact_name,high,1.0
2006,2000,KNOX,70 BALL CAMP,4708,004852,0.00022755,exact_name,high,1.0
2006,2000,KNOX,70 BALL CAMP,4708,004805,0.00010954,exact_name,high,1.0
2006,2000,KNOX,71 ROCKY HILL,4668,004835,0.99908334,exact_name,high,1.0
2006,2000,KNOX,71 ROCKY HILL,4668,004839,0.00059583,exact_name,high,1.0
2006,2000,KNOX,71 ROCKY HILL,4668,004807,0.00032083,exact_name,high,1.0
2006,2000,KNOX,72E DANTE EAST,0084,0084,1.0,exact_name,high,1.0
2006,2000,KNOX,72W DANTE WEST,0085,0085,1.0,exact_name,high,1.0
2006,2000,KNOX,73 POWELL,4720,004892,0.93145371,exact_name,high,1.0
2006,2000,KNOX,73 POWELL,4720,004888,0.06350522,exact_name,high,1.0
2006,2000,KNOX,73 POWELL,4720,004887,0.00371456,exact_name,high,1.0
2006,2000,KNOX,73 POWELL,4720,004890,0.00118122,exact_name,high,1.0
2006,2000,KNOX,73 POWELL,4720,004849,0.00013008,exact_name,high,1.0
2006,2000,KNOX,73 POWELL,4720,004891,1.52e-05,exact_name,high,1.0
2006,2000,KNOX,74 SHANNONDALE,4760,004885,0.97304759,exact_name,high,1.0
2006,2000,KNOX,74 SHANNONDALE,4760,004881,0.02172751,exact_name,high,1.0
2006,2000,KNOX,74 SHANNONDALE,4760,004882,0.00276522,exact_name,high,1.0
2006,2000,KNOX,74 SHANNONDALE,4760,004884,0.00168541,exact_name,high,1.0
2006,2000,KNOX,74 SHANNONDALE,4760,004886,0.00045261,exact_name,high,1.0
2006,2000,KNOX,74 SHANNONDALE,4760,004808,0.00032166,exact_name,high,1.0
2006,2000,KNOX,75 HUFFS,4800,004868,0.99455727,exact_name,high,1.0
2006,2000,KNOX,75 HUFFS,4800,004809,0.00235678,exact_name,high,1.0
2006,2000,KNOX,75 HUFFS,4800,004821,0.00159737,exact_name,high,1.0
2006,2000,KNOX,75 HUFFS,4800,004865,0.00148858,exact_name,high,1.0
2006,2000,KNOX,76 SUNNYVIEW,4820,004818,0.94364969,exact_name,high,1.0
2006,2000,KNOX,76 SUNNYVIEW,4820,004820,0.05359514,exact_name,high,1.0
2006,2000,KNOX,76 SUNNYVIEW,4820,004816,0.00115574,exact_name,high,1.0
2006,2000,KNOX,76 SUNNYVIEW,4820,004815,0.00061646,exact_name,high,1.0
2006,2000,KNOX,76 SUNNYVIEW,4820,004814,0.00058698,exact_name,high,1.0
2006,2000,KNOX,76 SUNNYVIEW,4820,004870,0.00026856,exact_name,high,1.0
2006,2000,KNOX,76 SUNNYVIEW,4820,004821,0.00012731,exact_name,high,1.0
2006,2000,KNOX,76 SUNNYVIEW,4820,004817,1.1e-07,exact_name,high,1.0
2006,2000,KNOX,77 RAMSEY,4804,004821,0.9722571,exact_name,high,1.0
2006,2000,KNOX,77 RAMSEY,4804,004870,0.01986885,exact_name,high,1.0
2006,2000,KNOX,77 RAMSEY,4804,004868,0.00557993,exact_name,high,1.0
2006,2000,KNOX,77 RAMSEY,4804,004809,0.00125922,exact_name,high,1.0
2006,2000,KNOX,77 RAMSEY,4804,004820,0.00071783,exact_name,high,1.0
2006,2000,KNOX,77 RAMSEY,4804,004818,0.00021517,exact_name,high,1.0
2006,2000,KNOX,77 RAMSEY,4804,004819,0.0001019,exact_name,high,1.0
2006,2000,KNOX,78 RIVERDALE,4812,004819,0.9884388,exact_name,high,1.0
2006,2000,KNOX,78 RIVERDALE,4812,004817,0.00879695,exact_name,high,1.0
2006,2000,KNOX,78 RIVERDALE,4812,004822,0.00124901,exact_name,high,1.0
2006,2000,KNOX,78 RIVERDALE,4812,004820,0.000848,exact_name,high,1.0
2006,2000,KNOX,78 RIVERDALE,4812,004823,0.00033732,exact_name,high,1.0
2006,2000,KNOX,78 RIVERDALE,4812,004821,0.0003299,exact_name,high,1.0
2006,2000,KNOX,78 RIVERDALE,4812,004809,2e-08,exact_name,high,1.0
2006,2000,KNOX,79 DORA KENNEDY,4780,004820,0.99752469,exact_name,high,1.0
2006,2000,KNOX,79 DORA KENNEDY,4780,004821,0.001159,exact_name,high,1.0
2006,2000,KNOX,79 DORA KENNEDY,4780,004819,0.00093686,exact_name,high,1.0
2006,2000,KNOX,79 DORA KENNEDY,4780,004817,0.00037798,exact_name,high,1.0
2006,2000,KNOX,79 DORA KENNEDY,4780,004818,1.46e-06,exact_name,high,1.0
2006,2000,KNOX,80 CORRYTON,4776,004813,0.99800134,exact_name,high,1.0
2006,2000,KNOX,80 CORRYTON,4776,004814,0.00158205,exact_name,high,1.0
2006,2000,KNOX,80 CORRYTON,4776,004808,0.00024927,exact_name,high,1.0
2006,2000,KNOX,80 CORRYTON,4776,004812,0.00016733,exact_name,high,1.0
2006,2000,KNOX,81 GIBBS,4792,004812,0.99379926,exact_name,high,1.0
2006,2000,KNOX,81 GIBBS,4792,004808,0.00499981,exact_name,high,1.0
2006,2000,KNOX,81 GIBBS,4792,004886,0.00066406,exact_name,high,1.0
2006,2000,KNOX,81 GIBBS,4792,004811,0.00030585,exact_name,high,1.0
2006,2000,KNOX,81 GIBBS,4792,004813,0.00023103,exact_name,high,1.0
2006,2000,KNOX,82 ELLISTOWN,4784,004816,0.99684251,exact_name,high,1.0
2006,2000,KNOX,82 ELLISTOWN,4784,004818,0.00115157,exact_name,high,1.0
2006,2000,KNOX,82 ELLISTOWN,4784,004814,0.00080212,exact_name,high,1.0
2006,2000,KNOX,82 ELLISTOWN,4784,004870,0.00071239,exact_name,high,1.0
2006,2000,KNOX,82 ELLISTOWN,4784,004808,0.00042699,exact_name,high,1.0
2006,2000,KNOX,82 ELLISTOWN,4784,004872,6.442e-05,exact_name,high,1.0
2006,2000,KNOX,84 RITTA,4808,004808,0.99910371,exact_name,high,1.0
2006,2000,KNOX,84 RITTA,4808,004812,0.00025234,exact_name,high,1.0
2006,2000,KNOX,84 RITTA,4808,004813,0.00017746,exact_name,high,1.0
2006,2000,KNOX,84 RITTA,4808,004816,0.0001042,exact_name,high,1.0
2006,2000,KNOX,84 RITTA,4808,004884,0.00010321,exact_name,high,1.0
2006,2000,KNOX,84 RITTA,4808,004886,9.742e-05,exact_name,high,1.0
2006,2000,KNOX,84 RITTA,4808,004814,9.083e-05,exact_name,high,1.0
2006,2000,KNOX,84 RITTA,4808,004885,7.083e-05,exact_name,high,1.0
2006,2000,KNOX,85 SKAGGSTON,4816,004814,0.99834372,exact_name,high,1.0
2006,2000,KNOX,85 SKAGGSTON,4816,004813,0.00076229,exact_name,high,1.0
2006,2000,KNOX,85 SKAGGSTON,4816,004815,0.00039455,exact_name,high,1.0
2006,2000,KNOX,85 SKAGGSTON,4816,004818,0.00033811,exact_name,high,1.0
2006,2000,KNOX,85 SKAGGSTON,4816,004816,9.662e-05,exact_name,high,1.0
2006,2000,KNOX,85 SKAGGSTON,4816,004808,6.47e-05,exact_name,high,1.0
2006,2000,KNOX,86 CARTER,4772,004815,0.99786506,exact_name,high,1.0
2006,2000,KNOX,86 CARTER,4772,004818,0.0008173,exact_name,high,1.0
2006,2000,KNOX,86 CARTER,4772,004814,0.00067569,exact_name,high,1.0
2006,2000,KNOX,86 CARTER,4772,004817,0.00064195,exact_name,high,1.0
2006,2000,KNOX,87 THORNGROVE,4824,004817,0.99666054,exact_name,high,1.0
2006,2000,KNOX,87 THORNGROVE,4824,004819,0.00167207,exact_name,high,1.0
2006,2000,KNOX,87 THORNGROVE,4824,004822,0.00110253,exact_name,high,1.0
2006,2000,KNOX,87 THORNGROVE,4824,004815,0.00041226,exact_name,high,1.0
2006,2000,KNOX,87 THORNGROVE,4824,004820,0.00015259,exact_name,high,1.0
2006,2000,KNOX,87 THORNGROVE,4824,004818,0.0,exact_name,high,1.0
2006,2000,KNOX,88 KINGS,4837,004826,0.75690697,exact_name,high,1.0
2006,2000,KNOX,88 KINGS,4837,004823,0.22927327,exact_name,high,1.0
2006,2000,KNOX,88 KINGS,4837,004809,0.01381977,exact_name,high,1.0
2006,2000,KNOX,89 MT OLIVE,4872,004829,0.99434934,exact_name,high,1.0
2006,2000,KNOX,89 MT OLIVE,4872,004835,0.00176682,exact_name,high,1.0
2006,2000,KNOX,89 MT OLIVE,4872,004831,0.00153894,exact_name,high,1.0
2006,2000,KNOX,89 MT OLIVE,4872,004833,0.00118893,exact_name,high,1.0
2006,2000,KNOX,89 MT OLIVE,4872,004824,0.00074754,exact_name,high,1.0
2006,2000,KNOX,89 MT OLIVE,4872,004834,0.00031844,exact_name,high,1.0
2006,2000,KNOX,89 MT OLIVE,4872,004827,9e-05,exact_name,high,1.0
2006,2000,KNOX,90 BONNY KATE,4856,004824,0.99839293,exact_name,high,1.0
2006,2000,KNOX,90 BONNY KATE,4856,004827,0.0008329,exact_name,high,1.0
2006,2000,KNOX,90 BONNY KATE,4856,004823,0.0005654,exact_name,high,1.0
2006,2000,KNOX,90 BONNY KATE,4856,004829,0.00020876,exact_name,high,1.0
2006,2000,KNOX,91 VESTAL,4876,004831,0.99869781,exact_name,high,1.0
2006,2000,KNOX,91 VESTAL,4876,004829,0.00080306,exact_name,high,1.0
2006,2000,KNOX,91 VESTAL,4876,004832,0.0004545,exact_name,high,1.0
2006,2000,KNOX,91 VESTAL,4876,004893,4.464e-05,exact_name,high,1.0
2006,2000,KNOX,92 GAP CREEK,4860,004822,0.99830273,exact_name,high,1.0
2006,2000,KNOX,92 GAP CREEK,4860,004823,0.00081834,exact_name,high,1.0
2006,2000,KNOX,92 GAP CREEK,4860,004819,0.00069721,exact_name,high,1.0
2006,2000,KNOX,92 GAP CREEK,4860,004817,0.00018172,exact_name,high,1.0
2006,2000,KNOX,93 HOPEWELL,4864,004823,0.99777293,exact_name,high,1.0
2006,2000,KNOX,93 HOPEWELL,4864,004826,0.000787,exact_name,high,1.0
2006,2000,KNOX,93 HOPEWELL,4864,004822,0.00063373,exact_name,high,1.0
2006,2000,KNOX,93 HOPEWELL,4864,004824,0.00043009,exact_name,high,1.0
2006,2000,KNOX,93 HOPEWELL,4864,004819,0.00033671,exact_name,high,1.0
2006,2000,KNOX,93 HOPEWELL,4864,004809,3.946e-05,exact_name,high,1.0
2006,2000,KNOX,93 HOPEWELL,4864,004827,8e-08,exact_name,high,1.0
2006,2000,LAKE,1 TIPTONVILLE SR CIT,4904,004951,0.99726489,code_token_name,high,0.993
2006,2000,LAKE,1 TIPTONVILLE SR CIT,4904,004952,0.00273511,code_token_name,high,0.993
2006,2000,LAKE,3 COURTHOUSE,4892,004951,0.71600425,code_token_name,high,0.993
2006,2000,LAKE,3 COURTHOUSE,4892,004952,0.21713918,code_token_name,high,0.993
2006,2000,LAKE,3 COURTHOUSE,4892,004953,0.06685656,code_token_name,high,0.993
2006,2000,LAKE,4 LAKE CO JR HIGH,4896,004953,0.81505998,code_token_name,high,0.993
2006,2000,LAKE,4 LAKE CO JR HIGH,4896,004952,0.18494002,code_token_name,high,0.993
2006,2000,LAUDERDALE,CENTRAL 6,0007,0007,1.0,exact_name,high,1.0
2006,2000,LAUDERDALE,EDITH 7,0008,0008,1.0,exact_name,high,1.0
2006,2000,LAUDERDALE,GATES 7,0009,0009,1.0,exact_name,high,1.0
2006,2000,LAUDERDALE,HALLS 8,0010,0010,1.0,exact_name,high,1.0
2006,2000,LAUDERDALE,HENNING 1,0001,0001,1.0,exact_name,high,1.0
2006,2000,LAUDERDALE,LIGHTFOOT 5,0006,0006,1.0,exact_name,high,1.0
2006,2000,LAUDERDALE,MCBRIDE 1,0002,0002,1.0,exact_name,high,1.0
2006,2000,LAUDERDALE,RIPLEY 2,0003,0003,1.0,exact_name,high,1.0
2006,2000,LAUDERDALE,RIPLEY 3,0004,0004,1.0,exact_name,high,1.0
2006,2000,LAUDERDALE,RIPLEY 4,0005,0005,1.0,exact_name,high,1.0
2006,2000,LAWRENCE,01 1 ST JOSEPH,0001,0001,1.0,exact_name,high,1.0
2006,2000,LAWRENCE,01 2 WEST LORETTO,0002,0002,1.0,exact_name,high,1.0
2006,2000,LAWRENCE,02 1 LORETTO CIV CTR,5020,005170,0.86976849,code_token_name,high,0.993
2006,2000,LAWRENCE,02 1 LORETTO CIV CTR,5020,005171,0.13023151,code_token_name,high,0.993
2006,2000,LAWRENCE,03 1 SE LAWRENCE,0004,0004,1.0,exact_name,high,1.0
2006,2000,LAWRENCE,03 2 CENTERPOINT,0005,0005,1.0,exact_name,high,1.0
2006,2000,LAWRENCE,04 1 CROSSROADS,0006,0006,1.0,exact_name,high,1.0
2006,2000,LAWRENCE,04 2 FALL RIVER,5090,005158,0.74301643,code_token_name,high,0.993
2006,2000,LAWRENCE,04 2 FALL RIVER,5090,005152,0.14550754,code_token_name,high,0.993
2006,2000,LAWRENCE,04 2 FALL RIVER,5090,005157,0.11130108,code_token_name,high,0.993
2006,2000,LAWRENCE,04 2 FALL RIVER,5090,005168,0.00017496,code_token_name,high,0.993
2006,2000,LAWRENCE,04 2 FALL RIVER,5090,005167,0.0,code_token_name,high,0.993
2006,2000,LAWRENCE,05 1 LEOMA,0007,0007,1.0,exact_name,high,1.0
2006,2000,LAWRENCE,05 2 GANDY,0008,0008,1.0,exact_name,high,1.0
2006,2000,LAWRENCE,06 1 IRON CITY,0009,0009,1.0,exact_name,high,1.0
2006,2000,LAWRENCE,06 2 WEST POINT,0010,0010,1.0,exact_name,high,1.0
2006,2000,LAWRENCE,07 1 LAWRENCEBURG,5044,005173,0.40085617,code_token_name,high,0.993
2006,2000,LAWRENCE,07 1 LAWRENCEBURG,5044,005159,0.24192568,code_token_name,high,0.993
2006,2000,LAWRENCE,07 1 LAWRENCEBURG,5044,005164,0.23780028,code_token_name,high,0.993
2006,2000,LAWRENCE,07 1 LAWRENCEBURG,5044,005160,0.11932215,code_token_name,high,0.993
2006,2000,LAWRENCE,07 1 LAWRENCEBURG,5044,005158,8.981e-05,code_token_name,high,0.993
2006,2000,LAWRENCE,07 1 LAWRENCEBURG,5044,005162,5.92e-06,code_token_name,high,0.993
2006,2000,LAWRENCE,08 1 NEW PROSPECT,0012,0012,1.0,exact_name,high,1.0
2006,2000,LAWRENCE,09 1 ETHRIDGE,0013,0013,1.0,exact_name,high,1.0
2006,2000,LAWRENCE,09 2 MARS HILL,0014,0014,1.0,exact_name,high,1.0
2006,2000,LAWRENCE,10 1 HOWARDS,0015,0015,1.0,exact_name,high,1.0
2006,2000,LAWRENCE,10 2 BRACE,0015,0015,1.0,code_token_name,high,0.993
2006,2000,LAWRENCE,11 1 SUMMERTOWN,0016,0016,1.0,exact_name,high,1.0
2006,2000,LAWRENCE,12 1 CENTER,0017,0017,1.0,exact_name,high,1.0
2006,2000,LAWRENCE,12 2 HENRYVILLE,0018,0018,1.0,exact_name,high,1.0
2006,2000,LAWRENCE,13 1 WEST END,0019,0019,1.0,exact_name,high,1.0
2006,2000,LAWRENCE,13 2 MIDWEST,0019,0019,1.0,code_token_name,high,0.993
2006,2000,LAWRENCE,13 3 PEA RIDGE,0019,0019,1.0,code_token_name,high,0.993
2006,2000,LAWRENCE,14 1 CRAWFISH VALLEY,0020,0020,1.0,exact_name,high,1.0
2006,2000,LAWRENCE,15 1 DAVID CROCKETT,0021,0021,1.0,code_token_name,high,0.993
2006,2000,LAWRENCE,16 1 ROTARY PARK,0022,0022,1.0,exact_name,high,1.0
2006,2000,LAWRENCE,17 1 SOWELL,0023,0023,1.0,code_token_name,high,0.993
2006,2000,LAWRENCE,17 2 OLD ARMORY,0023,0023,1.0,code_token_name,high,0.993
2006,2000,LAWRENCE,18 1 E O COFFMAN,0024,0024,1.0,code_token_name,high,0.993
2006,2000,LEWIS,1 1,5144,005254,0.72928075,exact_name,high,1.0
2006,2000,LEWIS,1 1,5144,005255,0.27071925,exact_name,high,1.0
2006,2000,LEWIS,2 1,5148,005251,0.99960639,exact_name,high,1.0
2006,2000,LEWIS,2 1,5148,005254,0.00025778,exact_name,high,1.0
2006,2000,LEWIS,2 1,5148,005253,0.00013583,exact_name,high,1.0
2006,2000,LEWIS,3 1,5160,005253,0.9537643,exact_name,high,1.0
2006,2000,LEWIS,3 1,5160,005256,0.04543356,exact_name,high,1.0
2006,2000,LEWIS,3 1,5160,005258,0.00040162,exact_name,high,1.0
2006,2000,LEWIS,3 1,5160,005251,0.00040053,exact_name,high,1.0
2006,2000,LEWIS,4 1,5168,005252,0.92247905,exact_name,high,1.0
2006,2000,LEWIS,4 1,5168,005257,0.04091442,exact_name,high,1.0
2006,2000,LEWIS,4 1,5168,005253,0.03450269,exact_name,high,1.0
2006,2000,LEWIS,4 1,5168,005259,0.00208904,exact_name,high,1.0
2006,2000,LEWIS,4 1,5168,005255,8.06e-06,exact_name,high,1.0
2006,2000,LEWIS,4 1,5168,005256,6.73e-06,exact_name,high,1.0
2006,2000,LEWIS,5 1,5176,005255,0.69855044,exact_name,high,1.0
2006,2000,LEWIS,5 1,5176,005257,0.15396357,exact_name,high,1.0
2006,2000,LEWIS,5 1,5176,005254,0.06801235,exact_name,high,1.0
2006,2000,LEWIS,5 1,5176,005251,0.05064214,exact_name,high,1.0
2006,2000,LEWIS,5 1,5176,005258,0.02871038,exact_name,high,1.0
2006,2000,LEWIS,5 1,5176,005252,0.00012113,exact_name,high,1.0
2006,2000,LEWIS,6 1,5184,005256,0.92608496,exact_name,high,1.0
2006,2000,LEWIS,6 1,5184,005253,0.07083242,exact_name,high,1.0
2006,2000,LEWIS,6 1,5184,005259,0.00255886,exact_name,high,1.0
2006,2000,LEWIS,6 1,5184,005258,0.00049406,exact_name,high,1.0
2006,2000,LEWIS,6 1,5184,005257,2.741e-05,exact_name,high,1.0
2006,2000,LEWIS,6 1,5184,005252,2.29e-06,exact_name,high,1.0
2006,2000,LEWIS,7 1,5188,005257,0.67216419,exact_name,high,1.0
2006,2000,LEWIS,7 1,5188,005259,0.15719023,exact_name,high,1.0
2006,2000,LEWIS,7 1,5188,005258,0.14721609,exact_name,high,1.0
2006,2000,LEWIS,7 1,5188,005256,0.02342948,exact_name,high,1.0
2006,2000,LEWIS,8 1,5192,005258,0.99311495,exact_name,high,1.0
2006,2000,LEWIS,8 1,5192,005259,0.0055111,exact_name,high,1.0
2006,2000,LEWIS,8 1,5192,005253,0.000958,exact_name,high,1.0
2006,2000,LEWIS,8 1,5192,005256,0.00041543,exact_name,high,1.0
2006,2000,LEWIS,8 1,5192,005251,5.2e-07,exact_name,high,1.0
2006,2000,LEWIS,9 1,5191,005259,0.58000362,exact_name,high,1.0
2006,2000,LEWIS,9 1,5191,005256,0.18961227,exact_name,high,1.0
2006,2000,LEWIS,9 1,5191,005257,0.17175746,exact_name,high,1.0
2006,2000,LEWIS,9 1,5191,005252,0.05862648,exact_name,high,1.0
2006,2000,LEWIS,9 1,5191,005253,1.6e-07,exact_name,high,1.0
2006,2000,LINCOLN,1 1 BLANCHE SCHOOL,0003,0003,1.0,code_token_name,high,0.993
2006,2000,LINCOLN,1 2 MOLINO FIRE HALL,0003,0003,1.0,code_token_name,high,0.993
2006,2000,LINCOLN,1 3 TAFT FIREHALL,0003,0003,1.0,code_token_name,high,0.993
2006,2000,LINCOLN,2 1 BOONSHILL CC,0006,0006,1.0,code_token_name,high,0.993
2006,2000,LINCOLN,2 2 HOWELL CC,0006,0006,1.0,code_token_name,high,0.993
2006,2000,LINCOLN,2 3 PETERSBURG,0006,0006,1.0,exact_name,high,1.0
2006,2000,LINCOLN,3 1 RECREATION CTR,0007,0007,1.0,exact_name,high,1.0
2006,2000,LINCOLN,3 2 THORTON TAYLOR,0007,0007,1.0,code_token_name,high,0.993
2006,2000,LINCOLN,4 1 HIGHLAND RIM SCH,0010,0010,1.0,code_token_name,high,0.993
2006,2000,LINCOLN,4 2 FNB COMM ROOM,0010,0010,1.0,code_token_name,high,0.993
2006,2000,LINCOLN,5 1 CALVARY BAPTIST,0011,0011,1.0,code_token_name,high,0.993
2006,2000,LINCOLN,5 2 9TH GRADE ACAD,0011,0011,1.0,code_token_name,high,0.993
2006,2000,LINCOLN,6 1 ASKINS SCHOOL,0014,0014,1.0,code_token_name,high,0.993
2006,2000,LINCOLN,6 2 BELLEVILLE CC,0014,0014,1.0,code_token_name,high,0.993
2006,2000,LINCOLN,6 3 MULBERRY FIREH,0014,0014,1.0,code_token_name,high,0.993
2006,2000,LINCOLN,7 1 ELORA CC,0016,0016,1.0,code_token_name,high,0.993
2006,2000,LINCOLN,7 2 FLINTVILLE FIREH,0016,0016,1.0,code_token_name,high,0.993
2006,2000,LINCOLN,7 3 KELSO CC,0016,0016,1.0,code_token_name,high,0.993
2006,2000,LINCOLN,8 1 LINCOLN CC,0019,0019,1.0,code_token_name,high,0.993
2006,2000,LINCOLN,8 2 SOUTH LINCOLN,0019,0019,1.0,code_token_name,high,0.993
2006,2000,LOUDON,BROWDER,5284,005462,0.47565748,exact_name,high,1.0
2006,2000,LOUDON,BROWDER,5284,005452,0.30575806,exact_name,high,1.0
2006,2000,LOUDON,BROWDER,5284,005453,0.16051572,exact_name,high,1.0
2006,2000,LOUDON,BROWDER,5284,005461,0.03496997,exact_name,high,1.0
2006,2000,LOUDON,BROWDER,5284,005460,0.02301273,exact_name,high,1.0
2006,2000,LOUDON,BROWDER,5284,005465,8.597e-05,exact_name,high,1.0
2006,2000,LOUDON,BROWDER,5284,005463,7e-08,exact_name,high,1.0
2006,2000,LOUDON,DAVIS,5288,005459,0.40125894,exact_name,high,1.0
2006,2000,LOUDON,DAVIS,5288,005455,0.39640474,exact_name,high,1.0
2006,2000,LOUDON,DAVIS,5288,005465,0.12979544,exact_name,high,1.0
2006,2000,LOUDON,DAVIS,5288,005464,0.07133643,exact_name,high,1.0
2006,2000,LOUDON,DAVIS,5288,005452,0.00066965,exact_name,high,1.0
2006,2000,LOUDON,DAVIS,5288,005454,0.0002389,exact_name,high,1.0
2006,2000,LOUDON,DAVIS,5288,005460,0.00018216,exact_name,high,1.0
2006,2000,LOUDON,DAVIS,5288,005457,0.00011374,exact_name,high,1.0
2006,2000,LOUDON,EATONS,5292,005463,0.64638071,exact_name,high,1.0
2006,2000,LOUDON,EATONS,5292,005462,0.33066816,exact_name,high,1.0
2006,2000,LOUDON,EATONS,5292,005461,0.02289093,exact_name,high,1.0
2006,2000,LOUDON,EATONS,5292,005452,4.229e-05,exact_name,high,1.0
2006,2000,LOUDON,EATONS,5292,005458,1.765e-05,exact_name,high,1.0
2006,2000,LOUDON,EATONS,5292,005460,2.6e-07,exact_name,high,1.0
2006,2000,LOUDON,GLENDALE,5296,005457,0.99868414,exact_name,high,1.0
2006,2000,LOUDON,GLENDALE,5296,005456,0.00080333,exact_name,high,1.0
2006,2000,LOUDON,GLENDALE,5296,005465,0.00041521,exact_name,high,1.0
2006,2000,LOUDON,GLENDALE,5296,005460,7.663e-05,exact_name,high,1.0
2006,2000,LOUDON,GLENDALE,5296,005464,1.927e-05,exact_name,high,1.0
2006,2000,LOUDON,GLENDALE,5296,005458,1.43e-06,exact_name,high,1.0
2006,2000,LOUDON,GREENBACK,5300,005456,0.9993456,exact_name,high,1.0
2006,2000,LOUDON,GREENBACK,5300,005457,0.0003659,exact_name,high,1.0
2006,2000,LOUDON,GREENBACK,5300,005464,0.00019827,exact_name,high,1.0
2006,2000,LOUDON,GREENBACK,5300,005455,9.023e-05,exact_name,high,1.0
2006,2000,LOUDON,HIGHLAND PARK,5304,005458,0.74144833,exact_name,high,1.0
2006,2000,LOUDON,HIGHLAND PARK,5304,005463,0.25839782,exact_name,high,1.0
2006,2000,LOUDON,HIGHLAND PARK,5304,005461,0.00014807,exact_name,high,1.0
2006,2000,LOUDON,HIGHLAND PARK,5304,005460,3.75e-06,exact_name,high,1.0
2006,2000,LOUDON,HIGHLAND PARK,5304,005457,2.04e-06,exact_name,high,1.0
2006,2000,LOUDON,LENOIR CITY,0004,0004,1.0,exact_name,high,1.0
2006,2000,LOUDON,LENOIR CITY OUTSIDE,5312,005461,0.97098399,exact_name,high,1.0
2006,2000,LOUDON,LENOIR CITY OUTSIDE,5312,005460,0.02704326,exact_name,high,1.0
2006,2000,LOUDON,LENOIR CITY OUTSIDE,5312,005458,0.00197275,exact_name,high,1.0
2006,2000,LOUDON,LOUDON OUTSIDE,5324,005452,0.61766372,exact_name,high,1.0
2006,2000,LOUDON,LOUDON OUTSIDE,5324,005454,0.19274924,exact_name,high,1.0
2006,2000,LOUDON,LOUDON OUTSIDE,5324,005451,0.17966861,exact_name,high,1.0
2006,2000,LOUDON,LOUDON OUTSIDE,5324,005453,0.00974867,exact_name,high,1.0
2006,2000,LOUDON,LOUDON OUTSIDE,5324,005462,0.00016975,exact_name,high,1.0
2006,2000,LOUDON,LUTTRELL,5332,005451,0.9998061,exact_name,high,1.0
2006,2000,LOUDON,LUTTRELL,5332,005454,0.0001939,exact_name,high,1.0
2006,2000,LOUDON,PHILADELPHIA,5336,005454,0.90960665,exact_name,high,1.0
2006,2000,LOUDON,PHILADELPHIA,5336,005452,0.08984346,exact_name,high,1.0
2006,2000,LOUDON,PHILADELPHIA,5336,005451,0.00029717,exact_name,high,1.0
2006,2000,LOUDON,PHILADELPHIA,5336,005455,0.00013629,exact_name,high,1.0
2006,2000,LOUDON,PHILADELPHIA,5336,005453,0.00011644,exact_name,high,1.0
2006,2000,LOUDON,TELLICO VILLAGE,5338,005464,0.35149932,exact_name,high,1.0
2006,2000,LOUDON,TELLICO VILLAGE,5338,005465,0.32959225,exact_name,high,1.0
2006,2000,LOUDON,TELLICO VILLAGE,5338,005455,0.31762643,exact_name,high,1.0
2006,2000,LOUDON,TELLICO VILLAGE,5338,005457,0.00077537,exact_name,high,1.0
2006,2000,LOUDON,TELLICO VILLAGE,5338,005456,0.00032826,exact_name,high,1.0
2006,2000,LOUDON,TELLICO VILLAGE,5338,005459,0.00017837,exact_name,high,1.0
2006,2000,MADISON,1 1 CARL PERKINS CC,5440,005651,0.59412378,code_token_name,high,0.993
2006,2000,MADISON,1 1 CARL PERKINS CC,5440,005656,0.40333647,code_token_name,high,0.993
2006,2000,MADISON,1 1 CARL PERKINS CC,5440,005664,0.00203715,code_token_name,high,0.993
2006,2000,MADISON,1 1 CARL PERKINS CC,5440,005652,0.00036579,code_token_name,high,0.993
2006,2000,MADISON,1 1 CARL PERKINS CC,5440,005682,0.00012979,code_token_name,high,0.993
2006,2000,MADISON,1 1 CARL PERKINS CC,5440,005663,7e-06,code_token_name,high,0.993
2006,2000,MADISON,1 1 CARL PERKINS CC,5440,005672,2e-08,code_token_name,high,0.993
2006,2000,MADISON,1 2 WD HEADSTART SC,5440,005651,0.59412378,code_token_name,high,0.993
2006,2000,MADISON,1 2 WD HEADSTART SC,5440,005656,0.40333647,code_token_name,high,0.993
2006,2000,MADISON,1 2 WD HEADSTART SC,5440,005664,0.00203715,code_token_name,high,0.993
2006,2000,MADISON,1 2 WD HEADSTART SC,5440,005652,0.00036579,code_token_name,high,0.993
2006,2000,MADISON,1 2 WD HEADSTART SC,5440,005682,0.00012979,code_token_name,high,0.993
2006,2000,MADISON,1 2 WD HEADSTART SC,5440,005663,7e-06,code_token_name,high,0.993
2006,2000,MADISON,1 2 WD HEADSTART SC,5440,005672,2e-08,code_token_name,high,0.993
2006,2000,MADISON,10 1 SPRING CRK FS17,5530,005683,0.99958295,code_token_name,high,0.993
2006,2000,MADISON,10 1 SPRING CRK FS17,5530,005668,0.00041705,code_token_name,high,0.993
2006,2000,MADISON,10 2 NORTHEAST MID,5530,005683,0.99958295,code_token_name,high,0.993
2006,2000,MADISON,10 2 NORTHEAST MID,5530,005668,0.00041705,code_token_name,high,0.993
2006,2000,MADISON,10 3 NORTHSIDE HIGH,5530,005683,0.99958295,code_token_name,high,0.993
2006,2000,MADISON,10 3 NORTHSIDE HIGH,5530,005668,0.00041705,code_token_name,high,0.993
2006,2000,MADISON,2 1 ALEXANDER ELEM,5450,005671,0.52567497,code_token_name,high,0.993
2006,2000,MADISON,2 1 ALEXANDER ELEM,5450,005651,0.47430654,code_token_name,high,0.993
2006,2000,MADISON,2 1 ALEXANDER ELEM,5450,005654,1.85e-05,code_token_name,high,0.993
2006,2000,MADISON,2 2 ALDERSGATE UMC,5450,005671,0.52567497,code_token_name,high,0.993
2006,2000,MADISON,2 2 ALDERSGATE UMC,5450,005651,0.47430654,code_token_name,high,0.993
2006,2000,MADISON,2 2 ALDERSGATE UMC,5450,005654,1.85e-05,code_token_name,high,0.993
2006,2000,MADISON,2 3 TIGRETT MIDDLE,5450,005671,0.52567497,code_token_name,high,0.993
2006,2000,MADISON,2 3 TIGRETT MIDDLE,5450,005651,0.47430654,code_token_name,high,0.993
2006,2000,MADISON,2 3 TIGRETT MIDDLE,5450,005654,1.85e-05,code_token_name,high,0.993
2006,2000,MADISON,3 1 BOARD OF EDUC,5460,005678,0.45336724,code_token_name,high,0.993
2006,2000,MADISON,3 1 BOARD OF EDUC,5460,005677,0.42078177,code_token_name,high,0.993
2006,2000,MADISON,3 1 BOARD OF EDUC,5460,005656,0.12547945,code_token_name,high,0.993
2006,2000,MADISON,3 1 BOARD OF EDUC,5460,005674,0.00025868,code_token_name,high,0.993
2006,2000,MADISON,3 1 BOARD OF EDUC,5460,005675,8.476e-05,code_token_name,high,0.993
2006,2000,MADISON,3 1 BOARD OF EDUC,5460,005679,2.342e-05,code_token_name,high,0.993
2006,2000,MADISON,3 1 BOARD OF EDUC,5460,005676,4.68e-06,code_token_name,high,0.993
2006,2000,MADISON,3 2 OLD BELLS RD 10,5460,005678,0.45336724,code_token_name,high,0.993
2006,2000,MADISON,3 2 OLD BELLS RD 10,5460,005677,0.42078177,code_token_name,high,0.993
2006,2000,MADISON,3 2 OLD BELLS RD 10,5460,005656,0.12547945,code_token_name,high,0.993
2006,2000,MADISON,3 2 OLD BELLS RD 10,5460,005674,0.00025868,code_token_name,high,0.993
2006,2000,MADISON,3 2 OLD BELLS RD 10,5460,005675,8.476e-05,code_token_name,high,0.993
2006,2000,MADISON,3 2 OLD BELLS RD 10,5460,005679,2.342e-05,code_token_name,high,0.993
2006,2000,MADISON,3 2 OLD BELLS RD 10,5460,005676,4.68e-06,code_token_name,high,0.993
2006,2000,MADISON,3 3 JACKSON CTR IL,5460,005678,0.45336724,code_token_name,high,0.993
2006,2000,MADISON,3 3 JACKSON CTR IL,5460,005677,0.42078177,code_token_name,high,0.993
2006,2000,MADISON,3 3 JACKSON CTR IL,5460,005656,0.12547945,code_token_name,high,0.993
2006,2000,MADISON,3 3 JACKSON CTR IL,5460,005674,0.00025868,code_token_name,high,0.993
2006,2000,MADISON,3 3 JACKSON CTR IL,5460,005675,8.476e-05,code_token_name,high,0.993
2006,2000,MADISON,3 3 JACKSON CTR IL,5460,005679,2.342e-05,code_token_name,high,0.993
2006,2000,MADISON,3 3 JACKSON CTR IL,5460,005676,4.68e-06,code_token_name,high,0.993
2006,2000,MADISON,4 1 MASONIC TEMPLE,5470,005655,0.58138428,code_token_name,high,0.993
2006,2000,MADISON,4 1 MASONIC TEMPLE,5470,005671,0.26642864,code_token_name,high,0.993
2006,2000,MADISON,4 1 MASONIC TEMPLE,5470,005654,0.15172734,code_token_name,high,0.993
2006,2000,MADISON,4 1 MASONIC TEMPLE,5470,005673,0.00045947,code_token_name,high,0.993
2006,2000,MADISON,4 1 MASONIC TEMPLE,5470,005672,2.7e-07,code_token_name,high,0.993
2006,2000,MADISON,4 2 ANDREW JACKSON,5472,005673,0.41913255,exact_name,high,1.0
2006,2000,MADISON,4 2 ANDREW JACKSON,5472,005674,0.38496823,exact_name,high,1.0
2006,2000,MADISON,4 2 ANDREW JACKSON,5472,005672,0.15566423,exact_name,high,1.0
2006,2000,MADISON,4 2 ANDREW JACKSON,5472,005677,0.03885972,exact_name,high,1.0
2006,2000,MADISON,4 2 ANDREW JACKSON,5472,005655,0.00062711,exact_name,high,1.0
2006,2000,MADISON,4 2 ANDREW JACKSON,5472,005671,0.00038267,exact_name,high,1.0
2006,2000,MADISON,4 2 ANDREW JACKSON,5472,005675,0.00036548,exact_name,high,1.0
2006,2000,MADISON,4 3 NORTHSIDE UMC,5470,005655,0.58138428,code_token_name,high,0.993
2006,2000,MADISON,4 3 NORTHSIDE UMC,5470,005671,0.26642864,code_token_name,high,0.993
2006,2000,MADISON,4 3 NORTHSIDE UMC,5470,005654,0.15172734,code_token_name,high,0.993
2006,2000,MADISON,4 3 NORTHSIDE UMC,5470,005673,0.00045947,code_token_name,high,0.993
2006,2000,MADISON,4 3 NORTHSIDE UMC,5470,005672,2.7e-07,code_token_name,high,0.993
2006,2000,MADISON,5 1 WHITEHALL ELEM,5480,005652,0.51549643,code_token_name,high,0.993
2006,2000,MADISON,5 1 WHITEHALL ELEM,5480,005653,0.46645373,code_token_name,high,0.993
2006,2000,MADISON,5 1 WHITEHALL ELEM,5480,005664,0.01664472,code_token_name,high,0.993
2006,2000,MADISON,5 1 WHITEHALL ELEM,5480,005667,0.00084961,code_token_name,high,0.993
2006,2000,MADISON,5 1 WHITEHALL ELEM,5480,005654,0.0005555,code_token_name,high,0.993
2006,2000,MADISON,5 2 MACEDONIA BC,5480,005652,0.51549643,code_token_name,high,0.993
2006,2000,MADISON,5 2 MACEDONIA BC,5480,005653,0.46645373,code_token_name,high,0.993
2006,2000,MADISON,5 2 MACEDONIA BC,5480,005664,0.01664472,code_token_name,high,0.993
2006,2000,MADISON,5 2 MACEDONIA BC,5480,005667,0.00084961,code_token_name,high,0.993
2006,2000,MADISON,5 2 MACEDONIA BC,5480,005654,0.0005555,code_token_name,high,0.993
2006,2000,MADISON,5 3 N PARKWAY ELEM,5480,005652,0.51549643,code_token_name,high,0.993
2006,2000,MADISON,5 3 N PARKWAY ELEM,5480,005653,0.46645373,code_token_name,high,0.993
2006,2000,MADISON,5 3 N PARKWAY ELEM,5480,005664,0.01664472,code_token_name,high,0.993
2006,2000,MADISON,5 3 N PARKWAY ELEM,5480,005667,0.00084961,code_token_name,high,0.993
2006,2000,MADISON,5 3 N PARKWAY ELEM,5480,005654,0.0005555,code_token_name,high,0.993
2006,2000,MADISON,6 1 SOUTHSIDE HIGH,5490,005682,0.95201583,code_token_name,high,0.993
2006,2000,MADISON,6 1 SOUTHSIDE HIGH,5490,005663,0.04323714,code_token_name,high,0.993
2006,2000,MADISON,6 1 SOUTHSIDE HIGH,5490,005660,0.00375406,code_token_name,high,0.993
2006,2000,MADISON,6 1 SOUTHSIDE HIGH,5490,005657,0.00066958,code_token_name,high,0.993
2006,2000,MADISON,6 1 SOUTHSIDE HIGH,5490,005651,0.00032321,code_token_name,high,0.993
2006,2000,MADISON,6 1 SOUTHSIDE HIGH,5490,005656,1.8e-07,code_token_name,high,0.993
2006,2000,MADISON,6 2 SOUTH ELEM,5490,005682,0.95201583,code_token_name,high,0.993
2006,2000,MADISON,6 2 SOUTH ELEM,5490,005663,0.04323714,code_token_name,high,0.993
2006,2000,MADISON,6 2 SOUTH ELEM,5490,005660,0.00375406,code_token_name,high,0.993
2006,2000,MADISON,6 2 SOUTH ELEM,5490,005657,0.00066958,code_token_name,high,0.993
2006,2000,MADISON,6 2 SOUTH ELEM,5490,005651,0.00032321,code_token_name,high,0.993
2006,2000,MADISON,6 2 SOUTH ELEM,5490,005656,1.8e-07,code_token_name,high,0.993
2006,2000,MADISON,6 3 LESTERS CH FS 1,5490,005682,0.95201583,code_token_name,high,0.993
2006,2000,MADISON,6 3 LESTERS CH FS 1,5490,005663,0.04323714,code_token_name,high,0.993
2006,2000,MADISON,6 3 LESTERS CH FS 1,5490,005660,0.00375406,code_token_name,high,0.993
2006,2000,MADISON,6 3 LESTERS CH FS 1,5490,005657,0.00066958,code_token_name,high,0.993
2006,2000,MADISON,6 3 LESTERS CH FS 1,5490,005651,0.00032321,code_token_name,high,0.993
2006,2000,MADISON,6 3 LESTERS CH FS 1,5490,005656,1.8e-07,code_token_name,high,0.993
2006,2000,MADISON,6 4 MALESUS CC,5490,005682,0.95201583,code_token_name,high,0.993
2006,2000,MADISON,6 4 MALESUS CC,5490,005663,0.04323714,code_token_name,high,0.993
2006,2000,MADISON,6 4 MALESUS CC,5490,005660,0.00375406,code_token_name,high,0.993
2006,2000,MADISON,6 4 MALESUS CC,5490,005657,0.00066958,code_token_name,high,0.993
2006,2000,MADISON,6 4 MALESUS CC,5490,005651,0.00032321,code_token_name,high,0.993
2006,2000,MADISON,6 4 MALESUS CC,5490,005656,1.8e-07,code_token_name,high,0.993
2006,2000,MADISON,6 5 MEDON CTY HALL,5490,005682,0.95201583,code_token_name,high,0.993
2006,2000,MADISON,6 5 MEDON CTY HALL,5490,005663,0.04323714,code_token_name,high,0.993
2006,2000,MADISON,6 5 MEDON CTY HALL,5490,005660,0.00375406,code_token_name,high,0.993
2006,2000,MADISON,6 5 MEDON CTY HALL,5490,005657,0.00066958,code_token_name,high,0.993
2006,2000,MADISON,6 5 MEDON CTY HALL,5490,005651,0.00032321,code_token_name,high,0.993
2006,2000,MADISON,6 5 MEDON CTY HALL,5490,005656,1.8e-07,code_token_name,high,0.993
2006,2000,MADISON,7 1 UT EXPERIMENT,5500,005657,0.58619494,code_token_name,high,0.993
2006,2000,MADISON,7 1 UT EXPERIMENT,5500,005658,0.34744778,code_token_name,high,0.993
2006,2000,MADISON,7 1 UT EXPERIMENT,5500,005656,0.06630333,code_token_name,high,0.993
2006,2000,MADISON,7 1 UT EXPERIMENT,5500,005659,5.395e-05,code_token_name,high,0.993
2006,2000,MADISON,7 2 TENNESSEE TECH,5500,005657,0.58619494,code_token_name,high,0.993
2006,2000,MADISON,7 2 TENNESSEE TECH,5500,005658,0.34744778,code_token_name,high,0.993
2006,2000,MADISON,7 2 TENNESSEE TECH,5500,005656,0.06630333,code_token_name,high,0.993
2006,2000,MADISON,7 2 TENNESSEE TECH,5500,005659,5.395e-05,code_token_name,high,0.993
2006,2000,MADISON,7 3 DENMARK CC,5500,005657,0.58619494,code_token_name,high,0.993
2006,2000,MADISON,7 3 DENMARK CC,5500,005658,0.34744778,code_token_name,high,0.993
2006,2000,MADISON,7 3 DENMARK CC,5500,005656,0.06630333,code_token_name,high,0.993
2006,2000,MADISON,7 3 DENMARK CC,5500,005659,5.395e-05,code_token_name,high,0.993
2006,2000,MADISON,7 4 MERCER FS 8,5500,005657,0.58619494,code_token_name,high,0.993
2006,2000,MADISON,7 4 MERCER FS 8,5500,005658,0.34744778,code_token_name,high,0.993
2006,2000,MADISON,7 4 MERCER FS 8,5500,005656,0.06630333,code_token_name,high,0.993
2006,2000,MADISON,7 4 MERCER FS 8,5500,005659,5.395e-05,code_token_name,high,0.993
2006,2000,MADISON,8 1 BEECH BLUFF RUR,5510,005666,0.72274271,code_token_name,high,0.993
2006,2000,MADISON,8 1 BEECH BLUFF RUR,5510,005667,0.27683455,code_token_name,high,0.993
2006,2000,MADISON,8 1 BEECH BLUFF RUR,5510,005664,0.00039912,code_token_name,high,0.993
2006,2000,MADISON,8 1 BEECH BLUFF RUR,5510,005665,2.362e-05,code_token_name,high,0.993
2006,2000,MADISON,8 2 BROWNS RURITAN,5510,005666,0.72274271,code_token_name,high,0.993
2006,2000,MADISON,8 2 BROWNS RURITAN,5510,005667,0.27683455,code_token_name,high,0.993
2006,2000,MADISON,8 2 BROWNS RURITAN,5510,005664,0.00039912,code_token_name,high,0.993
2006,2000,MADISON,8 2 BROWNS RURITAN,5510,005665,2.362e-05,code_token_name,high,0.993
2006,2000,MADISON,8 3 MIFFLIN FS 15,5510,005666,0.72274271,code_token_name,high,0.993
2006,2000,MADISON,8 3 MIFFLIN FS 15,5510,005667,0.27683455,code_token_name,high,0.993
2006,2000,MADISON,8 3 MIFFLIN FS 15,5510,005664,0.00039912,code_token_name,high,0.993
2006,2000,MADISON,8 3 MIFFLIN FS 15,5510,005665,2.362e-05,code_token_name,high,0.993
2006,2000,MADISON,8 4 E UNION RURITAN,5510,005666,0.72274271,code_token_name,high,0.993
2006,2000,MADISON,8 4 E UNION RURITAN,5510,005667,0.27683455,code_token_name,high,0.993
2006,2000,MADISON,8 4 E UNION RURITAN,5510,005664,0.00039912,code_token_name,high,0.993
2006,2000,MADISON,8 4 E UNION RURITAN,5510,005665,2.362e-05,code_token_name,high,0.993
2006,2000,MADISON,9 1 V F W,5520,005676,0.61785981,code_token_name,high,0.993
2006,2000,MADISON,9 1 V F W,5520,005675,0.23002244,code_token_name,high,0.993
2006,2000,MADISON,9 1 V F W,5520,005669,0.15068433,code_token_name,high,0.993
2006,2000,MADISON,9 1 V F W,5520,005673,0.00129612,code_token_name,high,0.993
2006,2000,MADISON,9 1 V F W,5520,005680,0.00013729,code_token_name,high,0.993
2006,2000,MADISON,9 2 POPE ELEMENTARY,5520,005676,0.61785981,code_token_name,high,0.993
2006,2000,MADISON,9 2 POPE ELEMENTARY,5520,005675,0.23002244,code_token_name,high,0.993
2006,2000,MADISON,9 2 POPE ELEMENTARY,5520,005669,0.15068433,code_token_name,high,0.993
2006,2000,MADISON,9 2 POPE ELEMENTARY,5520,005673,0.00129612,code_token_name,high,0.993
2006,2000,MADISON,9 2 POPE ELEMENTARY,5520,005680,0.00013729,code_token_name,high,0.993
2006,2000,MADISON,9 3 THREE WAY,0026,0026,1.0,exact_name,high,1.0
2006,2000,MARION,BATTLE CREEK,5594,005755,0.84729348,exact_name,high,1.0
2006,2000,MARION,BATTLE CREEK,5594,005756,0.09697374,exact_name,high,1.0
2006,2000,MARION,BATTLE CREEK,5594,005757,0.05390688,exact_name,high,1.0
2006,2000,MARION,BATTLE CREEK,5594,005752,0.0018259,exact_name,high,1.0
2006,2000,MARION,CEDAR GROVE,5624,005754,0.9992088,exact_name,high,1.0
2006,2000,MARION,CEDAR GROVE,5624,005763,0.00045457,exact_name,high,1.0
2006,2000,MARION,CEDAR GROVE,5624,005762,0.00019262,exact_name,high,1.0
2006,2000,MARION,CEDAR GROVE,5624,005753,0.00014401,exact_name,high,1.0
2006,2000,MARION,ELDER MOUNTAIN,5652,005751,0.99833129,exact_name,high,1.0
2006,2000,MARION,ELDER MOUNTAIN,5652,005762,0.00096698,exact_name,high,1.0
2006,2000,MARION,ELDER MOUNTAIN,5652,005753,0.00070173,exact_name,high,1.0
2006,2000,MARION,FOSTER FALLS,5630,005752,0.92234906,exact_name,high,1.0
2006,2000,MARION,FOSTER FALLS,5630,005754,0.07617384,exact_name,high,1.0
2006,2000,MARION,FOSTER FALLS,5630,005755,0.00074353,exact_name,high,1.0
2006,2000,MARION,FOSTER FALLS,5630,005767,0.0004505,exact_name,high,1.0
2006,2000,MARION,FOSTER FALLS,5630,005762,0.00028308,exact_name,high,1.0
2006,2000,MARION,HALETOWN LADD,0008,0008,1.0,exact_name,high,1.0
2006,2000,MARION,JASPER,5620,005754,0.81493799,exact_name,high,1.0
2006,2000,MARION,JASPER,5620,005752,0.17002009,exact_name,high,1.0
2006,2000,MARION,JASPER,5620,005755,0.01159866,exact_name,high,1.0
2006,2000,MARION,JASPER,5620,005762,0.00267049,exact_name,high,1.0
2006,2000,MARION,JASPER,5620,005763,0.00077277,exact_name,high,1.0
2006,2000,MARION,KIMBALL,5598,005755,0.99782407,exact_name,high,1.0
2006,2000,MARION,KIMBALL,5598,005754,0.00124395,exact_name,high,1.0
2006,2000,MARION,KIMBALL,5598,005756,0.00062692,exact_name,high,1.0
2006,2000,MARION,KIMBALL,5598,005764,0.00024818,exact_name,high,1.0
2006,2000,MARION,KIMBALL,5598,005763,5.688e-05,exact_name,high,1.0
2006,2000,MARION,LODGE,5592,005756,0.99846673,exact_name,high,1.0
2006,2000,MARION,LODGE,5592,005764,0.00104903,exact_name,high,1.0
2006,2000,MARION,LODGE,5592,005757,0.00048424,exact_name,high,1.0
2006,2000,MARION,LUSK STORE,5654,005761,0.99053157,exact_name,high,1.0
2006,2000,MARION,LUSK STORE,5654,005762,0.00659047,exact_name,high,1.0
2006,2000,MARION,LUSK STORE,5654,005765,0.00287795,exact_name,high,1.0
2006,2000,MARION,MINERAL SPRINGS,5649,005762,0.92229319,prefix_name,high,0.995
2006,2000,MARION,MINERAL SPRINGS,5649,005754,0.07748629,prefix_name,high,0.995
2006,2000,MARION,MINERAL SPRINGS,5649,005760,0.00022052,prefix_name,high,0.995
2006,2000,MARION,MONTEAGLE,5596,005757,0.99536681,exact_name,high,1.0
2006,2000,MARION,MONTEAGLE,5596,005755,0.00441894,exact_name,high,1.0
2006,2000,MARION,MONTEAGLE,5596,002660,0.00021425,exact_name,high,1.0
2006,2000,MARION,NEW HOPE,5584,005758,0.9581043,exact_name,high,1.0
2006,2000,MARION,NEW HOPE,5584,005763,0.02221696,exact_name,high,1.0
2006,2000,MARION,NEW HOPE,5584,005755,0.01923988,exact_name,high,1.0
2006,2000,MARION,NEW HOPE,5584,005753,0.00028946,exact_name,high,1.0
2006,2000,MARION,NEW HOPE,5584,005764,7.794e-05,exact_name,high,1.0
2006,2000,MARION,NEW HOPE,5584,005754,7.146e-05,exact_name,high,1.0
2006,2000,MARION,ORME,5590,005764,0.65830474,exact_name,high,1.0
2006,2000,MARION,ORME,5590,005759,0.34084201,exact_name,high,1.0
2006,2000,MARION,ORME,5590,005756,0.00085325,exact_name,high,1.0
2006,2000,MARION,POWELLS CROSSROAD,0017,0017,1.0,exact_name,high,1.0
2006,2000,MARION,SEQUATCHIE,5640,005762,0.86101055,exact_name,high,1.0
2006,2000,MARION,SEQUATCHIE,5640,005752,0.08685269,exact_name,high,1.0
2006,2000,MARION,SEQUATCHIE,5640,005754,0.05150011,exact_name,high,1.0
2006,2000,MARION,SEQUATCHIE,5640,005760,0.00063665,exact_name,high,1.0
2006,2000,MARION,SHELLMOUND,5600,005763,0.99835575,exact_name,high,1.0
2006,2000,MARION,SHELLMOUND,5600,005754,0.00124893,exact_name,high,1.0
2006,2000,MARION,SHELLMOUND,5600,005753,0.00032678,exact_name,high,1.0
2006,2000,MARION,SHELLMOUND,5600,005758,6.855e-05,exact_name,high,1.0
2006,2000,MARION,SOUTH PITTSBURG,5580,005764,0.99345595,exact_name,high,1.0
2006,2000,MARION,SOUTH PITTSBURG,5580,005758,0.00571041,exact_name,high,1.0
2006,2000,MARION,SOUTH PITTSBURG,5580,005755,0.00083364,exact_name,high,1.0
2006,2000,MARION,WALDEN S RIDGE,0013,0013,1.0,exact_name,high,1.0
2006,2000,MARION,WHITWELL,5672,005766,0.99789758,exact_name,high,1.0
2006,2000,MARION,WHITWELL,5672,005760,0.00153881,exact_name,high,1.0
2006,2000,MARION,WHITWELL,5672,005767,0.00043214,exact_name,high,1.0
2006,2000,MARION,WHITWELL,5672,005762,0.00013148,exact_name,high,1.0
2006,2000,MARION,WHITWELL MOUNTAIN,0011,0011,1.0,exact_name,high,1.0
2006,2000,MARSHALL,1 CHAPEL HILL,0001,0001,1.0,exact_name,high,1.0
2006,2000,MARSHALL,2 HORTON STATE PARK,5708,005856,0.59450155,code_token_name,high,0.993
2006,2000,MARSHALL,2 HORTON STATE PARK,5708,005855,0.25739531,code_token_name,high,0.993
2006,2000,MARSHALL,2 HORTON STATE PARK,5708,005857,0.14810314,code_token_name,high,0.993
2006,2000,MARSHALL,3 BELFAST,0003,0003,1.0,exact_name,high,1.0
2006,2000,MARSHALL,4 CORNERSVILLE,0004,0004,1.0,exact_name,high,1.0
2006,2000,MARSHALL,5 RECREATION CENTER,0005,0005,1.0,exact_name,high,1.0
2006,2000,MARSHALL,6 WEST HILLS ELEM,5740,005855,0.52382732,code_token_name,high,0.993
2006,2000,MARSHALL,6 WEST HILLS ELEM,5740,005859,0.32692989,code_token_name,high,0.993
2006,2000,MARSHALL,6 WEST HILLS ELEM,5740,005856,0.14913083,code_token_name,high,0.993
2006,2000,MARSHALL,6 WEST HILLS ELEM,5740,005857,0.00011196,code_token_name,high,0.993
2006,2000,MARSHALL,7 HARDISON SCHOOL,5732,005857,0.99817044,code_token_name,high,0.993
2006,2000,MARSHALL,7 HARDISON SCHOOL,5732,005858,0.00145518,code_token_name,high,0.993
2006,2000,MARSHALL,7 HARDISON SCHOOL,5732,005856,0.00034472,code_token_name,high,0.993
2006,2000,MARSHALL,7 HARDISON SCHOOL,5732,005859,2.966e-05,code_token_name,high,0.993
2006,2000,MARSHALL,8 LEWISBURG GAS,0008,0008,1.0,exact_name,high,1.0
2006,2000,MARSHALL,9 COURTHOUSE,5724,005859,0.99689027,code_token_name,high,0.993
2006,2000,MARSHALL,9 COURTHOUSE,5724,005852,0.00159262,code_token_name,high,0.993
2006,2000,MARSHALL,9 COURTHOUSE,5724,005858,0.00101853,code_token_name,high,0.993
2006,2000,MARSHALL,9 COURTHOUSE,5724,005855,0.0004234,code_token_name,high,0.993
2006,2000,MARSHALL,9 COURTHOUSE,5724,005857,7.518e-05,code_token_name,high,0.993
2006,2000,MAURY,BEAR CREEK 8 1,0001,0001,1.0,exact_name,high,1.0
2006,2000,MAURY,BIGBYVILLE 9 1,0017,0017,1.0,exact_name,high,1.0
2006,2000,MAURY,COLLEGE HILL 3 1,0005,0005,1.0,exact_name,high,1.0
2006,2000,MAURY,FIRST FAMILY 2 1,0003,0003,1.0,exact_name,high,1.0
2006,2000,MAURY,HAMPSHIRE 7 1,0014,0014,1.0,exact_name,high,1.0
2006,2000,MAURY,PLEASANT HEIGHTS 9 2,0007,0007,1.0,exact_name,high,1.0
2006,2000,MAURY,RIVERSIDE 1 1,0002,0002,1.0,exact_name,high,1.0
2006,2000,MAURY,SPRING HILL 11 2,0022,0022,1.0,exact_name,high,1.0
2006,2000,MAURY,THETA 6 3,0012,0012,1.0,exact_name,high,1.0
2006,2000,MCNAIRY,ADAMSVILLE 2 1,0004,0004,1.0,exact_name,high,1.0
2006,2000,MCNAIRY,BETHEL SPRINGS 1 1,0001,0001,1.0,exact_name,high,1.0
2006,2000,MCNAIRY,COURTHOUSE SE 6 1,0014,0014,1.0,exact_name,high,1.0
2006,2000,MCNAIRY,EAST VIEW 5 3,0011,0011,1.0,exact_name,high,1.0
2006,2000,MCNAIRY,FINGER 1 2,0002,0002,1.0,exact_name,high,1.0
2006,2000,MCNAIRY,GUYS 5 4,0012,0012,1.0,exact_name,high,1.0
2006,2000,MCNAIRY,LAWTON 2 2,0005,0005,1.0,exact_name,high,1.0
2006,2000,MCNAIRY,LEAPWOOD 3 1,0006,0006,1.0,exact_name,high,1.0
2006,2000,MCNAIRY,MCNAIRY 1 3,0003,0003,1.0,exact_name,high,1.0
2006,2000,MCNAIRY,MICHIE 7 1,0015,0015,1.0,exact_name,high,1.0
2006,2000,MCNAIRY,NORTH SELMER 4 1,0009,0009,1.0,exact_name,high,1.0
2006,2000,MCNAIRY,PURDY 3 3,0008,0008,1.0,exact_name,high,1.0
2006,2000,MCNAIRY,RAMER 5 5,0013,0013,1.0,exact_name,high,1.0
2006,2000,MCNAIRY,ROSE CREEK 4 2,0010,0010,1.0,exact_name,high,1.0
2006,2000,MCNAIRY,STANTONVILLE 7 2,0016,0016,1.0,exact_name,high,1.0
2006,2000,MEIGS,1 EASTVIEW,0001,0001,1.0,exact_name,high,1.0
2006,2000,MEIGS,2 MEIGS SOUTH,0002,0002,1.0,exact_name,high,1.0
2006,2000,MEIGS,3 CITY HALL,6064,006254,0.95763936,exact_name,high,1.0
2006,2000,MEIGS,3 CITY HALL,6064,006252,0.04046592,exact_name,high,1.0
2006,2000,MEIGS,3 CITY HALL,6064,006255,0.00189472,exact_name,high,1.0
2006,2000,MEIGS,3 COURTHOUSE,6068,006252,0.9910067,exact_name,high,1.0
2006,2000,MEIGS,3 COURTHOUSE,6068,006254,0.00872642,exact_name,high,1.0
2006,2000,MEIGS,3 COURTHOUSE,6068,006251,0.00019004,exact_name,high,1.0
2006,2000,MEIGS,3 COURTHOUSE,6068,006255,7.684e-05,exact_name,high,1.0
2006,2000,MEIGS,4 MEIGS NORTH,0005,0005,1.0,exact_name,high,1.0
2006,2000,MEIGS,5 TEN MILE,0006,0006,1.0,exact_name,high,1.0
2006,2000,MONTGOMERY,1 ST BETHLEHEM SCH,6150,006471,0.86494693,code_token_name,high,0.993
2006,2000,MONTGOMERY,1 ST BETHLEHEM SCH,6150,006467,0.07990706,code_token_name,high,0.993
2006,2000,MONTGOMERY,1 ST BETHLEHEM SCH,6150,006464,0.040162,code_token_name,high,0.993
2006,2000,MONTGOMERY,1 ST BETHLEHEM SCH,6150,006463,0.00992619,code_token_name,high,0.993
2006,2000,MONTGOMERY,1 ST BETHLEHEM SCH,6150,006479,0.00468797,code_token_name,high,0.993
2006,2000,MONTGOMERY,1 ST BETHLEHEM SCH,6150,006453,0.00031065,code_token_name,high,0.993
2006,2000,MONTGOMERY,1 ST BETHLEHEM SCH,6150,006468,4.526e-05,code_token_name,high,0.993
2006,2000,MONTGOMERY,1 ST BETHLEHEM SCH,6150,006478,1.192e-05,code_token_name,high,0.993
2006,2000,MONTGOMERY,1 ST BETHLEHEM SCH,6150,006465,2.03e-06,code_token_name,high,0.993
2006,2000,MONTGOMERY,10 MINGLEWOOD SCHOOL,6200,006454,0.94524987,code_token_name,high,0.993
2006,2000,MONTGOMERY,10 MINGLEWOOD SCHOOL,6200,006456,0.05450802,code_token_name,high,0.993
2006,2000,MONTGOMERY,10 MINGLEWOOD SCHOOL,6200,006457,0.00024212,code_token_name,high,0.993
2006,2000,MONTGOMERY,11 LIBERTY SCHOOL,6205,006454,0.48388755,code_token_name,high,0.993
2006,2000,MONTGOMERY,11 LIBERTY SCHOOL,6205,006470,0.30174273,code_token_name,high,0.993
2006,2000,MONTGOMERY,11 LIBERTY SCHOOL,6205,006456,0.19636094,code_token_name,high,0.993
2006,2000,MONTGOMERY,11 LIBERTY SCHOOL,6205,006455,0.01787466,code_token_name,high,0.993
2006,2000,MONTGOMERY,11 LIBERTY SCHOOL,6205,006458,0.00011456,code_token_name,high,0.993
2006,2000,MONTGOMERY,11 LIBERTY SCHOOL,6205,006460,1.956e-05,code_token_name,high,0.993
2006,2000,MONTGOMERY,12 RINGGOLD SCHOOL,6210,006457,0.66079218,code_token_name,high,0.993
2006,2000,MONTGOMERY,12 RINGGOLD SCHOOL,6210,006452,0.31526625,code_token_name,high,0.993
2006,2000,MONTGOMERY,12 RINGGOLD SCHOOL,6210,006454,0.02346702,code_token_name,high,0.993
2006,2000,MONTGOMERY,12 RINGGOLD SCHOOL,6210,006465,0.00047454,code_token_name,high,0.993
2006,2000,MONTGOMERY,13 BYRNS DARDEN SCH,6215,006458,0.69586599,code_token_name,high,0.993
2006,2000,MONTGOMERY,13 BYRNS DARDEN SCH,6215,006457,0.21232398,code_token_name,high,0.993
2006,2000,MONTGOMERY,13 BYRNS DARDEN SCH,6215,006470,0.09031016,code_token_name,high,0.993
2006,2000,MONTGOMERY,13 BYRNS DARDEN SCH,6215,006465,0.00149987,code_token_name,high,0.993
2006,2000,MONTGOMERY,14 GLENELLEN SCHOOL,6220,006465,0.34598338,code_token_name,high,0.993
2006,2000,MONTGOMERY,14 GLENELLEN SCHOOL,6220,006466,0.24635831,code_token_name,high,0.993
2006,2000,MONTGOMERY,14 GLENELLEN SCHOOL,6220,006463,0.17728451,code_token_name,high,0.993
2006,2000,MONTGOMERY,14 GLENELLEN SCHOOL,6220,006467,0.17660789,code_token_name,high,0.993
2006,2000,MONTGOMERY,14 GLENELLEN SCHOOL,6220,006471,0.02785316,code_token_name,high,0.993
2006,2000,MONTGOMERY,14 GLENELLEN SCHOOL,6220,006479,0.02460013,code_token_name,high,0.993
2006,2000,MONTGOMERY,14 GLENELLEN SCHOOL,6220,006458,0.00069125,code_token_name,high,0.993
2006,2000,MONTGOMERY,14 GLENELLEN SCHOOL,6220,006457,0.0005928,code_token_name,high,0.993
2006,2000,MONTGOMERY,14 GLENELLEN SCHOOL,6220,006464,2.856e-05,code_token_name,high,0.993
2006,2000,MONTGOMERY,14 GLENELLEN SCHOOL,6220,006474,1e-08,code_token_name,high,0.993
2006,2000,MONTGOMERY,15 HILLCREST BAPTIST,6225,006470,0.6782233,code_token_name,high,0.993
2006,2000,MONTGOMERY,15 HILLCREST BAPTIST,6225,006456,0.32022999,code_token_name,high,0.993
2006,2000,MONTGOMERY,15 HILLCREST BAPTIST,6225,006458,0.00154671,code_token_name,high,0.993
2006,2000,MONTGOMERY,16 NEW PROVIDENCE UM,6232,006457,0.53626879,code_token_name,high,0.993
2006,2000,MONTGOMERY,16 NEW PROVIDENCE UM,6232,006470,0.25162188,code_token_name,high,0.993
2006,2000,MONTGOMERY,16 NEW PROVIDENCE UM,6232,006456,0.2114767,code_token_name,high,0.993
2006,2000,MONTGOMERY,16 NEW PROVIDENCE UM,6232,006458,0.00059699,code_token_name,high,0.993
2006,2000,MONTGOMERY,16 NEW PROVIDENCE UM,6232,006454,3.564e-05,code_token_name,high,0.993
2006,2000,MONTGOMERY,17 PUBLIC LIBRARY,6230,006474,0.60862193,code_token_name,high,0.993
2006,2000,MONTGOMERY,17 PUBLIC LIBRARY,6230,006458,0.34617229,code_token_name,high,0.993
2006,2000,MONTGOMERY,17 PUBLIC LIBRARY,6230,006476,0.04339452,code_token_name,high,0.993
2006,2000,MONTGOMERY,17 PUBLIC LIBRARY,6230,006478,0.00149917,code_token_name,high,0.993
2006,2000,MONTGOMERY,17 PUBLIC LIBRARY,6230,006465,0.00031009,code_token_name,high,0.993
2006,2000,MONTGOMERY,17 PUBLIC LIBRARY,6230,006462,1.99e-06,code_token_name,high,0.993
2006,2000,MONTGOMERY,18 HAZELWOOD SCHOOL,6228,006458,0.77414979,code_token_name,high,0.993
2006,2000,MONTGOMERY,18 HAZELWOOD SCHOOL,6228,006476,0.19372342,code_token_name,high,0.993
2006,2000,MONTGOMERY,18 HAZELWOOD SCHOOL,6228,006470,0.03129442,code_token_name,high,0.993
2006,2000,MONTGOMERY,18 HAZELWOOD SCHOOL,6228,006465,0.00083106,code_token_name,high,0.993
2006,2000,MONTGOMERY,18 HAZELWOOD SCHOOL,6228,006460,8.6e-07,code_token_name,high,0.993
2006,2000,MONTGOMERY,18 HAZELWOOD SCHOOL,6228,006472,4.5e-07,code_token_name,high,0.993
2006,2000,MONTGOMERY,19 CEMC,6234,006459,0.68957409,code_token_name,high,0.993
2006,2000,MONTGOMERY,19 CEMC,6234,006472,0.17048529,code_token_name,high,0.993
2006,2000,MONTGOMERY,19 CEMC,6234,006476,0.10401744,code_token_name,high,0.993
2006,2000,MONTGOMERY,19 CEMC,6234,006474,0.03592174,code_token_name,high,0.993
2006,2000,MONTGOMERY,19 CEMC,6234,006460,1.44e-06,code_token_name,high,0.993
2006,2000,MONTGOMERY,2 ST BETHELEHEM METH,6155,006464,0.62568201,code_token_name,high,0.993
2006,2000,MONTGOMERY,2 ST BETHELEHEM METH,6155,006478,0.1784317,code_token_name,high,0.993
2006,2000,MONTGOMERY,2 ST BETHELEHEM METH,6155,006468,0.17494397,code_token_name,high,0.993
2006,2000,MONTGOMERY,2 ST BETHELEHEM METH,6155,006471,0.01392072,code_token_name,high,0.993
2006,2000,MONTGOMERY,2 ST BETHELEHEM METH,6155,006469,0.00568315,code_token_name,high,0.993
2006,2000,MONTGOMERY,2 ST BETHELEHEM METH,6155,006462,0.00057241,code_token_name,high,0.993
2006,2000,MONTGOMERY,2 ST BETHELEHEM METH,6155,006453,0.00026126,code_token_name,high,0.993
2006,2000,MONTGOMERY,2 ST BETHELEHEM METH,6155,006467,0.00023842,code_token_name,high,0.993
2006,2000,MONTGOMERY,2 ST BETHELEHEM METH,6155,006465,0.00013329,code_token_name,high,0.993
2006,2000,MONTGOMERY,2 ST BETHELEHEM METH,6155,006474,0.00013306,code_token_name,high,0.993
2006,2000,MONTGOMERY,20 SCHOOL SERVICE CO,0020,0020,1.0,token_vtd,high,1.0
2006,2000,MONTGOMERY,21 MASON RUDOLPH GC,6238,006477,0.47002355,code_token_name,high,0.993
2006,2000,MONTGOMERY,21 MASON RUDOLPH GC,6238,006476,0.31497061,code_token_name,high,0.993
2006,2000,MONTGOMERY,21 MASON RUDOLPH GC,6238,006474,0.16146769,code_token_name,high,0.993
2006,2000,MONTGOMERY,21 MASON RUDOLPH GC,6238,006472,0.05306591,code_token_name,high,0.993
2006,2000,MONTGOMERY,21 MASON RUDOLPH GC,6238,006459,0.00046473,code_token_name,high,0.993
2006,2000,MONTGOMERY,21 MASON RUDOLPH GC,6238,006461,7.51e-06,code_token_name,high,0.993
2006,2000,MONTGOMERY,3A EAST MONTGOMERY,0005,0005,1.0,exact_name,high,1.0
2006,2000,MONTGOMERY,3B SANGO SCHOOL,0006,0006,1.0,code_token_name,high,0.993
2006,2000,MONTGOMERY,4A MCMS,0007,0007,1.0,exact_name,high,1.0
2006,2000,MONTGOMERY,4B CENTRAL CIVITAN,0008,0008,1.0,code_token_name,high,0.993
2006,2000,MONTGOMERY,5 JAYCEE ACTIVITY CT,0009,0009,1.0,code_token_name,high,0.993
2006,2000,MONTGOMERY,6A CUMBERLAND HGHTS,6180,006460,0.99976161,code_token_name,high,0.993
2006,2000,MONTGOMERY,6A CUMBERLAND HGHTS,6180,006461,0.0001584,code_token_name,high,0.993
2006,2000,MONTGOMERY,6A CUMBERLAND HGHTS,6180,006455,6.965e-05,code_token_name,high,0.993
2006,2000,MONTGOMERY,6A CUMBERLAND HGHTS,6180,006473,1.034e-05,code_token_name,high,0.993
2006,2000,MONTGOMERY,6B BETHEL BAPTIST CH,6175,006473,0.60378613,code_token_name,high,0.993
2006,2000,MONTGOMERY,6B BETHEL BAPTIST CH,6175,006460,0.39608893,code_token_name,high,0.993
2006,2000,MONTGOMERY,6B BETHEL BAPTIST CH,6175,006455,0.00010191,code_token_name,high,0.993
2006,2000,MONTGOMERY,6B BETHEL BAPTIST CH,6175,006461,2.304e-05,code_token_name,high,0.993
2006,2000,MONTGOMERY,7 WOODLAWN ELEM SCH,6185,006455,0.98441122,code_token_name,high,0.993
2006,2000,MONTGOMERY,7 WOODLAWN ELEM SCH,6185,006454,0.01425848,code_token_name,high,0.993
2006,2000,MONTGOMERY,7 WOODLAWN ELEM SCH,6185,006470,0.00110485,code_token_name,high,0.993
2006,2000,MONTGOMERY,7 WOODLAWN ELEM SCH,6185,006473,0.00015396,code_token_name,high,0.993
2006,2000,MONTGOMERY,7 WOODLAWN ELEM SCH,6185,006460,6.952e-05,code_token_name,high,0.993
2006,2000,MONTGOMERY,7 WOODLAWN ELEM SCH,6185,006456,1.97e-06,code_token_name,high,0.993
2006,2000,MONTGOMERY,8 THE PLANTING,6190,006454,0.93490601,code_token_name,high,0.993
2006,2000,MONTGOMERY,8 THE PLANTING,6190,006451,0.05035218,code_token_name,high,0.993
2006,2000,MONTGOMERY,8 THE PLANTING,6190,006452,0.01210041,code_token_name,high,0.993
2006,2000,MONTGOMERY,8 THE PLANTING,6190,006455,0.00264139,code_token_name,high,0.993
2006,2000,MONTGOMERY,9 OUTLAW FIELD,6195,006452,0.52569063,code_token_name,high,0.993
2006,2000,MONTGOMERY,9 OUTLAW FIELD,6195,006463,0.15882445,code_token_name,high,0.993
2006,2000,MONTGOMERY,9 OUTLAW FIELD,6195,006457,0.13883681,code_token_name,high,0.993
2006,2000,MONTGOMERY,9 OUTLAW FIELD,6195,006480,0.10334228,code_token_name,high,0.993
2006,2000,MONTGOMERY,9 OUTLAW FIELD,6195,006451,0.07273295,code_token_name,high,0.993
2006,2000,MONTGOMERY,9 OUTLAW FIELD,6195,006465,0.00057288,code_token_name,high,0.993
2006,2000,MOORE,1 COURTHOUSE,6248,006554,0.99620065,exact_name,high,1.0
2006,2000,MOORE,1 COURTHOUSE,6248,006552,0.00312952,exact_name,high,1.0
2006,2000,MOORE,1 COURTHOUSE,6248,006553,0.0005892,exact_name,high,1.0
2006,2000,MOORE,1 COURTHOUSE,6248,006551,8.063e-05,exact_name,high,1.0
2006,2000,MOORE,4 ELEMENTARY SCHOOL,6252,006552,0.98123665,exact_name,high,1.0
2006,2000,MOORE,4 ELEMENTARY SCHOOL,6252,006551,0.01815527,exact_name,high,1.0
2006,2000,MOORE,4 ELEMENTARY SCHOOL,6252,006555,0.00040191,exact_name,high,1.0
2006,2000,MOORE,4 ELEMENTARY SCHOOL,6252,006554,0.00020618,exact_name,high,1.0
2006,2000,MOORE,5 MOTLOW COLLEGE,6260,006555,0.9816675,exact_name,high,1.0
2006,2000,MOORE,5 MOTLOW COLLEGE,6260,006551,0.0179518,exact_name,high,1.0
2006,2000,MOORE,5 MOTLOW COLLEGE,6260,006552,0.0003807,exact_name,high,1.0
2006,2000,MORGAN,1 1 COALFIELD,6276,006651,0.99957051,exact_name,high,1.0
2006,2000,MORGAN,1 1 COALFIELD,6276,006653,0.0003564,exact_name,high,1.0
2006,2000,MORGAN,1 1 COALFIELD,6276,006662,7.309e-05,exact_name,high,1.0
2006,2000,MORGAN,2 1 OAKDALE,6300,006662,0.64524697,exact_name,high,1.0
2006,2000,MORGAN,2 1 OAKDALE,6300,006657,0.24051231,exact_name,high,1.0
2006,2000,MORGAN,2 1 OAKDALE,6300,006651,0.1139847,exact_name,high,1.0
2006,2000,MORGAN,2 1 OAKDALE,6300,006652,0.00016805,exact_name,high,1.0
2006,2000,MORGAN,2 1 OAKDALE,6300,006654,8.797e-05,exact_name,high,1.0
2006,2000,MORGAN,2 2 OAKDALE HIGH,6304,006652,0.83115355,exact_name,high,1.0
2006,2000,MORGAN,2 2 OAKDALE HIGH,6304,006654,0.11724637,exact_name,high,1.0
2006,2000,MORGAN,2 2 OAKDALE HIGH,6304,006658,0.04269565,exact_name,high,1.0
2006,2000,MORGAN,2 2 OAKDALE HIGH,6304,006662,0.00890444,exact_name,high,1.0
2006,2000,MORGAN,3 1 WARTBURG,6316,006654,0.65033375,exact_name,high,1.0
2006,2000,MORGAN,3 1 WARTBURG,6316,006660,0.23518759,exact_name,high,1.0
2006,2000,MORGAN,3 1 WARTBURG,6316,006658,0.05364284,exact_name,high,1.0
2006,2000,MORGAN,3 1 WARTBURG,6316,006656,0.03378379,exact_name,high,1.0
2006,2000,MORGAN,3 1 WARTBURG,6316,006653,0.02695623,exact_name,high,1.0
2006,2000,MORGAN,3 1 WARTBURG,6316,006652,8.124e-05,exact_name,high,1.0
2006,2000,MORGAN,3 1 WARTBURG,6316,006651,1.456e-05,exact_name,high,1.0
2006,2000,MORGAN,4 1 CHESTNUT RIDGE,6282,006655,0.99907255,exact_name,high,1.0
2006,2000,MORGAN,4 1 CHESTNUT RIDGE,6282,006659,0.00069939,exact_name,high,1.0
2006,2000,MORGAN,4 1 CHESTNUT RIDGE,6282,006661,0.00022806,exact_name,high,1.0
2006,2000,MORGAN,4 2 LANCING,6286,006658,0.49337778,exact_name,high,1.0
2006,2000,MORGAN,4 2 LANCING,6286,006656,0.37834915,exact_name,high,1.0
2006,2000,MORGAN,4 2 LANCING,6286,006655,0.12806392,exact_name,high,1.0
2006,2000,MORGAN,4 2 LANCING,6286,006654,0.00019462,exact_name,high,1.0
2006,2000,MORGAN,4 2 LANCING,6286,006661,1.453e-05,exact_name,high,1.0
2006,2000,MORGAN,4 3 DEER LODGE,0006,0006,1.0,exact_name,high,1.0
2006,2000,MORGAN,5 1 BURRVILLE,6268,006659,0.99906416,exact_name,high,1.0
2006,2000,MORGAN,5 1 BURRVILLE,6268,006656,0.00036193,exact_name,high,1.0
2006,2000,MORGAN,5 1 BURRVILLE,6268,006661,0.00032659,exact_name,high,1.0
2006,2000,MORGAN,5 1 BURRVILLE,6268,006655,0.00024732,exact_name,high,1.0
2006,2000,MORGAN,5 2 SUNBRIGHT,6312,006656,0.99920894,exact_name,high,1.0
2006,2000,MORGAN,5 2 SUNBRIGHT,6312,006659,0.0003813,exact_name,high,1.0
2006,2000,MORGAN,5 2 SUNBRIGHT,6312,006658,0.00025934,exact_name,high,1.0
2006,2000,MORGAN,5 2 SUNBRIGHT,6312,006661,0.00015042,exact_name,high,1.0
2006,2000,MORGAN,6 1 MOSSY GROVE,6296,006654,0.67310993,exact_name,high,1.0
2006,2000,MORGAN,6 1 MOSSY GROVE,6296,006657,0.31230105,exact_name,high,1.0
2006,2000,MORGAN,6 1 MOSSY GROVE,6296,006651,0.01335401,exact_name,high,1.0
2006,2000,MORGAN,6 1 MOSSY GROVE,6296,006660,0.00073116,exact_name,high,1.0
2006,2000,MORGAN,6 1 MOSSY GROVE,6296,006662,0.00029701,exact_name,high,1.0
2006,2000,MORGAN,6 1 MOSSY GROVE,6296,006652,0.00020684,exact_name,high,1.0
2006,2000,MORGAN,6 2 PETROS,6308,006653,0.46272389,exact_name,high,1.0
2006,2000,MORGAN,6 2 PETROS,6308,006651,0.30443565,exact_name,high,1.0
2006,2000,MORGAN,6 2 PETROS,6308,006660,0.23284046,exact_name,high,1.0
2006,2000,MORGAN,6 3 KELLYS,6284,006651,0.88753963,exact_name,high,1.0
2006,2000,MORGAN,6 3 KELLYS,6284,006660,0.1116188,exact_name,high,1.0
2006,2000,MORGAN,6 3 KELLYS,6284,006654,0.00065832,exact_name,high,1.0
2006,2000,MORGAN,6 3 KELLYS,6284,006657,0.00018324,exact_name,high,1.0
2006,2000,OBION,1 1 SOUTH FULTON,0001,0001,1.0,exact_name,high,1.0
2006,2000,OBION,2 1 EDDIE COX SR CTR,0002,0002,1.0,exact_name,high,1.0
2006,2000,OBION,2 4 WOODLAND,0003,0003,1.0,exact_name,high,1.0
2006,2000,OBION,3 2 KENTON,6382,006757,0.99908929,exact_name,high,1.0
2006,2000,OBION,3 2 KENTON,6382,006761,0.00091071,exact_name,high,1.0
2006,2000,OBION,3 4 RIVES,6386,006761,0.96195777,exact_name,high,1.0
2006,2000,OBION,3 4 RIVES,6386,006752,0.02785746,exact_name,high,1.0
2006,2000,OBION,3 4 RIVES,6386,006760,0.00985368,exact_name,high,1.0
2006,2000,OBION,3 4 RIVES,6386,006758,0.00024304,exact_name,high,1.0
2006,2000,OBION,3 4 RIVES,6386,006757,8.805e-05,exact_name,high,1.0
2006,2000,OBION,4 1 FAIR GROUNDS,0006,0006,1.0,exact_name,high,1.0
2006,2000,OBION,5 2 CLOVERDALE,6394,006759,0.87661189,exact_name,high,1.0
2006,2000,OBION,5 2 CLOVERDALE,6394,006754,0.12262977,exact_name,high,1.0
2006,2000,OBION,5 2 CLOVERDALE,6394,006758,0.00075835,exact_name,high,1.0
2006,2000,OBION,5 4 HORNBEAK,6390,006754,0.842175,exact_name,high,1.0
2006,2000,OBION,5 4 HORNBEAK,6390,006755,0.15737828,exact_name,high,1.0
2006,2000,OBION,5 4 HORNBEAK,6390,006759,0.00028524,exact_name,high,1.0
2006,2000,OBION,5 4 HORNBEAK,6390,006760,0.00016148,exact_name,high,1.0
2006,2000,OBION,5 5 SAMBURG,6392,006755,0.99925364,exact_name,high,1.0
2006,2000,OBION,5 5 SAMBURG,6392,006754,0.00074636,exact_name,high,1.0
2006,2000,OBION,6 1 TROY SR CTR,0010,0010,1.0,exact_name,high,1.0
2006,2000,OBION,6 2 OBION SR CTR,0011,0011,1.0,exact_name,high,1.0
2006,2000,OBION,7 2 OBION CO LIBRARY,0012,0012,1.0,exact_name,high,1.0
2006,2000,OVERTON,1 LIVINGSTON WARD 1,6428,006853,0.98395967,exact_name,high,1.0
2006,2000,OVERTON,1 LIVINGSTON WARD 1,6428,006852,0.0143444,exact_name,high,1.0
2006,2000,OVERTON,1 LIVINGSTON WARD 1,6428,006856,0.00168182,exact_name,high,1.0
2006,2000,OVERTON,1 LIVINGSTON WARD 1,6428,006854,1.41e-05,exact_name,high,1.0
2006,2000,OVERTON,1 LIVINGSTON WARD 2,6428,006853,0.98395967,code_token_name,high,0.993
2006,2000,OVERTON,1 LIVINGSTON WARD 2,6428,006852,0.0143444,code_token_name,high,0.993
2006,2000,OVERTON,1 LIVINGSTON WARD 2,6428,006856,0.00168182,code_token_name,high,0.993
2006,2000,OVERTON,1 LIVINGSTON WARD 2,6428,006854,1.41e-05,code_token_name,high,0.993
2006,2000,OVERTON,1 LIVINGSTON WARD 3,6428,006853,0.98395967,code_token_name,high,0.993
2006,2000,OVERTON,1 LIVINGSTON WARD 3,6428,006852,0.0143444,code_token_name,high,0.993
2006,2000,OVERTON,1 LIVINGSTON WARD 3,6428,006856,0.00168182,code_token_name,high,0.993
2006,2000,OVERTON,1 LIVINGSTON WARD 3,6428,006854,1.41e-05,code_token_name,high,0.993
2006,2000,OVERTON,2 ALLONS,6438,006852,0.99929527,exact_name,high,1.0
2006,2000,OVERTON,2 ALLONS,6438,006853,0.00059567,exact_name,high,1.0
2006,2000,OVERTON,2 ALLONS,6438,006854,0.00010906,exact_name,high,1.0
2006,2000,OVERTON,2 INDEPENDENCE,6440,006852,0.86679612,exact_name,high,1.0
2006,2000,OVERTON,2 INDEPENDENCE,6440,006854,0.13320388,exact_name,high,1.0
2006,2000,OVERTON,2 MONROE,6442,006854,0.95138458,exact_name,high,1.0
2006,2000,OVERTON,2 MONROE,6442,006852,0.04210941,exact_name,high,1.0
2006,2000,OVERTON,2 MONROE,6442,006853,0.00589199,exact_name,high,1.0
2006,2000,OVERTON,2 MONROE,6442,006856,0.00061402,exact_name,high,1.0
2006,2000,OVERTON,3 ALPINE,6448,006856,0.83314613,exact_name,high,1.0
2006,2000,OVERTON,3 ALPINE,6448,006853,0.1664093,exact_name,high,1.0
2006,2000,OVERTON,3 ALPINE,6448,006854,0.00031844,exact_name,high,1.0
2006,2000,OVERTON,3 ALPINE,6448,006855,0.00012614,exact_name,high,1.0
2006,2000,OVERTON,3 POTEET,6450,006856,0.92023722,exact_name,high,1.0
2006,2000,OVERTON,3 POTEET,6450,006859,0.0787873,exact_name,high,1.0
2006,2000,OVERTON,3 POTEET,6450,006858,0.0006126,exact_name,high,1.0
2006,2000,OVERTON,3 POTEET,6450,006854,0.00019479,exact_name,high,1.0
2006,2000,OVERTON,3 POTEET,6450,006855,0.0001681,exact_name,high,1.0
2006,2000,OVERTON,3 RUSHING SPRINGS,6454,006859,0.99959113,exact_name,high,1.0
2006,2000,OVERTON,3 RUSHING SPRINGS,6454,006858,0.00040887,exact_name,high,1.0
2006,2000,OVERTON,3 WILSON,6452,006858,0.9519248,exact_name,high,1.0
2006,2000,OVERTON,3 WILSON,6452,006859,0.04776409,exact_name,high,1.0
2006,2000,OVERTON,3 WILSON,6452,006856,0.00031111,exact_name,high,1.0
2006,2000,OVERTON,4 PLEASANT VALLEY,6462,006859,0.58723457,exact_name,high,1.0
2006,2000,OVERTON,4 PLEASANT VALLEY,6462,006857,0.38483517,exact_name,high,1.0
2006,2000,OVERTON,4 PLEASANT VALLEY,6462,006855,0.02782371,exact_name,high,1.0
2006,2000,OVERTON,4 PLEASANT VALLEY,6462,006856,0.00010655,exact_name,high,1.0
2006,2000,OVERTON,4 RICKMAN,6458,006857,0.879044,exact_name,high,1.0
2006,2000,OVERTON,4 RICKMAN,6458,006855,0.06081422,exact_name,high,1.0
2006,2000,OVERTON,4 RICKMAN,6458,006851,0.06014178,exact_name,high,1.0
2006,2000,OVERTON,5 FAIRGROUNDS,6470,006855,0.63682669,exact_name,high,1.0
2006,2000,OVERTON,5 FAIRGROUNDS,6470,006853,0.20974331,exact_name,high,1.0
2006,2000,OVERTON,5 FAIRGROUNDS,6470,006852,0.14705089,exact_name,high,1.0
2006,2000,OVERTON,5 FAIRGROUNDS,6470,006851,0.00484537,exact_name,high,1.0
2006,2000,OVERTON,5 FAIRGROUNDS,6470,006857,0.00086682,exact_name,high,1.0
2006,2000,OVERTON,5 FAIRGROUNDS,6470,006856,0.00033902,exact_name,high,1.0
2006,2000,OVERTON,5 FAIRGROUNDS,6470,006859,0.0003279,exact_name,high,1.0
2006,2000,OVERTON,5 HARDY CHAPEL,6467,006851,0.99972582,exact_name,high,1.0
2006,2000,OVERTON,5 HARDY CHAPEL,6467,006855,0.00027418,exact_name,high,1.0
2006,2000,OVERTON,5 HILHAM,6468,006851,0.72400701,exact_name,high,1.0
2006,2000,OVERTON,5 HILHAM,6468,006852,0.26271353,exact_name,high,1.0
2006,2000,OVERTON,5 HILHAM,6468,006855,0.01320471,exact_name,high,1.0
2006,2000,OVERTON,5 HILHAM,6468,006853,7.476e-05,exact_name,high,1.0
2006,2000,PERRY,1 1 CEDAR CREEK SCH,6496,006954,0.72289959,code_token_name,high,0.993
2006,2000,PERRY,1 1 CEDAR CREEK SCH,6496,006958,0.16713604,code_token_name,high,0.993
2006,2000,PERRY,1 1 CEDAR CREEK SCH,6496,006959,0.10246175,code_token_name,high,0.993
2006,2000,PERRY,1 1 CEDAR CREEK SCH,6496,006955,0.00741276,code_token_name,high,0.993
2006,2000,PERRY,1 1 CEDAR CREEK SCH,6496,006960,5.334e-05,code_token_name,high,0.993
2006,2000,PERRY,1 1 CEDAR CREEK SCH,6496,006953,3.652e-05,code_token_name,high,0.993
2006,2000,PERRY,1 2 MARSH CREEK,0002,0002,1.0,exact_name,high,1.0
2006,2000,PERRY,2 1 PINEVIEW,6508,006951,0.77887305,exact_name,high,1.0
2006,2000,PERRY,2 1 PINEVIEW,6508,006956,0.14413172,exact_name,high,1.0
2006,2000,PERRY,2 1 PINEVIEW,6508,006957,0.07448396,exact_name,high,1.0
2006,2000,PERRY,2 1 PINEVIEW,6508,006960,0.00236843,exact_name,high,1.0
2006,2000,PERRY,2 1 PINEVIEW,6508,006952,0.00014284,exact_name,high,1.0
2006,2000,PERRY,2 2 POPE,6512,006960,0.93575732,exact_name,high,1.0
2006,2000,PERRY,2 2 POPE,6512,006958,0.05271426,exact_name,high,1.0
2006,2000,PERRY,2 2 POPE,6512,006955,0.01109095,exact_name,high,1.0
2006,2000,PERRY,2 2 POPE,6512,006951,0.00032736,exact_name,high,1.0
2006,2000,PERRY,2 2 POPE,6512,006957,0.00011011,exact_name,high,1.0
2006,2000,PERRY,3 1 COON CREEK,0005,0005,1.0,exact_name,high,1.0
2006,2000,PERRY,3 2 FLATWOODS,6520,006959,0.96179004,exact_name,high,1.0
2006,2000,PERRY,3 2 FLATWOODS,6520,006953,0.03795202,exact_name,high,1.0
2006,2000,PERRY,3 2 FLATWOODS,6520,006954,0.00025795,exact_name,high,1.0
2006,2000,PERRY,4 1 BRUSH CREEK,0007,0007,1.0,exact_name,high,1.0
2006,2000,PERRY,4 3 LOBELVILLE ELEM,6528,006957,0.88146267,code_token_name,high,0.993
2006,2000,PERRY,4 3 LOBELVILLE ELEM,6528,006955,0.11759677,code_token_name,high,0.993
2006,2000,PERRY,4 3 LOBELVILLE ELEM,6528,006952,0.00037462,code_token_name,high,0.993
2006,2000,PERRY,4 3 LOBELVILLE ELEM,6528,006953,0.00027983,code_token_name,high,0.993
2006,2000,PERRY,4 3 LOBELVILLE ELEM,6528,006956,0.00016449,code_token_name,high,0.993
2006,2000,PERRY,4 3 LOBELVILLE ELEM,6528,006960,0.00012162,code_token_name,high,0.993
2006,2000,PERRY,5 1 LINDEN,0009,0009,1.0,exact_name,high,1.0
2006,2000,PERRY,6 1 LOBELVILLE CIHAL,6544,006956,0.9934702,code_token_name,high,0.993
2006,2000,PERRY,6 1 LOBELVILLE CIHAL,6544,006952,0.00632899,code_token_name,high,0.993
2006,2000,PERRY,6 1 LOBELVILLE CIHAL,6544,006951,0.00018353,code_token_name,high,0.993
2006,2000,PERRY,6 1 LOBELVILLE CIHAL,6544,006957,1.728e-05,code_token_name,high,0.993
2006,2000,PICKETT,BARNES RIDGE 4 3,0008,0008,1.0,exact_name,high,1.0
2006,2000,PICKETT,BOLESTOWN 4 4,0009,0009,1.0,exact_name,high,1.0
2006,2000,PICKETT,BOOM 4 1,0006,0006,1.0,exact_name,high,1.0
2006,2000,PICKETT,CHANUTE 3 1,0004,0004,1.0,exact_name,high,1.0
2006,2000,PICKETT,COMMUNITY CENTER 1 1,0001,0001,1.0,exact_name,high,1.0
2006,2000,PICKETT,HIGH SCHOOL 2 1,0003,0003,1.0,exact_name,high,1.0
2006,2000,PICKETT,MOODYVILLE 1 2,0002,0002,1.0,exact_name,high,1.0
2006,2000,PICKETT,OAK HILL 4 2,0007,0007,1.0,exact_name,high,1.0
2006,2000,PICKETT,TRAVISVILLE 3 2,0005,0005,1.0,exact_name,high,1.0
2006,2000,POLK,1 DELANO LIONS CLUB,6596,007151,0.99906903,code_token_name,high,0.993
2006,2000,POLK,1 DELANO LIONS CLUB,6596,007152,0.00050721,code_token_name,high,0.993
2006,2000,POLK,1 DELANO LIONS CLUB,6596,007160,0.00042359,code_token_name,high,0.993
2006,2000,POLK,1 DELANO LIONS CLUB,6596,007153,1.6e-07,code_token_name,high,0.993
2006,2000,POLK,1A POLK CO HIGH,6604,007152,0.93883306,code_token_name,high,0.993
2006,2000,POLK,1A POLK CO HIGH,6604,007159,0.05994768,code_token_name,high,0.993
2006,2000,POLK,1A POLK CO HIGH,6604,007158,0.00060015,code_token_name,high,0.993
2006,2000,POLK,1A POLK CO HIGH,6604,007151,0.00034895,code_token_name,high,0.993
2006,2000,POLK,1A POLK CO HIGH,6604,007153,0.00017442,code_token_name,high,0.993
2006,2000,POLK,1A POLK CO HIGH,6604,007160,9.575e-05,code_token_name,high,0.993
2006,2000,POLK,2 GREASY CREEK COMM,6608,007153,0.62488181,code_token_name,high,0.993
2006,2000,POLK,2 GREASY CREEK COMM,6608,007159,0.23621641,code_token_name,high,0.993
2006,2000,POLK,2 GREASY CREEK COMM,6608,007157,0.13854185,code_token_name,high,0.993
2006,2000,POLK,2 GREASY CREEK COMM,6608,007152,0.00028214,code_token_name,high,0.993
2006,2000,POLK,2 GREASY CREEK COMM,6608,007151,7.778e-05,code_token_name,high,0.993
2006,2000,POLK,3 DUCKTOWN COURTHOUS,6612,007158,0.98895462,code_token_name,high,0.993
2006,2000,POLK,3 DUCKTOWN COURTHOUS,6612,007157,0.01013022,code_token_name,high,0.993
2006,2000,POLK,3 DUCKTOWN COURTHOUS,6612,007159,0.00022564,code_token_name,high,0.993
2006,2000,POLK,3 DUCKTOWN COURTHOUS,6612,007161,0.00020284,code_token_name,high,0.993
2006,2000,POLK,3 DUCKTOWN COURTHOUS,6612,007160,0.00018,code_token_name,high,0.993
2006,2000,POLK,3 DUCKTOWN COURTHOUS,6612,007154,0.00016701,code_token_name,high,0.993
2006,2000,POLK,3 DUCKTOWN COURTHOUS,6612,007152,0.00013966,code_token_name,high,0.993
2006,2000,POLK,3A HOME BANK COPPERH,6616,007160,0.99929481,code_token_name,high,0.993
2006,2000,POLK,3A HOME BANK COPPERH,6616,007158,0.00025512,code_token_name,high,0.993
2006,2000,POLK,3A HOME BANK COPPERH,6616,007161,0.00022945,code_token_name,high,0.993
2006,2000,POLK,3A HOME BANK COPPERH,6616,007151,0.00018081,code_token_name,high,0.993
2006,2000,POLK,3A HOME BANK COPPERH,6616,007152,3.98e-05,code_token_name,high,0.993
2006,2000,POLK,3B TURTLETOWN SCHOOL,6620,007159,0.89835568,code_token_name,high,0.993
2006,2000,POLK,3B TURTLETOWN SCHOOL,6620,007157,0.09924791,code_token_name,high,0.993
2006,2000,POLK,3B TURTLETOWN SCHOOL,6620,007158,0.0023964,code_token_name,high,0.993
2006,2000,PUTNAM,10A PAVILION,0015,0015,1.0,exact_name,high,1.0
2006,2000,PUTNAM,11A BANGHAM,0016,0016,1.0,exact_name,high,1.0
2006,2000,PUTNAM,11B COOKEVILLE HIGH,0017,0017,1.0,code_token_name,high,0.993
2006,2000,PUTNAM,12A ALGOOD INSIDE,0018,0018,1.0,code_token_name,high,0.993
2006,2000,PUTNAM,1A CAPSHAW,0001,0001,1.0,exact_name,high,1.0
2006,2000,PUTNAM,2A NORTHEAST ELEM,0002,0002,1.0,code_token_name,high,0.993
2006,2000,PUTNAM,3A UNIVERSITY,0003,0003,1.0,exact_name,high,1.0
2006,2000,PUTNAM,4A MONTEREY CC,0004,0004,1.0,code_token_name,high,0.993
2006,2000,PUTNAM,4B MONTEREY EAST,0005,0005,1.0,code_token_name,high,0.993
2006,2000,PUTNAM,4C MONTEREY WEST,0006,0006,1.0,code_token_name,high,0.993
2006,2000,PUTNAM,5A BRIDGE INSIDE,0007,0007,1.0,code_token_name,high,0.993
2006,2000,PUTNAM,5C BURGESS,0008,0008,1.0,code_token_name,high,0.993
2006,2000,PUTNAM,6A CANE CREEK,0009,0009,1.0,exact_name,high,1.0
2006,2000,PUTNAM,7A ARMORY INSIDE,0010,0010,1.0,code_token_name,high,0.993
2006,2000,PUTNAM,7D TWIN OAK,0011,0011,1.0,exact_name,high,1.0
2006,2000,PUTNAM,8E BUFFALO VALLEY,0012,0012,1.0,exact_name,high,1.0
2006,2000,PUTNAM,8G GENTRY,0013,0013,1.0,code_token_name,high,0.993
2006,2000,PUTNAM,9B DOUBLE SPGS SO,0014,0014,1.0,code_token_name,high,0.993
2006,2000,RHEA,1 1 ST CLAIR,6800,007352,0.99858554,code_token_name,high,0.993
2006,2000,RHEA,1 1 ST CLAIR,6800,007353,0.00104485,code_token_name,high,0.993
2006,2000,RHEA,1 1 ST CLAIR,6800,007351,0.00036962,code_token_name,high,0.993
2006,2000,RHEA,1 2 MARS HILL,6800,007352,0.99858554,code_token_name,high,0.993
2006,2000,RHEA,1 2 MARS HILL,6800,007353,0.00104485,code_token_name,high,0.993
2006,2000,RHEA,1 2 MARS HILL,6800,007351,0.00036962,code_token_name,high,0.993
2006,2000,RHEA,1 3 GRANDVIEW,0002,0002,1.0,exact_name,high,1.0
2006,2000,RHEA,2 1 S C W,6810,007353,0.8977995,exact_name,high,1.0
2006,2000,RHEA,2 1 S C W,6810,007351,0.10100386,exact_name,high,1.0
2006,2000,RHEA,2 1 S C W,6810,007352,0.00119664,exact_name,high,1.0
2006,2000,RHEA,2 2 S C E,6812,007353,0.76362628,exact_name,high,1.0
2006,2000,RHEA,2 2 S C E,6812,007351,0.23576046,exact_name,high,1.0
2006,2000,RHEA,2 2 S C E,6812,007354,0.00061326,exact_name,high,1.0
2006,2000,RHEA,3 1 WOLF CREEK,6820,007353,0.42976675,exact_name,high,1.0
2006,2000,RHEA,3 1 WOLF CREEK,6820,007354,0.32409279,exact_name,high,1.0
2006,2000,RHEA,3 1 WOLF CREEK,6820,007355,0.24603212,exact_name,high,1.0
2006,2000,RHEA,3 1 WOLF CREEK,6820,007356,5.779e-05,exact_name,high,1.0
2006,2000,RHEA,3 1 WOLF CREEK,6820,007351,5.054e-05,exact_name,high,1.0
2006,2000,RHEA,4 1 EVENSVILLE,6830,007355,0.80026529,exact_name,high,1.0
2006,2000,RHEA,4 1 EVENSVILLE,6830,007356,0.19558142,exact_name,high,1.0
2006,2000,RHEA,4 1 EVENSVILLE,6830,007353,0.00415317,exact_name,high,1.0
2006,2000,RHEA,4 1 EVENSVILLE,6830,007359,1.2e-07,exact_name,high,1.0
2006,2000,RHEA,4 2 RICHLAND PARK,6832,007356,0.99162296,exact_name,high,1.0
2006,2000,RHEA,4 2 RICHLAND PARK,6832,007357,0.00706989,exact_name,high,1.0
2006,2000,RHEA,4 2 RICHLAND PARK,6832,007362,0.00062195,exact_name,high,1.0
2006,2000,RHEA,4 2 RICHLAND PARK,6832,007355,0.00041726,exact_name,high,1.0
2006,2000,RHEA,4 2 RICHLAND PARK,6832,007359,0.00016864,exact_name,high,1.0
2006,2000,RHEA,4 2 RICHLAND PARK,6832,007358,9.93e-05,exact_name,high,1.0
2006,2000,RHEA,5 1 NORTH DAYTON W,6840,007357,0.98563931,exact_name,high,1.0
2006,2000,RHEA,5 1 NORTH DAYTON W,6840,007356,0.01067087,exact_name,high,1.0
2006,2000,RHEA,5 1 NORTH DAYTON W,6840,007359,0.0012981,exact_name,high,1.0
2006,2000,RHEA,5 1 NORTH DAYTON W,6840,007360,0.00124908,exact_name,high,1.0
2006,2000,RHEA,5 1 NORTH DAYTON W,6840,007358,0.00114264,exact_name,high,1.0
2006,2000,RHEA,6 1 SOUTH DAYTON W,6850,007358,0.83701933,exact_name,high,1.0
2006,2000,RHEA,6 1 SOUTH DAYTON W,6850,007361,0.15347473,exact_name,high,1.0
2006,2000,RHEA,6 1 SOUTH DAYTON W,6850,007357,0.00736824,exact_name,high,1.0
2006,2000,RHEA,6 1 SOUTH DAYTON W,6850,007362,0.00194573,exact_name,high,1.0
2006,2000,RHEA,6 1 SOUTH DAYTON W,6850,007356,0.00014729,exact_name,high,1.0
2006,2000,RHEA,6 1 SOUTH DAYTON W,6850,007360,4.468e-05,exact_name,high,1.0
2006,2000,RHEA,7 1 FRAZIER,0009,0009,1.0,exact_name,high,1.0
2006,2000,RHEA,8 1 SPIVEY,6870,007360,0.87430905,exact_name,high,1.0
2006,2000,RHEA,8 1 SPIVEY,6870,007358,0.12542159,exact_name,high,1.0
2006,2000,RHEA,8 1 SPIVEY,6870,007361,0.00026936,exact_name,high,1.0
2006,2000,RHEA,8 2 NORTH DAYTON E,6874,007360,0.97581782,exact_name,high,1.0
2006,2000,RHEA,8 2 NORTH DAYTON E,6874,007359,0.01277462,exact_name,high,1.0
2006,2000,RHEA,8 2 NORTH DAYTON E,6874,007358,0.01069463,exact_name,high,1.0
2006,2000,RHEA,8 2 NORTH DAYTON E,6874,007357,0.00071293,exact_name,high,1.0
2006,2000,RHEA,9 1 GRAYSVILLE,0011,0011,1.0,exact_name,high,1.0
2006,2000,RHEA,9 2 WALDENS RIDGE,0012,0012,1.0,exact_name,high,1.0
2006,2000,ROANE,CAVE CREEK,6860,007451,0.82803145,exact_name,high,1.0
2006,2000,ROANE,CAVE CREEK,6860,007452,0.17141513,exact_name,high,1.0
2006,2000,ROANE,CAVE CREEK,6860,007453,0.0005082,exact_name,high,1.0
2006,2000,ROANE,CAVE CREEK,6860,007473,4.522e-05,exact_name,high,1.0
2006,2000,ROANE,DYLLIS,6864,007457,0.998332,exact_name,high,1.0
2006,2000,ROANE,DYLLIS,6864,007461,0.00041014,exact_name,high,1.0
2006,2000,ROANE,DYLLIS,6864,007458,0.00035039,exact_name,high,1.0
2006,2000,ROANE,DYLLIS,6864,007460,0.00025,exact_name,high,1.0
2006,2000,ROANE,DYLLIS,6864,007459,0.00022897,exact_name,high,1.0
2006,2000,ROANE,DYLLIS,6864,007456,0.00022863,exact_name,high,1.0
2006,2000,ROANE,DYLLIS,6864,007452,0.00019986,exact_name,high,1.0
2006,2000,ROANE,EMORY,6868,007461,0.99713656,exact_name,high,1.0
2006,2000,ROANE,EMORY,6868,007465,0.00172959,exact_name,high,1.0
2006,2000,ROANE,EMORY,6868,007457,0.00063458,exact_name,high,1.0
2006,2000,ROANE,EMORY,6868,007460,0.00049927,exact_name,high,1.0
2006,2000,ROANE,EMORY HEIGHTS,6876,007460,0.99655733,exact_name,high,1.0
2006,2000,ROANE,EMORY HEIGHTS,6876,007464,0.00122041,exact_name,high,1.0
2006,2000,ROANE,EMORY HEIGHTS,6876,007461,0.00110508,exact_name,high,1.0
2006,2000,ROANE,EMORY HEIGHTS,6876,007457,0.00063896,exact_name,high,1.0
2006,2000,ROANE,EMORY HEIGHTS,6876,007465,0.00047821,exact_name,high,1.0
2006,2000,ROANE,EUREKA,6872,007467,0.99840958,exact_name,high,1.0
2006,2000,ROANE,EUREKA,6872,007470,0.00051377,exact_name,high,1.0
2006,2000,ROANE,EUREKA,6872,007471,0.00042256,exact_name,high,1.0
2006,2000,ROANE,EUREKA,6872,007468,0.00040126,exact_name,high,1.0
2006,2000,ROANE,EUREKA,6872,007469,0.00013535,exact_name,high,1.0
2006,2000,ROANE,EUREKA,6872,007472,0.00011749,exact_name,high,1.0
2006,2000,ROANE,FAIRVIEW,6884,007469,0.99792593,exact_name,high,1.0
2006,2000,ROANE,FAIRVIEW,6884,007454,0.00081311,exact_name,high,1.0
2006,2000,ROANE,FAIRVIEW,6884,007462,0.00049874,exact_name,high,1.0
2006,2000,ROANE,FAIRVIEW,6884,007467,0.00027381,exact_name,high,1.0
2006,2000,ROANE,FAIRVIEW,6884,007468,0.00025362,exact_name,high,1.0
2006,2000,ROANE,FAIRVIEW,6884,007455,0.00023466,exact_name,high,1.0
2006,2000,ROANE,FAIRVIEW,6884,007456,1.3e-07,exact_name,high,1.0
2006,2000,ROANE,GLEN ALICE,6888,007470,0.99930296,exact_name,high,1.0
2006,2000,ROANE,GLEN ALICE,6888,007471,0.00039589,exact_name,high,1.0
2006,2000,ROANE,GLEN ALICE,6888,007467,0.00025574,exact_name,high,1.0
2006,2000,ROANE,GLEN ALICE,6888,007468,4.54e-05,exact_name,high,1.0
2006,2000,ROANE,HARRIMAN WARD 1,0014,0014,1.0,exact_name,high,1.0
2006,2000,ROANE,KINGSTON WARD 1,0015,0015,1.0,exact_name,high,1.0
2006,2000,ROANE,KINGSTON WARD 2,6908,007456,0.68166791,exact_name,high,1.0
2006,2000,ROANE,KINGSTON WARD 2,6908,007455,0.31564712,exact_name,high,1.0
2006,2000,ROANE,KINGSTON WARD 2,6908,007462,0.00095313,exact_name,high,1.0
2006,2000,ROANE,KINGSTON WARD 2,6908,007452,0.00089355,exact_name,high,1.0
2006,2000,ROANE,KINGSTON WARD 2,6908,007469,0.00052946,exact_name,high,1.0
2006,2000,ROANE,KINGSTON WARD 2,6908,007457,0.00018969,exact_name,high,1.0
2006,2000,ROANE,KINGSTON WARD 2,6908,007454,0.00011915,exact_name,high,1.0
2006,2000,ROANE,LAWNVILLE,0017,0017,1.0,exact_name,high,1.0
2006,2000,ROANE,MIDTOWN,6916,007463,0.55494656,exact_name,high,1.0
2006,2000,ROANE,MIDTOWN,6916,007462,0.44443452,exact_name,high,1.0
2006,2000,ROANE,MIDTOWN,6916,007467,0.00025246,exact_name,high,1.0
2006,2000,ROANE,MIDTOWN,6916,007469,0.00024058,exact_name,high,1.0
2006,2000,ROANE,MIDTOWN,6916,007464,0.00011226,exact_name,high,1.0
2006,2000,ROANE,MIDTOWN,6916,007460,1.361e-05,exact_name,high,1.0
2006,2000,ROANE,MIDWAY,6920,007454,0.99836267,exact_name,high,1.0
2006,2000,ROANE,MIDWAY,6920,007469,0.00059578,exact_name,high,1.0
2006,2000,ROANE,MIDWAY,6920,007468,0.00037607,exact_name,high,1.0
2006,2000,ROANE,MIDWAY,6920,007473,0.00036842,exact_name,high,1.0
2006,2000,ROANE,MIDWAY,6920,007474,0.00013646,exact_name,high,1.0
2006,2000,ROANE,MIDWAY,6920,007455,9.865e-05,exact_name,high,1.0
2006,2000,ROANE,MIDWAY,6920,007452,6.196e-05,exact_name,high,1.0
2006,2000,ROANE,OAK HILLS,6924,007458,0.99872268,exact_name,high,1.0
2006,2000,ROANE,OAK HILLS,6924,007459,0.0007043,exact_name,high,1.0
2006,2000,ROANE,OAK HILLS,6924,007452,0.00021277,exact_name,high,1.0
2006,2000,ROANE,OAK HILLS,6924,007453,0.00018362,exact_name,high,1.0
2006,2000,ROANE,OAK HILLS,6924,007457,0.00017662,exact_name,high,1.0
2006,2000,ROANE,OLIVER SPRINGS,6928,007466,0.99436941,exact_name,high,1.0
2006,2000,ROANE,OLIVER SPRINGS,6928,007459,0.00563059,exact_name,high,1.0
2006,2000,ROANE,ORCHARD VIEW,6932,007459,0.99699732,exact_name,high,1.0
2006,2000,ROANE,ORCHARD VIEW,6932,007458,0.0019967,exact_name,high,1.0
2006,2000,ROANE,ORCHARD VIEW,6932,007466,0.00058082,exact_name,high,1.0
2006,2000,ROANE,ORCHARD VIEW,6932,007457,0.00042516,exact_name,high,1.0
2006,2000,ROANE,PAINT ROCK,6944,007473,0.83703756,exact_name,high,1.0
2006,2000,ROANE,PAINT ROCK,6944,007454,0.16258522,exact_name,high,1.0
2006,2000,ROANE,PAINT ROCK,6944,007474,0.00036327,exact_name,high,1.0
2006,2000,ROANE,PAINT ROCK,6944,007451,7.26e-06,exact_name,high,1.0
2006,2000,ROANE,PAINT ROCK,6944,007452,6.69e-06,exact_name,high,1.0
2006,2000,ROANE,PAW PAW,6936,007453,0.99809778,exact_name,high,1.0
2006,2000,ROANE,PAW PAW,6936,007452,0.0007044,exact_name,high,1.0
2006,2000,ROANE,PAW PAW,6936,007458,0.00063212,exact_name,high,1.0
2006,2000,ROANE,PAW PAW,6936,007451,0.0005657,exact_name,high,1.0
2006,2000,ROANE,POND GROVE,6940,007467,0.50614883,exact_name,high,1.0
2006,2000,ROANE,POND GROVE,6940,007472,0.48835507,exact_name,high,1.0
2006,2000,ROANE,POND GROVE,6940,007464,0.00487425,exact_name,high,1.0
2006,2000,ROANE,POND GROVE,6940,007462,0.00036542,exact_name,high,1.0
2006,2000,ROANE,POND GROVE,6940,007463,0.00017047,exact_name,high,1.0
2006,2000,ROANE,POND GROVE,6940,007469,8.596e-05,exact_name,high,1.0
2006,2000,ROANE,RENFRO,6948,007468,0.99891612,exact_name,high,1.0
2006,2000,ROANE,RENFRO,6948,007454,0.00040839,exact_name,high,1.0
2006,2000,ROANE,RENFRO,6948,007467,0.00037105,exact_name,high,1.0
2006,2000,ROANE,RENFRO,6948,007469,0.00023835,exact_name,high,1.0
2006,2000,ROANE,RENFRO,6948,007470,6.609e-05,exact_name,high,1.0
2006,2000,ROANE,ROCKWOOD WARD 1,6952,007471,0.99446366,exact_name,high,1.0
2006,2000,ROANE,ROCKWOOD WARD 1,6952,007467,0.00225283,exact_name,high,1.0
2006,2000,ROANE,ROCKWOOD WARD 1,6952,007470,0.00204887,exact_name,high,1.0
2006,2000,ROANE,ROCKWOOD WARD 1,6952,007472,0.00123464,exact_name,high,1.0
2006,2000,ROANE,ROCKWOOD WARD 2,6956,007472,0.99758408,exact_name,high,1.0
2006,2000,ROANE,ROCKWOOD WARD 2,6956,007467,0.00140997,exact_name,high,1.0
2006,2000,ROANE,ROCKWOOD WARD 2,6956,007464,0.00064772,exact_name,high,1.0
2006,2000,ROANE,ROCKWOOD WARD 2,6956,007471,0.00035822,exact_name,high,1.0
2006,2000,ROANE,SOUTH HARRIMAN,6960,007464,0.99830765,exact_name,high,1.0
2006,2000,ROANE,SOUTH HARRIMAN,6960,007472,0.00118286,exact_name,high,1.0
2006,2000,ROANE,SOUTH HARRIMAN,6960,007465,0.00050949,exact_name,high,1.0
2006,2000,ROBERTSON,01 1 E ROBERTSON HS,6996,007551,0.90963777,code_token_name,high,0.993
2006,2000,ROBERTSON,01 1 E ROBERTSON HS,6996,007552,0.08980173,code_token_name,high,0.993
2006,2000,ROBERTSON,01 1 E ROBERTSON HS,6996,007563,0.00039778,code_token_name,high,0.993
2006,2000,ROBERTSON,01 1 E ROBERTSON HS,6996,007562,8.715e-05,code_token_name,high,0.993
2006,2000,ROBERTSON,01 1 E ROBERTSON HS,6996,007553,7.557e-05,code_token_name,high,0.993
2006,2000,ROBERTSON,01 2 ORLINDA CC,6996,007551,0.90963777,code_token_name,high,0.993
2006,2000,ROBERTSON,01 2 ORLINDA CC,6996,007552,0.08980173,code_token_name,high,0.993
2006,2000,ROBERTSON,01 2 ORLINDA CC,6996,007563,0.00039778,code_token_name,high,0.993
2006,2000,ROBERTSON,01 2 ORLINDA CC,6996,007562,8.715e-05,code_token_name,high,0.993
2006,2000,ROBERTSON,01 2 ORLINDA CC,6996,007553,7.557e-05,code_token_name,high,0.993
2006,2000,ROBERTSON,02 1 CHURCH AT GRACE,7044,007552,0.3936158,code_token_name,high,0.993
2006,2000,ROBERTSON,02 1 CHURCH AT GRACE,7044,007553,0.36342771,code_token_name,high,0.993
2006,2000,ROBERTSON,02 1 CHURCH AT GRACE,7044,007551,0.13803451,code_token_name,high,0.993
2006,2000,ROBERTSON,02 1 CHURCH AT GRACE,7044,007563,0.08039715,code_token_name,high,0.993
2006,2000,ROBERTSON,02 1 CHURCH AT GRACE,7044,007554,0.02452483,code_token_name,high,0.993
2006,2000,ROBERTSON,03 1 SO HAVEN CHRIST,7032,007560,0.35542653,code_token_name,high,0.993
2006,2000,ROBERTSON,03 1 SO HAVEN CHRIST,7032,007553,0.23617423,code_token_name,high,0.993
2006,2000,ROBERTSON,03 1 SO HAVEN CHRIST,7032,007565,0.20740257,code_token_name,high,0.993
2006,2000,ROBERTSON,03 1 SO HAVEN CHRIST,7032,007564,0.13501048,code_token_name,high,0.993
2006,2000,ROBERTSON,03 1 SO HAVEN CHRIST,7032,007554,0.04509381,code_token_name,high,0.993
2006,2000,ROBERTSON,03 1 SO HAVEN CHRIST,7032,007555,0.01993996,code_token_name,high,0.993
2006,2000,ROBERTSON,03 1 SO HAVEN CHRIST,7032,007563,0.00095242,code_token_name,high,0.993
2006,2000,ROBERTSON,03 2 BETHLEHEM BAPT,7032,007560,0.35542653,code_token_name,high,0.993
2006,2000,ROBERTSON,03 2 BETHLEHEM BAPT,7032,007553,0.23617423,code_token_name,high,0.993
2006,2000,ROBERTSON,03 2 BETHLEHEM BAPT,7032,007565,0.20740257,code_token_name,high,0.993
2006,2000,ROBERTSON,03 2 BETHLEHEM BAPT,7032,007564,0.13501048,code_token_name,high,0.993
2006,2000,ROBERTSON,03 2 BETHLEHEM BAPT,7032,007554,0.04509381,code_token_name,high,0.993
2006,2000,ROBERTSON,03 2 BETHLEHEM BAPT,7032,007555,0.01993996,code_token_name,high,0.993
2006,2000,ROBERTSON,03 2 BETHLEHEM BAPT,7032,007563,0.00095242,code_token_name,high,0.993
2006,2000,ROBERTSON,04 1 RIDGETOP ADVENT,7035,007554,0.9356193,code_token_name,high,0.993
2006,2000,ROBERTSON,04 1 RIDGETOP ADVENT,7035,007553,0.06391236,code_token_name,high,0.993
2006,2000,ROBERTSON,04 1 RIDGETOP ADVENT,7035,007555,0.00016944,code_token_name,high,0.993
2006,2000,ROBERTSON,04 1 RIDGETOP ADVENT,7035,007560,0.00015715,code_token_name,high,0.993
2006,2000,ROBERTSON,04 1 RIDGETOP ADVENT,7035,007552,0.00013851,code_token_name,high,0.993
2006,2000,ROBERTSON,04 1 RIDGETOP ADVENT,7035,007556,3.23e-06,code_token_name,high,0.993
2006,2000,ROBERTSON,05 1 GREEN RIDGE,7004,007555,0.85962268,code_token_name,high,0.993
2006,2000,ROBERTSON,05 1 GREEN RIDGE,7004,007560,0.07231111,code_token_name,high,0.993
2006,2000,ROBERTSON,05 1 GREEN RIDGE,7004,007554,0.04652828,code_token_name,high,0.993
2006,2000,ROBERTSON,05 1 GREEN RIDGE,7004,007565,0.02151355,code_token_name,high,0.993
2006,2000,ROBERTSON,05 1 GREEN RIDGE,7004,007556,2.437e-05,code_token_name,high,0.993
2006,2000,ROBERTSON,06 1 COOPERTOWN SCH,6992,007557,0.52953935,code_token_name,high,0.993
2006,2000,ROBERTSON,06 1 COOPERTOWN SCH,6992,007566,0.28993076,code_token_name,high,0.993
2006,2000,ROBERTSON,06 1 COOPERTOWN SCH,6992,007558,0.15837231,code_token_name,high,0.993
2006,2000,ROBERTSON,06 1 COOPERTOWN SCH,6992,007556,0.02213044,code_token_name,high,0.993
2006,2000,ROBERTSON,06 1 COOPERTOWN SCH,6992,007565,2.714e-05,code_token_name,high,0.993
2006,2000,ROBERTSON,06 2 MT SHARON C P,7012,007556,0.81797207,prefix_name,high,0.995
2006,2000,ROBERTSON,06 2 MT SHARON C P,7012,007565,0.116107,prefix_name,high,0.995
2006,2000,ROBERTSON,06 2 MT SHARON C P,7012,007554,0.06557341,prefix_name,high,0.995
2006,2000,ROBERTSON,06 2 MT SHARON C P,7012,007557,0.00021293,prefix_name,high,0.995
2006,2000,ROBERTSON,06 2 MT SHARON C P,7012,007555,0.0001346,prefix_name,high,0.995
2006,2000,ROBERTSON,07 1 ADAMS METHODIST,6972,007559,0.99963499,prefix_name,high,0.995
2006,2000,ROBERTSON,07 1 ADAMS METHODIST,6972,007558,0.00036501,prefix_name,high,0.995
2006,2000,ROBERTSON,07 2 CEDAR HILL CC,6972,007559,0.99963499,code_token_name,high,0.993
2006,2000,ROBERTSON,07 2 CEDAR HILL CC,6972,007558,0.00036501,code_token_name,high,0.993
2006,2000,ROBERTSON,07 3 STROUDSVILLE CH,7028,007558,0.99797858,prefix_name,high,0.995
2006,2000,ROBERTSON,07 3 STROUDSVILLE CH,7028,007559,0.00130138,prefix_name,high,0.995
2006,2000,ROBERTSON,07 3 STROUDSVILLE CH,7028,007567,0.00042193,prefix_name,high,0.995
2006,2000,ROBERTSON,07 3 STROUDSVILLE CH,7028,007566,0.0002981,prefix_name,high,0.995
2006,2000,ROBERTSON,08 1 KRISLE SCHOOL,7008,007562,0.92726982,exact_name,high,1.0
2006,2000,ROBERTSON,08 1 KRISLE SCHOOL,7008,007551,0.07162453,exact_name,high,1.0
2006,2000,ROBERTSON,08 1 KRISLE SCHOOL,7008,007563,0.00056797,exact_name,high,1.0
2006,2000,ROBERTSON,08 1 KRISLE SCHOOL,7008,007561,0.00053768,exact_name,high,1.0
2006,2000,ROBERTSON,08 2 HATS,7020,007561,0.9330167,exact_name,high,1.0
2006,2000,ROBERTSON,08 2 HATS,7020,007562,0.06661538,exact_name,high,1.0
2006,2000,ROBERTSON,08 2 HATS,7020,007567,0.00015282,exact_name,high,1.0
2006,2000,ROBERTSON,08 2 HATS,7020,007559,0.00014637,exact_name,high,1.0
2006,2000,ROBERTSON,08 2 HATS,7020,007563,3.471e-05,exact_name,high,1.0
2006,2000,ROBERTSON,08 2 HATS,7020,007564,3.401e-05,exact_name,high,1.0
2006,2000,ROBERTSON,08 3 OWENS CHAPEL,0013,0013,1.0,exact_name,high,1.0
2006,2000,ROBERTSON,09 1 ROBERTSON FAIR,6988,007564,0.67117276,code_token_name,high,0.993
2006,2000,ROBERTSON,09 1 ROBERTSON FAIR,6988,007563,0.28187892,code_token_name,high,0.993
2006,2000,ROBERTSON,09 1 ROBERTSON FAIR,6988,007568,0.04575014,code_token_name,high,0.993
2006,2000,ROBERTSON,09 1 ROBERTSON FAIR,6988,007562,0.00041342,code_token_name,high,0.993
2006,2000,ROBERTSON,09 1 ROBERTSON FAIR,6988,007567,0.00032004,code_token_name,high,0.993
2006,2000,ROBERTSON,09 1 ROBERTSON FAIR,6988,007565,0.00027448,code_token_name,high,0.993
2006,2000,ROBERTSON,09 1 ROBERTSON FAIR,6988,007561,0.00019023,code_token_name,high,0.993
2006,2000,ROBERTSON,10 1 OLOL CATHOLIC,6980,007565,0.75993034,code_token_name,high,0.993
2006,2000,ROBERTSON,10 1 OLOL CATHOLIC,6980,007568,0.17928789,code_token_name,high,0.993
2006,2000,ROBERTSON,10 1 OLOL CATHOLIC,6980,007564,0.06078177,code_token_name,high,0.993
2006,2000,ROBERTSON,11 1 WESTSIDE SCH,7040,007567,0.73139719,code_token_name,high,0.993
2006,2000,ROBERTSON,11 1 WESTSIDE SCH,7040,007566,0.2645272,code_token_name,high,0.993
2006,2000,ROBERTSON,11 1 WESTSIDE SCH,7040,007568,0.00348698,code_token_name,high,0.993
2006,2000,ROBERTSON,11 1 WESTSIDE SCH,7040,007558,0.00025409,code_token_name,high,0.993
2006,2000,ROBERTSON,11 1 WESTSIDE SCH,7040,007557,0.00017399,code_token_name,high,0.993
2006,2000,ROBERTSON,11 1 WESTSIDE SCH,7040,007564,0.00012065,code_token_name,high,0.993
2006,2000,ROBERTSON,11 1 WESTSIDE SCH,7040,007565,3.99e-05,code_token_name,high,0.993
2006,2000,ROBERTSON,12 1 BRANSFORD SCH,6976,007565,0.7202128,code_token_name,high,0.993
2006,2000,ROBERTSON,12 1 BRANSFORD SCH,6976,007568,0.27908088,code_token_name,high,0.993
2006,2000,ROBERTSON,12 1 BRANSFORD SCH,6976,007567,0.00029031,code_token_name,high,0.993
2006,2000,ROBERTSON,12 1 BRANSFORD SCH,6976,007557,0.00027208,code_token_name,high,0.993
2006,2000,ROBERTSON,12 1 BRANSFORD SCH,6976,007556,0.00014393,code_token_name,high,0.993
2006,2000,RUTHERFORD,1 1 LAVERGNE CITY,0001,0001,1.0,code_token_name,high,0.993
2006,2000,RUTHERFORD,1 2 ROY WALDRON SCH,0001,0001,1.0,code_token_name,high,0.993
2006,2000,RUTHERFORD,10 1 CEDAR GROVE ELE,0014,0014,1.0,code_token_name,high,0.993
2006,2000,RUTHERFORD,10 2 STEWARTSBORO,0014,0014,1.0,code_token_name,high,0.993
2006,2000,RUTHERFORD,10 3 ROCK SPGS III,0014,0014,1.0,code_token_name,high,0.993
2006,2000,RUTHERFORD,11 1 SMYRNA FIREHALL,0016,0016,1.0,code_token_name,high,0.993
2006,2000,RUTHERFORD,12 1 NISSAN FIREHALL,0018,0018,1.0,code_token_name,high,0.993
2006,2000,RUTHERFORD,13 1 BELLWOOD SCHOOL,0020,0020,1.0,code_token_name,high,0.993
2006,2000,RUTHERFORD,13 2 CASON LANE ACAD,0020,0020,1.0,code_token_name,high,0.993
2006,2000,RUTHERFORD,14 1 NORTHFIELD ELEM,0021,0021,1.0,code_token_name,high,0.993
2006,2000,RUTHERFORD,14 2 SIEGAL ELEM,0021,0021,1.0,code_token_name,high,0.993
2006,2000,RUTHERFORD,15 1 SPORTSCOM,0023,0023,1.0,code_token_name,high,0.993
2006,2000,RUTHERFORD,16 1 CENTRAL MID SCH,0025,0025,1.0,code_token_name,high,0.993
2006,2000,RUTHERFORD,16 2 MITCHELL N ELEM,0025,0025,1.0,code_token_name,high,0.993
2006,2000,RUTHERFORD,17 1 REEVES ROGERS,0027,0027,1.0,code_token_name,high,0.993
2006,2000,RUTHERFORD,18 1 PATTERSON PARK,0028,0028,1.0,code_token_name,high,0.993
2006,2000,RUTHERFORD,18 2 WILDERNESS II,0028,0028,1.0,code_token_name,high,0.993
2006,2000,RUTHERFORD,18 3 WILDERNESS III,0028,0028,1.0,code_token_name,high,0.993
2006,2000,RUTHERFORD,19 1 MITCHELL N PRIM,0030,0030,1.0,code_token_name,high,0.993
2006,2000,RUTHERFORD,19 2 SEIGEL MID SCH,0030,0030,1.0,code_token_name,high,0.993
2006,2000,RUTHERFORD,19 3 LANE AGRI PARK,0030,0030,1.0,code_token_name,high,0.993
2006,2000,RUTHERFORD,2 1 LASCASSAS SCH,0002,0002,1.0,code_token_name,high,0.993
2006,2000,RUTHERFORD,2 2 WALTER HILL SCH,0002,0002,1.0,code_token_name,high,0.993
2006,2000,RUTHERFORD,2 3 MILTON FIRE HALL,0002,0002,1.0,code_token_name,high,0.993
2006,2000,RUTHERFORD,20 1 JOYWOOD CHURCH,0031,0031,1.0,code_token_name,high,0.993
2006,2000,RUTHERFORD,20 2 FLORENCE FIREHA,0031,0031,1.0,code_token_name,high,0.993
2006,2000,RUTHERFORD,21 1 HOBGOOD SCHOOL,0032,0032,1.0,code_token_name,high,0.993
2006,2000,RUTHERFORD,3 1 LEANNA CC,0004,0004,1.0,code_token_name,high,0.993
2006,2000,RUTHERFORD,3 2 NISSAN ACTIVITY,0004,0004,1.0,code_token_name,high,0.993
2006,2000,RUTHERFORD,3 3 WILSON ELEM SCH,0004,0004,1.0,code_token_name,high,0.993
2006,2000,RUTHERFORD,3 4 FLORENCE BAPTIST,0004,0004,1.0,code_token_name,high,0.993
2006,2000,RUTHERFORD,4 1 ADVENT LUTHERAN,0006,0006,1.0,code_token_name,high,0.993
2006,2000,RUTHERFORD,4 2 BUD S TIRE SHOP,0006,0006,1.0,code_token_name,high,0.993
2006,2000,RUTHERFORD,4 3 KITTRELL SCH IV,0006,0006,1.0,code_token_name,high,0.993
2006,2000,RUTHERFORD,4 4 OAKLAND HS,0006,0006,1.0,code_token_name,high,0.993
2006,2000,RUTHERFORD,5 1 LAVERGNE CIVIC,0008,0008,1.0,code_token_name,high,0.993
2006,2000,RUTHERFORD,6 1 BUCHANAN SCHOOL,0009,0009,1.0,code_token_name,high,0.993
2006,2000,RUTHERFORD,6 2 CHRISTIANA SCH,0009,0009,1.0,code_token_name,high,0.993
2006,2000,RUTHERFORD,6 3 KITTRELL SCH VI,0009,0009,1.0,code_token_name,high,0.993
2006,2000,RUTHERFORD,7 1 BLACKMAN ELEM,0011,0011,1.0,code_token_name,high,0.993
2006,2000,RUTHERFORD,7 2 RIVERDALE HS,0011,0011,1.0,code_token_name,high,0.993
2006,2000,RUTHERFORD,7 3 MID TN ELECTRIC,0011,0011,1.0,code_token_name,high,0.993
2006,2000,RUTHERFORD,8 1 ALMAVILLE CC,0012,0012,1.0,code_token_name,high,0.993
2006,2000,RUTHERFORD,8 2 EAGLEVILLE CC,0012,0012,1.0,code_token_name,high,0.993
2006,2000,RUTHERFORD,8 3 LEBANON CHURCH,0012,0012,1.0,code_token_name,high,0.993
2006,2000,RUTHERFORD,8 4 ROCKVALE CC,0012,0012,1.0,code_token_name,high,0.993
2006,2000,RUTHERFORD,9 1 ALMAVILLE FIRE H,0013,0013,1.0,code_token_name,high,0.993
2006,2000,RUTHERFORD,9 2 ROCK SPGS II,0013,0013,1.0,code_token_name,high,0.993
2006,2000,SCOTT,1 1 FAIRVIEW,7196,007754,0.99959497,exact_name,high,1.0
2006,2000,SCOTT,1 1 FAIRVIEW,7196,007753,0.00028574,exact_name,high,1.0
2006,2000,SCOTT,1 1 FAIRVIEW,7196,007751,0.00011929,exact_name,high,1.0
2006,2000,SCOTT,2 1 ELGIN,7192,007758,0.99857976,exact_name,high,1.0
2006,2000,SCOTT,2 1 ELGIN,7192,007751,0.00098508,exact_name,high,1.0
2006,2000,SCOTT,2 1 ELGIN,7192,007757,0.00027471,exact_name,high,1.0
2006,2000,SCOTT,2 1 ELGIN,7192,007752,0.00016045,exact_name,high,1.0
2006,2000,SCOTT,2 2 ROBBINS,7220,007751,0.98991927,exact_name,high,1.0
2006,2000,SCOTT,2 2 ROBBINS,7220,007754,0.00923971,exact_name,high,1.0
2006,2000,SCOTT,2 2 ROBBINS,7220,007758,0.00082417,exact_name,high,1.0
2006,2000,SCOTT,2 2 ROBBINS,7220,007753,1.686e-05,exact_name,high,1.0
2006,2000,SCOTT,3 1 HUNTSVILLE,7204,007753,0.92891044,exact_name,high,1.0
2006,2000,SCOTT,3 1 HUNTSVILLE,7204,007752,0.04290892,exact_name,high,1.0
2006,2000,SCOTT,3 1 HUNTSVILLE,7204,007751,0.02714466,exact_name,high,1.0
2006,2000,SCOTT,3 1 HUNTSVILLE,7204,007754,0.00066474,exact_name,high,1.0
2006,2000,SCOTT,3 1 HUNTSVILLE,7204,007759,0.00037124,exact_name,high,1.0
2006,2000,SCOTT,3 2 PAINT ROCK,7212,007759,0.9956839,exact_name,high,1.0
2006,2000,SCOTT,3 2 PAINT ROCK,7212,007760,0.00211371,exact_name,high,1.0
2006,2000,SCOTT,3 2 PAINT ROCK,7212,007753,0.0015875,exact_name,high,1.0
2006,2000,SCOTT,3 2 PAINT ROCK,7212,007752,0.00057678,exact_name,high,1.0
2006,2000,SCOTT,3 2 PAINT ROCK,7212,007756,3.811e-05,exact_name,high,1.0
2006,2000,SCOTT,4 1 HELENWOOD,7200,007752,0.95167404,exact_name,high,1.0
2006,2000,SCOTT,4 1 HELENWOOD,7200,007751,0.04751329,exact_name,high,1.0
2006,2000,SCOTT,4 1 HELENWOOD,7200,007757,0.00029911,exact_name,high,1.0
2006,2000,SCOTT,4 1 HELENWOOD,7200,007756,0.00017302,exact_name,high,1.0
2006,2000,SCOTT,4 1 HELENWOOD,7200,007759,0.00011753,exact_name,high,1.0
2006,2000,SCOTT,4 1 HELENWOOD,7200,007753,0.00011315,exact_name,high,1.0
2006,2000,SCOTT,4 1 HELENWOOD,7200,007758,0.00010987,exact_name,high,1.0
2006,2000,SCOTT,5 1 PINE HILL,7216,007760,0.81989356,exact_name,high,1.0
2006,2000,SCOTT,5 1 PINE HILL,7216,007754,0.17419165,exact_name,high,1.0
2006,2000,SCOTT,5 1 PINE HILL,7216,007755,0.0056141,exact_name,high,1.0
2006,2000,SCOTT,5 1 PINE HILL,7216,007759,0.00020307,exact_name,high,1.0
2006,2000,SCOTT,5 1 PINE HILL,7216,007756,9.762e-05,exact_name,high,1.0
2006,2000,SCOTT,5 2 WINFIELD,7228,007755,0.99923028,exact_name,high,1.0
2006,2000,SCOTT,5 2 WINFIELD,7228,007760,0.00053776,exact_name,high,1.0
2006,2000,SCOTT,5 2 WINFIELD,7228,007756,0.00017601,exact_name,high,1.0
2006,2000,SCOTT,5 2 WINFIELD,7228,007757,5.595e-05,exact_name,high,1.0
2006,2000,SCOTT,6 1 ONEIDA,7208,007756,0.98895442,exact_name,high,1.0
2006,2000,SCOTT,6 1 ONEIDA,7208,007760,0.00590465,exact_name,high,1.0
2006,2000,SCOTT,6 1 ONEIDA,7208,007757,0.00228935,exact_name,high,1.0
2006,2000,SCOTT,6 1 ONEIDA,7208,007759,0.0014627,exact_name,high,1.0
2006,2000,SCOTT,6 1 ONEIDA,7208,007755,0.0007342,exact_name,high,1.0
2006,2000,SCOTT,6 1 ONEIDA,7208,007752,0.00065467,exact_name,high,1.0
2006,2000,SCOTT,7 1 WEST ONEIDA,7232,007757,0.93053393,exact_name,high,1.0
2006,2000,SCOTT,7 1 WEST ONEIDA,7232,007756,0.06897422,exact_name,high,1.0
2006,2000,SCOTT,7 1 WEST ONEIDA,7232,007755,0.00026947,exact_name,high,1.0
2006,2000,SCOTT,7 1 WEST ONEIDA,7232,007752,0.0001351,exact_name,high,1.0
2006,2000,SCOTT,7 1 WEST ONEIDA,7232,007758,8.729e-05,exact_name,high,1.0
2006,2000,SEQUATCHIE,1 LEWIS CHAPEL,7240,007851,0.99972658,exact_name,high,1.0
2006,2000,SEQUATCHIE,1 LEWIS CHAPEL,7240,007852,0.00027342,exact_name,high,1.0
2006,2000,SEQUATCHIE,1 WELCH CHAPEL,7240,007851,0.99972658,code_token_name,high,0.993
2006,2000,SEQUATCHIE,1 WELCH CHAPEL,7240,007852,0.00027342,code_token_name,high,0.993
2006,2000,SEQUATCHIE,2 CAGLE,7250,007855,0.50419586,exact_name,high,1.0
2006,2000,SEQUATCHIE,2 CAGLE,7250,007856,0.49580414,exact_name,high,1.0
2006,2000,SEQUATCHIE,2 FREDONIA,7262,007856,0.99920545,exact_name,high,1.0
2006,2000,SEQUATCHIE,2 FREDONIA,7262,007854,0.00075027,exact_name,high,1.0
2006,2000,SEQUATCHIE,2 FREDONIA,7262,007855,4.428e-05,exact_name,high,1.0
2006,2000,SEQUATCHIE,3 ELECTRIC CO OP,0004,0004,1.0,exact_name,high,1.0
2006,2000,SEQUATCHIE,4 COURTHOUSE ANNEX,7252,007859,0.91703258,code_token_name,high,0.993
2006,2000,SEQUATCHIE,4 COURTHOUSE ANNEX,7252,007857,0.06611088,code_token_name,high,0.993
2006,2000,SEQUATCHIE,4 COURTHOUSE ANNEX,7252,007858,0.0152414,code_token_name,high,0.993
2006,2000,SEQUATCHIE,4 COURTHOUSE ANNEX,7252,007853,0.00161514,code_token_name,high,0.993
2006,2000,SEQUATCHIE,5 CHAPEL HILL,7244,007852,0.51525065,exact_name,high,1.0
2006,2000,SEQUATCHIE,5 CHAPEL HILL,7244,007853,0.38506607,exact_name,high,1.0
2006,2000,SEQUATCHIE,5 CHAPEL HILL,7244,007851,0.0637447,exact_name,high,1.0
2006,2000,SEQUATCHIE,5 CHAPEL HILL,7244,007857,0.03588122,exact_name,high,1.0
2006,2000,SEQUATCHIE,5 CHAPEL HILL,7244,007859,5.636e-05,exact_name,high,1.0
2006,2000,SEQUATCHIE,5 CHAPEL HILL,7244,007854,1e-06,exact_name,high,1.0
2006,2000,SEQUATCHIE,6 DAUS,7256,007854,0.78202009,exact_name,high,1.0
2006,2000,SEQUATCHIE,6 DAUS,7256,007853,0.17437227,exact_name,high,1.0
2006,2000,SEQUATCHIE,6 DAUS,7256,007857,0.04333873,exact_name,high,1.0
2006,2000,SEQUATCHIE,6 DAUS,7256,007856,0.00026891,exact_name,high,1.0
2006,2000,SEQUATCHIE,7 HIGH SCHOOL,7272,007854,0.66421097,exact_name,high,1.0
2006,2000,SEQUATCHIE,7 HIGH SCHOOL,7272,007853,0.1689651,exact_name,high,1.0
2006,2000,SEQUATCHIE,7 HIGH SCHOOL,7272,007857,0.09942121,exact_name,high,1.0
2006,2000,SEQUATCHIE,7 HIGH SCHOOL,7272,007856,0.06740272,exact_name,high,1.0
2006,2000,SEQUATCHIE,8 LONE OAK,0008,0008,1.0,exact_name,high,1.0
2006,2000,SEVIER,1 1 CATON S CHAPEL,0004,0004,1.0,exact_name,high,1.0
2006,2000,SEVIER,1 2 JONES COVE,0010,0010,1.0,exact_name,high,1.0
2006,2000,SEVIER,10 1 BOYDS CREEK,0001,0001,1.0,exact_name,high,1.0
2006,2000,SEVIER,10 2 ADULT HS WHITES,7344,007967,0.67870333,code_token_name,high,0.993
2006,2000,SEVIER,10 2 ADULT HS WHITES,7344,007966,0.18876321,code_token_name,high,0.993
2006,2000,SEVIER,10 2 ADULT HS WHITES,7344,007961,0.10496048,code_token_name,high,0.993
2006,2000,SEVIER,10 2 ADULT HS WHITES,7344,007965,0.02633396,code_token_name,high,0.993
2006,2000,SEVIER,10 2 ADULT HS WHITES,7344,007969,0.00064731,code_token_name,high,0.993
2006,2000,SEVIER,10 2 ADULT HS WHITES,7344,007968,0.0005917,code_token_name,high,0.993
2006,2000,SEVIER,10 3 DUPONT CC,7344,007967,0.67870333,code_token_name,high,0.993
2006,2000,SEVIER,10 3 DUPONT CC,7344,007966,0.18876321,code_token_name,high,0.993
2006,2000,SEVIER,10 3 DUPONT CC,7344,007961,0.10496048,code_token_name,high,0.993
2006,2000,SEVIER,10 3 DUPONT CC,7344,007965,0.02633396,code_token_name,high,0.993
2006,2000,SEVIER,10 3 DUPONT CC,7344,007969,0.00064731,code_token_name,high,0.993
2006,2000,SEVIER,10 3 DUPONT CC,7344,007968,0.0005917,code_token_name,high,0.993
2006,2000,SEVIER,11 1 GATLINBURG AMER,7356,007956,0.99727838,prefix_name,high,0.995
2006,2000,SEVIER,11 1 GATLINBURG AMER,7356,007957,0.00242674,prefix_name,high,0.995
2006,2000,SEVIER,11 1 GATLINBURG AMER,7356,007951,0.00016379,prefix_name,high,0.995
2006,2000,SEVIER,11 1 GATLINBURG AMER,7356,007958,0.00013108,prefix_name,high,0.995
2006,2000,SEVIER,11 2 PITTMAN CENTER,0014,0014,1.0,exact_name,high,1.0
2006,2000,SEVIER,2 1 WALDENS CREEK,0021,0021,1.0,exact_name,high,1.0
2006,2000,SEVIER,2 2 WEARWOOD SCHOOL,7300,007958,0.9506953,exact_name,high,1.0
2006,2000,SEVIER,2 2 WEARWOOD SCHOOL,7300,007956,0.03500155,exact_name,high,1.0
2006,2000,SEVIER,2 2 WEARWOOD SCHOOL,7300,007957,0.00969449,exact_name,high,1.0
2006,2000,SEVIER,2 2 WEARWOOD SCHOOL,7300,007959,0.00460866,exact_name,high,1.0
2006,2000,SEVIER,3 1 NEW CENTER,0013,0013,1.0,exact_name,high,1.0
2006,2000,SEVIER,3 2 HARRISBURG,0009,0009,1.0,exact_name,high,1.0
2006,2000,SEVIER,4 1 PIGEON FORGE MS,7312,007957,0.7625127,code_token_name,high,0.993
2006,2000,SEVIER,4 1 PIGEON FORGE MS,7312,007975,0.12519376,code_token_name,high,0.993
2006,2000,SEVIER,4 1 PIGEON FORGE MS,7312,007958,0.05503427,code_token_name,high,0.993
2006,2000,SEVIER,4 1 PIGEON FORGE MS,7312,007959,0.04014448,code_token_name,high,0.993
2006,2000,SEVIER,4 1 PIGEON FORGE MS,7312,007963,0.00844791,code_token_name,high,0.993
2006,2000,SEVIER,4 1 PIGEON FORGE MS,7312,007972,0.00842723,code_token_name,high,0.993
2006,2000,SEVIER,4 1 PIGEON FORGE MS,7312,007961,0.00014641,code_token_name,high,0.993
2006,2000,SEVIER,4 1 PIGEON FORGE MS,7312,007953,8.083e-05,code_token_name,high,0.993
2006,2000,SEVIER,4 1 PIGEON FORGE MS,7312,007962,1.241e-05,code_token_name,high,0.993
2006,2000,SEVIER,5 1 SEVIERVILLE MID,7316,007963,0.9290602,code_token_name,high,0.993
2006,2000,SEVIER,5 1 SEVIERVILLE MID,7316,007975,0.04152128,code_token_name,high,0.993
2006,2000,SEVIER,5 1 SEVIERVILLE MID,7316,007962,0.02790085,code_token_name,high,0.993
2006,2000,SEVIER,5 1 SEVIERVILLE MID,7316,007964,0.00108454,code_token_name,high,0.993
2006,2000,SEVIER,5 1 SEVIERVILLE MID,7316,007957,0.00041804,code_token_name,high,0.993
2006,2000,SEVIER,5 1 SEVIERVILLE MID,7316,007954,1.509e-05,code_token_name,high,0.993
2006,2000,SEVIER,5 2 FAIRGROUNDS,7316,007963,0.9290602,code_token_name,high,0.993
2006,2000,SEVIER,5 2 FAIRGROUNDS,7316,007975,0.04152128,code_token_name,high,0.993
2006,2000,SEVIER,5 2 FAIRGROUNDS,7316,007962,0.02790085,code_token_name,high,0.993
2006,2000,SEVIER,5 2 FAIRGROUNDS,7316,007964,0.00108454,code_token_name,high,0.993
2006,2000,SEVIER,5 2 FAIRGROUNDS,7316,007957,0.00041804,code_token_name,high,0.993
2006,2000,SEVIER,5 2 FAIRGROUNDS,7316,007954,1.509e-05,code_token_name,high,0.993
2006,2000,SEVIER,6 1 SEYMOUR INTMDTE,7324,007968,0.88889272,prefix_name,high,0.995
2006,2000,SEVIER,6 1 SEYMOUR INTMDTE,7324,007967,0.11097199,prefix_name,high,0.995
2006,2000,SEVIER,6 1 SEYMOUR INTMDTE,7324,007965,0.00013529,prefix_name,high,0.995
2006,2000,SEVIER,7 1 CATLETTSBURG,7328,007966,0.75953089,exact_name,high,1.0
2006,2000,SEVIER,7 1 CATLETTSBURG,7328,007973,0.2090638,exact_name,high,1.0
2006,2000,SEVIER,7 1 CATLETTSBURG,7328,007969,0.02081507,exact_name,high,1.0
2006,2000,SEVIER,7 1 CATLETTSBURG,7328,007974,0.00998942,exact_name,high,1.0
2006,2000,SEVIER,7 1 CATLETTSBURG,7328,007964,0.00042185,exact_name,high,1.0
2006,2000,SEVIER,7 1 CATLETTSBURG,7328,007961,0.00015685,exact_name,high,1.0
2006,2000,SEVIER,7 1 CATLETTSBURG,7328,007967,2.212e-05,exact_name,high,1.0
2006,2000,SEVIER,7 2 VM WAREHOUSE,7328,007966,0.75953089,code_token_name,high,0.993
2006,2000,SEVIER,7 2 VM WAREHOUSE,7328,007973,0.2090638,code_token_name,high,0.993
2006,2000,SEVIER,7 2 VM WAREHOUSE,7328,007969,0.02081507,code_token_name,high,0.993
2006,2000,SEVIER,7 2 VM WAREHOUSE,7328,007974,0.00998942,code_token_name,high,0.993
2006,2000,SEVIER,7 2 VM WAREHOUSE,7328,007964,0.00042185,code_token_name,high,0.993
2006,2000,SEVIER,7 2 VM WAREHOUSE,7328,007961,0.00015685,code_token_name,high,0.993
2006,2000,SEVIER,7 2 VM WAREHOUSE,7328,007967,2.212e-05,code_token_name,high,0.993
2006,2000,SEVIER,8 1 KODAK,0011,0011,1.0,exact_name,high,1.0
2006,2000,SEVIER,8 2 UNDERWOOD,0020,0020,1.0,exact_name,high,1.0
2006,2000,SEVIER,9 1 SEYMOUR PRIMARY,0019,0019,1.0,exact_name,high,1.0
2006,2000,SHELBY,ARLINGTON,7384,008051,0.51321728,exact_name,high,1.0
2006,2000,SHELBY,ARLINGTON,7384,008052,0.48536363,exact_name,high,1.0
2006,2000,SHELBY,ARLINGTON,7384,008270,0.00102127,exact_name,high,1.0
2006,2000,SHELBY,ARLINGTON,7384,008096,0.00022135,exact_name,high,1.0
2006,2000,SHELBY,ARLINGTON,7384,008081,0.0001641,exact_name,high,1.0
2006,2000,SHELBY,ARLINGTON,7384,008259,1.238e-05,exact_name,high,1.0
2006,2000,SHELBY,BARTLETT 01,7388,008057,0.98635151,exact_name,high,1.0
2006,2000,SHELBY,BARTLETT 01,7388,008232,0.01071182,exact_name,high,1.0
2006,2000,SHELBY,BARTLETT 01,7388,008231,0.0028209,exact_name,high,1.0
2006,2000,SHELBY,BARTLETT 01,7388,008058,0.00011457,exact_name,high,1.0
2006,2000,SHELBY,BARTLETT 01,7388,008233,1.21e-06,exact_name,high,1.0
2006,2000,SHELBY,BARTLETT 02,7392,008053,0.99351415,exact_name,high,1.0
2006,2000,SHELBY,BARTLETT 02,7392,008054,0.00386733,exact_name,high,1.0
2006,2000,SHELBY,BARTLETT 02,7392,008252,0.0016793,exact_name,high,1.0
2006,2000,SHELBY,BARTLETT 02,7392,008057,0.00050966,exact_name,high,1.0
2006,2000,SHELBY,BARTLETT 02,7392,008233,0.00029378,exact_name,high,1.0
2006,2000,SHELBY,BARTLETT 02,7392,008056,7.374e-05,exact_name,high,1.0
2006,2000,SHELBY,BARTLETT 02,7392,008236,6.205e-05,exact_name,high,1.0
2006,2000,SHELBY,BARTLETT 03,7396,008054,0.99937052,exact_name,high,1.0
2006,2000,SHELBY,BARTLETT 03,7396,008058,0.00028493,exact_name,high,1.0
2006,2000,SHELBY,BARTLETT 03,7396,008053,0.00024122,exact_name,high,1.0
2006,2000,SHELBY,BARTLETT 03,7396,008060,9.503e-05,exact_name,high,1.0
2006,2000,SHELBY,BARTLETT 03,7396,008056,8.31e-06,exact_name,high,1.0
2006,2000,SHELBY,BARTLETT 04,7400,008055,0.9958681,exact_name,high,1.0
2006,2000,SHELBY,BARTLETT 04,7400,008066,0.00212672,exact_name,high,1.0
2006,2000,SHELBY,BARTLETT 04,7400,008063,0.00129762,exact_name,high,1.0
2006,2000,SHELBY,BARTLETT 04,7400,008060,0.00062689,exact_name,high,1.0
2006,2000,SHELBY,BARTLETT 04,7400,008054,7.785e-05,exact_name,high,1.0
2006,2000,SHELBY,BARTLETT 04,7400,008058,2.82e-06,exact_name,high,1.0
2006,2000,SHELBY,BARTLETT 05,7404,008056,0.9982834,exact_name,high,1.0
2006,2000,SHELBY,BARTLETT 05,7404,008065,0.00102309,exact_name,high,1.0
2006,2000,SHELBY,BARTLETT 05,7404,008066,0.00048134,exact_name,high,1.0
2006,2000,SHELBY,BARTLETT 05,7404,008097,0.00010682,exact_name,high,1.0
2006,2000,SHELBY,BARTLETT 05,7404,008079,6.332e-05,exact_name,high,1.0
2006,2000,SHELBY,BARTLETT 05,7404,008060,3.323e-05,exact_name,high,1.0
2006,2000,SHELBY,BARTLETT 05,7404,008252,6.4e-06,exact_name,high,1.0
2006,2000,SHELBY,BARTLETT 05,7404,008054,2.4e-06,exact_name,high,1.0
2006,2000,SHELBY,BARTLETT 06,7408,008064,0.58046222,exact_name,high,1.0
2006,2000,SHELBY,BARTLETT 06,7408,008061,0.4171141,exact_name,high,1.0
2006,2000,SHELBY,BARTLETT 06,7408,008231,0.00081019,exact_name,high,1.0
2006,2000,SHELBY,BARTLETT 06,7408,008057,0.000653,exact_name,high,1.0
2006,2000,SHELBY,BARTLETT 06,7408,008099,0.00046905,exact_name,high,1.0
2006,2000,SHELBY,BARTLETT 06,7408,008239,0.00033205,exact_name,high,1.0
2006,2000,SHELBY,BARTLETT 06,7408,008063,0.00011507,exact_name,high,1.0
2006,2000,SHELBY,BARTLETT 06,7408,008229,4.276e-05,exact_name,high,1.0
2006,2000,SHELBY,BARTLETT 06,7408,008058,1.56e-06,exact_name,high,1.0
2006,2000,SHELBY,BARTLETT 06,7408,008270,0.0,exact_name,high,1.0
2006,2000,SHELBY,BARTLETT 08,7416,008058,0.99598403,exact_name,high,1.0
2006,2000,SHELBY,BARTLETT 08,7416,008064,0.00176985,exact_name,high,1.0
2006,2000,SHELBY,BARTLETT 08,7416,008054,0.00127504,exact_name,high,1.0
2006,2000,SHELBY,BARTLETT 08,7416,008055,0.00062311,exact_name,high,1.0
2006,2000,SHELBY,BARTLETT 08,7416,008057,0.00022256,exact_name,high,1.0
2006,2000,SHELBY,BARTLETT 08,7416,008053,0.0001254,exact_name,high,1.0
2006,2000,SHELBY,BARTLETT 09,7417,008053,0.99721618,exact_name,high,1.0
2006,2000,SHELBY,BARTLETT 09,7417,008058,0.00241984,exact_name,high,1.0
2006,2000,SHELBY,BARTLETT 09,7417,008054,0.00028062,exact_name,high,1.0
2006,2000,SHELBY,BARTLETT 09,7417,008057,8.336e-05,exact_name,high,1.0
2006,2000,SHELBY,BARTLETT 10,7409,008057,0.98616255,exact_name,high,1.0
2006,2000,SHELBY,BARTLETT 10,7409,008064,0.00988222,exact_name,high,1.0
2006,2000,SHELBY,BARTLETT 10,7409,008231,0.00395524,exact_name,high,1.0
2006,2000,SHELBY,BARTLETT 11,7419,008060,0.99840016,exact_name,high,1.0
2006,2000,SHELBY,BARTLETT 11,7419,008056,0.001052,exact_name,high,1.0
2006,2000,SHELBY,BARTLETT 11,7419,008066,0.00027524,exact_name,high,1.0
2006,2000,SHELBY,BARTLETT 11,7419,008054,0.00026925,exact_name,high,1.0
2006,2000,SHELBY,BARTLETT 11,7419,008055,3.35e-06,exact_name,high,1.0
2006,2000,SHELBY,BARTLETT 12,7422,008063,0.76910678,exact_name,high,1.0
2006,2000,SHELBY,BARTLETT 12,7422,008058,0.22695115,exact_name,high,1.0
2006,2000,SHELBY,BARTLETT 12,7422,008066,0.00149594,exact_name,high,1.0
2006,2000,SHELBY,BARTLETT 12,7422,008064,0.00111868,exact_name,high,1.0
2006,2000,SHELBY,BARTLETT 12,7422,008270,0.00096207,exact_name,high,1.0
2006,2000,SHELBY,BARTLETT 12,7422,008055,0.00036535,exact_name,high,1.0
2006,2000,SHELBY,BARTLETT 12,7422,008099,2e-08,exact_name,high,1.0
2006,2000,SHELBY,BRUNSWICK 01,7420,008065,0.91754856,code_token_name,high,0.993
2006,2000,SHELBY,BRUNSWICK 01,7420,008096,0.0602563,code_token_name,high,0.993
2006,2000,SHELBY,BRUNSWICK 01,7420,008097,0.02067066,code_token_name,high,0.993
2006,2000,SHELBY,BRUNSWICK 01,7420,008056,0.00128675,code_token_name,high,0.993
2006,2000,SHELBY,BRUNSWICK 01,7420,008066,0.00023514,code_token_name,high,0.993
2006,2000,SHELBY,BRUNSWICK 01,7420,008079,2.6e-06,code_token_name,high,0.993
2006,2000,SHELBY,BRUNSWICK 02,7421,008066,0.74010297,code_token_name,high,0.993
2006,2000,SHELBY,BRUNSWICK 02,7421,008096,0.25842717,code_token_name,high,0.993
2006,2000,SHELBY,BRUNSWICK 02,7421,008270,0.00054774,code_token_name,high,0.993
2006,2000,SHELBY,BRUNSWICK 02,7421,008055,0.00041734,code_token_name,high,0.993
2006,2000,SHELBY,BRUNSWICK 02,7421,008060,0.00025873,code_token_name,high,0.993
2006,2000,SHELBY,BRUNSWICK 02,7421,008063,0.00024473,code_token_name,high,0.993
2006,2000,SHELBY,BRUNSWICK 02,7421,008052,1.31e-06,code_token_name,high,0.993
2006,2000,SHELBY,BRUNSWICK 02,7421,008065,2e-08,code_token_name,high,0.993
2006,2000,SHELBY,CAPLEVILLE 01,7424,008168,1.0,code_token_name,high,0.993
2006,2000,SHELBY,CAPLEVILLE 01,7424,008244,0.0,code_token_name,high,0.993
2006,2000,SHELBY,CAPLEVILLE 05,7431,008168,0.99977009,code_token_name,high,0.993
2006,2000,SHELBY,CAPLEVILLE 05,7431,008266,0.00018669,code_token_name,high,0.993
2006,2000,SHELBY,CAPLEVILLE 05,7431,008244,3.29e-05,code_token_name,high,0.993
2006,2000,SHELBY,CAPLEVILLE 05,7431,008213,1.033e-05,code_token_name,high,0.993
2006,2000,SHELBY,COLLIERVILLE 01,7432,008271,0.54398222,code_token_name,high,0.993
2006,2000,SHELBY,COLLIERVILLE 01,7432,008068,0.45531579,code_token_name,high,0.993
2006,2000,SHELBY,COLLIERVILLE 01,7432,008081,0.00035839,code_token_name,high,0.993
2006,2000,SHELBY,COLLIERVILLE 01,7432,008072,0.00030095,code_token_name,high,0.993
2006,2000,SHELBY,COLLIERVILLE 01,7432,008070,4.265e-05,code_token_name,high,0.993
2006,2000,SHELBY,COLLIERVILLE 02,7436,008074,0.64868801,code_token_name,high,0.993
2006,2000,SHELBY,COLLIERVILLE 02,7436,008069,0.35089202,code_token_name,high,0.993
2006,2000,SHELBY,COLLIERVILLE 02,7436,008083,0.00017328,code_token_name,high,0.993
2006,2000,SHELBY,COLLIERVILLE 02,7436,008071,0.00014832,code_token_name,high,0.993
2006,2000,SHELBY,COLLIERVILLE 02,7436,008082,4.93e-05,code_token_name,high,0.993
2006,2000,SHELBY,COLLIERVILLE 02,7436,008072,4.908e-05,code_token_name,high,0.993
2006,2000,SHELBY,COLLIERVILLE 03,7440,008070,0.99971209,code_token_name,high,0.993
2006,2000,SHELBY,COLLIERVILLE 03,7440,008068,0.00015597,code_token_name,high,0.993
2006,2000,SHELBY,COLLIERVILLE 03,7440,008271,7.898e-05,code_token_name,high,0.993
2006,2000,SHELBY,COLLIERVILLE 03,7440,008071,3.753e-05,code_token_name,high,0.993
2006,2000,SHELBY,COLLIERVILLE 03,7440,008072,1.543e-05,code_token_name,high,0.993
2006,2000,SHELBY,COLLIERVILLE 04,7441,008071,0.99921553,code_token_name,high,0.993
2006,2000,SHELBY,COLLIERVILLE 04,7441,008072,0.00034705,code_token_name,high,0.993
2006,2000,SHELBY,COLLIERVILLE 04,7441,008069,0.0002498,code_token_name,high,0.993
2006,2000,SHELBY,COLLIERVILLE 04,7441,008070,0.00010753,code_token_name,high,0.993
2006,2000,SHELBY,COLLIERVILLE 04,7441,008271,4.941e-05,code_token_name,high,0.993
2006,2000,SHELBY,COLLIERVILLE 04,7441,008073,3.068e-05,code_token_name,high,0.993
2006,2000,SHELBY,COLLIERVILLE 05,7442,008072,0.99836102,code_token_name,high,0.993
2006,2000,SHELBY,COLLIERVILLE 05,7442,008068,0.00149604,code_token_name,high,0.993
2006,2000,SHELBY,COLLIERVILLE 05,7442,008071,0.00012449,code_token_name,high,0.993
2006,2000,SHELBY,COLLIERVILLE 05,7442,008069,1.779e-05,code_token_name,high,0.993
2006,2000,SHELBY,COLLIERVILLE 05,7442,008074,4.2e-07,code_token_name,high,0.993
2006,2000,SHELBY,COLLIERVILLE 05,7442,008070,2.3e-07,code_token_name,high,0.993
2006,2000,SHELBY,COLLIERVILLE 06,7443,008271,0.48683999,code_token_name,high,0.993
2006,2000,SHELBY,COLLIERVILLE 06,7443,008073,0.37649649,code_token_name,high,0.993
2006,2000,SHELBY,COLLIERVILLE 06,7443,008075,0.1261071,code_token_name,high,0.993
2006,2000,SHELBY,COLLIERVILLE 06,7443,008081,0.01017213,code_token_name,high,0.993
2006,2000,SHELBY,COLLIERVILLE 06,7443,008070,0.00013858,code_token_name,high,0.993
2006,2000,SHELBY,COLLIERVILLE 06,7443,008068,0.00013738,code_token_name,high,0.993
2006,2000,SHELBY,COLLIERVILLE 06,7443,008071,7.457e-05,code_token_name,high,0.993
2006,2000,SHELBY,COLLIERVILLE 06,7443,008094,3.376e-05,code_token_name,high,0.993
2006,2000,SHELBY,CORDOVA 02,7448,008255,0.7685485,code_token_name,high,0.993
2006,2000,SHELBY,CORDOVA 02,7448,008077,0.20895214,code_token_name,high,0.993
2006,2000,SHELBY,CORDOVA 02,7448,008236,0.01288204,code_token_name,high,0.993
2006,2000,SHELBY,CORDOVA 02,7448,008252,0.00456963,code_token_name,high,0.993
2006,2000,SHELBY,CORDOVA 02,7448,008078,0.00327501,code_token_name,high,0.993
2006,2000,SHELBY,CORDOVA 02,7448,008256,0.00084697,code_token_name,high,0.993
2006,2000,SHELBY,CORDOVA 02,7448,008079,0.00062318,code_token_name,high,0.993
2006,2000,SHELBY,CORDOVA 02,7448,008257,0.00026739,code_token_name,high,0.993
2006,2000,SHELBY,CORDOVA 02,7448,008237,3.514e-05,code_token_name,high,0.993
2006,2000,SHELBY,CORDOVA 03,7452,008076,0.92131044,code_token_name,high,0.993
2006,2000,SHELBY,CORDOVA 03,7452,008242,0.0758483,code_token_name,high,0.993
2006,2000,SHELBY,CORDOVA 03,7452,008081,0.00097274,code_token_name,high,0.993
2006,2000,SHELBY,CORDOVA 03,7452,008073,0.00083733,code_token_name,high,0.993
2006,2000,SHELBY,CORDOVA 03,7452,008263,0.00063117,code_token_name,high,0.993
2006,2000,SHELBY,CORDOVA 03,7452,008262,0.00026081,code_token_name,high,0.993
2006,2000,SHELBY,CORDOVA 03,7452,008080,0.00011246,code_token_name,high,0.993
2006,2000,SHELBY,CORDOVA 03,7452,008095,2.676e-05,code_token_name,high,0.993
2006,2000,SHELBY,CORDOVA 04,7456,008256,0.54476729,code_token_name,high,0.993
2006,2000,SHELBY,CORDOVA 04,7456,008077,0.44307456,code_token_name,high,0.993
2006,2000,SHELBY,CORDOVA 04,7456,008241,0.01090604,code_token_name,high,0.993
2006,2000,SHELBY,CORDOVA 04,7456,008078,0.00064205,code_token_name,high,0.993
2006,2000,SHELBY,CORDOVA 04,7456,008255,0.00039693,code_token_name,high,0.993
2006,2000,SHELBY,CORDOVA 04,7456,008257,0.00021314,code_token_name,high,0.993
2006,2000,SHELBY,CORDOVA 05,7457,008078,0.99023328,code_token_name,high,0.993
2006,2000,SHELBY,CORDOVA 05,7457,008237,0.00861244,code_token_name,high,0.993
2006,2000,SHELBY,CORDOVA 05,7457,008077,0.00065311,code_token_name,high,0.993
2006,2000,SHELBY,CORDOVA 05,7457,008236,0.00050117,code_token_name,high,0.993
2006,2000,SHELBY,CORDOVA 05,7457,008241,1e-08,code_token_name,high,0.993
2006,2000,SHELBY,CORDOVA 06,7458,008079,0.99781035,code_token_name,high,0.993
2006,2000,SHELBY,CORDOVA 06,7458,008255,0.00123865,code_token_name,high,0.993
2006,2000,SHELBY,CORDOVA 06,7458,008258,0.00035483,code_token_name,high,0.993
2006,2000,SHELBY,CORDOVA 06,7458,008259,0.00031905,code_token_name,high,0.993
2006,2000,SHELBY,CORDOVA 06,7458,008097,0.00011717,code_token_name,high,0.993
2006,2000,SHELBY,CORDOVA 06,7458,008252,6.397e-05,code_token_name,high,0.993
2006,2000,SHELBY,CORDOVA 06,7458,008065,4.992e-05,code_token_name,high,0.993
2006,2000,SHELBY,CORDOVA 06,7458,008056,4.606e-05,code_token_name,high,0.993
2006,2000,SHELBY,CORDOVA 08,7446,008257,0.99900593,code_token_name,high,0.993
2006,2000,SHELBY,CORDOVA 08,7446,008256,0.00070395,code_token_name,high,0.993
2006,2000,SHELBY,CORDOVA 08,7446,008241,0.00024373,code_token_name,high,0.993
2006,2000,SHELBY,CORDOVA 08,7446,008258,4.639e-05,code_token_name,high,0.993
2006,2000,SHELBY,CORDOVA 09,7463,008080,0.99759141,code_token_name,high,0.993
2006,2000,SHELBY,CORDOVA 09,7463,008242,0.00065103,code_token_name,high,0.993
2006,2000,SHELBY,CORDOVA 09,7463,008095,0.00061212,code_token_name,high,0.993
2006,2000,SHELBY,CORDOVA 09,7463,008088,0.00045576,code_token_name,high,0.993
2006,2000,SHELBY,CORDOVA 09,7463,008087,0.00035528,code_token_name,high,0.993
2006,2000,SHELBY,CORDOVA 09,7463,008076,0.00033435,code_token_name,high,0.993
2006,2000,SHELBY,CORDOVA 09,7463,008237,5e-08,code_token_name,high,0.993
2006,2000,SHELBY,CORDOVA 10,7447,008258,0.6034463,exact_name,high,1.0
2006,2000,SHELBY,CORDOVA 10,7447,008076,0.20608675,exact_name,high,1.0
2006,2000,SHELBY,CORDOVA 10,7447,008257,0.1400551,exact_name,high,1.0
2006,2000,SHELBY,CORDOVA 10,7447,008241,0.0490285,exact_name,high,1.0
2006,2000,SHELBY,CORDOVA 10,7447,008255,0.00082082,exact_name,high,1.0
2006,2000,SHELBY,CORDOVA 10,7447,008079,0.00039246,exact_name,high,1.0
2006,2000,SHELBY,CORDOVA 10,7447,008262,0.00017006,exact_name,high,1.0
2006,2000,SHELBY,CORDOVA 10,7447,008242,0.0,exact_name,high,1.0
2006,2000,SHELBY,EADS,7460,008081,0.99922867,exact_name,high,1.0
2006,2000,SHELBY,EADS,7460,008263,0.0003989,exact_name,high,1.0
2006,2000,SHELBY,EADS,7460,008052,0.00018024,exact_name,high,1.0
2006,2000,SHELBY,EADS,7460,008271,0.00017229,exact_name,high,1.0
2006,2000,SHELBY,EADS,7460,008259,1.99e-05,exact_name,high,1.0
2006,2000,SHELBY,FOREST HILLS,7464,008083,0.34902659,exact_name,high,1.0
2006,2000,SHELBY,FOREST HILLS,7464,008084,0.32964403,exact_name,high,1.0
2006,2000,SHELBY,FOREST HILLS,7464,008082,0.3196018,exact_name,high,1.0
2006,2000,SHELBY,FOREST HILLS,7464,008090,0.00103325,exact_name,high,1.0
2006,2000,SHELBY,FOREST HILLS,7464,008093,0.00047054,exact_name,high,1.0
2006,2000,SHELBY,FOREST HILLS,7464,008074,9.449e-05,exact_name,high,1.0
2006,2000,SHELBY,FOREST HILLS,7464,008268,4.982e-05,exact_name,high,1.0
2006,2000,SHELBY,FOREST HILLS,7464,008069,4.188e-05,exact_name,high,1.0
2006,2000,SHELBY,FOREST HILLS,7464,008267,1.276e-05,exact_name,high,1.0
2006,2000,SHELBY,FOREST HILLS,7464,008269,1.207e-05,exact_name,high,1.0
2006,2000,SHELBY,FOREST HILLS,7464,008094,9.99e-06,exact_name,high,1.0
2006,2000,SHELBY,FOREST HILLS,7464,008071,2.78e-06,exact_name,high,1.0
2006,2000,SHELBY,GERMANTOWN 01,7468,008089,0.99978357,exact_name,high,1.0
2006,2000,SHELBY,GERMANTOWN 01,7468,008216,0.00017573,exact_name,high,1.0
2006,2000,SHELBY,GERMANTOWN 01,7468,008087,3.487e-05,exact_name,high,1.0
2006,2000,SHELBY,GERMANTOWN 01,7468,008086,5.83e-06,exact_name,high,1.0
2006,2000,SHELBY,GERMANTOWN 02,7480,008086,0.99706621,exact_name,high,1.0
2006,2000,SHELBY,GERMANTOWN 02,7480,008089,0.00233376,exact_name,high,1.0
2006,2000,SHELBY,GERMANTOWN 02,7480,008216,0.00038706,exact_name,high,1.0
2006,2000,SHELBY,GERMANTOWN 02,7480,008219,0.00021297,exact_name,high,1.0
2006,2000,SHELBY,GERMANTOWN 02,7480,008087,0.0,exact_name,high,1.0
2006,2000,SHELBY,GERMANTOWN 03,7484,008087,0.99485661,exact_name,high,1.0
2006,2000,SHELBY,GERMANTOWN 03,7484,008088,0.00365038,exact_name,high,1.0
2006,2000,SHELBY,GERMANTOWN 03,7484,008080,0.00141111,exact_name,high,1.0
2006,2000,SHELBY,GERMANTOWN 03,7484,008089,8.19e-05,exact_name,high,1.0
2006,2000,SHELBY,GERMANTOWN 04,7488,008088,0.98543923,exact_name,high,1.0
2006,2000,SHELBY,GERMANTOWN 04,7488,008095,0.00748077,exact_name,high,1.0
2006,2000,SHELBY,GERMANTOWN 04,7488,008087,0.00528136,exact_name,high,1.0
2006,2000,SHELBY,GERMANTOWN 04,7488,008091,0.00097415,exact_name,high,1.0
2006,2000,SHELBY,GERMANTOWN 04,7488,008080,0.00082449,exact_name,high,1.0
2006,2000,SHELBY,GERMANTOWN 05,7492,008089,0.98605729,exact_name,high,1.0
2006,2000,SHELBY,GERMANTOWN 05,7492,008216,0.01207952,exact_name,high,1.0
2006,2000,SHELBY,GERMANTOWN 05,7492,008237,0.00118657,exact_name,high,1.0
2006,2000,SHELBY,GERMANTOWN 05,7492,008087,0.00067661,exact_name,high,1.0
2006,2000,SHELBY,GERMANTOWN 06,7496,008090,0.99452504,exact_name,high,1.0
2006,2000,SHELBY,GERMANTOWN 06,7496,008093,0.00341549,exact_name,high,1.0
2006,2000,SHELBY,GERMANTOWN 06,7496,008082,0.00113304,exact_name,high,1.0
2006,2000,SHELBY,GERMANTOWN 06,7496,008221,0.0005111,exact_name,high,1.0
2006,2000,SHELBY,GERMANTOWN 06,7496,008086,0.00041533,exact_name,high,1.0
2006,2000,SHELBY,GERMANTOWN 07,7500,008087,0.99909146,exact_name,high,1.0
2006,2000,SHELBY,GERMANTOWN 07,7500,008088,0.00079385,exact_name,high,1.0
2006,2000,SHELBY,GERMANTOWN 07,7500,008086,6.189e-05,exact_name,high,1.0
2006,2000,SHELBY,GERMANTOWN 07,7500,008091,4.367e-05,exact_name,high,1.0
2006,2000,SHELBY,GERMANTOWN 07,7500,008089,9.14e-06,exact_name,high,1.0
2006,2000,SHELBY,GERMANTOWN 08,7504,008091,0.99833792,exact_name,high,1.0
2006,2000,SHELBY,GERMANTOWN 08,7504,008088,0.00105894,exact_name,high,1.0
2006,2000,SHELBY,GERMANTOWN 08,7504,008094,0.00055258,exact_name,high,1.0
2006,2000,SHELBY,GERMANTOWN 08,7504,008086,5.056e-05,exact_name,high,1.0
2006,2000,SHELBY,GERMANTOWN 09,7508,008086,0.99637004,exact_name,high,1.0
2006,2000,SHELBY,GERMANTOWN 09,7508,008090,0.00132686,exact_name,high,1.0
2006,2000,SHELBY,GERMANTOWN 09,7508,008093,0.00115703,exact_name,high,1.0
2006,2000,SHELBY,GERMANTOWN 09,7508,008221,0.00074005,exact_name,high,1.0
2006,2000,SHELBY,GERMANTOWN 09,7508,008087,0.00016156,exact_name,high,1.0
2006,2000,SHELBY,GERMANTOWN 09,7508,008222,0.00013896,exact_name,high,1.0
2006,2000,SHELBY,GERMANTOWN 09,7508,008091,0.00010357,exact_name,high,1.0
2006,2000,SHELBY,GERMANTOWN 09,7508,008219,1.92e-06,exact_name,high,1.0
2006,2000,SHELBY,GERMANTOWN 09,7508,008089,1e-08,exact_name,high,1.0
2006,2000,SHELBY,GERMANTOWN 10,7472,008093,0.99731748,exact_name,high,1.0
2006,2000,SHELBY,GERMANTOWN 10,7472,008091,0.00125749,exact_name,high,1.0
2006,2000,SHELBY,GERMANTOWN 10,7472,008094,0.0010486,exact_name,high,1.0
2006,2000,SHELBY,GERMANTOWN 10,7472,008086,0.00020545,exact_name,high,1.0
2006,2000,SHELBY,GERMANTOWN 10,7472,008082,0.00017099,exact_name,high,1.0
2006,2000,SHELBY,GERMANTOWN 11,7476,008094,0.90315791,exact_name,high,1.0
2006,2000,SHELBY,GERMANTOWN 11,7476,008071,0.09193365,exact_name,high,1.0
2006,2000,SHELBY,GERMANTOWN 11,7476,008088,0.00353226,exact_name,high,1.0
2006,2000,SHELBY,GERMANTOWN 11,7476,008073,0.00079069,exact_name,high,1.0
2006,2000,SHELBY,GERMANTOWN 11,7476,008082,0.00045324,exact_name,high,1.0
2006,2000,SHELBY,GERMANTOWN 11,7476,008091,8.296e-05,exact_name,high,1.0
2006,2000,SHELBY,GERMANTOWN 11,7476,008093,4.916e-05,exact_name,high,1.0
2006,2000,SHELBY,GERMANTOWN 11,7476,008095,1.4e-07,exact_name,high,1.0
2006,2000,SHELBY,GERMANTOWN 12,7477,008095,0.48068588,exact_name,high,1.0
2006,2000,SHELBY,GERMANTOWN 12,7477,008088,0.28834406,exact_name,high,1.0
2006,2000,SHELBY,GERMANTOWN 12,7477,008073,0.21777683,exact_name,high,1.0
2006,2000,SHELBY,GERMANTOWN 12,7477,008076,0.01008734,exact_name,high,1.0
2006,2000,SHELBY,GERMANTOWN 12,7477,008094,0.00143572,exact_name,high,1.0
2006,2000,SHELBY,GERMANTOWN 12,7477,008091,0.00073617,exact_name,high,1.0
2006,2000,SHELBY,GERMANTOWN 12,7477,008080,0.00064498,exact_name,high,1.0
2006,2000,SHELBY,GERMANTOWN 12,7477,008081,0.00028903,exact_name,high,1.0
2006,2000,SHELBY,KERRVILLE,7524,008270,0.84123107,exact_name,high,1.0
2006,2000,SHELBY,KERRVILLE,7524,008261,0.15862429,exact_name,high,1.0
2006,2000,SHELBY,KERRVILLE,7524,008051,8.308e-05,exact_name,high,1.0
2006,2000,SHELBY,KERRVILLE,7524,008260,6.157e-05,exact_name,high,1.0
2006,2000,SHELBY,LAKELAND 01,7528,008096,0.87424178,shelby_alias_name,high,0.997
2006,2000,SHELBY,LAKELAND 01,7528,008097,0.12184914,shelby_alias_name,high,0.997
2006,2000,SHELBY,LAKELAND 01,7528,008065,0.00327814,shelby_alias_name,high,0.997
2006,2000,SHELBY,LAKELAND 01,7528,008052,0.00048719,shelby_alias_name,high,0.997
2006,2000,SHELBY,LAKELAND 01,7528,008259,0.00013737,shelby_alias_name,high,0.997
2006,2000,SHELBY,LAKELAND 01,7528,008079,6.38e-06,shelby_alias_name,high,0.997
2006,2000,SHELBY,LAKELAND 02,7528,008096,0.87424178,shelby_alias_name,high,0.997
2006,2000,SHELBY,LAKELAND 02,7528,008097,0.12184914,shelby_alias_name,high,0.997
2006,2000,SHELBY,LAKELAND 02,7528,008065,0.00327814,shelby_alias_name,high,0.997
2006,2000,SHELBY,LAKELAND 02,7528,008052,0.00048719,shelby_alias_name,high,0.997
2006,2000,SHELBY,LAKELAND 02,7528,008259,0.00013737,shelby_alias_name,high,0.997
2006,2000,SHELBY,LAKELAND 02,7528,008079,6.38e-06,shelby_alias_name,high,0.997
2006,2000,SHELBY,LOCKE,7532,008260,0.99963735,exact_name,high,1.0
2006,2000,SHELBY,LOCKE,7532,008100,0.00026698,exact_name,high,1.0
2006,2000,SHELBY,LOCKE,7532,008098,9.567e-05,exact_name,high,1.0
2006,2000,SHELBY,LUCY 01,7536,008099,0.59480588,shelby_alias_name,high,0.997
2006,2000,SHELBY,LUCY 01,7536,008098,0.25334802,shelby_alias_name,high,0.997
2006,2000,SHELBY,LUCY 01,7536,008261,0.1506087,shelby_alias_name,high,0.997
2006,2000,SHELBY,LUCY 01,7536,008061,0.00051336,shelby_alias_name,high,0.997
2006,2000,SHELBY,LUCY 01,7536,008260,0.000393,shelby_alias_name,high,0.997
2006,2000,SHELBY,LUCY 01,7536,008064,0.00033102,shelby_alias_name,high,0.997
2006,2000,SHELBY,LUCY 01,7536,008270,3e-08,shelby_alias_name,high,0.997
2006,2000,SHELBY,LUCY 02,7538,008098,0.99976784,shelby_alias_name,high,0.997
2006,2000,SHELBY,LUCY 02,7538,008260,0.00023216,shelby_alias_name,high,0.997
2006,2000,SHELBY,MCCONNELL S,7540,008100,0.99945208,exact_name,high,1.0
2006,2000,SHELBY,MCCONNELL S,7540,008260,0.00029941,exact_name,high,1.0
2006,2000,SHELBY,MCCONNELL S,7540,008182,0.0001647,exact_name,high,1.0
2006,2000,SHELBY,MCCONNELL S,7540,008098,8.127e-05,exact_name,high,1.0
2006,2000,SHELBY,MCCONNELL S,7540,008187,2.55e-06,exact_name,high,1.0
2006,2000,SHELBY,MEMPHIS 01,7544,008101,0.99771565,exact_name,high,1.0
2006,2000,SHELBY,MEMPHIS 01,7544,008102,0.00121483,exact_name,high,1.0
2006,2000,SHELBY,MEMPHIS 01,7544,008182,0.00106952,exact_name,high,1.0
2006,2000,SHELBY,MEMPHIS 02,7548,008102,0.99696625,exact_name,high,1.0
2006,2000,SHELBY,MEMPHIS 02,7548,008104,0.0020121,exact_name,high,1.0
2006,2000,SHELBY,MEMPHIS 02,7548,008101,0.00063582,exact_name,high,1.0
2006,2000,SHELBY,MEMPHIS 02,7548,008103,0.00028271,exact_name,high,1.0
2006,2000,SHELBY,MEMPHIS 02,7548,008110,0.00010313,exact_name,high,1.0
2006,2000,SHELBY,MEMPHIS 07,7552,008103,0.51932182,exact_name,high,1.0
2006,2000,SHELBY,MEMPHIS 07,7552,008110,0.47647805,exact_name,high,1.0
2006,2000,SHELBY,MEMPHIS 07,7552,008102,0.00419848,exact_name,high,1.0
2006,2000,SHELBY,MEMPHIS 07,7552,008101,1.65e-06,exact_name,high,1.0
2006,2000,SHELBY,MEMPHIS 11,7556,008103,0.99872928,exact_name,high,1.0
2006,2000,SHELBY,MEMPHIS 11,7556,008105,0.00111271,exact_name,high,1.0
2006,2000,SHELBY,MEMPHIS 11,7556,008102,0.00015801,exact_name,high,1.0
2006,2000,SHELBY,MEMPHIS 12,7564,008104,0.99961507,exact_name,high,1.0
2006,2000,SHELBY,MEMPHIS 12,7564,008105,0.00035091,exact_name,high,1.0
2006,2000,SHELBY,MEMPHIS 12,7564,008145,1.833e-05,exact_name,high,1.0
2006,2000,SHELBY,MEMPHIS 12,7564,008102,1.274e-05,exact_name,high,1.0
2006,2000,SHELBY,MEMPHIS 12,7564,008121,2.03e-06,exact_name,high,1.0
2006,2000,SHELBY,MEMPHIS 12,7564,008103,9.2e-07,exact_name,high,1.0
2006,2000,SHELBY,MEMPHIS 13 1,7568,008105,0.9916985,exact_name,high,1.0
2006,2000,SHELBY,MEMPHIS 13 1,7568,008103,0.00455566,exact_name,high,1.0
2006,2000,SHELBY,MEMPHIS 13 1,7568,008104,0.00374585,exact_name,high,1.0
2006,2000,SHELBY,MEMPHIS 13 2,7572,008105,0.99828855,exact_name,high,1.0
2006,2000,SHELBY,MEMPHIS 13 2,7572,008104,0.00151498,exact_name,high,1.0
2006,2000,SHELBY,MEMPHIS 13 2,7572,008120,0.00015981,exact_name,high,1.0
2006,2000,SHELBY,MEMPHIS 13 2,7572,008121,3.666e-05,exact_name,high,1.0
2006,2000,SHELBY,MEMPHIS 15,7588,008106,0.99680291,exact_name,high,1.0
2006,2000,SHELBY,MEMPHIS 15,7588,008113,0.00233799,exact_name,high,1.0
2006,2000,SHELBY,MEMPHIS 15,7588,008103,0.0005554,exact_name,high,1.0
2006,2000,SHELBY,MEMPHIS 15,7588,008117,0.00030027,exact_name,high,1.0
2006,2000,SHELBY,MEMPHIS 15,7588,008107,3.42e-06,exact_name,high,1.0
2006,2000,SHELBY,MEMPHIS 16 1,7596,008107,0.99971353,exact_name,high,1.0
2006,2000,SHELBY,MEMPHIS 16 1,7596,008108,0.00014491,exact_name,high,1.0
2006,2000,SHELBY,MEMPHIS 16 1,7596,008106,6.253e-05,exact_name,high,1.0
2006,2000,SHELBY,MEMPHIS 16 1,7596,008109,6.14e-05,exact_name,high,1.0
2006,2000,SHELBY,MEMPHIS 16 1,7596,008114,1.764e-05,exact_name,high,1.0
2006,2000,SHELBY,MEMPHIS 16 3,7604,008106,0.99915023,exact_name,high,1.0
2006,2000,SHELBY,MEMPHIS 16 3,7604,008103,0.00071528,exact_name,high,1.0
2006,2000,SHELBY,MEMPHIS 16 3,7604,008107,8.964e-05,exact_name,high,1.0
2006,2000,SHELBY,MEMPHIS 16 3,7604,008110,2.696e-05,exact_name,high,1.0
2006,2000,SHELBY,MEMPHIS 16 3,7604,008108,1.787e-05,exact_name,high,1.0
2006,2000,SHELBY,MEMPHIS 17,7608,008108,0.99987273,exact_name,high,1.0
2006,2000,SHELBY,MEMPHIS 17,7608,008109,6.371e-05,exact_name,high,1.0
2006,2000,SHELBY,MEMPHIS 17,7608,008107,4.913e-05,exact_name,high,1.0
2006,2000,SHELBY,MEMPHIS 17,7608,008106,1.443e-05,exact_name,high,1.0
2006,2000,SHELBY,MEMPHIS 20 1,7620,008109,0.99893918,exact_name,high,1.0
2006,2000,SHELBY,MEMPHIS 20 1,7620,008122,0.00078551,exact_name,high,1.0
2006,2000,SHELBY,MEMPHIS 20 1,7620,008108,0.00012989,exact_name,high,1.0
2006,2000,SHELBY,MEMPHIS 20 1,7620,008110,0.00012831,exact_name,high,1.0
2006,2000,SHELBY,MEMPHIS 20 1,7620,008107,7.63e-06,exact_name,high,1.0
2006,2000,SHELBY,MEMPHIS 20 1,7620,008114,6.1e-06,exact_name,high,1.0
2006,2000,SHELBY,MEMPHIS 20 1,7620,008119,2.91e-06,exact_name,high,1.0
2006,2000,SHELBY,MEMPHIS 20 1,7620,008106,4.6e-07,exact_name,high,1.0
2006,2000,SHELBY,MEMPHIS 20 3,7628,008110,0.99942555,exact_name,high,1.0
2006,2000,SHELBY,MEMPHIS 20 3,7628,008111,0.0004631,exact_name,high,1.0
2006,2000,SHELBY,MEMPHIS 20 3,7628,008109,6.072e-05,exact_name,high,1.0
2006,2000,SHELBY,MEMPHIS 20 3,7628,008103,2.975e-05,exact_name,high,1.0
2006,2000,SHELBY,MEMPHIS 20 3,7628,008106,2.076e-05,exact_name,high,1.0
2006,2000,SHELBY,MEMPHIS 20 3,7628,008122,1.3e-07,exact_name,high,1.0
2006,2000,SHELBY,MEMPHIS 21 1,7632,008111,0.9944558,exact_name,high,1.0
2006,2000,SHELBY,MEMPHIS 21 1,7632,008110,0.00554035,exact_name,high,1.0
2006,2000,SHELBY,MEMPHIS 21 1,7632,008122,3.85e-06,exact_name,high,1.0
2006,2000,SHELBY,MEMPHIS 21 2,7636,008111,0.99991354,exact_name,high,1.0
2006,2000,SHELBY,MEMPHIS 21 2,7636,008110,6.149e-05,exact_name,high,1.0
2006,2000,SHELBY,MEMPHIS 21 2,7636,008123,2.498e-05,exact_name,high,1.0
2006,2000,SHELBY,MEMPHIS 21 3,7640,008111,0.99967157,exact_name,high,1.0
2006,2000,SHELBY,MEMPHIS 21 3,7640,008123,0.00032843,exact_name,high,1.0
2006,2000,SHELBY,MEMPHIS 22,7644,008101,0.99951029,exact_name,high,1.0
2006,2000,SHELBY,MEMPHIS 22,7644,008110,0.00048971,exact_name,high,1.0
2006,2000,SHELBY,MEMPHIS 25 1,7648,008105,0.99258595,exact_name,high,1.0
2006,2000,SHELBY,MEMPHIS 25 1,7648,008103,0.00738519,exact_name,high,1.0
2006,2000,SHELBY,MEMPHIS 25 1,7648,008120,2.886e-05,exact_name,high,1.0
2006,2000,SHELBY,MEMPHIS 25 2,7652,008120,0.99931942,exact_name,high,1.0
2006,2000,SHELBY,MEMPHIS 25 2,7652,008113,0.00037838,exact_name,high,1.0
2006,2000,SHELBY,MEMPHIS 25 2,7652,008105,0.00018634,exact_name,high,1.0
2006,2000,SHELBY,MEMPHIS 25 2,7652,008144,0.00011585,exact_name,high,1.0
2006,2000,SHELBY,MEMPHIS 26 1,7669,008113,0.99987691,exact_name,high,1.0
2006,2000,SHELBY,MEMPHIS 26 1,7669,008170,0.00012309,exact_name,high,1.0
2006,2000,SHELBY,MEMPHIS 26 2,7670,008113,0.99906076,exact_name,high,1.0
2006,2000,SHELBY,MEMPHIS 26 2,7670,008170,0.00054541,exact_name,high,1.0
2006,2000,SHELBY,MEMPHIS 26 2,7670,008120,0.00038692,exact_name,high,1.0
2006,2000,SHELBY,MEMPHIS 26 2,7670,008144,6.91e-06,exact_name,high,1.0
2006,2000,SHELBY,MEMPHIS 26 3,7671,008113,0.99620208,exact_name,high,1.0
2006,2000,SHELBY,MEMPHIS 26 3,7671,008106,0.00358332,exact_name,high,1.0
2006,2000,SHELBY,MEMPHIS 26 3,7671,008103,0.00021075,exact_name,high,1.0
2006,2000,SHELBY,MEMPHIS 26 3,7671,008120,3.85e-06,exact_name,high,1.0
2006,2000,SHELBY,MEMPHIS 27,7672,008110,0.99777642,prefix_name,high,0.995
2006,2000,SHELBY,MEMPHIS 27,7672,008101,0.00222358,prefix_name,high,0.995
2006,2000,SHELBY,MEMPHIS 28 1,7684,008114,0.99936238,exact_name,high,1.0
2006,2000,SHELBY,MEMPHIS 28 1,7684,008109,0.00047616,exact_name,high,1.0
2006,2000,SHELBY,MEMPHIS 28 1,7684,008107,0.0001135,exact_name,high,1.0
2006,2000,SHELBY,MEMPHIS 28 1,7684,008119,4.403e-05,exact_name,high,1.0
2006,2000,SHELBY,MEMPHIS 28 1,7684,008139,3.93e-06,exact_name,high,1.0
2006,2000,SHELBY,MEMPHIS 28 2,7686,008114,0.99756554,exact_name,high,1.0
2006,2000,SHELBY,MEMPHIS 28 2,7686,008139,0.00224888,exact_name,high,1.0
2006,2000,SHELBY,MEMPHIS 28 2,7686,008118,0.00017975,exact_name,high,1.0
2006,2000,SHELBY,MEMPHIS 28 2,7686,008171,5.82e-06,exact_name,high,1.0
2006,2000,SHELBY,MEMPHIS 29 1,7692,008118,0.99834416,exact_name,high,1.0
2006,2000,SHELBY,MEMPHIS 29 1,7692,008142,0.00132771,exact_name,high,1.0
2006,2000,SHELBY,MEMPHIS 29 1,7692,008117,0.00016595,exact_name,high,1.0
2006,2000,SHELBY,MEMPHIS 29 1,7692,008114,0.00010861,exact_name,high,1.0
2006,2000,SHELBY,MEMPHIS 29 1,7692,008171,5.357e-05,exact_name,high,1.0
2006,2000,SHELBY,MEMPHIS 29 2,7696,008171,0.99827023,exact_name,high,1.0
2006,2000,SHELBY,MEMPHIS 29 2,7696,008118,0.00123811,exact_name,high,1.0
2006,2000,SHELBY,MEMPHIS 29 2,7696,008138,0.00027226,exact_name,high,1.0
2006,2000,SHELBY,MEMPHIS 29 2,7696,008139,0.00021602,exact_name,high,1.0
2006,2000,SHELBY,MEMPHIS 29 2,7696,008114,3.37e-06,exact_name,high,1.0
2006,2000,SHELBY,MEMPHIS 30,7700,008107,0.99804618,exact_name,high,1.0
2006,2000,SHELBY,MEMPHIS 30,7700,008117,0.0016621,exact_name,high,1.0
2006,2000,SHELBY,MEMPHIS 30,7700,008106,0.0002855,exact_name,high,1.0
2006,2000,SHELBY,MEMPHIS 30,7700,008114,6.21e-06,exact_name,high,1.0
2006,2000,SHELBY,MEMPHIS 31 1,7704,008117,0.99937723,exact_name,high,1.0
2006,2000,SHELBY,MEMPHIS 31 1,7704,008118,0.00053108,exact_name,high,1.0
2006,2000,SHELBY,MEMPHIS 31 1,7704,008107,9.169e-05,exact_name,high,1.0
2006,2000,SHELBY,MEMPHIS 31 2,7708,008117,0.99782437,exact_name,high,1.0
2006,2000,SHELBY,MEMPHIS 31 2,7708,008106,0.00081001,exact_name,high,1.0
2006,2000,SHELBY,MEMPHIS 31 2,7708,008107,0.00077776,exact_name,high,1.0
2006,2000,SHELBY,MEMPHIS 31 2,7708,008118,0.00058179,exact_name,high,1.0
2006,2000,SHELBY,MEMPHIS 31 2,7708,008113,6.07e-06,exact_name,high,1.0
2006,2000,SHELBY,MEMPHIS 31 4,7716,008118,0.99902764,exact_name,high,1.0
2006,2000,SHELBY,MEMPHIS 31 4,7716,008113,0.00078474,exact_name,high,1.0
2006,2000,SHELBY,MEMPHIS 31 4,7716,008117,0.00016211,exact_name,high,1.0
2006,2000,SHELBY,MEMPHIS 31 4,7716,008142,2.034e-05,exact_name,high,1.0
2006,2000,SHELBY,MEMPHIS 31 4,7716,008170,5.17e-06,exact_name,high,1.0
2006,2000,SHELBY,MEMPHIS 32,7720,008103,0.99731645,exact_name,high,1.0
2006,2000,SHELBY,MEMPHIS 32,7720,008106,0.00261723,exact_name,high,1.0
2006,2000,SHELBY,MEMPHIS 32,7720,008110,4.951e-05,exact_name,high,1.0
2006,2000,SHELBY,MEMPHIS 32,7720,008113,9.94e-06,exact_name,high,1.0
2006,2000,SHELBY,MEMPHIS 32,7720,008105,4.17e-06,exact_name,high,1.0
2006,2000,SHELBY,MEMPHIS 32,7720,008120,2.7e-06,exact_name,high,1.0
2006,2000,SHELBY,MEMPHIS 33,7728,008119,0.99755812,exact_name,high,1.0
2006,2000,SHELBY,MEMPHIS 33,7728,008109,0.00127211,exact_name,high,1.0
2006,2000,SHELBY,MEMPHIS 33,7728,008125,0.00078068,exact_name,high,1.0
2006,2000,SHELBY,MEMPHIS 33,7728,008114,0.00020984,exact_name,high,1.0
2006,2000,SHELBY,MEMPHIS 33,7728,008146,0.00017926,exact_name,high,1.0
2006,2000,SHELBY,MEMPHIS 34 1,7732,008144,0.99995792,exact_name,high,1.0
2006,2000,SHELBY,MEMPHIS 34 1,7732,008120,4.195e-05,exact_name,high,1.0
2006,2000,SHELBY,MEMPHIS 34 1,7732,008113,1.3e-07,exact_name,high,1.0
2006,2000,SHELBY,MEMPHIS 34 2,7736,008120,0.99988549,exact_name,high,1.0
2006,2000,SHELBY,MEMPHIS 34 2,7736,008144,9.288e-05,exact_name,high,1.0
2006,2000,SHELBY,MEMPHIS 34 2,7736,008121,1.964e-05,exact_name,high,1.0
2006,2000,SHELBY,MEMPHIS 34 2,7736,008105,1.99e-06,exact_name,high,1.0
2006,2000,SHELBY,MEMPHIS 35 1,7740,008121,0.99484456,exact_name,high,1.0
2006,2000,SHELBY,MEMPHIS 35 1,7740,008120,0.00514126,exact_name,high,1.0
2006,2000,SHELBY,MEMPHIS 35 1,7740,008104,1.201e-05,exact_name,high,1.0
2006,2000,SHELBY,MEMPHIS 35 1,7740,008105,2.17e-06,exact_name,high,1.0
2006,2000,SHELBY,MEMPHIS 35 2,7744,008121,0.9992409,exact_name,high,1.0
2006,2000,SHELBY,MEMPHIS 35 2,7744,008145,0.0007591,exact_name,high,1.0
2006,2000,SHELBY,MEMPHIS 35 3,7748,008145,0.99932055,exact_name,high,1.0
2006,2000,SHELBY,MEMPHIS 35 3,7748,008104,0.00063223,exact_name,high,1.0
2006,2000,SHELBY,MEMPHIS 35 3,7748,008121,4.722e-05,exact_name,high,1.0
2006,2000,SHELBY,MEMPHIS 36 1,7752,008122,0.9995188,exact_name,high,1.0
2006,2000,SHELBY,MEMPHIS 36 1,7752,008109,0.00042817,exact_name,high,1.0
2006,2000,SHELBY,MEMPHIS 36 1,7752,008146,5.303e-05,exact_name,high,1.0
2006,2000,SHELBY,MEMPHIS 36 1,7752,008110,0.0,exact_name,high,1.0
2006,2000,SHELBY,MEMPHIS 36 2,7756,008123,0.99767928,exact_name,high,1.0
2006,2000,SHELBY,MEMPHIS 36 2,7756,008122,0.00207578,exact_name,high,1.0
2006,2000,SHELBY,MEMPHIS 36 2,7756,008130,0.00012564,exact_name,high,1.0
2006,2000,SHELBY,MEMPHIS 36 2,7756,008111,0.0001193,exact_name,high,1.0
2006,2000,SHELBY,MEMPHIS 36 3,7760,008122,0.99952481,exact_name,high,1.0
2006,2000,SHELBY,MEMPHIS 36 3,7760,008123,0.00035863,exact_name,high,1.0
2006,2000,SHELBY,MEMPHIS 36 3,7760,008111,0.00010518,exact_name,high,1.0
2006,2000,SHELBY,MEMPHIS 36 3,7760,008110,9.16e-06,exact_name,high,1.0
2006,2000,SHELBY,MEMPHIS 36 3,7760,008109,2.22e-06,exact_name,high,1.0
2006,2000,SHELBY,MEMPHIS 37,7764,008125,0.99656964,exact_name,high,1.0
2006,2000,SHELBY,MEMPHIS 37,7764,008136,0.00333459,exact_name,high,1.0
2006,2000,SHELBY,MEMPHIS 37,7764,008119,6.111e-05,exact_name,high,1.0
2006,2000,SHELBY,MEMPHIS 37,7764,008139,3.466e-05,exact_name,high,1.0
2006,2000,SHELBY,MEMPHIS 38 1,7768,008149,0.99779809,exact_name,high,1.0
2006,2000,SHELBY,MEMPHIS 38 1,7768,008152,0.00210613,exact_name,high,1.0
2006,2000,SHELBY,MEMPHIS 38 1,7768,008133,8.591e-05,exact_name,high,1.0
2006,2000,SHELBY,MEMPHIS 38 1,7768,008125,9.87e-06,exact_name,high,1.0
2006,2000,SHELBY,MEMPHIS 38 2,7776,008125,0.99976794,exact_name,high,1.0
2006,2000,SHELBY,MEMPHIS 38 2,7776,008136,0.00015193,exact_name,high,1.0
2006,2000,SHELBY,MEMPHIS 38 2,7776,008149,8.013e-05,exact_name,high,1.0
2006,2000,SHELBY,MEMPHIS 40 1,7784,008111,0.99137057,exact_name,high,1.0
2006,2000,SHELBY,MEMPHIS 40 1,7784,008131,0.00396959,exact_name,high,1.0
2006,2000,SHELBY,MEMPHIS 40 1,7784,008184,0.00239926,exact_name,high,1.0
2006,2000,SHELBY,MEMPHIS 40 1,7784,008130,0.00145388,exact_name,high,1.0
2006,2000,SHELBY,MEMPHIS 40 1,7784,008110,0.00041397,exact_name,high,1.0
2006,2000,SHELBY,MEMPHIS 40 1,7784,008190,0.00036555,exact_name,high,1.0
2006,2000,SHELBY,MEMPHIS 40 1,7784,008123,2.719e-05,exact_name,high,1.0
2006,2000,SHELBY,MEMPHIS 40 2,7786,008123,0.99537801,exact_name,high,1.0
2006,2000,SHELBY,MEMPHIS 40 2,7786,008111,0.00432482,exact_name,high,1.0
2006,2000,SHELBY,MEMPHIS 40 2,7786,008130,0.00029717,exact_name,high,1.0
2006,2000,SHELBY,MEMPHIS 41 1,7792,008131,0.990822,exact_name,high,1.0
2006,2000,SHELBY,MEMPHIS 41 1,7792,008190,0.00518708,exact_name,high,1.0
2006,2000,SHELBY,MEMPHIS 41 1,7792,008111,0.00396562,exact_name,high,1.0
2006,2000,SHELBY,MEMPHIS 41 1,7792,008130,2.53e-05,exact_name,high,1.0
2006,2000,SHELBY,MEMPHIS 41 2,7796,008130,0.99818906,exact_name,high,1.0
2006,2000,SHELBY,MEMPHIS 41 2,7796,008123,0.00181094,exact_name,high,1.0
2006,2000,SHELBY,MEMPHIS 41 3,7800,008130,0.99990444,exact_name,high,1.0
2006,2000,SHELBY,MEMPHIS 41 3,7800,008131,9.556e-05,exact_name,high,1.0
2006,2000,SHELBY,MEMPHIS 42 1,7804,008131,0.99941409,exact_name,high,1.0
2006,2000,SHELBY,MEMPHIS 42 1,7804,008190,0.00055798,exact_name,high,1.0
2006,2000,SHELBY,MEMPHIS 42 1,7804,008130,2.793e-05,exact_name,high,1.0
2006,2000,SHELBY,MEMPHIS 42 2,7808,008130,0.99978716,exact_name,high,1.0
2006,2000,SHELBY,MEMPHIS 42 2,7808,008146,0.00016554,exact_name,high,1.0
2006,2000,SHELBY,MEMPHIS 42 2,7808,008131,4.504e-05,exact_name,high,1.0
2006,2000,SHELBY,MEMPHIS 42 2,7808,008123,2.27e-06,exact_name,high,1.0
2006,2000,SHELBY,MEMPHIS 43 1,7816,008149,0.98638907,exact_name,high,1.0
2006,2000,SHELBY,MEMPHIS 43 1,7816,008131,0.00768895,exact_name,high,1.0
2006,2000,SHELBY,MEMPHIS 43 1,7816,008172,0.00410069,exact_name,high,1.0
2006,2000,SHELBY,MEMPHIS 43 1,7816,008125,0.00180342,exact_name,high,1.0
2006,2000,SHELBY,MEMPHIS 43 1,7816,008146,1.786e-05,exact_name,high,1.0
2006,2000,SHELBY,MEMPHIS 43 2,7820,008131,0.99419141,exact_name,high,1.0
2006,2000,SHELBY,MEMPHIS 43 2,7820,008226,0.00483959,exact_name,high,1.0
2006,2000,SHELBY,MEMPHIS 43 2,7820,008172,0.00088559,exact_name,high,1.0
2006,2000,SHELBY,MEMPHIS 43 2,7820,008130,4.777e-05,exact_name,high,1.0
2006,2000,SHELBY,MEMPHIS 43 2,7820,008149,3.564e-05,exact_name,high,1.0
2006,2000,SHELBY,MEMPHIS 44 1,7824,008133,0.99809804,exact_name,high,1.0
2006,2000,SHELBY,MEMPHIS 44 1,7824,008154,0.00088484,exact_name,high,1.0
2006,2000,SHELBY,MEMPHIS 44 1,7824,008152,0.00074111,exact_name,high,1.0
2006,2000,SHELBY,MEMPHIS 44 1,7824,008149,0.0002609,exact_name,high,1.0
2006,2000,SHELBY,MEMPHIS 44 1,7824,008136,1.511e-05,exact_name,high,1.0
2006,2000,SHELBY,MEMPHIS 44 2,7828,008133,0.99837403,exact_name,high,1.0
2006,2000,SHELBY,MEMPHIS 44 2,7828,008154,0.00159816,exact_name,high,1.0
2006,2000,SHELBY,MEMPHIS 44 2,7828,008157,2.673e-05,exact_name,high,1.0
2006,2000,SHELBY,MEMPHIS 44 2,7828,008136,1.08e-06,exact_name,high,1.0
2006,2000,SHELBY,MEMPHIS 44 3,7832,008157,0.99990762,exact_name,high,1.0
2006,2000,SHELBY,MEMPHIS 44 3,7832,008133,6.254e-05,exact_name,high,1.0
2006,2000,SHELBY,MEMPHIS 44 3,7832,008141,2.85e-05,exact_name,high,1.0
2006,2000,SHELBY,MEMPHIS 44 3,7832,008139,1.35e-06,exact_name,high,1.0
2006,2000,SHELBY,MEMPHIS 44 4,7836,008136,0.99950709,exact_name,high,1.0
2006,2000,SHELBY,MEMPHIS 44 4,7836,008139,0.00043267,exact_name,high,1.0
2006,2000,SHELBY,MEMPHIS 44 4,7836,008157,4.492e-05,exact_name,high,1.0
2006,2000,SHELBY,MEMPHIS 44 4,7836,008133,1.532e-05,exact_name,high,1.0
2006,2000,SHELBY,MEMPHIS 44 5,7840,008136,0.99846867,exact_name,high,1.0
2006,2000,SHELBY,MEMPHIS 44 5,7840,008125,0.00150357,exact_name,high,1.0
2006,2000,SHELBY,MEMPHIS 44 5,7840,008133,2.776e-05,exact_name,high,1.0
2006,2000,SHELBY,MEMPHIS 45 1,7844,008139,0.9998788,exact_name,high,1.0
2006,2000,SHELBY,MEMPHIS 45 1,7844,008138,5.9e-05,exact_name,high,1.0
2006,2000,SHELBY,MEMPHIS 45 1,7844,008136,2.839e-05,exact_name,high,1.0
2006,2000,SHELBY,MEMPHIS 45 1,7844,008114,2.422e-05,exact_name,high,1.0
2006,2000,SHELBY,MEMPHIS 45 1,7844,008171,8.27e-06,exact_name,high,1.0
2006,2000,SHELBY,MEMPHIS 45 1,7844,008125,1.32e-06,exact_name,high,1.0
2006,2000,SHELBY,MEMPHIS 45 2,7848,008138,0.99965658,exact_name,high,1.0
2006,2000,SHELBY,MEMPHIS 45 2,7848,008171,0.00028016,exact_name,high,1.0
2006,2000,SHELBY,MEMPHIS 45 2,7848,008139,6.327e-05,exact_name,high,1.0
2006,2000,SHELBY,MEMPHIS 45 4,7856,008139,0.99967312,exact_name,high,1.0
2006,2000,SHELBY,MEMPHIS 45 4,7856,008138,0.00026515,exact_name,high,1.0
2006,2000,SHELBY,MEMPHIS 45 4,7856,008136,3.353e-05,exact_name,high,1.0
2006,2000,SHELBY,MEMPHIS 45 4,7856,008141,2.416e-05,exact_name,high,1.0
2006,2000,SHELBY,MEMPHIS 45 4,7856,008157,4.05e-06,exact_name,high,1.0
2006,2000,SHELBY,MEMPHIS 46 1,7860,008141,0.99982913,exact_name,high,1.0
2006,2000,SHELBY,MEMPHIS 46 1,7860,008157,0.00016784,exact_name,high,1.0
2006,2000,SHELBY,MEMPHIS 46 1,7860,008139,3.03e-06,exact_name,high,1.0
2006,2000,SHELBY,MEMPHIS 46 2,7864,008141,0.99925511,exact_name,high,1.0
2006,2000,SHELBY,MEMPHIS 46 2,7864,008157,0.00055706,exact_name,high,1.0
2006,2000,SHELBY,MEMPHIS 46 2,7864,008177,0.00015289,exact_name,high,1.0
2006,2000,SHELBY,MEMPHIS 46 2,7864,008158,2.332e-05,exact_name,high,1.0
2006,2000,SHELBY,MEMPHIS 46 2,7864,008159,1.145e-05,exact_name,high,1.0
2006,2000,SHELBY,MEMPHIS 46 2,7864,008139,1.7e-07,exact_name,high,1.0
2006,2000,SHELBY,MEMPHIS 47 1,7872,008142,0.99818511,exact_name,high,1.0
2006,2000,SHELBY,MEMPHIS 47 1,7872,008118,0.00073251,exact_name,high,1.0
2006,2000,SHELBY,MEMPHIS 47 1,7872,008171,0.00039053,exact_name,high,1.0
2006,2000,SHELBY,MEMPHIS 47 1,7872,008161,0.00029411,exact_name,high,1.0
2006,2000,SHELBY,MEMPHIS 47 1,7872,008167,0.00023785,exact_name,high,1.0
2006,2000,SHELBY,MEMPHIS 47 1,7872,008170,0.00015989,exact_name,high,1.0
2006,2000,SHELBY,MEMPHIS 47 2,7876,008142,0.99813829,exact_name,high,1.0
2006,2000,SHELBY,MEMPHIS 47 2,7876,008171,0.00186167,exact_name,high,1.0
2006,2000,SHELBY,MEMPHIS 47 2,7876,008138,5e-08,exact_name,high,1.0
2006,2000,SHELBY,MEMPHIS 47 3,7880,008142,0.99975398,exact_name,high,1.0
2006,2000,SHELBY,MEMPHIS 47 3,7880,008161,0.00024602,exact_name,high,1.0
2006,2000,SHELBY,MEMPHIS 48,7884,008170,0.98927142,exact_name,high,1.0
2006,2000,SHELBY,MEMPHIS 48,7884,008144,0.00702775,exact_name,high,1.0
2006,2000,SHELBY,MEMPHIS 48,7884,008164,0.00305609,exact_name,high,1.0
2006,2000,SHELBY,MEMPHIS 48,7884,008142,0.00037406,exact_name,high,1.0
2006,2000,SHELBY,MEMPHIS 48,7884,008113,0.00025566,exact_name,high,1.0
2006,2000,SHELBY,MEMPHIS 48,7884,008118,1.502e-05,exact_name,high,1.0
2006,2000,SHELBY,MEMPHIS 49 1,7888,008144,0.99582736,exact_name,high,1.0
2006,2000,SHELBY,MEMPHIS 49 1,7888,008121,0.00417025,exact_name,high,1.0
2006,2000,SHELBY,MEMPHIS 49 1,7888,008120,2.39e-06,exact_name,high,1.0
2006,2000,SHELBY,MEMPHIS 49 2,7892,008144,0.99862323,exact_name,high,1.0
2006,2000,SHELBY,MEMPHIS 49 2,7892,008164,0.00137677,exact_name,high,1.0
2006,2000,SHELBY,MEMPHIS 50 1,7900,008145,0.99973374,exact_name,high,1.0
2006,2000,SHELBY,MEMPHIS 50 1,7900,008203,0.00012447,exact_name,high,1.0
2006,2000,SHELBY,MEMPHIS 50 1,7900,008224,5.828e-05,exact_name,high,1.0
2006,2000,SHELBY,MEMPHIS 50 1,7900,008200,4.469e-05,exact_name,high,1.0
2006,2000,SHELBY,MEMPHIS 50 1,7900,008104,3.422e-05,exact_name,high,1.0
2006,2000,SHELBY,MEMPHIS 50 1,7900,008121,4.6e-06,exact_name,high,1.0
2006,2000,SHELBY,MEMPHIS 50 2,7904,008121,0.99814527,exact_name,high,1.0
2006,2000,SHELBY,MEMPHIS 50 2,7904,008144,0.00121029,exact_name,high,1.0
2006,2000,SHELBY,MEMPHIS 50 2,7904,008145,0.00054801,exact_name,high,1.0
2006,2000,SHELBY,MEMPHIS 50 2,7904,008120,9.616e-05,exact_name,high,1.0
2006,2000,SHELBY,MEMPHIS 50 2,7904,008200,2.7e-07,exact_name,high,1.0
2006,2000,SHELBY,MEMPHIS 51,7908,008110,0.99952754,exact_name,high,1.0
2006,2000,SHELBY,MEMPHIS 51,7908,008111,0.00039032,exact_name,high,1.0
2006,2000,SHELBY,MEMPHIS 51,7908,008103,8.214e-05,exact_name,high,1.0
2006,2000,SHELBY,MEMPHIS 52 1,7912,008146,0.99815548,exact_name,high,1.0
2006,2000,SHELBY,MEMPHIS 52 1,7912,008130,0.00092185,exact_name,high,1.0
2006,2000,SHELBY,MEMPHIS 52 1,7912,008149,0.000515,exact_name,high,1.0
2006,2000,SHELBY,MEMPHIS 52 1,7912,008131,0.00020271,exact_name,high,1.0
2006,2000,SHELBY,MEMPHIS 52 1,7912,008125,0.0001584,exact_name,high,1.0
2006,2000,SHELBY,MEMPHIS 52 1,7912,008122,4.655e-05,exact_name,high,1.0
2006,2000,SHELBY,MEMPHIS 52 2,7916,008146,0.99824289,exact_name,high,1.0
2006,2000,SHELBY,MEMPHIS 52 2,7916,008125,0.00111302,exact_name,high,1.0
2006,2000,SHELBY,MEMPHIS 52 2,7916,008122,0.00051911,exact_name,high,1.0
2006,2000,SHELBY,MEMPHIS 52 2,7916,008119,0.00012497,exact_name,high,1.0
2006,2000,SHELBY,MEMPHIS 52 2,7916,008109,2e-08,exact_name,high,1.0
2006,2000,SHELBY,MEMPHIS 52 3,7920,008125,0.99998409,exact_name,high,1.0
2006,2000,SHELBY,MEMPHIS 52 3,7920,008146,1.101e-05,exact_name,high,1.0
2006,2000,SHELBY,MEMPHIS 52 3,7920,008136,4.9e-06,exact_name,high,1.0
2006,2000,SHELBY,MEMPHIS 53 1,7924,008149,0.99945607,exact_name,high,1.0
2006,2000,SHELBY,MEMPHIS 53 1,7924,008152,0.00045523,exact_name,high,1.0
2006,2000,SHELBY,MEMPHIS 53 1,7924,008172,8.87e-05,exact_name,high,1.0
2006,2000,SHELBY,MEMPHIS 53 2,7928,008172,0.99175361,exact_name,high,1.0
2006,2000,SHELBY,MEMPHIS 53 2,7928,008149,0.00546095,exact_name,high,1.0
2006,2000,SHELBY,MEMPHIS 53 2,7928,008152,0.00278543,exact_name,high,1.0
2006,2000,SHELBY,MEMPHIS 53 3,7932,008152,0.9970441,exact_name,high,1.0
2006,2000,SHELBY,MEMPHIS 53 3,7932,008172,0.0017891,exact_name,high,1.0
2006,2000,SHELBY,MEMPHIS 53 3,7932,008149,0.0011668,exact_name,high,1.0
2006,2000,SHELBY,MEMPHIS 54,7936,008152,0.99961566,exact_name,high,1.0
2006,2000,SHELBY,MEMPHIS 54,7936,008133,0.00030351,exact_name,high,1.0
2006,2000,SHELBY,MEMPHIS 54,7936,008154,6.428e-05,exact_name,high,1.0
2006,2000,SHELBY,MEMPHIS 54,7936,008149,1.655e-05,exact_name,high,1.0
2006,2000,SHELBY,MEMPHIS 55 1,7944,008154,0.99857331,exact_name,high,1.0
2006,2000,SHELBY,MEMPHIS 55 1,7944,008133,0.00142392,exact_name,high,1.0
2006,2000,SHELBY,MEMPHIS 55 1,7944,008157,2.77e-06,exact_name,high,1.0
2006,2000,SHELBY,MEMPHIS 55 2,7948,008154,0.99838118,exact_name,high,1.0
2006,2000,SHELBY,MEMPHIS 55 2,7948,008152,0.00156419,exact_name,high,1.0
2006,2000,SHELBY,MEMPHIS 55 2,7948,008174,3.025e-05,exact_name,high,1.0
2006,2000,SHELBY,MEMPHIS 55 2,7948,008157,2.438e-05,exact_name,high,1.0
2006,2000,SHELBY,MEMPHIS 56 1,7952,008157,0.99794732,exact_name,high,1.0
2006,2000,SHELBY,MEMPHIS 56 1,7952,008174,0.0018057,exact_name,high,1.0
2006,2000,SHELBY,MEMPHIS 56 1,7952,008154,0.00022258,exact_name,high,1.0
2006,2000,SHELBY,MEMPHIS 56 1,7952,008180,1.719e-05,exact_name,high,1.0
2006,2000,SHELBY,MEMPHIS 56 1,7952,008177,7.21e-06,exact_name,high,1.0
2006,2000,SHELBY,MEMPHIS 56 2,7956,008180,0.99909421,exact_name,high,1.0
2006,2000,SHELBY,MEMPHIS 56 2,7956,008178,0.0008595,exact_name,high,1.0
2006,2000,SHELBY,MEMPHIS 56 2,7956,008217,3.427e-05,exact_name,high,1.0
2006,2000,SHELBY,MEMPHIS 56 2,7956,008174,6.07e-06,exact_name,high,1.0
2006,2000,SHELBY,MEMPHIS 56 2,7956,008157,5.95e-06,exact_name,high,1.0
2006,2000,SHELBY,MEMPHIS 56 3,7958,008177,0.99767885,exact_name,high,1.0
2006,2000,SHELBY,MEMPHIS 56 3,7958,008157,0.00127893,exact_name,high,1.0
2006,2000,SHELBY,MEMPHIS 56 3,7958,008180,0.00067684,exact_name,high,1.0
2006,2000,SHELBY,MEMPHIS 56 3,7958,008141,0.00022755,exact_name,high,1.0
2006,2000,SHELBY,MEMPHIS 56 3,7958,008176,0.00013783,exact_name,high,1.0
2006,2000,SHELBY,MEMPHIS 57,7960,008157,0.99981906,exact_name,high,1.0
2006,2000,SHELBY,MEMPHIS 57,7960,008141,0.00013699,exact_name,high,1.0
2006,2000,SHELBY,MEMPHIS 57,7960,008154,4.25e-05,exact_name,high,1.0
2006,2000,SHELBY,MEMPHIS 57,7960,008177,1.45e-06,exact_name,high,1.0
2006,2000,SHELBY,MEMPHIS 58 1,7964,008158,0.99926584,exact_name,high,1.0
2006,2000,SHELBY,MEMPHIS 58 1,7964,008138,0.000413,exact_name,high,1.0
2006,2000,SHELBY,MEMPHIS 58 1,7964,008141,0.00018975,exact_name,high,1.0
2006,2000,SHELBY,MEMPHIS 58 1,7964,008159,0.00011946,exact_name,high,1.0
2006,2000,SHELBY,MEMPHIS 58 1,7964,008139,1.195e-05,exact_name,high,1.0
2006,2000,SHELBY,MEMPHIS 58 2,7968,008158,0.99989488,exact_name,high,1.0
2006,2000,SHELBY,MEMPHIS 58 2,7968,008159,0.00010279,exact_name,high,1.0
2006,2000,SHELBY,MEMPHIS 58 2,7968,008138,2.33e-06,exact_name,high,1.0
2006,2000,SHELBY,MEMPHIS 58 2,7968,008161,0.0,exact_name,high,1.0
2006,2000,SHELBY,MEMPHIS 58 3,7972,008159,0.99919232,exact_name,high,1.0
2006,2000,SHELBY,MEMPHIS 58 3,7972,008161,0.00065452,exact_name,high,1.0
2006,2000,SHELBY,MEMPHIS 58 3,7972,008158,0.00013109,exact_name,high,1.0
2006,2000,SHELBY,MEMPHIS 58 3,7972,008191,2.207e-05,exact_name,high,1.0
2006,2000,SHELBY,MEMPHIS 58 4,7976,008159,0.99725925,exact_name,high,1.0
2006,2000,SHELBY,MEMPHIS 58 4,7976,008141,0.0018745,exact_name,high,1.0
2006,2000,SHELBY,MEMPHIS 58 4,7976,008176,0.00086309,exact_name,high,1.0
2006,2000,SHELBY,MEMPHIS 58 4,7976,008192,2.48e-06,exact_name,high,1.0
2006,2000,SHELBY,MEMPHIS 58 4,7976,008158,6.8e-07,exact_name,high,1.0
2006,2000,SHELBY,MEMPHIS 59 1,7984,008138,0.79554655,exact_name,high,1.0
2006,2000,SHELBY,MEMPHIS 59 1,7984,008142,0.20443621,exact_name,high,1.0
2006,2000,SHELBY,MEMPHIS 59 1,7984,008161,1.554e-05,exact_name,high,1.0
2006,2000,SHELBY,MEMPHIS 59 1,7984,008171,1.69e-06,exact_name,high,1.0
2006,2000,SHELBY,MEMPHIS 59 2,7988,008138,0.99963003,exact_name,high,1.0
2006,2000,SHELBY,MEMPHIS 59 2,7988,008158,0.00034867,exact_name,high,1.0
2006,2000,SHELBY,MEMPHIS 59 2,7988,008161,2.13e-05,exact_name,high,1.0
2006,2000,SHELBY,MEMPHIS 59 3,7992,008161,0.9986974,exact_name,high,1.0
2006,2000,SHELBY,MEMPHIS 59 3,7992,008159,0.00125572,exact_name,high,1.0
2006,2000,SHELBY,MEMPHIS 59 3,7992,008158,3.956e-05,exact_name,high,1.0
2006,2000,SHELBY,MEMPHIS 59 3,7992,008138,7.31e-06,exact_name,high,1.0
2006,2000,SHELBY,MEMPHIS 59 4,7996,008161,0.99936504,exact_name,high,1.0
2006,2000,SHELBY,MEMPHIS 59 4,7996,008142,0.00063493,exact_name,high,1.0
2006,2000,SHELBY,MEMPHIS 59 4,7996,008138,3e-08,exact_name,high,1.0
2006,2000,SHELBY,MEMPHIS 59 5,8000,008161,0.99317225,exact_name,high,1.0
2006,2000,SHELBY,MEMPHIS 59 5,8000,008159,0.00426662,exact_name,high,1.0
2006,2000,SHELBY,MEMPHIS 59 5,8000,008191,0.00256113,exact_name,high,1.0
2006,2000,SHELBY,MEMPHIS 60 1,8004,008164,0.99885171,exact_name,high,1.0
2006,2000,SHELBY,MEMPHIS 60 1,8004,008207,0.00049383,exact_name,high,1.0
2006,2000,SHELBY,MEMPHIS 60 1,8004,008144,0.00044737,exact_name,high,1.0
2006,2000,SHELBY,MEMPHIS 60 1,8004,008170,0.00017773,exact_name,high,1.0
2006,2000,SHELBY,MEMPHIS 60 1,8004,008167,2.936e-05,exact_name,high,1.0
2006,2000,SHELBY,MEMPHIS 60 10,8038,008161,0.99014819,exact_name,high,1.0
2006,2000,SHELBY,MEMPHIS 60 10,8038,008142,0.00985181,exact_name,high,1.0
2006,2000,SHELBY,MEMPHIS 60 2,8008,008161,0.99892089,exact_name,high,1.0
2006,2000,SHELBY,MEMPHIS 60 2,8008,008167,0.00052317,exact_name,high,1.0
2006,2000,SHELBY,MEMPHIS 60 2,8008,008166,0.00037168,exact_name,high,1.0
2006,2000,SHELBY,MEMPHIS 60 2,8008,008191,0.00017603,exact_name,high,1.0
2006,2000,SHELBY,MEMPHIS 60 2,8008,008142,8.22e-06,exact_name,high,1.0
2006,2000,SHELBY,MEMPHIS 60 3,8012,008164,0.99925314,exact_name,high,1.0
2006,2000,SHELBY,MEMPHIS 60 3,8012,008170,0.00039772,exact_name,high,1.0
2006,2000,SHELBY,MEMPHIS 60 3,8012,008167,0.00034915,exact_name,high,1.0
2006,2000,SHELBY,MEMPHIS 60 4,8016,008170,0.99948898,exact_name,high,1.0
2006,2000,SHELBY,MEMPHIS 60 4,8016,008164,0.00045117,exact_name,high,1.0
2006,2000,SHELBY,MEMPHIS 60 4,8016,008167,5.985e-05,exact_name,high,1.0
2006,2000,SHELBY,MEMPHIS 60 5,8020,008166,0.99794741,exact_name,high,1.0
2006,2000,SHELBY,MEMPHIS 60 5,8020,008168,0.00095109,exact_name,high,1.0
2006,2000,SHELBY,MEMPHIS 60 5,8020,008191,0.00044444,exact_name,high,1.0
2006,2000,SHELBY,MEMPHIS 60 5,8020,008199,0.00024579,exact_name,high,1.0
2006,2000,SHELBY,MEMPHIS 60 5,8020,008167,0.00016522,exact_name,high,1.0
2006,2000,SHELBY,MEMPHIS 60 5,8020,008210,0.00014773,exact_name,high,1.0
2006,2000,SHELBY,MEMPHIS 60 5,8020,008161,9.832e-05,exact_name,high,1.0
2006,2000,SHELBY,MEMPHIS 60 6,8024,008167,0.99799985,exact_name,high,1.0
2006,2000,SHELBY,MEMPHIS 60 6,8024,008161,0.00181599,exact_name,high,1.0
2006,2000,SHELBY,MEMPHIS 60 6,8024,008166,0.00014674,exact_name,high,1.0
2006,2000,SHELBY,MEMPHIS 60 6,8024,008170,2.429e-05,exact_name,high,1.0
2006,2000,SHELBY,MEMPHIS 60 6,8024,008210,7.71e-06,exact_name,high,1.0
2006,2000,SHELBY,MEMPHIS 60 6,8024,008142,3.36e-06,exact_name,high,1.0
2006,2000,SHELBY,MEMPHIS 60 6,8024,008164,2.06e-06,exact_name,high,1.0
2006,2000,SHELBY,MEMPHIS 60 7,8028,008168,0.99882833,exact_name,high,1.0
2006,2000,SHELBY,MEMPHIS 60 7,8028,008166,0.00104875,exact_name,high,1.0
2006,2000,SHELBY,MEMPHIS 60 7,8028,008210,5.565e-05,exact_name,high,1.0
2006,2000,SHELBY,MEMPHIS 60 7,8028,008244,4.617e-05,exact_name,high,1.0
2006,2000,SHELBY,MEMPHIS 60 7,8028,008214,1.889e-05,exact_name,high,1.0
2006,2000,SHELBY,MEMPHIS 60 7,8028,008211,1.24e-06,exact_name,high,1.0
2006,2000,SHELBY,MEMPHIS 60 7,8028,008199,9.7e-07,exact_name,high,1.0
2006,2000,SHELBY,MEMPHIS 60 8,8032,008167,0.99941771,exact_name,high,1.0
2006,2000,SHELBY,MEMPHIS 60 8,8032,008210,0.00054525,exact_name,high,1.0
2006,2000,SHELBY,MEMPHIS 60 8,8032,008164,3.703e-05,exact_name,high,1.0
2006,2000,SHELBY,MEMPHIS 60 9,8036,008170,0.99557692,exact_name,high,1.0
2006,2000,SHELBY,MEMPHIS 60 9,8036,008142,0.00428619,exact_name,high,1.0
2006,2000,SHELBY,MEMPHIS 60 9,8036,008167,0.00013689,exact_name,high,1.0
2006,2000,SHELBY,MEMPHIS 61,8044,008171,0.9997453,exact_name,high,1.0
2006,2000,SHELBY,MEMPHIS 61,8044,008138,0.00020027,exact_name,high,1.0
2006,2000,SHELBY,MEMPHIS 61,8044,008142,5.444e-05,exact_name,high,1.0
2006,2000,SHELBY,MEMPHIS 62 1,8048,008172,0.9938435,exact_name,high,1.0
2006,2000,SHELBY,MEMPHIS 62 1,8048,008226,0.00376129,exact_name,high,1.0
2006,2000,SHELBY,MEMPHIS 62 1,8048,008234,0.00239521,exact_name,high,1.0
2006,2000,SHELBY,MEMPHIS 62 2,8052,008172,0.99835821,exact_name,high,1.0
2006,2000,SHELBY,MEMPHIS 62 2,8052,008234,0.00164179,exact_name,high,1.0
2006,2000,SHELBY,MEMPHIS 63 2,8060,008152,0.99875837,exact_name,high,1.0
2006,2000,SHELBY,MEMPHIS 63 2,8060,008179,0.00071994,exact_name,high,1.0
2006,2000,SHELBY,MEMPHIS 63 2,8060,008174,0.00051544,exact_name,high,1.0
2006,2000,SHELBY,MEMPHIS 63 2,8060,008154,6.24e-06,exact_name,high,1.0
2006,2000,SHELBY,MEMPHIS 64,8064,008174,0.9928158,exact_name,high,1.0
2006,2000,SHELBY,MEMPHIS 64,8064,008152,0.00574471,exact_name,high,1.0
2006,2000,SHELBY,MEMPHIS 64,8064,008157,0.00064007,exact_name,high,1.0
2006,2000,SHELBY,MEMPHIS 64,8064,008154,0.00042072,exact_name,high,1.0
2006,2000,SHELBY,MEMPHIS 64,8064,008179,0.00035575,exact_name,high,1.0
2006,2000,SHELBY,MEMPHIS 64,8064,008180,2.296e-05,exact_name,high,1.0
2006,2000,SHELBY,MEMPHIS 65 1,8072,008141,0.99660108,exact_name,high,1.0
2006,2000,SHELBY,MEMPHIS 65 1,8072,008159,0.00334376,exact_name,high,1.0
2006,2000,SHELBY,MEMPHIS 65 1,8072,008176,5.516e-05,exact_name,high,1.0
2006,2000,SHELBY,MEMPHIS 65 2,8076,008176,0.99993531,exact_name,high,1.0
2006,2000,SHELBY,MEMPHIS 65 2,8076,008177,6.176e-05,exact_name,high,1.0
2006,2000,SHELBY,MEMPHIS 65 2,8076,008141,2.93e-06,exact_name,high,1.0
2006,2000,SHELBY,MEMPHIS 66 1,8080,008176,0.9966067,exact_name,high,1.0
2006,2000,SHELBY,MEMPHIS 66 1,8080,008192,0.00255072,exact_name,high,1.0
2006,2000,SHELBY,MEMPHIS 66 1,8080,008141,0.00061773,exact_name,high,1.0
2006,2000,SHELBY,MEMPHIS 66 1,8080,008159,0.0002248,exact_name,high,1.0
2006,2000,SHELBY,MEMPHIS 66 1,8080,008194,5e-08,exact_name,high,1.0
2006,2000,SHELBY,MEMPHIS 66 2,8084,008176,0.97645498,exact_name,high,1.0
2006,2000,SHELBY,MEMPHIS 66 2,8084,008194,0.02353107,exact_name,high,1.0
2006,2000,SHELBY,MEMPHIS 66 2,8084,008177,1.395e-05,exact_name,high,1.0
2006,2000,SHELBY,MEMPHIS 67 1,8092,008177,0.99883628,exact_name,high,1.0
2006,2000,SHELBY,MEMPHIS 67 1,8092,008180,0.00110947,exact_name,high,1.0
2006,2000,SHELBY,MEMPHIS 67 1,8092,008178,4.283e-05,exact_name,high,1.0
2006,2000,SHELBY,MEMPHIS 67 1,8092,008176,1.142e-05,exact_name,high,1.0
2006,2000,SHELBY,MEMPHIS 67 2,8096,008177,0.82671781,exact_name,high,1.0
2006,2000,SHELBY,MEMPHIS 67 2,8096,008178,0.15303266,exact_name,high,1.0
2006,2000,SHELBY,MEMPHIS 67 2,8096,008194,0.01738505,exact_name,high,1.0
2006,2000,SHELBY,MEMPHIS 67 2,8096,008176,0.00195188,exact_name,high,1.0
2006,2000,SHELBY,MEMPHIS 67 2,8096,008222,0.00091261,exact_name,high,1.0
2006,2000,SHELBY,MEMPHIS 67 3,8100,008178,0.99704457,exact_name,high,1.0
2006,2000,SHELBY,MEMPHIS 67 3,8100,008217,0.00148659,exact_name,high,1.0
2006,2000,SHELBY,MEMPHIS 67 3,8100,008222,0.00146458,exact_name,high,1.0
2006,2000,SHELBY,MEMPHIS 67 3,8100,008177,4.26e-06,exact_name,high,1.0
2006,2000,SHELBY,MEMPHIS 68 1,8104,008237,0.58145968,exact_name,high,1.0
2006,2000,SHELBY,MEMPHIS 68 1,8104,008179,0.41705417,exact_name,high,1.0
2006,2000,SHELBY,MEMPHIS 68 1,8104,008217,0.0005165,exact_name,high,1.0
2006,2000,SHELBY,MEMPHIS 68 1,8104,008174,0.00033462,exact_name,high,1.0
2006,2000,SHELBY,MEMPHIS 68 1,8104,008089,0.00020319,exact_name,high,1.0
2006,2000,SHELBY,MEMPHIS 68 1,8104,008216,0.00016995,exact_name,high,1.0
2006,2000,SHELBY,MEMPHIS 68 1,8104,008241,0.00012408,exact_name,high,1.0
2006,2000,SHELBY,MEMPHIS 68 1,8104,008236,5.792e-05,exact_name,high,1.0
2006,2000,SHELBY,MEMPHIS 68 1,8104,008080,5.037e-05,exact_name,high,1.0
2006,2000,SHELBY,MEMPHIS 68 1,8104,008152,2.951e-05,exact_name,high,1.0
2006,2000,SHELBY,MEMPHIS 68 2,8108,008174,0.98695654,exact_name,high,1.0
2006,2000,SHELBY,MEMPHIS 68 2,8108,008217,0.01098693,exact_name,high,1.0
2006,2000,SHELBY,MEMPHIS 68 2,8108,008180,0.00134963,exact_name,high,1.0
2006,2000,SHELBY,MEMPHIS 68 2,8108,008179,0.00070691,exact_name,high,1.0
2006,2000,SHELBY,MEMPHIS 68 3,8112,008180,0.99928013,exact_name,high,1.0
2006,2000,SHELBY,MEMPHIS 68 3,8112,008174,0.00071975,exact_name,high,1.0
2006,2000,SHELBY,MEMPHIS 68 3,8112,008217,1.2e-07,exact_name,high,1.0
2006,2000,SHELBY,MEMPHIS 69 1,8116,008182,0.99394627,exact_name,high,1.0
2006,2000,SHELBY,MEMPHIS 69 1,8116,008100,0.00605335,exact_name,high,1.0
2006,2000,SHELBY,MEMPHIS 69 1,8116,008187,3.8e-07,exact_name,high,1.0
2006,2000,SHELBY,MEMPHIS 69 2,8120,008182,0.9993702,exact_name,high,1.0
2006,2000,SHELBY,MEMPHIS 69 2,8120,008101,0.00030234,exact_name,high,1.0
2006,2000,SHELBY,MEMPHIS 69 2,8120,008100,0.00023273,exact_name,high,1.0
2006,2000,SHELBY,MEMPHIS 69 2,8120,008184,7.462e-05,exact_name,high,1.0
2006,2000,SHELBY,MEMPHIS 69 2,8120,008187,2.012e-05,exact_name,high,1.0
2006,2000,SHELBY,MEMPHIS 70 1,8124,008183,0.70846592,exact_name,high,1.0
2006,2000,SHELBY,MEMPHIS 70 1,8124,008184,0.29140733,exact_name,high,1.0
2006,2000,SHELBY,MEMPHIS 70 1,8124,008182,0.00012221,exact_name,high,1.0
2006,2000,SHELBY,MEMPHIS 70 1,8124,008187,4.54e-06,exact_name,high,1.0
2006,2000,SHELBY,MEMPHIS 70 2,8128,008184,0.99819957,exact_name,high,1.0
2006,2000,SHELBY,MEMPHIS 70 2,8128,008111,0.00076068,exact_name,high,1.0
2006,2000,SHELBY,MEMPHIS 70 2,8128,008110,0.00052592,exact_name,high,1.0
2006,2000,SHELBY,MEMPHIS 70 2,8128,008190,0.00040047,exact_name,high,1.0
2006,2000,SHELBY,MEMPHIS 70 2,8128,008182,0.00011336,exact_name,high,1.0
2006,2000,SHELBY,MEMPHIS 70 3,8132,008184,0.90374172,exact_name,high,1.0
2006,2000,SHELBY,MEMPHIS 70 3,8132,008183,0.09518555,exact_name,high,1.0
2006,2000,SHELBY,MEMPHIS 70 3,8132,008190,0.00105682,exact_name,high,1.0
2006,2000,SHELBY,MEMPHIS 70 3,8132,008182,1.591e-05,exact_name,high,1.0
2006,2000,SHELBY,MEMPHIS 71 1,8136,008187,0.90324174,exact_name,high,1.0
2006,2000,SHELBY,MEMPHIS 71 1,8136,008098,0.09675821,exact_name,high,1.0
2006,2000,SHELBY,MEMPHIS 71 1,8136,008100,5e-08,exact_name,high,1.0
2006,2000,SHELBY,MEMPHIS 71 2,8140,008187,0.9666476,exact_name,high,1.0
2006,2000,SHELBY,MEMPHIS 71 2,8140,008098,0.03294475,exact_name,high,1.0
2006,2000,SHELBY,MEMPHIS 71 2,8140,008239,0.00038404,exact_name,high,1.0
2006,2000,SHELBY,MEMPHIS 71 2,8140,008189,2.361e-05,exact_name,high,1.0
2006,2000,SHELBY,MEMPHIS 71 3,8144,008187,0.9981304,exact_name,high,1.0
2006,2000,SHELBY,MEMPHIS 71 3,8144,008189,0.0018696,exact_name,high,1.0
2006,2000,SHELBY,MEMPHIS 71 4,8148,008187,0.74586033,exact_name,high,1.0
2006,2000,SHELBY,MEMPHIS 71 4,8148,008100,0.25394706,exact_name,high,1.0
2006,2000,SHELBY,MEMPHIS 71 4,8148,008183,9.517e-05,exact_name,high,1.0
2006,2000,SHELBY,MEMPHIS 71 4,8148,008184,4.588e-05,exact_name,high,1.0
2006,2000,SHELBY,MEMPHIS 71 4,8148,008182,4.218e-05,exact_name,high,1.0
2006,2000,SHELBY,MEMPHIS 71 4,8148,008189,9.38e-06,exact_name,high,1.0
2006,2000,SHELBY,MEMPHIS 72 1,8152,008183,0.99801445,exact_name,high,1.0
2006,2000,SHELBY,MEMPHIS 72 1,8152,008189,0.00123135,exact_name,high,1.0
2006,2000,SHELBY,MEMPHIS 72 1,8152,008190,0.00067431,exact_name,high,1.0
2006,2000,SHELBY,MEMPHIS 72 1,8152,008187,7.989e-05,exact_name,high,1.0
2006,2000,SHELBY,MEMPHIS 72 3,8160,008189,0.99533169,exact_name,high,1.0
2006,2000,SHELBY,MEMPHIS 72 3,8160,008187,0.00225716,exact_name,high,1.0
2006,2000,SHELBY,MEMPHIS 72 3,8160,008239,0.00213424,exact_name,high,1.0
2006,2000,SHELBY,MEMPHIS 72 3,8160,008228,0.00027691,exact_name,high,1.0
2006,2000,SHELBY,MEMPHIS 72 4,8164,008190,0.92209423,exact_name,high,1.0
2006,2000,SHELBY,MEMPHIS 72 4,8164,008183,0.07565996,exact_name,high,1.0
2006,2000,SHELBY,MEMPHIS 72 4,8164,008184,0.00160185,exact_name,high,1.0
2006,2000,SHELBY,MEMPHIS 72 4,8164,008189,0.00064395,exact_name,high,1.0
2006,2000,SHELBY,MEMPHIS 72 5,8168,008189,0.99674355,exact_name,high,1.0
2006,2000,SHELBY,MEMPHIS 72 5,8168,008190,0.00289172,exact_name,high,1.0
2006,2000,SHELBY,MEMPHIS 72 5,8168,008228,0.00036473,exact_name,high,1.0
2006,2000,SHELBY,MEMPHIS 72 6,8172,008189,0.99892331,exact_name,high,1.0
2006,2000,SHELBY,MEMPHIS 72 6,8172,008183,0.00061524,exact_name,high,1.0
2006,2000,SHELBY,MEMPHIS 72 6,8172,008187,0.00046145,exact_name,high,1.0
2006,2000,SHELBY,MEMPHIS 72 7,8176,008190,0.88863538,exact_name,high,1.0
2006,2000,SHELBY,MEMPHIS 72 7,8176,008131,0.10988816,exact_name,high,1.0
2006,2000,SHELBY,MEMPHIS 72 7,8176,008228,0.00081103,exact_name,high,1.0
2006,2000,SHELBY,MEMPHIS 72 7,8176,008226,0.00045799,exact_name,high,1.0
2006,2000,SHELBY,MEMPHIS 72 7,8176,008240,0.00020745,exact_name,high,1.0
2006,2000,SHELBY,MEMPHIS 73 1,8180,008191,0.9874167,exact_name,high,1.0
2006,2000,SHELBY,MEMPHIS 73 1,8180,008159,0.01129061,exact_name,high,1.0
2006,2000,SHELBY,MEMPHIS 73 1,8180,008166,0.00113312,exact_name,high,1.0
2006,2000,SHELBY,MEMPHIS 73 1,8180,008192,0.00011027,exact_name,high,1.0
2006,2000,SHELBY,MEMPHIS 73 1,8180,008161,4.931e-05,exact_name,high,1.0
2006,2000,SHELBY,MEMPHIS 73 2,8184,008192,0.99869146,exact_name,high,1.0
2006,2000,SHELBY,MEMPHIS 73 2,8184,008159,0.00065241,exact_name,high,1.0
2006,2000,SHELBY,MEMPHIS 73 2,8184,008197,0.0005956,exact_name,high,1.0
2006,2000,SHELBY,MEMPHIS 73 2,8184,008191,5.03e-05,exact_name,high,1.0
2006,2000,SHELBY,MEMPHIS 73 2,8184,008176,9.78e-06,exact_name,high,1.0
2006,2000,SHELBY,MEMPHIS 73 2,8184,008194,4.5e-07,exact_name,high,1.0
2006,2000,SHELBY,MEMPHIS 73 3,8188,008192,0.99975448,exact_name,high,1.0
2006,2000,SHELBY,MEMPHIS 73 3,8188,008191,0.00012186,exact_name,high,1.0
2006,2000,SHELBY,MEMPHIS 73 3,8188,008199,0.00010325,exact_name,high,1.0
2006,2000,SHELBY,MEMPHIS 73 3,8188,008197,2.041e-05,exact_name,high,1.0
2006,2000,SHELBY,MEMPHIS 73 4,8192,008191,0.99881373,exact_name,high,1.0
2006,2000,SHELBY,MEMPHIS 73 4,8192,008192,0.00093794,exact_name,high,1.0
2006,2000,SHELBY,MEMPHIS 73 4,8192,008199,0.00023122,exact_name,high,1.0
2006,2000,SHELBY,MEMPHIS 73 4,8192,008166,1.711e-05,exact_name,high,1.0
2006,2000,SHELBY,MEMPHIS 74 1,8216,008194,0.99893364,exact_name,high,1.0
2006,2000,SHELBY,MEMPHIS 74 1,8216,008197,0.00071976,exact_name,high,1.0
2006,2000,SHELBY,MEMPHIS 74 1,8216,008195,0.0003466,exact_name,high,1.0
2006,2000,SHELBY,MEMPHIS 74 2,8220,008195,0.99788959,exact_name,high,1.0
2006,2000,SHELBY,MEMPHIS 74 2,8220,008194,0.00127362,exact_name,high,1.0
2006,2000,SHELBY,MEMPHIS 74 2,8220,008199,0.00056814,exact_name,high,1.0
2006,2000,SHELBY,MEMPHIS 74 2,8220,008197,0.0001847,exact_name,high,1.0
2006,2000,SHELBY,MEMPHIS 74 2,8220,008243,8.395e-05,exact_name,high,1.0
2006,2000,SHELBY,MEMPHIS 74 4,8228,008199,0.99732107,exact_name,high,1.0
2006,2000,SHELBY,MEMPHIS 74 4,8228,008243,0.001571,exact_name,high,1.0
2006,2000,SHELBY,MEMPHIS 74 4,8228,008168,0.00101268,exact_name,high,1.0
2006,2000,SHELBY,MEMPHIS 74 4,8228,008244,9.525e-05,exact_name,high,1.0
2006,2000,SHELBY,MEMPHIS 74 5,8232,008197,0.99504395,exact_name,high,1.0
2006,2000,SHELBY,MEMPHIS 74 5,8232,008194,0.00295086,exact_name,high,1.0
2006,2000,SHELBY,MEMPHIS 74 5,8232,008195,0.00147804,exact_name,high,1.0
2006,2000,SHELBY,MEMPHIS 74 5,8232,008199,0.0003937,exact_name,high,1.0
2006,2000,SHELBY,MEMPHIS 74 5,8232,008192,0.00013345,exact_name,high,1.0
2006,2000,SHELBY,MEMPHIS 74 6,8236,008194,0.85160881,exact_name,high,1.0
2006,2000,SHELBY,MEMPHIS 74 6,8236,008222,0.14288305,exact_name,high,1.0
2006,2000,SHELBY,MEMPHIS 74 6,8236,008178,0.0041744,exact_name,high,1.0
2006,2000,SHELBY,MEMPHIS 74 6,8236,008197,0.0009416,exact_name,high,1.0
2006,2000,SHELBY,MEMPHIS 74 6,8236,008177,0.00036597,exact_name,high,1.0
2006,2000,SHELBY,MEMPHIS 74 6,8236,008217,2.129e-05,exact_name,high,1.0
2006,2000,SHELBY,MEMPHIS 74 6,8236,008195,3.6e-06,exact_name,high,1.0
2006,2000,SHELBY,MEMPHIS 74 6,8236,008192,1.28e-06,exact_name,high,1.0
2006,2000,SHELBY,MEMPHIS 74 6,8236,008176,0.0,exact_name,high,1.0
2006,2000,SHELBY,MEMPHIS 74 8,8244,008195,0.99848788,exact_name,high,1.0
2006,2000,SHELBY,MEMPHIS 74 8,8244,008243,0.00111589,exact_name,high,1.0
2006,2000,SHELBY,MEMPHIS 74 8,8244,008246,0.00035227,exact_name,high,1.0
2006,2000,SHELBY,MEMPHIS 74 8,8244,008194,4.396e-05,exact_name,high,1.0
2006,2000,SHELBY,MEMPHIS 74 9,8248,008199,0.99720677,exact_name,high,1.0
2006,2000,SHELBY,MEMPHIS 74 9,8248,008191,0.00119923,exact_name,high,1.0
2006,2000,SHELBY,MEMPHIS 74 9,8248,008195,0.00108106,exact_name,high,1.0
2006,2000,SHELBY,MEMPHIS 74 9,8248,008192,0.00032407,exact_name,high,1.0
2006,2000,SHELBY,MEMPHIS 74 9,8248,008166,0.00010839,exact_name,high,1.0
2006,2000,SHELBY,MEMPHIS 74 9,8248,008197,6.689e-05,exact_name,high,1.0
2006,2000,SHELBY,MEMPHIS 74 9,8248,008168,1.359e-05,exact_name,high,1.0
2006,2000,SHELBY,MEMPHIS 75 1,8252,008200,0.99898638,exact_name,high,1.0
2006,2000,SHELBY,MEMPHIS 75 1,8252,008203,0.0005988,exact_name,high,1.0
2006,2000,SHELBY,MEMPHIS 75 1,8252,008145,0.00041483,exact_name,high,1.0
2006,2000,SHELBY,MEMPHIS 75 11,8260,008201,0.99912445,exact_name,high,1.0
2006,2000,SHELBY,MEMPHIS 75 11,8260,008202,0.00060098,exact_name,high,1.0
2006,2000,SHELBY,MEMPHIS 75 11,8260,008204,0.0002665,exact_name,high,1.0
2006,2000,SHELBY,MEMPHIS 75 11,8260,008205,8.07e-06,exact_name,high,1.0
2006,2000,SHELBY,MEMPHIS 75 4,8276,008202,0.99908704,exact_name,high,1.0
2006,2000,SHELBY,MEMPHIS 75 4,8276,008201,0.00091296,exact_name,high,1.0
2006,2000,SHELBY,MEMPHIS 75 5,8280,008201,0.9996611,exact_name,high,1.0
2006,2000,SHELBY,MEMPHIS 75 5,8280,008205,0.0002959,exact_name,high,1.0
2006,2000,SHELBY,MEMPHIS 75 5,8280,008224,3.461e-05,exact_name,high,1.0
2006,2000,SHELBY,MEMPHIS 75 5,8280,008202,8.39e-06,exact_name,high,1.0
2006,2000,SHELBY,MEMPHIS 75 6,8284,008202,0.99575131,exact_name,high,1.0
2006,2000,SHELBY,MEMPHIS 75 6,8284,008203,0.00396557,exact_name,high,1.0
2006,2000,SHELBY,MEMPHIS 75 6,8284,008201,0.00027904,exact_name,high,1.0
2006,2000,SHELBY,MEMPHIS 75 6,8284,008204,4.07e-06,exact_name,high,1.0
2006,2000,SHELBY,MEMPHIS 75 7,8288,008203,0.99969453,exact_name,high,1.0
2006,2000,SHELBY,MEMPHIS 75 7,8288,008202,0.00026775,exact_name,high,1.0
2006,2000,SHELBY,MEMPHIS 75 7,8288,008200,3.771e-05,exact_name,high,1.0
2006,2000,SHELBY,MEMPHIS 76 1,8300,008207,0.99808253,exact_name,high,1.0
2006,2000,SHELBY,MEMPHIS 76 1,8300,008200,0.00078661,exact_name,high,1.0
2006,2000,SHELBY,MEMPHIS 76 1,8300,008121,0.00057608,exact_name,high,1.0
2006,2000,SHELBY,MEMPHIS 76 1,8300,008204,0.00042788,exact_name,high,1.0
2006,2000,SHELBY,MEMPHIS 76 1,8300,008209,9.634e-05,exact_name,high,1.0
2006,2000,SHELBY,MEMPHIS 76 1,8300,008164,3.056e-05,exact_name,high,1.0
2006,2000,SHELBY,MEMPHIS 76 1,8300,008203,0.0,exact_name,high,1.0
2006,2000,SHELBY,MEMPHIS 76 4,8312,008204,0.99710242,exact_name,high,1.0
2006,2000,SHELBY,MEMPHIS 76 4,8312,008207,0.00169456,exact_name,high,1.0
2006,2000,SHELBY,MEMPHIS 76 4,8312,008206,0.00089681,exact_name,high,1.0
2006,2000,SHELBY,MEMPHIS 76 4,8312,008202,0.00029034,exact_name,high,1.0
2006,2000,SHELBY,MEMPHIS 76 4,8312,008209,1.587e-05,exact_name,high,1.0
2006,2000,SHELBY,MEMPHIS 76 5,8316,008205,0.9983089,exact_name,high,1.0
2006,2000,SHELBY,MEMPHIS 76 5,8316,008201,0.00129315,exact_name,high,1.0
2006,2000,SHELBY,MEMPHIS 76 5,8316,008204,0.00027051,exact_name,high,1.0
2006,2000,SHELBY,MEMPHIS 76 5,8316,008213,8.825e-05,exact_name,high,1.0
2006,2000,SHELBY,MEMPHIS 76 5,8316,008206,3.919e-05,exact_name,high,1.0
2006,2000,SHELBY,MEMPHIS 76 6,8320,008206,0.99943786,exact_name,high,1.0
2006,2000,SHELBY,MEMPHIS 76 6,8320,008205,0.0003941,exact_name,high,1.0
2006,2000,SHELBY,MEMPHIS 76 6,8320,008204,0.00016804,exact_name,high,1.0
2006,2000,SHELBY,MEMPHIS 77 1,8324,008207,0.99951127,exact_name,high,1.0
2006,2000,SHELBY,MEMPHIS 77 1,8324,008164,0.00028049,exact_name,high,1.0
2006,2000,SHELBY,MEMPHIS 77 1,8324,008209,0.00017743,exact_name,high,1.0
2006,2000,SHELBY,MEMPHIS 77 1,8324,008210,3.081e-05,exact_name,high,1.0
2006,2000,SHELBY,MEMPHIS 77 2,8328,008206,0.61154921,exact_name,high,1.0
2006,2000,SHELBY,MEMPHIS 77 2,8328,008212,0.38737894,exact_name,high,1.0
2006,2000,SHELBY,MEMPHIS 77 2,8328,008213,0.00045176,exact_name,high,1.0
2006,2000,SHELBY,MEMPHIS 77 2,8328,008209,0.00029683,exact_name,high,1.0
2006,2000,SHELBY,MEMPHIS 77 2,8328,008204,0.00016413,exact_name,high,1.0
2006,2000,SHELBY,MEMPHIS 77 2,8328,008211,0.00015914,exact_name,high,1.0
2006,2000,SHELBY,MEMPHIS 77 3,8332,008209,0.99906828,exact_name,high,1.0
2006,2000,SHELBY,MEMPHIS 77 3,8332,008207,0.00055624,exact_name,high,1.0
2006,2000,SHELBY,MEMPHIS 77 3,8332,008211,0.0001801,exact_name,high,1.0
2006,2000,SHELBY,MEMPHIS 77 3,8332,008206,0.0001607,exact_name,high,1.0
2006,2000,SHELBY,MEMPHIS 77 3,8332,008204,2.679e-05,exact_name,high,1.0
2006,2000,SHELBY,MEMPHIS 77 3,8332,008210,7.9e-06,exact_name,high,1.0
2006,2000,SHELBY,MEMPHIS 78 1,8336,008210,0.99909048,exact_name,high,1.0
2006,2000,SHELBY,MEMPHIS 78 1,8336,008209,0.00072367,exact_name,high,1.0
2006,2000,SHELBY,MEMPHIS 78 1,8336,008207,0.00018585,exact_name,high,1.0
2006,2000,SHELBY,MEMPHIS 78 3,8344,008210,0.99945624,exact_name,high,1.0
2006,2000,SHELBY,MEMPHIS 78 3,8344,008166,0.00030604,exact_name,high,1.0
2006,2000,SHELBY,MEMPHIS 78 3,8344,008207,0.00019879,exact_name,high,1.0
2006,2000,SHELBY,MEMPHIS 78 3,8344,008167,3.867e-05,exact_name,high,1.0
2006,2000,SHELBY,MEMPHIS 78 3,8344,008209,2.6e-07,exact_name,high,1.0
2006,2000,SHELBY,MEMPHIS 79 1,8356,008211,0.99993358,exact_name,high,1.0
2006,2000,SHELBY,MEMPHIS 79 1,8356,008212,6.251e-05,exact_name,high,1.0
2006,2000,SHELBY,MEMPHIS 79 1,8356,008209,3.92e-06,exact_name,high,1.0
2006,2000,SHELBY,MEMPHIS 79 2,8360,008212,0.99982822,exact_name,high,1.0
2006,2000,SHELBY,MEMPHIS 79 2,8360,008213,0.00012292,exact_name,high,1.0
2006,2000,SHELBY,MEMPHIS 79 2,8360,008214,3.222e-05,exact_name,high,1.0
2006,2000,SHELBY,MEMPHIS 79 2,8360,008211,1.663e-05,exact_name,high,1.0
2006,2000,SHELBY,MEMPHIS 79 3,8364,008213,0.99994801,exact_name,high,1.0
2006,2000,SHELBY,MEMPHIS 79 3,8364,008206,4.271e-05,exact_name,high,1.0
2006,2000,SHELBY,MEMPHIS 79 3,8364,008205,9.28e-06,exact_name,high,1.0
2006,2000,SHELBY,MEMPHIS 79 7,8380,008214,0.99961306,exact_name,high,1.0
2006,2000,SHELBY,MEMPHIS 79 7,8380,008211,0.00021531,exact_name,high,1.0
2006,2000,SHELBY,MEMPHIS 79 7,8380,008213,0.00011883,exact_name,high,1.0
2006,2000,SHELBY,MEMPHIS 79 7,8380,008168,4.729e-05,exact_name,high,1.0
2006,2000,SHELBY,MEMPHIS 79 7,8380,008212,5.52e-06,exact_name,high,1.0
2006,2000,SHELBY,MEMPHIS 79 8,8384,008211,0.99975497,exact_name,high,1.0
2006,2000,SHELBY,MEMPHIS 79 8,8384,008214,9.253e-05,exact_name,high,1.0
2006,2000,SHELBY,MEMPHIS 79 8,8384,008210,8.106e-05,exact_name,high,1.0
2006,2000,SHELBY,MEMPHIS 79 8,8384,008209,3.982e-05,exact_name,high,1.0
2006,2000,SHELBY,MEMPHIS 79 8,8384,008168,3.162e-05,exact_name,high,1.0
2006,2000,SHELBY,MEMPHIS 79 9,8388,008213,0.99910387,exact_name,high,1.0
2006,2000,SHELBY,MEMPHIS 79 9,8388,008168,0.00060865,exact_name,high,1.0
2006,2000,SHELBY,MEMPHIS 79 9,8388,008214,0.00028749,exact_name,high,1.0
2006,2000,SHELBY,MEMPHIS 80 2,8396,008216,0.69012403,exact_name,high,1.0
2006,2000,SHELBY,MEMPHIS 80 2,8396,008217,0.30320402,exact_name,high,1.0
2006,2000,SHELBY,MEMPHIS 80 2,8396,008089,0.00465126,exact_name,high,1.0
2006,2000,SHELBY,MEMPHIS 80 2,8396,008179,0.00135255,exact_name,high,1.0
2006,2000,SHELBY,MEMPHIS 80 2,8396,008237,0.00066813,exact_name,high,1.0
2006,2000,SHELBY,MEMPHIS 81 1,8400,008217,0.9966295,exact_name,high,1.0
2006,2000,SHELBY,MEMPHIS 81 1,8400,008216,0.00210685,exact_name,high,1.0
2006,2000,SHELBY,MEMPHIS 81 1,8400,008180,0.00126365,exact_name,high,1.0
2006,2000,SHELBY,MEMPHIS 81 2,8404,008222,0.98937189,exact_name,high,1.0
2006,2000,SHELBY,MEMPHIS 81 2,8404,008219,0.00393112,exact_name,high,1.0
2006,2000,SHELBY,MEMPHIS 81 2,8404,008217,0.00367207,exact_name,high,1.0
2006,2000,SHELBY,MEMPHIS 81 2,8404,008194,0.00302492,exact_name,high,1.0
2006,2000,SHELBY,MEMPHIS 81 3,8408,008219,0.99759883,exact_name,high,1.0
2006,2000,SHELBY,MEMPHIS 81 3,8408,008086,0.00239058,exact_name,high,1.0
2006,2000,SHELBY,MEMPHIS 81 3,8408,008217,1.059e-05,exact_name,high,1.0
2006,2000,SHELBY,MEMPHIS 81 4,8412,008222,0.58736637,exact_name,high,1.0
2006,2000,SHELBY,MEMPHIS 81 4,8412,008219,0.30556609,exact_name,high,1.0
2006,2000,SHELBY,MEMPHIS 81 4,8412,008217,0.10645128,exact_name,high,1.0
2006,2000,SHELBY,MEMPHIS 81 4,8412,008194,0.00037077,exact_name,high,1.0
2006,2000,SHELBY,MEMPHIS 81 4,8412,008245,0.00019529,exact_name,high,1.0
2006,2000,SHELBY,MEMPHIS 81 4,8412,008221,5.02e-05,exact_name,high,1.0
2006,2000,SHELBY,MEMPHIS 81 5,8416,008221,0.95396638,exact_name,high,1.0
2006,2000,SHELBY,MEMPHIS 81 5,8416,008090,0.03958612,exact_name,high,1.0
2006,2000,SHELBY,MEMPHIS 81 5,8416,008268,0.0038629,exact_name,high,1.0
2006,2000,SHELBY,MEMPHIS 81 5,8416,008086,0.001104,exact_name,high,1.0
2006,2000,SHELBY,MEMPHIS 81 5,8416,008245,0.00085823,exact_name,high,1.0
2006,2000,SHELBY,MEMPHIS 81 5,8416,008222,0.00043992,exact_name,high,1.0
2006,2000,SHELBY,MEMPHIS 81 5,8416,008082,0.00018223,exact_name,high,1.0
2006,2000,SHELBY,MEMPHIS 81 5,8416,008251,2.3e-07,exact_name,high,1.0
2006,2000,SHELBY,MEMPHIS 81 6,8420,008217,0.90980934,exact_name,high,1.0
2006,2000,SHELBY,MEMPHIS 81 6,8420,008216,0.08905327,exact_name,high,1.0
2006,2000,SHELBY,MEMPHIS 81 6,8420,008222,0.00042806,exact_name,high,1.0
2006,2000,SHELBY,MEMPHIS 81 6,8420,008219,0.00034417,exact_name,high,1.0
2006,2000,SHELBY,MEMPHIS 81 6,8420,008086,0.00028627,exact_name,high,1.0
2006,2000,SHELBY,MEMPHIS 81 6,8420,008178,6.637e-05,exact_name,high,1.0
2006,2000,SHELBY,MEMPHIS 81 6,8420,008180,1.253e-05,exact_name,high,1.0
2006,2000,SHELBY,MEMPHIS 81 7,8424,008222,0.64541736,exact_name,high,1.0
2006,2000,SHELBY,MEMPHIS 81 7,8424,008219,0.35335419,exact_name,high,1.0
2006,2000,SHELBY,MEMPHIS 81 7,8424,008086,0.00122843,exact_name,high,1.0
2006,2000,SHELBY,MEMPHIS 81 7,8424,008221,2e-08,exact_name,high,1.0
2006,2000,SHELBY,MEMPHIS 81 8,8426,008222,0.99200398,exact_name,high,1.0
2006,2000,SHELBY,MEMPHIS 81 8,8426,008221,0.00799602,exact_name,high,1.0
2006,2000,SHELBY,MEMPHIS 82 1,8428,008203,0.99862627,exact_name,high,1.0
2006,2000,SHELBY,MEMPHIS 82 1,8428,008145,0.00063957,exact_name,high,1.0
2006,2000,SHELBY,MEMPHIS 82 1,8428,008200,0.00040202,exact_name,high,1.0
2006,2000,SHELBY,MEMPHIS 82 1,8428,008202,0.000247,exact_name,high,1.0
2006,2000,SHELBY,MEMPHIS 82 1,8428,008224,8.515e-05,exact_name,high,1.0
2006,2000,SHELBY,MEMPHIS 82 2,8432,008224,0.99945413,exact_name,high,1.0
2006,2000,SHELBY,MEMPHIS 82 2,8432,008201,0.00039179,exact_name,high,1.0
2006,2000,SHELBY,MEMPHIS 82 2,8432,008145,0.00011874,exact_name,high,1.0
2006,2000,SHELBY,MEMPHIS 82 2,8432,008202,2.008e-05,exact_name,high,1.0
2006,2000,SHELBY,MEMPHIS 82 2,8432,008203,1.525e-05,exact_name,high,1.0
2006,2000,SHELBY,MEMPHIS 82 3,8436,008202,0.99950651,exact_name,high,1.0
2006,2000,SHELBY,MEMPHIS 82 3,8436,008203,0.00026447,exact_name,high,1.0
2006,2000,SHELBY,MEMPHIS 82 3,8436,008224,0.00022902,exact_name,high,1.0
2006,2000,SHELBY,MEMPHIS 83,8440,008226,0.84931749,exact_name,high,1.0
2006,2000,SHELBY,MEMPHIS 83,8440,008172,0.08737014,exact_name,high,1.0
2006,2000,SHELBY,MEMPHIS 83,8440,008131,0.0613647,exact_name,high,1.0
2006,2000,SHELBY,MEMPHIS 83,8440,008240,0.00122119,exact_name,high,1.0
2006,2000,SHELBY,MEMPHIS 83,8440,008234,0.0007153,exact_name,high,1.0
2006,2000,SHELBY,MEMPHIS 83,8440,008190,1.119e-05,exact_name,high,1.0
2006,2000,SHELBY,MEMPHIS 84 1,8444,008240,0.99836111,exact_name,high,1.0
2006,2000,SHELBY,MEMPHIS 84 1,8444,008226,0.00093401,exact_name,high,1.0
2006,2000,SHELBY,MEMPHIS 84 1,8444,008229,0.00041919,exact_name,high,1.0
2006,2000,SHELBY,MEMPHIS 84 1,8444,008228,0.00028568,exact_name,high,1.0
2006,2000,SHELBY,MEMPHIS 84 2,8448,008228,0.99686572,exact_name,high,1.0
2006,2000,SHELBY,MEMPHIS 84 2,8448,008240,0.00217237,exact_name,high,1.0
2006,2000,SHELBY,MEMPHIS 84 2,8448,008189,0.00067392,exact_name,high,1.0
2006,2000,SHELBY,MEMPHIS 84 2,8448,008190,0.00028763,exact_name,high,1.0
2006,2000,SHELBY,MEMPHIS 84 2,8448,008239,3.6e-07,exact_name,high,1.0
2006,2000,SHELBY,MEMPHIS 85,8452,008229,0.99775876,exact_name,high,1.0
2006,2000,SHELBY,MEMPHIS 85,8452,008231,0.00112832,exact_name,high,1.0
2006,2000,SHELBY,MEMPHIS 85,8452,008240,0.00104716,exact_name,high,1.0
2006,2000,SHELBY,MEMPHIS 85,8452,008234,6.577e-05,exact_name,high,1.0
2006,2000,SHELBY,MEMPHIS 86,8460,008229,0.97905448,exact_name,high,1.0
2006,2000,SHELBY,MEMPHIS 86,8460,008061,0.01922161,exact_name,high,1.0
2006,2000,SHELBY,MEMPHIS 86,8460,008239,0.00097495,exact_name,high,1.0
2006,2000,SHELBY,MEMPHIS 86,8460,008240,0.00071005,exact_name,high,1.0
2006,2000,SHELBY,MEMPHIS 86,8460,008231,3.891e-05,exact_name,high,1.0
2006,2000,SHELBY,MEMPHIS 87 1,8464,008231,0.99963536,exact_name,high,1.0
2006,2000,SHELBY,MEMPHIS 87 1,8464,008229,0.00032661,exact_name,high,1.0
2006,2000,SHELBY,MEMPHIS 87 1,8464,008234,2.032e-05,exact_name,high,1.0
2006,2000,SHELBY,MEMPHIS 87 1,8464,008061,1.353e-05,exact_name,high,1.0
2006,2000,SHELBY,MEMPHIS 87 1,8464,008064,4.18e-06,exact_name,high,1.0
2006,2000,SHELBY,MEMPHIS 87 2,8468,008231,0.99062033,exact_name,high,1.0
2006,2000,SHELBY,MEMPHIS 87 2,8468,008064,0.00933331,exact_name,high,1.0
2006,2000,SHELBY,MEMPHIS 87 2,8468,008057,4.636e-05,exact_name,high,1.0
2006,2000,SHELBY,MEMPHIS 87 3,8472,008231,0.99737225,exact_name,high,1.0
2006,2000,SHELBY,MEMPHIS 87 3,8472,008057,0.00260043,exact_name,high,1.0
2006,2000,SHELBY,MEMPHIS 87 3,8472,008232,2.732e-05,exact_name,high,1.0
2006,2000,SHELBY,MEMPHIS 88 1,8476,008233,0.80064948,exact_name,high,1.0
2006,2000,SHELBY,MEMPHIS 88 1,8476,008152,0.19842334,exact_name,high,1.0
2006,2000,SHELBY,MEMPHIS 88 1,8476,008236,0.00045306,exact_name,high,1.0
2006,2000,SHELBY,MEMPHIS 88 1,8476,008232,0.00042981,exact_name,high,1.0
2006,2000,SHELBY,MEMPHIS 88 1,8476,008234,4.431e-05,exact_name,high,1.0
2006,2000,SHELBY,MEMPHIS 88 2,8480,008232,0.99782528,exact_name,high,1.0
2006,2000,SHELBY,MEMPHIS 88 2,8480,008233,0.00110029,exact_name,high,1.0
2006,2000,SHELBY,MEMPHIS 88 2,8480,008057,0.00098788,exact_name,high,1.0
2006,2000,SHELBY,MEMPHIS 88 2,8480,008231,8.655e-05,exact_name,high,1.0
2006,2000,SHELBY,MEMPHIS 88 3,8484,008233,0.99813954,exact_name,high,1.0
2006,2000,SHELBY,MEMPHIS 88 3,8484,008053,0.00083085,exact_name,high,1.0
2006,2000,SHELBY,MEMPHIS 88 3,8484,008236,0.00073169,exact_name,high,1.0
2006,2000,SHELBY,MEMPHIS 88 3,8484,008057,0.00029792,exact_name,high,1.0
2006,2000,SHELBY,MEMPHIS 88 3,8484,008232,1e-08,exact_name,high,1.0
2006,2000,SHELBY,MEMPHIS 88 4,8570,008234,0.99536202,exact_name,high,1.0
2006,2000,SHELBY,MEMPHIS 88 4,8570,008231,0.00319322,exact_name,high,1.0
2006,2000,SHELBY,MEMPHIS 88 4,8570,008232,0.00143053,exact_name,high,1.0
2006,2000,SHELBY,MEMPHIS 88 4,8570,008229,1.405e-05,exact_name,high,1.0
2006,2000,SHELBY,MEMPHIS 88 4,8570,008226,1.8e-07,exact_name,high,1.0
2006,2000,SHELBY,MEMPHIS 88 5,8574,008234,0.99773871,exact_name,high,1.0
2006,2000,SHELBY,MEMPHIS 88 5,8574,008172,0.00152466,exact_name,high,1.0
2006,2000,SHELBY,MEMPHIS 88 5,8574,008233,0.0006853,exact_name,high,1.0
2006,2000,SHELBY,MEMPHIS 88 5,8574,008226,5.088e-05,exact_name,high,1.0
2006,2000,SHELBY,MEMPHIS 88 5,8574,008152,4.4e-07,exact_name,high,1.0
2006,2000,SHELBY,MEMPHIS 89 1,8488,008236,0.99991013,exact_name,high,1.0
2006,2000,SHELBY,MEMPHIS 89 1,8488,008233,5.698e-05,exact_name,high,1.0
2006,2000,SHELBY,MEMPHIS 89 1,8488,008053,2.12e-05,exact_name,high,1.0
2006,2000,SHELBY,MEMPHIS 89 1,8488,008237,9.83e-06,exact_name,high,1.0
2006,2000,SHELBY,MEMPHIS 89 1,8488,008252,1.82e-06,exact_name,high,1.0
2006,2000,SHELBY,MEMPHIS 89 1,8488,008179,5e-08,exact_name,high,1.0
2006,2000,SHELBY,MEMPHIS 89 2,8492,008237,0.99957982,exact_name,high,1.0
2006,2000,SHELBY,MEMPHIS 89 2,8492,008179,0.00039587,exact_name,high,1.0
2006,2000,SHELBY,MEMPHIS 89 2,8492,008078,2.431e-05,exact_name,high,1.0
2006,2000,SHELBY,MEMPHIS 90 1,8496,008239,0.99832245,exact_name,high,1.0
2006,2000,SHELBY,MEMPHIS 90 1,8496,008098,0.00112225,exact_name,high,1.0
2006,2000,SHELBY,MEMPHIS 90 1,8496,008187,0.00033582,exact_name,high,1.0
2006,2000,SHELBY,MEMPHIS 90 1,8496,008240,0.00011515,exact_name,high,1.0
2006,2000,SHELBY,MEMPHIS 90 1,8496,008228,8.478e-05,exact_name,high,1.0
2006,2000,SHELBY,MEMPHIS 90 1,8496,008189,1.955e-05,exact_name,high,1.0
2006,2000,SHELBY,MEMPHIS 90 2,8500,008239,0.99045302,exact_name,high,1.0
2006,2000,SHELBY,MEMPHIS 90 2,8500,008061,0.00757256,exact_name,high,1.0
2006,2000,SHELBY,MEMPHIS 90 2,8500,008240,0.00099106,exact_name,high,1.0
2006,2000,SHELBY,MEMPHIS 90 2,8500,008099,0.00081882,exact_name,high,1.0
2006,2000,SHELBY,MEMPHIS 90 2,8500,008229,0.0001642,exact_name,high,1.0
2006,2000,SHELBY,MEMPHIS 90 2,8500,008098,3.4e-07,exact_name,high,1.0
2006,2000,SHELBY,MEMPHIS 90 3,8504,008240,0.99716177,exact_name,high,1.0
2006,2000,SHELBY,MEMPHIS 90 3,8504,008239,0.002136,exact_name,high,1.0
2006,2000,SHELBY,MEMPHIS 90 3,8504,008229,0.00064671,exact_name,high,1.0
2006,2000,SHELBY,MEMPHIS 90 3,8504,008228,5.552e-05,exact_name,high,1.0
2006,2000,SHELBY,MEMPHIS 91 1,7459,008241,0.99806927,exact_name,high,1.0
2006,2000,SHELBY,MEMPHIS 91 1,7459,008242,0.00092967,exact_name,high,1.0
2006,2000,SHELBY,MEMPHIS 91 1,7459,008237,0.00058116,exact_name,high,1.0
2006,2000,SHELBY,MEMPHIS 91 1,7459,008257,0.00021066,exact_name,high,1.0
2006,2000,SHELBY,MEMPHIS 91 1,7459,008078,0.00018014,exact_name,high,1.0
2006,2000,SHELBY,MEMPHIS 91 1,7459,008077,2.249e-05,exact_name,high,1.0
2006,2000,SHELBY,MEMPHIS 91 1,7459,008256,6.62e-06,exact_name,high,1.0
2006,2000,SHELBY,MEMPHIS 91 2,7462,008242,0.99809043,exact_name,high,1.0
2006,2000,SHELBY,MEMPHIS 91 2,7462,008241,0.00083393,exact_name,high,1.0
2006,2000,SHELBY,MEMPHIS 91 2,7462,008080,0.00050525,exact_name,high,1.0
2006,2000,SHELBY,MEMPHIS 91 2,7462,008076,0.00042489,exact_name,high,1.0
2006,2000,SHELBY,MEMPHIS 91 2,7462,008258,0.0001455,exact_name,high,1.0
2006,2000,SHELBY,MEMPHIS 91 3,7450,008080,0.99614727,exact_name,high,1.0
2006,2000,SHELBY,MEMPHIS 91 3,7450,008242,0.00373639,exact_name,high,1.0
2006,2000,SHELBY,MEMPHIS 91 3,7450,008237,0.00011634,exact_name,high,1.0
2006,2000,SHELBY,MEMPHIS 92 1,7428,008243,0.99783795,exact_name,high,1.0
2006,2000,SHELBY,MEMPHIS 92 1,7428,008195,0.00107977,exact_name,high,1.0
2006,2000,SHELBY,MEMPHIS 92 1,7428,008246,0.00106831,exact_name,high,1.0
2006,2000,SHELBY,MEMPHIS 92 1,7428,008250,1.397e-05,exact_name,high,1.0
2006,2000,SHELBY,MEMPHIS 92 2,7429,008244,0.99990991,exact_name,high,1.0
2006,2000,SHELBY,MEMPHIS 92 2,7429,008199,3.914e-05,exact_name,high,1.0
2006,2000,SHELBY,MEMPHIS 92 2,7429,008168,2.336e-05,exact_name,high,1.0
2006,2000,SHELBY,MEMPHIS 92 2,7429,008266,1.489e-05,exact_name,high,1.0
2006,2000,SHELBY,MEMPHIS 92 2,7429,008250,1.258e-05,exact_name,high,1.0
2006,2000,SHELBY,MEMPHIS 92 2,7429,008243,1.2e-07,exact_name,high,1.0
2006,2000,SHELBY,MEMPHIS 92 3,7430,008243,0.99707303,exact_name,high,1.0
2006,2000,SHELBY,MEMPHIS 92 3,7430,008199,0.0020766,exact_name,high,1.0
2006,2000,SHELBY,MEMPHIS 92 3,7430,008244,0.00080205,exact_name,high,1.0
2006,2000,SHELBY,MEMPHIS 92 3,7430,008250,4.832e-05,exact_name,high,1.0
2006,2000,SHELBY,MEMPHIS 93 1,7512,008245,0.55976404,exact_name,high,1.0
2006,2000,SHELBY,MEMPHIS 93 1,7512,008194,0.43617407,exact_name,high,1.0
2006,2000,SHELBY,MEMPHIS 93 1,7512,008222,0.00246357,exact_name,high,1.0
2006,2000,SHELBY,MEMPHIS 93 1,7512,008246,0.00159733,exact_name,high,1.0
2006,2000,SHELBY,MEMPHIS 93 1,7512,008195,9.8e-07,exact_name,high,1.0
2006,2000,SHELBY,MEMPHIS 93 2,7516,008245,0.9960602,exact_name,high,1.0
2006,2000,SHELBY,MEMPHIS 93 2,7516,008221,0.0027156,exact_name,high,1.0
2006,2000,SHELBY,MEMPHIS 93 2,7516,008251,0.00115023,exact_name,high,1.0
2006,2000,SHELBY,MEMPHIS 93 2,7516,008246,4.172e-05,exact_name,high,1.0
2006,2000,SHELBY,MEMPHIS 93 2,7516,008248,3.065e-05,exact_name,high,1.0
2006,2000,SHELBY,MEMPHIS 93 2,7516,008250,1.59e-06,exact_name,high,1.0
2006,2000,SHELBY,MEMPHIS 93 3,7520,008246,0.99776973,exact_name,high,1.0
2006,2000,SHELBY,MEMPHIS 93 3,7520,008245,0.0012388,exact_name,high,1.0
2006,2000,SHELBY,MEMPHIS 93 3,7520,008250,0.0009501,exact_name,high,1.0
2006,2000,SHELBY,MEMPHIS 93 3,7520,008195,3.73e-05,exact_name,high,1.0
2006,2000,SHELBY,MEMPHIS 93 3,7520,008243,4.07e-06,exact_name,high,1.0
2006,2000,SHELBY,MEMPHIS 94 1,8536,008250,0.9992663,exact_name,high,1.0
2006,2000,SHELBY,MEMPHIS 94 1,8536,008248,0.00067632,exact_name,high,1.0
2006,2000,SHELBY,MEMPHIS 94 1,8536,008245,5.738e-05,exact_name,high,1.0
2006,2000,SHELBY,MEMPHIS 94 2,8544,008250,0.99837949,exact_name,high,1.0
2006,2000,SHELBY,MEMPHIS 94 2,8544,008244,0.00099719,exact_name,high,1.0
2006,2000,SHELBY,MEMPHIS 94 2,8544,008248,0.00062332,exact_name,high,1.0
2006,2000,SHELBY,MEMPHIS 94 3,8552,008248,0.99752583,exact_name,high,1.0
2006,2000,SHELBY,MEMPHIS 94 3,8552,008244,0.00237268,exact_name,high,1.0
2006,2000,SHELBY,MEMPHIS 94 3,8552,008250,8.359e-05,exact_name,high,1.0
2006,2000,SHELBY,MEMPHIS 94 3,8552,008266,1.012e-05,exact_name,high,1.0
2006,2000,SHELBY,MEMPHIS 94 3,8552,008251,7.77e-06,exact_name,high,1.0
2006,2000,SHELBY,MEMPHIS 94 4,8556,008250,0.99985969,exact_name,high,1.0
2006,2000,SHELBY,MEMPHIS 94 4,8556,008243,0.00014031,exact_name,high,1.0
2006,2000,SHELBY,MEMPHIS 94 5,8560,008248,0.99950626,exact_name,high,1.0
2006,2000,SHELBY,MEMPHIS 94 5,8560,008250,0.00047442,exact_name,high,1.0
2006,2000,SHELBY,MEMPHIS 94 5,8560,008251,1.909e-05,exact_name,high,1.0
2006,2000,SHELBY,MEMPHIS 94 5,8560,008245,2.3e-07,exact_name,high,1.0
2006,2000,SHELBY,MEMPHIS 94 6,8561,008244,0.99764785,exact_name,high,1.0
2006,2000,SHELBY,MEMPHIS 94 6,8561,008250,0.00193941,exact_name,high,1.0
2006,2000,SHELBY,MEMPHIS 94 6,8561,008248,0.00022151,exact_name,high,1.0
2006,2000,SHELBY,MEMPHIS 94 6,8561,008266,0.00019123,exact_name,high,1.0
2006,2000,SHELBY,MEMPHIS 94 7,8554,008250,1.0,exact_name,high,1.0
2006,2000,SHELBY,MILLINGTON 01,8512,008260,0.62860524,code_token_name,high,0.993
2006,2000,SHELBY,MILLINGTON 01,8512,008261,0.37016017,code_token_name,high,0.993
2006,2000,SHELBY,MILLINGTON 01,8512,008098,0.00123459,code_token_name,high,0.993
2006,2000,SHELBY,MILLINGTON 02,8516,008261,0.93662432,code_token_name,high,0.993
2006,2000,SHELBY,MILLINGTON 02,8516,008099,0.06321953,code_token_name,high,0.993
2006,2000,SHELBY,MILLINGTON 02,8516,008098,0.00010354,code_token_name,high,0.993
2006,2000,SHELBY,MILLINGTON 02,8516,008260,5.261e-05,code_token_name,high,0.993
2006,2000,SHELBY,MORNING SUN,8528,008263,0.50052453,exact_name,high,1.0
2006,2000,SHELBY,MORNING SUN,8528,008081,0.20709623,exact_name,high,1.0
2006,2000,SHELBY,MORNING SUN,8528,008262,0.15014868,exact_name,high,1.0
2006,2000,SHELBY,MORNING SUN,8528,008259,0.13792641,exact_name,high,1.0
2006,2000,SHELBY,MORNING SUN,8528,008258,0.00306076,exact_name,high,1.0
2006,2000,SHELBY,MORNING SUN,8528,008271,0.0004457,exact_name,high,1.0
2006,2000,SHELBY,MORNING SUN,8528,008073,0.00024883,exact_name,high,1.0
2006,2000,SHELBY,MORNING SUN,8528,008076,0.00022556,exact_name,high,1.0
2006,2000,SHELBY,MORNING SUN,8528,008075,0.00014617,exact_name,high,1.0
2006,2000,SHELBY,MORNING SUN,8528,008096,0.00011859,exact_name,high,1.0
2006,2000,SHELBY,MORNING SUN,8528,008079,3.903e-05,exact_name,high,1.0
2006,2000,SHELBY,MORNING SUN,8528,008052,1.427e-05,exact_name,high,1.0
2006,2000,SHELBY,MORNING SUN,8528,008097,5.26e-06,exact_name,high,1.0
2006,2000,SHELBY,ROSS STORE 01,8532,008266,0.99992202,exact_name,high,1.0
2006,2000,SHELBY,ROSS STORE 01,8532,008267,5.934e-05,exact_name,high,1.0
2006,2000,SHELBY,ROSS STORE 01,8532,008248,1.207e-05,exact_name,high,1.0
2006,2000,SHELBY,ROSS STORE 01,8532,008269,6.57e-06,exact_name,high,1.0
2006,2000,SHELBY,ROSS STORE 05,8548,008268,0.5910277,exact_name,high,1.0
2006,2000,SHELBY,ROSS STORE 05,8548,008265,0.39459519,exact_name,high,1.0
2006,2000,SHELBY,ROSS STORE 05,8548,008251,0.01367407,exact_name,high,1.0
2006,2000,SHELBY,ROSS STORE 05,8548,008221,0.00050091,exact_name,high,1.0
2006,2000,SHELBY,ROSS STORE 05,8548,008084,0.0001564,exact_name,high,1.0
2006,2000,SHELBY,ROSS STORE 05,8548,008269,4.548e-05,exact_name,high,1.0
2006,2000,SHELBY,ROSS STORE 05,8548,008090,2.6e-07,exact_name,high,1.0
2006,2000,SHELBY,ROSS STORE 10,8562,008251,0.78470122,exact_name,high,1.0
2006,2000,SHELBY,ROSS STORE 10,8562,008265,0.21526097,exact_name,high,1.0
2006,2000,SHELBY,ROSS STORE 10,8562,008221,3.781e-05,exact_name,high,1.0
2006,2000,SHELBY,ROSS STORE 12,8558,008251,0.87022283,exact_name,high,1.0
2006,2000,SHELBY,ROSS STORE 12,8558,008265,0.12928776,exact_name,high,1.0
2006,2000,SHELBY,ROSS STORE 12,8558,008248,0.00039557,exact_name,high,1.0
2006,2000,SHELBY,ROSS STORE 12,8558,008245,7.654e-05,exact_name,high,1.0
2006,2000,SHELBY,ROSS STORE 12,8558,008269,1.729e-05,exact_name,high,1.0
2006,2000,SHELBY,ROSS STORE 13,8559,008266,0.99887097,exact_name,high,1.0
2006,2000,SHELBY,ROSS STORE 13,8559,008168,0.00080451,exact_name,high,1.0
2006,2000,SHELBY,ROSS STORE 13,8559,008244,0.00030563,exact_name,high,1.0
2006,2000,SHELBY,ROSS STORE 13,8559,008248,1.889e-05,exact_name,high,1.0
2006,2000,SHELBY,ROSS STORE 14,8563,008269,0.56112495,exact_name,high,1.0
2006,2000,SHELBY,ROSS STORE 14,8563,008267,0.43879707,exact_name,high,1.0
2006,2000,SHELBY,ROSS STORE 14,8563,008084,4.488e-05,exact_name,high,1.0
2006,2000,SHELBY,ROSS STORE 14,8563,008265,1.714e-05,exact_name,high,1.0
2006,2000,SHELBY,ROSS STORE 14,8563,008266,8.03e-06,exact_name,high,1.0
2006,2000,SHELBY,ROSS STORE 14,8563,008268,6.38e-06,exact_name,high,1.0
2006,2000,SHELBY,ROSS STORE 14,8563,008251,1.55e-06,exact_name,high,1.0
2006,2000,SHELBY,STEWARTVILLE,8564,008270,0.81759071,exact_name,high,1.0
2006,2000,SHELBY,STEWARTVILLE,8564,008261,0.18210852,exact_name,high,1.0
2006,2000,SHELBY,STEWARTVILLE,8564,008066,0.00011818,exact_name,high,1.0
2006,2000,SHELBY,STEWARTVILLE,8564,008096,9.26e-05,exact_name,high,1.0
2006,2000,SHELBY,STEWARTVILLE,8564,008052,3.715e-05,exact_name,high,1.0
2006,2000,SHELBY,STEWARTVILLE,8564,008099,2.844e-05,exact_name,high,1.0
2006,2000,SHELBY,STEWARTVILLE,8564,008051,2.439e-05,exact_name,high,1.0
2006,2000,SHELBY,WOODSTOCK 02,8569,008098,0.99942295,code_token_name,high,0.993
2006,2000,SHELBY,WOODSTOCK 02,8569,008187,0.00026122,code_token_name,high,0.993
2006,2000,SHELBY,WOODSTOCK 02,8569,008099,0.00024023,code_token_name,high,0.993
2006,2000,SHELBY,WOODSTOCK 02,8569,008239,7.56e-05,code_token_name,high,0.993
2006,2000,SMITH,01 DEFEATED,0001,0001,1.0,exact_name,high,1.0
2006,2000,SMITH,02 TANGLEWOOD,0002,0002,1.0,exact_name,high,1.0
2006,2000,SMITH,03 NEW MIDDLETON,0003,0003,1.0,exact_name,high,1.0
2006,2000,SMITH,04 ROCK CITY,0004,0004,1.0,exact_name,high,1.0
2006,2000,SMITH,05 GORDONSVILLE,0005,0005,1.0,exact_name,high,1.0
2006,2000,SMITH,06 CARTHAGE,8640,008305,0.9982082,exact_name,high,1.0
2006,2000,SMITH,06 CARTHAGE,8640,008307,0.00091307,exact_name,high,1.0
2006,2000,SMITH,06 CARTHAGE,8640,008308,0.00070526,exact_name,high,1.0
2006,2000,SMITH,06 CARTHAGE,8640,008306,0.00017346,exact_name,high,1.0
2006,2000,SMITH,07 SOUTH CARTHAGE,8600,008306,0.69971174,exact_name,high,1.0
2006,2000,SMITH,07 SOUTH CARTHAGE,8600,008307,0.17950109,exact_name,high,1.0
2006,2000,SMITH,07 SOUTH CARTHAGE,8600,008302,0.11987026,exact_name,high,1.0
2006,2000,SMITH,07 SOUTH CARTHAGE,8600,008301,0.00032152,exact_name,high,1.0
2006,2000,SMITH,07 SOUTH CARTHAGE,8600,008304,0.00021964,exact_name,high,1.0
2006,2000,SMITH,07 SOUTH CARTHAGE,8600,008308,0.00018836,exact_name,high,1.0
2006,2000,SMITH,07 SOUTH CARTHAGE,8600,008305,0.00018739,exact_name,high,1.0
2006,2000,SMITH,08 ELMWOOD,0008,0008,1.0,exact_name,high,1.0
2006,2000,STEWART,1 1 INDIAN MOUND,8680,008404,0.99936534,exact_name,high,1.0
2006,2000,STEWART,1 1 INDIAN MOUND,8680,008401,0.00033312,exact_name,high,1.0
2006,2000,STEWART,1 1 INDIAN MOUND,8680,008407,0.00013737,exact_name,high,1.0
2006,2000,STEWART,1 1 INDIAN MOUND,8680,008406,0.00010667,exact_name,high,1.0
2006,2000,STEWART,1 1 INDIAN MOUND,8680,008402,5.75e-05,exact_name,high,1.0
2006,2000,STEWART,2 1 BIG ROCK,8648,008401,0.99918504,exact_name,high,1.0
2006,2000,STEWART,2 1 BIG ROCK,8648,008403,0.00045111,exact_name,high,1.0
2006,2000,STEWART,2 1 BIG ROCK,8648,008404,0.00026519,exact_name,high,1.0
2006,2000,STEWART,2 1 BIG ROCK,8648,008402,9.866e-05,exact_name,high,1.0
2006,2000,STEWART,3 1 BUMPUS MILLS,8656,008402,0.76938709,exact_name,high,1.0
2006,2000,STEWART,3 1 BUMPUS MILLS,8656,008403,0.23039167,exact_name,high,1.0
2006,2000,STEWART,3 1 BUMPUS MILLS,8656,008401,0.0001963,exact_name,high,1.0
2006,2000,STEWART,3 1 BUMPUS MILLS,8656,008405,2.494e-05,exact_name,high,1.0
2006,2000,STEWART,4 1 CHURCH STREET,8664,008402,0.99658213,exact_name,high,1.0
2006,2000,STEWART,4 1 CHURCH STREET,8664,008405,0.00279283,exact_name,high,1.0
2006,2000,STEWART,4 1 CHURCH STREET,8664,008401,0.0002847,exact_name,high,1.0
2006,2000,STEWART,4 1 CHURCH STREET,8664,008404,0.00022469,exact_name,high,1.0
2006,2000,STEWART,4 1 CHURCH STREET,8664,008406,7.495e-05,exact_name,high,1.0
2006,2000,STEWART,4 1 CHURCH STREET,8664,008403,4.071e-05,exact_name,high,1.0
2006,2000,STEWART,5 1 NATCOR DRIVE,8672,008405,0.69986549,exact_name,high,1.0
2006,2000,STEWART,5 1 NATCOR DRIVE,8672,008406,0.29991588,exact_name,high,1.0
2006,2000,STEWART,5 1 NATCOR DRIVE,8672,008402,0.00021863,exact_name,high,1.0
2006,2000,STEWART,5 2 LEATHERWOOD,8674,008405,0.99806524,exact_name,high,1.0
2006,2000,STEWART,5 2 LEATHERWOOD,8674,008406,0.00155567,exact_name,high,1.0
2006,2000,STEWART,5 2 LEATHERWOOD,8674,008407,0.00037909,exact_name,high,1.0
2006,2000,STEWART,6 1 PUBLIC LIBRARY,0006,0006,1.0,exact_name,high,1.0
2006,2000,STEWART,7 1 CUMBERLAND CITY,8676,008407,0.9997838,exact_name,high,1.0
2006,2000,STEWART,7 1 CUMBERLAND CITY,8676,008404,0.0002162,exact_name,high,1.0
2006,2000,STEWART,7 2 CARLISLE,8678,008407,0.9190136,exact_name,high,1.0
2006,2000,STEWART,7 2 CARLISLE,8678,008406,0.08071195,exact_name,high,1.0
2006,2000,STEWART,7 2 CARLISLE,8678,008405,0.00026111,exact_name,high,1.0
2006,2000,STEWART,7 2 CARLISLE,8678,008404,1.333e-05,exact_name,high,1.0
2006,2000,SULLIVAN,1 SOUTH HOLSTON RUR,8696,008504,0.99969971,code_token_name,high,0.993
2006,2000,SULLIVAN,1 SOUTH HOLSTON RUR,8696,008507,0.00023327,code_token_name,high,0.993
2006,2000,SULLIVAN,1 SOUTH HOLSTON RUR,8696,008515,6.701e-05,code_token_name,high,0.993
2006,2000,SULLIVAN,10 KETRON IM SCHOOL,8748,008521,0.99922442,code_token_name,high,0.993
2006,2000,SULLIVAN,10 KETRON IM SCHOOL,8748,008508,0.00044397,code_token_name,high,0.993
2006,2000,SULLIVAN,10 KETRON IM SCHOOL,8748,008505,0.00033161,code_token_name,high,0.993
2006,2000,SULLIVAN,11C CEDAR GROVE SCH,8760,008523,0.99576079,alpha_code_name,high,0.992
2006,2000,SULLIVAN,11C CEDAR GROVE SCH,8760,008522,0.00292482,alpha_code_name,high,0.992
2006,2000,SULLIVAN,11C CEDAR GROVE SCH,8760,008506,0.00131439,alpha_code_name,high,0.992
2006,2000,SULLIVAN,11S CIVIC AUDITORIUM,8788,008506,0.99481405,alpha_code_name,high,0.992
2006,2000,SULLIVAN,11S CIVIC AUDITORIUM,8788,008523,0.00510878,alpha_code_name,high,0.992
2006,2000,SULLIVAN,11S CIVIC AUDITORIUM,8788,008510,7.717e-05,alpha_code_name,high,0.992
2006,2000,SULLIVAN,11W KINGSPORT LIB,8792,008523,0.77243873,alpha_code_name,high,0.992
2006,2000,SULLIVAN,11W KINGSPORT LIB,8792,008511,0.2249033,alpha_code_name,high,0.992
2006,2000,SULLIVAN,11W KINGSPORT LIB,8792,008506,0.00132833,alpha_code_name,high,0.992
2006,2000,SULLIVAN,11W KINGSPORT LIB,8792,008510,0.00083281,alpha_code_name,high,0.992
2006,2000,SULLIVAN,11W KINGSPORT LIB,8792,008524,0.00049684,alpha_code_name,high,0.992
2006,2000,SULLIVAN,12CB CLOUDS BEND UMC,8800,008524,0.83809409,alpha_code_name,high,0.992
2006,2000,SULLIVAN,12CB CLOUDS BEND UMC,8800,008510,0.16069051,alpha_code_name,high,0.992
2006,2000,SULLIVAN,12CB CLOUDS BEND UMC,8800,008511,0.00105631,alpha_code_name,high,0.992
2006,2000,SULLIVAN,12CB CLOUDS BEND UMC,8800,008523,0.00015909,alpha_code_name,high,0.992
2006,2000,SULLIVAN,13P SULLIVAN SO HIGH,8820,008510,0.99695924,alpha_code_name,high,0.992
2006,2000,SULLIVAN,13P SULLIVAN SO HIGH,8820,008525,0.00216987,alpha_code_name,high,0.992
2006,2000,SULLIVAN,13P SULLIVAN SO HIGH,8820,008506,0.0008066,alpha_code_name,high,0.992
2006,2000,SULLIVAN,13P SULLIVAN SO HIGH,8820,008524,6.428e-05,alpha_code_name,high,0.992
2006,2000,SULLIVAN,14CH COLONIAL HGHTS,8828,008519,0.6854156,alpha_code_name,high,0.992
2006,2000,SULLIVAN,14CH COLONIAL HGHTS,8828,008510,0.31041372,alpha_code_name,high,0.992
2006,2000,SULLIVAN,14CH COLONIAL HGHTS,8828,008518,0.00355596,alpha_code_name,high,0.992
2006,2000,SULLIVAN,14CH COLONIAL HGHTS,8828,008520,0.0004131,alpha_code_name,high,0.992
2006,2000,SULLIVAN,14CH COLONIAL HGHTS,8828,008506,0.00020092,alpha_code_name,high,0.992
2006,2000,SULLIVAN,14CH COLONIAL HGHTS,8828,008525,7e-07,alpha_code_name,high,0.992
2006,2000,SULLIVAN,14MP MILLER PERRY ES,8832,008518,0.99885974,alpha_code_name,high,0.992
2006,2000,SULLIVAN,14MP MILLER PERRY ES,8832,008509,0.00085681,alpha_code_name,high,0.992
2006,2000,SULLIVAN,14MP MILLER PERRY ES,8832,008519,0.00015403,alpha_code_name,high,0.992
2006,2000,SULLIVAN,14MP MILLER PERRY ES,8832,008510,0.00012943,alpha_code_name,high,0.992
2006,2000,SULLIVAN,15 SULLIVAN WEST MID,8836,008525,0.99866163,code_token_name,high,0.993
2006,2000,SULLIVAN,15 SULLIVAN WEST MID,8836,008510,0.00131903,code_token_name,high,0.993
2006,2000,SULLIVAN,15 SULLIVAN WEST MID,8836,008518,1.934e-05,code_token_name,high,0.993
2006,2000,SULLIVAN,16BC BLUFF CITY MID,8840,008512,0.71133779,alpha_code_name,high,0.992
2006,2000,SULLIVAN,16BC BLUFF CITY MID,8840,008514,0.1639946,alpha_code_name,high,0.992
2006,2000,SULLIVAN,16BC BLUFF CITY MID,8840,008515,0.12382866,alpha_code_name,high,0.992
2006,2000,SULLIVAN,16BC BLUFF CITY MID,8840,008513,0.00083895,alpha_code_name,high,0.992
2006,2000,SULLIVAN,16BC BLUFF CITY MID,8840,008507,0.0,alpha_code_name,high,0.992
2006,2000,SULLIVAN,16CG CHINQUAPIN RUR,8844,008507,0.60450402,alpha_code_name,high,0.992
2006,2000,SULLIVAN,16CG CHINQUAPIN RUR,8844,008512,0.39537911,alpha_code_name,high,0.992
2006,2000,SULLIVAN,16CG CHINQUAPIN RUR,8844,008513,0.00011687,alpha_code_name,high,0.992
2006,2000,SULLIVAN,17W ANDERSON SCHOOL,8864,008503,0.99807449,alpha_code_name,high,0.992
2006,2000,SULLIVAN,17W ANDERSON SCHOOL,8864,008501,0.00111012,alpha_code_name,high,0.992
2006,2000,SULLIVAN,17W ANDERSON SCHOOL,8864,008516,0.00059547,alpha_code_name,high,0.992
2006,2000,SULLIVAN,17W ANDERSON SCHOOL,8864,008502,0.00021992,alpha_code_name,high,0.992
2006,2000,SULLIVAN,18 HOLSTON SCHOOL,8868,008509,0.88367529,code_token_name,high,0.993
2006,2000,SULLIVAN,18 HOLSTON SCHOOL,8868,008502,0.11512621,code_token_name,high,0.993
2006,2000,SULLIVAN,18 HOLSTON SCHOOL,8868,008518,0.0005247,code_token_name,high,0.993
2006,2000,SULLIVAN,18 HOLSTON SCHOOL,8868,008513,0.00052352,code_token_name,high,0.993
2006,2000,SULLIVAN,18 HOLSTON SCHOOL,8868,008514,0.00013648,code_token_name,high,0.993
2006,2000,SULLIVAN,18 HOLSTON SCHOOL,8868,008520,1.379e-05,code_token_name,high,0.993
2006,2000,SULLIVAN,19H JACOBS CRK JOB,8876,008504,1.0,alpha_code_name,high,0.992
2006,2000,SULLIVAN,21 EAST HIGH SCHOOL,8884,008515,0.70737207,code_token_name,high,0.993
2006,2000,SULLIVAN,21 EAST HIGH SCHOOL,8884,008516,0.19483016,code_token_name,high,0.993
2006,2000,SULLIVAN,21 EAST HIGH SCHOOL,8884,008504,0.097351,code_token_name,high,0.993
2006,2000,SULLIVAN,21 EAST HIGH SCHOOL,8884,008501,0.00020807,code_token_name,high,0.993
2006,2000,SULLIVAN,21 EAST HIGH SCHOOL,8884,008512,0.00018901,code_token_name,high,0.993
2006,2000,SULLIVAN,21 EAST HIGH SCHOOL,8884,008507,4.97e-05,code_token_name,high,0.993
2006,2000,SULLIVAN,22 HOLSTON VALLEY,8888,008504,1.0,code_token_name,high,0.993
2006,2000,SULLIVAN,3 HICKORY TREE FH,8708,008507,0.9853119,code_token_name,high,0.993
2006,2000,SULLIVAN,3 HICKORY TREE FH,8708,008504,0.01357037,code_token_name,high,0.993
2006,2000,SULLIVAN,3 HICKORY TREE FH,8708,008515,0.00111772,code_token_name,high,0.993
2006,2000,SULLIVAN,4 AVOCA SCHOOL,8712,008516,0.9701644,code_token_name,high,0.993
2006,2000,SULLIVAN,4 AVOCA SCHOOL,8712,008503,0.01520816,code_token_name,high,0.993
2006,2000,SULLIVAN,4 AVOCA SCHOOL,8712,008501,0.0146124,code_token_name,high,0.993
2006,2000,SULLIVAN,4 AVOCA SCHOOL,8712,008502,1.504e-05,code_token_name,high,0.993
2006,2000,SULLIVAN,5 SULLIVAN CO OFF,8720,008502,0.76726509,code_token_name,high,0.993
2006,2000,SULLIVAN,5 SULLIVAN CO OFF,8720,008503,0.1164219,code_token_name,high,0.993
2006,2000,SULLIVAN,5 SULLIVAN CO OFF,8720,008520,0.11584825,code_token_name,high,0.993
2006,2000,SULLIVAN,5 SULLIVAN CO OFF,8720,008508,0.00046475,code_token_name,high,0.993
2006,2000,SULLIVAN,6 CENTRAL HEIGHTS,8728,008508,0.92818888,code_token_name,high,0.993
2006,2000,SULLIVAN,6 CENTRAL HEIGHTS,8728,008502,0.07036781,code_token_name,high,0.993
2006,2000,SULLIVAN,6 CENTRAL HEIGHTS,8728,008521,0.00101478,code_token_name,high,0.993
2006,2000,SULLIVAN,6 CENTRAL HEIGHTS,8728,008520,0.00038082,code_token_name,high,0.993
2006,2000,SULLIVAN,6 CENTRAL HEIGHTS,8728,008503,4.77e-05,code_token_name,high,0.993
2006,2000,SULLIVAN,7 INDIAN SPRINGS SCH,8732,008520,0.93058341,code_token_name,high,0.993
2006,2000,SULLIVAN,7 INDIAN SPRINGS SCH,8732,008509,0.0466197,code_token_name,high,0.993
2006,2000,SULLIVAN,7 INDIAN SPRINGS SCH,8732,008519,0.01404489,code_token_name,high,0.993
2006,2000,SULLIVAN,7 INDIAN SPRINGS SCH,8732,008522,0.00833361,code_token_name,high,0.993
2006,2000,SULLIVAN,7 INDIAN SPRINGS SCH,8732,008508,0.00020642,code_token_name,high,0.993
2006,2000,SULLIVAN,7 INDIAN SPRINGS SCH,8732,008521,0.00018855,code_token_name,high,0.993
2006,2000,SULLIVAN,7 INDIAN SPRINGS SCH,8732,008502,2.342e-05,code_token_name,high,0.993
2006,2000,SULLIVAN,8 BUFFALO RURITAN,8740,008514,0.87102773,code_token_name,high,0.993
2006,2000,SULLIVAN,8 BUFFALO RURITAN,8740,008513,0.11481149,code_token_name,high,0.993
2006,2000,SULLIVAN,8 BUFFALO RURITAN,8740,008509,0.01032617,code_token_name,high,0.993
2006,2000,SULLIVAN,8 BUFFALO RURITAN,8740,008502,0.00381803,code_token_name,high,0.993
2006,2000,SULLIVAN,8 BUFFALO RURITAN,8740,008512,1.659e-05,code_token_name,high,0.993
2006,2000,SULLIVAN,9 PINEY FLATS FIREHA,8744,008513,0.99718187,code_token_name,high,0.993
2006,2000,SULLIVAN,9 PINEY FLATS FIREHA,8744,008512,0.00281813,code_token_name,high,0.993
2006,2000,TROUSDALE,01 ELEMENTARY SCH,0001,0001,1.0,code_token_name,high,0.993
2006,2000,TROUSDALE,02 CATO,0002,0002,1.0,exact_name,high,1.0
2006,2000,TROUSDALE,03 BEECH GROVE,0003,0003,1.0,exact_name,high,1.0
2006,2000,TROUSDALE,04 CITY HALL,0004,0004,1.0,code_token_name,high,0.993
2006,2000,TROUSDALE,05 TEMPLOW,0005,0005,1.0,exact_name,high,1.0
2006,2000,TROUSDALE,06 WALNUT GROVE,0006,0006,1.0,code_token_name,high,0.993
2006,2000,TROUSDALE,07 COURTHOUSE,0007,0007,1.0,code_token_name,high,0.993
2006,2000,TROUSDALE,08 WILLARD,0008,0008,1.0,exact_name,high,1.0
2006,2000,TROUSDALE,09 OLD HIGH SCHOOL,0007,0007,1.0,code_token_name,high,0.993
2006,2000,TROUSDALE,10 PROVIDENCE,0010,0010,1.0,exact_name,high,1.0
2006,2000,UNICOI,FISHERY,9192,008905,0.51459987,exact_name,high,1.0
2006,2000,UNICOI,FISHERY,9192,008901,0.28556691,exact_name,high,1.0
2006,2000,UNICOI,FISHERY,9192,008902,0.14751974,exact_name,high,1.0
2006,2000,UNICOI,FISHERY,9192,008906,0.04797704,exact_name,high,1.0
2006,2000,UNICOI,FISHERY,9192,008907,0.00247924,exact_name,high,1.0
2006,2000,UNICOI,FISHERY,9192,008904,0.00182856,exact_name,high,1.0
2006,2000,UNICOI,FISHERY,9192,008903,2.866e-05,exact_name,high,1.0
2006,2000,UNICOI,FLAG POND,9196,008908,0.99986561,exact_name,high,1.0
2006,2000,UNICOI,FLAG POND,9196,008903,0.00013439,exact_name,high,1.0
2006,2000,UNICOI,LIMESTONE COVE,9200,008907,0.99284687,exact_name,high,1.0
2006,2000,UNICOI,LIMESTONE COVE,9200,008905,0.00683923,exact_name,high,1.0
2006,2000,UNICOI,LIMESTONE COVE,9200,008906,0.00028106,exact_name,high,1.0
2006,2000,UNICOI,LIMESTONE COVE,9200,008904,3.285e-05,exact_name,high,1.0
2006,2000,UNICOI,LOVE CHAPEL,9204,008903,0.75307006,exact_name,high,1.0
2006,2000,UNICOI,LOVE CHAPEL,9204,008902,0.24689597,exact_name,high,1.0
2006,2000,UNICOI,LOVE CHAPEL,9204,008901,3.396e-05,exact_name,high,1.0
2006,2000,UNICOI,MIDDLE SCHOOL,9188,008902,0.7173542,exact_name,high,1.0
2006,2000,UNICOI,MIDDLE SCHOOL,9188,008901,0.27984633,exact_name,high,1.0
2006,2000,UNICOI,MIDDLE SCHOOL,9188,008903,0.0015537,exact_name,high,1.0
2006,2000,UNICOI,MIDDLE SCHOOL,9188,008906,0.00124576,exact_name,high,1.0
2006,2000,UNICOI,ROCK CREEK,9216,008906,0.96735468,exact_name,high,1.0
2006,2000,UNICOI,ROCK CREEK,9216,008901,0.03065675,exact_name,high,1.0
2006,2000,UNICOI,ROCK CREEK,9216,008907,0.00104443,exact_name,high,1.0
2006,2000,UNICOI,ROCK CREEK,9216,008902,0.00058267,exact_name,high,1.0
2006,2000,UNICOI,ROCK CREEK,9216,008905,0.00036146,exact_name,high,1.0
2006,2000,UNICOI,TEMPLE HILL,9220,008903,0.86996203,exact_name,high,1.0
2006,2000,UNICOI,TEMPLE HILL,9220,008908,0.13003797,exact_name,high,1.0
2006,2000,UNION,1 1 UNION CO HS,9232,009003,0.75269513,code_token_name,high,0.993
2006,2000,UNION,1 1 UNION CO HS,9232,009006,0.10468311,code_token_name,high,0.993
2006,2000,UNION,1 1 UNION CO HS,9232,009002,0.05949049,code_token_name,high,0.993
2006,2000,UNION,1 1 UNION CO HS,9232,009001,0.04844931,code_token_name,high,0.993
2006,2000,UNION,1 1 UNION CO HS,9232,009005,0.03422976,code_token_name,high,0.993
2006,2000,UNION,1 1 UNION CO HS,9232,009004,0.0004522,code_token_name,high,0.993
2006,2000,UNION,2 2 LUTTRELL ELEM,9236,009002,0.74764294,code_token_name,high,0.993
2006,2000,UNION,2 2 LUTTRELL ELEM,9236,009007,0.21282358,code_token_name,high,0.993
2006,2000,UNION,2 2 LUTTRELL ELEM,9236,009003,0.03945554,code_token_name,high,0.993
2006,2000,UNION,2 2 LUTTRELL ELEM,9236,009006,7.794e-05,code_token_name,high,0.993
2006,2000,UNION,3 2 CEDAR GROVE CC,9240,009004,0.99809931,code_token_name,high,0.993
2006,2000,UNION,3 2 CEDAR GROVE CC,9240,009001,0.0006275,code_token_name,high,0.993
2006,2000,UNION,3 2 CEDAR GROVE CC,9240,009003,0.00060365,code_token_name,high,0.993
2006,2000,UNION,3 2 CEDAR GROVE CC,9240,009009,0.00041458,code_token_name,high,0.993
2006,2000,UNION,3 2 CEDAR GROVE CC,9240,009005,0.00025496,code_token_name,high,0.993
2006,2000,UNION,3 3 BROCK CC,9240,009004,0.99809931,code_token_name,high,0.993
2006,2000,UNION,3 3 BROCK CC,9240,009001,0.0006275,code_token_name,high,0.993
2006,2000,UNION,3 3 BROCK CC,9240,009003,0.00060365,code_token_name,high,0.993
2006,2000,UNION,3 3 BROCK CC,9240,009009,0.00041458,code_token_name,high,0.993
2006,2000,UNION,3 3 BROCK CC,9240,009005,0.00025496,code_token_name,high,0.993
2006,2000,UNION,4 7 BIG RIDGE ELEM,9248,009005,0.99924433,code_token_name,high,0.993
2006,2000,UNION,4 7 BIG RIDGE ELEM,9248,009009,0.00030931,code_token_name,high,0.993
2006,2000,UNION,4 7 BIG RIDGE ELEM,9248,009004,0.00028392,code_token_name,high,0.993
2006,2000,UNION,4 7 BIG RIDGE ELEM,9248,009006,0.00016243,code_token_name,high,0.993
2006,2000,UNION,5 10 SHARPS CHAPEL,0006,0006,1.0,exact_name,high,1.0
2006,2000,UNION,5 13 BRADENS SCHOOL,9260,009008,0.99759841,prefix_name,high,0.995
2006,2000,UNION,5 13 BRADENS SCHOOL,9260,009009,0.00240159,prefix_name,high,0.995
2006,2000,UNION,6 6 PAULETTE CC,9264,009007,0.81307719,code_token_name,high,0.993
2006,2000,UNION,6 6 PAULETTE CC,9264,009006,0.18598836,code_token_name,high,0.993
2006,2000,UNION,6 6 PAULETTE CC,9264,009003,0.00093446,code_token_name,high,0.993
2006,2000,UNION,7 1 PLAINVIEW CC,0009,0009,1.0,code_token_name,high,0.993
2006,2000,VAN BUREN,PINEY FIRE HALL,9296,009102,0.81533982,exact_name,high,1.0
2006,2000,VAN BUREN,PINEY FIRE HALL,9296,009107,0.1843947,exact_name,high,1.0
2006,2000,VAN BUREN,PINEY FIRE HALL,9296,009105,0.00018112,exact_name,high,1.0
2006,2000,VAN BUREN,PINEY FIRE HALL,9296,009103,8.436e-05,exact_name,high,1.0
2006,2000,VAN BUREN,SPENCER 1,0001,0001,1.0,exact_name,high,1.0
2006,2000,VAN BUREN,SPENCER 5,0007,0007,1.0,exact_name,high,1.0
2006,2000,WARREN,1 MCMINNVILLE CC,9348,009201,0.86754912,code_token_name,high,0.993
2006,2000,WARREN,1 MCMINNVILLE CC,9348,009220,0.09954725,code_token_name,high,0.993
2006,2000,WARREN,1 MCMINNVILLE CC,9348,009209,0.0297416,code_token_name,high,0.993
2006,2000,WARREN,1 MCMINNVILLE CC,9348,009202,0.00238124,code_token_name,high,0.993
2006,2000,WARREN,1 MCMINNVILLE CC,9348,009206,0.00068868,code_token_name,high,0.993
2006,2000,WARREN,1 MCMINNVILLE CC,9348,009203,9.212e-05,code_token_name,high,0.993
2006,2000,WARREN,10 1 CENTERTOWN SCH,9320,009217,0.95781476,code_token_name,high,0.993
2006,2000,WARREN,10 1 CENTERTOWN SCH,9320,009216,0.04158318,code_token_name,high,0.993
2006,2000,WARREN,10 1 CENTERTOWN SCH,9320,009214,0.00060207,code_token_name,high,0.993
2006,2000,WARREN,10 2 CENTERTOWN CC,0016,0016,1.0,exact_name,high,1.0
2006,2000,WARREN,11 1 MIDWAY CC,9332,009219,0.98684758,code_token_name,high,0.993
2006,2000,WARREN,11 1 MIDWAY CC,9332,009209,0.01227541,code_token_name,high,0.993
2006,2000,WARREN,11 1 MIDWAY CC,9332,009221,0.00038955,code_token_name,high,0.993
2006,2000,WARREN,11 1 MIDWAY CC,9332,009218,0.00033902,code_token_name,high,0.993
2006,2000,WARREN,11 1 MIDWAY CC,9332,009220,8.538e-05,code_token_name,high,0.993
2006,2000,WARREN,11 1 MIDWAY CC,9332,009206,6.306e-05,code_token_name,high,0.993
2006,2000,WARREN,11 2 NO WARREN FIRE,9332,009219,0.98684758,code_token_name,high,0.993
2006,2000,WARREN,11 2 NO WARREN FIRE,9332,009209,0.01227541,code_token_name,high,0.993
2006,2000,WARREN,11 2 NO WARREN FIRE,9332,009221,0.00038955,code_token_name,high,0.993
2006,2000,WARREN,11 2 NO WARREN FIRE,9332,009218,0.00033902,code_token_name,high,0.993
2006,2000,WARREN,11 2 NO WARREN FIRE,9332,009220,8.538e-05,code_token_name,high,0.993
2006,2000,WARREN,11 2 NO WARREN FIRE,9332,009206,6.306e-05,code_token_name,high,0.993
2006,2000,WARREN,12 1 NORTHSIDE BAPT,9352,009221,0.99902823,code_token_name,high,0.993
2006,2000,WARREN,12 1 NORTHSIDE BAPT,9352,009219,0.00058123,code_token_name,high,0.993
2006,2000,WARREN,12 1 NORTHSIDE BAPT,9352,009216,0.00029415,code_token_name,high,0.993
2006,2000,WARREN,12 1 NORTHSIDE BAPT,9352,009220,9.64e-05,code_token_name,high,0.993
2006,2000,WARREN,12 2 LUCKY CC,9352,009221,0.99902823,code_token_name,high,0.993
2006,2000,WARREN,12 2 LUCKY CC,9352,009219,0.00058123,code_token_name,high,0.993
2006,2000,WARREN,12 2 LUCKY CC,9352,009216,0.00029415,code_token_name,high,0.993
2006,2000,WARREN,12 2 LUCKY CC,9352,009220,9.64e-05,code_token_name,high,0.993
2006,2000,WARREN,2 1 COURTHOUSE,0002,0002,1.0,exact_name,high,1.0
2006,2000,WARREN,2 2 WARREN AIRPORT,9324,009203,0.46061609,code_token_name,high,0.993
2006,2000,WARREN,2 2 WARREN AIRPORT,9324,009217,0.26692326,code_token_name,high,0.993
2006,2000,WARREN,2 2 WARREN AIRPORT,9324,009202,0.14480507,code_token_name,high,0.993
2006,2000,WARREN,2 2 WARREN AIRPORT,9324,009205,0.11394392,code_token_name,high,0.993
2006,2000,WARREN,2 2 WARREN AIRPORT,9324,009204,0.01325957,code_token_name,high,0.993
2006,2000,WARREN,2 2 WARREN AIRPORT,9324,009201,0.00017345,code_token_name,high,0.993
2006,2000,WARREN,2 2 WARREN AIRPORT,9324,009220,9.371e-05,code_token_name,high,0.993
2006,2000,WARREN,2 2 WARREN AIRPORT,9324,009214,7.819e-05,code_token_name,high,0.993
2006,2000,WARREN,2 2 WARREN AIRPORT,9324,009208,5.924e-05,code_token_name,high,0.993
2006,2000,WARREN,2 2 WARREN AIRPORT,9324,009216,4.749e-05,code_token_name,high,0.993
2006,2000,WARREN,2 2 WARREN AIRPORT,9324,009207,1e-08,code_token_name,high,0.993
2006,2000,WARREN,3 1 WESTWOOD CHURCH,9316,009213,0.6366907,code_token_name,high,0.993
2006,2000,WARREN,3 1 WESTWOOD CHURCH,9316,009204,0.35886118,code_token_name,high,0.993
2006,2000,WARREN,3 1 WESTWOOD CHURCH,9316,009208,0.00263718,code_token_name,high,0.993
2006,2000,WARREN,3 1 WESTWOOD CHURCH,9316,009205,0.00119964,code_token_name,high,0.993
2006,2000,WARREN,3 1 WESTWOOD CHURCH,9316,009211,0.00039342,code_token_name,high,0.993
2006,2000,WARREN,3 1 WESTWOOD CHURCH,9316,009202,0.00021787,code_token_name,high,0.993
2006,2000,WARREN,3 2 SMARTT FIRE HALL,9316,009213,0.6366907,code_token_name,high,0.993
2006,2000,WARREN,3 2 SMARTT FIRE HALL,9316,009204,0.35886118,code_token_name,high,0.993
2006,2000,WARREN,3 2 SMARTT FIRE HALL,9316,009208,0.00263718,code_token_name,high,0.993
2006,2000,WARREN,3 2 SMARTT FIRE HALL,9316,009205,0.00119964,code_token_name,high,0.993
2006,2000,WARREN,3 2 SMARTT FIRE HALL,9316,009211,0.00039342,code_token_name,high,0.993
2006,2000,WARREN,3 2 SMARTT FIRE HALL,9316,009202,0.00021787,code_token_name,high,0.993
2006,2000,WARREN,4 TSU NURSERY RES,9384,009206,0.98382277,code_token_name,high,0.993
2006,2000,WARREN,4 TSU NURSERY RES,9384,009207,0.0140396,code_token_name,high,0.993
2006,2000,WARREN,4 TSU NURSERY RES,9384,009210,0.00103954,code_token_name,high,0.993
2006,2000,WARREN,4 TSU NURSERY RES,9384,009218,0.00052171,code_token_name,high,0.993
2006,2000,WARREN,4 TSU NURSERY RES,9384,009209,0.00052079,code_token_name,high,0.993
2006,2000,WARREN,4 TSU NURSERY RES,9384,009219,5.075e-05,code_token_name,high,0.993
2006,2000,WARREN,4 TSU NURSERY RES,9384,009201,4.85e-06,code_token_name,high,0.993
2006,2000,WARREN,5 1 THREE STAR MALL,9312,009208,0.99212924,code_token_name,high,0.993
2006,2000,WARREN,5 1 THREE STAR MALL,9312,009213,0.00517159,code_token_name,high,0.993
2006,2000,WARREN,5 1 THREE STAR MALL,9312,009207,0.00250541,code_token_name,high,0.993
2006,2000,WARREN,5 1 THREE STAR MALL,9312,009204,0.00019376,code_token_name,high,0.993
2006,2000,WARREN,5 2 BEERSHEBA TOWERS,9312,009208,0.99212924,code_token_name,high,0.993
2006,2000,WARREN,5 2 BEERSHEBA TOWERS,9312,009213,0.00517159,code_token_name,high,0.993
2006,2000,WARREN,5 2 BEERSHEBA TOWERS,9312,009207,0.00250541,code_token_name,high,0.993
2006,2000,WARREN,5 2 BEERSHEBA TOWERS,9312,009204,0.00019376,code_token_name,high,0.993
2006,2000,WARREN,6 WARREN CO MIDDLE,9372,009209,0.95487906,code_token_name,high,0.993
2006,2000,WARREN,6 WARREN CO MIDDLE,9372,009206,0.04410115,code_token_name,high,0.993
2006,2000,WARREN,6 WARREN CO MIDDLE,9372,009201,0.0005676,code_token_name,high,0.993
2006,2000,WARREN,6 WARREN CO MIDDLE,9372,009220,0.00031035,code_token_name,high,0.993
2006,2000,WARREN,6 WARREN CO MIDDLE,9372,009219,0.00014184,code_token_name,high,0.993
2006,2000,WARREN,7 EASTSIDE SCHOOL,9336,009210,0.99919245,code_token_name,high,0.993
2006,2000,WARREN,7 EASTSIDE SCHOOL,9336,009206,0.00030133,code_token_name,high,0.993
2006,2000,WARREN,7 EASTSIDE SCHOOL,9336,009211,0.0002998,code_token_name,high,0.993
2006,2000,WARREN,7 EASTSIDE SCHOOL,9336,009218,0.00012091,code_token_name,high,0.993
2006,2000,WARREN,7 EASTSIDE SCHOOL,9336,009207,8.551e-05,code_token_name,high,0.993
2006,2000,WARREN,8 1 FAIRVIEW CC,9340,009211,0.90833882,code_token_name,high,0.993
2006,2000,WARREN,8 1 FAIRVIEW CC,9340,009207,0.0593566,code_token_name,high,0.993
2006,2000,WARREN,8 1 FAIRVIEW CC,9340,009208,0.03156256,code_token_name,high,0.993
2006,2000,WARREN,8 1 FAIRVIEW CC,9340,009210,0.00062241,code_token_name,high,0.993
2006,2000,WARREN,8 1 FAIRVIEW CC,9340,009213,0.00011962,code_token_name,high,0.993
2006,2000,WARREN,8 2 IRVING COLLEGE,9340,009211,0.90833882,code_token_name,high,0.993
2006,2000,WARREN,8 2 IRVING COLLEGE,9340,009207,0.0593566,code_token_name,high,0.993
2006,2000,WARREN,8 2 IRVING COLLEGE,9340,009208,0.03156256,code_token_name,high,0.993
2006,2000,WARREN,8 2 IRVING COLLEGE,9340,009210,0.00062241,code_token_name,high,0.993
2006,2000,WARREN,8 2 IRVING COLLEGE,9340,009213,0.00011962,code_token_name,high,0.993
2006,2000,WARREN,8 3 LBJ C HEAD,9340,009211,0.90833882,code_token_name,high,0.993
2006,2000,WARREN,8 3 LBJ C HEAD,9340,009207,0.0593566,code_token_name,high,0.993
2006,2000,WARREN,8 3 LBJ C HEAD,9340,009208,0.03156256,code_token_name,high,0.993
2006,2000,WARREN,8 3 LBJ C HEAD,9340,009210,0.00062241,code_token_name,high,0.993
2006,2000,WARREN,8 3 LBJ C HEAD,9340,009213,0.00011962,code_token_name,high,0.993
2006,2000,WARREN,9 1 MORRISON RURITAN,9360,009214,0.86885255,code_token_name,high,0.993
2006,2000,WARREN,9 1 MORRISON RURITAN,9360,009217,0.0995669,code_token_name,high,0.993
2006,2000,WARREN,9 1 MORRISON RURITAN,9360,009205,0.03111368,code_token_name,high,0.993
2006,2000,WARREN,9 1 MORRISON RURITAN,9360,009215,0.00031672,code_token_name,high,0.993
2006,2000,WARREN,9 1 MORRISON RURITAN,9360,009203,0.00015015,code_token_name,high,0.993
2006,2000,WARREN,9 2 VIOLA VALLEY CC,9360,009214,0.86885255,code_token_name,high,0.993
2006,2000,WARREN,9 2 VIOLA VALLEY CC,9360,009217,0.0995669,code_token_name,high,0.993
2006,2000,WARREN,9 2 VIOLA VALLEY CC,9360,009205,0.03111368,code_token_name,high,0.993
2006,2000,WARREN,9 2 VIOLA VALLEY CC,9360,009215,0.00031672,code_token_name,high,0.993
2006,2000,WARREN,9 2 VIOLA VALLEY CC,9360,009203,0.00015015,code_token_name,high,0.993
2006,2000,WASHINGTON,01 SOUTH CENTRAL SCH,9392,009330,0.54371453,code_token_name,high,0.993
2006,2000,WASHINGTON,01 SOUTH CENTRAL SCH,9392,009329,0.40565562,code_token_name,high,0.993
2006,2000,WASHINGTON,01 SOUTH CENTRAL SCH,9392,009310,0.05062985,code_token_name,high,0.993
2006,2000,WASHINGTON,02 CONKLIN RURITAN,9396,009330,0.55414972,code_token_name,high,0.993
2006,2000,WASHINGTON,02 CONKLIN RURITAN,9396,009326,0.44359038,code_token_name,high,0.993
2006,2000,WASHINGTON,02 CONKLIN RURITAN,9396,009329,0.00176352,code_token_name,high,0.993
2006,2000,WASHINGTON,02 CONKLIN RURITAN,9396,009327,0.00049639,code_token_name,high,0.993
2006,2000,WASHINGTON,03 WEST VIEW SCHOOL,9400,009326,0.9808771,code_token_name,high,0.993
2006,2000,WASHINGTON,03 WEST VIEW SCHOOL,9400,009330,0.01821795,code_token_name,high,0.993
2006,2000,WASHINGTON,03 WEST VIEW SCHOOL,9400,009329,0.00070497,code_token_name,high,0.993
2006,2000,WASHINGTON,03 WEST VIEW SCHOOL,9400,009327,0.0001504,code_token_name,high,0.993
2006,2000,WASHINGTON,03 WEST VIEW SCHOOL,9400,009307,4.958e-05,code_token_name,high,0.993
2006,2000,WASHINGTON,04 LAMAR SCHOOL,9404,009325,0.84646204,code_token_name,high,0.993
2006,2000,WASHINGTON,04 LAMAR SCHOOL,9404,009327,0.09455063,code_token_name,high,0.993
2006,2000,WASHINGTON,04 LAMAR SCHOOL,9404,009326,0.05897292,code_token_name,high,0.993
2006,2000,WASHINGTON,04 LAMAR SCHOOL,9404,009310,1.426e-05,code_token_name,high,0.993
2006,2000,WASHINGTON,04 LAMAR SCHOOL,9404,009316,1.5e-07,code_token_name,high,0.993
2006,2000,WASHINGTON,05 TELFORD RURITAN,9408,009327,0.82774556,code_token_name,high,0.993
2006,2000,WASHINGTON,05 TELFORD RURITAN,9408,009326,0.1642461,code_token_name,high,0.993
2006,2000,WASHINGTON,05 TELFORD RURITAN,9408,009309,0.00780924,code_token_name,high,0.993
2006,2000,WASHINGTON,05 TELFORD RURITAN,9408,009307,0.00019909,code_token_name,high,0.993
2006,2000,WASHINGTON,06 EMBREEVILLE,9412,009310,0.91087373,exact_name,high,1.0
2006,2000,WASHINGTON,06 EMBREEVILLE,9412,009325,0.06783094,exact_name,high,1.0
2006,2000,WASHINGTON,06 EMBREEVILLE,9412,009330,0.01430241,exact_name,high,1.0
2006,2000,WASHINGTON,06 EMBREEVILLE,9412,009326,0.00699293,exact_name,high,1.0
2006,2000,WASHINGTON,07 FALL BRANCH,9416,009313,0.99931161,exact_name,high,1.0
2006,2000,WASHINGTON,07 FALL BRANCH,9416,009319,0.00068647,exact_name,high,1.0
2006,2000,WASHINGTON,07 FALL BRANCH,9416,009307,1.92e-06,exact_name,high,1.0
2006,2000,WASHINGTON,08 1 MIDWAY OUT,9420,009316,0.8625109,code_token_name,high,0.993
2006,2000,WASHINGTON,08 1 MIDWAY OUT,9420,009311,0.13606879,code_token_name,high,0.993
2006,2000,WASHINGTON,08 1 MIDWAY OUT,9420,009309,0.0011324,code_token_name,high,0.993
2006,2000,WASHINGTON,08 1 MIDWAY OUT,9420,009301,0.00028791,code_token_name,high,0.993
2006,2000,WASHINGTON,08 14 CHEROKEE IN,9420,009316,0.8625109,code_token_name,high,0.993
2006,2000,WASHINGTON,08 14 CHEROKEE IN,9420,009311,0.13606879,code_token_name,high,0.993
2006,2000,WASHINGTON,08 14 CHEROKEE IN,9420,009309,0.0011324,code_token_name,high,0.993
2006,2000,WASHINGTON,08 14 CHEROKEE IN,9420,009301,0.00028791,code_token_name,high,0.993
2006,2000,WASHINGTON,08 15 MIDWAY IN,9420,009316,0.8625109,code_token_name,high,0.993
2006,2000,WASHINGTON,08 15 MIDWAY IN,9420,009311,0.13606879,code_token_name,high,0.993
2006,2000,WASHINGTON,08 15 MIDWAY IN,9420,009309,0.0011324,code_token_name,high,0.993
2006,2000,WASHINGTON,08 15 MIDWAY IN,9420,009301,0.00028791,code_token_name,high,0.993
2006,2000,WASHINGTON,08 16 FIRE TRAINING,9420,009316,0.8625109,code_token_name,high,0.993
2006,2000,WASHINGTON,08 16 FIRE TRAINING,9420,009311,0.13606879,code_token_name,high,0.993
2006,2000,WASHINGTON,08 16 FIRE TRAINING,9420,009309,0.0011324,code_token_name,high,0.993
2006,2000,WASHINGTON,08 16 FIRE TRAINING,9420,009301,0.00028791,code_token_name,high,0.993
2006,2000,WASHINGTON,08 2 CHEROKEE OUT,9420,009316,0.8625109,code_token_name,high,0.993
2006,2000,WASHINGTON,08 2 CHEROKEE OUT,9420,009311,0.13606879,code_token_name,high,0.993
2006,2000,WASHINGTON,08 2 CHEROKEE OUT,9420,009309,0.0011324,code_token_name,high,0.993
2006,2000,WASHINGTON,08 2 CHEROKEE OUT,9420,009301,0.00028791,code_token_name,high,0.993
2006,2000,WASHINGTON,09 1 SOUTH SIDE SCH,9440,009314,0.45306933,code_token_name,high,0.993
2006,2000,WASHINGTON,09 1 SOUTH SIDE SCH,9440,009331,0.28497331,code_token_name,high,0.993
2006,2000,WASHINGTON,09 1 SOUTH SIDE SCH,9440,009323,0.2583456,code_token_name,high,0.993
2006,2000,WASHINGTON,09 1 SOUTH SIDE SCH,9440,009308,0.00330461,code_token_name,high,0.993
2006,2000,WASHINGTON,09 1 SOUTH SIDE SCH,9440,009315,0.00030715,code_token_name,high,0.993
2006,2000,WASHINGTON,09 10 FAIRMONT SCH,9440,009314,0.45306933,code_token_name,high,0.993
2006,2000,WASHINGTON,09 10 FAIRMONT SCH,9440,009331,0.28497331,code_token_name,high,0.993
2006,2000,WASHINGTON,09 10 FAIRMONT SCH,9440,009323,0.2583456,code_token_name,high,0.993
2006,2000,WASHINGTON,09 10 FAIRMONT SCH,9440,009308,0.00330461,code_token_name,high,0.993
2006,2000,WASHINGTON,09 10 FAIRMONT SCH,9440,009315,0.00030715,code_token_name,high,0.993
2006,2000,WASHINGTON,09 3 KEYSTONE SCHOOL,9440,009314,0.45306933,code_token_name,high,0.993
2006,2000,WASHINGTON,09 3 KEYSTONE SCHOOL,9440,009331,0.28497331,code_token_name,high,0.993
2006,2000,WASHINGTON,09 3 KEYSTONE SCHOOL,9440,009323,0.2583456,code_token_name,high,0.993
2006,2000,WASHINGTON,09 3 KEYSTONE SCHOOL,9440,009308,0.00330461,code_token_name,high,0.993
2006,2000,WASHINGTON,09 3 KEYSTONE SCHOOL,9440,009315,0.00030715,code_token_name,high,0.993
2006,2000,WASHINGTON,09 5 NORTH SIDE SCH,9440,009314,0.45306933,code_token_name,high,0.993
2006,2000,WASHINGTON,09 5 NORTH SIDE SCH,9440,009331,0.28497331,code_token_name,high,0.993
2006,2000,WASHINGTON,09 5 NORTH SIDE SCH,9440,009323,0.2583456,code_token_name,high,0.993
2006,2000,WASHINGTON,09 5 NORTH SIDE SCH,9440,009308,0.00330461,code_token_name,high,0.993
2006,2000,WASHINGTON,09 5 NORTH SIDE SCH,9440,009315,0.00030715,code_token_name,high,0.993
2006,2000,WASHINGTON,09 6 STRATTON SCHOOL,9440,009314,0.45306933,code_token_name,high,0.993
2006,2000,WASHINGTON,09 6 STRATTON SCHOOL,9440,009331,0.28497331,code_token_name,high,0.993
2006,2000,WASHINGTON,09 6 STRATTON SCHOOL,9440,009323,0.2583456,code_token_name,high,0.993
2006,2000,WASHINGTON,09 6 STRATTON SCHOOL,9440,009308,0.00330461,code_token_name,high,0.993
2006,2000,WASHINGTON,09 6 STRATTON SCHOOL,9440,009315,0.00030715,code_token_name,high,0.993
2006,2000,WASHINGTON,09 7A ASBURY SCH,9440,009314,0.45306933,code_token_name,high,0.993
2006,2000,WASHINGTON,09 7A ASBURY SCH,9440,009331,0.28497331,code_token_name,high,0.993
2006,2000,WASHINGTON,09 7A ASBURY SCH,9440,009323,0.2583456,code_token_name,high,0.993
2006,2000,WASHINGTON,09 7A ASBURY SCH,9440,009308,0.00330461,code_token_name,high,0.993
2006,2000,WASHINGTON,09 7A ASBURY SCH,9440,009315,0.00030715,code_token_name,high,0.993
2006,2000,WASHINGTON,09 7W WOODLAND SCH,9440,009314,0.45306933,code_token_name,high,0.993
2006,2000,WASHINGTON,09 7W WOODLAND SCH,9440,009331,0.28497331,code_token_name,high,0.993
2006,2000,WASHINGTON,09 7W WOODLAND SCH,9440,009323,0.2583456,code_token_name,high,0.993
2006,2000,WASHINGTON,09 7W WOODLAND SCH,9440,009308,0.00330461,code_token_name,high,0.993
2006,2000,WASHINGTON,09 7W WOODLAND SCH,9440,009315,0.00030715,code_token_name,high,0.993
2006,2000,WASHINGTON,09 8 MILLENNIUM PK,9440,009314,0.45306933,code_token_name,high,0.993
2006,2000,WASHINGTON,09 8 MILLENNIUM PK,9440,009331,0.28497331,code_token_name,high,0.993
2006,2000,WASHINGTON,09 8 MILLENNIUM PK,9440,009323,0.2583456,code_token_name,high,0.993
2006,2000,WASHINGTON,09 8 MILLENNIUM PK,9440,009308,0.00330461,code_token_name,high,0.993
2006,2000,WASHINGTON,09 8 MILLENNIUM PK,9440,009315,0.00030715,code_token_name,high,0.993
2006,2000,WASHINGTON,09 9 HENRY JOHNSON,9488,009321,0.80218943,exact_name,high,1.0
2006,2000,WASHINGTON,09 9 HENRY JOHNSON,9488,009320,0.16388495,exact_name,high,1.0
2006,2000,WASHINGTON,09 9 HENRY JOHNSON,9488,009308,0.03279631,exact_name,high,1.0
2006,2000,WASHINGTON,09 9 HENRY JOHNSON,9488,009333,0.00080378,exact_name,high,1.0
2006,2000,WASHINGTON,09 9 HENRY JOHNSON,9488,009331,0.00020618,exact_name,high,1.0
2006,2000,WASHINGTON,09 9 HENRY JOHNSON,9488,009336,0.00011935,exact_name,high,1.0
2006,2000,WASHINGTON,12E EAST GRAY FAIR,9516,009318,0.8572879,code_token_name,high,0.993
2006,2000,WASHINGTON,12E EAST GRAY FAIR,9516,009317,0.09351317,code_token_name,high,0.993
2006,2000,WASHINGTON,12E EAST GRAY FAIR,9516,009305,0.04919894,code_token_name,high,0.993
2006,2000,WASHINGTON,12W WEST GRAY FAIR,9518,009318,0.86173463,code_token_name,high,0.993
2006,2000,WASHINGTON,12W WEST GRAY FAIR,9518,009317,0.06965724,code_token_name,high,0.993
2006,2000,WASHINGTON,12W WEST GRAY FAIR,9518,009332,0.05261311,code_token_name,high,0.993
2006,2000,WASHINGTON,12W WEST GRAY FAIR,9518,009319,0.01581402,code_token_name,high,0.993
2006,2000,WASHINGTON,12W WEST GRAY FAIR,9518,009306,0.00018099,code_token_name,high,0.993
2006,2000,WASHINGTON,13 HARMONY SCHOOL,9520,009319,0.9015821,code_token_name,high,0.993
2006,2000,WASHINGTON,13 HARMONY SCHOOL,9520,009332,0.09763158,code_token_name,high,0.993
2006,2000,WASHINGTON,13 HARMONY SCHOOL,9520,009307,0.00047258,code_token_name,high,0.993
2006,2000,WASHINGTON,13 HARMONY SCHOOL,9520,009313,0.00031373,code_token_name,high,0.993
2006,2000,WASHINGTON,14 SULPHUR SPRINGS,9524,009332,0.99917116,exact_name,high,1.0
2006,2000,WASHINGTON,14 SULPHUR SPRINGS,9524,009318,0.00036059,exact_name,high,1.0
2006,2000,WASHINGTON,14 SULPHUR SPRINGS,9524,009319,0.00017996,exact_name,high,1.0
2006,2000,WASHINGTON,14 SULPHUR SPRINGS,9524,009306,0.00015746,exact_name,high,1.0
2006,2000,WASHINGTON,14 SULPHUR SPRINGS,9524,009307,0.0001283,exact_name,high,1.0
2006,2000,WASHINGTON,14 SULPHUR SPRINGS,9524,009309,2.55e-06,exact_name,high,1.0
2006,2000,WASHINGTON,15 1 JONESBOROUGH TH,9528,009335,0.96762843,code_token_name,high,0.993
2006,2000,WASHINGTON,15 1 JONESBOROUGH TH,9528,009309,0.02795083,code_token_name,high,0.993
2006,2000,WASHINGTON,15 1 JONESBOROUGH TH,9528,009301,0.00442074,code_token_name,high,0.993
2006,2000,WASHINGTON,15 2 JONESBOROUGH CH,9528,009335,0.96762843,code_token_name,high,0.993
2006,2000,WASHINGTON,15 2 JONESBOROUGH CH,9528,009309,0.02795083,code_token_name,high,0.993
2006,2000,WASHINGTON,15 2 JONESBOROUGH CH,9528,009301,0.00442074,code_token_name,high,0.993
2006,2000,WASHINGTON,16 LEESBURG RURITAN,9536,009307,0.73830941,code_token_name,high,0.993
2006,2000,WASHINGTON,16 LEESBURG RURITAN,9536,009332,0.14069851,code_token_name,high,0.993
2006,2000,WASHINGTON,16 LEESBURG RURITAN,9536,009309,0.11420856,code_token_name,high,0.993
2006,2000,WASHINGTON,16 LEESBURG RURITAN,9536,009335,0.00666783,code_token_name,high,0.993
2006,2000,WASHINGTON,16 LEESBURG RURITAN,9536,009327,0.00011249,code_token_name,high,0.993
2006,2000,WASHINGTON,16 LEESBURG RURITAN,9536,009326,3.2e-06,code_token_name,high,0.993
2006,2000,WASHINGTON,17 BOWMANTOWN,9540,009307,0.93314975,exact_name,high,1.0
2006,2000,WASHINGTON,17 BOWMANTOWN,9540,009329,0.06664655,exact_name,high,1.0
2006,2000,WASHINGTON,17 BOWMANTOWN,9540,009319,0.00014214,exact_name,high,1.0
2006,2000,WASHINGTON,17 BOWMANTOWN,9540,009332,6.04e-05,exact_name,high,1.0
2006,2000,WASHINGTON,17 BOWMANTOWN,9540,009326,1.15e-06,exact_name,high,1.0
2006,2000,WASHINGTON,18 LIMESTONE RURITAN,9544,009329,0.99287911,code_token_name,high,0.993
2006,2000,WASHINGTON,18 LIMESTONE RURITAN,9544,009326,0.0037324,code_token_name,high,0.993
2006,2000,WASHINGTON,18 LIMESTONE RURITAN,9544,009330,0.0031815,code_token_name,high,0.993
2006,2000,WASHINGTON,18 LIMESTONE RURITAN,9544,009307,0.00020699,code_token_name,high,0.993
2006,2000,WAYNE,1 WAYNESBORO CITY,9552,009404,0.54734403,exact_name,high,1.0
2006,2000,WAYNE,1 WAYNESBORO CITY,9552,009407,0.45066384,exact_name,high,1.0
2006,2000,WAYNE,1 WAYNESBORO CITY,9552,009414,0.00129622,exact_name,high,1.0
2006,2000,WAYNE,1 WAYNESBORO CITY,9552,009409,0.0005062,exact_name,high,1.0
2006,2000,WAYNE,1 WAYNESBORO CITY,9552,009408,0.00018971,exact_name,high,1.0
2006,2000,WAYNE,2 CLIFTON CITY,9556,009402,0.72697243,code_token_name,high,0.993
2006,2000,WAYNE,2 CLIFTON CITY,9556,009409,0.27292047,code_token_name,high,0.993
2006,2000,WAYNE,2 CLIFTON CITY,9556,009410,8.456e-05,code_token_name,high,0.993
2006,2000,WAYNE,2 CLIFTON CITY,9556,009408,2.255e-05,code_token_name,high,0.993
2006,2000,WAYNE,3 1 BEECH CREEK FH,9568,009410,0.45214656,code_token_name,high,0.993
2006,2000,WAYNE,3 1 BEECH CREEK FH,9568,009407,0.317497,code_token_name,high,0.993
2006,2000,WAYNE,3 1 BEECH CREEK FH,9568,009409,0.21484665,code_token_name,high,0.993
2006,2000,WAYNE,3 1 BEECH CREEK FH,9568,009404,0.01542446,code_token_name,high,0.993
2006,2000,WAYNE,3 1 BEECH CREEK FH,9568,009402,4.403e-05,code_token_name,high,0.993
2006,2000,WAYNE,3 1 BEECH CREEK FH,9568,009408,4.13e-05,code_token_name,high,0.993
2006,2000,WAYNE,3 2 CRAZY HORSE,0004,0004,1.0,exact_name,high,1.0
2006,2000,WAYNE,3 3 EAGLE CREEK FH,9568,009410,0.45214656,code_token_name,high,0.993
2006,2000,WAYNE,3 3 EAGLE CREEK FH,9568,009407,0.317497,code_token_name,high,0.993
2006,2000,WAYNE,3 3 EAGLE CREEK FH,9568,009409,0.21484665,code_token_name,high,0.993
2006,2000,WAYNE,3 3 EAGLE CREEK FH,9568,009404,0.01542446,code_token_name,high,0.993
2006,2000,WAYNE,3 3 EAGLE CREEK FH,9568,009402,4.403e-05,code_token_name,high,0.993
2006,2000,WAYNE,3 3 EAGLE CREEK FH,9568,009408,4.13e-05,code_token_name,high,0.993
2006,2000,WAYNE,4 1 COLLINWOOD CITY,9576,009411,0.95047284,code_token_name,high,0.993
2006,2000,WAYNE,4 1 COLLINWOOD CITY,9576,009403,0.04041257,code_token_name,high,0.993
2006,2000,WAYNE,4 1 COLLINWOOD CITY,9576,009405,0.00611883,code_token_name,high,0.993
2006,2000,WAYNE,4 1 COLLINWOOD CITY,9576,009412,0.00298918,code_token_name,high,0.993
2006,2000,WAYNE,4 1 COLLINWOOD CITY,9576,009413,6.58e-06,code_token_name,high,0.993
2006,2000,WAYNE,4 2 SHAWNATEE,9576,009411,0.95047284,code_token_name,high,0.993
2006,2000,WAYNE,4 2 SHAWNATEE,9576,009403,0.04041257,code_token_name,high,0.993
2006,2000,WAYNE,4 2 SHAWNATEE,9576,009405,0.00611883,code_token_name,high,0.993
2006,2000,WAYNE,4 2 SHAWNATEE,9576,009412,0.00298918,code_token_name,high,0.993
2006,2000,WAYNE,4 2 SHAWNATEE,9576,009413,6.58e-06,code_token_name,high,0.993
2006,2000,WAYNE,5 1 BIG CYPRESS,0008,0008,1.0,exact_name,high,1.0
2006,2000,WAYNE,5 2 LUTTS,0009,0009,1.0,exact_name,high,1.0
2006,2000,WAYNE,5 3 WAYNE CO HIGH,9584,009413,0.72273179,code_token_name,high,0.993
2006,2000,WAYNE,5 3 WAYNE CO HIGH,9584,009412,0.24286114,code_token_name,high,0.993
2006,2000,WAYNE,5 3 WAYNE CO HIGH,9584,009405,0.03440213,code_token_name,high,0.993
2006,2000,WAYNE,5 3 WAYNE CO HIGH,9584,009403,4.94e-06,code_token_name,high,0.993
2006,2000,WAYNE,6 1 HOLLY CREEK FH,9592,009412,0.55157541,code_token_name,high,0.993
2006,2000,WAYNE,6 1 HOLLY CREEK FH,9592,009406,0.44842459,code_token_name,high,0.993
2006,2000,WAYNE,6 2 SOUTH GATE FH,9592,009412,0.55157541,code_token_name,high,0.993
2006,2000,WAYNE,6 2 SOUTH GATE FH,9592,009406,0.44842459,code_token_name,high,0.993
2006,2000,WAYNE,7 1 BUFFALO RIVER FD,9600,009407,0.41031586,code_token_name,high,0.993
2006,2000,WAYNE,7 1 BUFFALO RIVER FD,9600,009414,0.29292853,code_token_name,high,0.993
2006,2000,WAYNE,7 1 BUFFALO RIVER FD,9600,009405,0.15151079,code_token_name,high,0.993
2006,2000,WAYNE,7 1 BUFFALO RIVER FD,9600,009411,0.08474163,code_token_name,high,0.993
2006,2000,WAYNE,7 1 BUFFALO RIVER FD,9600,009408,0.05921709,code_token_name,high,0.993
2006,2000,WAYNE,7 1 BUFFALO RIVER FD,9600,009404,0.00098308,code_token_name,high,0.993
2006,2000,WAYNE,7 1 BUFFALO RIVER FD,9600,009403,0.00021343,code_token_name,high,0.993
2006,2000,WAYNE,7 1 BUFFALO RIVER FD,9600,009409,8.279e-05,code_token_name,high,0.993
2006,2000,WAYNE,7 1 BUFFALO RIVER FD,9600,009402,6.79e-06,code_token_name,high,0.993
2006,2000,WAYNE,7 2 OVILLA FIRE HALL,9600,009407,0.41031586,code_token_name,high,0.993
2006,2000,WAYNE,7 2 OVILLA FIRE HALL,9600,009414,0.29292853,code_token_name,high,0.993
2006,2000,WAYNE,7 2 OVILLA FIRE HALL,9600,009405,0.15151079,code_token_name,high,0.993
2006,2000,WAYNE,7 2 OVILLA FIRE HALL,9600,009411,0.08474163,code_token_name,high,0.993
2006,2000,WAYNE,7 2 OVILLA FIRE HALL,9600,009408,0.05921709,code_token_name,high,0.993
2006,2000,WAYNE,7 2 OVILLA FIRE HALL,9600,009404,0.00098308,code_token_name,high,0.993
2006,2000,WAYNE,7 2 OVILLA FIRE HALL,9600,009403,0.00021343,code_token_name,high,0.993
2006,2000,WAYNE,7 2 OVILLA FIRE HALL,9600,009409,8.279e-05,code_token_name,high,0.993
2006,2000,WAYNE,7 2 OVILLA FIRE HALL,9600,009402,6.79e-06,code_token_name,high,0.993
2006,2000,WEAKLEY,1A PALMERSVILLE FS,9608,009501,0.77453606,code_token_name,high,0.993
2006,2000,WEAKLEY,1A PALMERSVILLE FS,9608,009502,0.1127513,code_token_name,high,0.993
2006,2000,WEAKLEY,1A PALMERSVILLE FS,9608,009503,0.11271265,code_token_name,high,0.993
2006,2000,WEAKLEY,1B LATHAM FIRE STA,9612,009503,0.8973861,code_token_name,high,0.993
2006,2000,WEAKLEY,1B LATHAM FIRE STA,9612,009505,0.10254144,code_token_name,high,0.993
2006,2000,WEAKLEY,1B LATHAM FIRE STA,9612,009501,7.246e-05,code_token_name,high,0.993
2006,2000,WEAKLEY,2 GLEASON FIRE STA,9616,009501,0.56143321,code_token_name,high,0.993
2006,2000,WEAKLEY,2 GLEASON FIRE STA,9616,009503,0.30034471,code_token_name,high,0.993
2006,2000,WEAKLEY,2 GLEASON FIRE STA,9616,009504,0.13795217,code_token_name,high,0.993
2006,2000,WEAKLEY,2 GLEASON FIRE STA,9616,009502,0.00026991,code_token_name,high,0.993
2006,2000,WEAKLEY,3 GREENFIELD PARK,0003,0003,1.0,token_vtd,high,1.0
2006,2000,WEAKLEY,4 SHARON FIRE STA,0004,0004,1.0,token_vtd,high,1.0
2006,2000,WEAKLEY,5 BUSTER WILLIAMS FS,0005,0005,1.0,token_vtd,high,1.0
2006,2000,WEAKLEY,6 TRINITY PRESBYTER,0006,0006,1.0,token_vtd,high,1.0
2006,2000,WEAKLEY,7 MARTIN MIDDLE SCH,9656,009509,0.61571386,code_token_name,high,0.993
2006,2000,WEAKLEY,7 MARTIN MIDDLE SCH,9656,009510,0.37597126,code_token_name,high,0.993
2006,2000,WEAKLEY,7 MARTIN MIDDLE SCH,9656,009508,0.00831488,code_token_name,high,0.993
2006,2000,WEAKLEY,8 FIRST UMC,9660,009508,0.91599612,code_token_name,high,0.993
2006,2000,WEAKLEY,8 FIRST UMC,9660,009510,0.08248758,code_token_name,high,0.993
2006,2000,WEAKLEY,8 FIRST UMC,9660,009509,0.0015163,code_token_name,high,0.993
2006,2000,WEAKLEY,9 DRESDEN SC BLDG,9664,009505,0.86712685,code_token_name,high,0.993
2006,2000,WEAKLEY,9 DRESDEN SC BLDG,9664,009508,0.07932693,code_token_name,high,0.993
2006,2000,WEAKLEY,9 DRESDEN SC BLDG,9664,009509,0.03532925,code_token_name,high,0.993
2006,2000,WEAKLEY,9 DRESDEN SC BLDG,9664,009503,0.01821697,code_token_name,high,0.993
2006,2000,WHITE,1 1 RESCUE SQUAD,9680,009608,0.97597164,prefix_name,high,0.995
2006,2000,WHITE,1 1 RESCUE SQUAD,9680,009609,0.02043335,prefix_name,high,0.995
2006,2000,WHITE,1 1 RESCUE SQUAD,9680,009611,0.00359502,prefix_name,high,0.995
2006,2000,WHITE,1 2 SPARTA CIVIC CTR,9680,009608,0.97597164,code_token_name,high,0.993
2006,2000,WHITE,1 2 SPARTA CIVIC CTR,9680,009609,0.02043335,code_token_name,high,0.993
2006,2000,WHITE,1 2 SPARTA CIVIC CTR,9680,009611,0.00359502,code_token_name,high,0.993
2006,2000,WHITE,2 1 AG FAIR COMPLEX,9684,009611,0.93501989,exact_name,high,1.0
2006,2000,WHITE,2 1 AG FAIR COMPLEX,9684,009608,0.04973397,exact_name,high,1.0
2006,2000,WHITE,2 1 AG FAIR COMPLEX,9684,009607,0.01161991,exact_name,high,1.0
2006,2000,WHITE,2 1 AG FAIR COMPLEX,9684,009610,0.00300236,exact_name,high,1.0
2006,2000,WHITE,2 1 AG FAIR COMPLEX,9684,009609,0.00055125,exact_name,high,1.0
2006,2000,WHITE,2 1 AG FAIR COMPLEX,9684,009604,7.261e-05,exact_name,high,1.0
2006,2000,WHITE,2 2 THOMAS UNION,9684,009611,0.93501989,code_token_name,high,0.993
2006,2000,WHITE,2 2 THOMAS UNION,9684,009608,0.04973397,code_token_name,high,0.993
2006,2000,WHITE,2 2 THOMAS UNION,9684,009607,0.01161991,code_token_name,high,0.993
2006,2000,WHITE,2 2 THOMAS UNION,9684,009610,0.00300236,code_token_name,high,0.993
2006,2000,WHITE,2 2 THOMAS UNION,9684,009609,0.00055125,code_token_name,high,0.993
2006,2000,WHITE,2 2 THOMAS UNION,9684,009604,7.261e-05,code_token_name,high,0.993
2006,2000,WHITE,3 1 AG FAIR COMPLEX,0005,0005,1.0,exact_name,high,1.0
2006,2000,WHITE,4 1 HICKORY VALLEY,9692,009605,0.94846914,code_token_name,high,0.993
2006,2000,WHITE,4 1 HICKORY VALLEY,9692,009609,0.05071174,code_token_name,high,0.993
2006,2000,WHITE,4 1 HICKORY VALLEY,9692,009606,0.00066286,code_token_name,high,0.993
2006,2000,WHITE,4 1 HICKORY VALLEY,9692,009608,0.00011606,code_token_name,high,0.993
2006,2000,WHITE,4 1 HICKORY VALLEY,9692,009603,3.145e-05,code_token_name,high,0.993
2006,2000,WHITE,4 1 HICKORY VALLEY,9692,009607,8.75e-06,code_token_name,high,0.993
2006,2000,WHITE,4 2 BONDECROFT FIRE,9696,009606,0.99912042,prefix_name,high,0.995
2006,2000,WHITE,4 2 BONDECROFT FIRE,9696,009605,0.0004807,prefix_name,high,0.995
2006,2000,WHITE,4 2 BONDECROFT FIRE,9696,009607,0.00039889,prefix_name,high,0.995
2006,2000,WHITE,5 1 DOYLE CIVIC CTR,9700,009603,0.87303858,code_token_name,high,0.993
2006,2000,WHITE,5 1 DOYLE CIVIC CTR,9700,009610,0.06432571,code_token_name,high,0.993
2006,2000,WHITE,5 1 DOYLE CIVIC CTR,9700,009609,0.06216601,code_token_name,high,0.993
2006,2000,WHITE,5 1 DOYLE CIVIC CTR,9700,009608,0.00041136,code_token_name,high,0.993
2006,2000,WHITE,5 1 DOYLE CIVIC CTR,9700,009605,5.752e-05,code_token_name,high,0.993
2006,2000,WHITE,5 1 DOYLE CIVIC CTR,9700,009611,8.3e-07,code_token_name,high,0.993
2006,2000,WHITE,6 1 CENTRAL VIEW,0009,0009,1.0,exact_name,high,1.0
2006,2000,WHITE,6 2 CASSVILLE FIREHA,9704,009602,0.56012748,code_token_name,high,0.993
2006,2000,WHITE,6 2 CASSVILLE FIREHA,9704,009603,0.43944169,code_token_name,high,0.993
2006,2000,WHITE,6 2 CASSVILLE FIREHA,9704,009601,0.00043084,code_token_name,high,0.993
2006,2000,WHITE,7 1 NORTH END FIREHA,9712,009604,0.84056174,code_token_name,high,0.993
2006,2000,WHITE,7 1 NORTH END FIREHA,9712,009601,0.11417119,code_token_name,high,0.993
2006,2000,WHITE,7 1 NORTH END FIREHA,9712,009610,0.04124467,code_token_name,high,0.993
2006,2000,WHITE,7 1 NORTH END FIREHA,9712,009607,0.00319065,code_token_name,high,0.993
2006,2000,WHITE,7 1 NORTH END FIREHA,9712,009611,0.00083175,code_token_name,high,0.993
2006,2000,WILLIAMSON,1 1 FAIRVIEW ELEM,9720,009701,0.51220221,code_token_name,high,0.993
2006,2000,WILLIAMSON,1 1 FAIRVIEW ELEM,9720,009702,0.4868549,code_token_name,high,0.993
2006,2000,WILLIAMSON,1 1 FAIRVIEW ELEM,9720,009703,0.00094289,code_token_name,high,0.993
2006,2000,WILLIAMSON,1 2 FAIRVIEW REC CTR,9720,009701,0.51220221,code_token_name,high,0.993
2006,2000,WILLIAMSON,1 2 FAIRVIEW REC CTR,9720,009702,0.4868549,code_token_name,high,0.993
2006,2000,WILLIAMSON,1 2 FAIRVIEW REC CTR,9720,009703,0.00094289,code_token_name,high,0.993
2006,2000,WILLIAMSON,1 3 PINEWOOD ELEM,9720,009701,0.51220221,code_token_name,high,0.993
2006,2000,WILLIAMSON,1 3 PINEWOOD ELEM,9720,009702,0.4868549,code_token_name,high,0.993
2006,2000,WILLIAMSON,1 3 PINEWOOD ELEM,9720,009703,0.00094289,code_token_name,high,0.993
2006,2000,WILLIAMSON,10 1 WILLIAMSON REC,9796,009732,0.99667796,code_token_name,high,0.993
2006,2000,WILLIAMSON,10 1 WILLIAMSON REC,9796,009733,0.00189798,code_token_name,high,0.993
2006,2000,WILLIAMSON,10 1 WILLIAMSON REC,9796,009734,0.00142177,code_token_name,high,0.993
2006,2000,WILLIAMSON,10 1 WILLIAMSON REC,9796,009736,2.24e-06,code_token_name,high,0.993
2006,2000,WILLIAMSON,10 1 WILLIAMSON REC,9796,009730,4e-08,code_token_name,high,0.993
2006,2000,WILLIAMSON,10 2 LIBERTY ELEM,9796,009732,0.99667796,code_token_name,high,0.993
2006,2000,WILLIAMSON,10 2 LIBERTY ELEM,9796,009733,0.00189798,code_token_name,high,0.993
2006,2000,WILLIAMSON,10 2 LIBERTY ELEM,9796,009734,0.00142177,code_token_name,high,0.993
2006,2000,WILLIAMSON,10 2 LIBERTY ELEM,9796,009736,2.24e-06,code_token_name,high,0.993
2006,2000,WILLIAMSON,10 2 LIBERTY ELEM,9796,009730,4e-08,code_token_name,high,0.993
2006,2000,WILLIAMSON,10 3 JOHNSON ELEM,9796,009732,0.99667796,code_token_name,high,0.993
2006,2000,WILLIAMSON,10 3 JOHNSON ELEM,9796,009733,0.00189798,code_token_name,high,0.993
2006,2000,WILLIAMSON,10 3 JOHNSON ELEM,9796,009734,0.00142177,code_token_name,high,0.993
2006,2000,WILLIAMSON,10 3 JOHNSON ELEM,9796,009736,2.24e-06,code_token_name,high,0.993
2006,2000,WILLIAMSON,10 3 JOHNSON ELEM,9796,009730,4e-08,code_token_name,high,0.993
2006,2000,WILLIAMSON,11 1 FRANKLIN ELEM,9800,009735,0.72638579,code_token_name,high,0.993
2006,2000,WILLIAMSON,11 1 FRANKLIN ELEM,9800,009736,0.14198239,code_token_name,high,0.993
2006,2000,WILLIAMSON,11 1 FRANKLIN ELEM,9800,009739,0.05991012,code_token_name,high,0.993
2006,2000,WILLIAMSON,11 1 FRANKLIN ELEM,9800,009737,0.04643716,code_token_name,high,0.993
2006,2000,WILLIAMSON,11 1 FRANKLIN ELEM,9800,009732,0.02455956,code_token_name,high,0.993
2006,2000,WILLIAMSON,11 1 FRANKLIN ELEM,9800,009730,0.00072498,code_token_name,high,0.993
2006,2000,WILLIAMSON,11 2 MOORE ELEM,9800,009735,0.72638579,code_token_name,high,0.993
2006,2000,WILLIAMSON,11 2 MOORE ELEM,9800,009736,0.14198239,code_token_name,high,0.993
2006,2000,WILLIAMSON,11 2 MOORE ELEM,9800,009739,0.05991012,code_token_name,high,0.993
2006,2000,WILLIAMSON,11 2 MOORE ELEM,9800,009737,0.04643716,code_token_name,high,0.993
2006,2000,WILLIAMSON,11 2 MOORE ELEM,9800,009732,0.02455956,code_token_name,high,0.993
2006,2000,WILLIAMSON,11 2 MOORE ELEM,9800,009730,0.00072498,code_token_name,high,0.993
2006,2000,WILLIAMSON,12 1 FR COM FAITH,9804,009739,0.9672527,code_token_name,high,0.993
2006,2000,WILLIAMSON,12 1 FR COM FAITH,9804,009736,0.03087371,code_token_name,high,0.993
2006,2000,WILLIAMSON,12 1 FR COM FAITH,9804,009735,0.00163207,code_token_name,high,0.993
2006,2000,WILLIAMSON,12 1 FR COM FAITH,9804,009733,0.00022191,code_token_name,high,0.993
2006,2000,WILLIAMSON,12 1 FR COM FAITH,9804,009738,1.961e-05,code_token_name,high,0.993
2006,2000,WILLIAMSON,12 2 PEOPLES CHURCH,9804,009739,0.9672527,code_token_name,high,0.993
2006,2000,WILLIAMSON,12 2 PEOPLES CHURCH,9804,009736,0.03087371,code_token_name,high,0.993
2006,2000,WILLIAMSON,12 2 PEOPLES CHURCH,9804,009735,0.00163207,code_token_name,high,0.993
2006,2000,WILLIAMSON,12 2 PEOPLES CHURCH,9804,009733,0.00022191,code_token_name,high,0.993
2006,2000,WILLIAMSON,12 2 PEOPLES CHURCH,9804,009738,1.961e-05,code_token_name,high,0.993
2006,2000,WILLIAMSON,2 1 HILLSBORO ELEM,9724,009703,0.90155906,code_token_name,high,0.993
2006,2000,WILLIAMSON,2 1 HILLSBORO ELEM,9724,009702,0.09819016,code_token_name,high,0.993
2006,2000,WILLIAMSON,2 1 HILLSBORO ELEM,9724,009731,0.00024921,code_token_name,high,0.993
2006,2000,WILLIAMSON,2 1 HILLSBORO ELEM,9724,009704,1.57e-06,code_token_name,high,0.993
2006,2000,WILLIAMSON,2 2 GRACE CHAPEL,9724,009703,0.90155906,code_token_name,high,0.993
2006,2000,WILLIAMSON,2 2 GRACE CHAPEL,9724,009702,0.09819016,code_token_name,high,0.993
2006,2000,WILLIAMSON,2 2 GRACE CHAPEL,9724,009731,0.00024921,code_token_name,high,0.993
2006,2000,WILLIAMSON,2 2 GRACE CHAPEL,9724,009704,1.57e-06,code_token_name,high,0.993
2006,2000,WILLIAMSON,2 3 OAKVIEW ELEM,9724,009703,0.90155906,code_token_name,high,0.993
2006,2000,WILLIAMSON,2 3 OAKVIEW ELEM,9724,009702,0.09819016,code_token_name,high,0.993
2006,2000,WILLIAMSON,2 3 OAKVIEW ELEM,9724,009731,0.00024921,code_token_name,high,0.993
2006,2000,WILLIAMSON,2 3 OAKVIEW ELEM,9724,009704,1.57e-06,code_token_name,high,0.993
2006,2000,WILLIAMSON,3 1 THOMPSON STA BAP,9736,009741,0.27930009,code_token_name,high,0.993
2006,2000,WILLIAMSON,3 1 THOMPSON STA BAP,9736,009704,0.25888194,code_token_name,high,0.993
2006,2000,WILLIAMSON,3 1 THOMPSON STA BAP,9736,009706,0.12682553,code_token_name,high,0.993
2006,2000,WILLIAMSON,3 1 THOMPSON STA BAP,9736,009999,0.10101789,code_token_name,high,0.993
2006,2000,WILLIAMSON,3 1 THOMPSON STA BAP,9736,009709,0.09614902,code_token_name,high,0.993
2006,2000,WILLIAMSON,3 1 THOMPSON STA BAP,9736,009710,0.05495461,code_token_name,high,0.993
2006,2000,WILLIAMSON,3 1 THOMPSON STA BAP,9736,009742,0.04288913,code_token_name,high,0.993
2006,2000,WILLIAMSON,3 1 THOMPSON STA BAP,9736,009711,0.03675622,code_token_name,high,0.993
2006,2000,WILLIAMSON,3 1 THOMPSON STA BAP,9736,009705,0.00183931,code_token_name,high,0.993
2006,2000,WILLIAMSON,3 1 THOMPSON STA BAP,9736,009737,0.00138627,code_token_name,high,0.993
2006,2000,WILLIAMSON,3 2 BETHESDA REC CTR,9736,009741,0.27930009,code_token_name,high,0.993
2006,2000,WILLIAMSON,3 2 BETHESDA REC CTR,9736,009704,0.25888194,code_token_name,high,0.993
2006,2000,WILLIAMSON,3 2 BETHESDA REC CTR,9736,009706,0.12682553,code_token_name,high,0.993
2006,2000,WILLIAMSON,3 2 BETHESDA REC CTR,9736,009999,0.10101789,code_token_name,high,0.993
2006,2000,WILLIAMSON,3 2 BETHESDA REC CTR,9736,009709,0.09614902,code_token_name,high,0.993
2006,2000,WILLIAMSON,3 2 BETHESDA REC CTR,9736,009710,0.05495461,code_token_name,high,0.993
2006,2000,WILLIAMSON,3 2 BETHESDA REC CTR,9736,009742,0.04288913,code_token_name,high,0.993
2006,2000,WILLIAMSON,3 2 BETHESDA REC CTR,9736,009711,0.03675622,code_token_name,high,0.993
2006,2000,WILLIAMSON,3 2 BETHESDA REC CTR,9736,009705,0.00183931,code_token_name,high,0.993
2006,2000,WILLIAMSON,3 2 BETHESDA REC CTR,9736,009737,0.00138627,code_token_name,high,0.993
2006,2000,WILLIAMSON,3 3 COLLEGE GROVE CC,9736,009741,0.27930009,code_token_name,high,0.993
2006,2000,WILLIAMSON,3 3 COLLEGE GROVE CC,9736,009704,0.25888194,code_token_name,high,0.993
2006,2000,WILLIAMSON,3 3 COLLEGE GROVE CC,9736,009706,0.12682553,code_token_name,high,0.993
2006,2000,WILLIAMSON,3 3 COLLEGE GROVE CC,9736,009999,0.10101789,code_token_name,high,0.993
2006,2000,WILLIAMSON,3 3 COLLEGE GROVE CC,9736,009709,0.09614902,code_token_name,high,0.993
2006,2000,WILLIAMSON,3 3 COLLEGE GROVE CC,9736,009710,0.05495461,code_token_name,high,0.993
2006,2000,WILLIAMSON,3 3 COLLEGE GROVE CC,9736,009742,0.04288913,code_token_name,high,0.993
2006,2000,WILLIAMSON,3 3 COLLEGE GROVE CC,9736,009711,0.03675622,code_token_name,high,0.993
2006,2000,WILLIAMSON,3 3 COLLEGE GROVE CC,9736,009705,0.00183931,code_token_name,high,0.993
2006,2000,WILLIAMSON,3 3 COLLEGE GROVE CC,9736,009737,0.00138627,code_token_name,high,0.993
2006,2000,WILLIAMSON,3 4 HERITAGE ELEM,9736,009741,0.27930009,code_token_name,high,0.993
2006,2000,WILLIAMSON,3 4 HERITAGE ELEM,9736,009704,0.25888194,code_token_name,high,0.993
2006,2000,WILLIAMSON,3 4 HERITAGE ELEM,9736,009706,0.12682553,code_token_name,high,0.993
2006,2000,WILLIAMSON,3 4 HERITAGE ELEM,9736,009999,0.10101789,code_token_name,high,0.993
2006,2000,WILLIAMSON,3 4 HERITAGE ELEM,9736,009709,0.09614902,code_token_name,high,0.993
2006,2000,WILLIAMSON,3 4 HERITAGE ELEM,9736,009710,0.05495461,code_token_name,high,0.993
2006,2000,WILLIAMSON,3 4 HERITAGE ELEM,9736,009742,0.04288913,code_token_name,high,0.993
2006,2000,WILLIAMSON,3 4 HERITAGE ELEM,9736,009711,0.03675622,code_token_name,high,0.993
2006,2000,WILLIAMSON,3 4 HERITAGE ELEM,9736,009705,0.00183931,code_token_name,high,0.993
2006,2000,WILLIAMSON,3 4 HERITAGE ELEM,9736,009737,0.00138627,code_token_name,high,0.993
2006,2000,WILLIAMSON,4 1 1ST PRESBYTER,9748,009705,0.37199301,code_token_name,high,0.993
2006,2000,WILLIAMSON,4 1 1ST PRESBYTER,9748,009740,0.30269903,code_token_name,high,0.993
2006,2000,WILLIAMSON,4 1 1ST PRESBYTER,9748,009999,0.10065006,code_token_name,high,0.993
2006,2000,WILLIAMSON,4 1 1ST PRESBYTER,9748,009717,0.09607402,code_token_name,high,0.993
2006,2000,WILLIAMSON,4 1 1ST PRESBYTER,9748,009707,0.06158335,code_token_name,high,0.993
2006,2000,WILLIAMSON,4 1 1ST PRESBYTER,9748,009713,0.05203106,code_token_name,high,0.993
2006,2000,WILLIAMSON,4 1 1ST PRESBYTER,9748,009708,0.01208402,code_token_name,high,0.993
2006,2000,WILLIAMSON,4 1 1ST PRESBYTER,9748,009739,0.0028708,code_token_name,high,0.993
2006,2000,WILLIAMSON,4 1 1ST PRESBYTER,9748,009737,1.465e-05,code_token_name,high,0.993
2006,2000,WILLIAMSON,4 2 MILLVIEW CH CHR,9748,009705,0.37199301,code_token_name,high,0.993
2006,2000,WILLIAMSON,4 2 MILLVIEW CH CHR,9748,009740,0.30269903,code_token_name,high,0.993
2006,2000,WILLIAMSON,4 2 MILLVIEW CH CHR,9748,009999,0.10065006,code_token_name,high,0.993
2006,2000,WILLIAMSON,4 2 MILLVIEW CH CHR,9748,009717,0.09607402,code_token_name,high,0.993
2006,2000,WILLIAMSON,4 2 MILLVIEW CH CHR,9748,009707,0.06158335,code_token_name,high,0.993
2006,2000,WILLIAMSON,4 2 MILLVIEW CH CHR,9748,009713,0.05203106,code_token_name,high,0.993
2006,2000,WILLIAMSON,4 2 MILLVIEW CH CHR,9748,009708,0.01208402,code_token_name,high,0.993
2006,2000,WILLIAMSON,4 2 MILLVIEW CH CHR,9748,009739,0.0028708,code_token_name,high,0.993
2006,2000,WILLIAMSON,4 2 MILLVIEW CH CHR,9748,009737,1.465e-05,code_token_name,high,0.993
2006,2000,WILLIAMSON,4 3 TRINITY BAPTIST,9748,009705,0.37199301,code_token_name,high,0.993
2006,2000,WILLIAMSON,4 3 TRINITY BAPTIST,9748,009740,0.30269903,code_token_name,high,0.993
2006,2000,WILLIAMSON,4 3 TRINITY BAPTIST,9748,009999,0.10065006,code_token_name,high,0.993
2006,2000,WILLIAMSON,4 3 TRINITY BAPTIST,9748,009717,0.09607402,code_token_name,high,0.993
2006,2000,WILLIAMSON,4 3 TRINITY BAPTIST,9748,009707,0.06158335,code_token_name,high,0.993
2006,2000,WILLIAMSON,4 3 TRINITY BAPTIST,9748,009713,0.05203106,code_token_name,high,0.993
2006,2000,WILLIAMSON,4 3 TRINITY BAPTIST,9748,009708,0.01208402,code_token_name,high,0.993
2006,2000,WILLIAMSON,4 3 TRINITY BAPTIST,9748,009739,0.0028708,code_token_name,high,0.993
2006,2000,WILLIAMSON,4 3 TRINITY BAPTIST,9748,009737,1.465e-05,code_token_name,high,0.993
2006,2000,WILLIAMSON,5 1 BRENTWOOD SAFE,9732,009721,0.59109697,code_token_name,high,0.993
2006,2000,WILLIAMSON,5 1 BRENTWOOD SAFE,9732,009712,0.29320329,code_token_name,high,0.993
2006,2000,WILLIAMSON,5 1 BRENTWOOD SAFE,9732,009720,0.07248886,code_token_name,high,0.993
2006,2000,WILLIAMSON,5 1 BRENTWOOD SAFE,9732,009713,0.02746797,code_token_name,high,0.993
2006,2000,WILLIAMSON,5 1 BRENTWOOD SAFE,9732,009718,0.01484328,code_token_name,high,0.993
2006,2000,WILLIAMSON,5 1 BRENTWOOD SAFE,9732,009719,0.00065608,code_token_name,high,0.993
2006,2000,WILLIAMSON,5 1 BRENTWOOD SAFE,9732,009715,0.00016603,code_token_name,high,0.993
2006,2000,WILLIAMSON,5 1 BRENTWOOD SAFE,9732,009724,7.28e-05,code_token_name,high,0.993
2006,2000,WILLIAMSON,5 1 BRENTWOOD SAFE,9732,009726,4.72e-06,code_token_name,high,0.993
2006,2000,WILLIAMSON,5 2 NOLENSVILLE UMC,9732,009721,0.59109697,code_token_name,high,0.993
2006,2000,WILLIAMSON,5 2 NOLENSVILLE UMC,9732,009712,0.29320329,code_token_name,high,0.993
2006,2000,WILLIAMSON,5 2 NOLENSVILLE UMC,9732,009720,0.07248886,code_token_name,high,0.993
2006,2000,WILLIAMSON,5 2 NOLENSVILLE UMC,9732,009713,0.02746797,code_token_name,high,0.993
2006,2000,WILLIAMSON,5 2 NOLENSVILLE UMC,9732,009718,0.01484328,code_token_name,high,0.993
2006,2000,WILLIAMSON,5 2 NOLENSVILLE UMC,9732,009719,0.00065608,code_token_name,high,0.993
2006,2000,WILLIAMSON,5 2 NOLENSVILLE UMC,9732,009715,0.00016603,code_token_name,high,0.993
2006,2000,WILLIAMSON,5 2 NOLENSVILLE UMC,9732,009724,7.28e-05,code_token_name,high,0.993
2006,2000,WILLIAMSON,5 2 NOLENSVILLE UMC,9732,009726,4.72e-06,code_token_name,high,0.993
2006,2000,WILLIAMSON,5 3 TRIUNE BAPTIST,9732,009721,0.59109697,code_token_name,high,0.993
2006,2000,WILLIAMSON,5 3 TRIUNE BAPTIST,9732,009712,0.29320329,code_token_name,high,0.993
2006,2000,WILLIAMSON,5 3 TRIUNE BAPTIST,9732,009720,0.07248886,code_token_name,high,0.993
2006,2000,WILLIAMSON,5 3 TRIUNE BAPTIST,9732,009713,0.02746797,code_token_name,high,0.993
2006,2000,WILLIAMSON,5 3 TRIUNE BAPTIST,9732,009718,0.01484328,code_token_name,high,0.993
2006,2000,WILLIAMSON,5 3 TRIUNE BAPTIST,9732,009719,0.00065608,code_token_name,high,0.993
2006,2000,WILLIAMSON,5 3 TRIUNE BAPTIST,9732,009715,0.00016603,code_token_name,high,0.993
2006,2000,WILLIAMSON,5 3 TRIUNE BAPTIST,9732,009724,7.28e-05,code_token_name,high,0.993
2006,2000,WILLIAMSON,5 3 TRIUNE BAPTIST,9732,009726,4.72e-06,code_token_name,high,0.993
2006,2000,WILLIAMSON,6 1 LIBSCOMB ELEM,9764,009719,0.99775975,code_token_name,high,0.993
2006,2000,WILLIAMSON,6 1 LIBSCOMB ELEM,9764,009721,0.00084799,code_token_name,high,0.993
2006,2000,WILLIAMSON,6 1 LIBSCOMB ELEM,9764,009724,0.000538,code_token_name,high,0.993
2006,2000,WILLIAMSON,6 1 LIBSCOMB ELEM,9764,009712,0.00049296,code_token_name,high,0.993
2006,2000,WILLIAMSON,6 1 LIBSCOMB ELEM,9764,009720,0.00034915,code_token_name,high,0.993
2006,2000,WILLIAMSON,6 1 LIBSCOMB ELEM,9764,009723,1.214e-05,code_token_name,high,0.993
2006,2000,WILLIAMSON,6 2 NEW HOPE COMM,9764,009719,0.99775975,code_token_name,high,0.993
2006,2000,WILLIAMSON,6 2 NEW HOPE COMM,9764,009721,0.00084799,code_token_name,high,0.993
2006,2000,WILLIAMSON,6 2 NEW HOPE COMM,9764,009724,0.000538,code_token_name,high,0.993
2006,2000,WILLIAMSON,6 2 NEW HOPE COMM,9764,009712,0.00049296,code_token_name,high,0.993
2006,2000,WILLIAMSON,6 2 NEW HOPE COMM,9764,009720,0.00034915,code_token_name,high,0.993
2006,2000,WILLIAMSON,6 2 NEW HOPE COMM,9764,009723,1.214e-05,code_token_name,high,0.993
2006,2000,WILLIAMSON,6 3 HOLY FAMILY CAT,9764,009719,0.99775975,code_token_name,high,0.993
2006,2000,WILLIAMSON,6 3 HOLY FAMILY CAT,9764,009721,0.00084799,code_token_name,high,0.993
2006,2000,WILLIAMSON,6 3 HOLY FAMILY CAT,9764,009724,0.000538,code_token_name,high,0.993
2006,2000,WILLIAMSON,6 3 HOLY FAMILY CAT,9764,009712,0.00049296,code_token_name,high,0.993
2006,2000,WILLIAMSON,6 3 HOLY FAMILY CAT,9764,009720,0.00034915,code_token_name,high,0.993
2006,2000,WILLIAMSON,6 3 HOLY FAMILY CAT,9764,009723,1.214e-05,code_token_name,high,0.993
2006,2000,WILLIAMSON,7 1 OTTER CREEK,9772,009722,0.67930935,code_token_name,high,0.993
2006,2000,WILLIAMSON,7 1 OTTER CREEK,9772,009724,0.17026862,code_token_name,high,0.993
2006,2000,WILLIAMSON,7 1 OTTER CREEK,9772,009723,0.15042204,code_token_name,high,0.993
2006,2000,WILLIAMSON,7 2 BAPTIST CHILD,9772,009722,0.67930935,code_token_name,high,0.993
2006,2000,WILLIAMSON,7 2 BAPTIST CHILD,9772,009724,0.17026862,code_token_name,high,0.993
2006,2000,WILLIAMSON,7 2 BAPTIST CHILD,9772,009723,0.15042204,code_token_name,high,0.993
2006,2000,WILLIAMSON,7 3 CLEARVIEW BAPT,9772,009722,0.67930935,code_token_name,high,0.993
2006,2000,WILLIAMSON,7 3 CLEARVIEW BAPT,9772,009724,0.17026862,code_token_name,high,0.993
2006,2000,WILLIAMSON,7 3 CLEARVIEW BAPT,9772,009723,0.15042204,code_token_name,high,0.993
2006,2000,WILLIAMSON,8 1 GRASSLAND MIDDL,9780,009725,0.55149203,code_token_name,high,0.993
2006,2000,WILLIAMSON,8 1 GRASSLAND MIDDL,9780,009726,0.27961991,code_token_name,high,0.993
2006,2000,WILLIAMSON,8 1 GRASSLAND MIDDL,9780,009734,0.08882626,code_token_name,high,0.993
2006,2000,WILLIAMSON,8 1 GRASSLAND MIDDL,9780,009733,0.06583917,code_token_name,high,0.993
2006,2000,WILLIAMSON,8 1 GRASSLAND MIDDL,9780,009723,0.01314608,code_token_name,high,0.993
2006,2000,WILLIAMSON,8 1 GRASSLAND MIDDL,9780,009732,0.0006078,code_token_name,high,0.993
2006,2000,WILLIAMSON,8 1 GRASSLAND MIDDL,9780,009728,0.00024324,code_token_name,high,0.993
2006,2000,WILLIAMSON,8 1 GRASSLAND MIDDL,9780,009722,0.00019997,code_token_name,high,0.993
2006,2000,WILLIAMSON,8 1 GRASSLAND MIDDL,9780,009727,2.555e-05,code_token_name,high,0.993
2006,2000,WILLIAMSON,8 1 GRASSLAND MIDDL,9780,009729,0.0,code_token_name,high,0.993
2006,2000,WILLIAMSON,8 2 CURREY INGRAM A,9780,009725,0.55149203,code_token_name,high,0.993
2006,2000,WILLIAMSON,8 2 CURREY INGRAM A,9780,009726,0.27961991,code_token_name,high,0.993
2006,2000,WILLIAMSON,8 2 CURREY INGRAM A,9780,009734,0.08882626,code_token_name,high,0.993
2006,2000,WILLIAMSON,8 2 CURREY INGRAM A,9780,009733,0.06583917,code_token_name,high,0.993
2006,2000,WILLIAMSON,8 2 CURREY INGRAM A,9780,009723,0.01314608,code_token_name,high,0.993
2006,2000,WILLIAMSON,8 2 CURREY INGRAM A,9780,009732,0.0006078,code_token_name,high,0.993
2006,2000,WILLIAMSON,8 2 CURREY INGRAM A,9780,009728,0.00024324,code_token_name,high,0.993
2006,2000,WILLIAMSON,8 2 CURREY INGRAM A,9780,009722,0.00019997,code_token_name,high,0.993
2006,2000,WILLIAMSON,8 2 CURREY INGRAM A,9780,009727,2.555e-05,code_token_name,high,0.993
2006,2000,WILLIAMSON,8 2 CURREY INGRAM A,9780,009729,0.0,code_token_name,high,0.993
2006,2000,WILLIAMSON,8 3 EPISCOPAL CH,9780,009725,0.55149203,code_token_name,high,0.993
2006,2000,WILLIAMSON,8 3 EPISCOPAL CH,9780,009726,0.27961991,code_token_name,high,0.993
2006,2000,WILLIAMSON,8 3 EPISCOPAL CH,9780,009734,0.08882626,code_token_name,high,0.993
2006,2000,WILLIAMSON,8 3 EPISCOPAL CH,9780,009733,0.06583917,code_token_name,high,0.993
2006,2000,WILLIAMSON,8 3 EPISCOPAL CH,9780,009723,0.01314608,code_token_name,high,0.993
2006,2000,WILLIAMSON,8 3 EPISCOPAL CH,9780,009732,0.0006078,code_token_name,high,0.993
2006,2000,WILLIAMSON,8 3 EPISCOPAL CH,9780,009728,0.00024324,code_token_name,high,0.993
2006,2000,WILLIAMSON,8 3 EPISCOPAL CH,9780,009722,0.00019997,code_token_name,high,0.993
2006,2000,WILLIAMSON,8 3 EPISCOPAL CH,9780,009727,2.555e-05,code_token_name,high,0.993
2006,2000,WILLIAMSON,8 3 EPISCOPAL CH,9780,009729,0.0,code_token_name,high,0.993
2006,2000,WILLIAMSON,9 1 WALNUT GROVE EL,9788,009728,0.70414649,code_token_name,high,0.993
2006,2000,WILLIAMSON,9 1 WALNUT GROVE EL,9788,009732,0.14256419,code_token_name,high,0.993
2006,2000,WILLIAMSON,9 1 WALNUT GROVE EL,9788,009734,0.07821261,code_token_name,high,0.993
2006,2000,WILLIAMSON,9 1 WALNUT GROVE EL,9788,009730,0.06788947,code_token_name,high,0.993
2006,2000,WILLIAMSON,9 1 WALNUT GROVE EL,9788,009729,0.00708981,code_token_name,high,0.993
2006,2000,WILLIAMSON,9 1 WALNUT GROVE EL,9788,009725,6.955e-05,code_token_name,high,0.993
2006,2000,WILLIAMSON,9 1 WALNUT GROVE EL,9788,009726,2.786e-05,code_token_name,high,0.993
2006,2000,WILLIAMSON,9 2 BENTON HALL SCH,9788,009728,0.70414649,code_token_name,high,0.993
2006,2000,WILLIAMSON,9 2 BENTON HALL SCH,9788,009732,0.14256419,code_token_name,high,0.993
2006,2000,WILLIAMSON,9 2 BENTON HALL SCH,9788,009734,0.07821261,code_token_name,high,0.993
2006,2000,WILLIAMSON,9 2 BENTON HALL SCH,9788,009730,0.06788947,code_token_name,high,0.993
2006,2000,WILLIAMSON,9 2 BENTON HALL SCH,9788,009729,0.00708981,code_token_name,high,0.993
2006,2000,WILLIAMSON,9 2 BENTON HALL SCH,9788,009725,6.955e-05,code_token_name,high,0.993
2006,2000,WILLIAMSON,9 2 BENTON HALL SCH,9788,009726,2.786e-05,code_token_name,high,0.993
2006,2000,WILLIAMSON,9 3 HUNTER S BEND EL,9788,009728,0.70414649,code_token_name,high,0.993
2006,2000,WILLIAMSON,9 3 HUNTER S BEND EL,9788,009732,0.14256419,code_token_name,high,0.993
2006,2000,WILLIAMSON,9 3 HUNTER S BEND EL,9788,009734,0.07821261,code_token_name,high,0.993
2006,2000,WILLIAMSON,9 3 HUNTER S BEND EL,9788,009730,0.06788947,code_token_name,high,0.993
2006,2000,WILLIAMSON,9 3 HUNTER S BEND EL,9788,009729,0.00708981,code_token_name,high,0.993
2006,2000,WILLIAMSON,9 3 HUNTER S BEND EL,9788,009725,6.955e-05,code_token_name,high,0.993
2006,2000,WILLIAMSON,9 3 HUNTER S BEND EL,9788,009726,2.786e-05,code_token_name,high,0.993
2006,2000,WILSON,01 LANGFORD FARMS CL,9816,009810,0.62393404,code_token_name,high,0.993
2006,2000,WILSON,01 LANGFORD FARMS CL,9816,009801,0.30966949,code_token_name,high,0.993
2006,2000,WILSON,01 LANGFORD FARMS CL,9816,009829,0.06599146,code_token_name,high,0.993
2006,2000,WILSON,01 LANGFORD FARMS CL,9816,009824,0.000405,code_token_name,high,0.993
2006,2000,WILSON,02 ST STEPHENS,9820,009810,0.38057173,prefix_name,high,0.995
2006,2000,WILSON,02 ST STEPHENS,9820,009802,0.36612485,prefix_name,high,0.995
2006,2000,WILSON,02 ST STEPHENS,9820,009814,0.13318606,prefix_name,high,0.995
2006,2000,WILSON,02 ST STEPHENS,9820,009801,0.09147227,prefix_name,high,0.995
2006,2000,WILSON,02 ST STEPHENS,9820,009829,0.01545392,prefix_name,high,0.995
2006,2000,WILSON,02 ST STEPHENS,9820,009803,0.01319118,prefix_name,high,0.995
2006,2000,WILSON,03 MT JULIET LIBR,9824,009832,0.52536315,code_token_name,high,0.993
2006,2000,WILSON,03 MT JULIET LIBR,9824,009814,0.34993896,code_token_name,high,0.993
2006,2000,WILSON,03 MT JULIET LIBR,9824,009803,0.09574852,code_token_name,high,0.993
2006,2000,WILSON,03 MT JULIET LIBR,9824,009829,0.01833596,code_token_name,high,0.993
2006,2000,WILSON,03 MT JULIET LIBR,9824,009833,0.01057617,code_token_name,high,0.993
2006,2000,WILSON,03 MT JULIET LIBR,9824,009815,3.723e-05,code_token_name,high,0.993
2006,2000,WILSON,03 MT JULIET LIBR,9824,009819,1e-08,code_token_name,high,0.993
2006,2000,WILSON,04 COOK S UMC,9836,009804,0.61993167,code_token_name,high,0.993
2006,2000,WILSON,04 COOK S UMC,9836,009832,0.24845697,code_token_name,high,0.993
2006,2000,WILSON,04 COOK S UMC,9836,009829,0.11182953,code_token_name,high,0.993
2006,2000,WILSON,04 COOK S UMC,9836,009833,0.0095064,code_token_name,high,0.993
2006,2000,WILSON,04 COOK S UMC,9836,009830,0.00879439,code_token_name,high,0.993
2006,2000,WILSON,04 COOK S UMC,9836,009814,0.00129754,code_token_name,high,0.993
2006,2000,WILSON,04 COOK S UMC,9836,009806,0.00016628,code_token_name,high,0.993
2006,2000,WILSON,04 COOK S UMC,9836,009805,1.722e-05,code_token_name,high,0.993
2006,2000,WILSON,05 BEREA C OF CHRIST,9840,009806,0.81550669,code_token_name,high,0.993
2006,2000,WILSON,05 BEREA C OF CHRIST,9840,009823,0.11755381,code_token_name,high,0.993
2006,2000,WILSON,05 BEREA C OF CHRIST,9840,009807,0.06683941,code_token_name,high,0.993
2006,2000,WILSON,05 BEREA C OF CHRIST,9840,009825,7.361e-05,code_token_name,high,0.993
2006,2000,WILSON,05 BEREA C OF CHRIST,9840,009830,2.647e-05,code_token_name,high,0.993
2006,2000,WILSON,05 LAGUARDO UTILITY,9844,009806,0.54146951,prefix_name,high,0.995
2006,2000,WILSON,05 LAGUARDO UTILITY,9844,009805,0.37028479,prefix_name,high,0.995
2006,2000,WILSON,05 LAGUARDO UTILITY,9844,009804,0.0882457,prefix_name,high,0.995
2006,2000,WILSON,06 CARROLL OAKLAND,9848,009807,0.91791967,prefix_name,high,0.995
2006,2000,WILSON,06 CARROLL OAKLAND,9848,009820,0.04195628,prefix_name,high,0.995
2006,2000,WILSON,06 CARROLL OAKLAND,9848,009825,0.03995844,prefix_name,high,0.995
2006,2000,WILSON,06 CARROLL OAKLAND,9848,009806,0.00012021,prefix_name,high,0.995
2006,2000,WILSON,06 CARROLL OAKLAND,9848,009823,4.54e-05,prefix_name,high,0.995
2006,2000,WILSON,07 SHOP SPGS BAPTIST,9856,009808,0.57796372,code_token_name,high,0.993
2006,2000,WILSON,07 SHOP SPGS BAPTIST,9856,009816,0.32811265,code_token_name,high,0.993
2006,2000,WILSON,07 SHOP SPGS BAPTIST,9856,009828,0.08777908,code_token_name,high,0.993
2006,2000,WILSON,07 SHOP SPGS BAPTIST,9856,009809,0.00580121,code_token_name,high,0.993
2006,2000,WILSON,07 SHOP SPGS BAPTIST,9856,009817,0.0002055,code_token_name,high,0.993
2006,2000,WILSON,07 SHOP SPGS BAPTIST,9856,009811,9.418e-05,code_token_name,high,0.993
2006,2000,WILSON,07 SHOP SPGS BAPTIST,9856,009820,4.366e-05,code_token_name,high,0.993
2006,2000,WILSON,07 SOUTHSIDE ELEM,9856,009808,0.57796372,code_token_name,high,0.993
2006,2000,WILSON,07 SOUTHSIDE ELEM,9856,009816,0.32811265,code_token_name,high,0.993
2006,2000,WILSON,07 SOUTHSIDE ELEM,9856,009828,0.08777908,code_token_name,high,0.993
2006,2000,WILSON,07 SOUTHSIDE ELEM,9856,009809,0.00580121,code_token_name,high,0.993
2006,2000,WILSON,07 SOUTHSIDE ELEM,9856,009817,0.0002055,code_token_name,high,0.993
2006,2000,WILSON,07 SOUTHSIDE ELEM,9856,009811,9.418e-05,code_token_name,high,0.993
2006,2000,WILSON,07 SOUTHSIDE ELEM,9856,009820,4.366e-05,code_token_name,high,0.993
2006,2000,WILSON,07 WATERTOWN HIGH,9860,009811,0.53759341,prefix_name,high,0.995
2006,2000,WILSON,07 WATERTOWN HIGH,9860,009808,0.46231245,prefix_name,high,0.995
2006,2000,WILSON,07 WATERTOWN HIGH,9860,009816,5.559e-05,prefix_name,high,0.995
2006,2000,WILSON,07 WATERTOWN HIGH,9860,009820,3.855e-05,prefix_name,high,0.995
2006,2000,WILSON,08 LIGHTHOUSE A OF G,9864,009810,0.534393,code_token_name,high,0.993
2006,2000,WILSON,08 LIGHTHOUSE A OF G,9864,009801,0.45656343,code_token_name,high,0.993
2006,2000,WILSON,08 LIGHTHOUSE A OF G,9864,009829,0.0086006,code_token_name,high,0.993
2006,2000,WILSON,08 LIGHTHOUSE A OF G,9864,009814,0.00044297,code_token_name,high,0.993
2006,2000,WILSON,09 COMMERCE PRESBY,9868,009812,0.99996444,code_token_name,high,0.993
2006,2000,WILSON,09 COMMERCE PRESBY,9868,009811,3.556e-05,code_token_name,high,0.993
2006,2000,WILSON,09 COTTAGE HOME DEM,9868,009812,0.99996444,code_token_name,high,0.993
2006,2000,WILSON,09 COTTAGE HOME DEM,9868,009811,3.556e-05,code_token_name,high,0.993
2006,2000,WILSON,09 STATESVILLE HOME,9876,009812,0.99900104,prefix_name,high,0.995
2006,2000,WILSON,09 STATESVILLE HOME,9876,009811,0.00067908,prefix_name,high,0.995
2006,2000,WILSON,09 STATESVILLE HOME,9876,009816,0.00031988,prefix_name,high,0.995
2006,2000,WILSON,09 WATERTOWN COMM,9868,009812,0.99996444,code_token_name,high,0.993
2006,2000,WILSON,09 WATERTOWN COMM,9868,009811,3.556e-05,code_token_name,high,0.993
2006,2000,WILSON,10 MJ WW SENIORS CTR,9884,009814,0.42464528,code_token_name,high,0.993
2006,2000,WILSON,10 MJ WW SENIORS CTR,9884,009803,0.36774315,code_token_name,high,0.993
2006,2000,WILSON,10 MJ WW SENIORS CTR,9884,009829,0.16864839,code_token_name,high,0.993
2006,2000,WILSON,10 MJ WW SENIORS CTR,9884,009802,0.0383325,code_token_name,high,0.993
2006,2000,WILSON,10 MJ WW SENIORS CTR,9884,009832,0.00063067,code_token_name,high,0.993
2006,2000,WILSON,11 RUTLAND ELEM,9888,009819,0.80242486,code_token_name,high,0.993
2006,2000,WILSON,11 RUTLAND ELEM,9888,009815,0.17704289,code_token_name,high,0.993
2006,2000,WILSON,11 RUTLAND ELEM,9888,009822,0.02047782,code_token_name,high,0.993
2006,2000,WILSON,11 RUTLAND ELEM,9888,009833,1.985e-05,code_token_name,high,0.993
2006,2000,WILSON,11 RUTLAND ELEM,9888,009803,1.817e-05,code_token_name,high,0.993
2006,2000,WILSON,11 RUTLAND ELEM,9888,009832,1.641e-05,code_token_name,high,0.993
2006,2000,WILSON,11 SILVER SPGS BAPT,9888,009819,0.80242486,code_token_name,high,0.993
2006,2000,WILSON,11 SILVER SPGS BAPT,9888,009815,0.17704289,code_token_name,high,0.993
2006,2000,WILSON,11 SILVER SPGS BAPT,9888,009822,0.02047782,code_token_name,high,0.993
2006,2000,WILSON,11 SILVER SPGS BAPT,9888,009833,1.985e-05,code_token_name,high,0.993
2006,2000,WILSON,11 SILVER SPGS BAPT,9888,009803,1.817e-05,code_token_name,high,0.993
2006,2000,WILSON,11 SILVER SPGS BAPT,9888,009832,1.641e-05,code_token_name,high,0.993
2006,2000,WILSON,12 CEDAR FOREST,9896,009817,0.59411287,prefix_name,high,0.995
2006,2000,WILSON,12 CEDAR FOREST,9896,009818,0.40546678,prefix_name,high,0.995
2006,2000,WILSON,12 CEDAR FOREST,9896,009816,0.0003228,prefix_name,high,0.995
2006,2000,WILSON,12 CEDAR FOREST,9896,009819,9.756e-05,prefix_name,high,0.995
2006,2000,WILSON,12 NORENE CC,9896,009817,0.59411287,code_token_name,high,0.993
2006,2000,WILSON,12 NORENE CC,9896,009818,0.40546678,code_token_name,high,0.993
2006,2000,WILSON,12 NORENE CC,9896,009816,0.0003228,code_token_name,high,0.993
2006,2000,WILSON,12 NORENE CC,9896,009819,9.756e-05,code_token_name,high,0.993
2006,2000,WILSON,13 GLADEVILLE ELEM,9908,009818,0.80732548,code_token_name,high,0.993
2006,2000,WILSON,13 GLADEVILLE ELEM,9908,009819,0.13991908,code_token_name,high,0.993
2006,2000,WILSON,13 GLADEVILLE ELEM,9908,009815,0.04567383,code_token_name,high,0.993
2006,2000,WILSON,13 GLADEVILLE ELEM,9908,009822,0.00708161,code_token_name,high,0.993
2006,2000,WILSON,14 GLADEVILLE ELEM,9912,009819,0.74543958,code_token_name,high,0.993
2006,2000,WILSON,14 GLADEVILLE ELEM,9912,009818,0.25423686,code_token_name,high,0.993
2006,2000,WILSON,14 GLADEVILLE ELEM,9912,009817,0.00032357,code_token_name,high,0.993
2006,2000,WILSON,14 WILSON BD EDUC,9912,009819,0.74543958,code_token_name,high,0.993
2006,2000,WILSON,14 WILSON BD EDUC,9912,009818,0.25423686,code_token_name,high,0.993
2006,2000,WILSON,14 WILSON BD EDUC,9912,009817,0.00032357,code_token_name,high,0.993
2006,2000,WILSON,15 FULL GOSPEL TABER,9920,009820,0.66549654,code_token_name,high,0.993
2006,2000,WILSON,15 FULL GOSPEL TABER,9920,009807,0.33447647,code_token_name,high,0.993
2006,2000,WILSON,15 FULL GOSPEL TABER,9920,009826,1.601e-05,code_token_name,high,0.993
2006,2000,WILSON,15 FULL GOSPEL TABER,9920,009828,1.092e-05,code_token_name,high,0.993
2006,2000,WILSON,15 FULL GOSPEL TABER,9920,009825,7e-08,code_token_name,high,0.993
2006,2000,WILSON,15 TUCKERS CROSS RDS,9920,009820,0.66549654,code_token_name,high,0.993
2006,2000,WILSON,15 TUCKERS CROSS RDS,9920,009807,0.33447647,code_token_name,high,0.993
2006,2000,WILSON,15 TUCKERS CROSS RDS,9920,009826,1.601e-05,code_token_name,high,0.993
2006,2000,WILSON,15 TUCKERS CROSS RDS,9920,009828,1.092e-05,code_token_name,high,0.993
2006,2000,WILSON,15 TUCKERS CROSS RDS,9920,009825,7e-08,code_token_name,high,0.993
2006,2000,WILSON,16 CENTER CHAPEL,9928,009822,0.65649692,code_token_name,high,0.993
2006,2000,WILSON,16 CENTER CHAPEL,9928,009803,0.25932791,code_token_name,high,0.993
2006,2000,WILSON,16 CENTER CHAPEL,9928,009818,0.03455998,code_token_name,high,0.993
2006,2000,WILSON,16 CENTER CHAPEL,9928,009802,0.03450612,code_token_name,high,0.993
2006,2000,WILSON,16 CENTER CHAPEL,9928,009815,0.01501694,code_token_name,high,0.993
2006,2000,WILSON,16 CENTER CHAPEL,9928,009819,9.214e-05,code_token_name,high,0.993
2006,2000,WILSON,17 FAITH EVANGELICAL,9932,009823,0.59334384,code_token_name,high,0.993
2006,2000,WILSON,17 FAITH EVANGELICAL,9932,009825,0.19409369,code_token_name,high,0.993
2006,2000,WILSON,17 FAITH EVANGELICAL,9932,009831,0.1179668,code_token_name,high,0.993
2006,2000,WILSON,17 FAITH EVANGELICAL,9932,009830,0.09431582,code_token_name,high,0.993
2006,2000,WILSON,17 FAITH EVANGELICAL,9932,009806,0.00027985,code_token_name,high,0.993
2006,2000,WILSON,18 LAKEVIEW ELEM,9936,009824,0.98921395,code_token_name,high,0.993
2006,2000,WILSON,18 LAKEVIEW ELEM,9936,009810,0.01066236,code_token_name,high,0.993
2006,2000,WILSON,18 LAKEVIEW ELEM,9936,009829,0.00012369,code_token_name,high,0.993
2006,2000,WILSON,19 JIMMY FLOYD FC,9940,009825,0.97868441,code_token_name,high,0.993
2006,2000,WILSON,19 JIMMY FLOYD FC,9940,009826,0.02069705,code_token_name,high,0.993
2006,2000,WILSON,19 JIMMY FLOYD FC,9940,009820,0.00061508,code_token_name,high,0.993
2006,2000,WILSON,19 JIMMY FLOYD FC,9940,009807,2.71e-06,code_token_name,high,0.993
2006,2000,WILSON,19 JIMMY FLOYD FC,9940,009831,7.4e-07,code_token_name,high,0.993
2006,2000,WILSON,20 MARKET STREET CC,9944,009828,0.50128301,code_token_name,high,0.993
2006,2000,WILSON,20 MARKET STREET CC,9944,009826,0.3977405,code_token_name,high,0.993
2006,2000,WILSON,20 MARKET STREET CC,9944,009820,0.10086744,code_token_name,high,0.993
2006,2000,WILSON,20 MARKET STREET CC,9944,009825,0.00010905,code_token_name,high,0.993
2006,2000,WILSON,21 WATER AUTHORITY,9948,009828,0.32582217,code_token_name,high,0.993
2006,2000,WILSON,21 WATER AUTHORITY,9948,009827,0.21905683,code_token_name,high,0.993
2006,2000,WILSON,21 WATER AUTHORITY,9948,009808,0.20236727,code_token_name,high,0.993
2006,2000,WILSON,21 WATER AUTHORITY,9948,009826,0.13298798,code_token_name,high,0.993
2006,2000,WILSON,21 WATER AUTHORITY,9948,009809,0.11976575,code_token_name,high,0.993
2006,2000,WILSON,22 W A WRIGHT ELEM,9952,009829,0.83372536,prefix_name,high,0.995
2006,2000,WILSON,22 W A WRIGHT ELEM,9952,009824,0.13596567,prefix_name,high,0.995
2006,2000,WILSON,22 W A WRIGHT ELEM,9952,009804,0.01543917,prefix_name,high,0.995
2006,2000,WILSON,22 W A WRIGHT ELEM,9952,009810,0.01486545,prefix_name,high,0.995
2006,2000,WILSON,22 W A WRIGHT ELEM,9952,009814,4.35e-06,prefix_name,high,0.995
2006,2000,WILSON,23 WEST HILLS BAPT,9956,009830,0.5426079,code_token_name,high,0.993
2006,2000,WILSON,23 WEST HILLS BAPT,9956,009833,0.17327231,code_token_name,high,0.993
2006,2000,WILSON,23 WEST HILLS BAPT,9956,009809,0.14140618,code_token_name,high,0.993
2006,2000,WILSON,23 WEST HILLS BAPT,9956,009827,0.08953321,code_token_name,high,0.993
2006,2000,WILSON,23 WEST HILLS BAPT,9956,009831,0.05315936,code_token_name,high,0.993
2006,2000,WILSON,23 WEST HILLS BAPT,9956,009819,2.104e-05,code_token_name,high,0.993
2006,2000,WILSON,24 FIRST UMC,9960,009831,0.43194437,code_token_name,high,0.993
2006,2000,WILSON,24 FIRST UMC,9960,009825,0.34078443,code_token_name,high,0.993
2006,2000,WILSON,24 FIRST UMC,9960,009823,0.1541418,code_token_name,high,0.993
2006,2000,WILSON,24 FIRST UMC,9960,009827,0.06038584,code_token_name,high,0.993
2006,2000,WILSON,24 FIRST UMC,9960,009826,0.01274355,code_token_name,high,0.993
2006,2000,WILSON,25 BURCHETT FORD,9964,009830,0.68035541,exact_name,high,1.0
2006,2000,WILSON,25 BURCHETT FORD,9964,009804,0.22104345,exact_name,high,1.0
2006,2000,WILSON,25 BURCHETT FORD,9964,009806,0.06645667,exact_name,high,1.0
2006,2000,WILSON,25 BURCHETT FORD,9964,009831,0.02303614,exact_name,high,1.0
2006,2000,WILSON,25 BURCHETT FORD,9964,009823,0.00905564,exact_name,high,1.0
2006,2000,WILSON,25 BURCHETT FORD,9964,009833,5.269e-05,exact_name,high,1.0
2006,2000,WILSON,25 LEEVILLE FCE CLUB,9964,009830,0.68035541,code_token_name,high,0.993
2006,2000,WILSON,25 LEEVILLE FCE CLUB,9964,009804,0.22104345,code_token_name,high,0.993
2006,2000,WILSON,25 LEEVILLE FCE CLUB,9964,009806,0.06645667,code_token_name,high,0.993
2006,2000,WILSON,25 LEEVILLE FCE CLUB,9964,009831,0.02303614,code_token_name,high,0.993
2006,2000,WILSON,25 LEEVILLE FCE CLUB,9964,009823,0.00905564,code_token_name,high,0.993
2006,2000,WILSON,25 LEEVILLE FCE CLUB,9964,009833,5.269e-05,code_token_name,high,0.993
