from_year,source_vintage,county_norm,from_precinct_norm,src_vtdst,dst_vtd20,weight,match_method,confidence_tier,match_score
2000,2000,ANDERSON,01 ANDERSON CO,0052,000011,0.76350985,tail_fuzzy_name,low,0.846154
2000,2000,ANDERSON,01 ANDERSON CO,0052,000019,0.13987347,tail_fuzzy_name,low,0.846154
2000,2000,ANDERSON,01 ANDERSON CO,0052,000004,0.06002179,tail_fuzzy_name,low,0.846154
2000,2000,ANDERSON,01 ANDERSON CO,0052,000010,0.02960636,tail_fuzzy_name,low,0.846154
2000,2000,ANDERSON,01 ANDERSON CO,0052,000016,0.00536695,tail_fuzzy_name,low,0.846154
2000,2000,ANDERSON,01 ANDERSON CO,0052,000018,0.00159255,tail_fuzzy_name,low,0.846154
2000,2000,ANDERSON,01 ANDERSON CO,0052,000015,2.902e-05,tail_fuzzy_name,low,0.846154
2000,2000,ANDERSON,01 ANDERSON CO,0052,000001,0.0,tail_fuzzy_name,low,0.846154
2000,2000,ANDERSON,01 ANDERSON CO,0052,000007,0.0,tail_fuzzy_name,low,0.846154
2000,2000,ANDERSON,01 ANDERSON CO,0052,000025,0.0,tail_fuzzy_name,low,0.846154
2000,2000,ANDERSON,01 ANDERSON CO,0052,000005,0.0,tail_fuzzy_name,low,0.846154
2000,2000,ANDERSON,01 ANDERSON CO,0052,000006,0.0,tail_fuzzy_name,low,0.846154
2000,2000,ANDERSON,01 ANDERSON CO,0052,000002,0.0,tail_fuzzy_name,low,0.846154
2000,2000,ANDERSON,01 ANDERSON CO,0052,000008,0.0,tail_fuzzy_name,low,0.846154
2000,2000,ANDERSON,01 ANDERSON CO,0052,000003,0.0,tail_fuzzy_name,low,0.846154
2000,2000,ANDERSON,01 ANDERSON CO,0052,000013,0.0,tail_fuzzy_name,low,0.846154
2000,2000,ANDERSON,01 ANDERSON CO,0052,000009,0.0,tail_fuzzy_name,low,0.846154
2000,2000,ANDERSON,02 ANDERSONVILL,0008,000001,0.98623886,tail_fuzzy_name,low,0.96
2000,2000,ANDERSON,02 ANDERSONVILL,0008,000018,0.01376114,tail_fuzzy_name,low,0.96
2000,2000,ANDERSON,02 ANDERSONVILL,0008,000010,0.0,tail_fuzzy_name,low,0.96
2000,2000,ANDERSON,02 ANDERSONVILL,0008,000011,0.0,tail_fuzzy_name,low,0.96
2000,2000,ANDERSON,02 ANDERSONVILL,0008,000004,0.0,tail_fuzzy_name,low,0.96
2000,2000,ANDERSON,02 ANDERSONVILL,0008,000016,0.0,tail_fuzzy_name,low,0.96
2000,2000,ANDERSON,02 ANDERSONVILL,0008,000019,0.0,tail_fuzzy_name,low,0.96
2000,2000,ANDERSON,02 ANDERSONVILL,0008,000015,0.0,tail_fuzzy_name,low,0.96
2000,2000,ANDERSON,02 ANDERSONVILL,0008,000007,0.0,tail_fuzzy_name,low,0.96
2000,2000,ANDERSON,02 ANDERSONVILL,0008,000002,0.0,tail_fuzzy_name,low,0.96
2000,2000,ANDERSON,02 ANDERSONVILL,0008,000025,0.0,tail_fuzzy_name,low,0.96
2000,2000,ANDERSON,04 BLOCKHOUSE V,0010,000003,0.99593623,tail_fuzzy_name,low,0.8
2000,2000,ANDERSON,04 BLOCKHOUSE V,0010,000005,0.00406377,tail_fuzzy_name,low,0.8
2000,2000,ANDERSON,04 BLOCKHOUSE V,0010,000009,0.0,tail_fuzzy_name,low,0.8
2000,2000,ANDERSON,04 BLOCKHOUSE V,0010,000006,0.0,tail_fuzzy_name,low,0.8
2000,2000,ANDERSON,04 BLOCKHOUSE V,0010,000004,0.0,tail_fuzzy_name,low,0.8
2000,2000,ANDERSON,04 BLOCKHOUSE V,0010,000025,0.0,tail_fuzzy_name,low,0.8
2000,2000,ANDERSON,04 BLOCKHOUSE V,0010,000008,0.0,tail_fuzzy_name,low,0.8
2000,2000,ANDERSON,04 BLOCKHOUSE V,0010,000012,0.0,tail_fuzzy_name,low,0.8
2000,2000,ANDERSON,04 BLOCKHOUSE V,0010,000013,0.0,tail_fuzzy_name,low,0.8
2000,2000,ANDERSON,04 BLOCKHOUSE V,0010,000019,0.0,tail_fuzzy_name,low,0.8
2000,2000,ANDERSON,04 BLOCKHOUSE V,0010,000022,0.0,tail_fuzzy_name,low,0.8
2000,2000,ANDERSON,04 BLOCKHOUSE V,0010,000027,0.0,tail_fuzzy_name,low,0.8
2000,2000,ANDERSON,04 BLOCKHOUSE V,0010,000017,0.0,tail_fuzzy_name,low,0.8
2000,2000,ANDERSON,04 BLOCKHOUSE V,0010,000007,0.0,tail_fuzzy_name,low,0.8
2000,2000,ANDERSON,08 CLINTON MIDDL,0036,000007,0.72253225,tail_fuzzy_name,low,0.764706
2000,2000,ANDERSON,08 CLINTON MIDDL,0036,000006,0.24176569,tail_fuzzy_name,low,0.764706
2000,2000,ANDERSON,08 CLINTON MIDDL,0036,000009,0.02761319,tail_fuzzy_name,low,0.764706
2000,2000,ANDERSON,08 CLINTON MIDDL,0036,000005,0.0044714,tail_fuzzy_name,low,0.764706
2000,2000,ANDERSON,08 CLINTON MIDDL,0036,000019,0.00361746,tail_fuzzy_name,low,0.764706
2000,2000,ANDERSON,08 CLINTON MIDDL,0036,000008,0.0,tail_fuzzy_name,low,0.764706
2000,2000,ANDERSON,08 CLINTON MIDDL,0036,000016,0.0,tail_fuzzy_name,low,0.764706
2000,2000,ANDERSON,08 CLINTON MIDDL,0036,000011,0.0,tail_fuzzy_name,low,0.764706
2000,2000,ANDERSON,08 CLINTON MIDDL,0036,000012,0.0,tail_fuzzy_name,low,0.764706
2000,2000,ANDERSON,08 CLINTON MIDDL,0036,000003,0.0,tail_fuzzy_name,low,0.764706
2000,2000,ANDERSON,08 CLINTON MIDDL,0036,000015,0.0,tail_fuzzy_name,low,0.764706
2000,2000,ANDERSON,08 CLINTON MIDDL,0036,000004,0.0,tail_fuzzy_name,low,0.764706
2000,2000,ANDERSON,08 CLINTON MIDDL,0036,000017,0.0,tail_fuzzy_name,low,0.764706
2000,2000,ANDERSON,08 CLINTON MIDDL,0036,000018,0.0,tail_fuzzy_name,low,0.764706
2000,2000,ANDERSON,08 CLINTON MIDDL,0036,000025,0.0,tail_fuzzy_name,low,0.764706
2000,2000,ANDERSON,08 CLINTON MIDDL,0036,000002,0.0,tail_fuzzy_name,low,0.764706
2000,2000,ANDERSON,08 CLINTON MIDDL,0036,000020,0.0,tail_fuzzy_name,low,0.764706
2000,2000,ANDERSON,08 CLINTON MIDDL,0036,000001,0.0,tail_fuzzy_name,low,0.764706
2000,2000,ANDERSON,15 LAKE CITY MIDD,0068,000016,0.9946212,tail_fuzzy_name,low,0.9
2000,2000,ANDERSON,15 LAKE CITY MIDD,0068,000015,0.0053788,tail_fuzzy_name,low,0.9
2000,2000,ANDERSON,15 LAKE CITY MIDD,0068,000011,0.0,tail_fuzzy_name,low,0.9
2000,2000,ANDERSON,15 LAKE CITY MIDD,0068,000002,0.0,tail_fuzzy_name,low,0.9
2000,2000,ANDERSON,15 LAKE CITY MIDD,0068,000007,0.0,tail_fuzzy_name,low,0.9
2000,2000,ANDERSON,15 LAKE CITY MIDD,0068,000008,0.0,tail_fuzzy_name,low,0.9
2000,2000,ANDERSON,15 LAKE CITY MIDD,0068,000006,0.0,tail_fuzzy_name,low,0.9
2000,2000,ANDERSON,15 LAKE CITY MIDD,0068,000018,0.0,tail_fuzzy_name,low,0.9
2000,2000,ANDERSON,15 LAKE CITY MIDD,0068,000001,0.0,tail_fuzzy_name,low,0.9
2000,2000,ANDERSON,15 LAKE CITY MIDD,0068,000019,0.0,tail_fuzzy_name,low,0.9
2000,2000,ANDERSON,15 LAKE CITY MIDD,0068,000004,0.0,tail_fuzzy_name,low,0.9
2000,2000,ANDERSON,15 LAKE CITY MIDD,0068,000020,0.0,tail_fuzzy_name,low,0.9
2000,2000,ANDERSON,15 LAKE CITY MIDD,0068,000024,0.0,tail_fuzzy_name,low,0.9
2000,2000,ANDERSON,15 LAKE CITY MIDD,0068,000017,0.0,tail_fuzzy_name,low,0.9
2000,2000,ANDERSON,15 LAKE CITY MIDD,0068,000005,0.0,tail_fuzzy_name,low,0.9
2000,2000,ANDERSON,15 LAKE CITY MIDD,0068,000010,0.0,tail_fuzzy_name,low,0.9
2000,2000,ANDERSON,15 LAKE CITY MIDD,0068,000023,0.0,tail_fuzzy_name,low,0.9
2000,2000,ANDERSON,15 LAKE CITY MIDD,0068,000025,0.0,tail_fuzzy_name,low,0.9
2000,2000,ANDERSON,15 LAKE CITY MIDD,0068,000003,0.0,tail_fuzzy_name,low,0.9
2000,2000,BEDFORD,103 VOC SCHOOL,0216,000101,0.6040732,tail_fuzzy_name,low,0.740741
2000,2000,BEDFORD,103 VOC SCHOOL,0216,000107,0.17591317,tail_fuzzy_name,low,0.740741
2000,2000,BEDFORD,103 VOC SCHOOL,0216,000109,0.10698715,tail_fuzzy_name,low,0.740741
2000,2000,BEDFORD,103 VOC SCHOOL,0216,000108,0.10223745,tail_fuzzy_name,low,0.740741
2000,2000,BEDFORD,103 VOC SCHOOL,0216,000106,0.00913766,tail_fuzzy_name,low,0.740741
2000,2000,BEDFORD,103 VOC SCHOOL,0216,000110,0.00163599,tail_fuzzy_name,low,0.740741
2000,2000,BEDFORD,103 VOC SCHOOL,0216,000103,1.538e-05,tail_fuzzy_name,low,0.740741
2000,2000,BEDFORD,103 VOC SCHOOL,0216,000102,0.0,tail_fuzzy_name,low,0.740741
2000,2000,BEDFORD,103 VOC SCHOOL,0216,000111,0.0,tail_fuzzy_name,low,0.740741
2000,2000,BEDFORD,103 VOC SCHOOL,0216,000105,0.0,tail_fuzzy_name,low,0.740741
2000,2000,BEDFORD,103 VOC SCHOOL,0216,000104,0.0,tail_fuzzy_name,low,0.740741
2000,2000,BLOUNT,06 CHANDLER STA,0396,000410,0.97968395,tail_fuzzy_name,low,0.857143
2000,2000,BLOUNT,06 CHANDLER STA,0396,000408,0.0160038,tail_fuzzy_name,low,0.857143
2000,2000,BLOUNT,06 CHANDLER STA,0396,000406,0.00306384,tail_fuzzy_name,low,0.857143
2000,2000,BLOUNT,06 CHANDLER STA,0396,000409,0.00116537,tail_fuzzy_name,low,0.857143
2000,2000,BLOUNT,06 CHANDLER STA,0396,000423,6.89e-05,tail_fuzzy_name,low,0.857143
2000,2000,BLOUNT,06 CHANDLER STA,0396,000411,1.391e-05,tail_fuzzy_name,low,0.857143
2000,2000,BLOUNT,06 CHANDLER STA,0396,000407,1.7e-07,tail_fuzzy_name,low,0.857143
2000,2000,BLOUNT,06 CHANDLER STA,0396,000412,6e-08,tail_fuzzy_name,low,0.857143
2000,2000,BLOUNT,06 CHANDLER STA,0396,000421,0.0,tail_fuzzy_name,low,0.857143
2000,2000,BLOUNT,07 CHILHOWEE VIE,0400,000425,0.99910743,tail_fuzzy_name,low,0.962963
2000,2000,BLOUNT,07 CHILHOWEE VIE,0400,000426,0.00068059,tail_fuzzy_name,low,0.962963
2000,2000,BLOUNT,07 CHILHOWEE VIE,0400,000401,0.00021198,tail_fuzzy_name,low,0.962963
2000,2000,BLOUNT,07 CHILHOWEE VIE,0400,000427,0.0,tail_fuzzy_name,low,0.962963
2000,2000,BLOUNT,07 CHILHOWEE VIE,0400,000424,0.0,tail_fuzzy_name,low,0.962963
2000,2000,BLOUNT,07 CHILHOWEE VIE,0400,000403,0.0,tail_fuzzy_name,low,0.962963
2000,2000,BLOUNT,07 CHILHOWEE VIE,0400,000402,0.0,tail_fuzzy_name,low,0.962963
2000,2000,BLOUNT,07 CHILHOWEE VIE,0400,000432,0.0,tail_fuzzy_name,low,0.962963
2000,2000,BLOUNT,07 CHILHOWEE VIE,0400,000435,0.0,tail_fuzzy_name,low,0.962963
2000,2000,BLOUNT,07 CHILHOWEE VIE,0400,000420,0.0,tail_fuzzy_name,low,0.962963
2000,2000,BLOUNT,07 CHILHOWEE VIE,0400,000404,0.0,tail_fuzzy_name,low,0.962963
2000,2000,BLOUNT,07 CHILHOWEE VIE,0400,000434,0.0,tail_fuzzy_name,low,0.962963
2000,2000,BLOUNT,07 CHILHOWEE VIE,0400,000431,0.0,tail_fuzzy_name,low,0.962963
2000,2000,BLOUNT,07 CHILHOWEE VIE,0400,000433,0.0,tail_fuzzy_name,low,0.962963
2000,2000,BLOUNT,07 CHILHOWEE VIE,0400,000429,0.0,tail_fuzzy_name,low,0.962963
2000,2000,BLOUNT,07 CHILHOWEE VIE,0400,000419,0.0,tail_fuzzy_name,low,0.962963
2000,2000,BLOUNT,07 CHILHOWEE VIE,0400,000413,0.0,tail_fuzzy_name,low,0.962963
2000,2000,BLOUNT,07 CHILHOWEE VIE,0400,000430,0.0,tail_fuzzy_name,low,0.962963
2000,2000,BLOUNT,07 CHILHOWEE VIE,0400,000418,0.0,tail_fuzzy_name,low,0.962963
2000,2000,BLOUNT,12 FAIRVIEW NOR,0416,000414,0.43123872,tail_fuzzy_name,low,0.923077
2000,2000,BLOUNT,12 FAIRVIEW NOR,0416,000420,0.22420279,tail_fuzzy_name,low,0.923077
2000,2000,BLOUNT,12 FAIRVIEW NOR,0416,000417,0.16230203,tail_fuzzy_name,low,0.923077
2000,2000,BLOUNT,12 FAIRVIEW NOR,0416,000436,0.11715325,tail_fuzzy_name,low,0.923077
2000,2000,BLOUNT,12 FAIRVIEW NOR,0416,000433,0.04282456,tail_fuzzy_name,low,0.923077
2000,2000,BLOUNT,12 FAIRVIEW NOR,0416,000419,0.02141398,tail_fuzzy_name,low,0.923077
2000,2000,BLOUNT,12 FAIRVIEW NOR,0416,000412,0.00039932,tail_fuzzy_name,low,0.923077
2000,2000,BLOUNT,12 FAIRVIEW NOR,0416,000416,0.00024786,tail_fuzzy_name,low,0.923077
2000,2000,BLOUNT,12 FAIRVIEW NOR,0416,000421,0.00018045,tail_fuzzy_name,low,0.923077
2000,2000,BLOUNT,12 FAIRVIEW NOR,0416,000427,3.698e-05,tail_fuzzy_name,low,0.923077
2000,2000,BLOUNT,12 FAIRVIEW NOR,0416,000411,6e-08,tail_fuzzy_name,low,0.923077
2000,2000,BLOUNT,12 FAIRVIEW NOR,0416,000415,0.0,tail_fuzzy_name,low,0.923077
2000,2000,BLOUNT,12 FAIRVIEW NOR,0416,000434,0.0,tail_fuzzy_name,low,0.923077
2000,2000,BLOUNT,12 FAIRVIEW NOR,0416,000432,0.0,tail_fuzzy_name,low,0.923077
2000,2000,BLOUNT,12 FAIRVIEW NOR,0416,000404,0.0,tail_fuzzy_name,low,0.923077
2000,2000,BLOUNT,12 FAIRVIEW NOR,0416,000418,0.0,tail_fuzzy_name,low,0.923077
2000,2000,BLOUNT,13 FAIRVIEW SOU,0417,000433,0.99204586,tail_fuzzy_name,low,0.923077
2000,2000,BLOUNT,13 FAIRVIEW SOU,0417,000420,0.00794371,tail_fuzzy_name,low,0.923077
2000,2000,BLOUNT,13 FAIRVIEW SOU,0417,000427,1.043e-05,tail_fuzzy_name,low,0.923077
2000,2000,BLOUNT,13 FAIRVIEW SOU,0417,000419,0.0,tail_fuzzy_name,low,0.923077
2000,2000,BLOUNT,13 FAIRVIEW SOU,0417,000434,0.0,tail_fuzzy_name,low,0.923077
2000,2000,BLOUNT,13 FAIRVIEW SOU,0417,000414,0.0,tail_fuzzy_name,low,0.923077
2000,2000,BLOUNT,13 FAIRVIEW SOU,0417,000432,0.0,tail_fuzzy_name,low,0.923077
2000,2000,BLOUNT,13 FAIRVIEW SOU,0417,000404,0.0,tail_fuzzy_name,low,0.923077
2000,2000,BLOUNT,13 FAIRVIEW SOU,0417,000415,0.0,tail_fuzzy_name,low,0.923077
2000,2000,BLOUNT,13 FAIRVIEW SOU,0417,000418,0.0,tail_fuzzy_name,low,0.923077
2000,2000,BLOUNT,13 FAIRVIEW SOU,0417,000425,0.0,tail_fuzzy_name,low,0.923077
2000,2000,BLOUNT,13 FAIRVIEW SOU,0417,000436,0.0,tail_fuzzy_name,low,0.923077
2000,2000,BLOUNT,13 FAIRVIEW SOU,0417,000417,0.0,tail_fuzzy_name,low,0.923077
2000,2000,BLOUNT,13 FAIRVIEW SOU,0417,000426,0.0,tail_fuzzy_name,low,0.923077
2000,2000,BLOUNT,13 FAIRVIEW SOU,0417,000403,0.0,tail_fuzzy_name,low,0.923077
2000,2000,BLOUNT,13 FAIRVIEW SOU,0417,000435,0.0,tail_fuzzy_name,low,0.923077
2000,2000,BLOUNT,13 FAIRVIEW SOU,0417,000412,0.0,tail_fuzzy_name,low,0.923077
2000,2000,BLOUNT,15 FRIENDSVLLE CI,0424,000416,1.0,tail_fuzzy_name,low,0.846154
2000,2000,BLOUNT,15 FRIENDSVLLE CI,0424,000421,0.0,tail_fuzzy_name,low,0.846154
2000,2000,BLOUNT,15 FRIENDSVLLE CI,0424,000415,0.0,tail_fuzzy_name,low,0.846154
2000,2000,BLOUNT,15 FRIENDSVLLE CI,0424,000423,0.0,tail_fuzzy_name,low,0.846154
2000,2000,BLOUNT,15 FRIENDSVLLE CI,0424,000412,0.0,tail_fuzzy_name,low,0.846154
2000,2000,BLOUNT,15 FRIENDSVLLE CI,0424,000436,0.0,tail_fuzzy_name,low,0.846154
2000,2000,BLOUNT,15 FRIENDSVLLE CI,0424,000407,0.0,tail_fuzzy_name,low,0.846154
2000,2000,BLOUNT,15 FRIENDSVLLE CI,0424,000409,0.0,tail_fuzzy_name,low,0.846154
2000,2000,BLOUNT,15 FRIENDSVLLE CI,0424,000419,0.0,tail_fuzzy_name,low,0.846154
2000,2000,BLOUNT,15 FRIENDSVLLE CI,0424,000408,0.0,tail_fuzzy_name,low,0.846154
2000,2000,BLOUNT,15 FRIENDSVLLE CI,0424,000418,0.0,tail_fuzzy_name,low,0.846154
2000,2000,BLOUNT,15 FRIENDSVLLE CI,0424,000410,0.0,tail_fuzzy_name,low,0.846154
2000,2000,BLOUNT,17 HOUSTON STATI,0432,000434,0.86934496,tail_fuzzy_name,low,0.928571
2000,2000,BLOUNT,17 HOUSTON STATI,0432,000427,0.11197135,tail_fuzzy_name,low,0.928571
2000,2000,BLOUNT,17 HOUSTON STATI,0432,000419,0.018586,tail_fuzzy_name,low,0.928571
2000,2000,BLOUNT,17 HOUSTON STATI,0432,000418,8.534e-05,tail_fuzzy_name,low,0.928571
2000,2000,BLOUNT,17 HOUSTON STATI,0432,000432,1.104e-05,tail_fuzzy_name,low,0.928571
2000,2000,BLOUNT,17 HOUSTON STATI,0432,000420,8.7e-07,tail_fuzzy_name,low,0.928571
2000,2000,BLOUNT,17 HOUSTON STATI,0432,000404,4.4e-07,tail_fuzzy_name,low,0.928571
2000,2000,BLOUNT,17 HOUSTON STATI,0432,000435,0.0,tail_fuzzy_name,low,0.928571
2000,2000,BLOUNT,17 HOUSTON STATI,0432,000433,0.0,tail_fuzzy_name,low,0.928571
2000,2000,BLOUNT,17 HOUSTON STATI,0432,000425,0.0,tail_fuzzy_name,low,0.928571
2000,2000,BLOUNT,17 HOUSTON STATI,0432,000426,0.0,tail_fuzzy_name,low,0.928571
2000,2000,BLOUNT,17 HOUSTON STATI,0432,000403,0.0,tail_fuzzy_name,low,0.928571
2000,2000,BLOUNT,17 HOUSTON STATI,0432,000401,0.0,tail_fuzzy_name,low,0.928571
2000,2000,BLOUNT,17 HOUSTON STATI,0432,000415,0.0,tail_fuzzy_name,low,0.928571
2000,2000,BLOUNT,17 HOUSTON STATI,0432,000436,0.0,tail_fuzzy_name,low,0.928571
2000,2000,BLOUNT,17 HOUSTON STATI,0432,000417,0.0,tail_fuzzy_name,low,0.928571
2000,2000,BLOUNT,17 HOUSTON STATI,0432,000402,0.0,tail_fuzzy_name,low,0.928571
2000,2000,BLOUNT,17 HOUSTON STATI,0432,000424,0.0,tail_fuzzy_name,low,0.928571
2000,2000,BLOUNT,22 MIDDLESETTLE,0468,000421,0.99610196,tail_fuzzy_name,low,0.827586
2000,2000,BLOUNT,22 MIDDLESETTLE,0468,000436,0.00157573,tail_fuzzy_name,low,0.827586
2000,2000,BLOUNT,22 MIDDLESETTLE,0468,000417,0.00118153,tail_fuzzy_name,low,0.827586
2000,2000,BLOUNT,22 MIDDLESETTLE,0468,000423,0.00079007,tail_fuzzy_name,low,0.827586
2000,2000,BLOUNT,22 MIDDLESETTLE,0468,000414,0.00016733,tail_fuzzy_name,low,0.827586
2000,2000,BLOUNT,22 MIDDLESETTLE,0468,000412,0.00010623,tail_fuzzy_name,low,0.827586
2000,2000,BLOUNT,22 MIDDLESETTLE,0468,000416,6.003e-05,tail_fuzzy_name,low,0.827586
2000,2000,BLOUNT,22 MIDDLESETTLE,0468,000420,1.365e-05,tail_fuzzy_name,low,0.827586
2000,2000,BLOUNT,22 MIDDLESETTLE,0468,000419,3.47e-06,tail_fuzzy_name,low,0.827586
2000,2000,BLOUNT,22 MIDDLESETTLE,0468,000407,0.0,tail_fuzzy_name,low,0.827586
2000,2000,BLOUNT,22 MIDDLESETTLE,0468,000409,0.0,tail_fuzzy_name,low,0.827586
2000,2000,BLOUNT,22 MIDDLESETTLE,0468,000415,0.0,tail_fuzzy_name,low,0.827586
2000,2000,BLOUNT,22 MIDDLESETTLE,0468,000408,0.0,tail_fuzzy_name,low,0.827586
2000,2000,BLOUNT,22 MIDDLESETTLE,0468,000410,0.0,tail_fuzzy_name,low,0.827586
2000,2000,BLOUNT,23 MARYVILLE COL,0448,000432,0.9226612,tail_fuzzy_name,low,0.866667
2000,2000,BLOUNT,23 MARYVILLE COL,0448,000427,0.07722615,tail_fuzzy_name,low,0.866667
2000,2000,BLOUNT,23 MARYVILLE COL,0448,000411,0.00011259,tail_fuzzy_name,low,0.866667
2000,2000,BLOUNT,23 MARYVILLE COL,0448,000420,4e-08,tail_fuzzy_name,low,0.866667
2000,2000,BLOUNT,23 MARYVILLE COL,0448,000404,2e-08,tail_fuzzy_name,low,0.866667
2000,2000,BLOUNT,23 MARYVILLE COL,0448,000403,0.0,tail_fuzzy_name,low,0.866667
2000,2000,BLOUNT,23 MARYVILLE COL,0448,000413,0.0,tail_fuzzy_name,low,0.866667
2000,2000,BLOUNT,23 MARYVILLE COL,0448,000414,0.0,tail_fuzzy_name,low,0.866667
2000,2000,BLOUNT,23 MARYVILLE COL,0448,000433,0.0,tail_fuzzy_name,low,0.866667
2000,2000,BLOUNT,23 MARYVILLE COL,0448,000417,0.0,tail_fuzzy_name,low,0.866667
2000,2000,BLOUNT,23 MARYVILLE COL,0448,000412,0.0,tail_fuzzy_name,low,0.866667
2000,2000,BLOUNT,23 MARYVILLE COL,0448,000434,0.0,tail_fuzzy_name,low,0.866667
2000,2000,BLOUNT,23 MARYVILLE COL,0448,000425,0.0,tail_fuzzy_name,low,0.866667
2000,2000,BLOUNT,23 MARYVILLE COL,0448,000426,0.0,tail_fuzzy_name,low,0.866667
2000,2000,BLOUNT,23 MARYVILLE COL,0448,000408,0.0,tail_fuzzy_name,low,0.866667
2000,2000,BLOUNT,23 MARYVILLE COL,0448,000430,0.0,tail_fuzzy_name,low,0.866667
2000,2000,BLOUNT,23 MARYVILLE COL,0448,000431,0.0,tail_fuzzy_name,low,0.866667
2000,2000,BLOUNT,24 MARYVILLE HS,0452,000420,0.96342114,tail_fuzzy_name,low,0.846154
2000,2000,BLOUNT,24 MARYVILLE HS,0452,000433,0.03491547,tail_fuzzy_name,low,0.846154
2000,2000,BLOUNT,24 MARYVILLE HS,0452,000427,0.00136191,tail_fuzzy_name,low,0.846154
2000,2000,BLOUNT,24 MARYVILLE HS,0452,000414,0.00029212,tail_fuzzy_name,low,0.846154
2000,2000,BLOUNT,24 MARYVILLE HS,0452,000417,5.72e-06,tail_fuzzy_name,low,0.846154
2000,2000,BLOUNT,24 MARYVILLE HS,0452,000412,3.64e-06,tail_fuzzy_name,low,0.846154
2000,2000,BLOUNT,24 MARYVILLE HS,0452,000411,0.0,tail_fuzzy_name,low,0.846154
2000,2000,BLOUNT,24 MARYVILLE HS,0452,000404,0.0,tail_fuzzy_name,low,0.846154
2000,2000,BLOUNT,24 MARYVILLE HS,0452,000432,0.0,tail_fuzzy_name,low,0.846154
2000,2000,BLOUNT,24 MARYVILLE HS,0452,000436,0.0,tail_fuzzy_name,low,0.846154
2000,2000,BLOUNT,24 MARYVILLE HS,0452,000419,0.0,tail_fuzzy_name,low,0.846154
2000,2000,BLOUNT,24 MARYVILLE HS,0452,000434,0.0,tail_fuzzy_name,low,0.846154
2000,2000,BLOUNT,24 MARYVILLE HS,0452,000403,0.0,tail_fuzzy_name,low,0.846154
2000,2000,BLOUNT,24 MARYVILLE HS,0452,000413,0.0,tail_fuzzy_name,low,0.846154
2000,2000,BLOUNT,24 MARYVILLE HS,0452,000425,0.0,tail_fuzzy_name,low,0.846154
2000,2000,BLOUNT,24 MARYVILLE HS,0452,000426,0.0,tail_fuzzy_name,low,0.846154
2000,2000,BLOUNT,25 MARYVILLE MS,0456,000404,0.9999957,tail_fuzzy_name,low,0.820513
2000,2000,BLOUNT,25 MARYVILLE MS,0456,000427,4.3e-06,tail_fuzzy_name,low,0.820513
2000,2000,BLOUNT,25 MARYVILLE MS,0456,000420,0.0,tail_fuzzy_name,low,0.820513
2000,2000,BLOUNT,25 MARYVILLE MS,0456,000432,0.0,tail_fuzzy_name,low,0.820513
2000,2000,BLOUNT,25 MARYVILLE MS,0456,000433,0.0,tail_fuzzy_name,low,0.820513
2000,2000,BLOUNT,25 MARYVILLE MS,0456,000411,0.0,tail_fuzzy_name,low,0.820513
2000,2000,BLOUNT,25 MARYVILLE MS,0456,000414,0.0,tail_fuzzy_name,low,0.820513
2000,2000,BLOUNT,25 MARYVILLE MS,0456,000403,0.0,tail_fuzzy_name,low,0.820513
2000,2000,BLOUNT,25 MARYVILLE MS,0456,000434,0.0,tail_fuzzy_name,low,0.820513
2000,2000,BLOUNT,25 MARYVILLE MS,0456,000413,0.0,tail_fuzzy_name,low,0.820513
2000,2000,BLOUNT,25 MARYVILLE MS,0456,000425,0.0,tail_fuzzy_name,low,0.820513
2000,2000,BLOUNT,25 MARYVILLE MS,0456,000426,0.0,tail_fuzzy_name,low,0.820513
2000,2000,BLOUNT,25 MARYVILLE MS,0456,000417,0.0,tail_fuzzy_name,low,0.820513
2000,2000,BLOUNT,25 MARYVILLE MS,0456,000412,0.0,tail_fuzzy_name,low,0.820513
2000,2000,BLOUNT,32 ROCKFORD CO,0492,000406,0.99836237,tail_fuzzy_name,low,0.842105
2000,2000,BLOUNT,32 ROCKFORD CO,0492,000408,0.00116657,tail_fuzzy_name,low,0.842105
2000,2000,BLOUNT,32 ROCKFORD CO,0492,000410,0.00047106,tail_fuzzy_name,low,0.842105
2000,2000,BLOUNT,32 ROCKFORD CO,0492,000429,0.0,tail_fuzzy_name,low,0.842105
2000,2000,BLOUNT,32 ROCKFORD CO,0492,000431,0.0,tail_fuzzy_name,low,0.842105
2000,2000,BLOUNT,32 ROCKFORD CO,0492,000409,0.0,tail_fuzzy_name,low,0.842105
2000,2000,BLOUNT,32 ROCKFORD CO,0492,000411,0.0,tail_fuzzy_name,low,0.842105
2000,2000,BLOUNT,32 ROCKFORD CO,0492,000407,0.0,tail_fuzzy_name,low,0.842105
2000,2000,BLOUNT,32 ROCKFORD CO,0492,000412,0.0,tail_fuzzy_name,low,0.842105
2000,2000,BLOUNT,32 ROCKFORD CO,0492,000405,0.0,tail_fuzzy_name,low,0.842105
2000,2000,BLOUNT,32 ROCKFORD CO,0492,000424,0.0,tail_fuzzy_name,low,0.842105
2000,2000,BLOUNT,32 ROCKFORD CO,0492,000402,0.0,tail_fuzzy_name,low,0.842105
2000,2000,BLOUNT,36 TOWNSEND CO,0504,000401,0.99996345,tail_fuzzy_name,low,0.842105
2000,2000,BLOUNT,36 TOWNSEND CO,0504,000426,3.655e-05,tail_fuzzy_name,low,0.842105
2000,2000,BLOUNT,36 TOWNSEND CO,0504,000418,0.0,tail_fuzzy_name,low,0.842105
2000,2000,BLOUNT,36 TOWNSEND CO,0504,000435,0.0,tail_fuzzy_name,low,0.842105
2000,2000,BLOUNT,36 TOWNSEND CO,0504,000419,0.0,tail_fuzzy_name,low,0.842105
2000,2000,BLOUNT,36 TOWNSEND CO,0504,007959,0.0,tail_fuzzy_name,low,0.842105
2000,2000,BLOUNT,36 TOWNSEND CO,0504,000425,0.0,tail_fuzzy_name,low,0.842105
2000,2000,BLOUNT,36 TOWNSEND CO,0504,000402,0.0,tail_fuzzy_name,low,0.842105
2000,2000,BLOUNT,36 TOWNSEND CO,0504,000427,0.0,tail_fuzzy_name,low,0.842105
2000,2000,BLOUNT,36 TOWNSEND CO,0504,000424,0.0,tail_fuzzy_name,low,0.842105
2000,2000,BLOUNT,36 TOWNSEND CO,0504,007957,0.0,tail_fuzzy_name,low,0.842105
2000,2000,BLOUNT,36 TOWNSEND CO,0504,007958,0.0,tail_fuzzy_name,low,0.842105
2000,2000,BLOUNT,36 TOWNSEND CO,0504,000434,0.0,tail_fuzzy_name,low,0.842105
2000,2000,BLOUNT,36 TOWNSEND CO,0504,000415,0.0,tail_fuzzy_name,low,0.842105
2000,2000,BLOUNT,36 TOWNSEND CO,0504,007960,0.0,tail_fuzzy_name,low,0.842105
2000,2000,BLOUNT,36 TOWNSEND CO,0504,007956,0.0,tail_fuzzy_name,low,0.842105
2000,2000,BLOUNT,38 UNION CO,0508,000403,0.76357449,tail_fuzzy_name,low,0.769231
2000,2000,BLOUNT,38 UNION CO,0508,000431,0.23642551,tail_fuzzy_name,low,0.769231
2000,2000,BLOUNT,38 UNION CO,0508,000430,0.0,tail_fuzzy_name,low,0.769231
2000,2000,BLOUNT,38 UNION CO,0508,000425,0.0,tail_fuzzy_name,low,0.769231
2000,2000,BLOUNT,38 UNION CO,0508,000424,0.0,tail_fuzzy_name,low,0.769231
2000,2000,BLOUNT,38 UNION CO,0508,000427,0.0,tail_fuzzy_name,low,0.769231
2000,2000,BLOUNT,38 UNION CO,0508,000429,0.0,tail_fuzzy_name,low,0.769231
2000,2000,BLOUNT,38 UNION CO,0508,000432,0.0,tail_fuzzy_name,low,0.769231
2000,2000,BLOUNT,38 UNION CO,0508,000420,0.0,tail_fuzzy_name,low,0.769231
2000,2000,BLOUNT,38 UNION CO,0508,000404,0.0,tail_fuzzy_name,low,0.769231
2000,2000,BLOUNT,38 UNION CO,0508,000413,0.0,tail_fuzzy_name,low,0.769231
2000,2000,BLOUNT,38 UNION CO,0508,000402,0.0,tail_fuzzy_name,low,0.769231
2000,2000,BLOUNT,38 UNION CO,0508,000426,0.0,tail_fuzzy_name,low,0.769231
2000,2000,BLOUNT,38 UNION CO,0508,000434,0.0,tail_fuzzy_name,low,0.769231
2000,2000,BLOUNT,38 UNION CO,0508,000433,0.0,tail_fuzzy_name,low,0.769231
2000,2000,BLOUNT,38 UNION CO,0508,000411,0.0,tail_fuzzy_name,low,0.769231
2000,2000,BLOUNT,38 UNION CO,0508,000414,0.0,tail_fuzzy_name,low,0.769231
2000,2000,BLOUNT,40 WM BLOUNT,0520,000436,0.4954217,tail_fuzzy_name,low,0.782609
2000,2000,BLOUNT,40 WM BLOUNT,0520,000417,0.38657686,tail_fuzzy_name,low,0.782609
2000,2000,BLOUNT,40 WM BLOUNT,0520,000414,0.06694992,tail_fuzzy_name,low,0.782609
2000,2000,BLOUNT,40 WM BLOUNT,0520,000420,0.04447924,tail_fuzzy_name,low,0.782609
2000,2000,BLOUNT,40 WM BLOUNT,0520,000419,0.00201225,tail_fuzzy_name,low,0.782609
2000,2000,BLOUNT,40 WM BLOUNT,0520,000433,0.00198366,tail_fuzzy_name,low,0.782609
2000,2000,BLOUNT,40 WM BLOUNT,0520,000416,0.00164261,tail_fuzzy_name,low,0.782609
2000,2000,BLOUNT,40 WM BLOUNT,0520,000421,0.00091292,tail_fuzzy_name,low,0.782609
2000,2000,BLOUNT,40 WM BLOUNT,0520,000412,2.084e-05,tail_fuzzy_name,low,0.782609
2000,2000,BLOUNT,40 WM BLOUNT,0520,000411,0.0,tail_fuzzy_name,low,0.782609
2000,2000,BLOUNT,40 WM BLOUNT,0520,000415,0.0,tail_fuzzy_name,low,0.782609
2000,2000,BLOUNT,40 WM BLOUNT,0520,000432,0.0,tail_fuzzy_name,low,0.782609
2000,2000,BLOUNT,40 WM BLOUNT,0520,000423,0.0,tail_fuzzy_name,low,0.782609
2000,2000,BLOUNT,40 WM BLOUNT,0520,000434,0.0,tail_fuzzy_name,low,0.782609
2000,2000,BLOUNT,40 WM BLOUNT,0520,000418,0.0,tail_fuzzy_name,low,0.782609
2000,2000,BLOUNT,40 WM BLOUNT,0520,000407,0.0,tail_fuzzy_name,low,0.782609
2000,2000,BLOUNT,40 WM BLOUNT,0520,000408,0.0,tail_fuzzy_name,low,0.782609
2000,2000,BRADLEY,102 PROSPECT,0528,000516,0.55904289,tail_fuzzy_name,low,0.933333
2000,2000,BRADLEY,102 PROSPECT,0528,000517,0.36670534,tail_fuzzy_name,low,0.933333
2000,2000,BRADLEY,102 PROSPECT,0528,000501,0.06859611,tail_fuzzy_name,low,0.933333
2000,2000,BRADLEY,102 PROSPECT,0528,000502,0.00565566,tail_fuzzy_name,low,0.933333
2000,2000,BRADLEY,102 PROSPECT,0528,000507,0.0,tail_fuzzy_name,low,0.933333
2000,2000,BRADLEY,102 PROSPECT,0528,000505,0.0,tail_fuzzy_name,low,0.933333
2000,2000,BRADLEY,102 PROSPECT,0528,000504,0.0,tail_fuzzy_name,low,0.933333
2000,2000,BRADLEY,102 PROSPECT,0528,000503,0.0,tail_fuzzy_name,low,0.933333
2000,2000,BRADLEY,102 PROSPECT,0528,000509,0.0,tail_fuzzy_name,low,0.933333
2000,2000,BRADLEY,102 PROSPECT,0528,000510,0.0,tail_fuzzy_name,low,0.933333
2000,2000,BRADLEY,102 PROSPECT,0528,000514,0.0,tail_fuzzy_name,low,0.933333
2000,2000,BRADLEY,203 CHARLSTN HGH,0544,000505,0.99907755,tail_fuzzy_name,low,0.846154
2000,2000,BRADLEY,203 CHARLSTN HGH,0544,000504,0.00092245,tail_fuzzy_name,low,0.846154
2000,2000,BRADLEY,203 CHARLSTN HGH,0544,000517,0.0,tail_fuzzy_name,low,0.846154
2000,2000,BRADLEY,203 CHARLSTN HGH,0544,000508,0.0,tail_fuzzy_name,low,0.846154
2000,2000,BRADLEY,203 CHARLSTN HGH,0544,000507,0.0,tail_fuzzy_name,low,0.846154
2000,2000,BRADLEY,203 CHARLSTN HGH,0544,000506,0.0,tail_fuzzy_name,low,0.846154
2000,2000,BRADLEY,203 CHARLSTN HGH,0544,000516,0.0,tail_fuzzy_name,low,0.846154
2000,2000,BRADLEY,203 CHARLSTN HGH,0544,000512,0.0,tail_fuzzy_name,low,0.846154
2000,2000,BRADLEY,203 CHARLSTN HGH,0544,000509,0.0,tail_fuzzy_name,low,0.846154
2000,2000,BRADLEY,203 CHARLSTN HGH,0544,000502,0.0,tail_fuzzy_name,low,0.846154
2000,2000,BRADLEY,203 CHARLSTN HGH,0544,000510,0.0,tail_fuzzy_name,low,0.846154
2000,2000,BRADLEY,203 CHARLSTN HGH,0544,000501,0.0,tail_fuzzy_name,low,0.846154
2000,2000,BRADLEY,203 CHARLSTN HGH,0544,000514,0.0,tail_fuzzy_name,low,0.846154
2000,2000,BRADLEY,403 MICHIGAN AVE,0576,000508,0.96534443,tail_fuzzy_name,low,0.888889
2000,2000,BRADLEY,403 MICHIGAN AVE,0576,000506,0.0346515,tail_fuzzy_name,low,0.888889
2000,2000,BRADLEY,403 MICHIGAN AVE,0576,000504,4.07e-06,tail_fuzzy_name,low,0.888889
2000,2000,BRADLEY,403 MICHIGAN AVE,0576,000505,0.0,tail_fuzzy_name,low,0.888889
2000,2000,BRADLEY,403 MICHIGAN AVE,0576,000512,0.0,tail_fuzzy_name,low,0.888889
2000,2000,BRADLEY,403 MICHIGAN AVE,0576,000509,0.0,tail_fuzzy_name,low,0.888889
2000,2000,BRADLEY,403 MICHIGAN AVE,0576,000507,0.0,tail_fuzzy_name,low,0.888889
2000,2000,BRADLEY,403 MICHIGAN AVE,0576,000510,0.0,tail_fuzzy_name,low,0.888889
2000,2000,BRADLEY,403 MICHIGAN AVE,0576,007157,0.0,tail_fuzzy_name,low,0.888889
2000,2000,BRADLEY,403 MICHIGAN AVE,0576,000517,0.0,tail_fuzzy_name,low,0.888889
2000,2000,BRADLEY,403 MICHIGAN AVE,0576,000511,0.0,tail_fuzzy_name,low,0.888889
2000,2000,BRADLEY,403 MICHIGAN AVE,0576,000516,0.0,tail_fuzzy_name,low,0.888889
2000,2000,BRADLEY,403 MICHIGAN AVE,0576,000513,0.0,tail_fuzzy_name,low,0.888889
2000,2000,BRADLEY,403 MICHIGAN AVE,0576,000514,0.0,tail_fuzzy_name,low,0.888889
2000,2000,BRADLEY,403 MICHIGAN AVE,0576,000502,0.0,tail_fuzzy_name,low,0.888889
2000,2000,BRADLEY,403 MICHIGAN AVE,0576,007156,0.0,tail_fuzzy_name,low,0.888889
2000,2000,BRADLEY,403 MICHIGAN AVE,0576,007158,0.0,tail_fuzzy_name,low,0.888889
2000,2000,BRADLEY,403 MICHIGAN AVE,0576,007155,0.0,tail_fuzzy_name,low,0.888889
2000,2000,BRADLEY,403 MICHIGAN AVE,0576,007159,0.0,tail_fuzzy_name,low,0.888889
2000,2000,BRADLEY,403 MICHIGAN AVE,0576,007154,0.0,tail_fuzzy_name,low,0.888889
2000,2000,BRADLEY,502 BIG SPRINGS,0584,000510,0.7332325,tail_fuzzy_name,low,0.952381
2000,2000,BRADLEY,502 BIG SPRINGS,0584,000514,0.26667471,tail_fuzzy_name,low,0.952381
2000,2000,BRADLEY,502 BIG SPRINGS,0584,000512,6.887e-05,tail_fuzzy_name,low,0.952381
2000,2000,BRADLEY,502 BIG SPRINGS,0584,000503,2.392e-05,tail_fuzzy_name,low,0.952381
2000,2000,BRADLEY,502 BIG SPRINGS,0584,000502,0.0,tail_fuzzy_name,low,0.952381
2000,2000,BRADLEY,502 BIG SPRINGS,0584,000509,0.0,tail_fuzzy_name,low,0.952381
2000,2000,BRADLEY,502 BIG SPRINGS,0584,000515,0.0,tail_fuzzy_name,low,0.952381
2000,2000,BRADLEY,502 BIG SPRINGS,0584,000513,0.0,tail_fuzzy_name,low,0.952381
2000,2000,BRADLEY,502 BIG SPRINGS,0584,000501,0.0,tail_fuzzy_name,low,0.952381
2000,2000,BRADLEY,502 BIG SPRINGS,0584,000508,0.0,tail_fuzzy_name,low,0.952381
2000,2000,BRADLEY,502 BIG SPRINGS,0584,000506,0.0,tail_fuzzy_name,low,0.952381
2000,2000,BRADLEY,502 BIG SPRINGS,0584,000511,0.0,tail_fuzzy_name,low,0.952381
2000,2000,BRADLEY,502 BIG SPRINGS,0584,000505,0.0,tail_fuzzy_name,low,0.952381
2000,2000,BRADLEY,502 BIG SPRINGS,0584,000504,0.0,tail_fuzzy_name,low,0.952381
2000,2000,BRADLEY,603 WATERVLLE,0600,000513,0.99554652,tail_fuzzy_name,low,0.947368
2000,2000,BRADLEY,603 WATERVLLE,0600,000514,0.00444841,tail_fuzzy_name,low,0.947368
2000,2000,BRADLEY,603 WATERVLLE,0600,000510,4.67e-06,tail_fuzzy_name,low,0.947368
2000,2000,BRADLEY,603 WATERVLLE,0600,000503,4e-07,tail_fuzzy_name,low,0.947368
2000,2000,BRADLEY,603 WATERVLLE,0600,000515,0.0,tail_fuzzy_name,low,0.947368
2000,2000,BRADLEY,603 WATERVLLE,0600,000511,0.0,tail_fuzzy_name,low,0.947368
2000,2000,BRADLEY,603 WATERVLLE,0600,000512,0.0,tail_fuzzy_name,low,0.947368
2000,2000,BRADLEY,603 WATERVLLE,0600,000501,0.0,tail_fuzzy_name,low,0.947368
2000,2000,BRADLEY,603 WATERVLLE,0600,000502,0.0,tail_fuzzy_name,low,0.947368
2000,2000,BRADLEY,603 WATERVLLE,0600,000508,0.0,tail_fuzzy_name,low,0.947368
2000,2000,BRADLEY,604 BLACKFOX,0604,000503,1.0,tail_fuzzy_name,low,0.941176
2000,2000,BRADLEY,604 BLACKFOX,0604,000501,0.0,tail_fuzzy_name,low,0.941176
2000,2000,BRADLEY,604 BLACKFOX,0604,000515,0.0,tail_fuzzy_name,low,0.941176
2000,2000,BRADLEY,604 BLACKFOX,0604,000514,0.0,tail_fuzzy_name,low,0.941176
2000,2000,BRADLEY,604 BLACKFOX,0604,000510,0.0,tail_fuzzy_name,low,0.941176
2000,2000,BRADLEY,604 BLACKFOX,0604,003355,0.0,tail_fuzzy_name,low,0.941176
2000,2000,BRADLEY,604 BLACKFOX,0604,003445,0.0,tail_fuzzy_name,low,0.941176
2000,2000,BRADLEY,604 BLACKFOX,0604,003368,0.0,tail_fuzzy_name,low,0.941176
2000,2000,BRADLEY,604 BLACKFOX,0604,000516,0.0,tail_fuzzy_name,low,0.941176
2000,2000,BRADLEY,604 BLACKFOX,0604,000511,0.0,tail_fuzzy_name,low,0.941176
2000,2000,BRADLEY,604 BLACKFOX,0604,000502,0.0,tail_fuzzy_name,low,0.941176
2000,2000,BRADLEY,604 BLACKFOX,0604,000513,0.0,tail_fuzzy_name,low,0.941176
2000,2000,BRADLEY,604 BLACKFOX,0604,000512,0.0,tail_fuzzy_name,low,0.941176
2000,2000,BRADLEY,604 BLACKFOX,0604,003370,0.0,tail_fuzzy_name,low,0.941176
2000,2000,BRADLEY,604 BLACKFOX,0604,003369,0.0,tail_fuzzy_name,low,0.941176
2000,2000,BRADLEY,605 BLUE SPGS,0608,000515,0.94617811,tail_fuzzy_name,low,0.8
2000,2000,BRADLEY,605 BLUE SPGS,0608,000503,0.03154792,tail_fuzzy_name,low,0.8
2000,2000,BRADLEY,605 BLUE SPGS,0608,000514,0.02198088,tail_fuzzy_name,low,0.8
2000,2000,BRADLEY,605 BLUE SPGS,0608,003355,0.00025659,tail_fuzzy_name,low,0.8
2000,2000,BRADLEY,605 BLUE SPGS,0608,000510,2.307e-05,tail_fuzzy_name,low,0.8
2000,2000,BRADLEY,605 BLUE SPGS,0608,003445,1.325e-05,tail_fuzzy_name,low,0.8
2000,2000,BRADLEY,605 BLUE SPGS,0608,003368,1.8e-07,tail_fuzzy_name,low,0.8
2000,2000,BRADLEY,605 BLUE SPGS,0608,000511,0.0,tail_fuzzy_name,low,0.8
2000,2000,BRADLEY,605 BLUE SPGS,0608,000513,0.0,tail_fuzzy_name,low,0.8
2000,2000,BRADLEY,605 BLUE SPGS,0608,000501,0.0,tail_fuzzy_name,low,0.8
2000,2000,BRADLEY,605 BLUE SPGS,0608,000502,0.0,tail_fuzzy_name,low,0.8
2000,2000,BRADLEY,605 BLUE SPGS,0608,000512,0.0,tail_fuzzy_name,low,0.8
2000,2000,BRADLEY,605 BLUE SPGS,0608,003370,0.0,tail_fuzzy_name,low,0.8
2000,2000,BRADLEY,605 BLUE SPGS,0608,003369,0.0,tail_fuzzy_name,low,0.8
2000,2000,BRADLEY,605 BLUE SPGS,0608,000509,0.0,tail_fuzzy_name,low,0.8
2000,2000,BRADLEY,605 BLUE SPGS,0608,000516,0.0,tail_fuzzy_name,low,0.8
2000,2000,BRADLEY,703 CLEVELAND HI,0618,000507,0.99885939,tail_fuzzy_name,low,0.923077
2000,2000,BRADLEY,703 CLEVELAND HI,0618,000504,0.00094844,tail_fuzzy_name,low,0.923077
2000,2000,BRADLEY,703 CLEVELAND HI,0618,000502,0.00019217,tail_fuzzy_name,low,0.923077
2000,2000,BRADLEY,703 CLEVELAND HI,0618,000506,0.0,tail_fuzzy_name,low,0.923077
2000,2000,BRADLEY,703 CLEVELAND HI,0618,000516,0.0,tail_fuzzy_name,low,0.923077
2000,2000,BRADLEY,703 CLEVELAND HI,0618,000501,0.0,tail_fuzzy_name,low,0.923077
2000,2000,BRADLEY,703 CLEVELAND HI,0618,000505,0.0,tail_fuzzy_name,low,0.923077
2000,2000,BRADLEY,703 CLEVELAND HI,0618,000509,0.0,tail_fuzzy_name,low,0.923077
2000,2000,BRADLEY,703 CLEVELAND HI,0618,000510,0.0,tail_fuzzy_name,low,0.923077
2000,2000,BRADLEY,703 CLEVELAND HI,0618,000514,0.0,tail_fuzzy_name,low,0.923077
2000,2000,BRADLEY,703 CLEVELAND HI,0618,000508,0.0,tail_fuzzy_name,low,0.923077
2000,2000,BRADLEY,703 CLEVELAND HI,0618,000517,0.0,tail_fuzzy_name,low,0.923077
2000,2000,CAMPBELL,08 EAST LAFOLLET,0672,000608,1.0,tail_fuzzy_name,low,0.928571
2000,2000,CAMPBELL,08 EAST LAFOLLET,0672,000607,0.0,tail_fuzzy_name,low,0.928571
2000,2000,CAMPBELL,08 EAST LAFOLLET,0672,000603,0.0,tail_fuzzy_name,low,0.928571
2000,2000,CAMPBELL,08 EAST LAFOLLET,0672,000618,0.0,tail_fuzzy_name,low,0.928571
2000,2000,CAMPBELL,08 EAST LAFOLLET,0672,000616,0.0,tail_fuzzy_name,low,0.928571
2000,2000,CAMPBELL,08 EAST LAFOLLET,0672,000615,0.0,tail_fuzzy_name,low,0.928571
2000,2000,CAMPBELL,08 EAST LAFOLLET,0672,000601,0.0,tail_fuzzy_name,low,0.928571
2000,2000,CAMPBELL,08 EAST LAFOLLET,0672,000610,0.0,tail_fuzzy_name,low,0.928571
2000,2000,CAMPBELL,08 EAST LAFOLLET,0672,000604,0.0,tail_fuzzy_name,low,0.928571
2000,2000,CAMPBELL,08 EAST LAFOLLET,0672,000612,0.0,tail_fuzzy_name,low,0.928571
2000,2000,CAMPBELL,08 EAST LAFOLLET,0672,000611,0.0,tail_fuzzy_name,low,0.928571
2000,2000,CAMPBELL,08 EAST LAFOLLET,0672,000602,0.0,tail_fuzzy_name,low,0.928571
2000,2000,CAMPBELL,08 EAST LAFOLLET,0672,000617,0.0,tail_fuzzy_name,low,0.928571
2000,2000,CAMPBELL,13 JACKSBORO ST,0692,000611,0.98430834,tail_fuzzy_name,low,0.787879
2000,2000,CAMPBELL,13 JACKSBORO ST,0692,000610,0.01568918,tail_fuzzy_name,low,0.787879
2000,2000,CAMPBELL,13 JACKSBORO ST,0692,000603,2.48e-06,tail_fuzzy_name,low,0.787879
2000,2000,CAMPBELL,13 JACKSBORO ST,0692,000612,0.0,tail_fuzzy_name,low,0.787879
2000,2000,CAMPBELL,13 JACKSBORO ST,0692,000615,0.0,tail_fuzzy_name,low,0.787879
2000,2000,CAMPBELL,13 JACKSBORO ST,0692,000602,0.0,tail_fuzzy_name,low,0.787879
2000,2000,CAMPBELL,13 JACKSBORO ST,0692,000609,0.0,tail_fuzzy_name,low,0.787879
2000,2000,CAMPBELL,13 JACKSBORO ST,0692,000613,0.0,tail_fuzzy_name,low,0.787879
2000,2000,CAMPBELL,13 JACKSBORO ST,0692,000616,0.0,tail_fuzzy_name,low,0.787879
2000,2000,CAMPBELL,13 JACKSBORO ST,0692,000601,0.0,tail_fuzzy_name,low,0.787879
2000,2000,CAMPBELL,13 JACKSBORO ST,0692,000618,0.0,tail_fuzzy_name,low,0.787879
2000,2000,CAMPBELL,13 JACKSBORO ST,0692,000614,0.0,tail_fuzzy_name,low,0.787879
2000,2000,CAMPBELL,13 JACKSBORO ST,0692,000605,0.0,tail_fuzzy_name,low,0.787879
2000,2000,CAMPBELL,13 JACKSBORO ST,0692,000607,0.0,tail_fuzzy_name,low,0.787879
2000,2000,CAMPBELL,13 JACKSBORO ST,0692,000608,0.0,tail_fuzzy_name,low,0.787879
2000,2000,CAMPBELL,19 STINKING CREE,0716,000618,0.91712982,tail_fuzzy_name,low,0.962963
2000,2000,CAMPBELL,19 STINKING CREE,0716,000602,0.0817736,tail_fuzzy_name,low,0.962963
2000,2000,CAMPBELL,19 STINKING CREE,0716,000605,0.00104183,tail_fuzzy_name,low,0.962963
2000,2000,CAMPBELL,19 STINKING CREE,0716,000621,2.649e-05,tail_fuzzy_name,low,0.962963
2000,2000,CAMPBELL,19 STINKING CREE,0716,000603,1.742e-05,tail_fuzzy_name,low,0.962963
2000,2000,CAMPBELL,19 STINKING CREE,0716,000611,1.082e-05,tail_fuzzy_name,low,0.962963
2000,2000,CAMPBELL,19 STINKING CREE,0716,000613,1e-08,tail_fuzzy_name,low,0.962963
2000,2000,CAMPBELL,19 STINKING CREE,0716,000610,0.0,tail_fuzzy_name,low,0.962963
2000,2000,CAMPBELL,19 STINKING CREE,0716,000619,0.0,tail_fuzzy_name,low,0.962963
2000,2000,CAMPBELL,19 STINKING CREE,0716,000620,0.0,tail_fuzzy_name,low,0.962963
2000,2000,CAMPBELL,19 STINKING CREE,0716,000614,0.0,tail_fuzzy_name,low,0.962963
2000,2000,CAMPBELL,19 STINKING CREE,0716,000604,0.0,tail_fuzzy_name,low,0.962963
2000,2000,CAMPBELL,19 STINKING CREE,0716,000617,0.0,tail_fuzzy_name,low,0.962963
2000,2000,CAMPBELL,19 STINKING CREE,0716,000609,0.0,tail_fuzzy_name,low,0.962963
2000,2000,CAMPBELL,19 STINKING CREE,0716,000601,0.0,tail_fuzzy_name,low,0.962963
2000,2000,CAMPBELL,19 STINKING CREE,0716,000615,0.0,tail_fuzzy_name,low,0.962963
2000,2000,CAMPBELL,19 STINKING CREE,0716,000607,0.0,tail_fuzzy_name,low,0.962963
2000,2000,CAMPBELL,19 STINKING CREE,0716,000608,0.0,tail_fuzzy_name,low,0.962963
2000,2000,CAMPBELL,19 STINKING CREE,0716,000616,0.0,tail_fuzzy_name,low,0.962963
2000,2000,CAMPBELL,23 WEST LAFOLLET,0728,000603,0.75392292,tail_fuzzy_name,low,0.928571
2000,2000,CAMPBELL,23 WEST LAFOLLET,0728,000608,0.13906822,tail_fuzzy_name,low,0.928571
2000,2000,CAMPBELL,23 WEST LAFOLLET,0728,000601,0.10621063,tail_fuzzy_name,low,0.928571
2000,2000,CAMPBELL,23 WEST LAFOLLET,0728,000607,0.00051156,tail_fuzzy_name,low,0.928571
2000,2000,CAMPBELL,23 WEST LAFOLLET,0728,000618,0.00028667,tail_fuzzy_name,low,0.928571
2000,2000,CAMPBELL,23 WEST LAFOLLET,0728,000610,0.0,tail_fuzzy_name,low,0.928571
2000,2000,CAMPBELL,23 WEST LAFOLLET,0728,000602,0.0,tail_fuzzy_name,low,0.928571
2000,2000,CAMPBELL,23 WEST LAFOLLET,0728,000615,0.0,tail_fuzzy_name,low,0.928571
2000,2000,CAMPBELL,23 WEST LAFOLLET,0728,000616,0.0,tail_fuzzy_name,low,0.928571
2000,2000,CAMPBELL,23 WEST LAFOLLET,0728,000605,0.0,tail_fuzzy_name,low,0.928571
2000,2000,CAMPBELL,23 WEST LAFOLLET,0728,000611,0.0,tail_fuzzy_name,low,0.928571
2000,2000,CAMPBELL,23 WEST LAFOLLET,0728,000621,0.0,tail_fuzzy_name,low,0.928571
2000,2000,CAMPBELL,23 WEST LAFOLLET,0728,000613,0.0,tail_fuzzy_name,low,0.928571
2000,2000,CAMPBELL,23 WEST LAFOLLET,0728,000609,0.0,tail_fuzzy_name,low,0.928571
2000,2000,CAMPBELL,23 WEST LAFOLLET,0728,000619,0.0,tail_fuzzy_name,low,0.928571
2000,2000,CAMPBELL,23 WEST LAFOLLET,0728,000614,0.0,tail_fuzzy_name,low,0.928571
2000,2000,CAMPBELL,23 WEST LAFOLLET,0728,000620,0.0,tail_fuzzy_name,low,0.928571
2000,2000,CAMPBELL,23 WEST LAFOLLET,0728,000604,0.0,tail_fuzzy_name,low,0.928571
2000,2000,CAMPBELL,23 WEST LAFOLLET,0728,000617,0.0,tail_fuzzy_name,low,0.928571
2000,2000,CAMPBELL,23 WEST LAFOLLET,0728,000612,0.0,tail_fuzzy_name,low,0.928571
2000,2000,CANNON,23 PLEASANT RIDG,0756,000707,0.9866337,tail_fuzzy_name,low,0.962963
2000,2000,CANNON,23 PLEASANT RIDG,0756,000705,0.01318778,tail_fuzzy_name,low,0.962963
2000,2000,CANNON,23 PLEASANT RIDG,0756,000704,0.00012898,tail_fuzzy_name,low,0.962963
2000,2000,CANNON,23 PLEASANT RIDG,0756,000701,4.954e-05,tail_fuzzy_name,low,0.962963
2000,2000,CANNON,23 PLEASANT RIDG,0756,000706,0.0,tail_fuzzy_name,low,0.962963
2000,2000,CANNON,23 PLEASANT RIDG,0756,000708,0.0,tail_fuzzy_name,low,0.962963
2000,2000,CANNON,23 PLEASANT RIDG,0756,000709,0.0,tail_fuzzy_name,low,0.962963
2000,2000,CANNON,23 PLEASANT RIDG,0756,000702,0.0,tail_fuzzy_name,low,0.962963
2000,2000,CANNON,23 PLEASANT RIDG,0756,000703,0.0,tail_fuzzy_name,low,0.962963
2000,2000,CARTER,04 COURTHOUSE,0896,000906,0.98292393,tail_fuzzy_name,low,0.952381
2000,2000,CARTER,04 COURTHOUSE,0896,000912,0.0164364,tail_fuzzy_name,low,0.952381
2000,2000,CARTER,04 COURTHOUSE,0896,000909,0.00052427,tail_fuzzy_name,low,0.952381
2000,2000,CARTER,04 COURTHOUSE,0896,000911,0.0001154,tail_fuzzy_name,low,0.952381
2000,2000,CARTER,04 COURTHOUSE,0896,000908,0.0,tail_fuzzy_name,low,0.952381
2000,2000,CARTER,04 COURTHOUSE,0896,000907,0.0,tail_fuzzy_name,low,0.952381
2000,2000,CARTER,04 COURTHOUSE,0896,000922,0.0,tail_fuzzy_name,low,0.952381
2000,2000,CARTER,04 COURTHOUSE,0896,000910,0.0,tail_fuzzy_name,low,0.952381
2000,2000,CARTER,04 COURTHOUSE,0896,000905,0.0,tail_fuzzy_name,low,0.952381
2000,2000,CARTER,04 COURTHOUSE,0896,000916,0.0,tail_fuzzy_name,low,0.952381
2000,2000,CARTER,04 COURTHOUSE,0896,000904,0.0,tail_fuzzy_name,low,0.952381
2000,2000,CARTER,04 COURTHOUSE,0896,000919,0.0,tail_fuzzy_name,low,0.952381
2000,2000,CARTER,04 COURTHOUSE,0896,000903,0.0,tail_fuzzy_name,low,0.952381
2000,2000,CARTER,04 COURTHOUSE,0896,000920,0.0,tail_fuzzy_name,low,0.952381
2000,2000,CARTER,04 COURTHOUSE,0896,000913,0.0,tail_fuzzy_name,low,0.952381
2000,2000,CARTER,08 HAROLD MCCOR,0920,000912,0.99122202,tail_fuzzy_name,low,0.857143
2000,2000,CARTER,08 HAROLD MCCOR,0920,000911,0.00840225,tail_fuzzy_name,low,0.857143
2000,2000,CARTER,08 HAROLD MCCOR,0920,000905,0.00034639,tail_fuzzy_name,low,0.857143
2000,2000,CARTER,08 HAROLD MCCOR,0920,000904,2.935e-05,tail_fuzzy_name,low,0.857143
2000,2000,CARTER,08 HAROLD MCCOR,0920,000910,0.0,tail_fuzzy_name,low,0.857143
2000,2000,CARTER,08 HAROLD MCCOR,0920,000906,0.0,tail_fuzzy_name,low,0.857143
2000,2000,CARTER,08 HAROLD MCCOR,0920,000917,0.0,tail_fuzzy_name,low,0.857143
2000,2000,CARTER,08 HAROLD MCCOR,0920,000901,0.0,tail_fuzzy_name,low,0.857143
2000,2000,CARTER,08 HAROLD MCCOR,0920,000918,0.0,tail_fuzzy_name,low,0.857143
2000,2000,CARTER,08 HAROLD MCCOR,0920,000909,0.0,tail_fuzzy_name,low,0.857143
2000,2000,CARTER,08 HAROLD MCCOR,0920,000902,0.0,tail_fuzzy_name,low,0.857143
2000,2000,CARTER,08 HAROLD MCCOR,0920,000903,0.0,tail_fuzzy_name,low,0.857143
2000,2000,CARTER,08 HAROLD MCCOR,0920,000907,0.0,tail_fuzzy_name,low,0.857143
2000,2000,CLAIBORNE,HOWARD S QUARTE,1140,001214,1.0,tail_fuzzy_name,low,0.967742
2000,2000,CLAIBORNE,HOWARD S QUARTE,1140,001215,0.0,tail_fuzzy_name,low,0.967742
2000,2000,CLAIBORNE,HOWARD S QUARTE,1140,001216,0.0,tail_fuzzy_name,low,0.967742
2000,2000,CLAIBORNE,HOWARD S QUARTE,1140,001210,0.0,tail_fuzzy_name,low,0.967742
2000,2000,CLAIBORNE,HOWARD S QUARTE,1140,001212,0.0,tail_fuzzy_name,low,0.967742
2000,2000,CLAIBORNE,HOWARD S QUARTE,1140,001207,0.0,tail_fuzzy_name,low,0.967742
2000,2000,CLAIBORNE,VANBEBBER SPRIN,1176,001208,0.96816237,tail_fuzzy_name,low,0.9375
2000,2000,CLAIBORNE,VANBEBBER SPRIN,1176,001201,0.03126604,tail_fuzzy_name,low,0.9375
2000,2000,CLAIBORNE,VANBEBBER SPRIN,1176,001217,0.00057159,tail_fuzzy_name,low,0.9375
2000,2000,CLAIBORNE,VANBEBBER SPRIN,1176,001202,0.0,tail_fuzzy_name,low,0.9375
2000,2000,CLAIBORNE,VANBEBBER SPRIN,1176,001213,0.0,tail_fuzzy_name,low,0.9375
2000,2000,CLAIBORNE,VANBEBBER SPRIN,1176,001205,0.0,tail_fuzzy_name,low,0.9375
2000,2000,CLAIBORNE,VANBEBBER SPRIN,1176,001204,0.0,tail_fuzzy_name,low,0.9375
2000,2000,CLAIBORNE,VANBEBBER SPRIN,1176,001211,0.0,tail_fuzzy_name,low,0.9375
2000,2000,CLAIBORNE,VANBEBBER SPRIN,1176,001209,0.0,tail_fuzzy_name,low,0.9375
2000,2000,CLAIBORNE,VANBEBBER SPRIN,1176,001206,0.0,tail_fuzzy_name,low,0.9375
2000,2000,CLAIBORNE,VANBEBBER SPRIN,1176,001210,0.0,tail_fuzzy_name,low,0.9375
2000,2000,COCKE,11 HOUSTON VALLE,1240,001418,1.0,tail_fuzzy_name,low,0.962963
2000,2000,COCKE,11 HOUSTON VALLE,1240,001401,0.0,tail_fuzzy_name,low,0.962963
2000,2000,COCKE,11 HOUSTON VALLE,1240,001404,0.0,tail_fuzzy_name,low,0.962963
2000,2000,COCKE,11 HOUSTON VALLE,1240,001419,0.0,tail_fuzzy_name,low,0.962963
2000,2000,COCKE,11 HOUSTON VALLE,1240,001408,0.0,tail_fuzzy_name,low,0.962963
2000,2000,COCKE,11 HOUSTON VALLE,1240,001417,0.0,tail_fuzzy_name,low,0.962963
2000,2000,COCKE,11 HOUSTON VALLE,1240,001407,0.0,tail_fuzzy_name,low,0.962963
2000,2000,COCKE,11 HOUSTON VALLE,1240,001409,0.0,tail_fuzzy_name,low,0.962963
2000,2000,COCKE,11 HOUSTON VALLE,1240,001415,0.0,tail_fuzzy_name,low,0.962963
2000,2000,COCKE,17 SMOKY MTN,1308,001405,0.99988873,tail_fuzzy_name,low,0.782609
2000,2000,COCKE,17 SMOKY MTN,1308,001410,0.00011127,tail_fuzzy_name,low,0.782609
2000,2000,COCKE,17 SMOKY MTN,1308,001408,0.0,tail_fuzzy_name,low,0.782609
2000,2000,COCKE,17 SMOKY MTN,1308,001409,0.0,tail_fuzzy_name,low,0.782609
2000,2000,COCKE,17 SMOKY MTN,1308,001406,0.0,tail_fuzzy_name,low,0.782609
2000,2000,COCKE,17 SMOKY MTN,1308,001411,0.0,tail_fuzzy_name,low,0.782609
2000,2000,COCKE,17 SMOKY MTN,1308,001404,0.0,tail_fuzzy_name,low,0.782609
2000,2000,COCKE,17 SMOKY MTN,1308,001417,0.0,tail_fuzzy_name,low,0.782609
2000,2000,DYER,14 F S DYERSBUR,2512,002361,0.80751157,tail_fuzzy_name,low,0.952381
2000,2000,DYER,14 F S DYERSBUR,2512,002352,0.19242954,tail_fuzzy_name,low,0.952381
2000,2000,DYER,14 F S DYERSBUR,2512,002351,5.889e-05,tail_fuzzy_name,low,0.952381
2000,2000,DYER,14 F S DYERSBUR,2512,002359,0.0,tail_fuzzy_name,low,0.952381
2000,2000,DYER,14 F S DYERSBUR,2512,002362,0.0,tail_fuzzy_name,low,0.952381
2000,2000,DYER,14 F S DYERSBUR,2512,002366,0.0,tail_fuzzy_name,low,0.952381
2000,2000,DYER,14 F S DYERSBUR,2512,002364,0.0,tail_fuzzy_name,low,0.952381
2000,2000,DYER,14 F S DYERSBUR,2512,002360,0.0,tail_fuzzy_name,low,0.952381
2000,2000,DYER,16 H E DYERSBUR,2492,002363,0.84404729,tail_fuzzy_name,low,0.952381
2000,2000,DYER,16 H E DYERSBUR,2492,002355,0.10024054,tail_fuzzy_name,low,0.952381
2000,2000,DYER,16 H E DYERSBUR,2492,002351,0.02804749,tail_fuzzy_name,low,0.952381
2000,2000,DYER,16 H E DYERSBUR,2492,002361,0.02766468,tail_fuzzy_name,low,0.952381
2000,2000,DYER,16 H E DYERSBUR,2492,002364,0.0,tail_fuzzy_name,low,0.952381
2000,2000,DYER,16 H E DYERSBUR,2492,002365,0.0,tail_fuzzy_name,low,0.952381
2000,2000,DYER,16 H E DYERSBUR,2492,002352,0.0,tail_fuzzy_name,low,0.952381
2000,2000,DYER,16 H E DYERSBUR,2492,002353,0.0,tail_fuzzy_name,low,0.952381
2000,2000,DYER,16 H E DYERSBUR,2492,002354,0.0,tail_fuzzy_name,low,0.952381
2000,2000,DYER,16 H E DYERSBUR,2492,002362,0.0,tail_fuzzy_name,low,0.952381
2000,2000,DYER,16 H E DYERSBUR,2492,002366,0.0,tail_fuzzy_name,low,0.952381
2000,2000,DYER,16 H E DYERSBUR,2492,002359,0.0,tail_fuzzy_name,low,0.952381
2000,2000,DYER,16 H E DYERSBUR,2492,002358,0.0,tail_fuzzy_name,low,0.952381
2000,2000,DYER,17 I COMMUNITY CE,2464,002364,0.9405748,tail_fuzzy_name,low,0.857143
2000,2000,DYER,17 I COMMUNITY CE,2464,002363,0.04730436,tail_fuzzy_name,low,0.857143
2000,2000,DYER,17 I COMMUNITY CE,2464,002365,0.01037294,tail_fuzzy_name,low,0.857143
2000,2000,DYER,17 I COMMUNITY CE,2464,002361,0.0017479,tail_fuzzy_name,low,0.857143
2000,2000,DYER,17 I COMMUNITY CE,2464,002362,0.0,tail_fuzzy_name,low,0.857143
2000,2000,DYER,17 I COMMUNITY CE,2464,002366,0.0,tail_fuzzy_name,low,0.857143
2000,2000,DYER,17 I COMMUNITY CE,2464,002355,0.0,tail_fuzzy_name,low,0.857143
2000,2000,DYER,17 I COMMUNITY CE,2464,002351,0.0,tail_fuzzy_name,low,0.857143
2000,2000,DYER,17 I COMMUNITY CE,2464,002352,0.0,tail_fuzzy_name,low,0.857143
2000,2000,DYER,17 I COMMUNITY CE,2464,002358,0.0,tail_fuzzy_name,low,0.857143
2000,2000,DYER,17 I COMMUNITY CE,2464,002353,0.0,tail_fuzzy_name,low,0.857143
2000,2000,DYER,17 I COMMUNITY CE,2464,002359,0.0,tail_fuzzy_name,low,0.857143
2000,2000,DYER,17 I COMMUNITY CE,2464,002354,0.0,tail_fuzzy_name,low,0.857143
2000,2000,DYER,17 I COMMUNITY CE,2464,002360,0.0,tail_fuzzy_name,low,0.857143
2000,2000,DYER,18 I HURRICANE HIL,2484,002365,0.70201661,tail_fuzzy_name,low,0.962963
2000,2000,DYER,18 I HURRICANE HIL,2484,002358,0.17688308,tail_fuzzy_name,low,0.962963
2000,2000,DYER,18 I HURRICANE HIL,2484,002364,0.08098031,tail_fuzzy_name,low,0.962963
2000,2000,DYER,18 I HURRICANE HIL,2484,002355,0.01522164,tail_fuzzy_name,low,0.962963
2000,2000,DYER,18 I HURRICANE HIL,2484,002363,0.01447773,tail_fuzzy_name,low,0.962963
2000,2000,DYER,18 I HURRICANE HIL,2484,002357,0.00571731,tail_fuzzy_name,low,0.962963
2000,2000,DYER,18 I HURRICANE HIL,2484,002351,0.00425904,tail_fuzzy_name,low,0.962963
2000,2000,DYER,18 I HURRICANE HIL,2484,002353,0.00036861,tail_fuzzy_name,low,0.962963
2000,2000,DYER,18 I HURRICANE HIL,2484,002366,7.566e-05,tail_fuzzy_name,low,0.962963
2000,2000,DYER,18 I HURRICANE HIL,2484,002356,0.0,tail_fuzzy_name,low,0.962963
2000,2000,DYER,18 I HURRICANE HIL,2484,002362,0.0,tail_fuzzy_name,low,0.962963
2000,2000,DYER,18 I HURRICANE HIL,2484,002360,0.0,tail_fuzzy_name,low,0.962963
2000,2000,DYER,18 I HURRICANE HIL,2484,002354,0.0,tail_fuzzy_name,low,0.962963
2000,2000,DYER,18 I HURRICANE HIL,2484,002361,0.0,tail_fuzzy_name,low,0.962963
2000,2000,DYER,19 J N DYERSBUR,2448,002366,0.58052887,tail_fuzzy_name,low,0.952381
2000,2000,DYER,19 J N DYERSBUR,2448,002364,0.1113471,tail_fuzzy_name,low,0.952381
2000,2000,DYER,19 J N DYERSBUR,2448,002360,0.08682726,tail_fuzzy_name,low,0.952381
2000,2000,DYER,19 J N DYERSBUR,2448,002361,0.07901493,tail_fuzzy_name,low,0.952381
2000,2000,DYER,19 J N DYERSBUR,2448,002358,0.05880235,tail_fuzzy_name,low,0.952381
2000,2000,DYER,19 J N DYERSBUR,2448,002362,0.03209051,tail_fuzzy_name,low,0.952381
2000,2000,DYER,19 J N DYERSBUR,2448,002365,0.02598443,tail_fuzzy_name,low,0.952381
2000,2000,DYER,19 J N DYERSBUR,2448,002359,0.02286952,tail_fuzzy_name,low,0.952381
2000,2000,DYER,19 J N DYERSBUR,2448,002357,0.00190064,tail_fuzzy_name,low,0.952381
2000,2000,DYER,19 J N DYERSBUR,2448,002352,0.0005117,tail_fuzzy_name,low,0.952381
2000,2000,DYER,19 J N DYERSBUR,2448,002353,0.00012254,tail_fuzzy_name,low,0.952381
2000,2000,DYER,19 J N DYERSBUR,2448,002351,1.6e-07,tail_fuzzy_name,low,0.952381
2000,2000,DYER,19 J N DYERSBUR,2448,002363,0.0,tail_fuzzy_name,low,0.952381
2000,2000,DYER,19 J N DYERSBUR,2448,002356,0.0,tail_fuzzy_name,low,0.952381
2000,2000,FRANKLIN,01 ALTO OAK GROV,2664,002662,0.99996923,tail_fuzzy_name,low,0.962963
2000,2000,FRANKLIN,01 ALTO OAK GROV,2664,002667,3.077e-05,tail_fuzzy_name,low,0.962963
2000,2000,FRANKLIN,01 ALTO OAK GROV,2664,002663,0.0,tail_fuzzy_name,low,0.962963
2000,2000,FRANKLIN,01 ALTO OAK GROV,2664,002660,0.0,tail_fuzzy_name,low,0.962963
2000,2000,FRANKLIN,01 ALTO OAK GROV,2664,002657,0.0,tail_fuzzy_name,low,0.962963
2000,2000,FRANKLIN,01 ALTO OAK GROV,2664,005757,0.0,tail_fuzzy_name,low,0.962963
2000,2000,FRANKLIN,01 ALTO OAK GROV,2664,002668,0.0,tail_fuzzy_name,low,0.962963
2000,2000,FRANKLIN,01 ALTO OAK GROV,2664,002651,0.0,tail_fuzzy_name,low,0.962963
2000,2000,FRANKLIN,01 ALTO OAK GROV,2664,002661,0.0,tail_fuzzy_name,low,0.962963
2000,2000,FRANKLIN,01 ALTO OAK GROV,2664,002652,0.0,tail_fuzzy_name,low,0.962963
2000,2000,FRANKLIN,01 ALTO OAK GROV,2664,002664,0.0,tail_fuzzy_name,low,0.962963
2000,2000,FRANKLIN,01 ALTO OAK GROV,2664,002658,0.0,tail_fuzzy_name,low,0.962963
2000,2000,FRANKLIN,01 ALTO OAK GROV,2664,002659,0.0,tail_fuzzy_name,low,0.962963
2000,2000,FRANKLIN,04 CAPITOL HILL,2676,002663,0.95318871,tail_fuzzy_name,low,0.916667
2000,2000,FRANKLIN,04 CAPITOL HILL,2676,002668,0.04681013,tail_fuzzy_name,low,0.916667
2000,2000,FRANKLIN,04 CAPITOL HILL,2676,002652,1.16e-06,tail_fuzzy_name,low,0.916667
2000,2000,FRANKLIN,04 CAPITOL HILL,2676,002664,0.0,tail_fuzzy_name,low,0.916667
2000,2000,FRANKLIN,04 CAPITOL HILL,2676,002662,0.0,tail_fuzzy_name,low,0.916667
2000,2000,FRANKLIN,04 CAPITOL HILL,2676,002667,0.0,tail_fuzzy_name,low,0.916667
2000,2000,FRANKLIN,04 CAPITOL HILL,2676,002666,0.0,tail_fuzzy_name,low,0.916667
2000,2000,FRANKLIN,04 CAPITOL HILL,2676,002660,0.0,tail_fuzzy_name,low,0.916667
2000,2000,FRANKLIN,04 CAPITOL HILL,2676,002657,0.0,tail_fuzzy_name,low,0.916667
2000,2000,FRANKLIN,05 CLARK MEM,2684,002652,0.66534454,tail_fuzzy_name,low,0.782609
2000,2000,FRANKLIN,05 CLARK MEM,2684,002666,0.14068465,tail_fuzzy_name,low,0.782609
2000,2000,FRANKLIN,05 CLARK MEM,2684,002668,0.07588148,tail_fuzzy_name,low,0.782609
2000,2000,FRANKLIN,05 CLARK MEM,2684,002667,0.05766287,tail_fuzzy_name,low,0.782609
2000,2000,FRANKLIN,05 CLARK MEM,2684,002651,0.03841748,tail_fuzzy_name,low,0.782609
2000,2000,FRANKLIN,05 CLARK MEM,2684,002663,0.02083646,tail_fuzzy_name,low,0.782609
2000,2000,FRANKLIN,05 CLARK MEM,2684,002656,0.00106869,tail_fuzzy_name,low,0.782609
2000,2000,FRANKLIN,05 CLARK MEM,2684,002662,0.00010383,tail_fuzzy_name,low,0.782609
2000,2000,FRANKLIN,05 CLARK MEM,2684,002664,0.0,tail_fuzzy_name,low,0.782609
2000,2000,FRANKLIN,05 CLARK MEM,2684,002653,0.0,tail_fuzzy_name,low,0.782609
2000,2000,FRANKLIN,05 CLARK MEM,2684,002658,0.0,tail_fuzzy_name,low,0.782609
2000,2000,FRANKLIN,05 CLARK MEM,2684,002657,0.0,tail_fuzzy_name,low,0.782609
2000,2000,FRANKLIN,05 CLARK MEM,2684,002665,0.0,tail_fuzzy_name,low,0.782609
2000,2000,FRANKLIN,05 CLARK MEM,2684,002654,0.0,tail_fuzzy_name,low,0.782609
2000,2000,FRANKLIN,05 CLARK MEM,2684,002655,0.0,tail_fuzzy_name,low,0.782609
2000,2000,FRANKLIN,11 KEITH SPGS,2708,002659,0.8538492,tail_fuzzy_name,low,0.869565
2000,2000,FRANKLIN,11 KEITH SPGS,2708,002658,0.14577699,tail_fuzzy_name,low,0.869565
2000,2000,FRANKLIN,11 KEITH SPGS,2708,002651,0.00035027,tail_fuzzy_name,low,0.869565
2000,2000,FRANKLIN,11 KEITH SPGS,2708,002661,2.327e-05,tail_fuzzy_name,low,0.869565
2000,2000,FRANKLIN,11 KEITH SPGS,2708,005764,2.8e-07,tail_fuzzy_name,low,0.869565
2000,2000,FRANKLIN,11 KEITH SPGS,2708,002654,0.0,tail_fuzzy_name,low,0.869565
2000,2000,FRANKLIN,11 KEITH SPGS,2708,002656,0.0,tail_fuzzy_name,low,0.869565
2000,2000,FRANKLIN,11 KEITH SPGS,2708,002657,0.0,tail_fuzzy_name,low,0.869565
2000,2000,FRANKLIN,11 KEITH SPGS,2708,002660,0.0,tail_fuzzy_name,low,0.869565
2000,2000,FRANKLIN,11 KEITH SPGS,2708,005757,0.0,tail_fuzzy_name,low,0.869565
2000,2000,FRANKLIN,11 KEITH SPGS,2708,002655,0.0,tail_fuzzy_name,low,0.869565
2000,2000,FRANKLIN,11 KEITH SPGS,2708,002653,0.0,tail_fuzzy_name,low,0.869565
2000,2000,FRANKLIN,11 KEITH SPGS,2708,002662,0.0,tail_fuzzy_name,low,0.869565
2000,2000,FRANKLIN,11 KEITH SPGS,2708,002667,0.0,tail_fuzzy_name,low,0.869565
2000,2000,FRANKLIN,11 KEITH SPGS,2708,002652,0.0,tail_fuzzy_name,low,0.869565
2000,2000,FRANKLIN,18 WINCHESTER SP,2728,002666,0.59914271,tail_fuzzy_name,low,0.764706
2000,2000,FRANKLIN,18 WINCHESTER SP,2728,002653,0.27982839,tail_fuzzy_name,low,0.764706
2000,2000,FRANKLIN,18 WINCHESTER SP,2728,002668,0.09812882,tail_fuzzy_name,low,0.764706
2000,2000,FRANKLIN,18 WINCHESTER SP,2728,002665,0.00849686,tail_fuzzy_name,low,0.764706
2000,2000,FRANKLIN,18 WINCHESTER SP,2728,002652,0.00729225,tail_fuzzy_name,low,0.764706
2000,2000,FRANKLIN,18 WINCHESTER SP,2728,002663,0.00644591,tail_fuzzy_name,low,0.764706
2000,2000,FRANKLIN,18 WINCHESTER SP,2728,002664,0.00040421,tail_fuzzy_name,low,0.764706
2000,2000,FRANKLIN,18 WINCHESTER SP,2728,002651,0.00026086,tail_fuzzy_name,low,0.764706
2000,2000,FRANKLIN,18 WINCHESTER SP,2728,002654,0.0,tail_fuzzy_name,low,0.764706
2000,2000,FRANKLIN,18 WINCHESTER SP,2728,002656,0.0,tail_fuzzy_name,low,0.764706
2000,2000,FRANKLIN,18 WINCHESTER SP,2728,002655,0.0,tail_fuzzy_name,low,0.764706
2000,2000,FRANKLIN,18 WINCHESTER SP,2728,002667,0.0,tail_fuzzy_name,low,0.764706
2000,2000,FRANKLIN,18 WINCHESTER SP,2728,002658,0.0,tail_fuzzy_name,low,0.764706
2000,2000,FRANKLIN,18 WINCHESTER SP,2728,002657,0.0,tail_fuzzy_name,low,0.764706
2000,2000,GRUNDY,04 COALMONT 4TH,3156,003155,0.70453354,tail_fuzzy_name,low,0.869565
2000,2000,GRUNDY,04 COALMONT 4TH,3156,003160,0.24002723,tail_fuzzy_name,low,0.869565
2000,2000,GRUNDY,04 COALMONT 4TH,3156,003153,0.05139739,tail_fuzzy_name,low,0.869565
2000,2000,GRUNDY,04 COALMONT 4TH,3156,003163,0.00395727,tail_fuzzy_name,low,0.869565
2000,2000,GRUNDY,04 COALMONT 4TH,3156,003156,8.456e-05,tail_fuzzy_name,low,0.869565
2000,2000,GRUNDY,04 COALMONT 4TH,3156,003152,0.0,tail_fuzzy_name,low,0.869565
2000,2000,GRUNDY,04 COALMONT 4TH,3156,003154,0.0,tail_fuzzy_name,low,0.869565
2000,2000,GRUNDY,04 COALMONT 4TH,3156,003157,0.0,tail_fuzzy_name,low,0.869565
2000,2000,GRUNDY,04 COALMONT 4TH,3156,003162,0.0,tail_fuzzy_name,low,0.869565
2000,2000,GRUNDY,04 COALMONT 4TH,3156,003161,0.0,tail_fuzzy_name,low,0.869565
2000,2000,GRUNDY,05 COALMONT 6TH,3160,003160,0.45089937,tail_fuzzy_name,low,0.869565
2000,2000,GRUNDY,05 COALMONT 6TH,3160,003163,0.38303489,tail_fuzzy_name,low,0.869565
2000,2000,GRUNDY,05 COALMONT 6TH,3160,003155,0.16571007,tail_fuzzy_name,low,0.869565
2000,2000,GRUNDY,05 COALMONT 6TH,3160,003156,0.00019721,tail_fuzzy_name,low,0.869565
2000,2000,GRUNDY,05 COALMONT 6TH,3160,003162,0.00015846,tail_fuzzy_name,low,0.869565
2000,2000,GRUNDY,05 COALMONT 6TH,3160,003153,0.0,tail_fuzzy_name,low,0.869565
2000,2000,GRUNDY,05 COALMONT 6TH,3160,003154,0.0,tail_fuzzy_name,low,0.869565
2000,2000,GRUNDY,05 COALMONT 6TH,3160,003152,0.0,tail_fuzzy_name,low,0.869565
2000,2000,GRUNDY,05 COALMONT 6TH,3160,003161,0.0,tail_fuzzy_name,low,0.869565
2000,2000,GRUNDY,05 COALMONT 6TH,3160,003157,0.0,tail_fuzzy_name,low,0.869565
2000,2000,GRUNDY,08 HUBBARD S COV,3144,003153,1.0,tail_fuzzy_name,low,0.962963
2000,2000,GRUNDY,08 HUBBARD S COV,3144,003155,0.0,tail_fuzzy_name,low,0.962963
2000,2000,GRUNDY,08 HUBBARD S COV,3144,003157,0.0,tail_fuzzy_name,low,0.962963
2000,2000,GRUNDY,08 HUBBARD S COV,3144,003152,0.0,tail_fuzzy_name,low,0.962963
2000,2000,GRUNDY,08 HUBBARD S COV,3144,003156,0.0,tail_fuzzy_name,low,0.962963
2000,2000,GRUNDY,08 HUBBARD S COV,3144,003160,0.0,tail_fuzzy_name,low,0.962963
2000,2000,HARDEMAN,04 HICKORY VALLE,3688,003602,0.95819944,tail_fuzzy_name,low,0.962963
2000,2000,HARDEMAN,04 HICKORY VALLE,3688,003604,0.02695501,tail_fuzzy_name,low,0.962963
2000,2000,HARDEMAN,04 HICKORY VALLE,3688,003613,0.01484555,tail_fuzzy_name,low,0.962963
2000,2000,HARDEMAN,04 HICKORY VALLE,3688,003601,0.0,tail_fuzzy_name,low,0.962963
2000,2000,HARDEMAN,04 HICKORY VALLE,3688,003603,0.0,tail_fuzzy_name,low,0.962963
2000,2000,HARDEMAN,04 HICKORY VALLE,3688,003612,0.0,tail_fuzzy_name,low,0.962963
2000,2000,HARDEMAN,04 HICKORY VALLE,3688,003608,0.0,tail_fuzzy_name,low,0.962963
2000,2000,HARDEMAN,04 HICKORY VALLE,3688,003607,0.0,tail_fuzzy_name,low,0.962963
2000,2000,HARDEMAN,04 HICKORY VALLE,3688,003610,0.0,tail_fuzzy_name,low,0.962963
2000,2000,HARDEMAN,04 HICKORY VALLE,3688,003605,0.0,tail_fuzzy_name,low,0.962963
2000,2000,HARDEMAN,05 GRAND JUNCTIO,3684,003613,0.99935416,tail_fuzzy_name,low,0.962963
2000,2000,HARDEMAN,05 GRAND JUNCTIO,3684,003612,0.00064584,tail_fuzzy_name,low,0.962963
2000,2000,HARDEMAN,05 GRAND JUNCTIO,3684,003602,0.0,tail_fuzzy_name,low,0.962963
2000,2000,HARDEMAN,05 GRAND JUNCTIO,3684,003605,0.0,tail_fuzzy_name,low,0.962963
2000,2000,HARDEMAN,05 GRAND JUNCTIO,3684,003601,0.0,tail_fuzzy_name,low,0.962963
2000,2000,HARDEMAN,05 GRAND JUNCTIO,3684,003604,0.0,tail_fuzzy_name,low,0.962963
2000,2000,HARDEMAN,05 GRAND JUNCTIO,3684,003603,0.0,tail_fuzzy_name,low,0.962963
2000,2000,HARDEMAN,12 CAMPBELL CHA,3704,003610,0.98569996,tail_fuzzy_name,low,0.888889
2000,2000,HARDEMAN,12 CAMPBELL CHA,3704,003601,0.01430004,tail_fuzzy_name,low,0.888889
2000,2000,HARDEMAN,12 CAMPBELL CHA,3704,003607,0.0,tail_fuzzy_name,low,0.888889
2000,2000,HARDEMAN,12 CAMPBELL CHA,3704,003609,0.0,tail_fuzzy_name,low,0.888889
2000,2000,HARDEMAN,12 CAMPBELL CHA,3704,003606,0.0,tail_fuzzy_name,low,0.888889
2000,2000,HARDEMAN,12 CAMPBELL CHA,3704,003605,0.0,tail_fuzzy_name,low,0.888889
2000,2000,HARDEMAN,12 CAMPBELL CHA,3704,003604,0.0,tail_fuzzy_name,low,0.888889
2000,2000,HARDEMAN,12 CAMPBELL CHA,3704,003602,0.0,tail_fuzzy_name,low,0.888889
2000,2000,HARDEMAN,12 CAMPBELL CHA,3704,003612,0.0,tail_fuzzy_name,low,0.888889
2000,2000,HARDEMAN,12 CAMPBELL CHA,3704,003608,0.0,tail_fuzzy_name,low,0.888889
2000,2000,HARDEMAN,12 CAMPBELL CHA,3704,003611,0.0,tail_fuzzy_name,low,0.888889
2000,2000,HARDEMAN,12 CAMPBELL CHA,3704,003613,0.0,tail_fuzzy_name,low,0.888889
2000,2000,HARDEMAN,12 CAMPBELL CHA,3704,003603,0.0,tail_fuzzy_name,low,0.888889
2000,2000,HAWKINS,12 KEPLAR,3880,003802,0.91129863,tail_fuzzy_name,low,0.833333
2000,2000,HAWKINS,12 KEPLAR,3880,003801,0.07949849,tail_fuzzy_name,low,0.833333
2000,2000,HAWKINS,12 KEPLAR,3880,003814,0.00883788,tail_fuzzy_name,low,0.833333
2000,2000,HAWKINS,12 KEPLAR,3880,003805,0.00030964,tail_fuzzy_name,low,0.833333
2000,2000,HAWKINS,12 KEPLAR,3880,003806,5.507e-05,tail_fuzzy_name,low,0.833333
2000,2000,HAWKINS,12 KEPLAR,3880,003823,3e-07,tail_fuzzy_name,low,0.833333
2000,2000,HAWKINS,12 KEPLAR,3880,003826,0.0,tail_fuzzy_name,low,0.833333
2000,2000,HAWKINS,12 KEPLAR,3880,003803,0.0,tail_fuzzy_name,low,0.833333
2000,2000,HAWKINS,12 KEPLAR,3880,003816,0.0,tail_fuzzy_name,low,0.833333
2000,2000,HAWKINS,12 KEPLAR,3880,003813,0.0,tail_fuzzy_name,low,0.833333
2000,2000,HAWKINS,12 KEPLAR,3880,003819,0.0,tail_fuzzy_name,low,0.833333
2000,2000,HAWKINS,12 KEPLAR,3880,003825,0.0,tail_fuzzy_name,low,0.833333
2000,2000,HAWKINS,12 KEPLAR,3880,003809,0.0,tail_fuzzy_name,low,0.833333
2000,2000,HAWKINS,12 KEPLAR,3880,003811,0.0,tail_fuzzy_name,low,0.833333
2000,2000,HAWKINS,12 KEPLAR,3880,003820,0.0,tail_fuzzy_name,low,0.833333
2000,2000,HAWKINS,13 MCPHEETER S B,3884,003803,0.82454299,tail_fuzzy_name,low,0.896552
2000,2000,HAWKINS,13 MCPHEETER S B,3884,003805,0.17249933,tail_fuzzy_name,low,0.896552
2000,2000,HAWKINS,13 MCPHEETER S B,3884,003825,0.00271068,tail_fuzzy_name,low,0.896552
2000,2000,HAWKINS,13 MCPHEETER S B,3884,003808,7.824e-05,tail_fuzzy_name,low,0.896552
2000,2000,HAWKINS,13 MCPHEETER S B,3884,003806,6.634e-05,tail_fuzzy_name,low,0.896552
2000,2000,HAWKINS,13 MCPHEETER S B,3884,003809,6.017e-05,tail_fuzzy_name,low,0.896552
2000,2000,HAWKINS,13 MCPHEETER S B,3884,003811,4.225e-05,tail_fuzzy_name,low,0.896552
2000,2000,HAWKINS,13 MCPHEETER S B,3884,003826,0.0,tail_fuzzy_name,low,0.896552
2000,2000,HAWKINS,13 MCPHEETER S B,3884,003802,0.0,tail_fuzzy_name,low,0.896552
2000,2000,HAWKINS,13 MCPHEETER S B,3884,003824,0.0,tail_fuzzy_name,low,0.896552
2000,2000,HAWKINS,13 MCPHEETER S B,3884,003819,0.0,tail_fuzzy_name,low,0.896552
2000,2000,HAWKINS,13 MCPHEETER S B,3884,003814,0.0,tail_fuzzy_name,low,0.896552
2000,2000,HAWKINS,13 MCPHEETER S B,3884,003801,0.0,tail_fuzzy_name,low,0.896552
2000,2000,HAWKINS,13 MCPHEETER S B,3884,003820,0.0,tail_fuzzy_name,low,0.896552
2000,2000,HAWKINS,15 MT CARMEL,3892,003809,0.95143843,tail_fuzzy_name,low,0.857143
2000,2000,HAWKINS,15 MT CARMEL,3892,003805,0.02353005,tail_fuzzy_name,low,0.857143
2000,2000,HAWKINS,15 MT CARMEL,3892,003825,0.01584896,tail_fuzzy_name,low,0.857143
2000,2000,HAWKINS,15 MT CARMEL,3892,003824,0.00620739,tail_fuzzy_name,low,0.857143
2000,2000,HAWKINS,15 MT CARMEL,3892,003808,0.0027279,tail_fuzzy_name,low,0.857143
2000,2000,HAWKINS,15 MT CARMEL,3892,003811,0.00024703,tail_fuzzy_name,low,0.857143
2000,2000,HAWKINS,15 MT CARMEL,3892,003806,2.4e-07,tail_fuzzy_name,low,0.857143
2000,2000,HAWKINS,15 MT CARMEL,3892,003803,0.0,tail_fuzzy_name,low,0.857143
2000,2000,HAWKINS,15 MT CARMEL,3892,003826,0.0,tail_fuzzy_name,low,0.857143
2000,2000,HAWKINS,15 MT CARMEL,3892,003802,0.0,tail_fuzzy_name,low,0.857143
2000,2000,HAYWOOD,04 1 COLL HILL THT,3960,003902,0.95544163,tail_fuzzy_name,low,0.787879
2000,2000,HAYWOOD,04 1 COLL HILL THT,3960,003906,0.04455837,tail_fuzzy_name,low,0.787879
2000,2000,HAYWOOD,04 1 COLL HILL THT,3960,003905,0.0,tail_fuzzy_name,low,0.787879
2000,2000,HAYWOOD,04 1 COLL HILL THT,3960,003904,0.0,tail_fuzzy_name,low,0.787879
2000,2000,HAYWOOD,04 1 COLL HILL THT,3960,003901,0.0,tail_fuzzy_name,low,0.787879
2000,2000,HAYWOOD,04 1 COLL HILL THT,3960,003903,0.0,tail_fuzzy_name,low,0.787879
2000,2000,HAYWOOD,04 1 COLL HILL THT,3960,003915,0.0,tail_fuzzy_name,low,0.787879
2000,2000,HAYWOOD,04 1 COLL HILL THT,3960,003914,0.0,tail_fuzzy_name,low,0.787879
2000,2000,HAYWOOD,04 1 COLL HILL THT,3960,003912,0.0,tail_fuzzy_name,low,0.787879
2000,2000,HAYWOOD,06 1 FIRE DEPT,3964,003915,0.98242964,tail_fuzzy_name,low,0.9375
2000,2000,HAYWOOD,06 1 FIRE DEPT,3964,003903,0.0174358,tail_fuzzy_name,low,0.9375
2000,2000,HAYWOOD,06 1 FIRE DEPT,3964,003901,0.00013456,tail_fuzzy_name,low,0.9375
2000,2000,HAYWOOD,06 1 FIRE DEPT,3964,003912,0.0,tail_fuzzy_name,low,0.9375
2000,2000,HAYWOOD,06 1 FIRE DEPT,3964,003914,0.0,tail_fuzzy_name,low,0.9375
2000,2000,HAYWOOD,06 1 FIRE DEPT,3964,003904,0.0,tail_fuzzy_name,low,0.9375
2000,2000,HAYWOOD,06 1 FIRE DEPT,3964,003905,0.0,tail_fuzzy_name,low,0.9375
2000,2000,HAYWOOD,06 1 FIRE DEPT,3964,003902,0.0,tail_fuzzy_name,low,0.9375
2000,2000,HAYWOOD,06 1 FIRE DEPT,3964,003906,0.0,tail_fuzzy_name,low,0.9375
2000,2000,HAYWOOD,08 3 STANTON HEAD,3970,003913,0.93748405,tail_fuzzy_name,low,0.8
2000,2000,HAYWOOD,08 3 STANTON HEAD,3970,003910,0.06251595,tail_fuzzy_name,low,0.8
2000,2000,HAYWOOD,08 3 STANTON HEAD,3970,003914,0.0,tail_fuzzy_name,low,0.8
2000,2000,HAYWOOD,09 2 COLL HILL CAF,3954,003914,0.94689583,tail_fuzzy_name,low,0.742857
2000,2000,HAYWOOD,09 2 COLL HILL CAF,3954,003910,0.05310417,tail_fuzzy_name,low,0.742857
2000,2000,HAYWOOD,09 2 COLL HILL CAF,3954,003913,0.0,tail_fuzzy_name,low,0.742857
2000,2000,HAYWOOD,09 2 COLL HILL CAF,3954,003912,0.0,tail_fuzzy_name,low,0.742857
2000,2000,HAYWOOD,09 2 COLL HILL CAF,3954,003905,0.0,tail_fuzzy_name,low,0.742857
2000,2000,HAYWOOD,09 2 COLL HILL CAF,3954,003903,0.0,tail_fuzzy_name,low,0.742857
2000,2000,HAYWOOD,09 2 COLL HILL CAF,3954,003906,0.0,tail_fuzzy_name,low,0.742857
2000,2000,HAYWOOD,09 2 COLL HILL CAF,3954,003902,0.0,tail_fuzzy_name,low,0.742857
2000,2000,HAYWOOD,09 2 COLL HILL CAF,3954,003901,0.0,tail_fuzzy_name,low,0.742857
2000,2000,HAYWOOD,09 2 COLL HILL CAF,3954,003915,0.0,tail_fuzzy_name,low,0.742857
2000,2000,HAYWOOD,09 3 WEST HAYWOO,3982,003914,0.94752806,tail_fuzzy_name,low,0.956522
2000,2000,HAYWOOD,09 3 WEST HAYWOO,3982,003905,0.05247194,tail_fuzzy_name,low,0.956522
2000,2000,HAYWOOD,09 3 WEST HAYWOO,3982,003910,0.0,tail_fuzzy_name,low,0.956522
2000,2000,HAYWOOD,09 3 WEST HAYWOO,3982,003913,0.0,tail_fuzzy_name,low,0.956522
2000,2000,HAYWOOD,09 3 WEST HAYWOO,3982,003912,0.0,tail_fuzzy_name,low,0.956522
2000,2000,HAYWOOD,09 3 WEST HAYWOO,3982,003906,0.0,tail_fuzzy_name,low,0.956522
2000,2000,HAYWOOD,09 3 WEST HAYWOO,3982,003902,0.0,tail_fuzzy_name,low,0.956522
2000,2000,HAYWOOD,09 3 WEST HAYWOO,3982,003903,0.0,tail_fuzzy_name,low,0.956522
2000,2000,HAYWOOD,10 2 ST PETER S CH,3985,003905,0.84195537,tail_fuzzy_name,low,0.864865
2000,2000,HAYWOOD,10 2 ST PETER S CH,3985,003906,0.14381441,tail_fuzzy_name,low,0.864865
2000,2000,HAYWOOD,10 2 ST PETER S CH,3985,003914,0.01422825,tail_fuzzy_name,low,0.864865
2000,2000,HAYWOOD,10 2 ST PETER S CH,3985,003902,1.98e-06,tail_fuzzy_name,low,0.864865
2000,2000,HAYWOOD,10 2 ST PETER S CH,3985,003910,0.0,tail_fuzzy_name,low,0.864865
2000,2000,HAYWOOD,10 2 ST PETER S CH,3985,003901,0.0,tail_fuzzy_name,low,0.864865
2000,2000,HAYWOOD,10 2 ST PETER S CH,3985,003913,0.0,tail_fuzzy_name,low,0.864865
2000,2000,HAYWOOD,10 2 ST PETER S CH,3985,003912,0.0,tail_fuzzy_name,low,0.864865
2000,2000,HAYWOOD,10 2 ST PETER S CH,3985,003903,0.0,tail_fuzzy_name,low,0.864865
2000,2000,HAYWOOD,10 2 ST PETER S CH,3985,003915,0.0,tail_fuzzy_name,low,0.864865
2000,2000,HOUSTON,01 STEWART COMM,4228,004304,0.93786579,tail_fuzzy_name,low,0.827586
2000,2000,HOUSTON,01 STEWART COMM,4228,004302,0.05908639,tail_fuzzy_name,low,0.827586
2000,2000,HOUSTON,01 STEWART COMM,4228,004303,0.00292665,tail_fuzzy_name,low,0.827586
2000,2000,HOUSTON,01 STEWART COMM,4228,004301,0.00012117,tail_fuzzy_name,low,0.827586
2000,2000,HOUSTON,01 STEWART COMM,4228,004305,0.0,tail_fuzzy_name,low,0.827586
2000,2000,HOUSTON,01 STEWART COMM,4228,004306,0.0,tail_fuzzy_name,low,0.827586
2000,2000,HOUSTON,01 STEWART COMM,4228,004307,0.0,tail_fuzzy_name,low,0.827586
2000,2000,HOUSTON,05 ERIN ELEMENTA,4216,004305,0.8238818,tail_fuzzy_name,low,0.742857
2000,2000,HOUSTON,05 ERIN ELEMENTA,4216,004302,0.17582568,tail_fuzzy_name,low,0.742857
2000,2000,HOUSTON,05 ERIN ELEMENTA,4216,004303,0.00018544,tail_fuzzy_name,low,0.742857
2000,2000,HOUSTON,05 ERIN ELEMENTA,4216,004304,0.00010708,tail_fuzzy_name,low,0.742857
2000,2000,HOUSTON,05 ERIN ELEMENTA,4216,004307,0.0,tail_fuzzy_name,low,0.742857
2000,2000,HOUSTON,05 ERIN ELEMENTA,4216,004306,0.0,tail_fuzzy_name,low,0.742857
2000,2000,HOUSTON,05 ERIN ELEMENTA,4216,004301,0.0,tail_fuzzy_name,low,0.742857
2000,2000,HOUSTON,07 SPRING HILL CH,4220,004307,0.94337949,tail_fuzzy_name,low,0.875
2000,2000,HOUSTON,07 SPRING HILL CH,4220,004306,0.05621813,tail_fuzzy_name,low,0.875
2000,2000,HOUSTON,07 SPRING HILL CH,4220,004303,0.00040238,tail_fuzzy_name,low,0.875
2000,2000,HOUSTON,07 SPRING HILL CH,4220,004305,0.0,tail_fuzzy_name,low,0.875
2000,2000,HOUSTON,07 SPRING HILL CH,4220,004302,0.0,tail_fuzzy_name,low,0.875
2000,2000,HOUSTON,07 SPRING HILL CH,4220,004301,0.0,tail_fuzzy_name,low,0.875
2000,2000,LAUDERDALE,20 CROSS ROADS,4940,005054,0.89688514,tail_fuzzy_name,low,0.952381
2000,2000,LAUDERDALE,20 CROSS ROADS,4940,005064,0.10175695,tail_fuzzy_name,low,0.952381
2000,2000,LAUDERDALE,20 CROSS ROADS,4940,005051,0.00135791,tail_fuzzy_name,low,0.952381
2000,2000,LAUDERDALE,20 CROSS ROADS,4940,005052,0.0,tail_fuzzy_name,low,0.952381
2000,2000,LAUDERDALE,20 CROSS ROADS,4940,005056,0.0,tail_fuzzy_name,low,0.952381
2000,2000,LAUDERDALE,20 CROSS ROADS,4940,005057,0.0,tail_fuzzy_name,low,0.952381
2000,2000,LAUDERDALE,20 CROSS ROADS,4940,005063,0.0,tail_fuzzy_name,low,0.952381
2000,2000,LAUDERDALE,20 CROSS ROADS,4940,005053,0.0,tail_fuzzy_name,low,0.952381
2000,2000,LINCOLN,02 MOLINO FIRE TH,5215,000015,0.93787006,tail_fuzzy_name,low,0.769231
2000,2000,LINCOLN,02 MOLINO FIRE TH,5215,000005,0.06212112,tail_fuzzy_name,low,0.769231
2000,2000,LINCOLN,02 MOLINO FIRE TH,5215,000020,8.82e-06,tail_fuzzy_name,low,0.769231
2000,2000,LINCOLN,02 MOLINO FIRE TH,5215,000003,0.0,tail_fuzzy_name,low,0.769231
2000,2000,LINCOLN,02 MOLINO FIRE TH,5215,000004,0.0,tail_fuzzy_name,low,0.769231
2000,2000,LINCOLN,02 MOLINO FIRE TH,5215,000014,0.0,tail_fuzzy_name,low,0.769231
2000,2000,LINCOLN,02 MOLINO FIRE TH,5215,000009,0.0,tail_fuzzy_name,low,0.769231
2000,2000,LINCOLN,02 MOLINO FIRE TH,5215,000010,0.0,tail_fuzzy_name,low,0.769231
2000,2000,LINCOLN,02 MOLINO FIRE TH,5215,000017,0.0,tail_fuzzy_name,low,0.769231
2000,2000,LINCOLN,02 MOLINO FIRE TH,5215,000012,0.0,tail_fuzzy_name,low,0.769231
2000,2000,LINCOLN,03 MOLINO FIRE TH,5215,000015,0.93787006,tail_fuzzy_name,low,0.769231
2000,2000,LINCOLN,03 MOLINO FIRE TH,5215,000005,0.06212112,tail_fuzzy_name,low,0.769231
2000,2000,LINCOLN,03 MOLINO FIRE TH,5215,000020,8.82e-06,tail_fuzzy_name,low,0.769231
2000,2000,LINCOLN,03 MOLINO FIRE TH,5215,000003,0.0,tail_fuzzy_name,low,0.769231
2000,2000,LINCOLN,03 MOLINO FIRE TH,5215,000004,0.0,tail_fuzzy_name,low,0.769231
2000,2000,LINCOLN,03 MOLINO FIRE TH,5215,000014,0.0,tail_fuzzy_name,low,0.769231
2000,2000,LINCOLN,03 MOLINO FIRE TH,5215,000009,0.0,tail_fuzzy_name,low,0.769231
2000,2000,LINCOLN,03 MOLINO FIRE TH,5215,000010,0.0,tail_fuzzy_name,low,0.769231
2000,2000,LINCOLN,03 MOLINO FIRE TH,5215,000017,0.0,tail_fuzzy_name,low,0.769231
2000,2000,LINCOLN,03 MOLINO FIRE TH,5215,000012,0.0,tail_fuzzy_name,low,0.769231
2000,2000,LINCOLN,08 PETERSBURG T,5266,000017,0.85782351,tail_fuzzy_name,low,0.857143
2000,2000,LINCOLN,08 PETERSBURG T,5266,000002,0.13907651,tail_fuzzy_name,low,0.857143
2000,2000,LINCOLN,08 PETERSBURG T,5266,000010,0.00309857,tail_fuzzy_name,low,0.857143
2000,2000,LINCOLN,08 PETERSBURG T,5266,000007,1.4e-06,tail_fuzzy_name,low,0.857143
2000,2000,LINCOLN,08 PETERSBURG T,5266,000004,0.0,tail_fuzzy_name,low,0.857143
2000,2000,LINCOLN,08 PETERSBURG T,5266,000016,0.0,tail_fuzzy_name,low,0.857143
2000,2000,LINCOLN,08 PETERSBURG T,5266,000018,0.0,tail_fuzzy_name,low,0.857143
2000,2000,LINCOLN,08 PETERSBURG T,5266,000005,0.0,tail_fuzzy_name,low,0.857143
2000,2000,LINCOLN,08 PETERSBURG T,5266,000015,0.0,tail_fuzzy_name,low,0.857143
2000,2000,LINCOLN,08 PETERSBURG T,5266,000003,0.0,tail_fuzzy_name,low,0.857143
2000,2000,LINCOLN,09 PETERSBURG T,5266,000017,0.85782351,tail_fuzzy_name,low,0.857143
2000,2000,LINCOLN,09 PETERSBURG T,5266,000002,0.13907651,tail_fuzzy_name,low,0.857143
2000,2000,LINCOLN,09 PETERSBURG T,5266,000010,0.00309857,tail_fuzzy_name,low,0.857143
2000,2000,LINCOLN,09 PETERSBURG T,5266,000007,1.4e-06,tail_fuzzy_name,low,0.857143
2000,2000,LINCOLN,09 PETERSBURG T,5266,000004,0.0,tail_fuzzy_name,low,0.857143
2000,2000,LINCOLN,09 PETERSBURG T,5266,000016,0.0,tail_fuzzy_name,low,0.857143
2000,2000,LINCOLN,09 PETERSBURG T,5266,000018,0.0,tail_fuzzy_name,low,0.857143
2000,2000,LINCOLN,09 PETERSBURG T,5266,000005,0.0,tail_fuzzy_name,low,0.857143
2000,2000,LINCOLN,09 PETERSBURG T,5266,000015,0.0,tail_fuzzy_name,low,0.857143
2000,2000,LINCOLN,09 PETERSBURG T,5266,000003,0.0,tail_fuzzy_name,low,0.857143
2000,2000,LINCOLN,16 CO HWY GAR TH,5230,000005,1.0,tail_fuzzy_name,low,0.8125
2000,2000,LINCOLN,16 CO HWY GAR TH,5230,000014,0.0,tail_fuzzy_name,low,0.8125
2000,2000,LINCOLN,16 CO HWY GAR TH,5230,000012,0.0,tail_fuzzy_name,low,0.8125
2000,2000,LINCOLN,16 CO HWY GAR TH,5230,000001,0.0,tail_fuzzy_name,low,0.8125
2000,2000,LINCOLN,16 CO HWY GAR TH,5230,000015,0.0,tail_fuzzy_name,low,0.8125
2000,2000,LINCOLN,16 CO HWY GAR TH,5230,000010,0.0,tail_fuzzy_name,low,0.8125
2000,2000,LINCOLN,16 CO HWY GAR TH,5230,000004,0.0,tail_fuzzy_name,low,0.8125
2000,2000,LINCOLN,16 CO HWY GAR TH,5230,000018,0.0,tail_fuzzy_name,low,0.8125
2000,2000,LINCOLN,16 CO HWY GAR TH,5230,000020,0.0,tail_fuzzy_name,low,0.8125
2000,2000,LINCOLN,16 CO HWY GAR TH,5230,000007,0.0,tail_fuzzy_name,low,0.8125
2000,2000,LINCOLN,16 CO HWY GAR TH,5230,000011,0.0,tail_fuzzy_name,low,0.8125
2000,2000,LINCOLN,16 CO HWY GAR TH,5230,000009,0.0,tail_fuzzy_name,low,0.8125
2000,2000,LINCOLN,16 CO HWY GAR TH,5230,000019,0.0,tail_fuzzy_name,low,0.8125
2000,2000,LINCOLN,16 CO HWY GAR TH,5230,000013,0.0,tail_fuzzy_name,low,0.8125
2000,2000,LINCOLN,16 CO HWY GAR TH,5230,000016,0.0,tail_fuzzy_name,low,0.8125
2000,2000,LINCOLN,16 CO HWY GAR TH,5230,000008,0.0,tail_fuzzy_name,low,0.8125
2000,2000,LINCOLN,17 CO HWY GAR TH,5230,000005,1.0,tail_fuzzy_name,low,0.8125
2000,2000,LINCOLN,17 CO HWY GAR TH,5230,000014,0.0,tail_fuzzy_name,low,0.8125
2000,2000,LINCOLN,17 CO HWY GAR TH,5230,000012,0.0,tail_fuzzy_name,low,0.8125
2000,2000,LINCOLN,17 CO HWY GAR TH,5230,000001,0.0,tail_fuzzy_name,low,0.8125
2000,2000,LINCOLN,17 CO HWY GAR TH,5230,000015,0.0,tail_fuzzy_name,low,0.8125
2000,2000,LINCOLN,17 CO HWY GAR TH,5230,000010,0.0,tail_fuzzy_name,low,0.8125
2000,2000,LINCOLN,17 CO HWY GAR TH,5230,000004,0.0,tail_fuzzy_name,low,0.8125
2000,2000,LINCOLN,17 CO HWY GAR TH,5230,000018,0.0,tail_fuzzy_name,low,0.8125
2000,2000,LINCOLN,17 CO HWY GAR TH,5230,000020,0.0,tail_fuzzy_name,low,0.8125
2000,2000,LINCOLN,17 CO HWY GAR TH,5230,000007,0.0,tail_fuzzy_name,low,0.8125
2000,2000,LINCOLN,17 CO HWY GAR TH,5230,000011,0.0,tail_fuzzy_name,low,0.8125
2000,2000,LINCOLN,17 CO HWY GAR TH,5230,000009,0.0,tail_fuzzy_name,low,0.8125
2000,2000,LINCOLN,17 CO HWY GAR TH,5230,000019,0.0,tail_fuzzy_name,low,0.8125
2000,2000,LINCOLN,17 CO HWY GAR TH,5230,000013,0.0,tail_fuzzy_name,low,0.8125
2000,2000,LINCOLN,17 CO HWY GAR TH,5230,000016,0.0,tail_fuzzy_name,low,0.8125
2000,2000,LINCOLN,17 CO HWY GAR TH,5230,000008,0.0,tail_fuzzy_name,low,0.8125
2000,2000,LINCOLN,26 LINCOLN COMM,5256,000013,1.0,tail_fuzzy_name,low,0.827586
2000,2000,LINCOLN,26 LINCOLN COMM,5256,000009,0.0,tail_fuzzy_name,low,0.827586
2000,2000,LINCOLN,26 LINCOLN COMM,5256,000019,0.0,tail_fuzzy_name,low,0.827586
2000,2000,LINCOLN,26 LINCOLN COMM,5256,000008,0.0,tail_fuzzy_name,low,0.827586
2000,2000,LINCOLN,26 LINCOLN COMM,5256,000006,0.0,tail_fuzzy_name,low,0.827586
2000,2000,LINCOLN,26 LINCOLN COMM,5256,000012,0.0,tail_fuzzy_name,low,0.827586
2000,2000,LINCOLN,26 LINCOLN COMM,5256,000011,0.0,tail_fuzzy_name,low,0.827586
2000,2000,LINCOLN,26 LINCOLN COMM,5256,000014,0.0,tail_fuzzy_name,low,0.827586
2000,2000,LINCOLN,26 LINCOLN COMM,5256,000020,0.0,tail_fuzzy_name,low,0.827586
2000,2000,LOUDON,08 LENOIR CITY EA,5308,005460,0.92176262,tail_fuzzy_name,low,0.9
2000,2000,LOUDON,08 LENOIR CITY EA,5308,005461,0.07745524,tail_fuzzy_name,low,0.9
2000,2000,LOUDON,08 LENOIR CITY EA,5308,005462,0.00078214,tail_fuzzy_name,low,0.9
2000,2000,LOUDON,08 LENOIR CITY EA,5308,005463,0.0,tail_fuzzy_name,low,0.9
2000,2000,LOUDON,08 LENOIR CITY EA,5308,005457,0.0,tail_fuzzy_name,low,0.9
2000,2000,LOUDON,08 LENOIR CITY EA,5308,005458,0.0,tail_fuzzy_name,low,0.9
2000,2000,LOUDON,08 LENOIR CITY EA,5308,005459,0.0,tail_fuzzy_name,low,0.9
2000,2000,LOUDON,08 LENOIR CITY EA,5308,005465,0.0,tail_fuzzy_name,low,0.9
2000,2000,LOUDON,08 LENOIR CITY EA,5308,005464,0.0,tail_fuzzy_name,low,0.9
2000,2000,LOUDON,08 LENOIR CITY EA,5308,005455,0.0,tail_fuzzy_name,low,0.9
2000,2000,LOUDON,08 LENOIR CITY EA,5308,005452,0.0,tail_fuzzy_name,low,0.9
2000,2000,LOUDON,08 LENOIR CITY EA,5308,005456,0.0,tail_fuzzy_name,low,0.9
2000,2000,LOUDON,08 LENOIR CITY EA,5308,005453,0.0,tail_fuzzy_name,low,0.9
2000,2000,LOUDON,09 LENOIR CITY OU,5312,005461,0.98951477,tail_fuzzy_name,low,0.782609
2000,2000,LOUDON,09 LENOIR CITY OU,5312,005460,0.01048021,tail_fuzzy_name,low,0.782609
2000,2000,LOUDON,09 LENOIR CITY OU,5312,005462,5.02e-06,tail_fuzzy_name,low,0.782609
2000,2000,LOUDON,09 LENOIR CITY OU,5312,005458,0.0,tail_fuzzy_name,low,0.782609
2000,2000,LOUDON,09 LENOIR CITY OU,5312,005463,0.0,tail_fuzzy_name,low,0.782609
2000,2000,LOUDON,09 LENOIR CITY OU,5312,005457,0.0,tail_fuzzy_name,low,0.782609
2000,2000,LOUDON,09 LENOIR CITY OU,5312,005465,0.0,tail_fuzzy_name,low,0.782609
2000,2000,LOUDON,09 LENOIR CITY OU,5312,005452,0.0,tail_fuzzy_name,low,0.782609
2000,2000,LOUDON,10 LENOIR CITY WE,5316,005460,0.98710892,tail_fuzzy_name,low,0.9
2000,2000,LOUDON,10 LENOIR CITY WE,5316,005461,0.0109156,tail_fuzzy_name,low,0.9
2000,2000,LOUDON,10 LENOIR CITY WE,5316,005462,0.00197547,tail_fuzzy_name,low,0.9
2000,2000,LOUDON,10 LENOIR CITY WE,5316,005459,0.0,tail_fuzzy_name,low,0.9
2000,2000,LOUDON,10 LENOIR CITY WE,5316,005465,0.0,tail_fuzzy_name,low,0.9
2000,2000,LOUDON,10 LENOIR CITY WE,5316,005457,0.0,tail_fuzzy_name,low,0.9
2000,2000,LOUDON,10 LENOIR CITY WE,5316,005464,0.0,tail_fuzzy_name,low,0.9
2000,2000,LOUDON,10 LENOIR CITY WE,5316,005463,0.0,tail_fuzzy_name,low,0.9
2000,2000,LOUDON,10 LENOIR CITY WE,5316,005458,0.0,tail_fuzzy_name,low,0.9
2000,2000,LOUDON,10 LENOIR CITY WE,5316,005455,0.0,tail_fuzzy_name,low,0.9
2000,2000,LOUDON,10 LENOIR CITY WE,5316,005452,0.0,tail_fuzzy_name,low,0.9
2000,2000,LOUDON,10 LENOIR CITY WE,5316,005453,0.0,tail_fuzzy_name,low,0.9
2000,2000,LOUDON,10 LENOIR CITY WE,5316,005456,0.0,tail_fuzzy_name,low,0.9
2000,2000,LOUDON,10 LENOIR CITY WE,5316,005454,0.0,tail_fuzzy_name,low,0.9
2000,2000,LOUDON,10 LENOIR CITY WE,5316,005451,0.0,tail_fuzzy_name,low,0.9
2000,2000,LOUDON,12 LOUDON OUTSID,5324,005452,0.57487645,tail_fuzzy_name,low,0.962963
2000,2000,LOUDON,12 LOUDON OUTSID,5324,005454,0.19229367,tail_fuzzy_name,low,0.962963
2000,2000,LOUDON,12 LOUDON OUTSID,5324,005451,0.17950619,tail_fuzzy_name,low,0.962963
2000,2000,LOUDON,12 LOUDON OUTSID,5324,005459,0.03283381,tail_fuzzy_name,low,0.962963
2000,2000,LOUDON,12 LOUDON OUTSID,5324,005453,0.02011464,tail_fuzzy_name,low,0.962963
2000,2000,LOUDON,12 LOUDON OUTSID,5324,005465,0.00037524,tail_fuzzy_name,low,0.962963
2000,2000,LOUDON,12 LOUDON OUTSID,5324,005462,0.0,tail_fuzzy_name,low,0.962963
2000,2000,LOUDON,12 LOUDON OUTSID,5324,005463,0.0,tail_fuzzy_name,low,0.962963
2000,2000,LOUDON,12 LOUDON OUTSID,5324,005455,0.0,tail_fuzzy_name,low,0.962963
2000,2000,LOUDON,12 LOUDON OUTSID,5324,005458,0.0,tail_fuzzy_name,low,0.962963
2000,2000,LOUDON,12 LOUDON OUTSID,5324,005461,0.0,tail_fuzzy_name,low,0.962963
2000,2000,LOUDON,16 TELLICO VILLAG,5338,005464,0.35205327,tail_fuzzy_name,low,0.965517
2000,2000,LOUDON,16 TELLICO VILLAG,5338,005465,0.33013062,tail_fuzzy_name,low,0.965517
2000,2000,LOUDON,16 TELLICO VILLAG,5338,005455,0.3178161,tail_fuzzy_name,low,0.965517
2000,2000,LOUDON,16 TELLICO VILLAG,5338,005456,0.0,tail_fuzzy_name,low,0.965517
2000,2000,LOUDON,16 TELLICO VILLAG,5338,005457,0.0,tail_fuzzy_name,low,0.965517
2000,2000,LOUDON,16 TELLICO VILLAG,5338,005459,0.0,tail_fuzzy_name,low,0.965517
2000,2000,LOUDON,16 TELLICO VILLAG,5338,005452,0.0,tail_fuzzy_name,low,0.965517
2000,2000,LOUDON,16 TELLICO VILLAG,5338,006354,0.0,tail_fuzzy_name,low,0.965517
2000,2000,LOUDON,16 TELLICO VILLAG,5338,006357,0.0,tail_fuzzy_name,low,0.965517
2000,2000,LOUDON,16 TELLICO VILLAG,5338,006358,0.0,tail_fuzzy_name,low,0.965517
2000,2000,LOUDON,16 TELLICO VILLAG,5338,005453,0.0,tail_fuzzy_name,low,0.965517
2000,2000,LOUDON,16 TELLICO VILLAG,5338,005458,0.0,tail_fuzzy_name,low,0.965517
2000,2000,LOUDON,16 TELLICO VILLAG,5338,005460,0.0,tail_fuzzy_name,low,0.965517
2000,2000,LOUDON,16 TELLICO VILLAG,5338,005454,0.0,tail_fuzzy_name,low,0.965517
2000,2000,LOUDON,16 TELLICO VILLAG,5338,006351,0.0,tail_fuzzy_name,low,0.965517
2000,2000,LOUDON,16 TELLICO VILLAG,5338,005462,0.0,tail_fuzzy_name,low,0.965517
2000,2000,LOUDON,16 TELLICO VILLAG,5338,005451,0.0,tail_fuzzy_name,low,0.965517
2000,2000,LOUDON,16 TELLICO VILLAG,5338,006363,0.0,tail_fuzzy_name,low,0.965517
2000,2000,MARION,01 SOUTH PITTSBUR,5580,005764,0.9835656,tail_fuzzy_name,low,0.965517
2000,2000,MARION,01 SOUTH PITTSBUR,5580,005758,0.00829195,tail_fuzzy_name,low,0.965517
2000,2000,MARION,01 SOUTH PITTSBUR,5580,005755,0.00809453,tail_fuzzy_name,low,0.965517
2000,2000,MARION,01 SOUTH PITTSBUR,5580,005763,4.184e-05,tail_fuzzy_name,low,0.965517
2000,2000,MARION,01 SOUTH PITTSBUR,5580,005756,5.01e-06,tail_fuzzy_name,low,0.965517
2000,2000,MARION,01 SOUTH PITTSBUR,5580,005754,1.06e-06,tail_fuzzy_name,low,0.965517
2000,2000,MARION,01 SOUTH PITTSBUR,5580,005759,0.0,tail_fuzzy_name,low,0.965517
2000,2000,MARION,01 SOUTH PITTSBUR,5580,005753,0.0,tail_fuzzy_name,low,0.965517
2000,2000,MARION,01 SOUTH PITTSBUR,5580,005757,0.0,tail_fuzzy_name,low,0.965517
2000,2000,MARION,11 HALETOWN LAD,5602,005753,0.99433044,tail_fuzzy_name,low,0.923077
2000,2000,MARION,11 HALETOWN LAD,5602,005762,0.00566956,tail_fuzzy_name,low,0.923077
2000,2000,MARION,11 HALETOWN LAD,5602,005763,0.0,tail_fuzzy_name,low,0.923077
2000,2000,MARION,11 HALETOWN LAD,5602,005758,0.0,tail_fuzzy_name,low,0.923077
2000,2000,MARION,11 HALETOWN LAD,5602,005754,0.0,tail_fuzzy_name,low,0.923077
2000,2000,MARION,11 HALETOWN LAD,5602,005751,0.0,tail_fuzzy_name,low,0.923077
2000,2000,MARION,11 HALETOWN LAD,5602,005761,0.0,tail_fuzzy_name,low,0.923077
2000,2000,MARION,11 HALETOWN LAD,5602,005755,0.0,tail_fuzzy_name,low,0.923077
2000,2000,MARION,11 HALETOWN LAD,5602,003421,0.0,tail_fuzzy_name,low,0.923077
2000,2000,MARION,11 HALETOWN LAD,5602,005765,0.0,tail_fuzzy_name,low,0.923077
2000,2000,MARION,11 HALETOWN LAD,5602,005764,0.0,tail_fuzzy_name,low,0.923077
2000,2000,MARION,11 HALETOWN LAD,5602,005760,0.0,tail_fuzzy_name,low,0.923077
2000,2000,MARION,11 HALETOWN LAD,5602,005752,0.0,tail_fuzzy_name,low,0.923077
2000,2000,MARION,22 MINERAL SPRING,5649,005762,0.80523012,tail_fuzzy_name,low,0.875
2000,2000,MARION,22 MINERAL SPRING,5649,005761,0.11774038,tail_fuzzy_name,low,0.875
2000,2000,MARION,22 MINERAL SPRING,5649,005754,0.07678749,tail_fuzzy_name,low,0.875
2000,2000,MARION,22 MINERAL SPRING,5649,005763,0.00024201,tail_fuzzy_name,low,0.875
2000,2000,MARION,22 MINERAL SPRING,5649,005765,0.0,tail_fuzzy_name,low,0.875
2000,2000,MARION,22 MINERAL SPRING,5649,005753,0.0,tail_fuzzy_name,low,0.875
2000,2000,MARION,22 MINERAL SPRING,5649,005760,0.0,tail_fuzzy_name,low,0.875
2000,2000,MARION,22 MINERAL SPRING,5649,005751,0.0,tail_fuzzy_name,low,0.875
2000,2000,MARION,22 MINERAL SPRING,5649,005752,0.0,tail_fuzzy_name,low,0.875
2000,2000,MARION,22 MINERAL SPRING,5649,005766,0.0,tail_fuzzy_name,low,0.875
2000,2000,MARION,22 MINERAL SPRING,5649,005755,0.0,tail_fuzzy_name,low,0.875
2000,2000,MARION,22 MINERAL SPRING,5649,005767,0.0,tail_fuzzy_name,low,0.875
2000,2000,MARION,24 ELDER MOUNTAI,5652,005751,0.93669705,tail_fuzzy_name,low,0.962963
2000,2000,MARION,24 ELDER MOUNTAI,5652,003421,0.06330295,tail_fuzzy_name,low,0.962963
2000,2000,MARION,24 ELDER MOUNTAI,5652,005762,0.0,tail_fuzzy_name,low,0.962963
2000,2000,MARION,24 ELDER MOUNTAI,5652,005753,0.0,tail_fuzzy_name,low,0.962963
2000,2000,MARION,24 ELDER MOUNTAI,5652,005761,0.0,tail_fuzzy_name,low,0.962963
2000,2000,MARION,24 ELDER MOUNTAI,5652,005765,0.0,tail_fuzzy_name,low,0.962963
2000,2000,MARION,24 ELDER MOUNTAI,5652,005754,0.0,tail_fuzzy_name,low,0.962963
2000,2000,MARION,24 ELDER MOUNTAI,5652,005760,0.0,tail_fuzzy_name,low,0.962963
2000,2000,MARION,24 ELDER MOUNTAI,5652,005763,0.0,tail_fuzzy_name,low,0.962963
2000,2000,MARION,24 ELDER MOUNTAI,5652,005758,0.0,tail_fuzzy_name,low,0.962963
2000,2000,MARION,28 POWELLS CROS,5674,005760,0.96621371,tail_fuzzy_name,low,0.8
2000,2000,MARION,28 POWELLS CROS,5674,005766,0.03378629,tail_fuzzy_name,low,0.8
2000,2000,MARION,28 POWELLS CROS,5674,005767,0.0,tail_fuzzy_name,low,0.8
2000,2000,MARION,28 POWELLS CROS,5674,005765,0.0,tail_fuzzy_name,low,0.8
2000,2000,MARION,28 POWELLS CROS,5674,005762,0.0,tail_fuzzy_name,low,0.8
2000,2000,MARION,28 POWELLS CROS,5674,005761,0.0,tail_fuzzy_name,low,0.8
2000,2000,MARION,28 POWELLS CROS,5674,005752,0.0,tail_fuzzy_name,low,0.8
2000,2000,MARION,28 POWELLS CROS,5674,005754,0.0,tail_fuzzy_name,low,0.8
2000,2000,MARION,28 POWELLS CROS,5674,005753,0.0,tail_fuzzy_name,low,0.8
2000,2000,MARION,28 POWELLS CROS,5674,005751,0.0,tail_fuzzy_name,low,0.8
2000,2000,MAURY,002 WEST END BAP,5824,005958,0.76843847,tail_fuzzy_name,low,0.857143
2000,2000,MAURY,002 WEST END BAP,5824,005963,0.16080863,tail_fuzzy_name,low,0.857143
2000,2000,MAURY,002 WEST END BAP,5824,005959,0.04110627,tail_fuzzy_name,low,0.857143
2000,2000,MAURY,002 WEST END BAP,5824,005966,0.0233209,tail_fuzzy_name,low,0.857143
2000,2000,MAURY,002 WEST END BAP,5824,005964,0.00629327,tail_fuzzy_name,low,0.857143
2000,2000,MAURY,002 WEST END BAP,5824,005953,3.246e-05,tail_fuzzy_name,low,0.857143
2000,2000,MAURY,002 WEST END BAP,5824,005956,0.0,tail_fuzzy_name,low,0.857143
2000,2000,MAURY,002 WEST END BAP,5824,005967,0.0,tail_fuzzy_name,low,0.857143
2000,2000,MAURY,002 WEST END BAP,5824,005957,0.0,tail_fuzzy_name,low,0.857143
2000,2000,MAURY,002 WEST END BAP,5824,005970,0.0,tail_fuzzy_name,low,0.857143
2000,2000,MAURY,002 WEST END BAP,5824,005960,0.0,tail_fuzzy_name,low,0.857143
2000,2000,MAURY,002 WEST END BAP,5824,005952,0.0,tail_fuzzy_name,low,0.857143
2000,2000,MAURY,002 WEST END BAP,5824,005965,0.0,tail_fuzzy_name,low,0.857143
2000,2000,MAURY,002 WEST END BAP,5824,005954,0.0,tail_fuzzy_name,low,0.857143
2000,2000,MAURY,002 WEST END BAP,5824,005971,0.0,tail_fuzzy_name,low,0.857143
2000,2000,MAURY,013 HAMPSHIRE TH,5808,005962,0.9228608,tail_fuzzy_name,low,0.857143
2000,2000,MAURY,013 HAMPSHIRE TH,5808,005961,0.0771392,tail_fuzzy_name,low,0.857143
2000,2000,MAURY,013 HAMPSHIRE TH,5808,005953,0.0,tail_fuzzy_name,low,0.857143
2000,2000,MAURY,013 HAMPSHIRE TH,5808,005956,0.0,tail_fuzzy_name,low,0.857143
2000,2000,MAURY,013 HAMPSHIRE TH,5808,005968,0.0,tail_fuzzy_name,low,0.857143
2000,2000,MAURY,013 HAMPSHIRE TH,5808,005964,0.0,tail_fuzzy_name,low,0.857143
2000,2000,MAURY,014 ST CATHERINE,5796,005953,0.65440668,tail_fuzzy_name,low,0.820513
2000,2000,MAURY,014 ST CATHERINE,5796,005962,0.20152505,tail_fuzzy_name,low,0.820513
2000,2000,MAURY,014 ST CATHERINE,5796,005956,0.1119988,tail_fuzzy_name,low,0.820513
2000,2000,MAURY,014 ST CATHERINE,5796,005961,0.03206947,tail_fuzzy_name,low,0.820513
2000,2000,MAURY,014 ST CATHERINE,5796,005964,0.0,tail_fuzzy_name,low,0.820513
2000,2000,MAURY,014 ST CATHERINE,5796,005968,0.0,tail_fuzzy_name,low,0.820513
2000,2000,MAURY,014 ST CATHERINE,5796,005960,0.0,tail_fuzzy_name,low,0.820513
2000,2000,MAURY,014 ST CATHERINE,5796,005966,0.0,tail_fuzzy_name,low,0.820513
2000,2000,MAURY,014 ST CATHERINE,5796,005963,0.0,tail_fuzzy_name,low,0.820513
2000,2000,MAURY,015 WILLIAMSPORT,5878,005953,0.52201088,tail_fuzzy_name,low,0.774194
2000,2000,MAURY,015 WILLIAMSPORT,5878,005954,0.47738245,tail_fuzzy_name,low,0.774194
2000,2000,MAURY,015 WILLIAMSPORT,5878,004208,0.00054423,tail_fuzzy_name,low,0.774194
2000,2000,MAURY,015 WILLIAMSPORT,5878,004210,6.245e-05,tail_fuzzy_name,low,0.774194
2000,2000,MAURY,015 WILLIAMSPORT,5878,005958,0.0,tail_fuzzy_name,low,0.774194
2000,2000,MAURY,015 WILLIAMSPORT,5878,005962,0.0,tail_fuzzy_name,low,0.774194
2000,2000,MAURY,015 WILLIAMSPORT,5878,005952,0.0,tail_fuzzy_name,low,0.774194
2000,2000,MAURY,015 WILLIAMSPORT,5878,005961,0.0,tail_fuzzy_name,low,0.774194
2000,2000,MAURY,015 WILLIAMSPORT,5878,004206,0.0,tail_fuzzy_name,low,0.774194
2000,2000,MAURY,015 WILLIAMSPORT,5878,005956,0.0,tail_fuzzy_name,low,0.774194
2000,2000,MAURY,015 WILLIAMSPORT,5878,005967,0.0,tail_fuzzy_name,low,0.774194
2000,2000,MAURY,015 WILLIAMSPORT,5878,004204,0.0,tail_fuzzy_name,low,0.774194
2000,2000,MAURY,015 WILLIAMSPORT,5878,004207,0.0,tail_fuzzy_name,low,0.774194
2000,2000,MAURY,015 WILLIAMSPORT,5878,004203,0.0,tail_fuzzy_name,low,0.774194
2000,2000,MAURY,021 PLEASANT HEIG,5842,005964,0.70137897,tail_fuzzy_name,low,0.896552
2000,2000,MAURY,021 PLEASANT HEIG,5842,005960,0.29862103,tail_fuzzy_name,low,0.896552
2000,2000,MAURY,021 PLEASANT HEIG,5842,005956,0.0,tail_fuzzy_name,low,0.896552
2000,2000,MAURY,021 PLEASANT HEIG,5842,005953,0.0,tail_fuzzy_name,low,0.896552
2000,2000,MAURY,021 PLEASANT HEIG,5842,005961,0.0,tail_fuzzy_name,low,0.896552
2000,2000,MAURY,021 PLEASANT HEIG,5842,005959,0.0,tail_fuzzy_name,low,0.896552
2000,2000,MAURY,021 PLEASANT HEIG,5842,005962,0.0,tail_fuzzy_name,low,0.896552
2000,2000,MAURY,021 PLEASANT HEIG,5842,005968,0.0,tail_fuzzy_name,low,0.896552
2000,2000,MAURY,021 PLEASANT HEIG,5842,005963,0.0,tail_fuzzy_name,low,0.896552
2000,2000,MAURY,021 PLEASANT HEIG,5842,005966,0.0,tail_fuzzy_name,low,0.896552
2000,2000,MAURY,021 PLEASANT HEIG,5842,005958,0.0,tail_fuzzy_name,low,0.896552
2000,2000,MAURY,021 PLEASANT HEIG,5842,005969,0.0,tail_fuzzy_name,low,0.896552
2000,2000,MAURY,022 PORTERS CHAP,5844,005968,0.42906994,tail_fuzzy_name,low,0.923077
2000,2000,MAURY,022 PORTERS CHAP,5844,005964,0.33111266,tail_fuzzy_name,low,0.923077
2000,2000,MAURY,022 PORTERS CHAP,5844,005961,0.23840642,tail_fuzzy_name,low,0.923077
2000,2000,MAURY,022 PORTERS CHAP,5844,005956,0.00099708,tail_fuzzy_name,low,0.923077
2000,2000,MAURY,022 PORTERS CHAP,5844,005962,0.00036327,tail_fuzzy_name,low,0.923077
2000,2000,MAURY,022 PORTERS CHAP,5844,005953,5.062e-05,tail_fuzzy_name,low,0.923077
2000,2000,MAURY,022 PORTERS CHAP,5844,005960,0.0,tail_fuzzy_name,low,0.923077
2000,2000,MAURY,022 PORTERS CHAP,5844,005966,0.0,tail_fuzzy_name,low,0.923077
2000,2000,MAURY,022 PORTERS CHAP,5844,005963,0.0,tail_fuzzy_name,low,0.923077
2000,2000,MAURY,022 PORTERS CHAP,5844,005959,0.0,tail_fuzzy_name,low,0.923077
2000,2000,MAURY,022 PORTERS CHAP,5844,005969,0.0,tail_fuzzy_name,low,0.923077
2000,2000,MAURY,022 PORTERS CHAP,5844,005958,0.0,tail_fuzzy_name,low,0.923077
2000,2000,MAURY,023 LIBRARY TH 64,5814,005961,0.99307441,tail_fuzzy_name,low,0.962963
2000,2000,MAURY,023 LIBRARY TH 64,5814,005956,0.00489407,tail_fuzzy_name,low,0.962963
2000,2000,MAURY,023 LIBRARY TH 64,5814,005962,0.00178308,tail_fuzzy_name,low,0.962963
2000,2000,MAURY,023 LIBRARY TH 64,5814,005953,0.00024844,tail_fuzzy_name,low,0.962963
2000,2000,MAURY,023 LIBRARY TH 64,5814,005968,0.0,tail_fuzzy_name,low,0.962963
2000,2000,MAURY,023 LIBRARY TH 64,5814,005964,0.0,tail_fuzzy_name,low,0.962963
2000,2000,MAURY,023 LIBRARY TH 64,5814,005960,0.0,tail_fuzzy_name,low,0.962963
2000,2000,MAURY,023 LIBRARY TH 64,5814,005966,0.0,tail_fuzzy_name,low,0.962963
2000,2000,MAURY,023 LIBRARY TH 64,5814,005963,0.0,tail_fuzzy_name,low,0.962963
2000,2000,MAURY,025 HAMPSHIRE TH,5808,005962,0.9228608,tail_fuzzy_name,low,0.857143
2000,2000,MAURY,025 HAMPSHIRE TH,5808,005961,0.0771392,tail_fuzzy_name,low,0.857143
2000,2000,MAURY,025 HAMPSHIRE TH,5808,005953,0.0,tail_fuzzy_name,low,0.857143
2000,2000,MAURY,025 HAMPSHIRE TH,5808,005956,0.0,tail_fuzzy_name,low,0.857143
2000,2000,MAURY,025 HAMPSHIRE TH,5808,005968,0.0,tail_fuzzy_name,low,0.857143
2000,2000,MAURY,025 HAMPSHIRE TH,5808,005964,0.0,tail_fuzzy_name,low,0.857143
2000,2000,MAURY,026 ST CATHERINE,5796,005953,0.65440668,tail_fuzzy_name,low,0.820513
2000,2000,MAURY,026 ST CATHERINE,5796,005962,0.20152505,tail_fuzzy_name,low,0.820513
2000,2000,MAURY,026 ST CATHERINE,5796,005956,0.1119988,tail_fuzzy_name,low,0.820513
2000,2000,MAURY,026 ST CATHERINE,5796,005961,0.03206947,tail_fuzzy_name,low,0.820513
2000,2000,MAURY,026 ST CATHERINE,5796,005964,0.0,tail_fuzzy_name,low,0.820513
2000,2000,MAURY,026 ST CATHERINE,5796,005968,0.0,tail_fuzzy_name,low,0.820513
2000,2000,MAURY,026 ST CATHERINE,5796,005960,0.0,tail_fuzzy_name,low,0.820513
2000,2000,MAURY,026 ST CATHERINE,5796,005966,0.0,tail_fuzzy_name,low,0.820513
2000,2000,MAURY,026 ST CATHERINE,5796,005963,0.0,tail_fuzzy_name,low,0.820513
2000,2000,MAURY,027 WILLIAMSPORT,5878,005953,0.52201088,tail_fuzzy_name,low,0.774194
2000,2000,MAURY,027 WILLIAMSPORT,5878,005954,0.47738245,tail_fuzzy_name,low,0.774194
2000,2000,MAURY,027 WILLIAMSPORT,5878,004208,0.00054423,tail_fuzzy_name,low,0.774194
2000,2000,MAURY,027 WILLIAMSPORT,5878,004210,6.245e-05,tail_fuzzy_name,low,0.774194
2000,2000,MAURY,027 WILLIAMSPORT,5878,005958,0.0,tail_fuzzy_name,low,0.774194
2000,2000,MAURY,027 WILLIAMSPORT,5878,005962,0.0,tail_fuzzy_name,low,0.774194
2000,2000,MAURY,027 WILLIAMSPORT,5878,005952,0.0,tail_fuzzy_name,low,0.774194
2000,2000,MAURY,027 WILLIAMSPORT,5878,005961,0.0,tail_fuzzy_name,low,0.774194
2000,2000,MAURY,027 WILLIAMSPORT,5878,004206,0.0,tail_fuzzy_name,low,0.774194
2000,2000,MAURY,027 WILLIAMSPORT,5878,005956,0.0,tail_fuzzy_name,low,0.774194
2000,2000,MAURY,027 WILLIAMSPORT,5878,005967,0.0,tail_fuzzy_name,low,0.774194
2000,2000,MAURY,027 WILLIAMSPORT,5878,004204,0.0,tail_fuzzy_name,low,0.774194
2000,2000,MAURY,027 WILLIAMSPORT,5878,004207,0.0,tail_fuzzy_name,low,0.774194
2000,2000,MAURY,027 WILLIAMSPORT,5878,004203,0.0,tail_fuzzy_name,low,0.774194
2000,2000,MAURY,028 LIBRARY TH 70,5816,005961,0.99307441,tail_fuzzy_name,low,0.962963
2000,2000,MAURY,028 LIBRARY TH 70,5816,005956,0.00489407,tail_fuzzy_name,low,0.962963
2000,2000,MAURY,028 LIBRARY TH 70,5816,005962,0.00178308,tail_fuzzy_name,low,0.962963
2000,2000,MAURY,028 LIBRARY TH 70,5816,005953,0.00024844,tail_fuzzy_name,low,0.962963
2000,2000,MAURY,028 LIBRARY TH 70,5816,005968,0.0,tail_fuzzy_name,low,0.962963
2000,2000,MAURY,028 LIBRARY TH 70,5816,005964,0.0,tail_fuzzy_name,low,0.962963
2000,2000,PERRY,301 COON CREEK,6516,006953,0.98555932,tail_fuzzy_name,low,0.740741
2000,2000,PERRY,301 COON CREEK,6516,006955,0.00702081,tail_fuzzy_name,low,0.740741
2000,2000,PERRY,301 COON CREEK,6516,006957,0.00546274,tail_fuzzy_name,low,0.740741
2000,2000,PERRY,301 COON CREEK,6516,006959,0.00195713,tail_fuzzy_name,low,0.740741
2000,2000,PERRY,301 COON CREEK,6516,006954,0.0,tail_fuzzy_name,low,0.740741
2000,2000,PERRY,301 COON CREEK,6516,006958,0.0,tail_fuzzy_name,low,0.740741
2000,2000,PERRY,301 COON CREEK,6516,006960,0.0,tail_fuzzy_name,low,0.740741
2000,2000,PERRY,301 COON CREEK,6516,006956,0.0,tail_fuzzy_name,low,0.740741
2000,2000,PERRY,301 COON CREEK,6516,006951,0.0,tail_fuzzy_name,low,0.740741
2000,2000,PERRY,301 COON CREEK,6516,006952,0.0,tail_fuzzy_name,low,0.740741
2000,2000,PERRY,401 CHESTNUT GRO,6528,006957,0.89361481,tail_fuzzy_name,low,0.923077
2000,2000,PERRY,401 CHESTNUT GRO,6528,006955,0.1063392,tail_fuzzy_name,low,0.923077
2000,2000,PERRY,401 CHESTNUT GRO,6528,006953,3.517e-05,tail_fuzzy_name,low,0.923077
2000,2000,PERRY,401 CHESTNUT GRO,6528,006956,1.082e-05,tail_fuzzy_name,low,0.923077
2000,2000,PERRY,401 CHESTNUT GRO,6528,006952,0.0,tail_fuzzy_name,low,0.923077
2000,2000,PERRY,401 CHESTNUT GRO,6528,006960,0.0,tail_fuzzy_name,low,0.923077
2000,2000,PERRY,401 CHESTNUT GRO,6528,006951,0.0,tail_fuzzy_name,low,0.923077
2000,2000,PERRY,401 CHESTNUT GRO,6528,006958,0.0,tail_fuzzy_name,low,0.923077
2000,2000,PERRY,401 CHESTNUT GRO,6528,006954,0.0,tail_fuzzy_name,low,0.923077
2000,2000,PERRY,401 CHESTNUT GRO,6528,006959,0.0,tail_fuzzy_name,low,0.923077
2000,2000,PERRY,403 LOBELVILLE SC,6544,006956,0.81529232,tail_fuzzy_name,low,0.869565
2000,2000,PERRY,403 LOBELVILLE SC,6544,006951,0.18362675,tail_fuzzy_name,low,0.869565
2000,2000,PERRY,403 LOBELVILLE SC,6544,006952,0.00108093,tail_fuzzy_name,low,0.869565
2000,2000,PERRY,403 LOBELVILLE SC,6544,006957,0.0,tail_fuzzy_name,low,0.869565
2000,2000,PERRY,403 LOBELVILLE SC,6544,006955,0.0,tail_fuzzy_name,low,0.869565
2000,2000,PERRY,403 LOBELVILLE SC,6544,006960,0.0,tail_fuzzy_name,low,0.869565
2000,2000,PERRY,403 LOBELVILLE SC,6544,006953,0.0,tail_fuzzy_name,low,0.869565
2000,2000,PERRY,403 LOBELVILLE SC,6544,006958,0.0,tail_fuzzy_name,low,0.869565
2000,2000,PERRY,403 LOBELVILLE SC,6544,006954,0.0,tail_fuzzy_name,low,0.869565
2000,2000,PICKETT,07 MOODYVL,6580,007056,0.96556701,tail_fuzzy_name,low,0.823529
2000,2000,PICKETT,07 MOODYVL,6580,007053,0.03197478,tail_fuzzy_name,low,0.823529
2000,2000,PICKETT,07 MOODYVL,6580,007055,0.00243234,tail_fuzzy_name,low,0.823529
2000,2000,PICKETT,07 MOODYVL,6580,002559,2.588e-05,tail_fuzzy_name,low,0.823529
2000,2000,PICKETT,07 MOODYVL,6580,002560,0.0,tail_fuzzy_name,low,0.823529
2000,2000,PICKETT,07 MOODYVL,6580,007054,0.0,tail_fuzzy_name,low,0.823529
2000,2000,PICKETT,07 MOODYVL,6580,007058,0.0,tail_fuzzy_name,low,0.823529
2000,2000,PICKETT,07 MOODYVL,6580,007057,0.0,tail_fuzzy_name,low,0.823529
2000,2000,PICKETT,07 MOODYVL,6580,007051,0.0,tail_fuzzy_name,low,0.823529
2000,2000,PICKETT,07 MOODYVL,6580,002558,0.0,tail_fuzzy_name,low,0.823529
2000,2000,PICKETT,07 MOODYVL,6580,002563,0.0,tail_fuzzy_name,low,0.823529
2000,2000,PICKETT,07 MOODYVL,6580,002555,0.0,tail_fuzzy_name,low,0.823529
2000,2000,PICKETT,07 MOODYVL,6580,007059,0.0,tail_fuzzy_name,low,0.823529
2000,2000,PICKETT,07 MOODYVL,6580,002562,0.0,tail_fuzzy_name,low,0.823529
2000,2000,PICKETT,07 MOODYVL,6580,007052,0.0,tail_fuzzy_name,low,0.823529
2000,2000,PICKETT,09 TRAVISVL,6588,007055,0.99995406,tail_fuzzy_name,low,0.842105
2000,2000,PICKETT,09 TRAVISVL,6588,007053,4.594e-05,tail_fuzzy_name,low,0.842105
2000,2000,PICKETT,09 TRAVISVL,6588,007056,0.0,tail_fuzzy_name,low,0.842105
2000,2000,PICKETT,09 TRAVISVL,6588,007054,0.0,tail_fuzzy_name,low,0.842105
2000,2000,PICKETT,09 TRAVISVL,6588,007051,0.0,tail_fuzzy_name,low,0.842105
2000,2000,PICKETT,09 TRAVISVL,6588,007058,0.0,tail_fuzzy_name,low,0.842105
2000,2000,PICKETT,09 TRAVISVL,6588,007057,0.0,tail_fuzzy_name,low,0.842105
2000,2000,PUTNAM,ALGOOD IN,6652,007252,1.0,tail_fuzzy_name,low,0.818182
2000,2000,PUTNAM,ALGOOD IN,6652,007254,0.0,tail_fuzzy_name,low,0.818182
2000,2000,PUTNAM,ALGOOD IN,6652,007251,0.0,tail_fuzzy_name,low,0.818182
2000,2000,PUTNAM,ALGOOD IN,6652,007255,0.0,tail_fuzzy_name,low,0.818182
2000,2000,PUTNAM,ALGOOD IN,6652,007253,0.0,tail_fuzzy_name,low,0.818182
2000,2000,PUTNAM,ALGOOD IN,6652,007261,0.0,tail_fuzzy_name,low,0.818182
2000,2000,PUTNAM,ALGOOD IN,6652,007275,0.0,tail_fuzzy_name,low,0.818182
2000,2000,PUTNAM,ALGOOD IN,6652,006857,0.0,tail_fuzzy_name,low,0.818182
2000,2000,PUTNAM,ALGOOD IN,6652,007256,0.0,tail_fuzzy_name,low,0.818182
2000,2000,PUTNAM,ALGOOD IN,6652,006855,0.0,tail_fuzzy_name,low,0.818182
2000,2000,PUTNAM,ALGOOD IN,6652,007257,0.0,tail_fuzzy_name,low,0.818182
2000,2000,PUTNAM,ALGOOD IN,6652,007260,0.0,tail_fuzzy_name,low,0.818182
2000,2000,PUTNAM,ALGOOD IN,6652,007266,0.0,tail_fuzzy_name,low,0.818182
2000,2000,PUTNAM,ALGOOD IN,6652,007262,0.0,tail_fuzzy_name,low,0.818182
2000,2000,PUTNAM,ALGOOD IN,6652,007267,0.0,tail_fuzzy_name,low,0.818182
2000,2000,PUTNAM,ALGOOD IN,6652,007274,0.0,tail_fuzzy_name,low,0.818182
2000,2000,PUTNAM,ALGOOD IN,6652,007273,0.0,tail_fuzzy_name,low,0.818182
2000,2000,PUTNAM,ALGOOD IN,6652,006851,0.0,tail_fuzzy_name,low,0.818182
2000,2000,PUTNAM,ALGOOD OUT,6656,007254,0.74272606,tail_fuzzy_name,low,0.833333
2000,2000,PUTNAM,ALGOOD OUT,6656,007253,0.12195804,tail_fuzzy_name,low,0.833333
2000,2000,PUTNAM,ALGOOD OUT,6656,007260,0.0660836,tail_fuzzy_name,low,0.833333
2000,2000,PUTNAM,ALGOOD OUT,6656,007261,0.03503612,tail_fuzzy_name,low,0.833333
2000,2000,PUTNAM,ALGOOD OUT,6656,007252,0.02189631,tail_fuzzy_name,low,0.833333
2000,2000,PUTNAM,ALGOOD OUT,6656,007275,0.0110496,tail_fuzzy_name,low,0.833333
2000,2000,PUTNAM,ALGOOD OUT,6656,007255,0.00083993,tail_fuzzy_name,low,0.833333
2000,2000,PUTNAM,ALGOOD OUT,6656,006857,0.00038495,tail_fuzzy_name,low,0.833333
2000,2000,PUTNAM,ALGOOD OUT,6656,006855,2.54e-05,tail_fuzzy_name,low,0.833333
2000,2000,PUTNAM,ALGOOD OUT,6656,007266,0.0,tail_fuzzy_name,low,0.833333
2000,2000,PUTNAM,ALGOOD OUT,6656,007262,0.0,tail_fuzzy_name,low,0.833333
2000,2000,PUTNAM,ALGOOD OUT,6656,007251,0.0,tail_fuzzy_name,low,0.833333
2000,2000,PUTNAM,ALGOOD OUT,6656,007257,0.0,tail_fuzzy_name,low,0.833333
2000,2000,PUTNAM,ALGOOD OUT,6656,007267,0.0,tail_fuzzy_name,low,0.833333
2000,2000,PUTNAM,ALGOOD OUT,6656,007274,0.0,tail_fuzzy_name,low,0.833333
2000,2000,PUTNAM,ALGOOD OUT,6656,007273,0.0,tail_fuzzy_name,low,0.833333
2000,2000,PUTNAM,ALGOOD OUT,6656,006851,0.0,tail_fuzzy_name,low,0.833333
2000,2000,PUTNAM,ALGOOD OUT,6656,007256,0.0,tail_fuzzy_name,low,0.833333
2000,2000,PUTNAM,ALGOOD OUT,6656,007264,0.0,tail_fuzzy_name,low,0.833333
2000,2000,PUTNAM,MONTEREY CC,6748,007273,0.95931436,tail_fuzzy_name,low,0.75
2000,2000,PUTNAM,MONTEREY CC,6748,007262,0.04068564,tail_fuzzy_name,low,0.75
2000,2000,PUTNAM,MONTEREY CC,6748,007260,0.0,tail_fuzzy_name,low,0.75
2000,2000,PUTNAM,MONTEREY CC,6748,007274,0.0,tail_fuzzy_name,low,0.75
2000,2000,PUTNAM,MONTEREY CC,6748,007275,0.0,tail_fuzzy_name,low,0.75
2000,2000,PUTNAM,MONTEREY CC,6748,007261,0.0,tail_fuzzy_name,low,0.75
2000,2000,PUTNAM,MONTEREY E,6748,007273,0.95931436,tail_fuzzy_name,low,0.869565
2000,2000,PUTNAM,MONTEREY E,6748,007262,0.04068564,tail_fuzzy_name,low,0.869565
2000,2000,PUTNAM,MONTEREY E,6748,007260,0.0,tail_fuzzy_name,low,0.869565
2000,2000,PUTNAM,MONTEREY E,6748,007274,0.0,tail_fuzzy_name,low,0.869565
2000,2000,PUTNAM,MONTEREY E,6748,007275,0.0,tail_fuzzy_name,low,0.869565
2000,2000,PUTNAM,MONTEREY E,6748,007261,0.0,tail_fuzzy_name,low,0.869565
2000,2000,PUTNAM,MONTEREY W,6752,007273,0.95931436,tail_fuzzy_name,low,0.869565
2000,2000,PUTNAM,MONTEREY W,6752,007262,0.04068564,tail_fuzzy_name,low,0.869565
2000,2000,PUTNAM,MONTEREY W,6752,007260,0.0,tail_fuzzy_name,low,0.869565
2000,2000,PUTNAM,MONTEREY W,6752,007274,0.0,tail_fuzzy_name,low,0.869565
2000,2000,PUTNAM,MONTEREY W,6752,007275,0.0,tail_fuzzy_name,low,0.869565
2000,2000,PUTNAM,MONTEREY W,6752,007261,0.0,tail_fuzzy_name,low,0.869565
2000,2000,PUTNAM,MONTEREY W,6752,007255,0.0,tail_fuzzy_name,low,0.869565
2000,2000,PUTNAM,MONTEREY W,6752,007252,0.0,tail_fuzzy_name,low,0.869565
2000,2000,PUTNAM,MONTEREY W,6752,007254,0.0,tail_fuzzy_name,low,0.869565
2000,2000,PUTNAM,MONTEREY W,6752,007266,0.0,tail_fuzzy_name,low,0.869565
2000,2000,PUTNAM,MONTEREY W,6752,007267,0.0,tail_fuzzy_name,low,0.869565
2000,2000,PUTNAM,PRESCOTT CENTRA,6740,007255,0.9897545,tail_fuzzy_name,low,0.967742
2000,2000,PUTNAM,PRESCOTT CENTRA,6740,007252,0.0099197,tail_fuzzy_name,low,0.967742
2000,2000,PUTNAM,PRESCOTT CENTRA,6740,007256,0.00032581,tail_fuzzy_name,low,0.967742
2000,2000,PUTNAM,PRESCOTT CENTRA,6740,007266,0.0,tail_fuzzy_name,low,0.967742
2000,2000,PUTNAM,PRESCOTT CENTRA,6740,007251,0.0,tail_fuzzy_name,low,0.967742
2000,2000,PUTNAM,PRESCOTT CENTRA,6740,007258,0.0,tail_fuzzy_name,low,0.967742
2000,2000,PUTNAM,PRESCOTT CENTRA,6740,007264,0.0,tail_fuzzy_name,low,0.967742
2000,2000,PUTNAM,PRESCOTT CENTRA,6740,007261,0.0,tail_fuzzy_name,low,0.967742
2000,2000,PUTNAM,PRESCOTT CENTRA,6740,007253,0.0,tail_fuzzy_name,low,0.967742
2000,2000,PUTNAM,PRESCOTT CENTRA,6740,007257,0.0,tail_fuzzy_name,low,0.967742
2000,2000,PUTNAM,SOUTH COOKEVILL,6714,007266,1.0,tail_fuzzy_name,low,0.967742
2000,2000,PUTNAM,SOUTH COOKEVILL,6714,007267,0.0,tail_fuzzy_name,low,0.967742
2000,2000,PUTNAM,SOUTH COOKEVILL,6714,007263,0.0,tail_fuzzy_name,low,0.967742
2000,2000,PUTNAM,SOUTH COOKEVILL,6714,007261,0.0,tail_fuzzy_name,low,0.967742
2000,2000,PUTNAM,SOUTH COOKEVILL,6714,007275,0.0,tail_fuzzy_name,low,0.967742
2000,2000,PUTNAM,SOUTH COOKEVILL,6714,007255,0.0,tail_fuzzy_name,low,0.967742
2000,2000,PUTNAM,SOUTH COOKEVILL,6714,007252,0.0,tail_fuzzy_name,low,0.967742
2000,2000,PUTNAM,SOUTH COOKEVILL,6714,007254,0.0,tail_fuzzy_name,low,0.967742
2000,2000,PUTNAM,SOUTH COOKEVILL,6714,007264,0.0,tail_fuzzy_name,low,0.967742
2000,2000,PUTNAM,SOUTH COOKEVILL,6714,007268,0.0,tail_fuzzy_name,low,0.967742
2000,2000,PUTNAM,SOUTH COOKEVILL,6714,007256,0.0,tail_fuzzy_name,low,0.967742
2000,2000,PUTNAM,SOUTH COOKEVILL,6714,007262,0.0,tail_fuzzy_name,low,0.967742
2000,2000,PUTNAM,SOUTH COOKEVILL,6714,007274,0.0,tail_fuzzy_name,low,0.967742
2000,2000,PUTNAM,SOUTH COOKEVILL,6714,007260,0.0,tail_fuzzy_name,low,0.967742
2000,2000,PUTNAM,SOUTH COOKEVILL,6714,007273,0.0,tail_fuzzy_name,low,0.967742
2000,2000,PUTNAM,SOUTH COOKEVILL,6714,007265,0.0,tail_fuzzy_name,low,0.967742
2000,2000,PUTNAM,SOUTH COOKEVILL,6714,007258,0.0,tail_fuzzy_name,low,0.967742
2000,2000,PUTNAM,SYCAMORE OUTSID,6773,007257,0.98406698,tail_fuzzy_name,low,0.967742
2000,2000,PUTNAM,SYCAMORE OUTSID,6773,007258,0.01593302,tail_fuzzy_name,low,0.967742
2000,2000,PUTNAM,SYCAMORE OUTSID,6773,007251,0.0,tail_fuzzy_name,low,0.967742
2000,2000,PUTNAM,SYCAMORE OUTSID,6773,007265,0.0,tail_fuzzy_name,low,0.967742
2000,2000,PUTNAM,SYCAMORE OUTSID,6773,007264,0.0,tail_fuzzy_name,low,0.967742
2000,2000,PUTNAM,SYCAMORE OUTSID,6773,007253,0.0,tail_fuzzy_name,low,0.967742
2000,2000,PUTNAM,SYCAMORE OUTSID,6773,007256,0.0,tail_fuzzy_name,low,0.967742
2000,2000,PUTNAM,SYCAMORE OUTSID,6773,007255,0.0,tail_fuzzy_name,low,0.967742
2000,2000,PUTNAM,SYCAMORE OUTSID,6773,007252,0.0,tail_fuzzy_name,low,0.967742
2000,2000,PUTNAM,SYCAMORE OUTSID,6773,007271,0.0,tail_fuzzy_name,low,0.967742
2000,2000,PUTNAM,SYCAMORE OUTSID,6773,007269,0.0,tail_fuzzy_name,low,0.967742
2000,2000,ROANE,10 OLIVER SPGS,6928,007466,0.99852692,tail_fuzzy_name,low,0.88
2000,2000,ROANE,10 OLIVER SPGS,6928,007459,0.00147308,tail_fuzzy_name,low,0.88
2000,2000,ROANE,10 OLIVER SPGS,6928,007458,0.0,tail_fuzzy_name,low,0.88
2000,2000,ROANE,10 OLIVER SPGS,6928,007457,0.0,tail_fuzzy_name,low,0.88
2000,2000,ROANE,15 S0 HARRIMAN,6960,007464,0.99947896,tail_fuzzy_name,low,0.8
2000,2000,ROANE,15 S0 HARRIMAN,6960,007472,0.00049492,tail_fuzzy_name,low,0.8
2000,2000,ROANE,15 S0 HARRIMAN,6960,007460,2.611e-05,tail_fuzzy_name,low,0.8
2000,2000,ROANE,15 S0 HARRIMAN,6960,007465,0.0,tail_fuzzy_name,low,0.8
2000,2000,ROANE,15 S0 HARRIMAN,6960,007463,0.0,tail_fuzzy_name,low,0.8
2000,2000,ROANE,15 S0 HARRIMAN,6960,007471,0.0,tail_fuzzy_name,low,0.8
2000,2000,ROANE,15 S0 HARRIMAN,6960,007467,0.0,tail_fuzzy_name,low,0.8
2000,2000,ROANE,15 S0 HARRIMAN,6960,007461,0.0,tail_fuzzy_name,low,0.8
2000,2000,ROANE,19 HARRIMAN W 1,6892,007465,0.99998857,tail_fuzzy_name,low,0.818182
2000,2000,ROANE,19 HARRIMAN W 1,6892,007460,1.143e-05,tail_fuzzy_name,low,0.818182
2000,2000,ROANE,19 HARRIMAN W 1,6892,007464,0.0,tail_fuzzy_name,low,0.818182
2000,2000,ROANE,19 HARRIMAN W 1,6892,007461,0.0,tail_fuzzy_name,low,0.818182
2000,2000,ROANE,19 HARRIMAN W 1,6892,007472,0.0,tail_fuzzy_name,low,0.818182
2000,2000,ROANE,19 HARRIMAN W 1,6892,007463,0.0,tail_fuzzy_name,low,0.818182
2000,2000,ROANE,19 HARRIMAN W 1,6892,007462,0.0,tail_fuzzy_name,low,0.818182
2000,2000,ROANE,19 HARRIMAN W 1,6892,007457,0.0,tail_fuzzy_name,low,0.818182
2000,2000,ROANE,20 HARRIMAN W 2,6892,007465,0.99998857,tail_fuzzy_name,low,0.818182
2000,2000,ROANE,20 HARRIMAN W 2,6892,007460,1.143e-05,tail_fuzzy_name,low,0.818182
2000,2000,ROANE,20 HARRIMAN W 2,6892,007464,0.0,tail_fuzzy_name,low,0.818182
2000,2000,ROANE,20 HARRIMAN W 2,6892,007461,0.0,tail_fuzzy_name,low,0.818182
2000,2000,ROANE,20 HARRIMAN W 2,6892,007472,0.0,tail_fuzzy_name,low,0.818182
2000,2000,ROANE,20 HARRIMAN W 2,6892,007463,0.0,tail_fuzzy_name,low,0.818182
2000,2000,ROANE,20 HARRIMAN W 2,6892,007462,0.0,tail_fuzzy_name,low,0.818182
2000,2000,ROANE,20 HARRIMAN W 2,6892,007457,0.0,tail_fuzzy_name,low,0.818182
2000,2000,ROANE,22 KINGSTON W 1,6904,007460,0.51185796,tail_fuzzy_name,low,0.818182
2000,2000,ROANE,22 KINGSTON W 1,6904,007462,0.403828,tail_fuzzy_name,low,0.818182
2000,2000,ROANE,22 KINGSTON W 1,6904,007463,0.08431404,tail_fuzzy_name,low,0.818182
2000,2000,ROANE,22 KINGSTON W 1,6904,007464,0.0,tail_fuzzy_name,low,0.818182
2000,2000,ROANE,22 KINGSTON W 1,6904,007457,0.0,tail_fuzzy_name,low,0.818182
2000,2000,ROANE,22 KINGSTON W 1,6904,007469,0.0,tail_fuzzy_name,low,0.818182
2000,2000,ROANE,22 KINGSTON W 1,6904,007456,0.0,tail_fuzzy_name,low,0.818182
2000,2000,ROANE,22 KINGSTON W 1,6904,007461,0.0,tail_fuzzy_name,low,0.818182
2000,2000,ROANE,22 KINGSTON W 1,6904,007465,0.0,tail_fuzzy_name,low,0.818182
2000,2000,ROANE,22 KINGSTON W 1,6904,007467,0.0,tail_fuzzy_name,low,0.818182
2000,2000,ROANE,22 KINGSTON W 1,6904,007472,0.0,tail_fuzzy_name,low,0.818182
2000,2000,ROANE,22 KINGSTON W 1,6904,007455,0.0,tail_fuzzy_name,low,0.818182
2000,2000,ROANE,22 KINGSTON W 1,6904,007468,0.0,tail_fuzzy_name,low,0.818182
2000,2000,ROANE,22 KINGSTON W 1,6904,007452,0.0,tail_fuzzy_name,low,0.818182
2000,2000,ROANE,22 KINGSTON W 1,6904,007459,0.0,tail_fuzzy_name,low,0.818182
2000,2000,ROANE,22 KINGSTON W 1,6904,007458,0.0,tail_fuzzy_name,low,0.818182
2000,2000,ROANE,22 KINGSTON W 1,6904,007454,0.0,tail_fuzzy_name,low,0.818182
2000,2000,ROANE,22 KINGSTON W 1,6904,007470,0.0,tail_fuzzy_name,low,0.818182
2000,2000,ROANE,22 KINGSTON W 1,6904,007471,0.0,tail_fuzzy_name,low,0.818182
2000,2000,ROANE,23 KINGSTON W 2,6908,007455,0.60075929,tail_fuzzy_name,low,0.909091
2000,2000,ROANE,23 KINGSTON W 2,6908,007456,0.39884313,tail_fuzzy_name,low,0.909091
2000,2000,ROANE,23 KINGSTON W 2,6908,007462,0.00032891,tail_fuzzy_name,low,0.909091
2000,2000,ROANE,23 KINGSTON W 2,6908,007463,6.867e-05,tail_fuzzy_name,low,0.909091
2000,2000,ROANE,23 KINGSTON W 2,6908,007469,0.0,tail_fuzzy_name,low,0.909091
2000,2000,ROANE,23 KINGSTON W 2,6908,007457,0.0,tail_fuzzy_name,low,0.909091
2000,2000,ROANE,23 KINGSTON W 2,6908,007452,0.0,tail_fuzzy_name,low,0.909091
2000,2000,ROANE,23 KINGSTON W 2,6908,007454,0.0,tail_fuzzy_name,low,0.909091
2000,2000,ROANE,23 KINGSTON W 2,6908,007460,0.0,tail_fuzzy_name,low,0.909091
2000,2000,ROANE,23 KINGSTON W 2,6908,007467,0.0,tail_fuzzy_name,low,0.909091
2000,2000,ROANE,23 KINGSTON W 2,6908,007468,0.0,tail_fuzzy_name,low,0.909091
2000,2000,ROANE,23 KINGSTON W 2,6908,007461,0.0,tail_fuzzy_name,low,0.909091
2000,2000,ROANE,23 KINGSTON W 2,6908,007458,0.0,tail_fuzzy_name,low,0.909091
2000,2000,ROANE,23 KINGSTON W 2,6908,007459,0.0,tail_fuzzy_name,low,0.909091
2000,2000,ROANE,23 KINGSTON W 2,6908,007473,0.0,tail_fuzzy_name,low,0.909091
2000,2000,ROANE,23 KINGSTON W 2,6908,007453,0.0,tail_fuzzy_name,low,0.909091
2000,2000,ROANE,23 KINGSTON W 2,6908,007474,0.0,tail_fuzzy_name,low,0.909091
2000,2000,ROANE,23 KINGSTON W 2,6908,007464,0.0,tail_fuzzy_name,low,0.909091
2000,2000,ROANE,23 KINGSTON W 2,6908,007465,0.0,tail_fuzzy_name,low,0.909091
2000,2000,ROANE,24 LAWNVILLE NOR,6912,007452,0.99961471,tail_fuzzy_name,low,0.928571
2000,2000,ROANE,24 LAWNVILLE NOR,6912,007456,0.00038529,tail_fuzzy_name,low,0.928571
2000,2000,ROANE,24 LAWNVILLE NOR,6912,007458,0.0,tail_fuzzy_name,low,0.928571
2000,2000,ROANE,24 LAWNVILLE NOR,6912,007457,0.0,tail_fuzzy_name,low,0.928571
2000,2000,ROANE,24 LAWNVILLE NOR,6912,007453,0.0,tail_fuzzy_name,low,0.928571
2000,2000,ROANE,24 LAWNVILLE NOR,6912,007455,0.0,tail_fuzzy_name,low,0.928571
2000,2000,ROANE,24 LAWNVILLE NOR,6912,007454,0.0,tail_fuzzy_name,low,0.928571
2000,2000,ROANE,24 LAWNVILLE NOR,6912,007473,0.0,tail_fuzzy_name,low,0.928571
2000,2000,ROANE,24 LAWNVILLE NOR,6912,007459,0.0,tail_fuzzy_name,low,0.928571
2000,2000,ROANE,24 LAWNVILLE NOR,6912,007462,0.0,tail_fuzzy_name,low,0.928571
2000,2000,ROANE,24 LAWNVILLE NOR,6912,007469,0.0,tail_fuzzy_name,low,0.928571
2000,2000,ROANE,24 LAWNVILLE NOR,6912,007460,0.0,tail_fuzzy_name,low,0.928571
2000,2000,ROANE,24 LAWNVILLE NOR,6912,007461,0.0,tail_fuzzy_name,low,0.928571
2000,2000,ROANE,24 LAWNVILLE NOR,6912,007451,0.0,tail_fuzzy_name,low,0.928571
2000,2000,ROANE,25 LAWNVILLE SOU,6913,007452,0.89445006,tail_fuzzy_name,low,0.928571
2000,2000,ROANE,25 LAWNVILLE SOU,6913,007455,0.10554994,tail_fuzzy_name,low,0.928571
2000,2000,ROANE,25 LAWNVILLE SOU,6913,007451,0.0,tail_fuzzy_name,low,0.928571
2000,2000,ROANE,25 LAWNVILLE SOU,6913,007454,0.0,tail_fuzzy_name,low,0.928571
2000,2000,ROANE,25 LAWNVILLE SOU,6913,007453,0.0,tail_fuzzy_name,low,0.928571
2000,2000,ROANE,25 LAWNVILLE SOU,6913,007457,0.0,tail_fuzzy_name,low,0.928571
2000,2000,ROANE,25 LAWNVILLE SOU,6913,007458,0.0,tail_fuzzy_name,low,0.928571
2000,2000,ROANE,25 LAWNVILLE SOU,6913,007456,0.0,tail_fuzzy_name,low,0.928571
2000,2000,ROANE,25 LAWNVILLE SOU,6913,007469,0.0,tail_fuzzy_name,low,0.928571
2000,2000,ROANE,25 LAWNVILLE SOU,6913,007473,0.0,tail_fuzzy_name,low,0.928571
2000,2000,ROANE,25 LAWNVILLE SOU,6913,007468,0.0,tail_fuzzy_name,low,0.928571
2000,2000,ROANE,25 LAWNVILLE SOU,6913,007462,0.0,tail_fuzzy_name,low,0.928571
2000,2000,ROANE,25 LAWNVILLE SOU,6913,007474,0.0,tail_fuzzy_name,low,0.928571
2000,2000,ROANE,25 LAWNVILLE SOU,6913,007467,0.0,tail_fuzzy_name,low,0.928571
2000,2000,ROANE,27 ROCKWOOD W 1,6952,007471,0.99974247,tail_fuzzy_name,low,0.909091
2000,2000,ROANE,27 ROCKWOOD W 1,6952,007467,0.00025753,tail_fuzzy_name,low,0.909091
2000,2000,ROANE,27 ROCKWOOD W 1,6952,007470,0.0,tail_fuzzy_name,low,0.909091
2000,2000,ROANE,27 ROCKWOOD W 1,6952,007472,0.0,tail_fuzzy_name,low,0.909091
2000,2000,ROANE,27 ROCKWOOD W 1,6952,007468,0.0,tail_fuzzy_name,low,0.909091
2000,2000,ROANE,27 ROCKWOOD W 1,6952,007464,0.0,tail_fuzzy_name,low,0.909091
2000,2000,ROANE,27 ROCKWOOD W 1,6952,007463,0.0,tail_fuzzy_name,low,0.909091
2000,2000,ROANE,27 ROCKWOOD W 1,6952,007469,0.0,tail_fuzzy_name,low,0.909091
2000,2000,ROANE,27 ROCKWOOD W 1,6952,007462,0.0,tail_fuzzy_name,low,0.909091
2000,2000,ROANE,28 ROCKWOOD W 2,6956,007472,0.99591226,tail_fuzzy_name,low,0.909091
2000,2000,ROANE,28 ROCKWOOD W 2,6956,007471,0.00380212,tail_fuzzy_name,low,0.909091
2000,2000,ROANE,28 ROCKWOOD W 2,6956,007467,0.0002618,tail_fuzzy_name,low,0.909091
2000,2000,ROANE,28 ROCKWOOD W 2,6956,007464,2.383e-05,tail_fuzzy_name,low,0.909091
2000,2000,ROANE,28 ROCKWOOD W 2,6956,007470,0.0,tail_fuzzy_name,low,0.909091
2000,2000,ROANE,28 ROCKWOOD W 2,6956,007468,0.0,tail_fuzzy_name,low,0.909091
2000,2000,ROANE,28 ROCKWOOD W 2,6956,007460,0.0,tail_fuzzy_name,low,0.909091
2000,2000,ROANE,28 ROCKWOOD W 2,6956,007463,0.0,tail_fuzzy_name,low,0.909091
2000,2000,ROANE,28 ROCKWOOD W 2,6956,007469,0.0,tail_fuzzy_name,low,0.909091
2000,2000,ROANE,28 ROCKWOOD W 2,6956,007462,0.0,tail_fuzzy_name,low,0.909091
2000,2000,ROANE,28 ROCKWOOD W 2,6956,007465,0.0,tail_fuzzy_name,low,0.909091
2000,2000,RUTHERFORD,02 1 LASCASSAS SC,7104,007698,0.45868346,tail_fuzzy_name,low,0.857143
2000,2000,RUTHERFORD,02 1 LASCASSAS SC,7104,007652,0.39050847,tail_fuzzy_name,low,0.857143
2000,2000,RUTHERFORD,02 1 LASCASSAS SC,7104,007653,0.11012575,tail_fuzzy_name,low,0.857143
2000,2000,RUTHERFORD,02 1 LASCASSAS SC,7104,007656,0.03163682,tail_fuzzy_name,low,0.857143
2000,2000,RUTHERFORD,02 1 LASCASSAS SC,7104,007681,0.00494563,tail_fuzzy_name,low,0.857143
2000,2000,RUTHERFORD,02 1 LASCASSAS SC,7104,007654,0.00276274,tail_fuzzy_name,low,0.857143
2000,2000,RUTHERFORD,02 1 LASCASSAS SC,7104,007658,0.00127903,tail_fuzzy_name,low,0.857143
2000,2000,RUTHERFORD,02 1 LASCASSAS SC,7104,007680,5.811e-05,tail_fuzzy_name,low,0.857143
2000,2000,RUTHERFORD,02 1 LASCASSAS SC,7104,007700,0.0,tail_fuzzy_name,low,0.857143
2000,2000,RUTHERFORD,02 1 LASCASSAS SC,7104,007661,0.0,tail_fuzzy_name,low,0.857143
2000,2000,RUTHERFORD,02 1 LASCASSAS SC,7104,007657,0.0,tail_fuzzy_name,low,0.857143
2000,2000,RUTHERFORD,02 1 LASCASSAS SC,7104,007695,0.0,tail_fuzzy_name,low,0.857143
2000,2000,RUTHERFORD,02 1 LASCASSAS SC,7104,007679,0.0,tail_fuzzy_name,low,0.857143
2000,2000,RUTHERFORD,02 1 LASCASSAS SC,7104,007682,0.0,tail_fuzzy_name,low,0.857143
2000,2000,RUTHERFORD,02 2 MILTON FIRE D,7124,007652,0.95229713,tail_fuzzy_name,low,0.742857
2000,2000,RUTHERFORD,02 2 MILTON FIRE D,7124,007656,0.04770287,tail_fuzzy_name,low,0.742857
2000,2000,RUTHERFORD,02 2 MILTON FIRE D,7124,007698,0.0,tail_fuzzy_name,low,0.742857
2000,2000,RUTHERFORD,02 2 MILTON FIRE D,7124,007700,0.0,tail_fuzzy_name,low,0.742857
2000,2000,RUTHERFORD,02 2 MILTON FIRE D,7124,007661,0.0,tail_fuzzy_name,low,0.742857
2000,2000,RUTHERFORD,02 2 MILTON FIRE D,7124,007658,0.0,tail_fuzzy_name,low,0.742857
2000,2000,RUTHERFORD,02 2 MILTON FIRE D,7124,007653,0.0,tail_fuzzy_name,low,0.742857
2000,2000,RUTHERFORD,02 2 MILTON FIRE D,7124,007695,0.0,tail_fuzzy_name,low,0.742857
2000,2000,RUTHERFORD,02 2 MILTON FIRE D,7124,007696,0.0,tail_fuzzy_name,low,0.742857
2000,2000,RUTHERFORD,04 1 BUDS TIRE SHO,7080,007700,0.58320485,tail_fuzzy_name,low,0.962963
2000,2000,RUTHERFORD,04 1 BUDS TIRE SHO,7080,007656,0.14675537,tail_fuzzy_name,low,0.962963
2000,2000,RUTHERFORD,04 1 BUDS TIRE SHO,7080,007661,0.13296319,tail_fuzzy_name,low,0.962963
2000,2000,RUTHERFORD,04 1 BUDS TIRE SHO,7080,007695,0.07254058,tail_fuzzy_name,low,0.962963
2000,2000,RUTHERFORD,04 1 BUDS TIRE SHO,7080,007696,0.04986539,tail_fuzzy_name,low,0.962963
2000,2000,RUTHERFORD,04 1 BUDS TIRE SHO,7080,007690,0.01191841,tail_fuzzy_name,low,0.962963
2000,2000,RUTHERFORD,04 1 BUDS TIRE SHO,7080,007688,0.00180254,tail_fuzzy_name,low,0.962963
2000,2000,RUTHERFORD,04 1 BUDS TIRE SHO,7080,007657,0.00094792,tail_fuzzy_name,low,0.962963
2000,2000,RUTHERFORD,04 1 BUDS TIRE SHO,7080,007686,1.77e-06,tail_fuzzy_name,low,0.962963
2000,2000,RUTHERFORD,04 1 BUDS TIRE SHO,7080,007658,0.0,tail_fuzzy_name,low,0.962963
2000,2000,RUTHERFORD,04 1 BUDS TIRE SHO,7080,007689,0.0,tail_fuzzy_name,low,0.962963
2000,2000,RUTHERFORD,04 1 BUDS TIRE SHO,7080,007662,0.0,tail_fuzzy_name,low,0.962963
2000,2000,RUTHERFORD,04 1 BUDS TIRE SHO,7080,007698,0.0,tail_fuzzy_name,low,0.962963
2000,2000,RUTHERFORD,04 1 BUDS TIRE SHO,7080,007652,0.0,tail_fuzzy_name,low,0.962963
2000,2000,RUTHERFORD,04 1 BUDS TIRE SHO,7080,007683,0.0,tail_fuzzy_name,low,0.962963
2000,2000,RUTHERFORD,04 1 BUDS TIRE SHO,7080,007687,0.0,tail_fuzzy_name,low,0.962963
2000,2000,RUTHERFORD,04 1 BUDS TIRE SHO,7080,007682,0.0,tail_fuzzy_name,low,0.962963
2000,2000,RUTHERFORD,04 1 BUDS TIRE SHO,7080,007653,0.0,tail_fuzzy_name,low,0.962963
2000,2000,RUTHERFORD,05 1 LAVERGNE CV,7108,007651,0.72543211,tail_fuzzy_name,low,0.75
2000,2000,RUTHERFORD,05 1 LAVERGNE CV,7108,007660,0.16864349,tail_fuzzy_name,low,0.75
2000,2000,RUTHERFORD,05 1 LAVERGNE CV,7108,007659,0.03806716,tail_fuzzy_name,low,0.75
2000,2000,RUTHERFORD,05 1 LAVERGNE CV,7108,007675,0.0283479,tail_fuzzy_name,low,0.75
2000,2000,RUTHERFORD,05 1 LAVERGNE CV,7108,007654,0.01969708,tail_fuzzy_name,low,0.75
2000,2000,RUTHERFORD,05 1 LAVERGNE CV,7108,007699,0.00996025,tail_fuzzy_name,low,0.75
2000,2000,RUTHERFORD,05 1 LAVERGNE CV,7108,007671,0.00953937,tail_fuzzy_name,low,0.75
2000,2000,RUTHERFORD,05 1 LAVERGNE CV,7108,007676,0.00017852,tail_fuzzy_name,low,0.75
2000,2000,RUTHERFORD,05 1 LAVERGNE CV,7108,007655,7.954e-05,tail_fuzzy_name,low,0.75
2000,2000,RUTHERFORD,05 1 LAVERGNE CV,7108,007698,5.46e-05,tail_fuzzy_name,low,0.75
2000,2000,RUTHERFORD,05 1 LAVERGNE CV,7108,007680,0.0,tail_fuzzy_name,low,0.75
2000,2000,RUTHERFORD,05 1 LAVERGNE CV,7108,007673,0.0,tail_fuzzy_name,low,0.75
2000,2000,RUTHERFORD,05 1 LAVERGNE CV,7108,007653,0.0,tail_fuzzy_name,low,0.75
2000,2000,RUTHERFORD,05 1 LAVERGNE CV,7108,007674,0.0,tail_fuzzy_name,low,0.75
2000,2000,RUTHERFORD,05 1 LAVERGNE CV,7108,007672,0.0,tail_fuzzy_name,low,0.75
2000,2000,RUTHERFORD,06 1 BUCHANAN SC,7064,007661,0.84581157,tail_fuzzy_name,low,0.846154
2000,2000,RUTHERFORD,06 1 BUCHANAN SC,7064,007696,0.05078711,tail_fuzzy_name,low,0.846154
2000,2000,RUTHERFORD,06 1 BUCHANAN SC,7064,007662,0.045004,tail_fuzzy_name,low,0.846154
2000,2000,RUTHERFORD,06 1 BUCHANAN SC,7064,007695,0.03963174,tail_fuzzy_name,low,0.846154
2000,2000,RUTHERFORD,06 1 BUCHANAN SC,7064,007690,0.01414489,tail_fuzzy_name,low,0.846154
2000,2000,RUTHERFORD,06 1 BUCHANAN SC,7064,007689,0.00257328,tail_fuzzy_name,low,0.846154
2000,2000,RUTHERFORD,06 1 BUCHANAN SC,7064,007688,0.00152138,tail_fuzzy_name,low,0.846154
2000,2000,RUTHERFORD,06 1 BUCHANAN SC,7064,007656,0.00043575,tail_fuzzy_name,low,0.846154
2000,2000,RUTHERFORD,06 1 BUCHANAN SC,7064,007700,7.204e-05,tail_fuzzy_name,low,0.846154
2000,2000,RUTHERFORD,06 1 BUCHANAN SC,7064,007683,1.675e-05,tail_fuzzy_name,low,0.846154
2000,2000,RUTHERFORD,06 1 BUCHANAN SC,7064,007686,1.49e-06,tail_fuzzy_name,low,0.846154
2000,2000,RUTHERFORD,06 1 BUCHANAN SC,7064,007667,0.0,tail_fuzzy_name,low,0.846154
2000,2000,RUTHERFORD,06 1 BUCHANAN SC,7064,007664,0.0,tail_fuzzy_name,low,0.846154
2000,2000,RUTHERFORD,06 1 BUCHANAN SC,7064,007668,0.0,tail_fuzzy_name,low,0.846154
2000,2000,RUTHERFORD,06 1 BUCHANAN SC,7064,007677,0.0,tail_fuzzy_name,low,0.846154
2000,2000,RUTHERFORD,06 1 BUCHANAN SC,7064,007657,0.0,tail_fuzzy_name,low,0.846154
2000,2000,RUTHERFORD,06 1 BUCHANAN SC,7064,007678,0.0,tail_fuzzy_name,low,0.846154
2000,2000,RUTHERFORD,06 1 BUCHANAN SC,7064,007694,0.0,tail_fuzzy_name,low,0.846154
2000,2000,RUTHERFORD,06 1 BUCHANAN SC,7064,007685,0.0,tail_fuzzy_name,low,0.846154
2000,2000,RUTHERFORD,06 1 BUCHANAN SC,7064,007658,0.0,tail_fuzzy_name,low,0.846154
2000,2000,RUTHERFORD,08 1 ALMAVILLE CO,7052,007693,0.42985736,tail_fuzzy_name,low,0.774194
2000,2000,RUTHERFORD,08 1 ALMAVILLE CO,7052,007669,0.27914612,tail_fuzzy_name,low,0.774194
2000,2000,RUTHERFORD,08 1 ALMAVILLE CO,7052,007665,0.25527316,tail_fuzzy_name,low,0.774194
2000,2000,RUTHERFORD,08 1 ALMAVILLE CO,7052,007672,0.02887682,tail_fuzzy_name,low,0.774194
2000,2000,RUTHERFORD,08 1 ALMAVILLE CO,7052,007694,0.00466019,tail_fuzzy_name,low,0.774194
2000,2000,RUTHERFORD,08 1 ALMAVILLE CO,7052,007674,0.00152592,tail_fuzzy_name,low,0.774194
2000,2000,RUTHERFORD,08 1 ALMAVILLE CO,7052,007691,0.00027586,tail_fuzzy_name,low,0.774194
2000,2000,RUTHERFORD,08 1 ALMAVILLE CO,7052,007671,0.00020401,tail_fuzzy_name,low,0.774194
2000,2000,RUTHERFORD,08 1 ALMAVILLE CO,7052,007670,9.9e-05,tail_fuzzy_name,low,0.774194
2000,2000,RUTHERFORD,08 1 ALMAVILLE CO,7052,007692,8.155e-05,tail_fuzzy_name,low,0.774194
2000,2000,RUTHERFORD,08 1 ALMAVILLE CO,7052,007663,0.0,tail_fuzzy_name,low,0.774194
2000,2000,RUTHERFORD,08 1 ALMAVILLE CO,7052,007685,0.0,tail_fuzzy_name,low,0.774194
2000,2000,RUTHERFORD,08 1 ALMAVILLE CO,7052,007678,0.0,tail_fuzzy_name,low,0.774194
2000,2000,RUTHERFORD,08 1 ALMAVILLE CO,7052,007654,0.0,tail_fuzzy_name,low,0.774194
2000,2000,RUTHERFORD,08 1 ALMAVILLE CO,7052,007667,0.0,tail_fuzzy_name,low,0.774194
2000,2000,RUTHERFORD,08 1 ALMAVILLE CO,7052,007659,0.0,tail_fuzzy_name,low,0.774194
2000,2000,RUTHERFORD,08 1 ALMAVILLE CO,7052,007699,0.0,tail_fuzzy_name,low,0.774194
2000,2000,RUTHERFORD,08 1 ALMAVILLE CO,7052,007666,0.0,tail_fuzzy_name,low,0.774194
2000,2000,RUTHERFORD,08 1 ALMAVILLE CO,7052,007673,0.0,tail_fuzzy_name,low,0.774194
2000,2000,RUTHERFORD,08 1 ALMAVILLE CO,7052,007664,0.0,tail_fuzzy_name,low,0.774194
2000,2000,RUTHERFORD,08 1 ALMAVILLE CO,7052,007668,0.0,tail_fuzzy_name,low,0.774194
2000,2000,RUTHERFORD,08 2 EAGLEVILLE C,7084,007666,0.44043682,tail_fuzzy_name,low,0.75
2000,2000,RUTHERFORD,08 2 EAGLEVILLE C,7084,007665,0.35161306,tail_fuzzy_name,low,0.75
2000,2000,RUTHERFORD,08 2 EAGLEVILLE C,7084,007693,0.20571978,tail_fuzzy_name,low,0.75
2000,2000,RUTHERFORD,08 2 EAGLEVILLE C,7084,007694,0.00223035,tail_fuzzy_name,low,0.75
2000,2000,RUTHERFORD,08 2 EAGLEVILLE C,7084,007670,0.0,tail_fuzzy_name,low,0.75
2000,2000,RUTHERFORD,08 2 EAGLEVILLE C,7084,007669,0.0,tail_fuzzy_name,low,0.75
2000,2000,RUTHERFORD,08 2 EAGLEVILLE C,7084,007663,0.0,tail_fuzzy_name,low,0.75
2000,2000,RUTHERFORD,08 2 EAGLEVILLE C,7084,007667,0.0,tail_fuzzy_name,low,0.75
2000,2000,RUTHERFORD,08 2 EAGLEVILLE C,7084,007678,0.0,tail_fuzzy_name,low,0.75
2000,2000,RUTHERFORD,08 2 EAGLEVILLE C,7084,007685,0.0,tail_fuzzy_name,low,0.75
2000,2000,RUTHERFORD,09 2 BLACKMAN CO,7060,007670,0.52721773,tail_fuzzy_name,low,0.758621
2000,2000,RUTHERFORD,09 2 BLACKMAN CO,7060,007691,0.31801254,tail_fuzzy_name,low,0.758621
2000,2000,RUTHERFORD,09 2 BLACKMAN CO,7060,007692,0.08687592,tail_fuzzy_name,low,0.758621
2000,2000,RUTHERFORD,09 2 BLACKMAN CO,7060,007693,0.04656562,tail_fuzzy_name,low,0.758621
2000,2000,RUTHERFORD,09 2 BLACKMAN CO,7060,007674,0.02132819,tail_fuzzy_name,low,0.758621
2000,2000,RUTHERFORD,09 2 BLACKMAN CO,7060,007669,0.0,tail_fuzzy_name,low,0.758621
2000,2000,RUTHERFORD,09 2 BLACKMAN CO,7060,007694,0.0,tail_fuzzy_name,low,0.758621
2000,2000,RUTHERFORD,09 2 BLACKMAN CO,7060,007685,0.0,tail_fuzzy_name,low,0.758621
2000,2000,RUTHERFORD,09 2 BLACKMAN CO,7060,007665,0.0,tail_fuzzy_name,low,0.758621
2000,2000,RUTHERFORD,09 2 BLACKMAN CO,7060,007672,0.0,tail_fuzzy_name,low,0.758621
2000,2000,RUTHERFORD,09 2 BLACKMAN CO,7060,007654,0.0,tail_fuzzy_name,low,0.758621
2000,2000,RUTHERFORD,09 2 BLACKMAN CO,7060,007663,0.0,tail_fuzzy_name,low,0.758621
2000,2000,RUTHERFORD,09 2 BLACKMAN CO,7060,007678,0.0,tail_fuzzy_name,low,0.758621
2000,2000,RUTHERFORD,09 2 BLACKMAN CO,7060,007673,0.0,tail_fuzzy_name,low,0.758621
2000,2000,RUTHERFORD,09 2 BLACKMAN CO,7060,007655,0.0,tail_fuzzy_name,low,0.758621
2000,2000,RUTHERFORD,12 1 NISSAN FIRE H,7164,007675,0.40402646,tail_fuzzy_name,low,0.75
2000,2000,RUTHERFORD,12 1 NISSAN FIRE H,7164,007676,0.20029331,tail_fuzzy_name,low,0.75
2000,2000,RUTHERFORD,12 1 NISSAN FIRE H,7164,007655,0.19928112,tail_fuzzy_name,low,0.75
2000,2000,RUTHERFORD,12 1 NISSAN FIRE H,7164,007654,0.14158127,tail_fuzzy_name,low,0.75
2000,2000,RUTHERFORD,12 1 NISSAN FIRE H,7164,007673,0.03436797,tail_fuzzy_name,low,0.75
2000,2000,RUTHERFORD,12 1 NISSAN FIRE H,7164,007674,0.00999874,tail_fuzzy_name,low,0.75
2000,2000,RUTHERFORD,12 1 NISSAN FIRE H,7164,007699,0.00903506,tail_fuzzy_name,low,0.75
2000,2000,RUTHERFORD,12 1 NISSAN FIRE H,7164,007660,0.00077061,tail_fuzzy_name,low,0.75
2000,2000,RUTHERFORD,12 1 NISSAN FIRE H,7164,007659,0.00044695,tail_fuzzy_name,low,0.75
2000,2000,RUTHERFORD,12 1 NISSAN FIRE H,7164,007671,0.000112,tail_fuzzy_name,low,0.75
2000,2000,RUTHERFORD,12 1 NISSAN FIRE H,7164,007698,8.639e-05,tail_fuzzy_name,low,0.75
2000,2000,RUTHERFORD,12 1 NISSAN FIRE H,7164,007651,1.2e-07,tail_fuzzy_name,low,0.75
2000,2000,RUTHERFORD,12 1 NISSAN FIRE H,7164,007691,0.0,tail_fuzzy_name,low,0.75
2000,2000,RUTHERFORD,12 1 NISSAN FIRE H,7164,007692,0.0,tail_fuzzy_name,low,0.75
2000,2000,RUTHERFORD,12 1 NISSAN FIRE H,7164,007672,0.0,tail_fuzzy_name,low,0.75
2000,2000,RUTHERFORD,12 1 NISSAN FIRE H,7164,007669,0.0,tail_fuzzy_name,low,0.75
2000,2000,RUTHERFORD,12 1 NISSAN FIRE H,7164,007670,0.0,tail_fuzzy_name,low,0.75
2000,2000,RUTHERFORD,12 1 NISSAN FIRE H,7164,007680,0.0,tail_fuzzy_name,low,0.75
2000,2000,RUTHERFORD,12 1 NISSAN FIRE H,7164,007653,0.0,tail_fuzzy_name,low,0.75
2000,2000,RUTHERFORD,12 1 NISSAN FIRE H,7164,007693,0.0,tail_fuzzy_name,low,0.75
2000,2000,RUTHERFORD,13 1 CASON LANE A,7078,007677,0.43685915,tail_fuzzy_name,low,0.8
2000,2000,RUTHERFORD,13 1 CASON LANE A,7078,007689,0.23393402,tail_fuzzy_name,low,0.8
2000,2000,RUTHERFORD,13 1 CASON LANE A,7078,007678,0.20332226,tail_fuzzy_name,low,0.8
2000,2000,RUTHERFORD,13 1 CASON LANE A,7078,007663,0.1125685,tail_fuzzy_name,low,0.8
2000,2000,RUTHERFORD,13 1 CASON LANE A,7078,007685,0.00731388,tail_fuzzy_name,low,0.8
2000,2000,RUTHERFORD,13 1 CASON LANE A,7078,007692,0.00592828,tail_fuzzy_name,low,0.8
2000,2000,RUTHERFORD,13 1 CASON LANE A,7078,007694,7.391e-05,tail_fuzzy_name,low,0.8
2000,2000,RUTHERFORD,13 1 CASON LANE A,7078,007664,0.0,tail_fuzzy_name,low,0.8
2000,2000,RUTHERFORD,13 1 CASON LANE A,7078,007668,0.0,tail_fuzzy_name,low,0.8
2000,2000,RUTHERFORD,13 1 CASON LANE A,7078,007662,0.0,tail_fuzzy_name,low,0.8
2000,2000,RUTHERFORD,13 1 CASON LANE A,7078,007679,0.0,tail_fuzzy_name,low,0.8
2000,2000,RUTHERFORD,13 1 CASON LANE A,7078,007690,0.0,tail_fuzzy_name,low,0.8
2000,2000,RUTHERFORD,13 1 CASON LANE A,7078,007665,0.0,tail_fuzzy_name,low,0.8
2000,2000,RUTHERFORD,13 1 CASON LANE A,7078,007667,0.0,tail_fuzzy_name,low,0.8
2000,2000,RUTHERFORD,13 1 CASON LANE A,7078,007683,0.0,tail_fuzzy_name,low,0.8
2000,2000,RUTHERFORD,13 1 CASON LANE A,7078,007693,0.0,tail_fuzzy_name,low,0.8
2000,2000,RUTHERFORD,13 1 CASON LANE A,7078,007682,0.0,tail_fuzzy_name,low,0.8
2000,2000,RUTHERFORD,13 1 CASON LANE A,7078,007696,0.0,tail_fuzzy_name,low,0.8
2000,2000,RUTHERFORD,13 1 CASON LANE A,7078,007684,0.0,tail_fuzzy_name,low,0.8
2000,2000,RUTHERFORD,13 1 CASON LANE A,7078,007670,0.0,tail_fuzzy_name,low,0.8
2000,2000,RUTHERFORD,13 1 CASON LANE A,7078,007695,0.0,tail_fuzzy_name,low,0.8
2000,2000,RUTHERFORD,13 1 CASON LANE A,7078,007691,0.0,tail_fuzzy_name,low,0.8
2000,2000,RUTHERFORD,13 1 CASON LANE A,7078,007654,0.0,tail_fuzzy_name,low,0.8
2000,2000,RUTHERFORD,18 1 BELLWOOD SC,7061,007690,0.4997503,tail_fuzzy_name,low,0.846154
2000,2000,RUTHERFORD,18 1 BELLWOOD SC,7061,007689,0.30217386,tail_fuzzy_name,low,0.846154
2000,2000,RUTHERFORD,18 1 BELLWOOD SC,7061,007664,0.12631726,tail_fuzzy_name,low,0.846154
2000,2000,RUTHERFORD,18 1 BELLWOOD SC,7061,007662,0.02941221,tail_fuzzy_name,low,0.846154
2000,2000,RUTHERFORD,18 1 BELLWOOD SC,7061,007661,0.02629431,tail_fuzzy_name,low,0.846154
2000,2000,RUTHERFORD,18 1 BELLWOOD SC,7061,007695,0.00764739,tail_fuzzy_name,low,0.846154
2000,2000,RUTHERFORD,18 1 BELLWOOD SC,7061,007696,0.00490934,tail_fuzzy_name,low,0.846154
2000,2000,RUTHERFORD,18 1 BELLWOOD SC,7061,007683,0.00255711,tail_fuzzy_name,low,0.846154
2000,2000,RUTHERFORD,18 1 BELLWOOD SC,7061,007688,0.00089498,tail_fuzzy_name,low,0.846154
2000,2000,RUTHERFORD,18 1 BELLWOOD SC,7061,007700,4.238e-05,tail_fuzzy_name,low,0.846154
2000,2000,RUTHERFORD,18 1 BELLWOOD SC,7061,007686,8.8e-07,tail_fuzzy_name,low,0.846154
2000,2000,RUTHERFORD,18 1 BELLWOOD SC,7061,007677,0.0,tail_fuzzy_name,low,0.846154
2000,2000,RUTHERFORD,18 1 BELLWOOD SC,7061,007668,0.0,tail_fuzzy_name,low,0.846154
2000,2000,RUTHERFORD,18 1 BELLWOOD SC,7061,007678,0.0,tail_fuzzy_name,low,0.846154
2000,2000,RUTHERFORD,18 1 BELLWOOD SC,7061,007663,0.0,tail_fuzzy_name,low,0.846154
2000,2000,RUTHERFORD,18 1 BELLWOOD SC,7061,007667,0.0,tail_fuzzy_name,low,0.846154
2000,2000,RUTHERFORD,18 1 BELLWOOD SC,7061,007694,0.0,tail_fuzzy_name,low,0.846154
2000,2000,RUTHERFORD,18 1 BELLWOOD SC,7061,007657,0.0,tail_fuzzy_name,low,0.846154
2000,2000,RUTHERFORD,18 1 BELLWOOD SC,7061,007685,0.0,tail_fuzzy_name,low,0.846154
2000,2000,RUTHERFORD,18 1 BELLWOOD SC,7061,007665,0.0,tail_fuzzy_name,low,0.846154
2000,2000,RUTHERFORD,20 1 SPORTSMANS,7172,007692,0.54953936,tail_fuzzy_name,low,0.75
2000,2000,RUTHERFORD,20 1 SPORTSMANS,7172,007685,0.21997553,tail_fuzzy_name,low,0.75
2000,2000,RUTHERFORD,20 1 SPORTSMANS,7172,007694,0.20145369,tail_fuzzy_name,low,0.75
2000,2000,RUTHERFORD,20 1 SPORTSMANS,7172,007665,0.01576585,tail_fuzzy_name,low,0.75
2000,2000,RUTHERFORD,20 1 SPORTSMANS,7172,007670,0.00703871,tail_fuzzy_name,low,0.75
2000,2000,RUTHERFORD,20 1 SPORTSMANS,7172,007667,0.00427165,tail_fuzzy_name,low,0.75
2000,2000,RUTHERFORD,20 1 SPORTSMANS,7172,007663,0.00195522,tail_fuzzy_name,low,0.75
2000,2000,RUTHERFORD,20 1 SPORTSMANS,7172,007693,0.0,tail_fuzzy_name,low,0.75
2000,2000,RUTHERFORD,20 1 SPORTSMANS,7172,007691,0.0,tail_fuzzy_name,low,0.75
2000,2000,RUTHERFORD,20 1 SPORTSMANS,7172,007677,0.0,tail_fuzzy_name,low,0.75
2000,2000,RUTHERFORD,20 1 SPORTSMANS,7172,007683,0.0,tail_fuzzy_name,low,0.75
2000,2000,RUTHERFORD,20 1 SPORTSMANS,7172,007679,0.0,tail_fuzzy_name,low,0.75
2000,2000,RUTHERFORD,20 1 SPORTSMANS,7172,007689,0.0,tail_fuzzy_name,low,0.75
2000,2000,RUTHERFORD,20 1 SPORTSMANS,7172,007654,0.0,tail_fuzzy_name,low,0.75
2000,2000,RUTHERFORD,20 1 SPORTSMANS,7172,007678,0.0,tail_fuzzy_name,low,0.75
2000,2000,RUTHERFORD,20 1 SPORTSMANS,7172,007664,0.0,tail_fuzzy_name,low,0.75
2000,2000,RUTHERFORD,20 1 SPORTSMANS,7172,007668,0.0,tail_fuzzy_name,low,0.75
2000,2000,RUTHERFORD,20 1 SPORTSMANS,7172,007674,0.0,tail_fuzzy_name,low,0.75
2000,2000,RUTHERFORD,20 1 SPORTSMANS,7172,007684,0.0,tail_fuzzy_name,low,0.75
2000,2000,RUTHERFORD,20 1 SPORTSMANS,7172,007669,0.0,tail_fuzzy_name,low,0.75
2000,2000,RUTHERFORD,20 1 SPORTSMANS,7172,007682,0.0,tail_fuzzy_name,low,0.75
2000,2000,RUTHERFORD,20 1 SPORTSMANS,7172,007662,0.0,tail_fuzzy_name,low,0.75
2000,2000,RUTHERFORD,20 2 NISSAN ACTIVIT,7168,007692,0.35533018,tail_fuzzy_name,low,0.965517
2000,2000,RUTHERFORD,20 2 NISSAN ACTIVIT,7168,007691,0.27488298,tail_fuzzy_name,low,0.965517
2000,2000,RUTHERFORD,20 2 NISSAN ACTIVIT,7168,007694,0.12368267,tail_fuzzy_name,low,0.965517
2000,2000,RUTHERFORD,20 2 NISSAN ACTIVIT,7168,007685,0.08682501,tail_fuzzy_name,low,0.965517
2000,2000,RUTHERFORD,20 2 NISSAN ACTIVIT,7168,007670,0.07417518,tail_fuzzy_name,low,0.965517
2000,2000,RUTHERFORD,20 2 NISSAN ACTIVIT,7168,007674,0.05110937,tail_fuzzy_name,low,0.965517
2000,2000,RUTHERFORD,20 2 NISSAN ACTIVIT,7168,007672,0.02109205,tail_fuzzy_name,low,0.965517
2000,2000,RUTHERFORD,20 2 NISSAN ACTIVIT,7168,007669,0.00651873,tail_fuzzy_name,low,0.965517
2000,2000,RUTHERFORD,20 2 NISSAN ACTIVIT,7168,007693,0.00638382,tail_fuzzy_name,low,0.965517
2000,2000,RUTHERFORD,20 2 NISSAN ACTIVIT,7168,007654,0.0,tail_fuzzy_name,low,0.965517
2000,2000,RUTHERFORD,20 2 NISSAN ACTIVIT,7168,007679,0.0,tail_fuzzy_name,low,0.965517
2000,2000,RUTHERFORD,20 2 NISSAN ACTIVIT,7168,007655,0.0,tail_fuzzy_name,low,0.965517
2000,2000,RUTHERFORD,20 2 NISSAN ACTIVIT,7168,007680,0.0,tail_fuzzy_name,low,0.965517
2000,2000,RUTHERFORD,20 2 NISSAN ACTIVIT,7168,007683,0.0,tail_fuzzy_name,low,0.965517
2000,2000,RUTHERFORD,20 2 NISSAN ACTIVIT,7168,007673,0.0,tail_fuzzy_name,low,0.965517
2000,2000,RUTHERFORD,20 2 NISSAN ACTIVIT,7168,007698,0.0,tail_fuzzy_name,low,0.965517
2000,2000,RUTHERFORD,20 2 NISSAN ACTIVIT,7168,007677,0.0,tail_fuzzy_name,low,0.965517
2000,2000,RUTHERFORD,20 2 NISSAN ACTIVIT,7168,007676,0.0,tail_fuzzy_name,low,0.965517
2000,2000,RUTHERFORD,20 2 NISSAN ACTIVIT,7168,007699,0.0,tail_fuzzy_name,low,0.965517
2000,2000,RUTHERFORD,20 2 NISSAN ACTIVIT,7168,007675,0.0,tail_fuzzy_name,low,0.965517
2000,2000,RUTHERFORD,20 2 NISSAN ACTIVIT,7168,007671,0.0,tail_fuzzy_name,low,0.965517
2000,2000,RUTHERFORD,20 2 NISSAN ACTIVIT,7168,007684,0.0,tail_fuzzy_name,low,0.965517
2000,2000,RUTHERFORD,20 2 NISSAN ACTIVIT,7168,007682,0.0,tail_fuzzy_name,low,0.965517
2000,2000,RUTHERFORD,20 2 NISSAN ACTIVIT,7168,007660,0.0,tail_fuzzy_name,low,0.965517
2000,2000,RUTHERFORD,20 2 NISSAN ACTIVIT,7168,007651,0.0,tail_fuzzy_name,low,0.965517
2000,2000,RUTHERFORD,20 2 NISSAN ACTIVIT,7168,007659,0.0,tail_fuzzy_name,low,0.965517
2000,2000,VAN BUREN,4 FALL CRK FALLS,9292,009103,0.9998518,tail_fuzzy_name,low,0.8
2000,2000,VAN BUREN,4 FALL CRK FALLS,9292,009105,0.0001482,tail_fuzzy_name,low,0.8
2000,2000,VAN BUREN,4 FALL CRK FALLS,9292,009102,0.0,tail_fuzzy_name,low,0.8
2000,2000,VAN BUREN,4 FALL CRK FALLS,9292,009106,0.0,tail_fuzzy_name,low,0.8
2000,2000,VAN BUREN,4 FALL CRK FALLS,9292,009104,0.0,tail_fuzzy_name,low,0.8
2000,2000,VAN BUREN,4 FALL CRK FALLS,9292,009101,0.0,tail_fuzzy_name,low,0.8
2000,2000,VAN BUREN,4 FALL CRK FALLS,9292,009107,0.0,tail_fuzzy_name,low,0.8
2000,2000,VAN BUREN,5 HIGHLAND VILLA,9288,009105,0.66946247,tail_fuzzy_name,low,0.933333
2000,2000,VAN BUREN,5 HIGHLAND VILLA,9288,009104,0.19076169,tail_fuzzy_name,low,0.933333
2000,2000,VAN BUREN,5 HIGHLAND VILLA,9288,009102,0.11154258,tail_fuzzy_name,low,0.933333
2000,2000,VAN BUREN,5 HIGHLAND VILLA,9288,009106,0.02823326,tail_fuzzy_name,low,0.933333
2000,2000,VAN BUREN,5 HIGHLAND VILLA,9288,009101,0.0,tail_fuzzy_name,low,0.933333
2000,2000,VAN BUREN,5 HIGHLAND VILLA,9288,009103,0.0,tail_fuzzy_name,low,0.933333
2000,2000,VAN BUREN,5 HIGHLAND VILLA,9288,009107,0.0,tail_fuzzy_name,low,0.933333
