confidence_tier,county_norm,dst_vtd20,from_precinct_norm,from_year,match_method,match_score,official_name,source_vintage,src_vtdst,weight
high,ANDERSON,000001,ANDERSONVILLE,2008,official_vtd_exact_name_nhgis_blocks,0.95,Andersonville,2000,7,0.985535181031
high,ANDERSON,000018,ANDERSONVILLE,2008,official_vtd_exact_name_nhgis_blocks,0.95,Andersonville,2000,7,0.014464818969
high,ANDERSON,000002,BRICEVILLE,2008,official_vtd_exact_name_nhgis_blocks,0.95,Briceville,2000,18,1.0
medium,ANDERSON,000003,BLOCKHOUSE VALLEY,2008,official_vtd_fuzzy_name_nhgis_blocks,0.8743,Block House Valley,2000,9,0.995936236332
medium,ANDERSON,000005,BLOCKHOUSE VALLEY,2008,official_vtd_fuzzy_name_nhgis_blocks,0.8743,Block House Valley,2000,9,0.004063763668
high,ANDERSON,000005,CLINTON,2008,official_vtd_exact_name_nhgis_blocks,0.95,Clinton,2000,11,0.890279074791
high,ANDERSON,000006,CLINTON,2008,official_vtd_exact_name_nhgis_blocks,0.95,Clinton,2000,11,0.109720925209
high,ANDERSON,000005,CLINTON HIGH,2008,official_vtd_exact_name_nhgis_blocks,0.95,Clinton High,2000,17,0.023661077893
high,ANDERSON,000006,CLINTON HIGH,2008,official_vtd_exact_name_nhgis_blocks,0.95,Clinton High,2000,17,0.656532135862
high,ANDERSON,000009,CLINTON HIGH,2008,official_vtd_exact_name_nhgis_blocks,0.95,Clinton High,2000,17,0.319806786245
high,ANDERSON,000003,CLAXTON,2008,official_vtd_exact_name_nhgis_blocks,0.95,Claxton,2000,8,0.406380199766
high,ANDERSON,000004,CLAXTON,2008,official_vtd_exact_name_nhgis_blocks,0.95,Claxton,2000,8,0.593220892187
high,ANDERSON,000025,CLAXTON,2008,official_vtd_exact_name_nhgis_blocks,0.95,Claxton,2000,8,0.000398908047
high,ANDERSON,000004,CLINCH VALLEY,2008,official_vtd_exact_name_nhgis_blocks,0.95,Clinch Valley,2000,1,0.004153506909
high,ANDERSON,000011,CLINCH VALLEY,2008,official_vtd_exact_name_nhgis_blocks,0.95,Clinch Valley,2000,1,0.989270353051
high,ANDERSON,000018,CLINCH VALLEY,2008,official_vtd_exact_name_nhgis_blocks,0.95,Clinch Valley,2000,1,0.002305087013
high,ANDERSON,000019,CLINCH VALLEY,2008,official_vtd_exact_name_nhgis_blocks,0.95,Clinch Valley,2000,1,0.004271053027
high,ANDERSON,000006,DUTCH VALLEY,2008,official_vtd_exact_name_nhgis_blocks,0.95,Dutch Valley,2000,19,0.058135678696
high,ANDERSON,000007,DUTCH VALLEY,2008,official_vtd_exact_name_nhgis_blocks,0.95,Dutch Valley,2000,19,0.197303636168
high,ANDERSON,000008,DUTCH VALLEY,2008,official_vtd_exact_name_nhgis_blocks,0.95,Dutch Valley,2000,19,0.518508309481
high,ANDERSON,000016,DUTCH VALLEY,2008,official_vtd_exact_name_nhgis_blocks,0.95,Dutch Valley,2000,19,0.226052375655
high,ANDERSON,000009,EMORY VALLEY,2008,official_vtd_exact_name_nhgis_blocks,0.95,Emory Valley,2000,12,0.998653725528
high,ANDERSON,000013,EMORY VALLEY,2008,official_vtd_exact_name_nhgis_blocks,0.95,Emory Valley,2000,12,0.001346274472
high,ANDERSON,000004,FAIRVIEW,2008,official_vtd_exact_name_nhgis_blocks,0.95,Fairview,2000,0,0.384577945799
high,ANDERSON,000010,FAIRVIEW,2008,official_vtd_exact_name_nhgis_blocks,0.95,Fairview,2000,0,0.611867038965
high,ANDERSON,000011,FAIRVIEW,2008,official_vtd_exact_name_nhgis_blocks,0.95,Fairview,2000,0,0.003555015236
high,ANDERSON,000004,GLEN ALPINE,2008,official_vtd_exact_name_nhgis_blocks,0.95,Glen Alpine,2000,2,0.157025866263
high,ANDERSON,000011,GLEN ALPINE,2008,official_vtd_exact_name_nhgis_blocks,0.95,Glen Alpine,2000,2,0.409747069062
high,ANDERSON,000019,GLEN ALPINE,2008,official_vtd_exact_name_nhgis_blocks,0.95,Glen Alpine,2000,2,0.433227064675
high,ANDERSON,000009,GLENWOOD,2008,official_vtd_exact_name_nhgis_blocks,0.95,Glenwood,2000,16,0.043497998333
high,ANDERSON,000012,GLENWOOD,2008,official_vtd_exact_name_nhgis_blocks,0.95,Glenwood,2000,16,0.956502001667
high,ANDERSON,000009,HENDRIX CREEK,2008,official_vtd_exact_name_nhgis_blocks,0.95,Hendrix Creek,2000,13,2.6677829e-05
high,ANDERSON,000013,HENDRIX CREEK,2008,official_vtd_exact_name_nhgis_blocks,0.95,Hendrix Creek,2000,13,0.913678730958
high,ANDERSON,000026,HENDRIX CREEK,2008,official_vtd_exact_name_nhgis_blocks,0.95,Hendrix Creek,2000,13,0.086294591213
high,ANDERSON,000014,HIGHLAND VIEW,2008,official_vtd_exact_name_nhgis_blocks,0.95,Highland View,2000,28,0.760846132408
high,ANDERSON,000023,HIGHLAND VIEW,2008,official_vtd_exact_name_nhgis_blocks,0.95,Highland View,2000,28,0.239153867592
high,ANDERSON,000015,LAKE CITY,2008,official_vtd_exact_name_nhgis_blocks,0.95,Lake City,2000,21,0.998481071491
high,ANDERSON,000016,LAKE CITY,2008,official_vtd_exact_name_nhgis_blocks,0.95,Lake City,2000,21,0.001518928509
high,ANDERSON,000014,MARLOW,2008,official_vtd_exact_name_nhgis_blocks,0.95,Marlow,2000,22,0.026368144471
high,ANDERSON,000017,MARLOW,2008,official_vtd_exact_name_nhgis_blocks,0.95,Marlow,2000,22,0.890533267775
high,ANDERSON,000020,MARLOW,2008,official_vtd_exact_name_nhgis_blocks,0.95,Marlow,2000,22,0.000535432535
high,ANDERSON,000022,MARLOW,2008,official_vtd_exact_name_nhgis_blocks,0.95,Marlow,2000,22,0.082563155218
high,ANDERSON,000011,NORTH CLINTON,2008,official_vtd_exact_name_nhgis_blocks,0.95,North Clinton,2000,3,0.173214242628
high,ANDERSON,000019,NORTH CLINTON,2008,official_vtd_exact_name_nhgis_blocks,0.95,North Clinton,2000,3,0.826785757372
high,ANDERSON,000001,NORRIS,2008,official_vtd_exact_name_nhgis_blocks,0.95,Norris,2000,6,0.000740887917
high,ANDERSON,000011,NORRIS,2008,official_vtd_exact_name_nhgis_blocks,0.95,Norris,2000,6,0.002170143833
high,ANDERSON,000018,NORRIS,2008,official_vtd_exact_name_nhgis_blocks,0.95,Norris,2000,6,0.99708896825
high,ANDERSON,000002,NORWOOD,2008,official_vtd_exact_name_nhgis_blocks,0.95,Norwood,2000,20,0.000118648363
high,ANDERSON,000020,NORWOOD,2008,official_vtd_exact_name_nhgis_blocks,0.95,Norwood,2000,20,0.972379040264
high,ANDERSON,000023,NORWOOD,2008,official_vtd_exact_name_nhgis_blocks,0.95,Norwood,2000,20,5.0075471e-05
high,ANDERSON,000024,NORWOOD,2008,official_vtd_exact_name_nhgis_blocks,0.95,Norwood,2000,20,0.027452235902
high,ANDERSON,000021,OAK RIDGE CITY HALL,2008,official_vtd_exact_name_nhgis_blocks,0.95,Oak Ridge City Hall,2000,25,1.0
high,ANDERSON,000022,PINE VALLEY,2008,official_vtd_exact_name_nhgis_blocks,0.95,Pine Valley,2000,15,1.0
high,ANDERSON,000020,ROBERTSVILLE,2008,official_vtd_exact_name_nhgis_blocks,0.95,Robertsville,2000,27,0.008335145846
high,ANDERSON,000023,ROBERTSVILLE,2008,official_vtd_exact_name_nhgis_blocks,0.95,Robertsville,2000,27,0.991664854154
high,ANDERSON,000024,ROSEDALE,2008,official_vtd_exact_name_nhgis_blocks,0.95,Rosedale,2000,24,1.0
high,ANDERSON,000003,SOUTH CLINTON,2008,official_vtd_exact_name_nhgis_blocks,0.95,South Clinton,2000,10,0.006497495571
high,ANDERSON,000004,SOUTH CLINTON,2008,official_vtd_exact_name_nhgis_blocks,0.95,South Clinton,2000,10,0.025954597287
high,ANDERSON,000025,SOUTH CLINTON,2008,official_vtd_exact_name_nhgis_blocks,0.95,South Clinton,2000,10,0.967547907142
high,ANDERSON,000020,TRI COUNTY,2008,official_vtd_exact_name_nhgis_blocks,0.95,Tri-County,2000,23,1.0
high,ANDERSON,000021,WOODLAND,2008,official_vtd_exact_name_nhgis_blocks,0.95,Woodland,2000,14,0.468086139789
high,ANDERSON,000026,WOODLAND,2008,official_vtd_exact_name_nhgis_blocks,0.95,Woodland,2000,14,0.004943297051
high,ANDERSON,000027,WOODLAND,2008,official_vtd_exact_name_nhgis_blocks,0.95,Woodland,2000,14,0.52697056316
high,ANDERSON,000026,WEST HILLS,2008,official_vtd_exact_name_nhgis_blocks,0.95,West Hills,2000,26,1.0
high,BEDFORD,000101,101 WARTRACE,2008,official_vtd_exact_label_code_nhgis_blocks,0.97,101 Wartrace Gym,2000,29,0.96750734424
high,BEDFORD,000103,101 WARTRACE,2008,official_vtd_exact_label_code_nhgis_blocks,0.97,101 Wartrace Gym,2000,29,6.586e-08
high,BEDFORD,000107,101 WARTRACE,2008,official_vtd_exact_label_code_nhgis_blocks,0.97,101 Wartrace Gym,2000,29,0.029325630742
high,BEDFORD,000109,101 WARTRACE,2008,official_vtd_exact_label_code_nhgis_blocks,0.97,101 Wartrace Gym,2000,29,0.000298758173
high,BEDFORD,000110,101 WARTRACE,2008,official_vtd_exact_label_code_nhgis_blocks,0.97,101 Wartrace Gym,2000,29,0.002824276255
high,BEDFORD,001511,101 WARTRACE,2008,official_vtd_exact_label_code_nhgis_blocks,0.97,101 Wartrace Gym,2000,29,4.3924731e-05
high,BEDFORD,000102,102 BELL BUCKLE,2008,official_vtd_exact_label_code_nhgis_blocks,0.97,102 Bell Buckle/Webb School,2000,35,1.0
high,BEDFORD,000102,203 AIRPORT,2008,official_vtd_code_and_name_nhgis_blocks,1.0,203 Airport,2000,34,0.160308854975
high,BEDFORD,000103,203 AIRPORT,2008,official_vtd_code_and_name_nhgis_blocks,1.0,203 Airport,2000,34,0.796198029659
high,BEDFORD,000105,203 AIRPORT,2008,official_vtd_code_and_name_nhgis_blocks,1.0,203 Airport,2000,34,0.019495560776
high,BEDFORD,000110,203 AIRPORT,2008,official_vtd_code_and_name_nhgis_blocks,1.0,203 Airport,2000,34,0.02399755459
high,BEDFORD,000103,202 LONGVIEW,2008,official_vtd_exact_label_code_nhgis_blocks,0.97,202 Longview Community Club,2000,38,1.0
high,BEDFORD,000103,303 UNIONVILLE,2008,official_vtd_exact_label_code_nhgis_blocks,0.97,303 Unionville New Fire Hall,2000,43,0.081307770771
high,BEDFORD,000104,303 UNIONVILLE,2008,official_vtd_exact_label_code_nhgis_blocks,0.97,303 Unionville New Fire Hall,2000,43,0.918682425073
high,BEDFORD,005851,303 UNIONVILLE,2008,official_vtd_exact_label_code_nhgis_blocks,0.97,303 Unionville New Fire Hall,2000,43,9.804156e-06
high,BEDFORD,000104,304 HALLS MILL,2008,official_vtd_exact_label_code_nhgis_blocks,0.97,304 Hall's Mill Community Club,2000,37,1.0
high,BEDFORD,000104,301 ROVER,2008,official_vtd_exact_label_code_nhgis_blocks,0.97,301 Rover Baptist Church,2000,44,1.0
high,BEDFORD,000105,403 BEDFORD,2008,official_vtd_exact_label_code_nhgis_blocks,0.97,403 Bedford Fire Hall,2000,36,0.994652532327
high,BEDFORD,000111,403 BEDFORD,2008,official_vtd_exact_label_code_nhgis_blocks,0.97,403 Bedford Fire Hall,2000,36,0.005347467673
high,BEDFORD,000105,404 WHEEL,2008,official_vtd_exact_label_code_nhgis_blocks,0.97,404 Shiloh Methodist Church,2000,42,1.0
high,BEDFORD,000105,402 LIBERTY,2008,official_vtd_exact_label_code_nhgis_blocks,0.97,402 Liberty School,2000,41,0.957639609408
high,BEDFORD,000106,402 LIBERTY,2008,official_vtd_exact_label_code_nhgis_blocks,0.97,402 Liberty School,2000,41,0.042360390592
high,BEDFORD,000106,502 FLAT CREEK,2008,official_vtd_exact_label_code_nhgis_blocks,0.97,502 Flat Creek Community Center,2000,45,0.997723858986
high,BEDFORD,000111,502 FLAT CREEK,2008,official_vtd_exact_label_code_nhgis_blocks,0.97,502 Flat Creek Community Center,2000,45,0.002220788814
high,BEDFORD,006552,502 FLAT CREEK,2008,official_vtd_exact_label_code_nhgis_blocks,0.97,502 Flat Creek Community Center,2000,45,5.53522e-05
high,BEDFORD,000106,503 RAUS,2008,official_vtd_exact_label_code_nhgis_blocks,0.97,503 Thompson Creek Baptist Church,2000,31,0.477972344549
high,BEDFORD,000107,503 RAUS,2008,official_vtd_exact_label_code_nhgis_blocks,0.97,503 Thompson Creek Baptist Church,2000,31,0.522027655451
high,BEDFORD,000107,505 NORMANDY,2008,official_vtd_exact_label_code_nhgis_blocks,0.97,505 Normandy Fire Hall,2000,30,1.0
high,BEDFORD,000106,601 EAST SIDE,2008,official_vtd_exact_label_code_nhgis_blocks,0.97,601 East Side School,2000,46,0.07892087151
high,BEDFORD,000108,601 EAST SIDE,2008,official_vtd_exact_label_code_nhgis_blocks,0.97,601 East Side School,2000,46,0.921075792977
high,BEDFORD,000109,601 EAST SIDE,2008,official_vtd_exact_label_code_nhgis_blocks,0.97,601 East Side School,2000,46,3.335513e-06
high,BEDFORD,000101,701 DEERY EAKIN,2008,official_vtd_exact_label_code_nhgis_blocks,0.97,701 Deery Eakin School,2000,32,0.025030814851
high,BEDFORD,000108,701 DEERY EAKIN,2008,official_vtd_exact_label_code_nhgis_blocks,0.97,701 Deery Eakin School,2000,32,0.032167748294
high,BEDFORD,000109,701 DEERY EAKIN,2008,official_vtd_exact_label_code_nhgis_blocks,0.97,701 Deery Eakin School,2000,32,0.942801436855
high,BEDFORD,000103,801 THOMAS,2008,official_vtd_exact_label_code_nhgis_blocks,0.97,801 Thomas School,2000,33,0.212308113122
high,BEDFORD,000105,801 THOMAS,2008,official_vtd_exact_label_code_nhgis_blocks,0.97,801 Thomas School,2000,33,0.261194684296
high,BEDFORD,000108,801 THOMAS,2008,official_vtd_exact_label_code_nhgis_blocks,0.97,801 Thomas School,2000,33,0.000621949351
high,BEDFORD,000110,801 THOMAS,2008,official_vtd_exact_label_code_nhgis_blocks,0.97,801 Thomas School,2000,33,0.504620664165
high,BEDFORD,000111,801 THOMAS,2008,official_vtd_exact_label_code_nhgis_blocks,0.97,801 Thomas School,2000,33,0.021254589066
high,BEDFORD,000110,901 COURTHOUSE,2008,official_vtd_code_and_name_nhgis_blocks,1.0,901 Courthouse,2000,39,0.109837171438
high,BEDFORD,000111,901 COURTHOUSE,2008,official_vtd_code_and_name_nhgis_blocks,1.0,901 Courthouse,2000,39,0.890162828562
high,BEDFORD,000111,902 SOUTHSIDE SCHOOL,2008,official_vtd_code_and_name_nhgis_blocks,1.0,902 Southside School,2000,40,1.0
high,BENTON,000203,1 HOLLADAY SCHOOL,2008,official_vtd_code_and_name_nhgis_blocks,1.0,1 Holladay School,2000,52,0.064415905126
high,BENTON,000204,1 HOLLADAY SCHOOL,2008,official_vtd_code_and_name_nhgis_blocks,1.0,1 Holladay School,2000,52,0.935584094874
high,BENTON,000201,2 CAMDEN JR HIGH,2008,official_vtd_exact_label_code_nhgis_blocks,0.97,2 Camden High School,2000,50,1.0
high,BENTON,000203,3 COUNTY COURTHOUSE,2008,official_vtd_exact_label_code_nhgis_blocks,0.97,3 Benton Co. Courthouse,2000,51,1.0
high,BENTON,000202,4 CAMDEN ELEMENTARY,2008,official_vtd_exact_label_code_nhgis_blocks,0.97,4 Camden Elementary School,2000,48,1.0
high,BENTON,000205,5 COUNTY COURTHOUSE,2008,official_vtd_exact_label_code_nhgis_blocks,0.97,5 Benton Co. Courthouse,2000,47,1.0
high,BENTON,000202,6 BIG SANDY SCHOOL,2008,official_vtd_code_and_name_nhgis_blocks,1.0,6 Big Sandy School,2000,49,0.040896389069
high,BENTON,000206,6 BIG SANDY SCHOOL,2008,official_vtd_code_and_name_nhgis_blocks,1.0,6 Big Sandy School,2000,49,0.959103610931
high,BLEDSOE,000304,1 1 DILL,2008,official_vtd_code_and_name_nhgis_blocks,1.0,1-1 Dill,2000,53,1.0
high,BLEDSOE,000305,1 2 GRIFFITH,2008,official_vtd_code_and_name_nhgis_blocks,1.0,1-2 Griffith,2000,54,1.0
high,BLEDSOE,000309,1 3 MT CREST,2008,official_vtd_code_and_name_nhgis_blocks,1.0,1-3 Mt.Crest,2000,56,1.0
high,BLEDSOE,000303,2 1 COLD SPRINGS,2008,official_vtd_code_and_name_nhgis_blocks,1.0,2-1 Cold Springs,2000,60,0.971280777432
high,BLEDSOE,000310,2 1 COLD SPRINGS,2008,official_vtd_code_and_name_nhgis_blocks,1.0,2-1 Cold Springs,2000,60,4.2080788e-05
high,BLEDSOE,000311,2 1 COLD SPRINGS,2008,official_vtd_code_and_name_nhgis_blocks,1.0,2-1 Cold Springs,2000,60,0.02867714178
high,BLEDSOE,000307,2 2 LUMINARY,2008,official_vtd_code_and_name_nhgis_blocks,1.0,2-2 Luminary,2000,65,1.0
high,BLEDSOE,000302,3 1 BRAYTON,2008,official_vtd_code_and_name_nhgis_blocks,1.0,3-1 Brayton,2000,66,0.982399185135
high,BLEDSOE,000308,3 1 BRAYTON,2008,official_vtd_code_and_name_nhgis_blocks,1.0,3-1 Brayton,2000,66,0.017600814865
high,BLEDSOE,000303,3 2 RIGSBY,2008,official_vtd_code_and_name_nhgis_blocks,1.0,3-2 Rigsby,2000,63,0.040444375378
high,BLEDSOE,000307,3 2 RIGSBY,2008,official_vtd_code_and_name_nhgis_blocks,1.0,3-2 Rigsby,2000,63,0.18654680892
high,BLEDSOE,000312,3 2 RIGSBY,2008,official_vtd_code_and_name_nhgis_blocks,1.0,3-2 Rigsby,2000,63,0.773008815702
high,BLEDSOE,000311,4 1 PIKEVILLE A K,2008,official_vtd_exact_label_code_nhgis_blocks,0.97,4-1 Pikeville Outside,2000,62,1.0
high,BLEDSOE,000311,4 2 PIKEVILLE L Z,2008,official_vtd_exact_label_code_nhgis_blocks,0.97,4-2 Pikeville Inside,2000,61,1.0
high,BLEDSOE,000301,5 1 BELLVIEW,2008,official_vtd_code_and_name_nhgis_blocks,1.0,5-1 Bellview,2000,59,1.0
high,BLEDSOE,000310,5 2 NINE MILE,2008,official_vtd_code_and_name_nhgis_blocks,1.0,5-2 Nine Mile,2000,64,1.0
high,BLEDSOE,000306,6 1 LEE STATION,2008,official_vtd_code_and_name_nhgis_blocks,1.0,6-1 Lee Station,2000,57,0.911689555397
high,BLEDSOE,000311,6 1 LEE STATION,2008,official_vtd_code_and_name_nhgis_blocks,1.0,6-1 Lee Station,2000,57,0.088310444603
high,BLEDSOE,000308,6 2 LUSK,2008,official_vtd_code_and_name_nhgis_blocks,1.0,6-2 Lusk,2000,55,1.0
high,BLEDSOE,000308,6 3 SUNNYSIDE,2008,official_vtd_code_and_name_nhgis_blocks,1.0,6-3 Sunnyside,2000,58,1.0
high,BLEDSOE,000308,6 4 BRAYTON 6,2008,official_vtd_code_and_name_nhgis_blocks,1.0,6-4 Brayton 6,2000,67,1.0
high,BLOUNT,000406,ALCOA ROCKFORD,2008,official_vtd_exact_name_nhgis_blocks,0.95,Alcoa - Rockford,2000,85,0.85649991592
high,BLOUNT,000408,ALCOA ROCKFORD,2008,official_vtd_exact_name_nhgis_blocks,0.95,Alcoa - Rockford,2000,85,0.14350008408
high,BLOUNT,000410,BEECH GROVE,2008,official_vtd_exact_name_nhgis_blocks,0.95,Beech Grove,2000,83,1.0
high,BLOUNT,000406,BEECH GROVE ALCOA,2008,official_vtd_exact_name_nhgis_blocks,0.95,Beech Grove-Alcoa,2000,82,0.002623818394
high,BLOUNT,000410,BEECH GROVE ALCOA,2008,official_vtd_exact_name_nhgis_blocks,0.95,Beech Grove-Alcoa,2000,82,0.997376181606
high,BLOUNT,000415,BIG SPRINGS,2008,official_vtd_exact_name_nhgis_blocks,0.95,Big Springs,2000,92,0.995077175005
high,BLOUNT,000416,BIG SPRINGS,2008,official_vtd_exact_name_nhgis_blocks,0.95,Big Springs,2000,92,0.004922824995
high,BLOUNT,000419,CARPENTERS,2008,official_vtd_exact_name_nhgis_blocks,0.95,Carpenters,2000,117,0.020925526714
high,BLOUNT,000434,CARPENTERS,2008,official_vtd_exact_name_nhgis_blocks,0.95,Carpenters,2000,117,0.979074473286
high,BLOUNT,000425,CHILHOWEE VIEW,2008,official_vtd_exact_name_nhgis_blocks,0.95,Chilhowee View,2000,104,1.0
medium,BLOUNT,000431,EAGLETON CAF ALCOA,2008,official_vtd_fuzzy_name_nhgis_blocks,0.7875,Eagleton-Alcoa,2000,113,1.0
medium,BLOUNT,000430,EAGLETON GYM 20TH,2008,official_vtd_fuzzy_name_nhgis_blocks,0.78,Eagleton 20th,2000,108,0.021286980422
medium,BLOUNT,000431,EAGLETON GYM 20TH,2008,official_vtd_fuzzy_name_nhgis_blocks,0.78,Eagleton 20th,2000,108,0.978713019578
high,BLOUNT,000413,EVERETT,2008,official_vtd_exact_name_nhgis_blocks,0.95,Everett,2000,90,1.0
high,BLOUNT,000433,FAIRVIEW CITY,2008,official_vtd_exact_name_nhgis_blocks,0.95,Fairview-City,2000,115,1.0
high,BLOUNT,000433,FAIRVIEW COUNTY,2008,official_vtd_exact_name_nhgis_blocks,0.95,Fairview-County,2000,116,1.0
high,BLOUNT,000416,FRIENDSVILLE CITY,2008,official_vtd_exact_name_nhgis_blocks,0.95,Friendsville-City,2000,94,1.0
high,BLOUNT,000416,FRIENDSVILLE COUNTY,2008,official_vtd_exact_name_nhgis_blocks,0.95,Friendsville-County,2000,93,1.0
high,BLOUNT,000426,HAPPY VALLEY,2008,official_vtd_exact_name_nhgis_blocks,0.95,Happy Valley,2000,118,0.089655987757
high,BLOUNT,000435,HAPPY VALLEY,2008,official_vtd_exact_name_nhgis_blocks,0.95,Happy Valley,2000,118,0.910344012243
high,BLOUNT,000424,HERITAGE,2008,official_vtd_exact_name_nhgis_blocks,0.95,Heritage,2000,103,1.0
high,BLOUNT,000430,JOHN SEVIER,2008,official_vtd_exact_name_nhgis_blocks,0.95,John Sevier,2000,111,1.0
high,BLOUNT,000418,LANIER,2008,official_vtd_exact_name_nhgis_blocks,0.95,Lanier,2000,96,0.931722647128
high,BLOUNT,000419,LANIER,2008,official_vtd_exact_name_nhgis_blocks,0.95,Lanier,2000,96,0.068277352872
high,BLOUNT,000421,LOUISVILLE,2008,official_vtd_exact_name_nhgis_blocks,0.95,Louisville,2000,102,0.00277203125
high,BLOUNT,000423,LOUISVILLE,2008,official_vtd_exact_name_nhgis_blocks,0.95,Louisville,2000,102,0.99722796875
high,BLOUNT,000407,LOUISVILLE 8TH,2008,official_vtd_exact_name_nhgis_blocks,0.95,Louisville 8th,2000,101,0.006828710339
high,BLOUNT,000409,LOUISVILLE 8TH,2008,official_vtd_exact_name_nhgis_blocks,0.95,Louisville 8th,2000,101,0.141047359085
high,BLOUNT,000410,LOUISVILLE 8TH,2008,official_vtd_exact_name_nhgis_blocks,0.95,Louisville 8th,2000,101,0.001921976581
high,BLOUNT,000423,LOUISVILLE 8TH,2008,official_vtd_exact_name_nhgis_blocks,0.95,Louisville 8th,2000,101,0.850201953995
high,BLOUNT,000411,MARTIN LUTHER KING,2008,official_vtd_exact_name_nhgis_blocks,0.95,Martin Luther King,2000,87,1.0
high,BLOUNT,000427,MARYVILLE COLLEGE,2008,official_vtd_exact_name_nhgis_blocks,0.95,Maryville College,2000,114,0.074292247566
high,BLOUNT,000432,MARYVILLE COLLEGE,2008,official_vtd_exact_name_nhgis_blocks,0.95,Maryville College,2000,114,0.925707752434
medium,BLOUNT,000414,MARYVILLE MUN COUNTY,2008,official_vtd_fuzzy_name_nhgis_blocks,0.7826,Maryville Municipal-County,2000,72,0.947595791151
medium,BLOUNT,000420,MARYVILLE MUN COUNTY,2008,official_vtd_fuzzy_name_nhgis_blocks,0.7826,Maryville Municipal-County,2000,72,0.052404208849
high,BLOUNT,000408,MENTOR,2008,official_vtd_exact_name_nhgis_blocks,0.95,Mentor,2000,80,0.01099022676
high,BLOUNT,000409,MENTOR,2008,official_vtd_exact_name_nhgis_blocks,0.95,Mentor,2000,80,0.860032827259
high,BLOUNT,000410,MENTOR,2008,official_vtd_exact_name_nhgis_blocks,0.95,Mentor,2000,80,0.002551449323
high,BLOUNT,000423,MENTOR,2008,official_vtd_exact_name_nhgis_blocks,0.95,Mentor,2000,80,0.126425496658
high,BLOUNT,000409,MENTOR ALCOA,2008,official_vtd_exact_name_nhgis_blocks,0.95,Mentor-Alcoa,2000,81,1.0
high,BLOUNT,000407,MIDDLESETTLEMENTS,2008,official_vtd_exact_name_nhgis_blocks,0.95,Middlesettlements,2000,78,0.902250485823
high,BLOUNT,000409,MIDDLESETTLEMENTS,2008,official_vtd_exact_name_nhgis_blocks,0.95,Middlesettlements,2000,78,0.097617321178
high,BLOUNT,000423,MIDDLESETTLEMENTS,2008,official_vtd_exact_name_nhgis_blocks,0.95,Middlesettlements,2000,78,0.000132192999
high,BLOUNT,000412,MISER STATION,2008,official_vtd_exact_name_nhgis_blocks,0.95,Miser Station,2000,100,0.000249490243
high,BLOUNT,000416,MISER STATION,2008,official_vtd_exact_name_nhgis_blocks,0.95,Miser Station,2000,100,5.6318717e-05
high,BLOUNT,000421,MISER STATION,2008,official_vtd_exact_name_nhgis_blocks,0.95,Miser Station,2000,100,0.998983749323
high,BLOUNT,000436,MISER STATION,2008,official_vtd_exact_name_nhgis_blocks,0.95,Miser Station,2000,100,0.000710441717
high,BLOUNT,000404,MONTVALE,2008,official_vtd_exact_name_nhgis_blocks,0.95,Montvale,2000,106,4.0321189e-05
high,BLOUNT,000420,MONTVALE,2008,official_vtd_exact_name_nhgis_blocks,0.95,Montvale,2000,106,2.254114e-06
high,BLOUNT,000427,MONTVALE,2008,official_vtd_exact_name_nhgis_blocks,0.95,Montvale,2000,106,0.998868529215
high,BLOUNT,000432,MONTVALE,2008,official_vtd_exact_name_nhgis_blocks,0.95,Montvale,2000,106,0.000991153587
high,BLOUNT,000433,MONTVALE,2008,official_vtd_exact_name_nhgis_blocks,0.95,Montvale,2000,106,9.7741895e-05
high,BLOUNT,000402,OAK VIEW,2008,official_vtd_exact_name_nhgis_blocks,0.95,Oak View,2000,69,1.0
high,BLOUNT,000412,PELLISSIPPI,2008,official_vtd_exact_name_nhgis_blocks,0.95,Pellissippi,2000,88,1.0
high,BLOUNT,000412,PELLISSIPPI ALCOA,2008,official_vtd_exact_name_nhgis_blocks,0.95,Pellissippi-Alcoa,2000,89,1.0
medium,BLOUNT,000412,PELLISSIPPI MARYVILL,2008,official_vtd_fuzzy_name_nhgis_blocks,0.878,Pellissippi-Maryville,2000,99,1.0
high,BLOUNT,000429,PORTER,2008,official_vtd_exact_name_nhgis_blocks,0.95,Porter,2000,110,1.0
high,BLOUNT,000406,ROCKFORD ALCOA,2008,official_vtd_exact_name_nhgis_blocks,0.95,Rockford-Alcoa,2000,84,1.0
high,BLOUNT,000406,ROCKFORD CITY,2008,official_vtd_exact_name_nhgis_blocks,0.95,Rockford-City,2000,74,1.0
high,BLOUNT,000406,ROCKFORD COUNTY,2008,official_vtd_exact_name_nhgis_blocks,0.95,Rockford-County,2000,77,1.0
high,BLOUNT,000406,ROCKFORD 20TH,2008,official_vtd_exact_name_nhgis_blocks,0.95,Rockford 20th,2000,86,1.0
high,BLOUNT,000405,SHOOKS GAP,2008,official_vtd_exact_name_nhgis_blocks,0.95,Shooks Gap,2000,73,1.0
high,BLOUNT,000401,TOWNSEND CITY,2008,official_vtd_exact_name_nhgis_blocks,0.95,Townsend-City,2000,75,1.0
high,BLOUNT,000401,TOWNSEND COUNTY,2008,official_vtd_exact_name_nhgis_blocks,0.95,Townsend-County,2000,68,1.0
high,BLOUNT,000401,WALLAND,2008,official_vtd_exact_name_nhgis_blocks,0.95,Walland,2000,105,0.238269711696
high,BLOUNT,000424,WALLAND,2008,official_vtd_exact_name_nhgis_blocks,0.95,Walland,2000,105,4.1404047e-05
high,BLOUNT,000426,WALLAND,2008,official_vtd_exact_name_nhgis_blocks,0.95,Walland,2000,105,0.761365395905
high,BLOUNT,007958,WALLAND,2008,official_vtd_exact_name_nhgis_blocks,0.95,Walland,2000,105,1.194958e-06
high,BLOUNT,007959,WALLAND,2008,official_vtd_exact_name_nhgis_blocks,0.95,Walland,2000,105,0.000322293394
medium,BLOUNT,000419,WM BLOUNT ACADEMY,2008,official_vtd_fuzzy_name_nhgis_blocks,0.7846,William Blount Academy,2000,97,0.995588169777
medium,BLOUNT,000433,WM BLOUNT ACADEMY,2008,official_vtd_fuzzy_name_nhgis_blocks,0.7846,William Blount Academy,2000,97,0.004411830223
high,BRADLEY,000501,1 1 MCDONALD,2008,official_vtd_exact_name_nhgis_blocks,0.95,101-1 McDonald,2000,119,1.0
high,BRADLEY,000501,1 2 PROSPECT,2008,official_vtd_exact_name_nhgis_blocks,0.95,102-1 Prospect,2000,134,2.2332642e-05
high,BRADLEY,000502,1 2 PROSPECT,2008,official_vtd_exact_name_nhgis_blocks,0.95,102-1 Prospect,2000,134,0.009998937794
high,BRADLEY,000516,1 2 PROSPECT,2008,official_vtd_exact_name_nhgis_blocks,0.95,102-1 Prospect,2000,134,0.989978729564
high,BRADLEY,000517,1 3 HOPEWELL,2008,official_vtd_exact_name_nhgis_blocks,0.95,103-1 Hopewell,2000,135,1.0
high,BRADLEY,000504,2 1 E L ROSS,2008,official_vtd_exact_name_nhgis_blocks,0.95,201-1 E.L. Ross,2000,122,1.0
high,BRADLEY,000509,3 1 LEE UNIVERSITY,2008,official_vtd_exact_name_nhgis_blocks,0.95,301-1 Lee University,2000,127,1.0
high,BRADLEY,000506,3 2 SENIOR CENTER,2008,official_vtd_exact_name_nhgis_blocks,0.95,302-1 Senior Center,2000,124,1.0
high,BRADLEY,000512,4 1 OAK GROVE,2008,official_vtd_code_and_name_nhgis_blocks,0.99,401 Oak Grove,2000,130,1.0
high,BRADLEY,000508,4 2 MICHIGAN AVE,2008,official_vtd_equivalent_code_nhgis_blocks,0.97,402 Michigan Avenue,2000,126,1.0
high,BRADLEY,000510,5 2 COMMUNITY SERV,2008,official_vtd_exact_name_nhgis_blocks,0.95,502-1 Community Serv,2000,128,1.0
high,BRADLEY,000511,6 1 VALLEY VIEW,2008,official_vtd_exact_name_nhgis_blocks,0.95,601-1 Valley View,2000,129,1.0
medium,BRADLEY,000515,6 2 BLUE SPRINGS,2008,official_vtd_fuzzy_name_nhgis_blocks,0.8609,602-1 Blue Spring,2000,133,1.0
high,BRADLEY,000513,6 3 WATERVILLE,2008,official_vtd_exact_name_nhgis_blocks,0.95,603-1 Waterville,2000,131,1.0
high,BRADLEY,000503,6 4 BLACK FOX,2008,official_vtd_code_and_name_nhgis_blocks,0.99,604-1 Black Fox,2000,121,1.0
high,BRADLEY,000502,7 1 STUART,2008,official_vtd_code_and_name_nhgis_blocks,0.99,701 Stuart,2000,120,0.956554557175
high,BRADLEY,000507,7 1 STUART,2008,official_vtd_code_and_name_nhgis_blocks,0.99,701 Stuart,2000,120,0.043445442825
high,BRADLEY,000502,7 2 CLEVELAND HIGH,2008,official_vtd_code_and_name_nhgis_blocks,0.99,702 Cleveland High,2000,125,0.000149660246
high,BRADLEY,000504,7 2 CLEVELAND HIGH,2008,official_vtd_code_and_name_nhgis_blocks,0.99,702 Cleveland High,2000,125,0.001104240491
high,BRADLEY,000507,7 2 CLEVELAND HIGH,2008,official_vtd_code_and_name_nhgis_blocks,0.99,702 Cleveland High,2000,125,0.998746099263
high,CAMPBELL,000607,1 1 COOLIDGE,2008,official_vtd_exact_name_nhgis_blocks,0.95,Coolidge,2000,155,0.12787586893
high,CAMPBELL,000616,1 1 COOLIDGE,2008,official_vtd_exact_name_nhgis_blocks,0.95,Coolidge,2000,155,0.87212413107
high,CAMPBELL,000615,1 2 DEMORY,2008,official_vtd_exact_name_nhgis_blocks,0.95,Demory,2000,141,0.883130414957
high,CAMPBELL,000616,1 2 DEMORY,2008,official_vtd_exact_name_nhgis_blocks,0.95,Demory,2000,141,0.116869585043
high,CAMPBELL,000612,1 3 PINECREST,2008,official_vtd_exact_name_nhgis_blocks,0.95,Pinecrest,2000,149,1.0
high,CAMPBELL,000604,1 4 VALLEY VIEW,2008,official_vtd_exact_name_nhgis_blocks,0.95,Valley View,2000,137,1.0
high,CAMPBELL,000604,1 5 WELL SPRINGS,2008,official_vtd_exact_name_nhgis_blocks,0.95,Well Springs,2000,136,0.002919697123
high,CAMPBELL,000617,1 5 WELL SPRINGS,2008,official_vtd_exact_name_nhgis_blocks,0.95,Well Springs,2000,136,0.99620757407
high,CAMPBELL,001217,1 5 WELL SPRINGS,2008,official_vtd_exact_name_nhgis_blocks,0.95,Well Springs,2000,136,0.000872728807
high,CAMPBELL,000601,2 1 COLLEGE HILL,2008,official_vtd_exact_name_nhgis_blocks,0.95,College Hill,2000,140,1.0
high,CAMPBELL,000607,2 2 DAVIS CHAPEL,2008,official_vtd_exact_name_nhgis_blocks,0.95,Davis Chapel,2000,156,1.0
high,CAMPBELL,000607,2 3 EAST LAFOLLETTE,2008,official_vtd_exact_name_nhgis_blocks,0.95,East LaFollette,2000,154,0.034160844676
high,CAMPBELL,000608,2 3 EAST LAFOLLETTE,2008,official_vtd_exact_name_nhgis_blocks,0.95,East LaFollette,2000,154,0.965839155324
high,CAMPBELL,000607,2 4 JR HIGH,2008,official_vtd_exact_name_nhgis_blocks,0.95,Jr. High,2000,153,0.635501048543
high,CAMPBELL,000608,2 4 JR HIGH,2008,official_vtd_exact_name_nhgis_blocks,0.95,Jr. High,2000,153,0.000258590466
high,CAMPBELL,000618,2 4 JR HIGH,2008,official_vtd_exact_name_nhgis_blocks,0.95,Jr. High,2000,153,0.364240360991
high,CAMPBELL,000610,3 1 FIREHALL,2008,official_vtd_exact_name_nhgis_blocks,0.95,Firehall,2000,139,1.0
medium,CAMPBELL,000611,3 2 JACKSBORO STA,2008,official_vtd_fuzzy_name_nhgis_blocks,0.78,Jacksboro Station,2000,142,1.0
high,CAMPBELL,000601,3 3 WEST LAFOLLETTE,2008,official_vtd_exact_name_nhgis_blocks,0.95,West LaFollette,2000,138,0.097642888055
high,CAMPBELL,000603,3 3 WEST LAFOLLETTE,2008,official_vtd_exact_name_nhgis_blocks,0.95,West LaFollette,2000,138,0.902357111945
high,CAMPBELL,000602,4 1 CARYVILLE,2008,official_vtd_exact_name_nhgis_blocks,0.95,Caryville,2000,144,1.0
high,CAMPBELL,000614,4 2 CLINCHMORE,2008,official_vtd_exact_name_nhgis_blocks,0.95,Clinchmore,2000,146,1.0
high,CAMPBELL,000609,4 3 JACKSBORO,2008,official_vtd_exact_name_nhgis_blocks,0.95,Jacksboro,2000,143,1.0
high,CAMPBELL,000602,4 4 RIDGEWOOD,2008,official_vtd_exact_name_nhgis_blocks,0.95,Ridgewood,2000,145,0.005483251829
high,CAMPBELL,000613,4 4 RIDGEWOOD,2008,official_vtd_exact_name_nhgis_blocks,0.95,Ridgewood,2000,145,0.994516748171
high,CAMPBELL,000605,5 1 ELK VALLEY,2008,official_vtd_exact_name_nhgis_blocks,0.95,Elk Valley,2000,147,1.0
high,CAMPBELL,000618,5 2 HABERSHAM,2008,official_vtd_exact_name_nhgis_blocks,0.95,Habersham,2000,148,1.0
high,CAMPBELL,000619,5 3 JELLICO,2008,official_vtd_exact_name_nhgis_blocks,0.95,Jellico,2000,151,0.001790598385
high,CAMPBELL,000620,5 3 JELLICO,2008,official_vtd_exact_name_nhgis_blocks,0.95,Jellico,2000,151,0.000299573492
high,CAMPBELL,000621,5 3 JELLICO,2008,official_vtd_exact_name_nhgis_blocks,0.95,Jellico,2000,151,0.997909828123
high,CAMPBELL,000605,5 4 NEWCOMB,2008,official_vtd_exact_name_nhgis_blocks,0.95,Newcomb,2000,150,0.002241044697
high,CAMPBELL,000620,5 4 NEWCOMB,2008,official_vtd_exact_name_nhgis_blocks,0.95,Newcomb,2000,150,0.997718763173
high,CAMPBELL,000621,5 4 NEWCOMB,2008,official_vtd_exact_name_nhgis_blocks,0.95,Newcomb,2000,150,4.0192129e-05
high,CAMPBELL,000619,5 5 WHITE OAK,2008,official_vtd_exact_name_nhgis_blocks,0.95,White Oak,2000,152,0.998461596003
high,CAMPBELL,000621,5 5 WHITE OAK,2008,official_vtd_exact_name_nhgis_blocks,0.95,White Oak,2000,152,0.001533970211
high,CAMPBELL,001202,5 5 WHITE OAK,2008,official_vtd_exact_name_nhgis_blocks,0.95,White Oak,2000,152,4.433786e-06
high,CANNON,000701,1 1 WESTSIDE,2008,official_vtd_exact_name_nhgis_blocks,0.95,Westside,2000,2165,1.0
high,CANNON,000706,2 1 AUBURNTOWN,2008,official_vtd_exact_name_nhgis_blocks,0.95,Auburntown,2000,157,1.0
high,CANNON,000702,2 2 GASSAWAY,2008,official_vtd_exact_name_nhgis_blocks,0.95,Gassaway,2000,162,1.0
high,CANNON,000705,2 3 PLEASANT RIDGE,2008,official_vtd_exact_name_nhgis_blocks,0.95,Pleasant Ridge,2000,2164,0.016671540233
high,CANNON,000707,2 3 PLEASANT RIDGE,2008,official_vtd_exact_name_nhgis_blocks,0.95,Pleasant Ridge,2000,2164,0.983328459767
high,CANNON,000703,3 2 WOODLAND,2008,official_vtd_exact_name_nhgis_blocks,0.95,Woodland,2000,158,1.0
high,CANNON,000704,4 1 EASTSIDE,2008,official_vtd_exact_name_nhgis_blocks,0.95,4 Eastside,2000,159,0.969109210982
high,CANNON,000705,4 1 EASTSIDE,2008,official_vtd_exact_name_nhgis_blocks,0.95,4 Eastside,2000,159,0.030890789018
high,CANNON,000701,5 1 WOODBURY,2008,official_vtd_exact_name_nhgis_blocks,0.95,Woodbury,2000,161,0.008897723159
high,CANNON,000704,5 1 WOODBURY,2008,official_vtd_exact_name_nhgis_blocks,0.95,Woodbury,2000,161,0.024226787578
high,CANNON,000705,5 1 WOODBURY,2008,official_vtd_exact_name_nhgis_blocks,0.95,Woodbury,2000,161,0.956193395409
high,CANNON,000707,5 1 WOODBURY,2008,official_vtd_exact_name_nhgis_blocks,0.95,Woodbury,2000,161,0.010682093854
high,CARROLL,000804,LAVINIA,2008,official_vtd_exact_name_nhgis_blocks,0.95,01 Lavinia,2000,180,0.034421969358
high,CARROLL,000816,LAVINIA,2008,official_vtd_exact_name_nhgis_blocks,0.95,01 Lavinia,2000,180,0.965578030642
high,CARROLL,000801,TREZEVANT,2008,official_vtd_exact_name_nhgis_blocks,0.95,02 Trezevant,2000,171,0.814953960524
high,CARROLL,000807,TREZEVANT,2008,official_vtd_exact_name_nhgis_blocks,0.95,02 Trezevant,2000,171,0.17471684204
high,CARROLL,000810,TREZEVANT,2008,official_vtd_exact_name_nhgis_blocks,0.95,02 Trezevant,2000,171,0.010329197436
high,CARROLL,000801,CHRISTMASVILLE,2008,official_vtd_exact_name_nhgis_blocks,0.95,03 Christmasville,2000,183,1.0
high,CARROLL,000810,MCLEMORESVILLE,2008,official_vtd_exact_name_nhgis_blocks,0.95,04 McLemoresville,2000,170,1.0
high,CARROLL,000804,CEDAR GROVE,2008,official_vtd_exact_name_nhgis_blocks,0.95,05 Cedar Grove,2000,174,1.0
high,CARROLL,000812,CLARKSBURG,2008,official_vtd_exact_name_nhgis_blocks,0.95,06 Clarksburg,2000,169,1.0
high,CARROLL,000802,MACEDONIA,2008,official_vtd_exact_name_nhgis_blocks,0.95,07 Macedonia,2000,185,1.0
high,CARROLL,000805,CIVIC CENTER,2008,official_vtd_exact_name_nhgis_blocks,0.95,08 Civic Center,2000,166,1.0
high,CARROLL,000805,HUNTINGDON CITY HALL,2008,official_vtd_exact_name_nhgis_blocks,0.95,09 Huntingdon City Hall,2000,168,0.001916375112
high,CARROLL,000807,HUNTINGDON CITY HALL,2008,official_vtd_exact_name_nhgis_blocks,0.95,09 Huntingdon City Hall,2000,168,0.998079925118
high,CARROLL,000810,HUNTINGDON CITY HALL,2008,official_vtd_exact_name_nhgis_blocks,0.95,09 Huntingdon City Hall,2000,168,3.69977e-06
high,CARROLL,000812,YUMA,2008,official_vtd_exact_name_nhgis_blocks,0.95,10 Yuma,2000,173,1.0
high,CARROLL,000819,BUENA VISTA,2008,official_vtd_exact_name_nhgis_blocks,0.95,11 Buena Vista,2000,176,1.0
high,CARROLL,000803,BRUCETON,2008,official_vtd_exact_name_nhgis_blocks,0.95,12 Bruceton,2000,178,0.996241498687
high,CARROLL,000815,BRUCETON,2008,official_vtd_exact_name_nhgis_blocks,0.95,12 Bruceton,2000,178,0.003758501313
high,CARROLL,000803,HOLLOW ROCK,2008,official_vtd_exact_name_nhgis_blocks,0.95,13 Hollow Rock,2000,177,0.219081516705
high,CARROLL,000815,HOLLOW ROCK,2008,official_vtd_exact_name_nhgis_blocks,0.95,13 Hollow Rock,2000,177,0.780918483295
high,CARROLL,000811,VALE,2008,official_vtd_exact_name_nhgis_blocks,0.95,14 Vale,2000,179,1.0
high,CARROLL,000804,WESTVIEW,2008,official_vtd_exact_name_nhgis_blocks,0.95,15 Westview,2000,181,0.992674112357
high,CARROLL,000816,WESTVIEW,2008,official_vtd_exact_name_nhgis_blocks,0.95,15 Westview,2000,181,0.007325887643
high,CARROLL,000817,ATWOOD,2008,official_vtd_exact_name_nhgis_blocks,0.95,16 Atwood,2000,182,1.0
high,CARROLL,000808,SENIOR CITIZENS,2008,official_vtd_exact_name_nhgis_blocks,0.95,17 Senior Citizens,2000,172,1.0
high,CARROLL,000805,CANNON,2008,official_vtd_exact_name_nhgis_blocks,0.95,18 Cannon,2000,165,0.081989113115
high,CARROLL,000814,CANNON,2008,official_vtd_exact_name_nhgis_blocks,0.95,18 Cannon,2000,165,0.918010886885
high,CARROLL,000806,CONCORD,2008,official_vtd_exact_name_nhgis_blocks,0.95,19 Concord,2000,167,1.0
high,CARROLL,000813,WESTPORT,2008,official_vtd_exact_name_nhgis_blocks,0.95,20 Westport,2000,175,1.0
high,CARTER,000906,HUNTER,2008,official_vtd_exact_name_nhgis_blocks,0.95,Hunter,2000,193,0.000362978237
high,CARTER,000908,HUNTER,2008,official_vtd_exact_name_nhgis_blocks,0.95,Hunter,2000,193,0.950598590429
high,CARTER,000922,HUNTER,2008,official_vtd_exact_name_nhgis_blocks,0.95,Hunter,2000,193,0.049038431333
high,CARTER,000921,MIDWAY,2008,official_vtd_exact_name_nhgis_blocks,0.95,Midway,2000,206,1.0
high,CARTER,000919,UNAKA,2008,official_vtd_exact_name_nhgis_blocks,0.95,Unaka,2000,204,1.0
high,CARTER,000915,ROAN MOUNTAIN,2008,official_vtd_exact_name_nhgis_blocks,0.95,Roan Mountain,2000,200,1.0
high,CARTER,000918,TIGER VALLEY,2008,official_vtd_exact_name_nhgis_blocks,0.95,Tiger Valley,2000,203,1.0
high,CARTER,000902,CENTRAL,2008,official_vtd_exact_name_nhgis_blocks,0.95,Central,2000,187,1.0
high,CARTER,000907,KEENBURG,2008,official_vtd_exact_name_nhgis_blocks,0.95,Keenburg,2000,192,1.0
high,CARTER,000902,RANGE,2008,official_vtd_exact_name_nhgis_blocks,0.95,Range,2000,188,0.409275423071
high,CARTER,000903,RANGE,2008,official_vtd_exact_name_nhgis_blocks,0.95,Range,2000,188,0.583426682551
high,CARTER,000920,RANGE,2008,official_vtd_exact_name_nhgis_blocks,0.95,Range,2000,188,0.007297894379
high,CARTER,000920,WATAUGA,2008,official_vtd_exact_name_nhgis_blocks,0.95,Watauga,2000,205,1.0
medium,CARTER,000906,COURTHOUSE,2008,official_vtd_fuzzy_name_nhgis_blocks,0.8571,Court House,2000,191,1.0
high,CARTER,000910,EASTSIDE,2008,official_vtd_exact_name_nhgis_blocks,0.95,Eastside,2000,195,1.0
high,CARTER,000909,SIAM,2008,official_vtd_exact_name_nhgis_blocks,0.95,Siam,2000,194,1.0
high,CARTER,000901,HAPPY VALLEY,2008,official_vtd_exact_name_nhgis_blocks,0.95,Happy Valley,2000,186,1.0
high,CARTER,000914,ELK MILLS,2008,official_vtd_exact_name_nhgis_blocks,0.95,Elk Mills,2000,199,1.0
high,CARTER,000916,HAMPTON,2008,official_vtd_exact_name_nhgis_blocks,0.95,Hampton,2000,201,1.0
high,CARTER,000913,LITTLE MILLIGAN,2008,official_vtd_exact_name_nhgis_blocks,0.95,Little Milligan,2000,198,1.0
high,CARTER,000904,VALLEY FORGE,2008,official_vtd_exact_name_nhgis_blocks,0.95,Valley Forge,2000,196,0.012598514911
high,CARTER,000905,VALLEY FORGE,2008,official_vtd_exact_name_nhgis_blocks,0.95,Valley Forge,2000,196,0.036309238031
high,CARTER,000911,VALLEY FORGE,2008,official_vtd_exact_name_nhgis_blocks,0.95,Valley Forge,2000,196,0.94823549455
high,CARTER,000912,VALLEY FORGE,2008,official_vtd_exact_name_nhgis_blocks,0.95,Valley Forge,2000,196,0.002856752507
high,CARTER,000911,GAP CREEK,2008,official_vtd_exact_name_nhgis_blocks,0.95,Gap Creek,2000,202,0.003695092884
high,CARTER,000917,GAP CREEK,2008,official_vtd_exact_name_nhgis_blocks,0.95,Gap Creek,2000,202,0.996304907116
high,CARTER,000901,WESTSIDE,2008,official_vtd_exact_name_nhgis_blocks,0.95,Westside,2000,189,0.002299708674
high,CARTER,000904,WESTSIDE,2008,official_vtd_exact_name_nhgis_blocks,0.95,Westside,2000,189,0.996408845623
high,CARTER,000911,WESTSIDE,2008,official_vtd_exact_name_nhgis_blocks,0.95,Westside,2000,189,0.001291445702
high,CARTER,000911,HAROLD MCCORMICK,2008,official_vtd_exact_name_nhgis_blocks,0.95,Harold McCormick,2000,197,0.007931882928
high,CARTER,000912,HAROLD MCCORMICK,2008,official_vtd_exact_name_nhgis_blocks,0.95,Harold McCormick,2000,197,0.992068117072
high,CARTER,000905,HIGH SCHOOL,2008,official_vtd_exact_name_nhgis_blocks,0.95,High School,2000,190,1.0
high,CHEATHAM,001004,1 1 COUNTY LIBRARY,2008,official_vtd_exact_label_code_nhgis_blocks,0.97,1-1 Cheatham Co. Library - Ashland City,2000,207,1.0
high,CHEATHAM,001001,2 2 EAST CHEATHAM,2008,official_vtd_exact_label_code_nhgis_blocks,0.97,2-2 East Cheatham Elem. School,2000,208,1.0
high,CHEATHAM,001001,3 1 PLEASANT VIEW,2008,official_vtd_exact_label_code_nhgis_blocks,0.97,3-1 Pleasant View City Hall,2000,211,0.116400756482
high,CHEATHAM,001003,3 1 PLEASANT VIEW,2008,official_vtd_exact_label_code_nhgis_blocks,0.97,3-1 Pleasant View City Hall,2000,211,0.800702503477
high,CHEATHAM,001008,3 1 PLEASANT VIEW,2008,official_vtd_exact_label_code_nhgis_blocks,0.97,3-1 Pleasant View City Hall,2000,211,0.082896740042
high,CHEATHAM,001002,4 1 WEST CHEATHAM,2008,official_vtd_exact_label_code_nhgis_blocks,0.97,4-1 West Cheatham Elem. School,2000,209,0.96634824354
high,CHEATHAM,001004,4 1 WEST CHEATHAM,2008,official_vtd_exact_label_code_nhgis_blocks,0.97,4-1 West Cheatham Elem. School,2000,209,0.03365027964
high,CHEATHAM,001008,4 1 WEST CHEATHAM,2008,official_vtd_exact_label_code_nhgis_blocks,0.97,4-1 West Cheatham Elem. School,2000,209,1.47682e-06
high,CHEATHAM,001002,4 2 NEW HOPE,2008,official_vtd_exact_label_code_nhgis_blocks,0.97,4-2 New Hope Community Center,2000,212,1.0
high,CHEATHAM,001001,4 3 SYCAMORE,2008,official_vtd_exact_label_code_nhgis_blocks,0.97,4-3 Sycamore Middle School,2000,210,0.000404318919
high,CHEATHAM,001004,4 3 SYCAMORE,2008,official_vtd_exact_label_code_nhgis_blocks,0.97,4-3 Sycamore Middle School,2000,210,0.079118541472
high,CHEATHAM,001008,4 3 SYCAMORE,2008,official_vtd_exact_label_code_nhgis_blocks,0.97,4-3 Sycamore Middle School,2000,210,0.920477139609
high,CHEATHAM,001005,5 1 TWO RIVERS,2008,official_vtd_exact_label_code_nhgis_blocks,0.97,5-1 Two Rivers Fire Hall,2000,213,1.0
high,CHEATHAM,001007,5 2 PEGRAM,2008,official_vtd_exact_label_code_nhgis_blocks,0.97,5-2 Pegram City Hall,2000,214,1.0
high,CHEATHAM,001005,6 1 HARPETH,2008,official_vtd_exact_label_code_nhgis_blocks,0.97,6-1 Harpeth High School,2000,215,0.069263674564
high,CHEATHAM,001006,6 1 HARPETH,2008,official_vtd_exact_label_code_nhgis_blocks,0.97,6-1 Harpeth High School,2000,215,0.930736325436
high,CHESTER,001108,1 2 ENVILLE,2008,official_vtd_code_and_name_nhgis_blocks,1.0,1-2 Enville,2000,218,1.0
high,CHESTER,001104,1 5 SWEET LIPS,2008,official_vtd_code_and_name_nhgis_blocks,1.0,1-5 Sweet Lips,2000,217,0.997590537152
high,CHESTER,006160,1 5 SWEET LIPS,2008,official_vtd_code_and_name_nhgis_blocks,1.0,1-5 Sweet Lips,2000,217,0.002409462848
high,CHESTER,001109,1 6 HARMONY,2008,official_vtd_code_and_name_nhgis_blocks,1.0,1-6 Harmony,2000,220,1.0
high,CHESTER,001107,2 1 JACKS CREEK,2008,official_vtd_code_and_name_nhgis_blocks,1.0,2-1 Jacks Creek,2000,219,0.895952723692
high,CHESTER,001108,2 1 JACKS CREEK,2008,official_vtd_code_and_name_nhgis_blocks,1.0,2-1 Jacks Creek,2000,219,0.104047276308
high,CHESTER,001103,3 2 MONTEZUMA,2008,official_vtd_code_and_name_nhgis_blocks,1.0,3-2 Montezuma,2000,216,0.97576066138
high,CHESTER,006154,3 2 MONTEZUMA,2008,official_vtd_code_and_name_nhgis_blocks,1.0,3-2 Montezuma,2000,216,0.02423933862
high,CHESTER,001111,3 4 MASSEYVILLE,2008,official_vtd_code_and_name_nhgis_blocks,1.0,3-4 Masseyville,2000,224,1.0
high,CHESTER,001110,3 6 DEANBURG,2008,official_vtd_code_and_name_nhgis_blocks,1.0,3-6 Deanburg,2000,225,1.0
medium,CHESTER,001102,4 1 WEST CHESTER SCH,2008,official_vtd_fuzzy_name_nhgis_blocks,0.8069,4 West Chester School,2000,226,0.962367387556
medium,CHESTER,001103,4 1 WEST CHESTER SCH,2008,official_vtd_fuzzy_name_nhgis_blocks,0.8069,4 West Chester School,2000,226,0.037584274895
medium,CHESTER,001106,4 1 WEST CHESTER SCH,2008,official_vtd_fuzzy_name_nhgis_blocks,0.8069,4 West Chester School,2000,226,4.8337548e-05
medium,CHESTER,001102,5 1 EAST CHESTER SCH,2008,official_vtd_fuzzy_name_nhgis_blocks,0.8069,5 East Chester School,2000,221,0.004620251682
medium,CHESTER,001104,5 1 EAST CHESTER SCH,2008,official_vtd_fuzzy_name_nhgis_blocks,0.8069,5 East Chester School,2000,221,0.000134776406
medium,CHESTER,001105,5 1 EAST CHESTER SCH,2008,official_vtd_fuzzy_name_nhgis_blocks,0.8069,5 East Chester School,2000,221,0.990245192251
medium,CHESTER,001106,5 1 EAST CHESTER SCH,2008,official_vtd_fuzzy_name_nhgis_blocks,0.8069,5 East Chester School,2000,221,0.004999779661
high,CLAIBORNE,001204,1 1 TAZEWELL,2008,official_vtd_exact_name_nhgis_blocks,0.95,Tazewell,2000,236,0.104332684748
high,CLAIBORNE,001206,1 1 TAZEWELL,2008,official_vtd_exact_name_nhgis_blocks,0.95,Tazewell,2000,236,2.3851922e-05
high,CLAIBORNE,001210,1 1 TAZEWELL,2008,official_vtd_exact_name_nhgis_blocks,0.95,Tazewell,2000,236,0.858296235503
high,CLAIBORNE,001215,1 1 TAZEWELL,2008,official_vtd_exact_name_nhgis_blocks,0.95,Tazewell,2000,236,0.037347227826
high,CLAIBORNE,001213,2 1 CLOUDS,2008,official_vtd_exact_name_nhgis_blocks,0.95,Clouds,2000,240,1.0
high,CLAIBORNE,001205,2 2 GOIN,2008,official_vtd_exact_name_nhgis_blocks,0.95,Goin,2000,231,0.88149982863
high,CLAIBORNE,001206,2 2 GOIN,2008,official_vtd_exact_name_nhgis_blocks,0.95,Goin,2000,231,0.000227143247
high,CLAIBORNE,001211,2 2 GOIN,2008,official_vtd_exact_name_nhgis_blocks,0.95,Goin,2000,231,0.101081261064
high,CLAIBORNE,001213,2 2 GOIN,2008,official_vtd_exact_name_nhgis_blocks,0.95,Goin,2000,231,0.016970484896
high,CLAIBORNE,009009,2 2 GOIN,2008,official_vtd_exact_name_nhgis_blocks,0.95,Goin,2000,231,0.000221282163
high,CLAIBORNE,001206,2 3 SANDLICK,2008,official_vtd_exact_name_nhgis_blocks,0.95,Sandlick,2000,237,0.005246154436
high,CLAIBORNE,001211,2 3 SANDLICK,2008,official_vtd_exact_name_nhgis_blocks,0.95,Sandlick,2000,237,0.994753845564
high,CLAIBORNE,001206,3 1 LONE MOUNTAIN,2008,official_vtd_exact_name_nhgis_blocks,0.95,Lone Mountain,2000,233,0.000330576016
high,CLAIBORNE,001207,3 1 LONE MOUNTAIN,2008,official_vtd_exact_name_nhgis_blocks,0.95,Lone Mountain,2000,233,0.998104208052
high,CLAIBORNE,001215,3 1 LONE MOUNTAIN,2008,official_vtd_exact_name_nhgis_blocks,0.95,Lone Mountain,2000,233,0.001565215933
high,CLAIBORNE,001206,3 2 NEW TAZEWELL,2008,official_vtd_exact_name_nhgis_blocks,0.95,New Tazewell,2000,232,1.0
high,CLAIBORNE,001210,4 1 GIBSON HALL,2008,official_vtd_exact_name_nhgis_blocks,0.95,Gibson Hall,2000,239,0.119954234984
high,CLAIBORNE,001212,4 1 GIBSON HALL,2008,official_vtd_exact_name_nhgis_blocks,0.95,Gibson Hall,2000,239,0.880045765016
high,CLAIBORNE,001214,4 2 HOWARD S QUARTER,2008,official_vtd_exact_name_nhgis_blocks,0.95,Howard's Quarter,2000,241,1.0
high,CLAIBORNE,001216,4 3 LIBERTY,2008,official_vtd_exact_name_nhgis_blocks,0.95,Liberty,2000,243,1.0
high,CLAIBORNE,001207,4 4 SPRINGDALE,2008,official_vtd_exact_name_nhgis_blocks,0.95,Springdale,2000,242,0.0045243752
high,CLAIBORNE,001210,4 4 SPRINGDALE,2008,official_vtd_exact_name_nhgis_blocks,0.95,Springdale,2000,242,0.009995637399
high,CLAIBORNE,001214,4 4 SPRINGDALE,2008,official_vtd_exact_name_nhgis_blocks,0.95,Springdale,2000,242,0.000174332221
high,CLAIBORNE,001215,4 4 SPRINGDALE,2008,official_vtd_exact_name_nhgis_blocks,0.95,Springdale,2000,242,0.971990271973
high,CLAIBORNE,001216,4 4 SPRINGDALE,2008,official_vtd_exact_name_nhgis_blocks,0.95,Springdale,2000,242,0.013315383206
high,CLAIBORNE,001203,5 1 BIG SPRING UNION,2008,official_vtd_exact_name_nhgis_blocks,0.95,Big Spring Union,2000,229,1.0
high,CLAIBORNE,001203,6 1 HARROGATE,2008,official_vtd_exact_name_nhgis_blocks,0.95,Harrogate,2000,230,0.00523610543
high,CLAIBORNE,001204,6 1 HARROGATE,2008,official_vtd_exact_name_nhgis_blocks,0.95,Harrogate,2000,230,0.817372837825
high,CLAIBORNE,001209,6 1 HARROGATE,2008,official_vtd_exact_name_nhgis_blocks,0.95,Harrogate,2000,230,3.1142898e-05
high,CLAIBORNE,001210,6 1 HARROGATE,2008,official_vtd_exact_name_nhgis_blocks,0.95,Harrogate,2000,230,0.177359913847
high,CLAIBORNE,001203,6 2 SHAWANEE,2008,official_vtd_exact_name_nhgis_blocks,0.95,Shawanee,2000,238,0.25243248941
high,CLAIBORNE,001204,6 2 SHAWANEE,2008,official_vtd_exact_name_nhgis_blocks,0.95,Shawanee,2000,238,0.74756751059
high,CLAIBORNE,001201,7 1 ARTHUR,2008,official_vtd_exact_name_nhgis_blocks,0.95,Arthur,2000,227,0.855163707213
high,CLAIBORNE,001208,7 1 ARTHUR,2008,official_vtd_exact_name_nhgis_blocks,0.95,Arthur,2000,227,0.144836292787
high,CLAIBORNE,001209,7 2 CUMBERLAND GAP,2008,official_vtd_exact_name_nhgis_blocks,0.95,Cumberland Gap,2000,235,1.0
high,CLAIBORNE,001217,8 1 ROGERS MILL,2008,official_vtd_exact_name_nhgis_blocks,0.95,Rogers Mill,2000,244,1.0
medium,CLAIBORNE,001208,8 2 VANBEBBER SPRNGS,2008,official_vtd_fuzzy_name_nhgis_blocks,0.8727,Vanbebber Springs,2000,234,1.0
high,CLAIBORNE,001202,9 1 CLAIRFIELD,2008,official_vtd_exact_name_nhgis_blocks,0.95,Clairfield,2000,228,1.0
high,CLAY,001303,1 DENTONS CROSS ROAD,2008,official_vtd_exact_label_code_nhgis_blocks,0.97,1 Dentons Cross Roads,2000,247,1.0
high,CLAY,001307,2 HERMITAGE SPRINGS,2008,official_vtd_code_and_name_nhgis_blocks,1.0,2 Hermitage Springs,2000,251,1.0
high,CLAY,001305,3 CELINA,2008,official_vtd_code_and_name_nhgis_blocks,1.0,3 Celina,2000,249,0.561070537138
high,CLAY,001306,3 CELINA,2008,official_vtd_code_and_name_nhgis_blocks,1.0,3 Celina,2000,249,0.438929462862
high,CLAY,001301,4 1 MAPLE GROVE,2008,official_vtd_code_and_name_nhgis_blocks,1.0,4-1 Maple Grove,2000,245,1.0
high,CLAY,001304,4 2 BUTLERS LANDING,2008,official_vtd_code_and_name_nhgis_blocks,1.0,4-2 Butlers Landing,2000,250,0.009555372849
high,CLAY,001306,4 2 BUTLERS LANDING,2008,official_vtd_code_and_name_nhgis_blocks,1.0,4-2 Butlers Landing,2000,250,0.990444627151
high,CLAY,001304,5 1 ARCOT BEECH BETH,2008,official_vtd_exact_label_code_nhgis_blocks,0.97,5-1 Pea Ridge,2000,248,0.959160744662
high,CLAY,001305,5 1 ARCOT BEECH BETH,2008,official_vtd_exact_label_code_nhgis_blocks,0.97,5-1 Pea Ridge,2000,248,0.017213882106
high,CLAY,001306,5 1 ARCOT BEECH BETH,2008,official_vtd_exact_label_code_nhgis_blocks,0.97,5-1 Pea Ridge,2000,248,0.023625373231
high,CLAY,001304,5 2 PEA RIDGE,2008,official_vtd_exact_name_nhgis_blocks,0.95,5-1 Pea Ridge,2000,248,0.959160744662
high,CLAY,001305,5 2 PEA RIDGE,2008,official_vtd_exact_name_nhgis_blocks,0.95,5-1 Pea Ridge,2000,248,0.017213882106
high,CLAY,001306,5 2 PEA RIDGE,2008,official_vtd_exact_name_nhgis_blocks,0.95,5-1 Pea Ridge,2000,248,0.023625373231
high,COCKE,001404,DEL RIO,2008,official_vtd_exact_name_nhgis_blocks,0.95,Del Rio,2000,259,1.0
high,COCKE,001408,GRASSY FORK,2008,official_vtd_exact_name_nhgis_blocks,0.95,Grassy Fork,2000,262,1.0
high,COCKE,001409,EDWINA,2008,official_vtd_exact_name_nhgis_blocks,0.95,Edwina,2000,264,1.0
high,COCKE,001417,BRIDGEPORT,2008,official_vtd_exact_name_nhgis_blocks,0.95,Bridgeport,2000,255,1.0
high,COCKE,001401,LONG CREEK,2008,official_vtd_exact_name_nhgis_blocks,0.95,Long Creek,2000,261,1.0
high,COCKE,001418,HOUSTON VALLEY,2008,official_vtd_exact_name_nhgis_blocks,0.95,Houston Valley,2000,260,1.0
high,COCKE,001419,PARROTTSVILLE,2008,official_vtd_exact_name_nhgis_blocks,0.95,Parrottsville,2000,265,1.0
high,COCKE,001403,CENTERVIEW,2008,official_vtd_exact_name_nhgis_blocks,0.95,Centerview,2000,252,1.0
high,COCKE,001414,FOREST HILL,2008,official_vtd_exact_name_nhgis_blocks,0.95,Forest Hill,2000,253,0.993270187705
high,COCKE,001419,FOREST HILL,2008,official_vtd_exact_name_nhgis_blocks,0.95,Forest Hill,2000,253,0.006729812295
high,COCKE,001413,RANKIN,2008,official_vtd_exact_name_nhgis_blocks,0.95,Rankin,2000,254,1.0
high,COCKE,001406,ARMORY,2008,official_vtd_exact_name_nhgis_blocks,0.95,Armory,2000,270,0.037713911271
high,COCKE,001411,ARMORY,2008,official_vtd_exact_name_nhgis_blocks,0.95,Armory,2000,270,0.962286088729
high,COCKE,001402,EDGEMONT,2008,official_vtd_exact_name_nhgis_blocks,0.95,Edgemont,2000,258,0.000613207091
high,COCKE,001412,EDGEMONT,2008,official_vtd_exact_name_nhgis_blocks,0.95,Edgemont,2000,258,0.998630081903
high,COCKE,001415,EDGEMONT,2008,official_vtd_exact_name_nhgis_blocks,0.95,Edgemont,2000,258,0.000756711006
medium,COCKE,001402,COCKE COUNTY HIGH,2008,official_vtd_fuzzy_name_nhgis_blocks,0.8053,Cocke County High Sch,2000,268,0.959799722031
medium,COCKE,001406,COCKE COUNTY HIGH,2008,official_vtd_fuzzy_name_nhgis_blocks,0.8053,Cocke County High Sch,2000,268,3.574525e-06
medium,COCKE,001411,COCKE COUNTY HIGH,2008,official_vtd_fuzzy_name_nhgis_blocks,0.8053,Cocke County High Sch,2000,268,3.0617567e-05
medium,COCKE,001412,COCKE COUNTY HIGH,2008,official_vtd_fuzzy_name_nhgis_blocks,0.8053,Cocke County High Sch,2000,268,0.000178290631
medium,COCKE,001415,COCKE COUNTY HIGH,2008,official_vtd_fuzzy_name_nhgis_blocks,0.8053,Cocke County High Sch,2000,268,0.039987795246
high,COCKE,001406,COSBY,2008,official_vtd_exact_name_nhgis_blocks,0.95,Cosby,2000,266,0.066716159512
high,COCKE,001410,COSBY,2008,official_vtd_exact_name_nhgis_blocks,0.95,Cosby,2000,266,0.932989590397
high,COCKE,001411,COSBY,2008,official_vtd_exact_name_nhgis_blocks,0.95,Cosby,2000,266,0.000294250091
high,COCKE,001405,SMOKY MOUNTAIN,2008,official_vtd_exact_name_nhgis_blocks,0.95,Smoky Mountain,2000,263,1.0
medium,COCKE,001402,NEWPORT GRAMMAR SCH,2008,official_vtd_fuzzy_name_nhgis_blocks,0.8341,Newport Grammar School,2000,267,0.000172501201
medium,COCKE,001406,NEWPORT GRAMMAR SCH,2008,official_vtd_fuzzy_name_nhgis_blocks,0.8341,Newport Grammar School,2000,267,0.996777523957
medium,COCKE,001409,NEWPORT GRAMMAR SCH,2008,official_vtd_fuzzy_name_nhgis_blocks,0.8341,Newport Grammar School,2000,267,0.003049974841
high,COCKE,001416,CENTRAL,2008,official_vtd_exact_name_nhgis_blocks,0.95,Central,2000,269,1.0
high,COCKE,001407,NORTHPORT,2008,official_vtd_exact_name_nhgis_blocks,0.95,Northport,2000,256,1.0
high,COCKE,001407,WEST END,2008,official_vtd_exact_name_nhgis_blocks,0.95,West End,2000,257,0.005282728041
high,COCKE,001412,WEST END,2008,official_vtd_exact_name_nhgis_blocks,0.95,West End,2000,257,0.004471210182
high,COCKE,001415,WEST END,2008,official_vtd_exact_name_nhgis_blocks,0.95,West End,2000,257,0.990246061777
high,COFFEE,001501,1 ADA WRIGHT CENTER,2008,official_vtd_code_and_name_nhgis_blocks,1.0,01 Ada Wright Center,2000,279,0.909924612371
high,COFFEE,001502,1 ADA WRIGHT CENTER,2008,official_vtd_code_and_name_nhgis_blocks,1.0,01 Ada Wright Center,2000,279,0.081480999011
high,COFFEE,001511,1 ADA WRIGHT CENTER,2008,official_vtd_code_and_name_nhgis_blocks,1.0,01 Ada Wright Center,2000,279,0.008059256318
high,COFFEE,001512,1 ADA WRIGHT CENTER,2008,official_vtd_code_and_name_nhgis_blocks,1.0,01 Ada Wright Center,2000,279,0.0005351323
high,COFFEE,001501,2 WESTWOOD JR HIGH,2008,official_vtd_exact_label_code_nhgis_blocks,0.97,02 St. Paul United Methodist Church,2000,278,0.061844959194
high,COFFEE,001502,2 WESTWOOD JR HIGH,2008,official_vtd_exact_label_code_nhgis_blocks,0.97,02 St. Paul United Methodist Church,2000,278,0.936930770852
high,COFFEE,001503,2 WESTWOOD JR HIGH,2008,official_vtd_exact_label_code_nhgis_blocks,0.97,02 St. Paul United Methodist Church,2000,278,0.000301259372
high,COFFEE,001512,2 WESTWOOD JR HIGH,2008,official_vtd_exact_label_code_nhgis_blocks,0.97,02 St. Paul United Methodist Church,2000,278,0.000117274023
high,COFFEE,001514,2 WESTWOOD JR HIGH,2008,official_vtd_exact_label_code_nhgis_blocks,0.97,02 St. Paul United Methodist Church,2000,278,0.000805736558
high,COFFEE,001502,3 CENTRAL HIGH,2008,official_vtd_exact_label_code_nhgis_blocks,0.97,03 Trinity Baptist Church,2000,281,0.023019637272
high,COFFEE,001503,3 CENTRAL HIGH,2008,official_vtd_exact_label_code_nhgis_blocks,0.97,03 Trinity Baptist Church,2000,281,0.760781778556
high,COFFEE,001504,3 CENTRAL HIGH,2008,official_vtd_exact_label_code_nhgis_blocks,0.97,03 Trinity Baptist Church,2000,281,0.214642618794
high,COFFEE,001506,3 CENTRAL HIGH,2008,official_vtd_exact_label_code_nhgis_blocks,0.97,03 Trinity Baptist Church,2000,281,0.001555965377
high,COFFEE,001501,4 COFFEE CO MIDDLE,2008,official_vtd_exact_label_code_nhgis_blocks,0.97,04 First Baptist Church,2000,280,0.559905141917
high,COFFEE,001504,4 COFFEE CO MIDDLE,2008,official_vtd_exact_label_code_nhgis_blocks,0.97,04 First Baptist Church,2000,280,0.348847521651
high,COFFEE,001506,4 COFFEE CO MIDDLE,2008,official_vtd_exact_label_code_nhgis_blocks,0.97,04 First Baptist Church,2000,280,0.001493087072
high,COFFEE,001507,4 COFFEE CO MIDDLE,2008,official_vtd_exact_label_code_nhgis_blocks,0.97,04 First Baptist Church,2000,280,0.000251694032
high,COFFEE,001508,4 COFFEE CO MIDDLE,2008,official_vtd_exact_label_code_nhgis_blocks,0.97,04 First Baptist Church,2000,280,1.5449544e-05
high,COFFEE,001510,4 COFFEE CO MIDDLE,2008,official_vtd_exact_label_code_nhgis_blocks,0.97,04 First Baptist Church,2000,280,0.089482207247
high,COFFEE,001511,4 COFFEE CO MIDDLE,2008,official_vtd_exact_label_code_nhgis_blocks,0.97,04 First Baptist Church,2000,280,4.898538e-06
high,COFFEE,001505,5 HILLSBORO,2008,official_vtd_exact_label_code_nhgis_blocks,0.97,05 Hillsboro Community Center,2000,271,1.0
high,COFFEE,001501,6 TENNESSEE VOC CTR,2008,official_vtd_exact_label_code_nhgis_blocks,0.97,06 Tennessee Vocational Center,2000,282,9.1085573e-05
high,COFFEE,001503,6 TENNESSEE VOC CTR,2008,official_vtd_exact_label_code_nhgis_blocks,0.97,06 Tennessee Vocational Center,2000,282,0.011250767763
high,COFFEE,001504,6 TENNESSEE VOC CTR,2008,official_vtd_exact_label_code_nhgis_blocks,0.97,06 Tennessee Vocational Center,2000,282,0.019241138705
high,COFFEE,001505,6 TENNESSEE VOC CTR,2008,official_vtd_exact_label_code_nhgis_blocks,0.97,06 Tennessee Vocational Center,2000,282,0.005224782945
high,COFFEE,001506,6 TENNESSEE VOC CTR,2008,official_vtd_exact_label_code_nhgis_blocks,0.97,06 Tennessee Vocational Center,2000,282,0.930219825092
high,COFFEE,001507,6 TENNESSEE VOC CTR,2008,official_vtd_exact_label_code_nhgis_blocks,0.97,06 Tennessee Vocational Center,2000,282,0.024333969885
high,COFFEE,001514,6 TENNESSEE VOC CTR,2008,official_vtd_exact_label_code_nhgis_blocks,0.97,06 Tennessee Vocational Center,2000,282,0.009638430035
high,COFFEE,001501,7 FOREST MILL,2008,official_vtd_exact_label_code_nhgis_blocks,0.97,07 Forrest Mill Church of Christ Activity Center,2000,284,0.005390099419
high,COFFEE,001506,7 FOREST MILL,2008,official_vtd_exact_label_code_nhgis_blocks,0.97,07 Forrest Mill Church of Christ Activity Center,2000,284,0.002328223711
high,COFFEE,001507,7 FOREST MILL,2008,official_vtd_exact_label_code_nhgis_blocks,0.97,07 Forrest Mill Church of Christ Activity Center,2000,284,0.935541174162
high,COFFEE,001508,7 FOREST MILL,2008,official_vtd_exact_label_code_nhgis_blocks,0.97,07 Forrest Mill Church of Christ Activity Center,2000,284,0.022039817675
high,COFFEE,001523,7 FOREST MILL,2008,official_vtd_exact_label_code_nhgis_blocks,0.97,07 Forrest Mill Church of Christ Activity Center,2000,284,0.034700685032
high,COFFEE,001501,8 NEW UNION,2008,official_vtd_exact_label_code_nhgis_blocks,0.97,08 New Union Fire Hall,2000,283,0.001609928812
high,COFFEE,001508,8 NEW UNION,2008,official_vtd_exact_label_code_nhgis_blocks,0.97,08 New Union Fire Hall,2000,283,0.865011434858
high,COFFEE,001509,8 NEW UNION,2008,official_vtd_exact_label_code_nhgis_blocks,0.97,08 New Union Fire Hall,2000,283,0.008697679432
high,COFFEE,001510,8 NEW UNION,2008,official_vtd_exact_label_code_nhgis_blocks,0.97,08 New Union Fire Hall,2000,283,0.067206971088
high,COFFEE,001522,8 NEW UNION,2008,official_vtd_exact_label_code_nhgis_blocks,0.97,08 New Union Fire Hall,2000,283,0.057473985811
high,COFFEE,001508,9 1 POCAHONTAS,2008,official_vtd_exact_label_code_nhgis_blocks,0.97,09-1 Pocahontas Comm Center,2000,287,0.147552928819
high,COFFEE,001509,9 1 POCAHONTAS,2008,official_vtd_exact_label_code_nhgis_blocks,0.97,09-1 Pocahontas Comm Center,2000,287,0.001181817364
high,COFFEE,001522,9 1 POCAHONTAS,2008,official_vtd_exact_label_code_nhgis_blocks,0.97,09-1 Pocahontas Comm Center,2000,287,0.851240419223
high,COFFEE,009214,9 1 POCAHONTAS,2008,official_vtd_exact_label_code_nhgis_blocks,0.97,09-1 Pocahontas Comm Center,2000,287,2.4834593e-05
high,COFFEE,001507,9 2 SUMMITVILLE,2008,official_vtd_exact_label_code_nhgis_blocks,0.97,09-2 Summitville Comm Center,2000,273,0.002932621518
high,COFFEE,001508,9 2 SUMMITVILLE,2008,official_vtd_exact_label_code_nhgis_blocks,0.97,09-2 Summitville Comm Center,2000,273,0.012825270868
high,COFFEE,001522,9 2 SUMMITVILLE,2008,official_vtd_exact_label_code_nhgis_blocks,0.97,09-2 Summitville Comm Center,2000,273,0.001754946346
high,COFFEE,001523,9 2 SUMMITVILLE,2008,official_vtd_exact_label_code_nhgis_blocks,0.97,09-2 Summitville Comm Center,2000,273,0.981363575749
high,COFFEE,009214,9 2 SUMMITVILLE,2008,official_vtd_exact_label_code_nhgis_blocks,0.97,09-2 Summitville Comm Center,2000,273,0.00112358552
high,COFFEE,001508,10 1 GOOSEPOND,2008,official_vtd_exact_label_code_nhgis_blocks,0.97,10-1 Goosepond Comm Center,2000,288,0.158888013651
high,COFFEE,001509,10 1 GOOSEPOND,2008,official_vtd_exact_label_code_nhgis_blocks,0.97,10-1 Goosepond Comm Center,2000,288,0.797473687182
high,COFFEE,001522,10 1 GOOSEPOND,2008,official_vtd_exact_label_code_nhgis_blocks,0.97,10-1 Goosepond Comm Center,2000,288,0.043638299167
high,COFFEE,001509,10 2 NOAH,2008,official_vtd_exact_label_code_nhgis_blocks,0.97,10-2 Noah Comm Center,2000,289,0.964081400702
high,COFFEE,001511,10 2 NOAH,2008,official_vtd_exact_label_code_nhgis_blocks,0.97,10-2 Noah Comm Center,2000,289,0.035918599298
high,COFFEE,001501,11 FREDONIA,2008,official_vtd_exact_label_code_nhgis_blocks,0.97,11 Fredonia Comm Center,2000,2163,0.0004008123
high,COFFEE,001508,11 FREDONIA,2008,official_vtd_exact_label_code_nhgis_blocks,0.97,11 Fredonia Comm Center,2000,2163,0.003364875181
high,COFFEE,001510,11 FREDONIA,2008,official_vtd_exact_label_code_nhgis_blocks,0.97,11 Fredonia Comm Center,2000,2163,0.787209686993
high,COFFEE,001511,11 FREDONIA,2008,official_vtd_exact_label_code_nhgis_blocks,0.97,11 Fredonia Comm Center,2000,2163,0.209024625526
high,COFFEE,001501,12 NORTH COFFEE,2008,official_vtd_exact_label_code_nhgis_blocks,0.97,12 North Coffee Elem School,2000,272,0.017597464846
high,COFFEE,001502,12 NORTH COFFEE,2008,official_vtd_exact_label_code_nhgis_blocks,0.97,12 North Coffee Elem School,2000,272,0.007041896623
high,COFFEE,001511,12 NORTH COFFEE,2008,official_vtd_exact_label_code_nhgis_blocks,0.97,12 North Coffee Elem School,2000,272,0.871766917495
high,COFFEE,001512,12 NORTH COFFEE,2008,official_vtd_exact_label_code_nhgis_blocks,0.97,12 North Coffee Elem School,2000,272,0.103593721036
high,COFFEE,001502,13 1 BLANTON S CHAP,2008,official_vtd_exact_label_code_nhgis_blocks,0.97,13-1 Blanton's Chapel Comm Center,2000,277,0.013995649315
high,COFFEE,001511,13 1 BLANTON S CHAP,2008,official_vtd_exact_label_code_nhgis_blocks,0.97,13-1 Blanton's Chapel Comm Center,2000,277,0.000326817813
high,COFFEE,001512,13 1 BLANTON S CHAP,2008,official_vtd_exact_label_code_nhgis_blocks,0.97,13-1 Blanton's Chapel Comm Center,2000,277,0.856795245968
high,COFFEE,001514,13 1 BLANTON S CHAP,2008,official_vtd_exact_label_code_nhgis_blocks,0.97,13-1 Blanton's Chapel Comm Center,2000,277,0.128882286904
high,COFFEE,001512,13 2 SCHMIEDE TMT,2008,official_vtd_exact_label_code_nhgis_blocks,0.97,13-2 Schmeide/TMT,2000,286,0.005617906458
high,COFFEE,001513,13 2 SCHMIEDE TMT,2008,official_vtd_exact_label_code_nhgis_blocks,0.97,13-2 Schmeide/TMT,2000,286,0.877039438015
high,COFFEE,001514,13 2 SCHMIEDE TMT,2008,official_vtd_exact_label_code_nhgis_blocks,0.97,13-2 Schmeide/TMT,2000,286,0.024130000438
high,COFFEE,001515,13 2 SCHMIEDE TMT,2008,official_vtd_exact_label_code_nhgis_blocks,0.97,13-2 Schmeide/TMT,2000,286,0.011003524649
high,COFFEE,001516,13 2 SCHMIEDE TMT,2008,official_vtd_exact_label_code_nhgis_blocks,0.97,13-2 Schmeide/TMT,2000,286,0.007795599731
high,COFFEE,001518,13 2 SCHMIEDE TMT,2008,official_vtd_exact_label_code_nhgis_blocks,0.97,13-2 Schmeide/TMT,2000,286,0.074413530708
high,COFFEE,001503,14 HICKERSON,2008,official_vtd_exact_label_code_nhgis_blocks,0.97,14 Hickerson Fire Hall,2000,276,0.022942166444
high,COFFEE,001512,14 HICKERSON,2008,official_vtd_exact_label_code_nhgis_blocks,0.97,14 Hickerson Fire Hall,2000,276,0.00360988872
high,COFFEE,001513,14 HICKERSON,2008,official_vtd_exact_label_code_nhgis_blocks,0.97,14 Hickerson Fire Hall,2000,276,0.003753265808
high,COFFEE,001514,14 HICKERSON,2008,official_vtd_exact_label_code_nhgis_blocks,0.97,14 Hickerson Fire Hall,2000,276,0.969548001227
high,COFFEE,001516,14 HICKERSON,2008,official_vtd_exact_label_code_nhgis_blocks,0.97,14 Hickerson Fire Hall,2000,276,0.000146677801
high,COFFEE,001513,15 GRACE BAPTIST,2008,official_vtd_exact_label_code_nhgis_blocks,0.97,15 Grace Baptist Center,2000,292,0.00092344219
high,COFFEE,001515,15 GRACE BAPTIST,2008,official_vtd_exact_label_code_nhgis_blocks,0.97,15 Grace Baptist Center,2000,292,0.930601164317
high,COFFEE,001516,15 GRACE BAPTIST,2008,official_vtd_exact_label_code_nhgis_blocks,0.97,15 Grace Baptist Center,2000,292,0.025898053097
high,COFFEE,001518,15 GRACE BAPTIST,2008,official_vtd_exact_label_code_nhgis_blocks,0.97,15 Grace Baptist Center,2000,292,0.042577340395
high,COFFEE,001513,16 LION S CLUB,2008,official_vtd_code_and_name_nhgis_blocks,1.0,16 Lion's Club,2000,285,0.024380030432
high,COFFEE,001514,16 LION S CLUB,2008,official_vtd_code_and_name_nhgis_blocks,1.0,16 Lion's Club,2000,285,0.000702757888
high,COFFEE,001516,16 LION S CLUB,2008,official_vtd_code_and_name_nhgis_blocks,1.0,16 Lion's Club,2000,285,0.97491721168
high,COFFEE,001514,17 HANDS ON SCIENCE,2008,official_vtd_exact_label_code_nhgis_blocks,0.97,17 HOSC,2000,290,0.029617017094
high,COFFEE,001517,17 HANDS ON SCIENCE,2008,official_vtd_exact_label_code_nhgis_blocks,0.97,17 HOSC,2000,290,0.970382982906
high,COFFEE,001513,18 FIRST CHRISTIAN,2008,official_vtd_exact_label_code_nhgis_blocks,0.97,18 First Christian Church,2000,275,1.1417176e-05
high,COFFEE,001518,18 FIRST CHRISTIAN,2008,official_vtd_exact_label_code_nhgis_blocks,0.97,18 First Christian Church,2000,275,0.980170639097
high,COFFEE,001519,18 FIRST CHRISTIAN,2008,official_vtd_exact_label_code_nhgis_blocks,0.97,18 First Christian Church,2000,275,0.019817943727
high,COFFEE,001519,19 CD STAMPS CENTER,2008,official_vtd_code_and_name_nhgis_blocks,1.0,19 CD Stamps Center,2000,291,1.0
high,COFFEE,001520,20 COFFEE CO SC CTR,2008,official_vtd_exact_label_code_nhgis_blocks,0.97,20 CC Senior Center,2000,2162,0.989642894591
high,COFFEE,001521,20 COFFEE CO SC CTR,2008,official_vtd_exact_label_code_nhgis_blocks,0.97,20 CC Senior Center,2000,2162,0.010357105409
high,COFFEE,001521,21 WILSON AVE C OF C,2008,official_vtd_exact_label_code_nhgis_blocks,0.97,21 Wilson Ave. Church of Christ,2000,274,1.0
high,CROCKETT,001602,01,2008,official_vtd_code_and_name_nhgis_blocks,1.0,1,2000,294,0.993172318737
high,CROCKETT,001603,01,2008,official_vtd_code_and_name_nhgis_blocks,1.0,1,2000,294,0.006827681263
high,CROCKETT,001603,02,2008,official_vtd_code_and_name_nhgis_blocks,1.0,2,2000,295,0.973545773219
high,CROCKETT,001609,02,2008,official_vtd_code_and_name_nhgis_blocks,1.0,2,2000,295,0.026454226781
high,CROCKETT,001608,03,2008,official_vtd_code_and_name_nhgis_blocks,1.0,3,2000,301,0.018980208041
high,CROCKETT,001609,03,2008,official_vtd_code_and_name_nhgis_blocks,1.0,3,2000,301,0.981019791959
high,CROCKETT,001601,04,2008,official_vtd_code_and_name_nhgis_blocks,1.0,4,2000,293,1.0
high,CROCKETT,001608,05,2008,official_vtd_code_and_name_nhgis_blocks,1.0,5,2000,300,1.0
high,CROCKETT,001612,06,2008,official_vtd_code_and_name_nhgis_blocks,1.0,6,2000,304,1.0
high,CROCKETT,001610,07,2008,official_vtd_code_and_name_nhgis_blocks,1.0,7,2000,302,1.0
high,CROCKETT,001604,08,2008,official_vtd_code_and_name_nhgis_blocks,1.0,8,2000,303,0.001727560068
high,CROCKETT,001606,08,2008,official_vtd_code_and_name_nhgis_blocks,1.0,8,2000,303,0.10830298632
high,CROCKETT,001608,08,2008,official_vtd_code_and_name_nhgis_blocks,1.0,8,2000,303,0.004932023522
high,CROCKETT,001611,08,2008,official_vtd_code_and_name_nhgis_blocks,1.0,8,2000,303,0.759797620801
high,CROCKETT,001612,08,2008,official_vtd_code_and_name_nhgis_blocks,1.0,8,2000,303,0.125239809289
high,CROCKETT,001604,09,2008,official_vtd_code_and_name_nhgis_blocks,1.0,9,2000,296,0.795119757685
high,CROCKETT,001605,09,2008,official_vtd_code_and_name_nhgis_blocks,1.0,9,2000,296,0.025008201226
high,CROCKETT,001606,09,2008,official_vtd_code_and_name_nhgis_blocks,1.0,9,2000,296,0.010692618455
high,CROCKETT,001609,09,2008,official_vtd_code_and_name_nhgis_blocks,1.0,9,2000,296,0.169179422634
high,CROCKETT,001605,10,2008,official_vtd_code_and_name_nhgis_blocks,1.0,10,2000,297,0.883635510289
high,CROCKETT,001606,10,2008,official_vtd_code_and_name_nhgis_blocks,1.0,10,2000,297,0.116364489711
high,CROCKETT,001605,11,2008,official_vtd_code_and_name_nhgis_blocks,1.0,11,2000,298,0.013342617535
high,CROCKETT,001606,11,2008,official_vtd_code_and_name_nhgis_blocks,1.0,11,2000,298,0.911653716186
high,CROCKETT,001607,11,2008,official_vtd_code_and_name_nhgis_blocks,1.0,11,2000,298,0.017262020891
high,CROCKETT,001612,11,2008,official_vtd_code_and_name_nhgis_blocks,1.0,11,2000,298,0.057741645388
high,CROCKETT,001607,12,2008,official_vtd_code_and_name_nhgis_blocks,1.0,12,2000,299,1.0
high,CUMBERLAND,001704,1 CCHS,2008,official_vtd_exact_label_code_nhgis_blocks,0.97,1 Cornerstone Baptist Church,2000,305,0.001300637269
high,CUMBERLAND,001705,1 CCHS,2008,official_vtd_exact_label_code_nhgis_blocks,0.97,1 Cornerstone Baptist Church,2000,305,0.994083816292
high,CUMBERLAND,001719,1 CCHS,2008,official_vtd_exact_label_code_nhgis_blocks,0.97,1 Cornerstone Baptist Church,2000,305,0.004615546439
high,CUMBERLAND,001704,1 COMMUNITY COMPLEX,2008,official_vtd_exact_label_code_nhgis_blocks,0.97,1 Cornerstone Baptist Church,2000,305,0.001300637269
high,CUMBERLAND,001705,1 COMMUNITY COMPLEX,2008,official_vtd_exact_label_code_nhgis_blocks,0.97,1 Cornerstone Baptist Church,2000,305,0.994083816292
high,CUMBERLAND,001719,1 COMMUNITY COMPLEX,2008,official_vtd_exact_label_code_nhgis_blocks,0.97,1 Cornerstone Baptist Church,2000,305,0.004615546439
high,CUMBERLAND,001704,2 ART CIRCLE LIBRARY,2008,official_vtd_exact_label_code_nhgis_blocks,0.97,2 Complex 2,2000,310,1.0
high,CUMBERLAND,001704,2 COMMUNITY COMPLEX,2008,official_vtd_exact_label_code_nhgis_blocks,0.97,2 Complex 2,2000,310,1.0
high,CUMBERLAND,001711,3 HOMESTEAD,2008,official_vtd_code_and_name_nhgis_blocks,1.0,3 Homestead,2000,314,1.0
high,CUMBERLAND,001707,3 DORTON,2008,official_vtd_code_and_name_nhgis_blocks,1.0,3 Dorton,2000,315,1.0
high,CUMBERLAND,001713,3 LINARY,2008,official_vtd_code_and_name_nhgis_blocks,1.0,3 Linary,2000,316,1.0
high,CUMBERLAND,001702,3 BIG LICK,2008,official_vtd_code_and_name_nhgis_blocks,1.0,3 Big Lick,2000,323,0.998851770135
high,CUMBERLAND,001722,3 BIG LICK,2008,official_vtd_code_and_name_nhgis_blocks,1.0,3 Big Lick,2000,323,0.001148229865
high,CUMBERLAND,001714,4 TABOR,2008,official_vtd_code_and_name_nhgis_blocks,1.0,4 Tabor,2000,312,0.263725772704
high,CUMBERLAND,001721,4 TABOR,2008,official_vtd_code_and_name_nhgis_blocks,1.0,4 Tabor,2000,312,0.736274227296
high,CUMBERLAND,001701,4 BAKERS,2008,official_vtd_code_and_name_nhgis_blocks,1.0,4 Bakers,2000,309,0.733132603728
high,CUMBERLAND,001705,4 BAKERS,2008,official_vtd_code_and_name_nhgis_blocks,1.0,4 Bakers,2000,309,0.266778781361
high,CUMBERLAND,001721,4 BAKERS,2008,official_vtd_code_and_name_nhgis_blocks,1.0,4 Bakers,2000,309,8.8614912e-05
high,CUMBERLAND,001716,4 OAK HILL,2008,official_vtd_code_and_name_nhgis_blocks,1.0,4 Oak Hill,2000,313,1.0
high,CUMBERLAND,001712,5 LANTANA,2008,official_vtd_code_and_name_nhgis_blocks,1.0,5 Lantana,2000,307,1.0
high,CUMBERLAND,001723,5 VANDEVER,2008,official_vtd_code_and_name_nhgis_blocks,1.0,5 Vandever,2000,324,1.0
high,CUMBERLAND,001702,5 TANSI,2008,official_vtd_code_and_name_nhgis_blocks,1.0,5 Tansi,2000,317,0.001030893476
high,CUMBERLAND,001712,5 TANSI,2008,official_vtd_code_and_name_nhgis_blocks,1.0,5 Tansi,2000,317,0.00148352939
high,CUMBERLAND,001722,5 TANSI,2008,official_vtd_code_and_name_nhgis_blocks,1.0,5 Tansi,2000,317,0.997485577134
high,CUMBERLAND,001703,6 CHESTNUT HILL,2008,official_vtd_code_and_name_nhgis_blocks,1.0,6 Chestnut Hill,2000,319,1.0
high,CUMBERLAND,001717,6 OZONE PINEVIEW,2008,official_vtd_code_and_name_nhgis_blocks,1.0,6 Ozone-Pineview,2000,327,1.0
high,CUMBERLAND,001710,6 GRASSY COVE,2008,official_vtd_code_and_name_nhgis_blocks,1.0,6 Grassy Cove,2000,322,1.0
high,CUMBERLAND,001720,7 RINNIE,2008,official_vtd_code_and_name_nhgis_blocks,1.0,7 Rinnie,2000,326,1.0
high,CUMBERLAND,001714,7 WOODY,2008,official_vtd_code_and_name_nhgis_blocks,1.0,7 Woody,2000,320,0.001079080154
high,CUMBERLAND,001724,7 WOODY,2008,official_vtd_code_and_name_nhgis_blocks,1.0,7 Woody,2000,320,0.998920919846
high,CUMBERLAND,001701,7 MAYLAND,2008,official_vtd_code_and_name_nhgis_blocks,1.0,7 Mayland,2000,311,0.025677319066
high,CUMBERLAND,001714,7 MAYLAND,2008,official_vtd_code_and_name_nhgis_blocks,1.0,7 Mayland,2000,311,0.974294250955
high,CUMBERLAND,001724,7 MAYLAND,2008,official_vtd_code_and_name_nhgis_blocks,1.0,7 Mayland,2000,311,2.8429979e-05
high,CUMBERLAND,001718,8 PLEASANT HILL,2008,official_vtd_code_and_name_nhgis_blocks,1.0,8 Pleasant Hill,2000,308,1.0
high,CUMBERLAND,001705,8 POMONA,2008,official_vtd_code_and_name_nhgis_blocks,1.0,8 Pomona,2000,306,0.001796901063
high,CUMBERLAND,001719,8 POMONA,2008,official_vtd_code_and_name_nhgis_blocks,1.0,8 Pomona,2000,306,0.998203098937
high,CUMBERLAND,001715,8 MIDWAY,2008,official_vtd_code_and_name_nhgis_blocks,1.0,8 Midway,2000,318,1.0
high,CUMBERLAND,001703,9 FAIRFIELD GLADE,2008,official_vtd_code_and_name_nhgis_blocks,1.0,9 Fairfield Glade,2000,321,0.210089350727
high,CUMBERLAND,001708,9 FAIRFIELD GLADE,2008,official_vtd_code_and_name_nhgis_blocks,1.0,9 Fairfield Glade,2000,321,0.353292878308
high,CUMBERLAND,001709,9 FAIRFIELD GLADE,2008,official_vtd_code_and_name_nhgis_blocks,1.0,9 Fairfield Glade,2000,321,0.436617770965
high,DAVIDSON,001802,01 2 GREENVILLE UMC,2008,official_vtd_code_and_name_nhgis_blocks,1.0,01-2 Greenville UMC,2000,381,1.0
high,DAVIDSON,001806,02 1 HAYNES MID SCH,2008,official_vtd_exact_label_code_nhgis_blocks,0.97,02-1 Haynes Middle School,2000,497,0.783253991479
high,DAVIDSON,001808,02 1 HAYNES MID SCH,2008,official_vtd_exact_label_code_nhgis_blocks,0.97,02-1 Haynes Middle School,2000,497,0.216746008521
high,DAVIDSON,001809,02 5 LOOBY COMM CTR,2008,official_vtd_code_and_name_nhgis_blocks,1.0,02-5 Looby Comm Ctr,2000,458,0.972764371534
high,DAVIDSON,001900,02 5 LOOBY COMM CTR,2008,official_vtd_code_and_name_nhgis_blocks,1.0,02-5 Looby Comm Ctr,2000,458,0.027235628466
high,DAVIDSON,001810,02 6 NORTHWEST YMCA,2008,official_vtd_code_and_name_nhgis_blocks,1.0,02-6 Northwest YMCA,2000,454,1.0
high,DAVIDSON,001814,03 5 BELLSHIRE ELEM,2008,official_vtd_exact_label_code_nhgis_blocks,0.97,03-5 Bellshire Elem. School,2000,379,0.978382033571
high,DAVIDSON,001815,03 5 BELLSHIRE ELEM,2008,official_vtd_exact_label_code_nhgis_blocks,0.97,03-5 Bellshire Elem. School,2000,379,0.021617966429
high,DAVIDSON,001814,03 6 OLD BRICK CHUR,2008,official_vtd_exact_label_code_nhgis_blocks,0.97,03-6 Old Brick Church School,2000,351,1.0
high,DAVIDSON,001803,03 7 NEW BRICK CHUR,2008,official_vtd_exact_label_code_nhgis_blocks,0.97,03-7 New Brick Church Middle School,2000,450,0.088819236495
high,DAVIDSON,001807,03 7 NEW BRICK CHUR,2008,official_vtd_exact_label_code_nhgis_blocks,0.97,03-7 New Brick Church Middle School,2000,450,0.095496695019
high,DAVIDSON,001813,03 7 NEW BRICK CHUR,2008,official_vtd_exact_label_code_nhgis_blocks,0.97,03-7 New Brick Church Middle School,2000,450,0.034127623048
high,DAVIDSON,001815,03 7 NEW BRICK CHUR,2008,official_vtd_exact_label_code_nhgis_blocks,0.97,03-7 New Brick Church Middle School,2000,450,0.781556445438
high,DAVIDSON,001814,03 8 DAVIDSON ACAD,2008,official_vtd_exact_label_code_nhgis_blocks,0.97,03-8 Davidson Academy,2000,362,0.135493321495
high,DAVIDSON,001816,03 8 DAVIDSON ACAD,2008,official_vtd_exact_label_code_nhgis_blocks,0.97,03-8 Davidson Academy,2000,362,0.864506678505
high,DAVIDSON,001814,04 1 MADISON STA SEN,2008,official_vtd_exact_label_code_nhgis_blocks,0.97,04-1 Madison Station Senior Ctr,2000,349,0.307189675039
high,DAVIDSON,001840,04 1 MADISON STA SEN,2008,official_vtd_exact_label_code_nhgis_blocks,0.97,04-1 Madison Station Senior Ctr,2000,349,0.692810324961
high,DAVIDSON,001839,04 2 MADISON LIBRARY,2008,official_vtd_code_and_name_nhgis_blocks,1.0,04-2 Madison Library,2000,350,1.0
high,DAVIDSON,001837,04 3 WINLAND RET CTR,2008,official_vtd_exact_label_code_nhgis_blocks,0.97,04-3 Windland Retirement Center,2000,352,1.0
high,DAVIDSON,001835,04 4 WINLAND RET CTR,2008,official_vtd_exact_label_code_nhgis_blocks,0.97,04-4 Windland Retirement Center,2000,410,0.025305770316
high,DAVIDSON,001836,04 4 WINLAND RET CTR,2008,official_vtd_exact_label_code_nhgis_blocks,0.97,04-4 Windland Retirement Center,2000,410,0.649530866439
high,DAVIDSON,001839,04 4 WINLAND RET CTR,2008,official_vtd_exact_label_code_nhgis_blocks,0.97,04-4 Windland Retirement Center,2000,410,0.121830994855
high,DAVIDSON,001842,04 4 WINLAND RET CTR,2008,official_vtd_exact_label_code_nhgis_blocks,0.97,04-4 Windland Retirement Center,2000,410,0.20333236839
high,DAVIDSON,001808,05 1 HIGHLAND HEIGHT,2008,official_vtd_exact_label_code_nhgis_blocks,0.97,05-1 Kipp Academy,2000,328,0.250773600163
high,DAVIDSON,001821,05 1 HIGHLAND HEIGHT,2008,official_vtd_exact_label_code_nhgis_blocks,0.97,05-1 Kipp Academy,2000,328,0.749202248349
high,DAVIDSON,001823,05 1 HIGHLAND HEIGHT,2008,official_vtd_exact_label_code_nhgis_blocks,0.97,05-1 Kipp Academy,2000,328,2.4151488e-05
high,DAVIDSON,001808,05 2 CLEVELAND ST CC,2008,official_vtd_exact_label_code_nhgis_blocks,0.97,05-2 Cleveland St. Park Comm Ctr,2000,446,0.001459047307
high,DAVIDSON,001821,05 2 CLEVELAND ST CC,2008,official_vtd_exact_label_code_nhgis_blocks,0.97,05-2 Cleveland St. Park Comm Ctr,2000,446,9.5887522e-05
high,DAVIDSON,001822,05 2 CLEVELAND ST CC,2008,official_vtd_exact_label_code_nhgis_blocks,0.97,05-2 Cleveland St. Park Comm Ctr,2000,446,0.692160493928
high,DAVIDSON,001824,05 2 CLEVELAND ST CC,2008,official_vtd_exact_label_code_nhgis_blocks,0.97,05-2 Cleveland St. Park Comm Ctr,2000,446,0.306284571243
high,DAVIDSON,001823,05 3 EASTLAND BAPT,2008,official_vtd_exact_label_code_nhgis_blocks,0.97,05-3 Eastland Baptist Church,2000,365,0.179779219149
high,DAVIDSON,001825,05 3 EASTLAND BAPT,2008,official_vtd_exact_label_code_nhgis_blocks,0.97,05-3 Eastland Baptist Church,2000,365,0.820220780851
high,DAVIDSON,001824,05 4 MCFERRIN CC,2008,official_vtd_exact_label_code_nhgis_blocks,0.97,05-4 McFerrin Park Comm. Ctr.,2000,366,1.0
high,DAVIDSON,001825,05 5 ROSS ELEM,2008,official_vtd_exact_label_code_nhgis_blocks,0.97,05-5 Ross Elementary School,2000,367,1.0
high,DAVIDSON,001826,06 1 MARTHA O BRYAN,2008,official_vtd_exact_label_code_nhgis_blocks,0.97,06-1 Martha O'Bryan Center,2000,369,0.552567350896
high,DAVIDSON,001828,06 1 MARTHA O BRYAN,2008,official_vtd_exact_label_code_nhgis_blocks,0.97,06-1 Martha O'Bryan Center,2000,369,0.447432649104
high,DAVIDSON,001827,06 2 SHELBY CC,2008,official_vtd_exact_label_code_nhgis_blocks,0.97,06-2 Shelby Comm. Ctr.,2000,415,1.0
high,DAVIDSON,001824,06 3 EAST PARK CC,2008,official_vtd_exact_label_code_nhgis_blocks,0.97,06-3 East Park Comm. Center,2000,447,0.029953332359
high,DAVIDSON,001825,06 3 EAST PARK CC,2008,official_vtd_exact_label_code_nhgis_blocks,0.97,06-3 East Park Comm. Center,2000,447,0.165572681447
high,DAVIDSON,001826,06 3 EAST PARK CC,2008,official_vtd_exact_label_code_nhgis_blocks,0.97,06-3 East Park Comm. Center,2000,447,0.076595187062
high,DAVIDSON,001828,06 3 EAST PARK CC,2008,official_vtd_exact_label_code_nhgis_blocks,0.97,06-3 East Park Comm. Center,2000,447,0.727878799132
high,DAVIDSON,001890,06 4 DOWNTOWN LIBRAR,2008,official_vtd_exact_label_code_nhgis_blocks,0.97,6-4 Main Library,2000,389,1.0
high,DAVIDSON,001830,06 5 CORA HOWE ELEM,2008,official_vtd_exact_label_code_nhgis_blocks,0.97,06-5 Cora Howe Elem School,2000,368,1.0
high,DAVIDSON,001827,07 1 STRATFORD HS,2008,official_vtd_exact_label_code_nhgis_blocks,0.97,07-1 Stratford High School,2000,386,0.073905462594
high,DAVIDSON,001829,07 1 STRATFORD HS,2008,official_vtd_exact_label_code_nhgis_blocks,0.97,07-1 Stratford High School,2000,386,0.14421440832
high,DAVIDSON,001831,07 1 STRATFORD HS,2008,official_vtd_exact_label_code_nhgis_blocks,0.97,07-1 Stratford High School,2000,386,0.781880129087
high,DAVIDSON,001832,07 2 DALEWOOD UMC,2008,official_vtd_code_and_name_nhgis_blocks,1.0,07-2 Dalewood UMC,2000,408,0.860258977691
high,DAVIDSON,001834,07 2 DALEWOOD UMC,2008,official_vtd_code_and_name_nhgis_blocks,1.0,07-2 Dalewood UMC,2000,408,0.139730952176
high,DAVIDSON,001835,07 2 DALEWOOD UMC,2008,official_vtd_code_and_name_nhgis_blocks,1.0,07-2 Dalewood UMC,2000,408,1.0070133e-05
high,DAVIDSON,001833,07 3 MEMORIAL LUTHER,2008,official_vtd_exact_label_code_nhgis_blocks,0.97,07-3 Memorial Lutheran Church,2000,370,1.0
high,DAVIDSON,001829,07 4 CORNELIA FORT,2008,official_vtd_exact_label_code_nhgis_blocks,0.97,07-4 Cornelia Fort Air Park,2000,406,0.988719736469
high,DAVIDSON,001831,07 4 CORNELIA FORT,2008,official_vtd_exact_label_code_nhgis_blocks,0.97,07-4 Cornelia Fort Air Park,2000,406,0.011280263531
high,DAVIDSON,001829,07 5 ALDERSGATE UMC,2008,official_vtd_exact_label_code_nhgis_blocks,0.97,07-5 Aldergate UMC,2000,385,1.0
high,DAVIDSON,001807,08 1 TOM JOY,2008,official_vtd_exact_label_code_nhgis_blocks,0.97,08-1 Tom Joy School,2000,330,9.523541e-06
high,DAVIDSON,001821,08 1 TOM JOY,2008,official_vtd_exact_label_code_nhgis_blocks,0.97,08-1 Tom Joy School,2000,330,0.182490279241
high,DAVIDSON,001823,08 1 TOM JOY,2008,official_vtd_exact_label_code_nhgis_blocks,0.97,08-1 Tom Joy School,2000,330,0.07186358349
high,DAVIDSON,001837,08 1 TOM JOY,2008,official_vtd_exact_label_code_nhgis_blocks,0.97,08-1 Tom Joy School,2000,330,0.731886927097
high,DAVIDSON,001838,08 1 TOM JOY,2008,official_vtd_exact_label_code_nhgis_blocks,0.97,08-1 Tom Joy School,2000,330,0.01374968663
high,DAVIDSON,001823,08 2 GRA MAR SCHOOL,2008,official_vtd_code_and_name_nhgis_blocks,1.0,08-2 Gra-Mar School,2000,353,0.168442934255
high,DAVIDSON,001837,08 2 GRA MAR SCHOOL,2008,official_vtd_code_and_name_nhgis_blocks,1.0,08-2 Gra-Mar School,2000,353,0.139962556724
high,DAVIDSON,001838,08 2 GRA MAR SCHOOL,2008,official_vtd_code_and_name_nhgis_blocks,1.0,08-2 Gra-Mar School,2000,353,0.687640257074
high,DAVIDSON,001839,08 2 GRA MAR SCHOOL,2008,official_vtd_code_and_name_nhgis_blocks,1.0,08-2 Gra-Mar School,2000,353,0.003954251947
high,DAVIDSON,001835,08 3 BRUSH HILL CUMB,2008,official_vtd_exact_label_code_nhgis_blocks,0.97,08-3 Brush Hill Cumberland Pres.,2000,409,0.764028363561
high,DAVIDSON,001839,08 3 BRUSH HILL CUMB,2008,official_vtd_exact_label_code_nhgis_blocks,0.97,08-3 Brush Hill Cumberland Pres.,2000,409,0.235971636439
high,DAVIDSON,001834,08 4 DALEWOOD BAPT,2008,official_vtd_exact_label_code_nhgis_blocks,0.97,08-4 Dalewood Baptist Church,2000,354,0.67824513756
high,DAVIDSON,001835,08 4 DALEWOOD BAPT,2008,official_vtd_exact_label_code_nhgis_blocks,0.97,08-4 Dalewood Baptist Church,2000,354,1.8419315e-05
high,DAVIDSON,001839,08 4 DALEWOOD BAPT,2008,official_vtd_exact_label_code_nhgis_blocks,0.97,08-4 Dalewood Baptist Church,2000,354,0.321736443125
high,DAVIDSON,001841,09 1 MADISON PARK CC,2008,official_vtd_exact_label_code_nhgis_blocks,0.97,09-1 Madison Park Comm. Ctr,2000,359,1.0
high,DAVIDSON,001843,09 3 NEELY S BEND MS,2008,official_vtd_exact_label_code_nhgis_blocks,0.97,09-3 Neely's Bend Middle School,2000,371,0.99257327443
high,DAVIDSON,001864,09 3 NEELY S BEND MS,2008,official_vtd_exact_label_code_nhgis_blocks,0.97,09-3 Neely's Bend Middle School,2000,371,0.00742672557
high,DAVIDSON,001811,10 1 LUTON S UMC,2008,official_vtd_code_and_name_nhgis_blocks,1.0,10-1 Luton's UMC,2000,356,0.01183299695
high,DAVIDSON,001844,10 1 LUTON S UMC,2008,official_vtd_code_and_name_nhgis_blocks,1.0,10-1 Luton's UMC,2000,356,0.98816700305
high,DAVIDSON,001849,10 6 GATEWAY SCHOOL,2008,official_vtd_code_and_name_nhgis_blocks,1.0,10-6 Gateway School,2000,355,1.0
high,DAVIDSON,001850,11 1 OLD HICKORY CC,2008,official_vtd_exact_label_code_nhgis_blocks,0.97,11-1 Old Hickory Comm. Ctr.,2000,358,1.0
high,DAVIDSON,001850,11 2 LAKEWOOD CITY,2008,official_vtd_exact_label_code_nhgis_blocks,0.97,11-2 Lakewood City Hall,2000,363,1.0
high,DAVIDSON,001851,11 3 ANDREW JACKSON,2008,official_vtd_exact_label_code_nhgis_blocks,0.97,11-3 Andrew Jackson School,2000,364,0.692560784534
high,DAVIDSON,001852,11 3 ANDREW JACKSON,2008,official_vtd_exact_label_code_nhgis_blocks,0.97,11-3 Andrew Jackson School,2000,364,0.280224866576
high,DAVIDSON,001853,11 3 ANDREW JACKSON,2008,official_vtd_exact_label_code_nhgis_blocks,0.97,11-3 Andrew Jackson School,2000,364,0.026201588592
high,DAVIDSON,009801,11 3 ANDREW JACKSON,2008,official_vtd_exact_label_code_nhgis_blocks,0.97,11-3 Andrew Jackson School,2000,364,0.001012760298
high,DAVIDSON,001853,11 4 DUPONT TYLER,2008,official_vtd_exact_label_code_nhgis_blocks,0.97,11-4 DuPont-Tyler Middle School,2000,372,0.99296463282
high,DAVIDSON,001863,11 4 DUPONT TYLER,2008,official_vtd_exact_label_code_nhgis_blocks,0.97,11-4 DuPont-Tyler Middle School,2000,372,0.00703536718
high,DAVIDSON,001853,12 1 HERMITAGE PRESB,2008,official_vtd_exact_label_code_nhgis_blocks,0.97,12-1 Hermitage Presby Church,2000,378,0.33666713572
high,DAVIDSON,001854,12 1 HERMITAGE PRESB,2008,official_vtd_exact_label_code_nhgis_blocks,0.97,12-1 Hermitage Presby Church,2000,378,0.356841793523
high,DAVIDSON,001856,12 1 HERMITAGE PRESB,2008,official_vtd_exact_label_code_nhgis_blocks,0.97,12-1 Hermitage Presby Church,2000,378,0.12181571219
high,DAVIDSON,001857,12 1 HERMITAGE PRESB,2008,official_vtd_exact_label_code_nhgis_blocks,0.97,12-1 Hermitage Presby Church,2000,378,0.180318109872
high,DAVIDSON,009802,12 1 HERMITAGE PRESB,2008,official_vtd_exact_label_code_nhgis_blocks,0.97,12-1 Hermitage Presby Church,2000,378,0.004357248695
high,DAVIDSON,001855,12 2 RUBY MAJOR,2008,official_vtd_exact_label_code_nhgis_blocks,0.97,12-2 Ruby Major Elementary,2000,345,0.994950018843
high,DAVIDSON,001857,12 2 RUBY MAJOR,2008,official_vtd_exact_label_code_nhgis_blocks,0.97,12-2 Ruby Major Elementary,2000,345,0.000323605955
high,DAVIDSON,001866,12 2 RUBY MAJOR,2008,official_vtd_exact_label_code_nhgis_blocks,0.97,12-2 Ruby Major Elementary,2000,345,0.004726375202
high,DAVIDSON,001856,12 3 DUPONT TYLER MS,2008,official_vtd_exact_label_code_nhgis_blocks,0.97,12-3 Dupont-Tyler Middle School,2000,377,1.0
high,DAVIDSON,001857,12 4 CENTRAL PIKE CH,2008,official_vtd_exact_label_code_nhgis_blocks,0.97,12-4 Central Pike Church of Christ,2000,383,1.0
high,DAVIDSON,001859,13 1 GLENCLIFF PRESB,2008,official_vtd_exact_label_code_nhgis_blocks,0.97,13-1 Glencliff Presbyterian Church,2000,395,1.0
high,DAVIDSON,001860,13 2 GLENGARRY SCH,2008,official_vtd_exact_label_code_nhgis_blocks,0.97,13-2 Glengarry School,2000,394,0.497330278383
high,DAVIDSON,001873,13 2 GLENGARRY SCH,2008,official_vtd_exact_label_code_nhgis_blocks,0.97,13-2 Glengarry School,2000,394,0.166569231179
high,DAVIDSON,001874,13 2 GLENGARRY SCH,2008,official_vtd_exact_label_code_nhgis_blocks,0.97,13-2 Glengarry School,2000,394,0.336100490438
high,DAVIDSON,001859,13 3 VULTEE FIREHALL,2008,official_vtd_code_and_name_nhgis_blocks,1.0,13-3 Vultee Firehall,2000,393,1.0
high,DAVIDSON,001858,13 4 COMM OF CHRIST,2008,official_vtd_exact_label_code_nhgis_blocks,0.97,13-4 Whitworth Baptist Christ Church,2000,384,0.085369503204
high,DAVIDSON,001859,13 4 COMM OF CHRIST,2008,official_vtd_exact_label_code_nhgis_blocks,0.97,13-4 Whitworth Baptist Christ Church,2000,384,0.000642340187
high,DAVIDSON,001861,13 4 COMM OF CHRIST,2008,official_vtd_exact_label_code_nhgis_blocks,0.97,13-4 Whitworth Baptist Christ Church,2000,384,0.383120432254
high,DAVIDSON,001865,13 4 COMM OF CHRIST,2008,official_vtd_exact_label_code_nhgis_blocks,0.97,13-4 Whitworth Baptist Christ Church,2000,384,0.122182561582
high,DAVIDSON,001935,13 4 COMM OF CHRIST,2008,official_vtd_exact_label_code_nhgis_blocks,0.97,13-4 Whitworth Baptist Christ Church,2000,384,0.149438334417
high,DAVIDSON,001948,13 4 COMM OF CHRIST,2008,official_vtd_exact_label_code_nhgis_blocks,0.97,13-4 Whitworth Baptist Christ Church,2000,384,0.002250909596
high,DAVIDSON,001949,13 4 COMM OF CHRIST,2008,official_vtd_exact_label_code_nhgis_blocks,0.97,13-4 Whitworth Baptist Christ Church,2000,384,0.256995918759
high,DAVIDSON,001852,14 1 HERMITAGE HILLS,2008,official_vtd_exact_label_code_nhgis_blocks,0.97,14-1 Hermitage Hills Baptist,2000,373,0.001426357755
high,DAVIDSON,001863,14 1 HERMITAGE HILLS,2008,official_vtd_exact_label_code_nhgis_blocks,0.97,14-1 Hermitage Hills Baptist,2000,373,0.923795090619
high,DAVIDSON,001864,14 1 HERMITAGE HILLS,2008,official_vtd_exact_label_code_nhgis_blocks,0.97,14-1 Hermitage Hills Baptist,2000,373,0.074778551625
high,DAVIDSON,001864,14 2 HERMITAGE SCH,2008,official_vtd_exact_label_code_nhgis_blocks,0.97,14-2 Hermitage School,2000,374,1.0
high,DAVIDSON,001862,14 3 TENN SCH BLIND,2008,official_vtd_exact_label_code_nhgis_blocks,0.97,14-3 TN School for the Blind,2000,399,0.077460637421
high,DAVIDSON,001864,14 3 TENN SCH BLIND,2008,official_vtd_exact_label_code_nhgis_blocks,0.97,14-3 TN School for the Blind,2000,399,0.247891301729
high,DAVIDSON,001867,14 3 TENN SCH BLIND,2008,official_vtd_exact_label_code_nhgis_blocks,0.97,14-3 TN School for the Blind,2000,399,0.629107117137
high,DAVIDSON,001870,14 3 TENN SCH BLIND,2008,official_vtd_exact_label_code_nhgis_blocks,0.97,14-3 TN School for the Blind,2000,399,0.045540943713
high,DAVIDSON,001867,14 5 HICKMAN SCHOOL,2008,official_vtd_code_and_name_nhgis_blocks,1.0,14-5 Hickman School,2000,398,0.669395535797
high,DAVIDSON,001870,14 5 HICKMAN SCHOOL,2008,official_vtd_code_and_name_nhgis_blocks,1.0,14-5 Hickman School,2000,398,0.330604464203
high,DAVIDSON,001868,15 1 TWO RIVERS SCH,2008,official_vtd_exact_label_code_nhgis_blocks,0.97,15-1 Two Rivers School,2000,407,1.0
high,DAVIDSON,001869,15 2 DONELSON UMC,2008,official_vtd_exact_label_code_nhgis_blocks,0.97,15-2 Donelson Heights UMC,2000,411,1.0
high,DAVIDSON,001870,15 3 DONELSON LIB,2008,official_vtd_exact_label_code_nhgis_blocks,0.97,15-3 Donelson Presbyterian Church,2000,396,1.0
high,DAVIDSON,001871,15 4 MARGARET ALLEN,2008,official_vtd_exact_label_code_nhgis_blocks,0.97,15-4 Margaret Allen School,2000,412,0.625142505982
high,DAVIDSON,001895,15 4 MARGARET ALLEN,2008,official_vtd_exact_label_code_nhgis_blocks,0.97,15-4 Margaret Allen School,2000,412,0.374857494018
high,DAVIDSON,001872,15 5 VULTEE CHURCH,2008,official_vtd_exact_label_code_nhgis_blocks,0.97,15-5 Vultee Church of Christ,2000,403,0.867379079017
high,DAVIDSON,001894,15 5 VULTEE CHURCH,2008,official_vtd_exact_label_code_nhgis_blocks,0.97,15-5 Vultee Church of Christ,2000,403,0.132355267374
high,DAVIDSON,001895,15 5 VULTEE CHURCH,2008,official_vtd_exact_label_code_nhgis_blocks,0.97,15-5 Vultee Church of Christ,2000,403,0.000265653609
high,DAVIDSON,001871,15 7 MARGARET ALLEN,2008,official_vtd_exact_label_code_nhgis_blocks,0.97,15-7 Margaret Allen School,2000,397,0.977776375482
high,DAVIDSON,001895,15 7 MARGARET ALLEN,2008,official_vtd_exact_label_code_nhgis_blocks,0.97,15-7 Margaret Allen School,2000,397,0.022223624518
high,DAVIDSON,001872,16 3 VULTEE CHURCH,2008,official_vtd_exact_label_code_nhgis_blocks,0.97,16-3 Vultee Church of Christ,2000,402,5.5698984e-05
high,DAVIDSON,001873,16 3 VULTEE CHURCH,2008,official_vtd_exact_label_code_nhgis_blocks,0.97,16-3 Vultee Church of Christ,2000,402,0.855362365272
high,DAVIDSON,001874,16 3 VULTEE CHURCH,2008,official_vtd_exact_label_code_nhgis_blocks,0.97,16-3 Vultee Church of Christ,2000,402,0.125945258001
high,DAVIDSON,001876,16 3 VULTEE CHURCH,2008,official_vtd_exact_label_code_nhgis_blocks,0.97,16-3 Vultee Church of Christ,2000,402,0.016687678505
high,DAVIDSON,001883,16 3 VULTEE CHURCH,2008,official_vtd_exact_label_code_nhgis_blocks,0.97,16-3 Vultee Church of Christ,2000,402,0.001948999238
high,DAVIDSON,001875,16 5 WOODBINE BAPT,2008,official_vtd_exact_label_code_nhgis_blocks,0.97,16-5 Woodbine Baptist Church,2000,404,0.81803883762
high,DAVIDSON,001876,16 5 WOODBINE BAPT,2008,official_vtd_exact_label_code_nhgis_blocks,0.97,16-5 Woodbine Baptist Church,2000,404,0.18196116238
high,DAVIDSON,001875,16 6 GLENCLIFF HIGH,2008,official_vtd_exact_label_code_nhgis_blocks,0.97,16-6 Glencliff High School,2000,420,0.889987130349
high,DAVIDSON,001924,16 6 GLENCLIFF HIGH,2008,official_vtd_exact_label_code_nhgis_blocks,0.97,16-6 Glencliff High School,2000,420,0.110012869651
high,DAVIDSON,001883,17 2 TREVECCA TOWER,2008,official_vtd_exact_label_code_nhgis_blocks,0.97,17-2 Trevecca Towers,2000,422,0.688898507105
high,DAVIDSON,001894,17 2 TREVECCA TOWER,2008,official_vtd_exact_label_code_nhgis_blocks,0.97,17-2 Trevecca Towers,2000,422,0.311101492895
high,DAVIDSON,001878,17 3 JOHNSON MID,2008,official_vtd_exact_label_code_nhgis_blocks,0.97,17-3 Johnson Middle School,2000,421,0.001214692126
high,DAVIDSON,001880,17 3 JOHNSON MID,2008,official_vtd_exact_label_code_nhgis_blocks,0.97,17-3 Johnson Middle School,2000,421,0.998785307874
high,DAVIDSON,001882,17 5 BERRY HILL CIT,2008,official_vtd_exact_label_code_nhgis_blocks,0.97,17-5 Berry Hill City Hall,2000,418,0.986000038575
high,DAVIDSON,001919,17 5 BERRY HILL CIT,2008,official_vtd_exact_label_code_nhgis_blocks,0.97,17-5 Berry Hill City Hall,2000,418,0.013999961425
high,DAVIDSON,001884,17 7 KNOWLES SR CTR,2008,official_vtd_exact_label_code_nhgis_blocks,0.97,17-7 Knowles Senior Center,2000,419,1.0
high,DAVIDSON,001880,17 8 NAPIER SCHOOL,2008,official_vtd_code_and_name_nhgis_blocks,1.0,17-8 Napier School,2000,431,0.001595385937
high,DAVIDSON,001894,17 8 NAPIER SCHOOL,2008,official_vtd_code_and_name_nhgis_blocks,1.0,17-8 Napier School,2000,431,0.998404614063
high,DAVIDSON,001878,17 9 EDGEHILL LIB,2008,official_vtd_exact_label_code_nhgis_blocks,0.97,17-9 Edgehill Library,2000,424,1.0
high,DAVIDSON,001885,18 1 EAKIN SCHOOL,2008,official_vtd_exact_label_code_nhgis_blocks,0.97,18-1 Eakin Elementary,2000,440,0.980017071019
high,DAVIDSON,001902,18 1 EAKIN SCHOOL,2008,official_vtd_exact_label_code_nhgis_blocks,0.97,18-1 Eakin Elementary,2000,440,0.019982928981
high,DAVIDSON,001887,18 3 EAKIN SCHOOL,2008,official_vtd_exact_label_code_nhgis_blocks,0.97,18-3 Eakin Elementary,2000,437,1.0
high,DAVIDSON,001886,18 6 BELMONT COLLEGE,2008,official_vtd_exact_label_code_nhgis_blocks,0.97,18-6 Belmont University (Curb Event Center),2000,426,0.227688436104
high,DAVIDSON,001888,18 6 BELMONT COLLEGE,2008,official_vtd_exact_label_code_nhgis_blocks,0.97,18-6 Belmont University (Curb Event Center),2000,426,0.772311563896
high,DAVIDSON,001886,18 7 BELMONT HEIGHTS,2008,official_vtd_exact_label_code_nhgis_blocks,0.97,18-7 Belmont Heights Baptist Church,2000,425,0.858239378906
high,DAVIDSON,001888,18 7 BELMONT HEIGHTS,2008,official_vtd_exact_label_code_nhgis_blocks,0.97,18-7 Belmont Heights Baptist Church,2000,425,0.141760621094
high,DAVIDSON,001900,19 1 BUENA VISTA ES,2008,official_vtd_exact_label_code_nhgis_blocks,0.97,19-1 Buena Vista Elementary School,2000,459,1.0
high,DAVIDSON,001891,19 2 15TH AVE BAPT,2008,official_vtd_exact_label_code_nhgis_blocks,0.97,19-2 15th Ave Baptist Church,2000,445,0.6029647622
high,DAVIDSON,001892,19 2 15TH AVE BAPT,2008,official_vtd_exact_label_code_nhgis_blocks,0.97,19-2 15th Ave Baptist Church,2000,445,0.190970675748
high,DAVIDSON,001900,19 2 15TH AVE BAPT,2008,official_vtd_exact_label_code_nhgis_blocks,0.97,19-2 15th Ave Baptist Church,2000,445,0.206064562052
high,DAVIDSON,001892,19 3 WATKINS PARK CC,2008,official_vtd_exact_label_code_nhgis_blocks,0.97,19-3 Watkins Park Comm Ctr,2000,442,0.681770771744
high,DAVIDSON,001901,19 3 WATKINS PARK CC,2008,official_vtd_exact_label_code_nhgis_blocks,0.97,19-3 Watkins Park Comm Ctr,2000,442,0.318229228256
high,DAVIDSON,001879,19 5 MURRELL SCHOOL,2008,official_vtd_code_and_name_nhgis_blocks,1.0,19-5 Murrell School,2000,423,0.59423542218
high,DAVIDSON,001893,19 5 MURRELL SCHOOL,2008,official_vtd_code_and_name_nhgis_blocks,1.0,19-5 Murrell School,2000,423,0.40576457782
high,DAVIDSON,001896,20 2 UNION HALL 737,2008,official_vtd_code_and_name_nhgis_blocks,1.0,20-2 Union Hall 737,2000,452,0.990943175938
high,DAVIDSON,001899,20 2 UNION HALL 737,2008,official_vtd_code_and_name_nhgis_blocks,1.0,20-2 Union Hall 737,2000,452,0.009056824062
high,DAVIDSON,001896,20 3 UNION HALL 737,2008,official_vtd_code_and_name_nhgis_blocks,1.0,20-3 Union Hall 737,2000,455,0.000158749126
high,DAVIDSON,001897,20 3 UNION HALL 737,2008,official_vtd_code_and_name_nhgis_blocks,1.0,20-3 Union Hall 737,2000,455,0.416567715832
high,DAVIDSON,001898,20 3 UNION HALL 737,2008,official_vtd_code_and_name_nhgis_blocks,1.0,20-3 Union Hall 737,2000,455,0.583273535041
high,DAVIDSON,001897,21 1 HADLEY PARK CC,2008,official_vtd_exact_label_code_nhgis_blocks,0.97,21-1 Hadley Park Community Center,2000,443,0.000140448108
high,DAVIDSON,001899,21 1 HADLEY PARK CC,2008,official_vtd_exact_label_code_nhgis_blocks,0.97,21-1 Hadley Park Community Center,2000,443,0.926231412247
high,DAVIDSON,001901,21 1 HADLEY PARK CC,2008,official_vtd_exact_label_code_nhgis_blocks,0.97,21-1 Hadley Park Community Center,2000,443,0.036902405125
high,DAVIDSON,001915,21 1 HADLEY PARK CC,2008,official_vtd_exact_label_code_nhgis_blocks,0.97,21-1 Hadley Park Community Center,2000,443,0.03672573452
high,DAVIDSON,001900,21 2 WHARTON SCHOOL,2008,official_vtd_exact_label_code_nhgis_blocks,0.97,21-2 Nashville Big Picture High School,2000,444,1.0
high,DAVIDSON,001901,21 3 PEARL COHN SCH,2008,official_vtd_exact_label_code_nhgis_blocks,0.97,21-3 Pearl-Cohn High School,2000,441,1.0
high,DAVIDSON,001902,21 5 CENTENNIAL PARK,2008,official_vtd_exact_label_code_nhgis_blocks,0.97,21-5 Centennial Park Art Ctr.,2000,462,1.0
high,DAVIDSON,001900,21 6 MCGRUDER CENTER,2008,official_vtd_exact_label_code_nhgis_blocks,0.97,21-6 Mc Gruder Center,2000,457,1.0
high,DAVIDSON,001903,22 1 BELLEVUE CC,2008,official_vtd_exact_label_code_nhgis_blocks,0.97,22-1 Bellevue Comm Ctr,2000,468,1.0
high,DAVIDSON,001903,22 2 BELLEVUE CHURCH,2008,official_vtd_exact_label_code_nhgis_blocks,0.97,22-2 Bellevue Church of Christ,2000,467,0.195660798325
high,DAVIDSON,001906,22 2 BELLEVUE CHURCH,2008,official_vtd_exact_label_code_nhgis_blocks,0.97,22-2 Bellevue Church of Christ,2000,467,0.003001951628
high,DAVIDSON,001908,22 2 BELLEVUE CHURCH,2008,official_vtd_exact_label_code_nhgis_blocks,0.97,22-2 Bellevue Church of Christ,2000,467,0.707520137163
high,DAVIDSON,001956,22 2 BELLEVUE CHURCH,2008,official_vtd_exact_label_code_nhgis_blocks,0.97,22-2 Bellevue Church of Christ,2000,467,0.091304430465
high,DAVIDSON,001961,22 2 BELLEVUE CHURCH,2008,official_vtd_exact_label_code_nhgis_blocks,0.97,22-2 Bellevue Church of Christ,2000,467,0.002512682419
high,DAVIDSON,001905,22 3 BELLEVUE MIDDLE,2008,official_vtd_exact_label_code_nhgis_blocks,0.97,22-3 Bellevue Middle School,2000,471,0.733483963843
high,DAVIDSON,001906,22 3 BELLEVUE MIDDLE,2008,official_vtd_exact_label_code_nhgis_blocks,0.97,22-3 Bellevue Middle School,2000,471,0.173813160934
high,DAVIDSON,001960,22 3 BELLEVUE MIDDLE,2008,official_vtd_exact_label_code_nhgis_blocks,0.97,22-3 Bellevue Middle School,2000,471,0.092702875224
high,DAVIDSON,001905,22 4 BELLEVUE UMC,2008,official_vtd_code_and_name_nhgis_blocks,1.0,22-4 Bellevue UMC,2000,473,2.4665858e-05
high,DAVIDSON,001906,22 4 BELLEVUE UMC,2008,official_vtd_code_and_name_nhgis_blocks,1.0,22-4 Bellevue UMC,2000,473,0.465538597779
high,DAVIDSON,001961,22 4 BELLEVUE UMC,2008,official_vtd_code_and_name_nhgis_blocks,1.0,22-4 Bellevue UMC,2000,473,0.534436736363
high,DAVIDSON,001907,23 1 BROOK HOLLOW,2008,official_vtd_exact_label_code_nhgis_blocks,0.97,23-1 Brook Hollow Baptist,2000,465,0.975913152463
high,DAVIDSON,001908,23 1 BROOK HOLLOW,2008,official_vtd_exact_label_code_nhgis_blocks,0.97,23-1 Brook Hollow Baptist,2000,465,6.3169719e-05
high,DAVIDSON,001911,23 1 BROOK HOLLOW,2008,official_vtd_exact_label_code_nhgis_blocks,0.97,23-1 Brook Hollow Baptist,2000,465,0.024023677819
high,DAVIDSON,001908,23 2 WEST MEADE SCH,2008,official_vtd_exact_label_code_nhgis_blocks,0.97,23-2 West Meade School,2000,466,1.0
high,DAVIDSON,001910,23 4 B M CITY HALL,2008,official_vtd_exact_label_code_nhgis_blocks,0.97,23-4 Belle Meade City Hall,2000,475,0.9977329813
high,DAVIDSON,001917,23 4 B M CITY HALL,2008,official_vtd_exact_label_code_nhgis_blocks,0.97,23-4 Belle Meade City Hall,2000,475,0.0022670187
high,DAVIDSON,001902,24 1 RICHLAND LIB,2008,official_vtd_exact_label_code_nhgis_blocks,0.97,24-1 Sylvan Park School,2000,461,0.004763242686
high,DAVIDSON,001912,24 1 RICHLAND LIB,2008,official_vtd_exact_label_code_nhgis_blocks,0.97,24-1 Sylvan Park School,2000,461,0.995236757314
high,DAVIDSON,001898,24 2 NASHVILLE STATE,2008,official_vtd_exact_label_code_nhgis_blocks,0.97,24-2 TN Technology Center at Nashville,2000,463,0.348491376271
high,DAVIDSON,001913,24 2 NASHVILLE STATE,2008,official_vtd_exact_label_code_nhgis_blocks,0.97,24-2 TN Technology Center at Nashville,2000,463,0.651508623729
high,DAVIDSON,001914,24 3 WEST END FH 17,2008,official_vtd_exact_label_code_nhgis_blocks,0.97,24-3 Westminister Presbyterian Church,2000,477,0.69734518337
high,DAVIDSON,001917,24 3 WEST END FH 17,2008,official_vtd_exact_label_code_nhgis_blocks,0.97,24-3 Westminister Presbyterian Church,2000,477,0.30265481663
high,DAVIDSON,001915,24 4 PARK AVE SCHOOL,2008,official_vtd_code_and_name_nhgis_blocks,1.0,24-4 Park Ave School,2000,460,1.0
high,DAVIDSON,001916,24 5 MCCABE PARK CC,2008,official_vtd_exact_label_code_nhgis_blocks,0.97,24-5 McCabe Park Comm Ctr,2000,476,1.0
high,DAVIDSON,001914,24 6 WEST END MS,2008,official_vtd_exact_label_code_nhgis_blocks,0.97,24-6 West End Middle School,2000,478,0.240605556064
high,DAVIDSON,001917,24 6 WEST END MS,2008,official_vtd_exact_label_code_nhgis_blocks,0.97,24-6 West End Middle School,2000,478,0.665399787665
high,DAVIDSON,001918,24 6 WEST END MS,2008,official_vtd_exact_label_code_nhgis_blocks,0.97,24-6 West End Middle School,2000,478,0.093994656271
high,DAVIDSON,001889,25 1 RANDALLS LEARN,2008,official_vtd_exact_label_code_nhgis_blocks,0.97,25-1 West End Middle School,2000,436,0.044490748371
high,DAVIDSON,001917,25 1 RANDALLS LEARN,2008,official_vtd_exact_label_code_nhgis_blocks,0.97,25-1 West End Middle School,2000,436,0.521993778418
high,DAVIDSON,001918,25 1 RANDALLS LEARN,2008,official_vtd_exact_label_code_nhgis_blocks,0.97,25-1 West End Middle School,2000,436,0.433515473211
high,DAVIDSON,001917,25 2 BOY SCOUTS,2008,official_vtd_exact_label_code_nhgis_blocks,0.97,25-2 Boy Scouts of America,2000,433,0.025359761668
high,DAVIDSON,001918,25 2 BOY SCOUTS,2008,official_vtd_exact_label_code_nhgis_blocks,0.97,25-2 Boy Scouts of America,2000,433,0.609831645773
high,DAVIDSON,001920,25 2 BOY SCOUTS,2008,official_vtd_exact_label_code_nhgis_blocks,0.97,25-2 Boy Scouts of America,2000,433,0.364808592559
high,DAVIDSON,001881,25 4 GRANNY WHITE CH,2008,official_vtd_exact_label_code_nhgis_blocks,0.97,25-4 Granny White Church of Christ,2000,430,0.005335387504
high,DAVIDSON,001921,25 4 GRANNY WHITE CH,2008,official_vtd_exact_label_code_nhgis_blocks,0.97,25-4 Granny White Church of Christ,2000,430,0.994664612496
high,DAVIDSON,001920,25 5 HILLSBORO HIGH,2008,official_vtd_exact_label_code_nhgis_blocks,0.97,25-5 Hillsboro High School,2000,434,1.0
high,DAVIDSON,001881,25 6 YWCA,2008,official_vtd_code_and_name_nhgis_blocks,1.0,25-6 YWCA,2000,432,0.000416340405
high,DAVIDSON,001919,25 6 YWCA,2008,official_vtd_code_and_name_nhgis_blocks,1.0,25-6 YWCA,2000,432,0.602124953444
high,DAVIDSON,001921,25 6 YWCA,2008,official_vtd_code_and_name_nhgis_blocks,1.0,25-6 YWCA,2000,432,0.397458706151
high,DAVIDSON,001922,26 1 PARAGON MILLS,2008,official_vtd_exact_label_code_nhgis_blocks,0.97,26-1 Paragon Mills School,2000,483,0.935731640227
high,DAVIDSON,001937,26 1 PARAGON MILLS,2008,official_vtd_exact_label_code_nhgis_blocks,0.97,26-1 Paragon Mills School,2000,483,0.064268359773
high,DAVIDSON,001924,26 3 NORMAN BINKLEY,2008,official_vtd_exact_label_code_nhgis_blocks,0.97,26-3 Norman Binkley School,2000,485,1.0
high,DAVIDSON,001923,26 4 CRIEVE HALL SCH,2008,official_vtd_exact_label_code_nhgis_blocks,0.97,26-4 Crievewood Baptist Church,2000,487,0.53903095337
high,DAVIDSON,001925,26 4 CRIEVE HALL SCH,2008,official_vtd_exact_label_code_nhgis_blocks,0.97,26-4 Crievewood Baptist Church,2000,487,0.46096904663
high,DAVIDSON,001923,26 5 ELLINGTON AGRI,2008,official_vtd_exact_label_code_nhgis_blocks,0.97,26-5 Ellington Agricultural Center,2000,488,0.615199368313
high,DAVIDSON,001925,26 5 ELLINGTON AGRI,2008,official_vtd_exact_label_code_nhgis_blocks,0.97,26-5 Ellington Agricultural Center,2000,488,0.384800631687
high,DAVIDSON,001924,27 1 CHR HOLY SPIRIT,2008,official_vtd_exact_label_code_nhgis_blocks,0.97,27-1 Church of the Holy Spirit,2000,486,0.103703680866
high,DAVIDSON,001926,27 1 CHR HOLY SPIRIT,2008,official_vtd_exact_label_code_nhgis_blocks,0.97,27-1 Church of the Holy Spirit,2000,486,0.896187998995
high,DAVIDSON,001936,27 1 CHR HOLY SPIRIT,2008,official_vtd_exact_label_code_nhgis_blocks,0.97,27-1 Church of the Holy Spirit,2000,486,0.00010832014
high,DAVIDSON,001927,27 2 ELLINGTON AG,2008,official_vtd_exact_label_code_nhgis_blocks,0.97,27-2 Ellington Agricultural Center,2000,340,0.247081110759
high,DAVIDSON,001928,27 2 ELLINGTON AG,2008,official_vtd_exact_label_code_nhgis_blocks,0.97,27-2 Ellington Agricultural Center,2000,340,0.752918889241
high,DAVIDSON,001928,27 3 MCMURRAY MIDDLE,2008,official_vtd_exact_label_code_nhgis_blocks,0.97,27-3 McMurray Middle School,2000,335,1.0
high,DAVIDSON,001817,27 4 CHRIST CHURCH,2008,official_vtd_code_and_name_nhgis_blocks,1.0,27-4 Christ Church,2000,337,0.254366943847
high,DAVIDSON,001927,27 4 CHRIST CHURCH,2008,official_vtd_code_and_name_nhgis_blocks,1.0,27-4 Christ Church,2000,337,0.745633056153
high,DAVIDSON,001860,28 1 UNA BAPTIST,2008,official_vtd_exact_label_code_nhgis_blocks,0.97,28-1 Una Baptist Church,2000,390,0.370848416663
high,DAVIDSON,001929,28 1 UNA BAPTIST,2008,official_vtd_exact_label_code_nhgis_blocks,0.97,28-1 Una Baptist Church,2000,390,0.626797910158
high,DAVIDSON,001931,28 1 UNA BAPTIST,2008,official_vtd_exact_label_code_nhgis_blocks,0.97,28-1 Una Baptist Church,2000,390,0.002353673179
high,DAVIDSON,001861,28 3 UNA BAPTIST,2008,official_vtd_exact_label_code_nhgis_blocks,0.97,28-3 Una Baptist Church,2000,489,0.025917848863
high,DAVIDSON,001932,28 3 UNA BAPTIST,2008,official_vtd_exact_label_code_nhgis_blocks,0.97,28-3 Una Baptist Church,2000,489,0.974082151137
high,DAVIDSON,001860,28 4 ANTIOCH CHURCH,2008,official_vtd_exact_label_code_nhgis_blocks,0.97,28-4 Antioch Church of Christ,2000,484,0.130865730955
high,DAVIDSON,001930,28 4 ANTIOCH CHURCH,2008,official_vtd_exact_label_code_nhgis_blocks,0.97,28-4 Antioch Church of Christ,2000,484,0.1872069626
high,DAVIDSON,001931,28 4 ANTIOCH CHURCH,2008,official_vtd_exact_label_code_nhgis_blocks,0.97,28-4 Antioch Church of Christ,2000,484,0.681927306445
high,DAVIDSON,001929,28 5 APOLLO MID SCH,2008,official_vtd_exact_label_code_nhgis_blocks,0.97,28-5 Apollo Middle School,2000,490,0.303178024921
high,DAVIDSON,001930,28 5 APOLLO MID SCH,2008,official_vtd_exact_label_code_nhgis_blocks,0.97,28-5 Apollo Middle School,2000,490,0.634268600118
high,DAVIDSON,001931,28 5 APOLLO MID SCH,2008,official_vtd_exact_label_code_nhgis_blocks,0.97,28-5 Apollo Middle School,2000,490,0.062553374961
high,DAVIDSON,001861,29 1 PRIEST LAKE,2008,official_vtd_exact_label_code_nhgis_blocks,0.97,29-1 Priest Lake Presbyterian,2000,401,0.000557126897
high,DAVIDSON,001932,29 1 PRIEST LAKE,2008,official_vtd_exact_label_code_nhgis_blocks,0.97,29-1 Priest Lake Presbyterian,2000,401,0.926930120888
high,DAVIDSON,001934,29 1 PRIEST LAKE,2008,official_vtd_exact_label_code_nhgis_blocks,0.97,29-1 Priest Lake Presbyterian,2000,401,0.072512752214
high,DAVIDSON,001932,29 2 LAKEVIEW SCHOOL,2008,official_vtd_code_and_name_nhgis_blocks,1.0,29-2 Lakeview School,2000,492,0.213117463904
high,DAVIDSON,001933,29 2 LAKEVIEW SCHOOL,2008,official_vtd_code_and_name_nhgis_blocks,1.0,29-2 Lakeview School,2000,492,0.786882536096
high,DAVIDSON,001932,29 3 HAMILTON UMC,2008,official_vtd_code_and_name_nhgis_blocks,1.0,29-3 Hamilton UMC,2000,491,0.097445913126
high,DAVIDSON,001933,29 3 HAMILTON UMC,2008,official_vtd_code_and_name_nhgis_blocks,1.0,29-3 Hamilton UMC,2000,491,0.52199560916
high,DAVIDSON,001934,29 3 HAMILTON UMC,2008,official_vtd_code_and_name_nhgis_blocks,1.0,29-3 Hamilton UMC,2000,491,0.380558477714
high,DAVIDSON,001935,29 4 SMITH SPRINGS,2008,official_vtd_exact_label_code_nhgis_blocks,0.97,29-4 Smith Springs Church of Christ,2000,400,1.0
high,DAVIDSON,001936,30 1 HAYWOOD SCHOOL,2008,official_vtd_code_and_name_nhgis_blocks,1.0,30-1 Haywood School,2000,482,1.0
high,DAVIDSON,001926,30 3 GRACE COLE SCH,2008,official_vtd_exact_label_code_nhgis_blocks,0.97,30-3 Grace Cole School,2000,480,0.000179503223
high,DAVIDSON,001936,30 3 GRACE COLE SCH,2008,official_vtd_exact_label_code_nhgis_blocks,0.97,30-3 Grace Cole School,2000,480,0.198978390568
high,DAVIDSON,001938,30 3 GRACE COLE SCH,2008,official_vtd_exact_label_code_nhgis_blocks,0.97,30-3 Grace Cole School,2000,480,0.277871619874
high,DAVIDSON,001939,30 3 GRACE COLE SCH,2008,official_vtd_exact_label_code_nhgis_blocks,0.97,30-3 Grace Cole School,2000,480,0.522970486335
high,DAVIDSON,001817,31 1 WOODSON CHAPEL,2008,official_vtd_exact_label_code_nhgis_blocks,0.97,31-1 Woodson Chapel Church of Christ,2000,336,0.974363724967
high,DAVIDSON,001956,31 1 WOODSON CHAPEL,2008,official_vtd_exact_label_code_nhgis_blocks,0.97,31-1 Woodson Chapel Church of Christ,2000,336,0.025636275033
high,DAVIDSON,001818,31 2 WOODSON CHAPEL,2008,official_vtd_exact_label_code_nhgis_blocks,0.97,31-2 Woodson Chapel Church of Christ,2000,344,0.274571620933
high,DAVIDSON,001820,31 2 WOODSON CHAPEL,2008,official_vtd_exact_label_code_nhgis_blocks,0.97,31-2 Woodson Chapel Church of Christ,2000,344,0.725257168777
high,DAVIDSON,001927,31 2 WOODSON CHAPEL,2008,official_vtd_exact_label_code_nhgis_blocks,0.97,31-2 Woodson Chapel Church of Christ,2000,344,2.490621e-05
high,DAVIDSON,001943,31 2 WOODSON CHAPEL,2008,official_vtd_exact_label_code_nhgis_blocks,0.97,31-2 Woodson Chapel Church of Christ,2000,344,0.00014630408
high,DAVIDSON,001926,31 3 OASIS WORSHIP,2008,official_vtd_exact_label_code_nhgis_blocks,0.97,31-3 Oasis Worship Centre,2000,334,0.008356114036
high,DAVIDSON,001941,31 3 OASIS WORSHIP,2008,official_vtd_exact_label_code_nhgis_blocks,0.97,31-3 Oasis Worship Centre,2000,334,0.10511621963
high,DAVIDSON,001942,31 3 OASIS WORSHIP,2008,official_vtd_exact_label_code_nhgis_blocks,0.97,31-3 Oasis Worship Centre,2000,334,0.153392056858
high,DAVIDSON,001943,31 3 OASIS WORSHIP,2008,official_vtd_exact_label_code_nhgis_blocks,0.97,31-3 Oasis Worship Centre,2000,334,0.445902134138
high,DAVIDSON,001951,31 3 OASIS WORSHIP,2008,official_vtd_exact_label_code_nhgis_blocks,0.97,31-3 Oasis Worship Centre,2000,334,0.287233475338
high,DAVIDSON,001817,31 4 GRANBERRY,2008,official_vtd_exact_label_code_nhgis_blocks,0.97,31-4 Granbery Elementary School,2000,388,0.003951681378
high,DAVIDSON,001819,31 4 GRANBERRY,2008,official_vtd_exact_label_code_nhgis_blocks,0.97,31-4 Granbery Elementary School,2000,388,0.996048318622
high,DAVIDSON,001926,32 1 ANTIOCH UMC,2008,official_vtd_code_and_name_nhgis_blocks,1.0,32-1 Antioch UMC,2000,332,0.194017843874
high,DAVIDSON,001939,32 1 ANTIOCH UMC,2008,official_vtd_code_and_name_nhgis_blocks,1.0,32-1 Antioch UMC,2000,332,0.050646518048
high,DAVIDSON,001940,32 1 ANTIOCH UMC,2008,official_vtd_code_and_name_nhgis_blocks,1.0,32-1 Antioch UMC,2000,332,0.504677661491
high,DAVIDSON,001941,32 1 ANTIOCH UMC,2008,official_vtd_code_and_name_nhgis_blocks,1.0,32-1 Antioch UMC,2000,332,0.165634106566
high,DAVIDSON,001945,32 1 ANTIOCH UMC,2008,official_vtd_code_and_name_nhgis_blocks,1.0,32-1 Antioch UMC,2000,332,0.002048152478
high,DAVIDSON,001946,32 1 ANTIOCH UMC,2008,official_vtd_code_and_name_nhgis_blocks,1.0,32-1 Antioch UMC,2000,332,0.082975717544
high,DAVIDSON,001941,32 2 BELL ROAD BAPT,2008,official_vtd_exact_label_code_nhgis_blocks,0.97,32-2 Bell Road Baptist,2000,333,0.423818398145
high,DAVIDSON,001946,32 2 BELL ROAD BAPT,2008,official_vtd_exact_label_code_nhgis_blocks,0.97,32-2 Bell Road Baptist,2000,333,0.576181601855
high,DAVIDSON,001943,32 3 CANE RIDGE CC,2008,official_vtd_exact_label_code_nhgis_blocks,0.97,32-3 Cane Ridge Comm. Ctr.,2000,339,0.535837289625
high,DAVIDSON,001946,32 3 CANE RIDGE CC,2008,official_vtd_exact_label_code_nhgis_blocks,0.97,32-3 Cane Ridge Comm. Ctr.,2000,339,0.124510733577
high,DAVIDSON,001951,32 3 CANE RIDGE CC,2008,official_vtd_exact_label_code_nhgis_blocks,0.97,32-3 Cane Ridge Comm. Ctr.,2000,339,0.339651976798
high,DAVIDSON,001947,32 4 SPIRIT OF LIFE,2008,official_vtd_exact_label_code_nhgis_blocks,0.97,32-4 Spirit of Life Church,2000,495,0.165772436906
high,DAVIDSON,001950,32 4 SPIRIT OF LIFE,2008,official_vtd_exact_label_code_nhgis_blocks,0.97,32-4 Spirit of Life Church,2000,495,0.834227563094
high,DAVIDSON,001944,32 5 ANTIOCH MIDDLE,2008,official_vtd_exact_label_code_nhgis_blocks,0.97,32-5 Antioch Middle School,2000,494,0.030021239731
high,DAVIDSON,001945,32 5 ANTIOCH MIDDLE,2008,official_vtd_exact_label_code_nhgis_blocks,0.97,32-5 Antioch Middle School,2000,494,0.969978760269
high,DAVIDSON,001948,33 1 THE TUNE HOUSE,2008,official_vtd_exact_label_code_nhgis_blocks,0.97,33-1 Eagle Christian Church,2000,392,0.991987419494
high,DAVIDSON,009822,33 1 THE TUNE HOUSE,2008,official_vtd_exact_label_code_nhgis_blocks,0.97,33-1 Eagle Christian Church,2000,392,0.008012580506
high,DAVIDSON,001935,33 2 NEW ANTIOCH HS,2008,official_vtd_exact_label_code_nhgis_blocks,0.97,33-2 New Antioch High School,2000,391,0.010844819053
high,DAVIDSON,001949,33 2 NEW ANTIOCH HS,2008,official_vtd_exact_label_code_nhgis_blocks,0.97,33-2 New Antioch High School,2000,391,0.438298413764
high,DAVIDSON,001950,33 2 NEW ANTIOCH HS,2008,official_vtd_exact_label_code_nhgis_blocks,0.97,33-2 New Antioch High School,2000,391,0.550856767183
high,DAVIDSON,001944,33 3 SE LIBRARY,2008,official_vtd_exact_label_code_nhgis_blocks,0.97,33-3 Southeast Library,2000,496,1.0
high,DAVIDSON,001929,33 4 HICKORY HOLLOW,2008,official_vtd_exact_label_code_nhgis_blocks,0.97,33-4 Hickory Hollow Baptist,2000,493,0.021852259128
high,DAVIDSON,001930,33 4 HICKORY HOLLOW,2008,official_vtd_exact_label_code_nhgis_blocks,0.97,33-4 Hickory Hollow Baptist,2000,493,0.281161571181
high,DAVIDSON,001944,33 4 HICKORY HOLLOW,2008,official_vtd_exact_label_code_nhgis_blocks,0.97,33-4 Hickory Hollow Baptist,2000,493,0.696986169691
high,DAVIDSON,001918,34 1 JULIA GREEN ES,2008,official_vtd_exact_label_code_nhgis_blocks,0.97,34-1 Calvary UMC,2000,435,0.136789614619
high,DAVIDSON,001953,34 1 JULIA GREEN ES,2008,official_vtd_exact_label_code_nhgis_blocks,0.97,34-1 Calvary UMC,2000,435,0.863210385381
high,DAVIDSON,001954,34 2 HILLSBORO PRES,2008,official_vtd_exact_label_code_nhgis_blocks,0.97,34-2 Hillsboro Presbyterian Church,2000,347,0.50653473357
high,DAVIDSON,001955,34 2 HILLSBORO PRES,2008,official_vtd_exact_label_code_nhgis_blocks,0.97,34-2 Hillsboro Presbyterian Church,2000,347,0.49346526643
high,DAVIDSON,001955,34 3 PERCY PRST SCH,2008,official_vtd_exact_label_code_nhgis_blocks,0.97,34-3 Percy Priest School,2000,342,1.0
high,DAVIDSON,001957,34 4 JOHN TROTWOOD,2008,official_vtd_exact_label_code_nhgis_blocks,0.97,34-4 John Trotwood Moore School,2000,341,1.0
high,DAVIDSON,001956,34 5 BRENTWOOD HILLS,2008,official_vtd_exact_label_code_nhgis_blocks,0.97,34-5 Brentwood Hills Church of Christ,2000,338,0.205119889704
high,DAVIDSON,001957,34 5 BRENTWOOD HILLS,2008,official_vtd_exact_label_code_nhgis_blocks,0.97,34-5 Brentwood Hills Church of Christ,2000,338,0.794880110296
high,DAVIDSON,001919,34 8 GLENDALE UMC,2008,official_vtd_code_and_name_nhgis_blocks,1.0,34-8 Glendale UMC,2000,438,1.0
high,DAVIDSON,001921,34 9 CH OF REDEEMER,2008,official_vtd_exact_label_code_nhgis_blocks,0.97,34-9 Church of the Redeemer,2000,479,1.0
high,DAVIDSON,001956,34 10 FOREST HILLS,2008,official_vtd_exact_label_code_nhgis_blocks,0.97,34-10 Forest Hills Baptist,2000,343,0.901687829632
high,DAVIDSON,009727,34 10 FOREST HILLS,2008,official_vtd_exact_label_code_nhgis_blocks,0.97,34-10 Forest Hills Baptist,2000,343,0.098312170368
high,DAVIDSON,001007,35 1 GOWER SCHOOL,2008,official_vtd_code_and_name_nhgis_blocks,1.0,35-1 Gower School,2000,464,0.00018130217
high,DAVIDSON,001903,35 1 GOWER SCHOOL,2008,official_vtd_code_and_name_nhgis_blocks,1.0,35-1 Gower School,2000,464,0.00646398847
high,DAVIDSON,001908,35 1 GOWER SCHOOL,2008,official_vtd_code_and_name_nhgis_blocks,1.0,35-1 Gower School,2000,464,0.013379384934
high,DAVIDSON,001958,35 1 GOWER SCHOOL,2008,official_vtd_code_and_name_nhgis_blocks,1.0,35-1 Gower School,2000,464,0.979975324426
high,DAVIDSON,001007,35 2 SOUTH HARPETH,2008,official_vtd_exact_label_code_nhgis_blocks,0.97,35-2 South Harpeth Church of Christ,2000,470,0.00447795314
high,DAVIDSON,001959,35 2 SOUTH HARPETH,2008,official_vtd_exact_label_code_nhgis_blocks,0.97,35-2 South Harpeth Church of Christ,2000,470,0.993670946322
high,DAVIDSON,009702,35 2 SOUTH HARPETH,2008,official_vtd_exact_label_code_nhgis_blocks,0.97,35-2 South Harpeth Church of Christ,2000,470,0.001851100538
high,DAVIDSON,001905,35 3 HARPETH VALLEY,2008,official_vtd_exact_label_code_nhgis_blocks,0.97,35-3 Harpeth Valley School,2000,469,0.101042574646
high,DAVIDSON,001960,35 3 HARPETH VALLEY,2008,official_vtd_exact_label_code_nhgis_blocks,0.97,35-3 Harpeth Valley School,2000,469,0.898957425354
high,DAVIDSON,001961,35 4 BELLEVUE UMC,2008,official_vtd_code_and_name_nhgis_blocks,1.0,35-4 Bellevue UMC,2000,348,1.0
high,DAVIDSON,001908,35 5 JEWISH CC,2008,official_vtd_exact_label_code_nhgis_blocks,0.97,35-5 Jewish Comm. Ctr.,2000,472,5.856308e-05
high,DAVIDSON,001909,35 5 JEWISH CC,2008,official_vtd_exact_label_code_nhgis_blocks,0.97,35-5 Jewish Comm. Ctr.,2000,472,0.483035876374
high,DAVIDSON,001956,35 5 JEWISH CC,2008,official_vtd_exact_label_code_nhgis_blocks,0.97,35-5 Jewish Comm. Ctr.,2000,472,0.509681070978
high,DAVIDSON,001961,35 5 JEWISH CC,2008,official_vtd_exact_label_code_nhgis_blocks,0.97,35-5 Jewish Comm. Ctr.,2000,472,0.007224489568
high,DECATUR,002054,1 1 DUNBAR,2008,official_vtd_exact_name_nhgis_blocks,0.95,01 Dunbar,2000,501,1.0
high,DECATUR,002051,2 1 LIBERTY,2008,official_vtd_exact_name_nhgis_blocks,0.95,02 Liberty,2000,500,0.00018814726
high,DECATUR,002054,2 1 LIBERTY,2008,official_vtd_exact_name_nhgis_blocks,0.95,02 Liberty,2000,500,0.16634581405
high,DECATUR,002060,2 1 LIBERTY,2008,official_vtd_exact_name_nhgis_blocks,0.95,02 Liberty,2000,500,0.833458492481
high,DECATUR,003718,2 1 LIBERTY,2008,official_vtd_exact_name_nhgis_blocks,0.95,02 Liberty,2000,500,7.546209e-06
high,DECATUR,002051,2 1 SCOTTS HILL,2008,official_vtd_exact_name_nhgis_blocks,0.95,02 Scotts Hill,2000,503,1.0
high,DECATUR,002057,7 1 JEANETTE,2008,official_vtd_exact_name_nhgis_blocks,0.95,07 Jeanette,2000,506,1.0
high,DECATUR,002062,7 1 PERRYVILLE,2008,official_vtd_exact_name_nhgis_blocks,0.95,07 Perryville,2000,508,1.0
high,DECATUR,002059,9 1 HYDRO,2008,official_vtd_exact_name_nhgis_blocks,0.95,09 Hydro,2000,507,1.0
high,DEKALB,002158,1 1 ALEXANDRIA,2008,official_vtd_code_and_name_nhgis_blocks,1.0,1-1 Alexandria,2000,519,1.0
high,DEKALB,002159,1 2 TEMPERENCE HALL,2008,official_vtd_code_and_name_nhgis_blocks,1.0,1-2 Temperence Hall,2000,520,1.0
high,DEKALB,002151,1 3 EDGAR EVINS PARK,2008,official_vtd_exact_label_code_nhgis_blocks,0.97,1-3 Edgar Evins State Park,2000,512,1.0
high,DEKALB,002152,2 1 LIBERTY,2008,official_vtd_code_and_name_nhgis_blocks,1.0,2-1 Liberty,2000,513,0.945108093503
high,DEKALB,002158,2 1 LIBERTY,2008,official_vtd_code_and_name_nhgis_blocks,1.0,2-1 Liberty,2000,513,0.054891906497
high,DEKALB,002152,2 2 DOWELLTOWN,2008,official_vtd_code_and_name_nhgis_blocks,1.0,2-2 Dowelltown,2000,521,0.011049663066
high,DEKALB,002159,2 2 DOWELLTOWN,2008,official_vtd_code_and_name_nhgis_blocks,1.0,2-2 Dowelltown,2000,521,0.000512169167
high,DEKALB,002160,2 2 DOWELLTOWN,2008,official_vtd_code_and_name_nhgis_blocks,1.0,2-2 Dowelltown,2000,521,0.988438167766
high,DEKALB,002159,2 3 SNOWS HILL,2008,official_vtd_code_and_name_nhgis_blocks,1.0,2-3 Snows Hill,2000,522,0.209196996592
high,DEKALB,002161,2 3 SNOWS HILL,2008,official_vtd_code_and_name_nhgis_blocks,1.0,2-3 Snows Hill,2000,522,0.790803003408
high,DEKALB,002155,4 1 CHERRY HILL,2008,official_vtd_code_and_name_nhgis_blocks,1.0,4-1 Cherry Hill,2000,524,1.0
high,DEKALB,002162,4 2 ROCK CASTLE,2008,official_vtd_code_and_name_nhgis_blocks,1.0,4-2 Rock Castle,2000,523,0.998295552826
high,DEKALB,007268,4 2 ROCK CASTLE,2008,official_vtd_code_and_name_nhgis_blocks,1.0,4-2 Rock Castle,2000,523,0.001704447174
high,DEKALB,002155,4 3 COURTHOUSE,2008,official_vtd_code_and_name_nhgis_blocks,1.0,4-3 Courthouse,2000,516,1.0
high,DEKALB,002164,5 1 JOHNSON CHAPEL,2008,official_vtd_code_and_name_nhgis_blocks,1.0,5-1 Johnson Chapel,2000,525,1.0
high,DEKALB,002155,5 2 SMITHVILLE E S,2008,official_vtd_exact_label_code_nhgis_blocks,0.97,5-2 Elementary School,2000,518,0.095009096388
high,DEKALB,002157,5 2 SMITHVILLE E S,2008,official_vtd_exact_label_code_nhgis_blocks,0.97,5-2 Elementary School,2000,518,0.904990903612
high,DEKALB,002166,6 1 BELK,2008,official_vtd_code_and_name_nhgis_blocks,1.0,6-1 Belk,2000,527,1.0
high,DEKALB,002157,6 2 KELTONBURG,2008,official_vtd_code_and_name_nhgis_blocks,1.0,6-2 Keltonburg,2000,526,0.097942029349
high,DEKALB,002165,6 2 KELTONBURG,2008,official_vtd_code_and_name_nhgis_blocks,1.0,6-2 Keltonburg,2000,526,0.902057970651
high,DEKALB,002153,6 3 BLUE SPRINGS,2008,official_vtd_code_and_name_nhgis_blocks,1.0,6-3 Blue Springs,2000,515,0.013145926931
high,DEKALB,002154,6 3 BLUE SPRINGS,2008,official_vtd_code_and_name_nhgis_blocks,1.0,6-3 Blue Springs,2000,515,0.842278231293
high,DEKALB,002157,6 3 BLUE SPRINGS,2008,official_vtd_code_and_name_nhgis_blocks,1.0,6-3 Blue Springs,2000,515,0.084516180025
high,DEKALB,002161,6 3 BLUE SPRINGS,2008,official_vtd_code_and_name_nhgis_blocks,1.0,6-3 Blue Springs,2000,515,0.060059661751
high,DICKSON,002258,1 2 SYLVIA BAPTIST,2008,official_vtd_exact_label_code_nhgis_blocks,0.97,01-2 Sylvia Baptist Church,2000,541,0.065023325527
high,DICKSON,002262,1 2 SYLVIA BAPTIST,2008,official_vtd_exact_label_code_nhgis_blocks,0.97,01-2 Sylvia Baptist Church,2000,541,0.79993145846
high,DICKSON,002264,1 2 SYLVIA BAPTIST,2008,official_vtd_exact_label_code_nhgis_blocks,0.97,01-2 Sylvia Baptist Church,2000,541,0.135045216013
high,DICKSON,002256,2 1 ENO METHODIST,2008,official_vtd_code_and_name_nhgis_blocks,1.0,02-1 Eno Methodist,2000,544,0.568658756068
high,DICKSON,002257,2 1 ENO METHODIST,2008,official_vtd_code_and_name_nhgis_blocks,1.0,02-1 Eno Methodist,2000,544,0.431341243932
high,DICKSON,002257,2 2 TENNESSEE CITY,2008,official_vtd_exact_label_code_nhgis_blocks,0.97,02-2 Tennessee City C.C.,2000,545,0.371018878101
high,DICKSON,002258,2 2 TENNESSEE CITY,2008,official_vtd_exact_label_code_nhgis_blocks,0.97,02-2 Tennessee City C.C.,2000,545,0.628661882907
high,DICKSON,002262,2 2 TENNESSEE CITY,2008,official_vtd_exact_label_code_nhgis_blocks,0.97,02-2 Tennessee City C.C.,2000,545,0.000319238992
high,DICKSON,002259,3 1 CUMBERLAND FCE,2008,official_vtd_exact_label_code_nhgis_blocks,0.97,03-1 Cumberland Fce Firehall,2000,543,0.607895688688
high,DICKSON,002260,3 1 CUMBERLAND FCE,2008,official_vtd_exact_label_code_nhgis_blocks,0.97,03-1 Cumberland Fce Firehall,2000,543,0.392104311312
high,DICKSON,002258,3 2 VANLEER TOWN,2008,official_vtd_exact_label_code_nhgis_blocks,0.97,03-2 Vanleer Townhall,2000,542,0.195093779695
high,DICKSON,002259,3 2 VANLEER TOWN,2008,official_vtd_exact_label_code_nhgis_blocks,0.97,03-2 Vanleer Townhall,2000,542,0.803289803969
high,DICKSON,004307,3 2 VANLEER TOWN,2008,official_vtd_exact_label_code_nhgis_blocks,0.97,03-2 Vanleer Townhall,2000,542,0.001616416336
high,DICKSON,002260,4 1 JACKSON CHAPEL,2008,official_vtd_exact_label_code_nhgis_blocks,0.97,04-1 Jackson Chapel C.C.,2000,539,0.934744149479
high,DICKSON,002261,4 1 JACKSON CHAPEL,2008,official_vtd_exact_label_code_nhgis_blocks,0.97,04-1 Jackson Chapel C.C.,2000,539,0.065255850521
high,DICKSON,002254,5 1 WILLIAM JAMES,2008,official_vtd_exact_label_code_nhgis_blocks,0.97,05-1 William James Middle,2000,534,0.001634389584
high,DICKSON,002261,5 1 WILLIAM JAMES,2008,official_vtd_exact_label_code_nhgis_blocks,0.97,05-1 William James Middle,2000,534,0.970048764908
high,DICKSON,002263,5 1 WILLIAM JAMES,2008,official_vtd_exact_label_code_nhgis_blocks,0.97,05-1 William James Middle,2000,534,0.019026265275
high,DICKSON,002265,5 1 WILLIAM JAMES,2008,official_vtd_exact_label_code_nhgis_blocks,0.97,05-1 William James Middle,2000,534,0.009290580234
high,DICKSON,002252,6 1 BURNS TOWN HALL,2008,official_vtd_code_and_name_nhgis_blocks,1.0,06-1 Burns Town Hall,2000,529,0.744821626284
high,DICKSON,002253,6 1 BURNS TOWN HALL,2008,official_vtd_code_and_name_nhgis_blocks,1.0,06-1 Burns Town Hall,2000,529,2.8021657e-05
high,DICKSON,002255,6 1 BURNS TOWN HALL,2008,official_vtd_code_and_name_nhgis_blocks,1.0,06-1 Burns Town Hall,2000,529,0.255115672246
high,DICKSON,002265,6 1 BURNS TOWN HALL,2008,official_vtd_code_and_name_nhgis_blocks,1.0,06-1 Burns Town Hall,2000,529,2.7476759e-05
high,DICKSON,002266,6 1 BURNS TOWN HALL,2008,official_vtd_code_and_name_nhgis_blocks,1.0,06-1 Burns Town Hall,2000,529,7.203054e-06
high,DICKSON,002251,6 2 PORTER CC,2008,official_vtd_exact_label_code_nhgis_blocks,0.97,06-2 Porter C.C.,2000,530,0.891778165588
high,DICKSON,002252,6 2 PORTER CC,2008,official_vtd_exact_label_code_nhgis_blocks,0.97,06-2 Porter C.C.,2000,530,0.076315203294
high,DICKSON,002255,6 2 PORTER CC,2008,official_vtd_exact_label_code_nhgis_blocks,0.97,06-2 Porter C.C.,2000,530,0.031906631118
high,DICKSON,002255,7 1 POMONA BAPT CH,2008,official_vtd_exact_label_code_nhgis_blocks,0.97,07-1 Pomona Baptist Church,2000,535,0.75891229464
high,DICKSON,002256,7 1 POMONA BAPT CH,2008,official_vtd_exact_label_code_nhgis_blocks,0.97,07-1 Pomona Baptist Church,2000,535,0.236112131263
high,DICKSON,002267,7 1 POMONA BAPT CH,2008,official_vtd_exact_label_code_nhgis_blocks,0.97,07-1 Pomona Baptist Church,2000,535,0.004975574097
high,DICKSON,002255,8 1 WALNUT CH,2008,official_vtd_exact_label_code_nhgis_blocks,0.97,08-1 Walnut Street Church,2000,536,0.000442319026
high,DICKSON,002256,8 1 WALNUT CH,2008,official_vtd_exact_label_code_nhgis_blocks,0.97,08-1 Walnut Street Church,2000,536,0.596166244122
high,DICKSON,002257,8 1 WALNUT CH,2008,official_vtd_exact_label_code_nhgis_blocks,0.97,08-1 Walnut Street Church,2000,536,1.3469424e-05
high,DICKSON,002267,8 1 WALNUT CH,2008,official_vtd_exact_label_code_nhgis_blocks,0.97,08-1 Walnut Street Church,2000,536,0.403377967429
high,DICKSON,002264,9 1 BD OF EDUC,2008,official_vtd_exact_label_code_nhgis_blocks,0.97,09-1 Superintendent's Office,2000,537,1.0
high,DICKSON,002266,11 1 NEW HOPE BAPT,2008,official_vtd_exact_label_code_nhgis_blocks,0.97,11-1 New Hope Baptist Church,2000,531,1.0
high,DICKSON,002252,12 1 CATFISH KITCHEN,2008,official_vtd_code_and_name_nhgis_blocks,1.0,12-1 Catfish Kitchen,2000,532,0.000439677457
high,DICKSON,002253,12 1 CATFISH KITCHEN,2008,official_vtd_code_and_name_nhgis_blocks,1.0,12-1 Catfish Kitchen,2000,532,0.011483613218
high,DICKSON,002265,12 1 CATFISH KITCHEN,2008,official_vtd_code_and_name_nhgis_blocks,1.0,12-1 Catfish Kitchen,2000,532,0.920092467693
high,DICKSON,002266,12 1 CATFISH KITCHEN,2008,official_vtd_code_and_name_nhgis_blocks,1.0,12-1 Catfish Kitchen,2000,532,0.067984241632
high,DICKSON,002251,12 2 EASTSIDE CC,2008,official_vtd_exact_label_code_nhgis_blocks,0.97,12-2 Eastside C.C.,2000,528,0.003001711883
high,DICKSON,002252,12 2 EASTSIDE CC,2008,official_vtd_exact_label_code_nhgis_blocks,0.97,12-2 Eastside C.C.,2000,528,0.020355879034
high,DICKSON,002253,12 2 EASTSIDE CC,2008,official_vtd_exact_label_code_nhgis_blocks,0.97,12-2 Eastside C.C.,2000,528,0.976642409083
high,DICKSON,002253,12 3 WHITE BLUFF CC,2008,official_vtd_exact_label_code_nhgis_blocks,0.97,12-3 White Bluff C.C.,2000,540,0.284318592233
high,DICKSON,002254,12 3 WHITE BLUFF CC,2008,official_vtd_exact_label_code_nhgis_blocks,0.97,12-3 White Bluff C.C.,2000,540,0.59694925613
high,DICKSON,002265,12 3 WHITE BLUFF CC,2008,official_vtd_exact_label_code_nhgis_blocks,0.97,12-3 White Bluff C.C.,2000,540,0.118732151637
medium,DYER,002351,A1 BONICORD,2008,official_vtd_fuzzy_name_nhgis_blocks,0.8571,A - Bonicord,2000,560,1.0
medium,DYER,002352,A2 FOWLKES,2008,official_vtd_fuzzy_name_nhgis_blocks,0.8526,A-Fowlkes,2000,554,1.0
medium,DYER,002353,B1 NEWBERN,2008,official_vtd_fuzzy_name_nhgis_blocks,0.8526,B - Newbern,2000,551,0.74522445381
medium,DYER,002356,B1 NEWBERN,2008,official_vtd_fuzzy_name_nhgis_blocks,0.8526,B - Newbern,2000,551,0.214457114439
medium,DYER,002358,B1 NEWBERN,2008,official_vtd_fuzzy_name_nhgis_blocks,0.8526,B - Newbern,2000,551,0.040318431751
medium,DYER,002354,C1 TATUMVILLE,2008,official_vtd_fuzzy_name_nhgis_blocks,0.864,C-Tatumville,2000,559,1.0
medium,DYER,002356,C2 TRIMBLE,2008,official_vtd_fuzzy_name_nhgis_blocks,0.8526,C - Trimble,2000,561,1.0
medium,DYER,002351,C3 ROELLEN,2008,official_vtd_fuzzy_name_nhgis_blocks,0.8526,C - Roellen,2000,556,0.125461685683
medium,DYER,002355,C3 ROELLEN,2008,official_vtd_fuzzy_name_nhgis_blocks,0.8526,C - Roellen,2000,556,0.447859101888
medium,DYER,002363,C3 ROELLEN,2008,official_vtd_fuzzy_name_nhgis_blocks,0.8526,C - Roellen,2000,556,0.426679212429
medium,DYER,002353,D1 MILLSFIELD,2008,official_vtd_fuzzy_name_nhgis_blocks,0.864,D - Millsfield,2000,547,0.00203280244
medium,DYER,002357,D1 MILLSFIELD,2008,official_vtd_fuzzy_name_nhgis_blocks,0.864,D - Millsfield,2000,547,0.02949810337
medium,DYER,002358,D1 MILLSFIELD,2008,official_vtd_fuzzy_name_nhgis_blocks,0.864,D - Millsfield,2000,547,0.91246382392
medium,DYER,002364,D1 MILLSFIELD,2008,official_vtd_fuzzy_name_nhgis_blocks,0.864,D - Millsfield,2000,547,3.7422616e-05
medium,DYER,002365,D1 MILLSFIELD,2008,official_vtd_fuzzy_name_nhgis_blocks,0.864,D - Millsfield,2000,547,0.055577475049
medium,DYER,002366,D1 MILLSFIELD,2008,official_vtd_fuzzy_name_nhgis_blocks,0.864,D - Millsfield,2000,547,0.000390372605
medium,DYER,002357,D2 BOGOTA,2008,official_vtd_fuzzy_name_nhgis_blocks,0.8471,D-Bogota,2000,550,1.0
medium,DYER,002359,E1 FINLEY,2008,official_vtd_fuzzy_name_nhgis_blocks,0.8471,E - Finley,2000,553,1.0
medium,DYER,002360,E2 LENOX,2008,official_vtd_fuzzy_name_nhgis_blocks,0.84,E - Lenox,2000,549,0.995762762677
medium,DYER,002366,E2 LENOX,2008,official_vtd_fuzzy_name_nhgis_blocks,0.84,E - Lenox,2000,549,0.004237237323
medium,DYER,002351,F1 DYER CO CENTRAL,2008,official_vtd_fuzzy_name_nhgis_blocks,0.7846,F - Dyer County Central,2000,558,2.5582603e-05
medium,DYER,002352,F1 DYER CO CENTRAL,2008,official_vtd_fuzzy_name_nhgis_blocks,0.7846,F - Dyer County Central,2000,558,0.575273862268
medium,DYER,002361,F1 DYER CO CENTRAL,2008,official_vtd_fuzzy_name_nhgis_blocks,0.7846,F - Dyer County Central,2000,558,0.424700555129
medium,DYER,002362,G1 COURTHOUSE,2008,official_vtd_fuzzy_name_nhgis_blocks,0.864,G - Courthouse,2000,552,1.0
medium,DYER,002351,H1 E DYERSBURG,2008,official_vtd_fuzzy_name_nhgis_blocks,0.8667,H - E. Dyersburg,2000,555,0.000561004375
medium,DYER,002361,H1 E DYERSBURG,2008,official_vtd_fuzzy_name_nhgis_blocks,0.8667,H - E. Dyersburg,2000,555,0.035702005353
medium,DYER,002363,H1 E DYERSBURG,2008,official_vtd_fuzzy_name_nhgis_blocks,0.8667,H - E. Dyersburg,2000,555,0.963736990272
medium,DYER,002364,I1 COMMUNITY CENTER,2008,official_vtd_fuzzy_name_nhgis_blocks,0.8757,I - Community Center,2000,557,0.91509002264
medium,DYER,002365,I1 COMMUNITY CENTER,2008,official_vtd_fuzzy_name_nhgis_blocks,0.8757,I - Community Center,2000,557,0.08490997736
medium,DYER,002364,I2 HURRICANE HILL,2008,official_vtd_fuzzy_name_nhgis_blocks,0.8727,I - Hurricane Hill,2000,546,0.03536706577
medium,DYER,002365,I2 HURRICANE HILL,2008,official_vtd_fuzzy_name_nhgis_blocks,0.8727,I - Hurricane Hill,2000,546,0.96463293423
medium,DYER,002359,J1 NORTH DYERSBURG,2008,official_vtd_fuzzy_name_nhgis_blocks,0.8667,J-N Dyersburg,2000,548,0.00166567165
medium,DYER,002360,J1 NORTH DYERSBURG,2008,official_vtd_fuzzy_name_nhgis_blocks,0.8667,J-N Dyersburg,2000,548,0.002126209707
medium,DYER,002361,J1 NORTH DYERSBURG,2008,official_vtd_fuzzy_name_nhgis_blocks,0.8667,J-N Dyersburg,2000,548,0.116914052302
medium,DYER,002365,J1 NORTH DYERSBURG,2008,official_vtd_fuzzy_name_nhgis_blocks,0.8667,J-N Dyersburg,2000,548,0.00159986979
medium,DYER,002366,J1 NORTH DYERSBURG,2008,official_vtd_fuzzy_name_nhgis_blocks,0.8667,J-N Dyersburg,2000,548,0.877694196553
high,FAYETTE,002458,SOMERVILLE CITY,2008,official_vtd_exact_name_nhgis_blocks,0.95,01 Somerville City,2000,577,0.0632732456
high,FAYETTE,002460,SOMERVILLE CITY,2008,official_vtd_exact_name_nhgis_blocks,0.95,01 Somerville City,2000,577,0.346022789779
high,FAYETTE,002461,SOMERVILLE CITY,2008,official_vtd_exact_name_nhgis_blocks,0.95,01 Somerville City,2000,577,0.087129230809
high,FAYETTE,002464,SOMERVILLE CITY,2008,official_vtd_exact_name_nhgis_blocks,0.95,01 Somerville City,2000,577,0.075028981896
high,FAYETTE,002465,SOMERVILLE CITY,2008,official_vtd_exact_name_nhgis_blocks,0.95,01 Somerville City,2000,577,0.428545751915
high,FAYETTE,002456,WARREN,2008,official_vtd_exact_name_nhgis_blocks,0.95,02 Warren,2000,576,0.377870715912
high,FAYETTE,002464,WARREN,2008,official_vtd_exact_name_nhgis_blocks,0.95,02 Warren,2000,576,0.28745366328
high,FAYETTE,002465,WARREN,2008,official_vtd_exact_name_nhgis_blocks,0.95,02 Warren,2000,576,0.334675620808
high,FAYETTE,002461,FAYETTE CORNER,2008,official_vtd_exact_name_nhgis_blocks,0.95,03 Fayette Corner,2000,575,1.0
high,FAYETTE,002461,GARNETT,2008,official_vtd_exact_name_nhgis_blocks,0.95,04 Garnett,2000,578,0.157866659524
high,FAYETTE,002462,GARNETT,2008,official_vtd_exact_name_nhgis_blocks,0.95,04 Garnett,2000,578,0.124304729565
high,FAYETTE,002464,GARNETT,2008,official_vtd_exact_name_nhgis_blocks,0.95,04 Garnett,2000,578,0.715352890041
high,FAYETTE,002465,GARNETT,2008,official_vtd_exact_name_nhgis_blocks,0.95,04 Garnett,2000,578,0.002475720871
high,FAYETTE,002462,LONGTOWN,2008,official_vtd_exact_name_nhgis_blocks,0.95,05 Longtown,2000,572,0.639249896118
high,FAYETTE,002463,LONGTOWN,2008,official_vtd_exact_name_nhgis_blocks,0.95,05 Longtown,2000,572,0.145240335633
high,FAYETTE,002464,LONGTOWN,2008,official_vtd_exact_name_nhgis_blocks,0.95,05 Longtown,2000,572,0.215509768249
high,FAYETTE,002462,BRADEN,2008,official_vtd_exact_name_nhgis_blocks,0.95,06 Braden,2000,571,1.0
high,FAYETTE,002462,GALLAWAY,2008,official_vtd_exact_name_nhgis_blocks,0.95,07 Gallaway,2000,573,0.214631981532
high,FAYETTE,002463,GALLAWAY,2008,official_vtd_exact_name_nhgis_blocks,0.95,07 Gallaway,2000,573,0.785368018468
high,FAYETTE,002451,OAKLAND,2008,official_vtd_exact_name_nhgis_blocks,0.95,08 Oakland,2000,568,0.262897379646
high,FAYETTE,002452,OAKLAND,2008,official_vtd_exact_name_nhgis_blocks,0.95,08 Oakland,2000,568,0.046711000429
high,FAYETTE,002456,OAKLAND,2008,official_vtd_exact_name_nhgis_blocks,0.95,08 Oakland,2000,568,0.196953091584
high,FAYETTE,002463,OAKLAND,2008,official_vtd_exact_name_nhgis_blocks,0.95,08 Oakland,2000,568,0.097346681708
high,FAYETTE,002464,OAKLAND,2008,official_vtd_exact_name_nhgis_blocks,0.95,08 Oakland,2000,568,0.248395246381
high,FAYETTE,002465,OAKLAND,2008,official_vtd_exact_name_nhgis_blocks,0.95,08 Oakland,2000,568,0.147696600252
high,FAYETTE,002451,HICKORY WITHE,2008,official_vtd_exact_name_nhgis_blocks,0.95,09 Hickory Withe,2000,567,0.006249276264
high,FAYETTE,002452,HICKORY WITHE,2008,official_vtd_exact_name_nhgis_blocks,0.95,09 Hickory Withe,2000,567,0.6347055311
high,FAYETTE,002453,HICKORY WITHE,2008,official_vtd_exact_name_nhgis_blocks,0.95,09 Hickory Withe,2000,567,0.017505655128
high,FAYETTE,002456,HICKORY WITHE,2008,official_vtd_exact_name_nhgis_blocks,0.95,09 Hickory Withe,2000,567,0.053255811952
high,FAYETTE,002463,HICKORY WITHE,2008,official_vtd_exact_name_nhgis_blocks,0.95,09 Hickory Withe,2000,567,0.288283725556
high,FAYETTE,002452,ELBA,2008,official_vtd_exact_name_nhgis_blocks,0.95,10 Elba,2000,566,0.159341942069
high,FAYETTE,002453,ELBA,2008,official_vtd_exact_name_nhgis_blocks,0.95,10 Elba,2000,566,0.84049892462
high,FAYETTE,002454,ELBA,2008,official_vtd_exact_name_nhgis_blocks,0.95,10 Elba,2000,566,0.000159133311
high,FAYETTE,002454,PIPERTON,2008,official_vtd_exact_name_nhgis_blocks,0.95,11 Piperton,2000,563,0.790813574983
high,FAYETTE,002455,PIPERTON,2008,official_vtd_exact_name_nhgis_blocks,0.95,11 Piperton,2000,563,0.209186425017
high,FAYETTE,002454,ROSSVILLE,2008,official_vtd_exact_name_nhgis_blocks,0.95,12 Rossville,2000,562,0.04459991132
high,FAYETTE,002455,ROSSVILLE,2008,official_vtd_exact_name_nhgis_blocks,0.95,12 Rossville,2000,562,0.95540008868
high,FAYETTE,002453,MACON,2008,official_vtd_exact_name_nhgis_blocks,0.95,13 Macon,2000,564,0.103516017028
high,FAYETTE,002455,MACON,2008,official_vtd_exact_name_nhgis_blocks,0.95,13 Macon,2000,564,0.251075751034
high,FAYETTE,002456,MACON,2008,official_vtd_exact_name_nhgis_blocks,0.95,13 Macon,2000,564,0.645408231937
high,FAYETTE,002456,WILLISTON,2008,official_vtd_exact_name_nhgis_blocks,0.95,14 Williston,2000,569,0.55966675002
high,FAYETTE,002458,WILLISTON,2008,official_vtd_exact_name_nhgis_blocks,0.95,14 Williston,2000,569,0.401567821149
high,FAYETTE,002460,WILLISTON,2008,official_vtd_exact_name_nhgis_blocks,0.95,14 Williston,2000,569,0.038765428831
high,FAYETTE,002458,PARKS,2008,official_vtd_exact_name_nhgis_blocks,0.95,15 Parks,2000,574,0.025859108812
high,FAYETTE,002460,PARKS,2008,official_vtd_exact_name_nhgis_blocks,0.95,15 Parks,2000,574,0.96685892971
high,FAYETTE,002461,PARKS,2008,official_vtd_exact_name_nhgis_blocks,0.95,15 Parks,2000,574,0.007281961477
high,FAYETTE,002455,MOSCOW,2008,official_vtd_exact_name_nhgis_blocks,0.95,16 Moscow,2000,565,0.123766026478
high,FAYETTE,002456,MOSCOW,2008,official_vtd_exact_name_nhgis_blocks,0.95,16 Moscow,2000,565,0.152710774718
high,FAYETTE,002457,MOSCOW,2008,official_vtd_exact_name_nhgis_blocks,0.95,16 Moscow,2000,565,0.641326246166
high,FAYETTE,002458,MOSCOW,2008,official_vtd_exact_name_nhgis_blocks,0.95,16 Moscow,2000,565,0.081225961929
high,FAYETTE,002459,MOSCOW,2008,official_vtd_exact_name_nhgis_blocks,0.95,16 Moscow,2000,565,0.000970990708
high,FAYETTE,002459,LAGRANGE,2008,official_vtd_exact_name_nhgis_blocks,0.95,17 LaGrange,2000,570,0.937816330412
high,FAYETTE,002460,LAGRANGE,2008,official_vtd_exact_name_nhgis_blocks,0.95,17 LaGrange,2000,570,0.062183669588
high,FENTRESS,002553,ALLARDT,2008,official_vtd_exact_name_nhgis_blocks,0.95,Allardt,2000,585,0.99837148388
high,FENTRESS,002557,ALLARDT,2008,official_vtd_exact_name_nhgis_blocks,0.95,Allardt,2000,585,0.00018064596
high,FENTRESS,002561,ALLARDT,2008,official_vtd_exact_name_nhgis_blocks,0.95,Allardt,2000,585,0.00144787016
high,FENTRESS,002551,ARMATHWAITE,2008,official_vtd_exact_name_nhgis_blocks,0.95,Armathwaite,2000,591,1.0
high,FENTRESS,002552,BANNER SPRINGS,2008,official_vtd_exact_name_nhgis_blocks,0.95,Banner Springs,2000,579,0.897883656351
high,FENTRESS,002562,BANNER SPRINGS,2008,official_vtd_exact_name_nhgis_blocks,0.95,Banner Springs,2000,579,0.102116343649
high,FENTRESS,002557,COMMUNITY CENTER,2008,official_vtd_exact_name_nhgis_blocks,0.95,Community Center,2000,583,1.0
high,FENTRESS,002554,COURTHOUSE,2008,official_vtd_exact_name_nhgis_blocks,0.95,Courthouse,2000,582,1.0
high,FENTRESS,001716,CLARKRANGE,2008,official_vtd_exact_name_nhgis_blocks,0.95,Clarkrange,2000,581,0.015500831555
high,FENTRESS,002552,CLARKRANGE,2008,official_vtd_exact_name_nhgis_blocks,0.95,Clarkrange,2000,581,0.126559376676
high,FENTRESS,002556,CLARKRANGE,2008,official_vtd_exact_name_nhgis_blocks,0.95,Clarkrange,2000,581,0.56635700196
high,FENTRESS,002562,CLARKRANGE,2008,official_vtd_exact_name_nhgis_blocks,0.95,Clarkrange,2000,581,0.291582789809
high,FENTRESS,002555,CROSSROADS,2008,official_vtd_exact_name_nhgis_blocks,0.95,Crossroads,2000,584,0.025702267034
high,FENTRESS,002557,CROSSROADS,2008,official_vtd_exact_name_nhgis_blocks,0.95,Crossroads,2000,584,0.007325802823
high,FENTRESS,002558,CROSSROADS,2008,official_vtd_exact_name_nhgis_blocks,0.95,Crossroads,2000,584,0.966971930143
high,FENTRESS,002553,GRIMSLEY,2008,official_vtd_exact_name_nhgis_blocks,0.95,Grimsley,2000,589,0.115218327257
high,FENTRESS,002561,GRIMSLEY,2008,official_vtd_exact_name_nhgis_blocks,0.95,Grimsley,2000,589,0.052347382964
high,FENTRESS,002562,GRIMSLEY,2008,official_vtd_exact_name_nhgis_blocks,0.95,Grimsley,2000,589,0.832434289779
high,FENTRESS,002555,PINE HAVEN,2008,official_vtd_exact_name_nhgis_blocks,0.95,Pine Haven,2000,587,0.809940144096
high,FENTRESS,002558,PINE HAVEN,2008,official_vtd_exact_name_nhgis_blocks,0.95,Pine Haven,2000,587,0.00114891124
high,FENTRESS,002563,PINE HAVEN,2008,official_vtd_exact_name_nhgis_blocks,0.95,Pine Haven,2000,587,0.188910944664
high,FENTRESS,002559,PALL MALL,2008,official_vtd_exact_name_nhgis_blocks,0.95,Pall Mall,2000,580,1.0
high,FENTRESS,002551,SHIRLEY,2008,official_vtd_exact_name_nhgis_blocks,0.95,Shirley,2000,590,0.359417504382
high,FENTRESS,002553,SHIRLEY,2008,official_vtd_exact_name_nhgis_blocks,0.95,Shirley,2000,590,0.55037418172
high,FENTRESS,002561,SHIRLEY,2008,official_vtd_exact_name_nhgis_blocks,0.95,Shirley,2000,590,0.090208313898
high,FENTRESS,002560,WEST FENTRESS,2008,official_vtd_exact_name_nhgis_blocks,0.95,West Fentress,2000,588,1.0
high,FENTRESS,002558,YORK ELEMENTARY,2008,official_vtd_exact_name_nhgis_blocks,0.95,York Elementary,2000,586,0.134724816938
high,FENTRESS,002561,YORK ELEMENTARY,2008,official_vtd_exact_name_nhgis_blocks,0.95,York Elementary,2000,586,0.848195083648
high,FENTRESS,002562,YORK ELEMENTARY,2008,official_vtd_exact_name_nhgis_blocks,0.95,York Elementary,2000,586,0.017080099414
high,FRANKLIN,002651,1 1 FC ANNEX,2008,official_vtd_code_and_name_nhgis_blocks,1.0,1-1 FC Annex,2000,600,0.813197221178
high,FRANKLIN,002652,1 1 FC ANNEX,2008,official_vtd_code_and_name_nhgis_blocks,1.0,1-1 FC Annex,2000,600,0.128294501597
high,FRANKLIN,002656,1 1 FC ANNEX,2008,official_vtd_code_and_name_nhgis_blocks,1.0,1-1 FC Annex,2000,600,0.05752478531
high,FRANKLIN,002667,1 1 FC ANNEX,2008,official_vtd_code_and_name_nhgis_blocks,1.0,1-1 FC Annex,2000,600,0.000983491915
high,FRANKLIN,002651,2 1 CLARK MEM,2008,official_vtd_exact_label_code_nhgis_blocks,0.97,2-1 Clark Memorial,2000,607,0.026493677651
high,FRANKLIN,002652,2 1 CLARK MEM,2008,official_vtd_exact_label_code_nhgis_blocks,0.97,2-1 Clark Memorial,2000,607,0.821605266866
high,FRANKLIN,002666,2 1 CLARK MEM,2008,official_vtd_exact_label_code_nhgis_blocks,0.97,2-1 Clark Memorial,2000,607,0.151525127383
high,FRANKLIN,002668,2 1 CLARK MEM,2008,official_vtd_exact_label_code_nhgis_blocks,0.97,2-1 Clark Memorial,2000,607,0.0003759281
high,FRANKLIN,002653,3 1 BROADVIEW,2008,official_vtd_code_and_name_nhgis_blocks,1.0,3-1 Broadview,2000,602,1.0
high,FRANKLIN,002654,3 2 HUNTLAND,2008,official_vtd_code_and_name_nhgis_blocks,1.0,3-2 Huntland,2000,601,1.0
high,FRANKLIN,002654,3 3 OLD SALEM,2008,official_vtd_code_and_name_nhgis_blocks,1.0,3-3 Old Salem,2000,598,1.3000359e-05
high,FRANKLIN,002655,3 3 OLD SALEM,2008,official_vtd_code_and_name_nhgis_blocks,1.0,3-3 Old Salem,2000,598,0.830126868401
high,FRANKLIN,002656,3 3 OLD SALEM,2008,official_vtd_code_and_name_nhgis_blocks,1.0,3-3 Old Salem,2000,598,0.16986013124
high,FRANKLIN,002656,4 1 BELVIDERE,2008,official_vtd_code_and_name_nhgis_blocks,1.0,4-1 Belvidere,2000,599,1.0
high,FRANKLIN,002657,4 2 COWAN,2008,official_vtd_code_and_name_nhgis_blocks,1.0,4-2 Cowan,2000,595,0.932834037119
high,FRANKLIN,002662,4 2 COWAN,2008,official_vtd_code_and_name_nhgis_blocks,1.0,4-2 Cowan,2000,595,0.065964846417
high,FRANKLIN,002667,4 2 COWAN,2008,official_vtd_code_and_name_nhgis_blocks,1.0,4-2 Cowan,2000,595,0.001201116463
high,FRANKLIN,002651,4 3 LIBERTY,2008,official_vtd_code_and_name_nhgis_blocks,1.0,4-3 Liberty,2000,608,0.001984063144
high,FRANKLIN,002658,4 3 LIBERTY,2008,official_vtd_code_and_name_nhgis_blocks,1.0,4-3 Liberty,2000,608,0.998015936856
high,FRANKLIN,002659,5 1 KEITH SPGS,2008,official_vtd_exact_label_code_nhgis_blocks,0.97,5-1 Keith Springs,2000,609,1.0
high,FRANKLIN,002660,5 2 SEWANEE,2008,official_vtd_code_and_name_nhgis_blocks,1.0,5-2 Sewanee,2000,593,1.0
high,FRANKLIN,002659,5 3 SHERWOOD,2008,official_vtd_code_and_name_nhgis_blocks,1.0,5-3 Sherwood,2000,592,1.4309134e-05
high,FRANKLIN,002661,5 3 SHERWOOD,2008,official_vtd_code_and_name_nhgis_blocks,1.0,5-3 Sherwood,2000,592,0.99594310477
high,FRANKLIN,005764,5 3 SHERWOOD,2008,official_vtd_code_and_name_nhgis_blocks,1.0,5-3 Sherwood,2000,592,0.004042586096
high,FRANKLIN,002662,6 1 ALTO OAK,2008,official_vtd_exact_label_code_nhgis_blocks,0.97,6-1 Alto/Oak Grove,2000,594,1.0
high,FRANKLIN,002663,6 2 CAP HILL,2008,official_vtd_exact_label_code_nhgis_blocks,0.97,6-2 Capitol Hill,2000,597,1.0
high,FRANKLIN,002664,6 3 UTSI,2008,official_vtd_code_and_name_nhgis_blocks,1.0,6-3 UTSI,2000,605,1.0
high,FRANKLIN,002664,7 1 NORTH LAKE,2008,official_vtd_code_and_name_nhgis_blocks,1.0,7-1 North Lake,2000,606,0.049549121151
high,FRANKLIN,002665,7 1 NORTH LAKE,2008,official_vtd_code_and_name_nhgis_blocks,1.0,7-1 North Lake,2000,606,0.950450878849
high,FRANKLIN,002666,7 2 WIN SPS,2008,official_vtd_exact_label_code_nhgis_blocks,0.97,7-2 Winchester Springs & Center Grove,2000,603,0.888816025069
high,FRANKLIN,002668,7 2 WIN SPS,2008,official_vtd_exact_label_code_nhgis_blocks,0.97,7-2 Winchester Springs & Center Grove,2000,603,0.111183974931
high,FRANKLIN,002652,8 1 DECHERD,2008,official_vtd_code_and_name_nhgis_blocks,1.0,8-1 Decherd,2000,596,9.3323304e-05
high,FRANKLIN,002662,8 1 DECHERD,2008,official_vtd_code_and_name_nhgis_blocks,1.0,8-1 Decherd,2000,596,0.001797884023
high,FRANKLIN,002667,8 1 DECHERD,2008,official_vtd_code_and_name_nhgis_blocks,1.0,8-1 Decherd,2000,596,0.998108792674
high,FRANKLIN,002652,8 2 ESTILL SPGS,2008,official_vtd_exact_label_code_nhgis_blocks,0.97,8-2 Estill Springs,2000,604,1.9511214e-05
high,FRANKLIN,002663,8 2 ESTILL SPGS,2008,official_vtd_exact_label_code_nhgis_blocks,0.97,8-2 Estill Springs,2000,604,0.21618345979
high,FRANKLIN,002668,8 2 ESTILL SPGS,2008,official_vtd_exact_label_code_nhgis_blocks,0.97,8-2 Estill Springs,2000,604,0.783797028996
high,GIBSON,002751,1 1 MEDINA,2008,official_vtd_exact_label_code_nhgis_blocks,0.97,01-1 Medina Civic Center,2000,634,0.783009123228
high,GIBSON,002752,1 1 MEDINA,2008,official_vtd_exact_label_code_nhgis_blocks,0.97,01-1 Medina Civic Center,2000,634,0.216990876772
high,GIBSON,002752,1 2 SITKA,2008,official_vtd_exact_label_code_nhgis_blocks,0.97,01-2 Sitka Community Center,2000,640,0.458985383956
high,GIBSON,002753,1 2 SITKA,2008,official_vtd_exact_label_code_nhgis_blocks,0.97,01-2 Sitka Community Center,2000,640,0.042479718964
high,GIBSON,002764,1 2 SITKA,2008,official_vtd_exact_label_code_nhgis_blocks,0.97,01-2 Sitka Community Center,2000,640,0.050706514885
high,GIBSON,002767,1 2 SITKA,2008,official_vtd_exact_label_code_nhgis_blocks,0.97,01-2 Sitka Community Center,2000,640,0.355839699103
high,GIBSON,002770,1 2 SITKA,2008,official_vtd_exact_label_code_nhgis_blocks,0.97,01-2 Sitka Community Center,2000,640,0.091988683091
high,GIBSON,002751,1 3 SOUTH GIBSON,2008,official_vtd_code_and_name_nhgis_blocks,1.0,01-3 South Gibson,2000,635,0.54285156365
high,GIBSON,002754,1 3 SOUTH GIBSON,2008,official_vtd_code_and_name_nhgis_blocks,1.0,01-3 South Gibson,2000,635,0.078624018579
high,GIBSON,002755,1 3 SOUTH GIBSON,2008,official_vtd_code_and_name_nhgis_blocks,1.0,01-3 South Gibson,2000,635,0.378524417771
high,GIBSON,002751,1 4 GIBSON,2008,official_vtd_exact_label_code_nhgis_blocks,0.97,01-4 Gibson Municipal Bldg,2000,632,0.000362073336
high,GIBSON,002752,1 4 GIBSON,2008,official_vtd_exact_label_code_nhgis_blocks,0.97,01-4 Gibson Municipal Bldg,2000,632,0.018360771206
high,GIBSON,002753,1 4 GIBSON,2008,official_vtd_exact_label_code_nhgis_blocks,0.97,01-4 Gibson Municipal Bldg,2000,632,0.608571373487
high,GIBSON,002759,1 4 GIBSON,2008,official_vtd_exact_label_code_nhgis_blocks,0.97,01-4 Gibson Municipal Bldg,2000,632,0.372705781972
high,GIBSON,002753,1 5 HUMBOLDT AIRPORT,2008,official_vtd_code_and_name_nhgis_blocks,1.0,01-5 Humboldt Airport,2000,627,0.132458197906
high,GIBSON,002754,1 5 HUMBOLDT AIRPORT,2008,official_vtd_code_and_name_nhgis_blocks,1.0,01-5 Humboldt Airport,2000,627,0.089940429004
high,GIBSON,002755,1 5 HUMBOLDT AIRPORT,2008,official_vtd_code_and_name_nhgis_blocks,1.0,01-5 Humboldt Airport,2000,627,0.156314762424
high,GIBSON,002757,1 5 HUMBOLDT AIRPORT,2008,official_vtd_code_and_name_nhgis_blocks,1.0,01-5 Humboldt Airport,2000,627,0.000524490245
high,GIBSON,002758,1 5 HUMBOLDT AIRPORT,2008,official_vtd_code_and_name_nhgis_blocks,1.0,01-5 Humboldt Airport,2000,627,0.027849370328
high,GIBSON,002759,1 5 HUMBOLDT AIRPORT,2008,official_vtd_code_and_name_nhgis_blocks,1.0,01-5 Humboldt Airport,2000,627,0.328186436651
high,GIBSON,002760,1 5 HUMBOLDT AIRPORT,2008,official_vtd_code_and_name_nhgis_blocks,1.0,01-5 Humboldt Airport,2000,627,0.264726313442
medium,GIBSON,002759,7 1 EDJONES AGRIPLEX,2008,official_vtd_fuzzy_name_nhgis_blocks,0.8471,07-11 Ed Jones Agri Plex,2000,617,0.644487942768
medium,GIBSON,002760,7 1 EDJONES AGRIPLEX,2008,official_vtd_fuzzy_name_nhgis_blocks,0.8471,07-11 Ed Jones Agri Plex,2000,617,0.127670269182
medium,GIBSON,002762,7 1 EDJONES AGRIPLEX,2008,official_vtd_fuzzy_name_nhgis_blocks,0.8471,07-11 Ed Jones Agri Plex,2000,617,0.135957841774
medium,GIBSON,002763,7 1 EDJONES AGRIPLEX,2008,official_vtd_fuzzy_name_nhgis_blocks,0.8471,07-11 Ed Jones Agri Plex,2000,617,0.091883946276
high,GIBSON,002761,8 3 SPRING HILL,2008,official_vtd_exact_name_nhgis_blocks,0.95,08-15 Spring Hill,2000,616,0.576125694544
high,GIBSON,002771,8 3 SPRING HILL,2008,official_vtd_exact_name_nhgis_blocks,0.95,08-15 Spring Hill,2000,616,0.423874305456
high,GIBSON,002771,16 1 YORKVILLE,2008,official_vtd_exact_name_nhgis_blocks,0.95,16-17 Yorkville,2000,624,1.0
high,GIBSON,002772,16 2 KENTON,2008,official_vtd_exact_name_nhgis_blocks,0.95,16-18 Kenton,2000,639,1.0
high,GIBSON,002771,16 3 FAIRVIEW,2008,official_vtd_exact_name_nhgis_blocks,0.95,16-19 Fairview,2000,628,0.255033063442
high,GIBSON,002772,16 3 FAIRVIEW,2008,official_vtd_exact_name_nhgis_blocks,0.95,16-19 Fairview,2000,628,0.744966936558
medium,GIBSON,002762,9 COURTHOUSE,2008,official_vtd_fuzzy_name_nhgis_blocks,0.8571,09-20 Court House,2000,621,1.0
high,GIBSON,002762,10 TRENTON CITY HALL,2008,official_vtd_exact_name_nhgis_blocks,0.95,10-22 Trenton City Hall,2000,645,0.003506204701
high,GIBSON,002763,10 TRENTON CITY HALL,2008,official_vtd_exact_name_nhgis_blocks,0.95,10-22 Trenton City Hall,2000,645,0.996493795299
high,GIBSON,002764,11 1 CONCORD,2008,official_vtd_exact_name_nhgis_blocks,0.95,11-23 Concord,2000,619,0.341740618783
high,GIBSON,002765,11 1 CONCORD,2008,official_vtd_exact_name_nhgis_blocks,0.95,11-23 Concord,2000,619,0.658259381217
high,GIBSON,002764,11 2 MOORE S CHAPEL,2008,official_vtd_exact_name_nhgis_blocks,0.95,11-24 Moore's Chapel,2000,633,0.990608489762
high,GIBSON,002768,11 2 MOORE S CHAPEL,2008,official_vtd_exact_name_nhgis_blocks,0.95,11-24 Moore's Chapel,2000,633,0.009391510238
high,GIBSON,002764,11 3 UNION CENTRAL,2008,official_vtd_exact_name_nhgis_blocks,0.95,11-25 Union Central,2000,620,0.016114983058
high,GIBSON,002765,11 3 UNION CENTRAL,2008,official_vtd_exact_name_nhgis_blocks,0.95,11-25 Union Central,2000,620,0.721985221611
high,GIBSON,002766,11 3 UNION CENTRAL,2008,official_vtd_exact_name_nhgis_blocks,0.95,11-25 Union Central,2000,620,0.047107187239
high,GIBSON,002769,11 3 UNION CENTRAL,2008,official_vtd_exact_name_nhgis_blocks,0.95,11-25 Union Central,2000,620,0.000363526622
high,GIBSON,002770,11 3 UNION CENTRAL,2008,official_vtd_exact_name_nhgis_blocks,0.95,11-25 Union Central,2000,620,0.21442908147
high,GIBSON,002765,11 4 GANN,2008,official_vtd_exact_name_nhgis_blocks,0.95,11-26 Gann,2000,638,0.164166485131
high,GIBSON,002766,11 4 GANN,2008,official_vtd_exact_name_nhgis_blocks,0.95,11-26 Gann,2000,638,0.835833514869
high,GIBSON,002766,11 5 SKULLBONE,2008,official_vtd_exact_name_nhgis_blocks,0.95,11-27 Skullbone,2000,612,0.865363048393
high,GIBSON,002774,11 5 SKULLBONE,2008,official_vtd_exact_name_nhgis_blocks,0.95,11-27 Skullbone,2000,612,0.134587385628
high,GIBSON,009507,11 5 SKULLBONE,2008,official_vtd_exact_name_nhgis_blocks,0.95,11-27 Skullbone,2000,612,4.9565979e-05
high,GIBSON,002752,12 MILAN EXPRESS,2008,official_vtd_exact_label_code_nhgis_blocks,0.97,01-2 Sitka Community Center,2000,640,0.458985383956
high,GIBSON,002753,12 MILAN EXPRESS,2008,official_vtd_exact_label_code_nhgis_blocks,0.97,01-2 Sitka Community Center,2000,640,0.042479718964
high,GIBSON,002764,12 MILAN EXPRESS,2008,official_vtd_exact_label_code_nhgis_blocks,0.97,01-2 Sitka Community Center,2000,640,0.050706514885
high,GIBSON,002767,12 MILAN EXPRESS,2008,official_vtd_exact_label_code_nhgis_blocks,0.97,01-2 Sitka Community Center,2000,640,0.355839699103
high,GIBSON,002770,12 MILAN EXPRESS,2008,official_vtd_exact_label_code_nhgis_blocks,0.97,01-2 Sitka Community Center,2000,640,0.091988683091
high,GIBSON,002751,13 MILAN POLK CLARK,2008,official_vtd_exact_label_code_nhgis_blocks,0.97,01-3 South Gibson,2000,635,0.54285156365
high,GIBSON,002754,13 MILAN POLK CLARK,2008,official_vtd_exact_label_code_nhgis_blocks,0.97,01-3 South Gibson,2000,635,0.078624018579
high,GIBSON,002755,13 MILAN POLK CLARK,2008,official_vtd_exact_label_code_nhgis_blocks,0.97,01-3 South Gibson,2000,635,0.378524417771
high,GIBSON,002751,14 MILAN 1STASSEMBLY,2008,official_vtd_exact_label_code_nhgis_blocks,0.97,01-4 Gibson Municipal Bldg,2000,632,0.000362073336
high,GIBSON,002752,14 MILAN 1STASSEMBLY,2008,official_vtd_exact_label_code_nhgis_blocks,0.97,01-4 Gibson Municipal Bldg,2000,632,0.018360771206
high,GIBSON,002753,14 MILAN 1STASSEMBLY,2008,official_vtd_exact_label_code_nhgis_blocks,0.97,01-4 Gibson Municipal Bldg,2000,632,0.608571373487
high,GIBSON,002759,14 MILAN 1STASSEMBLY,2008,official_vtd_exact_label_code_nhgis_blocks,0.97,01-4 Gibson Municipal Bldg,2000,632,0.372705781972
high,GIBSON,002753,15 MILAN MUNICIPAL,2008,official_vtd_exact_label_code_nhgis_blocks,0.97,01-5 Humboldt Airport,2000,627,0.132458197906
high,GIBSON,002754,15 MILAN MUNICIPAL,2008,official_vtd_exact_label_code_nhgis_blocks,0.97,01-5 Humboldt Airport,2000,627,0.089940429004
high,GIBSON,002755,15 MILAN MUNICIPAL,2008,official_vtd_exact_label_code_nhgis_blocks,0.97,01-5 Humboldt Airport,2000,627,0.156314762424
high,GIBSON,002757,15 MILAN MUNICIPAL,2008,official_vtd_exact_label_code_nhgis_blocks,0.97,01-5 Humboldt Airport,2000,627,0.000524490245
high,GIBSON,002758,15 MILAN MUNICIPAL,2008,official_vtd_exact_label_code_nhgis_blocks,0.97,01-5 Humboldt Airport,2000,627,0.027849370328
high,GIBSON,002759,15 MILAN MUNICIPAL,2008,official_vtd_exact_label_code_nhgis_blocks,0.97,01-5 Humboldt Airport,2000,627,0.328186436651
high,GIBSON,002760,15 MILAN MUNICIPAL,2008,official_vtd_exact_label_code_nhgis_blocks,0.97,01-5 Humboldt Airport,2000,627,0.264726313442
high,GIBSON,002774,17 1 BRADFORD,2008,official_vtd_exact_name_nhgis_blocks,0.95,17-32 Bradford,2000,611,0.884581133841
high,GIBSON,002776,17 1 BRADFORD,2008,official_vtd_exact_name_nhgis_blocks,0.95,17-32 Bradford,2000,611,0.115418866159
high,GIBSON,002775,18 1 LANEVIEW,2008,official_vtd_exact_name_nhgis_blocks,0.95,18-34 Laneview,2000,614,0.867716447399
high,GIBSON,002777,18 1 LANEVIEW,2008,official_vtd_exact_name_nhgis_blocks,0.95,18-34 Laneview,2000,614,0.132283552601
high,GIBSON,002774,18 2 GOOD LUCK,2008,official_vtd_exact_name_nhgis_blocks,0.95,18-37 Good Luck,2000,610,0.010206665072
high,GIBSON,002776,18 2 GOOD LUCK,2008,official_vtd_exact_name_nhgis_blocks,0.95,18-37 Good Luck,2000,610,0.950838505403
high,GIBSON,002777,18 2 GOOD LUCK,2008,official_vtd_exact_name_nhgis_blocks,0.95,18-37 Good Luck,2000,610,0.038954829525
high,GIBSON,002775,19 1 DYER,2008,official_vtd_exact_name_nhgis_blocks,0.95,19-38 Dyer,2000,622,0.072710246926
high,GIBSON,002777,19 1 DYER,2008,official_vtd_exact_name_nhgis_blocks,0.95,19-38 Dyer,2000,622,0.685349945283
high,GIBSON,002778,19 1 DYER,2008,official_vtd_exact_name_nhgis_blocks,0.95,19-38 Dyer,2000,622,0.241939807791
high,GIBSON,002778,19 2 CURRIE,2008,official_vtd_exact_name_nhgis_blocks,0.95,19-39 Currie,2000,623,1.0
high,GILES,002854,1A ARDMORE,2008,official_vtd_code_and_name_nhgis_blocks,1.0,1A Ardmore,2000,659,1.0
high,GILES,002851,1B PROSPECT,2008,official_vtd_code_and_name_nhgis_blocks,1.0,1B Prospect,2000,651,1.0
high,GILES,002853,2A MINOR HILL,2008,official_vtd_code_and_name_nhgis_blocks,1.0,2A Minor Hill,2000,658,1.0
high,GILES,002852,2B AIRPORT,2008,official_vtd_code_and_name_nhgis_blocks,1.0,2B Airport,2000,652,0.997845202615
high,GILES,002864,2B AIRPORT,2008,official_vtd_code_and_name_nhgis_blocks,1.0,2B Airport,2000,652,0.002154797385
high,GILES,002855,3A RICHLAND TRACE,2008,official_vtd_exact_label_code_nhgis_blocks,0.97,3A Richland Trace Market,2000,649,0.996243010471
high,GILES,002856,3A RICHLAND TRACE,2008,official_vtd_exact_label_code_nhgis_blocks,0.97,3A Richland Trace Market,2000,649,0.001328553883
high,GILES,002861,3A RICHLAND TRACE,2008,official_vtd_exact_label_code_nhgis_blocks,0.97,3A Richland Trace Market,2000,649,0.002428435645
high,GILES,002856,3B CAMPBELLSVILLE,2008,official_vtd_code_and_name_nhgis_blocks,1.0,3B Campbellsville,2000,655,1.0
high,GILES,002857,4A LYNNVILLE,2008,official_vtd_code_and_name_nhgis_blocks,1.0,4A Lynnville,2000,656,1.0
high,GILES,002858,4B ODD FELLOWS HALL,2008,official_vtd_code_and_name_nhgis_blocks,1.0,4B Odd Fellows Hall,2000,657,1.0
high,GILES,002855,5A TN TECH CENTER,2008,official_vtd_exact_label_code_nhgis_blocks,0.97,5A TN-Tech,2000,650,0.000445587542
high,GILES,002858,5A TN TECH CENTER,2008,official_vtd_exact_label_code_nhgis_blocks,0.97,5A TN-Tech,2000,650,0.000195810813
high,GILES,002859,5A TN TECH CENTER,2008,official_vtd_exact_label_code_nhgis_blocks,0.97,5A TN-Tech,2000,650,0.971860310427
high,GILES,002860,5A TN TECH CENTER,2008,official_vtd_exact_label_code_nhgis_blocks,0.97,5A TN-Tech,2000,650,0.001605396042
high,GILES,002862,5A TN TECH CENTER,2008,official_vtd_exact_label_code_nhgis_blocks,0.97,5A TN-Tech,2000,650,0.000409995374
high,GILES,002863,5A TN TECH CENTER,2008,official_vtd_exact_label_code_nhgis_blocks,0.97,5A TN-Tech,2000,650,0.012132792468
high,GILES,002864,5A TN TECH CENTER,2008,official_vtd_exact_label_code_nhgis_blocks,0.97,5A TN-Tech,2000,650,0.013350107334
high,GILES,002860,5B CO OP,2008,official_vtd_code_and_name_nhgis_blocks,1.0,5B Co-Op,2000,654,1.0
high,GILES,002861,6A COURTHOUSE,2008,official_vtd_exact_label_code_nhgis_blocks,0.97,6A MMC Colonial Hall,2000,648,1.0
high,GILES,002862,6B BMS,2008,official_vtd_code_and_name_nhgis_blocks,1.0,6B BMS,2000,647,1.0
high,GILES,002863,7A GCHS,2008,official_vtd_code_and_name_nhgis_blocks,1.0,7A GCHS,2000,646,0.998436594003
high,GILES,002864,7A GCHS,2008,official_vtd_code_and_name_nhgis_blocks,1.0,7A GCHS,2000,646,0.001563405997
high,GILES,002864,7B REC CENTER,2008,official_vtd_code_and_name_nhgis_blocks,1.0,7B Rec Center,2000,653,1.0
high,GRAINGER,002953,1 1,2008,official_vtd_exact_label_code_nhgis_blocks,0.97,1-1 Rutledge Middle School,2000,662,1.0
high,GRAINGER,002952,1 2,2008,official_vtd_exact_label_code_nhgis_blocks,0.97,1-2 Old Central Point School,2000,661,1.0
high,GRAINGER,002957,2 1,2008,official_vtd_exact_label_code_nhgis_blocks,0.97,2-1 Bean Station Ele. School,2000,666,1.0
high,GRAINGER,002952,2 2,2008,official_vtd_exact_label_code_nhgis_blocks,0.97,2-2 Grainger High School,2000,667,0.02165401971
high,GRAINGER,002958,2 2,2008,official_vtd_exact_label_code_nhgis_blocks,0.97,2-2 Grainger High School,2000,667,0.97834598029
high,GRAINGER,002953,3 1,2008,official_vtd_exact_label_code_nhgis_blocks,0.97,3-1 Blaine City Hall,2000,664,0.124459034922
high,GRAINGER,002955,3 1,2008,official_vtd_exact_label_code_nhgis_blocks,0.97,3-1 Blaine City Hall,2000,664,0.875540965078
high,GRAINGER,002954,3 2,2008,official_vtd_exact_label_code_nhgis_blocks,0.97,3-2 Indian Ridge Comm. Blg.,2000,663,1.0
high,GRAINGER,002951,4 1,2008,official_vtd_exact_label_code_nhgis_blocks,0.97,4-1 Thorn Hill Comm. Blg.,2000,665,0.056317622685
high,GRAINGER,002956,4 1,2008,official_vtd_exact_label_code_nhgis_blocks,0.97,4-1 Thorn Hill Comm. Blg.,2000,665,0.943682377315
high,GRAINGER,002951,4 2,2008,official_vtd_exact_label_code_nhgis_blocks,0.97,4-2 Washburn Ele. School,2000,660,1.0
high,GRAINGER,002960,5 1,2008,official_vtd_exact_label_code_nhgis_blocks,0.97,5-1 Bean Station Library,2000,669,1.0
high,GRAINGER,002959,5 2,2008,official_vtd_exact_label_code_nhgis_blocks,0.97,5-2 Senior Citizens Center,2000,668,1.0
high,GREENE,003073,FOREST HILLS,2008,official_vtd_exact_name_nhgis_blocks,0.95,01 Forest Hills,2000,686,1.0
high,GREENE,003052,FLAG BRANCH,2008,official_vtd_exact_name_nhgis_blocks,0.95,02 Flag Branch,2000,700,1.0
high,GREENE,003053,CANEY BRANCH,2008,official_vtd_exact_name_nhgis_blocks,0.95,03 Caney Branch,2000,681,1.0
high,GREENE,003054,MCDONALD,2008,official_vtd_exact_name_nhgis_blocks,0.95,04 McDonald,2000,682,1.0
high,GREENE,003084,OREBANK,2008,official_vtd_exact_name_nhgis_blocks,0.95,05 Orebank,2000,683,1.0
high,GREENE,003054,MOHAWK,2008,official_vtd_exact_name_nhgis_blocks,0.95,06 Mohawk,2000,703,1.0
high,GREENE,003082,MT CARMEL,2008,official_vtd_exact_name_nhgis_blocks,0.95,07 Mt. Carmel,2000,678,1.0
high,GREENE,003084,MT PLEASANT,2008,official_vtd_exact_name_nhgis_blocks,0.95,08 Mt. Pleasant,2000,673,1.0
high,GREENE,003059,DEBUSK,2008,official_vtd_exact_name_nhgis_blocks,0.95,09 Debusk,2000,685,1.0
high,GREENE,003063,10 1 TUSCULUM VIEW,2008,official_vtd_code_and_name_nhgis_blocks,1.0,10-1 Tusculum View,2000,697,0.988919543753
high,GREENE,003069,10 1 TUSCULUM VIEW,2008,official_vtd_code_and_name_nhgis_blocks,1.0,10-1 Tusculum View,2000,697,0.011001710504
high,GREENE,003080,10 1 TUSCULUM VIEW,2008,official_vtd_code_and_name_nhgis_blocks,1.0,10-1 Tusculum View,2000,697,7.8745744e-05
high,GREENE,003063,10 1 EAST VIEW,2008,official_vtd_code_and_name_nhgis_blocks,1.0,10-1 East View,2000,698,0.995325807836
high,GREENE,003069,10 1 EAST VIEW,2008,official_vtd_code_and_name_nhgis_blocks,1.0,10-1 East View,2000,698,0.004674192164
high,GREENE,003061,10 1 HIGH SCHOOL,2008,official_vtd_code_and_name_nhgis_blocks,1.0,10-1 High School,2000,695,1.0
high,GREENE,003061,10 1 HIGHLAND ROBY,2008,official_vtd_code_and_name_nhgis_blocks,1.0,10-1 Highland Roby,2000,674,1.0
high,GREENE,003061,10 2 ANDREW JOHNSON,2008,official_vtd_code_and_name_nhgis_blocks,1.0,10-2 Andrew Johnson,2000,672,0.997442698594
high,GREENE,003084,10 2 ANDREW JOHNSON,2008,official_vtd_code_and_name_nhgis_blocks,1.0,10-2 Andrew Johnson,2000,672,0.002557301406
high,GREENE,003066,10 2 MIDDLE SCHOOL,2008,official_vtd_code_and_name_nhgis_blocks,1.0,10-2 Middle School,2000,671,0.99818104444
high,GREENE,003084,10 2 MIDDLE SCHOOL,2008,official_vtd_code_and_name_nhgis_blocks,1.0,10-2 Middle School,2000,671,0.00181895556
medium,GREENE,003067,WOODLAWN 5,2008,official_vtd_fuzzy_name_nhgis_blocks,0.8,11 Woodlawn,2000,676,1.0
medium,GREENE,003080,HARDINS 5,2008,official_vtd_fuzzy_name_nhgis_blocks,0.7875,12 Hardins,2000,675,1.0
high,GREENE,003069,TUSCULUM NORTH,2008,official_vtd_exact_name_nhgis_blocks,0.95,13 Tusculum North,2000,693,0.995595299847
high,GREENE,003080,TUSCULUM NORTH,2008,official_vtd_exact_name_nhgis_blocks,0.95,13 Tusculum North,2000,693,0.004404700153
high,GREENE,003069,TUSCULUM SOUTH,2008,official_vtd_exact_name_nhgis_blocks,0.95,13 Tusculum South,2000,699,1.0
high,GREENE,003063,TUSCULUM CORP,2008,official_vtd_exact_name_nhgis_blocks,0.95,13 Tusculum Corp,2000,692,0.005256101498
high,GREENE,003069,TUSCULUM CORP,2008,official_vtd_exact_name_nhgis_blocks,0.95,13 Tusculum Corp,2000,692,0.994743898502
medium,GREENE,003072,CHUCKEY DOAK,2008,official_vtd_fuzzy_name_nhgis_blocks,0.8609,14 Chucky Doak,2000,688,1.0
high,GREENE,003073,JOCKEY,2008,official_vtd_exact_name_nhgis_blocks,0.95,15 Jockey,2000,687,1.0
high,GREENE,003067,LOST MOUNTAIN,2008,official_vtd_exact_name_nhgis_blocks,0.95,16 Lost Mountain,2000,679,1.0
high,GREENE,003076,UNION TEMPLE,2008,official_vtd_exact_name_nhgis_blocks,0.95,16 Union Temple,2000,690,1.0
high,GREENE,003076,WEST PINES,2008,official_vtd_exact_name_nhgis_blocks,0.95,17 West Pines,2000,691,1.0
high,GREENE,003077,SOUTH GREENE,2008,official_vtd_exact_name_nhgis_blocks,0.95,18 South Greene,2000,670,1.0
high,GREENE,003082,MIDWAY,2008,official_vtd_exact_name_nhgis_blocks,0.95,19 Midway,2000,702,1.0
high,GREENE,003072,NEWMANSVILLE,2008,official_vtd_exact_name_nhgis_blocks,0.95,20 Newmansville,2000,689,1.0
high,GREENE,003080,CROSS ANCHOR,2008,official_vtd_exact_name_nhgis_blocks,0.95,21 Cross Anchor,2000,680,1.0
high,GREENE,003052,GREYSTONE,2008,official_vtd_exact_name_nhgis_blocks,0.95,22 Greystone,2000,701,1.0
high,GREENE,003082,MOSHEIM,2008,official_vtd_exact_name_nhgis_blocks,0.95,23 Mosheim,2000,677,1.0
high,GREENE,003052,SUNNYSIDE,2008,official_vtd_exact_name_nhgis_blocks,0.95,24 Sunnyside,2000,696,1.0
high,GREENE,003084,GLENWOOD,2008,official_vtd_exact_name_nhgis_blocks,0.95,25 Glenwood,2000,684,1.0
high,GRUNDY,003153,ALTAMONT,2008,official_vtd_exact_name_nhgis_blocks,0.95,Altamont,2000,706,1.0
high,GRUNDY,003153,HUBBARD S COVE,2008,official_vtd_exact_name_nhgis_blocks,0.95,Hubbard's Cove,2000,712,1.0
high,GRUNDY,003152,TARLTON,2008,official_vtd_exact_name_nhgis_blocks,0.95,Tarlton,2000,704,1.0
high,GRUNDY,003155,CENTRAL,2008,official_vtd_exact_name_nhgis_blocks,0.95,Central,2000,708,0.925961885617
high,GRUNDY,003160,CENTRAL,2008,official_vtd_exact_name_nhgis_blocks,0.95,Central,2000,708,0.068894964668
high,GRUNDY,003163,CENTRAL,2008,official_vtd_exact_name_nhgis_blocks,0.95,Central,2000,708,0.005143149714
high,GRUNDY,003154,COLLINS,2008,official_vtd_exact_name_nhgis_blocks,0.95,Collins,2000,707,0.570501061236
high,GRUNDY,003155,COLLINS,2008,official_vtd_exact_name_nhgis_blocks,0.95,Collins,2000,707,0.429498938764
high,GRUNDY,003157,CROSS ROADS,2008,official_vtd_exact_name_nhgis_blocks,0.95,Cross Roads,2000,710,0.977710621577
high,GRUNDY,003161,CROSS ROADS,2008,official_vtd_exact_name_nhgis_blocks,0.95,Cross Roads,2000,710,0.022289378423
high,GRUNDY,003157,PELHAM,2008,official_vtd_exact_name_nhgis_blocks,0.95,Pelham,2000,711,1.0
high,GRUNDY,003155,COALMONT,2008,official_vtd_exact_name_nhgis_blocks,0.95,Coalmont,2000,713,0.000949521545
high,GRUNDY,003160,COALMONT,2008,official_vtd_exact_name_nhgis_blocks,0.95,Coalmont,2000,713,0.99822200484
high,GRUNDY,003163,COALMONT,2008,official_vtd_exact_name_nhgis_blocks,0.95,Coalmont,2000,713,0.000828473615
high,GRUNDY,003162,PALMER,2008,official_vtd_exact_name_nhgis_blocks,0.95,Palmer,2000,715,1.0
high,GRUNDY,003161,MONTEAGLE,2008,official_vtd_exact_name_nhgis_blocks,0.95,Monteagle,2000,714,1.0
high,HAMBLEN,003252,01 1 COURTHOUSE,2008,official_vtd_code_and_name_nhgis_blocks,1.0,1-1 Courthouse,2000,725,0.960961995098
high,HAMBLEN,003253,01 1 COURTHOUSE,2008,official_vtd_code_and_name_nhgis_blocks,1.0,1-1 Courthouse,2000,725,1.1752228e-05
high,HAMBLEN,003255,01 1 COURTHOUSE,2008,official_vtd_code_and_name_nhgis_blocks,1.0,1-1 Courthouse,2000,725,0.039026252675
high,HAMBLEN,003253,02 1 MEADOWVIEW MID,2008,official_vtd_exact_label_code_nhgis_blocks,0.97,2-1 Meadowview Middle School,2000,730,0.997085553894
high,HAMBLEN,003257,02 1 MEADOWVIEW MID,2008,official_vtd_exact_label_code_nhgis_blocks,0.97,2-1 Meadowview Middle School,2000,730,0.002914446106
medium,HAMBLEN,003254,03 1 EAST HIGH SCH,2008,official_vtd_fuzzy_name_nhgis_blocks,0.7826,3-3 East High School,2000,721,0.985299732795
medium,HAMBLEN,003257,03 1 EAST HIGH SCH,2008,official_vtd_fuzzy_name_nhgis_blocks,0.7826,3-3 East High School,2000,721,0.014700267205
high,HAMBLEN,003251,04 1 WEST HIGH SCH,2008,official_vtd_exact_label_code_nhgis_blocks,0.97,4-1 West High,2000,720,0.954994360453
high,HAMBLEN,003254,04 1 WEST HIGH SCH,2008,official_vtd_exact_label_code_nhgis_blocks,0.97,4-1 West High,2000,720,0.02912244442
high,HAMBLEN,003262,04 1 WEST HIGH SCH,2008,official_vtd_exact_label_code_nhgis_blocks,0.97,4-1 West High,2000,720,0.015883195127
high,HAMBLEN,003255,05 1 WEST VIEW,2008,official_vtd_code_and_name_nhgis_blocks,1.0,5-1 West View,2000,723,1.0
high,HAMBLEN,003252,06 1 FAIRVIEW MARG,2008,official_vtd_exact_label_code_nhgis_blocks,0.97,6-1 Fairview Marguerite,2000,729,0.001026492476
high,HAMBLEN,003256,06 1 FAIRVIEW MARG,2008,official_vtd_exact_label_code_nhgis_blocks,0.97,6-1 Fairview Marguerite,2000,729,0.998973507524
high,HAMBLEN,003253,07 1 CHEROKEE PARK,2008,official_vtd_code_and_name_nhgis_blocks,1.0,7-1 Cherokee Park,2000,731,0.002286689919
high,HAMBLEN,003257,07 1 CHEROKEE PARK,2008,official_vtd_code_and_name_nhgis_blocks,1.0,7-1 Cherokee Park,2000,731,0.997713310081
high,HAMBLEN,003254,08 1 NATIONAL GUARD,2008,official_vtd_exact_label_code_nhgis_blocks,0.97,8-1 National Guard Armory,2000,719,0.002351970418
high,HAMBLEN,003257,08 1 NATIONAL GUARD,2008,official_vtd_exact_label_code_nhgis_blocks,0.97,8-1 National Guard Armory,2000,719,0.008570959424
high,HAMBLEN,003258,08 1 NATIONAL GUARD,2008,official_vtd_exact_label_code_nhgis_blocks,0.97,8-1 National Guard Armory,2000,719,0.989077070158
high,HAMBLEN,003258,09 1 RUSSELLVILLE PS,2008,official_vtd_exact_label_code_nhgis_blocks,0.97,9-1 Russellive Primary School,2000,732,0.107635849323
high,HAMBLEN,003259,09 1 RUSSELLVILLE PS,2008,official_vtd_exact_label_code_nhgis_blocks,0.97,9-1 Russellive Primary School,2000,732,0.892364150677
high,HAMBLEN,003260,09 2 WHITESBURG SCH,2008,official_vtd_exact_label_code_nhgis_blocks,0.97,9-2 Whitesburg School,2000,733,1.0
high,HAMBLEN,003261,10 1 FISH HATCHERY,2008,official_vtd_code_and_name_nhgis_blocks,1.0,10-1 Fish Hatchery,2000,717,1.0
high,HAMBLEN,003251,10 2 UNION HEIGHTS,2008,official_vtd_code_and_name_nhgis_blocks,1.0,10-2 Union Heights,2000,718,0.006363088103
high,HAMBLEN,003262,10 2 UNION HEIGHTS,2008,official_vtd_code_and_name_nhgis_blocks,1.0,10-2 Union Heights,2000,718,0.993274801653
high,HAMBLEN,003266,10 2 UNION HEIGHTS,2008,official_vtd_code_and_name_nhgis_blocks,1.0,10-2 Union Heights,2000,718,0.000362110244
high,HAMBLEN,003267,11 1 WEST HIGH SCH,2008,official_vtd_exact_label_code_nhgis_blocks,0.97,11-1 West High School,2000,724,1.0
high,HAMBLEN,003266,11 2 WITT SCHOOL,2008,official_vtd_code_and_name_nhgis_blocks,1.0,11-2 Witt School,2000,722,1.0
high,HAMBLEN,003263,12 1 ALPHA ELEM,2008,official_vtd_exact_label_code_nhgis_blocks,0.97,12-1 Alpha Elementary School,2000,726,0.955593289352
high,HAMBLEN,003265,12 1 ALPHA ELEM,2008,official_vtd_exact_label_code_nhgis_blocks,0.97,12-1 Alpha Elementary School,2000,726,0.044406710648
high,HAMBLEN,003263,13 1 CEDAR HILL,2008,official_vtd_code_and_name_nhgis_blocks,1.0,13-1 Cedar Hill,2000,727,0.040273563067
high,HAMBLEN,003264,13 1 CEDAR HILL,2008,official_vtd_code_and_name_nhgis_blocks,1.0,13-1 Cedar Hill,2000,727,0.959726436933
high,HAMBLEN,003255,14 1 MANLEY PRIMARY,2008,official_vtd_exact_label_code_nhgis_blocks,0.97,14-1 Manley Primary School,2000,728,0.018008916958
high,HAMBLEN,003263,14 1 MANLEY PRIMARY,2008,official_vtd_exact_label_code_nhgis_blocks,0.97,14-1 Manley Primary School,2000,728,0.001042274013
high,HAMBLEN,003264,14 1 MANLEY PRIMARY,2008,official_vtd_exact_label_code_nhgis_blocks,0.97,14-1 Manley Primary School,2000,728,0.049324064575
high,HAMBLEN,003265,14 1 MANLEY PRIMARY,2008,official_vtd_exact_label_code_nhgis_blocks,0.97,14-1 Manley Primary School,2000,728,0.931624744455
high,HAMILTON,003351,001 AIRPORT 1,2008,official_vtd_code_and_name_nhgis_blocks,1.0,001 Airport 1,2000,738,0.386348949165
high,HAMILTON,003416,001 AIRPORT 1,2008,official_vtd_code_and_name_nhgis_blocks,1.0,001 Airport 1,2000,738,0.167182473731
high,HAMILTON,003417,001 AIRPORT 1,2008,official_vtd_code_and_name_nhgis_blocks,1.0,001 Airport 1,2000,738,0.007478680998
high,HAMILTON,003469,001 AIRPORT 1,2008,official_vtd_code_and_name_nhgis_blocks,1.0,001 Airport 1,2000,738,0.037035493826
high,HAMILTON,003477,001 AIRPORT 1,2008,official_vtd_code_and_name_nhgis_blocks,1.0,001 Airport 1,2000,738,0.40195440228
high,HAMILTON,003351,154 AIRPORT 4,2008,official_vtd_code_and_name_nhgis_blocks,1.0,154 Airport 4,2000,743,1.0
high,HAMILTON,003352,002 ALTON PARK,2008,official_vtd_code_and_name_nhgis_blocks,1.0,002 Alton Park,2000,748,1.0
high,HAMILTON,003354,003 AMNICOLA,2008,official_vtd_code_and_name_nhgis_blocks,1.0,003 Amnicola,2000,754,0.958785896686
high,HAMILTON,003358,003 AMNICOLA,2008,official_vtd_code_and_name_nhgis_blocks,1.0,003 Amnicola,2000,754,0.041214103314
high,HAMILTON,003355,050 APISON 1,2008,official_vtd_code_and_name_nhgis_blocks,1.0,050 Apison 1,2000,734,0.891047619541
high,HAMILTON,003368,050 APISON 1,2008,official_vtd_code_and_name_nhgis_blocks,1.0,050 Apison 1,2000,734,0.003755422054
high,HAMILTON,003369,050 APISON 1,2008,official_vtd_code_and_name_nhgis_blocks,1.0,050 Apison 1,2000,734,0.00071381734
high,HAMILTON,003370,050 APISON 1,2008,official_vtd_code_and_name_nhgis_blocks,1.0,050 Apison 1,2000,734,0.005938669346
high,HAMILTON,003445,050 APISON 1,2008,official_vtd_code_and_name_nhgis_blocks,1.0,050 Apison 1,2000,734,0.098544471719
high,HAMILTON,003355,118 APISON 2,2008,official_vtd_code_and_name_nhgis_blocks,1.0,118 Apison 2,2000,834,0.759731856507
high,HAMILTON,003356,118 APISON 2,2008,official_vtd_code_and_name_nhgis_blocks,1.0,118 Apison 2,2000,834,0.238204308273
high,HAMILTON,003367,118 APISON 2,2008,official_vtd_code_and_name_nhgis_blocks,1.0,118 Apison 2,2000,834,0.00206383522
high,HAMILTON,003354,004 AVONDALE,2008,official_vtd_code_and_name_nhgis_blocks,1.0,004 Avondale,2000,753,0.348675774563
high,HAMILTON,003358,004 AVONDALE,2008,official_vtd_code_and_name_nhgis_blocks,1.0,004 Avondale,2000,753,0.630717991791
high,HAMILTON,003365,004 AVONDALE,2008,official_vtd_code_and_name_nhgis_blocks,1.0,004 Avondale,2000,753,0.020606233647
high,HAMILTON,003359,065 BAKEWELL,2008,official_vtd_code_and_name_nhgis_blocks,1.0,065 Bakewell,2000,843,0.549141494806
high,HAMILTON,003360,065 BAKEWELL,2008,official_vtd_code_and_name_nhgis_blocks,1.0,065 Bakewell,2000,843,0.447535294833
high,HAMILTON,003455,065 BAKEWELL,2008,official_vtd_code_and_name_nhgis_blocks,1.0,065 Bakewell,2000,843,0.002224413623
high,HAMILTON,003460,065 BAKEWELL,2008,official_vtd_code_and_name_nhgis_blocks,1.0,065 Bakewell,2000,843,0.001098796738
high,HAMILTON,003361,051 BIRCHWOOD,2008,official_vtd_code_and_name_nhgis_blocks,1.0,051 Birchwood,2000,837,1.0
high,HAMILTON,003362,005 BONNY OAKS,2008,official_vtd_code_and_name_nhgis_blocks,1.0,005 Bonny Oaks,2000,765,1.0
high,HAMILTON,003363,006 BRAINERD,2008,official_vtd_code_and_name_nhgis_blocks,1.0,006 Brainerd,2000,767,0.527222628659
high,HAMILTON,003364,006 BRAINERD,2008,official_vtd_code_and_name_nhgis_blocks,1.0,006 Brainerd,2000,767,0.47277585543
high,HAMILTON,003397,006 BRAINERD,2008,official_vtd_code_and_name_nhgis_blocks,1.0,006 Brainerd,2000,767,6.1589e-07
high,HAMILTON,003426,006 BRAINERD,2008,official_vtd_code_and_name_nhgis_blocks,1.0,006 Brainerd,2000,767,9.00022e-07
high,HAMILTON,003364,007 BRAINERD HILLS,2008,official_vtd_code_and_name_nhgis_blocks,1.0,007 Brainerd Hills,2000,746,0.971777697585
high,HAMILTON,003372,007 BRAINERD HILLS,2008,official_vtd_code_and_name_nhgis_blocks,1.0,007 Brainerd Hills,2000,746,0.028222302415
high,HAMILTON,003365,008 BUSHTOWN,2008,official_vtd_code_and_name_nhgis_blocks,1.0,008 Bushtown,2000,764,1.0
high,HAMILTON,003391,009 CEDAR HILL,2008,official_vtd_code_and_name_nhgis_blocks,1.0,009 Cedar Hill,2000,771,1.0
high,HAMILTON,003391,011 CLIFTON HILLS 1,2008,official_vtd_code_and_name_nhgis_blocks,1.0,011 Clifton Hills 1,2000,749,0.000243796804
high,HAMILTON,003399,011 CLIFTON HILLS 1,2008,official_vtd_code_and_name_nhgis_blocks,1.0,011 Clifton Hills 1,2000,749,0.937677392876
high,HAMILTON,003400,011 CLIFTON HILLS 1,2008,official_vtd_code_and_name_nhgis_blocks,1.0,011 Clifton Hills 1,2000,749,0.06207881032
high,HAMILTON,003399,133 CLIFTON HILLS 2,2008,official_vtd_code_and_name_nhgis_blocks,1.0,133 Clifton Hills 2,2000,773,1.0
high,HAMILTON,003355,052 COLLEGEDALE 1,2008,official_vtd_code_and_name_nhgis_blocks,1.0,052 Collegedale 1,2000,835,0.024978073733
high,HAMILTON,003367,052 COLLEGEDALE 1,2008,official_vtd_code_and_name_nhgis_blocks,1.0,052 Collegedale 1,2000,835,0.284579052532
high,HAMILTON,003368,052 COLLEGEDALE 1,2008,official_vtd_code_and_name_nhgis_blocks,1.0,052 Collegedale 1,2000,835,0.399651763094
high,HAMILTON,003369,052 COLLEGEDALE 1,2008,official_vtd_code_and_name_nhgis_blocks,1.0,052 Collegedale 1,2000,835,0.070511347776
high,HAMILTON,003370,052 COLLEGEDALE 1,2008,official_vtd_code_and_name_nhgis_blocks,1.0,052 Collegedale 1,2000,835,0.20489334374
high,HAMILTON,003443,052 COLLEGEDALE 1,2008,official_vtd_code_and_name_nhgis_blocks,1.0,052 Collegedale 1,2000,835,0.00296195116
high,HAMILTON,003445,052 COLLEGEDALE 1,2008,official_vtd_code_and_name_nhgis_blocks,1.0,052 Collegedale 1,2000,835,0.012424467964
high,HAMILTON,003367,122 COLLEGEDALE 2,2008,official_vtd_code_and_name_nhgis_blocks,1.0,122 Collegedale 2,2000,782,1.0
high,HAMILTON,003371,012 CONCORD 1,2008,official_vtd_code_and_name_nhgis_blocks,1.0,012 Concord 1,2000,770,0.445461424244
high,HAMILTON,003372,012 CONCORD 1,2008,official_vtd_code_and_name_nhgis_blocks,1.0,012 Concord 1,2000,770,0.544130908055
high,HAMILTON,003374,012 CONCORD 1,2008,official_vtd_code_and_name_nhgis_blocks,1.0,012 Concord 1,2000,770,0.010407667701
high,HAMILTON,003367,093 CONCORD 2,2008,official_vtd_code_and_name_nhgis_blocks,1.0,093 Concord 2,2000,779,0.000312791408
high,HAMILTON,003375,093 CONCORD 2,2008,official_vtd_code_and_name_nhgis_blocks,1.0,093 Concord 2,2000,779,0.544644782753
high,HAMILTON,003376,093 CONCORD 2,2008,official_vtd_code_and_name_nhgis_blocks,1.0,093 Concord 2,2000,779,0.0024186619
high,HAMILTON,003378,093 CONCORD 2,2008,official_vtd_code_and_name_nhgis_blocks,1.0,093 Concord 2,2000,779,0.043919484871
high,HAMILTON,003440,093 CONCORD 2,2008,official_vtd_code_and_name_nhgis_blocks,1.0,093 Concord 2,2000,779,0.116175425245
high,HAMILTON,003441,093 CONCORD 2,2008,official_vtd_code_and_name_nhgis_blocks,1.0,093 Concord 2,2000,779,0.292528853823
high,HAMILTON,003374,141 CONCORD 3,2008,official_vtd_code_and_name_nhgis_blocks,1.0,141 Concord 3,2000,745,1.0
high,HAMILTON,003365,013 COURTHOUSE,2008,official_vtd_code_and_name_nhgis_blocks,1.0,013 Courthouse,2000,755,0.303731954732
high,HAMILTON,003379,013 COURTHOUSE,2008,official_vtd_code_and_name_nhgis_blocks,1.0,013 Courthouse,2000,755,0.431307930424
high,HAMILTON,003380,013 COURTHOUSE,2008,official_vtd_code_and_name_nhgis_blocks,1.0,013 Courthouse,2000,755,0.019784195057
high,HAMILTON,003384,013 COURTHOUSE,2008,official_vtd_code_and_name_nhgis_blocks,1.0,013 Courthouse,2000,755,0.067875117794
high,HAMILTON,003385,013 COURTHOUSE,2008,official_vtd_code_and_name_nhgis_blocks,1.0,013 Courthouse,2000,755,0.114805721484
high,HAMILTON,003399,013 COURTHOUSE,2008,official_vtd_code_and_name_nhgis_blocks,1.0,013 Courthouse,2000,755,0.062495080509
high,HAMILTON,003381,014 DALEWOOD,2008,official_vtd_code_and_name_nhgis_blocks,1.0,014 Dalewood,2000,785,0.813652310771
high,HAMILTON,003390,014 DALEWOOD,2008,official_vtd_code_and_name_nhgis_blocks,1.0,014 Dalewood,2000,785,0.170324722541
high,HAMILTON,003405,014 DALEWOOD,2008,official_vtd_code_and_name_nhgis_blocks,1.0,014 Dalewood,2000,785,0.016022966687
high,HAMILTON,003382,066 DALLAS,2008,official_vtd_code_and_name_nhgis_blocks,1.0,066 Dallas,2000,846,0.681915802012
high,HAMILTON,003383,066 DALLAS,2008,official_vtd_code_and_name_nhgis_blocks,1.0,066 Dallas,2000,846,0.27252819631
high,HAMILTON,003418,066 DALLAS,2008,official_vtd_code_and_name_nhgis_blocks,1.0,066 Dallas,2000,846,0.000135103461
high,HAMILTON,003425,066 DALLAS,2008,official_vtd_code_and_name_nhgis_blocks,1.0,066 Dallas,2000,846,0.045420898217
high,HAMILTON,003352,015 DOWNTOWN,2008,official_vtd_code_and_name_nhgis_blocks,1.0,015 Downtown,2000,783,0.004825832794
high,HAMILTON,003384,015 DOWNTOWN,2008,official_vtd_code_and_name_nhgis_blocks,1.0,015 Downtown,2000,783,0.214782785994
high,HAMILTON,003385,015 DOWNTOWN,2008,official_vtd_code_and_name_nhgis_blocks,1.0,015 Downtown,2000,783,0.654526206006
high,HAMILTON,003427,015 DOWNTOWN,2008,official_vtd_code_and_name_nhgis_blocks,1.0,015 Downtown,2000,783,0.125865175206
high,HAMILTON,003386,016 DUPONT,2008,official_vtd_code_and_name_nhgis_blocks,1.0,016 DuPont,2000,788,1.0
high,HAMILTON,003387,017 EAST BRAINERD 1,2008,official_vtd_code_and_name_nhgis_blocks,1.0,017 East Brainerd 1,2000,781,0.998033182565
high,HAMILTON,003475,017 EAST BRAINERD 1,2008,official_vtd_code_and_name_nhgis_blocks,1.0,017 East Brainerd 1,2000,781,0.001966817435
high,HAMILTON,003388,104 EAST BRAINERD 2,2008,official_vtd_code_and_name_nhgis_blocks,1.0,104 East Brainerd 2,2000,777,1.0
high,HAMILTON,003389,018 E CHATTANOOGA 1,2008,official_vtd_exact_label_code_nhgis_blocks,0.97,018 East Chattanooga 1,2000,762,0.415257035703
high,HAMILTON,003390,018 E CHATTANOOGA 1,2008,official_vtd_exact_label_code_nhgis_blocks,0.97,018 East Chattanooga 1,2000,762,0.584742964297
high,HAMILTON,003391,019 EAST LAKE,2008,official_vtd_code_and_name_nhgis_blocks,1.0,019 East Lake,2000,750,0.954575902507
high,HAMILTON,003452,019 EAST LAKE,2008,official_vtd_code_and_name_nhgis_blocks,1.0,019 East Lake,2000,750,0.045424097493
high,HAMILTON,003363,053 EAST RIDGE 1,2008,official_vtd_code_and_name_nhgis_blocks,1.0,053 East Ridge 1,2000,805,0.001963593889
high,HAMILTON,003393,053 EAST RIDGE 1,2008,official_vtd_code_and_name_nhgis_blocks,1.0,053 East Ridge 1,2000,805,0.993471971008
high,HAMILTON,003426,053 EAST RIDGE 1,2008,official_vtd_code_and_name_nhgis_blocks,1.0,053 East Ridge 1,2000,805,0.004564435103
high,HAMILTON,003395,054 EAST RIDGE 2,2008,official_vtd_code_and_name_nhgis_blocks,1.0,054 East Ridge 2,2000,778,1.0
high,HAMILTON,003392,055 EAST RIDGE 3,2008,official_vtd_code_and_name_nhgis_blocks,1.0,055 East Ridge 3,2000,806,0.99871586268
high,HAMILTON,003426,055 EAST RIDGE 3,2008,official_vtd_code_and_name_nhgis_blocks,1.0,055 East Ridge 3,2000,806,0.00128413732
high,HAMILTON,003363,056 EAST RIDGE 4,2008,official_vtd_code_and_name_nhgis_blocks,1.0,056 East Ridge 4,2000,766,0.001790249851
high,HAMILTON,003392,056 EAST RIDGE 4,2008,official_vtd_code_and_name_nhgis_blocks,1.0,056 East Ridge 4,2000,766,0.998209750149
high,HAMILTON,003394,057 EAST RIDGE 5,2008,official_vtd_code_and_name_nhgis_blocks,1.0,057 East Ridge 5,2000,807,1.0
high,HAMILTON,003399,020 EAST SIDE 1,2008,official_vtd_code_and_name_nhgis_blocks,1.0,020 East Side 1,2000,776,1.0
high,HAMILTON,003399,132 EAST SIDE 2,2008,official_vtd_code_and_name_nhgis_blocks,1.0,132 East Side 2,2000,774,1.0
high,HAMILTON,003396,021 EASTDALE 1,2008,official_vtd_code_and_name_nhgis_blocks,1.0,021 Eastdale 1,2000,793,1.0
high,HAMILTON,003396,131 EASTDALE 2,2008,official_vtd_code_and_name_nhgis_blocks,1.0,131 Eastdale 2,2000,795,1.0
high,HAMILTON,003397,094 EASTGATE 1,2008,official_vtd_code_and_name_nhgis_blocks,1.0,094 Eastgate 1,2000,768,1.0
high,HAMILTON,003363,095 EASTGATE 2,2008,official_vtd_code_and_name_nhgis_blocks,1.0,095 Eastgate 2,2000,769,0.267969223514
high,HAMILTON,003398,095 EASTGATE 2,2008,official_vtd_code_and_name_nhgis_blocks,1.0,095 Eastgate 2,2000,769,0.732030776486
high,HAMILTON,003401,067 FAIRMOUNT,2008,official_vtd_code_and_name_nhgis_blocks,1.0,067 Fairmount,2000,849,0.945430532438
high,HAMILTON,003429,067 FAIRMOUNT,2008,official_vtd_code_and_name_nhgis_blocks,1.0,067 Fairmount,2000,849,0.004153959989
high,HAMILTON,003456,067 FAIRMOUNT,2008,official_vtd_code_and_name_nhgis_blocks,1.0,067 Fairmount,2000,849,0.027655231523
high,HAMILTON,003471,067 FAIRMOUNT,2008,official_vtd_code_and_name_nhgis_blocks,1.0,067 Fairmount,2000,849,0.022314599797
high,HAMILTON,003472,067 FAIRMOUNT,2008,official_vtd_code_and_name_nhgis_blocks,1.0,067 Fairmount,2000,849,0.000445676253
high,HAMILTON,003402,068 FALLING WATER 1,2008,official_vtd_code_and_name_nhgis_blocks,1.0,068 Falling Water 1,2000,814,0.79508640759
high,HAMILTON,003428,068 FALLING WATER 1,2008,official_vtd_code_and_name_nhgis_blocks,1.0,068 Falling Water 1,2000,814,0.000223690911
high,HAMILTON,003439,068 FALLING WATER 1,2008,official_vtd_code_and_name_nhgis_blocks,1.0,068 Falling Water 1,2000,814,0.000142966519
high,HAMILTON,003461,068 FALLING WATER 1,2008,official_vtd_code_and_name_nhgis_blocks,1.0,068 Falling Water 1,2000,814,0.000598091093
high,HAMILTON,003471,068 FALLING WATER 1,2008,official_vtd_code_and_name_nhgis_blocks,1.0,068 Falling Water 1,2000,814,0.203948843887
high,HAMILTON,003402,109 FALLING WATER 2,2008,official_vtd_code_and_name_nhgis_blocks,1.0,109 Falling Water 2,2000,851,1.0
high,HAMILTON,003403,069 FLAT TOP MTN,2008,official_vtd_exact_label_code_nhgis_blocks,0.97,069 Flat Top Mountain,2000,845,1.0
high,HAMILTON,003404,070 GANNS,2008,official_vtd_code_and_name_nhgis_blocks,1.0,070 Ganns,2000,803,0.997579379543
high,HAMILTON,003413,070 GANNS,2008,official_vtd_code_and_name_nhgis_blocks,1.0,070 Ganns,2000,803,0.00238688733
high,HAMILTON,003446,070 GANNS,2008,official_vtd_code_and_name_nhgis_blocks,1.0,070 Ganns,2000,803,3.3733127e-05
high,HAMILTON,003389,023 GLENWOOD,2008,official_vtd_code_and_name_nhgis_blocks,1.0,023 Glenwood,2000,763,0.146113384896
high,HAMILTON,003390,023 GLENWOOD,2008,official_vtd_code_and_name_nhgis_blocks,1.0,023 Glenwood,2000,763,0.227892967575
high,HAMILTON,003396,023 GLENWOOD,2008,official_vtd_code_and_name_nhgis_blocks,1.0,023 Glenwood,2000,763,0.000224650293
high,HAMILTON,003405,023 GLENWOOD,2008,official_vtd_code_and_name_nhgis_blocks,1.0,023 Glenwood,2000,763,0.625768997236
high,HAMILTON,003407,058 HARRISON 1,2008,official_vtd_code_and_name_nhgis_blocks,1.0,058 Harrison 1,2000,841,0.986491293452
high,HAMILTON,003409,058 HARRISON 1,2008,official_vtd_code_and_name_nhgis_blocks,1.0,058 Harrison 1,2000,841,0.005762270145
high,HAMILTON,003433,058 HARRISON 1,2008,official_vtd_code_and_name_nhgis_blocks,1.0,058 Harrison 1,2000,841,0.006958265903
high,HAMILTON,003466,058 HARRISON 1,2008,official_vtd_code_and_name_nhgis_blocks,1.0,058 Harrison 1,2000,841,0.0007881705
high,HAMILTON,003407,090 HARRISON 2,2008,official_vtd_code_and_name_nhgis_blocks,1.0,090 Harrison 2,2000,840,0.067467741337
high,HAMILTON,003408,090 HARRISON 2,2008,official_vtd_code_and_name_nhgis_blocks,1.0,090 Harrison 2,2000,840,0.287037659782
high,HAMILTON,003409,090 HARRISON 2,2008,official_vtd_code_and_name_nhgis_blocks,1.0,090 Harrison 2,2000,840,0.353926660859
high,HAMILTON,003410,090 HARRISON 2,2008,official_vtd_code_and_name_nhgis_blocks,1.0,090 Harrison 2,2000,840,0.289878029447
high,HAMILTON,003458,090 HARRISON 2,2008,official_vtd_code_and_name_nhgis_blocks,1.0,090 Harrison 2,2000,840,9.636156e-06
high,HAMILTON,003459,090 HARRISON 2,2008,official_vtd_code_and_name_nhgis_blocks,1.0,090 Harrison 2,2000,840,0.00168027242
high,HAMILTON,003406,098 HARRISON 3,2008,official_vtd_code_and_name_nhgis_blocks,1.0,098 Harrison 3,2000,760,0.234017840322
high,HAMILTON,003407,098 HARRISON 3,2008,official_vtd_code_and_name_nhgis_blocks,1.0,098 Harrison 3,2000,760,0.765982159678
high,HAMILTON,003406,140 HARRISON 4,2008,official_vtd_code_and_name_nhgis_blocks,1.0,140 Harrison 4,2000,819,0.944356680519
high,HAMILTON,003433,140 HARRISON 4,2008,official_vtd_code_and_name_nhgis_blocks,1.0,140 Harrison 4,2000,819,0.050850707554
high,HAMILTON,003466,140 HARRISON 4,2008,official_vtd_code_and_name_nhgis_blocks,1.0,140 Harrison 4,2000,819,0.004792611927
high,HAMILTON,003379,024 HIGHLAND PARK,2008,official_vtd_code_and_name_nhgis_blocks,1.0,024 Highland Park,2000,786,0.016972575575
high,HAMILTON,003396,024 HIGHLAND PARK,2008,official_vtd_code_and_name_nhgis_blocks,1.0,024 Highland Park,2000,786,0.009093976303
high,HAMILTON,003399,024 HIGHLAND PARK,2008,official_vtd_code_and_name_nhgis_blocks,1.0,024 Highland Park,2000,786,0.478837020879
high,HAMILTON,003451,024 HIGHLAND PARK,2008,official_vtd_code_and_name_nhgis_blocks,1.0,024 Highland Park,2000,786,0.494360881155
high,HAMILTON,003452,024 HIGHLAND PARK,2008,official_vtd_code_and_name_nhgis_blocks,1.0,024 Highland Park,2000,786,0.000735546087
high,HAMILTON,003411,025 HIXSON 1,2008,official_vtd_exact_label_code_nhgis_blocks,0.97,025 Hixon 1,2000,797,0.418620722731
high,HAMILTON,003412,025 HIXSON 1,2008,official_vtd_exact_label_code_nhgis_blocks,0.97,025 Hixon 1,2000,797,0.581379277269
high,HAMILTON,003412,088 HIXSON 2,2008,official_vtd_code_and_name_nhgis_blocks,1.0,088 Hixson 2,2000,787,0.433248013724
high,HAMILTON,003413,088 HIXSON 2,2008,official_vtd_code_and_name_nhgis_blocks,1.0,088 Hixson 2,2000,787,0.56503034828
high,HAMILTON,003446,088 HIXSON 2,2008,official_vtd_code_and_name_nhgis_blocks,1.0,088 Hixson 2,2000,787,0.001721637996
high,HAMILTON,003404,101 HIXSON 3,2008,official_vtd_code_and_name_nhgis_blocks,1.0,101 Hixson 3,2000,789,0.007068890193
high,HAMILTON,003413,101 HIXSON 3,2008,official_vtd_code_and_name_nhgis_blocks,1.0,101 Hixson 3,2000,789,0.992931109807
high,HAMILTON,003404,164 HIXSON 4,2008,official_vtd_code_and_name_nhgis_blocks,1.0,164 Hixson 4*,2000,802,0.383532433728
high,HAMILTON,003413,164 HIXSON 4,2008,official_vtd_code_and_name_nhgis_blocks,1.0,164 Hixson 4*,2000,802,0.616467566272
high,HAMILTON,003352,026 HOWARD,2008,official_vtd_code_and_name_nhgis_blocks,1.0,026 Howard,2000,747,0.594921189136
high,HAMILTON,003385,026 HOWARD,2008,official_vtd_code_and_name_nhgis_blocks,1.0,026 Howard,2000,747,0.400085629416
high,HAMILTON,003427,026 HOWARD,2008,official_vtd_code_and_name_nhgis_blocks,1.0,026 Howard,2000,747,0.004993181448
high,HAMILTON,003414,027 KINGSPOINT,2008,official_vtd_exact_label_code_nhgis_blocks,0.97,027 Kingsport,2000,739,0.69738489929
high,HAMILTON,003415,027 KINGSPOINT,2008,official_vtd_exact_label_code_nhgis_blocks,0.97,027 Kingsport,2000,739,0.30261510071
high,HAMILTON,003417,028 LAKE HILLS,2008,official_vtd_code_and_name_nhgis_blocks,1.0,028 Lake Hills,2000,740,1.0
high,HAMILTON,003404,071 LAKESITE,2008,official_vtd_code_and_name_nhgis_blocks,1.0,071 Lakesite,2000,847,0.070089282309
high,HAMILTON,003418,071 LAKESITE,2008,official_vtd_code_and_name_nhgis_blocks,1.0,071 Lakesite,2000,847,0.928966380483
high,HAMILTON,003424,071 LAKESITE,2008,official_vtd_code_and_name_nhgis_blocks,1.0,071 Lakesite,2000,847,0.000813387727
high,HAMILTON,003425,071 LAKESITE,2008,official_vtd_code_and_name_nhgis_blocks,1.0,071 Lakesite,2000,847,0.000130949481
high,HAMILTON,003419,072 LOOKOUT MTN 1,2008,official_vtd_exact_label_code_nhgis_blocks,0.97,072 Lookout Mountain 1,2000,855,1.0
high,HAMILTON,003419,121 LOOKOUT MTN 2,2008,official_vtd_exact_label_code_nhgis_blocks,0.97,121 Lookout Mountain 2,2000,854,1.0
high,HAMILTON,003385,048 LOOKOUT VALLEY 1,2008,official_vtd_code_and_name_nhgis_blocks,1.0,048 Lookout Valley 1,2000,811,0.003784003749
high,HAMILTON,003420,048 LOOKOUT VALLEY 1,2008,official_vtd_code_and_name_nhgis_blocks,1.0,048 Lookout Valley 1,2000,811,0.990997434819
high,HAMILTON,003421,048 LOOKOUT VALLEY 1,2008,official_vtd_code_and_name_nhgis_blocks,1.0,048 Lookout Valley 1,2000,811,0.00241939875
high,HAMILTON,003464,048 LOOKOUT VALLEY 1,2008,official_vtd_code_and_name_nhgis_blocks,1.0,048 Lookout Valley 1,2000,811,0.002799162683
high,HAMILTON,003420,092 LOOKOUT VALLEY 2,2008,official_vtd_code_and_name_nhgis_blocks,1.0,092 Lookout Valley 2,2000,832,3.342183e-06
high,HAMILTON,003421,092 LOOKOUT VALLEY 2,2008,official_vtd_code_and_name_nhgis_blocks,1.0,092 Lookout Valley 2,2000,832,0.988876177909
high,HAMILTON,003464,092 LOOKOUT VALLEY 2,2008,official_vtd_code_and_name_nhgis_blocks,1.0,092 Lookout Valley 2,2000,832,0.000202083699
high,HAMILTON,005751,092 LOOKOUT VALLEY 2,2008,official_vtd_code_and_name_nhgis_blocks,1.0,092 Lookout Valley 2,2000,832,0.010918396209
high,HAMILTON,003420,111 LOOKOUT VALLEY 3,2008,official_vtd_code_and_name_nhgis_blocks,1.0,111 Lookout Valley 3*,2000,833,0.000854786582
high,HAMILTON,003421,111 LOOKOUT VALLEY 3,2008,official_vtd_code_and_name_nhgis_blocks,1.0,111 Lookout Valley 3*,2000,833,0.993562848885
high,HAMILTON,003464,111 LOOKOUT VALLEY 3,2008,official_vtd_code_and_name_nhgis_blocks,1.0,111 Lookout Valley 3*,2000,833,0.00550851596
high,HAMILTON,005751,111 LOOKOUT VALLEY 3,2008,official_vtd_code_and_name_nhgis_blocks,1.0,111 Lookout Valley 3*,2000,833,7.3848573e-05
high,HAMILTON,003385,161 LOOKOUT VALLEY 4,2008,official_vtd_code_and_name_nhgis_blocks,1.0,161 Lookout Valley 4,2000,827,3.288107e-06
high,HAMILTON,003420,161 LOOKOUT VALLEY 4,2008,official_vtd_code_and_name_nhgis_blocks,1.0,161 Lookout Valley 4,2000,827,0.226243724128
high,HAMILTON,003421,161 LOOKOUT VALLEY 4,2008,official_vtd_code_and_name_nhgis_blocks,1.0,161 Lookout Valley 4,2000,827,0.592860899111
high,HAMILTON,003464,161 LOOKOUT VALLEY 4,2008,official_vtd_code_and_name_nhgis_blocks,1.0,161 Lookout Valley 4,2000,827,0.180892088655
high,HAMILTON,003422,029 LUPTON CITY,2008,official_vtd_code_and_name_nhgis_blocks,1.0,029 Lupton City,2000,759,1.0
high,HAMILTON,003361,059 MEADOWVIEW,2008,official_vtd_code_and_name_nhgis_blocks,1.0,059 Meadowview,2000,838,0.996898729925
high,HAMILTON,003423,059 MEADOWVIEW,2008,official_vtd_code_and_name_nhgis_blocks,1.0,059 Meadowview,2000,838,0.003101270075
high,HAMILTON,003424,073 MIDDLE VALLEY,2008,official_vtd_code_and_name_nhgis_blocks,1.0,073 Middle Valley,2000,848,1.0
high,HAMILTON,003391,031 MISSIONARY RIDGE,2008,official_vtd_code_and_name_nhgis_blocks,1.0,031 Missionary Ridge,2000,772,9.3237101e-05
high,HAMILTON,003392,031 MISSIONARY RIDGE,2008,official_vtd_code_and_name_nhgis_blocks,1.0,031 Missionary Ridge,2000,772,0.00411924904
high,HAMILTON,003393,031 MISSIONARY RIDGE,2008,official_vtd_code_and_name_nhgis_blocks,1.0,031 Missionary Ridge,2000,772,0.004733599671
high,HAMILTON,003396,031 MISSIONARY RIDGE,2008,official_vtd_code_and_name_nhgis_blocks,1.0,031 Missionary Ridge,2000,772,0.132017352903
high,HAMILTON,003426,031 MISSIONARY RIDGE,2008,official_vtd_code_and_name_nhgis_blocks,1.0,031 Missionary Ridge,2000,772,0.826138009858
high,HAMILTON,003452,031 MISSIONARY RIDGE,2008,official_vtd_code_and_name_nhgis_blocks,1.0,031 Missionary Ridge,2000,772,0.032898551428
high,HAMILTON,003427,032 MOCCASIN BEND,2008,official_vtd_code_and_name_nhgis_blocks,1.0,032 Moccasin Bend,2000,784,0.932272044266
high,HAMILTON,003434,032 MOCCASIN BEND,2008,official_vtd_code_and_name_nhgis_blocks,1.0,032 Moccasin Bend,2000,784,0.002008862909
high,HAMILTON,003435,032 MOCCASIN BEND,2008,official_vtd_code_and_name_nhgis_blocks,1.0,032 Moccasin Bend,2000,784,0.065414958108
high,HAMILTON,003448,032 MOCCASIN BEND,2008,official_vtd_code_and_name_nhgis_blocks,1.0,032 Moccasin Bend,2000,784,0.000304134718
high,HAMILTON,003428,033 MOUNTAIN CREEK 1,2008,official_vtd_code_and_name_nhgis_blocks,1.0,033 Mountain Creek 1,2000,812,0.99705580279
high,HAMILTON,003450,033 MOUNTAIN CREEK 1,2008,official_vtd_code_and_name_nhgis_blocks,1.0,033 Mountain Creek 1,2000,812,0.000869912902
high,HAMILTON,003471,033 MOUNTAIN CREEK 1,2008,official_vtd_code_and_name_nhgis_blocks,1.0,033 Mountain Creek 1,2000,812,0.002067053967
high,HAMILTON,003472,033 MOUNTAIN CREEK 1,2008,official_vtd_code_and_name_nhgis_blocks,1.0,033 Mountain Creek 1,2000,812,7.230342e-06
high,HAMILTON,003428,106 MOUNTAIN CREEK 2,2008,official_vtd_code_and_name_nhgis_blocks,1.0,106 Mountain Creek 2,2000,808,0.678578016544
high,HAMILTON,003430,106 MOUNTAIN CREEK 2,2008,official_vtd_code_and_name_nhgis_blocks,1.0,106 Mountain Creek 2,2000,808,0.30866924746
high,HAMILTON,003448,106 MOUNTAIN CREEK 2,2008,official_vtd_code_and_name_nhgis_blocks,1.0,106 Mountain Creek 2,2000,808,0.000255330386
high,HAMILTON,003450,106 MOUNTAIN CREEK 2,2008,official_vtd_code_and_name_nhgis_blocks,1.0,106 Mountain Creek 2,2000,808,0.003242061074
high,HAMILTON,003456,106 MOUNTAIN CREEK 2,2008,official_vtd_code_and_name_nhgis_blocks,1.0,106 Mountain Creek 2,2000,808,0.000444760611
high,HAMILTON,003457,106 MOUNTAIN CREEK 2,2008,official_vtd_code_and_name_nhgis_blocks,1.0,106 Mountain Creek 2,2000,808,9.8151379e-05
high,HAMILTON,003471,106 MOUNTAIN CREEK 2,2008,official_vtd_code_and_name_nhgis_blocks,1.0,106 Mountain Creek 2,2000,808,0.008712432546
high,HAMILTON,003427,117 MOUNTAIN CREEK 4,2008,official_vtd_code_and_name_nhgis_blocks,1.0,117 Mountain Creek 4,2000,859,1.0
high,HAMILTON,003431,074 MOWBRAY,2008,official_vtd_code_and_name_nhgis_blocks,1.0,074 Mowbray,2000,735,0.998867172835
high,HAMILTON,007851,074 MOWBRAY,2008,official_vtd_code_and_name_nhgis_blocks,1.0,074 Mowbray,2000,735,0.001132827165
high,HAMILTON,003362,034 MURRAY HILLS,2008,official_vtd_code_and_name_nhgis_blocks,1.0,034 Murray Hills,2000,761,0.000568213399
high,HAMILTON,003406,034 MURRAY HILLS,2008,official_vtd_code_and_name_nhgis_blocks,1.0,034 Murray Hills,2000,761,0.021546852436
high,HAMILTON,003415,034 MURRAY HILLS,2008,official_vtd_code_and_name_nhgis_blocks,1.0,034 Murray Hills,2000,761,0.000362044457
high,HAMILTON,003432,034 MURRAY HILLS,2008,official_vtd_code_and_name_nhgis_blocks,1.0,034 Murray Hills,2000,761,0.808445928322
high,HAMILTON,003433,034 MURRAY HILLS,2008,official_vtd_code_and_name_nhgis_blocks,1.0,034 Murray Hills,2000,761,0.169076961386
high,HAMILTON,003379,035 N CHATTANOOGA 1,2008,official_vtd_exact_label_code_nhgis_blocks,0.97,035 North Chattanooga 1,2000,756,0.169527948012
high,HAMILTON,003434,035 N CHATTANOOGA 1,2008,official_vtd_exact_label_code_nhgis_blocks,0.97,035 North Chattanooga 1,2000,756,0.830472051988
high,HAMILTON,003434,139 N CHATTANOOGA 2,2008,official_vtd_exact_label_code_nhgis_blocks,0.97,139 North Chattanooga 2,2000,810,0.959131247372
high,HAMILTON,003435,139 N CHATTANOOGA 2,2008,official_vtd_exact_label_code_nhgis_blocks,0.97,139 North Chattanooga 2,2000,810,0.040767088095
high,HAMILTON,003454,139 N CHATTANOOGA 2,2008,official_vtd_exact_label_code_nhgis_blocks,0.97,139 North Chattanooga 2,2000,810,0.000101664532
high,HAMILTON,003386,036 NORTHGATE,2008,official_vtd_code_and_name_nhgis_blocks,1.0,036 Northgate,2000,790,0.448513359498
high,HAMILTON,003412,036 NORTHGATE,2008,official_vtd_code_and_name_nhgis_blocks,1.0,036 Northgate,2000,790,1.8032933e-05
high,HAMILTON,003422,036 NORTHGATE,2008,official_vtd_code_and_name_nhgis_blocks,1.0,036 Northgate,2000,790,0.01569604275
high,HAMILTON,003436,036 NORTHGATE,2008,official_vtd_code_and_name_nhgis_blocks,1.0,036 Northgate,2000,790,0.000668583135
high,HAMILTON,003437,036 NORTHGATE,2008,official_vtd_code_and_name_nhgis_blocks,1.0,036 Northgate,2000,790,0.535103981684
high,HAMILTON,003438,037 NORTHWOODS 1,2008,official_vtd_code_and_name_nhgis_blocks,1.0,037 Northwoods 1,2000,798,0.912658732979
high,HAMILTON,003439,037 NORTHWOODS 1,2008,official_vtd_code_and_name_nhgis_blocks,1.0,037 Northwoods 1,2000,798,0.087333501913
high,HAMILTON,003471,037 NORTHWOODS 1,2008,official_vtd_code_and_name_nhgis_blocks,1.0,037 Northwoods 1,2000,798,7.765108e-06
high,HAMILTON,003436,038 NORTHWOODS 2,2008,official_vtd_code_and_name_nhgis_blocks,1.0,038 Northwoods 2,2000,821,0.996226503701
high,HAMILTON,003438,038 NORTHWOODS 2,2008,official_vtd_code_and_name_nhgis_blocks,1.0,038 Northwoods 2,2000,821,1.041863e-05
high,HAMILTON,003450,038 NORTHWOODS 2,2008,official_vtd_code_and_name_nhgis_blocks,1.0,038 Northwoods 2,2000,821,0.003763077669
high,HAMILTON,003439,119 NORTHWOODS 3,2008,official_vtd_code_and_name_nhgis_blocks,1.0,119 Northwoods 3,2000,799,0.820765509034
high,HAMILTON,003446,119 NORTHWOODS 3,2008,official_vtd_code_and_name_nhgis_blocks,1.0,119 Northwoods 3,2000,799,0.00251658844
high,HAMILTON,003461,119 NORTHWOODS 3,2008,official_vtd_code_and_name_nhgis_blocks,1.0,119 Northwoods 3,2000,799,0.014286257992
high,HAMILTON,003471,119 NORTHWOODS 3,2008,official_vtd_code_and_name_nhgis_blocks,1.0,119 Northwoods 3,2000,799,0.162431644534
high,HAMILTON,003439,102 NORTHWOODS 5,2008,official_vtd_code_and_name_nhgis_blocks,1.0,102 Northwoods 5,2000,815,1.0
high,HAMILTON,003357,060 OOLTEWAH 1,2008,official_vtd_code_and_name_nhgis_blocks,1.0,060 Ooltewah 1,2000,831,0.014047839998
high,HAMILTON,003368,060 OOLTEWAH 1,2008,official_vtd_code_and_name_nhgis_blocks,1.0,060 Ooltewah 1,2000,831,0.006304183669
high,HAMILTON,003369,060 OOLTEWAH 1,2008,official_vtd_code_and_name_nhgis_blocks,1.0,060 Ooltewah 1,2000,831,0.001638770787
high,HAMILTON,003370,060 OOLTEWAH 1,2008,official_vtd_code_and_name_nhgis_blocks,1.0,060 Ooltewah 1,2000,831,0.054197062016
high,HAMILTON,003442,060 OOLTEWAH 1,2008,official_vtd_code_and_name_nhgis_blocks,1.0,060 Ooltewah 1,2000,831,0.01636872729
high,HAMILTON,003443,060 OOLTEWAH 1,2008,official_vtd_code_and_name_nhgis_blocks,1.0,060 Ooltewah 1,2000,831,0.650634562711
high,HAMILTON,003444,060 OOLTEWAH 1,2008,official_vtd_code_and_name_nhgis_blocks,1.0,060 Ooltewah 1,2000,831,0.033542528163
high,HAMILTON,003459,060 OOLTEWAH 1,2008,official_vtd_code_and_name_nhgis_blocks,1.0,060 Ooltewah 1,2000,831,0.168891024268
high,HAMILTON,003468,060 OOLTEWAH 1,2008,official_vtd_code_and_name_nhgis_blocks,1.0,060 Ooltewah 1,2000,831,0.054375301098
high,HAMILTON,003367,089 OOLTEWAH 2,2008,official_vtd_code_and_name_nhgis_blocks,1.0,089 Ooltewah 2,2000,780,0.127518853037
high,HAMILTON,003378,089 OOLTEWAH 2,2008,official_vtd_code_and_name_nhgis_blocks,1.0,089 Ooltewah 2,2000,780,5.1366376e-05
high,HAMILTON,003440,089 OOLTEWAH 2,2008,official_vtd_code_and_name_nhgis_blocks,1.0,089 Ooltewah 2,2000,780,0.854310390598
high,HAMILTON,003441,089 OOLTEWAH 2,2008,official_vtd_code_and_name_nhgis_blocks,1.0,089 Ooltewah 2,2000,780,0.018119389989
high,HAMILTON,003370,143 OOLTEWAH 3,2008,official_vtd_code_and_name_nhgis_blocks,1.0,143 Ooltewah 3*,2000,842,0.048709284334
high,HAMILTON,003442,143 OOLTEWAH 3,2008,official_vtd_code_and_name_nhgis_blocks,1.0,143 Ooltewah 3*,2000,842,0.749621383755
high,HAMILTON,003443,143 OOLTEWAH 3,2008,official_vtd_code_and_name_nhgis_blocks,1.0,143 Ooltewah 3*,2000,842,0.20166933191
high,HAMILTON,003352,040 PINEY WOODS,2008,official_vtd_code_and_name_nhgis_blocks,1.0,040 Piney Woods,2000,751,0.953439950279
high,HAMILTON,003463,040 PINEY WOODS,2008,official_vtd_code_and_name_nhgis_blocks,1.0,040 Piney Woods,2000,751,0.046560049721
high,HAMILTON,003411,075 PLEASANT GROVE 1,2008,official_vtd_code_and_name_nhgis_blocks,1.0,075 Pleasant Grove 1,2000,800,0.000643827287
high,HAMILTON,003412,075 PLEASANT GROVE 1,2008,official_vtd_code_and_name_nhgis_blocks,1.0,075 Pleasant Grove 1,2000,800,0.001874855217
high,HAMILTON,003446,075 PLEASANT GROVE 1,2008,official_vtd_code_and_name_nhgis_blocks,1.0,075 Pleasant Grove 1,2000,800,0.994041573112
high,HAMILTON,003447,075 PLEASANT GROVE 1,2008,official_vtd_code_and_name_nhgis_blocks,1.0,075 Pleasant Grove 1,2000,800,0.003427173771
high,HAMILTON,003462,075 PLEASANT GROVE 1,2008,official_vtd_code_and_name_nhgis_blocks,1.0,075 Pleasant Grove 1,2000,800,1.2570614e-05
high,HAMILTON,003446,103 PLEASANT GROVE 2,2008,official_vtd_code_and_name_nhgis_blocks,1.0,103 Pleasant Grove 2,2000,801,1.0
high,HAMILTON,003427,076 RED BANK 1,2008,official_vtd_code_and_name_nhgis_blocks,1.0,076 Red Bank 1,2000,809,0.034195066165
high,HAMILTON,003435,076 RED BANK 1,2008,official_vtd_code_and_name_nhgis_blocks,1.0,076 Red Bank 1,2000,809,0.007810613577
high,HAMILTON,003448,076 RED BANK 1,2008,official_vtd_code_and_name_nhgis_blocks,1.0,076 Red Bank 1,2000,809,0.95755205291
high,HAMILTON,003465,076 RED BANK 1,2008,official_vtd_code_and_name_nhgis_blocks,1.0,076 Red Bank 1,2000,809,0.000442267348
high,HAMILTON,003449,077 RED BANK 2,2008,official_vtd_code_and_name_nhgis_blocks,1.0,077 Red Bank 2,2000,817,0.451435067514
high,HAMILTON,003450,077 RED BANK 2,2008,official_vtd_code_and_name_nhgis_blocks,1.0,077 Red Bank 2,2000,817,0.548516803373
high,HAMILTON,003465,077 RED BANK 2,2008,official_vtd_code_and_name_nhgis_blocks,1.0,077 Red Bank 2,2000,817,4.8129114e-05
high,HAMILTON,003450,078 RED BANK 3,2008,official_vtd_code_and_name_nhgis_blocks,1.0,078 Red Bank 3,2000,816,1.0
high,HAMILTON,003448,125 RED BANK 4,2008,official_vtd_code_and_name_nhgis_blocks,1.0,125 Red Bank 4,2000,858,1.0
high,HAMILTON,003426,041 RIDGEDALE,2008,official_vtd_code_and_name_nhgis_blocks,1.0,041 Ridgedale,2000,775,0.027284806313
high,HAMILTON,003451,041 RIDGEDALE,2008,official_vtd_code_and_name_nhgis_blocks,1.0,041 Ridgedale,2000,775,0.598104006341
high,HAMILTON,003452,041 RIDGEDALE,2008,official_vtd_code_and_name_nhgis_blocks,1.0,041 Ridgedale,2000,775,0.374611187345
high,HAMILTON,003396,061 RIDGESIDE,2008,official_vtd_code_and_name_nhgis_blocks,1.0,061 Ridgeside,2000,796,0.00682846297
high,HAMILTON,003453,061 RIDGESIDE,2008,official_vtd_code_and_name_nhgis_blocks,1.0,061 Ridgeside,2000,796,0.99317153703
high,HAMILTON,003435,042 RIVERVIEW,2008,official_vtd_code_and_name_nhgis_blocks,1.0,042 Riverview,2000,757,0.004200407517
high,HAMILTON,003454,042 RIVERVIEW,2008,official_vtd_code_and_name_nhgis_blocks,1.0,042 Riverview,2000,757,0.736794821439
high,HAMILTON,003465,042 RIVERVIEW,2008,official_vtd_code_and_name_nhgis_blocks,1.0,042 Riverview,2000,757,0.259004771043
high,HAMILTON,000302,080 SALE CREEK,2008,official_vtd_code_and_name_nhgis_blocks,1.0,080 Sale Creek,2000,736,0.02530104319
high,HAMILTON,003455,080 SALE CREEK,2008,official_vtd_code_and_name_nhgis_blocks,1.0,080 Sale Creek,2000,736,0.97467100885
high,HAMILTON,007360,080 SALE CREEK,2008,official_vtd_code_and_name_nhgis_blocks,1.0,080 Sale Creek,2000,736,2.794796e-05
high,HAMILTON,003428,081 SIGNAL MTN EAST,2008,official_vtd_exact_label_code_nhgis_blocks,0.97,081 Signal Mountain East,2000,818,7.0822379e-05
high,HAMILTON,003456,081 SIGNAL MTN EAST,2008,official_vtd_exact_label_code_nhgis_blocks,0.97,081 Signal Mountain East,2000,818,0.007790376963
high,HAMILTON,003457,081 SIGNAL MTN EAST,2008,official_vtd_exact_label_code_nhgis_blocks,0.97,081 Signal Mountain East,2000,818,0.990887857915
high,HAMILTON,003471,081 SIGNAL MTN EAST,2008,official_vtd_exact_label_code_nhgis_blocks,0.97,081 Signal Mountain East,2000,818,0.000451367602
high,HAMILTON,003472,081 SIGNAL MTN EAST,2008,official_vtd_exact_label_code_nhgis_blocks,0.97,081 Signal Mountain East,2000,818,0.000799575142
high,HAMILTON,003401,082 SIGNAL MTN WEST,2008,official_vtd_exact_label_code_nhgis_blocks,0.97,082 Signal Mountain West,2000,850,0.019102617877
high,HAMILTON,003428,082 SIGNAL MTN WEST,2008,official_vtd_exact_label_code_nhgis_blocks,0.97,082 Signal Mountain West,2000,850,0.002142083495
high,HAMILTON,003456,082 SIGNAL MTN WEST,2008,official_vtd_exact_label_code_nhgis_blocks,0.97,082 Signal Mountain West,2000,850,0.974376486808
high,HAMILTON,003471,082 SIGNAL MTN WEST,2008,official_vtd_exact_label_code_nhgis_blocks,0.97,082 Signal Mountain West,2000,850,0.00437881182
high,HAMILTON,003361,062 SNOWHILL,2008,official_vtd_code_and_name_nhgis_blocks,1.0,062 Snowhill,2000,839,0.227850699622
high,HAMILTON,003409,062 SNOWHILL,2008,official_vtd_code_and_name_nhgis_blocks,1.0,062 Snowhill,2000,839,0.002034317716
high,HAMILTON,003423,062 SNOWHILL,2008,official_vtd_code_and_name_nhgis_blocks,1.0,062 Snowhill,2000,839,0.17762583402
high,HAMILTON,003458,062 SNOWHILL,2008,official_vtd_code_and_name_nhgis_blocks,1.0,062 Snowhill,2000,839,0.348101667993
high,HAMILTON,003459,062 SNOWHILL,2008,official_vtd_code_and_name_nhgis_blocks,1.0,062 Snowhill,2000,839,0.24438748065
high,HAMILTON,003460,083 SODDY DAISY 1,2008,official_vtd_code_and_name_nhgis_blocks,1.0,083 Soddy Daisy 1,2000,844,1.0
high,HAMILTON,003402,084 SODDY DAISY 2,2008,official_vtd_code_and_name_nhgis_blocks,1.0,084 Soddy Daisy 2,2000,822,0.001545425481
high,HAMILTON,003439,084 SODDY DAISY 2,2008,official_vtd_code_and_name_nhgis_blocks,1.0,084 Soddy Daisy 2,2000,822,0.003816433002
high,HAMILTON,003460,084 SODDY DAISY 2,2008,official_vtd_code_and_name_nhgis_blocks,1.0,084 Soddy Daisy 2,2000,822,0.000884979402
high,HAMILTON,003461,084 SODDY DAISY 2,2008,official_vtd_code_and_name_nhgis_blocks,1.0,084 Soddy Daisy 2,2000,822,0.993753162115
high,HAMILTON,003446,144 SODDY DAISY 3,2008,official_vtd_code_and_name_nhgis_blocks,1.0,144 Soddy Daisy 3,2000,824,0.037095409674
high,HAMILTON,003447,144 SODDY DAISY 3,2008,official_vtd_code_and_name_nhgis_blocks,1.0,144 Soddy Daisy 3,2000,824,0.002576647437
high,HAMILTON,003460,144 SODDY DAISY 3,2008,official_vtd_code_and_name_nhgis_blocks,1.0,144 Soddy Daisy 3,2000,824,0.212662852593
high,HAMILTON,003462,144 SODDY DAISY 3,2008,official_vtd_code_and_name_nhgis_blocks,1.0,144 Soddy Daisy 3,2000,824,0.747665090296
high,HAMILTON,003431,148 SODDY DAISY 4,2008,official_vtd_code_and_name_nhgis_blocks,1.0,148 Soddy Daisy 4,2000,853,0.114081947762
high,HAMILTON,003460,148 SODDY DAISY 4,2008,official_vtd_code_and_name_nhgis_blocks,1.0,148 Soddy Daisy 4,2000,853,0.609297373669
high,HAMILTON,003461,148 SODDY DAISY 4,2008,official_vtd_code_and_name_nhgis_blocks,1.0,148 Soddy Daisy 4,2000,853,0.276620678569
high,HAMILTON,003431,165 SODDY DAISY 5,2008,official_vtd_code_and_name_nhgis_blocks,1.0,165 Soddy Daisy 5*,2000,857,0.020231315075
high,HAMILTON,003461,165 SODDY DAISY 5,2008,official_vtd_code_and_name_nhgis_blocks,1.0,165 Soddy Daisy 5*,2000,857,0.979768684925
high,HAMILTON,003353,043 ST ELMO 1,2008,official_vtd_code_and_name_nhgis_blocks,1.0,043 St Elmo 1,2000,752,0.033776748904
high,HAMILTON,003385,043 ST ELMO 1,2008,official_vtd_code_and_name_nhgis_blocks,1.0,043 St Elmo 1,2000,752,0.054059137202
high,HAMILTON,003463,043 ST ELMO 1,2008,official_vtd_code_and_name_nhgis_blocks,1.0,043 St Elmo 1,2000,752,0.912164113894
high,HAMILTON,003463,137 ST ELMO 2,2008,official_vtd_code_and_name_nhgis_blocks,1.0,137 St. Elmo 2,2000,825,0.867255956623
high,HAMILTON,003464,137 ST ELMO 2,2008,official_vtd_code_and_name_nhgis_blocks,1.0,137 St. Elmo 2,2000,825,0.132744043377
high,HAMILTON,003385,138 ST ELMO 3,2008,official_vtd_code_and_name_nhgis_blocks,1.0,138 St. Elmo 3,2000,826,0.116816321382
high,HAMILTON,003420,138 ST ELMO 3,2008,official_vtd_code_and_name_nhgis_blocks,1.0,138 St. Elmo 3,2000,826,0.318113494368
high,HAMILTON,003463,138 ST ELMO 3,2008,official_vtd_code_and_name_nhgis_blocks,1.0,138 St. Elmo 3,2000,826,0.091970845599
high,HAMILTON,003464,138 ST ELMO 3,2008,official_vtd_code_and_name_nhgis_blocks,1.0,138 St. Elmo 3,2000,826,0.473099338651
high,HAMILTON,003463,160 ST ELMO 4,2008,official_vtd_code_and_name_nhgis_blocks,1.0,160 St Elmo 4,2000,856,0.609725414495
high,HAMILTON,003464,160 ST ELMO 4,2008,official_vtd_code_and_name_nhgis_blocks,1.0,160 St Elmo 4,2000,856,0.390274585505
high,HAMILTON,003465,044 STUART HEIGHTS 1,2008,official_vtd_code_and_name_nhgis_blocks,1.0,044 Stuart Heights 1,2000,758,1.0
high,HAMILTON,003422,114 STUART HEIGHTS 2,2008,official_vtd_exact_name_nhgis_blocks,0.95,144 Stuart Heights 2,2000,804,0.995532878489
high,HAMILTON,003449,114 STUART HEIGHTS 2,2008,official_vtd_exact_name_nhgis_blocks,0.95,144 Stuart Heights 2,2000,804,0.000872224047
high,HAMILTON,003450,114 STUART HEIGHTS 2,2008,official_vtd_exact_name_nhgis_blocks,0.95,144 Stuart Heights 2,2000,804,0.003594897465
high,HAMILTON,003466,063 SUMMIT 1,2008,official_vtd_exact_label_code_nhgis_blocks,0.97,063 Summit,2000,829,0.936644663169
high,HAMILTON,003467,063 SUMMIT 1,2008,official_vtd_exact_label_code_nhgis_blocks,0.97,063 Summit,2000,829,0.039772491583
high,HAMILTON,003468,063 SUMMIT 1,2008,official_vtd_exact_label_code_nhgis_blocks,0.97,063 Summit,2000,829,0.023471647667
high,HAMILTON,003469,063 SUMMIT 1,2008,official_vtd_exact_label_code_nhgis_blocks,0.97,063 Summit,2000,829,0.000111197581
high,HAMILTON,003378,166 SUMMIT 2,2008,official_vtd_code_and_name_nhgis_blocks,1.0,166 Summit 2,2000,830,0.003026115337
high,HAMILTON,003407,166 SUMMIT 2,2008,official_vtd_code_and_name_nhgis_blocks,1.0,166 Summit 2,2000,830,0.04730250402
high,HAMILTON,003408,166 SUMMIT 2,2008,official_vtd_code_and_name_nhgis_blocks,1.0,166 Summit 2,2000,830,0.017476597824
high,HAMILTON,003441,166 SUMMIT 2,2008,official_vtd_code_and_name_nhgis_blocks,1.0,166 Summit 2,2000,830,0.347692149103
high,HAMILTON,003442,166 SUMMIT 2,2008,official_vtd_code_and_name_nhgis_blocks,1.0,166 Summit 2,2000,830,0.006569463003
high,HAMILTON,003443,166 SUMMIT 2,2008,official_vtd_code_and_name_nhgis_blocks,1.0,166 Summit 2,2000,830,0.003306027285
high,HAMILTON,003466,166 SUMMIT 2,2008,official_vtd_code_and_name_nhgis_blocks,1.0,166 Summit 2,2000,830,0.000265643987
high,HAMILTON,003467,166 SUMMIT 2,2008,official_vtd_code_and_name_nhgis_blocks,1.0,166 Summit 2,2000,830,0.204328302873
high,HAMILTON,003468,166 SUMMIT 2,2008,official_vtd_code_and_name_nhgis_blocks,1.0,166 Summit 2,2000,830,0.2784278964
high,HAMILTON,003469,166 SUMMIT 2,2008,official_vtd_code_and_name_nhgis_blocks,1.0,166 Summit 2,2000,830,0.091605300169
high,HAMILTON,003396,045 SUNNYSIDE,2008,official_vtd_code_and_name_nhgis_blocks,1.0,045 Sunnyside,2000,794,0.390088977312
high,HAMILTON,003397,045 SUNNYSIDE,2008,official_vtd_code_and_name_nhgis_blocks,1.0,045 Sunnyside,2000,794,0.141034114861
high,HAMILTON,003426,045 SUNNYSIDE,2008,official_vtd_code_and_name_nhgis_blocks,1.0,045 Sunnyside,2000,794,0.468876907827
high,HAMILTON,003377,046 TYNER 1,2008,official_vtd_code_and_name_nhgis_blocks,1.0,046 Tyner 1,2000,742,0.150329953353
high,HAMILTON,003469,046 TYNER 1,2008,official_vtd_code_and_name_nhgis_blocks,1.0,046 Tyner 1,2000,742,0.763626984175
high,HAMILTON,003470,046 TYNER 1,2008,official_vtd_code_and_name_nhgis_blocks,1.0,046 Tyner 1,2000,742,0.086043062472
high,HAMILTON,003416,097 TYNER 2,2008,official_vtd_code_and_name_nhgis_blocks,1.0,097 Tyner 2,2000,741,0.138155976662
high,HAMILTON,003469,097 TYNER 2,2008,official_vtd_code_and_name_nhgis_blocks,1.0,097 Tyner 2,2000,741,0.738555131548
high,HAMILTON,003470,097 TYNER 2,2008,official_vtd_code_and_name_nhgis_blocks,1.0,097 Tyner 2,2000,741,0.12328889179
high,HAMILTON,003469,130 TYNER 4,2008,official_vtd_code_and_name_nhgis_blocks,1.0,130 Tyner 4,2000,828,1.0
high,HAMILTON,003428,085 VALDEAU,2008,official_vtd_code_and_name_nhgis_blocks,1.0,085 Valdeau,2000,813,0.048123865133
high,HAMILTON,003429,085 VALDEAU,2008,official_vtd_code_and_name_nhgis_blocks,1.0,085 Valdeau,2000,813,0.024888271958
high,HAMILTON,003456,085 VALDEAU,2008,official_vtd_code_and_name_nhgis_blocks,1.0,085 Valdeau,2000,813,0.001245218521
high,HAMILTON,003471,085 VALDEAU,2008,official_vtd_code_and_name_nhgis_blocks,1.0,085 Valdeau,2000,813,0.92440293575
high,HAMILTON,003472,085 VALDEAU,2008,official_vtd_code_and_name_nhgis_blocks,1.0,085 Valdeau,2000,813,0.001339708638
high,HAMILTON,003401,086 WALDEN,2008,official_vtd_code_and_name_nhgis_blocks,1.0,086 Walden,2000,852,0.011903339401
high,HAMILTON,003457,086 WALDEN,2008,official_vtd_code_and_name_nhgis_blocks,1.0,086 Walden,2000,852,0.000917818511
high,HAMILTON,003471,086 WALDEN,2008,official_vtd_code_and_name_nhgis_blocks,1.0,086 Walden,2000,852,0.001708493254
high,HAMILTON,003472,086 WALDEN,2008,official_vtd_code_and_name_nhgis_blocks,1.0,086 Walden,2000,852,0.985470348833
high,HAMILTON,003473,064 WESTVIEW 1,2008,official_vtd_code_and_name_nhgis_blocks,1.0,064 Westview 1,2000,836,1.0
high,HAMILTON,003388,091 WESTVIEW 2,2008,official_vtd_code_and_name_nhgis_blocks,1.0,091 Westview 2,2000,792,0.002135537103
high,HAMILTON,003473,091 WESTVIEW 2,2008,official_vtd_code_and_name_nhgis_blocks,1.0,091 Westview 2,2000,792,0.008961968124
high,HAMILTON,003474,091 WESTVIEW 2,2008,official_vtd_code_and_name_nhgis_blocks,1.0,091 Westview 2,2000,792,0.988902494773
high,HAMILTON,003387,096 WESTVIEW 3,2008,official_vtd_code_and_name_nhgis_blocks,1.0,096 Westview 3,2000,791,0.005539470948
high,HAMILTON,003475,096 WESTVIEW 3,2008,official_vtd_code_and_name_nhgis_blocks,1.0,096 Westview 3,2000,791,0.994460529052
high,HAMILTON,003396,049 WOODMORE,2008,official_vtd_code_and_name_nhgis_blocks,1.0,049 Woodmore,2000,737,0.012382241472
high,HAMILTON,003476,049 WOODMORE,2008,official_vtd_code_and_name_nhgis_blocks,1.0,049 Woodmore,2000,737,0.987617758528
high,HANCOCK,000001,1ST,2008,official_vtd_code_and_name_nhgis_blocks,1.0,1st,2000,2160,1.0
high,HANCOCK,000001,2ND,2008,official_vtd_code_and_name_nhgis_blocks,1.0,2nd,2000,860,0.000445302404
high,HANCOCK,000002,2ND,2008,official_vtd_code_and_name_nhgis_blocks,1.0,2nd,2000,860,0.987082401075
high,HANCOCK,000003,2ND,2008,official_vtd_code_and_name_nhgis_blocks,1.0,2nd,2000,860,0.011842008184
high,HANCOCK,003818,2ND,2008,official_vtd_code_and_name_nhgis_blocks,1.0,2nd,2000,860,0.000630288336
high,HANCOCK,000003,3RD,2008,official_vtd_code_and_name_nhgis_blocks,1.0,3rd,2000,862,1.0
high,HANCOCK,000004,4TH,2008,official_vtd_code_and_name_nhgis_blocks,1.0,4th,2000,863,1.0
high,HANCOCK,000005,5TH,2008,official_vtd_code_and_name_nhgis_blocks,1.0,5th,2000,864,1.0
high,HANCOCK,000003,6TH,2008,official_vtd_code_and_name_nhgis_blocks,1.0,6th,2000,861,0.121045461773
high,HANCOCK,000006,6TH,2008,official_vtd_code_and_name_nhgis_blocks,1.0,6th,2000,861,0.586361114958
high,HANCOCK,000007,6TH,2008,official_vtd_code_and_name_nhgis_blocks,1.0,6th,2000,861,0.292593423269
high,HANCOCK,000007,7TH,2008,official_vtd_code_and_name_nhgis_blocks,1.0,7th,2000,2159,1.0
high,HARDEMAN,003602,WEST BOLIVAR,2008,official_vtd_exact_name_nhgis_blocks,0.95,West Bolivar,2000,868,0.089513359778
high,HARDEMAN,003604,WEST BOLIVAR,2008,official_vtd_exact_name_nhgis_blocks,0.95,West Bolivar,2000,868,0.910486640222
high,HARDEMAN,003601,BOLIVAR,2008,official_vtd_exact_name_nhgis_blocks,0.95,Bolivar,2000,866,0.988824928681
high,HARDEMAN,003604,BOLIVAR,2008,official_vtd_exact_name_nhgis_blocks,0.95,Bolivar,2000,866,0.011133168603
high,HARDEMAN,003610,BOLIVAR,2008,official_vtd_exact_name_nhgis_blocks,0.95,Bolivar,2000,866,4.1902716e-05
high,HARDEMAN,003602,WHITEVILLE,2008,official_vtd_exact_name_nhgis_blocks,0.95,Whiteville,2000,872,0.073236151589
high,HARDEMAN,003603,WHITEVILLE,2008,official_vtd_exact_name_nhgis_blocks,0.95,Whiteville,2000,872,0.425539467294
high,HARDEMAN,003604,WHITEVILLE,2008,official_vtd_exact_name_nhgis_blocks,0.95,Whiteville,2000,872,0.501224381117
high,HARDEMAN,003602,HICKORY VALLEY,2008,official_vtd_exact_name_nhgis_blocks,0.95,Hickory Valley,2000,867,1.0
high,HARDEMAN,003613,GRAND JUNCTION,2008,official_vtd_exact_name_nhgis_blocks,0.95,Grand Junction,2000,871,1.0
high,HARDEMAN,003612,SAULSBURY,2008,official_vtd_exact_name_nhgis_blocks,0.95,Saulsbury,2000,865,1.0
high,HARDEMAN,003605,MIDDLETON,2008,official_vtd_exact_name_nhgis_blocks,0.95,Middleton,2000,876,1.0
high,HARDEMAN,003611,POCAHONTAS,2008,official_vtd_exact_name_nhgis_blocks,0.95,Pocahontas,2000,874,1.0
high,HARDEMAN,003606,LACY,2008,official_vtd_exact_name_nhgis_blocks,0.95,Lacy,2000,875,1.0
high,HARDEMAN,003609,HORNSBY,2008,official_vtd_exact_name_nhgis_blocks,0.95,Hornsby,2000,873,1.0
high,HARDEMAN,003607,SILERTON,2008,official_vtd_exact_name_nhgis_blocks,0.95,Silerton,2000,869,1.0
high,HARDEMAN,003601,CAMPBELL CHAPEL,2008,official_vtd_exact_name_nhgis_blocks,0.95,Campbell Chapel,2000,870,0.014286037558
high,HARDEMAN,003610,CAMPBELL CHAPEL,2008,official_vtd_exact_name_nhgis_blocks,0.95,Campbell Chapel,2000,870,0.985713962442
high,HARDEMAN,003604,TOONE,2008,official_vtd_exact_name_nhgis_blocks,0.95,Toone,2000,877,0.145260727935
high,HARDEMAN,003608,TOONE,2008,official_vtd_exact_name_nhgis_blocks,0.95,Toone,2000,877,0.854739272065
medium,HARDIN,003717,MORRIS CHAPEL 5 2,2008,official_vtd_fuzzy_name_nhgis_blocks,0.78,5 Morris Chapel,2000,894,1.0
high,HAWKINS,003808,3 CARTER S VALLEY,2008,official_vtd_code_and_name_nhgis_blocks,1.0,3 Carter's Valley,2000,903,1.0
high,HAWKINS,003813,6 CHOPTACK,2008,official_vtd_code_and_name_nhgis_blocks,1.0,6 Choptack,2000,908,0.997863464611
high,HAWKINS,003814,6 CHOPTACK,2008,official_vtd_code_and_name_nhgis_blocks,1.0,6 Choptack,2000,908,0.002124379383
high,HAWKINS,003817,6 CHOPTACK,2008,official_vtd_code_and_name_nhgis_blocks,1.0,6 Choptack,2000,908,1.2156006e-05
high,HAWKINS,003818,6 CLINCH,2008,official_vtd_code_and_name_nhgis_blocks,1.0,6 Clinch,2000,913,1.0
high,HAWKINS,003805,4 DYKES,2008,official_vtd_code_and_name_nhgis_blocks,1.0,4 Dykes,2000,900,1.0
high,HAWKINS,003803,2 MCPHEETER S BEND,2008,official_vtd_code_and_name_nhgis_blocks,1.0,2 McPheeter's Bend,2000,898,1.0
high,HAWKINS,003817,6 MOORESBURG,2008,official_vtd_code_and_name_nhgis_blocks,1.0,6 Mooresburg,2000,912,1.0
high,HAWKINS,003805,1 MOUNT CARMEL,2008,official_vtd_code_and_name_nhgis_blocks,1.0,1 Mount Carmel,2000,904,0.023660924717
high,HAWKINS,003808,1 MOUNT CARMEL,2008,official_vtd_code_and_name_nhgis_blocks,1.0,1 Mount Carmel,2000,904,0.002162706788
high,HAWKINS,003809,1 MOUNT CARMEL,2008,official_vtd_code_and_name_nhgis_blocks,1.0,1 Mount Carmel,2000,904,0.967856980738
high,HAWKINS,003824,1 MOUNT CARMEL,2008,official_vtd_code_and_name_nhgis_blocks,1.0,1 Mount Carmel,2000,904,0.006319387757
high,HAWKINS,003816,7 ST CLAIR,2008,official_vtd_code_and_name_nhgis_blocks,1.0,7 St. Clair,2000,911,1.0
high,HAWKINS,003806,4 UPPER BEECH,2008,official_vtd_code_and_name_nhgis_blocks,1.0,4 Upper Beech,2000,901,1.0
high,HAWKINS,003808,3 WALLACE,2008,official_vtd_code_and_name_nhgis_blocks,1.0,3 Wallace,2000,906,0.001163044866
high,HAWKINS,003811,3 WALLACE,2008,official_vtd_code_and_name_nhgis_blocks,1.0,3 Wallace,2000,906,0.998475206243
high,HAWKINS,003825,3 WALLACE,2008,official_vtd_code_and_name_nhgis_blocks,1.0,3 Wallace,2000,906,0.000361748891
high,HAWKINS,003819,3 WATTERSON,2008,official_vtd_code_and_name_nhgis_blocks,1.0,3 Watterson,2000,914,1.0
high,HAYWOOD,003904,CITY HALL,2008,official_vtd_exact_name_nhgis_blocks,0.95,01 City hall,2000,928,1.0
high,HAYWOOD,003901,COURTHOUSE,2008,official_vtd_exact_name_nhgis_blocks,0.95,03 Courthouse,2000,925,0.007667000058
high,HAYWOOD,003903,COURTHOUSE,2008,official_vtd_exact_name_nhgis_blocks,0.95,03 Courthouse,2000,925,0.992332999942
high,HAYWOOD,003906,FORKED DEER,2008,official_vtd_exact_name_nhgis_blocks,0.95,05 Forked Deer,2000,923,1.0
high,HAYWOOD,003906,TIBBS,2008,official_vtd_exact_name_nhgis_blocks,0.95,06 Tibbs,2000,919,1.0
high,HAYWOOD,003915,HOLLY GROVE,2008,official_vtd_exact_name_nhgis_blocks,0.95,08 Holly Grove,2000,918,1.0
high,HAYWOOD,003903,SUNNY HILL SCHOOL,2008,official_vtd_exact_name_nhgis_blocks,0.95,09 Sunny Hill School,2000,927,0.000113962892
high,HAYWOOD,003912,SUNNY HILL SCHOOL,2008,official_vtd_exact_name_nhgis_blocks,0.95,09 Sunny Hill School,2000,927,0.94884847825
high,HAYWOOD,003914,SUNNY HILL SCHOOL,2008,official_vtd_exact_name_nhgis_blocks,0.95,09 Sunny Hill School,2000,927,0.051037558858
high,HAYWOOD,003903,UNION,2008,official_vtd_exact_name_nhgis_blocks,0.95,10 Union,2000,924,0.068143231139
high,HAYWOOD,003912,UNION,2008,official_vtd_exact_name_nhgis_blocks,0.95,10 Union,2000,924,0.931856768861
medium,HAYWOOD,003913,DOUGLAS,2008,official_vtd_fuzzy_name_nhgis_blocks,0.84,11 Douglass,2000,931,1.0
high,HAYWOOD,003913,KOKO,2008,official_vtd_exact_name_nhgis_blocks,0.95,12 Koko,2000,932,1.0
high,HAYWOOD,003910,STANTON CITY HALL,2008,official_vtd_exact_name_nhgis_blocks,0.95,13 Stanton City Hall,2000,930,1.0
medium,HAYWOOD,003914,COLLEGE HILL CAFETER,2008,official_vtd_fuzzy_name_nhgis_blocks,0.8571,14 College Hill Cafeteria,2000,929,1.0
high,HAYWOOD,003905,HAYWOOD JUNIOR HIGH,2008,official_vtd_exact_name_nhgis_blocks,0.95,15 Haywood Junior High,2000,922,1.0
high,HENDERSON,004001,1 1 BARGERTON,2008,official_vtd_code_and_name_nhgis_blocks,1.0,1-1 Bargerton,2000,933,1.0
high,HENDERSON,004002,1 2 BEAVER,2008,official_vtd_code_and_name_nhgis_blocks,1.0,1-2 Beaver,2000,934,0.992849747957
high,HENDERSON,004006,1 2 BEAVER,2008,official_vtd_code_and_name_nhgis_blocks,1.0,1-2 Beaver,2000,934,0.000235943502
high,HENDERSON,004011,1 2 BEAVER,2008,official_vtd_code_and_name_nhgis_blocks,1.0,1-2 Beaver,2000,934,0.006914308541
high,HENDERSON,004008,3 3 FIRE STATION 4,2008,official_vtd_exact_label_code_nhgis_blocks,0.97,3-3 Darden,2000,940,1.0
high,HENDERSON,004006,4 6 CIVIC CENTER,2008,official_vtd_exact_name_nhgis_blocks,0.95,4-1 Civic Center,2000,943,0.000310903837
high,HENDERSON,004007,4 6 CIVIC CENTER,2008,official_vtd_exact_name_nhgis_blocks,0.95,4-1 Civic Center,2000,943,0.000712493609
high,HENDERSON,004011,4 6 CIVIC CENTER,2008,official_vtd_exact_name_nhgis_blocks,0.95,4-1 Civic Center,2000,943,0.998976602554
high,HENDERSON,004008,3 7 DARDEN,2008,official_vtd_exact_name_nhgis_blocks,0.95,3-3 Darden,2000,940,1.0
high,HENDERSON,004003,6 8 HIGH SCHOOL,2008,official_vtd_exact_name_nhgis_blocks,0.95,6-1 High School,2000,935,0.982041599261
high,HENDERSON,004011,6 8 HIGH SCHOOL,2008,official_vtd_exact_name_nhgis_blocks,0.95,6-1 High School,2000,935,0.017958400739
high,HENDERSON,004014,7 9 MIDDLEBURG,2008,official_vtd_exact_name_nhgis_blocks,0.95,7-1 Middleburg,2000,946,1.0
high,HENDERSON,004010,7 11 REAGAN,2008,official_vtd_exact_name_nhgis_blocks,0.95,7-2 Reagan,2000,942,1.0
high,HENDERSON,004015,7 12 SARDIS,2008,official_vtd_exact_name_nhgis_blocks,0.95,7-4 Sardis,2000,947,1.0
high,HENDERSON,004009,7 13 SCOTTS HILL,2008,official_vtd_exact_name_nhgis_blocks,0.95,7-3 Scotts Hill,2000,941,1.0
high,HENDERSON,004004,2 14 SOUTH HAVEN,2008,official_vtd_exact_name_nhgis_blocks,0.95,2-2 South Haven,2000,945,0.062602533549
high,HENDERSON,004013,2 14 SOUTH HAVEN,2008,official_vtd_exact_name_nhgis_blocks,0.95,2-2 South Haven,2000,945,0.937397466451
high,HENDERSON,004005,2 15 WESTOVER,2008,official_vtd_exact_name_nhgis_blocks,0.95,2-1 Westover,2000,937,1.0
high,HENRY,004101,1 1 PURYEAR,2008,official_vtd_code_and_name_nhgis_blocks,1.0,1-1 Puryear,2000,949,1.0
high,HENRY,004106,1 2 COTTAGE GROVE,2008,official_vtd_code_and_name_nhgis_blocks,1.0,1-2 Cottage Grove,2000,950,1.0
high,HENRY,004103,1 3 BUCHANAN,2008,official_vtd_code_and_name_nhgis_blocks,1.0,1-3 Buchanan,2000,951,0.143620465339
high,HENRY,004107,1 3 BUCHANAN,2008,official_vtd_code_and_name_nhgis_blocks,1.0,1-3 Buchanan,2000,951,0.821377148292
high,HENRY,004112,1 3 BUCHANAN,2008,official_vtd_code_and_name_nhgis_blocks,1.0,1-3 Buchanan,2000,951,0.035002386369
high,HENRY,000809,2 1 HENRY,2008,official_vtd_code_and_name_nhgis_blocks,1.0,2-1 Henry,2000,957,0.004206350547
high,HENRY,000818,2 1 HENRY,2008,official_vtd_code_and_name_nhgis_blocks,1.0,2-1 Henry,2000,957,0.005533591226
high,HENRY,004102,2 1 HENRY,2008,official_vtd_code_and_name_nhgis_blocks,1.0,2-1 Henry,2000,957,0.000862985111
high,HENRY,004105,2 1 HENRY,2008,official_vtd_code_and_name_nhgis_blocks,1.0,2-1 Henry,2000,957,0.016567926245
high,HENRY,004108,2 1 HENRY,2008,official_vtd_code_and_name_nhgis_blocks,1.0,2-1 Henry,2000,957,0.962630186816
high,HENRY,004110,2 1 HENRY,2008,official_vtd_code_and_name_nhgis_blocks,1.0,2-1 Henry,2000,957,0.010198960056
high,HENRY,000206,2 2 MANSFIELD,2008,official_vtd_code_and_name_nhgis_blocks,1.0,2-2 Mansfield,2000,960,5.219925e-06
high,HENRY,004102,2 2 MANSFIELD,2008,official_vtd_code_and_name_nhgis_blocks,1.0,2-2 Mansfield,2000,960,0.650921265684
high,HENRY,004113,2 2 MANSFIELD,2008,official_vtd_code_and_name_nhgis_blocks,1.0,2-2 Mansfield,2000,960,0.34907351439
high,HENRY,004102,2 3 OAKLAND,2008,official_vtd_code_and_name_nhgis_blocks,1.0,2-3 Oakland,2000,956,0.524110688517
high,HENRY,004105,2 3 OAKLAND,2008,official_vtd_code_and_name_nhgis_blocks,1.0,2-3 Oakland,2000,956,0.023340045021
high,HENRY,004113,2 3 OAKLAND,2008,official_vtd_code_and_name_nhgis_blocks,1.0,2-3 Oakland,2000,956,0.452549266462
high,HENRY,004112,3 1 RUSSWOOD,2008,official_vtd_code_and_name_nhgis_blocks,1.0,3-1 Russwood,2000,952,1.0
high,HENRY,004103,3 2 SPRINGVILLE,2008,official_vtd_code_and_name_nhgis_blocks,1.0,3-2 Springville,2000,955,0.215779896985
high,HENRY,004111,3 2 SPRINGVILLE,2008,official_vtd_code_and_name_nhgis_blocks,1.0,3-2 Springville,2000,955,0.610501279179
high,HENRY,004113,3 2 SPRINGVILLE,2008,official_vtd_code_and_name_nhgis_blocks,1.0,3-2 Springville,2000,955,0.173718823836
high,HENRY,004103,3 3 LAKEWOOD,2008,official_vtd_exact_label_code_nhgis_blocks,0.97,3-3 Jones Chapel,2000,953,0.879054466105
high,HENRY,004105,3 3 LAKEWOOD,2008,official_vtd_exact_label_code_nhgis_blocks,0.97,3-3 Jones Chapel,2000,953,0.0373947089
high,HENRY,004113,3 3 LAKEWOOD,2008,official_vtd_exact_label_code_nhgis_blocks,0.97,3-3 Jones Chapel,2000,953,0.083550824995
high,HENRY,004103,5 1 HENRY CO HIGH,2008,official_vtd_exact_label_code_nhgis_blocks,0.97,5-1 Henry County High School,2000,954,0.017665834817
high,HENRY,004104,5 1 HENRY CO HIGH,2008,official_vtd_exact_label_code_nhgis_blocks,0.97,5-1 Henry County High School,2000,954,0.143988720674
high,HENRY,004105,5 1 HENRY CO HIGH,2008,official_vtd_exact_label_code_nhgis_blocks,0.97,5-1 Henry County High School,2000,954,0.838345444509
high,HENRY,004105,5 2 TN TECH CENTER,2008,official_vtd_exact_label_code_nhgis_blocks,0.97,5-2 Vocational School,2000,958,0.003788811139
high,HENRY,004109,5 2 TN TECH CENTER,2008,official_vtd_exact_label_code_nhgis_blocks,0.97,5-2 Vocational School,2000,958,0.996211188861
high,HICKMAN,004212,1 1 ONLY,2008,official_vtd_code_and_name_nhgis_blocks,1.0,01-1 Only,2000,967,1.0
high,HICKMAN,004205,1 2 NUNNELLY,2008,official_vtd_code_and_name_nhgis_blocks,1.0,01-2 Nunnelly,2000,968,0.000108637162
high,HICKMAN,004209,1 2 NUNNELLY,2008,official_vtd_code_and_name_nhgis_blocks,1.0,01-2 Nunnelly,2000,968,0.001824330773
high,HICKMAN,004212,1 2 NUNNELLY,2008,official_vtd_code_and_name_nhgis_blocks,1.0,01-2 Nunnelly,2000,968,0.622957877203
high,HICKMAN,004213,1 2 NUNNELLY,2008,official_vtd_code_and_name_nhgis_blocks,1.0,01-2 Nunnelly,2000,968,0.305789864253
high,HICKMAN,004214,1 2 NUNNELLY,2008,official_vtd_code_and_name_nhgis_blocks,1.0,01-2 Nunnelly,2000,968,0.06931929061
high,HICKMAN,004201,1 3 PINEWOOD,2008,official_vtd_code_and_name_nhgis_blocks,1.0,01-3 Pinewood,2000,971,0.691528385366
high,HICKMAN,004212,1 3 PINEWOOD,2008,official_vtd_code_and_name_nhgis_blocks,1.0,01-3 Pinewood,2000,971,0.308471614634
high,HICKMAN,004201,2 1 PINEWOOD II,2008,official_vtd_exact_label_code_nhgis_blocks,0.97,02-1 Pinewood,2000,969,0.45135406906
high,HICKMAN,004205,2 1 PINEWOOD II,2008,official_vtd_exact_label_code_nhgis_blocks,0.97,02-1 Pinewood,2000,969,0.54864593094
high,HICKMAN,004205,2 2 FAIRFIELD,2008,official_vtd_code_and_name_nhgis_blocks,1.0,02-2 Fairfield,2000,972,1.0
high,HICKMAN,004204,2 3 EAST BANK,2008,official_vtd_code_and_name_nhgis_blocks,1.0,02-3 East Bank,2000,975,1.0
high,HICKMAN,004201,3 1 EAST CC,2008,official_vtd_exact_label_code_nhgis_blocks,0.97,03-1 East Community Center,2000,973,0.21660569237
high,HICKMAN,004202,3 1 EAST CC,2008,official_vtd_exact_label_code_nhgis_blocks,0.97,03-1 East Community Center,2000,973,0.78339430763
high,HICKMAN,004202,4 1 LAKE BENSON,2008,official_vtd_exact_label_code_nhgis_blocks,0.97,04-1 Lake Benson Camp,2000,974,0.008552921494
high,HICKMAN,004203,4 1 LAKE BENSON,2008,official_vtd_exact_label_code_nhgis_blocks,0.97,04-1 Lake Benson Camp,2000,974,0.876120378833
high,HICKMAN,004204,4 1 LAKE BENSON,2008,official_vtd_exact_label_code_nhgis_blocks,0.97,04-1 Lake Benson Camp,2000,974,0.065149448634
high,HICKMAN,004206,4 1 LAKE BENSON,2008,official_vtd_exact_label_code_nhgis_blocks,0.97,04-1 Lake Benson Camp,2000,974,0.050177251039
high,HICKMAN,004206,5 1 MT PLEASANT,2008,official_vtd_code_and_name_nhgis_blocks,1.0,05-1 Mt. Pleasant,2000,977,0.779614025658
high,HICKMAN,004208,5 1 MT PLEASANT,2008,official_vtd_code_and_name_nhgis_blocks,1.0,05-1 Mt. Pleasant,2000,977,0.220385974342
high,HICKMAN,004207,5 2 MIDDLE SCHOOL,2008,official_vtd_code_and_name_nhgis_blocks,1.0,05-2 Middle School,2000,976,0.983517505852
high,HICKMAN,004209,5 2 MIDDLE SCHOOL,2008,official_vtd_code_and_name_nhgis_blocks,1.0,05-2 Middle School,2000,976,0.016482494148
high,HICKMAN,004208,5 3 SHADY GROVE,2008,official_vtd_code_and_name_nhgis_blocks,1.0,05-3 Shady Grove,2000,963,0.890228096015
high,HICKMAN,004210,5 3 SHADY GROVE,2008,official_vtd_code_and_name_nhgis_blocks,1.0,05-3 Shady Grove,2000,963,0.102927805716
high,HICKMAN,005962,5 3 SHADY GROVE,2008,official_vtd_code_and_name_nhgis_blocks,1.0,05-3 Shady Grove,2000,963,0.006844098269
high,HICKMAN,004207,5 4 ARMORY,2008,official_vtd_code_and_name_nhgis_blocks,1.0,05-4 Armory,2000,962,0.366040570089
high,HICKMAN,004208,5 4 ARMORY,2008,official_vtd_code_and_name_nhgis_blocks,1.0,05-4 Armory,2000,962,0.5115829508
high,HICKMAN,004209,5 4 ARMORY,2008,official_vtd_code_and_name_nhgis_blocks,1.0,05-4 Armory,2000,962,0.078821217545
high,HICKMAN,004210,5 4 ARMORY,2008,official_vtd_code_and_name_nhgis_blocks,1.0,05-4 Armory,2000,962,0.043555261566
high,HICKMAN,004205,6 1 SENIOR HIGH,2008,official_vtd_code_and_name_nhgis_blocks,1.0,06-1 Senior High,2000,970,0.00024703455
high,HICKMAN,004207,6 1 SENIOR HIGH,2008,official_vtd_code_and_name_nhgis_blocks,1.0,06-1 Senior High,2000,970,0.161841253986
high,HICKMAN,004209,6 1 SENIOR HIGH,2008,official_vtd_code_and_name_nhgis_blocks,1.0,06-1 Senior High,2000,970,0.836625419444
high,HICKMAN,004213,6 1 SENIOR HIGH,2008,official_vtd_code_and_name_nhgis_blocks,1.0,06-1 Senior High,2000,970,0.00128629202
high,HICKMAN,004207,6 2 CENTERVILLE ELE,2008,official_vtd_exact_label_code_nhgis_blocks,0.97,06-2 Centerville Elementary,2000,966,0.006844953005
high,HICKMAN,004209,6 2 CENTERVILLE ELE,2008,official_vtd_exact_label_code_nhgis_blocks,0.97,06-2 Centerville Elementary,2000,966,0.993098507878
high,HICKMAN,004213,6 2 CENTERVILLE ELE,2008,official_vtd_exact_label_code_nhgis_blocks,0.97,06-2 Centerville Elementary,2000,966,5.6539117e-05
high,HICKMAN,004209,7 1 COBLE,2008,official_vtd_code_and_name_nhgis_blocks,1.0,07-1 Coble,2000,965,0.005222949557
high,HICKMAN,004210,7 1 COBLE,2008,official_vtd_code_and_name_nhgis_blocks,1.0,07-1 Coble,2000,965,0.078547800098
high,HICKMAN,004211,7 1 COBLE,2008,official_vtd_code_and_name_nhgis_blocks,1.0,07-1 Coble,2000,965,0.156174932765
high,HICKMAN,004213,7 1 COBLE,2008,official_vtd_code_and_name_nhgis_blocks,1.0,07-1 Coble,2000,965,0.015160931845
high,HICKMAN,004214,7 1 COBLE,2008,official_vtd_code_and_name_nhgis_blocks,1.0,07-1 Coble,2000,965,0.744893385736
high,HICKMAN,004210,7 2 PLEASANTVILLE,2008,official_vtd_code_and_name_nhgis_blocks,1.0,07-2 Pleasantville,2000,964,0.02072393491
high,HICKMAN,004211,7 2 PLEASANTVILLE,2008,official_vtd_code_and_name_nhgis_blocks,1.0,07-2 Pleasantville,2000,964,0.97906146646
high,HICKMAN,004214,7 2 PLEASANTVILLE,2008,official_vtd_code_and_name_nhgis_blocks,1.0,07-2 Pleasantville,2000,964,0.00021459863
high,HICKMAN,004210,7 3 BRUSHY,2008,official_vtd_code_and_name_nhgis_blocks,1.0,07-3 Brushy,2000,961,0.976810374783
high,HICKMAN,004211,7 3 BRUSHY,2008,official_vtd_code_and_name_nhgis_blocks,1.0,07-3 Brushy,2000,961,0.000144232892
high,HICKMAN,004214,7 3 BRUSHY,2008,official_vtd_code_and_name_nhgis_blocks,1.0,07-3 Brushy,2000,961,0.023040019059
high,HICKMAN,005962,7 3 BRUSHY,2008,official_vtd_code_and_name_nhgis_blocks,1.0,07-3 Brushy,2000,961,5.373266e-06
high,HICKMAN,004209,7 4 ARMORY,2008,official_vtd_code_and_name_nhgis_blocks,1.0,07-4 Armory,2000,978,0.134260943333
high,HICKMAN,004210,7 4 ARMORY,2008,official_vtd_code_and_name_nhgis_blocks,1.0,07-4 Armory,2000,978,0.788317397701
high,HICKMAN,004213,7 4 ARMORY,2008,official_vtd_code_and_name_nhgis_blocks,1.0,07-4 Armory,2000,978,0.077421658966
high,HOUSTON,004302,ERIN CITY HALL,2008,official_vtd_exact_name_nhgis_blocks,0.95,Erin City Hall,2000,982,0.001353403409
high,HOUSTON,004303,ERIN CITY HALL,2008,official_vtd_exact_name_nhgis_blocks,0.95,Erin City Hall,2000,982,0.949586377871
high,HOUSTON,004306,ERIN CITY HALL,2008,official_vtd_exact_name_nhgis_blocks,0.95,Erin City Hall,2000,982,0.04906021872
high,HUMPHREYS,004402,1 1 FOUR SEASONS,2008,official_vtd_exact_label_code_nhgis_blocks,0.97,1-1 Jera Building,2000,987,0.094013789988
high,HUMPHREYS,004408,1 1 FOUR SEASONS,2008,official_vtd_exact_label_code_nhgis_blocks,0.97,1-1 Jera Building,2000,987,0.905986210012
high,HUMPHREYS,004403,1 2 ARMORY,2008,official_vtd_code_and_name_nhgis_blocks,1.0,1-2 Armory,2000,988,0.001850938102
high,HUMPHREYS,004404,1 2 ARMORY,2008,official_vtd_code_and_name_nhgis_blocks,1.0,1-2 Armory,2000,988,0.998149061898
high,HUMPHREYS,004401,2 3 JUNIOR HIGH SCH,2008,official_vtd_exact_label_code_nhgis_blocks,0.97,2-3 Junior High School,2000,990,1.0
high,HUMPHREYS,004401,3 4 MLEC,2008,official_vtd_code_and_name_nhgis_blocks,1.0,3-4 MLEC,2000,989,0.001264053341
high,HUMPHREYS,004403,3 4 MLEC,2008,official_vtd_code_and_name_nhgis_blocks,1.0,3-4 MLEC,2000,989,0.942395085144
high,HUMPHREYS,004404,3 4 MLEC,2008,official_vtd_code_and_name_nhgis_blocks,1.0,3-4 MLEC,2000,989,0.053904171148
high,HUMPHREYS,004405,3 4 MLEC,2008,official_vtd_code_and_name_nhgis_blocks,1.0,3-4 MLEC,2000,989,0.002436690367
high,HUMPHREYS,004402,4 5 FUMC,2008,official_vtd_code_and_name_nhgis_blocks,1.0,4-5 FUMC,2000,986,0.934153957131
high,HUMPHREYS,004405,4 5 FUMC,2008,official_vtd_code_and_name_nhgis_blocks,1.0,4-5 FUMC,2000,986,0.065837623748
high,HUMPHREYS,004408,4 5 FUMC,2008,official_vtd_code_and_name_nhgis_blocks,1.0,4-5 FUMC,2000,986,8.419121e-06
high,HUMPHREYS,004405,5 6 AG CENTER,2008,official_vtd_code_and_name_nhgis_blocks,1.0,5-6 Ag Center,2000,991,1.0
high,HUMPHREYS,004405,5 7 BUFFALO,2008,official_vtd_code_and_name_nhgis_blocks,1.0,5-7 Buffalo,2000,993,1.0
high,HUMPHREYS,004405,6 8 SOUTH MCEWEN,2008,official_vtd_code_and_name_nhgis_blocks,1.0,6-8 South McEwen,2000,992,0.081813861102
high,HUMPHREYS,004406,6 8 SOUTH MCEWEN,2008,official_vtd_code_and_name_nhgis_blocks,1.0,6-8 South McEwen,2000,992,0.918186138898
high,HUMPHREYS,004404,7 9 NORTH MCEWEN,2008,official_vtd_code_and_name_nhgis_blocks,1.0,7-9 North McEwen,2000,994,0.014363590622
high,HUMPHREYS,004406,7 9 NORTH MCEWEN,2008,official_vtd_code_and_name_nhgis_blocks,1.0,7-9 North McEwen,2000,994,0.003756035724
high,HUMPHREYS,004407,7 9 NORTH MCEWEN,2008,official_vtd_code_and_name_nhgis_blocks,1.0,7-9 North McEwen,2000,994,0.981880373654
high,JACKSON,004507,1 1,2008,official_vtd_code_and_name_nhgis_blocks,1.0,1-1,2000,1003,0.998776370887
high,JACKSON,004508,1 1,2008,official_vtd_code_and_name_nhgis_blocks,1.0,1-1,2000,1003,0.001223629113
high,JACKSON,004508,1 2,2008,official_vtd_code_and_name_nhgis_blocks,1.0,1-2,2000,1005,1.0
high,JACKSON,004507,1 3,2008,official_vtd_code_and_name_nhgis_blocks,1.0,1-3,2000,1004,0.008424770053
high,JACKSON,004508,1 3,2008,official_vtd_code_and_name_nhgis_blocks,1.0,1-3,2000,1004,0.991575229947
high,JACKSON,004507,2 1,2008,official_vtd_code_and_name_nhgis_blocks,1.0,2-1,2000,1006,0.043356728984
high,JACKSON,004509,2 1,2008,official_vtd_code_and_name_nhgis_blocks,1.0,2-1,2000,1006,0.956643271016
high,JACKSON,004502,2 2,2008,official_vtd_code_and_name_nhgis_blocks,1.0,2-2,2000,996,0.993253892115
high,JACKSON,004508,2 2,2008,official_vtd_code_and_name_nhgis_blocks,1.0,2-2,2000,996,0.006746107885
high,JACKSON,004504,3 1,2008,official_vtd_code_and_name_nhgis_blocks,1.0,3-1,2000,998,0.989755391156
high,JACKSON,004507,3 1,2008,official_vtd_code_and_name_nhgis_blocks,1.0,3-1,2000,998,0.010244608844
high,JACKSON,004510,3 2,2008,official_vtd_code_and_name_nhgis_blocks,1.0,3-2,2000,1008,1.0
high,JACKSON,004511,4 1,2008,official_vtd_code_and_name_nhgis_blocks,1.0,4-1,2000,1009,1.0
high,JACKSON,004512,4 2,2008,official_vtd_code_and_name_nhgis_blocks,1.0,4-2,2000,1010,1.0
high,JACKSON,004505,4 3,2008,official_vtd_code_and_name_nhgis_blocks,1.0,4-3,2000,1000,0.485894825001
high,JACKSON,004511,4 3,2008,official_vtd_code_and_name_nhgis_blocks,1.0,4-3,2000,1000,0.513440292724
high,JACKSON,007271,4 3,2008,official_vtd_code_and_name_nhgis_blocks,1.0,4-3,2000,1000,0.000664882275
high,JACKSON,004506,5 1,2008,official_vtd_code_and_name_nhgis_blocks,1.0,5-1,2000,1002,0.76772342864
high,JACKSON,004507,5 1,2008,official_vtd_code_and_name_nhgis_blocks,1.0,5-1,2000,1002,0.23227657136
high,JACKSON,004506,5 2,2008,official_vtd_code_and_name_nhgis_blocks,1.0,5-2,2000,999,1.0
high,JACKSON,004505,5 3,2008,official_vtd_code_and_name_nhgis_blocks,1.0,5-3,2000,1001,1.0
high,JACKSON,004501,6 1,2008,official_vtd_code_and_name_nhgis_blocks,1.0,6-1,2000,995,1.0
high,JACKSON,004503,6 3,2008,official_vtd_code_and_name_nhgis_blocks,1.0,6-3,2000,997,1.0
high,JACKSON,004503,6 4,2008,official_vtd_code_and_name_nhgis_blocks,1.0,6-4,2000,1007,1.0
high,JEFFERSON,004604,1 DANDRIDGE ELEM,2008,official_vtd_exact_label_code_nhgis_blocks,0.97,01 Dandridge Elementary,2000,1018,0.889279307528
high,JEFFERSON,004606,1 DANDRIDGE ELEM,2008,official_vtd_exact_label_code_nhgis_blocks,0.97,01 Dandridge Elementary,2000,1018,0.110720692472
high,JEFFERSON,004601,2 PIEDMONT,2008,official_vtd_code_and_name_nhgis_blocks,1.0,02 Piedmont,2000,1019,0.807363231235
high,JEFFERSON,004606,2 PIEDMONT,2008,official_vtd_code_and_name_nhgis_blocks,1.0,02 Piedmont,2000,1019,0.063179076262
high,JEFFERSON,004608,2 PIEDMONT,2008,official_vtd_code_and_name_nhgis_blocks,1.0,02 Piedmont,2000,1019,0.129457692503
high,JEFFERSON,004603,3 WHITE PINE SCHOOL,2008,official_vtd_code_and_name_nhgis_blocks,1.0,03 White Pine School,2000,1017,1.0
high,JEFFERSON,004602,4 JEFFERSON ELEM,2008,official_vtd_exact_label_code_nhgis_blocks,0.97,04 Jefferson Elementary,2000,1016,0.998140153845
high,JEFFERSON,004605,4 JEFFERSON ELEM,2008,official_vtd_exact_label_code_nhgis_blocks,0.97,04 Jefferson Elementary,2000,1016,0.001859846155
high,JEFFERSON,004601,5 JEFFERSON MIDDLE,2008,official_vtd_code_and_name_nhgis_blocks,1.0,05 Jefferson Middle,2000,1015,0.007428168677
high,JEFFERSON,004602,5 JEFFERSON MIDDLE,2008,official_vtd_code_and_name_nhgis_blocks,1.0,05 Jefferson Middle,2000,1015,0.158899447589
high,JEFFERSON,004606,5 JEFFERSON MIDDLE,2008,official_vtd_code_and_name_nhgis_blocks,1.0,05 Jefferson Middle,2000,1015,0.833672383734
high,JEFFERSON,004607,6 RUSH STRONG SCH,2008,official_vtd_exact_label_code_nhgis_blocks,0.97,06 Rush Strong School,2000,1021,1.0
high,JEFFERSON,004606,7 NEW MARKET CITY,2008,official_vtd_exact_label_code_nhgis_blocks,0.97,07 New Market City Hall,2000,1020,0.019480023053
high,JEFFERSON,004608,7 NEW MARKET CITY,2008,official_vtd_exact_label_code_nhgis_blocks,0.97,07 New Market City Hall,2000,1020,0.980519976947
high,JEFFERSON,004610,9 TALBOTT SCHOOL,2008,official_vtd_code_and_name_nhgis_blocks,1.0,09 Talbott School,2000,1014,1.0
high,JEFFERSON,004605,10 JEFF CITY MUN BLD,2008,official_vtd_exact_label_code_nhgis_blocks,0.97,10 Jefferson City Fire Department,2000,1013,1.0
high,JOHNSON,004704,1A LAUREL,2008,official_vtd_code_and_name_nhgis_blocks,1.0,1A Laurel,2000,1022,0.997859017773
high,JOHNSON,004708,1A LAUREL,2008,official_vtd_code_and_name_nhgis_blocks,1.0,1A Laurel,2000,1022,0.002140982227
high,JOHNSON,004708,1B COLD SPRINGS,2008,official_vtd_code_and_name_nhgis_blocks,1.0,1B Cold Springs,2000,1025,1.0
high,JOHNSON,004701,2 FORGE SHOUNS,2008,official_vtd_code_and_name_nhgis_blocks,1.0,2 Forge/Shouns,2000,1023,0.997524282259
high,JOHNSON,004707,2 FORGE SHOUNS,2008,official_vtd_code_and_name_nhgis_blocks,1.0,2 Forge/Shouns,2000,1023,0.002475717741
high,JOHNSON,004710,3A TRADE,2008,official_vtd_code_and_name_nhgis_blocks,1.0,3A Trade,2000,1026,1.0
high,JOHNSON,004703,3B NEVA,2008,official_vtd_code_and_name_nhgis_blocks,1.0,3B Neva,2000,1027,0.997108993279
high,JOHNSON,004707,3B NEVA,2008,official_vtd_code_and_name_nhgis_blocks,1.0,3B Neva,2000,1027,0.002804164269
high,JOHNSON,004710,3B NEVA,2008,official_vtd_code_and_name_nhgis_blocks,1.0,3B Neva,2000,1027,8.6842452e-05
high,JOHNSON,004709,4A DRY RUN,2008,official_vtd_code_and_name_nhgis_blocks,1.0,4A Dry Run,2000,1030,1.0
high,JOHNSON,004702,4B BUTLER,2008,official_vtd_code_and_name_nhgis_blocks,1.0,4B Butler,2000,1031,0.977616918179
high,JOHNSON,004705,4B BUTLER,2008,official_vtd_code_and_name_nhgis_blocks,1.0,4B Butler,2000,1031,0.021724027412
high,JOHNSON,004709,4B BUTLER,2008,official_vtd_code_and_name_nhgis_blocks,1.0,4B Butler,2000,1031,0.00065905441
high,JOHNSON,004705,5 DOE,2008,official_vtd_code_and_name_nhgis_blocks,1.0,5 Doe,2000,1029,0.883608194514
high,JOHNSON,004706,5 DOE,2008,official_vtd_code_and_name_nhgis_blocks,1.0,5 Doe,2000,1029,0.095337097462
high,JOHNSON,004707,5 DOE,2008,official_vtd_code_and_name_nhgis_blocks,1.0,5 Doe,2000,1029,0.001500170024
high,JOHNSON,004708,5 DOE,2008,official_vtd_code_and_name_nhgis_blocks,1.0,5 Doe,2000,1029,0.019554538
high,JOHNSON,004706,6A SHADY,2008,official_vtd_code_and_name_nhgis_blocks,1.0,6A Shady,2000,1032,1.0
high,JOHNSON,004706,6B SUTHERLAND,2008,official_vtd_code_and_name_nhgis_blocks,1.0,6B Sutherland,2000,1033,1.0
high,JOHNSON,004707,7A HIGH SCHOOL,2008,official_vtd_code_and_name_nhgis_blocks,1.0,7A High School,2000,1024,0.996922817875
high,JOHNSON,004708,7A HIGH SCHOOL,2008,official_vtd_code_and_name_nhgis_blocks,1.0,7A High School,2000,1024,0.003077182125
high,JOHNSON,004701,7B CITY SCHOOL,2008,official_vtd_code_and_name_nhgis_blocks,1.0,7B City School,2000,1028,0.004420923645
high,JOHNSON,004703,7B CITY SCHOOL,2008,official_vtd_code_and_name_nhgis_blocks,1.0,7B City School,2000,1028,0.008240442225
high,JOHNSON,004705,7B CITY SCHOOL,2008,official_vtd_code_and_name_nhgis_blocks,1.0,7B City School,2000,1028,0.000749961465
high,JOHNSON,004707,7B CITY SCHOOL,2008,official_vtd_code_and_name_nhgis_blocks,1.0,7B City School,2000,1028,0.986588672665
high,KNOX,004861,06 GREEN SCHOOL,2008,official_vtd_code_and_name_nhgis_blocks,1.0,06 Green School,2000,1052,0.001224670799
high,KNOX,004862,06 GREEN SCHOOL,2008,official_vtd_code_and_name_nhgis_blocks,1.0,06 Green School,2000,1052,0.000585611108
high,KNOX,004864,06 GREEN SCHOOL,2008,official_vtd_code_and_name_nhgis_blocks,1.0,06 Green School,2000,1052,0.966677454232
high,KNOX,004875,06 GREEN SCHOOL,2008,official_vtd_code_and_name_nhgis_blocks,1.0,06 Green School,2000,1052,0.031512263861
high,KNOX,004861,09 MOSES CENTER,2008,official_vtd_code_and_name_nhgis_blocks,1.0,09 Moses Center,2000,1054,1.0
high,KNOX,004832,10N FORT SANDERS,2008,official_vtd_code_and_name_nhgis_blocks,1.0,10N Fort Sanders,2000,1053,0.046629108571
high,KNOX,004862,10N FORT SANDERS,2008,official_vtd_code_and_name_nhgis_blocks,1.0,10N Fort Sanders,2000,1053,0.953370891429
high,KNOX,004832,10S STOKLEY ATHLETIC,2008,official_vtd_exact_label_code_nhgis_blocks,0.97,10S Stokley Athletics Center,2000,1051,1.0
high,KNOX,004863,11 CENTRAL UMC,2008,official_vtd_exact_label_code_nhgis_blocks,0.97,11 Central United Methodist Church,2000,1055,0.005038969313
high,KNOX,004875,11 CENTRAL UMC,2008,official_vtd_exact_label_code_nhgis_blocks,0.97,11 Central United Methodist Church,2000,1055,0.994961030687
high,KNOX,004871,13 FAIR GARDEN,2008,official_vtd_code_and_name_nhgis_blocks,1.0,13 Fair Garden,2000,1073,1.0
high,KNOX,004873,14E AUSTIN EAST,2008,official_vtd_code_and_name_nhgis_blocks,1.0,14E Austin-East,2000,1064,1.0
high,KNOX,004865,14M WALTER P TAYLOR,2008,official_vtd_exact_label_code_nhgis_blocks,0.97,14M Walter P. Taylor Center,2000,1056,0.998813331647
high,KNOX,004873,14M WALTER P TAYLOR,2008,official_vtd_exact_label_code_nhgis_blocks,0.97,14M Walter P. Taylor Center,2000,1056,0.001186668353
high,KNOX,004867,15 JOHN T O CONNOR,2008,official_vtd_exact_label_code_nhgis_blocks,0.97,15 John T. O'Connor Center,2000,1063,1.0
high,KNOX,004883,16N NO KNOX REC CTR,2008,official_vtd_exact_label_code_nhgis_blocks,0.97,16N North Knox Recreation Center,2000,1081,1.0
high,KNOX,004883,16S BELLE MORRIS,2008,official_vtd_code_and_name_nhgis_blocks,1.0,16S Belle Morris,2000,1062,1.0
high,KNOX,004876,17 CHRISTENBERRY,2008,official_vtd_code_and_name_nhgis_blocks,1.0,17 Christenberry,2000,1061,1.0
high,KNOX,004877,18 LINCOLN PARK,2008,official_vtd_code_and_name_nhgis_blocks,1.0,18 Lincoln Park,2000,1072,1.0
high,KNOX,004804,19 SOAR YTH MINISTRY,2008,official_vtd_exact_label_code_nhgis_blocks,0.97,19 S.O.A.R. Youth Ministries,2000,1059,0.998532487398
high,KNOX,004863,19 SOAR YTH MINISTRY,2008,official_vtd_exact_label_code_nhgis_blocks,0.97,19 S.O.A.R. Youth Ministries,2000,1059,0.000455535763
high,KNOX,004894,19 SOAR YTH MINISTRY,2008,official_vtd_exact_label_code_nhgis_blocks,0.97,19 S.O.A.R. Youth Ministries,2000,1059,0.001011976839
high,KNOX,004863,20 BEAUMONT,2008,official_vtd_code_and_name_nhgis_blocks,1.0,20 Beaumont,2000,1060,1.0
high,KNOX,004859,23N BIBLE CHURCH GOD,2008,official_vtd_exact_label_code_nhgis_blocks,0.97,23N Bible Church of God,2000,1069,1.0
high,KNOX,004804,23S WESTVIEW,2008,official_vtd_code_and_name_nhgis_blocks,1.0,23S Westview,2000,1058,0.0029134342
high,KNOX,004859,23S WESTVIEW,2008,official_vtd_code_and_name_nhgis_blocks,1.0,23S Westview,2000,1058,0.9970865658
high,KNOX,004860,24N PELLISSIPPI TECH,2008,official_vtd_exact_label_code_nhgis_blocks,0.97,24N Pellissippi State Tech,2000,1117,1.0
high,KNOX,004831,24Q SEQUOYAH HILLS,2008,official_vtd_code_and_name_nhgis_blocks,1.0,24Q Sequoyah Hills,2000,1046,0.183140589564
high,KNOX,004833,24Q SEQUOYAH HILLS,2008,official_vtd_code_and_name_nhgis_blocks,1.0,24Q Sequoyah Hills,2000,1046,0.734267075035
high,KNOX,004893,24Q SEQUOYAH HILLS,2008,official_vtd_code_and_name_nhgis_blocks,1.0,24Q Sequoyah Hills,2000,1046,0.082592335401
high,KNOX,004831,25 SOUTH KNOX CC,2008,official_vtd_exact_label_code_nhgis_blocks,0.97,25 South Knox Community Center,2000,1042,1.0
high,KNOX,004809,26 DOGWOOD,2008,official_vtd_code_and_name_nhgis_blocks,1.0,26 Dogwood,2000,1076,0.786653494725
high,KNOX,004826,26 DOGWOOD,2008,official_vtd_code_and_name_nhgis_blocks,1.0,26 Dogwood,2000,1076,0.213346505275
high,KNOX,004827,27 SO KNOX OPTIMIST,2008,official_vtd_exact_label_code_nhgis_blocks,0.97,27 South Knox Optimist Club,2000,1043,1.0
high,KNOX,004826,28 SOUTH DOYLE MID,2008,official_vtd_exact_label_code_nhgis_blocks,0.97,28 South-Doyle Middle,2000,1116,1.0
high,KNOX,004826,29 ANDERSON,2008,official_vtd_code_and_name_nhgis_blocks,1.0,29 Anderson,2000,1125,1.0
high,KNOX,004868,30 SARAH MOORE GREEN,2008,official_vtd_exact_label_code_nhgis_blocks,0.97,30 Sarah Moore Greene,2000,1065,0.993148329162
high,KNOX,004870,30 SARAH MOORE GREEN,2008,official_vtd_exact_label_code_nhgis_blocks,0.97,30 Sarah Moore Greene,2000,1065,0.00366373521
high,KNOX,004871,30 SARAH MOORE GREEN,2008,official_vtd_exact_label_code_nhgis_blocks,0.97,30 Sarah Moore Greene,2000,1065,0.003187935628
high,KNOX,004868,31 CHILHOWEE,2008,official_vtd_code_and_name_nhgis_blocks,1.0,31 Chilhowee,2000,1074,0.005136896378
high,KNOX,004870,31 CHILHOWEE,2008,official_vtd_code_and_name_nhgis_blocks,1.0,31 Chilhowee,2000,1074,0.994863103622
high,KNOX,004816,32 SPRING HILL,2008,official_vtd_code_and_name_nhgis_blocks,1.0,32 Spring Hill,2000,1077,0.002075005766
high,KNOX,004872,32 SPRING HILL,2008,official_vtd_code_and_name_nhgis_blocks,1.0,32 Spring Hill,2000,1077,0.997924994234
high,KNOX,004882,34 FOUNT CITY LIB,2008,official_vtd_exact_label_code_nhgis_blocks,0.97,34 Fountain City Library,2000,1091,1.0
high,KNOX,004880,36 GRESHAM,2008,official_vtd_code_and_name_nhgis_blocks,1.0,36 Gresham,2000,1087,1.0
high,KNOX,004879,37 INSKIP ELEM,2008,official_vtd_exact_label_code_nhgis_blocks,0.97,37 Inskip Elementary,2000,1086,1.0
high,KNOX,004879,38 INSKIP ELEM,2008,official_vtd_exact_label_code_nhgis_blocks,0.97,38 Inskip Elementary,2000,1085,1.0
high,KNOX,004802,39 INSKIP REC CENTER,2008,official_vtd_exact_label_code_nhgis_blocks,0.97,39 Inskip Recreation Center,2000,1071,1.0
high,KNOX,004806,40 NORWOOD ELEM,2008,official_vtd_exact_label_code_nhgis_blocks,0.97,40 Norwood Elementary,2000,1084,1.0
high,KNOX,004803,41 NORWOOD LIBRARY,2008,official_vtd_code_and_name_nhgis_blocks,1.0,41 Norwood Library,2000,1070,0.733834946736
high,KNOX,004894,41 NORWOOD LIBRARY,2008,official_vtd_code_and_name_nhgis_blocks,1.0,41 Norwood Library,2000,1070,0.266165053264
high,KNOX,004806,42 PLEASANT RIDGE,2008,official_vtd_code_and_name_nhgis_blocks,1.0,42 Pleasant Ridge,2000,1083,0.149147395674
high,KNOX,004856,42 PLEASANT RIDGE,2008,official_vtd_code_and_name_nhgis_blocks,1.0,42 Pleasant Ridge,2000,1083,0.850843995019
high,KNOX,004857,42 PLEASANT RIDGE,2008,official_vtd_code_and_name_nhgis_blocks,1.0,42 Pleasant Ridge,2000,1083,8.609307e-06
high,KNOX,004857,43 WEST HAVEN,2008,official_vtd_code_and_name_nhgis_blocks,1.0,43 West Haven,2000,1082,1.0
high,KNOX,004848,44 RIDGEDALE,2008,official_vtd_code_and_name_nhgis_blocks,1.0,44 Ridgedale,2000,1102,0.007501247945
high,KNOX,004854,44 RIDGEDALE,2008,official_vtd_code_and_name_nhgis_blocks,1.0,44 Ridgedale,2000,1102,0.002760676331
high,KNOX,004855,44 RIDGEDALE,2008,official_vtd_code_and_name_nhgis_blocks,1.0,44 Ridgedale,2000,1102,0.989738075725
high,KNOX,004854,45 BEARDEN MIDDLE,2008,official_vtd_code_and_name_nhgis_blocks,1.0,45 Bearden Middle,2000,1101,1.0
high,KNOX,004801,48 POND GAP,2008,official_vtd_code_and_name_nhgis_blocks,1.0,48 Pond Gap,2000,1100,1.0
high,KNOX,004834,49 BEARDEN ELEM,2008,official_vtd_exact_label_code_nhgis_blocks,0.97,49 Bearden Elementary,2000,1108,1.0
high,KNOX,004858,50N WEST HIGH,2008,official_vtd_code_and_name_nhgis_blocks,1.0,50N West High,2000,1068,1.0
high,KNOX,004833,50S WEST HIGH,2008,official_vtd_code_and_name_nhgis_blocks,1.0,50S West High,2000,1067,0.213046109882
high,KNOX,004860,50S WEST HIGH,2008,official_vtd_code_and_name_nhgis_blocks,1.0,50S West High,2000,1067,0.786953890118
high,KNOX,004836,51 DEANE HILL RECR,2008,official_vtd_exact_label_code_nhgis_blocks,0.97,51 Deane Hill Recreation Center,2000,1114,1.0
high,KNOX,004890,56 HEISKELL,2008,official_vtd_code_and_name_nhgis_blocks,1.0,56 Heiskell,2000,1119,1.0
high,KNOX,004810,57 HILLS,2008,official_vtd_code_and_name_nhgis_blocks,1.0,57 Hills,2000,1120,1.0
high,KNOX,004891,58 PEDIGO,2008,official_vtd_code_and_name_nhgis_blocks,1.0,58 Pedigo,2000,1098,0.590446694976
high,KNOX,004895,58 PEDIGO,2008,official_vtd_code_and_name_nhgis_blocks,1.0,58 Pedigo,2000,1098,0.409553305024
high,KNOX,004811,60 FORT SUMPTER,2008,official_vtd_code_and_name_nhgis_blocks,1.0,60 Fort Sumpter,2000,1050,1.0
high,KNOX,004881,61 HALLS,2008,official_vtd_code_and_name_nhgis_blocks,1.0,61 Halls,2000,1049,0.002294557806
high,KNOX,004886,61 HALLS,2008,official_vtd_code_and_name_nhgis_blocks,1.0,61 Halls,2000,1049,0.997705442194
high,KNOX,004844,62 HARDIN VALLEY,2008,official_vtd_code_and_name_nhgis_blocks,1.0,62 Hardin Valley,2000,1113,1.0
high,KNOX,004844,62W HARDIN VALLEY W,2008,official_vtd_exact_label_code_nhgis_blocks,0.97,62W Hardin Valley West,2000,1118,1.0
high,KNOX,004849,63N KARNS NORTH,2008,official_vtd_code_and_name_nhgis_blocks,1.0,63N Karns North,2000,1107,1.0
high,KNOX,004846,64 SOLWAY,2008,official_vtd_code_and_name_nhgis_blocks,1.0,64 Solway,2000,1106,1.0
high,KNOX,004845,65N CONCORD NORTH,2008,official_vtd_code_and_name_nhgis_blocks,1.0,65N Concord North,2000,1112,1.0
high,KNOX,004842,66S FARRAGUT II,2008,official_vtd_code_and_name_nhgis_blocks,1.0,66S Farragut II,2000,1035,0.996402434983
high,KNOX,004896,66S FARRAGUT II,2008,official_vtd_code_and_name_nhgis_blocks,1.0,66S Farragut II,2000,1035,0.003597565017
high,KNOX,004837,69N A L LOTTS,2008,official_vtd_code_and_name_nhgis_blocks,1.0,69N A.L. Lotts,2000,1038,2.9773134e-05
high,KNOX,004840,69N A L LOTTS,2008,official_vtd_code_and_name_nhgis_blocks,1.0,69N A.L. Lotts,2000,1038,0.615867616205
high,KNOX,004897,69N A L LOTTS,2008,official_vtd_code_and_name_nhgis_blocks,1.0,69N A.L. Lotts,2000,1038,0.384102610661
high,KNOX,004828,70 BALL CAMP,2008,official_vtd_code_and_name_nhgis_blocks,1.0,70 Ball Camp,2000,1105,0.514827106399
high,KNOX,004846,70 BALL CAMP,2008,official_vtd_code_and_name_nhgis_blocks,1.0,70 Ball Camp,2000,1105,3.9433125e-05
high,KNOX,004847,70 BALL CAMP,2008,official_vtd_code_and_name_nhgis_blocks,1.0,70 Ball Camp,2000,1105,0.485133460477
high,KNOX,004892,73 POWELL,2008,official_vtd_code_and_name_nhgis_blocks,1.0,73 Powell,2000,1097,1.0
high,KNOX,004819,78 RIVERDALE,2008,official_vtd_code_and_name_nhgis_blocks,1.0,78 Riverdale,2000,1089,1.0
high,KNOX,004813,80 CORRYTON,2008,official_vtd_code_and_name_nhgis_blocks,1.0,80 Corryton,2000,1123,1.0
high,KNOX,004808,81 GIBBS,2008,official_vtd_code_and_name_nhgis_blocks,1.0,81 Gibbs,2000,1048,0.004527703944
high,KNOX,004812,81 GIBBS,2008,official_vtd_code_and_name_nhgis_blocks,1.0,81 Gibbs,2000,1048,0.995386844199
high,KNOX,004813,81 GIBBS,2008,official_vtd_code_and_name_nhgis_blocks,1.0,81 Gibbs,2000,1048,6.3626053e-05
high,KNOX,004886,81 GIBBS,2008,official_vtd_code_and_name_nhgis_blocks,1.0,81 Gibbs,2000,1048,2.1825804e-05
high,KNOX,004808,84 RITTA,2008,official_vtd_code_and_name_nhgis_blocks,1.0,84 Ritta,2000,1047,1.0
high,KNOX,004814,85 SKAGGSTON,2008,official_vtd_code_and_name_nhgis_blocks,1.0,85 Skaggston,2000,1121,1.0
high,KNOX,004815,86 CARTER,2008,official_vtd_code_and_name_nhgis_blocks,1.0,86 Carter,2000,1122,1.0
high,KNOX,004809,88 KINGS,2008,official_vtd_code_and_name_nhgis_blocks,1.0,88 Kings,2000,1090,0.055317200194
high,KNOX,004826,88 KINGS,2008,official_vtd_code_and_name_nhgis_blocks,1.0,88 Kings,2000,1090,0.944682799806
high,KNOX,004824,90 BONNY KATE,2008,official_vtd_code_and_name_nhgis_blocks,1.0,90 Bonny Kate,2000,1044,1.0
high,KNOX,004822,92 GAP CREEK,2008,official_vtd_code_and_name_nhgis_blocks,1.0,92 Gap Creek,2000,1127,1.0
high,KNOX,004865,12 EASTPORT,2008,official_vtd_code_and_name_nhgis_blocks,1.0,12 Eastport,2000,1057,1.0
high,KNOX,004884,33 RICHARD YOAKLEY,2008,official_vtd_code_and_name_nhgis_blocks,1.0,33 Richard Yoakley,2000,1078,1.0
high,KNOX,004881,35 SHANNONDALE,2008,official_vtd_code_and_name_nhgis_blocks,1.0,35 Shannondale,2000,1093,0.998162923062
high,KNOX,004885,35 SHANNONDALE,2008,official_vtd_code_and_name_nhgis_blocks,1.0,35 Shannondale,2000,1093,0.001180070538
high,KNOX,004886,35 SHANNONDALE,2008,official_vtd_code_and_name_nhgis_blocks,1.0,35 Shannondale,2000,1093,0.000657006401
high,KNOX,004838,46 WEST HILLS,2008,official_vtd_code_and_name_nhgis_blocks,1.0,46 West Hills,2000,1110,1.0
high,KNOX,004837,47 BEARDEN HIGH,2008,official_vtd_code_and_name_nhgis_blocks,1.0,47 Bearden High,2000,1109,1.0
high,KNOX,004852,55 LONAS,2008,official_vtd_code_and_name_nhgis_blocks,1.0,55 Lonas,2000,1104,0.005679506277
high,KNOX,004853,55 LONAS,2008,official_vtd_code_and_name_nhgis_blocks,1.0,55 Lonas,2000,1104,0.187369238845
high,KNOX,004854,55 LONAS,2008,official_vtd_code_and_name_nhgis_blocks,1.0,55 Lonas,2000,1104,0.804685735578
high,KNOX,004855,55 LONAS,2008,official_vtd_code_and_name_nhgis_blocks,1.0,55 Lonas,2000,1104,0.0022655193
high,KNOX,004887,59 BRICKEY,2008,official_vtd_code_and_name_nhgis_blocks,1.0,59 Brickey,2000,1095,0.997129121795
high,KNOX,004888,59 BRICKEY,2008,official_vtd_code_and_name_nhgis_blocks,1.0,59 Brickey,2000,1095,3.1718045e-05
high,KNOX,004892,59 BRICKEY,2008,official_vtd_code_and_name_nhgis_blocks,1.0,59 Brickey,2000,1095,0.00283916016
high,KNOX,004806,63 KARNS,2008,official_vtd_code_and_name_nhgis_blocks,1.0,63 Karns,2000,1103,0.005689366672
high,KNOX,004848,63 KARNS,2008,official_vtd_code_and_name_nhgis_blocks,1.0,63 Karns,2000,1103,0.994250843598
high,KNOX,004849,63 KARNS,2008,official_vtd_code_and_name_nhgis_blocks,1.0,63 Karns,2000,1103,3.6693514e-05
high,KNOX,004855,63 KARNS,2008,official_vtd_code_and_name_nhgis_blocks,1.0,63 Karns,2000,1103,2.2126376e-05
high,KNOX,004888,63 KARNS,2008,official_vtd_code_and_name_nhgis_blocks,1.0,63 Karns,2000,1103,9.6984e-07
high,KNOX,004841,65 CONCORD,2008,official_vtd_code_and_name_nhgis_blocks,1.0,65 Concord,2000,1034,0.656700055859
high,KNOX,004842,65 CONCORD,2008,official_vtd_code_and_name_nhgis_blocks,1.0,65 Concord,2000,1034,0.000139098455
high,KNOX,004896,65 CONCORD,2008,official_vtd_code_and_name_nhgis_blocks,1.0,65 Concord,2000,1034,0.343160845686
high,KNOX,004805,66N FARRAGUT I,2008,official_vtd_code_and_name_nhgis_blocks,1.0,66N Farragut I,2000,1036,1.0
high,KNOX,004838,67 NORTH CEDAR BLUFF,2008,official_vtd_code_and_name_nhgis_blocks,1.0,67 North Cedar Bluff,2000,1111,0.000347832988
high,KNOX,004847,67 NORTH CEDAR BLUFF,2008,official_vtd_code_and_name_nhgis_blocks,1.0,67 North Cedar Bluff,2000,1111,0.0007600986
high,KNOX,004852,67 NORTH CEDAR BLUFF,2008,official_vtd_code_and_name_nhgis_blocks,1.0,67 North Cedar Bluff,2000,1111,0.780408893595
high,KNOX,004853,67 NORTH CEDAR BLUFF,2008,official_vtd_code_and_name_nhgis_blocks,1.0,67 North Cedar Bluff,2000,1111,0.218483174817
high,KNOX,004850,68 SOUTH CEDAR BLUFF,2008,official_vtd_code_and_name_nhgis_blocks,1.0,68 South Cedar Bluff,2000,1037,1.0
high,KNOX,004838,68E EAST CEDAR BLUFF,2008,official_vtd_code_and_name_nhgis_blocks,1.0,68E East Cedar Bluff,2000,1115,0.003067715679
high,KNOX,004851,68E EAST CEDAR BLUFF,2008,official_vtd_code_and_name_nhgis_blocks,1.0,68E East Cedar Bluff,2000,1115,0.996172118856
high,KNOX,004852,68E EAST CEDAR BLUFF,2008,official_vtd_code_and_name_nhgis_blocks,1.0,68E East Cedar Bluff,2000,1115,0.000760165465
high,KNOX,004807,69S BLUEGRASS,2008,official_vtd_code_and_name_nhgis_blocks,1.0,69S Bluegrass,2000,1039,0.210135781755
high,KNOX,004839,69S BLUEGRASS,2008,official_vtd_code_and_name_nhgis_blocks,1.0,69S Bluegrass,2000,1039,0.789864218245
high,KNOX,004829,71 ROCKY HILL,2008,official_vtd_code_and_name_nhgis_blocks,1.0,71 Rocky Hill,2000,1045,0.06035488165
high,KNOX,004834,71 ROCKY HILL,2008,official_vtd_code_and_name_nhgis_blocks,1.0,71 Rocky Hill,2000,1045,0.003605552215
high,KNOX,004835,71 ROCKY HILL,2008,official_vtd_code_and_name_nhgis_blocks,1.0,71 Rocky Hill,2000,1045,0.93594305217
high,KNOX,004837,71 ROCKY HILL,2008,official_vtd_code_and_name_nhgis_blocks,1.0,71 Rocky Hill,2000,1045,9.6359295e-05
high,KNOX,004897,71 ROCKY HILL,2008,official_vtd_code_and_name_nhgis_blocks,1.0,71 Rocky Hill,2000,1045,1.54669e-07
high,KNOX,004888,72E DANTE EAST,2008,official_vtd_exact_label_code_nhgis_blocks,0.97,72E Boys and Girls Club,2000,1094,1.0
high,KNOX,004888,72M DANTE MID,2008,official_vtd_exact_label_code_nhgis_blocks,0.97,72M Boys and Girls Club,2000,1096,1.0
high,KNOX,004888,72W DANTE WEST,2008,official_vtd_exact_label_code_nhgis_blocks,0.97,72W Boys and Girls Club,2000,1099,1.0
high,KNOX,004881,74 SHANNONDALE,2008,official_vtd_code_and_name_nhgis_blocks,1.0,74 Shannondale,2000,1092,0.009024929306
high,KNOX,004884,74 SHANNONDALE,2008,official_vtd_code_and_name_nhgis_blocks,1.0,74 Shannondale,2000,1092,0.000373446099
high,KNOX,004885,74 SHANNONDALE,2008,official_vtd_code_and_name_nhgis_blocks,1.0,74 Shannondale,2000,1092,0.990601624595
high,KNOX,004868,75 HUFFS,2008,official_vtd_code_and_name_nhgis_blocks,1.0,75 Huffs,2000,1066,1.0
high,KNOX,004818,76 SUNNYVIEW,2008,official_vtd_code_and_name_nhgis_blocks,1.0,76 Sunnyview,2000,1080,1.0
high,KNOX,004821,77 RAMSEY,2008,official_vtd_code_and_name_nhgis_blocks,1.0,77 Ramsey,2000,1075,1.0
high,KNOX,004820,79 DORA KENNEDY,2008,official_vtd_code_and_name_nhgis_blocks,1.0,79 Dora Kennedy,2000,1088,1.0
high,KNOX,004816,82 ELLISTOWN,2008,official_vtd_code_and_name_nhgis_blocks,1.0,82 Ellistown,2000,1079,1.0
high,KNOX,004817,87 THORNGROVE,2008,official_vtd_code_and_name_nhgis_blocks,1.0,87 Thorngrove,2000,1124,0.99865798476
high,KNOX,004819,87 THORNGROVE,2008,official_vtd_code_and_name_nhgis_blocks,1.0,87 Thorngrove,2000,1124,0.001316275511
high,KNOX,004822,87 THORNGROVE,2008,official_vtd_code_and_name_nhgis_blocks,1.0,87 Thorngrove,2000,1124,2.5739728e-05
high,KNOX,004829,89 MT OLIVE,2008,official_vtd_code_and_name_nhgis_blocks,1.0,89 Mt.Olive,2000,1041,1.0
high,KNOX,004831,91 VESTAL,2008,official_vtd_code_and_name_nhgis_blocks,1.0,91 Vestal,2000,1040,1.0
high,KNOX,004823,93 HOPEWELL,2008,official_vtd_code_and_name_nhgis_blocks,1.0,93 Hopewell,2000,1126,1.0
high,LAKE,004951,1 TIPTONVILLE SR CIT,2008,official_vtd_exact_label_code_nhgis_blocks,0.97,1 Tiptonville Senior Citizens,2000,1128,1.0
high,LAKE,004951,2 LAKE COUNTY HIGH,2008,official_vtd_exact_label_code_nhgis_blocks,0.97,2 Lake County High School,2000,1129,0.729348023949
high,LAKE,004952,2 LAKE COUNTY HIGH,2008,official_vtd_exact_label_code_nhgis_blocks,0.97,2 Lake County High School,2000,1129,0.270651976051
high,LAKE,004951,3 COURTHOUSE,2008,official_vtd_code_and_name_nhgis_blocks,1.0,3 Courthouse,2000,1130,0.027008398963
high,LAKE,004952,3 COURTHOUSE,2008,official_vtd_code_and_name_nhgis_blocks,1.0,3 Courthouse,2000,1130,0.489950144633
high,LAKE,004953,3 COURTHOUSE,2008,official_vtd_code_and_name_nhgis_blocks,1.0,3 Courthouse,2000,1130,0.483041456404
high,LAKE,004953,4 LAKE CO JR HIGH,2008,official_vtd_exact_label_code_nhgis_blocks,0.97,4 Lake Co. JHS Title I Room,2000,1131,1.0
medium,LAUDERDALE,005058,HENNING 1,2008,official_vtd_fuzzy_name_nhgis_blocks,0.7875,Henning,2000,1147,0.114978954719
medium,LAUDERDALE,005064,HENNING 1,2008,official_vtd_fuzzy_name_nhgis_blocks,0.7875,Henning,2000,1147,0.885021045281
medium,LAUDERDALE,005058,MCBRIDE 1,2008,official_vtd_fuzzy_name_nhgis_blocks,0.7875,McBride,2000,1140,0.93951290112
medium,LAUDERDALE,005060,MCBRIDE 1,2008,official_vtd_fuzzy_name_nhgis_blocks,0.7875,McBride,2000,1140,0.06048709888
high,LAUDERDALE,005051,RIPLEY 2,2008,official_vtd_exact_name_nhgis_blocks,0.95,Ripley 2,2000,1136,0.003495829061
high,LAUDERDALE,005054,RIPLEY 2,2008,official_vtd_exact_name_nhgis_blocks,0.95,Ripley 2,2000,1136,0.996504170939
high,LAUDERDALE,005051,RIPLEY 3,2008,official_vtd_exact_name_nhgis_blocks,0.95,Ripley 3,2000,1139,0.002751666023
high,LAUDERDALE,005056,RIPLEY 3,2008,official_vtd_exact_name_nhgis_blocks,0.95,Ripley 3,2000,1139,0.192332305838
high,LAUDERDALE,005057,RIPLEY 3,2008,official_vtd_exact_name_nhgis_blocks,0.95,Ripley 3,2000,1139,0.799861179394
high,LAUDERDALE,005058,RIPLEY 3,2008,official_vtd_exact_name_nhgis_blocks,0.95,Ripley 3,2000,1139,0.005054848745
high,LAUDERDALE,005056,RIPLEY 4,2008,official_vtd_exact_name_nhgis_blocks,0.95,Ripley 4,2000,1138,0.423912963391
high,LAUDERDALE,005057,RIPLEY 4,2008,official_vtd_exact_name_nhgis_blocks,0.95,Ripley 4,2000,1138,0.00693539675
high,LAUDERDALE,005064,RIPLEY 4,2008,official_vtd_exact_name_nhgis_blocks,0.95,Ripley 4,2000,1138,0.569151639859
medium,LAUDERDALE,005051,LIGHTFOOT 5,2008,official_vtd_fuzzy_name_nhgis_blocks,0.81,Lightfoot,2000,1142,0.088644942103
medium,LAUDERDALE,005060,LIGHTFOOT 5,2008,official_vtd_fuzzy_name_nhgis_blocks,0.81,Lightfoot,2000,1142,0.911355057897
medium,LAUDERDALE,005051,CENTRAL 6,2008,official_vtd_fuzzy_name_nhgis_blocks,0.7875,Central,2000,1133,1.0
medium,LAUDERDALE,005053,NANKIPOO 7,2008,official_vtd_fuzzy_name_nhgis_blocks,0.8,Nankipoo,2000,1144,0.802297446148
medium,LAUDERDALE,005063,NANKIPOO 7,2008,official_vtd_fuzzy_name_nhgis_blocks,0.8,Nankipoo,2000,1144,0.197702553852
high,LAUDERDALE,005063,HALLS 8,2008,official_vtd_exact_name_nhgis_blocks,0.95,Halls 8,2000,1145,1.0
high,LAWRENCE,005151,01 1 ST JOSEPH,2008,official_vtd_code_and_name_nhgis_blocks,1.0,1-1 St. Joseph,2000,1150,3.2152124e-05
high,LAWRENCE,005154,01 1 ST JOSEPH,2008,official_vtd_code_and_name_nhgis_blocks,1.0,1-1 St. Joseph,2000,1150,0.000654686763
high,LAWRENCE,005170,01 1 ST JOSEPH,2008,official_vtd_code_and_name_nhgis_blocks,1.0,1-1 St. Joseph,2000,1150,0.878139140126
high,LAWRENCE,005171,01 1 ST JOSEPH,2008,official_vtd_code_and_name_nhgis_blocks,1.0,1-1 St. Joseph,2000,1150,0.121174020988
high,LAWRENCE,005154,01 2 WEST LORETTO,2008,official_vtd_code_and_name_nhgis_blocks,1.0,1-2 West Loretto,2000,1152,1.0
high,LAWRENCE,005151,02 1 LORETTO CIV CTR,2008,official_vtd_exact_label_code_nhgis_blocks,0.97,2-1 Loretto Civic Center,2000,1153,1.0
high,LAWRENCE,005153,03 1 SE LAWRENCE,2008,official_vtd_exact_label_code_nhgis_blocks,0.97,3-1 South East Lawrence,2000,1160,1.0
high,LAWRENCE,005169,03 2 CENTERPOINT,2008,official_vtd_code_and_name_nhgis_blocks,1.0,3-2 Centerpoint,2000,1164,1.0
high,LAWRENCE,005152,04 1 CROSSROADS,2008,official_vtd_code_and_name_nhgis_blocks,1.0,4-1 Crossroads,2000,1159,0.937972902048
high,LAWRENCE,005158,04 1 CROSSROADS,2008,official_vtd_code_and_name_nhgis_blocks,1.0,4-1 Crossroads,2000,1159,0.062027097952
high,LAWRENCE,005154,05 1 LEOMA,2008,official_vtd_code_and_name_nhgis_blocks,1.0,5-1 Leoma,2000,1154,0.037945269392
high,LAWRENCE,005155,05 1 LEOMA,2008,official_vtd_code_and_name_nhgis_blocks,1.0,5-1 Leoma,2000,1154,0.743114513007
high,LAWRENCE,005156,05 1 LEOMA,2008,official_vtd_code_and_name_nhgis_blocks,1.0,5-1 Leoma,2000,1154,0.204470180681
high,LAWRENCE,005157,05 1 LEOMA,2008,official_vtd_code_and_name_nhgis_blocks,1.0,5-1 Leoma,2000,1154,0.01447003692
high,LAWRENCE,005156,05 2 GANDY,2008,official_vtd_code_and_name_nhgis_blocks,1.0,5-2 Gandy,2000,1151,0.001003787805
high,LAWRENCE,005172,05 2 GANDY,2008,official_vtd_code_and_name_nhgis_blocks,1.0,5-2 Gandy,2000,1151,0.998996212195
high,LAWRENCE,005171,06 1 IRON CITY,2008,official_vtd_code_and_name_nhgis_blocks,1.0,6-1 Iron City,2000,1148,1.0
high,LAWRENCE,005156,06 2 WEST POINT,2008,official_vtd_code_and_name_nhgis_blocks,1.0,6-2 West Point,2000,1149,1.0
high,LAWRENCE,005155,07 1 LAWRENCEBURG,2008,official_vtd_exact_label_code_nhgis_blocks,0.97,7-1 Lawrenceburg Public,2000,1157,0.013049518977
high,LAWRENCE,005157,07 1 LAWRENCEBURG,2008,official_vtd_exact_label_code_nhgis_blocks,0.97,7-1 Lawrenceburg Public,2000,1157,0.986513714857
high,LAWRENCE,005158,07 1 LAWRENCEBURG,2008,official_vtd_exact_label_code_nhgis_blocks,0.97,7-1 Lawrenceburg Public,2000,1157,0.000436766165
high,LAWRENCE,005157,08 1 NEW PROSPECT,2008,official_vtd_code_and_name_nhgis_blocks,1.0,8-1 New Prospect,2000,1161,0.001935468533
high,LAWRENCE,005158,08 1 NEW PROSPECT,2008,official_vtd_code_and_name_nhgis_blocks,1.0,8-1 New Prospect,2000,1161,0.997459435266
high,LAWRENCE,005159,08 1 NEW PROSPECT,2008,official_vtd_code_and_name_nhgis_blocks,1.0,8-1 New Prospect,2000,1161,0.0006050962
high,LAWRENCE,005173,09 1 ETHRIDGE,2008,official_vtd_code_and_name_nhgis_blocks,1.0,9-1 Ethridge,2000,1163,1.0
high,LAWRENCE,005159,09 2 MARS HILL,2008,official_vtd_code_and_name_nhgis_blocks,1.0,9-2 Mars Hill,2000,1162,0.962532123843
high,LAWRENCE,005167,09 2 MARS HILL,2008,official_vtd_code_and_name_nhgis_blocks,1.0,9-2 Mars Hill,2000,1162,0.037467876157
high,LAWRENCE,002856,10 1 HOWARDS,2008,official_vtd_code_and_name_nhgis_blocks,1.0,10-1 Howards,2000,1166,1.763126e-06
high,LAWRENCE,005160,10 1 HOWARDS,2008,official_vtd_code_and_name_nhgis_blocks,1.0,10-1 Howards,2000,1166,0.794756221328
high,LAWRENCE,005164,10 1 HOWARDS,2008,official_vtd_code_and_name_nhgis_blocks,1.0,10-1 Howards,2000,1166,0.205223009587
high,LAWRENCE,005173,10 1 HOWARDS,2008,official_vtd_code_and_name_nhgis_blocks,1.0,10-1 Howards,2000,1166,1.9005959e-05
high,LAWRENCE,005154,10 2 BRACE,2008,official_vtd_equivalent_code_nhgis_blocks,0.97,1-2 West Loretto,2000,1152,1.0
high,LAWRENCE,005160,11 1 SUMMERTOWN,2008,official_vtd_code_and_name_nhgis_blocks,1.0,11-1 Summertown,2000,1170,0.096569375233
high,LAWRENCE,005161,11 1 SUMMERTOWN,2008,official_vtd_code_and_name_nhgis_blocks,1.0,11-1 Summertown,2000,1170,0.710515519352
high,LAWRENCE,005162,11 1 SUMMERTOWN,2008,official_vtd_code_and_name_nhgis_blocks,1.0,11-1 Summertown,2000,1170,0.192915105415
high,LAWRENCE,005160,12 1 CENTER,2008,official_vtd_code_and_name_nhgis_blocks,1.0,12-1 Center,2000,1169,0.038280624438
high,LAWRENCE,005161,12 1 CENTER,2008,official_vtd_code_and_name_nhgis_blocks,1.0,12-1 Center,2000,1169,0.005316665054
high,LAWRENCE,005162,12 1 CENTER,2008,official_vtd_code_and_name_nhgis_blocks,1.0,12-1 Center,2000,1169,0.458149446342
high,LAWRENCE,005163,12 1 CENTER,2008,official_vtd_code_and_name_nhgis_blocks,1.0,12-1 Center,2000,1169,0.086835394904
high,LAWRENCE,005174,12 1 CENTER,2008,official_vtd_code_and_name_nhgis_blocks,1.0,12-1 Center,2000,1169,0.411417869263
high,LAWRENCE,005163,13 1 WEST END,2008,official_vtd_code_and_name_nhgis_blocks,1.0,13-1 West End,2000,1158,0.899136149359
high,LAWRENCE,005165,13 1 WEST END,2008,official_vtd_code_and_name_nhgis_blocks,1.0,13-1 West End,2000,1158,0.037136880647
high,LAWRENCE,005174,13 1 WEST END,2008,official_vtd_code_and_name_nhgis_blocks,1.0,13-1 West End,2000,1158,0.063726969994
high,LAWRENCE,005159,14 1 CRAWFISH VALLEY,2008,official_vtd_code_and_name_nhgis_blocks,1.0,14-1 Crawfish Valley,2000,1156,0.035591639857
high,LAWRENCE,005164,14 1 CRAWFISH VALLEY,2008,official_vtd_code_and_name_nhgis_blocks,1.0,14-1 Crawfish Valley,2000,1156,0.827508629662
high,LAWRENCE,005165,14 1 CRAWFISH VALLEY,2008,official_vtd_code_and_name_nhgis_blocks,1.0,14-1 Crawfish Valley,2000,1156,0.130137803439
high,LAWRENCE,005166,14 1 CRAWFISH VALLEY,2008,official_vtd_code_and_name_nhgis_blocks,1.0,14-1 Crawfish Valley,2000,1156,7.0719523e-05
high,LAWRENCE,005167,14 1 CRAWFISH VALLEY,2008,official_vtd_code_and_name_nhgis_blocks,1.0,14-1 Crawfish Valley,2000,1156,0.002899307758
high,LAWRENCE,005173,14 1 CRAWFISH VALLEY,2008,official_vtd_code_and_name_nhgis_blocks,1.0,14-1 Crawfish Valley,2000,1156,0.003720145108
high,LAWRENCE,005174,14 1 CRAWFISH VALLEY,2008,official_vtd_code_and_name_nhgis_blocks,1.0,14-1 Crawfish Valley,2000,1156,7.1754653e-05
high,LAWRENCE,005164,15 1 DAVID CROCKETT,2008,official_vtd_exact_label_code_nhgis_blocks,0.97,15-1 David Crocket,2000,1155,2.6036677e-05
high,LAWRENCE,005165,15 1 DAVID CROCKETT,2008,official_vtd_exact_label_code_nhgis_blocks,0.97,15-1 David Crocket,2000,1155,0.966038602396
high,LAWRENCE,005166,15 1 DAVID CROCKETT,2008,official_vtd_exact_label_code_nhgis_blocks,0.97,15-1 David Crocket,2000,1155,0.033935360927
high,LAWRENCE,005166,16 1 ROTARY PARK,2008,official_vtd_code_and_name_nhgis_blocks,1.0,16-1 Rotary Park,2000,1165,1.0
high,LAWRENCE,005168,18 1 E O COFFMAN,2008,official_vtd_code_and_name_nhgis_blocks,1.0,18-1 E. O. Coffman,2000,1168,1.0
high,LEWIS,005254,1 1,2008,official_vtd_code_and_name_nhgis_blocks,1.0,1-1,2000,1171,0.918579781062
high,LEWIS,005255,1 1,2008,official_vtd_code_and_name_nhgis_blocks,1.0,1-1,2000,1171,0.081420218938
high,LEWIS,005251,2 1,2008,official_vtd_code_and_name_nhgis_blocks,1.0,2-1,2000,1173,1.0
high,LEWIS,005253,3 1,2008,official_vtd_code_and_name_nhgis_blocks,1.0,3-1,2000,1174,0.995852821016
high,LEWIS,005256,3 1,2008,official_vtd_code_and_name_nhgis_blocks,1.0,3-1,2000,1174,0.004147178984
high,LEWIS,005252,4 1,2008,official_vtd_code_and_name_nhgis_blocks,1.0,4-1,2000,1177,0.955734878277
high,LEWIS,005253,4 1,2008,official_vtd_code_and_name_nhgis_blocks,1.0,4-1,2000,1177,0.035739223597
high,LEWIS,005257,4 1,2008,official_vtd_code_and_name_nhgis_blocks,1.0,4-1,2000,1177,0.008525898126
high,LEWIS,005252,5 1,2008,official_vtd_code_and_name_nhgis_blocks,1.0,5-1,2000,1172,0.023546427682
high,LEWIS,005254,5 1,2008,official_vtd_code_and_name_nhgis_blocks,1.0,5-1,2000,1172,0.024093365313
high,LEWIS,005255,5 1,2008,official_vtd_code_and_name_nhgis_blocks,1.0,5-1,2000,1172,0.917498089176
high,LEWIS,005257,5 1,2008,official_vtd_code_and_name_nhgis_blocks,1.0,5-1,2000,1172,0.034862117829
high,LEWIS,005256,6 1,2008,official_vtd_code_and_name_nhgis_blocks,1.0,6-1,2000,1176,1.0
high,LEWIS,005252,7 1,2008,official_vtd_code_and_name_nhgis_blocks,1.0,7-1,2000,1179,0.011306089782
high,LEWIS,005257,7 1,2008,official_vtd_code_and_name_nhgis_blocks,1.0,7-1,2000,1179,0.746234030885
high,LEWIS,005258,7 1,2008,official_vtd_code_and_name_nhgis_blocks,1.0,7-1,2000,1179,0.191088058258
high,LEWIS,005259,7 1,2008,official_vtd_code_and_name_nhgis_blocks,1.0,7-1,2000,1179,0.051371821075
high,LEWIS,005258,8 1,2008,official_vtd_code_and_name_nhgis_blocks,1.0,8-1,2000,1175,0.996088621896
high,LEWIS,005259,8 1,2008,official_vtd_code_and_name_nhgis_blocks,1.0,8-1,2000,1175,0.003911378104
high,LEWIS,005259,9 1,2008,official_vtd_code_and_name_nhgis_blocks,1.0,9-1,2000,1178,1.0
high,LINCOLN,000003,1 1 BLANCHE SCHOOL,2008,official_vtd_exact_name_nhgis_blocks,0.95,Blanche School,2000,1184,0.969745415965
high,LINCOLN,000015,1 1 BLANCHE SCHOOL,2008,official_vtd_exact_name_nhgis_blocks,0.95,Blanche School,2000,1184,0.030254584035
high,LINCOLN,000020,1 3 TAFT FIREHALL,2008,official_vtd_exact_name_nhgis_blocks,0.95,Taft Firehall,2000,1185,1.0
high,LINCOLN,000017,2 3 PETERSBURG,2008,official_vtd_exact_name_nhgis_blocks,0.95,Petersburg,2000,1182,1.0
medium,LINCOLN,000007,3 1 RECREATION CTR,2008,official_vtd_fuzzy_name_nhgis_blocks,0.8129,Recreation Center,2000,1198,3.69026e-07
medium,LINCOLN,000012,3 1 RECREATION CTR,2008,official_vtd_fuzzy_name_nhgis_blocks,0.8129,Recreation Center,2000,1198,0.006814068707
medium,LINCOLN,000016,3 1 RECREATION CTR,2008,official_vtd_fuzzy_name_nhgis_blocks,0.8129,Recreation Center,2000,1198,0.000303158018
medium,LINCOLN,000018,3 1 RECREATION CTR,2008,official_vtd_fuzzy_name_nhgis_blocks,0.8129,Recreation Center,2000,1198,0.99288240425
medium,LINCOLN,000014,4 1 HIGHLAND RIM SCH,2008,official_vtd_fuzzy_name_nhgis_blocks,0.8229,Highland Rim School,2000,1187,1.0
high,LINCOLN,000007,6 1 ASKINS SCHOOL,2008,official_vtd_exact_name_nhgis_blocks,0.95,Askins School,2000,1197,0.996529491759
high,LINCOLN,000016,6 1 ASKINS SCHOOL,2008,official_vtd_exact_name_nhgis_blocks,0.95,Askins School,2000,1197,6.0847643e-05
high,LINCOLN,000018,6 1 ASKINS SCHOOL,2008,official_vtd_exact_name_nhgis_blocks,0.95,Askins School,2000,1197,0.003409660599
medium,LINCOLN,000002,6 3 MULBERRY FIREH,2008,official_vtd_fuzzy_name_nhgis_blocks,0.7875,Mulberry Fire Hall,2000,1199,0.00174242116
medium,LINCOLN,000016,6 3 MULBERRY FIREH,2008,official_vtd_fuzzy_name_nhgis_blocks,0.7875,Mulberry Fire Hall,2000,1199,0.99815579756
medium,LINCOLN,006554,6 3 MULBERRY FIREH,2008,official_vtd_fuzzy_name_nhgis_blocks,0.7875,Mulberry Fire Hall,2000,1199,0.00010178128
medium,LINCOLN,000008,7 2 FLINTVILLE FIREH,2008,official_vtd_fuzzy_name_nhgis_blocks,0.8,Flintville Fire Hall,2000,1194,1.0
high,LINCOLN,000012,8 2 SOUTH LINCOLN,2008,official_vtd_exact_name_nhgis_blocks,0.95,South Lincoln,2000,1190,0.136615941681
high,LINCOLN,000013,8 2 SOUTH LINCOLN,2008,official_vtd_exact_name_nhgis_blocks,0.95,South Lincoln,2000,1190,0.421776843359
high,LINCOLN,000019,8 2 SOUTH LINCOLN,2008,official_vtd_exact_name_nhgis_blocks,0.95,South Lincoln,2000,1190,0.441607214961
high,LOUDON,005461,BROWDER,2008,official_vtd_exact_name_nhgis_blocks,0.95,Browder,2000,1204,0.018869913575
high,LOUDON,005462,BROWDER,2008,official_vtd_exact_name_nhgis_blocks,0.95,Browder,2000,1204,0.981130086425
high,LOUDON,005455,DAVIS,2008,official_vtd_exact_name_nhgis_blocks,0.95,Davis,2000,1203,0.96847471934
high,LOUDON,005464,DAVIS,2008,official_vtd_exact_name_nhgis_blocks,0.95,Davis,2000,1203,6.41802e-07
high,LOUDON,006351,DAVIS,2008,official_vtd_exact_name_nhgis_blocks,0.95,Davis,2000,1203,0.006590933036
high,LOUDON,006354,DAVIS,2008,official_vtd_exact_name_nhgis_blocks,0.95,Davis,2000,1203,0.024933705822
high,LOUDON,005462,EATONS,2008,official_vtd_exact_name_nhgis_blocks,0.95,Eatons,2000,1205,0.307265983853
high,LOUDON,005463,EATONS,2008,official_vtd_exact_name_nhgis_blocks,0.95,Eatons,2000,1205,0.68368705592
high,LOUDON,007453,EATONS,2008,official_vtd_exact_name_nhgis_blocks,0.95,Eatons,2000,1205,0.009046960227
high,LOUDON,005456,GREENBACK,2008,official_vtd_exact_name_nhgis_blocks,0.95,Greenback,2000,1213,1.0
high,LOUDON,005457,GLENDALE,2008,official_vtd_exact_name_nhgis_blocks,0.95,Glendale,2000,1210,1.0
high,LOUDON,005458,HIGHLAND PARK,2008,official_vtd_exact_name_nhgis_blocks,0.95,Highland Park,2000,1206,1.0
high,LOUDON,005460,LENOIR CITY OUTSIDE,2008,official_vtd_exact_name_nhgis_blocks,0.95,Lenoir City Outside,2000,1207,0.004475181091
high,LOUDON,005461,LENOIR CITY OUTSIDE,2008,official_vtd_exact_name_nhgis_blocks,0.95,Lenoir City Outside,2000,1207,0.995524818909
high,LOUDON,005460,LENOIR CITY,2008,official_vtd_exact_name_nhgis_blocks,0.95,Lenoir City,2000,1208,0.983973726617
high,LOUDON,005461,LENOIR CITY,2008,official_vtd_exact_name_nhgis_blocks,0.95,Lenoir City,2000,1208,0.014298901673
high,LOUDON,005462,LENOIR CITY,2008,official_vtd_exact_name_nhgis_blocks,0.95,Lenoir City,2000,1208,0.00172737171
high,LOUDON,005452,LOUDON,2008,official_vtd_exact_name_nhgis_blocks,0.95,Loudon,2000,1209,0.045218493408
high,LOUDON,005453,LOUDON,2008,official_vtd_exact_name_nhgis_blocks,0.95,Loudon,2000,1209,0.954781506592
high,LOUDON,005452,LOUDON OUTSIDE,2008,official_vtd_exact_name_nhgis_blocks,0.95,Loudon Outside,2000,1202,0.910209471577
high,LOUDON,005453,LOUDON OUTSIDE,2008,official_vtd_exact_name_nhgis_blocks,0.95,Loudon Outside,2000,1202,0.019101649603
high,LOUDON,005459,LOUDON OUTSIDE,2008,official_vtd_exact_name_nhgis_blocks,0.95,Loudon Outside,2000,1202,0.07068887882
high,LOUDON,005451,LUTTRELL,2008,official_vtd_exact_name_nhgis_blocks,0.95,Luttrell,2000,1201,1.0
high,LOUDON,005454,PHILADELPHIA,2008,official_vtd_exact_name_nhgis_blocks,0.95,Philadelphia,2000,1200,0.997722030346
high,LOUDON,006351,PHILADELPHIA,2008,official_vtd_exact_name_nhgis_blocks,0.95,Philadelphia,2000,1200,0.002277969654
high,LOUDON,005455,TELLICO VILLAGE,2008,official_vtd_exact_name_nhgis_blocks,0.95,Tellico Village,2000,1211,0.003406999473
high,LOUDON,005459,TELLICO VILLAGE,2008,official_vtd_exact_name_nhgis_blocks,0.95,Tellico Village,2000,1211,0.52899546983
high,LOUDON,005464,TELLICO VILLAGE,2008,official_vtd_exact_name_nhgis_blocks,0.95,Tellico Village,2000,1211,0.185847713862
high,LOUDON,005465,TELLICO VILLAGE,2008,official_vtd_exact_name_nhgis_blocks,0.95,Tellico Village,2000,1211,0.281749816835
high,LOUDON,005455,TELLICO VILLAGE EAST,2008,official_vtd_exact_name_nhgis_blocks,0.95,Tellico Village East,2000,1212,0.216879746451
high,LOUDON,005464,TELLICO VILLAGE EAST,2008,official_vtd_exact_name_nhgis_blocks,0.95,Tellico Village East,2000,1212,0.453882928154
high,LOUDON,005465,TELLICO VILLAGE EAST,2008,official_vtd_exact_name_nhgis_blocks,0.95,Tellico Village East,2000,1212,0.329237325395
high,MACON,005555,WESTSIDE SCHOOL,2008,official_vtd_exact_name_nhgis_blocks,0.95,Westside School,2000,1249,0.786026658145
high,MACON,005556,WESTSIDE SCHOOL,2008,official_vtd_exact_name_nhgis_blocks,0.95,Westside School,2000,1249,0.121465458905
high,MACON,005557,WESTSIDE SCHOOL,2008,official_vtd_exact_name_nhgis_blocks,0.95,Westside School,2000,1249,0.092507882949
medium,MACON,005554,SALLY WELLS BLDG,2008,official_vtd_fuzzy_name_nhgis_blocks,0.8,Sally Wells Building,2000,1248,0.125529238226
medium,MACON,005555,SALLY WELLS BLDG,2008,official_vtd_fuzzy_name_nhgis_blocks,0.8,Sally Wells Building,2000,1248,0.213162362225
medium,MACON,005556,SALLY WELLS BLDG,2008,official_vtd_fuzzy_name_nhgis_blocks,0.8,Sally Wells Building,2000,1248,0.011891238854
medium,MACON,005557,SALLY WELLS BLDG,2008,official_vtd_fuzzy_name_nhgis_blocks,0.8,Sally Wells Building,2000,1248,0.620714209845
medium,MACON,005558,SALLY WELLS BLDG,2008,official_vtd_fuzzy_name_nhgis_blocks,0.8,Sally Wells Building,2000,1248,0.018641011228
medium,MACON,005560,SALLY WELLS BLDG,2008,official_vtd_fuzzy_name_nhgis_blocks,0.8,Sally Wells Building,2000,1248,0.010061939622
high,MACON,005553,GALEN SCHOOL MUSEUM,2008,official_vtd_exact_name_nhgis_blocks,0.95,Galen School Museum,2000,1252,0.966988949643
high,MACON,005554,GALEN SCHOOL MUSEUM,2008,official_vtd_exact_name_nhgis_blocks,0.95,Galen School Museum,2000,1252,0.025565683189
high,MACON,005558,GALEN SCHOOL MUSEUM,2008,official_vtd_exact_name_nhgis_blocks,0.95,Galen School Museum,2000,1252,0.007445367169
high,MACON,005551,RBS HIGH SCHOOL,2008,official_vtd_exact_name_nhgis_blocks,0.95,RBS High School,2000,1254,0.589590436295
high,MACON,005552,RBS HIGH SCHOOL,2008,official_vtd_exact_name_nhgis_blocks,0.95,RBS High School,2000,1254,0.082857154063
high,MACON,005553,RBS HIGH SCHOOL,2008,official_vtd_exact_name_nhgis_blocks,0.95,RBS High School,2000,1254,0.327552409641
medium,MACON,005552,WILLETTE HEAD ST CTR,2008,official_vtd_fuzzy_name_nhgis_blocks,0.7846,Willette Head Start,2000,1255,1.0
high,MADISON,005671,2 1 ALEXANDER ELEM,2008,official_vtd_exact_label_code_nhgis_blocks,0.97,2-1 Alexander Elementary School,2000,1266,1.0
high,MADISON,005673,2 2 ALDERSGATE UMC,2008,official_vtd_exact_label_code_nhgis_blocks,0.97,2-2 Aldersgate United Methodist Church,2000,1270,1.0
high,MADISON,005651,2 3 TIGRETT MIDDLE,2008,official_vtd_exact_label_code_nhgis_blocks,0.97,2-3 Tigrett Middle School,2000,1262,0.284238757681
high,MADISON,005672,2 3 TIGRETT MIDDLE,2008,official_vtd_exact_label_code_nhgis_blocks,0.97,2-3 Tigrett Middle School,2000,1262,0.715761242319
high,MADISON,005677,3 1 BOARD OF EDUC,2008,official_vtd_exact_label_code_nhgis_blocks,0.97,3-1 Board of Education,2000,1264,1.0
high,MADISON,005679,3 2 OLD BELLS RD 10,2008,official_vtd_exact_label_code_nhgis_blocks,0.97,3-2 Old Bells Road Fire Station #10,2000,1279,1.0
high,MADISON,005676,3 3 JACKSON CTR IL,2008,official_vtd_exact_label_code_nhgis_blocks,0.97,3-3 Jackson Center for Independent Living,2000,1275,0.025967870342
high,MADISON,005678,3 3 JACKSON CTR IL,2008,official_vtd_exact_label_code_nhgis_blocks,0.97,3-3 Jackson Center for Independent Living,2000,1275,0.974032129658
high,MADISON,005676,4 1 MASONIC TEMPLE,2008,official_vtd_exact_label_code_nhgis_blocks,0.97,4-1 Jackson Masonic Temple Lodge #45,2000,1276,1.0
high,MADISON,005672,4 2 ANDREW JACKSON,2008,official_vtd_exact_label_code_nhgis_blocks,0.97,4-2 Andrew Jackson Elementary School,2000,1265,0.21582457887
high,MADISON,005674,4 2 ANDREW JACKSON,2008,official_vtd_exact_label_code_nhgis_blocks,0.97,4-2 Andrew Jackson Elementary School,2000,1265,0.78417542113
high,MADISON,005673,4 3 NORTHSIDE UMC,2008,official_vtd_exact_label_code_nhgis_blocks,0.97,4-3 Festivities! Events and Party Place,2000,1274,0.196548656641
high,MADISON,005675,4 3 NORTHSIDE UMC,2008,official_vtd_exact_label_code_nhgis_blocks,0.97,4-3 Festivities! Events and Party Place,2000,1274,0.803451343359
high,MADISON,005651,5 1 WHITEHALL ELEM,2008,official_vtd_exact_label_code_nhgis_blocks,0.97,5-1 Whitehall Elementary School,2000,1263,0.130690061172
high,MADISON,005652,5 1 WHITEHALL ELEM,2008,official_vtd_exact_label_code_nhgis_blocks,0.97,5-1 Whitehall Elementary School,2000,1263,0.052072842781
high,MADISON,005653,5 1 WHITEHALL ELEM,2008,official_vtd_exact_label_code_nhgis_blocks,0.97,5-1 Whitehall Elementary School,2000,1263,0.817237096047
high,MADISON,005654,5 2 MACEDONIA BC,2008,official_vtd_exact_label_code_nhgis_blocks,0.97,5-2 Macedonia Baptist Church,2000,1267,0.939931319213
high,MADISON,005671,5 2 MACEDONIA BC,2008,official_vtd_exact_label_code_nhgis_blocks,0.97,5-2 Macedonia Baptist Church,2000,1267,0.060068680787
high,MADISON,005654,5 3 N PARKWAY ELEM,2008,official_vtd_exact_label_code_nhgis_blocks,0.97,5-3 North Parkway Elementary School,2000,1268,0.008856561615
high,MADISON,005655,5 3 N PARKWAY ELEM,2008,official_vtd_exact_label_code_nhgis_blocks,0.97,5-3 North Parkway Elementary School,2000,1268,0.669959969163
high,MADISON,005667,5 3 N PARKWAY ELEM,2008,official_vtd_exact_label_code_nhgis_blocks,0.97,5-3 North Parkway Elementary School,2000,1268,0.321183469221
high,MADISON,005656,6 1 SOUTHSIDE HIGH,2008,official_vtd_exact_label_code_nhgis_blocks,0.97,6-1 Southside High School,2000,1257,0.213700079356
high,MADISON,005657,6 1 SOUTHSIDE HIGH,2008,official_vtd_exact_label_code_nhgis_blocks,0.97,6-1 Southside High School,2000,1257,0.000547788423
high,MADISON,005660,6 1 SOUTHSIDE HIGH,2008,official_vtd_exact_label_code_nhgis_blocks,0.97,6-1 Southside High School,2000,1257,0.006137476845
high,MADISON,005663,6 1 SOUTHSIDE HIGH,2008,official_vtd_exact_label_code_nhgis_blocks,0.97,6-1 Southside High School,2000,1257,0.034390304309
high,MADISON,005682,6 1 SOUTHSIDE HIGH,2008,official_vtd_exact_label_code_nhgis_blocks,0.97,6-1 Southside High School,2000,1257,0.745224351067
high,MADISON,005660,6 2 SOUTH ELEM,2008,official_vtd_exact_label_code_nhgis_blocks,0.97,6-2 South Elementary School,2000,1283,0.000416091087
high,MADISON,005662,6 2 SOUTH ELEM,2008,official_vtd_exact_label_code_nhgis_blocks,0.97,6-2 South Elementary School,2000,1283,0.514580696664
high,MADISON,005663,6 2 SOUTH ELEM,2008,official_vtd_exact_label_code_nhgis_blocks,0.97,6-2 South Elementary School,2000,1283,0.485003212249
high,MADISON,005663,6 3 LESTERS CH FS 1,2008,official_vtd_exact_label_code_nhgis_blocks,0.97,6-3 Lesters Chapel Fire Station #1,2000,1258,1.0
high,MADISON,005657,6 4 MALESUS CC,2008,official_vtd_exact_label_code_nhgis_blocks,0.97,6-4 Malesus Community Center,2000,1259,0.301358734099
high,MADISON,005660,6 4 MALESUS CC,2008,official_vtd_exact_label_code_nhgis_blocks,0.97,6-4 Malesus Community Center,2000,1259,0.68425456252
high,MADISON,005682,6 4 MALESUS CC,2008,official_vtd_exact_label_code_nhgis_blocks,0.97,6-4 Malesus Community Center,2000,1259,0.014386703381
high,MADISON,005658,6 5 MEDON CTY HALL,2008,official_vtd_exact_label_code_nhgis_blocks,0.97,6-5 Medon City Hall,2000,1284,0.445272045707
high,MADISON,005661,6 5 MEDON CTY HALL,2008,official_vtd_exact_label_code_nhgis_blocks,0.97,6-5 Medon City Hall,2000,1284,0.554727954293
high,MADISON,005656,7 1 UT EXPERIMENT,2008,official_vtd_exact_label_code_nhgis_blocks,0.97,7-1 UT Experiment Station,2000,1261,0.935485590131
high,MADISON,005657,7 1 UT EXPERIMENT,2008,official_vtd_exact_label_code_nhgis_blocks,0.97,7-1 UT Experiment Station,2000,1261,0.063431196219
high,MADISON,005677,7 1 UT EXPERIMENT,2008,official_vtd_exact_label_code_nhgis_blocks,0.97,7-1 UT Experiment Station,2000,1261,0.001083213649
high,MADISON,003915,7 2 TENNESSEE TECH,2008,official_vtd_exact_label_code_nhgis_blocks,0.97,7-2 Tennessee Technology Center,2000,1260,3.3098587e-05
high,MADISON,005656,7 2 TENNESSEE TECH,2008,official_vtd_exact_label_code_nhgis_blocks,0.97,7-2 Tennessee Technology Center,2000,1260,0.001905883701
high,MADISON,005657,7 2 TENNESSEE TECH,2008,official_vtd_exact_label_code_nhgis_blocks,0.97,7-2 Tennessee Technology Center,2000,1260,0.946671414709
high,MADISON,005658,7 2 TENNESSEE TECH,2008,official_vtd_exact_label_code_nhgis_blocks,0.97,7-2 Tennessee Technology Center,2000,1260,0.051389603003
high,MADISON,005658,7 3 DENMARK CC,2008,official_vtd_exact_label_code_nhgis_blocks,0.97,7-3 Denmark-West Community Center,2000,1285,0.997970518191
high,MADISON,005659,7 3 DENMARK CC,2008,official_vtd_exact_label_code_nhgis_blocks,0.97,7-3 Denmark-West Community Center,2000,1285,0.002029481809
high,MADISON,005659,7 4 MERCER FS 8,2008,official_vtd_exact_label_code_nhgis_blocks,0.97,7-4 Mercer Fire Station #8,2000,1287,1.0
high,MADISON,005666,8 1 BEECH BLUFF RUR,2008,official_vtd_exact_label_code_nhgis_blocks,0.97,8-1 Beech Bluff Ruritan Club,2000,1282,1.0
high,MADISON,005655,8 2 BROWNS UMC,2008,official_vtd_exact_label_code_nhgis_blocks,0.97,8-2 Brown's Community Ruritan Club,2000,1273,0.002223575605
high,MADISON,005667,8 2 BROWNS UMC,2008,official_vtd_exact_label_code_nhgis_blocks,0.97,8-2 Brown's Community Ruritan Club,2000,1273,0.486014576307
high,MADISON,005668,8 2 BROWNS UMC,2008,official_vtd_exact_label_code_nhgis_blocks,0.97,8-2 Brown's Community Ruritan Club,2000,1273,0.400070998365
high,MADISON,005683,8 2 BROWNS UMC,2008,official_vtd_exact_label_code_nhgis_blocks,0.97,8-2 Brown's Community Ruritan Club,2000,1273,0.111690849723
high,MADISON,005665,8 3 MIFFLIN FS 15,2008,official_vtd_exact_label_code_nhgis_blocks,0.97,8-3 Mifflin Fire Station #15,2000,1288,1.0
high,MADISON,005664,8 4 E UNION RURITAN,2008,official_vtd_exact_label_code_nhgis_blocks,0.97,8-4 East Union Ruritan Club,2000,1286,1.0
high,MADISON,005669,9 1 V F W,2008,official_vtd_code_and_name_nhgis_blocks,1.0,9-1 V.F.W.,2000,1277,0.262468034199
high,MADISON,005676,9 1 V F W,2008,official_vtd_code_and_name_nhgis_blocks,1.0,9-1 V.F.W.,2000,1277,0.054824186236
high,MADISON,005680,9 1 V F W,2008,official_vtd_code_and_name_nhgis_blocks,1.0,9-1 V.F.W.,2000,1277,0.472181908084
high,MADISON,005681,9 1 V F W,2008,official_vtd_code_and_name_nhgis_blocks,1.0,9-1 V.F.W.,2000,1277,0.210525871481
high,MADISON,005669,9 2 POPE ELEMENTARY,2008,official_vtd_exact_label_code_nhgis_blocks,0.97,9-2 Pope Elementary School,2000,1278,0.001170683425
high,MADISON,005678,9 2 POPE ELEMENTARY,2008,official_vtd_exact_label_code_nhgis_blocks,0.97,9-2 Pope Elementary School,2000,1278,0.026220714621
high,MADISON,005680,9 2 POPE ELEMENTARY,2008,official_vtd_exact_label_code_nhgis_blocks,0.97,9-2 Pope Elementary School,2000,1278,0.111670627152
high,MADISON,005681,9 2 POPE ELEMENTARY,2008,official_vtd_exact_label_code_nhgis_blocks,0.97,9-2 Pope Elementary School,2000,1278,0.860937974801
high,MADISON,005670,9 3 THREE WAY,2008,official_vtd_exact_label_code_nhgis_blocks,0.97,9-3 Three Way City Meeting Room,2000,1280,1.0
high,MADISON,005655,10 3 NORTHSIDE HIGH,2008,official_vtd_exact_label_code_nhgis_blocks,0.97,10-3 Northside High School,2000,1271,0.303974910111
high,MADISON,005668,10 3 NORTHSIDE HIGH,2008,official_vtd_exact_label_code_nhgis_blocks,0.97,10-3 Northside High School,2000,1271,0.038297693186
high,MADISON,005669,10 3 NORTHSIDE HIGH,2008,official_vtd_exact_label_code_nhgis_blocks,0.97,10-3 Northside High School,2000,1271,0.656940166017
high,MADISON,005681,10 3 NORTHSIDE HIGH,2008,official_vtd_exact_label_code_nhgis_blocks,0.97,10-3 Northside High School,2000,1271,0.000787230686
high,MARION,005758,SOUTH PITTSBURG,2008,official_vtd_exact_name_nhgis_blocks,0.95,South Pittsburg,2000,1289,0.001525661035
high,MARION,005764,SOUTH PITTSBURG,2008,official_vtd_exact_name_nhgis_blocks,0.95,South Pittsburg,2000,1289,0.998474338965
high,MARION,005755,NEW HOPE,2008,official_vtd_exact_name_nhgis_blocks,0.95,New Hope,2000,1297,0.013953942824
high,MARION,005758,NEW HOPE,2008,official_vtd_exact_name_nhgis_blocks,0.95,New Hope,2000,1297,0.9639579711
high,MARION,005763,NEW HOPE,2008,official_vtd_exact_name_nhgis_blocks,0.95,New Hope,2000,1297,0.022088086076
high,MARION,005759,ORME,2008,official_vtd_exact_name_nhgis_blocks,0.95,Orme,2000,1290,0.281018239548
high,MARION,005764,ORME,2008,official_vtd_exact_name_nhgis_blocks,0.95,Orme,2000,1290,0.718981760452
high,MARION,005756,LODGE,2008,official_vtd_exact_name_nhgis_blocks,0.95,Lodge,2000,1291,1.0
high,MARION,005755,BATTLE CREEK,2008,official_vtd_exact_name_nhgis_blocks,0.95,Battle Creek,2000,1294,0.877638274962
high,MARION,005756,BATTLE CREEK,2008,official_vtd_exact_name_nhgis_blocks,0.95,Battle Creek,2000,1294,0.090285298612
high,MARION,005757,BATTLE CREEK,2008,official_vtd_exact_name_nhgis_blocks,0.95,Battle Creek,2000,1294,0.032076426426
high,MARION,005755,MONTEAGLE,2008,official_vtd_exact_name_nhgis_blocks,0.95,Monteagle,2000,1293,9.720504e-06
high,MARION,005756,MONTEAGLE,2008,official_vtd_exact_name_nhgis_blocks,0.95,Monteagle,2000,1293,0.094992752026
high,MARION,005757,MONTEAGLE,2008,official_vtd_exact_name_nhgis_blocks,0.95,Monteagle,2000,1293,0.90499752747
high,MARION,005754,KIMBALL,2008,official_vtd_exact_name_nhgis_blocks,0.95,Kimball,2000,1292,0.00079997359
high,MARION,005755,KIMBALL,2008,official_vtd_exact_name_nhgis_blocks,0.95,Kimball,2000,1292,0.99565001473
high,MARION,005756,KIMBALL,2008,official_vtd_exact_name_nhgis_blocks,0.95,Kimball,2000,1292,0.000592869055
high,MARION,005764,KIMBALL,2008,official_vtd_exact_name_nhgis_blocks,0.95,Kimball,2000,1292,0.002957142624
high,MARION,005763,SHELLMOUND,2008,official_vtd_exact_name_nhgis_blocks,0.95,Shellmound,2000,1296,1.0
medium,MARION,005753,HALETOWN LADD,2008,official_vtd_fuzzy_name_nhgis_blocks,0.8667,Haletown-Ladds,2000,1298,1.0
high,MARION,005752,JASPER,2008,official_vtd_exact_name_nhgis_blocks,0.95,Jasper,2000,1295,0.000429348531
high,MARION,005754,JASPER,2008,official_vtd_exact_name_nhgis_blocks,0.95,Jasper,2000,1295,0.987767171676
high,MARION,005755,JASPER,2008,official_vtd_exact_name_nhgis_blocks,0.95,Jasper,2000,1295,0.011164040645
high,MARION,005762,JASPER,2008,official_vtd_exact_name_nhgis_blocks,0.95,Jasper,2000,1295,0.000639439149
high,MARION,005754,CEDAR GROVE,2008,official_vtd_exact_name_nhgis_blocks,0.95,Cedar Grove,2000,1299,0.9968609803
high,MARION,005763,CEDAR GROVE,2008,official_vtd_exact_name_nhgis_blocks,0.95,Cedar Grove,2000,1299,0.0031390197
high,MARION,005752,FOSTER FALLS,2008,official_vtd_exact_name_nhgis_blocks,0.95,Foster Falls,2000,1302,0.988854729624
high,MARION,005754,FOSTER FALLS,2008,official_vtd_exact_name_nhgis_blocks,0.95,Foster Falls,2000,1302,0.011145270376
high,MARION,005752,SEQUATCHIE,2008,official_vtd_exact_name_nhgis_blocks,0.95,Sequatchie,2000,1304,0.051873155796
high,MARION,005760,SEQUATCHIE,2008,official_vtd_exact_name_nhgis_blocks,0.95,Sequatchie,2000,1304,1.7205385e-05
high,MARION,005762,SEQUATCHIE,2008,official_vtd_exact_name_nhgis_blocks,0.95,Sequatchie,2000,1304,0.948109638819
high,MARION,005761,MINERAL SPRINGS,2008,official_vtd_exact_name_nhgis_blocks,0.95,Mineral Springs,2000,1300,0.12643528116
high,MARION,005762,MINERAL SPRINGS,2008,official_vtd_exact_name_nhgis_blocks,0.95,Mineral Springs,2000,1300,0.87356471884
medium,MARION,005765,WALDEN S RIDGE,2008,official_vtd_fuzzy_name_nhgis_blocks,0.8667,Waldens Ridge,2000,1306,1.0
high,MARION,003421,ELDER MOUNTAIN,2008,official_vtd_exact_name_nhgis_blocks,0.95,Elder Mountain,2000,1301,0.062927979651
high,MARION,005751,ELDER MOUNTAIN,2008,official_vtd_exact_name_nhgis_blocks,0.95,Elder Mountain,2000,1301,0.937072020349
high,MARION,005761,LUSK STORE,2008,official_vtd_exact_name_nhgis_blocks,0.95,Lusk Store,2000,1307,1.0
high,MARION,005766,WHITWELL,2008,official_vtd_exact_name_nhgis_blocks,0.95,Whitwell,2000,1308,1.0
medium,MARION,005760,POWELLS CROSSROAD,2008,official_vtd_fuzzy_name_nhgis_blocks,0.8743,Powells Crossroads,2000,1305,0.966293831835
medium,MARION,005766,POWELLS CROSSROAD,2008,official_vtd_fuzzy_name_nhgis_blocks,0.8743,Powells Crossroads,2000,1305,0.033706168165
high,MARSHALL,005851,1 CHAPEL HILL,2008,official_vtd_code_and_name_nhgis_blocks,1.0,1 Chapel Hill,2000,1316,0.276375275339
high,MARSHALL,005854,1 CHAPEL HILL,2008,official_vtd_code_and_name_nhgis_blocks,1.0,1 Chapel Hill,2000,1316,0.723624724661
high,MARSHALL,000104,2 HENRY HORTON PARK,2008,official_vtd_exact_label_code_nhgis_blocks,0.97,2 Henry Horton State Park,2000,1315,3.5799125e-05
high,MARSHALL,005851,2 HENRY HORTON PARK,2008,official_vtd_exact_label_code_nhgis_blocks,0.97,2 Henry Horton State Park,2000,1315,0.599217801044
high,MARSHALL,005856,2 HENRY HORTON PARK,2008,official_vtd_exact_label_code_nhgis_blocks,0.97,2 Henry Horton State Park,2000,1315,0.310305857623
high,MARSHALL,005857,2 HENRY HORTON PARK,2008,official_vtd_exact_label_code_nhgis_blocks,0.97,2 Henry Horton State Park,2000,1315,0.034239663106
high,MARSHALL,005858,2 HENRY HORTON PARK,2008,official_vtd_exact_label_code_nhgis_blocks,0.97,2 Henry Horton State Park,2000,1315,0.056200879101
high,MARSHALL,005853,3 BELFAST,2008,official_vtd_code_and_name_nhgis_blocks,1.0,3 Belfast,2000,1313,1.0
high,MARSHALL,005852,4 CORNERSVILLE,2008,official_vtd_exact_label_code_nhgis_blocks,0.97,4 South Marshall Volunteer FD,2000,1309,0.937480423794
high,MARSHALL,005853,4 CORNERSVILLE,2008,official_vtd_exact_label_code_nhgis_blocks,0.97,4 South Marshall Volunteer FD,2000,1309,0.062474355534
high,MARSHALL,005858,4 CORNERSVILLE,2008,official_vtd_exact_label_code_nhgis_blocks,0.97,4 South Marshall Volunteer FD,2000,1309,4.5220672e-05
high,MARSHALL,005852,5 RECREATION CENTER,2008,official_vtd_code_and_name_nhgis_blocks,1.0,5 Recreation Center,2000,1317,0.285845978197
high,MARSHALL,005855,5 RECREATION CENTER,2008,official_vtd_code_and_name_nhgis_blocks,1.0,5 Recreation Center,2000,1317,0.22647879552
high,MARSHALL,005859,5 RECREATION CENTER,2008,official_vtd_code_and_name_nhgis_blocks,1.0,5 Recreation Center,2000,1317,0.487675226283
high,MARSHALL,005855,6 WEST HILLS ELEM,2008,official_vtd_exact_label_code_nhgis_blocks,0.97,6 West Hills Elementary,2000,1314,0.437707521028
high,MARSHALL,005856,6 WEST HILLS ELEM,2008,official_vtd_exact_label_code_nhgis_blocks,0.97,6 West Hills Elementary,2000,1314,0.562292478972
high,MARSHALL,005856,7 HARDISON SCHOOL,2008,official_vtd_code_and_name_nhgis_blocks,1.0,7 Hardison School,2000,1312,0.049842283019
high,MARSHALL,005857,7 HARDISON SCHOOL,2008,official_vtd_code_and_name_nhgis_blocks,1.0,7 Hardison School,2000,1312,0.950157716981
high,MARSHALL,005853,8 LEWISBURG GAS,2008,official_vtd_exact_label_code_nhgis_blocks,0.97,8 Lewisburg Gas Dept.,2000,1310,0.01378875197
high,MARSHALL,005857,8 LEWISBURG GAS,2008,official_vtd_exact_label_code_nhgis_blocks,0.97,8 Lewisburg Gas Dept.,2000,1310,0.005416029405
high,MARSHALL,005858,8 LEWISBURG GAS,2008,official_vtd_exact_label_code_nhgis_blocks,0.97,8 Lewisburg Gas Dept.,2000,1310,0.980795218624
high,MARSHALL,005852,9 COURTHOUSE,2008,official_vtd_code_and_name_nhgis_blocks,1.0,9 Courthouse,2000,1311,0.476637179637
high,MARSHALL,005859,9 COURTHOUSE,2008,official_vtd_code_and_name_nhgis_blocks,1.0,9 Courthouse,2000,1311,0.523362820363
medium,MAURY,005964,PLEASANT HEIGHTS 9 2,2008,official_vtd_fuzzy_name_nhgis_blocks,0.8,Pleasant Heights,2000,1332,1.0
medium,MAURY,005961,PORTERS CHAPEL 9 3,2008,official_vtd_fuzzy_name_nhgis_blocks,0.7875,Porters Chapel,2000,1338,0.058598335478
medium,MAURY,005964,PORTERS CHAPEL 9 3,2008,official_vtd_fuzzy_name_nhgis_blocks,0.7875,Porters Chapel,2000,1338,0.244277602041
medium,MAURY,005968,PORTERS CHAPEL 9 3,2008,official_vtd_fuzzy_name_nhgis_blocks,0.7875,Porters Chapel,2000,1338,0.697124062482
high,MCMINN,006060,CITY PARK SCHOOL,2008,official_vtd_exact_name_nhgis_blocks,0.95,01 City Park School,2000,1223,1.0
high,MCMINN,006051,ENGLEWOOD SCHOOL,2008,official_vtd_exact_name_nhgis_blocks,0.95,04 Englewood School,2000,1214,1.0
high,MCMINN,006058,ROGERS CREEK SCHOOL,2008,official_vtd_exact_name_nhgis_blocks,0.95,05 Rogers Creek School,2000,1221,1.0
high,MCMINN,006057,RICEVILLE SCHOOL,2008,official_vtd_exact_name_nhgis_blocks,0.95,06 Riceville School,2000,1220,1.0
high,MCMINN,006062,CALHOUN SCHOOL,2008,official_vtd_exact_name_nhgis_blocks,0.95,07 Calhoun School,2000,1225,0.995563109785
high,MCMINN,006063,CALHOUN SCHOOL,2008,official_vtd_exact_name_nhgis_blocks,0.95,07 Calhoun School,2000,1225,0.004436890215
high,MCMINN,006053,NIOTA SCHOOL,2008,official_vtd_exact_name_nhgis_blocks,0.95,08 Niota School,2000,1216,1.0
high,MCMINN,006052,INGLESIDE SCHOOL,2008,official_vtd_exact_name_nhgis_blocks,0.95,09 Ingleside School,2000,1218,0.147631140797
high,MCMINN,006053,INGLESIDE SCHOOL,2008,official_vtd_exact_name_nhgis_blocks,0.95,09 Ingleside School,2000,1218,0.042657185321
high,MCMINN,006055,INGLESIDE SCHOOL,2008,official_vtd_exact_name_nhgis_blocks,0.95,09 Ingleside School,2000,1218,0.809711673882
high,MCMINN,006052,MCMINN COURTHOUSE,2008,official_vtd_exact_name_nhgis_blocks,0.95,11 McMinn Courthouse,2000,1215,1.0
high,MCMINN,006052,NORTH CITY SCHOOL,2008,official_vtd_exact_name_nhgis_blocks,0.95,12 North City School,2000,1217,0.000384457939
high,MCMINN,006053,NORTH CITY SCHOOL,2008,official_vtd_exact_name_nhgis_blocks,0.95,12 North City School,2000,1217,0.00584822216
high,MCMINN,006054,NORTH CITY SCHOOL,2008,official_vtd_exact_name_nhgis_blocks,0.95,12 North City School,2000,1217,0.993722139143
high,MCMINN,006059,NORTH CITY SCHOOL,2008,official_vtd_exact_name_nhgis_blocks,0.95,12 North City School,2000,1217,4.5180758e-05
high,MCMINN,006063,CLAXTON FIRE HALL,2008,official_vtd_exact_name_nhgis_blocks,0.95,13 Claxton Fire Hall,2000,1226,1.0
medium,MCMINN,006059,E K BAKER SCHOOL,2008,official_vtd_fuzzy_name_nhgis_blocks,0.871,14 EK Baker School,2000,1222,1.0
medium,MCNAIRY,006152,BETHEL SPRINGS 1 1,2008,official_vtd_fuzzy_name_nhgis_blocks,0.7875,1 Bethel Springs,2000,1230,0.12902414015
medium,MCNAIRY,006158,BETHEL SPRINGS 1 1,2008,official_vtd_fuzzy_name_nhgis_blocks,0.7875,1 Bethel Springs,2000,1230,0.87097585985
medium,MCNAIRY,006156,COURTHOUSE SE 6 1,2008,official_vtd_fuzzy_name_nhgis_blocks,0.78,6 Courthouse SE,2000,1240,1.0
high,MEIGS,003361,1 EASTVIEW,2008,official_vtd_code_and_name_nhgis_blocks,1.0,1 Eastview,2000,1341,0.001028164876
high,MEIGS,006253,1 EASTVIEW,2008,official_vtd_code_and_name_nhgis_blocks,1.0,1 Eastview,2000,1341,0.998971835124
high,MEIGS,006058,2 MEIGS SOUTH,2008,official_vtd_code_and_name_nhgis_blocks,1.0,2 Meigs South,2000,1339,0.000157478799
high,MEIGS,006251,2 MEIGS SOUTH,2008,official_vtd_code_and_name_nhgis_blocks,1.0,2 Meigs South,2000,1339,0.91135711817
high,MEIGS,006253,2 MEIGS SOUTH,2008,official_vtd_code_and_name_nhgis_blocks,1.0,2 Meigs South,2000,1339,0.088485403031
high,MEIGS,006252,3 COURTHOUSE,2008,official_vtd_code_and_name_nhgis_blocks,1.0,3 Courthouse,2000,1340,0.953692062359
high,MEIGS,006254,3 COURTHOUSE,2008,official_vtd_code_and_name_nhgis_blocks,1.0,3 Courthouse,2000,1340,0.013195951723
high,MEIGS,006255,3 COURTHOUSE,2008,official_vtd_code_and_name_nhgis_blocks,1.0,3 Courthouse,2000,1340,0.033111985918
high,MEIGS,006252,3 CITY HALL,2008,official_vtd_code_and_name_nhgis_blocks,1.0,3 City Hall,2000,1342,0.014507105353
high,MEIGS,006254,3 CITY HALL,2008,official_vtd_code_and_name_nhgis_blocks,1.0,3 City Hall,2000,1342,0.985492894647
high,MEIGS,006252,4 MEIGS NORTH,2008,official_vtd_code_and_name_nhgis_blocks,1.0,4 Meigs North,2000,1343,6.2626472e-05
high,MEIGS,006254,4 MEIGS NORTH,2008,official_vtd_code_and_name_nhgis_blocks,1.0,4 Meigs North,2000,1343,1.1235569e-05
high,MEIGS,006255,4 MEIGS NORTH,2008,official_vtd_code_and_name_nhgis_blocks,1.0,4 Meigs North,2000,1343,0.973607058271
high,MEIGS,006256,4 MEIGS NORTH,2008,official_vtd_code_and_name_nhgis_blocks,1.0,4 Meigs North,2000,1343,0.026319079688
high,MEIGS,006256,5 TEN MILE,2008,official_vtd_code_and_name_nhgis_blocks,1.0,5 Ten Mile,2000,1344,1.0
high,MONROE,006351,BROWN ELEMENTARY,2008,official_vtd_exact_name_nhgis_blocks,0.95,03 Brown Elementary,2000,1350,0.026445628218
high,MONROE,006352,BROWN ELEMENTARY,2008,official_vtd_exact_name_nhgis_blocks,0.95,03 Brown Elementary,2000,1350,0.000664913052
high,MONROE,006353,BROWN ELEMENTARY,2008,official_vtd_exact_name_nhgis_blocks,0.95,03 Brown Elementary,2000,1350,0.97288945873
medium,MONROE,006360,RURAL VALE FIREDEPT,2008,official_vtd_fuzzy_name_nhgis_blocks,0.8769,10 Rural Vale Fire Dept,2000,1351,0.985029583449
medium,MONROE,006361,RURAL VALE FIREDEPT,2008,official_vtd_fuzzy_name_nhgis_blocks,0.8769,10 Rural Vale Fire Dept,2000,1351,0.014970416551
high,MONTGOMERY,006467,1 ST BETHLEHEM SCH,2008,official_vtd_exact_label_code_nhgis_blocks,0.97,1,2000,1358,0.135953002457
high,MONTGOMERY,006471,1 ST BETHLEHEM SCH,2008,official_vtd_exact_label_code_nhgis_blocks,0.97,1,2000,1358,0.864046997543
high,MONTGOMERY,006464,2 ST BETHELEHEM METH,2008,official_vtd_exact_label_code_nhgis_blocks,0.97,2,2000,1366,0.755269560467
high,MONTGOMERY,006467,2 ST BETHELEHEM METH,2008,official_vtd_exact_label_code_nhgis_blocks,0.97,2,2000,1366,0.000181608833
high,MONTGOMERY,006471,2 ST BETHELEHEM METH,2008,official_vtd_exact_label_code_nhgis_blocks,0.97,2,2000,1366,0.016854004324
high,MONTGOMERY,006478,2 ST BETHELEHEM METH,2008,official_vtd_exact_label_code_nhgis_blocks,0.97,2,2000,1366,0.227694826376
high,MONTGOMERY,006453,3A EAST MONTGOMERY,2008,official_vtd_exact_label_code_nhgis_blocks,0.97,3A,2000,1360,0.929763612913
high,MONTGOMERY,006468,3A EAST MONTGOMERY,2008,official_vtd_exact_label_code_nhgis_blocks,0.97,3A,2000,1360,0.070236387087
high,MONTGOMERY,006453,3B SANGO SCHOOL,2008,official_vtd_exact_label_code_nhgis_blocks,0.97,3B,2000,1359,0.927480454591
high,MONTGOMERY,006468,3B SANGO SCHOOL,2008,official_vtd_exact_label_code_nhgis_blocks,0.97,3B,2000,1359,0.072519545409
high,MONTGOMERY,006461,4A MCMS,2008,official_vtd_exact_label_code_nhgis_blocks,0.97,4A,2000,1372,1.0
high,MONTGOMERY,006460,4B CENTRAL CIVITAN,2008,official_vtd_exact_label_code_nhgis_blocks,0.97,4B,2000,1373,0.427145791893
high,MONTGOMERY,006461,4B CENTRAL CIVITAN,2008,official_vtd_exact_label_code_nhgis_blocks,0.97,4B,2000,1373,0.542941456334
high,MONTGOMERY,006473,4B CENTRAL CIVITAN,2008,official_vtd_exact_label_code_nhgis_blocks,0.97,4B,2000,1373,0.029912751774
high,MONTGOMERY,006459,5 JAYCEE ACTIVITY CT,2008,official_vtd_exact_label_code_nhgis_blocks,0.97,5,2000,1374,0.359141202775
high,MONTGOMERY,006472,5 JAYCEE ACTIVITY CT,2008,official_vtd_exact_label_code_nhgis_blocks,0.97,5,2000,1374,0.640658047527
high,MONTGOMERY,006476,5 JAYCEE ACTIVITY CT,2008,official_vtd_exact_label_code_nhgis_blocks,0.97,5,2000,1374,0.000200749697
high,MONTGOMERY,006460,6A CUMBERLAND HGHTS,2008,official_vtd_exact_label_code_nhgis_blocks,0.97,6A,2000,1370,1.0
high,MONTGOMERY,006460,6B BETHEL BAPTIST CH,2008,official_vtd_exact_label_code_nhgis_blocks,0.97,6B,2000,1375,0.255066352713
high,MONTGOMERY,006473,6B BETHEL BAPTIST CH,2008,official_vtd_exact_label_code_nhgis_blocks,0.97,6B,2000,1375,0.744933647287
high,MONTGOMERY,006455,7 WOODLAWN ELEM SCH,2008,official_vtd_exact_label_code_nhgis_blocks,0.97,7,2000,1376,1.0
high,MONTGOMERY,006451,8 THE PLANTING,2008,official_vtd_exact_label_code_nhgis_blocks,0.97,8,2000,1365,0.898420375017
high,MONTGOMERY,006452,8 THE PLANTING,2008,official_vtd_exact_label_code_nhgis_blocks,0.97,8,2000,1365,0.101579624983
high,MONTGOMERY,006451,9 OUTLAW FIELD,2008,official_vtd_exact_label_code_nhgis_blocks,0.97,9,2000,1364,4.0931616e-05
high,MONTGOMERY,006452,9 OUTLAW FIELD,2008,official_vtd_exact_label_code_nhgis_blocks,0.97,9,2000,1364,0.770775768305
high,MONTGOMERY,006454,9 OUTLAW FIELD,2008,official_vtd_exact_label_code_nhgis_blocks,0.97,9,2000,1364,0.009448198862
high,MONTGOMERY,006457,9 OUTLAW FIELD,2008,official_vtd_exact_label_code_nhgis_blocks,0.97,9,2000,1364,0.159413465719
high,MONTGOMERY,006463,9 OUTLAW FIELD,2008,official_vtd_exact_label_code_nhgis_blocks,0.97,9,2000,1364,0.060321635497
high,MONTGOMERY,006451,10 MINGLEWOOD SCHOOL,2008,official_vtd_exact_label_code_nhgis_blocks,0.97,10,2000,1378,0.024250885636
high,MONTGOMERY,006452,10 MINGLEWOOD SCHOOL,2008,official_vtd_exact_label_code_nhgis_blocks,0.97,10,2000,1378,0.00261431612
high,MONTGOMERY,006454,10 MINGLEWOOD SCHOOL,2008,official_vtd_exact_label_code_nhgis_blocks,0.97,10,2000,1378,0.972949624402
high,MONTGOMERY,006455,10 MINGLEWOOD SCHOOL,2008,official_vtd_exact_label_code_nhgis_blocks,0.97,10,2000,1378,0.000185173842
high,MONTGOMERY,006454,11 LIBERTY SCHOOL,2008,official_vtd_exact_label_code_nhgis_blocks,0.97,11,2000,1377,0.340020717325
high,MONTGOMERY,006455,11 LIBERTY SCHOOL,2008,official_vtd_exact_label_code_nhgis_blocks,0.97,11,2000,1377,0.52923299934
high,MONTGOMERY,006456,11 LIBERTY SCHOOL,2008,official_vtd_exact_label_code_nhgis_blocks,0.97,11,2000,1377,0.098884992689
high,MONTGOMERY,006470,11 LIBERTY SCHOOL,2008,official_vtd_exact_label_code_nhgis_blocks,0.97,11,2000,1377,0.031861290645
high,MONTGOMERY,006457,12 RINGGOLD SCHOOL,2008,official_vtd_exact_label_code_nhgis_blocks,0.97,12,2000,1381,0.855361578389
high,MONTGOMERY,006458,12 RINGGOLD SCHOOL,2008,official_vtd_exact_label_code_nhgis_blocks,0.97,12,2000,1381,0.144638421611
high,MONTGOMERY,006457,13 BYRNS DARDEN SCH,2008,official_vtd_exact_label_code_nhgis_blocks,0.97,13,2000,1371,0.117613317758
high,MONTGOMERY,006458,13 BYRNS DARDEN SCH,2008,official_vtd_exact_label_code_nhgis_blocks,0.97,13,2000,1371,0.8645841843
high,MONTGOMERY,006470,13 BYRNS DARDEN SCH,2008,official_vtd_exact_label_code_nhgis_blocks,0.97,13,2000,1371,0.017802497942
high,MONTGOMERY,006463,14 GLENELLEN SCHOOL,2008,official_vtd_exact_label_code_nhgis_blocks,0.97,14,2000,1363,0.066729652728
high,MONTGOMERY,006465,14 GLENELLEN SCHOOL,2008,official_vtd_exact_label_code_nhgis_blocks,0.97,14,2000,1363,0.605454376604
high,MONTGOMERY,006466,14 GLENELLEN SCHOOL,2008,official_vtd_exact_label_code_nhgis_blocks,0.97,14,2000,1363,0.258377237883
high,MONTGOMERY,006479,14 GLENELLEN SCHOOL,2008,official_vtd_exact_label_code_nhgis_blocks,0.97,14,2000,1363,0.069438732785
high,MONTGOMERY,006455,15 HILLCREST BAPTIST,2008,official_vtd_exact_label_code_nhgis_blocks,0.97,15,2000,1380,9.48083e-07
high,MONTGOMERY,006456,15 HILLCREST BAPTIST,2008,official_vtd_exact_label_code_nhgis_blocks,0.97,15,2000,1380,0.15728406122
high,MONTGOMERY,006458,15 HILLCREST BAPTIST,2008,official_vtd_exact_label_code_nhgis_blocks,0.97,15,2000,1380,0.000815895336
high,MONTGOMERY,006470,15 HILLCREST BAPTIST,2008,official_vtd_exact_label_code_nhgis_blocks,0.97,15,2000,1380,0.841899095362
high,MONTGOMERY,006454,16 NEW PROVIDENCE UM,2008,official_vtd_exact_label_code_nhgis_blocks,0.97,16,2000,1379,0.000313332758
high,MONTGOMERY,006456,16 NEW PROVIDENCE UM,2008,official_vtd_exact_label_code_nhgis_blocks,0.97,16,2000,1379,0.353692540337
high,MONTGOMERY,006457,16 NEW PROVIDENCE UM,2008,official_vtd_exact_label_code_nhgis_blocks,0.97,16,2000,1379,0.234136767837
high,MONTGOMERY,006470,16 NEW PROVIDENCE UM,2008,official_vtd_exact_label_code_nhgis_blocks,0.97,16,2000,1379,0.411857359068
high,MONTGOMERY,006458,17 PUBLIC LIBRARY,2008,official_vtd_exact_label_code_nhgis_blocks,0.97,17,2000,1368,0.354430273661
high,MONTGOMERY,006474,17 PUBLIC LIBRARY,2008,official_vtd_exact_label_code_nhgis_blocks,0.97,17,2000,1368,0.385089034355
high,MONTGOMERY,006476,17 PUBLIC LIBRARY,2008,official_vtd_exact_label_code_nhgis_blocks,0.97,17,2000,1368,0.260480691984
high,MONTGOMERY,006463,18 HAZELWOOD SCHOOL,2008,official_vtd_exact_label_code_nhgis_blocks,0.97,18,2000,1362,0.584647487687
high,MONTGOMERY,006466,18 HAZELWOOD SCHOOL,2008,official_vtd_exact_label_code_nhgis_blocks,0.97,18,2000,1362,0.274855250032
high,MONTGOMERY,006480,18 HAZELWOOD SCHOOL,2008,official_vtd_exact_label_code_nhgis_blocks,0.97,18,2000,1362,0.140497262281
high,MONTGOMERY,006462,19 CEMC,2008,official_vtd_exact_label_code_nhgis_blocks,0.97,19,2000,1367,0.483437050642
high,MONTGOMERY,006464,19 CEMC,2008,official_vtd_exact_label_code_nhgis_blocks,0.97,19,2000,1367,0.409610586448
high,MONTGOMERY,006468,19 CEMC,2008,official_vtd_exact_label_code_nhgis_blocks,0.97,19,2000,1367,0.106072530982
high,MONTGOMERY,006469,19 CEMC,2008,official_vtd_exact_label_code_nhgis_blocks,0.97,19,2000,1367,0.000635327738
high,MONTGOMERY,006471,19 CEMC,2008,official_vtd_exact_label_code_nhgis_blocks,0.97,19,2000,1367,0.00024450419
high,MONTGOMERY,006462,20 CLARKSVILLE HIGH,2008,official_vtd_exact_label_code_nhgis_blocks,0.97,20,2000,1361,0.033944881651
high,MONTGOMERY,006464,20 CLARKSVILLE HIGH,2008,official_vtd_exact_label_code_nhgis_blocks,0.97,20,2000,1361,0.000171119794
high,MONTGOMERY,006468,20 CLARKSVILLE HIGH,2008,official_vtd_exact_label_code_nhgis_blocks,0.97,20,2000,1361,0.523153323145
high,MONTGOMERY,006469,20 CLARKSVILLE HIGH,2008,official_vtd_exact_label_code_nhgis_blocks,0.97,20,2000,1361,0.44273067541
high,MONTGOMERY,006469,21 MASON RUDOLPH GC,2008,official_vtd_exact_label_code_nhgis_blocks,0.97,21,2000,1369,0.114578580217
high,MONTGOMERY,006472,21 MASON RUDOLPH GC,2008,official_vtd_exact_label_code_nhgis_blocks,0.97,21,2000,1369,0.030756713009
high,MONTGOMERY,006474,21 MASON RUDOLPH GC,2008,official_vtd_exact_label_code_nhgis_blocks,0.97,21,2000,1369,0.095582471294
high,MONTGOMERY,006476,21 MASON RUDOLPH GC,2008,official_vtd_exact_label_code_nhgis_blocks,0.97,21,2000,1369,0.186803228676
high,MONTGOMERY,006477,21 MASON RUDOLPH GC,2008,official_vtd_exact_label_code_nhgis_blocks,0.97,21,2000,1369,0.572279006803
high,MOORE,000016,1 COURTHOUSE,2008,official_vtd_code_and_name_nhgis_blocks,1.0,1 Courthouse,2000,1383,0.007577980965
high,MOORE,006554,1 COURTHOUSE,2008,official_vtd_code_and_name_nhgis_blocks,1.0,1 Courthouse,2000,1383,0.992422019035
high,MOORE,006551,2 MOORE COUNTY HIGH,2008,official_vtd_exact_label_code_nhgis_blocks,0.97,2 Moore County High School,2000,1384,0.913994221167
high,MOORE,006553,2 MOORE COUNTY HIGH,2008,official_vtd_exact_label_code_nhgis_blocks,0.97,2 Moore County High School,2000,1384,0.03626124363
high,MOORE,006554,2 MOORE COUNTY HIGH,2008,official_vtd_exact_label_code_nhgis_blocks,0.97,2 Moore County High School,2000,1384,0.049744535203
high,MOORE,006553,3 MOORE COUNTY BLDG,2008,official_vtd_exact_label_code_nhgis_blocks,0.97,3 Moore County Building,2000,1382,1.0
high,MOORE,006552,4 ELEMENTARY SCHOOL,2008,official_vtd_code_and_name_nhgis_blocks,1.0,4 Elementary School,2000,1385,1.0
high,MOORE,006555,5 MOTLOW COLLEGE,2008,official_vtd_code_and_name_nhgis_blocks,1.0,5 Motlow College,2000,1386,1.0
high,MORGAN,006651,1 1 COALFIELD,2008,official_vtd_code_and_name_nhgis_blocks,1.0,1-1 Coalfield,2000,1392,1.0
high,MORGAN,006656,5 1 SUNBRIGHT,2008,official_vtd_code_and_name_nhgis_blocks,1.0,5-1 Sunbright,2000,1388,1.0
high,MORGAN,006651,6 1 BURRVILLE,2008,official_vtd_exact_label_code_nhgis_blocks,0.97,6-1 Petros,2000,1395,0.439232782402
high,MORGAN,006653,6 1 BURRVILLE,2008,official_vtd_exact_label_code_nhgis_blocks,0.97,6-1 Petros,2000,1395,0.211937049934
high,MORGAN,006660,6 1 BURRVILLE,2008,official_vtd_exact_label_code_nhgis_blocks,0.97,6-1 Petros,2000,1395,0.348830167664
high,MORGAN,006656,7 1 DEER LODGE,2008,official_vtd_exact_name_nhgis_blocks,0.95,4-2 Deer Lodge,2000,1389,0.004461691257
high,MORGAN,006658,7 1 DEER LODGE,2008,official_vtd_exact_name_nhgis_blocks,0.95,4-2 Deer Lodge,2000,1389,0.532079260431
high,MORGAN,006661,7 1 DEER LODGE,2008,official_vtd_exact_name_nhgis_blocks,0.95,4-2 Deer Lodge,2000,1389,0.463459048313
high,MORGAN,006655,7 2 CHESTNUT RIDGE,2008,official_vtd_exact_name_nhgis_blocks,0.95,4-3 Chestnut Ridge,2000,1390,1.0
high,MORGAN,006651,10 2 MOSSY GROVE,2008,official_vtd_exact_name_nhgis_blocks,0.95,6-3 Mossy Grove,2000,1397,0.013131906574
high,MORGAN,006654,10 2 MOSSY GROVE,2008,official_vtd_exact_name_nhgis_blocks,0.95,6-3 Mossy Grove,2000,1397,0.663181332236
high,MORGAN,006657,10 2 MOSSY GROVE,2008,official_vtd_exact_name_nhgis_blocks,0.95,6-3 Mossy Grove,2000,1397,0.32368676119
high,MORGAN,002552,11 1 LANCING,2008,official_vtd_exact_name_nhgis_blocks,0.95,4-1 Lancing,2000,1391,5.6180822e-05
high,MORGAN,006655,11 1 LANCING,2008,official_vtd_exact_name_nhgis_blocks,0.95,4-1 Lancing,2000,1391,0.128191461919
high,MORGAN,006656,11 1 LANCING,2008,official_vtd_exact_name_nhgis_blocks,0.95,4-1 Lancing,2000,1391,0.378349143332
high,MORGAN,006658,11 1 LANCING,2008,official_vtd_exact_name_nhgis_blocks,0.95,4-1 Lancing,2000,1391,0.493403213927
high,OBION,006751,1 1 SOUTH FULTON,2008,official_vtd_code_and_name_nhgis_blocks,1.0,1-1 SOUTH FULTON,2000,1399,1.0
high,OBION,006752,2 1 EDDIE COX SR CTR,2008,official_vtd_exact_label_code_nhgis_blocks,0.97,2-1 EDDIE COX SR. CENTER,2000,1403,0.010198429545
high,OBION,006753,2 1 EDDIE COX SR CTR,2008,official_vtd_exact_label_code_nhgis_blocks,0.97,2-1 EDDIE COX SR. CENTER,2000,1403,0.221846717189
high,OBION,006756,2 1 EDDIE COX SR CTR,2008,official_vtd_exact_label_code_nhgis_blocks,0.97,2-1 EDDIE COX SR. CENTER,2000,1403,0.767954853266
high,OBION,006753,2 4 WOODLAND,2008,official_vtd_code_and_name_nhgis_blocks,1.0,2-4 WOODLAND,2000,1400,1.0
high,OBION,006757,3 2 KENTON,2008,official_vtd_code_and_name_nhgis_blocks,1.0,3-2 KENTON,2000,1404,1.0
high,OBION,006752,3 4 RIVES,2008,official_vtd_code_and_name_nhgis_blocks,1.0,3-4 RIVES,2000,1408,0.018660048632
high,OBION,006757,3 4 RIVES,2008,official_vtd_code_and_name_nhgis_blocks,1.0,3-4 RIVES,2000,1408,0.153820843322
high,OBION,006760,3 4 RIVES,2008,official_vtd_code_and_name_nhgis_blocks,1.0,3-4 RIVES,2000,1408,0.00046168708
high,OBION,006761,3 4 RIVES,2008,official_vtd_code_and_name_nhgis_blocks,1.0,3-4 RIVES,2000,1408,0.824674876445
high,OBION,006762,3 4 RIVES,2008,official_vtd_code_and_name_nhgis_blocks,1.0,3-4 RIVES,2000,1408,0.002382544521
high,OBION,006751,4 1 FAIR GROUNDS,2008,official_vtd_code_and_name_nhgis_blocks,1.0,4-1 FAIR GROUNDS,2000,1409,0.142757886158
high,OBION,006756,4 1 FAIR GROUNDS,2008,official_vtd_code_and_name_nhgis_blocks,1.0,4-1 FAIR GROUNDS,2000,1409,0.0876569262
high,OBION,006761,4 1 FAIR GROUNDS,2008,official_vtd_code_and_name_nhgis_blocks,1.0,4-1 FAIR GROUNDS,2000,1409,0.274516213846
high,OBION,006762,4 1 FAIR GROUNDS,2008,official_vtd_code_and_name_nhgis_blocks,1.0,4-1 FAIR GROUNDS,2000,1409,0.495068973796
high,OBION,006754,5 2 CLOVERDALE,2008,official_vtd_code_and_name_nhgis_blocks,1.0,5-2 CLOVERDALE,2000,1406,0.086372523489
high,OBION,006759,5 2 CLOVERDALE,2008,official_vtd_code_and_name_nhgis_blocks,1.0,5-2 CLOVERDALE,2000,1406,0.913627476511
high,OBION,006753,5 4 HORNBEAK,2008,official_vtd_code_and_name_nhgis_blocks,1.0,5-4 HORNBEAK,2000,1401,8.4875484e-05
high,OBION,006754,5 4 HORNBEAK,2008,official_vtd_code_and_name_nhgis_blocks,1.0,5-4 HORNBEAK,2000,1401,0.803668496932
high,OBION,006755,5 4 HORNBEAK,2008,official_vtd_code_and_name_nhgis_blocks,1.0,5-4 HORNBEAK,2000,1401,0.196246627584
high,OBION,004951,5 5 SAMBURG,2008,official_vtd_code_and_name_nhgis_blocks,1.0,5-5 SAMBURG,2000,1402,0.000199073686
high,OBION,006754,5 5 SAMBURG,2008,official_vtd_code_and_name_nhgis_blocks,1.0,5-5 SAMBURG,2000,1402,0.003095579374
high,OBION,006755,5 5 SAMBURG,2008,official_vtd_code_and_name_nhgis_blocks,1.0,5-5 SAMBURG,2000,1402,0.996705346941
high,OBION,006757,6 1 TROY SR CTR,2008,official_vtd_exact_label_code_nhgis_blocks,0.97,6-1 TROY SENIOR CENTER,2000,1407,0.002005689569
high,OBION,006758,6 1 TROY SR CTR,2008,official_vtd_exact_label_code_nhgis_blocks,0.97,6-1 TROY SENIOR CENTER,2000,1407,0.220267679138
high,OBION,006760,6 1 TROY SR CTR,2008,official_vtd_exact_label_code_nhgis_blocks,0.97,6-1 TROY SENIOR CENTER,2000,1407,0.777726631294
high,OBION,006758,6 2 OBION SR CTR,2008,official_vtd_exact_label_code_nhgis_blocks,0.97,6-2 OBION,2000,1405,1.0
high,OBION,006752,7 2 OBION CO LIBRARY,2008,official_vtd_code_and_name_nhgis_blocks,1.0,7-2 OBION CO. LIBRARY,2000,2166,0.273683640294
high,OBION,006756,7 2 OBION CO LIBRARY,2008,official_vtd_code_and_name_nhgis_blocks,1.0,7-2 OBION CO. LIBRARY,2000,2166,0.015672111088
high,OBION,006760,7 2 OBION CO LIBRARY,2008,official_vtd_code_and_name_nhgis_blocks,1.0,7-2 OBION CO. LIBRARY,2000,2166,0.109747297581
high,OBION,006761,7 2 OBION CO LIBRARY,2008,official_vtd_code_and_name_nhgis_blocks,1.0,7-2 OBION CO. LIBRARY,2000,2166,0.600842096677
high,OBION,006762,7 2 OBION CO LIBRARY,2008,official_vtd_code_and_name_nhgis_blocks,1.0,7-2 OBION CO. LIBRARY,2000,2166,5.4854361e-05
high,OVERTON,006852,1 LIVINGSTON WARD1,2008,official_vtd_exact_label_code_nhgis_blocks,0.97,1 Livingston,2000,1413,0.168906520052
high,OVERTON,006853,1 LIVINGSTON WARD1,2008,official_vtd_exact_label_code_nhgis_blocks,0.97,1 Livingston,2000,1413,0.831093479948
high,OVERTON,006852,2 1 ALLONS,2008,official_vtd_exact_name_nhgis_blocks,0.95,2 Allons,2000,1411,1.0
high,OVERTON,006852,2 2 INDEPENDENCE,2008,official_vtd_exact_name_nhgis_blocks,0.95,2 Independence,2000,1412,0.874393665262
high,OVERTON,006854,2 2 INDEPENDENCE,2008,official_vtd_exact_name_nhgis_blocks,0.95,2 Independence,2000,1412,0.125606334738
high,OVERTON,006853,2 3 MONROE,2008,official_vtd_exact_name_nhgis_blocks,0.95,2 Monroe,2000,1414,0.041284799518
high,OVERTON,006854,2 3 MONROE,2008,official_vtd_exact_name_nhgis_blocks,0.95,2 Monroe,2000,1414,0.958715200482
high,OVERTON,006853,3 1 ALPINE,2008,official_vtd_exact_name_nhgis_blocks,0.95,3 Alpine,2000,1415,0.20001891937
high,OVERTON,006854,3 1 ALPINE,2008,official_vtd_exact_name_nhgis_blocks,0.95,3 Alpine,2000,1415,0.000978961219
high,OVERTON,006856,3 1 ALPINE,2008,official_vtd_exact_name_nhgis_blocks,0.95,3 Alpine,2000,1415,0.799002119411
high,OVERTON,006856,3 2 POTEET,2008,official_vtd_exact_name_nhgis_blocks,0.95,3 Poteet,2000,1417,1.0
high,OVERTON,006858,3 3 WILSON,2008,official_vtd_exact_name_nhgis_blocks,0.95,3 Wilson,2000,1421,1.0
high,OVERTON,006859,3 4 RUSHING SPRINGS,2008,official_vtd_exact_name_nhgis_blocks,0.95,3 Rushing Springs,2000,1422,1.0
high,OVERTON,006855,4 1 PLEASANT VALLEY,2008,official_vtd_exact_name_nhgis_blocks,0.95,4 Pleasant Valley,2000,1418,0.065059170577
high,OVERTON,006857,4 1 PLEASANT VALLEY,2008,official_vtd_exact_name_nhgis_blocks,0.95,4 Pleasant Valley,2000,1418,0.934940829423
high,OVERTON,006855,4 2 RICKMAN,2008,official_vtd_exact_name_nhgis_blocks,0.95,4 Rickman,2000,1419,0.062846757851
high,OVERTON,006857,4 2 RICKMAN,2008,official_vtd_exact_name_nhgis_blocks,0.95,4 Rickman,2000,1419,0.937117456777
high,OVERTON,007254,4 2 RICKMAN,2008,official_vtd_exact_name_nhgis_blocks,0.95,4 Rickman,2000,1419,3.5785371e-05
high,OVERTON,001306,5 1 HILHAM,2008,official_vtd_exact_name_nhgis_blocks,0.95,5 Hilham,2000,1410,7.7313006e-05
high,OVERTON,006851,5 1 HILHAM,2008,official_vtd_exact_name_nhgis_blocks,0.95,5 Hilham,2000,1410,0.848819533431
high,OVERTON,006852,5 1 HILHAM,2008,official_vtd_exact_name_nhgis_blocks,0.95,5 Hilham,2000,1410,0.151089071841
high,OVERTON,006853,5 1 HILHAM,2008,official_vtd_exact_name_nhgis_blocks,0.95,5 Hilham,2000,1410,1.4081722e-05
high,OVERTON,006851,5 2 FAIRGROUNDS,2008,official_vtd_exact_name_nhgis_blocks,0.95,5 Fairgrounds,2000,1416,0.00547214053
high,OVERTON,006852,5 2 FAIRGROUNDS,2008,official_vtd_exact_name_nhgis_blocks,0.95,5 Fairgrounds,2000,1416,0.069039479169
high,OVERTON,006855,5 2 FAIRGROUNDS,2008,official_vtd_exact_name_nhgis_blocks,0.95,5 Fairgrounds,2000,1416,0.9254883803
medium,OVERTON,006851,5 3 HARDYS CHAPEL,2008,official_vtd_fuzzy_name_nhgis_blocks,0.864,5 Hardy Chapel,2000,1420,1.0
high,PERRY,006954,1 1 CEDAR CREEK,2008,official_vtd_code_and_name_nhgis_blocks,0.99,101 Cedar Creek,2000,2167,1.0
high,PERRY,006958,1 2 MARSH CREEK,2008,official_vtd_code_and_name_nhgis_blocks,0.99,102 Marsh Creek,2000,1423,1.0
high,PERRY,006951,2 1 PINEVIEW,2008,official_vtd_code_and_name_nhgis_blocks,0.99,201 Pineview,2000,1427,1.0
high,PERRY,006960,2 2 POPE,2008,official_vtd_code_and_name_nhgis_blocks,0.99,202 Pope,2000,1425,1.0
high,PERRY,006953,3 1 COON CREEK,2008,official_vtd_code_and_name_nhgis_blocks,0.99,301 Coon Creek,2000,1431,0.978251190078
high,PERRY,006955,3 1 COON CREEK,2008,official_vtd_code_and_name_nhgis_blocks,0.99,301 Coon Creek,2000,1431,0.00668697741
high,PERRY,006957,3 1 COON CREEK,2008,official_vtd_code_and_name_nhgis_blocks,0.99,301 Coon Creek,2000,1431,0.015061832513
high,PERRY,006959,3 2 FLATWOODS,2008,official_vtd_code_and_name_nhgis_blocks,0.99,302 Flatwoods,2000,1424,1.0
high,PERRY,006955,4 1 BRUSH CREEK,2008,official_vtd_code_and_name_nhgis_blocks,0.99,401 Brush Creek,2000,1430,0.138774344947
high,PERRY,006956,4 1 BRUSH CREEK,2008,official_vtd_code_and_name_nhgis_blocks,0.99,401 Brush Creek,2000,1430,1.1312108e-05
high,PERRY,006957,4 1 BRUSH CREEK,2008,official_vtd_code_and_name_nhgis_blocks,0.99,401 Brush Creek,2000,1430,0.861214342946
high,PERRY,006952,4 3 LOBELVILLE ES,2008,official_vtd_equivalent_code_nhgis_blocks,0.97,403 Lobelville Elem. School,2000,1428,0.994282084108
high,PERRY,006956,4 3 LOBELVILLE ES,2008,official_vtd_equivalent_code_nhgis_blocks,0.97,403 Lobelville Elem. School,2000,1428,0.005717915892
high,PERRY,006955,5 1 LINDEN,2008,official_vtd_equivalent_code_nhgis_blocks,0.97,501 Perry Co. Courthouse,2000,1426,1.0
high,PERRY,006951,6 1 LOBELVILLE,2008,official_vtd_equivalent_code_nhgis_blocks,0.97,601 Lobelville City Hall,2000,1429,0.16543271259
high,PERRY,006952,6 1 LOBELVILLE,2008,official_vtd_equivalent_code_nhgis_blocks,0.97,601 Lobelville City Hall,2000,1429,0.001055544811
high,PERRY,006956,6 1 LOBELVILLE,2008,official_vtd_equivalent_code_nhgis_blocks,0.97,601 Lobelville City Hall,2000,1429,0.833511742599
medium,PICKETT,007051,COMMUNITY CENTER 1 1,2008,official_vtd_fuzzy_name_nhgis_blocks,0.8,Community Center,2000,1438,0.001711995679
medium,PICKETT,007054,COMMUNITY CENTER 1 1,2008,official_vtd_fuzzy_name_nhgis_blocks,0.8,Community Center,2000,1438,0.998288004321
high,POLK,007151,1 DELANO LIONS CLUB,2008,official_vtd_code_and_name_nhgis_blocks,1.0,1 Delano Lions Club,2000,1441,1.0
high,POLK,007152,1A POLK CO HIGH,2008,official_vtd_exact_label_code_nhgis_blocks,0.97,1A Polk County High School,2000,1442,1.0
high,POLK,007153,1B CHILHOWEE MS GYM,2008,official_vtd_exact_label_code_nhgis_blocks,0.97,1B Chilhowee Middle Sch. Gym,2000,1443,0.90251905066
high,POLK,007157,1B CHILHOWEE MS GYM,2008,official_vtd_exact_label_code_nhgis_blocks,0.97,1B Chilhowee Middle Sch. Gym,2000,1443,0.063065896061
high,POLK,007159,1B CHILHOWEE MS GYM,2008,official_vtd_exact_label_code_nhgis_blocks,0.97,1B Chilhowee Middle Sch. Gym,2000,1443,0.034415053279
high,POLK,007158,2 GREASY CREEK COMM,2008,official_vtd_exact_label_code_nhgis_blocks,0.97,2 Greasy Creek Comm. Club,2000,1448,1.0
high,POLK,007160,2A SPRINGTOWN FIREHA,2008,official_vtd_exact_label_code_nhgis_blocks,0.97,2A Springtown Firehall,2000,1450,1.0
high,POLK,007153,2B OCOEE RIVER RATS,2008,official_vtd_exact_label_code_nhgis_blocks,0.97,2B Parksville,2000,1449,0.000836380919
high,POLK,007157,2B OCOEE RIVER RATS,2008,official_vtd_exact_label_code_nhgis_blocks,0.97,2B Parksville,2000,1449,0.003722423322
high,POLK,007159,2B OCOEE RIVER RATS,2008,official_vtd_exact_label_code_nhgis_blocks,0.97,2B Parksville,2000,1449,0.995441195759
high,POLK,007155,2C SOUTH POLK SCHOOL,2008,official_vtd_code_and_name_nhgis_blocks,1.0,2C South Polk School,2000,1446,0.053576399552
high,POLK,007156,2C SOUTH POLK SCHOOL,2008,official_vtd_code_and_name_nhgis_blocks,1.0,2C South Polk School,2000,1446,0.946423600448
high,POLK,007155,2D SHILOH BAPTIST YC,2008,official_vtd_exact_label_code_nhgis_blocks,0.97,2D Shiloh Baptist Youth Center,2000,1447,0.021358125716
high,POLK,007157,2D SHILOH BAPTIST YC,2008,official_vtd_exact_label_code_nhgis_blocks,0.97,2D Shiloh Baptist Youth Center,2000,1447,0.978641874284
high,POLK,007154,3 DUCKTOWN COURTHOUS,2008,official_vtd_exact_label_code_nhgis_blocks,0.97,3 Ducktown Courthouse,2000,1444,1.0
high,POLK,007155,3A COPPER BASIN HIGH,2008,official_vtd_exact_label_code_nhgis_blocks,0.97,3A Cooper Basin High School,2000,1445,1.0
high,POLK,007161,3B TURTLETOWN,2008,official_vtd_code_and_name_nhgis_blocks,1.0,3B Turtletown,2000,1451,1.0
high,PUTNAM,007266,1A CAPSHAW,2008,official_vtd_code_and_name_nhgis_blocks,1.0,01A Capshaw,2000,1468,1.0
high,PUTNAM,007266,1C SOUTH COOKEVILLE,2008,official_vtd_code_and_name_nhgis_blocks,1.0,01C South Cookeville,2000,1466,1.0
high,PUTNAM,007252,2A NORTHEAST ELEM,2008,official_vtd_exact_label_code_nhgis_blocks,0.97,02A Northeast Elementary,2000,1456,0.009919767554
high,PUTNAM,007255,2A NORTHEAST ELEM,2008,official_vtd_exact_label_code_nhgis_blocks,0.97,02A Northeast Elementary,2000,1456,0.990021628486
high,PUTNAM,007256,2A NORTHEAST ELEM,2008,official_vtd_exact_label_code_nhgis_blocks,0.97,02A Northeast Elementary,2000,1456,5.860396e-05
high,PUTNAM,007256,3A UNIVERSITY,2008,official_vtd_code_and_name_nhgis_blocks,1.0,03A University,2000,1457,1.0
high,PUTNAM,007262,4A MONTEREY CC,2008,official_vtd_exact_label_code_nhgis_blocks,0.97,04A Burks Middle School,2000,1463,0.991904895557
high,PUTNAM,007273,4A MONTEREY CC,2008,official_vtd_exact_label_code_nhgis_blocks,0.97,04A Burks Middle School,2000,1463,0.008095104443
high,PUTNAM,007262,4B MONTEREY EAST,2008,official_vtd_exact_label_code_nhgis_blocks,0.97,04B Monterey City Hall,2000,1475,0.040695587419
high,PUTNAM,007273,4B MONTEREY EAST,2008,official_vtd_exact_label_code_nhgis_blocks,0.97,04B Monterey City Hall,2000,1475,0.959304412581
high,PUTNAM,007252,5A BRIDGE INSIDE,2008,official_vtd_exact_label_code_nhgis_blocks,0.97,05A Cookeville Community Center,2000,1462,0.026536619903
high,PUTNAM,007254,5A BRIDGE INSIDE,2008,official_vtd_exact_label_code_nhgis_blocks,0.97,05A Cookeville Community Center,2000,1462,0.001021233535
high,PUTNAM,007255,5A BRIDGE INSIDE,2008,official_vtd_exact_label_code_nhgis_blocks,0.97,05A Cookeville Community Center,2000,1462,0.01768562101
high,PUTNAM,007261,5A BRIDGE INSIDE,2008,official_vtd_exact_label_code_nhgis_blocks,0.97,05A Cookeville Community Center,2000,1462,0.641071492985
high,PUTNAM,007275,5A BRIDGE INSIDE,2008,official_vtd_exact_label_code_nhgis_blocks,0.97,05A Cookeville Community Center,2000,1462,0.313685032568
high,PUTNAM,007267,5C BURGESS INSIDE,2008,official_vtd_exact_label_code_nhgis_blocks,0.97,05C Prescott South,2000,1469,1.0
high,PUTNAM,007274,5F DRY VALLEY,2008,official_vtd_code_and_name_nhgis_blocks,1.0,05F Dry Valley,2000,1476,0.961095795099
high,PUTNAM,007275,5F DRY VALLEY,2008,official_vtd_code_and_name_nhgis_blocks,1.0,05F Dry Valley,2000,1476,0.038904204901
high,PUTNAM,007264,6A CANE CREEK,2008,official_vtd_code_and_name_nhgis_blocks,1.0,06A Cane Creek,2000,1465,1.0
high,PUTNAM,007263,7A ARMORY INSIDE,2008,official_vtd_exact_label_code_nhgis_blocks,0.97,07A Burgess Falls,2000,1464,1.0
high,PUTNAM,007263,7D TWIN OAK,2008,official_vtd_code_and_name_nhgis_blocks,1.0,07D Twin Oak,2000,1470,0.183287469619
high,PUTNAM,007268,7D TWIN OAK,2008,official_vtd_code_and_name_nhgis_blocks,1.0,07D Twin Oak,2000,1470,0.814429045301
high,PUTNAM,007269,7D TWIN OAK,2008,official_vtd_code_and_name_nhgis_blocks,1.0,07D Twin Oak,2000,1470,0.002283485079
high,PUTNAM,007269,8D BOMA,2008,official_vtd_code_and_name_nhgis_blocks,1.0,08D Boma,2000,1474,0.005995328961
high,PUTNAM,007272,8D BOMA,2008,official_vtd_code_and_name_nhgis_blocks,1.0,08D Boma,2000,1474,0.994004671039
high,PUTNAM,007270,8E BUFFALO VALLEY,2008,official_vtd_code_and_name_nhgis_blocks,1.0,08E Buffalo Valley,2000,1472,1.0
high,PUTNAM,007269,8F CEDAR HILL,2008,official_vtd_exact_label_code_nhgis_blocks,0.97,08F Cornerstone Middle,2000,1471,1.0
high,PUTNAM,007271,8G GENTRY,2008,official_vtd_exact_label_code_nhgis_blocks,0.97,08G Upperman,2000,1473,1.0
high,PUTNAM,007265,9A DOUBLE SPGS NO,2008,official_vtd_exact_label_code_nhgis_blocks,0.97,09A Double Springs North,2000,1460,1.0
high,PUTNAM,007263,9B DOUBLE SPGS SO,2008,official_vtd_exact_label_code_nhgis_blocks,0.97,09B Double Springs South,2000,1467,0.143868617694
high,PUTNAM,007264,9B DOUBLE SPGS SO,2008,official_vtd_exact_label_code_nhgis_blocks,0.97,09B Double Springs South,2000,1467,0.050873728765
high,PUTNAM,007265,9B DOUBLE SPGS SO,2008,official_vtd_exact_label_code_nhgis_blocks,0.97,09B Double Springs South,2000,1467,0.460595892333
high,PUTNAM,007269,9B DOUBLE SPGS SO,2008,official_vtd_exact_label_code_nhgis_blocks,0.97,09B Double Springs South,2000,1467,0.344661761207
high,PUTNAM,007257,10A PAVILION,2008,official_vtd_exact_name_nhgis_blocks,0.95,10 Pavilion,2000,1458,0.987035535758
high,PUTNAM,007258,10A PAVILION,2008,official_vtd_exact_name_nhgis_blocks,0.95,10 Pavilion,2000,1458,0.012964464242
high,PUTNAM,007256,10B SYCAMORE,2008,official_vtd_code_and_name_nhgis_blocks,1.0,10B Sycamore,2000,1459,0.031215215212
high,PUTNAM,007257,10B SYCAMORE,2008,official_vtd_code_and_name_nhgis_blocks,1.0,10B Sycamore,2000,1459,0.041939814108
high,PUTNAM,007258,10B SYCAMORE,2008,official_vtd_code_and_name_nhgis_blocks,1.0,10B Sycamore,2000,1459,0.797949943446
high,PUTNAM,007264,10B SYCAMORE,2008,official_vtd_code_and_name_nhgis_blocks,1.0,10B Sycamore,2000,1459,0.123998267947
high,PUTNAM,007265,10B SYCAMORE,2008,official_vtd_code_and_name_nhgis_blocks,1.0,10B Sycamore,2000,1459,0.004896759287
high,PUTNAM,007253,11A BANGHAM,2008,official_vtd_code_and_name_nhgis_blocks,1.0,11A Bangham,2000,1454,1.0
high,PUTNAM,007251,11B COOKEVILLE HIGH,2008,official_vtd_exact_label_code_nhgis_blocks,0.97,11B Cookeville High School,2000,1452,0.968623503479
high,PUTNAM,007252,11B COOKEVILLE HIGH,2008,official_vtd_exact_label_code_nhgis_blocks,0.97,11B Cookeville High School,2000,1452,0.003071437207
high,PUTNAM,007255,11B COOKEVILLE HIGH,2008,official_vtd_exact_label_code_nhgis_blocks,0.97,11B Cookeville High School,2000,1452,0.028305059314
high,PUTNAM,007252,12A ALGOOD INSIDE,2008,official_vtd_code_and_name_nhgis_blocks,1.0,12A Algood Inside,2000,1453,1.0
high,PUTNAM,006857,12B ALGOOD OUTSIDE,2008,official_vtd_code_and_name_nhgis_blocks,1.0,12B Algood Outside,2000,1455,0.000536910936
high,PUTNAM,007252,12B ALGOOD OUTSIDE,2008,official_vtd_code_and_name_nhgis_blocks,1.0,12B Algood Outside,2000,1455,0.044464883125
high,PUTNAM,007254,12B ALGOOD OUTSIDE,2008,official_vtd_code_and_name_nhgis_blocks,1.0,12B Algood Outside,2000,1455,0.954998205939
high,PUTNAM,007260,12C BROTHERTON,2008,official_vtd_code_and_name_nhgis_blocks,1.0,12C Brotherton,2000,1461,0.842278034386
high,PUTNAM,007261,12C BROTHERTON,2008,official_vtd_code_and_name_nhgis_blocks,1.0,12C Brotherton,2000,1461,0.157721965614
high,RHEA,007351,2 1 S C W,2008,official_vtd_code_and_name_nhgis_blocks,1.0,2-1 S.C.W.,2000,1479,0.102603480078
high,RHEA,007353,2 1 S C W,2008,official_vtd_code_and_name_nhgis_blocks,1.0,2-1 S.C.W.,2000,1479,0.897396519922
high,RHEA,007351,2 2 S C E,2008,official_vtd_code_and_name_nhgis_blocks,1.0,2-2 S.C.E.,2000,1481,0.247631603212
high,RHEA,007353,2 2 S C E,2008,official_vtd_code_and_name_nhgis_blocks,1.0,2-2 S.C.E.,2000,1481,0.750674955389
high,RHEA,007354,2 2 S C E,2008,official_vtd_code_and_name_nhgis_blocks,1.0,2-2 S.C.E.,2000,1481,0.001693441398
high,RHEA,007353,3 1 WOLF CREEK,2008,official_vtd_code_and_name_nhgis_blocks,1.0,3-1 Wolf Creek,2000,1482,0.455074149885
high,RHEA,007354,3 1 WOLF CREEK,2008,official_vtd_code_and_name_nhgis_blocks,1.0,3-1 Wolf Creek,2000,1482,0.293717627653
high,RHEA,007355,3 1 WOLF CREEK,2008,official_vtd_code_and_name_nhgis_blocks,1.0,3-1 Wolf Creek,2000,1482,0.251208222462
high,RHEA,007353,4 1 EVENSVILLE,2008,official_vtd_code_and_name_nhgis_blocks,1.0,4-1 Evensville,2000,1483,0.002490464158
high,RHEA,007355,4 1 EVENSVILLE,2008,official_vtd_code_and_name_nhgis_blocks,1.0,4-1 Evensville,2000,1483,0.756691967775
high,RHEA,007356,4 1 EVENSVILLE,2008,official_vtd_code_and_name_nhgis_blocks,1.0,4-1 Evensville,2000,1483,0.240817568067
high,RHEA,007355,4 2 RICHLAND PARK,2008,official_vtd_code_and_name_nhgis_blocks,1.0,4-2 Richland Park,2000,1484,6.1440396e-05
high,RHEA,007356,4 2 RICHLAND PARK,2008,official_vtd_code_and_name_nhgis_blocks,1.0,4-2 Richland Park,2000,1484,0.996268686959
high,RHEA,007357,4 2 RICHLAND PARK,2008,official_vtd_code_and_name_nhgis_blocks,1.0,4-2 Richland Park,2000,1484,0.003642104539
high,RHEA,007359,4 2 RICHLAND PARK,2008,official_vtd_code_and_name_nhgis_blocks,1.0,4-2 Richland Park,2000,1484,2.7768106e-05
high,RHEA,007356,5 1 NORTH DAYTON W,2008,official_vtd_code_and_name_nhgis_blocks,1.0,5-1 North Dayton W.,2000,1485,0.005341160813
high,RHEA,007357,5 1 NORTH DAYTON W,2008,official_vtd_code_and_name_nhgis_blocks,1.0,5-1 North Dayton W.,2000,1485,0.986979081581
high,RHEA,007358,5 1 NORTH DAYTON W,2008,official_vtd_code_and_name_nhgis_blocks,1.0,5-1 North Dayton W.,2000,1485,0.002790308865
high,RHEA,007359,5 1 NORTH DAYTON W,2008,official_vtd_code_and_name_nhgis_blocks,1.0,5-1 North Dayton W.,2000,1485,0.004889448741
high,RHEA,007357,6 1 SOUTH DAYTON W,2008,official_vtd_code_and_name_nhgis_blocks,1.0,6-1 South Dayton W.,2000,1486,0.007226988841
high,RHEA,007358,6 1 SOUTH DAYTON W,2008,official_vtd_code_and_name_nhgis_blocks,1.0,6-1 South Dayton W.,2000,1486,0.843543531778
high,RHEA,007360,6 1 SOUTH DAYTON W,2008,official_vtd_code_and_name_nhgis_blocks,1.0,6-1 South Dayton W.,2000,1486,0.000837123103
high,RHEA,007361,6 1 SOUTH DAYTON W,2008,official_vtd_code_and_name_nhgis_blocks,1.0,6-1 South Dayton W.,2000,1486,0.148392356279
high,RHEA,007356,7 1 FRAZIER,2008,official_vtd_code_and_name_nhgis_blocks,1.0,7-1 Frazier,2000,1490,0.090879893247
high,RHEA,007359,7 1 FRAZIER,2008,official_vtd_code_and_name_nhgis_blocks,1.0,7-1 Frazier,2000,1490,0.909007418456
high,RHEA,007360,7 1 FRAZIER,2008,official_vtd_code_and_name_nhgis_blocks,1.0,7-1 Frazier,2000,1490,0.000112688297
high,RHEA,007358,8 2 NORTH DAYTON E,2008,official_vtd_code_and_name_nhgis_blocks,1.0,8-2 North Dayton E.,2000,1488,0.011006752372
high,RHEA,007359,8 2 NORTH DAYTON E,2008,official_vtd_code_and_name_nhgis_blocks,1.0,8-2 North Dayton E.,2000,1488,0.010881035525
high,RHEA,007360,8 2 NORTH DAYTON E,2008,official_vtd_code_and_name_nhgis_blocks,1.0,8-2 North Dayton E.,2000,1488,0.978112212103
high,RHEA,007360,8 1 SPIVEY,2008,official_vtd_code_and_name_nhgis_blocks,1.0,8-1 Spivey,2000,1491,1.0
high,ROANE,005462,CAVE CREEK,2008,official_vtd_exact_name_nhgis_blocks,0.95,Cave Creek,2000,1492,0.000866698242
high,ROANE,005463,CAVE CREEK,2008,official_vtd_exact_name_nhgis_blocks,0.95,Cave Creek,2000,1492,0.001352993068
high,ROANE,007451,CAVE CREEK,2008,official_vtd_exact_name_nhgis_blocks,0.95,Cave Creek,2000,1492,0.826845675472
high,ROANE,007452,CAVE CREEK,2008,official_vtd_exact_name_nhgis_blocks,0.95,Cave Creek,2000,1492,0.170934633218
high,ROANE,007455,CHEROKEE,2008,official_vtd_exact_name_nhgis_blocks,0.95,Cherokee,2000,1496,0.995763196738
high,ROANE,007456,CHEROKEE,2008,official_vtd_exact_name_nhgis_blocks,0.95,Cherokee,2000,1496,0.004236803262
high,ROANE,007460,EMORY HEIGHTS,2008,official_vtd_exact_name_nhgis_blocks,0.95,Emory Heights,2000,1501,1.0
high,ROANE,007461,EMORY,2008,official_vtd_exact_name_nhgis_blocks,0.95,Emory,2000,1502,0.997808214879
high,ROANE,007465,EMORY,2008,official_vtd_exact_name_nhgis_blocks,0.95,Emory,2000,1502,0.002191785121
high,ROANE,007469,FAIRVIEW,2008,official_vtd_exact_name_nhgis_blocks,0.95,Fairview,2000,1510,1.0
high,ROANE,007470,GLEN ALICE,2008,official_vtd_exact_name_nhgis_blocks,0.95,Glen Alice,2000,1511,1.0
high,ROANE,007463,MIDTOWN,2008,official_vtd_exact_name_nhgis_blocks,0.95,Midtown,2000,1504,1.0
high,ROANE,007454,MIDWAY,2008,official_vtd_exact_name_nhgis_blocks,0.95,Midway,2000,1495,1.0
high,ROANE,007452,OAK HILLS,2008,official_vtd_exact_name_nhgis_blocks,0.95,Oak Hills,2000,1499,1.9329543e-05
high,ROANE,007453,OAK HILLS,2008,official_vtd_exact_name_nhgis_blocks,0.95,Oak Hills,2000,1499,7.2769807e-05
high,ROANE,007458,OAK HILLS,2008,official_vtd_exact_name_nhgis_blocks,0.95,Oak Hills,2000,1499,0.99662870682
high,ROANE,007459,OAK HILLS,2008,official_vtd_exact_name_nhgis_blocks,0.95,Oak Hills,2000,1499,0.003279193829
high,ROANE,007459,OLIVER SPRINGS,2008,official_vtd_exact_name_nhgis_blocks,0.95,Oliver Springs,2000,1507,0.001473075796
high,ROANE,007466,OLIVER SPRINGS,2008,official_vtd_exact_name_nhgis_blocks,0.95,Oliver Springs,2000,1507,0.998526924204
high,ROANE,007459,ORCHARD VIEW,2008,official_vtd_exact_name_nhgis_blocks,0.95,Orchard View,2000,1500,1.0
high,ROANE,005463,PAW PAW,2008,official_vtd_exact_name_nhgis_blocks,0.95,Paw Paw,2000,1494,0.001940439274
high,ROANE,007453,PAW PAW,2008,official_vtd_exact_name_nhgis_blocks,0.95,Paw Paw,2000,1494,0.998059560726
high,ROANE,007473,PAINT ROCK,2008,official_vtd_exact_name_nhgis_blocks,0.95,Paint Rock,2000,1514,1.0
high,ROANE,007464,SOUTH HARRIMAN,2008,official_vtd_exact_name_nhgis_blocks,0.95,South Harriman,2000,1505,1.0
high,ROANE,007457,DYLLIS,2008,official_vtd_exact_name_nhgis_blocks,0.95,Dyllis,2000,1498,1.0
high,ROANE,007467,EUREKA,2008,official_vtd_exact_name_nhgis_blocks,0.95,Eureka,2000,1508,1.0
high,ROANE,007465,HARRIMAN WARD 1,2008,official_vtd_exact_name_nhgis_blocks,0.95,Harriman Ward 1,2000,1506,1.0
medium,ROANE,007474,JOHNSON SCH HOUSE,2008,official_vtd_fuzzy_name_nhgis_blocks,0.827,Johnson School House,2000,1515,1.0
high,ROANE,007455,KINGSTON WARD 1,2008,official_vtd_exact_name_nhgis_blocks,0.95,Kingston Ward 1,2000,1497,0.001493132019
high,ROANE,007456,KINGSTON WARD 1,2008,official_vtd_exact_name_nhgis_blocks,0.95,Kingston Ward 1,2000,1497,0.998506867981
high,ROANE,007456,KINGSTON WARD 2,2008,official_vtd_exact_name_nhgis_blocks,0.95,Kingston Ward 2,2000,1503,0.000463798719
high,ROANE,007462,KINGSTON WARD 2,2008,official_vtd_exact_name_nhgis_blocks,0.95,Kingston Ward 2,2000,1503,0.826835830979
high,ROANE,007463,KINGSTON WARD 2,2008,official_vtd_exact_name_nhgis_blocks,0.95,Kingston Ward 2,2000,1503,0.172700370302
high,ROANE,007452,LAWNVILLE,2008,official_vtd_exact_name_nhgis_blocks,0.95,Lawnville,2000,1493,1.0
high,ROANE,007468,RENFRO,2008,official_vtd_exact_name_nhgis_blocks,0.95,Renfro,2000,1509,1.0
high,ROANE,007471,ROCKWOOD WARD 1,2008,official_vtd_exact_name_nhgis_blocks,0.95,Rockwood Ward 1,2000,1512,1.0
high,ROANE,007464,ROCKWOOD WARD 2,2008,official_vtd_exact_name_nhgis_blocks,0.95,Rockwood Ward 2,2000,1513,0.000541714769
high,ROANE,007467,ROCKWOOD WARD 2,2008,official_vtd_exact_name_nhgis_blocks,0.95,Rockwood Ward 2,2000,1513,1.09376e-05
high,ROANE,007471,ROCKWOOD WARD 2,2008,official_vtd_exact_name_nhgis_blocks,0.95,Rockwood Ward 2,2000,1513,0.003571132481
high,ROANE,007472,ROCKWOOD WARD 2,2008,official_vtd_exact_name_nhgis_blocks,0.95,Rockwood Ward 2,2000,1513,0.99587621515
high,ROBERTSON,007551,01 2 ORLINDA CC,2008,official_vtd_exact_label_code_nhgis_blocks,0.97,01-2 Orlinda Community Center,2000,1525,0.802147532617
high,ROBERTSON,007562,01 2 ORLINDA CC,2008,official_vtd_exact_label_code_nhgis_blocks,0.97,01-2 Orlinda Community Center,2000,1525,0.197852467383
high,ROBERTSON,007552,02 1 CHURCH AT GRACE,2008,official_vtd_exact_label_code_nhgis_blocks,0.97,02-1 The Church at Grace Park,2000,1527,0.633634874859
high,ROBERTSON,007553,02 1 CHURCH AT GRACE,2008,official_vtd_exact_label_code_nhgis_blocks,0.97,02-1 The Church at Grace Park,2000,1527,0.366365125141
high,ROBERTSON,007553,03 1 SO HAVEN CHRIST,2008,official_vtd_exact_label_code_nhgis_blocks,0.97,03-1 S. Haven Chrisitan Sch.,2000,1521,0.090461606319
high,ROBERTSON,007560,03 1 SO HAVEN CHRIST,2008,official_vtd_exact_label_code_nhgis_blocks,0.97,03-1 S. Haven Chrisitan Sch.,2000,1521,0.631216001688
high,ROBERTSON,007564,03 1 SO HAVEN CHRIST,2008,official_vtd_exact_label_code_nhgis_blocks,0.97,03-1 S. Haven Chrisitan Sch.,2000,1521,0.002360099889
high,ROBERTSON,007565,03 1 SO HAVEN CHRIST,2008,official_vtd_exact_label_code_nhgis_blocks,0.97,03-1 S. Haven Chrisitan Sch.,2000,1521,0.275962292104
high,ROBERTSON,007553,03 2 BETHLEHEM BAPT,2008,official_vtd_exact_label_code_nhgis_blocks,0.97,03-2 Bethlehem Baptist Ch.,2000,1530,0.994835121173
high,ROBERTSON,007563,03 2 BETHLEHEM BAPT,2008,official_vtd_exact_label_code_nhgis_blocks,0.97,03-2 Bethlehem Baptist Ch.,2000,1530,0.005164878827
high,ROBERTSON,007554,04 1 RIDGETOP ADVENT,2008,official_vtd_exact_label_code_nhgis_blocks,0.97,04-1 Ridgetop Adventist Elem.,2000,1529,1.0
high,ROBERTSON,007554,05 1 GREEN RIDGE,2008,official_vtd_exact_label_code_nhgis_blocks,0.97,05-1 Green Ridge Ch. of Christ,2000,1528,0.117157098253
high,ROBERTSON,007555,05 1 GREEN RIDGE,2008,official_vtd_exact_label_code_nhgis_blocks,0.97,05-1 Green Ridge Ch. of Christ,2000,1528,0.861681711317
high,ROBERTSON,007560,05 1 GREEN RIDGE,2008,official_vtd_exact_label_code_nhgis_blocks,0.97,05-1 Green Ridge Ch. of Christ,2000,1528,0.000709207436
high,ROBERTSON,007565,05 1 GREEN RIDGE,2008,official_vtd_exact_label_code_nhgis_blocks,0.97,05-1 Green Ridge Ch. of Christ,2000,1528,0.020451982994
high,ROBERTSON,001003,06 1 COOPERTOWN SCH,2008,official_vtd_exact_label_code_nhgis_blocks,0.97,06-1 Coopertown School,2000,1517,0.000225641352
high,ROBERTSON,007557,06 1 COOPERTOWN SCH,2008,official_vtd_exact_label_code_nhgis_blocks,0.97,06-1 Coopertown School,2000,1517,0.68805148665
high,ROBERTSON,007566,06 1 COOPERTOWN SCH,2008,official_vtd_exact_label_code_nhgis_blocks,0.97,06-1 Coopertown School,2000,1517,0.311635621154
high,ROBERTSON,007567,06 1 COOPERTOWN SCH,2008,official_vtd_exact_label_code_nhgis_blocks,0.97,06-1 Coopertown School,2000,1517,8.7250844e-05
high,ROBERTSON,001801,06 2 MT SHARON C P,2008,official_vtd_exact_label_code_nhgis_blocks,0.97,06-2 Mt. Sharon C.P. Church,2000,1534,0.000138242553
high,ROBERTSON,007556,06 2 MT SHARON C P,2008,official_vtd_exact_label_code_nhgis_blocks,0.97,06-2 Mt. Sharon C.P. Church,2000,1534,0.882073913968
high,ROBERTSON,007565,06 2 MT SHARON C P,2008,official_vtd_exact_label_code_nhgis_blocks,0.97,06-2 Mt. Sharon C.P. Church,2000,1534,0.117787843479
high,ROBERTSON,007559,07 1 ADAMS METHODIST,2008,official_vtd_exact_label_code_nhgis_blocks,0.97,07-1 Adams Methodist Church,2000,1531,1.0
high,ROBERTSON,007559,07 2 CEDAR HILL CC,2008,official_vtd_exact_label_code_nhgis_blocks,0.97,07-2 Cedar Hill Community Cnt.,2000,1532,0.936667215349
high,ROBERTSON,007567,07 2 CEDAR HILL CC,2008,official_vtd_exact_label_code_nhgis_blocks,0.97,07-2 Cedar Hill Community Cnt.,2000,1532,0.063332784651
high,ROBERTSON,007558,07 3 STROUDSVILLE CH,2008,official_vtd_exact_label_code_nhgis_blocks,0.97,07-3 Stroudsville Ch.of Christ,2000,1533,1.0
high,ROBERTSON,007562,08 1 KRISLE SCHOOL,2008,official_vtd_code_and_name_nhgis_blocks,1.0,08-1 Krisle School,2000,1523,1.0
high,ROBERTSON,007561,08 2 H A T S,2008,official_vtd_exact_label_code_nhgis_blocks,0.97,08-2 HATS,2000,1522,0.998179869546
high,ROBERTSON,007562,08 2 H A T S,2008,official_vtd_exact_label_code_nhgis_blocks,0.97,08-2 HATS,2000,1522,0.001820130454
high,ROBERTSON,007551,08 3 OWENS CHAPEL,2008,official_vtd_exact_label_code_nhgis_blocks,0.97,08-3 Owens Chapel Fellow Hall,2000,1524,0.003185641229
high,ROBERTSON,007563,08 3 OWENS CHAPEL,2008,official_vtd_exact_label_code_nhgis_blocks,0.97,08-3 Owens Chapel Fellow Hall,2000,1524,0.996814358771
high,ROBERTSON,007563,09 1 ROBERTSON FAIR,2008,official_vtd_exact_label_code_nhgis_blocks,0.97,09-1 Robertson Co. Fair Assoc.,2000,1520,0.41335574946
high,ROBERTSON,007564,09 1 ROBERTSON FAIR,2008,official_vtd_exact_label_code_nhgis_blocks,0.97,09-1 Robertson Co. Fair Assoc.,2000,1520,0.547030638253
high,ROBERTSON,007568,09 1 ROBERTSON FAIR,2008,official_vtd_exact_label_code_nhgis_blocks,0.97,09-1 Robertson Co. Fair Assoc.,2000,1520,0.039613612287
high,ROBERTSON,007565,11 1 WESTSIDE SCH,2008,official_vtd_exact_label_code_nhgis_blocks,0.97,11-1 Westside School,2000,1518,0.197311500652
high,ROBERTSON,007566,11 1 WESTSIDE SCH,2008,official_vtd_exact_label_code_nhgis_blocks,0.97,11-1 Westside School,2000,1518,0.205202902329
high,ROBERTSON,007567,11 1 WESTSIDE SCH,2008,official_vtd_exact_label_code_nhgis_blocks,0.97,11-1 Westside School,2000,1518,0.597485597019
high,ROBERTSON,007565,12 1 BRANSFORD SCH,2008,official_vtd_exact_label_code_nhgis_blocks,0.97,12-1 Bransford School,2000,1516,0.064743371693
high,ROBERTSON,007568,12 1 BRANSFORD SCH,2008,official_vtd_exact_label_code_nhgis_blocks,0.97,12-1 Bransford School,2000,1516,0.935256628307
high,RUTHERFORD,007652,2 3 MILTON,2008,official_vtd_exact_label_code_nhgis_blocks,0.97,02-3 Milton Fire Hall,2000,1570,1.0
high,RUTHERFORD,007654,3 1 LEANNA,2008,official_vtd_exact_label_code_nhgis_blocks,0.97,03-1 Leana Community Center,2000,1563,0.58868335415
high,RUTHERFORD,007680,3 1 LEANNA,2008,official_vtd_exact_label_code_nhgis_blocks,0.97,03-1 Leana Community Center,2000,1563,0.254354447775
high,RUTHERFORD,007692,3 1 LEANNA,2008,official_vtd_exact_label_code_nhgis_blocks,0.97,03-1 Leana Community Center,2000,1563,0.061750401276
high,RUTHERFORD,007698,3 1 LEANNA,2008,official_vtd_exact_label_code_nhgis_blocks,0.97,03-1 Leana Community Center,2000,1563,0.095211796799
high,RUTHERFORD,007654,3 2 NISSAN ACTIVITY,2008,official_vtd_exact_label_code_nhgis_blocks,0.97,03-2 Nissan Activity Center,2000,1578,0.54947764326
high,RUTHERFORD,007655,3 2 NISSAN ACTIVITY,2008,official_vtd_exact_label_code_nhgis_blocks,0.97,03-2 Nissan Activity Center,2000,1578,0.45052235674
high,RUTHERFORD,007651,3 3 WILSON ES,2008,official_vtd_exact_label_code_nhgis_blocks,0.97,03-3 Wilson Elementary School,2000,1579,4.3727407e-05
high,RUTHERFORD,007654,3 3 WILSON ES,2008,official_vtd_exact_label_code_nhgis_blocks,0.97,03-3 Wilson Elementary School,2000,1579,0.862904989763
high,RUTHERFORD,007675,3 3 WILSON ES,2008,official_vtd_exact_label_code_nhgis_blocks,0.97,03-3 Wilson Elementary School,2000,1579,0.105490517079
high,RUTHERFORD,007698,3 3 WILSON ES,2008,official_vtd_exact_label_code_nhgis_blocks,0.97,03-3 Wilson Elementary School,2000,1579,0.031560765751
high,RUTHERFORD,007691,3 4 FLORENCE BAPTIST,2008,official_vtd_exact_label_code_nhgis_blocks,0.97,03-4 Florence Baptist Church,2000,1551,1.0
high,RUTHERFORD,007695,4 1 ADVENT LUTHERAN,2008,official_vtd_exact_label_code_nhgis_blocks,0.97,04-1 Advent Lutheran Church,2000,1543,0.447499319344
high,RUTHERFORD,007696,4 1 ADVENT LUTHERAN,2008,official_vtd_exact_label_code_nhgis_blocks,0.97,04-1 Advent Lutheran Church,2000,1543,0.552500680656
high,RUTHERFORD,007656,4 2 BUD S TIRE SHOP,2008,official_vtd_code_and_name_nhgis_blocks,1.0,04-2 Bud's Tire Shop,2000,1549,0.187456360042
high,RUTHERFORD,007657,4 2 BUD S TIRE SHOP,2008,official_vtd_code_and_name_nhgis_blocks,1.0,04-2 Bud's Tire Shop,2000,1549,0.001247453241
high,RUTHERFORD,007695,4 2 BUD S TIRE SHOP,2008,official_vtd_code_and_name_nhgis_blocks,1.0,04-2 Bud's Tire Shop,2000,1549,0.024350602776
high,RUTHERFORD,007700,4 2 BUD S TIRE SHOP,2008,official_vtd_code_and_name_nhgis_blocks,1.0,04-2 Bud's Tire Shop,2000,1549,0.786945583941
high,RUTHERFORD,007656,4 3 KITTRELL ES,2008,official_vtd_exact_label_code_nhgis_blocks,0.97,04-3 Kittrell School IV,2000,1568,1.0
high,RUTHERFORD,007657,4 4 OAKLAND HS,2008,official_vtd_exact_label_code_nhgis_blocks,0.97,04-4 Oakland High School,2000,1562,0.000435299166
high,RUTHERFORD,007658,4 4 OAKLAND HS,2008,official_vtd_exact_label_code_nhgis_blocks,0.97,04-4 Oakland High School,2000,1562,0.985895177418
high,RUTHERFORD,007700,4 4 OAKLAND HS,2008,official_vtd_exact_label_code_nhgis_blocks,0.97,04-4 Oakland High School,2000,1562,0.013669523416
high,RUTHERFORD,007659,5 1 LAVERGNE FBC,2008,official_vtd_exact_label_code_nhgis_blocks,0.97,05-1 First Baptist Church of LaVergne,2000,1572,0.465444456827
high,RUTHERFORD,007660,5 1 LAVERGNE FBC,2008,official_vtd_exact_label_code_nhgis_blocks,0.97,05-1 First Baptist Church of LaVergne,2000,1572,0.298997176318
high,RUTHERFORD,007671,5 1 LAVERGNE FBC,2008,official_vtd_exact_label_code_nhgis_blocks,0.97,05-1 First Baptist Church of LaVergne,2000,1572,0.119232611885
high,RUTHERFORD,007699,5 1 LAVERGNE FBC,2008,official_vtd_exact_label_code_nhgis_blocks,0.97,05-1 First Baptist Church of LaVergne,2000,1572,0.11632575497
high,RUTHERFORD,007661,6 1 BUCHANAN,2008,official_vtd_exact_label_code_nhgis_blocks,0.97,06-1 Buchanan School,2000,1542,0.986546112365
high,RUTHERFORD,007696,6 1 BUCHANAN,2008,official_vtd_exact_label_code_nhgis_blocks,0.97,06-1 Buchanan School,2000,1542,0.013453887635
high,RUTHERFORD,007661,6 2 CHRISTIANA MS,2008,official_vtd_exact_label_code_nhgis_blocks,0.97,06-2 Christiana Middle School,2000,1546,0.42076608641
high,RUTHERFORD,007662,6 2 CHRISTIANA MS,2008,official_vtd_exact_label_code_nhgis_blocks,0.97,06-2 Christiana Middle School,2000,1546,0.525310356663
high,RUTHERFORD,007689,6 2 CHRISTIANA MS,2008,official_vtd_exact_label_code_nhgis_blocks,0.97,06-2 Christiana Middle School,2000,1546,0.006836633847
high,RUTHERFORD,007690,6 2 CHRISTIANA MS,2008,official_vtd_exact_label_code_nhgis_blocks,0.97,06-2 Christiana Middle School,2000,1546,0.047086923079
high,RUTHERFORD,007656,6 3 KITTRELL ES,2008,official_vtd_exact_label_code_nhgis_blocks,0.97,06-3 Kittrell School VI,2000,1558,0.052509672836
high,RUTHERFORD,007661,6 3 KITTRELL ES,2008,official_vtd_exact_label_code_nhgis_blocks,0.97,06-3 Kittrell School VI,2000,1558,0.88297996097
high,RUTHERFORD,007695,6 3 KITTRELL ES,2008,official_vtd_exact_label_code_nhgis_blocks,0.97,06-3 Kittrell School VI,2000,1558,0.051171533251
high,RUTHERFORD,007696,6 3 KITTRELL ES,2008,official_vtd_exact_label_code_nhgis_blocks,0.97,06-3 Kittrell School VI,2000,1558,0.013338832944
high,RUTHERFORD,007663,7 1 BLACKMAN ES,2008,official_vtd_exact_label_code_nhgis_blocks,0.97,07-1 Blackman Elementary School,2000,1556,0.083680543291
high,RUTHERFORD,007665,7 1 BLACKMAN ES,2008,official_vtd_exact_label_code_nhgis_blocks,0.97,07-1 Blackman Elementary School,2000,1556,0.706100764659
high,RUTHERFORD,007667,7 1 BLACKMAN ES,2008,official_vtd_exact_label_code_nhgis_blocks,0.97,07-1 Blackman Elementary School,2000,1556,0.191317188078
high,RUTHERFORD,007685,7 1 BLACKMAN ES,2008,official_vtd_exact_label_code_nhgis_blocks,0.97,07-1 Blackman Elementary School,2000,1556,0.000124281379
high,RUTHERFORD,007694,7 1 BLACKMAN ES,2008,official_vtd_exact_label_code_nhgis_blocks,0.97,07-1 Blackman Elementary School,2000,1556,0.018777222594
high,RUTHERFORD,007662,7 2 RIVERDALE HS,2008,official_vtd_exact_label_code_nhgis_blocks,0.97,07-2 Riverdale High School,2000,1557,0.18436659826
high,RUTHERFORD,007663,7 2 RIVERDALE HS,2008,official_vtd_exact_label_code_nhgis_blocks,0.97,07-2 Riverdale High School,2000,1557,0.00010138314
high,RUTHERFORD,007664,7 2 RIVERDALE HS,2008,official_vtd_exact_label_code_nhgis_blocks,0.97,07-2 Riverdale High School,2000,1557,0.276243627001
high,RUTHERFORD,007668,7 2 RIVERDALE HS,2008,official_vtd_exact_label_code_nhgis_blocks,0.97,07-2 Riverdale High School,2000,1557,0.539085376794
high,RUTHERFORD,007677,7 2 RIVERDALE HS,2008,official_vtd_exact_label_code_nhgis_blocks,0.97,07-2 Riverdale High School,2000,1557,0.000138320477
high,RUTHERFORD,007689,7 2 RIVERDALE HS,2008,official_vtd_exact_label_code_nhgis_blocks,0.97,07-2 Riverdale High School,2000,1557,6.4694327e-05
high,RUTHERFORD,007663,7 3 MTEMC,2008,official_vtd_exact_label_code_nhgis_blocks,0.97,07-3 Middle TN Electric Membership Corp,2000,1538,0.598621888836
high,RUTHERFORD,007678,7 3 MTEMC,2008,official_vtd_exact_label_code_nhgis_blocks,0.97,07-3 Middle TN Electric Membership Corp,2000,1538,0.006664638214
high,RUTHERFORD,007694,7 3 MTEMC,2008,official_vtd_exact_label_code_nhgis_blocks,0.97,07-3 Middle TN Electric Membership Corp,2000,1538,0.39471347295
high,RUTHERFORD,007665,8 1 BLACKMAN UMC,2008,official_vtd_exact_label_code_nhgis_blocks,0.97,08-1 Blackman United Methodist Church,2000,1536,0.338614323985
high,RUTHERFORD,007670,8 1 BLACKMAN UMC,2008,official_vtd_exact_label_code_nhgis_blocks,0.97,08-1 Blackman United Methodist Church,2000,1536,0.000402235167
high,RUTHERFORD,007693,8 1 BLACKMAN UMC,2008,official_vtd_exact_label_code_nhgis_blocks,0.97,08-1 Blackman United Methodist Church,2000,1536,0.654774856231
high,RUTHERFORD,007694,8 1 BLACKMAN UMC,2008,official_vtd_exact_label_code_nhgis_blocks,0.97,08-1 Blackman United Methodist Church,2000,1536,0.006208584617
high,RUTHERFORD,007665,8 2 EAGLEVILLE,2008,official_vtd_exact_label_code_nhgis_blocks,0.97,08-2 Eagleville Community Center,2000,1540,0.207327187272
high,RUTHERFORD,007666,8 2 EAGLEVILLE,2008,official_vtd_exact_label_code_nhgis_blocks,0.97,08-2 Eagleville Community Center,2000,1540,0.792672812728
high,RUTHERFORD,007667,8 3 LEBANON CAMP,2008,official_vtd_exact_label_code_nhgis_blocks,0.97,08-3 Lebanon Camp Church,2000,1559,1.0
high,RUTHERFORD,007663,8 4 ROCKVALE,2008,official_vtd_exact_label_code_nhgis_blocks,0.97,08-4 Rockvale Community Center,2000,1539,0.013708885406
high,RUTHERFORD,007665,8 4 ROCKVALE,2008,official_vtd_exact_label_code_nhgis_blocks,0.97,08-4 Rockvale Community Center,2000,1539,0.986291114594
high,RUTHERFORD,007670,9 1 STEWARTS CREEK,2008,official_vtd_exact_label_code_nhgis_blocks,0.97,09-1 Stewart Creek Elementary,2000,1535,0.836788389043
high,RUTHERFORD,007674,9 1 STEWARTS CREEK,2008,official_vtd_exact_label_code_nhgis_blocks,0.97,09-1 Stewart Creek Elementary,2000,1535,0.035029278252
high,RUTHERFORD,007691,9 1 STEWARTS CREEK,2008,official_vtd_exact_label_code_nhgis_blocks,0.97,09-1 Stewart Creek Elementary,2000,1535,0.055230250265
high,RUTHERFORD,007693,9 1 STEWARTS CREEK,2008,official_vtd_exact_label_code_nhgis_blocks,0.97,09-1 Stewart Creek Elementary,2000,1535,0.07295208244
high,RUTHERFORD,007669,9 2 GILES CREEK,2008,official_vtd_exact_label_code_nhgis_blocks,0.97,09-2 Giles Creek Baptist Church,2000,1541,0.901376781527
high,RUTHERFORD,007671,9 2 GILES CREEK,2008,official_vtd_exact_label_code_nhgis_blocks,0.97,09-2 Giles Creek Baptist Church,2000,1541,0.00065838469
high,RUTHERFORD,007672,9 2 GILES CREEK,2008,official_vtd_exact_label_code_nhgis_blocks,0.97,09-2 Giles Creek Baptist Church,2000,1541,0.091990389762
high,RUTHERFORD,007674,9 2 GILES CREEK,2008,official_vtd_exact_label_code_nhgis_blocks,0.97,09-2 Giles Creek Baptist Church,2000,1541,0.005947839313
high,RUTHERFORD,007693,9 2 GILES CREEK,2008,official_vtd_exact_label_code_nhgis_blocks,0.97,09-2 Giles Creek Baptist Church,2000,1541,2.6604709e-05
high,RUTHERFORD,007669,10 3 ROCK SPRINGS ES,2008,official_vtd_exact_label_code_nhgis_blocks,0.97,10-3 Rock Springs School III,2000,1576,0.241160074145
high,RUTHERFORD,007671,10 3 ROCK SPRINGS ES,2008,official_vtd_exact_label_code_nhgis_blocks,0.97,10-3 Rock Springs School III,2000,1576,0.72789391926
high,RUTHERFORD,007674,10 3 ROCK SPRINGS ES,2008,official_vtd_exact_label_code_nhgis_blocks,0.97,10-3 Rock Springs School III,2000,1576,0.030946006595
high,RUTHERFORD,007673,11 1 SMYRNA MIDDLE,2008,official_vtd_exact_label_code_nhgis_blocks,0.97,11-1 Smyrna Middle School,2000,1577,0.551783844799
high,RUTHERFORD,007674,11 1 SMYRNA MIDDLE,2008,official_vtd_exact_label_code_nhgis_blocks,0.97,11-1 Smyrna Middle School,2000,1577,0.169453277112
high,RUTHERFORD,007676,11 1 SMYRNA MIDDLE,2008,official_vtd_exact_label_code_nhgis_blocks,0.97,11-1 Smyrna Middle School,2000,1577,0.144053014597
high,RUTHERFORD,007699,11 1 SMYRNA MIDDLE,2008,official_vtd_exact_label_code_nhgis_blocks,0.97,11-1 Smyrna Middle School,2000,1577,0.134709863492
high,RUTHERFORD,007651,12 1 TN REHAB,2008,official_vtd_exact_label_code_nhgis_blocks,0.97,12-1 Tennessee Rehab Center,2000,1582,0.001245732086
high,RUTHERFORD,007655,12 1 TN REHAB,2008,official_vtd_exact_label_code_nhgis_blocks,0.97,12-1 Tennessee Rehab Center,2000,1582,0.124809706828
high,RUTHERFORD,007660,12 1 TN REHAB,2008,official_vtd_exact_label_code_nhgis_blocks,0.97,12-1 Tennessee Rehab Center,2000,1582,0.000719563069
high,RUTHERFORD,007675,12 1 TN REHAB,2008,official_vtd_exact_label_code_nhgis_blocks,0.97,12-1 Tennessee Rehab Center,2000,1582,0.591223946798
high,RUTHERFORD,007676,12 1 TN REHAB,2008,official_vtd_exact_label_code_nhgis_blocks,0.97,12-1 Tennessee Rehab Center,2000,1582,0.28108479044
high,RUTHERFORD,007699,12 1 TN REHAB,2008,official_vtd_exact_label_code_nhgis_blocks,0.97,12-1 Tennessee Rehab Center,2000,1582,0.000916260778
high,RUTHERFORD,007677,13 1 BELLWOOD SCHOOL,2008,official_vtd_code_and_name_nhgis_blocks,1.0,13-1 Bellwood School,2000,1553,0.603713183405
high,RUTHERFORD,007678,13 1 BELLWOOD SCHOOL,2008,official_vtd_code_and_name_nhgis_blocks,1.0,13-1 Bellwood School,2000,1553,0.131385635831
high,RUTHERFORD,007689,13 1 BELLWOOD SCHOOL,2008,official_vtd_code_and_name_nhgis_blocks,1.0,13-1 Bellwood School,2000,1553,0.264332025524
high,RUTHERFORD,007694,13 1 BELLWOOD SCHOOL,2008,official_vtd_code_and_name_nhgis_blocks,1.0,13-1 Bellwood School,2000,1553,0.00056915524
high,RUTHERFORD,007663,13 2 WORLD OUTREACH,2008,official_vtd_exact_label_code_nhgis_blocks,0.97,13-2 World Outreach Church,2000,1552,0.085126199981
high,RUTHERFORD,007677,13 2 WORLD OUTREACH,2008,official_vtd_exact_label_code_nhgis_blocks,0.97,13-2 World Outreach Church,2000,1552,0.429334075699
high,RUTHERFORD,007678,13 2 WORLD OUTREACH,2008,official_vtd_exact_label_code_nhgis_blocks,0.97,13-2 World Outreach Church,2000,1552,0.249985782209
high,RUTHERFORD,007689,13 2 WORLD OUTREACH,2008,official_vtd_exact_label_code_nhgis_blocks,0.97,13-2 World Outreach Church,2000,1552,0.235553942111
high,RUTHERFORD,007682,14 1 NORTHFIELD ES,2008,official_vtd_exact_label_code_nhgis_blocks,0.97,14-1 Northfield Elementary School,2000,1567,0.755235120662
high,RUTHERFORD,007684,14 1 NORTHFIELD ES,2008,official_vtd_exact_label_code_nhgis_blocks,0.97,14-1 Northfield Elementary School,2000,1567,0.244764879338
high,RUTHERFORD,007679,14 2 SIEGEL ES,2008,official_vtd_exact_label_code_nhgis_blocks,0.97,14-2 Siegal Elementary School,2000,1580,0.039006557524
high,RUTHERFORD,007680,14 2 SIEGEL ES,2008,official_vtd_exact_label_code_nhgis_blocks,0.97,14-2 Siegal Elementary School,2000,1580,0.69609305161
high,RUTHERFORD,007681,14 2 SIEGEL ES,2008,official_vtd_exact_label_code_nhgis_blocks,0.97,14-2 Siegal Elementary School,2000,1580,0.152416631815
high,RUTHERFORD,007698,14 2 SIEGEL ES,2008,official_vtd_exact_label_code_nhgis_blocks,0.97,14-2 Siegal Elementary School,2000,1580,0.112483759052
high,RUTHERFORD,007658,15 1 KINGWOOD COC,2008,official_vtd_exact_label_code_nhgis_blocks,0.97,15-1 Kingwood Church of Christ,2000,1566,0.226607993029
high,RUTHERFORD,007681,15 1 KINGWOOD COC,2008,official_vtd_exact_label_code_nhgis_blocks,0.97,15-1 Kingwood Church of Christ,2000,1566,0.37892573469
high,RUTHERFORD,007682,15 1 KINGWOOD COC,2008,official_vtd_exact_label_code_nhgis_blocks,0.97,15-1 Kingwood Church of Christ,2000,1566,0.27805029756
high,RUTHERFORD,007687,15 1 KINGWOOD COC,2008,official_vtd_exact_label_code_nhgis_blocks,0.97,15-1 Kingwood Church of Christ,2000,1566,0.075933750228
high,RUTHERFORD,007698,15 1 KINGWOOD COC,2008,official_vtd_exact_label_code_nhgis_blocks,0.97,15-1 Kingwood Church of Christ,2000,1566,0.040482224493
high,RUTHERFORD,007683,16 1 CENTRAL MID SCH,2008,official_vtd_exact_label_code_nhgis_blocks,0.97,16-1 Central Middle School,2000,1561,1.0
high,RUTHERFORD,007677,16 2 M NEILSON ELEM,2008,official_vtd_exact_label_code_nhgis_blocks,0.97,16-2 Mitchell Neilson Elementary,2000,1555,0.388470703882
high,RUTHERFORD,007679,16 2 M NEILSON ELEM,2008,official_vtd_exact_label_code_nhgis_blocks,0.97,16-2 Mitchell Neilson Elementary,2000,1555,0.004534780979
high,RUTHERFORD,007683,16 2 M NEILSON ELEM,2008,official_vtd_exact_label_code_nhgis_blocks,0.97,16-2 Mitchell Neilson Elementary,2000,1555,0.512565494329
high,RUTHERFORD,007685,16 2 M NEILSON ELEM,2008,official_vtd_exact_label_code_nhgis_blocks,0.97,16-2 Mitchell Neilson Elementary,2000,1555,0.09442902081
high,RUTHERFORD,007657,17 1 NO BLVD COC,2008,official_vtd_exact_label_code_nhgis_blocks,0.97,17-1 North Blvd Church of Christ,2000,1548,0.309547601855
high,RUTHERFORD,007658,17 1 NO BLVD COC,2008,official_vtd_exact_label_code_nhgis_blocks,0.97,17-1 North Blvd Church of Christ,2000,1548,0.000485962773
high,RUTHERFORD,007686,17 1 NO BLVD COC,2008,official_vtd_exact_label_code_nhgis_blocks,0.97,17-1 North Blvd Church of Christ,2000,1548,0.68938744224
high,RUTHERFORD,007688,17 1 NO BLVD COC,2008,official_vtd_exact_label_code_nhgis_blocks,0.97,17-1 North Blvd Church of Christ,2000,1548,0.000571367002
high,RUTHERFORD,007700,17 1 NO BLVD COC,2008,official_vtd_exact_label_code_nhgis_blocks,0.97,17-1 North Blvd Church of Christ,2000,1548,7.626129e-06
high,RUTHERFORD,007683,18 1 PATTERSON PARK,2008,official_vtd_code_and_name_nhgis_blocks,1.0,18-1 Patterson Park,2000,1547,0.008374586223
high,RUTHERFORD,007689,18 1 PATTERSON PARK,2008,official_vtd_code_and_name_nhgis_blocks,1.0,18-1 Patterson Park,2000,1547,0.987894616206
high,RUTHERFORD,007690,18 1 PATTERSON PARK,2008,official_vtd_code_and_name_nhgis_blocks,1.0,18-1 Patterson Park,2000,1547,0.002011056774
high,RUTHERFORD,007696,18 1 PATTERSON PARK,2008,official_vtd_code_and_name_nhgis_blocks,1.0,18-1 Patterson Park,2000,1547,0.001719740798
high,RUTHERFORD,007664,18 2 WILDERNESS II,2008,official_vtd_exact_label_code_nhgis_blocks,0.97,18-2 Mid TN Realtors Association Bldg,2000,1560,0.207323858172
high,RUTHERFORD,007690,18 2 WILDERNESS II,2008,official_vtd_exact_label_code_nhgis_blocks,0.97,18-2 Mid TN Realtors Association Bldg,2000,1560,0.792676141828
high,RUTHERFORD,007662,18 3 WILDERNESS III,2008,official_vtd_exact_label_code_nhgis_blocks,0.97,18-3 Wilderness Station III,2000,1581,0.610729385707
high,RUTHERFORD,007664,18 3 WILDERNESS III,2008,official_vtd_exact_label_code_nhgis_blocks,0.97,18-3 Wilderness Station III,2000,1581,0.389270614293
high,RUTHERFORD,007679,19 1 MITCHELL N PRIM,2008,official_vtd_exact_label_code_nhgis_blocks,0.97,19-1 Mitchell Neilson Primary,2000,1565,0.685292122527
high,RUTHERFORD,007683,19 1 MITCHELL N PRIM,2008,official_vtd_exact_label_code_nhgis_blocks,0.97,19-1 Mitchell Neilson Primary,2000,1565,0.080636911165
high,RUTHERFORD,007685,19 1 MITCHELL N PRIM,2008,official_vtd_exact_label_code_nhgis_blocks,0.97,19-1 Mitchell Neilson Primary,2000,1565,0.068149568373
high,RUTHERFORD,007692,19 1 MITCHELL N PRIM,2008,official_vtd_exact_label_code_nhgis_blocks,0.97,19-1 Mitchell Neilson Primary,2000,1565,0.165921397935
high,RUTHERFORD,007654,19 2 SIEGEL MID SCH,2008,official_vtd_exact_label_code_nhgis_blocks,0.97,19-2 Seigel Middle School,2000,1564,0.081621059504
high,RUTHERFORD,007679,19 2 SIEGEL MID SCH,2008,official_vtd_exact_label_code_nhgis_blocks,0.97,19-2 Seigel Middle School,2000,1564,0.430808578758
high,RUTHERFORD,007680,19 2 SIEGEL MID SCH,2008,official_vtd_exact_label_code_nhgis_blocks,0.97,19-2 Seigel Middle School,2000,1564,0.116522576632
high,RUTHERFORD,007692,19 2 SIEGEL MID SCH,2008,official_vtd_exact_label_code_nhgis_blocks,0.97,19-2 Seigel Middle School,2000,1564,0.371047785106
high,RUTHERFORD,007685,19 3 LANE AGRI PARK,2008,official_vtd_code_and_name_nhgis_blocks,1.0,19-3 Lane Agri-Park,2000,1554,0.550946585717
high,RUTHERFORD,007692,19 3 LANE AGRI PARK,2008,official_vtd_code_and_name_nhgis_blocks,1.0,19-3 Lane Agri-Park,2000,1554,0.449053414283
high,RUTHERFORD,007661,21 1 HOBGOOD SCHOOL,2008,official_vtd_code_and_name_nhgis_blocks,1.0,21-1 Hobgood School,2000,1544,0.200139332604
high,RUTHERFORD,007686,21 1 HOBGOOD SCHOOL,2008,official_vtd_code_and_name_nhgis_blocks,1.0,21-1 Hobgood School,2000,1544,6.66498e-07
high,RUTHERFORD,007688,21 1 HOBGOOD SCHOOL,2008,official_vtd_code_and_name_nhgis_blocks,1.0,21-1 Hobgood School,2000,1544,0.041912971848
high,RUTHERFORD,007690,21 1 HOBGOOD SCHOOL,2008,official_vtd_code_and_name_nhgis_blocks,1.0,21-1 Hobgood School,2000,1544,0.192074937615
high,RUTHERFORD,007695,21 1 HOBGOOD SCHOOL,2008,official_vtd_code_and_name_nhgis_blocks,1.0,21-1 Hobgood School,2000,1544,0.358213870425
high,RUTHERFORD,007696,21 1 HOBGOOD SCHOOL,2008,official_vtd_code_and_name_nhgis_blocks,1.0,21-1 Hobgood School,2000,1544,0.205665268875
high,RUTHERFORD,007700,21 1 HOBGOOD SCHOOL,2008,official_vtd_code_and_name_nhgis_blocks,1.0,21-1 Hobgood School,2000,1544,0.001992952135
high,SCOTT,007754,1 1 FAIRVIEW,2008,official_vtd_code_and_name_nhgis_blocks,1.0,1-1 Fairview,2000,1589,1.0
high,SCOTT,007758,2 1 ELGIN,2008,official_vtd_code_and_name_nhgis_blocks,1.0,2-1 Elgin,2000,1586,1.0
high,SCOTT,007751,2 2 ROBBINS,2008,official_vtd_code_and_name_nhgis_blocks,1.0,2-2 Robbins,2000,1587,1.0
high,SCOTT,007751,3 1 HUNTSVILLE,2008,official_vtd_code_and_name_nhgis_blocks,1.0,3-1 Huntsville,2000,1588,0.087235619616
high,SCOTT,007752,3 1 HUNTSVILLE,2008,official_vtd_code_and_name_nhgis_blocks,1.0,3-1 Huntsville,2000,1588,0.000112818337
high,SCOTT,007753,3 1 HUNTSVILLE,2008,official_vtd_code_and_name_nhgis_blocks,1.0,3-1 Huntsville,2000,1588,0.912651562047
high,SCOTT,007759,3 2 PAINT ROCK,2008,official_vtd_code_and_name_nhgis_blocks,1.0,3-2 Paint Rock,2000,1591,1.0
high,SCOTT,007752,4 1 HELENWOOD,2008,official_vtd_code_and_name_nhgis_blocks,1.0,4-1 Helenwood,2000,1585,1.0
high,SCOTT,007754,5 1 PINE HILL,2008,official_vtd_code_and_name_nhgis_blocks,1.0,5-1 Pine Hill,2000,1590,0.197353437251
high,SCOTT,007755,5 1 PINE HILL,2008,official_vtd_code_and_name_nhgis_blocks,1.0,5-1 Pine Hill,2000,1590,0.000243486853
high,SCOTT,007756,5 1 PINE HILL,2008,official_vtd_code_and_name_nhgis_blocks,1.0,5-1 Pine Hill,2000,1590,6.1288709e-05
high,SCOTT,007760,5 1 PINE HILL,2008,official_vtd_code_and_name_nhgis_blocks,1.0,5-1 Pine Hill,2000,1590,0.802341787187
high,SCOTT,007755,5 2 WINFIELD,2008,official_vtd_code_and_name_nhgis_blocks,1.0,5-2 Winfield,2000,1592,1.0
high,SCOTT,007756,6 1 ONEIDA,2008,official_vtd_code_and_name_nhgis_blocks,1.0,6-1 Oneida,2000,1584,1.0
high,SCOTT,007756,7 1 WEST ONEIDA,2008,official_vtd_code_and_name_nhgis_blocks,1.0,7-1 West Oneida,2000,1583,0.037852268496
high,SCOTT,007757,7 1 WEST ONEIDA,2008,official_vtd_code_and_name_nhgis_blocks,1.0,7-1 West Oneida,2000,1583,0.962147731504
high,SEQUATCHIE,007851,1 WELCH CHAPEL,2008,official_vtd_code_and_name_nhgis_blocks,1.0,1 Welch Chapel,2000,1594,0.364322599591
high,SEQUATCHIE,007853,1 WELCH CHAPEL,2008,official_vtd_code_and_name_nhgis_blocks,1.0,1 Welch Chapel,2000,1594,0.169229584867
high,SEQUATCHIE,007859,1 WELCH CHAPEL,2008,official_vtd_code_and_name_nhgis_blocks,1.0,1 Welch Chapel,2000,1594,0.466447815542
high,SEQUATCHIE,007851,1 LEWIS CHAPEL,2008,official_vtd_code_and_name_nhgis_blocks,1.0,1 Lewis Chapel,2000,1593,1.0
high,SEQUATCHIE,007855,2 CAGLE,2008,official_vtd_code_and_name_nhgis_blocks,1.0,2 Cagle,2000,1602,0.496915344428
high,SEQUATCHIE,007856,2 CAGLE,2008,official_vtd_code_and_name_nhgis_blocks,1.0,2 Cagle,2000,1602,0.503084655572
high,SEQUATCHIE,007856,2 FREDONIA,2008,official_vtd_code_and_name_nhgis_blocks,1.0,2 Fredonia,2000,1601,1.0
high,SEQUATCHIE,007855,3 ELECTRIC CO OP,2008,official_vtd_code_and_name_nhgis_blocks,1.0,3 Electric Co-op,2000,1597,0.644439747656
high,SEQUATCHIE,007858,3 ELECTRIC CO OP,2008,official_vtd_code_and_name_nhgis_blocks,1.0,3 Electric Co-op,2000,1597,0.23960178969
high,SEQUATCHIE,007859,3 ELECTRIC CO OP,2008,official_vtd_code_and_name_nhgis_blocks,1.0,3 Electric Co-op,2000,1597,0.115958462655
high,SEQUATCHIE,007856,4 COURTHOUSE ANNEX,2008,official_vtd_code_and_name_nhgis_blocks,1.0,4 Courthouse Annex,2000,1596,0.102212973412
high,SEQUATCHIE,007858,4 COURTHOUSE ANNEX,2008,official_vtd_code_and_name_nhgis_blocks,1.0,4 Courthouse Annex,2000,1596,0.354152477328
high,SEQUATCHIE,007859,4 COURTHOUSE ANNEX,2008,official_vtd_code_and_name_nhgis_blocks,1.0,4 Courthouse Annex,2000,1596,0.543634549259
high,SEQUATCHIE,007853,5 CHAPEL HILL,2008,official_vtd_code_and_name_nhgis_blocks,1.0,5 Chapel Hill,2000,1595,0.818523097545
high,SEQUATCHIE,007854,5 CHAPEL HILL,2008,official_vtd_code_and_name_nhgis_blocks,1.0,5 Chapel Hill,2000,1595,0.027773253053
high,SEQUATCHIE,007857,5 CHAPEL HILL,2008,official_vtd_code_and_name_nhgis_blocks,1.0,5 Chapel Hill,2000,1595,0.153703649402
high,SEQUATCHIE,007853,6 DAUS,2008,official_vtd_code_and_name_nhgis_blocks,1.0,6 Daus,2000,1599,0.143821792789
high,SEQUATCHIE,007854,6 DAUS,2008,official_vtd_code_and_name_nhgis_blocks,1.0,6 Daus,2000,1599,0.673810287405
high,SEQUATCHIE,007856,6 DAUS,2008,official_vtd_code_and_name_nhgis_blocks,1.0,6 Daus,2000,1599,0.182367919805
high,SEQUATCHIE,007854,7 HIGH SCHOOL,2008,official_vtd_code_and_name_nhgis_blocks,1.0,7 High School,2000,1600,0.565089642354
high,SEQUATCHIE,007856,7 HIGH SCHOOL,2008,official_vtd_code_and_name_nhgis_blocks,1.0,7 High School,2000,1600,0.070669696191
high,SEQUATCHIE,007857,7 HIGH SCHOOL,2008,official_vtd_code_and_name_nhgis_blocks,1.0,7 High School,2000,1600,0.291588115335
high,SEQUATCHIE,007858,7 HIGH SCHOOL,2008,official_vtd_code_and_name_nhgis_blocks,1.0,7 High School,2000,1600,0.059060257894
high,SEQUATCHIE,007859,7 HIGH SCHOOL,2008,official_vtd_code_and_name_nhgis_blocks,1.0,7 High School,2000,1600,0.013592288225
high,SEQUATCHIE,007852,8 LONE OAK,2008,official_vtd_exact_label_code_nhgis_blocks,0.97,8 Loan Oak Church of God,2000,1598,1.0
high,SEVIER,007951,1 1 CATON S CHAPEL,2008,official_vtd_code_and_name_nhgis_blocks,1.0,1-1 Caton's Chapel,2000,1605,0.025870868775
high,SEVIER,007953,1 1 CATON S CHAPEL,2008,official_vtd_code_and_name_nhgis_blocks,1.0,1-1 Caton's Chapel,2000,1605,0.974129131225
high,SEVIER,007951,1 2 JONES COVE,2008,official_vtd_code_and_name_nhgis_blocks,1.0,1-2 Jones Cove,2000,1604,0.062633995799
high,SEVIER,007952,1 2 JONES COVE,2008,official_vtd_code_and_name_nhgis_blocks,1.0,1-2 Jones Cove,2000,1604,0.93736377627
high,SEVIER,007953,1 2 JONES COVE,2008,official_vtd_code_and_name_nhgis_blocks,1.0,1-2 Jones Cove,2000,1604,2.227931e-06
high,SEVIER,007954,3 1 NEW CENTER,2008,official_vtd_code_and_name_nhgis_blocks,1.0,3-1 New Center,2000,1607,0.184386372422
high,SEVIER,007955,3 1 NEW CENTER,2008,official_vtd_code_and_name_nhgis_blocks,1.0,3-1 New Center,2000,1607,0.791357130915
high,SEVIER,007971,3 1 NEW CENTER,2008,official_vtd_code_and_name_nhgis_blocks,1.0,3-1 New Center,2000,1607,0.024256496663
high,SEVIER,007954,3 2 HARRISBURG,2008,official_vtd_exact_label_code_nhgis_blocks,0.97,3-2 Vocational Ctr. Harrisbg.,2000,1606,0.945009959623
high,SEVIER,007963,3 2 HARRISBURG,2008,official_vtd_exact_label_code_nhgis_blocks,0.97,3-2 Vocational Ctr. Harrisbg.,2000,1606,0.054875931152
high,SEVIER,007975,3 2 HARRISBURG,2008,official_vtd_exact_label_code_nhgis_blocks,0.97,3-2 Vocational Ctr. Harrisbg.,2000,1606,0.000114109225
high,SEVIER,007954,4 1 PIGEON FORGE CH,2008,official_vtd_exact_label_code_nhgis_blocks,0.97,4-1 Pigeon Forge City Hall,2000,1609,0.004173457078
high,SEVIER,007957,4 1 PIGEON FORGE CH,2008,official_vtd_exact_label_code_nhgis_blocks,0.97,4-1 Pigeon Forge City Hall,2000,1609,0.74809856092
high,SEVIER,007959,4 1 PIGEON FORGE CH,2008,official_vtd_exact_label_code_nhgis_blocks,0.97,4-1 Pigeon Forge City Hall,2000,1609,0.032306119706
high,SEVIER,007962,4 1 PIGEON FORGE CH,2008,official_vtd_exact_label_code_nhgis_blocks,0.97,4-1 Pigeon Forge City Hall,2000,1609,0.006207950626
high,SEVIER,007963,4 1 PIGEON FORGE CH,2008,official_vtd_exact_label_code_nhgis_blocks,0.97,4-1 Pigeon Forge City Hall,2000,1609,0.001909355709
high,SEVIER,007972,4 1 PIGEON FORGE CH,2008,official_vtd_exact_label_code_nhgis_blocks,0.97,4-1 Pigeon Forge City Hall,2000,1609,0.02290779599
high,SEVIER,007975,4 1 PIGEON FORGE CH,2008,official_vtd_exact_label_code_nhgis_blocks,0.97,4-1 Pigeon Forge City Hall,2000,1609,0.184396759972
high,SEVIER,007963,5 1 SEVIERVILLE MID,2008,official_vtd_exact_label_code_nhgis_blocks,0.97,5-1 Sevierville Middle School,2000,1615,0.980245550691
high,SEVIER,007975,5 1 SEVIERVILLE MID,2008,official_vtd_exact_label_code_nhgis_blocks,0.97,5-1 Sevierville Middle School,2000,1615,0.019754449309
high,SEVIER,007957,5 2 SENIOR CENTER,2008,official_vtd_exact_label_code_nhgis_blocks,0.97,5-2 Senior Citizens Bldg.,2000,1614,0.132987141897
high,SEVIER,007962,5 2 SENIOR CENTER,2008,official_vtd_exact_label_code_nhgis_blocks,0.97,5-2 Senior Citizens Bldg.,2000,1614,0.861183126249
high,SEVIER,007966,5 2 SENIOR CENTER,2008,official_vtd_exact_label_code_nhgis_blocks,0.97,5-2 Senior Citizens Bldg.,2000,1614,0.005829731854
high,SEVIER,007967,6 1 SEYMOUR INTMDTE,2008,official_vtd_exact_label_code_nhgis_blocks,0.97,6-1 Seymour Intmdte. School,2000,1620,0.158443449399
high,SEVIER,007968,6 1 SEYMOUR INTMDTE,2008,official_vtd_exact_label_code_nhgis_blocks,0.97,6-1 Seymour Intmdte. School,2000,1620,0.841556550601
high,SEVIER,007966,7 2 VM WAREHOUSE,2008,official_vtd_exact_label_code_nhgis_blocks,0.97,7-2 Catlettsburg,2000,1618,0.757986091932
high,SEVIER,007969,7 2 VM WAREHOUSE,2008,official_vtd_exact_label_code_nhgis_blocks,0.97,7-2 Catlettsburg,2000,1618,0.009596577044
high,SEVIER,007973,7 2 VM WAREHOUSE,2008,official_vtd_exact_label_code_nhgis_blocks,0.97,7-2 Catlettsburg,2000,1618,0.194917487925
high,SEVIER,007974,7 2 VM WAREHOUSE,2008,official_vtd_exact_label_code_nhgis_blocks,0.97,7-2 Catlettsburg,2000,1618,0.037499843099
high,SEVIER,007969,8 1 KODAK,2008,official_vtd_code_and_name_nhgis_blocks,1.0,8-1 Kodak,2000,1621,1.0
high,SEVIER,007970,8 2 UNDERWOOD,2008,official_vtd_code_and_name_nhgis_blocks,1.0,8-2 Underwood,2000,1622,1.0
high,SEVIER,007965,9 1 SEYMOUR PRIMARY,2008,official_vtd_exact_label_code_nhgis_blocks,0.97,9-1 Seymour Primary School,2000,1617,1.0
high,SEVIER,007959,10 3 DUPONT CC,2008,official_vtd_exact_label_code_nhgis_blocks,0.97,10-3 Adult H.S. (Whites),2000,1613,0.082787213004
high,SEVIER,007961,10 3 DUPONT CC,2008,official_vtd_exact_label_code_nhgis_blocks,0.97,10-3 Adult H.S. (Whites),2000,1613,0.917079200965
high,SEVIER,007962,10 3 DUPONT CC,2008,official_vtd_exact_label_code_nhgis_blocks,0.97,10-3 Adult H.S. (Whites),2000,1613,0.000133586032
high,SEVIER,007956,11 1 GATLINBURG AMER,2008,official_vtd_exact_label_code_nhgis_blocks,0.97,11-1 Gatlinburg Amer. Legion,2000,1608,1.0
high,SEVIER,007951,11 2 PITTMAN CENTER,2008,official_vtd_exact_label_code_nhgis_blocks,0.97,11-2 Pittman Center City Hall,2000,1603,0.994139640288
high,SEVIER,007956,11 2 PITTMAN CENTER,2008,official_vtd_exact_label_code_nhgis_blocks,0.97,11-2 Pittman Center City Hall,2000,1603,0.005860359712
high,SHELBY,008101,MEMPHIS 01,2008,official_vtd_exact_name_nhgis_blocks,0.95,Memphis 01,2000,1853,1.0
high,SHELBY,008102,MEMPHIS 02,2008,official_vtd_exact_name_nhgis_blocks,0.95,Memphis 02,2000,1858,1.0
high,SHELBY,008102,MEMPHIS 11,2008,official_vtd_exact_name_nhgis_blocks,0.95,Memphis 11,2000,1663,0.009761934307
high,SHELBY,008103,MEMPHIS 11,2008,official_vtd_exact_name_nhgis_blocks,0.95,Memphis 11,2000,1663,0.990238065693
high,SHELBY,008104,MEMPHIS 12,2008,official_vtd_exact_name_nhgis_blocks,0.95,Memphis 12,2000,1664,1.0
high,SHELBY,008107,MEMPHIS 16 1,2008,official_vtd_exact_name_nhgis_blocks,0.95,Memphis 16-1,2000,1672,1.0
high,SHELBY,008108,MEMPHIS 17,2008,official_vtd_exact_name_nhgis_blocks,0.95,Memphis 17,2000,1671,1.0
high,SHELBY,008109,MEMPHIS 20 1,2008,official_vtd_exact_name_nhgis_blocks,0.95,Memphis 20-1,2000,1795,1.0
high,SHELBY,008110,MEMPHIS 20 3,2008,official_vtd_exact_name_nhgis_blocks,0.95,Memphis 20-3,2000,1670,1.0
high,SHELBY,008101,MEMPHIS 22,2008,official_vtd_exact_name_nhgis_blocks,0.95,Memphis 22,2000,1855,1.0
high,SHELBY,008120,MEMPHIS 25 2,2008,official_vtd_exact_name_nhgis_blocks,0.95,Memphis 25-2,2000,1722,1.0
high,SHELBY,008113,MEMPHIS 26 1,2008,official_vtd_exact_name_nhgis_blocks,0.95,Memphis 26-1,2000,1800,1.0
high,SHELBY,008110,MEMPHIS 27,2008,official_vtd_exact_name_nhgis_blocks,0.95,Memphis 27,2000,1854,1.0
high,SHELBY,008118,MEMPHIS 29 1,2008,official_vtd_exact_name_nhgis_blocks,0.95,Memphis 29-1,2000,1815,1.0
high,SHELBY,008171,MEMPHIS 29 2,2008,official_vtd_exact_name_nhgis_blocks,0.95,Memphis 29-2,2000,1679,1.0
high,SHELBY,008117,MEMPHIS 31 1,2008,official_vtd_exact_name_nhgis_blocks,0.95,Memphis 31-1,2000,1726,1.0
high,SHELBY,008117,MEMPHIS 31 2,2008,official_vtd_exact_name_nhgis_blocks,0.95,Memphis 31-2,2000,1673,1.0
high,SHELBY,008118,MEMPHIS 31 4,2008,official_vtd_exact_name_nhgis_blocks,0.95,Memphis 31-4,2000,1802,1.0
high,SHELBY,008103,MEMPHIS 32,2008,official_vtd_exact_name_nhgis_blocks,0.95,Memphis 32,2000,1666,1.0
high,SHELBY,008119,MEMPHIS 33,2008,official_vtd_exact_name_nhgis_blocks,0.95,Memphis 33,2000,1676,1.0
high,SHELBY,008120,MEMPHIS 34 2,2008,official_vtd_exact_name_nhgis_blocks,0.95,Memphis 34-2,2000,1723,1.0
high,SHELBY,008121,MEMPHIS 35 1,2008,official_vtd_exact_name_nhgis_blocks,0.95,Memphis 35-1,2000,1668,1.0
high,SHELBY,008122,MEMPHIS 36 1,2008,official_vtd_exact_name_nhgis_blocks,0.95,Memphis 36-1,2000,1675,1.0
high,SHELBY,008123,MEMPHIS 36 2,2008,official_vtd_exact_name_nhgis_blocks,0.95,Memphis 36-2,2000,1727,1.0
high,SHELBY,008122,MEMPHIS 36 3,2008,official_vtd_exact_name_nhgis_blocks,0.95,Memphis 36-3,2000,1674,1.0
high,SHELBY,008125,MEMPHIS 37,2008,official_vtd_exact_name_nhgis_blocks,0.95,Memphis 37,2000,1821,1.0
high,SHELBY,008125,MEMPHIS 38 2,2008,official_vtd_exact_name_nhgis_blocks,0.95,Memphis 38-2,2000,1803,1.0
high,SHELBY,008111,MEMPHIS 40 1,2008,official_vtd_exact_name_nhgis_blocks,0.95,Memphis 40-1,2000,1796,1.0
high,SHELBY,008111,MEMPHIS 40 2,2008,official_vtd_exact_name_nhgis_blocks,0.95,Memphis 40-2,2000,1730,0.003804886738
high,SHELBY,008123,MEMPHIS 40 2,2008,official_vtd_exact_name_nhgis_blocks,0.95,Memphis 40-2,2000,1730,0.996195113262
high,SHELBY,008111,MEMPHIS 41 1,2008,official_vtd_exact_name_nhgis_blocks,0.95,Memphis 41-1,2000,1798,0.002482960615
high,SHELBY,008131,MEMPHIS 41 1,2008,official_vtd_exact_name_nhgis_blocks,0.95,Memphis 41-1,2000,1798,0.997517039385
high,SHELBY,008130,MEMPHIS 41 3,2008,official_vtd_exact_name_nhgis_blocks,0.95,Memphis 41-3,2000,1799,1.0
high,SHELBY,008131,MEMPHIS 42 1,2008,official_vtd_exact_name_nhgis_blocks,0.95,Memphis 42-1,2000,1822,1.0
high,SHELBY,008131,MEMPHIS 43 2,2008,official_vtd_exact_name_nhgis_blocks,0.95,Memphis 43-2,2000,1736,0.991431467057
high,SHELBY,008190,MEMPHIS 43 2,2008,official_vtd_exact_name_nhgis_blocks,0.95,Memphis 43-2,2000,1736,0.000968440505
high,SHELBY,008226,MEMPHIS 43 2,2008,official_vtd_exact_name_nhgis_blocks,0.95,Memphis 43-2,2000,1736,0.007600092438
high,SHELBY,008133,MEMPHIS 44 1,2008,official_vtd_exact_name_nhgis_blocks,0.95,Memphis 44-1,2000,1827,1.0
high,SHELBY,008133,MEMPHIS 44 2,2008,official_vtd_exact_name_nhgis_blocks,0.95,Memphis 44-2,2000,1685,1.0
high,SHELBY,008157,MEMPHIS 44 3,2008,official_vtd_exact_name_nhgis_blocks,0.95,Memphis 44-3,2000,1686,1.0
high,SHELBY,008136,MEMPHIS 44 4,2008,official_vtd_exact_name_nhgis_blocks,0.95,Memphis 44-4,2000,1677,1.0
high,SHELBY,008136,MEMPHIS 44 5,2008,official_vtd_exact_name_nhgis_blocks,0.95,Memphis 44-5,2000,1826,1.0
high,SHELBY,008139,MEMPHIS 45 1,2008,official_vtd_exact_name_nhgis_blocks,0.95,Memphis 45-1,2000,1820,1.0
high,SHELBY,008138,MEMPHIS 45 2,2008,official_vtd_exact_name_nhgis_blocks,0.95,Memphis 45-2,2000,1681,1.0
high,SHELBY,008139,MEMPHIS 45 4,2008,official_vtd_exact_name_nhgis_blocks,0.95,Memphis 45-4,2000,1678,1.0
high,SHELBY,008141,MEMPHIS 46 1,2008,official_vtd_exact_name_nhgis_blocks,0.95,Memphis 46-1,2000,1737,1.0
high,SHELBY,008141,MEMPHIS 46 2,2008,official_vtd_exact_name_nhgis_blocks,0.95,Memphis 46-2,2000,1741,1.0
high,SHELBY,008142,MEMPHIS 47 1,2008,official_vtd_exact_name_nhgis_blocks,0.95,Memphis 47-1,2000,1816,1.0
high,SHELBY,008144,MEMPHIS 48,2008,official_vtd_exact_name_nhgis_blocks,0.95,Memphis 48,2000,1801,0.006530036391
high,SHELBY,008170,MEMPHIS 48,2008,official_vtd_exact_name_nhgis_blocks,0.95,Memphis 48,2000,1801,0.993469963609
high,SHELBY,008145,MEMPHIS 50 1,2008,official_vtd_exact_name_nhgis_blocks,0.95,Memphis 50-1,2000,1669,1.0
high,SHELBY,008146,MEMPHIS 52 1,2008,official_vtd_exact_name_nhgis_blocks,0.95,Memphis 52-1,2000,1728,1.0
high,SHELBY,008146,MEMPHIS 52 2,2008,official_vtd_exact_name_nhgis_blocks,0.95,Memphis 52-2,2000,1729,1.0
high,SHELBY,008125,MEMPHIS 52 3,2008,official_vtd_exact_name_nhgis_blocks,0.95,Memphis 52-3,2000,1732,1.0
high,SHELBY,008149,MEMPHIS 53 1,2008,official_vtd_exact_name_nhgis_blocks,0.95,Memphis 53-1,2000,1804,1.0
high,SHELBY,008172,MEMPHIS 53 2,2008,official_vtd_exact_name_nhgis_blocks,0.95,Memphis 53-2,2000,1805,1.0
high,SHELBY,008152,MEMPHIS 53 3,2008,official_vtd_exact_name_nhgis_blocks,0.95,Memphis 53-3,2000,1806,1.0
high,SHELBY,008152,MEMPHIS 54,2008,official_vtd_exact_name_nhgis_blocks,0.95,Memphis 54,2000,1683,1.0
high,SHELBY,008154,MEMPHIS 55 1,2008,official_vtd_exact_name_nhgis_blocks,0.95,Memphis 55-1,2000,1684,1.0
high,SHELBY,008154,MEMPHIS 55 2,2008,official_vtd_exact_name_nhgis_blocks,0.95,Memphis 55-2,2000,1738,1.0
high,SHELBY,008157,MEMPHIS 56 1,2008,official_vtd_exact_name_nhgis_blocks,0.95,Memphis 56-1,2000,1739,1.0
high,SHELBY,008177,MEMPHIS 56 3,2008,official_vtd_exact_name_nhgis_blocks,0.95,Memphis 56-3,2000,1740,1.0
high,SHELBY,008157,MEMPHIS 57,2008,official_vtd_exact_name_nhgis_blocks,0.95,Memphis 57,2000,1687,1.0
high,SHELBY,008158,MEMPHIS 58 1,2008,official_vtd_exact_name_nhgis_blocks,0.95,Memphis 58-1,2000,1689,1.0
high,SHELBY,008159,MEMPHIS 58 4,2008,official_vtd_exact_name_nhgis_blocks,0.95,Memphis 58-4,2000,1743,1.0
high,SHELBY,008138,MEMPHIS 59 1,2008,official_vtd_exact_name_nhgis_blocks,0.95,Memphis 59-1,2000,1682,1.0
high,SHELBY,008161,MEMPHIS 59 5,2008,official_vtd_exact_name_nhgis_blocks,0.95,Memphis 59-5,2000,1731,1.0
high,SHELBY,008164,MEMPHIS 60 1,2008,official_vtd_exact_name_nhgis_blocks,0.95,Memphis 60-1,2000,1817,1.0
high,SHELBY,008161,MEMPHIS 60 2,2008,official_vtd_exact_name_nhgis_blocks,0.95,Memphis 60-2,2000,1744,1.0
high,SHELBY,008164,MEMPHIS 60 3,2008,official_vtd_exact_name_nhgis_blocks,0.95,Memphis 60-3,2000,1734,1.0
high,SHELBY,008170,MEMPHIS 60 4,2008,official_vtd_exact_name_nhgis_blocks,0.95,Memphis 60-4,2000,1733,1.0
high,SHELBY,008166,MEMPHIS 60 5,2008,official_vtd_exact_name_nhgis_blocks,0.95,Memphis 60-5,2000,1707,1.0
high,SHELBY,008167,MEMPHIS 60 6,2008,official_vtd_exact_name_nhgis_blocks,0.95,Memphis 60-6,2000,1693,1.0
high,SHELBY,008168,MEMPHIS 60 7,2008,official_vtd_exact_name_nhgis_blocks,0.95,Memphis 60-7,2000,1706,1.0
high,SHELBY,008167,MEMPHIS 60 8,2008,official_vtd_exact_name_nhgis_blocks,0.95,Memphis 60-8,2000,1735,1.0
high,SHELBY,008170,MEMPHIS 60 9,2008,official_vtd_exact_name_nhgis_blocks,0.95,Memphis 60-9,2000,1692,1.0
medium,SHELBY,008164,MEMPHIS 60 10,2008,official_vtd_fuzzy_name_nhgis_blocks,0.864,Memphis 60-1,2000,1817,1.0
high,SHELBY,008171,MEMPHIS 61,2008,official_vtd_exact_name_nhgis_blocks,0.95,Memphis 61,2000,1680,1.0
high,SHELBY,008152,MEMPHIS 63 2,2008,official_vtd_exact_name_nhgis_blocks,0.95,Memphis 63-2,2000,1640,0.997044587921
high,SHELBY,008174,MEMPHIS 63 2,2008,official_vtd_exact_name_nhgis_blocks,0.95,Memphis 63-2,2000,1640,0.002955412079
high,SHELBY,008174,MEMPHIS 64,2008,official_vtd_exact_name_nhgis_blocks,0.95,Memphis 64,2000,1830,1.0
high,SHELBY,008141,MEMPHIS 65 1,2008,official_vtd_exact_name_nhgis_blocks,0.95,Memphis 65-1,2000,1742,1.0
high,SHELBY,008177,MEMPHIS 67 1,2008,official_vtd_exact_name_nhgis_blocks,0.95,Memphis 67-1,2000,1688,1.0
high,SHELBY,008177,MEMPHIS 67 3,2008,official_vtd_exact_name_nhgis_blocks,0.95,Memphis 67-3,2000,1782,0.303095347474
high,SHELBY,008178,MEMPHIS 67 3,2008,official_vtd_exact_name_nhgis_blocks,0.95,Memphis 67-3,2000,1782,0.696730322972
high,SHELBY,008194,MEMPHIS 67 3,2008,official_vtd_exact_name_nhgis_blocks,0.95,Memphis 67-3,2000,1782,0.000174329555
high,SHELBY,008179,MEMPHIS 68 1,2008,official_vtd_exact_name_nhgis_blocks,0.95,Memphis 68-1,2000,1658,1.0
high,SHELBY,008174,MEMPHIS 68 2,2008,official_vtd_exact_name_nhgis_blocks,0.95,Memphis 68-2,2000,1832,1.0
high,SHELBY,008180,MEMPHIS 68 3,2008,official_vtd_exact_name_nhgis_blocks,0.95,Memphis 68-3,2000,1831,1.0
high,SHELBY,008182,MEMPHIS 69 1,2008,official_vtd_exact_name_nhgis_blocks,0.95,Memphis 69-1,2000,1786,1.0
high,SHELBY,008182,MEMPHIS 69 2,2008,official_vtd_exact_name_nhgis_blocks,0.95,Memphis 69-2,2000,1791,1.0
high,SHELBY,008183,MEMPHIS 70 1,2008,official_vtd_exact_name_nhgis_blocks,0.95,Memphis 70-1,2000,1818,1.0
high,SHELBY,008184,MEMPHIS 70 2,2008,official_vtd_exact_name_nhgis_blocks,0.95,Memphis 70-2,2000,1856,1.0
high,SHELBY,008184,MEMPHIS 70 3,2008,official_vtd_exact_name_nhgis_blocks,0.95,Memphis 70-3,2000,1665,1.0
high,SHELBY,008187,MEMPHIS 71 3,2008,official_vtd_exact_name_nhgis_blocks,0.95,Memphis 71-3,2000,1789,1.0
high,SHELBY,008187,MEMPHIS 71 4,2008,official_vtd_exact_name_nhgis_blocks,0.95,Memphis 71-4,2000,1790,1.0
high,SHELBY,008183,MEMPHIS 72 1,2008,official_vtd_exact_name_nhgis_blocks,0.95,Memphis 72-1,2000,1819,1.0
high,SHELBY,008189,MEMPHIS 72 3,2008,official_vtd_exact_name_nhgis_blocks,0.95,Memphis 72-3,2000,1704,1.0
high,SHELBY,008189,MEMPHIS 72 5,2008,official_vtd_exact_name_nhgis_blocks,0.95,Memphis 72-5,2000,1808,1.0
high,SHELBY,008190,MEMPHIS 72 7,2008,official_vtd_exact_name_nhgis_blocks,0.95,Memphis 72-7,2000,1797,1.0
high,SHELBY,008159,MEMPHIS 73 1,2008,official_vtd_exact_name_nhgis_blocks,0.95,Memphis 73-1,2000,1809,0.006515183538
high,SHELBY,008191,MEMPHIS 73 1,2008,official_vtd_exact_name_nhgis_blocks,0.95,Memphis 73-1,2000,1809,0.993484816462
high,SHELBY,008192,MEMPHIS 73 3,2008,official_vtd_exact_name_nhgis_blocks,0.95,Memphis 73-3,2000,1691,1.0
high,SHELBY,008191,MEMPHIS 73 4,2008,official_vtd_exact_name_nhgis_blocks,0.95,Memphis 73-4,2000,1694,1.0
high,SHELBY,008194,MEMPHIS 74 1,2008,official_vtd_exact_name_nhgis_blocks,0.95,Memphis 74-1,2000,1623,1.0
high,SHELBY,008195,MEMPHIS 74 2,2008,official_vtd_exact_name_nhgis_blocks,0.95,Memphis 74-2,2000,1759,1.0
high,SHELBY,008199,MEMPHIS 74 4,2008,official_vtd_exact_name_nhgis_blocks,0.95,Memphis 74-4,2000,1709,1.0
high,SHELBY,008197,MEMPHIS 74 5,2008,official_vtd_exact_name_nhgis_blocks,0.95,Memphis 74-5,2000,1758,1.0
high,SHELBY,008178,MEMPHIS 74 6,2008,official_vtd_exact_name_nhgis_blocks,0.95,Memphis 74-6,2000,1783,0.030353069607
high,SHELBY,008222,MEMPHIS 74 6,2008,official_vtd_exact_name_nhgis_blocks,0.95,Memphis 74-6,2000,1783,0.969646930393
high,SHELBY,008191,MEMPHIS 74 9,2008,official_vtd_exact_name_nhgis_blocks,0.95,Memphis 74-9,2000,1708,0.001497745974
high,SHELBY,008199,MEMPHIS 74 9,2008,official_vtd_exact_name_nhgis_blocks,0.95,Memphis 74-9,2000,1708,0.998502254026
high,SHELBY,008200,MEMPHIS 75 1,2008,official_vtd_exact_name_nhgis_blocks,0.95,Memphis 75-1,2000,1724,1.0
high,SHELBY,008201,MEMPHIS 75 5,2008,official_vtd_exact_name_nhgis_blocks,0.95,Memphis 75-5,2000,1813,1.0
high,SHELBY,008202,MEMPHIS 75 6,2008,official_vtd_exact_name_nhgis_blocks,0.95,Memphis 75-6,2000,1811,1.0
high,SHELBY,008203,MEMPHIS 75 7,2008,official_vtd_exact_name_nhgis_blocks,0.95,Memphis 75-7,2000,1810,1.0
high,SHELBY,008201,MEMPHIS 75 11,2008,official_vtd_exact_name_nhgis_blocks,0.95,Memphis 75-11,2000,1745,1.0
high,SHELBY,008204,MEMPHIS 76 4,2008,official_vtd_exact_name_nhgis_blocks,0.95,Memphis 76-4,2000,1829,1.0
high,SHELBY,008205,MEMPHIS 76 5,2008,official_vtd_exact_name_nhgis_blocks,0.95,Memphis 76-5,2000,1746,1.0
high,SHELBY,008206,MEMPHIS 76 6,2008,official_vtd_exact_name_nhgis_blocks,0.95,Memphis 76-6,2000,1748,1.0
high,SHELBY,008207,MEMPHIS 77 1,2008,official_vtd_exact_name_nhgis_blocks,0.95,Memphis 77-1,2000,1814,1.0
high,SHELBY,008206,MEMPHIS 77 2,2008,official_vtd_exact_name_nhgis_blocks,0.95,Memphis 77-2,2000,1747,1.0
high,SHELBY,008209,MEMPHIS 77 3,2008,official_vtd_exact_name_nhgis_blocks,0.95,Memphis 77-3,2000,1828,1.0
high,SHELBY,008210,MEMPHIS 78 1,2008,official_vtd_exact_name_nhgis_blocks,0.95,Memphis 78-1,2000,1835,1.0
high,SHELBY,008210,MEMPHIS 78 3,2008,official_vtd_exact_name_nhgis_blocks,0.95,Memphis 78-3,2000,1834,1.0
high,SHELBY,008211,MEMPHIS 79 1,2008,official_vtd_exact_name_nhgis_blocks,0.95,Memphis 79-1,2000,1837,1.0
high,SHELBY,008212,MEMPHIS 79 2,2008,official_vtd_exact_name_nhgis_blocks,0.95,Memphis 79-2,2000,1838,1.0
high,SHELBY,008213,MEMPHIS 79 3,2008,official_vtd_exact_name_nhgis_blocks,0.95,Memphis 79-3,2000,1833,1.0
high,SHELBY,008214,MEMPHIS 79 7,2008,official_vtd_exact_name_nhgis_blocks,0.95,Memphis 79-7,2000,1839,1.0
high,SHELBY,008210,MEMPHIS 79 8,2008,official_vtd_exact_name_nhgis_blocks,0.95,Memphis 79-8,2000,1836,0.491599798159
high,SHELBY,008211,MEMPHIS 79 8,2008,official_vtd_exact_name_nhgis_blocks,0.95,Memphis 79-8,2000,1836,0.508400201841
high,SHELBY,008089,MEMPHIS 80 2,2008,official_vtd_exact_name_nhgis_blocks,0.95,Memphis 80-2,2000,1715,0.001080812997
high,SHELBY,008179,MEMPHIS 80 2,2008,official_vtd_exact_name_nhgis_blocks,0.95,Memphis 80-2,2000,1715,0.001569675386
high,SHELBY,008216,MEMPHIS 80 2,2008,official_vtd_exact_name_nhgis_blocks,0.95,Memphis 80-2,2000,1715,0.646086373533
high,SHELBY,008217,MEMPHIS 80 2,2008,official_vtd_exact_name_nhgis_blocks,0.95,Memphis 80-2,2000,1715,0.351263138085
high,SHELBY,008217,MEMPHIS 81 1,2008,official_vtd_exact_name_nhgis_blocks,0.95,Memphis 81-1,2000,1767,1.0
high,SHELBY,008222,MEMPHIS 81 2,2008,official_vtd_exact_name_nhgis_blocks,0.95,Memphis 81-2,2000,1769,1.0
high,SHELBY,008219,MEMPHIS 81 3,2008,official_vtd_exact_name_nhgis_blocks,0.95,Memphis 81-3,2000,1720,1.0
high,SHELBY,008217,MEMPHIS 81 4,2008,official_vtd_exact_name_nhgis_blocks,0.95,Memphis 81-4,2000,1765,0.487296045081
high,SHELBY,008219,MEMPHIS 81 4,2008,official_vtd_exact_name_nhgis_blocks,0.95,Memphis 81-4,2000,1765,0.512703954919
high,SHELBY,008086,MEMPHIS 81 5,2008,official_vtd_exact_name_nhgis_blocks,0.95,Memphis 81-5,2000,1851,0.001120387426
high,SHELBY,008090,MEMPHIS 81 5,2008,official_vtd_exact_name_nhgis_blocks,0.95,Memphis 81-5,2000,1851,0.004142955465
high,SHELBY,008221,MEMPHIS 81 5,2008,official_vtd_exact_name_nhgis_blocks,0.95,Memphis 81-5,2000,1851,0.991099316061
high,SHELBY,008268,MEMPHIS 81 5,2008,official_vtd_exact_name_nhgis_blocks,0.95,Memphis 81-5,2000,1851,0.003637341048
high,SHELBY,008217,MEMPHIS 81 6,2008,official_vtd_exact_name_nhgis_blocks,0.95,Memphis 81-6,2000,1766,1.0
high,SHELBY,008222,MEMPHIS 81 7,2008,official_vtd_exact_name_nhgis_blocks,0.95,Memphis 81-7,2000,1719,1.0
high,SHELBY,008203,MEMPHIS 82 1,2008,official_vtd_exact_name_nhgis_blocks,0.95,Memphis 82-1,2000,1792,1.0
high,SHELBY,008224,MEMPHIS 82 2,2008,official_vtd_exact_name_nhgis_blocks,0.95,Memphis 82-2,2000,1793,1.0
high,SHELBY,008202,MEMPHIS 82 3,2008,official_vtd_exact_name_nhgis_blocks,0.95,Memphis 82-3,2000,1812,1.0
high,SHELBY,008172,MEMPHIS 83,2008,official_vtd_exact_name_nhgis_blocks,0.95,Memphis 83,2000,1824,0.003115756413
high,SHELBY,008226,MEMPHIS 83,2008,official_vtd_exact_name_nhgis_blocks,0.95,Memphis 83,2000,1824,0.996884243587
high,SHELBY,008240,MEMPHIS 84 1,2008,official_vtd_exact_name_nhgis_blocks,0.95,Memphis 84-1,2000,1825,1.0
high,SHELBY,008228,MEMPHIS 84 2,2008,official_vtd_exact_name_nhgis_blocks,0.95,Memphis 84-2,2000,1823,1.0
high,SHELBY,008229,MEMPHIS 86,2008,official_vtd_exact_name_nhgis_blocks,0.95,Memphis 86,2000,1841,1.0
high,SHELBY,008231,MEMPHIS 87 1,2008,official_vtd_exact_name_nhgis_blocks,0.95,Memphis 87-1,2000,1771,1.0
high,SHELBY,008057,MEMPHIS 87 3,2008,official_vtd_exact_name_nhgis_blocks,0.95,Memphis 87-3,2000,1754,0.011761463326
high,SHELBY,008064,MEMPHIS 87 3,2008,official_vtd_exact_name_nhgis_blocks,0.95,Memphis 87-3,2000,1754,0.020921006594
high,SHELBY,008231,MEMPHIS 87 3,2008,official_vtd_exact_name_nhgis_blocks,0.95,Memphis 87-3,2000,1754,0.967317530079
high,SHELBY,008232,MEMPHIS 88 2,2008,official_vtd_exact_name_nhgis_blocks,0.95,Memphis 88-2,2000,1753,1.0
high,SHELBY,008233,MEMPHIS 88 3,2008,official_vtd_exact_name_nhgis_blocks,0.95,Memphis 88-3,2000,1637,1.0
high,SHELBY,008234,MEMPHIS 88 4,2008,official_vtd_exact_name_nhgis_blocks,0.95,Memphis 88-4,2000,1770,1.0
high,SHELBY,008234,MEMPHIS 88 5,2008,official_vtd_exact_name_nhgis_blocks,0.95,Memphis 88-5,2000,1752,1.0
high,SHELBY,008236,MEMPHIS 89 1,2008,official_vtd_exact_name_nhgis_blocks,0.95,Memphis 89-1,2000,1639,1.0
high,SHELBY,008237,MEMPHIS 89 2,2008,official_vtd_exact_name_nhgis_blocks,0.95,Memphis 89-2,2000,1657,1.0
high,SHELBY,008239,MEMPHIS 90 1,2008,official_vtd_exact_name_nhgis_blocks,0.95,Memphis 90-1,2000,1647,1.0
high,SHELBY,008239,MEMPHIS 90 2,2008,official_vtd_exact_name_nhgis_blocks,0.95,Memphis 90-2,2000,1646,1.0
high,SHELBY,008240,MEMPHIS 90 3,2008,official_vtd_exact_name_nhgis_blocks,0.95,Memphis 90-3,2000,1650,1.0
high,SHELBY,008077,MEMPHIS 91 1,2008,official_vtd_exact_name_nhgis_blocks,0.95,Memphis 91-1,2000,1662,0.061474849986
high,SHELBY,008078,MEMPHIS 91 1,2008,official_vtd_exact_name_nhgis_blocks,0.95,Memphis 91-1,2000,1662,3.6832134e-05
high,SHELBY,008241,MEMPHIS 91 1,2008,official_vtd_exact_name_nhgis_blocks,0.95,Memphis 91-1,2000,1662,0.938488317879
high,SHELBY,008242,MEMPHIS 91 2,2008,official_vtd_exact_name_nhgis_blocks,0.95,Memphis 91-2,2000,1655,1.0
high,SHELBY,008080,MEMPHIS 91 3,2008,official_vtd_exact_name_nhgis_blocks,0.95,Memphis 91-3,2000,1712,1.0
high,SHELBY,008243,MEMPHIS 92 1,2008,official_vtd_exact_name_nhgis_blocks,0.95,Memphis 92-1,2000,1760,1.0
high,SHELBY,008244,MEMPHIS 92 2,2008,official_vtd_exact_name_nhgis_blocks,0.95,Memphis 92-2,2000,1710,1.0
high,SHELBY,008245,MEMPHIS 93 1,2008,official_vtd_exact_name_nhgis_blocks,0.95,Memphis 93-1,2000,1762,1.0
high,SHELBY,008245,MEMPHIS 93 2,2008,official_vtd_exact_name_nhgis_blocks,0.95,Memphis 93-2,2000,1763,1.0
high,SHELBY,008246,MEMPHIS 93 3,2008,official_vtd_exact_name_nhgis_blocks,0.95,Memphis 93-3,2000,1761,1.0
high,SHELBY,008250,MEMPHIS 94 2,2008,official_vtd_exact_name_nhgis_blocks,0.95,Memphis 94-2,2000,1777,1.0
high,SHELBY,008248,MEMPHIS 94 3,2008,official_vtd_exact_name_nhgis_blocks,0.95,Memphis 94-3,2000,1778,1.0
high,SHELBY,008248,MEMPHIS 94 5,2008,official_vtd_exact_name_nhgis_blocks,0.95,Memphis 94-5,2000,1696,1.0
high,SHELBY,008250,MEMPHIS 94 7,2008,official_vtd_exact_name_nhgis_blocks,0.95,Memphis 94-7,2000,1776,1.0
high,SHELBY,008252,MEMPHIS 95 1,2008,official_vtd_exact_name_nhgis_blocks,0.95,Memphis 95-1,2000,1641,1.0
high,SHELBY,008252,MEMPHIS 95 2,2008,official_vtd_exact_name_nhgis_blocks,0.95,Memphis 95-2,2000,1643,1.0
high,SHELBY,008236,MEMPHIS 95 3,2008,official_vtd_exact_name_nhgis_blocks,0.95,Memphis 95-3,2000,1644,1.0
high,SHELBY,008053,BARTLETT 02,2008,official_vtd_exact_name_nhgis_blocks,0.95,Bartlett 02,2000,1638,0.998792415783
high,SHELBY,008054,BARTLETT 02,2008,official_vtd_exact_name_nhgis_blocks,0.95,Bartlett 02,2000,1638,0.000755877174
high,SHELBY,008057,BARTLETT 02,2008,official_vtd_exact_name_nhgis_blocks,0.95,Bartlett 02,2000,1638,0.000451707044
high,SHELBY,008054,BARTLETT 03,2008,official_vtd_exact_name_nhgis_blocks,0.95,Bartlett 03,2000,1774,1.0
high,SHELBY,008055,BARTLETT 04,2008,official_vtd_exact_name_nhgis_blocks,0.95,Bartlett 04,2000,1634,1.0
high,SHELBY,008056,BARTLETT 05,2008,official_vtd_exact_name_nhgis_blocks,0.95,Bartlett 05,2000,1775,1.0
high,SHELBY,008057,BARTLETT 06,2008,official_vtd_exact_name_nhgis_blocks,0.95,Bartlett 06,2000,1755,0.998598492352
high,SHELBY,008064,BARTLETT 06,2008,official_vtd_exact_name_nhgis_blocks,0.95,Bartlett 06,2000,1755,1.3276455e-05
high,SHELBY,008231,BARTLETT 06,2008,official_vtd_exact_name_nhgis_blocks,0.95,Bartlett 06,2000,1755,0.001388231193
high,SHELBY,008058,BARTLETT 08,2008,official_vtd_exact_name_nhgis_blocks,0.95,Bartlett 08,2000,1773,1.0
high,SHELBY,008053,BARTLETT 09,2008,official_vtd_exact_name_nhgis_blocks,0.95,Bartlett 09,2000,1756,1.0
high,SHELBY,008061,BARTLETT 10,2008,official_vtd_exact_name_nhgis_blocks,0.95,Bartlett 10,2000,1772,1.0
high,SHELBY,008060,BARTLETT 11,2008,official_vtd_exact_name_nhgis_blocks,0.95,Bartlett 11,2000,1633,1.0
high,SHELBY,008058,BARTLETT 12,2008,official_vtd_exact_name_nhgis_blocks,0.95,Bartlett 12,2000,1635,1.0
medium,SHELBY,008065,BRUNSWICK 01,2008,official_vtd_fuzzy_name_nhgis_blocks,0.8609,Brunswick 1,2000,1632,0.992436748096
medium,SHELBY,008097,BRUNSWICK 01,2008,official_vtd_fuzzy_name_nhgis_blocks,0.8609,Brunswick 1,2000,1632,0.007563251904
medium,SHELBY,008063,BRUNSWICK 02,2008,official_vtd_fuzzy_name_nhgis_blocks,0.8609,Brunswick 2,2000,1630,6.8399999e-05
medium,SHELBY,008066,BRUNSWICK 02,2008,official_vtd_fuzzy_name_nhgis_blocks,0.8609,Brunswick 2,2000,1630,0.758249861093
medium,SHELBY,008096,BRUNSWICK 02,2008,official_vtd_fuzzy_name_nhgis_blocks,0.8609,Brunswick 2,2000,1630,0.241681738908
medium,SHELBY,008168,CAPLEVILLE 01,2008,official_vtd_fuzzy_name_nhgis_blocks,0.864,Capleville 1,2000,1705,1.0
medium,SHELBY,008168,CAPLEVILLE 05,2008,official_vtd_fuzzy_name_nhgis_blocks,0.864,Capleville 5,2000,1711,1.0
medium,SHELBY,008241,CORDOVA 02,2008,official_vtd_fuzzy_name_nhgis_blocks,0.81,Cordova 10,2000,1656,0.001048686669
medium,SHELBY,008258,CORDOVA 02,2008,official_vtd_fuzzy_name_nhgis_blocks,0.81,Cordova 10,2000,1656,0.998951313331
medium,SHELBY,008076,CORDOVA 03,2008,official_vtd_fuzzy_name_nhgis_blocks,0.8526,Cordova 3,2000,1848,0.953533881697
medium,SHELBY,008242,CORDOVA 03,2008,official_vtd_fuzzy_name_nhgis_blocks,0.8526,Cordova 3,2000,1848,0.00447170317
medium,SHELBY,008258,CORDOVA 03,2008,official_vtd_fuzzy_name_nhgis_blocks,0.8526,Cordova 3,2000,1848,0.041994415133
medium,SHELBY,008077,CORDOVA 04,2008,official_vtd_fuzzy_name_nhgis_blocks,0.8526,Cordova 4,2000,1660,0.98896763858
medium,SHELBY,008236,CORDOVA 04,2008,official_vtd_fuzzy_name_nhgis_blocks,0.8526,Cordova 4,2000,1660,0.009598120506
medium,SHELBY,008256,CORDOVA 04,2008,official_vtd_fuzzy_name_nhgis_blocks,0.8526,Cordova 4,2000,1660,0.001434240914
medium,SHELBY,008078,CORDOVA 05,2008,official_vtd_fuzzy_name_nhgis_blocks,0.8526,Cordova 5,2000,1659,0.989947295111
medium,SHELBY,008236,CORDOVA 05,2008,official_vtd_fuzzy_name_nhgis_blocks,0.8526,Cordova 5,2000,1659,0.006252300639
medium,SHELBY,008237,CORDOVA 05,2008,official_vtd_fuzzy_name_nhgis_blocks,0.8526,Cordova 5,2000,1659,0.00380040425
medium,SHELBY,008079,CORDOVA 06,2008,official_vtd_fuzzy_name_nhgis_blocks,0.8526,Cordova 6,2000,1645,1.0
medium,SHELBY,008241,CORDOVA 08,2008,official_vtd_fuzzy_name_nhgis_blocks,0.81,Cordova 10,2000,1656,0.001048686669
medium,SHELBY,008258,CORDOVA 08,2008,official_vtd_fuzzy_name_nhgis_blocks,0.81,Cordova 10,2000,1656,0.998951313331
medium,SHELBY,008080,CORDOVA 09,2008,official_vtd_fuzzy_name_nhgis_blocks,0.8526,Cordova 9,2000,1654,1.0
high,SHELBY,008241,CORDOVA 10,2008,official_vtd_exact_name_nhgis_blocks,0.95,Cordova 10,2000,1656,0.001048686669
high,SHELBY,008258,CORDOVA 10,2008,official_vtd_exact_name_nhgis_blocks,0.95,Cordova 10,2000,1656,0.998951313331
high,SHELBY,008081,EADS,2008,official_vtd_exact_name_nhgis_blocks,0.95,Eads,2000,1781,1.0
high,SHELBY,008089,GERMANTOWN 01,2008,official_vtd_exact_name_nhgis_blocks,0.95,Germantown 01,2000,1718,1.0
high,SHELBY,008086,GERMANTOWN 02,2008,official_vtd_exact_name_nhgis_blocks,0.95,Germantown 02,2000,1764,1.0
high,SHELBY,008087,GERMANTOWN 03,2008,official_vtd_exact_name_nhgis_blocks,0.95,Germantown 03,2000,1717,1.0
high,SHELBY,008088,GERMANTOWN 04,2008,official_vtd_exact_name_nhgis_blocks,0.95,Germantown 04,2000,1653,1.0
high,SHELBY,008089,GERMANTOWN 05,2008,official_vtd_exact_name_nhgis_blocks,0.95,Germantown 05,2000,1716,0.991926097316
high,SHELBY,008216,GERMANTOWN 05,2008,official_vtd_exact_name_nhgis_blocks,0.95,Germantown 05,2000,1716,0.008073902684
high,SHELBY,008082,GERMANTOWN 06,2008,official_vtd_exact_name_nhgis_blocks,0.95,Germantown 06,2000,1852,0.000231495396
high,SHELBY,008090,GERMANTOWN 06,2008,official_vtd_exact_name_nhgis_blocks,0.95,Germantown 06,2000,1852,0.995779326734
high,SHELBY,008093,GERMANTOWN 06,2008,official_vtd_exact_name_nhgis_blocks,0.95,Germantown 06,2000,1852,0.003989177869
high,SHELBY,008091,GERMANTOWN 08,2008,official_vtd_exact_name_nhgis_blocks,0.95,Germantown 08,2000,1714,1.0
high,SHELBY,008086,GERMANTOWN 09,2008,official_vtd_exact_name_nhgis_blocks,0.95,Germantown 09,2000,1713,1.0
high,SHELBY,008093,GERMANTOWN 10,2008,official_vtd_exact_name_nhgis_blocks,0.95,Germantown 10,2000,1651,1.0
high,SHELBY,008094,GERMANTOWN 11,2008,official_vtd_exact_name_nhgis_blocks,0.95,Germantown 11,2000,1652,1.0
high,SHELBY,008095,GERMANTOWN 12,2008,official_vtd_exact_name_nhgis_blocks,0.95,Germantown 12,2000,1847,1.0
high,SHELBY,008270,KERRVILLE,2008,official_vtd_exact_name_nhgis_blocks,0.95,Kerrville,2000,1624,1.0
medium,SHELBY,008065,LAKELAND 01,2008,official_vtd_fuzzy_name_nhgis_blocks,0.8571,Lakeland 1,2000,1629,0.005169758988
medium,SHELBY,008096,LAKELAND 01,2008,official_vtd_fuzzy_name_nhgis_blocks,0.8571,Lakeland 1,2000,1629,0.994569231413
medium,SHELBY,008097,LAKELAND 01,2008,official_vtd_fuzzy_name_nhgis_blocks,0.8571,Lakeland 1,2000,1629,0.000261009599
medium,SHELBY,008097,LAKELAND 02,2008,official_vtd_fuzzy_name_nhgis_blocks,0.8571,Lakeland 2,2000,1631,1.0
high,SHELBY,008260,LOCKE,2008,official_vtd_exact_name_nhgis_blocks,0.95,Locke,2000,1784,1.0
medium,SHELBY,008098,LUCY 01,2008,official_vtd_fuzzy_name_nhgis_blocks,0.8308,Lucy 1,2000,1649,1.0
medium,SHELBY,008098,LUCY 02,2008,official_vtd_fuzzy_name_nhgis_blocks,0.8308,Lucy 2,2000,1787,0.839417551911
medium,SHELBY,008100,LUCY 02,2008,official_vtd_fuzzy_name_nhgis_blocks,0.8308,Lucy 2,2000,1787,0.160582448089
medium,SHELBY,008098,LUCY 03,2008,official_vtd_fuzzy_name_nhgis_blocks,0.8308,Lucy 3,2000,1636,0.002183647657
medium,SHELBY,008099,LUCY 03,2008,official_vtd_fuzzy_name_nhgis_blocks,0.8308,Lucy 3,2000,1636,0.997816352343
high,SHELBY,008100,MCCONNELL S,2008,official_vtd_exact_name_nhgis_blocks,0.95,McConnell's,2000,1785,1.0
medium,SHELBY,008260,MILLINGTON 01,2008,official_vtd_fuzzy_name_nhgis_blocks,0.864,Millington 1,2000,1627,1.0
medium,SHELBY,008099,MILLINGTON 02,2008,official_vtd_fuzzy_name_nhgis_blocks,0.864,Millington 2,2000,1626,0.017693634603
medium,SHELBY,008261,MILLINGTON 02,2008,official_vtd_fuzzy_name_nhgis_blocks,0.864,Millington 2,2000,1626,0.982306365397
high,SHELBY,008266,ROSS STORE 01,2008,official_vtd_exact_name_nhgis_blocks,0.95,Ross Store 01,2000,1757,1.0
high,SHELBY,008251,ROSS STORE 05,2008,official_vtd_exact_name_nhgis_blocks,0.95,Ross Store 05,2000,1768,0.000540243846
high,SHELBY,008265,ROSS STORE 05,2008,official_vtd_exact_name_nhgis_blocks,0.95,Ross Store 05,2000,1768,0.472222849681
high,SHELBY,008268,ROSS STORE 05,2008,official_vtd_exact_name_nhgis_blocks,0.95,Ross Store 05,2000,1768,0.527236906473
high,SHELBY,008266,ROSS STORE 13,2008,official_vtd_exact_name_nhgis_blocks,0.95,Ross Store 13,2000,1779,1.0
high,SHELBY,008267,ROSS STORE 14,2008,official_vtd_exact_name_nhgis_blocks,0.95,Ross Store 14,2000,1695,1.0
high,SHELBY,008261,STEWARTVILLE,2008,official_vtd_exact_name_nhgis_blocks,0.95,Stewartville,2000,1625,0.246090332827
high,SHELBY,008270,STEWARTVILLE,2008,official_vtd_exact_name_nhgis_blocks,0.95,Stewartville,2000,1625,0.753909667173
medium,SHELBY,008098,WOODSTOCK 02,2008,official_vtd_fuzzy_name_nhgis_blocks,0.8609,Woodstock 2,2000,1648,1.0
high,SMITH,008303,01 DEFEATED,2008,official_vtd_code_and_name_nhgis_blocks,1.0,01 Defeated,2000,1859,1.0
high,SMITH,008308,02 TANGLEWOOD,2008,official_vtd_code_and_name_nhgis_blocks,1.0,02 Tanglewood,2000,1864,1.0
high,SMITH,008302,03 NEW MIDDLETON,2008,official_vtd_code_and_name_nhgis_blocks,1.0,03 New Middleton,2000,1862,0.919857510256
high,SMITH,008304,03 NEW MIDDLETON,2008,official_vtd_code_and_name_nhgis_blocks,1.0,03 New Middleton,2000,1862,0.079729840694
high,SMITH,009811,03 NEW MIDDLETON,2008,official_vtd_code_and_name_nhgis_blocks,1.0,03 New Middleton,2000,1862,0.00041264905
high,SMITH,008301,04 ROCK CITY,2008,official_vtd_code_and_name_nhgis_blocks,1.0,04 Rock City,2000,1860,1.0
high,SMITH,008304,05 GORDONSVILLE,2008,official_vtd_code_and_name_nhgis_blocks,1.0,05 Gordonsville,2000,1866,1.0
high,SMITH,008305,06 CARTHAGE,2008,official_vtd_code_and_name_nhgis_blocks,1.0,06 Carthage,2000,1865,0.995251852755
high,SMITH,008308,06 CARTHAGE,2008,official_vtd_code_and_name_nhgis_blocks,1.0,06 Carthage,2000,1865,0.004748147245
high,SMITH,008306,07 SOUTH CARTHAGE,2008,official_vtd_code_and_name_nhgis_blocks,1.0,07 South Carthage,2000,1863,1.0
high,SMITH,008307,08 ELMWOOD,2008,official_vtd_code_and_name_nhgis_blocks,1.0,08 Elmwood,2000,1861,1.0
high,STEWART,008404,1 1 INDIAN MOUND,2008,official_vtd_code_and_name_nhgis_blocks,1.0,1-1 Indian Mound,2000,1870,1.0
high,STEWART,008401,2 1 BIG ROCK,2008,official_vtd_code_and_name_nhgis_blocks,1.0,2-1 Big Rock,2000,1868,1.0
high,STEWART,008402,3 1 BUMPUS MILLS,2008,official_vtd_code_and_name_nhgis_blocks,1.0,3-1 Bumpus Mills,2000,1869,0.766333045488
high,STEWART,008403,3 1 BUMPUS MILLS,2008,official_vtd_code_and_name_nhgis_blocks,1.0,3-1 Bumpus Mills,2000,1869,0.233666954512
high,STEWART,008402,4 1 CHURCH STREET,2008,official_vtd_exact_label_code_nhgis_blocks,0.97,4-1 Family Life Center,2000,1867,0.997755115412
high,STEWART,008405,4 1 CHURCH STREET,2008,official_vtd_exact_label_code_nhgis_blocks,0.97,4-1 Family Life Center,2000,1867,0.002244884588
high,STEWART,008405,5 1 NATCOR DRIVE,2008,official_vtd_code_and_name_nhgis_blocks,1.0,5-1 Natcor Drive,2000,1873,1.0
high,STEWART,008405,5 2 LEATHERWOOD,2008,official_vtd_code_and_name_nhgis_blocks,1.0,5-2 Leatherwood,2000,1874,1.0
high,STEWART,008405,6 1 PUBLIC LIBRARY,2008,official_vtd_exact_label_code_nhgis_blocks,0.97,6-1 County Library,2000,1872,0.005272955085
high,STEWART,008406,6 1 PUBLIC LIBRARY,2008,official_vtd_exact_label_code_nhgis_blocks,0.97,6-1 County Library,2000,1872,0.994727044915
high,STEWART,008407,7 1 CUMBERLAND CITY,2008,official_vtd_code_and_name_nhgis_blocks,1.0,7-1 Cumberland City,2000,1875,1.0
high,STEWART,008407,7 2 CARLISLE,2008,official_vtd_code_and_name_nhgis_blocks,1.0,7-2 Carlisle,2000,1871,1.0
high,SULLIVAN,008504,1 SOUTH HOLSTON RUR,2008,official_vtd_exact_label_code_nhgis_blocks,0.97,01 South Holston Ruritan,2000,1886,1.0
high,SULLIVAN,008501,2HV HOLSTON VIEW SCH,2008,official_vtd_exact_label_code_nhgis_blocks,0.97,02HV Holston View School,2000,1889,0.065770148798
high,SULLIVAN,008504,2HV HOLSTON VIEW SCH,2008,official_vtd_exact_label_code_nhgis_blocks,0.97,02HV Holston View School,2000,1889,3.1486895e-05
high,SULLIVAN,008517,2HV HOLSTON VIEW SCH,2008,official_vtd_exact_label_code_nhgis_blocks,0.97,02HV Holston View School,2000,1889,0.934198364307
high,SULLIVAN,008501,2VP VALLEY PIKE SCH,2008,official_vtd_exact_label_code_nhgis_blocks,0.97,02VP Valley Pike School,2000,1888,0.00378730532
high,SULLIVAN,008504,2VP VALLEY PIKE SCH,2008,official_vtd_exact_label_code_nhgis_blocks,0.97,02VP Valley Pike School,2000,1888,0.928615757852
high,SULLIVAN,008517,2VP VALLEY PIKE SCH,2008,official_vtd_exact_label_code_nhgis_blocks,0.97,02VP Valley Pike School,2000,1888,0.067596936828
high,SULLIVAN,008507,3 HICKORY TREE FH,2008,official_vtd_exact_label_code_nhgis_blocks,0.97,03 Hickory Tree Firehall,2000,1879,1.0
high,SULLIVAN,008501,4 AVOCA SCHOOL,2008,official_vtd_code_and_name_nhgis_blocks,1.0,04 Avoca School,2000,1882,0.0048256707
high,SULLIVAN,008502,4 AVOCA SCHOOL,2008,official_vtd_code_and_name_nhgis_blocks,1.0,04 Avoca School,2000,1882,0.104037241855
high,SULLIVAN,008503,4 AVOCA SCHOOL,2008,official_vtd_code_and_name_nhgis_blocks,1.0,04 Avoca School,2000,1882,0.002875480147
high,SULLIVAN,008514,4 AVOCA SCHOOL,2008,official_vtd_code_and_name_nhgis_blocks,1.0,04 Avoca School,2000,1882,0.001626720399
high,SULLIVAN,008516,4 AVOCA SCHOOL,2008,official_vtd_code_and_name_nhgis_blocks,1.0,04 Avoca School,2000,1882,0.886634886898
high,SULLIVAN,008502,5 SULLIVAN CO OFF,2008,official_vtd_exact_label_code_nhgis_blocks,0.97,05 Sullivan Co Offices,2000,1883,0.925059047496
high,SULLIVAN,008503,5 SULLIVAN CO OFF,2008,official_vtd_exact_label_code_nhgis_blocks,0.97,05 Sullivan Co Offices,2000,1883,0.069555579797
high,SULLIVAN,008516,5 SULLIVAN CO OFF,2008,official_vtd_exact_label_code_nhgis_blocks,0.97,05 Sullivan Co Offices,2000,1883,0.005385372707
high,SULLIVAN,008508,6 CENTRAL HEIGHTS,2008,official_vtd_exact_label_code_nhgis_blocks,0.97,06 Central Heights School,2000,1884,1.0
high,SULLIVAN,008520,7 INDIAN SPRINGS SCH,2008,official_vtd_exact_label_code_nhgis_blocks,0.97,07 Indian Springs School,2000,1893,1.0
high,SULLIVAN,008502,8 BUFFALO RURITAN,2008,official_vtd_exact_label_code_nhgis_blocks,0.97,08 Buffalo Ruritan Bldg,2000,1891,0.001696224659
high,SULLIVAN,008514,8 BUFFALO RURITAN,2008,official_vtd_exact_label_code_nhgis_blocks,0.97,08 Buffalo Ruritan Bldg,2000,1891,0.998070383321
high,SULLIVAN,008515,8 BUFFALO RURITAN,2008,official_vtd_exact_label_code_nhgis_blocks,0.97,08 Buffalo Ruritan Bldg,2000,1891,0.00023339202
high,SULLIVAN,008513,9 PINEY FLATS FIREHA,2008,official_vtd_exact_label_code_nhgis_blocks,0.97,09 Piney Flats Firehall,2000,1877,1.0
high,SULLIVAN,008521,10 KETRON IM SCHOOL,2008,official_vtd_exact_label_code_nhgis_blocks,0.97,10 Ketron Intermediate School,2000,1894,1.0
high,SULLIVAN,008505,11C CEDAR GROVE SCH,2008,official_vtd_exact_label_code_nhgis_blocks,0.97,11C Cedar Grove School,2000,1899,1.0
high,SULLIVAN,008506,11S CIVIC AUDITORIUM,2008,official_vtd_code_and_name_nhgis_blocks,1.0,11S Civic Auditorium,2000,1897,0.998712547415
high,SULLIVAN,008510,11S CIVIC AUDITORIUM,2008,official_vtd_code_and_name_nhgis_blocks,1.0,11S Civic Auditorium,2000,1897,0.000296658617
high,SULLIVAN,008523,11S CIVIC AUDITORIUM,2008,official_vtd_code_and_name_nhgis_blocks,1.0,11S Civic Auditorium,2000,1897,0.000990793968
high,SULLIVAN,008522,11T TRADERS VILLAGE,2008,official_vtd_code_and_name_nhgis_blocks,1.0,11T Traders Village,2000,1898,1.0
high,SULLIVAN,008523,11W KINGSPORT LIB,2008,official_vtd_exact_label_code_nhgis_blocks,0.97,11W Kingsport Public Library,2000,1901,1.0
high,SULLIVAN,008510,12CB CLOUDS BEND UMC,2008,official_vtd_exact_label_code_nhgis_blocks,0.97,12CB Clounds Bend United Methodist,2000,1903,0.395555738123
high,SULLIVAN,008524,12CB CLOUDS BEND UMC,2008,official_vtd_exact_label_code_nhgis_blocks,0.97,12CB Clounds Bend United Methodist,2000,1903,0.604444261877
high,SULLIVAN,008511,12K KETRON METHODIST,2008,official_vtd_exact_label_code_nhgis_blocks,0.97,12K Ketron Memorial Methodist,2000,1902,1.0
high,SULLIVAN,008510,13P SULLIVAN SO HIGH,2008,official_vtd_exact_label_code_nhgis_blocks,0.97,13P Sullivan South High School,2000,1900,1.0
high,SULLIVAN,008510,14CH COLONIAL HGHTS,2008,official_vtd_exact_label_code_nhgis_blocks,0.97,14CH Colonial Heights Middle School,2000,1896,0.116121872599
high,SULLIVAN,008518,14CH COLONIAL HGHTS,2008,official_vtd_exact_label_code_nhgis_blocks,0.97,14CH Colonial Heights Middle School,2000,1896,0.003807759135
high,SULLIVAN,008519,14CH COLONIAL HGHTS,2008,official_vtd_exact_label_code_nhgis_blocks,0.97,14CH Colonial Heights Middle School,2000,1896,0.880070368266
high,SULLIVAN,008518,14MP MILLER PERRY ES,2008,official_vtd_exact_label_code_nhgis_blocks,0.97,14MP Miller Perry Elementary School,2000,1895,0.99827383391
high,SULLIVAN,008519,14MP MILLER PERRY ES,2008,official_vtd_exact_label_code_nhgis_blocks,0.97,14MP Miller Perry Elementary School,2000,1895,0.00172616609
high,SULLIVAN,008525,15 SULLIVAN WEST MID,2008,official_vtd_exact_label_code_nhgis_blocks,0.97,15 Sullivan West Middle School,2000,1904,1.0
high,SULLIVAN,008512,16BC BLUFF CITY MID,2008,official_vtd_exact_label_code_nhgis_blocks,0.97,16BC Bluff City Middle School,2000,1878,0.81800315534
high,SULLIVAN,008513,16BC BLUFF CITY MID,2008,official_vtd_exact_label_code_nhgis_blocks,0.97,16BC Bluff City Middle School,2000,1878,0.000423580874
high,SULLIVAN,008514,16BC BLUFF CITY MID,2008,official_vtd_exact_label_code_nhgis_blocks,0.97,16BC Bluff City Middle School,2000,1878,0.181573263786
high,SULLIVAN,008507,16CG CHINQUAPIN RUR,2008,official_vtd_exact_label_code_nhgis_blocks,0.97,16CG Chinquapin Ruritan Bldg,2000,1876,0.606474826576
high,SULLIVAN,008512,16CG CHINQUAPIN RUR,2008,official_vtd_exact_label_code_nhgis_blocks,0.97,16CG Chinquapin Ruritan Bldg,2000,1876,0.393525173424
high,SULLIVAN,008503,17W ANDERSON SCHOOL,2008,official_vtd_code_and_name_nhgis_blocks,1.0,17W Anderson School,2000,1880,1.0
high,SULLIVAN,008501,17Y YWCA OF BRISTOL,2008,official_vtd_exact_label_code_nhgis_blocks,0.97,17Y YMCA Of Bristol,2000,1881,0.991446426387
high,SULLIVAN,008503,17Y YWCA OF BRISTOL,2008,official_vtd_exact_label_code_nhgis_blocks,0.97,17Y YMCA Of Bristol,2000,1881,0.00803024606
high,SULLIVAN,008517,17Y YWCA OF BRISTOL,2008,official_vtd_exact_label_code_nhgis_blocks,0.97,17Y YMCA Of Bristol,2000,1881,0.000523327554
high,SULLIVAN,008509,18 HOLSTON SCHOOL,2008,official_vtd_code_and_name_nhgis_blocks,1.0,18 Holston School,2000,1892,1.0
high,SULLIVAN,008504,19H JACOBS CRK JOB,2008,official_vtd_exact_label_code_nhgis_blocks,0.97,19H East Cherokee School,2000,1890,1.0
high,SULLIVAN,008515,21 EAST HIGH SCHOOL,2008,official_vtd_code_and_name_nhgis_blocks,1.0,21 East High School,2000,1885,1.0
high,SULLIVAN,008504,22 HOLSTON VALLEY,2008,official_vtd_exact_label_code_nhgis_blocks,0.97,22 Holston Valley Middle School,2000,1887,1.0
high,SUMNER,008632,1A WESTMORELAND,2008,official_vtd_exact_name_nhgis_blocks,0.95,01 Westmoreland,2000,1936,1.0
high,SUMNER,008636,1B NORTH SUMNER,2008,official_vtd_exact_name_nhgis_blocks,0.95,01 North Sumner,2000,1919,1.0
high,SUMNER,008613,1C CORINTH,2008,official_vtd_exact_name_nhgis_blocks,0.95,01 Corinth,2000,1940,0.005162298464
high,SUMNER,008635,1C CORINTH,2008,official_vtd_exact_name_nhgis_blocks,0.95,01 Corinth,2000,1940,0.0001566134
high,SUMNER,008636,1C CORINTH,2008,official_vtd_exact_name_nhgis_blocks,0.95,01 Corinth,2000,1940,0.994681088135
high,SUMNER,008612,2B WISEMAN,2008,official_vtd_exact_name_nhgis_blocks,0.95,02 Wiseman,2000,1917,0.168701573548
high,SUMNER,008613,2B WISEMAN,2008,official_vtd_exact_name_nhgis_blocks,0.95,02 Wiseman,2000,1917,0.62138426834
high,SUMNER,008614,2B WISEMAN,2008,official_vtd_exact_name_nhgis_blocks,0.95,02 Wiseman,2000,1917,0.003575476802
high,SUMNER,008636,2B WISEMAN,2008,official_vtd_exact_name_nhgis_blocks,0.95,02 Wiseman,2000,1917,0.20633868131
high,SUMNER,008635,3A CIVIC CENTER,2008,official_vtd_exact_name_nhgis_blocks,0.95,03 Civic Center,2000,1939,1.0
high,SUMNER,008607,3B CAIRO,2008,official_vtd_exact_name_nhgis_blocks,0.95,03 Cairo,2000,1910,0.992821870508
high,SUMNER,008608,3B CAIRO,2008,official_vtd_exact_name_nhgis_blocks,0.95,03 Cairo,2000,1910,0.007164050194
high,SUMNER,008609,3B CAIRO,2008,official_vtd_exact_name_nhgis_blocks,0.95,03 Cairo,2000,1910,1.4079298e-05
medium,SUMNER,008607,3C CASTALIAN SPGS,2008,official_vtd_fuzzy_name_nhgis_blocks,0.8129,03 Castalian Springs,2000,1911,1.0
medium,SUMNER,008635,3E BUSH S CHAPEL,2008,official_vtd_fuzzy_name_nhgis_blocks,0.8308,03 Bushes Chapel,2000,1920,1.0
high,SUMNER,008611,4A COUNTY ADMIN BLDG,2008,official_vtd_exact_name_nhgis_blocks,0.95,04 County Admin. Bldg.,2000,1915,1.0
high,SUMNER,008610,4B SALEM,2008,official_vtd_exact_name_nhgis_blocks,0.95,04 Salem,2000,1921,0.720144154295
high,SUMNER,008627,4B SALEM,2008,official_vtd_exact_name_nhgis_blocks,0.95,04 Salem,2000,1921,0.279831086266
high,SUMNER,008635,4B SALEM,2008,official_vtd_exact_name_nhgis_blocks,0.95,04 Salem,2000,1921,2.4759439e-05
high,SUMNER,008627,4C COTTONTOWN,2008,official_vtd_exact_name_nhgis_blocks,0.95,04 Cottontown,2000,1931,1.0
high,SUMNER,008610,4D UNION ELEMENTARY,2008,official_vtd_exact_name_nhgis_blocks,0.95,04 Union Elementary,2000,1914,1.0
medium,SUMNER,008607,5A GALLATIN CITYHALL,2008,official_vtd_fuzzy_name_nhgis_blocks,0.8743,05 Gallatin City Hall,2000,1913,0.022477025795
medium,SUMNER,008608,5A GALLATIN CITYHALL,2008,official_vtd_fuzzy_name_nhgis_blocks,0.8743,05 Gallatin City Hall,2000,1913,0.000223531864
medium,SUMNER,008609,5A GALLATIN CITYHALL,2008,official_vtd_fuzzy_name_nhgis_blocks,0.8743,05 Gallatin City Hall,2000,1913,0.977299442341
high,SUMNER,008607,5B SOUTH WATER,2008,official_vtd_exact_name_nhgis_blocks,0.95,05 South Water,2000,1912,0.002999225227
high,SUMNER,008608,5B SOUTH WATER,2008,official_vtd_exact_name_nhgis_blocks,0.95,05 South Water,2000,1912,0.997000774773
high,SUMNER,008601,6A VOL STATE,2008,official_vtd_exact_name_nhgis_blocks,0.95,06 Vol State,2000,1905,1.0
high,SUMNER,008602,6C JACK ANDERSON,2008,official_vtd_exact_name_nhgis_blocks,0.95,06 Jack Anderson,2000,1906,1.0
high,SUMNER,008619,7A MAGNET SCHOOL,2008,official_vtd_exact_name_nhgis_blocks,0.95,07 Magnet School,2000,1926,0.172419839998
high,SUMNER,008622,7A MAGNET SCHOOL,2008,official_vtd_exact_name_nhgis_blocks,0.95,07 Magnet School,2000,1926,0.772792189594
high,SUMNER,008633,7A MAGNET SCHOOL,2008,official_vtd_exact_name_nhgis_blocks,0.95,07 Magnet School,2000,1926,0.054787970408
high,SUMNER,008611,7B SAUNDERSVILLE,2008,official_vtd_exact_name_nhgis_blocks,0.95,07 Saundersville,2000,1908,0.010482769878
high,SUMNER,008622,7B SAUNDERSVILLE,2008,official_vtd_exact_name_nhgis_blocks,0.95,07 Saundersville,2000,1908,0.688810265554
high,SUMNER,008628,7B SAUNDERSVILLE,2008,official_vtd_exact_name_nhgis_blocks,0.95,07 Saundersville,2000,1908,0.300706964568
high,SUMNER,008611,7C LONG HOLLOW,2008,official_vtd_exact_name_nhgis_blocks,0.95,07 Long Hollow,2000,1932,5.3021285e-05
high,SUMNER,008622,7C LONG HOLLOW,2008,official_vtd_exact_name_nhgis_blocks,0.95,07 Long Hollow,2000,1932,0.00142686153
high,SUMNER,008628,7C LONG HOLLOW,2008,official_vtd_exact_name_nhgis_blocks,0.95,07 Long Hollow,2000,1932,0.998520117185
high,SUMNER,008631,8B LAKESIDE,2008,official_vtd_exact_name_nhgis_blocks,0.95,08 Lakeside,2000,1935,1.0
high,SUMNER,008603,9A NANNIE BERRY,2008,official_vtd_exact_name_nhgis_blocks,0.95,09 Nannie Berry,2000,1907,0.989961695428
high,SUMNER,008620,9A NANNIE BERRY,2008,official_vtd_exact_name_nhgis_blocks,0.95,09 Nannie Berry,2000,1907,0.010038304572
high,SUMNER,008620,9B INDIAN LAKE,2008,official_vtd_exact_name_nhgis_blocks,0.95,09 Indian Lake,2000,1924,1.0
high,SUMNER,008603,9C ROCK CASTLE,2008,official_vtd_exact_name_nhgis_blocks,0.95,09 Rock Castle,2000,1934,0.428918774989
high,SUMNER,008620,9C ROCK CASTLE,2008,official_vtd_exact_name_nhgis_blocks,0.95,09 Rock Castle,2000,1934,0.571081225011
high,SUMNER,001849,10A WALTON FERRY,2008,official_vtd_exact_name_nhgis_blocks,0.95,10 Walton Ferry,2000,1925,0.00122295886
high,SUMNER,008619,10A WALTON FERRY,2008,official_vtd_exact_name_nhgis_blocks,0.95,10 Walton Ferry,2000,1925,0.007471486169
high,SUMNER,008621,10A WALTON FERRY,2008,official_vtd_exact_name_nhgis_blocks,0.95,10 Walton Ferry,2000,1925,0.951255717729
high,SUMNER,008631,10A WALTON FERRY,2008,official_vtd_exact_name_nhgis_blocks,0.95,10 Walton Ferry,2000,1925,0.040049837243
high,SUMNER,008621,10C CENTER POINT,2008,official_vtd_exact_name_nhgis_blocks,0.95,10 Center Point,2000,1933,0.226590477858
high,SUMNER,008623,10C CENTER POINT,2008,official_vtd_exact_name_nhgis_blocks,0.95,10 Center Point,2000,1933,0.059208355785
high,SUMNER,008633,10C CENTER POINT,2008,official_vtd_exact_name_nhgis_blocks,0.95,10 Center Point,2000,1933,0.714201166357
high,SUMNER,008623,11B MADISON CREEK,2008,official_vtd_exact_name_nhgis_blocks,0.95,11 Madison Creek,2000,1927,0.984665374358
high,SUMNER,008625,11B MADISON CREEK,2008,official_vtd_exact_name_nhgis_blocks,0.95,11 Madison Creek,2000,1927,0.015334625642
high,SUMNER,001844,11C MILLERSVILLE,2008,official_vtd_exact_name_nhgis_blocks,0.95,11 Millersville,2000,1929,0.000243047576
high,SUMNER,007554,11C MILLERSVILLE,2008,official_vtd_exact_name_nhgis_blocks,0.95,11 Millersville,2000,1929,0.000949499043
high,SUMNER,008625,11C MILLERSVILLE,2008,official_vtd_exact_name_nhgis_blocks,0.95,11 Millersville,2000,1929,0.998807453381
high,SUMNER,008612,12A OAKMONT,2008,official_vtd_exact_name_nhgis_blocks,0.95,12 Oakmont,2000,1916,0.969244717073
high,SUMNER,008627,12A OAKMONT,2008,official_vtd_exact_name_nhgis_blocks,0.95,12 Oakmont,2000,1916,0.030755282927
medium,TIPTON,008705,NE COVINGTON,2008,official_vtd_fuzzy_name_nhgis_blocks,0.792,03 S. E. Covington,2000,2158,1.0
medium,TIPTON,008705,SE COVINGTON,2008,official_vtd_fuzzy_name_nhgis_blocks,0.864,03 S. E. Covington,2000,2158,1.0
high,TIPTON,008704,TIPTON WEST,2008,official_vtd_exact_name_nhgis_blocks,0.95,06 Tipton West,2000,1945,0.954459024908
high,TIPTON,008708,TIPTON WEST,2008,official_vtd_exact_name_nhgis_blocks,0.95,06 Tipton West,2000,1945,0.045540975092
high,TIPTON,008701,WEST ATOKA,2008,official_vtd_fuzzy_name_nhgis_blocks,0.9,10 W. Atoka,2000,1949,0.494901374851
high,TIPTON,008702,WEST ATOKA,2008,official_vtd_fuzzy_name_nhgis_blocks,0.9,10 W. Atoka,2000,1949,0.117993411396
high,TIPTON,008709,WEST ATOKA,2008,official_vtd_fuzzy_name_nhgis_blocks,0.9,10 W. Atoka,2000,1949,0.387105213753
high,TIPTON,008703,EAST ATOKA,2008,official_vtd_fuzzy_name_nhgis_blocks,0.9,11 E. Atoka,2000,1942,0.240418945551
high,TIPTON,008709,EAST ATOKA,2008,official_vtd_fuzzy_name_nhgis_blocks,0.9,11 E. Atoka,2000,1942,0.759581054449
high,TIPTON,008701,MUNFORD,2008,official_vtd_exact_name_nhgis_blocks,0.95,12 Munford,2000,1947,0.012267562893
high,TIPTON,008702,MUNFORD,2008,official_vtd_exact_name_nhgis_blocks,0.95,12 Munford,2000,1947,0.00286149219
high,TIPTON,008704,MUNFORD,2008,official_vtd_exact_name_nhgis_blocks,0.95,12 Munford,2000,1947,0.154899877619
high,TIPTON,008707,MUNFORD,2008,official_vtd_exact_name_nhgis_blocks,0.95,12 Munford,2000,1947,0.827059518254
high,TIPTON,008709,MUNFORD,2008,official_vtd_exact_name_nhgis_blocks,0.95,12 Munford,2000,1947,0.002911549045
medium,TIPTON,008706,SW TIPTON,2008,official_vtd_fuzzy_name_nhgis_blocks,0.8526,14 S. W. Tipton,2000,1946,1.0
high,TIPTON,008703,AUSTIN PEAY,2008,official_vtd_exact_name_nhgis_blocks,0.95,19 Austin Peay,2000,1944,0.938765202703
high,TIPTON,008705,AUSTIN PEAY,2008,official_vtd_exact_name_nhgis_blocks,0.95,19 Austin Peay,2000,1944,0.061234797297
medium,TIPTON,008701,WILKINSVILLE,2008,official_vtd_fuzzy_name_nhgis_blocks,0.8308,21 W. Wilkinsville,2000,1941,0.78922698608
medium,TIPTON,008706,WILKINSVILLE,2008,official_vtd_fuzzy_name_nhgis_blocks,0.8308,21 W. Wilkinsville,2000,1941,0.148461742504
medium,TIPTON,008707,WILKINSVILLE,2008,official_vtd_fuzzy_name_nhgis_blocks,0.8308,21 W. Wilkinsville,2000,1941,0.062311271416
high,TIPTON,008702,BRIGHTON,2008,official_vtd_exact_name_nhgis_blocks,0.95,22 Brighton,2000,1943,0.744725851368
high,TIPTON,008704,BRIGHTON,2008,official_vtd_exact_name_nhgis_blocks,0.95,22 Brighton,2000,1943,0.249648031813
high,TIPTON,008708,BRIGHTON,2008,official_vtd_exact_name_nhgis_blocks,0.95,22 Brighton,2000,1943,0.005626116819
medium,TROUSDALE,008801,01 ELEMENTARY SCH,2008,official_vtd_fuzzy_name_nhgis_blocks,0.8129,1st Elementary School,2000,1955,1.0
high,TROUSDALE,008802,02 CATO,2008,official_vtd_exact_name_nhgis_blocks,0.95,2nd Cato,2000,1954,1.0
high,TROUSDALE,008802,03 BEECH GROVE,2008,official_vtd_exact_name_nhgis_blocks,0.95,3rd Beech Grove,2000,1956,0.179587146242
high,TROUSDALE,008803,03 BEECH GROVE,2008,official_vtd_exact_name_nhgis_blocks,0.95,3rd Beech Grove,2000,1956,0.820412853758
high,TROUSDALE,008803,04 CITY HALL,2008,official_vtd_exact_name_nhgis_blocks,0.95,4th City Hall,2000,1958,0.314484430297
high,TROUSDALE,008804,04 CITY HALL,2008,official_vtd_exact_name_nhgis_blocks,0.95,4th City Hall,2000,1958,0.680314880281
high,TROUSDALE,008809,04 CITY HALL,2008,official_vtd_exact_name_nhgis_blocks,0.95,4th City Hall,2000,1958,0.005200689421
high,TROUSDALE,008805,05 TEMPLOW,2008,official_vtd_exact_name_nhgis_blocks,0.95,5th Templow,2000,1959,0.918231980022
high,TROUSDALE,008807,05 TEMPLOW,2008,official_vtd_exact_name_nhgis_blocks,0.95,5th Templow,2000,1959,0.008179627489
high,TROUSDALE,008808,05 TEMPLOW,2008,official_vtd_exact_name_nhgis_blocks,0.95,5th Templow,2000,1959,0.07358839249
high,TROUSDALE,008805,06 WALNUT GROVE,2008,official_vtd_exact_name_nhgis_blocks,0.95,6th Walnut Grove,2000,1951,0.141120581113
high,TROUSDALE,008806,06 WALNUT GROVE,2008,official_vtd_exact_name_nhgis_blocks,0.95,6th Walnut Grove,2000,1951,0.836815256303
high,TROUSDALE,008807,06 WALNUT GROVE,2008,official_vtd_exact_name_nhgis_blocks,0.95,6th Walnut Grove,2000,1951,0.021544234309
high,TROUSDALE,008810,06 WALNUT GROVE,2008,official_vtd_exact_name_nhgis_blocks,0.95,6th Walnut Grove,2000,1951,0.000519928275
medium,TROUSDALE,008807,07 COURTHOUSE,2008,official_vtd_fuzzy_name_nhgis_blocks,0.8571,7th Court House,2000,1952,0.902735250196
medium,TROUSDALE,008810,07 COURTHOUSE,2008,official_vtd_fuzzy_name_nhgis_blocks,0.8571,7th Court House,2000,1952,0.097264749804
high,TROUSDALE,008804,08 WILLARD,2008,official_vtd_exact_name_nhgis_blocks,0.95,8th Willard,2000,1957,0.086187278008
high,TROUSDALE,008808,08 WILLARD,2008,official_vtd_exact_name_nhgis_blocks,0.95,8th Willard,2000,1957,0.913812721992
high,TROUSDALE,008801,10 PROVIDENCE,2008,official_vtd_exact_name_nhgis_blocks,0.95,10th Providence,2000,1950,0.055293872559
high,TROUSDALE,008810,10 PROVIDENCE,2008,official_vtd_exact_name_nhgis_blocks,0.95,10th Providence,2000,1950,0.944706127441
high,UNICOI,008908,FLAG POND,2008,official_vtd_exact_name_nhgis_blocks,0.95,Flag Pond,2000,1967,1.0
high,UNICOI,008903,TEMPLE HILL,2008,official_vtd_exact_name_nhgis_blocks,0.95,Temple Hill,2000,1962,0.899594677955
high,UNICOI,008908,TEMPLE HILL,2008,official_vtd_exact_name_nhgis_blocks,0.95,Temple Hill,2000,1962,0.100405322045
high,UNICOI,008901,LOVE CHAPEL,2008,official_vtd_exact_name_nhgis_blocks,0.95,Love Chapel,2000,1961,0.037715717708
high,UNICOI,008902,LOVE CHAPEL,2008,official_vtd_exact_name_nhgis_blocks,0.95,Love Chapel,2000,1961,0.272179300686
high,UNICOI,008903,LOVE CHAPEL,2008,official_vtd_exact_name_nhgis_blocks,0.95,Love Chapel,2000,1961,0.687617240509
high,UNICOI,008906,LOVE CHAPEL,2008,official_vtd_exact_name_nhgis_blocks,0.95,Love Chapel,2000,1961,0.002487741096
high,UNICOI,008901,MIDDLE SCHOOL,2008,official_vtd_exact_name_nhgis_blocks,0.95,Middle School,2000,1960,0.279427495001
high,UNICOI,008902,MIDDLE SCHOOL,2008,official_vtd_exact_name_nhgis_blocks,0.95,Middle School,2000,1960,0.720537146687
high,UNICOI,008906,MIDDLE SCHOOL,2008,official_vtd_exact_name_nhgis_blocks,0.95,Middle School,2000,1960,3.5358313e-05
high,UNICOI,008901,ROCK CREEK,2008,official_vtd_exact_name_nhgis_blocks,0.95,Rock Creek,2000,1965,0.029252862044
high,UNICOI,008906,ROCK CREEK,2008,official_vtd_exact_name_nhgis_blocks,0.95,Rock Creek,2000,1965,0.970747137956
high,UNICOI,008901,FISHERY,2008,official_vtd_exact_name_nhgis_blocks,0.95,Fishery,2000,1964,0.006892337301
high,UNICOI,008905,FISHERY,2008,official_vtd_exact_name_nhgis_blocks,0.95,Fishery,2000,1964,0.922953882433
high,UNICOI,008906,FISHERY,2008,official_vtd_exact_name_nhgis_blocks,0.95,Fishery,2000,1964,0.070153780266
high,UNICOI,000917,UNICOI,2008,official_vtd_exact_name_nhgis_blocks,0.95,Unicoi,2000,1963,0.000109438481
high,UNICOI,008904,UNICOI,2008,official_vtd_exact_name_nhgis_blocks,0.95,Unicoi,2000,1963,0.767322560623
high,UNICOI,008905,UNICOI,2008,official_vtd_exact_name_nhgis_blocks,0.95,Unicoi,2000,1963,0.078281996267
high,UNICOI,008906,UNICOI,2008,official_vtd_exact_name_nhgis_blocks,0.95,Unicoi,2000,1963,0.079496893837
high,UNICOI,008907,UNICOI,2008,official_vtd_exact_name_nhgis_blocks,0.95,Unicoi,2000,1963,0.074789110791
high,UNICOI,008907,LIMESTONE COVE,2008,official_vtd_exact_name_nhgis_blocks,0.95,Limestone Cove,2000,1966,1.0
high,UNION,009001,1 1 UNION CO HS,2008,official_vtd_exact_label_code_nhgis_blocks,0.97,1-1 Maynardville Elementary,2000,1970,0.04822453202
high,UNION,009002,1 1 UNION CO HS,2008,official_vtd_exact_label_code_nhgis_blocks,0.97,1-1 Maynardville Elementary,2000,1970,0.059087300108
high,UNION,009003,1 1 UNION CO HS,2008,official_vtd_exact_label_code_nhgis_blocks,0.97,1-1 Maynardville Elementary,2000,1970,0.753722818725
high,UNION,009005,1 1 UNION CO HS,2008,official_vtd_exact_label_code_nhgis_blocks,0.97,1-1 Maynardville Elementary,2000,1970,0.033068512342
high,UNION,009006,1 1 UNION CO HS,2008,official_vtd_exact_label_code_nhgis_blocks,0.97,1-1 Maynardville Elementary,2000,1970,0.105896836805
high,UNION,009002,2 2 LUTTRELL ELEM,2008,official_vtd_exact_label_code_nhgis_blocks,0.97,2-2 Luttrell Elementary School,2000,1969,0.746640627907
high,UNION,009003,2 2 LUTTRELL ELEM,2008,official_vtd_exact_label_code_nhgis_blocks,0.97,2-2 Luttrell Elementary School,2000,1969,0.038376206395
high,UNION,009007,2 2 LUTTRELL ELEM,2008,official_vtd_exact_label_code_nhgis_blocks,0.97,2-2 Luttrell Elementary School,2000,1969,0.214983165697
high,UNION,009004,3 2 CEDAR GROVE CC,2008,official_vtd_exact_label_code_nhgis_blocks,0.97,3-2 Cedar Grove Community Cen.,2000,1971,1.0
high,UNION,009001,3 3 BROCK CC,2008,official_vtd_exact_label_code_nhgis_blocks,0.97,3-3 Brock Community Center,2000,1968,0.885899345342
high,UNION,009002,3 3 BROCK CC,2008,official_vtd_exact_label_code_nhgis_blocks,0.97,3-3 Brock Community Center,2000,1968,0.111529479078
high,UNION,009003,3 3 BROCK CC,2008,official_vtd_exact_label_code_nhgis_blocks,0.97,3-3 Brock Community Center,2000,1968,0.002571175579
high,UNION,009005,4 7 BIG RIDGE ELEM,2008,official_vtd_exact_label_code_nhgis_blocks,0.97,4-7 Big Ridge Elementary Sch.,2000,1972,1.0
high,UNION,009009,5 10 SHARPS CHAPEL,2008,official_vtd_exact_label_code_nhgis_blocks,0.97,5-10 Sharps Chapel Elementary,2000,1976,1.0
high,UNION,009008,5 13 BRADENS SCHOOL,2008,official_vtd_exact_label_code_nhgis_blocks,0.97,5-13 Bradens School House,2000,1975,1.0
high,UNION,009005,6 6 PAULETTE CC,2008,official_vtd_exact_label_code_nhgis_blocks,0.97,6-6 Paulette Community Center,2000,1973,0.005884351357
high,UNION,009006,6 6 PAULETTE CC,2008,official_vtd_exact_label_code_nhgis_blocks,0.97,6-6 Paulette Community Center,2000,1973,0.994115648643
medium,VAN BUREN,009105,SPENCER 1,2008,official_vtd_fuzzy_name_nhgis_blocks,0.8,Spencer 5,2000,1977,1.0
high,VAN BUREN,009102,PINEY FIRE HALL,2008,official_vtd_exact_name_nhgis_blocks,0.95,Piney Fire Hall,2000,1978,1.0
high,VAN BUREN,009105,SPENCER 5,2008,official_vtd_exact_name_nhgis_blocks,0.95,Spencer 5,2000,1977,1.0
high,WARREN,009202,2 1 COURTHOUSE,2008,official_vtd_code_and_name_nhgis_blocks,1.0,02-1 Courthouse,2000,1999,0.902019744532
high,WARREN,009203,2 1 COURTHOUSE,2008,official_vtd_code_and_name_nhgis_blocks,1.0,02-1 Courthouse,2000,1999,0.097980255468
high,WARREN,009202,2 2 WARREN AIRPORT,2008,official_vtd_exact_label_code_nhgis_blocks,0.97,02-2 Warren County Airport,2000,2003,0.001548799436
high,WARREN,009203,2 2 WARREN AIRPORT,2008,official_vtd_exact_label_code_nhgis_blocks,0.97,02-2 Warren County Airport,2000,2003,0.5029687208
high,WARREN,009205,2 2 WARREN AIRPORT,2008,official_vtd_exact_label_code_nhgis_blocks,0.97,02-2 Warren County Airport,2000,2003,0.130154494495
high,WARREN,009217,2 2 WARREN AIRPORT,2008,official_vtd_exact_label_code_nhgis_blocks,0.97,02-2 Warren County Airport,2000,2003,0.365327985268
high,WARREN,009204,3 1 WESTWOOD CHURCH,2008,official_vtd_exact_label_code_nhgis_blocks,0.97,03-1 Westwood Church of Christ,2000,1984,0.991712127595
high,WARREN,009205,3 1 WESTWOOD CHURCH,2008,official_vtd_exact_label_code_nhgis_blocks,0.97,03-1 Westwood Church of Christ,2000,1984,0.000923021577
high,WARREN,009208,3 1 WESTWOOD CHURCH,2008,official_vtd_exact_label_code_nhgis_blocks,0.97,03-1 Westwood Church of Christ,2000,1984,0.006069717239
high,WARREN,009213,3 1 WESTWOOD CHURCH,2008,official_vtd_exact_label_code_nhgis_blocks,0.97,03-1 Westwood Church of Christ,2000,1984,0.001295133589
high,WARREN,009203,3 2 SMARTT FIRE HALL,2008,official_vtd_exact_label_code_nhgis_blocks,0.97,03-2 Smartt Station Fire Hall,2000,2001,0.133833700945
high,WARREN,009204,3 2 SMARTT FIRE HALL,2008,official_vtd_exact_label_code_nhgis_blocks,0.97,03-2 Smartt Station Fire Hall,2000,2001,0.006946260288
high,WARREN,009205,3 2 SMARTT FIRE HALL,2008,official_vtd_exact_label_code_nhgis_blocks,0.97,03-2 Smartt Station Fire Hall,2000,2001,0.80581615911
high,WARREN,009213,3 2 SMARTT FIRE HALL,2008,official_vtd_exact_label_code_nhgis_blocks,0.97,03-2 Smartt Station Fire Hall,2000,2001,0.035959701039
high,WARREN,009214,3 2 SMARTT FIRE HALL,2008,official_vtd_exact_label_code_nhgis_blocks,0.97,03-2 Smartt Station Fire Hall,2000,2001,0.017444178618
high,WARREN,009206,5 1 THREE STAR MALL,2008,official_vtd_code_and_name_nhgis_blocks,1.0,05-1 Three Star Mall,2000,1995,0.003356782962
high,WARREN,009207,5 1 THREE STAR MALL,2008,official_vtd_code_and_name_nhgis_blocks,1.0,05-1 Three Star Mall,2000,1995,0.99284368359
high,WARREN,009208,5 1 THREE STAR MALL,2008,official_vtd_code_and_name_nhgis_blocks,1.0,05-1 Three Star Mall,2000,1995,0.003799533449
high,WARREN,009208,5 2 BEERSHEBA TOWERS,2008,official_vtd_code_and_name_nhgis_blocks,1.0,05-2 Beersheba Towers,2000,1997,1.0
high,WARREN,009207,8 1 FAIRVIEW CC,2008,official_vtd_exact_label_code_nhgis_blocks,0.97,08-1 Fairview Community Center,2000,1992,0.030709903021
high,WARREN,009211,8 1 FAIRVIEW CC,2008,official_vtd_exact_label_code_nhgis_blocks,0.97,08-1 Fairview Community Center,2000,1992,0.969290096979
high,WARREN,009211,8 2 IRVING COLLEGE,2008,official_vtd_exact_label_code_nhgis_blocks,0.97,08-2 Irving College School,2000,1993,1.0
high,WARREN,009204,8 3 LBJ C HEAD,2008,official_vtd_exact_label_code_nhgis_blocks,0.97,08-3 LBJ & C Headstart,2000,2004,0.007753770384
high,WARREN,009213,8 3 LBJ C HEAD,2008,official_vtd_exact_label_code_nhgis_blocks,0.97,08-3 LBJ & C Headstart,2000,2004,0.992246229616
high,WARREN,009214,9 1 MORRISON RURITAN,2008,official_vtd_exact_label_code_nhgis_blocks,0.97,09-1 Morrison Ruritan Club,2000,2002,1.0
high,WARREN,009213,9 2 VIOLA VALLEY CC,2008,official_vtd_exact_label_code_nhgis_blocks,0.97,09-2 Viola Valley Comm. Center,2000,2000,0.128498827841
high,WARREN,009215,9 2 VIOLA VALLEY CC,2008,official_vtd_exact_label_code_nhgis_blocks,0.97,09-2 Viola Valley Comm. Center,2000,2000,0.871501172159
high,WARREN,009216,10 1 CENTERTOWN ONE,2008,official_vtd_code_and_name_nhgis_blocks,1.0,10-1 Centertown One,2000,1991,1.0
high,WARREN,009217,10 2 CENTERTOWN CIC,2008,official_vtd_exact_label_code_nhgis_blocks,0.97,10-2 Centertown Comm. Ctr.,2000,1998,1.0
high,WARREN,009218,11 1 MIDWAY CC,2008,official_vtd_exact_label_code_nhgis_blocks,0.97,11-1 Midway Community Center,2000,1985,1.0
high,WARREN,009219,11 2 NO WARREN FIRE,2008,official_vtd_exact_label_code_nhgis_blocks,0.97,11-2 Hwy 56 N Church of Christ,2000,1988,1.0
high,WARREN,009220,12 1 NORTHSIDE BAPT,2008,official_vtd_exact_label_code_nhgis_blocks,0.97,12-1 Northside Baptist Church,2000,1989,1.0
high,WARREN,009221,12 2 LUCKY CC,2008,official_vtd_exact_label_code_nhgis_blocks,0.97,12-2 Lucky Community Center,2000,1990,1.0
high,WASHINGTON,009310,01 SOUTH CENTRAL SCH,2008,official_vtd_exact_label_code_nhgis_blocks,0.97,01 South Central School,2000,2007,0.050638873493
high,WASHINGTON,009329,01 SOUTH CENTRAL SCH,2008,official_vtd_exact_label_code_nhgis_blocks,0.97,01 South Central School,2000,2007,0.406357622544
high,WASHINGTON,009330,01 SOUTH CENTRAL SCH,2008,official_vtd_exact_label_code_nhgis_blocks,0.97,01 South Central School,2000,2007,0.543003503962
high,WASHINGTON,009326,02 CONKLIN RURITAN,2008,official_vtd_code_and_name_nhgis_blocks,1.0,02 Conklin Ruritan,2000,2006,0.444422925984
high,WASHINGTON,009330,02 CONKLIN RURITAN,2008,official_vtd_code_and_name_nhgis_blocks,1.0,02 Conklin Ruritan,2000,2006,0.555577074016
high,WASHINGTON,009326,03 WEST VIEW SCHOOL,2008,official_vtd_exact_label_code_nhgis_blocks,0.97,03 West View,2000,2010,0.97895941861
high,WASHINGTON,009330,03 WEST VIEW SCHOOL,2008,official_vtd_exact_label_code_nhgis_blocks,0.97,03 West View,2000,2010,0.02104058139
high,WASHINGTON,009325,04 LAMAR SCHOOL,2008,official_vtd_code_and_name_nhgis_blocks,1.0,04 Lamar School,2000,2012,0.844734699275
high,WASHINGTON,009326,04 LAMAR SCHOOL,2008,official_vtd_code_and_name_nhgis_blocks,1.0,04 Lamar School,2000,2012,0.059544812474
high,WASHINGTON,009327,04 LAMAR SCHOOL,2008,official_vtd_code_and_name_nhgis_blocks,1.0,04 Lamar School,2000,2012,0.095720488251
high,WASHINGTON,009307,05 TELFORD RURITAN,2008,official_vtd_code_and_name_nhgis_blocks,1.0,05 Telford Ruritan,2000,2011,0.026261153342
high,WASHINGTON,009309,05 TELFORD RURITAN,2008,official_vtd_code_and_name_nhgis_blocks,1.0,05 Telford Ruritan,2000,2011,0.00752626233
high,WASHINGTON,009326,05 TELFORD RURITAN,2008,official_vtd_code_and_name_nhgis_blocks,1.0,05 Telford Ruritan,2000,2011,0.145232979622
high,WASHINGTON,009327,05 TELFORD RURITAN,2008,official_vtd_code_and_name_nhgis_blocks,1.0,05 Telford Ruritan,2000,2011,0.820979604706
high,WASHINGTON,009310,06 EMBREEVILLE,2008,official_vtd_code_and_name_nhgis_blocks,1.0,06 Embreeville,2000,2008,0.911079551499
high,WASHINGTON,009325,06 EMBREEVILLE,2008,official_vtd_code_and_name_nhgis_blocks,1.0,06 Embreeville,2000,2008,0.067706638792
high,WASHINGTON,009326,06 EMBREEVILLE,2008,official_vtd_code_and_name_nhgis_blocks,1.0,06 Embreeville,2000,2008,0.006906893965
high,WASHINGTON,009330,06 EMBREEVILLE,2008,official_vtd_code_and_name_nhgis_blocks,1.0,06 Embreeville,2000,2008,0.014306915744
high,WASHINGTON,009313,07 FALL BRANCH,2008,official_vtd_code_and_name_nhgis_blocks,1.0,07 Fall Branch,2000,2016,1.0
high,WASHINGTON,009301,08 1 MIDWAY OUT,2008,official_vtd_exact_label_code_nhgis_blocks,0.97,08-1 Midway Outside,2000,2018,0.349291652372
high,WASHINGTON,009311,08 1 MIDWAY OUT,2008,official_vtd_exact_label_code_nhgis_blocks,0.97,08-1 Midway Outside,2000,2018,0.002976335945
high,WASHINGTON,009316,08 1 MIDWAY OUT,2008,official_vtd_exact_label_code_nhgis_blocks,0.97,08-1 Midway Outside,2000,2018,0.626573781687
high,WASHINGTON,009336,08 1 MIDWAY OUT,2008,official_vtd_exact_label_code_nhgis_blocks,0.97,08-1 Midway Outside,2000,2018,0.021158229996
high,WASHINGTON,009311,08 2 CHEROKEE OUT,2008,official_vtd_exact_label_code_nhgis_blocks,0.97,08-2 Cherokee Outside,2000,2005,0.008685192594
high,WASHINGTON,009314,08 2 CHEROKEE OUT,2008,official_vtd_exact_label_code_nhgis_blocks,0.97,08-2 Cherokee Outside,2000,2005,0.056293851128
high,WASHINGTON,009315,08 2 CHEROKEE OUT,2008,official_vtd_exact_label_code_nhgis_blocks,0.97,08-2 Cherokee Outside,2000,2005,0.167867989119
high,WASHINGTON,009316,08 2 CHEROKEE OUT,2008,official_vtd_exact_label_code_nhgis_blocks,0.97,08-2 Cherokee Outside,2000,2005,0.395852334502
high,WASHINGTON,009325,08 2 CHEROKEE OUT,2008,official_vtd_exact_label_code_nhgis_blocks,0.97,08-2 Cherokee Outside,2000,2005,0.371300632658
high,WASHINGTON,009311,08 14 CHEROKEE IN,2008,official_vtd_exact_label_code_nhgis_blocks,0.97,08-14 Cherokee Inside,2000,2021,0.273196011006
high,WASHINGTON,009314,08 14 CHEROKEE IN,2008,official_vtd_exact_label_code_nhgis_blocks,0.97,08-14 Cherokee Inside,2000,2021,0.725739928577
high,WASHINGTON,009315,08 14 CHEROKEE IN,2008,official_vtd_exact_label_code_nhgis_blocks,0.97,08-14 Cherokee Inside,2000,2021,9.835144e-05
high,WASHINGTON,009316,08 14 CHEROKEE IN,2008,official_vtd_exact_label_code_nhgis_blocks,0.97,08-14 Cherokee Inside,2000,2021,0.000965708977
high,WASHINGTON,009311,08 15 MIDWAY IN,2008,official_vtd_exact_label_code_nhgis_blocks,0.97,08-15 Midway Inside,2000,2019,0.582920716057
high,WASHINGTON,009316,08 15 MIDWAY IN,2008,official_vtd_exact_label_code_nhgis_blocks,0.97,08-15 Midway Inside,2000,2019,0.129666093701
high,WASHINGTON,009321,08 15 MIDWAY IN,2008,official_vtd_exact_label_code_nhgis_blocks,0.97,08-15 Midway Inside,2000,2019,0.06011674721
high,WASHINGTON,009336,08 15 MIDWAY IN,2008,official_vtd_exact_label_code_nhgis_blocks,0.97,08-15 Midway Inside,2000,2019,0.227296443033
high,WASHINGTON,009311,08 16 FIRE TRAINING,2008,official_vtd_exact_label_code_nhgis_blocks,0.97,08-16 Fire Training Center,2000,2020,0.30466950833
high,WASHINGTON,009316,08 16 FIRE TRAINING,2008,official_vtd_exact_label_code_nhgis_blocks,0.97,08-16 Fire Training Center,2000,2020,0.69533049167
high,WASHINGTON,009308,09 1 SOUTH SIDE SCH,2008,official_vtd_exact_label_code_nhgis_blocks,0.97,09-1 South Side School,2000,2023,0.019634145903
high,WASHINGTON,009314,09 1 SOUTH SIDE SCH,2008,official_vtd_exact_label_code_nhgis_blocks,0.97,09-1 South Side School,2000,2023,0.364295774363
high,WASHINGTON,009323,09 1 SOUTH SIDE SCH,2008,official_vtd_exact_label_code_nhgis_blocks,0.97,09-1 South Side School,2000,2023,0.217304889596
high,WASHINGTON,009331,09 1 SOUTH SIDE SCH,2008,official_vtd_exact_label_code_nhgis_blocks,0.97,09-1 South Side School,2000,2023,0.398765190139
high,WASHINGTON,009323,09 3 KEYSTONE SCHOOL,2008,official_vtd_code_and_name_nhgis_blocks,1.0,09-3 Keystone School,2000,2026,1.0
high,WASHINGTON,009308,09 5 NORTH SIDE SCH,2008,official_vtd_exact_label_code_nhgis_blocks,0.97,09-5 North Side School,2000,2025,0.430001881325
high,WASHINGTON,009312,09 5 NORTH SIDE SCH,2008,official_vtd_exact_label_code_nhgis_blocks,0.97,09-5 North Side School,2000,2025,0.287052717788
high,WASHINGTON,009320,09 5 NORTH SIDE SCH,2008,official_vtd_exact_label_code_nhgis_blocks,0.97,09-5 North Side School,2000,2025,0.282945400886
high,WASHINGTON,009308,09 6 STRATTON SCHOOL,2008,official_vtd_code_and_name_nhgis_blocks,1.0,09-6 Stratton School,2000,2029,0.072209905187
high,WASHINGTON,009312,09 6 STRATTON SCHOOL,2008,official_vtd_code_and_name_nhgis_blocks,1.0,09-6 Stratton School,2000,2029,0.26423301785
high,WASHINGTON,009324,09 6 STRATTON SCHOOL,2008,official_vtd_code_and_name_nhgis_blocks,1.0,09-6 Stratton School,2000,2029,0.647914768255
high,WASHINGTON,009328,09 6 STRATTON SCHOOL,2008,official_vtd_code_and_name_nhgis_blocks,1.0,09-6 Stratton School,2000,2029,0.015642308708
high,WASHINGTON,009311,09 8 MILLENNIUM PK,2008,official_vtd_exact_label_code_nhgis_blocks,0.97,09-8 Adelphia Centre,2000,2022,0.140200224371
high,WASHINGTON,009314,09 8 MILLENNIUM PK,2008,official_vtd_exact_label_code_nhgis_blocks,0.97,09-8 Adelphia Centre,2000,2022,0.69585325646
high,WASHINGTON,009315,09 8 MILLENNIUM PK,2008,official_vtd_exact_label_code_nhgis_blocks,0.97,09-8 Adelphia Centre,2000,2022,0.000109469725
high,WASHINGTON,009321,09 8 MILLENNIUM PK,2008,official_vtd_exact_label_code_nhgis_blocks,0.97,09-8 Adelphia Centre,2000,2022,0.031751618378
high,WASHINGTON,009331,09 8 MILLENNIUM PK,2008,official_vtd_exact_label_code_nhgis_blocks,0.97,09-8 Adelphia Centre,2000,2022,0.132085431066
high,WASHINGTON,009308,09 9 HENRY JOHNSON,2008,official_vtd_exact_label_code_nhgis_blocks,0.97,09-9 Henry Johnson School,2000,2024,0.032338665644
high,WASHINGTON,009320,09 9 HENRY JOHNSON,2008,official_vtd_exact_label_code_nhgis_blocks,0.97,09-9 Henry Johnson School,2000,2024,0.161246378067
high,WASHINGTON,009321,09 9 HENRY JOHNSON,2008,official_vtd_exact_label_code_nhgis_blocks,0.97,09-9 Henry Johnson School,2000,2024,0.806414956289
high,WASHINGTON,009308,09 10 FAIRMONT SCH,2008,official_vtd_exact_label_code_nhgis_blocks,0.97,09-10 Fairmont School,2000,2027,0.336948304045
high,WASHINGTON,009312,09 10 FAIRMONT SCH,2008,official_vtd_exact_label_code_nhgis_blocks,0.97,09-10 Fairmont School,2000,2027,0.327373419683
high,WASHINGTON,009324,09 10 FAIRMONT SCH,2008,official_vtd_exact_label_code_nhgis_blocks,0.97,09-10 Fairmont School,2000,2027,0.335678276272
high,WASHINGTON,009301,10S TOWN ACRES SOUTH,2008,official_vtd_code_and_name_nhgis_blocks,1.0,10S Town Acres South,2000,2035,0.003024760275
high,WASHINGTON,009321,10S TOWN ACRES SOUTH,2008,official_vtd_code_and_name_nhgis_blocks,1.0,10S Town Acres South,2000,2035,0.000494326581
high,WASHINGTON,009322,10S TOWN ACRES SOUTH,2008,official_vtd_code_and_name_nhgis_blocks,1.0,10S Town Acres South,2000,2035,0.024425934528
high,WASHINGTON,009333,10S TOWN ACRES SOUTH,2008,official_vtd_code_and_name_nhgis_blocks,1.0,10S Town Acres South,2000,2035,0.354788337131
high,WASHINGTON,009336,10S TOWN ACRES SOUTH,2008,official_vtd_code_and_name_nhgis_blocks,1.0,10S Town Acres South,2000,2035,0.617266641485
medium,WASHINGTON,009301,10T TOWN ACRES NORTH,2008,official_vtd_fuzzy_name_nhgis_blocks,0.825,10S Town Acres South,2000,2035,0.003024760275
medium,WASHINGTON,009321,10T TOWN ACRES NORTH,2008,official_vtd_fuzzy_name_nhgis_blocks,0.825,10S Town Acres South,2000,2035,0.000494326581
medium,WASHINGTON,009322,10T TOWN ACRES NORTH,2008,official_vtd_fuzzy_name_nhgis_blocks,0.825,10S Town Acres South,2000,2035,0.024425934528
medium,WASHINGTON,009333,10T TOWN ACRES NORTH,2008,official_vtd_fuzzy_name_nhgis_blocks,0.825,10S Town Acres South,2000,2035,0.354788337131
medium,WASHINGTON,009336,10T TOWN ACRES NORTH,2008,official_vtd_fuzzy_name_nhgis_blocks,0.825,10S Town Acres South,2000,2035,0.617266641485
high,WASHINGTON,009304,11E BOONES CRK MS,2008,official_vtd_exact_label_code_nhgis_blocks,0.97,11E Boones Creek,2000,2036,0.015196460091
high,WASHINGTON,009305,11E BOONES CRK MS,2008,official_vtd_exact_label_code_nhgis_blocks,0.97,11E Boones Creek,2000,2036,0.788290796633
high,WASHINGTON,009322,11E BOONES CRK MS,2008,official_vtd_exact_label_code_nhgis_blocks,0.97,11E Boones Creek,2000,2036,0.020164933239
high,WASHINGTON,009324,11E BOONES CRK MS,2008,official_vtd_exact_label_code_nhgis_blocks,0.97,11E Boones Creek,2000,2036,0.06200347467
high,WASHINGTON,009328,11E BOONES CRK MS,2008,official_vtd_exact_label_code_nhgis_blocks,0.97,11E Boones Creek,2000,2036,0.092144288035
high,WASHINGTON,009334,11E BOONES CRK MS,2008,official_vtd_exact_label_code_nhgis_blocks,0.97,11E Boones Creek,2000,2036,0.022200047331
high,WASHINGTON,009301,11I BOONES CRK CH IN,2008,official_vtd_exact_label_code_nhgis_blocks,0.97,11I Boones Creek Elementary,2000,2038,0.166348764788
high,WASHINGTON,009302,11I BOONES CRK CH IN,2008,official_vtd_exact_label_code_nhgis_blocks,0.97,11I Boones Creek Elementary,2000,2038,0.055622076968
high,WASHINGTON,009304,11I BOONES CRK CH IN,2008,official_vtd_exact_label_code_nhgis_blocks,0.97,11I Boones Creek Elementary,2000,2038,0.231284974531
high,WASHINGTON,009305,11I BOONES CRK CH IN,2008,official_vtd_exact_label_code_nhgis_blocks,0.97,11I Boones Creek Elementary,2000,2038,0.029966844789
high,WASHINGTON,009306,11I BOONES CRK CH IN,2008,official_vtd_exact_label_code_nhgis_blocks,0.97,11I Boones Creek Elementary,2000,2038,0.016982539567
high,WASHINGTON,009317,11I BOONES CRK CH IN,2008,official_vtd_exact_label_code_nhgis_blocks,0.97,11I Boones Creek Elementary,2000,2038,0.002077464355
high,WASHINGTON,009318,11I BOONES CRK CH IN,2008,official_vtd_exact_label_code_nhgis_blocks,0.97,11I Boones Creek Elementary,2000,2038,0.001481847437
high,WASHINGTON,009322,11I BOONES CRK CH IN,2008,official_vtd_exact_label_code_nhgis_blocks,0.97,11I Boones Creek Elementary,2000,2038,0.320277159179
high,WASHINGTON,009334,11I BOONES CRK CH IN,2008,official_vtd_exact_label_code_nhgis_blocks,0.97,11I Boones Creek Elementary,2000,2038,0.005516565723
high,WASHINGTON,009336,11I BOONES CRK CH IN,2008,official_vtd_exact_label_code_nhgis_blocks,0.97,11I Boones Creek Elementary,2000,2038,0.170441762663
high,WASHINGTON,009304,11L LAKE RIDGE SCH,2008,official_vtd_exact_label_code_nhgis_blocks,0.97,11L Lake Ridge School,2000,2037,0.324605775774
high,WASHINGTON,009305,11L LAKE RIDGE SCH,2008,official_vtd_exact_label_code_nhgis_blocks,0.97,11L Lake Ridge School,2000,2037,0.216438322861
high,WASHINGTON,009322,11L LAKE RIDGE SCH,2008,official_vtd_exact_label_code_nhgis_blocks,0.97,11L Lake Ridge School,2000,2037,0.257192303652
high,WASHINGTON,009324,11L LAKE RIDGE SCH,2008,official_vtd_exact_label_code_nhgis_blocks,0.97,11L Lake Ridge School,2000,2037,0.185997259725
high,WASHINGTON,009328,11L LAKE RIDGE SCH,2008,official_vtd_exact_label_code_nhgis_blocks,0.97,11L Lake Ridge School,2000,2037,0.015766337988
high,WASHINGTON,009301,11M MARVIN S CHAPEL,2008,official_vtd_exact_label_code_nhgis_blocks,0.97,11M Marvin Chapel,2000,2033,0.222167248343
high,WASHINGTON,009302,11M MARVIN S CHAPEL,2008,official_vtd_exact_label_code_nhgis_blocks,0.97,11M Marvin Chapel,2000,2033,0.413458333153
high,WASHINGTON,009306,11M MARVIN S CHAPEL,2008,official_vtd_exact_label_code_nhgis_blocks,0.97,11M Marvin Chapel,2000,2033,0.015613254553
high,WASHINGTON,009336,11M MARVIN S CHAPEL,2008,official_vtd_exact_label_code_nhgis_blocks,0.97,11M Marvin Chapel,2000,2033,0.348761163951
high,WASHINGTON,009301,11W BOONES CR CH OUT,2008,official_vtd_exact_label_code_nhgis_blocks,0.97,11W Boones Creek Elementary,2000,2040,0.112326031746
high,WASHINGTON,009302,11W BOONES CR CH OUT,2008,official_vtd_exact_label_code_nhgis_blocks,0.97,11W Boones Creek Elementary,2000,2040,0.065633410469
high,WASHINGTON,009304,11W BOONES CR CH OUT,2008,official_vtd_exact_label_code_nhgis_blocks,0.97,11W Boones Creek Elementary,2000,2040,0.018354443175
high,WASHINGTON,009305,11W BOONES CR CH OUT,2008,official_vtd_exact_label_code_nhgis_blocks,0.97,11W Boones Creek Elementary,2000,2040,0.287559924692
high,WASHINGTON,009306,11W BOONES CR CH OUT,2008,official_vtd_exact_label_code_nhgis_blocks,0.97,11W Boones Creek Elementary,2000,2040,0.424241775888
high,WASHINGTON,009317,11W BOONES CR CH OUT,2008,official_vtd_exact_label_code_nhgis_blocks,0.97,11W Boones Creek Elementary,2000,2040,0.000372417186
high,WASHINGTON,009318,11W BOONES CR CH OUT,2008,official_vtd_exact_label_code_nhgis_blocks,0.97,11W Boones Creek Elementary,2000,2040,0.038362370048
high,WASHINGTON,009322,11W BOONES CR CH OUT,2008,official_vtd_exact_label_code_nhgis_blocks,0.97,11W Boones Creek Elementary,2000,2040,7.4735497e-05
high,WASHINGTON,009334,11W BOONES CR CH OUT,2008,official_vtd_exact_label_code_nhgis_blocks,0.97,11W Boones Creek Elementary,2000,2040,0.017569701948
high,WASHINGTON,009336,11W BOONES CR CH OUT,2008,official_vtd_exact_label_code_nhgis_blocks,0.97,11W Boones Creek Elementary,2000,2040,0.03550518935
high,WASHINGTON,009317,12C GRAY CITY,2008,official_vtd_code_and_name_nhgis_blocks,1.0,12C Gray City,2000,2041,0.574454155612
high,WASHINGTON,009318,12C GRAY CITY,2008,official_vtd_code_and_name_nhgis_blocks,1.0,12C Gray City,2000,2041,0.417982809848
high,WASHINGTON,009319,12C GRAY CITY,2008,official_vtd_code_and_name_nhgis_blocks,1.0,12C Gray City,2000,2041,0.00756303454
high,WASHINGTON,009305,12E EAST GRAY FAIR,2008,official_vtd_exact_label_code_nhgis_blocks,0.97,12E Gray Fairgrounds East,2000,2039,0.053147929609
high,WASHINGTON,009317,12E EAST GRAY FAIR,2008,official_vtd_exact_label_code_nhgis_blocks,0.97,12E Gray Fairgrounds East,2000,2039,0.007750225553
high,WASHINGTON,009318,12E EAST GRAY FAIR,2008,official_vtd_exact_label_code_nhgis_blocks,0.97,12E Gray Fairgrounds East,2000,2039,0.939101844838
high,WASHINGTON,009317,12W WEST GRAY FAIR,2008,official_vtd_exact_label_code_nhgis_blocks,0.97,12W Gray Fairgrounds West,2000,2042,0.003273346215
high,WASHINGTON,009318,12W WEST GRAY FAIR,2008,official_vtd_exact_label_code_nhgis_blocks,0.97,12W Gray Fairgrounds West,2000,2042,0.925100022771
high,WASHINGTON,009319,12W WEST GRAY FAIR,2008,official_vtd_exact_label_code_nhgis_blocks,0.97,12W Gray Fairgrounds West,2000,2042,0.015079990002
high,WASHINGTON,009332,12W WEST GRAY FAIR,2008,official_vtd_exact_label_code_nhgis_blocks,0.97,12W Gray Fairgrounds West,2000,2042,0.056546641012
high,WASHINGTON,009319,13 HARMONY SCHOOL,2008,official_vtd_code_and_name_nhgis_blocks,1.0,13 Harmony School,2000,2044,0.901428142332
high,WASHINGTON,009332,13 HARMONY SCHOOL,2008,official_vtd_code_and_name_nhgis_blocks,1.0,13 Harmony School,2000,2044,0.098571857668
high,WASHINGTON,009332,14 SULPHUR SPRINGS,2008,official_vtd_code_and_name_nhgis_blocks,1.0,14 Sulphur Springs,2000,2043,1.0
high,WASHINGTON,009301,15 1 JONESBOROUGH TH,2008,official_vtd_exact_label_code_nhgis_blocks,0.97,15-1 Jonesborough Town Hall,2000,2031,0.001556746543
high,WASHINGTON,009309,15 1 JONESBOROUGH TH,2008,official_vtd_exact_label_code_nhgis_blocks,0.97,15-1 Jonesborough Town Hall,2000,2031,0.082967203931
high,WASHINGTON,009335,15 1 JONESBOROUGH TH,2008,official_vtd_exact_label_code_nhgis_blocks,0.97,15-1 Jonesborough Town Hall,2000,2031,0.915476049526
high,WASHINGTON,009301,15 2 JONESBOROUGH CH,2008,official_vtd_exact_label_code_nhgis_blocks,0.97,15-2 Jonesborough Courthouse,2000,2014,0.149970985939
high,WASHINGTON,009302,15 2 JONESBOROUGH CH,2008,official_vtd_exact_label_code_nhgis_blocks,0.97,15-2 Jonesborough Courthouse,2000,2014,0.013780897268
high,WASHINGTON,009306,15 2 JONESBOROUGH CH,2008,official_vtd_exact_label_code_nhgis_blocks,0.97,15-2 Jonesborough Courthouse,2000,2014,0.218539100649
high,WASHINGTON,009309,15 2 JONESBOROUGH CH,2008,official_vtd_exact_label_code_nhgis_blocks,0.97,15-2 Jonesborough Courthouse,2000,2014,0.366634922424
high,WASHINGTON,009316,15 2 JONESBOROUGH CH,2008,official_vtd_exact_label_code_nhgis_blocks,0.97,15-2 Jonesborough Courthouse,2000,2014,0.049691296343
high,WASHINGTON,009325,15 2 JONESBOROUGH CH,2008,official_vtd_exact_label_code_nhgis_blocks,0.97,15-2 Jonesborough Courthouse,2000,2014,0.067685340848
high,WASHINGTON,009327,15 2 JONESBOROUGH CH,2008,official_vtd_exact_label_code_nhgis_blocks,0.97,15-2 Jonesborough Courthouse,2000,2014,0.068472267315
high,WASHINGTON,009335,15 2 JONESBOROUGH CH,2008,official_vtd_exact_label_code_nhgis_blocks,0.97,15-2 Jonesborough Courthouse,2000,2014,0.064901085765
high,WASHINGTON,009336,15 2 JONESBOROUGH CH,2008,official_vtd_exact_label_code_nhgis_blocks,0.97,15-2 Jonesborough Courthouse,2000,2014,0.000324103449
high,WASHINGTON,009307,16 LEESBURG RURITAN,2008,official_vtd_code_and_name_nhgis_blocks,1.0,16 Leesburg Ruritan,2000,2015,0.732402710331
high,WASHINGTON,009309,16 LEESBURG RURITAN,2008,official_vtd_code_and_name_nhgis_blocks,1.0,16 Leesburg Ruritan,2000,2015,0.110486372666
high,WASHINGTON,009332,16 LEESBURG RURITAN,2008,official_vtd_code_and_name_nhgis_blocks,1.0,16 Leesburg Ruritan,2000,2015,0.144030880804
high,WASHINGTON,009335,16 LEESBURG RURITAN,2008,official_vtd_code_and_name_nhgis_blocks,1.0,16 Leesburg Ruritan,2000,2015,0.013080036199
high,WASHINGTON,009307,17 BOWMANTOWN,2008,official_vtd_exact_label_code_nhgis_blocks,0.97,17 Bowmantown Ruritan,2000,2013,0.93344287503
high,WASHINGTON,009329,17 BOWMANTOWN,2008,official_vtd_exact_label_code_nhgis_blocks,0.97,17 Bowmantown Ruritan,2000,2013,0.06655712497
high,WASHINGTON,009329,18 LIMESTONE RURITAN,2008,official_vtd_code_and_name_nhgis_blocks,1.0,18 Limestone Ruritan,2000,2009,1.0
high,WAYNE,009404,1 WAYNESBORO CITY,2008,official_vtd_code_and_name_nhgis_blocks,1.0,1 Waynesboro City,2000,2046,1.0
high,WAYNE,009409,3 2 CRAZY HORSE,2008,official_vtd_exact_name_nhgis_blocks,0.95,3 Crazy Horse,2000,2045,0.980620141556
high,WAYNE,009410,3 2 CRAZY HORSE,2008,official_vtd_exact_name_nhgis_blocks,0.95,3 Crazy Horse,2000,2045,0.019379858444
high,WAYNE,009411,4 1 COLLINWOOD CITY,2008,official_vtd_exact_name_nhgis_blocks,0.95,4 Collinwood City,2000,2053,1.0
medium,WAYNE,009403,4 2 SHAWNATTE,2008,official_vtd_fuzzy_name_nhgis_blocks,0.8,6 Shawnatee,2000,2055,1.0
high,WAYNE,009413,5 1 BIG CYPRESS,2008,official_vtd_exact_name_nhgis_blocks,0.95,5 Big Cypress,2000,2054,1.0
high,WAYNE,009405,5 2 LUTTS,2008,official_vtd_exact_name_nhgis_blocks,0.95,5 Lutts,2000,2051,0.997371731451
high,WAYNE,009411,5 2 LUTTS,2008,official_vtd_exact_name_nhgis_blocks,0.95,5 Lutts,2000,2051,0.002621472183
high,WAYNE,009414,5 2 LUTTS,2008,official_vtd_exact_name_nhgis_blocks,0.95,5 Lutts,2000,2051,6.796366e-06
high,WAYNE,009407,7 2 OVILLA FIRE HALL,2008,official_vtd_exact_name_nhgis_blocks,0.95,7 Ovilla Fire Hall,2000,2058,0.97596222772
high,WAYNE,009411,7 2 OVILLA FIRE HALL,2008,official_vtd_exact_name_nhgis_blocks,0.95,7 Ovilla Fire Hall,2000,2058,0.02403777228
high,WEAKLEY,009501,1A PALMERSVILLE FS,2008,official_vtd_exact_label_code_nhgis_blocks,0.97,01A Palmersville Volunteer Fire Dept.,2000,2059,0.957937756545
high,WEAKLEY,009502,1A PALMERSVILLE FS,2008,official_vtd_exact_label_code_nhgis_blocks,0.97,01A Palmersville Volunteer Fire Dept.,2000,2059,0.028627978422
high,WEAKLEY,009504,1A PALMERSVILLE FS,2008,official_vtd_exact_label_code_nhgis_blocks,0.97,01A Palmersville Volunteer Fire Dept.,2000,2059,0.013434265032
high,WEAKLEY,009501,1B LATHAM FS,2008,official_vtd_exact_label_code_nhgis_blocks,0.97,01B Latham Vol. Fire Dept.,2000,2061,0.212746017545
high,WEAKLEY,009503,1B LATHAM FS,2008,official_vtd_exact_label_code_nhgis_blocks,0.97,01B Latham Vol. Fire Dept.,2000,2061,0.786139143559
high,WEAKLEY,009504,1B LATHAM FS,2008,official_vtd_exact_label_code_nhgis_blocks,0.97,01B Latham Vol. Fire Dept.,2000,2061,0.001114838897
high,WEAKLEY,009502,2 GLEASON FS,2008,official_vtd_exact_label_code_nhgis_blocks,0.97,02 Gleason Community Building,2000,2060,1.0
high,WEAKLEY,009507,3 GREENFIELD PARK,2008,official_vtd_exact_label_code_nhgis_blocks,0.97,03 Greenfield Park Pavilion,2000,2065,1.0
high,WEAKLEY,009506,4 SHARON FS,2008,official_vtd_exact_label_code_nhgis_blocks,0.97,04 Sharon Fire Station,2000,2064,1.0
high,WEAKLEY,009508,5 BUSTER WILLIAMS FS,2008,official_vtd_exact_label_code_nhgis_blocks,0.97,05 Buster Williams Fire Station,2000,2066,0.991549012398
high,WEAKLEY,009509,5 BUSTER WILLIAMS FS,2008,official_vtd_exact_label_code_nhgis_blocks,0.97,05 Buster Williams Fire Station,2000,2066,0.008450987602
high,WEAKLEY,009509,6 TRINITY PRES,2008,official_vtd_exact_label_code_nhgis_blocks,0.97,06 Trinity Presbyterian Church,2000,2068,0.00370753166
high,WEAKLEY,009510,6 TRINITY PRES,2008,official_vtd_exact_label_code_nhgis_blocks,0.97,06 Trinity Presbyterian Church,2000,2068,0.99629246834
high,WEAKLEY,009506,7 VINCENT IMPLEMENTS,2008,official_vtd_code_and_name_nhgis_blocks,1.0,07 Vincent Implements,2000,2067,0.080685837421
high,WEAKLEY,009509,7 VINCENT IMPLEMENTS,2008,official_vtd_code_and_name_nhgis_blocks,1.0,07 Vincent Implements,2000,2067,0.919314162579
high,WEAKLEY,009503,8 FIRST UMC,2008,official_vtd_exact_label_code_nhgis_blocks,0.97,08 First United Methodist Ch.,2000,2063,0.25230910919
high,WEAKLEY,009504,8 FIRST UMC,2008,official_vtd_exact_label_code_nhgis_blocks,0.97,08 First United Methodist Ch.,2000,2063,0.012411185338
high,WEAKLEY,009505,8 FIRST UMC,2008,official_vtd_exact_label_code_nhgis_blocks,0.97,08 First United Methodist Ch.,2000,2063,0.735225737724
high,WEAKLEY,009508,8 FIRST UMC,2008,official_vtd_exact_label_code_nhgis_blocks,0.97,08 First United Methodist Ch.,2000,2063,5.3967748e-05
high,WEAKLEY,009504,9 DRESDEN SC BLDG,2008,official_vtd_exact_label_code_nhgis_blocks,0.97,09 Dresden Sr. Citizen Center,2000,2062,0.985860653831
high,WEAKLEY,009506,9 DRESDEN SC BLDG,2008,official_vtd_exact_label_code_nhgis_blocks,0.97,09 Dresden Sr. Citizen Center,2000,2062,0.014139346169
high,WHITE,009608,1 1 RESCUE SQUAD,2008,official_vtd_exact_label_code_nhgis_blocks,0.97,1-1 Sparta Civic Center,2000,2069,0.981803133525
high,WHITE,009609,1 1 RESCUE SQUAD,2008,official_vtd_exact_label_code_nhgis_blocks,0.97,1-1 Sparta Civic Center,2000,2069,0.018196866475
high,WHITE,009605,1 2 SPARTA CIVIC CTR,2008,official_vtd_exact_label_code_nhgis_blocks,0.97,1-2 Sparta Civic Center,2000,2070,0.595773646484
high,WHITE,009608,1 2 SPARTA CIVIC CTR,2008,official_vtd_exact_label_code_nhgis_blocks,0.97,1-2 Sparta Civic Center,2000,2070,0.001257286306
high,WHITE,009609,1 2 SPARTA CIVIC CTR,2008,official_vtd_exact_label_code_nhgis_blocks,0.97,1-2 Sparta Civic Center,2000,2070,0.40296906721
high,WHITE,009607,2 1 AG FAIR COMPLEX,2008,official_vtd_code_and_name_nhgis_blocks,1.0,2-1 Ag Fair Complex,2000,2075,8.258518e-06
high,WHITE,009608,2 1 AG FAIR COMPLEX,2008,official_vtd_code_and_name_nhgis_blocks,1.0,2-1 Ag Fair Complex,2000,2075,0.045669472481
high,WHITE,009610,2 1 AG FAIR COMPLEX,2008,official_vtd_code_and_name_nhgis_blocks,1.0,2-1 Ag Fair Complex,2000,2075,0.07786581079
high,WHITE,009611,2 1 AG FAIR COMPLEX,2008,official_vtd_code_and_name_nhgis_blocks,1.0,2-1 Ag Fair Complex,2000,2075,0.876456458211
high,WHITE,009603,2 2 THOMAS UNION,2008,official_vtd_exact_label_code_nhgis_blocks,0.97,2-2 Thomas Union Fire Hall,2000,2074,0.193801613051
high,WHITE,009610,2 2 THOMAS UNION,2008,official_vtd_exact_label_code_nhgis_blocks,0.97,2-2 Thomas Union Fire Hall,2000,2074,0.805574061467
high,WHITE,009611,2 2 THOMAS UNION,2008,official_vtd_exact_label_code_nhgis_blocks,0.97,2-2 Thomas Union Fire Hall,2000,2074,0.000624325482
high,WHITE,009607,3 1 AG FAIR COMPLEX,2008,official_vtd_code_and_name_nhgis_blocks,1.0,3-1 Ag Fair Complex,2000,2071,0.981231362129
high,WHITE,009608,3 1 AG FAIR COMPLEX,2008,official_vtd_code_and_name_nhgis_blocks,1.0,3-1 Ag Fair Complex,2000,2071,0.000644933531
high,WHITE,009609,3 1 AG FAIR COMPLEX,2008,official_vtd_code_and_name_nhgis_blocks,1.0,3-1 Ag Fair Complex,2000,2071,0.018096163789
high,WHITE,009611,3 1 AG FAIR COMPLEX,2008,official_vtd_code_and_name_nhgis_blocks,1.0,3-1 Ag Fair Complex,2000,2071,2.7540551e-05
high,WHITE,009605,4 1 HICKORY VALLEY,2008,official_vtd_exact_label_code_nhgis_blocks,0.97,4-1 Woodland Park School,2000,2072,1.0
high,WHITE,009606,4 2 BONDECROFT FIRE,2008,official_vtd_exact_label_code_nhgis_blocks,0.97,4-2 Bondecroft School,2000,2077,1.0
high,WHITE,009603,5 1 DOYLE CIVIC CTR,2008,official_vtd_exact_label_code_nhgis_blocks,0.97,5-1 Doyle Civic Center Hall,2000,2073,0.998458748078
high,WHITE,009609,5 1 DOYLE CIVIC CTR,2008,official_vtd_exact_label_code_nhgis_blocks,0.97,5-1 Doyle Civic Center Hall,2000,2073,0.001541251922
high,WHITE,009602,6 1 CENTRAL VIEW,2008,official_vtd_exact_label_code_nhgis_blocks,0.97,6-1 Central View School,2000,2078,0.825652951598
high,WHITE,009603,6 1 CENTRAL VIEW,2008,official_vtd_exact_label_code_nhgis_blocks,0.97,6-1 Central View School,2000,2078,0.174347048402
high,WHITE,009601,6 2 CASSVILLE FIREHA,2008,official_vtd_exact_label_code_nhgis_blocks,0.97,6-2 Cassville School,2000,2079,1.0
high,WHITE,009601,7 1 NORTH END FIREHA,2008,official_vtd_exact_label_code_nhgis_blocks,0.97,7-1 Northfield School,2000,2076,0.017961030772
high,WHITE,009604,7 1 NORTH END FIREHA,2008,official_vtd_exact_label_code_nhgis_blocks,0.97,7-1 Northfield School,2000,2076,0.939568497181
high,WHITE,009607,7 1 NORTH END FIREHA,2008,official_vtd_exact_label_code_nhgis_blocks,0.97,7-1 Northfield School,2000,2076,0.010025772324
high,WHITE,009610,7 1 NORTH END FIREHA,2008,official_vtd_exact_label_code_nhgis_blocks,0.97,7-1 Northfield School,2000,2076,0.032444699723
high,WILLIAMSON,009702,2 1 HILLSBORO ELEM,2008,official_vtd_exact_label_code_nhgis_blocks,0.97,02-1 Hillsboro Elementary,2000,2096,0.025865095431
high,WILLIAMSON,009703,2 1 HILLSBORO ELEM,2008,official_vtd_exact_label_code_nhgis_blocks,0.97,02-1 Hillsboro Elementary,2000,2096,0.329358018667
high,WILLIAMSON,009704,2 1 HILLSBORO ELEM,2008,official_vtd_exact_label_code_nhgis_blocks,0.97,02-1 Hillsboro Elementary,2000,2096,0.159998981975
high,WILLIAMSON,009730,2 1 HILLSBORO ELEM,2008,official_vtd_exact_label_code_nhgis_blocks,0.97,02-1 Hillsboro Elementary,2000,2096,0.042279780399
high,WILLIAMSON,009731,2 1 HILLSBORO ELEM,2008,official_vtd_exact_label_code_nhgis_blocks,0.97,02-1 Hillsboro Elementary,2000,2096,0.442498123529
high,WILLIAMSON,009704,2 2 GRACE CHAPEL,2008,official_vtd_code_and_name_nhgis_blocks,1.0,02-2 Grace Chapel,2000,2107,0.154662190598
high,WILLIAMSON,009730,2 2 GRACE CHAPEL,2008,official_vtd_code_and_name_nhgis_blocks,1.0,02-2 Grace Chapel,2000,2107,0.0380542061
high,WILLIAMSON,009731,2 2 GRACE CHAPEL,2008,official_vtd_code_and_name_nhgis_blocks,1.0,02-2 Grace Chapel,2000,2107,0.43904218303
high,WILLIAMSON,009735,2 2 GRACE CHAPEL,2008,official_vtd_code_and_name_nhgis_blocks,1.0,02-2 Grace Chapel,2000,2107,0.069229932309
high,WILLIAMSON,009737,2 2 GRACE CHAPEL,2008,official_vtd_code_and_name_nhgis_blocks,1.0,02-2 Grace Chapel,2000,2107,0.138047420745
high,WILLIAMSON,009741,2 2 GRACE CHAPEL,2008,official_vtd_code_and_name_nhgis_blocks,1.0,02-2 Grace Chapel,2000,2107,0.160964067218
high,WILLIAMSON,009705,2 3 OAKVIEW ELEM,2008,official_vtd_exact_label_code_nhgis_blocks,0.97,02-3 Oak View Elementary,2000,2108,0.000602796979
high,WILLIAMSON,009707,2 3 OAKVIEW ELEM,2008,official_vtd_exact_label_code_nhgis_blocks,0.97,02-3 Oak View Elementary,2000,2108,0.201988322399
high,WILLIAMSON,009737,2 3 OAKVIEW ELEM,2008,official_vtd_exact_label_code_nhgis_blocks,0.97,02-3 Oak View Elementary,2000,2108,0.039712625396
high,WILLIAMSON,009739,2 3 OAKVIEW ELEM,2008,official_vtd_exact_label_code_nhgis_blocks,0.97,02-3 Oak View Elementary,2000,2108,2.6823985e-05
high,WILLIAMSON,009741,2 3 OAKVIEW ELEM,2008,official_vtd_exact_label_code_nhgis_blocks,0.97,02-3 Oak View Elementary,2000,2108,0.340665553941
high,WILLIAMSON,009999,2 3 OAKVIEW ELEM,2008,official_vtd_exact_label_code_nhgis_blocks,0.97,02-3 Oak View Elementary,2000,2108,0.417003877301
high,WILLIAMSON,009730,2 4 WESTHAVEN,2008,official_vtd_exact_label_code_nhgis_blocks,0.97,02-4 Westhaven Clubhouse,2000,2099,0.990633278026
high,WILLIAMSON,009731,2 4 WESTHAVEN,2008,official_vtd_exact_label_code_nhgis_blocks,0.97,02-4 Westhaven Clubhouse,2000,2099,0.009366721974
high,WILLIAMSON,009704,3 1 THOMPSON STA BAP,2008,official_vtd_exact_label_code_nhgis_blocks,0.97,03-1 Thompson Station Baptist Church,2000,2153,0.572670526907
high,WILLIAMSON,009705,3 1 THOMPSON STA BAP,2008,official_vtd_exact_label_code_nhgis_blocks,0.97,03-1 Thompson Station Baptist Church,2000,2153,0.001770717532
high,WILLIAMSON,009706,3 1 THOMPSON STA BAP,2008,official_vtd_exact_label_code_nhgis_blocks,0.97,03-1 Thompson Station Baptist Church,2000,2153,0.261081618391
high,WILLIAMSON,009709,3 1 THOMPSON STA BAP,2008,official_vtd_exact_label_code_nhgis_blocks,0.97,03-1 Thompson Station Baptist Church,2000,2153,0.062663492833
high,WILLIAMSON,009711,3 1 THOMPSON STA BAP,2008,official_vtd_exact_label_code_nhgis_blocks,0.97,03-1 Thompson Station Baptist Church,2000,2153,0.06400740918
high,WILLIAMSON,009999,3 1 THOMPSON STA BAP,2008,official_vtd_exact_label_code_nhgis_blocks,0.97,03-1 Thompson Station Baptist Church,2000,2153,0.037806235157
high,WILLIAMSON,009705,3 2 BETHESDA REC CTR,2008,official_vtd_exact_label_code_nhgis_blocks,0.97,03-2 Bethesda Recreation Center,2000,2152,0.92613466517
high,WILLIAMSON,009711,3 2 BETHESDA REC CTR,2008,official_vtd_exact_label_code_nhgis_blocks,0.97,03-2 Bethesda Recreation Center,2000,2152,0.000800413475
high,WILLIAMSON,009740,3 2 BETHESDA REC CTR,2008,official_vtd_exact_label_code_nhgis_blocks,0.97,03-2 Bethesda Recreation Center,2000,2152,0.073064921356
high,WILLIAMSON,009705,3 3 COLLEGE GROVE CC,2008,official_vtd_exact_label_code_nhgis_blocks,0.97,03-3 College Grove School,2000,2104,0.000567094186
high,WILLIAMSON,009708,3 3 COLLEGE GROVE CC,2008,official_vtd_exact_label_code_nhgis_blocks,0.97,03-3 College Grove School,2000,2104,0.785637964202
high,WILLIAMSON,009717,3 3 COLLEGE GROVE CC,2008,official_vtd_exact_label_code_nhgis_blocks,0.97,03-3 College Grove School,2000,2104,0.213794941612
high,WILLIAMSON,009709,3 4 HERITAGE ELEM,2008,official_vtd_exact_label_code_nhgis_blocks,0.97,03-4 Heritage Elementary,2000,2098,0.08389576986
high,WILLIAMSON,009710,3 4 HERITAGE ELEM,2008,official_vtd_exact_label_code_nhgis_blocks,0.97,03-4 Heritage Elementary,2000,2098,0.463214212783
high,WILLIAMSON,009711,3 4 HERITAGE ELEM,2008,official_vtd_exact_label_code_nhgis_blocks,0.97,03-4 Heritage Elementary,2000,2098,0.070799436109
high,WILLIAMSON,009742,3 4 HERITAGE ELEM,2008,official_vtd_exact_label_code_nhgis_blocks,0.97,03-4 Heritage Elementary,2000,2098,0.382090581249
high,WILLIAMSON,009706,3 5 LONGVIEW,2008,official_vtd_code_and_name_nhgis_blocks,1.0,03-5 Longview,2000,2087,0.1249081653
high,WILLIAMSON,009709,3 5 LONGVIEW,2008,official_vtd_code_and_name_nhgis_blocks,1.0,03-5 Longview,2000,2087,0.8750918347
high,WILLIAMSON,009712,4 1 1ST PRESBYTER,2008,official_vtd_exact_label_code_nhgis_blocks,0.97,04-1 First Presbyterian Church,2000,2082,0.010522414457
high,WILLIAMSON,009723,4 1 1ST PRESBYTER,2008,official_vtd_exact_label_code_nhgis_blocks,0.97,04-1 First Presbyterian Church,2000,2082,0.00189039266
high,WILLIAMSON,009726,4 1 1ST PRESBYTER,2008,official_vtd_exact_label_code_nhgis_blocks,0.97,04-1 First Presbyterian Church,2000,2082,0.622702698174
high,WILLIAMSON,009733,4 1 1ST PRESBYTER,2008,official_vtd_exact_label_code_nhgis_blocks,0.97,04-1 First Presbyterian Church,2000,2082,0.000647236708
high,WILLIAMSON,009738,4 1 1ST PRESBYTER,2008,official_vtd_exact_label_code_nhgis_blocks,0.97,04-1 First Presbyterian Church,2000,2082,0.364237258001
high,WILLIAMSON,009713,4 2 MILLVIEW CH CHR,2008,official_vtd_exact_label_code_nhgis_blocks,0.97,04-2 Millview Church of Christ,2000,2156,0.768714302166
high,WILLIAMSON,009714,4 2 MILLVIEW CH CHR,2008,official_vtd_exact_label_code_nhgis_blocks,0.97,04-2 Millview Church of Christ,2000,2156,0.063379863745
high,WILLIAMSON,009717,4 2 MILLVIEW CH CHR,2008,official_vtd_exact_label_code_nhgis_blocks,0.97,04-2 Millview Church of Christ,2000,2156,0.04227233749
high,WILLIAMSON,009740,4 2 MILLVIEW CH CHR,2008,official_vtd_exact_label_code_nhgis_blocks,0.97,04-2 Millview Church of Christ,2000,2156,0.125633496599
high,WILLIAMSON,009708,4 3 TRINITY BAPTIST,2008,official_vtd_code_and_name_nhgis_blocks,1.0,04-3 Trinity Baptist,2000,2154,0.013983174946
high,WILLIAMSON,009713,4 3 TRINITY BAPTIST,2008,official_vtd_code_and_name_nhgis_blocks,1.0,04-3 Trinity Baptist,2000,2154,0.266599037352
high,WILLIAMSON,009717,4 3 TRINITY BAPTIST,2008,official_vtd_code_and_name_nhgis_blocks,1.0,04-3 Trinity Baptist,2000,2154,0.391497666148
high,WILLIAMSON,009740,4 3 TRINITY BAPTIST,2008,official_vtd_code_and_name_nhgis_blocks,1.0,04-3 Trinity Baptist,2000,2154,0.327920121554
high,WILLIAMSON,009712,4 4 FRANKLIN CHR CH,2008,official_vtd_exact_label_code_nhgis_blocks,0.97,04-4 Franklin Christian Church,2000,2084,0.002397775056
high,WILLIAMSON,009714,4 4 FRANKLIN CHR CH,2008,official_vtd_exact_label_code_nhgis_blocks,0.97,04-4 Franklin Christian Church,2000,2084,0.997307375612
high,WILLIAMSON,009740,4 4 FRANKLIN CHR CH,2008,official_vtd_exact_label_code_nhgis_blocks,0.97,04-4 Franklin Christian Church,2000,2084,0.000294849332
high,WILLIAMSON,009712,4 5 PRAIRE LIFE CTR,2008,official_vtd_exact_label_code_nhgis_blocks,0.97,04-5 Prairie Life Fitness Center,2000,2083,1.0
high,WILLIAMSON,009720,5 1 BRENTWOOD SAFE,2008,official_vtd_exact_label_code_nhgis_blocks,0.97,05-1 Brentwood Safety Center E,2000,2089,1.0
high,WILLIAMSON,007669,5 2 NOLENSVILLE UMC,2008,official_vtd_exact_label_code_nhgis_blocks,0.97,05-2 Nolensville Methodist Church,2000,2092,0.000525924673
high,WILLIAMSON,009713,5 2 NOLENSVILLE UMC,2008,official_vtd_exact_label_code_nhgis_blocks,0.97,05-2 Nolensville Methodist Church,2000,2092,0.019656912329
high,WILLIAMSON,009716,5 2 NOLENSVILLE UMC,2008,official_vtd_exact_label_code_nhgis_blocks,0.97,05-2 Nolensville Methodist Church,2000,2092,0.480171457418
high,WILLIAMSON,009717,5 2 NOLENSVILLE UMC,2008,official_vtd_exact_label_code_nhgis_blocks,0.97,05-2 Nolensville Methodist Church,2000,2092,0.174373690933
high,WILLIAMSON,009718,5 2 NOLENSVILLE UMC,2008,official_vtd_exact_label_code_nhgis_blocks,0.97,05-2 Nolensville Methodist Church,2000,2092,0.325272014647
high,WILLIAMSON,009716,5 3 TRIUNE BAPTIST,2008,official_vtd_exact_label_code_nhgis_blocks,0.97,05-3 Triune Baptist Church,2000,2091,0.016684332409
high,WILLIAMSON,009717,5 3 TRIUNE BAPTIST,2008,official_vtd_exact_label_code_nhgis_blocks,0.97,05-3 Triune Baptist Church,2000,2091,0.983315667591
high,WILLIAMSON,009715,5 4 WHISPERING HILLS,2008,official_vtd_exact_label_code_nhgis_blocks,0.97,05-4 Whispering Hills Church,2000,2090,0.563530752871
high,WILLIAMSON,009718,5 4 WHISPERING HILLS,2008,official_vtd_exact_label_code_nhgis_blocks,0.97,05-4 Whispering Hills Church,2000,2090,0.420950239434
high,WILLIAMSON,009721,5 4 WHISPERING HILLS,2008,official_vtd_exact_label_code_nhgis_blocks,0.97,05-4 Whispering Hills Church,2000,2090,0.015519007695
high,WILLIAMSON,009712,5 5 THE COMM CHURCH,2008,official_vtd_exact_label_code_nhgis_blocks,0.97,05-5 The Community Church,2000,2103,0.308246571609
high,WILLIAMSON,009713,5 5 THE COMM CHURCH,2008,official_vtd_exact_label_code_nhgis_blocks,0.97,05-5 The Community Church,2000,2103,0.160211205953
high,WILLIAMSON,009718,5 5 THE COMM CHURCH,2008,official_vtd_exact_label_code_nhgis_blocks,0.97,05-5 The Community Church,2000,2103,0.387923152446
high,WILLIAMSON,009721,5 5 THE COMM CHURCH,2008,official_vtd_exact_label_code_nhgis_blocks,0.97,05-5 The Community Church,2000,2103,0.143619069992
high,WILLIAMSON,009719,6 1 LIBSCOMB ELEM,2008,official_vtd_exact_label_code_nhgis_blocks,0.97,06-1 Concord Church of Christ,2000,2101,1.0
high,WILLIAMSON,009719,6 2 NEW HOPE COMM,2008,official_vtd_exact_label_code_nhgis_blocks,0.97,06-2 New Hope Community Church,2000,2102,0.089440704719
high,WILLIAMSON,009724,6 2 NEW HOPE COMM,2008,official_vtd_exact_label_code_nhgis_blocks,0.97,06-2 New Hope Community Church,2000,2102,0.910559295281
high,WILLIAMSON,009721,6 3 HOLY FAMILY CAT,2008,official_vtd_exact_label_code_nhgis_blocks,0.97,06-3 Holy Family Catholic Church,2000,2088,1.0
high,WILLIAMSON,009722,7 1 OTTER CREEK,2008,official_vtd_exact_label_code_nhgis_blocks,0.97,07-1 Otter Creek Church,2000,2110,0.679810998791
high,WILLIAMSON,009723,7 1 OTTER CREEK,2008,official_vtd_exact_label_code_nhgis_blocks,0.97,07-1 Otter Creek Church,2000,2110,0.150344980848
high,WILLIAMSON,009724,7 1 OTTER CREEK,2008,official_vtd_exact_label_code_nhgis_blocks,0.97,07-1 Otter Creek Church,2000,2110,0.169844020361
high,WILLIAMSON,009719,7 2 BAPTIST CHILDREN,2008,official_vtd_exact_label_code_nhgis_blocks,0.97,07-2 Baptist Children's Home,2000,2100,0.012144810285
high,WILLIAMSON,009723,7 2 BAPTIST CHILDREN,2008,official_vtd_exact_label_code_nhgis_blocks,0.97,07-2 Baptist Children's Home,2000,2100,0.973471349504
high,WILLIAMSON,009725,7 2 BAPTIST CHILDREN,2008,official_vtd_exact_label_code_nhgis_blocks,0.97,07-2 Baptist Children's Home,2000,2100,0.014168952372
high,WILLIAMSON,009726,7 2 BAPTIST CHILDREN,2008,official_vtd_exact_label_code_nhgis_blocks,0.97,07-2 Baptist Children's Home,2000,2100,0.00021488784
high,WILLIAMSON,009723,7 3 CLEARVIEW BAPT,2008,official_vtd_exact_label_code_nhgis_blocks,0.97,07-3 Clearview Baptist Church,2000,2081,0.009724585307
high,WILLIAMSON,009726,7 3 CLEARVIEW BAPT,2008,official_vtd_exact_label_code_nhgis_blocks,0.97,07-3 Clearview Baptist Church,2000,2081,0.990275414693
high,WILLIAMSON,009723,8 1 GRASSLAND MID,2008,official_vtd_exact_label_code_nhgis_blocks,0.97,08-1 Grassland Middle School,2000,2157,0.00926800349
high,WILLIAMSON,009725,8 1 GRASSLAND MID,2008,official_vtd_exact_label_code_nhgis_blocks,0.97,08-1 Grassland Middle School,2000,2157,0.593492674568
high,WILLIAMSON,009726,8 1 GRASSLAND MID,2008,official_vtd_exact_label_code_nhgis_blocks,0.97,08-1 Grassland Middle School,2000,2157,0.335448589624
high,WILLIAMSON,009733,8 1 GRASSLAND MID,2008,official_vtd_exact_label_code_nhgis_blocks,0.97,08-1 Grassland Middle School,2000,2157,3.819392e-05
high,WILLIAMSON,009734,8 1 GRASSLAND MID,2008,official_vtd_exact_label_code_nhgis_blocks,0.97,08-1 Grassland Middle School,2000,2157,0.061752538398
high,WILLIAMSON,009722,8 2 CURREY INGRAM A,2008,official_vtd_exact_label_code_nhgis_blocks,0.97,08-2 Curry Ingram Academy,2000,2111,0.613552086465
high,WILLIAMSON,009725,8 2 CURREY INGRAM A,2008,official_vtd_exact_label_code_nhgis_blocks,0.97,08-2 Curry Ingram Academy,2000,2111,0.386447913535
high,WILLIAMSON,009727,8 3 EPISCOPAL CH,2008,official_vtd_exact_label_code_nhgis_blocks,0.97,08-3 Episcopal Church,2000,2113,0.99476391393
high,WILLIAMSON,009729,8 3 EPISCOPAL CH,2008,official_vtd_exact_label_code_nhgis_blocks,0.97,08-3 Episcopal Church,2000,2113,0.00523608607
high,WILLIAMSON,009728,9 1 WALNUT GROVE EL,2008,official_vtd_exact_label_code_nhgis_blocks,0.97,09-1 Walnut Grove Elementary,2000,2105,0.74535998375
high,WILLIAMSON,009729,9 1 WALNUT GROVE EL,2008,official_vtd_exact_label_code_nhgis_blocks,0.97,09-1 Walnut Grove Elementary,2000,2105,0.006716981523
high,WILLIAMSON,009730,9 1 WALNUT GROVE EL,2008,official_vtd_exact_label_code_nhgis_blocks,0.97,09-1 Walnut Grove Elementary,2000,2105,0.070116180638
high,WILLIAMSON,009732,9 1 WALNUT GROVE EL,2008,official_vtd_exact_label_code_nhgis_blocks,0.97,09-1 Walnut Grove Elementary,2000,2105,0.17780685409
high,WILLIAMSON,009727,9 2 BENTON HALL SCH,2008,official_vtd_exact_label_code_nhgis_blocks,0.97,09-2 Benton Hall School,2000,2097,0.007498442615
high,WILLIAMSON,009728,9 2 BENTON HALL SCH,2008,official_vtd_exact_label_code_nhgis_blocks,0.97,09-2 Benton Hall School,2000,2097,1.8676e-08
high,WILLIAMSON,009729,9 2 BENTON HALL SCH,2008,official_vtd_exact_label_code_nhgis_blocks,0.97,09-2 Benton Hall School,2000,2097,0.992501538709
high,WILLIAMSON,009728,9 3 HUNTER S BEND EL,2008,official_vtd_exact_label_code_nhgis_blocks,0.97,09-3 Hunter's Bend Elementary,2000,2080,0.042455082981
high,WILLIAMSON,009732,9 3 HUNTER S BEND EL,2008,official_vtd_exact_label_code_nhgis_blocks,0.97,09-3 Hunter's Bend Elementary,2000,2080,0.100964672451
high,WILLIAMSON,009734,9 3 HUNTER S BEND EL,2008,official_vtd_exact_label_code_nhgis_blocks,0.97,09-3 Hunter's Bend Elementary,2000,2080,0.856580244568
high,WILLIAMSON,009730,11 1 FRANKLIN ELEM,2008,official_vtd_exact_label_code_nhgis_blocks,0.97,11-1 Franklin Elementary Upper Campus,2000,2086,0.00163155495
high,WILLIAMSON,009732,11 1 FRANKLIN ELEM,2008,official_vtd_exact_label_code_nhgis_blocks,0.97,11-1 Franklin Elementary Upper Campus,2000,2086,0.002826979795
high,WILLIAMSON,009735,11 1 FRANKLIN ELEM,2008,official_vtd_exact_label_code_nhgis_blocks,0.97,11-1 Franklin Elementary Upper Campus,2000,2086,0.525474048284
high,WILLIAMSON,009736,11 1 FRANKLIN ELEM,2008,official_vtd_exact_label_code_nhgis_blocks,0.97,11-1 Franklin Elementary Upper Campus,2000,2086,0.469646453254
high,WILLIAMSON,009737,11 1 FRANKLIN ELEM,2008,official_vtd_exact_label_code_nhgis_blocks,0.97,11-1 Franklin Elementary Upper Campus,2000,2086,0.000420963716
high,WILLIAMSON,009735,11 2 MOORE ELEM,2008,official_vtd_exact_label_code_nhgis_blocks,0.97,11-2 Moore Elementary,2000,2085,0.53660420519
high,WILLIAMSON,009737,11 2 MOORE ELEM,2008,official_vtd_exact_label_code_nhgis_blocks,0.97,11-2 Moore Elementary,2000,2085,0.46339579481
high,WILLIAMSON,009739,12 1 FR COM FAITH,2008,official_vtd_exact_label_code_nhgis_blocks,0.97,12-1 Franklin Faith Church,2000,2114,1.0
high,WILLIAMSON,009738,12 2 PEOPLES CHURCH,2008,official_vtd_exact_label_code_nhgis_blocks,0.97,12-2 People's Church,2000,2155,0.206242035131
high,WILLIAMSON,009739,12 2 PEOPLES CHURCH,2008,official_vtd_exact_label_code_nhgis_blocks,0.97,12-2 People's Church,2000,2155,0.613036970293
high,WILLIAMSON,009740,12 2 PEOPLES CHURCH,2008,official_vtd_exact_label_code_nhgis_blocks,0.97,12-2 People's Church,2000,2155,0.180720994576
high,WILSON,009804,04 COOK S UMC,2008,official_vtd_exact_label_code_nhgis_blocks,0.97,04 Cooks UMC Church,2000,2122,0.796146451045
high,WILSON,009806,04 COOK S UMC,2008,official_vtd_exact_label_code_nhgis_blocks,0.97,04 Cooks UMC Church,2000,2122,0.03601902969
high,WILSON,009829,04 COOK S UMC,2008,official_vtd_exact_label_code_nhgis_blocks,0.97,04 Cooks UMC Church,2000,2122,0.005480960525
high,WILSON,009830,04 COOK S UMC,2008,official_vtd_exact_label_code_nhgis_blocks,0.97,04 Cooks UMC Church,2000,2122,0.012409957672
high,WILSON,009832,04 COOK S UMC,2008,official_vtd_exact_label_code_nhgis_blocks,0.97,04 Cooks UMC Church,2000,2122,0.106185928736
high,WILSON,009833,04 COOK S UMC,2008,official_vtd_exact_label_code_nhgis_blocks,0.97,04 Cooks UMC Church,2000,2122,0.043757672332
high,WILSON,009807,06 CARROLL OAKLAND,2008,official_vtd_exact_label_code_nhgis_blocks,0.97,06 Carroll-Oakland School,2000,2129,0.933333707807
high,WILSON,009820,06 CARROLL OAKLAND,2008,official_vtd_exact_label_code_nhgis_blocks,0.97,06 Carroll-Oakland School,2000,2129,0.060336603029
high,WILSON,009825,06 CARROLL OAKLAND,2008,official_vtd_exact_label_code_nhgis_blocks,0.97,06 Carroll-Oakland School,2000,2129,0.006329689164
high,WILSON,009823,17 FAITH EVANGELICAL,2008,official_vtd_exact_label_code_nhgis_blocks,0.97,17 Faith Evangelical Lutheran Church,2000,2127,0.651452087613
high,WILSON,009825,17 FAITH EVANGELICAL,2008,official_vtd_exact_label_code_nhgis_blocks,0.97,17 Faith Evangelical Lutheran Church,2000,2127,0.196797887826
high,WILSON,009830,17 FAITH EVANGELICAL,2008,official_vtd_exact_label_code_nhgis_blocks,0.97,17 Faith Evangelical Lutheran Church,2000,2127,0.058037858205
high,WILSON,009831,17 FAITH EVANGELICAL,2008,official_vtd_exact_label_code_nhgis_blocks,0.97,17 Faith Evangelical Lutheran Church,2000,2127,0.093712166356
high,WILSON,009823,24 FIRST UMC,2008,official_vtd_exact_label_code_nhgis_blocks,0.97,24 First United Methodist Church,2000,2149,0.13969045678
high,WILSON,009825,24 FIRST UMC,2008,official_vtd_exact_label_code_nhgis_blocks,0.97,24 First United Methodist Church,2000,2149,0.268988889585
high,WILSON,009827,24 FIRST UMC,2008,official_vtd_exact_label_code_nhgis_blocks,0.97,24 First United Methodist Church,2000,2149,0.024311190301
high,WILSON,009831,24 FIRST UMC,2008,official_vtd_exact_label_code_nhgis_blocks,0.97,24 First United Methodist Church,2000,2149,0.567009463334
high,WILSON,009818,13 GLADEVILLE ELEM,2008,official_vtd_exact_label_code_nhgis_blocks,0.97,13 Gladeville Elementary,2000,2141,0.846292076763
high,WILSON,009819,13 GLADEVILLE ELEM,2008,official_vtd_exact_label_code_nhgis_blocks,0.97,13 Gladeville Elementary,2000,2141,0.145270258811
high,WILSON,009822,13 GLADEVILLE ELEM,2008,official_vtd_exact_label_code_nhgis_blocks,0.97,13 Gladeville Elementary,2000,2141,0.008437664425
high,WILSON,009807,19 JIMMY FLOYD FC,2008,official_vtd_exact_label_code_nhgis_blocks,0.97,19 Jimmy Floyd Family Center,2000,2130,0.407014514647
high,WILSON,009825,19 JIMMY FLOYD FC,2008,official_vtd_exact_label_code_nhgis_blocks,0.97,19 Jimmy Floyd Family Center,2000,2130,0.583528829615
high,WILSON,009826,19 JIMMY FLOYD FC,2008,official_vtd_exact_label_code_nhgis_blocks,0.97,19 Jimmy Floyd Family Center,2000,2130,0.009456655738
high,WILSON,009801,01 LANGFORD FARMS CL,2008,official_vtd_exact_label_code_nhgis_blocks,0.97,01 Langford Farms Club,2000,2118,0.97284387045
high,WILSON,009810,01 LANGFORD FARMS CL,2008,official_vtd_exact_label_code_nhgis_blocks,0.97,01 Langford Farms Club,2000,2118,0.02715612955
high,WILSON,009803,03 MT JULIET LIBR,2008,official_vtd_exact_label_code_nhgis_blocks,0.97,03 West Wilson Middle School,2000,2121,0.54298922924
high,WILSON,009814,03 MT JULIET LIBR,2008,official_vtd_exact_label_code_nhgis_blocks,0.97,03 West Wilson Middle School,2000,2121,0.307246312058
high,WILSON,009822,03 MT JULIET LIBR,2008,official_vtd_exact_label_code_nhgis_blocks,0.97,03 West Wilson Middle School,2000,2121,0.009155067709
high,WILSON,009829,03 MT JULIET LIBR,2008,official_vtd_exact_label_code_nhgis_blocks,0.97,03 West Wilson Middle School,2000,2121,0.002453580457
high,WILSON,009832,03 MT JULIET LIBR,2008,official_vtd_exact_label_code_nhgis_blocks,0.97,03 West Wilson Middle School,2000,2121,0.138155810537
high,WILSON,009801,08 LIGHTHOUSE A OF G,2008,official_vtd_exact_label_code_nhgis_blocks,0.97,08 Lighthouse Assembly of God,2000,2115,0.10488288241
high,WILSON,009810,08 LIGHTHOUSE A OF G,2008,official_vtd_exact_label_code_nhgis_blocks,0.97,08 Lighthouse Assembly of God,2000,2115,0.829690478926
high,WILSON,009829,08 LIGHTHOUSE A OF G,2008,official_vtd_exact_label_code_nhgis_blocks,0.97,08 Lighthouse Assembly of God,2000,2115,0.065426638664
high,WILSON,009810,18 LAKEVIEW ELEM,2008,official_vtd_exact_label_code_nhgis_blocks,0.97,18 Lakeview Elementary School,2000,2116,0.013397036159
high,WILSON,009824,18 LAKEVIEW ELEM,2008,official_vtd_exact_label_code_nhgis_blocks,0.97,18 Lakeview Elementary School,2000,2116,0.986602963841
high,WILSON,009820,20 MARKET STREET CC,2008,official_vtd_exact_label_code_nhgis_blocks,0.97,20 Market Street Community Center,2000,2147,0.0911934499
high,WILSON,009826,20 MARKET STREET CC,2008,official_vtd_exact_label_code_nhgis_blocks,0.97,20 Market Street Community Center,2000,2147,0.445614255032
high,WILSON,009828,20 MARKET STREET CC,2008,official_vtd_exact_label_code_nhgis_blocks,0.97,20 Market Street Community Center,2000,2147,0.463192295068
high,WILSON,009815,11 RUTLAND ELEM,2008,official_vtd_exact_label_code_nhgis_blocks,0.97,11 Rutland Elementary School,2000,2142,0.364790098684
high,WILSON,009832,11 RUTLAND ELEM,2008,official_vtd_exact_label_code_nhgis_blocks,0.97,11 Rutland Elementary School,2000,2142,0.59611165702
high,WILSON,009833,11 RUTLAND ELEM,2008,official_vtd_exact_label_code_nhgis_blocks,0.97,11 Rutland Elementary School,2000,2142,0.039098244296
high,WILSON,009815,11 SILVER SPGS BAPT,2008,official_vtd_exact_label_code_nhgis_blocks,0.97,11 Rutland Elementary School,2000,2142,0.364790098684
high,WILSON,009832,11 SILVER SPGS BAPT,2008,official_vtd_exact_label_code_nhgis_blocks,0.97,11 Rutland Elementary School,2000,2142,0.59611165702
high,WILSON,009833,11 SILVER SPGS BAPT,2008,official_vtd_exact_label_code_nhgis_blocks,0.97,11 Rutland Elementary School,2000,2142,0.039098244296
high,WILSON,009802,10 MJ WW SENIORS CTR,2008,official_vtd_exact_label_code_nhgis_blocks,0.97,10 Mt.Juliet Middle School,2000,2120,0.094354125252
high,WILSON,009803,10 MJ WW SENIORS CTR,2008,official_vtd_exact_label_code_nhgis_blocks,0.97,10 Mt.Juliet Middle School,2000,2120,0.298625919273
high,WILSON,009814,10 MJ WW SENIORS CTR,2008,official_vtd_exact_label_code_nhgis_blocks,0.97,10 Mt.Juliet Middle School,2000,2120,0.404201050493
high,WILSON,009829,10 MJ WW SENIORS CTR,2008,official_vtd_exact_label_code_nhgis_blocks,0.97,10 Mt.Juliet Middle School,2000,2120,0.202818904981
high,WILSON,009802,02 ST STEPHENS,2008,official_vtd_exact_label_code_nhgis_blocks,0.97,02 St. Stephens Catholic Comm.,2000,2119,0.412229039835
high,WILSON,009810,02 ST STEPHENS,2008,official_vtd_exact_label_code_nhgis_blocks,0.97,02 St. Stephens Catholic Comm.,2000,2119,0.564076726156
high,WILSON,009814,02 ST STEPHENS,2008,official_vtd_exact_label_code_nhgis_blocks,0.97,02 St. Stephens Catholic Comm.,2000,2119,0.023694234009
high,WILSON,009808,21 WATER AUTHORITY,2008,official_vtd_exact_label_code_nhgis_blocks,0.97,21 Water & Wastewater Auth. Of Wilson Co.,2000,2131,0.211458084648
high,WILSON,009809,21 WATER AUTHORITY,2008,official_vtd_exact_label_code_nhgis_blocks,0.97,21 Water & Wastewater Auth. Of Wilson Co.,2000,2131,0.122648973729
high,WILSON,009826,21 WATER AUTHORITY,2008,official_vtd_exact_label_code_nhgis_blocks,0.97,21 Water & Wastewater Auth. Of Wilson Co.,2000,2131,0.078510769735
high,WILSON,009827,21 WATER AUTHORITY,2008,official_vtd_exact_label_code_nhgis_blocks,0.97,21 Water & Wastewater Auth. Of Wilson Co.,2000,2131,0.339395053971
high,WILSON,009828,21 WATER AUTHORITY,2008,official_vtd_exact_label_code_nhgis_blocks,0.97,21 Water & Wastewater Auth. Of Wilson Co.,2000,2131,0.247366983927
high,WILSON,009831,21 WATER AUTHORITY,2008,official_vtd_exact_label_code_nhgis_blocks,0.97,21 Water & Wastewater Auth. Of Wilson Co.,2000,2131,0.000620133989
high,WILSON,009824,22 W A WRIGHT ELEM,2008,official_vtd_exact_label_code_nhgis_blocks,0.97,22 W. A. Wright Elementary School,2000,2117,0.019622902755
high,WILSON,009829,22 W A WRIGHT ELEM,2008,official_vtd_exact_label_code_nhgis_blocks,0.97,22 W. A. Wright Elementary School,2000,2117,0.980377097245
high,WILSON,009809,23 WEST HILLS BAPT,2008,official_vtd_exact_label_code_nhgis_blocks,0.97,23 West Hills Baptist Church,2000,2146,0.203633764645
high,WILSON,009819,23 WEST HILLS BAPT,2008,official_vtd_exact_label_code_nhgis_blocks,0.97,23 West Hills Baptist Church,2000,2146,0.291456242323
high,WILSON,009827,23 WEST HILLS BAPT,2008,official_vtd_exact_label_code_nhgis_blocks,0.97,23 West Hills Baptist Church,2000,2146,0.038007759898
high,WILSON,009830,23 WEST HILLS BAPT,2008,official_vtd_exact_label_code_nhgis_blocks,0.97,23 West Hills Baptist Church,2000,2146,0.324735398093
high,WILSON,009831,23 WEST HILLS BAPT,2008,official_vtd_exact_label_code_nhgis_blocks,0.97,23 West Hills Baptist Church,2000,2146,0.035889173915
high,WILSON,009833,23 WEST HILLS BAPT,2008,official_vtd_exact_label_code_nhgis_blocks,0.97,23 West Hills Baptist Church,2000,2146,0.106277661127
high,DAVIDSON,001801,01 1 JOELTON BAPTIST,2008,legacy_fallback_pending_official_review,0.97,01-1 1st Baptist Church of Joelton,2000,376,1.0
high,DAVIDSON,001803,01 3 TEMPLE BAPTIST,2008,legacy_fallback_pending_official_review,0.97,01-3 Temple Baptist Church,2000,449,1.0
high,DAVIDSON,001804,01 4 SCOTTSBORO CC,2008,legacy_fallback_pending_official_review,0.97,01-4 Scottsboro Comm. Ctr.,2000,448,1.0
high,DAVIDSON,001805,01 5 BORDEAUX LIBR,2008,legacy_fallback_pending_official_review,0.97,01-5 Bordeaux Library,2000,451,1.0
high,DAVIDSON,001803,01 6 CATH OF PRAISE,2008,legacy_fallback_pending_official_review,0.97,01-6 Cathedral of Praise,2000,453,0.895389182898
high,DAVIDSON,001805,01 6 CATH OF PRAISE,2008,legacy_fallback_pending_official_review,0.97,01-6 Cathedral of Praise,2000,453,0.072043629344
high,DAVIDSON,001810,01 6 CATH OF PRAISE,2008,legacy_fallback_pending_official_review,0.97,01-6 Cathedral of Praise,2000,453,0.032567187758
high,DAVIDSON,001807,02 2 WHITES CRK 25,2008,legacy_fallback_pending_official_review,0.97,02-2 White's Creek Pk Fire Hall #25,2000,498,0.810342772576
high,DAVIDSON,001808,02 2 WHITES CRK 25,2008,legacy_fallback_pending_official_review,0.97,02-2 White's Creek Pk Fire Hall #25,2000,498,0.189657227424
high,DAVIDSON,001807,02 3 HILLHURST BAPT,2008,legacy_fallback_pending_official_review,0.97,02-3 Olivet Missionary Baptist Church,2000,499,0.98333053812
high,DAVIDSON,001837,02 3 HILLHURST BAPT,2008,legacy_fallback_pending_official_review,0.97,02-3 Olivet Missionary Baptist Church,2000,499,0.01666946188
high,DAVIDSON,001837,02 4 HILLHURST BAPT,2008,legacy_fallback_pending_official_review,0.97,02-4 Olivet Missionary Baptist Church,2000,329,1.0
high,DAVIDSON,001811,03 1 UNION HILL BAPT,2008,legacy_fallback_pending_official_review,0.97,03-1 Union Hill 1st Baptist Church,2000,346,0.997925374207
high,DAVIDSON,007554,03 1 UNION HILL BAPT,2008,legacy_fallback_pending_official_review,0.97,03-1 Union Hill 1st Baptist Church,2000,346,0.002074625793
high,DAVIDSON,001801,03 2 JOELTON ELEM,2008,legacy_fallback_pending_official_review,0.97,03-2 Joelton Elem School,2000,375,0.47687167717
high,DAVIDSON,001812,03 2 JOELTON ELEM,2008,legacy_fallback_pending_official_review,0.97,03-2 Joelton Elem School,2000,375,0.52312832283
high,DAVIDSON,001803,03 4 ALEX GREEN SCH,2008,legacy_fallback_pending_official_review,0.97,03-4 Alex Green School,2000,380,0.041437258923
high,DAVIDSON,001813,03 4 ALEX GREEN SCH,2008,legacy_fallback_pending_official_review,0.97,03-4 Alex Green School,2000,380,0.958562741077
high,DAVIDSON,001811,10 2 WALKER CRK UMC,2008,legacy_fallback_pending_official_review,0.97,10-2 Walker Creek UMC,2000,361,0.382121587185
high,DAVIDSON,001845,10 2 WALKER CRK UMC,2008,legacy_fallback_pending_official_review,0.97,10-2 Walker Creek UMC,2000,361,0.617878412815
high,DAVIDSON,001846,10 3 GOODLETTSVILLE,2008,legacy_fallback_pending_official_review,0.97,10-3 Goodlettsville Comm. Ctr.,2000,357,1.0
high,DAVIDSON,001847,10 4 FIRST BAPTIST,2008,legacy_fallback_pending_official_review,0.97,10-4 First Baptist Church of Goodlettsville,2000,360,1.0
high,DAVIDSON,001814,10 5 PARKWAY BAPTIST,2008,legacy_fallback_pending_official_review,0.97,10-5 Parkway Baptist Church,2000,382,0.273232358206
high,DAVIDSON,001840,10 5 PARKWAY BAPTIST,2008,legacy_fallback_pending_official_review,0.97,10-5 Parkway Baptist Church,2000,382,0.147160542841
high,DAVIDSON,001847,10 5 PARKWAY BAPTIST,2008,legacy_fallback_pending_official_review,0.97,10-5 Parkway Baptist Church,2000,382,0.000516606756
high,DAVIDSON,001848,10 5 PARKWAY BAPTIST,2008,legacy_fallback_pending_official_review,0.97,10-5 Parkway Baptist Church,2000,382,0.579090492198
high,DAVIDSON,001883,16 2 POLK FIRE 12,2008,legacy_fallback_pending_official_review,0.97,16-2 Polk Ave Firehall #12,2000,405,1.0
high,DAVIDSON,001877,16 4 WOODBINE CUMB,2008,legacy_fallback_pending_official_review,0.97,16-4 Woodbine Cumberland Pres. Church,2000,416,0.736979392865
high,DAVIDSON,001883,16 4 WOODBINE CUMB,2008,legacy_fallback_pending_official_review,0.97,16-4 Woodbine Cumberland Pres. Church,2000,416,0.24438643304
high,DAVIDSON,001884,16 4 WOODBINE CUMB,2008,legacy_fallback_pending_official_review,0.97,16-4 Woodbine Cumberland Pres. Church,2000,416,0.018634174095
high,DAVIDSON,001894,17 1 NAPIER CC,2008,legacy_fallback_pending_official_review,0.97,17-1 Napier Comm. Ctr,2000,414,1.0
high,DAVIDSON,001881,17 4 SEVIER PARK CC,2008,legacy_fallback_pending_official_review,0.97,17-4 Sevier Park Comm. Center,2000,429,1.0
high,DAVIDSON,001882,17 6 BERRY HEADSTRT,2008,legacy_fallback_pending_official_review,0.97,17-6 Berry Headstart,2000,417,0.001048933551
high,DAVIDSON,001884,17 6 BERRY HEADSTRT,2008,legacy_fallback_pending_official_review,0.97,17-6 Berry Headstart,2000,417,0.998951066449
high,DAVIDSON,001885,18 2 EAKIN SCHOOL,2008,legacy_fallback_pending_official_review,0.97,18-2 Eakin Elementary,2000,427,0.370037630434
high,DAVIDSON,001887,18 2 EAKIN SCHOOL,2008,legacy_fallback_pending_official_review,0.97,18-2 Eakin Elementary,2000,427,0.629962369566
high,DAVIDSON,001879,19 4 KAYNE AVE BAPT,2008,legacy_fallback_pending_official_review,0.97,19-4 Kayne Av Baptist Church,2000,413,0.06430228937
high,DAVIDSON,001890,19 4 KAYNE AVE BAPT,2008,legacy_fallback_pending_official_review,0.97,19-4 Kayne Av Baptist Church,2000,413,0.500211952822
high,DAVIDSON,001892,19 4 KAYNE AVE BAPT,2008,legacy_fallback_pending_official_review,0.97,19-4 Kayne Av Baptist Church,2000,413,0.12005446224
high,DAVIDSON,001893,19 4 KAYNE AVE BAPT,2008,legacy_fallback_pending_official_review,0.97,19-4 Kayne Av Baptist Church,2000,413,0.233377430001
high,DAVIDSON,001901,19 4 KAYNE AVE BAPT,2008,legacy_fallback_pending_official_review,0.97,19-4 Kayne Av Baptist Church,2000,413,0.082053865567
high,DAVIDSON,001898,20 4 CHARLOTTE PARK,2008,legacy_fallback_pending_official_review,0.97,20-4 Charlotte Park School,2000,456,1.0
high,DAVIDSON,001902,21 4 CENTENNIAL PARK,2008,legacy_fallback_pending_official_review,0.97,21-4 Centennial Park Art Ctr.,2000,439,1.0
high,DAVIDSON,001936,30 2 HAYWOOD HILLS,2008,legacy_fallback_pending_official_review,0.97,30-2 Haywood Hills Baptist,2000,481,0.003646747789
high,DAVIDSON,001937,30 2 HAYWOOD HILLS,2008,legacy_fallback_pending_official_review,0.97,30-2 Haywood Hills Baptist,2000,481,0.996353252211
high,DAVIDSON,001926,30 4 TUSCULUM BAPT,2008,legacy_fallback_pending_official_review,0.97,30-4 Tusculum Hills Baptist Church,2000,331,0.785644797119
high,DAVIDSON,001939,30 4 TUSCULUM BAPT,2008,legacy_fallback_pending_official_review,0.97,30-4 Tusculum Hills Baptist Church,2000,331,0.214355202881
high,DICKSON,002262,1 1 COUNTYCOURTHOUSE,2008,legacy_fallback_pending_official_review,0.97,01-1 Charlotte CC,2000,538,0.418064261139
high,DICKSON,002263,1 1 COUNTYCOURTHOUSE,2008,legacy_fallback_pending_official_review,0.97,01-1 Charlotte CC,2000,538,0.581935738861
high,DICKSON,002263,10 1 DICKSON MIDDLE,2008,legacy_fallback_pending_official_review,0.97,10-1 Dickson Middle School,2000,533,0.145063119138
high,DICKSON,002265,10 1 DICKSON MIDDLE,2008,legacy_fallback_pending_official_review,0.97,10-1 Dickson Middle School,2000,533,0.854936880862
high,MADISON,005651,1 1 CARL PERKINS CC,2008,legacy_fallback_pending_official_review,0.97,1-1 Carl Perkins Civic Center,2000,1256,1.0
high,MADISON,005652,1 2 WD HEADSTART SC,2008,legacy_fallback_pending_official_review,0.97,1-2 Washington Douglas Headstart School,2000,1269,0.749188998828
high,MADISON,005664,1 2 WD HEADSTART SC,2008,legacy_fallback_pending_official_review,0.97,1-2 Washington Douglas Headstart School,2000,1269,0.250811001172
high,MADISON,005683,10 1 SPRING CRK FS17,2008,legacy_fallback_pending_official_review,0.97,10-1 Spring Creek Fire Station #7,2000,1281,1.0
high,MADISON,005655,10 2 NORTHEAST MID,2008,legacy_fallback_pending_official_review,0.97,10-2 Northeast Middle School,2000,1272,0.070194236817
high,MADISON,005668,10 2 NORTHEAST MID,2008,legacy_fallback_pending_official_review,0.97,10-2 Northeast Middle School,2000,1272,0.923236073548
high,MADISON,005669,10 2 NORTHEAST MID,2008,legacy_fallback_pending_official_review,0.97,10-2 Northeast Middle School,2000,1272,0.004900913215
high,MADISON,005681,10 2 NORTHEAST MID,2008,legacy_fallback_pending_official_review,0.97,10-2 Northeast Middle School,2000,1272,0.00166877642
high,MORGAN,006651,10 1 OAKDALE,2008,legacy_fallback_pending_official_review,0.95,2-1 Oakdale,2000,1393,0.113798400963
high,MORGAN,006657,10 1 OAKDALE,2008,legacy_fallback_pending_official_review,0.95,2-1 Oakdale,2000,1393,0.198030191342
high,MORGAN,006662,10 1 OAKDALE,2008,legacy_fallback_pending_official_review,0.95,2-1 Oakdale,2000,1393,0.688171407695
high,ROBERTSON,007551,01 1 E ROBERTSON HS,2008,legacy_fallback_pending_official_review,0.97,01-1 East Robertson H.S.,2000,1526,1.0
high,ROBERTSON,007564,10 1 OLOL CATHOLIC,2008,legacy_fallback_pending_official_review,0.97,10-1 O.L.O.L. Catholic Church,2000,1519,0.09275934888
high,ROBERTSON,007565,10 1 OLOL CATHOLIC,2008,legacy_fallback_pending_official_review,0.97,10-1 O.L.O.L. Catholic Church,2000,1519,0.872276611151
high,ROBERTSON,007568,10 1 OLOL CATHOLIC,2008,legacy_fallback_pending_official_review,0.97,10-1 O.L.O.L. Catholic Church,2000,1519,0.034964039968
high,RUTHERFORD,007651,1 1 LAVERGNE,2008,legacy_fallback_pending_official_review,0.97,01-1 LaVergne City Hall,2000,1573,0.43144769823
high,RUTHERFORD,007660,1 1 LAVERGNE,2008,legacy_fallback_pending_official_review,0.97,01-1 LaVergne City Hall,2000,1573,0.56855230177
high,RUTHERFORD,007651,1 2 ROY WALDRON,2008,legacy_fallback_pending_official_review,0.97,01-2 Roy Waldron School,2000,1574,0.889728441344
high,RUTHERFORD,007654,1 2 ROY WALDRON,2008,legacy_fallback_pending_official_review,0.97,01-2 Roy Waldron School,2000,1574,0.009530421296
high,RUTHERFORD,007660,1 2 ROY WALDRON,2008,legacy_fallback_pending_official_review,0.97,01-2 Roy Waldron School,2000,1574,0.06369928462
high,RUTHERFORD,007675,1 2 ROY WALDRON,2008,legacy_fallback_pending_official_review,0.97,01-2 Roy Waldron School,2000,1574,0.03704185274
high,RUTHERFORD,007652,2 1 LASCASSAS,2008,legacy_fallback_pending_official_review,0.97,02-1 Lascassas School,2000,1569,0.494158545746
high,RUTHERFORD,007698,2 1 LASCASSAS,2008,legacy_fallback_pending_official_review,0.97,02-1 Lascassas School,2000,1569,0.505841454254
high,RUTHERFORD,007653,2 2 WALTER HILL,2008,legacy_fallback_pending_official_review,0.97,02-2 Walter Hill School,2000,1571,0.622864250889
high,RUTHERFORD,007654,2 2 WALTER HILL,2008,legacy_fallback_pending_official_review,0.97,02-2 Walter Hill School,2000,1571,0.015377724809
high,RUTHERFORD,007658,2 2 WALTER HILL,2008,legacy_fallback_pending_official_review,0.97,02-2 Walter Hill School,2000,1571,0.007603743647
high,RUTHERFORD,007680,2 2 WALTER HILL,2008,legacy_fallback_pending_official_review,0.97,02-2 Walter Hill School,2000,1571,0.000287394796
high,RUTHERFORD,007681,2 2 WALTER HILL,2008,legacy_fallback_pending_official_review,0.97,02-2 Walter Hill School,2000,1571,0.027062147556
high,RUTHERFORD,007698,2 2 WALTER HILL,2008,legacy_fallback_pending_official_review,0.97,02-2 Walter Hill School,2000,1571,0.326804738303
high,RUTHERFORD,007659,10 1 CEDAR GROVE,2008,legacy_fallback_pending_official_review,0.97,10-1 Cedar Grove Elementary,2000,1575,0.111910627101
high,RUTHERFORD,007669,10 1 CEDAR GROVE,2008,legacy_fallback_pending_official_review,0.97,10-1 Cedar Grove Elementary,2000,1575,0.21093688449
high,RUTHERFORD,007671,10 1 CEDAR GROVE,2008,legacy_fallback_pending_official_review,0.97,10-1 Cedar Grove Elementary,2000,1575,0.254360749341
high,RUTHERFORD,007672,10 1 CEDAR GROVE,2008,legacy_fallback_pending_official_review,0.97,10-1 Cedar Grove Elementary,2000,1575,0.350967764649
high,RUTHERFORD,007699,10 1 CEDAR GROVE,2008,legacy_fallback_pending_official_review,0.97,10-1 Cedar Grove Elementary,2000,1575,0.07182397442
high,RUTHERFORD,007669,10 2 STEWARTSBORO,2008,legacy_fallback_pending_official_review,0.97,10-2 Stewartsboro School,2000,1545,0.071086911925
high,RUTHERFORD,007670,10 2 STEWARTSBORO,2008,legacy_fallback_pending_official_review,0.97,10-2 Stewartsboro School,2000,1545,0.01297976969
high,RUTHERFORD,007672,10 2 STEWARTSBORO,2008,legacy_fallback_pending_official_review,0.97,10-2 Stewartsboro School,2000,1545,0.211556091261
high,RUTHERFORD,007674,10 2 STEWARTSBORO,2008,legacy_fallback_pending_official_review,0.97,10-2 Stewartsboro School,2000,1545,0.576935006457
high,RUTHERFORD,007691,10 2 STEWARTSBORO,2008,legacy_fallback_pending_official_review,0.97,10-2 Stewartsboro School,2000,1545,0.127442220667
high,RUTHERFORD,007670,20 1 CREEKMONT,2008,legacy_fallback_pending_official_review,0.97,20-1 Creekmont General Baptist Church,2000,1550,0.209492196479
high,RUTHERFORD,007691,20 1 CREEKMONT,2008,legacy_fallback_pending_official_review,0.97,20-1 Creekmont General Baptist Church,2000,1550,0.643742931508
high,RUTHERFORD,007692,20 1 CREEKMONT,2008,legacy_fallback_pending_official_review,0.97,20-1 Creekmont General Baptist Church,2000,1550,0.124117168896
high,RUTHERFORD,007693,20 1 CREEKMONT,2008,legacy_fallback_pending_official_review,0.97,20-1 Creekmont General Baptist Church,2000,1550,0.022647703118
high,RUTHERFORD,007670,20 2 BLACKMAN MIDDLE,2008,legacy_fallback_pending_official_review,0.97,20-2 Blackman Middle School,2000,1537,0.008759514021
high,RUTHERFORD,007685,20 2 BLACKMAN MIDDLE,2008,legacy_fallback_pending_official_review,0.97,20-2 Blackman Middle School,2000,1537,0.119381074923
high,RUTHERFORD,007692,20 2 BLACKMAN MIDDLE,2008,legacy_fallback_pending_official_review,0.97,20-2 Blackman Middle School,2000,1537,0.623969780843
high,RUTHERFORD,007694,20 2 BLACKMAN MIDDLE,2008,legacy_fallback_pending_official_review,0.97,20-2 Blackman Middle School,2000,1537,0.247889630213
high,SEVIER,007965,10 1 BOYDS CREEK,2008,legacy_fallback_pending_official_review,0.97,10-1 Boyd's Creek Elementary School,2000,1619,0.032554227217
high,SEVIER,007966,10 1 BOYDS CREEK,2008,legacy_fallback_pending_official_review,0.97,10-1 Boyd's Creek Elementary School,2000,1619,0.202440242306
high,SEVIER,007967,10 1 BOYDS CREEK,2008,legacy_fallback_pending_official_review,0.97,10-1 Boyd's Creek Elementary School,2000,1619,0.765005530477
high,SEVIER,007959,10 2 ADULT HS WHITES,2008,legacy_fallback_pending_official_review,0.97,10-2 DuPont Community Center,2000,1612,0.146041817474
high,SEVIER,007960,10 2 ADULT HS WHITES,2008,legacy_fallback_pending_official_review,0.97,10-2 DuPont Community Center,2000,1612,0.797754101918
high,SEVIER,007961,10 2 ADULT HS WHITES,2008,legacy_fallback_pending_official_review,0.97,10-2 DuPont Community Center,2000,1612,0.056204080608
high,WILLIAMSON,009701,1 1 FAIRVIEW ELEM,2008,legacy_fallback_pending_official_review,0.97,01-1 Fairview Elementary,2000,2094,0.53047547709
high,WILLIAMSON,009702,1 1 FAIRVIEW ELEM,2008,legacy_fallback_pending_official_review,0.97,01-1 Fairview Elementary,2000,2094,0.468743621232
high,WILLIAMSON,009703,1 1 FAIRVIEW ELEM,2008,legacy_fallback_pending_official_review,0.97,01-1 Fairview Elementary,2000,2094,0.000780901678
high,WILLIAMSON,009701,1 2 FAIRVIEW REC CTR,2008,legacy_fallback_pending_official_review,0.97,01-2 Fairview Recreation Center,2000,2093,0.620849442558
high,WILLIAMSON,009702,1 2 FAIRVIEW REC CTR,2008,legacy_fallback_pending_official_review,0.97,01-2 Fairview Recreation Center,2000,2093,0.379150557442
high,WILLIAMSON,009702,1 3 PINEWOOD ELEM,2008,legacy_fallback_pending_official_review,0.97,01-3 Pinewood Elementary,2000,2095,0.13694751614
high,WILLIAMSON,009703,1 3 PINEWOOD ELEM,2008,legacy_fallback_pending_official_review,0.97,01-3 Pinewood Elementary,2000,2095,0.86305248386
high,WILLIAMSON,009732,10 1 WILLIAMSON REC,2008,legacy_fallback_pending_official_review,0.97,10-1 Williamson Recreation Center,2000,2112,0.708522514032
high,WILLIAMSON,009734,10 1 WILLIAMSON REC,2008,legacy_fallback_pending_official_review,0.97,10-1 Williamson Recreation Center,2000,2112,0.197927605465
high,WILLIAMSON,009736,10 1 WILLIAMSON REC,2008,legacy_fallback_pending_official_review,0.97,10-1 Williamson Recreation Center,2000,2112,0.093549880503
high,WILLIAMSON,009733,10 2 LIBERTY ELEM,2008,legacy_fallback_pending_official_review,0.97,10-2 Liberty Elementary,2000,2109,0.943703775129
high,WILLIAMSON,009738,10 2 LIBERTY ELEM,2008,legacy_fallback_pending_official_review,0.97,10-2 Liberty Elementary,2000,2109,0.045690858557
high,WILLIAMSON,009739,10 2 LIBERTY ELEM,2008,legacy_fallback_pending_official_review,0.97,10-2 Liberty Elementary,2000,2109,0.010605366314
high,WILLIAMSON,009732,10 3 JOHNSON ELEM,2008,legacy_fallback_pending_official_review,0.97,10-3 Johnson Elementary,2000,2106,0.776716702841
high,WILLIAMSON,009736,10 3 JOHNSON ELEM,2008,legacy_fallback_pending_official_review,0.97,10-3 Johnson Elementary,2000,2106,0.223283297159
high,DAVIDSON,001839,09 2 MADISON LIBRARY,2008,legacy_fallback_pending_official_review,0.95,04-2 Madison Library,2000,350,1.0
high,DAVIDSON,001908,23 3 JEWISH COMM CTR,2008,legacy_fallback_pending_official_review,0.95,35-5 Jewish Comm. Ctr.,2000,472,5.856308e-05
high,DAVIDSON,001909,23 3 JEWISH COMM CTR,2008,legacy_fallback_pending_official_review,0.95,35-5 Jewish Comm. Ctr.,2000,472,0.483035876374
high,DAVIDSON,001956,23 3 JEWISH COMM CTR,2008,legacy_fallback_pending_official_review,0.95,35-5 Jewish Comm. Ctr.,2000,472,0.509681070978
high,DAVIDSON,001961,23 3 JEWISH COMM CTR,2008,legacy_fallback_pending_official_review,0.95,35-5 Jewish Comm. Ctr.,2000,472,0.007224489568
medium,GREENE,003052,10 2 COURTHOUSE,2008,legacy_fallback_pending_official_review,0.8571,10-2 Court House,2000,694,0.001236162977
medium,GREENE,003065,10 2 COURTHOUSE,2008,legacy_fallback_pending_official_review,0.8571,10-2 Court House,2000,694,0.998763837023
medium,HAWKINS,003812,6 ALUM WELL,2008,legacy_fallback_pending_official_review,0.8471,6 Alumwell,2000,907,1.0
medium,HAWKINS,003814,4 ROGERSVILLE NO OUT,2008,legacy_fallback_pending_official_review,0.7846,4 Rogersville North Outside,2000,915,0.017336607966
medium,HAWKINS,003820,4 ROGERSVILLE NO OUT,2008,legacy_fallback_pending_official_review,0.7846,4 Rogersville North Outside,2000,915,0.982663392034
medium,HAWKINS,003814,5 ROGERSVILLE SO OUT,2008,legacy_fallback_pending_official_review,0.7846,5 Rogersville South Outside,2000,910,0.994154806813
medium,HAWKINS,003826,5 ROGERSVILLE SO OUT,2008,legacy_fallback_pending_official_review,0.7846,5 Rogersville South Outside,2000,910,0.005845193187
medium,HAWKINS,003826,4 SURGOINSVILLE IN,2008,legacy_fallback_pending_official_review,0.8069,4 Surgoinsville,2000,916,1.0
medium,HAWKINS,003826,4 SURGOINSVILLE OUT,2008,legacy_fallback_pending_official_review,0.78,4 Surgoinsville,2000,916,1.0
high,HENDERSON,004012,3 4 CHRISTIAN CHAPEL,2008,legacy_fallback_pending_official_review,0.95,3-1 Christian Chapel,2000,944,1.0
high,HENRY,004104,4 1 GROVE,2008,legacy_fallback_pending_official_review,0.95,4-2 Grove,2000,959,0.000214969929
high,HENRY,004106,4 1 GROVE,2008,legacy_fallback_pending_official_review,0.95,4-2 Grove,2000,959,0.011860566215
high,HENRY,004110,4 1 GROVE,2008,legacy_fallback_pending_official_review,0.95,4-2 Grove,2000,959,0.987924463856
high,HENRY,004101,4 2 CITY HALL,2008,legacy_fallback_pending_official_review,0.95,4-1 City Hall,2000,948,0.090052911705
high,HENRY,004104,4 2 CITY HALL,2008,legacy_fallback_pending_official_review,0.95,4-1 City Hall,2000,948,0.648113849008
high,HENRY,004106,4 2 CITY HALL,2008,legacy_fallback_pending_official_review,0.95,4-1 City Hall,2000,948,0.261832400863
high,HENRY,004110,4 2 CITY HALL,2008,legacy_fallback_pending_official_review,0.95,4-1 City Hall,2000,948,8.38424e-07
high,MORGAN,006651,2 1 PETROS,2008,legacy_fallback_pending_official_review,0.95,6-1 Petros,2000,1395,0.439232782402
high,MORGAN,006653,2 1 PETROS,2008,legacy_fallback_pending_official_review,0.95,6-1 Petros,2000,1395,0.211937049934
high,MORGAN,006660,2 1 PETROS,2008,legacy_fallback_pending_official_review,0.95,6-1 Petros,2000,1395,0.348830167664
high,MORGAN,006651,2 2 KELLYS,2008,legacy_fallback_pending_official_review,0.95,6-2 Kellys,2000,1394,0.887844003667
high,MORGAN,006660,2 2 KELLYS,2008,legacy_fallback_pending_official_review,0.95,6-2 Kellys,2000,1394,0.112155996333
high,MORGAN,006652,3 1 OAKDALE HIGH,2008,legacy_fallback_pending_official_review,0.95,2-2 Oakdale High,2000,1396,0.830563227086
high,MORGAN,006654,3 1 OAKDALE HIGH,2008,legacy_fallback_pending_official_review,0.95,2-2 Oakdale High,2000,1396,0.135526650305
high,MORGAN,006658,3 1 OAKDALE HIGH,2008,legacy_fallback_pending_official_review,0.95,2-2 Oakdale High,2000,1396,0.024294833326
high,MORGAN,006662,3 1 OAKDALE HIGH,2008,legacy_fallback_pending_official_review,0.95,2-2 Oakdale High,2000,1396,0.009615289283
high,MORGAN,006653,4 1 WARTBURG,2008,legacy_fallback_pending_official_review,0.95,3-1 Wartburg,2000,1398,0.026976402513
high,MORGAN,006654,4 1 WARTBURG,2008,legacy_fallback_pending_official_review,0.95,3-1 Wartburg,2000,1398,0.63354632284
high,MORGAN,006656,4 1 WARTBURG,2008,legacy_fallback_pending_official_review,0.95,3-1 Wartburg,2000,1398,0.056692021325
high,MORGAN,006658,4 1 WARTBURG,2008,legacy_fallback_pending_official_review,0.95,3-1 Wartburg,2000,1398,0.045112522193
high,MORGAN,006660,4 1 WARTBURG,2008,legacy_fallback_pending_official_review,0.95,3-1 Wartburg,2000,1398,0.237672731131
high,RHEA,007351,1 1 ST CLAIR,2008,legacy_fallback_pending_official_review,0.95,1-2 St. Clair,2000,1478,0.955022756182
high,RHEA,007352,1 1 ST CLAIR,2008,legacy_fallback_pending_official_review,0.95,1-2 St. Clair,2000,1478,0.044977243818
high,RHEA,007351,1 2 MARS HILL,2008,legacy_fallback_pending_official_review,0.95,1-3 Mars Hill,2000,1480,1.0
high,RHEA,007352,1 3 GRANDVIEW,2008,legacy_fallback_pending_official_review,0.95,1-1 Grandview,2000,1477,1.0
high,RHEA,000302,9 1 GRAYSVILLE,2008,legacy_fallback_pending_official_review,0.95,9-2 Graysville,2000,1489,0.000453750701
high,RHEA,003455,9 1 GRAYSVILLE,2008,legacy_fallback_pending_official_review,0.95,9-2 Graysville,2000,1489,0.00052211471
high,RHEA,007358,9 1 GRAYSVILLE,2008,legacy_fallback_pending_official_review,0.95,9-2 Graysville,2000,1489,0.183304440491
high,RHEA,007361,9 1 GRAYSVILLE,2008,legacy_fallback_pending_official_review,0.95,9-2 Graysville,2000,1489,0.815719694098
high,RHEA,007362,9 2 WALDENS RIDGE,2008,legacy_fallback_pending_official_review,0.95,9-1 Waldens Ridge,2000,1487,1.0
high,SEVIER,007956,2 1 WEARWOOD SCHOOL,2008,legacy_fallback_pending_official_review,0.95,2-2 Wearwood School,2000,1610,0.091005795451
high,SEVIER,007957,2 1 WEARWOOD SCHOOL,2008,legacy_fallback_pending_official_review,0.95,2-2 Wearwood School,2000,1610,0.019062110975
high,SEVIER,007958,2 1 WEARWOOD SCHOOL,2008,legacy_fallback_pending_official_review,0.95,2-2 Wearwood School,2000,1610,0.889932093574
high,SEVIER,007957,2 2 WALDENS CREEK,2008,legacy_fallback_pending_official_review,0.95,2-1 Waldens Creek,2000,1611,0.006657805035
high,SEVIER,007958,2 2 WALDENS CREEK,2008,legacy_fallback_pending_official_review,0.95,2-1 Waldens Creek,2000,1611,0.000989267457
high,SEVIER,007959,2 2 WALDENS CREEK,2008,legacy_fallback_pending_official_review,0.95,2-1 Waldens Creek,2000,1611,0.992352927508
high,SEVIER,007966,7 1 CATLETTSBURG,2008,legacy_fallback_pending_official_review,0.95,7-2 Catlettsburg,2000,1618,0.757986091932
high,SEVIER,007969,7 1 CATLETTSBURG,2008,legacy_fallback_pending_official_review,0.95,7-2 Catlettsburg,2000,1618,0.009596577044
high,SEVIER,007973,7 1 CATLETTSBURG,2008,legacy_fallback_pending_official_review,0.95,7-2 Catlettsburg,2000,1618,0.194917487925
high,SEVIER,007974,7 1 CATLETTSBURG,2008,legacy_fallback_pending_official_review,0.95,7-2 Catlettsburg,2000,1618,0.037499843099
medium,WILSON,009806,05 BEREA C OF CHRIST,2008,legacy_fallback_pending_official_review,0.7846,05 Berea Church of Christ,2000,2128,0.844788526041
medium,WILSON,009807,05 BEREA C OF CHRIST,2008,legacy_fallback_pending_official_review,0.7846,05 Berea Church of Christ,2000,2128,0.055079759532
medium,WILSON,009823,05 BEREA C OF CHRIST,2008,legacy_fallback_pending_official_review,0.7846,05 Berea Church of Christ,2000,2128,0.100131714427
medium,WILSON,009820,15 FULL GOSPEL TABER,2008,legacy_fallback_pending_official_review,0.7846,15 Full Gospel Tabernacle,2000,2148,1.0
medium,WARREN,009210,7 EASTSIDE SCHOOL,2008,legacy_fallback_pending_official_review,0.871,07-1 East Side School,2000,1986,1.0
high,ANDERSON,000007,CLINTON MIDDLE,2008,legacy_fallback_pending_official_review,0.995,,2000,0036,0.72253225
high,ANDERSON,000006,CLINTON MIDDLE,2008,legacy_fallback_pending_official_review,0.995,,2000,0036,0.24176569
high,ANDERSON,000009,CLINTON MIDDLE,2008,legacy_fallback_pending_official_review,0.995,,2000,0036,0.02761319
high,ANDERSON,000005,CLINTON MIDDLE,2008,legacy_fallback_pending_official_review,0.995,,2000,0036,0.0044714
high,ANDERSON,000019,CLINTON MIDDLE,2008,legacy_fallback_pending_official_review,0.995,,2000,0036,0.00361746
high,ANDERSON,000008,CLINTON MIDDLE,2008,legacy_fallback_pending_official_review,0.995,,2000,0036,0.0
high,ANDERSON,000016,CLINTON MIDDLE,2008,legacy_fallback_pending_official_review,0.995,,2000,0036,0.0
high,ANDERSON,000011,CLINTON MIDDLE,2008,legacy_fallback_pending_official_review,0.995,,2000,0036,0.0
high,ANDERSON,000012,CLINTON MIDDLE,2008,legacy_fallback_pending_official_review,0.995,,2000,0036,0.0
high,ANDERSON,000003,CLINTON MIDDLE,2008,legacy_fallback_pending_official_review,0.995,,2000,0036,0.0
high,ANDERSON,000015,CLINTON MIDDLE,2008,legacy_fallback_pending_official_review,0.995,,2000,0036,0.0
high,ANDERSON,000004,CLINTON MIDDLE,2008,legacy_fallback_pending_official_review,0.995,,2000,0036,0.0
high,ANDERSON,000017,CLINTON MIDDLE,2008,legacy_fallback_pending_official_review,0.995,,2000,0036,0.0
high,ANDERSON,000018,CLINTON MIDDLE,2008,legacy_fallback_pending_official_review,0.995,,2000,0036,0.0
high,ANDERSON,000025,CLINTON MIDDLE,2008,legacy_fallback_pending_official_review,0.995,,2000,0036,0.0
high,ANDERSON,000002,CLINTON MIDDLE,2008,legacy_fallback_pending_official_review,0.995,,2000,0036,0.0
high,ANDERSON,000020,CLINTON MIDDLE,2008,legacy_fallback_pending_official_review,0.995,,2000,0036,0.0
high,ANDERSON,000001,CLINTON MIDDLE,2008,legacy_fallback_pending_official_review,0.995,,2000,0036,0.0
high,ANDERSON,000016,LAKE CITY MIDDLE,2008,legacy_fallback_pending_official_review,1.0,,2000,0068,0.9946212
high,ANDERSON,000015,LAKE CITY MIDDLE,2008,legacy_fallback_pending_official_review,1.0,,2000,0068,0.0053788
high,ANDERSON,000011,LAKE CITY MIDDLE,2008,legacy_fallback_pending_official_review,1.0,,2000,0068,0.0
high,ANDERSON,000002,LAKE CITY MIDDLE,2008,legacy_fallback_pending_official_review,1.0,,2000,0068,0.0
high,ANDERSON,000007,LAKE CITY MIDDLE,2008,legacy_fallback_pending_official_review,1.0,,2000,0068,0.0
high,ANDERSON,000008,LAKE CITY MIDDLE,2008,legacy_fallback_pending_official_review,1.0,,2000,0068,0.0
high,ANDERSON,000006,LAKE CITY MIDDLE,2008,legacy_fallback_pending_official_review,1.0,,2000,0068,0.0
high,ANDERSON,000018,LAKE CITY MIDDLE,2008,legacy_fallback_pending_official_review,1.0,,2000,0068,0.0
high,ANDERSON,000001,LAKE CITY MIDDLE,2008,legacy_fallback_pending_official_review,1.0,,2000,0068,0.0
high,ANDERSON,000019,LAKE CITY MIDDLE,2008,legacy_fallback_pending_official_review,1.0,,2000,0068,0.0
high,ANDERSON,000004,LAKE CITY MIDDLE,2008,legacy_fallback_pending_official_review,1.0,,2000,0068,0.0
high,ANDERSON,000020,LAKE CITY MIDDLE,2008,legacy_fallback_pending_official_review,1.0,,2000,0068,0.0
high,ANDERSON,000024,LAKE CITY MIDDLE,2008,legacy_fallback_pending_official_review,1.0,,2000,0068,0.0
high,ANDERSON,000017,LAKE CITY MIDDLE,2008,legacy_fallback_pending_official_review,1.0,,2000,0068,0.0
high,ANDERSON,000005,LAKE CITY MIDDLE,2008,legacy_fallback_pending_official_review,1.0,,2000,0068,0.0
high,ANDERSON,000010,LAKE CITY MIDDLE,2008,legacy_fallback_pending_official_review,1.0,,2000,0068,0.0
high,ANDERSON,000023,LAKE CITY MIDDLE,2008,legacy_fallback_pending_official_review,1.0,,2000,0068,0.0
high,ANDERSON,000025,LAKE CITY MIDDLE,2008,legacy_fallback_pending_official_review,1.0,,2000,0068,0.0
high,ANDERSON,000003,LAKE CITY MIDDLE,2008,legacy_fallback_pending_official_review,1.0,,2000,0068,0.0
high,BLOUNT,000408,ALCOA,2008,legacy_fallback_pending_official_review,0.995,,2000,0376,0.91887978
high,BLOUNT,000406,ALCOA,2008,legacy_fallback_pending_official_review,0.995,,2000,0376,0.07821327
high,BLOUNT,000409,ALCOA,2008,legacy_fallback_pending_official_review,0.995,,2000,0376,0.00185901
high,BLOUNT,000411,ALCOA,2008,legacy_fallback_pending_official_review,0.995,,2000,0376,0.00079845
high,BLOUNT,000423,ALCOA,2008,legacy_fallback_pending_official_review,0.995,,2000,0376,0.0002097
high,BLOUNT,000407,ALCOA,2008,legacy_fallback_pending_official_review,0.995,,2000,0376,2.809e-05
high,BLOUNT,000410,ALCOA,2008,legacy_fallback_pending_official_review,0.995,,2000,0376,8.25e-06
high,BLOUNT,000412,ALCOA,2008,legacy_fallback_pending_official_review,0.995,,2000,0376,3.45e-06
high,BLOUNT,000413,ALCOA,2008,legacy_fallback_pending_official_review,0.995,,2000,0376,0.0
high,BLOUNT,000432,ALCOA,2008,legacy_fallback_pending_official_review,0.995,,2000,0376,0.0
high,BLOUNT,000421,ALCOA,2008,legacy_fallback_pending_official_review,0.995,,2000,0376,0.0
high,BLOUNT,000431,ALCOA,2008,legacy_fallback_pending_official_review,0.995,,2000,0376,0.0
high,BLOUNT,000414,ALCOA,2008,legacy_fallback_pending_official_review,0.995,,2000,0376,0.0
high,BLOUNT,000417,ALCOA,2008,legacy_fallback_pending_official_review,0.995,,2000,0376,0.0
high,BLOUNT,000430,ALCOA,2008,legacy_fallback_pending_official_review,0.995,,2000,0376,0.0
high,BLOUNT,000420,ALCOA,2008,legacy_fallback_pending_official_review,0.995,,2000,0376,0.0
high,BLOUNT,000431,EAGLE GYM 20TH ALCOA,2008,legacy_fallback_pending_official_review,1.0,,2000,0406,1.0
high,BLOUNT,000429,EAGLE GYM 20TH ALCOA,2008,legacy_fallback_pending_official_review,1.0,,2000,0406,0.0
high,BLOUNT,000424,EAGLE GYM 20TH ALCOA,2008,legacy_fallback_pending_official_review,1.0,,2000,0406,0.0
high,BLOUNT,000430,EAGLE GYM 20TH ALCOA,2008,legacy_fallback_pending_official_review,1.0,,2000,0406,0.0
high,BLOUNT,000406,EAGLE GYM 20TH ALCOA,2008,legacy_fallback_pending_official_review,1.0,,2000,0406,0.0
high,BLOUNT,000405,EAGLE GYM 20TH ALCOA,2008,legacy_fallback_pending_official_review,1.0,,2000,0406,0.0
high,BLOUNT,000425,EAGLE GYM 20TH ALCOA,2008,legacy_fallback_pending_official_review,1.0,,2000,0406,0.0
high,BLOUNT,000403,EAGLE GYM 20TH ALCOA,2008,legacy_fallback_pending_official_review,1.0,,2000,0406,0.0
high,BLOUNT,000402,EAGLE GYM 20TH ALCOA,2008,legacy_fallback_pending_official_review,1.0,,2000,0406,0.0
high,BLOUNT,000413,EAGLE GYM 20TH ALCOA,2008,legacy_fallback_pending_official_review,1.0,,2000,0406,0.0
high,BLOUNT,000426,EAGLE GYM 20TH ALCOA,2008,legacy_fallback_pending_official_review,1.0,,2000,0406,0.0
high,BLOUNT,000411,EAGLE GYM 20TH ALCOA,2008,legacy_fallback_pending_official_review,1.0,,2000,0406,0.0
high,BLOUNT,000408,EAGLE GYM 20TH ALCOA,2008,legacy_fallback_pending_official_review,1.0,,2000,0406,0.0
low,BLOUNT,000406,EAGLETON CAF,2008,legacy_fallback_pending_official_review,0.8,,2000,0408,0.64169356
low,BLOUNT,000431,EAGLETON CAF,2008,legacy_fallback_pending_official_review,0.8,,2000,0408,0.35821608
low,BLOUNT,000408,EAGLETON CAF,2008,legacy_fallback_pending_official_review,0.8,,2000,0408,8.337e-05
low,BLOUNT,000413,EAGLETON CAF,2008,legacy_fallback_pending_official_review,0.8,,2000,0408,6.89e-06
low,BLOUNT,000411,EAGLETON CAF,2008,legacy_fallback_pending_official_review,0.8,,2000,0408,6e-08
low,BLOUNT,000409,EAGLETON CAF,2008,legacy_fallback_pending_official_review,0.8,,2000,0408,6e-08
low,BLOUNT,000407,EAGLETON CAF,2008,legacy_fallback_pending_official_review,0.8,,2000,0408,0.0
low,BLOUNT,000412,EAGLETON CAF,2008,legacy_fallback_pending_official_review,0.8,,2000,0408,0.0
low,BLOUNT,000410,EAGLETON CAF,2008,legacy_fallback_pending_official_review,0.8,,2000,0408,0.0
low,BLOUNT,000430,EAGLETON CAF,2008,legacy_fallback_pending_official_review,0.8,,2000,0408,0.0
low,BLOUNT,000432,EAGLETON CAF,2008,legacy_fallback_pending_official_review,0.8,,2000,0408,0.0
low,BLOUNT,000414,EAGLETON CAF,2008,legacy_fallback_pending_official_review,0.8,,2000,0408,0.0
low,BLOUNT,000403,EAGLETON CAF,2008,legacy_fallback_pending_official_review,0.8,,2000,0408,0.0
low,BLOUNT,000429,EAGLETON CAF,2008,legacy_fallback_pending_official_review,0.8,,2000,0408,0.0
low,BLOUNT,000420,MARYVILLE HS,2008,legacy_fallback_pending_official_review,0.846154,,2000,0452,0.96342114
low,BLOUNT,000433,MARYVILLE HS,2008,legacy_fallback_pending_official_review,0.846154,,2000,0452,0.03491547
low,BLOUNT,000427,MARYVILLE HS,2008,legacy_fallback_pending_official_review,0.846154,,2000,0452,0.00136191
low,BLOUNT,000414,MARYVILLE HS,2008,legacy_fallback_pending_official_review,0.846154,,2000,0452,0.00029212
low,BLOUNT,000417,MARYVILLE HS,2008,legacy_fallback_pending_official_review,0.846154,,2000,0452,5.72e-06
low,BLOUNT,000412,MARYVILLE HS,2008,legacy_fallback_pending_official_review,0.846154,,2000,0452,3.64e-06
low,BLOUNT,000411,MARYVILLE HS,2008,legacy_fallback_pending_official_review,0.846154,,2000,0452,0.0
low,BLOUNT,000404,MARYVILLE HS,2008,legacy_fallback_pending_official_review,0.846154,,2000,0452,0.0
low,BLOUNT,000432,MARYVILLE HS,2008,legacy_fallback_pending_official_review,0.846154,,2000,0452,0.0
low,BLOUNT,000436,MARYVILLE HS,2008,legacy_fallback_pending_official_review,0.846154,,2000,0452,0.0
low,BLOUNT,000419,MARYVILLE HS,2008,legacy_fallback_pending_official_review,0.846154,,2000,0452,0.0
low,BLOUNT,000434,MARYVILLE HS,2008,legacy_fallback_pending_official_review,0.846154,,2000,0452,0.0
low,BLOUNT,000403,MARYVILLE HS,2008,legacy_fallback_pending_official_review,0.846154,,2000,0452,0.0
low,BLOUNT,000413,MARYVILLE HS,2008,legacy_fallback_pending_official_review,0.846154,,2000,0452,0.0
low,BLOUNT,000425,MARYVILLE HS,2008,legacy_fallback_pending_official_review,0.846154,,2000,0452,0.0
low,BLOUNT,000426,MARYVILLE HS,2008,legacy_fallback_pending_official_review,0.846154,,2000,0452,0.0
high,BLOUNT,000404,MARYVILLE MIDDLE,2008,legacy_fallback_pending_official_review,1.0,,2000,0456,0.9999957
high,BLOUNT,000427,MARYVILLE MIDDLE,2008,legacy_fallback_pending_official_review,1.0,,2000,0456,4.3e-06
high,BLOUNT,000420,MARYVILLE MIDDLE,2008,legacy_fallback_pending_official_review,1.0,,2000,0456,0.0
high,BLOUNT,000432,MARYVILLE MIDDLE,2008,legacy_fallback_pending_official_review,1.0,,2000,0456,0.0
high,BLOUNT,000433,MARYVILLE MIDDLE,2008,legacy_fallback_pending_official_review,1.0,,2000,0456,0.0
high,BLOUNT,000411,MARYVILLE MIDDLE,2008,legacy_fallback_pending_official_review,1.0,,2000,0456,0.0
high,BLOUNT,000414,MARYVILLE MIDDLE,2008,legacy_fallback_pending_official_review,1.0,,2000,0456,0.0
high,BLOUNT,000403,MARYVILLE MIDDLE,2008,legacy_fallback_pending_official_review,1.0,,2000,0456,0.0
high,BLOUNT,000434,MARYVILLE MIDDLE,2008,legacy_fallback_pending_official_review,1.0,,2000,0456,0.0
high,BLOUNT,000413,MARYVILLE MIDDLE,2008,legacy_fallback_pending_official_review,1.0,,2000,0456,0.0
high,BLOUNT,000425,MARYVILLE MIDDLE,2008,legacy_fallback_pending_official_review,1.0,,2000,0456,0.0
high,BLOUNT,000426,MARYVILLE MIDDLE,2008,legacy_fallback_pending_official_review,1.0,,2000,0456,0.0
high,BLOUNT,000417,MARYVILLE MIDDLE,2008,legacy_fallback_pending_official_review,1.0,,2000,0456,0.0
high,BLOUNT,000412,MARYVILLE MIDDLE,2008,legacy_fallback_pending_official_review,1.0,,2000,0456,0.0
high,BLOUNT,000414,MARYVILLE MUN CITY,2008,legacy_fallback_pending_official_review,1.0,,2000,0460,0.93495443
high,BLOUNT,000412,MARYVILLE MUN CITY,2008,legacy_fallback_pending_official_review,1.0,,2000,0460,0.04659302
high,BLOUNT,000417,MARYVILLE MUN CITY,2008,legacy_fallback_pending_official_review,1.0,,2000,0460,0.01830439
high,BLOUNT,000408,MARYVILLE MUN CITY,2008,legacy_fallback_pending_official_review,1.0,,2000,0460,0.00013515
high,BLOUNT,000406,MARYVILLE MUN CITY,2008,legacy_fallback_pending_official_review,1.0,,2000,0460,1.075e-05
high,BLOUNT,000411,MARYVILLE MUN CITY,2008,legacy_fallback_pending_official_review,1.0,,2000,0460,1.93e-06
high,BLOUNT,000407,MARYVILLE MUN CITY,2008,legacy_fallback_pending_official_review,1.0,,2000,0460,2.1e-07
high,BLOUNT,000409,MARYVILLE MUN CITY,2008,legacy_fallback_pending_official_review,1.0,,2000,0460,1.1e-07
high,BLOUNT,000420,MARYVILLE MUN CITY,2008,legacy_fallback_pending_official_review,1.0,,2000,0460,0.0
high,BLOUNT,000436,MARYVILLE MUN CITY,2008,legacy_fallback_pending_official_review,1.0,,2000,0460,0.0
high,BLOUNT,000432,MARYVILLE MUN CITY,2008,legacy_fallback_pending_official_review,1.0,,2000,0460,0.0
high,BLOUNT,000433,MARYVILLE MUN CITY,2008,legacy_fallback_pending_official_review,1.0,,2000,0460,0.0
high,BLOUNT,000421,MARYVILLE MUN CITY,2008,legacy_fallback_pending_official_review,1.0,,2000,0460,0.0
high,BLOUNT,000427,MARYVILLE MUN CITY,2008,legacy_fallback_pending_official_review,1.0,,2000,0460,0.0
high,BLOUNT,000419,MARYVILLE MUN CITY,2008,legacy_fallback_pending_official_review,1.0,,2000,0460,0.0
high,BLOUNT,000416,MARYVILLE MUN CITY,2008,legacy_fallback_pending_official_review,1.0,,2000,0460,0.0
high,BLOUNT,000413,MARYVILLE MUN CITY,2008,legacy_fallback_pending_official_review,1.0,,2000,0460,0.0
high,BLOUNT,000410,MARYVILLE MUN CITY,2008,legacy_fallback_pending_official_review,1.0,,2000,0460,0.0
high,BLOUNT,000404,MARYVILLE MUN CITY,2008,legacy_fallback_pending_official_review,1.0,,2000,0460,0.0
high,BLOUNT,000415,MARYVILLE MUN CITY,2008,legacy_fallback_pending_official_review,1.0,,2000,0460,0.0
high,BLOUNT,000403,MARYVILLE MUN CITY,2008,legacy_fallback_pending_official_review,1.0,,2000,0460,0.0
high,BLOUNT,000431,MARYVILLE MUN CITY,2008,legacy_fallback_pending_official_review,1.0,,2000,0460,0.0
high,BRADLEY,000516,2 2 WALKER VALLEY,2008,legacy_fallback_pending_official_review,0.993,,2000,0528,0.55904289
high,BRADLEY,000517,2 2 WALKER VALLEY,2008,legacy_fallback_pending_official_review,0.993,,2000,0528,0.36670534
high,BRADLEY,000501,2 2 WALKER VALLEY,2008,legacy_fallback_pending_official_review,0.993,,2000,0528,0.06859611
high,BRADLEY,000502,2 2 WALKER VALLEY,2008,legacy_fallback_pending_official_review,0.993,,2000,0528,0.00565566
high,BRADLEY,000507,2 2 WALKER VALLEY,2008,legacy_fallback_pending_official_review,0.993,,2000,0528,0.0
high,BRADLEY,000505,2 2 WALKER VALLEY,2008,legacy_fallback_pending_official_review,0.993,,2000,0528,0.0
high,BRADLEY,000504,2 2 WALKER VALLEY,2008,legacy_fallback_pending_official_review,0.993,,2000,0528,0.0
high,BRADLEY,000503,2 2 WALKER VALLEY,2008,legacy_fallback_pending_official_review,0.993,,2000,0528,0.0
high,BRADLEY,000509,2 2 WALKER VALLEY,2008,legacy_fallback_pending_official_review,0.993,,2000,0528,0.0
high,BRADLEY,000510,2 2 WALKER VALLEY,2008,legacy_fallback_pending_official_review,0.993,,2000,0528,0.0
high,BRADLEY,000514,2 2 WALKER VALLEY,2008,legacy_fallback_pending_official_review,0.993,,2000,0528,0.0
high,BRADLEY,000501,5 1 BLYTHE BOWER,2008,legacy_fallback_pending_official_review,0.993,,2000,0524,1.0
high,BRADLEY,000503,5 1 BLYTHE BOWER,2008,legacy_fallback_pending_official_review,0.993,,2000,0524,0.0
high,BRADLEY,000516,5 1 BLYTHE BOWER,2008,legacy_fallback_pending_official_review,0.993,,2000,0524,0.0
high,BRADLEY,000502,5 1 BLYTHE BOWER,2008,legacy_fallback_pending_official_review,0.993,,2000,0524,0.0
high,BRADLEY,000507,5 1 BLYTHE BOWER,2008,legacy_fallback_pending_official_review,0.993,,2000,0524,0.0
high,BRADLEY,000514,5 1 BLYTHE BOWER,2008,legacy_fallback_pending_official_review,0.993,,2000,0524,0.0
high,BRADLEY,000510,5 1 BLYTHE BOWER,2008,legacy_fallback_pending_official_review,0.993,,2000,0524,0.0
high,BRADLEY,000517,5 1 BLYTHE BOWER,2008,legacy_fallback_pending_official_review,0.993,,2000,0524,0.0
high,BRADLEY,000509,5 1 BLYTHE BOWER,2008,legacy_fallback_pending_official_review,0.993,,2000,0524,0.0
high,BRADLEY,000515,5 1 BLYTHE BOWER,2008,legacy_fallback_pending_official_review,0.993,,2000,0524,0.0
high,BRADLEY,000504,5 1 BLYTHE BOWER,2008,legacy_fallback_pending_official_review,0.993,,2000,0524,0.0
high,BRADLEY,000513,5 1 BLYTHE BOWER,2008,legacy_fallback_pending_official_review,0.993,,2000,0524,0.0
high,BRADLEY,000512,5 1 BLYTHE BOWER,2008,legacy_fallback_pending_official_review,0.993,,2000,0524,0.0
high,CANNON,000704,2 4 SHORT MOUNTAIN,2008,legacy_fallback_pending_official_review,0.993,,2000,0748,0.87173842
high,CANNON,000707,2 4 SHORT MOUNTAIN,2008,legacy_fallback_pending_official_review,0.993,,2000,0748,0.08520153
high,CANNON,000705,2 4 SHORT MOUNTAIN,2008,legacy_fallback_pending_official_review,0.993,,2000,0748,0.04236475
high,CANNON,000701,2 4 SHORT MOUNTAIN,2008,legacy_fallback_pending_official_review,0.993,,2000,0748,0.0006953
high,CANNON,000709,2 4 SHORT MOUNTAIN,2008,legacy_fallback_pending_official_review,0.993,,2000,0748,0.0
high,CANNON,000703,2 4 SHORT MOUNTAIN,2008,legacy_fallback_pending_official_review,0.993,,2000,0748,0.0
high,CANNON,000706,2 4 SHORT MOUNTAIN,2008,legacy_fallback_pending_official_review,0.993,,2000,0748,0.0
high,CANNON,000708,2 4 SHORT MOUNTAIN,2008,legacy_fallback_pending_official_review,0.993,,2000,0748,0.0
high,CANNON,000702,2 4 SHORT MOUNTAIN,2008,legacy_fallback_pending_official_review,0.993,,2000,0748,0.0
high,CANNON,000704,4 2 SHORT MOUNTAIN,2008,legacy_fallback_pending_official_review,0.993,,2000,0748,0.87173842
high,CANNON,000707,4 2 SHORT MOUNTAIN,2008,legacy_fallback_pending_official_review,0.993,,2000,0748,0.08520153
high,CANNON,000705,4 2 SHORT MOUNTAIN,2008,legacy_fallback_pending_official_review,0.993,,2000,0748,0.04236475
high,CANNON,000701,4 2 SHORT MOUNTAIN,2008,legacy_fallback_pending_official_review,0.993,,2000,0748,0.0006953
high,CANNON,000709,4 2 SHORT MOUNTAIN,2008,legacy_fallback_pending_official_review,0.993,,2000,0748,0.0
high,CANNON,000703,4 2 SHORT MOUNTAIN,2008,legacy_fallback_pending_official_review,0.993,,2000,0748,0.0
high,CANNON,000706,4 2 SHORT MOUNTAIN,2008,legacy_fallback_pending_official_review,0.993,,2000,0748,0.0
high,CANNON,000708,4 2 SHORT MOUNTAIN,2008,legacy_fallback_pending_official_review,0.993,,2000,0748,0.0
high,CANNON,000702,4 2 SHORT MOUNTAIN,2008,legacy_fallback_pending_official_review,0.993,,2000,0748,0.0
medium,CARROLL,000818,MCKENZIE CITY,2008,legacy_fallback_pending_official_review,0.982,,2000,0872,0.85376562
medium,CARROLL,000808,MCKENZIE CITY,2008,legacy_fallback_pending_official_review,0.982,,2000,0872,0.14623438
medium,CARROLL,000809,MCKENZIE CITY,2008,legacy_fallback_pending_official_review,0.982,,2000,0872,0.0
medium,CARROLL,000802,MCKENZIE CITY,2008,legacy_fallback_pending_official_review,0.982,,2000,0872,0.0
medium,CARROLL,000807,MCKENZIE CITY,2008,legacy_fallback_pending_official_review,0.982,,2000,0872,0.0
medium,CARROLL,000801,MCKENZIE CITY,2008,legacy_fallback_pending_official_review,0.982,,2000,0872,0.0
medium,CARROLL,000805,MCKENZIE CITY,2008,legacy_fallback_pending_official_review,0.982,,2000,0872,0.0
medium,CARROLL,000814,MCKENZIE CITY,2008,legacy_fallback_pending_official_review,0.982,,2000,0872,0.0
high,CHESTER,001108,2 2 HILLTOP,2008,legacy_fallback_pending_official_review,0.993,,2000,1032,1.0
high,CHESTER,001104,2 2 HILLTOP,2008,legacy_fallback_pending_official_review,0.993,,2000,1032,0.0
high,CHESTER,001107,2 2 HILLTOP,2008,legacy_fallback_pending_official_review,0.993,,2000,1032,0.0
high,CHESTER,006160,2 2 HILLTOP,2008,legacy_fallback_pending_official_review,0.993,,2000,1032,0.0
high,CHESTER,001109,2 2 HILLTOP,2008,legacy_fallback_pending_official_review,0.993,,2000,1032,0.0
high,CHESTER,001105,2 2 HILLTOP,2008,legacy_fallback_pending_official_review,0.993,,2000,1032,0.0
high,CHESTER,001101,2 2 HILLTOP,2008,legacy_fallback_pending_official_review,0.993,,2000,1032,0.0
high,CHESTER,006159,2 2 HILLTOP,2008,legacy_fallback_pending_official_review,0.993,,2000,1032,0.0
high,CHESTER,006161,2 2 HILLTOP,2008,legacy_fallback_pending_official_review,0.993,,2000,1032,0.0
high,CHESTER,006151,2 2 HILLTOP,2008,legacy_fallback_pending_official_review,0.993,,2000,1032,0.0
high,CHESTER,001108,6 1 CITY HALL,2008,legacy_fallback_pending_official_review,0.993,,2000,1024,1.0
high,CHESTER,001107,6 1 CITY HALL,2008,legacy_fallback_pending_official_review,0.993,,2000,1024,0.0
high,CHESTER,001104,6 1 CITY HALL,2008,legacy_fallback_pending_official_review,0.993,,2000,1024,0.0
high,CHESTER,003717,6 1 CITY HALL,2008,legacy_fallback_pending_official_review,0.993,,2000,1024,0.0
high,CHESTER,003718,6 1 CITY HALL,2008,legacy_fallback_pending_official_review,0.993,,2000,1024,0.0
high,CHESTER,003710,6 1 CITY HALL,2008,legacy_fallback_pending_official_review,0.993,,2000,1024,0.0
high,CHESTER,003706,6 1 CITY HALL,2008,legacy_fallback_pending_official_review,0.993,,2000,1024,0.0
high,CHESTER,003705,6 1 CITY HALL,2008,legacy_fallback_pending_official_review,0.993,,2000,1024,0.0
high,CHESTER,001101,6 1 CITY HALL,2008,legacy_fallback_pending_official_review,0.993,,2000,1024,0.0
high,CUMBERLAND,001706,6 CRAB ORCHARD,2008,legacy_fallback_pending_official_review,1.0,,2000,1498,0.99935527
high,CUMBERLAND,001717,6 CRAB ORCHARD,2008,legacy_fallback_pending_official_review,1.0,,2000,1498,0.00064473
high,CUMBERLAND,001710,6 CRAB ORCHARD,2008,legacy_fallback_pending_official_review,1.0,,2000,1498,0.0
high,CUMBERLAND,001703,6 CRAB ORCHARD,2008,legacy_fallback_pending_official_review,1.0,,2000,1498,0.0
high,CUMBERLAND,001709,6 CRAB ORCHARD,2008,legacy_fallback_pending_official_review,1.0,,2000,1498,0.0
high,CUMBERLAND,001716,6 CRAB ORCHARD,2008,legacy_fallback_pending_official_review,1.0,,2000,1498,0.0
high,CUMBERLAND,001708,6 CRAB ORCHARD,2008,legacy_fallback_pending_official_review,1.0,,2000,1498,0.0
high,CUMBERLAND,001711,6 CRAB ORCHARD,2008,legacy_fallback_pending_official_review,1.0,,2000,1498,0.0
high,CUMBERLAND,001713,6 CRAB ORCHARD,2008,legacy_fallback_pending_official_review,1.0,,2000,1498,0.0
high,CUMBERLAND,001707,6 CRAB ORCHARD,2008,legacy_fallback_pending_official_review,1.0,,2000,1498,0.0
high,CUMBERLAND,001705,6 CRAB ORCHARD,2008,legacy_fallback_pending_official_review,1.0,,2000,1498,0.0
high,CUMBERLAND,001712,6 CRAB ORCHARD,2008,legacy_fallback_pending_official_review,1.0,,2000,1498,0.0
high,CUMBERLAND,001722,6 CRAB ORCHARD,2008,legacy_fallback_pending_official_review,1.0,,2000,1498,0.0
high,CUMBERLAND,001704,6 CRAB ORCHARD,2008,legacy_fallback_pending_official_review,1.0,,2000,1498,0.0
high,CUMBERLAND,001706,6 HEBBERTSBURG,2008,legacy_fallback_pending_official_review,1.0,,2000,1508,1.0
high,CUMBERLAND,001717,6 HEBBERTSBURG,2008,legacy_fallback_pending_official_review,1.0,,2000,1508,0.0
high,CUMBERLAND,001703,6 HEBBERTSBURG,2008,legacy_fallback_pending_official_review,1.0,,2000,1508,0.0
high,CUMBERLAND,001710,6 HEBBERTSBURG,2008,legacy_fallback_pending_official_review,1.0,,2000,1508,0.0
high,CUMBERLAND,001716,6 HEBBERTSBURG,2008,legacy_fallback_pending_official_review,1.0,,2000,1508,0.0
high,CUMBERLAND,001709,6 HEBBERTSBURG,2008,legacy_fallback_pending_official_review,1.0,,2000,1508,0.0
high,CUMBERLAND,001708,6 HEBBERTSBURG,2008,legacy_fallback_pending_official_review,1.0,,2000,1508,0.0
high,CUMBERLAND,001711,6 HEBBERTSBURG,2008,legacy_fallback_pending_official_review,1.0,,2000,1508,0.0
high,CUMBERLAND,001724,6 HEBBERTSBURG,2008,legacy_fallback_pending_official_review,1.0,,2000,1508,0.0
high,CUMBERLAND,001721,6 HEBBERTSBURG,2008,legacy_fallback_pending_official_review,1.0,,2000,1508,0.0
high,CUMBERLAND,001704,6 HEBBERTSBURG,2008,legacy_fallback_pending_official_review,1.0,,2000,1508,0.0
high,CUMBERLAND,001701,6 HEBBERTSBURG,2008,legacy_fallback_pending_official_review,1.0,,2000,1508,0.0
high,CUMBERLAND,001707,6 HEBBERTSBURG,2008,legacy_fallback_pending_official_review,1.0,,2000,1508,0.0
high,DAVIDSON,001849,17 10 SEVIER PARK CC,2008,legacy_fallback_pending_official_review,0.993,,2000,1556,1.0
high,DAVIDSON,001847,17 10 SEVIER PARK CC,2008,legacy_fallback_pending_official_review,0.993,,2000,1556,0.0
high,DAVIDSON,001846,17 10 SEVIER PARK CC,2008,legacy_fallback_pending_official_review,0.993,,2000,1556,0.0
high,DAVIDSON,001850,17 10 SEVIER PARK CC,2008,legacy_fallback_pending_official_review,0.993,,2000,1556,0.0
high,DAVIDSON,001841,17 10 SEVIER PARK CC,2008,legacy_fallback_pending_official_review,0.993,,2000,1556,0.0
high,DAVIDSON,001848,17 10 SEVIER PARK CC,2008,legacy_fallback_pending_official_review,0.993,,2000,1556,0.0
high,DAVIDSON,001814,17 10 SEVIER PARK CC,2008,legacy_fallback_pending_official_review,0.993,,2000,1556,0.0
high,DAVIDSON,001840,17 10 SEVIER PARK CC,2008,legacy_fallback_pending_official_review,0.993,,2000,1556,0.0
high,DAVIDSON,001845,17 10 SEVIER PARK CC,2008,legacy_fallback_pending_official_review,0.993,,2000,1556,0.0
high,DAVIDSON,001843,17 10 SEVIER PARK CC,2008,legacy_fallback_pending_official_review,0.993,,2000,1556,0.0
high,DAVIDSON,001811,17 10 SEVIER PARK CC,2008,legacy_fallback_pending_official_review,0.993,,2000,1556,0.0
high,DAVIDSON,001816,17 10 SEVIER PARK CC,2008,legacy_fallback_pending_official_review,0.993,,2000,1556,0.0
high,DAVIDSON,001842,17 10 SEVIER PARK CC,2008,legacy_fallback_pending_official_review,0.993,,2000,1556,0.0
high,DAVIDSON,001839,17 10 SEVIER PARK CC,2008,legacy_fallback_pending_official_review,0.993,,2000,1556,0.0
high,DECATUR,002054,3 1 BEACON,2008,legacy_fallback_pending_official_review,0.993,,2000,2216,1.0
high,DECATUR,002052,3 1 BEACON,2008,legacy_fallback_pending_official_review,0.993,,2000,2216,0.0
high,DECATUR,002051,3 1 BEACON,2008,legacy_fallback_pending_official_review,0.993,,2000,2216,0.0
high,DECATUR,002060,3 1 BEACON,2008,legacy_fallback_pending_official_review,0.993,,2000,2216,0.0
high,DECATUR,002053,3 1 BEACON,2008,legacy_fallback_pending_official_review,0.993,,2000,2216,0.0
high,DECATUR,002056,3 1 BEACON,2008,legacy_fallback_pending_official_review,0.993,,2000,2216,0.0
high,DECATUR,002055,3 1 BEACON,2008,legacy_fallback_pending_official_review,0.993,,2000,2216,0.0
high,DECATUR,002062,3 1 BEACON,2008,legacy_fallback_pending_official_review,0.993,,2000,2216,0.0
high,DECATUR,002063,3 1 BEACON,2008,legacy_fallback_pending_official_review,0.993,,2000,2216,0.0
high,DECATUR,002054,3 1 DECATURVILLE,2008,legacy_fallback_pending_official_review,0.993,,2000,2216,1.0
high,DECATUR,002052,3 1 DECATURVILLE,2008,legacy_fallback_pending_official_review,0.993,,2000,2216,0.0
high,DECATUR,002051,3 1 DECATURVILLE,2008,legacy_fallback_pending_official_review,0.993,,2000,2216,0.0
high,DECATUR,002060,3 1 DECATURVILLE,2008,legacy_fallback_pending_official_review,0.993,,2000,2216,0.0
high,DECATUR,002053,3 1 DECATURVILLE,2008,legacy_fallback_pending_official_review,0.993,,2000,2216,0.0
high,DECATUR,002056,3 1 DECATURVILLE,2008,legacy_fallback_pending_official_review,0.993,,2000,2216,0.0
high,DECATUR,002055,3 1 DECATURVILLE,2008,legacy_fallback_pending_official_review,0.993,,2000,2216,0.0
high,DECATUR,002062,3 1 DECATURVILLE,2008,legacy_fallback_pending_official_review,0.993,,2000,2216,0.0
high,DECATUR,002063,3 1 DECATURVILLE,2008,legacy_fallback_pending_official_review,0.993,,2000,2216,0.0
high,DECATUR,002054,4 1 DECATURVILLE,2008,legacy_fallback_pending_official_review,0.993,,2000,2216,1.0
high,DECATUR,002052,4 1 DECATURVILLE,2008,legacy_fallback_pending_official_review,0.993,,2000,2216,0.0
high,DECATUR,002051,4 1 DECATURVILLE,2008,legacy_fallback_pending_official_review,0.993,,2000,2216,0.0
high,DECATUR,002060,4 1 DECATURVILLE,2008,legacy_fallback_pending_official_review,0.993,,2000,2216,0.0
high,DECATUR,002053,4 1 DECATURVILLE,2008,legacy_fallback_pending_official_review,0.993,,2000,2216,0.0
high,DECATUR,002056,4 1 DECATURVILLE,2008,legacy_fallback_pending_official_review,0.993,,2000,2216,0.0
high,DECATUR,002055,4 1 DECATURVILLE,2008,legacy_fallback_pending_official_review,0.993,,2000,2216,0.0
high,DECATUR,002062,4 1 DECATURVILLE,2008,legacy_fallback_pending_official_review,0.993,,2000,2216,0.0
high,DECATUR,002063,4 1 DECATURVILLE,2008,legacy_fallback_pending_official_review,0.993,,2000,2216,0.0
high,DECATUR,002054,5 1 PARSONS,2008,legacy_fallback_pending_official_review,0.993,,2000,2216,1.0
high,DECATUR,002052,5 1 PARSONS,2008,legacy_fallback_pending_official_review,0.993,,2000,2216,0.0
high,DECATUR,002051,5 1 PARSONS,2008,legacy_fallback_pending_official_review,0.993,,2000,2216,0.0
high,DECATUR,002060,5 1 PARSONS,2008,legacy_fallback_pending_official_review,0.993,,2000,2216,0.0
high,DECATUR,002053,5 1 PARSONS,2008,legacy_fallback_pending_official_review,0.993,,2000,2216,0.0
high,DECATUR,002056,5 1 PARSONS,2008,legacy_fallback_pending_official_review,0.993,,2000,2216,0.0
high,DECATUR,002055,5 1 PARSONS,2008,legacy_fallback_pending_official_review,0.993,,2000,2216,0.0
high,DECATUR,002062,5 1 PARSONS,2008,legacy_fallback_pending_official_review,0.993,,2000,2216,0.0
high,DECATUR,002063,5 1 PARSONS,2008,legacy_fallback_pending_official_review,0.993,,2000,2216,0.0
high,DECATUR,002054,6 1 PARSONS,2008,legacy_fallback_pending_official_review,0.993,,2000,2216,1.0
high,DECATUR,002052,6 1 PARSONS,2008,legacy_fallback_pending_official_review,0.993,,2000,2216,0.0
high,DECATUR,002051,6 1 PARSONS,2008,legacy_fallback_pending_official_review,0.993,,2000,2216,0.0
high,DECATUR,002060,6 1 PARSONS,2008,legacy_fallback_pending_official_review,0.993,,2000,2216,0.0
high,DECATUR,002053,6 1 PARSONS,2008,legacy_fallback_pending_official_review,0.993,,2000,2216,0.0
high,DECATUR,002056,6 1 PARSONS,2008,legacy_fallback_pending_official_review,0.993,,2000,2216,0.0
high,DECATUR,002055,6 1 PARSONS,2008,legacy_fallback_pending_official_review,0.993,,2000,2216,0.0
high,DECATUR,002062,6 1 PARSONS,2008,legacy_fallback_pending_official_review,0.993,,2000,2216,0.0
high,DECATUR,002063,6 1 PARSONS,2008,legacy_fallback_pending_official_review,0.993,,2000,2216,0.0
high,DECATUR,002054,8 1 PARSONS,2008,legacy_fallback_pending_official_review,0.993,,2000,2216,1.0
high,DECATUR,002052,8 1 PARSONS,2008,legacy_fallback_pending_official_review,0.993,,2000,2216,0.0
high,DECATUR,002051,8 1 PARSONS,2008,legacy_fallback_pending_official_review,0.993,,2000,2216,0.0
high,DECATUR,002060,8 1 PARSONS,2008,legacy_fallback_pending_official_review,0.993,,2000,2216,0.0
high,DECATUR,002053,8 1 PARSONS,2008,legacy_fallback_pending_official_review,0.993,,2000,2216,0.0
high,DECATUR,002056,8 1 PARSONS,2008,legacy_fallback_pending_official_review,0.993,,2000,2216,0.0
high,DECATUR,002055,8 1 PARSONS,2008,legacy_fallback_pending_official_review,0.993,,2000,2216,0.0
high,DECATUR,002062,8 1 PARSONS,2008,legacy_fallback_pending_official_review,0.993,,2000,2216,0.0
high,DECATUR,002063,8 1 PARSONS,2008,legacy_fallback_pending_official_review,0.993,,2000,2216,0.0
high,DECATUR,002054,9 1 BEACON,2008,legacy_fallback_pending_official_review,0.993,,2000,2216,1.0
high,DECATUR,002052,9 1 BEACON,2008,legacy_fallback_pending_official_review,0.993,,2000,2216,0.0
high,DECATUR,002051,9 1 BEACON,2008,legacy_fallback_pending_official_review,0.993,,2000,2216,0.0
high,DECATUR,002060,9 1 BEACON,2008,legacy_fallback_pending_official_review,0.993,,2000,2216,0.0
high,DECATUR,002053,9 1 BEACON,2008,legacy_fallback_pending_official_review,0.993,,2000,2216,0.0
high,DECATUR,002056,9 1 BEACON,2008,legacy_fallback_pending_official_review,0.993,,2000,2216,0.0
high,DECATUR,002055,9 1 BEACON,2008,legacy_fallback_pending_official_review,0.993,,2000,2216,0.0
high,DECATUR,002062,9 1 BEACON,2008,legacy_fallback_pending_official_review,0.993,,2000,2216,0.0
high,DECATUR,002063,9 1 BEACON,2008,legacy_fallback_pending_official_review,0.993,,2000,2216,0.0
high,DEKALB,002158,3 1 DEKALB M S,2008,legacy_fallback_pending_official_review,0.993,,2000,2272,1.0
high,DEKALB,002159,3 1 DEKALB M S,2008,legacy_fallback_pending_official_review,0.993,,2000,2272,0.0
high,DEKALB,002152,3 1 DEKALB M S,2008,legacy_fallback_pending_official_review,0.993,,2000,2272,0.0
high,DEKALB,002160,3 1 DEKALB M S,2008,legacy_fallback_pending_official_review,0.993,,2000,2272,0.0
high,DEKALB,002151,3 1 DEKALB M S,2008,legacy_fallback_pending_official_review,0.993,,2000,2272,0.0
high,DEKALB,002161,3 1 DEKALB M S,2008,legacy_fallback_pending_official_review,0.993,,2000,2272,0.0
high,DEKALB,002153,3 1 DEKALB M S,2008,legacy_fallback_pending_official_review,0.993,,2000,2272,0.0
high,DEKALB,002158,7 1 CHURCH OF CHRIST,2008,legacy_fallback_pending_official_review,0.993,,2000,2272,1.0
high,DEKALB,002159,7 1 CHURCH OF CHRIST,2008,legacy_fallback_pending_official_review,0.993,,2000,2272,0.0
high,DEKALB,002152,7 1 CHURCH OF CHRIST,2008,legacy_fallback_pending_official_review,0.993,,2000,2272,0.0
high,DEKALB,002160,7 1 CHURCH OF CHRIST,2008,legacy_fallback_pending_official_review,0.993,,2000,2272,0.0
high,DEKALB,002151,7 1 CHURCH OF CHRIST,2008,legacy_fallback_pending_official_review,0.993,,2000,2272,0.0
high,DEKALB,002161,7 1 CHURCH OF CHRIST,2008,legacy_fallback_pending_official_review,0.993,,2000,2272,0.0
high,DEKALB,002153,7 1 CHURCH OF CHRIST,2008,legacy_fallback_pending_official_review,0.993,,2000,2272,0.0
medium,GIBSON,002773,16 RUTHERFORD,2008,legacy_fallback_pending_official_review,0.985,,2000,2856,0.96578464
medium,GIBSON,002772,16 RUTHERFORD,2008,legacy_fallback_pending_official_review,0.985,,2000,2856,0.01761966
medium,GIBSON,002771,16 RUTHERFORD,2008,legacy_fallback_pending_official_review,0.985,,2000,2856,0.01653337
medium,GIBSON,002776,16 RUTHERFORD,2008,legacy_fallback_pending_official_review,0.985,,2000,2856,6.071e-05
medium,GIBSON,002777,16 RUTHERFORD,2008,legacy_fallback_pending_official_review,0.985,,2000,2856,1.3e-06
medium,GIBSON,002774,16 RUTHERFORD,2008,legacy_fallback_pending_official_review,0.985,,2000,2856,3.2e-07
medium,GIBSON,002778,16 RUTHERFORD,2008,legacy_fallback_pending_official_review,0.985,,2000,2856,0.0
medium,GIBSON,002775,16 RUTHERFORD,2008,legacy_fallback_pending_official_review,0.985,,2000,2856,0.0
medium,GIBSON,002761,16 RUTHERFORD,2008,legacy_fallback_pending_official_review,0.985,,2000,2856,0.0
medium,GIBSON,002762,16 RUTHERFORD,2008,legacy_fallback_pending_official_review,0.985,,2000,2856,0.0
high,GIBSON,002774,17 2 IDLEWILD,2008,legacy_fallback_pending_official_review,1.0,,2000,2812,1.0
high,GIBSON,002765,17 2 IDLEWILD,2008,legacy_fallback_pending_official_review,1.0,,2000,2812,0.0
high,GIBSON,002766,17 2 IDLEWILD,2008,legacy_fallback_pending_official_review,1.0,,2000,2812,0.0
high,GIBSON,002776,17 2 IDLEWILD,2008,legacy_fallback_pending_official_review,1.0,,2000,2812,0.0
high,GIBSON,002775,17 2 IDLEWILD,2008,legacy_fallback_pending_official_review,1.0,,2000,2812,0.0
high,GIBSON,002764,17 2 IDLEWILD,2008,legacy_fallback_pending_official_review,1.0,,2000,2812,0.0
high,GIBSON,002777,17 2 IDLEWILD,2008,legacy_fallback_pending_official_review,1.0,,2000,2812,0.0
high,GIBSON,002770,17 2 IDLEWILD,2008,legacy_fallback_pending_official_review,1.0,,2000,2812,0.0
high,GIBSON,002762,17 2 IDLEWILD,2008,legacy_fallback_pending_official_review,1.0,,2000,2812,0.0
high,GIBSON,002769,17 2 IDLEWILD,2008,legacy_fallback_pending_official_review,1.0,,2000,2812,0.0
high,GIBSON,002778,2 HUMBOLDT CH CHR,2008,legacy_fallback_pending_official_review,0.993,,2000,2752,1.0
high,GIBSON,002771,2 HUMBOLDT CH CHR,2008,legacy_fallback_pending_official_review,0.993,,2000,2752,0.0
high,GIBSON,002777,2 HUMBOLDT CH CHR,2008,legacy_fallback_pending_official_review,0.993,,2000,2752,0.0
high,GIBSON,002762,2 HUMBOLDT CH CHR,2008,legacy_fallback_pending_official_review,0.993,,2000,2752,0.0
high,GIBSON,002775,2 HUMBOLDT CH CHR,2008,legacy_fallback_pending_official_review,0.993,,2000,2752,0.0
high,GIBSON,002761,2 HUMBOLDT CH CHR,2008,legacy_fallback_pending_official_review,0.993,,2000,2752,0.0
high,GIBSON,002763,2 HUMBOLDT CH CHR,2008,legacy_fallback_pending_official_review,0.993,,2000,2752,0.0
high,GIBSON,002773,2 HUMBOLDT CH CHR,2008,legacy_fallback_pending_official_review,0.993,,2000,2752,0.0
high,GIBSON,002759,2 HUMBOLDT CH CHR,2008,legacy_fallback_pending_official_review,0.993,,2000,2752,0.0
high,GIBSON,002776,2 HUMBOLDT CH CHR,2008,legacy_fallback_pending_official_review,0.993,,2000,2752,0.0
high,GIBSON,002764,2 HUMBOLDT CH CHR,2008,legacy_fallback_pending_official_review,0.993,,2000,2752,0.0
high,GIBSON,002761,3 HUMBOLDT PARK,2008,legacy_fallback_pending_official_review,0.993,,2000,2760,0.57489437
high,GIBSON,002771,3 HUMBOLDT PARK,2008,legacy_fallback_pending_official_review,0.993,,2000,2760,0.41624686
high,GIBSON,002778,3 HUMBOLDT PARK,2008,legacy_fallback_pending_official_review,0.993,,2000,2760,0.00885878
high,GIBSON,002762,3 HUMBOLDT PARK,2008,legacy_fallback_pending_official_review,0.993,,2000,2760,0.0
high,GIBSON,002773,3 HUMBOLDT PARK,2008,legacy_fallback_pending_official_review,0.993,,2000,2760,0.0
high,GIBSON,002763,3 HUMBOLDT PARK,2008,legacy_fallback_pending_official_review,0.993,,2000,2760,0.0
high,GIBSON,002777,3 HUMBOLDT PARK,2008,legacy_fallback_pending_official_review,0.993,,2000,2760,0.0
high,GIBSON,002775,3 HUMBOLDT PARK,2008,legacy_fallback_pending_official_review,0.993,,2000,2760,0.0
high,GIBSON,002759,3 HUMBOLDT PARK,2008,legacy_fallback_pending_official_review,0.993,,2000,2760,0.0
high,GIBSON,002764,3 HUMBOLDT PARK,2008,legacy_fallback_pending_official_review,0.993,,2000,2760,0.0
high,GIBSON,002760,3 HUMBOLDT PARK,2008,legacy_fallback_pending_official_review,0.993,,2000,2760,0.0
high,GIBSON,002756,4 HUMBOLDT FIRE STA,2008,legacy_fallback_pending_official_review,0.993,,2000,2772,0.87803008
high,GIBSON,002755,4 HUMBOLDT FIRE STA,2008,legacy_fallback_pending_official_review,0.993,,2000,2772,0.10360732
high,GIBSON,002757,4 HUMBOLDT FIRE STA,2008,legacy_fallback_pending_official_review,0.993,,2000,2772,0.0183626
high,GIBSON,002760,4 HUMBOLDT FIRE STA,2008,legacy_fallback_pending_official_review,0.993,,2000,2772,0.0
high,GIBSON,002754,4 HUMBOLDT FIRE STA,2008,legacy_fallback_pending_official_review,0.993,,2000,2772,0.0
high,GIBSON,002758,5 HUM LANE CHAPEL,2008,legacy_fallback_pending_official_review,0.993,,2000,2796,0.46025077
high,GIBSON,002757,5 HUM LANE CHAPEL,2008,legacy_fallback_pending_official_review,0.993,,2000,2796,0.38130771
high,GIBSON,002760,5 HUM LANE CHAPEL,2008,legacy_fallback_pending_official_review,0.993,,2000,2796,0.15256386
high,GIBSON,002756,5 HUM LANE CHAPEL,2008,legacy_fallback_pending_official_review,0.993,,2000,2796,0.00497635
high,GIBSON,002759,5 HUM LANE CHAPEL,2008,legacy_fallback_pending_official_review,0.993,,2000,2796,0.00041367
high,GIBSON,002755,5 HUM LANE CHAPEL,2008,legacy_fallback_pending_official_review,0.993,,2000,2796,0.00019704
high,GIBSON,002753,5 HUM LANE CHAPEL,2008,legacy_fallback_pending_official_review,0.993,,2000,2796,0.00017724
high,GIBSON,002754,5 HUM LANE CHAPEL,2008,legacy_fallback_pending_official_review,0.993,,2000,2796,0.00011337
high,GIBSON,002752,5 HUM LANE CHAPEL,2008,legacy_fallback_pending_official_review,0.993,,2000,2796,0.0
high,GIBSON,002751,5 HUM LANE CHAPEL,2008,legacy_fallback_pending_official_review,0.993,,2000,2796,0.0
high,GIBSON,002764,5 HUM LANE CHAPEL,2008,legacy_fallback_pending_official_review,0.993,,2000,2796,0.0
high,GIBSON,002758,6 HUM OLD ARMORY,2008,legacy_fallback_pending_official_review,0.993,,2000,2796,0.46025077
high,GIBSON,002757,6 HUM OLD ARMORY,2008,legacy_fallback_pending_official_review,0.993,,2000,2796,0.38130771
high,GIBSON,002760,6 HUM OLD ARMORY,2008,legacy_fallback_pending_official_review,0.993,,2000,2796,0.15256386
high,GIBSON,002756,6 HUM OLD ARMORY,2008,legacy_fallback_pending_official_review,0.993,,2000,2796,0.00497635
high,GIBSON,002759,6 HUM OLD ARMORY,2008,legacy_fallback_pending_official_review,0.993,,2000,2796,0.00041367
high,GIBSON,002755,6 HUM OLD ARMORY,2008,legacy_fallback_pending_official_review,0.993,,2000,2796,0.00019704
high,GIBSON,002753,6 HUM OLD ARMORY,2008,legacy_fallback_pending_official_review,0.993,,2000,2796,0.00017724
high,GIBSON,002754,6 HUM OLD ARMORY,2008,legacy_fallback_pending_official_review,0.993,,2000,2796,0.00011337
high,GIBSON,002752,6 HUM OLD ARMORY,2008,legacy_fallback_pending_official_review,0.993,,2000,2796,0.0
high,GIBSON,002751,6 HUM OLD ARMORY,2008,legacy_fallback_pending_official_review,0.993,,2000,2796,0.0
high,GIBSON,002764,6 HUM OLD ARMORY,2008,legacy_fallback_pending_official_review,0.993,,2000,2796,0.0
high,GIBSON,002778,7 2 FRUITLAND,2008,legacy_fallback_pending_official_review,0.993,,2000,2752,1.0
high,GIBSON,002771,7 2 FRUITLAND,2008,legacy_fallback_pending_official_review,0.993,,2000,2752,0.0
high,GIBSON,002777,7 2 FRUITLAND,2008,legacy_fallback_pending_official_review,0.993,,2000,2752,0.0
high,GIBSON,002762,7 2 FRUITLAND,2008,legacy_fallback_pending_official_review,0.993,,2000,2752,0.0
high,GIBSON,002775,7 2 FRUITLAND,2008,legacy_fallback_pending_official_review,0.993,,2000,2752,0.0
high,GIBSON,002761,7 2 FRUITLAND,2008,legacy_fallback_pending_official_review,0.993,,2000,2752,0.0
high,GIBSON,002763,7 2 FRUITLAND,2008,legacy_fallback_pending_official_review,0.993,,2000,2752,0.0
high,GIBSON,002773,7 2 FRUITLAND,2008,legacy_fallback_pending_official_review,0.993,,2000,2752,0.0
high,GIBSON,002759,7 2 FRUITLAND,2008,legacy_fallback_pending_official_review,0.993,,2000,2752,0.0
high,GIBSON,002776,7 2 FRUITLAND,2008,legacy_fallback_pending_official_review,0.993,,2000,2752,0.0
high,GIBSON,002764,7 2 FRUITLAND,2008,legacy_fallback_pending_official_review,0.993,,2000,2752,0.0
high,GIBSON,002774,8 1 EDISON,2008,legacy_fallback_pending_official_review,0.993,,2000,2736,0.88363502
high,GIBSON,002776,8 1 EDISON,2008,legacy_fallback_pending_official_review,0.993,,2000,2736,0.11605176
high,GIBSON,002766,8 1 EDISON,2008,legacy_fallback_pending_official_review,0.993,,2000,2736,0.00030728
high,GIBSON,002777,8 1 EDISON,2008,legacy_fallback_pending_official_review,0.993,,2000,2736,5.93e-06
high,GIBSON,002773,8 1 EDISON,2008,legacy_fallback_pending_official_review,0.993,,2000,2736,1e-08
high,GIBSON,002775,8 1 EDISON,2008,legacy_fallback_pending_official_review,0.993,,2000,2736,0.0
high,GIBSON,002772,8 1 EDISON,2008,legacy_fallback_pending_official_review,0.993,,2000,2736,0.0
high,GIBSON,002765,8 1 EDISON,2008,legacy_fallback_pending_official_review,0.993,,2000,2736,0.0
high,GIBSON,002762,8 1 EDISON,2008,legacy_fallback_pending_official_review,0.993,,2000,2736,0.0
high,GIBSON,002764,8 1 EDISON,2008,legacy_fallback_pending_official_review,0.993,,2000,2736,0.0
high,GIBSON,002761,8 2 BRAZIL,2008,legacy_fallback_pending_official_review,0.993,,2000,2740,1.0
high,GIBSON,002760,8 2 BRAZIL,2008,legacy_fallback_pending_official_review,0.993,,2000,2740,0.0
high,GIBSON,002762,8 2 BRAZIL,2008,legacy_fallback_pending_official_review,0.993,,2000,2740,0.0
high,GIBSON,002771,8 2 BRAZIL,2008,legacy_fallback_pending_official_review,0.993,,2000,2740,0.0
high,GIBSON,002763,8 2 BRAZIL,2008,legacy_fallback_pending_official_review,0.993,,2000,2740,0.0
high,GIBSON,002759,8 2 BRAZIL,2008,legacy_fallback_pending_official_review,0.993,,2000,2740,0.0
high,GIBSON,002778,8 2 BRAZIL,2008,legacy_fallback_pending_official_review,0.993,,2000,2740,0.0
high,GIBSON,002775,8 2 BRAZIL,2008,legacy_fallback_pending_official_review,0.993,,2000,2740,0.0
high,GIBSON,002764,8 2 BRAZIL,2008,legacy_fallback_pending_official_review,0.993,,2000,2740,0.0
high,GIBSON,002757,8 2 BRAZIL,2008,legacy_fallback_pending_official_review,0.993,,2000,2740,0.0
high,GIBSON,002756,8 2 BRAZIL,2008,legacy_fallback_pending_official_review,0.993,,2000,2740,0.0
high,GREENE,003067,BAILEYTON,2008,legacy_fallback_pending_official_review,1.0,,2000,003067,1.0
high,GREENE,003067,BAILEYTON CORP,2008,legacy_fallback_pending_official_review,1.0,,2000,003067,1.0
high,GREENE,003073,CHUCKEY,2008,legacy_fallback_pending_official_review,1.0,,2000,003073,1.0
high,GREENE,003080,HARDINS 11,2008,legacy_fallback_pending_official_review,0.997,,2000,3052,0.9998729
high,GREENE,003061,HARDINS 11,2008,legacy_fallback_pending_official_review,0.997,,2000,3052,0.0001271
high,GREENE,003082,HARDINS 11,2008,legacy_fallback_pending_official_review,0.997,,2000,3052,0.0
high,GREENE,003067,HARDINS 11,2008,legacy_fallback_pending_official_review,0.997,,2000,3052,0.0
high,GREENE,003084,HARDINS 11,2008,legacy_fallback_pending_official_review,0.997,,2000,3052,0.0
high,GREENE,003069,HARDINS 11,2008,legacy_fallback_pending_official_review,0.997,,2000,3052,0.0
high,GREENE,003072,HARDINS 11,2008,legacy_fallback_pending_official_review,0.997,,2000,3052,0.0
high,GREENE,003063,HARDINS 11,2008,legacy_fallback_pending_official_review,0.997,,2000,3052,0.0
high,GREENE,003076,HARDINS 11,2008,legacy_fallback_pending_official_review,0.997,,2000,3052,0.0
high,GREENE,003054,HARDINS 11,2008,legacy_fallback_pending_official_review,0.997,,2000,3052,0.0
high,GREENE,003073,HARDINS 11,2008,legacy_fallback_pending_official_review,0.997,,2000,3052,0.0
high,GREENE,003066,HARDINS 11,2008,legacy_fallback_pending_official_review,0.997,,2000,3052,0.0
high,GREENE,003059,HARDINS 11,2008,legacy_fallback_pending_official_review,0.997,,2000,3052,0.0
high,GREENE,003082,MOSHEIM CORP,2008,legacy_fallback_pending_official_review,1.0,,2000,003082,1.0
high,GREENE,003054,WARRENSBURG,2008,legacy_fallback_pending_official_review,0.997,,2000,3072,1.0
high,GREENE,003082,WARRENSBURG,2008,legacy_fallback_pending_official_review,0.997,,2000,3072,0.0
high,GREENE,003084,WARRENSBURG,2008,legacy_fallback_pending_official_review,0.997,,2000,3072,0.0
high,GREENE,003053,WARRENSBURG,2008,legacy_fallback_pending_official_review,0.997,,2000,3072,0.0
high,GREENE,003059,WARRENSBURG,2008,legacy_fallback_pending_official_review,0.997,,2000,3072,0.0
high,GREENE,003077,WARRENSBURG,2008,legacy_fallback_pending_official_review,0.997,,2000,3072,0.0
high,GREENE,003067,WOODLAWN 11,2008,legacy_fallback_pending_official_review,0.997,,2000,3004,1.0
high,GREENE,003080,WOODLAWN 11,2008,legacy_fallback_pending_official_review,0.997,,2000,3004,0.0
high,GREENE,003082,WOODLAWN 11,2008,legacy_fallback_pending_official_review,0.997,,2000,3004,0.0
high,GREENE,003061,WOODLAWN 11,2008,legacy_fallback_pending_official_review,0.997,,2000,3004,0.0
high,GREENE,003076,WOODLAWN 11,2008,legacy_fallback_pending_official_review,0.997,,2000,3004,0.0
high,GREENE,003054,WOODLAWN 11,2008,legacy_fallback_pending_official_review,0.997,,2000,3004,0.0
high,GREENE,003072,WOODLAWN 11,2008,legacy_fallback_pending_official_review,0.997,,2000,3004,0.0
high,GREENE,003084,WOODLAWN 11,2008,legacy_fallback_pending_official_review,0.997,,2000,3004,0.0
high,GREENE,003069,WOODLAWN 11,2008,legacy_fallback_pending_official_review,0.997,,2000,3004,0.0
high,GREENE,003063,WOODLAWN 11,2008,legacy_fallback_pending_official_review,0.997,,2000,3004,0.0
high,GREENE,003073,WOODLAWN 11,2008,legacy_fallback_pending_official_review,0.997,,2000,3004,0.0
high,GRUNDY,003152,BEERSHEBA SPRINGS,2008,legacy_fallback_pending_official_review,1.0,,2000,003152,1.0
high,GRUNDY,003163,GRUETLI LAAGER,2008,legacy_fallback_pending_official_review,1.0,,2000,003163,1.0
medium,GRUNDY,003156,TRACY CITY,2008,legacy_fallback_pending_official_review,0.99,,2000,3200,0.84226593
medium,GRUNDY,003161,TRACY CITY,2008,legacy_fallback_pending_official_review,0.99,,2000,3200,0.15772937
medium,GRUNDY,003157,TRACY CITY,2008,legacy_fallback_pending_official_review,0.99,,2000,3200,4.7e-06
medium,GRUNDY,003160,TRACY CITY,2008,legacy_fallback_pending_official_review,0.99,,2000,3200,0.0
medium,GRUNDY,003153,TRACY CITY,2008,legacy_fallback_pending_official_review,0.99,,2000,3200,0.0
medium,GRUNDY,003155,TRACY CITY,2008,legacy_fallback_pending_official_review,0.99,,2000,3200,0.0
medium,GRUNDY,003163,TRACY CITY,2008,legacy_fallback_pending_official_review,0.99,,2000,3200,0.0
low,HAMILTON,003368,167 COLLEGEDALE 3,2008,legacy_fallback_pending_official_review,0.916667,,2000,3488,0.40347231
low,HAMILTON,003367,167 COLLEGEDALE 3,2008,legacy_fallback_pending_official_review,0.916667,,2000,3488,0.28653265
low,HAMILTON,003370,167 COLLEGEDALE 3,2008,legacy_fallback_pending_official_review,0.916667,,2000,3488,0.22309821
low,HAMILTON,003443,167 COLLEGEDALE 3,2008,legacy_fallback_pending_official_review,0.916667,,2000,3488,0.03362713
low,HAMILTON,003369,167 COLLEGEDALE 3,2008,legacy_fallback_pending_official_review,0.916667,,2000,3488,0.02456907
low,HAMILTON,003355,167 COLLEGEDALE 3,2008,legacy_fallback_pending_official_review,0.916667,,2000,3488,0.01397074
low,HAMILTON,003459,167 COLLEGEDALE 3,2008,legacy_fallback_pending_official_review,0.916667,,2000,3488,0.01000729
low,HAMILTON,003468,167 COLLEGEDALE 3,2008,legacy_fallback_pending_official_review,0.916667,,2000,3488,0.00226436
low,HAMILTON,003442,167 COLLEGEDALE 3,2008,legacy_fallback_pending_official_review,0.916667,,2000,3488,0.00092505
low,HAMILTON,003357,167 COLLEGEDALE 3,2008,legacy_fallback_pending_official_review,0.916667,,2000,3488,0.00083201
low,HAMILTON,003445,167 COLLEGEDALE 3,2008,legacy_fallback_pending_official_review,0.916667,,2000,3488,0.00066083
low,HAMILTON,003444,167 COLLEGEDALE 3,2008,legacy_fallback_pending_official_review,0.916667,,2000,3488,3.05e-05
low,HAMILTON,003356,167 COLLEGEDALE 3,2008,legacy_fallback_pending_official_review,0.916667,,2000,3488,9.84e-06
low,HAMILTON,003440,167 COLLEGEDALE 3,2008,legacy_fallback_pending_official_review,0.916667,,2000,3488,0.0
low,HAMILTON,003441,167 COLLEGEDALE 3,2008,legacy_fallback_pending_official_review,0.916667,,2000,3488,0.0
low,HAMILTON,003408,167 COLLEGEDALE 3,2008,legacy_fallback_pending_official_review,0.916667,,2000,3488,0.0
low,HAMILTON,003409,167 COLLEGEDALE 3,2008,legacy_fallback_pending_official_review,0.916667,,2000,3488,0.0
low,HAMILTON,003361,167 COLLEGEDALE 3,2008,legacy_fallback_pending_official_review,0.916667,,2000,3488,0.0
low,HAMILTON,003467,167 COLLEGEDALE 3,2008,legacy_fallback_pending_official_review,0.916667,,2000,3488,0.0
low,HAMILTON,003469,167 COLLEGEDALE 3,2008,legacy_fallback_pending_official_review,0.916667,,2000,3488,0.0
low,HAMILTON,003378,167 COLLEGEDALE 3,2008,legacy_fallback_pending_official_review,0.916667,,2000,3488,0.0
low,HAMILTON,003473,167 COLLEGEDALE 3,2008,legacy_fallback_pending_official_review,0.916667,,2000,3488,0.0
low,HAMILTON,003474,167 COLLEGEDALE 3,2008,legacy_fallback_pending_official_review,0.916667,,2000,3488,0.0
low,HAMILTON,003375,167 COLLEGEDALE 3,2008,legacy_fallback_pending_official_review,0.916667,,2000,3488,0.0
low,HAMILTON,003475,167 COLLEGEDALE 3,2008,legacy_fallback_pending_official_review,0.916667,,2000,3488,0.0
low,HAMILTON,003376,167 COLLEGEDALE 3,2008,legacy_fallback_pending_official_review,0.916667,,2000,3488,0.0
low,HAMILTON,003372,167 COLLEGEDALE 3,2008,legacy_fallback_pending_official_review,0.916667,,2000,3488,0.0
low,HAMILTON,003470,167 COLLEGEDALE 3,2008,legacy_fallback_pending_official_review,0.916667,,2000,3488,0.0
low,HAMILTON,003387,167 COLLEGEDALE 3,2008,legacy_fallback_pending_official_review,0.916667,,2000,3488,0.0
low,HAMILTON,003377,167 COLLEGEDALE 3,2008,legacy_fallback_pending_official_review,0.916667,,2000,3488,0.0
high,HAMILTON,003363,BRAINERD REC EV,2008,legacy_fallback_pending_official_review,1.0,,2000,003363,1.0
low,HAMILTON,003437,NORTHGATE EV,2008,legacy_fallback_pending_official_review,0.857143,,2000,3424,0.53156907
low,HAMILTON,003386,NORTHGATE EV,2008,legacy_fallback_pending_official_review,0.857143,,2000,3424,0.4517754
low,HAMILTON,003422,NORTHGATE EV,2008,legacy_fallback_pending_official_review,0.857143,,2000,3424,0.01569436
low,HAMILTON,003436,NORTHGATE EV,2008,legacy_fallback_pending_official_review,0.857143,,2000,3424,0.00068308
low,HAMILTON,003450,NORTHGATE EV,2008,legacy_fallback_pending_official_review,0.857143,,2000,3424,0.00016612
low,HAMILTON,003412,NORTHGATE EV,2008,legacy_fallback_pending_official_review,0.857143,,2000,3424,0.00011196
low,HAMILTON,003413,NORTHGATE EV,2008,legacy_fallback_pending_official_review,0.857143,,2000,3424,0.0
low,HAMILTON,003438,NORTHGATE EV,2008,legacy_fallback_pending_official_review,0.857143,,2000,3424,0.0
low,HAMILTON,003411,NORTHGATE EV,2008,legacy_fallback_pending_official_review,0.857143,,2000,3424,0.0
low,HAMILTON,003439,NORTHGATE EV,2008,legacy_fallback_pending_official_review,0.857143,,2000,3424,0.0
low,HAMILTON,003449,NORTHGATE EV,2008,legacy_fallback_pending_official_review,0.857143,,2000,3424,0.0
low,HAMILTON,003428,NORTHGATE EV,2008,legacy_fallback_pending_official_review,0.857143,,2000,3424,0.0
low,HAMILTON,003446,NORTHGATE EV,2008,legacy_fallback_pending_official_review,0.857143,,2000,3424,0.0
low,HAMILTON,003465,NORTHGATE EV,2008,legacy_fallback_pending_official_review,0.857143,,2000,3424,0.0
low,HAMILTON,003471,NORTHGATE EV,2008,legacy_fallback_pending_official_review,0.857143,,2000,3424,0.0
low,HARDIN,003702,ARMORY 1 1,2008,legacy_fallback_pending_official_review,0.75,,2000,3736,0.84476649
low,HARDIN,003703,ARMORY 1 1,2008,legacy_fallback_pending_official_review,0.75,,2000,3736,0.14002801
low,HARDIN,003704,ARMORY 1 1,2008,legacy_fallback_pending_official_review,0.75,,2000,3736,0.01502704
low,HARDIN,003707,ARMORY 1 1,2008,legacy_fallback_pending_official_review,0.75,,2000,3736,0.00017846
low,HARDIN,003701,ARMORY 1 1,2008,legacy_fallback_pending_official_review,0.75,,2000,3736,0.0
low,HARDIN,003705,ARMORY 1 1,2008,legacy_fallback_pending_official_review,0.75,,2000,3736,0.0
low,HARDIN,003710,ARMORY 1 1,2008,legacy_fallback_pending_official_review,0.75,,2000,3736,0.0
low,HARDIN,003708,ARMORY 1 1,2008,legacy_fallback_pending_official_review,0.75,,2000,3736,0.0
low,HARDIN,003712,ARMORY 1 1,2008,legacy_fallback_pending_official_review,0.75,,2000,3736,0.0
low,HARDIN,003709,ARMORY 1 1,2008,legacy_fallback_pending_official_review,0.75,,2000,3736,0.0
low,HARDIN,003706,CERRO GORDO 6 1,2008,legacy_fallback_pending_official_review,0.846154,,2000,3756,0.83194993
low,HARDIN,003712,CERRO GORDO 6 1,2008,legacy_fallback_pending_official_review,0.846154,,2000,3756,0.11246385
low,HARDIN,003711,CERRO GORDO 6 1,2008,legacy_fallback_pending_official_review,0.846154,,2000,3756,0.05437816
low,HARDIN,003705,CERRO GORDO 6 1,2008,legacy_fallback_pending_official_review,0.846154,,2000,3756,0.00120806
low,HARDIN,003717,CERRO GORDO 6 1,2008,legacy_fallback_pending_official_review,0.846154,,2000,3756,0.0
low,HARDIN,003718,CERRO GORDO 6 1,2008,legacy_fallback_pending_official_review,0.846154,,2000,3756,0.0
low,HARDIN,003704,CERRO GORDO 6 1,2008,legacy_fallback_pending_official_review,0.846154,,2000,3756,0.0
low,HARDIN,003709,CERRO GORDO 6 1,2008,legacy_fallback_pending_official_review,0.846154,,2000,3756,0.0
low,HARDIN,003702,CERRO GORDO 6 1,2008,legacy_fallback_pending_official_review,0.846154,,2000,3756,0.0
low,HARDIN,003710,CERRO GORDO 6 1,2008,legacy_fallback_pending_official_review,0.846154,,2000,3756,0.0
low,HARDIN,003703,CERRO GORDO 6 1,2008,legacy_fallback_pending_official_review,0.846154,,2000,3756,0.0
low,HARDIN,003716,CERRO GORDO 6 1,2008,legacy_fallback_pending_official_review,0.846154,,2000,3756,0.0
low,HARDIN,003708,CERRO GORDO 6 1,2008,legacy_fallback_pending_official_review,0.846154,,2000,3756,0.0
low,HARDIN,003714,COUNCE 3 1,2008,legacy_fallback_pending_official_review,0.75,,2000,3760,0.98886586
low,HARDIN,003713,COUNCE 3 1,2008,legacy_fallback_pending_official_review,0.75,,2000,3760,0.01113414
low,HARDIN,003708,COUNCE 3 1,2008,legacy_fallback_pending_official_review,0.75,,2000,3760,0.0
low,HARDIN,003715,COUNCE 3 1,2008,legacy_fallback_pending_official_review,0.75,,2000,3760,0.0
low,HARDIN,003716,COUNCE 3 1,2008,legacy_fallback_pending_official_review,0.75,,2000,3760,0.0
low,HARDIN,003701,COUNCE 3 1,2008,legacy_fallback_pending_official_review,0.75,,2000,3760,0.0
low,HARDIN,003709,COUNCE 3 1,2008,legacy_fallback_pending_official_review,0.75,,2000,3760,0.0
low,HARDIN,003710,COUNCE 3 1,2008,legacy_fallback_pending_official_review,0.75,,2000,3760,0.0
low,HARDIN,003703,COUNCE 3 1,2008,legacy_fallback_pending_official_review,0.75,,2000,3760,0.0
low,HARDIN,003703,COURTHOUSE 9 1,2008,legacy_fallback_pending_official_review,0.833333,,2000,3752,1.0
low,HARDIN,003710,COURTHOUSE 9 1,2008,legacy_fallback_pending_official_review,0.833333,,2000,3752,0.0
low,HARDIN,003702,COURTHOUSE 9 1,2008,legacy_fallback_pending_official_review,0.833333,,2000,3752,0.0
low,HARDIN,003705,COURTHOUSE 9 1,2008,legacy_fallback_pending_official_review,0.833333,,2000,3752,0.0
low,HARDIN,003701,COURTHOUSE 9 1,2008,legacy_fallback_pending_official_review,0.833333,,2000,3752,0.0
low,HARDIN,003704,COURTHOUSE 9 1,2008,legacy_fallback_pending_official_review,0.833333,,2000,3752,0.0
low,HARDIN,003708,COURTHOUSE 9 1,2008,legacy_fallback_pending_official_review,0.833333,,2000,3752,0.0
low,HARDIN,003707,COURTHOUSE 9 1,2008,legacy_fallback_pending_official_review,0.833333,,2000,3752,0.0
low,HARDIN,003717,COURTHOUSE 9 1,2008,legacy_fallback_pending_official_review,0.833333,,2000,3752,0.0
low,HARDIN,003716,COURTHOUSE 9 1,2008,legacy_fallback_pending_official_review,0.833333,,2000,3752,0.0
low,HARDIN,003712,COURTHOUSE 9 1,2008,legacy_fallback_pending_official_review,0.833333,,2000,3752,0.0
low,HARDIN,003709,COURTHOUSE 9 1,2008,legacy_fallback_pending_official_review,0.833333,,2000,3752,0.0
low,HARDIN,003713,COURTHOUSE 9 1,2008,legacy_fallback_pending_official_review,0.833333,,2000,3752,0.0
low,HARDIN,003715,COURTHOUSE 9 1,2008,legacy_fallback_pending_official_review,0.833333,,2000,3752,0.0
low,HARDIN,003714,COURTHOUSE 9 1,2008,legacy_fallback_pending_official_review,0.833333,,2000,3752,0.0
low,HARDIN,003704,FAIRGROUND 10 1,2008,legacy_fallback_pending_official_review,0.8,,2000,3744,0.81482904
low,HARDIN,003705,FAIRGROUND 10 1,2008,legacy_fallback_pending_official_review,0.8,,2000,3744,0.18151177
low,HARDIN,003702,FAIRGROUND 10 1,2008,legacy_fallback_pending_official_review,0.8,,2000,3744,0.00365919
low,HARDIN,003712,FAIRGROUND 10 1,2008,legacy_fallback_pending_official_review,0.8,,2000,3744,0.0
low,HARDIN,003703,FAIRGROUND 10 1,2008,legacy_fallback_pending_official_review,0.8,,2000,3744,0.0
low,HARDIN,003709,FAIRGROUND 10 1,2008,legacy_fallback_pending_official_review,0.8,,2000,3744,0.0
low,HARDIN,003707,FAIRGROUND 10 1,2008,legacy_fallback_pending_official_review,0.8,,2000,3744,0.0
low,HARDIN,003717,FAIRGROUND 10 1,2008,legacy_fallback_pending_official_review,0.8,,2000,3744,0.0
low,HARDIN,003710,FAIRGROUND 10 1,2008,legacy_fallback_pending_official_review,0.8,,2000,3744,0.0
low,HARDIN,003701,FAIRGROUND 10 1,2008,legacy_fallback_pending_official_review,0.8,,2000,3744,0.0
low,HARDIN,003706,FAIRGROUND 10 1,2008,legacy_fallback_pending_official_review,0.8,,2000,3744,0.0
low,HARDIN,003711,FAIRGROUND 10 1,2008,legacy_fallback_pending_official_review,0.8,,2000,3744,0.0
low,HARDIN,003708,FAIRGROUND 10 1,2008,legacy_fallback_pending_official_review,0.8,,2000,3744,0.0
low,HARDIN,003711,OLIVE HILL 6 3,2008,legacy_fallback_pending_official_review,0.833333,,2000,3796,0.9816404
low,HARDIN,003712,OLIVE HILL 6 3,2008,legacy_fallback_pending_official_review,0.833333,,2000,3796,0.01816132
low,HARDIN,003705,OLIVE HILL 6 3,2008,legacy_fallback_pending_official_review,0.833333,,2000,3796,0.00019827
low,HARDIN,003709,OLIVE HILL 6 3,2008,legacy_fallback_pending_official_review,0.833333,,2000,3796,0.0
low,HARDIN,003706,OLIVE HILL 6 3,2008,legacy_fallback_pending_official_review,0.833333,,2000,3796,0.0
low,HARDIN,003704,OLIVE HILL 6 3,2008,legacy_fallback_pending_official_review,0.833333,,2000,3796,0.0
low,HARDIN,003715,OLIVE HILL 6 3,2008,legacy_fallback_pending_official_review,0.833333,,2000,3796,0.0
low,HARDIN,003707,OLIVE HILL 6 3,2008,legacy_fallback_pending_official_review,0.833333,,2000,3796,0.0
low,HARDIN,003708,OLIVE HILL 6 3,2008,legacy_fallback_pending_official_review,0.833333,,2000,3796,0.0
low,HARDIN,003702,OLIVE HILL 6 3,2008,legacy_fallback_pending_official_review,0.833333,,2000,3796,0.0
low,HARDIN,003717,OLIVE HILL 6 3,2008,legacy_fallback_pending_official_review,0.833333,,2000,3796,0.0
low,HARDIN,003718,OLIVE HILL 6 3,2008,legacy_fallback_pending_official_review,0.833333,,2000,3796,0.0
low,HARDIN,003707,OLIVET 1 2,2008,legacy_fallback_pending_official_review,0.75,,2000,3800,0.83384346
low,HARDIN,003704,OLIVET 1 2,2008,legacy_fallback_pending_official_review,0.75,,2000,3800,0.15366826
low,HARDIN,003705,OLIVET 1 2,2008,legacy_fallback_pending_official_review,0.75,,2000,3800,0.01222829
low,HARDIN,003702,OLIVET 1 2,2008,legacy_fallback_pending_official_review,0.75,,2000,3800,0.00025999
low,HARDIN,003709,OLIVET 1 2,2008,legacy_fallback_pending_official_review,0.75,,2000,3800,0.0
low,HARDIN,003703,OLIVET 1 2,2008,legacy_fallback_pending_official_review,0.75,,2000,3800,0.0
low,HARDIN,003712,OLIVET 1 2,2008,legacy_fallback_pending_official_review,0.75,,2000,3800,0.0
low,HARDIN,003701,OLIVET 1 2,2008,legacy_fallback_pending_official_review,0.75,,2000,3800,0.0
low,HARDIN,003715,OLIVET 1 2,2008,legacy_fallback_pending_official_review,0.75,,2000,3800,0.0
low,HARDIN,003711,OLIVET 1 2,2008,legacy_fallback_pending_official_review,0.75,,2000,3800,0.0
low,HARDIN,003708,OLIVET 1 2,2008,legacy_fallback_pending_official_review,0.75,,2000,3800,0.0
low,HARDIN,003710,OLIVET 1 2,2008,legacy_fallback_pending_official_review,0.75,,2000,3800,0.0
low,HARDIN,003706,OLIVET 1 2,2008,legacy_fallback_pending_official_review,0.75,,2000,3800,0.0
low,HARDIN,003713,OLIVET 1 2,2008,legacy_fallback_pending_official_review,0.75,,2000,3800,0.0
low,HARDIN,003716,OLIVET 1 2,2008,legacy_fallback_pending_official_review,0.75,,2000,3800,0.0
low,HARDIN,003714,OLIVET 1 2,2008,legacy_fallback_pending_official_review,0.75,,2000,3800,0.0
low,HARDIN,003712,RHODES 6 2,2008,legacy_fallback_pending_official_review,0.75,,2000,3804,0.91285729
low,HARDIN,003704,RHODES 6 2,2008,legacy_fallback_pending_official_review,0.75,,2000,3804,0.04468976
low,HARDIN,003709,RHODES 6 2,2008,legacy_fallback_pending_official_review,0.75,,2000,3804,0.02233115
low,HARDIN,003705,RHODES 6 2,2008,legacy_fallback_pending_official_review,0.75,,2000,3804,0.01992111
low,HARDIN,003702,RHODES 6 2,2008,legacy_fallback_pending_official_review,0.75,,2000,3804,0.00020069
low,HARDIN,003706,RHODES 6 2,2008,legacy_fallback_pending_official_review,0.75,,2000,3804,0.0
low,HARDIN,003711,RHODES 6 2,2008,legacy_fallback_pending_official_review,0.75,,2000,3804,0.0
low,HARDIN,003707,RHODES 6 2,2008,legacy_fallback_pending_official_review,0.75,,2000,3804,0.0
low,HARDIN,003703,RHODES 6 2,2008,legacy_fallback_pending_official_review,0.75,,2000,3804,0.0
low,HARDIN,003715,RHODES 6 2,2008,legacy_fallback_pending_official_review,0.75,,2000,3804,0.0
low,HARDIN,003708,RHODES 6 2,2008,legacy_fallback_pending_official_review,0.75,,2000,3804,0.0
low,HARDIN,003717,RHODES 6 2,2008,legacy_fallback_pending_official_review,0.75,,2000,3804,0.0
low,HARDIN,003718,RHODES 6 2,2008,legacy_fallback_pending_official_review,0.75,,2000,3804,0.0
low,HARDIN,003718,SALTILLO 5 1,2008,legacy_fallback_pending_official_review,0.8,,2000,3808,1.0
low,HARDIN,003717,SALTILLO 5 1,2008,legacy_fallback_pending_official_review,0.8,,2000,3808,0.0
low,HARDIN,003706,SALTILLO 5 1,2008,legacy_fallback_pending_official_review,0.8,,2000,3808,0.0
low,HARDIN,003712,SALTILLO 5 1,2008,legacy_fallback_pending_official_review,0.8,,2000,3808,0.0
low,HARDIN,003705,SALTILLO 5 1,2008,legacy_fallback_pending_official_review,0.8,,2000,3808,0.0
low,HARDIN,003711,SALTILLO 5 1,2008,legacy_fallback_pending_official_review,0.8,,2000,3808,0.0
low,HARDIN,003710,SALTILLO 5 1,2008,legacy_fallback_pending_official_review,0.8,,2000,3808,0.0
low,HARDIN,003716,SHILOH 4 1,2008,legacy_fallback_pending_official_review,0.75,,2000,3812,1.0
low,HARDIN,003710,SHILOH 4 1,2008,legacy_fallback_pending_official_review,0.75,,2000,3812,0.0
low,HARDIN,003708,SHILOH 4 1,2008,legacy_fallback_pending_official_review,0.75,,2000,3812,0.0
low,HARDIN,003713,SHILOH 4 1,2008,legacy_fallback_pending_official_review,0.75,,2000,3812,0.0
low,HARDIN,003717,SHILOH 4 1,2008,legacy_fallback_pending_official_review,0.75,,2000,3812,0.0
low,HARDIN,003705,SHILOH 4 1,2008,legacy_fallback_pending_official_review,0.75,,2000,3812,0.0
low,HARDIN,003703,SHILOH 4 1,2008,legacy_fallback_pending_official_review,0.75,,2000,3812,0.0
low,HARDIN,003701,SHILOH 4 1,2008,legacy_fallback_pending_official_review,0.75,,2000,3812,0.0
low,HARDIN,003714,SHILOH 4 1,2008,legacy_fallback_pending_official_review,0.75,,2000,3812,0.0
low,HARDIN,003709,SHILOH 4 1,2008,legacy_fallback_pending_official_review,0.75,,2000,3812,0.0
low,HARDIN,003715,SHILOH 4 1,2008,legacy_fallback_pending_official_review,0.75,,2000,3812,0.0
low,HARDIN,003704,SHILOH 4 1,2008,legacy_fallback_pending_official_review,0.75,,2000,3812,0.0
low,HARDIN,003702,SHILOH 4 1,2008,legacy_fallback_pending_official_review,0.75,,2000,3812,0.0
low,HARDIN,003713,SOUTHSIDE 3 2,2008,legacy_fallback_pending_official_review,0.818182,,2000,3816,0.69520996
low,HARDIN,003716,SOUTHSIDE 3 2,2008,legacy_fallback_pending_official_review,0.818182,,2000,3816,0.30479004
low,HARDIN,003714,SOUTHSIDE 3 2,2008,legacy_fallback_pending_official_review,0.818182,,2000,3816,0.0
low,HARDIN,003708,SOUTHSIDE 3 2,2008,legacy_fallback_pending_official_review,0.818182,,2000,3816,0.0
low,HARDIN,003710,SOUTHSIDE 3 2,2008,legacy_fallback_pending_official_review,0.818182,,2000,3816,0.0
low,HARDIN,003701,SOUTHSIDE 3 2,2008,legacy_fallback_pending_official_review,0.818182,,2000,3816,0.0
low,HARDIN,003715,SOUTHSIDE 3 2,2008,legacy_fallback_pending_official_review,0.818182,,2000,3816,0.0
low,HARDIN,003709,SOUTHSIDE 3 2,2008,legacy_fallback_pending_official_review,0.818182,,2000,3816,0.0
low,HARDIN,003703,SOUTHSIDE 3 2,2008,legacy_fallback_pending_official_review,0.818182,,2000,3816,0.0
low,HARDIN,003717,SOUTHSIDE 3 2,2008,legacy_fallback_pending_official_review,0.818182,,2000,3816,0.0
low,HARDIN,003705,SOUTHSIDE 3 2,2008,legacy_fallback_pending_official_review,0.818182,,2000,3816,0.0
low,HARDIN,003701,WALKERS 2 2,2008,legacy_fallback_pending_official_review,0.777778,,2000,3820,0.69486162
low,HARDIN,003703,WALKERS 2 2,2008,legacy_fallback_pending_official_review,0.777778,,2000,3820,0.30513838
low,HARDIN,003708,WALKERS 2 2,2008,legacy_fallback_pending_official_review,0.777778,,2000,3820,0.0
low,HARDIN,003710,WALKERS 2 2,2008,legacy_fallback_pending_official_review,0.777778,,2000,3820,0.0
low,HARDIN,003702,WALKERS 2 2,2008,legacy_fallback_pending_official_review,0.777778,,2000,3820,0.0
low,HARDIN,003704,WALKERS 2 2,2008,legacy_fallback_pending_official_review,0.777778,,2000,3820,0.0
low,HARDIN,003705,WALKERS 2 2,2008,legacy_fallback_pending_official_review,0.777778,,2000,3820,0.0
low,HARDIN,003707,WALKERS 2 2,2008,legacy_fallback_pending_official_review,0.777778,,2000,3820,0.0
low,HARDIN,003713,WALKERS 2 2,2008,legacy_fallback_pending_official_review,0.777778,,2000,3820,0.0
low,HARDIN,003716,WALKERS 2 2,2008,legacy_fallback_pending_official_review,0.777778,,2000,3820,0.0
low,HARDIN,003709,WALKERS 2 2,2008,legacy_fallback_pending_official_review,0.777778,,2000,3820,0.0
low,HARDIN,003715,WALKERS 2 2,2008,legacy_fallback_pending_official_review,0.777778,,2000,3820,0.0
low,HARDIN,003714,WALKERS 2 2,2008,legacy_fallback_pending_official_review,0.777778,,2000,3820,0.0
low,HARDIN,003711,WALKERS 2 2,2008,legacy_fallback_pending_official_review,0.777778,,2000,3820,0.0
low,HARDIN,003712,WALKERS 2 2,2008,legacy_fallback_pending_official_review,0.777778,,2000,3820,0.0
low,HARDIN,003715,WALNUT GROVE 7 2,2008,legacy_fallback_pending_official_review,0.857143,,2000,3824,1.0
low,HARDIN,003709,WALNUT GROVE 7 2,2008,legacy_fallback_pending_official_review,0.857143,,2000,3824,0.0
low,HARDIN,003708,WALNUT GROVE 7 2,2008,legacy_fallback_pending_official_review,0.857143,,2000,3824,0.0
low,HARDIN,003714,WALNUT GROVE 7 2,2008,legacy_fallback_pending_official_review,0.857143,,2000,3824,0.0
low,HARDIN,003713,WALNUT GROVE 7 2,2008,legacy_fallback_pending_official_review,0.857143,,2000,3824,0.0
low,HARDIN,003701,WALNUT GROVE 7 2,2008,legacy_fallback_pending_official_review,0.857143,,2000,3824,0.0
low,HARDIN,003711,WALNUT GROVE 7 2,2008,legacy_fallback_pending_official_review,0.857143,,2000,3824,0.0
low,HARDIN,003707,WALNUT GROVE 7 2,2008,legacy_fallback_pending_official_review,0.857143,,2000,3824,0.0
low,HARDIN,003704,WALNUT GROVE 7 2,2008,legacy_fallback_pending_official_review,0.857143,,2000,3824,0.0
low,HARDIN,003712,WALNUT GROVE 7 2,2008,legacy_fallback_pending_official_review,0.857143,,2000,3824,0.0
low,HARDIN,003716,WALNUT GROVE 7 2,2008,legacy_fallback_pending_official_review,0.857143,,2000,3824,0.0
low,HARDIN,003710,WALNUT GROVE 7 2,2008,legacy_fallback_pending_official_review,0.857143,,2000,3824,0.0
low,HARDIN,003702,WALNUT GROVE 7 2,2008,legacy_fallback_pending_official_review,0.857143,,2000,3824,0.0
low,HARDIN,003703,WALNUT GROVE 7 2,2008,legacy_fallback_pending_official_review,0.857143,,2000,3824,0.0
low,HARDIN,003709,WHITES 7 1,2008,legacy_fallback_pending_official_review,0.75,,2000,3828,0.99708143
low,HARDIN,003715,WHITES 7 1,2008,legacy_fallback_pending_official_review,0.75,,2000,3828,0.00291857
low,HARDIN,003711,WHITES 7 1,2008,legacy_fallback_pending_official_review,0.75,,2000,3828,0.0
low,HARDIN,003707,WHITES 7 1,2008,legacy_fallback_pending_official_review,0.75,,2000,3828,0.0
low,HARDIN,003704,WHITES 7 1,2008,legacy_fallback_pending_official_review,0.75,,2000,3828,0.0
low,HARDIN,003712,WHITES 7 1,2008,legacy_fallback_pending_official_review,0.75,,2000,3828,0.0
low,HARDIN,003708,WHITES 7 1,2008,legacy_fallback_pending_official_review,0.75,,2000,3828,0.0
low,HARDIN,003702,WHITES 7 1,2008,legacy_fallback_pending_official_review,0.75,,2000,3828,0.0
low,HARDIN,003705,WHITES 7 1,2008,legacy_fallback_pending_official_review,0.75,,2000,3828,0.0
low,HARDIN,003714,WHITES 7 1,2008,legacy_fallback_pending_official_review,0.75,,2000,3828,0.0
low,HARDIN,003706,WHITES 7 1,2008,legacy_fallback_pending_official_review,0.75,,2000,3828,0.0
low,HARDIN,003703,WHITES 7 1,2008,legacy_fallback_pending_official_review,0.75,,2000,3828,0.0
low,HARDIN,003701,WHITES 7 1,2008,legacy_fallback_pending_official_review,0.75,,2000,3828,0.0
low,HARDIN,003713,WHITES 7 1,2008,legacy_fallback_pending_official_review,0.75,,2000,3828,0.0
low,HARDIN,003716,WHITES 7 1,2008,legacy_fallback_pending_official_review,0.75,,2000,3828,0.0
low,HARDIN,003710,WHITES 7 1,2008,legacy_fallback_pending_official_review,0.75,,2000,3828,0.0
high,HAWKINS,003824,1 ARMORY INSIDE,2008,legacy_fallback_pending_official_review,0.993,,2000,3849,0.58048952
high,HAWKINS,003808,1 ARMORY INSIDE,2008,legacy_fallback_pending_official_review,0.993,,2000,3849,0.41922324
high,HAWKINS,003809,1 ARMORY INSIDE,2008,legacy_fallback_pending_official_review,0.993,,2000,3849,0.00028724
high,HAWKINS,003811,1 ARMORY INSIDE,2008,legacy_fallback_pending_official_review,0.993,,2000,3849,0.0
high,HAWKINS,003805,1 ARMORY INSIDE,2008,legacy_fallback_pending_official_review,0.993,,2000,3849,0.0
high,HAWKINS,003825,1 ARMORY INSIDE,2008,legacy_fallback_pending_official_review,0.993,,2000,3849,0.0
high,HAWKINS,003803,1 ARMORY INSIDE,2008,legacy_fallback_pending_official_review,0.993,,2000,3849,0.0
high,HAWKINS,003824,1 ARMORY OUTSIDE,2008,legacy_fallback_pending_official_review,0.993,,2000,3849,0.58048952
high,HAWKINS,003808,1 ARMORY OUTSIDE,2008,legacy_fallback_pending_official_review,0.993,,2000,3849,0.41922324
high,HAWKINS,003809,1 ARMORY OUTSIDE,2008,legacy_fallback_pending_official_review,0.993,,2000,3849,0.00028724
high,HAWKINS,003811,1 ARMORY OUTSIDE,2008,legacy_fallback_pending_official_review,0.993,,2000,3849,0.0
high,HAWKINS,003805,1 ARMORY OUTSIDE,2008,legacy_fallback_pending_official_review,0.993,,2000,3849,0.0
high,HAWKINS,003825,1 ARMORY OUTSIDE,2008,legacy_fallback_pending_official_review,0.993,,2000,3849,0.0
high,HAWKINS,003803,1 ARMORY OUTSIDE,2008,legacy_fallback_pending_official_review,0.993,,2000,3849,0.0
high,HAWKINS,003825,2 CHURCH HILL INSIDE,2008,legacy_fallback_pending_official_review,0.993,,2000,3868,0.93542127
high,HAWKINS,003808,2 CHURCH HILL INSIDE,2008,legacy_fallback_pending_official_review,0.993,,2000,3868,0.02699867
high,HAWKINS,003809,2 CHURCH HILL INSIDE,2008,legacy_fallback_pending_official_review,0.993,,2000,3868,0.02076337
high,HAWKINS,003811,2 CHURCH HILL INSIDE,2008,legacy_fallback_pending_official_review,0.993,,2000,3868,0.01674173
high,HAWKINS,003826,2 CHURCH HILL INSIDE,2008,legacy_fallback_pending_official_review,0.993,,2000,3868,7.496e-05
high,HAWKINS,003803,2 CHURCH HILL INSIDE,2008,legacy_fallback_pending_official_review,0.993,,2000,3868,0.0
high,HAWKINS,003805,2 CHURCH HILL INSIDE,2008,legacy_fallback_pending_official_review,0.993,,2000,3868,0.0
high,HAWKINS,003824,2 CHURCH HILL INSIDE,2008,legacy_fallback_pending_official_review,0.993,,2000,3868,0.0
high,HAWKINS,003819,2 CHURCH HILL INSIDE,2008,legacy_fallback_pending_official_review,0.993,,2000,3868,0.0
high,HAWKINS,003814,2 CHURCH HILL INSIDE,2008,legacy_fallback_pending_official_review,0.993,,2000,3868,0.0
high,HAWKINS,003802,2 CHURCH HILL INSIDE,2008,legacy_fallback_pending_official_review,0.993,,2000,3868,0.0
high,HAWKINS,003820,2 CHURCH HILL INSIDE,2008,legacy_fallback_pending_official_review,0.993,,2000,3868,0.0
high,HAWKINS,003825,2 CHURCH HILL OUTSID,2008,legacy_fallback_pending_official_review,0.993,,2000,3868,0.93542127
high,HAWKINS,003808,2 CHURCH HILL OUTSID,2008,legacy_fallback_pending_official_review,0.993,,2000,3868,0.02699867
high,HAWKINS,003809,2 CHURCH HILL OUTSID,2008,legacy_fallback_pending_official_review,0.993,,2000,3868,0.02076337
high,HAWKINS,003811,2 CHURCH HILL OUTSID,2008,legacy_fallback_pending_official_review,0.993,,2000,3868,0.01674173
high,HAWKINS,003826,2 CHURCH HILL OUTSID,2008,legacy_fallback_pending_official_review,0.993,,2000,3868,7.496e-05
high,HAWKINS,003803,2 CHURCH HILL OUTSID,2008,legacy_fallback_pending_official_review,0.993,,2000,3868,0.0
high,HAWKINS,003805,2 CHURCH HILL OUTSID,2008,legacy_fallback_pending_official_review,0.993,,2000,3868,0.0
high,HAWKINS,003824,2 CHURCH HILL OUTSID,2008,legacy_fallback_pending_official_review,0.993,,2000,3868,0.0
high,HAWKINS,003819,2 CHURCH HILL OUTSID,2008,legacy_fallback_pending_official_review,0.993,,2000,3868,0.0
high,HAWKINS,003814,2 CHURCH HILL OUTSID,2008,legacy_fallback_pending_official_review,0.993,,2000,3868,0.0
high,HAWKINS,003802,2 CHURCH HILL OUTSID,2008,legacy_fallback_pending_official_review,0.993,,2000,3868,0.0
high,HAWKINS,003820,2 CHURCH HILL OUTSID,2008,legacy_fallback_pending_official_review,0.993,,2000,3868,0.0
high,HAWKINS,003801,4 KEPLAR,2008,legacy_fallback_pending_official_review,0.993,,2000,3860,0.99999624
high,HAWKINS,003823,4 KEPLAR,2008,legacy_fallback_pending_official_review,0.993,,2000,3860,3.76e-06
high,HAWKINS,003814,4 KEPLAR,2008,legacy_fallback_pending_official_review,0.993,,2000,3860,0.0
high,HAWKINS,003816,4 KEPLAR,2008,legacy_fallback_pending_official_review,0.993,,2000,3860,0.0
high,HAWKINS,003802,4 KEPLAR,2008,legacy_fallback_pending_official_review,0.993,,2000,3860,0.0
high,HAWKINS,003805,4 KEPLAR,2008,legacy_fallback_pending_official_review,0.993,,2000,3860,0.0
high,HAWKINS,003806,4 KEPLAR,2008,legacy_fallback_pending_official_review,0.993,,2000,3860,0.0
high,HAWKINS,003813,4 KEPLAR,2008,legacy_fallback_pending_official_review,0.993,,2000,3860,0.0
high,HAWKINS,003826,4 KEPLAR,2008,legacy_fallback_pending_official_review,0.993,,2000,3860,0.0
high,HAWKINS,003817,4 KEPLAR,2008,legacy_fallback_pending_official_review,0.993,,2000,3860,0.0
high,HAWKINS,003803,4 KEPLAR,2008,legacy_fallback_pending_official_review,0.993,,2000,3860,0.0
high,HAWKINS,003814,5 ROGERSVILLE NO IN,2008,legacy_fallback_pending_official_review,0.993,,2000,3896,0.98988917
high,HAWKINS,003820,5 ROGERSVILLE NO IN,2008,legacy_fallback_pending_official_review,0.993,,2000,3896,0.00794635
high,HAWKINS,003813,5 ROGERSVILLE NO IN,2008,legacy_fallback_pending_official_review,0.993,,2000,3896,0.00216448
high,HAWKINS,003826,5 ROGERSVILLE NO IN,2008,legacy_fallback_pending_official_review,0.993,,2000,3896,0.0
high,HAWKINS,003817,5 ROGERSVILLE NO IN,2008,legacy_fallback_pending_official_review,0.993,,2000,3896,0.0
high,HAWKINS,003812,5 ROGERSVILLE NO IN,2008,legacy_fallback_pending_official_review,0.993,,2000,3896,0.0
high,HAWKINS,003816,5 ROGERSVILLE NO IN,2008,legacy_fallback_pending_official_review,0.993,,2000,3896,0.0
high,HAWKINS,003801,5 ROGERSVILLE NO IN,2008,legacy_fallback_pending_official_review,0.993,,2000,3896,0.0
high,HAWKINS,003819,5 ROGERSVILLE NO IN,2008,legacy_fallback_pending_official_review,0.993,,2000,3896,0.0
high,HAWKINS,003802,5 ROGERSVILLE NO IN,2008,legacy_fallback_pending_official_review,0.993,,2000,3896,0.0
high,HAWKINS,003811,5 ROGERSVILLE NO IN,2008,legacy_fallback_pending_official_review,0.993,,2000,3896,0.0
high,HAWKINS,003818,5 ROGERSVILLE NO IN,2008,legacy_fallback_pending_official_review,0.993,,2000,3896,0.0
high,HAWKINS,003823,5 ROGERSVILLE NO IN,2008,legacy_fallback_pending_official_review,0.993,,2000,3896,0.0
high,HAWKINS,003814,5 ROGERSVILLE SO IN,2008,legacy_fallback_pending_official_review,0.993,,2000,3896,0.98988917
high,HAWKINS,003820,5 ROGERSVILLE SO IN,2008,legacy_fallback_pending_official_review,0.993,,2000,3896,0.00794635
high,HAWKINS,003813,5 ROGERSVILLE SO IN,2008,legacy_fallback_pending_official_review,0.993,,2000,3896,0.00216448
high,HAWKINS,003826,5 ROGERSVILLE SO IN,2008,legacy_fallback_pending_official_review,0.993,,2000,3896,0.0
high,HAWKINS,003817,5 ROGERSVILLE SO IN,2008,legacy_fallback_pending_official_review,0.993,,2000,3896,0.0
high,HAWKINS,003812,5 ROGERSVILLE SO IN,2008,legacy_fallback_pending_official_review,0.993,,2000,3896,0.0
high,HAWKINS,003816,5 ROGERSVILLE SO IN,2008,legacy_fallback_pending_official_review,0.993,,2000,3896,0.0
high,HAWKINS,003801,5 ROGERSVILLE SO IN,2008,legacy_fallback_pending_official_review,0.993,,2000,3896,0.0
high,HAWKINS,003819,5 ROGERSVILLE SO IN,2008,legacy_fallback_pending_official_review,0.993,,2000,3896,0.0
high,HAWKINS,003802,5 ROGERSVILLE SO IN,2008,legacy_fallback_pending_official_review,0.993,,2000,3896,0.0
high,HAWKINS,003811,5 ROGERSVILLE SO IN,2008,legacy_fallback_pending_official_review,0.993,,2000,3896,0.0
high,HAWKINS,003818,5 ROGERSVILLE SO IN,2008,legacy_fallback_pending_official_review,0.993,,2000,3896,0.0
high,HAWKINS,003823,5 ROGERSVILLE SO IN,2008,legacy_fallback_pending_official_review,0.993,,2000,3896,0.0
high,HAWKINS,003823,7 BULLS GAP INSIDE,2008,legacy_fallback_pending_official_review,0.993,,2000,3852,0.99519829
high,HAWKINS,003816,7 BULLS GAP INSIDE,2008,legacy_fallback_pending_official_review,0.993,,2000,3852,0.00480171
high,HAWKINS,003801,7 BULLS GAP INSIDE,2008,legacy_fallback_pending_official_review,0.993,,2000,3852,0.0
high,HAWKINS,003813,7 BULLS GAP INSIDE,2008,legacy_fallback_pending_official_review,0.993,,2000,3852,0.0
high,HAWKINS,003817,7 BULLS GAP INSIDE,2008,legacy_fallback_pending_official_review,0.993,,2000,3852,0.0
high,HAWKINS,003814,7 BULLS GAP INSIDE,2008,legacy_fallback_pending_official_review,0.993,,2000,3852,0.0
high,HAWKINS,003802,7 BULLS GAP INSIDE,2008,legacy_fallback_pending_official_review,0.993,,2000,3852,0.0
high,HAWKINS,003823,7 BULLS GAP OUTSIDE,2008,legacy_fallback_pending_official_review,0.993,,2000,3852,0.99519829
high,HAWKINS,003816,7 BULLS GAP OUTSIDE,2008,legacy_fallback_pending_official_review,0.993,,2000,3852,0.00480171
high,HAWKINS,003801,7 BULLS GAP OUTSIDE,2008,legacy_fallback_pending_official_review,0.993,,2000,3852,0.0
high,HAWKINS,003813,7 BULLS GAP OUTSIDE,2008,legacy_fallback_pending_official_review,0.993,,2000,3852,0.0
high,HAWKINS,003817,7 BULLS GAP OUTSIDE,2008,legacy_fallback_pending_official_review,0.993,,2000,3852,0.0
high,HAWKINS,003814,7 BULLS GAP OUTSIDE,2008,legacy_fallback_pending_official_review,0.993,,2000,3852,0.0
high,HAWKINS,003802,7 BULLS GAP OUTSIDE,2008,legacy_fallback_pending_official_review,0.993,,2000,3852,0.0
high,HAWKINS,003823,7 STRAHL CHEROKEE,2008,legacy_fallback_pending_official_review,0.993,,2000,3852,0.99519829
high,HAWKINS,003816,7 STRAHL CHEROKEE,2008,legacy_fallback_pending_official_review,0.993,,2000,3852,0.00480171
high,HAWKINS,003801,7 STRAHL CHEROKEE,2008,legacy_fallback_pending_official_review,0.993,,2000,3852,0.0
high,HAWKINS,003813,7 STRAHL CHEROKEE,2008,legacy_fallback_pending_official_review,0.993,,2000,3852,0.0
high,HAWKINS,003817,7 STRAHL CHEROKEE,2008,legacy_fallback_pending_official_review,0.993,,2000,3852,0.0
high,HAWKINS,003814,7 STRAHL CHEROKEE,2008,legacy_fallback_pending_official_review,0.993,,2000,3852,0.0
high,HAWKINS,003802,7 STRAHL CHEROKEE,2008,legacy_fallback_pending_official_review,0.993,,2000,3852,0.0
low,HAYWOOD,003915,CITY FIRE DEPT,2008,legacy_fallback_pending_official_review,0.9375,,2000,3964,0.98242964
low,HAYWOOD,003903,CITY FIRE DEPT,2008,legacy_fallback_pending_official_review,0.9375,,2000,3964,0.0174358
low,HAYWOOD,003901,CITY FIRE DEPT,2008,legacy_fallback_pending_official_review,0.9375,,2000,3964,0.00013456
low,HAYWOOD,003912,CITY FIRE DEPT,2008,legacy_fallback_pending_official_review,0.9375,,2000,3964,0.0
low,HAYWOOD,003914,CITY FIRE DEPT,2008,legacy_fallback_pending_official_review,0.9375,,2000,3964,0.0
low,HAYWOOD,003904,CITY FIRE DEPT,2008,legacy_fallback_pending_official_review,0.9375,,2000,3964,0.0
low,HAYWOOD,003905,CITY FIRE DEPT,2008,legacy_fallback_pending_official_review,0.9375,,2000,3964,0.0
low,HAYWOOD,003902,CITY FIRE DEPT,2008,legacy_fallback_pending_official_review,0.9375,,2000,3964,0.0
low,HAYWOOD,003906,CITY FIRE DEPT,2008,legacy_fallback_pending_official_review,0.9375,,2000,3964,0.0
low,HAYWOOD,003902,COLLEGE HILL THEATRE,2008,legacy_fallback_pending_official_review,0.95,,2000,3960,0.95544163
low,HAYWOOD,003906,COLLEGE HILL THEATRE,2008,legacy_fallback_pending_official_review,0.95,,2000,3960,0.04455837
low,HAYWOOD,003905,COLLEGE HILL THEATRE,2008,legacy_fallback_pending_official_review,0.95,,2000,3960,0.0
low,HAYWOOD,003904,COLLEGE HILL THEATRE,2008,legacy_fallback_pending_official_review,0.95,,2000,3960,0.0
low,HAYWOOD,003901,COLLEGE HILL THEATRE,2008,legacy_fallback_pending_official_review,0.95,,2000,3960,0.0
low,HAYWOOD,003903,COLLEGE HILL THEATRE,2008,legacy_fallback_pending_official_review,0.95,,2000,3960,0.0
low,HAYWOOD,003915,COLLEGE HILL THEATRE,2008,legacy_fallback_pending_official_review,0.95,,2000,3960,0.0
low,HAYWOOD,003914,COLLEGE HILL THEATRE,2008,legacy_fallback_pending_official_review,0.95,,2000,3960,0.0
low,HAYWOOD,003912,COLLEGE HILL THEATRE,2008,legacy_fallback_pending_official_review,0.95,,2000,3960,0.0
high,HAYWOOD,003901,PARKS RECREATION,2008,legacy_fallback_pending_official_review,1.0,,2000,003901,1.0
high,HENDERSON,004007,3 10 FIRE STA 10,2008,legacy_fallback_pending_official_review,0.993,,2000,4016,0.96881457
high,HENDERSON,004011,3 10 FIRE STA 10,2008,legacy_fallback_pending_official_review,0.993,,2000,4016,0.01766758
high,HENDERSON,004010,3 10 FIRE STA 10,2008,legacy_fallback_pending_official_review,0.993,,2000,4016,0.01351225
high,HENDERSON,004006,3 10 FIRE STA 10,2008,legacy_fallback_pending_official_review,0.993,,2000,4016,5.6e-06
high,HENDERSON,004008,3 10 FIRE STA 10,2008,legacy_fallback_pending_official_review,0.993,,2000,4016,0.0
high,HENDERSON,004014,3 10 FIRE STA 10,2008,legacy_fallback_pending_official_review,0.993,,2000,4016,0.0
high,HENDERSON,004009,3 10 FIRE STA 10,2008,legacy_fallback_pending_official_review,0.993,,2000,4016,0.0
high,HENDERSON,004004,3 10 FIRE STA 10,2008,legacy_fallback_pending_official_review,0.993,,2000,4016,0.0
high,HENDERSON,004003,3 10 FIRE STA 10,2008,legacy_fallback_pending_official_review,0.993,,2000,4016,0.0
high,HENDERSON,004015,3 10 FIRE STA 10,2008,legacy_fallback_pending_official_review,0.993,,2000,4016,0.0
high,HENDERSON,004002,3 10 FIRE STA 10,2008,legacy_fallback_pending_official_review,0.993,,2000,4016,0.0
high,HENDERSON,004012,3 10 FIRE STA 10,2008,legacy_fallback_pending_official_review,0.993,,2000,4016,0.0
high,HENDERSON,004005,3 10 FIRE STA 10,2008,legacy_fallback_pending_official_review,0.993,,2000,4016,0.0
high,HENDERSON,004013,3 10 FIRE STA 10,2008,legacy_fallback_pending_official_review,0.993,,2000,4016,0.0
high,HENDERSON,004004,5 5 TN TECH CENTER,2008,legacy_fallback_pending_official_review,0.993,,2000,4024,0.97538129
high,HENDERSON,004010,5 5 TN TECH CENTER,2008,legacy_fallback_pending_official_review,0.993,,2000,4024,0.02461871
high,HENDERSON,004013,5 5 TN TECH CENTER,2008,legacy_fallback_pending_official_review,0.993,,2000,4024,0.0
high,HENDERSON,004005,5 5 TN TECH CENTER,2008,legacy_fallback_pending_official_review,0.993,,2000,4024,0.0
high,HENDERSON,004003,5 5 TN TECH CENTER,2008,legacy_fallback_pending_official_review,0.993,,2000,4024,0.0
high,HENDERSON,004011,5 5 TN TECH CENTER,2008,legacy_fallback_pending_official_review,0.993,,2000,4024,0.0
high,HENDERSON,004007,5 5 TN TECH CENTER,2008,legacy_fallback_pending_official_review,0.993,,2000,4024,0.0
high,HENDERSON,004009,5 5 TN TECH CENTER,2008,legacy_fallback_pending_official_review,0.993,,2000,4024,0.0
high,HENDERSON,004015,5 5 TN TECH CENTER,2008,legacy_fallback_pending_official_review,0.993,,2000,4024,0.0
high,HENDERSON,004001,5 5 TN TECH CENTER,2008,legacy_fallback_pending_official_review,0.993,,2000,4024,0.0
high,HENDERSON,004006,5 5 TN TECH CENTER,2008,legacy_fallback_pending_official_review,0.993,,2000,4024,0.0
high,HENDERSON,004002,5 5 TN TECH CENTER,2008,legacy_fallback_pending_official_review,0.993,,2000,4024,0.0
high,HENDERSON,004008,5 5 TN TECH CENTER,2008,legacy_fallback_pending_official_review,0.993,,2000,4024,0.0
high,HENDERSON,004014,5 5 TN TECH CENTER,2008,legacy_fallback_pending_official_review,0.993,,2000,4024,0.0
medium,HOUSTON,004305,ERIN ELEM SCHOOL,2008,legacy_fallback_pending_official_review,0.99,,2000,4216,0.8238818
medium,HOUSTON,004302,ERIN ELEM SCHOOL,2008,legacy_fallback_pending_official_review,0.99,,2000,4216,0.17582568
medium,HOUSTON,004303,ERIN ELEM SCHOOL,2008,legacy_fallback_pending_official_review,0.99,,2000,4216,0.00018544
medium,HOUSTON,004304,ERIN ELEM SCHOOL,2008,legacy_fallback_pending_official_review,0.99,,2000,4216,0.00010708
medium,HOUSTON,004307,ERIN ELEM SCHOOL,2008,legacy_fallback_pending_official_review,0.99,,2000,4216,0.0
medium,HOUSTON,004306,ERIN ELEM SCHOOL,2008,legacy_fallback_pending_official_review,0.99,,2000,4216,0.0
medium,HOUSTON,004301,ERIN ELEM SCHOOL,2008,legacy_fallback_pending_official_review,0.99,,2000,4216,0.0
medium,HOUSTON,004306,HOUSTON CO MID SCH,2008,legacy_fallback_pending_official_review,0.982,,2000,4224,0.99247687
medium,HOUSTON,004303,HOUSTON CO MID SCH,2008,legacy_fallback_pending_official_review,0.982,,2000,4224,0.00710367
medium,HOUSTON,004301,HOUSTON CO MID SCH,2008,legacy_fallback_pending_official_review,0.982,,2000,4224,0.00041914
medium,HOUSTON,004302,HOUSTON CO MID SCH,2008,legacy_fallback_pending_official_review,0.982,,2000,4224,3e-07
medium,HOUSTON,004304,HOUSTON CO MID SCH,2008,legacy_fallback_pending_official_review,0.982,,2000,4224,2e-08
medium,HOUSTON,004307,HOUSTON CO MID SCH,2008,legacy_fallback_pending_official_review,0.982,,2000,4224,0.0
medium,HOUSTON,004305,HOUSTON CO MID SCH,2008,legacy_fallback_pending_official_review,0.982,,2000,4224,0.0
high,JACKSON,004501,6 2,2008,legacy_fallback_pending_official_review,1.0,,2000,4366,1.0
high,JACKSON,004503,6 2,2008,legacy_fallback_pending_official_review,1.0,,2000,4366,0.0
high,JACKSON,004507,6 2,2008,legacy_fallback_pending_official_review,1.0,,2000,4366,0.0
high,JACKSON,004502,6 2,2008,legacy_fallback_pending_official_review,1.0,,2000,4366,0.0
high,JACKSON,004505,6 2,2008,legacy_fallback_pending_official_review,1.0,,2000,4366,0.0
high,JACKSON,004506,6 2,2008,legacy_fallback_pending_official_review,1.0,,2000,4366,0.0
high,JEFFERSON,004609,8 1 CHESTNUT HILL,2008,legacy_fallback_pending_official_review,0.993,,2000,4400,0.98199155
high,JEFFERSON,004611,8 1 CHESTNUT HILL,2008,legacy_fallback_pending_official_review,0.993,,2000,4400,0.01790975
high,JEFFERSON,004604,8 1 CHESTNUT HILL,2008,legacy_fallback_pending_official_review,0.993,,2000,4400,9.87e-05
high,JEFFERSON,004601,8 1 CHESTNUT HILL,2008,legacy_fallback_pending_official_review,0.993,,2000,4400,0.0
high,JEFFERSON,004608,8 1 CHESTNUT HILL,2008,legacy_fallback_pending_official_review,0.993,,2000,4400,0.0
high,JEFFERSON,004606,8 1 CHESTNUT HILL,2008,legacy_fallback_pending_official_review,0.993,,2000,4400,0.0
high,JEFFERSON,004603,8 1 CHESTNUT HILL,2008,legacy_fallback_pending_official_review,0.993,,2000,4400,0.0
high,JEFFERSON,004610,8 1 CHESTNUT HILL,2008,legacy_fallback_pending_official_review,0.993,,2000,4400,0.0
high,JEFFERSON,004607,8 1 CHESTNUT HILL,2008,legacy_fallback_pending_official_review,0.993,,2000,4400,0.0
high,JEFFERSON,004609,8 2 OLD SWANNY SCH,2008,legacy_fallback_pending_official_review,0.993,,2000,4400,0.98199155
high,JEFFERSON,004611,8 2 OLD SWANNY SCH,2008,legacy_fallback_pending_official_review,0.993,,2000,4400,0.01790975
high,JEFFERSON,004604,8 2 OLD SWANNY SCH,2008,legacy_fallback_pending_official_review,0.993,,2000,4400,9.87e-05
high,JEFFERSON,004601,8 2 OLD SWANNY SCH,2008,legacy_fallback_pending_official_review,0.993,,2000,4400,0.0
high,JEFFERSON,004608,8 2 OLD SWANNY SCH,2008,legacy_fallback_pending_official_review,0.993,,2000,4400,0.0
high,JEFFERSON,004606,8 2 OLD SWANNY SCH,2008,legacy_fallback_pending_official_review,0.993,,2000,4400,0.0
high,JEFFERSON,004603,8 2 OLD SWANNY SCH,2008,legacy_fallback_pending_official_review,0.993,,2000,4400,0.0
high,JEFFERSON,004610,8 2 OLD SWANNY SCH,2008,legacy_fallback_pending_official_review,0.993,,2000,4400,0.0
high,JEFFERSON,004607,8 2 OLD SWANNY SCH,2008,legacy_fallback_pending_official_review,0.993,,2000,4400,0.0
low,LAUDERDALE,005054,CONNER 2,2008,legacy_fallback_pending_official_review,0.857143,,2000,5004,0.86605745
low,LAUDERDALE,005064,CONNER 2,2008,legacy_fallback_pending_official_review,0.857143,,2000,5004,0.13394255
low,LAUDERDALE,005056,CONNER 2,2008,legacy_fallback_pending_official_review,0.857143,,2000,5004,0.0
low,LAUDERDALE,005052,CONNER 2,2008,legacy_fallback_pending_official_review,0.857143,,2000,5004,0.0
low,LAUDERDALE,005057,CONNER 2,2008,legacy_fallback_pending_official_review,0.857143,,2000,5004,0.0
low,LAUDERDALE,005051,CONNER 2,2008,legacy_fallback_pending_official_review,0.857143,,2000,5004,0.0
low,LAUDERDALE,005052,CURVE 6,2008,legacy_fallback_pending_official_review,0.833333,,2000,4912,0.69536158
low,LAUDERDALE,005054,CURVE 6,2008,legacy_fallback_pending_official_review,0.833333,,2000,4912,0.29601315
low,LAUDERDALE,005051,CURVE 6,2008,legacy_fallback_pending_official_review,0.833333,,2000,4912,0.00862527
low,LAUDERDALE,005063,CURVE 6,2008,legacy_fallback_pending_official_review,0.833333,,2000,4912,0.0
low,LAUDERDALE,005064,CURVE 6,2008,legacy_fallback_pending_official_review,0.833333,,2000,4912,0.0
low,LAUDERDALE,005053,CURVE 6,2008,legacy_fallback_pending_official_review,0.833333,,2000,4912,0.0
low,LAUDERDALE,005056,CURVE 6,2008,legacy_fallback_pending_official_review,0.833333,,2000,4912,0.0
low,LAUDERDALE,005057,CURVE 6,2008,legacy_fallback_pending_official_review,0.833333,,2000,4912,0.0
low,LAUDERDALE,005053,EDITH 7,2008,legacy_fallback_pending_official_review,0.833333,,2000,4956,0.63703365
low,LAUDERDALE,005051,EDITH 7,2008,legacy_fallback_pending_official_review,0.833333,,2000,4956,0.36296635
low,LAUDERDALE,005063,EDITH 7,2008,legacy_fallback_pending_official_review,0.833333,,2000,4956,0.0
low,LAUDERDALE,005060,EDITH 7,2008,legacy_fallback_pending_official_review,0.833333,,2000,4956,0.0
low,LAUDERDALE,005058,EDITH 7,2008,legacy_fallback_pending_official_review,0.833333,,2000,4956,0.0
low,LAUDERDALE,005054,EDITH 7,2008,legacy_fallback_pending_official_review,0.833333,,2000,4956,0.0
low,LAUDERDALE,005057,EDITH 7,2008,legacy_fallback_pending_official_review,0.833333,,2000,4956,0.0
low,LAUDERDALE,005052,EDITH 7,2008,legacy_fallback_pending_official_review,0.833333,,2000,4956,0.0
low,LAUDERDALE,005052,GATES 7,2008,legacy_fallback_pending_official_review,0.833333,,2000,4952,0.9694786
low,LAUDERDALE,005063,GATES 7,2008,legacy_fallback_pending_official_review,0.833333,,2000,4952,0.03023036
low,LAUDERDALE,005054,GATES 7,2008,legacy_fallback_pending_official_review,0.833333,,2000,4952,0.00029104
low,LAUDERDALE,005053,GATES 7,2008,legacy_fallback_pending_official_review,0.833333,,2000,4952,0.0
low,LAUDERDALE,005064,GATES 7,2008,legacy_fallback_pending_official_review,0.833333,,2000,4952,0.0
low,LAUDERDALE,005051,GATES 7,2008,legacy_fallback_pending_official_review,0.833333,,2000,4952,0.0
low,LAUDERDALE,005056,GATES 7,2008,legacy_fallback_pending_official_review,0.833333,,2000,4952,0.0
low,LAUDERDALE,005057,GATES 7,2008,legacy_fallback_pending_official_review,0.833333,,2000,4952,0.0
low,LAUDERDALE,005064,GLIMP 1,2008,legacy_fallback_pending_official_review,0.833333,,2000,4960,0.44982496
low,LAUDERDALE,005058,GLIMP 1,2008,legacy_fallback_pending_official_review,0.833333,,2000,4960,0.35890702
low,LAUDERDALE,005060,GLIMP 1,2008,legacy_fallback_pending_official_review,0.833333,,2000,4960,0.19126802
low,LAUDERDALE,005051,GLIMP 1,2008,legacy_fallback_pending_official_review,0.833333,,2000,4960,0.0
low,LAUDERDALE,005057,GLIMP 1,2008,legacy_fallback_pending_official_review,0.833333,,2000,4960,0.0
low,LAUDERDALE,005056,GLIMP 1,2008,legacy_fallback_pending_official_review,0.833333,,2000,4960,0.0
low,LAUDERDALE,005060,PRICE 5,2008,legacy_fallback_pending_official_review,0.833333,,2000,4936,0.88295582
low,LAUDERDALE,005064,PRICE 5,2008,legacy_fallback_pending_official_review,0.833333,,2000,4936,0.06510116
low,LAUDERDALE,005058,PRICE 5,2008,legacy_fallback_pending_official_review,0.833333,,2000,4936,0.05194301
low,LAUDERDALE,005051,PRICE 5,2008,legacy_fallback_pending_official_review,0.833333,,2000,4936,0.0
low,LAUDERDALE,005057,PRICE 5,2008,legacy_fallback_pending_official_review,0.833333,,2000,4936,0.0
low,LAUDERDALE,005056,PRICE 5,2008,legacy_fallback_pending_official_review,0.833333,,2000,4936,0.0
high,LAWRENCE,005156,04 2 FALL RIVER,2008,legacy_fallback_pending_official_review,0.993,,2000,5018,0.9508711
high,LAWRENCE,005171,04 2 FALL RIVER,2008,legacy_fallback_pending_official_review,0.993,,2000,5018,0.0491289
high,LAWRENCE,005154,04 2 FALL RIVER,2008,legacy_fallback_pending_official_review,0.993,,2000,5018,0.0
high,LAWRENCE,005163,04 2 FALL RIVER,2008,legacy_fallback_pending_official_review,0.993,,2000,5018,0.0
high,LAWRENCE,005172,04 2 FALL RIVER,2008,legacy_fallback_pending_official_review,0.993,,2000,5018,0.0
high,LAWRENCE,005170,04 2 FALL RIVER,2008,legacy_fallback_pending_official_review,0.993,,2000,5018,0.0
high,LAWRENCE,005151,04 2 FALL RIVER,2008,legacy_fallback_pending_official_review,0.993,,2000,5018,0.0
high,LAWRENCE,005155,04 2 FALL RIVER,2008,legacy_fallback_pending_official_review,0.993,,2000,5018,0.0
high,LAWRENCE,005157,04 2 FALL RIVER,2008,legacy_fallback_pending_official_review,0.993,,2000,5018,0.0
high,LAWRENCE,005165,04 2 FALL RIVER,2008,legacy_fallback_pending_official_review,0.993,,2000,5018,0.0
high,LAWRENCE,005169,04 2 FALL RIVER,2008,legacy_fallback_pending_official_review,0.993,,2000,5018,0.0
high,LAWRENCE,005152,04 2 FALL RIVER,2008,legacy_fallback_pending_official_review,0.993,,2000,5018,0.0
high,LAWRENCE,005156,12 2 HENRYVILLE,2008,legacy_fallback_pending_official_review,0.993,,2000,5018,0.9508711
high,LAWRENCE,005171,12 2 HENRYVILLE,2008,legacy_fallback_pending_official_review,0.993,,2000,5018,0.0491289
high,LAWRENCE,005154,12 2 HENRYVILLE,2008,legacy_fallback_pending_official_review,0.993,,2000,5018,0.0
high,LAWRENCE,005163,12 2 HENRYVILLE,2008,legacy_fallback_pending_official_review,0.993,,2000,5018,0.0
high,LAWRENCE,005172,12 2 HENRYVILLE,2008,legacy_fallback_pending_official_review,0.993,,2000,5018,0.0
high,LAWRENCE,005170,12 2 HENRYVILLE,2008,legacy_fallback_pending_official_review,0.993,,2000,5018,0.0
high,LAWRENCE,005151,12 2 HENRYVILLE,2008,legacy_fallback_pending_official_review,0.993,,2000,5018,0.0
high,LAWRENCE,005155,12 2 HENRYVILLE,2008,legacy_fallback_pending_official_review,0.993,,2000,5018,0.0
high,LAWRENCE,005157,12 2 HENRYVILLE,2008,legacy_fallback_pending_official_review,0.993,,2000,5018,0.0
high,LAWRENCE,005165,12 2 HENRYVILLE,2008,legacy_fallback_pending_official_review,0.993,,2000,5018,0.0
high,LAWRENCE,005169,12 2 HENRYVILLE,2008,legacy_fallback_pending_official_review,0.993,,2000,5018,0.0
high,LAWRENCE,005152,12 2 HENRYVILLE,2008,legacy_fallback_pending_official_review,0.993,,2000,5018,0.0
high,LAWRENCE,005156,13 2 MIDWEST,2008,legacy_fallback_pending_official_review,0.993,,2000,5018,0.9508711
high,LAWRENCE,005171,13 2 MIDWEST,2008,legacy_fallback_pending_official_review,0.993,,2000,5018,0.0491289
high,LAWRENCE,005154,13 2 MIDWEST,2008,legacy_fallback_pending_official_review,0.993,,2000,5018,0.0
high,LAWRENCE,005163,13 2 MIDWEST,2008,legacy_fallback_pending_official_review,0.993,,2000,5018,0.0
high,LAWRENCE,005172,13 2 MIDWEST,2008,legacy_fallback_pending_official_review,0.993,,2000,5018,0.0
high,LAWRENCE,005170,13 2 MIDWEST,2008,legacy_fallback_pending_official_review,0.993,,2000,5018,0.0
high,LAWRENCE,005151,13 2 MIDWEST,2008,legacy_fallback_pending_official_review,0.993,,2000,5018,0.0
high,LAWRENCE,005155,13 2 MIDWEST,2008,legacy_fallback_pending_official_review,0.993,,2000,5018,0.0
high,LAWRENCE,005157,13 2 MIDWEST,2008,legacy_fallback_pending_official_review,0.993,,2000,5018,0.0
high,LAWRENCE,005165,13 2 MIDWEST,2008,legacy_fallback_pending_official_review,0.993,,2000,5018,0.0
high,LAWRENCE,005169,13 2 MIDWEST,2008,legacy_fallback_pending_official_review,0.993,,2000,5018,0.0
high,LAWRENCE,005152,13 2 MIDWEST,2008,legacy_fallback_pending_official_review,0.993,,2000,5018,0.0
high,LAWRENCE,005153,13 3 PEA RIDGE,2008,legacy_fallback_pending_official_review,0.993,,2000,5034,0.71322496
high,LAWRENCE,005151,13 3 PEA RIDGE,2008,legacy_fallback_pending_official_review,0.993,,2000,5034,0.16519262
high,LAWRENCE,005169,13 3 PEA RIDGE,2008,legacy_fallback_pending_official_review,0.993,,2000,5034,0.12149553
high,LAWRENCE,005152,13 3 PEA RIDGE,2008,legacy_fallback_pending_official_review,0.993,,2000,5034,8.69e-05
high,LAWRENCE,005155,13 3 PEA RIDGE,2008,legacy_fallback_pending_official_review,0.993,,2000,5034,0.0
high,LAWRENCE,005154,13 3 PEA RIDGE,2008,legacy_fallback_pending_official_review,0.993,,2000,5034,0.0
high,LAWRENCE,005170,13 3 PEA RIDGE,2008,legacy_fallback_pending_official_review,0.993,,2000,5034,0.0
high,LAWRENCE,005158,13 3 PEA RIDGE,2008,legacy_fallback_pending_official_review,0.993,,2000,5034,0.0
high,LAWRENCE,005157,13 3 PEA RIDGE,2008,legacy_fallback_pending_official_review,0.993,,2000,5034,0.0
high,LAWRENCE,005156,13 3 PEA RIDGE,2008,legacy_fallback_pending_official_review,0.993,,2000,5034,0.0
high,LAWRENCE,005172,13 3 PEA RIDGE,2008,legacy_fallback_pending_official_review,0.993,,2000,5034,0.0
high,LAWRENCE,005165,13 3 PEA RIDGE,2008,legacy_fallback_pending_official_review,0.993,,2000,5034,0.0
high,LAWRENCE,005171,17 1 SOWELL,2008,legacy_fallback_pending_official_review,0.993,,2000,5016,0.93179261
high,LAWRENCE,005170,17 1 SOWELL,2008,legacy_fallback_pending_official_review,0.993,,2000,5016,0.06820489
high,LAWRENCE,005151,17 1 SOWELL,2008,legacy_fallback_pending_official_review,0.993,,2000,5016,2.5e-06
high,LAWRENCE,005156,17 1 SOWELL,2008,legacy_fallback_pending_official_review,0.993,,2000,5016,0.0
high,LAWRENCE,005154,17 1 SOWELL,2008,legacy_fallback_pending_official_review,0.993,,2000,5016,0.0
high,LAWRENCE,005163,17 1 SOWELL,2008,legacy_fallback_pending_official_review,0.993,,2000,5016,0.0
high,LAWRENCE,005172,17 1 SOWELL,2008,legacy_fallback_pending_official_review,0.993,,2000,5016,0.0
high,LAWRENCE,005156,17 2 OLD ARMORY,2008,legacy_fallback_pending_official_review,0.993,,2000,5018,0.9508711
high,LAWRENCE,005171,17 2 OLD ARMORY,2008,legacy_fallback_pending_official_review,0.993,,2000,5018,0.0491289
high,LAWRENCE,005154,17 2 OLD ARMORY,2008,legacy_fallback_pending_official_review,0.993,,2000,5018,0.0
high,LAWRENCE,005163,17 2 OLD ARMORY,2008,legacy_fallback_pending_official_review,0.993,,2000,5018,0.0
high,LAWRENCE,005172,17 2 OLD ARMORY,2008,legacy_fallback_pending_official_review,0.993,,2000,5018,0.0
high,LAWRENCE,005170,17 2 OLD ARMORY,2008,legacy_fallback_pending_official_review,0.993,,2000,5018,0.0
high,LAWRENCE,005151,17 2 OLD ARMORY,2008,legacy_fallback_pending_official_review,0.993,,2000,5018,0.0
high,LAWRENCE,005155,17 2 OLD ARMORY,2008,legacy_fallback_pending_official_review,0.993,,2000,5018,0.0
high,LAWRENCE,005157,17 2 OLD ARMORY,2008,legacy_fallback_pending_official_review,0.993,,2000,5018,0.0
high,LAWRENCE,005165,17 2 OLD ARMORY,2008,legacy_fallback_pending_official_review,0.993,,2000,5018,0.0
high,LAWRENCE,005169,17 2 OLD ARMORY,2008,legacy_fallback_pending_official_review,0.993,,2000,5018,0.0
high,LAWRENCE,005152,17 2 OLD ARMORY,2008,legacy_fallback_pending_official_review,0.993,,2000,5018,0.0
high,LINCOLN,000015,1 2 MOLINO CH OF CH,2008,legacy_fallback_pending_official_review,1.0,,2000,000015,1.0
high,LINCOLN,000010,2 2 HOWELL CC,2008,legacy_fallback_pending_official_review,1.0,,2000,000010,1.0
medium,MACON,005556,CROSS ROADS CENTER,2008,legacy_fallback_pending_official_review,0.985,,2000,5344,0.45999545
medium,MACON,005558,CROSS ROADS CENTER,2008,legacy_fallback_pending_official_review,0.985,,2000,5344,0.36431532
medium,MACON,005553,CROSS ROADS CENTER,2008,legacy_fallback_pending_official_review,0.985,,2000,5344,0.09058698
medium,MACON,005557,CROSS ROADS CENTER,2008,legacy_fallback_pending_official_review,0.985,,2000,5344,0.03200808
medium,MACON,005560,CROSS ROADS CENTER,2008,legacy_fallback_pending_official_review,0.985,,2000,5344,0.02002931
medium,MACON,005559,CROSS ROADS CENTER,2008,legacy_fallback_pending_official_review,0.985,,2000,5344,0.01746243
medium,MACON,005555,CROSS ROADS CENTER,2008,legacy_fallback_pending_official_review,0.985,,2000,5344,0.01534201
medium,MACON,005554,CROSS ROADS CENTER,2008,legacy_fallback_pending_official_review,0.985,,2000,5344,0.00026042
medium,MACON,005552,CROSS ROADS CENTER,2008,legacy_fallback_pending_official_review,0.985,,2000,5344,0.0
high,MARION,005766,WHITWELL MOUNTAIN,2008,legacy_fallback_pending_official_review,1.0,,2000,005766,1.0
high,MAURY,005953,ARMORY 6 1,2008,legacy_fallback_pending_official_review,1.0,,2000,005953,1.0
low,MAURY,005966,BEAR CREEK 8 1,2008,legacy_fallback_pending_official_review,0.833333,,2000,5849,0.40774661
low,MAURY,005957,BEAR CREEK 8 1,2008,legacy_fallback_pending_official_review,0.833333,,2000,5849,0.325488
low,MAURY,005965,BEAR CREEK 8 1,2008,legacy_fallback_pending_official_review,0.833333,,2000,5849,0.11499499
low,MAURY,005970,BEAR CREEK 8 1,2008,legacy_fallback_pending_official_review,0.833333,,2000,5849,0.084608
low,MAURY,005967,BEAR CREEK 8 1,2008,legacy_fallback_pending_official_review,0.833333,,2000,5849,0.03652027
low,MAURY,005958,BEAR CREEK 8 1,2008,legacy_fallback_pending_official_review,0.833333,,2000,5849,0.03059788
low,MAURY,005951,BEAR CREEK 8 1,2008,legacy_fallback_pending_official_review,0.833333,,2000,5849,3.25e-05
low,MAURY,005963,BEAR CREEK 8 1,2008,legacy_fallback_pending_official_review,0.833333,,2000,5849,1.176e-05
low,MAURY,005971,BEAR CREEK 8 1,2008,legacy_fallback_pending_official_review,0.833333,,2000,5849,0.0
low,MAURY,005952,BEAR CREEK 8 1,2008,legacy_fallback_pending_official_review,0.833333,,2000,5849,0.0
low,MAURY,005964,BEAR CREEK 8 1,2008,legacy_fallback_pending_official_review,0.833333,,2000,5849,0.0
low,MAURY,005969,BEAR CREEK 8 1,2008,legacy_fallback_pending_official_review,0.833333,,2000,5849,0.0
low,MAURY,005954,BEAR CREEK 8 1,2008,legacy_fallback_pending_official_review,0.833333,,2000,5849,0.0
low,MAURY,005960,BEAR CREEK 8 1,2008,legacy_fallback_pending_official_review,0.833333,,2000,5849,0.0
low,MAURY,005953,BEAR CREEK 8 1,2008,legacy_fallback_pending_official_review,0.833333,,2000,5849,0.0
low,MAURY,005959,BEAR CREEK 8 1,2008,legacy_fallback_pending_official_review,0.833333,,2000,5849,0.0
low,MAURY,005956,BEAR CREEK 8 1,2008,legacy_fallback_pending_official_review,0.833333,,2000,5849,0.0
low,MAURY,005968,BIGBYVILLE 9 1,2008,legacy_fallback_pending_official_review,0.833333,,2000,5772,0.70761255
low,MAURY,005964,BIGBYVILLE 9 1,2008,legacy_fallback_pending_official_review,0.833333,,2000,5772,0.15848663
low,MAURY,005966,BIGBYVILLE 9 1,2008,legacy_fallback_pending_official_review,0.833333,,2000,5772,0.11138139
low,MAURY,005969,BIGBYVILLE 9 1,2008,legacy_fallback_pending_official_review,0.833333,,2000,5772,0.01619638
low,MAURY,005961,BIGBYVILLE 9 1,2008,legacy_fallback_pending_official_review,0.833333,,2000,5772,0.00631955
low,MAURY,005963,BIGBYVILLE 9 1,2008,legacy_fallback_pending_official_review,0.833333,,2000,5772,3.51e-06
low,MAURY,005956,BIGBYVILLE 9 1,2008,legacy_fallback_pending_official_review,0.833333,,2000,5772,0.0
low,MAURY,005960,BIGBYVILLE 9 1,2008,legacy_fallback_pending_official_review,0.833333,,2000,5772,0.0
low,MAURY,005965,BIGBYVILLE 9 1,2008,legacy_fallback_pending_official_review,0.833333,,2000,5772,0.0
low,MAURY,005957,BIGBYVILLE 9 1,2008,legacy_fallback_pending_official_review,0.833333,,2000,5772,0.0
low,MAURY,005967,BIGBYVILLE 9 1,2008,legacy_fallback_pending_official_review,0.833333,,2000,5772,0.0
low,MAURY,005958,BIGBYVILLE 9 1,2008,legacy_fallback_pending_official_review,0.833333,,2000,5772,0.0
low,MAURY,005959,BIGBYVILLE 9 1,2008,legacy_fallback_pending_official_review,0.833333,,2000,5772,0.0
low,MAURY,005963,COLLEGE HILL 3 1,2008,legacy_fallback_pending_official_review,0.857143,,2000,5780,0.71505576
low,MAURY,005966,COLLEGE HILL 3 1,2008,legacy_fallback_pending_official_review,0.857143,,2000,5780,0.2197333
low,MAURY,005964,COLLEGE HILL 3 1,2008,legacy_fallback_pending_official_review,0.857143,,2000,5780,0.05929623
low,MAURY,005958,COLLEGE HILL 3 1,2008,legacy_fallback_pending_official_review,0.857143,,2000,5780,0.0040061
low,MAURY,005960,COLLEGE HILL 3 1,2008,legacy_fallback_pending_official_review,0.857143,,2000,5780,0.000924
low,MAURY,005967,COLLEGE HILL 3 1,2008,legacy_fallback_pending_official_review,0.857143,,2000,5780,0.00076492
low,MAURY,005959,COLLEGE HILL 3 1,2008,legacy_fallback_pending_official_review,0.857143,,2000,5780,0.00021969
low,MAURY,005957,COLLEGE HILL 3 1,2008,legacy_fallback_pending_official_review,0.857143,,2000,5780,0.0
low,MAURY,005953,COLLEGE HILL 3 1,2008,legacy_fallback_pending_official_review,0.857143,,2000,5780,0.0
low,MAURY,005956,COLLEGE HILL 3 1,2008,legacy_fallback_pending_official_review,0.857143,,2000,5780,0.0
low,MAURY,005961,COLLEGE HILL 3 1,2008,legacy_fallback_pending_official_review,0.857143,,2000,5780,0.0
low,MAURY,005969,COLLEGE HILL 3 1,2008,legacy_fallback_pending_official_review,0.857143,,2000,5780,0.0
low,MAURY,005965,COLLEGE HILL 3 1,2008,legacy_fallback_pending_official_review,0.857143,,2000,5780,0.0
low,MAURY,005968,COLLEGE HILL 3 1,2008,legacy_fallback_pending_official_review,0.857143,,2000,5780,0.0
low,MAURY,005957,CP CHURCH 5 1,2008,legacy_fallback_pending_official_review,0.818182,,2000,5840,0.54221566
low,MAURY,005967,CP CHURCH 5 1,2008,legacy_fallback_pending_official_review,0.818182,,2000,5840,0.17100707
low,MAURY,005970,CP CHURCH 5 1,2008,legacy_fallback_pending_official_review,0.818182,,2000,5840,0.1419991
low,MAURY,005966,CP CHURCH 5 1,2008,legacy_fallback_pending_official_review,0.818182,,2000,5840,0.0719826
low,MAURY,005958,CP CHURCH 5 1,2008,legacy_fallback_pending_official_review,0.818182,,2000,5840,0.05135731
low,MAURY,005965,CP CHURCH 5 1,2008,legacy_fallback_pending_official_review,0.818182,,2000,5840,0.01863659
low,MAURY,005963,CP CHURCH 5 1,2008,legacy_fallback_pending_official_review,0.818182,,2000,5840,0.00273718
low,MAURY,005964,CP CHURCH 5 1,2008,legacy_fallback_pending_official_review,0.818182,,2000,5840,6.448e-05
low,MAURY,005953,CP CHURCH 5 1,2008,legacy_fallback_pending_official_review,0.818182,,2000,5840,0.0
low,MAURY,005952,CP CHURCH 5 1,2008,legacy_fallback_pending_official_review,0.818182,,2000,5840,0.0
low,MAURY,005971,CP CHURCH 5 1,2008,legacy_fallback_pending_official_review,0.818182,,2000,5840,0.0
low,MAURY,005959,CP CHURCH 5 1,2008,legacy_fallback_pending_official_review,0.818182,,2000,5840,0.0
low,MAURY,005960,CP CHURCH 5 1,2008,legacy_fallback_pending_official_review,0.818182,,2000,5840,0.0
low,MAURY,005969,CP CHURCH 5 1,2008,legacy_fallback_pending_official_review,0.818182,,2000,5840,0.0
low,MAURY,005954,CP CHURCH 5 1,2008,legacy_fallback_pending_official_review,0.818182,,2000,5840,0.0
low,MAURY,005951,CP CHURCH 5 1,2008,legacy_fallback_pending_official_review,0.818182,,2000,5840,0.0
low,MAURY,005956,CP CHURCH 5 1,2008,legacy_fallback_pending_official_review,0.818182,,2000,5840,0.0
low,MAURY,005969,CULLEOKA 8 2,2008,legacy_fallback_pending_official_review,0.8,,2000,5792,0.92556439
low,MAURY,005964,CULLEOKA 8 2,2008,legacy_fallback_pending_official_review,0.8,,2000,5792,0.07373072
low,MAURY,005968,CULLEOKA 8 2,2008,legacy_fallback_pending_official_review,0.8,,2000,5792,0.00066606
low,MAURY,002857,CULLEOKA 8 2,2008,legacy_fallback_pending_official_review,0.8,,2000,5792,3.883e-05
low,MAURY,005966,CULLEOKA 8 2,2008,legacy_fallback_pending_official_review,0.8,,2000,5792,0.0
low,MAURY,002856,CULLEOKA 8 2,2008,legacy_fallback_pending_official_review,0.8,,2000,5792,0.0
low,MAURY,005963,CULLEOKA 8 2,2008,legacy_fallback_pending_official_review,0.8,,2000,5792,0.0
low,MAURY,002858,CULLEOKA 8 2,2008,legacy_fallback_pending_official_review,0.8,,2000,5792,0.0
low,MAURY,002855,CULLEOKA 8 2,2008,legacy_fallback_pending_official_review,0.8,,2000,5792,0.0
low,MAURY,002859,CULLEOKA 8 2,2008,legacy_fallback_pending_official_review,0.8,,2000,5792,0.0
low,MAURY,005965,CULLEOKA 8 2,2008,legacy_fallback_pending_official_review,0.8,,2000,5792,0.0
low,MAURY,005957,CULLEOKA 8 2,2008,legacy_fallback_pending_official_review,0.8,,2000,5792,0.0
low,MAURY,005967,CULLEOKA 8 2,2008,legacy_fallback_pending_official_review,0.8,,2000,5792,0.0
low,MAURY,005961,CULLEOKA 8 2,2008,legacy_fallback_pending_official_review,0.8,,2000,5792,0.0
low,MAURY,005956,CULLEOKA 8 2,2008,legacy_fallback_pending_official_review,0.8,,2000,5792,0.0
low,MAURY,005960,CULLEOKA 8 2,2008,legacy_fallback_pending_official_review,0.8,,2000,5792,0.0
high,MAURY,005960,FIRST FAMILY 2 1,2008,legacy_fallback_pending_official_review,1.0,,2000,005960,1.0
low,MAURY,005962,HAMPSHIRE 7 1,2008,legacy_fallback_pending_official_review,0.758621,,2000,5808,0.9228608
low,MAURY,005961,HAMPSHIRE 7 1,2008,legacy_fallback_pending_official_review,0.758621,,2000,5808,0.0771392
low,MAURY,005953,HAMPSHIRE 7 1,2008,legacy_fallback_pending_official_review,0.758621,,2000,5808,0.0
low,MAURY,005956,HAMPSHIRE 7 1,2008,legacy_fallback_pending_official_review,0.758621,,2000,5808,0.0
low,MAURY,005968,HAMPSHIRE 7 1,2008,legacy_fallback_pending_official_review,0.758621,,2000,5808,0.0
low,MAURY,005964,HAMPSHIRE 7 1,2008,legacy_fallback_pending_official_review,0.758621,,2000,5808,0.0
low,MAURY,005960,HIGHLAND 2 2,2008,legacy_fallback_pending_official_review,0.8,,2000,5812,0.74463237
low,MAURY,005959,HIGHLAND 2 2,2008,legacy_fallback_pending_official_review,0.8,,2000,5812,0.19716131
low,MAURY,005956,HIGHLAND 2 2,2008,legacy_fallback_pending_official_review,0.8,,2000,5812,0.05225718
low,MAURY,005958,HIGHLAND 2 2,2008,legacy_fallback_pending_official_review,0.8,,2000,5812,0.00594914
low,MAURY,005963,HIGHLAND 2 2,2008,legacy_fallback_pending_official_review,0.8,,2000,5812,0.0
low,MAURY,005966,HIGHLAND 2 2,2008,legacy_fallback_pending_official_review,0.8,,2000,5812,0.0
low,MAURY,005964,HIGHLAND 2 2,2008,legacy_fallback_pending_official_review,0.8,,2000,5812,0.0
low,MAURY,005953,HIGHLAND 2 2,2008,legacy_fallback_pending_official_review,0.8,,2000,5812,0.0
low,MAURY,005967,HIGHLAND 2 2,2008,legacy_fallback_pending_official_review,0.8,,2000,5812,0.0
high,MAURY,005961,MT PLEASANT 10 1,2008,legacy_fallback_pending_official_review,1.0,,2000,005961,1.0
low,MAURY,005965,RALLY HILL 11 1,2008,legacy_fallback_pending_official_review,0.8,,2000,5848,0.65485256
low,MAURY,005966,RALLY HILL 11 1,2008,legacy_fallback_pending_official_review,0.8,,2000,5848,0.25235081
low,MAURY,005951,RALLY HILL 11 1,2008,legacy_fallback_pending_official_review,0.8,,2000,5848,0.03493411
low,MAURY,005970,RALLY HILL 11 1,2008,legacy_fallback_pending_official_review,0.8,,2000,5848,0.02693558
low,MAURY,005957,RALLY HILL 11 1,2008,legacy_fallback_pending_official_review,0.8,,2000,5848,0.01689618
low,MAURY,005971,RALLY HILL 11 1,2008,legacy_fallback_pending_official_review,0.8,,2000,5848,0.01367441
low,MAURY,005967,RALLY HILL 11 1,2008,legacy_fallback_pending_official_review,0.8,,2000,5848,0.00018958
low,MAURY,005958,RALLY HILL 11 1,2008,legacy_fallback_pending_official_review,0.8,,2000,5848,0.00015883
low,MAURY,005963,RALLY HILL 11 1,2008,legacy_fallback_pending_official_review,0.8,,2000,5848,7.95e-06
low,MAURY,005952,RALLY HILL 11 1,2008,legacy_fallback_pending_official_review,0.8,,2000,5848,0.0
low,MAURY,005964,RALLY HILL 11 1,2008,legacy_fallback_pending_official_review,0.8,,2000,5848,0.0
low,MAURY,005969,RALLY HILL 11 1,2008,legacy_fallback_pending_official_review,0.8,,2000,5848,0.0
low,MAURY,005967,RIVERSIDE 1 1,2008,legacy_fallback_pending_official_review,0.818182,,2000,5852,0.98245623
low,MAURY,005963,RIVERSIDE 1 1,2008,legacy_fallback_pending_official_review,0.818182,,2000,5852,0.01754377
low,MAURY,005966,RIVERSIDE 1 1,2008,legacy_fallback_pending_official_review,0.818182,,2000,5852,0.0
low,MAURY,005958,RIVERSIDE 1 1,2008,legacy_fallback_pending_official_review,0.818182,,2000,5852,0.0
low,MAURY,005964,RIVERSIDE 1 1,2008,legacy_fallback_pending_official_review,0.818182,,2000,5852,0.0
low,MAURY,005957,RIVERSIDE 1 1,2008,legacy_fallback_pending_official_review,0.818182,,2000,5852,0.0
low,MAURY,005960,RIVERSIDE 1 1,2008,legacy_fallback_pending_official_review,0.818182,,2000,5852,0.0
low,MAURY,005959,RIVERSIDE 1 1,2008,legacy_fallback_pending_official_review,0.818182,,2000,5852,0.0
low,MAURY,005970,RIVERSIDE 1 1,2008,legacy_fallback_pending_official_review,0.818182,,2000,5852,0.0
low,MAURY,005965,RIVERSIDE 1 1,2008,legacy_fallback_pending_official_review,0.818182,,2000,5852,0.0
low,MAURY,005953,RIVERSIDE 1 1,2008,legacy_fallback_pending_official_review,0.818182,,2000,5852,0.0
low,MAURY,005971,RIVERSIDE 1 1,2008,legacy_fallback_pending_official_review,0.818182,,2000,5852,0.0
low,MAURY,005952,RIVERSIDE 1 1,2008,legacy_fallback_pending_official_review,0.818182,,2000,5852,0.0
low,MAURY,005953,SANTA FE 6 2,2008,legacy_fallback_pending_official_review,0.8,,2000,5864,0.52423827
low,MAURY,005954,SANTA FE 6 2,2008,legacy_fallback_pending_official_review,0.8,,2000,5864,0.39850998
low,MAURY,005958,SANTA FE 6 2,2008,legacy_fallback_pending_official_review,0.8,,2000,5864,0.04431286
low,MAURY,005952,SANTA FE 6 2,2008,legacy_fallback_pending_official_review,0.8,,2000,5864,0.03293889
low,MAURY,005962,SANTA FE 6 2,2008,legacy_fallback_pending_official_review,0.8,,2000,5864,0.0
low,MAURY,005956,SANTA FE 6 2,2008,legacy_fallback_pending_official_review,0.8,,2000,5864,0.0
low,MAURY,005967,SANTA FE 6 2,2008,legacy_fallback_pending_official_review,0.8,,2000,5864,0.0
low,MAURY,005970,SANTA FE 6 2,2008,legacy_fallback_pending_official_review,0.8,,2000,5864,0.0
low,MAURY,005961,SANTA FE 6 2,2008,legacy_fallback_pending_official_review,0.8,,2000,5864,0.0
low,MAURY,005951,SPRING HILL 11 2,2008,legacy_fallback_pending_official_review,0.814815,,2000,5868,0.32885554
low,MAURY,005970,SPRING HILL 11 2,2008,legacy_fallback_pending_official_review,0.814815,,2000,5868,0.25155316
low,MAURY,005971,SPRING HILL 11 2,2008,legacy_fallback_pending_official_review,0.814815,,2000,5868,0.12948373
low,MAURY,005952,SPRING HILL 11 2,2008,legacy_fallback_pending_official_review,0.814815,,2000,5868,0.10278358
low,MAURY,005953,SPRING HILL 11 2,2008,legacy_fallback_pending_official_review,0.814815,,2000,5868,0.08931499
low,MAURY,005958,SPRING HILL 11 2,2008,legacy_fallback_pending_official_review,0.814815,,2000,5868,0.04489437
low,MAURY,005954,SPRING HILL 11 2,2008,legacy_fallback_pending_official_review,0.814815,,2000,5868,0.04383943
low,MAURY,005965,SPRING HILL 11 2,2008,legacy_fallback_pending_official_review,0.814815,,2000,5868,0.00621193
low,MAURY,005957,SPRING HILL 11 2,2008,legacy_fallback_pending_official_review,0.814815,,2000,5868,0.00251035
low,MAURY,005967,SPRING HILL 11 2,2008,legacy_fallback_pending_official_review,0.814815,,2000,5868,0.00028377
low,MAURY,005966,SPRING HILL 11 2,2008,legacy_fallback_pending_official_review,0.814815,,2000,5868,0.00026914
low,MAURY,005956,SPRING HILL 11 2,2008,legacy_fallback_pending_official_review,0.814815,,2000,5868,0.0
low,MAURY,005963,SPRING HILL 11 2,2008,legacy_fallback_pending_official_review,0.814815,,2000,5868,0.0
low,MAURY,005959,SPRING HILL 11 2,2008,legacy_fallback_pending_official_review,0.814815,,2000,5868,0.0
low,MAURY,005953,ST CATHERINE 7 2,2008,legacy_fallback_pending_official_review,0.837209,,2000,5796,0.65440668
low,MAURY,005962,ST CATHERINE 7 2,2008,legacy_fallback_pending_official_review,0.837209,,2000,5796,0.20152505
low,MAURY,005956,ST CATHERINE 7 2,2008,legacy_fallback_pending_official_review,0.837209,,2000,5796,0.1119988
low,MAURY,005961,ST CATHERINE 7 2,2008,legacy_fallback_pending_official_review,0.837209,,2000,5796,0.03206947
low,MAURY,005964,ST CATHERINE 7 2,2008,legacy_fallback_pending_official_review,0.837209,,2000,5796,0.0
low,MAURY,005968,ST CATHERINE 7 2,2008,legacy_fallback_pending_official_review,0.837209,,2000,5796,0.0
low,MAURY,005960,ST CATHERINE 7 2,2008,legacy_fallback_pending_official_review,0.837209,,2000,5796,0.0
low,MAURY,005966,ST CATHERINE 7 2,2008,legacy_fallback_pending_official_review,0.837209,,2000,5796,0.0
low,MAURY,005963,ST CATHERINE 7 2,2008,legacy_fallback_pending_official_review,0.837209,,2000,5796,0.0
high,MAURY,005952,THETA 6 3,2008,legacy_fallback_pending_official_review,1.0,,2000,005952,1.0
low,MAURY,005956,TRADEWINDS 4 2,2008,legacy_fallback_pending_official_review,0.833333,,2000,5769,0.48887009
low,MAURY,005960,TRADEWINDS 4 2,2008,legacy_fallback_pending_official_review,0.833333,,2000,5769,0.27306565
low,MAURY,005959,TRADEWINDS 4 2,2008,legacy_fallback_pending_official_review,0.833333,,2000,5769,0.21680279
low,MAURY,005958,TRADEWINDS 4 2,2008,legacy_fallback_pending_official_review,0.833333,,2000,5769,0.01354531
low,MAURY,005964,TRADEWINDS 4 2,2008,legacy_fallback_pending_official_review,0.833333,,2000,5769,0.00771615
low,MAURY,005953,TRADEWINDS 4 2,2008,legacy_fallback_pending_official_review,0.833333,,2000,5769,0.0
low,MAURY,005962,TRADEWINDS 4 2,2008,legacy_fallback_pending_official_review,0.833333,,2000,5769,0.0
low,MAURY,005963,TRADEWINDS 4 2,2008,legacy_fallback_pending_official_review,0.833333,,2000,5769,0.0
low,MAURY,005961,TRADEWINDS 4 2,2008,legacy_fallback_pending_official_review,0.833333,,2000,5769,0.0
low,MAURY,005968,TRADEWINDS 4 2,2008,legacy_fallback_pending_official_review,0.833333,,2000,5769,0.0
low,MAURY,005966,TRADEWINDS 4 2,2008,legacy_fallback_pending_official_review,0.833333,,2000,5769,0.0
high,MAURY,005958,WEST END 1 2,2008,legacy_fallback_pending_official_review,1.0,,2000,005958,1.0
medium,MCMINN,006064,ETOWAH CITY SCHOOL,2008,legacy_fallback_pending_official_review,0.982,,2000,5940,0.99967684
medium,MCMINN,006061,ETOWAH CITY SCHOOL,2008,legacy_fallback_pending_official_review,0.982,,2000,5940,0.00032316
medium,MCMINN,006065,ETOWAH CITY SCHOOL,2008,legacy_fallback_pending_official_review,0.982,,2000,5940,0.0
medium,MCMINN,006052,ETOWAH CITY SCHOOL,2008,legacy_fallback_pending_official_review,0.982,,2000,5940,0.0
medium,MCMINN,006051,ETOWAH CITY SCHOOL,2008,legacy_fallback_pending_official_review,0.982,,2000,5940,0.0
medium,MCMINN,006063,ETOWAH CITY SCHOOL,2008,legacy_fallback_pending_official_review,0.982,,2000,5940,0.0
low,MCNAIRY,006151,ADAMSVILLE 2 1,2008,legacy_fallback_pending_official_review,0.833333,,2000,6052,0.96436335
low,MCNAIRY,006160,ADAMSVILLE 2 1,2008,legacy_fallback_pending_official_review,0.833333,,2000,6052,0.03563665
low,MCNAIRY,006162,ADAMSVILLE 2 1,2008,legacy_fallback_pending_official_review,0.833333,,2000,6052,0.0
low,MCNAIRY,006163,ADAMSVILLE 2 1,2008,legacy_fallback_pending_official_review,0.833333,,2000,6052,0.0
low,MCNAIRY,006159,ADAMSVILLE 2 1,2008,legacy_fallback_pending_official_review,0.833333,,2000,6052,0.0
low,MCNAIRY,006161,ADAMSVILLE 2 1,2008,legacy_fallback_pending_official_review,0.833333,,2000,6052,0.0
low,MCNAIRY,006153,ADAMSVILLE 2 1,2008,legacy_fallback_pending_official_review,0.833333,,2000,6052,0.0
low,MCNAIRY,006156,ADAMSVILLE 2 1,2008,legacy_fallback_pending_official_review,0.833333,,2000,6052,0.0
low,MCNAIRY,006158,ADAMSVILLE 2 1,2008,legacy_fallback_pending_official_review,0.833333,,2000,6052,0.0
low,MCNAIRY,006157,ADAMSVILLE 2 1,2008,legacy_fallback_pending_official_review,0.833333,,2000,6052,0.0
low,MCNAIRY,006154,ADAMSVILLE 2 1,2008,legacy_fallback_pending_official_review,0.833333,,2000,6052,0.0
low,MCNAIRY,006166,CYPRESS 5 1,2008,legacy_fallback_pending_official_review,0.777778,,2000,5984,0.85793586
low,MCNAIRY,006152,CYPRESS 5 1,2008,legacy_fallback_pending_official_review,0.777778,,2000,5984,0.13089993
low,MCNAIRY,006155,CYPRESS 5 1,2008,legacy_fallback_pending_official_review,0.777778,,2000,5984,0.01111642
low,MCNAIRY,006167,CYPRESS 5 1,2008,legacy_fallback_pending_official_review,0.777778,,2000,5984,4.779e-05
low,MCNAIRY,006158,CYPRESS 5 1,2008,legacy_fallback_pending_official_review,0.777778,,2000,5984,0.0
low,MCNAIRY,006156,CYPRESS 5 1,2008,legacy_fallback_pending_official_review,0.777778,,2000,5984,0.0
low,MCNAIRY,006165,CYPRESS 5 1,2008,legacy_fallback_pending_official_review,0.777778,,2000,5984,0.0
low,MCNAIRY,006164,CYPRESS 5 1,2008,legacy_fallback_pending_official_review,0.777778,,2000,5984,0.0
low,MCNAIRY,006153,CYPRESS 5 1,2008,legacy_fallback_pending_official_review,0.777778,,2000,5984,0.0
low,MCNAIRY,006164,EAST VIEW 5 2,2008,legacy_fallback_pending_official_review,0.818182,,2000,5992,0.99995474
low,MCNAIRY,006155,EAST VIEW 5 2,2008,legacy_fallback_pending_official_review,0.818182,,2000,5992,4.526e-05
low,MCNAIRY,006156,EAST VIEW 5 2,2008,legacy_fallback_pending_official_review,0.818182,,2000,5992,0.0
low,MCNAIRY,006165,EAST VIEW 5 2,2008,legacy_fallback_pending_official_review,0.818182,,2000,5992,0.0
low,MCNAIRY,006157,EAST VIEW 5 2,2008,legacy_fallback_pending_official_review,0.818182,,2000,5992,0.0
low,MCNAIRY,006167,EAST VIEW 5 2,2008,legacy_fallback_pending_official_review,0.818182,,2000,5992,0.0
low,MCNAIRY,006166,EAST VIEW 5 2,2008,legacy_fallback_pending_official_review,0.818182,,2000,5992,0.0
low,MCNAIRY,006153,EAST VIEW 5 2,2008,legacy_fallback_pending_official_review,0.818182,,2000,5992,0.0
low,MCNAIRY,006162,EAST VIEW 5 2,2008,legacy_fallback_pending_official_review,0.818182,,2000,5992,0.0
low,MCNAIRY,006163,EAST VIEW 5 2,2008,legacy_fallback_pending_official_review,0.818182,,2000,5992,0.0
low,MCNAIRY,006159,FINGER 1 2,2008,legacy_fallback_pending_official_review,0.75,,2000,5996,0.99701782
low,MCNAIRY,006154,FINGER 1 2,2008,legacy_fallback_pending_official_review,0.75,,2000,5996,0.00235385
low,MCNAIRY,001103,FINGER 1 2,2008,legacy_fallback_pending_official_review,0.75,,2000,5996,0.00062833
low,MCNAIRY,006160,FINGER 1 2,2008,legacy_fallback_pending_official_review,0.75,,2000,5996,0.0
low,MCNAIRY,006161,FINGER 1 2,2008,legacy_fallback_pending_official_review,0.75,,2000,5996,0.0
low,MCNAIRY,006158,FINGER 1 2,2008,legacy_fallback_pending_official_review,0.75,,2000,5996,0.0
low,MCNAIRY,001110,FINGER 1 2,2008,legacy_fallback_pending_official_review,0.75,,2000,5996,0.0
low,MCNAIRY,001102,FINGER 1 2,2008,legacy_fallback_pending_official_review,0.75,,2000,5996,0.0
low,MCNAIRY,001111,FINGER 1 2,2008,legacy_fallback_pending_official_review,0.75,,2000,5996,0.0
low,MCNAIRY,006152,FINGER 1 2,2008,legacy_fallback_pending_official_review,0.75,,2000,5996,0.0
low,MCNAIRY,006151,FINGER 1 2,2008,legacy_fallback_pending_official_review,0.75,,2000,5996,0.0
low,MCNAIRY,006162,FINGER 1 2,2008,legacy_fallback_pending_official_review,0.75,,2000,5996,0.0
low,MCNAIRY,006153,FINGER 1 2,2008,legacy_fallback_pending_official_review,0.75,,2000,5996,0.0
low,MCNAIRY,006167,FINGER 1 2,2008,legacy_fallback_pending_official_review,0.75,,2000,5996,0.0
low,MCNAIRY,006162,LAWTON 2 2,2008,legacy_fallback_pending_official_review,0.75,,2000,6004,0.94355333
low,MCNAIRY,006163,LAWTON 2 2,2008,legacy_fallback_pending_official_review,0.75,,2000,6004,0.05640675
low,MCNAIRY,006151,LAWTON 2 2,2008,legacy_fallback_pending_official_review,0.75,,2000,6004,3.991e-05
low,MCNAIRY,006156,LAWTON 2 2,2008,legacy_fallback_pending_official_review,0.75,,2000,6004,0.0
low,MCNAIRY,006161,LAWTON 2 2,2008,legacy_fallback_pending_official_review,0.75,,2000,6004,0.0
low,MCNAIRY,006153,LAWTON 2 2,2008,legacy_fallback_pending_official_review,0.75,,2000,6004,0.0
low,MCNAIRY,006167,LAWTON 2 2,2008,legacy_fallback_pending_official_review,0.75,,2000,6004,0.0
low,MCNAIRY,006160,LAWTON 2 2,2008,legacy_fallback_pending_official_review,0.75,,2000,6004,0.0
low,MCNAIRY,006157,LAWTON 2 2,2008,legacy_fallback_pending_official_review,0.75,,2000,6004,0.0
low,MCNAIRY,006155,LAWTON 2 2,2008,legacy_fallback_pending_official_review,0.75,,2000,6004,0.0
low,MCNAIRY,006164,LAWTON 2 2,2008,legacy_fallback_pending_official_review,0.75,,2000,6004,0.0
low,MCNAIRY,006158,LAWTON 2 2,2008,legacy_fallback_pending_official_review,0.75,,2000,6004,0.0
low,MCNAIRY,006159,LAWTON 2 2,2008,legacy_fallback_pending_official_review,0.75,,2000,6004,0.0
low,MCNAIRY,006154,LAWTON 2 2,2008,legacy_fallback_pending_official_review,0.75,,2000,6004,0.0
low,MCNAIRY,006160,LEAPWOOD 3 1,2008,legacy_fallback_pending_official_review,0.8,,2000,6008,0.9804447
low,MCNAIRY,001104,LEAPWOOD 3 1,2008,legacy_fallback_pending_official_review,0.8,,2000,6008,0.01222593
low,MCNAIRY,006151,LEAPWOOD 3 1,2008,legacy_fallback_pending_official_review,0.8,,2000,6008,0.00732937
low,MCNAIRY,006159,LEAPWOOD 3 1,2008,legacy_fallback_pending_official_review,0.8,,2000,6008,0.0
low,MCNAIRY,006161,LEAPWOOD 3 1,2008,legacy_fallback_pending_official_review,0.8,,2000,6008,0.0
low,MCNAIRY,001109,LEAPWOOD 3 1,2008,legacy_fallback_pending_official_review,0.8,,2000,6008,0.0
low,MCNAIRY,001105,LEAPWOOD 3 1,2008,legacy_fallback_pending_official_review,0.8,,2000,6008,0.0
low,MCNAIRY,006162,LEAPWOOD 3 1,2008,legacy_fallback_pending_official_review,0.8,,2000,6008,0.0
low,MCNAIRY,001108,LEAPWOOD 3 1,2008,legacy_fallback_pending_official_review,0.8,,2000,6008,0.0
low,MCNAIRY,001107,LEAPWOOD 3 1,2008,legacy_fallback_pending_official_review,0.8,,2000,6008,0.0
low,MCNAIRY,001101,LEAPWOOD 3 1,2008,legacy_fallback_pending_official_review,0.8,,2000,6008,0.0
low,MCNAIRY,006158,LEAPWOOD 3 1,2008,legacy_fallback_pending_official_review,0.8,,2000,6008,0.0
low,MCNAIRY,006154,LEAPWOOD 3 1,2008,legacy_fallback_pending_official_review,0.8,,2000,6008,0.0
low,MCNAIRY,006153,LEAPWOOD 3 1,2008,legacy_fallback_pending_official_review,0.8,,2000,6008,0.0
low,MCNAIRY,006154,MCNAIRY 1 3,2008,legacy_fallback_pending_official_review,0.777778,,2000,6012,0.88815766
low,MCNAIRY,006159,MCNAIRY 1 3,2008,legacy_fallback_pending_official_review,0.777778,,2000,6012,0.05462052
low,MCNAIRY,006158,MCNAIRY 1 3,2008,legacy_fallback_pending_official_review,0.777778,,2000,6012,0.043814
low,MCNAIRY,001103,MCNAIRY 1 3,2008,legacy_fallback_pending_official_review,0.777778,,2000,6012,0.00691171
low,MCNAIRY,006152,MCNAIRY 1 3,2008,legacy_fallback_pending_official_review,0.777778,,2000,6012,0.0064961
low,MCNAIRY,006161,MCNAIRY 1 3,2008,legacy_fallback_pending_official_review,0.777778,,2000,6012,0.0
low,MCNAIRY,006160,MCNAIRY 1 3,2008,legacy_fallback_pending_official_review,0.777778,,2000,6012,0.0
low,MCNAIRY,001110,MCNAIRY 1 3,2008,legacy_fallback_pending_official_review,0.777778,,2000,6012,0.0
low,MCNAIRY,001102,MCNAIRY 1 3,2008,legacy_fallback_pending_official_review,0.777778,,2000,6012,0.0
low,MCNAIRY,001111,MCNAIRY 1 3,2008,legacy_fallback_pending_official_review,0.777778,,2000,6012,0.0
low,MCNAIRY,006153,MCNAIRY 1 3,2008,legacy_fallback_pending_official_review,0.777778,,2000,6012,0.0
low,MCNAIRY,006167,MCNAIRY 1 3,2008,legacy_fallback_pending_official_review,0.777778,,2000,6012,0.0
low,MCNAIRY,006162,MCNAIRY 1 3,2008,legacy_fallback_pending_official_review,0.777778,,2000,6012,0.0
low,MCNAIRY,006151,MCNAIRY 1 3,2008,legacy_fallback_pending_official_review,0.777778,,2000,6012,0.0
low,MCNAIRY,006157,MICHIE 7 1,2008,legacy_fallback_pending_official_review,0.75,,2000,6016,0.95210208
low,MCNAIRY,006164,MICHIE 7 1,2008,legacy_fallback_pending_official_review,0.75,,2000,6016,0.02837847
low,MCNAIRY,006163,MICHIE 7 1,2008,legacy_fallback_pending_official_review,0.75,,2000,6016,0.01443517
low,MCNAIRY,006156,MICHIE 7 1,2008,legacy_fallback_pending_official_review,0.75,,2000,6016,0.00508291
low,MCNAIRY,006155,MICHIE 7 1,2008,legacy_fallback_pending_official_review,0.75,,2000,6016,1.28e-06
low,MCNAIRY,006167,MICHIE 7 1,2008,legacy_fallback_pending_official_review,0.75,,2000,6016,9e-08
low,MCNAIRY,006165,MICHIE 7 1,2008,legacy_fallback_pending_official_review,0.75,,2000,6016,0.0
low,MCNAIRY,006162,MICHIE 7 1,2008,legacy_fallback_pending_official_review,0.75,,2000,6016,0.0
low,MCNAIRY,006153,MICHIE 7 1,2008,legacy_fallback_pending_official_review,0.75,,2000,6016,0.0
low,MCNAIRY,006167,NORTH SELMER 4 1,2008,legacy_fallback_pending_official_review,0.857143,,2000,6028,0.98888722
low,MCNAIRY,006153,NORTH SELMER 4 1,2008,legacy_fallback_pending_official_review,0.857143,,2000,6028,0.01043668
low,MCNAIRY,006152,NORTH SELMER 4 1,2008,legacy_fallback_pending_official_review,0.857143,,2000,6028,0.00062071
low,MCNAIRY,006156,NORTH SELMER 4 1,2008,legacy_fallback_pending_official_review,0.857143,,2000,6028,5.539e-05
low,MCNAIRY,006155,NORTH SELMER 4 1,2008,legacy_fallback_pending_official_review,0.857143,,2000,6028,0.0
low,MCNAIRY,006158,NORTH SELMER 4 1,2008,legacy_fallback_pending_official_review,0.857143,,2000,6028,0.0
low,MCNAIRY,006166,NORTH SELMER 4 1,2008,legacy_fallback_pending_official_review,0.857143,,2000,6028,0.0
low,MCNAIRY,006161,NORTH SELMER 4 1,2008,legacy_fallback_pending_official_review,0.857143,,2000,6028,0.0
low,MCNAIRY,006162,NORTH SELMER 4 1,2008,legacy_fallback_pending_official_review,0.857143,,2000,6028,0.0
low,MCNAIRY,006164,NORTH SELMER 4 1,2008,legacy_fallback_pending_official_review,0.857143,,2000,6028,0.0
low,MCNAIRY,006163,NORTH SELMER 4 1,2008,legacy_fallback_pending_official_review,0.857143,,2000,6028,0.0
low,MCNAIRY,006157,NORTH SELMER 4 1,2008,legacy_fallback_pending_official_review,0.857143,,2000,6028,0.0
low,MCNAIRY,006154,NORTH SELMER 4 1,2008,legacy_fallback_pending_official_review,0.857143,,2000,6028,0.0
low,MCNAIRY,006165,NORTH SELMER 4 1,2008,legacy_fallback_pending_official_review,0.857143,,2000,6028,0.0
low,MCNAIRY,006152,ROSE CREEK 4 2,2008,legacy_fallback_pending_official_review,0.833333,,2000,6040,0.99963504
low,MCNAIRY,006167,ROSE CREEK 4 2,2008,legacy_fallback_pending_official_review,0.833333,,2000,6040,0.00036496
low,MCNAIRY,006158,ROSE CREEK 4 2,2008,legacy_fallback_pending_official_review,0.833333,,2000,6040,0.0
low,MCNAIRY,006166,ROSE CREEK 4 2,2008,legacy_fallback_pending_official_review,0.833333,,2000,6040,0.0
low,MCNAIRY,006155,ROSE CREEK 4 2,2008,legacy_fallback_pending_official_review,0.833333,,2000,6040,0.0
low,MCNAIRY,006154,ROSE CREEK 4 2,2008,legacy_fallback_pending_official_review,0.833333,,2000,6040,0.0
low,MCNAIRY,006156,ROSE CREEK 4 2,2008,legacy_fallback_pending_official_review,0.833333,,2000,6040,0.0
low,MCNAIRY,006153,ROSE CREEK 4 2,2008,legacy_fallback_pending_official_review,0.833333,,2000,6040,0.0
low,MCNAIRY,006161,ROSE CREEK 4 2,2008,legacy_fallback_pending_official_review,0.833333,,2000,6040,0.0
low,MCNAIRY,006163,STANTONVILLE 7 2,2008,legacy_fallback_pending_official_review,0.857143,,2000,6048,1.0
low,MCNAIRY,006162,STANTONVILLE 7 2,2008,legacy_fallback_pending_official_review,0.857143,,2000,6048,0.0
low,MCNAIRY,006156,STANTONVILLE 7 2,2008,legacy_fallback_pending_official_review,0.857143,,2000,6048,0.0
low,MCNAIRY,006157,STANTONVILLE 7 2,2008,legacy_fallback_pending_official_review,0.857143,,2000,6048,0.0
low,MCNAIRY,006151,STANTONVILLE 7 2,2008,legacy_fallback_pending_official_review,0.857143,,2000,6048,0.0
low,MCNAIRY,006167,STANTONVILLE 7 2,2008,legacy_fallback_pending_official_review,0.857143,,2000,6048,0.0
low,MCNAIRY,006153,STANTONVILLE 7 2,2008,legacy_fallback_pending_official_review,0.857143,,2000,6048,0.0
low,MCNAIRY,006161,STANTONVILLE 7 2,2008,legacy_fallback_pending_official_review,0.857143,,2000,6048,0.0
low,MCNAIRY,006164,STANTONVILLE 7 2,2008,legacy_fallback_pending_official_review,0.857143,,2000,6048,0.0
low,MCNAIRY,006165,STANTONVILLE 7 2,2008,legacy_fallback_pending_official_review,0.857143,,2000,6048,0.0
low,MCNAIRY,006155,STANTONVILLE 7 2,2008,legacy_fallback_pending_official_review,0.857143,,2000,6048,0.0
low,MCNAIRY,006160,STANTONVILLE 7 2,2008,legacy_fallback_pending_official_review,0.857143,,2000,6048,0.0
medium,MONROE,006352,BROAD ST ELEMENTARY,2008,legacy_fallback_pending_official_review,0.982,,2000,6112,0.99621761
medium,MONROE,006351,BROAD ST ELEMENTARY,2008,legacy_fallback_pending_official_review,0.982,,2000,6112,0.00371409
medium,MONROE,006356,BROAD ST ELEMENTARY,2008,legacy_fallback_pending_official_review,0.982,,2000,6112,6.398e-05
medium,MONROE,006353,BROAD ST ELEMENTARY,2008,legacy_fallback_pending_official_review,0.982,,2000,6112,3.53e-06
medium,MONROE,006357,BROAD ST ELEMENTARY,2008,legacy_fallback_pending_official_review,0.982,,2000,6112,7.9e-07
medium,MONROE,006354,BROAD ST ELEMENTARY,2008,legacy_fallback_pending_official_review,0.982,,2000,6112,0.0
medium,MONROE,006362,COKER CREEK ELEM SCH,2008,legacy_fallback_pending_official_review,0.982,,2000,6100,0.83598061
medium,MONROE,006361,COKER CREEK ELEM SCH,2008,legacy_fallback_pending_official_review,0.982,,2000,6100,0.16401939
medium,MONROE,006360,COKER CREEK ELEM SCH,2008,legacy_fallback_pending_official_review,0.982,,2000,6100,0.0
medium,MONROE,006363,COKER CREEK ELEM SCH,2008,legacy_fallback_pending_official_review,0.982,,2000,6100,0.0
medium,MONROE,006359,COKER CREEK ELEM SCH,2008,legacy_fallback_pending_official_review,0.982,,2000,6100,0.0
low,MONROE,006356,MADISONVILLE MIDDLE,2008,legacy_fallback_pending_official_review,0.844444,,2000,6128,0.97135791
low,MONROE,006355,MADISONVILLE MIDDLE,2008,legacy_fallback_pending_official_review,0.844444,,2000,6128,0.02864207
low,MONROE,006357,MADISONVILLE MIDDLE,2008,legacy_fallback_pending_official_review,0.844444,,2000,6128,3e-08
low,MONROE,006359,MADISONVILLE MIDDLE,2008,legacy_fallback_pending_official_review,0.844444,,2000,6128,0.0
low,MONROE,006351,MADISONVILLE MIDDLE,2008,legacy_fallback_pending_official_review,0.844444,,2000,6128,0.0
low,MONROE,006363,MADISONVILLE MIDDLE,2008,legacy_fallback_pending_official_review,0.844444,,2000,6128,0.0
low,MONROE,006352,MADISONVILLE MIDDLE,2008,legacy_fallback_pending_official_review,0.844444,,2000,6128,0.0
low,MONROE,006353,MADISONVILLE MIDDLE,2008,legacy_fallback_pending_official_review,0.844444,,2000,6128,0.0
low,MONROE,006354,MADISONVILLE MIDDLE,2008,legacy_fallback_pending_official_review,0.844444,,2000,6128,0.0
low,MONROE,006360,MADISONVILLE MIDDLE,2008,legacy_fallback_pending_official_review,0.844444,,2000,6128,0.0
low,MONROE,006361,MADISONVILLE MIDDLE,2008,legacy_fallback_pending_official_review,0.844444,,2000,6128,0.0
low,MONROE,006357,MADISONVILLE PRIMARY,2008,legacy_fallback_pending_official_review,0.851064,,2000,6132,0.56544071
low,MONROE,006363,MADISONVILLE PRIMARY,2008,legacy_fallback_pending_official_review,0.851064,,2000,6132,0.24396551
low,MONROE,006354,MADISONVILLE PRIMARY,2008,legacy_fallback_pending_official_review,0.851064,,2000,6132,0.07393494
low,MONROE,006359,MADISONVILLE PRIMARY,2008,legacy_fallback_pending_official_review,0.851064,,2000,6132,0.06806481
low,MONROE,006358,MADISONVILLE PRIMARY,2008,legacy_fallback_pending_official_review,0.851064,,2000,6132,0.04022386
low,MONROE,006355,MADISONVILLE PRIMARY,2008,legacy_fallback_pending_official_review,0.851064,,2000,6132,0.00837016
low,MONROE,006356,MADISONVILLE PRIMARY,2008,legacy_fallback_pending_official_review,0.851064,,2000,6132,1e-08
low,MONROE,006351,MADISONVILLE PRIMARY,2008,legacy_fallback_pending_official_review,0.851064,,2000,6132,0.0
low,MONROE,006361,MADISONVILLE PRIMARY,2008,legacy_fallback_pending_official_review,0.851064,,2000,6132,0.0
low,MONROE,006352,MADISONVILLE PRIMARY,2008,legacy_fallback_pending_official_review,0.851064,,2000,6132,0.0
low,MONROE,006353,MADISONVILLE PRIMARY,2008,legacy_fallback_pending_official_review,0.851064,,2000,6132,0.0
low,MONROE,006360,MADISONVILLE PRIMARY,2008,legacy_fallback_pending_official_review,0.851064,,2000,6132,0.0
low,MONROE,006362,MADISONVILLE PRIMARY,2008,legacy_fallback_pending_official_review,0.851064,,2000,6132,0.0
medium,MONROE,006351,SWEETWATER HIGH,2008,legacy_fallback_pending_official_review,0.982,,2000,6088,0.87892583
medium,MONROE,006356,SWEETWATER HIGH,2008,legacy_fallback_pending_official_review,0.982,,2000,6088,0.09289003
medium,MONROE,006352,SWEETWATER HIGH,2008,legacy_fallback_pending_official_review,0.982,,2000,6088,0.01816439
medium,MONROE,006353,SWEETWATER HIGH,2008,legacy_fallback_pending_official_review,0.982,,2000,6088,0.00513721
medium,MONROE,005454,SWEETWATER HIGH,2008,legacy_fallback_pending_official_review,0.982,,2000,6088,0.00270206
medium,MONROE,006357,SWEETWATER HIGH,2008,legacy_fallback_pending_official_review,0.982,,2000,6088,0.00179826
medium,MONROE,006363,SWEETWATER HIGH,2008,legacy_fallback_pending_official_review,0.982,,2000,6088,0.00029106
medium,MONROE,006359,SWEETWATER HIGH,2008,legacy_fallback_pending_official_review,0.982,,2000,6088,8.12e-05
medium,MONROE,006355,SWEETWATER HIGH,2008,legacy_fallback_pending_official_review,0.982,,2000,6088,9.97e-06
medium,MONROE,006354,SWEETWATER HIGH,2008,legacy_fallback_pending_official_review,0.982,,2000,6088,0.0
medium,MONROE,006358,SWEETWATER HIGH,2008,legacy_fallback_pending_official_review,0.982,,2000,6088,0.0
medium,MONROE,005452,SWEETWATER HIGH,2008,legacy_fallback_pending_official_review,0.982,,2000,6088,0.0
medium,MONROE,005451,SWEETWATER HIGH,2008,legacy_fallback_pending_official_review,0.982,,2000,6088,0.0
medium,MONROE,005453,SWEETWATER HIGH,2008,legacy_fallback_pending_official_review,0.982,,2000,6088,0.0
medium,MONROE,005455,SWEETWATER HIGH,2008,legacy_fallback_pending_official_review,0.982,,2000,6088,0.0
medium,MONROE,006361,SWEETWATER HIGH,2008,legacy_fallback_pending_official_review,0.982,,2000,6088,0.0
low,MONROE,006361,TELLICO CC,2008,legacy_fallback_pending_official_review,0.823529,,2000,6096,0.90834835
low,MONROE,006360,TELLICO CC,2008,legacy_fallback_pending_official_review,0.823529,,2000,6096,0.04334905
low,MONROE,006363,TELLICO CC,2008,legacy_fallback_pending_official_review,0.823529,,2000,6096,0.02899422
low,MONROE,006362,TELLICO CC,2008,legacy_fallback_pending_official_review,0.823529,,2000,6096,0.01930838
low,MONROE,006359,TELLICO CC,2008,legacy_fallback_pending_official_review,0.823529,,2000,6096,0.0
low,MONROE,006354,TELLICO CC,2008,legacy_fallback_pending_official_review,0.823529,,2000,6096,0.0
low,MONROE,006357,TELLICO CC,2008,legacy_fallback_pending_official_review,0.823529,,2000,6096,0.0
low,MONROE,006355,TELLICO CC,2008,legacy_fallback_pending_official_review,0.823529,,2000,6096,0.0
low,MONROE,006356,TELLICO CC,2008,legacy_fallback_pending_official_review,0.823529,,2000,6096,0.0
low,MONROE,006351,TELLICO CC,2008,legacy_fallback_pending_official_review,0.823529,,2000,6096,0.0
low,MONROE,006354,VONORE ELEMENTARY,2008,legacy_fallback_pending_official_review,0.829268,,2000,6129,0.74587847
low,MONROE,006357,VONORE ELEMENTARY,2008,legacy_fallback_pending_official_review,0.829268,,2000,6129,0.24039417
low,MONROE,006358,VONORE ELEMENTARY,2008,legacy_fallback_pending_official_review,0.829268,,2000,6129,0.01372736
low,MONROE,006351,VONORE ELEMENTARY,2008,legacy_fallback_pending_official_review,0.829268,,2000,6129,0.0
low,MONROE,006363,VONORE ELEMENTARY,2008,legacy_fallback_pending_official_review,0.829268,,2000,6129,0.0
low,MONROE,006356,VONORE ELEMENTARY,2008,legacy_fallback_pending_official_review,0.829268,,2000,6129,0.0
low,MONROE,006359,VONORE ELEMENTARY,2008,legacy_fallback_pending_official_review,0.829268,,2000,6129,0.0
low,MONROE,006352,VONORE ELEMENTARY,2008,legacy_fallback_pending_official_review,0.829268,,2000,6129,0.0
low,MONROE,006355,VONORE ELEMENTARY,2008,legacy_fallback_pending_official_review,0.829268,,2000,6129,0.0
low,MONROE,006353,VONORE ELEMENTARY,2008,legacy_fallback_pending_official_review,0.829268,,2000,6129,0.0
low,MONROE,006361,VONORE ELEMENTARY,2008,legacy_fallback_pending_official_review,0.829268,,2000,6129,0.0
high,PICKETT,007059,BARNES RIDGE 4 3,2008,legacy_fallback_pending_official_review,1.0,,2000,007059,1.0
low,PICKETT,007057,BOLESTOWN 4 4,2008,legacy_fallback_pending_official_review,0.818182,,2000,6560,1.0
low,PICKETT,007056,BOLESTOWN 4 4,2008,legacy_fallback_pending_official_review,0.818182,,2000,6560,0.0
low,PICKETT,007058,BOLESTOWN 4 4,2008,legacy_fallback_pending_official_review,0.818182,,2000,6560,0.0
low,PICKETT,007055,BOLESTOWN 4 4,2008,legacy_fallback_pending_official_review,0.818182,,2000,6560,0.0
low,PICKETT,007054,BOLESTOWN 4 4,2008,legacy_fallback_pending_official_review,0.818182,,2000,6560,0.0
low,PICKETT,007051,BOLESTOWN 4 4,2008,legacy_fallback_pending_official_review,0.818182,,2000,6560,0.0
low,PICKETT,007053,BOLESTOWN 4 4,2008,legacy_fallback_pending_official_review,0.818182,,2000,6560,0.0
low,PICKETT,007059,BOLESTOWN 4 4,2008,legacy_fallback_pending_official_review,0.818182,,2000,6560,0.0
high,PICKETT,007058,BOOM 4 1,2008,legacy_fallback_pending_official_review,1.0,,2000,007058,1.0
low,PICKETT,007053,CHANUTE 3 1,2008,legacy_fallback_pending_official_review,0.777778,,2000,6568,1.0
low,PICKETT,007055,CHANUTE 3 1,2008,legacy_fallback_pending_official_review,0.777778,,2000,6568,0.0
low,PICKETT,007054,CHANUTE 3 1,2008,legacy_fallback_pending_official_review,0.777778,,2000,6568,0.0
low,PICKETT,007051,CHANUTE 3 1,2008,legacy_fallback_pending_official_review,0.777778,,2000,6568,0.0
low,PICKETT,007056,CHANUTE 3 1,2008,legacy_fallback_pending_official_review,0.777778,,2000,6568,0.0
low,PICKETT,007052,CHANUTE 3 1,2008,legacy_fallback_pending_official_review,0.777778,,2000,6568,0.0
low,PICKETT,007058,CHANUTE 3 1,2008,legacy_fallback_pending_official_review,0.777778,,2000,6568,0.0
low,PICKETT,007059,CHANUTE 3 1,2008,legacy_fallback_pending_official_review,0.777778,,2000,6568,0.0
low,PICKETT,007057,CHANUTE 3 1,2008,legacy_fallback_pending_official_review,0.777778,,2000,6568,0.0
low,PICKETT,007051,HIGH SCHOOL 2 1,2008,legacy_fallback_pending_official_review,0.846154,,2000,6576,1.0
low,PICKETT,007052,HIGH SCHOOL 2 1,2008,legacy_fallback_pending_official_review,0.846154,,2000,6576,0.0
low,PICKETT,007054,HIGH SCHOOL 2 1,2008,legacy_fallback_pending_official_review,0.846154,,2000,6576,0.0
low,PICKETT,007053,HIGH SCHOOL 2 1,2008,legacy_fallback_pending_official_review,0.846154,,2000,6576,0.0
low,PICKETT,007058,HIGH SCHOOL 2 1,2008,legacy_fallback_pending_official_review,0.846154,,2000,6576,0.0
low,PICKETT,007059,HIGH SCHOOL 2 1,2008,legacy_fallback_pending_official_review,0.846154,,2000,6576,0.0
low,PICKETT,007056,HIGH SCHOOL 2 1,2008,legacy_fallback_pending_official_review,0.846154,,2000,6576,0.0
low,PICKETT,007055,HIGH SCHOOL 2 1,2008,legacy_fallback_pending_official_review,0.846154,,2000,6576,0.0
low,PICKETT,007057,HIGH SCHOOL 2 1,2008,legacy_fallback_pending_official_review,0.846154,,2000,6576,0.0
low,PICKETT,007056,MOODYVILLE 1 2,2008,legacy_fallback_pending_official_review,0.833333,,2000,6580,0.96556701
low,PICKETT,007053,MOODYVILLE 1 2,2008,legacy_fallback_pending_official_review,0.833333,,2000,6580,0.03197478
low,PICKETT,007055,MOODYVILLE 1 2,2008,legacy_fallback_pending_official_review,0.833333,,2000,6580,0.00243234
low,PICKETT,002559,MOODYVILLE 1 2,2008,legacy_fallback_pending_official_review,0.833333,,2000,6580,2.588e-05
low,PICKETT,002560,MOODYVILLE 1 2,2008,legacy_fallback_pending_official_review,0.833333,,2000,6580,0.0
low,PICKETT,007054,MOODYVILLE 1 2,2008,legacy_fallback_pending_official_review,0.833333,,2000,6580,0.0
low,PICKETT,007058,MOODYVILLE 1 2,2008,legacy_fallback_pending_official_review,0.833333,,2000,6580,0.0
low,PICKETT,007057,MOODYVILLE 1 2,2008,legacy_fallback_pending_official_review,0.833333,,2000,6580,0.0
low,PICKETT,007051,MOODYVILLE 1 2,2008,legacy_fallback_pending_official_review,0.833333,,2000,6580,0.0
low,PICKETT,002558,MOODYVILLE 1 2,2008,legacy_fallback_pending_official_review,0.833333,,2000,6580,0.0
low,PICKETT,002563,MOODYVILLE 1 2,2008,legacy_fallback_pending_official_review,0.833333,,2000,6580,0.0
low,PICKETT,002555,MOODYVILLE 1 2,2008,legacy_fallback_pending_official_review,0.833333,,2000,6580,0.0
low,PICKETT,007059,MOODYVILLE 1 2,2008,legacy_fallback_pending_official_review,0.833333,,2000,6580,0.0
low,PICKETT,002562,MOODYVILLE 1 2,2008,legacy_fallback_pending_official_review,0.833333,,2000,6580,0.0
low,PICKETT,007052,MOODYVILLE 1 2,2008,legacy_fallback_pending_official_review,0.833333,,2000,6580,0.0
low,PICKETT,007052,OAK HILL 4 2,2008,legacy_fallback_pending_official_review,0.8,,2000,6584,1.0
low,PICKETT,007059,OAK HILL 4 2,2008,legacy_fallback_pending_official_review,0.8,,2000,6584,0.0
low,PICKETT,007051,OAK HILL 4 2,2008,legacy_fallback_pending_official_review,0.8,,2000,6584,0.0
low,PICKETT,007058,OAK HILL 4 2,2008,legacy_fallback_pending_official_review,0.8,,2000,6584,0.0
low,PICKETT,007053,OAK HILL 4 2,2008,legacy_fallback_pending_official_review,0.8,,2000,6584,0.0
low,PICKETT,007054,OAK HILL 4 2,2008,legacy_fallback_pending_official_review,0.8,,2000,6584,0.0
low,PICKETT,007056,OAK HILL 4 2,2008,legacy_fallback_pending_official_review,0.8,,2000,6584,0.0
low,PICKETT,007057,OAK HILL 4 2,2008,legacy_fallback_pending_official_review,0.8,,2000,6584,0.0
low,PICKETT,007055,TRAVISVILLE 3 2,2008,legacy_fallback_pending_official_review,0.846154,,2000,6588,0.99995406
low,PICKETT,007053,TRAVISVILLE 3 2,2008,legacy_fallback_pending_official_review,0.846154,,2000,6588,4.594e-05
low,PICKETT,007056,TRAVISVILLE 3 2,2008,legacy_fallback_pending_official_review,0.846154,,2000,6588,0.0
low,PICKETT,007054,TRAVISVILLE 3 2,2008,legacy_fallback_pending_official_review,0.846154,,2000,6588,0.0
low,PICKETT,007051,TRAVISVILLE 3 2,2008,legacy_fallback_pending_official_review,0.846154,,2000,6588,0.0
low,PICKETT,007058,TRAVISVILLE 3 2,2008,legacy_fallback_pending_official_review,0.846154,,2000,6588,0.0
low,PICKETT,007057,TRAVISVILLE 3 2,2008,legacy_fallback_pending_official_review,0.846154,,2000,6588,0.0
medium,PUTNAM,007251,11C JERE WHITSON,2008,legacy_fallback_pending_official_review,0.985,,2000,6736,0.77151079
medium,PUTNAM,007255,11C JERE WHITSON,2008,legacy_fallback_pending_official_review,0.985,,2000,6736,0.22400088
medium,PUTNAM,007252,11C JERE WHITSON,2008,legacy_fallback_pending_official_review,0.985,,2000,6736,0.00442321
medium,PUTNAM,007256,11C JERE WHITSON,2008,legacy_fallback_pending_official_review,0.985,,2000,6736,6.513e-05
medium,PUTNAM,007253,11C JERE WHITSON,2008,legacy_fallback_pending_official_review,0.985,,2000,6736,0.0
medium,PUTNAM,007257,11C JERE WHITSON,2008,legacy_fallback_pending_official_review,0.985,,2000,6736,0.0
medium,PUTNAM,007266,11C JERE WHITSON,2008,legacy_fallback_pending_official_review,0.985,,2000,6736,0.0
medium,PUTNAM,007258,11C JERE WHITSON,2008,legacy_fallback_pending_official_review,0.985,,2000,6736,0.0
medium,PUTNAM,007264,11C JERE WHITSON,2008,legacy_fallback_pending_official_review,0.985,,2000,6736,0.0
medium,PUTNAM,007265,11C JERE WHITSON,2008,legacy_fallback_pending_official_review,0.985,,2000,6736,0.0
medium,PUTNAM,007266,1B COURTHOUSE,2008,legacy_fallback_pending_official_review,0.985,,2000,6716,0.92229031
medium,PUTNAM,007256,1B COURTHOUSE,2008,legacy_fallback_pending_official_review,0.985,,2000,6716,0.04125899
medium,PUTNAM,007255,1B COURTHOUSE,2008,legacy_fallback_pending_official_review,0.985,,2000,6716,0.03606073
medium,PUTNAM,007252,1B COURTHOUSE,2008,legacy_fallback_pending_official_review,0.985,,2000,6716,0.00036141
medium,PUTNAM,007258,1B COURTHOUSE,2008,legacy_fallback_pending_official_review,0.985,,2000,6716,2.855e-05
medium,PUTNAM,007264,1B COURTHOUSE,2008,legacy_fallback_pending_official_review,0.985,,2000,6716,0.0
medium,PUTNAM,007261,1B COURTHOUSE,2008,legacy_fallback_pending_official_review,0.985,,2000,6716,0.0
medium,PUTNAM,007251,1B COURTHOUSE,2008,legacy_fallback_pending_official_review,0.985,,2000,6716,0.0
medium,PUTNAM,007275,1B COURTHOUSE,2008,legacy_fallback_pending_official_review,0.985,,2000,6716,0.0
medium,PUTNAM,007254,1B COURTHOUSE,2008,legacy_fallback_pending_official_review,0.985,,2000,6716,0.0
medium,PUTNAM,007263,1B COURTHOUSE,2008,legacy_fallback_pending_official_review,0.985,,2000,6716,0.0
medium,PUTNAM,007265,1B COURTHOUSE,2008,legacy_fallback_pending_official_review,0.985,,2000,6716,0.0
medium,PUTNAM,007262,1B COURTHOUSE,2008,legacy_fallback_pending_official_review,0.985,,2000,6716,0.0
medium,PUTNAM,007267,1B COURTHOUSE,2008,legacy_fallback_pending_official_review,0.985,,2000,6716,0.0
medium,PUTNAM,007274,1B COURTHOUSE,2008,legacy_fallback_pending_official_review,0.985,,2000,6716,0.0
medium,PUTNAM,007260,1B COURTHOUSE,2008,legacy_fallback_pending_official_review,0.985,,2000,6716,0.0
medium,PUTNAM,007273,1B COURTHOUSE,2008,legacy_fallback_pending_official_review,0.985,,2000,6716,0.0
medium,PUTNAM,007255,2B PRESCOTT CENTRAL,2008,legacy_fallback_pending_official_review,0.985,,2000,6740,0.9897545
medium,PUTNAM,007252,2B PRESCOTT CENTRAL,2008,legacy_fallback_pending_official_review,0.985,,2000,6740,0.0099197
medium,PUTNAM,007256,2B PRESCOTT CENTRAL,2008,legacy_fallback_pending_official_review,0.985,,2000,6740,0.00032581
medium,PUTNAM,007266,2B PRESCOTT CENTRAL,2008,legacy_fallback_pending_official_review,0.985,,2000,6740,0.0
medium,PUTNAM,007251,2B PRESCOTT CENTRAL,2008,legacy_fallback_pending_official_review,0.985,,2000,6740,0.0
medium,PUTNAM,007258,2B PRESCOTT CENTRAL,2008,legacy_fallback_pending_official_review,0.985,,2000,6740,0.0
medium,PUTNAM,007264,2B PRESCOTT CENTRAL,2008,legacy_fallback_pending_official_review,0.985,,2000,6740,0.0
medium,PUTNAM,007261,2B PRESCOTT CENTRAL,2008,legacy_fallback_pending_official_review,0.985,,2000,6740,0.0
medium,PUTNAM,007253,2B PRESCOTT CENTRAL,2008,legacy_fallback_pending_official_review,0.985,,2000,6740,0.0
medium,PUTNAM,007257,2B PRESCOTT CENTRAL,2008,legacy_fallback_pending_official_review,0.985,,2000,6740,0.0
medium,PUTNAM,007273,4C MONTEREY WEST,2008,legacy_fallback_pending_official_review,0.985,,2000,6752,0.95931436
medium,PUTNAM,007262,4C MONTEREY WEST,2008,legacy_fallback_pending_official_review,0.985,,2000,6752,0.04068564
medium,PUTNAM,007260,4C MONTEREY WEST,2008,legacy_fallback_pending_official_review,0.985,,2000,6752,0.0
medium,PUTNAM,007274,4C MONTEREY WEST,2008,legacy_fallback_pending_official_review,0.985,,2000,6752,0.0
medium,PUTNAM,007275,4C MONTEREY WEST,2008,legacy_fallback_pending_official_review,0.985,,2000,6752,0.0
medium,PUTNAM,007261,4C MONTEREY WEST,2008,legacy_fallback_pending_official_review,0.985,,2000,6752,0.0
medium,PUTNAM,007255,4C MONTEREY WEST,2008,legacy_fallback_pending_official_review,0.985,,2000,6752,0.0
medium,PUTNAM,007252,4C MONTEREY WEST,2008,legacy_fallback_pending_official_review,0.985,,2000,6752,0.0
medium,PUTNAM,007254,4C MONTEREY WEST,2008,legacy_fallback_pending_official_review,0.985,,2000,6752,0.0
medium,PUTNAM,007266,4C MONTEREY WEST,2008,legacy_fallback_pending_official_review,0.985,,2000,6752,0.0
medium,PUTNAM,007267,4C MONTEREY WEST,2008,legacy_fallback_pending_official_review,0.985,,2000,6752,0.0
medium,PUTNAM,007262,4D SAND SPRINGS,2008,legacy_fallback_pending_official_review,0.985,,2000,6764,0.99713411
medium,PUTNAM,007273,4D SAND SPRINGS,2008,legacy_fallback_pending_official_review,0.985,,2000,6764,0.00286589
medium,PUTNAM,007274,4D SAND SPRINGS,2008,legacy_fallback_pending_official_review,0.985,,2000,6764,0.0
medium,PUTNAM,007275,4D SAND SPRINGS,2008,legacy_fallback_pending_official_review,0.985,,2000,6764,0.0
medium,PUTNAM,007260,4D SAND SPRINGS,2008,legacy_fallback_pending_official_review,0.985,,2000,6764,0.0
medium,PUTNAM,007261,4D SAND SPRINGS,2008,legacy_fallback_pending_official_review,0.985,,2000,6764,0.0
medium,PUTNAM,007255,4D SAND SPRINGS,2008,legacy_fallback_pending_official_review,0.985,,2000,6764,0.0
medium,PUTNAM,007252,4D SAND SPRINGS,2008,legacy_fallback_pending_official_review,0.985,,2000,6764,0.0
medium,PUTNAM,007254,4D SAND SPRINGS,2008,legacy_fallback_pending_official_review,0.985,,2000,6764,0.0
medium,PUTNAM,007267,4D SAND SPRINGS,2008,legacy_fallback_pending_official_review,0.985,,2000,6764,0.0
medium,PUTNAM,007266,4D SAND SPRINGS,2008,legacy_fallback_pending_official_review,0.985,,2000,6764,0.0
medium,PUTNAM,007267,5B BRIDGE OUTSIDE,2008,legacy_fallback_pending_official_review,0.985,,2000,6684,0.99648763
medium,PUTNAM,007266,5B BRIDGE OUTSIDE,2008,legacy_fallback_pending_official_review,0.985,,2000,6684,0.00351237
medium,PUTNAM,007261,5B BRIDGE OUTSIDE,2008,legacy_fallback_pending_official_review,0.985,,2000,6684,0.0
medium,PUTNAM,007274,5B BRIDGE OUTSIDE,2008,legacy_fallback_pending_official_review,0.985,,2000,6684,0.0
medium,PUTNAM,007263,5B BRIDGE OUTSIDE,2008,legacy_fallback_pending_official_review,0.985,,2000,6684,0.0
medium,PUTNAM,007275,5B BRIDGE OUTSIDE,2008,legacy_fallback_pending_official_review,0.985,,2000,6684,0.0
medium,PUTNAM,007268,5B BRIDGE OUTSIDE,2008,legacy_fallback_pending_official_review,0.985,,2000,6684,0.0
medium,PUTNAM,007255,5B BRIDGE OUTSIDE,2008,legacy_fallback_pending_official_review,0.985,,2000,6684,0.0
medium,PUTNAM,007252,5B BRIDGE OUTSIDE,2008,legacy_fallback_pending_official_review,0.985,,2000,6684,0.0
medium,PUTNAM,007254,5B BRIDGE OUTSIDE,2008,legacy_fallback_pending_official_review,0.985,,2000,6684,0.0
medium,PUTNAM,007262,5B BRIDGE OUTSIDE,2008,legacy_fallback_pending_official_review,0.985,,2000,6684,0.0
medium,PUTNAM,007260,5B BRIDGE OUTSIDE,2008,legacy_fallback_pending_official_review,0.985,,2000,6684,0.0
medium,PUTNAM,007273,5B BRIDGE OUTSIDE,2008,legacy_fallback_pending_official_review,0.985,,2000,6684,0.0
medium,PUTNAM,007264,5B BRIDGE OUTSIDE,2008,legacy_fallback_pending_official_review,0.985,,2000,6684,0.0
medium,PUTNAM,007256,5B BRIDGE OUTSIDE,2008,legacy_fallback_pending_official_review,0.985,,2000,6684,0.0
medium,PUTNAM,007261,5G POPLAR GROVE,2008,legacy_fallback_pending_official_review,0.985,,2000,6760,0.64105909
medium,PUTNAM,007275,5G POPLAR GROVE,2008,legacy_fallback_pending_official_review,0.985,,2000,6760,0.3136925
medium,PUTNAM,007255,5G POPLAR GROVE,2008,legacy_fallback_pending_official_review,0.985,,2000,6760,0.02384526
medium,PUTNAM,007252,5G POPLAR GROVE,2008,legacy_fallback_pending_official_review,0.985,,2000,6760,0.02061032
medium,PUTNAM,007254,5G POPLAR GROVE,2008,legacy_fallback_pending_official_review,0.985,,2000,6760,0.00079282
medium,PUTNAM,007262,5G POPLAR GROVE,2008,legacy_fallback_pending_official_review,0.985,,2000,6760,0.0
medium,PUTNAM,007274,5G POPLAR GROVE,2008,legacy_fallback_pending_official_review,0.985,,2000,6760,0.0
medium,PUTNAM,007260,5G POPLAR GROVE,2008,legacy_fallback_pending_official_review,0.985,,2000,6760,0.0
medium,PUTNAM,007267,5G POPLAR GROVE,2008,legacy_fallback_pending_official_review,0.985,,2000,6760,0.0
medium,PUTNAM,007266,5G POPLAR GROVE,2008,legacy_fallback_pending_official_review,0.985,,2000,6760,0.0
medium,PUTNAM,007273,5G POPLAR GROVE,2008,legacy_fallback_pending_official_review,0.985,,2000,6760,0.0
medium,PUTNAM,007263,5G POPLAR GROVE,2008,legacy_fallback_pending_official_review,0.985,,2000,6760,0.0
medium,PUTNAM,007268,5G POPLAR GROVE,2008,legacy_fallback_pending_official_review,0.985,,2000,6760,0.0
medium,PUTNAM,007253,5G POPLAR GROVE,2008,legacy_fallback_pending_official_review,0.985,,2000,6760,0.0
medium,PUTNAM,007264,5G POPLAR GROVE,2008,legacy_fallback_pending_official_review,0.985,,2000,6760,0.0
medium,PUTNAM,007256,5G POPLAR GROVE,2008,legacy_fallback_pending_official_review,0.985,,2000,6760,0.0
low,PUTNAM,007267,5H BURGESS OUTSIDE,2008,legacy_fallback_pending_official_review,0.827586,,2000,6684,0.99648763
low,PUTNAM,007266,5H BURGESS OUTSIDE,2008,legacy_fallback_pending_official_review,0.827586,,2000,6684,0.00351237
low,PUTNAM,007261,5H BURGESS OUTSIDE,2008,legacy_fallback_pending_official_review,0.827586,,2000,6684,0.0
low,PUTNAM,007274,5H BURGESS OUTSIDE,2008,legacy_fallback_pending_official_review,0.827586,,2000,6684,0.0
low,PUTNAM,007263,5H BURGESS OUTSIDE,2008,legacy_fallback_pending_official_review,0.827586,,2000,6684,0.0
low,PUTNAM,007275,5H BURGESS OUTSIDE,2008,legacy_fallback_pending_official_review,0.827586,,2000,6684,0.0
low,PUTNAM,007268,5H BURGESS OUTSIDE,2008,legacy_fallback_pending_official_review,0.827586,,2000,6684,0.0
low,PUTNAM,007255,5H BURGESS OUTSIDE,2008,legacy_fallback_pending_official_review,0.827586,,2000,6684,0.0
low,PUTNAM,007252,5H BURGESS OUTSIDE,2008,legacy_fallback_pending_official_review,0.827586,,2000,6684,0.0
low,PUTNAM,007254,5H BURGESS OUTSIDE,2008,legacy_fallback_pending_official_review,0.827586,,2000,6684,0.0
low,PUTNAM,007262,5H BURGESS OUTSIDE,2008,legacy_fallback_pending_official_review,0.827586,,2000,6684,0.0
low,PUTNAM,007260,5H BURGESS OUTSIDE,2008,legacy_fallback_pending_official_review,0.827586,,2000,6684,0.0
low,PUTNAM,007273,5H BURGESS OUTSIDE,2008,legacy_fallback_pending_official_review,0.827586,,2000,6684,0.0
low,PUTNAM,007264,5H BURGESS OUTSIDE,2008,legacy_fallback_pending_official_review,0.827586,,2000,6684,0.0
low,PUTNAM,007256,5H BURGESS OUTSIDE,2008,legacy_fallback_pending_official_review,0.827586,,2000,6684,0.0
low,PUTNAM,007264,6B PARK VIEW IN,2008,legacy_fallback_pending_official_review,0.814815,,2000,6756,1.0
low,PUTNAM,007266,6B PARK VIEW IN,2008,legacy_fallback_pending_official_review,0.814815,,2000,6756,0.0
low,PUTNAM,007263,6B PARK VIEW IN,2008,legacy_fallback_pending_official_review,0.814815,,2000,6756,0.0
low,PUTNAM,007258,6B PARK VIEW IN,2008,legacy_fallback_pending_official_review,0.814815,,2000,6756,0.0
low,PUTNAM,007256,6B PARK VIEW IN,2008,legacy_fallback_pending_official_review,0.814815,,2000,6756,0.0
low,PUTNAM,007265,6B PARK VIEW IN,2008,legacy_fallback_pending_official_review,0.814815,,2000,6756,0.0
low,PUTNAM,007257,6B PARK VIEW IN,2008,legacy_fallback_pending_official_review,0.814815,,2000,6756,0.0
low,PUTNAM,007255,6B PARK VIEW IN,2008,legacy_fallback_pending_official_review,0.814815,,2000,6756,0.0
low,PUTNAM,007261,6B PARK VIEW IN,2008,legacy_fallback_pending_official_review,0.814815,,2000,6756,0.0
low,PUTNAM,007251,6B PARK VIEW IN,2008,legacy_fallback_pending_official_review,0.814815,,2000,6756,0.0
low,PUTNAM,007267,6B PARK VIEW IN,2008,legacy_fallback_pending_official_review,0.814815,,2000,6756,0.0
low,PUTNAM,007252,6B PARK VIEW IN,2008,legacy_fallback_pending_official_review,0.814815,,2000,6756,0.0
low,PUTNAM,007264,6C PARK VIEW OUT,2008,legacy_fallback_pending_official_review,0.827586,,2000,6757,1.0
low,PUTNAM,007263,6C PARK VIEW OUT,2008,legacy_fallback_pending_official_review,0.827586,,2000,6757,0.0
low,PUTNAM,007266,6C PARK VIEW OUT,2008,legacy_fallback_pending_official_review,0.827586,,2000,6757,0.0
low,PUTNAM,007265,6C PARK VIEW OUT,2008,legacy_fallback_pending_official_review,0.827586,,2000,6757,0.0
low,PUTNAM,007256,6C PARK VIEW OUT,2008,legacy_fallback_pending_official_review,0.827586,,2000,6757,0.0
low,PUTNAM,007258,6C PARK VIEW OUT,2008,legacy_fallback_pending_official_review,0.827586,,2000,6757,0.0
low,PUTNAM,007268,6C PARK VIEW OUT,2008,legacy_fallback_pending_official_review,0.827586,,2000,6757,0.0
low,PUTNAM,007267,6C PARK VIEW OUT,2008,legacy_fallback_pending_official_review,0.827586,,2000,6757,0.0
low,PUTNAM,007269,6C PARK VIEW OUT,2008,legacy_fallback_pending_official_review,0.827586,,2000,6757,0.0
medium,PUTNAM,007263,7B ARMORY OUTSIDE,2008,legacy_fallback_pending_official_review,0.985,,2000,6661,1.0
medium,PUTNAM,007267,7B ARMORY OUTSIDE,2008,legacy_fallback_pending_official_review,0.985,,2000,6661,0.0
medium,PUTNAM,007268,7B ARMORY OUTSIDE,2008,legacy_fallback_pending_official_review,0.985,,2000,6661,0.0
medium,PUTNAM,007264,7B ARMORY OUTSIDE,2008,legacy_fallback_pending_official_review,0.985,,2000,6661,0.0
medium,PUTNAM,007266,7B ARMORY OUTSIDE,2008,legacy_fallback_pending_official_review,0.985,,2000,6661,0.0
medium,PUTNAM,007269,7B ARMORY OUTSIDE,2008,legacy_fallback_pending_official_review,0.985,,2000,6661,0.0
medium,PUTNAM,007261,7B ARMORY OUTSIDE,2008,legacy_fallback_pending_official_review,0.985,,2000,6661,0.0
medium,PUTNAM,007265,7B ARMORY OUTSIDE,2008,legacy_fallback_pending_official_review,0.985,,2000,6661,0.0
medium,PUTNAM,007256,7B ARMORY OUTSIDE,2008,legacy_fallback_pending_official_review,0.985,,2000,6661,0.0
medium,PUTNAM,007274,7B ARMORY OUTSIDE,2008,legacy_fallback_pending_official_review,0.985,,2000,6661,0.0
medium,PUTNAM,007258,7B ARMORY OUTSIDE,2008,legacy_fallback_pending_official_review,0.985,,2000,6661,0.0
medium,PUTNAM,007268,7C BUSSELL,2008,legacy_fallback_pending_official_review,0.985,,2000,6696,0.77518896
medium,PUTNAM,007263,7C BUSSELL,2008,legacy_fallback_pending_official_review,0.985,,2000,6696,0.17462102
medium,PUTNAM,007267,7C BUSSELL,2008,legacy_fallback_pending_official_review,0.985,,2000,6696,0.04817119
medium,PUTNAM,007269,7C BUSSELL,2008,legacy_fallback_pending_official_review,0.985,,2000,6696,0.00201883
medium,PUTNAM,007265,7C BUSSELL,2008,legacy_fallback_pending_official_review,0.985,,2000,6696,0.0
medium,PUTNAM,007264,7C BUSSELL,2008,legacy_fallback_pending_official_review,0.985,,2000,6696,0.0
medium,PUTNAM,007266,7C BUSSELL,2008,legacy_fallback_pending_official_review,0.985,,2000,6696,0.0
medium,PUTNAM,007261,7C BUSSELL,2008,legacy_fallback_pending_official_review,0.985,,2000,6696,0.0
medium,PUTNAM,007274,7C BUSSELL,2008,legacy_fallback_pending_official_review,0.985,,2000,6696,0.0
medium,PUTNAM,007272,7C BUSSELL,2008,legacy_fallback_pending_official_review,0.985,,2000,6696,0.0
medium,PUTNAM,007271,7C BUSSELL,2008,legacy_fallback_pending_official_review,0.985,,2000,6696,0.0
medium,PUTNAM,007256,7C BUSSELL,2008,legacy_fallback_pending_official_review,0.985,,2000,6696,0.0
medium,PUTNAM,007258,7C BUSSELL,2008,legacy_fallback_pending_official_review,0.985,,2000,6696,0.0
medium,PUTNAM,007270,7C BUSSELL,2008,legacy_fallback_pending_official_review,0.985,,2000,6696,0.0
medium,PUTNAM,007269,8A BAXTER CITY HALL,2008,legacy_fallback_pending_official_review,0.985,,2000,6673,0.9997166
medium,PUTNAM,007265,8A BAXTER CITY HALL,2008,legacy_fallback_pending_official_review,0.985,,2000,6673,0.0001971
medium,PUTNAM,007263,8A BAXTER CITY HALL,2008,legacy_fallback_pending_official_review,0.985,,2000,6673,6.457e-05
medium,PUTNAM,007264,8A BAXTER CITY HALL,2008,legacy_fallback_pending_official_review,0.985,,2000,6673,2.172e-05
medium,PUTNAM,007271,8A BAXTER CITY HALL,2008,legacy_fallback_pending_official_review,0.985,,2000,6673,0.0
medium,PUTNAM,007272,8A BAXTER CITY HALL,2008,legacy_fallback_pending_official_review,0.985,,2000,6673,0.0
medium,PUTNAM,007268,8A BAXTER CITY HALL,2008,legacy_fallback_pending_official_review,0.985,,2000,6673,0.0
medium,PUTNAM,007270,8A BAXTER CITY HALL,2008,legacy_fallback_pending_official_review,0.985,,2000,6673,0.0
medium,PUTNAM,007257,8A BAXTER CITY HALL,2008,legacy_fallback_pending_official_review,0.985,,2000,6673,0.0
medium,PUTNAM,007269,8B BAXTER ELEM,2008,legacy_fallback_pending_official_review,0.985,,2000,6672,1.0
medium,PUTNAM,007272,8B BAXTER ELEM,2008,legacy_fallback_pending_official_review,0.985,,2000,6672,0.0
medium,PUTNAM,007271,8B BAXTER ELEM,2008,legacy_fallback_pending_official_review,0.985,,2000,6672,0.0
medium,PUTNAM,007268,8B BAXTER ELEM,2008,legacy_fallback_pending_official_review,0.985,,2000,6672,0.0
medium,PUTNAM,007263,8B BAXTER ELEM,2008,legacy_fallback_pending_official_review,0.985,,2000,6672,0.0
medium,PUTNAM,007265,8B BAXTER ELEM,2008,legacy_fallback_pending_official_review,0.985,,2000,6672,0.0
medium,PUTNAM,007264,8B BAXTER ELEM,2008,legacy_fallback_pending_official_review,0.985,,2000,6672,0.0
medium,PUTNAM,007270,8B BAXTER ELEM,2008,legacy_fallback_pending_official_review,0.985,,2000,6672,0.0
medium,PUTNAM,007267,8B BAXTER ELEM,2008,legacy_fallback_pending_official_review,0.985,,2000,6672,0.0
medium,PUTNAM,007257,8B BAXTER ELEM,2008,legacy_fallback_pending_official_review,0.985,,2000,6672,0.0
low,PUTNAM,007271,8C BLOOMINGTON SPR,2008,legacy_fallback_pending_official_review,0.882353,,2000,6676,0.55248066
low,PUTNAM,007265,8C BLOOMINGTON SPR,2008,legacy_fallback_pending_official_review,0.882353,,2000,6676,0.44751934
low,PUTNAM,007269,8C BLOOMINGTON SPR,2008,legacy_fallback_pending_official_review,0.882353,,2000,6676,0.0
low,PUTNAM,007270,8C BLOOMINGTON SPR,2008,legacy_fallback_pending_official_review,0.882353,,2000,6676,0.0
low,PUTNAM,007263,8C BLOOMINGTON SPR,2008,legacy_fallback_pending_official_review,0.882353,,2000,6676,0.0
low,PUTNAM,007257,8C BLOOMINGTON SPR,2008,legacy_fallback_pending_official_review,0.882353,,2000,6676,0.0
low,PUTNAM,007264,8C BLOOMINGTON SPR,2008,legacy_fallback_pending_official_review,0.882353,,2000,6676,0.0
low,PUTNAM,007272,8C BLOOMINGTON SPR,2008,legacy_fallback_pending_official_review,0.882353,,2000,6676,0.0
low,PUTNAM,007268,8C BLOOMINGTON SPR,2008,legacy_fallback_pending_official_review,0.882353,,2000,6676,0.0
low,PUTNAM,007258,8C BLOOMINGTON SPR,2008,legacy_fallback_pending_official_review,0.882353,,2000,6676,0.0
low,PUTNAM,007253,8C BLOOMINGTON SPR,2008,legacy_fallback_pending_official_review,0.882353,,2000,6676,0.0
low,PUTNAM,007251,8C BLOOMINGTON SPR,2008,legacy_fallback_pending_official_review,0.882353,,2000,6676,0.0
low,PUTNAM,007256,8C BLOOMINGTON SPR,2008,legacy_fallback_pending_official_review,0.882353,,2000,6676,0.0
medium,PUTNAM,007272,8H SILVER POINT,2008,legacy_fallback_pending_official_review,0.985,,2000,6768,0.99400487
medium,PUTNAM,007269,8H SILVER POINT,2008,legacy_fallback_pending_official_review,0.985,,2000,6768,0.00599513
medium,PUTNAM,007270,8H SILVER POINT,2008,legacy_fallback_pending_official_review,0.985,,2000,6768,0.0
medium,PUTNAM,007271,8H SILVER POINT,2008,legacy_fallback_pending_official_review,0.985,,2000,6768,0.0
medium,PUTNAM,007268,8H SILVER POINT,2008,legacy_fallback_pending_official_review,0.985,,2000,6768,0.0
medium,PUTNAM,007263,8H SILVER POINT,2008,legacy_fallback_pending_official_review,0.985,,2000,6768,0.0
medium,PUTNAM,002151,8H SILVER POINT,2008,legacy_fallback_pending_official_review,0.985,,2000,6768,0.0
medium,PUTNAM,007265,8H SILVER POINT,2008,legacy_fallback_pending_official_review,0.985,,2000,6768,0.0
medium,PUTNAM,007264,8H SILVER POINT,2008,legacy_fallback_pending_official_review,0.985,,2000,6768,0.0
medium,PUTNAM,007267,8H SILVER POINT,2008,legacy_fallback_pending_official_review,0.985,,2000,6768,0.0
medium,PUTNAM,002159,8H SILVER POINT,2008,legacy_fallback_pending_official_review,0.985,,2000,6768,0.0
medium,PUTNAM,002153,8H SILVER POINT,2008,legacy_fallback_pending_official_review,0.985,,2000,6768,0.0
medium,PUTNAM,002155,8H SILVER POINT,2008,legacy_fallback_pending_official_review,0.985,,2000,6768,0.0
high,ROANE,007467,POND GROVE,2008,legacy_fallback_pending_official_review,1.0,,2000,6940,0.50554363
high,ROANE,007472,POND GROVE,2008,legacy_fallback_pending_official_review,1.0,,2000,6940,0.48720772
high,ROANE,007464,POND GROVE,2008,legacy_fallback_pending_official_review,1.0,,2000,6940,0.00550018
high,ROANE,007471,POND GROVE,2008,legacy_fallback_pending_official_review,1.0,,2000,6940,0.00174624
high,ROANE,007470,POND GROVE,2008,legacy_fallback_pending_official_review,1.0,,2000,6940,2.08e-06
high,ROANE,007460,POND GROVE,2008,legacy_fallback_pending_official_review,1.0,,2000,6940,1.4e-07
high,ROANE,007462,POND GROVE,2008,legacy_fallback_pending_official_review,1.0,,2000,6940,0.0
high,ROANE,007463,POND GROVE,2008,legacy_fallback_pending_official_review,1.0,,2000,6940,0.0
high,ROANE,007469,POND GROVE,2008,legacy_fallback_pending_official_review,1.0,,2000,6940,0.0
high,ROANE,007468,POND GROVE,2008,legacy_fallback_pending_official_review,1.0,,2000,6940,0.0
high,ROANE,007465,POND GROVE,2008,legacy_fallback_pending_official_review,1.0,,2000,6940,0.0
high,ROANE,007454,POND GROVE,2008,legacy_fallback_pending_official_review,1.0,,2000,6940,0.0
high,ROANE,007455,POND GROVE,2008,legacy_fallback_pending_official_review,1.0,,2000,6940,0.0
high,ROANE,007456,POND GROVE,2008,legacy_fallback_pending_official_review,1.0,,2000,6940,0.0
high,SHELBY,008051,ARLINGTON,2008,legacy_fallback_pending_official_review,1.0,,2000,7384,0.51336117
high,SHELBY,008052,ARLINGTON,2008,legacy_fallback_pending_official_review,1.0,,2000,7384,0.48642167
high,SHELBY,008081,ARLINGTON,2008,legacy_fallback_pending_official_review,1.0,,2000,7384,0.00021716
high,SHELBY,008270,ARLINGTON,2008,legacy_fallback_pending_official_review,1.0,,2000,7384,0.0
high,SHELBY,008096,ARLINGTON,2008,legacy_fallback_pending_official_review,1.0,,2000,7384,0.0
high,SHELBY,008259,ARLINGTON,2008,legacy_fallback_pending_official_review,1.0,,2000,7384,0.0
high,SHELBY,008261,ARLINGTON,2008,legacy_fallback_pending_official_review,1.0,,2000,7384,0.0
high,SHELBY,008066,ARLINGTON,2008,legacy_fallback_pending_official_review,1.0,,2000,7384,0.0
high,SHELBY,008065,ARLINGTON,2008,legacy_fallback_pending_official_review,1.0,,2000,7384,0.0
high,SHELBY,008063,ARLINGTON,2008,legacy_fallback_pending_official_review,1.0,,2000,7384,0.0
high,SHELBY,008263,ARLINGTON,2008,legacy_fallback_pending_official_review,1.0,,2000,7384,0.0
high,SHELBY,008097,ARLINGTON,2008,legacy_fallback_pending_official_review,1.0,,2000,7384,0.0
high,SHELBY,008073,ARLINGTON,2008,legacy_fallback_pending_official_review,1.0,,2000,7384,0.0
high,SHELBY,008262,ARLINGTON,2008,legacy_fallback_pending_official_review,1.0,,2000,7384,0.0
high,SHELBY,008079,ARLINGTON,2008,legacy_fallback_pending_official_review,1.0,,2000,7384,0.0
high,SHELBY,008076,ARLINGTON,2008,legacy_fallback_pending_official_review,1.0,,2000,7384,0.0
high,SHELBY,008271,ARLINGTON,2008,legacy_fallback_pending_official_review,1.0,,2000,7384,0.0
high,SHELBY,008075,ARLINGTON,2008,legacy_fallback_pending_official_review,1.0,,2000,7384,0.0
high,SHELBY,008099,ARLINGTON,2008,legacy_fallback_pending_official_review,1.0,,2000,7384,0.0
high,SHELBY,008060,ARLINGTON,2008,legacy_fallback_pending_official_review,1.0,,2000,7384,0.0
high,SHELBY,008055,ARLINGTON,2008,legacy_fallback_pending_official_review,1.0,,2000,7384,0.0
high,SHELBY,008260,ARLINGTON,2008,legacy_fallback_pending_official_review,1.0,,2000,7384,0.0
high,SHELBY,008057,BARTLETT 01,2008,legacy_fallback_pending_official_review,1.0,,2000,7388,0.99533237
high,SHELBY,008231,BARTLETT 01,2008,legacy_fallback_pending_official_review,1.0,,2000,7388,0.00237659
high,SHELBY,008232,BARTLETT 01,2008,legacy_fallback_pending_official_review,1.0,,2000,7388,0.00225182
high,SHELBY,008064,BARTLETT 01,2008,legacy_fallback_pending_official_review,1.0,,2000,7388,3.921e-05
high,SHELBY,008058,BARTLETT 01,2008,legacy_fallback_pending_official_review,1.0,,2000,7388,0.0
high,SHELBY,008233,BARTLETT 01,2008,legacy_fallback_pending_official_review,1.0,,2000,7388,0.0
high,SHELBY,008053,BARTLETT 01,2008,legacy_fallback_pending_official_review,1.0,,2000,7388,0.0
high,SHELBY,008234,BARTLETT 01,2008,legacy_fallback_pending_official_review,1.0,,2000,7388,0.0
high,SHELBY,008055,BARTLETT 01,2008,legacy_fallback_pending_official_review,1.0,,2000,7388,0.0
high,SHELBY,008099,BARTLETT 01,2008,legacy_fallback_pending_official_review,1.0,,2000,7388,0.0
high,SHELBY,008054,BARTLETT 01,2008,legacy_fallback_pending_official_review,1.0,,2000,7388,0.0
high,SHELBY,008056,BARTLETT 01,2008,legacy_fallback_pending_official_review,1.0,,2000,7388,0.0
high,SHELBY,008236,BARTLETT 01,2008,legacy_fallback_pending_official_review,1.0,,2000,7388,0.0
high,SHELBY,008252,BARTLETT 01,2008,legacy_fallback_pending_official_review,1.0,,2000,7388,0.0
high,SHELBY,008152,BARTLETT 01,2008,legacy_fallback_pending_official_review,1.0,,2000,7388,0.0
high,SHELBY,008061,BARTLETT 01,2008,legacy_fallback_pending_official_review,1.0,,2000,7388,0.0
high,SHELBY,008063,BARTLETT 01,2008,legacy_fallback_pending_official_review,1.0,,2000,7388,0.0
high,SHELBY,008271,COLLIERVILLE 01,2008,legacy_fallback_pending_official_review,0.993,,2000,7432,0.54311959
high,SHELBY,008068,COLLIERVILLE 01,2008,legacy_fallback_pending_official_review,0.993,,2000,7432,0.45688041
high,SHELBY,008081,COLLIERVILLE 01,2008,legacy_fallback_pending_official_review,0.993,,2000,7432,0.0
high,SHELBY,008070,COLLIERVILLE 01,2008,legacy_fallback_pending_official_review,0.993,,2000,7432,0.0
high,SHELBY,008072,COLLIERVILLE 01,2008,legacy_fallback_pending_official_review,0.993,,2000,7432,0.0
high,SHELBY,008073,COLLIERVILLE 01,2008,legacy_fallback_pending_official_review,0.993,,2000,7432,0.0
high,SHELBY,008075,COLLIERVILLE 01,2008,legacy_fallback_pending_official_review,0.993,,2000,7432,0.0
high,SHELBY,008095,COLLIERVILLE 01,2008,legacy_fallback_pending_official_review,0.993,,2000,7432,0.0
high,SHELBY,008263,COLLIERVILLE 01,2008,legacy_fallback_pending_official_review,0.993,,2000,7432,0.0
high,SHELBY,008071,COLLIERVILLE 01,2008,legacy_fallback_pending_official_review,0.993,,2000,7432,0.0
high,SHELBY,008094,COLLIERVILLE 01,2008,legacy_fallback_pending_official_review,0.993,,2000,7432,0.0
high,SHELBY,008069,COLLIERVILLE 01,2008,legacy_fallback_pending_official_review,0.993,,2000,7432,0.0
high,SHELBY,008076,COLLIERVILLE 01,2008,legacy_fallback_pending_official_review,0.993,,2000,7432,0.0
high,SHELBY,008052,COLLIERVILLE 01,2008,legacy_fallback_pending_official_review,0.993,,2000,7432,0.0
high,SHELBY,008259,COLLIERVILLE 01,2008,legacy_fallback_pending_official_review,0.993,,2000,7432,0.0
high,SHELBY,008258,COLLIERVILLE 01,2008,legacy_fallback_pending_official_review,0.993,,2000,7432,0.0
high,SHELBY,008074,COLLIERVILLE 01,2008,legacy_fallback_pending_official_review,0.993,,2000,7432,0.0
high,SHELBY,008242,COLLIERVILLE 01,2008,legacy_fallback_pending_official_review,0.993,,2000,7432,0.0
high,SHELBY,008262,COLLIERVILLE 01,2008,legacy_fallback_pending_official_review,0.993,,2000,7432,0.0
high,SHELBY,008082,COLLIERVILLE 01,2008,legacy_fallback_pending_official_review,0.993,,2000,7432,0.0
high,SHELBY,008080,COLLIERVILLE 01,2008,legacy_fallback_pending_official_review,0.993,,2000,7432,0.0
high,SHELBY,008241,COLLIERVILLE 01,2008,legacy_fallback_pending_official_review,0.993,,2000,7432,0.0
high,SHELBY,008083,COLLIERVILLE 01,2008,legacy_fallback_pending_official_review,0.993,,2000,7432,0.0
high,SHELBY,008074,COLLIERVILLE 02,2008,legacy_fallback_pending_official_review,0.993,,2000,7436,0.60509664
high,SHELBY,008069,COLLIERVILLE 02,2008,legacy_fallback_pending_official_review,0.993,,2000,7436,0.39490336
high,SHELBY,008082,COLLIERVILLE 02,2008,legacy_fallback_pending_official_review,0.993,,2000,7436,0.0
high,SHELBY,008072,COLLIERVILLE 02,2008,legacy_fallback_pending_official_review,0.993,,2000,7436,0.0
high,SHELBY,008083,COLLIERVILLE 02,2008,legacy_fallback_pending_official_review,0.993,,2000,7436,0.0
high,SHELBY,008071,COLLIERVILLE 02,2008,legacy_fallback_pending_official_review,0.993,,2000,7436,0.0
high,SHELBY,008084,COLLIERVILLE 02,2008,legacy_fallback_pending_official_review,0.993,,2000,7436,0.0
high,SHELBY,008093,COLLIERVILLE 02,2008,legacy_fallback_pending_official_review,0.993,,2000,7436,0.0
high,SHELBY,008090,COLLIERVILLE 02,2008,legacy_fallback_pending_official_review,0.993,,2000,7436,0.0
high,SHELBY,008070,COLLIERVILLE 02,2008,legacy_fallback_pending_official_review,0.993,,2000,7436,0.0
high,SHELBY,008068,COLLIERVILLE 02,2008,legacy_fallback_pending_official_review,0.993,,2000,7436,0.0
high,SHELBY,008094,COLLIERVILLE 02,2008,legacy_fallback_pending_official_review,0.993,,2000,7436,0.0
high,SHELBY,008268,COLLIERVILLE 02,2008,legacy_fallback_pending_official_review,0.993,,2000,7436,0.0
high,SHELBY,008269,COLLIERVILLE 02,2008,legacy_fallback_pending_official_review,0.993,,2000,7436,0.0
high,SHELBY,008267,COLLIERVILLE 02,2008,legacy_fallback_pending_official_review,0.993,,2000,7436,0.0
high,SHELBY,008073,COLLIERVILLE 02,2008,legacy_fallback_pending_official_review,0.993,,2000,7436,0.0
high,SHELBY,008271,COLLIERVILLE 02,2008,legacy_fallback_pending_official_review,0.993,,2000,7436,0.0
high,SHELBY,008088,COLLIERVILLE 02,2008,legacy_fallback_pending_official_review,0.993,,2000,7436,0.0
high,SHELBY,008091,COLLIERVILLE 02,2008,legacy_fallback_pending_official_review,0.993,,2000,7436,0.0
high,SHELBY,008095,COLLIERVILLE 02,2008,legacy_fallback_pending_official_review,0.993,,2000,7436,0.0
high,SHELBY,008070,COLLIERVILLE 03,2008,legacy_fallback_pending_official_review,0.993,,2000,7440,1.0
high,SHELBY,008072,COLLIERVILLE 03,2008,legacy_fallback_pending_official_review,0.993,,2000,7440,0.0
high,SHELBY,008068,COLLIERVILLE 03,2008,legacy_fallback_pending_official_review,0.993,,2000,7440,0.0
high,SHELBY,008271,COLLIERVILLE 03,2008,legacy_fallback_pending_official_review,0.993,,2000,7440,0.0
high,SHELBY,008071,COLLIERVILLE 03,2008,legacy_fallback_pending_official_review,0.993,,2000,7440,0.0
high,SHELBY,008073,COLLIERVILLE 03,2008,legacy_fallback_pending_official_review,0.993,,2000,7440,0.0
high,SHELBY,008075,COLLIERVILLE 03,2008,legacy_fallback_pending_official_review,0.993,,2000,7440,0.0
high,SHELBY,008081,COLLIERVILLE 03,2008,legacy_fallback_pending_official_review,0.993,,2000,7440,0.0
high,SHELBY,008095,COLLIERVILLE 03,2008,legacy_fallback_pending_official_review,0.993,,2000,7440,0.0
high,SHELBY,008094,COLLIERVILLE 03,2008,legacy_fallback_pending_official_review,0.993,,2000,7440,0.0
high,SHELBY,008069,COLLIERVILLE 03,2008,legacy_fallback_pending_official_review,0.993,,2000,7440,0.0
high,SHELBY,008076,COLLIERVILLE 03,2008,legacy_fallback_pending_official_review,0.993,,2000,7440,0.0
high,SHELBY,008082,COLLIERVILLE 03,2008,legacy_fallback_pending_official_review,0.993,,2000,7440,0.0
high,SHELBY,008263,COLLIERVILLE 03,2008,legacy_fallback_pending_official_review,0.993,,2000,7440,0.0
high,SHELBY,008052,COLLIERVILLE 03,2008,legacy_fallback_pending_official_review,0.993,,2000,7440,0.0
high,SHELBY,008259,COLLIERVILLE 03,2008,legacy_fallback_pending_official_review,0.993,,2000,7440,0.0
high,SHELBY,008071,COLLIERVILLE 04,2008,legacy_fallback_pending_official_review,0.993,,2000,7441,1.0
high,SHELBY,008094,COLLIERVILLE 04,2008,legacy_fallback_pending_official_review,0.993,,2000,7441,0.0
high,SHELBY,008073,COLLIERVILLE 04,2008,legacy_fallback_pending_official_review,0.993,,2000,7441,0.0
high,SHELBY,008271,COLLIERVILLE 04,2008,legacy_fallback_pending_official_review,0.993,,2000,7441,0.0
high,SHELBY,008069,COLLIERVILLE 04,2008,legacy_fallback_pending_official_review,0.993,,2000,7441,0.0
high,SHELBY,008072,COLLIERVILLE 04,2008,legacy_fallback_pending_official_review,0.993,,2000,7441,0.0
high,SHELBY,008075,COLLIERVILLE 04,2008,legacy_fallback_pending_official_review,0.993,,2000,7441,0.0
high,SHELBY,008082,COLLIERVILLE 04,2008,legacy_fallback_pending_official_review,0.993,,2000,7441,0.0
high,SHELBY,008081,COLLIERVILLE 04,2008,legacy_fallback_pending_official_review,0.993,,2000,7441,0.0
high,SHELBY,008095,COLLIERVILLE 04,2008,legacy_fallback_pending_official_review,0.993,,2000,7441,0.0
high,SHELBY,008074,COLLIERVILLE 04,2008,legacy_fallback_pending_official_review,0.993,,2000,7441,0.0
high,SHELBY,008070,COLLIERVILLE 04,2008,legacy_fallback_pending_official_review,0.993,,2000,7441,0.0
high,SHELBY,008068,COLLIERVILLE 04,2008,legacy_fallback_pending_official_review,0.993,,2000,7441,0.0
high,SHELBY,008076,COLLIERVILLE 04,2008,legacy_fallback_pending_official_review,0.993,,2000,7441,0.0
high,SHELBY,008083,COLLIERVILLE 04,2008,legacy_fallback_pending_official_review,0.993,,2000,7441,0.0
high,SHELBY,008088,COLLIERVILLE 04,2008,legacy_fallback_pending_official_review,0.993,,2000,7441,0.0
high,SHELBY,008091,COLLIERVILLE 04,2008,legacy_fallback_pending_official_review,0.993,,2000,7441,0.0
high,SHELBY,008093,COLLIERVILLE 04,2008,legacy_fallback_pending_official_review,0.993,,2000,7441,0.0
high,SHELBY,008263,COLLIERVILLE 04,2008,legacy_fallback_pending_official_review,0.993,,2000,7441,0.0
high,SHELBY,008052,COLLIERVILLE 04,2008,legacy_fallback_pending_official_review,0.993,,2000,7441,0.0
high,SHELBY,008259,COLLIERVILLE 04,2008,legacy_fallback_pending_official_review,0.993,,2000,7441,0.0
high,SHELBY,008072,COLLIERVILLE 05,2008,legacy_fallback_pending_official_review,0.993,,2000,7442,1.0
high,SHELBY,008070,COLLIERVILLE 05,2008,legacy_fallback_pending_official_review,0.993,,2000,7442,0.0
high,SHELBY,008068,COLLIERVILLE 05,2008,legacy_fallback_pending_official_review,0.993,,2000,7442,0.0
high,SHELBY,008069,COLLIERVILLE 05,2008,legacy_fallback_pending_official_review,0.993,,2000,7442,0.0
high,SHELBY,008071,COLLIERVILLE 05,2008,legacy_fallback_pending_official_review,0.993,,2000,7442,0.0
high,SHELBY,008074,COLLIERVILLE 05,2008,legacy_fallback_pending_official_review,0.993,,2000,7442,0.0
high,SHELBY,008271,COLLIERVILLE 05,2008,legacy_fallback_pending_official_review,0.993,,2000,7442,0.0
high,SHELBY,008082,COLLIERVILLE 05,2008,legacy_fallback_pending_official_review,0.993,,2000,7442,0.0
high,SHELBY,008083,COLLIERVILLE 05,2008,legacy_fallback_pending_official_review,0.993,,2000,7442,0.0
high,SHELBY,008094,COLLIERVILLE 05,2008,legacy_fallback_pending_official_review,0.993,,2000,7442,0.0
high,SHELBY,008073,COLLIERVILLE 05,2008,legacy_fallback_pending_official_review,0.993,,2000,7442,0.0
high,SHELBY,008075,COLLIERVILLE 05,2008,legacy_fallback_pending_official_review,0.993,,2000,7442,0.0
high,SHELBY,008081,COLLIERVILLE 05,2008,legacy_fallback_pending_official_review,0.993,,2000,7442,0.0
high,SHELBY,008095,COLLIERVILLE 05,2008,legacy_fallback_pending_official_review,0.993,,2000,7442,0.0
high,SHELBY,008076,COLLIERVILLE 05,2008,legacy_fallback_pending_official_review,0.993,,2000,7442,0.0
high,SHELBY,008271,COLLIERVILLE 06,2008,legacy_fallback_pending_official_review,0.993,,2000,7443,0.46612578
high,SHELBY,008073,COLLIERVILLE 06,2008,legacy_fallback_pending_official_review,0.993,,2000,7443,0.40976324
high,SHELBY,008075,COLLIERVILLE 06,2008,legacy_fallback_pending_official_review,0.993,,2000,7443,0.12242061
high,SHELBY,008081,COLLIERVILLE 06,2008,legacy_fallback_pending_official_review,0.993,,2000,7443,0.00159218
high,SHELBY,008095,COLLIERVILLE 06,2008,legacy_fallback_pending_official_review,0.993,,2000,7443,9.818e-05
high,SHELBY,008094,COLLIERVILLE 06,2008,legacy_fallback_pending_official_review,0.993,,2000,7443,0.0
high,SHELBY,008068,COLLIERVILLE 06,2008,legacy_fallback_pending_official_review,0.993,,2000,7443,0.0
high,SHELBY,008071,COLLIERVILLE 06,2008,legacy_fallback_pending_official_review,0.993,,2000,7443,0.0
high,SHELBY,008076,COLLIERVILLE 06,2008,legacy_fallback_pending_official_review,0.993,,2000,7443,0.0
high,SHELBY,008070,COLLIERVILLE 06,2008,legacy_fallback_pending_official_review,0.993,,2000,7443,0.0
high,SHELBY,008263,COLLIERVILLE 06,2008,legacy_fallback_pending_official_review,0.993,,2000,7443,0.0
high,SHELBY,008088,COLLIERVILLE 06,2008,legacy_fallback_pending_official_review,0.993,,2000,7443,0.0
high,SHELBY,008052,COLLIERVILLE 06,2008,legacy_fallback_pending_official_review,0.993,,2000,7443,0.0
high,SHELBY,008259,COLLIERVILLE 06,2008,legacy_fallback_pending_official_review,0.993,,2000,7443,0.0
high,SHELBY,008091,COLLIERVILLE 06,2008,legacy_fallback_pending_official_review,0.993,,2000,7443,0.0
high,SHELBY,008093,COLLIERVILLE 06,2008,legacy_fallback_pending_official_review,0.993,,2000,7443,0.0
high,SHELBY,008082,COLLIERVILLE 06,2008,legacy_fallback_pending_official_review,0.993,,2000,7443,0.0
high,SHELBY,008072,COLLIERVILLE 06,2008,legacy_fallback_pending_official_review,0.993,,2000,7443,0.0
high,SHELBY,008258,COLLIERVILLE 06,2008,legacy_fallback_pending_official_review,0.993,,2000,7443,0.0
high,SHELBY,008242,COLLIERVILLE 06,2008,legacy_fallback_pending_official_review,0.993,,2000,7443,0.0
high,SHELBY,008069,COLLIERVILLE 06,2008,legacy_fallback_pending_official_review,0.993,,2000,7443,0.0
high,SHELBY,008090,COLLIERVILLE 06,2008,legacy_fallback_pending_official_review,0.993,,2000,7443,0.0
high,SHELBY,008262,COLLIERVILLE 06,2008,legacy_fallback_pending_official_review,0.993,,2000,7443,0.0
high,SHELBY,008080,COLLIERVILLE 06,2008,legacy_fallback_pending_official_review,0.993,,2000,7443,0.0
high,SHELBY,008241,COLLIERVILLE 06,2008,legacy_fallback_pending_official_review,0.993,,2000,7443,0.0
high,SHELBY,008086,COLLIERVILLE 06,2008,legacy_fallback_pending_official_review,0.993,,2000,7443,0.0
high,SHELBY,008084,COLLIERVILLE 06,2008,legacy_fallback_pending_official_review,0.993,,2000,7443,0.0
high,SHELBY,008083,COLLIERVILLE 06,2008,legacy_fallback_pending_official_review,0.993,,2000,7443,0.0
high,SHELBY,008268,COLLIERVILLE 06,2008,legacy_fallback_pending_official_review,0.993,,2000,7443,0.0
low,SHELBY,008271,COLLIERVILLE 07,2008,legacy_fallback_pending_official_review,0.896552,,2000,7432,0.54311959
low,SHELBY,008068,COLLIERVILLE 07,2008,legacy_fallback_pending_official_review,0.896552,,2000,7432,0.45688041
low,SHELBY,008081,COLLIERVILLE 07,2008,legacy_fallback_pending_official_review,0.896552,,2000,7432,0.0
low,SHELBY,008070,COLLIERVILLE 07,2008,legacy_fallback_pending_official_review,0.896552,,2000,7432,0.0
low,SHELBY,008072,COLLIERVILLE 07,2008,legacy_fallback_pending_official_review,0.896552,,2000,7432,0.0
low,SHELBY,008073,COLLIERVILLE 07,2008,legacy_fallback_pending_official_review,0.896552,,2000,7432,0.0
low,SHELBY,008075,COLLIERVILLE 07,2008,legacy_fallback_pending_official_review,0.896552,,2000,7432,0.0
low,SHELBY,008095,COLLIERVILLE 07,2008,legacy_fallback_pending_official_review,0.896552,,2000,7432,0.0
low,SHELBY,008263,COLLIERVILLE 07,2008,legacy_fallback_pending_official_review,0.896552,,2000,7432,0.0
low,SHELBY,008071,COLLIERVILLE 07,2008,legacy_fallback_pending_official_review,0.896552,,2000,7432,0.0
low,SHELBY,008094,COLLIERVILLE 07,2008,legacy_fallback_pending_official_review,0.896552,,2000,7432,0.0
low,SHELBY,008069,COLLIERVILLE 07,2008,legacy_fallback_pending_official_review,0.896552,,2000,7432,0.0
low,SHELBY,008076,COLLIERVILLE 07,2008,legacy_fallback_pending_official_review,0.896552,,2000,7432,0.0
low,SHELBY,008052,COLLIERVILLE 07,2008,legacy_fallback_pending_official_review,0.896552,,2000,7432,0.0
low,SHELBY,008259,COLLIERVILLE 07,2008,legacy_fallback_pending_official_review,0.896552,,2000,7432,0.0
low,SHELBY,008258,COLLIERVILLE 07,2008,legacy_fallback_pending_official_review,0.896552,,2000,7432,0.0
low,SHELBY,008074,COLLIERVILLE 07,2008,legacy_fallback_pending_official_review,0.896552,,2000,7432,0.0
low,SHELBY,008242,COLLIERVILLE 07,2008,legacy_fallback_pending_official_review,0.896552,,2000,7432,0.0
low,SHELBY,008262,COLLIERVILLE 07,2008,legacy_fallback_pending_official_review,0.896552,,2000,7432,0.0
low,SHELBY,008082,COLLIERVILLE 07,2008,legacy_fallback_pending_official_review,0.896552,,2000,7432,0.0
low,SHELBY,008080,COLLIERVILLE 07,2008,legacy_fallback_pending_official_review,0.896552,,2000,7432,0.0
low,SHELBY,008241,COLLIERVILLE 07,2008,legacy_fallback_pending_official_review,0.896552,,2000,7432,0.0
low,SHELBY,008083,COLLIERVILLE 07,2008,legacy_fallback_pending_official_review,0.896552,,2000,7432,0.0
high,SHELBY,008082,FOREST HILLS,2008,legacy_fallback_pending_official_review,1.0,,2000,7464,0.3560174
high,SHELBY,008084,FOREST HILLS,2008,legacy_fallback_pending_official_review,1.0,,2000,7464,0.3369948
high,SHELBY,008083,FOREST HILLS,2008,legacy_fallback_pending_official_review,1.0,,2000,7464,0.28753086
high,SHELBY,008074,FOREST HILLS,2008,legacy_fallback_pending_official_review,1.0,,2000,7464,0.01777561
high,SHELBY,008090,FOREST HILLS,2008,legacy_fallback_pending_official_review,1.0,,2000,7464,0.00121504
high,SHELBY,008093,FOREST HILLS,2008,legacy_fallback_pending_official_review,1.0,,2000,7464,0.0004663
high,SHELBY,008268,FOREST HILLS,2008,legacy_fallback_pending_official_review,1.0,,2000,7464,0.0
high,SHELBY,008094,FOREST HILLS,2008,legacy_fallback_pending_official_review,1.0,,2000,7464,0.0
high,SHELBY,008267,FOREST HILLS,2008,legacy_fallback_pending_official_review,1.0,,2000,7464,0.0
high,SHELBY,008269,FOREST HILLS,2008,legacy_fallback_pending_official_review,1.0,,2000,7464,0.0
high,SHELBY,008265,FOREST HILLS,2008,legacy_fallback_pending_official_review,1.0,,2000,7464,0.0
high,SHELBY,008069,FOREST HILLS,2008,legacy_fallback_pending_official_review,1.0,,2000,7464,0.0
high,SHELBY,008071,FOREST HILLS,2008,legacy_fallback_pending_official_review,1.0,,2000,7464,0.0
high,SHELBY,008251,FOREST HILLS,2008,legacy_fallback_pending_official_review,1.0,,2000,7464,0.0
high,SHELBY,008086,FOREST HILLS,2008,legacy_fallback_pending_official_review,1.0,,2000,7464,0.0
high,SHELBY,008221,FOREST HILLS,2008,legacy_fallback_pending_official_review,1.0,,2000,7464,0.0
high,SHELBY,008091,FOREST HILLS,2008,legacy_fallback_pending_official_review,1.0,,2000,7464,0.0
high,SHELBY,008266,FOREST HILLS,2008,legacy_fallback_pending_official_review,1.0,,2000,7464,0.0
high,SHELBY,008088,FOREST HILLS,2008,legacy_fallback_pending_official_review,1.0,,2000,7464,0.0
high,SHELBY,008095,FOREST HILLS,2008,legacy_fallback_pending_official_review,1.0,,2000,7464,0.0
high,SHELBY,008072,FOREST HILLS,2008,legacy_fallback_pending_official_review,1.0,,2000,7464,0.0
high,SHELBY,008073,FOREST HILLS,2008,legacy_fallback_pending_official_review,1.0,,2000,7464,0.0
high,SHELBY,008271,FOREST HILLS,2008,legacy_fallback_pending_official_review,1.0,,2000,7464,0.0
high,SHELBY,008075,FOREST HILLS,2008,legacy_fallback_pending_official_review,1.0,,2000,7464,0.0
high,SHELBY,008081,FOREST HILLS,2008,legacy_fallback_pending_official_review,1.0,,2000,7464,0.0
high,SHELBY,008222,FOREST HILLS,2008,legacy_fallback_pending_official_review,1.0,,2000,7464,0.0
high,SHELBY,008245,FOREST HILLS,2008,legacy_fallback_pending_official_review,1.0,,2000,7464,0.0
high,SHELBY,008248,FOREST HILLS,2008,legacy_fallback_pending_official_review,1.0,,2000,7464,0.0
high,SHELBY,008076,FOREST HILLS,2008,legacy_fallback_pending_official_review,1.0,,2000,7464,0.0
high,SHELBY,008070,FOREST HILLS,2008,legacy_fallback_pending_official_review,1.0,,2000,7464,0.0
high,SHELBY,008068,FOREST HILLS,2008,legacy_fallback_pending_official_review,1.0,,2000,7464,0.0
high,SHELBY,008087,GERMANTOWN 07,2008,legacy_fallback_pending_official_review,1.0,,2000,7500,1.0
high,SHELBY,008089,GERMANTOWN 07,2008,legacy_fallback_pending_official_review,1.0,,2000,7500,0.0
high,SHELBY,008086,GERMANTOWN 07,2008,legacy_fallback_pending_official_review,1.0,,2000,7500,0.0
high,SHELBY,008088,GERMANTOWN 07,2008,legacy_fallback_pending_official_review,1.0,,2000,7500,0.0
high,SHELBY,008091,GERMANTOWN 07,2008,legacy_fallback_pending_official_review,1.0,,2000,7500,0.0
high,SHELBY,008080,GERMANTOWN 07,2008,legacy_fallback_pending_official_review,1.0,,2000,7500,0.0
high,SHELBY,008090,GERMANTOWN 07,2008,legacy_fallback_pending_official_review,1.0,,2000,7500,0.0
high,SHELBY,008219,GERMANTOWN 07,2008,legacy_fallback_pending_official_review,1.0,,2000,7500,0.0
high,SHELBY,008222,GERMANTOWN 07,2008,legacy_fallback_pending_official_review,1.0,,2000,7500,0.0
high,SHELBY,008216,GERMANTOWN 07,2008,legacy_fallback_pending_official_review,1.0,,2000,7500,0.0
high,SHELBY,008237,GERMANTOWN 07,2008,legacy_fallback_pending_official_review,1.0,,2000,7500,0.0
high,SHELBY,008093,GERMANTOWN 07,2008,legacy_fallback_pending_official_review,1.0,,2000,7500,0.0
high,SHELBY,008095,GERMANTOWN 07,2008,legacy_fallback_pending_official_review,1.0,,2000,7500,0.0
high,SHELBY,008094,GERMANTOWN 07,2008,legacy_fallback_pending_official_review,1.0,,2000,7500,0.0
high,SHELBY,008221,GERMANTOWN 07,2008,legacy_fallback_pending_official_review,1.0,,2000,7500,0.0
high,SHELBY,008082,GERMANTOWN 07,2008,legacy_fallback_pending_official_review,1.0,,2000,7500,0.0
high,SHELBY,008103,MEMPHIS 07,2008,legacy_fallback_pending_official_review,1.0,,2000,7552,0.5107853
high,SHELBY,008110,MEMPHIS 07,2008,legacy_fallback_pending_official_review,1.0,,2000,7552,0.47811182
high,SHELBY,008102,MEMPHIS 07,2008,legacy_fallback_pending_official_review,1.0,,2000,7552,0.01110288
high,SHELBY,008101,MEMPHIS 07,2008,legacy_fallback_pending_official_review,1.0,,2000,7552,0.0
high,SHELBY,008105,MEMPHIS 07,2008,legacy_fallback_pending_official_review,1.0,,2000,7552,0.0
high,SHELBY,008111,MEMPHIS 07,2008,legacy_fallback_pending_official_review,1.0,,2000,7552,0.0
high,SHELBY,008104,MEMPHIS 07,2008,legacy_fallback_pending_official_review,1.0,,2000,7552,0.0
high,SHELBY,008106,MEMPHIS 07,2008,legacy_fallback_pending_official_review,1.0,,2000,7552,0.0
high,SHELBY,008109,MEMPHIS 07,2008,legacy_fallback_pending_official_review,1.0,,2000,7552,0.0
high,SHELBY,008184,MEMPHIS 07,2008,legacy_fallback_pending_official_review,1.0,,2000,7552,0.0
high,SHELBY,008182,MEMPHIS 07,2008,legacy_fallback_pending_official_review,1.0,,2000,7552,0.0
high,SHELBY,008113,MEMPHIS 07,2008,legacy_fallback_pending_official_review,1.0,,2000,7552,0.0
high,SHELBY,008105,MEMPHIS 13 1,2008,legacy_fallback_pending_official_review,1.0,,2000,7568,0.99456805
high,SHELBY,008103,MEMPHIS 13 1,2008,legacy_fallback_pending_official_review,1.0,,2000,7568,0.00543195
high,SHELBY,008104,MEMPHIS 13 1,2008,legacy_fallback_pending_official_review,1.0,,2000,7568,0.0
high,SHELBY,008120,MEMPHIS 13 1,2008,legacy_fallback_pending_official_review,1.0,,2000,7568,0.0
high,SHELBY,008102,MEMPHIS 13 1,2008,legacy_fallback_pending_official_review,1.0,,2000,7568,0.0
high,SHELBY,008110,MEMPHIS 13 1,2008,legacy_fallback_pending_official_review,1.0,,2000,7568,0.0
high,SHELBY,008145,MEMPHIS 13 1,2008,legacy_fallback_pending_official_review,1.0,,2000,7568,0.0
high,SHELBY,008121,MEMPHIS 13 1,2008,legacy_fallback_pending_official_review,1.0,,2000,7568,0.0
high,SHELBY,008105,MEMPHIS 13 2,2008,legacy_fallback_pending_official_review,1.0,,2000,7572,1.0
high,SHELBY,008104,MEMPHIS 13 2,2008,legacy_fallback_pending_official_review,1.0,,2000,7572,0.0
high,SHELBY,008120,MEMPHIS 13 2,2008,legacy_fallback_pending_official_review,1.0,,2000,7572,0.0
high,SHELBY,008121,MEMPHIS 13 2,2008,legacy_fallback_pending_official_review,1.0,,2000,7572,0.0
high,SHELBY,008103,MEMPHIS 13 2,2008,legacy_fallback_pending_official_review,1.0,,2000,7572,0.0
high,SHELBY,008145,MEMPHIS 13 2,2008,legacy_fallback_pending_official_review,1.0,,2000,7572,0.0
high,SHELBY,008102,MEMPHIS 13 2,2008,legacy_fallback_pending_official_review,1.0,,2000,7572,0.0
high,SHELBY,008113,MEMPHIS 13 2,2008,legacy_fallback_pending_official_review,1.0,,2000,7572,0.0
high,SHELBY,008144,MEMPHIS 13 2,2008,legacy_fallback_pending_official_review,1.0,,2000,7572,0.0
high,SHELBY,008200,MEMPHIS 13 2,2008,legacy_fallback_pending_official_review,1.0,,2000,7572,0.0
high,SHELBY,008207,MEMPHIS 13 2,2008,legacy_fallback_pending_official_review,1.0,,2000,7572,0.0
high,SHELBY,008106,MEMPHIS 16 3,2008,legacy_fallback_pending_official_review,1.0,,2000,7604,1.0
high,SHELBY,008103,MEMPHIS 16 3,2008,legacy_fallback_pending_official_review,1.0,,2000,7604,0.0
high,SHELBY,008107,MEMPHIS 16 3,2008,legacy_fallback_pending_official_review,1.0,,2000,7604,0.0
high,SHELBY,008110,MEMPHIS 16 3,2008,legacy_fallback_pending_official_review,1.0,,2000,7604,0.0
high,SHELBY,008108,MEMPHIS 16 3,2008,legacy_fallback_pending_official_review,1.0,,2000,7604,0.0
high,SHELBY,008113,MEMPHIS 16 3,2008,legacy_fallback_pending_official_review,1.0,,2000,7604,0.0
high,SHELBY,008109,MEMPHIS 16 3,2008,legacy_fallback_pending_official_review,1.0,,2000,7604,0.0
high,SHELBY,008105,MEMPHIS 16 3,2008,legacy_fallback_pending_official_review,1.0,,2000,7604,0.0
high,SHELBY,008102,MEMPHIS 16 3,2008,legacy_fallback_pending_official_review,1.0,,2000,7604,0.0
high,SHELBY,008117,MEMPHIS 16 3,2008,legacy_fallback_pending_official_review,1.0,,2000,7604,0.0
high,SHELBY,008101,MEMPHIS 16 3,2008,legacy_fallback_pending_official_review,1.0,,2000,7604,0.0
high,SHELBY,008111,MEMPHIS 16 3,2008,legacy_fallback_pending_official_review,1.0,,2000,7604,0.0
high,SHELBY,008122,MEMPHIS 16 3,2008,legacy_fallback_pending_official_review,1.0,,2000,7604,0.0
high,SHELBY,008114,MEMPHIS 16 3,2008,legacy_fallback_pending_official_review,1.0,,2000,7604,0.0
high,SHELBY,008111,MEMPHIS 21 1,2008,legacy_fallback_pending_official_review,1.0,,2000,7632,0.99496364
high,SHELBY,008110,MEMPHIS 21 1,2008,legacy_fallback_pending_official_review,1.0,,2000,7632,0.00503636
high,SHELBY,008122,MEMPHIS 21 1,2008,legacy_fallback_pending_official_review,1.0,,2000,7632,0.0
high,SHELBY,008123,MEMPHIS 21 1,2008,legacy_fallback_pending_official_review,1.0,,2000,7632,0.0
high,SHELBY,008101,MEMPHIS 21 1,2008,legacy_fallback_pending_official_review,1.0,,2000,7632,0.0
high,SHELBY,008184,MEMPHIS 21 1,2008,legacy_fallback_pending_official_review,1.0,,2000,7632,0.0
high,SHELBY,008103,MEMPHIS 21 1,2008,legacy_fallback_pending_official_review,1.0,,2000,7632,0.0
high,SHELBY,008102,MEMPHIS 21 1,2008,legacy_fallback_pending_official_review,1.0,,2000,7632,0.0
high,SHELBY,008106,MEMPHIS 21 1,2008,legacy_fallback_pending_official_review,1.0,,2000,7632,0.0
high,SHELBY,008109,MEMPHIS 21 1,2008,legacy_fallback_pending_official_review,1.0,,2000,7632,0.0
high,SHELBY,008108,MEMPHIS 21 1,2008,legacy_fallback_pending_official_review,1.0,,2000,7632,0.0
high,SHELBY,008114,MEMPHIS 21 1,2008,legacy_fallback_pending_official_review,1.0,,2000,7632,0.0
high,SHELBY,008107,MEMPHIS 21 1,2008,legacy_fallback_pending_official_review,1.0,,2000,7632,0.0
high,SHELBY,008130,MEMPHIS 21 1,2008,legacy_fallback_pending_official_review,1.0,,2000,7632,0.0
high,SHELBY,008111,MEMPHIS 21 2,2008,legacy_fallback_pending_official_review,1.0,,2000,7636,1.0
high,SHELBY,008110,MEMPHIS 21 2,2008,legacy_fallback_pending_official_review,1.0,,2000,7636,0.0
high,SHELBY,008123,MEMPHIS 21 2,2008,legacy_fallback_pending_official_review,1.0,,2000,7636,0.0
high,SHELBY,008101,MEMPHIS 21 2,2008,legacy_fallback_pending_official_review,1.0,,2000,7636,0.0
high,SHELBY,008184,MEMPHIS 21 2,2008,legacy_fallback_pending_official_review,1.0,,2000,7636,0.0
high,SHELBY,008190,MEMPHIS 21 2,2008,legacy_fallback_pending_official_review,1.0,,2000,7636,0.0
high,SHELBY,008131,MEMPHIS 21 2,2008,legacy_fallback_pending_official_review,1.0,,2000,7636,0.0
high,SHELBY,008111,MEMPHIS 21 3,2008,legacy_fallback_pending_official_review,1.0,,2000,7640,1.0
high,SHELBY,008123,MEMPHIS 21 3,2008,legacy_fallback_pending_official_review,1.0,,2000,7640,0.0
high,SHELBY,008110,MEMPHIS 21 3,2008,legacy_fallback_pending_official_review,1.0,,2000,7640,0.0
high,SHELBY,008130,MEMPHIS 21 3,2008,legacy_fallback_pending_official_review,1.0,,2000,7640,0.0
high,SHELBY,008122,MEMPHIS 21 3,2008,legacy_fallback_pending_official_review,1.0,,2000,7640,0.0
high,SHELBY,008105,MEMPHIS 25 1,2008,legacy_fallback_pending_official_review,1.0,,2000,7648,0.99410191
high,SHELBY,008103,MEMPHIS 25 1,2008,legacy_fallback_pending_official_review,1.0,,2000,7648,0.00589809
high,SHELBY,008120,MEMPHIS 25 1,2008,legacy_fallback_pending_official_review,1.0,,2000,7648,0.0
high,SHELBY,008104,MEMPHIS 25 1,2008,legacy_fallback_pending_official_review,1.0,,2000,7648,0.0
high,SHELBY,008102,MEMPHIS 25 1,2008,legacy_fallback_pending_official_review,1.0,,2000,7648,0.0
high,SHELBY,008110,MEMPHIS 25 1,2008,legacy_fallback_pending_official_review,1.0,,2000,7648,0.0
high,SHELBY,008113,MEMPHIS 25 1,2008,legacy_fallback_pending_official_review,1.0,,2000,7648,0.0
high,SHELBY,008106,MEMPHIS 25 1,2008,legacy_fallback_pending_official_review,1.0,,2000,7648,0.0
high,SHELBY,008144,MEMPHIS 25 1,2008,legacy_fallback_pending_official_review,1.0,,2000,7648,0.0
high,SHELBY,008113,MEMPHIS 26 2,2008,legacy_fallback_pending_official_review,1.0,,2000,7670,0.99993266
high,SHELBY,008170,MEMPHIS 26 2,2008,legacy_fallback_pending_official_review,1.0,,2000,7670,6.734e-05
high,SHELBY,008120,MEMPHIS 26 2,2008,legacy_fallback_pending_official_review,1.0,,2000,7670,0.0
high,SHELBY,008144,MEMPHIS 26 2,2008,legacy_fallback_pending_official_review,1.0,,2000,7670,0.0
high,SHELBY,008103,MEMPHIS 26 2,2008,legacy_fallback_pending_official_review,1.0,,2000,7670,0.0
high,SHELBY,008117,MEMPHIS 26 2,2008,legacy_fallback_pending_official_review,1.0,,2000,7670,0.0
high,SHELBY,008106,MEMPHIS 26 2,2008,legacy_fallback_pending_official_review,1.0,,2000,7670,0.0
high,SHELBY,008118,MEMPHIS 26 2,2008,legacy_fallback_pending_official_review,1.0,,2000,7670,0.0
high,SHELBY,008164,MEMPHIS 26 2,2008,legacy_fallback_pending_official_review,1.0,,2000,7670,0.0
high,SHELBY,008105,MEMPHIS 26 2,2008,legacy_fallback_pending_official_review,1.0,,2000,7670,0.0
high,SHELBY,008121,MEMPHIS 26 2,2008,legacy_fallback_pending_official_review,1.0,,2000,7670,0.0
high,SHELBY,008113,MEMPHIS 26 3,2008,legacy_fallback_pending_official_review,1.0,,2000,7671,1.0
high,SHELBY,008120,MEMPHIS 26 3,2008,legacy_fallback_pending_official_review,1.0,,2000,7671,0.0
high,SHELBY,008103,MEMPHIS 26 3,2008,legacy_fallback_pending_official_review,1.0,,2000,7671,0.0
high,SHELBY,008106,MEMPHIS 26 3,2008,legacy_fallback_pending_official_review,1.0,,2000,7671,0.0
high,SHELBY,008170,MEMPHIS 26 3,2008,legacy_fallback_pending_official_review,1.0,,2000,7671,0.0
high,SHELBY,008117,MEMPHIS 26 3,2008,legacy_fallback_pending_official_review,1.0,,2000,7671,0.0
high,SHELBY,008118,MEMPHIS 26 3,2008,legacy_fallback_pending_official_review,1.0,,2000,7671,0.0
high,SHELBY,008105,MEMPHIS 26 3,2008,legacy_fallback_pending_official_review,1.0,,2000,7671,0.0
high,SHELBY,008110,MEMPHIS 26 3,2008,legacy_fallback_pending_official_review,1.0,,2000,7671,0.0
high,SHELBY,008109,MEMPHIS 26 3,2008,legacy_fallback_pending_official_review,1.0,,2000,7671,0.0
high,SHELBY,008108,MEMPHIS 26 3,2008,legacy_fallback_pending_official_review,1.0,,2000,7671,0.0
high,SHELBY,008107,MEMPHIS 26 3,2008,legacy_fallback_pending_official_review,1.0,,2000,7671,0.0
high,SHELBY,008144,MEMPHIS 26 3,2008,legacy_fallback_pending_official_review,1.0,,2000,7671,0.0
high,SHELBY,008114,MEMPHIS 28 1,2008,legacy_fallback_pending_official_review,1.0,,2000,7684,1.0
high,SHELBY,008107,MEMPHIS 28 1,2008,legacy_fallback_pending_official_review,1.0,,2000,7684,0.0
high,SHELBY,008119,MEMPHIS 28 1,2008,legacy_fallback_pending_official_review,1.0,,2000,7684,0.0
high,SHELBY,008109,MEMPHIS 28 1,2008,legacy_fallback_pending_official_review,1.0,,2000,7684,0.0
high,SHELBY,008139,MEMPHIS 28 1,2008,legacy_fallback_pending_official_review,1.0,,2000,7684,0.0
high,SHELBY,008171,MEMPHIS 28 1,2008,legacy_fallback_pending_official_review,1.0,,2000,7684,0.0
high,SHELBY,008117,MEMPHIS 28 1,2008,legacy_fallback_pending_official_review,1.0,,2000,7684,0.0
high,SHELBY,008125,MEMPHIS 28 1,2008,legacy_fallback_pending_official_review,1.0,,2000,7684,0.0
high,SHELBY,008146,MEMPHIS 28 1,2008,legacy_fallback_pending_official_review,1.0,,2000,7684,0.0
high,SHELBY,008106,MEMPHIS 28 1,2008,legacy_fallback_pending_official_review,1.0,,2000,7684,0.0
high,SHELBY,008108,MEMPHIS 28 1,2008,legacy_fallback_pending_official_review,1.0,,2000,7684,0.0
high,SHELBY,008122,MEMPHIS 28 1,2008,legacy_fallback_pending_official_review,1.0,,2000,7684,0.0
high,SHELBY,008110,MEMPHIS 28 1,2008,legacy_fallback_pending_official_review,1.0,,2000,7684,0.0
high,SHELBY,008136,MEMPHIS 28 1,2008,legacy_fallback_pending_official_review,1.0,,2000,7684,0.0
high,SHELBY,008123,MEMPHIS 28 1,2008,legacy_fallback_pending_official_review,1.0,,2000,7684,0.0
high,SHELBY,008114,MEMPHIS 28 2,2008,legacy_fallback_pending_official_review,1.0,,2000,7686,1.0
high,SHELBY,008107,MEMPHIS 28 2,2008,legacy_fallback_pending_official_review,1.0,,2000,7686,0.0
high,SHELBY,008139,MEMPHIS 28 2,2008,legacy_fallback_pending_official_review,1.0,,2000,7686,0.0
high,SHELBY,008119,MEMPHIS 28 2,2008,legacy_fallback_pending_official_review,1.0,,2000,7686,0.0
high,SHELBY,008171,MEMPHIS 28 2,2008,legacy_fallback_pending_official_review,1.0,,2000,7686,0.0
high,SHELBY,008109,MEMPHIS 28 2,2008,legacy_fallback_pending_official_review,1.0,,2000,7686,0.0
high,SHELBY,008118,MEMPHIS 28 2,2008,legacy_fallback_pending_official_review,1.0,,2000,7686,0.0
high,SHELBY,008117,MEMPHIS 28 2,2008,legacy_fallback_pending_official_review,1.0,,2000,7686,0.0
high,SHELBY,008106,MEMPHIS 28 2,2008,legacy_fallback_pending_official_review,1.0,,2000,7686,0.0
high,SHELBY,008125,MEMPHIS 28 2,2008,legacy_fallback_pending_official_review,1.0,,2000,7686,0.0
high,SHELBY,008108,MEMPHIS 28 2,2008,legacy_fallback_pending_official_review,1.0,,2000,7686,0.0
high,SHELBY,008136,MEMPHIS 28 2,2008,legacy_fallback_pending_official_review,1.0,,2000,7686,0.0
high,SHELBY,008146,MEMPHIS 28 2,2008,legacy_fallback_pending_official_review,1.0,,2000,7686,0.0
high,SHELBY,008107,MEMPHIS 30,2008,legacy_fallback_pending_official_review,1.0,,2000,7700,1.0
high,SHELBY,008117,MEMPHIS 30,2008,legacy_fallback_pending_official_review,1.0,,2000,7700,0.0
high,SHELBY,008106,MEMPHIS 30,2008,legacy_fallback_pending_official_review,1.0,,2000,7700,0.0
high,SHELBY,008114,MEMPHIS 30,2008,legacy_fallback_pending_official_review,1.0,,2000,7700,0.0
high,SHELBY,008108,MEMPHIS 30,2008,legacy_fallback_pending_official_review,1.0,,2000,7700,0.0
high,SHELBY,008109,MEMPHIS 30,2008,legacy_fallback_pending_official_review,1.0,,2000,7700,0.0
high,SHELBY,008118,MEMPHIS 30,2008,legacy_fallback_pending_official_review,1.0,,2000,7700,0.0
high,SHELBY,008119,MEMPHIS 30,2008,legacy_fallback_pending_official_review,1.0,,2000,7700,0.0
high,SHELBY,008103,MEMPHIS 30,2008,legacy_fallback_pending_official_review,1.0,,2000,7700,0.0
high,SHELBY,008113,MEMPHIS 30,2008,legacy_fallback_pending_official_review,1.0,,2000,7700,0.0
high,SHELBY,008110,MEMPHIS 30,2008,legacy_fallback_pending_official_review,1.0,,2000,7700,0.0
high,SHELBY,008171,MEMPHIS 30,2008,legacy_fallback_pending_official_review,1.0,,2000,7700,0.0
high,SHELBY,008139,MEMPHIS 30,2008,legacy_fallback_pending_official_review,1.0,,2000,7700,0.0
high,SHELBY,008144,MEMPHIS 34 1,2008,legacy_fallback_pending_official_review,1.0,,2000,7732,1.0
high,SHELBY,008164,MEMPHIS 34 1,2008,legacy_fallback_pending_official_review,1.0,,2000,7732,0.0
high,SHELBY,008120,MEMPHIS 34 1,2008,legacy_fallback_pending_official_review,1.0,,2000,7732,0.0
high,SHELBY,008121,MEMPHIS 34 1,2008,legacy_fallback_pending_official_review,1.0,,2000,7732,0.0
high,SHELBY,008113,MEMPHIS 34 1,2008,legacy_fallback_pending_official_review,1.0,,2000,7732,0.0
high,SHELBY,008170,MEMPHIS 34 1,2008,legacy_fallback_pending_official_review,1.0,,2000,7732,0.0
high,SHELBY,008207,MEMPHIS 34 1,2008,legacy_fallback_pending_official_review,1.0,,2000,7732,0.0
high,SHELBY,008105,MEMPHIS 34 1,2008,legacy_fallback_pending_official_review,1.0,,2000,7732,0.0
high,SHELBY,008167,MEMPHIS 34 1,2008,legacy_fallback_pending_official_review,1.0,,2000,7732,0.0
high,SHELBY,008103,MEMPHIS 34 1,2008,legacy_fallback_pending_official_review,1.0,,2000,7732,0.0
high,SHELBY,008117,MEMPHIS 34 1,2008,legacy_fallback_pending_official_review,1.0,,2000,7732,0.0
high,SHELBY,008106,MEMPHIS 34 1,2008,legacy_fallback_pending_official_review,1.0,,2000,7732,0.0
high,SHELBY,008118,MEMPHIS 34 1,2008,legacy_fallback_pending_official_review,1.0,,2000,7732,0.0
high,SHELBY,008121,MEMPHIS 35 2,2008,legacy_fallback_pending_official_review,1.0,,2000,7744,1.0
high,SHELBY,008145,MEMPHIS 35 2,2008,legacy_fallback_pending_official_review,1.0,,2000,7744,0.0
high,SHELBY,008200,MEMPHIS 35 2,2008,legacy_fallback_pending_official_review,1.0,,2000,7744,0.0
high,SHELBY,008120,MEMPHIS 35 2,2008,legacy_fallback_pending_official_review,1.0,,2000,7744,0.0
high,SHELBY,008144,MEMPHIS 35 2,2008,legacy_fallback_pending_official_review,1.0,,2000,7744,0.0
high,SHELBY,008207,MEMPHIS 35 2,2008,legacy_fallback_pending_official_review,1.0,,2000,7744,0.0
high,SHELBY,008105,MEMPHIS 35 2,2008,legacy_fallback_pending_official_review,1.0,,2000,7744,0.0
high,SHELBY,008104,MEMPHIS 35 2,2008,legacy_fallback_pending_official_review,1.0,,2000,7744,0.0
high,SHELBY,008203,MEMPHIS 35 2,2008,legacy_fallback_pending_official_review,1.0,,2000,7744,0.0
high,SHELBY,008102,MEMPHIS 35 2,2008,legacy_fallback_pending_official_review,1.0,,2000,7744,0.0
high,SHELBY,008145,MEMPHIS 35 3,2008,legacy_fallback_pending_official_review,1.0,,2000,7748,1.0
high,SHELBY,008121,MEMPHIS 35 3,2008,legacy_fallback_pending_official_review,1.0,,2000,7748,0.0
high,SHELBY,008104,MEMPHIS 35 3,2008,legacy_fallback_pending_official_review,1.0,,2000,7748,0.0
high,SHELBY,008203,MEMPHIS 35 3,2008,legacy_fallback_pending_official_review,1.0,,2000,7748,0.0
high,SHELBY,008200,MEMPHIS 35 3,2008,legacy_fallback_pending_official_review,1.0,,2000,7748,0.0
high,SHELBY,008120,MEMPHIS 35 3,2008,legacy_fallback_pending_official_review,1.0,,2000,7748,0.0
high,SHELBY,008144,MEMPHIS 35 3,2008,legacy_fallback_pending_official_review,1.0,,2000,7748,0.0
high,SHELBY,008207,MEMPHIS 35 3,2008,legacy_fallback_pending_official_review,1.0,,2000,7748,0.0
high,SHELBY,008105,MEMPHIS 35 3,2008,legacy_fallback_pending_official_review,1.0,,2000,7748,0.0
high,SHELBY,008102,MEMPHIS 35 3,2008,legacy_fallback_pending_official_review,1.0,,2000,7748,0.0
high,SHELBY,008149,MEMPHIS 38 1,2008,legacy_fallback_pending_official_review,1.0,,2000,7768,1.0
high,SHELBY,008125,MEMPHIS 38 1,2008,legacy_fallback_pending_official_review,1.0,,2000,7768,0.0
high,SHELBY,008152,MEMPHIS 38 1,2008,legacy_fallback_pending_official_review,1.0,,2000,7768,0.0
high,SHELBY,008133,MEMPHIS 38 1,2008,legacy_fallback_pending_official_review,1.0,,2000,7768,0.0
high,SHELBY,008172,MEMPHIS 38 1,2008,legacy_fallback_pending_official_review,1.0,,2000,7768,0.0
high,SHELBY,008131,MEMPHIS 38 1,2008,legacy_fallback_pending_official_review,1.0,,2000,7768,0.0
high,SHELBY,008146,MEMPHIS 38 1,2008,legacy_fallback_pending_official_review,1.0,,2000,7768,0.0
high,SHELBY,008136,MEMPHIS 38 1,2008,legacy_fallback_pending_official_review,1.0,,2000,7768,0.0
high,SHELBY,008154,MEMPHIS 38 1,2008,legacy_fallback_pending_official_review,1.0,,2000,7768,0.0
high,SHELBY,008130,MEMPHIS 41 2,2008,legacy_fallback_pending_official_review,1.0,,2000,7796,1.0
high,SHELBY,008123,MEMPHIS 41 2,2008,legacy_fallback_pending_official_review,1.0,,2000,7796,0.0
high,SHELBY,008131,MEMPHIS 41 2,2008,legacy_fallback_pending_official_review,1.0,,2000,7796,0.0
high,SHELBY,008111,MEMPHIS 41 2,2008,legacy_fallback_pending_official_review,1.0,,2000,7796,0.0
high,SHELBY,008122,MEMPHIS 41 2,2008,legacy_fallback_pending_official_review,1.0,,2000,7796,0.0
high,SHELBY,008146,MEMPHIS 41 2,2008,legacy_fallback_pending_official_review,1.0,,2000,7796,0.0
high,SHELBY,008109,MEMPHIS 41 2,2008,legacy_fallback_pending_official_review,1.0,,2000,7796,0.0
high,SHELBY,008130,MEMPHIS 42 2,2008,legacy_fallback_pending_official_review,1.0,,2000,7808,1.0
high,SHELBY,008131,MEMPHIS 42 2,2008,legacy_fallback_pending_official_review,1.0,,2000,7808,0.0
high,SHELBY,008146,MEMPHIS 42 2,2008,legacy_fallback_pending_official_review,1.0,,2000,7808,0.0
high,SHELBY,008123,MEMPHIS 42 2,2008,legacy_fallback_pending_official_review,1.0,,2000,7808,0.0
high,SHELBY,008111,MEMPHIS 42 2,2008,legacy_fallback_pending_official_review,1.0,,2000,7808,0.0
high,SHELBY,008122,MEMPHIS 42 2,2008,legacy_fallback_pending_official_review,1.0,,2000,7808,0.0
high,SHELBY,008190,MEMPHIS 42 2,2008,legacy_fallback_pending_official_review,1.0,,2000,7808,0.0
high,SHELBY,008125,MEMPHIS 42 2,2008,legacy_fallback_pending_official_review,1.0,,2000,7808,0.0
high,SHELBY,008226,MEMPHIS 42 2,2008,legacy_fallback_pending_official_review,1.0,,2000,7808,0.0
high,SHELBY,008172,MEMPHIS 42 2,2008,legacy_fallback_pending_official_review,1.0,,2000,7808,0.0
high,SHELBY,008109,MEMPHIS 42 2,2008,legacy_fallback_pending_official_review,1.0,,2000,7808,0.0
high,SHELBY,008149,MEMPHIS 43 1,2008,legacy_fallback_pending_official_review,1.0,,2000,7816,1.0
high,SHELBY,008125,MEMPHIS 43 1,2008,legacy_fallback_pending_official_review,1.0,,2000,7816,0.0
high,SHELBY,008131,MEMPHIS 43 1,2008,legacy_fallback_pending_official_review,1.0,,2000,7816,0.0
high,SHELBY,008172,MEMPHIS 43 1,2008,legacy_fallback_pending_official_review,1.0,,2000,7816,0.0
high,SHELBY,008146,MEMPHIS 43 1,2008,legacy_fallback_pending_official_review,1.0,,2000,7816,0.0
high,SHELBY,008152,MEMPHIS 43 1,2008,legacy_fallback_pending_official_review,1.0,,2000,7816,0.0
high,SHELBY,008133,MEMPHIS 43 1,2008,legacy_fallback_pending_official_review,1.0,,2000,7816,0.0
high,SHELBY,008226,MEMPHIS 43 1,2008,legacy_fallback_pending_official_review,1.0,,2000,7816,0.0
high,SHELBY,008130,MEMPHIS 43 1,2008,legacy_fallback_pending_official_review,1.0,,2000,7816,0.0
high,SHELBY,008190,MEMPHIS 43 1,2008,legacy_fallback_pending_official_review,1.0,,2000,7816,0.0
high,SHELBY,008136,MEMPHIS 43 1,2008,legacy_fallback_pending_official_review,1.0,,2000,7816,0.0
high,SHELBY,008122,MEMPHIS 43 1,2008,legacy_fallback_pending_official_review,1.0,,2000,7816,0.0
high,SHELBY,008234,MEMPHIS 43 1,2008,legacy_fallback_pending_official_review,1.0,,2000,7816,0.0
high,SHELBY,008240,MEMPHIS 43 1,2008,legacy_fallback_pending_official_review,1.0,,2000,7816,0.0
high,SHELBY,008142,MEMPHIS 47 2,2008,legacy_fallback_pending_official_review,1.0,,2000,7876,1.0
high,SHELBY,008171,MEMPHIS 47 2,2008,legacy_fallback_pending_official_review,1.0,,2000,7876,0.0
high,SHELBY,008170,MEMPHIS 47 2,2008,legacy_fallback_pending_official_review,1.0,,2000,7876,0.0
high,SHELBY,008118,MEMPHIS 47 2,2008,legacy_fallback_pending_official_review,1.0,,2000,7876,0.0
high,SHELBY,008138,MEMPHIS 47 2,2008,legacy_fallback_pending_official_review,1.0,,2000,7876,0.0
high,SHELBY,008167,MEMPHIS 47 2,2008,legacy_fallback_pending_official_review,1.0,,2000,7876,0.0
high,SHELBY,008161,MEMPHIS 47 2,2008,legacy_fallback_pending_official_review,1.0,,2000,7876,0.0
high,SHELBY,008158,MEMPHIS 47 2,2008,legacy_fallback_pending_official_review,1.0,,2000,7876,0.0
high,SHELBY,008139,MEMPHIS 47 2,2008,legacy_fallback_pending_official_review,1.0,,2000,7876,0.0
high,SHELBY,008159,MEMPHIS 47 2,2008,legacy_fallback_pending_official_review,1.0,,2000,7876,0.0
high,SHELBY,008142,MEMPHIS 47 3,2008,legacy_fallback_pending_official_review,1.0,,2000,7880,1.0
high,SHELBY,008161,MEMPHIS 47 3,2008,legacy_fallback_pending_official_review,1.0,,2000,7880,0.0
high,SHELBY,008170,MEMPHIS 47 3,2008,legacy_fallback_pending_official_review,1.0,,2000,7880,0.0
high,SHELBY,008118,MEMPHIS 47 3,2008,legacy_fallback_pending_official_review,1.0,,2000,7880,0.0
high,SHELBY,008171,MEMPHIS 47 3,2008,legacy_fallback_pending_official_review,1.0,,2000,7880,0.0
high,SHELBY,008167,MEMPHIS 47 3,2008,legacy_fallback_pending_official_review,1.0,,2000,7880,0.0
high,SHELBY,008138,MEMPHIS 47 3,2008,legacy_fallback_pending_official_review,1.0,,2000,7880,0.0
high,SHELBY,008159,MEMPHIS 47 3,2008,legacy_fallback_pending_official_review,1.0,,2000,7880,0.0
high,SHELBY,008166,MEMPHIS 47 3,2008,legacy_fallback_pending_official_review,1.0,,2000,7880,0.0
high,SHELBY,008164,MEMPHIS 47 3,2008,legacy_fallback_pending_official_review,1.0,,2000,7880,0.0
high,SHELBY,008191,MEMPHIS 47 3,2008,legacy_fallback_pending_official_review,1.0,,2000,7880,0.0
high,SHELBY,008144,MEMPHIS 49 1,2008,legacy_fallback_pending_official_review,1.0,,2000,7888,1.0
high,SHELBY,008121,MEMPHIS 49 1,2008,legacy_fallback_pending_official_review,1.0,,2000,7888,0.0
high,SHELBY,008120,MEMPHIS 49 1,2008,legacy_fallback_pending_official_review,1.0,,2000,7888,0.0
high,SHELBY,008113,MEMPHIS 49 1,2008,legacy_fallback_pending_official_review,1.0,,2000,7888,0.0
high,SHELBY,008164,MEMPHIS 49 1,2008,legacy_fallback_pending_official_review,1.0,,2000,7888,0.0
high,SHELBY,008145,MEMPHIS 49 1,2008,legacy_fallback_pending_official_review,1.0,,2000,7888,0.0
high,SHELBY,008200,MEMPHIS 49 1,2008,legacy_fallback_pending_official_review,1.0,,2000,7888,0.0
high,SHELBY,008105,MEMPHIS 49 1,2008,legacy_fallback_pending_official_review,1.0,,2000,7888,0.0
high,SHELBY,008207,MEMPHIS 49 1,2008,legacy_fallback_pending_official_review,1.0,,2000,7888,0.0
high,SHELBY,008104,MEMPHIS 49 1,2008,legacy_fallback_pending_official_review,1.0,,2000,7888,0.0
high,SHELBY,008144,MEMPHIS 49 2,2008,legacy_fallback_pending_official_review,1.0,,2000,7892,1.0
high,SHELBY,008164,MEMPHIS 49 2,2008,legacy_fallback_pending_official_review,1.0,,2000,7892,0.0
high,SHELBY,008121,MEMPHIS 49 2,2008,legacy_fallback_pending_official_review,1.0,,2000,7892,0.0
high,SHELBY,008120,MEMPHIS 49 2,2008,legacy_fallback_pending_official_review,1.0,,2000,7892,0.0
high,SHELBY,008113,MEMPHIS 49 2,2008,legacy_fallback_pending_official_review,1.0,,2000,7892,0.0
high,SHELBY,008207,MEMPHIS 49 2,2008,legacy_fallback_pending_official_review,1.0,,2000,7892,0.0
high,SHELBY,008145,MEMPHIS 49 2,2008,legacy_fallback_pending_official_review,1.0,,2000,7892,0.0
high,SHELBY,008200,MEMPHIS 49 2,2008,legacy_fallback_pending_official_review,1.0,,2000,7892,0.0
high,SHELBY,008167,MEMPHIS 49 2,2008,legacy_fallback_pending_official_review,1.0,,2000,7892,0.0
high,SHELBY,008105,MEMPHIS 49 2,2008,legacy_fallback_pending_official_review,1.0,,2000,7892,0.0
high,SHELBY,008170,MEMPHIS 49 2,2008,legacy_fallback_pending_official_review,1.0,,2000,7892,0.0
high,SHELBY,008104,MEMPHIS 49 2,2008,legacy_fallback_pending_official_review,1.0,,2000,7892,0.0
high,SHELBY,008203,MEMPHIS 49 2,2008,legacy_fallback_pending_official_review,1.0,,2000,7892,0.0
high,SHELBY,008204,MEMPHIS 49 2,2008,legacy_fallback_pending_official_review,1.0,,2000,7892,0.0
high,SHELBY,008209,MEMPHIS 49 2,2008,legacy_fallback_pending_official_review,1.0,,2000,7892,0.0
high,SHELBY,008210,MEMPHIS 49 2,2008,legacy_fallback_pending_official_review,1.0,,2000,7892,0.0
high,SHELBY,008121,MEMPHIS 50 2,2008,legacy_fallback_pending_official_review,1.0,,2000,7904,1.0
high,SHELBY,008145,MEMPHIS 50 2,2008,legacy_fallback_pending_official_review,1.0,,2000,7904,0.0
high,SHELBY,008144,MEMPHIS 50 2,2008,legacy_fallback_pending_official_review,1.0,,2000,7904,0.0
high,SHELBY,008200,MEMPHIS 50 2,2008,legacy_fallback_pending_official_review,1.0,,2000,7904,0.0
high,SHELBY,008120,MEMPHIS 50 2,2008,legacy_fallback_pending_official_review,1.0,,2000,7904,0.0
high,SHELBY,008207,MEMPHIS 50 2,2008,legacy_fallback_pending_official_review,1.0,,2000,7904,0.0
high,SHELBY,008105,MEMPHIS 50 2,2008,legacy_fallback_pending_official_review,1.0,,2000,7904,0.0
high,SHELBY,008104,MEMPHIS 50 2,2008,legacy_fallback_pending_official_review,1.0,,2000,7904,0.0
high,SHELBY,008164,MEMPHIS 50 2,2008,legacy_fallback_pending_official_review,1.0,,2000,7904,0.0
high,SHELBY,008203,MEMPHIS 50 2,2008,legacy_fallback_pending_official_review,1.0,,2000,7904,0.0
high,SHELBY,008113,MEMPHIS 50 2,2008,legacy_fallback_pending_official_review,1.0,,2000,7904,0.0
high,SHELBY,008204,MEMPHIS 50 2,2008,legacy_fallback_pending_official_review,1.0,,2000,7904,0.0
high,SHELBY,008209,MEMPHIS 50 2,2008,legacy_fallback_pending_official_review,1.0,,2000,7904,0.0
high,SHELBY,008210,MEMPHIS 50 2,2008,legacy_fallback_pending_official_review,1.0,,2000,7904,0.0
high,SHELBY,008167,MEMPHIS 50 2,2008,legacy_fallback_pending_official_review,1.0,,2000,7904,0.0
high,SHELBY,008170,MEMPHIS 50 2,2008,legacy_fallback_pending_official_review,1.0,,2000,7904,0.0
high,SHELBY,008110,MEMPHIS 51,2008,legacy_fallback_pending_official_review,1.0,,2000,7908,0.99995683
high,SHELBY,008103,MEMPHIS 51,2008,legacy_fallback_pending_official_review,1.0,,2000,7908,4.317e-05
high,SHELBY,008102,MEMPHIS 51,2008,legacy_fallback_pending_official_review,1.0,,2000,7908,0.0
high,SHELBY,008111,MEMPHIS 51,2008,legacy_fallback_pending_official_review,1.0,,2000,7908,0.0
high,SHELBY,008101,MEMPHIS 51,2008,legacy_fallback_pending_official_review,1.0,,2000,7908,0.0
high,SHELBY,008106,MEMPHIS 51,2008,legacy_fallback_pending_official_review,1.0,,2000,7908,0.0
high,SHELBY,008109,MEMPHIS 51,2008,legacy_fallback_pending_official_review,1.0,,2000,7908,0.0
high,SHELBY,008105,MEMPHIS 51,2008,legacy_fallback_pending_official_review,1.0,,2000,7908,0.0
high,SHELBY,008123,MEMPHIS 51,2008,legacy_fallback_pending_official_review,1.0,,2000,7908,0.0
high,SHELBY,008184,MEMPHIS 51,2008,legacy_fallback_pending_official_review,1.0,,2000,7908,0.0
high,SHELBY,008113,MEMPHIS 51,2008,legacy_fallback_pending_official_review,1.0,,2000,7908,0.0
high,SHELBY,008158,MEMPHIS 58 2,2008,legacy_fallback_pending_official_review,1.0,,2000,7968,1.0
high,SHELBY,008159,MEMPHIS 58 2,2008,legacy_fallback_pending_official_review,1.0,,2000,7968,0.0
high,SHELBY,008138,MEMPHIS 58 2,2008,legacy_fallback_pending_official_review,1.0,,2000,7968,0.0
high,SHELBY,008161,MEMPHIS 58 2,2008,legacy_fallback_pending_official_review,1.0,,2000,7968,0.0
high,SHELBY,008141,MEMPHIS 58 2,2008,legacy_fallback_pending_official_review,1.0,,2000,7968,0.0
high,SHELBY,008142,MEMPHIS 58 2,2008,legacy_fallback_pending_official_review,1.0,,2000,7968,0.0
high,SHELBY,008171,MEMPHIS 58 2,2008,legacy_fallback_pending_official_review,1.0,,2000,7968,0.0
high,SHELBY,008191,MEMPHIS 58 2,2008,legacy_fallback_pending_official_review,1.0,,2000,7968,0.0
high,SHELBY,008192,MEMPHIS 58 2,2008,legacy_fallback_pending_official_review,1.0,,2000,7968,0.0
high,SHELBY,008176,MEMPHIS 58 2,2008,legacy_fallback_pending_official_review,1.0,,2000,7968,0.0
high,SHELBY,008139,MEMPHIS 58 2,2008,legacy_fallback_pending_official_review,1.0,,2000,7968,0.0
high,SHELBY,008159,MEMPHIS 58 3,2008,legacy_fallback_pending_official_review,1.0,,2000,7972,0.99994575
high,SHELBY,008161,MEMPHIS 58 3,2008,legacy_fallback_pending_official_review,1.0,,2000,7972,5.425e-05
high,SHELBY,008158,MEMPHIS 58 3,2008,legacy_fallback_pending_official_review,1.0,,2000,7972,0.0
high,SHELBY,008191,MEMPHIS 58 3,2008,legacy_fallback_pending_official_review,1.0,,2000,7972,0.0
high,SHELBY,008141,MEMPHIS 58 3,2008,legacy_fallback_pending_official_review,1.0,,2000,7972,0.0
high,SHELBY,008192,MEMPHIS 58 3,2008,legacy_fallback_pending_official_review,1.0,,2000,7972,0.0
high,SHELBY,008176,MEMPHIS 58 3,2008,legacy_fallback_pending_official_review,1.0,,2000,7972,0.0
high,SHELBY,008142,MEMPHIS 58 3,2008,legacy_fallback_pending_official_review,1.0,,2000,7972,0.0
high,SHELBY,008138,MEMPHIS 58 3,2008,legacy_fallback_pending_official_review,1.0,,2000,7972,0.0
high,SHELBY,008166,MEMPHIS 58 3,2008,legacy_fallback_pending_official_review,1.0,,2000,7972,0.0
high,SHELBY,008197,MEMPHIS 58 3,2008,legacy_fallback_pending_official_review,1.0,,2000,7972,0.0
high,SHELBY,008199,MEMPHIS 58 3,2008,legacy_fallback_pending_official_review,1.0,,2000,7972,0.0
high,SHELBY,008194,MEMPHIS 58 3,2008,legacy_fallback_pending_official_review,1.0,,2000,7972,0.0
high,SHELBY,008138,MEMPHIS 59 2,2008,legacy_fallback_pending_official_review,1.0,,2000,7988,1.0
high,SHELBY,008158,MEMPHIS 59 2,2008,legacy_fallback_pending_official_review,1.0,,2000,7988,0.0
high,SHELBY,008161,MEMPHIS 59 2,2008,legacy_fallback_pending_official_review,1.0,,2000,7988,0.0
high,SHELBY,008142,MEMPHIS 59 2,2008,legacy_fallback_pending_official_review,1.0,,2000,7988,0.0
high,SHELBY,008171,MEMPHIS 59 2,2008,legacy_fallback_pending_official_review,1.0,,2000,7988,0.0
high,SHELBY,008139,MEMPHIS 59 2,2008,legacy_fallback_pending_official_review,1.0,,2000,7988,0.0
high,SHELBY,008141,MEMPHIS 59 2,2008,legacy_fallback_pending_official_review,1.0,,2000,7988,0.0
high,SHELBY,008159,MEMPHIS 59 2,2008,legacy_fallback_pending_official_review,1.0,,2000,7988,0.0
high,SHELBY,008136,MEMPHIS 59 2,2008,legacy_fallback_pending_official_review,1.0,,2000,7988,0.0
high,SHELBY,008157,MEMPHIS 59 2,2008,legacy_fallback_pending_official_review,1.0,,2000,7988,0.0
high,SHELBY,008161,MEMPHIS 59 3,2008,legacy_fallback_pending_official_review,1.0,,2000,7992,1.0
high,SHELBY,008138,MEMPHIS 59 3,2008,legacy_fallback_pending_official_review,1.0,,2000,7992,0.0
high,SHELBY,008159,MEMPHIS 59 3,2008,legacy_fallback_pending_official_review,1.0,,2000,7992,0.0
high,SHELBY,008142,MEMPHIS 59 3,2008,legacy_fallback_pending_official_review,1.0,,2000,7992,0.0
high,SHELBY,008158,MEMPHIS 59 3,2008,legacy_fallback_pending_official_review,1.0,,2000,7992,0.0
high,SHELBY,008141,MEMPHIS 59 3,2008,legacy_fallback_pending_official_review,1.0,,2000,7992,0.0
high,SHELBY,008171,MEMPHIS 59 3,2008,legacy_fallback_pending_official_review,1.0,,2000,7992,0.0
high,SHELBY,008191,MEMPHIS 59 3,2008,legacy_fallback_pending_official_review,1.0,,2000,7992,0.0
high,SHELBY,008192,MEMPHIS 59 3,2008,legacy_fallback_pending_official_review,1.0,,2000,7992,0.0
high,SHELBY,008176,MEMPHIS 59 3,2008,legacy_fallback_pending_official_review,1.0,,2000,7992,0.0
high,SHELBY,008139,MEMPHIS 59 3,2008,legacy_fallback_pending_official_review,1.0,,2000,7992,0.0
high,SHELBY,008161,MEMPHIS 59 4,2008,legacy_fallback_pending_official_review,1.0,,2000,7996,1.0
high,SHELBY,008142,MEMPHIS 59 4,2008,legacy_fallback_pending_official_review,1.0,,2000,7996,0.0
high,SHELBY,008138,MEMPHIS 59 4,2008,legacy_fallback_pending_official_review,1.0,,2000,7996,0.0
high,SHELBY,008159,MEMPHIS 59 4,2008,legacy_fallback_pending_official_review,1.0,,2000,7996,0.0
high,SHELBY,008170,MEMPHIS 59 4,2008,legacy_fallback_pending_official_review,1.0,,2000,7996,0.0
high,SHELBY,008118,MEMPHIS 59 4,2008,legacy_fallback_pending_official_review,1.0,,2000,7996,0.0
high,SHELBY,008171,MEMPHIS 59 4,2008,legacy_fallback_pending_official_review,1.0,,2000,7996,0.0
high,SHELBY,008167,MEMPHIS 59 4,2008,legacy_fallback_pending_official_review,1.0,,2000,7996,0.0
high,SHELBY,008158,MEMPHIS 59 4,2008,legacy_fallback_pending_official_review,1.0,,2000,7996,0.0
high,SHELBY,008139,MEMPHIS 59 4,2008,legacy_fallback_pending_official_review,1.0,,2000,7996,0.0
high,SHELBY,008172,MEMPHIS 62,2008,legacy_fallback_pending_official_review,0.995,,2000,8048,1.0
high,SHELBY,008226,MEMPHIS 62,2008,legacy_fallback_pending_official_review,0.995,,2000,8048,0.0
high,SHELBY,008234,MEMPHIS 62,2008,legacy_fallback_pending_official_review,0.995,,2000,8048,0.0
high,SHELBY,008131,MEMPHIS 62,2008,legacy_fallback_pending_official_review,0.995,,2000,8048,0.0
high,SHELBY,008240,MEMPHIS 62,2008,legacy_fallback_pending_official_review,0.995,,2000,8048,0.0
high,SHELBY,008190,MEMPHIS 62,2008,legacy_fallback_pending_official_review,0.995,,2000,8048,0.0
high,SHELBY,008233,MEMPHIS 62,2008,legacy_fallback_pending_official_review,0.995,,2000,8048,0.0
high,SHELBY,008152,MEMPHIS 62,2008,legacy_fallback_pending_official_review,0.995,,2000,8048,0.0
high,SHELBY,008149,MEMPHIS 62,2008,legacy_fallback_pending_official_review,0.995,,2000,8048,0.0
high,SHELBY,008053,MEMPHIS 62,2008,legacy_fallback_pending_official_review,0.995,,2000,8048,0.0
high,SHELBY,008057,MEMPHIS 62,2008,legacy_fallback_pending_official_review,0.995,,2000,8048,0.0
high,SHELBY,008232,MEMPHIS 62,2008,legacy_fallback_pending_official_review,0.995,,2000,8048,0.0
high,SHELBY,008176,MEMPHIS 65 2,2008,legacy_fallback_pending_official_review,1.0,,2000,8076,1.0
high,SHELBY,008141,MEMPHIS 65 2,2008,legacy_fallback_pending_official_review,1.0,,2000,8076,0.0
high,SHELBY,008177,MEMPHIS 65 2,2008,legacy_fallback_pending_official_review,1.0,,2000,8076,0.0
high,SHELBY,008159,MEMPHIS 65 2,2008,legacy_fallback_pending_official_review,1.0,,2000,8076,0.0
high,SHELBY,008192,MEMPHIS 65 2,2008,legacy_fallback_pending_official_review,1.0,,2000,8076,0.0
high,SHELBY,008194,MEMPHIS 65 2,2008,legacy_fallback_pending_official_review,1.0,,2000,8076,0.0
high,SHELBY,008178,MEMPHIS 65 2,2008,legacy_fallback_pending_official_review,1.0,,2000,8076,0.0
high,SHELBY,008157,MEMPHIS 65 2,2008,legacy_fallback_pending_official_review,1.0,,2000,8076,0.0
high,SHELBY,008180,MEMPHIS 65 2,2008,legacy_fallback_pending_official_review,1.0,,2000,8076,0.0
high,SHELBY,008222,MEMPHIS 65 2,2008,legacy_fallback_pending_official_review,1.0,,2000,8076,0.0
high,SHELBY,008176,MEMPHIS 66 1,2008,legacy_fallback_pending_official_review,1.0,,2000,8080,1.0
high,SHELBY,008159,MEMPHIS 66 1,2008,legacy_fallback_pending_official_review,1.0,,2000,8080,0.0
high,SHELBY,008141,MEMPHIS 66 1,2008,legacy_fallback_pending_official_review,1.0,,2000,8080,0.0
high,SHELBY,008192,MEMPHIS 66 1,2008,legacy_fallback_pending_official_review,1.0,,2000,8080,0.0
high,SHELBY,008177,MEMPHIS 66 1,2008,legacy_fallback_pending_official_review,1.0,,2000,8080,0.0
high,SHELBY,008194,MEMPHIS 66 1,2008,legacy_fallback_pending_official_review,1.0,,2000,8080,0.0
high,SHELBY,008197,MEMPHIS 66 1,2008,legacy_fallback_pending_official_review,1.0,,2000,8080,0.0
high,SHELBY,008158,MEMPHIS 66 1,2008,legacy_fallback_pending_official_review,1.0,,2000,8080,0.0
high,SHELBY,008161,MEMPHIS 66 1,2008,legacy_fallback_pending_official_review,1.0,,2000,8080,0.0
high,SHELBY,008191,MEMPHIS 66 1,2008,legacy_fallback_pending_official_review,1.0,,2000,8080,0.0
high,SHELBY,008157,MEMPHIS 66 1,2008,legacy_fallback_pending_official_review,1.0,,2000,8080,0.0
high,SHELBY,008199,MEMPHIS 66 1,2008,legacy_fallback_pending_official_review,1.0,,2000,8080,0.0
high,SHELBY,008178,MEMPHIS 66 1,2008,legacy_fallback_pending_official_review,1.0,,2000,8080,0.0
high,SHELBY,008222,MEMPHIS 66 1,2008,legacy_fallback_pending_official_review,1.0,,2000,8080,0.0
high,SHELBY,008195,MEMPHIS 66 1,2008,legacy_fallback_pending_official_review,1.0,,2000,8080,0.0
high,SHELBY,008180,MEMPHIS 66 1,2008,legacy_fallback_pending_official_review,1.0,,2000,8080,0.0
high,SHELBY,008245,MEMPHIS 66 1,2008,legacy_fallback_pending_official_review,1.0,,2000,8080,0.0
high,SHELBY,008176,MEMPHIS 66 2,2008,legacy_fallback_pending_official_review,1.0,,2000,8084,1.0
high,SHELBY,008159,MEMPHIS 66 2,2008,legacy_fallback_pending_official_review,1.0,,2000,8084,0.0
high,SHELBY,008141,MEMPHIS 66 2,2008,legacy_fallback_pending_official_review,1.0,,2000,8084,0.0
high,SHELBY,008178,MEMPHIS 66 2,2008,legacy_fallback_pending_official_review,1.0,,2000,8084,0.0
high,SHELBY,008177,MEMPHIS 66 2,2008,legacy_fallback_pending_official_review,1.0,,2000,8084,0.0
high,SHELBY,008194,MEMPHIS 66 2,2008,legacy_fallback_pending_official_review,1.0,,2000,8084,0.0
high,SHELBY,008192,MEMPHIS 66 2,2008,legacy_fallback_pending_official_review,1.0,,2000,8084,0.0
high,SHELBY,008180,MEMPHIS 66 2,2008,legacy_fallback_pending_official_review,1.0,,2000,8084,0.0
high,SHELBY,008222,MEMPHIS 66 2,2008,legacy_fallback_pending_official_review,1.0,,2000,8084,0.0
high,SHELBY,008197,MEMPHIS 66 2,2008,legacy_fallback_pending_official_review,1.0,,2000,8084,0.0
high,SHELBY,008195,MEMPHIS 66 2,2008,legacy_fallback_pending_official_review,1.0,,2000,8084,0.0
high,SHELBY,008245,MEMPHIS 66 2,2008,legacy_fallback_pending_official_review,1.0,,2000,8084,0.0
high,SHELBY,008157,MEMPHIS 66 2,2008,legacy_fallback_pending_official_review,1.0,,2000,8084,0.0
high,SHELBY,008191,MEMPHIS 66 2,2008,legacy_fallback_pending_official_review,1.0,,2000,8084,0.0
high,SHELBY,008158,MEMPHIS 66 2,2008,legacy_fallback_pending_official_review,1.0,,2000,8084,0.0
high,SHELBY,008161,MEMPHIS 66 2,2008,legacy_fallback_pending_official_review,1.0,,2000,8084,0.0
high,SHELBY,008199,MEMPHIS 66 2,2008,legacy_fallback_pending_official_review,1.0,,2000,8084,0.0
high,SHELBY,008217,MEMPHIS 66 2,2008,legacy_fallback_pending_official_review,1.0,,2000,8084,0.0
high,SHELBY,008178,MEMPHIS 67 2,2008,legacy_fallback_pending_official_review,1.0,,2000,8096,0.70139247
high,SHELBY,008177,MEMPHIS 67 2,2008,legacy_fallback_pending_official_review,1.0,,2000,8096,0.29812153
high,SHELBY,008194,MEMPHIS 67 2,2008,legacy_fallback_pending_official_review,1.0,,2000,8096,0.000486
high,SHELBY,008176,MEMPHIS 67 2,2008,legacy_fallback_pending_official_review,1.0,,2000,8096,0.0
high,SHELBY,008180,MEMPHIS 67 2,2008,legacy_fallback_pending_official_review,1.0,,2000,8096,0.0
high,SHELBY,008222,MEMPHIS 67 2,2008,legacy_fallback_pending_official_review,1.0,,2000,8096,0.0
high,SHELBY,008197,MEMPHIS 67 2,2008,legacy_fallback_pending_official_review,1.0,,2000,8096,0.0
high,SHELBY,008195,MEMPHIS 67 2,2008,legacy_fallback_pending_official_review,1.0,,2000,8096,0.0
high,SHELBY,008192,MEMPHIS 67 2,2008,legacy_fallback_pending_official_review,1.0,,2000,8096,0.0
high,SHELBY,008245,MEMPHIS 67 2,2008,legacy_fallback_pending_official_review,1.0,,2000,8096,0.0
high,SHELBY,008159,MEMPHIS 67 2,2008,legacy_fallback_pending_official_review,1.0,,2000,8096,0.0
high,SHELBY,008141,MEMPHIS 67 2,2008,legacy_fallback_pending_official_review,1.0,,2000,8096,0.0
high,SHELBY,008217,MEMPHIS 67 2,2008,legacy_fallback_pending_official_review,1.0,,2000,8096,0.0
high,SHELBY,008187,MEMPHIS 71 2,2008,legacy_fallback_pending_official_review,1.0,,2000,8140,0.99995435
high,SHELBY,008098,MEMPHIS 71 2,2008,legacy_fallback_pending_official_review,1.0,,2000,8140,4.565e-05
high,SHELBY,008100,MEMPHIS 71 2,2008,legacy_fallback_pending_official_review,1.0,,2000,8140,0.0
high,SHELBY,008239,MEMPHIS 71 2,2008,legacy_fallback_pending_official_review,1.0,,2000,8140,0.0
high,SHELBY,008189,MEMPHIS 71 2,2008,legacy_fallback_pending_official_review,1.0,,2000,8140,0.0
high,SHELBY,008182,MEMPHIS 71 2,2008,legacy_fallback_pending_official_review,1.0,,2000,8140,0.0
high,SHELBY,008184,MEMPHIS 71 2,2008,legacy_fallback_pending_official_review,1.0,,2000,8140,0.0
high,SHELBY,008183,MEMPHIS 71 2,2008,legacy_fallback_pending_official_review,1.0,,2000,8140,0.0
high,SHELBY,008099,MEMPHIS 71 2,2008,legacy_fallback_pending_official_review,1.0,,2000,8140,0.0
high,SHELBY,008240,MEMPHIS 71 2,2008,legacy_fallback_pending_official_review,1.0,,2000,8140,0.0
high,SHELBY,008229,MEMPHIS 71 2,2008,legacy_fallback_pending_official_review,1.0,,2000,8140,0.0
high,SHELBY,008228,MEMPHIS 71 2,2008,legacy_fallback_pending_official_review,1.0,,2000,8140,0.0
high,SHELBY,008061,MEMPHIS 71 2,2008,legacy_fallback_pending_official_review,1.0,,2000,8140,0.0
high,SHELBY,008190,MEMPHIS 72 4,2008,legacy_fallback_pending_official_review,1.0,,2000,8164,0.9218725
high,SHELBY,008183,MEMPHIS 72 4,2008,legacy_fallback_pending_official_review,1.0,,2000,8164,0.07805879
high,SHELBY,008184,MEMPHIS 72 4,2008,legacy_fallback_pending_official_review,1.0,,2000,8164,6.871e-05
high,SHELBY,008189,MEMPHIS 72 4,2008,legacy_fallback_pending_official_review,1.0,,2000,8164,0.0
high,SHELBY,008131,MEMPHIS 72 4,2008,legacy_fallback_pending_official_review,1.0,,2000,8164,0.0
high,SHELBY,008111,MEMPHIS 72 4,2008,legacy_fallback_pending_official_review,1.0,,2000,8164,0.0
high,SHELBY,008226,MEMPHIS 72 4,2008,legacy_fallback_pending_official_review,1.0,,2000,8164,0.0
high,SHELBY,008228,MEMPHIS 72 4,2008,legacy_fallback_pending_official_review,1.0,,2000,8164,0.0
high,SHELBY,008187,MEMPHIS 72 4,2008,legacy_fallback_pending_official_review,1.0,,2000,8164,0.0
high,SHELBY,008182,MEMPHIS 72 4,2008,legacy_fallback_pending_official_review,1.0,,2000,8164,0.0
high,SHELBY,008110,MEMPHIS 72 4,2008,legacy_fallback_pending_official_review,1.0,,2000,8164,0.0
high,SHELBY,008189,MEMPHIS 72 6,2008,legacy_fallback_pending_official_review,1.0,,2000,8172,1.0
high,SHELBY,008183,MEMPHIS 72 6,2008,legacy_fallback_pending_official_review,1.0,,2000,8172,0.0
high,SHELBY,008187,MEMPHIS 72 6,2008,legacy_fallback_pending_official_review,1.0,,2000,8172,0.0
high,SHELBY,008239,MEMPHIS 72 6,2008,legacy_fallback_pending_official_review,1.0,,2000,8172,0.0
high,SHELBY,008228,MEMPHIS 72 6,2008,legacy_fallback_pending_official_review,1.0,,2000,8172,0.0
high,SHELBY,008184,MEMPHIS 72 6,2008,legacy_fallback_pending_official_review,1.0,,2000,8172,0.0
high,SHELBY,008190,MEMPHIS 72 6,2008,legacy_fallback_pending_official_review,1.0,,2000,8172,0.0
high,SHELBY,008100,MEMPHIS 72 6,2008,legacy_fallback_pending_official_review,1.0,,2000,8172,0.0
high,SHELBY,008098,MEMPHIS 72 6,2008,legacy_fallback_pending_official_review,1.0,,2000,8172,0.0
high,SHELBY,008182,MEMPHIS 72 6,2008,legacy_fallback_pending_official_review,1.0,,2000,8172,0.0
high,SHELBY,008192,MEMPHIS 73 2,2008,legacy_fallback_pending_official_review,1.0,,2000,8184,0.99658494
high,SHELBY,008197,MEMPHIS 73 2,2008,legacy_fallback_pending_official_review,1.0,,2000,8184,0.00341506
high,SHELBY,008191,MEMPHIS 73 2,2008,legacy_fallback_pending_official_review,1.0,,2000,8184,0.0
high,SHELBY,008176,MEMPHIS 73 2,2008,legacy_fallback_pending_official_review,1.0,,2000,8184,0.0
high,SHELBY,008194,MEMPHIS 73 2,2008,legacy_fallback_pending_official_review,1.0,,2000,8184,0.0
high,SHELBY,008159,MEMPHIS 73 2,2008,legacy_fallback_pending_official_review,1.0,,2000,8184,0.0
high,SHELBY,008199,MEMPHIS 73 2,2008,legacy_fallback_pending_official_review,1.0,,2000,8184,0.0
high,SHELBY,008161,MEMPHIS 73 2,2008,legacy_fallback_pending_official_review,1.0,,2000,8184,0.0
high,SHELBY,008166,MEMPHIS 73 2,2008,legacy_fallback_pending_official_review,1.0,,2000,8184,0.0
high,SHELBY,008141,MEMPHIS 73 2,2008,legacy_fallback_pending_official_review,1.0,,2000,8184,0.0
high,SHELBY,008158,MEMPHIS 73 2,2008,legacy_fallback_pending_official_review,1.0,,2000,8184,0.0
high,SHELBY,008177,MEMPHIS 73 2,2008,legacy_fallback_pending_official_review,1.0,,2000,8184,0.0
high,SHELBY,008195,MEMPHIS 73 2,2008,legacy_fallback_pending_official_review,1.0,,2000,8184,0.0
high,SHELBY,008222,MEMPHIS 73 2,2008,legacy_fallback_pending_official_review,1.0,,2000,8184,0.0
high,SHELBY,008245,MEMPHIS 73 2,2008,legacy_fallback_pending_official_review,1.0,,2000,8184,0.0
high,SHELBY,008178,MEMPHIS 73 2,2008,legacy_fallback_pending_official_review,1.0,,2000,8184,0.0
high,SHELBY,008195,MEMPHIS 74 8,2008,legacy_fallback_pending_official_review,1.0,,2000,8244,1.0
high,SHELBY,008243,MEMPHIS 74 8,2008,legacy_fallback_pending_official_review,1.0,,2000,8244,0.0
high,SHELBY,008246,MEMPHIS 74 8,2008,legacy_fallback_pending_official_review,1.0,,2000,8244,0.0
high,SHELBY,008197,MEMPHIS 74 8,2008,legacy_fallback_pending_official_review,1.0,,2000,8244,0.0
high,SHELBY,008194,MEMPHIS 74 8,2008,legacy_fallback_pending_official_review,1.0,,2000,8244,0.0
high,SHELBY,008199,MEMPHIS 74 8,2008,legacy_fallback_pending_official_review,1.0,,2000,8244,0.0
high,SHELBY,008245,MEMPHIS 74 8,2008,legacy_fallback_pending_official_review,1.0,,2000,8244,0.0
high,SHELBY,008244,MEMPHIS 74 8,2008,legacy_fallback_pending_official_review,1.0,,2000,8244,0.0
high,SHELBY,008177,MEMPHIS 74 8,2008,legacy_fallback_pending_official_review,1.0,,2000,8244,0.0
high,SHELBY,008176,MEMPHIS 74 8,2008,legacy_fallback_pending_official_review,1.0,,2000,8244,0.0
high,SHELBY,008222,MEMPHIS 74 8,2008,legacy_fallback_pending_official_review,1.0,,2000,8244,0.0
high,SHELBY,008192,MEMPHIS 74 8,2008,legacy_fallback_pending_official_review,1.0,,2000,8244,0.0
high,SHELBY,008178,MEMPHIS 74 8,2008,legacy_fallback_pending_official_review,1.0,,2000,8244,0.0
high,SHELBY,008250,MEMPHIS 74 8,2008,legacy_fallback_pending_official_review,1.0,,2000,8244,0.0
high,SHELBY,008202,MEMPHIS 75 4,2008,legacy_fallback_pending_official_review,1.0,,2000,8276,1.0
high,SHELBY,008201,MEMPHIS 75 4,2008,legacy_fallback_pending_official_review,1.0,,2000,8276,0.0
high,SHELBY,008203,MEMPHIS 75 4,2008,legacy_fallback_pending_official_review,1.0,,2000,8276,0.0
high,SHELBY,008204,MEMPHIS 75 4,2008,legacy_fallback_pending_official_review,1.0,,2000,8276,0.0
high,SHELBY,008224,MEMPHIS 75 4,2008,legacy_fallback_pending_official_review,1.0,,2000,8276,0.0
high,SHELBY,008205,MEMPHIS 75 4,2008,legacy_fallback_pending_official_review,1.0,,2000,8276,0.0
high,SHELBY,008207,MEMPHIS 76 1,2008,legacy_fallback_pending_official_review,1.0,,2000,8300,1.0
high,SHELBY,008203,MEMPHIS 76 1,2008,legacy_fallback_pending_official_review,1.0,,2000,8300,0.0
high,SHELBY,008204,MEMPHIS 76 1,2008,legacy_fallback_pending_official_review,1.0,,2000,8300,0.0
high,SHELBY,008200,MEMPHIS 76 1,2008,legacy_fallback_pending_official_review,1.0,,2000,8300,0.0
high,SHELBY,008164,MEMPHIS 76 1,2008,legacy_fallback_pending_official_review,1.0,,2000,8300,0.0
high,SHELBY,008209,MEMPHIS 76 1,2008,legacy_fallback_pending_official_review,1.0,,2000,8300,0.0
high,SHELBY,008121,MEMPHIS 76 1,2008,legacy_fallback_pending_official_review,1.0,,2000,8300,0.0
high,SHELBY,008210,MEMPHIS 76 1,2008,legacy_fallback_pending_official_review,1.0,,2000,8300,0.0
high,SHELBY,008202,MEMPHIS 76 1,2008,legacy_fallback_pending_official_review,1.0,,2000,8300,0.0
high,SHELBY,008201,MEMPHIS 76 1,2008,legacy_fallback_pending_official_review,1.0,,2000,8300,0.0
high,SHELBY,008145,MEMPHIS 76 1,2008,legacy_fallback_pending_official_review,1.0,,2000,8300,0.0
high,SHELBY,008206,MEMPHIS 76 1,2008,legacy_fallback_pending_official_review,1.0,,2000,8300,0.0
high,SHELBY,008144,MEMPHIS 76 1,2008,legacy_fallback_pending_official_review,1.0,,2000,8300,0.0
high,SHELBY,008120,MEMPHIS 76 1,2008,legacy_fallback_pending_official_review,1.0,,2000,8300,0.0
high,SHELBY,008105,MEMPHIS 76 1,2008,legacy_fallback_pending_official_review,1.0,,2000,8300,0.0
high,SHELBY,008167,MEMPHIS 76 1,2008,legacy_fallback_pending_official_review,1.0,,2000,8300,0.0
high,SHELBY,008104,MEMPHIS 76 1,2008,legacy_fallback_pending_official_review,1.0,,2000,8300,0.0
high,SHELBY,008170,MEMPHIS 76 1,2008,legacy_fallback_pending_official_review,1.0,,2000,8300,0.0
high,SHELBY,008212,MEMPHIS 76 1,2008,legacy_fallback_pending_official_review,1.0,,2000,8300,0.0
high,SHELBY,008113,MEMPHIS 76 1,2008,legacy_fallback_pending_official_review,1.0,,2000,8300,0.0
high,SHELBY,008205,MEMPHIS 76 1,2008,legacy_fallback_pending_official_review,1.0,,2000,8300,0.0
high,SHELBY,008213,MEMPHIS 79 9,2008,legacy_fallback_pending_official_review,1.0,,2000,8388,1.0
high,SHELBY,008168,MEMPHIS 79 9,2008,legacy_fallback_pending_official_review,1.0,,2000,8388,0.0
high,SHELBY,008214,MEMPHIS 79 9,2008,legacy_fallback_pending_official_review,1.0,,2000,8388,0.0
high,SHELBY,008212,MEMPHIS 79 9,2008,legacy_fallback_pending_official_review,1.0,,2000,8388,0.0
high,SHELBY,008205,MEMPHIS 79 9,2008,legacy_fallback_pending_official_review,1.0,,2000,8388,0.0
high,SHELBY,008206,MEMPHIS 79 9,2008,legacy_fallback_pending_official_review,1.0,,2000,8388,0.0
high,SHELBY,008211,MEMPHIS 79 9,2008,legacy_fallback_pending_official_review,1.0,,2000,8388,0.0
high,SHELBY,008244,MEMPHIS 79 9,2008,legacy_fallback_pending_official_review,1.0,,2000,8388,0.0
high,SHELBY,008266,MEMPHIS 79 9,2008,legacy_fallback_pending_official_review,1.0,,2000,8388,0.0
high,SHELBY,008166,MEMPHIS 79 9,2008,legacy_fallback_pending_official_review,1.0,,2000,8388,0.0
high,SHELBY,008210,MEMPHIS 79 9,2008,legacy_fallback_pending_official_review,1.0,,2000,8388,0.0
high,SHELBY,008199,MEMPHIS 79 9,2008,legacy_fallback_pending_official_review,1.0,,2000,8388,0.0
high,SHELBY,008222,MEMPHIS 81 8,2008,legacy_fallback_pending_official_review,1.0,,2000,8426,0.99943352
high,SHELBY,008086,MEMPHIS 81 8,2008,legacy_fallback_pending_official_review,1.0,,2000,8426,0.00056648
high,SHELBY,008221,MEMPHIS 81 8,2008,legacy_fallback_pending_official_review,1.0,,2000,8426,0.0
high,SHELBY,008219,MEMPHIS 81 8,2008,legacy_fallback_pending_official_review,1.0,,2000,8426,0.0
high,SHELBY,008245,MEMPHIS 81 8,2008,legacy_fallback_pending_official_review,1.0,,2000,8426,0.0
high,SHELBY,008194,MEMPHIS 81 8,2008,legacy_fallback_pending_official_review,1.0,,2000,8426,0.0
high,SHELBY,008090,MEMPHIS 81 8,2008,legacy_fallback_pending_official_review,1.0,,2000,8426,0.0
high,SHELBY,008268,MEMPHIS 81 8,2008,legacy_fallback_pending_official_review,1.0,,2000,8426,0.0
high,SHELBY,008251,MEMPHIS 81 8,2008,legacy_fallback_pending_official_review,1.0,,2000,8426,0.0
high,SHELBY,008246,MEMPHIS 81 8,2008,legacy_fallback_pending_official_review,1.0,,2000,8426,0.0
high,SHELBY,008087,MEMPHIS 81 8,2008,legacy_fallback_pending_official_review,1.0,,2000,8426,0.0
high,SHELBY,008250,MEMPHIS 81 8,2008,legacy_fallback_pending_official_review,1.0,,2000,8426,0.0
high,SHELBY,008093,MEMPHIS 81 8,2008,legacy_fallback_pending_official_review,1.0,,2000,8426,0.0
high,SHELBY,008229,MEMPHIS 85,2008,legacy_fallback_pending_official_review,1.0,,2000,8452,1.0
high,SHELBY,008240,MEMPHIS 85,2008,legacy_fallback_pending_official_review,1.0,,2000,8452,0.0
high,SHELBY,008231,MEMPHIS 85,2008,legacy_fallback_pending_official_review,1.0,,2000,8452,0.0
high,SHELBY,008234,MEMPHIS 85,2008,legacy_fallback_pending_official_review,1.0,,2000,8452,0.0
high,SHELBY,008061,MEMPHIS 85,2008,legacy_fallback_pending_official_review,1.0,,2000,8452,0.0
high,SHELBY,008239,MEMPHIS 85,2008,legacy_fallback_pending_official_review,1.0,,2000,8452,0.0
high,SHELBY,008226,MEMPHIS 85,2008,legacy_fallback_pending_official_review,1.0,,2000,8452,0.0
high,SHELBY,008228,MEMPHIS 85,2008,legacy_fallback_pending_official_review,1.0,,2000,8452,0.0
high,SHELBY,008190,MEMPHIS 85,2008,legacy_fallback_pending_official_review,1.0,,2000,8452,0.0
high,SHELBY,008064,MEMPHIS 85,2008,legacy_fallback_pending_official_review,1.0,,2000,8452,0.0
high,SHELBY,008131,MEMPHIS 85,2008,legacy_fallback_pending_official_review,1.0,,2000,8452,0.0
high,SHELBY,008187,MEMPHIS 85,2008,legacy_fallback_pending_official_review,1.0,,2000,8452,0.0
high,SHELBY,008172,MEMPHIS 85,2008,legacy_fallback_pending_official_review,1.0,,2000,8452,0.0
high,SHELBY,008189,MEMPHIS 85,2008,legacy_fallback_pending_official_review,1.0,,2000,8452,0.0
high,SHELBY,008098,MEMPHIS 85,2008,legacy_fallback_pending_official_review,1.0,,2000,8452,0.0
high,SHELBY,008231,MEMPHIS 87 2,2008,legacy_fallback_pending_official_review,1.0,,2000,8468,0.97026195
high,SHELBY,008064,MEMPHIS 87 2,2008,legacy_fallback_pending_official_review,1.0,,2000,8468,0.02954409
high,SHELBY,008099,MEMPHIS 87 2,2008,legacy_fallback_pending_official_review,1.0,,2000,8468,0.00019395
high,SHELBY,008057,MEMPHIS 87 2,2008,legacy_fallback_pending_official_review,1.0,,2000,8468,0.0
high,SHELBY,008232,MEMPHIS 87 2,2008,legacy_fallback_pending_official_review,1.0,,2000,8468,0.0
high,SHELBY,008061,MEMPHIS 87 2,2008,legacy_fallback_pending_official_review,1.0,,2000,8468,0.0
high,SHELBY,008063,MEMPHIS 87 2,2008,legacy_fallback_pending_official_review,1.0,,2000,8468,0.0
high,SHELBY,008058,MEMPHIS 87 2,2008,legacy_fallback_pending_official_review,1.0,,2000,8468,0.0
high,SHELBY,008229,MEMPHIS 87 2,2008,legacy_fallback_pending_official_review,1.0,,2000,8468,0.0
high,SHELBY,008233,MEMPHIS 87 2,2008,legacy_fallback_pending_official_review,1.0,,2000,8468,0.0
high,SHELBY,008234,MEMPHIS 87 2,2008,legacy_fallback_pending_official_review,1.0,,2000,8468,0.0
high,SHELBY,008053,MEMPHIS 87 2,2008,legacy_fallback_pending_official_review,1.0,,2000,8468,0.0
high,SHELBY,008239,MEMPHIS 87 2,2008,legacy_fallback_pending_official_review,1.0,,2000,8468,0.0
high,SHELBY,008243,MEMPHIS 92 3,2008,legacy_fallback_pending_official_review,1.0,,2000,7430,1.0
high,SHELBY,008199,MEMPHIS 92 3,2008,legacy_fallback_pending_official_review,1.0,,2000,7430,0.0
high,SHELBY,008244,MEMPHIS 92 3,2008,legacy_fallback_pending_official_review,1.0,,2000,7430,0.0
high,SHELBY,008195,MEMPHIS 92 3,2008,legacy_fallback_pending_official_review,1.0,,2000,7430,0.0
high,SHELBY,008250,MEMPHIS 92 3,2008,legacy_fallback_pending_official_review,1.0,,2000,7430,0.0
high,SHELBY,008168,MEMPHIS 92 3,2008,legacy_fallback_pending_official_review,1.0,,2000,7430,0.0
high,SHELBY,008197,MEMPHIS 92 3,2008,legacy_fallback_pending_official_review,1.0,,2000,7430,0.0
high,SHELBY,008245,MEMPHIS 92 3,2008,legacy_fallback_pending_official_review,1.0,,2000,7430,0.0
high,SHELBY,008248,MEMPHIS 92 3,2008,legacy_fallback_pending_official_review,1.0,,2000,7430,0.0
high,SHELBY,008194,MEMPHIS 92 3,2008,legacy_fallback_pending_official_review,1.0,,2000,7430,0.0
high,SHELBY,008246,MEMPHIS 92 3,2008,legacy_fallback_pending_official_review,1.0,,2000,7430,0.0
high,SHELBY,008166,MEMPHIS 92 3,2008,legacy_fallback_pending_official_review,1.0,,2000,7430,0.0
high,SHELBY,008191,MEMPHIS 92 3,2008,legacy_fallback_pending_official_review,1.0,,2000,7430,0.0
high,SHELBY,008192,MEMPHIS 92 3,2008,legacy_fallback_pending_official_review,1.0,,2000,7430,0.0
high,SHELBY,008250,MEMPHIS 94 1,2008,legacy_fallback_pending_official_review,1.0,,2000,8536,1.0
high,SHELBY,008248,MEMPHIS 94 1,2008,legacy_fallback_pending_official_review,1.0,,2000,8536,0.0
high,SHELBY,008243,MEMPHIS 94 1,2008,legacy_fallback_pending_official_review,1.0,,2000,8536,0.0
high,SHELBY,008245,MEMPHIS 94 1,2008,legacy_fallback_pending_official_review,1.0,,2000,8536,0.0
high,SHELBY,008246,MEMPHIS 94 1,2008,legacy_fallback_pending_official_review,1.0,,2000,8536,0.0
high,SHELBY,008244,MEMPHIS 94 1,2008,legacy_fallback_pending_official_review,1.0,,2000,8536,0.0
high,SHELBY,008221,MEMPHIS 94 1,2008,legacy_fallback_pending_official_review,1.0,,2000,8536,0.0
high,SHELBY,008195,MEMPHIS 94 1,2008,legacy_fallback_pending_official_review,1.0,,2000,8536,0.0
high,SHELBY,008251,MEMPHIS 94 1,2008,legacy_fallback_pending_official_review,1.0,,2000,8536,0.0
high,SHELBY,008194,MEMPHIS 94 1,2008,legacy_fallback_pending_official_review,1.0,,2000,8536,0.0
high,SHELBY,008222,MEMPHIS 94 1,2008,legacy_fallback_pending_official_review,1.0,,2000,8536,0.0
high,SHELBY,008250,MEMPHIS 94 4,2008,legacy_fallback_pending_official_review,1.0,,2000,8556,1.0
high,SHELBY,008243,MEMPHIS 94 4,2008,legacy_fallback_pending_official_review,1.0,,2000,8556,0.0
high,SHELBY,008245,MEMPHIS 94 4,2008,legacy_fallback_pending_official_review,1.0,,2000,8556,0.0
high,SHELBY,008246,MEMPHIS 94 4,2008,legacy_fallback_pending_official_review,1.0,,2000,8556,0.0
high,SHELBY,008248,MEMPHIS 94 4,2008,legacy_fallback_pending_official_review,1.0,,2000,8556,0.0
high,SHELBY,008195,MEMPHIS 94 4,2008,legacy_fallback_pending_official_review,1.0,,2000,8556,0.0
high,SHELBY,008199,MEMPHIS 94 4,2008,legacy_fallback_pending_official_review,1.0,,2000,8556,0.0
high,SHELBY,008244,MEMPHIS 94 4,2008,legacy_fallback_pending_official_review,1.0,,2000,8556,0.0
high,SHELBY,008194,MEMPHIS 94 4,2008,legacy_fallback_pending_official_review,1.0,,2000,8556,0.0
high,SHELBY,008222,MEMPHIS 94 4,2008,legacy_fallback_pending_official_review,1.0,,2000,8556,0.0
high,SHELBY,008168,MEMPHIS 94 4,2008,legacy_fallback_pending_official_review,1.0,,2000,8556,0.0
high,SHELBY,008244,MEMPHIS 94 6,2008,legacy_fallback_pending_official_review,1.0,,2000,8561,1.0
high,SHELBY,008250,MEMPHIS 94 6,2008,legacy_fallback_pending_official_review,1.0,,2000,8561,0.0
high,SHELBY,008266,MEMPHIS 94 6,2008,legacy_fallback_pending_official_review,1.0,,2000,8561,0.0
high,SHELBY,008168,MEMPHIS 94 6,2008,legacy_fallback_pending_official_review,1.0,,2000,8561,0.0
high,SHELBY,008243,MEMPHIS 94 6,2008,legacy_fallback_pending_official_review,1.0,,2000,8561,0.0
high,SHELBY,008199,MEMPHIS 94 6,2008,legacy_fallback_pending_official_review,1.0,,2000,8561,0.0
high,SHELBY,008248,MEMPHIS 94 6,2008,legacy_fallback_pending_official_review,1.0,,2000,8561,0.0
high,SHELBY,008263,MORNING SUN,2008,legacy_fallback_pending_official_review,1.0,,2000,8528,0.49975913
high,SHELBY,008081,MORNING SUN,2008,legacy_fallback_pending_official_review,1.0,,2000,8528,0.20749193
high,SHELBY,008262,MORNING SUN,2008,legacy_fallback_pending_official_review,1.0,,2000,8528,0.15301521
high,SHELBY,008259,MORNING SUN,2008,legacy_fallback_pending_official_review,1.0,,2000,8528,0.13948601
high,SHELBY,008258,MORNING SUN,2008,legacy_fallback_pending_official_review,1.0,,2000,8528,0.00024772
high,SHELBY,008076,MORNING SUN,2008,legacy_fallback_pending_official_review,1.0,,2000,8528,0.0
high,SHELBY,008271,MORNING SUN,2008,legacy_fallback_pending_official_review,1.0,,2000,8528,0.0
high,SHELBY,008052,MORNING SUN,2008,legacy_fallback_pending_official_review,1.0,,2000,8528,0.0
high,SHELBY,008073,MORNING SUN,2008,legacy_fallback_pending_official_review,1.0,,2000,8528,0.0
high,SHELBY,008096,MORNING SUN,2008,legacy_fallback_pending_official_review,1.0,,2000,8528,0.0
high,SHELBY,008079,MORNING SUN,2008,legacy_fallback_pending_official_review,1.0,,2000,8528,0.0
high,SHELBY,008075,MORNING SUN,2008,legacy_fallback_pending_official_review,1.0,,2000,8528,0.0
high,SHELBY,008097,MORNING SUN,2008,legacy_fallback_pending_official_review,1.0,,2000,8528,0.0
high,SHELBY,008242,MORNING SUN,2008,legacy_fallback_pending_official_review,1.0,,2000,8528,0.0
high,SHELBY,008241,MORNING SUN,2008,legacy_fallback_pending_official_review,1.0,,2000,8528,0.0
high,SHELBY,008095,MORNING SUN,2008,legacy_fallback_pending_official_review,1.0,,2000,8528,0.0
high,SHELBY,008065,MORNING SUN,2008,legacy_fallback_pending_official_review,1.0,,2000,8528,0.0
high,SHELBY,008080,MORNING SUN,2008,legacy_fallback_pending_official_review,1.0,,2000,8528,0.0
high,SHELBY,008094,MORNING SUN,2008,legacy_fallback_pending_official_review,1.0,,2000,8528,0.0
high,SHELBY,008257,MORNING SUN,2008,legacy_fallback_pending_official_review,1.0,,2000,8528,0.0
high,SHELBY,008255,MORNING SUN,2008,legacy_fallback_pending_official_review,1.0,,2000,8528,0.0
high,SHELBY,008270,MORNING SUN,2008,legacy_fallback_pending_official_review,1.0,,2000,8528,0.0
high,SHELBY,008068,MORNING SUN,2008,legacy_fallback_pending_official_review,1.0,,2000,8528,0.0
high,SHELBY,008252,MORNING SUN,2008,legacy_fallback_pending_official_review,1.0,,2000,8528,0.0
high,SHELBY,008071,MORNING SUN,2008,legacy_fallback_pending_official_review,1.0,,2000,8528,0.0
high,SHELBY,008070,MORNING SUN,2008,legacy_fallback_pending_official_review,1.0,,2000,8528,0.0
high,SHELBY,008051,MORNING SUN,2008,legacy_fallback_pending_official_review,1.0,,2000,8528,0.0
high,SHELBY,008066,MORNING SUN,2008,legacy_fallback_pending_official_review,1.0,,2000,8528,0.0
high,SHELBY,008056,MORNING SUN,2008,legacy_fallback_pending_official_review,1.0,,2000,8528,0.0
high,SHELBY,008088,MORNING SUN,2008,legacy_fallback_pending_official_review,1.0,,2000,8528,0.0
high,SHELBY,008072,MORNING SUN,2008,legacy_fallback_pending_official_review,1.0,,2000,8528,0.0
high,SHELBY,008082,MORNING SUN,2008,legacy_fallback_pending_official_review,1.0,,2000,8528,0.0
high,SHELBY,008069,MORNING SUN,2008,legacy_fallback_pending_official_review,1.0,,2000,8528,0.0
high,SHELBY,008251,ROSS STORE 10,2008,legacy_fallback_pending_official_review,1.0,,2000,8562,0.80390387
high,SHELBY,008268,ROSS STORE 10,2008,legacy_fallback_pending_official_review,1.0,,2000,8562,0.10246388
high,SHELBY,008265,ROSS STORE 10,2008,legacy_fallback_pending_official_review,1.0,,2000,8562,0.09363225
high,SHELBY,008248,ROSS STORE 10,2008,legacy_fallback_pending_official_review,1.0,,2000,8562,0.0
high,SHELBY,008221,ROSS STORE 10,2008,legacy_fallback_pending_official_review,1.0,,2000,8562,0.0
high,SHELBY,008245,ROSS STORE 10,2008,legacy_fallback_pending_official_review,1.0,,2000,8562,0.0
high,SHELBY,008269,ROSS STORE 10,2008,legacy_fallback_pending_official_review,1.0,,2000,8562,0.0
high,SHELBY,008090,ROSS STORE 10,2008,legacy_fallback_pending_official_review,1.0,,2000,8562,0.0
high,SHELBY,008086,ROSS STORE 10,2008,legacy_fallback_pending_official_review,1.0,,2000,8562,0.0
high,SHELBY,008222,ROSS STORE 10,2008,legacy_fallback_pending_official_review,1.0,,2000,8562,0.0
high,SHELBY,008246,ROSS STORE 10,2008,legacy_fallback_pending_official_review,1.0,,2000,8562,0.0
high,SHELBY,008250,ROSS STORE 10,2008,legacy_fallback_pending_official_review,1.0,,2000,8562,0.0
high,SHELBY,008251,ROSS STORE 12,2008,legacy_fallback_pending_official_review,1.0,,2000,8558,0.85926622
high,SHELBY,008268,ROSS STORE 12,2008,legacy_fallback_pending_official_review,1.0,,2000,8558,0.07215995
high,SHELBY,008265,ROSS STORE 12,2008,legacy_fallback_pending_official_review,1.0,,2000,8558,0.06857383
high,SHELBY,008248,ROSS STORE 12,2008,legacy_fallback_pending_official_review,1.0,,2000,8558,0.0
high,SHELBY,008245,ROSS STORE 12,2008,legacy_fallback_pending_official_review,1.0,,2000,8558,0.0
high,SHELBY,008221,ROSS STORE 12,2008,legacy_fallback_pending_official_review,1.0,,2000,8558,0.0
high,SHELBY,008269,ROSS STORE 12,2008,legacy_fallback_pending_official_review,1.0,,2000,8558,0.0
high,SHELBY,008250,ROSS STORE 12,2008,legacy_fallback_pending_official_review,1.0,,2000,8558,0.0
high,SHELBY,008266,ROSS STORE 12,2008,legacy_fallback_pending_official_review,1.0,,2000,8558,0.0
high,SHELBY,008244,ROSS STORE 12,2008,legacy_fallback_pending_official_review,1.0,,2000,8558,0.0
high,SHELBY,008246,ROSS STORE 12,2008,legacy_fallback_pending_official_review,1.0,,2000,8558,0.0
high,SHELBY,008267,ROSS STORE 12,2008,legacy_fallback_pending_official_review,1.0,,2000,8558,0.0
high,SUMNER,008621,10B GOOD SHEPHERD,2008,legacy_fallback_pending_official_review,0.993,,2000,9036,0.8643433
high,SUMNER,008631,10B GOOD SHEPHERD,2008,legacy_fallback_pending_official_review,0.993,,2000,9036,0.12761826
high,SUMNER,008619,10B GOOD SHEPHERD,2008,legacy_fallback_pending_official_review,0.993,,2000,9036,0.00679282
high,SUMNER,001849,10B GOOD SHEPHERD,2008,legacy_fallback_pending_official_review,0.993,,2000,9036,0.00124561
high,SUMNER,001850,10B GOOD SHEPHERD,2008,legacy_fallback_pending_official_review,0.993,,2000,9036,0.0
high,SUMNER,008620,10B GOOD SHEPHERD,2008,legacy_fallback_pending_official_review,0.993,,2000,9036,0.0
high,SUMNER,001847,10B GOOD SHEPHERD,2008,legacy_fallback_pending_official_review,0.993,,2000,9036,0.0
high,SUMNER,001846,10B GOOD SHEPHERD,2008,legacy_fallback_pending_official_review,0.993,,2000,9036,0.0
high,SUMNER,001841,10B GOOD SHEPHERD,2008,legacy_fallback_pending_official_review,0.993,,2000,9036,0.0
high,SUMNER,001848,10B GOOD SHEPHERD,2008,legacy_fallback_pending_official_review,0.993,,2000,9036,0.0
high,SUMNER,008633,10B GOOD SHEPHERD,2008,legacy_fallback_pending_official_review,0.993,,2000,9036,0.0
high,SUMNER,008603,10B GOOD SHEPHERD,2008,legacy_fallback_pending_official_review,0.993,,2000,9036,0.0
high,SUMNER,008622,10B GOOD SHEPHERD,2008,legacy_fallback_pending_official_review,0.993,,2000,9036,0.0
high,SUMNER,008623,10B GOOD SHEPHERD,2008,legacy_fallback_pending_official_review,0.993,,2000,9036,0.0
high,SUMNER,001843,10B GOOD SHEPHERD,2008,legacy_fallback_pending_official_review,0.993,,2000,9036,0.0
high,SUMNER,008624,10B GOOD SHEPHERD,2008,legacy_fallback_pending_official_review,0.993,,2000,9036,0.0
high,SUMNER,008628,10B GOOD SHEPHERD,2008,legacy_fallback_pending_official_review,0.993,,2000,9036,0.0
high,SUMNER,008622,11A HUNTER MIDDLE,2008,legacy_fallback_pending_official_review,1.0,,2000,9042,0.57189494
high,SUMNER,008628,11A HUNTER MIDDLE,2008,legacy_fallback_pending_official_review,1.0,,2000,9042,0.42514994
high,SUMNER,008611,11A HUNTER MIDDLE,2008,legacy_fallback_pending_official_review,1.0,,2000,9042,0.00295512
high,SUMNER,008603,11A HUNTER MIDDLE,2008,legacy_fallback_pending_official_review,1.0,,2000,9042,0.0
high,SUMNER,008602,11A HUNTER MIDDLE,2008,legacy_fallback_pending_official_review,1.0,,2000,9042,0.0
high,SUMNER,008619,11A HUNTER MIDDLE,2008,legacy_fallback_pending_official_review,1.0,,2000,9042,0.0
high,SUMNER,008633,11A HUNTER MIDDLE,2008,legacy_fallback_pending_official_review,1.0,,2000,9042,0.0
high,SUMNER,008620,11A HUNTER MIDDLE,2008,legacy_fallback_pending_official_review,1.0,,2000,9042,0.0
high,SUMNER,008624,11A HUNTER MIDDLE,2008,legacy_fallback_pending_official_review,1.0,,2000,9042,0.0
high,SUMNER,008601,11A HUNTER MIDDLE,2008,legacy_fallback_pending_official_review,1.0,,2000,9042,0.0
high,SUMNER,008627,11A HUNTER MIDDLE,2008,legacy_fallback_pending_official_review,1.0,,2000,9042,0.0
high,SUMNER,008610,11A HUNTER MIDDLE,2008,legacy_fallback_pending_official_review,1.0,,2000,9042,0.0
high,SUMNER,008618,11A HUNTER MIDDLE,2008,legacy_fallback_pending_official_review,1.0,,2000,9042,0.0
high,SUMNER,008626,12B WHITE HOUSE CH,2008,legacy_fallback_pending_official_review,1.0,,2000,9052,0.55317561
high,SUMNER,008612,12B WHITE HOUSE CH,2008,legacy_fallback_pending_official_review,1.0,,2000,9052,0.20329503
high,SUMNER,008627,12B WHITE HOUSE CH,2008,legacy_fallback_pending_official_review,1.0,,2000,9052,0.19577334
high,SUMNER,008625,12B WHITE HOUSE CH,2008,legacy_fallback_pending_official_review,1.0,,2000,9052,0.04768858
high,SUMNER,008610,12B WHITE HOUSE CH,2008,legacy_fallback_pending_official_review,1.0,,2000,9052,6.744e-05
high,SUMNER,008624,12B WHITE HOUSE CH,2008,legacy_fallback_pending_official_review,1.0,,2000,9052,0.0
high,SUMNER,008623,12B WHITE HOUSE CH,2008,legacy_fallback_pending_official_review,1.0,,2000,9052,0.0
high,SUMNER,008611,12B WHITE HOUSE CH,2008,legacy_fallback_pending_official_review,1.0,,2000,9052,0.0
high,SUMNER,008628,12B WHITE HOUSE CH,2008,legacy_fallback_pending_official_review,1.0,,2000,9052,0.0
high,SUMNER,008613,12B WHITE HOUSE CH,2008,legacy_fallback_pending_official_review,1.0,,2000,9052,0.0
high,SUMNER,008622,12B WHITE HOUSE CH,2008,legacy_fallback_pending_official_review,1.0,,2000,9052,0.0
high,SUMNER,008626,12C WHITE HOUSE MS,2008,legacy_fallback_pending_official_review,1.0,,2000,9052,0.55317561
high,SUMNER,008612,12C WHITE HOUSE MS,2008,legacy_fallback_pending_official_review,1.0,,2000,9052,0.20329503
high,SUMNER,008627,12C WHITE HOUSE MS,2008,legacy_fallback_pending_official_review,1.0,,2000,9052,0.19577334
high,SUMNER,008625,12C WHITE HOUSE MS,2008,legacy_fallback_pending_official_review,1.0,,2000,9052,0.04768858
high,SUMNER,008610,12C WHITE HOUSE MS,2008,legacy_fallback_pending_official_review,1.0,,2000,9052,6.744e-05
high,SUMNER,008624,12C WHITE HOUSE MS,2008,legacy_fallback_pending_official_review,1.0,,2000,9052,0.0
high,SUMNER,008623,12C WHITE HOUSE MS,2008,legacy_fallback_pending_official_review,1.0,,2000,9052,0.0
high,SUMNER,008611,12C WHITE HOUSE MS,2008,legacy_fallback_pending_official_review,1.0,,2000,9052,0.0
high,SUMNER,008628,12C WHITE HOUSE MS,2008,legacy_fallback_pending_official_review,1.0,,2000,9052,0.0
high,SUMNER,008613,12C WHITE HOUSE MS,2008,legacy_fallback_pending_official_review,1.0,,2000,9052,0.0
high,SUMNER,008622,12C WHITE HOUSE MS,2008,legacy_fallback_pending_official_review,1.0,,2000,9052,0.0
high,SUMNER,008636,2A PORTLAND HIGH SCH,2008,legacy_fallback_pending_official_review,0.993,,2000,8920,0.47971525
high,SUMNER,008613,2A PORTLAND HIGH SCH,2008,legacy_fallback_pending_official_review,0.993,,2000,8920,0.40750637
high,SUMNER,008612,2A PORTLAND HIGH SCH,2008,legacy_fallback_pending_official_review,0.993,,2000,8920,0.11038473
high,SUMNER,008614,2A PORTLAND HIGH SCH,2008,legacy_fallback_pending_official_review,0.993,,2000,8920,0.0023395
high,SUMNER,008635,2A PORTLAND HIGH SCH,2008,legacy_fallback_pending_official_review,0.993,,2000,8920,5.415e-05
high,SUMNER,008627,2A PORTLAND HIGH SCH,2008,legacy_fallback_pending_official_review,0.993,,2000,8920,0.0
high,SUMNER,008610,2A PORTLAND HIGH SCH,2008,legacy_fallback_pending_official_review,0.993,,2000,8920,0.0
high,SUMNER,008611,2A PORTLAND HIGH SCH,2008,legacy_fallback_pending_official_review,0.993,,2000,8920,0.0
high,SUMNER,008607,3D BETHPAGE UMC,2008,legacy_fallback_pending_official_review,0.993,,2000,8904,0.98774945
high,SUMNER,008608,3D BETHPAGE UMC,2008,legacy_fallback_pending_official_review,0.993,,2000,8904,0.01223641
high,SUMNER,008609,3D BETHPAGE UMC,2008,legacy_fallback_pending_official_review,0.993,,2000,8904,1.414e-05
high,SUMNER,008635,3D BETHPAGE UMC,2008,legacy_fallback_pending_official_review,0.993,,2000,8904,0.0
high,SUMNER,008618,3D BETHPAGE UMC,2008,legacy_fallback_pending_official_review,0.993,,2000,8904,0.0
high,SUMNER,008610,3D BETHPAGE UMC,2008,legacy_fallback_pending_official_review,0.993,,2000,8904,0.0
high,SUMNER,008611,3D BETHPAGE UMC,2008,legacy_fallback_pending_official_review,0.993,,2000,8904,0.0
high,SUMNER,008601,3D BETHPAGE UMC,2008,legacy_fallback_pending_official_review,0.993,,2000,8904,0.0
high,SUMNER,008602,3D BETHPAGE UMC,2008,legacy_fallback_pending_official_review,0.993,,2000,8904,0.0
high,SUMNER,008622,3D BETHPAGE UMC,2008,legacy_fallback_pending_official_review,0.993,,2000,8904,0.0
high,SUMNER,008602,6B GALLATIN SR HIGH,2008,legacy_fallback_pending_official_review,0.993,,2000,8900,0.99995034
high,SUMNER,008622,6B GALLATIN SR HIGH,2008,legacy_fallback_pending_official_review,0.993,,2000,8900,2.84e-05
high,SUMNER,008628,6B GALLATIN SR HIGH,2008,legacy_fallback_pending_official_review,0.993,,2000,8900,2.111e-05
high,SUMNER,008611,6B GALLATIN SR HIGH,2008,legacy_fallback_pending_official_review,0.993,,2000,8900,1.5e-07
high,SUMNER,008601,6B GALLATIN SR HIGH,2008,legacy_fallback_pending_official_review,0.993,,2000,8900,0.0
high,SUMNER,008603,6B GALLATIN SR HIGH,2008,legacy_fallback_pending_official_review,0.993,,2000,8900,0.0
high,SUMNER,008620,6B GALLATIN SR HIGH,2008,legacy_fallback_pending_official_review,0.993,,2000,8900,0.0
high,SUMNER,008619,6B GALLATIN SR HIGH,2008,legacy_fallback_pending_official_review,0.993,,2000,8900,0.0
high,SUMNER,008618,6B GALLATIN SR HIGH,2008,legacy_fallback_pending_official_review,0.993,,2000,8900,0.0
high,SUMNER,008619,8A BROWN ELEM,2008,legacy_fallback_pending_official_review,0.993,,2000,8928,0.76356324
high,SUMNER,008603,8A BROWN ELEM,2008,legacy_fallback_pending_official_review,0.993,,2000,8928,0.21878449
high,SUMNER,008621,8A BROWN ELEM,2008,legacy_fallback_pending_official_review,0.993,,2000,8928,0.01480948
high,SUMNER,008620,8A BROWN ELEM,2008,legacy_fallback_pending_official_review,0.993,,2000,8928,0.00221893
high,SUMNER,008631,8A BROWN ELEM,2008,legacy_fallback_pending_official_review,0.993,,2000,8928,0.00062386
high,SUMNER,008633,8A BROWN ELEM,2008,legacy_fallback_pending_official_review,0.993,,2000,8928,0.0
high,SUMNER,008622,8A BROWN ELEM,2008,legacy_fallback_pending_official_review,0.993,,2000,8928,0.0
high,SUMNER,008602,8A BROWN ELEM,2008,legacy_fallback_pending_official_review,0.993,,2000,8928,0.0
high,SUMNER,008628,8A BROWN ELEM,2008,legacy_fallback_pending_official_review,0.993,,2000,8928,0.0
high,SUMNER,008611,8A BROWN ELEM,2008,legacy_fallback_pending_official_review,0.993,,2000,8928,0.0
high,SUMNER,008624,8A BROWN ELEM,2008,legacy_fallback_pending_official_review,0.993,,2000,8928,0.0
high,TROUSDALE,008801,09 OLD HIGH SCHOOL,2008,legacy_fallback_pending_official_review,0.993,,2000,9180,0.59425125
high,TROUSDALE,008809,09 OLD HIGH SCHOOL,2008,legacy_fallback_pending_official_review,0.993,,2000,9180,0.40574875
high,TROUSDALE,008804,09 OLD HIGH SCHOOL,2008,legacy_fallback_pending_official_review,0.993,,2000,9180,0.0
high,TROUSDALE,008807,09 OLD HIGH SCHOOL,2008,legacy_fallback_pending_official_review,0.993,,2000,9180,0.0
high,TROUSDALE,008810,09 OLD HIGH SCHOOL,2008,legacy_fallback_pending_official_review,0.993,,2000,9180,0.0
high,TROUSDALE,008803,09 OLD HIGH SCHOOL,2008,legacy_fallback_pending_official_review,0.993,,2000,9180,0.0
high,TROUSDALE,008802,09 OLD HIGH SCHOOL,2008,legacy_fallback_pending_official_review,0.993,,2000,9180,0.0
high,TROUSDALE,008808,09 OLD HIGH SCHOOL,2008,legacy_fallback_pending_official_review,0.993,,2000,9180,0.0
high,TROUSDALE,008806,09 OLD HIGH SCHOOL,2008,legacy_fallback_pending_official_review,0.993,,2000,9180,0.0
high,TROUSDALE,008805,09 OLD HIGH SCHOOL,2008,legacy_fallback_pending_official_review,0.993,,2000,9180,0.0
high,UNION,009003,7 1 PLAINVIEW CC,2008,legacy_fallback_pending_official_review,0.993,,2000,9232,0.75311421
high,UNION,009006,7 1 PLAINVIEW CC,2008,legacy_fallback_pending_official_review,0.993,,2000,9232,0.10585358
high,UNION,009002,7 1 PLAINVIEW CC,2008,legacy_fallback_pending_official_review,0.993,,2000,9232,0.05926216
high,UNION,009001,7 1 PLAINVIEW CC,2008,legacy_fallback_pending_official_review,0.993,,2000,9232,0.04866326
high,UNION,009005,7 1 PLAINVIEW CC,2008,legacy_fallback_pending_official_review,0.993,,2000,9232,0.03305509
high,UNION,009007,7 1 PLAINVIEW CC,2008,legacy_fallback_pending_official_review,0.993,,2000,9232,5.171e-05
high,UNION,009004,7 1 PLAINVIEW CC,2008,legacy_fallback_pending_official_review,0.993,,2000,9232,0.0
high,UNION,009009,7 1 PLAINVIEW CC,2008,legacy_fallback_pending_official_review,0.993,,2000,9232,0.0
low,VAN BUREN,009103,FALL CRK FALLS CC,2008,legacy_fallback_pending_official_review,0.842105,,2000,9292,0.9998518
low,VAN BUREN,009105,FALL CRK FALLS CC,2008,legacy_fallback_pending_official_review,0.842105,,2000,9292,0.0001482
low,VAN BUREN,009102,FALL CRK FALLS CC,2008,legacy_fallback_pending_official_review,0.842105,,2000,9292,0.0
low,VAN BUREN,009106,FALL CRK FALLS CC,2008,legacy_fallback_pending_official_review,0.842105,,2000,9292,0.0
low,VAN BUREN,009104,FALL CRK FALLS CC,2008,legacy_fallback_pending_official_review,0.842105,,2000,9292,0.0
low,VAN BUREN,009101,FALL CRK FALLS CC,2008,legacy_fallback_pending_official_review,0.842105,,2000,9292,0.0
low,VAN BUREN,009107,FALL CRK FALLS CC,2008,legacy_fallback_pending_official_review,0.842105,,2000,9292,0.0
high,WARREN,009213,1 MCMINNVILLE CC,2008,legacy_fallback_pending_official_review,0.993,,2000,9316,0.60372923
high,WARREN,009204,1 MCMINNVILLE CC,2008,legacy_fallback_pending_official_review,0.993,,2000,9316,0.35846038
high,WARREN,009205,1 MCMINNVILLE CC,2008,legacy_fallback_pending_official_review,0.993,,2000,9316,0.03164662
high,WARREN,009203,1 MCMINNVILLE CC,2008,legacy_fallback_pending_official_review,0.993,,2000,9316,0.00329808
high,WARREN,009208,1 MCMINNVILLE CC,2008,legacy_fallback_pending_official_review,0.993,,2000,9316,0.00222033
high,WARREN,009214,1 MCMINNVILLE CC,2008,legacy_fallback_pending_official_review,0.993,,2000,9316,0.00064536
high,WARREN,009215,1 MCMINNVILLE CC,2008,legacy_fallback_pending_official_review,0.993,,2000,9316,0.0
high,WARREN,009202,1 MCMINNVILLE CC,2008,legacy_fallback_pending_official_review,0.993,,2000,9316,0.0
high,WARREN,009211,1 MCMINNVILLE CC,2008,legacy_fallback_pending_official_review,0.993,,2000,9316,0.0
high,WARREN,009207,1 MCMINNVILLE CC,2008,legacy_fallback_pending_official_review,0.993,,2000,9316,0.0
high,WARREN,009201,1 MCMINNVILLE CC,2008,legacy_fallback_pending_official_review,0.993,,2000,9316,0.0
high,WARREN,009210,1 MCMINNVILLE CC,2008,legacy_fallback_pending_official_review,0.993,,2000,9316,0.0
high,WARREN,009209,1 MCMINNVILLE CC,2008,legacy_fallback_pending_official_review,0.993,,2000,9316,0.0
high,WARREN,009220,1 MCMINNVILLE CC,2008,legacy_fallback_pending_official_review,0.993,,2000,9316,0.0
high,WARREN,009206,1 MCMINNVILLE CC,2008,legacy_fallback_pending_official_review,0.993,,2000,9316,0.0
high,WARREN,009206,4 TSU NURSERY RES,2008,legacy_fallback_pending_official_review,0.993,,2000,9384,0.95469241
high,WARREN,009207,4 TSU NURSERY RES,2008,legacy_fallback_pending_official_review,0.993,,2000,9384,0.02710173
high,WARREN,009209,4 TSU NURSERY RES,2008,legacy_fallback_pending_official_review,0.993,,2000,9384,0.01815099
high,WARREN,009208,4 TSU NURSERY RES,2008,legacy_fallback_pending_official_review,0.993,,2000,9384,5.487e-05
high,WARREN,009210,4 TSU NURSERY RES,2008,legacy_fallback_pending_official_review,0.993,,2000,9384,0.0
high,WARREN,009218,4 TSU NURSERY RES,2008,legacy_fallback_pending_official_review,0.993,,2000,9384,0.0
high,WARREN,009219,4 TSU NURSERY RES,2008,legacy_fallback_pending_official_review,0.993,,2000,9384,0.0
high,WARREN,009201,4 TSU NURSERY RES,2008,legacy_fallback_pending_official_review,0.993,,2000,9384,0.0
high,WARREN,009220,4 TSU NURSERY RES,2008,legacy_fallback_pending_official_review,0.993,,2000,9384,0.0
high,WARREN,009211,4 TSU NURSERY RES,2008,legacy_fallback_pending_official_review,0.993,,2000,9384,0.0
high,WARREN,009202,4 TSU NURSERY RES,2008,legacy_fallback_pending_official_review,0.993,,2000,9384,0.0
high,WARREN,009221,4 TSU NURSERY RES,2008,legacy_fallback_pending_official_review,0.993,,2000,9384,0.0
high,WARREN,009203,4 TSU NURSERY RES,2008,legacy_fallback_pending_official_review,0.993,,2000,9384,0.0
high,WARREN,009205,4 TSU NURSERY RES,2008,legacy_fallback_pending_official_review,0.993,,2000,9384,0.0
high,WARREN,009204,4 TSU NURSERY RES,2008,legacy_fallback_pending_official_review,0.993,,2000,9384,0.0
high,WARREN,009209,6 WARREN CO MIDDLE,2008,legacy_fallback_pending_official_review,0.993,,2000,9372,0.92057217
high,WARREN,009206,6 WARREN CO MIDDLE,2008,legacy_fallback_pending_official_review,0.993,,2000,9372,0.07942783
high,WARREN,009220,6 WARREN CO MIDDLE,2008,legacy_fallback_pending_official_review,0.993,,2000,9372,0.0
high,WARREN,009201,6 WARREN CO MIDDLE,2008,legacy_fallback_pending_official_review,0.993,,2000,9372,0.0
high,WARREN,009219,6 WARREN CO MIDDLE,2008,legacy_fallback_pending_official_review,0.993,,2000,9372,0.0
high,WARREN,009207,6 WARREN CO MIDDLE,2008,legacy_fallback_pending_official_review,0.993,,2000,9372,0.0
high,WARREN,009202,6 WARREN CO MIDDLE,2008,legacy_fallback_pending_official_review,0.993,,2000,9372,0.0
high,WARREN,009218,6 WARREN CO MIDDLE,2008,legacy_fallback_pending_official_review,0.993,,2000,9372,0.0
high,WARREN,009210,6 WARREN CO MIDDLE,2008,legacy_fallback_pending_official_review,0.993,,2000,9372,0.0
high,WARREN,009216,6 WARREN CO MIDDLE,2008,legacy_fallback_pending_official_review,0.993,,2000,9372,0.0
high,WARREN,009203,6 WARREN CO MIDDLE,2008,legacy_fallback_pending_official_review,0.993,,2000,9372,0.0
high,WARREN,009221,6 WARREN CO MIDDLE,2008,legacy_fallback_pending_official_review,0.993,,2000,9372,0.0
high,WASHINGTON,009313,09 7A ASBURY SCH,2008,legacy_fallback_pending_official_review,0.993,,2000,9416,1.0
high,WASHINGTON,009319,09 7A ASBURY SCH,2008,legacy_fallback_pending_official_review,0.993,,2000,9416,0.0
high,WASHINGTON,009332,09 7A ASBURY SCH,2008,legacy_fallback_pending_official_review,0.993,,2000,9416,0.0
high,WASHINGTON,009307,09 7A ASBURY SCH,2008,legacy_fallback_pending_official_review,0.993,,2000,9416,0.0
high,WASHINGTON,009329,09 7A ASBURY SCH,2008,legacy_fallback_pending_official_review,0.993,,2000,9416,0.0
high,WASHINGTON,009326,09 7A ASBURY SCH,2008,legacy_fallback_pending_official_review,0.993,,2000,9416,0.0
high,WASHINGTON,009313,09 7W WOODLAND SCH,2008,legacy_fallback_pending_official_review,0.993,,2000,9416,1.0
high,WASHINGTON,009319,09 7W WOODLAND SCH,2008,legacy_fallback_pending_official_review,0.993,,2000,9416,0.0
high,WASHINGTON,009332,09 7W WOODLAND SCH,2008,legacy_fallback_pending_official_review,0.993,,2000,9416,0.0
high,WASHINGTON,009307,09 7W WOODLAND SCH,2008,legacy_fallback_pending_official_review,0.993,,2000,9416,0.0
high,WASHINGTON,009329,09 7W WOODLAND SCH,2008,legacy_fallback_pending_official_review,0.993,,2000,9416,0.0
high,WASHINGTON,009326,09 7W WOODLAND SCH,2008,legacy_fallback_pending_official_review,0.993,,2000,9416,0.0
high,WASHINGTON,009328,10P PRINCETON ARTS,2008,legacy_fallback_pending_official_review,1.0,,2000,9492,0.92390898
high,WASHINGTON,009324,10P PRINCETON ARTS,2008,legacy_fallback_pending_official_review,1.0,,2000,9492,0.05794029
high,WASHINGTON,009312,10P PRINCETON ARTS,2008,legacy_fallback_pending_official_review,1.0,,2000,9492,0.0101241
high,WASHINGTON,009322,10P PRINCETON ARTS,2008,legacy_fallback_pending_official_review,1.0,,2000,9492,0.00502465
high,WASHINGTON,009308,10P PRINCETON ARTS,2008,legacy_fallback_pending_official_review,1.0,,2000,9492,0.00300198
high,WASHINGTON,009334,10P PRINCETON ARTS,2008,legacy_fallback_pending_official_review,1.0,,2000,9492,0.0
high,WASHINGTON,009304,10P PRINCETON ARTS,2008,legacy_fallback_pending_official_review,1.0,,2000,9492,0.0
high,WASHINGTON,009323,10P PRINCETON ARTS,2008,legacy_fallback_pending_official_review,1.0,,2000,9492,0.0
high,WASHINGTON,009333,10P PRINCETON ARTS,2008,legacy_fallback_pending_official_review,1.0,,2000,9492,0.0
high,WASHINGTON,009305,10P PRINCETON ARTS,2008,legacy_fallback_pending_official_review,1.0,,2000,9492,0.0
high,WASHINGTON,009321,10P PRINCETON ARTS,2008,legacy_fallback_pending_official_review,1.0,,2000,9492,0.0
high,WASHINGTON,009320,10P PRINCETON ARTS,2008,legacy_fallback_pending_official_review,1.0,,2000,9492,0.0
high,WAYNE,009402,2 CLIFTON CITY,2008,legacy_fallback_pending_official_review,0.993,,2000,9556,0.72542431
high,WAYNE,009409,2 CLIFTON CITY,2008,legacy_fallback_pending_official_review,0.993,,2000,9556,0.27176721
high,WAYNE,009401,2 CLIFTON CITY,2008,legacy_fallback_pending_official_review,0.993,,2000,9556,0.0021057
high,WAYNE,009410,2 CLIFTON CITY,2008,legacy_fallback_pending_official_review,0.993,,2000,9556,0.00070279
high,WAYNE,009408,2 CLIFTON CITY,2008,legacy_fallback_pending_official_review,0.993,,2000,9556,0.0
high,WAYNE,009404,2 CLIFTON CITY,2008,legacy_fallback_pending_official_review,0.993,,2000,9556,0.0
high,WAYNE,009414,2 CLIFTON CITY,2008,legacy_fallback_pending_official_review,0.993,,2000,9556,0.0
high,WAYNE,009407,2 CLIFTON CITY,2008,legacy_fallback_pending_official_review,0.993,,2000,9556,0.0
high,WAYNE,009405,2 CLIFTON CITY,2008,legacy_fallback_pending_official_review,0.993,,2000,9556,0.0
high,WAYNE,009411,2 CLIFTON CITY,2008,legacy_fallback_pending_official_review,0.993,,2000,9556,0.0
high,WAYNE,009404,3 1 BEECH CREEK FH,2008,legacy_fallback_pending_official_review,0.993,,2000,9552,0.550169
high,WAYNE,009407,3 1 BEECH CREEK FH,2008,legacy_fallback_pending_official_review,0.993,,2000,9552,0.4390101
high,WAYNE,009411,3 1 BEECH CREEK FH,2008,legacy_fallback_pending_official_review,0.993,,2000,9552,0.0108209
high,WAYNE,009414,3 1 BEECH CREEK FH,2008,legacy_fallback_pending_official_review,0.993,,2000,9552,0.0
high,WAYNE,009408,3 1 BEECH CREEK FH,2008,legacy_fallback_pending_official_review,0.993,,2000,9552,0.0
high,WAYNE,009409,3 1 BEECH CREEK FH,2008,legacy_fallback_pending_official_review,0.993,,2000,9552,0.0
high,WAYNE,009410,3 1 BEECH CREEK FH,2008,legacy_fallback_pending_official_review,0.993,,2000,9552,0.0
high,WAYNE,009402,3 1 BEECH CREEK FH,2008,legacy_fallback_pending_official_review,0.993,,2000,9552,0.0
high,WAYNE,009401,3 1 BEECH CREEK FH,2008,legacy_fallback_pending_official_review,0.993,,2000,9552,0.0
high,WAYNE,009403,3 1 BEECH CREEK FH,2008,legacy_fallback_pending_official_review,0.993,,2000,9552,0.0
high,WAYNE,009405,3 1 BEECH CREEK FH,2008,legacy_fallback_pending_official_review,0.993,,2000,9552,0.0
high,WAYNE,009410,3 3 EAGLE CREEK FH,2008,legacy_fallback_pending_official_review,0.993,,2000,9568,0.46124463
high,WAYNE,009407,3 3 EAGLE CREEK FH,2008,legacy_fallback_pending_official_review,0.993,,2000,9568,0.31069826
high,WAYNE,009409,3 3 EAGLE CREEK FH,2008,legacy_fallback_pending_official_review,0.993,,2000,9568,0.17151546
high,WAYNE,009408,3 3 EAGLE CREEK FH,2008,legacy_fallback_pending_official_review,0.993,,2000,9568,0.03055233
high,WAYNE,009404,3 3 EAGLE CREEK FH,2008,legacy_fallback_pending_official_review,0.993,,2000,9568,0.01434495
high,WAYNE,009411,3 3 EAGLE CREEK FH,2008,legacy_fallback_pending_official_review,0.993,,2000,9568,0.00765826
high,WAYNE,009402,3 3 EAGLE CREEK FH,2008,legacy_fallback_pending_official_review,0.993,,2000,9568,0.00270714
high,WAYNE,009401,3 3 EAGLE CREEK FH,2008,legacy_fallback_pending_official_review,0.993,,2000,9568,0.00127897
high,WAYNE,009414,3 3 EAGLE CREEK FH,2008,legacy_fallback_pending_official_review,0.993,,2000,9568,0.0
high,WAYNE,009403,3 3 EAGLE CREEK FH,2008,legacy_fallback_pending_official_review,0.993,,2000,9568,0.0
high,WAYNE,009405,3 3 EAGLE CREEK FH,2008,legacy_fallback_pending_official_review,0.993,,2000,9568,0.0
high,WAYNE,009410,5 3 WAYNE CO HIGH,2008,legacy_fallback_pending_official_review,0.993,,2000,9568,0.46124463
high,WAYNE,009407,5 3 WAYNE CO HIGH,2008,legacy_fallback_pending_official_review,0.993,,2000,9568,0.31069826
high,WAYNE,009409,5 3 WAYNE CO HIGH,2008,legacy_fallback_pending_official_review,0.993,,2000,9568,0.17151546
high,WAYNE,009408,5 3 WAYNE CO HIGH,2008,legacy_fallback_pending_official_review,0.993,,2000,9568,0.03055233
high,WAYNE,009404,5 3 WAYNE CO HIGH,2008,legacy_fallback_pending_official_review,0.993,,2000,9568,0.01434495
high,WAYNE,009411,5 3 WAYNE CO HIGH,2008,legacy_fallback_pending_official_review,0.993,,2000,9568,0.00765826
high,WAYNE,009402,5 3 WAYNE CO HIGH,2008,legacy_fallback_pending_official_review,0.993,,2000,9568,0.00270714
high,WAYNE,009401,5 3 WAYNE CO HIGH,2008,legacy_fallback_pending_official_review,0.993,,2000,9568,0.00127897
high,WAYNE,009414,5 3 WAYNE CO HIGH,2008,legacy_fallback_pending_official_review,0.993,,2000,9568,0.0
high,WAYNE,009403,5 3 WAYNE CO HIGH,2008,legacy_fallback_pending_official_review,0.993,,2000,9568,0.0
high,WAYNE,009405,5 3 WAYNE CO HIGH,2008,legacy_fallback_pending_official_review,0.993,,2000,9568,0.0
high,WAYNE,009404,6 1 HOLLY CREEK FH,2008,legacy_fallback_pending_official_review,0.993,,2000,9552,0.550169
high,WAYNE,009407,6 1 HOLLY CREEK FH,2008,legacy_fallback_pending_official_review,0.993,,2000,9552,0.4390101
high,WAYNE,009411,6 1 HOLLY CREEK FH,2008,legacy_fallback_pending_official_review,0.993,,2000,9552,0.0108209
high,WAYNE,009414,6 1 HOLLY CREEK FH,2008,legacy_fallback_pending_official_review,0.993,,2000,9552,0.0
high,WAYNE,009408,6 1 HOLLY CREEK FH,2008,legacy_fallback_pending_official_review,0.993,,2000,9552,0.0
high,WAYNE,009409,6 1 HOLLY CREEK FH,2008,legacy_fallback_pending_official_review,0.993,,2000,9552,0.0
high,WAYNE,009410,6 1 HOLLY CREEK FH,2008,legacy_fallback_pending_official_review,0.993,,2000,9552,0.0
high,WAYNE,009402,6 1 HOLLY CREEK FH,2008,legacy_fallback_pending_official_review,0.993,,2000,9552,0.0
high,WAYNE,009401,6 1 HOLLY CREEK FH,2008,legacy_fallback_pending_official_review,0.993,,2000,9552,0.0
high,WAYNE,009403,6 1 HOLLY CREEK FH,2008,legacy_fallback_pending_official_review,0.993,,2000,9552,0.0
high,WAYNE,009405,6 1 HOLLY CREEK FH,2008,legacy_fallback_pending_official_review,0.993,,2000,9552,0.0
high,WAYNE,009402,6 2 SOUTH GATE FH,2008,legacy_fallback_pending_official_review,0.993,,2000,9556,0.72542431
high,WAYNE,009409,6 2 SOUTH GATE FH,2008,legacy_fallback_pending_official_review,0.993,,2000,9556,0.27176721
high,WAYNE,009401,6 2 SOUTH GATE FH,2008,legacy_fallback_pending_official_review,0.993,,2000,9556,0.0021057
high,WAYNE,009410,6 2 SOUTH GATE FH,2008,legacy_fallback_pending_official_review,0.993,,2000,9556,0.00070279
high,WAYNE,009408,6 2 SOUTH GATE FH,2008,legacy_fallback_pending_official_review,0.993,,2000,9556,0.0
high,WAYNE,009404,6 2 SOUTH GATE FH,2008,legacy_fallback_pending_official_review,0.993,,2000,9556,0.0
high,WAYNE,009414,6 2 SOUTH GATE FH,2008,legacy_fallback_pending_official_review,0.993,,2000,9556,0.0
high,WAYNE,009407,6 2 SOUTH GATE FH,2008,legacy_fallback_pending_official_review,0.993,,2000,9556,0.0
high,WAYNE,009405,6 2 SOUTH GATE FH,2008,legacy_fallback_pending_official_review,0.993,,2000,9556,0.0
high,WAYNE,009411,6 2 SOUTH GATE FH,2008,legacy_fallback_pending_official_review,0.993,,2000,9556,0.0
high,WAYNE,009404,7 1 BUFFALO RIVER FD,2008,legacy_fallback_pending_official_review,0.993,,2000,9552,0.550169
high,WAYNE,009407,7 1 BUFFALO RIVER FD,2008,legacy_fallback_pending_official_review,0.993,,2000,9552,0.4390101
high,WAYNE,009411,7 1 BUFFALO RIVER FD,2008,legacy_fallback_pending_official_review,0.993,,2000,9552,0.0108209
high,WAYNE,009414,7 1 BUFFALO RIVER FD,2008,legacy_fallback_pending_official_review,0.993,,2000,9552,0.0
high,WAYNE,009408,7 1 BUFFALO RIVER FD,2008,legacy_fallback_pending_official_review,0.993,,2000,9552,0.0
high,WAYNE,009409,7 1 BUFFALO RIVER FD,2008,legacy_fallback_pending_official_review,0.993,,2000,9552,0.0
high,WAYNE,009410,7 1 BUFFALO RIVER FD,2008,legacy_fallback_pending_official_review,0.993,,2000,9552,0.0
high,WAYNE,009402,7 1 BUFFALO RIVER FD,2008,legacy_fallback_pending_official_review,0.993,,2000,9552,0.0
high,WAYNE,009401,7 1 BUFFALO RIVER FD,2008,legacy_fallback_pending_official_review,0.993,,2000,9552,0.0
high,WAYNE,009403,7 1 BUFFALO RIVER FD,2008,legacy_fallback_pending_official_review,0.993,,2000,9552,0.0
high,WAYNE,009405,7 1 BUFFALO RIVER FD,2008,legacy_fallback_pending_official_review,0.993,,2000,9552,0.0
high,WILSON,009806,05 LAGUARDO UTILITY,2008,legacy_fallback_pending_official_review,0.995,,2000,9844,0.55556054
high,WILSON,009805,05 LAGUARDO UTILITY,2008,legacy_fallback_pending_official_review,0.995,,2000,9844,0.37871023
high,WILSON,009804,05 LAGUARDO UTILITY,2008,legacy_fallback_pending_official_review,0.995,,2000,9844,0.058939
high,WILSON,009833,05 LAGUARDO UTILITY,2008,legacy_fallback_pending_official_review,0.995,,2000,9844,0.003766
high,WILSON,009832,05 LAGUARDO UTILITY,2008,legacy_fallback_pending_official_review,0.995,,2000,9844,0.0028804
high,WILSON,009830,05 LAGUARDO UTILITY,2008,legacy_fallback_pending_official_review,0.995,,2000,9844,0.00013219
high,WILSON,009829,05 LAGUARDO UTILITY,2008,legacy_fallback_pending_official_review,0.995,,2000,9844,1.164e-05
high,WILSON,009823,05 LAGUARDO UTILITY,2008,legacy_fallback_pending_official_review,0.995,,2000,9844,0.0
high,WILSON,009807,05 LAGUARDO UTILITY,2008,legacy_fallback_pending_official_review,0.995,,2000,9844,0.0
high,WILSON,009824,05 LAGUARDO UTILITY,2008,legacy_fallback_pending_official_review,0.995,,2000,9844,0.0
high,WILSON,009825,05 LAGUARDO UTILITY,2008,legacy_fallback_pending_official_review,0.995,,2000,9844,0.0
high,WILSON,009808,07 SHOP SPGS BAPTIST,2008,legacy_fallback_pending_official_review,0.993,,2000,9856,0.57807987
high,WILSON,009816,07 SHOP SPGS BAPTIST,2008,legacy_fallback_pending_official_review,0.993,,2000,9856,0.22526237
high,WILSON,009828,07 SHOP SPGS BAPTIST,2008,legacy_fallback_pending_official_review,0.993,,2000,9856,0.08769482
high,WILSON,009817,07 SHOP SPGS BAPTIST,2008,legacy_fallback_pending_official_review,0.993,,2000,9856,0.08153532
high,WILSON,009809,07 SHOP SPGS BAPTIST,2008,legacy_fallback_pending_official_review,0.993,,2000,9856,0.02741354
high,WILSON,009811,07 SHOP SPGS BAPTIST,2008,legacy_fallback_pending_official_review,0.993,,2000,9856,1.324e-05
high,WILSON,009812,07 SHOP SPGS BAPTIST,2008,legacy_fallback_pending_official_review,0.993,,2000,9856,8.4e-07
high,WILSON,009827,07 SHOP SPGS BAPTIST,2008,legacy_fallback_pending_official_review,0.993,,2000,9856,0.0
high,WILSON,009820,07 SHOP SPGS BAPTIST,2008,legacy_fallback_pending_official_review,0.993,,2000,9856,0.0
high,WILSON,009826,07 SHOP SPGS BAPTIST,2008,legacy_fallback_pending_official_review,0.993,,2000,9856,0.0
high,WILSON,009831,07 SHOP SPGS BAPTIST,2008,legacy_fallback_pending_official_review,0.993,,2000,9856,0.0
high,WILSON,009818,07 SHOP SPGS BAPTIST,2008,legacy_fallback_pending_official_review,0.993,,2000,9856,0.0
high,WILSON,009819,07 SHOP SPGS BAPTIST,2008,legacy_fallback_pending_official_review,0.993,,2000,9856,0.0
high,WILSON,009825,07 SHOP SPGS BAPTIST,2008,legacy_fallback_pending_official_review,0.993,,2000,9856,0.0
high,WILSON,009808,07 SOUTHSIDE ELEM,2008,legacy_fallback_pending_official_review,0.993,,2000,9856,0.57807987
high,WILSON,009816,07 SOUTHSIDE ELEM,2008,legacy_fallback_pending_official_review,0.993,,2000,9856,0.22526237
high,WILSON,009828,07 SOUTHSIDE ELEM,2008,legacy_fallback_pending_official_review,0.993,,2000,9856,0.08769482
high,WILSON,009817,07 SOUTHSIDE ELEM,2008,legacy_fallback_pending_official_review,0.993,,2000,9856,0.08153532
high,WILSON,009809,07 SOUTHSIDE ELEM,2008,legacy_fallback_pending_official_review,0.993,,2000,9856,0.02741354
high,WILSON,009811,07 SOUTHSIDE ELEM,2008,legacy_fallback_pending_official_review,0.993,,2000,9856,1.324e-05
high,WILSON,009812,07 SOUTHSIDE ELEM,2008,legacy_fallback_pending_official_review,0.993,,2000,9856,8.4e-07
high,WILSON,009827,07 SOUTHSIDE ELEM,2008,legacy_fallback_pending_official_review,0.993,,2000,9856,0.0
high,WILSON,009820,07 SOUTHSIDE ELEM,2008,legacy_fallback_pending_official_review,0.993,,2000,9856,0.0
high,WILSON,009826,07 SOUTHSIDE ELEM,2008,legacy_fallback_pending_official_review,0.993,,2000,9856,0.0
high,WILSON,009831,07 SOUTHSIDE ELEM,2008,legacy_fallback_pending_official_review,0.993,,2000,9856,0.0
high,WILSON,009818,07 SOUTHSIDE ELEM,2008,legacy_fallback_pending_official_review,0.993,,2000,9856,0.0
high,WILSON,009819,07 SOUTHSIDE ELEM,2008,legacy_fallback_pending_official_review,0.993,,2000,9856,0.0
high,WILSON,009825,07 SOUTHSIDE ELEM,2008,legacy_fallback_pending_official_review,0.993,,2000,9856,0.0
high,WILSON,009811,07 WATERTOWN HIGH,2008,legacy_fallback_pending_official_review,0.995,,2000,9860,0.53127318
high,WILSON,009808,07 WATERTOWN HIGH,2008,legacy_fallback_pending_official_review,0.995,,2000,9860,0.4647131
high,WILSON,009816,07 WATERTOWN HIGH,2008,legacy_fallback_pending_official_review,0.995,,2000,9860,0.00396384
high,WILSON,009820,07 WATERTOWN HIGH,2008,legacy_fallback_pending_official_review,0.995,,2000,9860,4.865e-05
high,WILSON,009812,07 WATERTOWN HIGH,2008,legacy_fallback_pending_official_review,0.995,,2000,9860,1.22e-06
high,WILSON,009828,07 WATERTOWN HIGH,2008,legacy_fallback_pending_official_review,0.995,,2000,9860,0.0
high,WILSON,009809,07 WATERTOWN HIGH,2008,legacy_fallback_pending_official_review,0.995,,2000,9860,0.0
high,WILSON,009817,07 WATERTOWN HIGH,2008,legacy_fallback_pending_official_review,0.995,,2000,9860,0.0
high,WILSON,009812,09 COMMERCE PRESBY,2008,legacy_fallback_pending_official_review,0.993,,2000,9868,0.99999998
high,WILSON,009811,09 COMMERCE PRESBY,2008,legacy_fallback_pending_official_review,0.993,,2000,9868,2e-08
high,WILSON,009816,09 COMMERCE PRESBY,2008,legacy_fallback_pending_official_review,0.993,,2000,9868,0.0
high,WILSON,009817,09 COMMERCE PRESBY,2008,legacy_fallback_pending_official_review,0.993,,2000,9868,0.0
high,WILSON,009812,09 COTTAGE HOME DEM,2008,legacy_fallback_pending_official_review,0.993,,2000,9868,0.99999998
high,WILSON,009811,09 COTTAGE HOME DEM,2008,legacy_fallback_pending_official_review,0.993,,2000,9868,2e-08
high,WILSON,009816,09 COTTAGE HOME DEM,2008,legacy_fallback_pending_official_review,0.993,,2000,9868,0.0
high,WILSON,009817,09 COTTAGE HOME DEM,2008,legacy_fallback_pending_official_review,0.993,,2000,9868,0.0
high,WILSON,009812,09 STATESVILLE HOME,2008,legacy_fallback_pending_official_review,0.995,,2000,9876,0.99985292
high,WILSON,009811,09 STATESVILLE HOME,2008,legacy_fallback_pending_official_review,0.995,,2000,9876,0.00014708
high,WILSON,009816,09 STATESVILLE HOME,2008,legacy_fallback_pending_official_review,0.995,,2000,9876,0.0
high,WILSON,009817,09 STATESVILLE HOME,2008,legacy_fallback_pending_official_review,0.995,,2000,9876,0.0
high,WILSON,009808,09 STATESVILLE HOME,2008,legacy_fallback_pending_official_review,0.995,,2000,9876,0.0
high,WILSON,009820,09 STATESVILLE HOME,2008,legacy_fallback_pending_official_review,0.995,,2000,9876,0.0
high,WILSON,009812,09 WATERTOWN COMM,2008,legacy_fallback_pending_official_review,0.993,,2000,9868,0.99999998
high,WILSON,009811,09 WATERTOWN COMM,2008,legacy_fallback_pending_official_review,0.993,,2000,9868,2e-08
high,WILSON,009816,09 WATERTOWN COMM,2008,legacy_fallback_pending_official_review,0.993,,2000,9868,0.0
high,WILSON,009817,09 WATERTOWN COMM,2008,legacy_fallback_pending_official_review,0.993,,2000,9868,0.0
high,WILSON,009817,12 CEDAR FOREST,2008,legacy_fallback_pending_official_review,0.995,,2000,9896,0.51050704
high,WILSON,009818,12 CEDAR FOREST,2008,legacy_fallback_pending_official_review,0.995,,2000,9896,0.48463357
high,WILSON,009819,12 CEDAR FOREST,2008,legacy_fallback_pending_official_review,0.995,,2000,9896,0.00485938
high,WILSON,009816,12 CEDAR FOREST,2008,legacy_fallback_pending_official_review,0.995,,2000,9896,0.0
high,WILSON,009809,12 CEDAR FOREST,2008,legacy_fallback_pending_official_review,0.995,,2000,9896,0.0
high,WILSON,009811,12 CEDAR FOREST,2008,legacy_fallback_pending_official_review,0.995,,2000,9896,0.0
high,WILSON,009812,12 CEDAR FOREST,2008,legacy_fallback_pending_official_review,0.995,,2000,9896,0.0
high,WILSON,009833,12 CEDAR FOREST,2008,legacy_fallback_pending_official_review,0.995,,2000,9896,0.0
high,WILSON,009815,12 CEDAR FOREST,2008,legacy_fallback_pending_official_review,0.995,,2000,9896,0.0
high,WILSON,009827,12 CEDAR FOREST,2008,legacy_fallback_pending_official_review,0.995,,2000,9896,0.0
high,WILSON,009808,12 CEDAR FOREST,2008,legacy_fallback_pending_official_review,0.995,,2000,9896,0.0
high,WILSON,009817,12 NORENE CC,2008,legacy_fallback_pending_official_review,0.993,,2000,9896,0.51050704
high,WILSON,009818,12 NORENE CC,2008,legacy_fallback_pending_official_review,0.993,,2000,9896,0.48463357
high,WILSON,009819,12 NORENE CC,2008,legacy_fallback_pending_official_review,0.993,,2000,9896,0.00485938
high,WILSON,009816,12 NORENE CC,2008,legacy_fallback_pending_official_review,0.993,,2000,9896,0.0
high,WILSON,009809,12 NORENE CC,2008,legacy_fallback_pending_official_review,0.993,,2000,9896,0.0
high,WILSON,009811,12 NORENE CC,2008,legacy_fallback_pending_official_review,0.993,,2000,9896,0.0
high,WILSON,009812,12 NORENE CC,2008,legacy_fallback_pending_official_review,0.993,,2000,9896,0.0
high,WILSON,009833,12 NORENE CC,2008,legacy_fallback_pending_official_review,0.993,,2000,9896,0.0
high,WILSON,009815,12 NORENE CC,2008,legacy_fallback_pending_official_review,0.993,,2000,9896,0.0
high,WILSON,009827,12 NORENE CC,2008,legacy_fallback_pending_official_review,0.993,,2000,9896,0.0
high,WILSON,009808,12 NORENE CC,2008,legacy_fallback_pending_official_review,0.993,,2000,9896,0.0
high,WILSON,009819,14 GLADEVILLE ELEM,2008,legacy_fallback_pending_official_review,0.993,,2000,9912,0.49726282
high,WILSON,009817,14 GLADEVILLE ELEM,2008,legacy_fallback_pending_official_review,0.993,,2000,9912,0.27545552
high,WILSON,009818,14 GLADEVILLE ELEM,2008,legacy_fallback_pending_official_review,0.993,,2000,9912,0.17596017
high,WILSON,009809,14 GLADEVILLE ELEM,2008,legacy_fallback_pending_official_review,0.993,,2000,9912,0.0513215
high,WILSON,009833,14 GLADEVILLE ELEM,2008,legacy_fallback_pending_official_review,0.993,,2000,9912,0.0
high,WILSON,009815,14 GLADEVILLE ELEM,2008,legacy_fallback_pending_official_review,0.993,,2000,9912,0.0
high,WILSON,009816,14 GLADEVILLE ELEM,2008,legacy_fallback_pending_official_review,0.993,,2000,9912,0.0
high,WILSON,009830,14 GLADEVILLE ELEM,2008,legacy_fallback_pending_official_review,0.993,,2000,9912,0.0
high,WILSON,009822,14 GLADEVILLE ELEM,2008,legacy_fallback_pending_official_review,0.993,,2000,9912,0.0
high,WILSON,009827,14 GLADEVILLE ELEM,2008,legacy_fallback_pending_official_review,0.993,,2000,9912,0.0
high,WILSON,009831,14 GLADEVILLE ELEM,2008,legacy_fallback_pending_official_review,0.993,,2000,9912,0.0
high,WILSON,009808,14 GLADEVILLE ELEM,2008,legacy_fallback_pending_official_review,0.993,,2000,9912,0.0
high,WILSON,009819,14 WILSON BD EDUC,2008,legacy_fallback_pending_official_review,0.993,,2000,9912,0.49726282
high,WILSON,009817,14 WILSON BD EDUC,2008,legacy_fallback_pending_official_review,0.993,,2000,9912,0.27545552
high,WILSON,009818,14 WILSON BD EDUC,2008,legacy_fallback_pending_official_review,0.993,,2000,9912,0.17596017
high,WILSON,009809,14 WILSON BD EDUC,2008,legacy_fallback_pending_official_review,0.993,,2000,9912,0.0513215
high,WILSON,009833,14 WILSON BD EDUC,2008,legacy_fallback_pending_official_review,0.993,,2000,9912,0.0
high,WILSON,009815,14 WILSON BD EDUC,2008,legacy_fallback_pending_official_review,0.993,,2000,9912,0.0
high,WILSON,009816,14 WILSON BD EDUC,2008,legacy_fallback_pending_official_review,0.993,,2000,9912,0.0
high,WILSON,009830,14 WILSON BD EDUC,2008,legacy_fallback_pending_official_review,0.993,,2000,9912,0.0
high,WILSON,009822,14 WILSON BD EDUC,2008,legacy_fallback_pending_official_review,0.993,,2000,9912,0.0
high,WILSON,009827,14 WILSON BD EDUC,2008,legacy_fallback_pending_official_review,0.993,,2000,9912,0.0
high,WILSON,009831,14 WILSON BD EDUC,2008,legacy_fallback_pending_official_review,0.993,,2000,9912,0.0
high,WILSON,009808,14 WILSON BD EDUC,2008,legacy_fallback_pending_official_review,0.993,,2000,9912,0.0
high,WILSON,009820,15 TUCKERS CROSS RDS,2008,legacy_fallback_pending_official_review,0.993,,2000,9920,0.66760701
high,WILSON,009807,15 TUCKERS CROSS RDS,2008,legacy_fallback_pending_official_review,0.993,,2000,9920,0.32919969
high,WILSON,009825,15 TUCKERS CROSS RDS,2008,legacy_fallback_pending_official_review,0.993,,2000,9920,0.0031933
high,WILSON,009828,15 TUCKERS CROSS RDS,2008,legacy_fallback_pending_official_review,0.993,,2000,9920,0.0
high,WILSON,009806,15 TUCKERS CROSS RDS,2008,legacy_fallback_pending_official_review,0.993,,2000,9920,0.0
high,WILSON,009826,15 TUCKERS CROSS RDS,2008,legacy_fallback_pending_official_review,0.993,,2000,9920,0.0
high,WILSON,009808,15 TUCKERS CROSS RDS,2008,legacy_fallback_pending_official_review,0.993,,2000,9920,0.0
high,WILSON,009831,15 TUCKERS CROSS RDS,2008,legacy_fallback_pending_official_review,0.993,,2000,9920,0.0
high,WILSON,009823,15 TUCKERS CROSS RDS,2008,legacy_fallback_pending_official_review,0.993,,2000,9920,0.0
high,WILSON,009822,16 CENTER CHAPEL,2008,legacy_fallback_pending_official_review,0.993,,2000,9928,0.69903509
high,WILSON,009815,16 CENTER CHAPEL,2008,legacy_fallback_pending_official_review,0.993,,2000,9928,0.10316676
high,WILSON,009818,16 CENTER CHAPEL,2008,legacy_fallback_pending_official_review,0.993,,2000,9928,0.06429253
high,WILSON,009819,16 CENTER CHAPEL,2008,legacy_fallback_pending_official_review,0.993,,2000,9928,0.04861197
high,WILSON,009803,16 CENTER CHAPEL,2008,legacy_fallback_pending_official_review,0.993,,2000,9928,0.03951988
high,WILSON,009814,16 CENTER CHAPEL,2008,legacy_fallback_pending_official_review,0.993,,2000,9928,0.02319763
high,WILSON,009802,16 CENTER CHAPEL,2008,legacy_fallback_pending_official_review,0.993,,2000,9928,0.00767203
high,WILSON,009832,16 CENTER CHAPEL,2008,legacy_fallback_pending_official_review,0.993,,2000,9928,0.00725535
high,WILSON,001948,16 CENTER CHAPEL,2008,legacy_fallback_pending_official_review,0.993,,2000,9928,0.00488038
high,WILSON,009829,16 CENTER CHAPEL,2008,legacy_fallback_pending_official_review,0.993,,2000,9928,0.00236838
high,WILSON,009833,16 CENTER CHAPEL,2008,legacy_fallback_pending_official_review,0.993,,2000,9928,0.0
high,WILSON,001950,16 CENTER CHAPEL,2008,legacy_fallback_pending_official_review,0.993,,2000,9928,0.0
high,WILSON,001949,16 CENTER CHAPEL,2008,legacy_fallback_pending_official_review,0.993,,2000,9928,0.0
high,WILSON,001855,16 CENTER CHAPEL,2008,legacy_fallback_pending_official_review,0.993,,2000,9928,0.0
high,WILSON,009817,16 CENTER CHAPEL,2008,legacy_fallback_pending_official_review,0.993,,2000,9928,0.0
high,WILSON,009830,25 LEEVILLE FCE CLUB,2008,legacy_fallback_pending_official_review,0.993,,2000,9964,0.73830579
high,WILSON,009804,25 LEEVILLE FCE CLUB,2008,legacy_fallback_pending_official_review,0.993,,2000,9964,0.15026272
high,WILSON,009833,25 LEEVILLE FCE CLUB,2008,legacy_fallback_pending_official_review,0.993,,2000,9964,0.04310261
high,WILSON,009823,25 LEEVILLE FCE CLUB,2008,legacy_fallback_pending_official_review,0.993,,2000,9964,0.02958053
high,WILSON,009831,25 LEEVILLE FCE CLUB,2008,legacy_fallback_pending_official_review,0.993,,2000,9964,0.01412363
high,WILSON,009832,25 LEEVILLE FCE CLUB,2008,legacy_fallback_pending_official_review,0.993,,2000,9964,0.00794374
high,WILSON,009809,25 LEEVILLE FCE CLUB,2008,legacy_fallback_pending_official_review,0.993,,2000,9964,0.00717739
high,WILSON,009825,25 LEEVILLE FCE CLUB,2008,legacy_fallback_pending_official_review,0.993,,2000,9964,0.00444611
high,WILSON,009806,25 LEEVILLE FCE CLUB,2008,legacy_fallback_pending_official_review,0.993,,2000,9964,0.00264765
high,WILSON,009827,25 LEEVILLE FCE CLUB,2008,legacy_fallback_pending_official_review,0.993,,2000,9964,0.00138572
high,WILSON,009819,25 LEEVILLE FCE CLUB,2008,legacy_fallback_pending_official_review,0.993,,2000,9964,0.00099203
high,WILSON,009829,25 LEEVILLE FCE CLUB,2008,legacy_fallback_pending_official_review,0.993,,2000,9964,3.209e-05
high,WILSON,009805,25 LEEVILLE FCE CLUB,2008,legacy_fallback_pending_official_review,0.993,,2000,9964,0.0
high,WILSON,009807,25 LEEVILLE FCE CLUB,2008,legacy_fallback_pending_official_review,0.993,,2000,9964,0.0
high,WILSON,009824,25 LEEVILLE FCE CLUB,2008,legacy_fallback_pending_official_review,0.993,,2000,9964,0.0
high,WILSON,009830,25 MAPLE HILL,2008,legacy_fallback_pending_official_review,0.993,,2000,9964,0.73830579
high,WILSON,009804,25 MAPLE HILL,2008,legacy_fallback_pending_official_review,0.993,,2000,9964,0.15026272
high,WILSON,009833,25 MAPLE HILL,2008,legacy_fallback_pending_official_review,0.993,,2000,9964,0.04310261
high,WILSON,009823,25 MAPLE HILL,2008,legacy_fallback_pending_official_review,0.993,,2000,9964,0.02958053
high,WILSON,009831,25 MAPLE HILL,2008,legacy_fallback_pending_official_review,0.993,,2000,9964,0.01412363
high,WILSON,009832,25 MAPLE HILL,2008,legacy_fallback_pending_official_review,0.993,,2000,9964,0.00794374
high,WILSON,009809,25 MAPLE HILL,2008,legacy_fallback_pending_official_review,0.993,,2000,9964,0.00717739
high,WILSON,009825,25 MAPLE HILL,2008,legacy_fallback_pending_official_review,0.993,,2000,9964,0.00444611
high,WILSON,009806,25 MAPLE HILL,2008,legacy_fallback_pending_official_review,0.993,,2000,9964,0.00264765
high,WILSON,009827,25 MAPLE HILL,2008,legacy_fallback_pending_official_review,0.993,,2000,9964,0.00138572
high,WILSON,009819,25 MAPLE HILL,2008,legacy_fallback_pending_official_review,0.993,,2000,9964,0.00099203
high,WILSON,009829,25 MAPLE HILL,2008,legacy_fallback_pending_official_review,0.993,,2000,9964,3.209e-05
high,WILSON,009805,25 MAPLE HILL,2008,legacy_fallback_pending_official_review,0.993,,2000,9964,0.0
high,WILSON,009807,25 MAPLE HILL,2008,legacy_fallback_pending_official_review,0.993,,2000,9964,0.0
high,WILSON,009824,25 MAPLE HILL,2008,legacy_fallback_pending_official_review,0.993,,2000,9964,0.0
