from_year,source_vintage,county_norm,from_precinct_norm,src_vtdst,dst_vtd20,weight,match_method,confidence_tier,match_score
2002,2000,ANDERSON,ANDERSONVILLE,0008,0008,0.88888961,exact_name,high,1.0
2002,2000,ANDERSON,ANDERSONVILLE,0008,000001,0.10909485,exact_name,high,1.0
2002,2000,ANDERSON,ANDERSONVILLE,0008,000018,0.00201462,exact_name,high,1.0
2002,2000,ANDERSON,ANDERSONVILLE,0008,000010,9.2e-07,exact_name,high,1.0
2002,2000,ANDERSON,ANDERSONVILLE,0008,000011,0.0,exact_name,high,1.0
2002,2000,ANDERSON,ANDERSONVILLE,0008,000016,0.0,exact_name,high,1.0
2002,2000,ANDERSON,BLOCK HOUSE VALLEY,0010,0010,0.90909091,exact_name,high,1.0
2002,2000,ANDERSON,BLOCK HOUSE VALLEY,0010,000003,0.08943178,exact_name,high,1.0
2002,2000,ANDERSON,BLOCK HOUSE VALLEY,0010,000025,0.00092085,exact_name,high,1.0
2002,2000,ANDERSON,BLOCK HOUSE VALLEY,0010,000005,0.00055646,exact_name,high,1.0
2002,2000,ANDERSON,BLOCK HOUSE VALLEY,0010,000006,0.0,exact_name,high,1.0
2002,2000,ANDERSON,BLOCK HOUSE VALLEY,0010,000009,0.0,exact_name,high,1.0
2002,2000,ANDERSON,BRICEVILLE,0012,0012,0.90909091,exact_name,high,1.0
2002,2000,ANDERSON,BRICEVILLE,0012,000002,0.09088338,exact_name,high,1.0
2002,2000,ANDERSON,BRICEVILLE,0012,000020,1.778e-05,exact_name,high,1.0
2002,2000,ANDERSON,BRICEVILLE,0012,000024,7.92e-06,exact_name,high,1.0
2002,2000,ANDERSON,BRICEVILLE,0012,000016,2e-08,exact_name,high,1.0
2002,2000,ANDERSON,BRICEVILLE,0012,000008,0.0,exact_name,high,1.0
2002,2000,ANDERSON,CLAXTON,0024,0024,0.80000081,exact_name,high,1.0
2002,2000,ANDERSON,CLAXTON,0024,000004,0.11845076,exact_name,high,1.0
2002,2000,ANDERSON,CLAXTON,0024,000003,0.0811864,exact_name,high,1.0
2002,2000,ANDERSON,CLAXTON,0024,000025,0.00036203,exact_name,high,1.0
2002,2000,ANDERSON,CLAXTON,0024,000013,0.0,exact_name,high,1.0
2002,2000,ANDERSON,CLAXTON,0024,000009,0.0,exact_name,high,1.0
2002,2000,ANDERSON,CLAXTON,0024,000019,0.0,exact_name,high,1.0
2002,2000,ANDERSON,CLINCH VALLEY,0092,000022,0.99961852,tail_fuzzy_name,low,0.75
2002,2000,ANDERSON,CLINCH VALLEY,0092,000009,0.00021358,tail_fuzzy_name,low,0.75
2002,2000,ANDERSON,CLINCH VALLEY,0092,000014,0.00016763,tail_fuzzy_name,low,0.75
2002,2000,ANDERSON,CLINCH VALLEY,0092,000012,2.1e-07,tail_fuzzy_name,low,0.75
2002,2000,ANDERSON,CLINCH VALLEY,0092,000017,6e-08,tail_fuzzy_name,low,0.75
2002,2000,ANDERSON,CLINTON,0028,0028,0.90909091,exact_name,high,1.0
2002,2000,ANDERSON,CLINTON,0028,000005,0.08079466,exact_name,high,1.0
2002,2000,ANDERSON,CLINTON,0028,000006,0.01011443,exact_name,high,1.0
2002,2000,ANDERSON,CLINTON,0028,000019,0.0,exact_name,high,1.0
2002,2000,ANDERSON,CLINTON,0028,000025,0.0,exact_name,high,1.0
2002,2000,ANDERSON,CLINTON,0028,000007,0.0,exact_name,high,1.0
2002,2000,ANDERSON,CLINTON HIGH,0032,000006,0.88842832,exact_name,high,1.0
2002,2000,ANDERSON,CLINTON HIGH,0032,000005,0.11157038,exact_name,high,1.0
2002,2000,ANDERSON,CLINTON HIGH,0032,000009,1.08e-06,exact_name,high,1.0
2002,2000,ANDERSON,CLINTON HIGH,0032,000003,2.3e-07,exact_name,high,1.0
2002,2000,ANDERSON,CLINTON HIGH,0032,000008,0.0,exact_name,high,1.0
2002,2000,ANDERSON,CLINTON MIDDLE SCH,0036,000007,0.72179493,simple_exact_name,medium,0.99
2002,2000,ANDERSON,CLINTON MIDDLE SCH,0036,000006,0.27429845,simple_exact_name,medium,0.99
2002,2000,ANDERSON,CLINTON MIDDLE SCH,0036,000019,0.00374801,simple_exact_name,medium,0.99
2002,2000,ANDERSON,CLINTON MIDDLE SCH,0036,000005,0.0001584,simple_exact_name,medium,0.99
2002,2000,ANDERSON,CLINTON MIDDLE SCH,0036,000016,2.1e-07,simple_exact_name,medium,0.99
2002,2000,ANDERSON,CLINTON MIDDLE SCH,0036,000008,0.0,simple_exact_name,medium,0.99
2002,2000,ANDERSON,CLINTON MIDDLE SCH,0036,000011,0.0,simple_exact_name,medium,0.99
2002,2000,ANDERSON,DUTCH VALLEY,0040,000008,0.37128302,exact_name,high,1.0
2002,2000,ANDERSON,DUTCH VALLEY,0040,000016,0.29553242,exact_name,high,1.0
2002,2000,ANDERSON,DUTCH VALLEY,0040,000007,0.25732396,exact_name,high,1.0
2002,2000,ANDERSON,DUTCH VALLEY,0040,000006,0.07586011,exact_name,high,1.0
2002,2000,ANDERSON,DUTCH VALLEY,0040,000002,4.9e-07,exact_name,high,1.0
2002,2000,ANDERSON,EMORY VALLEY,0010,0010,0.90909091,exact_name,high,1.0
2002,2000,ANDERSON,EMORY VALLEY,0010,000003,0.08943178,exact_name,high,1.0
2002,2000,ANDERSON,EMORY VALLEY,0010,000025,0.00092085,exact_name,high,1.0
2002,2000,ANDERSON,EMORY VALLEY,0010,000005,0.00055646,exact_name,high,1.0
2002,2000,ANDERSON,EMORY VALLEY,0010,000006,0.0,exact_name,high,1.0
2002,2000,ANDERSON,EMORY VALLEY,0010,000009,0.0,exact_name,high,1.0
2002,2000,ANDERSON,FAIRVIEW,0048,000010,0.63175475,exact_name,high,1.0
2002,2000,ANDERSON,FAIRVIEW,0048,000004,0.36755173,exact_name,high,1.0
2002,2000,ANDERSON,FAIRVIEW,0048,000011,0.00069326,exact_name,high,1.0
2002,2000,ANDERSON,FAIRVIEW,0048,000001,2.6e-07,exact_name,high,1.0
2002,2000,ANDERSON,FAIRVIEW,0048,000019,0.0,exact_name,high,1.0
2002,2000,ANDERSON,GLEN ALPINE,0012,0012,0.90909091,exact_name,high,1.0
2002,2000,ANDERSON,GLEN ALPINE,0012,000002,0.09088338,exact_name,high,1.0
2002,2000,ANDERSON,GLEN ALPINE,0012,000020,1.778e-05,exact_name,high,1.0
2002,2000,ANDERSON,GLEN ALPINE,0012,000024,7.92e-06,exact_name,high,1.0
2002,2000,ANDERSON,GLEN ALPINE,0012,000016,2e-08,exact_name,high,1.0
2002,2000,ANDERSON,GLEN ALPINE,0012,000008,0.0,exact_name,high,1.0
2002,2000,ANDERSON,GLENWOOD,0056,000012,0.99655072,exact_name,high,1.0
2002,2000,ANDERSON,GLENWOOD,0056,000022,0.00283324,exact_name,high,1.0
2002,2000,ANDERSON,GLENWOOD,0056,000009,0.00061603,exact_name,high,1.0
2002,2000,ANDERSON,HENDRIX CREEK,0014,0014,1.0,exact_name,high,1.0
2002,2000,ANDERSON,HIGHLAND VIEW,0060,000014,0.77101374,exact_name,high,1.0
2002,2000,ANDERSON,HIGHLAND VIEW,0060,000023,0.2289862,exact_name,high,1.0
2002,2000,ANDERSON,HIGHLAND VIEW,0060,000022,6e-08,exact_name,high,1.0
2002,2000,ANDERSON,HIGHLAND VIEW,0060,000017,0.0,exact_name,high,1.0
2002,2000,ANDERSON,LAKE CITY,0064,000015,0.99426351,exact_name,high,1.0
2002,2000,ANDERSON,LAKE CITY,0064,000016,0.00573649,exact_name,high,1.0
2002,2000,ANDERSON,LAKE CITY MIDDLE SCH,0036,000007,0.72179493,tail_fuzzy_name,low,0.769231
2002,2000,ANDERSON,LAKE CITY MIDDLE SCH,0036,000006,0.27429845,tail_fuzzy_name,low,0.769231
2002,2000,ANDERSON,LAKE CITY MIDDLE SCH,0036,000019,0.00374801,tail_fuzzy_name,low,0.769231
2002,2000,ANDERSON,LAKE CITY MIDDLE SCH,0036,000005,0.0001584,tail_fuzzy_name,low,0.769231
2002,2000,ANDERSON,LAKE CITY MIDDLE SCH,0036,000016,2.1e-07,tail_fuzzy_name,low,0.769231
2002,2000,ANDERSON,LAKE CITY MIDDLE SCH,0036,000008,0.0,tail_fuzzy_name,low,0.769231
2002,2000,ANDERSON,LAKE CITY MIDDLE SCH,0036,000011,0.0,tail_fuzzy_name,low,0.769231
2002,2000,ANDERSON,MARLOW,0072,000017,0.57413834,exact_name,high,1.0
2002,2000,ANDERSON,MARLOW,0072,000008,0.24824006,exact_name,high,1.0
2002,2000,ANDERSON,MARLOW,0072,000009,0.09054502,exact_name,high,1.0
2002,2000,ANDERSON,MARLOW,0072,000022,0.05206728,exact_name,high,1.0
2002,2000,ANDERSON,MARLOW,0072,000014,0.01700091,exact_name,high,1.0
2002,2000,ANDERSON,MARLOW,0072,000006,0.01574969,exact_name,high,1.0
2002,2000,ANDERSON,MARLOW,0072,000012,0.0019127,exact_name,high,1.0
2002,2000,ANDERSON,MARLOW,0072,000020,0.0003335,exact_name,high,1.0
2002,2000,ANDERSON,MARLOW,0072,000023,1.25e-05,exact_name,high,1.0
2002,2000,ANDERSON,MARLOW,0072,000003,0.0,exact_name,high,1.0
2002,2000,ANDERSON,MARLOW,0072,000002,0.0,exact_name,high,1.0
2002,2000,ANDERSON,NORRIS,0076,000018,0.98884168,exact_name,high,1.0
2002,2000,ANDERSON,NORRIS,0076,000011,0.00580094,exact_name,high,1.0
2002,2000,ANDERSON,NORRIS,0076,000001,0.00444916,exact_name,high,1.0
2002,2000,ANDERSON,NORRIS,0076,000016,0.00090822,exact_name,high,1.0
2002,2000,ANDERSON,NORTH CLINTON,0080,000019,0.99915875,exact_name,high,1.0
2002,2000,ANDERSON,NORTH CLINTON,0080,000007,0.0008302,exact_name,high,1.0
2002,2000,ANDERSON,NORTH CLINTON,0080,000005,1.065e-05,exact_name,high,1.0
2002,2000,ANDERSON,NORTH CLINTON,0080,000004,2.5e-07,exact_name,high,1.0
2002,2000,ANDERSON,NORTH CLINTON,0080,000025,1.5e-07,exact_name,high,1.0
2002,2000,ANDERSON,NORWOOD,0084,000020,0.97459549,exact_name,high,1.0
2002,2000,ANDERSON,NORWOOD,0084,000024,0.02533425,exact_name,high,1.0
2002,2000,ANDERSON,NORWOOD,0084,000023,3.724e-05,exact_name,high,1.0
2002,2000,ANDERSON,NORWOOD,0084,000026,3.273e-05,exact_name,high,1.0
2002,2000,ANDERSON,NORWOOD,0084,000017,2.9e-07,exact_name,high,1.0
2002,2000,ANDERSON,NORWOOD,0084,000002,0.0,exact_name,high,1.0
2002,2000,ANDERSON,OAK RIDGE CITY HALL,0088,000014,0.88799709,forced_best_name,low,0.685714
2002,2000,ANDERSON,OAK RIDGE CITY HALL,0088,000023,0.1119838,forced_best_name,low,0.685714
2002,2000,ANDERSON,OAK RIDGE CITY HALL,0088,000021,1.119e-05,forced_best_name,low,0.685714
2002,2000,ANDERSON,OAK RIDGE CITY HALL,0088,000022,7.92e-06,forced_best_name,low,0.685714
2002,2000,ANDERSON,PINE VALLEY,0092,000022,0.99961852,exact_name,high,1.0
2002,2000,ANDERSON,PINE VALLEY,0092,000009,0.00021358,exact_name,high,1.0
2002,2000,ANDERSON,PINE VALLEY,0092,000014,0.00016763,exact_name,high,1.0
2002,2000,ANDERSON,PINE VALLEY,0092,000012,2.1e-07,exact_name,high,1.0
2002,2000,ANDERSON,PINE VALLEY,0092,000017,6e-08,exact_name,high,1.0
2002,2000,ANDERSON,ROBERTSVILLE,0096,000023,0.97551264,exact_name,high,1.0
2002,2000,ANDERSON,ROBERTSVILLE,0096,000020,0.02448729,exact_name,high,1.0
2002,2000,ANDERSON,ROBERTSVILLE,0096,000026,7e-08,exact_name,high,1.0
2002,2000,ANDERSON,ROBERTSVILLE,0096,000014,0.0,exact_name,high,1.0
2002,2000,ANDERSON,ROBERTSVILLE,0096,000021,0.0,exact_name,high,1.0
2002,2000,ANDERSON,ROSEDALE,0100,000024,0.99995074,exact_name,high,1.0
2002,2000,ANDERSON,ROSEDALE,0100,000002,4.111e-05,exact_name,high,1.0
2002,2000,ANDERSON,ROSEDALE,0100,000020,8.14e-06,exact_name,high,1.0
2002,2000,ANDERSON,SOUTH CLINTON,0104,000025,0.94866924,exact_name,high,1.0
2002,2000,ANDERSON,SOUTH CLINTON,0104,000004,0.04366498,exact_name,high,1.0
2002,2000,ANDERSON,SOUTH CLINTON,0104,000003,0.00489061,exact_name,high,1.0
2002,2000,ANDERSON,SOUTH CLINTON,0104,000019,0.00277505,exact_name,high,1.0
2002,2000,ANDERSON,SOUTH CLINTON,0104,000005,1.2e-07,exact_name,high,1.0
2002,2000,ANDERSON,WEST HILLS,0108,000026,0.99975148,exact_name,high,1.0
2002,2000,ANDERSON,WEST HILLS,0108,000020,0.0002271,exact_name,high,1.0
2002,2000,ANDERSON,WEST HILLS,0108,000021,2.142e-05,exact_name,high,1.0
2002,2000,ANDERSON,WEST HILLS,0108,000013,0.0,exact_name,high,1.0
2002,2000,ANDERSON,WEST HILLS,0108,000023,0.0,exact_name,high,1.0
2002,2000,ANDERSON,WOODLAND,0028,0028,0.90909091,exact_name,high,1.0
2002,2000,ANDERSON,WOODLAND,0028,000005,0.08079466,exact_name,high,1.0
2002,2000,ANDERSON,WOODLAND,0028,000006,0.01011443,exact_name,high,1.0
2002,2000,ANDERSON,WOODLAND,0028,000019,0.0,exact_name,high,1.0
2002,2000,ANDERSON,WOODLAND,0028,000025,0.0,exact_name,high,1.0
2002,2000,ANDERSON,WOODLAND,0028,000007,0.0,exact_name,high,1.0
2002,2000,BEDFORD,01 WARTRACE TOWN,0216,000101,0.54446052,code_token_name,high,0.993
2002,2000,BEDFORD,01 WARTRACE TOWN,0216,000107,0.21269706,code_token_name,high,0.993
2002,2000,BEDFORD,01 WARTRACE TOWN,0216,000109,0.12777994,code_token_name,high,0.993
2002,2000,BEDFORD,01 WARTRACE TOWN,0216,000108,0.10731974,code_token_name,high,0.993
2002,2000,BEDFORD,01 WARTRACE TOWN,0216,000110,0.00754219,code_token_name,high,0.993
2002,2000,BEDFORD,01 WARTRACE TOWN,0216,000103,0.00019994,code_token_name,high,0.993
2002,2000,BEDFORD,01 WARTRACE TOWN,0216,000106,6.1e-07,code_token_name,high,0.993
2002,2000,BEDFORD,02 BELL BUCKLE FIRE,0124,000103,0.75427421,code_token_name,high,0.993
2002,2000,BEDFORD,02 BELL BUCKLE FIRE,0124,000105,0.11105812,code_token_name,high,0.993
2002,2000,BEDFORD,02 BELL BUCKLE FIRE,0124,000110,0.0704114,code_token_name,high,0.993
2002,2000,BEDFORD,02 BELL BUCKLE FIRE,0124,000102,0.05724538,code_token_name,high,0.993
2002,2000,BEDFORD,02 BELL BUCKLE FIRE,0124,000111,0.0070054,code_token_name,high,0.993
2002,2000,BEDFORD,02 BELL BUCKLE FIRE,0124,000101,5.5e-06,code_token_name,high,0.993
2002,2000,BEDFORD,03 LONGVIEW CC,0168,000104,0.78771198,code_token_name,high,0.993
2002,2000,BEDFORD,03 LONGVIEW CC,0168,000103,0.21169392,code_token_name,high,0.993
2002,2000,BEDFORD,03 LONGVIEW CC,0168,000105,0.0005941,code_token_name,high,0.993
2002,2000,BEDFORD,04 AIRPORT,0128,000105,0.99900529,code_token_name,high,0.993
2002,2000,BEDFORD,04 AIRPORT,0128,000111,0.00073612,code_token_name,high,0.993
2002,2000,BEDFORD,04 AIRPORT,0128,000104,0.00025859,code_token_name,high,0.993
2002,2000,BEDFORD,04 AIRPORT,0128,000106,0.0,code_token_name,high,0.993
2002,2000,BEDFORD,05 ROVER FRIENDSHIP,0164,000106,0.99990926,code_token_name,high,0.993
2002,2000,BEDFORD,05 ROVER FRIENDSHIP,0164,000108,9.02e-05,code_token_name,high,0.993
2002,2000,BEDFORD,05 ROVER FRIENDSHIP,0164,000107,5.4e-07,code_token_name,high,0.993
2002,2000,BEDFORD,06 UNIONVILLE FIRE,0160,000108,0.98066744,code_token_name,high,0.993
2002,2000,BEDFORD,06 UNIONVILLE FIRE,0160,000109,0.00966664,code_token_name,high,0.993
2002,2000,BEDFORD,06 UNIONVILLE FIRE,0160,000106,0.00966589,code_token_name,high,0.993
2002,2000,BEDFORD,06 UNIONVILLE FIRE,0160,000111,4e-08,code_token_name,high,0.993
2002,2000,BEDFORD,07 HALLS MILL CC,0156,000109,0.93897801,code_token_name,high,0.993
2002,2000,BEDFORD,07 HALLS MILL CC,0156,000108,0.04374135,code_token_name,high,0.993
2002,2000,BEDFORD,07 HALLS MILL CC,0156,000101,0.01708822,code_token_name,high,0.993
2002,2000,BEDFORD,07 HALLS MILL CC,0156,000110,0.00019243,code_token_name,high,0.993
2002,2000,BEDFORD,08 LIBERTY SCHOOL,0208,000110,0.8757982,code_token_name,high,0.993
2002,2000,BEDFORD,08 LIBERTY SCHOOL,0208,000111,0.11924619,code_token_name,high,0.993
2002,2000,BEDFORD,08 LIBERTY SCHOOL,0208,000103,0.00308311,code_token_name,high,0.993
2002,2000,BEDFORD,08 LIBERTY SCHOOL,0208,000108,0.00184657,code_token_name,high,0.993
2002,2000,BEDFORD,08 LIBERTY SCHOOL,0208,000101,2.299e-05,code_token_name,high,0.993
2002,2000,BEDFORD,08 LIBERTY SCHOOL,0208,000109,2.93e-06,code_token_name,high,0.993
2002,2000,BEDFORD,09 BEDFORD FIRE HALL,0144,000111,0.67239935,code_token_name,high,0.993
2002,2000,BEDFORD,09 BEDFORD FIRE HALL,0144,000105,0.2311581,code_token_name,high,0.993
2002,2000,BEDFORD,09 BEDFORD FIRE HALL,0144,000110,0.09547475,code_token_name,high,0.993
2002,2000,BEDFORD,09 BEDFORD FIRE HALL,0144,000103,0.0009678,code_token_name,high,0.993
2002,2000,BEDFORD,10 WHEEL FIRE HALL,0010,0010,1.0,token_vtd,high,1.0
2002,2000,BEDFORD,11 FLAT CREEK FIRE,0011,0011,1.0,token_vtd,high,1.0
2002,2000,BEDFORD,12 RAUS CC,0188,000106,0.71275015,forced_best_name,low,0.555556
2002,2000,BEDFORD,12 RAUS CC,0188,000107,0.28699952,forced_best_name,low,0.555556
2002,2000,BEDFORD,12 RAUS CC,0188,000108,0.00025033,forced_best_name,low,0.555556
2002,2000,BEDFORD,13 NORMANDY FIRE,0180,000107,0.99999999,tail_fuzzy_name,low,0.761905
2002,2000,BEDFORD,13 NORMANDY FIRE,0180,000101,1e-08,tail_fuzzy_name,low,0.761905
2002,2000,BEDFORD,14 EAST SIDE SCHOOL,0160,000108,0.98066744,forced_best_name,low,0.6875
2002,2000,BEDFORD,14 EAST SIDE SCHOOL,0160,000109,0.00966664,forced_best_name,low,0.6875
2002,2000,BEDFORD,14 EAST SIDE SCHOOL,0160,000106,0.00966589,forced_best_name,low,0.6875
2002,2000,BEDFORD,14 EAST SIDE SCHOOL,0160,000111,4e-08,forced_best_name,low,0.6875
2002,2000,BEDFORD,15 DEERY EAKIN SCH,0156,000109,0.93897801,tail_fuzzy_name,low,0.758621
2002,2000,BEDFORD,15 DEERY EAKIN SCH,0156,000108,0.04374135,tail_fuzzy_name,low,0.758621
2002,2000,BEDFORD,15 DEERY EAKIN SCH,0156,000101,0.01708822,tail_fuzzy_name,low,0.758621
2002,2000,BEDFORD,15 DEERY EAKIN SCH,0156,000110,0.00019243,tail_fuzzy_name,low,0.758621
2002,2000,BEDFORD,16 THOMAS SCHOOL,0216,000101,0.54446052,forced_best_name,low,0.648649
2002,2000,BEDFORD,16 THOMAS SCHOOL,0216,000107,0.21269706,forced_best_name,low,0.648649
2002,2000,BEDFORD,16 THOMAS SCHOOL,0216,000109,0.12777994,forced_best_name,low,0.648649
2002,2000,BEDFORD,16 THOMAS SCHOOL,0216,000108,0.10731974,forced_best_name,low,0.648649
2002,2000,BEDFORD,16 THOMAS SCHOOL,0216,000110,0.00754219,forced_best_name,low,0.648649
2002,2000,BEDFORD,16 THOMAS SCHOOL,0216,000103,0.00019994,forced_best_name,low,0.648649
2002,2000,BEDFORD,16 THOMAS SCHOOL,0216,000106,6.1e-07,forced_best_name,low,0.648649
2002,2000,BEDFORD,17 COURTHOUSE,0144,000111,0.67239935,tail_exact_name,medium,0.985
2002,2000,BEDFORD,17 COURTHOUSE,0144,000105,0.2311581,tail_exact_name,medium,0.985
2002,2000,BEDFORD,17 COURTHOUSE,0144,000110,0.09547475,tail_exact_name,medium,0.985
2002,2000,BEDFORD,17 COURTHOUSE,0144,000103,0.0009678,tail_exact_name,medium,0.985
2002,2000,BEDFORD,18 SOUTHSIDE SCHOOL,0011,0011,1.0,forced_best_name,low,0.625
2002,2000,BENTON,1 HOLLADAY SCHOOL,0232,000204,1.0,code_token_name,high,0.993
2002,2000,BENTON,1 HOLLADAY SCHOOL,0232,000203,0.0,code_token_name,high,0.993
2002,2000,BENTON,2 CAMDEN HIGH SCHO,0272,000204,0.55831281,code_token_name,high,0.993
2002,2000,BENTON,2 CAMDEN HIGH SCHO,0272,000203,0.44147805,code_token_name,high,0.993
2002,2000,BENTON,2 CAMDEN HIGH SCHO,0272,000202,0.00020914,code_token_name,high,0.993
2002,2000,BENTON,3 BENTON CO COURT,0282,000201,0.99999372,code_token_name,high,0.993
2002,2000,BENTON,3 BENTON CO COURT,0282,000205,6.22e-06,code_token_name,high,0.993
2002,2000,BENTON,3 BENTON CO COURT,0282,000203,5e-08,code_token_name,high,0.993
2002,2000,BENTON,3 BENTON CO COURT,0282,000206,1e-08,code_token_name,high,0.993
2002,2000,BENTON,4 CAMDEN ELEMENTAR,0292,000203,0.95437195,code_token_name,high,0.993
2002,2000,BENTON,4 CAMDEN ELEMENTAR,0292,000205,0.04562792,code_token_name,high,0.993
2002,2000,BENTON,4 CAMDEN ELEMENTAR,0292,000201,1.3e-07,code_token_name,high,0.993
2002,2000,BENTON,5 BENTON CO COURT,0296,000201,0.97701543,code_token_name,high,0.993
2002,2000,BENTON,5 BENTON CO COURT,0296,000202,0.02240836,code_token_name,high,0.993
2002,2000,BENTON,5 BENTON CO COURT,0296,000205,0.00057621,code_token_name,high,0.993
2002,2000,BENTON,5 BENTON CO COURT,0296,000206,0.0,code_token_name,high,0.993
2002,2000,BENTON,6 BIG SANDY SCHOOL,0300,000205,0.99975517,code_token_name,high,0.993
2002,2000,BENTON,6 BIG SANDY SCHOOL,0300,000201,0.00019252,code_token_name,high,0.993
2002,2000,BENTON,6 BIG SANDY SCHOOL,0300,000203,5.231e-05,code_token_name,high,0.993
2002,2000,BLEDSOE,1 1 DILL,0316,000304,0.99999118,exact_name,high,1.0
2002,2000,BLEDSOE,1 1 DILL,0316,000305,8.82e-06,exact_name,high,1.0
2002,2000,BLEDSOE,1 1 DILL,0316,000308,0.0,exact_name,high,1.0
2002,2000,BLEDSOE,1 1 DILL,0316,000306,0.0,exact_name,high,1.0
2002,2000,BLEDSOE,1 2 GRIFFITH,0320,000305,0.9853445,exact_name,high,1.0
2002,2000,BLEDSOE,1 2 GRIFFITH,0320,000304,0.01427007,exact_name,high,1.0
2002,2000,BLEDSOE,1 2 GRIFFITH,0320,000309,0.00038543,exact_name,high,1.0
2002,2000,BLEDSOE,1 2 GRIFFITH,0320,000306,0.0,exact_name,high,1.0
2002,2000,BLEDSOE,1 2 GRIFFITH,0320,000311,0.0,exact_name,high,1.0
2002,2000,BLEDSOE,1 3 MT CREST,0324,000309,0.9999995,exact_name,high,1.0
2002,2000,BLEDSOE,1 3 MT CREST,0324,000305,2.9e-07,exact_name,high,1.0
2002,2000,BLEDSOE,1 3 MT CREST,0324,000301,2.1e-07,exact_name,high,1.0
2002,2000,BLEDSOE,1 3 MT CREST,0324,000311,0.0,exact_name,high,1.0
2002,2000,BLEDSOE,2 1 COLD SPRINGS,0336,000303,0.73924924,exact_name,high,1.0
2002,2000,BLEDSOE,2 1 COLD SPRINGS,0336,000310,0.16543575,exact_name,high,1.0
2002,2000,BLEDSOE,2 1 COLD SPRINGS,0336,000311,0.06665157,exact_name,high,1.0
2002,2000,BLEDSOE,2 1 COLD SPRINGS,0336,000306,0.02833239,exact_name,high,1.0
2002,2000,BLEDSOE,2 1 COLD SPRINGS,0336,000307,0.00033091,exact_name,high,1.0
2002,2000,BLEDSOE,2 1 COLD SPRINGS,0336,000301,1.4e-07,exact_name,high,1.0
2002,2000,BLEDSOE,2 1 COLD SPRINGS,0336,000312,0.0,exact_name,high,1.0
2002,2000,BLEDSOE,2 2 LUMINARY,0340,000307,0.99940652,exact_name,high,1.0
2002,2000,BLEDSOE,2 2 LUMINARY,0340,000310,0.00047604,exact_name,high,1.0
2002,2000,BLEDSOE,2 2 LUMINARY,0340,000303,0.00011744,exact_name,high,1.0
2002,2000,BLEDSOE,3 1 BRAYTON,0348,000302,0.7251727,exact_name,high,1.0
2002,2000,BLEDSOE,3 1 BRAYTON,0348,000308,0.27482688,exact_name,high,1.0
2002,2000,BLEDSOE,3 1 BRAYTON,0348,000312,4.2e-07,exact_name,high,1.0
2002,2000,BLEDSOE,3 2 RIGSBY,0344,000312,0.76890717,exact_name,high,1.0
2002,2000,BLEDSOE,3 2 RIGSBY,0344,000307,0.20141077,exact_name,high,1.0
2002,2000,BLEDSOE,3 2 RIGSBY,0344,000303,0.02968202,exact_name,high,1.0
2002,2000,BLEDSOE,3 2 RIGSBY,0344,000302,4e-08,exact_name,high,1.0
2002,2000,BLEDSOE,3 2 RIGSBY,0344,000306,0.0,exact_name,high,1.0
2002,2000,BLEDSOE,3 2 RIGSBY,0344,000308,0.0,exact_name,high,1.0
2002,2000,BLEDSOE,4 1 PIKEVILLE OUT,0352,000311,0.62888221,code_token_name,high,0.993
2002,2000,BLEDSOE,4 1 PIKEVILLE OUT,0352,000306,0.37111739,code_token_name,high,0.993
2002,2000,BLEDSOE,4 1 PIKEVILLE OUT,0352,000305,4e-07,code_token_name,high,0.993
2002,2000,BLEDSOE,4 2 PIKEVILLE IN,0352,000311,0.62888221,code_token_name,high,0.993
2002,2000,BLEDSOE,4 2 PIKEVILLE IN,0352,000306,0.37111739,code_token_name,high,0.993
2002,2000,BLEDSOE,4 2 PIKEVILLE IN,0352,000305,4e-07,code_token_name,high,0.993
2002,2000,BLEDSOE,5 1 BELLVIEW,0328,000301,0.79256704,exact_name,high,1.0
2002,2000,BLEDSOE,5 1 BELLVIEW,0328,000309,0.20743295,exact_name,high,1.0
2002,2000,BLEDSOE,5 1 BELLVIEW,0328,000310,1e-08,exact_name,high,1.0
2002,2000,BLEDSOE,5 1 BELLVIEW,0328,000303,0.0,exact_name,high,1.0
2002,2000,BLEDSOE,5 2 NINE MILE,0332,000310,0.99966316,exact_name,high,1.0
2002,2000,BLEDSOE,5 2 NINE MILE,0332,000307,0.0003362,exact_name,high,1.0
2002,2000,BLEDSOE,5 2 NINE MILE,0332,000301,6.3e-07,exact_name,high,1.0
2002,2000,BLEDSOE,6 1 LEE STATION,0360,000306,0.99373351,exact_name,high,1.0
2002,2000,BLEDSOE,6 1 LEE STATION,0360,000311,0.0062639,exact_name,high,1.0
2002,2000,BLEDSOE,6 1 LEE STATION,0360,000308,2.36e-06,exact_name,high,1.0
2002,2000,BLEDSOE,6 1 LEE STATION,0360,000312,1.8e-07,exact_name,high,1.0
2002,2000,BLEDSOE,6 1 LEE STATION,0360,000305,6e-08,exact_name,high,1.0
2002,2000,BLEDSOE,6 1 LEE STATION,0360,000304,0.0,exact_name,high,1.0
2002,2000,BLEDSOE,6 2 LUSK,0358,000308,0.99999732,exact_name,high,1.0
2002,2000,BLEDSOE,6 2 LUSK,0358,000306,2.57e-06,exact_name,high,1.0
2002,2000,BLEDSOE,6 2 LUSK,0358,000304,1e-07,exact_name,high,1.0
2002,2000,BLEDSOE,6 3 SUNNYSIDE,0356,000308,1.0,exact_name,high,1.0
2002,2000,BLEDSOE,6 3 SUNNYSIDE,0356,000306,0.0,exact_name,high,1.0
2002,2000,BLEDSOE,6 3 SUNNYSIDE,0356,000312,0.0,exact_name,high,1.0
2002,2000,BLEDSOE,6 4 BRAYTON 6,0356,000308,1.0,code_token_name,high,0.993
2002,2000,BLEDSOE,6 4 BRAYTON 6,0356,000306,0.0,code_token_name,high,0.993
2002,2000,BLEDSOE,6 4 BRAYTON 6,0356,000312,0.0,code_token_name,high,0.993
2002,2000,BLOUNT,ALCOA HIGH SCHOOL,0376,000408,0.93359751,tail_fuzzy_name,low,0.740741
2002,2000,BLOUNT,ALCOA HIGH SCHOOL,0376,000406,0.06235114,tail_fuzzy_name,low,0.740741
2002,2000,BLOUNT,ALCOA HIGH SCHOOL,0376,000409,0.00315994,tail_fuzzy_name,low,0.740741
2002,2000,BLOUNT,ALCOA HIGH SCHOOL,0376,000412,0.00087427,tail_fuzzy_name,low,0.740741
2002,2000,BLOUNT,ALCOA HIGH SCHOOL,0376,000407,1.663e-05,tail_fuzzy_name,low,0.740741
2002,2000,BLOUNT,ALCOA HIGH SCHOOL,0376,000411,5e-07,tail_fuzzy_name,low,0.740741
2002,2000,BLOUNT,ALCOA HIGH SCHOOL,0376,000410,1e-08,tail_fuzzy_name,low,0.740741
2002,2000,BLOUNT,ALCOA MIDDLE SCHOOL,0380,000411,0.99582929,tail_fuzzy_name,low,0.774194
2002,2000,BLOUNT,ALCOA MIDDLE SCHOOL,0380,000413,0.00213048,tail_fuzzy_name,low,0.774194
2002,2000,BLOUNT,ALCOA MIDDLE SCHOOL,0380,000432,0.00117452,tail_fuzzy_name,low,0.774194
2002,2000,BLOUNT,ALCOA MIDDLE SCHOOL,0380,000414,0.00065606,tail_fuzzy_name,low,0.774194
2002,2000,BLOUNT,ALCOA MIDDLE SCHOOL,0380,000431,0.00020893,tail_fuzzy_name,low,0.774194
2002,2000,BLOUNT,ALCOA MIDDLE SCHOOL,0380,000408,7.2e-07,tail_fuzzy_name,low,0.774194
2002,2000,BLOUNT,BEECH GROVE,0400,000425,0.9990753,forced_best_name,low,0.4
2002,2000,BLOUNT,BEECH GROVE,0400,000426,0.00089258,forced_best_name,low,0.4
2002,2000,BLOUNT,BEECH GROVE,0400,000427,3.204e-05,forced_best_name,low,0.4
2002,2000,BLOUNT,BEECH GROVE,0400,000424,5e-08,forced_best_name,low,0.4
2002,2000,BLOUNT,BEECH GROVE,0400,000403,4e-08,forced_best_name,low,0.4
2002,2000,BLOUNT,BIG SPRINGS,0384,000415,0.98039964,exact_name,high,1.0
2002,2000,BLOUNT,BIG SPRINGS,0384,000416,0.01959985,exact_name,high,1.0
2002,2000,BLOUNT,BIG SPRINGS,0384,000419,4.6e-07,exact_name,high,1.0
2002,2000,BLOUNT,BIG SPRINGS,0384,000436,5e-08,exact_name,high,1.0
2002,2000,BLOUNT,BIG SPRINGS,0384,000418,0.0,exact_name,high,1.0
2002,2000,BLOUNT,BLOUNT CNTY BD CITY,0027,0027,1.0,forced_best_name,low,0.580645
2002,2000,BLOUNT,BLOUNT CNTY BD CNTY,0027,0027,1.0,forced_best_name,low,0.5
2002,2000,BLOUNT,CARPENTERS,0003,0003,1.0,exact_name,high,1.0
2002,2000,BLOUNT,CHILHOWEE VIEW,0400,000425,0.9990753,exact_name,high,1.0
2002,2000,BLOUNT,CHILHOWEE VIEW,0400,000426,0.00089258,exact_name,high,1.0
2002,2000,BLOUNT,CHILHOWEE VIEW,0400,000427,3.204e-05,exact_name,high,1.0
2002,2000,BLOUNT,CHILHOWEE VIEW,0400,000424,5e-08,exact_name,high,1.0
2002,2000,BLOUNT,CHILHOWEE VIEW,0400,000403,4e-08,exact_name,high,1.0
2002,2000,BLOUNT,EAGLETON,0404,000431,0.91584056,prefix_name,high,0.995
2002,2000,BLOUNT,EAGLETON,0404,000430,0.08415832,prefix_name,high,0.995
2002,2000,BLOUNT,EAGLETON,0404,000406,1.13e-06,prefix_name,high,0.995
2002,2000,BLOUNT,EAGLETON,0404,000429,0.0,prefix_name,high,0.995
2002,2000,BLOUNT,EAGLETON CAFETERIA,0408,000406,0.64671445,exact_name,high,1.0
2002,2000,BLOUNT,EAGLETON CAFETERIA,0408,000431,0.35216534,exact_name,high,1.0
2002,2000,BLOUNT,EAGLETON CAFETERIA,0408,000413,0.00098638,exact_name,high,1.0
2002,2000,BLOUNT,EAGLETON CAFETERIA,0408,000408,0.00013065,exact_name,high,1.0
2002,2000,BLOUNT,EAGLETON CAFETERIA,0408,000411,2.86e-06,exact_name,high,1.0
2002,2000,BLOUNT,EAGLETON CAFETERIA,0408,000430,3.2e-07,exact_name,high,1.0
2002,2000,BLOUNT,EVERETT,0412,000413,0.99850437,exact_name,high,1.0
2002,2000,BLOUNT,EVERETT,0412,000411,0.00094164,exact_name,high,1.0
2002,2000,BLOUNT,EVERETT,0412,000431,0.00053772,exact_name,high,1.0
2002,2000,BLOUNT,EVERETT,0412,000430,1.626e-05,exact_name,high,1.0
2002,2000,BLOUNT,EVERETT,0412,000432,0.0,exact_name,high,1.0
2002,2000,BLOUNT,EVERETT,0412,000403,0.0,exact_name,high,1.0
2002,2000,BLOUNT,FAIRVIEW,0007,0007,1.0,exact_name,high,1.0
2002,2000,BLOUNT,FAIRVIEW CITY,0007,0007,1.0,simple_exact_name,medium,0.99
2002,2000,BLOUNT,FRIENDSVILLE,0424,000416,0.99998209,exact_name,high,1.0
2002,2000,BLOUNT,FRIENDSVILLE,0424,000421,1.791e-05,exact_name,high,1.0
2002,2000,BLOUNT,FRIENDSVILLE CITY,0425,000416,0.97001817,exact_name,high,1.0
2002,2000,BLOUNT,FRIENDSVILLE CITY,0425,000415,0.0281079,exact_name,high,1.0
2002,2000,BLOUNT,FRIENDSVILLE CITY,0425,000436,0.00171929,exact_name,high,1.0
2002,2000,BLOUNT,FRIENDSVILLE CITY,0425,000421,0.00015464,exact_name,high,1.0
2002,2000,BLOUNT,HAPPY VALLEY,0428,000435,0.99788334,exact_name,high,1.0
2002,2000,BLOUNT,HAPPY VALLEY,0428,000426,0.00207825,exact_name,high,1.0
2002,2000,BLOUNT,HAPPY VALLEY,0428,000401,3.841e-05,exact_name,high,1.0
2002,2000,BLOUNT,HAPPY VALLEY,0428,000434,0.0,exact_name,high,1.0
2002,2000,BLOUNT,HERITAGE,0009,0009,1.0,exact_name,high,1.0
2002,2000,BLOUNT,JOHN SEVIER,0440,000430,0.91533552,exact_name,high,1.0
2002,2000,BLOUNT,JOHN SEVIER,0440,000413,0.08301457,exact_name,high,1.0
2002,2000,BLOUNT,JOHN SEVIER,0440,000431,0.0016466,exact_name,high,1.0
2002,2000,BLOUNT,JOHN SEVIER,0440,000403,3.31e-06,exact_name,high,1.0
2002,2000,BLOUNT,LANIER,0444,000418,0.93164741,exact_name,high,1.0
2002,2000,BLOUNT,LANIER,0444,000419,0.06830355,exact_name,high,1.0
2002,2000,BLOUNT,LANIER,0444,000434,4.514e-05,exact_name,high,1.0
2002,2000,BLOUNT,LANIER,0444,000401,3.83e-06,exact_name,high,1.0
2002,2000,BLOUNT,LANIER,0444,000415,5e-08,exact_name,high,1.0
2002,2000,BLOUNT,LANIER,0444,000435,1e-08,exact_name,high,1.0
2002,2000,BLOUNT,LOUISVILLE,0446,000423,0.99599345,exact_name,high,1.0
2002,2000,BLOUNT,LOUISVILLE,0446,000421,0.00393668,exact_name,high,1.0
2002,2000,BLOUNT,LOUISVILLE,0446,000410,6.961e-05,exact_name,high,1.0
2002,2000,BLOUNT,LOUISVILLE,0446,000407,2.6e-07,exact_name,high,1.0
2002,2000,BLOUNT,MARYVILLE COLLEGE,0448,000432,0.9806978,exact_name,high,1.0
2002,2000,BLOUNT,MARYVILLE COLLEGE,0448,000427,0.01789585,exact_name,high,1.0
2002,2000,BLOUNT,MARYVILLE COLLEGE,0448,000411,0.0012385,exact_name,high,1.0
2002,2000,BLOUNT,MARYVILLE COLLEGE,0448,000413,0.00013944,exact_name,high,1.0
2002,2000,BLOUNT,MARYVILLE COLLEGE,0448,000414,1.327e-05,exact_name,high,1.0
2002,2000,BLOUNT,MARYVILLE COLLEGE,0448,000420,1.111e-05,exact_name,high,1.0
2002,2000,BLOUNT,MARYVILLE COLLEGE,0448,000403,2.42e-06,exact_name,high,1.0
2002,2000,BLOUNT,MARYVILLE COLLEGE,0448,000404,1.6e-06,exact_name,high,1.0
2002,2000,BLOUNT,MARYVILLE HS,0015,0015,1.0,exact_name,high,1.0
2002,2000,BLOUNT,MARYVILLE MID SCHOOL,0456,000404,0.99802626,tail_fuzzy_name,low,0.820513
2002,2000,BLOUNT,MARYVILLE MID SCHOOL,0456,000427,0.00196363,tail_fuzzy_name,low,0.820513
2002,2000,BLOUNT,MARYVILLE MID SCHOOL,0456,000420,8.64e-06,tail_fuzzy_name,low,0.820513
2002,2000,BLOUNT,MARYVILLE MID SCHOOL,0456,000432,1.47e-06,tail_fuzzy_name,low,0.820513
2002,2000,BLOUNT,MARYVILLE MUNI CITY,0460,000414,0.94249561,tail_fuzzy_name,low,0.848485
2002,2000,BLOUNT,MARYVILLE MUNI CITY,0460,000412,0.05438603,tail_fuzzy_name,low,0.848485
2002,2000,BLOUNT,MARYVILLE MUNI CITY,0460,000417,0.00260755,tail_fuzzy_name,low,0.848485
2002,2000,BLOUNT,MARYVILLE MUNI CITY,0460,000411,0.00040907,tail_fuzzy_name,low,0.848485
2002,2000,BLOUNT,MARYVILLE MUNI CITY,0460,000420,8.551e-05,tail_fuzzy_name,low,0.848485
2002,2000,BLOUNT,MARYVILLE MUNI CITY,0460,000432,1.623e-05,tail_fuzzy_name,low,0.848485
2002,2000,BLOUNT,MARYVILLE MUNI CITY,0460,000408,0.0,tail_fuzzy_name,low,0.848485
2002,2000,BLOUNT,MENTOR,0464,000409,0.77434414,exact_name,high,1.0
2002,2000,BLOUNT,MENTOR,0464,000423,0.21618081,exact_name,high,1.0
2002,2000,BLOUNT,MENTOR,0464,000410,0.00527934,exact_name,high,1.0
2002,2000,BLOUNT,MENTOR,0464,000408,0.00321097,exact_name,high,1.0
2002,2000,BLOUNT,MENTOR,0464,000407,0.00098474,exact_name,high,1.0
2002,2000,BLOUNT,MIDDLESETTLEMENTS,0468,000421,0.99696836,exact_name,high,1.0
2002,2000,BLOUNT,MIDDLESETTLEMENTS,0468,000436,0.00126303,exact_name,high,1.0
2002,2000,BLOUNT,MIDDLESETTLEMENTS,0468,000416,0.00125438,exact_name,high,1.0
2002,2000,BLOUNT,MIDDLESETTLEMENTS,0468,000423,0.00050471,exact_name,high,1.0
2002,2000,BLOUNT,MIDDLESETTLEMENTS,0468,000412,9.52e-06,exact_name,high,1.0
2002,2000,BLOUNT,MIDDLESETTLEMENTS,0468,000407,0.0,exact_name,high,1.0
2002,2000,BLOUNT,MISER STATION,0476,000407,0.88459227,exact_name,high,1.0
2002,2000,BLOUNT,MISER STATION,0476,000409,0.11172171,exact_name,high,1.0
2002,2000,BLOUNT,MISER STATION,0476,000408,0.00304321,exact_name,high,1.0
2002,2000,BLOUNT,MISER STATION,0476,000423,0.00062671,exact_name,high,1.0
2002,2000,BLOUNT,MISER STATION,0476,000412,1.58e-05,exact_name,high,1.0
2002,2000,BLOUNT,MISER STATION,0476,000421,3e-07,exact_name,high,1.0
2002,2000,BLOUNT,MONTVALE,0472,000427,0.99398587,exact_name,high,1.0
2002,2000,BLOUNT,MONTVALE,0472,000433,0.00235517,exact_name,high,1.0
2002,2000,BLOUNT,MONTVALE,0472,000432,0.00186161,exact_name,high,1.0
2002,2000,BLOUNT,MONTVALE,0472,000420,0.00142179,exact_name,high,1.0
2002,2000,BLOUNT,MONTVALE,0472,000404,0.00037553,exact_name,high,1.0
2002,2000,BLOUNT,MONTVALE,0472,000425,3e-08,exact_name,high,1.0
2002,2000,BLOUNT,MONTVALE,0472,000434,0.0,exact_name,high,1.0
2002,2000,BLOUNT,MONTVALE,0472,000426,0.0,exact_name,high,1.0
2002,2000,BLOUNT,MONTVALE,0472,000403,0.0,exact_name,high,1.0
2002,2000,BLOUNT,OAK VIEW,0480,000402,0.99667482,exact_name,high,1.0
2002,2000,BLOUNT,OAK VIEW,0480,000426,0.0033142,exact_name,high,1.0
2002,2000,BLOUNT,OAK VIEW,0480,000429,1.097e-05,exact_name,high,1.0
2002,2000,BLOUNT,OAK VIEW,0480,000405,0.0,exact_name,high,1.0
2002,2000,BLOUNT,OAK VIEW,0480,000424,0.0,exact_name,high,1.0
2002,2000,BLOUNT,PELLISSIPPI,0021,0021,1.0,prefix_name,high,0.995
2002,2000,BLOUNT,PORTER,0488,000429,0.99976469,exact_name,high,1.0
2002,2000,BLOUNT,PORTER,0488,000406,0.00022977,exact_name,high,1.0
2002,2000,BLOUNT,PORTER,0488,000405,3.26e-06,exact_name,high,1.0
2002,2000,BLOUNT,PORTER,0488,000402,2.27e-06,exact_name,high,1.0
2002,2000,BLOUNT,PORTER,0488,000431,1e-08,exact_name,high,1.0
2002,2000,BLOUNT,PORTER,0488,000424,0.0,exact_name,high,1.0
2002,2000,BLOUNT,ROCKFORD,0492,000406,0.9949177,exact_name,high,1.0
2002,2000,BLOUNT,ROCKFORD,0492,000408,0.00507989,exact_name,high,1.0
2002,2000,BLOUNT,ROCKFORD,0492,000410,1.26e-06,exact_name,high,1.0
2002,2000,BLOUNT,ROCKFORD,0492,000429,1.15e-06,exact_name,high,1.0
2002,2000,BLOUNT,ROCKFORD CITY,0496,000406,0.99922652,exact_name,high,1.0
2002,2000,BLOUNT,ROCKFORD CITY,0496,000429,0.00077348,exact_name,high,1.0
2002,2000,BLOUNT,ROCKFORD CITY,0496,000431,0.0,exact_name,high,1.0
2002,2000,BLOUNT,SHOOKS GAP,0500,000405,0.99999946,exact_name,high,1.0
2002,2000,BLOUNT,SHOOKS GAP,0500,000402,5e-07,exact_name,high,1.0
2002,2000,BLOUNT,SHOOKS GAP,0500,000429,4e-08,exact_name,high,1.0
2002,2000,BLOUNT,TOWNSEND,0504,000401,0.99994565,exact_name,high,1.0
2002,2000,BLOUNT,TOWNSEND,0504,000426,4.589e-05,exact_name,high,1.0
2002,2000,BLOUNT,TOWNSEND,0504,000418,8.45e-06,exact_name,high,1.0
2002,2000,BLOUNT,TOWNSEND,0504,000435,0.0,exact_name,high,1.0
2002,2000,BLOUNT,TOWNSEND CITY,0505,000401,1.0,exact_name,high,1.0
2002,2000,BLOUNT,WALLAND,0516,000426,0.73913991,exact_name,high,1.0
2002,2000,BLOUNT,WALLAND,0516,000401,0.26085971,exact_name,high,1.0
2002,2000,BLOUNT,WALLAND,0516,000402,3.6e-07,exact_name,high,1.0
2002,2000,BLOUNT,WALLAND,0516,000435,2e-08,exact_name,high,1.0
2002,2000,BLOUNT,WALLAND,0516,000427,0.0,exact_name,high,1.0
2002,2000,BLOUNT,WALLAND,0516,000425,0.0,exact_name,high,1.0
2002,2000,BLOUNT,WILLIAM BLOUNT CITY,0520,000436,0.50642278,simple_exact_name,medium,0.99
2002,2000,BLOUNT,WILLIAM BLOUNT CITY,0520,000417,0.42949891,simple_exact_name,medium,0.99
2002,2000,BLOUNT,WILLIAM BLOUNT CITY,0520,000414,0.06115708,simple_exact_name,medium,0.99
2002,2000,BLOUNT,WILLIAM BLOUNT CITY,0520,000416,0.0029086,simple_exact_name,medium,0.99
2002,2000,BLOUNT,WILLIAM BLOUNT CITY,0520,000419,8.56e-06,simple_exact_name,medium,0.99
2002,2000,BLOUNT,WILLIAM BLOUNT CITY,0520,000415,3.6e-06,simple_exact_name,medium,0.99
2002,2000,BLOUNT,WILLIAM BLOUNT CITY,0520,000421,4.5e-07,simple_exact_name,medium,0.99
2002,2000,BLOUNT,WILLIAM BLOUNT CITY,0520,000420,2e-08,simple_exact_name,medium,0.99
2002,2000,BLOUNT,WILLIAM BLOUNT CITY,0520,000412,0.0,simple_exact_name,medium,0.99
2002,2000,BLOUNT,WILLIAM BLOUNT CNTY,0520,000436,0.50642278,tail_fuzzy_name,low,0.848485
2002,2000,BLOUNT,WILLIAM BLOUNT CNTY,0520,000417,0.42949891,tail_fuzzy_name,low,0.848485
2002,2000,BLOUNT,WILLIAM BLOUNT CNTY,0520,000414,0.06115708,tail_fuzzy_name,low,0.848485
2002,2000,BLOUNT,WILLIAM BLOUNT CNTY,0520,000416,0.0029086,tail_fuzzy_name,low,0.848485
2002,2000,BLOUNT,WILLIAM BLOUNT CNTY,0520,000419,8.56e-06,tail_fuzzy_name,low,0.848485
2002,2000,BLOUNT,WILLIAM BLOUNT CNTY,0520,000415,3.6e-06,tail_fuzzy_name,low,0.848485
2002,2000,BLOUNT,WILLIAM BLOUNT CNTY,0520,000421,4.5e-07,tail_fuzzy_name,low,0.848485
2002,2000,BLOUNT,WILLIAM BLOUNT CNTY,0520,000420,2e-08,tail_fuzzy_name,low,0.848485
2002,2000,BLOUNT,WILLIAM BLOUNT CNTY,0520,000412,0.0,tail_fuzzy_name,low,0.848485
2002,2000,BLOUNT,WILLIAM BLOUNT MID,0520,000436,0.50642278,tail_fuzzy_name,low,0.8
2002,2000,BLOUNT,WILLIAM BLOUNT MID,0520,000417,0.42949891,tail_fuzzy_name,low,0.8
2002,2000,BLOUNT,WILLIAM BLOUNT MID,0520,000414,0.06115708,tail_fuzzy_name,low,0.8
2002,2000,BLOUNT,WILLIAM BLOUNT MID,0520,000416,0.0029086,tail_fuzzy_name,low,0.8
2002,2000,BLOUNT,WILLIAM BLOUNT MID,0520,000419,8.56e-06,tail_fuzzy_name,low,0.8
2002,2000,BLOUNT,WILLIAM BLOUNT MID,0520,000415,3.6e-06,tail_fuzzy_name,low,0.8
2002,2000,BLOUNT,WILLIAM BLOUNT MID,0520,000421,4.5e-07,tail_fuzzy_name,low,0.8
2002,2000,BLOUNT,WILLIAM BLOUNT MID,0520,000420,2e-08,tail_fuzzy_name,low,0.8
2002,2000,BLOUNT,WILLIAM BLOUNT MID,0520,000412,0.0,tail_fuzzy_name,low,0.8
2002,2000,BRADLEY,101 1 MCDONALD,0001,0001,1.0,exact_name,high,1.0
2002,2000,BRADLEY,102 1 PROSPECT,0002,0002,1.0,tail_exact_name,medium,0.985
2002,2000,BRADLEY,103 1 HOPEWELL,0532,000517,0.92515752,tail_exact_name,medium,0.985
2002,2000,BRADLEY,103 1 HOPEWELL,0532,000516,0.07466112,tail_exact_name,medium,0.985
2002,2000,BRADLEY,103 1 HOPEWELL,0532,000504,0.00018134,tail_exact_name,medium,0.985
2002,2000,BRADLEY,103 1 HOPEWELL,0532,000502,1e-08,tail_exact_name,medium,0.985
2002,2000,BRADLEY,103 1 HOPEWELL,0532,000505,1e-08,tail_exact_name,medium,0.985
2002,2000,BRADLEY,201 1 E L ROSS,0004,0004,1.0,exact_name,high,1.0
2002,2000,BRADLEY,202 1 CHARLESTON,0548,000505,1.0,tail_fuzzy_name,low,0.947368
2002,2000,BRADLEY,301 1 MAYFIELD,0556,000509,0.78733717,tail_exact_name,medium,0.985
2002,2000,BRADLEY,301 1 MAYFIELD,0556,000508,0.21238276,tail_exact_name,medium,0.985
2002,2000,BRADLEY,301 1 MAYFIELD,0556,000510,0.0002794,tail_exact_name,medium,0.985
2002,2000,BRADLEY,301 1 MAYFIELD,0556,000512,5.8e-07,tail_exact_name,medium,0.985
2002,2000,BRADLEY,301 1 MAYFIELD,0556,000506,9e-08,tail_exact_name,medium,0.985
2002,2000,BRADLEY,301 1 MAYFIELD,0556,000502,0.0,tail_exact_name,medium,0.985
2002,2000,BRADLEY,302 1 SENIOR CENTER,0564,000506,0.95358285,tail_exact_name,medium,0.985
2002,2000,BRADLEY,302 1 SENIOR CENTER,0564,000508,0.04497322,tail_exact_name,medium,0.985
2002,2000,BRADLEY,302 1 SENIOR CENTER,0564,000504,0.00144393,tail_exact_name,medium,0.985
2002,2000,BRADLEY,302 1 SENIOR CENTER,0564,000509,0.0,tail_exact_name,medium,0.985
2002,2000,BRADLEY,302 1 SENIOR CENTER,0564,000507,0.0,tail_exact_name,medium,0.985
2002,2000,BRADLEY,402 1 OAK GROVE,0572,000512,0.75937158,tail_exact_name,medium,0.985
2002,2000,BRADLEY,402 1 OAK GROVE,0572,000508,0.17229764,tail_exact_name,medium,0.985
2002,2000,BRADLEY,402 1 OAK GROVE,0572,000514,0.06684682,tail_exact_name,medium,0.985
2002,2000,BRADLEY,402 1 OAK GROVE,0572,000510,0.00141967,tail_exact_name,medium,0.985
2002,2000,BRADLEY,402 1 OAK GROVE,0572,000513,6.428e-05,tail_exact_name,medium,0.985
2002,2000,BRADLEY,402 1 OAK GROVE,0572,000511,1e-08,tail_exact_name,medium,0.985
2002,2000,BRADLEY,402 1 OAK GROVE,0572,000506,0.0,tail_exact_name,medium,0.985
2002,2000,BRADLEY,403 1 MICHIGAN AVE,0009,0009,1.0,tail_exact_name,medium,0.985
2002,2000,BRADLEY,501 1 T C BOWER,0580,000514,0.77056281,tail_exact_name,medium,0.985
2002,2000,BRADLEY,501 1 T C BOWER,0580,000510,0.22791341,tail_exact_name,medium,0.985
2002,2000,BRADLEY,501 1 T C BOWER,0580,000513,0.00152205,tail_exact_name,medium,0.985
2002,2000,BRADLEY,501 1 T C BOWER,0580,000502,1.02e-06,tail_exact_name,medium,0.985
2002,2000,BRADLEY,501 1 T C BOWER,0580,000501,6.2e-07,tail_exact_name,medium,0.985
2002,2000,BRADLEY,501 1 T C BOWER,0580,000509,1.1e-07,tail_exact_name,medium,0.985
2002,2000,BRADLEY,501 1 T C BOWER,0580,000515,0.0,tail_exact_name,medium,0.985
2002,2000,BRADLEY,501 1 T C BOWER,0580,000503,0.0,tail_exact_name,medium,0.985
2002,2000,BRADLEY,502 1 COMMUNITY SV,0006,0006,1.0,forced_best_name,low,0.444444
2002,2000,BRADLEY,601 1 VALLEY VIEW,0012,0012,1.0,exact_name,high,1.0
2002,2000,BRADLEY,602 1 BLUE SPRINGS,0013,0013,1.0,tail_exact_name,medium,0.985
2002,2000,BRADLEY,603 1 WATERVILLE,0600,000513,0.99551179,tail_exact_name,medium,0.985
2002,2000,BRADLEY,603 1 WATERVILLE,0600,000514,0.00448741,tail_exact_name,medium,0.985
2002,2000,BRADLEY,603 1 WATERVILLE,0600,000512,5.4e-07,tail_exact_name,medium,0.985
2002,2000,BRADLEY,603 1 WATERVILLE,0600,000515,1.8e-07,tail_exact_name,medium,0.985
2002,2000,BRADLEY,603 1 WATERVILLE,0600,000511,8e-08,tail_exact_name,medium,0.985
2002,2000,BRADLEY,604 1 BLACK FOX,0604,000503,0.99999832,token_vtd,high,1.0
2002,2000,BRADLEY,604 1 BLACK FOX,0604,000501,1.46e-06,token_vtd,high,1.0
2002,2000,BRADLEY,604 1 BLACK FOX,0604,000515,2.2e-07,token_vtd,high,1.0
2002,2000,BRADLEY,604 1 BLACK FOX,0604,000514,1e-08,token_vtd,high,1.0
2002,2000,BRADLEY,702 1 STUART,0616,000502,0.84685101,tail_exact_name,medium,0.985
2002,2000,BRADLEY,702 1 STUART,0616,000501,0.10130273,tail_exact_name,medium,0.985
2002,2000,BRADLEY,702 1 STUART,0616,000507,0.0464118,tail_exact_name,medium,0.985
2002,2000,BRADLEY,702 1 STUART,0616,000504,0.0044305,tail_exact_name,medium,0.985
2002,2000,BRADLEY,702 1 STUART,0616,000516,0.00089318,tail_exact_name,medium,0.985
2002,2000,BRADLEY,702 1 STUART,0616,000514,0.00011079,tail_exact_name,medium,0.985
2002,2000,BRADLEY,702 1 STUART,0616,000510,0.0,tail_exact_name,medium,0.985
2002,2000,BRADLEY,703 1 CLEVELAND HIGH,0618,000507,0.99964502,tail_exact_name,medium,0.985
2002,2000,BRADLEY,703 1 CLEVELAND HIGH,0618,000502,0.00035116,tail_exact_name,medium,0.985
2002,2000,BRADLEY,703 1 CLEVELAND HIGH,0618,000506,3.81e-06,tail_exact_name,medium,0.985
2002,2000,CAMPBELL,CARYVILLE,0644,000602,0.99663563,exact_name,high,1.0
2002,2000,CAMPBELL,CARYVILLE,0644,000605,0.00157141,exact_name,high,1.0
2002,2000,CAMPBELL,CARYVILLE,0644,000613,0.00103093,exact_name,high,1.0
2002,2000,CAMPBELL,CARYVILLE,0644,000611,0.00044224,exact_name,high,1.0
2002,2000,CAMPBELL,CARYVILLE,0644,000618,0.00023343,exact_name,high,1.0
2002,2000,CAMPBELL,CARYVILLE,0644,000609,8.613e-05,exact_name,high,1.0
2002,2000,CAMPBELL,CARYVILLE,0644,000614,2.4e-07,exact_name,high,1.0
2002,2000,CAMPBELL,CLINCHMORE,0648,000614,0.9997159,exact_name,high,1.0
2002,2000,CAMPBELL,CLINCHMORE,0648,000602,0.0002841,exact_name,high,1.0
2002,2000,CAMPBELL,CLINCHMORE,0648,000613,0.0,exact_name,high,1.0
2002,2000,CAMPBELL,COLLEGE HILL,0652,000601,0.99682476,exact_name,high,1.0
2002,2000,CAMPBELL,COLLEGE HILL,0652,000608,0.00289179,exact_name,high,1.0
2002,2000,CAMPBELL,COLLEGE HILL,0652,000603,0.00028124,exact_name,high,1.0
2002,2000,CAMPBELL,COLLEGE HILL,0652,000616,1.11e-06,exact_name,high,1.0
2002,2000,CAMPBELL,COLLEGE HILL,0652,000615,1.1e-06,exact_name,high,1.0
2002,2000,CAMPBELL,COLLEGE HILL,0652,000610,0.0,exact_name,high,1.0
2002,2000,CAMPBELL,COOLIDGE,0656,000607,0.80219837,exact_name,high,1.0
2002,2000,CAMPBELL,COOLIDGE,0656,000616,0.1976969,exact_name,high,1.0
2002,2000,CAMPBELL,COOLIDGE,0656,000604,0.00010461,exact_name,high,1.0
2002,2000,CAMPBELL,COOLIDGE,0656,000608,7e-08,exact_name,high,1.0
2002,2000,CAMPBELL,COOLIDGE,0656,000615,5e-08,exact_name,high,1.0
2002,2000,CAMPBELL,DAVIS CHAPEL,0660,000607,0.9956173,exact_name,high,1.0
2002,2000,CAMPBELL,DAVIS CHAPEL,0660,000604,0.0043827,exact_name,high,1.0
2002,2000,CAMPBELL,DAVIS CHAPEL,0660,000618,0.0,exact_name,high,1.0
2002,2000,CAMPBELL,DEMORY,0668,000615,0.88516208,exact_name,high,1.0
2002,2000,CAMPBELL,DEMORY,0668,000616,0.11483782,exact_name,high,1.0
2002,2000,CAMPBELL,DEMORY,0668,000607,5e-08,exact_name,high,1.0
2002,2000,CAMPBELL,DEMORY,0668,000611,4e-08,exact_name,high,1.0
2002,2000,CAMPBELL,DEMORY,0668,000608,1e-08,exact_name,high,1.0
2002,2000,CAMPBELL,DEMORY,0668,000610,1e-08,exact_name,high,1.0
2002,2000,CAMPBELL,DEMORY,0668,000601,0.0,exact_name,high,1.0
2002,2000,CAMPBELL,DEMORY,0668,000612,0.0,exact_name,high,1.0
2002,2000,CAMPBELL,EAST LAFOLLETTE,0672,000608,0.98596815,exact_name,high,1.0
2002,2000,CAMPBELL,EAST LAFOLLETTE,0672,000607,0.0096943,exact_name,high,1.0
2002,2000,CAMPBELL,EAST LAFOLLETTE,0672,000616,0.00235051,exact_name,high,1.0
2002,2000,CAMPBELL,EAST LAFOLLETTE,0672,000601,0.00198659,exact_name,high,1.0
2002,2000,CAMPBELL,EAST LAFOLLETTE,0672,000603,4.5e-07,exact_name,high,1.0
2002,2000,CAMPBELL,ELK VALLEY,0678,000605,0.99853933,exact_name,high,1.0
2002,2000,CAMPBELL,ELK VALLEY,0678,000620,0.00146067,exact_name,high,1.0
2002,2000,CAMPBELL,ELK VALLEY,0678,000618,0.0,exact_name,high,1.0
2002,2000,CAMPBELL,FIREHALL,0680,000610,0.99947934,exact_name,high,1.0
2002,2000,CAMPBELL,FIREHALL,0680,000609,0.00048572,exact_name,high,1.0
2002,2000,CAMPBELL,FIREHALL,0680,000603,3.17e-05,exact_name,high,1.0
2002,2000,CAMPBELL,FIREHALL,0680,000602,2.95e-06,exact_name,high,1.0
2002,2000,CAMPBELL,FIREHALL,0680,000615,2.9e-07,exact_name,high,1.0
2002,2000,CAMPBELL,FIREHALL,0680,000611,0.0,exact_name,high,1.0
2002,2000,CAMPBELL,FIREHALL,0680,000601,0.0,exact_name,high,1.0
2002,2000,CAMPBELL,HABERSHAM,0684,000618,0.99983311,exact_name,high,1.0
2002,2000,CAMPBELL,HABERSHAM,0684,000619,0.00012052,exact_name,high,1.0
2002,2000,CAMPBELL,HABERSHAM,0684,000603,4.638e-05,exact_name,high,1.0
2002,2000,CAMPBELL,HABERSHAM,0684,000604,0.0,exact_name,high,1.0
2002,2000,CAMPBELL,HABERSHAM,0684,000617,0.0,exact_name,high,1.0
2002,2000,CAMPBELL,JACKSBORO,0688,000609,0.81225033,exact_name,high,1.0
2002,2000,CAMPBELL,JACKSBORO,0688,000611,0.157913,exact_name,high,1.0
2002,2000,CAMPBELL,JACKSBORO,0688,000610,0.02469476,exact_name,high,1.0
2002,2000,CAMPBELL,JACKSBORO,0688,000602,0.00514191,exact_name,high,1.0
2002,2000,CAMPBELL,JACKSBORO STATION,0692,000611,0.97435416,exact_name,high,1.0
2002,2000,CAMPBELL,JACKSBORO STATION,0692,000610,0.02552466,exact_name,high,1.0
2002,2000,CAMPBELL,JACKSBORO STATION,0692,000609,0.00010985,exact_name,high,1.0
2002,2000,CAMPBELL,JACKSBORO STATION,0692,000612,1.125e-05,exact_name,high,1.0
2002,2000,CAMPBELL,JACKSBORO STATION,0692,000602,8e-08,exact_name,high,1.0
2002,2000,CAMPBELL,JACKSBORO STATION,0692,000615,0.0,exact_name,high,1.0
2002,2000,CAMPBELL,JACKSBORO STATION,0692,000613,0.0,exact_name,high,1.0
2002,2000,CAMPBELL,JELLICO,0696,000621,0.99347269,exact_name,high,1.0
2002,2000,CAMPBELL,JELLICO,0696,000619,0.00621735,exact_name,high,1.0
2002,2000,CAMPBELL,JELLICO,0696,000620,0.00030917,exact_name,high,1.0
2002,2000,CAMPBELL,JELLICO,0696,000618,7.9e-07,exact_name,high,1.0
2002,2000,CAMPBELL,JR HIGH,0700,000607,0.63648217,exact_name,high,1.0
2002,2000,CAMPBELL,JR HIGH,0700,000618,0.35701295,exact_name,high,1.0
2002,2000,CAMPBELL,JR HIGH,0700,000608,0.0065046,exact_name,high,1.0
2002,2000,CAMPBELL,JR HIGH,0700,000603,2.8e-07,exact_name,high,1.0
2002,2000,CAMPBELL,JR HIGH,0700,000616,0.0,exact_name,high,1.0
2002,2000,CAMPBELL,NEWCOMB,0704,000620,0.99857184,exact_name,high,1.0
2002,2000,CAMPBELL,NEWCOMB,0704,000605,0.00100774,exact_name,high,1.0
2002,2000,CAMPBELL,NEWCOMB,0704,000621,0.00042042,exact_name,high,1.0
2002,2000,CAMPBELL,PINECREST,0708,000612,0.99880228,exact_name,high,1.0
2002,2000,CAMPBELL,PINECREST,0708,000611,0.00119772,exact_name,high,1.0
2002,2000,CAMPBELL,PINECREST,0708,000613,0.0,exact_name,high,1.0
2002,2000,CAMPBELL,PINECREST,0708,000615,0.0,exact_name,high,1.0
2002,2000,CAMPBELL,RIDGEWOOD,0712,000613,0.99972993,exact_name,high,1.0
2002,2000,CAMPBELL,RIDGEWOOD,0712,000602,0.00026754,exact_name,high,1.0
2002,2000,CAMPBELL,RIDGEWOOD,0712,000614,2.53e-06,exact_name,high,1.0
2002,2000,CAMPBELL,RIDGEWOOD,0712,000612,0.0,exact_name,high,1.0
2002,2000,CAMPBELL,RIDGEWOOD,0712,000611,0.0,exact_name,high,1.0
2002,2000,CAMPBELL,VALLEY VIEW,0720,000604,0.97200101,exact_name,high,1.0
2002,2000,CAMPBELL,VALLEY VIEW,0720,000607,0.02799886,exact_name,high,1.0
2002,2000,CAMPBELL,VALLEY VIEW,0720,000617,1e-07,exact_name,high,1.0
2002,2000,CAMPBELL,VALLEY VIEW,0720,000616,4e-08,exact_name,high,1.0
2002,2000,CAMPBELL,VALLEY VIEW,0720,000618,0.0,exact_name,high,1.0
2002,2000,CAMPBELL,WELL SPRINGS,0724,000617,0.99704414,exact_name,high,1.0
2002,2000,CAMPBELL,WELL SPRINGS,0724,000604,0.00295586,exact_name,high,1.0
2002,2000,CAMPBELL,WELL SPRINGS,0724,000618,0.0,exact_name,high,1.0
2002,2000,CAMPBELL,WELL SPRINGS,0724,000616,0.0,exact_name,high,1.0
2002,2000,CAMPBELL,WEST LAFOLLETTE,0728,000603,0.75384765,exact_name,high,1.0
2002,2000,CAMPBELL,WEST LAFOLLETTE,0728,000608,0.13898503,exact_name,high,1.0
2002,2000,CAMPBELL,WEST LAFOLLETTE,0728,000601,0.10636687,exact_name,high,1.0
2002,2000,CAMPBELL,WEST LAFOLLETTE,0728,000618,0.00079849,exact_name,high,1.0
2002,2000,CAMPBELL,WEST LAFOLLETTE,0728,000610,1.96e-06,exact_name,high,1.0
2002,2000,CAMPBELL,WEST LAFOLLETTE,0728,000602,1e-08,exact_name,high,1.0
2002,2000,CAMPBELL,WEST LAFOLLETTE,0728,000607,0.0,exact_name,high,1.0
2002,2000,CAMPBELL,WHITE OAK,0732,000619,0.99995363,exact_name,high,1.0
2002,2000,CAMPBELL,WHITE OAK,0732,000621,4.637e-05,exact_name,high,1.0
2002,2000,CAMPBELL,WHITE OAK,0732,000618,0.0,exact_name,high,1.0
2002,2000,CANNON,11 WESTSIDE,0001,0001,1.0,exact_name,high,1.0
2002,2000,CANNON,21 AUBURNTOWN,0002,0002,1.0,exact_name,high,1.0
2002,2000,CANNON,22 GASSAWAY,0003,0003,1.0,exact_name,high,1.0
2002,2000,CANNON,23 PLEASANT RIDGE,0004,0004,1.0,exact_name,high,1.0
2002,2000,CANNON,24 SHORT MOUNTAIN,0005,0005,1.0,exact_name,high,1.0
2002,2000,CANNON,32 WOODLAND,0006,0006,1.0,exact_name,high,1.0
2002,2000,CANNON,41 EASTSIDE,0007,0007,1.0,exact_name,high,1.0
2002,2000,CANNON,42 SHORT MOUNTAIN,0008,0008,1.0,exact_name,high,1.0
2002,2000,CANNON,51 WOODBURY,0009,0009,1.0,exact_name,high,1.0
2002,2000,CARROLL,01 LAVINIA,0832,000816,0.97044405,exact_name,high,1.0
2002,2000,CARROLL,01 LAVINIA,0832,000804,0.02955595,exact_name,high,1.0
2002,2000,CARROLL,02 TREZEVANT,0860,000801,0.81295329,exact_name,high,1.0
2002,2000,CARROLL,02 TREZEVANT,0860,000807,0.17470916,exact_name,high,1.0
2002,2000,CARROLL,02 TREZEVANT,0860,000810,0.01233181,exact_name,high,1.0
2002,2000,CARROLL,02 TREZEVANT,0860,000817,5.73e-06,exact_name,high,1.0
2002,2000,CARROLL,02 TREZEVANT,0860,000808,0.0,exact_name,high,1.0
2002,2000,CARROLL,03 CHRISTMASVILLE,0864,000801,0.99999989,exact_name,high,1.0
2002,2000,CARROLL,03 CHRISTMASVILLE,0864,000808,1.1e-07,exact_name,high,1.0
2002,2000,CARROLL,04 BETHEL,0868,000809,0.8694313,exact_name,high,1.0
2002,2000,CARROLL,04 BETHEL,0868,000802,0.13056516,exact_name,high,1.0
2002,2000,CARROLL,04 BETHEL,0868,000808,2.69e-06,exact_name,high,1.0
2002,2000,CARROLL,04 BETHEL,0868,000818,8.5e-07,exact_name,high,1.0
2002,2000,CARROLL,04 BETHEL,0868,000805,0.0,exact_name,high,1.0
2002,2000,CARROLL,04 BETHEL,0868,000807,0.0,exact_name,high,1.0
2002,2000,CARROLL,04 MCKENZIE MID SC,0868,000809,0.8694313,code_token_name,high,0.993
2002,2000,CARROLL,04 MCKENZIE MID SC,0868,000802,0.13056516,code_token_name,high,0.993
2002,2000,CARROLL,04 MCKENZIE MID SC,0868,000808,2.69e-06,code_token_name,high,0.993
2002,2000,CARROLL,04 MCKENZIE MID SC,0868,000818,8.5e-07,code_token_name,high,0.993
2002,2000,CARROLL,04 MCKENZIE MID SC,0868,000805,0.0,code_token_name,high,0.993
2002,2000,CARROLL,04 MCKENZIE MID SC,0868,000807,0.0,code_token_name,high,0.993
2002,2000,CARROLL,05 MCLEMORESVILLE,0876,000810,0.99999993,exact_name,high,1.0
2002,2000,CARROLL,05 MCLEMORESVILLE,0876,000807,5e-08,exact_name,high,1.0
2002,2000,CARROLL,05 MCLEMORESVILLE,0876,000812,2e-08,exact_name,high,1.0
2002,2000,CARROLL,05 MCLEMORESVILLE,0876,000801,0.0,exact_name,high,1.0
2002,2000,CARROLL,05 MCLEMORESVILLE,0876,000817,0.0,exact_name,high,1.0
2002,2000,CARROLL,05 MCLEMORESVILLE,0876,000804,0.0,exact_name,high,1.0
2002,2000,CARROLL,06 CEDAR GROVE,0880,000804,0.99999987,exact_name,high,1.0
2002,2000,CARROLL,06 CEDAR GROVE,0880,000812,1.3e-07,exact_name,high,1.0
2002,2000,CARROLL,06 CEDAR GROVE,0880,000816,0.0,exact_name,high,1.0
2002,2000,CARROLL,06 CEDAR GROVE,0880,000810,0.0,exact_name,high,1.0
2002,2000,CARROLL,09 MACEDONIA,0884,000802,0.74602198,exact_name,high,1.0
2002,2000,CARROLL,09 MACEDONIA,0884,000809,0.25397801,exact_name,high,1.0
2002,2000,CARROLL,09 MACEDONIA,0884,000814,1e-08,exact_name,high,1.0
2002,2000,CARROLL,09 MACEDONIA,0884,000805,0.0,exact_name,high,1.0
2002,2000,CARROLL,11 CIVIC CENTER,0788,000805,0.99587542,exact_name,high,1.0
2002,2000,CARROLL,11 CIVIC CENTER,0788,000819,0.00411098,exact_name,high,1.0
2002,2000,CARROLL,11 CIVIC CENTER,0788,000807,1.245e-05,exact_name,high,1.0
2002,2000,CARROLL,11 CIVIC CENTER,0788,000814,1.05e-06,exact_name,high,1.0
2002,2000,CARROLL,11 CIVIC CENTER,0788,000806,6e-08,exact_name,high,1.0
2002,2000,CARROLL,11 CIVIC CENTER,0788,000815,3e-08,exact_name,high,1.0
2002,2000,CARROLL,11 CIVIC CENTER,0788,000809,0.0,exact_name,high,1.0
2002,2000,CARROLL,11 HUNTINGDON CITY,0792,000807,0.99010163,prefix_name,high,0.995
2002,2000,CARROLL,11 HUNTINGDON CITY,0792,000805,0.00989136,prefix_name,high,0.995
2002,2000,CARROLL,11 HUNTINGDON CITY,0792,000810,5.69e-06,prefix_name,high,0.995
2002,2000,CARROLL,11 HUNTINGDON CITY,0792,000812,1.32e-06,prefix_name,high,0.995
2002,2000,CARROLL,11 HUNTINGDON CITY,0792,000809,0.0,prefix_name,high,0.995
2002,2000,CARROLL,13 CLARKSBURG,0800,000812,0.99978202,exact_name,high,1.0
2002,2000,CARROLL,13 CLARKSBURG,0800,000806,0.00021214,exact_name,high,1.0
2002,2000,CARROLL,13 CLARKSBURG,0800,000813,5.38e-06,exact_name,high,1.0
2002,2000,CARROLL,13 CLARKSBURG,0800,000807,4.5e-07,exact_name,high,1.0
2002,2000,CARROLL,13 CLARKSBURG,0800,000804,1e-08,exact_name,high,1.0
2002,2000,CARROLL,13 CLARKSBURG,0800,000810,0.0,exact_name,high,1.0
2002,2000,CARROLL,14 YUMA,0804,000812,0.99999999,exact_name,high,1.0
2002,2000,CARROLL,14 YUMA,0804,000813,1e-08,exact_name,high,1.0
2002,2000,CARROLL,14 YUMA,0804,000819,0.0,exact_name,high,1.0
2002,2000,CARROLL,15 BUENA VISTA,0808,000819,0.99999991,exact_name,high,1.0
2002,2000,CARROLL,15 BUENA VISTA,0808,000815,6e-08,exact_name,high,1.0
2002,2000,CARROLL,15 BUENA VISTA,0808,000805,2e-08,exact_name,high,1.0
2002,2000,CARROLL,15 BUENA VISTA,0808,000813,1e-08,exact_name,high,1.0
2002,2000,CARROLL,15 BUENA VISTA,0808,000803,0.0,exact_name,high,1.0
2002,2000,CARROLL,15 BUENA VISTA,0808,000812,0.0,exact_name,high,1.0
2002,2000,CARROLL,16 BRUCETON,0812,000803,0.99384663,exact_name,high,1.0
2002,2000,CARROLL,16 BRUCETON,0812,000815,0.00615214,exact_name,high,1.0
2002,2000,CARROLL,16 BRUCETON,0812,000811,1.23e-06,exact_name,high,1.0
2002,2000,CARROLL,16 BRUCETON,0812,000819,0.0,exact_name,high,1.0
2002,2000,CARROLL,16 HOLLOW ROCK,0816,000815,0.72085804,exact_name,high,1.0
2002,2000,CARROLL,16 HOLLOW ROCK,0816,000803,0.27913276,exact_name,high,1.0
2002,2000,CARROLL,16 HOLLOW ROCK,0816,000814,9.12e-06,exact_name,high,1.0
2002,2000,CARROLL,16 HOLLOW ROCK,0816,000819,9e-08,exact_name,high,1.0
2002,2000,CARROLL,16 HOLLOW ROCK,0816,000811,0.0,exact_name,high,1.0
2002,2000,CARROLL,16 HOLLOW ROCK,0816,000805,0.0,exact_name,high,1.0
2002,2000,CARROLL,17 VALE,0820,000811,0.9999056,exact_name,high,1.0
2002,2000,CARROLL,17 VALE,0820,000803,9.436e-05,exact_name,high,1.0
2002,2000,CARROLL,17 VALE,0820,000814,4e-08,exact_name,high,1.0
2002,2000,CARROLL,20 WESTVIEW,0836,000804,0.99267542,exact_name,high,1.0
2002,2000,CARROLL,20 WESTVIEW,0836,000816,0.00732432,exact_name,high,1.0
2002,2000,CARROLL,20 WESTVIEW,0836,000810,1.5e-07,exact_name,high,1.0
2002,2000,CARROLL,20 WESTVIEW,0836,000817,1.1e-07,exact_name,high,1.0
2002,2000,CARROLL,21 ATWOOD,0840,000817,0.9999965,exact_name,high,1.0
2002,2000,CARROLL,21 ATWOOD,0840,000801,3.49e-06,exact_name,high,1.0
2002,2000,CARROLL,21 ATWOOD,0840,000810,1e-08,exact_name,high,1.0
2002,2000,CARROLL,21 ATWOOD,0840,000804,0.0,exact_name,high,1.0
2002,2000,CARROLL,22 SENIOR CITIZENS,0844,000808,0.99999836,exact_name,high,1.0
2002,2000,CARROLL,22 SENIOR CITIZENS,0844,000809,1.59e-06,exact_name,high,1.0
2002,2000,CARROLL,22 SENIOR CITIZENS,0844,000801,2e-08,exact_name,high,1.0
2002,2000,CARROLL,22 SENIOR CITIZENS,0844,000807,2e-08,exact_name,high,1.0
2002,2000,CARROLL,22 SENIOR CITIZENS,0844,000818,0.0,exact_name,high,1.0
2002,2000,CARROLL,23 CANNON,0848,000814,0.85207465,exact_name,high,1.0
2002,2000,CARROLL,23 CANNON,0848,000805,0.14790377,exact_name,high,1.0
2002,2000,CARROLL,23 CANNON,0848,000815,2.155e-05,exact_name,high,1.0
2002,2000,CARROLL,23 CANNON,0848,000802,2e-08,exact_name,high,1.0
2002,2000,CARROLL,23 CANNON,0848,000803,1e-08,exact_name,high,1.0
2002,2000,CARROLL,23 CANNON,0848,000809,0.0,exact_name,high,1.0
2002,2000,CARROLL,23 CANNON,0848,000811,0.0,exact_name,high,1.0
2002,2000,CARROLL,24 CONCORD,0852,000806,0.85506772,exact_name,high,1.0
2002,2000,CARROLL,24 CONCORD,0852,000819,0.14492454,exact_name,high,1.0
2002,2000,CARROLL,24 CONCORD,0852,000812,4.21e-06,exact_name,high,1.0
2002,2000,CARROLL,24 CONCORD,0852,000807,3.54e-06,exact_name,high,1.0
2002,2000,CARROLL,24 CONCORD,0852,000805,0.0,exact_name,high,1.0
2002,2000,CARROLL,24 CONCORD,0852,000813,0.0,exact_name,high,1.0
2002,2000,CARROLL,24 WESTPORT,0856,000813,0.93172801,exact_name,high,1.0
2002,2000,CARROLL,24 WESTPORT,0856,000819,0.06827097,exact_name,high,1.0
2002,2000,CARROLL,24 WESTPORT,0856,000806,9.9e-07,exact_name,high,1.0
2002,2000,CARROLL,24 WESTPORT,0856,000812,3e-08,exact_name,high,1.0
2002,2000,CARTER,CENTRAL,0892,000902,0.99364699,exact_name,high,1.0
2002,2000,CARTER,CENTRAL,0892,000901,0.00518924,exact_name,high,1.0
2002,2000,CARTER,CENTRAL,0892,000920,0.00116374,exact_name,high,1.0
2002,2000,CARTER,CENTRAL,0892,000904,3e-08,exact_name,high,1.0
2002,2000,CARTER,COURT HOUSE,0896,000906,0.9829425,exact_name,high,1.0
2002,2000,CARTER,COURT HOUSE,0896,000912,0.01652994,exact_name,high,1.0
2002,2000,CARTER,COURT HOUSE,0896,000909,0.00052469,exact_name,high,1.0
2002,2000,CARTER,COURT HOUSE,0896,000922,2.46e-06,exact_name,high,1.0
2002,2000,CARTER,COURT HOUSE,0896,000910,2.7e-07,exact_name,high,1.0
2002,2000,CARTER,COURT HOUSE,0896,000908,1.4e-07,exact_name,high,1.0
2002,2000,CARTER,COURT HOUSE,0896,000905,0.0,exact_name,high,1.0
2002,2000,CARTER,COURT HOUSE,0896,000907,0.0,exact_name,high,1.0
2002,2000,CARTER,EASTSIDE,0900,000910,0.99696119,exact_name,high,1.0
2002,2000,CARTER,EASTSIDE,0900,000911,0.00303491,exact_name,high,1.0
2002,2000,CARTER,EASTSIDE,0900,000912,3.63e-06,exact_name,high,1.0
2002,2000,CARTER,EASTSIDE,0900,000909,2.6e-07,exact_name,high,1.0
2002,2000,CARTER,EASTSIDE,0900,000906,0.0,exact_name,high,1.0
2002,2000,CARTER,ELK MILLS,0904,000914,0.99999754,exact_name,high,1.0
2002,2000,CARTER,ELK MILLS,0904,000913,2.43e-06,exact_name,high,1.0
2002,2000,CARTER,ELK MILLS,0904,000916,2e-08,exact_name,high,1.0
2002,2000,CARTER,ELK MILLS,0904,000915,0.0,exact_name,high,1.0
2002,2000,CARTER,GAP CREEK,0908,000917,0.99409666,exact_name,high,1.0
2002,2000,CARTER,GAP CREEK,0908,000911,0.00580555,exact_name,high,1.0
2002,2000,CARTER,GAP CREEK,0908,000904,6.084e-05,exact_name,high,1.0
2002,2000,CARTER,GAP CREEK,0908,000901,3.696e-05,exact_name,high,1.0
2002,2000,CARTER,GAP CREEK,0908,000918,0.0,exact_name,high,1.0
2002,2000,CARTER,HAMPTON,0912,000916,0.99999996,exact_name,high,1.0
2002,2000,CARTER,HAMPTON,0912,000918,2e-08,exact_name,high,1.0
2002,2000,CARTER,HAMPTON,0912,000915,1e-08,exact_name,high,1.0
2002,2000,CARTER,HAMPTON,0912,000914,1e-08,exact_name,high,1.0
2002,2000,CARTER,HAMPTON,0912,000913,0.0,exact_name,high,1.0
2002,2000,CARTER,HAMPTON,0912,000909,0.0,exact_name,high,1.0
2002,2000,CARTER,HAMPTON,0912,000908,0.0,exact_name,high,1.0
2002,2000,CARTER,HAMPTON,0912,000911,0.0,exact_name,high,1.0
2002,2000,CARTER,HAPPY VALLEY,0916,000901,0.99973479,exact_name,high,1.0
2002,2000,CARTER,HAPPY VALLEY,0916,000902,0.00022138,exact_name,high,1.0
2002,2000,CARTER,HAPPY VALLEY,0916,000917,4.384e-05,exact_name,high,1.0
2002,2000,CARTER,HAPPY VALLEY,0916,000904,0.0,exact_name,high,1.0
2002,2000,CARTER,HAROLD MCCORMICK,0920,000912,0.95040138,exact_name,high,1.0
2002,2000,CARTER,HAROLD MCCORMICK,0920,000911,0.04438086,exact_name,high,1.0
2002,2000,CARTER,HAROLD MCCORMICK,0920,000910,0.00521636,exact_name,high,1.0
2002,2000,CARTER,HAROLD MCCORMICK,0920,000905,1.4e-06,exact_name,high,1.0
2002,2000,CARTER,HIGH SCHOOL,0924,000905,0.93696224,exact_name,high,1.0
2002,2000,CARTER,HIGH SCHOOL,0924,000911,0.06302417,exact_name,high,1.0
2002,2000,CARTER,HIGH SCHOOL,0924,000904,1.326e-05,exact_name,high,1.0
2002,2000,CARTER,HIGH SCHOOL,0924,000912,3.3e-07,exact_name,high,1.0
2002,2000,CARTER,HUNTER,0928,000908,0.94771167,exact_name,high,1.0
2002,2000,CARTER,HUNTER,0928,000922,0.05189818,exact_name,high,1.0
2002,2000,CARTER,HUNTER,0928,000906,0.00039012,exact_name,high,1.0
2002,2000,CARTER,HUNTER,0928,000919,3e-08,exact_name,high,1.0
2002,2000,CARTER,HUNTER,0928,000909,0.0,exact_name,high,1.0
2002,2000,CARTER,HUNTER,0928,000907,0.0,exact_name,high,1.0
2002,2000,CARTER,HUNTER,0928,000913,0.0,exact_name,high,1.0
2002,2000,CARTER,KEENBURG,0932,000907,0.99751089,exact_name,high,1.0
2002,2000,CARTER,KEENBURG,0932,000906,0.00241443,exact_name,high,1.0
2002,2000,CARTER,KEENBURG,0932,000904,4.378e-05,exact_name,high,1.0
2002,2000,CARTER,KEENBURG,0932,000920,3.029e-05,exact_name,high,1.0
2002,2000,CARTER,KEENBURG,0932,000903,6.2e-07,exact_name,high,1.0
2002,2000,CARTER,KEENBURG,0932,000908,0.0,exact_name,high,1.0
2002,2000,CARTER,LITTLE MILLIGAN,0936,000913,0.99946299,exact_name,high,1.0
2002,2000,CARTER,LITTLE MILLIGAN,0936,000914,0.00053699,exact_name,high,1.0
2002,2000,CARTER,LITTLE MILLIGAN,0936,000916,1e-08,exact_name,high,1.0
2002,2000,CARTER,LITTLE MILLIGAN,0936,000908,0.0,exact_name,high,1.0
2002,2000,CARTER,MIDWAY,0944,000921,0.99999995,exact_name,high,1.0
2002,2000,CARTER,MIDWAY,0944,000919,5e-08,exact_name,high,1.0
2002,2000,CARTER,RANGE,0952,000903,0.57997149,exact_name,high,1.0
2002,2000,CARTER,RANGE,0952,000902,0.40825356,exact_name,high,1.0
2002,2000,CARTER,RANGE,0952,000920,0.01171295,exact_name,high,1.0
2002,2000,CARTER,RANGE,0952,000907,4.947e-05,exact_name,high,1.0
2002,2000,CARTER,RANGE,0952,000904,1.254e-05,exact_name,high,1.0
2002,2000,CARTER,ROAN MOUNTAIN,0956,000915,0.99999998,exact_name,high,1.0
2002,2000,CARTER,ROAN MOUNTAIN,0956,000918,1e-08,exact_name,high,1.0
2002,2000,CARTER,ROAN MOUNTAIN,0956,000916,0.0,exact_name,high,1.0
2002,2000,CARTER,ROAN MOUNTAIN,0956,000914,0.0,exact_name,high,1.0
2002,2000,CARTER,SIAM,0960,000909,0.89102254,exact_name,high,1.0
2002,2000,CARTER,SIAM,0960,000916,0.10895522,exact_name,high,1.0
2002,2000,CARTER,SIAM,0960,000910,2.224e-05,exact_name,high,1.0
2002,2000,CARTER,SIAM,0960,000906,0.0,exact_name,high,1.0
2002,2000,CARTER,SIAM,0960,000908,0.0,exact_name,high,1.0
2002,2000,CARTER,SIAM,0960,000911,0.0,exact_name,high,1.0
2002,2000,CARTER,TIGER VALLEY,0964,000918,0.99835244,exact_name,high,1.0
2002,2000,CARTER,TIGER VALLEY,0964,000916,0.00164733,exact_name,high,1.0
2002,2000,CARTER,TIGER VALLEY,0964,000917,1.7e-07,exact_name,high,1.0
2002,2000,CARTER,TIGER VALLEY,0964,000915,6e-08,exact_name,high,1.0
2002,2000,CARTER,TIGER VALLEY,0964,000911,0.0,exact_name,high,1.0
2002,2000,CARTER,UNAKA,0968,000919,0.99999978,exact_name,high,1.0
2002,2000,CARTER,UNAKA,0968,000908,1.6e-07,exact_name,high,1.0
2002,2000,CARTER,UNAKA,0968,000921,6e-08,exact_name,high,1.0
2002,2000,CARTER,VALLEY FORGE,0972,000911,0.99443951,exact_name,high,1.0
2002,2000,CARTER,VALLEY FORGE,0972,000904,0.00446898,exact_name,high,1.0
2002,2000,CARTER,VALLEY FORGE,0972,000912,0.00106467,exact_name,high,1.0
2002,2000,CARTER,VALLEY FORGE,0972,000917,2.65e-05,exact_name,high,1.0
2002,2000,CARTER,VALLEY FORGE,0972,000918,2e-07,exact_name,high,1.0
2002,2000,CARTER,VALLEY FORGE,0972,000905,1.3e-07,exact_name,high,1.0
2002,2000,CARTER,VALLEY FORGE,0972,000910,2e-08,exact_name,high,1.0
2002,2000,CARTER,WATAUGA,0976,000920,0.99778313,exact_name,high,1.0
2002,2000,CARTER,WATAUGA,0976,000902,0.00126697,exact_name,high,1.0
2002,2000,CARTER,WATAUGA,0976,000903,0.0009499,exact_name,high,1.0
2002,2000,CARTER,WATAUGA,0976,000907,0.0,exact_name,high,1.0
2002,2000,CARTER,WESTSIDE,0980,000904,0.93151519,exact_name,high,1.0
2002,2000,CARTER,WESTSIDE,0980,000905,0.05500466,exact_name,high,1.0
2002,2000,CARTER,WESTSIDE,0980,000911,0.00584728,exact_name,high,1.0
2002,2000,CARTER,WESTSIDE,0980,000902,0.00298327,exact_name,high,1.0
2002,2000,CARTER,WESTSIDE,0980,000901,0.00217512,exact_name,high,1.0
2002,2000,CARTER,WESTSIDE,0980,000907,0.00177808,exact_name,high,1.0
2002,2000,CARTER,WESTSIDE,0980,000917,0.00035103,exact_name,high,1.0
2002,2000,CARTER,WESTSIDE,0980,000903,0.00034537,exact_name,high,1.0
2002,2000,CHEATHAM,1 1 ASHLAND CITY,0988,001004,0.89400866,prefix_name,high,0.995
2002,2000,CHEATHAM,1 1 ASHLAND CITY,0988,001001,0.05451528,prefix_name,high,0.995
2002,2000,CHEATHAM,1 1 ASHLAND CITY,0988,001008,0.05147602,prefix_name,high,0.995
2002,2000,CHEATHAM,1 1 ASHLAND CITY,0988,001007,3e-08,prefix_name,high,0.995
2002,2000,CHEATHAM,1 1 ASHLAND CITY,0988,001005,0.0,prefix_name,high,0.995
2002,2000,CHEATHAM,2 1 E CHEATHAM ELE,0992,001008,0.63315546,code_token_name,high,0.993
2002,2000,CHEATHAM,2 1 E CHEATHAM ELE,0992,001001,0.20043056,code_token_name,high,0.993
2002,2000,CHEATHAM,2 1 E CHEATHAM ELE,0992,001004,0.16641393,code_token_name,high,0.993
2002,2000,CHEATHAM,2 1 E CHEATHAM ELE,0992,001002,5e-08,code_token_name,high,0.993
2002,2000,CHEATHAM,2 1 E CHEATHAM ELE,0992,001005,0.0,code_token_name,high,0.993
2002,2000,CHEATHAM,3 1 PLEASANT VIEW,0003,0003,1.0,exact_name,high,1.0
2002,2000,CHEATHAM,4 1 W CHEATHAM ELE,1004,001002,1.0,code_token_name,high,0.993
2002,2000,CHEATHAM,4 2 NEW HOPE CC,1004,001002,1.0,code_token_name,high,0.993
2002,2000,CHEATHAM,4 3 SYCAMORE MIDDLE,1004,001002,1.0,code_token_name,high,0.993
2002,2000,CHEATHAM,5 1 TWO RIVERS FIRE,1012,001005,0.62687529,prefix_name,high,0.995
2002,2000,CHEATHAM,5 1 TWO RIVERS FIRE,1012,001006,0.37311886,prefix_name,high,0.995
2002,2000,CHEATHAM,5 1 TWO RIVERS FIRE,1012,001007,5.81e-06,prefix_name,high,0.995
2002,2000,CHEATHAM,5 1 TWO RIVERS FIRE,1012,001004,4e-08,prefix_name,high,0.995
2002,2000,CHEATHAM,5 2 PEGRAM ELEM,1012,001005,0.62687529,code_token_name,high,0.993
2002,2000,CHEATHAM,5 2 PEGRAM ELEM,1012,001006,0.37311886,code_token_name,high,0.993
2002,2000,CHEATHAM,5 2 PEGRAM ELEM,1012,001007,5.81e-06,code_token_name,high,0.993
2002,2000,CHEATHAM,5 2 PEGRAM ELEM,1012,001004,4e-08,code_token_name,high,0.993
2002,2000,CHEATHAM,6 1 HARPETH HIGH,1020,001006,1.0,code_token_name,high,0.993
2002,2000,CHEATHAM,6 1 HARPETH HIGH,1020,001007,0.0,code_token_name,high,0.993
2002,2000,CHESTER,1 2 ENVILLE,1032,001108,1.0,exact_name,high,1.0
2002,2000,CHESTER,1 2 ENVILLE,1032,001104,0.0,exact_name,high,1.0
2002,2000,CHESTER,1 3 CENTER POINT,1024,001108,1.0,exact_name,high,1.0
2002,2000,CHESTER,1 4 CABO,1036,001108,0.99999998,exact_name,high,1.0
2002,2000,CHESTER,1 4 CABO,1036,001107,2e-08,exact_name,high,1.0
2002,2000,CHESTER,1 4 CABO,1036,001104,0.0,exact_name,high,1.0
2002,2000,CHESTER,1 5 SWEET LIPS,1040,001104,0.99999659,exact_name,high,1.0
2002,2000,CHESTER,1 5 SWEET LIPS,1040,001101,3.27e-06,exact_name,high,1.0
2002,2000,CHESTER,1 5 SWEET LIPS,1040,001109,1.1e-07,exact_name,high,1.0
2002,2000,CHESTER,1 5 SWEET LIPS,1040,001108,2e-08,exact_name,high,1.0
2002,2000,CHESTER,1 5 SWEET LIPS,1040,001105,0.0,exact_name,high,1.0
2002,2000,CHESTER,1 5 SWEET LIPS,1040,001107,0.0,exact_name,high,1.0
2002,2000,CHESTER,1 6 HARMONY,1044,001109,0.61412091,exact_name,high,1.0
2002,2000,CHESTER,1 6 HARMONY,1044,001103,0.38576215,exact_name,high,1.0
2002,2000,CHESTER,1 6 HARMONY,1044,001106,0.00011686,exact_name,high,1.0
2002,2000,CHESTER,1 6 HARMONY,1044,001104,8e-08,exact_name,high,1.0
2002,2000,CHESTER,2 1 JACKS CREEK,1048,001107,0.89595258,exact_name,high,1.0
2002,2000,CHESTER,2 1 JACKS CREEK,1048,001108,0.10404733,exact_name,high,1.0
2002,2000,CHESTER,2 1 JACKS CREEK,1048,001101,9e-08,exact_name,high,1.0
2002,2000,CHESTER,2 1 JACKS CREEK,1048,001104,0.0,exact_name,high,1.0
2002,2000,CHESTER,2 2 GLENDALE,1056,001101,0.63190634,exact_name,high,1.0
2002,2000,CHESTER,2 2 GLENDALE,1056,001105,0.36809304,exact_name,high,1.0
2002,2000,CHESTER,2 2 GLENDALE,1056,001107,4.6e-07,exact_name,high,1.0
2002,2000,CHESTER,2 2 GLENDALE,1056,001104,1.6e-07,exact_name,high,1.0
2002,2000,CHESTER,2 3 FRIENDSHIP,1060,001101,0.63983516,exact_name,high,1.0
2002,2000,CHESTER,2 3 FRIENDSHIP,1060,001105,0.36016484,exact_name,high,1.0
2002,2000,CHESTER,2 4 MIFFLIN,1052,001101,1.0,exact_name,high,1.0
2002,2000,CHESTER,2 4 MIFFLIN,1052,001107,0.0,exact_name,high,1.0
2002,2000,CHESTER,3 2 MONTEZUMA,1080,001103,0.99351703,exact_name,high,1.0
2002,2000,CHESTER,3 2 MONTEZUMA,1080,001102,0.00648297,exact_name,high,1.0
2002,2000,CHESTER,3 2 MONTEZUMA,1080,001111,1e-08,exact_name,high,1.0
2002,2000,CHESTER,3 2 MONTEZUMA,1080,001110,0.0,exact_name,high,1.0
2002,2000,CHESTER,3 4 MASSEYVILLE,1068,001111,0.99930332,exact_name,high,1.0
2002,2000,CHESTER,3 4 MASSEYVILLE,1068,001103,0.00069668,exact_name,high,1.0
2002,2000,CHESTER,3 5 WOODVILLE,1064,001111,1.0,exact_name,high,1.0
2002,2000,CHESTER,3 5 WOODVILLE,1064,001103,0.0,exact_name,high,1.0
2002,2000,CHESTER,3 6 DEANBURG,1076,001110,0.72349121,exact_name,high,1.0
2002,2000,CHESTER,3 6 DEANBURG,1076,001102,0.27650878,exact_name,high,1.0
2002,2000,CHESTER,3 6 DEANBURG,1076,001103,1e-08,exact_name,high,1.0
2002,2000,CHESTER,4 WEST CHESTER SCH,1084,001102,0.76097988,code_token_name,high,0.993
2002,2000,CHESTER,4 WEST CHESTER SCH,1084,001106,0.06844617,code_token_name,high,0.993
2002,2000,CHESTER,4 WEST CHESTER SCH,1084,001103,0.06274102,code_token_name,high,0.993
2002,2000,CHESTER,4 WEST CHESTER SCH,1084,001105,0.04379554,code_token_name,high,0.993
2002,2000,CHESTER,4 WEST CHESTER SCH,1084,001109,0.03779524,code_token_name,high,0.993
2002,2000,CHESTER,4 WEST CHESTER SCH,1084,001104,0.02624215,code_token_name,high,0.993
2002,2000,CHESTER,5 EAST CHESTER SCH,1088,001105,0.71344141,code_token_name,high,0.993
2002,2000,CHESTER,5 EAST CHESTER SCH,1088,001102,0.27916227,code_token_name,high,0.993
2002,2000,CHESTER,5 EAST CHESTER SCH,1088,001106,0.00739631,code_token_name,high,0.993
2002,2000,CHESTER,5 EAST CHESTER SCH,1088,001101,0.0,code_token_name,high,0.993
2002,2000,CHESTER,6 CITY HALL,1092,001106,0.88688908,code_token_name,high,0.993
2002,2000,CHESTER,6 CITY HALL,1092,001105,0.09623995,code_token_name,high,0.993
2002,2000,CHESTER,6 CITY HALL,1092,001102,0.01398443,code_token_name,high,0.993
2002,2000,CHESTER,6 CITY HALL,1092,001109,0.00288654,code_token_name,high,0.993
2002,2000,CLAIBORNE,ARTHUR,1104,001201,0.80879275,exact_name,high,1.0
2002,2000,CLAIBORNE,ARTHUR,1104,001208,0.19117953,exact_name,high,1.0
2002,2000,CLAIBORNE,ARTHUR,1104,001209,2.748e-05,exact_name,high,1.0
2002,2000,CLAIBORNE,ARTHUR,1104,001204,1.9e-07,exact_name,high,1.0
2002,2000,CLAIBORNE,ARTHUR,1104,001213,5e-08,exact_name,high,1.0
2002,2000,CLAIBORNE,ARTHUR,1104,001202,0.0,exact_name,high,1.0
2002,2000,CLAIBORNE,BIG SPRING UNION,1112,001203,0.99983216,exact_name,high,1.0
2002,2000,CLAIBORNE,BIG SPRING UNION,1112,001210,0.0001678,exact_name,high,1.0
2002,2000,CLAIBORNE,BIG SPRING UNION,1112,001204,3e-08,exact_name,high,1.0
2002,2000,CLAIBORNE,BIG SPRING UNION,1112,001212,1e-08,exact_name,high,1.0
2002,2000,CLAIBORNE,CLAIRFIELD,1116,001202,1.0,exact_name,high,1.0
2002,2000,CLAIBORNE,CLAIRFIELD,1116,001217,0.0,exact_name,high,1.0
2002,2000,CLAIBORNE,CLAIRFIELD,1116,001201,0.0,exact_name,high,1.0
2002,2000,CLAIBORNE,CLAIRFIELD,1116,001208,0.0,exact_name,high,1.0
2002,2000,CLAIBORNE,CLAIRFIELD,1116,001209,0.0,exact_name,high,1.0
2002,2000,CLAIBORNE,CLOUDS,1120,001213,0.99945671,exact_name,high,1.0
2002,2000,CLAIBORNE,CLOUDS,1120,001205,0.00023522,exact_name,high,1.0
2002,2000,CLAIBORNE,CLOUDS,1120,001201,0.00016749,exact_name,high,1.0
2002,2000,CLAIBORNE,CLOUDS,1120,001204,0.00011696,exact_name,high,1.0
2002,2000,CLAIBORNE,CLOUDS,1120,001206,2.362e-05,exact_name,high,1.0
2002,2000,CLAIBORNE,CLOUDS,1120,001208,0.0,exact_name,high,1.0
2002,2000,CLAIBORNE,CLOUDS,1120,001210,0.0,exact_name,high,1.0
2002,2000,CLAIBORNE,CLOUDS,1120,001211,0.0,exact_name,high,1.0
2002,2000,CLAIBORNE,CUMBERLAND GAP,1124,001209,0.99962686,exact_name,high,1.0
2002,2000,CLAIBORNE,CUMBERLAND GAP,1124,001204,0.00034961,exact_name,high,1.0
2002,2000,CLAIBORNE,CUMBERLAND GAP,1124,001202,2.35e-05,exact_name,high,1.0
2002,2000,CLAIBORNE,CUMBERLAND GAP,1124,001201,2e-08,exact_name,high,1.0
2002,2000,CLAIBORNE,GIBSON HALL,1128,001212,0.87931549,exact_name,high,1.0
2002,2000,CLAIBORNE,GIBSON HALL,1128,001210,0.11796518,exact_name,high,1.0
2002,2000,CLAIBORNE,GIBSON HALL,1128,001203,0.00198873,exact_name,high,1.0
2002,2000,CLAIBORNE,GIBSON HALL,1128,001215,0.00056353,exact_name,high,1.0
2002,2000,CLAIBORNE,GIBSON HALL,1128,001216,0.00016707,exact_name,high,1.0
2002,2000,CLAIBORNE,GOIN,1132,001205,0.88156767,exact_name,high,1.0
2002,2000,CLAIBORNE,GOIN,1132,001211,0.10120785,exact_name,high,1.0
2002,2000,CLAIBORNE,GOIN,1132,001213,0.01716451,exact_name,high,1.0
2002,2000,CLAIBORNE,GOIN,1132,001206,5.989e-05,exact_name,high,1.0
2002,2000,CLAIBORNE,GOIN,1132,001208,8e-08,exact_name,high,1.0
2002,2000,CLAIBORNE,GOIN,1132,001217,0.0,exact_name,high,1.0
2002,2000,CLAIBORNE,HARROGATE,1136,001204,0.99762831,exact_name,high,1.0
2002,2000,CLAIBORNE,HARROGATE,1136,001209,0.00237161,exact_name,high,1.0
2002,2000,CLAIBORNE,HARROGATE,1136,001201,8e-08,exact_name,high,1.0
2002,2000,CLAIBORNE,HOWARD S QUARTER,1140,001214,0.99893858,exact_name,high,1.0
2002,2000,CLAIBORNE,HOWARD S QUARTER,1140,001215,0.00106068,exact_name,high,1.0
2002,2000,CLAIBORNE,HOWARD S QUARTER,1140,001216,7.4e-07,exact_name,high,1.0
2002,2000,CLAIBORNE,LIBERTY,1144,001216,0.99999988,exact_name,high,1.0
2002,2000,CLAIBORNE,LIBERTY,1144,001212,1.1e-07,exact_name,high,1.0
2002,2000,CLAIBORNE,LIBERTY,1144,001215,1e-08,exact_name,high,1.0
2002,2000,CLAIBORNE,LONE MOUNTAIN,1148,001207,0.9685811,exact_name,high,1.0
2002,2000,CLAIBORNE,LONE MOUNTAIN,1148,001215,0.02994692,exact_name,high,1.0
2002,2000,CLAIBORNE,LONE MOUNTAIN,1148,001210,0.00100737,exact_name,high,1.0
2002,2000,CLAIBORNE,LONE MOUNTAIN,1148,001206,0.00046459,exact_name,high,1.0
2002,2000,CLAIBORNE,LONE MOUNTAIN,1148,001211,2e-08,exact_name,high,1.0
2002,2000,CLAIBORNE,NEW TAZEWELL,1152,001206,0.99815259,exact_name,high,1.0
2002,2000,CLAIBORNE,NEW TAZEWELL,1152,001207,0.00152981,exact_name,high,1.0
2002,2000,CLAIBORNE,NEW TAZEWELL,1152,001213,0.00015186,exact_name,high,1.0
2002,2000,CLAIBORNE,NEW TAZEWELL,1152,001210,0.00010336,exact_name,high,1.0
2002,2000,CLAIBORNE,NEW TAZEWELL,1152,001211,6.238e-05,exact_name,high,1.0
2002,2000,CLAIBORNE,NORTH BACCHUS,1109,001204,0.64769903,exact_name,high,1.0
2002,2000,CLAIBORNE,NORTH BACCHUS,1109,001210,0.35230078,exact_name,high,1.0
2002,2000,CLAIBORNE,NORTH BACCHUS,1109,001203,2e-07,exact_name,high,1.0
2002,2000,CLAIBORNE,NORTH BACCHUS,1109,001201,0.0,exact_name,high,1.0
2002,2000,CLAIBORNE,ROGERS MILL,1156,001217,0.99999989,exact_name,high,1.0
2002,2000,CLAIBORNE,ROGERS MILL,1156,001208,6e-08,exact_name,high,1.0
2002,2000,CLAIBORNE,ROGERS MILL,1156,001205,6e-08,exact_name,high,1.0
2002,2000,CLAIBORNE,ROGERS MILL,1156,001202,0.0,exact_name,high,1.0
2002,2000,CLAIBORNE,SANDLICK,1160,001211,0.99784073,exact_name,high,1.0
2002,2000,CLAIBORNE,SANDLICK,1160,001206,0.00214115,exact_name,high,1.0
2002,2000,CLAIBORNE,SANDLICK,1160,001205,1.709e-05,exact_name,high,1.0
2002,2000,CLAIBORNE,SANDLICK,1160,001207,1.03e-06,exact_name,high,1.0
2002,2000,CLAIBORNE,SHAWANEE,1164,001204,0.99493334,exact_name,high,1.0
2002,2000,CLAIBORNE,SHAWANEE,1164,001203,0.00506662,exact_name,high,1.0
2002,2000,CLAIBORNE,SHAWANEE,1164,001201,4e-08,exact_name,high,1.0
2002,2000,CLAIBORNE,SOUTH BACCHUS,1108,001204,0.59764013,exact_name,high,1.0
2002,2000,CLAIBORNE,SOUTH BACCHUS,1108,001213,0.36164438,exact_name,high,1.0
2002,2000,CLAIBORNE,SOUTH BACCHUS,1108,001210,0.04071546,exact_name,high,1.0
2002,2000,CLAIBORNE,SOUTH BACCHUS,1108,001201,3e-08,exact_name,high,1.0
2002,2000,CLAIBORNE,SPRINGDALE,1168,001215,0.98464238,exact_name,high,1.0
2002,2000,CLAIBORNE,SPRINGDALE,1168,001210,0.01144072,exact_name,high,1.0
2002,2000,CLAIBORNE,SPRINGDALE,1168,001216,0.00351502,exact_name,high,1.0
2002,2000,CLAIBORNE,SPRINGDALE,1168,001214,0.00039428,exact_name,high,1.0
2002,2000,CLAIBORNE,SPRINGDALE,1168,001212,7.59e-06,exact_name,high,1.0
2002,2000,CLAIBORNE,SPRINGDALE,1168,001207,0.0,exact_name,high,1.0
2002,2000,CLAIBORNE,TAZEWELL,1172,001210,0.82293249,exact_name,high,1.0
2002,2000,CLAIBORNE,TAZEWELL,1172,001204,0.10272721,exact_name,high,1.0
2002,2000,CLAIBORNE,TAZEWELL,1172,001215,0.0740994,exact_name,high,1.0
2002,2000,CLAIBORNE,TAZEWELL,1172,001206,0.00024074,exact_name,high,1.0
2002,2000,CLAIBORNE,TAZEWELL,1172,001212,1.6e-07,exact_name,high,1.0
2002,2000,CLAIBORNE,TAZEWELL,1172,001213,1e-08,exact_name,high,1.0
2002,2000,CLAIBORNE,TAZEWELL,1172,001207,0.0,exact_name,high,1.0
2002,2000,CLAIBORNE,VANBEBBER SPRINGS,1176,001208,0.96278806,exact_name,high,1.0
2002,2000,CLAIBORNE,VANBEBBER SPRINGS,1176,001201,0.03658924,exact_name,high,1.0
2002,2000,CLAIBORNE,VANBEBBER SPRINGS,1176,001217,0.00062244,exact_name,high,1.0
2002,2000,CLAIBORNE,VANBEBBER SPRINGS,1176,001213,1.6e-07,exact_name,high,1.0
2002,2000,CLAIBORNE,VANBEBBER SPRINGS,1176,001205,1e-07,exact_name,high,1.0
2002,2000,CLAIBORNE,VANBEBBER SPRINGS,1176,001202,0.0,exact_name,high,1.0
2002,2000,CLAY,1 DENTONS CROSS ROA,1180,001303,0.93743519,code_token_name,high,0.993
2002,2000,CLAY,1 DENTONS CROSS ROA,1180,001307,0.06240052,code_token_name,high,0.993
2002,2000,CLAY,1 DENTONS CROSS ROA,1180,001302,0.00016428,code_token_name,high,0.993
2002,2000,CLAY,2 HERMITAGE SPRINGS,1190,001307,0.99997177,exact_name,high,1.0
2002,2000,CLAY,2 HERMITAGE SPRINGS,1190,001303,2.823e-05,exact_name,high,1.0
2002,2000,CLAY,3 CELINA,1196,001305,0.99440639,exact_name,high,1.0
2002,2000,CLAY,3 CELINA,1196,001306,0.00559361,exact_name,high,1.0
2002,2000,CLAY,3 CELINA,1196,001302,0.0,exact_name,high,1.0
2002,2000,CLAY,4 1 MAPLE GROVE,1210,001301,0.99999991,exact_name,high,1.0
2002,2000,CLAY,4 1 MAPLE GROVE,1210,001304,9e-08,exact_name,high,1.0
2002,2000,CLAY,4 1 MAPLE GROVE,1210,001306,0.0,exact_name,high,1.0
2002,2000,CLAY,4 2 BUTLERS LANDING,1212,001306,0.83060238,exact_name,high,1.0
2002,2000,CLAY,4 2 BUTLERS LANDING,1212,001302,0.15962148,exact_name,high,1.0
2002,2000,CLAY,4 2 BUTLERS LANDING,1212,001305,0.00977308,exact_name,high,1.0
2002,2000,CLAY,4 2 BUTLERS LANDING,1212,001304,3.06e-06,exact_name,high,1.0
2002,2000,CLAY,4 2 BUTLERS LANDING,1212,001301,0.0,exact_name,high,1.0
2002,2000,CLAY,5 1 PEA RIDGE,1220,001304,0.94120926,exact_name,high,1.0
2002,2000,CLAY,5 1 PEA RIDGE,1220,001306,0.05877543,exact_name,high,1.0
2002,2000,CLAY,5 1 PEA RIDGE,1220,001301,1.532e-05,exact_name,high,1.0
2002,2000,CLAY,5 2 ARCOT BEECH BETH,1220,001304,0.94120926,code_token_name,high,0.993
2002,2000,CLAY,5 2 ARCOT BEECH BETH,1220,001306,0.05877543,code_token_name,high,0.993
2002,2000,CLAY,5 2 ARCOT BEECH BETH,1220,001301,1.532e-05,code_token_name,high,0.993
2002,2000,COCKE,ARMORY,0010,0010,1.0,exact_name,high,1.0
2002,2000,COCKE,BRIDGEPORT,1244,001417,0.99911665,exact_name,high,1.0
2002,2000,COCKE,BRIDGEPORT,1244,001407,0.00088294,exact_name,high,1.0
2002,2000,COCKE,BRIDGEPORT,1244,001409,3.5e-07,exact_name,high,1.0
2002,2000,COCKE,BRIDGEPORT,1244,001419,6e-08,exact_name,high,1.0
2002,2000,COCKE,BRIDGEPORT,1244,001401,0.0,exact_name,high,1.0
2002,2000,COCKE,BRIDGEPORT,1244,001404,0.0,exact_name,high,1.0
2002,2000,COCKE,BRIDGEPORT,1244,001415,0.0,exact_name,high,1.0
2002,2000,COCKE,CENTERVIEW,1252,001403,0.99896331,exact_name,high,1.0
2002,2000,COCKE,CENTERVIEW,1252,001413,0.00102844,exact_name,high,1.0
2002,2000,COCKE,CENTERVIEW,1252,001414,8.26e-06,exact_name,high,1.0
2002,2000,COCKE,CENTRAL,1256,001416,0.9994944,exact_name,high,1.0
2002,2000,COCKE,CENTRAL,1256,001415,0.00050461,exact_name,high,1.0
2002,2000,COCKE,CENTRAL,1256,001402,5.1e-07,exact_name,high,1.0
2002,2000,COCKE,CENTRAL,1256,001406,4.8e-07,exact_name,high,1.0
2002,2000,COCKE,COSBY,1260,001410,0.78846354,exact_name,high,1.0
2002,2000,COCKE,COSBY,1260,001411,0.14452548,exact_name,high,1.0
2002,2000,COCKE,COSBY,1260,001406,0.06701092,exact_name,high,1.0
2002,2000,COCKE,COSBY,1260,001405,3e-08,exact_name,high,1.0
2002,2000,COCKE,COSBY,1260,001409,2e-08,exact_name,high,1.0
2002,2000,COCKE,COSBY,1260,001402,1e-08,exact_name,high,1.0
2002,2000,COCKE,DEL RIO,1264,001404,0.99999675,exact_name,high,1.0
2002,2000,COCKE,DEL RIO,1264,001408,3.25e-06,exact_name,high,1.0
2002,2000,COCKE,DEL RIO,1264,001418,0.0,exact_name,high,1.0
2002,2000,COCKE,DEL RIO,1264,001417,0.0,exact_name,high,1.0
2002,2000,COCKE,DEL RIO,1264,001401,0.0,exact_name,high,1.0
2002,2000,COCKE,EDGEMONT,1268,001412,0.71128703,exact_name,high,1.0
2002,2000,COCKE,EDGEMONT,1268,001415,0.2882637,exact_name,high,1.0
2002,2000,COCKE,EDGEMONT,1268,001402,0.00044926,exact_name,high,1.0
2002,2000,COCKE,EDGEMONT,1268,001411,1e-08,exact_name,high,1.0
2002,2000,COCKE,EDGEMONT,1268,001413,0.0,exact_name,high,1.0
2002,2000,COCKE,EDWINA,1272,001409,0.94076167,exact_name,high,1.0
2002,2000,COCKE,EDWINA,1272,001406,0.05826148,exact_name,high,1.0
2002,2000,COCKE,EDWINA,1272,001408,0.00096319,exact_name,high,1.0
2002,2000,COCKE,EDWINA,1272,001417,1.356e-05,exact_name,high,1.0
2002,2000,COCKE,EDWINA,1272,001410,9e-08,exact_name,high,1.0
2002,2000,COCKE,EDWINA,1272,001405,0.0,exact_name,high,1.0
2002,2000,COCKE,FOREST HILL,1276,001414,0.9990903,exact_name,high,1.0
2002,2000,COCKE,FOREST HILL,1276,001413,0.00055527,exact_name,high,1.0
2002,2000,COCKE,FOREST HILL,1276,001419,0.00028212,exact_name,high,1.0
2002,2000,COCKE,FOREST HILL,1276,001403,7.232e-05,exact_name,high,1.0
2002,2000,COCKE,FOREST HILL,1276,001407,0.0,exact_name,high,1.0
2002,2000,COCKE,FOREST HILL,1276,001417,0.0,exact_name,high,1.0
2002,2000,COCKE,GRASSY FORK,1280,001408,0.99999421,exact_name,high,1.0
2002,2000,COCKE,GRASSY FORK,1280,001405,5.46e-06,exact_name,high,1.0
2002,2000,COCKE,GRASSY FORK,1280,001404,3.3e-07,exact_name,high,1.0
2002,2000,COCKE,GRASSY FORK,1280,001409,0.0,exact_name,high,1.0
2002,2000,COCKE,HOUSTON VALLEY,1240,001418,0.99999946,exact_name,high,1.0
2002,2000,COCKE,HOUSTON VALLEY,1240,001401,4.9e-07,exact_name,high,1.0
2002,2000,COCKE,HOUSTON VALLEY,1240,001404,4e-08,exact_name,high,1.0
2002,2000,COCKE,LONG CREEK,1288,001401,0.9997951,exact_name,high,1.0
2002,2000,COCKE,LONG CREEK,1288,001418,0.0001317,exact_name,high,1.0
2002,2000,COCKE,LONG CREEK,1288,001419,7.317e-05,exact_name,high,1.0
2002,2000,COCKE,LONG CREEK,1288,001417,3e-08,exact_name,high,1.0
2002,2000,COCKE,LONG CREEK,1288,001404,0.0,exact_name,high,1.0
2002,2000,COCKE,NEWPORT GRAMMAR S,0015,0015,1.0,tail_fuzzy_name,low,0.9375
2002,2000,COCKE,NORTHPORT,1296,001407,0.99917015,exact_name,high,1.0
2002,2000,COCKE,NORTHPORT,1296,001417,0.00079598,exact_name,high,1.0
2002,2000,COCKE,NORTHPORT,1296,001413,2.811e-05,exact_name,high,1.0
2002,2000,COCKE,NORTHPORT,1296,001415,5.76e-06,exact_name,high,1.0
2002,2000,COCKE,NORTHPORT,1296,001414,0.0,exact_name,high,1.0
2002,2000,COCKE,PARROTTSVILLE,1300,001419,0.99976029,exact_name,high,1.0
2002,2000,COCKE,PARROTTSVILLE,1300,001401,0.00018142,exact_name,high,1.0
2002,2000,COCKE,PARROTTSVILLE,1300,001414,5.816e-05,exact_name,high,1.0
2002,2000,COCKE,PARROTTSVILLE,1300,001417,1.3e-07,exact_name,high,1.0
2002,2000,COCKE,RANKIN,1304,001413,0.99559266,exact_name,high,1.0
2002,2000,COCKE,RANKIN,1304,001403,0.00440719,exact_name,high,1.0
2002,2000,COCKE,RANKIN,1304,001415,1.3e-07,exact_name,high,1.0
2002,2000,COCKE,RANKIN,1304,001407,1e-08,exact_name,high,1.0
2002,2000,COCKE,RANKIN,1304,001412,0.0,exact_name,high,1.0
2002,2000,COCKE,SMOKY MOUNTAIN,1308,001405,0.99988743,exact_name,high,1.0
2002,2000,COCKE,SMOKY MOUNTAIN,1308,001410,0.00011218,exact_name,high,1.0
2002,2000,COCKE,SMOKY MOUNTAIN,1308,001408,3.9e-07,exact_name,high,1.0
2002,2000,COCKE,SMOKY MOUNTAIN,1308,001409,0.0,exact_name,high,1.0
2002,2000,COCKE,WEST END,1312,001415,0.99241164,exact_name,high,1.0
2002,2000,COCKE,WEST END,1312,001407,0.0036816,exact_name,high,1.0
2002,2000,COCKE,WEST END,1312,001416,0.00323598,exact_name,high,1.0
2002,2000,COCKE,WEST END,1312,001402,0.00035845,exact_name,high,1.0
2002,2000,COCKE,WEST END,1312,001417,0.00031217,exact_name,high,1.0
2002,2000,COCKE,WEST END,1312,001406,1.2e-07,exact_name,high,1.0
2002,2000,COCKE,WEST END,1312,001413,4e-08,exact_name,high,1.0
2002,2000,COFFEE,01 ADA WRIGHT CENTER,1328,001501,0.89041392,code_token_name,high,0.993
2002,2000,COFFEE,01 ADA WRIGHT CENTER,1328,001502,0.08055702,code_token_name,high,0.993
2002,2000,COFFEE,01 ADA WRIGHT CENTER,1328,001511,0.01776344,code_token_name,high,0.993
2002,2000,COFFEE,01 ADA WRIGHT CENTER,1328,001510,0.01047956,code_token_name,high,0.993
2002,2000,COFFEE,01 ADA WRIGHT CENTER,1328,001512,0.000718,code_token_name,high,0.993
2002,2000,COFFEE,01 ADA WRIGHT CENTER,1328,001508,6.806e-05,code_token_name,high,0.993
2002,2000,COFFEE,02 WESTWOOD JR HIGH,1376,001502,0.92795299,code_token_name,high,0.993
2002,2000,COFFEE,02 WESTWOOD JR HIGH,1376,001501,0.06443721,code_token_name,high,0.993
2002,2000,COFFEE,02 WESTWOOD JR HIGH,1376,001514,0.00429642,code_token_name,high,0.993
2002,2000,COFFEE,02 WESTWOOD JR HIGH,1376,001512,0.00297437,code_token_name,high,0.993
2002,2000,COFFEE,02 WESTWOOD JR HIGH,1376,001503,0.00033902,code_token_name,high,0.993
2002,2000,COFFEE,03 CENTRAL HIGH,1330,001503,0.75112792,code_token_name,high,0.993
2002,2000,COFFEE,03 CENTRAL HIGH,1330,001504,0.21868324,code_token_name,high,0.993
2002,2000,COFFEE,03 CENTRAL HIGH,1330,001502,0.02082694,code_token_name,high,0.993
2002,2000,COFFEE,03 CENTRAL HIGH,1330,001506,0.00930775,code_token_name,high,0.993
2002,2000,COFFEE,03 CENTRAL HIGH,1330,001514,5.416e-05,code_token_name,high,0.993
2002,2000,COFFEE,04 COFFEE CO MIDDLE,1334,001501,0.54146486,code_token_name,high,0.993
2002,2000,COFFEE,04 COFFEE CO MIDDLE,1334,001504,0.43748395,code_token_name,high,0.993
2002,2000,COFFEE,04 COFFEE CO MIDDLE,1334,001507,0.01791716,code_token_name,high,0.993
2002,2000,COFFEE,04 COFFEE CO MIDDLE,1334,001506,0.00302698,code_token_name,high,0.993
2002,2000,COFFEE,04 COFFEE CO MIDDLE,1334,001503,0.00010705,code_token_name,high,0.993
2002,2000,COFFEE,04 COFFEE CO MIDDLE,1334,001502,0.0,code_token_name,high,0.993
2002,2000,COFFEE,05 HILLSBORO ELEM,1352,001505,0.60797395,code_token_name,high,0.993
2002,2000,COFFEE,05 HILLSBORO ELEM,1352,001514,0.25015925,code_token_name,high,0.993
2002,2000,COFFEE,05 HILLSBORO ELEM,1352,001506,0.14185604,code_token_name,high,0.993
2002,2000,COFFEE,05 HILLSBORO ELEM,1352,001517,1.076e-05,code_token_name,high,0.993
2002,2000,COFFEE,05 HILLSBORO ELEM,1352,001519,0.0,code_token_name,high,0.993
2002,2000,COFFEE,05 HILLSBORO ELEM,1352,001503,0.0,code_token_name,high,0.993
2002,2000,COFFEE,06 TENNESSEE VOCA,1338,001506,0.61858161,code_token_name,high,0.993
2002,2000,COFFEE,06 TENNESSEE VOCA,1338,001505,0.33048034,code_token_name,high,0.993
2002,2000,COFFEE,06 TENNESSEE VOCA,1338,001504,0.0286098,code_token_name,high,0.993
2002,2000,COFFEE,06 TENNESSEE VOCA,1338,001507,0.02204462,code_token_name,high,0.993
2002,2000,COFFEE,06 TENNESSEE VOCA,1338,001503,0.00024257,code_token_name,high,0.993
2002,2000,COFFEE,06 TENNESSEE VOCA,1338,001501,2.99e-05,code_token_name,high,0.993
2002,2000,COFFEE,06 TENNESSEE VOCA,1338,001514,1.116e-05,code_token_name,high,0.993
2002,2000,COFFEE,07 EAST COFFEE ELEM,1336,001507,0.9207015,code_token_name,high,0.993
2002,2000,COFFEE,07 EAST COFFEE ELEM,1336,001523,0.03892644,code_token_name,high,0.993
2002,2000,COFFEE,07 EAST COFFEE ELEM,1336,001508,0.02496139,code_token_name,high,0.993
2002,2000,COFFEE,07 EAST COFFEE ELEM,1336,001501,0.01310277,code_token_name,high,0.993
2002,2000,COFFEE,07 EAST COFFEE ELEM,1336,001506,0.00230787,code_token_name,high,0.993
2002,2000,COFFEE,07 EAST COFFEE ELEM,1336,001505,2e-08,code_token_name,high,0.993
2002,2000,COFFEE,08 NEW UNION FIRE,1364,001508,0.65857252,code_token_name,high,0.993
2002,2000,COFFEE,08 NEW UNION FIRE,1364,001510,0.21591808,code_token_name,high,0.993
2002,2000,COFFEE,08 NEW UNION FIRE,1364,001509,0.10396051,code_token_name,high,0.993
2002,2000,COFFEE,08 NEW UNION FIRE,1364,001511,0.02118415,code_token_name,high,0.993
2002,2000,COFFEE,08 NEW UNION FIRE,1364,001501,0.0003647,code_token_name,high,0.993
2002,2000,COFFEE,08 NEW UNION FIRE,1364,001523,2e-08,code_token_name,high,0.993
2002,2000,COFFEE,08 NEW UNION FIRE,1364,001507,2e-08,code_token_name,high,0.993
2002,2000,COFFEE,09 1 POCAHONTAS CC,1342,001522,0.69378113,code_token_name,high,0.993
2002,2000,COFFEE,09 1 POCAHONTAS CC,1342,001508,0.30621883,code_token_name,high,0.993
2002,2000,COFFEE,09 1 POCAHONTAS CC,1342,001523,4e-08,code_token_name,high,0.993
2002,2000,COFFEE,09 1 POCAHONTAS CC,1342,001509,0.0,code_token_name,high,0.993
2002,2000,COFFEE,09 2 SUMMITVILLE CC,1342,001522,0.69378113,code_token_name,high,0.993
2002,2000,COFFEE,09 2 SUMMITVILLE CC,1342,001508,0.30621883,code_token_name,high,0.993
2002,2000,COFFEE,09 2 SUMMITVILLE CC,1342,001523,4e-08,code_token_name,high,0.993
2002,2000,COFFEE,09 2 SUMMITVILLE CC,1342,001509,0.0,code_token_name,high,0.993
2002,2000,COFFEE,10 1 GOOSEPOND CC,1344,001509,0.51300338,code_token_name,high,0.993
2002,2000,COFFEE,10 1 GOOSEPOND CC,1344,001508,0.25710163,code_token_name,high,0.993
2002,2000,COFFEE,10 1 GOOSEPOND CC,1344,001522,0.22989498,code_token_name,high,0.993
2002,2000,COFFEE,10 1 GOOSEPOND CC,1344,001510,1e-08,code_token_name,high,0.993
2002,2000,COFFEE,10 2 NOAH COMM CTR,1344,001509,0.51300338,code_token_name,high,0.993
2002,2000,COFFEE,10 2 NOAH COMM CTR,1344,001508,0.25710163,code_token_name,high,0.993
2002,2000,COFFEE,10 2 NOAH COMM CTR,1344,001522,0.22989498,code_token_name,high,0.993
2002,2000,COFFEE,10 2 NOAH COMM CTR,1344,001510,1e-08,code_token_name,high,0.993
2002,2000,COFFEE,11 FREDONIA COMM C,1350,001511,0.77737031,code_token_name,high,0.993
2002,2000,COFFEE,11 FREDONIA COMM C,1350,001512,0.11028287,code_token_name,high,0.993
2002,2000,COFFEE,11 FREDONIA COMM C,1350,001510,0.10819579,code_token_name,high,0.993
2002,2000,COFFEE,11 FREDONIA COMM C,1350,001501,0.00363581,code_token_name,high,0.993
2002,2000,COFFEE,11 FREDONIA COMM C,1350,001502,0.00051519,code_token_name,high,0.993
2002,2000,COFFEE,11 FREDONIA COMM C,1350,001509,2e-08,code_token_name,high,0.993
2002,2000,COFFEE,11 FREDONIA COMM C,1350,001514,0.0,code_token_name,high,0.993
2002,2000,COFFEE,12 NORTH COFFEE ELEM,1324,001512,0.62473408,code_token_name,high,0.993
2002,2000,COFFEE,12 NORTH COFFEE ELEM,1324,001511,0.263547,code_token_name,high,0.993
2002,2000,COFFEE,12 NORTH COFFEE ELEM,1324,001514,0.1086287,code_token_name,high,0.993
2002,2000,COFFEE,12 NORTH COFFEE ELEM,1324,001502,0.00309022,code_token_name,high,0.993
2002,2000,COFFEE,12 NORTH COFFEE ELEM,1324,001513,0.0,code_token_name,high,0.993
2002,2000,COFFEE,13 1 BLANTON S CC,1348,001514,0.79026936,code_token_name,high,0.993
2002,2000,COFFEE,13 1 BLANTON S CC,1348,001513,0.12114444,code_token_name,high,0.993
2002,2000,COFFEE,13 1 BLANTON S CC,1348,001503,0.04510667,code_token_name,high,0.993
2002,2000,COFFEE,13 1 BLANTON S CC,1348,001512,0.03918234,code_token_name,high,0.993
2002,2000,COFFEE,13 1 BLANTON S CC,1348,001516,0.00298033,code_token_name,high,0.993
2002,2000,COFFEE,13 1 BLANTON S CC,1348,001517,0.00131681,code_token_name,high,0.993
2002,2000,COFFEE,13 1 BLANTON S CC,1348,001502,5e-08,code_token_name,high,0.993
2002,2000,COFFEE,13 2 JONES ELEM,1348,001514,0.79026936,code_token_name,high,0.993
2002,2000,COFFEE,13 2 JONES ELEM,1348,001513,0.12114444,code_token_name,high,0.993
2002,2000,COFFEE,13 2 JONES ELEM,1348,001503,0.04510667,code_token_name,high,0.993
2002,2000,COFFEE,13 2 JONES ELEM,1348,001512,0.03918234,code_token_name,high,0.993
2002,2000,COFFEE,13 2 JONES ELEM,1348,001516,0.00298033,code_token_name,high,0.993
2002,2000,COFFEE,13 2 JONES ELEM,1348,001517,0.00131681,code_token_name,high,0.993
2002,2000,COFFEE,13 2 JONES ELEM,1348,001502,5e-08,code_token_name,high,0.993
2002,2000,COFFEE,14 HICKERSON FIRE,1332,001518,0.85984595,code_token_name,high,0.993
2002,2000,COFFEE,14 HICKERSON FIRE,1332,001520,0.13632421,code_token_name,high,0.993
2002,2000,COFFEE,14 HICKERSON FIRE,1332,001513,0.00382977,code_token_name,high,0.993
2002,2000,COFFEE,14 HICKERSON FIRE,1332,001516,8e-08,code_token_name,high,0.993
2002,2000,COFFEE,14 HICKERSON FIRE,1332,001521,0.0,code_token_name,high,0.993
2002,2000,COFFEE,14 HICKERSON FIRE,1332,001515,0.0,code_token_name,high,0.993
2002,2000,COFFEE,14 HICKERSON FIRE,1332,001519,0.0,code_token_name,high,0.993
2002,2000,COFFEE,15 GRACE BAPTIST,1356,001515,0.77797626,code_token_name,high,0.993
2002,2000,COFFEE,15 GRACE BAPTIST,1356,001518,0.21117069,code_token_name,high,0.993
2002,2000,COFFEE,15 GRACE BAPTIST,1356,001513,0.01085235,code_token_name,high,0.993
2002,2000,COFFEE,15 GRACE BAPTIST,1356,001516,7e-07,code_token_name,high,0.993
2002,2000,COFFEE,16 LION S CLUB,1360,001516,0.80832244,code_token_name,high,0.993
2002,2000,COFFEE,16 LION S CLUB,1360,001514,0.07643752,code_token_name,high,0.993
2002,2000,COFFEE,16 LION S CLUB,1360,001515,0.07547401,code_token_name,high,0.993
2002,2000,COFFEE,16 LION S CLUB,1360,001513,0.03976558,code_token_name,high,0.993
2002,2000,COFFEE,16 LION S CLUB,1360,001518,4.4e-07,code_token_name,high,0.993
2002,2000,COFFEE,16 LION S CLUB,1360,001517,1e-08,code_token_name,high,0.993
2002,2000,COFFEE,16 LION S CLUB,1360,001519,0.0,code_token_name,high,0.993
2002,2000,COFFEE,17 NATIONAL GUARD,1358,001517,0.94202423,code_token_name,high,0.993
2002,2000,COFFEE,17 NATIONAL GUARD,1358,001514,0.05716764,code_token_name,high,0.993
2002,2000,COFFEE,17 NATIONAL GUARD,1358,001516,0.00080814,code_token_name,high,0.993
2002,2000,COFFEE,17 NATIONAL GUARD,1358,001519,0.0,code_token_name,high,0.993
2002,2000,COFFEE,18 FIRST CHRISTIAN,1340,001519,0.51018981,code_token_name,high,0.993
2002,2000,COFFEE,18 FIRST CHRISTIAN,1340,001517,0.38915218,code_token_name,high,0.993
2002,2000,COFFEE,18 FIRST CHRISTIAN,1340,001518,0.08477846,code_token_name,high,0.993
2002,2000,COFFEE,18 FIRST CHRISTIAN,1340,001516,0.01170213,code_token_name,high,0.993
2002,2000,COFFEE,18 FIRST CHRISTIAN,1340,001514,0.00417742,code_token_name,high,0.993
2002,2000,COFFEE,19 CD STAMPS CENTE,1372,001519,0.85871799,code_token_name,high,0.993
2002,2000,COFFEE,19 CD STAMPS CENTE,1372,001520,0.14128201,code_token_name,high,0.993
2002,2000,COFFEE,19 CD STAMPS CENTE,1372,001518,0.0,code_token_name,high,0.993
2002,2000,COFFEE,20 DW WILSON CENTER,1320,001520,0.82054973,code_token_name,high,0.993
2002,2000,COFFEE,20 DW WILSON CENTER,1320,001521,0.17945027,code_token_name,high,0.993
2002,2000,COFFEE,20 DW WILSON CENTER,1320,001518,0.0,code_token_name,high,0.993
2002,2000,COFFEE,21 BEL AIRE ELEM,1362,001518,0.54056319,code_token_name,high,0.993
2002,2000,COFFEE,21 BEL AIRE ELEM,1362,001521,0.45943522,code_token_name,high,0.993
2002,2000,COFFEE,21 BEL AIRE ELEM,1362,001520,1.6e-06,code_token_name,high,0.993
2002,2000,CROCKETT,01,0001,0001,1.0,exact_name,high,1.0
2002,2000,CROCKETT,02,0002,0002,1.0,exact_name,high,1.0
2002,2000,CROCKETT,03,0003,0003,1.0,exact_name,high,1.0
2002,2000,CROCKETT,04,0004,0004,1.0,exact_name,high,1.0
2002,2000,CROCKETT,05,0005,0005,1.0,exact_name,high,1.0
2002,2000,CROCKETT,06,0006,0006,1.0,exact_name,high,1.0
2002,2000,CROCKETT,07,0007,0007,1.0,exact_name,high,1.0
2002,2000,CROCKETT,08,0008,0008,1.0,exact_name,high,1.0
2002,2000,CROCKETT,09,0009,0009,1.0,exact_name,high,1.0
2002,2000,CROCKETT,10,1388,001605,0.86423514,exact_name,high,1.0
2002,2000,CROCKETT,10,1388,001606,0.13576349,exact_name,high,1.0
2002,2000,CROCKETT,10,1388,001604,1.37e-06,exact_name,high,1.0
2002,2000,CROCKETT,11,1392,001606,0.62071516,exact_name,high,1.0
2002,2000,CROCKETT,11,1392,001607,0.32475604,exact_name,high,1.0
2002,2000,CROCKETT,11,1392,001612,0.0408876,exact_name,high,1.0
2002,2000,CROCKETT,11,1392,001605,0.0136412,exact_name,high,1.0
2002,2000,CROCKETT,11,1392,001611,0.0,exact_name,high,1.0
2002,2000,CROCKETT,12,1396,001607,0.64180159,exact_name,high,1.0
2002,2000,CROCKETT,12,1396,001612,0.35819841,exact_name,high,1.0
2002,2000,CUMBERLAND,1 CROSSVILLE CTY SCH,1432,001705,0.87621223,code_token_name,high,0.993
2002,2000,CUMBERLAND,1 CROSSVILLE CTY SCH,1432,001704,0.12285829,code_token_name,high,0.993
2002,2000,CUMBERLAND,1 CROSSVILLE CTY SCH,1432,001719,0.00092948,code_token_name,high,0.993
2002,2000,CUMBERLAND,1 CUMBERLAND CO HI,1432,001705,0.87621223,code_token_name,high,0.993
2002,2000,CUMBERLAND,1 CUMBERLAND CO HI,1432,001704,0.12285829,code_token_name,high,0.993
2002,2000,CUMBERLAND,1 CUMBERLAND CO HI,1432,001719,0.00092948,code_token_name,high,0.993
2002,2000,CUMBERLAND,2 ART CIRCLE LIBRARY,1440,001704,0.97981174,exact_name,high,1.0
2002,2000,CUMBERLAND,2 ART CIRCLE LIBRARY,1440,001707,0.02018639,exact_name,high,1.0
2002,2000,CUMBERLAND,2 ART CIRCLE LIBRARY,1440,001716,1.41e-06,exact_name,high,1.0
2002,2000,CUMBERLAND,2 ART CIRCLE LIBRARY,1440,001705,4.7e-07,exact_name,high,1.0
2002,2000,CUMBERLAND,2 COMMUNITY COMPL,1440,001704,0.97981174,code_token_name,high,0.993
2002,2000,CUMBERLAND,2 COMMUNITY COMPL,1440,001707,0.02018639,code_token_name,high,0.993
2002,2000,CUMBERLAND,2 COMMUNITY COMPL,1440,001716,1.41e-06,code_token_name,high,0.993
2002,2000,CUMBERLAND,2 COMMUNITY COMPL,1440,001705,4.7e-07,code_token_name,high,0.993
2002,2000,CUMBERLAND,3 BIG LICK,1460,001702,0.99998898,exact_name,high,1.0
2002,2000,CUMBERLAND,3 BIG LICK,1460,001723,1.061e-05,exact_name,high,1.0
2002,2000,CUMBERLAND,3 BIG LICK,1460,001713,4.2e-07,exact_name,high,1.0
2002,2000,CUMBERLAND,3 DORTON,1452,001707,0.99985991,exact_name,high,1.0
2002,2000,CUMBERLAND,3 DORTON,1452,001704,0.00011591,exact_name,high,1.0
2002,2000,CUMBERLAND,3 DORTON,1452,001711,1.695e-05,exact_name,high,1.0
2002,2000,CUMBERLAND,3 DORTON,1452,001703,6.97e-06,exact_name,high,1.0
2002,2000,CUMBERLAND,3 DORTON,1452,001705,2.5e-07,exact_name,high,1.0
2002,2000,CUMBERLAND,3 DORTON,1452,001716,1e-08,exact_name,high,1.0
2002,2000,CUMBERLAND,3 HOMESTEAD,1448,001711,0.98141241,exact_name,high,1.0
2002,2000,CUMBERLAND,3 HOMESTEAD,1448,001713,0.01857919,exact_name,high,1.0
2002,2000,CUMBERLAND,3 HOMESTEAD,1448,001722,8.11e-06,exact_name,high,1.0
2002,2000,CUMBERLAND,3 HOMESTEAD,1448,001703,9e-08,exact_name,high,1.0
2002,2000,CUMBERLAND,3 HOMESTEAD,1448,001705,7e-08,exact_name,high,1.0
2002,2000,CUMBERLAND,3 HOMESTEAD,1448,001707,7e-08,exact_name,high,1.0
2002,2000,CUMBERLAND,3 HOMESTEAD,1448,001710,3e-08,exact_name,high,1.0
2002,2000,CUMBERLAND,3 HOMESTEAD,1448,001706,2e-08,exact_name,high,1.0
2002,2000,CUMBERLAND,3 HOMESTEAD,1448,001712,0.0,exact_name,high,1.0
2002,2000,CUMBERLAND,3 LINARY,1456,001713,0.98545932,exact_name,high,1.0
2002,2000,CUMBERLAND,3 LINARY,1456,001702,0.01452335,exact_name,high,1.0
2002,2000,CUMBERLAND,3 LINARY,1456,001722,1.727e-05,exact_name,high,1.0
2002,2000,CUMBERLAND,3 LINARY,1456,001710,5e-08,exact_name,high,1.0
2002,2000,CUMBERLAND,3 LINARY,1456,001711,1e-08,exact_name,high,1.0
2002,2000,CUMBERLAND,4 BAKERS,1474,001701,0.5208478,exact_name,high,1.0
2002,2000,CUMBERLAND,4 BAKERS,1474,001705,0.2357785,exact_name,high,1.0
2002,2000,CUMBERLAND,4 BAKERS,1474,001721,0.1630272,exact_name,high,1.0
2002,2000,CUMBERLAND,4 BAKERS,1474,001714,0.0802262,exact_name,high,1.0
2002,2000,CUMBERLAND,4 BAKERS,1474,001716,0.0001196,exact_name,high,1.0
2002,2000,CUMBERLAND,4 BAKERS,1474,001704,6.2e-07,exact_name,high,1.0
2002,2000,CUMBERLAND,4 BAKERS,1474,001719,9e-08,exact_name,high,1.0
2002,2000,CUMBERLAND,4 BAKERS,1474,001724,0.0,exact_name,high,1.0
2002,2000,CUMBERLAND,4 OAK HILL,1470,001716,0.99496591,exact_name,high,1.0
2002,2000,CUMBERLAND,4 OAK HILL,1470,001707,0.00311104,exact_name,high,1.0
2002,2000,CUMBERLAND,4 OAK HILL,1470,001704,0.00121292,exact_name,high,1.0
2002,2000,CUMBERLAND,4 OAK HILL,1470,001701,0.00070978,exact_name,high,1.0
2002,2000,CUMBERLAND,4 OAK HILL,1470,001703,2.8e-07,exact_name,high,1.0
2002,2000,CUMBERLAND,4 OAK HILL,1470,001721,7e-08,exact_name,high,1.0
2002,2000,CUMBERLAND,4 OAK HILL,1470,001724,0.0,exact_name,high,1.0
2002,2000,CUMBERLAND,4 TABOR,1464,001721,0.99999671,exact_name,high,1.0
2002,2000,CUMBERLAND,4 TABOR,1464,001716,3.2e-06,exact_name,high,1.0
2002,2000,CUMBERLAND,4 TABOR,1464,001724,8e-08,exact_name,high,1.0
2002,2000,CUMBERLAND,4 TABOR,1464,001701,0.0,exact_name,high,1.0
2002,2000,CUMBERLAND,5 LANTANA,1482,001712,0.96890064,exact_name,high,1.0
2002,2000,CUMBERLAND,5 LANTANA,1482,001711,0.02963977,exact_name,high,1.0
2002,2000,CUMBERLAND,5 LANTANA,1482,001705,0.00144043,exact_name,high,1.0
2002,2000,CUMBERLAND,5 LANTANA,1482,001719,1.378e-05,exact_name,high,1.0
2002,2000,CUMBERLAND,5 LANTANA,1482,001722,5.28e-06,exact_name,high,1.0
2002,2000,CUMBERLAND,5 LANTANA,1482,001723,8e-08,exact_name,high,1.0
2002,2000,CUMBERLAND,5 LANTANA,1482,001718,2e-08,exact_name,high,1.0
2002,2000,CUMBERLAND,5 LANTANA,1482,001715,0.0,exact_name,high,1.0
2002,2000,CUMBERLAND,5 TANSI,1490,001722,0.99761914,exact_name,high,1.0
2002,2000,CUMBERLAND,5 TANSI,1490,001712,0.00148267,exact_name,high,1.0
2002,2000,CUMBERLAND,5 TANSI,1490,001713,0.00073078,exact_name,high,1.0
2002,2000,CUMBERLAND,5 TANSI,1490,001711,0.00016736,exact_name,high,1.0
2002,2000,CUMBERLAND,5 TANSI,1490,001723,5e-08,exact_name,high,1.0
2002,2000,CUMBERLAND,5 TANSI,1490,001702,0.0,exact_name,high,1.0
2002,2000,CUMBERLAND,5 VANDEVER,1486,001723,0.94586089,exact_name,high,1.0
2002,2000,CUMBERLAND,5 VANDEVER,1486,001702,0.05413897,exact_name,high,1.0
2002,2000,CUMBERLAND,5 VANDEVER,1486,001712,9e-08,exact_name,high,1.0
2002,2000,CUMBERLAND,5 VANDEVER,1486,001715,5e-08,exact_name,high,1.0
2002,2000,CUMBERLAND,6 CHESTNUT HILL,1544,001703,0.99998551,exact_name,high,1.0
2002,2000,CUMBERLAND,6 CHESTNUT HILL,1544,001709,1.414e-05,exact_name,high,1.0
2002,2000,CUMBERLAND,6 CHESTNUT HILL,1544,001706,2.4e-07,exact_name,high,1.0
2002,2000,CUMBERLAND,6 CHESTNUT HILL,1544,001711,9e-08,exact_name,high,1.0
2002,2000,CUMBERLAND,6 CHESTNUT HILL,1544,001707,2e-08,exact_name,high,1.0
2002,2000,CUMBERLAND,6 CRAB ORCHARD,1498,001706,0.99469061,exact_name,high,1.0
2002,2000,CUMBERLAND,6 CRAB ORCHARD,1498,001710,0.00466462,exact_name,high,1.0
2002,2000,CUMBERLAND,6 CRAB ORCHARD,1498,001717,0.00064468,exact_name,high,1.0
2002,2000,CUMBERLAND,6 CRAB ORCHARD,1498,001711,8e-08,exact_name,high,1.0
2002,2000,CUMBERLAND,6 CRAB ORCHARD,1498,001709,1e-08,exact_name,high,1.0
2002,2000,CUMBERLAND,6 CRAB ORCHARD,1498,001703,0.0,exact_name,high,1.0
2002,2000,CUMBERLAND,6 GRASSY COVE,1504,001710,0.99635301,exact_name,high,1.0
2002,2000,CUMBERLAND,6 GRASSY COVE,1504,001706,0.00364692,exact_name,high,1.0
2002,2000,CUMBERLAND,6 GRASSY COVE,1504,001713,7e-08,exact_name,high,1.0
2002,2000,CUMBERLAND,6 GRASSY COVE,1504,001717,0.0,exact_name,high,1.0
2002,2000,CUMBERLAND,6 GRASSY COVE,1504,001711,0.0,exact_name,high,1.0
2002,2000,CUMBERLAND,6 HEBBERTSBURG,1508,001706,1.0,exact_name,high,1.0
2002,2000,CUMBERLAND,6 HEBBERTSBURG,1508,001717,0.0,exact_name,high,1.0
2002,2000,CUMBERLAND,6 OZONE PINEVIEW,1502,001717,0.99999992,exact_name,high,1.0
2002,2000,CUMBERLAND,6 OZONE PINEVIEW,1502,001706,8e-08,exact_name,high,1.0
2002,2000,CUMBERLAND,6 OZONE PINEVIEW,1502,001710,0.0,exact_name,high,1.0
2002,2000,CUMBERLAND,7 MAYLAND,1520,001714,0.88542828,exact_name,high,1.0
2002,2000,CUMBERLAND,7 MAYLAND,1520,001718,0.07838024,exact_name,high,1.0
2002,2000,CUMBERLAND,7 MAYLAND,1520,001701,0.03605888,exact_name,high,1.0
2002,2000,CUMBERLAND,7 MAYLAND,1520,001724,0.00013183,exact_name,high,1.0
2002,2000,CUMBERLAND,7 MAYLAND,1520,001719,7e-07,exact_name,high,1.0
2002,2000,CUMBERLAND,7 MAYLAND,1520,001721,7e-08,exact_name,high,1.0
2002,2000,CUMBERLAND,7 RINNIE,1512,001720,0.99999975,exact_name,high,1.0
2002,2000,CUMBERLAND,7 RINNIE,1512,001724,2.5e-07,exact_name,high,1.0
2002,2000,CUMBERLAND,7 WOODY,1516,001724,0.59870263,exact_name,high,1.0
2002,2000,CUMBERLAND,7 WOODY,1516,001716,0.40129713,exact_name,high,1.0
2002,2000,CUMBERLAND,7 WOODY,1516,001720,1.7e-07,exact_name,high,1.0
2002,2000,CUMBERLAND,7 WOODY,1516,001706,5e-08,exact_name,high,1.0
2002,2000,CUMBERLAND,7 WOODY,1516,001721,1e-08,exact_name,high,1.0
2002,2000,CUMBERLAND,7 WOODY,1516,001714,1e-08,exact_name,high,1.0
2002,2000,CUMBERLAND,8 MIDWAY,0022,0022,1.0,exact_name,high,1.0
2002,2000,CUMBERLAND,8 PLEASANT HILL,1528,001718,0.99999999,exact_name,high,1.0
2002,2000,CUMBERLAND,8 PLEASANT HILL,1528,001714,1e-08,exact_name,high,1.0
2002,2000,CUMBERLAND,8 PLEASANT HILL,1528,001719,0.0,exact_name,high,1.0
2002,2000,CUMBERLAND,8 POMONA,1524,001719,0.89224011,exact_name,high,1.0
2002,2000,CUMBERLAND,8 POMONA,1524,001701,0.10652375,exact_name,high,1.0
2002,2000,CUMBERLAND,8 POMONA,1524,001705,0.00123523,exact_name,high,1.0
2002,2000,CUMBERLAND,8 POMONA,1524,001718,9.1e-07,exact_name,high,1.0
2002,2000,CUMBERLAND,8 POMONA,1524,001712,0.0,exact_name,high,1.0
2002,2000,CUMBERLAND,8 POMONA,1524,001714,0.0,exact_name,high,1.0
2002,2000,CUMBERLAND,9 FAIRFIELD GLADE,1540,001703,0.3216132,exact_name,high,1.0
2002,2000,CUMBERLAND,9 FAIRFIELD GLADE,1540,001709,0.27720312,exact_name,high,1.0
2002,2000,CUMBERLAND,9 FAIRFIELD GLADE,1540,001708,0.21955187,exact_name,high,1.0
2002,2000,CUMBERLAND,9 FAIRFIELD GLADE,1540,001706,0.1697002,exact_name,high,1.0
2002,2000,CUMBERLAND,9 FAIRFIELD GLADE,1540,001716,0.01193159,exact_name,high,1.0
2002,2000,CUMBERLAND,9 FAIRFIELD GLADE,1540,001707,2e-08,exact_name,high,1.0
2002,2000,DAVIDSON,01 1 JOELTON BAPTIST,1740,001803,0.99984874,code_token_name,high,0.993
2002,2000,DAVIDSON,01 1 JOELTON BAPTIST,1740,001805,0.00014099,code_token_name,high,0.993
2002,2000,DAVIDSON,01 1 JOELTON BAPTIST,1740,001813,1.01e-05,code_token_name,high,0.993
2002,2000,DAVIDSON,01 1 JOELTON BAPTIST,1740,001802,1.7e-07,code_token_name,high,0.993
2002,2000,DAVIDSON,01 1 JOELTON BAPTIST,1740,001804,0.0,code_token_name,high,0.993
2002,2000,DAVIDSON,01 2 MORNY SCHOOL,1760,001802,0.99922411,exact_name,high,1.0
2002,2000,DAVIDSON,01 2 MORNY SCHOOL,1760,001803,0.00077529,exact_name,high,1.0
2002,2000,DAVIDSON,01 2 MORNY SCHOOL,1760,001804,5.8e-07,exact_name,high,1.0
2002,2000,DAVIDSON,01 2 MORNY SCHOOL,1760,001801,2e-08,exact_name,high,1.0
2002,2000,DAVIDSON,01 3 TEMPLE BAPTIST,1740,001803,0.99984874,code_token_name,high,0.993
2002,2000,DAVIDSON,01 3 TEMPLE BAPTIST,1740,001805,0.00014099,code_token_name,high,0.993
2002,2000,DAVIDSON,01 3 TEMPLE BAPTIST,1740,001813,1.01e-05,code_token_name,high,0.993
2002,2000,DAVIDSON,01 3 TEMPLE BAPTIST,1740,001802,1.7e-07,code_token_name,high,0.993
2002,2000,DAVIDSON,01 3 TEMPLE BAPTIST,1740,001804,0.0,code_token_name,high,0.993
2002,2000,DAVIDSON,01 4 SCOTTSBORO CC,1740,001803,0.99984874,code_token_name,high,0.993
2002,2000,DAVIDSON,01 4 SCOTTSBORO CC,1740,001805,0.00014099,code_token_name,high,0.993
2002,2000,DAVIDSON,01 4 SCOTTSBORO CC,1740,001813,1.01e-05,code_token_name,high,0.993
2002,2000,DAVIDSON,01 4 SCOTTSBORO CC,1740,001802,1.7e-07,code_token_name,high,0.993
2002,2000,DAVIDSON,01 4 SCOTTSBORO CC,1740,001804,0.0,code_token_name,high,0.993
2002,2000,DAVIDSON,01 5 BORDEAUX LIB,1740,001803,0.99984874,code_token_name,high,0.993
2002,2000,DAVIDSON,01 5 BORDEAUX LIB,1740,001805,0.00014099,code_token_name,high,0.993
2002,2000,DAVIDSON,01 5 BORDEAUX LIB,1740,001813,1.01e-05,code_token_name,high,0.993
2002,2000,DAVIDSON,01 5 BORDEAUX LIB,1740,001802,1.7e-07,code_token_name,high,0.993
2002,2000,DAVIDSON,01 5 BORDEAUX LIB,1740,001804,0.0,code_token_name,high,0.993
2002,2000,DAVIDSON,01 6 PENTECOSTAL TAB,1740,001803,0.99984874,code_token_name,high,0.993
2002,2000,DAVIDSON,01 6 PENTECOSTAL TAB,1740,001805,0.00014099,code_token_name,high,0.993
2002,2000,DAVIDSON,01 6 PENTECOSTAL TAB,1740,001813,1.01e-05,code_token_name,high,0.993
2002,2000,DAVIDSON,01 6 PENTECOSTAL TAB,1740,001802,1.7e-07,code_token_name,high,0.993
2002,2000,DAVIDSON,01 6 PENTECOSTAL TAB,1740,001804,0.0,code_token_name,high,0.993
2002,2000,DAVIDSON,02 1 ROGERS HEIGHTS,1944,001807,0.78010328,code_token_name,high,0.993
2002,2000,DAVIDSON,02 1 ROGERS HEIGHTS,1944,001808,0.14375805,code_token_name,high,0.993
2002,2000,DAVIDSON,02 1 ROGERS HEIGHTS,1944,001821,0.07611662,code_token_name,high,0.993
2002,2000,DAVIDSON,02 1 ROGERS HEIGHTS,1944,001806,2.131e-05,code_token_name,high,0.993
2002,2000,DAVIDSON,02 1 ROGERS HEIGHTS,1944,001822,7.4e-07,code_token_name,high,0.993
2002,2000,DAVIDSON,02 1 ROGERS HEIGHTS,1944,001815,0.0,code_token_name,high,0.993
2002,2000,DAVIDSON,02 2 WHITES CRK 25,1944,001807,0.78010328,code_token_name,high,0.993
2002,2000,DAVIDSON,02 2 WHITES CRK 25,1944,001808,0.14375805,code_token_name,high,0.993
2002,2000,DAVIDSON,02 2 WHITES CRK 25,1944,001821,0.07611662,code_token_name,high,0.993
2002,2000,DAVIDSON,02 2 WHITES CRK 25,1944,001806,2.131e-05,code_token_name,high,0.993
2002,2000,DAVIDSON,02 2 WHITES CRK 25,1944,001822,7.4e-07,code_token_name,high,0.993
2002,2000,DAVIDSON,02 2 WHITES CRK 25,1944,001815,0.0,code_token_name,high,0.993
2002,2000,DAVIDSON,02 3 BROADMOOR FIRE,1944,001807,0.78010328,code_token_name,high,0.993
2002,2000,DAVIDSON,02 3 BROADMOOR FIRE,1944,001808,0.14375805,code_token_name,high,0.993
2002,2000,DAVIDSON,02 3 BROADMOOR FIRE,1944,001821,0.07611662,code_token_name,high,0.993
2002,2000,DAVIDSON,02 3 BROADMOOR FIRE,1944,001806,2.131e-05,code_token_name,high,0.993
2002,2000,DAVIDSON,02 3 BROADMOOR FIRE,1944,001822,7.4e-07,code_token_name,high,0.993
2002,2000,DAVIDSON,02 3 BROADMOOR FIRE,1944,001815,0.0,code_token_name,high,0.993
2002,2000,DAVIDSON,02 4 FIRST APOSTOLIC,1944,001807,0.78010328,code_token_name,high,0.993
2002,2000,DAVIDSON,02 4 FIRST APOSTOLIC,1944,001808,0.14375805,code_token_name,high,0.993
2002,2000,DAVIDSON,02 4 FIRST APOSTOLIC,1944,001821,0.07611662,code_token_name,high,0.993
2002,2000,DAVIDSON,02 4 FIRST APOSTOLIC,1944,001806,2.131e-05,code_token_name,high,0.993
2002,2000,DAVIDSON,02 4 FIRST APOSTOLIC,1944,001822,7.4e-07,code_token_name,high,0.993
2002,2000,DAVIDSON,02 4 FIRST APOSTOLIC,1944,001815,0.0,code_token_name,high,0.993
2002,2000,DAVIDSON,02 5 LOOBY COMM CT,1944,001807,0.78010328,code_token_name,high,0.993
2002,2000,DAVIDSON,02 5 LOOBY COMM CT,1944,001808,0.14375805,code_token_name,high,0.993
2002,2000,DAVIDSON,02 5 LOOBY COMM CT,1944,001821,0.07611662,code_token_name,high,0.993
2002,2000,DAVIDSON,02 5 LOOBY COMM CT,1944,001806,2.131e-05,code_token_name,high,0.993
2002,2000,DAVIDSON,02 5 LOOBY COMM CT,1944,001822,7.4e-07,code_token_name,high,0.993
2002,2000,DAVIDSON,02 5 LOOBY COMM CT,1944,001815,0.0,code_token_name,high,0.993
2002,2000,DAVIDSON,02 6 NORTHWEST YMC,1944,001807,0.78010328,code_token_name,high,0.993
2002,2000,DAVIDSON,02 6 NORTHWEST YMC,1944,001808,0.14375805,code_token_name,high,0.993
2002,2000,DAVIDSON,02 6 NORTHWEST YMC,1944,001821,0.07611662,code_token_name,high,0.993
2002,2000,DAVIDSON,02 6 NORTHWEST YMC,1944,001806,2.131e-05,code_token_name,high,0.993
2002,2000,DAVIDSON,02 6 NORTHWEST YMC,1944,001822,7.4e-07,code_token_name,high,0.993
2002,2000,DAVIDSON,02 6 NORTHWEST YMC,1944,001815,0.0,code_token_name,high,0.993
2002,2000,DAVIDSON,03 1 UNION HILL BAPT,2084,001839,0.99970312,code_token_name,high,0.993
2002,2000,DAVIDSON,03 1 UNION HILL BAPT,2084,001837,0.00028809,code_token_name,high,0.993
2002,2000,DAVIDSON,03 1 UNION HILL BAPT,2084,001836,5.21e-06,code_token_name,high,0.993
2002,2000,DAVIDSON,03 1 UNION HILL BAPT,2084,001842,3.19e-06,code_token_name,high,0.993
2002,2000,DAVIDSON,03 1 UNION HILL BAPT,2084,001840,3.9e-07,code_token_name,high,0.993
2002,2000,DAVIDSON,03 1 UNION HILL BAPT,2084,001814,0.0,code_token_name,high,0.993
2002,2000,DAVIDSON,03 2 JOELTON ELEM,2084,001839,0.99970312,code_token_name,high,0.993
2002,2000,DAVIDSON,03 2 JOELTON ELEM,2084,001837,0.00028809,code_token_name,high,0.993
2002,2000,DAVIDSON,03 2 JOELTON ELEM,2084,001836,5.21e-06,code_token_name,high,0.993
2002,2000,DAVIDSON,03 2 JOELTON ELEM,2084,001842,3.19e-06,code_token_name,high,0.993
2002,2000,DAVIDSON,03 2 JOELTON ELEM,2084,001840,3.9e-07,code_token_name,high,0.993
2002,2000,DAVIDSON,03 2 JOELTON ELEM,2084,001814,0.0,code_token_name,high,0.993
2002,2000,DAVIDSON,03 4 ALEX GREEN SCH,2084,001839,0.99970312,code_token_name,high,0.993
2002,2000,DAVIDSON,03 4 ALEX GREEN SCH,2084,001837,0.00028809,code_token_name,high,0.993
2002,2000,DAVIDSON,03 4 ALEX GREEN SCH,2084,001836,5.21e-06,code_token_name,high,0.993
2002,2000,DAVIDSON,03 4 ALEX GREEN SCH,2084,001842,3.19e-06,code_token_name,high,0.993
2002,2000,DAVIDSON,03 4 ALEX GREEN SCH,2084,001840,3.9e-07,code_token_name,high,0.993
2002,2000,DAVIDSON,03 4 ALEX GREEN SCH,2084,001814,0.0,code_token_name,high,0.993
2002,2000,DAVIDSON,03 5 BELLSHIRE ELEM,2084,001839,0.99970312,code_token_name,high,0.993
2002,2000,DAVIDSON,03 5 BELLSHIRE ELEM,2084,001837,0.00028809,code_token_name,high,0.993
2002,2000,DAVIDSON,03 5 BELLSHIRE ELEM,2084,001836,5.21e-06,code_token_name,high,0.993
2002,2000,DAVIDSON,03 5 BELLSHIRE ELEM,2084,001842,3.19e-06,code_token_name,high,0.993
2002,2000,DAVIDSON,03 5 BELLSHIRE ELEM,2084,001840,3.9e-07,code_token_name,high,0.993
2002,2000,DAVIDSON,03 5 BELLSHIRE ELEM,2084,001814,0.0,code_token_name,high,0.993
2002,2000,DAVIDSON,03 6 HAYNES MIDDLE,2084,001839,0.99970312,code_token_name,high,0.993
2002,2000,DAVIDSON,03 6 HAYNES MIDDLE,2084,001837,0.00028809,code_token_name,high,0.993
2002,2000,DAVIDSON,03 6 HAYNES MIDDLE,2084,001836,5.21e-06,code_token_name,high,0.993
2002,2000,DAVIDSON,03 6 HAYNES MIDDLE,2084,001842,3.19e-06,code_token_name,high,0.993
2002,2000,DAVIDSON,03 6 HAYNES MIDDLE,2084,001840,3.9e-07,code_token_name,high,0.993
2002,2000,DAVIDSON,03 6 HAYNES MIDDLE,2084,001814,0.0,code_token_name,high,0.993
2002,2000,DAVIDSON,03 7 NEW BRICK CHUR,2084,001839,0.99970312,code_token_name,high,0.993
2002,2000,DAVIDSON,03 7 NEW BRICK CHUR,2084,001837,0.00028809,code_token_name,high,0.993
2002,2000,DAVIDSON,03 7 NEW BRICK CHUR,2084,001836,5.21e-06,code_token_name,high,0.993
2002,2000,DAVIDSON,03 7 NEW BRICK CHUR,2084,001842,3.19e-06,code_token_name,high,0.993
2002,2000,DAVIDSON,03 7 NEW BRICK CHUR,2084,001840,3.9e-07,code_token_name,high,0.993
2002,2000,DAVIDSON,03 7 NEW BRICK CHUR,2084,001814,0.0,code_token_name,high,0.993
2002,2000,DAVIDSON,03 8 DAVIDSON ACAD,2084,001839,0.99970312,code_token_name,high,0.993
2002,2000,DAVIDSON,03 8 DAVIDSON ACAD,2084,001837,0.00028809,code_token_name,high,0.993
2002,2000,DAVIDSON,03 8 DAVIDSON ACAD,2084,001836,5.21e-06,code_token_name,high,0.993
2002,2000,DAVIDSON,03 8 DAVIDSON ACAD,2084,001842,3.19e-06,code_token_name,high,0.993
2002,2000,DAVIDSON,03 8 DAVIDSON ACAD,2084,001840,3.9e-07,code_token_name,high,0.993
2002,2000,DAVIDSON,03 8 DAVIDSON ACAD,2084,001814,0.0,code_token_name,high,0.993
2002,2000,DAVIDSON,04 1 MADISON SENIOR,2104,001814,0.57218401,code_token_name,high,0.993
2002,2000,DAVIDSON,04 1 MADISON SENIOR,2104,001815,0.4117854,code_token_name,high,0.993
2002,2000,DAVIDSON,04 1 MADISON SENIOR,2104,001807,0.01600403,code_token_name,high,0.993
2002,2000,DAVIDSON,04 1 MADISON SENIOR,2104,001837,2.657e-05,code_token_name,high,0.993
2002,2000,DAVIDSON,04 1 MADISON SENIOR,2104,001839,0.0,code_token_name,high,0.993
2002,2000,DAVIDSON,04 2 MADISON LIBRARY,2104,001814,0.57218401,code_token_name,high,0.993
2002,2000,DAVIDSON,04 2 MADISON LIBRARY,2104,001815,0.4117854,code_token_name,high,0.993
2002,2000,DAVIDSON,04 2 MADISON LIBRARY,2104,001807,0.01600403,code_token_name,high,0.993
2002,2000,DAVIDSON,04 2 MADISON LIBRARY,2104,001837,2.657e-05,code_token_name,high,0.993
2002,2000,DAVIDSON,04 2 MADISON LIBRARY,2104,001839,0.0,code_token_name,high,0.993
2002,2000,DAVIDSON,04 3 CHADWELL SCHOO,2104,001814,0.57218401,code_token_name,high,0.993
2002,2000,DAVIDSON,04 3 CHADWELL SCHOO,2104,001815,0.4117854,code_token_name,high,0.993
2002,2000,DAVIDSON,04 3 CHADWELL SCHOO,2104,001807,0.01600403,code_token_name,high,0.993
2002,2000,DAVIDSON,04 3 CHADWELL SCHOO,2104,001837,2.657e-05,code_token_name,high,0.993
2002,2000,DAVIDSON,04 3 CHADWELL SCHOO,2104,001839,0.0,code_token_name,high,0.993
2002,2000,DAVIDSON,04 4 ST JOSEPH,2104,001814,0.57218401,code_token_name,high,0.993
2002,2000,DAVIDSON,04 4 ST JOSEPH,2104,001815,0.4117854,code_token_name,high,0.993
2002,2000,DAVIDSON,04 4 ST JOSEPH,2104,001807,0.01600403,code_token_name,high,0.993
2002,2000,DAVIDSON,04 4 ST JOSEPH,2104,001837,2.657e-05,code_token_name,high,0.993
2002,2000,DAVIDSON,04 4 ST JOSEPH,2104,001839,0.0,code_token_name,high,0.993
2002,2000,DAVIDSON,05 1 HIGHLAND HEIGHT,2120,001822,0.74744903,code_token_name,high,0.993
2002,2000,DAVIDSON,05 1 HIGHLAND HEIGHT,2120,001821,0.25255097,code_token_name,high,0.993
2002,2000,DAVIDSON,05 2 CLEVELAND ST CC,2120,001822,0.74744903,code_token_name,high,0.993
2002,2000,DAVIDSON,05 2 CLEVELAND ST CC,2120,001821,0.25255097,code_token_name,high,0.993
2002,2000,DAVIDSON,05 3 EASTLAND BAPT,2120,001822,0.74744903,code_token_name,high,0.993
2002,2000,DAVIDSON,05 3 EASTLAND BAPT,2120,001821,0.25255097,code_token_name,high,0.993
2002,2000,DAVIDSON,05 4 MCFERRIN CC,2120,001822,0.74744903,code_token_name,high,0.993
2002,2000,DAVIDSON,05 4 MCFERRIN CC,2120,001821,0.25255097,code_token_name,high,0.993
2002,2000,DAVIDSON,05 5 ROSS ELEMENTAR,2120,001822,0.74744903,code_token_name,high,0.993
2002,2000,DAVIDSON,05 5 ROSS ELEMENTAR,2120,001821,0.25255097,code_token_name,high,0.993
2002,2000,DAVIDSON,06 1 EAST NASHVILLE,2140,001828,0.83483632,code_token_name,high,0.993
2002,2000,DAVIDSON,06 1 EAST NASHVILLE,2140,001826,0.16516103,code_token_name,high,0.993
2002,2000,DAVIDSON,06 1 EAST NASHVILLE,2140,001825,2.65e-06,code_token_name,high,0.993
2002,2000,DAVIDSON,06 1 EAST NASHVILLE,2140,001890,0.0,code_token_name,high,0.993
2002,2000,DAVIDSON,06 1 EAST NASHVILLE,2140,001824,0.0,code_token_name,high,0.993
2002,2000,DAVIDSON,06 1 EAST NASHVILLE,2140,001827,0.0,code_token_name,high,0.993
2002,2000,DAVIDSON,06 2 SHELBY CC,2140,001828,0.83483632,code_token_name,high,0.993
2002,2000,DAVIDSON,06 2 SHELBY CC,2140,001826,0.16516103,code_token_name,high,0.993
2002,2000,DAVIDSON,06 2 SHELBY CC,2140,001825,2.65e-06,code_token_name,high,0.993
2002,2000,DAVIDSON,06 2 SHELBY CC,2140,001890,0.0,code_token_name,high,0.993
2002,2000,DAVIDSON,06 2 SHELBY CC,2140,001824,0.0,code_token_name,high,0.993
2002,2000,DAVIDSON,06 2 SHELBY CC,2140,001827,0.0,code_token_name,high,0.993
2002,2000,DAVIDSON,06 3 EAST PARK CC,2140,001828,0.83483632,code_token_name,high,0.993
2002,2000,DAVIDSON,06 3 EAST PARK CC,2140,001826,0.16516103,code_token_name,high,0.993
2002,2000,DAVIDSON,06 3 EAST PARK CC,2140,001825,2.65e-06,code_token_name,high,0.993
2002,2000,DAVIDSON,06 3 EAST PARK CC,2140,001890,0.0,code_token_name,high,0.993
2002,2000,DAVIDSON,06 3 EAST PARK CC,2140,001824,0.0,code_token_name,high,0.993
2002,2000,DAVIDSON,06 3 EAST PARK CC,2140,001827,0.0,code_token_name,high,0.993
2002,2000,DAVIDSON,06 4 HEADQTRS FIRE,2140,001828,0.83483632,code_token_name,high,0.993
2002,2000,DAVIDSON,06 4 HEADQTRS FIRE,2140,001826,0.16516103,code_token_name,high,0.993
2002,2000,DAVIDSON,06 4 HEADQTRS FIRE,2140,001825,2.65e-06,code_token_name,high,0.993
2002,2000,DAVIDSON,06 4 HEADQTRS FIRE,2140,001890,0.0,code_token_name,high,0.993
2002,2000,DAVIDSON,06 4 HEADQTRS FIRE,2140,001824,0.0,code_token_name,high,0.993
2002,2000,DAVIDSON,06 4 HEADQTRS FIRE,2140,001827,0.0,code_token_name,high,0.993
2002,2000,DAVIDSON,06 5 CORA HOWE ELE,2140,001828,0.83483632,code_token_name,high,0.993
2002,2000,DAVIDSON,06 5 CORA HOWE ELE,2140,001826,0.16516103,code_token_name,high,0.993
2002,2000,DAVIDSON,06 5 CORA HOWE ELE,2140,001825,2.65e-06,code_token_name,high,0.993
2002,2000,DAVIDSON,06 5 CORA HOWE ELE,2140,001890,0.0,code_token_name,high,0.993
2002,2000,DAVIDSON,06 5 CORA HOWE ELE,2140,001824,0.0,code_token_name,high,0.993
2002,2000,DAVIDSON,06 5 CORA HOWE ELE,2140,001827,0.0,code_token_name,high,0.993
2002,2000,DAVIDSON,07 1 STRATFORD HIGH,2156,001833,0.69887923,code_token_name,high,0.993
2002,2000,DAVIDSON,07 1 STRATFORD HIGH,2156,001829,0.14651343,code_token_name,high,0.993
2002,2000,DAVIDSON,07 1 STRATFORD HIGH,2156,001830,0.12297981,code_token_name,high,0.993
2002,2000,DAVIDSON,07 1 STRATFORD HIGH,2156,001831,0.03152516,code_token_name,high,0.993
2002,2000,DAVIDSON,07 1 STRATFORD HIGH,2156,001827,6.837e-05,code_token_name,high,0.993
2002,2000,DAVIDSON,07 1 STRATFORD HIGH,2156,001823,1.738e-05,code_token_name,high,0.993
2002,2000,DAVIDSON,07 1 STRATFORD HIGH,2156,001825,1.662e-05,code_token_name,high,0.993
2002,2000,DAVIDSON,07 1 STRATFORD HIGH,2156,001834,0.0,code_token_name,high,0.993
2002,2000,DAVIDSON,07 2 DALEWOOD UMC,2156,001833,0.69887923,code_token_name,high,0.993
2002,2000,DAVIDSON,07 2 DALEWOOD UMC,2156,001829,0.14651343,code_token_name,high,0.993
2002,2000,DAVIDSON,07 2 DALEWOOD UMC,2156,001830,0.12297981,code_token_name,high,0.993
2002,2000,DAVIDSON,07 2 DALEWOOD UMC,2156,001831,0.03152516,code_token_name,high,0.993
2002,2000,DAVIDSON,07 2 DALEWOOD UMC,2156,001827,6.837e-05,code_token_name,high,0.993
2002,2000,DAVIDSON,07 2 DALEWOOD UMC,2156,001823,1.738e-05,code_token_name,high,0.993
2002,2000,DAVIDSON,07 2 DALEWOOD UMC,2156,001825,1.662e-05,code_token_name,high,0.993
2002,2000,DAVIDSON,07 2 DALEWOOD UMC,2156,001834,0.0,code_token_name,high,0.993
2002,2000,DAVIDSON,07 3 MEMORIAL LUTHER,2156,001833,0.69887923,code_token_name,high,0.993
2002,2000,DAVIDSON,07 3 MEMORIAL LUTHER,2156,001829,0.14651343,code_token_name,high,0.993
2002,2000,DAVIDSON,07 3 MEMORIAL LUTHER,2156,001830,0.12297981,code_token_name,high,0.993
2002,2000,DAVIDSON,07 3 MEMORIAL LUTHER,2156,001831,0.03152516,code_token_name,high,0.993
2002,2000,DAVIDSON,07 3 MEMORIAL LUTHER,2156,001827,6.837e-05,code_token_name,high,0.993
2002,2000,DAVIDSON,07 3 MEMORIAL LUTHER,2156,001823,1.738e-05,code_token_name,high,0.993
2002,2000,DAVIDSON,07 3 MEMORIAL LUTHER,2156,001825,1.662e-05,code_token_name,high,0.993
2002,2000,DAVIDSON,07 3 MEMORIAL LUTHER,2156,001834,0.0,code_token_name,high,0.993
2002,2000,DAVIDSON,07 4 CORNELIA FORT,2156,001833,0.69887923,code_token_name,high,0.993
2002,2000,DAVIDSON,07 4 CORNELIA FORT,2156,001829,0.14651343,code_token_name,high,0.993
2002,2000,DAVIDSON,07 4 CORNELIA FORT,2156,001830,0.12297981,code_token_name,high,0.993
2002,2000,DAVIDSON,07 4 CORNELIA FORT,2156,001831,0.03152516,code_token_name,high,0.993
2002,2000,DAVIDSON,07 4 CORNELIA FORT,2156,001827,6.837e-05,code_token_name,high,0.993
2002,2000,DAVIDSON,07 4 CORNELIA FORT,2156,001823,1.738e-05,code_token_name,high,0.993
2002,2000,DAVIDSON,07 4 CORNELIA FORT,2156,001825,1.662e-05,code_token_name,high,0.993
2002,2000,DAVIDSON,07 4 CORNELIA FORT,2156,001834,0.0,code_token_name,high,0.993
2002,2000,DAVIDSON,07 5 ROSEBANK SCHO,2156,001833,0.69887923,code_token_name,high,0.993
2002,2000,DAVIDSON,07 5 ROSEBANK SCHO,2156,001829,0.14651343,code_token_name,high,0.993
2002,2000,DAVIDSON,07 5 ROSEBANK SCHO,2156,001830,0.12297981,code_token_name,high,0.993
2002,2000,DAVIDSON,07 5 ROSEBANK SCHO,2156,001831,0.03152516,code_token_name,high,0.993
2002,2000,DAVIDSON,07 5 ROSEBANK SCHO,2156,001827,6.837e-05,code_token_name,high,0.993
2002,2000,DAVIDSON,07 5 ROSEBANK SCHO,2156,001823,1.738e-05,code_token_name,high,0.993
2002,2000,DAVIDSON,07 5 ROSEBANK SCHO,2156,001825,1.662e-05,code_token_name,high,0.993
2002,2000,DAVIDSON,07 5 ROSEBANK SCHO,2156,001834,0.0,code_token_name,high,0.993
2002,2000,DAVIDSON,08 1 TOM JOY,2172,001836,0.8222315,code_token_name,high,0.993
2002,2000,DAVIDSON,08 1 TOM JOY,2172,001842,0.13849488,code_token_name,high,0.993
2002,2000,DAVIDSON,08 1 TOM JOY,2172,001839,0.0392683,code_token_name,high,0.993
2002,2000,DAVIDSON,08 1 TOM JOY,2172,001835,5.28e-06,code_token_name,high,0.993
2002,2000,DAVIDSON,08 1 TOM JOY,2172,001868,4e-08,code_token_name,high,0.993
2002,2000,DAVIDSON,08 2 GRA MAR SCHOOL,2172,001836,0.8222315,code_token_name,high,0.993
2002,2000,DAVIDSON,08 2 GRA MAR SCHOOL,2172,001842,0.13849488,code_token_name,high,0.993
2002,2000,DAVIDSON,08 2 GRA MAR SCHOOL,2172,001839,0.0392683,code_token_name,high,0.993
2002,2000,DAVIDSON,08 2 GRA MAR SCHOOL,2172,001835,5.28e-06,code_token_name,high,0.993
2002,2000,DAVIDSON,08 2 GRA MAR SCHOOL,2172,001868,4e-08,code_token_name,high,0.993
2002,2000,DAVIDSON,08 3 BRUSH HILL CUMB,2172,001836,0.8222315,code_token_name,high,0.993
2002,2000,DAVIDSON,08 3 BRUSH HILL CUMB,2172,001842,0.13849488,code_token_name,high,0.993
2002,2000,DAVIDSON,08 3 BRUSH HILL CUMB,2172,001839,0.0392683,code_token_name,high,0.993
2002,2000,DAVIDSON,08 3 BRUSH HILL CUMB,2172,001835,5.28e-06,code_token_name,high,0.993
2002,2000,DAVIDSON,08 3 BRUSH HILL CUMB,2172,001868,4e-08,code_token_name,high,0.993
2002,2000,DAVIDSON,08 4 DALEWOOD BAPT,2172,001836,0.8222315,code_token_name,high,0.993
2002,2000,DAVIDSON,08 4 DALEWOOD BAPT,2172,001842,0.13849488,code_token_name,high,0.993
2002,2000,DAVIDSON,08 4 DALEWOOD BAPT,2172,001839,0.0392683,code_token_name,high,0.993
2002,2000,DAVIDSON,08 4 DALEWOOD BAPT,2172,001835,5.28e-06,code_token_name,high,0.993
2002,2000,DAVIDSON,08 4 DALEWOOD BAPT,2172,001868,4e-08,code_token_name,high,0.993
2002,2000,DAVIDSON,09 1 MADISON PARK C,2192,001841,0.99999764,code_token_name,high,0.993
2002,2000,DAVIDSON,09 1 MADISON PARK C,2192,001842,2.32e-06,code_token_name,high,0.993
2002,2000,DAVIDSON,09 1 MADISON PARK C,2192,001850,2e-08,code_token_name,high,0.993
2002,2000,DAVIDSON,09 1 MADISON PARK C,2192,001849,2e-08,code_token_name,high,0.993
2002,2000,DAVIDSON,09 1 MADISON PARK C,2192,001840,0.0,code_token_name,high,0.993
2002,2000,DAVIDSON,09 1 MADISON PARK C,2192,001848,0.0,code_token_name,high,0.993
2002,2000,DAVIDSON,09 1 MADISON PARK C,2192,001839,0.0,code_token_name,high,0.993
2002,2000,DAVIDSON,09 2 MADISON LIBRARY,2192,001841,0.99999764,code_token_name,high,0.993
2002,2000,DAVIDSON,09 2 MADISON LIBRARY,2192,001842,2.32e-06,code_token_name,high,0.993
2002,2000,DAVIDSON,09 2 MADISON LIBRARY,2192,001850,2e-08,code_token_name,high,0.993
2002,2000,DAVIDSON,09 2 MADISON LIBRARY,2192,001849,2e-08,code_token_name,high,0.993
2002,2000,DAVIDSON,09 2 MADISON LIBRARY,2192,001840,0.0,code_token_name,high,0.993
2002,2000,DAVIDSON,09 2 MADISON LIBRARY,2192,001848,0.0,code_token_name,high,0.993
2002,2000,DAVIDSON,09 2 MADISON LIBRARY,2192,001839,0.0,code_token_name,high,0.993
2002,2000,DAVIDSON,09 3 NEELY S BEND M,2192,001841,0.99999764,code_token_name,high,0.993
2002,2000,DAVIDSON,09 3 NEELY S BEND M,2192,001842,2.32e-06,code_token_name,high,0.993
2002,2000,DAVIDSON,09 3 NEELY S BEND M,2192,001850,2e-08,code_token_name,high,0.993
2002,2000,DAVIDSON,09 3 NEELY S BEND M,2192,001849,2e-08,code_token_name,high,0.993
2002,2000,DAVIDSON,09 3 NEELY S BEND M,2192,001840,0.0,code_token_name,high,0.993
2002,2000,DAVIDSON,09 3 NEELY S BEND M,2192,001848,0.0,code_token_name,high,0.993
2002,2000,DAVIDSON,09 3 NEELY S BEND M,2192,001839,0.0,code_token_name,high,0.993
2002,2000,DAVIDSON,10 1 LUTON S UMC,1556,001849,0.99520802,code_token_name,high,0.993
2002,2000,DAVIDSON,10 1 LUTON S UMC,1556,001841,0.00477642,code_token_name,high,0.993
2002,2000,DAVIDSON,10 1 LUTON S UMC,1556,001850,1.098e-05,code_token_name,high,0.993
2002,2000,DAVIDSON,10 1 LUTON S UMC,1556,001846,4.18e-06,code_token_name,high,0.993
2002,2000,DAVIDSON,10 1 LUTON S UMC,1556,001847,4e-07,code_token_name,high,0.993
2002,2000,DAVIDSON,10 1 LUTON S UMC,1556,001848,0.0,code_token_name,high,0.993
2002,2000,DAVIDSON,10 2 WALKER CRK UM,1556,001849,0.99520802,code_token_name,high,0.993
2002,2000,DAVIDSON,10 2 WALKER CRK UM,1556,001841,0.00477642,code_token_name,high,0.993
2002,2000,DAVIDSON,10 2 WALKER CRK UM,1556,001850,1.098e-05,code_token_name,high,0.993
2002,2000,DAVIDSON,10 2 WALKER CRK UM,1556,001846,4.18e-06,code_token_name,high,0.993
2002,2000,DAVIDSON,10 2 WALKER CRK UM,1556,001847,4e-07,code_token_name,high,0.993
2002,2000,DAVIDSON,10 2 WALKER CRK UM,1556,001848,0.0,code_token_name,high,0.993
2002,2000,DAVIDSON,10 3 GOODLETTSVILLE,1556,001849,0.99520802,code_token_name,high,0.993
2002,2000,DAVIDSON,10 3 GOODLETTSVILLE,1556,001841,0.00477642,code_token_name,high,0.993
2002,2000,DAVIDSON,10 3 GOODLETTSVILLE,1556,001850,1.098e-05,code_token_name,high,0.993
2002,2000,DAVIDSON,10 3 GOODLETTSVILLE,1556,001846,4.18e-06,code_token_name,high,0.993
2002,2000,DAVIDSON,10 3 GOODLETTSVILLE,1556,001847,4e-07,code_token_name,high,0.993
2002,2000,DAVIDSON,10 3 GOODLETTSVILLE,1556,001848,0.0,code_token_name,high,0.993
2002,2000,DAVIDSON,10 4 FIRST BAPTIST,1556,001849,0.99520802,code_token_name,high,0.993
2002,2000,DAVIDSON,10 4 FIRST BAPTIST,1556,001841,0.00477642,code_token_name,high,0.993
2002,2000,DAVIDSON,10 4 FIRST BAPTIST,1556,001850,1.098e-05,code_token_name,high,0.993
2002,2000,DAVIDSON,10 4 FIRST BAPTIST,1556,001846,4.18e-06,code_token_name,high,0.993
2002,2000,DAVIDSON,10 4 FIRST BAPTIST,1556,001847,4e-07,code_token_name,high,0.993
2002,2000,DAVIDSON,10 4 FIRST BAPTIST,1556,001848,0.0,code_token_name,high,0.993
2002,2000,DAVIDSON,10 5 PARKWAY BAPTIST,1556,001849,0.99520802,code_token_name,high,0.993
2002,2000,DAVIDSON,10 5 PARKWAY BAPTIST,1556,001841,0.00477642,code_token_name,high,0.993
2002,2000,DAVIDSON,10 5 PARKWAY BAPTIST,1556,001850,1.098e-05,code_token_name,high,0.993
2002,2000,DAVIDSON,10 5 PARKWAY BAPTIST,1556,001846,4.18e-06,code_token_name,high,0.993
2002,2000,DAVIDSON,10 5 PARKWAY BAPTIST,1556,001847,4e-07,code_token_name,high,0.993
2002,2000,DAVIDSON,10 5 PARKWAY BAPTIST,1556,001848,0.0,code_token_name,high,0.993
2002,2000,DAVIDSON,10 6 GATEWAY SCHOOL,1556,001849,0.99520802,code_token_name,high,0.993
2002,2000,DAVIDSON,10 6 GATEWAY SCHOOL,1556,001841,0.00477642,code_token_name,high,0.993
2002,2000,DAVIDSON,10 6 GATEWAY SCHOOL,1556,001850,1.098e-05,code_token_name,high,0.993
2002,2000,DAVIDSON,10 6 GATEWAY SCHOOL,1556,001846,4.18e-06,code_token_name,high,0.993
2002,2000,DAVIDSON,10 6 GATEWAY SCHOOL,1556,001847,4e-07,code_token_name,high,0.993
2002,2000,DAVIDSON,10 6 GATEWAY SCHOOL,1556,001848,0.0,code_token_name,high,0.993
2002,2000,DAVIDSON,11 1 OLD HICKORY CC,1572,001850,0.99989305,code_token_name,high,0.993
2002,2000,DAVIDSON,11 1 OLD HICKORY CC,1572,001841,5.046e-05,code_token_name,high,0.993
2002,2000,DAVIDSON,11 1 OLD HICKORY CC,1572,001849,3.721e-05,code_token_name,high,0.993
2002,2000,DAVIDSON,11 1 OLD HICKORY CC,1572,001852,1.928e-05,code_token_name,high,0.993
2002,2000,DAVIDSON,11 1 OLD HICKORY CC,1572,001843,0.0,code_token_name,high,0.993
2002,2000,DAVIDSON,11 2 LAKEWOOD CITY,1577,001850,0.98980051,prefix_name,high,0.995
2002,2000,DAVIDSON,11 2 LAKEWOOD CITY,1577,001852,0.00874693,prefix_name,high,0.995
2002,2000,DAVIDSON,11 2 LAKEWOOD CITY,1577,001851,0.00145256,prefix_name,high,0.995
2002,2000,DAVIDSON,11 3 ANDREW JACKSO,1572,001850,0.99989305,code_token_name,high,0.993
2002,2000,DAVIDSON,11 3 ANDREW JACKSO,1572,001841,5.046e-05,code_token_name,high,0.993
2002,2000,DAVIDSON,11 3 ANDREW JACKSO,1572,001849,3.721e-05,code_token_name,high,0.993
2002,2000,DAVIDSON,11 3 ANDREW JACKSO,1572,001852,1.928e-05,code_token_name,high,0.993
2002,2000,DAVIDSON,11 3 ANDREW JACKSO,1572,001843,0.0,code_token_name,high,0.993
2002,2000,DAVIDSON,11 4 DUPONT TYLER,1572,001850,0.99989305,code_token_name,high,0.993
2002,2000,DAVIDSON,11 4 DUPONT TYLER,1572,001841,5.046e-05,code_token_name,high,0.993
2002,2000,DAVIDSON,11 4 DUPONT TYLER,1572,001849,3.721e-05,code_token_name,high,0.993
2002,2000,DAVIDSON,11 4 DUPONT TYLER,1572,001852,1.928e-05,code_token_name,high,0.993
2002,2000,DAVIDSON,11 4 DUPONT TYLER,1572,001843,0.0,code_token_name,high,0.993
2002,2000,DAVIDSON,12 1 HERMITAGE PRES,1596,001854,0.25729517,code_token_name,high,0.993
2002,2000,DAVIDSON,12 1 HERMITAGE PRES,1596,001853,0.22948033,code_token_name,high,0.993
2002,2000,DAVIDSON,12 1 HERMITAGE PRES,1596,001863,0.22101576,code_token_name,high,0.993
2002,2000,DAVIDSON,12 1 HERMITAGE PRES,1596,001857,0.17379554,code_token_name,high,0.993
2002,2000,DAVIDSON,12 1 HERMITAGE PRES,1596,001856,0.11836328,code_token_name,high,0.993
2002,2000,DAVIDSON,12 1 HERMITAGE PRES,1596,001864,4.992e-05,code_token_name,high,0.993
2002,2000,DAVIDSON,12 1 HERMITAGE PRES,1596,001867,1e-08,code_token_name,high,0.993
2002,2000,DAVIDSON,12 3 NEW DODSON ELE,1596,001854,0.25729517,code_token_name,high,0.993
2002,2000,DAVIDSON,12 3 NEW DODSON ELE,1596,001853,0.22948033,code_token_name,high,0.993
2002,2000,DAVIDSON,12 3 NEW DODSON ELE,1596,001863,0.22101576,code_token_name,high,0.993
2002,2000,DAVIDSON,12 3 NEW DODSON ELE,1596,001857,0.17379554,code_token_name,high,0.993
2002,2000,DAVIDSON,12 3 NEW DODSON ELE,1596,001856,0.11836328,code_token_name,high,0.993
2002,2000,DAVIDSON,12 3 NEW DODSON ELE,1596,001864,4.992e-05,code_token_name,high,0.993
2002,2000,DAVIDSON,12 3 NEW DODSON ELE,1596,001867,1e-08,code_token_name,high,0.993
2002,2000,DAVIDSON,12 4 NEW HOPE BAPT,1596,001854,0.25729517,code_token_name,high,0.993
2002,2000,DAVIDSON,12 4 NEW HOPE BAPT,1596,001853,0.22948033,code_token_name,high,0.993
2002,2000,DAVIDSON,12 4 NEW HOPE BAPT,1596,001863,0.22101576,code_token_name,high,0.993
2002,2000,DAVIDSON,12 4 NEW HOPE BAPT,1596,001857,0.17379554,code_token_name,high,0.993
2002,2000,DAVIDSON,12 4 NEW HOPE BAPT,1596,001856,0.11836328,code_token_name,high,0.993
2002,2000,DAVIDSON,12 4 NEW HOPE BAPT,1596,001864,4.992e-05,code_token_name,high,0.993
2002,2000,DAVIDSON,12 4 NEW HOPE BAPT,1596,001867,1e-08,code_token_name,high,0.993
2002,2000,DAVIDSON,13 1 GLENVIEW SCHOO,1612,001874,0.78104766,code_token_name,high,0.993
2002,2000,DAVIDSON,13 1 GLENVIEW SCHOO,1612,001860,0.21895234,code_token_name,high,0.993
2002,2000,DAVIDSON,13 1 GLENVIEW SCHOO,1612,001859,0.0,code_token_name,high,0.993
2002,2000,DAVIDSON,13 1 GLENVIEW SCHOO,1612,001875,0.0,code_token_name,high,0.993
2002,2000,DAVIDSON,13 1 GLENVIEW SCHOO,1612,001873,0.0,code_token_name,high,0.993
2002,2000,DAVIDSON,13 2 GLENGARRY SCH,1612,001874,0.78104766,code_token_name,high,0.993
2002,2000,DAVIDSON,13 2 GLENGARRY SCH,1612,001860,0.21895234,code_token_name,high,0.993
2002,2000,DAVIDSON,13 2 GLENGARRY SCH,1612,001859,0.0,code_token_name,high,0.993
2002,2000,DAVIDSON,13 2 GLENGARRY SCH,1612,001875,0.0,code_token_name,high,0.993
2002,2000,DAVIDSON,13 2 GLENGARRY SCH,1612,001873,0.0,code_token_name,high,0.993
2002,2000,DAVIDSON,13 3 VULTEE FIREHALL,1612,001874,0.78104766,code_token_name,high,0.993
2002,2000,DAVIDSON,13 3 VULTEE FIREHALL,1612,001860,0.21895234,code_token_name,high,0.993
2002,2000,DAVIDSON,13 3 VULTEE FIREHALL,1612,001859,0.0,code_token_name,high,0.993
2002,2000,DAVIDSON,13 3 VULTEE FIREHALL,1612,001875,0.0,code_token_name,high,0.993
2002,2000,DAVIDSON,13 3 VULTEE FIREHALL,1612,001873,0.0,code_token_name,high,0.993
2002,2000,DAVIDSON,13 4 PLEASANT HILL,1612,001874,0.78104766,code_token_name,high,0.993
2002,2000,DAVIDSON,13 4 PLEASANT HILL,1612,001860,0.21895234,code_token_name,high,0.993
2002,2000,DAVIDSON,13 4 PLEASANT HILL,1612,001859,0.0,code_token_name,high,0.993
2002,2000,DAVIDSON,13 4 PLEASANT HILL,1612,001875,0.0,code_token_name,high,0.993
2002,2000,DAVIDSON,13 4 PLEASANT HILL,1612,001873,0.0,code_token_name,high,0.993
2002,2000,DAVIDSON,14 1 HERMITAGE HILLS,1640,001867,0.66939597,code_token_name,high,0.993
2002,2000,DAVIDSON,14 1 HERMITAGE HILLS,1640,001870,0.33060209,code_token_name,high,0.993
2002,2000,DAVIDSON,14 1 HERMITAGE HILLS,1640,001861,1.94e-06,code_token_name,high,0.993
2002,2000,DAVIDSON,14 2 HERMITAGE SCH,1640,001867,0.66939597,code_token_name,high,0.993
2002,2000,DAVIDSON,14 2 HERMITAGE SCH,1640,001870,0.33060209,code_token_name,high,0.993
2002,2000,DAVIDSON,14 2 HERMITAGE SCH,1640,001861,1.94e-06,code_token_name,high,0.993
2002,2000,DAVIDSON,14 3 TENN SCH BLIND,1640,001867,0.66939597,code_token_name,high,0.993
2002,2000,DAVIDSON,14 3 TENN SCH BLIND,1640,001870,0.33060209,code_token_name,high,0.993
2002,2000,DAVIDSON,14 3 TENN SCH BLIND,1640,001861,1.94e-06,code_token_name,high,0.993
2002,2000,DAVIDSON,14 5 HICKMAN SCHOOL,1640,001867,0.66939597,code_token_name,high,0.993
2002,2000,DAVIDSON,14 5 HICKMAN SCHOOL,1640,001870,0.33060209,code_token_name,high,0.993
2002,2000,DAVIDSON,14 5 HICKMAN SCHOOL,1640,001861,1.94e-06,code_token_name,high,0.993
2002,2000,DAVIDSON,15 1 TWO RIVERS SCH,1656,001868,0.92689883,code_token_name,high,0.993
2002,2000,DAVIDSON,15 1 TWO RIVERS SCH,1656,001869,0.0731003,code_token_name,high,0.993
2002,2000,DAVIDSON,15 1 TWO RIVERS SCH,1656,001835,3.5e-07,code_token_name,high,0.993
2002,2000,DAVIDSON,15 1 TWO RIVERS SCH,1656,001842,2.2e-07,code_token_name,high,0.993
2002,2000,DAVIDSON,15 1 TWO RIVERS SCH,1656,001836,2e-07,code_token_name,high,0.993
2002,2000,DAVIDSON,15 1 TWO RIVERS SCH,1656,001832,5e-08,code_token_name,high,0.993
2002,2000,DAVIDSON,15 1 TWO RIVERS SCH,1656,001870,5e-08,code_token_name,high,0.993
2002,2000,DAVIDSON,15 1 TWO RIVERS SCH,1656,001843,0.0,code_token_name,high,0.993
2002,2000,DAVIDSON,15 1 TWO RIVERS SCH,1656,001829,0.0,code_token_name,high,0.993
2002,2000,DAVIDSON,15 1 TWO RIVERS SCH,1656,001871,0.0,code_token_name,high,0.993
2002,2000,DAVIDSON,15 1 TWO RIVERS SCH,1656,001864,0.0,code_token_name,high,0.993
2002,2000,DAVIDSON,15 2 DONELSON UMC,1656,001868,0.92689883,code_token_name,high,0.993
2002,2000,DAVIDSON,15 2 DONELSON UMC,1656,001869,0.0731003,code_token_name,high,0.993
2002,2000,DAVIDSON,15 2 DONELSON UMC,1656,001835,3.5e-07,code_token_name,high,0.993
2002,2000,DAVIDSON,15 2 DONELSON UMC,1656,001842,2.2e-07,code_token_name,high,0.993
2002,2000,DAVIDSON,15 2 DONELSON UMC,1656,001836,2e-07,code_token_name,high,0.993
2002,2000,DAVIDSON,15 2 DONELSON UMC,1656,001832,5e-08,code_token_name,high,0.993
2002,2000,DAVIDSON,15 2 DONELSON UMC,1656,001870,5e-08,code_token_name,high,0.993
2002,2000,DAVIDSON,15 2 DONELSON UMC,1656,001843,0.0,code_token_name,high,0.993
2002,2000,DAVIDSON,15 2 DONELSON UMC,1656,001829,0.0,code_token_name,high,0.993
2002,2000,DAVIDSON,15 2 DONELSON UMC,1656,001871,0.0,code_token_name,high,0.993
2002,2000,DAVIDSON,15 2 DONELSON UMC,1656,001864,0.0,code_token_name,high,0.993
2002,2000,DAVIDSON,15 3 DONELSON LIB,1656,001868,0.92689883,code_token_name,high,0.993
2002,2000,DAVIDSON,15 3 DONELSON LIB,1656,001869,0.0731003,code_token_name,high,0.993
2002,2000,DAVIDSON,15 3 DONELSON LIB,1656,001835,3.5e-07,code_token_name,high,0.993
2002,2000,DAVIDSON,15 3 DONELSON LIB,1656,001842,2.2e-07,code_token_name,high,0.993
2002,2000,DAVIDSON,15 3 DONELSON LIB,1656,001836,2e-07,code_token_name,high,0.993
2002,2000,DAVIDSON,15 3 DONELSON LIB,1656,001832,5e-08,code_token_name,high,0.993
2002,2000,DAVIDSON,15 3 DONELSON LIB,1656,001870,5e-08,code_token_name,high,0.993
2002,2000,DAVIDSON,15 3 DONELSON LIB,1656,001843,0.0,code_token_name,high,0.993
2002,2000,DAVIDSON,15 3 DONELSON LIB,1656,001829,0.0,code_token_name,high,0.993
2002,2000,DAVIDSON,15 3 DONELSON LIB,1656,001871,0.0,code_token_name,high,0.993
2002,2000,DAVIDSON,15 3 DONELSON LIB,1656,001864,0.0,code_token_name,high,0.993
2002,2000,DAVIDSON,15 4 MARGARET ALLEN,1656,001868,0.92689883,code_token_name,high,0.993
2002,2000,DAVIDSON,15 4 MARGARET ALLEN,1656,001869,0.0731003,code_token_name,high,0.993
2002,2000,DAVIDSON,15 4 MARGARET ALLEN,1656,001835,3.5e-07,code_token_name,high,0.993
2002,2000,DAVIDSON,15 4 MARGARET ALLEN,1656,001842,2.2e-07,code_token_name,high,0.993
2002,2000,DAVIDSON,15 4 MARGARET ALLEN,1656,001836,2e-07,code_token_name,high,0.993
2002,2000,DAVIDSON,15 4 MARGARET ALLEN,1656,001832,5e-08,code_token_name,high,0.993
2002,2000,DAVIDSON,15 4 MARGARET ALLEN,1656,001870,5e-08,code_token_name,high,0.993
2002,2000,DAVIDSON,15 4 MARGARET ALLEN,1656,001843,0.0,code_token_name,high,0.993
2002,2000,DAVIDSON,15 4 MARGARET ALLEN,1656,001829,0.0,code_token_name,high,0.993
2002,2000,DAVIDSON,15 4 MARGARET ALLEN,1656,001871,0.0,code_token_name,high,0.993
2002,2000,DAVIDSON,15 4 MARGARET ALLEN,1656,001864,0.0,code_token_name,high,0.993
2002,2000,DAVIDSON,15 5 VULTEE CHURCH,1656,001868,0.92689883,code_token_name,high,0.993
2002,2000,DAVIDSON,15 5 VULTEE CHURCH,1656,001869,0.0731003,code_token_name,high,0.993
2002,2000,DAVIDSON,15 5 VULTEE CHURCH,1656,001835,3.5e-07,code_token_name,high,0.993
2002,2000,DAVIDSON,15 5 VULTEE CHURCH,1656,001842,2.2e-07,code_token_name,high,0.993
2002,2000,DAVIDSON,15 5 VULTEE CHURCH,1656,001836,2e-07,code_token_name,high,0.993
2002,2000,DAVIDSON,15 5 VULTEE CHURCH,1656,001832,5e-08,code_token_name,high,0.993
2002,2000,DAVIDSON,15 5 VULTEE CHURCH,1656,001870,5e-08,code_token_name,high,0.993
2002,2000,DAVIDSON,15 5 VULTEE CHURCH,1656,001843,0.0,code_token_name,high,0.993
2002,2000,DAVIDSON,15 5 VULTEE CHURCH,1656,001829,0.0,code_token_name,high,0.993
2002,2000,DAVIDSON,15 5 VULTEE CHURCH,1656,001871,0.0,code_token_name,high,0.993
2002,2000,DAVIDSON,15 5 VULTEE CHURCH,1656,001864,0.0,code_token_name,high,0.993
2002,2000,DAVIDSON,15 6 IBEW,1656,001868,0.92689883,code_token_name,high,0.993
2002,2000,DAVIDSON,15 6 IBEW,1656,001869,0.0731003,code_token_name,high,0.993
2002,2000,DAVIDSON,15 6 IBEW,1656,001835,3.5e-07,code_token_name,high,0.993
2002,2000,DAVIDSON,15 6 IBEW,1656,001842,2.2e-07,code_token_name,high,0.993
2002,2000,DAVIDSON,15 6 IBEW,1656,001836,2e-07,code_token_name,high,0.993
2002,2000,DAVIDSON,15 6 IBEW,1656,001832,5e-08,code_token_name,high,0.993
2002,2000,DAVIDSON,15 6 IBEW,1656,001870,5e-08,code_token_name,high,0.993
2002,2000,DAVIDSON,15 6 IBEW,1656,001843,0.0,code_token_name,high,0.993
2002,2000,DAVIDSON,15 6 IBEW,1656,001829,0.0,code_token_name,high,0.993
2002,2000,DAVIDSON,15 6 IBEW,1656,001871,0.0,code_token_name,high,0.993
2002,2000,DAVIDSON,15 6 IBEW,1656,001864,0.0,code_token_name,high,0.993
2002,2000,DAVIDSON,15 7 IBEW,1656,001868,0.92689883,code_token_name,high,0.993
2002,2000,DAVIDSON,15 7 IBEW,1656,001869,0.0731003,code_token_name,high,0.993
2002,2000,DAVIDSON,15 7 IBEW,1656,001835,3.5e-07,code_token_name,high,0.993
2002,2000,DAVIDSON,15 7 IBEW,1656,001842,2.2e-07,code_token_name,high,0.993
2002,2000,DAVIDSON,15 7 IBEW,1656,001836,2e-07,code_token_name,high,0.993
2002,2000,DAVIDSON,15 7 IBEW,1656,001832,5e-08,code_token_name,high,0.993
2002,2000,DAVIDSON,15 7 IBEW,1656,001870,5e-08,code_token_name,high,0.993
2002,2000,DAVIDSON,15 7 IBEW,1656,001843,0.0,code_token_name,high,0.993
2002,2000,DAVIDSON,15 7 IBEW,1656,001829,0.0,code_token_name,high,0.993
2002,2000,DAVIDSON,15 7 IBEW,1656,001871,0.0,code_token_name,high,0.993
2002,2000,DAVIDSON,15 7 IBEW,1656,001864,0.0,code_token_name,high,0.993
2002,2000,DAVIDSON,16 2 POLK FIRE 12,1672,001884,0.57746001,code_token_name,high,0.993
2002,2000,DAVIDSON,16 2 POLK FIRE 12,1672,001883,0.42245024,code_token_name,high,0.993
2002,2000,DAVIDSON,16 2 POLK FIRE 12,1672,001882,8.975e-05,code_token_name,high,0.993
2002,2000,DAVIDSON,16 3 VULTEE CHURCH,1672,001884,0.57746001,code_token_name,high,0.993
2002,2000,DAVIDSON,16 3 VULTEE CHURCH,1672,001883,0.42245024,code_token_name,high,0.993
2002,2000,DAVIDSON,16 3 VULTEE CHURCH,1672,001882,8.975e-05,code_token_name,high,0.993
2002,2000,DAVIDSON,16 4 WOODBINE CUM,1672,001884,0.57746001,code_token_name,high,0.993
2002,2000,DAVIDSON,16 4 WOODBINE CUM,1672,001883,0.42245024,code_token_name,high,0.993
2002,2000,DAVIDSON,16 4 WOODBINE CUM,1672,001882,8.975e-05,code_token_name,high,0.993
2002,2000,DAVIDSON,16 5 WOODBINE BAPT,1672,001884,0.57746001,code_token_name,high,0.993
2002,2000,DAVIDSON,16 5 WOODBINE BAPT,1672,001883,0.42245024,code_token_name,high,0.993
2002,2000,DAVIDSON,16 5 WOODBINE BAPT,1672,001882,8.975e-05,code_token_name,high,0.993
2002,2000,DAVIDSON,16 6 GLENCLIFF HIGH,1672,001884,0.57746001,code_token_name,high,0.993
2002,2000,DAVIDSON,16 6 GLENCLIFF HIGH,1672,001883,0.42245024,code_token_name,high,0.993
2002,2000,DAVIDSON,16 6 GLENCLIFF HIGH,1672,001882,8.975e-05,code_token_name,high,0.993
2002,2000,DAVIDSON,17 1 NAPIER CC,1688,001878,0.72715814,code_token_name,high,0.993
2002,2000,DAVIDSON,17 1 NAPIER CC,1688,001879,0.1374495,code_token_name,high,0.993
2002,2000,DAVIDSON,17 1 NAPIER CC,1688,001886,0.13539054,code_token_name,high,0.993
2002,2000,DAVIDSON,17 1 NAPIER CC,1688,001888,1.73e-06,code_token_name,high,0.993
2002,2000,DAVIDSON,17 1 NAPIER CC,1688,001893,9e-08,code_token_name,high,0.993
2002,2000,DAVIDSON,17 1 NAPIER CC,1688,001881,0.0,code_token_name,high,0.993
2002,2000,DAVIDSON,17 1 NAPIER CC,1688,001884,0.0,code_token_name,high,0.993
2002,2000,DAVIDSON,17 2 TREVECCA TOWER,1688,001878,0.72715814,code_token_name,high,0.993
2002,2000,DAVIDSON,17 2 TREVECCA TOWER,1688,001879,0.1374495,code_token_name,high,0.993
2002,2000,DAVIDSON,17 2 TREVECCA TOWER,1688,001886,0.13539054,code_token_name,high,0.993
2002,2000,DAVIDSON,17 2 TREVECCA TOWER,1688,001888,1.73e-06,code_token_name,high,0.993
2002,2000,DAVIDSON,17 2 TREVECCA TOWER,1688,001893,9e-08,code_token_name,high,0.993
2002,2000,DAVIDSON,17 2 TREVECCA TOWER,1688,001881,0.0,code_token_name,high,0.993
2002,2000,DAVIDSON,17 2 TREVECCA TOWER,1688,001884,0.0,code_token_name,high,0.993
2002,2000,DAVIDSON,17 3 JOHNSON MIDDLE,1688,001878,0.72715814,code_token_name,high,0.993
2002,2000,DAVIDSON,17 3 JOHNSON MIDDLE,1688,001879,0.1374495,code_token_name,high,0.993
2002,2000,DAVIDSON,17 3 JOHNSON MIDDLE,1688,001886,0.13539054,code_token_name,high,0.993
2002,2000,DAVIDSON,17 3 JOHNSON MIDDLE,1688,001888,1.73e-06,code_token_name,high,0.993
2002,2000,DAVIDSON,17 3 JOHNSON MIDDLE,1688,001893,9e-08,code_token_name,high,0.993
2002,2000,DAVIDSON,17 3 JOHNSON MIDDLE,1688,001881,0.0,code_token_name,high,0.993
2002,2000,DAVIDSON,17 3 JOHNSON MIDDLE,1688,001884,0.0,code_token_name,high,0.993
2002,2000,DAVIDSON,17 4 SEVIER PARK CC,1688,001878,0.72715814,code_token_name,high,0.993
2002,2000,DAVIDSON,17 4 SEVIER PARK CC,1688,001879,0.1374495,code_token_name,high,0.993
2002,2000,DAVIDSON,17 4 SEVIER PARK CC,1688,001886,0.13539054,code_token_name,high,0.993
2002,2000,DAVIDSON,17 4 SEVIER PARK CC,1688,001888,1.73e-06,code_token_name,high,0.993
2002,2000,DAVIDSON,17 4 SEVIER PARK CC,1688,001893,9e-08,code_token_name,high,0.993
2002,2000,DAVIDSON,17 4 SEVIER PARK CC,1688,001881,0.0,code_token_name,high,0.993
2002,2000,DAVIDSON,17 4 SEVIER PARK CC,1688,001884,0.0,code_token_name,high,0.993
2002,2000,DAVIDSON,17 5 BERRY HILL CITY,1688,001878,0.72715814,code_token_name,high,0.993
2002,2000,DAVIDSON,17 5 BERRY HILL CITY,1688,001879,0.1374495,code_token_name,high,0.993
2002,2000,DAVIDSON,17 5 BERRY HILL CITY,1688,001886,0.13539054,code_token_name,high,0.993
2002,2000,DAVIDSON,17 5 BERRY HILL CITY,1688,001888,1.73e-06,code_token_name,high,0.993
2002,2000,DAVIDSON,17 5 BERRY HILL CITY,1688,001893,9e-08,code_token_name,high,0.993
2002,2000,DAVIDSON,17 5 BERRY HILL CITY,1688,001881,0.0,code_token_name,high,0.993
2002,2000,DAVIDSON,17 5 BERRY HILL CITY,1688,001884,0.0,code_token_name,high,0.993
2002,2000,DAVIDSON,17 6 BERRY SCHOOL,1688,001878,0.72715814,code_token_name,high,0.993
2002,2000,DAVIDSON,17 6 BERRY SCHOOL,1688,001879,0.1374495,code_token_name,high,0.993
2002,2000,DAVIDSON,17 6 BERRY SCHOOL,1688,001886,0.13539054,code_token_name,high,0.993
2002,2000,DAVIDSON,17 6 BERRY SCHOOL,1688,001888,1.73e-06,code_token_name,high,0.993
2002,2000,DAVIDSON,17 6 BERRY SCHOOL,1688,001893,9e-08,code_token_name,high,0.993
2002,2000,DAVIDSON,17 6 BERRY SCHOOL,1688,001881,0.0,code_token_name,high,0.993
2002,2000,DAVIDSON,17 6 BERRY SCHOOL,1688,001884,0.0,code_token_name,high,0.993
2002,2000,DAVIDSON,17 7 VINE HILL TOWER,1688,001878,0.72715814,code_token_name,high,0.993
2002,2000,DAVIDSON,17 7 VINE HILL TOWER,1688,001879,0.1374495,code_token_name,high,0.993
2002,2000,DAVIDSON,17 7 VINE HILL TOWER,1688,001886,0.13539054,code_token_name,high,0.993
2002,2000,DAVIDSON,17 7 VINE HILL TOWER,1688,001888,1.73e-06,code_token_name,high,0.993
2002,2000,DAVIDSON,17 7 VINE HILL TOWER,1688,001893,9e-08,code_token_name,high,0.993
2002,2000,DAVIDSON,17 7 VINE HILL TOWER,1688,001881,0.0,code_token_name,high,0.993
2002,2000,DAVIDSON,17 7 VINE HILL TOWER,1688,001884,0.0,code_token_name,high,0.993
2002,2000,DAVIDSON,17 8 NAPIER SCHOOL,1688,001878,0.72715814,code_token_name,high,0.993
2002,2000,DAVIDSON,17 8 NAPIER SCHOOL,1688,001879,0.1374495,code_token_name,high,0.993
2002,2000,DAVIDSON,17 8 NAPIER SCHOOL,1688,001886,0.13539054,code_token_name,high,0.993
2002,2000,DAVIDSON,17 8 NAPIER SCHOOL,1688,001888,1.73e-06,code_token_name,high,0.993
2002,2000,DAVIDSON,17 8 NAPIER SCHOOL,1688,001893,9e-08,code_token_name,high,0.993
2002,2000,DAVIDSON,17 8 NAPIER SCHOOL,1688,001881,0.0,code_token_name,high,0.993
2002,2000,DAVIDSON,17 8 NAPIER SCHOOL,1688,001884,0.0,code_token_name,high,0.993
2002,2000,DAVIDSON,17 9 EDGEHILL LIB,1688,001878,0.72715814,code_token_name,high,0.993
2002,2000,DAVIDSON,17 9 EDGEHILL LIB,1688,001879,0.1374495,code_token_name,high,0.993
2002,2000,DAVIDSON,17 9 EDGEHILL LIB,1688,001886,0.13539054,code_token_name,high,0.993
2002,2000,DAVIDSON,17 9 EDGEHILL LIB,1688,001888,1.73e-06,code_token_name,high,0.993
2002,2000,DAVIDSON,17 9 EDGEHILL LIB,1688,001893,9e-08,code_token_name,high,0.993
2002,2000,DAVIDSON,17 9 EDGEHILL LIB,1688,001881,0.0,code_token_name,high,0.993
2002,2000,DAVIDSON,17 9 EDGEHILL LIB,1688,001884,0.0,code_token_name,high,0.993
2002,2000,DAVIDSON,18 1 EAKIN SCHOOL,1704,001885,0.97672697,exact_name,high,1.0
2002,2000,DAVIDSON,18 1 EAKIN SCHOOL,1704,001902,0.02322745,exact_name,high,1.0
2002,2000,DAVIDSON,18 1 EAKIN SCHOOL,1704,001879,4.548e-05,exact_name,high,1.0
2002,2000,DAVIDSON,18 1 EAKIN SCHOOL,1704,001893,1e-07,exact_name,high,1.0
2002,2000,DAVIDSON,18 1 EAKIN SCHOOL,1704,001887,0.0,exact_name,high,1.0
2002,2000,DAVIDSON,18 2 EAKIN SCHOOL,1704,001885,0.97672697,code_token_name,high,0.993
2002,2000,DAVIDSON,18 2 EAKIN SCHOOL,1704,001902,0.02322745,code_token_name,high,0.993
2002,2000,DAVIDSON,18 2 EAKIN SCHOOL,1704,001879,4.548e-05,code_token_name,high,0.993
2002,2000,DAVIDSON,18 2 EAKIN SCHOOL,1704,001893,1e-07,code_token_name,high,0.993
2002,2000,DAVIDSON,18 2 EAKIN SCHOOL,1704,001887,0.0,code_token_name,high,0.993
2002,2000,DAVIDSON,18 3 ST BERNARD S,1704,001885,0.97672697,code_token_name,high,0.993
2002,2000,DAVIDSON,18 3 ST BERNARD S,1704,001902,0.02322745,code_token_name,high,0.993
2002,2000,DAVIDSON,18 3 ST BERNARD S,1704,001879,4.548e-05,code_token_name,high,0.993
2002,2000,DAVIDSON,18 3 ST BERNARD S,1704,001893,1e-07,code_token_name,high,0.993
2002,2000,DAVIDSON,18 3 ST BERNARD S,1704,001887,0.0,code_token_name,high,0.993
2002,2000,DAVIDSON,18 6 CHRIST THE KING,1704,001885,0.97672697,code_token_name,high,0.993
2002,2000,DAVIDSON,18 6 CHRIST THE KING,1704,001902,0.02322745,code_token_name,high,0.993
2002,2000,DAVIDSON,18 6 CHRIST THE KING,1704,001879,4.548e-05,code_token_name,high,0.993
2002,2000,DAVIDSON,18 6 CHRIST THE KING,1704,001893,1e-07,code_token_name,high,0.993
2002,2000,DAVIDSON,18 6 CHRIST THE KING,1704,001887,0.0,code_token_name,high,0.993
2002,2000,DAVIDSON,18 7 BELMONT HEIGHT,1704,001885,0.97672697,code_token_name,high,0.993
2002,2000,DAVIDSON,18 7 BELMONT HEIGHT,1704,001902,0.02322745,code_token_name,high,0.993
2002,2000,DAVIDSON,18 7 BELMONT HEIGHT,1704,001879,4.548e-05,code_token_name,high,0.993
2002,2000,DAVIDSON,18 7 BELMONT HEIGHT,1704,001893,1e-07,code_token_name,high,0.993
2002,2000,DAVIDSON,18 7 BELMONT HEIGHT,1704,001887,0.0,code_token_name,high,0.993
2002,2000,DAVIDSON,19 1 JONES MAGNET,1716,001892,0.32355166,code_token_name,high,0.993
2002,2000,DAVIDSON,19 1 JONES MAGNET,1716,001901,0.32285217,code_token_name,high,0.993
2002,2000,DAVIDSON,19 1 JONES MAGNET,1716,001893,0.21228721,code_token_name,high,0.993
2002,2000,DAVIDSON,19 1 JONES MAGNET,1716,001890,0.14130896,code_token_name,high,0.993
2002,2000,DAVIDSON,19 1 JONES MAGNET,1716,001900,0.0,code_token_name,high,0.993
2002,2000,DAVIDSON,19 1 JONES MAGNET,1716,001899,0.0,code_token_name,high,0.993
2002,2000,DAVIDSON,19 2 15TH AVE BAPT,1716,001892,0.32355166,code_token_name,high,0.993
2002,2000,DAVIDSON,19 2 15TH AVE BAPT,1716,001901,0.32285217,code_token_name,high,0.993
2002,2000,DAVIDSON,19 2 15TH AVE BAPT,1716,001893,0.21228721,code_token_name,high,0.993
2002,2000,DAVIDSON,19 2 15TH AVE BAPT,1716,001890,0.14130896,code_token_name,high,0.993
2002,2000,DAVIDSON,19 2 15TH AVE BAPT,1716,001900,0.0,code_token_name,high,0.993
2002,2000,DAVIDSON,19 2 15TH AVE BAPT,1716,001899,0.0,code_token_name,high,0.993
2002,2000,DAVIDSON,19 3 WATKINS PARK C,1716,001892,0.32355166,code_token_name,high,0.993
2002,2000,DAVIDSON,19 3 WATKINS PARK C,1716,001901,0.32285217,code_token_name,high,0.993
2002,2000,DAVIDSON,19 3 WATKINS PARK C,1716,001893,0.21228721,code_token_name,high,0.993
2002,2000,DAVIDSON,19 3 WATKINS PARK C,1716,001890,0.14130896,code_token_name,high,0.993
2002,2000,DAVIDSON,19 3 WATKINS PARK C,1716,001900,0.0,code_token_name,high,0.993
2002,2000,DAVIDSON,19 3 WATKINS PARK C,1716,001899,0.0,code_token_name,high,0.993
2002,2000,DAVIDSON,19 4 EDGEHILL ESTATE,1716,001892,0.32355166,code_token_name,high,0.993
2002,2000,DAVIDSON,19 4 EDGEHILL ESTATE,1716,001901,0.32285217,code_token_name,high,0.993
2002,2000,DAVIDSON,19 4 EDGEHILL ESTATE,1716,001893,0.21228721,code_token_name,high,0.993
2002,2000,DAVIDSON,19 4 EDGEHILL ESTATE,1716,001890,0.14130896,code_token_name,high,0.993
2002,2000,DAVIDSON,19 4 EDGEHILL ESTATE,1716,001900,0.0,code_token_name,high,0.993
2002,2000,DAVIDSON,19 4 EDGEHILL ESTATE,1716,001899,0.0,code_token_name,high,0.993
2002,2000,DAVIDSON,19 5 MURRELL SCHOOL,1716,001892,0.32355166,code_token_name,high,0.993
2002,2000,DAVIDSON,19 5 MURRELL SCHOOL,1716,001901,0.32285217,code_token_name,high,0.993
2002,2000,DAVIDSON,19 5 MURRELL SCHOOL,1716,001893,0.21228721,code_token_name,high,0.993
2002,2000,DAVIDSON,19 5 MURRELL SCHOOL,1716,001890,0.14130896,code_token_name,high,0.993
2002,2000,DAVIDSON,19 5 MURRELL SCHOOL,1716,001900,0.0,code_token_name,high,0.993
2002,2000,DAVIDSON,19 5 MURRELL SCHOOL,1716,001899,0.0,code_token_name,high,0.993
2002,2000,DAVIDSON,20 2 FORD UAW HALL,1768,001900,0.99999685,code_token_name,high,0.993
2002,2000,DAVIDSON,20 2 FORD UAW HALL,1768,001899,3.15e-06,code_token_name,high,0.993
2002,2000,DAVIDSON,20 3 WEST PARK CC,1768,001900,0.99999685,code_token_name,high,0.993
2002,2000,DAVIDSON,20 3 WEST PARK CC,1768,001899,3.15e-06,code_token_name,high,0.993
2002,2000,DAVIDSON,20 4 CHARLOTTE PARK,1768,001900,0.99999685,code_token_name,high,0.993
2002,2000,DAVIDSON,20 4 CHARLOTTE PARK,1768,001899,3.15e-06,code_token_name,high,0.993
2002,2000,DAVIDSON,21 1 HADLEY PARK CC,1788,001899,0.8912479,code_token_name,high,0.993
2002,2000,DAVIDSON,21 1 HADLEY PARK CC,1788,001915,0.03638954,code_token_name,high,0.993
2002,2000,DAVIDSON,21 1 HADLEY PARK CC,1788,001901,0.03375558,code_token_name,high,0.993
2002,2000,DAVIDSON,21 1 HADLEY PARK CC,1788,001896,0.02799624,code_token_name,high,0.993
2002,2000,DAVIDSON,21 1 HADLEY PARK CC,1788,001897,0.01060955,code_token_name,high,0.993
2002,2000,DAVIDSON,21 1 HADLEY PARK CC,1788,001805,1.16e-06,code_token_name,high,0.993
2002,2000,DAVIDSON,21 1 HADLEY PARK CC,1788,001900,2e-08,code_token_name,high,0.993
2002,2000,DAVIDSON,21 1 HADLEY PARK CC,1788,001912,0.0,code_token_name,high,0.993
2002,2000,DAVIDSON,21 2 WHARTON SCHOOL,1788,001899,0.8912479,code_token_name,high,0.993
2002,2000,DAVIDSON,21 2 WHARTON SCHOOL,1788,001915,0.03638954,code_token_name,high,0.993
2002,2000,DAVIDSON,21 2 WHARTON SCHOOL,1788,001901,0.03375558,code_token_name,high,0.993
2002,2000,DAVIDSON,21 2 WHARTON SCHOOL,1788,001896,0.02799624,code_token_name,high,0.993
2002,2000,DAVIDSON,21 2 WHARTON SCHOOL,1788,001897,0.01060955,code_token_name,high,0.993
2002,2000,DAVIDSON,21 2 WHARTON SCHOOL,1788,001805,1.16e-06,code_token_name,high,0.993
2002,2000,DAVIDSON,21 2 WHARTON SCHOOL,1788,001900,2e-08,code_token_name,high,0.993
2002,2000,DAVIDSON,21 2 WHARTON SCHOOL,1788,001912,0.0,code_token_name,high,0.993
2002,2000,DAVIDSON,21 3 PEARL COHN SCH,1788,001899,0.8912479,code_token_name,high,0.993
2002,2000,DAVIDSON,21 3 PEARL COHN SCH,1788,001915,0.03638954,code_token_name,high,0.993
2002,2000,DAVIDSON,21 3 PEARL COHN SCH,1788,001901,0.03375558,code_token_name,high,0.993
2002,2000,DAVIDSON,21 3 PEARL COHN SCH,1788,001896,0.02799624,code_token_name,high,0.993
2002,2000,DAVIDSON,21 3 PEARL COHN SCH,1788,001897,0.01060955,code_token_name,high,0.993
2002,2000,DAVIDSON,21 3 PEARL COHN SCH,1788,001805,1.16e-06,code_token_name,high,0.993
2002,2000,DAVIDSON,21 3 PEARL COHN SCH,1788,001900,2e-08,code_token_name,high,0.993
2002,2000,DAVIDSON,21 3 PEARL COHN SCH,1788,001912,0.0,code_token_name,high,0.993
2002,2000,DAVIDSON,21 4 CENTENNIAL PARK,1800,001902,0.99997406,prefix_name,high,0.995
2002,2000,DAVIDSON,21 4 CENTENNIAL PARK,1800,001885,2.132e-05,prefix_name,high,0.995
2002,2000,DAVIDSON,21 4 CENTENNIAL PARK,1800,001887,4.62e-06,prefix_name,high,0.995
2002,2000,DAVIDSON,21 4 CENTENNIAL PARK,1800,001901,0.0,prefix_name,high,0.995
2002,2000,DAVIDSON,21 4 CENTENNIAL PARK,1800,001915,0.0,prefix_name,high,0.995
2002,2000,DAVIDSON,21 5 CENTENNIAL PARK,1788,001899,0.8912479,code_token_name,high,0.993
2002,2000,DAVIDSON,21 5 CENTENNIAL PARK,1788,001915,0.03638954,code_token_name,high,0.993
2002,2000,DAVIDSON,21 5 CENTENNIAL PARK,1788,001901,0.03375558,code_token_name,high,0.993
2002,2000,DAVIDSON,21 5 CENTENNIAL PARK,1788,001896,0.02799624,code_token_name,high,0.993
2002,2000,DAVIDSON,21 5 CENTENNIAL PARK,1788,001897,0.01060955,code_token_name,high,0.993
2002,2000,DAVIDSON,21 5 CENTENNIAL PARK,1788,001805,1.16e-06,code_token_name,high,0.993
2002,2000,DAVIDSON,21 5 CENTENNIAL PARK,1788,001900,2e-08,code_token_name,high,0.993
2002,2000,DAVIDSON,21 5 CENTENNIAL PARK,1788,001912,0.0,code_token_name,high,0.993
2002,2000,DAVIDSON,22 1 BELLEVUE CC,1804,001898,0.70997566,code_token_name,high,0.993
2002,2000,DAVIDSON,22 1 BELLEVUE CC,1804,001897,0.26762494,code_token_name,high,0.993
2002,2000,DAVIDSON,22 1 BELLEVUE CC,1804,001913,0.01346649,code_token_name,high,0.993
2002,2000,DAVIDSON,22 1 BELLEVUE CC,1804,001912,0.00742704,code_token_name,high,0.993
2002,2000,DAVIDSON,22 1 BELLEVUE CC,1804,001896,0.00150588,code_token_name,high,0.993
2002,2000,DAVIDSON,22 2 BELLEVUE CHURC,1804,001898,0.70997566,code_token_name,high,0.993
2002,2000,DAVIDSON,22 2 BELLEVUE CHURC,1804,001897,0.26762494,code_token_name,high,0.993
2002,2000,DAVIDSON,22 2 BELLEVUE CHURC,1804,001913,0.01346649,code_token_name,high,0.993
2002,2000,DAVIDSON,22 2 BELLEVUE CHURC,1804,001912,0.00742704,code_token_name,high,0.993
2002,2000,DAVIDSON,22 2 BELLEVUE CHURC,1804,001896,0.00150588,code_token_name,high,0.993
2002,2000,DAVIDSON,22 3 BELLEVUE MIDDLE,1804,001898,0.70997566,code_token_name,high,0.993
2002,2000,DAVIDSON,22 3 BELLEVUE MIDDLE,1804,001897,0.26762494,code_token_name,high,0.993
2002,2000,DAVIDSON,22 3 BELLEVUE MIDDLE,1804,001913,0.01346649,code_token_name,high,0.993
2002,2000,DAVIDSON,22 3 BELLEVUE MIDDLE,1804,001912,0.00742704,code_token_name,high,0.993
2002,2000,DAVIDSON,22 3 BELLEVUE MIDDLE,1804,001896,0.00150588,code_token_name,high,0.993
2002,2000,DAVIDSON,22 4 BELLEVUE UMC,1804,001898,0.70997566,code_token_name,high,0.993
2002,2000,DAVIDSON,22 4 BELLEVUE UMC,1804,001897,0.26762494,code_token_name,high,0.993
2002,2000,DAVIDSON,22 4 BELLEVUE UMC,1804,001913,0.01346649,code_token_name,high,0.993
2002,2000,DAVIDSON,22 4 BELLEVUE UMC,1804,001912,0.00742704,code_token_name,high,0.993
2002,2000,DAVIDSON,22 4 BELLEVUE UMC,1804,001896,0.00150588,code_token_name,high,0.993
2002,2000,DAVIDSON,23 1 BROOK HOLLOW,1820,001958,0.87152424,code_token_name,high,0.993
2002,2000,DAVIDSON,23 1 BROOK HOLLOW,1820,001903,0.12847546,code_token_name,high,0.993
2002,2000,DAVIDSON,23 1 BROOK HOLLOW,1820,001905,2.8e-07,code_token_name,high,0.993
2002,2000,DAVIDSON,23 1 BROOK HOLLOW,1820,001804,2e-08,code_token_name,high,0.993
2002,2000,DAVIDSON,23 1 BROOK HOLLOW,1820,001960,0.0,code_token_name,high,0.993
2002,2000,DAVIDSON,23 1 BROOK HOLLOW,1820,001959,0.0,code_token_name,high,0.993
2002,2000,DAVIDSON,23 2 WEST MEADE SC,1820,001958,0.87152424,code_token_name,high,0.993
2002,2000,DAVIDSON,23 2 WEST MEADE SC,1820,001903,0.12847546,code_token_name,high,0.993
2002,2000,DAVIDSON,23 2 WEST MEADE SC,1820,001905,2.8e-07,code_token_name,high,0.993
2002,2000,DAVIDSON,23 2 WEST MEADE SC,1820,001804,2e-08,code_token_name,high,0.993
2002,2000,DAVIDSON,23 2 WEST MEADE SC,1820,001960,0.0,code_token_name,high,0.993
2002,2000,DAVIDSON,23 2 WEST MEADE SC,1820,001959,0.0,code_token_name,high,0.993
2002,2000,DAVIDSON,23 3 ST HENRY S SCH,1820,001958,0.87152424,code_token_name,high,0.993
2002,2000,DAVIDSON,23 3 ST HENRY S SCH,1820,001903,0.12847546,code_token_name,high,0.993
2002,2000,DAVIDSON,23 3 ST HENRY S SCH,1820,001905,2.8e-07,code_token_name,high,0.993
2002,2000,DAVIDSON,23 3 ST HENRY S SCH,1820,001804,2e-08,code_token_name,high,0.993
2002,2000,DAVIDSON,23 3 ST HENRY S SCH,1820,001960,0.0,code_token_name,high,0.993
2002,2000,DAVIDSON,23 3 ST HENRY S SCH,1820,001959,0.0,code_token_name,high,0.993
2002,2000,DAVIDSON,23 4 BELLE MEADE,1820,001958,0.87152424,code_token_name,high,0.993
2002,2000,DAVIDSON,23 4 BELLE MEADE,1820,001903,0.12847546,code_token_name,high,0.993
2002,2000,DAVIDSON,23 4 BELLE MEADE,1820,001905,2.8e-07,code_token_name,high,0.993
2002,2000,DAVIDSON,23 4 BELLE MEADE,1820,001804,2e-08,code_token_name,high,0.993
2002,2000,DAVIDSON,23 4 BELLE MEADE,1820,001960,0.0,code_token_name,high,0.993
2002,2000,DAVIDSON,23 4 BELLE MEADE,1820,001959,0.0,code_token_name,high,0.993
2002,2000,DAVIDSON,24 1 RICHLAND LIB,1836,001912,0.98827796,code_token_name,high,0.993
2002,2000,DAVIDSON,24 1 RICHLAND LIB,1836,001902,0.01152062,code_token_name,high,0.993
2002,2000,DAVIDSON,24 1 RICHLAND LIB,1836,001916,0.0001996,code_token_name,high,0.993
2002,2000,DAVIDSON,24 1 RICHLAND LIB,1836,001915,1.82e-06,code_token_name,high,0.993
2002,2000,DAVIDSON,24 2 NASHVILLE TECH,1836,001912,0.98827796,code_token_name,high,0.993
2002,2000,DAVIDSON,24 2 NASHVILLE TECH,1836,001902,0.01152062,code_token_name,high,0.993
2002,2000,DAVIDSON,24 2 NASHVILLE TECH,1836,001916,0.0001996,code_token_name,high,0.993
2002,2000,DAVIDSON,24 2 NASHVILLE TECH,1836,001915,1.82e-06,code_token_name,high,0.993
2002,2000,DAVIDSON,24 3 WEST END FIRE,1836,001912,0.98827796,code_token_name,high,0.993
2002,2000,DAVIDSON,24 3 WEST END FIRE,1836,001902,0.01152062,code_token_name,high,0.993
2002,2000,DAVIDSON,24 3 WEST END FIRE,1836,001916,0.0001996,code_token_name,high,0.993
2002,2000,DAVIDSON,24 3 WEST END FIRE,1836,001915,1.82e-06,code_token_name,high,0.993
2002,2000,DAVIDSON,24 4 PARK AVE SCHOOL,1836,001912,0.98827796,code_token_name,high,0.993
2002,2000,DAVIDSON,24 4 PARK AVE SCHOOL,1836,001902,0.01152062,code_token_name,high,0.993
2002,2000,DAVIDSON,24 4 PARK AVE SCHOOL,1836,001916,0.0001996,code_token_name,high,0.993
2002,2000,DAVIDSON,24 4 PARK AVE SCHOOL,1836,001915,1.82e-06,code_token_name,high,0.993
2002,2000,DAVIDSON,24 5 MCCABE PARK C,1836,001912,0.98827796,code_token_name,high,0.993
2002,2000,DAVIDSON,24 5 MCCABE PARK C,1836,001902,0.01152062,code_token_name,high,0.993
2002,2000,DAVIDSON,24 5 MCCABE PARK C,1836,001916,0.0001996,code_token_name,high,0.993
2002,2000,DAVIDSON,24 5 MCCABE PARK C,1836,001915,1.82e-06,code_token_name,high,0.993
2002,2000,DAVIDSON,24 6 WEST END MID,1836,001912,0.98827796,code_token_name,high,0.993
2002,2000,DAVIDSON,24 6 WEST END MID,1836,001902,0.01152062,code_token_name,high,0.993
2002,2000,DAVIDSON,24 6 WEST END MID,1836,001916,0.0001996,code_token_name,high,0.993
2002,2000,DAVIDSON,24 6 WEST END MID,1836,001915,1.82e-06,code_token_name,high,0.993
2002,2000,DAVIDSON,25 1 RANDALLS LEARN,1852,001917,0.54709656,code_token_name,high,0.993
2002,2000,DAVIDSON,25 1 RANDALLS LEARN,1852,001914,0.45278029,code_token_name,high,0.993
2002,2000,DAVIDSON,25 1 RANDALLS LEARN,1852,001916,0.00011691,code_token_name,high,0.993
2002,2000,DAVIDSON,25 1 RANDALLS LEARN,1852,001918,6.24e-06,code_token_name,high,0.993
2002,2000,DAVIDSON,25 2 BOY SCOUTS,1852,001917,0.54709656,code_token_name,high,0.993
2002,2000,DAVIDSON,25 2 BOY SCOUTS,1852,001914,0.45278029,code_token_name,high,0.993
2002,2000,DAVIDSON,25 2 BOY SCOUTS,1852,001916,0.00011691,code_token_name,high,0.993
2002,2000,DAVIDSON,25 2 BOY SCOUTS,1852,001918,6.24e-06,code_token_name,high,0.993
2002,2000,DAVIDSON,25 3 GREEN HILLS LIB,1852,001917,0.54709656,code_token_name,high,0.993
2002,2000,DAVIDSON,25 3 GREEN HILLS LIB,1852,001914,0.45278029,code_token_name,high,0.993
2002,2000,DAVIDSON,25 3 GREEN HILLS LIB,1852,001916,0.00011691,code_token_name,high,0.993
2002,2000,DAVIDSON,25 3 GREEN HILLS LIB,1852,001918,6.24e-06,code_token_name,high,0.993
2002,2000,DAVIDSON,25 4 GRANNY WHITE C,1852,001917,0.54709656,code_token_name,high,0.993
2002,2000,DAVIDSON,25 4 GRANNY WHITE C,1852,001914,0.45278029,code_token_name,high,0.993
2002,2000,DAVIDSON,25 4 GRANNY WHITE C,1852,001916,0.00011691,code_token_name,high,0.993
2002,2000,DAVIDSON,25 4 GRANNY WHITE C,1852,001918,6.24e-06,code_token_name,high,0.993
2002,2000,DAVIDSON,25 5 HILLSBORO HIGH,1852,001917,0.54709656,code_token_name,high,0.993
2002,2000,DAVIDSON,25 5 HILLSBORO HIGH,1852,001914,0.45278029,code_token_name,high,0.993
2002,2000,DAVIDSON,25 5 HILLSBORO HIGH,1852,001916,0.00011691,code_token_name,high,0.993
2002,2000,DAVIDSON,25 5 HILLSBORO HIGH,1852,001918,6.24e-06,code_token_name,high,0.993
2002,2000,DAVIDSON,26 1 PARAGON MILLS,1884,001926,0.33475307,code_token_name,high,0.993
2002,2000,DAVIDSON,26 1 PARAGON MILLS,1884,001936,0.27975911,code_token_name,high,0.993
2002,2000,DAVIDSON,26 1 PARAGON MILLS,1884,001922,0.27204927,code_token_name,high,0.993
2002,2000,DAVIDSON,26 1 PARAGON MILLS,1884,001924,0.06619852,code_token_name,high,0.993
2002,2000,DAVIDSON,26 1 PARAGON MILLS,1884,001937,0.0472396,code_token_name,high,0.993
2002,2000,DAVIDSON,26 1 PARAGON MILLS,1884,001928,4.3e-07,code_token_name,high,0.993
2002,2000,DAVIDSON,26 3 NORMAN BINKLEY,1888,001924,0.9866409,prefix_name,high,0.995
2002,2000,DAVIDSON,26 3 NORMAN BINKLEY,1888,001923,0.01335838,prefix_name,high,0.995
2002,2000,DAVIDSON,26 3 NORMAN BINKLEY,1888,001922,5.1e-07,prefix_name,high,0.995
2002,2000,DAVIDSON,26 3 NORMAN BINKLEY,1888,001875,1.8e-07,prefix_name,high,0.995
2002,2000,DAVIDSON,26 3 NORMAN BINKLEY,1888,001937,4e-08,prefix_name,high,0.995
2002,2000,DAVIDSON,26 4 CRIEVE HALL SCH,1884,001926,0.33475307,code_token_name,high,0.993
2002,2000,DAVIDSON,26 4 CRIEVE HALL SCH,1884,001936,0.27975911,code_token_name,high,0.993
2002,2000,DAVIDSON,26 4 CRIEVE HALL SCH,1884,001922,0.27204927,code_token_name,high,0.993
2002,2000,DAVIDSON,26 4 CRIEVE HALL SCH,1884,001924,0.06619852,code_token_name,high,0.993
2002,2000,DAVIDSON,26 4 CRIEVE HALL SCH,1884,001937,0.0472396,code_token_name,high,0.993
2002,2000,DAVIDSON,26 4 CRIEVE HALL SCH,1884,001928,4.3e-07,code_token_name,high,0.993
2002,2000,DAVIDSON,26 5 ELLINGTON AGRI,1884,001926,0.33475307,code_token_name,high,0.993
2002,2000,DAVIDSON,26 5 ELLINGTON AGRI,1884,001936,0.27975911,code_token_name,high,0.993
2002,2000,DAVIDSON,26 5 ELLINGTON AGRI,1884,001922,0.27204927,code_token_name,high,0.993
2002,2000,DAVIDSON,26 5 ELLINGTON AGRI,1884,001924,0.06619852,code_token_name,high,0.993
2002,2000,DAVIDSON,26 5 ELLINGTON AGRI,1884,001937,0.0472396,code_token_name,high,0.993
2002,2000,DAVIDSON,26 5 ELLINGTON AGRI,1884,001928,4.3e-07,code_token_name,high,0.993
2002,2000,DAVIDSON,27 1 ST MATTHIAS,1900,001860,0.33240877,code_token_name,high,0.993
2002,2000,DAVIDSON,27 1 ST MATTHIAS,1900,001875,0.32740053,code_token_name,high,0.993
2002,2000,DAVIDSON,27 1 ST MATTHIAS,1900,001859,0.28874659,code_token_name,high,0.993
2002,2000,DAVIDSON,27 1 ST MATTHIAS,1900,001929,0.05144409,code_token_name,high,0.993
2002,2000,DAVIDSON,27 1 ST MATTHIAS,1900,001874,1e-08,code_token_name,high,0.993
2002,2000,DAVIDSON,27 1 ST MATTHIAS,1900,001861,0.0,code_token_name,high,0.993
2002,2000,DAVIDSON,27 2 EDMONDSON PIK,1900,001860,0.33240877,code_token_name,high,0.993
2002,2000,DAVIDSON,27 2 EDMONDSON PIK,1900,001875,0.32740053,code_token_name,high,0.993
2002,2000,DAVIDSON,27 2 EDMONDSON PIK,1900,001859,0.28874659,code_token_name,high,0.993
2002,2000,DAVIDSON,27 2 EDMONDSON PIK,1900,001929,0.05144409,code_token_name,high,0.993
2002,2000,DAVIDSON,27 2 EDMONDSON PIK,1900,001874,1e-08,code_token_name,high,0.993
2002,2000,DAVIDSON,27 2 EDMONDSON PIK,1900,001861,0.0,code_token_name,high,0.993
2002,2000,DAVIDSON,27 3 MCMURRAY MIDDL,1900,001860,0.33240877,code_token_name,high,0.993
2002,2000,DAVIDSON,27 3 MCMURRAY MIDDL,1900,001875,0.32740053,code_token_name,high,0.993
2002,2000,DAVIDSON,27 3 MCMURRAY MIDDL,1900,001859,0.28874659,code_token_name,high,0.993
2002,2000,DAVIDSON,27 3 MCMURRAY MIDDL,1900,001929,0.05144409,code_token_name,high,0.993
2002,2000,DAVIDSON,27 3 MCMURRAY MIDDL,1900,001874,1e-08,code_token_name,high,0.993
2002,2000,DAVIDSON,27 3 MCMURRAY MIDDL,1900,001861,0.0,code_token_name,high,0.993
2002,2000,DAVIDSON,27 4 CHRIST CHURCH,1900,001860,0.33240877,code_token_name,high,0.993
2002,2000,DAVIDSON,27 4 CHRIST CHURCH,1900,001875,0.32740053,code_token_name,high,0.993
2002,2000,DAVIDSON,27 4 CHRIST CHURCH,1900,001859,0.28874659,code_token_name,high,0.993
2002,2000,DAVIDSON,27 4 CHRIST CHURCH,1900,001929,0.05144409,code_token_name,high,0.993
2002,2000,DAVIDSON,27 4 CHRIST CHURCH,1900,001874,1e-08,code_token_name,high,0.993
2002,2000,DAVIDSON,27 4 CHRIST CHURCH,1900,001861,0.0,code_token_name,high,0.993
2002,2000,DAVIDSON,28 1 UNA CHURCH,1920,001931,0.52811889,code_token_name,high,0.993
2002,2000,DAVIDSON,28 1 UNA CHURCH,1920,001930,0.32281602,code_token_name,high,0.993
2002,2000,DAVIDSON,28 1 UNA CHURCH,1920,001929,0.13644021,code_token_name,high,0.993
2002,2000,DAVIDSON,28 1 UNA CHURCH,1920,001939,0.0126233,code_token_name,high,0.993
2002,2000,DAVIDSON,28 1 UNA CHURCH,1920,001945,1.57e-06,code_token_name,high,0.993
2002,2000,DAVIDSON,28 1 UNA CHURCH,1920,001937,0.0,code_token_name,high,0.993
2002,2000,DAVIDSON,28 3 UNA CHURCH,1920,001931,0.52811889,code_token_name,high,0.993
2002,2000,DAVIDSON,28 3 UNA CHURCH,1920,001930,0.32281602,code_token_name,high,0.993
2002,2000,DAVIDSON,28 3 UNA CHURCH,1920,001929,0.13644021,code_token_name,high,0.993
2002,2000,DAVIDSON,28 3 UNA CHURCH,1920,001939,0.0126233,code_token_name,high,0.993
2002,2000,DAVIDSON,28 3 UNA CHURCH,1920,001945,1.57e-06,code_token_name,high,0.993
2002,2000,DAVIDSON,28 3 UNA CHURCH,1920,001937,0.0,code_token_name,high,0.993
2002,2000,DAVIDSON,28 4 ANTIOCH CHURCH,1922,001931,0.947659,prefix_name,high,0.995
2002,2000,DAVIDSON,28 4 ANTIOCH CHURCH,1922,001929,0.05228729,prefix_name,high,0.995
2002,2000,DAVIDSON,28 4 ANTIOCH CHURCH,1922,001930,5.229e-05,prefix_name,high,0.995
2002,2000,DAVIDSON,28 4 ANTIOCH CHURCH,1922,001937,1.42e-06,prefix_name,high,0.995
2002,2000,DAVIDSON,28 4 ANTIOCH CHURCH,1922,001860,0.0,prefix_name,high,0.995
2002,2000,DAVIDSON,28 4 ANTIOCH CHURCH,1922,001922,0.0,prefix_name,high,0.995
2002,2000,DAVIDSON,28 5 APOLLO MID SCH,1920,001931,0.52811889,code_token_name,high,0.993
2002,2000,DAVIDSON,28 5 APOLLO MID SCH,1920,001930,0.32281602,code_token_name,high,0.993
2002,2000,DAVIDSON,28 5 APOLLO MID SCH,1920,001929,0.13644021,code_token_name,high,0.993
2002,2000,DAVIDSON,28 5 APOLLO MID SCH,1920,001939,0.0126233,code_token_name,high,0.993
2002,2000,DAVIDSON,28 5 APOLLO MID SCH,1920,001945,1.57e-06,code_token_name,high,0.993
2002,2000,DAVIDSON,28 5 APOLLO MID SCH,1920,001937,0.0,code_token_name,high,0.993
2002,2000,DAVIDSON,29 1 PRIEST LAKE,1932,001949,0.6256321,code_token_name,high,0.993
2002,2000,DAVIDSON,29 1 PRIEST LAKE,1932,001934,0.21101176,code_token_name,high,0.993
2002,2000,DAVIDSON,29 1 PRIEST LAKE,1932,001950,0.13126602,code_token_name,high,0.993
2002,2000,DAVIDSON,29 1 PRIEST LAKE,1932,001935,0.03186371,code_token_name,high,0.993
2002,2000,DAVIDSON,29 1 PRIEST LAKE,1932,001933,0.00022528,code_token_name,high,0.993
2002,2000,DAVIDSON,29 1 PRIEST LAKE,1932,001944,1.13e-06,code_token_name,high,0.993
2002,2000,DAVIDSON,29 2 LAKEVIEW SCHOO,1932,001949,0.6256321,code_token_name,high,0.993
2002,2000,DAVIDSON,29 2 LAKEVIEW SCHOO,1932,001934,0.21101176,code_token_name,high,0.993
2002,2000,DAVIDSON,29 2 LAKEVIEW SCHOO,1932,001950,0.13126602,code_token_name,high,0.993
2002,2000,DAVIDSON,29 2 LAKEVIEW SCHOO,1932,001935,0.03186371,code_token_name,high,0.993
2002,2000,DAVIDSON,29 2 LAKEVIEW SCHOO,1932,001933,0.00022528,code_token_name,high,0.993
2002,2000,DAVIDSON,29 2 LAKEVIEW SCHOO,1932,001944,1.13e-06,code_token_name,high,0.993
2002,2000,DAVIDSON,29 3 HAMILTON UMC,1932,001949,0.6256321,code_token_name,high,0.993
2002,2000,DAVIDSON,29 3 HAMILTON UMC,1932,001934,0.21101176,code_token_name,high,0.993
2002,2000,DAVIDSON,29 3 HAMILTON UMC,1932,001950,0.13126602,code_token_name,high,0.993
2002,2000,DAVIDSON,29 3 HAMILTON UMC,1932,001935,0.03186371,code_token_name,high,0.993
2002,2000,DAVIDSON,29 3 HAMILTON UMC,1932,001933,0.00022528,code_token_name,high,0.993
2002,2000,DAVIDSON,29 3 HAMILTON UMC,1932,001944,1.13e-06,code_token_name,high,0.993
2002,2000,DAVIDSON,29 4 SMITH SPRINGS,1932,001949,0.6256321,code_token_name,high,0.993
2002,2000,DAVIDSON,29 4 SMITH SPRINGS,1932,001934,0.21101176,code_token_name,high,0.993
2002,2000,DAVIDSON,29 4 SMITH SPRINGS,1932,001950,0.13126602,code_token_name,high,0.993
2002,2000,DAVIDSON,29 4 SMITH SPRINGS,1932,001935,0.03186371,code_token_name,high,0.993
2002,2000,DAVIDSON,29 4 SMITH SPRINGS,1932,001933,0.00022528,code_token_name,high,0.993
2002,2000,DAVIDSON,29 4 SMITH SPRINGS,1932,001944,1.13e-06,code_token_name,high,0.993
2002,2000,DAVIDSON,30 1 HAYWOOD SCHOO,1960,001926,0.80330956,code_token_name,high,0.993
2002,2000,DAVIDSON,30 1 HAYWOOD SCHOO,1960,001939,0.19640557,code_token_name,high,0.993
2002,2000,DAVIDSON,30 1 HAYWOOD SCHOO,1960,001938,0.00028442,code_token_name,high,0.993
2002,2000,DAVIDSON,30 1 HAYWOOD SCHOO,1960,001940,4e-07,code_token_name,high,0.993
2002,2000,DAVIDSON,30 1 HAYWOOD SCHOO,1960,001928,6e-08,code_token_name,high,0.993
2002,2000,DAVIDSON,30 1 HAYWOOD SCHOO,1960,001941,0.0,code_token_name,high,0.993
2002,2000,DAVIDSON,30 2 HAYWOOD HILLS,1960,001926,0.80330956,code_token_name,high,0.993
2002,2000,DAVIDSON,30 2 HAYWOOD HILLS,1960,001939,0.19640557,code_token_name,high,0.993
2002,2000,DAVIDSON,30 2 HAYWOOD HILLS,1960,001938,0.00028442,code_token_name,high,0.993
2002,2000,DAVIDSON,30 2 HAYWOOD HILLS,1960,001940,4e-07,code_token_name,high,0.993
2002,2000,DAVIDSON,30 2 HAYWOOD HILLS,1960,001928,6e-08,code_token_name,high,0.993
2002,2000,DAVIDSON,30 2 HAYWOOD HILLS,1960,001941,0.0,code_token_name,high,0.993
2002,2000,DAVIDSON,30 3 GRACE COLE SCH,1960,001926,0.80330956,code_token_name,high,0.993
2002,2000,DAVIDSON,30 3 GRACE COLE SCH,1960,001939,0.19640557,code_token_name,high,0.993
2002,2000,DAVIDSON,30 3 GRACE COLE SCH,1960,001938,0.00028442,code_token_name,high,0.993
2002,2000,DAVIDSON,30 3 GRACE COLE SCH,1960,001940,4e-07,code_token_name,high,0.993
2002,2000,DAVIDSON,30 3 GRACE COLE SCH,1960,001928,6e-08,code_token_name,high,0.993
2002,2000,DAVIDSON,30 3 GRACE COLE SCH,1960,001941,0.0,code_token_name,high,0.993
2002,2000,DAVIDSON,30 4 TUSCULUM CHURC,1960,001926,0.80330956,code_token_name,high,0.993
2002,2000,DAVIDSON,30 4 TUSCULUM CHURC,1960,001939,0.19640557,code_token_name,high,0.993
2002,2000,DAVIDSON,30 4 TUSCULUM CHURC,1960,001938,0.00028442,code_token_name,high,0.993
2002,2000,DAVIDSON,30 4 TUSCULUM CHURC,1960,001940,4e-07,code_token_name,high,0.993
2002,2000,DAVIDSON,30 4 TUSCULUM CHURC,1960,001928,6e-08,code_token_name,high,0.993
2002,2000,DAVIDSON,30 4 TUSCULUM CHURC,1960,001941,0.0,code_token_name,high,0.993
2002,2000,DAVIDSON,31 1 WOODSON CHAP,1976,001820,0.79923766,code_token_name,high,0.993
2002,2000,DAVIDSON,31 1 WOODSON CHAP,1976,001818,0.20058908,code_token_name,high,0.993
2002,2000,DAVIDSON,31 1 WOODSON CHAP,1976,001943,0.00013716,code_token_name,high,0.993
2002,2000,DAVIDSON,31 1 WOODSON CHAP,1976,001819,2.459e-05,code_token_name,high,0.993
2002,2000,DAVIDSON,31 1 WOODSON CHAP,1976,001927,9.12e-06,code_token_name,high,0.993
2002,2000,DAVIDSON,31 1 WOODSON CHAP,1976,001942,1.16e-06,code_token_name,high,0.993
2002,2000,DAVIDSON,31 1 WOODSON CHAP,1976,001817,6.5e-07,code_token_name,high,0.993
2002,2000,DAVIDSON,31 1 WOODSON CHAP,1976,001926,5.9e-07,code_token_name,high,0.993
2002,2000,DAVIDSON,31 1 WOODSON CHAP,1976,001941,0.0,code_token_name,high,0.993
2002,2000,DAVIDSON,31 2 WOODSON CHAP,1976,001820,0.79923766,code_token_name,high,0.993
2002,2000,DAVIDSON,31 2 WOODSON CHAP,1976,001818,0.20058908,code_token_name,high,0.993
2002,2000,DAVIDSON,31 2 WOODSON CHAP,1976,001943,0.00013716,code_token_name,high,0.993
2002,2000,DAVIDSON,31 2 WOODSON CHAP,1976,001819,2.459e-05,code_token_name,high,0.993
2002,2000,DAVIDSON,31 2 WOODSON CHAP,1976,001927,9.12e-06,code_token_name,high,0.993
2002,2000,DAVIDSON,31 2 WOODSON CHAP,1976,001942,1.16e-06,code_token_name,high,0.993
2002,2000,DAVIDSON,31 2 WOODSON CHAP,1976,001817,6.5e-07,code_token_name,high,0.993
2002,2000,DAVIDSON,31 2 WOODSON CHAP,1976,001926,5.9e-07,code_token_name,high,0.993
2002,2000,DAVIDSON,31 2 WOODSON CHAP,1976,001941,0.0,code_token_name,high,0.993
2002,2000,DAVIDSON,31 3 LORDS CHAPEL,1976,001820,0.79923766,code_token_name,high,0.993
2002,2000,DAVIDSON,31 3 LORDS CHAPEL,1976,001818,0.20058908,code_token_name,high,0.993
2002,2000,DAVIDSON,31 3 LORDS CHAPEL,1976,001943,0.00013716,code_token_name,high,0.993
2002,2000,DAVIDSON,31 3 LORDS CHAPEL,1976,001819,2.459e-05,code_token_name,high,0.993
2002,2000,DAVIDSON,31 3 LORDS CHAPEL,1976,001927,9.12e-06,code_token_name,high,0.993
2002,2000,DAVIDSON,31 3 LORDS CHAPEL,1976,001942,1.16e-06,code_token_name,high,0.993
2002,2000,DAVIDSON,31 3 LORDS CHAPEL,1976,001817,6.5e-07,code_token_name,high,0.993
2002,2000,DAVIDSON,31 3 LORDS CHAPEL,1976,001926,5.9e-07,code_token_name,high,0.993
2002,2000,DAVIDSON,31 3 LORDS CHAPEL,1976,001941,0.0,code_token_name,high,0.993
2002,2000,DAVIDSON,32 1 ANTIOCH UMC,1996,001817,0.67145374,code_token_name,high,0.993
2002,2000,DAVIDSON,32 1 ANTIOCH UMC,1996,001819,0.2442844,code_token_name,high,0.993
2002,2000,DAVIDSON,32 1 ANTIOCH UMC,1996,001956,0.04176471,code_token_name,high,0.993
2002,2000,DAVIDSON,32 1 ANTIOCH UMC,1996,001923,0.03456243,code_token_name,high,0.993
2002,2000,DAVIDSON,32 1 ANTIOCH UMC,1996,001927,0.0063205,code_token_name,high,0.993
2002,2000,DAVIDSON,32 1 ANTIOCH UMC,1996,001957,0.00129343,code_token_name,high,0.993
2002,2000,DAVIDSON,32 1 ANTIOCH UMC,1996,001925,0.00031882,code_token_name,high,0.993
2002,2000,DAVIDSON,32 1 ANTIOCH UMC,1996,001820,1.97e-06,code_token_name,high,0.993
2002,2000,DAVIDSON,32 2 BELL ROAD BAPT,1996,001817,0.67145374,code_token_name,high,0.993
2002,2000,DAVIDSON,32 2 BELL ROAD BAPT,1996,001819,0.2442844,code_token_name,high,0.993
2002,2000,DAVIDSON,32 2 BELL ROAD BAPT,1996,001956,0.04176471,code_token_name,high,0.993
2002,2000,DAVIDSON,32 2 BELL ROAD BAPT,1996,001923,0.03456243,code_token_name,high,0.993
2002,2000,DAVIDSON,32 2 BELL ROAD BAPT,1996,001927,0.0063205,code_token_name,high,0.993
2002,2000,DAVIDSON,32 2 BELL ROAD BAPT,1996,001957,0.00129343,code_token_name,high,0.993
2002,2000,DAVIDSON,32 2 BELL ROAD BAPT,1996,001925,0.00031882,code_token_name,high,0.993
2002,2000,DAVIDSON,32 2 BELL ROAD BAPT,1996,001820,1.97e-06,code_token_name,high,0.993
2002,2000,DAVIDSON,32 3 CANE RIDGE CC,1996,001817,0.67145374,code_token_name,high,0.993
2002,2000,DAVIDSON,32 3 CANE RIDGE CC,1996,001819,0.2442844,code_token_name,high,0.993
2002,2000,DAVIDSON,32 3 CANE RIDGE CC,1996,001956,0.04176471,code_token_name,high,0.993
2002,2000,DAVIDSON,32 3 CANE RIDGE CC,1996,001923,0.03456243,code_token_name,high,0.993
2002,2000,DAVIDSON,32 3 CANE RIDGE CC,1996,001927,0.0063205,code_token_name,high,0.993
2002,2000,DAVIDSON,32 3 CANE RIDGE CC,1996,001957,0.00129343,code_token_name,high,0.993
2002,2000,DAVIDSON,32 3 CANE RIDGE CC,1996,001925,0.00031882,code_token_name,high,0.993
2002,2000,DAVIDSON,32 3 CANE RIDGE CC,1996,001820,1.97e-06,code_token_name,high,0.993
2002,2000,DAVIDSON,32 4 MT VIEW SCHOOL,1996,001817,0.67145374,code_token_name,high,0.993
2002,2000,DAVIDSON,32 4 MT VIEW SCHOOL,1996,001819,0.2442844,code_token_name,high,0.993
2002,2000,DAVIDSON,32 4 MT VIEW SCHOOL,1996,001956,0.04176471,code_token_name,high,0.993
2002,2000,DAVIDSON,32 4 MT VIEW SCHOOL,1996,001923,0.03456243,code_token_name,high,0.993
2002,2000,DAVIDSON,32 4 MT VIEW SCHOOL,1996,001927,0.0063205,code_token_name,high,0.993
2002,2000,DAVIDSON,32 4 MT VIEW SCHOOL,1996,001957,0.00129343,code_token_name,high,0.993
2002,2000,DAVIDSON,32 4 MT VIEW SCHOOL,1996,001925,0.00031882,code_token_name,high,0.993
2002,2000,DAVIDSON,32 4 MT VIEW SCHOOL,1996,001820,1.97e-06,code_token_name,high,0.993
2002,2000,DAVIDSON,32 5 ANTIOCH MIDDLE,1996,001817,0.67145374,code_token_name,high,0.993
2002,2000,DAVIDSON,32 5 ANTIOCH MIDDLE,1996,001819,0.2442844,code_token_name,high,0.993
2002,2000,DAVIDSON,32 5 ANTIOCH MIDDLE,1996,001956,0.04176471,code_token_name,high,0.993
2002,2000,DAVIDSON,32 5 ANTIOCH MIDDLE,1996,001923,0.03456243,code_token_name,high,0.993
2002,2000,DAVIDSON,32 5 ANTIOCH MIDDLE,1996,001927,0.0063205,code_token_name,high,0.993
2002,2000,DAVIDSON,32 5 ANTIOCH MIDDLE,1996,001957,0.00129343,code_token_name,high,0.993
2002,2000,DAVIDSON,32 5 ANTIOCH MIDDLE,1996,001925,0.00031882,code_token_name,high,0.993
2002,2000,DAVIDSON,32 5 ANTIOCH MIDDLE,1996,001820,1.97e-06,code_token_name,high,0.993
2002,2000,DAVIDSON,33 1 THE TUNE HOUSE,2016,001919,0.35186374,code_token_name,high,0.993
2002,2000,DAVIDSON,33 1 THE TUNE HOUSE,2016,001957,0.29161682,code_token_name,high,0.993
2002,2000,DAVIDSON,33 1 THE TUNE HOUSE,2016,001920,0.28776696,code_token_name,high,0.993
2002,2000,DAVIDSON,33 1 THE TUNE HOUSE,2016,001921,0.06875213,code_token_name,high,0.993
2002,2000,DAVIDSON,33 1 THE TUNE HOUSE,2016,001955,2.8e-07,code_token_name,high,0.993
2002,2000,DAVIDSON,33 1 THE TUNE HOUSE,2016,001953,6e-08,code_token_name,high,0.993
2002,2000,DAVIDSON,33 2 NEW ANTIOCH HS,2016,001919,0.35186374,code_token_name,high,0.993
2002,2000,DAVIDSON,33 2 NEW ANTIOCH HS,2016,001957,0.29161682,code_token_name,high,0.993
2002,2000,DAVIDSON,33 2 NEW ANTIOCH HS,2016,001920,0.28776696,code_token_name,high,0.993
2002,2000,DAVIDSON,33 2 NEW ANTIOCH HS,2016,001921,0.06875213,code_token_name,high,0.993
2002,2000,DAVIDSON,33 2 NEW ANTIOCH HS,2016,001955,2.8e-07,code_token_name,high,0.993
2002,2000,DAVIDSON,33 2 NEW ANTIOCH HS,2016,001953,6e-08,code_token_name,high,0.993
2002,2000,DAVIDSON,33 3 SOUTHEAST LIB,2016,001919,0.35186374,code_token_name,high,0.993
2002,2000,DAVIDSON,33 3 SOUTHEAST LIB,2016,001957,0.29161682,code_token_name,high,0.993
2002,2000,DAVIDSON,33 3 SOUTHEAST LIB,2016,001920,0.28776696,code_token_name,high,0.993
2002,2000,DAVIDSON,33 3 SOUTHEAST LIB,2016,001921,0.06875213,code_token_name,high,0.993
2002,2000,DAVIDSON,33 3 SOUTHEAST LIB,2016,001955,2.8e-07,code_token_name,high,0.993
2002,2000,DAVIDSON,33 3 SOUTHEAST LIB,2016,001953,6e-08,code_token_name,high,0.993
2002,2000,DAVIDSON,33 4 HICKORY HOLLOW,2016,001919,0.35186374,code_token_name,high,0.993
2002,2000,DAVIDSON,33 4 HICKORY HOLLOW,2016,001957,0.29161682,code_token_name,high,0.993
2002,2000,DAVIDSON,33 4 HICKORY HOLLOW,2016,001920,0.28776696,code_token_name,high,0.993
2002,2000,DAVIDSON,33 4 HICKORY HOLLOW,2016,001921,0.06875213,code_token_name,high,0.993
2002,2000,DAVIDSON,33 4 HICKORY HOLLOW,2016,001955,2.8e-07,code_token_name,high,0.993
2002,2000,DAVIDSON,33 4 HICKORY HOLLOW,2016,001953,6e-08,code_token_name,high,0.993
2002,2000,DAVIDSON,34 01 JULIA GREEN,2040,001910,0.99308824,code_token_name,high,0.993
2002,2000,DAVIDSON,34 01 JULIA GREEN,2040,001955,0.00451695,code_token_name,high,0.993
2002,2000,DAVIDSON,34 01 JULIA GREEN,2040,001917,0.0022832,code_token_name,high,0.993
2002,2000,DAVIDSON,34 01 JULIA GREEN,2040,001954,0.00011125,code_token_name,high,0.993
2002,2000,DAVIDSON,34 01 JULIA GREEN,2040,001909,1.9e-07,code_token_name,high,0.993
2002,2000,DAVIDSON,34 01 JULIA GREEN,2040,001913,1.5e-07,code_token_name,high,0.993
2002,2000,DAVIDSON,34 01 JULIA GREEN,2040,001907,2e-08,code_token_name,high,0.993
2002,2000,DAVIDSON,34 01 JULIA GREEN,2040,001953,0.0,code_token_name,high,0.993
2002,2000,DAVIDSON,34 01 JULIA GREEN,2040,001918,0.0,code_token_name,high,0.993
2002,2000,DAVIDSON,34 02 HILLSBORO PRES,2040,001910,0.99308824,code_token_name,high,0.993
2002,2000,DAVIDSON,34 02 HILLSBORO PRES,2040,001955,0.00451695,code_token_name,high,0.993
2002,2000,DAVIDSON,34 02 HILLSBORO PRES,2040,001917,0.0022832,code_token_name,high,0.993
2002,2000,DAVIDSON,34 02 HILLSBORO PRES,2040,001954,0.00011125,code_token_name,high,0.993
2002,2000,DAVIDSON,34 02 HILLSBORO PRES,2040,001909,1.9e-07,code_token_name,high,0.993
2002,2000,DAVIDSON,34 02 HILLSBORO PRES,2040,001913,1.5e-07,code_token_name,high,0.993
2002,2000,DAVIDSON,34 02 HILLSBORO PRES,2040,001907,2e-08,code_token_name,high,0.993
2002,2000,DAVIDSON,34 02 HILLSBORO PRES,2040,001953,0.0,code_token_name,high,0.993
2002,2000,DAVIDSON,34 02 HILLSBORO PRES,2040,001918,0.0,code_token_name,high,0.993
2002,2000,DAVIDSON,34 03 PERCY PRIEST,2040,001910,0.99308824,code_token_name,high,0.993
2002,2000,DAVIDSON,34 03 PERCY PRIEST,2040,001955,0.00451695,code_token_name,high,0.993
2002,2000,DAVIDSON,34 03 PERCY PRIEST,2040,001917,0.0022832,code_token_name,high,0.993
2002,2000,DAVIDSON,34 03 PERCY PRIEST,2040,001954,0.00011125,code_token_name,high,0.993
2002,2000,DAVIDSON,34 03 PERCY PRIEST,2040,001909,1.9e-07,code_token_name,high,0.993
2002,2000,DAVIDSON,34 03 PERCY PRIEST,2040,001913,1.5e-07,code_token_name,high,0.993
2002,2000,DAVIDSON,34 03 PERCY PRIEST,2040,001907,2e-08,code_token_name,high,0.993
2002,2000,DAVIDSON,34 03 PERCY PRIEST,2040,001953,0.0,code_token_name,high,0.993
2002,2000,DAVIDSON,34 03 PERCY PRIEST,2040,001918,0.0,code_token_name,high,0.993
2002,2000,DAVIDSON,34 04 JOHN TROTWOOD,2040,001910,0.99308824,code_token_name,high,0.993
2002,2000,DAVIDSON,34 04 JOHN TROTWOOD,2040,001955,0.00451695,code_token_name,high,0.993
2002,2000,DAVIDSON,34 04 JOHN TROTWOOD,2040,001917,0.0022832,code_token_name,high,0.993
2002,2000,DAVIDSON,34 04 JOHN TROTWOOD,2040,001954,0.00011125,code_token_name,high,0.993
2002,2000,DAVIDSON,34 04 JOHN TROTWOOD,2040,001909,1.9e-07,code_token_name,high,0.993
2002,2000,DAVIDSON,34 04 JOHN TROTWOOD,2040,001913,1.5e-07,code_token_name,high,0.993
2002,2000,DAVIDSON,34 04 JOHN TROTWOOD,2040,001907,2e-08,code_token_name,high,0.993
2002,2000,DAVIDSON,34 04 JOHN TROTWOOD,2040,001953,0.0,code_token_name,high,0.993
2002,2000,DAVIDSON,34 04 JOHN TROTWOOD,2040,001918,0.0,code_token_name,high,0.993
2002,2000,DAVIDSON,34 05 HOLY TRINITY,2040,001910,0.99308824,code_token_name,high,0.993
2002,2000,DAVIDSON,34 05 HOLY TRINITY,2040,001955,0.00451695,code_token_name,high,0.993
2002,2000,DAVIDSON,34 05 HOLY TRINITY,2040,001917,0.0022832,code_token_name,high,0.993
2002,2000,DAVIDSON,34 05 HOLY TRINITY,2040,001954,0.00011125,code_token_name,high,0.993
2002,2000,DAVIDSON,34 05 HOLY TRINITY,2040,001909,1.9e-07,code_token_name,high,0.993
2002,2000,DAVIDSON,34 05 HOLY TRINITY,2040,001913,1.5e-07,code_token_name,high,0.993
2002,2000,DAVIDSON,34 05 HOLY TRINITY,2040,001907,2e-08,code_token_name,high,0.993
2002,2000,DAVIDSON,34 05 HOLY TRINITY,2040,001953,0.0,code_token_name,high,0.993
2002,2000,DAVIDSON,34 05 HOLY TRINITY,2040,001918,0.0,code_token_name,high,0.993
2002,2000,DAVIDSON,34 06 JUDSON BAPT,2040,001910,0.99308824,code_token_name,high,0.993
2002,2000,DAVIDSON,34 06 JUDSON BAPT,2040,001955,0.00451695,code_token_name,high,0.993
2002,2000,DAVIDSON,34 06 JUDSON BAPT,2040,001917,0.0022832,code_token_name,high,0.993
2002,2000,DAVIDSON,34 06 JUDSON BAPT,2040,001954,0.00011125,code_token_name,high,0.993
2002,2000,DAVIDSON,34 06 JUDSON BAPT,2040,001909,1.9e-07,code_token_name,high,0.993
2002,2000,DAVIDSON,34 06 JUDSON BAPT,2040,001913,1.5e-07,code_token_name,high,0.993
2002,2000,DAVIDSON,34 06 JUDSON BAPT,2040,001907,2e-08,code_token_name,high,0.993
2002,2000,DAVIDSON,34 06 JUDSON BAPT,2040,001953,0.0,code_token_name,high,0.993
2002,2000,DAVIDSON,34 06 JUDSON BAPT,2040,001918,0.0,code_token_name,high,0.993
2002,2000,DAVIDSON,34 08 GLENDALE UMC,2040,001910,0.99308824,code_token_name,high,0.993
2002,2000,DAVIDSON,34 08 GLENDALE UMC,2040,001955,0.00451695,code_token_name,high,0.993
2002,2000,DAVIDSON,34 08 GLENDALE UMC,2040,001917,0.0022832,code_token_name,high,0.993
2002,2000,DAVIDSON,34 08 GLENDALE UMC,2040,001954,0.00011125,code_token_name,high,0.993
2002,2000,DAVIDSON,34 08 GLENDALE UMC,2040,001909,1.9e-07,code_token_name,high,0.993
2002,2000,DAVIDSON,34 08 GLENDALE UMC,2040,001913,1.5e-07,code_token_name,high,0.993
2002,2000,DAVIDSON,34 08 GLENDALE UMC,2040,001907,2e-08,code_token_name,high,0.993
2002,2000,DAVIDSON,34 08 GLENDALE UMC,2040,001953,0.0,code_token_name,high,0.993
2002,2000,DAVIDSON,34 08 GLENDALE UMC,2040,001918,0.0,code_token_name,high,0.993
2002,2000,DAVIDSON,34 09 BROOKHAVEN C,2040,001910,0.99308824,code_token_name,high,0.993
2002,2000,DAVIDSON,34 09 BROOKHAVEN C,2040,001955,0.00451695,code_token_name,high,0.993
2002,2000,DAVIDSON,34 09 BROOKHAVEN C,2040,001917,0.0022832,code_token_name,high,0.993
2002,2000,DAVIDSON,34 09 BROOKHAVEN C,2040,001954,0.00011125,code_token_name,high,0.993
2002,2000,DAVIDSON,34 09 BROOKHAVEN C,2040,001909,1.9e-07,code_token_name,high,0.993
2002,2000,DAVIDSON,34 09 BROOKHAVEN C,2040,001913,1.5e-07,code_token_name,high,0.993
2002,2000,DAVIDSON,34 09 BROOKHAVEN C,2040,001907,2e-08,code_token_name,high,0.993
2002,2000,DAVIDSON,34 09 BROOKHAVEN C,2040,001953,0.0,code_token_name,high,0.993
2002,2000,DAVIDSON,34 09 BROOKHAVEN C,2040,001918,0.0,code_token_name,high,0.993
2002,2000,DAVIDSON,34 10 FOREST HILLS,2040,001910,0.99308824,code_token_name,high,0.993
2002,2000,DAVIDSON,34 10 FOREST HILLS,2040,001955,0.00451695,code_token_name,high,0.993
2002,2000,DAVIDSON,34 10 FOREST HILLS,2040,001917,0.0022832,code_token_name,high,0.993
2002,2000,DAVIDSON,34 10 FOREST HILLS,2040,001954,0.00011125,code_token_name,high,0.993
2002,2000,DAVIDSON,34 10 FOREST HILLS,2040,001909,1.9e-07,code_token_name,high,0.993
2002,2000,DAVIDSON,34 10 FOREST HILLS,2040,001913,1.5e-07,code_token_name,high,0.993
2002,2000,DAVIDSON,34 10 FOREST HILLS,2040,001907,2e-08,code_token_name,high,0.993
2002,2000,DAVIDSON,34 10 FOREST HILLS,2040,001953,0.0,code_token_name,high,0.993
2002,2000,DAVIDSON,34 10 FOREST HILLS,2040,001918,0.0,code_token_name,high,0.993
2002,2000,DAVIDSON,35 1 GOWER SCHOOL,2068,001956,0.82841305,code_token_name,high,0.993
2002,2000,DAVIDSON,35 1 GOWER SCHOOL,2068,001909,0.15664911,code_token_name,high,0.993
2002,2000,DAVIDSON,35 1 GOWER SCHOOL,2068,001961,0.01018501,code_token_name,high,0.993
2002,2000,DAVIDSON,35 1 GOWER SCHOOL,2068,001906,0.004722,code_token_name,high,0.993
2002,2000,DAVIDSON,35 1 GOWER SCHOOL,2068,001908,2.893e-05,code_token_name,high,0.993
2002,2000,DAVIDSON,35 1 GOWER SCHOOL,2068,001954,1.9e-06,code_token_name,high,0.993
2002,2000,DAVIDSON,35 2 SOUTH HARPETH,2068,001956,0.82841305,code_token_name,high,0.993
2002,2000,DAVIDSON,35 2 SOUTH HARPETH,2068,001909,0.15664911,code_token_name,high,0.993
2002,2000,DAVIDSON,35 2 SOUTH HARPETH,2068,001961,0.01018501,code_token_name,high,0.993
2002,2000,DAVIDSON,35 2 SOUTH HARPETH,2068,001906,0.004722,code_token_name,high,0.993
2002,2000,DAVIDSON,35 2 SOUTH HARPETH,2068,001908,2.893e-05,code_token_name,high,0.993
2002,2000,DAVIDSON,35 2 SOUTH HARPETH,2068,001954,1.9e-06,code_token_name,high,0.993
2002,2000,DAVIDSON,35 3 HARPETH VALLEY,2068,001956,0.82841305,code_token_name,high,0.993
2002,2000,DAVIDSON,35 3 HARPETH VALLEY,2068,001909,0.15664911,code_token_name,high,0.993
2002,2000,DAVIDSON,35 3 HARPETH VALLEY,2068,001961,0.01018501,code_token_name,high,0.993
2002,2000,DAVIDSON,35 3 HARPETH VALLEY,2068,001906,0.004722,code_token_name,high,0.993
2002,2000,DAVIDSON,35 3 HARPETH VALLEY,2068,001908,2.893e-05,code_token_name,high,0.993
2002,2000,DAVIDSON,35 3 HARPETH VALLEY,2068,001954,1.9e-06,code_token_name,high,0.993
2002,2000,DAVIDSON,35 4 BELLEVUE UMC,2068,001956,0.82841305,code_token_name,high,0.993
2002,2000,DAVIDSON,35 4 BELLEVUE UMC,2068,001909,0.15664911,code_token_name,high,0.993
2002,2000,DAVIDSON,35 4 BELLEVUE UMC,2068,001961,0.01018501,code_token_name,high,0.993
2002,2000,DAVIDSON,35 4 BELLEVUE UMC,2068,001906,0.004722,code_token_name,high,0.993
2002,2000,DAVIDSON,35 4 BELLEVUE UMC,2068,001908,2.893e-05,code_token_name,high,0.993
2002,2000,DAVIDSON,35 4 BELLEVUE UMC,2068,001954,1.9e-06,code_token_name,high,0.993
2002,2000,DAVIDSON,35 5 JEWISH CC,2068,001956,0.82841305,code_token_name,high,0.993
2002,2000,DAVIDSON,35 5 JEWISH CC,2068,001909,0.15664911,code_token_name,high,0.993
2002,2000,DAVIDSON,35 5 JEWISH CC,2068,001961,0.01018501,code_token_name,high,0.993
2002,2000,DAVIDSON,35 5 JEWISH CC,2068,001906,0.004722,code_token_name,high,0.993
2002,2000,DAVIDSON,35 5 JEWISH CC,2068,001908,2.893e-05,code_token_name,high,0.993
2002,2000,DAVIDSON,35 5 JEWISH CC,2068,001954,1.9e-06,code_token_name,high,0.993
2002,2000,DAVIDSON,AIS,0200,0200,1.0,forced_best_name,low,0.333333
2002,2000,DAVIDSON,PAPER VOTES,1728,001890,0.72972995,forced_best_name,low,0.413793
2002,2000,DAVIDSON,PAPER VOTES,1728,001894,0.26312075,forced_best_name,low,0.413793
2002,2000,DAVIDSON,PAPER VOTES,1728,001895,0.00666977,forced_best_name,low,0.413793
2002,2000,DAVIDSON,PAPER VOTES,1728,001880,0.00047953,forced_best_name,low,0.413793
2002,2000,DAVIDSON,PAPER VOTES,1728,001828,0.0,forced_best_name,low,0.413793
2002,2000,DECATUR,01 DUNBAR,2216,002054,0.99999995,exact_name,high,1.0
2002,2000,DECATUR,01 DUNBAR,2216,002052,3e-08,exact_name,high,1.0
2002,2000,DECATUR,01 DUNBAR,2216,002051,1e-08,exact_name,high,1.0
2002,2000,DECATUR,01 DUNBAR,2216,002060,0.0,exact_name,high,1.0
2002,2000,DECATUR,02 LIBERTY,2224,002060,0.72111605,exact_name,high,1.0
2002,2000,DECATUR,02 LIBERTY,2224,002054,0.27770072,exact_name,high,1.0
2002,2000,DECATUR,02 LIBERTY,2224,002051,0.00118324,exact_name,high,1.0
2002,2000,DECATUR,02 SCOTTS HILL,2228,002051,0.99999394,exact_name,high,1.0
2002,2000,DECATUR,02 SCOTTS HILL,2228,002060,5.97e-06,exact_name,high,1.0
2002,2000,DECATUR,02 SCOTTS HILL,2228,002054,8e-08,exact_name,high,1.0
2002,2000,DECATUR,02 SCOTTS HILL,2228,002053,1e-08,exact_name,high,1.0
2002,2000,DECATUR,02 SCOTTS HILL,2228,002052,0.0,exact_name,high,1.0
2002,2000,DECATUR,03 BEACON,2232,002053,0.95085177,code_token_name,high,0.993
2002,2000,DECATUR,03 BEACON,2232,002063,0.0450541,code_token_name,high,0.993
2002,2000,DECATUR,03 BEACON,2232,002052,0.00409412,code_token_name,high,0.993
2002,2000,DECATUR,03 BEACON,2232,002056,1e-08,code_token_name,high,0.993
2002,2000,DECATUR,03 BEACON,2232,002055,0.0,code_token_name,high,0.993
2002,2000,DECATUR,03 BEACON,2232,002062,0.0,code_token_name,high,0.993
2002,2000,DECATUR,03 BEACON,2232,002051,0.0,code_token_name,high,0.993
2002,2000,DECATUR,03 DECATURVILLE,2232,002053,0.95085177,exact_name,high,1.0
2002,2000,DECATUR,03 DECATURVILLE,2232,002063,0.0450541,exact_name,high,1.0
2002,2000,DECATUR,03 DECATURVILLE,2232,002052,0.00409412,exact_name,high,1.0
2002,2000,DECATUR,03 DECATURVILLE,2232,002056,1e-08,exact_name,high,1.0
2002,2000,DECATUR,03 DECATURVILLE,2232,002055,0.0,exact_name,high,1.0
2002,2000,DECATUR,03 DECATURVILLE,2232,002062,0.0,exact_name,high,1.0
2002,2000,DECATUR,03 DECATURVILLE,2232,002051,0.0,exact_name,high,1.0
2002,2000,DECATUR,04 DECATURVILLE,2236,002052,0.9873732,exact_name,high,1.0
2002,2000,DECATUR,04 DECATURVILLE,2236,002054,0.01262671,exact_name,high,1.0
2002,2000,DECATUR,04 DECATURVILLE,2236,002053,9e-08,exact_name,high,1.0
2002,2000,DECATUR,04 DECATURVILLE,2236,002051,0.0,exact_name,high,1.0
2002,2000,DECATUR,05 PARSONS,2240,002055,0.99999745,exact_name,high,1.0
2002,2000,DECATUR,05 PARSONS,2240,002058,2.31e-06,exact_name,high,1.0
2002,2000,DECATUR,05 PARSONS,2240,002056,2.4e-07,exact_name,high,1.0
2002,2000,DECATUR,05 PARSONS,2240,002062,0.0,exact_name,high,1.0
2002,2000,DECATUR,05 PARSONS,2240,002053,0.0,exact_name,high,1.0
2002,2000,DECATUR,06 PARSONS,2244,002056,0.99999975,exact_name,high,1.0
2002,2000,DECATUR,06 PARSONS,2244,002055,1.6e-07,exact_name,high,1.0
2002,2000,DECATUR,06 PARSONS,2244,002053,9e-08,exact_name,high,1.0
2002,2000,DECATUR,06 PARSONS,2244,002063,0.0,exact_name,high,1.0
2002,2000,DECATUR,06 PARSONS,2244,002058,0.0,exact_name,high,1.0
2002,2000,DECATUR,06 PARSONS,2244,002061,0.0,exact_name,high,1.0
2002,2000,DECATUR,07 JEANETTE,2248,002057,0.88551988,exact_name,high,1.0
2002,2000,DECATUR,07 JEANETTE,2248,002059,0.1144331,exact_name,high,1.0
2002,2000,DECATUR,07 JEANETTE,2248,002058,4.686e-05,exact_name,high,1.0
2002,2000,DECATUR,07 JEANETTE,2248,002062,1.6e-07,exact_name,high,1.0
2002,2000,DECATUR,07 PERRYVILLE,2252,002062,0.99997396,exact_name,high,1.0
2002,2000,DECATUR,07 PERRYVILLE,2252,002057,2.591e-05,exact_name,high,1.0
2002,2000,DECATUR,07 PERRYVILLE,2252,002058,1.3e-07,exact_name,high,1.0
2002,2000,DECATUR,07 PERRYVILLE,2252,002055,0.0,exact_name,high,1.0
2002,2000,DECATUR,07 PERRYVILLE,2252,002053,0.0,exact_name,high,1.0
2002,2000,DECATUR,08 PARSONS,2256,002058,0.99165504,exact_name,high,1.0
2002,2000,DECATUR,08 PARSONS,2256,002061,0.00696935,exact_name,high,1.0
2002,2000,DECATUR,08 PARSONS,2256,002057,0.00137361,exact_name,high,1.0
2002,2000,DECATUR,08 PARSONS,2256,002062,1.94e-06,exact_name,high,1.0
2002,2000,DECATUR,08 PARSONS,2256,002055,4e-08,exact_name,high,1.0
2002,2000,DECATUR,08 PARSONS,2256,002056,2e-08,exact_name,high,1.0
2002,2000,DECATUR,08 PARSONS,2256,002059,0.0,exact_name,high,1.0
2002,2000,DECATUR,09 BEACON,2260,002061,0.82689068,exact_name,high,1.0
2002,2000,DECATUR,09 BEACON,2260,002063,0.17299449,exact_name,high,1.0
2002,2000,DECATUR,09 BEACON,2260,002058,0.00011482,exact_name,high,1.0
2002,2000,DECATUR,09 BEACON,2260,002056,1e-08,exact_name,high,1.0
2002,2000,DECATUR,09 BEACON,2260,002059,0.0,exact_name,high,1.0
2002,2000,DECATUR,09 HYDRO,2264,002059,0.9976143,exact_name,high,1.0
2002,2000,DECATUR,09 HYDRO,2264,002061,0.00238216,exact_name,high,1.0
2002,2000,DECATUR,09 HYDRO,2264,002057,3.54e-06,exact_name,high,1.0
2002,2000,DECATUR,09 HYDRO,2264,002058,0.0,exact_name,high,1.0
2002,2000,DEKALB,1 1 ALEXANDRIA,2272,002158,0.9999705,exact_name,high,1.0
2002,2000,DEKALB,1 1 ALEXANDRIA,2272,002159,2.94e-05,exact_name,high,1.0
2002,2000,DEKALB,1 1 ALEXANDRIA,2272,002160,6e-08,exact_name,high,1.0
2002,2000,DEKALB,1 1 ALEXANDRIA,2272,002152,3e-08,exact_name,high,1.0
2002,2000,DEKALB,1 2 TEMPERENCE HALL,2276,002159,0.99971391,exact_name,high,1.0
2002,2000,DEKALB,1 2 TEMPERENCE HALL,2276,002160,0.00028533,exact_name,high,1.0
2002,2000,DEKALB,1 2 TEMPERENCE HALL,2276,002158,6.1e-07,exact_name,high,1.0
2002,2000,DEKALB,1 2 TEMPERENCE HALL,2276,002161,1.4e-07,exact_name,high,1.0
2002,2000,DEKALB,1 2 TEMPERENCE HALL,2276,002153,1e-08,exact_name,high,1.0
2002,2000,DEKALB,1 2 TEMPERENCE HALL,2276,002151,0.0,exact_name,high,1.0
2002,2000,DEKALB,1 3 EDGAR EVINS PARK,2272,002158,0.9999705,code_token_name,high,0.993
2002,2000,DEKALB,1 3 EDGAR EVINS PARK,2272,002159,2.94e-05,code_token_name,high,0.993
2002,2000,DEKALB,1 3 EDGAR EVINS PARK,2272,002160,6e-08,code_token_name,high,0.993
2002,2000,DEKALB,1 3 EDGAR EVINS PARK,2272,002152,3e-08,code_token_name,high,0.993
2002,2000,DEKALB,2 1 LIBERTY,2284,002152,0.8680582,exact_name,high,1.0
2002,2000,DEKALB,2 1 LIBERTY,2284,002158,0.13110367,exact_name,high,1.0
2002,2000,DEKALB,2 1 LIBERTY,2284,002160,0.00083813,exact_name,high,1.0
2002,2000,DEKALB,2 2 DOWELLTOWN,2288,002160,0.9999682,exact_name,high,1.0
2002,2000,DEKALB,2 2 DOWELLTOWN,2288,002152,2.382e-05,exact_name,high,1.0
2002,2000,DEKALB,2 2 DOWELLTOWN,2288,002159,7.76e-06,exact_name,high,1.0
2002,2000,DEKALB,2 2 DOWELLTOWN,2288,002161,2e-07,exact_name,high,1.0
2002,2000,DEKALB,2 2 DOWELLTOWN,2288,002158,1e-08,exact_name,high,1.0
2002,2000,DEKALB,2 3 SNOWS HILL,2289,002161,0.79011597,exact_name,high,1.0
2002,2000,DEKALB,2 3 SNOWS HILL,2289,002159,0.20988049,exact_name,high,1.0
2002,2000,DEKALB,2 3 SNOWS HILL,2289,002160,3.51e-06,exact_name,high,1.0
2002,2000,DEKALB,2 3 SNOWS HILL,2289,002153,2e-08,exact_name,high,1.0
2002,2000,DEKALB,3 MIDDLE SCHOOL,2292,002153,0.84024968,exact_name,high,1.0
2002,2000,DEKALB,3 MIDDLE SCHOOL,2292,002161,0.15972025,exact_name,high,1.0
2002,2000,DEKALB,3 MIDDLE SCHOOL,2292,002156,2.529e-05,exact_name,high,1.0
2002,2000,DEKALB,3 MIDDLE SCHOOL,2292,002155,4.7e-06,exact_name,high,1.0
2002,2000,DEKALB,3 MIDDLE SCHOOL,2292,002160,6e-08,exact_name,high,1.0
2002,2000,DEKALB,3 MIDDLE SCHOOL,2292,002154,0.0,exact_name,high,1.0
2002,2000,DEKALB,3 MIDDLE SCHOOL,2292,002151,0.0,exact_name,high,1.0
2002,2000,DEKALB,3 MIDDLE SCHOOL,2292,002159,0.0,exact_name,high,1.0
2002,2000,DEKALB,4 1 CHERRY HILL,2300,002155,0.99999999,exact_name,high,1.0
2002,2000,DEKALB,4 1 CHERRY HILL,2300,002162,1e-08,exact_name,high,1.0
2002,2000,DEKALB,4 1 CHERRY HILL,2300,002151,0.0,exact_name,high,1.0
2002,2000,DEKALB,4 2 ROCK CASTLE,2304,002162,0.99999987,exact_name,high,1.0
2002,2000,DEKALB,4 2 ROCK CASTLE,2304,002164,1.3e-07,exact_name,high,1.0
2002,2000,DEKALB,4 3 COURTHOUSE,2308,002155,0.89827088,exact_name,high,1.0
2002,2000,DEKALB,4 3 COURTHOUSE,2308,002153,0.10172865,exact_name,high,1.0
2002,2000,DEKALB,4 3 COURTHOUSE,2308,002164,4.6e-07,exact_name,high,1.0
2002,2000,DEKALB,4 3 COURTHOUSE,2308,002157,0.0,exact_name,high,1.0
2002,2000,DEKALB,4 3 COURTHOUSE,2308,002162,0.0,exact_name,high,1.0
2002,2000,DEKALB,4 3 COURTHOUSE,2308,002151,0.0,exact_name,high,1.0
2002,2000,DEKALB,5 1 JOHNSON CHAPEL,2312,002164,0.99999995,exact_name,high,1.0
2002,2000,DEKALB,5 1 JOHNSON CHAPEL,2312,002157,5e-08,exact_name,high,1.0
2002,2000,DEKALB,5 1 JOHNSON CHAPEL,2312,002155,0.0,exact_name,high,1.0
2002,2000,DEKALB,5 1 JOHNSON CHAPEL,2312,002162,0.0,exact_name,high,1.0
2002,2000,DEKALB,5 1 JOHNSON CHAPEL,2312,002165,0.0,exact_name,high,1.0
2002,2000,DEKALB,5 2 ELEMENTARY SCH,2312,002164,0.99999995,code_token_name,high,0.993
2002,2000,DEKALB,5 2 ELEMENTARY SCH,2312,002157,5e-08,code_token_name,high,0.993
2002,2000,DEKALB,5 2 ELEMENTARY SCH,2312,002155,0.0,code_token_name,high,0.993
2002,2000,DEKALB,5 2 ELEMENTARY SCH,2312,002162,0.0,code_token_name,high,0.993
2002,2000,DEKALB,5 2 ELEMENTARY SCH,2312,002165,0.0,code_token_name,high,0.993
2002,2000,DEKALB,6 1 BELK,2320,002166,0.99999997,exact_name,high,1.0
2002,2000,DEKALB,6 1 BELK,2320,002165,3e-08,exact_name,high,1.0
2002,2000,DEKALB,6 2 KELTONBURG,2324,002165,0.90193495,exact_name,high,1.0
2002,2000,DEKALB,6 2 KELTONBURG,2324,002157,0.09806492,exact_name,high,1.0
2002,2000,DEKALB,6 2 KELTONBURG,2324,002154,1.1e-07,exact_name,high,1.0
2002,2000,DEKALB,6 2 KELTONBURG,2324,002166,1e-08,exact_name,high,1.0
2002,2000,DEKALB,6 2 KELTONBURG,2324,002156,0.0,exact_name,high,1.0
2002,2000,DEKALB,6 2 KELTONBURG,2324,002164,0.0,exact_name,high,1.0
2002,2000,DEKALB,6 3 BLUE SPRINGS,2328,002154,0.84227583,exact_name,high,1.0
2002,2000,DEKALB,6 3 BLUE SPRINGS,2328,002157,0.08451726,exact_name,high,1.0
2002,2000,DEKALB,6 3 BLUE SPRINGS,2328,002161,0.06006057,exact_name,high,1.0
2002,2000,DEKALB,6 3 BLUE SPRINGS,2328,002153,0.0131462,exact_name,high,1.0
2002,2000,DEKALB,6 3 BLUE SPRINGS,2328,002165,1.3e-07,exact_name,high,1.0
2002,2000,DEKALB,6 3 BLUE SPRINGS,2328,002156,0.0,exact_name,high,1.0
2002,2000,DEKALB,6 3 BLUE SPRINGS,2328,002160,0.0,exact_name,high,1.0
2002,2000,DEKALB,7 CHURCH OF CHRIST,0012,0012,1.0,exact_name,high,1.0
2002,2000,DICKSON,01 1 CHARLOTTE COURT,2348,002263,0.52843671,code_token_name,high,0.993
2002,2000,DICKSON,01 1 CHARLOTTE COURT,2348,002262,0.33047916,code_token_name,high,0.993
2002,2000,DICKSON,01 1 CHARLOTTE COURT,2348,002264,0.08832492,code_token_name,high,0.993
2002,2000,DICKSON,01 1 CHARLOTTE COURT,2348,002265,0.05275917,code_token_name,high,0.993
2002,2000,DICKSON,01 1 CHARLOTTE COURT,2348,002261,3e-08,code_token_name,high,0.993
2002,2000,DICKSON,01 1 CHARLOTTE COURT,2348,002260,1e-08,code_token_name,high,0.993
2002,2000,DICKSON,01 2 SYLVIA BAPTIST,2348,002263,0.52843671,code_token_name,high,0.993
2002,2000,DICKSON,01 2 SYLVIA BAPTIST,2348,002262,0.33047916,code_token_name,high,0.993
2002,2000,DICKSON,01 2 SYLVIA BAPTIST,2348,002264,0.08832492,code_token_name,high,0.993
2002,2000,DICKSON,01 2 SYLVIA BAPTIST,2348,002265,0.05275917,code_token_name,high,0.993
2002,2000,DICKSON,01 2 SYLVIA BAPTIST,2348,002261,3e-08,code_token_name,high,0.993
2002,2000,DICKSON,01 2 SYLVIA BAPTIST,2348,002260,1e-08,code_token_name,high,0.993
2002,2000,DICKSON,02 1 ENO C C,2368,002257,0.94742965,code_token_name,high,0.993
2002,2000,DICKSON,02 1 ENO C C,2368,002256,0.05257032,code_token_name,high,0.993
2002,2000,DICKSON,02 1 ENO C C,2368,002267,4e-08,code_token_name,high,0.993
2002,2000,DICKSON,02 2 TENNESSEE CITY,2368,002257,0.94742965,code_token_name,high,0.993
2002,2000,DICKSON,02 2 TENNESSEE CITY,2368,002256,0.05257032,code_token_name,high,0.993
2002,2000,DICKSON,02 2 TENNESSEE CITY,2368,002267,4e-08,code_token_name,high,0.993
2002,2000,DICKSON,03 1 CUMBERLAND FCE,2360,002259,0.65479574,code_token_name,high,0.993
2002,2000,DICKSON,03 1 CUMBERLAND FCE,2360,002260,0.34520426,code_token_name,high,0.993
2002,2000,DICKSON,03 1 CUMBERLAND FCE,2360,002262,0.0,code_token_name,high,0.993
2002,2000,DICKSON,03 1 CUMBERLAND FCE,2360,002263,0.0,code_token_name,high,0.993
2002,2000,DICKSON,03 2 VANLEER TOWN,2360,002259,0.65479574,code_token_name,high,0.993
2002,2000,DICKSON,03 2 VANLEER TOWN,2360,002260,0.34520426,code_token_name,high,0.993
2002,2000,DICKSON,03 2 VANLEER TOWN,2360,002262,0.0,code_token_name,high,0.993
2002,2000,DICKSON,03 2 VANLEER TOWN,2360,002263,0.0,code_token_name,high,0.993
2002,2000,DICKSON,04 1 JACKSON CHAPEL,2372,002260,0.79794333,code_token_name,high,0.993
2002,2000,DICKSON,04 1 JACKSON CHAPEL,2372,002261,0.18415599,code_token_name,high,0.993
2002,2000,DICKSON,04 1 JACKSON CHAPEL,2372,002263,0.01790068,code_token_name,high,0.993
2002,2000,DICKSON,04 1 JACKSON CHAPEL,2372,002259,0.0,code_token_name,high,0.993
2002,2000,DICKSON,05 1 WILLIAM JAMES,2352,002261,1.0,code_token_name,high,0.993
2002,2000,DICKSON,05 1 WILLIAM JAMES,2352,002260,0.0,code_token_name,high,0.993
2002,2000,DICKSON,06 1 BURNS TOWN HAL,2344,002252,0.44411382,code_token_name,high,0.993
2002,2000,DICKSON,06 1 BURNS TOWN HAL,2344,002251,0.34502741,code_token_name,high,0.993
2002,2000,DICKSON,06 1 BURNS TOWN HAL,2344,002255,0.20900466,code_token_name,high,0.993
2002,2000,DICKSON,06 1 BURNS TOWN HAL,2344,002266,0.00105876,code_token_name,high,0.993
2002,2000,DICKSON,06 1 BURNS TOWN HAL,2344,002265,0.00061063,code_token_name,high,0.993
2002,2000,DICKSON,06 1 BURNS TOWN HAL,2344,002253,0.00018472,code_token_name,high,0.993
2002,2000,DICKSON,06 2 PORTER C C,2344,002252,0.44411382,code_token_name,high,0.993
2002,2000,DICKSON,06 2 PORTER C C,2344,002251,0.34502741,code_token_name,high,0.993
2002,2000,DICKSON,06 2 PORTER C C,2344,002255,0.20900466,code_token_name,high,0.993
2002,2000,DICKSON,06 2 PORTER C C,2344,002266,0.00105876,code_token_name,high,0.993
2002,2000,DICKSON,06 2 PORTER C C,2344,002265,0.00061063,code_token_name,high,0.993
2002,2000,DICKSON,06 2 PORTER C C,2344,002253,0.00018472,code_token_name,high,0.993
2002,2000,DICKSON,07 1 POMONA TN TEC,2388,002255,0.70652768,code_token_name,high,0.993
2002,2000,DICKSON,07 1 POMONA TN TEC,2388,002256,0.29347232,code_token_name,high,0.993
2002,2000,DICKSON,07 1 POMONA TN TEC,2388,002267,0.0,code_token_name,high,0.993
2002,2000,DICKSON,07 1 POMONA TN TEC,2388,002251,0.0,code_token_name,high,0.993
2002,2000,DICKSON,08 1 MEMORIAL BLDG,2392,002256,0.66342776,code_token_name,high,0.993
2002,2000,DICKSON,08 1 MEMORIAL BLDG,2392,002267,0.33377393,code_token_name,high,0.993
2002,2000,DICKSON,08 1 MEMORIAL BLDG,2392,002255,0.00179699,code_token_name,high,0.993
2002,2000,DICKSON,08 1 MEMORIAL BLDG,2392,002257,0.00089187,code_token_name,high,0.993
2002,2000,DICKSON,08 1 MEMORIAL BLDG,2392,002264,7.982e-05,code_token_name,high,0.993
2002,2000,DICKSON,08 1 MEMORIAL BLDG,2392,002266,2.964e-05,code_token_name,high,0.993
2002,2000,DICKSON,08 1 MEMORIAL BLDG,2392,002265,0.0,code_token_name,high,0.993
2002,2000,DICKSON,09 1 DICKSON SR HIGH,2408,002264,0.99992303,code_token_name,high,0.993
2002,2000,DICKSON,09 1 DICKSON SR HIGH,2408,002267,6.414e-05,code_token_name,high,0.993
2002,2000,DICKSON,09 1 DICKSON SR HIGH,2408,002265,1.225e-05,code_token_name,high,0.993
2002,2000,DICKSON,09 1 DICKSON SR HIGH,2408,002257,5.8e-07,code_token_name,high,0.993
2002,2000,DICKSON,09 1 DICKSON SR HIGH,2408,002258,0.0,code_token_name,high,0.993
2002,2000,DICKSON,09 1 DICKSON SR HIGH,2408,002262,0.0,code_token_name,high,0.993
2002,2000,DICKSON,10 1 DICKSON JR HIGH,2380,002265,0.9999728,exact_name,high,1.0
2002,2000,DICKSON,10 1 DICKSON JR HIGH,2380,002264,2.244e-05,exact_name,high,1.0
2002,2000,DICKSON,10 1 DICKSON JR HIGH,2380,002266,4.49e-06,exact_name,high,1.0
2002,2000,DICKSON,10 1 DICKSON JR HIGH,2380,002261,2.7e-07,exact_name,high,1.0
2002,2000,DICKSON,10 1 DICKSON JR HIGH,2380,002263,0.0,exact_name,high,1.0
2002,2000,DICKSON,10 1 DICKSON JR HIGH,2380,002267,0.0,exact_name,high,1.0
2002,2000,DICKSON,11 1 CROSBY CENTER,2356,002266,0.99996311,exact_name,high,1.0
2002,2000,DICKSON,11 1 CROSBY CENTER,2356,002265,3.196e-05,exact_name,high,1.0
2002,2000,DICKSON,11 1 CROSBY CENTER,2356,002267,4.49e-06,exact_name,high,1.0
2002,2000,DICKSON,11 1 CROSBY CENTER,2356,002255,4.4e-07,exact_name,high,1.0
2002,2000,DICKSON,11 1 CROSBY CENTER,2356,002252,0.0,exact_name,high,1.0
2002,2000,DICKSON,12 1 BUDDYS REST,2340,002265,0.88279569,code_token_name,high,0.993
2002,2000,DICKSON,12 1 BUDDYS REST,2340,002254,0.07564506,code_token_name,high,0.993
2002,2000,DICKSON,12 1 BUDDYS REST,2340,002253,0.022727,code_token_name,high,0.993
2002,2000,DICKSON,12 1 BUDDYS REST,2340,002266,0.018308,code_token_name,high,0.993
2002,2000,DICKSON,12 1 BUDDYS REST,2340,002252,0.00052425,code_token_name,high,0.993
2002,2000,DICKSON,12 1 BUDDYS REST,2340,002261,0.0,code_token_name,high,0.993
2002,2000,DICKSON,12 2 EASTSIDE STUART,2364,002251,1.0,exact_name,high,1.0
2002,2000,DICKSON,12 2 EASTSIDE STUART,2364,002253,0.0,exact_name,high,1.0
2002,2000,DICKSON,12 3 WHITE BLUFF CC,2340,002265,0.88279569,code_token_name,high,0.993
2002,2000,DICKSON,12 3 WHITE BLUFF CC,2340,002254,0.07564506,code_token_name,high,0.993
2002,2000,DICKSON,12 3 WHITE BLUFF CC,2340,002253,0.022727,code_token_name,high,0.993
2002,2000,DICKSON,12 3 WHITE BLUFF CC,2340,002266,0.018308,code_token_name,high,0.993
2002,2000,DICKSON,12 3 WHITE BLUFF CC,2340,002252,0.00052425,code_token_name,high,0.993
2002,2000,DICKSON,12 3 WHITE BLUFF CC,2340,002261,0.0,code_token_name,high,0.993
2002,2000,DYER,A BONICORD,2456,002351,0.99914022,exact_name,high,1.0
2002,2000,DYER,A BONICORD,2456,002363,0.00064439,exact_name,high,1.0
2002,2000,DYER,A BONICORD,2456,002361,0.00020934,exact_name,high,1.0
2002,2000,DYER,A BONICORD,2456,002352,6.05e-06,exact_name,high,1.0
2002,2000,DYER,A BONICORD,2456,002355,0.0,exact_name,high,1.0
2002,2000,DYER,A BONICORD,2456,002354,0.0,exact_name,high,1.0
2002,2000,DYER,A FOWLKES,2476,002352,0.9920124,exact_name,high,1.0
2002,2000,DYER,A FOWLKES,2476,002359,0.00713578,exact_name,high,1.0
2002,2000,DYER,A FOWLKES,2476,002361,0.00084145,exact_name,high,1.0
2002,2000,DYER,A FOWLKES,2476,002351,1.037e-05,exact_name,high,1.0
2002,2000,DYER,B NEWBERN,2500,002353,0.37977493,exact_name,high,1.0
2002,2000,DYER,B NEWBERN,2500,002358,0.29164775,exact_name,high,1.0
2002,2000,DYER,B NEWBERN,2500,002356,0.25784985,exact_name,high,1.0
2002,2000,DYER,B NEWBERN,2500,002355,0.03554117,exact_name,high,1.0
2002,2000,DYER,B NEWBERN,2500,002354,0.0275853,exact_name,high,1.0
2002,2000,DYER,B NEWBERN,2500,002365,0.007601,exact_name,high,1.0
2002,2000,DYER,B NEWBERN,2500,002363,0.0,exact_name,high,1.0
2002,2000,DYER,C ROELLEN,2508,002363,0.4228568,exact_name,high,1.0
2002,2000,DYER,C ROELLEN,2508,002355,0.39606075,exact_name,high,1.0
2002,2000,DYER,C ROELLEN,2508,002351,0.14366317,exact_name,high,1.0
2002,2000,DYER,C ROELLEN,2508,002354,0.03732798,exact_name,high,1.0
2002,2000,DYER,C ROELLEN,2508,002353,9.125e-05,exact_name,high,1.0
2002,2000,DYER,C ROELLEN,2508,002365,5e-08,exact_name,high,1.0
2002,2000,DYER,C TATUMVILLE,2516,002354,0.99999996,exact_name,high,1.0
2002,2000,DYER,C TATUMVILLE,2516,002353,3e-08,exact_name,high,1.0
2002,2000,DYER,C TATUMVILLE,2516,002355,1e-08,exact_name,high,1.0
2002,2000,DYER,C TATUMVILLE,2516,002351,1e-08,exact_name,high,1.0
2002,2000,DYER,C TATUMVILLE,2516,002356,0.0,exact_name,high,1.0
2002,2000,DYER,C TRIMBLE,2520,002356,0.99984253,exact_name,high,1.0
2002,2000,DYER,C TRIMBLE,2520,002353,0.00015699,exact_name,high,1.0
2002,2000,DYER,C TRIMBLE,2520,002354,4.8e-07,exact_name,high,1.0
2002,2000,DYER,D BOGOTA,2452,002357,0.66045903,exact_name,high,1.0
2002,2000,DYER,D BOGOTA,2452,002360,0.33260328,exact_name,high,1.0
2002,2000,DYER,D BOGOTA,2452,002358,0.00693769,exact_name,high,1.0
2002,2000,DYER,D MILLSFIELD,2444,002358,0.6424564,exact_name,high,1.0
2002,2000,DYER,D MILLSFIELD,2444,002365,0.15470982,exact_name,high,1.0
2002,2000,DYER,D MILLSFIELD,2444,002357,0.12205574,exact_name,high,1.0
2002,2000,DYER,D MILLSFIELD,2444,002360,0.07309332,exact_name,high,1.0
2002,2000,DYER,D MILLSFIELD,2444,002356,0.00462184,exact_name,high,1.0
2002,2000,DYER,D MILLSFIELD,2444,002364,0.00297155,exact_name,high,1.0
2002,2000,DYER,D MILLSFIELD,2444,002366,9.134e-05,exact_name,high,1.0
2002,2000,DYER,E FINLEY,2472,002359,0.9980803,exact_name,high,1.0
2002,2000,DYER,E FINLEY,2472,002361,0.0019163,exact_name,high,1.0
2002,2000,DYER,E FINLEY,2472,002360,3.39e-06,exact_name,high,1.0
2002,2000,DYER,E FINLEY,2472,002352,1e-08,exact_name,high,1.0
2002,2000,DYER,E FINLEY,2472,002366,0.0,exact_name,high,1.0
2002,2000,DYER,E LENOX,2496,002360,0.99498565,exact_name,high,1.0
2002,2000,DYER,E LENOX,2496,002366,0.00446115,exact_name,high,1.0
2002,2000,DYER,E LENOX,2496,002359,0.00050592,exact_name,high,1.0
2002,2000,DYER,E LENOX,2496,002357,4.729e-05,exact_name,high,1.0
2002,2000,DYER,G COURTHOUSE,2468,002362,0.97767497,exact_name,high,1.0
2002,2000,DYER,G COURTHOUSE,2468,002361,0.01267304,exact_name,high,1.0
2002,2000,DYER,G COURTHOUSE,2468,002364,0.00925546,exact_name,high,1.0
2002,2000,DYER,G COURTHOUSE,2468,002366,0.00039654,exact_name,high,1.0
2002,2000,DYER,H E DYERSBURG,2492,002363,0.95232108,exact_name,high,1.0
2002,2000,DYER,H E DYERSBURG,2492,002361,0.0313353,exact_name,high,1.0
2002,2000,DYER,H E DYERSBURG,2492,002351,0.01629199,exact_name,high,1.0
2002,2000,DYER,H E DYERSBURG,2492,002364,5.164e-05,exact_name,high,1.0
2002,2000,DYER,I COMMUNITY CENTER,2464,002364,0.93401418,exact_name,high,1.0
2002,2000,DYER,I COMMUNITY CENTER,2464,002363,0.0490548,exact_name,high,1.0
2002,2000,DYER,I COMMUNITY CENTER,2464,002365,0.01693085,exact_name,high,1.0
2002,2000,DYER,I COMMUNITY CENTER,2464,002362,1.8e-07,exact_name,high,1.0
2002,2000,DYER,I COMMUNITY CENTER,2464,002361,0.0,exact_name,high,1.0
2002,2000,DYER,I HURRICANE HILL,2484,002365,0.64742097,exact_name,high,1.0
2002,2000,DYER,I HURRICANE HILL,2484,002358,0.19348095,exact_name,high,1.0
2002,2000,DYER,I HURRICANE HILL,2484,002364,0.12513966,exact_name,high,1.0
2002,2000,DYER,I HURRICANE HILL,2484,002363,0.03395841,exact_name,high,1.0
2002,2000,DYER,I HURRICANE HILL,2484,002353,0.0,exact_name,high,1.0
2002,2000,DYER,J N DYERSBURG,2448,002366,0.67387012,exact_name,high,1.0
2002,2000,DYER,J N DYERSBURG,2448,002364,0.1126665,exact_name,high,1.0
2002,2000,DYER,J N DYERSBURG,2448,002361,0.08286966,exact_name,high,1.0
2002,2000,DYER,J N DYERSBURG,2448,002365,0.06344549,exact_name,high,1.0
2002,2000,DYER,J N DYERSBURG,2448,002362,0.03091281,exact_name,high,1.0
2002,2000,DYER,J N DYERSBURG,2448,002360,0.02762039,exact_name,high,1.0
2002,2000,DYER,J N DYERSBURG,2448,002359,0.00861504,exact_name,high,1.0
2002,2000,FAYETTE,01 SOMERVILLE CITY,2559,002460,0.38605885,code_token_name,high,0.993
2002,2000,FAYETTE,01 SOMERVILLE CITY,2559,002461,0.29545094,code_token_name,high,0.993
2002,2000,FAYETTE,01 SOMERVILLE CITY,2559,002465,0.17384329,code_token_name,high,0.993
2002,2000,FAYETTE,01 SOMERVILLE CITY,2559,002464,0.0886618,code_token_name,high,0.993
2002,2000,FAYETTE,01 SOMERVILLE CITY,2559,002458,0.05598512,code_token_name,high,0.993
2002,2000,FAYETTE,01 SOMERVILLE CITY,2559,002456,0.0,code_token_name,high,0.993
2002,2000,FAYETTE,02 WARREN,2564,002461,1.0,code_token_name,high,0.993
2002,2000,FAYETTE,02 WARREN,2564,002464,0.0,code_token_name,high,0.993
2002,2000,FAYETTE,03 FAYETTE CORNER,2572,002464,0.69334505,code_token_name,high,0.993
2002,2000,FAYETTE,03 FAYETTE CORNER,2572,002462,0.1826502,code_token_name,high,0.993
2002,2000,FAYETTE,03 FAYETTE CORNER,2572,002461,0.12400475,code_token_name,high,0.993
2002,2000,FAYETTE,04 GARNETT,2593,002456,0.36416721,code_token_name,high,0.993
2002,2000,FAYETTE,04 GARNETT,2593,002451,0.22727409,code_token_name,high,0.993
2002,2000,FAYETTE,04 GARNETT,2593,002464,0.21230557,code_token_name,high,0.993
2002,2000,FAYETTE,04 GARNETT,2593,002463,0.13554896,code_token_name,high,0.993
2002,2000,FAYETTE,04 GARNETT,2593,002465,0.04151644,code_token_name,high,0.993
2002,2000,FAYETTE,04 GARNETT,2593,002452,0.01918773,code_token_name,high,0.993
2002,2000,FAYETTE,05 LONGTOWN,2533,002455,0.91187107,code_token_name,high,0.993
2002,2000,FAYETTE,05 LONGTOWN,2533,002454,0.08812893,code_token_name,high,0.993
2002,2000,FAYETTE,06 BRADEN,2540,002456,0.66902873,code_token_name,high,0.993
2002,2000,FAYETTE,06 BRADEN,2540,002455,0.23434307,code_token_name,high,0.993
2002,2000,FAYETTE,06 BRADEN,2540,002453,0.0966282,code_token_name,high,0.993
2002,2000,FAYETTE,07 GALLAWAY,2545,002457,0.61279252,code_token_name,high,0.993
2002,2000,FAYETTE,07 GALLAWAY,2545,002455,0.18794422,code_token_name,high,0.993
2002,2000,FAYETTE,07 GALLAWAY,2545,002456,0.10755688,code_token_name,high,0.993
2002,2000,FAYETTE,07 GALLAWAY,2545,002458,0.07752003,code_token_name,high,0.993
2002,2000,FAYETTE,07 GALLAWAY,2545,002459,0.01418635,code_token_name,high,0.993
2002,2000,FAYETTE,08 OAKLAND,2588,002452,0.63567218,code_token_name,high,0.993
2002,2000,FAYETTE,08 OAKLAND,2588,002463,0.28649804,code_token_name,high,0.993
2002,2000,FAYETTE,08 OAKLAND,2588,002451,0.03618504,code_token_name,high,0.993
2002,2000,FAYETTE,08 OAKLAND,2588,002456,0.02912521,code_token_name,high,0.993
2002,2000,FAYETTE,08 OAKLAND,2588,002453,0.01251953,code_token_name,high,0.993
2002,2000,FAYETTE,09 HICKORY WITHE,0009,0009,1.0,token_vtd,high,1.0
2002,2000,FAYETTE,10 ELBA,0010,0010,1.0,token_vtd,high,1.0
2002,2000,FAYETTE,11 PIPERTON,0011,0011,1.0,token_vtd,high,1.0
2002,2000,FAYETTE,12 ROSSVILLE,0012,0012,1.0,token_vtd,high,1.0
2002,2000,FAYETTE,13 MACON,0013,0013,1.0,token_vtd,high,1.0
2002,2000,FAYETTE,14 WILLISTON,0014,0014,1.0,token_vtd,high,1.0
2002,2000,FAYETTE,15 PARKS,0015,0015,1.0,token_vtd,high,1.0
2002,2000,FAYETTE,16 MOSCOW,0016,0016,1.0,token_vtd,high,1.0
2002,2000,FAYETTE,17 LAGRANGE,2549,002459,0.99999956,tail_exact_name,medium,0.985
2002,2000,FAYETTE,17 LAGRANGE,2549,002457,4e-07,tail_exact_name,medium,0.985
2002,2000,FAYETTE,17 LAGRANGE,2549,002458,3e-08,tail_exact_name,medium,0.985
2002,2000,FENTRESS,ALLARDT,2652,002553,0.99486151,exact_name,high,1.0
2002,2000,FENTRESS,ALLARDT,2652,002561,0.00465766,exact_name,high,1.0
2002,2000,FENTRESS,ALLARDT,2652,002557,0.00047564,exact_name,high,1.0
2002,2000,FENTRESS,ALLARDT,2652,002551,5.17e-06,exact_name,high,1.0
2002,2000,FENTRESS,ALLARDT,2652,002555,2e-08,exact_name,high,1.0
2002,2000,FENTRESS,ARMATHWAITE,2656,002551,0.99999997,exact_name,high,1.0
2002,2000,FENTRESS,ARMATHWAITE,2656,002555,2e-08,exact_name,high,1.0
2002,2000,FENTRESS,ARMATHWAITE,2656,002553,1e-08,exact_name,high,1.0
2002,2000,FENTRESS,BANNER SPRINGS,2644,002552,0.7730065,exact_name,high,1.0
2002,2000,FENTRESS,BANNER SPRINGS,2644,002562,0.22698647,exact_name,high,1.0
2002,2000,FENTRESS,BANNER SPRINGS,2644,002556,7.03e-06,exact_name,high,1.0
2002,2000,FENTRESS,CLARKRANGE,2640,002556,0.53644845,exact_name,high,1.0
2002,2000,FENTRESS,CLARKRANGE,2640,002562,0.32948639,exact_name,high,1.0
2002,2000,FENTRESS,CLARKRANGE,2640,002552,0.13406515,exact_name,high,1.0
2002,2000,FENTRESS,CLARKRANGE,2640,002560,1e-08,exact_name,high,1.0
2002,2000,FENTRESS,COMMUNITY CENTER,2608,002557,0.99920529,exact_name,high,1.0
2002,2000,FENTRESS,COMMUNITY CENTER,2608,002558,0.00038075,exact_name,high,1.0
2002,2000,FENTRESS,COMMUNITY CENTER,2608,002555,0.00032566,exact_name,high,1.0
2002,2000,FENTRESS,COMMUNITY CENTER,2608,002553,6.014e-05,exact_name,high,1.0
2002,2000,FENTRESS,COMMUNITY CENTER,2608,002554,2.816e-05,exact_name,high,1.0
2002,2000,FENTRESS,COMMUNITY CENTER,2608,002561,0.0,exact_name,high,1.0
2002,2000,FENTRESS,COURTHOUSE,2612,002554,0.99959091,exact_name,high,1.0
2002,2000,FENTRESS,COURTHOUSE,2612,002558,0.00035013,exact_name,high,1.0
2002,2000,FENTRESS,COURTHOUSE,2612,002557,5.896e-05,exact_name,high,1.0
2002,2000,FENTRESS,CROSSROADS,2616,002558,0.99125741,exact_name,high,1.0
2002,2000,FENTRESS,CROSSROADS,2616,002557,0.00781999,exact_name,high,1.0
2002,2000,FENTRESS,CROSSROADS,2616,002554,0.00027613,exact_name,high,1.0
2002,2000,FENTRESS,CROSSROADS,2616,002559,0.00023528,exact_name,high,1.0
2002,2000,FENTRESS,CROSSROADS,2616,002563,0.00022314,exact_name,high,1.0
2002,2000,FENTRESS,CROSSROADS,2616,002560,0.00018805,exact_name,high,1.0
2002,2000,FENTRESS,CROSSROADS,2616,002555,0.0,exact_name,high,1.0
2002,2000,FENTRESS,GRIMSLEY,2632,002562,0.79639327,exact_name,high,1.0
2002,2000,FENTRESS,GRIMSLEY,2632,002553,0.13994968,exact_name,high,1.0
2002,2000,FENTRESS,GRIMSLEY,2632,002561,0.06365703,exact_name,high,1.0
2002,2000,FENTRESS,GRIMSLEY,2632,002556,2e-08,exact_name,high,1.0
2002,2000,FENTRESS,GRIMSLEY,2632,002560,0.0,exact_name,high,1.0
2002,2000,FENTRESS,PALL MALL,2620,002559,0.9998547,exact_name,high,1.0
2002,2000,FENTRESS,PALL MALL,2620,002563,0.00012099,exact_name,high,1.0
2002,2000,FENTRESS,PALL MALL,2620,002558,1.271e-05,exact_name,high,1.0
2002,2000,FENTRESS,PALL MALL,2620,002560,1.161e-05,exact_name,high,1.0
2002,2000,FENTRESS,PINE HAVEN,2648,002555,0.79323339,exact_name,high,1.0
2002,2000,FENTRESS,PINE HAVEN,2648,002563,0.20458849,exact_name,high,1.0
2002,2000,FENTRESS,PINE HAVEN,2648,002558,0.00151261,exact_name,high,1.0
2002,2000,FENTRESS,PINE HAVEN,2648,002559,0.00044495,exact_name,high,1.0
2002,2000,FENTRESS,PINE HAVEN,2648,002557,0.00022054,exact_name,high,1.0
2002,2000,FENTRESS,PINE HAVEN,2648,002553,2e-08,exact_name,high,1.0
2002,2000,FENTRESS,PINE HAVEN,2648,002551,0.0,exact_name,high,1.0
2002,2000,FENTRESS,SHIRLEY,2636,002553,0.53384266,exact_name,high,1.0
2002,2000,FENTRESS,SHIRLEY,2636,002551,0.38255109,exact_name,high,1.0
2002,2000,FENTRESS,SHIRLEY,2636,002561,0.08360625,exact_name,high,1.0
2002,2000,FENTRESS,WEST FENTRESS,2624,002560,0.99958832,exact_name,high,1.0
2002,2000,FENTRESS,WEST FENTRESS,2624,002559,0.00037543,exact_name,high,1.0
2002,2000,FENTRESS,WEST FENTRESS,2624,002558,3.624e-05,exact_name,high,1.0
2002,2000,FENTRESS,WEST FENTRESS,2624,002562,0.0,exact_name,high,1.0
2002,2000,FENTRESS,YORK ELEMENTARY,2628,002561,0.76640876,exact_name,high,1.0
2002,2000,FENTRESS,YORK ELEMENTARY,2628,002558,0.11947799,exact_name,high,1.0
2002,2000,FENTRESS,YORK ELEMENTARY,2628,002554,0.11318457,exact_name,high,1.0
2002,2000,FENTRESS,YORK ELEMENTARY,2628,002553,0.00084136,exact_name,high,1.0
2002,2000,FENTRESS,YORK ELEMENTARY,2628,002562,8.731e-05,exact_name,high,1.0
2002,2000,FENTRESS,YORK ELEMENTARY,2628,002557,0.0,exact_name,high,1.0
2002,2000,FENTRESS,YORK ELEMENTARY,2628,002560,0.0,exact_name,high,1.0
2002,2000,FRANKLIN,1 1 COURTHOUSE,0001,0001,1.0,code_token_name,high,0.993
2002,2000,FRANKLIN,2 1 CLARK MEMORIAL,0002,0002,1.0,exact_name,high,1.0
2002,2000,FRANKLIN,3 1 BROADVIEW,0003,0003,1.0,exact_name,high,1.0
2002,2000,FRANKLIN,3 2 HUNTLAND,0004,0004,1.0,exact_name,high,1.0
2002,2000,FRANKLIN,3 3 OLD SALEM,0003,0003,1.0,code_token_name,high,0.993
2002,2000,FRANKLIN,4 1 BELVIDERE,0006,0006,1.0,exact_name,high,1.0
2002,2000,FRANKLIN,4 2 COWAN,0007,0007,1.0,exact_name,high,1.0
2002,2000,FRANKLIN,4 3 LIBERTY,0008,0008,1.0,exact_name,high,1.0
2002,2000,FRANKLIN,5 1 KEITH SPRINGS,0009,0009,1.0,exact_name,high,1.0
2002,2000,FRANKLIN,5 2 SEWANEE,0010,0010,1.0,exact_name,high,1.0
2002,2000,FRANKLIN,5 3 SHERWOOD,0011,0011,1.0,exact_name,high,1.0
2002,2000,FRANKLIN,6 1 ALTO OAK GROVE,0012,0012,1.0,exact_name,high,1.0
2002,2000,FRANKLIN,6 2 CAPITOL HILL,0013,0013,1.0,exact_name,high,1.0
2002,2000,FRANKLIN,6 3 UTSI,0014,0014,1.0,exact_name,high,1.0
2002,2000,FRANKLIN,7 1 NORTH LAKE,0015,0015,1.0,exact_name,high,1.0
2002,2000,FRANKLIN,7 2 WINCHESTER SPGS,0015,0015,1.0,code_token_name,high,0.993
2002,2000,FRANKLIN,8 1 DECHERD,0017,0017,1.0,exact_name,high,1.0
2002,2000,FRANKLIN,8 2 ESTILL SPRINGS,0018,0018,1.0,exact_name,high,1.0
2002,2000,GIBSON,01 1 MEDINA CIVIC,2780,002759,0.66400497,code_token_name,high,0.993
2002,2000,GIBSON,01 1 MEDINA CIVIC,2780,002753,0.31956911,code_token_name,high,0.993
2002,2000,GIBSON,01 1 MEDINA CIVIC,2780,002752,0.00879527,code_token_name,high,0.993
2002,2000,GIBSON,01 1 MEDINA CIVIC,2780,002764,0.00763054,code_token_name,high,0.993
2002,2000,GIBSON,01 1 MEDINA CIVIC,2780,002754,8e-08,code_token_name,high,0.993
2002,2000,GIBSON,01 1 MEDINA CIVIC,2780,002751,3e-08,code_token_name,high,0.993
2002,2000,GIBSON,01 2 SITKA CC,2780,002759,0.66400497,code_token_name,high,0.993
2002,2000,GIBSON,01 2 SITKA CC,2780,002753,0.31956911,code_token_name,high,0.993
2002,2000,GIBSON,01 2 SITKA CC,2780,002752,0.00879527,code_token_name,high,0.993
2002,2000,GIBSON,01 2 SITKA CC,2780,002764,0.00763054,code_token_name,high,0.993
2002,2000,GIBSON,01 2 SITKA CC,2780,002754,8e-08,code_token_name,high,0.993
2002,2000,GIBSON,01 2 SITKA CC,2780,002751,3e-08,code_token_name,high,0.993
2002,2000,GIBSON,01 3 SOUTH GIBSON,2780,002759,0.66400497,code_token_name,high,0.993
2002,2000,GIBSON,01 3 SOUTH GIBSON,2780,002753,0.31956911,code_token_name,high,0.993
2002,2000,GIBSON,01 3 SOUTH GIBSON,2780,002752,0.00879527,code_token_name,high,0.993
2002,2000,GIBSON,01 3 SOUTH GIBSON,2780,002764,0.00763054,code_token_name,high,0.993
2002,2000,GIBSON,01 3 SOUTH GIBSON,2780,002754,8e-08,code_token_name,high,0.993
2002,2000,GIBSON,01 3 SOUTH GIBSON,2780,002751,3e-08,code_token_name,high,0.993
2002,2000,GIBSON,01 4 GIBSON MUNI,2780,002759,0.66400497,code_token_name,high,0.993
2002,2000,GIBSON,01 4 GIBSON MUNI,2780,002753,0.31956911,code_token_name,high,0.993
2002,2000,GIBSON,01 4 GIBSON MUNI,2780,002752,0.00879527,code_token_name,high,0.993
2002,2000,GIBSON,01 4 GIBSON MUNI,2780,002764,0.00763054,code_token_name,high,0.993
2002,2000,GIBSON,01 4 GIBSON MUNI,2780,002754,8e-08,code_token_name,high,0.993
2002,2000,GIBSON,01 4 GIBSON MUNI,2780,002751,3e-08,code_token_name,high,0.993
2002,2000,GIBSON,01 5 HUMBOLDT AIR,2780,002759,0.66400497,code_token_name,high,0.993
2002,2000,GIBSON,01 5 HUMBOLDT AIR,2780,002753,0.31956911,code_token_name,high,0.993
2002,2000,GIBSON,01 5 HUMBOLDT AIR,2780,002752,0.00879527,code_token_name,high,0.993
2002,2000,GIBSON,01 5 HUMBOLDT AIR,2780,002764,0.00763054,code_token_name,high,0.993
2002,2000,GIBSON,01 5 HUMBOLDT AIR,2780,002754,8e-08,code_token_name,high,0.993
2002,2000,GIBSON,01 5 HUMBOLDT AIR,2780,002751,3e-08,code_token_name,high,0.993
2002,2000,GIBSON,02 6 3 HUMBOLT CHUR,2784,002754,0.94892937,code_token_name,high,0.993
2002,2000,GIBSON,02 6 3 HUMBOLT CHUR,2784,002756,0.04192779,code_token_name,high,0.993
2002,2000,GIBSON,02 6 3 HUMBOLT CHUR,2784,002755,0.00914248,code_token_name,high,0.993
2002,2000,GIBSON,02 6 3 HUMBOLT CHUR,2784,002758,3.6e-07,code_token_name,high,0.993
2002,2000,GIBSON,02 6 3 HUMBOLT CHUR,2784,002757,0.0,code_token_name,high,0.993
2002,2000,GIBSON,03 7 4 HUMBOLDT PAR,2884,002755,0.71388199,code_token_name,high,0.993
2002,2000,GIBSON,03 7 4 HUMBOLDT PAR,2884,002756,0.28611786,code_token_name,high,0.993
2002,2000,GIBSON,03 7 4 HUMBOLDT PAR,2884,002757,1.5e-07,code_token_name,high,0.993
2002,2000,GIBSON,03 7 4 HUMBOLDT PAR,2884,002754,0.0,code_token_name,high,0.993
2002,2000,GIBSON,04 8 2 HUMBOLDT FIRE,2772,002756,0.95874755,code_token_name,high,0.993
2002,2000,GIBSON,04 8 2 HUMBOLDT FIRE,2772,002757,0.02605624,code_token_name,high,0.993
2002,2000,GIBSON,04 8 2 HUMBOLDT FIRE,2772,002755,0.01519621,code_token_name,high,0.993
2002,2000,GIBSON,05 9 1 LANE CHAPEL,2804,002757,0.62441,code_token_name,high,0.993
2002,2000,GIBSON,05 9 1 LANE CHAPEL,2804,002756,0.22247602,code_token_name,high,0.993
2002,2000,GIBSON,05 9 1 LANE CHAPEL,2804,002760,0.15311398,code_token_name,high,0.993
2002,2000,GIBSON,06 10 5 HUMBOLDT OL,2796,002757,0.47199524,code_token_name,high,0.993
2002,2000,GIBSON,06 10 5 HUMBOLDT OL,2796,002758,0.45272661,code_token_name,high,0.993
2002,2000,GIBSON,06 10 5 HUMBOLDT OL,2796,002760,0.06801256,code_token_name,high,0.993
2002,2000,GIBSON,06 10 5 HUMBOLDT OL,2796,002753,0.00726555,code_token_name,high,0.993
2002,2000,GIBSON,06 10 5 HUMBOLDT OL,2796,002754,5e-08,code_token_name,high,0.993
2002,2000,GIBSON,06 10 5 HUMBOLDT OL,2796,002756,0.0,code_token_name,high,0.993
2002,2000,GIBSON,07 11 ED JONES AGRI,2764,002760,0.99999999,code_token_name,high,0.993
2002,2000,GIBSON,07 11 ED JONES AGRI,2764,002761,1e-08,code_token_name,high,0.993
2002,2000,GIBSON,07 11 ED JONES AGRI,2764,002759,0.0,code_token_name,high,0.993
2002,2000,GIBSON,07 13 FRUITLAND FIRE,2764,002760,0.99999999,code_token_name,high,0.993
2002,2000,GIBSON,07 13 FRUITLAND FIRE,2764,002761,1e-08,code_token_name,high,0.993
2002,2000,GIBSON,07 13 FRUITLAND FIRE,2764,002759,0.0,code_token_name,high,0.993
2002,2000,GIBSON,08 12 EDISON CC,2740,002761,0.99999966,code_token_name,high,0.993
2002,2000,GIBSON,08 12 EDISON CC,2740,002760,3.4e-07,code_token_name,high,0.993
2002,2000,GIBSON,08 12 EDISON CC,2740,002762,0.0,code_token_name,high,0.993
2002,2000,GIBSON,08 14 BRAZIL FIRE,2740,002761,0.99999966,code_token_name,high,0.993
2002,2000,GIBSON,08 14 BRAZIL FIRE,2740,002760,3.4e-07,code_token_name,high,0.993
2002,2000,GIBSON,08 14 BRAZIL FIRE,2740,002762,0.0,code_token_name,high,0.993
2002,2000,GIBSON,08 15 SPRING HILL,2740,002761,0.99999966,code_token_name,high,0.993
2002,2000,GIBSON,08 15 SPRING HILL,2740,002760,3.4e-07,code_token_name,high,0.993
2002,2000,GIBSON,08 15 SPRING HILL,2740,002762,0.0,code_token_name,high,0.993
2002,2000,GIBSON,09 20 COURTHOUSE,2792,002762,0.99038214,code_token_name,high,0.993
2002,2000,GIBSON,09 20 COURTHOUSE,2792,002761,0.00961782,code_token_name,high,0.993
2002,2000,GIBSON,09 20 COURTHOUSE,2792,002778,4e-08,code_token_name,high,0.993
2002,2000,GIBSON,09 21 HICKORY GROVE,2792,002762,0.99038214,code_token_name,high,0.993
2002,2000,GIBSON,09 21 HICKORY GROVE,2792,002761,0.00961782,code_token_name,high,0.993
2002,2000,GIBSON,09 21 HICKORY GROVE,2792,002778,4e-08,code_token_name,high,0.993
2002,2000,GIBSON,10 22 TRENTON CITY,2876,002763,0.99347405,code_token_name,high,0.993
2002,2000,GIBSON,10 22 TRENTON CITY,2876,002759,0.00614354,code_token_name,high,0.993
2002,2000,GIBSON,10 22 TRENTON CITY,2876,002762,0.00038241,code_token_name,high,0.993
2002,2000,GIBSON,11 23 CONCORD,2748,002765,0.43875243,code_token_name,high,0.993
2002,2000,GIBSON,11 23 CONCORD,2748,002764,0.32649773,code_token_name,high,0.993
2002,2000,GIBSON,11 23 CONCORD,2748,002775,0.20755781,code_token_name,high,0.993
2002,2000,GIBSON,11 23 CONCORD,2748,002762,0.02683854,code_token_name,high,0.993
2002,2000,GIBSON,11 23 CONCORD,2748,002774,0.00035349,code_token_name,high,0.993
2002,2000,GIBSON,11 24 MOORE S CHAPE,2748,002765,0.43875243,code_token_name,high,0.993
2002,2000,GIBSON,11 24 MOORE S CHAPE,2748,002764,0.32649773,code_token_name,high,0.993
2002,2000,GIBSON,11 24 MOORE S CHAPE,2748,002775,0.20755781,code_token_name,high,0.993
2002,2000,GIBSON,11 24 MOORE S CHAPE,2748,002762,0.02683854,code_token_name,high,0.993
2002,2000,GIBSON,11 24 MOORE S CHAPE,2748,002774,0.00035349,code_token_name,high,0.993
2002,2000,GIBSON,11 25 UNION CENTRAL,0011,0011,1.0,exact_name,high,1.0
2002,2000,GIBSON,11 26 GANN,2748,002765,0.43875243,code_token_name,high,0.993
2002,2000,GIBSON,11 26 GANN,2748,002764,0.32649773,code_token_name,high,0.993
2002,2000,GIBSON,11 26 GANN,2748,002775,0.20755781,code_token_name,high,0.993
2002,2000,GIBSON,11 26 GANN,2748,002762,0.02683854,code_token_name,high,0.993
2002,2000,GIBSON,11 26 GANN,2748,002774,0.00035349,code_token_name,high,0.993
2002,2000,GIBSON,11 27 SKULLBONE,0012,0012,1.0,exact_name,high,1.0
2002,2000,GIBSON,12 28 MILAN EXPRESS,2836,002767,0.68315025,code_token_name,high,0.993
2002,2000,GIBSON,12 28 MILAN EXPRESS,2836,002770,0.17707574,code_token_name,high,0.993
2002,2000,GIBSON,12 28 MILAN EXPRESS,2836,002768,0.12990395,code_token_name,high,0.993
2002,2000,GIBSON,12 28 MILAN EXPRESS,2836,002764,0.00987006,code_token_name,high,0.993
2002,2000,GIBSON,13 29 MILAN POLK,2840,002768,0.99219041,code_token_name,high,0.993
2002,2000,GIBSON,13 29 MILAN POLK,2840,002764,0.00668566,code_token_name,high,0.993
2002,2000,GIBSON,13 29 MILAN POLK,2840,002769,0.00112374,code_token_name,high,0.993
2002,2000,GIBSON,13 29 MILAN POLK,2840,002767,1.9e-07,code_token_name,high,0.993
2002,2000,GIBSON,14 30 MILAN ASSEMBL,2832,002769,0.98967859,code_token_name,high,0.993
2002,2000,GIBSON,14 30 MILAN ASSEMBL,2832,002770,0.00575886,code_token_name,high,0.993
2002,2000,GIBSON,14 30 MILAN ASSEMBL,2832,002765,0.00276782,code_token_name,high,0.993
2002,2000,GIBSON,14 30 MILAN ASSEMBL,2832,002764,0.00179398,code_token_name,high,0.993
2002,2000,GIBSON,14 30 MILAN ASSEMBL,2832,002768,7.3e-07,code_token_name,high,0.993
2002,2000,GIBSON,15 31 MILAN MUNI,2838,002770,0.88780053,code_token_name,high,0.993
2002,2000,GIBSON,15 31 MILAN MUNI,2838,002769,0.08227807,code_token_name,high,0.993
2002,2000,GIBSON,15 31 MILAN MUNI,2838,002768,0.02991343,code_token_name,high,0.993
2002,2000,GIBSON,15 31 MILAN MUNI,2838,002767,7.98e-06,code_token_name,high,0.993
2002,2000,GIBSON,16 16 NEBO,0017,0017,1.0,code_token_name,high,0.993
2002,2000,GIBSON,16 17 YORKVILLE,0017,0017,1.0,exact_name,high,1.0
2002,2000,GIBSON,16 18 KENTON,0018,0018,1.0,exact_name,high,1.0
2002,2000,GIBSON,16 19 FAIRVIEW,0017,0017,1.0,code_token_name,high,0.993
2002,2000,GIBSON,16 40 RUTHERFORD,0019,0019,1.0,exact_name,high,1.0
2002,2000,GIBSON,17 32 BRADFORD,0020,0020,1.0,exact_name,high,1.0
2002,2000,GIBSON,17 33 IDLEWILD,2736,002774,0.8807347,code_token_name,high,0.993
2002,2000,GIBSON,17 33 IDLEWILD,2736,002776,0.11877115,code_token_name,high,0.993
2002,2000,GIBSON,17 33 IDLEWILD,2736,002775,0.00049403,code_token_name,high,0.993
2002,2000,GIBSON,17 33 IDLEWILD,2736,002766,1.2e-07,code_token_name,high,0.993
2002,2000,GIBSON,18 34 LANEVIEW,2788,002776,0.93511641,code_token_name,high,0.993
2002,2000,GIBSON,18 34 LANEVIEW,2788,002777,0.06214265,code_token_name,high,0.993
2002,2000,GIBSON,18 34 LANEVIEW,2788,002774,0.00274094,code_token_name,high,0.993
2002,2000,GIBSON,18 34 LANEVIEW,2788,002775,0.0,code_token_name,high,0.993
2002,2000,GIBSON,18 35 POPLAR GROVE,2788,002776,0.93511641,code_token_name,high,0.993
2002,2000,GIBSON,18 35 POPLAR GROVE,2788,002777,0.06214265,code_token_name,high,0.993
2002,2000,GIBSON,18 35 POPLAR GROVE,2788,002774,0.00274094,code_token_name,high,0.993
2002,2000,GIBSON,18 35 POPLAR GROVE,2788,002775,0.0,code_token_name,high,0.993
2002,2000,GIBSON,18 36 LONOKE,2788,002776,0.93511641,code_token_name,high,0.993
2002,2000,GIBSON,18 36 LONOKE,2788,002777,0.06214265,code_token_name,high,0.993
2002,2000,GIBSON,18 36 LONOKE,2788,002774,0.00274094,code_token_name,high,0.993
2002,2000,GIBSON,18 36 LONOKE,2788,002775,0.0,code_token_name,high,0.993
2002,2000,GIBSON,18 37 GOOD LUCK,0021,0021,1.0,exact_name,high,1.0
2002,2000,GIBSON,19 38 DYER,0022,0022,1.0,exact_name,high,1.0
2002,2000,GIBSON,19 39 CURRIE,2752,002778,0.99980951,code_token_name,high,0.993
2002,2000,GIBSON,19 39 CURRIE,2752,002777,0.00019033,code_token_name,high,0.993
2002,2000,GIBSON,19 39 CURRIE,2752,002762,1.6e-07,code_token_name,high,0.993
2002,2000,GIBSON,19 39 CURRIE,2752,002771,0.0,code_token_name,high,0.993
2002,2000,GIBSON,19 39 CURRIE,2752,002761,0.0,code_token_name,high,0.993
2002,2000,GILES,1A ARDMORE,0001,0001,1.0,exact_name,high,1.0
2002,2000,GILES,1B PROSPECT,0002,0002,1.0,exact_name,high,1.0
2002,2000,GILES,2A MINOR HILL,0003,0003,1.0,exact_name,high,1.0
2002,2000,GILES,2B AIRPORT,0004,0004,1.0,exact_name,high,1.0
2002,2000,GILES,3A BODENHAM,0005,0005,1.0,code_token_name,high,0.993
2002,2000,GILES,3B CAMPBELLSVILLE,0006,0006,1.0,exact_name,high,1.0
2002,2000,GILES,4A LYNNVILLE,0007,0007,1.0,exact_name,high,1.0
2002,2000,GILES,4B BRICK CHURCH,0008,0008,1.0,code_token_name,high,0.993
2002,2000,GILES,5A TN TECH,0009,0009,1.0,code_token_name,high,0.993
2002,2000,GILES,5B CO OP,0010,0010,1.0,code_token_name,high,0.993
2002,2000,GILES,6A COURTHOUSE,0011,0011,1.0,code_token_name,high,0.993
2002,2000,GILES,6B BMS,0012,0012,1.0,code_token_name,high,0.993
2002,2000,GILES,7A GCHS,0013,0013,1.0,exact_name,high,1.0
2002,2000,GILES,7B REC CENTER,0014,0014,1.0,exact_name,high,1.0
2002,2000,GRAINGER,1 1,2960,002953,0.99943742,exact_name,high,1.0
2002,2000,GRAINGER,1 1,2960,002952,0.00035095,exact_name,high,1.0
2002,2000,GRAINGER,1 1,2960,002958,0.00020978,exact_name,high,1.0
2002,2000,GRAINGER,1 1,2960,002955,1.84e-06,exact_name,high,1.0
2002,2000,GRAINGER,1 1,2960,002954,1e-08,exact_name,high,1.0
2002,2000,GRAINGER,1 1,2960,002951,0.0,exact_name,high,1.0
2002,2000,GRAINGER,1 1,2960,002956,0.0,exact_name,high,1.0
2002,2000,GRAINGER,1 1,2960,002957,0.0,exact_name,high,1.0
2002,2000,GRAINGER,1 2,2964,002952,0.99992996,exact_name,high,1.0
2002,2000,GRAINGER,1 2,2964,002953,6.996e-05,exact_name,high,1.0
2002,2000,GRAINGER,1 2,2964,002958,8e-08,exact_name,high,1.0
2002,2000,GRAINGER,1 2,2964,002954,0.0,exact_name,high,1.0
2002,2000,GRAINGER,2 1,2968,002957,0.99994439,exact_name,high,1.0
2002,2000,GRAINGER,2 1,2968,002959,5.557e-05,exact_name,high,1.0
2002,2000,GRAINGER,2 1,2968,002960,3e-08,exact_name,high,1.0
2002,2000,GRAINGER,2 1,2968,002956,1e-08,exact_name,high,1.0
2002,2000,GRAINGER,2 1,2968,002958,0.0,exact_name,high,1.0
2002,2000,GRAINGER,2 1,2968,002953,0.0,exact_name,high,1.0
2002,2000,GRAINGER,2 2,2972,002958,0.95575608,exact_name,high,1.0
2002,2000,GRAINGER,2 2,2972,002953,0.02305728,exact_name,high,1.0
2002,2000,GRAINGER,2 2,2972,002952,0.02115625,exact_name,high,1.0
2002,2000,GRAINGER,2 2,2972,002960,3.036e-05,exact_name,high,1.0
2002,2000,GRAINGER,2 2,2972,002957,2e-08,exact_name,high,1.0
2002,2000,GRAINGER,3 1,2976,002955,0.87117716,exact_name,high,1.0
2002,2000,GRAINGER,3 1,2976,002953,0.12809394,exact_name,high,1.0
2002,2000,GRAINGER,3 1,2976,002954,0.00072884,exact_name,high,1.0
2002,2000,GRAINGER,3 1,2976,002951,5e-08,exact_name,high,1.0
2002,2000,GRAINGER,3 2,2980,002954,0.99947773,exact_name,high,1.0
2002,2000,GRAINGER,3 2,2980,002955,0.00051582,exact_name,high,1.0
2002,2000,GRAINGER,3 2,2980,002952,6.44e-06,exact_name,high,1.0
2002,2000,GRAINGER,3 2,2980,002953,1e-08,exact_name,high,1.0
2002,2000,GRAINGER,4 1,2984,002956,0.94194303,exact_name,high,1.0
2002,2000,GRAINGER,4 1,2984,002951,0.05805684,exact_name,high,1.0
2002,2000,GRAINGER,4 1,2984,002957,1.2e-07,exact_name,high,1.0
2002,2000,GRAINGER,4 1,2984,002953,0.0,exact_name,high,1.0
2002,2000,GRAINGER,4 2,2988,002951,0.99999998,exact_name,high,1.0
2002,2000,GRAINGER,4 2,2988,002956,2e-08,exact_name,high,1.0
2002,2000,GRAINGER,4 2,2988,002953,0.0,exact_name,high,1.0
2002,2000,GRAINGER,5 1,2994,002960,0.99876396,exact_name,high,1.0
2002,2000,GRAINGER,5 1,2994,002959,0.00118031,exact_name,high,1.0
2002,2000,GRAINGER,5 1,2994,002958,5.573e-05,exact_name,high,1.0
2002,2000,GRAINGER,5 1,2994,002957,0.0,exact_name,high,1.0
2002,2000,GRAINGER,5 2,2992,002959,0.99819177,exact_name,high,1.0
2002,2000,GRAINGER,5 2,2992,002960,0.00155157,exact_name,high,1.0
2002,2000,GRAINGER,5 2,2992,002957,0.00025666,exact_name,high,1.0
2002,2000,GREENE,01 FOREST HILLS,0001,0001,1.0,code_token_name,high,0.993
2002,2000,GREENE,02 FLAG BRANCH,0003,0003,1.0,code_token_name,high,0.993
2002,2000,GREENE,03 CANEY BRANCH,0007,0007,1.0,code_token_name,high,0.993
2002,2000,GREENE,04 MCDONALD,0002,0002,1.0,code_token_name,high,0.993
2002,2000,GREENE,04 WARRENSBURG,0002,0002,1.0,code_token_name,high,0.993
2002,2000,GREENE,05 OREBANK,0015,0015,1.0,code_token_name,high,0.993
2002,2000,GREENE,06 MOHAWK,0010,0010,1.0,code_token_name,high,0.993
2002,2000,GREENE,07 MT CARMEL,0008,0008,1.0,code_token_name,high,0.993
2002,2000,GREENE,08 MT PLEASANT,0008,0008,1.0,token_vtd,high,1.0
2002,2000,GREENE,09 DEBUSK,0009,0009,1.0,token_vtd,high,1.0
2002,2000,GREENE,10 1 EAST VIEW,0010,0010,1.0,token_vtd,high,1.0
2002,2000,GREENE,10 1 HIGH SCHOOL,0010,0010,1.0,token_vtd,high,1.0
2002,2000,GREENE,10 1 HIGHLAND ROBY,0010,0010,1.0,token_vtd,high,1.0
2002,2000,GREENE,10 1 TUSCULUM VIEW,0010,0010,1.0,token_vtd,high,1.0
2002,2000,GREENE,10 2 ANDREW JOHNSO,0010,0010,1.0,token_vtd,high,1.0
2002,2000,GREENE,10 2 COURT HOUSE,0010,0010,1.0,token_vtd,high,1.0
2002,2000,GREENE,10 2 MIDDLE SCHOOL,0010,0010,1.0,token_vtd,high,1.0
2002,2000,GREENE,11 BAILEYTON,0001,0001,1.0,exact_name,high,1.0
2002,2000,GREENE,11 WOODLAWN,0001,0001,1.0,code_token_name,high,0.993
2002,2000,GREENE,12 HARDINS,0012,0012,1.0,token_vtd,high,1.0
2002,2000,GREENE,13 TUSCULUM CORP,0013,0013,1.0,token_vtd,high,1.0
2002,2000,GREENE,13 TUSCULUM NORTH,0013,0013,1.0,token_vtd,high,1.0
2002,2000,GREENE,13 TUSCULUM SOUTH,0013,0013,1.0,token_vtd,high,1.0
2002,2000,GREENE,14 CHUCKY DOAK,0014,0014,1.0,token_vtd,high,1.0
2002,2000,GREENE,15 CHUCKY,0015,0015,1.0,token_vtd,high,1.0
2002,2000,GREENE,15 JOCKEY,0015,0015,1.0,token_vtd,high,1.0
2002,2000,GREENE,16 LOST MOUNTAIN,0016,0016,1.0,token_vtd,high,1.0
2002,2000,GREENE,16 UNION TEMPLE,0016,0016,1.0,token_vtd,high,1.0
2002,2000,GREENE,17 WEST PINES,0017,0017,1.0,exact_name,high,1.0
2002,2000,GREENE,18 SOUTH GREENE,0015,0015,1.0,tail_exact_name,medium,0.985
2002,2000,GREENE,19 MIDWAY,0014,0014,1.0,forced_best_name,low,0.588235
2002,2000,GREENE,20 NEWMANSVILLE,0001,0001,1.0,forced_best_name,low,0.384615
2002,2000,GREENE,21 CROSS ANCHOR,0004,0004,1.0,forced_best_name,low,0.37037
2002,2000,GREENE,22 GREYSTONE,0001,0001,1.0,forced_best_name,low,0.521739
2002,2000,GREENE,23 MOSHEIM,0011,0011,1.0,tail_exact_name,medium,0.985
2002,2000,GREENE,24 SUNNYSIDE,0015,0015,1.0,forced_best_name,low,0.384615
2002,2000,GREENE,25 GLENWOOD,0008,0008,1.0,tail_exact_name,medium,0.985
2002,2000,GRUNDY,ALTAMONT,3148,003153,0.99930892,exact_name,high,1.0
2002,2000,GRUNDY,ALTAMONT,3148,003155,0.00060348,exact_name,high,1.0
2002,2000,GRUNDY,ALTAMONT,3148,003152,6.002e-05,exact_name,high,1.0
2002,2000,GRUNDY,ALTAMONT,3148,003156,2.756e-05,exact_name,high,1.0
2002,2000,GRUNDY,ALTAMONT,3148,003157,3e-08,exact_name,high,1.0
2002,2000,GRUNDY,BEERSHEBA,3152,003152,0.89627519,exact_name,high,1.0
2002,2000,GRUNDY,BEERSHEBA,3152,003154,0.07887869,exact_name,high,1.0
2002,2000,GRUNDY,BEERSHEBA,3152,003153,0.02484612,exact_name,high,1.0
2002,2000,GRUNDY,BEERSHEBA,3152,003155,0.0,exact_name,high,1.0
2002,2000,GRUNDY,CENTRAL,0003,0003,1.0,exact_name,high,1.0
2002,2000,GRUNDY,COALMONT,0006,0006,1.0,exact_name,high,1.0
2002,2000,GRUNDY,COLLINS,0004,0004,1.0,exact_name,high,1.0
2002,2000,GRUNDY,CROSS ROADS,3178,003157,0.88255226,exact_name,high,1.0
2002,2000,GRUNDY,CROSS ROADS,3178,003161,0.11744769,exact_name,high,1.0
2002,2000,GRUNDY,CROSS ROADS,3178,003153,5e-08,exact_name,high,1.0
2002,2000,GRUNDY,CROSS ROADS,3178,003156,0.0,exact_name,high,1.0
2002,2000,GRUNDY,GRUETLI,3168,003163,0.4770027,exact_name,high,1.0
2002,2000,GRUNDY,GRUETLI,3168,003155,0.44138381,exact_name,high,1.0
2002,2000,GRUNDY,GRUETLI,3168,003160,0.07912638,exact_name,high,1.0
2002,2000,GRUNDY,GRUETLI,3168,003152,0.00248711,exact_name,high,1.0
2002,2000,GRUNDY,GRUETLI,3168,003154,0.0,exact_name,high,1.0
2002,2000,GRUNDY,HUBBARD S COVE,3144,003153,1.0,exact_name,high,1.0
2002,2000,GRUNDY,MONTEAGLE,3176,003161,0.68097351,exact_name,high,1.0
2002,2000,GRUNDY,MONTEAGLE,3176,003157,0.31902625,exact_name,high,1.0
2002,2000,GRUNDY,MONTEAGLE,3176,003156,2.4e-07,exact_name,high,1.0
2002,2000,GRUNDY,PALMER,3180,003162,0.99722076,exact_name,high,1.0
2002,2000,GRUNDY,PALMER,3180,003163,0.00277924,exact_name,high,1.0
2002,2000,GRUNDY,PELHAM,3184,003157,0.87913196,exact_name,high,1.0
2002,2000,GRUNDY,PELHAM,3184,003153,0.12086804,exact_name,high,1.0
2002,2000,GRUNDY,TARLTON,3150,003152,0.99999999,exact_name,high,1.0
2002,2000,GRUNDY,TARLTON,3150,003153,1e-08,exact_name,high,1.0
2002,2000,GRUNDY,TRACY,3200,003156,0.84300244,exact_name,high,1.0
2002,2000,GRUNDY,TRACY,3200,003161,0.15699756,exact_name,high,1.0
2002,2000,HAMBLEN,01 1 COURTHOUSE,3236,003252,0.87724611,code_token_name,high,0.993
2002,2000,HAMBLEN,01 1 COURTHOUSE,3236,003256,0.10235232,code_token_name,high,0.993
2002,2000,HAMBLEN,01 1 COURTHOUSE,3236,003255,0.02029076,code_token_name,high,0.993
2002,2000,HAMBLEN,01 1 COURTHOUSE,3236,003253,0.00011081,code_token_name,high,0.993
2002,2000,HAMBLEN,01 1 COURTHOUSE,3236,003251,0.0,code_token_name,high,0.993
2002,2000,HAMBLEN,02 1 MEADOWVIEW MI,3240,003253,0.99980966,code_token_name,high,0.993
2002,2000,HAMBLEN,02 1 MEADOWVIEW MI,3240,003257,0.00017116,code_token_name,high,0.993
2002,2000,HAMBLEN,02 1 MEADOWVIEW MI,3240,003252,1.784e-05,code_token_name,high,0.993
2002,2000,HAMBLEN,02 1 MEADOWVIEW MI,3240,003254,1.34e-06,code_token_name,high,0.993
2002,2000,HAMBLEN,02 1 MEADOWVIEW MI,3240,003256,0.0,code_token_name,high,0.993
2002,2000,HAMBLEN,03 1 EAST HIGH SCH,3244,003254,0.9823814,code_token_name,high,0.993
2002,2000,HAMBLEN,03 1 EAST HIGH SCH,3244,003258,0.00942515,code_token_name,high,0.993
2002,2000,HAMBLEN,03 1 EAST HIGH SCH,3244,003253,0.00819135,code_token_name,high,0.993
2002,2000,HAMBLEN,03 1 EAST HIGH SCH,3244,003251,1.82e-06,code_token_name,high,0.993
2002,2000,HAMBLEN,03 1 EAST HIGH SCH,3244,003262,2.7e-07,code_token_name,high,0.993
2002,2000,HAMBLEN,03 1 EAST HIGH SCH,3244,003257,0.0,code_token_name,high,0.993
2002,2000,HAMBLEN,03 1 EAST HIGH SCH,3244,003252,0.0,code_token_name,high,0.993
2002,2000,HAMBLEN,04 1 WEST HIGH SCH,3248,003251,0.94703417,code_token_name,high,0.993
2002,2000,HAMBLEN,04 1 WEST HIGH SCH,3248,003254,0.03243414,code_token_name,high,0.993
2002,2000,HAMBLEN,04 1 WEST HIGH SCH,3248,003262,0.01983567,code_token_name,high,0.993
2002,2000,HAMBLEN,04 1 WEST HIGH SCH,3248,003267,0.00067716,code_token_name,high,0.993
2002,2000,HAMBLEN,04 1 WEST HIGH SCH,3248,003266,1.886e-05,code_token_name,high,0.993
2002,2000,HAMBLEN,04 1 WEST HIGH SCH,3248,003252,0.0,code_token_name,high,0.993
2002,2000,HAMBLEN,05 1 WEST VIEW,3252,003255,0.72664745,code_token_name,high,0.993
2002,2000,HAMBLEN,05 1 WEST VIEW,3252,003267,0.27326449,code_token_name,high,0.993
2002,2000,HAMBLEN,05 1 WEST VIEW,3252,003252,7.312e-05,code_token_name,high,0.993
2002,2000,HAMBLEN,05 1 WEST VIEW,3252,003256,1.488e-05,code_token_name,high,0.993
2002,2000,HAMBLEN,05 1 WEST VIEW,3252,003265,6e-08,code_token_name,high,0.993
2002,2000,HAMBLEN,05 1 WEST VIEW,3252,003251,1e-08,code_token_name,high,0.993
2002,2000,HAMBLEN,06 1 FAIRVIEW MARG,3256,003256,0.99888658,code_token_name,high,0.993
2002,2000,HAMBLEN,06 1 FAIRVIEW MARG,3256,003252,0.00104399,code_token_name,high,0.993
2002,2000,HAMBLEN,06 1 FAIRVIEW MARG,3256,003257,5.415e-05,code_token_name,high,0.993
2002,2000,HAMBLEN,06 1 FAIRVIEW MARG,3256,003253,1.505e-05,code_token_name,high,0.993
2002,2000,HAMBLEN,06 1 FAIRVIEW MARG,3256,003255,2.2e-07,code_token_name,high,0.993
2002,2000,HAMBLEN,06 1 FAIRVIEW MARG,3256,003265,0.0,code_token_name,high,0.993
2002,2000,HAMBLEN,07 1 CHEROKEE PARK,3260,003257,0.98067056,code_token_name,high,0.993
2002,2000,HAMBLEN,07 1 CHEROKEE PARK,3260,003253,0.01932698,code_token_name,high,0.993
2002,2000,HAMBLEN,07 1 CHEROKEE PARK,3260,003256,2.33e-06,code_token_name,high,0.993
2002,2000,HAMBLEN,07 1 CHEROKEE PARK,3260,003254,1.4e-07,code_token_name,high,0.993
2002,2000,HAMBLEN,07 1 CHEROKEE PARK,3260,003258,0.0,code_token_name,high,0.993
2002,2000,HAMBLEN,08 1 NATIONAL GUARD,3264,003258,0.78839216,code_token_name,high,0.993
2002,2000,HAMBLEN,08 1 NATIONAL GUARD,3264,003254,0.18772069,code_token_name,high,0.993
2002,2000,HAMBLEN,08 1 NATIONAL GUARD,3264,003257,0.01611758,code_token_name,high,0.993
2002,2000,HAMBLEN,08 1 NATIONAL GUARD,3264,003259,0.00776947,code_token_name,high,0.993
2002,2000,HAMBLEN,08 1 NATIONAL GUARD,3264,003260,8e-08,code_token_name,high,0.993
2002,2000,HAMBLEN,08 1 NATIONAL GUARD,3264,003261,3e-08,code_token_name,high,0.993
2002,2000,HAMBLEN,08 1 NATIONAL GUARD,3264,003262,0.0,code_token_name,high,0.993
2002,2000,HAMBLEN,09 1 RUSSELLVILLE,3268,003259,0.92346617,code_token_name,high,0.993
2002,2000,HAMBLEN,09 1 RUSSELLVILLE,3268,003258,0.07614007,code_token_name,high,0.993
2002,2000,HAMBLEN,09 1 RUSSELLVILLE,3268,003260,0.00039375,code_token_name,high,0.993
2002,2000,HAMBLEN,09 2 WHITESBURG SCH,3268,003259,0.92346617,code_token_name,high,0.993
2002,2000,HAMBLEN,09 2 WHITESBURG SCH,3268,003258,0.07614007,code_token_name,high,0.993
2002,2000,HAMBLEN,09 2 WHITESBURG SCH,3268,003260,0.00039375,code_token_name,high,0.993
2002,2000,HAMBLEN,10 1 FISH HATCHERY,3208,003261,0.9999958,code_token_name,high,0.993
2002,2000,HAMBLEN,10 1 FISH HATCHERY,3208,003262,4e-06,code_token_name,high,0.993
2002,2000,HAMBLEN,10 1 FISH HATCHERY,3208,003258,1.2e-07,code_token_name,high,0.993
2002,2000,HAMBLEN,10 1 FISH HATCHERY,3208,003260,8e-08,code_token_name,high,0.993
2002,2000,HAMBLEN,10 2 UNION HEIGHTS,3208,003261,0.9999958,code_token_name,high,0.993
2002,2000,HAMBLEN,10 2 UNION HEIGHTS,3208,003262,4e-06,code_token_name,high,0.993
2002,2000,HAMBLEN,10 2 UNION HEIGHTS,3208,003258,1.2e-07,code_token_name,high,0.993
2002,2000,HAMBLEN,10 2 UNION HEIGHTS,3208,003260,8e-08,code_token_name,high,0.993
2002,2000,HAMBLEN,11 1 WEST HIGH SCH,3216,003267,0.93766052,code_token_name,high,0.993
2002,2000,HAMBLEN,11 1 WEST HIGH SCH,3216,003251,0.04882746,code_token_name,high,0.993
2002,2000,HAMBLEN,11 1 WEST HIGH SCH,3216,003255,0.01351082,code_token_name,high,0.993
2002,2000,HAMBLEN,11 1 WEST HIGH SCH,3216,003266,1.19e-06,code_token_name,high,0.993
2002,2000,HAMBLEN,11 2 WITT SCHOOL,3216,003267,0.93766052,code_token_name,high,0.993
2002,2000,HAMBLEN,11 2 WITT SCHOOL,3216,003251,0.04882746,code_token_name,high,0.993
2002,2000,HAMBLEN,11 2 WITT SCHOOL,3216,003255,0.01351082,code_token_name,high,0.993
2002,2000,HAMBLEN,11 2 WITT SCHOOL,3216,003266,1.19e-06,code_token_name,high,0.993
2002,2000,HAMBLEN,12 1 ALPHA ELEM,3224,003263,0.53156143,code_token_name,high,0.993
2002,2000,HAMBLEN,12 1 ALPHA ELEM,3224,003267,0.41871813,code_token_name,high,0.993
2002,2000,HAMBLEN,12 1 ALPHA ELEM,3224,003265,0.04920965,code_token_name,high,0.993
2002,2000,HAMBLEN,12 1 ALPHA ELEM,3224,003266,0.00051008,code_token_name,high,0.993
2002,2000,HAMBLEN,12 1 ALPHA ELEM,3224,003264,5.5e-07,code_token_name,high,0.993
2002,2000,HAMBLEN,12 1 ALPHA ELEM,3224,003255,1.7e-07,code_token_name,high,0.993
2002,2000,HAMBLEN,13 1 CEDAR HILL,3228,003264,0.89975039,exact_name,high,1.0
2002,2000,HAMBLEN,13 1 CEDAR HILL,3228,003265,0.06653411,exact_name,high,1.0
2002,2000,HAMBLEN,13 1 CEDAR HILL,3228,003263,0.0337155,exact_name,high,1.0
2002,2000,HAMBLEN,14 1 MANLEY PRIMARY,3232,003265,0.96272629,code_token_name,high,0.993
2002,2000,HAMBLEN,14 1 MANLEY PRIMARY,3232,003255,0.03642528,code_token_name,high,0.993
2002,2000,HAMBLEN,14 1 MANLEY PRIMARY,3232,003263,0.00050328,code_token_name,high,0.993
2002,2000,HAMBLEN,14 1 MANLEY PRIMARY,3232,003264,0.00034515,code_token_name,high,0.993
2002,2000,HAMBLEN,14 1 MANLEY PRIMARY,3232,003256,0.0,code_token_name,high,0.993
2002,2000,HAMILTON,001 AIRPORT,3284,003477,0.29013652,code_token_name,high,0.993
2002,2000,HAMILTON,001 AIRPORT,3284,003351,0.27931798,code_token_name,high,0.993
2002,2000,HAMILTON,001 AIRPORT,3284,003414,0.18414017,code_token_name,high,0.993
2002,2000,HAMILTON,001 AIRPORT,3284,003416,0.12086701,code_token_name,high,0.993
2002,2000,HAMILTON,001 AIRPORT,3284,003381,0.09289391,code_token_name,high,0.993
2002,2000,HAMILTON,001 AIRPORT,3284,003469,0.02677375,code_token_name,high,0.993
2002,2000,HAMILTON,001 AIRPORT,3284,003417,0.00540683,code_token_name,high,0.993
2002,2000,HAMILTON,001 AIRPORT,3284,003476,0.00045614,code_token_name,high,0.993
2002,2000,HAMILTON,001 AIRPORT,3284,003364,7.63e-06,code_token_name,high,0.993
2002,2000,HAMILTON,001 AIRPORT,3284,003390,5e-08,code_token_name,high,0.993
2002,2000,HAMILTON,001 AIRPORT,3284,003374,2e-08,code_token_name,high,0.993
2002,2000,HAMILTON,001 AIRPORT,3284,003398,0.0,code_token_name,high,0.993
2002,2000,HAMILTON,002 ALTON PARK,3288,003352,0.99999914,code_token_name,high,0.993
2002,2000,HAMILTON,002 ALTON PARK,3288,003399,8.6e-07,code_token_name,high,0.993
2002,2000,HAMILTON,002 ALTON PARK,3288,003463,0.0,code_token_name,high,0.993
2002,2000,HAMILTON,002 ALTON PARK,3288,003385,0.0,code_token_name,high,0.993
2002,2000,HAMILTON,003 AMNICOLA,3292,003354,0.99999969,code_token_name,high,0.993
2002,2000,HAMILTON,003 AMNICOLA,3292,003434,1.9e-07,code_token_name,high,0.993
2002,2000,HAMILTON,003 AMNICOLA,3292,003379,1.2e-07,code_token_name,high,0.993
2002,2000,HAMILTON,003 AMNICOLA,3292,003422,0.0,code_token_name,high,0.993
2002,2000,HAMILTON,003 AMNICOLA,3292,003454,0.0,code_token_name,high,0.993
2002,2000,HAMILTON,003 AMNICOLA,3292,003465,0.0,code_token_name,high,0.993
2002,2000,HAMILTON,003 AMNICOLA,3292,003365,0.0,code_token_name,high,0.993
2002,2000,HAMILTON,003 AMNICOLA,3292,003415,0.0,code_token_name,high,0.993
2002,2000,HAMILTON,003 AMNICOLA,3292,003358,0.0,code_token_name,high,0.993
2002,2000,HAMILTON,004 AVONDALE,3296,003358,0.96435122,code_token_name,high,0.993
2002,2000,HAMILTON,004 AVONDALE,3296,003365,0.03564853,code_token_name,high,0.993
2002,2000,HAMILTON,004 AVONDALE,3296,003389,2.5e-07,code_token_name,high,0.993
2002,2000,HAMILTON,004 AVONDALE,3296,003354,0.0,code_token_name,high,0.993
2002,2000,HAMILTON,005 BONNY OAKS,3300,003362,1.0,code_token_name,high,0.993
2002,2000,HAMILTON,005 BONNY OAKS,3300,003417,0.0,code_token_name,high,0.993
2002,2000,HAMILTON,005 BONNY OAKS,3300,003433,0.0,code_token_name,high,0.993
2002,2000,HAMILTON,005 BONNY OAKS,3300,003466,0.0,code_token_name,high,0.993
2002,2000,HAMILTON,005 BONNY OAKS,3300,003416,0.0,code_token_name,high,0.993
2002,2000,HAMILTON,005 BONNY OAKS,3300,003469,0.0,code_token_name,high,0.993
2002,2000,HAMILTON,006 BRAINERD 1,3304,003363,0.99998081,code_token_name,high,0.993
2002,2000,HAMILTON,006 BRAINERD 1,3304,003397,1.625e-05,code_token_name,high,0.993
2002,2000,HAMILTON,006 BRAINERD 1,3304,003426,2.94e-06,code_token_name,high,0.993
2002,2000,HAMILTON,006 BRAINERD 1,3304,003393,0.0,code_token_name,high,0.993
2002,2000,HAMILTON,006 BRAINERD 1,3304,003392,0.0,code_token_name,high,0.993
2002,2000,HAMILTON,007 BRAINERD HILLS,3308,003364,0.97172694,code_token_name,high,0.993
2002,2000,HAMILTON,007 BRAINERD HILLS,3308,003372,0.02822686,code_token_name,high,0.993
2002,2000,HAMILTON,007 BRAINERD HILLS,3308,003477,4.183e-05,code_token_name,high,0.993
2002,2000,HAMILTON,007 BRAINERD HILLS,3308,003351,4.38e-06,code_token_name,high,0.993
2002,2000,HAMILTON,008 BUSHTOWN,3312,003365,1.0,code_token_name,high,0.993
2002,2000,HAMILTON,008 BUSHTOWN,3312,003399,0.0,code_token_name,high,0.993
2002,2000,HAMILTON,008 BUSHTOWN,3312,003451,0.0,code_token_name,high,0.993
2002,2000,HAMILTON,008 BUSHTOWN,3312,003358,0.0,code_token_name,high,0.993
2002,2000,HAMILTON,009 CEDAR HILL,3316,003391,0.99999942,code_token_name,high,0.993
2002,2000,HAMILTON,009 CEDAR HILL,3316,003352,5.8e-07,code_token_name,high,0.993
2002,2000,HAMILTON,010 CITY HALL,3320,003379,0.71037358,code_token_name,high,0.993
2002,2000,HAMILTON,010 CITY HALL,3320,003399,0.23563363,code_token_name,high,0.993
2002,2000,HAMILTON,010 CITY HALL,3320,003380,0.0525735,code_token_name,high,0.993
2002,2000,HAMILTON,010 CITY HALL,3320,003385,0.00141849,code_token_name,high,0.993
2002,2000,HAMILTON,010 CITY HALL,3320,003352,8e-07,code_token_name,high,0.993
2002,2000,HAMILTON,010 CITY HALL,3320,003384,0.0,code_token_name,high,0.993
2002,2000,HAMILTON,010 CITY HALL,3320,003365,0.0,code_token_name,high,0.993
2002,2000,HAMILTON,011 CLIFTON HILLS 1,3324,003399,0.79390032,code_token_name,high,0.993
2002,2000,HAMILTON,011 CLIFTON HILLS 1,3324,003391,0.17189284,code_token_name,high,0.993
2002,2000,HAMILTON,011 CLIFTON HILLS 1,3324,003400,0.03419661,code_token_name,high,0.993
2002,2000,HAMILTON,011 CLIFTON HILLS 1,3324,003452,5.87e-06,code_token_name,high,0.993
2002,2000,HAMILTON,011 CLIFTON HILLS 1,3324,003352,4.36e-06,code_token_name,high,0.993
2002,2000,HAMILTON,011 CLIFTON HILLS 1,3324,003451,0.0,code_token_name,high,0.993
2002,2000,HAMILTON,012 CONCORD 1,3328,003371,0.56791146,code_token_name,high,0.993
2002,2000,HAMILTON,012 CONCORD 1,3328,003372,0.41692812,code_token_name,high,0.993
2002,2000,HAMILTON,012 CONCORD 1,3328,003374,0.01488848,code_token_name,high,0.993
2002,2000,HAMILTON,012 CONCORD 1,3328,003364,0.00026003,code_token_name,high,0.993
2002,2000,HAMILTON,012 CONCORD 1,3328,003388,1.174e-05,code_token_name,high,0.993
2002,2000,HAMILTON,012 CONCORD 1,3328,003395,1.8e-07,code_token_name,high,0.993
2002,2000,HAMILTON,013 COURTHOUSE,3332,003365,0.39059575,code_token_name,high,0.993
2002,2000,HAMILTON,013 COURTHOUSE,3332,003379,0.32571493,code_token_name,high,0.993
2002,2000,HAMILTON,013 COURTHOUSE,3332,003385,0.12940581,code_token_name,high,0.993
2002,2000,HAMILTON,013 COURTHOUSE,3332,003384,0.08734046,code_token_name,high,0.993
2002,2000,HAMILTON,013 COURTHOUSE,3332,003354,0.06694245,code_token_name,high,0.993
2002,2000,HAMILTON,013 COURTHOUSE,3332,003434,5.7e-07,code_token_name,high,0.993
2002,2000,HAMILTON,013 COURTHOUSE,3332,003399,4e-08,code_token_name,high,0.993
2002,2000,HAMILTON,013 COURTHOUSE,3332,003427,0.0,code_token_name,high,0.993
2002,2000,HAMILTON,014 DALEWOOD,3336,003381,0.67500727,code_token_name,high,0.993
2002,2000,HAMILTON,014 DALEWOOD,3336,003390,0.29704901,code_token_name,high,0.993
2002,2000,HAMILTON,014 DALEWOOD,3336,003405,0.02794373,code_token_name,high,0.993
2002,2000,HAMILTON,014 DALEWOOD,3336,003414,0.0,code_token_name,high,0.993
2002,2000,HAMILTON,014 DALEWOOD,3336,003396,0.0,code_token_name,high,0.993
2002,2000,HAMILTON,014 DALEWOOD,3336,003476,0.0,code_token_name,high,0.993
2002,2000,HAMILTON,015 DOWNTOWN,3340,003385,0.65591678,code_token_name,high,0.993
2002,2000,HAMILTON,015 DOWNTOWN,3340,003384,0.21312097,code_token_name,high,0.993
2002,2000,HAMILTON,015 DOWNTOWN,3340,003427,0.12617921,code_token_name,high,0.993
2002,2000,HAMILTON,015 DOWNTOWN,3340,003352,0.0047828,code_token_name,high,0.993
2002,2000,HAMILTON,015 DOWNTOWN,3340,003379,2.4e-07,code_token_name,high,0.993
2002,2000,HAMILTON,015 DOWNTOWN,3340,003380,0.0,code_token_name,high,0.993
2002,2000,HAMILTON,016 DUPONT,3344,003386,0.99999914,code_token_name,high,0.993
2002,2000,HAMILTON,016 DUPONT,3344,003413,6.4e-07,code_token_name,high,0.993
2002,2000,HAMILTON,016 DUPONT,3344,003432,2.2e-07,code_token_name,high,0.993
2002,2000,HAMILTON,016 DUPONT,3344,003422,0.0,code_token_name,high,0.993
2002,2000,HAMILTON,016 DUPONT,3344,003406,0.0,code_token_name,high,0.993
2002,2000,HAMILTON,017 EAST BRAINERD 1,3348,003387,0.503064,code_token_name,high,0.993
2002,2000,HAMILTON,017 EAST BRAINERD 1,3348,003388,0.49269018,code_token_name,high,0.993
2002,2000,HAMILTON,017 EAST BRAINERD 1,3348,003474,0.00213401,code_token_name,high,0.993
2002,2000,HAMILTON,017 EAST BRAINERD 1,3348,003475,0.00211163,code_token_name,high,0.993
2002,2000,HAMILTON,017 EAST BRAINERD 1,3348,003375,1.7e-07,code_token_name,high,0.993
2002,2000,HAMILTON,017 EAST BRAINERD 1,3348,003376,1e-08,code_token_name,high,0.993
2002,2000,HAMILTON,017 EAST BRAINERD 1,3348,003371,0.0,code_token_name,high,0.993
2002,2000,HAMILTON,017 EAST BRAINERD 1,3348,003372,0.0,code_token_name,high,0.993
2002,2000,HAMILTON,017 EAST BRAINERD 1,3348,003395,0.0,code_token_name,high,0.993
2002,2000,HAMILTON,018 EAST CHATT 1,3352,003390,0.49552315,code_token_name,high,0.993
2002,2000,HAMILTON,018 EAST CHATT 1,3352,003389,0.35173272,code_token_name,high,0.993
2002,2000,HAMILTON,018 EAST CHATT 1,3352,003358,0.14623855,code_token_name,high,0.993
2002,2000,HAMILTON,018 EAST CHATT 1,3352,003381,0.00650155,code_token_name,high,0.993
2002,2000,HAMILTON,018 EAST CHATT 1,3352,003415,2.69e-06,code_token_name,high,0.993
2002,2000,HAMILTON,018 EAST CHATT 1,3352,003414,1.34e-06,code_token_name,high,0.993
2002,2000,HAMILTON,018 EAST CHATT 1,3352,003354,0.0,code_token_name,high,0.993
2002,2000,HAMILTON,019 EAST LAKE,3356,003391,0.94776632,code_token_name,high,0.993
2002,2000,HAMILTON,019 EAST LAKE,3356,003452,0.05214701,code_token_name,high,0.993
2002,2000,HAMILTON,019 EAST LAKE,3356,003426,8.667e-05,code_token_name,high,0.993
2002,2000,HAMILTON,019 EAST LAKE,3356,003399,0.0,code_token_name,high,0.993
2002,2000,HAMILTON,019 EAST LAKE,3356,003352,0.0,code_token_name,high,0.993
2002,2000,HAMILTON,020 EAST SIDE 1,3360,003399,0.61584216,code_token_name,high,0.993
2002,2000,HAMILTON,020 EAST SIDE 1,3360,003451,0.20656977,code_token_name,high,0.993
2002,2000,HAMILTON,020 EAST SIDE 1,3360,003452,0.17758807,code_token_name,high,0.993
2002,2000,HAMILTON,020 EAST SIDE 1,3360,003426,0.0,code_token_name,high,0.993
2002,2000,HAMILTON,021 EASTDALE 1,3364,003396,0.99960569,code_token_name,high,0.993
2002,2000,HAMILTON,021 EASTDALE 1,3364,003453,0.0003943,code_token_name,high,0.993
2002,2000,HAMILTON,021 EASTDALE 1,3364,003381,1e-08,code_token_name,high,0.993
2002,2000,HAMILTON,021 EASTDALE 1,3364,003405,0.0,code_token_name,high,0.993
2002,2000,HAMILTON,021 EASTDALE 1,3364,003397,0.0,code_token_name,high,0.993
2002,2000,HAMILTON,021 EASTDALE 1,3364,003476,0.0,code_token_name,high,0.993
2002,2000,HAMILTON,022 EASTGATE 1,3368,003364,0.62020596,code_token_name,high,0.993
2002,2000,HAMILTON,022 EASTGATE 1,3368,003363,0.37885512,code_token_name,high,0.993
2002,2000,HAMILTON,022 EASTGATE 1,3368,003398,0.00049362,code_token_name,high,0.993
2002,2000,HAMILTON,022 EASTGATE 1,3368,003395,0.00042743,code_token_name,high,0.993
2002,2000,HAMILTON,022 EASTGATE 1,3368,003392,1.787e-05,code_token_name,high,0.993
2002,2000,HAMILTON,023 GLENWOOD,3372,003405,0.50177464,code_token_name,high,0.993
2002,2000,HAMILTON,023 GLENWOOD,3372,003389,0.19842386,code_token_name,high,0.993
2002,2000,HAMILTON,023 GLENWOOD,3372,003390,0.10930748,code_token_name,high,0.993
2002,2000,HAMILTON,023 GLENWOOD,3372,003365,0.10005606,code_token_name,high,0.993
2002,2000,HAMILTON,023 GLENWOOD,3372,003358,0.08356767,code_token_name,high,0.993
2002,2000,HAMILTON,023 GLENWOOD,3372,003396,0.00636972,code_token_name,high,0.993
2002,2000,HAMILTON,023 GLENWOOD,3372,003452,0.00048091,code_token_name,high,0.993
2002,2000,HAMILTON,023 GLENWOOD,3372,003451,1.965e-05,code_token_name,high,0.993
2002,2000,HAMILTON,023 GLENWOOD,3372,003426,0.0,code_token_name,high,0.993
2002,2000,HAMILTON,024 HIGHLAND PARK,3376,003451,0.5549887,code_token_name,high,0.993
2002,2000,HAMILTON,024 HIGHLAND PARK,3376,003399,0.44501128,code_token_name,high,0.993
2002,2000,HAMILTON,024 HIGHLAND PARK,3376,003365,3e-08,code_token_name,high,0.993
2002,2000,HAMILTON,025 HIXSON 1,3380,003412,0.58137917,code_token_name,high,0.993
2002,2000,HAMILTON,025 HIXSON 1,3380,003411,0.41812907,code_token_name,high,0.993
2002,2000,HAMILTON,025 HIXSON 1,3380,003438,0.00049151,code_token_name,high,0.993
2002,2000,HAMILTON,025 HIXSON 1,3380,003446,9e-08,code_token_name,high,0.993
2002,2000,HAMILTON,025 HIXSON 1,3380,003386,5e-08,code_token_name,high,0.993
2002,2000,HAMILTON,025 HIXSON 1,3380,003439,5e-08,code_token_name,high,0.993
2002,2000,HAMILTON,025 HIXSON 1,3380,003413,4e-08,code_token_name,high,0.993
2002,2000,HAMILTON,025 HIXSON 1,3380,003437,2e-08,code_token_name,high,0.993
2002,2000,HAMILTON,026 HOWARD,3384,003352,0.51153659,code_token_name,high,0.993
2002,2000,HAMILTON,026 HOWARD,3384,003385,0.28674769,code_token_name,high,0.993
2002,2000,HAMILTON,026 HOWARD,3384,003399,0.12926303,code_token_name,high,0.993
2002,2000,HAMILTON,026 HOWARD,3384,003427,0.0700858,code_token_name,high,0.993
2002,2000,HAMILTON,026 HOWARD,3384,003463,0.00236657,code_token_name,high,0.993
2002,2000,HAMILTON,026 HOWARD,3384,003379,3.3e-07,code_token_name,high,0.993
2002,2000,HAMILTON,026 HOWARD,3384,003420,0.0,code_token_name,high,0.993
2002,2000,HAMILTON,027 KINGSPOINT,3388,003414,0.43759171,code_token_name,high,0.993
2002,2000,HAMILTON,027 KINGSPOINT,3388,003415,0.37565627,code_token_name,high,0.993
2002,2000,HAMILTON,027 KINGSPOINT,3388,003354,0.11724439,code_token_name,high,0.993
2002,2000,HAMILTON,027 KINGSPOINT,3388,003381,0.06934133,code_token_name,high,0.993
2002,2000,HAMILTON,027 KINGSPOINT,3388,003390,8.176e-05,code_token_name,high,0.993
2002,2000,HAMILTON,027 KINGSPOINT,3388,003417,8.059e-05,code_token_name,high,0.993
2002,2000,HAMILTON,027 KINGSPOINT,3388,003416,3.95e-06,code_token_name,high,0.993
2002,2000,HAMILTON,027 KINGSPOINT,3388,003389,0.0,code_token_name,high,0.993
2002,2000,HAMILTON,027 KINGSPOINT,3388,003386,0.0,code_token_name,high,0.993
2002,2000,HAMILTON,027 KINGSPOINT,3388,003432,0.0,code_token_name,high,0.993
2002,2000,HAMILTON,028 LAKE HILLS,3392,003417,0.99867002,code_token_name,high,0.993
2002,2000,HAMILTON,028 LAKE HILLS,3392,003414,0.00130075,code_token_name,high,0.993
2002,2000,HAMILTON,028 LAKE HILLS,3392,003432,2e-05,code_token_name,high,0.993
2002,2000,HAMILTON,028 LAKE HILLS,3392,003415,9.22e-06,code_token_name,high,0.993
2002,2000,HAMILTON,028 LAKE HILLS,3392,003416,0.0,code_token_name,high,0.993
2002,2000,HAMILTON,029 LUPTON CITY,3396,003422,0.72332376,code_token_name,high,0.993
2002,2000,HAMILTON,029 LUPTON CITY,3396,003386,0.27462146,code_token_name,high,0.993
2002,2000,HAMILTON,029 LUPTON CITY,3396,003450,0.00116198,code_token_name,high,0.993
2002,2000,HAMILTON,029 LUPTON CITY,3396,003437,0.00062583,code_token_name,high,0.993
2002,2000,HAMILTON,029 LUPTON CITY,3396,003449,0.00026686,code_token_name,high,0.993
2002,2000,HAMILTON,029 LUPTON CITY,3396,003413,1.2e-07,code_token_name,high,0.993
2002,2000,HAMILTON,029 LUPTON CITY,3396,003465,0.0,code_token_name,high,0.993
2002,2000,HAMILTON,030 MISSION RIDGE N,3400,003405,0.6336627,code_token_name,high,0.993
2002,2000,HAMILTON,030 MISSION RIDGE N,3400,003390,0.3663373,code_token_name,high,0.993
2002,2000,HAMILTON,030 MISSION RIDGE N,3400,003396,0.0,code_token_name,high,0.993
2002,2000,HAMILTON,031 MISSION RIDGE S,3404,003426,0.82258863,code_token_name,high,0.993
2002,2000,HAMILTON,031 MISSION RIDGE S,3404,003396,0.13399561,code_token_name,high,0.993
2002,2000,HAMILTON,031 MISSION RIDGE S,3404,003452,0.03337582,code_token_name,high,0.993
2002,2000,HAMILTON,031 MISSION RIDGE S,3404,003392,0.007204,code_token_name,high,0.993
2002,2000,HAMILTON,031 MISSION RIDGE S,3404,003393,0.00277771,code_token_name,high,0.993
2002,2000,HAMILTON,031 MISSION RIDGE S,3404,003391,5.78e-05,code_token_name,high,0.993
2002,2000,HAMILTON,031 MISSION RIDGE S,3404,003453,2.6e-07,code_token_name,high,0.993
2002,2000,HAMILTON,031 MISSION RIDGE S,3404,003394,1.6e-07,code_token_name,high,0.993
2002,2000,HAMILTON,031 MISSION RIDGE S,3404,003405,0.0,code_token_name,high,0.993
2002,2000,HAMILTON,032 MOCCASIN BEND,3408,003427,0.93131112,code_token_name,high,0.993
2002,2000,HAMILTON,032 MOCCASIN BEND,3408,003435,0.06527795,code_token_name,high,0.993
2002,2000,HAMILTON,032 MOCCASIN BEND,3408,003434,0.00196806,code_token_name,high,0.993
2002,2000,HAMILTON,032 MOCCASIN BEND,3408,003448,0.00138151,code_token_name,high,0.993
2002,2000,HAMILTON,032 MOCCASIN BEND,3408,003379,4.669e-05,code_token_name,high,0.993
2002,2000,HAMILTON,032 MOCCASIN BEND,3408,003465,1.46e-05,code_token_name,high,0.993
2002,2000,HAMILTON,032 MOCCASIN BEND,3408,003430,6e-08,code_token_name,high,0.993
2002,2000,HAMILTON,032 MOCCASIN BEND,3408,003420,0.0,code_token_name,high,0.993
2002,2000,HAMILTON,032 MOCCASIN BEND,3408,003454,0.0,code_token_name,high,0.993
2002,2000,HAMILTON,033 MOUNTAIN CREEK,3412,003428,0.81531774,code_token_name,high,0.993
2002,2000,HAMILTON,033 MOUNTAIN CREEK,3412,003430,0.14590352,code_token_name,high,0.993
2002,2000,HAMILTON,033 MOUNTAIN CREEK,3412,003471,0.02648918,code_token_name,high,0.993
2002,2000,HAMILTON,033 MOUNTAIN CREEK,3412,003450,0.00785509,code_token_name,high,0.993
2002,2000,HAMILTON,033 MOUNTAIN CREEK,3412,003448,0.0021263,code_token_name,high,0.993
2002,2000,HAMILTON,033 MOUNTAIN CREEK,3412,003427,0.00178064,code_token_name,high,0.993
2002,2000,HAMILTON,033 MOUNTAIN CREEK,3412,003429,0.00029386,code_token_name,high,0.993
2002,2000,HAMILTON,033 MOUNTAIN CREEK,3412,003456,0.00023349,code_token_name,high,0.993
2002,2000,HAMILTON,033 MOUNTAIN CREEK,3412,003421,1.8e-07,code_token_name,high,0.993
2002,2000,HAMILTON,033 MOUNTAIN CREEK,3412,003420,0.0,code_token_name,high,0.993
2002,2000,HAMILTON,034 MURRAY HILLS,3416,003432,0.80519089,code_token_name,high,0.993
2002,2000,HAMILTON,034 MURRAY HILLS,3416,003433,0.16868883,code_token_name,high,0.993
2002,2000,HAMILTON,034 MURRAY HILLS,3416,003406,0.02152147,code_token_name,high,0.993
2002,2000,HAMILTON,034 MURRAY HILLS,3416,003415,0.00250794,code_token_name,high,0.993
2002,2000,HAMILTON,034 MURRAY HILLS,3416,003362,0.00193235,code_token_name,high,0.993
2002,2000,HAMILTON,034 MURRAY HILLS,3416,003417,0.0001492,code_token_name,high,0.993
2002,2000,HAMILTON,034 MURRAY HILLS,3416,003466,9.33e-06,code_token_name,high,0.993
2002,2000,HAMILTON,034 MURRAY HILLS,3416,003386,0.0,code_token_name,high,0.993
2002,2000,HAMILTON,034 MURRAY HILLS,3416,003354,0.0,code_token_name,high,0.993
2002,2000,HAMILTON,035 NORTH CHATT 1,3420,003434,0.8989521,code_token_name,high,0.993
2002,2000,HAMILTON,035 NORTH CHATT 1,3420,003454,0.08953136,code_token_name,high,0.993
2002,2000,HAMILTON,035 NORTH CHATT 1,3420,003435,0.01151654,code_token_name,high,0.993
2002,2000,HAMILTON,035 NORTH CHATT 1,3420,003379,0.0,code_token_name,high,0.993
2002,2000,HAMILTON,036 NORTHGATE,3424,003437,0.81891118,code_token_name,high,0.993
2002,2000,HAMILTON,036 NORTHGATE,3424,003386,0.15510496,code_token_name,high,0.993
2002,2000,HAMILTON,036 NORTHGATE,3424,003422,0.02457722,code_token_name,high,0.993
2002,2000,HAMILTON,036 NORTHGATE,3424,003436,0.00103287,code_token_name,high,0.993
2002,2000,HAMILTON,036 NORTHGATE,3424,003412,0.00019216,code_token_name,high,0.993
2002,2000,HAMILTON,036 NORTHGATE,3424,003450,0.00018093,code_token_name,high,0.993
2002,2000,HAMILTON,036 NORTHGATE,3424,003413,6.8e-07,code_token_name,high,0.993
2002,2000,HAMILTON,036 NORTHGATE,3424,003438,0.0,code_token_name,high,0.993
2002,2000,HAMILTON,037 NORTHWOODS NO,3428,003438,0.89348961,code_token_name,high,0.993
2002,2000,HAMILTON,037 NORTHWOODS NO,3428,003439,0.08222852,code_token_name,high,0.993
2002,2000,HAMILTON,037 NORTHWOODS NO,3428,003471,0.01825392,code_token_name,high,0.993
2002,2000,HAMILTON,037 NORTHWOODS NO,3428,003428,0.00600085,code_token_name,high,0.993
2002,2000,HAMILTON,037 NORTHWOODS NO,3428,003411,2.55e-05,code_token_name,high,0.993
2002,2000,HAMILTON,037 NORTHWOODS NO,3428,003412,1.6e-06,code_token_name,high,0.993
2002,2000,HAMILTON,037 NORTHWOODS NO,3428,003436,0.0,code_token_name,high,0.993
2002,2000,HAMILTON,037 NORTHWOODS NO,3428,003450,0.0,code_token_name,high,0.993
2002,2000,HAMILTON,038 NORTHWOODS SOU,3432,003436,0.98814392,code_token_name,high,0.993
2002,2000,HAMILTON,038 NORTHWOODS SOU,3432,003450,0.0117537,code_token_name,high,0.993
2002,2000,HAMILTON,038 NORTHWOODS SOU,3432,003438,0.0001014,code_token_name,high,0.993
2002,2000,HAMILTON,038 NORTHWOODS SOU,3432,003437,9.7e-07,code_token_name,high,0.993
2002,2000,HAMILTON,039 ORCHARD KNOB,3436,003365,0.93815542,code_token_name,high,0.993
2002,2000,HAMILTON,039 ORCHARD KNOB,3436,003358,0.06184458,code_token_name,high,0.993
2002,2000,HAMILTON,039 ORCHARD KNOB,3436,003405,0.0,code_token_name,high,0.993
2002,2000,HAMILTON,039 ORCHARD KNOB,3436,003451,0.0,code_token_name,high,0.993
2002,2000,HAMILTON,040 PINEY WOODS,3440,003352,0.9853529,code_token_name,high,0.993
2002,2000,HAMILTON,040 PINEY WOODS,3440,003463,0.01464672,code_token_name,high,0.993
2002,2000,HAMILTON,040 PINEY WOODS,3440,003391,3.8e-07,code_token_name,high,0.993
2002,2000,HAMILTON,040 PINEY WOODS,3440,003353,0.0,code_token_name,high,0.993
2002,2000,HAMILTON,041 RIDGEDALE,3444,003451,0.6616803,code_token_name,high,0.993
2002,2000,HAMILTON,041 RIDGEDALE,3444,003452,0.28161344,code_token_name,high,0.993
2002,2000,HAMILTON,041 RIDGEDALE,3444,003426,0.05608618,code_token_name,high,0.993
2002,2000,HAMILTON,041 RIDGEDALE,3444,003405,0.00062007,code_token_name,high,0.993
2002,2000,HAMILTON,041 RIDGEDALE,3444,003365,0.0,code_token_name,high,0.993
2002,2000,HAMILTON,041 RIDGEDALE,3444,003399,0.0,code_token_name,high,0.993
2002,2000,HAMILTON,042 RIVERVIEW,3448,003454,0.70709111,code_token_name,high,0.993
2002,2000,HAMILTON,042 RIVERVIEW,3448,003465,0.28645204,code_token_name,high,0.993
2002,2000,HAMILTON,042 RIVERVIEW,3448,003435,0.00484096,code_token_name,high,0.993
2002,2000,HAMILTON,042 RIVERVIEW,3448,003448,0.00161585,code_token_name,high,0.993
2002,2000,HAMILTON,042 RIVERVIEW,3448,003434,5e-08,code_token_name,high,0.993
2002,2000,HAMILTON,042 RIVERVIEW,3448,003354,0.0,code_token_name,high,0.993
2002,2000,HAMILTON,043 ST ELMO 1,3452,003463,0.90950455,code_token_name,high,0.993
2002,2000,HAMILTON,043 ST ELMO 1,3452,003385,0.0509272,code_token_name,high,0.993
2002,2000,HAMILTON,043 ST ELMO 1,3452,003353,0.02890111,code_token_name,high,0.993
2002,2000,HAMILTON,043 ST ELMO 1,3452,003464,0.00571574,code_token_name,high,0.993
2002,2000,HAMILTON,043 ST ELMO 1,3452,003420,0.00495049,code_token_name,high,0.993
2002,2000,HAMILTON,043 ST ELMO 1,3452,003352,9e-07,code_token_name,high,0.993
2002,2000,HAMILTON,043 ST ELMO 1,3452,003421,0.0,code_token_name,high,0.993
2002,2000,HAMILTON,044 STUART HEIGHTS 1,3456,003465,0.98393102,code_token_name,high,0.993
2002,2000,HAMILTON,044 STUART HEIGHTS 1,3456,003422,0.0137446,code_token_name,high,0.993
2002,2000,HAMILTON,044 STUART HEIGHTS 1,3456,003448,0.00130233,code_token_name,high,0.993
2002,2000,HAMILTON,044 STUART HEIGHTS 1,3456,003449,0.00102205,code_token_name,high,0.993
2002,2000,HAMILTON,044 STUART HEIGHTS 1,3456,003454,0.0,code_token_name,high,0.993
2002,2000,HAMILTON,044 STUART HEIGHTS 1,3456,003354,0.0,code_token_name,high,0.993
2002,2000,HAMILTON,045 SUNNYSIDE,3460,003426,0.45295634,code_token_name,high,0.993
2002,2000,HAMILTON,045 SUNNYSIDE,3460,003396,0.41079732,code_token_name,high,0.993
2002,2000,HAMILTON,045 SUNNYSIDE,3460,003397,0.13624612,code_token_name,high,0.993
2002,2000,HAMILTON,045 SUNNYSIDE,3460,003453,2.2e-07,code_token_name,high,0.993
2002,2000,HAMILTON,045 SUNNYSIDE,3460,003363,0.0,code_token_name,high,0.993
2002,2000,HAMILTON,046 TYNER 1,3464,003469,0.4622167,code_token_name,high,0.993
2002,2000,HAMILTON,046 TYNER 1,3464,003374,0.27180472,code_token_name,high,0.993
2002,2000,HAMILTON,046 TYNER 1,3464,003377,0.10366541,code_token_name,high,0.993
2002,2000,HAMILTON,046 TYNER 1,3464,003351,0.08807731,code_token_name,high,0.993
2002,2000,HAMILTON,046 TYNER 1,3464,003470,0.06980894,code_token_name,high,0.993
2002,2000,HAMILTON,046 TYNER 1,3464,003364,0.00419387,code_token_name,high,0.993
2002,2000,HAMILTON,046 TYNER 1,3464,003372,0.00021095,code_token_name,high,0.993
2002,2000,HAMILTON,046 TYNER 1,3464,003378,2.211e-05,code_token_name,high,0.993
2002,2000,HAMILTON,046 TYNER 1,3464,003466,0.0,code_token_name,high,0.993
2002,2000,HAMILTON,047 LOOKOUT VALLEY E,3468,003420,0.79391647,code_token_name,high,0.993
2002,2000,HAMILTON,047 LOOKOUT VALLEY E,3468,003421,0.20608333,code_token_name,high,0.993
2002,2000,HAMILTON,047 LOOKOUT VALLEY E,3468,003427,1.9e-07,code_token_name,high,0.993
2002,2000,HAMILTON,047 LOOKOUT VALLEY E,3468,003430,0.0,code_token_name,high,0.993
2002,2000,HAMILTON,048 LOOKOUT VALLEY 1,3472,003420,0.98732701,code_token_name,high,0.993
2002,2000,HAMILTON,048 LOOKOUT VALLEY 1,3472,003385,0.00768026,code_token_name,high,0.993
2002,2000,HAMILTON,048 LOOKOUT VALLEY 1,3472,003421,0.00441199,code_token_name,high,0.993
2002,2000,HAMILTON,048 LOOKOUT VALLEY 1,3472,003464,0.00058074,code_token_name,high,0.993
2002,2000,HAMILTON,048 LOOKOUT VALLEY 1,3472,003427,0.0,code_token_name,high,0.993
2002,2000,HAMILTON,049 WOODMORE,3476,003476,0.98746263,code_token_name,high,0.993
2002,2000,HAMILTON,049 WOODMORE,3476,003396,0.01250114,code_token_name,high,0.993
2002,2000,HAMILTON,049 WOODMORE,3476,003477,3.233e-05,code_token_name,high,0.993
2002,2000,HAMILTON,049 WOODMORE,3476,003398,3.8e-06,code_token_name,high,0.993
2002,2000,HAMILTON,049 WOODMORE,3476,003397,1e-07,code_token_name,high,0.993
2002,2000,HAMILTON,049 WOODMORE,3476,003381,0.0,code_token_name,high,0.993
2002,2000,HAMILTON,050 APISON 1,3480,003355,0.89184835,code_token_name,high,0.993
2002,2000,HAMILTON,050 APISON 1,3480,003445,0.10578904,code_token_name,high,0.993
2002,2000,HAMILTON,050 APISON 1,3480,003368,0.00139235,code_token_name,high,0.993
2002,2000,HAMILTON,050 APISON 1,3480,003369,0.00062442,code_token_name,high,0.993
2002,2000,HAMILTON,050 APISON 1,3480,003370,0.00034585,code_token_name,high,0.993
2002,2000,HAMILTON,050 APISON 1,3480,003444,0.0,code_token_name,high,0.993
2002,2000,HAMILTON,051 BIRCHWOOD,3484,003361,0.99738671,code_token_name,high,0.993
2002,2000,HAMILTON,051 BIRCHWOOD,3484,003423,0.00211958,code_token_name,high,0.993
2002,2000,HAMILTON,051 BIRCHWOOD,3484,003455,0.00049274,code_token_name,high,0.993
2002,2000,HAMILTON,051 BIRCHWOOD,3484,003458,9.5e-07,code_token_name,high,0.993
2002,2000,HAMILTON,051 BIRCHWOOD,3484,003383,2e-08,code_token_name,high,0.993
2002,2000,HAMILTON,051 BIRCHWOOD,3484,003360,1e-08,code_token_name,high,0.993
2002,2000,HAMILTON,051 BIRCHWOOD,3484,003382,0.0,code_token_name,high,0.993
2002,2000,HAMILTON,052 COLLEGEDALE 1,3488,003368,0.35937791,code_token_name,high,0.993
2002,2000,HAMILTON,052 COLLEGEDALE 1,3488,003367,0.25846064,code_token_name,high,0.993
2002,2000,HAMILTON,052 COLLEGEDALE 1,3488,003370,0.20092752,code_token_name,high,0.993
2002,2000,HAMILTON,052 COLLEGEDALE 1,3488,003369,0.06551974,code_token_name,high,0.993
2002,2000,HAMILTON,052 COLLEGEDALE 1,3488,003357,0.05169893,code_token_name,high,0.993
2002,2000,HAMILTON,052 COLLEGEDALE 1,3488,003443,0.03933844,code_token_name,high,0.993
2002,2000,HAMILTON,052 COLLEGEDALE 1,3488,003444,0.00898043,code_token_name,high,0.993
2002,2000,HAMILTON,052 COLLEGEDALE 1,3488,003355,0.00700781,code_token_name,high,0.993
2002,2000,HAMILTON,052 COLLEGEDALE 1,3488,003445,0.00546788,code_token_name,high,0.993
2002,2000,HAMILTON,052 COLLEGEDALE 1,3488,003356,0.00322068,code_token_name,high,0.993
2002,2000,HAMILTON,052 COLLEGEDALE 1,3488,003440,3e-08,code_token_name,high,0.993
2002,2000,HAMILTON,053 EAST RIDGE 1,3492,003393,0.98288577,code_token_name,high,0.993
2002,2000,HAMILTON,053 EAST RIDGE 1,3492,003426,0.01358599,code_token_name,high,0.993
2002,2000,HAMILTON,053 EAST RIDGE 1,3492,003363,0.00352816,code_token_name,high,0.993
2002,2000,HAMILTON,053 EAST RIDGE 1,3492,003392,8e-08,code_token_name,high,0.993
2002,2000,HAMILTON,054 EAST RIDGE 2,3496,003395,0.99770733,code_token_name,high,0.993
2002,2000,HAMILTON,054 EAST RIDGE 2,3496,003363,0.00184526,code_token_name,high,0.993
2002,2000,HAMILTON,054 EAST RIDGE 2,3496,003394,0.00035761,code_token_name,high,0.993
2002,2000,HAMILTON,054 EAST RIDGE 2,3496,003388,8.943e-05,code_token_name,high,0.993
2002,2000,HAMILTON,054 EAST RIDGE 2,3496,003364,3.6e-07,code_token_name,high,0.993
2002,2000,HAMILTON,054 EAST RIDGE 2,3496,003392,2e-08,code_token_name,high,0.993
2002,2000,HAMILTON,054 EAST RIDGE 2,3496,003371,0.0,code_token_name,high,0.993
2002,2000,HAMILTON,055 EAST RIDGE 3,3500,003392,0.98818184,code_token_name,high,0.993
2002,2000,HAMILTON,055 EAST RIDGE 3,3500,003426,0.01181414,code_token_name,high,0.993
2002,2000,HAMILTON,055 EAST RIDGE 3,3500,003394,3.97e-06,code_token_name,high,0.993
2002,2000,HAMILTON,055 EAST RIDGE 3,3500,003393,6e-08,code_token_name,high,0.993
2002,2000,HAMILTON,056 EAST RIDGE 4,3504,003392,0.99230353,code_token_name,high,0.993
2002,2000,HAMILTON,056 EAST RIDGE 4,3504,003363,0.00769611,code_token_name,high,0.993
2002,2000,HAMILTON,056 EAST RIDGE 4,3504,003394,3.6e-07,code_token_name,high,0.993
2002,2000,HAMILTON,056 EAST RIDGE 4,3504,003393,0.0,code_token_name,high,0.993
2002,2000,HAMILTON,056 EAST RIDGE 4,3504,003395,0.0,code_token_name,high,0.993
2002,2000,HAMILTON,057 EAST RIDGE 5,3508,003394,0.99981194,code_token_name,high,0.993
2002,2000,HAMILTON,057 EAST RIDGE 5,3508,003395,0.00016005,code_token_name,high,0.993
2002,2000,HAMILTON,057 EAST RIDGE 5,3508,003426,2.753e-05,code_token_name,high,0.993
2002,2000,HAMILTON,057 EAST RIDGE 5,3508,003392,4.8e-07,code_token_name,high,0.993
2002,2000,HAMILTON,057 EAST RIDGE 5,3508,003393,0.0,code_token_name,high,0.993
2002,2000,HAMILTON,058 HARRISON 1,3512,003407,0.8997642,code_token_name,high,0.993
2002,2000,HAMILTON,058 HARRISON 1,3512,003406,0.09052782,code_token_name,high,0.993
2002,2000,HAMILTON,058 HARRISON 1,3512,003433,0.0053038,code_token_name,high,0.993
2002,2000,HAMILTON,058 HARRISON 1,3512,003409,0.00373291,code_token_name,high,0.993
2002,2000,HAMILTON,058 HARRISON 1,3512,003466,0.00067122,code_token_name,high,0.993
2002,2000,HAMILTON,058 HARRISON 1,3512,003408,4e-08,code_token_name,high,0.993
2002,2000,HAMILTON,058 HARRISON 1,3512,003413,2e-08,code_token_name,high,0.993
2002,2000,HAMILTON,058 HARRISON 1,3512,003404,0.0,code_token_name,high,0.993
2002,2000,HAMILTON,058 HARRISON 1,3512,003386,0.0,code_token_name,high,0.993
2002,2000,HAMILTON,059 MEADOWVIEW,3516,003361,0.99658478,code_token_name,high,0.993
2002,2000,HAMILTON,059 MEADOWVIEW,3516,003423,0.00341521,code_token_name,high,0.993
2002,2000,HAMILTON,059 MEADOWVIEW,3516,003459,1e-08,code_token_name,high,0.993
2002,2000,HAMILTON,060 OOLTEWAH 1,3520,003443,0.65077461,code_token_name,high,0.993
2002,2000,HAMILTON,060 OOLTEWAH 1,3520,003459,0.17143167,code_token_name,high,0.993
2002,2000,HAMILTON,060 OOLTEWAH 1,3520,003468,0.05965251,code_token_name,high,0.993
2002,2000,HAMILTON,060 OOLTEWAH 1,3520,003370,0.05153945,code_token_name,high,0.993
2002,2000,HAMILTON,060 OOLTEWAH 1,3520,003442,0.03563333,code_token_name,high,0.993
2002,2000,HAMILTON,060 OOLTEWAH 1,3520,003444,0.03088634,code_token_name,high,0.993
2002,2000,HAMILTON,060 OOLTEWAH 1,3520,003469,8.102e-05,code_token_name,high,0.993
2002,2000,HAMILTON,060 OOLTEWAH 1,3520,003467,7.2e-07,code_token_name,high,0.993
2002,2000,HAMILTON,060 OOLTEWAH 1,3520,003409,2e-07,code_token_name,high,0.993
2002,2000,HAMILTON,060 OOLTEWAH 1,3520,003408,1.3e-07,code_token_name,high,0.993
2002,2000,HAMILTON,060 OOLTEWAH 1,3520,003440,1e-08,code_token_name,high,0.993
2002,2000,HAMILTON,060 OOLTEWAH 1,3520,003367,1e-08,code_token_name,high,0.993
2002,2000,HAMILTON,060 OOLTEWAH 1,3520,003361,0.0,code_token_name,high,0.993
2002,2000,HAMILTON,060 OOLTEWAH 1,3520,003445,0.0,code_token_name,high,0.993
2002,2000,HAMILTON,061 RIDGESIDE,3524,003453,0.97596927,code_token_name,high,0.993
2002,2000,HAMILTON,061 RIDGESIDE,3524,003396,0.02403073,code_token_name,high,0.993
2002,2000,HAMILTON,062 SNOWHILL,3528,003458,0.35011111,code_token_name,high,0.993
2002,2000,HAMILTON,062 SNOWHILL,3528,003459,0.24428147,code_token_name,high,0.993
2002,2000,HAMILTON,062 SNOWHILL,3528,003361,0.20570329,code_token_name,high,0.993
2002,2000,HAMILTON,062 SNOWHILL,3528,003423,0.19776376,code_token_name,high,0.993
2002,2000,HAMILTON,062 SNOWHILL,3528,003409,0.00207705,code_token_name,high,0.993
2002,2000,HAMILTON,062 SNOWHILL,3528,003443,6.332e-05,code_token_name,high,0.993
2002,2000,HAMILTON,062 SNOWHILL,3528,003410,1e-08,code_token_name,high,0.993
2002,2000,HAMILTON,062 SNOWHILL,3528,003383,1e-08,code_token_name,high,0.993
2002,2000,HAMILTON,063 SUMMIT,3532,003466,0.69072199,code_token_name,high,0.993
2002,2000,HAMILTON,063 SUMMIT,3532,003441,0.09519684,code_token_name,high,0.993
2002,2000,HAMILTON,063 SUMMIT,3532,003468,0.07409386,code_token_name,high,0.993
2002,2000,HAMILTON,063 SUMMIT,3532,003467,0.06087591,code_token_name,high,0.993
2002,2000,HAMILTON,063 SUMMIT,3532,003469,0.05013317,code_token_name,high,0.993
2002,2000,HAMILTON,063 SUMMIT,3532,003407,0.01413773,code_token_name,high,0.993
2002,2000,HAMILTON,063 SUMMIT,3532,003442,0.00919303,code_token_name,high,0.993
2002,2000,HAMILTON,063 SUMMIT,3532,003408,0.0037352,code_token_name,high,0.993
2002,2000,HAMILTON,063 SUMMIT,3532,003443,0.00117794,code_token_name,high,0.993
2002,2000,HAMILTON,063 SUMMIT,3532,003378,0.00073421,code_token_name,high,0.993
2002,2000,HAMILTON,063 SUMMIT,3532,003440,1.3e-07,code_token_name,high,0.993
2002,2000,HAMILTON,063 SUMMIT,3532,003362,0.0,code_token_name,high,0.993
2002,2000,HAMILTON,063 SUMMIT,3532,003433,0.0,code_token_name,high,0.993
2002,2000,HAMILTON,064 WESTVIEW 1,3536,003473,0.99999763,code_token_name,high,0.993
2002,2000,HAMILTON,064 WESTVIEW 1,3536,003475,1.1e-06,code_token_name,high,0.993
2002,2000,HAMILTON,064 WESTVIEW 1,3536,003474,5.4e-07,code_token_name,high,0.993
2002,2000,HAMILTON,064 WESTVIEW 1,3536,003440,4.6e-07,code_token_name,high,0.993
2002,2000,HAMILTON,064 WESTVIEW 1,3536,003355,2.3e-07,code_token_name,high,0.993
2002,2000,HAMILTON,064 WESTVIEW 1,3536,003356,5e-08,code_token_name,high,0.993
2002,2000,HAMILTON,065 BAKEWELL 1,3540,003359,0.93106125,code_token_name,high,0.993
2002,2000,HAMILTON,065 BAKEWELL 1,3540,003360,0.05063569,code_token_name,high,0.993
2002,2000,HAMILTON,065 BAKEWELL 1,3540,003460,0.01449874,code_token_name,high,0.993
2002,2000,HAMILTON,065 BAKEWELL 1,3540,003455,0.00345613,code_token_name,high,0.993
2002,2000,HAMILTON,065 BAKEWELL 1,3540,003403,0.00034819,code_token_name,high,0.993
2002,2000,HAMILTON,066 DALLAS,3544,003382,0.67378365,code_token_name,high,0.993
2002,2000,HAMILTON,066 DALLAS,3544,003383,0.27154052,code_token_name,high,0.993
2002,2000,HAMILTON,066 DALLAS,3544,003425,0.04674282,code_token_name,high,0.993
2002,2000,HAMILTON,066 DALLAS,3544,003418,0.00787227,code_token_name,high,0.993
2002,2000,HAMILTON,066 DALLAS,3544,003460,6.061e-05,code_token_name,high,0.993
2002,2000,HAMILTON,066 DALLAS,3544,003461,7e-08,code_token_name,high,0.993
2002,2000,HAMILTON,066 DALLAS,3544,003361,6e-08,code_token_name,high,0.993
2002,2000,HAMILTON,066 DALLAS,3544,003458,1e-08,code_token_name,high,0.993
2002,2000,HAMILTON,066 DALLAS,3544,003424,0.0,code_token_name,high,0.993
2002,2000,HAMILTON,066 DALLAS,3544,003410,0.0,code_token_name,high,0.993
2002,2000,HAMILTON,066 DALLAS,3544,003359,0.0,code_token_name,high,0.993
2002,2000,HAMILTON,066 DALLAS,3544,003404,0.0,code_token_name,high,0.993
2002,2000,HAMILTON,066 DALLAS,3544,003360,0.0,code_token_name,high,0.993
2002,2000,HAMILTON,067 FAIRMOUNT 1,3548,003401,0.96336656,code_token_name,high,0.993
2002,2000,HAMILTON,067 FAIRMOUNT 1,3548,003456,0.03650671,code_token_name,high,0.993
2002,2000,HAMILTON,067 FAIRMOUNT 1,3548,003472,0.00012644,code_token_name,high,0.993
2002,2000,HAMILTON,067 FAIRMOUNT 1,3548,003457,2.9e-07,code_token_name,high,0.993
2002,2000,HAMILTON,067 FAIRMOUNT 1,3548,003431,0.0,code_token_name,high,0.993
2002,2000,HAMILTON,067 FAIRMOUNT 1,3548,003402,0.0,code_token_name,high,0.993
2002,2000,HAMILTON,068 FALLING WATER 1,3552,003402,0.59512286,code_token_name,high,0.993
2002,2000,HAMILTON,068 FALLING WATER 1,3552,003461,0.16663987,code_token_name,high,0.993
2002,2000,HAMILTON,068 FALLING WATER 1,3552,003439,0.12438222,code_token_name,high,0.993
2002,2000,HAMILTON,068 FALLING WATER 1,3552,003471,0.11314621,code_token_name,high,0.993
2002,2000,HAMILTON,068 FALLING WATER 1,3552,003428,0.00036308,code_token_name,high,0.993
2002,2000,HAMILTON,068 FALLING WATER 1,3552,003446,0.00034558,code_token_name,high,0.993
2002,2000,HAMILTON,068 FALLING WATER 1,3552,003401,1.8e-07,code_token_name,high,0.993
2002,2000,HAMILTON,068 FALLING WATER 1,3552,003411,0.0,code_token_name,high,0.993
2002,2000,HAMILTON,068 FALLING WATER 1,3552,003472,0.0,code_token_name,high,0.993
2002,2000,HAMILTON,068 FALLING WATER 1,3552,003431,0.0,code_token_name,high,0.993
2002,2000,HAMILTON,069 FLAT TOP MTN,3556,003403,0.97406326,code_token_name,high,0.993
2002,2000,HAMILTON,069 FLAT TOP MTN,3556,003460,0.02593665,code_token_name,high,0.993
2002,2000,HAMILTON,069 FLAT TOP MTN,3556,003359,9e-08,code_token_name,high,0.993
2002,2000,HAMILTON,069 FLAT TOP MTN,3556,003431,0.0,code_token_name,high,0.993
2002,2000,HAMILTON,070 GANNS,3560,003404,0.76011866,code_token_name,high,0.993
2002,2000,HAMILTON,070 GANNS,3560,003446,0.17971506,code_token_name,high,0.993
2002,2000,HAMILTON,070 GANNS,3560,003418,0.05525029,code_token_name,high,0.993
2002,2000,HAMILTON,070 GANNS,3560,003413,0.00491177,code_token_name,high,0.993
2002,2000,HAMILTON,070 GANNS,3560,003424,4.02e-06,code_token_name,high,0.993
2002,2000,HAMILTON,070 GANNS,3560,003407,1.2e-07,code_token_name,high,0.993
2002,2000,HAMILTON,070 GANNS,3560,003383,7e-08,code_token_name,high,0.993
2002,2000,HAMILTON,070 GANNS,3560,003412,0.0,code_token_name,high,0.993
2002,2000,HAMILTON,070 GANNS,3560,003409,0.0,code_token_name,high,0.993
2002,2000,HAMILTON,071 LAKESITE,3564,003418,0.99999084,code_token_name,high,0.993
2002,2000,HAMILTON,071 LAKESITE,3564,003410,7.41e-06,code_token_name,high,0.993
2002,2000,HAMILTON,071 LAKESITE,3564,003404,1.75e-06,code_token_name,high,0.993
2002,2000,HAMILTON,071 LAKESITE,3564,003383,0.0,code_token_name,high,0.993
2002,2000,HAMILTON,072 LOOKOUT MTN 1,3568,003419,0.99998495,code_token_name,high,0.993
2002,2000,HAMILTON,072 LOOKOUT MTN 1,3568,003421,1.033e-05,code_token_name,high,0.993
2002,2000,HAMILTON,072 LOOKOUT MTN 1,3568,003463,4.72e-06,code_token_name,high,0.993
2002,2000,HAMILTON,073 MIDDLE VALLEY,3572,003424,0.76911266,code_token_name,high,0.993
2002,2000,HAMILTON,073 MIDDLE VALLEY,3572,003462,0.18003873,code_token_name,high,0.993
2002,2000,HAMILTON,073 MIDDLE VALLEY,3572,003418,0.05031098,code_token_name,high,0.993
2002,2000,HAMILTON,073 MIDDLE VALLEY,3572,003461,0.00041587,code_token_name,high,0.993
2002,2000,HAMILTON,073 MIDDLE VALLEY,3572,003404,0.00012168,code_token_name,high,0.993
2002,2000,HAMILTON,073 MIDDLE VALLEY,3572,003446,7e-08,code_token_name,high,0.993
2002,2000,HAMILTON,073 MIDDLE VALLEY,3572,003425,0.0,code_token_name,high,0.993
2002,2000,HAMILTON,074 MOWBRAY,3576,003431,0.9756179,code_token_name,high,0.993
2002,2000,HAMILTON,074 MOWBRAY,3576,003461,0.0123567,code_token_name,high,0.993
2002,2000,HAMILTON,074 MOWBRAY,3576,003460,0.01202538,code_token_name,high,0.993
2002,2000,HAMILTON,074 MOWBRAY,3576,003401,1e-08,code_token_name,high,0.993
2002,2000,HAMILTON,074 MOWBRAY,3576,003403,0.0,code_token_name,high,0.993
2002,2000,HAMILTON,074 MOWBRAY,3576,003402,0.0,code_token_name,high,0.993
2002,2000,HAMILTON,075 PLEASANT GROVE 1,3580,003446,0.74571897,code_token_name,high,0.993
2002,2000,HAMILTON,075 PLEASANT GROVE 1,3580,003447,0.09040186,code_token_name,high,0.993
2002,2000,HAMILTON,075 PLEASANT GROVE 1,3580,003439,0.0857857,code_token_name,high,0.993
2002,2000,HAMILTON,075 PLEASANT GROVE 1,3580,003462,0.07309172,code_token_name,high,0.993
2002,2000,HAMILTON,075 PLEASANT GROVE 1,3580,003412,0.00447098,code_token_name,high,0.993
2002,2000,HAMILTON,075 PLEASANT GROVE 1,3580,003411,0.00048633,code_token_name,high,0.993
2002,2000,HAMILTON,075 PLEASANT GROVE 1,3580,003461,4.444e-05,code_token_name,high,0.993
2002,2000,HAMILTON,076 RED BANK 1,3584,003448,0.98369466,code_token_name,high,0.993
2002,2000,HAMILTON,076 RED BANK 1,3584,003427,0.01062059,code_token_name,high,0.993
2002,2000,HAMILTON,076 RED BANK 1,3584,003435,0.00428315,code_token_name,high,0.993
2002,2000,HAMILTON,076 RED BANK 1,3584,003430,0.00072716,code_token_name,high,0.993
2002,2000,HAMILTON,076 RED BANK 1,3584,003465,0.00056032,code_token_name,high,0.993
2002,2000,HAMILTON,076 RED BANK 1,3584,003428,0.0001141,code_token_name,high,0.993
2002,2000,HAMILTON,076 RED BANK 1,3584,003449,1e-08,code_token_name,high,0.993
2002,2000,HAMILTON,077 RED BANK 2,3588,003450,0.71402324,code_token_name,high,0.993
2002,2000,HAMILTON,077 RED BANK 2,3588,003449,0.27748631,code_token_name,high,0.993
2002,2000,HAMILTON,077 RED BANK 2,3588,003448,0.00624565,code_token_name,high,0.993
2002,2000,HAMILTON,077 RED BANK 2,3588,003436,0.00209501,code_token_name,high,0.993
2002,2000,HAMILTON,077 RED BANK 2,3588,003465,0.00014946,code_token_name,high,0.993
2002,2000,HAMILTON,077 RED BANK 2,3588,003422,3.3e-07,code_token_name,high,0.993
2002,2000,HAMILTON,078 RED BANK 3,3592,003450,0.99999813,code_token_name,high,0.993
2002,2000,HAMILTON,078 RED BANK 3,3592,003439,1.53e-06,code_token_name,high,0.993
2002,2000,HAMILTON,078 RED BANK 3,3592,003436,3.4e-07,code_token_name,high,0.993
2002,2000,HAMILTON,078 RED BANK 3,3592,003438,0.0,code_token_name,high,0.993
2002,2000,HAMILTON,078 RED BANK 3,3592,003428,0.0,code_token_name,high,0.993
2002,2000,HAMILTON,080 SALE CREEK,3600,003455,0.99999995,code_token_name,high,0.993
2002,2000,HAMILTON,080 SALE CREEK,3600,003361,4e-08,code_token_name,high,0.993
2002,2000,HAMILTON,080 SALE CREEK,3600,003360,1e-08,code_token_name,high,0.993
2002,2000,HAMILTON,080 SALE CREEK,3600,003359,0.0,code_token_name,high,0.993
2002,2000,HAMILTON,081 SIGNAL MTN EAST,3604,003457,0.98350591,code_token_name,high,0.993
2002,2000,HAMILTON,081 SIGNAL MTN EAST,3604,003471,0.00713636,code_token_name,high,0.993
2002,2000,HAMILTON,081 SIGNAL MTN EAST,3604,003456,0.00567798,code_token_name,high,0.993
2002,2000,HAMILTON,081 SIGNAL MTN EAST,3604,003428,0.00203879,code_token_name,high,0.993
2002,2000,HAMILTON,081 SIGNAL MTN EAST,3604,003472,0.00163805,code_token_name,high,0.993
2002,2000,HAMILTON,081 SIGNAL MTN EAST,3604,003401,2.92e-06,code_token_name,high,0.993
2002,2000,HAMILTON,082 SIGNAL MTN WEST,3608,003456,0.99057279,code_token_name,high,0.993
2002,2000,HAMILTON,082 SIGNAL MTN WEST,3608,003401,0.0078225,code_token_name,high,0.993
2002,2000,HAMILTON,082 SIGNAL MTN WEST,3608,003471,0.00119267,code_token_name,high,0.993
2002,2000,HAMILTON,082 SIGNAL MTN WEST,3608,003428,0.00038489,code_token_name,high,0.993
2002,2000,HAMILTON,082 SIGNAL MTN WEST,3608,003457,2.716e-05,code_token_name,high,0.993
2002,2000,HAMILTON,083 SODDY DAISY NO,3612,003460,0.99954456,code_token_name,high,0.993
2002,2000,HAMILTON,083 SODDY DAISY NO,3612,003403,0.0004201,code_token_name,high,0.993
2002,2000,HAMILTON,083 SODDY DAISY NO,3612,003359,2.283e-05,code_token_name,high,0.993
2002,2000,HAMILTON,083 SODDY DAISY NO,3612,003360,1.25e-05,code_token_name,high,0.993
2002,2000,HAMILTON,083 SODDY DAISY NO,3612,003382,2e-08,code_token_name,high,0.993
2002,2000,HAMILTON,084 SODDY DAISY SO,3616,003461,0.64531049,code_token_name,high,0.993
2002,2000,HAMILTON,084 SODDY DAISY SO,3616,003460,0.34507702,code_token_name,high,0.993
2002,2000,HAMILTON,084 SODDY DAISY SO,3616,003431,0.00542719,code_token_name,high,0.993
2002,2000,HAMILTON,084 SODDY DAISY SO,3616,003462,0.00388868,code_token_name,high,0.993
2002,2000,HAMILTON,084 SODDY DAISY SO,3616,003382,0.00028777,code_token_name,high,0.993
2002,2000,HAMILTON,084 SODDY DAISY SO,3616,003424,8.6e-06,code_token_name,high,0.993
2002,2000,HAMILTON,084 SODDY DAISY SO,3616,003402,2.4e-07,code_token_name,high,0.993
2002,2000,HAMILTON,084 SODDY DAISY SO,3616,003439,0.0,code_token_name,high,0.993
2002,2000,HAMILTON,084 SODDY DAISY SO,3616,003446,0.0,code_token_name,high,0.993
2002,2000,HAMILTON,084 SODDY DAISY SO,3616,003425,0.0,code_token_name,high,0.993
2002,2000,HAMILTON,085 VALDEAU 1,3620,003471,0.9517738,code_token_name,high,0.993
2002,2000,HAMILTON,085 VALDEAU 1,3620,003428,0.04609152,code_token_name,high,0.993
2002,2000,HAMILTON,085 VALDEAU 1,3620,003457,0.00186567,code_token_name,high,0.993
2002,2000,HAMILTON,085 VALDEAU 1,3620,003472,0.00026902,code_token_name,high,0.993
2002,2000,HAMILTON,085 VALDEAU 1,3620,003402,0.0,code_token_name,high,0.993
2002,2000,HAMILTON,086 WALDEN,3624,003472,0.96501604,code_token_name,high,0.993
2002,2000,HAMILTON,086 WALDEN,3624,003401,0.02271551,code_token_name,high,0.993
2002,2000,HAMILTON,086 WALDEN,3624,003471,0.01047325,code_token_name,high,0.993
2002,2000,HAMILTON,086 WALDEN,3624,003457,0.00179488,code_token_name,high,0.993
2002,2000,HAMILTON,086 WALDEN,3624,003402,3.2e-07,code_token_name,high,0.993
2002,2000,HAMILTON,087 LOOKOUT VALLEY 2,3629,003421,0.88651382,code_token_name,high,0.993
2002,2000,HAMILTON,087 LOOKOUT VALLEY 2,3629,003463,0.06552014,code_token_name,high,0.993
2002,2000,HAMILTON,087 LOOKOUT VALLEY 2,3629,003464,0.0388128,code_token_name,high,0.993
2002,2000,HAMILTON,087 LOOKOUT VALLEY 2,3629,003420,0.00713352,code_token_name,high,0.993
2002,2000,HAMILTON,087 LOOKOUT VALLEY 2,3629,003385,0.00197979,code_token_name,high,0.993
2002,2000,HAMILTON,087 LOOKOUT VALLEY 2,3629,003419,3.993e-05,code_token_name,high,0.993
2002,2000,HAMILTON,088 HIXSON 2,3381,003413,0.59165442,code_token_name,high,0.993
2002,2000,HAMILTON,088 HIXSON 2,3381,003412,0.40834547,code_token_name,high,0.993
2002,2000,HAMILTON,088 HIXSON 2,3381,003404,6e-08,code_token_name,high,0.993
2002,2000,HAMILTON,088 HIXSON 2,3381,003386,5e-08,code_token_name,high,0.993
2002,2000,HAMILTON,089 OOLTEWAH 2,3632,003440,0.44154594,code_token_name,high,0.993
2002,2000,HAMILTON,089 OOLTEWAH 2,3632,003356,0.19355584,code_token_name,high,0.993
2002,2000,HAMILTON,089 OOLTEWAH 2,3632,003441,0.13933881,code_token_name,high,0.993
2002,2000,HAMILTON,089 OOLTEWAH 2,3632,003378,0.13352559,code_token_name,high,0.993
2002,2000,HAMILTON,089 OOLTEWAH 2,3632,003367,0.08855796,code_token_name,high,0.993
2002,2000,HAMILTON,089 OOLTEWAH 2,3632,003375,0.00345145,code_token_name,high,0.993
2002,2000,HAMILTON,089 OOLTEWAH 2,3632,003469,2.38e-05,code_token_name,high,0.993
2002,2000,HAMILTON,089 OOLTEWAH 2,3632,003473,1.7e-07,code_token_name,high,0.993
2002,2000,HAMILTON,089 OOLTEWAH 2,3632,003443,1.5e-07,code_token_name,high,0.993
2002,2000,HAMILTON,089 OOLTEWAH 2,3632,003355,1.1e-07,code_token_name,high,0.993
2002,2000,HAMILTON,089 OOLTEWAH 2,3632,003475,7e-08,code_token_name,high,0.993
2002,2000,HAMILTON,089 OOLTEWAH 2,3632,003467,7e-08,code_token_name,high,0.993
2002,2000,HAMILTON,089 OOLTEWAH 2,3632,003370,3e-08,code_token_name,high,0.993
2002,2000,HAMILTON,090 HARRISON 2,3636,003409,0.40363136,code_token_name,high,0.993
2002,2000,HAMILTON,090 HARRISON 2,3636,003408,0.29566197,code_token_name,high,0.993
2002,2000,HAMILTON,090 HARRISON 2,3636,003410,0.24211033,code_token_name,high,0.993
2002,2000,HAMILTON,090 HARRISON 2,3636,003407,0.05707855,code_token_name,high,0.993
2002,2000,HAMILTON,090 HARRISON 2,3636,003459,0.00145323,code_token_name,high,0.993
2002,2000,HAMILTON,090 HARRISON 2,3636,003458,6.385e-05,code_token_name,high,0.993
2002,2000,HAMILTON,090 HARRISON 2,3636,003467,6.6e-07,code_token_name,high,0.993
2002,2000,HAMILTON,090 HARRISON 2,3636,003443,6e-08,code_token_name,high,0.993
2002,2000,HAMILTON,090 HARRISON 2,3636,003404,0.0,code_token_name,high,0.993
2002,2000,HAMILTON,090 HARRISON 2,3636,003418,0.0,code_token_name,high,0.993
2002,2000,HAMILTON,090 HARRISON 2,3636,003468,0.0,code_token_name,high,0.993
2002,2000,HAMILTON,090 HARRISON 2,3636,003383,0.0,code_token_name,high,0.993
2002,2000,HAMILTON,091 WESTVIEW 2,3640,003355,0.65884202,code_token_name,high,0.993
2002,2000,HAMILTON,091 WESTVIEW 2,3640,003474,0.33267045,code_token_name,high,0.993
2002,2000,HAMILTON,091 WESTVIEW 2,3640,003473,0.00411788,code_token_name,high,0.993
2002,2000,HAMILTON,091 WESTVIEW 2,3640,003367,0.00274749,code_token_name,high,0.993
2002,2000,HAMILTON,091 WESTVIEW 2,3640,003388,0.00162193,code_token_name,high,0.993
2002,2000,HAMILTON,091 WESTVIEW 2,3640,003356,2.2e-07,code_token_name,high,0.993
2002,2000,HAMILTON,091 WESTVIEW 2,3640,003368,2e-08,code_token_name,high,0.993
2002,2000,HAMILTON,091 WESTVIEW 2,3640,003475,0.0,code_token_name,high,0.993
2002,2000,HAMILTON,091 WESTVIEW 2,3640,003387,0.0,code_token_name,high,0.993
2002,2000,HAMILTON,092 LOOKOUT VALLEY,3622,003421,0.8026907,code_token_name,high,0.993
2002,2000,HAMILTON,092 LOOKOUT VALLEY,3622,003420,0.1973093,code_token_name,high,0.993
2002,2000,HAMILTON,093 CONCORD 2,3329,003375,0.78555967,code_token_name,high,0.993
2002,2000,HAMILTON,093 CONCORD 2,3329,003372,0.17668768,code_token_name,high,0.993
2002,2000,HAMILTON,093 CONCORD 2,3329,003378,0.03216674,code_token_name,high,0.993
2002,2000,HAMILTON,093 CONCORD 2,3329,003376,0.00357757,code_token_name,high,0.993
2002,2000,HAMILTON,093 CONCORD 2,3329,003441,0.00185301,code_token_name,high,0.993
2002,2000,HAMILTON,093 CONCORD 2,3329,003475,0.0001551,code_token_name,high,0.993
2002,2000,HAMILTON,093 CONCORD 2,3329,003387,2.4e-07,code_token_name,high,0.993
2002,2000,HAMILTON,093 CONCORD 2,3329,003374,0.0,code_token_name,high,0.993
2002,2000,HAMILTON,093 CONCORD 2,3329,003470,0.0,code_token_name,high,0.993
2002,2000,HAMILTON,093 CONCORD 2,3329,003377,0.0,code_token_name,high,0.993
2002,2000,HAMILTON,093 CONCORD 2,3329,003469,0.0,code_token_name,high,0.993
2002,2000,HAMILTON,094 BRAINERD 2,3430,003439,0.99999813,code_token_name,high,0.993
2002,2000,HAMILTON,094 BRAINERD 2,3430,003428,1.56e-06,code_token_name,high,0.993
2002,2000,HAMILTON,094 BRAINERD 2,3430,003438,3.1e-07,code_token_name,high,0.993
2002,2000,HAMILTON,094 BRAINERD 2,3430,003450,0.0,code_token_name,high,0.993
2002,2000,HAMILTON,095 EASTGATE 2,3369,003398,0.97929047,code_token_name,high,0.993
2002,2000,HAMILTON,095 EASTGATE 2,3369,003476,0.02070831,code_token_name,high,0.993
2002,2000,HAMILTON,095 EASTGATE 2,3369,003364,9e-07,code_token_name,high,0.993
2002,2000,HAMILTON,095 EASTGATE 2,3369,003363,1.7e-07,code_token_name,high,0.993
2002,2000,HAMILTON,095 EASTGATE 2,3369,003477,1.2e-07,code_token_name,high,0.993
2002,2000,HAMILTON,095 EASTGATE 2,3369,003397,3e-08,code_token_name,high,0.993
2002,2000,HAMILTON,096 WESTVIEW 3,3641,003475,0.97628726,code_token_name,high,0.993
2002,2000,HAMILTON,096 WESTVIEW 3,3641,003387,0.02065384,code_token_name,high,0.993
2002,2000,HAMILTON,096 WESTVIEW 3,3641,003375,0.00305678,code_token_name,high,0.993
2002,2000,HAMILTON,096 WESTVIEW 3,3641,003473,1.78e-06,code_token_name,high,0.993
2002,2000,HAMILTON,096 WESTVIEW 3,3641,003388,2e-07,code_token_name,high,0.993
2002,2000,HAMILTON,096 WESTVIEW 3,3641,003441,7e-08,code_token_name,high,0.993
2002,2000,HAMILTON,096 WESTVIEW 3,3641,003440,5e-08,code_token_name,high,0.993
2002,2000,HAMILTON,096 WESTVIEW 3,3641,003474,3e-08,code_token_name,high,0.993
2002,2000,HAMILTON,097 TYNER 2,3465,003469,0.73982917,code_token_name,high,0.993
2002,2000,HAMILTON,097 TYNER 2,3465,003416,0.1381559,code_token_name,high,0.993
2002,2000,HAMILTON,097 TYNER 2,3465,003470,0.12195704,code_token_name,high,0.993
2002,2000,HAMILTON,097 TYNER 2,3465,003351,5.781e-05,code_token_name,high,0.993
2002,2000,HAMILTON,097 TYNER 2,3465,003417,8e-08,code_token_name,high,0.993
2002,2000,HAMILTON,097 TYNER 2,3465,003362,0.0,code_token_name,high,0.993
2002,2000,HAMILTON,097 TYNER 2,3465,003377,0.0,code_token_name,high,0.993
2002,2000,HAMILTON,098 HARRISON 3,3637,003406,0.96823476,code_token_name,high,0.993
2002,2000,HAMILTON,098 HARRISON 3,3637,003433,0.02101315,code_token_name,high,0.993
2002,2000,HAMILTON,098 HARRISON 3,3637,003466,0.01074823,code_token_name,high,0.993
2002,2000,HAMILTON,098 HARRISON 3,3637,003407,3.86e-06,code_token_name,high,0.993
2002,2000,HAMILTON,098 HARRISON 3,3637,003432,0.0,code_token_name,high,0.993
2002,2000,HAMILTON,099 BAKEWELL 2,3541,003360,0.9057001,code_token_name,high,0.993
2002,2000,HAMILTON,099 BAKEWELL 2,3541,003359,0.09213031,code_token_name,high,0.993
2002,2000,HAMILTON,099 BAKEWELL 2,3541,003460,0.00141084,code_token_name,high,0.993
2002,2000,HAMILTON,099 BAKEWELL 2,3541,003455,0.00075875,code_token_name,high,0.993
2002,2000,HAMILTON,099 BAKEWELL 2,3541,003382,0.0,code_token_name,high,0.993
2002,2000,HAMILTON,099 BAKEWELL 2,3541,003361,0.0,code_token_name,high,0.993
2002,2000,HAMILTON,101 HIXSON 3,3383,003413,0.95965229,code_token_name,high,0.993
2002,2000,HAMILTON,101 HIXSON 3,3383,003404,0.04034771,code_token_name,high,0.993
2002,2000,HAMILTON,101 HIXSON 3,3383,003386,0.0,code_token_name,high,0.993
2002,2000,HAMILTON,102 NORTHWOODS NO,3306,003397,0.99999901,code_token_name,high,0.993
2002,2000,HAMILTON,102 NORTHWOODS NO,3306,003363,6.3e-07,code_token_name,high,0.993
2002,2000,HAMILTON,102 NORTHWOODS NO,3306,003396,3.6e-07,code_token_name,high,0.993
2002,2000,HAMILTON,102 NORTHWOODS NO,3306,003476,0.0,code_token_name,high,0.993
2002,2000,HAMILTON,102 NORTHWOODS NO,3306,003398,0.0,code_token_name,high,0.993
2002,2000,HAMILTON,103 PLEASANT GROVE 2,3582,003446,0.9999992,exact_name,high,1.0
2002,2000,HAMILTON,103 PLEASANT GROVE 2,3582,003462,4.7e-07,exact_name,high,1.0
2002,2000,HAMILTON,103 PLEASANT GROVE 2,3582,003424,3.3e-07,exact_name,high,1.0
2002,2000,HAMILTON,104 EAST BRAINERD 2,3409,003430,0.99999018,code_token_name,high,0.993
2002,2000,HAMILTON,104 EAST BRAINERD 2,3409,003427,9.82e-06,code_token_name,high,0.993
2002,2000,HAMILTON,105 EAST CHATT 2,3549,003401,0.76126738,code_token_name,high,0.993
2002,2000,HAMILTON,105 EAST CHATT 2,3549,003471,0.19164323,code_token_name,high,0.993
2002,2000,HAMILTON,105 EAST CHATT 2,3549,003429,0.02529755,code_token_name,high,0.993
2002,2000,HAMILTON,105 EAST CHATT 2,3549,003456,0.02179184,code_token_name,high,0.993
2002,2000,HAMILTON,105 EAST CHATT 2,3549,003421,1e-08,code_token_name,high,0.993
2002,2000,HAMILTON,106 MOUNTAIN CREEK,3412,003428,0.81531774,tail_exact_name,medium,0.985
2002,2000,HAMILTON,106 MOUNTAIN CREEK,3412,003430,0.14590352,tail_exact_name,medium,0.985
2002,2000,HAMILTON,106 MOUNTAIN CREEK,3412,003471,0.02648918,tail_exact_name,medium,0.985
2002,2000,HAMILTON,106 MOUNTAIN CREEK,3412,003450,0.00785509,tail_exact_name,medium,0.985
2002,2000,HAMILTON,106 MOUNTAIN CREEK,3412,003448,0.0021263,tail_exact_name,medium,0.985
2002,2000,HAMILTON,106 MOUNTAIN CREEK,3412,003427,0.00178064,tail_exact_name,medium,0.985
2002,2000,HAMILTON,106 MOUNTAIN CREEK,3412,003429,0.00029386,tail_exact_name,medium,0.985
2002,2000,HAMILTON,106 MOUNTAIN CREEK,3412,003456,0.00023349,tail_exact_name,medium,0.985
2002,2000,HAMILTON,106 MOUNTAIN CREEK,3412,003421,1.8e-07,tail_exact_name,medium,0.985
2002,2000,HAMILTON,106 MOUNTAIN CREEK,3412,003420,0.0,tail_exact_name,medium,0.985
2002,2000,HAMILTON,107 DALLAS SOUTH,3549,003401,0.76126738,forced_best_name,low,0.714286
2002,2000,HAMILTON,107 DALLAS SOUTH,3549,003471,0.19164323,forced_best_name,low,0.714286
2002,2000,HAMILTON,107 DALLAS SOUTH,3549,003429,0.02529755,forced_best_name,low,0.714286
2002,2000,HAMILTON,107 DALLAS SOUTH,3549,003456,0.02179184,forced_best_name,low,0.714286
2002,2000,HAMILTON,107 DALLAS SOUTH,3549,003421,1e-08,forced_best_name,low,0.714286
2002,2000,HAMILTON,108 FAIRMOUNT 2,3548,003401,0.96336656,tail_fuzzy_name,low,0.9
2002,2000,HAMILTON,108 FAIRMOUNT 2,3548,003456,0.03650671,tail_fuzzy_name,low,0.9
2002,2000,HAMILTON,108 FAIRMOUNT 2,3548,003472,0.00012644,tail_fuzzy_name,low,0.9
2002,2000,HAMILTON,108 FAIRMOUNT 2,3548,003457,2.9e-07,tail_fuzzy_name,low,0.9
2002,2000,HAMILTON,108 FAIRMOUNT 2,3548,003431,0.0,tail_fuzzy_name,low,0.9
2002,2000,HAMILTON,108 FAIRMOUNT 2,3548,003402,0.0,tail_fuzzy_name,low,0.9
2002,2000,HAMILTON,109 FALLING WATER 2,0033,0033,1.0,tail_exact_name,medium,0.985
2002,2000,HAMILTON,110 VALDEAU 2,3620,003471,0.9517738,tail_fuzzy_name,low,0.875
2002,2000,HAMILTON,110 VALDEAU 2,3620,003428,0.04609152,tail_fuzzy_name,low,0.875
2002,2000,HAMILTON,110 VALDEAU 2,3620,003457,0.00186567,tail_fuzzy_name,low,0.875
2002,2000,HAMILTON,110 VALDEAU 2,3620,003472,0.00026902,tail_fuzzy_name,low,0.875
2002,2000,HAMILTON,110 VALDEAU 2,3620,003402,0.0,tail_fuzzy_name,low,0.875
2002,2000,HAMILTON,111 LOOKOUT VALLEY 3,0046,0046,1.0,tail_exact_name,medium,0.985
2002,2000,HAMILTON,112 AIRPORT 2,0001,0001,1.0,tail_fuzzy_name,low,0.888889
2002,2000,HAMILTON,114 STUART HEIGHTS 2,0084,0084,1.0,tail_exact_name,medium,0.985
2002,2000,HAMILTON,117 MOUNTAIN CREEK,3412,003428,0.81531774,tail_exact_name,medium,0.985
2002,2000,HAMILTON,117 MOUNTAIN CREEK,3412,003430,0.14590352,tail_exact_name,medium,0.985
2002,2000,HAMILTON,117 MOUNTAIN CREEK,3412,003471,0.02648918,tail_exact_name,medium,0.985
2002,2000,HAMILTON,117 MOUNTAIN CREEK,3412,003450,0.00785509,tail_exact_name,medium,0.985
2002,2000,HAMILTON,117 MOUNTAIN CREEK,3412,003448,0.0021263,tail_exact_name,medium,0.985
2002,2000,HAMILTON,117 MOUNTAIN CREEK,3412,003427,0.00178064,tail_exact_name,medium,0.985
2002,2000,HAMILTON,117 MOUNTAIN CREEK,3412,003429,0.00029386,tail_exact_name,medium,0.985
2002,2000,HAMILTON,117 MOUNTAIN CREEK,3412,003456,0.00023349,tail_exact_name,medium,0.985
2002,2000,HAMILTON,117 MOUNTAIN CREEK,3412,003421,1.8e-07,tail_exact_name,medium,0.985
2002,2000,HAMILTON,117 MOUNTAIN CREEK,3412,003420,0.0,tail_exact_name,medium,0.985
2002,2000,HAMILTON,118 APISON 2,0004,0004,1.0,tail_fuzzy_name,low,0.875
2002,2000,HAMILTON,119 NORTHWOODS NO,3428,003438,0.89348961,tail_fuzzy_name,low,0.896552
2002,2000,HAMILTON,119 NORTHWOODS NO,3428,003439,0.08222852,tail_fuzzy_name,low,0.896552
2002,2000,HAMILTON,119 NORTHWOODS NO,3428,003471,0.01825392,tail_fuzzy_name,low,0.896552
2002,2000,HAMILTON,119 NORTHWOODS NO,3428,003428,0.00600085,tail_fuzzy_name,low,0.896552
2002,2000,HAMILTON,119 NORTHWOODS NO,3428,003411,2.55e-05,tail_fuzzy_name,low,0.896552
2002,2000,HAMILTON,119 NORTHWOODS NO,3428,003412,1.6e-06,tail_fuzzy_name,low,0.896552
2002,2000,HAMILTON,119 NORTHWOODS NO,3428,003436,0.0,tail_fuzzy_name,low,0.896552
2002,2000,HAMILTON,119 NORTHWOODS NO,3428,003450,0.0,tail_fuzzy_name,low,0.896552
2002,2000,HAMILTON,120 TENNESSEE RIVER,3448,003454,0.70709111,forced_best_name,low,0.451613
2002,2000,HAMILTON,120 TENNESSEE RIVER,3448,003465,0.28645204,forced_best_name,low,0.451613
2002,2000,HAMILTON,120 TENNESSEE RIVER,3448,003435,0.00484096,forced_best_name,low,0.451613
2002,2000,HAMILTON,120 TENNESSEE RIVER,3448,003448,0.00161585,forced_best_name,low,0.451613
2002,2000,HAMILTON,120 TENNESSEE RIVER,3448,003434,5e-08,forced_best_name,low,0.451613
2002,2000,HAMILTON,120 TENNESSEE RIVER,3448,003354,0.0,forced_best_name,low,0.451613
2002,2000,HAMILTON,121 LOOKOUT MTN 2,0045,0045,1.0,tail_fuzzy_name,low,0.83871
2002,2000,HAMILTON,122 COLLEGEDALE 2,0013,0013,1.0,tail_exact_name,medium,0.985
2002,2000,HAMILTON,125 RED BANK 4,3596,003450,0.80381914,tail_exact_name,medium,0.985
2002,2000,HAMILTON,125 RED BANK 4,3596,003449,0.19126721,tail_exact_name,medium,0.985
2002,2000,HAMILTON,125 RED BANK 4,3596,003428,0.00356029,tail_exact_name,medium,0.985
2002,2000,HAMILTON,125 RED BANK 4,3596,003448,0.00135335,tail_exact_name,medium,0.985
2002,2000,HAMILTON,130 TYNER 4,3465,003469,0.73982917,tail_fuzzy_name,low,0.857143
2002,2000,HAMILTON,130 TYNER 4,3465,003416,0.1381559,tail_fuzzy_name,low,0.857143
2002,2000,HAMILTON,130 TYNER 4,3465,003470,0.12195704,tail_fuzzy_name,low,0.857143
2002,2000,HAMILTON,130 TYNER 4,3465,003351,5.781e-05,tail_fuzzy_name,low,0.857143
2002,2000,HAMILTON,130 TYNER 4,3465,003417,8e-08,tail_fuzzy_name,low,0.857143
2002,2000,HAMILTON,130 TYNER 4,3465,003362,0.0,tail_fuzzy_name,low,0.857143
2002,2000,HAMILTON,130 TYNER 4,3465,003377,0.0,tail_fuzzy_name,low,0.857143
2002,2000,HAMILTON,131 EASTDALE 2,3364,003396,0.99960569,tail_fuzzy_name,low,0.888889
2002,2000,HAMILTON,131 EASTDALE 2,3364,003453,0.0003943,tail_fuzzy_name,low,0.888889
2002,2000,HAMILTON,131 EASTDALE 2,3364,003381,1e-08,tail_fuzzy_name,low,0.888889
2002,2000,HAMILTON,131 EASTDALE 2,3364,003405,0.0,tail_fuzzy_name,low,0.888889
2002,2000,HAMILTON,131 EASTDALE 2,3364,003397,0.0,tail_fuzzy_name,low,0.888889
2002,2000,HAMILTON,131 EASTDALE 2,3364,003476,0.0,tail_fuzzy_name,low,0.888889
2002,2000,HAMILTON,132 EAST SIDE 2,3360,003399,0.61584216,tail_fuzzy_name,low,0.9
2002,2000,HAMILTON,132 EAST SIDE 2,3360,003451,0.20656977,tail_fuzzy_name,low,0.9
2002,2000,HAMILTON,132 EAST SIDE 2,3360,003452,0.17758807,tail_fuzzy_name,low,0.9
2002,2000,HAMILTON,132 EAST SIDE 2,3360,003426,0.0,tail_fuzzy_name,low,0.9
2002,2000,HAMILTON,133 CLIFTON HILLS 2,3324,003399,0.79390032,tail_fuzzy_name,low,0.928571
2002,2000,HAMILTON,133 CLIFTON HILLS 2,3324,003391,0.17189284,tail_fuzzy_name,low,0.928571
2002,2000,HAMILTON,133 CLIFTON HILLS 2,3324,003400,0.03419661,tail_fuzzy_name,low,0.928571
2002,2000,HAMILTON,133 CLIFTON HILLS 2,3324,003452,5.87e-06,tail_fuzzy_name,low,0.928571
2002,2000,HAMILTON,133 CLIFTON HILLS 2,3324,003352,4.36e-06,tail_fuzzy_name,low,0.928571
2002,2000,HAMILTON,133 CLIFTON HILLS 2,3324,003451,0.0,tail_fuzzy_name,low,0.928571
2002,2000,HAMILTON,134 CLIFTON HILLS 3,3324,003399,0.79390032,tail_fuzzy_name,low,0.928571
2002,2000,HAMILTON,134 CLIFTON HILLS 3,3324,003391,0.17189284,tail_fuzzy_name,low,0.928571
2002,2000,HAMILTON,134 CLIFTON HILLS 3,3324,003400,0.03419661,tail_fuzzy_name,low,0.928571
2002,2000,HAMILTON,134 CLIFTON HILLS 3,3324,003452,5.87e-06,tail_fuzzy_name,low,0.928571
2002,2000,HAMILTON,134 CLIFTON HILLS 3,3324,003352,4.36e-06,tail_fuzzy_name,low,0.928571
2002,2000,HAMILTON,134 CLIFTON HILLS 3,3324,003451,0.0,tail_fuzzy_name,low,0.928571
2002,2000,HAMILTON,135 CLIFTON HILLS 4,3324,003399,0.79390032,tail_fuzzy_name,low,0.928571
2002,2000,HAMILTON,135 CLIFTON HILLS 4,3324,003391,0.17189284,tail_fuzzy_name,low,0.928571
2002,2000,HAMILTON,135 CLIFTON HILLS 4,3324,003400,0.03419661,tail_fuzzy_name,low,0.928571
2002,2000,HAMILTON,135 CLIFTON HILLS 4,3324,003452,5.87e-06,tail_fuzzy_name,low,0.928571
2002,2000,HAMILTON,135 CLIFTON HILLS 4,3324,003352,4.36e-06,tail_fuzzy_name,low,0.928571
2002,2000,HAMILTON,135 CLIFTON HILLS 4,3324,003451,0.0,tail_fuzzy_name,low,0.928571
2002,2000,HAMILTON,136 CLIFTON HILLS 5,3324,003399,0.79390032,tail_fuzzy_name,low,0.928571
2002,2000,HAMILTON,136 CLIFTON HILLS 5,3324,003391,0.17189284,tail_fuzzy_name,low,0.928571
2002,2000,HAMILTON,136 CLIFTON HILLS 5,3324,003400,0.03419661,tail_fuzzy_name,low,0.928571
2002,2000,HAMILTON,136 CLIFTON HILLS 5,3324,003452,5.87e-06,tail_fuzzy_name,low,0.928571
2002,2000,HAMILTON,136 CLIFTON HILLS 5,3324,003352,4.36e-06,tail_fuzzy_name,low,0.928571
2002,2000,HAMILTON,136 CLIFTON HILLS 5,3324,003451,0.0,tail_fuzzy_name,low,0.928571
2002,2000,HAMILTON,137 ST ELMO 2,3452,003463,0.90950455,tail_fuzzy_name,low,0.875
2002,2000,HAMILTON,137 ST ELMO 2,3452,003385,0.0509272,tail_fuzzy_name,low,0.875
2002,2000,HAMILTON,137 ST ELMO 2,3452,003353,0.02890111,tail_fuzzy_name,low,0.875
2002,2000,HAMILTON,137 ST ELMO 2,3452,003464,0.00571574,tail_fuzzy_name,low,0.875
2002,2000,HAMILTON,137 ST ELMO 2,3452,003420,0.00495049,tail_fuzzy_name,low,0.875
2002,2000,HAMILTON,137 ST ELMO 2,3452,003352,9e-07,tail_fuzzy_name,low,0.875
2002,2000,HAMILTON,137 ST ELMO 2,3452,003421,0.0,tail_fuzzy_name,low,0.875
2002,2000,HAMILTON,138 ST ELMO 3,3452,003463,0.90950455,tail_fuzzy_name,low,0.875
2002,2000,HAMILTON,138 ST ELMO 3,3452,003385,0.0509272,tail_fuzzy_name,low,0.875
2002,2000,HAMILTON,138 ST ELMO 3,3452,003353,0.02890111,tail_fuzzy_name,low,0.875
2002,2000,HAMILTON,138 ST ELMO 3,3452,003464,0.00571574,tail_fuzzy_name,low,0.875
2002,2000,HAMILTON,138 ST ELMO 3,3452,003420,0.00495049,tail_fuzzy_name,low,0.875
2002,2000,HAMILTON,138 ST ELMO 3,3452,003352,9e-07,tail_fuzzy_name,low,0.875
2002,2000,HAMILTON,138 ST ELMO 3,3452,003421,0.0,tail_fuzzy_name,low,0.875
2002,2000,HAMILTON,139 NORTH CHATT 2,0058,0058,1.0,tail_fuzzy_name,low,0.8125
2002,2000,HAMILTON,140 HARRISON 4,3636,003409,0.40363136,tail_fuzzy_name,low,0.9
2002,2000,HAMILTON,140 HARRISON 4,3636,003408,0.29566197,tail_fuzzy_name,low,0.9
2002,2000,HAMILTON,140 HARRISON 4,3636,003410,0.24211033,tail_fuzzy_name,low,0.9
2002,2000,HAMILTON,140 HARRISON 4,3636,003407,0.05707855,tail_fuzzy_name,low,0.9
2002,2000,HAMILTON,140 HARRISON 4,3636,003459,0.00145323,tail_fuzzy_name,low,0.9
2002,2000,HAMILTON,140 HARRISON 4,3636,003458,6.385e-05,tail_fuzzy_name,low,0.9
2002,2000,HAMILTON,140 HARRISON 4,3636,003467,6.6e-07,tail_fuzzy_name,low,0.9
2002,2000,HAMILTON,140 HARRISON 4,3636,003443,6e-08,tail_fuzzy_name,low,0.9
2002,2000,HAMILTON,140 HARRISON 4,3636,003404,0.0,tail_fuzzy_name,low,0.9
2002,2000,HAMILTON,140 HARRISON 4,3636,003418,0.0,tail_fuzzy_name,low,0.9
2002,2000,HAMILTON,140 HARRISON 4,3636,003468,0.0,tail_fuzzy_name,low,0.9
2002,2000,HAMILTON,140 HARRISON 4,3636,003383,0.0,tail_fuzzy_name,low,0.9
2002,2000,HAMILTON,141 CONCORD 3,3329,003375,0.78555967,tail_fuzzy_name,low,0.888889
2002,2000,HAMILTON,141 CONCORD 3,3329,003372,0.17668768,tail_fuzzy_name,low,0.888889
2002,2000,HAMILTON,141 CONCORD 3,3329,003378,0.03216674,tail_fuzzy_name,low,0.888889
2002,2000,HAMILTON,141 CONCORD 3,3329,003376,0.00357757,tail_fuzzy_name,low,0.888889
2002,2000,HAMILTON,141 CONCORD 3,3329,003441,0.00185301,tail_fuzzy_name,low,0.888889
2002,2000,HAMILTON,141 CONCORD 3,3329,003475,0.0001551,tail_fuzzy_name,low,0.888889
2002,2000,HAMILTON,141 CONCORD 3,3329,003387,2.4e-07,tail_fuzzy_name,low,0.888889
2002,2000,HAMILTON,141 CONCORD 3,3329,003374,0.0,tail_fuzzy_name,low,0.888889
2002,2000,HAMILTON,141 CONCORD 3,3329,003470,0.0,tail_fuzzy_name,low,0.888889
2002,2000,HAMILTON,141 CONCORD 3,3329,003377,0.0,tail_fuzzy_name,low,0.888889
2002,2000,HAMILTON,141 CONCORD 3,3329,003469,0.0,tail_fuzzy_name,low,0.888889
2002,2000,HAMILTON,142 MISSION RDGE SO,3404,003426,0.82258863,tail_fuzzy_name,low,0.810811
2002,2000,HAMILTON,142 MISSION RDGE SO,3404,003396,0.13399561,tail_fuzzy_name,low,0.810811
2002,2000,HAMILTON,142 MISSION RDGE SO,3404,003452,0.03337582,tail_fuzzy_name,low,0.810811
2002,2000,HAMILTON,142 MISSION RDGE SO,3404,003392,0.007204,tail_fuzzy_name,low,0.810811
2002,2000,HAMILTON,142 MISSION RDGE SO,3404,003393,0.00277771,tail_fuzzy_name,low,0.810811
2002,2000,HAMILTON,142 MISSION RDGE SO,3404,003391,5.78e-05,tail_fuzzy_name,low,0.810811
2002,2000,HAMILTON,142 MISSION RDGE SO,3404,003453,2.6e-07,tail_fuzzy_name,low,0.810811
2002,2000,HAMILTON,142 MISSION RDGE SO,3404,003394,1.6e-07,tail_fuzzy_name,low,0.810811
2002,2000,HAMILTON,142 MISSION RDGE SO,3404,003405,0.0,tail_fuzzy_name,low,0.810811
2002,2000,HAMILTON,144 SODDY DAISY NO,3612,003460,0.99954456,tail_fuzzy_name,low,0.903226
2002,2000,HAMILTON,144 SODDY DAISY NO,3612,003403,0.0004201,tail_fuzzy_name,low,0.903226
2002,2000,HAMILTON,144 SODDY DAISY NO,3612,003359,2.283e-05,tail_fuzzy_name,low,0.903226
2002,2000,HAMILTON,144 SODDY DAISY NO,3612,003360,1.25e-05,tail_fuzzy_name,low,0.903226
2002,2000,HAMILTON,144 SODDY DAISY NO,3612,003382,2e-08,tail_fuzzy_name,low,0.903226
2002,2000,HAMILTON,149 SODDY DAISY SO,3616,003461,0.64531049,tail_fuzzy_name,low,0.903226
2002,2000,HAMILTON,149 SODDY DAISY SO,3616,003460,0.34507702,tail_fuzzy_name,low,0.903226
2002,2000,HAMILTON,149 SODDY DAISY SO,3616,003431,0.00542719,tail_fuzzy_name,low,0.903226
2002,2000,HAMILTON,149 SODDY DAISY SO,3616,003462,0.00388868,tail_fuzzy_name,low,0.903226
2002,2000,HAMILTON,149 SODDY DAISY SO,3616,003382,0.00028777,tail_fuzzy_name,low,0.903226
2002,2000,HAMILTON,149 SODDY DAISY SO,3616,003424,8.6e-06,tail_fuzzy_name,low,0.903226
2002,2000,HAMILTON,149 SODDY DAISY SO,3616,003402,2.4e-07,tail_fuzzy_name,low,0.903226
2002,2000,HAMILTON,149 SODDY DAISY SO,3616,003439,0.0,tail_fuzzy_name,low,0.903226
2002,2000,HAMILTON,149 SODDY DAISY SO,3616,003446,0.0,tail_fuzzy_name,low,0.903226
2002,2000,HAMILTON,149 SODDY DAISY SO,3616,003425,0.0,tail_fuzzy_name,low,0.903226
2002,2000,HAMILTON,150 SODDY DAISY SO,3616,003461,0.64531049,tail_fuzzy_name,low,0.903226
2002,2000,HAMILTON,150 SODDY DAISY SO,3616,003460,0.34507702,tail_fuzzy_name,low,0.903226
2002,2000,HAMILTON,150 SODDY DAISY SO,3616,003431,0.00542719,tail_fuzzy_name,low,0.903226
2002,2000,HAMILTON,150 SODDY DAISY SO,3616,003462,0.00388868,tail_fuzzy_name,low,0.903226
2002,2000,HAMILTON,150 SODDY DAISY SO,3616,003382,0.00028777,tail_fuzzy_name,low,0.903226
2002,2000,HAMILTON,150 SODDY DAISY SO,3616,003424,8.6e-06,tail_fuzzy_name,low,0.903226
2002,2000,HAMILTON,150 SODDY DAISY SO,3616,003402,2.4e-07,tail_fuzzy_name,low,0.903226
2002,2000,HAMILTON,150 SODDY DAISY SO,3616,003439,0.0,tail_fuzzy_name,low,0.903226
2002,2000,HAMILTON,150 SODDY DAISY SO,3616,003446,0.0,tail_fuzzy_name,low,0.903226
2002,2000,HAMILTON,150 SODDY DAISY SO,3616,003425,0.0,tail_fuzzy_name,low,0.903226
2002,2000,HAMILTON,151 SODDY DAISY SO,3616,003461,0.64531049,tail_fuzzy_name,low,0.903226
2002,2000,HAMILTON,151 SODDY DAISY SO,3616,003460,0.34507702,tail_fuzzy_name,low,0.903226
2002,2000,HAMILTON,151 SODDY DAISY SO,3616,003431,0.00542719,tail_fuzzy_name,low,0.903226
2002,2000,HAMILTON,151 SODDY DAISY SO,3616,003462,0.00388868,tail_fuzzy_name,low,0.903226
2002,2000,HAMILTON,151 SODDY DAISY SO,3616,003382,0.00028777,tail_fuzzy_name,low,0.903226
2002,2000,HAMILTON,151 SODDY DAISY SO,3616,003424,8.6e-06,tail_fuzzy_name,low,0.903226
2002,2000,HAMILTON,151 SODDY DAISY SO,3616,003402,2.4e-07,tail_fuzzy_name,low,0.903226
2002,2000,HAMILTON,151 SODDY DAISY SO,3616,003439,0.0,tail_fuzzy_name,low,0.903226
2002,2000,HAMILTON,151 SODDY DAISY SO,3616,003446,0.0,tail_fuzzy_name,low,0.903226
2002,2000,HAMILTON,151 SODDY DAISY SO,3616,003425,0.0,tail_fuzzy_name,low,0.903226
2002,2000,HAMILTON,154 AIRPORT 4,0001,0001,1.0,tail_fuzzy_name,low,0.888889
2002,2000,HAMILTON,155 EAST CHATT 3,3352,003390,0.49552315,forced_best_name,low,0.685714
2002,2000,HAMILTON,155 EAST CHATT 3,3352,003389,0.35173272,forced_best_name,low,0.685714
2002,2000,HAMILTON,155 EAST CHATT 3,3352,003358,0.14623855,forced_best_name,low,0.685714
2002,2000,HAMILTON,155 EAST CHATT 3,3352,003381,0.00650155,forced_best_name,low,0.685714
2002,2000,HAMILTON,155 EAST CHATT 3,3352,003415,2.69e-06,forced_best_name,low,0.685714
2002,2000,HAMILTON,155 EAST CHATT 3,3352,003414,1.34e-06,forced_best_name,low,0.685714
2002,2000,HAMILTON,155 EAST CHATT 3,3352,003354,0.0,forced_best_name,low,0.685714
2002,2000,HAMILTON,156 MISSION RDGE SO,3404,003426,0.82258863,tail_fuzzy_name,low,0.810811
2002,2000,HAMILTON,156 MISSION RDGE SO,3404,003396,0.13399561,tail_fuzzy_name,low,0.810811
2002,2000,HAMILTON,156 MISSION RDGE SO,3404,003452,0.03337582,tail_fuzzy_name,low,0.810811
2002,2000,HAMILTON,156 MISSION RDGE SO,3404,003392,0.007204,tail_fuzzy_name,low,0.810811
2002,2000,HAMILTON,156 MISSION RDGE SO,3404,003393,0.00277771,tail_fuzzy_name,low,0.810811
2002,2000,HAMILTON,156 MISSION RDGE SO,3404,003391,5.78e-05,tail_fuzzy_name,low,0.810811
2002,2000,HAMILTON,156 MISSION RDGE SO,3404,003453,2.6e-07,tail_fuzzy_name,low,0.810811
2002,2000,HAMILTON,156 MISSION RDGE SO,3404,003394,1.6e-07,tail_fuzzy_name,low,0.810811
2002,2000,HAMILTON,156 MISSION RDGE SO,3404,003405,0.0,tail_fuzzy_name,low,0.810811
2002,2000,HAMILTON,157 SATELLITE 1 EC,3468,003420,0.79391647,forced_best_name,low,0.486486
2002,2000,HAMILTON,157 SATELLITE 1 EC,3468,003421,0.20608333,forced_best_name,low,0.486486
2002,2000,HAMILTON,157 SATELLITE 1 EC,3468,003427,1.9e-07,forced_best_name,low,0.486486
2002,2000,HAMILTON,157 SATELLITE 1 EC,3468,003430,0.0,forced_best_name,low,0.486486
2002,2000,HAMILTON,158 SATELLITE 2 NG,3549,003401,0.76126738,forced_best_name,low,0.533333
2002,2000,HAMILTON,158 SATELLITE 2 NG,3549,003471,0.19164323,forced_best_name,low,0.533333
2002,2000,HAMILTON,158 SATELLITE 2 NG,3549,003429,0.02529755,forced_best_name,low,0.533333
2002,2000,HAMILTON,158 SATELLITE 2 NG,3549,003456,0.02179184,forced_best_name,low,0.533333
2002,2000,HAMILTON,158 SATELLITE 2 NG,3549,003421,1e-08,forced_best_name,low,0.533333
2002,2000,HAMILTON,159 SATELLITE 3 TB,3500,003392,0.98818184,forced_best_name,low,0.484848
2002,2000,HAMILTON,159 SATELLITE 3 TB,3500,003426,0.01181414,forced_best_name,low,0.484848
2002,2000,HAMILTON,159 SATELLITE 3 TB,3500,003394,3.97e-06,forced_best_name,low,0.484848
2002,2000,HAMILTON,159 SATELLITE 3 TB,3500,003393,6e-08,forced_best_name,low,0.484848
2002,2000,HAMILTON,160 POSTAL,3344,003386,0.99999914,forced_best_name,low,0.631579
2002,2000,HAMILTON,160 POSTAL,3344,003413,6.4e-07,forced_best_name,low,0.631579
2002,2000,HAMILTON,160 POSTAL,3344,003432,2.2e-07,forced_best_name,low,0.631579
2002,2000,HAMILTON,160 POSTAL,3344,003422,0.0,forced_best_name,low,0.631579
2002,2000,HAMILTON,160 POSTAL,3344,003406,0.0,forced_best_name,low,0.631579
2002,2000,HANCOCK,1ST,3648,000001,0.99982256,exact_name,high,1.0
2002,2000,HANCOCK,1ST,3648,000002,0.00017642,exact_name,high,1.0
2002,2000,HANCOCK,1ST,3648,000007,1.02e-06,exact_name,high,1.0
2002,2000,HANCOCK,2ND,3652,000002,0.98810285,exact_name,high,1.0
2002,2000,HANCOCK,2ND,3652,000003,0.01185275,exact_name,high,1.0
2002,2000,HANCOCK,2ND,3652,000001,3.448e-05,exact_name,high,1.0
2002,2000,HANCOCK,2ND,3652,000006,9.17e-06,exact_name,high,1.0
2002,2000,HANCOCK,2ND,3652,000004,7.6e-07,exact_name,high,1.0
2002,2000,HANCOCK,2ND,3652,000007,0.0,exact_name,high,1.0
2002,2000,HANCOCK,3RD,3656,000003,0.99900561,exact_name,high,1.0
2002,2000,HANCOCK,3RD,3656,000006,0.00099428,exact_name,high,1.0
2002,2000,HANCOCK,3RD,3656,000002,5e-08,exact_name,high,1.0
2002,2000,HANCOCK,3RD,3656,000007,3e-08,exact_name,high,1.0
2002,2000,HANCOCK,3RD,3656,000004,2e-08,exact_name,high,1.0
2002,2000,HANCOCK,3RD,3656,000005,1e-08,exact_name,high,1.0
2002,2000,HANCOCK,4TH,3660,000004,0.99999754,exact_name,high,1.0
2002,2000,HANCOCK,4TH,3660,000002,2.43e-06,exact_name,high,1.0
2002,2000,HANCOCK,4TH,3660,000003,4e-08,exact_name,high,1.0
2002,2000,HANCOCK,5TH,3664,000005,0.99999992,exact_name,high,1.0
2002,2000,HANCOCK,5TH,3664,000003,8e-08,exact_name,high,1.0
2002,2000,HANCOCK,5TH,3664,000007,0.0,exact_name,high,1.0
2002,2000,HANCOCK,6TH,3668,000006,0.55456187,exact_name,high,1.0
2002,2000,HANCOCK,6TH,3668,000007,0.28981876,exact_name,high,1.0
2002,2000,HANCOCK,6TH,3668,000003,0.15561937,exact_name,high,1.0
2002,2000,HANCOCK,7TH,3672,000007,0.99999042,exact_name,high,1.0
2002,2000,HANCOCK,7TH,3672,000001,8.88e-06,exact_name,high,1.0
2002,2000,HANCOCK,7TH,3672,000005,7e-07,exact_name,high,1.0
2002,2000,HANCOCK,7TH,3672,000003,0.0,exact_name,high,1.0
2002,2000,HARDEMAN,BOLIVAR,3680,003601,0.99813564,exact_name,high,1.0
2002,2000,HARDEMAN,BOLIVAR,3680,003610,0.00142722,exact_name,high,1.0
2002,2000,HARDEMAN,BOLIVAR,3680,003604,0.00041677,exact_name,high,1.0
2002,2000,HARDEMAN,BOLIVAR,3680,003607,2.029e-05,exact_name,high,1.0
2002,2000,HARDEMAN,BOLIVAR,3680,003612,7e-08,exact_name,high,1.0
2002,2000,HARDEMAN,BOLIVAR,3680,003602,2e-08,exact_name,high,1.0
2002,2000,HARDEMAN,CAMPBELL CHAPEL,3704,003610,0.99393496,exact_name,high,1.0
2002,2000,HARDEMAN,CAMPBELL CHAPEL,3704,003601,0.00498093,exact_name,high,1.0
2002,2000,HARDEMAN,CAMPBELL CHAPEL,3704,003609,0.00054934,exact_name,high,1.0
2002,2000,HARDEMAN,CAMPBELL CHAPEL,3704,003605,0.00034387,exact_name,high,1.0
2002,2000,HARDEMAN,CAMPBELL CHAPEL,3704,003606,0.00019081,exact_name,high,1.0
2002,2000,HARDEMAN,CAMPBELL CHAPEL,3704,003607,8e-08,exact_name,high,1.0
2002,2000,HARDEMAN,GRAND JUNCTION,3684,003613,0.99764931,exact_name,high,1.0
2002,2000,HARDEMAN,GRAND JUNCTION,3684,003612,0.00235069,exact_name,high,1.0
2002,2000,HARDEMAN,GRAND JUNCTION,3684,003602,0.0,exact_name,high,1.0
2002,2000,HARDEMAN,HICKORY VALLEY,3688,003602,0.9851579,exact_name,high,1.0
2002,2000,HARDEMAN,HICKORY VALLEY,3688,003613,0.01484207,exact_name,high,1.0
2002,2000,HARDEMAN,HICKORY VALLEY,3688,003603,2e-08,exact_name,high,1.0
2002,2000,HARDEMAN,HICKORY VALLEY,3688,003604,0.0,exact_name,high,1.0
2002,2000,HARDEMAN,HICKORY VALLEY,3688,003601,0.0,exact_name,high,1.0
2002,2000,HARDEMAN,HORNSBY,3692,003609,0.99999624,exact_name,high,1.0
2002,2000,HARDEMAN,HORNSBY,3692,003607,3.42e-06,exact_name,high,1.0
2002,2000,HARDEMAN,HORNSBY,3692,003610,3.3e-07,exact_name,high,1.0
2002,2000,HARDEMAN,HORNSBY,3692,003606,1e-08,exact_name,high,1.0
2002,2000,HARDEMAN,LACY,3696,003606,0.98263879,exact_name,high,1.0
2002,2000,HARDEMAN,LACY,3696,003611,0.01733049,exact_name,high,1.0
2002,2000,HARDEMAN,LACY,3696,003610,2.529e-05,exact_name,high,1.0
2002,2000,HARDEMAN,LACY,3696,003605,5.42e-06,exact_name,high,1.0
2002,2000,HARDEMAN,LACY,3696,003609,1e-08,exact_name,high,1.0
2002,2000,HARDEMAN,MIDDLETON,3700,003605,0.99995945,exact_name,high,1.0
2002,2000,HARDEMAN,MIDDLETON,3700,003610,2.13e-05,exact_name,high,1.0
2002,2000,HARDEMAN,MIDDLETON,3700,003612,1.914e-05,exact_name,high,1.0
2002,2000,HARDEMAN,MIDDLETON,3700,003611,9e-08,exact_name,high,1.0
2002,2000,HARDEMAN,MIDDLETON,3700,003606,2e-08,exact_name,high,1.0
2002,2000,HARDEMAN,MIDDLETON,3700,003601,0.0,exact_name,high,1.0
2002,2000,HARDEMAN,POCAHONTAS,3708,003611,0.99998285,exact_name,high,1.0
2002,2000,HARDEMAN,POCAHONTAS,3708,003605,1.705e-05,exact_name,high,1.0
2002,2000,HARDEMAN,POCAHONTAS,3708,003606,1e-07,exact_name,high,1.0
2002,2000,HARDEMAN,SAULSBURY,3712,003612,0.84940983,exact_name,high,1.0
2002,2000,HARDEMAN,SAULSBURY,3712,003602,0.08001159,exact_name,high,1.0
2002,2000,HARDEMAN,SAULSBURY,3712,003605,0.05404393,exact_name,high,1.0
2002,2000,HARDEMAN,SAULSBURY,3712,003613,0.01653466,exact_name,high,1.0
2002,2000,HARDEMAN,SAULSBURY,3712,003601,0.0,exact_name,high,1.0
2002,2000,HARDEMAN,SILERTON,3716,003607,0.96945687,exact_name,high,1.0
2002,2000,HARDEMAN,SILERTON,3716,003609,0.03052961,exact_name,high,1.0
2002,2000,HARDEMAN,SILERTON,3716,003610,1.136e-05,exact_name,high,1.0
2002,2000,HARDEMAN,SILERTON,3716,003608,2.03e-06,exact_name,high,1.0
2002,2000,HARDEMAN,SILERTON,3716,003601,1.2e-07,exact_name,high,1.0
2002,2000,HARDEMAN,SILERTON,3716,003604,0.0,exact_name,high,1.0
2002,2000,HARDEMAN,TOONE,3720,003608,0.92218325,exact_name,high,1.0
2002,2000,HARDEMAN,TOONE,3720,003604,0.07781644,exact_name,high,1.0
2002,2000,HARDEMAN,TOONE,3720,003607,3.1e-07,exact_name,high,1.0
2002,2000,HARDEMAN,WEST BOLIVAR,3724,003604,0.91273651,exact_name,high,1.0
2002,2000,HARDEMAN,WEST BOLIVAR,3724,003602,0.08527127,exact_name,high,1.0
2002,2000,HARDEMAN,WEST BOLIVAR,3724,003601,0.00199221,exact_name,high,1.0
2002,2000,HARDEMAN,WEST BOLIVAR,3724,003607,1e-08,exact_name,high,1.0
2002,2000,HARDEMAN,WEST BOLIVAR,3724,003608,0.0,exact_name,high,1.0
2002,2000,HARDEMAN,WHITEVILLE,3728,003604,0.66348863,exact_name,high,1.0
2002,2000,HARDEMAN,WHITEVILLE,3728,003603,0.26071113,exact_name,high,1.0
2002,2000,HARDEMAN,WHITEVILLE,3728,003602,0.07468313,exact_name,high,1.0
2002,2000,HARDEMAN,WHITEVILLE,3728,003608,0.00111711,exact_name,high,1.0
2002,2000,HARDIN,01 ARMORY,3736,003702,0.78829164,code_token_name,high,0.993
2002,2000,HARDIN,01 ARMORY,3736,003703,0.16249947,code_token_name,high,0.993
2002,2000,HARDIN,01 ARMORY,3736,003704,0.03211541,code_token_name,high,0.993
2002,2000,HARDIN,01 ARMORY,3736,003707,0.01709318,code_token_name,high,0.993
2002,2000,HARDIN,01 ARMORY,3736,003701,2.9e-07,code_token_name,high,0.993
2002,2000,HARDIN,02 OLIVET,3784,003708,0.99999965,code_token_name,high,0.993
2002,2000,HARDIN,02 OLIVET,3784,003701,2.2e-07,code_token_name,high,0.993
2002,2000,HARDIN,02 OLIVET,3784,003715,8e-08,code_token_name,high,0.993
2002,2000,HARDIN,02 OLIVET,3784,003709,4e-08,code_token_name,high,0.993
2002,2000,HARDIN,02 OLIVET,3784,003713,0.0,code_token_name,high,0.993
2002,2000,HARDIN,02 OLIVET,3784,003716,0.0,code_token_name,high,0.993
2002,2000,HARDIN,02 OLIVET,3784,003710,0.0,code_token_name,high,0.993
2002,2000,HARDIN,02 OLIVET,3784,003703,0.0,code_token_name,high,0.993
2002,2000,HARDIN,02 OLIVET,3784,003714,0.0,code_token_name,high,0.993
2002,2000,HARDIN,03 NIXON,3760,003714,0.98886459,code_token_name,high,0.993
2002,2000,HARDIN,03 NIXON,3760,003713,0.01113541,code_token_name,high,0.993
2002,2000,HARDIN,03 NIXON,3760,003708,0.0,code_token_name,high,0.993
2002,2000,HARDIN,03 NIXON,3760,003715,0.0,code_token_name,high,0.993
2002,2000,HARDIN,04 WALKERS,3764,003710,0.89674759,code_token_name,high,0.993
2002,2000,HARDIN,04 WALKERS,3764,003717,0.10315515,code_token_name,high,0.993
2002,2000,HARDIN,04 WALKERS,3764,003705,5.751e-05,code_token_name,high,0.993
2002,2000,HARDIN,04 WALKERS,3764,003716,3.703e-05,code_token_name,high,0.993
2002,2000,HARDIN,04 WALKERS,3764,003703,2.72e-06,code_token_name,high,0.993
2002,2000,HARDIN,04 WALKERS,3764,003708,0.0,code_token_name,high,0.993
2002,2000,HARDIN,05 COUNCE,3772,003717,0.58336102,code_token_name,high,0.993
2002,2000,HARDIN,05 COUNCE,3772,003718,0.41663898,code_token_name,high,0.993
2002,2000,HARDIN,05 COUNCE,3772,003710,1e-08,code_token_name,high,0.993
2002,2000,HARDIN,05 COUNCE,3772,003705,0.0,code_token_name,high,0.993
2002,2000,HARDIN,06 SOUTHSIDE,3756,003706,0.83225405,code_token_name,high,0.993
2002,2000,HARDIN,06 SOUTHSIDE,3756,003712,0.10887065,code_token_name,high,0.993
2002,2000,HARDIN,06 SOUTHSIDE,3756,003711,0.05437813,code_token_name,high,0.993
2002,2000,HARDIN,06 SOUTHSIDE,3756,003705,0.00449717,code_token_name,high,0.993
2002,2000,HARDIN,06 SOUTHSIDE,3756,003718,0.0,code_token_name,high,0.993
2002,2000,HARDIN,07 SHILOH,3748,003702,0.52931265,code_token_name,high,0.993
2002,2000,HARDIN,07 SHILOH,3748,003709,0.47068707,code_token_name,high,0.993
2002,2000,HARDIN,07 SHILOH,3748,003701,1.6e-07,code_token_name,high,0.993
2002,2000,HARDIN,07 SHILOH,3748,003708,1e-07,code_token_name,high,0.993
2002,2000,HARDIN,07 SHILOH,3748,003707,2e-08,code_token_name,high,0.993
2002,2000,HARDIN,08 CRUMP,3788,003705,0.99963992,code_token_name,high,0.993
2002,2000,HARDIN,08 CRUMP,3788,003710,0.00026256,code_token_name,high,0.993
2002,2000,HARDIN,08 CRUMP,3788,003704,4.257e-05,code_token_name,high,0.993
2002,2000,HARDIN,08 CRUMP,3788,003712,3.779e-05,code_token_name,high,0.993
2002,2000,HARDIN,08 CRUMP,3788,003703,1.713e-05,code_token_name,high,0.993
2002,2000,HARDIN,08 CRUMP,3788,003706,3e-08,code_token_name,high,0.993
2002,2000,HARDIN,08 CRUMP,3788,003717,0.0,code_token_name,high,0.993
2002,2000,HARDIN,09 SALTILLO,3752,003703,0.99974634,code_token_name,high,0.993
2002,2000,HARDIN,09 SALTILLO,3752,003710,9.877e-05,code_token_name,high,0.993
2002,2000,HARDIN,09 SALTILLO,3752,003705,7.96e-05,code_token_name,high,0.993
2002,2000,HARDIN,09 SALTILLO,3752,003704,4.153e-05,code_token_name,high,0.993
2002,2000,HARDIN,09 SALTILLO,3752,003702,3.375e-05,code_token_name,high,0.993
2002,2000,HARDIN,09 SALTILLO,3752,003708,0.0,code_token_name,high,0.993
2002,2000,HARDIN,10 MORRIS CHAPEL,3744,003704,0.707992,code_token_name,high,0.993
2002,2000,HARDIN,10 MORRIS CHAPEL,3744,003705,0.28632731,code_token_name,high,0.993
2002,2000,HARDIN,10 MORRIS CHAPEL,3744,003702,0.00567855,code_token_name,high,0.993
2002,2000,HARDIN,10 MORRIS CHAPEL,3744,003712,1.53e-06,code_token_name,high,0.993
2002,2000,HARDIN,10 MORRIS CHAPEL,3744,003703,6.1e-07,code_token_name,high,0.993
2002,2000,HARDIN,11 CERRO GORDO,0011,0011,1.0,token_vtd,high,1.0
2002,2000,HARDIN,12 RHODES,0012,0012,1.0,token_vtd,high,1.0
2002,2000,HARDIN,13 OLIVE HILL,0013,0013,1.0,token_vtd,high,1.0
2002,2000,HARDIN,14 WHITES,0014,0014,1.0,token_vtd,high,1.0
2002,2000,HARDIN,15 WALNUT GROVE,3824,003715,0.9998533,tail_exact_name,medium,0.985
2002,2000,HARDIN,15 WALNUT GROVE,3824,003709,0.00014665,tail_exact_name,medium,0.985
2002,2000,HARDIN,15 WALNUT GROVE,3824,003708,4e-08,tail_exact_name,medium,0.985
2002,2000,HARDIN,15 WALNUT GROVE,3824,003714,0.0,tail_exact_name,medium,0.985
2002,2000,HARDIN,16 NORTH,3788,003705,0.99963992,tail_exact_name,medium,0.985
2002,2000,HARDIN,16 NORTH,3788,003710,0.00026256,tail_exact_name,medium,0.985
2002,2000,HARDIN,16 NORTH,3788,003704,4.257e-05,tail_exact_name,medium,0.985
2002,2000,HARDIN,16 NORTH,3788,003712,3.779e-05,tail_exact_name,medium,0.985
2002,2000,HARDIN,16 NORTH,3788,003703,1.713e-05,tail_exact_name,medium,0.985
2002,2000,HARDIN,16 NORTH,3788,003706,3e-08,tail_exact_name,medium,0.985
2002,2000,HARDIN,16 NORTH,3788,003717,0.0,tail_exact_name,medium,0.985
2002,2000,HARDIN,17 COURTHOUSE,3752,003703,0.99974634,tail_exact_name,medium,0.985
2002,2000,HARDIN,17 COURTHOUSE,3752,003710,9.877e-05,tail_exact_name,medium,0.985
2002,2000,HARDIN,17 COURTHOUSE,3752,003705,7.96e-05,tail_exact_name,medium,0.985
2002,2000,HARDIN,17 COURTHOUSE,3752,003704,4.153e-05,tail_exact_name,medium,0.985
2002,2000,HARDIN,17 COURTHOUSE,3752,003702,3.375e-05,tail_exact_name,medium,0.985
2002,2000,HARDIN,17 COURTHOUSE,3752,003708,0.0,tail_exact_name,medium,0.985
2002,2000,HARDIN,18 FAIRGROUND,3744,003704,0.707992,tail_exact_name,medium,0.985
2002,2000,HARDIN,18 FAIRGROUND,3744,003705,0.28632731,tail_exact_name,medium,0.985
2002,2000,HARDIN,18 FAIRGROUND,3744,003702,0.00567855,tail_exact_name,medium,0.985
2002,2000,HARDIN,18 FAIRGROUND,3744,003712,1.53e-06,tail_exact_name,medium,0.985
2002,2000,HARDIN,18 FAIRGROUND,3744,003703,6.1e-07,tail_exact_name,medium,0.985
2002,2000,HAWKINS,1 ARMORY,3849,003824,0.57658958,exact_name,high,1.0
2002,2000,HAWKINS,1 ARMORY,3849,003808,0.41255185,exact_name,high,1.0
2002,2000,HAWKINS,1 ARMORY,3849,003809,0.01085857,exact_name,high,1.0
2002,2000,HAWKINS,1 MOUNT CARMEL,3892,003809,0.98234799,exact_name,high,1.0
2002,2000,HAWKINS,1 MOUNT CARMEL,3892,003808,0.00749016,exact_name,high,1.0
2002,2000,HAWKINS,1 MOUNT CARMEL,3892,003805,0.00540477,exact_name,high,1.0
2002,2000,HAWKINS,1 MOUNT CARMEL,3892,003825,0.00281317,exact_name,high,1.0
2002,2000,HAWKINS,1 MOUNT CARMEL,3892,003803,0.00140943,exact_name,high,1.0
2002,2000,HAWKINS,1 MOUNT CARMEL,3892,003824,0.00053448,exact_name,high,1.0
2002,2000,HAWKINS,2 CHURCH HILL,3868,003825,0.97597806,exact_name,high,1.0
2002,2000,HAWKINS,2 CHURCH HILL,3868,003811,0.01923077,exact_name,high,1.0
2002,2000,HAWKINS,2 CHURCH HILL,3868,003808,0.00430569,exact_name,high,1.0
2002,2000,HAWKINS,2 CHURCH HILL,3868,003809,0.0004099,exact_name,high,1.0
2002,2000,HAWKINS,2 CHURCH HILL,3868,003826,7.543e-05,exact_name,high,1.0
2002,2000,HAWKINS,2 CHURCH HILL,3868,003803,1.6e-07,exact_name,high,1.0
2002,2000,HAWKINS,2 MCPHEETER S BEND,3884,003803,0.8237406,exact_name,high,1.0
2002,2000,HAWKINS,2 MCPHEETER S BEND,3884,003805,0.17243846,exact_name,high,1.0
2002,2000,HAWKINS,2 MCPHEETER S BEND,3884,003825,0.0037509,exact_name,high,1.0
2002,2000,HAWKINS,2 MCPHEETER S BEND,3884,003809,7.004e-05,exact_name,high,1.0
2002,2000,HAWKINS,2 MCPHEETER S BEND,3884,003826,0.0,exact_name,high,1.0
2002,2000,HAWKINS,2 MCPHEETER S BEND,3884,003802,0.0,exact_name,high,1.0
2002,2000,HAWKINS,3 CARTER S VALLEY,3856,003808,0.99330867,exact_name,high,1.0
2002,2000,HAWKINS,3 CARTER S VALLEY,3856,003809,0.00649983,exact_name,high,1.0
2002,2000,HAWKINS,3 CARTER S VALLEY,3856,003825,0.00017512,exact_name,high,1.0
2002,2000,HAWKINS,3 CARTER S VALLEY,3856,003811,1.637e-05,exact_name,high,1.0
2002,2000,HAWKINS,3 WALLACE,3920,003811,0.99672754,exact_name,high,1.0
2002,2000,HAWKINS,3 WALLACE,3920,003808,0.00278547,exact_name,high,1.0
2002,2000,HAWKINS,3 WALLACE,3920,003825,0.00048522,exact_name,high,1.0
2002,2000,HAWKINS,3 WALLACE,3920,003819,1.74e-06,exact_name,high,1.0
2002,2000,HAWKINS,3 WALLACE,3920,003826,2e-08,exact_name,high,1.0
2002,2000,HAWKINS,3 WATTERSON,3924,003819,0.84165155,exact_name,high,1.0
2002,2000,HAWKINS,3 WATTERSON,3924,003812,0.15807876,exact_name,high,1.0
2002,2000,HAWKINS,3 WATTERSON,3924,003811,0.00026969,exact_name,high,1.0
2002,2000,HAWKINS,3 WATTERSON,3924,003820,0.0,exact_name,high,1.0
2002,2000,HAWKINS,3 WATTERSON,3924,003818,0.0,exact_name,high,1.0
2002,2000,HAWKINS,4 DYKES,3876,003805,0.99915654,exact_name,high,1.0
2002,2000,HAWKINS,4 DYKES,3876,003806,0.00080805,exact_name,high,1.0
2002,2000,HAWKINS,4 DYKES,3876,003802,3.52e-05,exact_name,high,1.0
2002,2000,HAWKINS,4 DYKES,3876,003803,2e-07,exact_name,high,1.0
2002,2000,HAWKINS,4 KEPLAR,0009,0009,1.0,prefix_name,high,0.995
2002,2000,HAWKINS,4 ROGERSVILLE NO OUT,3860,003801,0.99984352,code_token_name,high,0.993
2002,2000,HAWKINS,4 ROGERSVILLE NO OUT,3860,003816,0.00015145,code_token_name,high,0.993
2002,2000,HAWKINS,4 ROGERSVILLE NO OUT,3860,003823,4.77e-06,code_token_name,high,0.993
2002,2000,HAWKINS,4 ROGERSVILLE NO OUT,3860,003802,2.7e-07,code_token_name,high,0.993
2002,2000,HAWKINS,4 ROGERSVILLE NO OUT,3860,003814,0.0,code_token_name,high,0.993
2002,2000,HAWKINS,4 SURGOINSVILLE,3912,003826,0.99948771,exact_name,high,1.0
2002,2000,HAWKINS,4 SURGOINSVILLE,3912,003814,0.00041816,exact_name,high,1.0
2002,2000,HAWKINS,4 SURGOINSVILLE,3912,003802,8.271e-05,exact_name,high,1.0
2002,2000,HAWKINS,4 SURGOINSVILLE,3912,003825,1.115e-05,exact_name,high,1.0
2002,2000,HAWKINS,4 SURGOINSVILLE,3912,003819,2.2e-07,exact_name,high,1.0
2002,2000,HAWKINS,4 SURGOINSVILLE,3912,003811,5e-08,exact_name,high,1.0
2002,2000,HAWKINS,4 SURGOINSVILLE,3912,003820,0.0,exact_name,high,1.0
2002,2000,HAWKINS,4 SURGOINSVILLE,3912,003803,0.0,exact_name,high,1.0
2002,2000,HAWKINS,4 UPPER BEECH,3916,003806,0.9986602,exact_name,high,1.0
2002,2000,HAWKINS,4 UPPER BEECH,3916,003805,0.00133975,exact_name,high,1.0
2002,2000,HAWKINS,4 UPPER BEECH,3916,003802,5e-08,exact_name,high,1.0
2002,2000,HAWKINS,5 ROGERSVILLE NO IN,3896,003814,0.95417526,code_token_name,high,0.993
2002,2000,HAWKINS,5 ROGERSVILLE NO IN,3896,003820,0.02644175,code_token_name,high,0.993
2002,2000,HAWKINS,5 ROGERSVILLE NO IN,3896,003813,0.01938299,code_token_name,high,0.993
2002,2000,HAWKINS,5 ROGERSVILLE SO IN,3896,003814,0.95417526,code_token_name,high,0.993
2002,2000,HAWKINS,5 ROGERSVILLE SO IN,3896,003820,0.02644175,code_token_name,high,0.993
2002,2000,HAWKINS,5 ROGERSVILLE SO IN,3896,003813,0.01938299,code_token_name,high,0.993
2002,2000,HAWKINS,5 ROGERSVILLE SO OUT,3896,003814,0.95417526,code_token_name,high,0.993
2002,2000,HAWKINS,5 ROGERSVILLE SO OUT,3896,003820,0.02644175,code_token_name,high,0.993
2002,2000,HAWKINS,5 ROGERSVILLE SO OUT,3896,003813,0.01938299,code_token_name,high,0.993
2002,2000,HAWKINS,6 ALUMWELL,3844,003812,0.9999215,exact_name,high,1.0
2002,2000,HAWKINS,6 ALUMWELL,3844,003820,7.798e-05,exact_name,high,1.0
2002,2000,HAWKINS,6 ALUMWELL,3844,003818,5.2e-07,exact_name,high,1.0
2002,2000,HAWKINS,6 ALUMWELL,3844,003819,1e-08,exact_name,high,1.0
2002,2000,HAWKINS,6 ALUMWELL,3844,003817,0.0,exact_name,high,1.0
2002,2000,HAWKINS,6 ALUMWELL,3844,003813,0.0,exact_name,high,1.0
2002,2000,HAWKINS,6 CHOPTACK,0006,0006,1.0,exact_name,high,1.0
2002,2000,HAWKINS,6 CLINCH,0008,0008,1.0,exact_name,high,1.0
2002,2000,HAWKINS,6 MOORESBURG,3888,003817,0.99355031,exact_name,high,1.0
2002,2000,HAWKINS,6 MOORESBURG,3888,003813,0.00634566,exact_name,high,1.0
2002,2000,HAWKINS,6 MOORESBURG,3888,003812,0.00010396,exact_name,high,1.0
2002,2000,HAWKINS,6 MOORESBURG,3888,003818,4e-08,exact_name,high,1.0
2002,2000,HAWKINS,6 MOORESBURG,3888,003816,3e-08,exact_name,high,1.0
2002,2000,HAWKINS,7 BULLS GAP,3852,003823,0.99974057,exact_name,high,1.0
2002,2000,HAWKINS,7 BULLS GAP,3852,003816,0.00025932,exact_name,high,1.0
2002,2000,HAWKINS,7 BULLS GAP,3852,003801,1.1e-07,exact_name,high,1.0
2002,2000,HAWKINS,7 CHEROKEE,0005,0005,1.0,exact_name,high,1.0
2002,2000,HAWKINS,7 ST CLAIR,3908,003816,0.97508179,exact_name,high,1.0
2002,2000,HAWKINS,7 ST CLAIR,3908,003801,0.02156296,exact_name,high,1.0
2002,2000,HAWKINS,7 ST CLAIR,3908,003823,0.00335524,exact_name,high,1.0
2002,2000,HAWKINS,7 ST CLAIR,3908,003817,2e-08,exact_name,high,1.0
2002,2000,HAWKINS,7 ST CLAIR,3908,003814,0.0,exact_name,high,1.0
2002,2000,HAWKINS,7 ST CLAIR,3908,003813,0.0,exact_name,high,1.0
2002,2000,HAYWOOD,01 CITY HALL,0001,0001,1.0,code_token_name,high,0.993
2002,2000,HAYWOOD,02 PARKS RECREAT,0002,0002,1.0,code_token_name,high,0.993
2002,2000,HAYWOOD,03 COURTHOUSE,0003,0003,1.0,code_token_name,high,0.993
2002,2000,HAYWOOD,03 EAST SIDE SCHOOL,0003,0003,1.0,code_token_name,high,0.993
2002,2000,HAYWOOD,04 COLLEGE HILL THEA,0004,0004,1.0,code_token_name,high,0.993
2002,2000,HAYWOOD,05 BELLE EAGLE,0005,0005,1.0,code_token_name,high,0.993
2002,2000,HAYWOOD,05 FORKED DEER,0005,0005,1.0,code_token_name,high,0.993
2002,2000,HAYWOOD,05 NUTBUSH,0005,0005,1.0,code_token_name,high,0.993
2002,2000,HAYWOOD,05 TIBBS,0005,0005,1.0,code_token_name,high,0.993
2002,2000,HAYWOOD,06 CITY FIRE DEPT,0006,0006,1.0,code_token_name,high,0.993
2002,2000,HAYWOOD,06 HOLLY GROVE,0006,0006,1.0,code_token_name,high,0.993
2002,2000,HAYWOOD,07 SUNNY HILL SCHOOL,0007,0007,1.0,code_token_name,high,0.993
2002,2000,HAYWOOD,07 UNION,0007,0007,1.0,code_token_name,high,0.993
2002,2000,HAYWOOD,08 DOUGLAS,0008,0008,1.0,code_token_name,high,0.993
2002,2000,HAYWOOD,08 KOKO,0008,0008,1.0,code_token_name,high,0.993
2002,2000,HAYWOOD,08 STANTON HEAD STRT,0008,0008,1.0,code_token_name,high,0.993
2002,2000,HAYWOOD,09 COLLEGE HILL CAFE,0009,0009,1.0,code_token_name,high,0.993
2002,2000,HAYWOOD,09 STANTON CITY HALL,0009,0009,1.0,code_token_name,high,0.993
2002,2000,HAYWOOD,09 WEST HAYWOOD C,0009,0009,1.0,code_token_name,high,0.993
2002,2000,HAYWOOD,10 HAYWOOD JUNIOR H,0011,0011,1.0,code_token_name,high,0.993
2002,2000,HAYWOOD,10 ST PETERS CHURCH,0011,0011,1.0,code_token_name,high,0.993
2002,2000,HENDERSON,BARGERTON,4004,004001,0.84756879,tail_exact_name,medium,0.985
2002,2000,HENDERSON,BARGERTON,4004,004003,0.11395295,tail_exact_name,medium,0.985
2002,2000,HENDERSON,BARGERTON,4004,004002,0.0384782,tail_exact_name,medium,0.985
2002,2000,HENDERSON,BARGERTON,4004,004004,4e-08,tail_exact_name,medium,0.985
2002,2000,HENDERSON,BARGERTON,4004,004005,1e-08,tail_exact_name,medium,0.985
2002,2000,HENDERSON,BARGERTON,4004,004011,0.0,tail_exact_name,medium,0.985
2002,2000,HENDERSON,BEAVER,4008,004002,0.9861508,tail_exact_name,medium,0.985
2002,2000,HENDERSON,BEAVER,4008,004011,0.01364523,tail_exact_name,medium,0.985
2002,2000,HENDERSON,BEAVER,4008,004006,0.00020389,tail_exact_name,medium,0.985
2002,2000,HENDERSON,BEAVER,4008,004001,7e-08,tail_exact_name,medium,0.985
2002,2000,HENDERSON,BEAVER,4008,004003,0.0,tail_exact_name,medium,0.985
2002,2000,HENDERSON,CHESTERFIELD,4016,004007,0.96856553,tail_exact_name,medium,0.985
2002,2000,HENDERSON,CHESTERFIELD,4016,004011,0.01779996,tail_exact_name,medium,0.985
2002,2000,HENDERSON,CHESTERFIELD,4016,004010,0.01350864,tail_exact_name,medium,0.985
2002,2000,HENDERSON,CHESTERFIELD,4016,004008,0.00012583,tail_exact_name,medium,0.985
2002,2000,HENDERSON,CHESTERFIELD,4016,004006,3e-08,tail_exact_name,medium,0.985
2002,2000,HENDERSON,CHESTERFIELD,4016,004014,2e-08,tail_exact_name,medium,0.985
2002,2000,HENDERSON,CHESTERFIELD,4016,004004,0.0,tail_exact_name,medium,0.985
2002,2000,HENDERSON,CHESTERFIELD,4016,004009,0.0,tail_exact_name,medium,0.985
2002,2000,HENDERSON,CHRISTIAN CHAPEL,4020,004012,0.99988553,tail_exact_name,medium,0.985
2002,2000,HENDERSON,CHRISTIAN CHAPEL,4020,004008,9.646e-05,tail_exact_name,medium,0.985
2002,2000,HENDERSON,CHRISTIAN CHAPEL,4020,004006,1.8e-05,tail_exact_name,medium,0.985
2002,2000,HENDERSON,CITY HALL,4024,004004,0.97562279,tail_exact_name,medium,0.985
2002,2000,HENDERSON,CITY HALL,4024,004010,0.02431612,tail_exact_name,medium,0.985
2002,2000,HENDERSON,CITY HALL,4024,004003,4.769e-05,tail_exact_name,medium,0.985
2002,2000,HENDERSON,CITY HALL,4024,004013,8.85e-06,tail_exact_name,medium,0.985
2002,2000,HENDERSON,CITY HALL,4024,004011,4.51e-06,tail_exact_name,medium,0.985
2002,2000,HENDERSON,CITY HALL,4024,004005,3e-08,tail_exact_name,medium,0.985
2002,2000,HENDERSON,CITY HALL,4024,004007,0.0,tail_exact_name,medium,0.985
2002,2000,HENDERSON,CIVIC CENTER,4028,004011,0.82822715,tail_exact_name,medium,0.985
2002,2000,HENDERSON,CIVIC CENTER,4028,004006,0.17171958,tail_exact_name,medium,0.985
2002,2000,HENDERSON,CIVIC CENTER,4028,004003,4.988e-05,tail_exact_name,medium,0.985
2002,2000,HENDERSON,CIVIC CENTER,4028,004004,3.36e-06,tail_exact_name,medium,0.985
2002,2000,HENDERSON,CIVIC CENTER,4028,004007,3e-08,tail_exact_name,medium,0.985
2002,2000,HENDERSON,DARDEN,4032,004008,0.99986272,tail_exact_name,medium,0.985
2002,2000,HENDERSON,DARDEN,4032,004012,7.906e-05,tail_exact_name,medium,0.985
2002,2000,HENDERSON,DARDEN,4032,004007,5.82e-05,tail_exact_name,medium,0.985
2002,2000,HENDERSON,DARDEN,4032,004014,2e-08,tail_exact_name,medium,0.985
2002,2000,HENDERSON,DARDEN,4032,004006,0.0,tail_exact_name,medium,0.985
2002,2000,HENDERSON,HIGH SCHOOL,4036,004003,0.99582195,tail_exact_name,medium,0.985
2002,2000,HENDERSON,HIGH SCHOOL,4036,004011,0.00307376,tail_exact_name,medium,0.985
2002,2000,HENDERSON,HIGH SCHOOL,4036,004004,0.00110429,tail_exact_name,medium,0.985
2002,2000,HENDERSON,MIDDLEBURG,4044,004014,0.99999976,tail_exact_name,medium,0.985
2002,2000,HENDERSON,MIDDLEBURG,4044,004008,2.3e-07,tail_exact_name,medium,0.985
2002,2000,HENDERSON,MIDDLEBURG,4044,004009,1e-08,tail_exact_name,medium,0.985
2002,2000,HENDERSON,MIDDLEBURG,4044,004007,0.0,tail_exact_name,medium,0.985
2002,2000,HENDERSON,OAK GROVE,4052,004006,0.99998447,tail_exact_name,medium,0.985
2002,2000,HENDERSON,OAK GROVE,4052,004002,1.546e-05,tail_exact_name,medium,0.985
2002,2000,HENDERSON,OAK GROVE,4052,004012,6e-08,tail_exact_name,medium,0.985
2002,2000,HENDERSON,OAK GROVE,4052,004011,1e-08,tail_exact_name,medium,0.985
2002,2000,HENDERSON,OAK GROVE,4052,004007,0.0,tail_exact_name,medium,0.985
2002,2000,HENDERSON,OAK GROVE,4052,004008,0.0,tail_exact_name,medium,0.985
2002,2000,HENDERSON,REAGAN,4056,004010,0.99999531,tail_exact_name,medium,0.985
2002,2000,HENDERSON,REAGAN,4056,004015,4.62e-06,tail_exact_name,medium,0.985
2002,2000,HENDERSON,REAGAN,4056,004004,5e-08,tail_exact_name,medium,0.985
2002,2000,HENDERSON,REAGAN,4056,004009,1e-08,tail_exact_name,medium,0.985
2002,2000,HENDERSON,REAGAN,4056,004007,0.0,tail_exact_name,medium,0.985
2002,2000,HENDERSON,SARDIS,4060,004015,0.99999562,tail_exact_name,medium,0.985
2002,2000,HENDERSON,SARDIS,4060,004009,4.32e-06,tail_exact_name,medium,0.985
2002,2000,HENDERSON,SARDIS,4060,004010,6e-08,tail_exact_name,medium,0.985
2002,2000,HENDERSON,SCOTTS HILL,4064,004009,0.9997967,tail_exact_name,medium,0.985
2002,2000,HENDERSON,SCOTTS HILL,4064,004014,0.0002028,tail_exact_name,medium,0.985
2002,2000,HENDERSON,SCOTTS HILL,4064,004015,4.5e-07,tail_exact_name,medium,0.985
2002,2000,HENDERSON,SCOTTS HILL,4064,004010,5e-08,tail_exact_name,medium,0.985
2002,2000,HENDERSON,SCOTTS HILL,4064,004007,0.0,tail_exact_name,medium,0.985
2002,2000,HENDERSON,SOUTH HAVEN,4072,004013,0.68764914,tail_exact_name,medium,0.985
2002,2000,HENDERSON,SOUTH HAVEN,4072,004004,0.16795341,tail_exact_name,medium,0.985
2002,2000,HENDERSON,SOUTH HAVEN,4072,004005,0.14439745,tail_exact_name,medium,0.985
2002,2000,HENDERSON,WESTOVER,4076,004005,0.99957359,tail_exact_name,medium,0.985
2002,2000,HENDERSON,WESTOVER,4076,004004,0.0004264,tail_exact_name,medium,0.985
2002,2000,HENDERSON,WESTOVER,4076,004001,2e-08,tail_exact_name,medium,0.985
2002,2000,HENDERSON,WESTOVER,4076,004003,0.0,tail_exact_name,medium,0.985
2002,2000,HENDERSON,ZABSENTEE,0006,0006,1.0,forced_best_name,low,0.4
2002,2000,HENDERSON,ZEARLY,4008,004002,0.9861508,forced_best_name,low,0.375
2002,2000,HENDERSON,ZEARLY,4008,004011,0.01364523,forced_best_name,low,0.375
2002,2000,HENDERSON,ZEARLY,4008,004006,0.00020389,forced_best_name,low,0.375
2002,2000,HENDERSON,ZEARLY,4008,004001,7e-08,forced_best_name,low,0.375
2002,2000,HENDERSON,ZEARLY,4008,004003,0.0,forced_best_name,low,0.375
2002,2000,HENRY,1 1 PURYEAR,4128,004101,0.99999997,exact_name,high,1.0
2002,2000,HENRY,1 1 PURYEAR,4128,004106,1e-08,exact_name,high,1.0
2002,2000,HENRY,1 1 PURYEAR,4128,004107,1e-08,exact_name,high,1.0
2002,2000,HENRY,1 1 PURYEAR,4128,004104,0.0,exact_name,high,1.0
2002,2000,HENRY,1 2 COTTAGE GROVE,4096,004106,0.99999999,exact_name,high,1.0
2002,2000,HENRY,1 2 COTTAGE GROVE,4096,004101,1e-08,exact_name,high,1.0
2002,2000,HENRY,1 2 COTTAGE GROVE,4096,004108,0.0,exact_name,high,1.0
2002,2000,HENRY,1 3 BUCHANAN,4088,004107,0.9616618,exact_name,high,1.0
2002,2000,HENRY,1 3 BUCHANAN,4088,004112,0.0383382,exact_name,high,1.0
2002,2000,HENRY,1 3 BUCHANAN,4088,004101,0.0,exact_name,high,1.0
2002,2000,HENRY,1 3 BUCHANAN,4088,004103,0.0,exact_name,high,1.0
2002,2000,HENRY,2 1 HENRY,4104,004108,0.96643898,exact_name,high,1.0
2002,2000,HENRY,2 1 HENRY,4104,004106,0.03155249,exact_name,high,1.0
2002,2000,HENRY,2 1 HENRY,4104,004102,0.00200853,exact_name,high,1.0
2002,2000,HENRY,2 2 MANSFIELD,4104,004108,0.96643898,code_token_name,high,0.993
2002,2000,HENRY,2 2 MANSFIELD,4104,004106,0.03155249,code_token_name,high,0.993
2002,2000,HENRY,2 2 MANSFIELD,4104,004102,0.00200853,code_token_name,high,0.993
2002,2000,HENRY,2 3 OAKLAND,4104,004108,0.96643898,code_token_name,high,0.993
2002,2000,HENRY,2 3 OAKLAND,4104,004106,0.03155249,code_token_name,high,0.993
2002,2000,HENRY,2 3 OAKLAND,4104,004102,0.00200853,code_token_name,high,0.993
2002,2000,HENRY,3 1 RUSSWOOD,4116,004112,0.99999974,exact_name,high,1.0
2002,2000,HENRY,3 1 RUSSWOOD,4116,004103,2.6e-07,exact_name,high,1.0
2002,2000,HENRY,3 1 RUSSWOOD,4116,004107,0.0,exact_name,high,1.0
2002,2000,HENRY,3 2 LAKEWOOD,4116,004112,0.99999974,code_token_name,high,0.993
2002,2000,HENRY,3 2 LAKEWOOD,4116,004103,2.6e-07,code_token_name,high,0.993
2002,2000,HENRY,3 2 LAKEWOOD,4116,004107,0.0,code_token_name,high,0.993
2002,2000,HENRY,3 3 SPRINGVILLE,4132,004111,0.71693241,exact_name,high,1.0
2002,2000,HENRY,3 3 SPRINGVILLE,4132,004103,0.2467986,exact_name,high,1.0
2002,2000,HENRY,3 3 SPRINGVILLE,4132,004113,0.03626899,exact_name,high,1.0
2002,2000,HENRY,3 3 SPRINGVILLE,4132,004112,0.0,exact_name,high,1.0
2002,2000,HENRY,4 1 CITY HALL,4092,004104,0.5049411,code_token_name,high,0.993
2002,2000,HENRY,4 1 CITY HALL,4092,004107,0.19999307,code_token_name,high,0.993
2002,2000,HENRY,4 1 CITY HALL,4092,004101,0.15705702,code_token_name,high,0.993
2002,2000,HENRY,4 1 CITY HALL,4092,004105,0.11449703,code_token_name,high,0.993
2002,2000,HENRY,4 1 CITY HALL,4092,004110,0.01193851,code_token_name,high,0.993
2002,2000,HENRY,4 1 CITY HALL,4092,004103,0.01157327,code_token_name,high,0.993
2002,2000,HENRY,4 1 CITY HALL,4092,004106,0.0,code_token_name,high,0.993
2002,2000,HENRY,4 2 GROVE,4092,004104,0.5049411,code_token_name,high,0.993
2002,2000,HENRY,4 2 GROVE,4092,004107,0.19999307,code_token_name,high,0.993
2002,2000,HENRY,4 2 GROVE,4092,004101,0.15705702,code_token_name,high,0.993
2002,2000,HENRY,4 2 GROVE,4092,004105,0.11449703,code_token_name,high,0.993
2002,2000,HENRY,4 2 GROVE,4092,004110,0.01193851,code_token_name,high,0.993
2002,2000,HENRY,4 2 GROVE,4092,004103,0.01157327,code_token_name,high,0.993
2002,2000,HENRY,4 2 GROVE,4092,004106,0.0,code_token_name,high,0.993
2002,2000,HENRY,5 1 HENRY CO HIGH,4084,004104,0.47829472,code_token_name,high,0.993
2002,2000,HENRY,5 1 HENRY CO HIGH,4084,004105,0.4241356,code_token_name,high,0.993
2002,2000,HENRY,5 1 HENRY CO HIGH,4084,004109,0.05618232,code_token_name,high,0.993
2002,2000,HENRY,5 1 HENRY CO HIGH,4084,004110,0.04138736,code_token_name,high,0.993
2002,2000,HENRY,5 2 VOCATIONAL SCH,4084,004104,0.47829472,code_token_name,high,0.993
2002,2000,HENRY,5 2 VOCATIONAL SCH,4084,004105,0.4241356,code_token_name,high,0.993
2002,2000,HENRY,5 2 VOCATIONAL SCH,4084,004109,0.05618232,code_token_name,high,0.993
2002,2000,HENRY,5 2 VOCATIONAL SCH,4084,004110,0.04138736,code_token_name,high,0.993
2002,2000,HICKMAN,01 1 ONLY,4157,004212,0.99999989,exact_name,high,1.0
2002,2000,HICKMAN,01 1 ONLY,4157,004214,1.1e-07,exact_name,high,1.0
2002,2000,HICKMAN,01 1 ONLY,4157,004213,0.0,exact_name,high,1.0
2002,2000,HICKMAN,01 2 NUNNELLY,4156,004212,0.52255831,prefix_name,high,0.995
2002,2000,HICKMAN,01 2 NUNNELLY,4156,004213,0.46513237,prefix_name,high,0.995
2002,2000,HICKMAN,01 2 NUNNELLY,4156,004209,0.01230326,prefix_name,high,0.995
2002,2000,HICKMAN,01 2 NUNNELLY,4156,004205,6.06e-06,prefix_name,high,0.995
2002,2000,HICKMAN,01 3 PINEWOOD,4156,004212,0.52255831,code_token_name,high,0.993
2002,2000,HICKMAN,01 3 PINEWOOD,4156,004213,0.46513237,code_token_name,high,0.993
2002,2000,HICKMAN,01 3 PINEWOOD,4156,004209,0.01230326,code_token_name,high,0.993
2002,2000,HICKMAN,01 3 PINEWOOD,4156,004205,6.06e-06,code_token_name,high,0.993
2002,2000,HICKMAN,02 1 PINEWOOD,4160,004212,0.67479071,code_token_name,high,0.993
2002,2000,HICKMAN,02 1 PINEWOOD,4160,004205,0.22979925,code_token_name,high,0.993
2002,2000,HICKMAN,02 1 PINEWOOD,4160,004201,0.09110238,code_token_name,high,0.993
2002,2000,HICKMAN,02 1 PINEWOOD,4160,004209,0.00430764,code_token_name,high,0.993
2002,2000,HICKMAN,02 1 PINEWOOD,4160,004213,3e-08,code_token_name,high,0.993
2002,2000,HICKMAN,02 1 PINEWOOD,4160,004204,0.0,code_token_name,high,0.993
2002,2000,HICKMAN,02 1 PINEWOOD,4160,004207,0.0,code_token_name,high,0.993
2002,2000,HICKMAN,02 2 FAIRFIELD,0003,0003,1.0,exact_name,high,1.0
2002,2000,HICKMAN,02 3 EAST BANK,0004,0004,1.0,exact_name,high,1.0
2002,2000,HICKMAN,03 1 EAST ELEMENTARY,4172,004202,0.96960994,code_token_name,high,0.993
2002,2000,HICKMAN,03 1 EAST ELEMENTARY,4172,004201,0.01982655,code_token_name,high,0.993
2002,2000,HICKMAN,03 1 EAST ELEMENTARY,4172,004204,0.01053065,code_token_name,high,0.993
2002,2000,HICKMAN,03 1 EAST ELEMENTARY,4172,004203,3.286e-05,code_token_name,high,0.993
2002,2000,HICKMAN,04 1 FOX HUNTERS,4176,004203,0.9128411,exact_name,high,1.0
2002,2000,HICKMAN,04 1 FOX HUNTERS,4176,004204,0.08715875,exact_name,high,1.0
2002,2000,HICKMAN,04 1 FOX HUNTERS,4176,004202,1.5e-07,exact_name,high,1.0
2002,2000,HICKMAN,04 1 FOX HUNTERS,4176,004206,0.0,exact_name,high,1.0
2002,2000,HICKMAN,05 1 MT PLEASANT,0007,0007,1.0,exact_name,high,1.0
2002,2000,HICKMAN,05 2 MIDDLE SCHOOL,4181,004207,0.98904646,exact_name,high,1.0
2002,2000,HICKMAN,05 2 MIDDLE SCHOOL,4181,004209,0.01078837,exact_name,high,1.0
2002,2000,HICKMAN,05 2 MIDDLE SCHOOL,4181,004205,0.00015967,exact_name,high,1.0
2002,2000,HICKMAN,05 2 MIDDLE SCHOOL,4181,004206,5.49e-06,exact_name,high,1.0
2002,2000,HICKMAN,05 2 MIDDLE SCHOOL,4181,004208,0.0,exact_name,high,1.0
2002,2000,HICKMAN,05 2 MIDDLE SCHOOL,4181,004204,0.0,exact_name,high,1.0
2002,2000,HICKMAN,05 3 SHADY GROVE,0009,0009,1.0,exact_name,high,1.0
2002,2000,HICKMAN,05 4 ARMORY,4180,004204,0.51894546,code_token_name,high,0.993
2002,2000,HICKMAN,05 4 ARMORY,4180,004205,0.47947512,code_token_name,high,0.993
2002,2000,HICKMAN,05 4 ARMORY,4180,004207,0.00154214,code_token_name,high,0.993
2002,2000,HICKMAN,05 4 ARMORY,4180,004206,3.728e-05,code_token_name,high,0.993
2002,2000,HICKMAN,05 4 ARMORY,4180,004202,0.0,code_token_name,high,0.993
2002,2000,HICKMAN,06 1 SENIOR HIGH,4184,004209,0.94641975,exact_name,high,1.0
2002,2000,HICKMAN,06 1 SENIOR HIGH,4184,004213,0.03120741,exact_name,high,1.0
2002,2000,HICKMAN,06 1 SENIOR HIGH,4184,004207,0.02154989,exact_name,high,1.0
2002,2000,HICKMAN,06 1 SENIOR HIGH,4184,004205,0.00082295,exact_name,high,1.0
2002,2000,HICKMAN,06 2 CENTERVILLE ELE,4184,004209,0.94641975,code_token_name,high,0.993
2002,2000,HICKMAN,06 2 CENTERVILLE ELE,4184,004213,0.03120741,code_token_name,high,0.993
2002,2000,HICKMAN,06 2 CENTERVILLE ELE,4184,004207,0.02154989,code_token_name,high,0.993
2002,2000,HICKMAN,06 2 CENTERVILLE ELE,4184,004205,0.00082295,code_token_name,high,0.993
2002,2000,HICKMAN,07 1 COBLE,4188,004209,0.90486648,code_token_name,high,0.993
2002,2000,HICKMAN,07 1 COBLE,4188,004213,0.06945042,code_token_name,high,0.993
2002,2000,HICKMAN,07 1 COBLE,4188,004210,0.02305759,code_token_name,high,0.993
2002,2000,HICKMAN,07 1 COBLE,4188,004207,0.00262551,code_token_name,high,0.993
2002,2000,HICKMAN,07 2 PLEASANTVILLE,0012,0012,1.0,exact_name,high,1.0
2002,2000,HICKMAN,07 3 BRUSHY,0013,0013,1.0,exact_name,high,1.0
2002,2000,HICKMAN,07 4 ARMORY,4188,004209,0.90486648,code_token_name,high,0.993
2002,2000,HICKMAN,07 4 ARMORY,4188,004213,0.06945042,code_token_name,high,0.993
2002,2000,HICKMAN,07 4 ARMORY,4188,004210,0.02305759,code_token_name,high,0.993
2002,2000,HICKMAN,07 4 ARMORY,4188,004207,0.00262551,code_token_name,high,0.993
2002,2000,HOUSTON,1 STEWART,0001,0001,1.0,token_vtd,high,1.0
2002,2000,HOUSTON,2 TENN RIDGE,0002,0002,1.0,token_vtd,high,1.0
2002,2000,HOUSTON,3 ERIN CITY HALL,0003,0003,1.0,token_vtd,high,1.0
2002,2000,HOUSTON,4 ARLINGTON,0004,0004,1.0,token_vtd,high,1.0
2002,2000,HOUSTON,5 ERIN ELEMENTARY,0005,0005,1.0,exact_name,high,1.0
2002,2000,HOUSTON,6 HOUSTON MIDDLE,0006,0006,1.0,token_vtd,high,1.0
2002,2000,HUMPHREYS,1 1 CITY HALL,4240,004408,0.86495733,code_token_name,high,0.993
2002,2000,HUMPHREYS,1 1 CITY HALL,4240,004402,0.09554326,code_token_name,high,0.993
2002,2000,HUMPHREYS,1 1 CITY HALL,4240,004404,0.03949942,code_token_name,high,0.993
2002,2000,HUMPHREYS,1 2 ARMORY,4240,004408,0.86495733,code_token_name,high,0.993
2002,2000,HUMPHREYS,1 2 ARMORY,4240,004402,0.09554326,code_token_name,high,0.993
2002,2000,HUMPHREYS,1 2 ARMORY,4240,004404,0.03949942,code_token_name,high,0.993
2002,2000,HUMPHREYS,2 3 JUNIOR HIGH SCH,4256,004401,0.99717453,code_token_name,high,0.993
2002,2000,HUMPHREYS,2 3 JUNIOR HIGH SCH,4256,004403,0.00282532,code_token_name,high,0.993
2002,2000,HUMPHREYS,2 3 JUNIOR HIGH SCH,4256,004404,1.6e-07,code_token_name,high,0.993
2002,2000,HUMPHREYS,3 4 COURTHOUSE,4260,004403,0.84458424,code_token_name,high,0.993
2002,2000,HUMPHREYS,3 4 COURTHOUSE,4260,004404,0.12250427,code_token_name,high,0.993
2002,2000,HUMPHREYS,3 4 COURTHOUSE,4260,004402,0.01802501,code_token_name,high,0.993
2002,2000,HUMPHREYS,3 4 COURTHOUSE,4260,004405,0.00841348,code_token_name,high,0.993
2002,2000,HUMPHREYS,3 4 COURTHOUSE,4260,004401,0.00647301,code_token_name,high,0.993
2002,2000,HUMPHREYS,4 5 LAKEVIEW,4264,004402,0.876555,code_token_name,high,0.993
2002,2000,HUMPHREYS,4 5 LAKEVIEW,4264,004408,0.123445,code_token_name,high,0.993
2002,2000,HUMPHREYS,5 6 AG CENTER,4276,004405,0.85049715,code_token_name,high,0.993
2002,2000,HUMPHREYS,5 6 AG CENTER,4276,004403,0.14931081,code_token_name,high,0.993
2002,2000,HUMPHREYS,5 6 AG CENTER,4276,004402,0.00019197,code_token_name,high,0.993
2002,2000,HUMPHREYS,5 6 AG CENTER,4276,004401,7e-08,code_token_name,high,0.993
2002,2000,HUMPHREYS,5 6 AG CENTER,4276,004406,0.0,code_token_name,high,0.993
2002,2000,HUMPHREYS,5 7 BUFFALO,4276,004405,0.85049715,code_token_name,high,0.993
2002,2000,HUMPHREYS,5 7 BUFFALO,4276,004403,0.14931081,code_token_name,high,0.993
2002,2000,HUMPHREYS,5 7 BUFFALO,4276,004402,0.00019197,code_token_name,high,0.993
2002,2000,HUMPHREYS,5 7 BUFFALO,4276,004401,7e-08,code_token_name,high,0.993
2002,2000,HUMPHREYS,5 7 BUFFALO,4276,004406,0.0,code_token_name,high,0.993
2002,2000,HUMPHREYS,6 8 SOUTH MCEWEN,0007,0007,1.0,exact_name,high,1.0
2002,2000,HUMPHREYS,7 9 NORTH MCEWEN,0008,0008,1.0,exact_name,high,1.0
2002,2000,JACKSON,1 1,4310,004507,0.99664079,exact_name,high,1.0
2002,2000,JACKSON,1 1,4310,004508,0.00299449,exact_name,high,1.0
2002,2000,JACKSON,1 1,4310,004509,0.00036451,exact_name,high,1.0
2002,2000,JACKSON,1 1,4310,004504,2.1e-07,exact_name,high,1.0
2002,2000,JACKSON,1 2,4311,004508,0.9590329,exact_name,high,1.0
2002,2000,JACKSON,1 2,4311,004507,0.03103556,exact_name,high,1.0
2002,2000,JACKSON,1 2,4311,004501,0.00993153,exact_name,high,1.0
2002,2000,JACKSON,1 3,4312,004507,0.99608033,exact_name,high,1.0
2002,2000,JACKSON,1 3,4312,004501,0.00226569,exact_name,high,1.0
2002,2000,JACKSON,1 3,4312,004508,0.00165398,exact_name,high,1.0
2002,2000,JACKSON,1 3,4312,004503,0.0,exact_name,high,1.0
2002,2000,JACKSON,2 1,4322,004509,0.95846875,exact_name,high,1.0
2002,2000,JACKSON,2 1,4322,004507,0.04144987,exact_name,high,1.0
2002,2000,JACKSON,2 1,4322,004508,7.785e-05,exact_name,high,1.0
2002,2000,JACKSON,2 1,4322,004502,3.52e-06,exact_name,high,1.0
2002,2000,JACKSON,2 1,4322,004510,1e-08,exact_name,high,1.0
2002,2000,JACKSON,2 1,4322,004504,0.0,exact_name,high,1.0
2002,2000,JACKSON,2 2,4318,004502,0.99342817,exact_name,high,1.0
2002,2000,JACKSON,2 2,4318,004508,0.00651491,exact_name,high,1.0
2002,2000,JACKSON,2 2,4318,004507,5.675e-05,exact_name,high,1.0
2002,2000,JACKSON,2 2,4318,004509,1.7e-07,exact_name,high,1.0
2002,2000,JACKSON,2 2,4318,004501,1e-08,exact_name,high,1.0
2002,2000,JACKSON,3 1,4326,004504,0.75266177,exact_name,high,1.0
2002,2000,JACKSON,3 1,4326,004507,0.24731573,exact_name,high,1.0
2002,2000,JACKSON,3 1,4326,004511,2.225e-05,exact_name,high,1.0
2002,2000,JACKSON,3 1,4326,004506,2.3e-07,exact_name,high,1.0
2002,2000,JACKSON,3 1,4326,004510,1e-08,exact_name,high,1.0
2002,2000,JACKSON,3 1,4326,004509,0.0,exact_name,high,1.0
2002,2000,JACKSON,3 1,4326,004512,0.0,exact_name,high,1.0
2002,2000,JACKSON,3 2,4330,004510,0.99996645,exact_name,high,1.0
2002,2000,JACKSON,3 2,4330,004512,3.348e-05,exact_name,high,1.0
2002,2000,JACKSON,3 2,4330,004509,7e-08,exact_name,high,1.0
2002,2000,JACKSON,3 2,4330,004504,0.0,exact_name,high,1.0
2002,2000,JACKSON,4 1,4338,004511,0.99999566,exact_name,high,1.0
2002,2000,JACKSON,4 1,4338,004504,4.34e-06,exact_name,high,1.0
2002,2000,JACKSON,4 1,4338,004512,0.0,exact_name,high,1.0
2002,2000,JACKSON,4 1,4338,004506,0.0,exact_name,high,1.0
2002,2000,JACKSON,4 2,4342,004512,0.99999968,exact_name,high,1.0
2002,2000,JACKSON,4 2,4342,004510,2.7e-07,exact_name,high,1.0
2002,2000,JACKSON,4 2,4342,004511,5e-08,exact_name,high,1.0
2002,2000,JACKSON,4 2,4342,004504,0.0,exact_name,high,1.0
2002,2000,JACKSON,4 3,4334,004511,0.51526485,exact_name,high,1.0
2002,2000,JACKSON,4 3,4334,004505,0.48473515,exact_name,high,1.0
2002,2000,JACKSON,4 3,4334,004506,0.0,exact_name,high,1.0
2002,2000,JACKSON,5 1,4350,004506,0.73107125,exact_name,high,1.0
2002,2000,JACKSON,5 1,4350,004507,0.26843181,exact_name,high,1.0
2002,2000,JACKSON,5 1,4350,004508,0.00049682,exact_name,high,1.0
2002,2000,JACKSON,5 1,4350,004505,1e-07,exact_name,high,1.0
2002,2000,JACKSON,5 1,4350,004503,2e-08,exact_name,high,1.0
2002,2000,JACKSON,5 2,4354,004506,0.99996183,exact_name,high,1.0
2002,2000,JACKSON,5 2,4354,004505,2.082e-05,exact_name,high,1.0
2002,2000,JACKSON,5 2,4354,004504,1.735e-05,exact_name,high,1.0
2002,2000,JACKSON,5 3,4346,004505,0.99908003,exact_name,high,1.0
2002,2000,JACKSON,5 3,4346,004503,0.00090764,exact_name,high,1.0
2002,2000,JACKSON,5 3,4346,004506,1.233e-05,exact_name,high,1.0
2002,2000,JACKSON,5 3,4346,004511,0.0,exact_name,high,1.0
2002,2000,JACKSON,6 1,4370,004501,1.0,exact_name,high,1.0
2002,2000,JACKSON,6 1,4370,004503,0.0,exact_name,high,1.0
2002,2000,JACKSON,6 1,4370,004502,0.0,exact_name,high,1.0
2002,2000,JACKSON,6 2,4366,004501,0.99999995,exact_name,high,1.0
2002,2000,JACKSON,6 2,4366,004503,5e-08,exact_name,high,1.0
2002,2000,JACKSON,6 3,4362,004503,0.99999992,exact_name,high,1.0
2002,2000,JACKSON,6 3,4362,004501,5e-08,exact_name,high,1.0
2002,2000,JACKSON,6 3,4362,004506,3e-08,exact_name,high,1.0
2002,2000,JACKSON,6 3,4362,004507,0.0,exact_name,high,1.0
2002,2000,JACKSON,6 4,4358,004503,0.99999993,exact_name,high,1.0
2002,2000,JACKSON,6 4,4358,004505,6e-08,exact_name,high,1.0
2002,2000,JACKSON,6 4,4358,004506,2e-08,exact_name,high,1.0
2002,2000,JACKSON,6 4,4358,004501,0.0,exact_name,high,1.0
2002,2000,JEFFERSON,01 DANDRIDGE ELEM,4408,004604,0.83050636,code_token_name,high,0.993
2002,2000,JEFFERSON,01 DANDRIDGE ELEM,4408,004606,0.10211816,code_token_name,high,0.993
2002,2000,JEFFERSON,01 DANDRIDGE ELEM,4408,004603,0.06737125,code_token_name,high,0.993
2002,2000,JEFFERSON,01 DANDRIDGE ELEM,4408,004610,2.7e-06,code_token_name,high,0.993
2002,2000,JEFFERSON,01 DANDRIDGE ELEM,4408,004601,1.48e-06,code_token_name,high,0.993
2002,2000,JEFFERSON,01 DANDRIDGE ELEM,4408,004611,5e-08,code_token_name,high,0.993
2002,2000,JEFFERSON,01 DANDRIDGE ELEM,4408,004609,0.0,code_token_name,high,0.993
2002,2000,JEFFERSON,02 PIEDMONT,4424,004601,0.68182461,exact_name,high,1.0
2002,2000,JEFFERSON,02 PIEDMONT,4424,004608,0.20741162,exact_name,high,1.0
2002,2000,JEFFERSON,02 PIEDMONT,4424,004606,0.11070086,exact_name,high,1.0
2002,2000,JEFFERSON,02 PIEDMONT,4424,004607,6.284e-05,exact_name,high,1.0
2002,2000,JEFFERSON,02 PIEDMONT,4424,004604,6e-08,exact_name,high,1.0
2002,2000,JEFFERSON,02 PIEDMONT,4424,004609,0.0,exact_name,high,1.0
2002,2000,JEFFERSON,03 WHITE PINE SCHOO,4436,004603,0.9999999,code_token_name,high,0.993
2002,2000,JEFFERSON,03 WHITE PINE SCHOO,4436,004610,6e-08,code_token_name,high,0.993
2002,2000,JEFFERSON,03 WHITE PINE SCHOO,4436,004611,4e-08,code_token_name,high,0.993
2002,2000,JEFFERSON,03 WHITE PINE SCHOO,4436,004604,0.0,code_token_name,high,0.993
2002,2000,JEFFERSON,04 JEFFERSON ELEM,4412,004602,0.97503137,code_token_name,high,0.993
2002,2000,JEFFERSON,04 JEFFERSON ELEM,4412,004605,0.0249686,code_token_name,high,0.993
2002,2000,JEFFERSON,04 JEFFERSON ELEM,4412,004608,3e-08,code_token_name,high,0.993
2002,2000,JEFFERSON,05 JEFFERSON MIDDLE,4416,004606,0.77929922,exact_name,high,1.0
2002,2000,JEFFERSON,05 JEFFERSON MIDDLE,4416,004602,0.20624428,exact_name,high,1.0
2002,2000,JEFFERSON,05 JEFFERSON MIDDLE,4416,004605,0.01445619,exact_name,high,1.0
2002,2000,JEFFERSON,05 JEFFERSON MIDDLE,4416,004608,1.7e-07,exact_name,high,1.0
2002,2000,JEFFERSON,05 JEFFERSON MIDDLE,4416,004610,1.3e-07,exact_name,high,1.0
2002,2000,JEFFERSON,05 JEFFERSON MIDDLE,4416,004601,0.0,exact_name,high,1.0
2002,2000,JEFFERSON,06 RUSH STRONG SCH,4428,004607,0.99995506,code_token_name,high,0.993
2002,2000,JEFFERSON,06 RUSH STRONG SCH,4428,004608,4.494e-05,code_token_name,high,0.993
2002,2000,JEFFERSON,07 NEW MARKET SCHO,4420,004608,0.97709675,code_token_name,high,0.993
2002,2000,JEFFERSON,07 NEW MARKET SCHO,4420,004606,0.02143165,code_token_name,high,0.993
2002,2000,JEFFERSON,07 NEW MARKET SCHO,4420,004607,0.00147127,code_token_name,high,0.993
2002,2000,JEFFERSON,07 NEW MARKET SCHO,4420,004602,3.2e-07,code_token_name,high,0.993
2002,2000,JEFFERSON,08 CHESTNUT HILL SCH,4400,004609,0.98200598,code_token_name,high,0.993
2002,2000,JEFFERSON,08 CHESTNUT HILL SCH,4400,004611,0.01799402,code_token_name,high,0.993
2002,2000,JEFFERSON,08 CHESTNUT HILL SCH,4400,004601,0.0,code_token_name,high,0.993
2002,2000,JEFFERSON,08 CHESTNUT HILL SCH,4400,004604,0.0,code_token_name,high,0.993
2002,2000,JEFFERSON,08 OLD SWANNSYLVANI,4400,004609,0.98200598,code_token_name,high,0.993
2002,2000,JEFFERSON,08 OLD SWANNSYLVANI,4400,004611,0.01799402,code_token_name,high,0.993
2002,2000,JEFFERSON,08 OLD SWANNSYLVANI,4400,004601,0.0,code_token_name,high,0.993
2002,2000,JEFFERSON,08 OLD SWANNSYLVANI,4400,004604,0.0,code_token_name,high,0.993
2002,2000,JEFFERSON,09 TALBOTT SCHOOL,4432,004610,0.99999484,exact_name,high,1.0
2002,2000,JEFFERSON,09 TALBOTT SCHOOL,4432,004604,1.85e-06,exact_name,high,1.0
2002,2000,JEFFERSON,09 TALBOTT SCHOOL,4432,004603,1.79e-06,exact_name,high,1.0
2002,2000,JEFFERSON,09 TALBOTT SCHOOL,4432,004606,1.5e-06,exact_name,high,1.0
2002,2000,JEFFERSON,09 TALBOTT SCHOOL,4432,004605,2e-08,exact_name,high,1.0
2002,2000,JEFFERSON,09 TALBOTT SCHOOL,4432,004602,0.0,exact_name,high,1.0
2002,2000,JEFFERSON,10 JEFFERSON CITY,4404,004605,0.95759633,prefix_name,high,0.995
2002,2000,JEFFERSON,10 JEFFERSON CITY,4404,004610,0.04240362,prefix_name,high,0.995
2002,2000,JEFFERSON,10 JEFFERSON CITY,4404,004602,5e-08,prefix_name,high,0.995
2002,2000,JOHNSON,1A LAUREL,0001,0001,1.0,exact_name,high,1.0
2002,2000,JOHNSON,1B COLD SPRINGS,0002,0002,1.0,exact_name,high,1.0
2002,2000,JOHNSON,2 FORGE SHOUNS,0003,0003,1.0,exact_name,high,1.0
2002,2000,JOHNSON,3A TRADE,0004,0004,1.0,exact_name,high,1.0
2002,2000,JOHNSON,3B NEVA,0005,0005,1.0,exact_name,high,1.0
2002,2000,JOHNSON,4A DRY RUN,0006,0006,1.0,exact_name,high,1.0
2002,2000,JOHNSON,4B BUTLER,0007,0007,1.0,exact_name,high,1.0
2002,2000,JOHNSON,5 DOE,0008,0008,1.0,exact_name,high,1.0
2002,2000,JOHNSON,6A SHADY,0009,0009,1.0,exact_name,high,1.0
2002,2000,JOHNSON,6B SUTHERLAND,4488,004706,0.99999998,tail_exact_name,medium,0.985
2002,2000,JOHNSON,6B SUTHERLAND,4488,004704,2e-08,tail_exact_name,medium,0.985
2002,2000,JOHNSON,7A HIGH SCHOOL,4456,004707,0.99170563,tail_fuzzy_name,low,0.916667
2002,2000,JOHNSON,7A HIGH SCHOOL,4456,004708,0.00545565,tail_fuzzy_name,low,0.916667
2002,2000,JOHNSON,7A HIGH SCHOOL,4456,004701,0.00210687,tail_fuzzy_name,low,0.916667
2002,2000,JOHNSON,7A HIGH SCHOOL,4456,004704,0.00073185,tail_fuzzy_name,low,0.916667
2002,2000,JOHNSON,7B CITY SCHOOL,4454,004707,0.95407195,tail_fuzzy_name,low,0.857143
2002,2000,JOHNSON,7B CITY SCHOOL,4454,004703,0.03580754,tail_fuzzy_name,low,0.857143
2002,2000,JOHNSON,7B CITY SCHOOL,4454,004701,0.00555308,tail_fuzzy_name,low,0.857143
2002,2000,JOHNSON,7B CITY SCHOOL,4454,004705,0.00456742,tail_fuzzy_name,low,0.857143
2002,2000,JOHNSON,7B CITY SCHOOL,4454,004708,2e-08,tail_fuzzy_name,low,0.857143
2002,2000,KNOX,06 GREEN SCHOOL,0001,0001,1.0,exact_name,high,1.0
2002,2000,KNOX,09 MOSES CENTER,4496,004861,0.99903339,code_token_name,high,0.993
2002,2000,KNOX,09 MOSES CENTER,4496,004804,0.00092914,code_token_name,high,0.993
2002,2000,KNOX,09 MOSES CENTER,4496,004864,2.177e-05,code_token_name,high,0.993
2002,2000,KNOX,09 MOSES CENTER,4496,004862,1.512e-05,code_token_name,high,0.993
2002,2000,KNOX,09 MOSES CENTER,4496,004860,5.7e-07,code_token_name,high,0.993
2002,2000,KNOX,09 MOSES CENTER,4496,004859,0.0,code_token_name,high,0.993
2002,2000,KNOX,09 MOSES CENTER,4496,004863,0.0,code_token_name,high,0.993
2002,2000,KNOX,10N FORT SANDERS,0004,0004,1.0,exact_name,high,1.0
2002,2000,KNOX,10S STOKLEY ATHLETIC,4632,004832,0.99999727,code_token_name,high,0.993
2002,2000,KNOX,10S STOKLEY ATHLETIC,4632,004831,2.51e-06,code_token_name,high,0.993
2002,2000,KNOX,10S STOKLEY ATHLETIC,4632,004862,2.2e-07,code_token_name,high,0.993
2002,2000,KNOX,10S STOKLEY ATHLETIC,4632,004893,0.0,code_token_name,high,0.993
2002,2000,KNOX,10S STOKLEY ATHLETIC,4632,004864,0.0,code_token_name,high,0.993
2002,2000,KNOX,10S STOKLEY ATHLETIC,4632,004860,0.0,code_token_name,high,0.993
2002,2000,KNOX,11E CENTRAL UMC,4544,004875,0.99922851,code_token_name,high,0.993
2002,2000,KNOX,11E CENTRAL UMC,4544,004864,0.00077108,code_token_name,high,0.993
2002,2000,KNOX,11E CENTRAL UMC,4544,004867,4.1e-07,code_token_name,high,0.993
2002,2000,KNOX,11E CENTRAL UMC,4544,004883,0.0,code_token_name,high,0.993
2002,2000,KNOX,11E CENTRAL UMC,4544,004876,0.0,code_token_name,high,0.993
2002,2000,KNOX,11W CENTRAL UMC,4548,004875,0.99942131,code_token_name,high,0.993
2002,2000,KNOX,11W CENTRAL UMC,4548,004863,0.00057859,code_token_name,high,0.993
2002,2000,KNOX,11W CENTRAL UMC,4548,004864,1e-07,code_token_name,high,0.993
2002,2000,KNOX,11W CENTRAL UMC,4548,004876,0.0,code_token_name,high,0.993
2002,2000,KNOX,12 EASTPORT,4504,004865,0.99989763,code_token_name,high,0.993
2002,2000,KNOX,12 EASTPORT,4504,004868,0.00010033,code_token_name,high,0.993
2002,2000,KNOX,12 EASTPORT,4504,004873,1.68e-06,code_token_name,high,0.993
2002,2000,KNOX,12 EASTPORT,4504,004864,3.6e-07,code_token_name,high,0.993
2002,2000,KNOX,12 EASTPORT,4504,004809,0.0,code_token_name,high,0.993
2002,2000,KNOX,13 FAIR GARDEN,0009,0009,1.0,exact_name,high,1.0
2002,2000,KNOX,14E AUSTIN EAST,0010,0010,1.0,exact_name,high,1.0
2002,2000,KNOX,14M WALTER P TAYLOR,4516,004865,0.99882384,code_token_name,high,0.993
2002,2000,KNOX,14M WALTER P TAYLOR,4516,004873,0.00114941,code_token_name,high,0.993
2002,2000,KNOX,14M WALTER P TAYLOR,4516,004867,2.54e-05,code_token_name,high,0.993
2002,2000,KNOX,14M WALTER P TAYLOR,4516,004864,1.36e-06,code_token_name,high,0.993
2002,2000,KNOX,14M WALTER P TAYLOR,4516,004875,0.0,code_token_name,high,0.993
2002,2000,KNOX,15 JOHN T O CONNOR,0012,0012,1.0,exact_name,high,1.0
2002,2000,KNOX,16N NO KNOX REC CTR,4552,004883,0.99873786,code_token_name,high,0.993
2002,2000,KNOX,16N NO KNOX REC CTR,4552,004884,0.00125597,code_token_name,high,0.993
2002,2000,KNOX,16N NO KNOX REC CTR,4552,004877,4.16e-06,code_token_name,high,0.993
2002,2000,KNOX,16N NO KNOX REC CTR,4552,004882,2.01e-06,code_token_name,high,0.993
2002,2000,KNOX,16N NO KNOX REC CTR,4552,004876,0.0,code_token_name,high,0.993
2002,2000,KNOX,16S BELLE MORRIS,4556,004883,0.99999766,code_token_name,high,0.993
2002,2000,KNOX,16S BELLE MORRIS,4556,004872,1.31e-06,code_token_name,high,0.993
2002,2000,KNOX,16S BELLE MORRIS,4556,004867,1.04e-06,code_token_name,high,0.993
2002,2000,KNOX,16S BELLE MORRIS,4556,004884,0.0,code_token_name,high,0.993
2002,2000,KNOX,16S BELLE MORRIS,4556,004876,0.0,code_token_name,high,0.993
2002,2000,KNOX,16S BELLE MORRIS,4556,004875,0.0,code_token_name,high,0.993
2002,2000,KNOX,17 CHRISTENBERRY,0016,0016,1.0,exact_name,high,1.0
2002,2000,KNOX,18 LINCOLN PARK,0017,0017,1.0,exact_name,high,1.0
2002,2000,KNOX,19L LONSDALE,4528,004804,0.9981741,code_token_name,high,0.993
2002,2000,KNOX,19L LONSDALE,4528,004863,0.00162551,code_token_name,high,0.993
2002,2000,KNOX,19L LONSDALE,4528,004859,0.00020039,code_token_name,high,0.993
2002,2000,KNOX,19S SAM E HILL,4532,004804,0.99690074,code_token_name,high,0.993
2002,2000,KNOX,19S SAM E HILL,4532,004894,0.00214837,code_token_name,high,0.993
2002,2000,KNOX,19S SAM E HILL,4532,004877,0.00095089,code_token_name,high,0.993
2002,2000,KNOX,19S SAM E HILL,4532,004803,0.0,code_token_name,high,0.993
2002,2000,KNOX,19S SAM E HILL,4532,004879,0.0,code_token_name,high,0.993
2002,2000,KNOX,19S SAM E HILL,4532,004859,0.0,code_token_name,high,0.993
2002,2000,KNOX,19S SAM E HILL,4532,004802,0.0,code_token_name,high,0.993
2002,2000,KNOX,20 BEAUMONT,0019,0019,1.0,exact_name,high,1.0
2002,2000,KNOX,23N BIBLE CHURCH GO,4592,004859,0.99996469,code_token_name,high,0.993
2002,2000,KNOX,23N BIBLE CHURCH GO,4592,004857,3.531e-05,code_token_name,high,0.993
2002,2000,KNOX,23N BIBLE CHURCH GO,4592,004858,0.0,code_token_name,high,0.993
2002,2000,KNOX,23N BIBLE CHURCH GO,4592,004804,0.0,code_token_name,high,0.993
2002,2000,KNOX,23N BIBLE CHURCH GO,4592,004894,0.0,code_token_name,high,0.993
2002,2000,KNOX,23S WESTVIEW,0020,0020,1.0,exact_name,high,1.0
2002,2000,KNOX,24N PELLISSIPPI TECH,4640,004860,0.99997725,code_token_name,high,0.993
2002,2000,KNOX,24N PELLISSIPPI TECH,4640,004893,9.41e-06,code_token_name,high,0.993
2002,2000,KNOX,24N PELLISSIPPI TECH,4640,004862,7.68e-06,code_token_name,high,0.993
2002,2000,KNOX,24N PELLISSIPPI TECH,4640,004859,3.95e-06,code_token_name,high,0.993
2002,2000,KNOX,24N PELLISSIPPI TECH,4640,004861,1.45e-06,code_token_name,high,0.993
2002,2000,KNOX,24N PELLISSIPPI TECH,4640,004833,2.2e-07,code_token_name,high,0.993
2002,2000,KNOX,24N PELLISSIPPI TECH,4640,004832,4e-08,code_token_name,high,0.993
2002,2000,KNOX,24Q SEQUOYAH HILLS,0021,0021,1.0,exact_name,high,1.0
2002,2000,KNOX,25 SOUTH KNOX CC,0022,0022,1.0,exact_name,high,1.0
2002,2000,KNOX,26 DOGWOOD,0023,0023,1.0,exact_name,high,1.0
2002,2000,KNOX,27 SO KNOX OPTIMIST,4844,004827,0.98243301,code_token_name,high,0.993
2002,2000,KNOX,27 SO KNOX OPTIMIST,4844,004824,0.00907301,code_token_name,high,0.993
2002,2000,KNOX,27 SO KNOX OPTIMIST,4844,004829,0.00848817,code_token_name,high,0.993
2002,2000,KNOX,27 SO KNOX OPTIMIST,4844,004826,5.6e-06,code_token_name,high,0.993
2002,2000,KNOX,27 SO KNOX OPTIMIST,4844,004831,2.1e-07,code_token_name,high,0.993
2002,2000,KNOX,28 SOUTH DOYLE MID,4848,004826,0.99599742,code_token_name,high,0.993
2002,2000,KNOX,28 SOUTH DOYLE MID,4848,004809,0.00380594,code_token_name,high,0.993
2002,2000,KNOX,28 SOUTH DOYLE MID,4848,004827,0.00015021,code_token_name,high,0.993
2002,2000,KNOX,28 SOUTH DOYLE MID,4848,004831,4.643e-05,code_token_name,high,0.993
2002,2000,KNOX,29 ANDERSON,0025,0025,1.0,exact_name,high,1.0
2002,2000,KNOX,30 SARAH MOORE GREE,4540,004868,0.99646481,code_token_name,high,0.993
2002,2000,KNOX,30 SARAH MOORE GREE,4540,004871,0.00323596,code_token_name,high,0.993
2002,2000,KNOX,30 SARAH MOORE GREE,4540,004870,0.00026565,code_token_name,high,0.993
2002,2000,KNOX,30 SARAH MOORE GREE,4540,004873,3.358e-05,code_token_name,high,0.993
2002,2000,KNOX,30 SARAH MOORE GREE,4540,004865,0.0,code_token_name,high,0.993
2002,2000,KNOX,31 CHILHOWEE,0027,0027,1.0,exact_name,high,1.0
2002,2000,KNOX,32 SPRING HILL,0028,0028,1.0,exact_name,high,1.0
2002,2000,KNOX,33 RICHARD YOAKLEY,0031,0031,1.0,exact_name,high,1.0
2002,2000,KNOX,34 NORTHSIDE CHRIST,4748,004882,0.99206821,code_token_name,high,0.993
2002,2000,KNOX,34 NORTHSIDE CHRIST,4748,004885,0.0066975,code_token_name,high,0.993
2002,2000,KNOX,34 NORTHSIDE CHRIST,4748,004883,0.00114993,code_token_name,high,0.993
2002,2000,KNOX,34 NORTHSIDE CHRIST,4748,004884,7.997e-05,code_token_name,high,0.993
2002,2000,KNOX,34 NORTHSIDE CHRIST,4748,004879,4.31e-06,code_token_name,high,0.993
2002,2000,KNOX,34 NORTHSIDE CHRIST,4748,004881,8e-08,code_token_name,high,0.993
2002,2000,KNOX,34 NORTHSIDE CHRIST,4748,004880,0.0,code_token_name,high,0.993
2002,2000,KNOX,35 SHANNONDALE,0033,0033,1.0,exact_name,high,1.0
2002,2000,KNOX,36 GRESHAM,0034,0034,1.0,exact_name,high,1.0
2002,2000,KNOX,37 INSKIP ELEM,4576,004879,0.99923914,code_token_name,high,0.993
2002,2000,KNOX,37 INSKIP ELEM,4576,004882,0.000634,code_token_name,high,0.993
2002,2000,KNOX,37 INSKIP ELEM,4576,004802,0.00010747,code_token_name,high,0.993
2002,2000,KNOX,37 INSKIP ELEM,4576,004880,1.687e-05,code_token_name,high,0.993
2002,2000,KNOX,37 INSKIP ELEM,4576,004804,1.62e-06,code_token_name,high,0.993
2002,2000,KNOX,37 INSKIP ELEM,4576,004877,9e-07,code_token_name,high,0.993
2002,2000,KNOX,38 INSKIP ELEM,4580,004879,0.99991185,code_token_name,high,0.993
2002,2000,KNOX,38 INSKIP ELEM,4580,004888,8.682e-05,code_token_name,high,0.993
2002,2000,KNOX,38 INSKIP ELEM,4580,004880,1.17e-06,code_token_name,high,0.993
2002,2000,KNOX,38 INSKIP ELEM,4580,004802,1.6e-07,code_token_name,high,0.993
2002,2000,KNOX,39E INSKIP REC CTR,0036,0036,1.0,exact_name,high,1.0
2002,2000,KNOX,39W INSKIP REC CTR,0037,0037,1.0,exact_name,high,1.0
2002,2000,KNOX,40 NORWOOD ELEM,4596,004806,0.99999799,code_token_name,high,0.993
2002,2000,KNOX,40 NORWOOD ELEM,4596,004803,1.21e-06,code_token_name,high,0.993
2002,2000,KNOX,40 NORWOOD ELEM,4596,004888,8e-07,code_token_name,high,0.993
2002,2000,KNOX,40 NORWOOD ELEM,4596,004802,0.0,code_token_name,high,0.993
2002,2000,KNOX,40 NORWOOD ELEM,4596,004856,0.0,code_token_name,high,0.993
2002,2000,KNOX,41 NORWOOD LIBRARY,4600,004803,0.73381931,code_token_name,high,0.993
2002,2000,KNOX,41 NORWOOD LIBRARY,4600,004894,0.26611913,code_token_name,high,0.993
2002,2000,KNOX,41 NORWOOD LIBRARY,4600,004804,4.255e-05,code_token_name,high,0.993
2002,2000,KNOX,41 NORWOOD LIBRARY,4600,004802,1.747e-05,code_token_name,high,0.993
2002,2000,KNOX,41 NORWOOD LIBRARY,4600,004857,1.12e-06,code_token_name,high,0.993
2002,2000,KNOX,41 NORWOOD LIBRARY,4600,004859,2.8e-07,code_token_name,high,0.993
2002,2000,KNOX,41 NORWOOD LIBRARY,4600,004806,1.5e-07,code_token_name,high,0.993
2002,2000,KNOX,41 NORWOOD LIBRARY,4600,004856,0.0,code_token_name,high,0.993
2002,2000,KNOX,42 PLEASANT RIDGE,0040,0040,1.0,exact_name,high,1.0
2002,2000,KNOX,43 WEST HAVEN,0041,0041,1.0,exact_name,high,1.0
2002,2000,KNOX,44 RIDGEDALE,0042,0042,1.0,exact_name,high,1.0
2002,2000,KNOX,45 BEARDEN MIDDLE,0043,0043,1.0,exact_name,high,1.0
2002,2000,KNOX,46 WEST HILLS,4620,004838,0.74794368,code_token_name,high,0.993
2002,2000,KNOX,46 WEST HILLS,4620,004854,0.24939446,code_token_name,high,0.993
2002,2000,KNOX,46 WEST HILLS,4620,004852,0.00098428,code_token_name,high,0.993
2002,2000,KNOX,46 WEST HILLS,4620,004851,0.0009712,code_token_name,high,0.993
2002,2000,KNOX,46 WEST HILLS,4620,004853,0.00054253,code_token_name,high,0.993
2002,2000,KNOX,46 WEST HILLS,4620,004837,0.00015915,code_token_name,high,0.993
2002,2000,KNOX,46 WEST HILLS,4620,004850,4.68e-06,code_token_name,high,0.993
2002,2000,KNOX,47E BEARDEN HIGH,0046,0046,1.0,exact_name,high,1.0
2002,2000,KNOX,48 POND GAP,0047,0047,1.0,exact_name,high,1.0
2002,2000,KNOX,49 BEARDEN ELEM,4652,004834,0.99371088,code_token_name,high,0.993
2002,2000,KNOX,49 BEARDEN ELEM,4652,004829,0.00571284,code_token_name,high,0.993
2002,2000,KNOX,49 BEARDEN ELEM,4652,004835,0.00049737,code_token_name,high,0.993
2002,2000,KNOX,49 BEARDEN ELEM,4652,004833,4.125e-05,code_token_name,high,0.993
2002,2000,KNOX,49 BEARDEN ELEM,4652,004801,2.139e-05,code_token_name,high,0.993
2002,2000,KNOX,49 BEARDEN ELEM,4652,004836,1.619e-05,code_token_name,high,0.993
2002,2000,KNOX,49 BEARDEN ELEM,4652,004837,7e-08,code_token_name,high,0.993
2002,2000,KNOX,49 BEARDEN ELEM,4652,004860,0.0,code_token_name,high,0.993
2002,2000,KNOX,50N WEST HIGH,0050,0050,1.0,exact_name,high,1.0
2002,2000,KNOX,50S WEST HIGH,0051,0051,1.0,exact_name,high,1.0
2002,2000,KNOX,51 DEANE HILL RECR,0052,0052,1.0,exact_name,high,1.0
2002,2000,KNOX,55 LONAS,4628,004854,0.81601962,exact_name,high,1.0
2002,2000,KNOX,55 LONAS,4628,004853,0.17377917,exact_name,high,1.0
2002,2000,KNOX,55 LONAS,4628,004852,0.00611226,exact_name,high,1.0
2002,2000,KNOX,55 LONAS,4628,004855,0.00351515,exact_name,high,1.0
2002,2000,KNOX,55 LONAS,4628,004838,0.00053888,exact_name,high,1.0
2002,2000,KNOX,55 LONAS,4628,004828,3.492e-05,exact_name,high,1.0
2002,2000,KNOX,56 HEISKELL,4724,004890,0.99989107,exact_name,high,1.0
2002,2000,KNOX,56 HEISKELL,4724,004895,0.00010875,exact_name,high,1.0
2002,2000,KNOX,56 HEISKELL,4724,004892,1.1e-07,exact_name,high,1.0
2002,2000,KNOX,56 HEISKELL,4724,004891,6e-08,exact_name,high,1.0
2002,2000,KNOX,56 HEISKELL,4724,004810,0.0,exact_name,high,1.0
2002,2000,KNOX,57 HILLS,4796,004810,0.99999934,exact_name,high,1.0
2002,2000,KNOX,57 HILLS,4796,004811,5.8e-07,exact_name,high,1.0
2002,2000,KNOX,57 HILLS,4796,004890,7e-08,exact_name,high,1.0
2002,2000,KNOX,57 HILLS,4796,004895,1e-08,exact_name,high,1.0
2002,2000,KNOX,58 PEDIGO,4728,004891,0.59040655,exact_name,high,1.0
2002,2000,KNOX,58 PEDIGO,4728,004895,0.40951979,exact_name,high,1.0
2002,2000,KNOX,58 PEDIGO,4728,004890,3.769e-05,exact_name,high,1.0
2002,2000,KNOX,58 PEDIGO,4728,004887,3.307e-05,exact_name,high,1.0
2002,2000,KNOX,58 PEDIGO,4728,004886,2.85e-06,exact_name,high,1.0
2002,2000,KNOX,58 PEDIGO,4728,004811,5e-08,exact_name,high,1.0
2002,2000,KNOX,58 PEDIGO,4728,004892,0.0,exact_name,high,1.0
2002,2000,KNOX,58 PEDIGO,4728,004810,0.0,exact_name,high,1.0
2002,2000,KNOX,59 BRICKEY,4764,004887,0.98005378,exact_name,high,1.0
2002,2000,KNOX,59 BRICKEY,4764,004880,0.01823344,exact_name,high,1.0
2002,2000,KNOX,59 BRICKEY,4764,004891,0.00148227,exact_name,high,1.0
2002,2000,KNOX,59 BRICKEY,4764,004886,0.00013438,exact_name,high,1.0
2002,2000,KNOX,59 BRICKEY,4764,004881,6.634e-05,exact_name,high,1.0
2002,2000,KNOX,59 BRICKEY,4764,004888,2.976e-05,exact_name,high,1.0
2002,2000,KNOX,59 BRICKEY,4764,004879,3e-08,exact_name,high,1.0
2002,2000,KNOX,59 BRICKEY,4764,004892,0.0,exact_name,high,1.0
2002,2000,KNOX,60 FORT SUMPTER,4788,004811,0.99996645,exact_name,high,1.0
2002,2000,KNOX,60 FORT SUMPTER,4788,004810,3.279e-05,exact_name,high,1.0
2002,2000,KNOX,60 FORT SUMPTER,4788,004895,4.5e-07,exact_name,high,1.0
2002,2000,KNOX,60 FORT SUMPTER,4788,004812,2.5e-07,exact_name,high,1.0
2002,2000,KNOX,60 FORT SUMPTER,4788,004886,5e-08,exact_name,high,1.0
2002,2000,KNOX,60 FORT SUMPTER,4788,004891,0.0,exact_name,high,1.0
2002,2000,KNOX,61 HALLS,4768,004886,0.99019338,exact_name,high,1.0
2002,2000,KNOX,61 HALLS,4768,004881,0.00860397,exact_name,high,1.0
2002,2000,KNOX,61 HALLS,4768,004885,0.00091555,exact_name,high,1.0
2002,2000,KNOX,61 HALLS,4768,004887,0.00020475,exact_name,high,1.0
2002,2000,KNOX,61 HALLS,4768,004880,7.861e-05,exact_name,high,1.0
2002,2000,KNOX,61 HALLS,4768,004812,3.45e-06,exact_name,high,1.0
2002,2000,KNOX,61 HALLS,4768,004891,1.6e-07,exact_name,high,1.0
2002,2000,KNOX,61 HALLS,4768,004811,1.3e-07,exact_name,high,1.0
2002,2000,KNOX,62 HARDIN VALLEY,4704,004844,0.99798612,exact_name,high,1.0
2002,2000,KNOX,62 HARDIN VALLEY,4704,004805,0.00199641,exact_name,high,1.0
2002,2000,KNOX,62 HARDIN VALLEY,4704,004846,9.72e-06,exact_name,high,1.0
2002,2000,KNOX,62 HARDIN VALLEY,4704,004847,7.74e-06,exact_name,high,1.0
2002,2000,KNOX,62 HARDIN VALLEY,4704,004845,0.0,exact_name,high,1.0
2002,2000,KNOX,62W HARDIN VALLEY W,4704,004844,0.99798612,tail_fuzzy_name,low,0.866667
2002,2000,KNOX,62W HARDIN VALLEY W,4704,004805,0.00199641,tail_fuzzy_name,low,0.866667
2002,2000,KNOX,62W HARDIN VALLEY W,4704,004846,9.72e-06,tail_fuzzy_name,low,0.866667
2002,2000,KNOX,62W HARDIN VALLEY W,4704,004847,7.74e-06,tail_fuzzy_name,low,0.866667
2002,2000,KNOX,62W HARDIN VALLEY W,4704,004845,0.0,tail_fuzzy_name,low,0.866667
2002,2000,KNOX,63 KARNS,4712,004848,0.72342617,exact_name,high,1.0
2002,2000,KNOX,63 KARNS,4712,004849,0.268125,exact_name,high,1.0
2002,2000,KNOX,63 KARNS,4712,004855,0.00454641,exact_name,high,1.0
2002,2000,KNOX,63 KARNS,4712,004806,0.00344588,exact_name,high,1.0
2002,2000,KNOX,63 KARNS,4712,004888,0.000298,exact_name,high,1.0
2002,2000,KNOX,63 KARNS,4712,004892,5.484e-05,exact_name,high,1.0
2002,2000,KNOX,63 KARNS,4712,004856,5.318e-05,exact_name,high,1.0
2002,2000,KNOX,63 KARNS,4712,004846,4.773e-05,exact_name,high,1.0
2002,2000,KNOX,63 KARNS,4712,004828,2.78e-06,exact_name,high,1.0
2002,2000,KNOX,63N KARNS NORTH,0063,0063,1.0,exact_name,high,1.0
2002,2000,KNOX,64 SOLWAY,4716,004846,0.99978304,exact_name,high,1.0
2002,2000,KNOX,64 SOLWAY,4716,004847,0.00013979,exact_name,high,1.0
2002,2000,KNOX,64 SOLWAY,4716,004848,6.398e-05,exact_name,high,1.0
2002,2000,KNOX,64 SOLWAY,4716,004844,1.259e-05,exact_name,high,1.0
2002,2000,KNOX,64 SOLWAY,4716,004828,6e-07,exact_name,high,1.0
2002,2000,KNOX,64 SOLWAY,4716,004849,0.0,exact_name,high,1.0
2002,2000,KNOX,65 CONCORD,4692,004841,0.65717787,exact_name,high,1.0
2002,2000,KNOX,65 CONCORD,4692,004896,0.34263449,exact_name,high,1.0
2002,2000,KNOX,65 CONCORD,4692,004805,0.0001011,exact_name,high,1.0
2002,2000,KNOX,65 CONCORD,4692,004842,8.628e-05,exact_name,high,1.0
2002,2000,KNOX,65 CONCORD,4692,004850,1e-07,exact_name,high,1.0
2002,2000,KNOX,65 CONCORD,4692,004839,9e-08,exact_name,high,1.0
2002,2000,KNOX,65 CONCORD,4692,004840,8e-08,exact_name,high,1.0
2002,2000,KNOX,65 CONCORD,4692,004897,0.0,exact_name,high,1.0
2002,2000,KNOX,65N CONCORD NORTH,0066,0066,1.0,exact_name,high,1.0
2002,2000,KNOX,66N FARRAGUT I,4696,004805,0.99768636,exact_name,high,1.0
2002,2000,KNOX,66N FARRAGUT I,4696,004844,0.0022996,exact_name,high,1.0
2002,2000,KNOX,66N FARRAGUT I,4696,004842,1.399e-05,exact_name,high,1.0
2002,2000,KNOX,66N FARRAGUT I,4696,004845,6e-08,exact_name,high,1.0
2002,2000,KNOX,66S FARRAGUT II,4700,004842,0.80335197,exact_name,high,1.0
2002,2000,KNOX,66S FARRAGUT II,4700,004805,0.18847491,exact_name,high,1.0
2002,2000,KNOX,66S FARRAGUT II,4700,004896,0.00490928,exact_name,high,1.0
2002,2000,KNOX,66S FARRAGUT II,4700,004845,0.00326337,exact_name,high,1.0
2002,2000,KNOX,66S FARRAGUT II,4700,004841,4.6e-07,exact_name,high,1.0
2002,2000,KNOX,67 NORTH CEDAR BLUFF,0074,0074,1.0,exact_name,high,1.0
2002,2000,KNOX,68 SOUTH CEDAR BLUFF,0075,0075,1.0,exact_name,high,1.0
2002,2000,KNOX,68E EAST CEDAR BLUFF,0076,0076,1.0,exact_name,high,1.0
2002,2000,KNOX,69N NORTH BLUEGRASS,4688,004840,0.61553602,code_token_name,high,0.993
2002,2000,KNOX,69N NORTH BLUEGRASS,4688,004897,0.38399987,code_token_name,high,0.993
2002,2000,KNOX,69N NORTH BLUEGRASS,4688,004896,0.00034558,code_token_name,high,0.993
2002,2000,KNOX,69N NORTH BLUEGRASS,4688,004837,0.00011635,code_token_name,high,0.993
2002,2000,KNOX,69N NORTH BLUEGRASS,4688,004850,1.85e-06,code_token_name,high,0.993
2002,2000,KNOX,69N NORTH BLUEGRASS,4688,004835,1.8e-07,code_token_name,high,0.993
2002,2000,KNOX,69N NORTH BLUEGRASS,4688,004807,1.5e-07,code_token_name,high,0.993
2002,2000,KNOX,69N NORTH BLUEGRASS,4688,004839,0.0,code_token_name,high,0.993
2002,2000,KNOX,69S SOUTH BLUEGRASS,4686,004839,0.7898616,code_token_name,high,0.993
2002,2000,KNOX,69S SOUTH BLUEGRASS,4686,004807,0.21010998,code_token_name,high,0.993
2002,2000,KNOX,69S SOUTH BLUEGRASS,4686,004835,2.803e-05,code_token_name,high,0.993
2002,2000,KNOX,69S SOUTH BLUEGRASS,4686,004897,2.9e-07,code_token_name,high,0.993
2002,2000,KNOX,69S SOUTH BLUEGRASS,4686,004841,7e-08,code_token_name,high,0.993
2002,2000,KNOX,69S SOUTH BLUEGRASS,4686,004896,2e-08,code_token_name,high,0.993
2002,2000,KNOX,70 BALL CAMP,4708,004828,0.51458284,exact_name,high,1.0
2002,2000,KNOX,70 BALL CAMP,4708,004847,0.48341423,exact_name,high,1.0
2002,2000,KNOX,70 BALL CAMP,4708,004845,0.00098698,exact_name,high,1.0
2002,2000,KNOX,70 BALL CAMP,4708,004848,0.00071788,exact_name,high,1.0
2002,2000,KNOX,70 BALL CAMP,4708,004846,0.00015866,exact_name,high,1.0
2002,2000,KNOX,70 BALL CAMP,4708,004854,5.442e-05,exact_name,high,1.0
2002,2000,KNOX,70 BALL CAMP,4708,004852,3.757e-05,exact_name,high,1.0
2002,2000,KNOX,70 BALL CAMP,4708,004805,3.195e-05,exact_name,high,1.0
2002,2000,KNOX,70 BALL CAMP,4708,004853,1.188e-05,exact_name,high,1.0
2002,2000,KNOX,70 BALL CAMP,4708,004844,3.54e-06,exact_name,high,1.0
2002,2000,KNOX,70 BALL CAMP,4708,004855,5e-08,exact_name,high,1.0
2002,2000,KNOX,71 ROCKY HILL,4668,004835,0.99973957,exact_name,high,1.0
2002,2000,KNOX,71 ROCKY HILL,4668,004839,0.00026026,exact_name,high,1.0
2002,2000,KNOX,71 ROCKY HILL,4668,004807,1.7e-07,exact_name,high,1.0
2002,2000,KNOX,72E DANTE EAST,0084,0084,1.0,exact_name,high,1.0
2002,2000,KNOX,72M DANTE MIDDLE,0084,0084,1.0,forced_best_name,low,0.6875
2002,2000,KNOX,72W DANTE WEST,0085,0085,1.0,exact_name,high,1.0
2002,2000,KNOX,73 POWELL,4720,004892,0.93254029,exact_name,high,1.0
2002,2000,KNOX,73 POWELL,4720,004888,0.06383323,exact_name,high,1.0
2002,2000,KNOX,73 POWELL,4720,004887,0.00362422,exact_name,high,1.0
2002,2000,KNOX,73 POWELL,4720,004890,2.09e-06,exact_name,high,1.0
2002,2000,KNOX,73 POWELL,4720,004849,1e-07,exact_name,high,1.0
2002,2000,KNOX,73 POWELL,4720,004891,6e-08,exact_name,high,1.0
2002,2000,KNOX,74 SHANNONDALE,4760,004885,0.97632592,exact_name,high,1.0
2002,2000,KNOX,74 SHANNONDALE,4760,004881,0.02064075,exact_name,high,1.0
2002,2000,KNOX,74 SHANNONDALE,4760,004882,0.00224358,exact_name,high,1.0
2002,2000,KNOX,74 SHANNONDALE,4760,004884,0.00045906,exact_name,high,1.0
2002,2000,KNOX,74 SHANNONDALE,4760,004886,0.00031197,exact_name,high,1.0
2002,2000,KNOX,74 SHANNONDALE,4760,004808,1.872e-05,exact_name,high,1.0
2002,2000,KNOX,75 HUFFS,4800,004868,0.99940299,exact_name,high,1.0
2002,2000,KNOX,75 HUFFS,4800,004821,0.00059569,exact_name,high,1.0
2002,2000,KNOX,75 HUFFS,4800,004809,7.9e-07,exact_name,high,1.0
2002,2000,KNOX,75 HUFFS,4800,004865,5.4e-07,exact_name,high,1.0
2002,2000,KNOX,76 SUNNYVIEW,4820,004818,0.94684972,exact_name,high,1.0
2002,2000,KNOX,76 SUNNYVIEW,4820,004820,0.05314697,exact_name,high,1.0
2002,2000,KNOX,76 SUNNYVIEW,4820,004815,3.18e-06,exact_name,high,1.0
2002,2000,KNOX,76 SUNNYVIEW,4820,004870,1.1e-07,exact_name,high,1.0
2002,2000,KNOX,76 SUNNYVIEW,4820,004821,1e-08,exact_name,high,1.0
2002,2000,KNOX,76 SUNNYVIEW,4820,004817,1e-08,exact_name,high,1.0
2002,2000,KNOX,76 SUNNYVIEW,4820,004816,0.0,exact_name,high,1.0
2002,2000,KNOX,76 SUNNYVIEW,4820,004814,0.0,exact_name,high,1.0
2002,2000,KNOX,77 RAMSEY,4804,004821,0.9743179,exact_name,high,1.0
2002,2000,KNOX,77 RAMSEY,4804,004870,0.02041483,exact_name,high,1.0
2002,2000,KNOX,77 RAMSEY,4804,004868,0.00526686,exact_name,high,1.0
2002,2000,KNOX,77 RAMSEY,4804,004820,2e-07,exact_name,high,1.0
2002,2000,KNOX,77 RAMSEY,4804,004809,1.1e-07,exact_name,high,1.0
2002,2000,KNOX,77 RAMSEY,4804,004819,1e-07,exact_name,high,1.0
2002,2000,KNOX,77 RAMSEY,4804,004818,0.0,exact_name,high,1.0
2002,2000,KNOX,78 RIVERDALE,4812,004819,0.99202692,exact_name,high,1.0
2002,2000,KNOX,78 RIVERDALE,4812,004817,0.00797232,exact_name,high,1.0
2002,2000,KNOX,78 RIVERDALE,4812,004820,5.2e-07,exact_name,high,1.0
2002,2000,KNOX,78 RIVERDALE,4812,004823,1.2e-07,exact_name,high,1.0
2002,2000,KNOX,78 RIVERDALE,4812,004821,1.1e-07,exact_name,high,1.0
2002,2000,KNOX,78 RIVERDALE,4812,004809,0.0,exact_name,high,1.0
2002,2000,KNOX,78 RIVERDALE,4812,004822,0.0,exact_name,high,1.0
2002,2000,KNOX,79 DORA KENNEDY,4780,004820,0.99999841,exact_name,high,1.0
2002,2000,KNOX,79 DORA KENNEDY,4780,004819,1.08e-06,exact_name,high,1.0
2002,2000,KNOX,79 DORA KENNEDY,4780,004821,5e-07,exact_name,high,1.0
2002,2000,KNOX,79 DORA KENNEDY,4780,004818,2e-08,exact_name,high,1.0
2002,2000,KNOX,79 DORA KENNEDY,4780,004817,0.0,exact_name,high,1.0
2002,2000,KNOX,80 CORRYTON,4776,004813,0.99860178,exact_name,high,1.0
2002,2000,KNOX,80 CORRYTON,4776,004814,0.00139801,exact_name,high,1.0
2002,2000,KNOX,80 CORRYTON,4776,004808,2.1e-07,exact_name,high,1.0
2002,2000,KNOX,80 CORRYTON,4776,004812,0.0,exact_name,high,1.0
2002,2000,KNOX,81 GIBBS,4792,004812,0.99539771,exact_name,high,1.0
2002,2000,KNOX,81 GIBBS,4792,004808,0.00453833,exact_name,high,1.0
2002,2000,KNOX,81 GIBBS,4792,004813,6.365e-05,exact_name,high,1.0
2002,2000,KNOX,81 GIBBS,4792,004886,3e-07,exact_name,high,1.0
2002,2000,KNOX,81 GIBBS,4792,004811,2e-08,exact_name,high,1.0
2002,2000,KNOX,82 ELLISTOWN,4784,004816,0.99990385,exact_name,high,1.0
2002,2000,KNOX,82 ELLISTOWN,4784,004870,7.497e-05,exact_name,high,1.0
2002,2000,KNOX,82 ELLISTOWN,4784,004872,1.928e-05,exact_name,high,1.0
2002,2000,KNOX,82 ELLISTOWN,4784,004808,1.85e-06,exact_name,high,1.0
2002,2000,KNOX,82 ELLISTOWN,4784,004814,3e-08,exact_name,high,1.0
2002,2000,KNOX,82 ELLISTOWN,4784,004818,2e-08,exact_name,high,1.0
2002,2000,KNOX,84 RITTA,4808,004808,0.99995414,exact_name,high,1.0
2002,2000,KNOX,84 RITTA,4808,004816,2.937e-05,exact_name,high,1.0
2002,2000,KNOX,84 RITTA,4808,004813,1.344e-05,exact_name,high,1.0
2002,2000,KNOX,84 RITTA,4808,004885,2.4e-06,exact_name,high,1.0
2002,2000,KNOX,84 RITTA,4808,004812,2.9e-07,exact_name,high,1.0
2002,2000,KNOX,84 RITTA,4808,004886,1.7e-07,exact_name,high,1.0
2002,2000,KNOX,84 RITTA,4808,004884,1.6e-07,exact_name,high,1.0
2002,2000,KNOX,84 RITTA,4808,004814,2e-08,exact_name,high,1.0
2002,2000,KNOX,85 SKAGGSTON,4816,004814,0.99949058,exact_name,high,1.0
2002,2000,KNOX,85 SKAGGSTON,4816,004813,0.00049641,exact_name,high,1.0
2002,2000,KNOX,85 SKAGGSTON,4816,004816,1.293e-05,exact_name,high,1.0
2002,2000,KNOX,85 SKAGGSTON,4816,004815,7e-08,exact_name,high,1.0
2002,2000,KNOX,85 SKAGGSTON,4816,004808,1e-08,exact_name,high,1.0
2002,2000,KNOX,85 SKAGGSTON,4816,004818,0.0,exact_name,high,1.0
2002,2000,KNOX,86 CARTER,4772,004815,0.99987956,exact_name,high,1.0
2002,2000,KNOX,86 CARTER,4772,004818,0.00012035,exact_name,high,1.0
2002,2000,KNOX,86 CARTER,4772,004814,8e-08,exact_name,high,1.0
2002,2000,KNOX,86 CARTER,4772,004817,0.0,exact_name,high,1.0
2002,2000,KNOX,87 THORNGROVE,4824,004817,0.997439,exact_name,high,1.0
2002,2000,KNOX,87 THORNGROVE,4824,004819,0.00145337,exact_name,high,1.0
2002,2000,KNOX,87 THORNGROVE,4824,004822,0.00109117,exact_name,high,1.0
2002,2000,KNOX,87 THORNGROVE,4824,004820,1.591e-05,exact_name,high,1.0
2002,2000,KNOX,87 THORNGROVE,4824,004815,5.6e-07,exact_name,high,1.0
2002,2000,KNOX,87 THORNGROVE,4824,004818,0.0,exact_name,high,1.0
2002,2000,KNOX,88 KINGS,4837,004826,0.75592592,exact_name,high,1.0
2002,2000,KNOX,88 KINGS,4837,004823,0.2298436,exact_name,high,1.0
2002,2000,KNOX,88 KINGS,4837,004809,0.01423048,exact_name,high,1.0
2002,2000,KNOX,88 KINGS,4837,004821,0.0,exact_name,high,1.0
2002,2000,KNOX,89 MT OLIVE,4872,004829,0.99467538,exact_name,high,1.0
2002,2000,KNOX,89 MT OLIVE,4872,004835,0.00171783,exact_name,high,1.0
2002,2000,KNOX,89 MT OLIVE,4872,004831,0.00169029,exact_name,high,1.0
2002,2000,KNOX,89 MT OLIVE,4872,004833,0.0015381,exact_name,high,1.0
2002,2000,KNOX,89 MT OLIVE,4872,004834,0.00019951,exact_name,high,1.0
2002,2000,KNOX,89 MT OLIVE,4872,004827,0.00011597,exact_name,high,1.0
2002,2000,KNOX,89 MT OLIVE,4872,004824,6.293e-05,exact_name,high,1.0
2002,2000,KNOX,90 BONNY KATE,4856,004824,0.99873067,exact_name,high,1.0
2002,2000,KNOX,90 BONNY KATE,4856,004827,0.0009676,exact_name,high,1.0
2002,2000,KNOX,90 BONNY KATE,4856,004823,0.00024055,exact_name,high,1.0
2002,2000,KNOX,90 BONNY KATE,4856,004829,6.118e-05,exact_name,high,1.0
2002,2000,KNOX,91 VESTAL,4876,004831,0.99999766,exact_name,high,1.0
2002,2000,KNOX,91 VESTAL,4876,004829,2.23e-06,exact_name,high,1.0
2002,2000,KNOX,91 VESTAL,4876,004893,1.1e-07,exact_name,high,1.0
2002,2000,KNOX,91 VESTAL,4876,004832,0.0,exact_name,high,1.0
2002,2000,KNOX,91 VESTAL,4876,004833,0.0,exact_name,high,1.0
2002,2000,KNOX,92 GAP CREEK,4860,004822,0.99998965,exact_name,high,1.0
2002,2000,KNOX,92 GAP CREEK,4860,004823,9.61e-06,exact_name,high,1.0
2002,2000,KNOX,92 GAP CREEK,4860,004817,7.3e-07,exact_name,high,1.0
2002,2000,KNOX,92 GAP CREEK,4860,004819,1e-08,exact_name,high,1.0
2002,2000,KNOX,93 HOPEWELL,4864,004823,0.99986271,exact_name,high,1.0
2002,2000,KNOX,93 HOPEWELL,4864,004826,8.284e-05,exact_name,high,1.0
2002,2000,KNOX,93 HOPEWELL,4864,004809,4.463e-05,exact_name,high,1.0
2002,2000,KNOX,93 HOPEWELL,4864,004824,8.62e-06,exact_name,high,1.0
2002,2000,KNOX,93 HOPEWELL,4864,004822,1.2e-06,exact_name,high,1.0
2002,2000,KNOX,93 HOPEWELL,4864,004819,0.0,exact_name,high,1.0
2002,2000,KNOX,93 HOPEWELL,4864,004827,0.0,exact_name,high,1.0
2002,2000,KNOX,93 HOPEWELL,4864,004821,0.0,exact_name,high,1.0
2002,2000,LAKE,1 TIPTONVILLE SR CIT,4904,004951,0.99722498,code_token_name,high,0.993
2002,2000,LAKE,1 TIPTONVILLE SR CIT,4904,004952,0.00277502,code_token_name,high,0.993
2002,2000,LAKE,3 COURTHOUSE,4892,004951,0.71599343,code_token_name,high,0.993
2002,2000,LAKE,3 COURTHOUSE,4892,004952,0.21725394,code_token_name,high,0.993
2002,2000,LAKE,3 COURTHOUSE,4892,004953,0.06675263,code_token_name,high,0.993
2002,2000,LAKE,4 LAKE CO JR HIGH,4896,004953,0.81507186,code_token_name,high,0.993
2002,2000,LAKE,4 LAKE CO JR HIGH,4896,004952,0.18492814,code_token_name,high,0.993
2002,2000,LAUDERDALE,ARP,4944,005051,0.9994726,tail_exact_name,medium,0.985
2002,2000,LAUDERDALE,ARP,4944,005053,0.00052035,tail_exact_name,medium,0.985
2002,2000,LAUDERDALE,ARP,4944,005060,7.05e-06,tail_exact_name,medium,0.985
2002,2000,LAUDERDALE,ARP,4944,005063,0.0,tail_exact_name,medium,0.985
2002,2000,LAUDERDALE,ARP,4944,005054,0.0,tail_exact_name,medium,0.985
2002,2000,LAUDERDALE,CENTRAL,0007,0007,1.0,prefix_name,high,0.995
2002,2000,LAUDERDALE,CONNER,5004,005054,0.99999915,tail_exact_name,medium,0.985
2002,2000,LAUDERDALE,CONNER,5004,005064,5.9e-07,tail_exact_name,medium,0.985
2002,2000,LAUDERDALE,CONNER,5004,005056,2.6e-07,tail_exact_name,medium,0.985
2002,2000,LAUDERDALE,CURVE,4912,005052,0.69897353,tail_exact_name,medium,0.985
2002,2000,LAUDERDALE,CURVE,4912,005054,0.29803097,tail_exact_name,medium,0.985
2002,2000,LAUDERDALE,CURVE,4912,005051,0.00299549,tail_exact_name,medium,0.985
2002,2000,LAUDERDALE,EDITH,0008,0008,1.0,prefix_name,high,0.995
2002,2000,LAUDERDALE,GATES,0009,0009,1.0,prefix_name,high,0.995
2002,2000,LAUDERDALE,GLIMP,4960,005058,0.55740525,tail_exact_name,medium,0.985
2002,2000,LAUDERDALE,GLIMP,4960,005064,0.42003748,tail_exact_name,medium,0.985
2002,2000,LAUDERDALE,GLIMP,4960,005060,0.02255727,tail_exact_name,medium,0.985
2002,2000,LAUDERDALE,HALLS 8,0010,0010,1.0,exact_name,high,1.0
2002,2000,LAUDERDALE,HENNING,0001,0001,1.0,prefix_name,high,0.995
2002,2000,LAUDERDALE,LIGHTFOOT,0006,0006,1.0,prefix_name,high,0.995
2002,2000,LAUDERDALE,MCBRIDE,0002,0002,1.0,prefix_name,high,0.995
2002,2000,LAUDERDALE,NANKIPOO,4948,005053,0.8579644,tail_exact_name,medium,0.985
2002,2000,LAUDERDALE,NANKIPOO,4948,005063,0.1420272,tail_exact_name,medium,0.985
2002,2000,LAUDERDALE,NANKIPOO,4948,005051,8.17e-06,tail_exact_name,medium,0.985
2002,2000,LAUDERDALE,NANKIPOO,4948,005052,2.2e-07,tail_exact_name,medium,0.985
2002,2000,LAUDERDALE,PRICE,4936,005060,0.88384417,tail_exact_name,medium,0.985
2002,2000,LAUDERDALE,PRICE,4936,005064,0.11615583,tail_exact_name,medium,0.985
2002,2000,LAUDERDALE,PRICE,4936,005058,0.0,tail_exact_name,medium,0.985
2002,2000,LAUDERDALE,RIPLEY 2,0003,0003,1.0,exact_name,high,1.0
2002,2000,LAUDERDALE,RIPLEY 3,0004,0004,1.0,exact_name,high,1.0
2002,2000,LAUDERDALE,RIPLEY 4,0005,0005,1.0,exact_name,high,1.0
2002,2000,LAUDERDALE,X CROSSROADS,4940,005054,0.9982719,tail_fuzzy_name,low,0.909091
2002,2000,LAUDERDALE,X CROSSROADS,4940,005051,0.0015859,tail_fuzzy_name,low,0.909091
2002,2000,LAUDERDALE,X CROSSROADS,4940,005052,0.0001422,tail_fuzzy_name,low,0.909091
2002,2000,LAWRENCE,01 1 ST JOSEPH,0001,0001,1.0,exact_name,high,1.0
2002,2000,LAWRENCE,01 2 WEST LORETTO,0002,0002,1.0,exact_name,high,1.0
2002,2000,LAWRENCE,02 1 LORETTO CIV CTR,5020,005170,0.86970565,code_token_name,high,0.993
2002,2000,LAWRENCE,02 1 LORETTO CIV CTR,5020,005171,0.13029435,code_token_name,high,0.993
2002,2000,LAWRENCE,03 1 SE LAWRENCE,0004,0004,1.0,exact_name,high,1.0
2002,2000,LAWRENCE,03 2 CENTERPOINT,0005,0005,1.0,exact_name,high,1.0
2002,2000,LAWRENCE,04 1 CROSSROADS,0006,0006,1.0,exact_name,high,1.0
2002,2000,LAWRENCE,04 2 FALL RIVER,5090,005158,0.74337489,code_token_name,high,0.993
2002,2000,LAWRENCE,04 2 FALL RIVER,5090,005152,0.14541988,code_token_name,high,0.993
2002,2000,LAWRENCE,04 2 FALL RIVER,5090,005157,0.11120523,code_token_name,high,0.993
2002,2000,LAWRENCE,04 2 FALL RIVER,5090,005168,1e-08,code_token_name,high,0.993
2002,2000,LAWRENCE,04 2 FALL RIVER,5090,005167,0.0,code_token_name,high,0.993
2002,2000,LAWRENCE,05 1 LEOMA,0007,0007,1.0,exact_name,high,1.0
2002,2000,LAWRENCE,05 2 GANDY,0008,0008,1.0,exact_name,high,1.0
2002,2000,LAWRENCE,06 1 IRON CITY,0009,0009,1.0,exact_name,high,1.0
2002,2000,LAWRENCE,06 2 WEST POINT,0010,0010,1.0,exact_name,high,1.0
2002,2000,LAWRENCE,07 1 LAWRENCEBURG,5044,005173,0.40092049,code_token_name,high,0.993
2002,2000,LAWRENCE,07 1 LAWRENCEBURG,5044,005159,0.24200629,code_token_name,high,0.993
2002,2000,LAWRENCE,07 1 LAWRENCEBURG,5044,005164,0.23780629,code_token_name,high,0.993
2002,2000,LAWRENCE,07 1 LAWRENCEBURG,5044,005160,0.11926693,code_token_name,high,0.993
2002,2000,LAWRENCE,07 1 LAWRENCEBURG,5044,005162,0.0,code_token_name,high,0.993
2002,2000,LAWRENCE,07 1 LAWRENCEBURG,5044,005158,0.0,code_token_name,high,0.993
2002,2000,LAWRENCE,08 1 NEW PROSPECT,0012,0012,1.0,exact_name,high,1.0
2002,2000,LAWRENCE,09 1 ETHRIDGE,0013,0013,1.0,exact_name,high,1.0
2002,2000,LAWRENCE,09 2 MARS HILL,0014,0014,1.0,exact_name,high,1.0
2002,2000,LAWRENCE,10 1 HOWARDS,0015,0015,1.0,exact_name,high,1.0
2002,2000,LAWRENCE,10 2 BRACE,0015,0015,1.0,code_token_name,high,0.993
2002,2000,LAWRENCE,11 1 SUMMERTOWN,0016,0016,1.0,exact_name,high,1.0
2002,2000,LAWRENCE,12 1 CENTER,0017,0017,1.0,exact_name,high,1.0
2002,2000,LAWRENCE,12 2 HENRYVILLE,0018,0018,1.0,exact_name,high,1.0
2002,2000,LAWRENCE,13 1 WEST END,0019,0019,1.0,exact_name,high,1.0
2002,2000,LAWRENCE,13 2 MIDWEST,0019,0019,1.0,code_token_name,high,0.993
2002,2000,LAWRENCE,13 3 PEA RIDGE,0019,0019,1.0,code_token_name,high,0.993
2002,2000,LAWRENCE,14 1 CRAWFISH VALLEY,0020,0020,1.0,exact_name,high,1.0
2002,2000,LAWRENCE,15 1 DAVID CROCKETT,0021,0021,1.0,code_token_name,high,0.993
2002,2000,LAWRENCE,16 1 ROTARY PARK,0022,0022,1.0,exact_name,high,1.0
2002,2000,LAWRENCE,17 1 SOWELL,0023,0023,1.0,code_token_name,high,0.993
2002,2000,LAWRENCE,17 2 OLD ARMORY,0023,0023,1.0,code_token_name,high,0.993
2002,2000,LAWRENCE,18 1 E O COFFMAN,0024,0024,1.0,code_token_name,high,0.993
2002,2000,LEWIS,1 1,5144,005254,0.7294037,exact_name,high,1.0
2002,2000,LEWIS,1 1,5144,005255,0.2705963,exact_name,high,1.0
2002,2000,LEWIS,2 1,5148,005251,0.99999998,exact_name,high,1.0
2002,2000,LEWIS,2 1,5148,005254,2e-08,exact_name,high,1.0
2002,2000,LEWIS,2 1,5148,005253,0.0,exact_name,high,1.0
2002,2000,LEWIS,3 1,5160,005253,0.95414978,exact_name,high,1.0
2002,2000,LEWIS,3 1,5160,005256,0.04549716,exact_name,high,1.0
2002,2000,LEWIS,3 1,5160,005258,0.00035179,exact_name,high,1.0
2002,2000,LEWIS,3 1,5160,005251,1.27e-06,exact_name,high,1.0
2002,2000,LEWIS,4 1,5168,005252,0.92235389,exact_name,high,1.0
2002,2000,LEWIS,4 1,5168,005257,0.04105754,exact_name,high,1.0
2002,2000,LEWIS,4 1,5168,005253,0.03449464,exact_name,high,1.0
2002,2000,LEWIS,4 1,5168,005259,0.00209379,exact_name,high,1.0
2002,2000,LEWIS,4 1,5168,005256,1.4e-07,exact_name,high,1.0
2002,2000,LEWIS,5 1,5176,005255,0.69880907,exact_name,high,1.0
2002,2000,LEWIS,5 1,5176,005257,0.15418125,exact_name,high,1.0
2002,2000,LEWIS,5 1,5176,005254,0.06782601,exact_name,high,1.0
2002,2000,LEWIS,5 1,5176,005251,0.05046742,exact_name,high,1.0
2002,2000,LEWIS,5 1,5176,005258,0.02871619,exact_name,high,1.0
2002,2000,LEWIS,5 1,5176,005252,5e-08,exact_name,high,1.0
2002,2000,LEWIS,6 1,5184,005256,0.92924955,exact_name,high,1.0
2002,2000,LEWIS,6 1,5184,005253,0.07043592,exact_name,high,1.0
2002,2000,LEWIS,6 1,5184,005258,0.00031444,exact_name,high,1.0
2002,2000,LEWIS,6 1,5184,005252,6e-08,exact_name,high,1.0
2002,2000,LEWIS,6 1,5184,005257,2e-08,exact_name,high,1.0
2002,2000,LEWIS,6 1,5184,005259,0.0,exact_name,high,1.0
2002,2000,LEWIS,7 1,5188,005257,0.67314699,exact_name,high,1.0
2002,2000,LEWIS,7 1,5188,005259,0.1577809,exact_name,high,1.0
2002,2000,LEWIS,7 1,5188,005258,0.14561923,exact_name,high,1.0
2002,2000,LEWIS,7 1,5188,005256,0.02345289,exact_name,high,1.0
2002,2000,LEWIS,8 1,5192,005258,0.99340897,exact_name,high,1.0
2002,2000,LEWIS,8 1,5192,005259,0.00556236,exact_name,high,1.0
2002,2000,LEWIS,8 1,5192,005253,0.00095955,exact_name,high,1.0
2002,2000,LEWIS,8 1,5192,005256,6.912e-05,exact_name,high,1.0
2002,2000,LEWIS,9 1,5191,005259,0.57991634,exact_name,high,1.0
2002,2000,LEWIS,9 1,5191,005256,0.18872865,exact_name,high,1.0
2002,2000,LEWIS,9 1,5191,005257,0.17273182,exact_name,high,1.0
2002,2000,LEWIS,9 1,5191,005252,0.05862318,exact_name,high,1.0
2002,2000,LEWIS,9 1,5191,005253,0.0,exact_name,high,1.0
2002,2000,LINCOLN,9TH GRADE ACADEMY,5228,000005,0.74858015,forced_best_name,low,0.486486
2002,2000,LINCOLN,9TH GRADE ACADEMY,5228,000001,0.25141976,forced_best_name,low,0.486486
2002,2000,LINCOLN,9TH GRADE ACADEMY,5228,000007,8e-08,forced_best_name,low,0.486486
2002,2000,LINCOLN,9TH GRADE ACADEMY,5228,000010,1e-08,forced_best_name,low,0.486486
2002,2000,LINCOLN,ASKINS SCHOOL,5204,000007,0.98613415,exact_name,high,1.0
2002,2000,LINCOLN,ASKINS SCHOOL,5204,000018,0.01362765,exact_name,high,1.0
2002,2000,LINCOLN,ASKINS SCHOOL,5204,000001,0.0002382,exact_name,high,1.0
2002,2000,LINCOLN,ASKINS SCHOOL,5204,000010,0.0,exact_name,high,1.0
2002,2000,LINCOLN,ASKINS SCHOOL,5204,000005,0.0,exact_name,high,1.0
2002,2000,LINCOLN,BELLEVILLE CC,0014,0014,1.0,tail_fuzzy_name,low,0.869565
2002,2000,LINCOLN,BLANCHE SCHOOL,5212,000003,0.96906216,exact_name,high,1.0
2002,2000,LINCOLN,BLANCHE SCHOOL,5212,000015,0.03093779,exact_name,high,1.0
2002,2000,LINCOLN,BLANCHE SCHOOL,5212,000020,4e-08,exact_name,high,1.0
2002,2000,LINCOLN,BLANCHE SCHOOL,5212,000004,0.0,exact_name,high,1.0
2002,2000,LINCOLN,BOONSHILL CC,5216,000004,0.92546697,forced_best_name,low,0.709677
2002,2000,LINCOLN,BOONSHILL CC,5216,000010,0.05256367,forced_best_name,low,0.709677
2002,2000,LINCOLN,BOONSHILL CC,5216,000017,0.02179869,forced_best_name,low,0.709677
2002,2000,LINCOLN,BOONSHILL CC,5216,000005,0.00017065,forced_best_name,low,0.709677
2002,2000,LINCOLN,BOONSHILL CC,5216,000015,1e-08,forced_best_name,low,0.709677
2002,2000,LINCOLN,BOONSHILL CC,5216,000003,0.0,forced_best_name,low,0.709677
2002,2000,LINCOLN,CO HWY GARAGE,5228,000005,0.74858015,prefix_name,high,0.995
2002,2000,LINCOLN,CO HWY GARAGE,5228,000001,0.25141976,prefix_name,high,0.995
2002,2000,LINCOLN,CO HWY GARAGE,5228,000007,8e-08,prefix_name,high,0.995
2002,2000,LINCOLN,CO HWY GARAGE,5228,000010,1e-08,prefix_name,high,0.995
2002,2000,LINCOLN,ELORA CC,0016,0016,1.0,tail_fuzzy_name,low,0.769231
2002,2000,LINCOLN,FLINTVILLE FIRE HALL,5236,000008,0.85487899,exact_name,high,1.0
2002,2000,LINCOLN,FLINTVILLE FIRE HALL,5236,000013,0.11033948,exact_name,high,1.0
2002,2000,LINCOLN,FLINTVILLE FIRE HALL,5236,000019,0.03458147,exact_name,high,1.0
2002,2000,LINCOLN,FLINTVILLE FIRE HALL,5236,000006,0.00019463,exact_name,high,1.0
2002,2000,LINCOLN,FLINTVILLE FIRE HALL,5236,000011,5.43e-06,exact_name,high,1.0
2002,2000,LINCOLN,FLINTVILLE FIRE HALL,5236,000012,0.0,exact_name,high,1.0
2002,2000,LINCOLN,FNB COMMUNITY ROO,5256,000013,0.99985683,forced_best_name,low,0.647059
2002,2000,LINCOLN,FNB COMMUNITY ROO,5256,000009,0.00014308,forced_best_name,low,0.647059
2002,2000,LINCOLN,FNB COMMUNITY ROO,5256,000008,6e-08,forced_best_name,low,0.647059
2002,2000,LINCOLN,FNB COMMUNITY ROO,5256,000019,3e-08,forced_best_name,low,0.647059
2002,2000,LINCOLN,HIGHLAND RIM SCHOOL,5240,000009,0.50345881,exact_name,high,1.0
2002,2000,LINCOLN,HIGHLAND RIM SCHOOL,5240,000014,0.44564073,exact_name,high,1.0
2002,2000,LINCOLN,HIGHLAND RIM SCHOOL,5240,000020,0.02605653,exact_name,high,1.0
2002,2000,LINCOLN,HIGHLAND RIM SCHOOL,5240,000013,0.01678402,exact_name,high,1.0
2002,2000,LINCOLN,HIGHLAND RIM SCHOOL,5240,000005,0.00805751,exact_name,high,1.0
2002,2000,LINCOLN,HIGHLAND RIM SCHOOL,5240,000015,2.37e-06,exact_name,high,1.0
2002,2000,LINCOLN,HIGHLAND RIM SCHOOL,5240,000012,2e-08,exact_name,high,1.0
2002,2000,LINCOLN,HOWELL,5244,000010,0.99998897,prefix_name,high,0.995
2002,2000,LINCOLN,HOWELL,5244,000002,1.097e-05,prefix_name,high,0.995
2002,2000,LINCOLN,HOWELL,5244,000007,6e-08,prefix_name,high,0.995
2002,2000,LINCOLN,KELSO CC,5252,000011,0.95348367,forced_best_name,low,0.608696
2002,2000,LINCOLN,KELSO CC,5252,000012,0.04620356,forced_best_name,low,0.608696
2002,2000,LINCOLN,KELSO CC,5252,000008,0.00031277,forced_best_name,low,0.608696
2002,2000,LINCOLN,KELSO CC,5252,000019,0.0,forced_best_name,low,0.608696
2002,2000,LINCOLN,LINCOLN CC,0019,0019,1.0,tail_fuzzy_name,low,0.823529
2002,2000,LINCOLN,MOLINO,5213,000015,0.54673277,prefix_name,high,0.995
2002,2000,LINCOLN,MOLINO,5213,000005,0.45326697,prefix_name,high,0.995
2002,2000,LINCOLN,MOLINO,5213,000014,1.7e-07,prefix_name,high,0.995
2002,2000,LINCOLN,MOLINO,5213,000010,8e-08,prefix_name,high,0.995
2002,2000,LINCOLN,MOLINO,5213,000004,1e-08,prefix_name,high,0.995
2002,2000,LINCOLN,MOLINO,5213,000003,0.0,prefix_name,high,0.995
2002,2000,LINCOLN,MULBERRY FIRE HALL,5260,000016,0.51050252,exact_name,high,1.0
2002,2000,LINCOLN,MULBERRY FIRE HALL,5260,000011,0.47972321,exact_name,high,1.0
2002,2000,LINCOLN,MULBERRY FIRE HALL,5260,000018,0.00916614,exact_name,high,1.0
2002,2000,LINCOLN,MULBERRY FIRE HALL,5260,000002,0.00049212,exact_name,high,1.0
2002,2000,LINCOLN,MULBERRY FIRE HALL,5260,000012,0.00011601,exact_name,high,1.0
2002,2000,LINCOLN,PETERSBURG,5264,000017,0.99649598,prefix_name,high,0.995
2002,2000,LINCOLN,PETERSBURG,5264,000002,0.00350402,prefix_name,high,0.995
2002,2000,LINCOLN,RECREATION CENTER,5268,000016,0.70096671,exact_name,high,1.0
2002,2000,LINCOLN,RECREATION CENTER,5268,000007,0.27585929,exact_name,high,1.0
2002,2000,LINCOLN,RECREATION CENTER,5268,000018,0.02317401,exact_name,high,1.0
2002,2000,LINCOLN,RECREATION CENTER,5268,000002,0.0,exact_name,high,1.0
2002,2000,LINCOLN,RECREATION CENTER,5268,000010,0.0,exact_name,high,1.0
2002,2000,LINCOLN,SOUTH LINCOLN,5248,000019,0.43883347,exact_name,high,1.0
2002,2000,LINCOLN,SOUTH LINCOLN,5248,000012,0.3603979,exact_name,high,1.0
2002,2000,LINCOLN,SOUTH LINCOLN,5248,000013,0.20076863,exact_name,high,1.0
2002,2000,LINCOLN,SOUTH LINCOLN,5248,000009,0.0,exact_name,high,1.0
2002,2000,LINCOLN,SOUTH LINCOLN,5248,000008,0.0,exact_name,high,1.0
2002,2000,LINCOLN,TAFT FIREHALL,5276,000020,0.96692696,exact_name,high,1.0
2002,2000,LINCOLN,TAFT FIREHALL,5276,000003,0.03307129,exact_name,high,1.0
2002,2000,LINCOLN,TAFT FIREHALL,5276,000014,1.03e-06,exact_name,high,1.0
2002,2000,LINCOLN,TAFT FIREHALL,5276,000015,7.2e-07,exact_name,high,1.0
2002,2000,LINCOLN,TAFT FIREHALL,5276,000009,0.0,exact_name,high,1.0
2002,2000,LINCOLN,THORTON TAYLOR PKWY,5225,000012,0.95521771,prefix_name,high,0.995
2002,2000,LINCOLN,THORTON TAYLOR PKWY,5225,000018,0.03395074,prefix_name,high,0.995
2002,2000,LINCOLN,THORTON TAYLOR PKWY,5225,000016,0.01044972,prefix_name,high,0.995
2002,2000,LINCOLN,THORTON TAYLOR PKWY,5225,000011,0.00038181,prefix_name,high,0.995
2002,2000,LINCOLN,THORTON TAYLOR PKWY,5225,000009,2e-08,prefix_name,high,0.995
2002,2000,LINCOLN,THORTON TAYLOR PKWY,5225,000019,0.0,prefix_name,high,0.995
2002,2000,LINCOLN,THORTON TAYLOR PKWY,5225,000005,0.0,prefix_name,high,0.995
2002,2000,LINCOLN,THORTON TAYLOR PKWY,5225,000001,0.0,prefix_name,high,0.995
2002,2000,LINCOLN,THORTON TAYLOR PKWY,5225,000014,0.0,prefix_name,high,0.995
2002,2000,LOUDON,BROWDER,5284,005462,0.47572468,exact_name,high,1.0
2002,2000,LOUDON,BROWDER,5284,005452,0.30623061,exact_name,high,1.0
2002,2000,LOUDON,BROWDER,5284,005453,0.16025914,exact_name,high,1.0
2002,2000,LOUDON,BROWDER,5284,005461,0.0348629,exact_name,high,1.0
2002,2000,LOUDON,BROWDER,5284,005460,0.02292266,exact_name,high,1.0
2002,2000,LOUDON,BROWDER,5284,005463,0.0,exact_name,high,1.0
2002,2000,LOUDON,BROWDER,5284,005465,0.0,exact_name,high,1.0
2002,2000,LOUDON,DAVIS,5288,005459,0.40220112,exact_name,high,1.0
2002,2000,LOUDON,DAVIS,5288,005455,0.39695616,exact_name,high,1.0
2002,2000,LOUDON,DAVIS,5288,005465,0.12982661,exact_name,high,1.0
2002,2000,LOUDON,DAVIS,5288,005464,0.07101604,exact_name,high,1.0
2002,2000,LOUDON,DAVIS,5288,005454,6e-08,exact_name,high,1.0
2002,2000,LOUDON,DAVIS,5288,005452,2e-08,exact_name,high,1.0
2002,2000,LOUDON,DAVIS,5288,005460,0.0,exact_name,high,1.0
2002,2000,LOUDON,DAVIS,5288,005457,0.0,exact_name,high,1.0
2002,2000,LOUDON,EATONS,5292,005463,0.6464432,exact_name,high,1.0
2002,2000,LOUDON,EATONS,5292,005462,0.33063297,exact_name,high,1.0
2002,2000,LOUDON,EATONS,5292,005461,0.0229236,exact_name,high,1.0
2002,2000,LOUDON,EATONS,5292,005452,2.1e-07,exact_name,high,1.0
2002,2000,LOUDON,EATONS,5292,005460,1e-08,exact_name,high,1.0
2002,2000,LOUDON,EATONS,5292,005458,0.0,exact_name,high,1.0
2002,2000,LOUDON,GLENDALE,5296,005457,0.99998531,exact_name,high,1.0
2002,2000,LOUDON,GLENDALE,5296,005460,1.445e-05,exact_name,high,1.0
2002,2000,LOUDON,GLENDALE,5296,005465,1.9e-07,exact_name,high,1.0
2002,2000,LOUDON,GLENDALE,5296,005456,5e-08,exact_name,high,1.0
2002,2000,LOUDON,GLENDALE,5296,005464,0.0,exact_name,high,1.0
2002,2000,LOUDON,GREENBACK,5300,005456,0.99999989,exact_name,high,1.0
2002,2000,LOUDON,GREENBACK,5300,005457,1.1e-07,exact_name,high,1.0
2002,2000,LOUDON,GREENBACK,5300,005455,0.0,exact_name,high,1.0
2002,2000,LOUDON,GREENBACK,5300,005464,0.0,exact_name,high,1.0
2002,2000,LOUDON,HIGHLAND PARK,5304,005458,0.74160966,exact_name,high,1.0
2002,2000,LOUDON,HIGHLAND PARK,5304,005463,0.25839014,exact_name,high,1.0
2002,2000,LOUDON,HIGHLAND PARK,5304,005457,1e-07,exact_name,high,1.0
2002,2000,LOUDON,HIGHLAND PARK,5304,005461,1e-07,exact_name,high,1.0
2002,2000,LOUDON,HIGHLAND PARK,5304,005460,0.0,exact_name,high,1.0
2002,2000,LOUDON,LENOIR CITY EAST,5308,005460,0.9251458,exact_name,high,1.0
2002,2000,LOUDON,LENOIR CITY EAST,5308,005461,0.07485414,exact_name,high,1.0
2002,2000,LOUDON,LENOIR CITY EAST,5308,005457,4e-08,exact_name,high,1.0
2002,2000,LOUDON,LENOIR CITY EAST,5308,005463,2e-08,exact_name,high,1.0
2002,2000,LOUDON,LENOIR CITY EAST,5308,005462,0.0,exact_name,high,1.0
2002,2000,LOUDON,LENOIR CITY OUTSIDE,5312,005461,0.97183931,exact_name,high,1.0
2002,2000,LOUDON,LENOIR CITY OUTSIDE,5312,005460,0.02816061,exact_name,high,1.0
2002,2000,LOUDON,LENOIR CITY OUTSIDE,5312,005458,8e-08,exact_name,high,1.0
2002,2000,LOUDON,LENOIR CITY WEST,5316,005460,0.99707262,exact_name,high,1.0
2002,2000,LOUDON,LENOIR CITY WEST,5316,005462,0.00290508,exact_name,high,1.0
2002,2000,LOUDON,LENOIR CITY WEST,5316,005461,2.219e-05,exact_name,high,1.0
2002,2000,LOUDON,LENOIR CITY WEST,5316,005452,1.1e-07,exact_name,high,1.0
2002,2000,LOUDON,LENOIR CITY WEST,5316,005465,0.0,exact_name,high,1.0
2002,2000,LOUDON,LOUDON EAST,5320,005453,0.98167132,exact_name,high,1.0
2002,2000,LOUDON,LOUDON EAST,5320,005452,0.01832868,exact_name,high,1.0
2002,2000,LOUDON,LOUDON OUTSIDE,5324,005452,0.61800605,exact_name,high,1.0
2002,2000,LOUDON,LOUDON OUTSIDE,5324,005454,0.19229363,exact_name,high,1.0
2002,2000,LOUDON,LOUDON OUTSIDE,5324,005451,0.17950648,exact_name,high,1.0
2002,2000,LOUDON,LOUDON OUTSIDE,5324,005453,0.01019383,exact_name,high,1.0
2002,2000,LOUDON,LOUDON OUTSIDE,5324,005462,1e-08,exact_name,high,1.0
2002,2000,LOUDON,LOUDON WEST,5328,005453,0.98185056,exact_name,high,1.0
2002,2000,LOUDON,LOUDON WEST,5328,005452,0.01814944,exact_name,high,1.0
2002,2000,LOUDON,LUTTRELL,5332,005451,1.0,exact_name,high,1.0
2002,2000,LOUDON,LUTTRELL,5332,005454,0.0,exact_name,high,1.0
2002,2000,LOUDON,PHILADELPHIA,5336,005454,0.91043742,exact_name,high,1.0
2002,2000,LOUDON,PHILADELPHIA,5336,005452,0.08942244,exact_name,high,1.0
2002,2000,LOUDON,PHILADELPHIA,5336,005453,0.00011645,exact_name,high,1.0
2002,2000,LOUDON,PHILADELPHIA,5336,005455,2.365e-05,exact_name,high,1.0
2002,2000,LOUDON,PHILADELPHIA,5336,005451,4e-08,exact_name,high,1.0
2002,2000,LOUDON,TELLICO VILLAGE,5338,005464,0.35206221,exact_name,high,1.0
2002,2000,LOUDON,TELLICO VILLAGE,5338,005465,0.33014078,exact_name,high,1.0
2002,2000,LOUDON,TELLICO VILLAGE,5338,005455,0.31779558,exact_name,high,1.0
2002,2000,LOUDON,TELLICO VILLAGE,5338,005456,1.21e-06,exact_name,high,1.0
2002,2000,LOUDON,TELLICO VILLAGE,5338,005459,2.1e-07,exact_name,high,1.0
2002,2000,LOUDON,TELLICO VILLAGE,5338,005457,1e-08,exact_name,high,1.0
2002,2000,MACON,01 CROSS ROADS CC,5340,005558,0.37609826,code_token_name,high,0.993
2002,2000,MACON,01 CROSS ROADS CC,5340,005557,0.32729728,code_token_name,high,0.993
2002,2000,MACON,01 CROSS ROADS CC,5340,005555,0.28742543,code_token_name,high,0.993
2002,2000,MACON,01 CROSS ROADS CC,5340,005559,0.0091789,code_token_name,high,0.993
2002,2000,MACON,01 CROSS ROADS CC,5340,005556,1.3e-07,code_token_name,high,0.993
2002,2000,MACON,01 CROSS ROADS CC,5340,005560,0.0,code_token_name,high,0.993
2002,2000,MACON,02 WESTSIDE SCHOOL,5344,005558,0.46005957,code_token_name,high,0.993
2002,2000,MACON,02 WESTSIDE SCHOOL,5344,005556,0.45946673,code_token_name,high,0.993
2002,2000,MACON,02 WESTSIDE SCHOOL,5344,005557,0.08047369,code_token_name,high,0.993
2002,2000,MACON,02 WESTSIDE SCHOOL,5344,005555,2e-08,code_token_name,high,0.993
2002,2000,MACON,03 SALLY WELLS BLDG,5348,005555,0.68825077,code_token_name,high,0.993
2002,2000,MACON,03 SALLY WELLS BLDG,5348,005557,0.31174923,code_token_name,high,0.993
2002,2000,MACON,03 SALLY WELLS BLDG,5348,005556,0.0,code_token_name,high,0.993
2002,2000,MACON,04 CENTRAL ELEM SCH,5352,005557,0.71092037,code_token_name,high,0.993
2002,2000,MACON,04 CENTRAL ELEM SCH,5352,005554,0.24969618,code_token_name,high,0.993
2002,2000,MACON,04 CENTRAL ELEM SCH,5352,005552,0.03827564,code_token_name,high,0.993
2002,2000,MACON,04 CENTRAL ELEM SCH,5352,005560,0.00110781,code_token_name,high,0.993
2002,2000,MACON,05 GALEN SCH MUSEU,5356,005558,0.56426336,code_token_name,high,0.993
2002,2000,MACON,05 GALEN SCH MUSEU,5356,005553,0.43573663,code_token_name,high,0.993
2002,2000,MACON,05 GALEN SCH MUSEU,5356,005559,0.0,code_token_name,high,0.993
2002,2000,MACON,06 LAFAYETTE ELEM,5360,005552,0.76438951,code_token_name,high,0.993
2002,2000,MACON,06 LAFAYETTE ELEM,5360,005551,0.23561049,code_token_name,high,0.993
2002,2000,MACON,07 MACON CO JR HS,5364,005552,1.0,code_token_name,high,0.993
2002,2000,MACON,08 RBS HIGH SCHOOL,5368,005552,0.6458253,code_token_name,high,0.993
2002,2000,MACON,08 RBS HIGH SCHOOL,5368,005554,0.35381849,code_token_name,high,0.993
2002,2000,MACON,08 RBS HIGH SCHOOL,5368,005560,0.00035621,code_token_name,high,0.993
2002,2000,MACON,09 WILLETTE HEAD STR,5372,005553,0.99922569,code_token_name,high,0.993
2002,2000,MACON,09 WILLETTE HEAD STR,5372,005558,0.00077429,code_token_name,high,0.993
2002,2000,MACON,09 WILLETTE HEAD STR,5372,005554,2e-08,code_token_name,high,0.993
2002,2000,MADISON,01 1 CARL PERKINS,5440,005651,0.59499291,code_token_name,high,0.993
2002,2000,MADISON,01 1 CARL PERKINS,5440,005656,0.40294401,code_token_name,high,0.993
2002,2000,MADISON,01 1 CARL PERKINS,5440,005664,0.00206176,code_token_name,high,0.993
2002,2000,MADISON,01 1 CARL PERKINS,5440,005682,1.1e-06,code_token_name,high,0.993
2002,2000,MADISON,01 1 CARL PERKINS,5440,005652,1.2e-07,code_token_name,high,0.993
2002,2000,MADISON,01 1 CARL PERKINS,5440,005663,1e-07,code_token_name,high,0.993
2002,2000,MADISON,01 1 CARL PERKINS,5440,005672,0.0,code_token_name,high,0.993
2002,2000,MADISON,01 2 WASHINGTON DO,5440,005651,0.59499291,code_token_name,high,0.993
2002,2000,MADISON,01 2 WASHINGTON DO,5440,005656,0.40294401,code_token_name,high,0.993
2002,2000,MADISON,01 2 WASHINGTON DO,5440,005664,0.00206176,code_token_name,high,0.993
2002,2000,MADISON,01 2 WASHINGTON DO,5440,005682,1.1e-06,code_token_name,high,0.993
2002,2000,MADISON,01 2 WASHINGTON DO,5440,005652,1.2e-07,code_token_name,high,0.993
2002,2000,MADISON,01 2 WASHINGTON DO,5440,005663,1e-07,code_token_name,high,0.993
2002,2000,MADISON,01 2 WASHINGTON DO,5440,005672,0.0,code_token_name,high,0.993
2002,2000,MADISON,02 1 ALEXANDER ELEM,5450,005671,0.52544211,code_token_name,high,0.993
2002,2000,MADISON,02 1 ALEXANDER ELEM,5450,005651,0.47454726,code_token_name,high,0.993
2002,2000,MADISON,02 1 ALEXANDER ELEM,5450,005672,1.063e-05,code_token_name,high,0.993
2002,2000,MADISON,02 1 ALEXANDER ELEM,5450,005654,0.0,code_token_name,high,0.993
2002,2000,MADISON,02 2 ALDERSGATE UMC,5450,005671,0.52544211,code_token_name,high,0.993
2002,2000,MADISON,02 2 ALDERSGATE UMC,5450,005651,0.47454726,code_token_name,high,0.993
2002,2000,MADISON,02 2 ALDERSGATE UMC,5450,005672,1.063e-05,code_token_name,high,0.993
2002,2000,MADISON,02 2 ALDERSGATE UMC,5450,005654,0.0,code_token_name,high,0.993
2002,2000,MADISON,02 3 TIGRETT MIDDLE,5450,005671,0.52544211,code_token_name,high,0.993
2002,2000,MADISON,02 3 TIGRETT MIDDLE,5450,005651,0.47454726,code_token_name,high,0.993
2002,2000,MADISON,02 3 TIGRETT MIDDLE,5450,005672,1.063e-05,code_token_name,high,0.993
2002,2000,MADISON,02 3 TIGRETT MIDDLE,5450,005654,0.0,code_token_name,high,0.993
2002,2000,MADISON,03 1 BOARD OF EDUC,5460,005678,0.4533141,code_token_name,high,0.993
2002,2000,MADISON,03 1 BOARD OF EDUC,5460,005677,0.42121364,code_token_name,high,0.993
2002,2000,MADISON,03 1 BOARD OF EDUC,5460,005656,0.12543542,code_token_name,high,0.993
2002,2000,MADISON,03 1 BOARD OF EDUC,5460,005675,3.661e-05,code_token_name,high,0.993
2002,2000,MADISON,03 1 BOARD OF EDUC,5460,005674,2.3e-07,code_token_name,high,0.993
2002,2000,MADISON,03 1 BOARD OF EDUC,5460,005679,0.0,code_token_name,high,0.993
2002,2000,MADISON,03 1 BOARD OF EDUC,5460,005676,0.0,code_token_name,high,0.993
2002,2000,MADISON,03 2 OLD BELLS RD 10,5460,005678,0.4533141,code_token_name,high,0.993
2002,2000,MADISON,03 2 OLD BELLS RD 10,5460,005677,0.42121364,code_token_name,high,0.993
2002,2000,MADISON,03 2 OLD BELLS RD 10,5460,005656,0.12543542,code_token_name,high,0.993
2002,2000,MADISON,03 2 OLD BELLS RD 10,5460,005675,3.661e-05,code_token_name,high,0.993
2002,2000,MADISON,03 2 OLD BELLS RD 10,5460,005674,2.3e-07,code_token_name,high,0.993
2002,2000,MADISON,03 2 OLD BELLS RD 10,5460,005679,0.0,code_token_name,high,0.993
2002,2000,MADISON,03 2 OLD BELLS RD 10,5460,005676,0.0,code_token_name,high,0.993
2002,2000,MADISON,03 3 WEST JACKSON,5460,005678,0.4533141,code_token_name,high,0.993
2002,2000,MADISON,03 3 WEST JACKSON,5460,005677,0.42121364,code_token_name,high,0.993
2002,2000,MADISON,03 3 WEST JACKSON,5460,005656,0.12543542,code_token_name,high,0.993
2002,2000,MADISON,03 3 WEST JACKSON,5460,005675,3.661e-05,code_token_name,high,0.993
2002,2000,MADISON,03 3 WEST JACKSON,5460,005674,2.3e-07,code_token_name,high,0.993
2002,2000,MADISON,03 3 WEST JACKSON,5460,005679,0.0,code_token_name,high,0.993
2002,2000,MADISON,03 3 WEST JACKSON,5460,005676,0.0,code_token_name,high,0.993
2002,2000,MADISON,04 1 CALVARY BAPTIST,5470,005655,0.58254665,code_token_name,high,0.993
2002,2000,MADISON,04 1 CALVARY BAPTIST,5470,005671,0.26564345,code_token_name,high,0.993
2002,2000,MADISON,04 1 CALVARY BAPTIST,5470,005654,0.15174822,code_token_name,high,0.993
2002,2000,MADISON,04 1 CALVARY BAPTIST,5470,005672,4.226e-05,code_token_name,high,0.993
2002,2000,MADISON,04 1 CALVARY BAPTIST,5470,005673,1.941e-05,code_token_name,high,0.993
2002,2000,MADISON,04 2 ANDREW JACKSO,5470,005655,0.58254665,code_token_name,high,0.993
2002,2000,MADISON,04 2 ANDREW JACKSO,5470,005671,0.26564345,code_token_name,high,0.993
2002,2000,MADISON,04 2 ANDREW JACKSO,5470,005654,0.15174822,code_token_name,high,0.993
2002,2000,MADISON,04 2 ANDREW JACKSO,5470,005672,4.226e-05,code_token_name,high,0.993
2002,2000,MADISON,04 2 ANDREW JACKSO,5470,005673,1.941e-05,code_token_name,high,0.993
2002,2000,MADISON,04 3 VANN DR FIRE 5,5470,005655,0.58254665,code_token_name,high,0.993
2002,2000,MADISON,04 3 VANN DR FIRE 5,5470,005671,0.26564345,code_token_name,high,0.993
2002,2000,MADISON,04 3 VANN DR FIRE 5,5470,005654,0.15174822,code_token_name,high,0.993
2002,2000,MADISON,04 3 VANN DR FIRE 5,5470,005672,4.226e-05,code_token_name,high,0.993
2002,2000,MADISON,04 3 VANN DR FIRE 5,5470,005673,1.941e-05,code_token_name,high,0.993
2002,2000,MADISON,05 1 WHITEHALL ELEM,5480,005652,0.51540975,code_token_name,high,0.993
2002,2000,MADISON,05 1 WHITEHALL ELEM,5480,005653,0.46722881,code_token_name,high,0.993
2002,2000,MADISON,05 1 WHITEHALL ELEM,5480,005664,0.01646362,code_token_name,high,0.993
2002,2000,MADISON,05 1 WHITEHALL ELEM,5480,005667,0.00077638,code_token_name,high,0.993
2002,2000,MADISON,05 1 WHITEHALL ELEM,5480,005654,0.00012144,code_token_name,high,0.993
2002,2000,MADISON,05 2 LINCOLN MAGNET,5480,005652,0.51540975,code_token_name,high,0.993
2002,2000,MADISON,05 2 LINCOLN MAGNET,5480,005653,0.46722881,code_token_name,high,0.993
2002,2000,MADISON,05 2 LINCOLN MAGNET,5480,005664,0.01646362,code_token_name,high,0.993
2002,2000,MADISON,05 2 LINCOLN MAGNET,5480,005667,0.00077638,code_token_name,high,0.993
2002,2000,MADISON,05 2 LINCOLN MAGNET,5480,005654,0.00012144,code_token_name,high,0.993
2002,2000,MADISON,05 3 NO PARKWAY MID,5480,005652,0.51540975,code_token_name,high,0.993
2002,2000,MADISON,05 3 NO PARKWAY MID,5480,005653,0.46722881,code_token_name,high,0.993
2002,2000,MADISON,05 3 NO PARKWAY MID,5480,005664,0.01646362,code_token_name,high,0.993
2002,2000,MADISON,05 3 NO PARKWAY MID,5480,005667,0.00077638,code_token_name,high,0.993
2002,2000,MADISON,05 3 NO PARKWAY MID,5480,005654,0.00012144,code_token_name,high,0.993
2002,2000,MADISON,06 1 SOUTHSIDE HIGH,5490,005682,0.95300224,code_token_name,high,0.993
2002,2000,MADISON,06 1 SOUTHSIDE HIGH,5490,005663,0.04269513,code_token_name,high,0.993
2002,2000,MADISON,06 1 SOUTHSIDE HIGH,5490,005660,0.00347589,code_token_name,high,0.993
2002,2000,MADISON,06 1 SOUTHSIDE HIGH,5490,005657,0.00056824,code_token_name,high,0.993
2002,2000,MADISON,06 1 SOUTHSIDE HIGH,5490,005651,0.0002583,code_token_name,high,0.993
2002,2000,MADISON,06 1 SOUTHSIDE HIGH,5490,005656,2e-07,code_token_name,high,0.993
2002,2000,MADISON,06 2 SOUTH ELEM,5490,005682,0.95300224,code_token_name,high,0.993
2002,2000,MADISON,06 2 SOUTH ELEM,5490,005663,0.04269513,code_token_name,high,0.993
2002,2000,MADISON,06 2 SOUTH ELEM,5490,005660,0.00347589,code_token_name,high,0.993
2002,2000,MADISON,06 2 SOUTH ELEM,5490,005657,0.00056824,code_token_name,high,0.993
2002,2000,MADISON,06 2 SOUTH ELEM,5490,005651,0.0002583,code_token_name,high,0.993
2002,2000,MADISON,06 2 SOUTH ELEM,5490,005656,2e-07,code_token_name,high,0.993
2002,2000,MADISON,06 3 LESTERS CHAPEL,5490,005682,0.95300224,code_token_name,high,0.993
2002,2000,MADISON,06 3 LESTERS CHAPEL,5490,005663,0.04269513,code_token_name,high,0.993
2002,2000,MADISON,06 3 LESTERS CHAPEL,5490,005660,0.00347589,code_token_name,high,0.993
2002,2000,MADISON,06 3 LESTERS CHAPEL,5490,005657,0.00056824,code_token_name,high,0.993
2002,2000,MADISON,06 3 LESTERS CHAPEL,5490,005651,0.0002583,code_token_name,high,0.993
2002,2000,MADISON,06 3 LESTERS CHAPEL,5490,005656,2e-07,code_token_name,high,0.993
2002,2000,MADISON,06 4 MALESUS CC,5490,005682,0.95300224,code_token_name,high,0.993
2002,2000,MADISON,06 4 MALESUS CC,5490,005663,0.04269513,code_token_name,high,0.993
2002,2000,MADISON,06 4 MALESUS CC,5490,005660,0.00347589,code_token_name,high,0.993
2002,2000,MADISON,06 4 MALESUS CC,5490,005657,0.00056824,code_token_name,high,0.993
2002,2000,MADISON,06 4 MALESUS CC,5490,005651,0.0002583,code_token_name,high,0.993
2002,2000,MADISON,06 4 MALESUS CC,5490,005656,2e-07,code_token_name,high,0.993
2002,2000,MADISON,06 5 MEDON CTY HALL,5490,005682,0.95300224,code_token_name,high,0.993
2002,2000,MADISON,06 5 MEDON CTY HALL,5490,005663,0.04269513,code_token_name,high,0.993
2002,2000,MADISON,06 5 MEDON CTY HALL,5490,005660,0.00347589,code_token_name,high,0.993
2002,2000,MADISON,06 5 MEDON CTY HALL,5490,005657,0.00056824,code_token_name,high,0.993
2002,2000,MADISON,06 5 MEDON CTY HALL,5490,005651,0.0002583,code_token_name,high,0.993
2002,2000,MADISON,06 5 MEDON CTY HALL,5490,005656,2e-07,code_token_name,high,0.993
2002,2000,MADISON,07 1 UT EXPERIMENT,5500,005657,0.58617215,code_token_name,high,0.993
2002,2000,MADISON,07 1 UT EXPERIMENT,5500,005658,0.34748559,code_token_name,high,0.993
2002,2000,MADISON,07 1 UT EXPERIMENT,5500,005656,0.06634226,code_token_name,high,0.993
2002,2000,MADISON,07 1 UT EXPERIMENT,5500,005659,0.0,code_token_name,high,0.993
2002,2000,MADISON,07 2 TENNESSEE TECH,5500,005657,0.58617215,code_token_name,high,0.993
2002,2000,MADISON,07 2 TENNESSEE TECH,5500,005658,0.34748559,code_token_name,high,0.993
2002,2000,MADISON,07 2 TENNESSEE TECH,5500,005656,0.06634226,code_token_name,high,0.993
2002,2000,MADISON,07 2 TENNESSEE TECH,5500,005659,0.0,code_token_name,high,0.993
2002,2000,MADISON,07 3 DENMARK ELEM,5500,005657,0.58617215,code_token_name,high,0.993
2002,2000,MADISON,07 3 DENMARK ELEM,5500,005658,0.34748559,code_token_name,high,0.993
2002,2000,MADISON,07 3 DENMARK ELEM,5500,005656,0.06634226,code_token_name,high,0.993
2002,2000,MADISON,07 3 DENMARK ELEM,5500,005659,0.0,code_token_name,high,0.993
2002,2000,MADISON,07 4 MERCER FIRE 8,5500,005657,0.58617215,code_token_name,high,0.993
2002,2000,MADISON,07 4 MERCER FIRE 8,5500,005658,0.34748559,code_token_name,high,0.993
2002,2000,MADISON,07 4 MERCER FIRE 8,5500,005656,0.06634226,code_token_name,high,0.993
2002,2000,MADISON,07 4 MERCER FIRE 8,5500,005659,0.0,code_token_name,high,0.993
2002,2000,MADISON,08 1 BEECH BLUFF RUR,5510,005666,0.72315294,code_token_name,high,0.993
2002,2000,MADISON,08 1 BEECH BLUFF RUR,5510,005667,0.27684696,code_token_name,high,0.993
2002,2000,MADISON,08 1 BEECH BLUFF RUR,5510,005665,6e-08,code_token_name,high,0.993
2002,2000,MADISON,08 1 BEECH BLUFF RUR,5510,005664,4e-08,code_token_name,high,0.993
2002,2000,MADISON,08 2 BROWN S FIRE 12,5510,005666,0.72315294,code_token_name,high,0.993
2002,2000,MADISON,08 2 BROWN S FIRE 12,5510,005667,0.27684696,code_token_name,high,0.993
2002,2000,MADISON,08 2 BROWN S FIRE 12,5510,005665,6e-08,code_token_name,high,0.993
2002,2000,MADISON,08 2 BROWN S FIRE 12,5510,005664,4e-08,code_token_name,high,0.993
2002,2000,MADISON,08 3 MIFFLIN FIRE 15,5510,005666,0.72315294,code_token_name,high,0.993
2002,2000,MADISON,08 3 MIFFLIN FIRE 15,5510,005667,0.27684696,code_token_name,high,0.993
2002,2000,MADISON,08 3 MIFFLIN FIRE 15,5510,005665,6e-08,code_token_name,high,0.993
2002,2000,MADISON,08 3 MIFFLIN FIRE 15,5510,005664,4e-08,code_token_name,high,0.993
2002,2000,MADISON,08 4 EAST UNION CC,5510,005666,0.72315294,code_token_name,high,0.993
2002,2000,MADISON,08 4 EAST UNION CC,5510,005667,0.27684696,code_token_name,high,0.993
2002,2000,MADISON,08 4 EAST UNION CC,5510,005665,6e-08,code_token_name,high,0.993
2002,2000,MADISON,08 4 EAST UNION CC,5510,005664,4e-08,code_token_name,high,0.993
2002,2000,MADISON,09 1 V F W,5520,005676,0.61956531,code_token_name,high,0.993
2002,2000,MADISON,09 1 V F W,5520,005675,0.22920508,code_token_name,high,0.993
2002,2000,MADISON,09 1 V F W,5520,005669,0.15037107,code_token_name,high,0.993
2002,2000,MADISON,09 1 V F W,5520,005673,0.0008571,code_token_name,high,0.993
2002,2000,MADISON,09 1 V F W,5520,005680,1.44e-06,code_token_name,high,0.993
2002,2000,MADISON,09 2 POPE ELEMENTAR,5520,005676,0.61956531,code_token_name,high,0.993
2002,2000,MADISON,09 2 POPE ELEMENTAR,5520,005675,0.22920508,code_token_name,high,0.993
2002,2000,MADISON,09 2 POPE ELEMENTAR,5520,005669,0.15037107,code_token_name,high,0.993
2002,2000,MADISON,09 2 POPE ELEMENTAR,5520,005673,0.0008571,code_token_name,high,0.993
2002,2000,MADISON,09 2 POPE ELEMENTAR,5520,005680,1.44e-06,code_token_name,high,0.993
2002,2000,MADISON,09 3 FAIRVIEW CLUB,5520,005676,0.61956531,code_token_name,high,0.993
2002,2000,MADISON,09 3 FAIRVIEW CLUB,5520,005675,0.22920508,code_token_name,high,0.993
2002,2000,MADISON,09 3 FAIRVIEW CLUB,5520,005669,0.15037107,code_token_name,high,0.993
2002,2000,MADISON,09 3 FAIRVIEW CLUB,5520,005673,0.0008571,code_token_name,high,0.993
2002,2000,MADISON,09 3 FAIRVIEW CLUB,5520,005680,1.44e-06,code_token_name,high,0.993
2002,2000,MADISON,10 1 SPRING CRK FIRE,5530,005683,0.99999999,code_token_name,high,0.993
2002,2000,MADISON,10 1 SPRING CRK FIRE,5530,005668,1e-08,code_token_name,high,0.993
2002,2000,MADISON,10 2 NORTHEAST MID,5530,005683,0.99999999,code_token_name,high,0.993
2002,2000,MADISON,10 2 NORTHEAST MID,5530,005668,1e-08,code_token_name,high,0.993
2002,2000,MADISON,10 3 NORTHSIDE HIGH,5530,005683,0.99999999,code_token_name,high,0.993
2002,2000,MADISON,10 3 NORTHSIDE HIGH,5530,005668,1e-08,code_token_name,high,0.993
2002,2000,MARION,01 SOUTH PITTSBURG,0001,0001,1.0,token_vtd,high,1.0
2002,2000,MARION,02 RICHARD CITY,0002,0002,1.0,token_vtd,high,1.0
2002,2000,MARION,03 NEW HOPE,0003,0003,1.0,token_vtd,high,1.0
2002,2000,MARION,04 ORME,0004,0004,1.0,token_vtd,high,1.0
2002,2000,MARION,05 LODGE,0005,0005,1.0,token_vtd,high,1.0
2002,2000,MARION,06 BATTLECREEK,0006,0006,1.0,token_vtd,high,1.0
2002,2000,MARION,07 JUMPOFF,0007,0007,1.0,token_vtd,high,1.0
2002,2000,MARION,08 MONTEAGLE,0008,0008,1.0,token_vtd,high,1.0
2002,2000,MARION,09 KIMBALL,0009,0009,1.0,token_vtd,high,1.0
2002,2000,MARION,10 SHELLMOUND,0010,0010,1.0,token_vtd,high,1.0
2002,2000,MARION,11 HALETOWN LADDS,0011,0011,1.0,token_vtd,high,1.0
2002,2000,MARION,12 WHITESIDE,0012,0012,1.0,token_vtd,high,1.0
2002,2000,MARION,13 RICHIES STORE,0013,0013,1.0,token_vtd,high,1.0
2002,2000,MARION,14 JASPER,0014,0014,1.0,token_vtd,high,1.0
2002,2000,MARION,15 CEDAR GROVE,0015,0015,1.0,token_vtd,high,1.0
2002,2000,MARION,16 FOSTER FALLS,0016,0016,1.0,token_vtd,high,1.0
2002,2000,MARION,17 GRIFFITH CREEK,0017,0017,1.0,token_vtd,high,1.0
2002,2000,MARION,18 TATE S CHAPEL,5634,005767,1.0,tail_exact_name,medium,0.985
2002,2000,MARION,18 TATE S CHAPEL,5634,005752,0.0,tail_exact_name,medium,0.985
2002,2000,MARION,18 TATE S CHAPEL,5634,005766,0.0,tail_exact_name,medium,0.985
2002,2000,MARION,19 MT OLIVE,5638,005767,0.99999807,tail_exact_name,medium,0.985
2002,2000,MARION,19 MT OLIVE,5638,005762,1.93e-06,tail_exact_name,medium,0.985
2002,2000,MARION,19 MT OLIVE,5638,005752,0.0,tail_exact_name,medium,0.985
2002,2000,MARION,19 MT OLIVE,5638,005766,0.0,tail_exact_name,medium,0.985
2002,2000,MARION,20 SEQUATCHIE,5640,005762,0.86236259,tail_exact_name,medium,0.985
2002,2000,MARION,20 SEQUATCHIE,5640,005752,0.08638353,tail_exact_name,medium,0.985
2002,2000,MARION,20 SEQUATCHIE,5640,005754,0.05125388,tail_exact_name,medium,0.985
2002,2000,MARION,20 SEQUATCHIE,5640,005760,0.0,tail_exact_name,medium,0.985
2002,2000,MARION,21 VICTORIA,5642,005762,0.89307425,tail_exact_name,medium,0.985
2002,2000,MARION,21 VICTORIA,5642,005760,0.10519018,tail_exact_name,medium,0.985
2002,2000,MARION,21 VICTORIA,5642,005766,0.0011965,tail_exact_name,medium,0.985
2002,2000,MARION,21 VICTORIA,5642,005752,0.00053907,tail_exact_name,medium,0.985
2002,2000,MARION,21 VICTORIA,5642,005767,0.0,tail_exact_name,medium,0.985
2002,2000,MARION,22 MINERAL SPRINGS,5649,005762,0.92297049,tail_fuzzy_name,low,0.909091
2002,2000,MARION,22 MINERAL SPRINGS,5649,005754,0.07702951,tail_fuzzy_name,low,0.909091
2002,2000,MARION,22 MINERAL SPRINGS,5649,005760,0.0,tail_fuzzy_name,low,0.909091
2002,2000,MARION,23 WALDEN S RIDGE,0013,0013,1.0,tail_exact_name,medium,0.985
2002,2000,MARION,24 ELDER MOUNTAIN,5652,005751,0.99999963,tail_exact_name,medium,0.985
2002,2000,MARION,24 ELDER MOUNTAIN,5652,005753,3.7e-07,tail_exact_name,medium,0.985
2002,2000,MARION,24 ELDER MOUNTAIN,5652,005762,0.0,tail_exact_name,medium,0.985
2002,2000,MARION,25 LUSK STORE,5654,005761,0.99999982,tail_exact_name,medium,0.985
2002,2000,MARION,25 LUSK STORE,5654,005762,1.8e-07,tail_exact_name,medium,0.985
2002,2000,MARION,25 LUSK STORE,5654,005765,0.0,tail_exact_name,medium,0.985
2002,2000,MARION,26 MORGANVILLE,5670,005766,0.99998725,tail_exact_name,medium,0.985
2002,2000,MARION,26 MORGANVILLE,5670,005767,1.275e-05,tail_exact_name,medium,0.985
2002,2000,MARION,26 MORGANVILLE,5670,005760,0.0,tail_exact_name,medium,0.985
2002,2000,MARION,27 WHITWELL,5672,005766,0.99999996,tail_exact_name,medium,0.985
2002,2000,MARION,27 WHITWELL,5672,005760,4e-08,tail_exact_name,medium,0.985
2002,2000,MARION,27 WHITWELL,5672,005767,0.0,tail_exact_name,medium,0.985
2002,2000,MARION,27 WHITWELL,5672,005762,0.0,tail_exact_name,medium,0.985
2002,2000,MARION,28 POWELLS CROSSRDS,5674,005760,0.99991506,tail_fuzzy_name,low,0.941176
2002,2000,MARION,28 POWELLS CROSSRDS,5674,005766,8.493e-05,tail_fuzzy_name,low,0.941176
2002,2000,MARION,28 POWELLS CROSSRDS,5674,005762,2e-08,tail_fuzzy_name,low,0.941176
2002,2000,MARION,28 POWELLS CROSSRDS,5674,005765,0.0,tail_fuzzy_name,low,0.941176
2002,2000,MARION,29 KETNERS MILL,5678,005760,0.83790359,tail_fuzzy_name,low,0.956522
2002,2000,MARION,29 KETNERS MILL,5678,005766,0.16209641,tail_fuzzy_name,low,0.956522
2002,2000,MARION,29 KETNERS MILL,5678,005762,0.0,tail_fuzzy_name,low,0.956522
2002,2000,MARSHALL,1 CHAPEL HILL,0001,0001,1.0,exact_name,high,1.0
2002,2000,MARSHALL,2 HENRY HORTON PARK,0002,0002,1.0,exact_name,high,1.0
2002,2000,MARSHALL,3 BELFAST,0003,0003,1.0,exact_name,high,1.0
2002,2000,MARSHALL,4 CORNERSVILLE,0004,0004,1.0,exact_name,high,1.0
2002,2000,MARSHALL,5 RECREATION CENTER,0005,0005,1.0,exact_name,high,1.0
2002,2000,MARSHALL,6 WEST HILLS ELEM,5740,005855,0.52415284,code_token_name,high,0.993
2002,2000,MARSHALL,6 WEST HILLS ELEM,5740,005859,0.32671292,code_token_name,high,0.993
2002,2000,MARSHALL,6 WEST HILLS ELEM,5740,005856,0.14913404,code_token_name,high,0.993
2002,2000,MARSHALL,6 WEST HILLS ELEM,5740,005857,2.1e-07,code_token_name,high,0.993
2002,2000,MARSHALL,7 HARDISON SCHOOL,5732,005857,0.99966393,code_token_name,high,0.993
2002,2000,MARSHALL,7 HARDISON SCHOOL,5732,005858,0.00033607,code_token_name,high,0.993
2002,2000,MARSHALL,7 HARDISON SCHOOL,5732,005856,0.0,code_token_name,high,0.993
2002,2000,MARSHALL,7 HARDISON SCHOOL,5732,005859,0.0,code_token_name,high,0.993
2002,2000,MARSHALL,8 ARMORY,5700,005858,0.8313825,code_token_name,high,0.993
2002,2000,MARSHALL,8 ARMORY,5700,005852,0.11617087,code_token_name,high,0.993
2002,2000,MARSHALL,8 ARMORY,5700,005853,0.03791791,code_token_name,high,0.993
2002,2000,MARSHALL,8 ARMORY,5700,005857,0.01447805,code_token_name,high,0.993
2002,2000,MARSHALL,8 ARMORY,5700,005859,5.067e-05,code_token_name,high,0.993
2002,2000,MARSHALL,9 COURTHOUSE,5724,005859,0.99947483,code_token_name,high,0.993
2002,2000,MARSHALL,9 COURTHOUSE,5724,005852,0.00042264,code_token_name,high,0.993
2002,2000,MARSHALL,9 COURTHOUSE,5724,005858,6.534e-05,code_token_name,high,0.993
2002,2000,MARSHALL,9 COURTHOUSE,5724,005855,3.716e-05,code_token_name,high,0.993
2002,2000,MARSHALL,9 COURTHOUSE,5724,005857,2e-08,code_token_name,high,0.993
2002,2000,MAURY,ARMORY,0013,0013,1.0,prefix_name,high,0.995
2002,2000,MAURY,BAKER,5768,005956,0.67343553,exact_name,high,1.0
2002,2000,MAURY,BAKER,5768,005959,0.14802393,exact_name,high,1.0
2002,2000,MAURY,BAKER,5768,005958,0.11106106,exact_name,high,1.0
2002,2000,MAURY,BAKER,5768,005953,0.06747948,exact_name,high,1.0
2002,2000,MAURY,BEAR CREEK,5849,005966,0.41841869,exact_name,high,1.0
2002,2000,MAURY,BEAR CREEK,5849,005957,0.39556603,exact_name,high,1.0
2002,2000,MAURY,BEAR CREEK,5849,005965,0.09877037,exact_name,high,1.0
2002,2000,MAURY,BEAR CREEK,5849,005970,0.08717033,exact_name,high,1.0
2002,2000,MAURY,BEAR CREEK,5849,005963,6.782e-05,exact_name,high,1.0
2002,2000,MAURY,BEAR CREEK,5849,005971,4.39e-06,exact_name,high,1.0
2002,2000,MAURY,BEAR CREEK,5849,005951,2.29e-06,exact_name,high,1.0
2002,2000,MAURY,BEAR CREEK,5849,005952,4e-08,exact_name,high,1.0
2002,2000,MAURY,BEAR CREEK,5849,005958,4e-08,exact_name,high,1.0
2002,2000,MAURY,BEAR CREEK,5849,005967,0.0,exact_name,high,1.0
2002,2000,MAURY,BIGBYVILLE,5772,005968,0.63246319,exact_name,high,1.0
2002,2000,MAURY,BIGBYVILLE,5772,005964,0.25614612,exact_name,high,1.0
2002,2000,MAURY,BIGBYVILLE,5772,005966,0.11139065,exact_name,high,1.0
2002,2000,MAURY,BIGBYVILLE,5772,005963,4e-08,exact_name,high,1.0
2002,2000,MAURY,BIGBYVILLE,5772,005969,0.0,exact_name,high,1.0
2002,2000,MAURY,CITY HALL,5872,005952,0.47999213,forced_best_name,low,0.444444
2002,2000,MAURY,CITY HALL,5872,005954,0.34843629,forced_best_name,low,0.444444
2002,2000,MAURY,CITY HALL,5872,005958,0.13986166,forced_best_name,low,0.444444
2002,2000,MAURY,CITY HALL,5872,005970,0.01819366,forced_best_name,low,0.444444
2002,2000,MAURY,CITY HALL,5872,005967,0.01105401,forced_best_name,low,0.444444
2002,2000,MAURY,CITY HALL,5872,005953,0.00246225,forced_best_name,low,0.444444
2002,2000,MAURY,COLLEGE HILL,5780,005963,0.69728388,exact_name,high,1.0
2002,2000,MAURY,COLLEGE HILL,5780,005966,0.23708364,exact_name,high,1.0
2002,2000,MAURY,COLLEGE HILL,5780,005964,0.06385082,exact_name,high,1.0
2002,2000,MAURY,COLLEGE HILL,5780,005960,0.00122331,exact_name,high,1.0
2002,2000,MAURY,COLLEGE HILL,5780,005967,0.00052755,exact_name,high,1.0
2002,2000,MAURY,COLLEGE HILL,5780,005958,3.08e-05,exact_name,high,1.0
2002,2000,MAURY,COLLEGE HILL,5780,005959,0.0,exact_name,high,1.0
2002,2000,MAURY,CP CHURCH,5840,005967,0.30068545,exact_name,high,1.0
2002,2000,MAURY,CP CHURCH,5840,005957,0.29426152,exact_name,high,1.0
2002,2000,MAURY,CP CHURCH,5840,005958,0.24308819,exact_name,high,1.0
2002,2000,MAURY,CP CHURCH,5840,005970,0.14586135,exact_name,high,1.0
2002,2000,MAURY,CP CHURCH,5840,005966,0.01357388,exact_name,high,1.0
2002,2000,MAURY,CP CHURCH,5840,005963,0.00252957,exact_name,high,1.0
2002,2000,MAURY,CP CHURCH,5840,005952,4e-08,exact_name,high,1.0
2002,2000,MAURY,CULLEOKA,5792,005969,0.94669055,exact_name,high,1.0
2002,2000,MAURY,CULLEOKA,5792,005964,0.05263246,exact_name,high,1.0
2002,2000,MAURY,CULLEOKA,5792,005968,0.00066608,exact_name,high,1.0
2002,2000,MAURY,CULLEOKA,5792,005966,1.092e-05,exact_name,high,1.0
2002,2000,MAURY,FIRST FAMILY,0003,0003,1.0,prefix_name,high,0.995
2002,2000,MAURY,HAMPSHIRE,5808,005962,0.94615988,prefix_name,high,0.995
2002,2000,MAURY,HAMPSHIRE,5808,005961,0.05384008,prefix_name,high,0.995
2002,2000,MAURY,HAMPSHIRE,5808,005953,4e-08,prefix_name,high,0.995
2002,2000,MAURY,HIGHLAND,5812,005960,0.75034548,exact_name,high,1.0
2002,2000,MAURY,HIGHLAND,5812,005959,0.24965089,exact_name,high,1.0
2002,2000,MAURY,HIGHLAND,5812,005963,3.63e-06,exact_name,high,1.0
2002,2000,MAURY,MT PLEASANT HIGH,5832,005961,0.99613189,prefix_name,high,0.995
2002,2000,MAURY,MT PLEASANT HIGH,5832,005962,0.00386811,prefix_name,high,0.995
2002,2000,MAURY,PLEASANT HEIGHTS,5842,005964,0.85925397,exact_name,high,1.0
2002,2000,MAURY,PLEASANT HEIGHTS,5842,005960,0.14049981,exact_name,high,1.0
2002,2000,MAURY,PLEASANT HEIGHTS,5842,005956,0.00024622,exact_name,high,1.0
2002,2000,MAURY,PORTERS CHAPEL,5844,005968,0.54121277,exact_name,high,1.0
2002,2000,MAURY,PORTERS CHAPEL,5844,005961,0.24928332,exact_name,high,1.0
2002,2000,MAURY,PORTERS CHAPEL,5844,005964,0.20945104,exact_name,high,1.0
2002,2000,MAURY,PORTERS CHAPEL,5844,005956,5.287e-05,exact_name,high,1.0
2002,2000,MAURY,RALLY HILL,5848,005965,0.67860513,exact_name,high,1.0
2002,2000,MAURY,RALLY HILL,5848,005966,0.25208119,exact_name,high,1.0
2002,2000,MAURY,RALLY HILL,5848,005951,0.06931368,exact_name,high,1.0
2002,2000,MAURY,RALLY HILL,5848,005971,0.0,exact_name,high,1.0
2002,2000,MAURY,RIVERSIDE,5852,005967,0.97912369,exact_name,high,1.0
2002,2000,MAURY,RIVERSIDE,5852,005963,0.02087631,exact_name,high,1.0
2002,2000,MAURY,SANTA FE,5864,005954,0.57542024,exact_name,high,1.0
2002,2000,MAURY,SANTA FE,5864,005953,0.42453622,exact_name,high,1.0
2002,2000,MAURY,SANTA FE,5864,005952,4.354e-05,exact_name,high,1.0
2002,2000,MAURY,SPRING HILL,5868,005951,0.30781567,exact_name,high,1.0
2002,2000,MAURY,SPRING HILL,5868,005970,0.2636699,exact_name,high,1.0
2002,2000,MAURY,SPRING HILL,5868,005952,0.20613707,exact_name,high,1.0
2002,2000,MAURY,SPRING HILL,5868,005971,0.14388377,exact_name,high,1.0
2002,2000,MAURY,SPRING HILL,5868,005958,0.07444882,exact_name,high,1.0
2002,2000,MAURY,SPRING HILL,5868,005967,0.0040442,exact_name,high,1.0
2002,2000,MAURY,SPRING HILL,5868,005965,5.6e-07,exact_name,high,1.0
2002,2000,MAURY,SPRING HILL,5868,005957,1e-08,exact_name,high,1.0
2002,2000,MAURY,ST CATHERINE,5796,005953,0.96580302,prefix_name,high,0.995
2002,2000,MAURY,ST CATHERINE,5796,005956,0.034116,prefix_name,high,0.995
2002,2000,MAURY,ST CATHERINE,5796,005962,5.489e-05,prefix_name,high,0.995
2002,2000,MAURY,ST CATHERINE,5796,005961,2.609e-05,prefix_name,high,0.995
2002,2000,MAURY,THETA,5872,005952,0.47999213,exact_name,high,1.0
2002,2000,MAURY,THETA,5872,005954,0.34843629,exact_name,high,1.0
2002,2000,MAURY,THETA,5872,005958,0.13986166,exact_name,high,1.0
2002,2000,MAURY,THETA,5872,005970,0.01819366,exact_name,high,1.0
2002,2000,MAURY,THETA,5872,005967,0.01105401,exact_name,high,1.0
2002,2000,MAURY,THETA,5872,005953,0.00246225,exact_name,high,1.0
2002,2000,MAURY,TRADEWINDS,5769,005956,0.65431376,exact_name,high,1.0
2002,2000,MAURY,TRADEWINDS,5769,005960,0.34046602,exact_name,high,1.0
2002,2000,MAURY,TRADEWINDS,5769,005959,0.00522,exact_name,high,1.0
2002,2000,MAURY,TRADEWINDS,5769,005964,2.2e-07,exact_name,high,1.0
2002,2000,MAURY,WEST END,5824,005958,0.77933054,prefix_name,high,0.995
2002,2000,MAURY,WEST END,5824,005963,0.2206201,prefix_name,high,0.995
2002,2000,MAURY,WEST END,5824,005953,4.933e-05,prefix_name,high,0.995
2002,2000,MAURY,WEST END,5824,005967,4e-08,prefix_name,high,0.995
2002,2000,MAURY,WEST END,5824,005959,0.0,prefix_name,high,0.995
2002,2000,MCMINN,01 CITY PARK SCHOOL,5932,006060,0.94402293,exact_name,high,1.0
2002,2000,MCMINN,01 CITY PARK SCHOOL,5932,006063,0.04445362,exact_name,high,1.0
2002,2000,MCMINN,01 CITY PARK SCHOOL,5932,006052,0.01131183,exact_name,high,1.0
2002,2000,MCMINN,01 CITY PARK SCHOOL,5932,006056,0.00021146,exact_name,high,1.0
2002,2000,MCMINN,01 CITY PARK SCHOOL,5932,006057,1.7e-07,exact_name,high,1.0
2002,2000,MCMINN,01 CITY PARK SCHOOL,5932,006061,0.0,exact_name,high,1.0
2002,2000,MCMINN,02 ETOWAH CITY HALL,5936,006064,0.99999899,code_token_name,high,0.993
2002,2000,MCMINN,02 ETOWAH CITY HALL,5936,006061,8.5e-07,code_token_name,high,0.993
2002,2000,MCMINN,02 ETOWAH CITY HALL,5936,006051,1.3e-07,code_token_name,high,0.993
2002,2000,MCMINN,02 ETOWAH CITY HALL,5936,006065,3e-08,code_token_name,high,0.993
2002,2000,MCMINN,02 ETOWAH CITY HALL,5936,006052,0.0,code_token_name,high,0.993
2002,2000,MCMINN,03 ETOWAH CC,5940,006064,0.99880048,code_token_name,high,0.993
2002,2000,MCMINN,03 ETOWAH CC,5940,006061,0.00119847,code_token_name,high,0.993
2002,2000,MCMINN,03 ETOWAH CC,5940,006065,1.05e-06,code_token_name,high,0.993
2002,2000,MCMINN,04 ETOWAH DEPOT,5944,006065,0.99999972,exact_name,high,1.0
2002,2000,MCMINN,04 ETOWAH DEPOT,5944,006064,2.8e-07,exact_name,high,1.0
2002,2000,MCMINN,04 ETOWAH DEPOT,5944,006051,0.0,exact_name,high,1.0
2002,2000,MCMINN,05 ENGLEWOOD SCHOO,5948,006051,0.6164535,code_token_name,high,0.993
2002,2000,MCMINN,05 ENGLEWOOD SCHOO,5948,006065,0.3835134,code_token_name,high,0.993
2002,2000,MCMINN,05 ENGLEWOOD SCHOO,5948,006052,3.31e-05,code_token_name,high,0.993
2002,2000,MCMINN,05 ENGLEWOOD SCHOO,5948,006064,0.0,code_token_name,high,0.993
2002,2000,MCMINN,06 ROGERS CREEK SCH,5952,006058,0.99999845,code_token_name,high,0.993
2002,2000,MCMINN,06 ROGERS CREEK SCH,5952,006059,1.55e-06,code_token_name,high,0.993
2002,2000,MCMINN,06 ROGERS CREEK SCH,5952,006056,0.0,code_token_name,high,0.993
2002,2000,MCMINN,06 ROGERS CREEK SCH,5952,006057,0.0,code_token_name,high,0.993
2002,2000,MCMINN,07 RICEVILLE SCHOOL,5956,006057,0.99952998,exact_name,high,1.0
2002,2000,MCMINN,07 RICEVILLE SCHOOL,5956,006058,0.00046999,exact_name,high,1.0
2002,2000,MCMINN,07 RICEVILLE SCHOOL,5956,006060,3e-08,exact_name,high,1.0
2002,2000,MCMINN,07 RICEVILLE SCHOOL,5956,006062,0.0,exact_name,high,1.0
2002,2000,MCMINN,07 RICEVILLE SCHOOL,5956,006056,0.0,exact_name,high,1.0
2002,2000,MCMINN,07 RICEVILLE SCHOOL,5956,006063,0.0,exact_name,high,1.0
2002,2000,MCMINN,08 CALHOUN SCHOOL,5960,006062,0.99914818,exact_name,high,1.0
2002,2000,MCMINN,08 CALHOUN SCHOOL,5960,006057,0.0007801,exact_name,high,1.0
2002,2000,MCMINN,08 CALHOUN SCHOOL,5960,006058,7.171e-05,exact_name,high,1.0
2002,2000,MCMINN,08 CALHOUN SCHOOL,5960,006063,0.0,exact_name,high,1.0
2002,2000,MCMINN,09 NIOTA SCHOOL,5964,006053,0.99695244,exact_name,high,1.0
2002,2000,MCMINN,09 NIOTA SCHOOL,5964,006059,0.00192295,exact_name,high,1.0
2002,2000,MCMINN,09 NIOTA SCHOOL,5964,006054,0.00086245,exact_name,high,1.0
2002,2000,MCMINN,09 NIOTA SCHOOL,5964,006055,0.00026215,exact_name,high,1.0
2002,2000,MCMINN,09 NIOTA SCHOOL,5964,006051,1e-08,exact_name,high,1.0
2002,2000,MCMINN,09 NIOTA SCHOOL,5964,006052,0.0,exact_name,high,1.0
2002,2000,MCMINN,10 ENGLEWOOD MUNI,5892,006051,0.99999999,code_token_name,high,0.993
2002,2000,MCMINN,10 ENGLEWOOD MUNI,5892,006053,1e-08,code_token_name,high,0.993
2002,2000,MCMINN,10 ENGLEWOOD MUNI,5892,006052,0.0,code_token_name,high,0.993
2002,2000,MCMINN,11 INGLESIDE SCHOOL,5896,006055,0.78341795,exact_name,high,1.0
2002,2000,MCMINN,11 INGLESIDE SCHOOL,5896,006052,0.19292703,exact_name,high,1.0
2002,2000,MCMINN,11 INGLESIDE SCHOOL,5896,006053,0.02365503,exact_name,high,1.0
2002,2000,MCMINN,11 INGLESIDE SCHOOL,5896,006054,0.0,exact_name,high,1.0
2002,2000,MCMINN,12 MCMINN CO HIGH,5900,006056,0.85482623,code_token_name,high,0.993
2002,2000,MCMINN,12 MCMINN CO HIGH,5900,006057,0.14468803,code_token_name,high,0.993
2002,2000,MCMINN,12 MCMINN CO HIGH,5900,006059,0.00035181,code_token_name,high,0.993
2002,2000,MCMINN,12 MCMINN CO HIGH,5900,006054,0.00010379,code_token_name,high,0.993
2002,2000,MCMINN,12 MCMINN CO HIGH,5900,006060,2.997e-05,code_token_name,high,0.993
2002,2000,MCMINN,12 MCMINN CO HIGH,5900,006052,1.2e-07,code_token_name,high,0.993
2002,2000,MCMINN,12 MCMINN CO HIGH,5900,006058,5e-08,code_token_name,high,0.993
2002,2000,MCMINN,13 MCMINN COURTHOU,5904,006052,0.99988861,code_token_name,high,0.993
2002,2000,MCMINN,13 MCMINN COURTHOU,5904,006060,9.236e-05,code_token_name,high,0.993
2002,2000,MCMINN,13 MCMINN COURTHOU,5904,006051,1.86e-05,code_token_name,high,0.993
2002,2000,MCMINN,13 MCMINN COURTHOU,5904,006053,3.8e-07,code_token_name,high,0.993
2002,2000,MCMINN,13 MCMINN COURTHOU,5904,006061,3e-08,code_token_name,high,0.993
2002,2000,MCMINN,13 MCMINN COURTHOU,5904,006055,2e-08,code_token_name,high,0.993
2002,2000,MCMINN,13 MCMINN COURTHOU,5904,006056,1e-08,code_token_name,high,0.993
2002,2000,MCMINN,13 MCMINN COURTHOU,5904,006063,0.0,code_token_name,high,0.993
2002,2000,MCMINN,14 NORTH CITY SCHOOL,5908,006054,0.9591532,exact_name,high,1.0
2002,2000,MCMINN,14 NORTH CITY SCHOOL,5908,006055,0.02638126,exact_name,high,1.0
2002,2000,MCMINN,14 NORTH CITY SCHOOL,5908,006053,0.00984292,exact_name,high,1.0
2002,2000,MCMINN,14 NORTH CITY SCHOOL,5908,006059,0.00456062,exact_name,high,1.0
2002,2000,MCMINN,14 NORTH CITY SCHOOL,5908,006056,6.201e-05,exact_name,high,1.0
2002,2000,MCMINN,14 NORTH CITY SCHOOL,5908,006052,0.0,exact_name,high,1.0
2002,2000,MCMINN,15 CLAXTON FIRE HALL,5912,006063,0.94841985,exact_name,high,1.0
2002,2000,MCMINN,15 CLAXTON FIRE HALL,5912,006062,0.05117187,exact_name,high,1.0
2002,2000,MCMINN,15 CLAXTON FIRE HALL,5912,006057,0.00040824,exact_name,high,1.0
2002,2000,MCMINN,15 CLAXTON FIRE HALL,5912,006061,4e-08,exact_name,high,1.0
2002,2000,MCMINN,15 CLAXTON FIRE HALL,5912,006060,1e-08,exact_name,high,1.0
2002,2000,MCMINN,16 UNION GROVE FIRE,5916,006053,0.99972069,prefix_name,high,0.995
2002,2000,MCMINN,16 UNION GROVE FIRE,5916,006059,0.00027931,prefix_name,high,0.995
2002,2000,MCMINN,17 E K BAKER SCHOOL,5920,006059,0.9899919,exact_name,high,1.0
2002,2000,MCMINN,17 E K BAKER SCHOOL,5920,006054,0.0050271,exact_name,high,1.0
2002,2000,MCMINN,17 E K BAKER SCHOOL,5920,006053,0.00495862,exact_name,high,1.0
2002,2000,MCMINN,17 E K BAKER SCHOOL,5920,006056,1.711e-05,exact_name,high,1.0
2002,2000,MCMINN,17 E K BAKER SCHOOL,5920,006058,5.28e-06,exact_name,high,1.0
2002,2000,MCMINN,18 HILLSVIEW FIRE,5924,006058,0.99986848,prefix_name,high,0.995
2002,2000,MCMINN,18 HILLSVIEW FIRE,5924,006062,0.00013129,prefix_name,high,0.995
2002,2000,MCMINN,18 HILLSVIEW FIRE,5924,006057,2.3e-07,prefix_name,high,0.995
2002,2000,MCMINN,19 MOUNTAIN VIEW SC,5928,006061,0.99741239,code_token_name,high,0.993
2002,2000,MCMINN,19 MOUNTAIN VIEW SC,5928,006064,0.00194724,code_token_name,high,0.993
2002,2000,MCMINN,19 MOUNTAIN VIEW SC,5928,006063,0.00064031,code_token_name,high,0.993
2002,2000,MCMINN,19 MOUNTAIN VIEW SC,5928,006052,7e-08,code_token_name,high,0.993
2002,2000,MCNAIRY,1 BETHEL SPRINGS,5972,006158,0.86503294,exact_name,high,1.0
2002,2000,MCNAIRY,1 BETHEL SPRINGS,5972,006152,0.13496697,exact_name,high,1.0
2002,2000,MCNAIRY,1 BETHEL SPRINGS,5972,006167,6e-08,exact_name,high,1.0
2002,2000,MCNAIRY,1 BETHEL SPRINGS,5972,006161,3e-08,exact_name,high,1.0
2002,2000,MCNAIRY,1 BETHEL SPRINGS,5972,006153,0.0,exact_name,high,1.0
2002,2000,MCNAIRY,1 BETHEL SPRINGS,5972,006154,0.0,exact_name,high,1.0
2002,2000,MCNAIRY,1 FINGER,5996,006159,0.99763937,exact_name,high,1.0
2002,2000,MCNAIRY,1 FINGER,5996,006154,0.00236063,exact_name,high,1.0
2002,2000,MCNAIRY,1 FINGER,5996,006160,0.0,exact_name,high,1.0
2002,2000,MCNAIRY,1 MCNAIRY,6012,006154,0.89418781,exact_name,high,1.0
2002,2000,MCNAIRY,1 MCNAIRY,6012,006159,0.05506667,exact_name,high,1.0
2002,2000,MCNAIRY,1 MCNAIRY,6012,006158,0.05074553,exact_name,high,1.0
2002,2000,MCNAIRY,1 MCNAIRY,6012,006152,0.0,exact_name,high,1.0
2002,2000,MCNAIRY,1 MCNAIRY,6012,006161,0.0,exact_name,high,1.0
2002,2000,MCNAIRY,1 MCNAIRY,6012,006160,0.0,exact_name,high,1.0
2002,2000,MCNAIRY,2 ADAMSVILLE,6052,006151,0.96431938,exact_name,high,1.0
2002,2000,MCNAIRY,2 ADAMSVILLE,6052,006160,0.03563678,exact_name,high,1.0
2002,2000,MCNAIRY,2 ADAMSVILLE,6052,006162,4.384e-05,exact_name,high,1.0
2002,2000,MCNAIRY,2 LAWTON,6004,006162,0.91502779,exact_name,high,1.0
2002,2000,MCNAIRY,2 LAWTON,6004,006163,0.08491206,exact_name,high,1.0
2002,2000,MCNAIRY,2 LAWTON,6004,006151,6.016e-05,exact_name,high,1.0
2002,2000,MCNAIRY,2 LAWTON,6004,006156,0.0,exact_name,high,1.0
2002,2000,MCNAIRY,2 LAWTON,6004,006161,0.0,exact_name,high,1.0
2002,2000,MCNAIRY,2 MILLEDGEVILLE,6020,006151,1.0,exact_name,high,1.0
2002,2000,MCNAIRY,2 MILLEDGEVILLE,6020,006160,0.0,exact_name,high,1.0
2002,2000,MCNAIRY,3 LEAPWOOD,6008,006160,0.99261274,exact_name,high,1.0
2002,2000,MCNAIRY,3 LEAPWOOD,6008,006151,0.00738723,exact_name,high,1.0
2002,2000,MCNAIRY,3 LEAPWOOD,6008,006159,3e-08,exact_name,high,1.0
2002,2000,MCNAIRY,3 LEAPWOOD,6008,006161,0.0,exact_name,high,1.0
2002,2000,MCNAIRY,3 NORTH EAST SELMER,6024,006153,0.86444427,exact_name,high,1.0
2002,2000,MCNAIRY,3 NORTH EAST SELMER,6024,006161,0.13428017,exact_name,high,1.0
2002,2000,MCNAIRY,3 NORTH EAST SELMER,6024,006156,0.00127552,exact_name,high,1.0
2002,2000,MCNAIRY,3 NORTH EAST SELMER,6024,006158,4e-08,exact_name,high,1.0
2002,2000,MCNAIRY,3 NORTH EAST SELMER,6024,006162,0.0,exact_name,high,1.0
2002,2000,MCNAIRY,3 NORTH EAST SELMER,6024,006167,0.0,exact_name,high,1.0
2002,2000,MCNAIRY,3 PURDY,6032,006161,0.69268584,exact_name,high,1.0
2002,2000,MCNAIRY,3 PURDY,6032,006162,0.30731405,exact_name,high,1.0
2002,2000,MCNAIRY,3 PURDY,6032,006159,1e-07,exact_name,high,1.0
2002,2000,MCNAIRY,3 PURDY,6032,006158,0.0,exact_name,high,1.0
2002,2000,MCNAIRY,3 PURDY,6032,006153,0.0,exact_name,high,1.0
2002,2000,MCNAIRY,3 PURDY,6032,006160,0.0,exact_name,high,1.0
2002,2000,MCNAIRY,3 PURDY,6032,006151,0.0,exact_name,high,1.0
2002,2000,MCNAIRY,3 PURDY,6032,006154,0.0,exact_name,high,1.0
2002,2000,MCNAIRY,4 NORTH SELMER,6028,006167,0.98837061,exact_name,high,1.0
2002,2000,MCNAIRY,4 NORTH SELMER,6028,006153,0.01045341,exact_name,high,1.0
2002,2000,MCNAIRY,4 NORTH SELMER,6028,006152,0.00073795,exact_name,high,1.0
2002,2000,MCNAIRY,4 NORTH SELMER,6028,006156,0.00043789,exact_name,high,1.0
2002,2000,MCNAIRY,4 NORTH SELMER,6028,006155,1e-07,exact_name,high,1.0
2002,2000,MCNAIRY,4 NORTH SELMER,6028,006158,4e-08,exact_name,high,1.0
2002,2000,MCNAIRY,4 NORTH SELMER,6028,006166,0.0,exact_name,high,1.0
2002,2000,MCNAIRY,4 ROSE CREEK,6040,006152,0.99990661,exact_name,high,1.0
2002,2000,MCNAIRY,4 ROSE CREEK,6040,006167,9.339e-05,exact_name,high,1.0
2002,2000,MCNAIRY,4 ROSE CREEK,6040,006166,0.0,exact_name,high,1.0
2002,2000,MCNAIRY,4 ROSE CREEK,6040,006158,0.0,exact_name,high,1.0
2002,2000,MCNAIRY,5 CHEWALLA,5976,006155,0.99770314,exact_name,high,1.0
2002,2000,MCNAIRY,5 CHEWALLA,5976,006166,0.00229664,exact_name,high,1.0
2002,2000,MCNAIRY,5 CHEWALLA,5976,006165,2.2e-07,exact_name,high,1.0
2002,2000,MCNAIRY,5 CYPRESS,5984,006166,0.85792126,exact_name,high,1.0
2002,2000,MCNAIRY,5 CYPRESS,5984,006152,0.13096226,exact_name,high,1.0
2002,2000,MCNAIRY,5 CYPRESS,5984,006155,0.01111648,exact_name,high,1.0
2002,2000,MCNAIRY,5 CYPRESS,5984,006167,0.0,exact_name,high,1.0
2002,2000,MCNAIRY,5 EAST VIEW,5992,006164,0.99980412,exact_name,high,1.0
2002,2000,MCNAIRY,5 EAST VIEW,5992,006155,0.00019262,exact_name,high,1.0
2002,2000,MCNAIRY,5 EAST VIEW,5992,006165,2.79e-06,exact_name,high,1.0
2002,2000,MCNAIRY,5 EAST VIEW,5992,006156,4.7e-07,exact_name,high,1.0
2002,2000,MCNAIRY,5 GUYS,6000,006165,0.97974575,exact_name,high,1.0
2002,2000,MCNAIRY,5 GUYS,6000,006157,0.02008047,exact_name,high,1.0
2002,2000,MCNAIRY,5 GUYS,6000,006155,0.00017276,exact_name,high,1.0
2002,2000,MCNAIRY,5 GUYS,6000,006164,1.02e-06,exact_name,high,1.0
2002,2000,MCNAIRY,5 RAMER,6036,006155,0.99926166,exact_name,high,1.0
2002,2000,MCNAIRY,5 RAMER,6036,006156,0.00058355,exact_name,high,1.0
2002,2000,MCNAIRY,5 RAMER,6036,006164,0.00015476,exact_name,high,1.0
2002,2000,MCNAIRY,5 RAMER,6036,006167,1e-08,exact_name,high,1.0
2002,2000,MCNAIRY,5 RAMER,6036,006166,0.0,exact_name,high,1.0
2002,2000,MCNAIRY,5 RAMER,6036,006165,0.0,exact_name,high,1.0
2002,2000,MCNAIRY,6 COURTHOUSE SE,6044,006156,0.99965475,exact_name,high,1.0
2002,2000,MCNAIRY,6 COURTHOUSE SE,6044,006153,0.00031965,exact_name,high,1.0
2002,2000,MCNAIRY,6 COURTHOUSE SE,6044,006155,2.264e-05,exact_name,high,1.0
2002,2000,MCNAIRY,6 COURTHOUSE SE,6044,006167,2.94e-06,exact_name,high,1.0
2002,2000,MCNAIRY,6 COURTHOUSE SE,6044,006162,2e-08,exact_name,high,1.0
2002,2000,MCNAIRY,6 COURTHOUSE SE,6044,006163,1e-08,exact_name,high,1.0
2002,2000,MCNAIRY,6 COURTHOUSE SE,6044,006157,0.0,exact_name,high,1.0
2002,2000,MCNAIRY,6 COURTHOUSE SE,6044,006164,0.0,exact_name,high,1.0
2002,2000,MCNAIRY,7 MICHIE,6016,006157,0.9521017,exact_name,high,1.0
2002,2000,MCNAIRY,7 MICHIE,6016,006164,0.0283802,exact_name,high,1.0
2002,2000,MCNAIRY,7 MICHIE,6016,006163,0.01443502,exact_name,high,1.0
2002,2000,MCNAIRY,7 MICHIE,6016,006156,0.00508307,exact_name,high,1.0
2002,2000,MCNAIRY,7 MICHIE,6016,006165,0.0,exact_name,high,1.0
2002,2000,MCNAIRY,7 STANTONVILLE,6048,006163,0.99999995,exact_name,high,1.0
2002,2000,MCNAIRY,7 STANTONVILLE,6048,006157,3e-08,exact_name,high,1.0
2002,2000,MCNAIRY,7 STANTONVILLE,6048,006162,2e-08,exact_name,high,1.0
2002,2000,MCNAIRY,7 STANTONVILLE,6048,006156,0.0,exact_name,high,1.0
2002,2000,MEIGS,1 EASTVIEW,0001,0001,1.0,exact_name,high,1.0
2002,2000,MEIGS,2 MEIGS SOUTH,0002,0002,1.0,exact_name,high,1.0
2002,2000,MEIGS,3 CITY HALL,6064,006254,0.96449461,exact_name,high,1.0
2002,2000,MEIGS,3 CITY HALL,6064,006252,0.03437684,exact_name,high,1.0
2002,2000,MEIGS,3 CITY HALL,6064,006255,0.00112855,exact_name,high,1.0
2002,2000,MEIGS,3 COURTHOUSE,6068,006252,0.99130813,exact_name,high,1.0
2002,2000,MEIGS,3 COURTHOUSE,6068,006254,0.0086033,exact_name,high,1.0
2002,2000,MEIGS,3 COURTHOUSE,6068,006251,7.375e-05,exact_name,high,1.0
2002,2000,MEIGS,3 COURTHOUSE,6068,006255,1.482e-05,exact_name,high,1.0
2002,2000,MEIGS,4 MEIGS NORTH,0005,0005,1.0,exact_name,high,1.0
2002,2000,MEIGS,5 TEN MILE,0006,0006,1.0,exact_name,high,1.0
2002,2000,MONROE,01 SWEETWATER HIGH,6088,006351,0.88365153,prefix_name,high,0.995
2002,2000,MONROE,01 SWEETWATER HIGH,6088,006356,0.09295564,prefix_name,high,0.995
2002,2000,MONROE,01 SWEETWATER HIGH,6088,006352,0.01543612,prefix_name,high,0.995
2002,2000,MONROE,01 SWEETWATER HIGH,6088,006353,0.00573484,prefix_name,high,0.995
2002,2000,MONROE,01 SWEETWATER HIGH,6088,006357,0.00222186,prefix_name,high,0.995
2002,2000,MONROE,01 SWEETWATER HIGH,6088,006354,2e-08,prefix_name,high,0.995
2002,2000,MONROE,02 BROAD ST SCHOOL,6112,006352,0.98898995,code_token_name,high,0.993
2002,2000,MONROE,02 BROAD ST SCHOOL,6112,006351,0.01100778,code_token_name,high,0.993
2002,2000,MONROE,02 BROAD ST SCHOOL,6112,006353,2.27e-06,code_token_name,high,0.993
2002,2000,MONROE,03 BROWN ELEMENTARY,6116,006353,0.94890177,exact_name,high,1.0
2002,2000,MONROE,03 BROWN ELEMENTARY,6116,006351,0.05026737,exact_name,high,1.0
2002,2000,MONROE,03 BROWN ELEMENTARY,6116,006352,0.00083086,exact_name,high,1.0
2002,2000,MONROE,04 VONORE ELEMENTAR,6129,006354,0.61493364,code_token_name,high,0.993
2002,2000,MONROE,04 VONORE ELEMENTAR,6129,006357,0.38324382,code_token_name,high,0.993
2002,2000,MONROE,04 VONORE ELEMENTAR,6129,006358,0.0018219,code_token_name,high,0.993
2002,2000,MONROE,04 VONORE ELEMENTAR,6129,006351,6.4e-07,code_token_name,high,0.993
2002,2000,MONROE,05 MADISONVILLE INTR,6124,006355,0.9947499,code_token_name,high,0.993
2002,2000,MONROE,05 MADISONVILLE INTR,6124,006357,0.00337339,code_token_name,high,0.993
2002,2000,MONROE,05 MADISONVILLE INTR,6124,006356,0.00187671,code_token_name,high,0.993
2002,2000,MONROE,06 MADISONVILLE MID,6128,006356,0.97884968,code_token_name,high,0.993
2002,2000,MONROE,06 MADISONVILLE MID,6128,006355,0.02085107,code_token_name,high,0.993
2002,2000,MONROE,06 MADISONVILLE MID,6128,006359,0.00029925,code_token_name,high,0.993
2002,2000,MONROE,06 MADISONVILLE MID,6128,006357,0.0,code_token_name,high,0.993
2002,2000,MONROE,07 MADISONVILLE PRIM,6132,006357,0.54310578,code_token_name,high,0.993
2002,2000,MONROE,07 MADISONVILLE PRIM,6132,006363,0.24430363,code_token_name,high,0.993
2002,2000,MONROE,07 MADISONVILLE PRIM,6132,006354,0.09946382,code_token_name,high,0.993
2002,2000,MONROE,07 MADISONVILLE PRIM,6132,006359,0.06826338,code_token_name,high,0.993
2002,2000,MONROE,07 MADISONVILLE PRIM,6132,006358,0.03706085,code_token_name,high,0.993
2002,2000,MONROE,07 MADISONVILLE PRIM,6132,006355,0.0077811,code_token_name,high,0.993
2002,2000,MONROE,07 MADISONVILLE PRIM,6132,006351,2.144e-05,code_token_name,high,0.993
2002,2000,MONROE,07 MADISONVILLE PRIM,6132,006356,0.0,code_token_name,high,0.993
2002,2000,MONROE,07 MADISONVILLE PRIM,6132,006361,0.0,code_token_name,high,0.993
2002,2000,MONROE,08 VONORE CC,6136,006358,0.77458783,code_token_name,high,0.993
2002,2000,MONROE,08 VONORE CC,6136,006354,0.22541214,code_token_name,high,0.993
2002,2000,MONROE,08 VONORE CC,6136,006357,2e-08,code_token_name,high,0.993
2002,2000,MONROE,09 OLD NOTCHEY CREE,6140,006359,0.99999442,code_token_name,high,0.993
2002,2000,MONROE,09 OLD NOTCHEY CREE,6140,006356,5.07e-06,code_token_name,high,0.993
2002,2000,MONROE,09 OLD NOTCHEY CREE,6140,006360,4.7e-07,code_token_name,high,0.993
2002,2000,MONROE,09 OLD NOTCHEY CREE,6140,006361,5e-08,code_token_name,high,0.993
2002,2000,MONROE,09 OLD NOTCHEY CREE,6140,006357,0.0,code_token_name,high,0.993
2002,2000,MONROE,10 RURAL VALE FIRE,6092,006360,0.99688522,code_token_name,high,0.993
2002,2000,MONROE,10 RURAL VALE FIRE,6092,006361,0.00311473,code_token_name,high,0.993
2002,2000,MONROE,10 RURAL VALE FIRE,6092,006359,3e-08,code_token_name,high,0.993
2002,2000,MONROE,10 RURAL VALE FIRE,6092,006362,2e-08,code_token_name,high,0.993
2002,2000,MONROE,11 TELLICO CC,6096,006361,0.9181501,code_token_name,high,0.993
2002,2000,MONROE,11 TELLICO CC,6096,006360,0.03891586,code_token_name,high,0.993
2002,2000,MONROE,11 TELLICO CC,6096,006363,0.0255933,code_token_name,high,0.993
2002,2000,MONROE,11 TELLICO CC,6096,006362,0.01734074,code_token_name,high,0.993
2002,2000,MONROE,11 TELLICO CC,6096,006359,1e-08,code_token_name,high,0.993
2002,2000,MONROE,12 COKER CREEK SCH,6100,006362,0.83612044,code_token_name,high,0.993
2002,2000,MONROE,12 COKER CREEK SCH,6100,006361,0.1638795,code_token_name,high,0.993
2002,2000,MONROE,12 COKER CREEK SCH,6100,006360,6e-08,code_token_name,high,0.993
2002,2000,MONROE,13 TOQUA CC,0013,0013,1.0,token_vtd,high,1.0
2002,2000,MONTGOMERY,01,6150,006471,0.86539348,code_token_name,high,0.993
2002,2000,MONTGOMERY,01,6150,006467,0.07995834,code_token_name,high,0.993
2002,2000,MONTGOMERY,01,6150,006464,0.04017034,code_token_name,high,0.993
2002,2000,MONTGOMERY,01,6150,006463,0.00977846,code_token_name,high,0.993
2002,2000,MONTGOMERY,01,6150,006479,0.00468984,code_token_name,high,0.993
2002,2000,MONTGOMERY,01,6150,006468,9.5e-06,code_token_name,high,0.993
2002,2000,MONTGOMERY,01,6150,006478,5e-08,code_token_name,high,0.993
2002,2000,MONTGOMERY,01,6150,006453,0.0,code_token_name,high,0.993
2002,2000,MONTGOMERY,01,6150,006465,0.0,code_token_name,high,0.993
2002,2000,MONTGOMERY,02,6155,006464,0.62615631,code_token_name,high,0.993
2002,2000,MONTGOMERY,02,6155,006478,0.17905849,code_token_name,high,0.993
2002,2000,MONTGOMERY,02,6155,006468,0.17559149,code_token_name,high,0.993
2002,2000,MONTGOMERY,02,6155,006471,0.01394731,code_token_name,high,0.993
2002,2000,MONTGOMERY,02,6155,006469,0.00522223,code_token_name,high,0.993
2002,2000,MONTGOMERY,02,6155,006453,1.91e-05,code_token_name,high,0.993
2002,2000,MONTGOMERY,02,6155,006465,4.86e-06,code_token_name,high,0.993
2002,2000,MONTGOMERY,02,6155,006462,1.3e-07,code_token_name,high,0.993
2002,2000,MONTGOMERY,02,6155,006467,5e-08,code_token_name,high,0.993
2002,2000,MONTGOMERY,02,6155,006474,2e-08,code_token_name,high,0.993
2002,2000,MONTGOMERY,03A,0005,0005,1.0,code_token_name,high,0.993
2002,2000,MONTGOMERY,03B,0006,0006,1.0,code_token_name,high,0.993
2002,2000,MONTGOMERY,04A,0007,0007,1.0,code_token_name,high,0.993
2002,2000,MONTGOMERY,04B,0008,0008,1.0,code_token_name,high,0.993
2002,2000,MONTGOMERY,05,0009,0009,1.0,code_token_name,high,0.993
2002,2000,MONTGOMERY,06A,6180,006460,0.99997572,code_token_name,high,0.993
2002,2000,MONTGOMERY,06A,6180,006461,2.428e-05,code_token_name,high,0.993
2002,2000,MONTGOMERY,06A,6180,006455,0.0,code_token_name,high,0.993
2002,2000,MONTGOMERY,06B,6175,006473,0.60387282,code_token_name,high,0.993
2002,2000,MONTGOMERY,06B,6175,006460,0.39612715,code_token_name,high,0.993
2002,2000,MONTGOMERY,06B,6175,006461,3e-08,code_token_name,high,0.993
2002,2000,MONTGOMERY,06B,6175,006455,0.0,code_token_name,high,0.993
2002,2000,MONTGOMERY,07,6185,006455,0.98468555,code_token_name,high,0.993
2002,2000,MONTGOMERY,07,6185,006454,0.01421355,code_token_name,high,0.993
2002,2000,MONTGOMERY,07,6185,006470,0.00110042,code_token_name,high,0.993
2002,2000,MONTGOMERY,07,6185,006456,4.8e-07,code_token_name,high,0.993
2002,2000,MONTGOMERY,07,6185,006473,0.0,code_token_name,high,0.993
2002,2000,MONTGOMERY,07,6185,006460,0.0,code_token_name,high,0.993
2002,2000,MONTGOMERY,08,6190,006454,0.93507784,code_token_name,high,0.993
2002,2000,MONTGOMERY,08,6190,006451,0.05018927,code_token_name,high,0.993
2002,2000,MONTGOMERY,08,6190,006452,0.01210181,code_token_name,high,0.993
2002,2000,MONTGOMERY,08,6190,006455,0.00263108,code_token_name,high,0.993
2002,2000,MONTGOMERY,09,6195,006452,0.52772057,code_token_name,high,0.993
2002,2000,MONTGOMERY,09,6195,006463,0.15683415,code_token_name,high,0.993
2002,2000,MONTGOMERY,09,6195,006457,0.1392375,code_token_name,high,0.993
2002,2000,MONTGOMERY,09,6195,006480,0.10329566,code_token_name,high,0.993
2002,2000,MONTGOMERY,09,6195,006451,0.07291211,code_token_name,high,0.993
2002,2000,MONTGOMERY,09,6195,006465,0.0,code_token_name,high,0.993
2002,2000,MONTGOMERY,10,6200,006454,0.94620072,exact_name,high,1.0
2002,2000,MONTGOMERY,10,6200,006456,0.05378909,exact_name,high,1.0
2002,2000,MONTGOMERY,10,6200,006457,1.02e-05,exact_name,high,1.0
2002,2000,MONTGOMERY,11,6205,006454,0.48441451,exact_name,high,1.0
2002,2000,MONTGOMERY,11,6205,006470,0.30215069,exact_name,high,1.0
2002,2000,MONTGOMERY,11,6205,006456,0.19592184,exact_name,high,1.0
2002,2000,MONTGOMERY,11,6205,006455,0.01751251,exact_name,high,1.0
2002,2000,MONTGOMERY,11,6205,006458,4.6e-07,exact_name,high,1.0
2002,2000,MONTGOMERY,12,6210,006457,0.66353708,exact_name,high,1.0
2002,2000,MONTGOMERY,12,6210,006452,0.31301282,exact_name,high,1.0
2002,2000,MONTGOMERY,12,6210,006454,0.0234501,exact_name,high,1.0
2002,2000,MONTGOMERY,12,6210,006465,0.0,exact_name,high,1.0
2002,2000,MONTGOMERY,13,6215,006458,0.69625204,exact_name,high,1.0
2002,2000,MONTGOMERY,13,6215,006457,0.21318493,exact_name,high,1.0
2002,2000,MONTGOMERY,13,6215,006470,0.09056303,exact_name,high,1.0
2002,2000,MONTGOMERY,13,6215,006465,0.0,exact_name,high,1.0
2002,2000,MONTGOMERY,14,6220,006465,0.34658436,exact_name,high,1.0
2002,2000,MONTGOMERY,14,6220,006466,0.24629498,exact_name,high,1.0
2002,2000,MONTGOMERY,14,6220,006463,0.17834736,exact_name,high,1.0
2002,2000,MONTGOMERY,14,6220,006467,0.17640785,exact_name,high,1.0
2002,2000,MONTGOMERY,14,6220,006471,0.0278577,exact_name,high,1.0
2002,2000,MONTGOMERY,14,6220,006479,0.02450466,exact_name,high,1.0
2002,2000,MONTGOMERY,14,6220,006464,2.42e-06,exact_name,high,1.0
2002,2000,MONTGOMERY,14,6220,006478,6.1e-07,exact_name,high,1.0
2002,2000,MONTGOMERY,14,6220,006458,6e-08,exact_name,high,1.0
2002,2000,MONTGOMERY,14,6220,006457,1e-08,exact_name,high,1.0
2002,2000,MONTGOMERY,14,6220,006474,0.0,exact_name,high,1.0
2002,2000,MONTGOMERY,15,6225,006470,0.67832981,exact_name,high,1.0
2002,2000,MONTGOMERY,15,6225,006456,0.32010153,exact_name,high,1.0
2002,2000,MONTGOMERY,15,6225,006458,0.00156865,exact_name,high,1.0
2002,2000,MONTGOMERY,16,6232,006457,0.53751026,exact_name,high,1.0
2002,2000,MONTGOMERY,16,6232,006470,0.25176951,exact_name,high,1.0
2002,2000,MONTGOMERY,16,6232,006456,0.21072004,exact_name,high,1.0
2002,2000,MONTGOMERY,16,6232,006454,2e-07,exact_name,high,1.0
2002,2000,MONTGOMERY,16,6232,006458,0.0,exact_name,high,1.0
2002,2000,MONTGOMERY,17,6230,006474,0.6091257,exact_name,high,1.0
2002,2000,MONTGOMERY,17,6230,006458,0.34835781,exact_name,high,1.0
2002,2000,MONTGOMERY,17,6230,006476,0.04251552,exact_name,high,1.0
2002,2000,MONTGOMERY,17,6230,006465,9.6e-07,exact_name,high,1.0
2002,2000,MONTGOMERY,17,6230,006478,0.0,exact_name,high,1.0
2002,2000,MONTGOMERY,17,6230,006459,0.0,exact_name,high,1.0
2002,2000,MONTGOMERY,18,6228,006458,0.77464675,exact_name,high,1.0
2002,2000,MONTGOMERY,18,6228,006476,0.19403617,exact_name,high,1.0
2002,2000,MONTGOMERY,18,6228,006470,0.03131706,exact_name,high,1.0
2002,2000,MONTGOMERY,18,6228,006460,2e-08,exact_name,high,1.0
2002,2000,MONTGOMERY,18,6228,006465,0.0,exact_name,high,1.0
2002,2000,MONTGOMERY,18,6228,006472,0.0,exact_name,high,1.0
2002,2000,MONTGOMERY,19,6234,006459,0.69000052,exact_name,high,1.0
2002,2000,MONTGOMERY,19,6234,006472,0.1705267,exact_name,high,1.0
2002,2000,MONTGOMERY,19,6234,006476,0.10362231,exact_name,high,1.0
2002,2000,MONTGOMERY,19,6234,006474,0.03585047,exact_name,high,1.0
2002,2000,MONTGOMERY,19,6234,006460,0.0,exact_name,high,1.0
2002,2000,MONTGOMERY,20,0020,0020,1.0,token_vtd,high,1.0
2002,2000,MONTGOMERY,21,6238,006477,0.4698495,exact_name,high,1.0
2002,2000,MONTGOMERY,21,6238,006476,0.31597572,exact_name,high,1.0
2002,2000,MONTGOMERY,21,6238,006474,0.16176285,exact_name,high,1.0
2002,2000,MONTGOMERY,21,6238,006472,0.05241045,exact_name,high,1.0
2002,2000,MONTGOMERY,21,6238,006459,1.49e-06,exact_name,high,1.0
2002,2000,MONTGOMERY,21,6238,006462,0.0,exact_name,high,1.0
2002,2000,MONTGOMERY,21,6238,006461,0.0,exact_name,high,1.0
2002,2000,MOORE,1 COURTHOUSE,6248,006554,0.99761377,exact_name,high,1.0
2002,2000,MOORE,1 COURTHOUSE,6248,006552,0.00238623,exact_name,high,1.0
2002,2000,MOORE,1 COURTHOUSE,6248,006553,0.0,exact_name,high,1.0
2002,2000,MOORE,1 COURTHOUSE,6248,006551,0.0,exact_name,high,1.0
2002,2000,MOORE,4 ELEMENTARY SCHOOL,6252,006552,0.98181262,exact_name,high,1.0
2002,2000,MOORE,4 ELEMENTARY SCHOOL,6252,006551,0.01816625,exact_name,high,1.0
2002,2000,MOORE,4 ELEMENTARY SCHOOL,6252,006554,2.102e-05,exact_name,high,1.0
2002,2000,MOORE,4 ELEMENTARY SCHOOL,6252,006555,1.1e-07,exact_name,high,1.0
2002,2000,MOORE,5 MOTLOW COLLEGE,6260,006555,0.98229758,exact_name,high,1.0
2002,2000,MOORE,5 MOTLOW COLLEGE,6260,006551,0.01769562,exact_name,high,1.0
2002,2000,MOORE,5 MOTLOW COLLEGE,6260,006552,6.79e-06,exact_name,high,1.0
2002,2000,MORGAN,1 1 COALFIELD,6276,006651,0.99985344,exact_name,high,1.0
2002,2000,MORGAN,1 1 COALFIELD,6276,006653,0.00014656,exact_name,high,1.0
2002,2000,MORGAN,1 1 COALFIELD,6276,006662,0.0,exact_name,high,1.0
2002,2000,MORGAN,2 1 OAKDALE,6300,006662,0.64563454,exact_name,high,1.0
2002,2000,MORGAN,2 1 OAKDALE,6300,006657,0.24056707,exact_name,high,1.0
2002,2000,MORGAN,2 1 OAKDALE,6300,006651,0.11379836,exact_name,high,1.0
2002,2000,MORGAN,2 1 OAKDALE,6300,006654,3e-08,exact_name,high,1.0
2002,2000,MORGAN,2 1 OAKDALE,6300,006652,0.0,exact_name,high,1.0
2002,2000,MORGAN,2 2 OAKDALE HIGH,6304,006652,0.83132709,exact_name,high,1.0
2002,2000,MORGAN,2 2 OAKDALE HIGH,6304,006654,0.11730581,exact_name,high,1.0
2002,2000,MORGAN,2 2 OAKDALE HIGH,6304,006658,0.0425155,exact_name,high,1.0
2002,2000,MORGAN,2 2 OAKDALE HIGH,6304,006662,0.00885159,exact_name,high,1.0
2002,2000,MORGAN,3 1 WARTBURG,6316,006654,0.65038306,exact_name,high,1.0
2002,2000,MORGAN,3 1 WARTBURG,6316,006660,0.23483211,exact_name,high,1.0
2002,2000,MORGAN,3 1 WARTBURG,6316,006658,0.05351958,exact_name,high,1.0
2002,2000,MORGAN,3 1 WARTBURG,6316,006656,0.03366335,exact_name,high,1.0
2002,2000,MORGAN,3 1 WARTBURG,6316,006653,0.02760125,exact_name,high,1.0
2002,2000,MORGAN,3 1 WARTBURG,6316,006651,6.4e-07,exact_name,high,1.0
2002,2000,MORGAN,3 1 WARTBURG,6316,006652,0.0,exact_name,high,1.0
2002,2000,MORGAN,4 1 CHESTNUT RIDGE,6282,006655,1.0,exact_name,high,1.0
2002,2000,MORGAN,4 1 CHESTNUT RIDGE,6282,006659,0.0,exact_name,high,1.0
2002,2000,MORGAN,4 1 CHESTNUT RIDGE,6282,006661,0.0,exact_name,high,1.0
2002,2000,MORGAN,4 2 LANCING,6286,006658,0.49344493,exact_name,high,1.0
2002,2000,MORGAN,4 2 LANCING,6286,006656,0.37832004,exact_name,high,1.0
2002,2000,MORGAN,4 2 LANCING,6286,006655,0.128235,exact_name,high,1.0
2002,2000,MORGAN,4 2 LANCING,6286,006654,3e-08,exact_name,high,1.0
2002,2000,MORGAN,4 2 LANCING,6286,006661,0.0,exact_name,high,1.0
2002,2000,MORGAN,4 4 DEER LODGE,6280,006658,0.56324407,exact_name,high,1.0
2002,2000,MORGAN,4 4 DEER LODGE,6280,006661,0.43669834,exact_name,high,1.0
2002,2000,MORGAN,4 4 DEER LODGE,6280,006656,5.751e-05,exact_name,high,1.0
2002,2000,MORGAN,4 4 DEER LODGE,6280,006659,8e-08,exact_name,high,1.0
2002,2000,MORGAN,4 4 DEER LODGE,6280,006655,0.0,exact_name,high,1.0
2002,2000,MORGAN,5 1 BURRVILLE,6268,006659,0.99998136,exact_name,high,1.0
2002,2000,MORGAN,5 1 BURRVILLE,6268,006661,1.123e-05,exact_name,high,1.0
2002,2000,MORGAN,5 1 BURRVILLE,6268,006656,7.4e-06,exact_name,high,1.0
2002,2000,MORGAN,5 1 BURRVILLE,6268,006655,0.0,exact_name,high,1.0
2002,2000,MORGAN,5 2 SUNBRIGHT,6312,006656,0.99990821,exact_name,high,1.0
2002,2000,MORGAN,5 2 SUNBRIGHT,6312,006661,9.171e-05,exact_name,high,1.0
2002,2000,MORGAN,5 2 SUNBRIGHT,6312,006659,8e-08,exact_name,high,1.0
2002,2000,MORGAN,5 2 SUNBRIGHT,6312,006658,0.0,exact_name,high,1.0
2002,2000,MORGAN,6 1 MOSSY GROVE,6296,006654,0.67475367,exact_name,high,1.0
2002,2000,MORGAN,6 1 MOSSY GROVE,6296,006657,0.31211429,exact_name,high,1.0
2002,2000,MORGAN,6 1 MOSSY GROVE,6296,006651,0.01313205,exact_name,high,1.0
2002,2000,MORGAN,6 1 MOSSY GROVE,6296,006660,0.0,exact_name,high,1.0
2002,2000,MORGAN,6 1 MOSSY GROVE,6296,006652,0.0,exact_name,high,1.0
2002,2000,MORGAN,6 1 MOSSY GROVE,6296,006662,0.0,exact_name,high,1.0
2002,2000,MORGAN,6 2 PETROS,6308,006653,0.46184791,exact_name,high,1.0
2002,2000,MORGAN,6 2 PETROS,6308,006651,0.30449312,exact_name,high,1.0
2002,2000,MORGAN,6 2 PETROS,6308,006660,0.23365897,exact_name,high,1.0
2002,2000,MORGAN,6 2 PETROS,6308,006654,0.0,exact_name,high,1.0
2002,2000,MORGAN,6 3 KELLYS,6284,006651,0.88784382,exact_name,high,1.0
2002,2000,MORGAN,6 3 KELLYS,6284,006660,0.11215618,exact_name,high,1.0
2002,2000,MORGAN,6 3 KELLYS,6284,006654,0.0,exact_name,high,1.0
2002,2000,MORGAN,6 3 KELLYS,6284,006657,0.0,exact_name,high,1.0
2002,2000,OBION,1 1 SOUTH FULTON,0001,0001,1.0,exact_name,high,1.0
2002,2000,OBION,2 1 WOODLAND,6320,006753,0.77974302,code_token_name,high,0.993
2002,2000,OBION,2 1 WOODLAND,6320,006756,0.22025684,code_token_name,high,0.993
2002,2000,OBION,2 1 WOODLAND,6320,006762,1.3e-07,code_token_name,high,0.993
2002,2000,OBION,2 2 FIRE STATION,6320,006753,0.77974302,code_token_name,high,0.993
2002,2000,OBION,2 2 FIRE STATION,6320,006756,0.22025684,code_token_name,high,0.993
2002,2000,OBION,2 2 FIRE STATION,6320,006762,1.3e-07,code_token_name,high,0.993
2002,2000,OBION,3 2 KENTON,6382,006757,0.99892202,exact_name,high,1.0
2002,2000,OBION,3 2 KENTON,6382,006761,0.00107798,exact_name,high,1.0
2002,2000,OBION,3 4 RIVES,6386,006761,0.96258637,exact_name,high,1.0
2002,2000,OBION,3 4 RIVES,6386,006752,0.0278095,exact_name,high,1.0
2002,2000,OBION,3 4 RIVES,6386,006760,0.00960237,exact_name,high,1.0
2002,2000,OBION,3 4 RIVES,6386,006758,1.74e-06,exact_name,high,1.0
2002,2000,OBION,3 4 RIVES,6386,006757,3e-08,exact_name,high,1.0
2002,2000,OBION,4 1 FAIR GROUNDS,0006,0006,1.0,exact_name,high,1.0
2002,2000,OBION,5 2 CLOVERDALE,6394,006759,0.87691653,exact_name,high,1.0
2002,2000,OBION,5 2 CLOVERDALE,6394,006754,0.12253433,exact_name,high,1.0
2002,2000,OBION,5 2 CLOVERDALE,6394,006758,0.00054914,exact_name,high,1.0
2002,2000,OBION,5 4 HORNBEAK,6390,006754,0.84268105,exact_name,high,1.0
2002,2000,OBION,5 4 HORNBEAK,6390,006755,0.15731895,exact_name,high,1.0
2002,2000,OBION,5 4 HORNBEAK,6390,006759,0.0,exact_name,high,1.0
2002,2000,OBION,5 4 HORNBEAK,6390,006760,0.0,exact_name,high,1.0
2002,2000,OBION,5 5 SAMBURG,6392,006755,0.99999997,exact_name,high,1.0
2002,2000,OBION,5 5 SAMBURG,6392,006754,3e-08,exact_name,high,1.0
2002,2000,OBION,6 1 OBION,6388,006760,0.72403392,code_token_name,high,0.993
2002,2000,OBION,6 1 OBION,6388,006758,0.21909856,code_token_name,high,0.993
2002,2000,OBION,6 1 OBION,6388,006754,0.04884257,code_token_name,high,0.993
2002,2000,OBION,6 1 OBION,6388,006761,0.00785476,code_token_name,high,0.993
2002,2000,OBION,6 1 OBION,6388,006757,0.00017019,code_token_name,high,0.993
2002,2000,OBION,6 1 OBION,6388,006759,0.0,code_token_name,high,0.993
2002,2000,OBION,6 2 TROY,6388,006760,0.72403392,code_token_name,high,0.993
2002,2000,OBION,6 2 TROY,6388,006758,0.21909856,code_token_name,high,0.993
2002,2000,OBION,6 2 TROY,6388,006754,0.04884257,code_token_name,high,0.993
2002,2000,OBION,6 2 TROY,6388,006761,0.00785476,code_token_name,high,0.993
2002,2000,OBION,6 2 TROY,6388,006757,0.00017019,code_token_name,high,0.993
2002,2000,OBION,6 2 TROY,6388,006759,0.0,code_token_name,high,0.993
2002,2000,OBION,7 2 CIVIC AUDITORIUM,6340,006761,0.35616493,code_token_name,high,0.993
2002,2000,OBION,7 2 CIVIC AUDITORIUM,6340,006756,0.25520724,code_token_name,high,0.993
2002,2000,OBION,7 2 CIVIC AUDITORIUM,6340,006753,0.19866564,code_token_name,high,0.993
2002,2000,OBION,7 2 CIVIC AUDITORIUM,6340,006752,0.18996218,code_token_name,high,0.993
2002,2000,OVERTON,1 LIVINGSTON WARD 1,6428,006853,0.98692194,exact_name,high,1.0
2002,2000,OVERTON,1 LIVINGSTON WARD 1,6428,006852,0.01149994,exact_name,high,1.0
2002,2000,OVERTON,1 LIVINGSTON WARD 1,6428,006856,0.0014484,exact_name,high,1.0
2002,2000,OVERTON,1 LIVINGSTON WARD 1,6428,006854,0.00012971,exact_name,high,1.0
2002,2000,OVERTON,1 LIVINGSTON WARD 2,6428,006853,0.98692194,code_token_name,high,0.993
2002,2000,OVERTON,1 LIVINGSTON WARD 2,6428,006852,0.01149994,code_token_name,high,0.993
2002,2000,OVERTON,1 LIVINGSTON WARD 2,6428,006856,0.0014484,code_token_name,high,0.993
2002,2000,OVERTON,1 LIVINGSTON WARD 2,6428,006854,0.00012971,code_token_name,high,0.993
2002,2000,OVERTON,1 LIVINGSTON WARD 3,6428,006853,0.98692194,code_token_name,high,0.993
2002,2000,OVERTON,1 LIVINGSTON WARD 3,6428,006852,0.01149994,code_token_name,high,0.993
2002,2000,OVERTON,1 LIVINGSTON WARD 3,6428,006856,0.0014484,code_token_name,high,0.993
2002,2000,OVERTON,1 LIVINGSTON WARD 3,6428,006854,0.00012971,code_token_name,high,0.993
2002,2000,OVERTON,2 ALLONS,6438,006852,0.99917832,exact_name,high,1.0
2002,2000,OVERTON,2 ALLONS,6438,006853,0.00082167,exact_name,high,1.0
2002,2000,OVERTON,2 ALLONS,6438,006854,1e-08,exact_name,high,1.0
2002,2000,OVERTON,2 ALLONS,6438,006851,0.0,exact_name,high,1.0
2002,2000,OVERTON,2 INDEPENDENCE,6440,006852,0.86724126,exact_name,high,1.0
2002,2000,OVERTON,2 INDEPENDENCE,6440,006854,0.13275874,exact_name,high,1.0
2002,2000,OVERTON,2 MONROE,6442,006854,0.95240123,exact_name,high,1.0
2002,2000,OVERTON,2 MONROE,6442,006852,0.04169321,exact_name,high,1.0
2002,2000,OVERTON,2 MONROE,6442,006853,0.00590426,exact_name,high,1.0
2002,2000,OVERTON,2 MONROE,6442,006856,1.29e-06,exact_name,high,1.0
2002,2000,OVERTON,3 ALPINE,6448,006856,0.83338936,exact_name,high,1.0
2002,2000,OVERTON,3 ALPINE,6448,006853,0.16658859,exact_name,high,1.0
2002,2000,OVERTON,3 ALPINE,6448,006854,2.204e-05,exact_name,high,1.0
2002,2000,OVERTON,3 ALPINE,6448,006855,1e-08,exact_name,high,1.0
2002,2000,OVERTON,3 POTEET,6450,006856,0.92127503,exact_name,high,1.0
2002,2000,OVERTON,3 POTEET,6450,006859,0.07872495,exact_name,high,1.0
2002,2000,OVERTON,3 POTEET,6450,006858,2e-08,exact_name,high,1.0
2002,2000,OVERTON,3 POTEET,6450,006854,0.0,exact_name,high,1.0
2002,2000,OVERTON,3 POTEET,6450,006855,0.0,exact_name,high,1.0
2002,2000,OVERTON,3 POTEET,6450,006853,0.0,exact_name,high,1.0
2002,2000,OVERTON,3 RUSHING SPRINGS,6454,006859,0.99999999,exact_name,high,1.0
2002,2000,OVERTON,3 RUSHING SPRINGS,6454,006858,1e-08,exact_name,high,1.0
2002,2000,OVERTON,3 WILSON,6452,006858,0.95235526,exact_name,high,1.0
2002,2000,OVERTON,3 WILSON,6452,006859,0.04764471,exact_name,high,1.0
2002,2000,OVERTON,3 WILSON,6452,006856,4e-08,exact_name,high,1.0
2002,2000,OVERTON,4 PLEASANT VALLEY,6462,006859,0.58744325,exact_name,high,1.0
2002,2000,OVERTON,4 PLEASANT VALLEY,6462,006857,0.38486709,exact_name,high,1.0
2002,2000,OVERTON,4 PLEASANT VALLEY,6462,006855,0.02768967,exact_name,high,1.0
2002,2000,OVERTON,4 PLEASANT VALLEY,6462,006856,0.0,exact_name,high,1.0
2002,2000,OVERTON,4 RICKMAN,6458,006857,0.87958068,exact_name,high,1.0
2002,2000,OVERTON,4 RICKMAN,6458,006855,0.06028642,exact_name,high,1.0
2002,2000,OVERTON,4 RICKMAN,6458,006851,0.06013289,exact_name,high,1.0
2002,2000,OVERTON,5 FAIRGROUNDS,6470,006855,0.63935013,exact_name,high,1.0
2002,2000,OVERTON,5 FAIRGROUNDS,6470,006853,0.20962574,exact_name,high,1.0
2002,2000,OVERTON,5 FAIRGROUNDS,6470,006852,0.14706063,exact_name,high,1.0
2002,2000,OVERTON,5 FAIRGROUNDS,6470,006851,0.0039635,exact_name,high,1.0
2002,2000,OVERTON,5 FAIRGROUNDS,6470,006856,1e-08,exact_name,high,1.0
2002,2000,OVERTON,5 FAIRGROUNDS,6470,006857,0.0,exact_name,high,1.0
2002,2000,OVERTON,5 FAIRGROUNDS,6470,006859,0.0,exact_name,high,1.0
2002,2000,OVERTON,5 HARDY CHAPEL,6467,006851,1.0,exact_name,high,1.0
2002,2000,OVERTON,5 HARDY CHAPEL,6467,006855,0.0,exact_name,high,1.0
2002,2000,OVERTON,5 HILHAM,6468,006851,0.72427951,exact_name,high,1.0
2002,2000,OVERTON,5 HILHAM,6468,006852,0.26251386,exact_name,high,1.0
2002,2000,OVERTON,5 HILHAM,6468,006855,0.01313974,exact_name,high,1.0
2002,2000,OVERTON,5 HILHAM,6468,006853,6.689e-05,exact_name,high,1.0
2002,2000,PERRY,101 CEDAR CREEK SCH,6496,006954,0.72288527,tail_fuzzy_name,low,0.758621
2002,2000,PERRY,101 CEDAR CREEK SCH,6496,006958,0.16727412,tail_fuzzy_name,low,0.758621
2002,2000,PERRY,101 CEDAR CREEK SCH,6496,006959,0.10251745,tail_fuzzy_name,low,0.758621
2002,2000,PERRY,101 CEDAR CREEK SCH,6496,006955,0.00732315,tail_fuzzy_name,low,0.758621
2002,2000,PERRY,101 CEDAR CREEK SCH,6496,006953,1e-08,tail_fuzzy_name,low,0.758621
2002,2000,PERRY,101 CEDAR CREEK SCH,6496,006960,0.0,tail_fuzzy_name,low,0.758621
2002,2000,PERRY,102 MARSH CREEK,0002,0002,1.0,exact_name,high,1.0
2002,2000,PERRY,201 PINEVIEW,6508,006951,0.77931182,tail_exact_name,medium,0.985
2002,2000,PERRY,201 PINEVIEW,6508,006956,0.14431226,tail_exact_name,medium,0.985
2002,2000,PERRY,201 PINEVIEW,6508,006957,0.07425737,tail_exact_name,medium,0.985
2002,2000,PERRY,201 PINEVIEW,6508,006960,0.0021185,tail_exact_name,medium,0.985
2002,2000,PERRY,201 PINEVIEW,6508,006952,4e-08,tail_exact_name,medium,0.985
2002,2000,PERRY,202 POPE,6512,006960,0.93621546,tail_exact_name,medium,0.985
2002,2000,PERRY,202 POPE,6512,006958,0.0526262,tail_exact_name,medium,0.985
2002,2000,PERRY,202 POPE,6512,006955,0.01115831,tail_exact_name,medium,0.985
2002,2000,PERRY,202 POPE,6512,006957,2e-08,tail_exact_name,medium,0.985
2002,2000,PERRY,202 POPE,6512,006951,0.0,tail_exact_name,medium,0.985
2002,2000,PERRY,301 COON CREEK,0005,0005,1.0,exact_name,high,1.0
2002,2000,PERRY,302 FLATWOODS,0006,0006,1.0,exact_name,high,1.0
2002,2000,PERRY,401 CHESTNUT GROVE,0007,0007,1.0,code_token_name,high,0.993
2002,2000,PERRY,403 LOBELVILLE ELEM,0008,0008,1.0,forced_best_name,low,0.666667
2002,2000,PERRY,501 PERRY CO COURT,0005,0005,1.0,forced_best_name,low,0.4375
2002,2000,PERRY,601 LOBELVILLE CITY,6544,006956,0.99566126,tail_exact_name,medium,0.985
2002,2000,PERRY,601 LOBELVILLE CITY,6544,006952,0.00433874,tail_exact_name,medium,0.985
2002,2000,PERRY,601 LOBELVILLE CITY,6544,006951,0.0,tail_exact_name,medium,0.985
2002,2000,PERRY,601 LOBELVILLE CITY,6544,006957,0.0,tail_exact_name,medium,0.985
2002,2000,PICKETT,BARNES,6556,007059,1.0,exact_name,high,1.0
2002,2000,PICKETT,BARNES,6556,007052,0.0,exact_name,high,1.0
2002,2000,PICKETT,BARNES,6556,007058,0.0,exact_name,high,1.0
2002,2000,PICKETT,BARNES,6556,007051,0.0,exact_name,high,1.0
2002,2000,PICKETT,BOLESTOWN,6560,007057,1.0,exact_name,high,1.0
2002,2000,PICKETT,BOLESTOWN,6560,007058,0.0,exact_name,high,1.0
2002,2000,PICKETT,BOLESTOWN,6560,007056,0.0,exact_name,high,1.0
2002,2000,PICKETT,BOOM,6564,007058,1.0,exact_name,high,1.0
2002,2000,PICKETT,BOOM,6564,007051,0.0,exact_name,high,1.0
2002,2000,PICKETT,BOOM,6564,007054,0.0,exact_name,high,1.0
2002,2000,PICKETT,BOOM,6564,007059,0.0,exact_name,high,1.0
2002,2000,PICKETT,BOOM,6564,007056,0.0,exact_name,high,1.0
2002,2000,PICKETT,BOOM,6564,007057,0.0,exact_name,high,1.0
2002,2000,PICKETT,CHANUTE,6568,007053,0.99993782,exact_name,high,1.0
2002,2000,PICKETT,CHANUTE,6568,007055,6.173e-05,exact_name,high,1.0
2002,2000,PICKETT,CHANUTE,6568,007051,4.5e-07,exact_name,high,1.0
2002,2000,PICKETT,CHANUTE,6568,007054,0.0,exact_name,high,1.0
2002,2000,PICKETT,COMMUNITY CENTER,6572,007054,0.93382949,exact_name,high,1.0
2002,2000,PICKETT,COMMUNITY CENTER,6572,007053,0.05851749,exact_name,high,1.0
2002,2000,PICKETT,COMMUNITY CENTER,6572,007051,0.00765273,exact_name,high,1.0
2002,2000,PICKETT,COMMUNITY CENTER,6572,007056,2.9e-07,exact_name,high,1.0
2002,2000,PICKETT,COMMUNITY CENTER,6572,007058,0.0,exact_name,high,1.0
2002,2000,PICKETT,HIGH SCHOOL,6576,007051,0.99961548,exact_name,high,1.0
2002,2000,PICKETT,HIGH SCHOOL,6576,007054,0.00038376,exact_name,high,1.0
2002,2000,PICKETT,HIGH SCHOOL,6576,007052,5.1e-07,exact_name,high,1.0
2002,2000,PICKETT,HIGH SCHOOL,6576,007053,2.6e-07,exact_name,high,1.0
2002,2000,PICKETT,HIGH SCHOOL,6576,007059,0.0,exact_name,high,1.0
2002,2000,PICKETT,HIGH SCHOOL,6576,007058,0.0,exact_name,high,1.0
2002,2000,PICKETT,MOODYVILLE,6580,007056,0.96147434,exact_name,high,1.0
2002,2000,PICKETT,MOODYVILLE,6580,007053,0.03610333,exact_name,high,1.0
2002,2000,PICKETT,MOODYVILLE,6580,007055,0.00242203,exact_name,high,1.0
2002,2000,PICKETT,MOODYVILLE,6580,007058,1.6e-07,exact_name,high,1.0
2002,2000,PICKETT,MOODYVILLE,6580,007054,1.3e-07,exact_name,high,1.0
2002,2000,PICKETT,MOODYVILLE,6580,007057,0.0,exact_name,high,1.0
2002,2000,PICKETT,OAK HILL,6584,007052,0.99999994,exact_name,high,1.0
2002,2000,PICKETT,OAK HILL,6584,007051,6e-08,exact_name,high,1.0
2002,2000,PICKETT,OAK HILL,6584,007059,0.0,exact_name,high,1.0
2002,2000,PICKETT,TRAVISVILLE,6588,007055,0.99995398,exact_name,high,1.0
2002,2000,PICKETT,TRAVISVILLE,6588,007053,4.602e-05,exact_name,high,1.0
2002,2000,PICKETT,TRAVISVILLE,6588,007056,0.0,exact_name,high,1.0
2002,2000,POLK,1 DELANO SCHOOL,6596,007151,0.99996427,exact_name,high,1.0
2002,2000,POLK,1 DELANO SCHOOL,6596,007152,1.868e-05,exact_name,high,1.0
2002,2000,POLK,1 DELANO SCHOOL,6596,007153,1.705e-05,exact_name,high,1.0
2002,2000,POLK,1 DELANO SCHOOL,6596,007160,0.0,exact_name,high,1.0
2002,2000,POLK,1A FIREHALL STA 5,6604,007152,0.94011414,code_token_name,high,0.993
2002,2000,POLK,1A FIREHALL STA 5,6604,007159,0.05988322,code_token_name,high,0.993
2002,2000,POLK,1A FIREHALL STA 5,6604,007153,1.94e-06,code_token_name,high,0.993
2002,2000,POLK,1A FIREHALL STA 5,6604,007158,6.9e-07,code_token_name,high,0.993
2002,2000,POLK,1A FIREHALL STA 5,6604,007160,1e-08,code_token_name,high,0.993
2002,2000,POLK,1A FIREHALL STA 5,6604,007151,0.0,code_token_name,high,0.993
2002,2000,POLK,1B BENTON SCHOOL,6608,007153,0.62528365,tail_fuzzy_name,low,0.928571
2002,2000,POLK,1B BENTON SCHOOL,6608,007159,0.23599463,tail_fuzzy_name,low,0.928571
2002,2000,POLK,1B BENTON SCHOOL,6608,007157,0.13860014,tail_fuzzy_name,low,0.928571
2002,2000,POLK,1B BENTON SCHOOL,6608,007152,0.00012022,tail_fuzzy_name,low,0.928571
2002,2000,POLK,1B BENTON SCHOOL,6608,007151,1.36e-06,tail_fuzzy_name,low,0.928571
2002,2000,POLK,2 GREASY CREEK COM,6608,007153,0.62528365,code_token_name,high,0.993
2002,2000,POLK,2 GREASY CREEK COM,6608,007159,0.23599463,code_token_name,high,0.993
2002,2000,POLK,2 GREASY CREEK COM,6608,007157,0.13860014,code_token_name,high,0.993
2002,2000,POLK,2 GREASY CREEK COM,6608,007152,0.00012022,code_token_name,high,0.993
2002,2000,POLK,2 GREASY CREEK COM,6608,007151,1.36e-06,code_token_name,high,0.993
2002,2000,POLK,2A SPRINGTOWN FIRE,6616,007160,0.99999995,tail_fuzzy_name,low,0.894737
2002,2000,POLK,2A SPRINGTOWN FIRE,6616,007158,2e-08,tail_fuzzy_name,low,0.894737
2002,2000,POLK,2A SPRINGTOWN FIRE,6616,007151,2e-08,tail_fuzzy_name,low,0.894737
2002,2000,POLK,2A SPRINGTOWN FIRE,6616,007152,0.0,tail_fuzzy_name,low,0.894737
2002,2000,POLK,2A SPRINGTOWN FIRE,6616,007161,0.0,tail_fuzzy_name,low,0.894737
2002,2000,POLK,2B OCOEE RIVER RATS,6620,007159,0.90086271,tail_exact_name,medium,0.985
2002,2000,POLK,2B OCOEE RIVER RATS,6620,007157,0.09913728,tail_exact_name,medium,0.985
2002,2000,POLK,2B OCOEE RIVER RATS,6620,007158,2e-08,tail_exact_name,medium,0.985
2002,2000,POLK,2C SOUTH POLK SCHOO,6624,007156,0.9992075,tail_fuzzy_name,low,0.914286
2002,2000,POLK,2C SOUTH POLK SCHOO,6624,007155,0.00057236,tail_fuzzy_name,low,0.914286
2002,2000,POLK,2C SOUTH POLK SCHOO,6624,007157,0.00022014,tail_fuzzy_name,low,0.914286
2002,2000,POLK,2D OCOEE FIREHALL,6628,007157,0.99972825,tail_fuzzy_name,low,0.9375
2002,2000,POLK,2D OCOEE FIREHALL,6628,007155,0.00024292,tail_fuzzy_name,low,0.9375
2002,2000,POLK,2D OCOEE FIREHALL,6628,007156,2.883e-05,tail_fuzzy_name,low,0.9375
2002,2000,POLK,2D OCOEE FIREHALL,6628,007154,0.0,tail_fuzzy_name,low,0.9375
2002,2000,POLK,3 DUCKTOWN COURT,6612,007158,0.99077491,code_token_name,high,0.993
2002,2000,POLK,3 DUCKTOWN COURT,6612,007157,0.00913449,code_token_name,high,0.993
2002,2000,POLK,3 DUCKTOWN COURT,6612,007159,5.623e-05,code_token_name,high,0.993
2002,2000,POLK,3 DUCKTOWN COURT,6612,007160,3.434e-05,code_token_name,high,0.993
2002,2000,POLK,3 DUCKTOWN COURT,6612,007154,2e-08,code_token_name,high,0.993
2002,2000,POLK,3 DUCKTOWN COURT,6612,007152,1e-08,code_token_name,high,0.993
2002,2000,POLK,3 DUCKTOWN COURT,6612,007161,0.0,code_token_name,high,0.993
2002,2000,POLK,3A DUCKTOWN BRANCH,6616,007160,0.99999995,code_token_name,high,0.993
2002,2000,POLK,3A DUCKTOWN BRANCH,6616,007158,2e-08,code_token_name,high,0.993
2002,2000,POLK,3A DUCKTOWN BRANCH,6616,007151,2e-08,code_token_name,high,0.993
2002,2000,POLK,3A DUCKTOWN BRANCH,6616,007152,0.0,code_token_name,high,0.993
2002,2000,POLK,3A DUCKTOWN BRANCH,6616,007161,0.0,code_token_name,high,0.993
2002,2000,POLK,3B TURTLETOWN SCHOO,6620,007159,0.90086271,code_token_name,high,0.993
2002,2000,POLK,3B TURTLETOWN SCHOO,6620,007157,0.09913728,code_token_name,high,0.993
2002,2000,POLK,3B TURTLETOWN SCHOO,6620,007158,2e-08,code_token_name,high,0.993
2002,2000,POLK,3C DUCKTOWN SCHOOL,6636,007154,0.99607361,tail_fuzzy_name,low,0.9375
2002,2000,POLK,3C DUCKTOWN SCHOOL,6636,007155,0.0039261,tail_fuzzy_name,low,0.9375
2002,2000,POLK,3C DUCKTOWN SCHOOL,6636,007161,2.9e-07,tail_fuzzy_name,low,0.9375
2002,2000,PUTNAM,01A CAPSHAW,0001,0001,1.0,exact_name,high,1.0
2002,2000,PUTNAM,01B COURTHOUSE,6716,007266,0.92222539,tail_fuzzy_name,low,0.909091
2002,2000,PUTNAM,01B COURTHOUSE,6716,007256,0.04127568,tail_fuzzy_name,low,0.909091
2002,2000,PUTNAM,01B COURTHOUSE,6716,007255,0.03649894,tail_fuzzy_name,low,0.909091
2002,2000,PUTNAM,01B COURTHOUSE,6716,007264,0.0,tail_fuzzy_name,low,0.909091
2002,2000,PUTNAM,01B COURTHOUSE,6716,007261,0.0,tail_fuzzy_name,low,0.909091
2002,2000,PUTNAM,01C SOUTH COOKEVILL,6714,007266,0.99974861,tail_fuzzy_name,low,0.909091
2002,2000,PUTNAM,01C SOUTH COOKEVILL,6714,007267,0.00025139,tail_fuzzy_name,low,0.909091
2002,2000,PUTNAM,01C SOUTH COOKEVILL,6714,007261,0.0,tail_fuzzy_name,low,0.909091
2002,2000,PUTNAM,01C SOUTH COOKEVILL,6714,007263,0.0,tail_fuzzy_name,low,0.909091
2002,2000,PUTNAM,02A NORTHEAST ELEM,0002,0002,1.0,code_token_name,high,0.993
2002,2000,PUTNAM,02B PRESCOTT CENTRAL,6740,007255,0.99914458,tail_fuzzy_name,low,0.941176
2002,2000,PUTNAM,02B PRESCOTT CENTRAL,6740,007256,0.00085542,tail_fuzzy_name,low,0.941176
2002,2000,PUTNAM,02B PRESCOTT CENTRAL,6740,007266,0.0,tail_fuzzy_name,low,0.941176
2002,2000,PUTNAM,02B PRESCOTT CENTRAL,6740,007251,0.0,tail_fuzzy_name,low,0.941176
2002,2000,PUTNAM,03A UNIVERSITY,0003,0003,1.0,exact_name,high,1.0
2002,2000,PUTNAM,04A MONTEREY CC,0005,0005,1.0,tail_fuzzy_name,low,0.782609
2002,2000,PUTNAM,04B MONTEREY EAST,0005,0005,1.0,code_token_name,high,0.993
2002,2000,PUTNAM,04C MONTEREY WEST,0006,0006,1.0,code_token_name,high,0.993
2002,2000,PUTNAM,04D SAND SPRINGS,6764,007262,0.99999781,tail_fuzzy_name,low,0.923077
2002,2000,PUTNAM,04D SAND SPRINGS,6764,007275,2.18e-06,tail_fuzzy_name,low,0.923077
2002,2000,PUTNAM,04D SAND SPRINGS,6764,007274,0.0,tail_fuzzy_name,low,0.923077
2002,2000,PUTNAM,05A BRIDGE INSIDE,0007,0007,1.0,code_token_name,high,0.993
2002,2000,PUTNAM,05B BRIDGE OUTSIDE,6684,007267,0.99648104,tail_fuzzy_name,low,0.933333
2002,2000,PUTNAM,05B BRIDGE OUTSIDE,6684,007266,0.00351267,tail_fuzzy_name,low,0.933333
2002,2000,PUTNAM,05B BRIDGE OUTSIDE,6684,007261,6.28e-06,tail_fuzzy_name,low,0.933333
2002,2000,PUTNAM,05B BRIDGE OUTSIDE,6684,007274,0.0,tail_fuzzy_name,low,0.933333
2002,2000,PUTNAM,05C BURGESS,0008,0008,1.0,code_token_name,high,0.993
2002,2000,PUTNAM,05D CKVILLE COMM IN,0007,0007,1.0,forced_best_name,low,0.648649
2002,2000,PUTNAM,05E CKVILLE COMM O,0007,0007,1.0,forced_best_name,low,0.666667
2002,2000,PUTNAM,05F DRY VALLEY,6724,007274,0.7450473,tail_fuzzy_name,low,0.909091
2002,2000,PUTNAM,05F DRY VALLEY,6724,007262,0.20021772,tail_fuzzy_name,low,0.909091
2002,2000,PUTNAM,05F DRY VALLEY,6724,007275,0.05473492,tail_fuzzy_name,low,0.909091
2002,2000,PUTNAM,05F DRY VALLEY,6724,007267,5e-08,tail_fuzzy_name,low,0.909091
2002,2000,PUTNAM,05F DRY VALLEY,6724,007261,2e-08,tail_fuzzy_name,low,0.909091
2002,2000,PUTNAM,05G POPLAR GROVE,0006,0006,1.0,tail_fuzzy_name,low,0.928571
2002,2000,PUTNAM,06A CANE CREEK,0009,0009,1.0,exact_name,high,1.0
2002,2000,PUTNAM,06B PARK VIEW IN,6756,007264,0.99986122,tail_fuzzy_name,low,0.758621
2002,2000,PUTNAM,06B PARK VIEW IN,6756,007266,0.00012383,tail_fuzzy_name,low,0.758621
2002,2000,PUTNAM,06B PARK VIEW IN,6756,007263,1.006e-05,tail_fuzzy_name,low,0.758621
2002,2000,PUTNAM,06B PARK VIEW IN,6756,007258,4.83e-06,tail_fuzzy_name,low,0.758621
2002,2000,PUTNAM,06B PARK VIEW IN,6756,007256,6e-08,tail_fuzzy_name,low,0.758621
2002,2000,PUTNAM,06C PARK VIEW OUT,6757,007264,0.99999633,tail_fuzzy_name,low,0.774194
2002,2000,PUTNAM,06C PARK VIEW OUT,6757,007263,3.67e-06,tail_fuzzy_name,low,0.774194
2002,2000,PUTNAM,07A ARMORY INSIDE,0010,0010,1.0,code_token_name,high,0.993
2002,2000,PUTNAM,07B ARMORY OUTSIDE,6661,007263,0.99999994,tail_fuzzy_name,low,0.933333
2002,2000,PUTNAM,07B ARMORY OUTSIDE,6661,007267,6e-08,tail_fuzzy_name,low,0.933333
2002,2000,PUTNAM,07B ARMORY OUTSIDE,6661,007264,0.0,tail_fuzzy_name,low,0.933333
2002,2000,PUTNAM,07C BUSSELL,6696,007263,0.48802062,tail_fuzzy_name,low,0.875
2002,2000,PUTNAM,07C BUSSELL,6696,007268,0.45816576,tail_fuzzy_name,low,0.875
2002,2000,PUTNAM,07C BUSSELL,6696,007267,0.04817121,tail_fuzzy_name,low,0.875
2002,2000,PUTNAM,07C BUSSELL,6696,007269,0.00564242,tail_fuzzy_name,low,0.875
2002,2000,PUTNAM,07C BUSSELL,6696,007264,0.0,tail_fuzzy_name,low,0.875
2002,2000,PUTNAM,07D TWIN OAK,0011,0011,1.0,exact_name,high,1.0
2002,2000,PUTNAM,08A BAXTER CITY HALL,6673,007269,0.99956461,tail_fuzzy_name,low,0.916667
2002,2000,PUTNAM,08A BAXTER CITY HALL,6673,007265,0.00043539,tail_fuzzy_name,low,0.916667
2002,2000,PUTNAM,08B BAXTER ELEM,6672,007269,0.99999945,tail_fuzzy_name,low,0.944444
2002,2000,PUTNAM,08B BAXTER ELEM,6672,007265,4.2e-07,tail_fuzzy_name,low,0.944444
2002,2000,PUTNAM,08B BAXTER ELEM,6672,007268,6e-08,tail_fuzzy_name,low,0.944444
2002,2000,PUTNAM,08B BAXTER ELEM,6672,007271,4e-08,tail_fuzzy_name,low,0.944444
2002,2000,PUTNAM,08B BAXTER ELEM,6672,007272,3e-08,tail_fuzzy_name,low,0.944444
2002,2000,PUTNAM,08C BLOOMINGTON SP,6676,007271,0.55203314,tail_fuzzy_name,low,0.8
2002,2000,PUTNAM,08C BLOOMINGTON SP,6676,007265,0.44796685,tail_fuzzy_name,low,0.8
2002,2000,PUTNAM,08C BLOOMINGTON SP,6676,007269,1e-08,tail_fuzzy_name,low,0.8
2002,2000,PUTNAM,08D BOMA,6680,007272,0.99973477,tail_fuzzy_name,low,0.8
2002,2000,PUTNAM,08D BOMA,6680,007271,0.00025708,tail_fuzzy_name,low,0.8
2002,2000,PUTNAM,08D BOMA,6680,007269,7.85e-06,tail_fuzzy_name,low,0.8
2002,2000,PUTNAM,08D BOMA,6680,007270,3e-07,tail_fuzzy_name,low,0.8
2002,2000,PUTNAM,08E BUFFALO VALLEY,0012,0012,1.0,exact_name,high,1.0
2002,2000,PUTNAM,08F CEDAR HILL,6708,007271,1.0,tail_fuzzy_name,low,0.909091
2002,2000,PUTNAM,08F CEDAR HILL,6708,007269,0.0,tail_fuzzy_name,low,0.909091
2002,2000,PUTNAM,08F CEDAR HILL,6708,007270,0.0,tail_fuzzy_name,low,0.909091
2002,2000,PUTNAM,08F CEDAR HILL,6708,007272,0.0,tail_fuzzy_name,low,0.909091
2002,2000,PUTNAM,08G GENTRY,0013,0013,1.0,code_token_name,high,0.993
2002,2000,PUTNAM,08H SILVER POINT,6768,007272,0.98989453,tail_fuzzy_name,low,0.923077
2002,2000,PUTNAM,08H SILVER POINT,6768,007269,0.01010527,tail_fuzzy_name,low,0.923077
2002,2000,PUTNAM,08H SILVER POINT,6768,007270,2e-07,tail_fuzzy_name,low,0.923077
2002,2000,PUTNAM,09A DOUBLE SPGS NO,0014,0014,1.0,tail_fuzzy_name,low,0.75
2002,2000,PUTNAM,09B DOUBLE SPGS SO,0014,0014,1.0,code_token_name,high,0.993
2002,2000,PUTNAM,10A PAVILION,0015,0015,1.0,exact_name,high,1.0
2002,2000,PUTNAM,10B SYCAMORE,6772,007258,0.62848186,forced_best_name,low,0.571429
2002,2000,PUTNAM,10B SYCAMORE,6772,007256,0.26672655,forced_best_name,low,0.571429
2002,2000,PUTNAM,10B SYCAMORE,6772,007264,0.10119975,forced_best_name,low,0.571429
2002,2000,PUTNAM,10B SYCAMORE,6772,007257,0.00320505,forced_best_name,low,0.571429
2002,2000,PUTNAM,10B SYCAMORE,6772,007265,0.00036173,forced_best_name,low,0.571429
2002,2000,PUTNAM,10B SYCAMORE,6772,007255,2.258e-05,forced_best_name,low,0.571429
2002,2000,PUTNAM,10B SYCAMORE,6772,007251,2.47e-06,forced_best_name,low,0.571429
2002,2000,PUTNAM,11A BANGHAM,0016,0016,1.0,exact_name,high,1.0
2002,2000,PUTNAM,11B COOKEVILLE HIGH,0007,0007,1.0,tail_fuzzy_name,low,0.75
2002,2000,PUTNAM,11C JERE WHITSON,6736,007251,0.66912213,tail_fuzzy_name,low,0.923077
2002,2000,PUTNAM,11C JERE WHITSON,6736,007255,0.33060298,tail_fuzzy_name,low,0.923077
2002,2000,PUTNAM,11C JERE WHITSON,6736,007256,0.00027489,tail_fuzzy_name,low,0.923077
2002,2000,PUTNAM,12A ALGOOD INSIDE,6652,007252,0.99473111,tail_fuzzy_name,low,0.928571
2002,2000,PUTNAM,12A ALGOOD INSIDE,6652,007254,0.00447792,tail_fuzzy_name,low,0.928571
2002,2000,PUTNAM,12A ALGOOD INSIDE,6652,007253,0.00049192,tail_fuzzy_name,low,0.928571
2002,2000,PUTNAM,12A ALGOOD INSIDE,6652,007251,0.00019447,tail_fuzzy_name,low,0.928571
2002,2000,PUTNAM,12A ALGOOD INSIDE,6652,007255,0.00010458,tail_fuzzy_name,low,0.928571
2002,2000,PUTNAM,12B ALGOOD OUTSIDE,6656,007254,0.7517719,tail_fuzzy_name,low,0.933333
2002,2000,PUTNAM,12B ALGOOD OUTSIDE,6656,007253,0.12174467,tail_fuzzy_name,low,0.933333
2002,2000,PUTNAM,12B ALGOOD OUTSIDE,6656,007260,0.0785538,tail_fuzzy_name,low,0.933333
2002,2000,PUTNAM,12B ALGOOD OUTSIDE,6656,007252,0.03057173,tail_fuzzy_name,low,0.933333
2002,2000,PUTNAM,12B ALGOOD OUTSIDE,6656,007255,0.01735788,tail_fuzzy_name,low,0.933333
2002,2000,PUTNAM,12B ALGOOD OUTSIDE,6656,007261,3e-08,tail_fuzzy_name,low,0.933333
2002,2000,PUTNAM,12B ALGOOD OUTSIDE,6656,007266,0.0,tail_fuzzy_name,low,0.933333
2002,2000,PUTNAM,12C BROTHERTON,6688,007260,0.58412174,tail_fuzzy_name,low,0.909091
2002,2000,PUTNAM,12C BROTHERTON,6688,007262,0.29135757,tail_fuzzy_name,low,0.909091
2002,2000,PUTNAM,12C BROTHERTON,6688,007261,0.12452058,tail_fuzzy_name,low,0.909091
2002,2000,PUTNAM,12C BROTHERTON,6688,007254,1.1e-07,tail_fuzzy_name,low,0.909091
2002,2000,RHEA,1 1 ST CLAIR,6800,007352,0.99942388,code_token_name,high,0.993
2002,2000,RHEA,1 1 ST CLAIR,6800,007353,0.00057611,code_token_name,high,0.993
2002,2000,RHEA,1 1 ST CLAIR,6800,007351,2e-08,code_token_name,high,0.993
2002,2000,RHEA,1 2 MARS HILL,6800,007352,0.99942388,code_token_name,high,0.993
2002,2000,RHEA,1 2 MARS HILL,6800,007353,0.00057611,code_token_name,high,0.993
2002,2000,RHEA,1 2 MARS HILL,6800,007351,2e-08,code_token_name,high,0.993
2002,2000,RHEA,1 3 GRANDVIEW,0002,0002,1.0,exact_name,high,1.0
2002,2000,RHEA,2 1 S C W,6810,007353,0.8987384,exact_name,high,1.0
2002,2000,RHEA,2 1 S C W,6810,007351,0.10122672,exact_name,high,1.0
2002,2000,RHEA,2 1 S C W,6810,007352,3.488e-05,exact_name,high,1.0
2002,2000,RHEA,2 2 S C E,6812,007353,0.75407847,exact_name,high,1.0
2002,2000,RHEA,2 2 S C E,6812,007351,0.23182895,exact_name,high,1.0
2002,2000,RHEA,2 2 S C E,6812,007354,0.01409258,exact_name,high,1.0
2002,2000,RHEA,3 1 WOLF CREEK,6820,007353,0.43071346,exact_name,high,1.0
2002,2000,RHEA,3 1 WOLF CREEK,6820,007354,0.32330464,exact_name,high,1.0
2002,2000,RHEA,3 1 WOLF CREEK,6820,007355,0.2459819,exact_name,high,1.0
2002,2000,RHEA,3 1 WOLF CREEK,6820,007356,1e-08,exact_name,high,1.0
2002,2000,RHEA,3 1 WOLF CREEK,6820,007351,0.0,exact_name,high,1.0
2002,2000,RHEA,4 1 EVENSVILLE,6830,007355,0.80066295,exact_name,high,1.0
2002,2000,RHEA,4 1 EVENSVILLE,6830,007356,0.19566764,exact_name,high,1.0
2002,2000,RHEA,4 1 EVENSVILLE,6830,007353,0.00366833,exact_name,high,1.0
2002,2000,RHEA,4 1 EVENSVILLE,6830,007359,1.08e-06,exact_name,high,1.0
2002,2000,RHEA,4 2 RICHLAND PARK,6832,007356,0.99284218,exact_name,high,1.0
2002,2000,RHEA,4 2 RICHLAND PARK,6832,007357,0.00699782,exact_name,high,1.0
2002,2000,RHEA,4 2 RICHLAND PARK,6832,007359,9.648e-05,exact_name,high,1.0
2002,2000,RHEA,4 2 RICHLAND PARK,6832,007355,6.353e-05,exact_name,high,1.0
2002,2000,RHEA,4 2 RICHLAND PARK,6832,007362,0.0,exact_name,high,1.0
2002,2000,RHEA,4 2 RICHLAND PARK,6832,007358,0.0,exact_name,high,1.0
2002,2000,RHEA,5 1 NORTH DAYTON W,6840,007357,0.98815914,exact_name,high,1.0
2002,2000,RHEA,5 1 NORTH DAYTON W,6840,007356,0.01087127,exact_name,high,1.0
2002,2000,RHEA,5 1 NORTH DAYTON W,6840,007358,0.00088337,exact_name,high,1.0
2002,2000,RHEA,5 1 NORTH DAYTON W,6840,007359,8.613e-05,exact_name,high,1.0
2002,2000,RHEA,5 1 NORTH DAYTON W,6840,007360,8e-08,exact_name,high,1.0
2002,2000,RHEA,6 1 SOUTH DAYTON W,6850,007358,0.8383814,exact_name,high,1.0
2002,2000,RHEA,6 1 SOUTH DAYTON W,6850,007361,0.15330157,exact_name,high,1.0
2002,2000,RHEA,6 1 SOUTH DAYTON W,6850,007357,0.00723383,exact_name,high,1.0
2002,2000,RHEA,6 1 SOUTH DAYTON W,6850,007362,0.00108229,exact_name,high,1.0
2002,2000,RHEA,6 1 SOUTH DAYTON W,6850,007360,9.2e-07,exact_name,high,1.0
2002,2000,RHEA,6 1 SOUTH DAYTON W,6850,007356,0.0,exact_name,high,1.0
2002,2000,RHEA,7 1 FRAZIER,0009,0009,1.0,exact_name,high,1.0
2002,2000,RHEA,8 1 NORTH DAYTON E,6870,007360,0.87461417,code_token_name,high,0.993
2002,2000,RHEA,8 1 NORTH DAYTON E,6870,007358,0.12535961,code_token_name,high,0.993
2002,2000,RHEA,8 1 NORTH DAYTON E,6870,007361,2.621e-05,code_token_name,high,0.993
2002,2000,RHEA,8 2 SPIVEY,6870,007360,0.87461417,code_token_name,high,0.993
2002,2000,RHEA,8 2 SPIVEY,6870,007358,0.12535961,code_token_name,high,0.993
2002,2000,RHEA,8 2 SPIVEY,6870,007361,2.621e-05,code_token_name,high,0.993
2002,2000,RHEA,9 1 GRAYSVILLE,0011,0011,1.0,exact_name,high,1.0
2002,2000,RHEA,9 2 WALDENS RIDGE,0012,0012,1.0,exact_name,high,1.0
2002,2000,ROANE,CAVE CREEK,6860,007451,0.82859613,exact_name,high,1.0
2002,2000,ROANE,CAVE CREEK,6860,007452,0.17140355,exact_name,high,1.0
2002,2000,ROANE,CAVE CREEK,6860,007473,2.8e-07,exact_name,high,1.0
2002,2000,ROANE,CAVE CREEK,6860,007453,4e-08,exact_name,high,1.0
2002,2000,ROANE,CHEROKEE,6860,007451,0.82859613,forced_best_name,low,0.555556
2002,2000,ROANE,CHEROKEE,6860,007452,0.17140355,forced_best_name,low,0.555556
2002,2000,ROANE,CHEROKEE,6860,007473,2.8e-07,forced_best_name,low,0.555556
2002,2000,ROANE,CHEROKEE,6860,007453,4e-08,forced_best_name,low,0.555556
2002,2000,ROANE,DYLLIS,6864,007457,0.99982646,exact_name,high,1.0
2002,2000,ROANE,DYLLIS,6864,007458,0.00016972,exact_name,high,1.0
2002,2000,ROANE,DYLLIS,6864,007459,3.81e-06,exact_name,high,1.0
2002,2000,ROANE,DYLLIS,6864,007461,0.0,exact_name,high,1.0
2002,2000,ROANE,DYLLIS,6864,007456,0.0,exact_name,high,1.0
2002,2000,ROANE,DYLLIS,6864,007460,0.0,exact_name,high,1.0
2002,2000,ROANE,DYLLIS,6864,007452,0.0,exact_name,high,1.0
2002,2000,ROANE,EMORY,6868,007461,0.99842499,exact_name,high,1.0
2002,2000,ROANE,EMORY,6868,007465,0.00157469,exact_name,high,1.0
2002,2000,ROANE,EMORY,6868,007460,2.1e-07,exact_name,high,1.0
2002,2000,ROANE,EMORY,6868,007457,1.1e-07,exact_name,high,1.0
2002,2000,ROANE,EMORY HEIGHTS,6876,007460,0.99977082,exact_name,high,1.0
2002,2000,ROANE,EMORY HEIGHTS,6876,007464,0.00022879,exact_name,high,1.0
2002,2000,ROANE,EMORY HEIGHTS,6876,007465,3.9e-07,exact_name,high,1.0
2002,2000,ROANE,EMORY HEIGHTS,6876,007461,0.0,exact_name,high,1.0
2002,2000,ROANE,EMORY HEIGHTS,6876,007457,0.0,exact_name,high,1.0
2002,2000,ROANE,EUREKA,6872,007467,0.99965356,exact_name,high,1.0
2002,2000,ROANE,EUREKA,6872,007471,0.00028116,exact_name,high,1.0
2002,2000,ROANE,EUREKA,6872,007470,3.448e-05,exact_name,high,1.0
2002,2000,ROANE,EUREKA,6872,007472,3.08e-05,exact_name,high,1.0
2002,2000,ROANE,EUREKA,6872,007468,0.0,exact_name,high,1.0
2002,2000,ROANE,EUREKA,6872,007469,0.0,exact_name,high,1.0
2002,2000,ROANE,FAIRMONT,6880,007464,0.99846248,exact_name,high,1.0
2002,2000,ROANE,FAIRMONT,6880,007472,0.0010215,exact_name,high,1.0
2002,2000,ROANE,FAIRMONT,6880,007460,0.00051553,exact_name,high,1.0
2002,2000,ROANE,FAIRMONT,6880,007463,4.4e-07,exact_name,high,1.0
2002,2000,ROANE,FAIRMONT,6880,007465,5e-08,exact_name,high,1.0
2002,2000,ROANE,FAIRVIEW,6884,007469,0.99987926,exact_name,high,1.0
2002,2000,ROANE,FAIRVIEW,6884,007462,0.00011205,exact_name,high,1.0
2002,2000,ROANE,FAIRVIEW,6884,007468,8.67e-06,exact_name,high,1.0
2002,2000,ROANE,FAIRVIEW,6884,007454,1e-08,exact_name,high,1.0
2002,2000,ROANE,FAIRVIEW,6884,007455,1e-08,exact_name,high,1.0
2002,2000,ROANE,FAIRVIEW,6884,007467,0.0,exact_name,high,1.0
2002,2000,ROANE,GLEN ALICE,6888,007470,0.99980902,exact_name,high,1.0
2002,2000,ROANE,GLEN ALICE,6888,007471,0.00019086,exact_name,high,1.0
2002,2000,ROANE,GLEN ALICE,6888,007467,1.3e-07,exact_name,high,1.0
2002,2000,ROANE,GLEN ALICE,6888,007468,0.0,exact_name,high,1.0
2002,2000,ROANE,HARRIMAN WARD 1,0014,0014,1.0,exact_name,high,1.0
2002,2000,ROANE,HARRIMAN WARD 2,6892,007465,0.99996092,tail_fuzzy_name,low,0.9
2002,2000,ROANE,HARRIMAN WARD 2,6892,007460,3.907e-05,tail_fuzzy_name,low,0.9
2002,2000,ROANE,HARRIMAN WARD 2,6892,007464,1e-08,tail_fuzzy_name,low,0.9
2002,2000,ROANE,JOHNSON SCHOOL HOU,6900,007474,0.99999826,tail_fuzzy_name,low,0.947368
2002,2000,ROANE,JOHNSON SCHOOL HOU,6900,007454,1.7e-06,tail_fuzzy_name,low,0.947368
2002,2000,ROANE,JOHNSON SCHOOL HOU,6900,007473,4e-08,tail_fuzzy_name,low,0.947368
2002,2000,ROANE,KINGSTON WARD 1,0015,0015,1.0,exact_name,high,1.0
2002,2000,ROANE,KINGSTON WARD 2,6908,007456,0.68268042,exact_name,high,1.0
2002,2000,ROANE,KINGSTON WARD 2,6908,007455,0.31680602,exact_name,high,1.0
2002,2000,ROANE,KINGSTON WARD 2,6908,007462,0.00051238,exact_name,high,1.0
2002,2000,ROANE,KINGSTON WARD 2,6908,007452,6.8e-07,exact_name,high,1.0
2002,2000,ROANE,KINGSTON WARD 2,6908,007454,4.9e-07,exact_name,high,1.0
2002,2000,ROANE,KINGSTON WARD 2,6908,007469,1e-08,exact_name,high,1.0
2002,2000,ROANE,KINGSTON WARD 2,6908,007457,0.0,exact_name,high,1.0
2002,2000,ROANE,LAWNVILLE,0017,0017,1.0,exact_name,high,1.0
2002,2000,ROANE,MIDTOWN,6916,007463,0.55556247,exact_name,high,1.0
2002,2000,ROANE,MIDTOWN,6916,007462,0.44443559,exact_name,high,1.0
2002,2000,ROANE,MIDTOWN,6916,007467,1.82e-06,exact_name,high,1.0
2002,2000,ROANE,MIDTOWN,6916,007460,1.1e-07,exact_name,high,1.0
2002,2000,ROANE,MIDTOWN,6916,007464,1e-08,exact_name,high,1.0
2002,2000,ROANE,MIDTOWN,6916,007469,0.0,exact_name,high,1.0
2002,2000,ROANE,MIDTOWN,6916,007472,0.0,exact_name,high,1.0
2002,2000,ROANE,MIDWAY,6920,007454,0.99999985,exact_name,high,1.0
2002,2000,ROANE,MIDWAY,6920,007474,1.2e-07,exact_name,high,1.0
2002,2000,ROANE,MIDWAY,6920,007455,2e-08,exact_name,high,1.0
2002,2000,ROANE,MIDWAY,6920,007473,1e-08,exact_name,high,1.0
2002,2000,ROANE,MIDWAY,6920,007469,0.0,exact_name,high,1.0
2002,2000,ROANE,MIDWAY,6920,007468,0.0,exact_name,high,1.0
2002,2000,ROANE,MIDWAY,6920,007452,0.0,exact_name,high,1.0
2002,2000,ROANE,OAK HILLS,6924,007458,0.99928917,exact_name,high,1.0
2002,2000,ROANE,OAK HILLS,6924,007459,0.00061506,exact_name,high,1.0
2002,2000,ROANE,OAK HILLS,6924,007453,5.061e-05,exact_name,high,1.0
2002,2000,ROANE,OAK HILLS,6924,007457,2.575e-05,exact_name,high,1.0
2002,2000,ROANE,OAK HILLS,6924,007452,1.94e-05,exact_name,high,1.0
2002,2000,ROANE,OLIVER SPRINGS,6928,007466,0.99813382,exact_name,high,1.0
2002,2000,ROANE,OLIVER SPRINGS,6928,007459,0.00186618,exact_name,high,1.0
2002,2000,ROANE,ORCHARD VIEW,6932,007459,0.99786525,exact_name,high,1.0
2002,2000,ROANE,ORCHARD VIEW,6932,007458,0.00149924,exact_name,high,1.0
2002,2000,ROANE,ORCHARD VIEW,6932,007466,0.00063236,exact_name,high,1.0
2002,2000,ROANE,ORCHARD VIEW,6932,007457,3.15e-06,exact_name,high,1.0
2002,2000,ROANE,PAINT ROCK,6944,007473,0.83745167,exact_name,high,1.0
2002,2000,ROANE,PAINT ROCK,6944,007454,0.16254803,exact_name,high,1.0
2002,2000,ROANE,PAINT ROCK,6944,007451,2.8e-07,exact_name,high,1.0
2002,2000,ROANE,PAINT ROCK,6944,007474,2e-08,exact_name,high,1.0
2002,2000,ROANE,PAINT ROCK,6944,007452,0.0,exact_name,high,1.0
2002,2000,ROANE,PAW PAW,6936,007453,0.99918254,exact_name,high,1.0
2002,2000,ROANE,PAW PAW,6936,007458,0.00081419,exact_name,high,1.0
2002,2000,ROANE,PAW PAW,6936,007451,2.69e-06,exact_name,high,1.0
2002,2000,ROANE,PAW PAW,6936,007452,5.8e-07,exact_name,high,1.0
2002,2000,ROANE,POND GROVE,6940,007467,0.50678464,exact_name,high,1.0
2002,2000,ROANE,POND GROVE,6940,007472,0.48848849,exact_name,high,1.0
2002,2000,ROANE,POND GROVE,6940,007464,0.00472679,exact_name,high,1.0
2002,2000,ROANE,POND GROVE,6940,007463,8e-08,exact_name,high,1.0
2002,2000,ROANE,POND GROVE,6940,007469,0.0,exact_name,high,1.0
2002,2000,ROANE,POND GROVE,6940,007462,0.0,exact_name,high,1.0
2002,2000,ROANE,RENFRO,6948,007468,0.99988381,exact_name,high,1.0
2002,2000,ROANE,RENFRO,6948,007469,0.00011617,exact_name,high,1.0
2002,2000,ROANE,RENFRO,6948,007454,2e-08,exact_name,high,1.0
2002,2000,ROANE,RENFRO,6948,007470,0.0,exact_name,high,1.0
2002,2000,ROANE,RENFRO,6948,007467,0.0,exact_name,high,1.0
2002,2000,ROANE,ROCKWOOD WARD 1,6952,007471,0.99714757,exact_name,high,1.0
2002,2000,ROANE,ROCKWOOD WARD 1,6952,007467,0.00185571,exact_name,high,1.0
2002,2000,ROANE,ROCKWOOD WARD 1,6952,007470,0.00098221,exact_name,high,1.0
2002,2000,ROANE,ROCKWOOD WARD 1,6952,007472,1.451e-05,exact_name,high,1.0
2002,2000,ROANE,ROCKWOOD WARD 2,6956,007472,0.99850798,exact_name,high,1.0
2002,2000,ROANE,ROCKWOOD WARD 2,6956,007467,0.00125321,exact_name,high,1.0
2002,2000,ROANE,ROCKWOOD WARD 2,6956,007471,0.00023881,exact_name,high,1.0
2002,2000,ROANE,ROCKWOOD WARD 2,6956,007464,0.0,exact_name,high,1.0
2002,2000,ROANE,SOUTH HARRIMAN,6960,007464,0.9997141,exact_name,high,1.0
2002,2000,ROANE,SOUTH HARRIMAN,6960,007472,0.00028231,exact_name,high,1.0
2002,2000,ROANE,SOUTH HARRIMAN,6960,007465,3.59e-06,exact_name,high,1.0
2002,2000,ROANE,WALNUT HILL,6964,007465,0.99561509,exact_name,high,1.0
2002,2000,ROANE,WALNUT HILL,6964,007461,0.00438488,exact_name,high,1.0
2002,2000,ROANE,WALNUT HILL,6964,007460,3e-08,exact_name,high,1.0
2002,2000,ROBERTSON,01 1 E ROBERTSON HS,6996,007551,0.90976308,code_token_name,high,0.993
2002,2000,ROBERTSON,01 1 E ROBERTSON HS,6996,007552,0.08991805,code_token_name,high,0.993
2002,2000,ROBERTSON,01 1 E ROBERTSON HS,6996,007563,0.00020407,code_token_name,high,0.993
2002,2000,ROBERTSON,01 1 E ROBERTSON HS,6996,007553,0.0001148,code_token_name,high,0.993
2002,2000,ROBERTSON,01 1 E ROBERTSON HS,6996,007562,1e-08,code_token_name,high,0.993
2002,2000,ROBERTSON,01 2 ORLINDA CC,6996,007551,0.90976308,code_token_name,high,0.993
2002,2000,ROBERTSON,01 2 ORLINDA CC,6996,007552,0.08991805,code_token_name,high,0.993
2002,2000,ROBERTSON,01 2 ORLINDA CC,6996,007563,0.00020407,code_token_name,high,0.993
2002,2000,ROBERTSON,01 2 ORLINDA CC,6996,007553,0.0001148,code_token_name,high,0.993
2002,2000,ROBERTSON,01 2 ORLINDA CC,6996,007562,1e-08,code_token_name,high,0.993
2002,2000,ROBERTSON,02 1 CHURCH AT GRACE,7044,007552,0.39393007,code_token_name,high,0.993
2002,2000,ROBERTSON,02 1 CHURCH AT GRACE,7044,007553,0.36355267,code_token_name,high,0.993
2002,2000,ROBERTSON,02 1 CHURCH AT GRACE,7044,007551,0.13797729,code_token_name,high,0.993
2002,2000,ROBERTSON,02 1 CHURCH AT GRACE,7044,007563,0.08027092,code_token_name,high,0.993
2002,2000,ROBERTSON,02 1 CHURCH AT GRACE,7044,007554,0.02426905,code_token_name,high,0.993
2002,2000,ROBERTSON,03 1 S HAVEN CHRIST,7032,007560,0.35568085,code_token_name,high,0.993
2002,2000,ROBERTSON,03 1 S HAVEN CHRIST,7032,007553,0.23625345,code_token_name,high,0.993
2002,2000,ROBERTSON,03 1 S HAVEN CHRIST,7032,007565,0.20752034,code_token_name,high,0.993
2002,2000,ROBERTSON,03 1 S HAVEN CHRIST,7032,007564,0.13506578,code_token_name,high,0.993
2002,2000,ROBERTSON,03 1 S HAVEN CHRIST,7032,007554,0.0450972,code_token_name,high,0.993
2002,2000,ROBERTSON,03 1 S HAVEN CHRIST,7032,007555,0.01992403,code_token_name,high,0.993
2002,2000,ROBERTSON,03 1 S HAVEN CHRIST,7032,007563,0.00045836,code_token_name,high,0.993
2002,2000,ROBERTSON,03 2 BETHLEHEM BAPT,7032,007560,0.35568085,code_token_name,high,0.993
2002,2000,ROBERTSON,03 2 BETHLEHEM BAPT,7032,007553,0.23625345,code_token_name,high,0.993
2002,2000,ROBERTSON,03 2 BETHLEHEM BAPT,7032,007565,0.20752034,code_token_name,high,0.993
2002,2000,ROBERTSON,03 2 BETHLEHEM BAPT,7032,007564,0.13506578,code_token_name,high,0.993
2002,2000,ROBERTSON,03 2 BETHLEHEM BAPT,7032,007554,0.0450972,code_token_name,high,0.993
2002,2000,ROBERTSON,03 2 BETHLEHEM BAPT,7032,007555,0.01992403,code_token_name,high,0.993
2002,2000,ROBERTSON,03 2 BETHLEHEM BAPT,7032,007563,0.00045836,code_token_name,high,0.993
2002,2000,ROBERTSON,04 1 RIDGETOP ADVEN,7035,007554,0.93584044,code_token_name,high,0.993
2002,2000,ROBERTSON,04 1 RIDGETOP ADVEN,7035,007553,0.06415426,code_token_name,high,0.993
2002,2000,ROBERTSON,04 1 RIDGETOP ADVEN,7035,007555,5.29e-06,code_token_name,high,0.993
2002,2000,ROBERTSON,04 1 RIDGETOP ADVEN,7035,007556,1e-08,code_token_name,high,0.993
2002,2000,ROBERTSON,04 1 RIDGETOP ADVEN,7035,007560,0.0,code_token_name,high,0.993
2002,2000,ROBERTSON,04 1 RIDGETOP ADVEN,7035,007552,0.0,code_token_name,high,0.993
2002,2000,ROBERTSON,05 1 GREENBRIER MID,7004,007555,0.86079061,code_token_name,high,0.993
2002,2000,ROBERTSON,05 1 GREENBRIER MID,7004,007560,0.07232542,code_token_name,high,0.993
2002,2000,ROBERTSON,05 1 GREENBRIER MID,7004,007554,0.04603257,code_token_name,high,0.993
2002,2000,ROBERTSON,05 1 GREENBRIER MID,7004,007565,0.02085139,code_token_name,high,0.993
2002,2000,ROBERTSON,05 1 GREENBRIER MID,7004,007556,0.0,code_token_name,high,0.993
2002,2000,ROBERTSON,06 1 GREEN RIDGE,6992,007557,0.52977883,code_token_name,high,0.993
2002,2000,ROBERTSON,06 1 GREEN RIDGE,6992,007566,0.28998488,code_token_name,high,0.993
2002,2000,ROBERTSON,06 1 GREEN RIDGE,6992,007558,0.15817421,code_token_name,high,0.993
2002,2000,ROBERTSON,06 1 GREEN RIDGE,6992,007556,0.02206208,code_token_name,high,0.993
2002,2000,ROBERTSON,06 1 GREEN RIDGE,6992,007565,0.0,code_token_name,high,0.993
2002,2000,ROBERTSON,06 1 GREEN RIDGE,6992,007567,0.0,code_token_name,high,0.993
2002,2000,ROBERTSON,06 2 MT SHARON C P,7012,007556,0.81843997,prefix_name,high,0.995
2002,2000,ROBERTSON,06 2 MT SHARON C P,7012,007565,0.11598019,prefix_name,high,0.995
2002,2000,ROBERTSON,06 2 MT SHARON C P,7012,007554,0.06557983,prefix_name,high,0.995
2002,2000,ROBERTSON,06 2 MT SHARON C P,7012,007557,1e-08,prefix_name,high,0.995
2002,2000,ROBERTSON,06 2 MT SHARON C P,7012,007555,0.0,prefix_name,high,0.995
2002,2000,ROBERTSON,07 1 ADAMS METHODI,6972,007559,0.99999994,code_token_name,high,0.993
2002,2000,ROBERTSON,07 1 ADAMS METHODI,6972,007558,6e-08,code_token_name,high,0.993
2002,2000,ROBERTSON,07 2 CEDAR HILL CC,6972,007559,0.99999994,code_token_name,high,0.993
2002,2000,ROBERTSON,07 2 CEDAR HILL CC,6972,007558,6e-08,code_token_name,high,0.993
2002,2000,ROBERTSON,07 3 STROUDSVILLE CH,7028,007558,0.99966973,prefix_name,high,0.995
2002,2000,ROBERTSON,07 3 STROUDSVILLE CH,7028,007567,0.00033024,prefix_name,high,0.995
2002,2000,ROBERTSON,07 3 STROUDSVILLE CH,7028,007566,1e-08,prefix_name,high,0.995
2002,2000,ROBERTSON,07 3 STROUDSVILLE CH,7028,007559,1e-08,prefix_name,high,0.995
2002,2000,ROBERTSON,08 1 KRISLE SCHOOL,7008,007562,0.92831204,exact_name,high,1.0
2002,2000,ROBERTSON,08 1 KRISLE SCHOOL,7008,007551,0.07165197,exact_name,high,1.0
2002,2000,ROBERTSON,08 1 KRISLE SCHOOL,7008,007563,3.599e-05,exact_name,high,1.0
2002,2000,ROBERTSON,08 1 KRISLE SCHOOL,7008,007561,0.0,exact_name,high,1.0
2002,2000,ROBERTSON,08 2 HATS,7020,007561,0.93346554,exact_name,high,1.0
2002,2000,ROBERTSON,08 2 HATS,7020,007562,0.06640953,exact_name,high,1.0
2002,2000,ROBERTSON,08 2 HATS,7020,007567,0.00012201,exact_name,high,1.0
2002,2000,ROBERTSON,08 2 HATS,7020,007564,2.91e-06,exact_name,high,1.0
2002,2000,ROBERTSON,08 2 HATS,7020,007559,1e-08,exact_name,high,1.0
2002,2000,ROBERTSON,08 2 HATS,7020,007563,0.0,exact_name,high,1.0
2002,2000,ROBERTSON,08 3 OWENS CHAPEL,0013,0013,1.0,exact_name,high,1.0
2002,2000,ROBERTSON,09 1 ROBERTSON FAIR,6988,007564,0.67151303,code_token_name,high,0.993
2002,2000,ROBERTSON,09 1 ROBERTSON FAIR,6988,007563,0.28267029,code_token_name,high,0.993
2002,2000,ROBERTSON,09 1 ROBERTSON FAIR,6988,007568,0.04576547,code_token_name,high,0.993
2002,2000,ROBERTSON,09 1 ROBERTSON FAIR,6988,007561,4.205e-05,code_token_name,high,0.993
2002,2000,ROBERTSON,09 1 ROBERTSON FAIR,6988,007565,8.36e-06,code_token_name,high,0.993
2002,2000,ROBERTSON,09 1 ROBERTSON FAIR,6988,007562,6.8e-07,code_token_name,high,0.993
2002,2000,ROBERTSON,09 1 ROBERTSON FAIR,6988,007567,1.3e-07,code_token_name,high,0.993
2002,2000,ROBERTSON,10 1 OLOL CATHOLIC,6980,007565,0.75981867,code_token_name,high,0.993
2002,2000,ROBERTSON,10 1 OLOL CATHOLIC,6980,007568,0.17877809,code_token_name,high,0.993
2002,2000,ROBERTSON,10 1 OLOL CATHOLIC,6980,007564,0.06140325,code_token_name,high,0.993
2002,2000,ROBERTSON,11 1 WESTSIDE SCH,7040,007567,0.7313348,code_token_name,high,0.993
2002,2000,ROBERTSON,11 1 WESTSIDE SCH,7040,007566,0.26513009,code_token_name,high,0.993
2002,2000,ROBERTSON,11 1 WESTSIDE SCH,7040,007568,0.00347261,code_token_name,high,0.993
2002,2000,ROBERTSON,11 1 WESTSIDE SCH,7040,007564,6.246e-05,code_token_name,high,0.993
2002,2000,ROBERTSON,11 1 WESTSIDE SCH,7040,007557,4e-08,code_token_name,high,0.993
2002,2000,ROBERTSON,11 1 WESTSIDE SCH,7040,007558,0.0,code_token_name,high,0.993
2002,2000,ROBERTSON,11 1 WESTSIDE SCH,7040,007565,0.0,code_token_name,high,0.993
2002,2000,ROBERTSON,12 1 BRANSFORD SCH,6976,007565,0.72070145,code_token_name,high,0.993
2002,2000,ROBERTSON,12 1 BRANSFORD SCH,6976,007568,0.27929634,code_token_name,high,0.993
2002,2000,ROBERTSON,12 1 BRANSFORD SCH,6976,007556,2.2e-06,code_token_name,high,0.993
2002,2000,ROBERTSON,12 1 BRANSFORD SCH,6976,007567,0.0,code_token_name,high,0.993
2002,2000,ROBERTSON,12 1 BRANSFORD SCH,6976,007557,0.0,code_token_name,high,0.993
2002,2000,RUTHERFORD,01 1 LAVERGNE CITY,0001,0001,1.0,code_token_name,high,0.993
2002,2000,RUTHERFORD,01 2 ROY WALDRON SC,0001,0001,1.0,code_token_name,high,0.993
2002,2000,RUTHERFORD,02 1 LASCASSAS SCH,0002,0002,1.0,code_token_name,high,0.993
2002,2000,RUTHERFORD,02 2 WALTER HILL SCH,0002,0002,1.0,code_token_name,high,0.993
2002,2000,RUTHERFORD,02 3 MILTON FIREHALL,0002,0002,1.0,code_token_name,high,0.993
2002,2000,RUTHERFORD,03 1 LEANNA CC,0004,0004,1.0,code_token_name,high,0.993
2002,2000,RUTHERFORD,03 2 NISSAN ACTIVITY,0004,0004,1.0,code_token_name,high,0.993
2002,2000,RUTHERFORD,03 3 WILSON ELEM SC,0004,0004,1.0,code_token_name,high,0.993
2002,2000,RUTHERFORD,03 4 FLORENCE BAPT,0004,0004,1.0,code_token_name,high,0.993
2002,2000,RUTHERFORD,04 1 ADVENT LUTHERAN,0006,0006,1.0,code_token_name,high,0.993
2002,2000,RUTHERFORD,04 2 BUD S TIRE SHOP,0006,0006,1.0,code_token_name,high,0.993
2002,2000,RUTHERFORD,04 3 KITTRELL SCH IV,0006,0006,1.0,code_token_name,high,0.993
2002,2000,RUTHERFORD,04 4 OAKLAND HS,0006,0006,1.0,code_token_name,high,0.993
2002,2000,RUTHERFORD,05 1 LAVERGNE RESCU,0008,0008,1.0,code_token_name,high,0.993
2002,2000,RUTHERFORD,06 1 BUCHANAN SCHO,0009,0009,1.0,code_token_name,high,0.993
2002,2000,RUTHERFORD,06 2 CHRISTIANA SCH,0009,0009,1.0,code_token_name,high,0.993
2002,2000,RUTHERFORD,06 3 KITTRELL SCH VI,0009,0009,1.0,code_token_name,high,0.993
2002,2000,RUTHERFORD,07 1 BLACKMAN ELEM,0011,0011,1.0,code_token_name,high,0.993
2002,2000,RUTHERFORD,07 2 RIVERDALE HS,0011,0011,1.0,code_token_name,high,0.993
2002,2000,RUTHERFORD,07 3 MID TN ELECTRIC,0011,0011,1.0,code_token_name,high,0.993
2002,2000,RUTHERFORD,08 1 ALMAVILLE CC,0012,0012,1.0,code_token_name,high,0.993
2002,2000,RUTHERFORD,08 2 EAGLEVILLE CC,0012,0012,1.0,code_token_name,high,0.993
2002,2000,RUTHERFORD,08 3 MIDLAND STORE,0012,0012,1.0,code_token_name,high,0.993
2002,2000,RUTHERFORD,08 4 ROCKVALE CC,0012,0012,1.0,code_token_name,high,0.993
2002,2000,RUTHERFORD,09 1 ALMAVILLE FIRE,0013,0013,1.0,code_token_name,high,0.993
2002,2000,RUTHERFORD,09 2 ROCK SPGS II,0013,0013,1.0,code_token_name,high,0.993
2002,2000,RUTHERFORD,10 1 LAVERGNE HIGH,0014,0014,1.0,code_token_name,high,0.993
2002,2000,RUTHERFORD,10 2 STEWARTSBORO,0014,0014,1.0,code_token_name,high,0.993
2002,2000,RUTHERFORD,10 3 ROCK SPGS III,0014,0014,1.0,code_token_name,high,0.993
2002,2000,RUTHERFORD,11 1 SMYRNA FIRE,0016,0016,1.0,code_token_name,high,0.993
2002,2000,RUTHERFORD,12 1 NISSAN FIRE,0018,0018,1.0,code_token_name,high,0.993
2002,2000,RUTHERFORD,13 1 BELLWOOD SCHOO,0020,0020,1.0,code_token_name,high,0.993
2002,2000,RUTHERFORD,13 2 CASON LANE ACA,0020,0020,1.0,code_token_name,high,0.993
2002,2000,RUTHERFORD,14 1 NORTHFIELD ELEM,0021,0021,1.0,code_token_name,high,0.993
2002,2000,RUTHERFORD,14 2 SIEGAL ELEM,0021,0021,1.0,code_token_name,high,0.993
2002,2000,RUTHERFORD,15 1 MBORO SPORTS,0023,0023,1.0,code_token_name,high,0.993
2002,2000,RUTHERFORD,16 1 CENTRAL MID SCH,0025,0025,1.0,code_token_name,high,0.993
2002,2000,RUTHERFORD,16 2 MITCHELL N ELEM,0025,0025,1.0,code_token_name,high,0.993
2002,2000,RUTHERFORD,17 1 REEVES ROGERS,0027,0027,1.0,code_token_name,high,0.993
2002,2000,RUTHERFORD,18 1 ELECTIONS OPER,0028,0028,1.0,code_token_name,high,0.993
2002,2000,RUTHERFORD,18 2 WILDERNESS II,0028,0028,1.0,code_token_name,high,0.993
2002,2000,RUTHERFORD,18 3 WILDERNESS III,0028,0028,1.0,code_token_name,high,0.993
2002,2000,RUTHERFORD,19 1 MITCHELL N PRIM,0030,0030,1.0,code_token_name,high,0.993
2002,2000,RUTHERFORD,19 2 SEIGEL MID SCH,0030,0030,1.0,code_token_name,high,0.993
2002,2000,RUTHERFORD,19 3 SPORTSMAN CLUB,0030,0030,1.0,code_token_name,high,0.993
2002,2000,RUTHERFORD,20 1 BLACKMAN CC,0031,0031,1.0,code_token_name,high,0.993
2002,2000,RUTHERFORD,20 2 FLORENCE FIRE,0031,0031,1.0,code_token_name,high,0.993
2002,2000,RUTHERFORD,21 1 HOBGOOD SCHOO,0032,0032,1.0,code_token_name,high,0.993
2002,2000,SCOTT,1 1 FAIRVIEW,7196,007754,0.99994627,exact_name,high,1.0
2002,2000,SCOTT,1 1 FAIRVIEW,7196,007753,2.813e-05,exact_name,high,1.0
2002,2000,SCOTT,1 1 FAIRVIEW,7196,007751,2.56e-05,exact_name,high,1.0
2002,2000,SCOTT,2 1 ELGIN,7192,007758,0.99974235,exact_name,high,1.0
2002,2000,SCOTT,2 1 ELGIN,7192,007751,0.00025765,exact_name,high,1.0
2002,2000,SCOTT,2 1 ELGIN,7192,007757,0.0,exact_name,high,1.0
2002,2000,SCOTT,2 1 ELGIN,7192,007752,0.0,exact_name,high,1.0
2002,2000,SCOTT,2 2 ROBBINS,7220,007751,0.9906002,exact_name,high,1.0
2002,2000,SCOTT,2 2 ROBBINS,7220,007754,0.00912564,exact_name,high,1.0
2002,2000,SCOTT,2 2 ROBBINS,7220,007758,0.00027417,exact_name,high,1.0
2002,2000,SCOTT,2 2 ROBBINS,7220,007753,0.0,exact_name,high,1.0
2002,2000,SCOTT,3 1 HUNTSVILLE,7204,007753,0.92996994,exact_name,high,1.0
2002,2000,SCOTT,3 1 HUNTSVILLE,7204,007752,0.04289273,exact_name,high,1.0
2002,2000,SCOTT,3 1 HUNTSVILLE,7204,007751,0.02711391,exact_name,high,1.0
2002,2000,SCOTT,3 1 HUNTSVILLE,7204,007754,1.496e-05,exact_name,high,1.0
2002,2000,SCOTT,3 1 HUNTSVILLE,7204,007759,8.45e-06,exact_name,high,1.0
2002,2000,SCOTT,3 2 PAINT ROCK,7212,007759,0.99994889,exact_name,high,1.0
2002,2000,SCOTT,3 2 PAINT ROCK,7212,007756,3.073e-05,exact_name,high,1.0
2002,2000,SCOTT,3 2 PAINT ROCK,7212,007760,1.41e-05,exact_name,high,1.0
2002,2000,SCOTT,3 2 PAINT ROCK,7212,007752,3.22e-06,exact_name,high,1.0
2002,2000,SCOTT,3 2 PAINT ROCK,7212,007753,3.07e-06,exact_name,high,1.0
2002,2000,SCOTT,4 1 HELENWOOD,7200,007752,0.95257879,exact_name,high,1.0
2002,2000,SCOTT,4 1 HELENWOOD,7200,007751,0.04735061,exact_name,high,1.0
2002,2000,SCOTT,4 1 HELENWOOD,7200,007756,6.761e-05,exact_name,high,1.0
2002,2000,SCOTT,4 1 HELENWOOD,7200,007759,2.87e-06,exact_name,high,1.0
2002,2000,SCOTT,4 1 HELENWOOD,7200,007753,1e-07,exact_name,high,1.0
2002,2000,SCOTT,4 1 HELENWOOD,7200,007757,2e-08,exact_name,high,1.0
2002,2000,SCOTT,4 1 HELENWOOD,7200,007758,0.0,exact_name,high,1.0
2002,2000,SCOTT,5 1 PINE HILL,7216,007760,0.8205393,exact_name,high,1.0
2002,2000,SCOTT,5 1 PINE HILL,7216,007754,0.17426772,exact_name,high,1.0
2002,2000,SCOTT,5 1 PINE HILL,7216,007755,0.00509207,exact_name,high,1.0
2002,2000,SCOTT,5 1 PINE HILL,7216,007756,9.998e-05,exact_name,high,1.0
2002,2000,SCOTT,5 1 PINE HILL,7216,007759,9.4e-07,exact_name,high,1.0
2002,2000,SCOTT,5 2 WINFIELD,7228,007755,0.99978509,exact_name,high,1.0
2002,2000,SCOTT,5 2 WINFIELD,7228,007760,0.0001317,exact_name,high,1.0
2002,2000,SCOTT,5 2 WINFIELD,7228,007756,7.167e-05,exact_name,high,1.0
2002,2000,SCOTT,5 2 WINFIELD,7228,007757,1.154e-05,exact_name,high,1.0
2002,2000,SCOTT,6 1 ONEIDA,7208,007756,0.99182713,exact_name,high,1.0
2002,2000,SCOTT,6 1 ONEIDA,7208,007760,0.00519306,exact_name,high,1.0
2002,2000,SCOTT,6 1 ONEIDA,7208,007759,0.00163472,exact_name,high,1.0
2002,2000,SCOTT,6 1 ONEIDA,7208,007757,0.0011289,exact_name,high,1.0
2002,2000,SCOTT,6 1 ONEIDA,7208,007752,0.00021619,exact_name,high,1.0
2002,2000,SCOTT,6 1 ONEIDA,7208,007755,0.0,exact_name,high,1.0
2002,2000,SCOTT,7 1 WEST ONEIDA,7232,007757,0.9306038,exact_name,high,1.0
2002,2000,SCOTT,7 1 WEST ONEIDA,7232,007756,0.06911508,exact_name,high,1.0
2002,2000,SCOTT,7 1 WEST ONEIDA,7232,007755,0.00026032,exact_name,high,1.0
2002,2000,SCOTT,7 1 WEST ONEIDA,7232,007752,2.066e-05,exact_name,high,1.0
2002,2000,SCOTT,7 1 WEST ONEIDA,7232,007758,1.4e-07,exact_name,high,1.0
2002,2000,SEQUATCHIE,1 LEWIS CHAPEL,7240,007851,1.0,exact_name,high,1.0
2002,2000,SEQUATCHIE,1 LEWIS CHAPEL,7240,007853,0.0,exact_name,high,1.0
2002,2000,SEQUATCHIE,1 LEWIS CHAPEL,7240,007852,0.0,exact_name,high,1.0
2002,2000,SEQUATCHIE,1 WELCH CHAPEL,7240,007851,1.0,code_token_name,high,0.993
2002,2000,SEQUATCHIE,1 WELCH CHAPEL,7240,007853,0.0,code_token_name,high,0.993
2002,2000,SEQUATCHIE,1 WELCH CHAPEL,7240,007852,0.0,code_token_name,high,0.993
2002,2000,SEQUATCHIE,2 CAGLE,7250,007855,0.50437247,exact_name,high,1.0
2002,2000,SEQUATCHIE,2 CAGLE,7250,007856,0.49562753,exact_name,high,1.0
2002,2000,SEQUATCHIE,2 FREDONIA,7262,007856,0.99970023,exact_name,high,1.0
2002,2000,SEQUATCHIE,2 FREDONIA,7262,007854,0.00029977,exact_name,high,1.0
2002,2000,SEQUATCHIE,2 FREDONIA,7262,007855,0.0,exact_name,high,1.0
2002,2000,SEQUATCHIE,3 ELECTRIC CO OP,0004,0004,1.0,exact_name,high,1.0
2002,2000,SEQUATCHIE,4 COURTHOUSE ANNEX,7252,007859,0.91675763,code_token_name,high,0.993
2002,2000,SEQUATCHIE,4 COURTHOUSE ANNEX,7252,007857,0.06717903,code_token_name,high,0.993
2002,2000,SEQUATCHIE,4 COURTHOUSE ANNEX,7252,007858,0.01511171,code_token_name,high,0.993
2002,2000,SEQUATCHIE,4 COURTHOUSE ANNEX,7252,007853,0.00095162,code_token_name,high,0.993
2002,2000,SEQUATCHIE,5 CHAPEL HILL,7244,007852,0.51539528,exact_name,high,1.0
2002,2000,SEQUATCHIE,5 CHAPEL HILL,7244,007853,0.38530687,exact_name,high,1.0
2002,2000,SEQUATCHIE,5 CHAPEL HILL,7244,007851,0.06348478,exact_name,high,1.0
2002,2000,SEQUATCHIE,5 CHAPEL HILL,7244,007857,0.03580791,exact_name,high,1.0
2002,2000,SEQUATCHIE,5 CHAPEL HILL,7244,007854,5.16e-06,exact_name,high,1.0
2002,2000,SEQUATCHIE,5 CHAPEL HILL,7244,007859,0.0,exact_name,high,1.0
2002,2000,SEQUATCHIE,6 DAUS,7256,007854,0.78238899,exact_name,high,1.0
2002,2000,SEQUATCHIE,6 DAUS,7256,007853,0.17422527,exact_name,high,1.0
2002,2000,SEQUATCHIE,6 DAUS,7256,007857,0.04338571,exact_name,high,1.0
2002,2000,SEQUATCHIE,6 DAUS,7256,007856,3e-08,exact_name,high,1.0
2002,2000,SEQUATCHIE,7 HIGH SCHOOL,7272,007854,0.66485501,exact_name,high,1.0
2002,2000,SEQUATCHIE,7 HIGH SCHOOL,7272,007853,0.16902495,exact_name,high,1.0
2002,2000,SEQUATCHIE,7 HIGH SCHOOL,7272,007857,0.09910533,exact_name,high,1.0
2002,2000,SEQUATCHIE,7 HIGH SCHOOL,7272,007856,0.0670147,exact_name,high,1.0
2002,2000,SEQUATCHIE,8 LOAN OAK,7280,007852,1.0,exact_name,high,1.0
2002,2000,SEVIER,01 1 CATON S CHAPEL,0004,0004,1.0,exact_name,high,1.0
2002,2000,SEVIER,01 2 JONES COVE,7288,007953,0.83797286,code_token_name,high,0.993
2002,2000,SEVIER,01 2 JONES COVE,7288,007951,0.07895677,code_token_name,high,0.993
2002,2000,SEVIER,01 2 JONES COVE,7288,007975,0.05684434,code_token_name,high,0.993
2002,2000,SEVIER,01 2 JONES COVE,7288,007972,0.01211397,code_token_name,high,0.993
2002,2000,SEVIER,01 2 JONES COVE,7288,007957,0.00978762,code_token_name,high,0.993
2002,2000,SEVIER,01 2 JONES COVE,7288,007954,0.00314121,code_token_name,high,0.993
2002,2000,SEVIER,01 2 JONES COVE,7288,007952,0.00118302,code_token_name,high,0.993
2002,2000,SEVIER,01 2 JONES COVE,7288,007956,1.1e-07,code_token_name,high,0.993
2002,2000,SEVIER,01 2 JONES COVE,7288,007963,1.1e-07,code_token_name,high,0.993
2002,2000,SEVIER,02 1 PIGEON FORGE PR,7296,007959,0.99577113,code_token_name,high,0.993
2002,2000,SEVIER,02 1 PIGEON FORGE PR,7296,007957,0.00337545,code_token_name,high,0.993
2002,2000,SEVIER,02 1 PIGEON FORGE PR,7296,007958,0.00085335,code_token_name,high,0.993
2002,2000,SEVIER,02 1 PIGEON FORGE PR,7296,007960,6e-08,code_token_name,high,0.993
2002,2000,SEVIER,02 2 WEARWOOD SCHO,7296,007959,0.99577113,code_token_name,high,0.993
2002,2000,SEVIER,02 2 WEARWOOD SCHO,7296,007957,0.00337545,code_token_name,high,0.993
2002,2000,SEVIER,02 2 WEARWOOD SCHO,7296,007958,0.00085335,code_token_name,high,0.993
2002,2000,SEVIER,02 2 WEARWOOD SCHO,7296,007960,6e-08,code_token_name,high,0.993
2002,2000,SEVIER,03 1 NEW CENTER,7304,007955,0.79131003,code_token_name,high,0.993
2002,2000,SEVIER,03 1 NEW CENTER,7304,007954,0.18440904,code_token_name,high,0.993
2002,2000,SEVIER,03 1 NEW CENTER,7304,007971,0.02425961,code_token_name,high,0.993
2002,2000,SEVIER,03 1 NEW CENTER,7304,007952,2.13e-05,code_token_name,high,0.993
2002,2000,SEVIER,03 1 NEW CENTER,7304,007973,1e-08,code_token_name,high,0.993
2002,2000,SEVIER,03 2 VOCATIONAL CTR,7304,007955,0.79131003,code_token_name,high,0.993
2002,2000,SEVIER,03 2 VOCATIONAL CTR,7304,007954,0.18440904,code_token_name,high,0.993
2002,2000,SEVIER,03 2 VOCATIONAL CTR,7304,007971,0.02425961,code_token_name,high,0.993
2002,2000,SEVIER,03 2 VOCATIONAL CTR,7304,007952,2.13e-05,code_token_name,high,0.993
2002,2000,SEVIER,03 2 VOCATIONAL CTR,7304,007973,1e-08,code_token_name,high,0.993
2002,2000,SEVIER,04 1 PIGEON FORGE CI,7312,007957,0.76250162,code_token_name,high,0.993
2002,2000,SEVIER,04 1 PIGEON FORGE CI,7312,007975,0.12559191,code_token_name,high,0.993
2002,2000,SEVIER,04 1 PIGEON FORGE CI,7312,007958,0.05502307,code_token_name,high,0.993
2002,2000,SEVIER,04 1 PIGEON FORGE CI,7312,007959,0.04011073,code_token_name,high,0.993
2002,2000,SEVIER,04 1 PIGEON FORGE CI,7312,007972,0.00846048,code_token_name,high,0.993
2002,2000,SEVIER,04 1 PIGEON FORGE CI,7312,007963,0.00831218,code_token_name,high,0.993
2002,2000,SEVIER,04 1 PIGEON FORGE CI,7312,007961,0.0,code_token_name,high,0.993
2002,2000,SEVIER,04 1 PIGEON FORGE CI,7312,007953,0.0,code_token_name,high,0.993
2002,2000,SEVIER,04 1 PIGEON FORGE CI,7312,007962,0.0,code_token_name,high,0.993
2002,2000,SEVIER,05 1 SEVIERVILLE MID,7316,007963,0.93120363,code_token_name,high,0.993
2002,2000,SEVIER,05 1 SEVIERVILLE MID,7316,007975,0.04058277,code_token_name,high,0.993
2002,2000,SEVIER,05 1 SEVIERVILLE MID,7316,007962,0.02796571,code_token_name,high,0.993
2002,2000,SEVIER,05 1 SEVIERVILLE MID,7316,007964,0.00024656,code_token_name,high,0.993
2002,2000,SEVIER,05 1 SEVIERVILLE MID,7316,007954,1.05e-06,code_token_name,high,0.993
2002,2000,SEVIER,05 1 SEVIERVILLE MID,7316,007957,2.9e-07,code_token_name,high,0.993
2002,2000,SEVIER,05 2 SENIOR CITIZENS,7316,007963,0.93120363,code_token_name,high,0.993
2002,2000,SEVIER,05 2 SENIOR CITIZENS,7316,007975,0.04058277,code_token_name,high,0.993
2002,2000,SEVIER,05 2 SENIOR CITIZENS,7316,007962,0.02796571,code_token_name,high,0.993
2002,2000,SEVIER,05 2 SENIOR CITIZENS,7316,007964,0.00024656,code_token_name,high,0.993
2002,2000,SEVIER,05 2 SENIOR CITIZENS,7316,007954,1.05e-06,code_token_name,high,0.993
2002,2000,SEVIER,05 2 SENIOR CITIZENS,7316,007957,2.9e-07,code_token_name,high,0.993
2002,2000,SEVIER,06 1 SEYMOUR INTMDT,7324,007968,0.88935711,code_token_name,high,0.993
2002,2000,SEVIER,06 1 SEYMOUR INTMDT,7324,007967,0.11064256,code_token_name,high,0.993
2002,2000,SEVIER,06 1 SEYMOUR INTMDT,7324,007965,3.3e-07,code_token_name,high,0.993
2002,2000,SEVIER,07 1 VOTING MACHINE,7328,007966,0.76031003,code_token_name,high,0.993
2002,2000,SEVIER,07 1 VOTING MACHINE,7328,007973,0.20903745,code_token_name,high,0.993
2002,2000,SEVIER,07 1 VOTING MACHINE,7328,007969,0.02048213,code_token_name,high,0.993
2002,2000,SEVIER,07 1 VOTING MACHINE,7328,007974,0.01015004,code_token_name,high,0.993
2002,2000,SEVIER,07 1 VOTING MACHINE,7328,007964,2.035e-05,code_token_name,high,0.993
2002,2000,SEVIER,07 1 VOTING MACHINE,7328,007961,0.0,code_token_name,high,0.993
2002,2000,SEVIER,07 1 VOTING MACHINE,7328,007967,0.0,code_token_name,high,0.993
2002,2000,SEVIER,07 2 CATLETTSBURG,0003,0003,1.0,exact_name,high,1.0
2002,2000,SEVIER,08 1 KODAK,0011,0011,1.0,exact_name,high,1.0
2002,2000,SEVIER,08 2 UNDERWOOD,0020,0020,1.0,exact_name,high,1.0
2002,2000,SEVIER,09 1 SEYMOUR PRIMAR,7340,007965,0.85410903,code_token_name,high,0.993
2002,2000,SEVIER,09 1 SEYMOUR PRIMAR,7340,007968,0.14508447,code_token_name,high,0.993
2002,2000,SEVIER,09 1 SEYMOUR PRIMAR,7340,007960,0.00080643,code_token_name,high,0.993
2002,2000,SEVIER,09 1 SEYMOUR PRIMAR,7340,007961,6e-08,code_token_name,high,0.993
2002,2000,SEVIER,09 1 SEYMOUR PRIMAR,7340,007967,0.0,code_token_name,high,0.993
2002,2000,SEVIER,10 1 BOYDS CREEK,0001,0001,1.0,exact_name,high,1.0
2002,2000,SEVIER,10 2 DUPONT CC,7344,007967,0.6795414,code_token_name,high,0.993
2002,2000,SEVIER,10 2 DUPONT CC,7344,007966,0.18895852,code_token_name,high,0.993
2002,2000,SEVIER,10 2 DUPONT CC,7344,007961,0.10555564,code_token_name,high,0.993
2002,2000,SEVIER,10 2 DUPONT CC,7344,007965,0.0259443,code_token_name,high,0.993
2002,2000,SEVIER,10 2 DUPONT CC,7344,007968,1.4e-07,code_token_name,high,0.993
2002,2000,SEVIER,10 2 DUPONT CC,7344,007969,0.0,code_token_name,high,0.993
2002,2000,SEVIER,10 3 ADULT HIGH,7344,007967,0.6795414,code_token_name,high,0.993
2002,2000,SEVIER,10 3 ADULT HIGH,7344,007966,0.18895852,code_token_name,high,0.993
2002,2000,SEVIER,10 3 ADULT HIGH,7344,007961,0.10555564,code_token_name,high,0.993
2002,2000,SEVIER,10 3 ADULT HIGH,7344,007965,0.0259443,code_token_name,high,0.993
2002,2000,SEVIER,10 3 ADULT HIGH,7344,007968,1.4e-07,code_token_name,high,0.993
2002,2000,SEVIER,10 3 ADULT HIGH,7344,007969,0.0,code_token_name,high,0.993
2002,2000,SEVIER,11 1 GATLINBURG AMER,7356,007956,0.99738508,prefix_name,high,0.995
2002,2000,SEVIER,11 1 GATLINBURG AMER,7356,007957,0.00244037,prefix_name,high,0.995
2002,2000,SEVIER,11 1 GATLINBURG AMER,7356,007951,0.00017379,prefix_name,high,0.995
2002,2000,SEVIER,11 1 GATLINBURG AMER,7356,007958,7.6e-07,prefix_name,high,0.995
2002,2000,SEVIER,11 2 PITTMAN CENTER,0014,0014,1.0,exact_name,high,1.0
2002,2000,SHELBY,ARLINGTON,7384,008051,0.51339401,exact_name,high,1.0
2002,2000,SHELBY,ARLINGTON,7384,008052,0.48554985,exact_name,high,1.0
2002,2000,SHELBY,ARLINGTON,7384,008270,0.00085243,exact_name,high,1.0
2002,2000,SHELBY,ARLINGTON,7384,008081,0.00018588,exact_name,high,1.0
2002,2000,SHELBY,ARLINGTON,7384,008096,1.735e-05,exact_name,high,1.0
2002,2000,SHELBY,ARLINGTON,7384,008259,4.7e-07,exact_name,high,1.0
2002,2000,SHELBY,BARTLETT 01,7388,008057,0.96899488,exact_name,high,1.0
2002,2000,SHELBY,BARTLETT 01,7388,008232,0.02024925,exact_name,high,1.0
2002,2000,SHELBY,BARTLETT 01,7388,008231,0.01075587,exact_name,high,1.0
2002,2000,SHELBY,BARTLETT 02,7392,008053,0.97569276,exact_name,high,1.0
2002,2000,SHELBY,BARTLETT 02,7392,008233,0.01681303,exact_name,high,1.0
2002,2000,SHELBY,BARTLETT 02,7392,008252,0.00375403,exact_name,high,1.0
2002,2000,SHELBY,BARTLETT 02,7392,008054,0.00301258,exact_name,high,1.0
2002,2000,SHELBY,BARTLETT 02,7392,008057,0.00056493,exact_name,high,1.0
2002,2000,SHELBY,BARTLETT 02,7392,008056,0.00016252,exact_name,high,1.0
2002,2000,SHELBY,BARTLETT 02,7392,008236,1.4e-07,exact_name,high,1.0
2002,2000,SHELBY,BARTLETT 03,7396,008054,0.99995663,exact_name,high,1.0
2002,2000,SHELBY,BARTLETT 03,7396,008060,4.187e-05,exact_name,high,1.0
2002,2000,SHELBY,BARTLETT 03,7396,008053,8e-07,exact_name,high,1.0
2002,2000,SHELBY,BARTLETT 03,7396,008056,6.9e-07,exact_name,high,1.0
2002,2000,SHELBY,BARTLETT 03,7396,008058,0.0,exact_name,high,1.0
2002,2000,SHELBY,BARTLETT 03,7396,008055,0.0,exact_name,high,1.0
2002,2000,SHELBY,BARTLETT 04,7400,008055,0.99973938,exact_name,high,1.0
2002,2000,SHELBY,BARTLETT 04,7400,008063,0.00026038,exact_name,high,1.0
2002,2000,SHELBY,BARTLETT 04,7400,008066,2.4e-07,exact_name,high,1.0
2002,2000,SHELBY,BARTLETT 04,7400,008058,0.0,exact_name,high,1.0
2002,2000,SHELBY,BARTLETT 05,7404,008056,0.99902967,exact_name,high,1.0
2002,2000,SHELBY,BARTLETT 05,7404,008066,0.00048836,exact_name,high,1.0
2002,2000,SHELBY,BARTLETT 05,7404,008065,0.00047927,exact_name,high,1.0
2002,2000,SHELBY,BARTLETT 05,7404,008060,2.6e-06,exact_name,high,1.0
2002,2000,SHELBY,BARTLETT 05,7404,008054,1e-07,exact_name,high,1.0
2002,2000,SHELBY,BARTLETT 05,7404,008097,0.0,exact_name,high,1.0
2002,2000,SHELBY,BARTLETT 05,7404,008079,0.0,exact_name,high,1.0
2002,2000,SHELBY,BARTLETT 06,7408,008064,0.57880919,exact_name,high,1.0
2002,2000,SHELBY,BARTLETT 06,7408,008061,0.41778472,exact_name,high,1.0
2002,2000,SHELBY,BARTLETT 06,7408,008229,0.00170638,exact_name,high,1.0
2002,2000,SHELBY,BARTLETT 06,7408,008057,0.00071076,exact_name,high,1.0
2002,2000,SHELBY,BARTLETT 06,7408,008239,0.00057228,exact_name,high,1.0
2002,2000,SHELBY,BARTLETT 06,7408,008231,0.00030311,exact_name,high,1.0
2002,2000,SHELBY,BARTLETT 06,7408,008099,0.00011302,exact_name,high,1.0
2002,2000,SHELBY,BARTLETT 06,7408,008063,5.4e-07,exact_name,high,1.0
2002,2000,SHELBY,BARTLETT 06,7408,008270,0.0,exact_name,high,1.0
2002,2000,SHELBY,BARTLETT 06,7408,008058,0.0,exact_name,high,1.0
2002,2000,SHELBY,BARTLETT 08,7416,008058,0.99917474,exact_name,high,1.0
2002,2000,SHELBY,BARTLETT 08,7416,008064,0.00076471,exact_name,high,1.0
2002,2000,SHELBY,BARTLETT 08,7416,008057,6.054e-05,exact_name,high,1.0
2002,2000,SHELBY,BARTLETT 08,7416,008055,0.0,exact_name,high,1.0
2002,2000,SHELBY,BARTLETT 08,7416,008053,0.0,exact_name,high,1.0
2002,2000,SHELBY,BARTLETT 09,7417,008053,0.99991374,exact_name,high,1.0
2002,2000,SHELBY,BARTLETT 09,7417,008057,8.348e-05,exact_name,high,1.0
2002,2000,SHELBY,BARTLETT 09,7417,008058,2.79e-06,exact_name,high,1.0
2002,2000,SHELBY,BARTLETT 09,7417,008054,0.0,exact_name,high,1.0
2002,2000,SHELBY,BARTLETT 10,7409,008057,0.99144385,exact_name,high,1.0
2002,2000,SHELBY,BARTLETT 10,7409,008064,0.0085534,exact_name,high,1.0
2002,2000,SHELBY,BARTLETT 10,7409,008231,2.75e-06,exact_name,high,1.0
2002,2000,SHELBY,BARTLETT 11,7419,008060,0.99859099,exact_name,high,1.0
2002,2000,SHELBY,BARTLETT 11,7419,008056,0.00133763,exact_name,high,1.0
2002,2000,SHELBY,BARTLETT 11,7419,008054,7.014e-05,exact_name,high,1.0
2002,2000,SHELBY,BARTLETT 11,7419,008055,6.3e-07,exact_name,high,1.0
2002,2000,SHELBY,BARTLETT 11,7419,008066,6.1e-07,exact_name,high,1.0
2002,2000,SHELBY,BARTLETT 12,7422,008063,0.76962448,exact_name,high,1.0
2002,2000,SHELBY,BARTLETT 12,7422,008058,0.22808188,exact_name,high,1.0
2002,2000,SHELBY,BARTLETT 12,7422,008270,0.00112646,exact_name,high,1.0
2002,2000,SHELBY,BARTLETT 12,7422,008066,0.00084884,exact_name,high,1.0
2002,2000,SHELBY,BARTLETT 12,7422,008064,0.00031812,exact_name,high,1.0
2002,2000,SHELBY,BARTLETT 12,7422,008055,2.2e-07,exact_name,high,1.0
2002,2000,SHELBY,BARTLETT 12,7422,008099,0.0,exact_name,high,1.0
2002,2000,SHELBY,BRUNSWICK 01,7420,008065,0.91883006,code_token_name,high,0.993
2002,2000,SHELBY,BRUNSWICK 01,7420,008096,0.06015358,code_token_name,high,0.993
2002,2000,SHELBY,BRUNSWICK 01,7420,008097,0.02077568,code_token_name,high,0.993
2002,2000,SHELBY,BRUNSWICK 01,7420,008066,0.0002353,code_token_name,high,0.993
2002,2000,SHELBY,BRUNSWICK 01,7420,008056,3e-06,code_token_name,high,0.993
2002,2000,SHELBY,BRUNSWICK 01,7420,008079,2.39e-06,code_token_name,high,0.993
2002,2000,SHELBY,BRUNSWICK 02,7421,008066,0.74119758,code_token_name,high,0.993
2002,2000,SHELBY,BRUNSWICK 02,7421,008096,0.25857404,code_token_name,high,0.993
2002,2000,SHELBY,BRUNSWICK 02,7421,008063,0.00021795,code_token_name,high,0.993
2002,2000,SHELBY,BRUNSWICK 02,7421,008270,9.88e-06,code_token_name,high,0.993
2002,2000,SHELBY,BRUNSWICK 02,7421,008060,2.5e-07,code_token_name,high,0.993
2002,2000,SHELBY,BRUNSWICK 02,7421,008055,2.1e-07,code_token_name,high,0.993
2002,2000,SHELBY,BRUNSWICK 02,7421,008052,1e-07,code_token_name,high,0.993
2002,2000,SHELBY,CAPLEVILLE 01,7424,008168,1.0,code_token_name,high,0.993
2002,2000,SHELBY,CAPLEVILLE 01,7424,008244,0.0,code_token_name,high,0.993
2002,2000,SHELBY,CAPLEVILLE 05,7431,008168,0.99999745,code_token_name,high,0.993
2002,2000,SHELBY,CAPLEVILLE 05,7431,008244,2.39e-06,code_token_name,high,0.993
2002,2000,SHELBY,CAPLEVILLE 05,7431,008266,1.2e-07,code_token_name,high,0.993
2002,2000,SHELBY,CAPLEVILLE 05,7431,008213,4e-08,code_token_name,high,0.993
2002,2000,SHELBY,CAPLEVILLE 05,7431,008214,0.0,code_token_name,high,0.993
2002,2000,SHELBY,COLLIERVILLE 01,7432,008271,0.54470438,code_token_name,high,0.993
2002,2000,SHELBY,COLLIERVILLE 01,7432,008068,0.45529438,code_token_name,high,0.993
2002,2000,SHELBY,COLLIERVILLE 01,7432,008081,1.18e-06,code_token_name,high,0.993
2002,2000,SHELBY,COLLIERVILLE 01,7432,008072,6e-08,code_token_name,high,0.993
2002,2000,SHELBY,COLLIERVILLE 01,7432,008070,0.0,code_token_name,high,0.993
2002,2000,SHELBY,COLLIERVILLE 02,7436,008074,0.64832348,code_token_name,high,0.993
2002,2000,SHELBY,COLLIERVILLE 02,7436,008069,0.35134646,code_token_name,high,0.993
2002,2000,SHELBY,COLLIERVILLE 02,7436,008083,0.00014642,code_token_name,high,0.993
2002,2000,SHELBY,COLLIERVILLE 02,7436,008071,0.00013352,code_token_name,high,0.993
2002,2000,SHELBY,COLLIERVILLE 02,7436,008072,5.012e-05,code_token_name,high,0.993
2002,2000,SHELBY,COLLIERVILLE 02,7436,008082,0.0,code_token_name,high,0.993
2002,2000,SHELBY,COLLIERVILLE 03,7440,008070,0.99999426,code_token_name,high,0.993
2002,2000,SHELBY,COLLIERVILLE 03,7440,008072,5.32e-06,code_token_name,high,0.993
2002,2000,SHELBY,COLLIERVILLE 03,7440,008271,4e-07,code_token_name,high,0.993
2002,2000,SHELBY,COLLIERVILLE 03,7440,008068,1e-08,code_token_name,high,0.993
2002,2000,SHELBY,COLLIERVILLE 03,7440,008071,0.0,code_token_name,high,0.993
2002,2000,SHELBY,COLLIERVILLE 04,7441,008071,0.99999899,code_token_name,high,0.993
2002,2000,SHELBY,COLLIERVILLE 04,7441,008271,8e-07,code_token_name,high,0.993
2002,2000,SHELBY,COLLIERVILLE 04,7441,008073,1.8e-07,code_token_name,high,0.993
2002,2000,SHELBY,COLLIERVILLE 04,7441,008069,3e-08,code_token_name,high,0.993
2002,2000,SHELBY,COLLIERVILLE 05,7442,008072,0.99999641,code_token_name,high,0.993
2002,2000,SHELBY,COLLIERVILLE 05,7442,008071,2.68e-06,code_token_name,high,0.993
2002,2000,SHELBY,COLLIERVILLE 05,7442,008069,7.4e-07,code_token_name,high,0.993
2002,2000,SHELBY,COLLIERVILLE 05,7442,008070,1.7e-07,code_token_name,high,0.993
2002,2000,SHELBY,COLLIERVILLE 05,7442,008068,0.0,code_token_name,high,0.993
2002,2000,SHELBY,COLLIERVILLE 06,7443,008271,0.48754932,code_token_name,high,0.993
2002,2000,SHELBY,COLLIERVILLE 06,7443,008073,0.3757378,code_token_name,high,0.993
2002,2000,SHELBY,COLLIERVILLE 06,7443,008075,0.12554685,code_token_name,high,0.993
2002,2000,SHELBY,COLLIERVILLE 06,7443,008081,0.01109785,code_token_name,high,0.993
2002,2000,SHELBY,COLLIERVILLE 06,7443,008070,3.995e-05,code_token_name,high,0.993
2002,2000,SHELBY,COLLIERVILLE 06,7443,008094,2.344e-05,code_token_name,high,0.993
2002,2000,SHELBY,COLLIERVILLE 06,7443,008071,4.78e-06,code_token_name,high,0.993
2002,2000,SHELBY,COLLIERVILLE 06,7443,008068,1e-08,code_token_name,high,0.993
2002,2000,SHELBY,CORDOVA 01,7444,008252,0.99289648,code_token_name,high,0.993
2002,2000,SHELBY,CORDOVA 01,7444,008053,0.0053668,code_token_name,high,0.993
2002,2000,SHELBY,CORDOVA 01,7444,008056,0.00168404,code_token_name,high,0.993
2002,2000,SHELBY,CORDOVA 01,7444,008236,5.268e-05,code_token_name,high,0.993
2002,2000,SHELBY,CORDOVA 02,7448,008255,0.77005232,code_token_name,high,0.993
2002,2000,SHELBY,CORDOVA 02,7448,008077,0.20958249,code_token_name,high,0.993
2002,2000,SHELBY,CORDOVA 02,7448,008236,0.012999,code_token_name,high,0.993
2002,2000,SHELBY,CORDOVA 02,7448,008252,0.00454467,code_token_name,high,0.993
2002,2000,SHELBY,CORDOVA 02,7448,008078,0.00279349,code_token_name,high,0.993
2002,2000,SHELBY,CORDOVA 02,7448,008237,1.597e-05,code_token_name,high,0.993
2002,2000,SHELBY,CORDOVA 02,7448,008079,1.169e-05,code_token_name,high,0.993
2002,2000,SHELBY,CORDOVA 02,7448,008256,3.7e-07,code_token_name,high,0.993
2002,2000,SHELBY,CORDOVA 02,7448,008257,0.0,code_token_name,high,0.993
2002,2000,SHELBY,CORDOVA 03,7452,008076,0.92294005,code_token_name,high,0.993
2002,2000,SHELBY,CORDOVA 03,7452,008242,0.07558308,code_token_name,high,0.993
2002,2000,SHELBY,CORDOVA 03,7452,008073,0.0010494,code_token_name,high,0.993
2002,2000,SHELBY,CORDOVA 03,7452,008081,0.00042744,code_token_name,high,0.993
2002,2000,SHELBY,CORDOVA 03,7452,008080,3e-08,code_token_name,high,0.993
2002,2000,SHELBY,CORDOVA 03,7452,008263,0.0,code_token_name,high,0.993
2002,2000,SHELBY,CORDOVA 03,7452,008262,0.0,code_token_name,high,0.993
2002,2000,SHELBY,CORDOVA 03,7452,008095,0.0,code_token_name,high,0.993
2002,2000,SHELBY,CORDOVA 04,7456,008256,0.54593838,code_token_name,high,0.993
2002,2000,SHELBY,CORDOVA 04,7456,008077,0.44368627,code_token_name,high,0.993
2002,2000,SHELBY,CORDOVA 04,7456,008241,0.0103465,code_token_name,high,0.993
2002,2000,SHELBY,CORDOVA 04,7456,008078,2.502e-05,code_token_name,high,0.993
2002,2000,SHELBY,CORDOVA 04,7456,008257,3.05e-06,code_token_name,high,0.993
2002,2000,SHELBY,CORDOVA 04,7456,008255,7.8e-07,code_token_name,high,0.993
2002,2000,SHELBY,CORDOVA 05,7457,008078,0.99223261,code_token_name,high,0.993
2002,2000,SHELBY,CORDOVA 05,7457,008237,0.00776206,code_token_name,high,0.993
2002,2000,SHELBY,CORDOVA 05,7457,008077,5.29e-06,code_token_name,high,0.993
2002,2000,SHELBY,CORDOVA 05,7457,008241,4e-08,code_token_name,high,0.993
2002,2000,SHELBY,CORDOVA 05,7457,008236,0.0,code_token_name,high,0.993
2002,2000,SHELBY,CORDOVA 06,7458,008079,0.99982696,code_token_name,high,0.993
2002,2000,SHELBY,CORDOVA 06,7458,008097,7.927e-05,code_token_name,high,0.993
2002,2000,SHELBY,CORDOVA 06,7458,008056,4.415e-05,code_token_name,high,0.993
2002,2000,SHELBY,CORDOVA 06,7458,008065,4.157e-05,code_token_name,high,0.993
2002,2000,SHELBY,CORDOVA 06,7458,008255,4.69e-06,code_token_name,high,0.993
2002,2000,SHELBY,CORDOVA 06,7458,008252,2.29e-06,code_token_name,high,0.993
2002,2000,SHELBY,CORDOVA 06,7458,008259,1.05e-06,code_token_name,high,0.993
2002,2000,SHELBY,CORDOVA 06,7458,008258,2e-08,code_token_name,high,0.993
2002,2000,SHELBY,CORDOVA 07,7445,008252,0.99934454,code_token_name,high,0.993
2002,2000,SHELBY,CORDOVA 07,7445,008056,0.00065473,code_token_name,high,0.993
2002,2000,SHELBY,CORDOVA 07,7445,008079,6.2e-07,code_token_name,high,0.993
2002,2000,SHELBY,CORDOVA 07,7445,008236,6e-08,code_token_name,high,0.993
2002,2000,SHELBY,CORDOVA 07,7445,008255,5e-08,code_token_name,high,0.993
2002,2000,SHELBY,CORDOVA 08,7446,008257,0.99981082,code_token_name,high,0.993
2002,2000,SHELBY,CORDOVA 08,7446,008241,0.00018291,code_token_name,high,0.993
2002,2000,SHELBY,CORDOVA 08,7446,008256,3.72e-06,code_token_name,high,0.993
2002,2000,SHELBY,CORDOVA 08,7446,008258,2.56e-06,code_token_name,high,0.993
2002,2000,SHELBY,CORDOVA 09,7463,008080,0.99940837,code_token_name,high,0.993
2002,2000,SHELBY,CORDOVA 09,7463,008242,0.00059068,code_token_name,high,0.993
2002,2000,SHELBY,CORDOVA 09,7463,008087,7e-07,code_token_name,high,0.993
2002,2000,SHELBY,CORDOVA 09,7463,008088,2.3e-07,code_token_name,high,0.993
2002,2000,SHELBY,CORDOVA 09,7463,008095,3e-08,code_token_name,high,0.993
2002,2000,SHELBY,CORDOVA 09,7463,008237,0.0,code_token_name,high,0.993
2002,2000,SHELBY,CORDOVA 09,7463,008076,0.0,code_token_name,high,0.993
2002,2000,SHELBY,CORDOVA 10,7447,008258,0.60615856,exact_name,high,1.0
2002,2000,SHELBY,CORDOVA 10,7447,008076,0.20423797,exact_name,high,1.0
2002,2000,SHELBY,CORDOVA 10,7447,008257,0.14073367,exact_name,high,1.0
2002,2000,SHELBY,CORDOVA 10,7447,008241,0.04886795,exact_name,high,1.0
2002,2000,SHELBY,CORDOVA 10,7447,008262,1.18e-06,exact_name,high,1.0
2002,2000,SHELBY,CORDOVA 10,7447,008242,6.6e-07,exact_name,high,1.0
2002,2000,SHELBY,CORDOVA 10,7447,008255,0.0,exact_name,high,1.0
2002,2000,SHELBY,CORDOVA 10,7447,008079,0.0,exact_name,high,1.0
2002,2000,SHELBY,CORDOVA 10,7447,008256,0.0,exact_name,high,1.0
2002,2000,SHELBY,CORDOVA 11,7449,008236,0.99999935,exact_name,high,1.0
2002,2000,SHELBY,CORDOVA 11,7449,008252,6.5e-07,exact_name,high,1.0
2002,2000,SHELBY,EADS,7460,008081,0.99982712,exact_name,high,1.0
2002,2000,SHELBY,EADS,7460,008052,0.00017284,exact_name,high,1.0
2002,2000,SHELBY,EADS,7460,008263,4e-08,exact_name,high,1.0
2002,2000,SHELBY,EADS,7460,008271,0.0,exact_name,high,1.0
2002,2000,SHELBY,EADS,7460,008259,0.0,exact_name,high,1.0
2002,2000,SHELBY,FOREST HILLS,7464,008083,0.34850295,exact_name,high,1.0
2002,2000,SHELBY,FOREST HILLS,7464,008084,0.32921447,exact_name,high,1.0
2002,2000,SHELBY,FOREST HILLS,7464,008082,0.31930721,exact_name,high,1.0
2002,2000,SHELBY,FOREST HILLS,7464,008074,0.00144062,exact_name,high,1.0
2002,2000,SHELBY,FOREST HILLS,7464,008090,0.00108504,exact_name,high,1.0
2002,2000,SHELBY,FOREST HILLS,7464,008093,0.0004239,exact_name,high,1.0
2002,2000,SHELBY,FOREST HILLS,7464,008071,1.797e-05,exact_name,high,1.0
2002,2000,SHELBY,FOREST HILLS,7464,008094,5.97e-06,exact_name,high,1.0
2002,2000,SHELBY,FOREST HILLS,7464,008069,1.43e-06,exact_name,high,1.0
2002,2000,SHELBY,FOREST HILLS,7464,008269,4.4e-07,exact_name,high,1.0
2002,2000,SHELBY,FOREST HILLS,7464,008268,0.0,exact_name,high,1.0
2002,2000,SHELBY,FOREST HILLS,7464,008267,0.0,exact_name,high,1.0
2002,2000,SHELBY,GERMANTOWN 01,7468,008089,0.99662419,exact_name,high,1.0
2002,2000,SHELBY,GERMANTOWN 01,7468,008216,0.00337581,exact_name,high,1.0
2002,2000,SHELBY,GERMANTOWN 01,7468,008086,0.0,exact_name,high,1.0
2002,2000,SHELBY,GERMANTOWN 02,7480,008086,0.99802723,exact_name,high,1.0
2002,2000,SHELBY,GERMANTOWN 02,7480,008089,0.00146947,exact_name,high,1.0
2002,2000,SHELBY,GERMANTOWN 02,7480,008216,0.00044655,exact_name,high,1.0
2002,2000,SHELBY,GERMANTOWN 02,7480,008219,5.675e-05,exact_name,high,1.0
2002,2000,SHELBY,GERMANTOWN 02,7480,008087,0.0,exact_name,high,1.0
2002,2000,SHELBY,GERMANTOWN 03,7484,008087,0.99586717,exact_name,high,1.0
2002,2000,SHELBY,GERMANTOWN 03,7484,008088,0.00413283,exact_name,high,1.0
2002,2000,SHELBY,GERMANTOWN 03,7484,008089,0.0,exact_name,high,1.0
2002,2000,SHELBY,GERMANTOWN 03,7484,008080,0.0,exact_name,high,1.0
2002,2000,SHELBY,GERMANTOWN 04,7488,008088,0.98907768,exact_name,high,1.0
2002,2000,SHELBY,GERMANTOWN 04,7488,008095,0.00717055,exact_name,high,1.0
2002,2000,SHELBY,GERMANTOWN 04,7488,008087,0.00375177,exact_name,high,1.0
2002,2000,SHELBY,GERMANTOWN 04,7488,008080,0.0,exact_name,high,1.0
2002,2000,SHELBY,GERMANTOWN 04,7488,008091,0.0,exact_name,high,1.0
2002,2000,SHELBY,GERMANTOWN 05,7492,008089,0.9859124,exact_name,high,1.0
2002,2000,SHELBY,GERMANTOWN 05,7492,008216,0.0140876,exact_name,high,1.0
2002,2000,SHELBY,GERMANTOWN 05,7492,008237,0.0,exact_name,high,1.0
2002,2000,SHELBY,GERMANTOWN 06,7496,008090,0.99258536,exact_name,high,1.0
2002,2000,SHELBY,GERMANTOWN 06,7496,008093,0.00412037,exact_name,high,1.0
2002,2000,SHELBY,GERMANTOWN 06,7496,008221,0.00219037,exact_name,high,1.0
2002,2000,SHELBY,GERMANTOWN 06,7496,008082,0.00110385,exact_name,high,1.0
2002,2000,SHELBY,GERMANTOWN 06,7496,008086,5e-08,exact_name,high,1.0
2002,2000,SHELBY,GERMANTOWN 07,7500,008087,0.99994419,exact_name,high,1.0
2002,2000,SHELBY,GERMANTOWN 07,7500,008086,4.946e-05,exact_name,high,1.0
2002,2000,SHELBY,GERMANTOWN 07,7500,008089,6.34e-06,exact_name,high,1.0
2002,2000,SHELBY,GERMANTOWN 07,7500,008091,1e-08,exact_name,high,1.0
2002,2000,SHELBY,GERMANTOWN 07,7500,008088,0.0,exact_name,high,1.0
2002,2000,SHELBY,GERMANTOWN 08,7504,008091,0.99973644,exact_name,high,1.0
2002,2000,SHELBY,GERMANTOWN 08,7504,008086,0.00026353,exact_name,high,1.0
2002,2000,SHELBY,GERMANTOWN 08,7504,008094,3e-08,exact_name,high,1.0
2002,2000,SHELBY,GERMANTOWN 08,7504,008088,0.0,exact_name,high,1.0
2002,2000,SHELBY,GERMANTOWN 08,7504,008087,0.0,exact_name,high,1.0
2002,2000,SHELBY,GERMANTOWN 09,7508,008086,0.99407184,exact_name,high,1.0
2002,2000,SHELBY,GERMANTOWN 09,7508,008222,0.00206933,exact_name,high,1.0
2002,2000,SHELBY,GERMANTOWN 09,7508,008219,0.00199519,exact_name,high,1.0
2002,2000,SHELBY,GERMANTOWN 09,7508,008221,0.00166545,exact_name,high,1.0
2002,2000,SHELBY,GERMANTOWN 09,7508,008087,0.00015706,exact_name,high,1.0
2002,2000,SHELBY,GERMANTOWN 09,7508,008091,4.018e-05,exact_name,high,1.0
2002,2000,SHELBY,GERMANTOWN 09,7508,008093,5.7e-07,exact_name,high,1.0
2002,2000,SHELBY,GERMANTOWN 09,7508,008090,3.8e-07,exact_name,high,1.0
2002,2000,SHELBY,GERMANTOWN 09,7508,008089,0.0,exact_name,high,1.0
2002,2000,SHELBY,GERMANTOWN 10,7472,008093,0.99770422,exact_name,high,1.0
2002,2000,SHELBY,GERMANTOWN 10,7472,008091,0.00128489,exact_name,high,1.0
2002,2000,SHELBY,GERMANTOWN 10,7472,008094,0.00100866,exact_name,high,1.0
2002,2000,SHELBY,GERMANTOWN 10,7472,008086,1.89e-06,exact_name,high,1.0
2002,2000,SHELBY,GERMANTOWN 10,7472,008082,2.9e-07,exact_name,high,1.0
2002,2000,SHELBY,GERMANTOWN 10,7472,008090,5e-08,exact_name,high,1.0
2002,2000,SHELBY,GERMANTOWN 11,7476,008094,0.90334681,exact_name,high,1.0
2002,2000,SHELBY,GERMANTOWN 11,7476,008071,0.09218225,exact_name,high,1.0
2002,2000,SHELBY,GERMANTOWN 11,7476,008088,0.00309638,exact_name,high,1.0
2002,2000,SHELBY,GERMANTOWN 11,7476,008073,0.00099044,exact_name,high,1.0
2002,2000,SHELBY,GERMANTOWN 11,7476,008082,0.00026246,exact_name,high,1.0
2002,2000,SHELBY,GERMANTOWN 11,7476,008093,0.0001202,exact_name,high,1.0
2002,2000,SHELBY,GERMANTOWN 11,7476,008091,1.45e-06,exact_name,high,1.0
2002,2000,SHELBY,GERMANTOWN 11,7476,008095,0.0,exact_name,high,1.0
2002,2000,SHELBY,GERMANTOWN 12,7477,008095,0.48043008,exact_name,high,1.0
2002,2000,SHELBY,GERMANTOWN 12,7477,008088,0.29092557,exact_name,high,1.0
2002,2000,SHELBY,GERMANTOWN 12,7477,008073,0.21777916,exact_name,high,1.0
2002,2000,SHELBY,GERMANTOWN 12,7477,008076,0.01054439,exact_name,high,1.0
2002,2000,SHELBY,GERMANTOWN 12,7477,008081,0.0003208,exact_name,high,1.0
2002,2000,SHELBY,GERMANTOWN 12,7477,008094,0.0,exact_name,high,1.0
2002,2000,SHELBY,GERMANTOWN 12,7477,008080,0.0,exact_name,high,1.0
2002,2000,SHELBY,GERMANTOWN 12,7477,008091,0.0,exact_name,high,1.0
2002,2000,SHELBY,KERRVILLE,7524,008270,0.8380023,exact_name,high,1.0
2002,2000,SHELBY,KERRVILLE,7524,008261,0.1619977,exact_name,high,1.0
2002,2000,SHELBY,KERRVILLE,7524,008260,0.0,exact_name,high,1.0
2002,2000,SHELBY,KERRVILLE,7524,008051,0.0,exact_name,high,1.0
2002,2000,SHELBY,LAKELAND 01,7528,008096,0.87482297,shelby_alias_name,high,0.997
2002,2000,SHELBY,LAKELAND 01,7528,008097,0.121921,shelby_alias_name,high,0.997
2002,2000,SHELBY,LAKELAND 01,7528,008065,0.00325505,shelby_alias_name,high,0.997
2002,2000,SHELBY,LAKELAND 01,7528,008259,7.1e-07,shelby_alias_name,high,0.997
2002,2000,SHELBY,LAKELAND 01,7528,008052,2.2e-07,shelby_alias_name,high,0.997
2002,2000,SHELBY,LAKELAND 01,7528,008079,4e-08,shelby_alias_name,high,0.997
2002,2000,SHELBY,LAKELAND 01,7528,008066,0.0,shelby_alias_name,high,0.997
2002,2000,SHELBY,LAKELAND 02,7528,008096,0.87482297,shelby_alias_name,high,0.997
2002,2000,SHELBY,LAKELAND 02,7528,008097,0.121921,shelby_alias_name,high,0.997
2002,2000,SHELBY,LAKELAND 02,7528,008065,0.00325505,shelby_alias_name,high,0.997
2002,2000,SHELBY,LAKELAND 02,7528,008259,7.1e-07,shelby_alias_name,high,0.997
2002,2000,SHELBY,LAKELAND 02,7528,008052,2.2e-07,shelby_alias_name,high,0.997
2002,2000,SHELBY,LAKELAND 02,7528,008079,4e-08,shelby_alias_name,high,0.997
2002,2000,SHELBY,LAKELAND 02,7528,008066,0.0,shelby_alias_name,high,0.997
2002,2000,SHELBY,LOCKE,7532,008260,0.99999955,exact_name,high,1.0
2002,2000,SHELBY,LOCKE,7532,008100,4.5e-07,exact_name,high,1.0
2002,2000,SHELBY,LOCKE,7532,008098,0.0,exact_name,high,1.0
2002,2000,SHELBY,LUCY 01,7536,008099,0.59555135,shelby_alias_name,high,0.997
2002,2000,SHELBY,LUCY 01,7536,008098,0.25344235,shelby_alias_name,high,0.997
2002,2000,SHELBY,LUCY 01,7536,008261,0.15033236,shelby_alias_name,high,0.997
2002,2000,SHELBY,LUCY 01,7536,008061,0.00032921,shelby_alias_name,high,0.997
2002,2000,SHELBY,LUCY 01,7536,008064,0.00029971,shelby_alias_name,high,0.997
2002,2000,SHELBY,LUCY 01,7536,008260,4.502e-05,shelby_alias_name,high,0.997
2002,2000,SHELBY,LUCY 02,7538,008098,0.9999999,shelby_alias_name,high,0.997
2002,2000,SHELBY,LUCY 02,7538,008260,1e-07,shelby_alias_name,high,0.997
2002,2000,SHELBY,LUCY 02,7538,008100,0.0,shelby_alias_name,high,0.997
2002,2000,SHELBY,MCCONNELL S,7540,008100,0.99952619,exact_name,high,1.0
2002,2000,SHELBY,MCCONNELL S,7540,008182,0.00047379,exact_name,high,1.0
2002,2000,SHELBY,MCCONNELL S,7540,008260,1e-08,exact_name,high,1.0
2002,2000,SHELBY,MCCONNELL S,7540,008187,1e-08,exact_name,high,1.0
2002,2000,SHELBY,MCCONNELL S,7540,008098,0.0,exact_name,high,1.0
2002,2000,SHELBY,MEMPHIS 01,7544,008101,0.9999979,exact_name,high,1.0
2002,2000,SHELBY,MEMPHIS 01,7544,008182,1.33e-06,exact_name,high,1.0
2002,2000,SHELBY,MEMPHIS 01,7544,008102,7.7e-07,exact_name,high,1.0
2002,2000,SHELBY,MEMPHIS 02,7548,008102,0.99988948,exact_name,high,1.0
2002,2000,SHELBY,MEMPHIS 02,7548,008104,0.00010222,exact_name,high,1.0
2002,2000,SHELBY,MEMPHIS 02,7548,008110,6.96e-06,exact_name,high,1.0
2002,2000,SHELBY,MEMPHIS 02,7548,008103,1.22e-06,exact_name,high,1.0
2002,2000,SHELBY,MEMPHIS 02,7548,008101,1.1e-07,exact_name,high,1.0
2002,2000,SHELBY,MEMPHIS 07,7552,008103,0.51969714,exact_name,high,1.0
2002,2000,SHELBY,MEMPHIS 07,7552,008110,0.47716511,exact_name,high,1.0
2002,2000,SHELBY,MEMPHIS 07,7552,008102,0.00313769,exact_name,high,1.0
2002,2000,SHELBY,MEMPHIS 07,7552,008101,6e-08,exact_name,high,1.0
2002,2000,SHELBY,MEMPHIS 11,7556,008103,0.99999308,exact_name,high,1.0
2002,2000,SHELBY,MEMPHIS 11,7556,008105,5.94e-06,exact_name,high,1.0
2002,2000,SHELBY,MEMPHIS 11,7556,008102,9.8e-07,exact_name,high,1.0
2002,2000,SHELBY,MEMPHIS 11,7556,008104,0.0,exact_name,high,1.0
2002,2000,SHELBY,MEMPHIS 12,7564,008104,0.99989703,exact_name,high,1.0
2002,2000,SHELBY,MEMPHIS 12,7564,008102,9.841e-05,exact_name,high,1.0
2002,2000,SHELBY,MEMPHIS 12,7564,008145,4.56e-06,exact_name,high,1.0
2002,2000,SHELBY,MEMPHIS 12,7564,008105,0.0,exact_name,high,1.0
2002,2000,SHELBY,MEMPHIS 12,7564,008121,0.0,exact_name,high,1.0
2002,2000,SHELBY,MEMPHIS 13 1,7568,008105,0.99546954,exact_name,high,1.0
2002,2000,SHELBY,MEMPHIS 13 1,7568,008103,0.00453046,exact_name,high,1.0
2002,2000,SHELBY,MEMPHIS 13 1,7568,008104,0.0,exact_name,high,1.0
2002,2000,SHELBY,MEMPHIS 13 2,7572,008105,0.99993491,exact_name,high,1.0
2002,2000,SHELBY,MEMPHIS 13 2,7572,008120,5.8e-05,exact_name,high,1.0
2002,2000,SHELBY,MEMPHIS 13 2,7572,008104,7.09e-06,exact_name,high,1.0
2002,2000,SHELBY,MEMPHIS 15,7588,008106,0.99999194,exact_name,high,1.0
2002,2000,SHELBY,MEMPHIS 15,7588,008103,7.09e-06,exact_name,high,1.0
2002,2000,SHELBY,MEMPHIS 15,7588,008113,8e-07,exact_name,high,1.0
2002,2000,SHELBY,MEMPHIS 15,7588,008117,1.8e-07,exact_name,high,1.0
2002,2000,SHELBY,MEMPHIS 16 1,7596,008107,0.99998138,exact_name,high,1.0
2002,2000,SHELBY,MEMPHIS 16 1,7596,008114,1.632e-05,exact_name,high,1.0
2002,2000,SHELBY,MEMPHIS 16 1,7596,008109,1.28e-06,exact_name,high,1.0
2002,2000,SHELBY,MEMPHIS 16 1,7596,008108,1.02e-06,exact_name,high,1.0
2002,2000,SHELBY,MEMPHIS 16 1,7596,008106,0.0,exact_name,high,1.0
2002,2000,SHELBY,MEMPHIS 16 3,7604,008106,0.99999903,exact_name,high,1.0
2002,2000,SHELBY,MEMPHIS 16 3,7604,008110,9.7e-07,exact_name,high,1.0
2002,2000,SHELBY,MEMPHIS 16 3,7604,008103,0.0,exact_name,high,1.0
2002,2000,SHELBY,MEMPHIS 16 3,7604,008109,0.0,exact_name,high,1.0
2002,2000,SHELBY,MEMPHIS 16 3,7604,008108,0.0,exact_name,high,1.0
2002,2000,SHELBY,MEMPHIS 16 3,7604,008107,0.0,exact_name,high,1.0
2002,2000,SHELBY,MEMPHIS 17,7608,008108,0.99998271,exact_name,high,1.0
2002,2000,SHELBY,MEMPHIS 17,7608,008109,1.385e-05,exact_name,high,1.0
2002,2000,SHELBY,MEMPHIS 17,7608,008107,3.43e-06,exact_name,high,1.0
2002,2000,SHELBY,MEMPHIS 17,7608,008106,0.0,exact_name,high,1.0
2002,2000,SHELBY,MEMPHIS 20 1,7620,008109,0.99990073,exact_name,high,1.0
2002,2000,SHELBY,MEMPHIS 20 1,7620,008122,9.438e-05,exact_name,high,1.0
2002,2000,SHELBY,MEMPHIS 20 1,7620,008108,4.63e-06,exact_name,high,1.0
2002,2000,SHELBY,MEMPHIS 20 1,7620,008107,2.3e-07,exact_name,high,1.0
2002,2000,SHELBY,MEMPHIS 20 1,7620,008110,2e-08,exact_name,high,1.0
2002,2000,SHELBY,MEMPHIS 20 1,7620,008114,0.0,exact_name,high,1.0
2002,2000,SHELBY,MEMPHIS 20 3,7628,008110,0.99999521,exact_name,high,1.0
2002,2000,SHELBY,MEMPHIS 20 3,7628,008103,3.53e-06,exact_name,high,1.0
2002,2000,SHELBY,MEMPHIS 20 3,7628,008111,1.2e-06,exact_name,high,1.0
2002,2000,SHELBY,MEMPHIS 20 3,7628,008109,6e-08,exact_name,high,1.0
2002,2000,SHELBY,MEMPHIS 20 3,7628,008106,0.0,exact_name,high,1.0
2002,2000,SHELBY,MEMPHIS 21 1,7632,008111,0.99490599,exact_name,high,1.0
2002,2000,SHELBY,MEMPHIS 21 1,7632,008110,0.00505372,exact_name,high,1.0
2002,2000,SHELBY,MEMPHIS 21 1,7632,008122,4.03e-05,exact_name,high,1.0
2002,2000,SHELBY,MEMPHIS 21 2,7636,008111,0.99999194,exact_name,high,1.0
2002,2000,SHELBY,MEMPHIS 21 2,7636,008110,8.06e-06,exact_name,high,1.0
2002,2000,SHELBY,MEMPHIS 21 2,7636,008123,0.0,exact_name,high,1.0
2002,2000,SHELBY,MEMPHIS 21 3,7640,008111,0.9994521,exact_name,high,1.0
2002,2000,SHELBY,MEMPHIS 21 3,7640,008123,0.0005479,exact_name,high,1.0
2002,2000,SHELBY,MEMPHIS 22,7644,008101,0.99992689,exact_name,high,1.0
2002,2000,SHELBY,MEMPHIS 22,7644,008110,7.311e-05,exact_name,high,1.0
2002,2000,SHELBY,MEMPHIS 25 1,7648,008105,0.99408011,exact_name,high,1.0
2002,2000,SHELBY,MEMPHIS 25 1,7648,008103,0.00588951,exact_name,high,1.0
2002,2000,SHELBY,MEMPHIS 25 1,7648,008120,3.038e-05,exact_name,high,1.0
2002,2000,SHELBY,MEMPHIS 25 2,7652,008120,0.9998042,exact_name,high,1.0
2002,2000,SHELBY,MEMPHIS 25 2,7652,008113,0.00019552,exact_name,high,1.0
2002,2000,SHELBY,MEMPHIS 25 2,7652,008105,2.8e-07,exact_name,high,1.0
2002,2000,SHELBY,MEMPHIS 25 2,7652,008144,0.0,exact_name,high,1.0
2002,2000,SHELBY,MEMPHIS 25 2,7652,008103,0.0,exact_name,high,1.0
2002,2000,SHELBY,MEMPHIS 26 1,7669,008113,0.9993477,exact_name,high,1.0
2002,2000,SHELBY,MEMPHIS 26 1,7669,008170,0.0006523,exact_name,high,1.0
2002,2000,SHELBY,MEMPHIS 26 2,7670,008113,0.99943334,exact_name,high,1.0
2002,2000,SHELBY,MEMPHIS 26 2,7670,008170,0.00053162,exact_name,high,1.0
2002,2000,SHELBY,MEMPHIS 26 2,7670,008120,2.805e-05,exact_name,high,1.0
2002,2000,SHELBY,MEMPHIS 26 2,7670,008144,6.99e-06,exact_name,high,1.0
2002,2000,SHELBY,MEMPHIS 26 3,7671,008113,1.0,exact_name,high,1.0
2002,2000,SHELBY,MEMPHIS 26 3,7671,008103,0.0,exact_name,high,1.0
2002,2000,SHELBY,MEMPHIS 26 3,7671,008120,0.0,exact_name,high,1.0
2002,2000,SHELBY,MEMPHIS 26 3,7671,008106,0.0,exact_name,high,1.0
2002,2000,SHELBY,MEMPHIS 27 1,7672,008110,0.99882115,exact_name,high,1.0
2002,2000,SHELBY,MEMPHIS 27 1,7672,008101,0.00117885,exact_name,high,1.0
2002,2000,SHELBY,MEMPHIS 27 2,7676,008110,0.99994198,exact_name,high,1.0
2002,2000,SHELBY,MEMPHIS 27 2,7676,008111,5.802e-05,exact_name,high,1.0
2002,2000,SHELBY,MEMPHIS 28 1,7684,008114,0.99999953,exact_name,high,1.0
2002,2000,SHELBY,MEMPHIS 28 1,7684,008119,4.7e-07,exact_name,high,1.0
2002,2000,SHELBY,MEMPHIS 28 1,7684,008107,0.0,exact_name,high,1.0
2002,2000,SHELBY,MEMPHIS 28 1,7684,008109,0.0,exact_name,high,1.0
2002,2000,SHELBY,MEMPHIS 28 2,7686,008114,0.99999978,exact_name,high,1.0
2002,2000,SHELBY,MEMPHIS 28 2,7686,008118,1.6e-07,exact_name,high,1.0
2002,2000,SHELBY,MEMPHIS 28 2,7686,008107,6e-08,exact_name,high,1.0
2002,2000,SHELBY,MEMPHIS 28 2,7686,008171,0.0,exact_name,high,1.0
2002,2000,SHELBY,MEMPHIS 28 2,7686,008139,0.0,exact_name,high,1.0
2002,2000,SHELBY,MEMPHIS 28 2,7686,008117,0.0,exact_name,high,1.0
2002,2000,SHELBY,MEMPHIS 29 1,7692,008118,0.99970801,exact_name,high,1.0
2002,2000,SHELBY,MEMPHIS 29 1,7692,008171,0.00026303,exact_name,high,1.0
2002,2000,SHELBY,MEMPHIS 29 1,7692,008142,2.759e-05,exact_name,high,1.0
2002,2000,SHELBY,MEMPHIS 29 1,7692,008117,1.21e-06,exact_name,high,1.0
2002,2000,SHELBY,MEMPHIS 29 1,7692,008114,1.6e-07,exact_name,high,1.0
2002,2000,SHELBY,MEMPHIS 29 2,7696,008171,0.99937953,exact_name,high,1.0
2002,2000,SHELBY,MEMPHIS 29 2,7696,008118,0.00042567,exact_name,high,1.0
2002,2000,SHELBY,MEMPHIS 29 2,7696,008139,0.00019185,exact_name,high,1.0
2002,2000,SHELBY,MEMPHIS 29 2,7696,008114,2.02e-06,exact_name,high,1.0
2002,2000,SHELBY,MEMPHIS 29 2,7696,008138,9.3e-07,exact_name,high,1.0
2002,2000,SHELBY,MEMPHIS 30,7700,008107,0.99994653,exact_name,high,1.0
2002,2000,SHELBY,MEMPHIS 30,7700,008117,4.318e-05,exact_name,high,1.0
2002,2000,SHELBY,MEMPHIS 30,7700,008106,5.59e-06,exact_name,high,1.0
2002,2000,SHELBY,MEMPHIS 30,7700,008114,4.7e-06,exact_name,high,1.0
2002,2000,SHELBY,MEMPHIS 31 1,7704,008117,0.99825027,exact_name,high,1.0
2002,2000,SHELBY,MEMPHIS 31 1,7704,008107,0.0015734,exact_name,high,1.0
2002,2000,SHELBY,MEMPHIS 31 1,7704,008118,0.00017327,exact_name,high,1.0
2002,2000,SHELBY,MEMPHIS 31 1,7704,008114,3.07e-06,exact_name,high,1.0
2002,2000,SHELBY,MEMPHIS 31 2,7708,008117,0.99532344,exact_name,high,1.0
2002,2000,SHELBY,MEMPHIS 31 2,7708,008107,0.00466372,exact_name,high,1.0
2002,2000,SHELBY,MEMPHIS 31 2,7708,008118,1.283e-05,exact_name,high,1.0
2002,2000,SHELBY,MEMPHIS 31 2,7708,008106,0.0,exact_name,high,1.0
2002,2000,SHELBY,MEMPHIS 31 2,7708,008113,0.0,exact_name,high,1.0
2002,2000,SHELBY,MEMPHIS 31 3,7712,008113,0.99979926,exact_name,high,1.0
2002,2000,SHELBY,MEMPHIS 31 3,7712,008118,0.00020074,exact_name,high,1.0
2002,2000,SHELBY,MEMPHIS 31 3,7712,008170,0.0,exact_name,high,1.0
2002,2000,SHELBY,MEMPHIS 31 3,7712,008117,0.0,exact_name,high,1.0
2002,2000,SHELBY,MEMPHIS 31 4,7716,008118,0.99888543,exact_name,high,1.0
2002,2000,SHELBY,MEMPHIS 31 4,7716,008142,0.00100216,exact_name,high,1.0
2002,2000,SHELBY,MEMPHIS 31 4,7716,008117,0.00010559,exact_name,high,1.0
2002,2000,SHELBY,MEMPHIS 31 4,7716,008113,6.81e-06,exact_name,high,1.0
2002,2000,SHELBY,MEMPHIS 31 4,7716,008170,0.0,exact_name,high,1.0
2002,2000,SHELBY,MEMPHIS 32,7720,008103,0.9997019,exact_name,high,1.0
2002,2000,SHELBY,MEMPHIS 32,7720,008106,0.00029464,exact_name,high,1.0
2002,2000,SHELBY,MEMPHIS 32,7720,008105,3.46e-06,exact_name,high,1.0
2002,2000,SHELBY,MEMPHIS 32,7720,008110,0.0,exact_name,high,1.0
2002,2000,SHELBY,MEMPHIS 32,7720,008113,0.0,exact_name,high,1.0
2002,2000,SHELBY,MEMPHIS 33,7728,008119,0.99866172,exact_name,high,1.0
2002,2000,SHELBY,MEMPHIS 33,7728,008109,0.00132877,exact_name,high,1.0
2002,2000,SHELBY,MEMPHIS 33,7728,008125,8.02e-06,exact_name,high,1.0
2002,2000,SHELBY,MEMPHIS 33,7728,008114,1.49e-06,exact_name,high,1.0
2002,2000,SHELBY,MEMPHIS 33,7728,008122,0.0,exact_name,high,1.0
2002,2000,SHELBY,MEMPHIS 33,7728,008146,0.0,exact_name,high,1.0
2002,2000,SHELBY,MEMPHIS 34 1,7732,008144,0.99998766,exact_name,high,1.0
2002,2000,SHELBY,MEMPHIS 34 1,7732,008120,1.234e-05,exact_name,high,1.0
2002,2000,SHELBY,MEMPHIS 34 1,7732,008113,0.0,exact_name,high,1.0
2002,2000,SHELBY,MEMPHIS 34 2,7736,008120,1.0,exact_name,high,1.0
2002,2000,SHELBY,MEMPHIS 34 2,7736,008121,0.0,exact_name,high,1.0
2002,2000,SHELBY,MEMPHIS 34 2,7736,008144,0.0,exact_name,high,1.0
2002,2000,SHELBY,MEMPHIS 34 2,7736,008105,0.0,exact_name,high,1.0
2002,2000,SHELBY,MEMPHIS 35 1,7740,008121,1.0,exact_name,high,1.0
2002,2000,SHELBY,MEMPHIS 35 1,7740,008145,0.0,exact_name,high,1.0
2002,2000,SHELBY,MEMPHIS 35 1,7740,008105,0.0,exact_name,high,1.0
2002,2000,SHELBY,MEMPHIS 35 1,7740,008104,0.0,exact_name,high,1.0
2002,2000,SHELBY,MEMPHIS 35 2,7744,008121,1.0,exact_name,high,1.0
2002,2000,SHELBY,MEMPHIS 35 2,7744,008145,0.0,exact_name,high,1.0
2002,2000,SHELBY,MEMPHIS 35 3,7748,008145,0.99999763,exact_name,high,1.0
2002,2000,SHELBY,MEMPHIS 35 3,7748,008121,2.11e-06,exact_name,high,1.0
2002,2000,SHELBY,MEMPHIS 35 3,7748,008104,2.5e-07,exact_name,high,1.0
2002,2000,SHELBY,MEMPHIS 36 1,7752,008122,0.99861524,exact_name,high,1.0
2002,2000,SHELBY,MEMPHIS 36 1,7752,008123,0.00106912,exact_name,high,1.0
2002,2000,SHELBY,MEMPHIS 36 1,7752,008109,0.00031497,exact_name,high,1.0
2002,2000,SHELBY,MEMPHIS 36 1,7752,008146,6.7e-07,exact_name,high,1.0
2002,2000,SHELBY,MEMPHIS 36 1,7752,008110,0.0,exact_name,high,1.0
2002,2000,SHELBY,MEMPHIS 36 2,7756,008123,0.99953049,exact_name,high,1.0
2002,2000,SHELBY,MEMPHIS 36 2,7756,008122,0.00029153,exact_name,high,1.0
2002,2000,SHELBY,MEMPHIS 36 2,7756,008130,0.00017491,exact_name,high,1.0
2002,2000,SHELBY,MEMPHIS 36 2,7756,008111,3.07e-06,exact_name,high,1.0
2002,2000,SHELBY,MEMPHIS 36 3,7760,008122,0.99960344,exact_name,high,1.0
2002,2000,SHELBY,MEMPHIS 36 3,7760,008123,0.00039282,exact_name,high,1.0
2002,2000,SHELBY,MEMPHIS 36 3,7760,008111,3.74e-06,exact_name,high,1.0
2002,2000,SHELBY,MEMPHIS 36 3,7760,008110,0.0,exact_name,high,1.0
2002,2000,SHELBY,MEMPHIS 37,7764,008125,0.99994954,exact_name,high,1.0
2002,2000,SHELBY,MEMPHIS 37,7764,008139,4.789e-05,exact_name,high,1.0
2002,2000,SHELBY,MEMPHIS 37,7764,008136,2.58e-06,exact_name,high,1.0
2002,2000,SHELBY,MEMPHIS 37,7764,008119,0.0,exact_name,high,1.0
2002,2000,SHELBY,MEMPHIS 37,7764,008114,0.0,exact_name,high,1.0
2002,2000,SHELBY,MEMPHIS 38 1,7768,008149,0.99998508,exact_name,high,1.0
2002,2000,SHELBY,MEMPHIS 38 1,7768,008133,1.492e-05,exact_name,high,1.0
2002,2000,SHELBY,MEMPHIS 38 1,7768,008125,0.0,exact_name,high,1.0
2002,2000,SHELBY,MEMPHIS 38 1,7768,008152,0.0,exact_name,high,1.0
2002,2000,SHELBY,MEMPHIS 38 2,7776,008125,0.99996712,exact_name,high,1.0
2002,2000,SHELBY,MEMPHIS 38 2,7776,008136,3.288e-05,exact_name,high,1.0
2002,2000,SHELBY,MEMPHIS 38 2,7776,008149,0.0,exact_name,high,1.0
2002,2000,SHELBY,MEMPHIS 40 1,7784,008111,0.99999913,exact_name,high,1.0
2002,2000,SHELBY,MEMPHIS 40 1,7784,008110,8.7e-07,exact_name,high,1.0
2002,2000,SHELBY,MEMPHIS 40 1,7784,008190,0.0,exact_name,high,1.0
2002,2000,SHELBY,MEMPHIS 40 1,7784,008184,0.0,exact_name,high,1.0
2002,2000,SHELBY,MEMPHIS 40 1,7784,008131,0.0,exact_name,high,1.0
2002,2000,SHELBY,MEMPHIS 40 1,7784,008123,0.0,exact_name,high,1.0
2002,2000,SHELBY,MEMPHIS 40 2,7786,008123,0.99607447,exact_name,high,1.0
2002,2000,SHELBY,MEMPHIS 40 2,7786,008111,0.00392553,exact_name,high,1.0
2002,2000,SHELBY,MEMPHIS 41 1,7792,008131,0.9975164,exact_name,high,1.0
2002,2000,SHELBY,MEMPHIS 41 1,7792,008111,0.00248317,exact_name,high,1.0
2002,2000,SHELBY,MEMPHIS 41 1,7792,008190,4.3e-07,exact_name,high,1.0
2002,2000,SHELBY,MEMPHIS 41 1,7792,008130,0.0,exact_name,high,1.0
2002,2000,SHELBY,MEMPHIS 41 2,7796,008130,0.99994341,exact_name,high,1.0
2002,2000,SHELBY,MEMPHIS 41 2,7796,008123,5.659e-05,exact_name,high,1.0
2002,2000,SHELBY,MEMPHIS 41 3,7800,008130,0.99999988,exact_name,high,1.0
2002,2000,SHELBY,MEMPHIS 41 3,7800,008111,1.2e-07,exact_name,high,1.0
2002,2000,SHELBY,MEMPHIS 41 3,7800,008131,0.0,exact_name,high,1.0
2002,2000,SHELBY,MEMPHIS 41 3,7800,008123,0.0,exact_name,high,1.0
2002,2000,SHELBY,MEMPHIS 42 1,7804,008131,0.999997,exact_name,high,1.0
2002,2000,SHELBY,MEMPHIS 42 1,7804,008190,3e-06,exact_name,high,1.0
2002,2000,SHELBY,MEMPHIS 42 2,7808,008130,1.0,exact_name,high,1.0
2002,2000,SHELBY,MEMPHIS 42 2,7808,008131,0.0,exact_name,high,1.0
2002,2000,SHELBY,MEMPHIS 42 2,7808,008123,0.0,exact_name,high,1.0
2002,2000,SHELBY,MEMPHIS 43 1,7816,008149,0.98996137,exact_name,high,1.0
2002,2000,SHELBY,MEMPHIS 43 1,7816,008131,0.00588578,exact_name,high,1.0
2002,2000,SHELBY,MEMPHIS 43 1,7816,008172,0.00414762,exact_name,high,1.0
2002,2000,SHELBY,MEMPHIS 43 1,7816,008125,5.23e-06,exact_name,high,1.0
2002,2000,SHELBY,MEMPHIS 43 1,7816,008146,0.0,exact_name,high,1.0
2002,2000,SHELBY,MEMPHIS 43 2,7820,008131,0.99242942,exact_name,high,1.0
2002,2000,SHELBY,MEMPHIS 43 2,7820,008226,0.00756856,exact_name,high,1.0
2002,2000,SHELBY,MEMPHIS 43 2,7820,008172,2.02e-06,exact_name,high,1.0
2002,2000,SHELBY,MEMPHIS 43 2,7820,008130,0.0,exact_name,high,1.0
2002,2000,SHELBY,MEMPHIS 44 1,7824,008133,0.99999799,exact_name,high,1.0
2002,2000,SHELBY,MEMPHIS 44 1,7824,008149,1.26e-06,exact_name,high,1.0
2002,2000,SHELBY,MEMPHIS 44 1,7824,008136,7.4e-07,exact_name,high,1.0
2002,2000,SHELBY,MEMPHIS 44 1,7824,008154,0.0,exact_name,high,1.0
2002,2000,SHELBY,MEMPHIS 44 1,7824,008152,0.0,exact_name,high,1.0
2002,2000,SHELBY,MEMPHIS 44 2,7828,008133,0.99999928,exact_name,high,1.0
2002,2000,SHELBY,MEMPHIS 44 2,7828,008136,7.2e-07,exact_name,high,1.0
2002,2000,SHELBY,MEMPHIS 44 2,7828,008154,0.0,exact_name,high,1.0
2002,2000,SHELBY,MEMPHIS 44 3,7832,008157,0.99986316,exact_name,high,1.0
2002,2000,SHELBY,MEMPHIS 44 3,7832,008141,0.00013684,exact_name,high,1.0
2002,2000,SHELBY,MEMPHIS 44 3,7832,008133,0.0,exact_name,high,1.0
2002,2000,SHELBY,MEMPHIS 44 3,7832,008139,0.0,exact_name,high,1.0
2002,2000,SHELBY,MEMPHIS 44 3,7832,008136,0.0,exact_name,high,1.0
2002,2000,SHELBY,MEMPHIS 44 4,7836,008136,0.99997935,exact_name,high,1.0
2002,2000,SHELBY,MEMPHIS 44 4,7836,008133,1.605e-05,exact_name,high,1.0
2002,2000,SHELBY,MEMPHIS 44 4,7836,008139,4.59e-06,exact_name,high,1.0
2002,2000,SHELBY,MEMPHIS 44 4,7836,008125,0.0,exact_name,high,1.0
2002,2000,SHELBY,MEMPHIS 44 5,7840,008136,0.99924717,exact_name,high,1.0
2002,2000,SHELBY,MEMPHIS 44 5,7840,008125,0.00075183,exact_name,high,1.0
2002,2000,SHELBY,MEMPHIS 44 5,7840,008133,1e-06,exact_name,high,1.0
2002,2000,SHELBY,MEMPHIS 45 1,7844,008139,0.9999144,exact_name,high,1.0
2002,2000,SHELBY,MEMPHIS 45 1,7844,008138,5.628e-05,exact_name,high,1.0
2002,2000,SHELBY,MEMPHIS 45 1,7844,008171,2.752e-05,exact_name,high,1.0
2002,2000,SHELBY,MEMPHIS 45 1,7844,008114,1.23e-06,exact_name,high,1.0
2002,2000,SHELBY,MEMPHIS 45 1,7844,008125,5.6e-07,exact_name,high,1.0
2002,2000,SHELBY,MEMPHIS 45 1,7844,008136,0.0,exact_name,high,1.0
2002,2000,SHELBY,MEMPHIS 45 2,7848,008138,0.99962139,exact_name,high,1.0
2002,2000,SHELBY,MEMPHIS 45 2,7848,008171,0.00024548,exact_name,high,1.0
2002,2000,SHELBY,MEMPHIS 45 2,7848,008139,0.00013312,exact_name,high,1.0
2002,2000,SHELBY,MEMPHIS 45 4,7856,008139,0.99823011,exact_name,high,1.0
2002,2000,SHELBY,MEMPHIS 45 4,7856,008138,0.00176989,exact_name,high,1.0
2002,2000,SHELBY,MEMPHIS 45 4,7856,008136,0.0,exact_name,high,1.0
2002,2000,SHELBY,MEMPHIS 45 4,7856,008157,0.0,exact_name,high,1.0
2002,2000,SHELBY,MEMPHIS 46 1,7860,008141,0.99999916,exact_name,high,1.0
2002,2000,SHELBY,MEMPHIS 46 1,7860,008157,8.4e-07,exact_name,high,1.0
2002,2000,SHELBY,MEMPHIS 46 1,7860,008139,0.0,exact_name,high,1.0
2002,2000,SHELBY,MEMPHIS 46 2,7864,008141,0.99999309,exact_name,high,1.0
2002,2000,SHELBY,MEMPHIS 46 2,7864,008158,6.81e-06,exact_name,high,1.0
2002,2000,SHELBY,MEMPHIS 46 2,7864,008159,9e-08,exact_name,high,1.0
2002,2000,SHELBY,MEMPHIS 46 2,7864,008139,0.0,exact_name,high,1.0
2002,2000,SHELBY,MEMPHIS 46 2,7864,008157,0.0,exact_name,high,1.0
2002,2000,SHELBY,MEMPHIS 47 1,7872,008142,0.99981018,exact_name,high,1.0
2002,2000,SHELBY,MEMPHIS 47 1,7872,008171,9.643e-05,exact_name,high,1.0
2002,2000,SHELBY,MEMPHIS 47 1,7872,008118,9.339e-05,exact_name,high,1.0
2002,2000,SHELBY,MEMPHIS 47 1,7872,008170,0.0,exact_name,high,1.0
2002,2000,SHELBY,MEMPHIS 47 1,7872,008167,0.0,exact_name,high,1.0
2002,2000,SHELBY,MEMPHIS 47 1,7872,008161,0.0,exact_name,high,1.0
2002,2000,SHELBY,MEMPHIS 47 2,7876,008142,1.0,exact_name,high,1.0
2002,2000,SHELBY,MEMPHIS 47 2,7876,008171,0.0,exact_name,high,1.0
2002,2000,SHELBY,MEMPHIS 47 3,7880,008142,0.99998619,exact_name,high,1.0
2002,2000,SHELBY,MEMPHIS 47 3,7880,008161,1.381e-05,exact_name,high,1.0
2002,2000,SHELBY,MEMPHIS 48,7884,008170,0.9927948,exact_name,high,1.0
2002,2000,SHELBY,MEMPHIS 48,7884,008144,0.00653031,exact_name,high,1.0
2002,2000,SHELBY,MEMPHIS 48,7884,008164,0.00066533,exact_name,high,1.0
2002,2000,SHELBY,MEMPHIS 48,7884,008113,9.55e-06,exact_name,high,1.0
2002,2000,SHELBY,MEMPHIS 49 1,7888,008144,1.0,exact_name,high,1.0
2002,2000,SHELBY,MEMPHIS 49 1,7888,008121,0.0,exact_name,high,1.0
2002,2000,SHELBY,MEMPHIS 49 1,7888,008120,0.0,exact_name,high,1.0
2002,2000,SHELBY,MEMPHIS 49 2,7892,008144,0.9999749,exact_name,high,1.0
2002,2000,SHELBY,MEMPHIS 49 2,7892,008164,2.51e-05,exact_name,high,1.0
2002,2000,SHELBY,MEMPHIS 49 2,7892,008121,0.0,exact_name,high,1.0
2002,2000,SHELBY,MEMPHIS 50 1,7900,008145,0.99996893,exact_name,high,1.0
2002,2000,SHELBY,MEMPHIS 50 1,7900,008203,3.099e-05,exact_name,high,1.0
2002,2000,SHELBY,MEMPHIS 50 1,7900,008121,8e-08,exact_name,high,1.0
2002,2000,SHELBY,MEMPHIS 50 1,7900,008104,0.0,exact_name,high,1.0
2002,2000,SHELBY,MEMPHIS 50 1,7900,008200,0.0,exact_name,high,1.0
2002,2000,SHELBY,MEMPHIS 50 2,7904,008121,0.99999566,exact_name,high,1.0
2002,2000,SHELBY,MEMPHIS 50 2,7904,008144,3.4e-06,exact_name,high,1.0
2002,2000,SHELBY,MEMPHIS 50 2,7904,008145,9.4e-07,exact_name,high,1.0
2002,2000,SHELBY,MEMPHIS 50 2,7904,008200,0.0,exact_name,high,1.0
2002,2000,SHELBY,MEMPHIS 50 2,7904,008120,0.0,exact_name,high,1.0
2002,2000,SHELBY,MEMPHIS 50 2,7904,008207,0.0,exact_name,high,1.0
2002,2000,SHELBY,MEMPHIS 51,7908,008110,1.0,exact_name,high,1.0
2002,2000,SHELBY,MEMPHIS 51,7908,008103,0.0,exact_name,high,1.0
2002,2000,SHELBY,MEMPHIS 51,7908,008111,0.0,exact_name,high,1.0
2002,2000,SHELBY,MEMPHIS 52 1,7912,008146,0.99991345,exact_name,high,1.0
2002,2000,SHELBY,MEMPHIS 52 1,7912,008125,8.655e-05,exact_name,high,1.0
2002,2000,SHELBY,MEMPHIS 52 1,7912,008130,0.0,exact_name,high,1.0
2002,2000,SHELBY,MEMPHIS 52 1,7912,008131,0.0,exact_name,high,1.0
2002,2000,SHELBY,MEMPHIS 52 1,7912,008122,0.0,exact_name,high,1.0
2002,2000,SHELBY,MEMPHIS 52 2,7916,008146,0.99951322,exact_name,high,1.0
2002,2000,SHELBY,MEMPHIS 52 2,7916,008122,0.00048677,exact_name,high,1.0
2002,2000,SHELBY,MEMPHIS 52 2,7916,008119,1e-08,exact_name,high,1.0
2002,2000,SHELBY,MEMPHIS 52 2,7916,008109,0.0,exact_name,high,1.0
2002,2000,SHELBY,MEMPHIS 52 3,7920,008125,1.0,exact_name,high,1.0
2002,2000,SHELBY,MEMPHIS 52 3,7920,008146,0.0,exact_name,high,1.0
2002,2000,SHELBY,MEMPHIS 52 3,7920,008149,0.0,exact_name,high,1.0
2002,2000,SHELBY,MEMPHIS 53 1,7924,008149,0.99999727,exact_name,high,1.0
2002,2000,SHELBY,MEMPHIS 53 1,7924,008172,2.44e-06,exact_name,high,1.0
2002,2000,SHELBY,MEMPHIS 53 1,7924,008152,2.9e-07,exact_name,high,1.0
2002,2000,SHELBY,MEMPHIS 53 2,7928,008172,0.99748857,exact_name,high,1.0
2002,2000,SHELBY,MEMPHIS 53 2,7928,008149,0.00251143,exact_name,high,1.0
2002,2000,SHELBY,MEMPHIS 53 2,7928,008152,0.0,exact_name,high,1.0
2002,2000,SHELBY,MEMPHIS 53 3,7932,008152,0.99999697,exact_name,high,1.0
2002,2000,SHELBY,MEMPHIS 53 3,7932,008149,3.03e-06,exact_name,high,1.0
2002,2000,SHELBY,MEMPHIS 53 3,7932,008172,0.0,exact_name,high,1.0
2002,2000,SHELBY,MEMPHIS 54,7936,008152,1.0,exact_name,high,1.0
2002,2000,SHELBY,MEMPHIS 54,7936,008149,0.0,exact_name,high,1.0
2002,2000,SHELBY,MEMPHIS 54,7936,008133,0.0,exact_name,high,1.0
2002,2000,SHELBY,MEMPHIS 55 1,7944,008154,0.99999977,exact_name,high,1.0
2002,2000,SHELBY,MEMPHIS 55 1,7944,008133,2.3e-07,exact_name,high,1.0
2002,2000,SHELBY,MEMPHIS 55 1,7944,008152,0.0,exact_name,high,1.0
2002,2000,SHELBY,MEMPHIS 55 2,7948,008154,1.0,exact_name,high,1.0
2002,2000,SHELBY,MEMPHIS 55 2,7948,008152,0.0,exact_name,high,1.0
2002,2000,SHELBY,MEMPHIS 55 2,7948,008157,0.0,exact_name,high,1.0
2002,2000,SHELBY,MEMPHIS 55 2,7948,008174,0.0,exact_name,high,1.0
2002,2000,SHELBY,MEMPHIS 56 1,7952,008157,0.99983971,exact_name,high,1.0
2002,2000,SHELBY,MEMPHIS 56 1,7952,008180,0.00016029,exact_name,high,1.0
2002,2000,SHELBY,MEMPHIS 56 1,7952,008177,0.0,exact_name,high,1.0
2002,2000,SHELBY,MEMPHIS 56 1,7952,008154,0.0,exact_name,high,1.0
2002,2000,SHELBY,MEMPHIS 56 1,7952,008174,0.0,exact_name,high,1.0
2002,2000,SHELBY,MEMPHIS 56 2,7956,008180,0.99997582,exact_name,high,1.0
2002,2000,SHELBY,MEMPHIS 56 2,7956,008217,2.279e-05,exact_name,high,1.0
2002,2000,SHELBY,MEMPHIS 56 2,7956,008178,1.39e-06,exact_name,high,1.0
2002,2000,SHELBY,MEMPHIS 56 2,7956,008177,0.0,exact_name,high,1.0
2002,2000,SHELBY,MEMPHIS 56 2,7956,008157,0.0,exact_name,high,1.0
2002,2000,SHELBY,MEMPHIS 56 2,7956,008174,0.0,exact_name,high,1.0
2002,2000,SHELBY,MEMPHIS 56 3,7958,008177,0.99968523,exact_name,high,1.0
2002,2000,SHELBY,MEMPHIS 56 3,7958,008176,0.00031477,exact_name,high,1.0
2002,2000,SHELBY,MEMPHIS 56 3,7958,008141,0.0,exact_name,high,1.0
2002,2000,SHELBY,MEMPHIS 56 3,7958,008157,0.0,exact_name,high,1.0
2002,2000,SHELBY,MEMPHIS 56 3,7958,008180,0.0,exact_name,high,1.0
2002,2000,SHELBY,MEMPHIS 57,7960,008157,0.99999994,exact_name,high,1.0
2002,2000,SHELBY,MEMPHIS 57,7960,008154,6e-08,exact_name,high,1.0
2002,2000,SHELBY,MEMPHIS 57,7960,008141,0.0,exact_name,high,1.0
2002,2000,SHELBY,MEMPHIS 57,7960,008177,0.0,exact_name,high,1.0
2002,2000,SHELBY,MEMPHIS 58 1,7964,008158,0.9999992,exact_name,high,1.0
2002,2000,SHELBY,MEMPHIS 58 1,7964,008159,8e-07,exact_name,high,1.0
2002,2000,SHELBY,MEMPHIS 58 1,7964,008138,0.0,exact_name,high,1.0
2002,2000,SHELBY,MEMPHIS 58 1,7964,008141,0.0,exact_name,high,1.0
2002,2000,SHELBY,MEMPHIS 58 2,7968,008158,0.99999986,exact_name,high,1.0
2002,2000,SHELBY,MEMPHIS 58 2,7968,008161,1.4e-07,exact_name,high,1.0
2002,2000,SHELBY,MEMPHIS 58 2,7968,008138,0.0,exact_name,high,1.0
2002,2000,SHELBY,MEMPHIS 58 2,7968,008159,0.0,exact_name,high,1.0
2002,2000,SHELBY,MEMPHIS 58 3,7972,008159,0.9999775,exact_name,high,1.0
2002,2000,SHELBY,MEMPHIS 58 3,7972,008191,2.19e-05,exact_name,high,1.0
2002,2000,SHELBY,MEMPHIS 58 3,7972,008158,6e-07,exact_name,high,1.0
2002,2000,SHELBY,MEMPHIS 58 3,7972,008161,0.0,exact_name,high,1.0
2002,2000,SHELBY,MEMPHIS 58 4,7976,008159,1.0,exact_name,high,1.0
2002,2000,SHELBY,MEMPHIS 58 4,7976,008176,0.0,exact_name,high,1.0
2002,2000,SHELBY,MEMPHIS 58 4,7976,008158,0.0,exact_name,high,1.0
2002,2000,SHELBY,MEMPHIS 58 4,7976,008141,0.0,exact_name,high,1.0
2002,2000,SHELBY,MEMPHIS 58 4,7976,008192,0.0,exact_name,high,1.0
2002,2000,SHELBY,MEMPHIS 59 1,7984,008138,0.79620746,exact_name,high,1.0
2002,2000,SHELBY,MEMPHIS 59 1,7984,008142,0.20378836,exact_name,high,1.0
2002,2000,SHELBY,MEMPHIS 59 1,7984,008161,4.17e-06,exact_name,high,1.0
2002,2000,SHELBY,MEMPHIS 59 1,7984,008171,0.0,exact_name,high,1.0
2002,2000,SHELBY,MEMPHIS 59 2,7988,008138,0.99945198,exact_name,high,1.0
2002,2000,SHELBY,MEMPHIS 59 2,7988,008161,0.00033248,exact_name,high,1.0
2002,2000,SHELBY,MEMPHIS 59 2,7988,008158,0.00021554,exact_name,high,1.0
2002,2000,SHELBY,MEMPHIS 59 2,7988,008139,0.0,exact_name,high,1.0
2002,2000,SHELBY,MEMPHIS 59 3,7992,008161,0.99998548,exact_name,high,1.0
2002,2000,SHELBY,MEMPHIS 59 3,7992,008159,1.448e-05,exact_name,high,1.0
2002,2000,SHELBY,MEMPHIS 59 3,7992,008158,2e-08,exact_name,high,1.0
2002,2000,SHELBY,MEMPHIS 59 3,7992,008138,2e-08,exact_name,high,1.0
2002,2000,SHELBY,MEMPHIS 59 4,7996,008161,0.99981171,exact_name,high,1.0
2002,2000,SHELBY,MEMPHIS 59 4,7996,008142,0.00018829,exact_name,high,1.0
2002,2000,SHELBY,MEMPHIS 59 4,7996,008138,0.0,exact_name,high,1.0
2002,2000,SHELBY,MEMPHIS 59 5,8000,008161,0.99924709,exact_name,high,1.0
2002,2000,SHELBY,MEMPHIS 59 5,8000,008191,0.00056361,exact_name,high,1.0
2002,2000,SHELBY,MEMPHIS 59 5,8000,008159,0.00018871,exact_name,high,1.0
2002,2000,SHELBY,MEMPHIS 59 5,8000,008142,5.9e-07,exact_name,high,1.0
2002,2000,SHELBY,MEMPHIS 59 6,8002,008161,1.0,exact_name,high,1.0
2002,2000,SHELBY,MEMPHIS 60 1,8004,008164,0.99998126,exact_name,high,1.0
2002,2000,SHELBY,MEMPHIS 60 1,8004,008170,1.484e-05,exact_name,high,1.0
2002,2000,SHELBY,MEMPHIS 60 1,8004,008167,3.85e-06,exact_name,high,1.0
2002,2000,SHELBY,MEMPHIS 60 1,8004,008207,4e-08,exact_name,high,1.0
2002,2000,SHELBY,MEMPHIS 60 1,8004,008144,0.0,exact_name,high,1.0
2002,2000,SHELBY,MEMPHIS 60 10,8038,008161,1.0,exact_name,high,1.0
2002,2000,SHELBY,MEMPHIS 60 10,8038,008142,0.0,exact_name,high,1.0
2002,2000,SHELBY,MEMPHIS 60 2,8008,008161,0.99743598,exact_name,high,1.0
2002,2000,SHELBY,MEMPHIS 60 2,8008,008191,0.00203925,exact_name,high,1.0
2002,2000,SHELBY,MEMPHIS 60 2,8008,008166,0.0003569,exact_name,high,1.0
2002,2000,SHELBY,MEMPHIS 60 2,8008,008167,0.00016787,exact_name,high,1.0
2002,2000,SHELBY,MEMPHIS 60 2,8008,008142,0.0,exact_name,high,1.0
2002,2000,SHELBY,MEMPHIS 60 3,8012,008164,0.99999846,exact_name,high,1.0
2002,2000,SHELBY,MEMPHIS 60 3,8012,008167,1.54e-06,exact_name,high,1.0
2002,2000,SHELBY,MEMPHIS 60 3,8012,008170,0.0,exact_name,high,1.0
2002,2000,SHELBY,MEMPHIS 60 4,8016,008170,0.99999295,exact_name,high,1.0
2002,2000,SHELBY,MEMPHIS 60 4,8016,008167,7.05e-06,exact_name,high,1.0
2002,2000,SHELBY,MEMPHIS 60 4,8016,008164,0.0,exact_name,high,1.0
2002,2000,SHELBY,MEMPHIS 60 5,8020,008166,0.99992801,exact_name,high,1.0
2002,2000,SHELBY,MEMPHIS 60 5,8020,008191,5.465e-05,exact_name,high,1.0
2002,2000,SHELBY,MEMPHIS 60 5,8020,008199,1.67e-05,exact_name,high,1.0
2002,2000,SHELBY,MEMPHIS 60 5,8020,008168,6.3e-07,exact_name,high,1.0
2002,2000,SHELBY,MEMPHIS 60 5,8020,008161,0.0,exact_name,high,1.0
2002,2000,SHELBY,MEMPHIS 60 5,8020,008210,0.0,exact_name,high,1.0
2002,2000,SHELBY,MEMPHIS 60 5,8020,008167,0.0,exact_name,high,1.0
2002,2000,SHELBY,MEMPHIS 60 6,8024,008167,0.99949063,exact_name,high,1.0
2002,2000,SHELBY,MEMPHIS 60 6,8024,008161,0.00050937,exact_name,high,1.0
2002,2000,SHELBY,MEMPHIS 60 6,8024,008164,0.0,exact_name,high,1.0
2002,2000,SHELBY,MEMPHIS 60 6,8024,008170,0.0,exact_name,high,1.0
2002,2000,SHELBY,MEMPHIS 60 6,8024,008142,0.0,exact_name,high,1.0
2002,2000,SHELBY,MEMPHIS 60 7,8028,008168,0.99926624,exact_name,high,1.0
2002,2000,SHELBY,MEMPHIS 60 7,8028,008166,0.00069124,exact_name,high,1.0
2002,2000,SHELBY,MEMPHIS 60 7,8028,008244,3.828e-05,exact_name,high,1.0
2002,2000,SHELBY,MEMPHIS 60 7,8028,008210,3.84e-06,exact_name,high,1.0
2002,2000,SHELBY,MEMPHIS 60 7,8028,008211,4e-07,exact_name,high,1.0
2002,2000,SHELBY,MEMPHIS 60 7,8028,008214,0.0,exact_name,high,1.0
2002,2000,SHELBY,MEMPHIS 60 7,8028,008199,0.0,exact_name,high,1.0
2002,2000,SHELBY,MEMPHIS 60 8,8032,008167,0.99946331,exact_name,high,1.0
2002,2000,SHELBY,MEMPHIS 60 8,8032,008210,0.00053479,exact_name,high,1.0
2002,2000,SHELBY,MEMPHIS 60 8,8032,008164,1.9e-06,exact_name,high,1.0
2002,2000,SHELBY,MEMPHIS 60 9,8036,008170,1.0,exact_name,high,1.0
2002,2000,SHELBY,MEMPHIS 60 9,8036,008142,0.0,exact_name,high,1.0
2002,2000,SHELBY,MEMPHIS 61,8044,008171,0.99999919,exact_name,high,1.0
2002,2000,SHELBY,MEMPHIS 61,8044,008142,8.1e-07,exact_name,high,1.0
2002,2000,SHELBY,MEMPHIS 61,8044,008118,0.0,exact_name,high,1.0
2002,2000,SHELBY,MEMPHIS 62 1,8048,008172,0.99541016,exact_name,high,1.0
2002,2000,SHELBY,MEMPHIS 62 1,8048,008226,0.00377211,exact_name,high,1.0
2002,2000,SHELBY,MEMPHIS 62 1,8048,008234,0.00081773,exact_name,high,1.0
2002,2000,SHELBY,MEMPHIS 62 2,8052,008172,1.0,exact_name,high,1.0
2002,2000,SHELBY,MEMPHIS 62 2,8052,008131,0.0,exact_name,high,1.0
2002,2000,SHELBY,MEMPHIS 62 2,8052,008234,0.0,exact_name,high,1.0
2002,2000,SHELBY,MEMPHIS 63 2,8060,008152,0.99998601,exact_name,high,1.0
2002,2000,SHELBY,MEMPHIS 63 2,8060,008179,1.307e-05,exact_name,high,1.0
2002,2000,SHELBY,MEMPHIS 63 2,8060,008174,4.9e-07,exact_name,high,1.0
2002,2000,SHELBY,MEMPHIS 63 2,8060,008154,4.2e-07,exact_name,high,1.0
2002,2000,SHELBY,MEMPHIS 63 2,8060,008233,0.0,exact_name,high,1.0
2002,2000,SHELBY,MEMPHIS 64,8064,008174,0.99587479,exact_name,high,1.0
2002,2000,SHELBY,MEMPHIS 64,8064,008152,0.00412521,exact_name,high,1.0
2002,2000,SHELBY,MEMPHIS 64,8064,008154,0.0,exact_name,high,1.0
2002,2000,SHELBY,MEMPHIS 64,8064,008157,0.0,exact_name,high,1.0
2002,2000,SHELBY,MEMPHIS 64,8064,008179,0.0,exact_name,high,1.0
2002,2000,SHELBY,MEMPHIS 65 1,8072,008141,0.9999971,exact_name,high,1.0
2002,2000,SHELBY,MEMPHIS 65 1,8072,008159,1.88e-06,exact_name,high,1.0
2002,2000,SHELBY,MEMPHIS 65 1,8072,008176,1.03e-06,exact_name,high,1.0
2002,2000,SHELBY,MEMPHIS 65 1,8072,008177,0.0,exact_name,high,1.0
2002,2000,SHELBY,MEMPHIS 65 2,8076,008176,1.0,exact_name,high,1.0
2002,2000,SHELBY,MEMPHIS 65 2,8076,008141,0.0,exact_name,high,1.0
2002,2000,SHELBY,MEMPHIS 66 1,8080,008176,0.99999904,exact_name,high,1.0
2002,2000,SHELBY,MEMPHIS 66 1,8080,008159,9.6e-07,exact_name,high,1.0
2002,2000,SHELBY,MEMPHIS 66 1,8080,008141,0.0,exact_name,high,1.0
2002,2000,SHELBY,MEMPHIS 66 1,8080,008194,0.0,exact_name,high,1.0
2002,2000,SHELBY,MEMPHIS 66 2,8084,008176,0.97956018,exact_name,high,1.0
2002,2000,SHELBY,MEMPHIS 66 2,8084,008194,0.02043982,exact_name,high,1.0
2002,2000,SHELBY,MEMPHIS 66 2,8084,008177,0.0,exact_name,high,1.0
2002,2000,SHELBY,MEMPHIS 66 2,8084,008141,0.0,exact_name,high,1.0
2002,2000,SHELBY,MEMPHIS 67 1,8092,008177,0.99999902,exact_name,high,1.0
2002,2000,SHELBY,MEMPHIS 67 1,8092,008176,9.8e-07,exact_name,high,1.0
2002,2000,SHELBY,MEMPHIS 67 2,8096,008177,0.83277958,exact_name,high,1.0
2002,2000,SHELBY,MEMPHIS 67 2,8096,008178,0.15399867,exact_name,high,1.0
2002,2000,SHELBY,MEMPHIS 67 2,8096,008194,0.01318703,exact_name,high,1.0
2002,2000,SHELBY,MEMPHIS 67 2,8096,008222,3.472e-05,exact_name,high,1.0
2002,2000,SHELBY,MEMPHIS 67 2,8096,008176,0.0,exact_name,high,1.0
2002,2000,SHELBY,MEMPHIS 67 3,8100,008178,0.99999843,exact_name,high,1.0
2002,2000,SHELBY,MEMPHIS 67 3,8100,008177,9.6e-07,exact_name,high,1.0
2002,2000,SHELBY,MEMPHIS 67 3,8100,008222,6.1e-07,exact_name,high,1.0
2002,2000,SHELBY,MEMPHIS 67 3,8100,008180,0.0,exact_name,high,1.0
2002,2000,SHELBY,MEMPHIS 68 1,8104,008237,0.58177116,exact_name,high,1.0
2002,2000,SHELBY,MEMPHIS 68 1,8104,008179,0.41792725,exact_name,high,1.0
2002,2000,SHELBY,MEMPHIS 68 1,8104,008217,0.00021932,exact_name,high,1.0
2002,2000,SHELBY,MEMPHIS 68 1,8104,008174,8.201e-05,exact_name,high,1.0
2002,2000,SHELBY,MEMPHIS 68 1,8104,008216,1.5e-07,exact_name,high,1.0
2002,2000,SHELBY,MEMPHIS 68 1,8104,008236,7e-08,exact_name,high,1.0
2002,2000,SHELBY,MEMPHIS 68 1,8104,008152,1e-08,exact_name,high,1.0
2002,2000,SHELBY,MEMPHIS 68 1,8104,008080,1e-08,exact_name,high,1.0
2002,2000,SHELBY,MEMPHIS 68 1,8104,008089,0.0,exact_name,high,1.0
2002,2000,SHELBY,MEMPHIS 68 1,8104,008241,0.0,exact_name,high,1.0
2002,2000,SHELBY,MEMPHIS 68 2,8108,008174,0.99009555,exact_name,high,1.0
2002,2000,SHELBY,MEMPHIS 68 2,8108,008217,0.00920496,exact_name,high,1.0
2002,2000,SHELBY,MEMPHIS 68 2,8108,008179,0.00069949,exact_name,high,1.0
2002,2000,SHELBY,MEMPHIS 68 2,8108,008180,0.0,exact_name,high,1.0
2002,2000,SHELBY,MEMPHIS 68 3,8112,008180,0.99999974,exact_name,high,1.0
2002,2000,SHELBY,MEMPHIS 68 3,8112,008174,1.9e-07,exact_name,high,1.0
2002,2000,SHELBY,MEMPHIS 68 3,8112,008217,7e-08,exact_name,high,1.0
2002,2000,SHELBY,MEMPHIS 69 1,8116,008182,0.99922209,exact_name,high,1.0
2002,2000,SHELBY,MEMPHIS 69 1,8116,008100,0.00077791,exact_name,high,1.0
2002,2000,SHELBY,MEMPHIS 69 2,8120,008182,0.99975777,exact_name,high,1.0
2002,2000,SHELBY,MEMPHIS 69 2,8120,008100,0.0002395,exact_name,high,1.0
2002,2000,SHELBY,MEMPHIS 69 2,8120,008184,1.69e-06,exact_name,high,1.0
2002,2000,SHELBY,MEMPHIS 69 2,8120,008101,1.03e-06,exact_name,high,1.0
2002,2000,SHELBY,MEMPHIS 69 2,8120,008187,0.0,exact_name,high,1.0
2002,2000,SHELBY,MEMPHIS 70 1,8124,008183,0.70841566,exact_name,high,1.0
2002,2000,SHELBY,MEMPHIS 70 1,8124,008184,0.29158434,exact_name,high,1.0
2002,2000,SHELBY,MEMPHIS 70 1,8124,008187,0.0,exact_name,high,1.0
2002,2000,SHELBY,MEMPHIS 70 1,8124,008182,0.0,exact_name,high,1.0
2002,2000,SHELBY,MEMPHIS 70 2,8128,008184,0.9994468,exact_name,high,1.0
2002,2000,SHELBY,MEMPHIS 70 2,8128,008190,0.00054831,exact_name,high,1.0
2002,2000,SHELBY,MEMPHIS 70 2,8128,008111,4.8e-06,exact_name,high,1.0
2002,2000,SHELBY,MEMPHIS 70 2,8128,008182,8e-08,exact_name,high,1.0
2002,2000,SHELBY,MEMPHIS 70 2,8128,008110,0.0,exact_name,high,1.0
2002,2000,SHELBY,MEMPHIS 70 3,8132,008184,0.90389873,exact_name,high,1.0
2002,2000,SHELBY,MEMPHIS 70 3,8132,008183,0.09552722,exact_name,high,1.0
2002,2000,SHELBY,MEMPHIS 70 3,8132,008190,0.00057377,exact_name,high,1.0
2002,2000,SHELBY,MEMPHIS 70 3,8132,008182,2.8e-07,exact_name,high,1.0
2002,2000,SHELBY,MEMPHIS 71 1,8136,008187,0.9057698,exact_name,high,1.0
2002,2000,SHELBY,MEMPHIS 71 1,8136,008098,0.0942302,exact_name,high,1.0
2002,2000,SHELBY,MEMPHIS 71 1,8136,008100,0.0,exact_name,high,1.0
2002,2000,SHELBY,MEMPHIS 71 2,8140,008187,0.96812063,exact_name,high,1.0
2002,2000,SHELBY,MEMPHIS 71 2,8140,008098,0.03187831,exact_name,high,1.0
2002,2000,SHELBY,MEMPHIS 71 2,8140,008189,1.06e-06,exact_name,high,1.0
2002,2000,SHELBY,MEMPHIS 71 2,8140,008239,0.0,exact_name,high,1.0
2002,2000,SHELBY,MEMPHIS 71 3,8144,008187,0.99999985,exact_name,high,1.0
2002,2000,SHELBY,MEMPHIS 71 3,8144,008189,1.5e-07,exact_name,high,1.0
2002,2000,SHELBY,MEMPHIS 71 4,8148,008187,0.76471379,exact_name,high,1.0
2002,2000,SHELBY,MEMPHIS 71 4,8148,008100,0.2352862,exact_name,high,1.0
2002,2000,SHELBY,MEMPHIS 71 4,8148,008183,1e-08,exact_name,high,1.0
2002,2000,SHELBY,MEMPHIS 71 4,8148,008182,0.0,exact_name,high,1.0
2002,2000,SHELBY,MEMPHIS 71 4,8148,008184,0.0,exact_name,high,1.0
2002,2000,SHELBY,MEMPHIS 71 5,8136,008187,0.9057698,code_token_name,high,0.993
2002,2000,SHELBY,MEMPHIS 71 5,8136,008098,0.0942302,code_token_name,high,0.993
2002,2000,SHELBY,MEMPHIS 71 5,8136,008100,0.0,code_token_name,high,0.993
2002,2000,SHELBY,MEMPHIS 72 1,8152,008183,0.99996659,exact_name,high,1.0
2002,2000,SHELBY,MEMPHIS 72 1,8152,008190,3.182e-05,exact_name,high,1.0
2002,2000,SHELBY,MEMPHIS 72 1,8152,008187,1.59e-06,exact_name,high,1.0
2002,2000,SHELBY,MEMPHIS 72 1,8152,008189,0.0,exact_name,high,1.0
2002,2000,SHELBY,MEMPHIS 72 3,8160,008189,0.99999926,exact_name,high,1.0
2002,2000,SHELBY,MEMPHIS 72 3,8160,008187,7.4e-07,exact_name,high,1.0
2002,2000,SHELBY,MEMPHIS 72 3,8160,008239,0.0,exact_name,high,1.0
2002,2000,SHELBY,MEMPHIS 72 3,8160,008228,0.0,exact_name,high,1.0
2002,2000,SHELBY,MEMPHIS 72 4,8164,008190,0.92243653,exact_name,high,1.0
2002,2000,SHELBY,MEMPHIS 72 4,8164,008183,0.07676834,exact_name,high,1.0
2002,2000,SHELBY,MEMPHIS 72 4,8164,008184,0.00079513,exact_name,high,1.0
2002,2000,SHELBY,MEMPHIS 72 4,8164,008189,0.0,exact_name,high,1.0
2002,2000,SHELBY,MEMPHIS 72 5,8168,008189,1.0,exact_name,high,1.0
2002,2000,SHELBY,MEMPHIS 72 5,8168,008183,0.0,exact_name,high,1.0
2002,2000,SHELBY,MEMPHIS 72 5,8168,008190,0.0,exact_name,high,1.0
2002,2000,SHELBY,MEMPHIS 72 6,8172,008189,0.99958288,exact_name,high,1.0
2002,2000,SHELBY,MEMPHIS 72 6,8172,008183,0.00041712,exact_name,high,1.0
2002,2000,SHELBY,MEMPHIS 72 6,8172,008187,0.0,exact_name,high,1.0
2002,2000,SHELBY,MEMPHIS 72 7,8176,008190,0.89080816,exact_name,high,1.0
2002,2000,SHELBY,MEMPHIS 72 7,8176,008131,0.10918984,exact_name,high,1.0
2002,2000,SHELBY,MEMPHIS 72 7,8176,008226,2e-06,exact_name,high,1.0
2002,2000,SHELBY,MEMPHIS 72 7,8176,008189,0.0,exact_name,high,1.0
2002,2000,SHELBY,MEMPHIS 72 7,8176,008228,0.0,exact_name,high,1.0
2002,2000,SHELBY,MEMPHIS 73 1,8180,008191,0.99268303,exact_name,high,1.0
2002,2000,SHELBY,MEMPHIS 73 1,8180,008159,0.00731555,exact_name,high,1.0
2002,2000,SHELBY,MEMPHIS 73 1,8180,008166,1.33e-06,exact_name,high,1.0
2002,2000,SHELBY,MEMPHIS 73 1,8180,008161,8e-08,exact_name,high,1.0
2002,2000,SHELBY,MEMPHIS 73 1,8180,008192,1e-08,exact_name,high,1.0
2002,2000,SHELBY,MEMPHIS 73 2,8184,008192,0.99876726,exact_name,high,1.0
2002,2000,SHELBY,MEMPHIS 73 2,8184,008197,0.00056517,exact_name,high,1.0
2002,2000,SHELBY,MEMPHIS 73 2,8184,008159,0.00047353,exact_name,high,1.0
2002,2000,SHELBY,MEMPHIS 73 2,8184,008176,0.00014533,exact_name,high,1.0
2002,2000,SHELBY,MEMPHIS 73 2,8184,008194,4.71e-05,exact_name,high,1.0
2002,2000,SHELBY,MEMPHIS 73 2,8184,008191,1.6e-06,exact_name,high,1.0
2002,2000,SHELBY,MEMPHIS 73 3,8188,008192,0.99986389,exact_name,high,1.0
2002,2000,SHELBY,MEMPHIS 73 3,8188,008197,9.066e-05,exact_name,high,1.0
2002,2000,SHELBY,MEMPHIS 73 3,8188,008199,4.545e-05,exact_name,high,1.0
2002,2000,SHELBY,MEMPHIS 73 3,8188,008191,0.0,exact_name,high,1.0
2002,2000,SHELBY,MEMPHIS 73 4,8192,008191,0.99999945,exact_name,high,1.0
2002,2000,SHELBY,MEMPHIS 73 4,8192,008192,5.5e-07,exact_name,high,1.0
2002,2000,SHELBY,MEMPHIS 73 4,8192,008166,0.0,exact_name,high,1.0
2002,2000,SHELBY,MEMPHIS 74 1,8216,008194,0.99999154,exact_name,high,1.0
2002,2000,SHELBY,MEMPHIS 74 1,8216,008195,7.86e-06,exact_name,high,1.0
2002,2000,SHELBY,MEMPHIS 74 1,8216,008197,6e-07,exact_name,high,1.0
2002,2000,SHELBY,MEMPHIS 74 2,8220,008195,0.99988928,exact_name,high,1.0
2002,2000,SHELBY,MEMPHIS 74 2,8220,008243,0.0001104,exact_name,high,1.0
2002,2000,SHELBY,MEMPHIS 74 2,8220,008199,3.2e-07,exact_name,high,1.0
2002,2000,SHELBY,MEMPHIS 74 2,8220,008197,0.0,exact_name,high,1.0
2002,2000,SHELBY,MEMPHIS 74 2,8220,008194,0.0,exact_name,high,1.0
2002,2000,SHELBY,MEMPHIS 74 4,8228,008199,1.0,exact_name,high,1.0
2002,2000,SHELBY,MEMPHIS 74 4,8228,008168,0.0,exact_name,high,1.0
2002,2000,SHELBY,MEMPHIS 74 4,8228,008195,0.0,exact_name,high,1.0
2002,2000,SHELBY,MEMPHIS 74 4,8228,008243,0.0,exact_name,high,1.0
2002,2000,SHELBY,MEMPHIS 74 4,8228,008244,0.0,exact_name,high,1.0
2002,2000,SHELBY,MEMPHIS 74 5,8232,008197,0.99987437,exact_name,high,1.0
2002,2000,SHELBY,MEMPHIS 74 5,8232,008199,0.00012504,exact_name,high,1.0
2002,2000,SHELBY,MEMPHIS 74 5,8232,008192,3.9e-07,exact_name,high,1.0
2002,2000,SHELBY,MEMPHIS 74 5,8232,008195,1.6e-07,exact_name,high,1.0
2002,2000,SHELBY,MEMPHIS 74 5,8232,008194,4e-08,exact_name,high,1.0
2002,2000,SHELBY,MEMPHIS 74 6,8236,008194,0.85215934,exact_name,high,1.0
2002,2000,SHELBY,MEMPHIS 74 6,8236,008222,0.14338909,exact_name,high,1.0
2002,2000,SHELBY,MEMPHIS 74 6,8236,008178,0.00445094,exact_name,high,1.0
2002,2000,SHELBY,MEMPHIS 74 6,8236,008197,4.1e-07,exact_name,high,1.0
2002,2000,SHELBY,MEMPHIS 74 6,8236,008192,2.4e-07,exact_name,high,1.0
2002,2000,SHELBY,MEMPHIS 74 6,8236,008177,0.0,exact_name,high,1.0
2002,2000,SHELBY,MEMPHIS 74 6,8236,008176,0.0,exact_name,high,1.0
2002,2000,SHELBY,MEMPHIS 74 6,8236,008217,0.0,exact_name,high,1.0
2002,2000,SHELBY,MEMPHIS 74 8,8244,008195,0.99998415,exact_name,high,1.0
2002,2000,SHELBY,MEMPHIS 74 8,8244,008246,1.155e-05,exact_name,high,1.0
2002,2000,SHELBY,MEMPHIS 74 8,8244,008194,4.3e-06,exact_name,high,1.0
2002,2000,SHELBY,MEMPHIS 74 8,8244,008243,0.0,exact_name,high,1.0
2002,2000,SHELBY,MEMPHIS 74 9,8248,008199,0.99789894,exact_name,high,1.0
2002,2000,SHELBY,MEMPHIS 74 9,8248,008191,0.00149741,exact_name,high,1.0
2002,2000,SHELBY,MEMPHIS 74 9,8248,008166,0.00056015,exact_name,high,1.0
2002,2000,SHELBY,MEMPHIS 74 9,8248,008192,4.31e-05,exact_name,high,1.0
2002,2000,SHELBY,MEMPHIS 74 9,8248,008197,4e-07,exact_name,high,1.0
2002,2000,SHELBY,MEMPHIS 74 9,8248,008168,0.0,exact_name,high,1.0
2002,2000,SHELBY,MEMPHIS 74 9,8248,008195,0.0,exact_name,high,1.0
2002,2000,SHELBY,MEMPHIS 75 1,8252,008200,1.0,exact_name,high,1.0
2002,2000,SHELBY,MEMPHIS 75 1,8252,008145,0.0,exact_name,high,1.0
2002,2000,SHELBY,MEMPHIS 75 1,8252,008203,0.0,exact_name,high,1.0
2002,2000,SHELBY,MEMPHIS 75 11,8260,008201,0.99999938,exact_name,high,1.0
2002,2000,SHELBY,MEMPHIS 75 11,8260,008202,5.6e-07,exact_name,high,1.0
2002,2000,SHELBY,MEMPHIS 75 11,8260,008204,7e-08,exact_name,high,1.0
2002,2000,SHELBY,MEMPHIS 75 2,8268,008200,0.80312957,exact_name,high,1.0
2002,2000,SHELBY,MEMPHIS 75 2,8268,008203,0.1967735,exact_name,high,1.0
2002,2000,SHELBY,MEMPHIS 75 2,8268,008207,5.339e-05,exact_name,high,1.0
2002,2000,SHELBY,MEMPHIS 75 2,8268,008121,4.354e-05,exact_name,high,1.0
2002,2000,SHELBY,MEMPHIS 75 4,8276,008202,0.9999951,exact_name,high,1.0
2002,2000,SHELBY,MEMPHIS 75 4,8276,008201,4.9e-06,exact_name,high,1.0
2002,2000,SHELBY,MEMPHIS 75 5,8280,008201,0.99999752,exact_name,high,1.0
2002,2000,SHELBY,MEMPHIS 75 5,8280,008205,1.39e-06,exact_name,high,1.0
2002,2000,SHELBY,MEMPHIS 75 5,8280,008224,1.09e-06,exact_name,high,1.0
2002,2000,SHELBY,MEMPHIS 75 5,8280,008202,0.0,exact_name,high,1.0
2002,2000,SHELBY,MEMPHIS 75 6,8284,008202,0.99999927,exact_name,high,1.0
2002,2000,SHELBY,MEMPHIS 75 6,8284,008203,7.3e-07,exact_name,high,1.0
2002,2000,SHELBY,MEMPHIS 75 6,8284,008201,0.0,exact_name,high,1.0
2002,2000,SHELBY,MEMPHIS 75 6,8284,008204,0.0,exact_name,high,1.0
2002,2000,SHELBY,MEMPHIS 75 7,8288,008203,1.0,exact_name,high,1.0
2002,2000,SHELBY,MEMPHIS 75 7,8288,008200,0.0,exact_name,high,1.0
2002,2000,SHELBY,MEMPHIS 75 7,8288,008202,0.0,exact_name,high,1.0
2002,2000,SHELBY,MEMPHIS 76 1,8300,008207,0.99968718,exact_name,high,1.0
2002,2000,SHELBY,MEMPHIS 76 1,8300,008200,0.00031254,exact_name,high,1.0
2002,2000,SHELBY,MEMPHIS 76 1,8300,008203,1.8e-07,exact_name,high,1.0
2002,2000,SHELBY,MEMPHIS 76 1,8300,008204,1e-07,exact_name,high,1.0
2002,2000,SHELBY,MEMPHIS 76 1,8300,008121,0.0,exact_name,high,1.0
2002,2000,SHELBY,MEMPHIS 76 4,8312,008204,0.99999995,exact_name,high,1.0
2002,2000,SHELBY,MEMPHIS 76 4,8312,008207,5e-08,exact_name,high,1.0
2002,2000,SHELBY,MEMPHIS 76 4,8312,008206,0.0,exact_name,high,1.0
2002,2000,SHELBY,MEMPHIS 76 4,8312,008209,0.0,exact_name,high,1.0
2002,2000,SHELBY,MEMPHIS 76 5,8316,008205,0.99999659,exact_name,high,1.0
2002,2000,SHELBY,MEMPHIS 76 5,8316,008206,2.5e-06,exact_name,high,1.0
2002,2000,SHELBY,MEMPHIS 76 5,8316,008201,5.7e-07,exact_name,high,1.0
2002,2000,SHELBY,MEMPHIS 76 5,8316,008213,3.4e-07,exact_name,high,1.0
2002,2000,SHELBY,MEMPHIS 76 5,8316,008204,0.0,exact_name,high,1.0
2002,2000,SHELBY,MEMPHIS 76 6,8320,008206,1.0,exact_name,high,1.0
2002,2000,SHELBY,MEMPHIS 76 6,8320,008205,0.0,exact_name,high,1.0
2002,2000,SHELBY,MEMPHIS 76 6,8320,008204,0.0,exact_name,high,1.0
2002,2000,SHELBY,MEMPHIS 77 1,8324,008207,0.99999973,exact_name,high,1.0
2002,2000,SHELBY,MEMPHIS 77 1,8324,008164,2.7e-07,exact_name,high,1.0
2002,2000,SHELBY,MEMPHIS 77 1,8324,008209,0.0,exact_name,high,1.0
2002,2000,SHELBY,MEMPHIS 77 1,8324,008210,0.0,exact_name,high,1.0
2002,2000,SHELBY,MEMPHIS 77 2,8328,008206,0.60858268,exact_name,high,1.0
2002,2000,SHELBY,MEMPHIS 77 2,8328,008212,0.39134515,exact_name,high,1.0
2002,2000,SHELBY,MEMPHIS 77 2,8328,008211,7.217e-05,exact_name,high,1.0
2002,2000,SHELBY,MEMPHIS 77 2,8328,008204,0.0,exact_name,high,1.0
2002,2000,SHELBY,MEMPHIS 77 2,8328,008209,0.0,exact_name,high,1.0
2002,2000,SHELBY,MEMPHIS 77 3,8332,008209,0.99986119,exact_name,high,1.0
2002,2000,SHELBY,MEMPHIS 77 3,8332,008211,0.00013881,exact_name,high,1.0
2002,2000,SHELBY,MEMPHIS 77 3,8332,008207,0.0,exact_name,high,1.0
2002,2000,SHELBY,MEMPHIS 77 3,8332,008204,0.0,exact_name,high,1.0
2002,2000,SHELBY,MEMPHIS 77 3,8332,008206,0.0,exact_name,high,1.0
2002,2000,SHELBY,MEMPHIS 78 1,8336,008210,1.0,exact_name,high,1.0
2002,2000,SHELBY,MEMPHIS 78 1,8336,008207,0.0,exact_name,high,1.0
2002,2000,SHELBY,MEMPHIS 78 1,8336,008209,0.0,exact_name,high,1.0
2002,2000,SHELBY,MEMPHIS 78 3,8344,008210,0.9999995,exact_name,high,1.0
2002,2000,SHELBY,MEMPHIS 78 3,8344,008167,5e-07,exact_name,high,1.0
2002,2000,SHELBY,MEMPHIS 78 3,8344,008207,0.0,exact_name,high,1.0
2002,2000,SHELBY,MEMPHIS 78 3,8344,008166,0.0,exact_name,high,1.0
2002,2000,SHELBY,MEMPHIS 79 1,8356,008211,0.99999712,exact_name,high,1.0
2002,2000,SHELBY,MEMPHIS 79 1,8356,008212,2.88e-06,exact_name,high,1.0
2002,2000,SHELBY,MEMPHIS 79 1,8356,008209,0.0,exact_name,high,1.0
2002,2000,SHELBY,MEMPHIS 79 1,8356,008206,0.0,exact_name,high,1.0
2002,2000,SHELBY,MEMPHIS 79 2,8360,008212,0.99999815,exact_name,high,1.0
2002,2000,SHELBY,MEMPHIS 79 2,8360,008214,1.33e-06,exact_name,high,1.0
2002,2000,SHELBY,MEMPHIS 79 2,8360,008211,5.2e-07,exact_name,high,1.0
2002,2000,SHELBY,MEMPHIS 79 2,8360,008213,0.0,exact_name,high,1.0
2002,2000,SHELBY,MEMPHIS 79 3,8364,008213,0.99999668,exact_name,high,1.0
2002,2000,SHELBY,MEMPHIS 79 3,8364,008206,3.32e-06,exact_name,high,1.0
2002,2000,SHELBY,MEMPHIS 79 3,8364,008205,0.0,exact_name,high,1.0
2002,2000,SHELBY,MEMPHIS 79 3,8364,008212,0.0,exact_name,high,1.0
2002,2000,SHELBY,MEMPHIS 79 7,8380,008214,0.9997876,exact_name,high,1.0
2002,2000,SHELBY,MEMPHIS 79 7,8380,008211,0.0002123,exact_name,high,1.0
2002,2000,SHELBY,MEMPHIS 79 7,8380,008213,1e-07,exact_name,high,1.0
2002,2000,SHELBY,MEMPHIS 79 7,8380,008212,0.0,exact_name,high,1.0
2002,2000,SHELBY,MEMPHIS 79 7,8380,008168,0.0,exact_name,high,1.0
2002,2000,SHELBY,MEMPHIS 79 8,8384,008211,0.99999968,exact_name,high,1.0
2002,2000,SHELBY,MEMPHIS 79 8,8384,008209,1.8e-07,exact_name,high,1.0
2002,2000,SHELBY,MEMPHIS 79 8,8384,008214,8e-08,exact_name,high,1.0
2002,2000,SHELBY,MEMPHIS 79 8,8384,008210,6e-08,exact_name,high,1.0
2002,2000,SHELBY,MEMPHIS 79 9,8388,008213,1.0,exact_name,high,1.0
2002,2000,SHELBY,MEMPHIS 79 9,8388,008214,0.0,exact_name,high,1.0
2002,2000,SHELBY,MEMPHIS 80 2,8396,008216,0.69121584,exact_name,high,1.0
2002,2000,SHELBY,MEMPHIS 80 2,8396,008217,0.3043486,exact_name,high,1.0
2002,2000,SHELBY,MEMPHIS 80 2,8396,008089,0.004434,exact_name,high,1.0
2002,2000,SHELBY,MEMPHIS 80 2,8396,008179,1.24e-06,exact_name,high,1.0
2002,2000,SHELBY,MEMPHIS 80 2,8396,008237,3.2e-07,exact_name,high,1.0
2002,2000,SHELBY,MEMPHIS 81 1,8400,008217,0.99901896,exact_name,high,1.0
2002,2000,SHELBY,MEMPHIS 81 1,8400,008216,0.00097256,exact_name,high,1.0
2002,2000,SHELBY,MEMPHIS 81 1,8400,008180,8.48e-06,exact_name,high,1.0
2002,2000,SHELBY,MEMPHIS 81 2,8404,008222,1.0,exact_name,high,1.0
2002,2000,SHELBY,MEMPHIS 81 2,8404,008194,0.0,exact_name,high,1.0
2002,2000,SHELBY,MEMPHIS 81 2,8404,008217,0.0,exact_name,high,1.0
2002,2000,SHELBY,MEMPHIS 81 2,8404,008219,0.0,exact_name,high,1.0
2002,2000,SHELBY,MEMPHIS 81 3,8408,008219,0.98673947,exact_name,high,1.0
2002,2000,SHELBY,MEMPHIS 81 3,8408,008086,0.01325721,exact_name,high,1.0
2002,2000,SHELBY,MEMPHIS 81 3,8408,008217,3.32e-06,exact_name,high,1.0
2002,2000,SHELBY,MEMPHIS 81 3,8408,008216,0.0,exact_name,high,1.0
2002,2000,SHELBY,MEMPHIS 81 4,8412,008222,0.58874766,exact_name,high,1.0
2002,2000,SHELBY,MEMPHIS 81 4,8412,008219,0.30681246,exact_name,high,1.0
2002,2000,SHELBY,MEMPHIS 81 4,8412,008217,0.10443988,exact_name,high,1.0
2002,2000,SHELBY,MEMPHIS 81 4,8412,008245,0.0,exact_name,high,1.0
2002,2000,SHELBY,MEMPHIS 81 4,8412,008194,0.0,exact_name,high,1.0
2002,2000,SHELBY,MEMPHIS 81 5,8416,008221,0.95403077,exact_name,high,1.0
2002,2000,SHELBY,MEMPHIS 81 5,8416,008090,0.04063686,exact_name,high,1.0
2002,2000,SHELBY,MEMPHIS 81 5,8416,008268,0.00456502,exact_name,high,1.0
2002,2000,SHELBY,MEMPHIS 81 5,8416,008086,0.00063543,exact_name,high,1.0
2002,2000,SHELBY,MEMPHIS 81 5,8416,008082,0.00013192,exact_name,high,1.0
2002,2000,SHELBY,MEMPHIS 81 5,8416,008222,0.0,exact_name,high,1.0
2002,2000,SHELBY,MEMPHIS 81 5,8416,008245,0.0,exact_name,high,1.0
2002,2000,SHELBY,MEMPHIS 81 5,8416,008251,0.0,exact_name,high,1.0
2002,2000,SHELBY,MEMPHIS 81 6,8420,008217,0.91217385,exact_name,high,1.0
2002,2000,SHELBY,MEMPHIS 81 6,8420,008216,0.08777117,exact_name,high,1.0
2002,2000,SHELBY,MEMPHIS 81 6,8420,008086,3.715e-05,exact_name,high,1.0
2002,2000,SHELBY,MEMPHIS 81 6,8420,008180,1.782e-05,exact_name,high,1.0
2002,2000,SHELBY,MEMPHIS 81 6,8420,008178,0.0,exact_name,high,1.0
2002,2000,SHELBY,MEMPHIS 81 6,8420,008219,0.0,exact_name,high,1.0
2002,2000,SHELBY,MEMPHIS 81 6,8420,008222,0.0,exact_name,high,1.0
2002,2000,SHELBY,MEMPHIS 81 7,8424,008222,0.64449446,exact_name,high,1.0
2002,2000,SHELBY,MEMPHIS 81 7,8424,008219,0.35058815,exact_name,high,1.0
2002,2000,SHELBY,MEMPHIS 81 7,8424,008086,0.00491737,exact_name,high,1.0
2002,2000,SHELBY,MEMPHIS 81 7,8424,008221,2e-08,exact_name,high,1.0
2002,2000,SHELBY,MEMPHIS 81 8,8426,008222,0.99999965,exact_name,high,1.0
2002,2000,SHELBY,MEMPHIS 81 8,8426,008221,3.5e-07,exact_name,high,1.0
2002,2000,SHELBY,MEMPHIS 82 1,8428,008203,0.99998901,exact_name,high,1.0
2002,2000,SHELBY,MEMPHIS 82 1,8428,008200,1.074e-05,exact_name,high,1.0
2002,2000,SHELBY,MEMPHIS 82 1,8428,008145,2.4e-07,exact_name,high,1.0
2002,2000,SHELBY,MEMPHIS 82 1,8428,008202,0.0,exact_name,high,1.0
2002,2000,SHELBY,MEMPHIS 82 2,8432,008224,0.99991736,exact_name,high,1.0
2002,2000,SHELBY,MEMPHIS 82 2,8432,008201,8.264e-05,exact_name,high,1.0
2002,2000,SHELBY,MEMPHIS 82 2,8432,008145,0.0,exact_name,high,1.0
2002,2000,SHELBY,MEMPHIS 82 2,8432,008203,0.0,exact_name,high,1.0
2002,2000,SHELBY,MEMPHIS 82 2,8432,008202,0.0,exact_name,high,1.0
2002,2000,SHELBY,MEMPHIS 82 3,8436,008202,0.99999354,exact_name,high,1.0
2002,2000,SHELBY,MEMPHIS 82 3,8436,008224,6.46e-06,exact_name,high,1.0
2002,2000,SHELBY,MEMPHIS 82 3,8436,008203,0.0,exact_name,high,1.0
2002,2000,SHELBY,MEMPHIS 83,8440,008226,0.85183665,exact_name,high,1.0
2002,2000,SHELBY,MEMPHIS 83,8440,008172,0.08670104,exact_name,high,1.0
2002,2000,SHELBY,MEMPHIS 83,8440,008131,0.06145593,exact_name,high,1.0
2002,2000,SHELBY,MEMPHIS 83,8440,008240,6.29e-06,exact_name,high,1.0
2002,2000,SHELBY,MEMPHIS 83,8440,008190,1e-07,exact_name,high,1.0
2002,2000,SHELBY,MEMPHIS 84 1,8444,008240,0.99996721,exact_name,high,1.0
2002,2000,SHELBY,MEMPHIS 84 1,8444,008229,1.997e-05,exact_name,high,1.0
2002,2000,SHELBY,MEMPHIS 84 1,8444,008226,1.28e-05,exact_name,high,1.0
2002,2000,SHELBY,MEMPHIS 84 1,8444,008228,2e-08,exact_name,high,1.0
2002,2000,SHELBY,MEMPHIS 84 1,8444,008190,0.0,exact_name,high,1.0
2002,2000,SHELBY,MEMPHIS 84 2,8448,008228,0.99981102,exact_name,high,1.0
2002,2000,SHELBY,MEMPHIS 84 2,8448,008190,0.00018898,exact_name,high,1.0
2002,2000,SHELBY,MEMPHIS 84 2,8448,008189,0.0,exact_name,high,1.0
2002,2000,SHELBY,MEMPHIS 84 2,8448,008239,0.0,exact_name,high,1.0
2002,2000,SHELBY,MEMPHIS 84 2,8448,008240,0.0,exact_name,high,1.0
2002,2000,SHELBY,MEMPHIS 85,8452,008229,0.99889716,exact_name,high,1.0
2002,2000,SHELBY,MEMPHIS 85,8452,008240,0.00101695,exact_name,high,1.0
2002,2000,SHELBY,MEMPHIS 85,8452,008234,8.59e-05,exact_name,high,1.0
2002,2000,SHELBY,MEMPHIS 85,8452,008231,0.0,exact_name,high,1.0
2002,2000,SHELBY,MEMPHIS 86,8460,008229,0.99345792,exact_name,high,1.0
2002,2000,SHELBY,MEMPHIS 86,8460,008061,0.00654194,exact_name,high,1.0
2002,2000,SHELBY,MEMPHIS 86,8460,008239,1.4e-07,exact_name,high,1.0
2002,2000,SHELBY,MEMPHIS 86,8460,008240,0.0,exact_name,high,1.0
2002,2000,SHELBY,MEMPHIS 87 1,8464,008231,0.99999769,exact_name,high,1.0
2002,2000,SHELBY,MEMPHIS 87 1,8464,008229,2.31e-06,exact_name,high,1.0
2002,2000,SHELBY,MEMPHIS 87 1,8464,008061,0.0,exact_name,high,1.0
2002,2000,SHELBY,MEMPHIS 87 1,8464,008064,0.0,exact_name,high,1.0
2002,2000,SHELBY,MEMPHIS 87 2,8468,008231,0.97740614,exact_name,high,1.0
2002,2000,SHELBY,MEMPHIS 87 2,8468,008064,0.02259362,exact_name,high,1.0
2002,2000,SHELBY,MEMPHIS 87 2,8468,008057,2.4e-07,exact_name,high,1.0
2002,2000,SHELBY,MEMPHIS 87 3,8472,008231,0.99999999,exact_name,high,1.0
2002,2000,SHELBY,MEMPHIS 87 3,8472,008057,1e-08,exact_name,high,1.0
2002,2000,SHELBY,MEMPHIS 87 3,8472,008232,0.0,exact_name,high,1.0
2002,2000,SHELBY,MEMPHIS 88 1,8476,008233,0.80175999,exact_name,high,1.0
2002,2000,SHELBY,MEMPHIS 88 1,8476,008152,0.19821085,exact_name,high,1.0
2002,2000,SHELBY,MEMPHIS 88 1,8476,008236,2.911e-05,exact_name,high,1.0
2002,2000,SHELBY,MEMPHIS 88 1,8476,008232,5e-08,exact_name,high,1.0
2002,2000,SHELBY,MEMPHIS 88 1,8476,008234,0.0,exact_name,high,1.0
2002,2000,SHELBY,MEMPHIS 88 2,8480,008232,0.99999844,exact_name,high,1.0
2002,2000,SHELBY,MEMPHIS 88 2,8480,008233,1.27e-06,exact_name,high,1.0
2002,2000,SHELBY,MEMPHIS 88 2,8480,008231,2.2e-07,exact_name,high,1.0
2002,2000,SHELBY,MEMPHIS 88 2,8480,008057,7e-08,exact_name,high,1.0
2002,2000,SHELBY,MEMPHIS 88 2,8480,008234,0.0,exact_name,high,1.0
2002,2000,SHELBY,MEMPHIS 88 3,8484,008233,0.9985791,exact_name,high,1.0
2002,2000,SHELBY,MEMPHIS 88 3,8484,008057,0.00110606,exact_name,high,1.0
2002,2000,SHELBY,MEMPHIS 88 3,8484,008236,0.00021461,exact_name,high,1.0
2002,2000,SHELBY,MEMPHIS 88 3,8484,008053,9.954e-05,exact_name,high,1.0
2002,2000,SHELBY,MEMPHIS 88 3,8484,008232,6.9e-07,exact_name,high,1.0
2002,2000,SHELBY,MEMPHIS 88 4,8570,008234,0.99675869,exact_name,high,1.0
2002,2000,SHELBY,MEMPHIS 88 4,8570,008231,0.00295491,exact_name,high,1.0
2002,2000,SHELBY,MEMPHIS 88 4,8570,008232,0.00028641,exact_name,high,1.0
2002,2000,SHELBY,MEMPHIS 88 4,8570,008226,0.0,exact_name,high,1.0
2002,2000,SHELBY,MEMPHIS 88 4,8570,008229,0.0,exact_name,high,1.0
2002,2000,SHELBY,MEMPHIS 88 5,8574,008234,0.99388614,exact_name,high,1.0
2002,2000,SHELBY,MEMPHIS 88 5,8574,008172,0.00611311,exact_name,high,1.0
2002,2000,SHELBY,MEMPHIS 88 5,8574,008233,7.5e-07,exact_name,high,1.0
2002,2000,SHELBY,MEMPHIS 88 5,8574,008226,0.0,exact_name,high,1.0
2002,2000,SHELBY,MEMPHIS 89 1,8488,008236,0.99876488,exact_name,high,1.0
2002,2000,SHELBY,MEMPHIS 89 1,8488,008053,0.00109649,exact_name,high,1.0
2002,2000,SHELBY,MEMPHIS 89 1,8488,008233,0.00013435,exact_name,high,1.0
2002,2000,SHELBY,MEMPHIS 89 1,8488,008237,3e-06,exact_name,high,1.0
2002,2000,SHELBY,MEMPHIS 89 1,8488,008252,1e-06,exact_name,high,1.0
2002,2000,SHELBY,MEMPHIS 89 1,8488,008179,2.6e-07,exact_name,high,1.0
2002,2000,SHELBY,MEMPHIS 89 2,8492,008237,0.99999977,exact_name,high,1.0
2002,2000,SHELBY,MEMPHIS 89 2,8492,008078,2.3e-07,exact_name,high,1.0
2002,2000,SHELBY,MEMPHIS 89 2,8492,008179,0.0,exact_name,high,1.0
2002,2000,SHELBY,MEMPHIS 89 3,8494,008237,0.94870837,exact_name,high,1.0
2002,2000,SHELBY,MEMPHIS 89 3,8494,008236,0.03498687,exact_name,high,1.0
2002,2000,SHELBY,MEMPHIS 89 3,8494,008179,0.01630476,exact_name,high,1.0
2002,2000,SHELBY,MEMPHIS 89 3,8494,008078,0.0,exact_name,high,1.0
2002,2000,SHELBY,MEMPHIS 90 1,8496,008239,0.99994586,exact_name,high,1.0
2002,2000,SHELBY,MEMPHIS 90 1,8496,008098,5.41e-05,exact_name,high,1.0
2002,2000,SHELBY,MEMPHIS 90 1,8496,008189,5e-08,exact_name,high,1.0
2002,2000,SHELBY,MEMPHIS 90 1,8496,008187,0.0,exact_name,high,1.0
2002,2000,SHELBY,MEMPHIS 90 1,8496,008228,0.0,exact_name,high,1.0
2002,2000,SHELBY,MEMPHIS 90 2,8500,008239,0.99020204,exact_name,high,1.0
2002,2000,SHELBY,MEMPHIS 90 2,8500,008061,0.00897252,exact_name,high,1.0
2002,2000,SHELBY,MEMPHIS 90 2,8500,008099,0.00082495,exact_name,high,1.0
2002,2000,SHELBY,MEMPHIS 90 2,8500,008240,4.1e-07,exact_name,high,1.0
2002,2000,SHELBY,MEMPHIS 90 2,8500,008229,8e-08,exact_name,high,1.0
2002,2000,SHELBY,MEMPHIS 90 2,8500,008098,0.0,exact_name,high,1.0
2002,2000,SHELBY,MEMPHIS 90 3,8504,008240,0.99999935,exact_name,high,1.0
2002,2000,SHELBY,MEMPHIS 90 3,8504,008229,3.5e-07,exact_name,high,1.0
2002,2000,SHELBY,MEMPHIS 90 3,8504,008239,3e-07,exact_name,high,1.0
2002,2000,SHELBY,MEMPHIS 90 3,8504,008228,0.0,exact_name,high,1.0
2002,2000,SHELBY,MEMPHIS 91 1,7459,008241,0.99942806,exact_name,high,1.0
2002,2000,SHELBY,MEMPHIS 91 1,7459,008077,0.00051121,exact_name,high,1.0
2002,2000,SHELBY,MEMPHIS 91 1,7459,008078,5.593e-05,exact_name,high,1.0
2002,2000,SHELBY,MEMPHIS 91 1,7459,008257,3.59e-06,exact_name,high,1.0
2002,2000,SHELBY,MEMPHIS 91 1,7459,008242,1.19e-06,exact_name,high,1.0
2002,2000,SHELBY,MEMPHIS 91 1,7459,008256,2e-08,exact_name,high,1.0
2002,2000,SHELBY,MEMPHIS 91 1,7459,008237,1e-08,exact_name,high,1.0
2002,2000,SHELBY,MEMPHIS 91 2,7462,008242,0.99996045,exact_name,high,1.0
2002,2000,SHELBY,MEMPHIS 91 2,7462,008241,3.224e-05,exact_name,high,1.0
2002,2000,SHELBY,MEMPHIS 91 2,7462,008076,6.54e-06,exact_name,high,1.0
2002,2000,SHELBY,MEMPHIS 91 2,7462,008080,6.3e-07,exact_name,high,1.0
2002,2000,SHELBY,MEMPHIS 91 2,7462,008258,1.4e-07,exact_name,high,1.0
2002,2000,SHELBY,MEMPHIS 91 3,7450,008080,0.9999951,exact_name,high,1.0
2002,2000,SHELBY,MEMPHIS 91 3,7450,008237,4.9e-06,exact_name,high,1.0
2002,2000,SHELBY,MEMPHIS 91 3,7450,008242,0.0,exact_name,high,1.0
2002,2000,SHELBY,MEMPHIS 92 1,7428,008243,1.0,exact_name,high,1.0
2002,2000,SHELBY,MEMPHIS 92 1,7428,008195,0.0,exact_name,high,1.0
2002,2000,SHELBY,MEMPHIS 92 1,7428,008250,0.0,exact_name,high,1.0
2002,2000,SHELBY,MEMPHIS 92 2,7429,008244,0.99999933,exact_name,high,1.0
2002,2000,SHELBY,MEMPHIS 92 2,7429,008168,6.7e-07,exact_name,high,1.0
2002,2000,SHELBY,MEMPHIS 92 2,7429,008243,0.0,exact_name,high,1.0
2002,2000,SHELBY,MEMPHIS 92 2,7429,008199,0.0,exact_name,high,1.0
2002,2000,SHELBY,MEMPHIS 92 2,7429,008250,0.0,exact_name,high,1.0
2002,2000,SHELBY,MEMPHIS 92 3,7430,008243,1.0,exact_name,high,1.0
2002,2000,SHELBY,MEMPHIS 92 3,7430,008199,0.0,exact_name,high,1.0
2002,2000,SHELBY,MEMPHIS 92 3,7430,008244,0.0,exact_name,high,1.0
2002,2000,SHELBY,MEMPHIS 92 3,7430,008195,0.0,exact_name,high,1.0
2002,2000,SHELBY,MEMPHIS 93 1,7512,008245,0.56226523,exact_name,high,1.0
2002,2000,SHELBY,MEMPHIS 93 1,7512,008194,0.43773475,exact_name,high,1.0
2002,2000,SHELBY,MEMPHIS 93 1,7512,008222,2e-08,exact_name,high,1.0
2002,2000,SHELBY,MEMPHIS 93 1,7512,008246,0.0,exact_name,high,1.0
2002,2000,SHELBY,MEMPHIS 93 2,7516,008245,1.0,exact_name,high,1.0
2002,2000,SHELBY,MEMPHIS 93 2,7516,008246,0.0,exact_name,high,1.0
2002,2000,SHELBY,MEMPHIS 93 2,7516,008221,0.0,exact_name,high,1.0
2002,2000,SHELBY,MEMPHIS 93 2,7516,008250,0.0,exact_name,high,1.0
2002,2000,SHELBY,MEMPHIS 93 2,7516,008251,0.0,exact_name,high,1.0
2002,2000,SHELBY,MEMPHIS 93 3,7520,008246,0.99999941,exact_name,high,1.0
2002,2000,SHELBY,MEMPHIS 93 3,7520,008243,3.3e-07,exact_name,high,1.0
2002,2000,SHELBY,MEMPHIS 93 3,7520,008245,2.6e-07,exact_name,high,1.0
2002,2000,SHELBY,MEMPHIS 93 3,7520,008195,0.0,exact_name,high,1.0
2002,2000,SHELBY,MEMPHIS 93 3,7520,008194,0.0,exact_name,high,1.0
2002,2000,SHELBY,MEMPHIS 93 3,7520,008250,0.0,exact_name,high,1.0
2002,2000,SHELBY,MEMPHIS 94 1,8536,008250,1.0,exact_name,high,1.0
2002,2000,SHELBY,MEMPHIS 94 1,8536,008245,0.0,exact_name,high,1.0
2002,2000,SHELBY,MEMPHIS 94 1,8536,008248,0.0,exact_name,high,1.0
2002,2000,SHELBY,MEMPHIS 94 1,8536,008246,0.0,exact_name,high,1.0
2002,2000,SHELBY,MEMPHIS 94 2,8544,008250,0.99999901,exact_name,high,1.0
2002,2000,SHELBY,MEMPHIS 94 2,8544,008248,5.3e-07,exact_name,high,1.0
2002,2000,SHELBY,MEMPHIS 94 2,8544,008244,4.6e-07,exact_name,high,1.0
2002,2000,SHELBY,MEMPHIS 94 3,8552,008248,0.99999912,exact_name,high,1.0
2002,2000,SHELBY,MEMPHIS 94 3,8552,008250,5.9e-07,exact_name,high,1.0
2002,2000,SHELBY,MEMPHIS 94 3,8552,008251,2.9e-07,exact_name,high,1.0
2002,2000,SHELBY,MEMPHIS 94 3,8552,008244,0.0,exact_name,high,1.0
2002,2000,SHELBY,MEMPHIS 94 4,8556,008250,1.0,exact_name,high,1.0
2002,2000,SHELBY,MEMPHIS 94 4,8556,008243,0.0,exact_name,high,1.0
2002,2000,SHELBY,MEMPHIS 94 4,8556,008246,0.0,exact_name,high,1.0
2002,2000,SHELBY,MEMPHIS 94 5,8560,008248,1.0,exact_name,high,1.0
2002,2000,SHELBY,MEMPHIS 94 5,8560,008250,0.0,exact_name,high,1.0
2002,2000,SHELBY,MEMPHIS 94 5,8560,008245,0.0,exact_name,high,1.0
2002,2000,SHELBY,MEMPHIS 94 6,8561,008244,1.0,exact_name,high,1.0
2002,2000,SHELBY,MEMPHIS 94 6,8561,008250,0.0,exact_name,high,1.0
2002,2000,SHELBY,MEMPHIS 94 7,8554,008250,1.0,exact_name,high,1.0
2002,2000,SHELBY,MILLINGTON 01,8512,008260,0.62752389,code_token_name,high,0.993
2002,2000,SHELBY,MILLINGTON 01,8512,008261,0.37172346,code_token_name,high,0.993
2002,2000,SHELBY,MILLINGTON 01,8512,008098,0.00075265,code_token_name,high,0.993
2002,2000,SHELBY,MILLINGTON 02,8516,008261,0.93687942,code_token_name,high,0.993
2002,2000,SHELBY,MILLINGTON 02,8516,008099,0.0630368,code_token_name,high,0.993
2002,2000,SHELBY,MILLINGTON 02,8516,008098,8.324e-05,code_token_name,high,0.993
2002,2000,SHELBY,MILLINGTON 02,8516,008260,5.4e-07,code_token_name,high,0.993
2002,2000,SHELBY,MORNING SUN,8528,008263,0.50102349,exact_name,high,1.0
2002,2000,SHELBY,MORNING SUN,8528,008081,0.20671437,exact_name,high,1.0
2002,2000,SHELBY,MORNING SUN,8528,008262,0.1502761,exact_name,high,1.0
2002,2000,SHELBY,MORNING SUN,8528,008259,0.13807108,exact_name,high,1.0
2002,2000,SHELBY,MORNING SUN,8528,008258,0.00298198,exact_name,high,1.0
2002,2000,SHELBY,MORNING SUN,8528,008073,0.00034002,exact_name,high,1.0
2002,2000,SHELBY,MORNING SUN,8528,008271,0.00022782,exact_name,high,1.0
2002,2000,SHELBY,MORNING SUN,8528,008075,0.00020973,exact_name,high,1.0
2002,2000,SHELBY,MORNING SUN,8528,008076,0.0001532,exact_name,high,1.0
2002,2000,SHELBY,MORNING SUN,8528,008097,2.13e-06,exact_name,high,1.0
2002,2000,SHELBY,MORNING SUN,8528,008096,8e-08,exact_name,high,1.0
2002,2000,SHELBY,MORNING SUN,8528,008052,1e-08,exact_name,high,1.0
2002,2000,SHELBY,MORNING SUN,8528,008079,0.0,exact_name,high,1.0
2002,2000,SHELBY,ROSS STORE 01,8532,008266,1.0,exact_name,high,1.0
2002,2000,SHELBY,ROSS STORE 01,8532,008267,0.0,exact_name,high,1.0
2002,2000,SHELBY,ROSS STORE 01,8532,008248,0.0,exact_name,high,1.0
2002,2000,SHELBY,ROSS STORE 01,8532,008269,0.0,exact_name,high,1.0
2002,2000,SHELBY,ROSS STORE 05,8548,008268,0.59191736,exact_name,high,1.0
2002,2000,SHELBY,ROSS STORE 05,8548,008265,0.39510437,exact_name,high,1.0
2002,2000,SHELBY,ROSS STORE 05,8548,008251,0.01297135,exact_name,high,1.0
2002,2000,SHELBY,ROSS STORE 05,8548,008221,4.01e-06,exact_name,high,1.0
2002,2000,SHELBY,ROSS STORE 05,8548,008084,2.76e-06,exact_name,high,1.0
2002,2000,SHELBY,ROSS STORE 05,8548,008090,1.4e-07,exact_name,high,1.0
2002,2000,SHELBY,ROSS STORE 10,8562,008251,0.78509472,exact_name,high,1.0
2002,2000,SHELBY,ROSS STORE 10,8562,008265,0.21490418,exact_name,high,1.0
2002,2000,SHELBY,ROSS STORE 10,8562,008268,1.1e-06,exact_name,high,1.0
2002,2000,SHELBY,ROSS STORE 10,8562,008221,0.0,exact_name,high,1.0
2002,2000,SHELBY,ROSS STORE 10,8562,008245,0.0,exact_name,high,1.0
2002,2000,SHELBY,ROSS STORE 12,8558,008251,0.87154025,exact_name,high,1.0
2002,2000,SHELBY,ROSS STORE 12,8558,008265,0.12845961,exact_name,high,1.0
2002,2000,SHELBY,ROSS STORE 12,8558,008248,1.5e-07,exact_name,high,1.0
2002,2000,SHELBY,ROSS STORE 12,8558,008245,0.0,exact_name,high,1.0
2002,2000,SHELBY,ROSS STORE 12,8558,008269,0.0,exact_name,high,1.0
2002,2000,SHELBY,ROSS STORE 13,8559,008266,0.99997074,exact_name,high,1.0
2002,2000,SHELBY,ROSS STORE 13,8559,008168,2.926e-05,exact_name,high,1.0
2002,2000,SHELBY,ROSS STORE 13,8559,008244,0.0,exact_name,high,1.0
2002,2000,SHELBY,ROSS STORE 13,8559,008248,0.0,exact_name,high,1.0
2002,2000,SHELBY,ROSS STORE 14,8563,008269,0.5608947,exact_name,high,1.0
2002,2000,SHELBY,ROSS STORE 14,8563,008267,0.43910421,exact_name,high,1.0
2002,2000,SHELBY,ROSS STORE 14,8563,008268,5.4e-07,exact_name,high,1.0
2002,2000,SHELBY,ROSS STORE 14,8563,008266,2.9e-07,exact_name,high,1.0
2002,2000,SHELBY,ROSS STORE 14,8563,008265,2.4e-07,exact_name,high,1.0
2002,2000,SHELBY,ROSS STORE 14,8563,008251,1e-08,exact_name,high,1.0
2002,2000,SHELBY,STEWARTVILLE,8564,008270,0.81776329,exact_name,high,1.0
2002,2000,SHELBY,STEWARTVILLE,8564,008261,0.18218022,exact_name,high,1.0
2002,2000,SHELBY,STEWARTVILLE,8564,008052,5.5e-05,exact_name,high,1.0
2002,2000,SHELBY,STEWARTVILLE,8564,008066,1.28e-06,exact_name,high,1.0
2002,2000,SHELBY,STEWARTVILLE,8564,008096,2.1e-07,exact_name,high,1.0
2002,2000,SHELBY,STEWARTVILLE,8564,008099,0.0,exact_name,high,1.0
2002,2000,SHELBY,STEWARTVILLE,8564,008051,0.0,exact_name,high,1.0
2002,2000,SHELBY,WOODSTOCK 01,8568,008098,0.78108952,code_token_name,high,0.993
2002,2000,SHELBY,WOODSTOCK 01,8568,008100,0.21890976,code_token_name,high,0.993
2002,2000,SHELBY,WOODSTOCK 01,8568,008187,7.2e-07,code_token_name,high,0.993
2002,2000,SHELBY,WOODSTOCK 02,8569,008098,0.999999,code_token_name,high,0.993
2002,2000,SHELBY,WOODSTOCK 02,8569,008187,8.8e-07,code_token_name,high,0.993
2002,2000,SHELBY,WOODSTOCK 02,8569,008099,1.2e-07,code_token_name,high,0.993
2002,2000,SHELBY,WOODSTOCK 02,8569,008239,0.0,code_token_name,high,0.993
2002,2000,SMITH,01 DEFEATED,0001,0001,1.0,exact_name,high,1.0
2002,2000,SMITH,02 TANGLEWOOD,0002,0002,1.0,exact_name,high,1.0
2002,2000,SMITH,03 NEW MIDDLETON,0003,0003,1.0,exact_name,high,1.0
2002,2000,SMITH,04 ROCK CITY,0004,0004,1.0,exact_name,high,1.0
2002,2000,SMITH,05 GORDONSVILLE,0005,0005,1.0,exact_name,high,1.0
2002,2000,SMITH,06 CARTHAGE,8640,008305,0.99928899,exact_name,high,1.0
2002,2000,SMITH,06 CARTHAGE,8640,008308,0.0007043,exact_name,high,1.0
2002,2000,SMITH,06 CARTHAGE,8640,008306,6.71e-06,exact_name,high,1.0
2002,2000,SMITH,06 CARTHAGE,8640,008307,0.0,exact_name,high,1.0
2002,2000,SMITH,07 SOUTH CARTHAGE,8600,008306,0.70035644,exact_name,high,1.0
2002,2000,SMITH,07 SOUTH CARTHAGE,8600,008307,0.17966264,exact_name,high,1.0
2002,2000,SMITH,07 SOUTH CARTHAGE,8600,008302,0.11996815,exact_name,high,1.0
2002,2000,SMITH,07 SOUTH CARTHAGE,8600,008305,1.277e-05,exact_name,high,1.0
2002,2000,SMITH,07 SOUTH CARTHAGE,8600,008308,0.0,exact_name,high,1.0
2002,2000,SMITH,07 SOUTH CARTHAGE,8600,008304,0.0,exact_name,high,1.0
2002,2000,SMITH,07 SOUTH CARTHAGE,8600,008301,0.0,exact_name,high,1.0
2002,2000,SMITH,08 ELMWOOD,0008,0008,1.0,exact_name,high,1.0
2002,2000,STEWART,1 1 INDIAN MOUND,8680,008404,0.99999574,exact_name,high,1.0
2002,2000,STEWART,1 1 INDIAN MOUND,8680,008401,4.26e-06,exact_name,high,1.0
2002,2000,STEWART,1 1 INDIAN MOUND,8680,008407,0.0,exact_name,high,1.0
2002,2000,STEWART,1 1 INDIAN MOUND,8680,008406,0.0,exact_name,high,1.0
2002,2000,STEWART,1 1 INDIAN MOUND,8680,008402,0.0,exact_name,high,1.0
2002,2000,STEWART,2 1 BIG ROCK,8648,008401,0.99986668,exact_name,high,1.0
2002,2000,STEWART,2 1 BIG ROCK,8648,008403,0.00011973,exact_name,high,1.0
2002,2000,STEWART,2 1 BIG ROCK,8648,008404,1.359e-05,exact_name,high,1.0
2002,2000,STEWART,2 1 BIG ROCK,8648,008402,0.0,exact_name,high,1.0
2002,2000,STEWART,3 1 BUMPUS MILLS,8656,008402,0.76952447,exact_name,high,1.0
2002,2000,STEWART,3 1 BUMPUS MILLS,8656,008403,0.23039041,exact_name,high,1.0
2002,2000,STEWART,3 1 BUMPUS MILLS,8656,008401,8.277e-05,exact_name,high,1.0
2002,2000,STEWART,3 1 BUMPUS MILLS,8656,008405,2.35e-06,exact_name,high,1.0
2002,2000,STEWART,4 1 CHURCH STREET,8664,008402,0.99745426,exact_name,high,1.0
2002,2000,STEWART,4 1 CHURCH STREET,8664,008405,0.00254572,exact_name,high,1.0
2002,2000,STEWART,4 1 CHURCH STREET,8664,008404,2e-08,exact_name,high,1.0
2002,2000,STEWART,4 1 CHURCH STREET,8664,008401,0.0,exact_name,high,1.0
2002,2000,STEWART,4 1 CHURCH STREET,8664,008403,0.0,exact_name,high,1.0
2002,2000,STEWART,4 1 CHURCH STREET,8664,008406,0.0,exact_name,high,1.0
2002,2000,STEWART,5 1 NATCOR DRIVE,8672,008405,0.70012456,exact_name,high,1.0
2002,2000,STEWART,5 1 NATCOR DRIVE,8672,008406,0.2998733,exact_name,high,1.0
2002,2000,STEWART,5 1 NATCOR DRIVE,8672,008402,2.14e-06,exact_name,high,1.0
2002,2000,STEWART,5 2 LEATHERWOOD,8674,008405,0.99783815,exact_name,high,1.0
2002,2000,STEWART,5 2 LEATHERWOOD,8674,008406,0.00155738,exact_name,high,1.0
2002,2000,STEWART,5 2 LEATHERWOOD,8674,008407,0.00060446,exact_name,high,1.0
2002,2000,STEWART,7 1 CUMBERLAND CITY,8676,008407,1.0,exact_name,high,1.0
2002,2000,STEWART,7 1 CUMBERLAND CITY,8676,008404,0.0,exact_name,high,1.0
2002,2000,STEWART,7 2 CARLISLE,8678,008407,0.91956892,exact_name,high,1.0
2002,2000,STEWART,7 2 CARLISLE,8678,008406,0.08043104,exact_name,high,1.0
2002,2000,STEWART,7 2 CARLISLE,8678,008405,4e-08,exact_name,high,1.0
2002,2000,STEWART,7 2 CARLISLE,8678,008404,0.0,exact_name,high,1.0
2002,2000,SULLIVAN,01 SOUTH HOLSTON RU,8696,008504,0.99996583,code_token_name,high,0.993
2002,2000,SULLIVAN,01 SOUTH HOLSTON RU,8696,008507,3.417e-05,code_token_name,high,0.993
2002,2000,SULLIVAN,01 SOUTH HOLSTON RU,8696,008515,0.0,code_token_name,high,0.993
2002,2000,SULLIVAN,02HV HOLSTON VIEW,8700,008517,0.86426088,alpha_code_name,high,0.992
2002,2000,SULLIVAN,02HV HOLSTON VIEW,8700,008504,0.07980732,alpha_code_name,high,0.992
2002,2000,SULLIVAN,02HV HOLSTON VIEW,8700,008501,0.0559318,alpha_code_name,high,0.992
2002,2000,SULLIVAN,02VP VALLEY PIKE SCH,8704,008504,0.95352173,alpha_code_name,high,0.992
2002,2000,SULLIVAN,02VP VALLEY PIKE SCH,8704,008517,0.0462695,alpha_code_name,high,0.992
2002,2000,SULLIVAN,02VP VALLEY PIKE SCH,8704,008501,0.00020869,alpha_code_name,high,0.992
2002,2000,SULLIVAN,02VP VALLEY PIKE SCH,8704,008515,5e-08,alpha_code_name,high,0.992
2002,2000,SULLIVAN,02VP VALLEY PIKE SCH,8704,008516,3e-08,alpha_code_name,high,0.992
2002,2000,SULLIVAN,03 HICKORY TREE FIRE,8708,008507,0.98533458,code_token_name,high,0.993
2002,2000,SULLIVAN,03 HICKORY TREE FIRE,8708,008504,0.01355029,code_token_name,high,0.993
2002,2000,SULLIVAN,03 HICKORY TREE FIRE,8708,008515,0.00111513,code_token_name,high,0.993
2002,2000,SULLIVAN,04A AVOCA SCHOOL,0006,0006,1.0,code_token_name,high,0.993
2002,2000,SULLIVAN,04OS AVOCA FIREHALL,8716,008516,0.33939712,alpha_code_name,high,0.992
2002,2000,SULLIVAN,04OS AVOCA FIREHALL,8716,008515,0.30138403,alpha_code_name,high,0.992
2002,2000,SULLIVAN,04OS AVOCA FIREHALL,8716,008514,0.25786884,alpha_code_name,high,0.992
2002,2000,SULLIVAN,04OS AVOCA FIREHALL,8716,008502,0.10126127,alpha_code_name,high,0.992
2002,2000,SULLIVAN,04OS AVOCA FIREHALL,8716,008512,8.874e-05,alpha_code_name,high,0.992
2002,2000,SULLIVAN,04OS AVOCA FIREHALL,8716,008501,0.0,alpha_code_name,high,0.992
2002,2000,SULLIVAN,05N SULLIVAN CO OFF,8720,008502,0.76791433,alpha_code_name,high,0.992
2002,2000,SULLIVAN,05N SULLIVAN CO OFF,8720,008503,0.11631551,alpha_code_name,high,0.992
2002,2000,SULLIVAN,05N SULLIVAN CO OFF,8720,008520,0.11577007,alpha_code_name,high,0.992
2002,2000,SULLIVAN,05N SULLIVAN CO OFF,8720,008508,9e-08,alpha_code_name,high,0.992
2002,2000,SULLIVAN,05S SULLIVAN CO LIBR,8724,008502,0.84853741,alpha_code_name,high,0.992
2002,2000,SULLIVAN,05S SULLIVAN CO LIBR,8724,008503,0.10077285,alpha_code_name,high,0.992
2002,2000,SULLIVAN,05S SULLIVAN CO LIBR,8724,008520,0.04414793,alpha_code_name,high,0.992
2002,2000,SULLIVAN,05S SULLIVAN CO LIBR,8724,008516,0.00654171,alpha_code_name,high,0.992
2002,2000,SULLIVAN,05S SULLIVAN CO LIBR,8724,008514,9e-08,alpha_code_name,high,0.992
2002,2000,SULLIVAN,05S SULLIVAN CO LIBR,8724,008509,0.0,alpha_code_name,high,0.992
2002,2000,SULLIVAN,06 CENTRAL HGHTS SCH,8728,008508,0.92908649,code_token_name,high,0.993
2002,2000,SULLIVAN,06 CENTRAL HGHTS SCH,8728,008502,0.0702782,code_token_name,high,0.993
2002,2000,SULLIVAN,06 CENTRAL HGHTS SCH,8728,008521,0.00063497,code_token_name,high,0.993
2002,2000,SULLIVAN,06 CENTRAL HGHTS SCH,8728,008503,1.8e-07,code_token_name,high,0.993
2002,2000,SULLIVAN,06 CENTRAL HGHTS SCH,8728,008520,1.6e-07,code_token_name,high,0.993
2002,2000,SULLIVAN,07 INDIAN SPGS SCH,8732,008520,0.930704,code_token_name,high,0.993
2002,2000,SULLIVAN,07 INDIAN SPGS SCH,8732,008509,0.04669842,code_token_name,high,0.993
2002,2000,SULLIVAN,07 INDIAN SPGS SCH,8732,008519,0.01410183,code_token_name,high,0.993
2002,2000,SULLIVAN,07 INDIAN SPGS SCH,8732,008522,0.00841405,code_token_name,high,0.993
2002,2000,SULLIVAN,07 INDIAN SPGS SCH,8732,008521,8.169e-05,code_token_name,high,0.993
2002,2000,SULLIVAN,07 INDIAN SPGS SCH,8732,008502,2e-08,code_token_name,high,0.993
2002,2000,SULLIVAN,07 INDIAN SPGS SCH,8732,008508,0.0,code_token_name,high,0.993
2002,2000,SULLIVAN,08 BUFFALO RURITAN,8740,008514,0.87338925,code_token_name,high,0.993
2002,2000,SULLIVAN,08 BUFFALO RURITAN,8740,008513,0.11444864,code_token_name,high,0.993
2002,2000,SULLIVAN,08 BUFFALO RURITAN,8740,008509,0.00983473,code_token_name,high,0.993
2002,2000,SULLIVAN,08 BUFFALO RURITAN,8740,008502,0.00232717,code_token_name,high,0.993
2002,2000,SULLIVAN,08 BUFFALO RURITAN,8740,008512,2e-07,code_token_name,high,0.993
2002,2000,SULLIVAN,09 PINEY FLATS FIRE,8744,008513,0.99790025,code_token_name,high,0.993
2002,2000,SULLIVAN,09 PINEY FLATS FIRE,8744,008512,0.00209975,code_token_name,high,0.993
2002,2000,SULLIVAN,10BD KETRON MIDDLE,8748,008521,0.9999999,alpha_code_name,high,0.992
2002,2000,SULLIVAN,10BD KETRON MIDDLE,8748,008508,6e-08,alpha_code_name,high,0.992
2002,2000,SULLIVAN,10BD KETRON MIDDLE,8748,008505,4e-08,alpha_code_name,high,0.992
2002,2000,SULLIVAN,10OB OREBANK MISSI,8752,008521,0.99737873,forced_best_name,low,0.416667
2002,2000,SULLIVAN,10OB OREBANK MISSI,8752,008522,0.00258457,forced_best_name,low,0.416667
2002,2000,SULLIVAN,10OB OREBANK MISSI,8752,008520,1.969e-05,forced_best_name,low,0.416667
2002,2000,SULLIVAN,10OB OREBANK MISSI,8752,008505,1.701e-05,forced_best_name,low,0.416667
2002,2000,SULLIVAN,10OB OREBANK MISSI,8752,008508,0.0,forced_best_name,low,0.416667
2002,2000,SULLIVAN,11CG CEDAR GROVE S,8764,008505,0.99778593,alpha_code_name,high,0.992
2002,2000,SULLIVAN,11CG CEDAR GROVE S,8764,008522,0.002162,alpha_code_name,high,0.992
2002,2000,SULLIVAN,11CG CEDAR GROVE S,8764,008521,5.205e-05,alpha_code_name,high,0.992
2002,2000,SULLIVAN,11CG CEDAR GROVE S,8764,008511,2e-08,alpha_code_name,high,0.992
2002,2000,SULLIVAN,11D FIREHALL 3,8768,008522,0.99238542,alpha_code_name,high,0.992
2002,2000,SULLIVAN,11D FIREHALL 3,8768,008521,0.00493753,alpha_code_name,high,0.992
2002,2000,SULLIVAN,11D FIREHALL 3,8768,008520,0.00267705,alpha_code_name,high,0.992
2002,2000,SULLIVAN,11D FIREHALL 3,8768,008506,0.0,alpha_code_name,high,0.992
2002,2000,SULLIVAN,11E RENAISSANCE CTR,8772,008506,0.99984555,alpha_code_name,high,0.992
2002,2000,SULLIVAN,11E RENAISSANCE CTR,8772,008523,0.00015387,alpha_code_name,high,0.992
2002,2000,SULLIVAN,11E RENAISSANCE CTR,8772,008522,5.8e-07,alpha_code_name,high,0.992
2002,2000,SULLIVAN,11G GRAVELY SCHOOL,8776,008505,0.75100539,alpha_code_name,high,0.992
2002,2000,SULLIVAN,11G GRAVELY SCHOOL,8776,008511,0.24899461,alpha_code_name,high,0.992
2002,2000,SULLIVAN,11J GRACE EVANGEL,8780,008522,0.83226087,alpha_code_name,high,0.992
2002,2000,SULLIVAN,11J GRACE EVANGEL,8780,008523,0.11252327,alpha_code_name,high,0.992
2002,2000,SULLIVAN,11J GRACE EVANGEL,8780,008506,0.03549293,alpha_code_name,high,0.992
2002,2000,SULLIVAN,11J GRACE EVANGEL,8780,008505,0.01236125,alpha_code_name,high,0.992
2002,2000,SULLIVAN,11J GRACE EVANGEL,8780,008521,0.00712893,alpha_code_name,high,0.992
2002,2000,SULLIVAN,11J GRACE EVANGEL,8780,008511,0.00023274,alpha_code_name,high,0.992
2002,2000,SULLIVAN,11R KINGSPORT CHURC,8784,008506,0.83284768,alpha_code_name,high,0.992
2002,2000,SULLIVAN,11R KINGSPORT CHURC,8784,008522,0.15612517,alpha_code_name,high,0.992
2002,2000,SULLIVAN,11R KINGSPORT CHURC,8784,008520,0.00855954,alpha_code_name,high,0.992
2002,2000,SULLIVAN,11R KINGSPORT CHURC,8784,008519,0.00246761,alpha_code_name,high,0.992
2002,2000,SULLIVAN,11S CIVIC AUDITORIUM,8788,008506,0.99603275,alpha_code_name,high,0.992
2002,2000,SULLIVAN,11S CIVIC AUDITORIUM,8788,008523,0.00396725,alpha_code_name,high,0.992
2002,2000,SULLIVAN,11S CIVIC AUDITORIUM,8788,008510,0.0,alpha_code_name,high,0.992
2002,2000,SULLIVAN,11W KINGSPORT LIBR,8792,008523,0.7757709,alpha_code_name,high,0.992
2002,2000,SULLIVAN,11W KINGSPORT LIBR,8792,008511,0.22275436,alpha_code_name,high,0.992
2002,2000,SULLIVAN,11W KINGSPORT LIBR,8792,008524,0.00092478,alpha_code_name,high,0.992
2002,2000,SULLIVAN,11W KINGSPORT LIBR,8792,008506,0.00054995,alpha_code_name,high,0.992
2002,2000,SULLIVAN,11W KINGSPORT LIBR,8792,008510,0.0,alpha_code_name,high,0.992
2002,2000,SULLIVAN,12CB CLOUDS BEND U,8800,008524,0.83932376,alpha_code_name,high,0.992
2002,2000,SULLIVAN,12CB CLOUDS BEND U,8800,008510,0.16060529,alpha_code_name,high,0.992
2002,2000,SULLIVAN,12CB CLOUDS BEND U,8800,008511,7.064e-05,alpha_code_name,high,0.992
2002,2000,SULLIVAN,12CB CLOUDS BEND U,8800,008523,3.1e-07,alpha_code_name,high,0.992
2002,2000,SULLIVAN,12LG LYNN VIEW MID,8804,008511,0.99999766,alpha_code_name,high,0.992
2002,2000,SULLIVAN,12LG LYNN VIEW MID,8804,008523,1.96e-06,alpha_code_name,high,0.992
2002,2000,SULLIVAN,12LG LYNN VIEW MID,8804,008505,3.9e-07,alpha_code_name,high,0.992
2002,2000,SULLIVAN,12OK FIREHALL 4,8808,008511,0.99995509,alpha_code_name,high,0.992
2002,2000,SULLIVAN,12OK FIREHALL 4,8808,008523,2.471e-05,alpha_code_name,high,0.992
2002,2000,SULLIVAN,12OK FIREHALL 4,8808,008524,2.02e-05,alpha_code_name,high,0.992
2002,2000,SULLIVAN,13P SULLIVAN SO HIGH,8820,008510,0.99788168,alpha_code_name,high,0.992
2002,2000,SULLIVAN,13P SULLIVAN SO HIGH,8820,008525,0.00138897,alpha_code_name,high,0.992
2002,2000,SULLIVAN,13P SULLIVAN SO HIGH,8820,008506,0.00072936,alpha_code_name,high,0.992
2002,2000,SULLIVAN,13P SULLIVAN SO HIGH,8820,008524,0.0,alpha_code_name,high,0.992
2002,2000,SULLIVAN,14CH COLONIAL HGHTS,8828,008519,0.68660773,alpha_code_name,high,0.992
2002,2000,SULLIVAN,14CH COLONIAL HGHTS,8828,008510,0.30998142,alpha_code_name,high,0.992
2002,2000,SULLIVAN,14CH COLONIAL HGHTS,8828,008518,0.00311336,alpha_code_name,high,0.992
2002,2000,SULLIVAN,14CH COLONIAL HGHTS,8828,008506,0.0002858,alpha_code_name,high,0.992
2002,2000,SULLIVAN,14CH COLONIAL HGHTS,8828,008520,1.129e-05,alpha_code_name,high,0.992
2002,2000,SULLIVAN,14CH COLONIAL HGHTS,8828,008525,4e-07,alpha_code_name,high,0.992
2002,2000,SULLIVAN,14MP FORDTOWN RUR,8832,008518,0.99999974,alpha_code_name,high,0.992
2002,2000,SULLIVAN,14MP FORDTOWN RUR,8832,008519,2.5e-07,alpha_code_name,high,0.992
2002,2000,SULLIVAN,14MP FORDTOWN RUR,8832,008510,2e-08,alpha_code_name,high,0.992
2002,2000,SULLIVAN,14MP FORDTOWN RUR,8832,008509,0.0,alpha_code_name,high,0.992
2002,2000,SULLIVAN,14MP FORDTOWN RUR,8832,008525,0.0,alpha_code_name,high,0.992
2002,2000,SULLIVAN,15 SULLIVAN WEST MID,8836,008525,0.99921294,code_token_name,high,0.993
2002,2000,SULLIVAN,15 SULLIVAN WEST MID,8836,008510,0.00078706,code_token_name,high,0.993
2002,2000,SULLIVAN,16BC BLUFF CITY MID,8840,008512,0.71205543,alpha_code_name,high,0.992
2002,2000,SULLIVAN,16BC BLUFF CITY MID,8840,008514,0.16427546,alpha_code_name,high,0.992
2002,2000,SULLIVAN,16BC BLUFF CITY MID,8840,008515,0.12329698,alpha_code_name,high,0.992
2002,2000,SULLIVAN,16BC BLUFF CITY MID,8840,008513,0.00037213,alpha_code_name,high,0.992
2002,2000,SULLIVAN,16CG CHINQUAPIN RU,8844,008507,0.60447633,alpha_code_name,high,0.992
2002,2000,SULLIVAN,16CG CHINQUAPIN RU,8844,008512,0.39552365,alpha_code_name,high,0.992
2002,2000,SULLIVAN,16CG CHINQUAPIN RU,8844,008513,3e-08,alpha_code_name,high,0.992
2002,2000,SULLIVAN,17E FAIRMOUNT SCHO,8852,008501,0.99874792,alpha_code_name,high,0.992
2002,2000,SULLIVAN,17E FAIRMOUNT SCHO,8852,008517,0.00124761,alpha_code_name,high,0.992
2002,2000,SULLIVAN,17E FAIRMOUNT SCHO,8852,008503,4.47e-06,alpha_code_name,high,0.992
2002,2000,SULLIVAN,17S HAYNESFIELD SCH,8860,008501,0.98613769,alpha_code_name,high,0.992
2002,2000,SULLIVAN,17S HAYNESFIELD SCH,8860,008503,0.01384814,alpha_code_name,high,0.992
2002,2000,SULLIVAN,17S HAYNESFIELD SCH,8860,008516,1.409e-05,alpha_code_name,high,0.992
2002,2000,SULLIVAN,17S HAYNESFIELD SCH,8860,008504,9e-08,alpha_code_name,high,0.992
2002,2000,SULLIVAN,17W ANDERSON SCHO,8864,008503,0.99943983,alpha_code_name,high,0.992
2002,2000,SULLIVAN,17W ANDERSON SCHO,8864,008501,0.00056013,alpha_code_name,high,0.992
2002,2000,SULLIVAN,17W ANDERSON SCHO,8864,008516,4e-08,alpha_code_name,high,0.992
2002,2000,SULLIVAN,17W ANDERSON SCHO,8864,008502,0.0,alpha_code_name,high,0.992
2002,2000,SULLIVAN,18 HOLSTON SCHOOL,8868,008509,0.88484078,code_token_name,high,0.993
2002,2000,SULLIVAN,18 HOLSTON SCHOOL,8868,008502,0.11515914,code_token_name,high,0.993
2002,2000,SULLIVAN,18 HOLSTON SCHOOL,8868,008514,6e-08,code_token_name,high,0.993
2002,2000,SULLIVAN,18 HOLSTON SCHOOL,8868,008520,2e-08,code_token_name,high,0.993
2002,2000,SULLIVAN,18 HOLSTON SCHOOL,8868,008518,0.0,code_token_name,high,0.993
2002,2000,SULLIVAN,18 HOLSTON SCHOOL,8868,008513,0.0,code_token_name,high,0.993
2002,2000,SULLIVAN,19H JACOBS CRK JOB,8876,008504,1.0,alpha_code_name,high,0.992
2002,2000,SULLIVAN,20 ROCKY SPGS COM,8880,008513,1.0,code_token_name,high,0.993
2002,2000,SULLIVAN,20 ROCKY SPGS COM,8880,008509,0.0,code_token_name,high,0.993
2002,2000,SULLIVAN,20 ROCKY SPGS COM,8880,008514,0.0,code_token_name,high,0.993
2002,2000,SULLIVAN,21 EAST HIGH SCHOOL,8884,008515,0.70791245,code_token_name,high,0.993
2002,2000,SULLIVAN,21 EAST HIGH SCHOOL,8884,008516,0.19500861,code_token_name,high,0.993
2002,2000,SULLIVAN,21 EAST HIGH SCHOOL,8884,008504,0.09694068,code_token_name,high,0.993
2002,2000,SULLIVAN,21 EAST HIGH SCHOOL,8884,008507,0.00013825,code_token_name,high,0.993
2002,2000,SULLIVAN,21 EAST HIGH SCHOOL,8884,008501,1e-08,code_token_name,high,0.993
2002,2000,SULLIVAN,21 EAST HIGH SCHOOL,8884,008512,0.0,code_token_name,high,0.993
2002,2000,SULLIVAN,22 HOLSTON VALLEY,8888,008504,1.0,code_token_name,high,0.993
2002,2000,SUMNER,01A WESTMORELAND,9044,008632,0.99999999,tail_fuzzy_name,low,0.923077
2002,2000,SUMNER,01A WESTMORELAND,9044,008636,0.0,tail_fuzzy_name,low,0.923077
2002,2000,SUMNER,01A WESTMORELAND,9044,008635,0.0,tail_fuzzy_name,low,0.923077
2002,2000,SUMNER,01B NORTH SUMNER,8976,008636,0.99658082,tail_fuzzy_name,low,0.923077
2002,2000,SUMNER,01B NORTH SUMNER,8976,008635,0.00341918,tail_fuzzy_name,low,0.923077
2002,2000,SUMNER,01B NORTH SUMNER,8976,008632,1e-08,tail_fuzzy_name,low,0.923077
2002,2000,SUMNER,01C CORINTH,0002,0002,1.0,tail_fuzzy_name,low,0.875
2002,2000,SUMNER,02A PORTLAND,8992,008614,0.42999272,tail_fuzzy_name,low,0.888889
2002,2000,SUMNER,02A PORTLAND,8992,008613,0.27391966,tail_fuzzy_name,low,0.888889
2002,2000,SUMNER,02A PORTLAND,8992,008636,0.19765609,tail_fuzzy_name,low,0.888889
2002,2000,SUMNER,02A PORTLAND,8992,008612,0.09843152,tail_fuzzy_name,low,0.888889
2002,2000,SUMNER,02B FOUNTAIN HEAD,8920,008613,0.56697226,tail_fuzzy_name,low,0.928571
2002,2000,SUMNER,02B FOUNTAIN HEAD,8920,008636,0.3463392,tail_fuzzy_name,low,0.928571
2002,2000,SUMNER,02B FOUNTAIN HEAD,8920,008612,0.08668799,tail_fuzzy_name,low,0.928571
2002,2000,SUMNER,02B FOUNTAIN HEAD,8920,008627,5.6e-07,tail_fuzzy_name,low,0.928571
2002,2000,SUMNER,02B FOUNTAIN HEAD,8920,008614,0.0,tail_fuzzy_name,low,0.928571
2002,2000,SUMNER,02B FOUNTAIN HEAD,8920,008635,0.0,tail_fuzzy_name,low,0.928571
2002,2000,SUMNER,03A CAIRO,8904,008607,0.98708551,tail_fuzzy_name,low,0.833333
2002,2000,SUMNER,03A CAIRO,8904,008608,0.01157022,tail_fuzzy_name,low,0.833333
2002,2000,SUMNER,03A CAIRO,8904,008609,0.00134409,tail_fuzzy_name,low,0.833333
2002,2000,SUMNER,03A CAIRO,8904,008635,1.7e-07,tail_fuzzy_name,low,0.833333
2002,2000,SUMNER,03A CAIRO,8904,008618,0.0,tail_fuzzy_name,low,0.833333
2002,2000,SUMNER,03B CASTALIAN SPGS,8908,008607,0.98885171,tail_fuzzy_name,low,0.848485
2002,2000,SUMNER,03B CASTALIAN SPGS,8908,008635,0.01114829,tail_fuzzy_name,low,0.848485
2002,2000,SUMNER,03C SIDEVIEW,9012,008635,0.96631896,tail_fuzzy_name,low,0.888889
2002,2000,SUMNER,03C SIDEVIEW,9012,008636,0.03106319,tail_fuzzy_name,low,0.888889
2002,2000,SUMNER,03C SIDEVIEW,9012,008609,0.00258596,tail_fuzzy_name,low,0.888889
2002,2000,SUMNER,03C SIDEVIEW,9012,008607,3.185e-05,tail_fuzzy_name,low,0.888889
2002,2000,SUMNER,03C SIDEVIEW,9012,008632,5e-08,tail_fuzzy_name,low,0.888889
2002,2000,SUMNER,03C SIDEVIEW,9012,008610,0.0,tail_fuzzy_name,low,0.888889
2002,2000,SUMNER,03D BUSHES CHAPEL,9024,008635,0.98824903,tail_fuzzy_name,low,0.928571
2002,2000,SUMNER,03D BUSHES CHAPEL,9024,008636,0.01174697,tail_fuzzy_name,low,0.928571
2002,2000,SUMNER,03D BUSHES CHAPEL,9024,008627,3.96e-06,tail_fuzzy_name,low,0.928571
2002,2000,SUMNER,03D BUSHES CHAPEL,9024,008610,4e-08,tail_fuzzy_name,low,0.928571
2002,2000,SUMNER,04A CNTY ADMIN BLDG,9020,008611,0.99989224,tail_fuzzy_name,low,0.740741
2002,2000,SUMNER,04A CNTY ADMIN BLDG,9020,008618,6.15e-05,tail_fuzzy_name,low,0.740741
2002,2000,SUMNER,04A CNTY ADMIN BLDG,9020,008628,4.462e-05,tail_fuzzy_name,low,0.740741
2002,2000,SUMNER,04A CNTY ADMIN BLDG,9020,008601,9e-07,tail_fuzzy_name,low,0.740741
2002,2000,SUMNER,04A CNTY ADMIN BLDG,9020,008610,3.5e-07,tail_fuzzy_name,low,0.740741
2002,2000,SUMNER,04A CNTY ADMIN BLDG,9020,008622,3.3e-07,tail_fuzzy_name,low,0.740741
2002,2000,SUMNER,04A CNTY ADMIN BLDG,9020,008624,6e-08,tail_fuzzy_name,low,0.740741
2002,2000,SUMNER,04A CNTY ADMIN BLDG,9020,008627,0.0,tail_fuzzy_name,low,0.740741
2002,2000,SUMNER,04B SALEM,9000,008610,0.7196347,tail_fuzzy_name,low,0.833333
2002,2000,SUMNER,04B SALEM,9000,008627,0.28001843,tail_fuzzy_name,low,0.833333
2002,2000,SUMNER,04B SALEM,9000,008635,0.0003468,tail_fuzzy_name,low,0.833333
2002,2000,SUMNER,04B SALEM,9000,008611,7e-08,tail_fuzzy_name,low,0.833333
2002,2000,SUMNER,04B SALEM,9000,008612,0.0,tail_fuzzy_name,low,0.833333
2002,2000,SUMNER,04C COTTONTOWN,8952,008627,0.99895591,tail_fuzzy_name,low,0.909091
2002,2000,SUMNER,04C COTTONTOWN,8952,008610,0.00057009,tail_fuzzy_name,low,0.909091
2002,2000,SUMNER,04C COTTONTOWN,8952,008624,0.000469,tail_fuzzy_name,low,0.909091
2002,2000,SUMNER,04C COTTONTOWN,8952,008612,4.85e-06,tail_fuzzy_name,low,0.909091
2002,2000,SUMNER,04C COTTONTOWN,8952,008611,1.5e-07,tail_fuzzy_name,low,0.909091
2002,2000,SUMNER,04D UNION ELEMENTAR,9028,008610,0.82279824,tail_fuzzy_name,low,0.909091
2002,2000,SUMNER,04D UNION ELEMENTAR,9028,008609,0.17720081,tail_fuzzy_name,low,0.909091
2002,2000,SUMNER,04D UNION ELEMENTAR,9028,008635,9.6e-07,tail_fuzzy_name,low,0.909091
2002,2000,SUMNER,04D UNION ELEMENTAR,9028,008611,0.0,tail_fuzzy_name,low,0.909091
2002,2000,SUMNER,05A GALLATIN CITY,0011,0011,1.0,tail_fuzzy_name,low,0.761905
2002,2000,SUMNER,05B SOUTH WATER,8924,008608,0.88647467,tail_fuzzy_name,low,0.916667
2002,2000,SUMNER,05B SOUTH WATER,8924,008618,0.10668286,tail_fuzzy_name,low,0.916667
2002,2000,SUMNER,05B SOUTH WATER,8924,008607,0.00684245,tail_fuzzy_name,low,0.916667
2002,2000,SUMNER,05B SOUTH WATER,8924,008609,2e-08,tail_fuzzy_name,low,0.916667
2002,2000,SUMNER,06A VOL STATE,8972,008601,0.62259206,tail_fuzzy_name,low,0.9
2002,2000,SUMNER,06A VOL STATE,8972,008618,0.3582858,tail_fuzzy_name,low,0.9
2002,2000,SUMNER,06A VOL STATE,8972,008608,0.01682214,tail_fuzzy_name,low,0.9
2002,2000,SUMNER,06A VOL STATE,8972,008607,0.00133054,tail_fuzzy_name,low,0.9
2002,2000,SUMNER,06A VOL STATE,8972,008602,0.00096885,tail_fuzzy_name,low,0.9
2002,2000,SUMNER,06A VOL STATE,8972,008611,6.1e-07,tail_fuzzy_name,low,0.9
2002,2000,SUMNER,06B GALLATIN HIGH,0011,0011,1.0,tail_fuzzy_name,low,0.769231
2002,2000,SUMNER,06C BLUEGRASS,8900,008602,0.99981261,tail_fuzzy_name,low,0.9
2002,2000,SUMNER,06C BLUEGRASS,8900,008601,0.00014525,tail_fuzzy_name,low,0.9
2002,2000,SUMNER,06C BLUEGRASS,8900,008622,4.215e-05,tail_fuzzy_name,low,0.9
2002,2000,SUMNER,06C BLUEGRASS,8900,008603,0.0,tail_fuzzy_name,low,0.9
2002,2000,SUMNER,07A KNOX DOSS,8944,008622,0.58653111,tail_fuzzy_name,low,0.9
2002,2000,SUMNER,07A KNOX DOSS,8944,008619,0.36263733,tail_fuzzy_name,low,0.9
2002,2000,SUMNER,07A KNOX DOSS,8944,008633,0.05083156,tail_fuzzy_name,low,0.9
2002,2000,SUMNER,07A KNOX DOSS,8944,008621,0.0,tail_fuzzy_name,low,0.9
2002,2000,SUMNER,07B SAUNDERSVILLE,9042,008622,0.67324694,tail_fuzzy_name,low,0.928571
2002,2000,SUMNER,07B SAUNDERSVILLE,9042,008628,0.32672542,tail_fuzzy_name,low,0.928571
2002,2000,SUMNER,07B SAUNDERSVILLE,9042,008602,2.178e-05,tail_fuzzy_name,low,0.928571
2002,2000,SUMNER,07B SAUNDERSVILLE,9042,008611,5.82e-06,tail_fuzzy_name,low,0.928571
2002,2000,SUMNER,07B SAUNDERSVILLE,9042,008603,4e-08,tail_fuzzy_name,low,0.928571
2002,2000,SUMNER,07C LONG HOLLOW,8986,008628,0.95552844,tail_fuzzy_name,low,0.916667
2002,2000,SUMNER,07C LONG HOLLOW,8986,008622,0.04441959,tail_fuzzy_name,low,0.916667
2002,2000,SUMNER,07C LONG HOLLOW,8986,008611,5.068e-05,tail_fuzzy_name,low,0.916667
2002,2000,SUMNER,07C LONG HOLLOW,8986,008624,1.29e-06,tail_fuzzy_name,low,0.916667
2002,2000,SUMNER,07C LONG HOLLOW,8986,008633,0.0,tail_fuzzy_name,low,0.916667
2002,2000,SUMNER,08A BROWN ELEM,8928,008619,0.77898805,tail_fuzzy_name,low,0.941176
2002,2000,SUMNER,08A BROWN ELEM,8928,008603,0.22100207,tail_fuzzy_name,low,0.941176
2002,2000,SUMNER,08A BROWN ELEM,8928,008621,5.79e-06,tail_fuzzy_name,low,0.941176
2002,2000,SUMNER,08A BROWN ELEM,8928,008631,3.89e-06,tail_fuzzy_name,low,0.941176
2002,2000,SUMNER,08A BROWN ELEM,8928,008620,2e-07,tail_fuzzy_name,low,0.941176
2002,2000,SUMNER,08A BROWN ELEM,8928,008622,0.0,tail_fuzzy_name,low,0.941176
2002,2000,SUMNER,08B LAKESIDE,8948,008631,0.96987874,tail_fuzzy_name,low,0.888889
2002,2000,SUMNER,08B LAKESIDE,8948,008620,0.03012096,tail_fuzzy_name,low,0.888889
2002,2000,SUMNER,08B LAKESIDE,8948,008619,2.3e-07,tail_fuzzy_name,low,0.888889
2002,2000,SUMNER,08B LAKESIDE,8948,008621,7e-08,tail_fuzzy_name,low,0.888889
2002,2000,SUMNER,09A NANNIE BERRY,8968,008603,0.98773356,tail_fuzzy_name,low,0.923077
2002,2000,SUMNER,09A NANNIE BERRY,8968,008620,0.01226538,tail_fuzzy_name,low,0.923077
2002,2000,SUMNER,09A NANNIE BERRY,8968,008622,1.06e-06,tail_fuzzy_name,low,0.923077
2002,2000,SUMNER,09A NANNIE BERRY,8968,008602,0.0,tail_fuzzy_name,low,0.923077
2002,2000,SUMNER,09B INDIAN LAKE,8936,008620,1.0,tail_fuzzy_name,low,0.916667
2002,2000,SUMNER,09B INDIAN LAKE,8936,008631,0.0,tail_fuzzy_name,low,0.916667
2002,2000,SUMNER,09B INDIAN LAKE,8936,008619,0.0,tail_fuzzy_name,low,0.916667
2002,2000,SUMNER,09B INDIAN LAKE,8936,008603,0.0,tail_fuzzy_name,low,0.916667
2002,2000,SUMNER,09C ROCK CASTLE,8969,008620,0.68996547,tail_fuzzy_name,low,0.916667
2002,2000,SUMNER,09C ROCK CASTLE,8969,008603,0.31003453,tail_fuzzy_name,low,0.916667
2002,2000,SUMNER,10A WALTON FERRY,9036,008621,0.86775891,tail_fuzzy_name,low,0.923077
2002,2000,SUMNER,10A WALTON FERRY,9036,008631,0.13222274,tail_fuzzy_name,low,0.923077
2002,2000,SUMNER,10A WALTON FERRY,9036,008619,1.835e-05,tail_fuzzy_name,low,0.923077
2002,2000,SUMNER,10B GOOD SHEPERD,0012,0012,1.0,forced_best_name,low,0.516129
2002,2000,SUMNER,11A SHACKLE ISLAND,8932,008624,0.75523508,tail_fuzzy_name,low,0.933333
2002,2000,SUMNER,11A SHACKLE ISLAND,8932,008627,0.15868109,tail_fuzzy_name,low,0.933333
2002,2000,SUMNER,11A SHACKLE ISLAND,8932,008633,0.07971081,tail_fuzzy_name,low,0.933333
2002,2000,SUMNER,11A SHACKLE ISLAND,8932,008623,0.00340851,tail_fuzzy_name,low,0.933333
2002,2000,SUMNER,11A SHACKLE ISLAND,8932,008625,0.00279951,tail_fuzzy_name,low,0.933333
2002,2000,SUMNER,11A SHACKLE ISLAND,8932,008626,9.137e-05,tail_fuzzy_name,low,0.933333
2002,2000,SUMNER,11A SHACKLE ISLAND,8932,008628,5.861e-05,tail_fuzzy_name,low,0.933333
2002,2000,SUMNER,11A SHACKLE ISLAND,8932,008622,1.5e-05,tail_fuzzy_name,low,0.933333
2002,2000,SUMNER,11A SHACKLE ISLAND,8932,008611,0.0,tail_fuzzy_name,low,0.933333
2002,2000,SUMNER,11B MADISON CREEK,8956,008623,0.98464816,tail_fuzzy_name,low,0.928571
2002,2000,SUMNER,11B MADISON CREEK,8956,008625,0.01022591,tail_fuzzy_name,low,0.928571
2002,2000,SUMNER,11B MADISON CREEK,8956,008624,0.00512593,tail_fuzzy_name,low,0.928571
2002,2000,SUMNER,11C MILLERSVILLE,8960,008625,0.95985284,tail_fuzzy_name,low,0.923077
2002,2000,SUMNER,11C MILLERSVILLE,8960,008626,0.03655326,tail_fuzzy_name,low,0.923077
2002,2000,SUMNER,11C MILLERSVILLE,8960,008623,0.00359375,tail_fuzzy_name,low,0.923077
2002,2000,SUMNER,11C MILLERSVILLE,8960,008624,1.5e-07,tail_fuzzy_name,low,0.923077
2002,2000,SUMNER,12A OAKMONT,8980,008612,0.8874518,tail_fuzzy_name,low,0.875
2002,2000,SUMNER,12A OAKMONT,8980,008627,0.1125482,tail_fuzzy_name,low,0.875
2002,2000,SUMNER,12A OAKMONT,8980,008636,0.0,tail_fuzzy_name,low,0.875
2002,2000,SUMNER,12A OAKMONT,8980,008613,0.0,tail_fuzzy_name,low,0.875
2002,2000,SUMNER,12B WHITE HOUSE,9052,008626,0.55319303,tail_fuzzy_name,low,0.916667
2002,2000,SUMNER,12B WHITE HOUSE,9052,008612,0.20329371,tail_fuzzy_name,low,0.916667
2002,2000,SUMNER,12B WHITE HOUSE,9052,008627,0.1958887,tail_fuzzy_name,low,0.916667
2002,2000,SUMNER,12B WHITE HOUSE,9052,008625,0.04762443,tail_fuzzy_name,low,0.916667
2002,2000,SUMNER,12B WHITE HOUSE,9052,008624,1.2e-07,tail_fuzzy_name,low,0.916667
2002,2000,TIPTON,01 FIRE STA NORTH 1,9120,008708,0.99999877,code_token_name,high,0.993
2002,2000,TIPTON,01 FIRE STA NORTH 1,9120,008705,1.23e-06,code_token_name,high,0.993
2002,2000,TIPTON,02 EAST COVINGTON,9104,008708,0.6712545,code_token_name,high,0.993
2002,2000,TIPTON,02 EAST COVINGTON,9104,008705,0.3287455,code_token_name,high,0.993
2002,2000,TIPTON,03 SE COVINGTON,9128,008705,0.99999999,code_token_name,high,0.993
2002,2000,TIPTON,03 SE COVINGTON,9128,008702,1e-08,code_token_name,high,0.993
2002,2000,TIPTON,03 SE COVINGTON,9128,008703,0.0,code_token_name,high,0.993
2002,2000,TIPTON,03 SE COVINGTON,9128,008708,0.0,code_token_name,high,0.993
2002,2000,TIPTON,04 FIRE STA SOUTH 2,9129,008702,0.53724438,code_token_name,high,0.993
2002,2000,TIPTON,04 FIRE STA SOUTH 2,9129,008705,0.46275559,code_token_name,high,0.993
2002,2000,TIPTON,04 FIRE STA SOUTH 2,9129,008708,2e-08,code_token_name,high,0.993
2002,2000,TIPTON,05 CHARLESTON,9080,008705,0.99999998,code_token_name,high,0.993
2002,2000,TIPTON,05 CHARLESTON,9080,008703,2e-08,code_token_name,high,0.993
2002,2000,TIPTON,06 W COVINGTON,9136,008704,0.58827368,code_token_name,high,0.993
2002,2000,TIPTON,06 W COVINGTON,9136,008708,0.32298578,code_token_name,high,0.993
2002,2000,TIPTON,06 W COVINGTON,9136,008702,0.05232126,code_token_name,high,0.993
2002,2000,TIPTON,06 W COVINGTON,9136,008705,0.03641928,code_token_name,high,0.993
2002,2000,TIPTON,07 GARLAND,9100,008704,0.84319435,code_token_name,high,0.993
2002,2000,TIPTON,07 GARLAND,9100,008708,0.15680565,code_token_name,high,0.993
2002,2000,TIPTON,08 BURLISON,9076,008704,1.0,code_token_name,high,0.993
2002,2000,TIPTON,09 GILT EDGE,9068,008709,0.51346885,code_token_name,high,0.993
2002,2000,TIPTON,09 GILT EDGE,9068,008701,0.1985144,code_token_name,high,0.993
2002,2000,TIPTON,09 GILT EDGE,9068,008702,0.18846997,code_token_name,high,0.993
2002,2000,TIPTON,09 GILT EDGE,9068,008703,0.09954677,code_token_name,high,0.993
2002,2000,TIPTON,09 GILT EDGE,9068,008707,1e-08,code_token_name,high,0.993
2002,2000,TIPTON,10 WEST ATOKA,9132,008701,0.93186937,code_token_name,high,0.993
2002,2000,TIPTON,10 WEST ATOKA,9132,008706,0.06071801,code_token_name,high,0.993
2002,2000,TIPTON,10 WEST ATOKA,9132,008707,0.00741262,code_token_name,high,0.993
2002,2000,TIPTON,11 EAST ATOKA,9096,008704,0.59275824,code_token_name,high,0.993
2002,2000,TIPTON,11 EAST ATOKA,9096,008707,0.30697414,code_token_name,high,0.993
2002,2000,TIPTON,11 EAST ATOKA,9096,008702,0.0990721,code_token_name,high,0.993
2002,2000,TIPTON,11 EAST ATOKA,9096,008709,0.00119551,code_token_name,high,0.993
2002,2000,TIPTON,11 EAST ATOKA,9096,008706,0.0,code_token_name,high,0.993
2002,2000,TIPTON,12 WEST MUNFORD,9116,008707,0.70348608,exact_name,high,1.0
2002,2000,TIPTON,12 WEST MUNFORD,9116,008701,0.21708397,exact_name,high,1.0
2002,2000,TIPTON,12 WEST MUNFORD,9116,008704,0.07933197,exact_name,high,1.0
2002,2000,TIPTON,12 WEST MUNFORD,9116,008706,9.758e-05,exact_name,high,1.0
2002,2000,TIPTON,12 WEST MUNFORD,9116,008709,3.9e-07,exact_name,high,1.0
2002,2000,TIPTON,13 EAST MUNFORD,9108,008706,0.80457677,code_token_name,high,0.993
2002,2000,TIPTON,13 EAST MUNFORD,9108,008704,0.19542322,code_token_name,high,0.993
2002,2000,TIPTON,13 EAST MUNFORD,9108,008707,1e-08,code_token_name,high,0.993
2002,2000,TIPTON,13 EAST MUNFORD,9108,008701,0.0,code_token_name,high,0.993
2002,2000,TIPTON,14 DRUMMONDS,9092,008706,0.98032724,exact_name,high,1.0
2002,2000,TIPTON,14 DRUMMONDS,9092,008701,0.01967276,exact_name,high,1.0
2002,2000,TIPTON,15 QUITO,9093,008706,0.99999898,exact_name,high,1.0
2002,2000,TIPTON,15 QUITO,9093,008701,1.02e-06,exact_name,high,1.0
2002,2000,TIPTON,16 CORONA,9088,008706,1.0,exact_name,high,1.0
2002,2000,TIPTON,17 REVERIE,9124,008706,1.0,exact_name,high,1.0
2002,2000,TIPTON,18 RANDOLPH,9072,008702,0.56624935,code_token_name,high,0.993
2002,2000,TIPTON,18 RANDOLPH,9072,008703,0.33297577,code_token_name,high,0.993
2002,2000,TIPTON,18 RANDOLPH,9072,008705,0.09852203,code_token_name,high,0.993
2002,2000,TIPTON,18 RANDOLPH,9072,008707,0.00193529,code_token_name,high,0.993
2002,2000,TIPTON,18 RANDOLPH,9072,008704,0.00031756,code_token_name,high,0.993
2002,2000,TIPTON,18 RANDOLPH,9072,008709,0.0,code_token_name,high,0.993
2002,2000,TIPTON,19 CLOPTON,9084,008703,0.95426486,exact_name,high,1.0
2002,2000,TIPTON,19 CLOPTON,9084,008702,0.04573506,exact_name,high,1.0
2002,2000,TIPTON,19 CLOPTON,9084,008709,8e-08,exact_name,high,1.0
2002,2000,TIPTON,20 MASON,9112,008703,0.91663465,exact_name,high,1.0
2002,2000,TIPTON,20 MASON,9112,008705,0.08336535,exact_name,high,1.0
2002,2000,TIPTON,21 WEST WILKINSVILLE,9132,008701,0.93186937,tail_fuzzy_name,low,0.827586
2002,2000,TIPTON,21 WEST WILKINSVILLE,9132,008706,0.06071801,tail_fuzzy_name,low,0.827586
2002,2000,TIPTON,21 WEST WILKINSVILLE,9132,008707,0.00741262,tail_fuzzy_name,low,0.827586
2002,2000,TIPTON,22 WEST BRIGHTON,9072,008702,0.56624935,tail_fuzzy_name,low,0.761905
2002,2000,TIPTON,22 WEST BRIGHTON,9072,008703,0.33297577,tail_fuzzy_name,low,0.761905
2002,2000,TIPTON,22 WEST BRIGHTON,9072,008705,0.09852203,tail_fuzzy_name,low,0.761905
2002,2000,TIPTON,22 WEST BRIGHTON,9072,008707,0.00193529,tail_fuzzy_name,low,0.761905
2002,2000,TIPTON,22 WEST BRIGHTON,9072,008704,0.00031756,tail_fuzzy_name,low,0.761905
2002,2000,TIPTON,22 WEST BRIGHTON,9072,008709,0.0,tail_fuzzy_name,low,0.761905
2002,2000,TIPTON,23 EAST BRIGHTON,9072,008702,0.56624935,tail_fuzzy_name,low,0.761905
2002,2000,TIPTON,23 EAST BRIGHTON,9072,008703,0.33297577,tail_fuzzy_name,low,0.761905
2002,2000,TIPTON,23 EAST BRIGHTON,9072,008705,0.09852203,tail_fuzzy_name,low,0.761905
2002,2000,TIPTON,23 EAST BRIGHTON,9072,008707,0.00193529,tail_fuzzy_name,low,0.761905
2002,2000,TIPTON,23 EAST BRIGHTON,9072,008704,0.00031756,tail_fuzzy_name,low,0.761905
2002,2000,TIPTON,23 EAST BRIGHTON,9072,008709,0.0,tail_fuzzy_name,low,0.761905
2002,2000,TROUSDALE,01 ELEMENTARY SCH,0001,0001,1.0,code_token_name,high,0.993
2002,2000,TROUSDALE,02 CATO,0002,0002,1.0,exact_name,high,1.0
2002,2000,TROUSDALE,03 BEECH GROVE,0003,0003,1.0,exact_name,high,1.0
2002,2000,TROUSDALE,04 CITY HALL,0004,0004,1.0,code_token_name,high,0.993
2002,2000,TROUSDALE,05 TEMPLOW,0005,0005,1.0,exact_name,high,1.0
2002,2000,TROUSDALE,06 WALNUT GROVE,9168,008806,0.66012343,tail_fuzzy_name,low,0.888889
2002,2000,TROUSDALE,06 WALNUT GROVE,9168,008807,0.21238448,tail_fuzzy_name,low,0.888889
2002,2000,TROUSDALE,06 WALNUT GROVE,9168,008805,0.08896599,tail_fuzzy_name,low,0.888889
2002,2000,TROUSDALE,06 WALNUT GROVE,9168,008810,0.03852609,tail_fuzzy_name,low,0.888889
2002,2000,TROUSDALE,06 WALNUT GROVE,9168,008808,0.0,tail_fuzzy_name,low,0.888889
2002,2000,TROUSDALE,07 COURT HOUSE,0007,0007,1.0,code_token_name,high,0.993
2002,2000,TROUSDALE,08 WILLARD,0008,0008,1.0,exact_name,high,1.0
2002,2000,TROUSDALE,09 HIGH SCHOOL,0007,0007,1.0,exact_name,high,1.0
2002,2000,TROUSDALE,10 PROVIDENCE,0010,0010,1.0,exact_name,high,1.0
2002,2000,UNICOI,FISHERY,9192,008905,0.51541189,exact_name,high,1.0
2002,2000,UNICOI,FISHERY,9192,008901,0.28605543,exact_name,high,1.0
2002,2000,UNICOI,FISHERY,9192,008902,0.14786163,exact_name,high,1.0
2002,2000,UNICOI,FISHERY,9192,008906,0.04648361,exact_name,high,1.0
2002,2000,UNICOI,FISHERY,9192,008907,0.0022272,exact_name,high,1.0
2002,2000,UNICOI,FISHERY,9192,008904,0.00196025,exact_name,high,1.0
2002,2000,UNICOI,FISHERY,9192,008903,0.0,exact_name,high,1.0
2002,2000,UNICOI,FLAG POND,9196,008908,0.99999997,exact_name,high,1.0
2002,2000,UNICOI,FLAG POND,9196,008903,3e-08,exact_name,high,1.0
2002,2000,UNICOI,LIMESTONE COVE,9200,008907,0.99315729,exact_name,high,1.0
2002,2000,UNICOI,LIMESTONE COVE,9200,008905,0.00684214,exact_name,high,1.0
2002,2000,UNICOI,LIMESTONE COVE,9200,008904,5.2e-07,exact_name,high,1.0
2002,2000,UNICOI,LIMESTONE COVE,9200,008906,5e-08,exact_name,high,1.0
2002,2000,UNICOI,LOVE CHAPEL,9204,008903,0.7530262,exact_name,high,1.0
2002,2000,UNICOI,LOVE CHAPEL,9204,008902,0.24697378,exact_name,high,1.0
2002,2000,UNICOI,LOVE CHAPEL,9204,008901,3e-08,exact_name,high,1.0
2002,2000,UNICOI,MIDDLE SCHOOL,9188,008902,0.71874196,exact_name,high,1.0
2002,2000,UNICOI,MIDDLE SCHOOL,9188,008901,0.27968138,exact_name,high,1.0
2002,2000,UNICOI,MIDDLE SCHOOL,9188,008903,0.00150536,exact_name,high,1.0
2002,2000,UNICOI,MIDDLE SCHOOL,9188,008906,7.13e-05,exact_name,high,1.0
2002,2000,UNICOI,ROCK CREEK,9216,008906,0.96872452,exact_name,high,1.0
2002,2000,UNICOI,ROCK CREEK,9216,008901,0.03127408,exact_name,high,1.0
2002,2000,UNICOI,ROCK CREEK,9216,008907,1.19e-06,exact_name,high,1.0
2002,2000,UNICOI,ROCK CREEK,9216,008905,2e-07,exact_name,high,1.0
2002,2000,UNICOI,ROCK CREEK,9216,008902,0.0,exact_name,high,1.0
2002,2000,UNICOI,TEMPLE HILL,9220,008903,0.87002172,exact_name,high,1.0
2002,2000,UNICOI,TEMPLE HILL,9220,008908,0.12997828,exact_name,high,1.0
2002,2000,UNION,1 1 UNION CO HS,9232,009003,0.75342919,code_token_name,high,0.993
2002,2000,UNION,1 1 UNION CO HS,9232,009006,0.10471059,code_token_name,high,0.993
2002,2000,UNION,1 1 UNION CO HS,9232,009002,0.05931831,code_token_name,high,0.993
2002,2000,UNION,1 1 UNION CO HS,9232,009001,0.04852375,code_token_name,high,0.993
2002,2000,UNION,1 1 UNION CO HS,9232,009005,0.03401701,code_token_name,high,0.993
2002,2000,UNION,1 1 UNION CO HS,9232,009004,1.14e-06,code_token_name,high,0.993
2002,2000,UNION,2 2 LUTTRELL ELEM,9236,009002,0.74789886,code_token_name,high,0.993
2002,2000,UNION,2 2 LUTTRELL ELEM,9236,009007,0.21255434,code_token_name,high,0.993
2002,2000,UNION,2 2 LUTTRELL ELEM,9236,009003,0.03954679,code_token_name,high,0.993
2002,2000,UNION,2 2 LUTTRELL ELEM,9236,009006,0.0,code_token_name,high,0.993
2002,2000,UNION,3 2 CEDAR GROVE CC,9240,009004,0.99998844,code_token_name,high,0.993
2002,2000,UNION,3 2 CEDAR GROVE CC,9240,009001,1.133e-05,code_token_name,high,0.993
2002,2000,UNION,3 2 CEDAR GROVE CC,9240,009003,1.8e-07,code_token_name,high,0.993
2002,2000,UNION,3 2 CEDAR GROVE CC,9240,009005,4e-08,code_token_name,high,0.993
2002,2000,UNION,3 2 CEDAR GROVE CC,9240,009009,0.0,code_token_name,high,0.993
2002,2000,UNION,3 3 BROCK CC,9240,009004,0.99998844,code_token_name,high,0.993
2002,2000,UNION,3 3 BROCK CC,9240,009001,1.133e-05,code_token_name,high,0.993
2002,2000,UNION,3 3 BROCK CC,9240,009003,1.8e-07,code_token_name,high,0.993
2002,2000,UNION,3 3 BROCK CC,9240,009005,4e-08,code_token_name,high,0.993
2002,2000,UNION,3 3 BROCK CC,9240,009009,0.0,code_token_name,high,0.993
2002,2000,UNION,4 7 BIG RIDGE ELEM,9248,009005,0.99999922,code_token_name,high,0.993
2002,2000,UNION,4 7 BIG RIDGE ELEM,9248,009006,7.6e-07,code_token_name,high,0.993
2002,2000,UNION,4 7 BIG RIDGE ELEM,9248,009004,2e-08,code_token_name,high,0.993
2002,2000,UNION,4 7 BIG RIDGE ELEM,9248,009009,0.0,code_token_name,high,0.993
2002,2000,UNION,5 10 SHARPS CHAPEL,0006,0006,1.0,exact_name,high,1.0
2002,2000,UNION,5 13 BRADENS SCHOOL,9260,009008,1.0,prefix_name,high,0.995
2002,2000,UNION,5 13 BRADENS SCHOOL,9260,009009,0.0,prefix_name,high,0.995
2002,2000,UNION,6 6 PAULETTE CC,9264,009007,0.81439806,code_token_name,high,0.993
2002,2000,UNION,6 6 PAULETTE CC,9264,009006,0.18560194,code_token_name,high,0.993
2002,2000,UNION,6 6 PAULETTE CC,9264,009003,0.0,code_token_name,high,0.993
2002,2000,UNION,7 1 PLAINVIEW CC,0009,0009,1.0,code_token_name,high,0.993
2002,2000,VAN BUREN,CEDAR GROVE CC,0003,0003,1.0,tail_fuzzy_name,low,0.88
2002,2000,VAN BUREN,CUMMINGSVILLE CC,0002,0002,1.0,tail_fuzzy_name,low,0.896552
2002,2000,VAN BUREN,FALL CRK FALLS CC,0004,0004,1.0,tail_fuzzy_name,low,0.848485
2002,2000,VAN BUREN,PINEY FIRE HALL,9296,009102,0.81559502,exact_name,high,1.0
2002,2000,VAN BUREN,PINEY FIRE HALL,9296,009107,0.18439781,exact_name,high,1.0
2002,2000,VAN BUREN,PINEY FIRE HALL,9296,009105,6.91e-06,exact_name,high,1.0
2002,2000,VAN BUREN,PINEY FIRE HALL,9296,009103,2.5e-07,exact_name,high,1.0
2002,2000,VAN BUREN,SPENCER 5,0007,0007,1.0,exact_name,high,1.0
2002,2000,VAN BUREN,SPENCER ELEMENTARY,9300,009104,0.55291014,tail_fuzzy_name,low,0.837209
2002,2000,VAN BUREN,SPENCER ELEMENTARY,9300,009105,0.43871684,tail_fuzzy_name,low,0.837209
2002,2000,VAN BUREN,SPENCER ELEMENTARY,9300,009102,0.00837302,tail_fuzzy_name,low,0.837209
2002,2000,VAN BUREN,WHITE HILL CC,0006,0006,1.0,tail_fuzzy_name,low,0.869565
2002,2000,WARREN,01 1 BOBBY RAY ELEM,9348,009201,0.87112803,prefix_name,high,0.995
2002,2000,WARREN,01 1 BOBBY RAY ELEM,9348,009220,0.09943878,prefix_name,high,0.995
2002,2000,WARREN,01 1 BOBBY RAY ELEM,9348,009209,0.02860928,prefix_name,high,0.995
2002,2000,WARREN,01 1 BOBBY RAY ELEM,9348,009202,0.0008235,prefix_name,high,0.995
2002,2000,WARREN,01 1 BOBBY RAY ELEM,9348,009206,3.9e-07,prefix_name,high,0.995
2002,2000,WARREN,01 1 BOBBY RAY ELEM,9348,009203,3e-08,prefix_name,high,0.995
2002,2000,WARREN,02 1 COURTHOUSE,9324,009203,0.46110475,exact_name,high,1.0
2002,2000,WARREN,02 1 COURTHOUSE,9324,009217,0.26703503,exact_name,high,1.0
2002,2000,WARREN,02 1 COURTHOUSE,9324,009202,0.14510918,exact_name,high,1.0
2002,2000,WARREN,02 1 COURTHOUSE,9324,009205,0.11340969,exact_name,high,1.0
2002,2000,WARREN,02 1 COURTHOUSE,9324,009204,0.0132821,exact_name,high,1.0
2002,2000,WARREN,02 1 COURTHOUSE,9324,009208,5.913e-05,exact_name,high,1.0
2002,2000,WARREN,02 1 COURTHOUSE,9324,009201,1.3e-07,exact_name,high,1.0
2002,2000,WARREN,02 1 COURTHOUSE,9324,009214,0.0,exact_name,high,1.0
2002,2000,WARREN,02 1 COURTHOUSE,9324,009220,0.0,exact_name,high,1.0
2002,2000,WARREN,02 1 COURTHOUSE,9324,009216,0.0,exact_name,high,1.0
2002,2000,WARREN,02 2 WARREN AIRPORT,9324,009203,0.46110475,code_token_name,high,0.993
2002,2000,WARREN,02 2 WARREN AIRPORT,9324,009217,0.26703503,code_token_name,high,0.993
2002,2000,WARREN,02 2 WARREN AIRPORT,9324,009202,0.14510918,code_token_name,high,0.993
2002,2000,WARREN,02 2 WARREN AIRPORT,9324,009205,0.11340969,code_token_name,high,0.993
2002,2000,WARREN,02 2 WARREN AIRPORT,9324,009204,0.0132821,code_token_name,high,0.993
2002,2000,WARREN,02 2 WARREN AIRPORT,9324,009208,5.913e-05,code_token_name,high,0.993
2002,2000,WARREN,02 2 WARREN AIRPORT,9324,009201,1.3e-07,code_token_name,high,0.993
2002,2000,WARREN,02 2 WARREN AIRPORT,9324,009214,0.0,code_token_name,high,0.993
2002,2000,WARREN,02 2 WARREN AIRPORT,9324,009220,0.0,code_token_name,high,0.993
2002,2000,WARREN,02 2 WARREN AIRPORT,9324,009216,0.0,code_token_name,high,0.993
2002,2000,WARREN,03 1 BLUE MUNI BLDG,9316,009213,0.63800286,code_token_name,high,0.993
2002,2000,WARREN,03 1 BLUE MUNI BLDG,9316,009204,0.35899937,code_token_name,high,0.993
2002,2000,WARREN,03 1 BLUE MUNI BLDG,9316,009208,0.00232607,code_token_name,high,0.993
2002,2000,WARREN,03 1 BLUE MUNI BLDG,9316,009205,0.00067165,code_token_name,high,0.993
2002,2000,WARREN,03 1 BLUE MUNI BLDG,9316,009211,3e-08,code_token_name,high,0.993
2002,2000,WARREN,03 1 BLUE MUNI BLDG,9316,009202,3e-08,code_token_name,high,0.993
2002,2000,WARREN,03 2 SMARTT STA FIRE,9316,009213,0.63800286,code_token_name,high,0.993
2002,2000,WARREN,03 2 SMARTT STA FIRE,9316,009204,0.35899937,code_token_name,high,0.993
2002,2000,WARREN,03 2 SMARTT STA FIRE,9316,009208,0.00232607,code_token_name,high,0.993
2002,2000,WARREN,03 2 SMARTT STA FIRE,9316,009205,0.00067165,code_token_name,high,0.993
2002,2000,WARREN,03 2 SMARTT STA FIRE,9316,009211,3e-08,code_token_name,high,0.993
2002,2000,WARREN,03 2 SMARTT STA FIRE,9316,009202,3e-08,code_token_name,high,0.993
2002,2000,WARREN,04 1 TSU NURSERY RE,9384,009206,0.98594328,code_token_name,high,0.993
2002,2000,WARREN,04 1 TSU NURSERY RE,9384,009207,0.01389587,code_token_name,high,0.993
2002,2000,WARREN,04 1 TSU NURSERY RE,9384,009210,0.00016065,code_token_name,high,0.993
2002,2000,WARREN,04 1 TSU NURSERY RE,9384,009209,1.8e-07,code_token_name,high,0.993
2002,2000,WARREN,04 1 TSU NURSERY RE,9384,009201,2e-08,code_token_name,high,0.993
2002,2000,WARREN,04 1 TSU NURSERY RE,9384,009218,0.0,code_token_name,high,0.993
2002,2000,WARREN,04 1 TSU NURSERY RE,9384,009219,0.0,code_token_name,high,0.993
2002,2000,WARREN,05 1 THREE STAR MALL,9364,009207,0.96147201,exact_name,high,1.0
2002,2000,WARREN,05 1 THREE STAR MALL,9364,009206,0.03852792,exact_name,high,1.0
2002,2000,WARREN,05 1 THREE STAR MALL,9364,009208,7e-08,exact_name,high,1.0
2002,2000,WARREN,05 1 THREE STAR MALL,9364,009211,0.0,exact_name,high,1.0
2002,2000,WARREN,05 1 THREE STAR MALL,9364,009210,0.0,exact_name,high,1.0
2002,2000,WARREN,05 2 BEERSHEBA TOW,9312,009208,0.99907071,code_token_name,high,0.993
2002,2000,WARREN,05 2 BEERSHEBA TOW,9312,009207,0.0009287,code_token_name,high,0.993
2002,2000,WARREN,05 2 BEERSHEBA TOW,9312,009204,5.9e-07,code_token_name,high,0.993
2002,2000,WARREN,05 2 BEERSHEBA TOW,9312,009213,0.0,code_token_name,high,0.993
2002,2000,WARREN,05 2 BEERSHEBA TOW,9312,009202,0.0,code_token_name,high,0.993
2002,2000,WARREN,06 1 WARREN CO MID,9372,009209,0.9574549,code_token_name,high,0.993
2002,2000,WARREN,06 1 WARREN CO MID,9372,009206,0.04254508,code_token_name,high,0.993
2002,2000,WARREN,06 1 WARREN CO MID,9372,009220,2e-08,code_token_name,high,0.993
2002,2000,WARREN,06 1 WARREN CO MID,9372,009201,0.0,code_token_name,high,0.993
2002,2000,WARREN,06 1 WARREN CO MID,9372,009219,0.0,code_token_name,high,0.993
2002,2000,WARREN,07 1 EAST SIDE SCH,9336,009210,0.99998692,code_token_name,high,0.993
2002,2000,WARREN,07 1 EAST SIDE SCH,9336,009206,1.29e-05,code_token_name,high,0.993
2002,2000,WARREN,07 1 EAST SIDE SCH,9336,009207,1.3e-07,code_token_name,high,0.993
2002,2000,WARREN,07 1 EAST SIDE SCH,9336,009218,5e-08,code_token_name,high,0.993
2002,2000,WARREN,07 1 EAST SIDE SCH,9336,009211,0.0,code_token_name,high,0.993
2002,2000,WARREN,08 1 FAIRVIEW CC,9340,009211,0.90873028,code_token_name,high,0.993
2002,2000,WARREN,08 1 FAIRVIEW CC,9340,009207,0.05940873,code_token_name,high,0.993
2002,2000,WARREN,08 1 FAIRVIEW CC,9340,009208,0.03161108,code_token_name,high,0.993
2002,2000,WARREN,08 1 FAIRVIEW CC,9340,009210,0.00024991,code_token_name,high,0.993
2002,2000,WARREN,08 1 FAIRVIEW CC,9340,009213,0.0,code_token_name,high,0.993
2002,2000,WARREN,08 2 IRVING COLLEGE,9344,009211,0.99999995,exact_name,high,1.0
2002,2000,WARREN,08 2 IRVING COLLEGE,9344,009213,5e-08,exact_name,high,1.0
2002,2000,WARREN,08 3 LBJ C HEAD,9340,009211,0.90873028,code_token_name,high,0.993
2002,2000,WARREN,08 3 LBJ C HEAD,9340,009207,0.05940873,code_token_name,high,0.993
2002,2000,WARREN,08 3 LBJ C HEAD,9340,009208,0.03161108,code_token_name,high,0.993
2002,2000,WARREN,08 3 LBJ C HEAD,9340,009210,0.00024991,code_token_name,high,0.993
2002,2000,WARREN,08 3 LBJ C HEAD,9340,009213,0.0,code_token_name,high,0.993
2002,2000,WARREN,09 1 MORRISON RUR,9360,009214,0.869346,code_token_name,high,0.993
2002,2000,WARREN,09 1 MORRISON RUR,9360,009217,0.09937615,code_token_name,high,0.993
2002,2000,WARREN,09 1 MORRISON RUR,9360,009205,0.03118388,code_token_name,high,0.993
2002,2000,WARREN,09 1 MORRISON RUR,9360,009215,9.396e-05,code_token_name,high,0.993
2002,2000,WARREN,09 1 MORRISON RUR,9360,009203,0.0,code_token_name,high,0.993
2002,2000,WARREN,09 2 VIOLA VALLEY CC,9360,009214,0.869346,code_token_name,high,0.993
2002,2000,WARREN,09 2 VIOLA VALLEY CC,9360,009217,0.09937615,code_token_name,high,0.993
2002,2000,WARREN,09 2 VIOLA VALLEY CC,9360,009205,0.03118388,code_token_name,high,0.993
2002,2000,WARREN,09 2 VIOLA VALLEY CC,9360,009215,9.396e-05,code_token_name,high,0.993
2002,2000,WARREN,09 2 VIOLA VALLEY CC,9360,009203,0.0,code_token_name,high,0.993
2002,2000,WARREN,10 1 CENTERTOWN SCH,9320,009217,0.95860725,code_token_name,high,0.993
2002,2000,WARREN,10 1 CENTERTOWN SCH,9320,009216,0.04139275,code_token_name,high,0.993
2002,2000,WARREN,10 1 CENTERTOWN SCH,9320,009214,0.0,code_token_name,high,0.993
2002,2000,WARREN,10 2 CENTERTOWN CC,0016,0016,1.0,exact_name,high,1.0
2002,2000,WARREN,11 1 MIDWAY CC,9332,009219,0.98784029,code_token_name,high,0.993
2002,2000,WARREN,11 1 MIDWAY CC,9332,009209,0.01215373,code_token_name,high,0.993
2002,2000,WARREN,11 1 MIDWAY CC,9332,009218,3.59e-06,code_token_name,high,0.993
2002,2000,WARREN,11 1 MIDWAY CC,9332,009221,2.37e-06,code_token_name,high,0.993
2002,2000,WARREN,11 1 MIDWAY CC,9332,009220,1e-08,code_token_name,high,0.993
2002,2000,WARREN,11 1 MIDWAY CC,9332,009206,0.0,code_token_name,high,0.993
2002,2000,WARREN,11 2 NO WARREN FIRE,9332,009219,0.98784029,code_token_name,high,0.993
2002,2000,WARREN,11 2 NO WARREN FIRE,9332,009209,0.01215373,code_token_name,high,0.993
2002,2000,WARREN,11 2 NO WARREN FIRE,9332,009218,3.59e-06,code_token_name,high,0.993
2002,2000,WARREN,11 2 NO WARREN FIRE,9332,009221,2.37e-06,code_token_name,high,0.993
2002,2000,WARREN,11 2 NO WARREN FIRE,9332,009220,1e-08,code_token_name,high,0.993
2002,2000,WARREN,11 2 NO WARREN FIRE,9332,009206,0.0,code_token_name,high,0.993
2002,2000,WARREN,12 1 OLD AGRI EXT,9352,009221,0.99997003,code_token_name,high,0.993
2002,2000,WARREN,12 1 OLD AGRI EXT,9352,009216,2.589e-05,code_token_name,high,0.993
2002,2000,WARREN,12 1 OLD AGRI EXT,9352,009219,4.04e-06,code_token_name,high,0.993
2002,2000,WARREN,12 1 OLD AGRI EXT,9352,009220,4e-08,code_token_name,high,0.993
2002,2000,WARREN,12 2 LUCKY CC,9352,009221,0.99997003,code_token_name,high,0.993
2002,2000,WARREN,12 2 LUCKY CC,9352,009216,2.589e-05,code_token_name,high,0.993
2002,2000,WARREN,12 2 LUCKY CC,9352,009219,4.04e-06,code_token_name,high,0.993
2002,2000,WARREN,12 2 LUCKY CC,9352,009220,4e-08,code_token_name,high,0.993
2002,2000,WASHINGTON,01 SOUTH CENTRAL SCH,9392,009330,0.54350031,code_token_name,high,0.993
2002,2000,WASHINGTON,01 SOUTH CENTRAL SCH,9392,009329,0.40584461,code_token_name,high,0.993
2002,2000,WASHINGTON,01 SOUTH CENTRAL SCH,9392,009310,0.05065508,code_token_name,high,0.993
2002,2000,WASHINGTON,02 CONKLIN RURITAN,9396,009330,0.55482965,code_token_name,high,0.993
2002,2000,WASHINGTON,02 CONKLIN RURITAN,9396,009326,0.44359551,code_token_name,high,0.993
2002,2000,WASHINGTON,02 CONKLIN RURITAN,9396,009329,0.0013453,code_token_name,high,0.993
2002,2000,WASHINGTON,02 CONKLIN RURITAN,9396,009327,0.00022955,code_token_name,high,0.993
2002,2000,WASHINGTON,03 WEST VIEW SCHOOL,9400,009326,0.98192855,code_token_name,high,0.993
2002,2000,WASHINGTON,03 WEST VIEW SCHOOL,9400,009330,0.01807143,code_token_name,high,0.993
2002,2000,WASHINGTON,03 WEST VIEW SCHOOL,9400,009329,2e-08,code_token_name,high,0.993
2002,2000,WASHINGTON,03 WEST VIEW SCHOOL,9400,009307,0.0,code_token_name,high,0.993
2002,2000,WASHINGTON,04 LAMAR SCHOOL,9404,009325,0.84664578,code_token_name,high,0.993
2002,2000,WASHINGTON,04 LAMAR SCHOOL,9404,009327,0.09450435,code_token_name,high,0.993
2002,2000,WASHINGTON,04 LAMAR SCHOOL,9404,009326,0.05884987,code_token_name,high,0.993
2002,2000,WASHINGTON,04 LAMAR SCHOOL,9404,009310,0.0,code_token_name,high,0.993
2002,2000,WASHINGTON,04 LAMAR SCHOOL,9404,009316,0.0,code_token_name,high,0.993
2002,2000,WASHINGTON,05 TELFORD RURITAN,9408,009327,0.82916649,code_token_name,high,0.993
2002,2000,WASHINGTON,05 TELFORD RURITAN,9408,009326,0.16292087,code_token_name,high,0.993
2002,2000,WASHINGTON,05 TELFORD RURITAN,9408,009309,0.0077307,code_token_name,high,0.993
2002,2000,WASHINGTON,05 TELFORD RURITAN,9408,009307,0.00018194,code_token_name,high,0.993
2002,2000,WASHINGTON,06 EMBREEVILLE,9412,009310,0.91117113,exact_name,high,1.0
2002,2000,WASHINGTON,06 EMBREEVILLE,9412,009325,0.06771845,exact_name,high,1.0
2002,2000,WASHINGTON,06 EMBREEVILLE,9412,009330,0.01430695,exact_name,high,1.0
2002,2000,WASHINGTON,06 EMBREEVILLE,9412,009326,0.00680346,exact_name,high,1.0
2002,2000,WASHINGTON,07 FALL BRANCH,9416,009313,0.99998947,exact_name,high,1.0
2002,2000,WASHINGTON,07 FALL BRANCH,9416,009319,1.053e-05,exact_name,high,1.0
2002,2000,WASHINGTON,08 1 MIDWAY OUT,9420,009316,0.8624938,code_token_name,high,0.993
2002,2000,WASHINGTON,08 1 MIDWAY OUT,9420,009311,0.1375062,code_token_name,high,0.993
2002,2000,WASHINGTON,08 1 MIDWAY OUT,9420,009309,0.0,code_token_name,high,0.993
2002,2000,WASHINGTON,08 1 MIDWAY OUT,9420,009301,0.0,code_token_name,high,0.993
2002,2000,WASHINGTON,08 14 CHEROKEE IN,9420,009316,0.8624938,code_token_name,high,0.993
2002,2000,WASHINGTON,08 14 CHEROKEE IN,9420,009311,0.1375062,code_token_name,high,0.993
2002,2000,WASHINGTON,08 14 CHEROKEE IN,9420,009309,0.0,code_token_name,high,0.993
2002,2000,WASHINGTON,08 14 CHEROKEE IN,9420,009301,0.0,code_token_name,high,0.993
2002,2000,WASHINGTON,08 15 MIDWAY IN,9420,009316,0.8624938,code_token_name,high,0.993
2002,2000,WASHINGTON,08 15 MIDWAY IN,9420,009311,0.1375062,code_token_name,high,0.993
2002,2000,WASHINGTON,08 15 MIDWAY IN,9420,009309,0.0,code_token_name,high,0.993
2002,2000,WASHINGTON,08 15 MIDWAY IN,9420,009301,0.0,code_token_name,high,0.993
2002,2000,WASHINGTON,08 16 FIRE TRAINING,9420,009316,0.8624938,code_token_name,high,0.993
2002,2000,WASHINGTON,08 16 FIRE TRAINING,9420,009311,0.1375062,code_token_name,high,0.993
2002,2000,WASHINGTON,08 16 FIRE TRAINING,9420,009309,0.0,code_token_name,high,0.993
2002,2000,WASHINGTON,08 16 FIRE TRAINING,9420,009301,0.0,code_token_name,high,0.993
2002,2000,WASHINGTON,08 2 CHEROKEE OUT,9420,009316,0.8624938,code_token_name,high,0.993
2002,2000,WASHINGTON,08 2 CHEROKEE OUT,9420,009311,0.1375062,code_token_name,high,0.993
2002,2000,WASHINGTON,08 2 CHEROKEE OUT,9420,009309,0.0,code_token_name,high,0.993
2002,2000,WASHINGTON,08 2 CHEROKEE OUT,9420,009301,0.0,code_token_name,high,0.993
2002,2000,WASHINGTON,09 1 SOUTH SIDE SCH,9440,009314,0.45416148,code_token_name,high,0.993
2002,2000,WASHINGTON,09 1 SOUTH SIDE SCH,9440,009331,0.28508785,code_token_name,high,0.993
2002,2000,WASHINGTON,09 1 SOUTH SIDE SCH,9440,009323,0.25689307,code_token_name,high,0.993
2002,2000,WASHINGTON,09 1 SOUTH SIDE SCH,9440,009308,0.00327073,code_token_name,high,0.993
2002,2000,WASHINGTON,09 1 SOUTH SIDE SCH,9440,009315,0.00058687,code_token_name,high,0.993
2002,2000,WASHINGTON,09 10 FAIRMONT SCH,9440,009314,0.45416148,code_token_name,high,0.993
2002,2000,WASHINGTON,09 10 FAIRMONT SCH,9440,009331,0.28508785,code_token_name,high,0.993
2002,2000,WASHINGTON,09 10 FAIRMONT SCH,9440,009323,0.25689307,code_token_name,high,0.993
2002,2000,WASHINGTON,09 10 FAIRMONT SCH,9440,009308,0.00327073,code_token_name,high,0.993
2002,2000,WASHINGTON,09 10 FAIRMONT SCH,9440,009315,0.00058687,code_token_name,high,0.993
2002,2000,WASHINGTON,09 3 KEYSTONE SCHOO,9440,009314,0.45416148,code_token_name,high,0.993
2002,2000,WASHINGTON,09 3 KEYSTONE SCHOO,9440,009331,0.28508785,code_token_name,high,0.993
2002,2000,WASHINGTON,09 3 KEYSTONE SCHOO,9440,009323,0.25689307,code_token_name,high,0.993
2002,2000,WASHINGTON,09 3 KEYSTONE SCHOO,9440,009308,0.00327073,code_token_name,high,0.993
2002,2000,WASHINGTON,09 3 KEYSTONE SCHOO,9440,009315,0.00058687,code_token_name,high,0.993
2002,2000,WASHINGTON,09 5 NORTH SIDE SCH,9440,009314,0.45416148,code_token_name,high,0.993
2002,2000,WASHINGTON,09 5 NORTH SIDE SCH,9440,009331,0.28508785,code_token_name,high,0.993
2002,2000,WASHINGTON,09 5 NORTH SIDE SCH,9440,009323,0.25689307,code_token_name,high,0.993
2002,2000,WASHINGTON,09 5 NORTH SIDE SCH,9440,009308,0.00327073,code_token_name,high,0.993
2002,2000,WASHINGTON,09 5 NORTH SIDE SCH,9440,009315,0.00058687,code_token_name,high,0.993
2002,2000,WASHINGTON,09 6 STRATTON SCHOOL,9440,009314,0.45416148,code_token_name,high,0.993
2002,2000,WASHINGTON,09 6 STRATTON SCHOOL,9440,009331,0.28508785,code_token_name,high,0.993
2002,2000,WASHINGTON,09 6 STRATTON SCHOOL,9440,009323,0.25689307,code_token_name,high,0.993
2002,2000,WASHINGTON,09 6 STRATTON SCHOOL,9440,009308,0.00327073,code_token_name,high,0.993
2002,2000,WASHINGTON,09 6 STRATTON SCHOOL,9440,009315,0.00058687,code_token_name,high,0.993
2002,2000,WASHINGTON,09 7A ASBURY SCH,9440,009314,0.45416148,code_token_name,high,0.993
2002,2000,WASHINGTON,09 7A ASBURY SCH,9440,009331,0.28508785,code_token_name,high,0.993
2002,2000,WASHINGTON,09 7A ASBURY SCH,9440,009323,0.25689307,code_token_name,high,0.993
2002,2000,WASHINGTON,09 7A ASBURY SCH,9440,009308,0.00327073,code_token_name,high,0.993
2002,2000,WASHINGTON,09 7A ASBURY SCH,9440,009315,0.00058687,code_token_name,high,0.993
2002,2000,WASHINGTON,09 7W WOODLAND SC,9440,009314,0.45416148,code_token_name,high,0.993
2002,2000,WASHINGTON,09 7W WOODLAND SC,9440,009331,0.28508785,code_token_name,high,0.993
2002,2000,WASHINGTON,09 7W WOODLAND SC,9440,009323,0.25689307,code_token_name,high,0.993
2002,2000,WASHINGTON,09 7W WOODLAND SC,9440,009308,0.00327073,code_token_name,high,0.993
2002,2000,WASHINGTON,09 7W WOODLAND SC,9440,009315,0.00058687,code_token_name,high,0.993
2002,2000,WASHINGTON,09 8 ADELPHIA CENTRE,9440,009314,0.45416148,code_token_name,high,0.993
2002,2000,WASHINGTON,09 8 ADELPHIA CENTRE,9440,009331,0.28508785,code_token_name,high,0.993
2002,2000,WASHINGTON,09 8 ADELPHIA CENTRE,9440,009323,0.25689307,code_token_name,high,0.993
2002,2000,WASHINGTON,09 8 ADELPHIA CENTRE,9440,009308,0.00327073,code_token_name,high,0.993
2002,2000,WASHINGTON,09 8 ADELPHIA CENTRE,9440,009315,0.00058687,code_token_name,high,0.993
2002,2000,WASHINGTON,09 9 HENRY JOHNSON,9488,009321,0.80345383,exact_name,high,1.0
2002,2000,WASHINGTON,09 9 HENRY JOHNSON,9488,009320,0.16369091,exact_name,high,1.0
2002,2000,WASHINGTON,09 9 HENRY JOHNSON,9488,009308,0.03285506,exact_name,high,1.0
2002,2000,WASHINGTON,09 9 HENRY JOHNSON,9488,009331,1.2e-07,exact_name,high,1.0
2002,2000,WASHINGTON,09 9 HENRY JOHNSON,9488,009333,7e-08,exact_name,high,1.0
2002,2000,WASHINGTON,09 9 HENRY JOHNSON,9488,009336,0.0,exact_name,high,1.0
2002,2000,WASHINGTON,10I INDIAN TRAIL,9392,009330,0.54350031,forced_best_name,low,0.484848
2002,2000,WASHINGTON,10I INDIAN TRAIL,9392,009329,0.40584461,forced_best_name,low,0.484848
2002,2000,WASHINGTON,10I INDIAN TRAIL,9392,009310,0.05065508,forced_best_name,low,0.484848
2002,2000,WASHINGTON,10P PRINCETON ARTS,9492,009328,0.91827008,forced_best_name,low,0.787879
2002,2000,WASHINGTON,10P PRINCETON ARTS,9492,009324,0.08146014,forced_best_name,low,0.787879
2002,2000,WASHINGTON,10P PRINCETON ARTS,9492,009312,0.00026978,forced_best_name,low,0.787879
2002,2000,WASHINGTON,10S TOWN ACRES SOU,0011,0011,1.0,tail_fuzzy_name,low,0.769231
2002,2000,WASHINGTON,10T TOWN ACRES NORT,0011,0011,1.0,tail_fuzzy_name,low,0.740741
2002,2000,WASHINGTON,11E BOONES CRK MS,0022,0022,1.0,tail_fuzzy_name,low,0.740741
2002,2000,WASHINGTON,11I BOONES CHRISTIAN,9512,009322,0.56184767,forced_best_name,low,0.695652
2002,2000,WASHINGTON,11I BOONES CHRISTIAN,9512,009304,0.29231103,forced_best_name,low,0.695652
2002,2000,WASHINGTON,11I BOONES CHRISTIAN,9512,009302,0.04116362,forced_best_name,low,0.695652
2002,2000,WASHINGTON,11I BOONES CHRISTIAN,9512,009324,0.04025616,forced_best_name,low,0.695652
2002,2000,WASHINGTON,11I BOONES CHRISTIAN,9512,009336,0.02747653,forced_best_name,low,0.695652
2002,2000,WASHINGTON,11I BOONES CHRISTIAN,9512,009305,0.02663766,forced_best_name,low,0.695652
2002,2000,WASHINGTON,11I BOONES CHRISTIAN,9512,009301,0.00499953,forced_best_name,low,0.695652
2002,2000,WASHINGTON,11I BOONES CHRISTIAN,9512,009334,0.00389444,forced_best_name,low,0.695652
2002,2000,WASHINGTON,11I BOONES CHRISTIAN,9512,009306,0.0008898,forced_best_name,low,0.695652
2002,2000,WASHINGTON,11I BOONES CHRISTIAN,9512,009328,0.00052357,forced_best_name,low,0.695652
2002,2000,WASHINGTON,11I BOONES CHRISTIAN,9512,009317,0.0,forced_best_name,low,0.695652
2002,2000,WASHINGTON,11L LAKE RIDGE SCH,0010,0010,1.0,forced_best_name,low,0.647059
2002,2000,WASHINGTON,11M MARVIN CHAPEL,9492,009328,0.91827008,forced_best_name,low,0.5
2002,2000,WASHINGTON,11M MARVIN CHAPEL,9492,009324,0.08146014,forced_best_name,low,0.5
2002,2000,WASHINGTON,11M MARVIN CHAPEL,9492,009312,0.00026978,forced_best_name,low,0.5
2002,2000,WASHINGTON,11W BOONES CRK WE,0022,0022,1.0,tail_fuzzy_name,low,0.740741
2002,2000,WASHINGTON,12C GRAY CITY,9516,009318,0.8582712,tail_fuzzy_name,low,0.833333
2002,2000,WASHINGTON,12C GRAY CITY,9516,009317,0.09269416,tail_fuzzy_name,low,0.833333
2002,2000,WASHINGTON,12C GRAY CITY,9516,009305,0.04903465,tail_fuzzy_name,low,0.833333
2002,2000,WASHINGTON,12E EAST GRAY FAIR,9516,009318,0.8582712,code_token_name,high,0.993
2002,2000,WASHINGTON,12E EAST GRAY FAIR,9516,009317,0.09269416,code_token_name,high,0.993
2002,2000,WASHINGTON,12E EAST GRAY FAIR,9516,009305,0.04903465,code_token_name,high,0.993
2002,2000,WASHINGTON,12W WEST GRAY FAIR,9518,009318,0.86287871,code_token_name,high,0.993
2002,2000,WASHINGTON,12W WEST GRAY FAIR,9518,009317,0.069909,code_token_name,high,0.993
2002,2000,WASHINGTON,12W WEST GRAY FAIR,9518,009332,0.05173948,code_token_name,high,0.993
2002,2000,WASHINGTON,12W WEST GRAY FAIR,9518,009319,0.0154728,code_token_name,high,0.993
2002,2000,WASHINGTON,12W WEST GRAY FAIR,9518,009306,0.0,code_token_name,high,0.993
2002,2000,WASHINGTON,13 HARMONY SCHOOL,9520,009319,0.90290612,code_token_name,high,0.993
2002,2000,WASHINGTON,13 HARMONY SCHOOL,9520,009332,0.09705935,code_token_name,high,0.993
2002,2000,WASHINGTON,13 HARMONY SCHOOL,9520,009313,3.442e-05,code_token_name,high,0.993
2002,2000,WASHINGTON,13 HARMONY SCHOOL,9520,009307,1.1e-07,code_token_name,high,0.993
2002,2000,WASHINGTON,14 SULPHUR SPRINGS,9524,009332,0.99999994,exact_name,high,1.0
2002,2000,WASHINGTON,14 SULPHUR SPRINGS,9524,009306,3e-08,exact_name,high,1.0
2002,2000,WASHINGTON,14 SULPHUR SPRINGS,9524,009318,2e-08,exact_name,high,1.0
2002,2000,WASHINGTON,14 SULPHUR SPRINGS,9524,009319,1e-08,exact_name,high,1.0
2002,2000,WASHINGTON,14 SULPHUR SPRINGS,9524,009307,0.0,exact_name,high,1.0
2002,2000,WASHINGTON,15 1 JONESBOROUGH T,9528,009335,0.96191494,code_token_name,high,0.993
2002,2000,WASHINGTON,15 1 JONESBOROUGH T,9528,009309,0.03297091,code_token_name,high,0.993
2002,2000,WASHINGTON,15 1 JONESBOROUGH T,9528,009301,0.00511416,code_token_name,high,0.993
2002,2000,WASHINGTON,15 2 JONESBOROUGH,9532,009309,0.38037624,prefix_name,high,0.995
2002,2000,WASHINGTON,15 2 JONESBOROUGH,9532,009306,0.21763025,prefix_name,high,0.995
2002,2000,WASHINGTON,15 2 JONESBOROUGH,9532,009301,0.14866274,prefix_name,high,0.995
2002,2000,WASHINGTON,15 2 JONESBOROUGH,9532,009327,0.06408858,prefix_name,high,0.995
2002,2000,WASHINGTON,15 2 JONESBOROUGH,9532,009325,0.06337935,prefix_name,high,0.995
2002,2000,WASHINGTON,15 2 JONESBOROUGH,9532,009316,0.04650999,prefix_name,high,0.995
2002,2000,WASHINGTON,15 2 JONESBOROUGH,9532,009302,0.04041774,prefix_name,high,0.995
2002,2000,WASHINGTON,15 2 JONESBOROUGH,9532,009335,0.03778115,prefix_name,high,0.995
2002,2000,WASHINGTON,15 2 JONESBOROUGH,9532,009336,0.00115366,prefix_name,high,0.995
2002,2000,WASHINGTON,15 2 JONESBOROUGH,9532,009332,3.1e-07,prefix_name,high,0.995
2002,2000,WASHINGTON,15 2 JONESBOROUGH,9532,009307,0.0,prefix_name,high,0.995
2002,2000,WASHINGTON,16 LEESBURG RURITAN,9536,009307,0.73889804,code_token_name,high,0.993
2002,2000,WASHINGTON,16 LEESBURG RURITAN,9536,009332,0.14053488,code_token_name,high,0.993
2002,2000,WASHINGTON,16 LEESBURG RURITAN,9536,009309,0.11377162,code_token_name,high,0.993
2002,2000,WASHINGTON,16 LEESBURG RURITAN,9536,009335,0.00679543,code_token_name,high,0.993
2002,2000,WASHINGTON,16 LEESBURG RURITAN,9536,009327,2e-08,code_token_name,high,0.993
2002,2000,WASHINGTON,17 BOWMANTOWN RUR,9540,009307,0.93344199,code_token_name,high,0.993
2002,2000,WASHINGTON,17 BOWMANTOWN RUR,9540,009329,0.06655777,code_token_name,high,0.993
2002,2000,WASHINGTON,17 BOWMANTOWN RUR,9540,009326,2e-07,code_token_name,high,0.993
2002,2000,WASHINGTON,17 BOWMANTOWN RUR,9540,009319,4e-08,code_token_name,high,0.993
2002,2000,WASHINGTON,17 BOWMANTOWN RUR,9540,009332,0.0,code_token_name,high,0.993
2002,2000,WASHINGTON,17 BOWMANTOWN RUR,9540,009313,0.0,code_token_name,high,0.993
2002,2000,WASHINGTON,18 LIMESTONE RURITA,9544,009329,0.99332212,code_token_name,high,0.993
2002,2000,WASHINGTON,18 LIMESTONE RURITA,9544,009326,0.00336412,code_token_name,high,0.993
2002,2000,WASHINGTON,18 LIMESTONE RURITA,9544,009330,0.00331376,code_token_name,high,0.993
2002,2000,WASHINGTON,18 LIMESTONE RURITA,9544,009307,0.0,code_token_name,high,0.993
2002,2000,WASHINGTON,ZABSENTEE,0022,0022,1.0,forced_best_name,low,0.333333
2002,2000,WASHINGTON,ZEARLY,9516,009318,0.8582712,forced_best_name,low,0.4
2002,2000,WASHINGTON,ZEARLY,9516,009317,0.09269416,forced_best_name,low,0.4
2002,2000,WASHINGTON,ZEARLY,9516,009305,0.04903465,forced_best_name,low,0.4
2002,2000,WAYNE,1 WAYNESBORO CITY,9552,009404,0.54934214,exact_name,high,1.0
2002,2000,WAYNE,1 WAYNESBORO CITY,9552,009407,0.44957404,exact_name,high,1.0
2002,2000,WAYNE,1 WAYNESBORO CITY,9552,009414,0.00108323,exact_name,high,1.0
2002,2000,WAYNE,1 WAYNESBORO CITY,9552,009408,4.5e-07,exact_name,high,1.0
2002,2000,WAYNE,1 WAYNESBORO CITY,9552,009409,1.4e-07,exact_name,high,1.0
2002,2000,WAYNE,2 CLIFTON,9560,009408,0.45472151,exact_name,high,1.0
2002,2000,WAYNE,2 CLIFTON,9560,009414,0.32670678,exact_name,high,1.0
2002,2000,WAYNE,2 CLIFTON,9560,009402,0.17268019,exact_name,high,1.0
2002,2000,WAYNE,2 CLIFTON,9560,009401,0.0458261,exact_name,high,1.0
2002,2000,WAYNE,2 CLIFTON,9560,009405,6.541e-05,exact_name,high,1.0
2002,2000,WAYNE,3 BEECH CREEK FIRE,9568,009410,0.4520563,code_token_name,high,0.993
2002,2000,WAYNE,3 BEECH CREEK FIRE,9568,009407,0.31764705,code_token_name,high,0.993
2002,2000,WAYNE,3 BEECH CREEK FIRE,9568,009409,0.21489279,code_token_name,high,0.993
2002,2000,WAYNE,3 BEECH CREEK FIRE,9568,009404,0.01535199,code_token_name,high,0.993
2002,2000,WAYNE,3 BEECH CREEK FIRE,9568,009402,5.086e-05,code_token_name,high,0.993
2002,2000,WAYNE,3 BEECH CREEK FIRE,9568,009408,1.03e-06,code_token_name,high,0.993
2002,2000,WAYNE,3 CRAZY HORSE,0004,0004,1.0,exact_name,high,1.0
2002,2000,WAYNE,3 EAGLE CREEK FIRE,9568,009410,0.4520563,code_token_name,high,0.993
2002,2000,WAYNE,3 EAGLE CREEK FIRE,9568,009407,0.31764705,code_token_name,high,0.993
2002,2000,WAYNE,3 EAGLE CREEK FIRE,9568,009409,0.21489279,code_token_name,high,0.993
2002,2000,WAYNE,3 EAGLE CREEK FIRE,9568,009404,0.01535199,code_token_name,high,0.993
2002,2000,WAYNE,3 EAGLE CREEK FIRE,9568,009402,5.086e-05,code_token_name,high,0.993
2002,2000,WAYNE,3 EAGLE CREEK FIRE,9568,009408,1.03e-06,code_token_name,high,0.993
2002,2000,WAYNE,4 COLLINWOOD CITY,9576,009411,0.95076733,exact_name,high,1.0
2002,2000,WAYNE,4 COLLINWOOD CITY,9576,009403,0.04073559,exact_name,high,1.0
2002,2000,WAYNE,4 COLLINWOOD CITY,9576,009405,0.00554088,exact_name,high,1.0
2002,2000,WAYNE,4 COLLINWOOD CITY,9576,009412,0.0029562,exact_name,high,1.0
2002,2000,WAYNE,4 COLLINWOOD CITY,9576,009413,0.0,exact_name,high,1.0
2002,2000,WAYNE,4 SHAWNATEE,9576,009411,0.95076733,code_token_name,high,0.993
2002,2000,WAYNE,4 SHAWNATEE,9576,009403,0.04073559,code_token_name,high,0.993
2002,2000,WAYNE,4 SHAWNATEE,9576,009405,0.00554088,code_token_name,high,0.993
2002,2000,WAYNE,4 SHAWNATEE,9576,009412,0.0029562,code_token_name,high,0.993
2002,2000,WAYNE,4 SHAWNATEE,9576,009413,0.0,code_token_name,high,0.993
2002,2000,WAYNE,5 BIG CYPRESS,9584,009413,0.72287376,exact_name,high,1.0
2002,2000,WAYNE,5 BIG CYPRESS,9584,009412,0.24277732,exact_name,high,1.0
2002,2000,WAYNE,5 BIG CYPRESS,9584,009405,0.03434606,exact_name,high,1.0
2002,2000,WAYNE,5 BIG CYPRESS,9584,009403,2.85e-06,exact_name,high,1.0
2002,2000,WAYNE,5 BIG CYPRESS,9584,009411,0.0,exact_name,high,1.0
2002,2000,WAYNE,5 LUTTS,9588,009405,0.79366386,exact_name,high,1.0
2002,2000,WAYNE,5 LUTTS,9588,009413,0.20621256,exact_name,high,1.0
2002,2000,WAYNE,5 LUTTS,9588,009414,0.00012357,exact_name,high,1.0
2002,2000,WAYNE,5 WAYNE CO HIGH,9584,009413,0.72287376,code_token_name,high,0.993
2002,2000,WAYNE,5 WAYNE CO HIGH,9584,009412,0.24277732,code_token_name,high,0.993
2002,2000,WAYNE,5 WAYNE CO HIGH,9584,009405,0.03434606,code_token_name,high,0.993
2002,2000,WAYNE,5 WAYNE CO HIGH,9584,009403,2.85e-06,code_token_name,high,0.993
2002,2000,WAYNE,5 WAYNE CO HIGH,9584,009411,0.0,code_token_name,high,0.993
2002,2000,WAYNE,6 HOLLY CRK FIRE,9592,009412,0.55160836,code_token_name,high,0.993
2002,2000,WAYNE,6 HOLLY CRK FIRE,9592,009406,0.44839164,code_token_name,high,0.993
2002,2000,WAYNE,6 SOUTHGATE FIRE,9592,009412,0.55160836,code_token_name,high,0.993
2002,2000,WAYNE,6 SOUTHGATE FIRE,9592,009406,0.44839164,code_token_name,high,0.993
2002,2000,WAYNE,7 BUFFALO RIVER FIRE,9600,009407,0.41063623,code_token_name,high,0.993
2002,2000,WAYNE,7 BUFFALO RIVER FIRE,9600,009414,0.29306126,code_token_name,high,0.993
2002,2000,WAYNE,7 BUFFALO RIVER FIRE,9600,009405,0.15162049,code_token_name,high,0.993
2002,2000,WAYNE,7 BUFFALO RIVER FIRE,9600,009411,0.08452722,code_token_name,high,0.993
2002,2000,WAYNE,7 BUFFALO RIVER FIRE,9600,009408,0.05925043,code_token_name,high,0.993
2002,2000,WAYNE,7 BUFFALO RIVER FIRE,9600,009404,0.00090419,code_token_name,high,0.993
2002,2000,WAYNE,7 BUFFALO RIVER FIRE,9600,009409,1.6e-07,code_token_name,high,0.993
2002,2000,WAYNE,7 BUFFALO RIVER FIRE,9600,009403,0.0,code_token_name,high,0.993
2002,2000,WAYNE,7 BUFFALO RIVER FIRE,9600,009402,0.0,code_token_name,high,0.993
2002,2000,WAYNE,7 OVILLA FIRE HALL,9600,009407,0.41063623,code_token_name,high,0.993
2002,2000,WAYNE,7 OVILLA FIRE HALL,9600,009414,0.29306126,code_token_name,high,0.993
2002,2000,WAYNE,7 OVILLA FIRE HALL,9600,009405,0.15162049,code_token_name,high,0.993
2002,2000,WAYNE,7 OVILLA FIRE HALL,9600,009411,0.08452722,code_token_name,high,0.993
2002,2000,WAYNE,7 OVILLA FIRE HALL,9600,009408,0.05925043,code_token_name,high,0.993
2002,2000,WAYNE,7 OVILLA FIRE HALL,9600,009404,0.00090419,code_token_name,high,0.993
2002,2000,WAYNE,7 OVILLA FIRE HALL,9600,009409,1.6e-07,code_token_name,high,0.993
2002,2000,WAYNE,7 OVILLA FIRE HALL,9600,009403,0.0,code_token_name,high,0.993
2002,2000,WAYNE,7 OVILLA FIRE HALL,9600,009402,0.0,code_token_name,high,0.993
2002,2000,WEAKLEY,01A PALMERSVILLE GY,9608,009501,0.77458996,code_token_name,high,0.993
2002,2000,WEAKLEY,01A PALMERSVILLE GY,9608,009502,0.1128019,code_token_name,high,0.993
2002,2000,WEAKLEY,01A PALMERSVILLE GY,9608,009503,0.11260815,code_token_name,high,0.993
2002,2000,WEAKLEY,01B LATHAM VOL FIRE,9612,009503,0.89734177,code_token_name,high,0.993
2002,2000,WEAKLEY,01B LATHAM VOL FIRE,9612,009505,0.10265823,code_token_name,high,0.993
2002,2000,WEAKLEY,01B LATHAM VOL FIRE,9612,009501,0.0,code_token_name,high,0.993
2002,2000,WEAKLEY,02 GLEASON FIRE,9616,009501,0.56130824,code_token_name,high,0.993
2002,2000,WEAKLEY,02 GLEASON FIRE,9616,009503,0.30046448,code_token_name,high,0.993
2002,2000,WEAKLEY,02 GLEASON FIRE,9616,009504,0.13795636,code_token_name,high,0.993
2002,2000,WEAKLEY,02 GLEASON FIRE,9616,009502,0.00027092,code_token_name,high,0.993
2002,2000,WEAKLEY,03 GREENFIELD PARK,0003,0003,1.0,token_vtd,high,1.0
2002,2000,WEAKLEY,04 SHARON FIRE STA,0004,0004,1.0,token_vtd,high,1.0
2002,2000,WEAKLEY,05 BUSTER WILLIAMS,0005,0005,1.0,token_vtd,high,1.0
2002,2000,WEAKLEY,06 TRINITY PRESBYT,0006,0006,1.0,token_vtd,high,1.0
2002,2000,WEAKLEY,07 MARTIN MIDDLE SCH,9656,009509,0.6157292,code_token_name,high,0.993
2002,2000,WEAKLEY,07 MARTIN MIDDLE SCH,9656,009510,0.37594741,code_token_name,high,0.993
2002,2000,WEAKLEY,07 MARTIN MIDDLE SCH,9656,009508,0.00832339,code_token_name,high,0.993
2002,2000,WEAKLEY,08 FIRST UMC,9660,009508,0.91661877,code_token_name,high,0.993
2002,2000,WEAKLEY,08 FIRST UMC,9660,009510,0.08271923,code_token_name,high,0.993
2002,2000,WEAKLEY,08 FIRST UMC,9660,009509,0.00066199,code_token_name,high,0.993
2002,2000,WEAKLEY,09 DRESDEN SEN CITIZ,9664,009505,0.86714036,code_token_name,high,0.993
2002,2000,WEAKLEY,09 DRESDEN SEN CITIZ,9664,009508,0.07937381,code_token_name,high,0.993
2002,2000,WEAKLEY,09 DRESDEN SEN CITIZ,9664,009509,0.03530987,code_token_name,high,0.993
2002,2000,WEAKLEY,09 DRESDEN SEN CITIZ,9664,009503,0.01817596,code_token_name,high,0.993
2002,2000,WHITE,1 1 RESCUE SQUAD,9680,009608,0.9810259,prefix_name,high,0.995
2002,2000,WHITE,1 1 RESCUE SQUAD,9680,009609,0.01897117,prefix_name,high,0.995
2002,2000,WHITE,1 1 RESCUE SQUAD,9680,009611,2.93e-06,prefix_name,high,0.995
2002,2000,WHITE,1 2 SPARTA CIVIC CTR,9680,009608,0.9810259,code_token_name,high,0.993
2002,2000,WHITE,1 2 SPARTA CIVIC CTR,9680,009609,0.01897117,code_token_name,high,0.993
2002,2000,WHITE,1 2 SPARTA CIVIC CTR,9680,009611,2.93e-06,code_token_name,high,0.993
2002,2000,WHITE,2 1 AG FAIR COMPLEX,9684,009611,0.93880489,exact_name,high,1.0
2002,2000,WHITE,2 1 AG FAIR COMPLEX,9684,009608,0.0484368,exact_name,high,1.0
2002,2000,WHITE,2 1 AG FAIR COMPLEX,9684,009607,0.01084338,exact_name,high,1.0
2002,2000,WHITE,2 1 AG FAIR COMPLEX,9684,009610,0.00191428,exact_name,high,1.0
2002,2000,WHITE,2 1 AG FAIR COMPLEX,9684,009604,6.3e-07,exact_name,high,1.0
2002,2000,WHITE,2 1 AG FAIR COMPLEX,9684,009609,3e-08,exact_name,high,1.0
2002,2000,WHITE,2 2 THOMAS UNION,9684,009611,0.93880489,code_token_name,high,0.993
2002,2000,WHITE,2 2 THOMAS UNION,9684,009608,0.0484368,code_token_name,high,0.993
2002,2000,WHITE,2 2 THOMAS UNION,9684,009607,0.01084338,code_token_name,high,0.993
2002,2000,WHITE,2 2 THOMAS UNION,9684,009610,0.00191428,code_token_name,high,0.993
2002,2000,WHITE,2 2 THOMAS UNION,9684,009604,6.3e-07,code_token_name,high,0.993
2002,2000,WHITE,2 2 THOMAS UNION,9684,009609,3e-08,code_token_name,high,0.993
2002,2000,WHITE,3 1 AG FAIR COMPLEX,0005,0005,1.0,exact_name,high,1.0
2002,2000,WHITE,4 1 HICKORY VALLEY,9692,009605,0.94910735,code_token_name,high,0.993
2002,2000,WHITE,4 1 HICKORY VALLEY,9692,009609,0.05075114,code_token_name,high,0.993
2002,2000,WHITE,4 1 HICKORY VALLEY,9692,009608,0.00011113,code_token_name,high,0.993
2002,2000,WHITE,4 1 HICKORY VALLEY,9692,009606,3.032e-05,code_token_name,high,0.993
2002,2000,WHITE,4 1 HICKORY VALLEY,9692,009607,7e-08,code_token_name,high,0.993
2002,2000,WHITE,4 1 HICKORY VALLEY,9692,009603,0.0,code_token_name,high,0.993
2002,2000,WHITE,4 2 BONDECROFT FIRE,9696,009606,0.99999853,prefix_name,high,0.995
2002,2000,WHITE,4 2 BONDECROFT FIRE,9696,009605,1.43e-06,prefix_name,high,0.995
2002,2000,WHITE,4 2 BONDECROFT FIRE,9696,009607,5e-08,prefix_name,high,0.995
2002,2000,WHITE,5 1 DOYLE CIVIC CTR,9700,009603,0.87319345,code_token_name,high,0.993
2002,2000,WHITE,5 1 DOYLE CIVIC CTR,9700,009610,0.06428075,code_token_name,high,0.993
2002,2000,WHITE,5 1 DOYLE CIVIC CTR,9700,009609,0.0621168,code_token_name,high,0.993
2002,2000,WHITE,5 1 DOYLE CIVIC CTR,9700,009608,0.000409,code_token_name,high,0.993
2002,2000,WHITE,5 1 DOYLE CIVIC CTR,9700,009605,0.0,code_token_name,high,0.993
2002,2000,WHITE,5 1 DOYLE CIVIC CTR,9700,009611,0.0,code_token_name,high,0.993
2002,2000,WHITE,6 1 CENTRAL VIEW,0009,0009,1.0,exact_name,high,1.0
2002,2000,WHITE,6 2 CASSVILLE FIRE,9708,009601,0.99999972,prefix_name,high,0.995
2002,2000,WHITE,6 2 CASSVILLE FIRE,9708,009602,2.8e-07,prefix_name,high,0.995
2002,2000,WHITE,6 2 CASSVILLE FIRE,9708,009604,0.0,prefix_name,high,0.995
2002,2000,WHITE,6 2 CASSVILLE FIRE,9708,009610,0.0,prefix_name,high,0.995
2002,2000,WHITE,6 2 CASSVILLE FIRE,9708,009603,0.0,prefix_name,high,0.995
2002,2000,WHITE,7 1 NORTH END FIRE,9712,009604,0.84062296,prefix_name,high,0.995
2002,2000,WHITE,7 1 NORTH END FIRE,9712,009601,0.11415511,prefix_name,high,0.995
2002,2000,WHITE,7 1 NORTH END FIRE,9712,009610,0.04122221,prefix_name,high,0.995
2002,2000,WHITE,7 1 NORTH END FIRE,9712,009607,0.00315389,prefix_name,high,0.995
2002,2000,WHITE,7 1 NORTH END FIRE,9712,009611,0.00084583,prefix_name,high,0.995
2002,2000,WILLIAMSON,01 1 FAIRVIEW ELEM,9720,009701,0.51192582,code_token_name,high,0.993
2002,2000,WILLIAMSON,01 1 FAIRVIEW ELEM,9720,009702,0.48726368,code_token_name,high,0.993
2002,2000,WILLIAMSON,01 1 FAIRVIEW ELEM,9720,009703,0.0008105,code_token_name,high,0.993
2002,2000,WILLIAMSON,01 2 FAIRVIEW RECR,9720,009701,0.51192582,code_token_name,high,0.993
2002,2000,WILLIAMSON,01 2 FAIRVIEW RECR,9720,009702,0.48726368,code_token_name,high,0.993
2002,2000,WILLIAMSON,01 2 FAIRVIEW RECR,9720,009703,0.0008105,code_token_name,high,0.993
2002,2000,WILLIAMSON,01 3 PINEWOOD ELEM,9720,009701,0.51192582,code_token_name,high,0.993
2002,2000,WILLIAMSON,01 3 PINEWOOD ELEM,9720,009702,0.48726368,code_token_name,high,0.993
2002,2000,WILLIAMSON,01 3 PINEWOOD ELEM,9720,009703,0.0008105,code_token_name,high,0.993
2002,2000,WILLIAMSON,02 1 HILLSBORO ELEM,9724,009703,0.90184745,code_token_name,high,0.993
2002,2000,WILLIAMSON,02 1 HILLSBORO ELEM,9724,009702,0.09815255,code_token_name,high,0.993
2002,2000,WILLIAMSON,02 1 HILLSBORO ELEM,9724,009731,1e-08,code_token_name,high,0.993
2002,2000,WILLIAMSON,02 2 NEW HOPE ACAD,9724,009703,0.90184745,code_token_name,high,0.993
2002,2000,WILLIAMSON,02 2 NEW HOPE ACAD,9724,009702,0.09815255,code_token_name,high,0.993
2002,2000,WILLIAMSON,02 2 NEW HOPE ACAD,9724,009731,1e-08,code_token_name,high,0.993
2002,2000,WILLIAMSON,02 3 OAK VIEW ELEM,9724,009703,0.90184745,code_token_name,high,0.993
2002,2000,WILLIAMSON,02 3 OAK VIEW ELEM,9724,009702,0.09815255,code_token_name,high,0.993
2002,2000,WILLIAMSON,02 3 OAK VIEW ELEM,9724,009731,1e-08,code_token_name,high,0.993
2002,2000,WILLIAMSON,03 1 THOMPSON STA,9736,009741,0.27937101,prefix_name,high,0.995
2002,2000,WILLIAMSON,03 1 THOMPSON STA,9736,009704,0.2588495,prefix_name,high,0.995
2002,2000,WILLIAMSON,03 1 THOMPSON STA,9736,009706,0.1267401,prefix_name,high,0.995
2002,2000,WILLIAMSON,03 1 THOMPSON STA,9736,009999,0.10096581,prefix_name,high,0.995
2002,2000,WILLIAMSON,03 1 THOMPSON STA,9736,009709,0.0961166,prefix_name,high,0.995
2002,2000,WILLIAMSON,03 1 THOMPSON STA,9736,009710,0.05498068,prefix_name,high,0.995
2002,2000,WILLIAMSON,03 1 THOMPSON STA,9736,009742,0.04296044,prefix_name,high,0.995
2002,2000,WILLIAMSON,03 1 THOMPSON STA,9736,009711,0.0367939,prefix_name,high,0.995
2002,2000,WILLIAMSON,03 1 THOMPSON STA,9736,009705,0.00184158,prefix_name,high,0.995
2002,2000,WILLIAMSON,03 1 THOMPSON STA,9736,009737,0.00138038,prefix_name,high,0.995
2002,2000,WILLIAMSON,03 2 BETHESDA RECR,9736,009741,0.27937101,code_token_name,high,0.993
2002,2000,WILLIAMSON,03 2 BETHESDA RECR,9736,009704,0.2588495,code_token_name,high,0.993
2002,2000,WILLIAMSON,03 2 BETHESDA RECR,9736,009706,0.1267401,code_token_name,high,0.993
2002,2000,WILLIAMSON,03 2 BETHESDA RECR,9736,009999,0.10096581,code_token_name,high,0.993
2002,2000,WILLIAMSON,03 2 BETHESDA RECR,9736,009709,0.0961166,code_token_name,high,0.993
2002,2000,WILLIAMSON,03 2 BETHESDA RECR,9736,009710,0.05498068,code_token_name,high,0.993
2002,2000,WILLIAMSON,03 2 BETHESDA RECR,9736,009742,0.04296044,code_token_name,high,0.993
2002,2000,WILLIAMSON,03 2 BETHESDA RECR,9736,009711,0.0367939,code_token_name,high,0.993
2002,2000,WILLIAMSON,03 2 BETHESDA RECR,9736,009705,0.00184158,code_token_name,high,0.993
2002,2000,WILLIAMSON,03 2 BETHESDA RECR,9736,009737,0.00138038,code_token_name,high,0.993
2002,2000,WILLIAMSON,03 3 COLLEGE GROVE,9760,009717,0.53239785,prefix_name,high,0.995
2002,2000,WILLIAMSON,03 3 COLLEGE GROVE,9760,009708,0.45786901,prefix_name,high,0.995
2002,2000,WILLIAMSON,03 3 COLLEGE GROVE,9760,009713,0.00973239,prefix_name,high,0.995
2002,2000,WILLIAMSON,03 3 COLLEGE GROVE,9760,009705,7.4e-07,prefix_name,high,0.995
2002,2000,WILLIAMSON,03 3 COLLEGE GROVE,9760,009740,0.0,prefix_name,high,0.995
2002,2000,WILLIAMSON,03 4 HERITAGE ELEM,9736,009741,0.27937101,code_token_name,high,0.993
2002,2000,WILLIAMSON,03 4 HERITAGE ELEM,9736,009704,0.2588495,code_token_name,high,0.993
2002,2000,WILLIAMSON,03 4 HERITAGE ELEM,9736,009706,0.1267401,code_token_name,high,0.993
2002,2000,WILLIAMSON,03 4 HERITAGE ELEM,9736,009999,0.10096581,code_token_name,high,0.993
2002,2000,WILLIAMSON,03 4 HERITAGE ELEM,9736,009709,0.0961166,code_token_name,high,0.993
2002,2000,WILLIAMSON,03 4 HERITAGE ELEM,9736,009710,0.05498068,code_token_name,high,0.993
2002,2000,WILLIAMSON,03 4 HERITAGE ELEM,9736,009742,0.04296044,code_token_name,high,0.993
2002,2000,WILLIAMSON,03 4 HERITAGE ELEM,9736,009711,0.0367939,code_token_name,high,0.993
2002,2000,WILLIAMSON,03 4 HERITAGE ELEM,9736,009705,0.00184158,code_token_name,high,0.993
2002,2000,WILLIAMSON,03 4 HERITAGE ELEM,9736,009737,0.00138038,code_token_name,high,0.993
2002,2000,WILLIAMSON,04 1 FIRST PRESBYTER,9748,009705,0.37195812,code_token_name,high,0.993
2002,2000,WILLIAMSON,04 1 FIRST PRESBYTER,9748,009740,0.30259198,code_token_name,high,0.993
2002,2000,WILLIAMSON,04 1 FIRST PRESBYTER,9748,009999,0.10065745,code_token_name,high,0.993
2002,2000,WILLIAMSON,04 1 FIRST PRESBYTER,9748,009717,0.09614277,code_token_name,high,0.993
2002,2000,WILLIAMSON,04 1 FIRST PRESBYTER,9748,009707,0.06155282,code_token_name,high,0.993
2002,2000,WILLIAMSON,04 1 FIRST PRESBYTER,9748,009713,0.05223949,code_token_name,high,0.993
2002,2000,WILLIAMSON,04 1 FIRST PRESBYTER,9748,009708,0.0119327,code_token_name,high,0.993
2002,2000,WILLIAMSON,04 1 FIRST PRESBYTER,9748,009739,0.00292466,code_token_name,high,0.993
2002,2000,WILLIAMSON,04 1 FIRST PRESBYTER,9748,009737,2e-08,code_token_name,high,0.993
2002,2000,WILLIAMSON,04 2 MILLVIEW CHURCH,9752,009713,0.48627149,prefix_name,high,0.995
2002,2000,WILLIAMSON,04 2 MILLVIEW CHURCH,9752,009718,0.21026824,prefix_name,high,0.995
2002,2000,WILLIAMSON,04 2 MILLVIEW CHURCH,9752,009717,0.15539633,prefix_name,high,0.995
2002,2000,WILLIAMSON,04 2 MILLVIEW CHURCH,9752,009740,0.08147448,prefix_name,high,0.995
2002,2000,WILLIAMSON,04 2 MILLVIEW CHURCH,9752,009714,0.06377323,prefix_name,high,0.995
2002,2000,WILLIAMSON,04 2 MILLVIEW CHURCH,9752,009712,0.00281622,prefix_name,high,0.995
2002,2000,WILLIAMSON,04 2 MILLVIEW CHURCH,9752,009739,1e-08,prefix_name,high,0.995
2002,2000,WILLIAMSON,04 3 TRINITY BAPTIST,9748,009705,0.37195812,code_token_name,high,0.993
2002,2000,WILLIAMSON,04 3 TRINITY BAPTIST,9748,009740,0.30259198,code_token_name,high,0.993
2002,2000,WILLIAMSON,04 3 TRINITY BAPTIST,9748,009999,0.10065745,code_token_name,high,0.993
2002,2000,WILLIAMSON,04 3 TRINITY BAPTIST,9748,009717,0.09614277,code_token_name,high,0.993
2002,2000,WILLIAMSON,04 3 TRINITY BAPTIST,9748,009707,0.06155282,code_token_name,high,0.993
2002,2000,WILLIAMSON,04 3 TRINITY BAPTIST,9748,009713,0.05223949,code_token_name,high,0.993
2002,2000,WILLIAMSON,04 3 TRINITY BAPTIST,9748,009708,0.0119327,code_token_name,high,0.993
2002,2000,WILLIAMSON,04 3 TRINITY BAPTIST,9748,009739,0.00292466,code_token_name,high,0.993
2002,2000,WILLIAMSON,04 3 TRINITY BAPTIST,9748,009737,2e-08,code_token_name,high,0.993
2002,2000,WILLIAMSON,05 1 BRENTWOOD SAFE,9732,009721,0.59123988,code_token_name,high,0.993
2002,2000,WILLIAMSON,05 1 BRENTWOOD SAFE,9732,009712,0.29406342,code_token_name,high,0.993
2002,2000,WILLIAMSON,05 1 BRENTWOOD SAFE,9732,009720,0.07259532,code_token_name,high,0.993
2002,2000,WILLIAMSON,05 1 BRENTWOOD SAFE,9732,009713,0.02750063,code_token_name,high,0.993
2002,2000,WILLIAMSON,05 1 BRENTWOOD SAFE,9732,009718,0.01460033,code_token_name,high,0.993
2002,2000,WILLIAMSON,05 1 BRENTWOOD SAFE,9732,009724,2.1e-07,code_token_name,high,0.993
2002,2000,WILLIAMSON,05 1 BRENTWOOD SAFE,9732,009719,1.8e-07,code_token_name,high,0.993
2002,2000,WILLIAMSON,05 1 BRENTWOOD SAFE,9732,009715,3e-08,code_token_name,high,0.993
2002,2000,WILLIAMSON,05 1 BRENTWOOD SAFE,9732,009726,0.0,code_token_name,high,0.993
2002,2000,WILLIAMSON,05 1 BRENTWOOD SAFE,9732,009723,0.0,code_token_name,high,0.993
2002,2000,WILLIAMSON,05 2 NOLENSVILLE UMC,9732,009721,0.59123988,code_token_name,high,0.993
2002,2000,WILLIAMSON,05 2 NOLENSVILLE UMC,9732,009712,0.29406342,code_token_name,high,0.993
2002,2000,WILLIAMSON,05 2 NOLENSVILLE UMC,9732,009720,0.07259532,code_token_name,high,0.993
2002,2000,WILLIAMSON,05 2 NOLENSVILLE UMC,9732,009713,0.02750063,code_token_name,high,0.993
2002,2000,WILLIAMSON,05 2 NOLENSVILLE UMC,9732,009718,0.01460033,code_token_name,high,0.993
2002,2000,WILLIAMSON,05 2 NOLENSVILLE UMC,9732,009724,2.1e-07,code_token_name,high,0.993
2002,2000,WILLIAMSON,05 2 NOLENSVILLE UMC,9732,009719,1.8e-07,code_token_name,high,0.993
2002,2000,WILLIAMSON,05 2 NOLENSVILLE UMC,9732,009715,3e-08,code_token_name,high,0.993
2002,2000,WILLIAMSON,05 2 NOLENSVILLE UMC,9732,009726,0.0,code_token_name,high,0.993
2002,2000,WILLIAMSON,05 2 NOLENSVILLE UMC,9732,009723,0.0,code_token_name,high,0.993
2002,2000,WILLIAMSON,05 3 TRIUNE BAPTIST,9732,009721,0.59123988,code_token_name,high,0.993
2002,2000,WILLIAMSON,05 3 TRIUNE BAPTIST,9732,009712,0.29406342,code_token_name,high,0.993
2002,2000,WILLIAMSON,05 3 TRIUNE BAPTIST,9732,009720,0.07259532,code_token_name,high,0.993
2002,2000,WILLIAMSON,05 3 TRIUNE BAPTIST,9732,009713,0.02750063,code_token_name,high,0.993
2002,2000,WILLIAMSON,05 3 TRIUNE BAPTIST,9732,009718,0.01460033,code_token_name,high,0.993
2002,2000,WILLIAMSON,05 3 TRIUNE BAPTIST,9732,009724,2.1e-07,code_token_name,high,0.993
2002,2000,WILLIAMSON,05 3 TRIUNE BAPTIST,9732,009719,1.8e-07,code_token_name,high,0.993
2002,2000,WILLIAMSON,05 3 TRIUNE BAPTIST,9732,009715,3e-08,code_token_name,high,0.993
2002,2000,WILLIAMSON,05 3 TRIUNE BAPTIST,9732,009726,0.0,code_token_name,high,0.993
2002,2000,WILLIAMSON,05 3 TRIUNE BAPTIST,9732,009723,0.0,code_token_name,high,0.993
2002,2000,WILLIAMSON,06 1 CONCORD CHURCH,9764,009719,0.99946529,code_token_name,high,0.993
2002,2000,WILLIAMSON,06 1 CONCORD CHURCH,9764,009721,0.00028672,code_token_name,high,0.993
2002,2000,WILLIAMSON,06 1 CONCORD CHURCH,9764,009724,0.00024519,code_token_name,high,0.993
2002,2000,WILLIAMSON,06 1 CONCORD CHURCH,9764,009723,1.51e-06,code_token_name,high,0.993
2002,2000,WILLIAMSON,06 1 CONCORD CHURCH,9764,009712,1.28e-06,code_token_name,high,0.993
2002,2000,WILLIAMSON,06 1 CONCORD CHURCH,9764,009720,0.0,code_token_name,high,0.993
2002,2000,WILLIAMSON,06 2 NEW HOPE COM,9764,009719,0.99946529,code_token_name,high,0.993
2002,2000,WILLIAMSON,06 2 NEW HOPE COM,9764,009721,0.00028672,code_token_name,high,0.993
2002,2000,WILLIAMSON,06 2 NEW HOPE COM,9764,009724,0.00024519,code_token_name,high,0.993
2002,2000,WILLIAMSON,06 2 NEW HOPE COM,9764,009723,1.51e-06,code_token_name,high,0.993
2002,2000,WILLIAMSON,06 2 NEW HOPE COM,9764,009712,1.28e-06,code_token_name,high,0.993
2002,2000,WILLIAMSON,06 2 NEW HOPE COM,9764,009720,0.0,code_token_name,high,0.993
2002,2000,WILLIAMSON,06 3 HOLY FAMILY CAT,9764,009719,0.99946529,code_token_name,high,0.993
2002,2000,WILLIAMSON,06 3 HOLY FAMILY CAT,9764,009721,0.00028672,code_token_name,high,0.993
2002,2000,WILLIAMSON,06 3 HOLY FAMILY CAT,9764,009724,0.00024519,code_token_name,high,0.993
2002,2000,WILLIAMSON,06 3 HOLY FAMILY CAT,9764,009723,1.51e-06,code_token_name,high,0.993
2002,2000,WILLIAMSON,06 3 HOLY FAMILY CAT,9764,009712,1.28e-06,code_token_name,high,0.993
2002,2000,WILLIAMSON,06 3 HOLY FAMILY CAT,9764,009720,0.0,code_token_name,high,0.993
2002,2000,WILLIAMSON,07 1 BWD CUMB PRES,9772,009722,0.67987389,code_token_name,high,0.993
2002,2000,WILLIAMSON,07 1 BWD CUMB PRES,9772,009724,0.16989576,code_token_name,high,0.993
2002,2000,WILLIAMSON,07 1 BWD CUMB PRES,9772,009723,0.15023035,code_token_name,high,0.993
2002,2000,WILLIAMSON,07 2 BAPTIST CHILD,9772,009722,0.67987389,code_token_name,high,0.993
2002,2000,WILLIAMSON,07 2 BAPTIST CHILD,9772,009724,0.16989576,code_token_name,high,0.993
2002,2000,WILLIAMSON,07 2 BAPTIST CHILD,9772,009723,0.15023035,code_token_name,high,0.993
2002,2000,WILLIAMSON,07 3 MORNINGSIDE,9772,009722,0.67987389,code_token_name,high,0.993
2002,2000,WILLIAMSON,07 3 MORNINGSIDE,9772,009724,0.16989576,code_token_name,high,0.993
2002,2000,WILLIAMSON,07 3 MORNINGSIDE,9772,009723,0.15023035,code_token_name,high,0.993
2002,2000,WILLIAMSON,08 1 GRASSLAND MID,9780,009725,0.55190927,code_token_name,high,0.993
2002,2000,WILLIAMSON,08 1 GRASSLAND MID,9780,009726,0.27974537,code_token_name,high,0.993
2002,2000,WILLIAMSON,08 1 GRASSLAND MID,9780,009734,0.08869974,code_token_name,high,0.993
2002,2000,WILLIAMSON,08 1 GRASSLAND MID,9780,009733,0.06644303,code_token_name,high,0.993
2002,2000,WILLIAMSON,08 1 GRASSLAND MID,9780,009723,0.01310716,code_token_name,high,0.993
2002,2000,WILLIAMSON,08 1 GRASSLAND MID,9780,009732,7.328e-05,code_token_name,high,0.993
2002,2000,WILLIAMSON,08 1 GRASSLAND MID,9780,009728,2.209e-05,code_token_name,high,0.993
2002,2000,WILLIAMSON,08 1 GRASSLAND MID,9780,009722,7e-08,code_token_name,high,0.993
2002,2000,WILLIAMSON,08 1 GRASSLAND MID,9780,009729,0.0,code_token_name,high,0.993
2002,2000,WILLIAMSON,08 2 SCALES ELEM,9780,009725,0.55190927,code_token_name,high,0.993
2002,2000,WILLIAMSON,08 2 SCALES ELEM,9780,009726,0.27974537,code_token_name,high,0.993
2002,2000,WILLIAMSON,08 2 SCALES ELEM,9780,009734,0.08869974,code_token_name,high,0.993
2002,2000,WILLIAMSON,08 2 SCALES ELEM,9780,009733,0.06644303,code_token_name,high,0.993
2002,2000,WILLIAMSON,08 2 SCALES ELEM,9780,009723,0.01310716,code_token_name,high,0.993
2002,2000,WILLIAMSON,08 2 SCALES ELEM,9780,009732,7.328e-05,code_token_name,high,0.993
2002,2000,WILLIAMSON,08 2 SCALES ELEM,9780,009728,2.209e-05,code_token_name,high,0.993
2002,2000,WILLIAMSON,08 2 SCALES ELEM,9780,009722,7e-08,code_token_name,high,0.993
2002,2000,WILLIAMSON,08 2 SCALES ELEM,9780,009729,0.0,code_token_name,high,0.993
2002,2000,WILLIAMSON,08 3 EPISCOPAL CH,9780,009725,0.55190927,code_token_name,high,0.993
2002,2000,WILLIAMSON,08 3 EPISCOPAL CH,9780,009726,0.27974537,code_token_name,high,0.993
2002,2000,WILLIAMSON,08 3 EPISCOPAL CH,9780,009734,0.08869974,code_token_name,high,0.993
2002,2000,WILLIAMSON,08 3 EPISCOPAL CH,9780,009733,0.06644303,code_token_name,high,0.993
2002,2000,WILLIAMSON,08 3 EPISCOPAL CH,9780,009723,0.01310716,code_token_name,high,0.993
2002,2000,WILLIAMSON,08 3 EPISCOPAL CH,9780,009732,7.328e-05,code_token_name,high,0.993
2002,2000,WILLIAMSON,08 3 EPISCOPAL CH,9780,009728,2.209e-05,code_token_name,high,0.993
2002,2000,WILLIAMSON,08 3 EPISCOPAL CH,9780,009722,7e-08,code_token_name,high,0.993
2002,2000,WILLIAMSON,08 3 EPISCOPAL CH,9780,009729,0.0,code_token_name,high,0.993
2002,2000,WILLIAMSON,09 1 WALNUT GROVE,9788,009728,0.70475472,code_token_name,high,0.993
2002,2000,WILLIAMSON,09 1 WALNUT GROVE,9788,009732,0.14246054,code_token_name,high,0.993
2002,2000,WILLIAMSON,09 1 WALNUT GROVE,9788,009734,0.07825431,code_token_name,high,0.993
2002,2000,WILLIAMSON,09 1 WALNUT GROVE,9788,009730,0.06820308,code_token_name,high,0.993
2002,2000,WILLIAMSON,09 1 WALNUT GROVE,9788,009729,0.00632635,code_token_name,high,0.993
2002,2000,WILLIAMSON,09 1 WALNUT GROVE,9788,009725,9.9e-07,code_token_name,high,0.993
2002,2000,WILLIAMSON,09 2 BENTON HALL SCH,9788,009728,0.70475472,code_token_name,high,0.993
2002,2000,WILLIAMSON,09 2 BENTON HALL SCH,9788,009732,0.14246054,code_token_name,high,0.993
2002,2000,WILLIAMSON,09 2 BENTON HALL SCH,9788,009734,0.07825431,code_token_name,high,0.993
2002,2000,WILLIAMSON,09 2 BENTON HALL SCH,9788,009730,0.06820308,code_token_name,high,0.993
2002,2000,WILLIAMSON,09 2 BENTON HALL SCH,9788,009729,0.00632635,code_token_name,high,0.993
2002,2000,WILLIAMSON,09 2 BENTON HALL SCH,9788,009725,9.9e-07,code_token_name,high,0.993
2002,2000,WILLIAMSON,09 3 HUNTER S BEND,9788,009728,0.70475472,code_token_name,high,0.993
2002,2000,WILLIAMSON,09 3 HUNTER S BEND,9788,009732,0.14246054,code_token_name,high,0.993
2002,2000,WILLIAMSON,09 3 HUNTER S BEND,9788,009734,0.07825431,code_token_name,high,0.993
2002,2000,WILLIAMSON,09 3 HUNTER S BEND,9788,009730,0.06820308,code_token_name,high,0.993
2002,2000,WILLIAMSON,09 3 HUNTER S BEND,9788,009729,0.00632635,code_token_name,high,0.993
2002,2000,WILLIAMSON,09 3 HUNTER S BEND,9788,009725,9.9e-07,code_token_name,high,0.993
2002,2000,WILLIAMSON,10 1 WILLIAMSON RECR,9796,009732,0.99999909,code_token_name,high,0.993
2002,2000,WILLIAMSON,10 1 WILLIAMSON RECR,9796,009733,5.5e-07,code_token_name,high,0.993
2002,2000,WILLIAMSON,10 1 WILLIAMSON RECR,9796,009730,3.5e-07,code_token_name,high,0.993
2002,2000,WILLIAMSON,10 1 WILLIAMSON RECR,9796,009734,0.0,code_token_name,high,0.993
2002,2000,WILLIAMSON,10 2 LIBERTY ELEM,9796,009732,0.99999909,code_token_name,high,0.993
2002,2000,WILLIAMSON,10 2 LIBERTY ELEM,9796,009733,5.5e-07,code_token_name,high,0.993
2002,2000,WILLIAMSON,10 2 LIBERTY ELEM,9796,009730,3.5e-07,code_token_name,high,0.993
2002,2000,WILLIAMSON,10 2 LIBERTY ELEM,9796,009734,0.0,code_token_name,high,0.993
2002,2000,WILLIAMSON,10 3 JOHNSON ELEM,9796,009732,0.99999909,code_token_name,high,0.993
2002,2000,WILLIAMSON,10 3 JOHNSON ELEM,9796,009733,5.5e-07,code_token_name,high,0.993
2002,2000,WILLIAMSON,10 3 JOHNSON ELEM,9796,009730,3.5e-07,code_token_name,high,0.993
2002,2000,WILLIAMSON,10 3 JOHNSON ELEM,9796,009734,0.0,code_token_name,high,0.993
2002,2000,WILLIAMSON,11 1 FRANKLIN ELEM,9800,009735,0.72623867,code_token_name,high,0.993
2002,2000,WILLIAMSON,11 1 FRANKLIN ELEM,9800,009736,0.14225445,code_token_name,high,0.993
2002,2000,WILLIAMSON,11 1 FRANKLIN ELEM,9800,009739,0.05991506,code_token_name,high,0.993
2002,2000,WILLIAMSON,11 1 FRANKLIN ELEM,9800,009737,0.04620725,code_token_name,high,0.993
2002,2000,WILLIAMSON,11 1 FRANKLIN ELEM,9800,009732,0.02469816,code_token_name,high,0.993
2002,2000,WILLIAMSON,11 1 FRANKLIN ELEM,9800,009730,0.00068641,code_token_name,high,0.993
2002,2000,WILLIAMSON,11 2 MOORE ELEM,9800,009735,0.72623867,code_token_name,high,0.993
2002,2000,WILLIAMSON,11 2 MOORE ELEM,9800,009736,0.14225445,code_token_name,high,0.993
2002,2000,WILLIAMSON,11 2 MOORE ELEM,9800,009739,0.05991506,code_token_name,high,0.993
2002,2000,WILLIAMSON,11 2 MOORE ELEM,9800,009737,0.04620725,code_token_name,high,0.993
2002,2000,WILLIAMSON,11 2 MOORE ELEM,9800,009732,0.02469816,code_token_name,high,0.993
2002,2000,WILLIAMSON,11 2 MOORE ELEM,9800,009730,0.00068641,code_token_name,high,0.993
2002,2000,WILLIAMSON,12 1 FR FAITH CHURCH,9804,009739,0.96926543,code_token_name,high,0.993
2002,2000,WILLIAMSON,12 1 FR FAITH CHURCH,9804,009736,0.0307225,code_token_name,high,0.993
2002,2000,WILLIAMSON,12 1 FR FAITH CHURCH,9804,009733,1.001e-05,code_token_name,high,0.993
2002,2000,WILLIAMSON,12 1 FR FAITH CHURCH,9804,009735,2.06e-06,code_token_name,high,0.993
2002,2000,WILLIAMSON,12 1 FR FAITH CHURCH,9804,009738,0.0,code_token_name,high,0.993
2002,2000,WILLIAMSON,12 2 PEOPLE S CHURCH,9804,009739,0.96926543,code_token_name,high,0.993
2002,2000,WILLIAMSON,12 2 PEOPLE S CHURCH,9804,009736,0.0307225,code_token_name,high,0.993
2002,2000,WILLIAMSON,12 2 PEOPLE S CHURCH,9804,009733,1.001e-05,code_token_name,high,0.993
2002,2000,WILLIAMSON,12 2 PEOPLE S CHURCH,9804,009735,2.06e-06,code_token_name,high,0.993
2002,2000,WILLIAMSON,12 2 PEOPLE S CHURCH,9804,009738,0.0,code_token_name,high,0.993
2002,2000,WILSON,01 HICKORY GROVE,9816,009810,0.62488474,code_token_name,high,0.993
2002,2000,WILSON,01 HICKORY GROVE,9816,009801,0.30956377,code_token_name,high,0.993
2002,2000,WILSON,01 HICKORY GROVE,9816,009829,0.06555145,code_token_name,high,0.993
2002,2000,WILSON,01 HICKORY GROVE,9816,009824,4e-08,code_token_name,high,0.993
2002,2000,WILSON,02 ST STEPHENS,9820,009810,0.38139201,prefix_name,high,0.995
2002,2000,WILSON,02 ST STEPHENS,9820,009802,0.36592245,prefix_name,high,0.995
2002,2000,WILSON,02 ST STEPHENS,9820,009814,0.13220953,prefix_name,high,0.995
2002,2000,WILSON,02 ST STEPHENS,9820,009801,0.09106683,prefix_name,high,0.995
2002,2000,WILSON,02 ST STEPHENS,9820,009829,0.0162446,prefix_name,high,0.995
2002,2000,WILSON,02 ST STEPHENS,9820,009803,0.01316458,prefix_name,high,0.995
2002,2000,WILSON,03 MT JULIET LIBR,9824,009832,0.524663,code_token_name,high,0.993
2002,2000,WILSON,03 MT JULIET LIBR,9824,009814,0.35099309,code_token_name,high,0.993
2002,2000,WILSON,03 MT JULIET LIBR,9824,009803,0.09556221,code_token_name,high,0.993
2002,2000,WILSON,03 MT JULIET LIBR,9824,009829,0.01851113,code_token_name,high,0.993
2002,2000,WILSON,03 MT JULIET LIBR,9824,009833,0.01027055,code_token_name,high,0.993
2002,2000,WILSON,03 MT JULIET LIBR,9824,009819,1e-08,code_token_name,high,0.993
2002,2000,WILSON,03 MT JULIET LIBR,9824,009815,1e-08,code_token_name,high,0.993
2002,2000,WILSON,04 COOK S UMC,9836,009804,0.61996863,code_token_name,high,0.993
2002,2000,WILSON,04 COOK S UMC,9836,009832,0.24858294,code_token_name,high,0.993
2002,2000,WILSON,04 COOK S UMC,9836,009829,0.11189401,code_token_name,high,0.993
2002,2000,WILSON,04 COOK S UMC,9836,009833,0.00951734,code_token_name,high,0.993
2002,2000,WILSON,04 COOK S UMC,9836,009830,0.00885766,code_token_name,high,0.993
2002,2000,WILSON,04 COOK S UMC,9836,009814,0.00110817,code_token_name,high,0.993
2002,2000,WILSON,04 COOK S UMC,9836,009824,7.123e-05,code_token_name,high,0.993
2002,2000,WILSON,04 COOK S UMC,9836,009806,2e-08,code_token_name,high,0.993
2002,2000,WILSON,04 COOK S UMC,9836,009805,0.0,code_token_name,high,0.993
2002,2000,WILSON,05 FRIENDSHIP CHRIST,9840,009806,0.81583132,code_token_name,high,0.993
2002,2000,WILSON,05 FRIENDSHIP CHRIST,9840,009823,0.11747868,code_token_name,high,0.993
2002,2000,WILSON,05 FRIENDSHIP CHRIST,9840,009807,0.06668842,code_token_name,high,0.993
2002,2000,WILSON,05 FRIENDSHIP CHRIST,9840,009830,1.58e-06,code_token_name,high,0.993
2002,2000,WILSON,05 FRIENDSHIP CHRIST,9840,009825,0.0,code_token_name,high,0.993
2002,2000,WILSON,05 LAGUARDO UTILITY,9844,009806,0.54188208,prefix_name,high,0.995
2002,2000,WILSON,05 LAGUARDO UTILITY,9844,009805,0.37002265,prefix_name,high,0.995
2002,2000,WILSON,05 LAGUARDO UTILITY,9844,009804,0.08809528,prefix_name,high,0.995
2002,2000,WILSON,06 CARROLL OAKLAND,9848,009807,0.91812128,prefix_name,high,0.995
2002,2000,WILSON,06 CARROLL OAKLAND,9848,009820,0.04196831,prefix_name,high,0.995
2002,2000,WILSON,06 CARROLL OAKLAND,9848,009825,0.03991018,prefix_name,high,0.995
2002,2000,WILSON,06 CARROLL OAKLAND,9848,009806,1.8e-07,prefix_name,high,0.995
2002,2000,WILSON,06 CARROLL OAKLAND,9848,009823,5e-08,prefix_name,high,0.995
2002,2000,WILSON,07 SHOP SPGS BAPTIS,9856,009808,0.57809957,code_token_name,high,0.993
2002,2000,WILSON,07 SHOP SPGS BAPTIS,9856,009816,0.32840031,code_token_name,high,0.993
2002,2000,WILSON,07 SHOP SPGS BAPTIS,9856,009828,0.08769854,code_token_name,high,0.993
2002,2000,WILSON,07 SHOP SPGS BAPTIS,9856,009809,0.00580157,code_token_name,high,0.993
2002,2000,WILSON,07 SHOP SPGS BAPTIS,9856,009817,2e-08,code_token_name,high,0.993
2002,2000,WILSON,07 SHOP SPGS BAPTIS,9856,009820,0.0,code_token_name,high,0.993
2002,2000,WILSON,07 SHOP SPGS BAPTIS,9856,009811,0.0,code_token_name,high,0.993
2002,2000,WILSON,07 SOUTHSIDE ELEM,9856,009808,0.57809957,code_token_name,high,0.993
2002,2000,WILSON,07 SOUTHSIDE ELEM,9856,009816,0.32840031,code_token_name,high,0.993
2002,2000,WILSON,07 SOUTHSIDE ELEM,9856,009828,0.08769854,code_token_name,high,0.993
2002,2000,WILSON,07 SOUTHSIDE ELEM,9856,009809,0.00580157,code_token_name,high,0.993
2002,2000,WILSON,07 SOUTHSIDE ELEM,9856,009817,2e-08,code_token_name,high,0.993
2002,2000,WILSON,07 SOUTHSIDE ELEM,9856,009820,0.0,code_token_name,high,0.993
2002,2000,WILSON,07 SOUTHSIDE ELEM,9856,009811,0.0,code_token_name,high,0.993
2002,2000,WILSON,07 WATERTOWN HIGH,9860,009811,0.53779575,prefix_name,high,0.995
2002,2000,WILSON,07 WATERTOWN HIGH,9860,009808,0.46220425,prefix_name,high,0.995
2002,2000,WILSON,07 WATERTOWN HIGH,9860,009816,0.0,prefix_name,high,0.995
2002,2000,WILSON,07 WATERTOWN HIGH,9860,009820,0.0,prefix_name,high,0.995
2002,2000,WILSON,08 LAKEVIEW ELEM,9864,009810,0.53303461,code_token_name,high,0.993
2002,2000,WILSON,08 LAKEVIEW ELEM,9864,009801,0.45734799,code_token_name,high,0.993
2002,2000,WILSON,08 LAKEVIEW ELEM,9864,009829,0.00961432,code_token_name,high,0.993
2002,2000,WILSON,08 LAKEVIEW ELEM,9864,009814,3.08e-06,code_token_name,high,0.993
2002,2000,WILSON,09 COMMERCE HOME,9870,009811,0.82519515,prefix_name,high,0.995
2002,2000,WILSON,09 COMMERCE HOME,9870,009808,0.17147932,prefix_name,high,0.995
2002,2000,WILSON,09 COMMERCE HOME,9870,009820,0.00332554,prefix_name,high,0.995
2002,2000,WILSON,09 COTTAGE HOME DE,9868,009812,0.99999991,code_token_name,high,0.993
2002,2000,WILSON,09 COTTAGE HOME DE,9868,009811,9e-08,code_token_name,high,0.993
2002,2000,WILSON,09 STATESVILLE HOME,9876,009812,0.99958976,prefix_name,high,0.995
2002,2000,WILSON,09 STATESVILLE HOME,9876,009811,0.00040839,prefix_name,high,0.995
2002,2000,WILSON,09 STATESVILLE HOME,9876,009816,1.85e-06,prefix_name,high,0.995
2002,2000,WILSON,09 WATERTOWN COMM,9868,009812,0.99999991,code_token_name,high,0.993
2002,2000,WILSON,09 WATERTOWN COMM,9868,009811,9e-08,code_token_name,high,0.993
2002,2000,WILSON,10 MJ WW SENIORS C,9884,009814,0.42452193,code_token_name,high,0.993
2002,2000,WILSON,10 MJ WW SENIORS C,9884,009803,0.36866398,code_token_name,high,0.993
2002,2000,WILSON,10 MJ WW SENIORS C,9884,009829,0.16820749,code_token_name,high,0.993
2002,2000,WILSON,10 MJ WW SENIORS C,9884,009802,0.03798622,code_token_name,high,0.993
2002,2000,WILSON,10 MJ WW SENIORS C,9884,009832,0.00062038,code_token_name,high,0.993
2002,2000,WILSON,11 GRACE BAPTIST,9888,009819,0.80281491,code_token_name,high,0.993
2002,2000,WILSON,11 GRACE BAPTIST,9888,009815,0.17696941,code_token_name,high,0.993
2002,2000,WILSON,11 GRACE BAPTIST,9888,009822,0.02021565,code_token_name,high,0.993
2002,2000,WILSON,11 GRACE BAPTIST,9888,009833,3e-08,code_token_name,high,0.993
2002,2000,WILSON,11 GRACE BAPTIST,9888,009832,0.0,code_token_name,high,0.993
2002,2000,WILSON,11 GRACE BAPTIST,9888,009803,0.0,code_token_name,high,0.993
2002,2000,WILSON,11 SILVER SPGS BAPT,9888,009819,0.80281491,code_token_name,high,0.993
2002,2000,WILSON,11 SILVER SPGS BAPT,9888,009815,0.17696941,code_token_name,high,0.993
2002,2000,WILSON,11 SILVER SPGS BAPT,9888,009822,0.02021565,code_token_name,high,0.993
2002,2000,WILSON,11 SILVER SPGS BAPT,9888,009833,3e-08,code_token_name,high,0.993
2002,2000,WILSON,11 SILVER SPGS BAPT,9888,009832,0.0,code_token_name,high,0.993
2002,2000,WILSON,11 SILVER SPGS BAPT,9888,009803,0.0,code_token_name,high,0.993
2002,2000,WILSON,12 CEDARS LEBANON,9896,009817,0.5941458,code_token_name,high,0.993
2002,2000,WILSON,12 CEDARS LEBANON,9896,009818,0.40585412,code_token_name,high,0.993
2002,2000,WILSON,12 CEDARS LEBANON,9896,009816,8e-08,code_token_name,high,0.993
2002,2000,WILSON,12 CEDARS LEBANON,9896,009819,0.0,code_token_name,high,0.993
2002,2000,WILSON,12 NORENE CC,9896,009817,0.5941458,code_token_name,high,0.993
2002,2000,WILSON,12 NORENE CC,9896,009818,0.40585412,code_token_name,high,0.993
2002,2000,WILSON,12 NORENE CC,9896,009816,8e-08,code_token_name,high,0.993
2002,2000,WILSON,12 NORENE CC,9896,009819,0.0,code_token_name,high,0.993
2002,2000,WILSON,13 GLADEVILLE ELEM,9908,009818,0.80753719,code_token_name,high,0.993
2002,2000,WILSON,13 GLADEVILLE ELEM,9908,009819,0.1398573,code_token_name,high,0.993
2002,2000,WILSON,13 GLADEVILLE ELEM,9908,009815,0.0457364,code_token_name,high,0.993
2002,2000,WILSON,13 GLADEVILLE ELEM,9908,009822,0.00686911,code_token_name,high,0.993
2002,2000,WILSON,14 GLADEVILLE ELEM,9912,009819,0.74616975,code_token_name,high,0.993
2002,2000,WILSON,14 GLADEVILLE ELEM,9912,009818,0.25383023,code_token_name,high,0.993
2002,2000,WILSON,14 GLADEVILLE ELEM,9912,009817,1e-08,code_token_name,high,0.993
2002,2000,WILSON,14 WILSON BD EDUC,9912,009819,0.74616975,code_token_name,high,0.993
2002,2000,WILSON,14 WILSON BD EDUC,9912,009818,0.25383023,code_token_name,high,0.993
2002,2000,WILSON,14 WILSON BD EDUC,9912,009817,1e-08,code_token_name,high,0.993
2002,2000,WILSON,15 FULL GOSPEL TABER,9920,009820,0.66558381,code_token_name,high,0.993
2002,2000,WILSON,15 FULL GOSPEL TABER,9920,009807,0.33441619,code_token_name,high,0.993
2002,2000,WILSON,15 FULL GOSPEL TABER,9920,009825,0.0,code_token_name,high,0.993
2002,2000,WILSON,15 FULL GOSPEL TABER,9920,009826,0.0,code_token_name,high,0.993
2002,2000,WILSON,15 FULL GOSPEL TABER,9920,009828,0.0,code_token_name,high,0.993
2002,2000,WILSON,15 TUCKERS CROSS RD,9920,009820,0.66558381,code_token_name,high,0.993
2002,2000,WILSON,15 TUCKERS CROSS RD,9920,009807,0.33441619,code_token_name,high,0.993
2002,2000,WILSON,15 TUCKERS CROSS RD,9920,009825,0.0,code_token_name,high,0.993
2002,2000,WILSON,15 TUCKERS CROSS RD,9920,009826,0.0,code_token_name,high,0.993
2002,2000,WILSON,15 TUCKERS CROSS RD,9920,009828,0.0,code_token_name,high,0.993
2002,2000,WILSON,16 CENTER CHAPEL,9928,009822,0.65564287,code_token_name,high,0.993
2002,2000,WILSON,16 CENTER CHAPEL,9928,009803,0.25985088,code_token_name,high,0.993
2002,2000,WILSON,16 CENTER CHAPEL,9928,009802,0.03462178,code_token_name,high,0.993
2002,2000,WILSON,16 CENTER CHAPEL,9928,009818,0.0344288,code_token_name,high,0.993
2002,2000,WILSON,16 CENTER CHAPEL,9928,009815,0.01545566,code_token_name,high,0.993
2002,2000,WILSON,16 CENTER CHAPEL,9928,009819,0.0,code_token_name,high,0.993
2002,2000,WILSON,17 FAITH EVANGELICAL,9932,009823,0.59300342,code_token_name,high,0.993
2002,2000,WILSON,17 FAITH EVANGELICAL,9932,009825,0.19458096,code_token_name,high,0.993
2002,2000,WILSON,17 FAITH EVANGELICAL,9932,009831,0.11801569,code_token_name,high,0.993
2002,2000,WILSON,17 FAITH EVANGELICAL,9932,009830,0.09439975,code_token_name,high,0.993
2002,2000,WILSON,17 FAITH EVANGELICAL,9932,009806,1.6e-07,code_token_name,high,0.993
2002,2000,WILSON,17 FAITH EVANGELICAL,9932,009804,2e-08,code_token_name,high,0.993
2002,2000,WILSON,18 LAKEVIEW ELEM,9936,009824,0.9891822,code_token_name,high,0.993
2002,2000,WILSON,18 LAKEVIEW ELEM,9936,009810,0.01081772,code_token_name,high,0.993
2002,2000,WILSON,18 LAKEVIEW ELEM,9936,009829,8e-08,code_token_name,high,0.993
2002,2000,WILSON,19 SAM HOUSTON ELE,9940,009825,0.97954437,code_token_name,high,0.993
2002,2000,WILSON,19 SAM HOUSTON ELE,9940,009826,0.0204554,code_token_name,high,0.993
2002,2000,WILSON,19 SAM HOUSTON ELE,9940,009820,2e-07,code_token_name,high,0.993
2002,2000,WILSON,19 SAM HOUSTON ELE,9940,009807,4e-08,code_token_name,high,0.993
2002,2000,WILSON,19 SAM HOUSTON ELE,9940,009831,0.0,code_token_name,high,0.993
2002,2000,WILSON,20 MARKET STREET CC,9944,009828,0.50078137,code_token_name,high,0.993
2002,2000,WILSON,20 MARKET STREET CC,9944,009826,0.39893689,code_token_name,high,0.993
2002,2000,WILSON,20 MARKET STREET CC,9944,009820,0.10026971,code_token_name,high,0.993
2002,2000,WILSON,20 MARKET STREET CC,9944,009825,1.203e-05,code_token_name,high,0.993
2002,2000,WILSON,21 WATER WASTE,9948,009828,0.32555317,code_token_name,high,0.993
2002,2000,WILSON,21 WATER WASTE,9948,009827,0.21879269,code_token_name,high,0.993
2002,2000,WILSON,21 WATER WASTE,9948,009808,0.20259024,code_token_name,high,0.993
2002,2000,WILSON,21 WATER WASTE,9948,009826,0.13326092,code_token_name,high,0.993
2002,2000,WILSON,21 WATER WASTE,9948,009809,0.11980299,code_token_name,high,0.993
2002,2000,WILSON,21 WATER WASTE,9948,009831,0.0,code_token_name,high,0.993
2002,2000,WILSON,22 W A WRIGHT ELEM,9952,009829,0.83356384,prefix_name,high,0.995
2002,2000,WILSON,22 W A WRIGHT ELEM,9952,009824,0.13663236,prefix_name,high,0.995
2002,2000,WILSON,22 W A WRIGHT ELEM,9952,009804,0.01551625,prefix_name,high,0.995
2002,2000,WILSON,22 W A WRIGHT ELEM,9952,009810,0.01428261,prefix_name,high,0.995
2002,2000,WILSON,22 W A WRIGHT ELEM,9952,009814,4.94e-06,prefix_name,high,0.995
2002,2000,WILSON,23 NATL GUARD ARMOR,9956,009830,0.54205425,code_token_name,high,0.993
2002,2000,WILSON,23 NATL GUARD ARMOR,9956,009833,0.17350786,code_token_name,high,0.993
2002,2000,WILSON,23 NATL GUARD ARMOR,9956,009809,0.14113382,code_token_name,high,0.993
2002,2000,WILSON,23 NATL GUARD ARMOR,9956,009827,0.08967791,code_token_name,high,0.993
2002,2000,WILSON,23 NATL GUARD ARMOR,9956,009831,0.05362569,code_token_name,high,0.993
2002,2000,WILSON,23 NATL GUARD ARMOR,9956,009819,4.7e-07,code_token_name,high,0.993
2002,2000,WILSON,24 FIRST UMC,9960,009831,0.43184452,code_token_name,high,0.993
2002,2000,WILSON,24 FIRST UMC,9960,009825,0.34101328,code_token_name,high,0.993
2002,2000,WILSON,24 FIRST UMC,9960,009823,0.15421829,code_token_name,high,0.993
2002,2000,WILSON,24 FIRST UMC,9960,009827,0.06036304,code_token_name,high,0.993
2002,2000,WILSON,24 FIRST UMC,9960,009826,0.01256087,code_token_name,high,0.993
2002,2000,WILSON,25 BURCHETT FORD,9964,009830,0.68016093,exact_name,high,1.0
2002,2000,WILSON,25 BURCHETT FORD,9964,009804,0.22065711,exact_name,high,1.0
2002,2000,WILSON,25 BURCHETT FORD,9964,009806,0.06714861,exact_name,high,1.0
2002,2000,WILSON,25 BURCHETT FORD,9964,009831,0.02276762,exact_name,high,1.0
2002,2000,WILSON,25 BURCHETT FORD,9964,009823,0.00926522,exact_name,high,1.0
2002,2000,WILSON,25 BURCHETT FORD,9964,009833,5.1e-07,exact_name,high,1.0
2002,2000,WILSON,25 LEEVILLE CLUB,9964,009830,0.68016093,code_token_name,high,0.993
2002,2000,WILSON,25 LEEVILLE CLUB,9964,009804,0.22065711,code_token_name,high,0.993
2002,2000,WILSON,25 LEEVILLE CLUB,9964,009806,0.06714861,code_token_name,high,0.993
2002,2000,WILSON,25 LEEVILLE CLUB,9964,009831,0.02276762,code_token_name,high,0.993
2002,2000,WILSON,25 LEEVILLE CLUB,9964,009823,0.00926522,code_token_name,high,0.993
2002,2000,WILSON,25 LEEVILLE CLUB,9964,009833,5.1e-07,code_token_name,high,0.993
