confidence_tier,county_norm,dst_vtd20,from_precinct_norm,from_year,match_method,match_score,official_name,source_vintage,src_vtdst,weight
high,ANDERSON,000001,ANDERSONVILLE,2014,official_vtd_exact_name_nhgis_blocks,0.95,Andersonville,2010,7,0.998087257388
high,ANDERSON,000018,ANDERSONVILLE,2014,official_vtd_exact_name_nhgis_blocks,0.95,Andersonville,2010,7,0.001912742612
high,ANDERSON,000002,BRICEVILLE,2014,official_vtd_exact_name_nhgis_blocks,0.95,Briceville,2010,17,1.0
high,ANDERSON,000003,BULL RUN,2014,official_vtd_exact_name_nhgis_blocks,0.95,Bull Run,2010,3,0.998727473227
high,ANDERSON,000004,BULL RUN,2014,official_vtd_exact_name_nhgis_blocks,0.95,Bull Run,2010,3,5.73182e-07
high,ANDERSON,000005,BULL RUN,2014,official_vtd_exact_name_nhgis_blocks,0.95,Bull Run,2010,3,0.00127195359
high,ANDERSON,000005,CLINTON,2014,official_vtd_exact_name_nhgis_blocks,0.95,Clinton,2010,10,1.0
high,ANDERSON,000006,CLINTON HIGH,2014,official_vtd_exact_name_nhgis_blocks,0.95,Clinton High,2010,16,1.0
high,ANDERSON,000004,CLAXTON,2014,official_vtd_exact_name_nhgis_blocks,0.95,Claxton,2010,8,1.0
high,ANDERSON,000008,DUTCH VALLEY,2014,official_vtd_exact_name_nhgis_blocks,0.95,Dutch Valley,2010,18,1.0
high,ANDERSON,000009,EMORY VALLEY,2014,official_vtd_exact_name_nhgis_blocks,0.95,Emory Valley,2010,11,1.0
high,ANDERSON,000010,FAIRVIEW,2014,official_vtd_exact_name_nhgis_blocks,0.95,Fairview,2010,0,1.0
high,ANDERSON,000011,GLEN ALPINE,2014,official_vtd_exact_name_nhgis_blocks,0.95,Glen Alpine,2010,1,1.0
high,ANDERSON,000012,GLENWOOD,2014,official_vtd_exact_name_nhgis_blocks,0.95,Glenwood,2010,15,1.0
high,ANDERSON,000013,HENDRIX CREEK,2014,official_vtd_exact_name_nhgis_blocks,0.95,Hendrix Creek,2010,12,1.0
high,ANDERSON,000014,HIGHLAND VIEW,2014,official_vtd_exact_name_nhgis_blocks,0.95,Highland View,2010,26,1.0
high,ANDERSON,000017,MARLOW,2014,official_vtd_exact_name_nhgis_blocks,0.95,Marlow,2010,21,1.0
high,ANDERSON,000019,NORTH CLINTON,2014,official_vtd_exact_name_nhgis_blocks,0.95,North Clinton,2010,2,1.0
high,ANDERSON,000001,NORRIS,2014,official_vtd_exact_name_nhgis_blocks,0.95,Norris,2010,6,0.000905225217
high,ANDERSON,000011,NORRIS,2014,official_vtd_exact_name_nhgis_blocks,0.95,Norris,2010,6,0.002076523815
high,ANDERSON,000018,NORRIS,2014,official_vtd_exact_name_nhgis_blocks,0.95,Norris,2010,6,0.997018250969
high,ANDERSON,000020,NORWOOD,2014,official_vtd_exact_name_nhgis_blocks,0.95,Norwood,2010,19,1.0
high,ANDERSON,000022,PINE VALLEY,2014,official_vtd_exact_name_nhgis_blocks,0.95,Pine Valley,2010,14,1.0
high,ANDERSON,000020,ROBERTSVILLE,2014,official_vtd_exact_name_nhgis_blocks,0.95,Robertsville,2010,25,0.00710849308
high,ANDERSON,000023,ROBERTSVILLE,2014,official_vtd_exact_name_nhgis_blocks,0.95,Robertsville,2010,25,0.99289150692
high,ANDERSON,000024,ROSEDALE,2014,official_vtd_exact_name_nhgis_blocks,0.95,Rosedale,2010,22,1.0
high,ANDERSON,000025,SOUTH CLINTON,2014,official_vtd_exact_name_nhgis_blocks,0.95,South Clinton,2010,9,1.0
high,ANDERSON,000027,WOODLAND,2014,official_vtd_exact_name_nhgis_blocks,0.95,Woodland,2010,13,1.0
high,ANDERSON,000026,WEST HILLS,2014,official_vtd_exact_name_nhgis_blocks,0.95,West Hills,2010,24,1.0
high,BEDFORD,000101,1 1 WARTRACE,2014,official_vtd_equivalent_code_nhgis_blocks,0.97,101 Wartrace Baptist Church,2010,31,1.0
high,BEDFORD,000102,1 2 BELL BUCKLE,2014,official_vtd_equivalent_code_nhgis_blocks,0.97,102 Bell Buckle/Webb School,2010,32,1.0
high,BEDFORD,000103,2 3 FAIR HAVEN,2014,official_vtd_equivalent_code_nhgis_blocks,0.97,203 Fairhaven Baptist Church,2010,33,1.0
high,BEDFORD,000104,3 3 UNIONVILLE,2014,official_vtd_equivalent_code_nhgis_blocks,0.97,303 Uniounville Fire Hall,2010,27,1.0
high,BEDFORD,000105,4 3 BEDFORD,2014,official_vtd_equivalent_code_nhgis_blocks,0.97,403 Bedford Community Center,2010,28,1.0
high,BEDFORD,000106,5 2 FLAT CREEK,2014,official_vtd_equivalent_code_nhgis_blocks,0.97,502 Flat Creek Community Center,2010,29,1.0
high,BEDFORD,000107,5 5 NORMANDY,2014,official_vtd_equivalent_code_nhgis_blocks,0.97,505 Normandy Baptist Church,2010,30,1.0
high,BEDFORD,000106,6 1 EAST SIDE,2014,official_vtd_equivalent_code_nhgis_blocks,0.97,601 East Side School,2010,36,0.002098745916
high,BEDFORD,000108,6 1 EAST SIDE,2014,official_vtd_equivalent_code_nhgis_blocks,0.97,601 East Side School,2010,36,0.997897778568
high,BEDFORD,000109,6 1 EAST SIDE,2014,official_vtd_equivalent_code_nhgis_blocks,0.97,601 East Side School,2010,36,3.475516e-06
high,BEDFORD,000101,7 1 DEERY EAKIN,2014,official_vtd_equivalent_code_nhgis_blocks,0.97,701 Deery Eakin School,2010,37,0.000289867777
high,BEDFORD,000108,7 1 DEERY EAKIN,2014,official_vtd_equivalent_code_nhgis_blocks,0.97,701 Deery Eakin School,2010,37,0.001422494626
high,BEDFORD,000109,7 1 DEERY EAKIN,2014,official_vtd_equivalent_code_nhgis_blocks,0.97,701 Deery Eakin School,2010,37,0.998287637597
high,BEDFORD,000101,8 1 THOMAS,2014,official_vtd_equivalent_code_nhgis_blocks,0.97,801 Thomas School,2010,34,0.000513663913
high,BEDFORD,000103,8 1 THOMAS,2014,official_vtd_equivalent_code_nhgis_blocks,0.97,801 Thomas School,2010,34,0.021665223029
high,BEDFORD,000110,8 1 THOMAS,2014,official_vtd_equivalent_code_nhgis_blocks,0.97,801 Thomas School,2010,34,0.977821113058
high,BEDFORD,000111,9 2 SOUTHSIDE,2014,official_vtd_equivalent_code_nhgis_blocks,0.97,902 Southside School,2010,35,1.0
high,BENTON,000204,1 HOLLADAY,2014,official_vtd_exact_label_code_nhgis_blocks,0.97,1 Holladay School,2010,41,1.0
high,BENTON,000201,2 CAMDEN JR HIGH,2014,official_vtd_exact_label_code_nhgis_blocks,0.97,2 Camden High School,2010,38,1.0
high,BENTON,000203,3 COURTHOUSE,2014,official_vtd_exact_label_code_nhgis_blocks,0.97,3 Benton Co. Courthouse,2010,40,1.0
high,BENTON,000202,4 CAMDEN ELEMENTARY,2014,official_vtd_exact_label_code_nhgis_blocks,0.97,4 Camden Elementary School,2010,39,1.0
high,BENTON,000205,5 COURTHOUSE,2014,official_vtd_exact_label_code_nhgis_blocks,0.97,5 Benton Co. Courthouse,2010,42,1.0
high,BENTON,000206,6 BIG SANDY,2014,official_vtd_exact_label_code_nhgis_blocks,0.97,6 Big Sandy School,2010,43,1.0
high,BLEDSOE,000304,1 1 DILL,2014,official_vtd_exact_name_nhgis_blocks,0.95,Dill,2010,44,1.0
high,BLEDSOE,000305,1 2 GRIFFITH,2014,official_vtd_exact_name_nhgis_blocks,0.95,Griffith,2010,45,1.0
high,BLEDSOE,000309,1 3 MT CREST,2014,official_vtd_exact_name_nhgis_blocks,0.95,Mt.Crest,2010,47,1.0
high,BLEDSOE,000303,2 1 COLD SPRINGS,2014,official_vtd_exact_name_nhgis_blocks,0.95,Cold Springs,2010,50,1.0
high,BLEDSOE,000307,2 2 LUMINARY,2014,official_vtd_exact_name_nhgis_blocks,0.95,Luminary,2010,54,1.0
high,BLEDSOE,000311,4 1 PIKEVILLE,2014,official_vtd_exact_name_nhgis_blocks,0.95,Pikeville,2010,51,1.0
high,BLEDSOE,000301,5 1 BELLVIEW,2014,official_vtd_exact_name_nhgis_blocks,0.95,Bellview,2010,49,1.0
high,BLEDSOE,000310,5 2 NINE MILE,2014,official_vtd_exact_name_nhgis_blocks,0.95,Nine Mile,2010,53,1.0
high,BLEDSOE,000306,6 1 LEE STATION,2014,official_vtd_exact_name_nhgis_blocks,0.95,Lee Station,2010,48,1.0
high,BLEDSOE,000308,6 2 LUSK,2014,official_vtd_exact_name_nhgis_blocks,0.95,Lusk,2010,46,1.0
high,BLOUNT,000410,BEECH GROVE,2014,official_vtd_exact_name_nhgis_blocks,0.95,Beech Grove,2010,65,1.0
high,BLOUNT,000415,BIG SPRINGS,2014,official_vtd_exact_name_nhgis_blocks,0.95,Big Springs,2010,70,1.0
high,BLOUNT,000434,CARPENTERS,2014,official_vtd_exact_name_nhgis_blocks,0.95,Carpenters,2010,88,1.0
high,BLOUNT,000425,CHILHOWEE VIEW,2014,official_vtd_exact_name_nhgis_blocks,0.95,Chilhowee View,2010,79,1.0
medium,BLOUNT,000431,EAGLETON MS GYM,2014,official_vtd_fuzzy_name_nhgis_blocks,0.8,Eagleton Gym,2010,82,1.0
high,BLOUNT,000413,EVERETT,2014,official_vtd_exact_name_nhgis_blocks,0.95,Everett,2010,68,1.0
high,BLOUNT,000433,FAIRVIEW,2014,official_vtd_exact_name_nhgis_blocks,0.95,Fairview,2010,87,1.0
high,BLOUNT,000416,FRIENDSVILLE,2014,official_vtd_exact_name_nhgis_blocks,0.95,Friendsville,2010,71,1.0
high,BLOUNT,000435,HAPPY VALLEY,2014,official_vtd_exact_name_nhgis_blocks,0.95,Happy Valley,2010,89,1.0
high,BLOUNT,000424,HERITAGE,2014,official_vtd_exact_name_nhgis_blocks,0.95,Heritage,2010,78,1.0
high,BLOUNT,000430,JOHN SEVIER,2014,official_vtd_exact_name_nhgis_blocks,0.95,John Sevier,2010,84,1.0
high,BLOUNT,000418,LANIER,2014,official_vtd_exact_name_nhgis_blocks,0.95,Lanier,2010,73,1.0
high,BLOUNT,000409,LOUISVILLE,2014,official_vtd_exact_name_nhgis_blocks,0.95,Louisville,2010,77,0.000539846308
high,BLOUNT,000410,LOUISVILLE,2014,official_vtd_exact_name_nhgis_blocks,0.95,Louisville,2010,77,0.001718109856
high,BLOUNT,000421,LOUISVILLE,2014,official_vtd_exact_name_nhgis_blocks,0.95,Louisville,2010,77,0.000414122443
high,BLOUNT,000423,LOUISVILLE,2014,official_vtd_exact_name_nhgis_blocks,0.95,Louisville,2010,77,0.997327921392
high,BLOUNT,000411,MARTIN LUTHER KING,2014,official_vtd_exact_name_nhgis_blocks,0.95,Martin Luther King,2010,66,1.0
high,BLOUNT,000427,MARYVILLE COLLEGE,2014,official_vtd_exact_name_nhgis_blocks,0.95,Maryville College,2010,86,0.072900844429
high,BLOUNT,000432,MARYVILLE COLLEGE,2014,official_vtd_exact_name_nhgis_blocks,0.95,Maryville College,2010,86,0.927099155571
medium,BLOUNT,000404,MARYVILLE JR HIGH,2014,official_vtd_fuzzy_name_nhgis_blocks,0.8053,Maryville Junior High,2010,59,1.0
high,BLOUNT,000411,MARYVILLE MUNICIPAL,2014,official_vtd_exact_name_nhgis_blocks,0.95,Maryville Municipal,2010,69,1.356792e-06
high,BLOUNT,000412,MARYVILLE MUNICIPAL,2014,official_vtd_exact_name_nhgis_blocks,0.95,Maryville Municipal,2010,69,0.008167650071
high,BLOUNT,000414,MARYVILLE MUNICIPAL,2014,official_vtd_exact_name_nhgis_blocks,0.95,Maryville Municipal,2010,69,0.979071650921
high,BLOUNT,000417,MARYVILLE MUNICIPAL,2014,official_vtd_exact_name_nhgis_blocks,0.95,Maryville Municipal,2010,69,0.011172209338
high,BLOUNT,000420,MARYVILLE MUNICIPAL,2014,official_vtd_exact_name_nhgis_blocks,0.95,Maryville Municipal,2010,69,0.001587132878
high,BLOUNT,000407,MENTOR,2014,official_vtd_exact_name_nhgis_blocks,0.95,Mentor,2010,64,0.001102901158
high,BLOUNT,000409,MENTOR,2014,official_vtd_exact_name_nhgis_blocks,0.95,Mentor,2010,64,0.99093536143
high,BLOUNT,000423,MENTOR,2014,official_vtd_exact_name_nhgis_blocks,0.95,Mentor,2010,64,0.007961737412
high,BLOUNT,000407,MIDDLESETTLEMENTS,2014,official_vtd_exact_name_nhgis_blocks,0.95,Middlesettlements,2010,62,1.0
high,BLOUNT,000421,MISER STATION,2014,official_vtd_exact_name_nhgis_blocks,0.95,Miser Station,2010,76,1.0
high,BLOUNT,000427,MONTVALE,2014,official_vtd_exact_name_nhgis_blocks,0.95,Montvale,2010,81,1.0
high,BLOUNT,000412,OAK STREET,2014,official_vtd_exact_name_nhgis_blocks,0.95,Oak Street,2010,67,1.0
high,BLOUNT,000402,OAK VIEW,2014,official_vtd_exact_name_nhgis_blocks,0.95,Oak View,2010,57,1.0
high,BLOUNT,000416,PELLISSIPPI CAMPUS,2014,official_vtd_exact_name_nhgis_blocks,0.95,Pellissippi Campus,2010,90,0.003218624017
high,BLOUNT,000436,PELLISSIPPI CAMPUS,2014,official_vtd_exact_name_nhgis_blocks,0.95,Pellissippi Campus,2010,90,0.996781375983
high,BLOUNT,000429,PORTER,2014,official_vtd_exact_name_nhgis_blocks,0.95,Porter,2010,83,1.0
high,BLOUNT,000406,ROCKFORD,2014,official_vtd_exact_name_nhgis_blocks,0.95,Rockford,2010,61,1.0
high,BLOUNT,000405,SHOOKS GAP,2014,official_vtd_exact_name_nhgis_blocks,0.95,Shooks Gap,2010,60,1.0
high,BLOUNT,000401,TOWNSEND,2014,official_vtd_exact_name_nhgis_blocks,0.95,Townsend,2010,56,1.0
high,BLOUNT,000426,WALLAND,2014,official_vtd_exact_name_nhgis_blocks,0.95,Walland,2010,80,1.0
medium,BLOUNT,000414,WILLIAM BLOUNT HS,2014,official_vtd_fuzzy_name_nhgis_blocks,0.8,William Blount High,2010,72,0.005922277998
medium,BLOUNT,000417,WILLIAM BLOUNT HS,2014,official_vtd_fuzzy_name_nhgis_blocks,0.8,William Blount High,2010,72,0.975354316348
medium,BLOUNT,000436,WILLIAM BLOUNT HS,2014,official_vtd_fuzzy_name_nhgis_blocks,0.8,William Blount High,2010,72,0.018723405654
medium,BLOUNT,000419,WM BLOUNT ACADEMY,2014,official_vtd_fuzzy_name_nhgis_blocks,0.7846,William Blount Academy,2010,74,1.0
high,BRADLEY,000501,1 1 MCDONALD,2014,official_vtd_equivalent_code_nhgis_blocks,0.97,101 McDonald Ruritan,2010,91,1.0
high,BRADLEY,000516,1 2 PROSPECT,2014,official_vtd_equivalent_code_nhgis_blocks,0.97,102 Prospect School,2010,106,1.0
high,BRADLEY,000517,1 3 HOPEWELL,2014,official_vtd_equivalent_code_nhgis_blocks,0.97,103 Hopewell School,2010,107,1.0
high,BRADLEY,000504,2 1 E L ROSS,2014,official_vtd_equivalent_code_nhgis_blocks,0.97,201 E.L. Ross School,2010,94,1.0
high,BRADLEY,000505,2 2 WALKER VALLEY,2014,official_vtd_equivalent_code_nhgis_blocks,0.97,202 Walker Valley High,2010,95,1.0
high,BRADLEY,000509,3 1 LEE UNIVERSITY,2014,official_vtd_code_and_name_nhgis_blocks,0.99,301 Lee University,2010,99,1.0
high,BRADLEY,000506,3 2 SENIOR CENTER,2014,official_vtd_code_and_name_nhgis_blocks,0.99,302 Senior Center,2010,96,1.0
high,BRADLEY,000512,4 1 OAK GROVE,2014,official_vtd_equivalent_code_nhgis_blocks,0.97,401 Oak Grove School,2010,102,1.0
high,BRADLEY,000508,4 2 MICHIGAN AVE,2014,official_vtd_equivalent_code_nhgis_blocks,0.97,402 Michigan Ave School,2010,98,1.0
high,BRADLEY,000511,6 1 VALLEY VIEW,2014,official_vtd_equivalent_code_nhgis_blocks,0.97,601 Valley View School,2010,101,1.0
high,BRADLEY,000515,6 2 BLUE SPRINGS,2014,official_vtd_equivalent_code_nhgis_blocks,0.97,602 Blue Springs School,2010,105,1.0
high,BRADLEY,000513,6 3 WATERVILLE,2014,official_vtd_equivalent_code_nhgis_blocks,0.97,603 Waterville School,2010,103,1.0
high,BRADLEY,000503,6 4 BLACK FOX,2014,official_vtd_equivalent_code_nhgis_blocks,0.97,604 Black Fox School,2010,93,1.0
high,BRADLEY,000502,7 1 STUART,2014,official_vtd_equivalent_code_nhgis_blocks,0.97,701 Stuart School,2010,92,1.0
high,BRADLEY,000507,7 2 CLEVELAND HIGH,2014,official_vtd_code_and_name_nhgis_blocks,0.99,702 Cleveland High,2010,97,1.0
high,CAMPBELL,000616,1 1 ALDER SPRINGS,2014,official_vtd_exact_name_nhgis_blocks,0.95,Alder Springs,2010,123,1.0
high,CAMPBELL,000615,1 2 DEMORY,2014,official_vtd_exact_name_nhgis_blocks,0.95,Demory,2010,122,1.0
high,CAMPBELL,000612,1 3 PINECREST,2014,official_vtd_exact_name_nhgis_blocks,0.95,Pinecrest,2010,119,1.0
high,CAMPBELL,000604,1 4 VALLEY VIEW,2014,official_vtd_exact_name_nhgis_blocks,0.95,Valley View,2010,111,1.0
high,CAMPBELL,000604,1 5 WELL SPRINGS,2014,official_vtd_exact_name_nhgis_blocks,0.95,Well Springs,2010,124,0.002915907565
high,CAMPBELL,000617,1 5 WELL SPRINGS,2014,official_vtd_exact_name_nhgis_blocks,0.95,Well Springs,2010,124,0.997084092435
high,CAMPBELL,000601,2 1 COLLEGE HILL,2014,official_vtd_exact_name_nhgis_blocks,0.95,College Hill,2010,108,1.0
high,CAMPBELL,000607,2 2 DAVIS CHAPEL,2014,official_vtd_exact_name_nhgis_blocks,0.95,Davis Chapel,2010,113,1.0
high,CAMPBELL,000608,2 3 EAST LAFOLLETTE,2014,official_vtd_exact_name_nhgis_blocks,0.95,East LaFollette,2010,115,1.0
medium,CAMPBELL,000611,3 2 JACKSBORO STA,2014,official_vtd_fuzzy_name_nhgis_blocks,0.78,Jacksboro Station,2010,118,1.0
high,CAMPBELL,000603,3 3 WEST LAFOLLETTE,2014,official_vtd_exact_name_nhgis_blocks,0.95,West LaFollette,2010,110,1.0
high,CAMPBELL,000602,4 1 CARYVILLE,2014,official_vtd_exact_name_nhgis_blocks,0.95,Caryville,2010,109,1.0
high,CAMPBELL,000614,4 2 CLINCHMORE,2014,official_vtd_exact_name_nhgis_blocks,0.95,Clinchmore,2010,121,1.0
high,CAMPBELL,000609,4 3 JACKSBORO,2014,official_vtd_exact_name_nhgis_blocks,0.95,Jacksboro,2010,116,1.0
high,CAMPBELL,000613,4 4 RIDGEWOOD,2014,official_vtd_exact_name_nhgis_blocks,0.95,Ridgewood,2010,120,1.0
high,CAMPBELL,000605,5 1 ELK VALLEY,2014,official_vtd_exact_name_nhgis_blocks,0.95,Elk Valley,2010,112,1.0
high,CAMPBELL,000603,5 2 HABERSHAM,2014,official_vtd_exact_name_nhgis_blocks,0.95,Habersham,2010,125,2.02422e-07
high,CAMPBELL,000605,5 2 HABERSHAM,2014,official_vtd_exact_name_nhgis_blocks,0.95,Habersham,2010,125,0.001119116003
high,CAMPBELL,000618,5 2 HABERSHAM,2014,official_vtd_exact_name_nhgis_blocks,0.95,Habersham,2010,125,0.998852223909
high,CAMPBELL,000621,5 2 HABERSHAM,2014,official_vtd_exact_name_nhgis_blocks,0.95,Habersham,2010,125,2.8457667e-05
high,CAMPBELL,000620,5 3 JELLICO,2014,official_vtd_exact_name_nhgis_blocks,0.95,Jellico,2010,128,0.002207279084
high,CAMPBELL,000621,5 3 JELLICO,2014,official_vtd_exact_name_nhgis_blocks,0.95,Jellico,2010,128,0.997792720916
high,CAMPBELL,000620,5 4 NEWCOMB,2014,official_vtd_exact_name_nhgis_blocks,0.95,Newcomb,2010,127,1.0
high,CAMPBELL,000619,5 5 WHITE OAK,2014,official_vtd_exact_name_nhgis_blocks,0.95,White Oak,2010,126,1.0
high,CANNON,000701,1 1 WESTSIDE,2014,official_vtd_exact_name_nhgis_blocks,0.95,Westside,2010,131,1.0
high,CANNON,000706,2 1 AUBURNTOWN,2014,official_vtd_exact_name_nhgis_blocks,0.95,Auburntown,2010,134,1.0
high,CANNON,000702,2 2 GASSAWAY,2014,official_vtd_exact_name_nhgis_blocks,0.95,Gassaway,2010,133,1.0
high,CANNON,000705,2 3 PLEASANT RIDGE,2014,official_vtd_exact_name_nhgis_blocks,0.95,Pleasant Ridge,2010,135,0.00271239377
high,CANNON,000707,2 3 PLEASANT RIDGE,2014,official_vtd_exact_name_nhgis_blocks,0.95,Pleasant Ridge,2010,135,0.99728760623
high,CANNON,000703,3 2 WOODLAND,2014,official_vtd_exact_name_nhgis_blocks,0.95,Woodland,2010,130,1.0
high,CANNON,000704,4 1 EASTSIDE,2014,official_vtd_exact_name_nhgis_blocks,0.95,Eastside,2010,129,0.990696094746
high,CANNON,000705,4 1 EASTSIDE,2014,official_vtd_exact_name_nhgis_blocks,0.95,Eastside,2010,129,0.009303905254
high,CANNON,000701,5 1 WOODBURY,2014,official_vtd_exact_name_nhgis_blocks,0.95,Woodbury,2010,132,0.004140166878
high,CANNON,000704,5 1 WOODBURY,2014,official_vtd_exact_name_nhgis_blocks,0.95,Woodbury,2010,132,0.002338328045
high,CANNON,000705,5 1 WOODBURY,2014,official_vtd_exact_name_nhgis_blocks,0.95,Woodbury,2010,132,0.981530069344
high,CANNON,000707,5 1 WOODBURY,2014,official_vtd_exact_name_nhgis_blocks,0.95,Woodbury,2010,132,0.011991435733
high,CARROLL,000816,LAVINIA,2014,official_vtd_exact_name_nhgis_blocks,0.95,1 Lavinia,2010,153,1.0
high,CARROLL,000801,TREZEVANT,2014,official_vtd_exact_name_nhgis_blocks,0.95,2 Trezevant,2010,138,1.0
high,CARROLL,000810,MCLEMORESVILLE,2014,official_vtd_exact_name_nhgis_blocks,0.95,4 McLemoresville,2010,147,1.0
high,CARROLL,000804,CEDAR GROVE,2014,official_vtd_exact_name_nhgis_blocks,0.95,5 Cedar Grove,2010,141,0.998064875478
high,CARROLL,000816,CEDAR GROVE,2014,official_vtd_exact_name_nhgis_blocks,0.95,5 Cedar Grove,2010,141,0.001935124522
high,CARROLL,000812,CLARKSBURG,2014,official_vtd_exact_name_nhgis_blocks,0.95,6 Clarksburg,2010,149,1.0
high,CARROLL,000802,MACEDONIA,2014,official_vtd_exact_name_nhgis_blocks,0.95,7 Macedonia,2010,139,1.0
high,CARROLL,000805,CIVIC CENTER,2014,official_vtd_exact_name_nhgis_blocks,0.95,8 Civic Center,2010,142,1.0
high,CARROLL,000819,BUENA VISTA,2014,official_vtd_exact_name_nhgis_blocks,0.95,11 Buena Vista,2010,156,1.0
high,CARROLL,000803,BRUCETON,2014,official_vtd_exact_name_nhgis_blocks,0.95,12 Bruceton,2010,140,0.996981785544
high,CARROLL,000815,BRUCETON,2014,official_vtd_exact_name_nhgis_blocks,0.95,12 Bruceton,2010,140,0.003018214456
high,CARROLL,000815,HOLLOW ROCK,2014,official_vtd_exact_name_nhgis_blocks,0.95,13 Hollow Rock,2010,152,1.0
high,CARROLL,000811,VALE,2014,official_vtd_exact_name_nhgis_blocks,0.95,14 Vale,2010,148,1.0
high,CARROLL,000817,ATWOOD,2014,official_vtd_exact_name_nhgis_blocks,0.95,16 Atwood,2010,154,1.0
high,CARROLL,000808,SENIOR CITIZENS,2014,official_vtd_exact_name_nhgis_blocks,0.95,17 Senior Citizens,2010,145,1.0
high,CARROLL,000814,CANNON,2014,official_vtd_exact_name_nhgis_blocks,0.95,18 Cannon,2010,151,1.0
high,CARROLL,000806,CONCORD,2014,official_vtd_exact_name_nhgis_blocks,0.95,19 Concord,2010,143,1.0
high,CARROLL,000813,WESTPORT,2014,official_vtd_exact_name_nhgis_blocks,0.95,20 Westport,2010,150,1.0
high,CARTER,000908,HUNTER,2014,official_vtd_exact_name_nhgis_blocks,0.95,Hunter,2010,164,1.0
high,CARTER,000921,MIDWAY,2014,official_vtd_exact_name_nhgis_blocks,0.95,Midway,2010,177,1.0
high,CARTER,000919,UNAKA,2014,official_vtd_exact_name_nhgis_blocks,0.95,Unaka,2010,175,1.0
high,CARTER,000915,ROAN MOUNTAIN,2014,official_vtd_exact_name_nhgis_blocks,0.95,Roan Mountain,2010,171,1.0
high,CARTER,000918,TIGER VALLEY,2014,official_vtd_exact_name_nhgis_blocks,0.95,Tiger Valley,2010,174,1.0
high,CARTER,000902,CENTRAL,2014,official_vtd_exact_name_nhgis_blocks,0.95,Central,2010,158,1.0
high,CARTER,000907,KEENBURG,2014,official_vtd_exact_name_nhgis_blocks,0.95,Keenburg,2010,163,1.0
high,CARTER,000903,RANGE,2014,official_vtd_exact_name_nhgis_blocks,0.95,Range,2010,159,0.987462344826
high,CARTER,000920,RANGE,2014,official_vtd_exact_name_nhgis_blocks,0.95,Range,2010,159,0.012537655174
high,CARTER,000920,WATAUGA,2014,official_vtd_exact_name_nhgis_blocks,0.95,Watauga,2010,176,1.0
medium,CARTER,000906,COURTHOUSE,2014,official_vtd_fuzzy_name_nhgis_blocks,0.8571,Court House,2010,162,1.0
high,CARTER,000910,EASTSIDE,2014,official_vtd_exact_name_nhgis_blocks,0.95,Eastside,2010,166,1.0
high,CARTER,000909,SIAM,2014,official_vtd_exact_name_nhgis_blocks,0.95,Siam,2010,165,1.0
high,CARTER,000901,HAPPY VALLEY,2014,official_vtd_exact_name_nhgis_blocks,0.95,Happy Valley,2010,157,1.0
high,CARTER,000914,ELK MILLS,2014,official_vtd_exact_name_nhgis_blocks,0.95,Elk Mills,2010,170,1.0
high,CARTER,000916,HAMPTON,2014,official_vtd_exact_name_nhgis_blocks,0.95,Hampton,2010,172,1.0
high,CARTER,000913,LITTLE MILLIGAN,2014,official_vtd_exact_name_nhgis_blocks,0.95,Little Milligan,2010,169,1.0
high,CARTER,000904,VALLEY FORGE,2014,official_vtd_exact_name_nhgis_blocks,0.95,Valley Forge,2010,167,0.019892456461
high,CARTER,000905,VALLEY FORGE,2014,official_vtd_exact_name_nhgis_blocks,0.95,Valley Forge,2010,167,0.002028583042
high,CARTER,000911,VALLEY FORGE,2014,official_vtd_exact_name_nhgis_blocks,0.95,Valley Forge,2010,167,0.978078960497
high,CARTER,000911,GAP CREEK,2014,official_vtd_exact_name_nhgis_blocks,0.95,Gap Creek,2010,173,0.002792046284
high,CARTER,000917,GAP CREEK,2014,official_vtd_exact_name_nhgis_blocks,0.95,Gap Creek,2010,173,0.997207953716
high,CARTER,000904,WESTSIDE,2014,official_vtd_exact_name_nhgis_blocks,0.95,Westside,2010,160,0.99678911165
high,CARTER,000911,WESTSIDE,2014,official_vtd_exact_name_nhgis_blocks,0.95,Westside,2010,160,0.00321088835
high,CARTER,000911,HAROLD MCCORMICK,2014,official_vtd_exact_name_nhgis_blocks,0.95,Harold McCormick,2010,168,0.00699426922
high,CARTER,000912,HAROLD MCCORMICK,2014,official_vtd_exact_name_nhgis_blocks,0.95,Harold McCormick,2010,168,0.99300573078
high,CARTER,000905,HIGH SCHOOL,2014,official_vtd_exact_name_nhgis_blocks,0.95,High School,2010,161,1.0
high,CHEATHAM,001004,1 1 COUNTY LIBRARY,2014,official_vtd_exact_label_code_nhgis_blocks,0.97,1-1 Cheatham Co Library,2010,182,1.0
high,CHEATHAM,001003,3 1 PLEASANT VIEW,2014,official_vtd_exact_label_code_nhgis_blocks,0.97,3-1 Pleasant View City Hall,2010,181,1.0
high,CHEATHAM,001002,4 1 WEST CHEATHAM,2014,official_vtd_exact_label_code_nhgis_blocks,0.97,4-1 West Cheatham Elementary,2010,180,1.0
high,CHEATHAM,001008,4 3 SYCAMORE,2014,official_vtd_exact_label_code_nhgis_blocks,0.97,4-3 Sycamore Middle School,2010,186,1.0
high,CHEATHAM,001004,5 1 TWO RIVERS,2014,official_vtd_exact_label_code_nhgis_blocks,0.97,5-1 Two Rivers Fire Hall,2010,183,0.00612484603
high,CHEATHAM,001005,5 1 TWO RIVERS,2014,official_vtd_exact_label_code_nhgis_blocks,0.97,5-1 Two Rivers Fire Hall,2010,183,0.99387515397
high,CHEATHAM,001007,5 2 PEGRAM,2014,official_vtd_exact_label_code_nhgis_blocks,0.97,5-2 Pegram City Hall,2010,185,1.0
high,CHEATHAM,001006,6 1 HARPETH,2014,official_vtd_exact_label_code_nhgis_blocks,0.97,6-1 Harpeth High School,2010,184,1.0
high,CHESTER,001108,1 2 ENVILLE,2014,official_vtd_code_and_name_nhgis_blocks,1.0,1-2 Enville,2010,194,1.0
high,CHESTER,001104,1 5 SWEET LIPS,2014,official_vtd_code_and_name_nhgis_blocks,1.0,1-5 Sweet Lips,2010,190,1.0
high,CHESTER,001109,1 6 HARMONY,2014,official_vtd_code_and_name_nhgis_blocks,1.0,1-6 Harmony,2010,195,1.0
high,CHESTER,001107,2 1 JACKS CREEK,2014,official_vtd_code_and_name_nhgis_blocks,1.0,2-1 Jacks Creek,2010,193,1.0
high,CHESTER,001101,2 2 FRIENDSHIP,2014,official_vtd_code_and_name_nhgis_blocks,1.0,2-2 Friendship,2010,187,1.0
high,CHESTER,001103,3 2 MONTEZUMA,2014,official_vtd_code_and_name_nhgis_blocks,1.0,3-2 Montezuma,2010,189,1.0
high,CHESTER,001111,3 4 MASSEYVILLE,2014,official_vtd_code_and_name_nhgis_blocks,1.0,3-4 Masseyville,2010,197,1.0
high,CHESTER,001110,3 6 DEANBURG,2014,official_vtd_code_and_name_nhgis_blocks,1.0,3-6 Deanburg,2010,196,1.0
high,CHESTER,001102,4 1 WEST CHESTER,2014,official_vtd_exact_label_code_nhgis_blocks,0.97,4-1 West Chester School,2010,188,1.0
high,CHESTER,001105,5 1 EAST CHESTER,2014,official_vtd_exact_label_code_nhgis_blocks,0.97,5-1 East Chester School,2010,191,1.0
high,CHESTER,001106,6 1 CITY HALL,2014,official_vtd_code_and_name_nhgis_blocks,1.0,6-1 City Hall,2010,192,1.0
high,CLAIBORNE,001206,1 1 TAZEWELL,2014,official_vtd_code_and_name_nhgis_blocks,1.0,1-1 Tazewell,2010,207,2.026293e-05
high,CLAIBORNE,001210,1 1 TAZEWELL,2014,official_vtd_code_and_name_nhgis_blocks,1.0,1-1 Tazewell,2010,207,0.989746951044
high,CLAIBORNE,001215,1 1 TAZEWELL,2014,official_vtd_code_and_name_nhgis_blocks,1.0,1-1 Tazewell,2010,207,0.010232786025
high,CLAIBORNE,001213,2 1 CLOUDS,2014,official_vtd_code_and_name_nhgis_blocks,1.0,2-1 Clouds,2010,210,1.0
high,CLAIBORNE,001205,2 2 GOIN,2014,official_vtd_code_and_name_nhgis_blocks,1.0,2-2 Goin,2010,202,1.0
high,CLAIBORNE,001205,2 3 SANDLICK,2014,official_vtd_code_and_name_nhgis_blocks,1.0,2-3 Sandlick,2010,208,1.3862194e-05
high,CLAIBORNE,001206,2 3 SANDLICK,2014,official_vtd_code_and_name_nhgis_blocks,1.0,2-3 Sandlick,2010,208,0.003831733604
high,CLAIBORNE,001211,2 3 SANDLICK,2014,official_vtd_code_and_name_nhgis_blocks,1.0,2-3 Sandlick,2010,208,0.996154404202
high,CLAIBORNE,001207,3 1 LONE MOUNTAIN,2014,official_vtd_code_and_name_nhgis_blocks,1.0,3-1 Lone Mountain,2010,204,1.0
high,CLAIBORNE,001206,3 2 NEW TAZEWELL,2014,official_vtd_code_and_name_nhgis_blocks,1.0,3-2 New Tazewell,2010,203,1.0
high,CLAIBORNE,001212,4 1 GIBSON HALL,2014,official_vtd_code_and_name_nhgis_blocks,1.0,4-1 Gibson Hall,2010,209,1.0
high,CLAIBORNE,001214,4 2 HOWARD S QUARTER,2014,official_vtd_code_and_name_nhgis_blocks,1.0,4-2 Howard's Quarter,2010,211,1.0
high,CLAIBORNE,001216,4 3 LIBERTY,2014,official_vtd_code_and_name_nhgis_blocks,1.0,4-3 Liberty,2010,213,1.0
high,CLAIBORNE,001210,4 4 SPRINGDALE,2014,official_vtd_code_and_name_nhgis_blocks,1.0,4-4 Springdale,2010,212,0.001427189274
high,CLAIBORNE,001214,4 4 SPRINGDALE,2014,official_vtd_code_and_name_nhgis_blocks,1.0,4-4 Springdale,2010,212,0.00017558814
high,CLAIBORNE,001215,4 4 SPRINGDALE,2014,official_vtd_code_and_name_nhgis_blocks,1.0,4-4 Springdale,2010,212,0.998397222586
high,CLAIBORNE,001203,5 1 BIG SPRING UNION,2014,official_vtd_code_and_name_nhgis_blocks,1.0,5-1 Big Spring Union,2010,200,1.0
high,CLAIBORNE,001203,6 1 HARROGATE,2014,official_vtd_code_and_name_nhgis_blocks,1.0,6-1 Harrogate,2010,201,0.003961567389
high,CLAIBORNE,001204,6 1 HARROGATE,2014,official_vtd_code_and_name_nhgis_blocks,1.0,6-1 Harrogate,2010,201,0.996015973723
high,CLAIBORNE,001209,6 1 HARROGATE,2014,official_vtd_code_and_name_nhgis_blocks,1.0,6-1 Harrogate,2010,201,2.1755597e-05
high,CLAIBORNE,001210,6 1 HARROGATE,2014,official_vtd_code_and_name_nhgis_blocks,1.0,6-1 Harrogate,2010,201,7.03291e-07
high,CLAIBORNE,001201,7 1 ARTHUR,2014,official_vtd_code_and_name_nhgis_blocks,1.0,7-1 Arthur,2010,198,1.0
high,CLAIBORNE,001209,7 2 CUMBERLAND GAP,2014,official_vtd_code_and_name_nhgis_blocks,1.0,7-2 Cumberland Gap,2010,206,1.0
high,CLAIBORNE,001217,8 1 ROGERS MILL,2014,official_vtd_code_and_name_nhgis_blocks,1.0,8-1 Rogers Mill,2010,214,1.0
high,CLAIBORNE,001208,8 2 VANBEBBER SPRNGS,2014,official_vtd_exact_label_code_nhgis_blocks,0.97,8-2 Vanbebber Springs,2010,205,1.0
high,CLAIBORNE,001202,9 1 CLAIRFIELD,2014,official_vtd_code_and_name_nhgis_blocks,1.0,9-1 Clairfield,2010,199,1.0
high,CLAY,001303,1 DENTONS CROSS ROAD,2014,official_vtd_exact_label_code_nhgis_blocks,0.97,1 Dentons Cross Roads,2010,217,1.0
high,CLAY,001307,2 HERMITAGE SPRINGS,2014,official_vtd_code_and_name_nhgis_blocks,1.0,2 Hermitage Springs,2010,221,1.0
high,CLAY,001305,3 CELINA,2014,official_vtd_code_and_name_nhgis_blocks,1.0,3 Celina,2010,219,1.0
high,CLAY,001301,4 1 MAPLE GROVE,2014,official_vtd_code_and_name_nhgis_blocks,1.0,4-1 Maple Grove,2010,215,1.0
high,CLAY,001306,4 2 BUTLERS LANDING,2014,official_vtd_code_and_name_nhgis_blocks,1.0,4-2 Butlers Landing,2010,220,1.0
high,CLAY,001302,5 1 BEECH BETHANY,2014,official_vtd_exact_label_code_nhgis_blocks,0.97,5-1 Arcot/Beech Bethany,2010,216,1.0
high,CLAY,001304,5 2 PEA RIDGE,2014,official_vtd_code_and_name_nhgis_blocks,1.0,5-2 Pea Ridge,2010,218,1.0
high,COCKE,001404,DEL RIO,2014,official_vtd_exact_name_nhgis_blocks,0.95,Del Rio,2010,225,1.0
high,COCKE,001408,GRASSY FORK,2014,official_vtd_exact_name_nhgis_blocks,0.95,Grassy Fork,2010,229,1.0
high,COCKE,001409,EDWINA,2014,official_vtd_exact_name_nhgis_blocks,0.95,Edwina,2010,230,1.0
high,COCKE,001417,BRIDGEPORT,2014,official_vtd_exact_name_nhgis_blocks,0.95,Bridgeport,2010,238,1.0
high,COCKE,001401,LONG CREEK,2014,official_vtd_exact_name_nhgis_blocks,0.95,Long Creek,2010,222,1.0
high,COCKE,001418,HOUSTON VALLEY,2014,official_vtd_exact_name_nhgis_blocks,0.95,Houston Valley,2010,239,1.0
high,COCKE,001419,PARROTTSVILLE,2014,official_vtd_exact_name_nhgis_blocks,0.95,Parrottsville,2010,240,1.0
high,COCKE,001403,CENTERVIEW,2014,official_vtd_exact_name_nhgis_blocks,0.95,Centerview,2010,224,1.0
high,COCKE,001414,FOREST HILL,2014,official_vtd_exact_name_nhgis_blocks,0.95,Forest Hill,2010,235,1.0
high,COCKE,001413,RANKIN,2014,official_vtd_exact_name_nhgis_blocks,0.95,Rankin,2010,234,1.0
high,COCKE,001411,ARMORY,2014,official_vtd_exact_name_nhgis_blocks,0.95,Armory,2010,232,1.0
high,COCKE,001412,EDGEMONT,2014,official_vtd_exact_name_nhgis_blocks,0.95,Edgemont,2010,233,1.0
high,COCKE,001410,COSBY,2014,official_vtd_exact_name_nhgis_blocks,0.95,Cosby,2010,231,1.0
high,COCKE,001405,SMOKY MOUNTAIN,2014,official_vtd_exact_name_nhgis_blocks,0.95,Smoky Mountain,2010,226,1.0
high,COCKE,001416,CENTRAL,2014,official_vtd_exact_name_nhgis_blocks,0.95,Central,2010,237,1.0
high,COCKE,001407,NORTHPORT,2014,official_vtd_exact_name_nhgis_blocks,0.95,Northport,2010,228,1.0
high,COCKE,001407,WEST END,2014,official_vtd_exact_name_nhgis_blocks,0.95,West End,2010,236,0.005008093167
high,COCKE,001415,WEST END,2014,official_vtd_exact_name_nhgis_blocks,0.95,West End,2010,236,0.994991906833
high,COFFEE,001501,1 ADA WRIGHT CC,2014,official_vtd_exact_label_code_nhgis_blocks,0.97,01 Ada Right Center,2010,246,0.829558938029
high,COFFEE,001506,1 ADA WRIGHT CC,2014,official_vtd_exact_label_code_nhgis_blocks,0.97,01 Ada Right Center,2010,246,0.000401770634
high,COFFEE,001507,1 ADA WRIGHT CC,2014,official_vtd_exact_label_code_nhgis_blocks,0.97,01 Ada Right Center,2010,246,0.097857880694
high,COFFEE,001508,1 ADA WRIGHT CC,2014,official_vtd_exact_label_code_nhgis_blocks,0.97,01 Ada Right Center,2010,246,9.590093e-06
high,COFFEE,001510,1 ADA WRIGHT CC,2014,official_vtd_exact_label_code_nhgis_blocks,0.97,01 Ada Right Center,2010,246,0.063464960547
high,COFFEE,001511,1 ADA WRIGHT CC,2014,official_vtd_exact_label_code_nhgis_blocks,0.97,01 Ada Right Center,2010,246,0.006484980323
high,COFFEE,001512,1 ADA WRIGHT CC,2014,official_vtd_exact_label_code_nhgis_blocks,0.97,01 Ada Right Center,2010,246,0.002221879678
high,COFFEE,001501,2 ST PAUL,2014,official_vtd_exact_label_code_nhgis_blocks,0.97,02 Saint Paul United Methodist Church,2010,241,0.000614121083
high,COFFEE,001502,2 ST PAUL,2014,official_vtd_exact_label_code_nhgis_blocks,0.97,02 Saint Paul United Methodist Church,2010,241,0.967900255306
high,COFFEE,001503,2 ST PAUL,2014,official_vtd_exact_label_code_nhgis_blocks,0.97,02 Saint Paul United Methodist Church,2010,241,0.008213282885
high,COFFEE,001512,2 ST PAUL,2014,official_vtd_exact_label_code_nhgis_blocks,0.97,02 Saint Paul United Methodist Church,2010,241,0.000200797644
high,COFFEE,001514,2 ST PAUL,2014,official_vtd_exact_label_code_nhgis_blocks,0.97,02 Saint Paul United Methodist Church,2010,241,0.023071543081
high,COFFEE,001503,3 TRINITY,2014,official_vtd_exact_label_code_nhgis_blocks,0.97,03 Trinity Baptist Church,2010,245,0.980757908637
high,COFFEE,001506,3 TRINITY,2014,official_vtd_exact_label_code_nhgis_blocks,0.97,03 Trinity Baptist Church,2010,245,0.001576541005
high,COFFEE,001514,3 TRINITY,2014,official_vtd_exact_label_code_nhgis_blocks,0.97,03 Trinity Baptist Church,2010,245,0.017665550358
high,COFFEE,001504,4 FIRST BAPTIST,2014,official_vtd_exact_label_code_nhgis_blocks,0.97,04 First Baptist Church,2010,244,0.703568642587
high,COFFEE,001506,4 FIRST BAPTIST,2014,official_vtd_exact_label_code_nhgis_blocks,0.97,04 First Baptist Church,2010,244,0.296431357413
high,COFFEE,001505,5 HILLSBORO,2014,official_vtd_exact_label_code_nhgis_blocks,0.97,05 Hillsboro Community Center,2010,257,1.0
high,COFFEE,001501,6 TN VOCATIONAL CENTER,2014,official_vtd_exact_label_code_nhgis_blocks,0.97,06 Tennessee Vocational Center,2010,258,9.7370004e-05
high,COFFEE,001503,6 TN VOCATIONAL CENTER,2014,official_vtd_exact_label_code_nhgis_blocks,0.97,06 Tennessee Vocational Center,2010,258,0.010732467373
high,COFFEE,001504,6 TN VOCATIONAL CENTER,2014,official_vtd_exact_label_code_nhgis_blocks,0.97,06 Tennessee Vocational Center,2010,258,0.014913947693
high,COFFEE,001506,6 TN VOCATIONAL CENTER,2014,official_vtd_exact_label_code_nhgis_blocks,0.97,06 Tennessee Vocational Center,2010,258,0.974256214929
high,COFFEE,001501,7 FOREST MILL,2014,official_vtd_exact_label_code_nhgis_blocks,0.97,07 Forrest Mill Church of Christ Activity Center,2010,259,0.001144604018
high,COFFEE,001507,7 FOREST MILL,2014,official_vtd_exact_label_code_nhgis_blocks,0.97,07 Forrest Mill Church of Christ Activity Center,2010,259,0.998855395982
high,COFFEE,001508,8 NEW UNION,2014,official_vtd_exact_label_code_nhgis_blocks,0.97,08 New Union Fire Hall,2010,260,1.0
high,COFFEE,001522,9 1 POCAHONTAS,2014,official_vtd_exact_label_code_nhgis_blocks,0.97,9-1 Pocahontas Community Center,2010,261,1.0
high,COFFEE,001523,9 2 SUMMITVILLE,2014,official_vtd_exact_label_code_nhgis_blocks,0.97,9-2 Summitville Community Center,2010,262,1.0
high,COFFEE,001509,10 MT ARARAT,2014,official_vtd_exact_label_code_nhgis_blocks,0.97,10 Mt. Ararat Baptist Church,2010,247,1.0
high,COFFEE,001510,11 FREDONIA,2014,official_vtd_exact_label_code_nhgis_blocks,0.97,11 Freedonia Community Center,2010,248,1.0
high,COFFEE,001501,12 NORTH COFFEE,2014,official_vtd_exact_label_code_nhgis_blocks,0.97,12 North Coffee Elementary School,2010,249,0.001906258789
high,COFFEE,001511,12 NORTH COFFEE,2014,official_vtd_exact_label_code_nhgis_blocks,0.97,12 North Coffee Elementary School,2010,249,0.998093741211
high,COFFEE,001501,13 1 BLANTON S CHAPEL,2014,official_vtd_exact_label_code_nhgis_blocks,0.97,13-1 Blanton's Chapel Community Center,2010,250,0.017500674684
high,COFFEE,001502,13 1 BLANTON S CHAPEL,2014,official_vtd_exact_label_code_nhgis_blocks,0.97,13-1 Blanton's Chapel Community Center,2010,250,0.011933960177
high,COFFEE,001512,13 1 BLANTON S CHAPEL,2014,official_vtd_exact_label_code_nhgis_blocks,0.97,13-1 Blanton's Chapel Community Center,2010,250,0.970565365139
high,COFFEE,001513,13 2 GRACE BAPTIST,2014,official_vtd_exact_label_code_nhgis_blocks,0.97,13-2 Grace Baptist Center,2010,263,0.99712586876
high,COFFEE,001516,13 2 GRACE BAPTIST,2014,official_vtd_exact_label_code_nhgis_blocks,0.97,13-2 Grace Baptist Center,2010,263,0.00287413124
high,COFFEE,001502,14 HICKERSON,2014,official_vtd_exact_label_code_nhgis_blocks,0.97,14 Hickerson Fire Hall,2010,251,0.005452989638
high,COFFEE,001503,14 HICKERSON,2014,official_vtd_exact_label_code_nhgis_blocks,0.97,14 Hickerson Fire Hall,2010,251,0.002078201039
high,COFFEE,001514,14 HICKERSON,2014,official_vtd_exact_label_code_nhgis_blocks,0.97,14 Hickerson Fire Hall,2010,251,0.992247019404
high,COFFEE,001516,14 HICKERSON,2014,official_vtd_exact_label_code_nhgis_blocks,0.97,14 Hickerson Fire Hall,2010,251,0.000178238772
high,COFFEE,001517,14 HICKERSON,2014,official_vtd_exact_label_code_nhgis_blocks,0.97,14 Hickerson Fire Hall,2010,251,4.3551147e-05
high,COFFEE,001513,15 GRACE BAPTIST,2014,official_vtd_exact_label_code_nhgis_blocks,0.97,15 Grace Baptist Church,2010,252,0.001407682618
high,COFFEE,001515,15 GRACE BAPTIST,2014,official_vtd_exact_label_code_nhgis_blocks,0.97,15 Grace Baptist Church,2010,252,0.998592317382
high,COFFEE,001513,16 LION S CLUB,2014,official_vtd_exact_label_code_nhgis_blocks,0.97,16 Lions Club,2010,253,0.005484805843
high,COFFEE,001514,16 LION S CLUB,2014,official_vtd_exact_label_code_nhgis_blocks,0.97,16 Lions Club,2010,253,0.001852639504
high,COFFEE,001516,16 LION S CLUB,2014,official_vtd_exact_label_code_nhgis_blocks,0.97,16 Lions Club,2010,253,0.992662554654
high,COFFEE,001514,17 HANDS ON SCIENCE,2014,official_vtd_exact_label_code_nhgis_blocks,0.97,17 Hands on Science Center,2010,254,0.027970615162
high,COFFEE,001517,17 HANDS ON SCIENCE,2014,official_vtd_exact_label_code_nhgis_blocks,0.97,17 Hands on Science Center,2010,254,0.972029384838
high,COFFEE,001518,18 FIRST CHRISTIAN,2014,official_vtd_exact_label_code_nhgis_blocks,0.97,18 First Christian Church,2010,255,1.0
high,COFFEE,001519,19 CD STAMPS CENTER,2014,official_vtd_code_and_name_nhgis_blocks,1.0,19 CD Stamps Center,2010,256,1.0
high,COFFEE,001520,20 SR CITIZENS CENTER,2014,official_vtd_exact_label_code_nhgis_blocks,0.97,20 Coffee County Senior Citizens,2010,242,1.0
high,COFFEE,001521,21 WILSON AVE,2014,official_vtd_exact_label_code_nhgis_blocks,0.97,21 Wilson Avenue Church of Christ,2010,243,1.0
high,CROCKETT,001602,01,2014,official_vtd_code_and_name_nhgis_blocks,1.0,1,2010,265,1.0
high,CROCKETT,001603,02,2014,official_vtd_code_and_name_nhgis_blocks,1.0,2,2010,266,1.0
high,CROCKETT,001609,03,2014,official_vtd_code_and_name_nhgis_blocks,1.0,3,2010,272,1.0
high,CROCKETT,001601,04,2014,official_vtd_code_and_name_nhgis_blocks,1.0,4,2010,264,1.0
high,CROCKETT,001601,05,2014,official_vtd_code_and_name_nhgis_blocks,1.0,5,2010,271,0.002253690283
high,CROCKETT,001608,05,2014,official_vtd_code_and_name_nhgis_blocks,1.0,5,2010,271,0.997720663166
high,CROCKETT,001610,05,2014,official_vtd_code_and_name_nhgis_blocks,1.0,5,2010,271,4.219221e-06
high,CROCKETT,001611,05,2014,official_vtd_code_and_name_nhgis_blocks,1.0,5,2010,271,2.142733e-05
high,CROCKETT,001612,06,2014,official_vtd_code_and_name_nhgis_blocks,1.0,6,2010,275,1.0
high,CROCKETT,001610,07,2014,official_vtd_code_and_name_nhgis_blocks,1.0,7,2010,273,1.0
high,CROCKETT,001611,08,2014,official_vtd_code_and_name_nhgis_blocks,1.0,8,2010,274,1.0
high,CROCKETT,001604,09,2014,official_vtd_code_and_name_nhgis_blocks,1.0,9,2010,267,1.0
high,CROCKETT,001605,10,2014,official_vtd_code_and_name_nhgis_blocks,1.0,10,2010,268,1.0
high,CROCKETT,001605,11,2014,official_vtd_code_and_name_nhgis_blocks,1.0,11,2010,269,0.004510704555
high,CROCKETT,001606,11,2014,official_vtd_code_and_name_nhgis_blocks,1.0,11,2010,269,0.995489295445
high,CROCKETT,001607,12,2014,official_vtd_code_and_name_nhgis_blocks,1.0,12,2010,270,1.0
high,CUMBERLAND,001704,2 COMPLEX 2,2014,official_vtd_exact_name_nhgis_blocks,0.95,Complex 2,2010,291,1.0
high,CUMBERLAND,001711,3 HOMESTEAD,2014,official_vtd_exact_name_nhgis_blocks,0.95,Homestead,2010,289,1.0
high,CUMBERLAND,001707,3 DORTON,2014,official_vtd_exact_name_nhgis_blocks,0.95,Dorton,2010,290,1.0
high,CUMBERLAND,001713,3 LINARY,2014,official_vtd_exact_name_nhgis_blocks,0.95,Linary,2010,285,1.0
high,CUMBERLAND,001702,3 BIG LICK,2014,official_vtd_exact_name_nhgis_blocks,0.95,Big Lick,2010,286,1.0
high,CUMBERLAND,001721,4 TABOR,2014,official_vtd_exact_name_nhgis_blocks,0.95,Tabor,2010,298,1.0
high,CUMBERLAND,001701,4 BAKERS,2014,official_vtd_exact_name_nhgis_blocks,0.95,Bakers,2010,297,1.0
high,CUMBERLAND,001716,4 OAK HILL,2014,official_vtd_exact_name_nhgis_blocks,0.95,Oak Hill,2010,278,1.0
high,CUMBERLAND,001712,5 LANTANA,2014,official_vtd_exact_name_nhgis_blocks,0.95,Lantana,2010,293,1.0
high,CUMBERLAND,001723,5 VANDEVER,2014,official_vtd_exact_name_nhgis_blocks,0.95,Vandever,2010,287,1.0
high,CUMBERLAND,001722,5 TANSI,2014,official_vtd_exact_name_nhgis_blocks,0.95,Tansi,2010,288,1.0
high,CUMBERLAND,001703,6 CHESTNUT HILL,2014,official_vtd_exact_name_nhgis_blocks,0.95,Chestnut Hill,2010,282,1.0
high,CUMBERLAND,001717,6 OZONE PINEVIEW,2014,official_vtd_exact_name_nhgis_blocks,0.95,Ozone-Pineview,2010,283,1.0
high,CUMBERLAND,001710,6 GRASSY COVE,2014,official_vtd_exact_name_nhgis_blocks,0.95,Grassy Cove,2010,284,1.0
high,CUMBERLAND,001720,7 RINNIE,2014,official_vtd_exact_name_nhgis_blocks,0.95,Rinnie,2010,276,1.0
high,CUMBERLAND,001724,7 WOODY,2014,official_vtd_exact_name_nhgis_blocks,0.95,Woody,2010,277,1.0
high,CUMBERLAND,001714,7 MAYLAND,2014,official_vtd_exact_name_nhgis_blocks,0.95,Mayland,2010,299,1.0
high,CUMBERLAND,001718,8 PLEASANT HILL,2014,official_vtd_exact_name_nhgis_blocks,0.95,Pleasant Hill,2010,295,1.0
high,CUMBERLAND,001719,8 POMONA,2014,official_vtd_exact_name_nhgis_blocks,0.95,Pomona,2010,296,1.0
high,CUMBERLAND,001715,8 MIDWAY,2014,official_vtd_exact_name_nhgis_blocks,0.95,Midway,2010,294,1.0
high,DAVIDSON,001801,01 1,2014,official_vtd_code_and_name_nhgis_blocks,1.0,1-1,2010,300,1.0
high,DAVIDSON,001802,01 2,2014,official_vtd_code_and_name_nhgis_blocks,1.0,1-2,2010,301,1.0
high,DAVIDSON,001803,01 3,2014,official_vtd_code_and_name_nhgis_blocks,1.0,1-3,2010,302,1.0
high,DAVIDSON,001004,01 4,2014,official_vtd_code_and_name_nhgis_blocks,1.0,1-4,2010,303,7.136611e-05
high,DAVIDSON,001804,01 4,2014,official_vtd_code_and_name_nhgis_blocks,1.0,1-4,2010,303,0.998776831508
high,DAVIDSON,001958,01 4,2014,official_vtd_code_and_name_nhgis_blocks,1.0,1-4,2010,303,0.001151802383
high,DAVIDSON,001805,01 5,2014,official_vtd_code_and_name_nhgis_blocks,1.0,1-5,2010,304,0.9692870608
high,DAVIDSON,001896,01 5,2014,official_vtd_code_and_name_nhgis_blocks,1.0,1-5,2010,304,0.011009468505
high,DAVIDSON,001899,01 5,2014,official_vtd_code_and_name_nhgis_blocks,1.0,1-5,2010,304,0.019703470695
high,DAVIDSON,001806,02 1,2014,official_vtd_code_and_name_nhgis_blocks,1.0,2-1,2010,357,1.0
high,DAVIDSON,001807,02 2,2014,official_vtd_code_and_name_nhgis_blocks,1.0,2-2,2010,358,1.0
high,DAVIDSON,001808,02 3,2014,official_vtd_code_and_name_nhgis_blocks,1.0,2-3,2010,359,0.997102869751
high,DAVIDSON,001824,02 3,2014,official_vtd_code_and_name_nhgis_blocks,1.0,2-3,2010,359,0.002897130249
high,DAVIDSON,001809,02 4,2014,official_vtd_code_and_name_nhgis_blocks,1.0,2-4,2010,360,0.983610027138
high,DAVIDSON,001891,02 4,2014,official_vtd_code_and_name_nhgis_blocks,1.0,2-4,2010,360,0.003187524889
high,DAVIDSON,001900,02 4,2014,official_vtd_code_and_name_nhgis_blocks,1.0,2-4,2010,360,0.013202447974
high,DAVIDSON,001810,02 5,2014,official_vtd_code_and_name_nhgis_blocks,1.0,2-5,2010,361,1.0
high,DAVIDSON,001811,03 1,2014,official_vtd_code_and_name_nhgis_blocks,1.0,3-1,2010,402,1.0
high,DAVIDSON,001812,03 2,2014,official_vtd_code_and_name_nhgis_blocks,1.0,3-2,2010,403,1.0
high,DAVIDSON,001813,03 3,2014,official_vtd_code_and_name_nhgis_blocks,1.0,3-3,2010,404,1.0
high,DAVIDSON,001814,03 4,2014,official_vtd_code_and_name_nhgis_blocks,1.0,3-4,2010,405,1.0
high,DAVIDSON,001807,03 5,2014,official_vtd_code_and_name_nhgis_blocks,1.0,3-5,2010,406,0.001113168492
high,DAVIDSON,001815,03 5,2014,official_vtd_code_and_name_nhgis_blocks,1.0,3-5,2010,406,0.998886831508
high,DAVIDSON,001816,03 6,2014,official_vtd_code_and_name_nhgis_blocks,1.0,3-6,2010,407,1.0
high,DAVIDSON,001817,04 1,2014,official_vtd_code_and_name_nhgis_blocks,1.0,4-1,2010,434,1.0
high,DAVIDSON,001818,04 2,2014,official_vtd_code_and_name_nhgis_blocks,1.0,4-2,2010,435,1.0
high,DAVIDSON,001819,04 3,2014,official_vtd_code_and_name_nhgis_blocks,1.0,4-3,2010,436,1.0
high,DAVIDSON,001820,04 4,2014,official_vtd_code_and_name_nhgis_blocks,1.0,4-4,2010,437,1.0
high,DAVIDSON,001821,05 1,2014,official_vtd_code_and_name_nhgis_blocks,1.0,5-1,2010,438,1.0
high,DAVIDSON,001822,05 2,2014,official_vtd_code_and_name_nhgis_blocks,1.0,5-2,2010,439,1.0
high,DAVIDSON,001823,05 3,2014,official_vtd_code_and_name_nhgis_blocks,1.0,5-3,2010,440,1.0
high,DAVIDSON,001824,05 4,2014,official_vtd_code_and_name_nhgis_blocks,1.0,5-4,2010,441,0.90512688858
high,DAVIDSON,001828,05 4,2014,official_vtd_code_and_name_nhgis_blocks,1.0,5-4,2010,441,0.09487311142
high,DAVIDSON,001825,05 5,2014,official_vtd_code_and_name_nhgis_blocks,1.0,5-5,2010,442,1.0
high,DAVIDSON,001826,06 1,2014,official_vtd_code_and_name_nhgis_blocks,1.0,6-1,2010,443,1.0
high,DAVIDSON,001827,06 2,2014,official_vtd_code_and_name_nhgis_blocks,1.0,6-2,2010,444,1.0
high,DAVIDSON,001828,06 3,2014,official_vtd_code_and_name_nhgis_blocks,1.0,6-3,2010,445,1.0
high,DAVIDSON,001829,06 4,2014,official_vtd_code_and_name_nhgis_blocks,1.0,6-4,2010,446,1.0
high,DAVIDSON,001830,06 5,2014,official_vtd_code_and_name_nhgis_blocks,1.0,6-5,2010,447,0.895567301813
high,DAVIDSON,001833,06 5,2014,official_vtd_code_and_name_nhgis_blocks,1.0,6-5,2010,447,0.104432698187
high,DAVIDSON,001831,07 1,2014,official_vtd_code_and_name_nhgis_blocks,1.0,7-1,2010,448,1.0
high,DAVIDSON,001832,07 2,2014,official_vtd_code_and_name_nhgis_blocks,1.0,7-2,2010,449,1.0
high,DAVIDSON,001833,07 3,2014,official_vtd_code_and_name_nhgis_blocks,1.0,7-3,2010,450,1.0
high,DAVIDSON,001834,07 4,2014,official_vtd_code_and_name_nhgis_blocks,1.0,7-4,2010,451,0.983529827154
high,DAVIDSON,001839,07 4,2014,official_vtd_code_and_name_nhgis_blocks,1.0,7-4,2010,451,0.016470172846
high,DAVIDSON,001835,07 5,2014,official_vtd_code_and_name_nhgis_blocks,1.0,7-5,2010,452,1.0
high,DAVIDSON,001836,07 6,2014,official_vtd_code_and_name_nhgis_blocks,1.0,7-6,2010,453,1.0
high,DAVIDSON,001837,08 1,2014,official_vtd_code_and_name_nhgis_blocks,1.0,8-1,2010,454,1.0
high,DAVIDSON,001838,08 2,2014,official_vtd_code_and_name_nhgis_blocks,1.0,8-2,2010,455,0.994384018396
high,DAVIDSON,001839,08 2,2014,official_vtd_code_and_name_nhgis_blocks,1.0,8-2,2010,455,0.005615981604
high,DAVIDSON,001839,08 3,2014,official_vtd_code_and_name_nhgis_blocks,1.0,8-3,2010,456,1.0
high,DAVIDSON,001814,08 4,2014,official_vtd_code_and_name_nhgis_blocks,1.0,8-4,2010,457,0.004668256254
high,DAVIDSON,001840,08 4,2014,official_vtd_code_and_name_nhgis_blocks,1.0,8-4,2010,457,0.995331743746
high,DAVIDSON,001841,09 1,2014,official_vtd_code_and_name_nhgis_blocks,1.0,9-1,2010,458,0.997606682416
high,DAVIDSON,001849,09 1,2014,official_vtd_code_and_name_nhgis_blocks,1.0,9-1,2010,458,0.002393317584
high,DAVIDSON,001842,09 2,2014,official_vtd_code_and_name_nhgis_blocks,1.0,9-2,2010,459,1.0
high,DAVIDSON,001843,09 3,2014,official_vtd_code_and_name_nhgis_blocks,1.0,9-3,2010,460,1.0
high,DAVIDSON,001844,10 1,2014,official_vtd_code_and_name_nhgis_blocks,1.0,10-1,2010,305,1.0
high,DAVIDSON,001845,10 2,2014,official_vtd_code_and_name_nhgis_blocks,1.0,10-2,2010,306,1.0
high,DAVIDSON,001846,10 3,2014,official_vtd_code_and_name_nhgis_blocks,1.0,10-3,2010,307,1.0
high,DAVIDSON,001847,10 4,2014,official_vtd_code_and_name_nhgis_blocks,1.0,10-4,2010,308,1.0
high,DAVIDSON,001847,10 5,2014,official_vtd_code_and_name_nhgis_blocks,1.0,10-5,2010,309,0.00220367273
high,DAVIDSON,001848,10 5,2014,official_vtd_code_and_name_nhgis_blocks,1.0,10-5,2010,309,0.99779632727
high,DAVIDSON,001849,10 6,2014,official_vtd_code_and_name_nhgis_blocks,1.0,10-6,2010,310,1.0
high,DAVIDSON,001850,11 1,2014,official_vtd_code_and_name_nhgis_blocks,1.0,11-1,2010,311,1.0
high,DAVIDSON,001851,11 2,2014,official_vtd_code_and_name_nhgis_blocks,1.0,11-2,2010,312,1.0
high,DAVIDSON,001852,11 3,2014,official_vtd_code_and_name_nhgis_blocks,1.0,11-3,2010,313,1.0
high,DAVIDSON,001853,11 4,2014,official_vtd_code_and_name_nhgis_blocks,1.0,11-4,2010,314,0.992730065229
high,DAVIDSON,009802,11 4,2014,official_vtd_code_and_name_nhgis_blocks,1.0,11-4,2010,314,0.007269934771
high,DAVIDSON,001854,12 1,2014,official_vtd_code_and_name_nhgis_blocks,1.0,12-1,2010,315,1.0
high,DAVIDSON,001855,12 2,2014,official_vtd_code_and_name_nhgis_blocks,1.0,12-2,2010,316,1.0
high,DAVIDSON,001856,12 3,2014,official_vtd_code_and_name_nhgis_blocks,1.0,12-3,2010,317,1.0
high,DAVIDSON,001857,12 4,2014,official_vtd_code_and_name_nhgis_blocks,1.0,12-4,2010,318,1.0
high,DAVIDSON,001858,12 5,2014,official_vtd_code_and_name_nhgis_blocks,1.0,12-5,2010,319,1.0
high,DAVIDSON,001859,13 1,2014,official_vtd_code_and_name_nhgis_blocks,1.0,13-1,2010,320,1.0
high,DAVIDSON,001860,13 2,2014,official_vtd_code_and_name_nhgis_blocks,1.0,13-2,2010,321,1.0
high,DAVIDSON,001861,13 3,2014,official_vtd_code_and_name_nhgis_blocks,1.0,13-3,2010,322,1.0
high,DAVIDSON,001862,13 4,2014,official_vtd_code_and_name_nhgis_blocks,1.0,13-4,2010,323,1.0
high,DAVIDSON,001863,14 1,2014,official_vtd_code_and_name_nhgis_blocks,1.0,14-1,2010,324,1.0
high,DAVIDSON,001864,14 2,2014,official_vtd_code_and_name_nhgis_blocks,1.0,14-2,2010,325,1.0
high,DAVIDSON,001865,14 3,2014,official_vtd_code_and_name_nhgis_blocks,1.0,14-3,2010,326,1.0
high,DAVIDSON,001866,14 4,2014,official_vtd_code_and_name_nhgis_blocks,1.0,14-4,2010,327,1.0
high,DAVIDSON,001862,14 5,2014,official_vtd_code_and_name_nhgis_blocks,1.0,14-5,2010,328,0.003193887655
high,DAVIDSON,001867,14 5,2014,official_vtd_code_and_name_nhgis_blocks,1.0,14-5,2010,328,0.996806112345
high,DAVIDSON,001868,15 1,2014,official_vtd_code_and_name_nhgis_blocks,1.0,15-1,2010,329,1.0
high,DAVIDSON,001869,15 2,2014,official_vtd_code_and_name_nhgis_blocks,1.0,15-2,2010,330,1.0
high,DAVIDSON,001870,15 3,2014,official_vtd_code_and_name_nhgis_blocks,1.0,15-3,2010,331,1.0
high,DAVIDSON,001871,15 4,2014,official_vtd_code_and_name_nhgis_blocks,1.0,15-4,2010,332,1.0
high,DAVIDSON,001872,15 5,2014,official_vtd_code_and_name_nhgis_blocks,1.0,15-5,2010,333,1.0
high,DAVIDSON,001873,16 1,2014,official_vtd_code_and_name_nhgis_blocks,1.0,16-1,2010,334,0.998533887407
high,DAVIDSON,001883,16 1,2014,official_vtd_code_and_name_nhgis_blocks,1.0,16-1,2010,334,0.001466112593
high,DAVIDSON,001874,16 2,2014,official_vtd_code_and_name_nhgis_blocks,1.0,16-2,2010,335,1.0
high,DAVIDSON,001875,16 3,2014,official_vtd_code_and_name_nhgis_blocks,1.0,16-3,2010,336,0.998490041925
high,DAVIDSON,001884,16 3,2014,official_vtd_code_and_name_nhgis_blocks,1.0,16-3,2010,336,0.001509958075
high,DAVIDSON,001876,16 4,2014,official_vtd_code_and_name_nhgis_blocks,1.0,16-4,2010,337,1.0
high,DAVIDSON,001877,16 5,2014,official_vtd_code_and_name_nhgis_blocks,1.0,16-5,2010,338,0.986578679526
high,DAVIDSON,001919,16 5,2014,official_vtd_code_and_name_nhgis_blocks,1.0,16-5,2010,338,0.013421320474
high,DAVIDSON,001878,17 1,2014,official_vtd_code_and_name_nhgis_blocks,1.0,17-1,2010,339,1.0
high,DAVIDSON,001879,17 2,2014,official_vtd_code_and_name_nhgis_blocks,1.0,17-2,2010,340,1.0
high,DAVIDSON,001880,17 3,2014,official_vtd_code_and_name_nhgis_blocks,1.0,17-3,2010,341,1.0
high,DAVIDSON,001881,17 4,2014,official_vtd_code_and_name_nhgis_blocks,1.0,17-4,2010,342,1.0
high,DAVIDSON,001882,17 5,2014,official_vtd_code_and_name_nhgis_blocks,1.0,17-5,2010,343,1.0
high,DAVIDSON,001883,17 6,2014,official_vtd_code_and_name_nhgis_blocks,1.0,17-6,2010,344,1.0
high,DAVIDSON,001884,17 7,2014,official_vtd_code_and_name_nhgis_blocks,1.0,17-7,2010,345,1.0
high,DAVIDSON,001885,18 1,2014,official_vtd_code_and_name_nhgis_blocks,1.0,18-1,2010,346,1.0
high,DAVIDSON,001886,18 2,2014,official_vtd_code_and_name_nhgis_blocks,1.0,18-2,2010,347,0.982790787234
high,DAVIDSON,001921,18 2,2014,official_vtd_code_and_name_nhgis_blocks,1.0,18-2,2010,347,0.017209212766
high,DAVIDSON,001887,18 3,2014,official_vtd_code_and_name_nhgis_blocks,1.0,18-3,2010,348,1.0
high,DAVIDSON,001888,18 4,2014,official_vtd_code_and_name_nhgis_blocks,1.0,18-4,2010,349,1.0
high,DAVIDSON,001889,18 5,2014,official_vtd_code_and_name_nhgis_blocks,1.0,18-5,2010,350,0.918974858247
high,DAVIDSON,001917,18 5,2014,official_vtd_code_and_name_nhgis_blocks,1.0,18-5,2010,350,0.081025141753
high,DAVIDSON,001890,19 1,2014,official_vtd_code_and_name_nhgis_blocks,1.0,19-1,2010,351,1.0
high,DAVIDSON,001891,19 2,2014,official_vtd_code_and_name_nhgis_blocks,1.0,19-2,2010,352,1.0
high,DAVIDSON,001892,19 3,2014,official_vtd_code_and_name_nhgis_blocks,1.0,19-3,2010,353,1.0
high,DAVIDSON,001893,19 4,2014,official_vtd_code_and_name_nhgis_blocks,1.0,19-4,2010,354,1.0
high,DAVIDSON,001894,19 5,2014,official_vtd_code_and_name_nhgis_blocks,1.0,19-5,2010,355,1.0
high,DAVIDSON,001895,19 6,2014,official_vtd_code_and_name_nhgis_blocks,1.0,19-6,2010,356,1.0
high,DAVIDSON,001896,20 1,2014,official_vtd_code_and_name_nhgis_blocks,1.0,20-1,2010,362,1.0
high,DAVIDSON,001897,20 2,2014,official_vtd_code_and_name_nhgis_blocks,1.0,20-2,2010,363,1.0
high,DAVIDSON,001898,20 3,2014,official_vtd_code_and_name_nhgis_blocks,1.0,20-3,2010,364,0.9909479372
high,DAVIDSON,001908,20 3,2014,official_vtd_code_and_name_nhgis_blocks,1.0,20-3,2010,364,2.5187155e-05
high,DAVIDSON,001913,20 3,2014,official_vtd_code_and_name_nhgis_blocks,1.0,20-3,2010,364,0.009026875645
high,DAVIDSON,001899,21 1,2014,official_vtd_code_and_name_nhgis_blocks,1.0,21-1,2010,365,1.0
high,DAVIDSON,001900,21 2,2014,official_vtd_code_and_name_nhgis_blocks,1.0,21-2,2010,366,1.0
high,DAVIDSON,001901,21 3,2014,official_vtd_code_and_name_nhgis_blocks,1.0,21-3,2010,367,1.0
high,DAVIDSON,001902,21 4,2014,official_vtd_code_and_name_nhgis_blocks,1.0,21-4,2010,368,1.0
high,DAVIDSON,001903,22 1,2014,official_vtd_code_and_name_nhgis_blocks,1.0,22-1,2010,369,1.0
high,DAVIDSON,001903,22 2,2014,official_vtd_code_and_name_nhgis_blocks,1.0,22-2,2010,370,0.002636750515
high,DAVIDSON,001908,22 2,2014,official_vtd_code_and_name_nhgis_blocks,1.0,22-2,2010,370,0.997363249485
high,DAVIDSON,001905,22 3,2014,official_vtd_code_and_name_nhgis_blocks,1.0,22-3,2010,371,1.0
high,DAVIDSON,001906,22 4,2014,official_vtd_code_and_name_nhgis_blocks,1.0,22-4,2010,372,1.0
high,DAVIDSON,001907,23 1,2014,official_vtd_code_and_name_nhgis_blocks,1.0,23-1,2010,373,0.9989925739
high,DAVIDSON,001908,23 1,2014,official_vtd_code_and_name_nhgis_blocks,1.0,23-1,2010,373,0.0010074261
high,DAVIDSON,001908,23 2,2014,official_vtd_code_and_name_nhgis_blocks,1.0,23-2,2010,374,1.0
high,DAVIDSON,001909,23 3,2014,official_vtd_code_and_name_nhgis_blocks,1.0,23-3,2010,375,0.974624875847
high,DAVIDSON,001910,23 3,2014,official_vtd_code_and_name_nhgis_blocks,1.0,23-3,2010,375,0.025375124153
high,DAVIDSON,001910,23 4,2014,official_vtd_code_and_name_nhgis_blocks,1.0,23-4,2010,376,1.0
high,DAVIDSON,001911,23 5,2014,official_vtd_code_and_name_nhgis_blocks,1.0,23-5,2010,377,1.0
high,DAVIDSON,001912,24 1,2014,official_vtd_code_and_name_nhgis_blocks,1.0,24-1,2010,378,1.0
high,DAVIDSON,001913,24 2,2014,official_vtd_code_and_name_nhgis_blocks,1.0,24-2,2010,379,1.0
high,DAVIDSON,001914,24 3,2014,official_vtd_code_and_name_nhgis_blocks,1.0,24-3,2010,380,1.0
high,DAVIDSON,001915,24 4,2014,official_vtd_code_and_name_nhgis_blocks,1.0,24-4,2010,381,1.0
high,DAVIDSON,001916,24 5,2014,official_vtd_code_and_name_nhgis_blocks,1.0,24-5,2010,382,1.0
high,DAVIDSON,001917,24 6,2014,official_vtd_code_and_name_nhgis_blocks,1.0,24-6,2010,383,1.0
high,DAVIDSON,001918,25 1,2014,official_vtd_code_and_name_nhgis_blocks,1.0,25-1,2010,384,1.0
high,DAVIDSON,001919,25 2,2014,official_vtd_code_and_name_nhgis_blocks,1.0,25-2,2010,385,1.0
high,DAVIDSON,001920,25 3,2014,official_vtd_code_and_name_nhgis_blocks,1.0,25-3,2010,386,1.0
high,DAVIDSON,001921,25 4,2014,official_vtd_code_and_name_nhgis_blocks,1.0,25-4,2010,387,1.0
high,DAVIDSON,001922,26 1,2014,official_vtd_code_and_name_nhgis_blocks,1.0,26-1,2010,388,0.996930034166
high,DAVIDSON,001937,26 1,2014,official_vtd_code_and_name_nhgis_blocks,1.0,26-1,2010,388,0.003069965834
high,DAVIDSON,001923,26 2,2014,official_vtd_code_and_name_nhgis_blocks,1.0,26-2,2010,389,1.0
high,DAVIDSON,001924,26 3,2014,official_vtd_code_and_name_nhgis_blocks,1.0,26-3,2010,390,1.0
high,DAVIDSON,001925,26 4,2014,official_vtd_code_and_name_nhgis_blocks,1.0,26-4,2010,391,0.989739226668
high,DAVIDSON,001957,26 4,2014,official_vtd_code_and_name_nhgis_blocks,1.0,26-4,2010,391,0.010260773332
high,DAVIDSON,001926,27 1,2014,official_vtd_code_and_name_nhgis_blocks,1.0,27-1,2010,392,1.0
high,DAVIDSON,001927,27 2,2014,official_vtd_code_and_name_nhgis_blocks,1.0,27-2,2010,393,1.0
high,DAVIDSON,001928,27 3,2014,official_vtd_code_and_name_nhgis_blocks,1.0,27-3,2010,394,1.0
high,DAVIDSON,001929,28 1,2014,official_vtd_code_and_name_nhgis_blocks,1.0,28-1,2010,395,1.0
high,DAVIDSON,001930,28 2,2014,official_vtd_code_and_name_nhgis_blocks,1.0,28-2,2010,396,1.0
high,DAVIDSON,001931,28 3,2014,official_vtd_code_and_name_nhgis_blocks,1.0,28-3,2010,397,1.0
high,DAVIDSON,001932,29 1,2014,official_vtd_code_and_name_nhgis_blocks,1.0,29-1,2010,398,1.0
high,DAVIDSON,001933,29 2,2014,official_vtd_code_and_name_nhgis_blocks,1.0,29-2,2010,399,1.0
high,DAVIDSON,001934,29 3,2014,official_vtd_code_and_name_nhgis_blocks,1.0,29-3,2010,400,1.0
high,DAVIDSON,001935,29 4,2014,official_vtd_code_and_name_nhgis_blocks,1.0,29-4,2010,401,1.0
high,DAVIDSON,001936,30 1,2014,official_vtd_code_and_name_nhgis_blocks,1.0,30-1,2010,408,1.0
high,DAVIDSON,001937,30 2,2014,official_vtd_code_and_name_nhgis_blocks,1.0,30-2,2010,409,1.0
high,DAVIDSON,001926,30 3,2014,official_vtd_code_and_name_nhgis_blocks,1.0,30-3,2010,410,0.00362131769
high,DAVIDSON,001938,30 3,2014,official_vtd_code_and_name_nhgis_blocks,1.0,30-3,2010,410,0.99637868231
high,DAVIDSON,001939,30 4,2014,official_vtd_code_and_name_nhgis_blocks,1.0,30-4,2010,411,1.0
high,DAVIDSON,001940,31 1,2014,official_vtd_code_and_name_nhgis_blocks,1.0,31-1,2010,412,0.995650661396
high,DAVIDSON,001945,31 1,2014,official_vtd_code_and_name_nhgis_blocks,1.0,31-1,2010,412,0.004349338604
high,DAVIDSON,001941,31 2,2014,official_vtd_code_and_name_nhgis_blocks,1.0,31-2,2010,413,1.0
high,DAVIDSON,001942,31 3,2014,official_vtd_code_and_name_nhgis_blocks,1.0,31-3,2010,414,1.0
high,DAVIDSON,001943,31 4,2014,official_vtd_code_and_name_nhgis_blocks,1.0,31-4,2010,415,1.0
high,DAVIDSON,001944,32 1,2014,official_vtd_code_and_name_nhgis_blocks,1.0,32-1,2010,416,1.0
high,DAVIDSON,001945,32 2,2014,official_vtd_code_and_name_nhgis_blocks,1.0,32-2,2010,417,1.0
high,DAVIDSON,001946,32 3,2014,official_vtd_code_and_name_nhgis_blocks,1.0,32-3,2010,418,1.0
high,DAVIDSON,001947,32 4,2014,official_vtd_code_and_name_nhgis_blocks,1.0,32-4,2010,419,1.0
high,DAVIDSON,001948,33 1,2014,official_vtd_code_and_name_nhgis_blocks,1.0,33-1,2010,420,1.0
high,DAVIDSON,001948,33 2,2014,official_vtd_code_and_name_nhgis_blocks,1.0,33-2,2010,421,0.005200754575
high,DAVIDSON,001949,33 2,2014,official_vtd_code_and_name_nhgis_blocks,1.0,33-2,2010,421,0.994799245425
high,DAVIDSON,001947,33 3,2014,official_vtd_code_and_name_nhgis_blocks,1.0,33-3,2010,422,0.002842000333
high,DAVIDSON,001950,33 3,2014,official_vtd_code_and_name_nhgis_blocks,1.0,33-3,2010,422,0.997157999667
high,DAVIDSON,001951,33 4,2014,official_vtd_code_and_name_nhgis_blocks,1.0,33-4,2010,423,1.0
high,DAVIDSON,001950,33 5,2014,official_vtd_code_and_name_nhgis_blocks,1.0,33-5,2010,424,1.0
high,DAVIDSON,001953,34 1,2014,official_vtd_code_and_name_nhgis_blocks,1.0,34-1,2010,425,1.0
high,DAVIDSON,001954,34 2,2014,official_vtd_code_and_name_nhgis_blocks,1.0,34-2,2010,426,1.0
high,DAVIDSON,001955,34 3,2014,official_vtd_code_and_name_nhgis_blocks,1.0,34-3,2010,427,1.0
high,DAVIDSON,001909,34 4,2014,official_vtd_code_and_name_nhgis_blocks,1.0,34-4,2010,428,0.002886996507
high,DAVIDSON,001956,34 4,2014,official_vtd_code_and_name_nhgis_blocks,1.0,34-4,2010,428,0.96025179103
high,DAVIDSON,001957,34 4,2014,official_vtd_code_and_name_nhgis_blocks,1.0,34-4,2010,428,0.001886785409
high,DAVIDSON,009727,34 4,2014,official_vtd_code_and_name_nhgis_blocks,1.0,34-4,2010,428,0.034974427054
high,DAVIDSON,001957,34 5,2014,official_vtd_code_and_name_nhgis_blocks,1.0,34-5,2010,429,1.0
high,DAVIDSON,001958,35 1,2014,official_vtd_code_and_name_nhgis_blocks,1.0,35-1,2010,430,1.0
high,DAVIDSON,001007,35 2,2014,official_vtd_code_and_name_nhgis_blocks,1.0,35-2,2010,431,0.004477982625
high,DAVIDSON,001959,35 2,2014,official_vtd_code_and_name_nhgis_blocks,1.0,35-2,2010,431,0.993665541413
high,DAVIDSON,009702,35 2,2014,official_vtd_code_and_name_nhgis_blocks,1.0,35-2,2010,431,0.001856475963
high,DAVIDSON,001960,35 3,2014,official_vtd_code_and_name_nhgis_blocks,1.0,35-3,2010,432,1.0
high,DAVIDSON,001961,35 4,2014,official_vtd_code_and_name_nhgis_blocks,1.0,35-4,2010,433,1.0
high,DECATUR,002054,1 1 DUNBAR,2014,official_vtd_exact_name_nhgis_blocks,0.95,Dunbar,2010,464,1.0
high,DECATUR,002054,2 1 LIBERTY,2014,official_vtd_exact_name_nhgis_blocks,0.95,Liberty,2010,470,0.009701426132
high,DECATUR,002060,2 1 LIBERTY,2014,official_vtd_exact_name_nhgis_blocks,0.95,Liberty,2010,470,0.990298573868
high,DECATUR,002051,2 2 SCOTTS HILL,2014,official_vtd_exact_name_nhgis_blocks,0.95,Scotts Hill,2010,461,1.0
high,DECATUR,002057,7 1 JEANETTE,2014,official_vtd_code_and_name_nhgis_blocks,1.0,7-1 Jeanette,2010,467,1.0
high,DECATUR,002062,7 2 PERRYVILLE,2014,official_vtd_exact_name_nhgis_blocks,0.95,Perryville,2010,472,1.0
high,DECATUR,002059,9 2 HYDRO,2014,official_vtd_code_and_name_nhgis_blocks,1.0,9-2 Hydro,2010,469,1.0
high,DEKALB,002158,1 1 ALEXANDRIA,2014,official_vtd_code_and_name_nhgis_blocks,1.0,1-1 Alexandria,2010,481,1.0
high,DEKALB,002159,1 2 TEMPERENCE HALL,2014,official_vtd_code_and_name_nhgis_blocks,1.0,1-2 Temperence Hall,2010,482,1.0
high,DEKALB,002151,1 3 EDGAR EVINS PARK,2014,official_vtd_exact_label_code_nhgis_blocks,0.97,1-3 Edgar Evins State Park,2010,474,1.0
high,DEKALB,002152,2 1 LIBERTY,2014,official_vtd_code_and_name_nhgis_blocks,1.0,2-1 Liberty,2010,475,1.0
high,DEKALB,002160,2 2 DOWELLTOWN,2014,official_vtd_code_and_name_nhgis_blocks,1.0,2-2 Dowelltown,2010,483,1.0
high,DEKALB,002161,2 3 SNOWS HILL,2014,official_vtd_code_and_name_nhgis_blocks,1.0,2-3 Snows Hill,2010,484,1.0
high,DEKALB,002153,3 1 CHURCH OF GOD,2014,official_vtd_exact_name_nhgis_blocks,0.95,3 Church of God,2010,476,1.0
high,DEKALB,002155,4 1 CHERRY HILL,2014,official_vtd_code_and_name_nhgis_blocks,1.0,4-1 Cherry Hill,2010,486,1.0
high,DEKALB,002162,4 2 ROCK CASTLE,2014,official_vtd_code_and_name_nhgis_blocks,1.0,4-2 Rock Castle,2010,485,1.0
high,DEKALB,002155,4 3 COURTHOUSE,2014,official_vtd_code_and_name_nhgis_blocks,1.0,4-3 Courthouse,2010,478,1.0
high,DEKALB,002164,5 1 JOHNSON CHAPEL,2014,official_vtd_code_and_name_nhgis_blocks,1.0,5-1 Johnson Chapel,2010,487,1.0
high,DEKALB,002157,5 2 COUNTY COMPLEX,2014,official_vtd_code_and_name_nhgis_blocks,1.0,5-2 County Complex,2010,480,1.0
high,DEKALB,002166,6 1 BELK,2014,official_vtd_code_and_name_nhgis_blocks,1.0,6-1 Belk,2010,489,1.0
high,DEKALB,002165,6 2 KELTONBURG,2014,official_vtd_code_and_name_nhgis_blocks,1.0,6-2 Keltonburg,2010,488,1.0
high,DEKALB,002154,6 3 BLUE SPRINGS,2014,official_vtd_code_and_name_nhgis_blocks,1.0,6-3 Blue Springs,2010,477,1.0
high,DICKSON,002262,1 2,2014,official_vtd_exact_label_code_nhgis_blocks,0.97,1-2 Sylvia Baptist Church,2010,501,1.0
high,DICKSON,002256,2 1,2014,official_vtd_exact_label_code_nhgis_blocks,0.97,2-1 Eno Community Center,2010,495,1.0
high,DICKSON,002257,2 2,2014,official_vtd_exact_label_code_nhgis_blocks,0.97,2-2 TN City Fire Hall,2010,496,1.0
high,DICKSON,002258,3 1,2014,official_vtd_exact_label_code_nhgis_blocks,0.97,3-1 Calvary Chapel,2010,497,1.0
high,DICKSON,002259,3 2,2014,official_vtd_exact_label_code_nhgis_blocks,0.97,3-2 Vanleer Town Hall,2010,498,1.0
high,DICKSON,002260,4 1,2014,official_vtd_exact_label_code_nhgis_blocks,0.97,4-1 Jackson Chapel,2010,499,1.0
high,DICKSON,002261,5 1,2014,official_vtd_exact_label_code_nhgis_blocks,0.97,5-1 White Bluff Fire Hall,2010,500,1.0
high,DICKSON,002252,6 1,2014,official_vtd_exact_label_code_nhgis_blocks,0.97,6-1 Burns Church of Christ,2010,491,0.995804433729
high,DICKSON,002253,6 1,2014,official_vtd_exact_label_code_nhgis_blocks,0.97,6-1 Burns Church of Christ,2010,491,2.4678541e-05
high,DICKSON,002255,6 1,2014,official_vtd_exact_label_code_nhgis_blocks,0.97,6-1 Burns Church of Christ,2010,491,0.004140360366
high,DICKSON,002265,6 1,2014,official_vtd_exact_label_code_nhgis_blocks,0.97,6-1 Burns Church of Christ,2010,491,2.4198837e-05
high,DICKSON,002266,6 1,2014,official_vtd_exact_label_code_nhgis_blocks,0.97,6-1 Burns Church of Christ,2010,491,6.328527e-06
high,DICKSON,002251,6 2,2014,official_vtd_exact_label_code_nhgis_blocks,0.97,6-2 Porter Community Center,2010,490,1.0
high,DICKSON,002255,7 1,2014,official_vtd_exact_label_code_nhgis_blocks,0.97,7-1 Pomona Baptist Church,2010,494,1.0
high,DICKSON,002267,8 1,2014,official_vtd_exact_label_code_nhgis_blocks,0.97,8-1 Senior Citizens,2010,506,1.0
high,DICKSON,002264,9 1,2014,official_vtd_exact_label_code_nhgis_blocks,0.97,9-1 Restoration Church,2010,503,1.0
high,DICKSON,002266,11 1,2014,official_vtd_exact_label_code_nhgis_blocks,0.97,11-1 Tennsco Community Center,2010,505,1.0
high,DICKSON,002254,12 1,2014,official_vtd_exact_label_code_nhgis_blocks,0.97,12-1 White Bluff Community Center,2010,493,0.997905657837
high,DICKSON,002261,12 1,2014,official_vtd_exact_label_code_nhgis_blocks,0.97,12-1 White Bluff Community Center,2010,493,0.002094342163
high,DICKSON,002253,12 2,2014,official_vtd_exact_label_code_nhgis_blocks,0.97,12-2 Greater Things Baptist Church,2010,492,1.0
medium,DYER,002351,A1 BONICORD,2014,official_vtd_fuzzy_name_nhgis_blocks,0.8571,A - Bonicord,2010,520,0.995517213688
medium,DYER,002361,A1 BONICORD,2014,official_vtd_fuzzy_name_nhgis_blocks,0.8571,A - Bonicord,2010,520,0.000128552643
medium,DYER,002363,A1 BONICORD,2014,official_vtd_fuzzy_name_nhgis_blocks,0.8571,A - Bonicord,2010,520,0.004354233669
medium,DYER,002352,A2 FOWLKES,2014,official_vtd_fuzzy_name_nhgis_blocks,0.8526,A - Fowlkes,2010,515,0.996530606101
medium,DYER,002361,A2 FOWLKES,2014,official_vtd_fuzzy_name_nhgis_blocks,0.8526,A - Fowlkes,2010,515,0.003469393899
high,DYER,002353,B NEWBERN,2014,official_vtd_exact_name_nhgis_blocks,0.95,B - Newbern,2010,512,0.976339819933
high,DYER,002356,B NEWBERN,2014,official_vtd_exact_name_nhgis_blocks,0.95,B - Newbern,2010,512,0.021373712913
high,DYER,002358,B NEWBERN,2014,official_vtd_exact_name_nhgis_blocks,0.95,B - Newbern,2010,512,0.002286467154
medium,DYER,002354,C1 TATUMVILLE,2014,official_vtd_fuzzy_name_nhgis_blocks,0.864,C-Tatumville,2010,519,1.0
medium,DYER,002356,C2 TRIMBLE,2014,official_vtd_fuzzy_name_nhgis_blocks,0.8526,C - Trimble,2010,521,1.0
medium,DYER,002355,C3 ROELLEN,2014,official_vtd_fuzzy_name_nhgis_blocks,0.8526,C - Roellen,2010,522,1.0
medium,DYER,002358,D1 MILLSFIELD,2014,official_vtd_fuzzy_name_nhgis_blocks,0.864,D - Millsfield,2010,508,1.0
medium,DYER,002357,D2 BOGOTA,2014,official_vtd_fuzzy_name_nhgis_blocks,0.8471,D-Bogota,2010,511,1.0
medium,DYER,002359,E1 FINLEY,2014,official_vtd_fuzzy_name_nhgis_blocks,0.8471,E - Finley,2010,514,1.0
medium,DYER,002360,E2 LENOX,2014,official_vtd_fuzzy_name_nhgis_blocks,0.84,E - Lenox,2010,510,1.0
medium,DYER,002351,F DYER CO CENTRAL,2014,official_vtd_fuzzy_name_nhgis_blocks,0.8053,F - Dyer County Central,2010,518,6.2216564e-05
medium,DYER,002352,F DYER CO CENTRAL,2014,official_vtd_fuzzy_name_nhgis_blocks,0.8053,F - Dyer County Central,2010,518,0.03373199375
medium,DYER,002359,F DYER CO CENTRAL,2014,official_vtd_fuzzy_name_nhgis_blocks,0.8053,F - Dyer County Central,2010,518,0.001291562236
medium,DYER,002361,F DYER CO CENTRAL,2014,official_vtd_fuzzy_name_nhgis_blocks,0.8053,F - Dyer County Central,2010,518,0.964914227451
high,DYER,002362,G COURTHOUSE,2014,official_vtd_exact_name_nhgis_blocks,0.95,G - Courthouse,2010,513,1.0
high,DYER,002363,H E DYERSBURG,2014,official_vtd_exact_name_nhgis_blocks,0.95,H - E. Dyersburg,2010,516,1.0
medium,DYER,002363,I1 COMMUNITY CENTER,2014,official_vtd_fuzzy_name_nhgis_blocks,0.8757,I - Community Center,2010,517,0.001734959544
medium,DYER,002364,I1 COMMUNITY CENTER,2014,official_vtd_fuzzy_name_nhgis_blocks,0.8757,I - Community Center,2010,517,0.987141732969
medium,DYER,002365,I1 COMMUNITY CENTER,2014,official_vtd_fuzzy_name_nhgis_blocks,0.8757,I - Community Center,2010,517,0.010878808251
medium,DYER,002366,I1 COMMUNITY CENTER,2014,official_vtd_fuzzy_name_nhgis_blocks,0.8757,I - Community Center,2010,517,0.000244499236
medium,DYER,002357,I2 HURRICANE HILL,2014,official_vtd_fuzzy_name_nhgis_blocks,0.8727,I - Hurricane Hill,2010,507,6.736292e-06
medium,DYER,002364,I2 HURRICANE HILL,2014,official_vtd_fuzzy_name_nhgis_blocks,0.8727,I - Hurricane Hill,2010,507,0.014964611006
medium,DYER,002365,I2 HURRICANE HILL,2014,official_vtd_fuzzy_name_nhgis_blocks,0.8727,I - Hurricane Hill,2010,507,0.983981486073
medium,DYER,002366,I2 HURRICANE HILL,2014,official_vtd_fuzzy_name_nhgis_blocks,0.8727,I - Hurricane Hill,2010,507,0.00104716663
high,DYER,002360,J NORTH DYERSBURG,2014,official_vtd_fuzzy_name_nhgis_blocks,0.9,J-N Dyersburg,2010,509,0.00276706758
high,DYER,002365,J NORTH DYERSBURG,2014,official_vtd_fuzzy_name_nhgis_blocks,0.9,J-N Dyersburg,2010,509,0.001497004878
high,DYER,002366,J NORTH DYERSBURG,2014,official_vtd_fuzzy_name_nhgis_blocks,0.9,J-N Dyersburg,2010,509,0.995735927542
high,FAYETTE,002461,FAYETTE CORNER,2014,official_vtd_exact_name_nhgis_blocks,0.95,2 Fayette Corner,2010,533,1.0
high,FAYETTE,002451,GARNETT,2014,official_vtd_exact_name_nhgis_blocks,0.95,3 Garnett,2010,536,0.005642798386
high,FAYETTE,002464,GARNETT,2014,official_vtd_exact_name_nhgis_blocks,0.95,3 Garnett,2010,536,0.987077074914
high,FAYETTE,002465,GARNETT,2014,official_vtd_exact_name_nhgis_blocks,0.95,3 Garnett,2010,536,0.0072801267
high,FAYETTE,002462,BRADEN,2014,official_vtd_exact_name_nhgis_blocks,0.95,4 Braden,2010,534,1.0
high,FAYETTE,002463,GALLAWAY,2014,official_vtd_exact_name_nhgis_blocks,0.95,5 Gallaway,2010,535,1.0
high,FAYETTE,002451,OAKLAND,2014,official_vtd_exact_name_nhgis_blocks,0.95,6 Oakland,2010,523,0.994984479639
high,FAYETTE,002452,OAKLAND,2014,official_vtd_exact_name_nhgis_blocks,0.95,6 Oakland,2010,523,0.000770883316
high,FAYETTE,002456,OAKLAND,2014,official_vtd_exact_name_nhgis_blocks,0.95,6 Oakland,2010,523,0.003270428072
high,FAYETTE,002464,OAKLAND,2014,official_vtd_exact_name_nhgis_blocks,0.95,6 Oakland,2010,523,0.000974208973
medium,FAYETTE,002452,HICKORY WITHE,2014,official_vtd_fuzzy_name_nhgis_blocks,0.8308,7 Hickory White,2010,524,1.0
high,FAYETTE,002453,ELBA,2014,official_vtd_exact_name_nhgis_blocks,0.95,8 Elba,2010,525,1.0
high,FAYETTE,002454,PIPERTON,2014,official_vtd_exact_name_nhgis_blocks,0.95,9 Piperton,2010,526,0.996716306307
high,FAYETTE,002455,PIPERTON,2014,official_vtd_exact_name_nhgis_blocks,0.95,9 Piperton,2010,526,0.003283693693
high,FAYETTE,002454,ROSSVILLE,2014,official_vtd_exact_name_nhgis_blocks,0.95,10 Rossville,2010,527,0.001377400675
high,FAYETTE,002455,ROSSVILLE,2014,official_vtd_exact_name_nhgis_blocks,0.95,10 Rossville,2010,527,0.956145898967
high,FAYETTE,002456,ROSSVILLE,2014,official_vtd_exact_name_nhgis_blocks,0.95,10 Rossville,2010,527,0.042476700358
high,FAYETTE,002451,MACON,2014,official_vtd_exact_name_nhgis_blocks,0.95,11 Macon,2010,528,3.9481676e-05
high,FAYETTE,002452,MACON,2014,official_vtd_exact_name_nhgis_blocks,0.95,11 Macon,2010,528,0.014959028696
high,FAYETTE,002456,MACON,2014,official_vtd_exact_name_nhgis_blocks,0.95,11 Macon,2010,528,0.978218584892
high,FAYETTE,002458,MACON,2014,official_vtd_exact_name_nhgis_blocks,0.95,11 Macon,2010,528,0.006782904736
high,FAYETTE,002458,WILLISTON,2014,official_vtd_exact_name_nhgis_blocks,0.95,12 Williston,2010,530,1.0
high,FAYETTE,002457,MOSCOW,2014,official_vtd_exact_name_nhgis_blocks,0.95,13 Moscow,2010,529,1.0
high,FAYETTE,002460,PARKS,2014,official_vtd_exact_name_nhgis_blocks,0.95,14 Parks,2010,532,1.0
medium,FAYETTE,002459,LAGRANGE,2014,official_vtd_fuzzy_name_nhgis_blocks,0.8471,15 La Grange,2010,531,1.0
high,FENTRESS,002553,ALLARDT,2014,official_vtd_exact_name_nhgis_blocks,0.95,Allardt,2010,540,0.998937007148
high,FENTRESS,002561,ALLARDT,2014,official_vtd_exact_name_nhgis_blocks,0.95,Allardt,2010,540,0.001062992852
high,FENTRESS,002551,ARMATHWAITE,2014,official_vtd_exact_name_nhgis_blocks,0.95,Armathwaite,2010,538,1.0
high,FENTRESS,002557,COMMUNITY CENTER,2014,official_vtd_exact_name_nhgis_blocks,0.95,Community Center,2010,544,1.0
high,FENTRESS,002554,COURTHOUSE,2014,official_vtd_exact_name_nhgis_blocks,0.95,Courthouse,2010,541,1.0
high,FENTRESS,002556,CLARKRANGE,2014,official_vtd_exact_name_nhgis_blocks,0.95,Clarkrange,2010,543,1.0
medium,FENTRESS,002558,CROSSROADS,2014,official_vtd_fuzzy_name_nhgis_blocks,0.8526,Crossroad,2010,545,1.0
high,FENTRESS,002555,EAST JAMESTOWN,2014,official_vtd_exact_name_nhgis_blocks,0.95,East Jamestown,2010,550,0.087193672313
high,FENTRESS,002563,EAST JAMESTOWN,2014,official_vtd_exact_name_nhgis_blocks,0.95,East Jamestown,2010,550,0.912806327687
high,FENTRESS,002562,GRIMSLEY,2014,official_vtd_exact_name_nhgis_blocks,0.95,Grimsley,2010,549,1.0
high,FENTRESS,002555,PINE HAVEN,2014,official_vtd_exact_name_nhgis_blocks,0.95,Pine Haven,2010,542,1.0
high,FENTRESS,002559,PALL MALL,2014,official_vtd_exact_name_nhgis_blocks,0.95,Pall Mall,2010,546,1.0
high,FENTRESS,002561,TINCHTOWN,2014,official_vtd_exact_name_nhgis_blocks,0.95,Tinchtown,2010,548,1.0
high,FENTRESS,002560,WEST FENTRESS,2014,official_vtd_exact_name_nhgis_blocks,0.95,West Fentress,2010,547,1.0
high,FRANKLIN,002651,1 1 ANNEX,2014,official_vtd_exact_label_code_nhgis_blocks,0.97,1-1 FC Annex,2010,554,1.0
high,FRANKLIN,002652,2 1 CLARK MEMORIAL,2014,official_vtd_code_and_name_nhgis_blocks,1.0,2-1 Clark Memorial,2010,551,1.0
high,FRANKLIN,002653,3 1 BROADVIEW,2014,official_vtd_code_and_name_nhgis_blocks,1.0,3-1 Broadview,2010,553,1.0
high,FRANKLIN,002654,3 2 HUNTLAND,2014,official_vtd_code_and_name_nhgis_blocks,1.0,3-2 Huntland,2010,563,1.0
high,FRANKLIN,002655,3 3 OLD SALEM,2014,official_vtd_code_and_name_nhgis_blocks,1.0,3-3 Old Salem,2010,564,1.0
high,FRANKLIN,002656,4 1 BELVIDERE,2014,official_vtd_code_and_name_nhgis_blocks,1.0,4-1 Belvidere,2010,566,1.0
high,FRANKLIN,002657,4 2 COWAN,2014,official_vtd_code_and_name_nhgis_blocks,1.0,4-2 Cowan,2010,567,1.0
high,FRANKLIN,002658,4 3 LIBERTY,2014,official_vtd_code_and_name_nhgis_blocks,1.0,4-3 Liberty,2010,552,1.0
high,FRANKLIN,002659,5 1 KEITH SPRINGS,2014,official_vtd_code_and_name_nhgis_blocks,1.0,5-1 Keith Springs,2010,555,1.0
high,FRANKLIN,002660,5 2 SEWANEE,2014,official_vtd_code_and_name_nhgis_blocks,1.0,5-2 Sewanee,2010,562,1.0
high,FRANKLIN,002661,5 3 SHERWOOD,2014,official_vtd_code_and_name_nhgis_blocks,1.0,5-3 Sherwood,2010,561,0.988075262785
high,FRANKLIN,005764,5 3 SHERWOOD,2014,official_vtd_code_and_name_nhgis_blocks,1.0,5-3 Sherwood,2010,561,0.011924737215
high,FRANKLIN,002662,6 1 ALTO OAK GROVE,2014,official_vtd_code_and_name_nhgis_blocks,1.0,6-1 Alto/Oak Grove,2010,560,1.0
high,FRANKLIN,002663,6 2 CAPITOL HILL,2014,official_vtd_code_and_name_nhgis_blocks,1.0,6-2 Capitol Hill,2010,559,1.0
high,FRANKLIN,002664,6 3 FCBDC,2014,official_vtd_exact_label_code_nhgis_blocks,0.97,6-3 UTSI,2010,556,1.0
high,FRANKLIN,002665,7 1 NORTH LAKE,2014,official_vtd_code_and_name_nhgis_blocks,1.0,7-1 North Lake,2010,565,1.0
high,FRANKLIN,002666,7 2 CG WINCHESTER SPRINGS,2014,official_vtd_exact_label_code_nhgis_blocks,0.97,7-2 Winchester Springs & Center Grove,2010,557,1.0
high,FRANKLIN,002667,8 1 DECHERD,2014,official_vtd_code_and_name_nhgis_blocks,1.0,8-1 Decherd,2010,568,1.0
high,FRANKLIN,002663,8 2 ESTILL SPRINGS,2014,official_vtd_code_and_name_nhgis_blocks,1.0,8-2 Estill Springs,2010,558,0.001183231466
high,FRANKLIN,002668,8 2 ESTILL SPRINGS,2014,official_vtd_code_and_name_nhgis_blocks,1.0,8-2 Estill Springs,2010,558,0.998816768534
high,GIBSON,002757,1 2 SITKA,2014,official_vtd_exact_label_code_nhgis_blocks,0.97,12 Edison,2010,574,0.002109528008
high,GIBSON,002760,1 2 SITKA,2014,official_vtd_exact_label_code_nhgis_blocks,0.97,12 Edison,2010,574,0.997890471992
high,GIBSON,002753,6 4 GIBSON,2014,official_vtd_exact_name_nhgis_blocks,0.95,04 Gibson,2010,584,0.998423420066
high,GIBSON,002758,6 4 GIBSON,2014,official_vtd_exact_name_nhgis_blocks,0.95,04 Gibson,2010,584,0.001576579934
high,GIBSON,002752,2 HUMBOLDT CHURCH,2014,official_vtd_exact_label_code_nhgis_blocks,0.97,02 Sitka Community Center,2010,590,1.0
high,GIBSON,002755,3 HUMBOLDT PARK,2014,official_vtd_exact_name_nhgis_blocks,0.95,07 Humboldt Park,2010,583,1.0
high,GIBSON,002753,4 ST JAMES BAPTIST,2014,official_vtd_exact_label_code_nhgis_blocks,0.97,04 Gibson,2010,584,0.998423420066
high,GIBSON,002758,4 ST JAMES BAPTIST,2014,official_vtd_exact_label_code_nhgis_blocks,0.97,04 Gibson,2010,584,0.001576579934
high,GIBSON,002754,6 HUMBOLDT ARMORY,2014,official_vtd_exact_label_code_nhgis_blocks,0.97,06 Humboldt Ch of Chr,2010,588,1.0
high,GIBSON,002757,8 1 EDISON,2014,official_vtd_exact_name_nhgis_blocks,0.95,12 Edison,2010,574,0.002109528008
high,GIBSON,002760,8 1 EDISON,2014,official_vtd_exact_name_nhgis_blocks,0.95,12 Edison,2010,574,0.997890471992
high,GIBSON,002759,7 2 FRUITLAND,2014,official_vtd_exact_name_nhgis_blocks,0.95,13 Fruitland,2010,580,1.0
high,GIBSON,002761,8 2 BRAZIL,2014,official_vtd_exact_name_nhgis_blocks,0.95,14 Brazil,2010,573,1.0
high,GIBSON,002761,16 1 YORKVILLE,2014,official_vtd_exact_name_nhgis_blocks,0.95,17 Yorkville,2010,578,0.001891700938
high,GIBSON,002771,16 1 YORKVILLE,2014,official_vtd_exact_name_nhgis_blocks,0.95,17 Yorkville,2010,578,0.998108299062
high,GIBSON,002772,16 2 KENTON,2014,official_vtd_exact_name_nhgis_blocks,0.95,18 Kenton,2010,589,1.0
high,GIBSON,002758,10 TRENTON,2014,official_vtd_exact_label_code_nhgis_blocks,0.97,10 Humboldt Old Armor,2010,587,1.0
high,GIBSON,002764,11 2 MOORE S CHAPEL,2014,official_vtd_exact_name_nhgis_blocks,0.95,24 Moore's Chapel,2010,585,1.0
high,GIBSON,002765,11 4 GANN,2014,official_vtd_exact_name_nhgis_blocks,0.95,26 Gann,2010,596,0.998800189915
high,GIBSON,002766,11 4 GANN,2014,official_vtd_exact_name_nhgis_blocks,0.95,26 Gann,2010,596,0.001199810085
high,GIBSON,002766,11 5 SKULLBONE,2014,official_vtd_exact_name_nhgis_blocks,0.95,27 Skullbone,2010,571,1.0
high,GIBSON,002757,12 MILAN EXPRESS,2014,official_vtd_exact_label_code_nhgis_blocks,0.97,12 Edison,2010,574,0.002109528008
high,GIBSON,002760,12 MILAN EXPRESS,2014,official_vtd_exact_label_code_nhgis_blocks,0.97,12 Edison,2010,574,0.997890471992
high,GIBSON,002761,14 MILAN 1STASSEMBLY,2014,official_vtd_exact_label_code_nhgis_blocks,0.97,14 Brazil,2010,573,1.0
high,GIBSON,002774,17 1 BRADFORD,2014,official_vtd_exact_name_nhgis_blocks,0.95,32 Bradford,2010,570,1.0
high,GIBSON,002775,18 1 LANEVIEW,2014,official_vtd_exact_name_nhgis_blocks,0.95,34 Laneview,2010,572,1.0
high,GIBSON,002774,18 2 GOOD LUCK,2014,official_vtd_exact_name_nhgis_blocks,0.95,37 Good Luck,2010,569,0.00978970713
high,GIBSON,002776,18 2 GOOD LUCK,2014,official_vtd_exact_name_nhgis_blocks,0.95,37 Good Luck,2010,569,0.99021029287
high,GIBSON,002777,19 1 DYER,2014,official_vtd_exact_name_nhgis_blocks,0.95,38 Dyer,2010,576,1.0
high,GIBSON,002778,19 2 CURRIE,2014,official_vtd_exact_name_nhgis_blocks,0.95,39 Currie,2010,577,1.0
high,GIBSON,002773,16 RUTHERFORD,2014,official_vtd_exact_name_nhgis_blocks,0.95,40 Rutherford,2010,579,1.0
high,GILES,002854,1A ARDMORE,2014,official_vtd_code_and_name_nhgis_blocks,1.0,1A Ardmore,2010,600,1.0
high,GILES,002851,1B PROSPECT,2014,official_vtd_code_and_name_nhgis_blocks,1.0,1B Prospect,2010,597,1.0
high,GILES,002853,2A MINOR HILL,2014,official_vtd_code_and_name_nhgis_blocks,1.0,2A Minor Hill,2010,599,1.0
high,GILES,002852,2B AIRPORT,2014,official_vtd_code_and_name_nhgis_blocks,1.0,2B Airport,2010,598,1.0
high,GILES,002855,3A RICHLAND TRACE,2014,official_vtd_exact_label_code_nhgis_blocks,0.97,3A Richland Trace Market,2010,601,0.997574328829
high,GILES,002861,3A RICHLAND TRACE,2014,official_vtd_exact_label_code_nhgis_blocks,0.97,3A Richland Trace Market,2010,601,0.002425671171
high,GILES,002856,3B CAMPBELLSVILLE,2014,official_vtd_code_and_name_nhgis_blocks,1.0,3B Campbellsville,2010,602,1.0
high,GILES,002857,4A LYNNVILLE,2014,official_vtd_code_and_name_nhgis_blocks,1.0,4A Lynnville,2010,603,1.0
high,GILES,002858,4B ODD FELLOWS HALL,2014,official_vtd_exact_label_code_nhgis_blocks,0.97,4B Odds Fellows Hall,2010,604,1.0
high,GILES,002859,5A TCAT,2014,official_vtd_code_and_name_nhgis_blocks,1.0,5A TCAT,2010,605,1.0
high,GILES,002860,5B AGRI PARK,2014,official_vtd_code_and_name_nhgis_blocks,1.0,5B Agri-Park,2010,606,1.0
high,GILES,002861,6A MARTIN,2014,official_vtd_exact_label_code_nhgis_blocks,0.97,6A MMC Martin Methodist College,2010,607,1.0
high,GILES,002862,6B BRIDGEFORTH,2014,official_vtd_exact_label_code_nhgis_blocks,0.97,6B BMS Bridgeforth Middle School,2010,608,1.0
high,GILES,002863,7A GCHS,2014,official_vtd_exact_label_code_nhgis_blocks,0.97,7A GCHS Giles County High School,2010,609,1.0
high,GILES,002864,7B REC CENTER,2014,official_vtd_exact_label_code_nhgis_blocks,0.97,7B Recreation Center,2010,610,1.0
high,GRAINGER,002953,1 1,2014,official_vtd_exact_label_code_nhgis_blocks,0.97,1-1 Rutledge Middle School,2010,613,1.0
high,GRAINGER,002952,1 2,2014,official_vtd_exact_label_code_nhgis_blocks,0.97,1-2 Old Central Point School,2010,612,1.0
high,GRAINGER,002957,2 1,2014,official_vtd_exact_label_code_nhgis_blocks,0.97,2-1 Bean Station Ele. School,2010,617,1.0
high,GRAINGER,002958,2 2,2014,official_vtd_exact_label_code_nhgis_blocks,0.97,2-2 Grainger High School,2010,618,1.0
high,GRAINGER,002955,3 1,2014,official_vtd_exact_label_code_nhgis_blocks,0.97,3-1 Blaine City Hall,2010,615,1.0
high,GRAINGER,002954,3 2,2014,official_vtd_exact_label_code_nhgis_blocks,0.97,3-2 Indian Ridge Comm. Blg.,2010,614,1.0
high,GRAINGER,002956,4 1,2014,official_vtd_exact_label_code_nhgis_blocks,0.97,4-1 Thorn Hill Comm. Blg.,2010,616,1.0
high,GRAINGER,002951,4 2,2014,official_vtd_exact_label_code_nhgis_blocks,0.97,4-2 Washburn Ele. School,2010,611,1.0
high,GRAINGER,002960,5 1,2014,official_vtd_exact_label_code_nhgis_blocks,0.97,5-1 Bean Station Library,2010,620,1.0
high,GRAINGER,002959,5 2,2014,official_vtd_exact_label_code_nhgis_blocks,0.97,5-2 Senior Citizens Center,2010,619,1.0
high,GREENE,003073,1 FOREST HILLS,2014,official_vtd_code_and_name_nhgis_blocks,1.0,01 Forest Hills,2010,637,1.0
high,GREENE,003052,2 FLAG BRANCH,2014,official_vtd_code_and_name_nhgis_blocks,1.0,02 Flag Branch,2010,651,1.0
high,GREENE,003053,3 CANEY BRANCH,2014,official_vtd_code_and_name_nhgis_blocks,1.0,03 Caney Branch,2010,632,1.0
high,GREENE,003054,4 MCDONALD,2014,official_vtd_exact_label_code_nhgis_blocks,0.97,04 McDonald-Warrensburg,2010,633,1.0
high,GREENE,003054,4 WARRENSBURG,2014,official_vtd_exact_label_code_nhgis_blocks,0.97,04 McDonald-Warrensburg,2010,633,1.0
high,GREENE,003084,5 OREBANK,2014,official_vtd_code_and_name_nhgis_blocks,1.0,05 Orebank,2010,634,1.0
high,GREENE,003054,6 MOHAWK,2014,official_vtd_code_and_name_nhgis_blocks,1.0,06 Mohawk,2010,654,1.0
high,GREENE,003082,7 MT CARMEL,2014,official_vtd_code_and_name_nhgis_blocks,1.0,07 Mt. Carmel,2010,629,1.0
high,GREENE,003084,8 MT PLEASANT,2014,official_vtd_code_and_name_nhgis_blocks,1.0,08 Mt. Pleasant,2010,624,1.0
high,GREENE,003059,9 DEBUSK,2014,official_vtd_code_and_name_nhgis_blocks,1.0,09 Debusk,2010,636,1.0
high,GREENE,003063,10 1 TUSCULUM VIEW,2014,official_vtd_code_and_name_nhgis_blocks,1.0,10-1 Tusculum View,2010,648,0.996140967256
high,GREENE,003069,10 1 TUSCULUM VIEW,2014,official_vtd_code_and_name_nhgis_blocks,1.0,10-1 Tusculum View,2010,648,0.003764632747
high,GREENE,003080,10 1 TUSCULUM VIEW,2014,official_vtd_code_and_name_nhgis_blocks,1.0,10-1 Tusculum View,2010,648,9.4399997e-05
high,GREENE,003063,10 1 EAST VIEW,2014,official_vtd_code_and_name_nhgis_blocks,1.0,10-1 East View,2010,649,1.0
high,GREENE,003061,10 1 HIGH SCHOOL,2014,official_vtd_code_and_name_nhgis_blocks,1.0,10-1 High School,2010,646,1.0
high,GREENE,003061,10 1 HIGHLAND ROBY,2014,official_vtd_code_and_name_nhgis_blocks,1.0,10-1 Highland Roby,2010,625,1.0
high,GREENE,003061,10 2 ANDREW JOHNSON,2014,official_vtd_code_and_name_nhgis_blocks,1.0,10-2 Andrew Johnson,2010,623,0.990122870315
high,GREENE,003084,10 2 ANDREW JOHNSON,2014,official_vtd_code_and_name_nhgis_blocks,1.0,10-2 Andrew Johnson,2010,623,0.009877129685
high,GREENE,003066,10 2 MIDDLE SCHOOL,2014,official_vtd_code_and_name_nhgis_blocks,1.0,10-2 Middle School,2010,622,0.996742903167
high,GREENE,003084,10 2 MIDDLE SCHOOL,2014,official_vtd_code_and_name_nhgis_blocks,1.0,10-2 Middle School,2010,622,0.003257096833
high,GREENE,003067,11 BAILEYTON,2014,official_vtd_exact_label_code_nhgis_blocks,0.97,11 Woodlawn-Baileyton-Baileyton Corp,2010,627,1.0
high,GREENE,003067,11 BAILEYTON CORP,2014,official_vtd_exact_label_code_nhgis_blocks,0.97,11 Woodlawn-Baileyton-Baileyton Corp,2010,627,1.0
high,GREENE,003067,11 WOODLAWN,2014,official_vtd_exact_label_code_nhgis_blocks,0.97,11 Woodlawn-Baileyton-Baileyton Corp,2010,627,1.0
high,GREENE,003080,12 HARDINS,2014,official_vtd_code_and_name_nhgis_blocks,1.0,12 Hardins,2010,626,1.0
high,GREENE,003069,13 TUSCULUM NORTH,2014,official_vtd_code_and_name_nhgis_blocks,1.0,13 Tusculum North,2010,644,0.995148353126
high,GREENE,003080,13 TUSCULUM NORTH,2014,official_vtd_code_and_name_nhgis_blocks,1.0,13 Tusculum North,2010,644,0.004851646874
high,GREENE,003069,13 TUSCULUM SOUTH,2014,official_vtd_code_and_name_nhgis_blocks,1.0,13 Tusculum South,2010,650,1.0
high,GREENE,003069,13 TUSCULUM CORP,2014,official_vtd_code_and_name_nhgis_blocks,1.0,13 Tusculum Corp,2010,643,1.0
high,GREENE,003072,14 CHUCKEY DOAK,2014,official_vtd_exact_label_code_nhgis_blocks,0.97,14 Chucky Doak,2010,639,1.0
high,GREENE,003073,15 CHUCKEY,2014,official_vtd_exact_label_code_nhgis_blocks,0.97,15 Jockey-Chucky,2010,638,1.0
high,GREENE,003073,15 JOCKEY,2014,official_vtd_exact_label_code_nhgis_blocks,0.97,15 Jockey-Chucky,2010,638,1.0
high,GREENE,003067,16 LOST MOUNTAIN,2014,official_vtd_code_and_name_nhgis_blocks,1.0,16 Lost Mountain,2010,630,1.0
high,GREENE,003076,16 UNION TEMPLE,2014,official_vtd_code_and_name_nhgis_blocks,1.0,16 Union Temple,2010,641,1.0
high,GREENE,003076,17 WEST PINES,2014,official_vtd_code_and_name_nhgis_blocks,1.0,17 West Pines,2010,642,1.0
high,GREENE,003077,18 SOUTH GREENE,2014,official_vtd_code_and_name_nhgis_blocks,1.0,18 South Greene,2010,621,1.0
high,GREENE,003082,19 MIDWAY,2014,official_vtd_code_and_name_nhgis_blocks,1.0,19 Midway,2010,653,1.0
high,GREENE,003072,20 NEWMANSVILLE,2014,official_vtd_code_and_name_nhgis_blocks,1.0,20 Newmansville,2010,640,1.0
high,GREENE,003080,21 CROSS ANCHOR,2014,official_vtd_code_and_name_nhgis_blocks,1.0,21 Cross Anchor,2010,631,1.0
high,GREENE,003052,22 GREYSTONE,2014,official_vtd_code_and_name_nhgis_blocks,1.0,22 Greystone,2010,652,1.0
high,GREENE,003082,23 MOSHEIM,2014,official_vtd_exact_label_code_nhgis_blocks,0.97,23 Mosheim-Mosheim Corp,2010,628,1.0
high,GREENE,003082,23 MOSHEIM CORP,2014,official_vtd_exact_label_code_nhgis_blocks,0.97,23 Mosheim-Mosheim Corp,2010,628,1.0
high,GREENE,003052,24 SUNNYSIDE,2014,official_vtd_code_and_name_nhgis_blocks,1.0,24 Sunnyside,2010,647,1.0
high,GREENE,003084,25 GLENWOOD,2014,official_vtd_code_and_name_nhgis_blocks,1.0,25 Glenwood,2010,635,1.0
high,GRUNDY,003153,ALTAMONT,2014,official_vtd_exact_name_nhgis_blocks,0.95,Altamont,2010,657,1.0
high,GRUNDY,003153,HUBBARD S COVE,2014,official_vtd_exact_name_nhgis_blocks,0.95,Hubbard's Cove,2010,663,1.0
high,GRUNDY,003152,TARLTON,2014,official_vtd_exact_name_nhgis_blocks,0.95,Tarlton,2010,655,1.0
high,GRUNDY,003155,CENTRAL,2014,official_vtd_exact_name_nhgis_blocks,0.95,Central,2010,659,0.926512806622
high,GRUNDY,003160,CENTRAL,2014,official_vtd_exact_name_nhgis_blocks,0.95,Central,2010,659,0.06828150386
high,GRUNDY,003163,CENTRAL,2014,official_vtd_exact_name_nhgis_blocks,0.95,Central,2010,659,0.005205689518
high,GRUNDY,003154,COLLINS,2014,official_vtd_exact_name_nhgis_blocks,0.95,Collins,2010,658,0.570500549307
high,GRUNDY,003155,COLLINS,2014,official_vtd_exact_name_nhgis_blocks,0.95,Collins,2010,658,0.429499450693
high,GRUNDY,003157,CROSS ROADS,2014,official_vtd_exact_name_nhgis_blocks,0.95,Cross Roads,2010,661,0.977712178214
high,GRUNDY,003161,CROSS ROADS,2014,official_vtd_exact_name_nhgis_blocks,0.95,Cross Roads,2010,661,0.022287821786
high,GRUNDY,003157,PELHAM,2014,official_vtd_exact_name_nhgis_blocks,0.95,Pelham,2010,662,1.0
high,GRUNDY,003155,COALMONT,2014,official_vtd_exact_name_nhgis_blocks,0.95,Coalmont,2010,664,0.001130034516
high,GRUNDY,003160,COALMONT,2014,official_vtd_exact_name_nhgis_blocks,0.95,Coalmont,2010,664,0.998869965484
high,GRUNDY,003162,PALMER,2014,official_vtd_exact_name_nhgis_blocks,0.95,Palmer,2010,666,1.0
high,GRUNDY,003161,MONTEAGLE,2014,official_vtd_exact_name_nhgis_blocks,0.95,Monteagle,2010,665,1.0
high,HAMBLEN,003252,01 1,2014,official_vtd_code_and_name_nhgis_blocks,1.0,1-1,2010,669,1.0
high,HAMBLEN,003253,02 1,2014,official_vtd_code_and_name_nhgis_blocks,1.0,2-1,2010,670,1.0
high,HAMBLEN,003254,03 1,2014,official_vtd_code_and_name_nhgis_blocks,1.0,3-1,2010,671,1.0
high,HAMBLEN,003251,04 1,2014,official_vtd_code_and_name_nhgis_blocks,1.0,4-1,2010,668,0.997258287024
high,HAMBLEN,003262,04 1,2014,official_vtd_code_and_name_nhgis_blocks,1.0,4-1,2010,668,0.00046098653
high,HAMBLEN,003267,04 1,2014,official_vtd_code_and_name_nhgis_blocks,1.0,4-1,2010,668,0.002280726447
high,HAMBLEN,003255,05 1,2014,official_vtd_code_and_name_nhgis_blocks,1.0,5-1,2010,672,1.0
high,HAMBLEN,003256,06 1,2014,official_vtd_code_and_name_nhgis_blocks,1.0,6-1,2010,673,1.0
high,HAMBLEN,003253,07 1,2014,official_vtd_code_and_name_nhgis_blocks,1.0,7-1,2010,674,0.003049518945
high,HAMBLEN,003257,07 1,2014,official_vtd_code_and_name_nhgis_blocks,1.0,7-1,2010,674,0.996950481055
high,HAMBLEN,003254,08 1,2014,official_vtd_code_and_name_nhgis_blocks,1.0,8-1,2010,675,0.002007402057
high,HAMBLEN,003258,08 1,2014,official_vtd_code_and_name_nhgis_blocks,1.0,8-1,2010,675,0.997963152862
high,HAMBLEN,003259,08 1,2014,official_vtd_code_and_name_nhgis_blocks,1.0,8-1,2010,675,2.9445081e-05
high,HAMBLEN,003259,09 1,2014,official_vtd_code_and_name_nhgis_blocks,1.0,9-1,2010,676,1.0
high,HAMBLEN,003260,09 2,2014,official_vtd_code_and_name_nhgis_blocks,1.0,9-2,2010,677,1.0
high,HAMBLEN,003261,10 1,2014,official_vtd_code_and_name_nhgis_blocks,1.0,10-1,2010,678,1.0
high,HAMBLEN,003251,10 2,2014,official_vtd_code_and_name_nhgis_blocks,1.0,10-2,2010,679,0.00575340337
high,HAMBLEN,003262,10 2,2014,official_vtd_code_and_name_nhgis_blocks,1.0,10-2,2010,679,0.994056478737
high,HAMBLEN,003266,10 2,2014,official_vtd_code_and_name_nhgis_blocks,1.0,10-2,2010,679,0.000190117893
high,HAMBLEN,003267,11 1,2014,official_vtd_code_and_name_nhgis_blocks,1.0,11-1,2010,684,1.0
high,HAMBLEN,003266,11 2,2014,official_vtd_code_and_name_nhgis_blocks,1.0,11-2,2010,683,1.0
high,HAMBLEN,003263,12 1,2014,official_vtd_code_and_name_nhgis_blocks,1.0,12-1,2010,680,0.994427525516
high,HAMBLEN,003264,12 1,2014,official_vtd_code_and_name_nhgis_blocks,1.0,12-1,2010,680,0.004437594793
high,HAMBLEN,003265,12 1,2014,official_vtd_code_and_name_nhgis_blocks,1.0,12-1,2010,680,0.001134879691
high,HAMBLEN,003264,13 1,2014,official_vtd_code_and_name_nhgis_blocks,1.0,13-1,2010,681,1.0
high,HAMBLEN,003255,14 1,2014,official_vtd_code_and_name_nhgis_blocks,1.0,14-1,2010,682,0.0015307196
high,HAMBLEN,003263,14 1,2014,official_vtd_code_and_name_nhgis_blocks,1.0,14-1,2010,682,0.003044962905
high,HAMBLEN,003265,14 1,2014,official_vtd_code_and_name_nhgis_blocks,1.0,14-1,2010,682,0.995424317494
high,HAMILTON,003351,175 AIRPORT,2014,official_vtd_exact_name_nhgis_blocks,0.95,Airport,2010,726,1.0
high,HAMILTON,003352,212 ALTON PARK 1,2014,official_vtd_exact_name_nhgis_blocks,0.95,Alton Park 1,2010,727,1.0
high,HAMILTON,003353,214 ALTON PARK 2,2014,official_vtd_exact_name_nhgis_blocks,0.95,Alton Park 2,2010,782,1.0
high,HAMILTON,003354,003 AMNICOLA,2014,official_vtd_exact_name_nhgis_blocks,0.95,Amnicola,2010,728,1.0
high,HAMILTON,003355,050 APISON 1,2014,official_vtd_exact_name_nhgis_blocks,0.95,Apison 1,2010,688,1.0
high,HAMILTON,003356,118 APISON 2,2014,official_vtd_exact_name_nhgis_blocks,0.95,Apison 2,2010,791,0.994749315661
high,HAMILTON,003367,118 APISON 2,2014,official_vtd_exact_name_nhgis_blocks,0.95,Apison 2,2010,791,0.005250684339
high,HAMILTON,003357,216 APISON 3,2014,official_vtd_exact_name_nhgis_blocks,0.95,Apison 3,2010,805,0.690240436106
high,HAMILTON,003368,216 APISON 3,2014,official_vtd_exact_name_nhgis_blocks,0.95,Apison 3,2010,805,0.309759563894
high,HAMILTON,003358,004 AVONDALE,2014,official_vtd_exact_name_nhgis_blocks,0.95,Avondale,2010,729,1.0
high,HAMILTON,003359,184 BAKEWELL 1,2014,official_vtd_exact_name_nhgis_blocks,0.95,Bakewell 1,2010,796,1.0
high,HAMILTON,003360,183 BAKEWELL 2,2014,official_vtd_exact_name_nhgis_blocks,0.95,Bakewell 2,2010,797,0.997577514228
high,HAMILTON,003460,183 BAKEWELL 2,2014,official_vtd_exact_name_nhgis_blocks,0.95,Bakewell 2,2010,797,0.002422485772
high,HAMILTON,003361,051 BIRCHWOOD,2014,official_vtd_exact_name_nhgis_blocks,0.95,Birchwood,2010,703,1.0
high,HAMILTON,003362,005 BONNY OAKS,2014,official_vtd_exact_name_nhgis_blocks,0.95,Bonny Oaks,2010,730,1.0
high,HAMILTON,003363,006 BRAINERD,2014,official_vtd_exact_name_nhgis_blocks,0.95,Brainerd,2010,731,1.0
high,HAMILTON,003364,007 BRAINERD HILLS,2014,official_vtd_exact_name_nhgis_blocks,0.95,Brainerd Hills,2010,732,1.0
high,HAMILTON,003365,008 BUSHTOWN,2014,official_vtd_exact_name_nhgis_blocks,0.95,Bushtown,2010,733,1.0
high,HAMILTON,003367,052 COLLEGEDALE 1,2014,official_vtd_exact_name_nhgis_blocks,0.95,Collegedale 1,2010,803,1.0
high,HAMILTON,003355,122 COLLEGEDALE 2,2014,official_vtd_exact_name_nhgis_blocks,0.95,Collegedale 2,2010,720,0.002872972327
high,HAMILTON,003368,122 COLLEGEDALE 2,2014,official_vtd_exact_name_nhgis_blocks,0.95,Collegedale 2,2010,720,0.997125087994
high,HAMILTON,003445,122 COLLEGEDALE 2,2014,official_vtd_exact_name_nhgis_blocks,0.95,Collegedale 2,2010,720,1.939679e-06
high,HAMILTON,003369,167 COLLEGEDALE 3,2014,official_vtd_exact_name_nhgis_blocks,0.95,Collegedale 3,2010,804,1.0
high,HAMILTON,003370,204 COLLEGEDALE 4,2014,official_vtd_exact_name_nhgis_blocks,0.95,Collegedale 4,2010,721,1.0
high,HAMILTON,003364,012 CONCORD 1,2014,official_vtd_exact_name_nhgis_blocks,0.95,Concord 1,2010,773,0.008246546574
high,HAMILTON,003371,012 CONCORD 1,2014,official_vtd_exact_name_nhgis_blocks,0.95,Concord 1,2010,773,0.991753453426
high,HAMILTON,003364,093 CONCORD 2,2014,official_vtd_exact_name_nhgis_blocks,0.95,Concord 2,2010,789,8.2551604e-05
high,HAMILTON,003371,093 CONCORD 2,2014,official_vtd_exact_name_nhgis_blocks,0.95,Concord 2,2010,789,0.001558006642
high,HAMILTON,003372,093 CONCORD 2,2014,official_vtd_exact_name_nhgis_blocks,0.95,Concord 2,2010,789,0.998359441754
high,HAMILTON,003374,141 CONCORD 3,2014,official_vtd_exact_name_nhgis_blocks,0.95,Concord 3,2010,756,1.0
high,HAMILTON,003375,181 CONCORD 4,2014,official_vtd_exact_name_nhgis_blocks,0.95,Concord 4,2010,761,1.0
high,HAMILTON,003376,177 CONCORD 5,2014,official_vtd_exact_name_nhgis_blocks,0.95,Concord 5,2010,809,1.0
high,HAMILTON,003377,178 CONCORD 6,2014,official_vtd_exact_name_nhgis_blocks,0.95,Concord 6,2010,788,1.0
high,HAMILTON,003378,206 CONCORD 7,2014,official_vtd_exact_name_nhgis_blocks,0.95,Concord 7,2010,771,1.0
high,HAMILTON,003379,208 COURTHOUSE 1,2014,official_vtd_exact_name_nhgis_blocks,0.95,Courthouse 1,2010,734,1.0
high,HAMILTON,003380,196 COURTHOUSE 2,2014,official_vtd_exact_name_nhgis_blocks,0.95,Courthouse 2,2010,779,1.0
high,HAMILTON,003381,014 DALEWOOD,2014,official_vtd_exact_name_nhgis_blocks,0.95,Dalewood,2010,735,1.0
high,HAMILTON,003382,185 DALLAS 1,2014,official_vtd_exact_name_nhgis_blocks,0.95,Dallas 1,2010,701,1.0
high,HAMILTON,003382,172 DALLAS 2,2014,official_vtd_exact_name_nhgis_blocks,0.95,Dallas 2,2010,795,0.001546404706
high,HAMILTON,003383,172 DALLAS 2,2014,official_vtd_exact_name_nhgis_blocks,0.95,Dallas 2,2010,795,0.995241727848
high,HAMILTON,003418,172 DALLAS 2,2014,official_vtd_exact_name_nhgis_blocks,0.95,Dallas 2,2010,795,0.003211867446
high,HAMILTON,003384,199 DOWNTOWN 1,2014,official_vtd_exact_name_nhgis_blocks,0.95,Downtown 1,2010,780,1.0
high,HAMILTON,003352,197 DOWNTOWN 2,2014,official_vtd_exact_name_nhgis_blocks,0.95,Downtown 2,2010,757,0.006638474734
high,HAMILTON,003384,197 DOWNTOWN 2,2014,official_vtd_exact_name_nhgis_blocks,0.95,Downtown 2,2010,757,0.002454875899
high,HAMILTON,003385,197 DOWNTOWN 2,2014,official_vtd_exact_name_nhgis_blocks,0.95,Downtown 2,2010,757,0.990906649366
high,HAMILTON,003386,189 DUPONT,2014,official_vtd_exact_name_nhgis_blocks,0.95,DuPont,2010,758,1.0
high,HAMILTON,003387,017 EAST BRAINERD 1,2014,official_vtd_exact_name_nhgis_blocks,0.95,East Brainerd 1,2010,736,1.0
high,HAMILTON,003388,104 EAST BRAINERD 2,2014,official_vtd_exact_name_nhgis_blocks,0.95,East Brainerd 2,2010,754,1.0
high,HAMILTON,003389,018 EAST CHATTANOOGA 1,2014,official_vtd_exact_name_nhgis_blocks,0.95,East Chattanooga 1,2010,775,1.0
high,HAMILTON,003390,192 EAST CHATTANOOGA 2,2014,official_vtd_exact_name_nhgis_blocks,0.95,East Chattanooga 2,2010,768,1.0
high,HAMILTON,003391,019 EAST LAKE,2014,official_vtd_exact_name_nhgis_blocks,0.95,East Lake,2010,738,1.0
high,HAMILTON,003392,053 EAST RIDGE 1,2014,official_vtd_exact_name_nhgis_blocks,0.95,East Ridge 1,2010,716,1.0
high,HAMILTON,003393,054 EAST RIDGE 2,2014,official_vtd_exact_name_nhgis_blocks,0.95,East Ridge 2,2010,717,1.0
high,HAMILTON,003394,055 EAST RIDGE 3,2014,official_vtd_exact_name_nhgis_blocks,0.95,East Ridge 3,2010,718,1.0
high,HAMILTON,003395,056 EAST RIDGE 4,2014,official_vtd_exact_name_nhgis_blocks,0.95,East Ridge 4,2010,719,1.0
high,HAMILTON,003396,195 EASTDALE,2014,official_vtd_exact_name_nhgis_blocks,0.95,Eastdale,2010,740,1.0
high,HAMILTON,003397,094 EASTGATE 1,2014,official_vtd_exact_name_nhgis_blocks,0.95,Eastgate 1,2010,786,1.0
high,HAMILTON,003398,095 EASTGATE 2,2014,official_vtd_exact_name_nhgis_blocks,0.95,Eastgate 2,2010,752,1.0
high,HAMILTON,003399,209 EASTSIDE 1,2014,official_vtd_exact_name_nhgis_blocks,0.95,Eastside 1,2010,739,1.0
high,HAMILTON,003400,132 EASTSIDE 2,2014,official_vtd_exact_name_nhgis_blocks,0.95,Eastside 2,2010,784,1.0
high,HAMILTON,003401,067 FAIRMOUNT,2014,official_vtd_exact_name_nhgis_blocks,0.95,Fairmount,2010,692,0.985568251126
high,HAMILTON,003456,067 FAIRMOUNT,2014,official_vtd_exact_name_nhgis_blocks,0.95,Fairmount,2010,692,0.014223777472
high,HAMILTON,003472,067 FAIRMOUNT,2014,official_vtd_exact_name_nhgis_blocks,0.95,Fairmount,2010,692,0.000207971402
high,HAMILTON,003402,187 FALLING WATER,2014,official_vtd_exact_name_nhgis_blocks,0.95,Falling Water,2010,693,1.0
high,HAMILTON,003403,069 FLAT TOP MOUNTAIN,2014,official_vtd_exact_name_nhgis_blocks,0.95,Flat Top Mountain,2010,700,1.0
high,HAMILTON,003404,070 GANNS,2014,official_vtd_exact_name_nhgis_blocks,0.95,Ganns,2010,696,0.988428880046
high,HAMILTON,003407,070 GANNS,2014,official_vtd_exact_name_nhgis_blocks,0.95,Ganns,2010,696,0.007898438976
high,HAMILTON,003409,070 GANNS,2014,official_vtd_exact_name_nhgis_blocks,0.95,Ganns,2010,696,0.003672680978
high,HAMILTON,003405,023 GLENWOOD,2014,official_vtd_exact_name_nhgis_blocks,0.95,Glenwood,2010,741,1.0
high,HAMILTON,003406,058 HARRISON 1,2014,official_vtd_exact_name_nhgis_blocks,0.95,Harrison 1,2010,802,1.0
high,HAMILTON,003407,090 HARRISON 2,2014,official_vtd_exact_name_nhgis_blocks,0.95,Harrison 2,2010,697,1.0
high,HAMILTON,003408,098 HARRISON 3,2014,official_vtd_exact_name_nhgis_blocks,0.95,Harrison 3,2010,801,1.0
high,HAMILTON,003409,140 HARRISON 4,2014,official_vtd_exact_name_nhgis_blocks,0.95,Harrison 4,2010,698,1.0
high,HAMILTON,003410,180 HARRISON 5,2014,official_vtd_exact_name_nhgis_blocks,0.95,Harrison 5,2010,800,1.0
high,HAMILTON,003411,025 HIXSON 1,2014,official_vtd_exact_name_nhgis_blocks,0.95,Hixson 1,2010,765,1.0
high,HAMILTON,003412,088 HIXSON 2,2014,official_vtd_exact_name_nhgis_blocks,0.95,Hixson 2,2010,760,1.0
high,HAMILTON,003413,101 HIXSON 3,2014,official_vtd_exact_name_nhgis_blocks,0.95,Hixson 3,2010,776,1.0
high,HAMILTON,003414,190 KINGSPOINT 1,2014,official_vtd_exact_name_nhgis_blocks,0.95,Kingspoint 1,2010,742,1.0
high,HAMILTON,003415,191 KINGSPOINT 2,2014,official_vtd_exact_name_nhgis_blocks,0.95,Kingspoint 2,2010,769,1.0
high,HAMILTON,003416,176 KINGSPOINT 3,2014,official_vtd_exact_name_nhgis_blocks,0.95,Kingspoint 3,2010,790,1.0
high,HAMILTON,003414,028 LAKE HILLS,2014,official_vtd_exact_name_nhgis_blocks,0.95,Lake Hills,2010,737,0.00076530813
high,HAMILTON,003415,028 LAKE HILLS,2014,official_vtd_exact_name_nhgis_blocks,0.95,Lake Hills,2010,737,8.5809686e-05
high,HAMILTON,003417,028 LAKE HILLS,2014,official_vtd_exact_name_nhgis_blocks,0.95,Lake Hills,2010,737,0.997784628358
high,HAMILTON,003432,028 LAKE HILLS,2014,official_vtd_exact_name_nhgis_blocks,0.95,Lake Hills,2010,737,0.001364253825
high,HAMILTON,003418,071 LAKESITE,2014,official_vtd_exact_name_nhgis_blocks,0.95,Lakesite,2010,705,1.0
high,HAMILTON,003419,213 LOOKOUT MOUNTAIN,2014,official_vtd_exact_name_nhgis_blocks,0.95,Lookout Mountain,2010,714,1.0
high,HAMILTON,003420,048 LOOKOUT VALLEY 1,2014,official_vtd_exact_name_nhgis_blocks,0.95,Lookout Valley 1,2010,762,1.0
high,HAMILTON,003420,092 LOOKOUT VALLEY 2,2014,official_vtd_exact_name_nhgis_blocks,0.95,Lookout Valley 2,2010,690,1.198003e-06
high,HAMILTON,003421,092 LOOKOUT VALLEY 2,2014,official_vtd_exact_name_nhgis_blocks,0.95,Lookout Valley 2,2010,690,0.993967257772
high,HAMILTON,005751,092 LOOKOUT VALLEY 2,2014,official_vtd_exact_name_nhgis_blocks,0.95,Lookout Valley 2,2010,690,0.006031544226
high,HAMILTON,003386,029 LUPTON CITY,2014,official_vtd_exact_name_nhgis_blocks,0.95,Lupton City,2010,743,0.001585477265
high,HAMILTON,003422,029 LUPTON CITY,2014,official_vtd_exact_name_nhgis_blocks,0.95,Lupton City,2010,743,0.998414522735
high,HAMILTON,003423,059 MEADOWVIEW,2014,official_vtd_exact_name_nhgis_blocks,0.95,Meadowview,2010,798,1.0
high,HAMILTON,003424,188 MIDDLE VALLEY 1,2014,official_vtd_exact_name_nhgis_blocks,0.95,Middle Valley 1,2010,695,1.0
high,HAMILTON,003425,186 MIDDLE VALLEY 2,2014,official_vtd_exact_name_nhgis_blocks,0.95,Middle Valley 2,2010,793,1.0
high,HAMILTON,003426,031 MISSIONARY RIDGE,2014,official_vtd_exact_name_nhgis_blocks,0.95,Missionary Ridge,2010,744,1.0
high,HAMILTON,003385,032 MOCCASIN BEND,2014,official_vtd_exact_name_nhgis_blocks,0.95,Moccasin Bend,2010,755,0.02862113484
high,HAMILTON,003427,032 MOCCASIN BEND,2014,official_vtd_exact_name_nhgis_blocks,0.95,Moccasin Bend,2010,755,0.97099895263
high,HAMILTON,003448,032 MOCCASIN BEND,2014,official_vtd_exact_name_nhgis_blocks,0.95,Moccasin Bend,2010,755,0.00037991253
high,HAMILTON,003428,033 MOUNTAIN CREEK 1,2014,official_vtd_exact_name_nhgis_blocks,0.95,Mountain Creek 1,2010,745,0.995399337695
high,HAMILTON,003450,033 MOUNTAIN CREEK 1,2014,official_vtd_exact_name_nhgis_blocks,0.95,Mountain Creek 1,2010,745,0.000176080755
high,HAMILTON,003471,033 MOUNTAIN CREEK 1,2014,official_vtd_exact_name_nhgis_blocks,0.95,Mountain Creek 1,2010,745,0.00442458155
high,HAMILTON,003429,106 MOUNTAIN CREEK 2,2014,official_vtd_exact_name_nhgis_blocks,0.95,Mountain Creek 2,2010,766,1.0
high,HAMILTON,003430,215 MOUNTAIN CREEK 3,2014,official_vtd_exact_name_nhgis_blocks,0.95,Mountain Creek 3,2010,783,1.0
high,HAMILTON,003431,074 MOWBRAY,2014,official_vtd_exact_name_nhgis_blocks,0.95,Mowbray,2010,699,1.0
high,HAMILTON,003432,171 MURRAY HILLS 1,2014,official_vtd_exact_name_nhgis_blocks,0.95,Murray Hills 1,2010,746,1.0
high,HAMILTON,003433,182 MURRAY HILLS 2,2014,official_vtd_exact_name_nhgis_blocks,0.95,Murray Hills 2,2010,770,1.0
high,HAMILTON,003434,035 NORTH CHATTANOOGA 1,2014,official_vtd_exact_name_nhgis_blocks,0.95,North Chattanooga 1,2010,767,1.0
high,HAMILTON,003435,139 NORTH CHATTANOOGA 2,2014,official_vtd_exact_name_nhgis_blocks,0.95,North Chattanooga 2,2010,781,1.0
high,HAMILTON,003436,194 NORTHGATE 1,2014,official_vtd_exact_name_nhgis_blocks,0.95,Northgate 1,2010,792,0.996251724183
high,HAMILTON,003450,194 NORTHGATE 1,2014,official_vtd_exact_name_nhgis_blocks,0.95,Northgate 1,2010,792,0.003748275817
high,HAMILTON,003437,193 NORTHGATE 2,2014,official_vtd_exact_name_nhgis_blocks,0.95,Northgate 2,2010,759,1.0
high,HAMILTON,003438,037 NORTHWOODS 1,2014,official_vtd_exact_name_nhgis_blocks,0.95,Northwoods 1,2010,747,0.997873566884
high,HAMILTON,003450,037 NORTHWOODS 1,2014,official_vtd_exact_name_nhgis_blocks,0.95,Northwoods 1,2010,747,0.002126433116
high,HAMILTON,003439,038 NORTHWOODS 2,2014,official_vtd_exact_name_nhgis_blocks,0.95,Northwoods 2,2010,753,0.998722447051
high,HAMILTON,003450,038 NORTHWOODS 2,2014,official_vtd_exact_name_nhgis_blocks,0.95,Northwoods 2,2010,753,0.001277552949
high,HAMILTON,003440,060 OOLTEWAH 1,2014,official_vtd_exact_name_nhgis_blocks,0.95,Ooltewah 1,2010,707,1.0
high,HAMILTON,003441,089 OOLTEWAH 2,2014,official_vtd_exact_name_nhgis_blocks,0.95,Ooltewah 2,2010,710,1.0
high,HAMILTON,003442,143 OOLTEWAH 3,2014,official_vtd_exact_name_nhgis_blocks,0.95,Ooltewah 3,2010,764,1.0
high,HAMILTON,003443,205 OOLTEWAH 4,2014,official_vtd_exact_name_nhgis_blocks,0.95,Ooltewah 4,2010,807,1.0
high,HAMILTON,003444,169 OOLTEWAH 5,2014,official_vtd_exact_name_nhgis_blocks,0.95,Ooltewah 5,2010,806,1.0
high,HAMILTON,003445,168 OOLTEWAH 6,2014,official_vtd_exact_name_nhgis_blocks,0.95,Ooltewah 6,2010,808,1.0
high,HAMILTON,003446,075 PLEASANT GROVE 1,2014,official_vtd_exact_name_nhgis_blocks,0.95,Pleasant Grove 1,2010,694,1.0
high,HAMILTON,003447,103 PLEASANT GROVE 2,2014,official_vtd_exact_name_nhgis_blocks,0.95,Pleasant Grove 2,2010,794,1.0
high,HAMILTON,003427,076 RED BANK 1,2014,official_vtd_exact_name_nhgis_blocks,0.95,Red Bank 1,2010,724,0.031689584099
high,HAMILTON,003448,076 RED BANK 1,2014,official_vtd_exact_name_nhgis_blocks,0.95,Red Bank 1,2010,724,0.968310415901
high,HAMILTON,003449,077 RED BANK 2,2014,official_vtd_exact_name_nhgis_blocks,0.95,Red Bank 2,2010,778,1.0
high,HAMILTON,003422,078 RED BANK 3,2014,official_vtd_exact_name_nhgis_blocks,0.95,Red Bank 3,2010,725,0.000105300936
high,HAMILTON,003436,078 RED BANK 3,2014,official_vtd_exact_name_nhgis_blocks,0.95,Red Bank 3,2010,725,0.002078663534
high,HAMILTON,003450,078 RED BANK 3,2014,official_vtd_exact_name_nhgis_blocks,0.95,Red Bank 3,2010,725,0.99781603553
high,HAMILTON,003451,210 RIDGEDALE 1,2014,official_vtd_exact_name_nhgis_blocks,0.95,Ridgedale 1,2010,748,1.0
high,HAMILTON,003452,211 RIDGEDALE 2,2014,official_vtd_exact_name_nhgis_blocks,0.95,Ridgedale 2,2010,785,1.0
high,HAMILTON,003396,061 RIDGESIDE,2014,official_vtd_exact_name_nhgis_blocks,0.95,Ridgeside,2010,715,0.001765156654
high,HAMILTON,003453,061 RIDGESIDE,2014,official_vtd_exact_name_nhgis_blocks,0.95,Ridgeside,2010,715,0.998234843346
high,HAMILTON,003454,042 RIVERVIEW,2014,official_vtd_exact_name_nhgis_blocks,0.95,Riverview,2010,749,1.0
high,HAMILTON,000302,080 SALE CREEK,2014,official_vtd_exact_name_nhgis_blocks,0.95,Sale Creek,2010,704,0.025098866231
high,HAMILTON,003455,080 SALE CREEK,2014,official_vtd_exact_name_nhgis_blocks,0.95,Sale Creek,2010,704,0.974873250307
high,HAMILTON,007360,080 SALE CREEK,2014,official_vtd_exact_name_nhgis_blocks,0.95,Sale Creek,2010,704,2.7883462e-05
high,HAMILTON,003401,207 SIGNAL MOUNTAIN 1,2014,official_vtd_exact_name_nhgis_blocks,0.95,Signal Mountain 1,2010,713,0.003439551442
high,HAMILTON,003456,207 SIGNAL MOUNTAIN 1,2014,official_vtd_exact_name_nhgis_blocks,0.95,Signal Mountain 1,2010,713,0.991482880606
high,HAMILTON,003457,207 SIGNAL MOUNTAIN 1,2014,official_vtd_exact_name_nhgis_blocks,0.95,Signal Mountain 1,2010,713,0.000128855031
high,HAMILTON,003471,207 SIGNAL MOUNTAIN 1,2014,official_vtd_exact_name_nhgis_blocks,0.95,Signal Mountain 1,2010,713,0.00494871292
high,HAMILTON,003457,200 SIGNAL MOUNTAIN 2,2014,official_vtd_exact_name_nhgis_blocks,0.95,Signal Mountain 2,2010,712,0.995860096175
high,HAMILTON,003471,200 SIGNAL MOUNTAIN 2,2014,official_vtd_exact_name_nhgis_blocks,0.95,Signal Mountain 2,2010,712,0.002313162827
high,HAMILTON,003472,200 SIGNAL MOUNTAIN 2,2014,official_vtd_exact_name_nhgis_blocks,0.95,Signal Mountain 2,2010,712,0.001826740998
high,HAMILTON,003458,170 SNOWHILL 1,2014,official_vtd_exact_name_nhgis_blocks,0.95,Snowhill 1,2010,799,1.0
high,HAMILTON,003459,179 SNOWHILL 2,2014,official_vtd_exact_name_nhgis_blocks,0.95,Snowhill 2,2010,702,1.0
high,HAMILTON,003460,083 SODDY DAISY 1,2014,official_vtd_exact_name_nhgis_blocks,0.95,Soddy Daisy 1,2010,723,1.0
high,HAMILTON,003431,084 SODDY DAISY 2,2014,official_vtd_exact_name_nhgis_blocks,0.95,Soddy Daisy 2,2010,722,7.41151e-07
high,HAMILTON,003439,084 SODDY DAISY 2,2014,official_vtd_exact_name_nhgis_blocks,0.95,Soddy Daisy 2,2010,722,2.5599586e-05
high,HAMILTON,003460,084 SODDY DAISY 2,2014,official_vtd_exact_name_nhgis_blocks,0.95,Soddy Daisy 2,2010,722,0.002975722411
high,HAMILTON,003461,084 SODDY DAISY 2,2014,official_vtd_exact_name_nhgis_blocks,0.95,Soddy Daisy 2,2010,722,0.996997936853
high,HAMILTON,003462,144 SODDY DAISY 3,2014,official_vtd_exact_name_nhgis_blocks,0.95,Soddy Daisy 3,2010,706,1.0
high,HAMILTON,003463,043 ST ELMO 1,2014,official_vtd_exact_name_nhgis_blocks,0.95,St Elmo 1,2010,774,1.0
high,HAMILTON,003385,137 ST ELMO 2,2014,official_vtd_exact_name_nhgis_blocks,0.95,St Elmo 2,2010,708,0.026285796146
high,HAMILTON,003464,137 ST ELMO 2,2014,official_vtd_exact_name_nhgis_blocks,0.95,St Elmo 2,2010,708,0.973714203854
high,HAMILTON,003465,198 STUART HEIGHTS,2014,official_vtd_exact_name_nhgis_blocks,0.95,Stuart Heights,2010,750,1.0
high,HAMILTON,003466,063 SUMMIT 1,2014,official_vtd_exact_name_nhgis_blocks,0.95,Summit 1,2010,777,1.0
high,HAMILTON,003467,166 SUMMIT 2,2014,official_vtd_exact_name_nhgis_blocks,0.95,Summit 2,2010,689,1.0
high,HAMILTON,003468,203 SUMMIT 3,2014,official_vtd_exact_name_nhgis_blocks,0.95,Summit 3,2010,709,1.0
high,HAMILTON,003469,046 TYNER 1,2014,official_vtd_exact_name_nhgis_blocks,0.95,Tyner 1,2010,763,1.0
high,HAMILTON,003470,097 TYNER 2,2014,official_vtd_exact_name_nhgis_blocks,0.95,Tyner 2,2010,772,1.0
high,HAMILTON,003456,085 VALDEAU,2014,official_vtd_exact_name_nhgis_blocks,0.95,Valdeau,2010,691,0.001099003424
high,HAMILTON,003471,085 VALDEAU,2014,official_vtd_exact_name_nhgis_blocks,0.95,Valdeau,2010,691,0.99786994933
high,HAMILTON,003472,085 VALDEAU,2014,official_vtd_exact_name_nhgis_blocks,0.95,Valdeau,2010,691,0.001031047246
high,HAMILTON,003471,086 WALDEN,2014,official_vtd_exact_name_nhgis_blocks,0.95,Walden,2010,711,0.001712756996
high,HAMILTON,003472,086 WALDEN,2014,official_vtd_exact_name_nhgis_blocks,0.95,Walden,2010,711,0.998287243004
high,HAMILTON,003473,064 WESTVIEW 1,2014,official_vtd_exact_name_nhgis_blocks,0.95,Westview 1,2010,687,1.0
high,HAMILTON,003474,091 WESTVIEW 2,2014,official_vtd_exact_name_nhgis_blocks,0.95,Westview 2,2010,685,1.0
high,HAMILTON,003475,096 WESTVIEW 3,2014,official_vtd_exact_name_nhgis_blocks,0.95,Westview 3,2010,686,1.0
high,HAMILTON,003476,173 WOODMORE 1,2014,official_vtd_exact_name_nhgis_blocks,0.95,Woodmore 1,2010,787,1.0
high,HAMILTON,003477,174 WOODMORE 2,2014,official_vtd_exact_name_nhgis_blocks,0.95,Woodmore 2,2010,751,1.0
high,HANCOCK,000001,1ST,2014,official_vtd_code_and_name_nhgis_blocks,1.0,1st,2010,813,1.0
high,HANCOCK,000002,2ND,2014,official_vtd_code_and_name_nhgis_blocks,1.0,2nd,2010,810,0.998190577052
high,HANCOCK,000003,2ND,2014,official_vtd_code_and_name_nhgis_blocks,1.0,2nd,2010,810,0.001809422948
high,HANCOCK,000003,3RD,2014,official_vtd_code_and_name_nhgis_blocks,1.0,3rd,2010,812,1.0
high,HANCOCK,000004,4TH,2014,official_vtd_code_and_name_nhgis_blocks,1.0,4th,2010,811,1.0
high,HANCOCK,000005,5TH,2014,official_vtd_code_and_name_nhgis_blocks,1.0,5th,2010,814,1.0
high,HANCOCK,000003,6TH,2014,official_vtd_code_and_name_nhgis_blocks,1.0,6th,2010,815,0.007112005216
high,HANCOCK,000006,6TH,2014,official_vtd_code_and_name_nhgis_blocks,1.0,6th,2010,815,0.992887994784
high,HANCOCK,000007,7TH,2014,official_vtd_code_and_name_nhgis_blocks,1.0,7th,2010,816,1.0
high,HARDEMAN,003604,WEST BOLIVAR,2014,official_vtd_exact_name_nhgis_blocks,0.95,West Bolivar,2010,820,1.0
high,HARDEMAN,003601,BOLIVAR,2014,official_vtd_exact_name_nhgis_blocks,0.95,Bolivar,2010,817,1.0
high,HARDEMAN,003602,WHITEVILLE,2014,official_vtd_exact_name_nhgis_blocks,0.95,Whiteville,2010,819,0.002606436131
high,HARDEMAN,003603,WHITEVILLE,2014,official_vtd_exact_name_nhgis_blocks,0.95,Whiteville,2010,819,0.997333322831
high,HARDEMAN,003604,WHITEVILLE,2014,official_vtd_exact_name_nhgis_blocks,0.95,Whiteville,2010,819,6.0241039e-05
high,HARDEMAN,003602,HICKORY VALLEY,2014,official_vtd_exact_name_nhgis_blocks,0.95,Hickory Valley,2010,818,1.0
high,HARDEMAN,003613,GRAND JUNCTION,2014,official_vtd_exact_name_nhgis_blocks,0.95,Grand Junction,2010,829,1.0
high,HARDEMAN,003612,SAULSBURY,2014,official_vtd_exact_name_nhgis_blocks,0.95,Saulsbury,2010,828,1.0
high,HARDEMAN,003605,MIDDLETON,2014,official_vtd_exact_name_nhgis_blocks,0.95,Middleton,2010,821,1.0
high,HARDEMAN,003611,POCAHONTAS,2014,official_vtd_exact_name_nhgis_blocks,0.95,Pocahontas,2010,827,1.0
high,HARDEMAN,003606,LACY,2014,official_vtd_exact_name_nhgis_blocks,0.95,Lacy,2010,822,1.0
high,HARDEMAN,003609,HORNSBY,2014,official_vtd_exact_name_nhgis_blocks,0.95,Hornsby,2010,825,1.0
high,HARDEMAN,003607,SILERTON,2014,official_vtd_exact_name_nhgis_blocks,0.95,Silerton,2010,823,1.0
high,HARDEMAN,003601,DIXIE HILLS,2014,official_vtd_exact_name_nhgis_blocks,0.95,Dixie Hills,2010,826,0.014300044517
high,HARDEMAN,003610,DIXIE HILLS,2014,official_vtd_exact_name_nhgis_blocks,0.95,Dixie Hills,2010,826,0.985699955483
high,HARDEMAN,003608,TOONE,2014,official_vtd_exact_name_nhgis_blocks,0.95,Toone,2010,824,1.0
medium,HARDIN,003717,MORRIS CHAPEL 5 2,2014,official_vtd_fuzzy_name_nhgis_blocks,0.78,5 Morris Chapel,2010,846,1.0
high,HAWKINS,003824,1 ALLANDALE INSIDE,2014,official_vtd_code_and_name_nhgis_blocks,1.0,1 Allandale Inside,2010,871,1.0
high,HAWKINS,003824,1 ALLANDALE OUTSIDE,2014,official_vtd_code_and_name_nhgis_blocks,1.0,1 Allandale Outside,2010,854,1.0
high,HAWKINS,003823,7 BULLS GAP INSIDE,2014,official_vtd_code_and_name_nhgis_blocks,1.0,7 Bulls Gap Inside,2010,870,1.0
high,HAWKINS,003816,7 BULLS GAP OUTSIDE,2014,official_vtd_code_and_name_nhgis_blocks,1.0,7 Bulls Gap Outside,2010,869,0.004887876068
high,HAWKINS,003823,7 BULLS GAP OUTSIDE,2014,official_vtd_code_and_name_nhgis_blocks,1.0,7 Bulls Gap Outside,2010,869,0.995112123932
high,HAWKINS,003808,3 CARTER S VALLEY,2014,official_vtd_code_and_name_nhgis_blocks,1.0,3 Carter's Valley,2010,855,1.0
high,HAWKINS,003813,6 CHOPTACK,2014,official_vtd_code_and_name_nhgis_blocks,1.0,6 Choptack,2010,860,0.997773603567
high,HAWKINS,003814,6 CHOPTACK,2014,official_vtd_code_and_name_nhgis_blocks,1.0,6 Choptack,2010,860,0.002226396433
high,HAWKINS,003825,2 CHURCH HILL INSIDE,2014,official_vtd_code_and_name_nhgis_blocks,1.0,2 Church Hill Inside,2010,872,1.0
high,HAWKINS,003818,6 CLINCH,2014,official_vtd_code_and_name_nhgis_blocks,1.0,6 Clinch,2010,865,1.0
high,HAWKINS,003805,4 DYKES,2014,official_vtd_code_and_name_nhgis_blocks,1.0,4 Dykes,2010,852,1.0
high,HAWKINS,003803,2 MCPHEETER S BEND,2014,official_vtd_code_and_name_nhgis_blocks,1.0,2 McPheeter's Bend,2010,850,1.0
high,HAWKINS,003817,6 MOORESBURG,2014,official_vtd_code_and_name_nhgis_blocks,1.0,6 Mooresburg,2010,864,1.0
high,HAWKINS,003805,1 MOUNT CARMEL,2014,official_vtd_code_and_name_nhgis_blocks,1.0,1 Mount Carmel,2010,856,0.022969965879
high,HAWKINS,003809,1 MOUNT CARMEL,2014,official_vtd_code_and_name_nhgis_blocks,1.0,1 Mount Carmel,2010,856,0.967988146887
high,HAWKINS,003824,1 MOUNT CARMEL,2014,official_vtd_code_and_name_nhgis_blocks,1.0,1 Mount Carmel,2010,856,0.0062255256
high,HAWKINS,003825,1 MOUNT CARMEL,2014,official_vtd_code_and_name_nhgis_blocks,1.0,1 Mount Carmel,2010,856,0.002816361633
high,HAWKINS,003816,7 ST CLAIR,2014,official_vtd_code_and_name_nhgis_blocks,1.0,7 St. Clair,2010,863,1.0
high,HAWKINS,003806,4 UPPER BEECH,2014,official_vtd_code_and_name_nhgis_blocks,1.0,4 Upper Beech,2010,853,1.0
high,HAWKINS,003811,3 WALLACE,2014,official_vtd_code_and_name_nhgis_blocks,1.0,3 Wallace,2010,858,1.0
high,HAWKINS,003819,3 WATTERSON,2014,official_vtd_code_and_name_nhgis_blocks,1.0,3 Watterson,2010,866,1.0
high,HENDERSON,004001,1 1 BARGERTON,2014,official_vtd_code_and_name_nhgis_blocks,1.0,1-1 Bargerton,2010,885,1.0
high,HENDERSON,004002,1 2 BEAVER,2014,official_vtd_code_and_name_nhgis_blocks,1.0,1-2 Beaver,2010,886,1.0
high,HENDERSON,004008,3 3 FIRE STATION 4,2014,official_vtd_exact_label_code_nhgis_blocks,0.97,3-3 Darden,2010,892,1.0
high,HENDERSON,004002,4 6 CIVIC CENTER,2014,official_vtd_exact_name_nhgis_blocks,0.95,4-1 Civic Center,2010,895,0.002002446178
high,HENDERSON,004006,4 6 CIVIC CENTER,2014,official_vtd_exact_name_nhgis_blocks,0.95,4-1 Civic Center,2010,895,0.000296123443
high,HENDERSON,004007,4 6 CIVIC CENTER,2014,official_vtd_exact_name_nhgis_blocks,0.95,4-1 Civic Center,2010,895,0.000676860908
high,HENDERSON,004011,4 6 CIVIC CENTER,2014,official_vtd_exact_name_nhgis_blocks,0.95,4-1 Civic Center,2010,895,0.997024569471
high,HENDERSON,004008,3 7 DARDEN,2014,official_vtd_exact_name_nhgis_blocks,0.95,3-3 Darden,2010,892,1.0
high,HENDERSON,004003,6 8 HIGH SCHOOL,2014,official_vtd_exact_name_nhgis_blocks,0.95,6-1 High School,2010,887,1.0
high,HENDERSON,004014,7 9 MIDDLEBURG,2014,official_vtd_exact_name_nhgis_blocks,0.95,7-1 Middleburg,2010,898,1.0
high,HENDERSON,004010,7 11 REAGAN,2014,official_vtd_exact_name_nhgis_blocks,0.95,7-2 Reagan,2010,894,1.0
high,HENDERSON,004015,7 12 SARDIS,2014,official_vtd_exact_name_nhgis_blocks,0.95,7-4 Sardis,2010,899,1.0
high,HENDERSON,004009,7 13 SCOTTS HILL,2014,official_vtd_exact_name_nhgis_blocks,0.95,7-3 Scotts Hill,2010,893,1.0
high,HENDERSON,004013,2 14 SOUTH HAVEN,2014,official_vtd_exact_name_nhgis_blocks,0.95,2-2 South Haven,2010,897,1.0
high,HENDERSON,004005,2 15 WESTOVER,2014,official_vtd_exact_name_nhgis_blocks,0.95,2-1 Westover,2010,889,1.0
high,HENRY,004101,1 1 PURYEAR,2014,official_vtd_code_and_name_nhgis_blocks,1.0,1-1 Puryear,2010,900,1.0
high,HENRY,004106,1 2 COTTAGE GROVE,2014,official_vtd_code_and_name_nhgis_blocks,1.0,1-2 Cottage Grove,2010,905,1.0
high,HENRY,004107,1 3 BUCHANAN,2014,official_vtd_code_and_name_nhgis_blocks,1.0,1-3 Buchanan,2010,906,1.0
high,HENRY,004108,2 1 HENRY,2014,official_vtd_code_and_name_nhgis_blocks,1.0,2-1 Henry,2010,907,1.0
high,HENRY,004102,2 2 MANSFIELD,2014,official_vtd_code_and_name_nhgis_blocks,1.0,2-2 Mansfield,2010,901,1.0
high,HENRY,004113,2 3 OAKLAND,2014,official_vtd_code_and_name_nhgis_blocks,1.0,2-3 Oakland,2010,912,1.0
high,HENRY,004112,3 1 RUSSWOOD,2014,official_vtd_code_and_name_nhgis_blocks,1.0,3-1 Russwood,2010,911,1.0
high,HENRY,004111,3 2 SPRINGVILLE,2014,official_vtd_code_and_name_nhgis_blocks,1.0,3-2 Springville,2010,910,1.0
high,HENRY,004103,3 3 LAKEWOOD,2014,official_vtd_exact_label_code_nhgis_blocks,0.97,3-3 Jones Chapel,2010,902,1.0
high,HENRY,004110,4 1 GROVE,2014,official_vtd_code_and_name_nhgis_blocks,1.0,4-1 Grove,2010,909,1.0
high,HENRY,004104,4 2 CITY HALL,2014,official_vtd_code_and_name_nhgis_blocks,1.0,4-2 City Hall,2010,903,1.0
high,HENRY,004103,5 1 HENRY CO HIGH,2014,official_vtd_exact_label_code_nhgis_blocks,0.97,5-1 HC High School,2010,904,0.001280115359
high,HENRY,004104,5 1 HENRY CO HIGH,2014,official_vtd_exact_label_code_nhgis_blocks,0.97,5-1 HC High School,2010,904,7.5698547e-05
high,HENRY,004105,5 1 HENRY CO HIGH,2014,official_vtd_exact_label_code_nhgis_blocks,0.97,5-1 HC High School,2010,904,0.998644186094
high,HENRY,004105,5 2 TN TECH CENTER,2014,official_vtd_exact_label_code_nhgis_blocks,0.97,5-2 Vo-Tech,2010,908,0.003788838781
high,HENRY,004109,5 2 TN TECH CENTER,2014,official_vtd_exact_label_code_nhgis_blocks,0.97,5-2 Vo-Tech,2010,908,0.996211161219
high,HICKMAN,004212,1 1 NUNNELLY,2014,official_vtd_code_and_name_nhgis_blocks,1.0,01-1 Nunnelly,2010,924,1.0
high,HICKMAN,004201,1 2 PINEWOOD,2014,official_vtd_code_and_name_nhgis_blocks,1.0,01-2 Pinewood,2010,913,1.0
high,HICKMAN,004205,2 2 FAIRFIELD,2014,official_vtd_code_and_name_nhgis_blocks,1.0,02-2 Fairfield,2010,917,1.0
high,HICKMAN,004204,2 3 EAST BANK,2014,official_vtd_code_and_name_nhgis_blocks,1.0,02-3 East Bank,2010,916,1.0
high,HICKMAN,004202,3 1 EAST CC,2014,official_vtd_exact_label_code_nhgis_blocks,0.97,03-1 East Community Center,2010,914,1.0
high,HICKMAN,004203,4 1 LAKE BENSON,2014,official_vtd_exact_label_code_nhgis_blocks,0.97,04-1 Lake Benson Camp,2010,915,1.0
high,HICKMAN,004206,5 1 MT PLEASANT,2014,official_vtd_code_and_name_nhgis_blocks,1.0,05-1 Mt. Pleasant,2010,918,1.0
high,HICKMAN,004207,5 2 MIDDLE SCHOOL,2014,official_vtd_code_and_name_nhgis_blocks,1.0,05-2 Middle School,2010,919,0.95938120905
high,HICKMAN,004209,5 2 MIDDLE SCHOOL,2014,official_vtd_code_and_name_nhgis_blocks,1.0,05-2 Middle School,2010,919,0.04061879095
high,HICKMAN,004208,5 3 SHADY GROVE,2014,official_vtd_code_and_name_nhgis_blocks,1.0,05-3 Shady Grove,2010,920,1.0
high,HICKMAN,004205,6 1 JUSTICE CENTER,2014,official_vtd_code_and_name_nhgis_blocks,1.0,06-1 Justice Center,2010,921,0.000245328795
high,HICKMAN,004207,6 1 JUSTICE CENTER,2014,official_vtd_code_and_name_nhgis_blocks,1.0,06-1 Justice Center,2010,921,0.013409846019
high,HICKMAN,004209,6 1 JUSTICE CENTER,2014,official_vtd_code_and_name_nhgis_blocks,1.0,06-1 Justice Center,2010,921,0.934067488886
high,HICKMAN,004210,6 1 JUSTICE CENTER,2014,official_vtd_code_and_name_nhgis_blocks,1.0,06-1 Justice Center,2010,921,0.003991857802
high,HICKMAN,004213,6 1 JUSTICE CENTER,2014,official_vtd_code_and_name_nhgis_blocks,1.0,06-1 Justice Center,2010,921,0.048285478498
high,HICKMAN,004209,7 1 NUNNELLY,2014,official_vtd_code_and_name_nhgis_blocks,1.0,07-1 Nunnelly,2010,925,0.004688165373
high,HICKMAN,004213,7 1 NUNNELLY,2014,official_vtd_code_and_name_nhgis_blocks,1.0,07-1 Nunnelly,2010,925,0.995311834627
high,HICKMAN,004211,7 2 PLEASANTVILLE,2014,official_vtd_code_and_name_nhgis_blocks,1.0,07-2 Pleasantville,2010,923,1.0
high,HICKMAN,004210,7 3 BRUSHY,2014,official_vtd_code_and_name_nhgis_blocks,1.0,07-3 Brushy,2010,922,1.0
high,HICKMAN,004214,7 4 COBLE,2014,official_vtd_code_and_name_nhgis_blocks,1.0,07-4 Coble,2010,926,1.0
high,HUMPHREYS,004408,1 1 JERA,2014,official_vtd_exact_label_code_nhgis_blocks,0.97,1-1 Jera Building,2010,941,1.0
high,HUMPHREYS,004404,1 2 FWOC,2014,official_vtd_exact_label_code_nhgis_blocks,0.97,1-2 Friendship,2010,937,1.0
high,HUMPHREYS,004401,2 3 WFCN,2014,official_vtd_code_and_name_nhgis_blocks,1.0,2-3 WFCN,2010,934,1.0
high,HUMPHREYS,004401,3 4 MLEC,2014,official_vtd_code_and_name_nhgis_blocks,1.0,3-4 MLEC,2010,936,0.001141265221
high,HUMPHREYS,004403,3 4 MLEC,2014,official_vtd_code_and_name_nhgis_blocks,1.0,3-4 MLEC,2010,936,0.991773267034
high,HUMPHREYS,004404,3 4 MLEC,2014,official_vtd_code_and_name_nhgis_blocks,1.0,3-4 MLEC,2010,936,0.004581083196
high,HUMPHREYS,004405,3 4 MLEC,2014,official_vtd_code_and_name_nhgis_blocks,1.0,3-4 MLEC,2010,936,0.002504384549
high,HUMPHREYS,004402,4 5 FUMC,2014,official_vtd_exact_label_code_nhgis_blocks,0.97,4-5 Safe Room,2010,935,0.998384432373
high,HUMPHREYS,004405,4 5 FUMC,2014,official_vtd_exact_label_code_nhgis_blocks,0.97,4-5 Safe Room,2010,935,0.001615567627
high,HUMPHREYS,004405,5 6 WILDWOOD,2014,official_vtd_code_and_name_nhgis_blocks,1.0,5-6 Wildwood,2010,938,1.0
high,HUMPHREYS,004406,6 7 SOUTH MCEWEN,2014,official_vtd_exact_label_code_nhgis_blocks,0.97,6-7 FBC,2010,939,1.0
high,HUMPHREYS,004406,7 8 NORTH MCEWEN,2014,official_vtd_exact_label_code_nhgis_blocks,0.97,7-8 CCC,2010,940,0.007322391769
high,HUMPHREYS,004407,7 8 NORTH MCEWEN,2014,official_vtd_exact_label_code_nhgis_blocks,0.97,7-8 CCC,2010,940,0.992677608231
high,JACKSON,004507,1 1,2014,official_vtd_code_and_name_nhgis_blocks,1.0,1-1,2010,948,1.0
high,JACKSON,004507,1 2,2014,official_vtd_code_and_name_nhgis_blocks,1.0,1-2,2010,949,0.004588322079
high,JACKSON,004508,1 2,2014,official_vtd_code_and_name_nhgis_blocks,1.0,1-2,2010,949,0.995411677921
high,JACKSON,004509,2 1,2014,official_vtd_code_and_name_nhgis_blocks,1.0,2-1,2010,950,1.0
high,JACKSON,004502,2 2,2014,official_vtd_code_and_name_nhgis_blocks,1.0,2-2,2010,943,1.0
high,JACKSON,004504,3 1,2014,official_vtd_code_and_name_nhgis_blocks,1.0,3-1,2010,945,1.0
high,JACKSON,004510,3 2,2014,official_vtd_code_and_name_nhgis_blocks,1.0,3-2,2010,951,1.0
high,JACKSON,004511,4 1,2014,official_vtd_code_and_name_nhgis_blocks,1.0,4-1,2010,952,1.0
high,JACKSON,004512,4 2,2014,official_vtd_code_and_name_nhgis_blocks,1.0,4-2,2010,953,1.0
high,JACKSON,004506,5 1,2014,official_vtd_code_and_name_nhgis_blocks,1.0,5-1,2010,947,1.0
high,JACKSON,004505,5 2,2014,official_vtd_code_and_name_nhgis_blocks,1.0,5-2,2010,946,1.0
high,JACKSON,004501,6 1,2014,official_vtd_code_and_name_nhgis_blocks,1.0,6-1,2010,942,1.0
high,JACKSON,004503,6 2,2014,official_vtd_code_and_name_nhgis_blocks,1.0,6-2,2010,944,1.0
high,JEFFERSON,004609,8 1 CHESTNUT HILL,2014,official_vtd_exact_label_code_nhgis_blocks,0.97,8-1 Old Chestnut Hill School,2010,962,0.998243071933
high,JEFFERSON,004611,8 1 CHESTNUT HILL,2014,official_vtd_exact_label_code_nhgis_blocks,0.97,8-1 Old Chestnut Hill School,2010,962,0.001756928067
high,JEFFERSON,004611,8 2 OLD SWANNY,2014,official_vtd_exact_label_code_nhgis_blocks,0.97,8-2 Old Swannsylvania School,2010,964,1.0
high,JOHNSON,004704,1A LAUREL,2014,official_vtd_exact_label_code_nhgis_blocks,0.97,1A,2010,968,1.0
high,JOHNSON,004708,1B COLD SPRINGS,2014,official_vtd_exact_label_code_nhgis_blocks,0.97,1B,2010,972,1.0
high,JOHNSON,004701,2 FORGE SHOUNS,2014,official_vtd_exact_label_code_nhgis_blocks,0.97,2,2010,965,0.997589584548
high,JOHNSON,004707,2 FORGE SHOUNS,2014,official_vtd_exact_label_code_nhgis_blocks,0.97,2,2010,965,0.002410415452
high,JOHNSON,004710,3A TRADE,2014,official_vtd_exact_label_code_nhgis_blocks,0.97,3A,2010,974,1.0
high,JOHNSON,004703,3B NEVA,2014,official_vtd_exact_label_code_nhgis_blocks,0.97,3B,2010,967,0.996928638319
high,JOHNSON,004707,3B NEVA,2014,official_vtd_exact_label_code_nhgis_blocks,0.97,3B,2010,967,0.003071361681
high,JOHNSON,004709,4A DRY RUN,2014,official_vtd_exact_label_code_nhgis_blocks,0.97,4A,2010,973,1.0
high,JOHNSON,004702,4B BUTLER,2014,official_vtd_exact_label_code_nhgis_blocks,0.97,4B,2010,966,1.0
high,JOHNSON,004705,5 DOE,2014,official_vtd_exact_label_code_nhgis_blocks,0.97,5,2010,969,0.998347015043
high,JOHNSON,004707,5 DOE,2014,official_vtd_exact_label_code_nhgis_blocks,0.97,5,2010,969,0.001652984957
high,JOHNSON,004706,6 SHADY,2014,official_vtd_exact_label_code_nhgis_blocks,0.97,6,2010,970,1.0
high,JOHNSON,004701,7 HIGH SCHOOL,2014,official_vtd_exact_label_code_nhgis_blocks,0.97,7,2010,971,0.002133885322
high,JOHNSON,004703,7 HIGH SCHOOL,2014,official_vtd_exact_label_code_nhgis_blocks,0.97,7,2010,971,0.004065764325
high,JOHNSON,004705,7 HIGH SCHOOL,2014,official_vtd_exact_label_code_nhgis_blocks,0.97,7,2010,971,0.000197695279
high,JOHNSON,004707,7 HIGH SCHOOL,2014,official_vtd_exact_label_code_nhgis_blocks,0.97,7,2010,971,0.992042039335
high,JOHNSON,004708,7 HIGH SCHOOL,2014,official_vtd_exact_label_code_nhgis_blocks,0.97,7,2010,971,0.001560615739
high,KNOX,004864,06 GREEN SCHOOL,2014,official_vtd_exact_label_code_nhgis_blocks,0.97,06,2010,1033,1.0
high,KNOX,004861,09 MOSES CENTER,2014,official_vtd_exact_label_code_nhgis_blocks,0.97,09,2010,1030,1.0
high,KNOX,004862,10N FORT SANDERS,2014,official_vtd_exact_label_code_nhgis_blocks,0.97,10-N,2010,1031,1.0
high,KNOX,004832,10S UNIVERSITY CENTER,2014,official_vtd_exact_label_code_nhgis_blocks,0.97,10-S,2010,1002,0.997921662937
high,KNOX,004893,10S UNIVERSITY CENTER,2014,official_vtd_exact_label_code_nhgis_blocks,0.97,10-S,2010,1002,0.002078337063
high,KNOX,004893,10W UNIVERSITY CENTER,2014,official_vtd_exact_label_code_nhgis_blocks,0.97,10-W,2010,1057,1.0
high,KNOX,004875,11 CENTRAL,2014,official_vtd_exact_label_code_nhgis_blocks,0.97,11,2010,1041,1.0
high,KNOX,004865,12 EASTPORT,2014,official_vtd_exact_label_code_nhgis_blocks,0.97,12,2010,1034,1.0
high,KNOX,004871,13 FAIR GARDEN,2014,official_vtd_exact_label_code_nhgis_blocks,0.97,13,2010,1038,1.0
high,KNOX,004873,14 AUSTIN EAST,2014,official_vtd_exact_label_code_nhgis_blocks,0.97,14,2010,1040,1.0
high,KNOX,004867,15 JOHN T O CONNOR,2014,official_vtd_exact_label_code_nhgis_blocks,0.97,15,2010,1035,1.0
high,KNOX,004883,16 LARRY COX SR CENTER,2014,official_vtd_exact_label_code_nhgis_blocks,0.97,16,2010,1048,1.0
high,KNOX,004876,17 CHRISTENBERRY,2014,official_vtd_exact_label_code_nhgis_blocks,0.97,17,2010,1042,1.0
high,KNOX,004877,18 LINCOLN PARK,2014,official_vtd_exact_label_code_nhgis_blocks,0.97,18,2010,1043,1.0
high,KNOX,004804,19E SOAR,2014,official_vtd_exact_label_code_nhgis_blocks,0.97,19-E,2010,978,0.996262039598
high,KNOX,004894,19E SOAR,2014,official_vtd_exact_label_code_nhgis_blocks,0.97,19-E,2010,978,0.003737960402
high,KNOX,004894,19W SOAR,2014,official_vtd_exact_label_code_nhgis_blocks,0.97,19-W,2010,1058,1.0
high,KNOX,004861,20 BEAUMONT,2014,official_vtd_exact_label_code_nhgis_blocks,0.97,20,2010,1032,0.002002517556
high,KNOX,004863,20 BEAUMONT,2014,official_vtd_exact_label_code_nhgis_blocks,0.97,20,2010,1032,0.997997482444
high,KNOX,004859,23 WESTVIEW,2014,official_vtd_exact_label_code_nhgis_blocks,0.97,23,2010,1028,0.993209431773
high,KNOX,004860,23 WESTVIEW,2014,official_vtd_exact_label_code_nhgis_blocks,0.97,23,2010,1028,0.006790568227
high,KNOX,004833,24Q SEQUOYAH HILLS,2014,official_vtd_exact_label_code_nhgis_blocks,0.97,24-Q,2010,1003,1.0
high,KNOX,004831,25 SOUTH KNOX CC,2014,official_vtd_exact_label_code_nhgis_blocks,0.97,25,2010,1001,1.0
high,KNOX,004809,26 DOGWOOD,2014,official_vtd_exact_label_code_nhgis_blocks,0.97,26,2010,982,0.793155620238
high,KNOX,004826,26 DOGWOOD,2014,official_vtd_exact_label_code_nhgis_blocks,0.97,26,2010,982,0.206844379762
high,KNOX,004827,27 SOUTH KNOX,2014,official_vtd_exact_label_code_nhgis_blocks,0.97,27,2010,999,1.0
high,KNOX,004826,29 ANDERSON,2014,official_vtd_exact_label_code_nhgis_blocks,0.97,29,2010,998,1.0
high,KNOX,004868,30 SARAH MOORE GREENE,2014,official_vtd_exact_label_code_nhgis_blocks,0.97,30,2010,1036,1.0
high,KNOX,004870,31 CHILHOWEE,2014,official_vtd_exact_label_code_nhgis_blocks,0.97,31,2010,1037,1.0
high,KNOX,004872,32 SPRING HILL,2014,official_vtd_exact_label_code_nhgis_blocks,0.97,32,2010,1039,1.0
high,KNOX,004884,33 RICHARD YOAKLEY,2014,official_vtd_exact_label_code_nhgis_blocks,0.97,33,2010,1049,1.0
high,KNOX,004882,34 FOUNTAIN CITY,2014,official_vtd_exact_label_code_nhgis_blocks,0.97,34,2010,1047,1.0
high,KNOX,004881,35 SHANNONDALE,2014,official_vtd_exact_label_code_nhgis_blocks,0.97,35,2010,1046,0.998560215502
high,KNOX,004885,35 SHANNONDALE,2014,official_vtd_exact_label_code_nhgis_blocks,0.97,35,2010,1046,0.001365695261
high,KNOX,004886,35 SHANNONDALE,2014,official_vtd_exact_label_code_nhgis_blocks,0.97,35,2010,1046,7.4089236e-05
high,KNOX,004880,36 GRESHAM,2014,official_vtd_exact_label_code_nhgis_blocks,0.97,36,2010,1045,1.0
high,KNOX,004879,37 INSKIP ELEMENTARY,2014,official_vtd_exact_label_code_nhgis_blocks,0.97,37,2010,1044,1.0
high,KNOX,004802,39 INSKIP REC CENTER,2014,official_vtd_exact_label_code_nhgis_blocks,0.97,39,2010,976,1.0
high,KNOX,004806,40 NORWOOD,2014,official_vtd_exact_label_code_nhgis_blocks,0.97,40,2010,980,1.0
high,KNOX,004803,41 NORWOOD,2014,official_vtd_exact_label_code_nhgis_blocks,0.97,41,2010,977,1.0
high,KNOX,004856,42 PLEASANT RIDGE,2014,official_vtd_exact_label_code_nhgis_blocks,0.97,42,2010,1025,1.0
high,KNOX,004857,43 WEST HAVEN,2014,official_vtd_exact_label_code_nhgis_blocks,0.97,43,2010,1026,1.0
high,KNOX,004855,44 RIDGEDALE,2014,official_vtd_exact_label_code_nhgis_blocks,0.97,44,2010,1024,1.0
high,KNOX,004854,45 BEARDEN MIDDLE,2014,official_vtd_exact_label_code_nhgis_blocks,0.97,45,2010,1023,1.0
high,KNOX,004838,46 WEST HILLS,2014,official_vtd_exact_label_code_nhgis_blocks,0.97,46,2010,1008,1.0
high,KNOX,004835,47 BEARDEN HIGH,2014,official_vtd_exact_label_code_nhgis_blocks,0.97,47,2010,1007,0.001121145584
high,KNOX,004837,47 BEARDEN HIGH,2014,official_vtd_exact_label_code_nhgis_blocks,0.97,47,2010,1007,0.998402851099
high,KNOX,004838,47 BEARDEN HIGH,2014,official_vtd_exact_label_code_nhgis_blocks,0.97,47,2010,1007,0.000476003318
high,KNOX,004801,48 POND GAP,2014,official_vtd_exact_label_code_nhgis_blocks,0.97,48,2010,975,0.994739148294
high,KNOX,004834,48 POND GAP,2014,official_vtd_exact_label_code_nhgis_blocks,0.97,48,2010,975,0.005260851706
high,KNOX,004834,49 BEARDEN ELEMENTARY,2014,official_vtd_exact_label_code_nhgis_blocks,0.97,49,2010,1004,1.0
high,KNOX,004858,50N WEST HIGH,2014,official_vtd_exact_label_code_nhgis_blocks,0.97,50-N,2010,1027,0.99865258926
high,KNOX,004860,50N WEST HIGH,2014,official_vtd_exact_label_code_nhgis_blocks,0.97,50-N,2010,1027,0.00134741074
high,KNOX,004860,50S WEST HIGH,2014,official_vtd_exact_label_code_nhgis_blocks,0.97,50-S,2010,1029,1.0
high,KNOX,004836,51 DEANE HILL REC CTR,2014,official_vtd_exact_label_code_nhgis_blocks,0.97,51,2010,1006,1.0
high,KNOX,004853,55 LONAS,2014,official_vtd_exact_label_code_nhgis_blocks,0.97,55,2010,1022,1.0
high,KNOX,004890,56 HEISKELL,2014,official_vtd_exact_label_code_nhgis_blocks,0.97,56,2010,1054,1.0
high,KNOX,004810,57 HILLS,2014,official_vtd_exact_label_code_nhgis_blocks,0.97,57,2010,983,1.0
high,KNOX,004895,58N PEDIGO,2014,official_vtd_exact_label_code_nhgis_blocks,0.97,58-N,2010,1059,1.0
high,KNOX,004891,58S PEDIGO,2014,official_vtd_exact_label_code_nhgis_blocks,0.97,58-S,2010,1055,0.998532864098
high,KNOX,004895,58S PEDIGO,2014,official_vtd_exact_label_code_nhgis_blocks,0.97,58-S,2010,1055,0.001467135902
high,KNOX,004887,59 BRICKEY,2014,official_vtd_exact_label_code_nhgis_blocks,0.97,59,2010,1052,1.0
high,KNOX,004811,60 FORT SUMPTER,2014,official_vtd_exact_label_code_nhgis_blocks,0.97,60,2010,984,1.0
high,KNOX,004886,61 HALLS,2014,official_vtd_exact_label_code_nhgis_blocks,0.97,61,2010,1051,1.0
high,KNOX,004844,62 HARDIN VALLEY,2014,official_vtd_exact_label_code_nhgis_blocks,0.97,62,2010,1013,1.0
high,KNOX,004848,63 KARNS,2014,official_vtd_exact_label_code_nhgis_blocks,0.97,63,2010,1017,1.0
high,KNOX,004849,63N KARNS NORTH,2014,official_vtd_exact_label_code_nhgis_blocks,0.97,63-N,2010,1018,1.0
high,KNOX,004846,64 SOLWAY,2014,official_vtd_exact_label_code_nhgis_blocks,0.97,64,2010,1015,1.0
high,KNOX,004805,65 CONCORD,2014,official_vtd_exact_label_code_nhgis_blocks,0.97,65,2010,1011,0.001123496399
high,KNOX,004841,65 CONCORD,2014,official_vtd_exact_label_code_nhgis_blocks,0.97,65,2010,1011,0.655106320369
high,KNOX,004842,65 CONCORD,2014,official_vtd_exact_label_code_nhgis_blocks,0.97,65,2010,1011,0.000261604483
high,KNOX,004896,65 CONCORD,2014,official_vtd_exact_label_code_nhgis_blocks,0.97,65,2010,1011,0.343508578748
high,KNOX,004845,65N CONCORD NORTH,2014,official_vtd_exact_label_code_nhgis_blocks,0.97,65-N,2010,1014,1.0
high,KNOX,004805,66N FARRAGUT I,2014,official_vtd_exact_label_code_nhgis_blocks,0.97,66-N,2010,979,1.0
high,KNOX,004842,66S FARRAGUT II,2014,official_vtd_exact_label_code_nhgis_blocks,0.97,66-S,2010,1012,1.0
high,KNOX,004850,67 NORTH CEDAR BLUFF,2014,official_vtd_exact_label_code_nhgis_blocks,0.97,67,2010,1021,0.005061962268
high,KNOX,004852,67 NORTH CEDAR BLUFF,2014,official_vtd_exact_label_code_nhgis_blocks,0.97,67,2010,1021,0.994938037732
high,KNOX,004850,68 SOUTH CEDAR BLUFF,2014,official_vtd_exact_label_code_nhgis_blocks,0.97,68,2010,1019,1.0
high,KNOX,004850,68E EAST CEDAR BLUFF,2014,official_vtd_exact_label_code_nhgis_blocks,0.97,68-E,2010,1020,0.015271994301
high,KNOX,004851,68E EAST CEDAR BLUFF,2014,official_vtd_exact_label_code_nhgis_blocks,0.97,68-E,2010,1020,0.984728005699
high,KNOX,004840,69N A L LOTTS,2014,official_vtd_exact_label_code_nhgis_blocks,0.97,69-N,2010,1010,0.615806512687
high,KNOX,004897,69N A L LOTTS,2014,official_vtd_exact_label_code_nhgis_blocks,0.97,69-N,2010,1010,0.384193487313
high,KNOX,004807,69S BLUEGRASS,2014,official_vtd_exact_label_code_nhgis_blocks,0.97,69-S,2010,1009,0.210067132575
high,KNOX,004839,69S BLUEGRASS,2014,official_vtd_exact_label_code_nhgis_blocks,0.97,69-S,2010,1009,0.789932867425
high,KNOX,004828,70 BALL CAMP,2014,official_vtd_exact_label_code_nhgis_blocks,0.97,70,2010,1016,0.514621631575
high,KNOX,004846,70 BALL CAMP,2014,official_vtd_exact_label_code_nhgis_blocks,0.97,70,2010,1016,3.9419354e-05
high,KNOX,004847,70 BALL CAMP,2014,official_vtd_exact_label_code_nhgis_blocks,0.97,70,2010,1016,0.48533894907
high,KNOX,004835,71 ROCKY HILL,2014,official_vtd_exact_label_code_nhgis_blocks,0.97,71,2010,1005,1.0
high,KNOX,004888,72 DANTE,2014,official_vtd_exact_label_code_nhgis_blocks,0.97,72,2010,1053,1.0
high,KNOX,004887,73 POWELL,2014,official_vtd_exact_label_code_nhgis_blocks,0.97,73,2010,1056,0.003823714326
high,KNOX,004890,73 POWELL,2014,official_vtd_exact_label_code_nhgis_blocks,0.97,73,2010,1056,8.706449e-06
high,KNOX,004892,73 POWELL,2014,official_vtd_exact_label_code_nhgis_blocks,0.97,73,2010,1056,0.996167579225
high,KNOX,004881,74 SHANNONDALE,2014,official_vtd_exact_label_code_nhgis_blocks,0.97,74,2010,1050,0.00577979866
high,KNOX,004885,74 SHANNONDALE,2014,official_vtd_exact_label_code_nhgis_blocks,0.97,74,2010,1050,0.99422020134
high,KNOX,004818,76 SUNNYVIEW,2014,official_vtd_exact_label_code_nhgis_blocks,0.97,76,2010,991,1.0
high,KNOX,004821,77 RAMSEY,2014,official_vtd_exact_label_code_nhgis_blocks,0.97,77,2010,994,1.0
high,KNOX,004819,78 RIVERDALE,2014,official_vtd_exact_label_code_nhgis_blocks,0.97,78,2010,992,1.0
high,KNOX,004820,79 DORA KENNEDY,2014,official_vtd_exact_label_code_nhgis_blocks,0.97,79,2010,993,1.0
high,KNOX,004813,80 CORRYTON,2014,official_vtd_exact_label_code_nhgis_blocks,0.97,80,2010,986,1.0
high,KNOX,004812,81 GIBBS,2014,official_vtd_exact_label_code_nhgis_blocks,0.97,81,2010,985,1.0
high,KNOX,004816,82 ELLISTOWN,2014,official_vtd_exact_label_code_nhgis_blocks,0.97,82,2010,989,1.0
high,KNOX,004808,84 RITTA,2014,official_vtd_exact_label_code_nhgis_blocks,0.97,84,2010,981,1.0
high,KNOX,004814,85 SKAGGSTON,2014,official_vtd_exact_label_code_nhgis_blocks,0.97,85,2010,987,0.996648903286
high,KNOX,004815,85 SKAGGSTON,2014,official_vtd_exact_label_code_nhgis_blocks,0.97,85,2010,987,0.003351096714
high,KNOX,004814,86 CARTER,2014,official_vtd_exact_label_code_nhgis_blocks,0.97,86,2010,988,0.012356291498
high,KNOX,004815,86 CARTER,2014,official_vtd_exact_label_code_nhgis_blocks,0.97,86,2010,988,0.987643708502
high,KNOX,004817,87 THORNGROVE,2014,official_vtd_exact_label_code_nhgis_blocks,0.97,87,2010,990,1.0
high,KNOX,004829,89 MT OLIVE,2014,official_vtd_exact_label_code_nhgis_blocks,0.97,89,2010,1000,1.0
high,KNOX,004824,90 BONNY KATE,2014,official_vtd_exact_label_code_nhgis_blocks,0.97,90,2010,997,1.0
high,KNOX,004822,92 GAP CREEK,2014,official_vtd_exact_label_code_nhgis_blocks,0.97,92,2010,995,1.0
high,KNOX,004823,93 HOPEWELL,2014,official_vtd_exact_label_code_nhgis_blocks,0.97,93,2010,996,1.0
high,LAKE,004951,1 TIPTONVILLE SR CITIZENS,2014,official_vtd_exact_label_code_nhgis_blocks,0.97,1 Tiptonville Senior Center,2010,1060,1.0
high,LAKE,004952,2 COURTHOUSE,2014,official_vtd_exact_label_code_nhgis_blocks,0.97,2 Lake County Courthouse,2010,1061,1.0
high,LAKE,004953,3 LAKE CO MIDDLE,2014,official_vtd_exact_label_code_nhgis_blocks,0.97,3 Lake County Middle School,2010,1062,1.0
medium,LAUDERDALE,005064,HENNING 1,2014,official_vtd_fuzzy_name_nhgis_blocks,0.7875,Henning,2010,1076,1.0
medium,LAUDERDALE,005058,MCBRIDE 1,2014,official_vtd_fuzzy_name_nhgis_blocks,0.7875,McBride,2010,1070,1.0
high,LAUDERDALE,005054,RIPLEY 2,2014,official_vtd_exact_name_nhgis_blocks,0.95,Ripley 2,2010,1066,1.0
high,LAUDERDALE,005057,RIPLEY 3,2014,official_vtd_exact_name_nhgis_blocks,0.95,Ripley 3,2010,1069,1.0
high,LAUDERDALE,005056,RIPLEY 4,2014,official_vtd_exact_name_nhgis_blocks,0.95,Ripley 4,2010,1068,1.0
medium,LAUDERDALE,005060,LIGHTFOOT 5,2014,official_vtd_fuzzy_name_nhgis_blocks,0.81,Lightfoot,2010,1072,1.0
medium,LAUDERDALE,005051,CENTRAL 6,2014,official_vtd_fuzzy_name_nhgis_blocks,0.7875,Central,2010,1063,1.0
medium,LAUDERDALE,005053,NANKIPOO 7,2014,official_vtd_fuzzy_name_nhgis_blocks,0.8,Nankipoo,2010,1074,1.0
high,LAUDERDALE,005063,HALLS 8,2014,official_vtd_exact_name_nhgis_blocks,0.95,Halls 8,2010,1075,1.0
high,LAWRENCE,005170,01 1 ST JOSEPH,2014,official_vtd_code_and_name_nhgis_blocks,1.0,1-1 St. Joseph,2010,1096,1.0
high,LAWRENCE,005154,01 2 WEST LORETTO,2014,official_vtd_code_and_name_nhgis_blocks,1.0,1-2 West Loretto,2010,1080,1.0
high,LAWRENCE,005151,02 1 LORETTO CIV CTR,2014,official_vtd_exact_label_code_nhgis_blocks,0.97,2-1 Loretto Civic Center,2010,1077,1.0
high,LAWRENCE,005153,03 1 SE LAWRENCE,2014,official_vtd_exact_label_code_nhgis_blocks,0.97,3-1 South East Lawrence,2010,1079,1.0
high,LAWRENCE,005169,03 2 CENTERPOINT,2014,official_vtd_code_and_name_nhgis_blocks,1.0,3-2 Centerpoint,2010,1095,1.0
high,LAWRENCE,005152,04 1 CROSSROADS,2014,official_vtd_exact_label_code_nhgis_blocks,0.97,4-1 Crossroads Fire Hall,2010,1078,1.0
high,LAWRENCE,005155,05 1 LEOMA,2014,official_vtd_exact_label_code_nhgis_blocks,0.97,5-1 Leoma School Gym,2010,1081,0.998693081489
high,LAWRENCE,005157,05 1 LEOMA,2014,official_vtd_exact_label_code_nhgis_blocks,0.97,5-1 Leoma School Gym,2010,1081,0.001306918511
high,LAWRENCE,005156,05 2 GANDY,2014,official_vtd_code_and_name_nhgis_blocks,1.0,5-2 Gandy,2010,1098,0.003146127894
high,LAWRENCE,005172,05 2 GANDY,2014,official_vtd_code_and_name_nhgis_blocks,1.0,5-2 Gandy,2010,1098,0.996853872106
high,LAWRENCE,005170,06 1 IRON CITY,2014,official_vtd_code_and_name_nhgis_blocks,1.0,6-1 Iron City,2010,1097,0.001142235919
high,LAWRENCE,005171,06 1 IRON CITY,2014,official_vtd_code_and_name_nhgis_blocks,1.0,6-1 Iron City,2010,1097,0.998857764081
high,LAWRENCE,005156,06 2 WEST POINT,2014,official_vtd_code_and_name_nhgis_blocks,1.0,6-2 West Point,2010,1082,1.0
high,LAWRENCE,005157,07 1 LAWRENCEBURG,2014,official_vtd_exact_label_code_nhgis_blocks,0.97,7-1 Lawrenceburg Public,2010,1083,1.0
high,LAWRENCE,005158,08 1 NEW PROSPECT,2014,official_vtd_code_and_name_nhgis_blocks,1.0,8-1 New Prospect,2010,1084,1.0
high,LAWRENCE,005173,09 1 ETHRIDGE,2014,official_vtd_code_and_name_nhgis_blocks,1.0,9-1 Ethridge,2010,1099,1.0
high,LAWRENCE,005159,09 2 MARS HILL,2014,official_vtd_code_and_name_nhgis_blocks,1.0,9-2 Mars Hill,2010,1085,1.0
high,LAWRENCE,005160,10 1 HOWARDS,2014,official_vtd_code_and_name_nhgis_blocks,1.0,10-1 Howards,2010,1086,1.0
high,LAWRENCE,005161,11 1 SUMMERTOWN,2014,official_vtd_code_and_name_nhgis_blocks,1.0,11-1 Summertown,2010,1087,1.0
high,LAWRENCE,005174,12 1 CENTER,2014,official_vtd_exact_label_code_nhgis_blocks,0.97,12-1 Prince Tree Service,2010,1100,1.0
high,LAWRENCE,005162,12 2 HENRYVILLE,2014,official_vtd_exact_label_code_nhgis_blocks,0.97,12-2 Henryville Community Club,2010,1088,1.0
high,LAWRENCE,005163,13 1 WEST END,2014,official_vtd_code_and_name_nhgis_blocks,1.0,13-1 West End,2010,1089,1.0
high,LAWRENCE,005164,14 1 CRAWFISH VALLEY,2014,official_vtd_code_and_name_nhgis_blocks,1.0,14-1 Crawfish Valley,2010,1090,1.0
high,LAWRENCE,005165,15 1 DAVID CROCKETT,2014,official_vtd_code_and_name_nhgis_blocks,1.0,15-1 David Crockett,2010,1091,1.0
high,LAWRENCE,005166,16 1 ROTARY PARK,2014,official_vtd_code_and_name_nhgis_blocks,1.0,16-1 Rotary Park,2010,1092,1.0
high,LAWRENCE,005167,17 1 SOWELL,2014,official_vtd_code_and_name_nhgis_blocks,1.0,17-1 Sowell,2010,1093,1.0
high,LAWRENCE,005168,18 1 E O COFFMAN,2014,official_vtd_code_and_name_nhgis_blocks,1.0,18-1 E.O. Coffman,2010,1094,1.0
high,LEWIS,005254,1 1,2014,official_vtd_code_and_name_nhgis_blocks,1.0,1-1,2010,1104,1.0
high,LEWIS,005251,2 1,2014,official_vtd_code_and_name_nhgis_blocks,1.0,2-1,2010,1101,1.0
high,LEWIS,005253,3 1,2014,official_vtd_code_and_name_nhgis_blocks,1.0,3-1,2010,1103,1.0
high,LEWIS,005252,4 1,2014,official_vtd_code_and_name_nhgis_blocks,1.0,4-1,2010,1102,1.0
high,LEWIS,005255,5 1,2014,official_vtd_code_and_name_nhgis_blocks,1.0,5-1,2010,1105,1.0
high,LEWIS,005256,6 1,2014,official_vtd_code_and_name_nhgis_blocks,1.0,6-1,2010,1106,1.0
high,LEWIS,005252,7 1,2014,official_vtd_code_and_name_nhgis_blocks,1.0,7-1,2010,1107,0.010368312545
high,LEWIS,005257,7 1,2014,official_vtd_code_and_name_nhgis_blocks,1.0,7-1,2010,1107,0.963583594289
high,LEWIS,005259,7 1,2014,official_vtd_code_and_name_nhgis_blocks,1.0,7-1,2010,1107,0.026048093166
high,LEWIS,005257,8 1,2014,official_vtd_code_and_name_nhgis_blocks,1.0,8-1,2010,1108,0.003160958169
high,LEWIS,005258,8 1,2014,official_vtd_code_and_name_nhgis_blocks,1.0,8-1,2010,1108,0.996839041831
high,LEWIS,005257,9 1,2014,official_vtd_code_and_name_nhgis_blocks,1.0,9-1,2010,1109,0.002757251451
high,LEWIS,005259,9 1,2014,official_vtd_code_and_name_nhgis_blocks,1.0,9-1,2010,1109,0.997242748549
high,LINCOLN,000003,1 1 BLANCHE,2014,official_vtd_exact_name_nhgis_blocks,0.95,Blanche,2010,1113,1.0
high,LINCOLN,000015,1 2 MOLINO,2014,official_vtd_exact_name_nhgis_blocks,0.95,Molino,2010,1110,1.0
high,LINCOLN,000010,2 2 HOWELL,2014,official_vtd_exact_name_nhgis_blocks,0.95,Howell,2010,1114,1.0
high,LINCOLN,000017,2 3 PETERSBURG,2014,official_vtd_exact_name_nhgis_blocks,0.95,Petersburg,2010,1115,1.0
high,LINCOLN,000012,3 2 LIBERTY,2014,official_vtd_exact_name_nhgis_blocks,0.95,Liberty,2010,1117,1.0
high,LINCOLN,000014,4 1 MARANATHA,2014,official_vtd_exact_name_nhgis_blocks,0.95,Maranatha,2010,1118,1.0
medium,LINCOLN,000019,8 1 LINCOLN,2014,official_vtd_fuzzy_name_nhgis_blocks,0.7875,South Lincoln,2010,1129,1.0
high,LOUDON,005459,LOUDON MT ZION,2014,official_vtd_exact_name_nhgis_blocks,0.95,Loudon Mt Zion,2010,1138,1.0
high,LOUDON,005452,LOUDON,2014,official_vtd_exact_name_nhgis_blocks,0.95,Loudon,2010,1132,0.026282534223
high,LOUDON,005453,LOUDON,2014,official_vtd_exact_name_nhgis_blocks,0.95,Loudon,2010,1132,0.973717465777
high,LOUDON,005452,LOUDON OUTSIDE,2014,official_vtd_exact_name_nhgis_blocks,0.95,Loudon Outside,2010,1131,0.998503549767
high,LOUDON,005453,LOUDON OUTSIDE,2014,official_vtd_exact_name_nhgis_blocks,0.95,Loudon Outside,2010,1131,0.001496450233
high,LOUDON,005460,LENOIR CITY,2014,official_vtd_exact_name_nhgis_blocks,0.95,Lenoir City,2010,1139,0.988254219682
high,LOUDON,005461,LENOIR CITY,2014,official_vtd_exact_name_nhgis_blocks,0.95,Lenoir City,2010,1139,0.010906903379
high,LOUDON,005462,LENOIR CITY,2014,official_vtd_exact_name_nhgis_blocks,0.95,Lenoir City,2010,1139,0.000838876938
high,LOUDON,005460,LENOIR CITY OUTSIDE,2014,official_vtd_exact_name_nhgis_blocks,0.95,Lenoir City Outside,2010,1140,0.004590596991
high,LOUDON,005461,LENOIR CITY OUTSIDE,2014,official_vtd_exact_name_nhgis_blocks,0.95,Lenoir City Outside,2010,1140,0.995409403009
high,LOUDON,005456,GREENBACK,2014,official_vtd_exact_name_nhgis_blocks,0.95,Greenback,2010,1135,1.0
high,LOUDON,005457,GLENDALE,2014,official_vtd_exact_name_nhgis_blocks,0.95,Glendale,2010,1136,1.0
high,LOUDON,005455,DAVIS,2014,official_vtd_exact_name_nhgis_blocks,0.95,Davis,2010,1134,1.0
high,LOUDON,005451,LUTTRELL,2014,official_vtd_exact_name_nhgis_blocks,0.95,Luttrell,2010,1130,1.0
high,LOUDON,005454,PHILADELPHIA,2014,official_vtd_exact_name_nhgis_blocks,0.95,Philadelphia,2010,1133,1.0
high,LOUDON,005461,BROWDER,2014,official_vtd_exact_name_nhgis_blocks,0.95,Browder,2010,1141,0.006769189232
high,LOUDON,005462,BROWDER,2014,official_vtd_exact_name_nhgis_blocks,0.95,Browder,2010,1141,0.993217198303
high,LOUDON,005463,BROWDER,2014,official_vtd_exact_name_nhgis_blocks,0.95,Browder,2010,1141,1.3612465e-05
medium,LOUDON,005463,EATON,2014,official_vtd_fuzzy_name_nhgis_blocks,0.8182,Eatons,2010,1142,1.0
high,LOUDON,005458,HIGHLAND PARK,2014,official_vtd_exact_name_nhgis_blocks,0.95,Highland Park,2010,1137,1.0
high,MADISON,005671,2 1 ALEXANDER,2014,official_vtd_exact_label_code_nhgis_blocks,0.97,2-1 Alexander Elementary School,2010,1175,1.0
high,MADISON,005673,2 2 ALDERSGATE,2014,official_vtd_exact_label_code_nhgis_blocks,0.97,2-2 Aldersgate United Methodist Church,2010,1177,1.0
high,MADISON,005672,2 3 TIGRETT MIDDLE,2014,official_vtd_exact_label_code_nhgis_blocks,0.97,2-3 Tigrett School,2010,1176,1.0
high,MADISON,005677,3 1 BOARD OF EDUC,2014,official_vtd_exact_label_code_nhgis_blocks,0.97,3-1 Madison Co Board of Ed.,2010,1181,1.0
high,MADISON,005679,3 2 OLD BELLS RD 10,2014,official_vtd_exact_label_code_nhgis_blocks,0.97,3-2 Old Bells Fire Station,2010,1183,1.0
high,MADISON,005678,3 3 J CIL,2014,official_vtd_exact_label_code_nhgis_blocks,0.97,3-3 Jackson Center for Ind. Living,2010,1182,1.0
high,MADISON,005676,4 1 MASONIC LODGE,2014,official_vtd_exact_label_code_nhgis_blocks,0.97,4-1 Masonic Temple Lodge #45,2010,1180,1.0
high,MADISON,005674,4 2 ANDREW JACKSON,2014,official_vtd_exact_label_code_nhgis_blocks,0.97,4-2 Andrew Jackson School,2010,1178,1.0
high,MADISON,005675,4 3 FESTIVITIES,2014,official_vtd_exact_label_code_nhgis_blocks,0.97,4-3 Festivities Events Place,2010,1179,1.0
high,MADISON,005653,5 1 WHITEHALL,2014,official_vtd_exact_label_code_nhgis_blocks,0.97,5-1 Whitehall Elementary School,2010,1157,1.0
high,MADISON,005654,5 2 MACEDONIA,2014,official_vtd_exact_label_code_nhgis_blocks,0.97,5-2 Macedonia Baptist Church,2010,1158,0.998960030384
high,MADISON,005667,5 2 MACEDONIA,2014,official_vtd_exact_label_code_nhgis_blocks,0.97,5-2 Macedonia Baptist Church,2010,1158,0.001039969616
high,MADISON,005655,5 3 NORTH PARKWAY,2014,official_vtd_exact_label_code_nhgis_blocks,0.97,5-3 North Parkway School,2010,1159,0.825663774254
high,MADISON,005667,5 3 NORTH PARKWAY,2014,official_vtd_exact_label_code_nhgis_blocks,0.97,5-3 North Parkway School,2010,1159,0.157980955948
high,MADISON,005668,5 3 NORTH PARKWAY,2014,official_vtd_exact_label_code_nhgis_blocks,0.97,5-3 North Parkway School,2010,1159,0.016355269798
high,MADISON,005682,6 1 SOUTH SIDE,2014,official_vtd_exact_label_code_nhgis_blocks,0.97,6-1 South Side High School,2010,1186,1.0
high,MADISON,005662,6 2 SOUTH,2014,official_vtd_exact_label_code_nhgis_blocks,0.97,6-2 South Elementary School,2010,1166,1.0
high,MADISON,005660,6 3 MALESUS,2014,official_vtd_exact_label_code_nhgis_blocks,0.97,6-3 Malesus Community Center,2010,1164,0.988559781546
high,MADISON,005682,6 3 MALESUS,2014,official_vtd_exact_label_code_nhgis_blocks,0.97,6-3 Malesus Community Center,2010,1164,0.011440218454
high,MADISON,005661,6 4 MEDON,2014,official_vtd_exact_label_code_nhgis_blocks,0.97,6-4 Medon City Hall,2010,1165,1.0
high,MADISON,005656,7 1 UT EXPERIMENT,2014,official_vtd_exact_label_code_nhgis_blocks,0.97,7-1 UT Agricultural Experiment Station,2010,1160,0.994263388805
high,MADISON,005657,7 1 UT EXPERIMENT,2014,official_vtd_exact_label_code_nhgis_blocks,0.97,7-1 UT Agricultural Experiment Station,2010,1160,0.004897379829
high,MADISON,005677,7 1 UT EXPERIMENT,2014,official_vtd_exact_label_code_nhgis_blocks,0.97,7-1 UT Agricultural Experiment Station,2010,1160,0.000839231367
high,MADISON,005657,7 2 TN TECH CTR,2014,official_vtd_exact_label_code_nhgis_blocks,0.97,7-2 TN Technology Center,2010,1161,1.0
high,MADISON,005658,7 3 DENMARK,2014,official_vtd_exact_label_code_nhgis_blocks,0.97,7-3 Denmark West Community Center,2010,1162,1.0
high,MADISON,005659,7 4 MERCER,2014,official_vtd_exact_label_code_nhgis_blocks,0.97,7-4 Mercer Fire Station,2010,1163,1.0
high,MADISON,005666,8 1 BEECH BLUFF,2014,official_vtd_exact_label_code_nhgis_blocks,0.97,8-1 Beech Bluff Baptist Church,2010,1170,1.0
high,MADISON,005667,8 2 BROWNS,2014,official_vtd_exact_label_code_nhgis_blocks,0.97,8-2 Browns United Methodist Church,2010,1171,1.0
high,MADISON,005665,8 3 MIFFLIN,2014,official_vtd_exact_label_code_nhgis_blocks,0.97,8-3 Mifflin Road Fire Station,2010,1169,1.0
high,MADISON,005664,8 4 EAST UNION,2014,official_vtd_exact_label_code_nhgis_blocks,0.97,8-4 East Union Ruritan Center,2010,1168,1.0
high,MADISON,005663,8 5 LESTERS,2014,official_vtd_exact_label_code_nhgis_blocks,0.97,8-5 Lesters Fire Station,2010,1167,1.0
high,MADISON,005680,9 1 VFW,2014,official_vtd_code_and_name_nhgis_blocks,1.0,9-1 VFW,2010,1184,1.0
high,MADISON,005669,9 2 POPE,2014,official_vtd_exact_label_code_nhgis_blocks,0.97,9-2 Pope Elementary School,2010,1185,0.000655851224
high,MADISON,005680,9 2 POPE,2014,official_vtd_exact_label_code_nhgis_blocks,0.97,9-2 Pope Elementary School,2010,1185,0.004835051129
high,MADISON,005681,9 2 POPE,2014,official_vtd_exact_label_code_nhgis_blocks,0.97,9-2 Pope Elementary School,2010,1185,0.994509097646
high,MADISON,005670,9 3 THREE WAY,2014,official_vtd_exact_label_code_nhgis_blocks,0.97,9-3 Three Way City Meeting Room,2010,1174,1.0
high,MADISON,005668,10 3 NORTH SIDE,2014,official_vtd_exact_label_code_nhgis_blocks,0.97,10-3 North Side High School,2010,1173,0.017740285403
high,MADISON,005669,10 3 NORTH SIDE,2014,official_vtd_exact_label_code_nhgis_blocks,0.97,10-3 North Side High School,2010,1173,0.935601796209
high,MADISON,005681,10 3 NORTH SIDE,2014,official_vtd_exact_label_code_nhgis_blocks,0.97,10-3 North Side High School,2010,1173,0.046657918388
high,MARION,005764,SOUTH PITTSBURG,2014,official_vtd_exact_name_nhgis_blocks,0.95,South Pittsburg,2010,1188,1.0
high,MARION,005758,NEW HOPE,2014,official_vtd_exact_name_nhgis_blocks,0.95,New Hope,2010,1196,1.0
high,MARION,005759,ORME,2014,official_vtd_exact_name_nhgis_blocks,0.95,Orme,2010,1189,1.0
high,MARION,005756,LODGE,2014,official_vtd_exact_name_nhgis_blocks,0.95,Lodge,2010,1190,1.0
high,MARION,005755,BATTLE CREEK,2014,official_vtd_exact_name_nhgis_blocks,0.95,Battle Creek,2010,1193,0.997906222764
high,MARION,005757,BATTLE CREEK,2014,official_vtd_exact_name_nhgis_blocks,0.95,Battle Creek,2010,1193,0.002093777236
high,MARION,005757,MONTEAGLE,2014,official_vtd_exact_name_nhgis_blocks,0.95,Monteagle,2010,1192,1.0
high,MARION,005755,KIMBALL,2014,official_vtd_exact_name_nhgis_blocks,0.95,Kimball,2010,1191,1.0
high,MARION,005754,SHELLMOUND,2014,official_vtd_exact_name_nhgis_blocks,0.95,Shellmound,2010,1195,0.001702398736
high,MARION,005763,SHELLMOUND,2014,official_vtd_exact_name_nhgis_blocks,0.95,Shellmound,2010,1195,0.998297601264
medium,MARION,005753,HALETOWN LADD,2014,official_vtd_fuzzy_name_nhgis_blocks,0.8667,Haletown-Ladds,2010,1197,1.0
high,MARION,005752,JASPER,2014,official_vtd_exact_name_nhgis_blocks,0.95,Jasper,2010,1194,0.001061848511
high,MARION,005754,JASPER,2014,official_vtd_exact_name_nhgis_blocks,0.95,Jasper,2010,1194,0.990374183089
high,MARION,005755,JASPER,2014,official_vtd_exact_name_nhgis_blocks,0.95,Jasper,2010,1194,0.0085639684
high,MARION,005754,CEDAR GROVE,2014,official_vtd_exact_name_nhgis_blocks,0.95,Cedar Grove,2010,1198,1.0
high,MARION,005752,FOSTER FALLS,2014,official_vtd_exact_name_nhgis_blocks,0.95,Foster Falls,2010,1201,1.0
high,MARION,005762,SEQUATCHIE,2014,official_vtd_exact_name_nhgis_blocks,0.95,Sequatchie,2010,1203,1.0
high,MARION,005762,MINERAL SPRINGS,2014,official_vtd_exact_name_nhgis_blocks,0.95,Mineral Springs,2010,1199,1.0
medium,MARION,005765,WALDEN S RIDGE,2014,official_vtd_fuzzy_name_nhgis_blocks,0.8667,Waldens Ridge,2010,1205,1.0
high,MARION,003421,ELDER MOUNTAIN,2014,official_vtd_exact_name_nhgis_blocks,0.95,Elder Mountain,2010,1200,0.063302954979
high,MARION,005751,ELDER MOUNTAIN,2014,official_vtd_exact_name_nhgis_blocks,0.95,Elder Mountain,2010,1200,0.936697045021
high,MARION,005761,RIVER CANYON,2014,official_vtd_exact_name_nhgis_blocks,0.95,River Canyon,2010,1206,1.0
high,MARION,005766,WHITWELL,2014,official_vtd_exact_name_nhgis_blocks,0.95,Whitwell,2010,1207,1.0
medium,MARION,005760,POWELLS CROSSROAD,2014,official_vtd_fuzzy_name_nhgis_blocks,0.8743,Powells Crossroads,2010,1204,1.0
high,MARSHALL,005854,1 CHAPEL HILL,2014,official_vtd_exact_name_nhgis_blocks,0.95,Chapel Hill,2010,1211,1.0
high,MARSHALL,005853,3 BELFAST,2014,official_vtd_exact_name_nhgis_blocks,0.95,Belfast,2010,1210,1.0
high,MARSHALL,005852,4 CORNERSVILLE,2014,official_vtd_exact_name_nhgis_blocks,0.95,Cornersville,2010,1209,1.0
high,MARSHALL,005855,5 RECREATION CENTER,2014,official_vtd_exact_name_nhgis_blocks,0.95,Recreation Center,2010,1212,1.0
high,MARSHALL,005859,9 MCKNIGHT CENTER,2014,official_vtd_exact_name_nhgis_blocks,0.95,McKnight Center,2010,1216,1.0
medium,MAURY,005964,PLEASANT HEIGHTS 9 2,2014,official_vtd_fuzzy_name_nhgis_blocks,0.8,Pleasant Heights,2010,1230,1.0
medium,MCNAIRY,006158,BETHEL SPRINGS 1 1,2014,official_vtd_fuzzy_name_nhgis_blocks,0.7875,1 Bethel Springs,2010,1260,1.0
medium,MCNAIRY,006156,COURTHOUSE SE 6 1,2014,official_vtd_fuzzy_name_nhgis_blocks,0.78,6 Courthouse SE,2010,1258,1.0
high,MEIGS,006253,1 EASTVIEW,2014,official_vtd_code_and_name_nhgis_blocks,1.0,1 Eastview,2010,1272,1.0
high,MEIGS,006251,2 MEIGS SOUTH,2014,official_vtd_code_and_name_nhgis_blocks,1.0,2 Meigs South,2010,1270,1.0
high,MEIGS,006252,3 1 CITY HALL,2014,official_vtd_exact_name_nhgis_blocks,0.95,3 City Hall,2010,1273,0.012009427386
high,MEIGS,006254,3 1 CITY HALL,2014,official_vtd_exact_name_nhgis_blocks,0.95,3 City Hall,2010,1273,0.987990572614
high,MEIGS,006252,3 2 COURTHOUSE,2014,official_vtd_exact_name_nhgis_blocks,0.95,3 Courthouse,2010,1271,0.998630949241
high,MEIGS,006254,3 2 COURTHOUSE,2014,official_vtd_exact_name_nhgis_blocks,0.95,3 Courthouse,2010,1271,0.001369050759
high,MEIGS,006254,4 MEIGS NORTH,2014,official_vtd_code_and_name_nhgis_blocks,1.0,4 Meigs North,2010,1274,0.006515928435
high,MEIGS,006255,4 MEIGS NORTH,2014,official_vtd_code_and_name_nhgis_blocks,1.0,4 Meigs North,2010,1274,0.993484071565
high,MEIGS,006256,5 TEN MILE,2014,official_vtd_code_and_name_nhgis_blocks,1.0,5 Ten Mile,2010,1275,1.0
high,MONTGOMERY,006467,1A ST B ES,2014,official_vtd_exact_label_code_nhgis_blocks,0.97,1A,2010,1305,1.0
high,MONTGOMERY,006479,1B EMMANUEL,2014,official_vtd_exact_label_code_nhgis_blocks,0.97,1B,2010,1311,1.0
high,MONTGOMERY,006464,2A ST B MC,2014,official_vtd_exact_label_code_nhgis_blocks,0.97,2A,2010,1302,1.0
high,MONTGOMERY,006478,2B ST B CC,2014,official_vtd_exact_label_code_nhgis_blocks,0.97,2B,2010,1312,1.0
high,MONTGOMERY,006453,3 EAST MONTGOMERY,2014,official_vtd_exact_label_code_nhgis_blocks,0.97,3,2010,1291,1.0
high,MONTGOMERY,006461,4A MCMS,2014,official_vtd_exact_label_code_nhgis_blocks,0.97,4A,2010,1299,1.0
high,MONTGOMERY,006472,4B WR EVENT CENTER,2014,official_vtd_exact_label_code_nhgis_blocks,0.97,4B,2010,1317,1.0
high,MONTGOMERY,006459,5A SMITH,2014,official_vtd_exact_label_code_nhgis_blocks,0.97,5A,2010,1297,1.0
high,MONTGOMERY,006476,5B MADISON,2014,official_vtd_exact_label_code_nhgis_blocks,0.97,5B,2010,1314,1.0
high,MONTGOMERY,006460,6A CUMBERLAND,2014,official_vtd_exact_label_code_nhgis_blocks,0.97,6A,2010,1298,1.0
high,MONTGOMERY,006473,6B BETHEL,2014,official_vtd_exact_label_code_nhgis_blocks,0.97,6B,2010,1316,1.0
high,MONTGOMERY,006455,7 WOODLAWN,2014,official_vtd_exact_label_code_nhgis_blocks,0.97,7,2010,1293,1.0
high,MONTGOMERY,006451,8A BETHEL,2014,official_vtd_exact_label_code_nhgis_blocks,0.97,8A,2010,1289,1.0
high,MONTGOMERY,006480,8B BARKERS MILL,2014,official_vtd_exact_label_code_nhgis_blocks,0.97,8B,2010,1310,1.0
high,MONTGOMERY,006452,9 OUTLAW,2014,official_vtd_exact_label_code_nhgis_blocks,0.97,9,2010,1290,1.0
high,MONTGOMERY,006454,10 MINGLEWOOD,2014,official_vtd_exact_label_code_nhgis_blocks,0.97,10,2010,1292,1.0
high,MONTGOMERY,006456,11 NORTHWEST,2014,official_vtd_exact_label_code_nhgis_blocks,0.97,11,2010,1294,1.0
high,MONTGOMERY,006457,12 RINGGOLD,2014,official_vtd_exact_label_code_nhgis_blocks,0.97,12,2010,1295,1.0
high,MONTGOMERY,006458,13 BYRNS DARDEN,2014,official_vtd_exact_label_code_nhgis_blocks,0.97,13,2010,1296,1.0
high,MONTGOMERY,006465,14 GLENELLEN,2014,official_vtd_exact_label_code_nhgis_blocks,0.97,14,2010,1303,1.0
high,MONTGOMERY,006468,15 SANGO,2014,official_vtd_exact_label_code_nhgis_blocks,0.97,15,2010,1306,1.0
high,MONTGOMERY,006470,16 NEW PROVIDENCE,2014,official_vtd_exact_label_code_nhgis_blocks,0.97,16,2010,1308,1.0
high,MONTGOMERY,006466,17 GRACE,2014,official_vtd_exact_label_code_nhgis_blocks,0.97,17,2010,1304,1.0
high,MONTGOMERY,006463,18 HAZELWOOD,2014,official_vtd_exact_label_code_nhgis_blocks,0.97,18,2010,1301,1.0
high,MONTGOMERY,006471,19 LUTHERAN,2014,official_vtd_exact_label_code_nhgis_blocks,0.97,19,2010,1309,1.0
high,MONTGOMERY,006469,20A CLARKSVILLE,2014,official_vtd_exact_label_code_nhgis_blocks,0.97,20A,2010,1307,1.0
high,MONTGOMERY,006477,20B BARKSDALE,2014,official_vtd_exact_label_code_nhgis_blocks,0.97,20B,2010,1313,1.0
high,MONTGOMERY,006474,21A CUMBERLAND,2014,official_vtd_exact_label_code_nhgis_blocks,0.97,21A,2010,1315,1.0
high,MONTGOMERY,006462,21B HILLDALE,2014,official_vtd_exact_label_code_nhgis_blocks,0.97,21B,2010,1300,1.0
high,MOORE,006554,1 COURTHOUSE,2014,official_vtd_code_and_name_nhgis_blocks,1.0,1 Courthouse,2010,1321,1.0
high,MOORE,006551,2 HIGH SCHOOL,2014,official_vtd_exact_label_code_nhgis_blocks,0.97,2 Moore County High School,2010,1318,1.0
high,MOORE,006553,3 MOORE COUNTY BLDG,2014,official_vtd_exact_label_code_nhgis_blocks,0.97,3 Moore County Building,2010,1320,1.0
high,MOORE,006552,4 LYNCHBURG,2014,official_vtd_exact_label_code_nhgis_blocks,0.97,4 Elementary School,2010,1319,1.0
high,MOORE,006555,5 MOTLOW COLLEGE,2014,official_vtd_code_and_name_nhgis_blocks,1.0,5 Motlow College,2010,1322,1.0
medium,MORGAN,006655,4 3 CHESTNUT RIDGE,2014,official_vtd_fuzzy_name_nhgis_blocks,0.7875,Chestnut Ridge 4-3,2010,1327,1.0
high,OBION,006751,1 1 SOUTH FULTON,2014,official_vtd_code_and_name_nhgis_blocks,1.0,1-1 SOUTH FULTON,2010,1335,1.0
high,OBION,006756,2 1 EDDIE COX SR CTR,2014,official_vtd_exact_label_code_nhgis_blocks,0.97,2-1 EDDIE COX SR. CENTER,2010,1340,1.0
high,OBION,006753,2 4 WOODLAND,2014,official_vtd_code_and_name_nhgis_blocks,1.0,2-4 WOODLAND,2010,1337,1.0
high,OBION,006757,3 2 KENTON,2014,official_vtd_code_and_name_nhgis_blocks,1.0,3-2 KENTON,2010,1341,1.0
high,OBION,006752,3 4 RIVES,2014,official_vtd_code_and_name_nhgis_blocks,1.0,3-4 RIVES,2010,1345,0.007155095129
high,OBION,006761,3 4 RIVES,2014,official_vtd_code_and_name_nhgis_blocks,1.0,3-4 RIVES,2010,1345,0.992706270034
high,OBION,006762,3 4 RIVES,2014,official_vtd_code_and_name_nhgis_blocks,1.0,3-4 RIVES,2010,1345,0.000138634838
high,OBION,006761,4 1 FAIR GROUNDS,2014,official_vtd_code_and_name_nhgis_blocks,1.0,4-1 FAIR GROUNDS,2010,1346,0.001207547975
high,OBION,006762,4 1 FAIR GROUNDS,2014,official_vtd_code_and_name_nhgis_blocks,1.0,4-1 FAIR GROUNDS,2010,1346,0.998792452025
high,OBION,006759,5 2 CLOVERDALE,2014,official_vtd_code_and_name_nhgis_blocks,1.0,5-2 CLOVERDALE,2010,1343,1.0
high,OBION,006754,5 4 HORNBEAK,2014,official_vtd_code_and_name_nhgis_blocks,1.0,5-4 HORNBEAK,2010,1338,1.0
high,OBION,006755,5 5 SAMBURG,2014,official_vtd_code_and_name_nhgis_blocks,1.0,5-5 SAMBURG,2010,1339,1.0
high,OBION,006760,6 1 TROY SR CTR,2014,official_vtd_exact_label_code_nhgis_blocks,0.97,6-1 TROY SENIOR CENTER,2010,1344,1.0
high,OBION,006758,6 2 OBION SR CTR,2014,official_vtd_exact_label_code_nhgis_blocks,0.97,6-2 OBION,2010,1342,1.0
high,OBION,006752,7 2 OBION CO LIBRARY,2014,official_vtd_code_and_name_nhgis_blocks,1.0,7-2 OBION CO. LIBRARY,2010,1336,0.984479606433
high,OBION,006761,7 2 OBION CO LIBRARY,2014,official_vtd_code_and_name_nhgis_blocks,1.0,7-2 OBION CO. LIBRARY,2010,1336,0.000180987232
high,OBION,006762,7 2 OBION CO LIBRARY,2014,official_vtd_code_and_name_nhgis_blocks,1.0,7-2 OBION CO. LIBRARY,2010,1336,0.015339406335
high,OVERTON,006853,1 LIVINGSTON,2014,official_vtd_code_and_name_nhgis_blocks,1.0,1 Livingston,2010,1349,1.0
high,OVERTON,006852,2 1 ALLONS,2014,official_vtd_exact_name_nhgis_blocks,0.95,2 Allons,2010,1348,1.0
high,OVERTON,006854,2 3 MONROE,2014,official_vtd_exact_name_nhgis_blocks,0.95,2 Monroe,2010,1350,1.0
high,OVERTON,006856,3 2 POTEET,2014,official_vtd_exact_name_nhgis_blocks,0.95,3 Poteet,2010,1352,1.0
high,OVERTON,006858,3 3 WILSON,2014,official_vtd_exact_name_nhgis_blocks,0.95,3 Wilson,2010,1354,1.0
high,OVERTON,006859,3 4 RUSHING SPRINGS,2014,official_vtd_exact_name_nhgis_blocks,0.95,3 Rushing Springs,2010,1355,1.0
high,OVERTON,006857,4 2 RICKMAN,2014,official_vtd_exact_name_nhgis_blocks,0.95,4 Rickman,2010,1353,1.0
high,OVERTON,006851,5 1 HILHAM,2014,official_vtd_exact_name_nhgis_blocks,0.95,5 Hilham,2010,1347,1.0
high,OVERTON,006855,5 2 FAIRGROUNDS,2014,official_vtd_exact_name_nhgis_blocks,0.95,5 Fairgrounds,2010,1351,1.0
high,PERRY,006954,1 1 CEDAR CREEK,2014,official_vtd_code_and_name_nhgis_blocks,0.99,101 Cedar Creek,2010,1359,1.0
high,PERRY,006958,1 2 MARSH CREEK,2014,official_vtd_code_and_name_nhgis_blocks,0.99,102 Marsh Creek,2010,1363,1.0
high,PERRY,006951,2 1 PINEVIEW,2014,official_vtd_code_and_name_nhgis_blocks,0.99,201 Pineview,2010,1356,1.0
high,PERRY,006960,2 2 POPE,2014,official_vtd_code_and_name_nhgis_blocks,0.99,202 Pope,2010,1365,1.0
high,PERRY,006953,3 1 COON CREEK,2014,official_vtd_code_and_name_nhgis_blocks,0.99,301 Coon Creek,2010,1358,0.993288265396
high,PERRY,006955,3 1 COON CREEK,2014,official_vtd_code_and_name_nhgis_blocks,0.99,301 Coon Creek,2010,1358,0.006711734604
high,PERRY,006959,3 2 FLATWOODS,2014,official_vtd_code_and_name_nhgis_blocks,0.99,302 Flatwoods,2010,1364,1.0
high,PERRY,006957,4 1 BRUSH CREEK,2014,official_vtd_code_and_name_nhgis_blocks,0.99,401 Brush Creek,2010,1362,1.0
high,PERRY,006952,4 3 LOBELVILLE,2014,official_vtd_equivalent_code_nhgis_blocks,0.97,403 Lobelville Elem. School,2010,1357,0.994864257267
high,PERRY,006956,4 3 LOBELVILLE,2014,official_vtd_equivalent_code_nhgis_blocks,0.97,403 Lobelville Elem. School,2010,1357,0.005135742733
high,PERRY,006955,5 1 LINDEN,2014,official_vtd_equivalent_code_nhgis_blocks,0.97,501 Perry Co. Courthouse,2010,1360,1.0
high,PERRY,006952,6 1 LOBELVILLE,2014,official_vtd_equivalent_code_nhgis_blocks,0.97,601 Lobelville City Hall,2010,1361,0.001324057781
high,PERRY,006956,6 1 LOBELVILLE,2014,official_vtd_equivalent_code_nhgis_blocks,0.97,601 Lobelville City Hall,2010,1361,0.998675942219
medium,PICKETT,007054,COMMUNITY CENTER 1 1,2014,official_vtd_fuzzy_name_nhgis_blocks,0.8,Community Center,2010,1369,1.0
high,POLK,007151,1 DELANO,2014,official_vtd_exact_label_code_nhgis_blocks,0.97,1 Delano Lions Club,2010,1375,1.0
high,POLK,007152,1A POLK CO HIGH,2014,official_vtd_exact_label_code_nhgis_blocks,0.97,1A Polk County High School,2010,1376,1.0
high,POLK,007153,1B CHILHOWEE,2014,official_vtd_exact_label_code_nhgis_blocks,0.97,1B Chilhowee Middle Sch. Gym,2010,1377,1.0
high,POLK,007158,2 GREASY CREEK,2014,official_vtd_exact_label_code_nhgis_blocks,0.97,2 Greasy Creek Comm. Club,2010,1382,1.0
high,POLK,007160,2A SPRINGTOWN,2014,official_vtd_exact_label_code_nhgis_blocks,0.97,2A Springtown Firehall,2010,1384,1.0
high,POLK,007156,2C SOUTH POLK,2014,official_vtd_exact_label_code_nhgis_blocks,0.97,2C South Polk School,2010,1380,1.0
high,POLK,007157,2D SHILOH BAPTIST,2014,official_vtd_exact_label_code_nhgis_blocks,0.97,2D Shiloh Baptist Youth Center,2010,1381,1.0
high,POLK,007154,3 DUCKTOWN,2014,official_vtd_exact_label_code_nhgis_blocks,0.97,3 Ducktown Courthouse,2010,1378,1.0
high,POLK,007155,3A COPPER BASIN,2014,official_vtd_exact_label_code_nhgis_blocks,0.97,3A Cooper Basin High School,2010,1379,1.0
high,POLK,007161,3B TURTLETOWN,2014,official_vtd_code_and_name_nhgis_blocks,1.0,3B Turtletown,2010,1385,1.0
high,PUTNAM,007266,1A CAPSHAW,2014,official_vtd_code_and_name_nhgis_blocks,1.0,01A Capshaw,2010,1400,1.0
high,PUTNAM,007252,2A NORTHEAST,2014,official_vtd_exact_label_code_nhgis_blocks,0.97,02A Northeast Elementary,2010,1390,0.006122089997
high,PUTNAM,007255,2A NORTHEAST,2014,official_vtd_exact_label_code_nhgis_blocks,0.97,02A Northeast Elementary,2010,1390,0.993597253043
high,PUTNAM,007256,2A NORTHEAST,2014,official_vtd_exact_label_code_nhgis_blocks,0.97,02A Northeast Elementary,2010,1390,0.00028065696
high,PUTNAM,007256,3A UNIVERSITY,2014,official_vtd_code_and_name_nhgis_blocks,1.0,03A University,2010,1391,1.0
high,PUTNAM,007262,4A BURKS,2014,official_vtd_exact_label_code_nhgis_blocks,0.97,04A Burks Middle School,2010,1396,0.998203491238
high,PUTNAM,007273,4A BURKS,2014,official_vtd_exact_label_code_nhgis_blocks,0.97,04A Burks Middle School,2010,1396,0.001796508762
high,PUTNAM,007262,4B MONTEREY,2014,official_vtd_exact_label_code_nhgis_blocks,0.97,04B Monterey City Hall,2010,1407,0.039178457834
high,PUTNAM,007273,4B MONTEREY,2014,official_vtd_exact_label_code_nhgis_blocks,0.97,04B Monterey City Hall,2010,1407,0.960821542166
high,PUTNAM,007275,4C POPLAR GROVE,2014,official_vtd_exact_label_code_nhgis_blocks,0.97,04C Poplar Grove Community Center,2010,1409,1.0
high,PUTNAM,007261,5A COOKEVILLE CC,2014,official_vtd_exact_label_code_nhgis_blocks,0.97,05A Cookeville Community Center,2010,1395,1.0
high,PUTNAM,007267,5C PRESCOTT SOUTH,2014,official_vtd_code_and_name_nhgis_blocks,1.0,05C Prescott South,2010,1401,1.0
high,PUTNAM,007274,5F DRY VALLEY,2014,official_vtd_code_and_name_nhgis_blocks,1.0,05F Dry Valley,2010,1408,1.0
high,PUTNAM,007264,6A CANE CREEK,2014,official_vtd_code_and_name_nhgis_blocks,1.0,06A Cane Creek,2010,1398,0.99864514074
high,PUTNAM,007265,6A CANE CREEK,2014,official_vtd_code_and_name_nhgis_blocks,1.0,06A Cane Creek,2010,1398,0.00135485926
high,PUTNAM,007263,7A BURGESS FALLS,2014,official_vtd_code_and_name_nhgis_blocks,1.0,07A Burgess Falls,2010,1397,1.0
high,PUTNAM,007268,7D TWIN OAK,2014,official_vtd_code_and_name_nhgis_blocks,1.0,07D Twin Oak,2010,1402,1.0
high,PUTNAM,007269,8D BOMA,2014,official_vtd_code_and_name_nhgis_blocks,1.0,08D Boma,2010,1406,0.005995134537
high,PUTNAM,007272,8D BOMA,2014,official_vtd_code_and_name_nhgis_blocks,1.0,08D Boma,2010,1406,0.994004865463
high,PUTNAM,007270,8E BUFFALO VALLEY,2014,official_vtd_code_and_name_nhgis_blocks,1.0,08E Buffalo Valley,2010,1404,1.0
high,PUTNAM,007269,8F CORNERSTONE,2014,official_vtd_exact_label_code_nhgis_blocks,0.97,08F Cornerstone Middle,2010,1403,1.0
high,PUTNAM,007271,8G UPPERMAN,2014,official_vtd_code_and_name_nhgis_blocks,1.0,08G Upperman,2010,1405,1.0
high,PUTNAM,007265,9B DOUBLE SPRINGS,2014,official_vtd_code_and_name_nhgis_blocks,1.0,09B Double Springs,2010,1399,1.0
high,PUTNAM,007257,10A PAVILION,2014,official_vtd_exact_name_nhgis_blocks,0.95,10 Pavilion,2010,1392,1.0
high,PUTNAM,007257,10B SYCAMORE,2014,official_vtd_code_and_name_nhgis_blocks,1.0,10B Sycamore,2010,1393,0.004925585505
high,PUTNAM,007258,10B SYCAMORE,2014,official_vtd_code_and_name_nhgis_blocks,1.0,10B Sycamore,2010,1393,0.994825173943
high,PUTNAM,007265,10B SYCAMORE,2014,official_vtd_code_and_name_nhgis_blocks,1.0,10B Sycamore,2010,1393,0.000249240553
high,PUTNAM,007253,11A BANGHAM,2014,official_vtd_code_and_name_nhgis_blocks,1.0,11A Bangham,2010,1388,1.0
high,PUTNAM,007251,11B COOKEVILLE HIGH,2014,official_vtd_exact_label_code_nhgis_blocks,0.97,11B Cookeville High School,2010,1386,0.996596978333
high,PUTNAM,007252,11B COOKEVILLE HIGH,2014,official_vtd_exact_label_code_nhgis_blocks,0.97,11B Cookeville High School,2010,1386,0.003152199121
high,PUTNAM,007255,11B COOKEVILLE HIGH,2014,official_vtd_exact_label_code_nhgis_blocks,0.97,11B Cookeville High School,2010,1386,0.000250822546
high,PUTNAM,007252,12A ALGOOD INSIDE,2014,official_vtd_code_and_name_nhgis_blocks,1.0,12A Algood Inside,2010,1387,0.996399123497
high,PUTNAM,007254,12A ALGOOD INSIDE,2014,official_vtd_code_and_name_nhgis_blocks,1.0,12A Algood Inside,2010,1387,0.002421287263
high,PUTNAM,007255,12A ALGOOD INSIDE,2014,official_vtd_code_and_name_nhgis_blocks,1.0,12A Algood Inside,2010,1387,0.00117958924
high,PUTNAM,007252,12B ALGOOD OUTSIDE,2014,official_vtd_code_and_name_nhgis_blocks,1.0,12B Algood Outside,2010,1389,0.014443128978
high,PUTNAM,007254,12B ALGOOD OUTSIDE,2014,official_vtd_code_and_name_nhgis_blocks,1.0,12B Algood Outside,2010,1389,0.985556871022
high,PUTNAM,007260,12C BROTHERTON,2014,official_vtd_code_and_name_nhgis_blocks,1.0,12C Brotherton,2010,1394,1.0
high,RHEA,007351,1 1 S C N,2014,official_vtd_exact_label_code_nhgis_blocks,0.97,1-1 Spring City North,2010,1419,1.0
high,RHEA,007352,1 2 GRANDVIEW,2014,official_vtd_code_and_name_nhgis_blocks,1.0,1-2 Grandview,2010,1413,1.0
high,RHEA,007353,2 1 S C S,2014,official_vtd_exact_label_code_nhgis_blocks,0.97,2-1 Spring City South,2010,1410,1.0
high,RHEA,007353,3 1 WOLF CREEK,2014,official_vtd_code_and_name_nhgis_blocks,1.0,3-1 Wolf Creek,2010,1412,0.095963701152
high,RHEA,007354,3 1 WOLF CREEK,2014,official_vtd_code_and_name_nhgis_blocks,1.0,3-1 Wolf Creek,2010,1412,0.904036298848
high,RHEA,007355,3 2 EVENSVILLE N,2014,official_vtd_exact_label_code_nhgis_blocks,0.97,3-2 Evensville North,2010,1420,1.0
high,RHEA,007355,4 1 EVENSVILLE S,2014,official_vtd_exact_label_code_nhgis_blocks,0.97,4-1 Evensville South,2010,1411,4.2579157e-05
high,RHEA,007356,4 1 EVENSVILLE S,2014,official_vtd_exact_label_code_nhgis_blocks,0.97,4-1 Evensville South,2010,1411,0.997669806576
high,RHEA,007357,4 1 EVENSVILLE S,2014,official_vtd_exact_label_code_nhgis_blocks,0.97,4-1 Evensville South,2010,1411,0.002287614267
high,RHEA,007356,5 1 DAYTON NORTH,2014,official_vtd_code_and_name_nhgis_blocks,1.0,5-1 Dayton North,2010,1414,0.005372611475
high,RHEA,007357,5 1 DAYTON NORTH,2014,official_vtd_code_and_name_nhgis_blocks,1.0,5-1 Dayton North,2010,1414,0.993867248592
high,RHEA,007358,5 1 DAYTON NORTH,2014,official_vtd_code_and_name_nhgis_blocks,1.0,5-1 Dayton North,2010,1414,0.000679812481
high,RHEA,007359,5 1 DAYTON NORTH,2014,official_vtd_code_and_name_nhgis_blocks,1.0,5-1 Dayton North,2010,1414,8.0327453e-05
high,RHEA,007357,6 1 DAYTON WEST,2014,official_vtd_code_and_name_nhgis_blocks,1.0,6-1 Dayton West,2010,1415,0.001268844013
high,RHEA,007358,6 1 DAYTON WEST,2014,official_vtd_code_and_name_nhgis_blocks,1.0,6-1 Dayton West,2010,1415,0.993779198141
high,RHEA,007360,6 1 DAYTON WEST,2014,official_vtd_code_and_name_nhgis_blocks,1.0,6-1 Dayton West,2010,1415,0.000997241616
high,RHEA,007361,6 1 DAYTON WEST,2014,official_vtd_code_and_name_nhgis_blocks,1.0,6-1 Dayton West,2010,1415,0.00395471623
high,RHEA,007356,7 1 FRAZIER,2014,official_vtd_code_and_name_nhgis_blocks,1.0,7-1 Frazier,2010,1416,0.006322677629
high,RHEA,007357,7 1 FRAZIER,2014,official_vtd_code_and_name_nhgis_blocks,1.0,7-1 Frazier,2010,1416,5.1235778e-05
high,RHEA,007359,7 1 FRAZIER,2014,official_vtd_code_and_name_nhgis_blocks,1.0,7-1 Frazier,2010,1416,0.993505171786
high,RHEA,007360,7 1 FRAZIER,2014,official_vtd_code_and_name_nhgis_blocks,1.0,7-1 Frazier,2010,1416,0.000120914808
high,RHEA,007360,8 1 GARRISON,2014,official_vtd_code_and_name_nhgis_blocks,1.0,8-1 Garrison,2010,1417,1.0
high,RHEA,007361,9 1 GRAYSVILLE,2014,official_vtd_code_and_name_nhgis_blocks,1.0,9-1 Graysville,2010,1421,1.0
high,RHEA,007362,9 2 WALDENS RIDGE,2014,official_vtd_code_and_name_nhgis_blocks,1.0,9-2 Waldens Ridge,2010,1418,1.0
high,ROANE,007451,CAVE CREEK,2014,official_vtd_exact_name_nhgis_blocks,0.95,Cave Creek,2010,1422,1.0
high,ROANE,007455,CHEROKEE,2014,official_vtd_exact_name_nhgis_blocks,0.95,Cherokee,2010,1426,1.0
high,ROANE,007460,EMORY HEIGHTS,2014,official_vtd_exact_name_nhgis_blocks,0.95,Emory Heights,2010,1431,1.0
high,ROANE,007461,EMORY,2014,official_vtd_exact_name_nhgis_blocks,0.95,Emory,2010,1432,0.997491438476
high,ROANE,007465,EMORY,2014,official_vtd_exact_name_nhgis_blocks,0.95,Emory,2010,1432,0.002508561524
high,ROANE,007469,FAIRVIEW,2014,official_vtd_exact_name_nhgis_blocks,0.95,Fairview,2010,1440,1.0
high,ROANE,007470,GLEN ALICE,2014,official_vtd_exact_name_nhgis_blocks,0.95,Glen Alice,2010,1441,1.0
high,ROANE,007463,MIDTOWN,2014,official_vtd_exact_name_nhgis_blocks,0.95,Midtown,2010,1434,1.0
high,ROANE,007454,MIDWAY,2014,official_vtd_exact_name_nhgis_blocks,0.95,Midway,2010,1425,1.0
high,ROANE,007458,OAK HILLS,2014,official_vtd_exact_name_nhgis_blocks,0.95,Oak Hills,2010,1429,0.994807879861
high,ROANE,007459,OAK HILLS,2014,official_vtd_exact_name_nhgis_blocks,0.95,Oak Hills,2010,1429,0.005192120139
high,ROANE,007459,OLIVER SPRINGS,2014,official_vtd_exact_name_nhgis_blocks,0.95,Oliver Springs,2010,1437,0.001473079467
high,ROANE,007466,OLIVER SPRINGS,2014,official_vtd_exact_name_nhgis_blocks,0.95,Oliver Springs,2010,1437,0.998526920533
high,ROANE,007459,ORCHARD VIEW,2014,official_vtd_exact_name_nhgis_blocks,0.95,Orchard View,2010,1430,1.0
high,ROANE,007453,PAW PAW,2014,official_vtd_exact_name_nhgis_blocks,0.95,Paw Paw,2010,1424,1.0
high,ROANE,007473,PAINT ROCK,2014,official_vtd_exact_name_nhgis_blocks,0.95,Paint Rock,2010,1444,1.0
high,ROANE,007464,SOUTH HARRIMAN,2014,official_vtd_exact_name_nhgis_blocks,0.95,South Harriman,2010,1435,1.0
high,ROANE,007457,DYLLIS,2014,official_vtd_exact_name_nhgis_blocks,0.95,Dyllis,2010,1428,1.0
high,ROANE,007467,EUREKA,2014,official_vtd_exact_name_nhgis_blocks,0.95,Eureka,2010,1438,1.0
high,ROANE,007465,HARRIMAN WARD 1,2014,official_vtd_exact_name_nhgis_blocks,0.95,Harriman Ward 1,2010,1436,1.0
medium,ROANE,007474,JOHNSON SCH HOUSE,2014,official_vtd_fuzzy_name_nhgis_blocks,0.827,Johnson School House,2010,1445,1.0
high,ROANE,007456,KINGSTON WARD 1,2014,official_vtd_exact_name_nhgis_blocks,0.95,Kingston Ward 1,2010,1427,1.0
high,ROANE,007462,KINGSTON WARD 2,2014,official_vtd_exact_name_nhgis_blocks,0.95,Kingston Ward 2,2010,1433,1.0
high,ROANE,007452,LAWNVILLE,2014,official_vtd_exact_name_nhgis_blocks,0.95,Lawnville,2010,1423,1.0
high,ROANE,007468,RENFRO,2014,official_vtd_exact_name_nhgis_blocks,0.95,Renfro,2010,1439,1.0
high,ROANE,007471,ROCKWOOD WARD 1,2014,official_vtd_exact_name_nhgis_blocks,0.95,Rockwood Ward 1,2010,1442,1.0
high,ROANE,007464,ROCKWOOD WARD 2,2014,official_vtd_exact_name_nhgis_blocks,0.95,Rockwood Ward 2,2010,1443,2.382887e-05
high,ROANE,007467,ROCKWOOD WARD 2,2014,official_vtd_exact_name_nhgis_blocks,0.95,Rockwood Ward 2,2010,1443,9.893223e-06
high,ROANE,007471,ROCKWOOD WARD 2,2014,official_vtd_exact_name_nhgis_blocks,0.95,Rockwood Ward 2,2010,1443,0.003570077429
high,ROANE,007472,ROCKWOOD WARD 2,2014,official_vtd_exact_name_nhgis_blocks,0.95,Rockwood Ward 2,2010,1443,0.996396200478
high,ROBERTSON,007552,02 1 GRACE PARK,2014,official_vtd_exact_label_code_nhgis_blocks,0.97,2-1 Church at Grace Park,2010,1447,1.0
high,ROBERTSON,007560,03 1 EBENEZER,2014,official_vtd_exact_label_code_nhgis_blocks,0.97,3-1 Ebenezer Baptist Church,2010,1455,1.0
high,ROBERTSON,007553,03 2 HERITAGE,2014,official_vtd_exact_label_code_nhgis_blocks,0.97,3-2 White House Heritage HS,2010,1448,1.0
high,ROBERTSON,007554,04 1 WATAUGA,2014,official_vtd_exact_label_code_nhgis_blocks,0.97,4-1 Watauga Elementary School,2010,1449,1.0
high,ROBERTSON,007555,05 1 GREENBRIER,2014,official_vtd_exact_label_code_nhgis_blocks,0.97,5-1 Greenbrier High School,2010,1450,1.0
high,ROBERTSON,007557,06 1 COOPERTOWN,2014,official_vtd_exact_label_code_nhgis_blocks,0.97,6-1 Coopertown Middle School,2010,1452,1.0
high,ROBERTSON,007556,06 2 MT SHARON,2014,official_vtd_exact_label_code_nhgis_blocks,0.97,6-2 Mt. Sharon C.P. Church,2010,1451,1.0
high,ROBERTSON,007559,07 1 JO BYRNS,2014,official_vtd_exact_label_code_nhgis_blocks,0.97,7-1 Jo Byrns Elementary School,2010,1454,1.0
high,ROBERTSON,007558,07 2 STROUDSVILLE,2014,official_vtd_exact_label_code_nhgis_blocks,0.97,7-2 Stroudsville Church of Christ,2010,1453,1.0
high,ROBERTSON,007562,08 1 KRISLE,2014,official_vtd_exact_label_code_nhgis_blocks,0.97,8-1 Krisle School,2010,1457,1.0
high,ROBERTSON,007561,08 2 HATS,2014,official_vtd_exact_label_code_nhgis_blocks,0.97,8-2 H.A.T.S,2010,1456,1.0
high,ROBERTSON,007551,08 3 OWENS CHAPEL,2014,official_vtd_exact_label_code_nhgis_blocks,0.97,8-3 Owens Chapel Fellowship Hall,2010,1458,0.002533468029
high,ROBERTSON,007563,08 3 OWENS CHAPEL,2014,official_vtd_exact_label_code_nhgis_blocks,0.97,8-3 Owens Chapel Fellowship Hall,2010,1458,0.997466531971
high,ROBERTSON,007563,09 1 FAIR ASSOC,2014,official_vtd_exact_label_code_nhgis_blocks,0.97,9-1 Robertson County Fair Assoc.,2010,1459,0.007079943257
high,ROBERTSON,007564,09 1 FAIR ASSOC,2014,official_vtd_exact_label_code_nhgis_blocks,0.97,9-1 Robertson County Fair Assoc.,2010,1459,0.992914642954
high,ROBERTSON,007565,09 1 FAIR ASSOC,2014,official_vtd_exact_label_code_nhgis_blocks,0.97,9-1 Robertson County Fair Assoc.,2010,1459,5.413789e-06
high,ROBERTSON,007567,11 1 WESTSIDE,2014,official_vtd_exact_label_code_nhgis_blocks,0.97,11-1 Westside School,2010,1462,1.0
high,ROBERTSON,007566,11 2 HEADS,2014,official_vtd_exact_label_code_nhgis_blocks,0.97,11-2 Heads Free Will Baptist Church,2010,1461,1.0
high,ROBERTSON,007568,12 1 BRANSFORD,2014,official_vtd_exact_label_code_nhgis_blocks,0.97,12-1 Bransford School,2010,1463,1.0
high,RUTHERFORD,007652,2 3,2014,official_vtd_exact_label_code_nhgis_blocks,0.97,2-3 Milton Fire Station,2010,1476,1.0
high,RUTHERFORD,007654,3 1,2014,official_vtd_exact_label_code_nhgis_blocks,0.97,3-1 Leanna Community Center,2010,1478,1.0
high,RUTHERFORD,007655,3 2,2014,official_vtd_exact_label_code_nhgis_blocks,0.97,3-2 Nissan Activity Center,2010,1480,1.0
high,RUTHERFORD,007656,4 1,2014,official_vtd_exact_label_code_nhgis_blocks,0.97,4-1 Kittrell Elementary School,2010,1475,0.798553631951
high,RUTHERFORD,007657,4 1,2014,official_vtd_exact_label_code_nhgis_blocks,0.97,4-1 Kittrell Elementary School,2010,1475,0.000319605127
high,RUTHERFORD,007700,4 1,2014,official_vtd_exact_label_code_nhgis_blocks,0.97,4-1 Kittrell Elementary School,2010,1475,0.201126762922
high,RUTHERFORD,007657,4 2,2014,official_vtd_exact_label_code_nhgis_blocks,0.97,4-2 North Boulevard Church of Christ,2010,1501,0.994257669424
high,RUTHERFORD,007658,4 2,2014,official_vtd_exact_label_code_nhgis_blocks,0.97,4-2 North Boulevard Church of Christ,2010,1501,0.005717437551
high,RUTHERFORD,007700,4 2,2014,official_vtd_exact_label_code_nhgis_blocks,0.97,4-2 North Boulevard Church of Christ,2010,1501,2.4893026e-05
high,RUTHERFORD,007658,4 3,2014,official_vtd_exact_label_code_nhgis_blocks,0.97,4-3 Oakland High School,2010,1500,0.997923735527
high,RUTHERFORD,007681,4 3,2014,official_vtd_exact_label_code_nhgis_blocks,0.97,4-3 Oakland High School,2010,1500,0.002076264473
high,RUTHERFORD,007658,4 4,2014,official_vtd_exact_label_code_nhgis_blocks,0.97,4-4 Oakland Middle School,2010,1510,1.0
high,RUTHERFORD,007659,5 1,2014,official_vtd_exact_label_code_nhgis_blocks,0.97,5-1 Cedar Grove Elementary School,2010,1466,1.0
high,RUTHERFORD,007660,5 2,2014,official_vtd_exact_label_code_nhgis_blocks,0.97,5-2 LaVergne Middle School,2010,1465,1.0
high,RUTHERFORD,007661,6 1,2014,official_vtd_exact_label_code_nhgis_blocks,0.97,6-1 Whitworth-Buchannan Middle School,2010,1474,1.0
high,RUTHERFORD,007662,6 2,2014,official_vtd_exact_label_code_nhgis_blocks,0.97,6-2 Christiana Middle School,2010,1473,1.0
high,RUTHERFORD,007663,7 1,2014,official_vtd_exact_label_code_nhgis_blocks,0.97,7-1 New Heights Chapel,2010,1489,1.0
high,RUTHERFORD,007663,7 2,2014,official_vtd_exact_label_code_nhgis_blocks,0.97,7-2 Barfield Elementary School,2010,1491,0.000315491848
high,RUTHERFORD,007664,7 2,2014,official_vtd_exact_label_code_nhgis_blocks,0.97,7-2 Barfield Elementary School,2010,1491,0.998699742631
high,RUTHERFORD,007677,7 2,2014,official_vtd_exact_label_code_nhgis_blocks,0.97,7-2 Barfield Elementary School,2010,1491,0.000984765521
high,RUTHERFORD,007665,8 1,2014,official_vtd_exact_label_code_nhgis_blocks,0.97,8-1 Rockvale Middle School,2010,1470,1.0
high,RUTHERFORD,007666,8 2,2014,official_vtd_exact_label_code_nhgis_blocks,0.97,8-2 Eagleville Community Center,2010,1509,1.0
high,RUTHERFORD,007667,8 3,2014,official_vtd_exact_label_code_nhgis_blocks,0.97,8-3 Lebanon Campground Church,2010,1471,1.0
high,RUTHERFORD,007668,8 4,2014,official_vtd_exact_label_code_nhgis_blocks,0.97,8-4 Crescent Church of Christ,2010,1472,1.0
high,RUTHERFORD,007669,9 1,2014,official_vtd_exact_label_code_nhgis_blocks,0.97,9-1 Stewarts Creek Elementary School,2010,1468,1.0
high,RUTHERFORD,007670,9 2,2014,official_vtd_exact_label_code_nhgis_blocks,0.97,9-2 Browns Chapel Elementary School,2010,1486,1.0
high,RUTHERFORD,007672,10 2,2014,official_vtd_exact_label_code_nhgis_blocks,0.97,10-2 Lifepoint Church,2010,1483,1.0
high,RUTHERFORD,007673,11 1,2014,official_vtd_exact_label_code_nhgis_blocks,0.97,11-1 Smyrna Middle School,2010,1482,1.0
high,RUTHERFORD,007674,11 2,2014,official_vtd_exact_label_code_nhgis_blocks,0.97,11-2 StewartsboroElementary School,2010,1485,1.0
high,RUTHERFORD,007651,12 1,2014,official_vtd_exact_label_code_nhgis_blocks,0.97,12-1 Tennessee Rehabilitation Center,2010,1479,2.1311249e-05
high,RUTHERFORD,007675,12 1,2014,official_vtd_exact_label_code_nhgis_blocks,0.97,12-1 Tennessee Rehabilitation Center,2010,1479,0.821333825312
high,RUTHERFORD,007699,12 1,2014,official_vtd_exact_label_code_nhgis_blocks,0.97,12-1 Tennessee Rehabilitation Center,2010,1479,0.178644863439
high,RUTHERFORD,007676,12 2,2014,official_vtd_exact_label_code_nhgis_blocks,0.97,12-2 Smyrna Elementary School,2010,1481,1.0
high,RUTHERFORD,007677,13 1,2014,official_vtd_exact_label_code_nhgis_blocks,0.97,13-1 Bellwood-Bowdoin Pre-School,2010,1494,0.997443640167
high,RUTHERFORD,007683,13 1,2014,official_vtd_exact_label_code_nhgis_blocks,0.97,13-1 Bellwood-Bowdoin Pre-School,2010,1494,0.002556359833
high,RUTHERFORD,007678,13 2,2014,official_vtd_exact_label_code_nhgis_blocks,0.97,13-2 Cason Lane Academy,2010,1490,1.0
high,RUTHERFORD,007679,14 1,2014,official_vtd_exact_label_code_nhgis_blocks,0.97,14-1 Siegel Middle School,2010,1497,1.0
high,RUTHERFORD,007680,14 2,2014,official_vtd_exact_label_code_nhgis_blocks,0.97,14-2 Siegel Elementary School,2010,1498,1.0
high,RUTHERFORD,007681,15 1,2014,official_vtd_exact_label_code_nhgis_blocks,0.97,15-1 John Pittard Elementary,2010,1499,1.0
high,RUTHERFORD,007682,15 2,2014,official_vtd_exact_label_code_nhgis_blocks,0.97,15-2 Northfield Elementary School,2010,1503,1.0
high,RUTHERFORD,007683,16 1,2014,official_vtd_exact_label_code_nhgis_blocks,0.97,16-1 Central Magnet School,2010,1496,1.0
high,RUTHERFORD,007684,16 2,2014,official_vtd_exact_label_code_nhgis_blocks,0.97,16-2 Mitchell-Neilson Primary School,2010,1504,1.0
high,RUTHERFORD,007685,16 3,2014,official_vtd_exact_label_code_nhgis_blocks,0.97,16-3 Lane Agri-Park,2010,1495,1.0
high,RUTHERFORD,007686,17 1,2014,official_vtd_exact_label_code_nhgis_blocks,0.97,17-1 North Boulevard Church of Christ,2010,1505,0.996745162447
high,RUTHERFORD,007688,17 1,2014,official_vtd_exact_label_code_nhgis_blocks,0.97,17-1 North Boulevard Church of Christ,2010,1505,0.003254837553
high,RUTHERFORD,007687,17 2,2014,official_vtd_exact_label_code_nhgis_blocks,0.97,17-2 Kingwood Heights Church of Christ,2010,1502,1.0
high,RUTHERFORD,007688,17 3,2014,official_vtd_exact_label_code_nhgis_blocks,0.97,17-3 Bud's Tire,2010,1506,1.0
high,RUTHERFORD,007689,18 1,2014,official_vtd_exact_label_code_nhgis_blocks,0.97,18-1 Patterson Park Community Center,2010,1493,1.0
high,RUTHERFORD,007689,18 2,2014,official_vtd_exact_label_code_nhgis_blocks,0.97,18-2 Riverdale High School,2010,1492,0.062249808088
high,RUTHERFORD,007690,18 2,2014,official_vtd_exact_label_code_nhgis_blocks,0.97,18-2 Riverdale High School,2010,1492,0.937750191912
high,RUTHERFORD,007691,19 1,2014,official_vtd_exact_label_code_nhgis_blocks,0.97,19-1 Creekmont General Baptist Church,2010,1484,0.995617026462
high,RUTHERFORD,007692,19 1,2014,official_vtd_exact_label_code_nhgis_blocks,0.97,19-1 Creekmont General Baptist Church,2010,1484,0.004382973538
high,RUTHERFORD,007692,19 2,2014,official_vtd_exact_label_code_nhgis_blocks,0.97,19-2 New Vision Baptist Church,2010,1487,1.0
high,RUTHERFORD,007695,21 1,2014,official_vtd_exact_label_code_nhgis_blocks,0.97,21-1 Hobgood Elementary School,2010,1507,1.0
high,RUTHERFORD,007696,21 2,2014,official_vtd_exact_label_code_nhgis_blocks,0.97,21-2 BlackFox Elementary School,2010,1508,1.0
high,SCOTT,007754,1 1 FAIRVIEW,2014,official_vtd_code_and_name_nhgis_blocks,1.0,1-1 Fairview,2010,1515,1.0
high,SCOTT,007758,2 1 ELGIN,2014,official_vtd_code_and_name_nhgis_blocks,1.0,2-1 Elgin,2010,1519,1.0
high,SCOTT,007751,2 2 ROBBINS,2014,official_vtd_code_and_name_nhgis_blocks,1.0,2-2 Robbins,2010,1512,1.0
high,SCOTT,007753,3 1 HUNTSVILLE,2014,official_vtd_code_and_name_nhgis_blocks,1.0,3-1 Huntsville,2010,1514,1.0
high,SCOTT,007759,3 2 PAINT ROCK,2014,official_vtd_code_and_name_nhgis_blocks,1.0,3-2 Paint Rock,2010,1520,1.0
high,SCOTT,007752,4 1 HELENWOOD,2014,official_vtd_code_and_name_nhgis_blocks,1.0,4-1 Helenwood,2010,1513,1.0
high,SCOTT,007760,5 1 PINE HILL,2014,official_vtd_code_and_name_nhgis_blocks,1.0,5-1 Pine Hill,2010,1521,1.0
high,SCOTT,007755,5 2 WINFIELD,2014,official_vtd_code_and_name_nhgis_blocks,1.0,5-2 Winfield,2010,1516,1.0
high,SCOTT,007756,6 1 ONEIDA,2014,official_vtd_code_and_name_nhgis_blocks,1.0,6-1 Oneida,2010,1517,1.0
high,SCOTT,007757,7 1 WEST ONEIDA,2014,official_vtd_code_and_name_nhgis_blocks,1.0,7-1 West Oneida,2010,1518,1.0
high,SEQUATCHIE,007851,1 LEWIS CHAPEL,2014,official_vtd_code_and_name_nhgis_blocks,1.0,1 Lewis Chapel,2010,1522,1.0
high,SEQUATCHIE,007855,2 CAGLE,2014,official_vtd_code_and_name_nhgis_blocks,1.0,2 Cagle,2010,1526,1.0
high,SEQUATCHIE,007859,3 COURTHOUSE,2014,official_vtd_exact_label_code_nhgis_blocks,0.97,3 Court House,2010,1530,1.0
high,SEQUATCHIE,007856,4 ELECTRIC CO OP,2014,official_vtd_code_and_name_nhgis_blocks,1.0,4 Electric Co-op,2010,1529,0.004971819925
high,SEQUATCHIE,007858,4 ELECTRIC CO OP,2014,official_vtd_code_and_name_nhgis_blocks,1.0,4 Electric Co-op,2010,1529,0.995028180075
high,SEQUATCHIE,007853,5 CHAPEL HILL,2014,official_vtd_code_and_name_nhgis_blocks,1.0,5 Chapel Hill,2010,1524,0.998800162329
high,SEQUATCHIE,007857,5 CHAPEL HILL,2014,official_vtd_code_and_name_nhgis_blocks,1.0,5 Chapel Hill,2010,1524,0.001199837671
high,SEQUATCHIE,007854,6 DAUS,2014,official_vtd_code_and_name_nhgis_blocks,1.0,6 Daus,2010,1525,1.0
high,SEQUATCHIE,007857,7 TRAINING CENTER,2014,official_vtd_exact_label_code_nhgis_blocks,0.97,7 City Training Center,2010,1528,1.0
high,SEQUATCHIE,007852,8 LONE OAK,2014,official_vtd_code_and_name_nhgis_blocks,1.0,8 Lone Oak,2010,1523,1.0
high,SEQUATCHIE,007856,9 FREDONIA,2014,official_vtd_code_and_name_nhgis_blocks,1.0,9 Fredonia,2010,1527,0.995206260534
high,SEQUATCHIE,007858,9 FREDONIA,2014,official_vtd_code_and_name_nhgis_blocks,1.0,9 Fredonia,2010,1527,0.004793739466
high,SHELBY,008101,MEMPHIS 01,2014,official_vtd_exact_name_nhgis_blocks,0.95,Memphis 01,2010,1628,1.0
high,SHELBY,008102,MEMPHIS 02,2014,official_vtd_exact_name_nhgis_blocks,0.95,Memphis 02,2010,1629,1.0
high,SHELBY,008103,MEMPHIS 11,2014,official_vtd_exact_name_nhgis_blocks,0.95,Memphis 11,2010,1630,1.0
high,SHELBY,008104,MEMPHIS 12,2014,official_vtd_exact_name_nhgis_blocks,0.95,Memphis 12,2010,1765,1.0
high,SHELBY,008105,MEMPHIS 13,2014,official_vtd_exact_name_nhgis_blocks,0.95,Memphis 13,2010,1764,1.0
high,SHELBY,008107,MEMPHIS 16 1,2014,official_vtd_exact_name_nhgis_blocks,0.95,Memphis 16-1,2010,1658,1.0
high,SHELBY,008106,MEMPHIS 16 3,2014,official_vtd_exact_name_nhgis_blocks,0.95,Memphis 16-3,2010,1656,1.0
high,SHELBY,008108,MEMPHIS 17,2014,official_vtd_exact_name_nhgis_blocks,0.95,Memphis 17,2010,1657,1.0
high,SHELBY,008109,MEMPHIS 20 1,2014,official_vtd_exact_name_nhgis_blocks,0.95,Memphis 20-1,2010,1655,1.0
high,SHELBY,008110,MEMPHIS 20 3,2014,official_vtd_exact_name_nhgis_blocks,0.95,Memphis 20-3,2010,1626,1.0
high,SHELBY,008111,MEMPHIS 21,2014,official_vtd_exact_name_nhgis_blocks,0.95,Memphis 21,2010,1631,1.0
high,SHELBY,008101,MEMPHIS 22,2014,official_vtd_exact_name_nhgis_blocks,0.95,Memphis 22,2010,1627,1.0
high,SHELBY,008113,MEMPHIS 26,2014,official_vtd_exact_name_nhgis_blocks,0.95,Memphis 26,2010,1760,1.0
high,SHELBY,008114,MEMPHIS 28,2014,official_vtd_exact_name_nhgis_blocks,0.95,Memphis 28,2010,1659,1.0
high,SHELBY,008118,MEMPHIS 29 1,2014,official_vtd_exact_name_nhgis_blocks,0.95,Memphis 29-1,2010,1738,1.0
high,SHELBY,008171,MEMPHIS 29 2,2014,official_vtd_exact_name_nhgis_blocks,0.95,Memphis 29-2,2010,1735,1.0
high,SHELBY,008117,MEMPHIS 31 2,2014,official_vtd_exact_name_nhgis_blocks,0.95,Memphis 31-2,2010,1739,1.0
high,SHELBY,008118,MEMPHIS 31 4,2014,official_vtd_exact_name_nhgis_blocks,0.95,Memphis 31-4,2010,1740,1.0
high,SHELBY,008119,MEMPHIS 33,2014,official_vtd_exact_name_nhgis_blocks,0.95,Memphis 33,2010,1654,1.0
high,SHELBY,008120,MEMPHIS 34 2,2014,official_vtd_exact_name_nhgis_blocks,0.95,Memphis 34-2,2010,1761,1.0
high,SHELBY,008122,MEMPHIS 36 1,2014,official_vtd_exact_name_nhgis_blocks,0.95,Memphis 36-1,2010,1636,1.0
high,SHELBY,008123,MEMPHIS 36 2,2014,official_vtd_exact_name_nhgis_blocks,0.95,Memphis 36-2,2010,1634,1.0
high,SHELBY,008122,MEMPHIS 36 3,2014,official_vtd_exact_name_nhgis_blocks,0.95,Memphis 36-3,2010,1635,1.0
high,SHELBY,008125,MEMPHIS 37,2014,official_vtd_exact_name_nhgis_blocks,0.95,Memphis 37,2010,1653,1.0
high,SHELBY,008125,MEMPHIS 38 2,2014,official_vtd_exact_name_nhgis_blocks,0.95,Memphis 38-2,2010,1640,1.0
high,SHELBY,008111,MEMPHIS 40 1,2014,official_vtd_exact_name_nhgis_blocks,0.95,Memphis 40-1,2010,1625,1.0
high,SHELBY,008123,MEMPHIS 40 2,2014,official_vtd_exact_name_nhgis_blocks,0.95,Memphis 40-2,2010,1632,1.0
high,SHELBY,008131,MEMPHIS 41 1,2014,official_vtd_exact_name_nhgis_blocks,0.95,Memphis 41-1,2010,1624,1.0
high,SHELBY,008130,MEMPHIS 41 3,2014,official_vtd_exact_name_nhgis_blocks,0.95,Memphis 41-3,2010,1633,1.0
high,SHELBY,008131,MEMPHIS 42 1,2014,official_vtd_exact_name_nhgis_blocks,0.95,Memphis 42-1,2010,1623,1.0
high,SHELBY,008131,MEMPHIS 43 2,2014,official_vtd_exact_name_nhgis_blocks,0.95,Memphis 43-2,2010,1622,1.0
high,SHELBY,008133,MEMPHIS 44 1,2014,official_vtd_exact_name_nhgis_blocks,0.95,Memphis 44-1,2010,1651,1.0
high,SHELBY,008133,MEMPHIS 44 2,2014,official_vtd_exact_name_nhgis_blocks,0.95,Memphis 44-2,2010,1650,1.0
high,SHELBY,008157,MEMPHIS 44 3,2014,official_vtd_exact_name_nhgis_blocks,0.95,Memphis 44-3,2010,1662,1.0
high,SHELBY,008136,MEMPHIS 44 5,2014,official_vtd_exact_name_nhgis_blocks,0.95,Memphis 44-5,2010,1652,1.0
high,SHELBY,008139,MEMPHIS 45 1,2014,official_vtd_exact_name_nhgis_blocks,0.95,Memphis 45-1,2010,1660,1.0
high,SHELBY,008138,MEMPHIS 45 2,2014,official_vtd_exact_name_nhgis_blocks,0.95,Memphis 45-2,2010,1734,1.0
high,SHELBY,008139,MEMPHIS 45 4,2014,official_vtd_exact_name_nhgis_blocks,0.95,Memphis 45-4,2010,1661,1.0
high,SHELBY,008141,MEMPHIS 46 1,2014,official_vtd_exact_name_nhgis_blocks,0.95,Memphis 46-1,2010,1663,1.0
high,SHELBY,008141,MEMPHIS 46 2,2014,official_vtd_exact_name_nhgis_blocks,0.95,Memphis 46-2,2010,1664,1.0
high,SHELBY,008170,MEMPHIS 48,2014,official_vtd_exact_name_nhgis_blocks,0.95,Memphis 48,2010,1759,1.0
high,SHELBY,008144,MEMPHIS 49,2014,official_vtd_exact_name_nhgis_blocks,0.95,Memphis 49,2010,1762,1.0
high,SHELBY,008145,MEMPHIS 50 1,2014,official_vtd_exact_name_nhgis_blocks,0.95,Memphis 50-1,2010,1766,1.0
high,SHELBY,008121,MEMPHIS 50 2,2014,official_vtd_exact_name_nhgis_blocks,0.95,Memphis 50-2,2010,1763,1.0
high,SHELBY,008146,MEMPHIS 52 1,2014,official_vtd_exact_name_nhgis_blocks,0.95,Memphis 52-1,2010,1637,1.0
high,SHELBY,008146,MEMPHIS 52 2,2014,official_vtd_exact_name_nhgis_blocks,0.95,Memphis 52-2,2010,1638,1.0
high,SHELBY,008125,MEMPHIS 52 3,2014,official_vtd_exact_name_nhgis_blocks,0.95,Memphis 52-3,2010,1639,1.0
high,SHELBY,008149,MEMPHIS 53 1,2014,official_vtd_exact_name_nhgis_blocks,0.95,Memphis 53-1,2010,1641,1.0
high,SHELBY,008172,MEMPHIS 53 2,2014,official_vtd_exact_name_nhgis_blocks,0.95,Memphis 53-2,2010,1642,1.0
high,SHELBY,008152,MEMPHIS 53 3,2014,official_vtd_exact_name_nhgis_blocks,0.95,Memphis 53-3,2010,1643,1.0
high,SHELBY,008152,MEMPHIS 54,2014,official_vtd_exact_name_nhgis_blocks,0.95,Memphis 54,2010,1644,1.0
high,SHELBY,008154,MEMPHIS 55 1,2014,official_vtd_exact_name_nhgis_blocks,0.95,Memphis 55-1,2010,1649,1.0
high,SHELBY,008154,MEMPHIS 55 2,2014,official_vtd_exact_name_nhgis_blocks,0.95,Memphis 55-2,2010,1648,1.0
high,SHELBY,008157,MEMPHIS 56 1,2014,official_vtd_exact_name_nhgis_blocks,0.95,Memphis 56-1,2010,1666,1.0
high,SHELBY,008177,MEMPHIS 56 3,2014,official_vtd_exact_name_nhgis_blocks,0.95,Memphis 56-3,2010,1725,1.0
high,SHELBY,008157,MEMPHIS 57,2014,official_vtd_exact_name_nhgis_blocks,0.95,Memphis 57,2010,1665,1.0
high,SHELBY,008158,MEMPHIS 58 1,2014,official_vtd_exact_name_nhgis_blocks,0.95,Memphis 58-1,2010,1732,1.0
high,SHELBY,008159,MEMPHIS 58 4,2014,official_vtd_exact_name_nhgis_blocks,0.95,Memphis 58-4,2010,1727,1.0
high,SHELBY,008138,MEMPHIS 59 1,2014,official_vtd_exact_name_nhgis_blocks,0.95,Memphis 59-1,2010,1733,1.0
high,SHELBY,008161,MEMPHIS 59 5,2014,official_vtd_exact_name_nhgis_blocks,0.95,Memphis 59-5,2010,1731,1.0
high,SHELBY,008164,MEMPHIS 60 1,2014,official_vtd_exact_name_nhgis_blocks,0.95,Memphis 60-1,2010,1756,1.0
high,SHELBY,008161,MEMPHIS 60 2,2014,official_vtd_exact_name_nhgis_blocks,0.95,Memphis 60-2,2010,1730,1.0
high,SHELBY,008164,MEMPHIS 60 3,2014,official_vtd_exact_name_nhgis_blocks,0.95,Memphis 60-3,2010,1757,1.0
high,SHELBY,008170,MEMPHIS 60 4,2014,official_vtd_exact_name_nhgis_blocks,0.95,Memphis 60-4,2010,1758,1.0
high,SHELBY,008166,MEMPHIS 60 5,2014,official_vtd_exact_name_nhgis_blocks,0.95,Memphis 60-5,2010,1720,1.0
high,SHELBY,008167,MEMPHIS 60 6,2014,official_vtd_exact_name_nhgis_blocks,0.95,Memphis 60-6,2010,1742,1.0
high,SHELBY,008168,MEMPHIS 60 7,2014,official_vtd_exact_name_nhgis_blocks,0.95,Memphis 60-7,2010,1719,1.0
high,SHELBY,008167,MEMPHIS 60 8,2014,official_vtd_exact_name_nhgis_blocks,0.95,Memphis 60-8,2010,1743,1.0
high,SHELBY,008170,MEMPHIS 60 9,2014,official_vtd_exact_name_nhgis_blocks,0.95,Memphis 60-9,2010,1741,1.0
high,SHELBY,008171,MEMPHIS 61,2014,official_vtd_exact_name_nhgis_blocks,0.95,Memphis 61,2010,1736,1.0
high,SHELBY,008152,MEMPHIS 63 2,2014,official_vtd_exact_name_nhgis_blocks,0.95,Memphis 63-2,2010,1645,1.0
high,SHELBY,008174,MEMPHIS 64,2014,official_vtd_exact_name_nhgis_blocks,0.95,Memphis 64,2010,1647,1.0
high,SHELBY,008141,MEMPHIS 65 1,2014,official_vtd_exact_name_nhgis_blocks,0.95,Memphis 65-1,2010,1726,1.0
high,SHELBY,008176,MEMPHIS 66,2014,official_vtd_exact_name_nhgis_blocks,0.95,Memphis 66,2010,1724,1.0
high,SHELBY,008177,MEMPHIS 67 1,2014,official_vtd_exact_name_nhgis_blocks,0.95,Memphis 67-1,2010,1706,1.0
high,SHELBY,008178,MEMPHIS 67 3,2014,official_vtd_exact_name_nhgis_blocks,0.95,Memphis 67-3,2010,1705,1.0
high,SHELBY,008179,MEMPHIS 68 1,2014,official_vtd_exact_name_nhgis_blocks,0.95,Memphis 68-1,2010,1646,1.0
high,SHELBY,008180,MEMPHIS 68 3,2014,official_vtd_exact_name_nhgis_blocks,0.95,Memphis 68-3,2010,1667,1.0
high,SHELBY,008182,MEMPHIS 69 1,2014,official_vtd_exact_name_nhgis_blocks,0.95,Memphis 69-1,2010,1618,1.0
high,SHELBY,008182,MEMPHIS 69 2,2014,official_vtd_exact_name_nhgis_blocks,0.95,Memphis 69-2,2010,1619,1.0
high,SHELBY,008183,MEMPHIS 70 1,2014,official_vtd_exact_name_nhgis_blocks,0.95,Memphis 70-1,2010,1616,1.0
high,SHELBY,008184,MEMPHIS 70 2,2014,official_vtd_exact_name_nhgis_blocks,0.95,Memphis 70-2,2010,1620,1.0
high,SHELBY,008184,MEMPHIS 70 3,2014,official_vtd_exact_name_nhgis_blocks,0.95,Memphis 70-3,2010,1617,1.0
high,SHELBY,008187,MEMPHIS 71 3,2014,official_vtd_exact_name_nhgis_blocks,0.95,Memphis 71-3,2010,1615,1.0
high,SHELBY,008187,MEMPHIS 71 4,2014,official_vtd_exact_name_nhgis_blocks,0.95,Memphis 71-4,2010,1576,1.0
high,SHELBY,008189,MEMPHIS 72 3,2014,official_vtd_exact_name_nhgis_blocks,0.95,Memphis 72-3,2010,1614,1.0
high,SHELBY,008190,MEMPHIS 72 7,2014,official_vtd_exact_name_nhgis_blocks,0.95,Memphis 72-7,2010,1621,1.0
high,SHELBY,008159,MEMPHIS 73 1,2014,official_vtd_exact_name_nhgis_blocks,0.95,Memphis 73-1,2010,1729,0.009816419262
high,SHELBY,008161,MEMPHIS 73 1,2014,official_vtd_exact_name_nhgis_blocks,0.95,Memphis 73-1,2010,1729,0.003846692241
high,SHELBY,008191,MEMPHIS 73 1,2014,official_vtd_exact_name_nhgis_blocks,0.95,Memphis 73-1,2010,1729,0.986336888497
high,SHELBY,008192,MEMPHIS 73 3,2014,official_vtd_exact_name_nhgis_blocks,0.95,Memphis 73-3,2010,1723,0.99658493543
high,SHELBY,008197,MEMPHIS 73 3,2014,official_vtd_exact_name_nhgis_blocks,0.95,Memphis 73-3,2010,1723,0.00341506457
high,SHELBY,008191,MEMPHIS 73 4,2014,official_vtd_exact_name_nhgis_blocks,0.95,Memphis 73-4,2010,1728,1.0
high,SHELBY,008194,MEMPHIS 74 1,2014,official_vtd_exact_name_nhgis_blocks,0.95,Memphis 74-1,2010,1707,1.0
high,SHELBY,008195,MEMPHIS 74 2,2014,official_vtd_exact_name_nhgis_blocks,0.95,Memphis 74-2,2010,1708,1.0
high,SHELBY,008199,MEMPHIS 74 4,2014,official_vtd_exact_name_nhgis_blocks,0.95,Memphis 74-4,2010,1718,1.0
high,SHELBY,008197,MEMPHIS 74 5,2014,official_vtd_exact_name_nhgis_blocks,0.95,Memphis 74-5,2010,1722,1.0
high,SHELBY,008222,MEMPHIS 74 6,2014,official_vtd_exact_name_nhgis_blocks,0.95,Memphis 74-6,2010,1704,1.0
high,SHELBY,008199,MEMPHIS 74 9,2014,official_vtd_exact_name_nhgis_blocks,0.95,Memphis 74-9,2010,1721,1.0
high,SHELBY,008200,MEMPHIS 75 1,2014,official_vtd_exact_name_nhgis_blocks,0.95,Memphis 75-1,2010,1767,1.0
high,SHELBY,008202,MEMPHIS 75 6,2014,official_vtd_exact_name_nhgis_blocks,0.95,Memphis 75-6,2010,1771,1.0
high,SHELBY,008203,MEMPHIS 75 7,2014,official_vtd_exact_name_nhgis_blocks,0.95,Memphis 75-7,2010,1768,1.0
high,SHELBY,008201,MEMPHIS 75 11,2014,official_vtd_exact_name_nhgis_blocks,0.95,Memphis 75-11,2010,1772,1.0
high,SHELBY,008204,MEMPHIS 76 4,2014,official_vtd_exact_name_nhgis_blocks,0.95,Memphis 76-4,2010,1754,1.0
high,SHELBY,008205,MEMPHIS 76 5,2014,official_vtd_exact_name_nhgis_blocks,0.95,Memphis 76-5,2010,1752,1.0
high,SHELBY,008206,MEMPHIS 76 6,2014,official_vtd_exact_name_nhgis_blocks,0.95,Memphis 76-6,2010,1753,1.0
high,SHELBY,008207,MEMPHIS 77 1,2014,official_vtd_exact_name_nhgis_blocks,0.95,Memphis 77-1,2010,1755,1.0
high,SHELBY,008206,MEMPHIS 77 2,2014,official_vtd_exact_name_nhgis_blocks,0.95,Memphis 77-2,2010,1751,1.0
high,SHELBY,008209,MEMPHIS 77 3,2014,official_vtd_exact_name_nhgis_blocks,0.95,Memphis 77-3,2010,1750,1.0
high,SHELBY,008210,MEMPHIS 78 3,2014,official_vtd_exact_name_nhgis_blocks,0.95,Memphis 78-3,2010,1744,1.0
high,SHELBY,008211,MEMPHIS 79 1,2014,official_vtd_exact_name_nhgis_blocks,0.95,Memphis 79-1,2010,1749,1.0
high,SHELBY,008212,MEMPHIS 79 2,2014,official_vtd_exact_name_nhgis_blocks,0.95,Memphis 79-2,2010,1748,1.0
high,SHELBY,008213,MEMPHIS 79 3,2014,official_vtd_exact_name_nhgis_blocks,0.95,Memphis 79-3,2010,1747,1.0
high,SHELBY,008214,MEMPHIS 79 7,2014,official_vtd_exact_name_nhgis_blocks,0.95,Memphis 79-7,2010,1746,1.0
high,SHELBY,008210,MEMPHIS 79 8,2014,official_vtd_exact_name_nhgis_blocks,0.95,Memphis 79-8,2010,1745,0.491811909842
high,SHELBY,008211,MEMPHIS 79 8,2014,official_vtd_exact_name_nhgis_blocks,0.95,Memphis 79-8,2010,1745,0.508188090158
high,SHELBY,008216,MEMPHIS 80 2,2014,official_vtd_exact_name_nhgis_blocks,0.95,Memphis 80-2,2010,1669,1.0
high,SHELBY,008217,MEMPHIS 81 1,2014,official_vtd_exact_name_nhgis_blocks,0.95,Memphis 81-1,2010,1668,1.0
high,SHELBY,008222,MEMPHIS 81 2,2014,official_vtd_exact_name_nhgis_blocks,0.95,Memphis 81-2,2010,1703,1.0
high,SHELBY,008219,MEMPHIS 81 3,2014,official_vtd_exact_name_nhgis_blocks,0.95,Memphis 81-3,2010,1699,1.0
high,SHELBY,008219,MEMPHIS 81 4,2014,official_vtd_exact_name_nhgis_blocks,0.95,Memphis 81-4,2010,1700,1.0
high,SHELBY,008086,MEMPHIS 81 5,2014,official_vtd_exact_name_nhgis_blocks,0.95,Memphis 81-5,2010,1693,0.00107734164
high,SHELBY,008090,MEMPHIS 81 5,2014,official_vtd_exact_name_nhgis_blocks,0.95,Memphis 81-5,2010,1693,0.001827785074
high,SHELBY,008221,MEMPHIS 81 5,2014,official_vtd_exact_name_nhgis_blocks,0.95,Memphis 81-5,2010,1693,0.997094873286
high,SHELBY,008222,MEMPHIS 81 7,2014,official_vtd_exact_name_nhgis_blocks,0.95,Memphis 81-7,2010,1701,1.0
high,SHELBY,008203,MEMPHIS 82 1,2014,official_vtd_exact_name_nhgis_blocks,0.95,Memphis 82-1,2010,1769,1.0
high,SHELBY,008224,MEMPHIS 82 2,2014,official_vtd_exact_name_nhgis_blocks,0.95,Memphis 82-2,2010,1773,1.0
high,SHELBY,008202,MEMPHIS 82 3,2014,official_vtd_exact_name_nhgis_blocks,0.95,Memphis 82-3,2010,1770,1.0
high,SHELBY,008226,MEMPHIS 83,2014,official_vtd_exact_name_nhgis_blocks,0.95,Memphis 83,2010,1611,1.0
high,SHELBY,008240,MEMPHIS 84 1,2014,official_vtd_exact_name_nhgis_blocks,0.95,Memphis 84-1,2010,1612,1.0
high,SHELBY,008228,MEMPHIS 84 2,2014,official_vtd_exact_name_nhgis_blocks,0.95,Memphis 84-2,2010,1613,1.0
high,SHELBY,008229,MEMPHIS 86,2014,official_vtd_exact_name_nhgis_blocks,0.95,Memphis 86,2010,1580,1.0
high,SHELBY,008231,MEMPHIS 87 1,2014,official_vtd_exact_name_nhgis_blocks,0.95,Memphis 87-1,2010,1581,1.0
high,SHELBY,008061,MEMPHIS 87 2,2014,official_vtd_exact_name_nhgis_blocks,0.95,Memphis 87-2,2010,1572,1.0
high,SHELBY,008064,MEMPHIS 87 3,2014,official_vtd_exact_name_nhgis_blocks,0.95,Memphis 87-3,2010,1583,0.016231626754
high,SHELBY,008231,MEMPHIS 87 3,2014,official_vtd_exact_name_nhgis_blocks,0.95,Memphis 87-3,2010,1583,0.983768373246
high,SHELBY,008064,MEMPHIS 87 4,2014,official_vtd_exact_name_nhgis_blocks,0.95,Memphis 87-4,2010,1582,0.985861083395
high,SHELBY,008099,MEMPHIS 87 4,2014,official_vtd_exact_name_nhgis_blocks,0.95,Memphis 87-4,2010,1582,0.014126687722
high,SHELBY,008231,MEMPHIS 87 4,2014,official_vtd_exact_name_nhgis_blocks,0.95,Memphis 87-4,2010,1582,1.2228883e-05
high,SHELBY,008232,MEMPHIS 88 2,2014,official_vtd_exact_name_nhgis_blocks,0.95,Memphis 88-2,2010,1607,1.0
high,SHELBY,008233,MEMPHIS 88 3,2014,official_vtd_exact_name_nhgis_blocks,0.95,Memphis 88-3,2010,1606,1.0
high,SHELBY,008234,MEMPHIS 88 4,2014,official_vtd_exact_name_nhgis_blocks,0.95,Memphis 88-4,2010,1608,1.0
high,SHELBY,008234,MEMPHIS 88 5,2014,official_vtd_exact_name_nhgis_blocks,0.95,Memphis 88-5,2010,1609,1.0
high,SHELBY,008236,MEMPHIS 89 1,2014,official_vtd_exact_name_nhgis_blocks,0.95,Memphis 89-1,2010,1605,0.996953760877
high,SHELBY,008237,MEMPHIS 89 1,2014,official_vtd_exact_name_nhgis_blocks,0.95,Memphis 89-1,2010,1605,0.003046239123
high,SHELBY,008237,MEMPHIS 89 2,2014,official_vtd_exact_name_nhgis_blocks,0.95,Memphis 89-2,2010,1597,1.0
high,SHELBY,008239,MEMPHIS 90 1,2014,official_vtd_exact_name_nhgis_blocks,0.95,Memphis 90-1,2010,1577,1.0
high,SHELBY,008239,MEMPHIS 90 2,2014,official_vtd_exact_name_nhgis_blocks,0.95,Memphis 90-2,2010,1578,1.0
high,SHELBY,008240,MEMPHIS 90 3,2014,official_vtd_exact_name_nhgis_blocks,0.95,Memphis 90-3,2010,1579,1.0
high,SHELBY,008241,MEMPHIS 91 1,2014,official_vtd_exact_name_nhgis_blocks,0.95,Memphis 91-1,2010,1598,1.0
high,SHELBY,008242,MEMPHIS 91 2,2014,official_vtd_exact_name_nhgis_blocks,0.95,Memphis 91-2,2010,1595,1.0
high,SHELBY,008080,MEMPHIS 91 4,2014,official_vtd_exact_name_nhgis_blocks,0.95,Memphis 91-4,2010,1596,1.0
high,SHELBY,008243,MEMPHIS 92 1,2014,official_vtd_exact_name_nhgis_blocks,0.95,Memphis 92-1,2010,1717,1.0
high,SHELBY,008245,MEMPHIS 93 1,2014,official_vtd_exact_name_nhgis_blocks,0.95,Memphis 93-1,2010,1702,1.0
high,SHELBY,008246,MEMPHIS 93 3,2014,official_vtd_exact_name_nhgis_blocks,0.95,Memphis 93-3,2010,1709,1.0
high,SHELBY,008250,MEMPHIS 94 2,2014,official_vtd_exact_name_nhgis_blocks,0.95,Memphis 94-2,2010,1713,1.0
high,SHELBY,008248,MEMPHIS 94 3,2014,official_vtd_exact_name_nhgis_blocks,0.95,Memphis 94-3,2010,1712,1.0
high,SHELBY,008248,MEMPHIS 94 5,2014,official_vtd_exact_name_nhgis_blocks,0.95,Memphis 94-5,2010,1711,1.0
high,SHELBY,008244,MEMPHIS 94 6,2014,official_vtd_exact_name_nhgis_blocks,0.95,Memphis 94-6,2010,1716,1.0
high,SHELBY,008250,MEMPHIS 94 7,2014,official_vtd_exact_name_nhgis_blocks,0.95,Memphis 94-7,2010,1710,1.0
high,SHELBY,008251,MEMPHIS 94 8,2014,official_vtd_exact_name_nhgis_blocks,0.95,Memphis 94-8,2010,1690,0.991095468583
high,SHELBY,008265,MEMPHIS 94 8,2014,official_vtd_exact_name_nhgis_blocks,0.95,Memphis 94-8,2010,1690,0.008904531417
high,SHELBY,008252,MEMPHIS 95 1,2014,official_vtd_exact_name_nhgis_blocks,0.95,Memphis 95-1,2010,1586,1.0
high,SHELBY,008252,MEMPHIS 95 2,2014,official_vtd_exact_name_nhgis_blocks,0.95,Memphis 95-2,2010,1587,1.0
high,SHELBY,008236,MEMPHIS 95 3,2014,official_vtd_exact_name_nhgis_blocks,0.95,Memphis 95-3,2010,1604,0.998431518092
high,SHELBY,008252,MEMPHIS 95 3,2014,official_vtd_exact_name_nhgis_blocks,0.95,Memphis 95-3,2010,1604,0.001568481908
high,SHELBY,008255,MEMPHIS 95 5,2014,official_vtd_exact_name_nhgis_blocks,0.95,Memphis 95-5,2010,1601,1.0
high,SHELBY,008256,MEMPHIS 95 6,2014,official_vtd_exact_name_nhgis_blocks,0.95,Memphis 95-6,2010,1600,1.0
high,SHELBY,008257,MEMPHIS 95 7,2014,official_vtd_exact_name_nhgis_blocks,0.95,Memphis 95-7,2010,1599,1.0
high,SHELBY,008076,MEMPHIS 95 8,2014,official_vtd_exact_name_nhgis_blocks,0.95,Memphis 95-8,2010,1594,0.003278409806
high,SHELBY,008241,MEMPHIS 95 8,2014,official_vtd_exact_name_nhgis_blocks,0.95,Memphis 95-8,2010,1594,0.0008509453
high,SHELBY,008258,MEMPHIS 95 8,2014,official_vtd_exact_name_nhgis_blocks,0.95,Memphis 95-8,2010,1594,0.948552187701
high,SHELBY,008262,MEMPHIS 95 8,2014,official_vtd_exact_name_nhgis_blocks,0.95,Memphis 95-8,2010,1594,0.047318457194
high,SHELBY,008259,MEMPHIS 96 1,2014,official_vtd_exact_name_nhgis_blocks,0.95,Memphis 96-1,2010,1589,1.0
high,SHELBY,008079,MEMPHIS 96 2,2014,official_vtd_exact_name_nhgis_blocks,0.95,Memphis 96-2,2010,1588,1.0
high,SHELBY,008053,BARTLETT 02,2014,official_vtd_exact_name_nhgis_blocks,0.95,Bartlett 02,2010,1585,1.0
high,SHELBY,008054,BARTLETT 03,2014,official_vtd_exact_name_nhgis_blocks,0.95,Bartlett 03,2010,1567,1.0
high,SHELBY,008055,BARTLETT 04,2014,official_vtd_exact_name_nhgis_blocks,0.95,Bartlett 04,2010,1566,1.0
high,SHELBY,008056,BARTLETT 05,2014,official_vtd_exact_name_nhgis_blocks,0.95,Bartlett 05,2010,1564,1.0
high,SHELBY,008057,BARTLETT 06,2014,official_vtd_exact_name_nhgis_blocks,0.95,Bartlett 06,2010,1584,1.0
high,SHELBY,008058,BARTLETT 08,2014,official_vtd_exact_name_nhgis_blocks,0.95,Bartlett 08,2010,1569,1.0
high,SHELBY,008053,BARTLETT 09,2014,official_vtd_exact_name_nhgis_blocks,0.95,Bartlett 09,2010,1568,1.0
high,SHELBY,008060,BARTLETT 11,2014,official_vtd_exact_name_nhgis_blocks,0.95,Bartlett 11,2010,1565,1.0
high,SHELBY,008058,BARTLETT 12,2014,official_vtd_exact_name_nhgis_blocks,0.95,Bartlett 12,2010,1570,1.0
high,SHELBY,008063,BARTLETT 13,2014,official_vtd_exact_name_nhgis_blocks,0.95,Bartlett 13,2010,1571,1.0
medium,SHELBY,008065,BRUNSWICK 01,2014,official_vtd_fuzzy_name_nhgis_blocks,0.8609,Brunswick 1,2010,1562,0.982462374708
medium,SHELBY,008079,BRUNSWICK 01,2014,official_vtd_fuzzy_name_nhgis_blocks,0.8609,Brunswick 1,2010,1562,0.000965182818
medium,SHELBY,008096,BRUNSWICK 01,2014,official_vtd_fuzzy_name_nhgis_blocks,0.8609,Brunswick 1,2010,1562,0.002074420402
medium,SHELBY,008097,BRUNSWICK 01,2014,official_vtd_fuzzy_name_nhgis_blocks,0.8609,Brunswick 1,2010,1562,0.014498022072
medium,SHELBY,008066,BRUNSWICK 02,2014,official_vtd_fuzzy_name_nhgis_blocks,0.8609,Brunswick 2,2010,1563,1.0
medium,SHELBY,008068,COLLIERVILLE 01,2014,official_vtd_fuzzy_name_nhgis_blocks,0.869,Collierville 1,2010,1679,1.0
medium,SHELBY,008069,COLLIERVILLE 02,2014,official_vtd_fuzzy_name_nhgis_blocks,0.869,Collierville 2,2010,1683,1.0
medium,SHELBY,008070,COLLIERVILLE 03,2014,official_vtd_fuzzy_name_nhgis_blocks,0.869,Collierville 3,2010,1680,1.0
medium,SHELBY,008071,COLLIERVILLE 04,2014,official_vtd_fuzzy_name_nhgis_blocks,0.869,Collierville 4,2010,1684,1.0
medium,SHELBY,008072,COLLIERVILLE 05,2014,official_vtd_fuzzy_name_nhgis_blocks,0.869,Collierville 5,2010,1681,1.0
medium,SHELBY,008073,COLLIERVILLE 06,2014,official_vtd_fuzzy_name_nhgis_blocks,0.869,Collierville 6,2010,1676,0.995891725437
medium,SHELBY,008081,COLLIERVILLE 06,2014,official_vtd_fuzzy_name_nhgis_blocks,0.869,Collierville 6,2010,1676,0.003869647553
medium,SHELBY,008095,COLLIERVILLE 06,2014,official_vtd_fuzzy_name_nhgis_blocks,0.869,Collierville 6,2010,1676,0.00023862701
medium,SHELBY,008074,COLLIERVILLE 07,2014,official_vtd_fuzzy_name_nhgis_blocks,0.869,Collierville 7,2010,1682,1.0
medium,SHELBY,008075,COLLIERVILLE 08,2014,official_vtd_fuzzy_name_nhgis_blocks,0.869,Collierville 8,2010,1677,1.0
medium,SHELBY,008271,COLLIERVILLE 09,2014,official_vtd_fuzzy_name_nhgis_blocks,0.869,Collierville 9,2010,1678,1.0
medium,SHELBY,008076,CORDOVA 03,2014,official_vtd_fuzzy_name_nhgis_blocks,0.8526,Cordova 3,2010,1592,0.993037814327
medium,SHELBY,008242,CORDOVA 03,2014,official_vtd_fuzzy_name_nhgis_blocks,0.8526,Cordova 3,2010,1592,0.00696188466
medium,SHELBY,008258,CORDOVA 03,2014,official_vtd_fuzzy_name_nhgis_blocks,0.8526,Cordova 3,2010,1592,3.01014e-07
medium,SHELBY,008077,CORDOVA 04,2014,official_vtd_fuzzy_name_nhgis_blocks,0.8526,Cordova 4,2010,1602,0.995680565453
medium,SHELBY,008256,CORDOVA 04,2014,official_vtd_fuzzy_name_nhgis_blocks,0.8526,Cordova 4,2010,1602,0.004319434547
medium,SHELBY,008078,CORDOVA 05,2014,official_vtd_fuzzy_name_nhgis_blocks,0.8526,Cordova 5,2010,1603,0.981307494856
medium,SHELBY,008236,CORDOVA 05,2014,official_vtd_fuzzy_name_nhgis_blocks,0.8526,Cordova 5,2010,1603,0.011147384056
medium,SHELBY,008237,CORDOVA 05,2014,official_vtd_fuzzy_name_nhgis_blocks,0.8526,Cordova 5,2010,1603,0.007545121088
high,SHELBY,008081,EADS,2014,official_vtd_exact_name_nhgis_blocks,0.95,Eads,2010,1590,1.0
medium,SHELBY,008082,FOREST HILLS 01,2014,official_vtd_fuzzy_name_nhgis_blocks,0.869,Forest Hills 1,2010,1686,0.998870402139
medium,SHELBY,008090,FOREST HILLS 01,2014,official_vtd_fuzzy_name_nhgis_blocks,0.869,Forest Hills 1,2010,1686,0.000269367861
medium,SHELBY,008093,FOREST HILLS 01,2014,official_vtd_fuzzy_name_nhgis_blocks,0.869,Forest Hills 1,2010,1686,0.00086023
medium,SHELBY,008074,FOREST HILLS 02,2014,official_vtd_fuzzy_name_nhgis_blocks,0.869,Forest Hills 2,2010,1685,0.058222180977
medium,SHELBY,008083,FOREST HILLS 02,2014,official_vtd_fuzzy_name_nhgis_blocks,0.869,Forest Hills 2,2010,1685,0.941777819023
medium,SHELBY,008084,FOREST HILLS 03,2014,official_vtd_fuzzy_name_nhgis_blocks,0.869,Forest Hills 3,2010,1687,1.0
high,SHELBY,008089,GERMANTOWN 01,2014,official_vtd_exact_name_nhgis_blocks,0.95,Germantown 01,2010,1671,1.0
high,SHELBY,008086,GERMANTOWN 02,2014,official_vtd_exact_name_nhgis_blocks,0.95,Germantown 02,2010,1698,1.0
high,SHELBY,008087,GERMANTOWN 03,2014,official_vtd_exact_name_nhgis_blocks,0.95,Germantown 03,2010,1672,1.0
high,SHELBY,008088,GERMANTOWN 04,2014,official_vtd_exact_name_nhgis_blocks,0.95,Germantown 04,2010,1673,1.0
high,SHELBY,008089,GERMANTOWN 05,2014,official_vtd_exact_name_nhgis_blocks,0.95,Germantown 05,2010,1670,1.0
high,SHELBY,008090,GERMANTOWN 06,2014,official_vtd_exact_name_nhgis_blocks,0.95,Germantown 06,2010,1694,0.996043741444
high,SHELBY,008093,GERMANTOWN 06,2014,official_vtd_exact_name_nhgis_blocks,0.95,Germantown 06,2010,1694,0.003956258556
high,SHELBY,008091,GERMANTOWN 08,2014,official_vtd_exact_name_nhgis_blocks,0.95,Germantown 08,2010,1696,1.0
high,SHELBY,008086,GERMANTOWN 09,2014,official_vtd_exact_name_nhgis_blocks,0.95,Germantown 09,2010,1697,1.0
high,SHELBY,008093,GERMANTOWN 10,2014,official_vtd_exact_name_nhgis_blocks,0.95,Germantown 10,2010,1695,1.0
high,SHELBY,008094,GERMANTOWN 11,2014,official_vtd_exact_name_nhgis_blocks,0.95,Germantown 11,2010,1675,1.0
high,SHELBY,008095,GERMANTOWN 12,2014,official_vtd_exact_name_nhgis_blocks,0.95,Germantown 12,2010,1674,1.0
medium,SHELBY,008065,LAKELAND 01,2014,official_vtd_fuzzy_name_nhgis_blocks,0.8571,Lakeland 1,2010,1560,8.5966403e-05
medium,SHELBY,008066,LAKELAND 01,2014,official_vtd_fuzzy_name_nhgis_blocks,0.8571,Lakeland 1,2010,1560,0.022832232138
medium,SHELBY,008096,LAKELAND 01,2014,official_vtd_fuzzy_name_nhgis_blocks,0.8571,Lakeland 1,2010,1560,0.977081801459
medium,SHELBY,008079,LAKELAND 02,2014,official_vtd_fuzzy_name_nhgis_blocks,0.8571,Lakeland 2,2010,1561,0.003073299
medium,SHELBY,008097,LAKELAND 02,2014,official_vtd_fuzzy_name_nhgis_blocks,0.8571,Lakeland 2,2010,1561,0.996926701
medium,SHELBY,008098,LUCY 01,2014,official_vtd_fuzzy_name_nhgis_blocks,0.8308,Lucy 1,2010,1574,1.0
medium,SHELBY,008098,LUCY 03,2014,official_vtd_fuzzy_name_nhgis_blocks,0.8308,Lucy 3,2010,1573,0.002106716864
medium,SHELBY,008099,LUCY 03,2014,official_vtd_fuzzy_name_nhgis_blocks,0.8308,Lucy 3,2010,1573,0.997893283136
medium,SHELBY,008100,MCCONNELL S,2014,official_vtd_fuzzy_name_nhgis_blocks,0.8571,McConnells,2010,1575,1.0
medium,SHELBY,008260,MILLINGTON 01,2014,official_vtd_fuzzy_name_nhgis_blocks,0.864,Millington 1,2010,1555,1.0
medium,SHELBY,008099,MILLINGTON 02,2014,official_vtd_fuzzy_name_nhgis_blocks,0.864,Millington 2,2010,1556,0.010182707573
medium,SHELBY,008261,MILLINGTON 02,2014,official_vtd_fuzzy_name_nhgis_blocks,0.864,Millington 2,2010,1556,0.989817292427
high,SHELBY,008262,MORNING SUN 01,2014,official_vtd_exact_name_nhgis_blocks,0.95,Morning Sun 01,2010,1593,1.0
high,SHELBY,008263,MORNING SUN 02,2014,official_vtd_exact_name_nhgis_blocks,0.95,Morning Sun 02,2010,1591,1.0
high,SHELBY,008270,STEWARTVILLE,2014,official_vtd_exact_name_nhgis_blocks,0.95,Stewartville,2010,1557,1.0
high,SMITH,008303,01 DEFEATED,2014,official_vtd_code_and_name_nhgis_blocks,1.0,01 Defeated,2010,1776,1.0
high,SMITH,008308,02 TANGLEWOOD,2014,official_vtd_code_and_name_nhgis_blocks,1.0,02 Tanglewood,2010,1781,1.0
high,SMITH,008302,03 NEW MIDDLETON,2014,official_vtd_code_and_name_nhgis_blocks,1.0,03 New Middleton,2010,1775,1.0
high,SMITH,008301,04 ROCK CITY,2014,official_vtd_code_and_name_nhgis_blocks,1.0,04 Rock City,2010,1774,1.0
high,SMITH,008304,05 GORDONSVILLE,2014,official_vtd_code_and_name_nhgis_blocks,1.0,05 Gordonsville,2010,1777,1.0
high,SMITH,008305,06 CARTHAGE,2014,official_vtd_code_and_name_nhgis_blocks,1.0,06 Carthage,2010,1778,0.998036047614
high,SMITH,008308,06 CARTHAGE,2014,official_vtd_code_and_name_nhgis_blocks,1.0,06 Carthage,2010,1778,0.001963952386
high,SMITH,008306,07 SOUTH CARTHAGE,2014,official_vtd_code_and_name_nhgis_blocks,1.0,07 South Carthage,2010,1779,1.0
high,SMITH,008307,08 ELMWOOD,2014,official_vtd_code_and_name_nhgis_blocks,1.0,08 Elmwood,2010,1780,1.0
high,STEWART,008404,1 1 INDIAN MOUND,2014,official_vtd_code_and_name_nhgis_blocks,1.0,1-1 Indian Mound,2010,1785,1.0
high,STEWART,008401,2 1 BIG ROCK,2014,official_vtd_code_and_name_nhgis_blocks,1.0,2-1 Big Rock,2010,1782,1.0
high,STEWART,008403,3 1 BUMPUS MILLS,2014,official_vtd_code_and_name_nhgis_blocks,1.0,3-1 Bumpus Mills,2010,1784,1.0
high,STEWART,008402,4 1 CHURCH STREET,2014,official_vtd_exact_label_code_nhgis_blocks,0.97,4-1 Family Life Center,2010,1783,1.0
high,STEWART,008405,5 1 VISITORS CENTER,2014,official_vtd_code_and_name_nhgis_blocks,1.0,5-1 Visitors Center,2010,1786,1.0
high,STEWART,008406,6 1 PUBLIC LIBRARY,2014,official_vtd_exact_label_code_nhgis_blocks,0.97,6-1 County Library,2010,1787,1.0
high,STEWART,008407,7 1 CUMBERLAND CITY,2014,official_vtd_code_and_name_nhgis_blocks,1.0,7-1 Cumberland City,2010,1788,1.0
high,SULLIVAN,008504,1A,2014,official_vtd_code_and_name_nhgis_blocks,1.0,1A,2010,1792,1.0
high,SULLIVAN,008501,2A,2014,official_vtd_code_and_name_nhgis_blocks,1.0,2A,2010,1789,1.0
high,SULLIVAN,008517,2B,2014,official_vtd_code_and_name_nhgis_blocks,1.0,2B,2010,1805,1.0
high,SULLIVAN,008516,2C,2014,official_vtd_code_and_name_nhgis_blocks,1.0,2C,2010,1804,1.0
high,SULLIVAN,008503,3A,2014,official_vtd_code_and_name_nhgis_blocks,1.0,3A,2010,1791,1.0
high,SULLIVAN,008502,4A,2014,official_vtd_code_and_name_nhgis_blocks,1.0,4A,2010,1790,0.99479046459
high,SULLIVAN,008514,4A,2014,official_vtd_code_and_name_nhgis_blocks,1.0,4A,2010,1790,0.000636493785
high,SULLIVAN,008516,4A,2014,official_vtd_code_and_name_nhgis_blocks,1.0,4A,2010,1790,0.004573041626
high,SULLIVAN,008515,4B,2014,official_vtd_code_and_name_nhgis_blocks,1.0,4B,2010,1803,1.0
high,SULLIVAN,008514,4C,2014,official_vtd_code_and_name_nhgis_blocks,1.0,4C,2010,1802,1.0
high,SULLIVAN,008513,5A,2014,official_vtd_code_and_name_nhgis_blocks,1.0,5A,2010,1801,1.0
high,SULLIVAN,008512,5B,2014,official_vtd_code_and_name_nhgis_blocks,1.0,5B,2010,1800,0.998456468651
high,SULLIVAN,008514,5B,2014,official_vtd_code_and_name_nhgis_blocks,1.0,5B,2010,1800,0.001543531349
high,SULLIVAN,008507,5C,2014,official_vtd_code_and_name_nhgis_blocks,1.0,5C,2010,1795,1.0
high,SULLIVAN,008520,6A,2014,official_vtd_code_and_name_nhgis_blocks,1.0,6A,2010,1808,1.0
high,SULLIVAN,008521,6B,2014,official_vtd_code_and_name_nhgis_blocks,1.0,6B,2010,1809,1.0
high,SULLIVAN,008508,6C,2014,official_vtd_code_and_name_nhgis_blocks,1.0,6C,2010,1796,1.0
high,SULLIVAN,008519,7A,2014,official_vtd_code_and_name_nhgis_blocks,1.0,7A,2010,1807,1.0
high,SULLIVAN,008518,7B,2014,official_vtd_code_and_name_nhgis_blocks,1.0,7B,2010,1806,1.0
high,SULLIVAN,008509,7C,2014,official_vtd_code_and_name_nhgis_blocks,1.0,7C,2010,1797,1.0
high,SULLIVAN,008510,8A,2014,official_vtd_code_and_name_nhgis_blocks,1.0,8A,2010,1798,1.0
high,SULLIVAN,008525,8B,2014,official_vtd_code_and_name_nhgis_blocks,1.0,8B,2010,1813,1.0
high,SULLIVAN,008511,9A,2014,official_vtd_code_and_name_nhgis_blocks,1.0,9A,2010,1799,1.0
high,SULLIVAN,008511,9B,2014,official_vtd_code_and_name_nhgis_blocks,1.0,9B,2010,1812,0.019686379687
high,SULLIVAN,008524,9B,2014,official_vtd_code_and_name_nhgis_blocks,1.0,9B,2010,1812,0.980313620313
high,SULLIVAN,008522,10A,2014,official_vtd_code_and_name_nhgis_blocks,1.0,10A,2010,1810,1.0
high,SULLIVAN,008505,10B,2014,official_vtd_code_and_name_nhgis_blocks,1.0,10B,2010,1793,1.0
high,SULLIVAN,008506,11A,2014,official_vtd_code_and_name_nhgis_blocks,1.0,11A,2010,1794,1.0
high,SULLIVAN,008523,11B,2014,official_vtd_code_and_name_nhgis_blocks,1.0,11B,2010,1811,1.0
high,SUMNER,008632,1 1 WESTMORELAND,2014,official_vtd_equivalent_code_nhgis_blocks,0.97,101 Westmoreland Middle,2010,1837,1.0
high,SUMNER,008636,1 3 CORINTH,2014,official_vtd_equivalent_code_nhgis_blocks,0.97,103 Corinth Church of Christ,2010,1840,1.0
high,SUMNER,008614,2 2 PORTLAND,2014,official_vtd_equivalent_code_nhgis_blocks,0.97,202 Portland High School,2010,1824,1.0
high,SUMNER,008613,2 3 WISEMAN,2014,official_vtd_equivalent_code_nhgis_blocks,0.97,203 Wiseman Elementary,2010,1823,1.0
high,SUMNER,008635,3 1 CIVIC CENTER,2014,official_vtd_equivalent_code_nhgis_blocks,0.97,301 Gallatin Civic Center,2010,1839,1.0
high,SUMNER,008607,3 3 CREEKSIDE,2014,official_vtd_equivalent_code_nhgis_blocks,0.97,303 Creekside Fellowship,2010,1817,1.0
high,SUMNER,008611,4 1 HOWARD,2014,official_vtd_equivalent_code_nhgis_blocks,0.97,401 Howard Elementary School,2010,1821,0.998346256528
high,SUMNER,008622,4 1 HOWARD,2014,official_vtd_equivalent_code_nhgis_blocks,0.97,401 Howard Elementary School,2010,1821,0.001576950092
high,SUMNER,008628,4 1 HOWARD,2014,official_vtd_equivalent_code_nhgis_blocks,0.97,401 Howard Elementary School,2010,1821,7.679338e-05
high,SUMNER,008627,4 3 COTTONTOWN,2014,official_vtd_equivalent_code_nhgis_blocks,0.97,403 Cottontown Fire Hall,2010,1834,1.0
high,SUMNER,008610,4 4 UNION,2014,official_vtd_equivalent_code_nhgis_blocks,0.97,404 Union Elementary,2010,1820,1.0
high,SUMNER,008607,5 1 FB GALLATIN,2014,official_vtd_equivalent_code_nhgis_blocks,0.97,501 First Baptist Gallatin,2010,1819,0.008325869381
high,SUMNER,008609,5 1 FB GALLATIN,2014,official_vtd_equivalent_code_nhgis_blocks,0.97,501 First Baptist Gallatin,2010,1819,0.991674130619
high,SUMNER,008608,5 2 GUILD,2014,official_vtd_equivalent_code_nhgis_blocks,0.97,502 Guild Elementary,2010,1818,1.0
high,SUMNER,008601,6 1 VOL STATE,2014,official_vtd_equivalent_code_nhgis_blocks,0.97,601 Vol State College,2010,1814,1.0
high,SUMNER,008618,6 2 GALLATIN HS,2014,official_vtd_equivalent_code_nhgis_blocks,0.97,602 Gallatin Sr. High School,2010,1825,1.0
high,SUMNER,008602,6 3 JACK ANDERSON,2014,official_vtd_equivalent_code_nhgis_blocks,0.97,603 Jack Anderson Elementary,2010,1815,1.0
high,SUMNER,008622,7 1 WHITTEN,2014,official_vtd_equivalent_code_nhgis_blocks,0.97,701 Whitten Elementary,2010,1829,1.0
high,SUMNER,008628,7 3 LONG HOLLOW,2014,official_vtd_equivalent_code_nhgis_blocks,0.97,703 Long Hollow Baptist Church,2010,1835,1.0
high,SUMNER,008619,8 1 BROWN,2014,official_vtd_equivalent_code_nhgis_blocks,0.97,801 Brown Elementary,2010,1826,1.0
high,SUMNER,008631,8 2 HAWKINS,2014,official_vtd_equivalent_code_nhgis_blocks,0.97,802 Hawkins Middle School,2010,1836,1.0
high,SUMNER,008603,9 1 NANNIE BERRY,2014,official_vtd_equivalent_code_nhgis_blocks,0.97,901 Hendersonville High School,2010,1816,1.0
high,SUMNER,008620,9 2 INDIAN LAKE,2014,official_vtd_equivalent_code_nhgis_blocks,0.97,902 Indian Lake Elementary,2010,1827,1.0
high,SUMNER,008633,10 2 MERROL HYDE,2014,official_vtd_equivalent_code_nhgis_blocks,0.97,1002 Merrol Hyde Magnet School,2010,1838,1.0
high,SUMNER,008623,11 1 HUNTER,2014,official_vtd_equivalent_code_nhgis_blocks,0.97,1101 Beech High School Annex,2010,1831,0.005751263358
high,SUMNER,008624,11 1 HUNTER,2014,official_vtd_equivalent_code_nhgis_blocks,0.97,1101 Beech High School Annex,2010,1831,0.994248736642
high,SUMNER,008623,11 2 GOODLETSVILLE,2014,official_vtd_equivalent_code_nhgis_blocks,0.97,1102 Church of the Nazarene,2010,1830,0.995497822344
high,SUMNER,008625,11 2 GOODLETSVILLE,2014,official_vtd_equivalent_code_nhgis_blocks,0.97,1102 Church of the Nazarene,2010,1830,0.004502177656
high,SUMNER,008625,11 3 MILLERSVILLE,2014,official_vtd_equivalent_code_nhgis_blocks,0.97,1103 Millersville City Hall,2010,1832,1.0
high,SUMNER,008612,12 1 OAKMONT,2014,official_vtd_equivalent_code_nhgis_blocks,0.97,1201 Oakmont Elementary,2010,1822,1.0
high,SUMNER,008626,12 3 WHITE HOUSE,2014,official_vtd_equivalent_code_nhgis_blocks,0.97,1203 White House Middle School,2010,1833,1.0
high,TIPTON,008709,1 1 NE COVINGTON,2014,official_vtd_exact_label_code_nhgis_blocks,0.97,11 Atoka,2010,1849,1.0
medium,TIPTON,008705,2 3 SE COVINGTON,2014,official_vtd_fuzzy_name_nhgis_blocks,0.864,03 S.E. Covington,2010,1845,1.0
high,TIPTON,008704,3 6 TIPTON WEST,2014,official_vtd_exact_name_nhgis_blocks,0.95,06 Tipton West,2010,1844,1.0
high,TIPTON,008709,4 11 ATOKA,2014,official_vtd_exact_name_nhgis_blocks,0.95,11 Atoka,2010,1849,1.0
high,TIPTON,008707,5 12 MUNFORD,2014,official_vtd_exact_name_nhgis_blocks,0.95,12 Munford,2010,1847,1.0
high,TIPTON,008703,7 19 AUSTIN PEAY,2014,official_vtd_exact_name_nhgis_blocks,0.95,19 Austin Peay,2010,1843,1.0
medium,TIPTON,008701,8 21 WILKINSVILLE,2014,official_vtd_fuzzy_name_nhgis_blocks,0.8308,21 W. Wilkinsville,2010,1841,1.0
high,TIPTON,008702,9 22 BRIGHTON,2014,official_vtd_exact_name_nhgis_blocks,0.95,22 Brighton,2010,1842,1.0
high,TROUSDALE,008801,01 SENIOR CENTER,2014,official_vtd_code_and_name_nhgis_blocks,1.0,1 Senior Center,2010,1853,1.0
high,TROUSDALE,008802,02 CATO,2014,official_vtd_code_and_name_nhgis_blocks,1.0,2 Cato,2010,1850,1.0
high,TROUSDALE,008803,03 BEECH GROVE,2014,official_vtd_code_and_name_nhgis_blocks,1.0,3 Beech Grove,2010,1852,1.0
high,TROUSDALE,008804,04 HALLTOWN,2014,official_vtd_code_and_name_nhgis_blocks,1.0,4 Halltown,2010,1851,1.0
high,TROUSDALE,008805,05 TEMPLOW,2014,official_vtd_code_and_name_nhgis_blocks,1.0,5 Templow,2010,1855,1.0
high,TROUSDALE,008806,06 WALNUT GROVE,2014,official_vtd_code_and_name_nhgis_blocks,1.0,6 Walnut Grove,2010,1856,1.0
high,TROUSDALE,008807,07 HIGH SCHOOL,2014,official_vtd_code_and_name_nhgis_blocks,1.0,7 High School,2010,1857,1.0
high,TROUSDALE,008808,08 WILLARD,2014,official_vtd_code_and_name_nhgis_blocks,1.0,8 Willard,2010,1858,1.0
high,TROUSDALE,008809,09 CITY,2014,official_vtd_code_and_name_nhgis_blocks,1.0,9 City,2010,1859,1.0
high,TROUSDALE,008810,10 PROVIDENCE,2014,official_vtd_code_and_name_nhgis_blocks,1.0,10 Providence,2010,1854,1.0
high,UNICOI,008908,FLAG POND,2014,official_vtd_exact_name_nhgis_blocks,0.95,Flag Pond,2010,1867,1.0
high,UNICOI,008903,TEMPLE HILL,2014,official_vtd_exact_name_nhgis_blocks,0.95,Temple Hill,2010,1862,1.0
high,UNICOI,008902,LOVE CHAPEL,2014,official_vtd_exact_name_nhgis_blocks,0.95,Love Chapel,2010,1861,1.0
high,UNICOI,008901,INTERMEDIATE SCHOOL,2014,official_vtd_exact_name_nhgis_blocks,0.95,Intermediate School,2010,1860,0.997204509702
high,UNICOI,008906,INTERMEDIATE SCHOOL,2014,official_vtd_exact_name_nhgis_blocks,0.95,Intermediate School,2010,1860,0.002795490298
high,UNICOI,008901,ROCK CREEK,2014,official_vtd_exact_name_nhgis_blocks,0.95,Rock Creek,2010,1865,0.002768853868
high,UNICOI,008906,ROCK CREEK,2014,official_vtd_exact_name_nhgis_blocks,0.95,Rock Creek,2010,1865,0.997231146132
high,UNICOI,008904,FISHERY,2014,official_vtd_exact_name_nhgis_blocks,0.95,Fishery,2010,1864,0.001983628141
high,UNICOI,008905,FISHERY,2014,official_vtd_exact_name_nhgis_blocks,0.95,Fishery,2010,1864,0.993282986868
high,UNICOI,008906,FISHERY,2014,official_vtd_exact_name_nhgis_blocks,0.95,Fishery,2010,1864,0.000445585445
high,UNICOI,008907,FISHERY,2014,official_vtd_exact_name_nhgis_blocks,0.95,Fishery,2010,1864,0.004287799546
high,UNICOI,008907,LIMESTONE COVE,2014,official_vtd_exact_name_nhgis_blocks,0.95,Limestone Cove,2010,1866,1.0
high,UNICOI,008904,UNICOI,2014,official_vtd_exact_name_nhgis_blocks,0.95,Unicoi,2010,1863,1.0
high,UNION,009003,1 1 UCHS,2014,official_vtd_exact_label_code_nhgis_blocks,0.97,1-1 Union County High School,2010,1870,0.995265753734
high,UNION,009004,1 1 UCHS,2014,official_vtd_exact_label_code_nhgis_blocks,0.97,1-1 Union County High School,2010,1870,0.000470088354
high,UNION,009005,1 1 UCHS,2014,official_vtd_exact_label_code_nhgis_blocks,0.97,1-1 Union County High School,2010,1870,0.004264157912
high,UNION,009004,3 2 BROCK,2014,official_vtd_exact_label_code_nhgis_blocks,0.97,3-2 Cedar Grove Community Cen.,2010,1871,1.0
high,UNION,009007,7 1 PLAINVIEW,2014,official_vtd_exact_label_code_nhgis_blocks,0.97,7-1 Plainview Community Center,2010,1874,1.0
medium,VAN BUREN,009105,SPENCER 1,2014,official_vtd_fuzzy_name_nhgis_blocks,0.8,Spencer 5,2010,1881,1.0
high,VAN BUREN,009105,SPENCER 5,2014,official_vtd_exact_name_nhgis_blocks,0.95,Spencer 5,2010,1881,1.0
high,WARREN,009201,1 CIVIC CENTER,2014,official_vtd_exact_name_nhgis_blocks,0.95,01-1 Civic Center,2010,1893,1.0
high,WARREN,009202,2 1 COURTHOUSE,2014,official_vtd_code_and_name_nhgis_blocks,1.0,02-1 Courthouse,2010,1898,1.0
high,WARREN,009202,2 2 WARREN AIRPORT,2014,official_vtd_exact_label_code_nhgis_blocks,0.97,02-2 Warren County Airport,2010,1902,0.001024470487
high,WARREN,009203,2 2 WARREN AIRPORT,2014,official_vtd_exact_label_code_nhgis_blocks,0.97,02-2 Warren County Airport,2010,1902,0.998975529513
high,WARREN,009204,3 1 WESTWOOD,2014,official_vtd_exact_label_code_nhgis_blocks,0.97,03-1 Westwood Church of Christ,2010,1884,0.99774217758
high,WARREN,009205,3 1 WESTWOOD,2014,official_vtd_exact_label_code_nhgis_blocks,0.97,03-1 Westwood Church of Christ,2010,1884,0.00089035704
high,WARREN,009213,3 1 WESTWOOD,2014,official_vtd_exact_label_code_nhgis_blocks,0.97,03-1 Westwood Church of Christ,2010,1884,0.00136746538
high,WARREN,009204,3 2 SMARTT,2014,official_vtd_exact_label_code_nhgis_blocks,0.97,03-2 Smartt Fire Hall,2010,1900,0.005921762826
high,WARREN,009205,3 2 SMARTT,2014,official_vtd_exact_label_code_nhgis_blocks,0.97,03-2 Smartt Fire Hall,2010,1900,0.994078237174
high,WARREN,009206,5 1 THREE STAR,2014,official_vtd_exact_label_code_nhgis_blocks,0.97,05-1 Three Star Mall,2010,1894,0.002723609173
high,WARREN,009207,5 1 THREE STAR,2014,official_vtd_exact_label_code_nhgis_blocks,0.97,05-1 Three Star Mall,2010,1894,0.997276390827
high,WARREN,009208,5 2 BEERSHEBA TOWERS,2014,official_vtd_code_and_name_nhgis_blocks,1.0,05-2 Beersheba Towers,2010,1896,1.0
high,WARREN,009209,6 1 CANEY FORK,2014,official_vtd_exact_label_code_nhgis_blocks,0.97,06-1 Caney Fork Electric Auditorium,2010,1895,1.0
high,WARREN,009210,7 1 FRIENDSHIP,2014,official_vtd_exact_label_code_nhgis_blocks,0.97,07-1 Friendship The Baptist Church,2010,1886,1.0
high,WARREN,009211,8 1 FAIRVIEW,2014,official_vtd_exact_label_code_nhgis_blocks,0.97,08-1 Fairview Community Center,2010,1892,1.0
high,WARREN,009204,8 3 LBJ C HEAD,2014,official_vtd_exact_label_code_nhgis_blocks,0.97,08-3 LBJ & C Headstart,2010,1903,0.001383930213
high,WARREN,009213,8 3 LBJ C HEAD,2014,official_vtd_exact_label_code_nhgis_blocks,0.97,08-3 LBJ & C Headstart,2010,1903,0.998616069787
high,WARREN,009214,9 1 MORRISON,2014,official_vtd_exact_label_code_nhgis_blocks,0.97,09-1 Morrison Ruritan Club,2010,1901,1.0
high,WARREN,009215,9 2 VIOLA VALLEY,2014,official_vtd_exact_label_code_nhgis_blocks,0.97,09-2 Viola Valley Comm. Center,2010,1899,1.0
high,WARREN,009216,10 1 CENTERTOWN ONE,2014,official_vtd_code_and_name_nhgis_blocks,1.0,10-1 Centertown One,2010,1891,1.0
high,WARREN,009217,10 2 CENTERTOWN CIC,2014,official_vtd_exact_label_code_nhgis_blocks,0.97,10-2 Centertown Comm. Ctr.,2010,1897,1.0
high,WARREN,009218,11 1 MIDWAY,2014,official_vtd_exact_label_code_nhgis_blocks,0.97,11-1 Midway Community Center,2010,1885,1.0
high,WARREN,009219,11 2 HWY 56 NORTH,2014,official_vtd_exact_label_code_nhgis_blocks,0.97,11-2 Hwy 56 N Church of Christ,2010,1888,1.0
high,WARREN,009220,12 1 NORTHSIDE,2014,official_vtd_exact_label_code_nhgis_blocks,0.97,12-1 Northside Baptist Church,2010,1889,1.0
high,WARREN,009221,12 2 LUCKY,2014,official_vtd_exact_label_code_nhgis_blocks,0.97,12-2 Lucky Community Center,2010,1890,1.0
high,WASHINGTON,009313,01 FALL BRANCH,2014,official_vtd_code_and_name_nhgis_blocks,1.0,1 Fall Branch,2010,1915,1.0
high,WASHINGTON,009319,02 HARMONY,2014,official_vtd_code_and_name_nhgis_blocks,1.0,2 Harmony,2010,1941,0.90293028677
high,WASHINGTON,009332,02 HARMONY,2014,official_vtd_code_and_name_nhgis_blocks,1.0,2 Harmony,2010,1941,0.09706971323
high,WASHINGTON,009305,03 GRAY EAST,2014,official_vtd_code_and_name_nhgis_blocks,1.0,3 Gray East,2010,1936,0.101260437447
high,WASHINGTON,009318,03 GRAY EAST,2014,official_vtd_code_and_name_nhgis_blocks,1.0,3 Gray East,2010,1936,0.898739562553
high,WASHINGTON,009317,04 GRAY CITY,2014,official_vtd_code_and_name_nhgis_blocks,1.0,4 Gray City,2010,1938,0.698177422949
high,WASHINGTON,009318,04 GRAY CITY,2014,official_vtd_code_and_name_nhgis_blocks,1.0,4 Gray City,2010,1938,0.286431581085
high,WASHINGTON,009319,04 GRAY CITY,2014,official_vtd_code_and_name_nhgis_blocks,1.0,4 Gray City,2010,1938,0.015390995966
high,WASHINGTON,009304,05 B C EAST,2014,official_vtd_exact_label_code_nhgis_blocks,0.97,5 Boones Creek East,2010,1933,0.002034481185
high,WASHINGTON,009305,05 B C EAST,2014,official_vtd_exact_label_code_nhgis_blocks,0.97,5 Boones Creek East,2010,1933,0.844489017097
high,WASHINGTON,009322,05 B C EAST,2014,official_vtd_exact_label_code_nhgis_blocks,0.97,5 Boones Creek East,2010,1933,0.000484542536
high,WASHINGTON,009324,05 B C EAST,2014,official_vtd_exact_label_code_nhgis_blocks,0.97,5 Boones Creek East,2010,1933,0.016704666613
high,WASHINGTON,009328,05 B C EAST,2014,official_vtd_exact_label_code_nhgis_blocks,0.97,5 Boones Creek East,2010,1933,0.103496387522
high,WASHINGTON,009334,05 B C EAST,2014,official_vtd_exact_label_code_nhgis_blocks,0.97,5 Boones Creek East,2010,1933,0.032790905047
high,WASHINGTON,009306,06 SULPHUR SPRINGS,2014,official_vtd_code_and_name_nhgis_blocks,1.0,6 Sulphur Springs,2010,1940,0.066954702653
high,WASHINGTON,009332,06 SULPHUR SPRINGS,2014,official_vtd_code_and_name_nhgis_blocks,1.0,6 Sulphur Springs,2010,1940,0.933045297347
high,WASHINGTON,009306,07 GRAY WEST,2014,official_vtd_code_and_name_nhgis_blocks,1.0,7 Gray West,2010,1939,0.22967715645
high,WASHINGTON,009317,07 GRAY WEST,2014,official_vtd_code_and_name_nhgis_blocks,1.0,7 Gray West,2010,1939,7.3109571e-05
high,WASHINGTON,009318,07 GRAY WEST,2014,official_vtd_code_and_name_nhgis_blocks,1.0,7 Gray West,2010,1939,0.712144251279
high,WASHINGTON,009319,07 GRAY WEST,2014,official_vtd_code_and_name_nhgis_blocks,1.0,7 Gray West,2010,1939,0.011678571043
high,WASHINGTON,009332,07 GRAY WEST,2014,official_vtd_code_and_name_nhgis_blocks,1.0,7 Gray West,2010,1939,0.046426911657
high,WASHINGTON,009301,08 B C WEST,2014,official_vtd_exact_label_code_nhgis_blocks,0.97,8 Boones Creek West,2010,1937,0.24511670629
high,WASHINGTON,009302,08 B C WEST,2014,official_vtd_exact_label_code_nhgis_blocks,0.97,8 Boones Creek West,2010,1937,1.578662e-06
high,WASHINGTON,009304,08 B C WEST,2014,official_vtd_exact_label_code_nhgis_blocks,0.97,8 Boones Creek West,2010,1937,0.000909063587
high,WASHINGTON,009305,08 B C WEST,2014,official_vtd_exact_label_code_nhgis_blocks,0.97,8 Boones Creek West,2010,1937,0.352693587619
high,WASHINGTON,009306,08 B C WEST,2014,official_vtd_exact_label_code_nhgis_blocks,0.97,8 Boones Creek West,2010,1937,0.371464398655
high,WASHINGTON,009322,08 B C WEST,2014,official_vtd_exact_label_code_nhgis_blocks,0.97,8 Boones Creek West,2010,1937,0.0002873716
high,WASHINGTON,009334,08 B C WEST,2014,official_vtd_exact_label_code_nhgis_blocks,0.97,8 Boones Creek West,2010,1937,0.023532331806
high,WASHINGTON,009336,08 B C WEST,2014,official_vtd_exact_label_code_nhgis_blocks,0.97,8 Boones Creek West,2010,1937,0.005994961782
high,WASHINGTON,009301,09 B C CITY,2014,official_vtd_exact_label_code_nhgis_blocks,0.97,9 Boones Creek City,2010,1935,0.005489493707
high,WASHINGTON,009302,09 B C CITY,2014,official_vtd_exact_label_code_nhgis_blocks,0.97,9 Boones Creek City,2010,1935,0.315686846136
high,WASHINGTON,009304,09 B C CITY,2014,official_vtd_exact_label_code_nhgis_blocks,0.97,9 Boones Creek City,2010,1935,0.248604719341
high,WASHINGTON,009305,09 B C CITY,2014,official_vtd_exact_label_code_nhgis_blocks,0.97,9 Boones Creek City,2010,1935,0.000770369147
high,WASHINGTON,009306,09 B C CITY,2014,official_vtd_exact_label_code_nhgis_blocks,0.97,9 Boones Creek City,2010,1935,0.001129877171
high,WASHINGTON,009322,09 B C CITY,2014,official_vtd_exact_label_code_nhgis_blocks,0.97,9 Boones Creek City,2010,1935,0.261151045476
high,WASHINGTON,009336,09 B C CITY,2014,official_vtd_exact_label_code_nhgis_blocks,0.97,9 Boones Creek City,2010,1935,0.167167649021
high,WASHINGTON,009304,10 LAKERIDGE,2014,official_vtd_code_and_name_nhgis_blocks,1.0,10 Lakeridge,2010,1934,0.424433502067
high,WASHINGTON,009305,10 LAKERIDGE,2014,official_vtd_code_and_name_nhgis_blocks,1.0,10 Lakeridge,2010,1934,0.020758534141
high,WASHINGTON,009322,10 LAKERIDGE,2014,official_vtd_code_and_name_nhgis_blocks,1.0,10 Lakeridge,2010,1934,0.296329846814
high,WASHINGTON,009324,10 LAKERIDGE,2014,official_vtd_code_and_name_nhgis_blocks,1.0,10 Lakeridge,2010,1934,0.241560970552
high,WASHINGTON,009328,10 LAKERIDGE,2014,official_vtd_code_and_name_nhgis_blocks,1.0,10 Lakeridge,2010,1934,0.016917146425
high,WASHINGTON,009308,11 INDIAN TRAIL,2014,official_vtd_code_and_name_nhgis_blocks,1.0,11 Indian Trail,2010,1926,0.005877304534
high,WASHINGTON,009322,11 INDIAN TRAIL,2014,official_vtd_code_and_name_nhgis_blocks,1.0,11 Indian Trail,2010,1926,0.147793817
high,WASHINGTON,009324,11 INDIAN TRAIL,2014,official_vtd_code_and_name_nhgis_blocks,1.0,11 Indian Trail,2010,1926,0.790765459563
high,WASHINGTON,009328,11 INDIAN TRAIL,2014,official_vtd_code_and_name_nhgis_blocks,1.0,11 Indian Trail,2010,1926,0.055563418903
high,WASHINGTON,009324,12 PRINCETON,2014,official_vtd_code_and_name_nhgis_blocks,1.0,12 Princeton,2010,1928,0.001875328321
high,WASHINGTON,009328,12 PRINCETON,2014,official_vtd_code_and_name_nhgis_blocks,1.0,12 Princeton,2010,1928,0.998124671679
high,WASHINGTON,009308,13 STRATTON,2014,official_vtd_code_and_name_nhgis_blocks,1.0,13 Stratton,2010,1927,0.069472102364
high,WASHINGTON,009312,13 STRATTON,2014,official_vtd_code_and_name_nhgis_blocks,1.0,13 Stratton,2010,1927,0.254147108702
high,WASHINGTON,009324,13 STRATTON,2014,official_vtd_code_and_name_nhgis_blocks,1.0,13 Stratton,2010,1927,0.664486015039
high,WASHINGTON,009328,13 STRATTON,2014,official_vtd_code_and_name_nhgis_blocks,1.0,13 Stratton,2010,1927,0.011894773895
high,WASHINGTON,009307,14 BOWMANTOWN,2014,official_vtd_code_and_name_nhgis_blocks,1.0,14 Bowmantown,2010,1912,0.933442318694
high,WASHINGTON,009329,14 BOWMANTOWN,2014,official_vtd_code_and_name_nhgis_blocks,1.0,14 Bowmantown,2010,1912,0.066557681306
high,WASHINGTON,009301,15 COURTHOUSE,2014,official_vtd_code_and_name_nhgis_blocks,1.0,15 Courthouse,2010,1913,0.187619422084
high,WASHINGTON,009306,15 COURTHOUSE,2014,official_vtd_code_and_name_nhgis_blocks,1.0,15 Courthouse,2010,1913,0.160907470521
high,WASHINGTON,009307,15 COURTHOUSE,2014,official_vtd_code_and_name_nhgis_blocks,1.0,15 Courthouse,2010,1913,0.005021280893
high,WASHINGTON,009309,15 COURTHOUSE,2014,official_vtd_code_and_name_nhgis_blocks,1.0,15 Courthouse,2010,1913,0.385260592445
high,WASHINGTON,009316,15 COURTHOUSE,2014,official_vtd_code_and_name_nhgis_blocks,1.0,15 Courthouse,2010,1913,0.110277089752
high,WASHINGTON,009325,15 COURTHOUSE,2014,official_vtd_code_and_name_nhgis_blocks,1.0,15 Courthouse,2010,1913,0.071063160771
high,WASHINGTON,009332,15 COURTHOUSE,2014,official_vtd_code_and_name_nhgis_blocks,1.0,15 Courthouse,2010,1913,0.079765329333
high,WASHINGTON,009335,15 COURTHOUSE,2014,official_vtd_code_and_name_nhgis_blocks,1.0,15 Courthouse,2010,1913,7.1877392e-05
high,WASHINGTON,009336,15 COURTHOUSE,2014,official_vtd_code_and_name_nhgis_blocks,1.0,15 Courthouse,2010,1913,1.377681e-05
high,WASHINGTON,009301,16 MARVIN S CHAPEL,2014,official_vtd_code_and_name_nhgis_blocks,1.0,16 Marvin's Chapel,2010,1931,0.009377363762
high,WASHINGTON,009336,16 MARVIN S CHAPEL,2014,official_vtd_code_and_name_nhgis_blocks,1.0,16 Marvin's Chapel,2010,1931,0.990622636238
high,WASHINGTON,009321,17 TOWN ACRES,2014,official_vtd_exact_label_code_nhgis_blocks,0.97,17 Towne Acres,2010,1932,0.000178658327
high,WASHINGTON,009322,17 TOWN ACRES,2014,official_vtd_exact_label_code_nhgis_blocks,0.97,17 Towne Acres,2010,1932,0.163367089532
high,WASHINGTON,009333,17 TOWN ACRES,2014,official_vtd_exact_label_code_nhgis_blocks,0.97,17 Towne Acres,2010,1932,0.593074461092
high,WASHINGTON,009334,17 TOWN ACRES,2014,official_vtd_exact_label_code_nhgis_blocks,0.97,17 Towne Acres,2010,1932,0.00714751242
high,WASHINGTON,009336,17 TOWN ACRES,2014,official_vtd_exact_label_code_nhgis_blocks,0.97,17 Towne Acres,2010,1932,0.236232278628
high,WASHINGTON,009308,18 FAIRMONT,2014,official_vtd_code_and_name_nhgis_blocks,1.0,18 Fairmont,2010,1925,0.288055120802
high,WASHINGTON,009312,18 FAIRMONT,2014,official_vtd_code_and_name_nhgis_blocks,1.0,18 Fairmont,2010,1925,0.414411793395
high,WASHINGTON,009324,18 FAIRMONT,2014,official_vtd_code_and_name_nhgis_blocks,1.0,18 Fairmont,2010,1925,0.297533085803
high,WASHINGTON,009307,19 LEESBURG,2014,official_vtd_code_and_name_nhgis_blocks,1.0,19 Leesburg,2010,1914,1.0
high,WASHINGTON,009335,20 VISITOR S CENTER,2014,official_vtd_code_and_name_nhgis_blocks,1.0,20  Visitor's Center,2010,1929,1.0
high,WASHINGTON,009301,21 ASBURY,2014,official_vtd_code_and_name_nhgis_blocks,1.0,21 Asbury,2010,1930,0.798510858964
high,WASHINGTON,009333,21 ASBURY,2014,official_vtd_code_and_name_nhgis_blocks,1.0,21 Asbury,2010,1930,0.000634013409
high,WASHINGTON,009334,21 ASBURY,2014,official_vtd_code_and_name_nhgis_blocks,1.0,21 Asbury,2010,1930,0.103125343788
high,WASHINGTON,009336,21 ASBURY,2014,official_vtd_code_and_name_nhgis_blocks,1.0,21 Asbury,2010,1930,0.097729783839
high,WASHINGTON,009301,22 MIDWAY OUTSIDE,2014,official_vtd_code_and_name_nhgis_blocks,1.0,22 Midway Outside,2010,1917,0.577429811997
high,WASHINGTON,009311,22 MIDWAY OUTSIDE,2014,official_vtd_code_and_name_nhgis_blocks,1.0,22 Midway Outside,2010,1917,0.001785485437
high,WASHINGTON,009316,22 MIDWAY OUTSIDE,2014,official_vtd_code_and_name_nhgis_blocks,1.0,22 Midway Outside,2010,1917,0.419436608433
high,WASHINGTON,009336,22 MIDWAY OUTSIDE,2014,official_vtd_code_and_name_nhgis_blocks,1.0,22 Midway Outside,2010,1917,0.001348094134
high,WASHINGTON,009301,23 WOODLAND,2014,official_vtd_code_and_name_nhgis_blocks,1.0,23 Woodland,2010,1916,0.004001363977
high,WASHINGTON,009321,23 WOODLAND,2014,official_vtd_code_and_name_nhgis_blocks,1.0,23 Woodland,2010,1916,0.019215267048
high,WASHINGTON,009336,23 WOODLAND,2014,official_vtd_code_and_name_nhgis_blocks,1.0,23 Woodland,2010,1916,0.976783368975
high,WASHINGTON,009308,24 HENRY JOHNSON,2014,official_vtd_code_and_name_nhgis_blocks,1.0,24 Henry Johnson,2010,1922,0.001095121401
high,WASHINGTON,009320,24 HENRY JOHNSON,2014,official_vtd_code_and_name_nhgis_blocks,1.0,24 Henry Johnson,2010,1922,0.109722294311
high,WASHINGTON,009321,24 HENRY JOHNSON,2014,official_vtd_code_and_name_nhgis_blocks,1.0,24 Henry Johnson,2010,1922,0.889182584288
high,WASHINGTON,009308,25 MILLENNIUM,2014,official_vtd_exact_label_code_nhgis_blocks,0.97,25 Millennium Centre,2010,1920,0.033155458122
high,WASHINGTON,009311,25 MILLENNIUM,2014,official_vtd_exact_label_code_nhgis_blocks,0.97,25 Millennium Centre,2010,1920,0.122422570503
high,WASHINGTON,009314,25 MILLENNIUM,2014,official_vtd_exact_label_code_nhgis_blocks,0.97,25 Millennium Centre,2010,1920,0.37132596822
high,WASHINGTON,009315,25 MILLENNIUM,2014,official_vtd_exact_label_code_nhgis_blocks,0.97,25 Millennium Centre,2010,1920,1.6795462e-05
high,WASHINGTON,009320,25 MILLENNIUM,2014,official_vtd_exact_label_code_nhgis_blocks,0.97,25 Millennium Centre,2010,1920,0.093044101436
high,WASHINGTON,009321,25 MILLENNIUM,2014,official_vtd_exact_label_code_nhgis_blocks,0.97,25 Millennium Centre,2010,1920,0.307805802698
high,WASHINGTON,009331,25 MILLENNIUM,2014,official_vtd_exact_label_code_nhgis_blocks,0.97,25 Millennium Centre,2010,1920,0.07222930356
high,WASHINGTON,009308,26 NORTH SIDE,2014,official_vtd_code_and_name_nhgis_blocks,1.0,26 North Side,2010,1923,0.498242034615
high,WASHINGTON,009312,26 NORTH SIDE,2014,official_vtd_code_and_name_nhgis_blocks,1.0,26 North Side,2010,1923,0.2527356163
high,WASHINGTON,009320,26 NORTH SIDE,2014,official_vtd_code_and_name_nhgis_blocks,1.0,26 North Side,2010,1923,0.249022349086
high,WASHINGTON,009323,27 KEYSTONE,2014,official_vtd_code_and_name_nhgis_blocks,1.0,27 Keystone,2010,1924,0.848101221705
high,WASHINGTON,009331,27 KEYSTONE,2014,official_vtd_code_and_name_nhgis_blocks,1.0,27 Keystone,2010,1924,0.151898778295
high,WASHINGTON,009308,28 SOUTH SIDE,2014,official_vtd_code_and_name_nhgis_blocks,1.0,28 South Side,2010,1921,0.028822131405
high,WASHINGTON,009314,28 SOUTH SIDE,2014,official_vtd_code_and_name_nhgis_blocks,1.0,28 South Side,2010,1921,0.528568834259
high,WASHINGTON,009323,28 SOUTH SIDE,2014,official_vtd_code_and_name_nhgis_blocks,1.0,28 South Side,2010,1921,0.048810710434
high,WASHINGTON,009331,28 SOUTH SIDE,2014,official_vtd_code_and_name_nhgis_blocks,1.0,28 South Side,2010,1921,0.393798323902
high,WASHINGTON,009311,29 MIDWAY CITY,2014,official_vtd_exact_label_code_nhgis_blocks,0.97,29 Midway Inside,2010,1918,0.66290785001
high,WASHINGTON,009316,29 MIDWAY CITY,2014,official_vtd_exact_label_code_nhgis_blocks,0.97,29 Midway Inside,2010,1918,0.000645821059
high,WASHINGTON,009336,29 MIDWAY CITY,2014,official_vtd_exact_label_code_nhgis_blocks,0.97,29 Midway Inside,2010,1918,0.33644632893
high,WASHINGTON,009311,30 GRACE,2014,official_vtd_exact_label_code_nhgis_blocks,0.97,30 Grace Fellowship Church,2010,1919,0.169579647811
high,WASHINGTON,009314,30 GRACE,2014,official_vtd_exact_label_code_nhgis_blocks,0.97,30 Grace Fellowship Church,2010,1919,0.829992796791
high,WASHINGTON,009315,30 GRACE,2014,official_vtd_exact_label_code_nhgis_blocks,0.97,30 Grace Fellowship Church,2010,1919,0.00010807119
high,WASHINGTON,009316,30 GRACE,2014,official_vtd_exact_label_code_nhgis_blocks,0.97,30 Grace Fellowship Church,2010,1919,0.000319484208
high,WASHINGTON,009311,31 CHEROKEE CITY,2014,official_vtd_code_and_name_nhgis_blocks,1.0,31 Cherokee City,2010,1943,0.894575900436
high,WASHINGTON,009314,31 CHEROKEE CITY,2014,official_vtd_code_and_name_nhgis_blocks,1.0,31 Cherokee City,2010,1943,0.09426455991
high,WASHINGTON,009316,31 CHEROKEE CITY,2014,official_vtd_code_and_name_nhgis_blocks,1.0,31 Cherokee City,2010,1943,0.011159539654
high,WASHINGTON,009311,32 CHEROKEE OUT,2014,official_vtd_exact_label_code_nhgis_blocks,0.97,32 Cherokee Outside,2010,1904,0.000246334986
high,WASHINGTON,009314,32 CHEROKEE OUT,2014,official_vtd_exact_label_code_nhgis_blocks,0.97,32 Cherokee Outside,2010,1904,0.036767660222
high,WASHINGTON,009315,32 CHEROKEE OUT,2014,official_vtd_exact_label_code_nhgis_blocks,0.97,32 Cherokee Outside,2010,1904,0.173863572197
high,WASHINGTON,009316,32 CHEROKEE OUT,2014,official_vtd_exact_label_code_nhgis_blocks,0.97,32 Cherokee Outside,2010,1904,0.302353231721
high,WASHINGTON,009325,32 CHEROKEE OUT,2014,official_vtd_exact_label_code_nhgis_blocks,0.97,32 Cherokee Outside,2010,1904,0.486769200874
high,WASHINGTON,009326,33 TELFORD,2014,official_vtd_code_and_name_nhgis_blocks,1.0,33 Telford,2010,1910,0.241679477689
high,WASHINGTON,009327,33 TELFORD,2014,official_vtd_code_and_name_nhgis_blocks,1.0,33 Telford,2010,1910,0.758320522311
high,WASHINGTON,009307,34 NEW VICTORY,2014,official_vtd_exact_label_code_nhgis_blocks,0.97,34 New Victory Church,2010,1942,0.009317544901
high,WASHINGTON,009309,34 NEW VICTORY,2014,official_vtd_exact_label_code_nhgis_blocks,0.97,34 New Victory Church,2010,1942,0.225292373073
high,WASHINGTON,009327,34 NEW VICTORY,2014,official_vtd_exact_label_code_nhgis_blocks,0.97,34 New Victory Church,2010,1942,0.765390082026
high,WASHINGTON,009329,35 LIMESTONE,2014,official_vtd_code_and_name_nhgis_blocks,1.0,35 Limestone,2010,1908,1.0
high,WASHINGTON,009326,36 WEST VIEW,2014,official_vtd_code_and_name_nhgis_blocks,1.0,36 West View,2010,1909,0.978958656781
high,WASHINGTON,009330,36 WEST VIEW,2014,official_vtd_code_and_name_nhgis_blocks,1.0,36 West View,2010,1909,0.021041343219
high,WASHINGTON,009325,37 LAMAR,2014,official_vtd_code_and_name_nhgis_blocks,1.0,37 Lamar,2010,1911,0.844710469984
high,WASHINGTON,009326,37 LAMAR,2014,official_vtd_code_and_name_nhgis_blocks,1.0,37 Lamar,2010,1911,0.059592628267
high,WASHINGTON,009327,37 LAMAR,2014,official_vtd_code_and_name_nhgis_blocks,1.0,37 Lamar,2010,1911,0.095696901749
high,WASHINGTON,009310,38 SOUTH CENTRAL,2014,official_vtd_code_and_name_nhgis_blocks,1.0,38 South Central,2010,1906,0.048311103832
high,WASHINGTON,009329,38 SOUTH CENTRAL,2014,official_vtd_code_and_name_nhgis_blocks,1.0,38 South Central,2010,1906,0.433330434203
high,WASHINGTON,009330,38 SOUTH CENTRAL,2014,official_vtd_code_and_name_nhgis_blocks,1.0,38 South Central,2010,1906,0.518358461965
high,WASHINGTON,009326,39 CONKLIN,2014,official_vtd_code_and_name_nhgis_blocks,1.0,39 Conklin,2010,1905,0.444193177185
high,WASHINGTON,009327,39 CONKLIN,2014,official_vtd_code_and_name_nhgis_blocks,1.0,39 Conklin,2010,1905,0.00022985524
high,WASHINGTON,009330,39 CONKLIN,2014,official_vtd_code_and_name_nhgis_blocks,1.0,39 Conklin,2010,1905,0.555576967575
high,WASHINGTON,009310,40 EMBREEVILLE,2014,official_vtd_code_and_name_nhgis_blocks,1.0,40 Embreeville,2010,1907,0.911183783511
high,WASHINGTON,009325,40 EMBREEVILLE,2014,official_vtd_code_and_name_nhgis_blocks,1.0,40 Embreeville,2010,1907,0.067705886511
high,WASHINGTON,009326,40 EMBREEVILLE,2014,official_vtd_code_and_name_nhgis_blocks,1.0,40 Embreeville,2010,1907,0.006803427567
high,WASHINGTON,009330,40 EMBREEVILLE,2014,official_vtd_code_and_name_nhgis_blocks,1.0,40 Embreeville,2010,1907,0.014306902411
high,WAYNE,009404,1 WAYNESBORO,2014,official_vtd_exact_label_code_nhgis_blocks,0.97,1 Waynesboro City,2010,1947,1.0
high,WAYNE,009401,2 CLIFTON,2014,official_vtd_code_and_name_nhgis_blocks,1.0,2 Clifton,2010,1944,1.0
high,WAYNE,009409,3 2 CRAZY HORSE,2014,official_vtd_exact_name_nhgis_blocks,0.95,3 Crazy Horse,2010,1952,1.0
high,WAYNE,009403,4 2 SHAWNATEE,2014,official_vtd_exact_name_nhgis_blocks,0.95,4 Shawnatee,2010,1946,1.0
high,WAYNE,009413,5 1 BIG CYPRESS,2014,official_vtd_exact_name_nhgis_blocks,0.95,5 Big Cypress,2010,1956,1.0
high,WAYNE,009405,5 2 LUTTS,2014,official_vtd_exact_name_nhgis_blocks,0.95,5 Lutts,2010,1948,0.997275219903
high,WAYNE,009411,5 2 LUTTS,2014,official_vtd_exact_name_nhgis_blocks,0.95,5 Lutts,2010,1948,0.002724780097
high,WEAKLEY,009501,1A PALMERSVILLE,2014,official_vtd_exact_label_code_nhgis_blocks,0.97,01A Palmersville Pirate Creek Church,2010,1958,1.0
high,WEAKLEY,009503,1B LATHAM,2014,official_vtd_exact_label_code_nhgis_blocks,0.97,01B Latham Vol. Fire Dept.,2010,1960,1.0
high,WHITE,009608,1 1 SPARTA CIVIC,2014,official_vtd_exact_label_code_nhgis_blocks,0.97,"1-1 Sparta Civic Center, City",2010,1975,0.991784593152
high,WHITE,009609,1 1 SPARTA CIVIC,2014,official_vtd_exact_label_code_nhgis_blocks,0.97,"1-1 Sparta Civic Center, City",2010,1975,0.008215406848
high,WHITE,009608,1 2 SPARTA CIVIC,2014,official_vtd_exact_label_code_nhgis_blocks,0.97,"1-2 Sparta Civic Center, County",2010,1976,0.001393265615
high,WHITE,009609,1 2 SPARTA CIVIC,2014,official_vtd_exact_label_code_nhgis_blocks,0.97,"1-2 Sparta Civic Center, County",2010,1976,0.998606734385
high,WHITE,009607,2 1 AG FAIR COMPLEX,2014,official_vtd_exact_label_code_nhgis_blocks,0.97,"2-1 Ag Fair Complex, City",2010,1978,9.188353e-06
high,WHITE,009610,2 1 AG FAIR COMPLEX,2014,official_vtd_exact_label_code_nhgis_blocks,0.97,"2-1 Ag Fair Complex, City",2010,1978,0.017033258211
high,WHITE,009611,2 1 AG FAIR COMPLEX,2014,official_vtd_exact_label_code_nhgis_blocks,0.97,"2-1 Ag Fair Complex, City",2010,1978,0.982957553436
high,WHITE,009610,2 2 WOODLAND PARK,2014,official_vtd_exact_label_code_nhgis_blocks,0.97,"2-2 Woodland Park School, County",2010,1977,0.998317045908
high,WHITE,009611,2 2 WOODLAND PARK,2014,official_vtd_exact_label_code_nhgis_blocks,0.97,"2-2 Woodland Park School, County",2010,1977,0.001682954092
high,WHITE,009607,3 1 AG FAIR COMPLEX,2014,official_vtd_exact_label_code_nhgis_blocks,0.97,"3-1 Ag Fair Complex, County",2010,1974,1.0
high,WHITE,009605,4 1 WOODLAND PARK,2014,official_vtd_exact_label_code_nhgis_blocks,0.97,"4-1 Woodland Park School, County",2010,1972,1.0
high,WHITE,009606,4 2 BONDECROFT,2014,official_vtd_exact_label_code_nhgis_blocks,0.97,"4-2 Bondecroft School, County",2010,1973,1.0
high,WHITE,009603,5 1 DOYLE CIVIC,2014,official_vtd_exact_label_code_nhgis_blocks,0.97,"5-1 Doyle Civic Center Hall, County",2010,1970,1.0
high,WHITE,009602,6 1 CENTRAL VIEW,2014,official_vtd_exact_label_code_nhgis_blocks,0.97,"6-1 Central View School, County",2010,1969,1.0
high,WHITE,009601,6 2 CASSVILLE,2014,official_vtd_exact_label_code_nhgis_blocks,0.97,"6-2 Cassville School, County",2010,1968,1.0
high,WHITE,009604,7 1 NORTHFIELD,2014,official_vtd_exact_label_code_nhgis_blocks,0.97,"7-1 Northfield School, County",2010,1971,1.0
high,WILLIAMSON,009704,1 4,2014,official_vtd_exact_label_code_nhgis_blocks,0.97,1-4 Burwood Community Center,2010,1981,0.951891772119
high,WILLIAMSON,009742,1 4,2014,official_vtd_exact_label_code_nhgis_blocks,0.97,1-4 Burwood Community Center,2010,1981,0.048108227881
high,WILLIAMSON,009705,2 1,2014,official_vtd_exact_label_code_nhgis_blocks,0.97,2-1 Bethesda Recreation Center,2010,1980,1.0
high,WILLIAMSON,009706,2 2,2014,official_vtd_exact_label_code_nhgis_blocks,0.97,2-2 Thompson Station Baptist Church,2010,1988,1.0
high,WILLIAMSON,009707,2 3,2014,official_vtd_exact_label_code_nhgis_blocks,0.97,2-3 Oakview Elementary School,2010,1984,0.320561628727
high,WILLIAMSON,009999,2 3,2014,official_vtd_exact_label_code_nhgis_blocks,0.97,2-3 Oakview Elementary School,2010,1984,0.679438371273
high,WILLIAMSON,009708,2 4,2014,official_vtd_exact_label_code_nhgis_blocks,0.97,2-4 College Grove Community Center,2010,1983,1.0
high,WILLIAMSON,009709,3 1,2014,official_vtd_exact_label_code_nhgis_blocks,0.97,3-1 Heritage Elementary School,2010,1982,1.0
high,WILLIAMSON,009710,3 2,2014,official_vtd_exact_label_code_nhgis_blocks,0.97,3-2 Longview Recreation Center,2010,1986,1.0
high,WILLIAMSON,009711,3 3,2014,official_vtd_exact_label_code_nhgis_blocks,0.97,3-3 Chapman's Retreat Elementary School,2010,1989,1.0
high,WILLIAMSON,009712,4 1,2014,official_vtd_exact_label_code_nhgis_blocks,0.97,4-1 Prairie Life Fitness Center,2010,1992,1.0
high,WILLIAMSON,009713,4 2,2014,official_vtd_exact_label_code_nhgis_blocks,0.97,4-2 Millview Church of Christ,2010,1993,1.0
high,WILLIAMSON,009712,4 3,2014,official_vtd_exact_label_code_nhgis_blocks,0.97,4-3 Franklin Christian Church,2010,1994,0.002819757741
high,WILLIAMSON,009714,4 3,2014,official_vtd_exact_label_code_nhgis_blocks,0.97,4-3 Franklin Christian Church,2010,1994,0.996056255044
high,WILLIAMSON,009740,4 3,2014,official_vtd_exact_label_code_nhgis_blocks,0.97,4-3 Franklin Christian Church,2010,1994,0.001123987215
high,WILLIAMSON,009715,5 1,2014,official_vtd_exact_label_code_nhgis_blocks,0.97,5-1 Sunset Elementary School,2010,2013,1.0
high,WILLIAMSON,007669,5 2,2014,official_vtd_exact_label_code_nhgis_blocks,0.97,5-2 Nolensville Methodist Church,2010,1995,0.001091214142
high,WILLIAMSON,009716,5 2,2014,official_vtd_exact_label_code_nhgis_blocks,0.97,5-2 Nolensville Methodist Church,2010,1995,0.998908785858
high,WILLIAMSON,009717,5 3,2014,official_vtd_exact_label_code_nhgis_blocks,0.97,5-3 Triune Baptist Church,2010,1979,1.0
high,WILLIAMSON,009718,5 4,2014,official_vtd_exact_label_code_nhgis_blocks,0.97,5-4 Nolensville Baptist Church,2010,2014,1.0
high,WILLIAMSON,009719,6 1,2014,official_vtd_exact_label_code_nhgis_blocks,0.97,6-1 Brentwood Library,2010,2001,1.0
high,WILLIAMSON,009720,6 2,2014,official_vtd_exact_label_code_nhgis_blocks,0.97,6-2 Brentwood Safety Center,2010,1996,1.0
high,WILLIAMSON,009721,6 3,2014,official_vtd_exact_label_code_nhgis_blocks,0.97,6-3 Holy Family Catholic Church,2010,1997,1.0
high,WILLIAMSON,009722,7 1,2014,official_vtd_exact_label_code_nhgis_blocks,0.97,7-1 Brenthaven Church,2010,2006,1.0
high,WILLIAMSON,009712,7 2,2014,official_vtd_exact_label_code_nhgis_blocks,0.97,7-2 Baptist Children's Home,2010,2005,0.000740586652
high,WILLIAMSON,009722,7 2,2014,official_vtd_exact_label_code_nhgis_blocks,0.97,7-2 Baptist Children's Home,2010,2005,0.029933879014
high,WILLIAMSON,009723,7 2,2014,official_vtd_exact_label_code_nhgis_blocks,0.97,7-2 Baptist Children's Home,2010,2005,0.968245648611
high,WILLIAMSON,009725,7 2,2014,official_vtd_exact_label_code_nhgis_blocks,0.97,7-2 Baptist Children's Home,2010,2005,9.115373e-05
high,WILLIAMSON,009726,7 2,2014,official_vtd_exact_label_code_nhgis_blocks,0.97,7-2 Baptist Children's Home,2010,2005,0.000988731993
high,WILLIAMSON,009722,7 3,2014,official_vtd_exact_label_code_nhgis_blocks,0.97,7-3 New Hope Community Church,2010,2002,0.002276884617
high,WILLIAMSON,009723,7 3,2014,official_vtd_exact_label_code_nhgis_blocks,0.97,7-3 New Hope Community Church,2010,2002,0.002040688209
high,WILLIAMSON,009724,7 3,2014,official_vtd_exact_label_code_nhgis_blocks,0.97,7-3 New Hope Community Church,2010,2002,0.995682427174
high,WILLIAMSON,009725,8 1,2014,official_vtd_exact_label_code_nhgis_blocks,0.97,8-1 Grassland Middle School,2010,2018,1.0
high,WILLIAMSON,009726,8 2,2014,official_vtd_exact_label_code_nhgis_blocks,0.97,8-2 First Presbyterian Church,2010,2017,1.0
high,WILLIAMSON,009727,8 3,2014,official_vtd_exact_label_code_nhgis_blocks,0.97,8-3 Episcopal Church,2010,2009,1.0
high,WILLIAMSON,009728,9 1,2014,official_vtd_exact_label_code_nhgis_blocks,0.97,9-1 Walnut Grove Elementary School,2010,2011,1.0
high,WILLIAMSON,009727,9 2,2014,official_vtd_exact_label_code_nhgis_blocks,0.97,9-2 Benton Hall School,2010,2010,0.001281817632
high,WILLIAMSON,009729,9 2,2014,official_vtd_exact_label_code_nhgis_blocks,0.97,9-2 Benton Hall School,2010,2010,0.998718182368
high,WILLIAMSON,009730,9 3,2014,official_vtd_exact_label_code_nhgis_blocks,0.97,9-3 Westhaven Clubhouse,2010,2000,1.0
high,WILLIAMSON,009731,9 4,2014,official_vtd_exact_label_code_nhgis_blocks,0.97,9-4 Grace Chapel Church,2010,1985,0.757719339102
high,WILLIAMSON,009741,9 4,2014,official_vtd_exact_label_code_nhgis_blocks,0.97,9-4 Grace Chapel Church,2010,1985,0.242280660898
high,WILLIAMSON,009735,11 1,2014,official_vtd_exact_label_code_nhgis_blocks,0.97,11-1 Franklin Elementary School,2010,1999,1.0
high,WILLIAMSON,009736,11 2,2014,official_vtd_exact_label_code_nhgis_blocks,0.97,11-2 Robert Ring Indoor Soccer Complex,2010,2008,1.0
high,WILLIAMSON,009737,11 3,2014,official_vtd_exact_label_code_nhgis_blocks,0.97,11-3 Winstead Elementary School,2010,1998,1.0
high,WILLIAMSON,009738,12 1,2014,official_vtd_exact_label_code_nhgis_blocks,0.97,12-1 Franklin Community of Faith Church,2010,1991,1.0
high,WILLIAMSON,009739,12 2,2014,official_vtd_exact_label_code_nhgis_blocks,0.97,12-2 The People's Church,2010,2016,1.0
high,WILLIAMSON,009740,12 3,2014,official_vtd_exact_label_code_nhgis_blocks,0.97,12-3 The Gate Community Church,2010,1990,1.0
high,WILSON,009801,1 1,2014,official_vtd_code_and_name_nhgis_blocks,1.0,1-1,2010,2022,1.0
high,WILSON,009802,2 1,2014,official_vtd_code_and_name_nhgis_blocks,1.0,2-1,2010,2023,1.0
high,WILSON,009803,3 1,2014,official_vtd_code_and_name_nhgis_blocks,1.0,3-1,2010,2027,1.0
high,WILSON,009804,4 1,2014,official_vtd_code_and_name_nhgis_blocks,1.0,4-1,2010,2033,1.0
high,WILSON,009805,4 2,2014,official_vtd_code_and_name_nhgis_blocks,1.0,4-2,2010,2047,1.0
high,WILSON,009806,5 1,2014,official_vtd_code_and_name_nhgis_blocks,1.0,5-1,2010,2019,1.0
high,WILSON,009807,6 1,2014,official_vtd_code_and_name_nhgis_blocks,1.0,6-1,2010,2042,1.0
high,WILSON,009808,7 1,2014,official_vtd_code_and_name_nhgis_blocks,1.0,7-1,2010,2035,1.0
high,WILSON,009809,7 2,2014,official_vtd_code_and_name_nhgis_blocks,1.0,7-2,2010,2045,1.0
high,WILSON,009810,8 1,2014,official_vtd_code_and_name_nhgis_blocks,1.0,8-1,2010,2021,1.0
high,WILSON,009811,9 1,2014,official_vtd_code_and_name_nhgis_blocks,1.0,9-1,2010,2044,1.0
high,WILSON,009812,9 2,2014,official_vtd_code_and_name_nhgis_blocks,1.0,9-2,2010,2034,1.0
high,WILSON,009802,10 1,2014,official_vtd_code_and_name_nhgis_blocks,1.0,10-1,2010,2024,0.000100316576
high,WILSON,009803,10 1,2014,official_vtd_code_and_name_nhgis_blocks,1.0,10-1,2010,2024,0.009707041191
high,WILSON,009814,10 1,2014,official_vtd_code_and_name_nhgis_blocks,1.0,10-1,2010,2024,0.990192642233
high,WILSON,009815,11 1,2014,official_vtd_code_and_name_nhgis_blocks,1.0,11-1,2010,2026,1.0
high,WILSON,009816,12 1,2014,official_vtd_code_and_name_nhgis_blocks,1.0,12-1,2010,2030,1.0
high,WILSON,009817,12 2,2014,official_vtd_code_and_name_nhgis_blocks,1.0,12-2,2010,2046,1.0
high,WILSON,009818,13 1,2014,official_vtd_code_and_name_nhgis_blocks,1.0,13-1,2010,2028,1.0
high,WILSON,009819,14 1,2014,official_vtd_code_and_name_nhgis_blocks,1.0,14-1,2010,2029,1.0
high,WILSON,009820,15 1,2014,official_vtd_code_and_name_nhgis_blocks,1.0,15-1,2010,2048,1.0
high,WILSON,009822,16 1,2014,official_vtd_code_and_name_nhgis_blocks,1.0,16-1,2010,2025,1.0
high,WILSON,009823,17 1,2014,official_vtd_code_and_name_nhgis_blocks,1.0,17-1,2010,2039,0.974578954489
high,WILSON,009825,17 1,2014,official_vtd_code_and_name_nhgis_blocks,1.0,17-1,2010,2039,0.025276473149
high,WILSON,009830,17 1,2014,official_vtd_code_and_name_nhgis_blocks,1.0,17-1,2010,2039,0.000144572362
high,WILSON,009824,18 1,2014,official_vtd_code_and_name_nhgis_blocks,1.0,18-1,2010,2020,1.0
high,WILSON,009820,19 1,2014,official_vtd_code_and_name_nhgis_blocks,1.0,19-1,2010,2041,0.001340489574
high,WILSON,009825,19 1,2014,official_vtd_code_and_name_nhgis_blocks,1.0,19-1,2010,2041,0.998659510426
high,WILSON,009826,20 1,2014,official_vtd_code_and_name_nhgis_blocks,1.0,20-1,2010,2037,1.0
high,WILSON,009827,21 1,2014,official_vtd_code_and_name_nhgis_blocks,1.0,21-1,2010,2043,1.0
high,WILSON,009828,21 2,2014,official_vtd_code_and_name_nhgis_blocks,1.0,21-2,2010,2036,1.0
high,WILSON,009829,22 1,2014,official_vtd_code_and_name_nhgis_blocks,1.0,22-1,2010,2031,1.0
high,WILSON,009809,23 1,2014,official_vtd_code_and_name_nhgis_blocks,1.0,23-1,2010,2038,0.001472415558
high,WILSON,009830,23 1,2014,official_vtd_code_and_name_nhgis_blocks,1.0,23-1,2010,2038,0.998527584442
high,WILSON,009831,24 1,2014,official_vtd_code_and_name_nhgis_blocks,1.0,24-1,2010,2040,1.0
high,WILSON,009832,25 1,2014,official_vtd_code_and_name_nhgis_blocks,1.0,25-1,2010,2032,0.998799193384
high,WILSON,009833,25 1,2014,official_vtd_code_and_name_nhgis_blocks,1.0,25-1,2010,2032,0.001200806616
high,WILSON,009832,25 2,2014,official_vtd_code_and_name_nhgis_blocks,1.0,25-2,2010,2049,0.00533849965
high,WILSON,009833,25 2,2014,official_vtd_code_and_name_nhgis_blocks,1.0,25-2,2010,2049,0.99466150035
high,BLEDSOE,000302,3 1 BRAYTON,2014,legacy_fallback_pending_official_review,0.95,Brayton,2010,55,1.0
high,BLEDSOE,000312,3 2 RIGSBY,2014,legacy_fallback_pending_official_review,0.95,Rigsby,2010,52,1.0
high,DICKSON,002263,1 1,2014,legacy_fallback_pending_official_review,0.97,1-1 Collier House,2010,502,1.0
high,DICKSON,002265,10 1,2014,legacy_fallback_pending_official_review,0.97,10-1 First Baptist Church,2010,504,1.0
high,MADISON,005651,1 1 CIVIC CENTER,2014,legacy_fallback_pending_official_review,0.97,1-1 Carl Perkins Civic Center,2010,1155,1.0
high,MADISON,005652,1 2 MT MORIAH,2014,legacy_fallback_pending_official_review,0.97,1-2 Mt. Moriah Baptist Church,2010,1156,0.757462158438
high,MADISON,005664,1 2 MT MORIAH,2014,legacy_fallback_pending_official_review,0.97,1-2 Mt. Moriah Baptist Church,2010,1156,0.242537841562
high,MADISON,005683,10 1 SPRING CREEK,2014,legacy_fallback_pending_official_review,0.97,10-1 Spring Creek Fire Station #7,2010,1187,1.0
high,MADISON,005655,10 2 NORTH EAST,2014,legacy_fallback_pending_official_review,0.97,10-2 North East School,2010,1172,0.001379166728
high,MADISON,005668,10 2 NORTH EAST,2014,legacy_fallback_pending_official_review,0.97,10-2 North East School,2010,1172,0.997472974219
high,MADISON,005669,10 2 NORTH EAST,2014,legacy_fallback_pending_official_review,0.97,10-2 North East School,2010,1172,0.001147859054
high,ROBERTSON,007551,01 1 EAST ROBERTSON,2014,legacy_fallback_pending_official_review,0.97,1-1 East Robertson Elementary School,2010,1446,1.0
high,ROBERTSON,007560,10 1 SOUTH HAVEN,2014,legacy_fallback_pending_official_review,0.97,10-1 South Haven Christian School,2010,1460,0.002075374282
high,ROBERTSON,007564,10 1 SOUTH HAVEN,2014,legacy_fallback_pending_official_review,0.97,10-1 South Haven Christian School,2010,1460,9.6935e-06
high,ROBERTSON,007565,10 1 SOUTH HAVEN,2014,legacy_fallback_pending_official_review,0.97,10-1 South Haven Christian School,2010,1460,0.997914932217
high,RUTHERFORD,007651,1 1,2014,legacy_fallback_pending_official_review,0.97,1-1 LaVergne Lake Elementary School,2010,1464,0.975489445605
high,RUTHERFORD,007654,1 1,2014,legacy_fallback_pending_official_review,0.97,1-1 LaVergne Lake Elementary School,2010,1464,0.024510554395
high,RUTHERFORD,007698,2 1,2014,legacy_fallback_pending_official_review,0.97,2-1 Lascassas Elementary School,2010,1511,1.0
high,RUTHERFORD,007653,2 2,2014,legacy_fallback_pending_official_review,0.97,2-2 Wilson Elementary School,2010,1477,1.0
high,RUTHERFORD,007671,10 1,2014,legacy_fallback_pending_official_review,0.97,10-1 Rock Springs Elementary School,2010,1467,1.0
high,RUTHERFORD,007693,20 1,2014,legacy_fallback_pending_official_review,0.97,20-1 Blackman United Methodist Church,2010,1469,1.0
high,RUTHERFORD,007685,20 2,2014,legacy_fallback_pending_official_review,0.97,20-2 Blackman High School,2010,1488,4.090278e-05
high,RUTHERFORD,007693,20 2,2014,legacy_fallback_pending_official_review,0.97,20-2 Blackman High School,2010,1488,0.001621020734
high,RUTHERFORD,007694,20 2,2014,legacy_fallback_pending_official_review,0.97,20-2 Blackman High School,2010,1488,0.998338076486
high,SUMNER,008632,10 1 WALTON FERRY,2014,legacy_fallback_pending_official_review,0.97,101 Westmoreland Middle,2010,1837,1.0
high,WILLIAMSON,009701,1 1,2014,legacy_fallback_pending_official_review,0.97,1-1 Westwood Elementary School,2010,2003,1.0
high,WILLIAMSON,009702,1 2,2014,legacy_fallback_pending_official_review,0.97,1-2 Fairview Recreation Center,2010,2004,1.0
high,WILLIAMSON,009703,1 3,2014,legacy_fallback_pending_official_review,0.97,1-3 Old Pinewood School,2010,1987,1.0
high,WILLIAMSON,009732,10 1,2014,legacy_fallback_pending_official_review,0.97,10-1 Franklin Recreation Complex,2010,2007,1.0
high,WILLIAMSON,009733,10 2,2014,legacy_fallback_pending_official_review,0.97,10-2 Liberty Elementary School,2010,2015,1.0
high,WILLIAMSON,009732,10 3,2014,legacy_fallback_pending_official_review,0.97,10-3 Hunter's Bend Elementary School,2010,2012,0.017016201738
high,WILLIAMSON,009734,10 3,2014,legacy_fallback_pending_official_review,0.97,10-3 Hunter's Bend Elementary School,2010,2012,0.982983798262
high,GIBSON,002751,1 1 MEDINA,2014,legacy_fallback_pending_official_review,0.95,01 Medina,2010,586,1.0
high,GIBSON,002762,9 COURTHOUSE,2014,legacy_fallback_pending_official_review,0.95,20 CourtHouse,2010,575,1.0
high,GIBSON,002768,13 MILAN POLK CLARK,2014,legacy_fallback_pending_official_review,0.95,29 Milan Polk Clark,2010,592,1.0
medium,GREENE,003052,10 2 COURTHOUSE,2014,legacy_fallback_pending_official_review,0.8571,10-2 Court House,2010,645,0.00275978574
medium,GREENE,003065,10 2 COURTHOUSE,2014,legacy_fallback_pending_official_review,0.8571,10-2 Court House,2010,645,0.99724021426
medium,HAWKINS,003812,6 ALUM WELL,2014,legacy_fallback_pending_official_review,0.8471,6 Alumwell,2010,859,1.0
medium,HAWKINS,003825,2 CHURCH HILL OUTSID,2014,legacy_fallback_pending_official_review,0.8757,2 Church Hill Outside,2010,857,1.0
medium,HAWKINS,003826,4 SURGOINSVILLE IN,2014,legacy_fallback_pending_official_review,0.8,4 Surgoinsville Inside,2010,873,1.0
medium,HAWKINS,003826,4 SURGOINSVILLE OUT,2014,legacy_fallback_pending_official_review,0.8053,4 Surgoinsville Outside,2010,868,1.0
high,HENDERSON,004012,3 4 CHRISTIAN CHAPEL,2014,legacy_fallback_pending_official_review,0.95,3-1 Christian Chapel,2010,896,1.0
high,ANDERSON,000007,CLINTON MIDDLE,2014,legacy_fallback_pending_official_review,0.995,,2010,0036,0.78987393
high,ANDERSON,000006,CLINTON MIDDLE,2014,legacy_fallback_pending_official_review,0.995,,2010,0036,0.20617145
high,ANDERSON,000019,CLINTON MIDDLE,2014,legacy_fallback_pending_official_review,0.995,,2010,0036,0.00395462
high,ANDERSON,000016,CLINTON MIDDLE,2014,legacy_fallback_pending_official_review,0.995,,2010,0036,0.0
high,ANDERSON,000008,CLINTON MIDDLE,2014,legacy_fallback_pending_official_review,0.995,,2010,0036,0.0
high,ANDERSON,000011,CLINTON MIDDLE,2014,legacy_fallback_pending_official_review,0.995,,2010,0036,0.0
high,ANDERSON,000005,CLINTON MIDDLE,2014,legacy_fallback_pending_official_review,0.995,,2010,0036,0.0
high,ANDERSON,000015,LAKE CITY CC,2014,legacy_fallback_pending_official_review,1.0,,2010,0064,0.99870188
high,ANDERSON,000016,LAKE CITY CC,2014,legacy_fallback_pending_official_review,1.0,,2010,0064,0.00129812
medium,ANDERSON,000016,LAKE CITY MS,2014,legacy_fallback_pending_official_review,0.99,,2010,0068,0.9946212
medium,ANDERSON,000015,LAKE CITY MS,2014,legacy_fallback_pending_official_review,0.99,,2010,0068,0.0053788
medium,ANDERSON,000002,LAKE CITY MS,2014,legacy_fallback_pending_official_review,0.99,,2010,0068,0.0
medium,ANDERSON,000007,LAKE CITY MS,2014,legacy_fallback_pending_official_review,0.99,,2010,0068,0.0
medium,ANDERSON,000011,LAKE CITY MS,2014,legacy_fallback_pending_official_review,0.99,,2010,0068,0.0
medium,ANDERSON,000018,LAKE CITY MS,2014,legacy_fallback_pending_official_review,0.99,,2010,0068,0.0
medium,ANDERSON,000019,LAKE CITY MS,2014,legacy_fallback_pending_official_review,0.99,,2010,0068,0.0
high,ANDERSON,000021,OAK RIDGE,2014,legacy_fallback_pending_official_review,0.995,,2010,0016,1.0
high,ANDERSON,000026,OAK RIDGE,2014,legacy_fallback_pending_official_review,0.995,,2010,0016,0.0
high,ANDERSON,000023,OAK RIDGE,2014,legacy_fallback_pending_official_review,0.995,,2010,0016,0.0
high,BLOUNT,000408,ALCOA,2014,legacy_fallback_pending_official_review,0.995,,2010,0376,0.92478401
high,BLOUNT,000406,ALCOA,2014,legacy_fallback_pending_official_review,0.995,,2010,0376,0.07364494
high,BLOUNT,000411,ALCOA,2014,legacy_fallback_pending_official_review,0.995,,2010,0376,0.00080358
high,BLOUNT,000409,ALCOA,2014,legacy_fallback_pending_official_review,0.995,,2010,0376,0.00075443
high,BLOUNT,000407,ALCOA,2014,legacy_fallback_pending_official_review,0.995,,2010,0376,9.57e-06
high,BLOUNT,000412,ALCOA,2014,legacy_fallback_pending_official_review,0.995,,2010,0376,3.47e-06
high,BLOUNT,000410,ALCOA,2014,legacy_fallback_pending_official_review,0.995,,2010,0376,0.0
low,BLOUNT,000403,BOARD OF EDUCATION,2014,legacy_fallback_pending_official_review,0.837209,,2010,0508,1.0
low,BLOUNT,000431,BOARD OF EDUCATION,2014,legacy_fallback_pending_official_review,0.837209,,2010,0508,0.0
low,BLOUNT,000425,BOARD OF EDUCATION,2014,legacy_fallback_pending_official_review,0.837209,,2010,0508,0.0
high,BRADLEY,000501,5 1 BLYTHE BOWER,2014,legacy_fallback_pending_official_review,0.993,,2010,0524,1.0
high,BRADLEY,000516,5 1 BLYTHE BOWER,2014,legacy_fallback_pending_official_review,0.993,,2010,0524,0.0
high,BRADLEY,000502,5 1 BLYTHE BOWER,2014,legacy_fallback_pending_official_review,0.993,,2010,0524,0.0
high,BRADLEY,000503,5 1 BLYTHE BOWER,2014,legacy_fallback_pending_official_review,0.993,,2010,0524,0.0
high,CANNON,000704,2 4 SHORT MOUNTAIN,2014,legacy_fallback_pending_official_review,0.993,,2010,0748,0.99103723
high,CANNON,000705,2 4 SHORT MOUNTAIN,2014,legacy_fallback_pending_official_review,0.993,,2010,0748,0.00896277
high,CANNON,000701,2 4 SHORT MOUNTAIN,2014,legacy_fallback_pending_official_review,0.993,,2010,0748,0.0
high,CANNON,000709,2 4 SHORT MOUNTAIN,2014,legacy_fallback_pending_official_review,0.993,,2010,0748,0.0
high,CANNON,000703,2 4 SHORT MOUNTAIN,2014,legacy_fallback_pending_official_review,0.993,,2010,0748,0.0
high,CANNON,000707,2 4 SHORT MOUNTAIN,2014,legacy_fallback_pending_official_review,0.993,,2010,0748,0.0
high,CANNON,000704,4 2 SHORT MOUNTAIN,2014,legacy_fallback_pending_official_review,0.993,,2010,0748,0.99103723
high,CANNON,000705,4 2 SHORT MOUNTAIN,2014,legacy_fallback_pending_official_review,0.993,,2010,0748,0.00896277
high,CANNON,000701,4 2 SHORT MOUNTAIN,2014,legacy_fallback_pending_official_review,0.993,,2010,0748,0.0
high,CANNON,000709,4 2 SHORT MOUNTAIN,2014,legacy_fallback_pending_official_review,0.993,,2010,0748,0.0
high,CANNON,000703,4 2 SHORT MOUNTAIN,2014,legacy_fallback_pending_official_review,0.993,,2010,0748,0.0
high,CANNON,000707,4 2 SHORT MOUNTAIN,2014,legacy_fallback_pending_official_review,0.993,,2010,0748,0.0
high,CARROLL,000809,BETHEL COLLEGE,2014,legacy_fallback_pending_official_review,1.0,,2010,0868,0.97575063
high,CARROLL,000802,BETHEL COLLEGE,2014,legacy_fallback_pending_official_review,1.0,,2010,0868,0.02424937
high,CARROLL,000808,BETHEL COLLEGE,2014,legacy_fallback_pending_official_review,1.0,,2010,0868,0.0
high,CARROLL,000818,BETHEL COLLEGE,2014,legacy_fallback_pending_official_review,1.0,,2010,0868,0.0
high,CARROLL,000807,BETHEL COLLEGE,2014,legacy_fallback_pending_official_review,1.0,,2010,0868,0.0
high,CARROLL,000805,BETHEL COLLEGE,2014,legacy_fallback_pending_official_review,1.0,,2010,0868,0.0
high,CARROLL,000814,BETHEL COLLEGE,2014,legacy_fallback_pending_official_review,1.0,,2010,0868,0.0
medium,CARROLL,000807,HUNTINGDON,2014,legacy_fallback_pending_official_review,0.982,,2010,0792,0.99807546
medium,CARROLL,000805,HUNTINGDON,2014,legacy_fallback_pending_official_review,0.982,,2010,0792,0.00192084
medium,CARROLL,000810,HUNTINGDON,2014,legacy_fallback_pending_official_review,0.982,,2010,0792,3.7e-06
medium,CARROLL,000812,HUNTINGDON,2014,legacy_fallback_pending_official_review,0.982,,2010,0792,0.0
medium,CARROLL,000809,HUNTINGDON,2014,legacy_fallback_pending_official_review,0.982,,2010,0792,0.0
medium,CARROLL,000801,HUNTINGDON,2014,legacy_fallback_pending_official_review,0.982,,2010,0792,0.0
medium,CARROLL,000808,HUNTINGDON,2014,legacy_fallback_pending_official_review,0.982,,2010,0792,0.0
medium,CARROLL,000806,HUNTINGDON,2014,legacy_fallback_pending_official_review,0.982,,2010,0792,0.0
medium,CARROLL,000818,MCKENZIE,2014,legacy_fallback_pending_official_review,0.982,,2010,0872,0.85376562
medium,CARROLL,000808,MCKENZIE,2014,legacy_fallback_pending_official_review,0.982,,2010,0872,0.14623438
medium,CARROLL,000809,MCKENZIE,2014,legacy_fallback_pending_official_review,0.982,,2010,0872,0.0
high,CARTER,000922,NATIONAL GUARD,2014,legacy_fallback_pending_official_review,1.0,,2010,000922,1.0
high,CHEATHAM,001001,2 2 EAST CHEATHAM,2014,legacy_fallback_pending_official_review,0.995,,2010,0996,1.0
high,CHEATHAM,001004,2 2 EAST CHEATHAM,2014,legacy_fallback_pending_official_review,0.995,,2010,0996,0.0
high,CHEATHAM,001003,2 2 EAST CHEATHAM,2014,legacy_fallback_pending_official_review,0.995,,2010,0996,0.0
high,CHEATHAM,001008,2 2 EAST CHEATHAM,2014,legacy_fallback_pending_official_review,0.995,,2010,0996,0.0
high,COCKE,001406,NEWPORT GRAMMAR,2014,legacy_fallback_pending_official_review,0.995,,2010,1292,0.99982707
high,COCKE,001402,NEWPORT GRAMMAR,2014,legacy_fallback_pending_official_review,0.995,,2010,1292,0.00017293
high,COCKE,001416,NEWPORT GRAMMAR,2014,legacy_fallback_pending_official_review,0.995,,2010,1292,0.0
high,COCKE,001415,NEWPORT GRAMMAR,2014,legacy_fallback_pending_official_review,0.995,,2010,1292,0.0
high,COCKE,001411,NEWPORT GRAMMAR,2014,legacy_fallback_pending_official_review,0.995,,2010,1292,0.0
high,COCKE,001409,NEWPORT GRAMMAR,2014,legacy_fallback_pending_official_review,0.995,,2010,1292,0.0
high,COFFEE,001512,13 4 GRACE BAPTIST,2014,legacy_fallback_pending_official_review,0.993,,2010,1324,0.85474838
high,COFFEE,001514,13 4 GRACE BAPTIST,2014,legacy_fallback_pending_official_review,0.993,,2010,1324,0.13114456
high,COFFEE,001502,13 4 GRACE BAPTIST,2014,legacy_fallback_pending_official_review,0.993,,2010,1324,0.01396293
high,COFFEE,001511,13 4 GRACE BAPTIST,2014,legacy_fallback_pending_official_review,0.993,,2010,1324,0.00014413
high,COFFEE,001513,13 4 GRACE BAPTIST,2014,legacy_fallback_pending_official_review,0.993,,2010,1324,0.0
high,CUMBERLAND,001705,1 CORNERSTONE,2014,legacy_fallback_pending_official_review,0.995,,2010,1436,0.99235145
high,CUMBERLAND,001719,1 CORNERSTONE,2014,legacy_fallback_pending_official_review,0.995,,2010,1436,0.00764855
high,CUMBERLAND,001704,1 CORNERSTONE,2014,legacy_fallback_pending_official_review,0.995,,2010,1436,0.0
high,CUMBERLAND,001711,1 CORNERSTONE,2014,legacy_fallback_pending_official_review,0.995,,2010,1436,0.0
high,CUMBERLAND,001707,1 CORNERSTONE,2014,legacy_fallback_pending_official_review,0.995,,2010,1436,0.0
high,CUMBERLAND,001712,1 CORNERSTONE,2014,legacy_fallback_pending_official_review,0.995,,2010,1436,0.0
high,CUMBERLAND,001706,6 CRAB ORCHARD,2014,legacy_fallback_pending_official_review,0.995,,2010,1498,1.0
high,CUMBERLAND,001717,6 CRAB ORCHARD,2014,legacy_fallback_pending_official_review,0.995,,2010,1498,0.0
high,CUMBERLAND,001703,6 CRAB ORCHARD,2014,legacy_fallback_pending_official_review,0.995,,2010,1498,0.0
high,CUMBERLAND,001710,6 CRAB ORCHARD,2014,legacy_fallback_pending_official_review,0.995,,2010,1498,0.0
high,CUMBERLAND,001716,6 CRAB ORCHARD,2014,legacy_fallback_pending_official_review,0.995,,2010,1498,0.0
high,CUMBERLAND,001709,6 CRAB ORCHARD,2014,legacy_fallback_pending_official_review,0.995,,2010,1498,0.0
high,CUMBERLAND,001708,6 CRAB ORCHARD,2014,legacy_fallback_pending_official_review,0.995,,2010,1498,0.0
high,CUMBERLAND,001711,6 CRAB ORCHARD,2014,legacy_fallback_pending_official_review,0.995,,2010,1498,0.0
high,CUMBERLAND,001709,9 FAIRFIELD NORTH,2014,legacy_fallback_pending_official_review,0.993,,2010,1540,0.43656432
high,CUMBERLAND,001708,9 FAIRFIELD NORTH,2014,legacy_fallback_pending_official_review,0.993,,2010,1540,0.3560745
high,CUMBERLAND,001703,9 FAIRFIELD NORTH,2014,legacy_fallback_pending_official_review,0.993,,2010,1540,0.20736118
high,CUMBERLAND,001716,9 FAIRFIELD NORTH,2014,legacy_fallback_pending_official_review,0.993,,2010,1540,0.0
high,CUMBERLAND,001706,9 FAIRFIELD NORTH,2014,legacy_fallback_pending_official_review,0.993,,2010,1540,0.0
high,CUMBERLAND,001709,9 FAIRFIELD SOUTH,2014,legacy_fallback_pending_official_review,0.993,,2010,1540,0.43656432
high,CUMBERLAND,001708,9 FAIRFIELD SOUTH,2014,legacy_fallback_pending_official_review,0.993,,2010,1540,0.3560745
high,CUMBERLAND,001703,9 FAIRFIELD SOUTH,2014,legacy_fallback_pending_official_review,0.993,,2010,1540,0.20736118
high,CUMBERLAND,001716,9 FAIRFIELD SOUTH,2014,legacy_fallback_pending_official_review,0.993,,2010,1540,0.0
high,CUMBERLAND,001706,9 FAIRFIELD SOUTH,2014,legacy_fallback_pending_official_review,0.993,,2010,1540,0.0
high,DECATUR,002054,3 1 BEACON,2014,legacy_fallback_pending_official_review,0.993,,2010,2216,1.0
high,DECATUR,002052,3 1 BEACON,2014,legacy_fallback_pending_official_review,0.993,,2010,2216,0.0
high,DECATUR,002051,3 1 BEACON,2014,legacy_fallback_pending_official_review,0.993,,2010,2216,0.0
high,DECATUR,002060,3 1 BEACON,2014,legacy_fallback_pending_official_review,0.993,,2010,2216,0.0
high,DECATUR,002060,3 2 DECATURVILLE,2014,legacy_fallback_pending_official_review,0.993,,2010,2224,0.83462578
high,DECATUR,002054,3 2 DECATURVILLE,2014,legacy_fallback_pending_official_review,0.993,,2010,2224,0.16518588
high,DECATUR,002051,3 2 DECATURVILLE,2014,legacy_fallback_pending_official_review,0.993,,2010,2224,0.00018834
high,DECATUR,002054,4 1 DECATURVILLE,2014,legacy_fallback_pending_official_review,0.993,,2010,2216,1.0
high,DECATUR,002052,4 1 DECATURVILLE,2014,legacy_fallback_pending_official_review,0.993,,2010,2216,0.0
high,DECATUR,002051,4 1 DECATURVILLE,2014,legacy_fallback_pending_official_review,0.993,,2010,2216,0.0
high,DECATUR,002060,4 1 DECATURVILLE,2014,legacy_fallback_pending_official_review,0.993,,2010,2216,0.0
high,DECATUR,002054,5 1 PARSONS,2014,legacy_fallback_pending_official_review,0.993,,2010,2216,1.0
high,DECATUR,002052,5 1 PARSONS,2014,legacy_fallback_pending_official_review,0.993,,2010,2216,0.0
high,DECATUR,002051,5 1 PARSONS,2014,legacy_fallback_pending_official_review,0.993,,2010,2216,0.0
high,DECATUR,002060,5 1 PARSONS,2014,legacy_fallback_pending_official_review,0.993,,2010,2216,0.0
high,DECATUR,002054,6 1 PARSONS,2014,legacy_fallback_pending_official_review,0.993,,2010,2216,1.0
high,DECATUR,002052,6 1 PARSONS,2014,legacy_fallback_pending_official_review,0.993,,2010,2216,0.0
high,DECATUR,002051,6 1 PARSONS,2014,legacy_fallback_pending_official_review,0.993,,2010,2216,0.0
high,DECATUR,002060,6 1 PARSONS,2014,legacy_fallback_pending_official_review,0.993,,2010,2216,0.0
high,DECATUR,002054,8 1 PARSONS,2014,legacy_fallback_pending_official_review,0.993,,2010,2216,1.0
high,DECATUR,002052,8 1 PARSONS,2014,legacy_fallback_pending_official_review,0.993,,2010,2216,0.0
high,DECATUR,002051,8 1 PARSONS,2014,legacy_fallback_pending_official_review,0.993,,2010,2216,0.0
high,DECATUR,002060,8 1 PARSONS,2014,legacy_fallback_pending_official_review,0.993,,2010,2216,0.0
high,DECATUR,002054,9 1 BEACON,2014,legacy_fallback_pending_official_review,0.993,,2010,2216,1.0
high,DECATUR,002052,9 1 BEACON,2014,legacy_fallback_pending_official_review,0.993,,2010,2216,0.0
high,DECATUR,002051,9 1 BEACON,2014,legacy_fallback_pending_official_review,0.993,,2010,2216,0.0
high,DECATUR,002060,9 1 BEACON,2014,legacy_fallback_pending_official_review,0.993,,2010,2216,0.0
high,DEKALB,002158,7 1 CHURCH OF CHRIST,2014,legacy_fallback_pending_official_review,0.993,,2010,2272,1.0
high,DEKALB,002159,7 1 CHURCH OF CHRIST,2014,legacy_fallback_pending_official_review,0.993,,2010,2272,0.0
high,DEKALB,002152,7 1 CHURCH OF CHRIST,2014,legacy_fallback_pending_official_review,0.993,,2010,2272,0.0
high,DEKALB,002160,7 1 CHURCH OF CHRIST,2014,legacy_fallback_pending_official_review,0.993,,2010,2272,0.0
medium,FAYETTE,002465,SOMERVILLE CITY,2014,legacy_fallback_pending_official_review,0.985,,2010,2561,0.45375342
medium,FAYETTE,002460,SOMERVILLE CITY,2014,legacy_fallback_pending_official_review,0.985,,2010,2561,0.34450483
medium,FAYETTE,002461,SOMERVILLE CITY,2014,legacy_fallback_pending_official_review,0.985,,2010,2561,0.08701823
medium,FAYETTE,002464,SOMERVILLE CITY,2014,legacy_fallback_pending_official_review,0.985,,2010,2561,0.06452805
medium,FAYETTE,002458,SOMERVILLE CITY,2014,legacy_fallback_pending_official_review,0.985,,2010,2561,0.05019547
medium,FAYETTE,002456,SOMERVILLE CITY,2014,legacy_fallback_pending_official_review,0.985,,2010,2561,0.0
high,FENTRESS,002552,BANNER SPRINGS,2014,legacy_fallback_pending_official_review,1.0,,2010,2644,0.89785303
high,FENTRESS,002562,BANNER SPRINGS,2014,legacy_fallback_pending_official_review,1.0,,2010,2644,0.10214697
high,FENTRESS,002556,BANNER SPRINGS,2014,legacy_fallback_pending_official_review,1.0,,2010,2644,0.0
high,GIBSON,002761,15 MILAN MUNICIPAL,2014,legacy_fallback_pending_official_review,0.993,,2010,2760,0.5868629
high,GIBSON,002771,15 MILAN MUNICIPAL,2014,legacy_fallback_pending_official_review,0.993,,2010,2760,0.4131371
high,GIBSON,002778,15 MILAN MUNICIPAL,2014,legacy_fallback_pending_official_review,0.993,,2010,2760,0.0
high,GIBSON,002762,15 MILAN MUNICIPAL,2014,legacy_fallback_pending_official_review,0.993,,2010,2760,0.0
high,GIBSON,002759,5 LANE CHAPEL CHURCH,2014,legacy_fallback_pending_official_review,0.993,,2010,2800,0.32818517
high,GIBSON,002760,5 LANE CHAPEL CHURCH,2014,legacy_fallback_pending_official_review,0.993,,2010,2800,0.26472298
high,GIBSON,002755,5 LANE CHAPEL CHURCH,2014,legacy_fallback_pending_official_review,0.993,,2010,2800,0.15632004
high,GIBSON,002753,5 LANE CHAPEL CHURCH,2014,legacy_fallback_pending_official_review,0.993,,2010,2800,0.14061318
high,GIBSON,002754,5 LANE CHAPEL CHURCH,2014,legacy_fallback_pending_official_review,0.993,,2010,2800,0.08994019
high,GIBSON,002758,5 LANE CHAPEL CHURCH,2014,legacy_fallback_pending_official_review,0.993,,2010,2800,0.01969395
high,GIBSON,002757,5 LANE CHAPEL CHURCH,2014,legacy_fallback_pending_official_review,0.993,,2010,2800,0.00052449
high,GRUNDY,003152,BEERSHEBA SPRINGS,2014,legacy_fallback_pending_official_review,1.0,,2010,003152,1.0
high,GRUNDY,003163,GRUETLI LAAGER,2014,legacy_fallback_pending_official_review,1.0,,2010,003163,1.0
medium,GRUNDY,003156,TRACY CITY,2014,legacy_fallback_pending_official_review,0.99,,2010,3200,0.999168
medium,GRUNDY,003161,TRACY CITY,2014,legacy_fallback_pending_official_review,0.99,,2010,3200,0.000832
medium,GRUNDY,003157,TRACY CITY,2014,legacy_fallback_pending_official_review,0.99,,2010,3200,0.0
medium,GRUNDY,003160,TRACY CITY,2014,legacy_fallback_pending_official_review,0.99,,2010,3200,0.0
medium,GRUNDY,003153,TRACY CITY,2014,legacy_fallback_pending_official_review,0.99,,2010,3200,0.0
medium,GRUNDY,003155,TRACY CITY,2014,legacy_fallback_pending_official_review,0.99,,2010,3200,0.0
high,HAMILTON,003441,201 SUMMIT 4,2014,legacy_fallback_pending_official_review,1.0,,2010,3533,0.29698501
high,HAMILTON,003468,201 SUMMIT 4,2014,legacy_fallback_pending_official_review,1.0,,2010,3533,0.29433622
high,HAMILTON,003467,201 SUMMIT 4,2014,legacy_fallback_pending_official_review,1.0,,2010,3533,0.17643238
high,HAMILTON,003469,201 SUMMIT 4,2014,legacy_fallback_pending_official_review,1.0,,2010,3533,0.11121372
high,HAMILTON,003407,201 SUMMIT 4,2014,legacy_fallback_pending_official_review,1.0,,2010,3533,0.05146637
high,HAMILTON,003442,201 SUMMIT 4,2014,legacy_fallback_pending_official_review,1.0,,2010,3533,0.03230512
high,HAMILTON,003466,201 SUMMIT 4,2014,legacy_fallback_pending_official_review,1.0,,2010,3533,0.01483366
high,HAMILTON,003408,201 SUMMIT 4,2014,legacy_fallback_pending_official_review,1.0,,2010,3533,0.01483129
high,HAMILTON,003443,201 SUMMIT 4,2014,legacy_fallback_pending_official_review,1.0,,2010,3533,0.0045595
high,HAMILTON,003378,201 SUMMIT 4,2014,legacy_fallback_pending_official_review,1.0,,2010,3533,0.00303674
high,HAMILTON,003440,201 SUMMIT 4,2014,legacy_fallback_pending_official_review,1.0,,2010,3533,0.0
high,HAMILTON,003368,217 COLLEGEDALE 5,2014,legacy_fallback_pending_official_review,1.0,,2010,3488,0.43018132
high,HAMILTON,003367,217 COLLEGEDALE 5,2014,legacy_fallback_pending_official_review,1.0,,2010,3488,0.30578289
high,HAMILTON,003370,217 COLLEGEDALE 5,2014,legacy_fallback_pending_official_review,1.0,,2010,3488,0.23598002
high,HAMILTON,003369,217 COLLEGEDALE 5,2014,legacy_fallback_pending_official_review,1.0,,2010,3488,0.02621971
high,HAMILTON,003355,217 COLLEGEDALE 5,2014,legacy_fallback_pending_official_review,1.0,,2010,3488,0.0012379
high,HAMILTON,003443,217 COLLEGEDALE 5,2014,legacy_fallback_pending_official_review,1.0,,2010,3488,0.00059732
high,HAMILTON,003445,217 COLLEGEDALE 5,2014,legacy_fallback_pending_official_review,1.0,,2010,3488,8.4e-07
high,HAMILTON,003357,217 COLLEGEDALE 5,2014,legacy_fallback_pending_official_review,1.0,,2010,3488,0.0
high,HAMILTON,003356,217 COLLEGEDALE 5,2014,legacy_fallback_pending_official_review,1.0,,2010,3488,0.0
high,HAMILTON,003440,217 COLLEGEDALE 5,2014,legacy_fallback_pending_official_review,1.0,,2010,3488,0.0
high,HAMILTON,003378,217 COLLEGEDALE 5,2014,legacy_fallback_pending_official_review,1.0,,2010,3488,0.0
high,HAMILTON,003407,218 HARRISON 6,2014,legacy_fallback_pending_official_review,1.0,,2010,3512,0.98909105
high,HAMILTON,003409,218 HARRISON 6,2014,legacy_fallback_pending_official_review,1.0,,2010,3512,0.00578651
high,HAMILTON,003433,218 HARRISON 6,2014,legacy_fallback_pending_official_review,1.0,,2010,3512,0.00438296
high,HAMILTON,003466,218 HARRISON 6,2014,legacy_fallback_pending_official_review,1.0,,2010,3512,0.00073949
high,HAMILTON,003404,218 HARRISON 6,2014,legacy_fallback_pending_official_review,1.0,,2010,3512,0.0
high,HAMILTON,003406,218 HARRISON 6,2014,legacy_fallback_pending_official_review,1.0,,2010,3512,0.0
high,HAMILTON,003408,218 HARRISON 6,2014,legacy_fallback_pending_official_review,1.0,,2010,3512,0.0
medium,HAMILTON,003460,219 SODDY DAISY 4,2014,legacy_fallback_pending_official_review,0.985,,2010,3618,0.72332947
medium,HAMILTON,003461,219 SODDY DAISY 4,2014,legacy_fallback_pending_official_review,0.985,,2010,3618,0.27601734
medium,HAMILTON,003431,219 SODDY DAISY 4,2014,legacy_fallback_pending_official_review,0.985,,2010,3618,0.00065318
medium,HAMILTON,003403,219 SODDY DAISY 4,2014,legacy_fallback_pending_official_review,0.985,,2010,3618,0.0
medium,HAMILTON,003402,219 SODDY DAISY 4,2014,legacy_fallback_pending_official_review,0.985,,2010,3618,0.0
high,HAMILTON,003368,220 COLLEGEDALE 6,2014,legacy_fallback_pending_official_review,1.0,,2010,3488,0.43018132
high,HAMILTON,003367,220 COLLEGEDALE 6,2014,legacy_fallback_pending_official_review,1.0,,2010,3488,0.30578289
high,HAMILTON,003370,220 COLLEGEDALE 6,2014,legacy_fallback_pending_official_review,1.0,,2010,3488,0.23598002
high,HAMILTON,003369,220 COLLEGEDALE 6,2014,legacy_fallback_pending_official_review,1.0,,2010,3488,0.02621971
high,HAMILTON,003355,220 COLLEGEDALE 6,2014,legacy_fallback_pending_official_review,1.0,,2010,3488,0.0012379
high,HAMILTON,003443,220 COLLEGEDALE 6,2014,legacy_fallback_pending_official_review,1.0,,2010,3488,0.00059732
high,HAMILTON,003445,220 COLLEGEDALE 6,2014,legacy_fallback_pending_official_review,1.0,,2010,3488,8.4e-07
high,HAMILTON,003357,220 COLLEGEDALE 6,2014,legacy_fallback_pending_official_review,1.0,,2010,3488,0.0
high,HAMILTON,003356,220 COLLEGEDALE 6,2014,legacy_fallback_pending_official_review,1.0,,2010,3488,0.0
high,HAMILTON,003440,220 COLLEGEDALE 6,2014,legacy_fallback_pending_official_review,1.0,,2010,3488,0.0
high,HAMILTON,003378,220 COLLEGEDALE 6,2014,legacy_fallback_pending_official_review,1.0,,2010,3488,0.0
high,HARDIN,003702,ARMORY 1 1,2014,legacy_fallback_pending_official_review,1.0,,2010,3736,0.97052753
high,HARDIN,003704,ARMORY 1 1,2014,legacy_fallback_pending_official_review,1.0,,2010,3736,0.01726412
high,HARDIN,003703,ARMORY 1 1,2014,legacy_fallback_pending_official_review,1.0,,2010,3736,0.01200332
high,HARDIN,003707,ARMORY 1 1,2014,legacy_fallback_pending_official_review,1.0,,2010,3736,0.00020503
high,HARDIN,003701,ARMORY 1 1,2014,legacy_fallback_pending_official_review,1.0,,2010,3736,0.0
high,HARDIN,003708,ARMORY 1 1,2014,legacy_fallback_pending_official_review,1.0,,2010,3736,0.0
low,HARDIN,003706,CERRO GORDO 6 1,2014,legacy_fallback_pending_official_review,0.846154,,2010,3756,0.99783057
low,HARDIN,003712,CERRO GORDO 6 1,2014,legacy_fallback_pending_official_review,0.846154,,2010,3756,0.00216943
low,HARDIN,003705,CERRO GORDO 6 1,2014,legacy_fallback_pending_official_review,0.846154,,2010,3756,0.0
low,HARDIN,003717,CERRO GORDO 6 1,2014,legacy_fallback_pending_official_review,0.846154,,2010,3756,0.0
low,HARDIN,003718,CERRO GORDO 6 1,2014,legacy_fallback_pending_official_review,0.846154,,2010,3756,0.0
low,HARDIN,003711,CERRO GORDO 6 1,2014,legacy_fallback_pending_official_review,0.846154,,2010,3756,0.0
low,HARDIN,003714,COUNCE 3 1,2014,legacy_fallback_pending_official_review,0.75,,2010,3760,1.0
low,HARDIN,003713,COUNCE 3 1,2014,legacy_fallback_pending_official_review,0.75,,2010,3760,0.0
low,HARDIN,003708,COUNCE 3 1,2014,legacy_fallback_pending_official_review,0.75,,2010,3760,0.0
low,HARDIN,003715,COUNCE 3 1,2014,legacy_fallback_pending_official_review,0.75,,2010,3760,0.0
high,HARDIN,003703,COURTHOUSE 9 1,2014,legacy_fallback_pending_official_review,1.0,,2010,3752,1.0
high,HARDIN,003710,COURTHOUSE 9 1,2014,legacy_fallback_pending_official_review,1.0,,2010,3752,0.0
high,HARDIN,003701,COURTHOUSE 9 1,2014,legacy_fallback_pending_official_review,1.0,,2010,3752,0.0
high,HARDIN,003704,COURTHOUSE 9 1,2014,legacy_fallback_pending_official_review,1.0,,2010,3752,0.0
high,HARDIN,003702,COURTHOUSE 9 1,2014,legacy_fallback_pending_official_review,1.0,,2010,3752,0.0
high,HARDIN,003705,COURTHOUSE 9 1,2014,legacy_fallback_pending_official_review,1.0,,2010,3752,0.0
high,HARDIN,003708,COURTHOUSE 9 1,2014,legacy_fallback_pending_official_review,1.0,,2010,3752,0.0
low,HARDIN,003704,FAIRGROUND 10 1,2014,legacy_fallback_pending_official_review,0.8,,2010,3744,0.81482904
low,HARDIN,003705,FAIRGROUND 10 1,2014,legacy_fallback_pending_official_review,0.8,,2010,3744,0.18151177
low,HARDIN,003702,FAIRGROUND 10 1,2014,legacy_fallback_pending_official_review,0.8,,2010,3744,0.00365919
low,HARDIN,003712,FAIRGROUND 10 1,2014,legacy_fallback_pending_official_review,0.8,,2010,3744,0.0
low,HARDIN,003709,FAIRGROUND 10 1,2014,legacy_fallback_pending_official_review,0.8,,2010,3744,0.0
low,HARDIN,003703,FAIRGROUND 10 1,2014,legacy_fallback_pending_official_review,0.8,,2010,3744,0.0
low,HARDIN,003711,OLIVE HILL 6 3,2014,legacy_fallback_pending_official_review,0.833333,,2010,3796,1.0
low,HARDIN,003709,OLIVE HILL 6 3,2014,legacy_fallback_pending_official_review,0.833333,,2010,3796,0.0
low,HARDIN,003712,OLIVE HILL 6 3,2014,legacy_fallback_pending_official_review,0.833333,,2010,3796,0.0
low,HARDIN,003706,OLIVE HILL 6 3,2014,legacy_fallback_pending_official_review,0.833333,,2010,3796,0.0
low,HARDIN,003707,OLIVET 1 2,2014,legacy_fallback_pending_official_review,0.75,,2010,3800,0.89407662
low,HARDIN,003704,OLIVET 1 2,2014,legacy_fallback_pending_official_review,0.75,,2010,3800,0.10590893
low,HARDIN,003702,OLIVET 1 2,2014,legacy_fallback_pending_official_review,0.75,,2010,3800,1.445e-05
low,HARDIN,003709,OLIVET 1 2,2014,legacy_fallback_pending_official_review,0.75,,2010,3800,0.0
low,HARDIN,003712,RHODES 6 2,2014,legacy_fallback_pending_official_review,0.75,,2010,3804,0.98920053
low,HARDIN,003705,RHODES 6 2,2014,legacy_fallback_pending_official_review,0.75,,2010,3804,0.01079947
low,HARDIN,003706,RHODES 6 2,2014,legacy_fallback_pending_official_review,0.75,,2010,3804,0.0
low,HARDIN,003704,RHODES 6 2,2014,legacy_fallback_pending_official_review,0.75,,2010,3804,0.0
low,HARDIN,003711,RHODES 6 2,2014,legacy_fallback_pending_official_review,0.75,,2010,3804,0.0
low,HARDIN,003709,RHODES 6 2,2014,legacy_fallback_pending_official_review,0.75,,2010,3804,0.0
low,HARDIN,003718,SALTILLO 5 1,2014,legacy_fallback_pending_official_review,0.8,,2010,3808,1.0
low,HARDIN,003717,SALTILLO 5 1,2014,legacy_fallback_pending_official_review,0.8,,2010,3808,0.0
high,HARDIN,003716,SHILOH 4 1,2014,legacy_fallback_pending_official_review,1.0,,2010,3812,1.0
high,HARDIN,003710,SHILOH 4 1,2014,legacy_fallback_pending_official_review,1.0,,2010,3812,0.0
high,HARDIN,003713,SHILOH 4 1,2014,legacy_fallback_pending_official_review,1.0,,2010,3812,0.0
high,HARDIN,003708,SHILOH 4 1,2014,legacy_fallback_pending_official_review,1.0,,2010,3812,0.0
high,HARDIN,003713,SOUTHSIDE 3 2,2014,legacy_fallback_pending_official_review,1.0,,2010,3816,1.0
high,HARDIN,003716,SOUTHSIDE 3 2,2014,legacy_fallback_pending_official_review,1.0,,2010,3816,0.0
high,HARDIN,003714,SOUTHSIDE 3 2,2014,legacy_fallback_pending_official_review,1.0,,2010,3816,0.0
high,HARDIN,003708,SOUTHSIDE 3 2,2014,legacy_fallback_pending_official_review,1.0,,2010,3816,0.0
high,HARDIN,003701,WALKERS 2 2,2014,legacy_fallback_pending_official_review,1.0,,2010,3820,1.0
high,HARDIN,003703,WALKERS 2 2,2014,legacy_fallback_pending_official_review,1.0,,2010,3820,0.0
high,HARDIN,003708,WALKERS 2 2,2014,legacy_fallback_pending_official_review,1.0,,2010,3820,0.0
high,HARDIN,003702,WALKERS 2 2,2014,legacy_fallback_pending_official_review,1.0,,2010,3820,0.0
low,HARDIN,003715,WALNUT GROVE 7 2,2014,legacy_fallback_pending_official_review,0.857143,,2010,3824,1.0
low,HARDIN,003709,WALNUT GROVE 7 2,2014,legacy_fallback_pending_official_review,0.857143,,2010,3824,0.0
low,HARDIN,003708,WALNUT GROVE 7 2,2014,legacy_fallback_pending_official_review,0.857143,,2010,3824,0.0
low,HARDIN,003714,WALNUT GROVE 7 2,2014,legacy_fallback_pending_official_review,0.857143,,2010,3824,0.0
low,HARDIN,003709,WHITES 7 1,2014,legacy_fallback_pending_official_review,0.75,,2010,3828,1.0
low,HARDIN,003715,WHITES 7 1,2014,legacy_fallback_pending_official_review,0.75,,2010,3828,0.0
low,HARDIN,003711,WHITES 7 1,2014,legacy_fallback_pending_official_review,0.75,,2010,3828,0.0
low,HARDIN,003707,WHITES 7 1,2014,legacy_fallback_pending_official_review,0.75,,2010,3828,0.0
low,HARDIN,003704,WHITES 7 1,2014,legacy_fallback_pending_official_review,0.75,,2010,3828,0.0
low,HARDIN,003712,WHITES 7 1,2014,legacy_fallback_pending_official_review,0.75,,2010,3828,0.0
low,HARDIN,003708,WHITES 7 1,2014,legacy_fallback_pending_official_review,0.75,,2010,3828,0.0
low,HARDIN,003702,WHITES 7 1,2014,legacy_fallback_pending_official_review,0.75,,2010,3828,0.0
high,HAWKINS,003805,4 KEPLAR,2014,legacy_fallback_pending_official_review,0.993,,2010,3876,0.99961558
high,HAWKINS,003806,4 KEPLAR,2014,legacy_fallback_pending_official_review,0.993,,2010,3876,0.00038442
high,HAWKINS,003803,4 KEPLAR,2014,legacy_fallback_pending_official_review,0.993,,2010,3876,0.0
high,HAWKINS,003802,4 KEPLAR,2014,legacy_fallback_pending_official_review,0.993,,2010,3876,0.0
high,HAWKINS,003809,4 KEPLAR,2014,legacy_fallback_pending_official_review,0.993,,2010,3876,0.0
high,HAWKINS,003805,4 ROGERSVILLE NO OUT,2014,legacy_fallback_pending_official_review,0.993,,2010,3876,0.99961558
high,HAWKINS,003806,4 ROGERSVILLE NO OUT,2014,legacy_fallback_pending_official_review,0.993,,2010,3876,0.00038442
high,HAWKINS,003803,4 ROGERSVILLE NO OUT,2014,legacy_fallback_pending_official_review,0.993,,2010,3876,0.0
high,HAWKINS,003802,4 ROGERSVILLE NO OUT,2014,legacy_fallback_pending_official_review,0.993,,2010,3876,0.0
high,HAWKINS,003809,4 ROGERSVILLE NO OUT,2014,legacy_fallback_pending_official_review,0.993,,2010,3876,0.0
high,HAWKINS,003814,5 ROGERSVILLE NO IN,2014,legacy_fallback_pending_official_review,0.993,,2010,3896,0.98990385
high,HAWKINS,003820,5 ROGERSVILLE NO IN,2014,legacy_fallback_pending_official_review,0.993,,2010,3896,0.00794685
high,HAWKINS,003813,5 ROGERSVILLE NO IN,2014,legacy_fallback_pending_official_review,0.993,,2010,3896,0.0021493
high,HAWKINS,003826,5 ROGERSVILLE NO IN,2014,legacy_fallback_pending_official_review,0.993,,2010,3896,0.0
high,HAWKINS,003814,5 ROGERSVILLE SO IN,2014,legacy_fallback_pending_official_review,0.993,,2010,3896,0.98990385
high,HAWKINS,003820,5 ROGERSVILLE SO IN,2014,legacy_fallback_pending_official_review,0.993,,2010,3896,0.00794685
high,HAWKINS,003813,5 ROGERSVILLE SO IN,2014,legacy_fallback_pending_official_review,0.993,,2010,3896,0.0021493
high,HAWKINS,003826,5 ROGERSVILLE SO IN,2014,legacy_fallback_pending_official_review,0.993,,2010,3896,0.0
high,HAWKINS,003814,5 ROGERSVILLE SO OUT,2014,legacy_fallback_pending_official_review,0.993,,2010,3896,0.98990385
high,HAWKINS,003820,5 ROGERSVILLE SO OUT,2014,legacy_fallback_pending_official_review,0.993,,2010,3896,0.00794685
high,HAWKINS,003813,5 ROGERSVILLE SO OUT,2014,legacy_fallback_pending_official_review,0.993,,2010,3896,0.0021493
high,HAWKINS,003826,5 ROGERSVILLE SO OUT,2014,legacy_fallback_pending_official_review,0.993,,2010,3896,0.0
high,HAWKINS,003823,7 STRAHL CHEROKEE,2014,legacy_fallback_pending_official_review,0.993,,2010,3852,0.99539938
high,HAWKINS,003816,7 STRAHL CHEROKEE,2014,legacy_fallback_pending_official_review,0.993,,2010,3852,0.00460062
high,HAWKINS,003801,7 STRAHL CHEROKEE,2014,legacy_fallback_pending_official_review,0.993,,2010,3852,0.0
high,HAYWOOD,003904,1 1,2014,legacy_fallback_pending_official_review,0.993,,2010,3948,0.99970795
high,HAYWOOD,003901,1 1,2014,legacy_fallback_pending_official_review,0.993,,2010,3948,0.00029205
high,HAYWOOD,003902,1 1,2014,legacy_fallback_pending_official_review,0.993,,2010,3948,0.0
high,HAYWOOD,003906,1 1,2014,legacy_fallback_pending_official_review,0.993,,2010,3948,0.0
high,HAYWOOD,003904,10 1,2014,legacy_fallback_pending_official_review,0.993,,2010,3948,0.99970795
high,HAYWOOD,003901,10 1,2014,legacy_fallback_pending_official_review,0.993,,2010,3948,0.00029205
high,HAYWOOD,003902,10 1,2014,legacy_fallback_pending_official_review,0.993,,2010,3948,0.0
high,HAYWOOD,003906,10 1,2014,legacy_fallback_pending_official_review,0.993,,2010,3948,0.0
high,HAYWOOD,003901,2 1,2014,legacy_fallback_pending_official_review,0.993,,2010,3940,0.99775559
high,HAYWOOD,003904,2 1,2014,legacy_fallback_pending_official_review,0.993,,2010,3940,0.00224441
high,HAYWOOD,003906,2 1,2014,legacy_fallback_pending_official_review,0.993,,2010,3940,0.0
high,HAYWOOD,003902,2 1,2014,legacy_fallback_pending_official_review,0.993,,2010,3940,0.0
high,HAYWOOD,003915,2 1,2014,legacy_fallback_pending_official_review,0.993,,2010,3940,0.0
high,HAYWOOD,003903,2 1,2014,legacy_fallback_pending_official_review,0.993,,2010,3940,0.0
high,HAYWOOD,003904,3 1,2014,legacy_fallback_pending_official_review,0.993,,2010,3948,0.99970795
high,HAYWOOD,003901,3 1,2014,legacy_fallback_pending_official_review,0.993,,2010,3948,0.00029205
high,HAYWOOD,003902,3 1,2014,legacy_fallback_pending_official_review,0.993,,2010,3948,0.0
high,HAYWOOD,003906,3 1,2014,legacy_fallback_pending_official_review,0.993,,2010,3948,0.0
high,HAYWOOD,003904,4 1,2014,legacy_fallback_pending_official_review,0.993,,2010,3948,0.99970795
high,HAYWOOD,003901,4 1,2014,legacy_fallback_pending_official_review,0.993,,2010,3948,0.00029205
high,HAYWOOD,003902,4 1,2014,legacy_fallback_pending_official_review,0.993,,2010,3948,0.0
high,HAYWOOD,003906,4 1,2014,legacy_fallback_pending_official_review,0.993,,2010,3948,0.0
high,HAYWOOD,003904,5 1,2014,legacy_fallback_pending_official_review,0.993,,2010,3948,0.99970795
high,HAYWOOD,003901,5 1,2014,legacy_fallback_pending_official_review,0.993,,2010,3948,0.00029205
high,HAYWOOD,003902,5 1,2014,legacy_fallback_pending_official_review,0.993,,2010,3948,0.0
high,HAYWOOD,003906,5 1,2014,legacy_fallback_pending_official_review,0.993,,2010,3948,0.0
high,HAYWOOD,003904,6 1,2014,legacy_fallback_pending_official_review,0.993,,2010,3948,0.99970795
high,HAYWOOD,003901,6 1,2014,legacy_fallback_pending_official_review,0.993,,2010,3948,0.00029205
high,HAYWOOD,003902,6 1,2014,legacy_fallback_pending_official_review,0.993,,2010,3948,0.0
high,HAYWOOD,003906,6 1,2014,legacy_fallback_pending_official_review,0.993,,2010,3948,0.0
high,HAYWOOD,003904,7 1,2014,legacy_fallback_pending_official_review,0.993,,2010,3948,0.99970795
high,HAYWOOD,003901,7 1,2014,legacy_fallback_pending_official_review,0.993,,2010,3948,0.00029205
high,HAYWOOD,003902,7 1,2014,legacy_fallback_pending_official_review,0.993,,2010,3948,0.0
high,HAYWOOD,003906,7 1,2014,legacy_fallback_pending_official_review,0.993,,2010,3948,0.0
high,HAYWOOD,003915,8 1,2014,legacy_fallback_pending_official_review,0.993,,2010,3936,1.0
high,HAYWOOD,003901,8 1,2014,legacy_fallback_pending_official_review,0.993,,2010,3936,0.0
high,HAYWOOD,003906,8 1,2014,legacy_fallback_pending_official_review,0.993,,2010,3936,0.0
high,HAYWOOD,003912,8 1,2014,legacy_fallback_pending_official_review,0.993,,2010,3936,0.0
high,HAYWOOD,003903,8 1,2014,legacy_fallback_pending_official_review,0.993,,2010,3936,0.0
high,HAYWOOD,003904,9 1,2014,legacy_fallback_pending_official_review,0.993,,2010,3948,0.99970795
high,HAYWOOD,003901,9 1,2014,legacy_fallback_pending_official_review,0.993,,2010,3948,0.00029205
high,HAYWOOD,003902,9 1,2014,legacy_fallback_pending_official_review,0.993,,2010,3948,0.0
high,HAYWOOD,003906,9 1,2014,legacy_fallback_pending_official_review,0.993,,2010,3948,0.0
high,HAYWOOD,003901,9 2,2014,legacy_fallback_pending_official_review,0.993,,2010,3940,0.99775559
high,HAYWOOD,003904,9 2,2014,legacy_fallback_pending_official_review,0.993,,2010,3940,0.00224441
high,HAYWOOD,003906,9 2,2014,legacy_fallback_pending_official_review,0.993,,2010,3940,0.0
high,HAYWOOD,003902,9 2,2014,legacy_fallback_pending_official_review,0.993,,2010,3940,0.0
high,HAYWOOD,003915,9 2,2014,legacy_fallback_pending_official_review,0.993,,2010,3940,0.0
high,HAYWOOD,003903,9 2,2014,legacy_fallback_pending_official_review,0.993,,2010,3940,0.0
high,HENDERSON,004007,3 10 FIRE STA 10,2014,legacy_fallback_pending_official_review,0.993,,2010,4016,1.0
high,HENDERSON,004006,3 10 FIRE STA 10,2014,legacy_fallback_pending_official_review,0.993,,2010,4016,0.0
high,HENDERSON,004010,3 10 FIRE STA 10,2014,legacy_fallback_pending_official_review,0.993,,2010,4016,0.0
high,HENDERSON,004011,3 10 FIRE STA 10,2014,legacy_fallback_pending_official_review,0.993,,2010,4016,0.0
high,HENDERSON,004008,3 10 FIRE STA 10,2014,legacy_fallback_pending_official_review,0.993,,2010,4016,0.0
high,HENDERSON,004004,3 10 FIRE STA 10,2014,legacy_fallback_pending_official_review,0.993,,2010,4016,0.0
high,HENDERSON,004014,3 10 FIRE STA 10,2014,legacy_fallback_pending_official_review,0.993,,2010,4016,0.0
high,HENDERSON,004009,3 10 FIRE STA 10,2014,legacy_fallback_pending_official_review,0.993,,2010,4016,0.0
high,HENDERSON,004004,5 5 TN TECH CENTER,2014,legacy_fallback_pending_official_review,0.993,,2010,4024,1.0
high,HENDERSON,004005,5 5 TN TECH CENTER,2014,legacy_fallback_pending_official_review,0.993,,2010,4024,0.0
high,HENDERSON,004013,5 5 TN TECH CENTER,2014,legacy_fallback_pending_official_review,0.993,,2010,4024,0.0
high,HENDERSON,004003,5 5 TN TECH CENTER,2014,legacy_fallback_pending_official_review,0.993,,2010,4024,0.0
high,HENDERSON,004011,5 5 TN TECH CENTER,2014,legacy_fallback_pending_official_review,0.993,,2010,4024,0.0
high,HENDERSON,004010,5 5 TN TECH CENTER,2014,legacy_fallback_pending_official_review,0.993,,2010,4024,0.0
high,HENDERSON,004007,5 5 TN TECH CENTER,2014,legacy_fallback_pending_official_review,0.993,,2010,4024,0.0
high,HOUSTON,004302,ARLINGTON,2014,legacy_fallback_pending_official_review,0.995,,2010,4208,0.92752835
high,HOUSTON,004303,ARLINGTON,2014,legacy_fallback_pending_official_review,0.995,,2010,4208,0.04594213
high,HOUSTON,004304,ARLINGTON,2014,legacy_fallback_pending_official_review,0.995,,2010,4208,0.02652952
high,HOUSTON,004301,ARLINGTON,2014,legacy_fallback_pending_official_review,0.995,,2010,4208,0.0
high,HOUSTON,004305,ARLINGTON,2014,legacy_fallback_pending_official_review,0.995,,2010,4208,0.0
high,HOUSTON,004303,ERIN,2014,legacy_fallback_pending_official_review,0.995,,2010,4212,0.95028592
high,HOUSTON,004306,ERIN,2014,legacy_fallback_pending_official_review,0.995,,2010,4212,0.04834234
high,HOUSTON,004302,ERIN,2014,legacy_fallback_pending_official_review,0.995,,2010,4212,0.00137174
high,HOUSTON,004301,ERIN,2014,legacy_fallback_pending_official_review,0.995,,2010,4212,0.0
high,HOUSTON,004305,ERIN ELEMENTARY,2014,legacy_fallback_pending_official_review,0.995,,2010,4216,0.8272207
high,HOUSTON,004302,ERIN ELEMENTARY,2014,legacy_fallback_pending_official_review,0.995,,2010,4216,0.1727793
high,HOUSTON,004307,ERIN ELEMENTARY,2014,legacy_fallback_pending_official_review,0.995,,2010,4216,0.0
high,HOUSTON,004303,ERIN ELEMENTARY,2014,legacy_fallback_pending_official_review,0.995,,2010,4216,0.0
low,HOUSTON,004307,GRIFFINS CHAPEL,2014,legacy_fallback_pending_official_review,0.789474,,2010,4220,1.0
low,HOUSTON,004306,GRIFFINS CHAPEL,2014,legacy_fallback_pending_official_review,0.789474,,2010,4220,0.0
low,HOUSTON,004305,GRIFFINS CHAPEL,2014,legacy_fallback_pending_official_review,0.789474,,2010,4220,0.0
low,HOUSTON,004303,GRIFFINS CHAPEL,2014,legacy_fallback_pending_official_review,0.789474,,2010,4220,0.0
high,HOUSTON,004306,HOUSTON CO MIDDLE,2014,legacy_fallback_pending_official_review,0.995,,2010,4224,0.99289335
high,HOUSTON,004303,HOUSTON CO MIDDLE,2014,legacy_fallback_pending_official_review,0.995,,2010,4224,0.00710665
high,HOUSTON,004307,HOUSTON CO MIDDLE,2014,legacy_fallback_pending_official_review,0.995,,2010,4224,0.0
high,HOUSTON,004301,HOUSTON CO MIDDLE,2014,legacy_fallback_pending_official_review,0.995,,2010,4224,0.0
high,HOUSTON,004305,HOUSTON CO MIDDLE,2014,legacy_fallback_pending_official_review,0.995,,2010,4224,0.0
high,HOUSTON,004304,STEWART,2014,legacy_fallback_pending_official_review,0.995,,2010,4228,0.99987059
high,HOUSTON,004301,STEWART,2014,legacy_fallback_pending_official_review,0.995,,2010,4228,0.00012941
high,HOUSTON,004302,STEWART,2014,legacy_fallback_pending_official_review,0.995,,2010,4228,0.0
high,HOUSTON,004301,TENNESSEE RIDGE,2014,legacy_fallback_pending_official_review,1.0,,2010,004301,1.0
high,JEFFERSON,004604,1 DANDRIDGE ES,2014,legacy_fallback_pending_official_review,0.993,,2010,4408,0.88978746
high,JEFFERSON,004606,1 DANDRIDGE ES,2014,legacy_fallback_pending_official_review,0.993,,2010,4408,0.11021254
high,JEFFERSON,004601,1 DANDRIDGE ES,2014,legacy_fallback_pending_official_review,0.993,,2010,4408,0.0
high,JEFFERSON,004610,1 DANDRIDGE ES,2014,legacy_fallback_pending_official_review,0.993,,2010,4408,0.0
high,JEFFERSON,004603,1 DANDRIDGE ES,2014,legacy_fallback_pending_official_review,0.993,,2010,4408,0.0
high,JEFFERSON,004609,1 DANDRIDGE ES,2014,legacy_fallback_pending_official_review,0.993,,2010,4408,0.0
high,JEFFERSON,004611,1 DANDRIDGE ES,2014,legacy_fallback_pending_official_review,0.993,,2010,4408,0.0
high,JEFFERSON,004605,10 JEFF CITY FIRE DP,2014,legacy_fallback_pending_official_review,0.993,,2010,4404,1.0
high,JEFFERSON,004602,10 JEFF CITY FIRE DP,2014,legacy_fallback_pending_official_review,0.993,,2010,4404,0.0
high,JEFFERSON,004610,10 JEFF CITY FIRE DP,2014,legacy_fallback_pending_official_review,0.993,,2010,4404,0.0
high,JEFFERSON,004601,2 PIEDMONT,2014,legacy_fallback_pending_official_review,0.993,,2010,4424,0.80736279
high,JEFFERSON,004608,2 PIEDMONT,2014,legacy_fallback_pending_official_review,0.993,,2010,4424,0.12945792
high,JEFFERSON,004606,2 PIEDMONT,2014,legacy_fallback_pending_official_review,0.993,,2010,4424,0.0631793
high,JEFFERSON,004609,2 PIEDMONT,2014,legacy_fallback_pending_official_review,0.993,,2010,4424,0.0
high,JEFFERSON,004607,2 PIEDMONT,2014,legacy_fallback_pending_official_review,0.993,,2010,4424,0.0
high,JEFFERSON,004604,2 PIEDMONT,2014,legacy_fallback_pending_official_review,0.993,,2010,4424,0.0
high,JEFFERSON,004603,3 WHITE PINE,2014,legacy_fallback_pending_official_review,0.993,,2010,4436,1.0
high,JEFFERSON,004610,3 WHITE PINE,2014,legacy_fallback_pending_official_review,0.993,,2010,4436,0.0
high,JEFFERSON,004611,3 WHITE PINE,2014,legacy_fallback_pending_official_review,0.993,,2010,4436,0.0
high,JEFFERSON,004604,3 WHITE PINE,2014,legacy_fallback_pending_official_review,0.993,,2010,4436,0.0
high,JEFFERSON,004602,4 JEFFERSON ES,2014,legacy_fallback_pending_official_review,0.993,,2010,4412,0.99814038
high,JEFFERSON,004605,4 JEFFERSON ES,2014,legacy_fallback_pending_official_review,0.993,,2010,4412,0.00185962
high,JEFFERSON,004608,4 JEFFERSON ES,2014,legacy_fallback_pending_official_review,0.993,,2010,4412,0.0
high,JEFFERSON,004606,5 JEFFERSON MIDDLE,2014,legacy_fallback_pending_official_review,0.993,,2010,4416,0.82328069
high,JEFFERSON,004602,5 JEFFERSON MIDDLE,2014,legacy_fallback_pending_official_review,0.993,,2010,4416,0.16886693
high,JEFFERSON,004601,5 JEFFERSON MIDDLE,2014,legacy_fallback_pending_official_review,0.993,,2010,4416,0.00778138
high,JEFFERSON,004605,5 JEFFERSON MIDDLE,2014,legacy_fallback_pending_official_review,0.993,,2010,4416,7.1e-05
high,JEFFERSON,004608,5 JEFFERSON MIDDLE,2014,legacy_fallback_pending_official_review,0.993,,2010,4416,0.0
high,JEFFERSON,004610,5 JEFFERSON MIDDLE,2014,legacy_fallback_pending_official_review,0.993,,2010,4416,0.0
high,JEFFERSON,004607,6 RUSH STRONG,2014,legacy_fallback_pending_official_review,0.993,,2010,4428,1.0
high,JEFFERSON,004608,6 RUSH STRONG,2014,legacy_fallback_pending_official_review,0.993,,2010,4428,0.0
high,JEFFERSON,004608,7 NEW MARKET,2014,legacy_fallback_pending_official_review,0.993,,2010,4420,0.98051877
high,JEFFERSON,004606,7 NEW MARKET,2014,legacy_fallback_pending_official_review,0.993,,2010,4420,0.01948123
high,JEFFERSON,004607,7 NEW MARKET,2014,legacy_fallback_pending_official_review,0.993,,2010,4420,0.0
high,JEFFERSON,004602,7 NEW MARKET,2014,legacy_fallback_pending_official_review,0.993,,2010,4420,0.0
high,JEFFERSON,004601,7 NEW MARKET,2014,legacy_fallback_pending_official_review,0.993,,2010,4420,0.0
high,JEFFERSON,004610,9 TALBOTT SCHOOL,2014,legacy_fallback_pending_official_review,0.993,,2010,4432,1.0
high,JEFFERSON,004606,9 TALBOTT SCHOOL,2014,legacy_fallback_pending_official_review,0.993,,2010,4432,0.0
high,JEFFERSON,004605,9 TALBOTT SCHOOL,2014,legacy_fallback_pending_official_review,0.993,,2010,4432,0.0
high,JEFFERSON,004602,9 TALBOTT SCHOOL,2014,legacy_fallback_pending_official_review,0.993,,2010,4432,0.0
high,JEFFERSON,004603,9 TALBOTT SCHOOL,2014,legacy_fallback_pending_official_review,0.993,,2010,4432,0.0
high,LAUDERDALE,005051,ARP 6,2014,legacy_fallback_pending_official_review,1.0,,2010,4944,1.0
high,LAUDERDALE,005053,ARP 6,2014,legacy_fallback_pending_official_review,1.0,,2010,4944,0.0
high,LAUDERDALE,005060,ARP 6,2014,legacy_fallback_pending_official_review,1.0,,2010,4944,0.0
high,LAUDERDALE,005058,ARP 6,2014,legacy_fallback_pending_official_review,1.0,,2010,4944,0.0
high,LAUDERDALE,005063,ARP 6,2014,legacy_fallback_pending_official_review,1.0,,2010,4944,0.0
high,LAUDERDALE,005054,ARP 6,2014,legacy_fallback_pending_official_review,1.0,,2010,4944,0.0
high,LAUDERDALE,005057,ARP 6,2014,legacy_fallback_pending_official_review,1.0,,2010,4944,0.0
high,LAUDERDALE,005054,CONNER 2,2014,legacy_fallback_pending_official_review,1.0,,2010,5004,0.86603643
high,LAUDERDALE,005064,CONNER 2,2014,legacy_fallback_pending_official_review,1.0,,2010,5004,0.13396357
high,LAUDERDALE,005056,CONNER 2,2014,legacy_fallback_pending_official_review,1.0,,2010,5004,0.0
high,LAUDERDALE,005052,CONNER 2,2014,legacy_fallback_pending_official_review,1.0,,2010,5004,0.0
low,LAUDERDALE,005053,EDITH 7,2014,legacy_fallback_pending_official_review,0.833333,,2010,4956,0.90283834
low,LAUDERDALE,005051,EDITH 7,2014,legacy_fallback_pending_official_review,0.833333,,2010,4956,0.09716166
low,LAUDERDALE,005052,GATES 7,2014,legacy_fallback_pending_official_review,0.833333,,2010,4952,0.96997748
low,LAUDERDALE,005063,GATES 7,2014,legacy_fallback_pending_official_review,0.833333,,2010,4952,0.03002252
low,LAUDERDALE,005053,GATES 7,2014,legacy_fallback_pending_official_review,0.833333,,2010,4952,0.0
low,LAUDERDALE,005054,GATES 7,2014,legacy_fallback_pending_official_review,0.833333,,2010,4952,0.0
low,LAUDERDALE,005051,GATES 7,2014,legacy_fallback_pending_official_review,0.833333,,2010,4952,0.0
high,LAUDERDALE,005060,PRICE 5,2014,legacy_fallback_pending_official_review,1.0,,2010,4936,1.0
high,LAUDERDALE,005064,PRICE 5,2014,legacy_fallback_pending_official_review,1.0,,2010,4936,0.0
medium,LINCOLN,000004,2 1 BOONSHILL,2014,legacy_fallback_pending_official_review,0.982,,2010,5216,0.92624519
medium,LINCOLN,000010,2 1 BOONSHILL,2014,legacy_fallback_pending_official_review,0.982,,2010,5216,0.0519378
medium,LINCOLN,000017,2 1 BOONSHILL,2014,legacy_fallback_pending_official_review,0.982,,2010,5216,0.02181701
medium,LINCOLN,000005,2 1 BOONSHILL,2014,legacy_fallback_pending_official_review,0.982,,2010,5216,0.0
medium,LINCOLN,000015,2 1 BOONSHILL,2014,legacy_fallback_pending_official_review,0.982,,2010,5216,0.0
medium,LINCOLN,000003,2 1 BOONSHILL,2014,legacy_fallback_pending_official_review,0.982,,2010,5216,0.0
medium,LINCOLN,000018,3 1 RECREATION,2014,legacy_fallback_pending_official_review,0.985,,2010,5268,0.99538772
medium,LINCOLN,000012,3 1 RECREATION,2014,legacy_fallback_pending_official_review,0.985,,2010,5268,0.00427886
medium,LINCOLN,000016,3 1 RECREATION,2014,legacy_fallback_pending_official_review,0.985,,2010,5268,0.00033037
medium,LINCOLN,000007,3 1 RECREATION,2014,legacy_fallback_pending_official_review,0.985,,2010,5268,3.05e-06
medium,LINCOLN,000001,3 1 RECREATION,2014,legacy_fallback_pending_official_review,0.985,,2010,5268,0.0
medium,LINCOLN,000007,6 1 ASKINS,2014,legacy_fallback_pending_official_review,0.982,,2010,5204,0.99549873
medium,LINCOLN,000018,6 1 ASKINS,2014,legacy_fallback_pending_official_review,0.982,,2010,5204,0.00443782
medium,LINCOLN,000016,6 1 ASKINS,2014,legacy_fallback_pending_official_review,0.982,,2010,5204,6.345e-05
medium,LINCOLN,000010,6 1 ASKINS,2014,legacy_fallback_pending_official_review,0.982,,2010,5204,0.0
medium,LINCOLN,000002,6 1 ASKINS,2014,legacy_fallback_pending_official_review,0.982,,2010,5204,0.0
medium,LINCOLN,000001,6 1 ASKINS,2014,legacy_fallback_pending_official_review,0.982,,2010,5204,0.0
medium,LINCOLN,000005,6 1 ASKINS,2014,legacy_fallback_pending_official_review,0.982,,2010,5204,0.0
medium,LINCOLN,000002,6 2 BELLEVILLE,2014,legacy_fallback_pending_official_review,0.982,,2010,5208,0.99216978
medium,LINCOLN,000017,6 2 BELLEVILLE,2014,legacy_fallback_pending_official_review,0.982,,2010,5208,0.00783022
medium,LINCOLN,000010,6 2 BELLEVILLE,2014,legacy_fallback_pending_official_review,0.982,,2010,5208,0.0
medium,LINCOLN,000016,6 2 BELLEVILLE,2014,legacy_fallback_pending_official_review,0.982,,2010,5208,0.0
medium,LINCOLN,000007,6 2 BELLEVILLE,2014,legacy_fallback_pending_official_review,0.982,,2010,5208,0.0
medium,LINCOLN,000018,6 2 BELLEVILLE,2014,legacy_fallback_pending_official_review,0.982,,2010,5208,0.0
medium,LINCOLN,000016,6 3 MULBERRY,2014,legacy_fallback_pending_official_review,0.982,,2010,5260,0.99825724
medium,LINCOLN,000002,6 3 MULBERRY,2014,legacy_fallback_pending_official_review,0.982,,2010,5260,0.00174276
medium,LINCOLN,000007,6 3 MULBERRY,2014,legacy_fallback_pending_official_review,0.982,,2010,5260,0.0
medium,LINCOLN,000011,6 3 MULBERRY,2014,legacy_fallback_pending_official_review,0.982,,2010,5260,0.0
medium,LINCOLN,000018,6 3 MULBERRY,2014,legacy_fallback_pending_official_review,0.982,,2010,5260,0.0
medium,LINCOLN,000006,7 1 ELORA,2014,legacy_fallback_pending_official_review,0.982,,2010,5232,1.0
medium,LINCOLN,000008,7 1 ELORA,2014,legacy_fallback_pending_official_review,0.982,,2010,5232,0.0
medium,LINCOLN,000013,7 1 ELORA,2014,legacy_fallback_pending_official_review,0.982,,2010,5232,0.0
medium,LINCOLN,000008,7 2 FLINTVILLE,2014,legacy_fallback_pending_official_review,0.982,,2010,5236,0.99957195
medium,LINCOLN,000011,7 2 FLINTVILLE,2014,legacy_fallback_pending_official_review,0.982,,2010,5236,0.00042805
medium,LINCOLN,000013,7 2 FLINTVILLE,2014,legacy_fallback_pending_official_review,0.982,,2010,5236,0.0
medium,LINCOLN,000019,7 2 FLINTVILLE,2014,legacy_fallback_pending_official_review,0.982,,2010,5236,0.0
medium,LINCOLN,000006,7 2 FLINTVILLE,2014,legacy_fallback_pending_official_review,0.982,,2010,5236,0.0
high,MACON,005558,CENTRAL,2014,legacy_fallback_pending_official_review,0.995,,2010,5340,0.8154014
high,MACON,005560,CENTRAL,2014,legacy_fallback_pending_official_review,0.995,,2010,5340,0.07920132
high,MACON,005559,CENTRAL,2014,legacy_fallback_pending_official_review,0.995,,2010,5340,0.06912317
high,MACON,005556,CENTRAL,2014,legacy_fallback_pending_official_review,0.995,,2010,5340,0.03374653
high,MACON,005557,CENTRAL,2014,legacy_fallback_pending_official_review,0.995,,2010,5340,0.00252758
high,MACON,005556,CROSS ROADS,2014,legacy_fallback_pending_official_review,0.995,,2010,5344,0.86777907
high,MACON,005557,CROSS ROADS,2014,legacy_fallback_pending_official_review,0.995,,2010,5344,0.05783616
high,MACON,005558,CROSS ROADS,2014,legacy_fallback_pending_official_review,0.995,,2010,5344,0.0457417
high,MACON,005555,CROSS ROADS,2014,legacy_fallback_pending_official_review,0.995,,2010,5344,0.02864307
high,MACON,005553,GALEN,2014,legacy_fallback_pending_official_review,0.995,,2010,5372,0.9599847
high,MACON,005554,GALEN,2014,legacy_fallback_pending_official_review,0.995,,2010,5372,0.03255635
high,MACON,005558,GALEN,2014,legacy_fallback_pending_official_review,0.995,,2010,5372,0.00745895
high,MACON,005559,GALEN,2014,legacy_fallback_pending_official_review,0.995,,2010,5372,0.0
high,MACON,005551,GALEN,2014,legacy_fallback_pending_official_review,0.995,,2010,5372,0.0
high,MACON,005554,LAFAYETTE,2014,legacy_fallback_pending_official_review,0.995,,2010,5392,0.37838677
high,MACON,005559,LAFAYETTE,2014,legacy_fallback_pending_official_review,0.995,,2010,5392,0.31244276
high,MACON,005560,LAFAYETTE,2014,legacy_fallback_pending_official_review,0.995,,2010,5392,0.15749964
high,MACON,005558,LAFAYETTE,2014,legacy_fallback_pending_official_review,0.995,,2010,5392,0.08271292
high,MACON,005553,LAFAYETTE,2014,legacy_fallback_pending_official_review,0.995,,2010,5392,0.0686973
high,MACON,005557,LAFAYETTE,2014,legacy_fallback_pending_official_review,0.995,,2010,5392,0.00026062
high,MACON,005551,RED BOILING SPRINGS,2014,legacy_fallback_pending_official_review,1.0,,2010,005551,1.0
high,MACON,005557,SALLY WELLS,2014,legacy_fallback_pending_official_review,0.995,,2010,5352,0.62691025
high,MACON,005555,SALLY WELLS,2014,legacy_fallback_pending_official_review,0.995,,2010,5352,0.21575762
high,MACON,005554,SALLY WELLS,2014,legacy_fallback_pending_official_review,0.995,,2010,5352,0.12740872
high,MACON,005556,SALLY WELLS,2014,legacy_fallback_pending_official_review,0.995,,2010,5352,0.01203516
high,MACON,005560,SALLY WELLS,2014,legacy_fallback_pending_official_review,0.995,,2010,5352,0.01020434
high,MACON,005558,SALLY WELLS,2014,legacy_fallback_pending_official_review,0.995,,2010,5352,0.00768392
high,MACON,005552,SALLY WELLS,2014,legacy_fallback_pending_official_review,0.995,,2010,5352,0.0
high,MACON,005558,WELCOME,2014,legacy_fallback_pending_official_review,1.0,,2010,005558,1.0
high,MACON,005555,WESTSIDE,2014,legacy_fallback_pending_official_review,0.995,,2010,5348,0.786073
high,MACON,005556,WESTSIDE,2014,legacy_fallback_pending_official_review,0.995,,2010,5348,0.12138638
high,MACON,005557,WESTSIDE,2014,legacy_fallback_pending_official_review,0.995,,2010,5348,0.09254062
high,MACON,005552,WILLETTE,2014,legacy_fallback_pending_official_review,0.995,,2010,5364,1.0
high,MARION,005766,WHITWELL MOUNTAIN,2014,legacy_fallback_pending_official_review,1.0,,2010,005766,1.0
high,MARSHALL,005851,2 HENRY HORTON PARK,2014,legacy_fallback_pending_official_review,0.993,,2010,5708,0.60346075
high,MARSHALL,005856,2 HENRY HORTON PARK,2014,legacy_fallback_pending_official_review,0.993,,2010,5708,0.3060938
high,MARSHALL,005858,2 HENRY HORTON PARK,2014,legacy_fallback_pending_official_review,0.993,,2010,5708,0.05620779
high,MARSHALL,005857,2 HENRY HORTON PARK,2014,legacy_fallback_pending_official_review,0.993,,2010,5708,0.03423766
high,MARSHALL,005853,2 HENRY HORTON PARK,2014,legacy_fallback_pending_official_review,0.993,,2010,5708,0.0
high,MARSHALL,005854,2 HENRY HORTON PARK,2014,legacy_fallback_pending_official_review,0.993,,2010,5708,0.0
high,MARSHALL,005856,6 WEST HILLS,2014,legacy_fallback_pending_official_review,0.995,,2010,5740,0.5621942
high,MARSHALL,005855,6 WEST HILLS,2014,legacy_fallback_pending_official_review,0.995,,2010,5740,0.4378058
high,MARSHALL,005857,6 WEST HILLS,2014,legacy_fallback_pending_official_review,0.995,,2010,5740,0.0
high,MARSHALL,005859,6 WEST HILLS,2014,legacy_fallback_pending_official_review,0.995,,2010,5740,0.0
high,MARSHALL,005857,7 HARDISON,2014,legacy_fallback_pending_official_review,0.995,,2010,5732,0.95017664
high,MARSHALL,005856,7 HARDISON,2014,legacy_fallback_pending_official_review,0.995,,2010,5732,0.04982336
high,MARSHALL,005858,7 HARDISON,2014,legacy_fallback_pending_official_review,0.995,,2010,5732,0.0
high,MARSHALL,005859,7 HARDISON,2014,legacy_fallback_pending_official_review,0.995,,2010,5732,0.0
high,MARSHALL,005858,8 LEWISBURG GAS,2014,legacy_fallback_pending_official_review,0.995,,2010,5700,0.98128665
high,MARSHALL,005853,8 LEWISBURG GAS,2014,legacy_fallback_pending_official_review,0.995,,2010,5700,0.01329759
high,MARSHALL,005857,8 LEWISBURG GAS,2014,legacy_fallback_pending_official_review,0.995,,2010,5700,0.00541576
high,MARSHALL,005852,8 LEWISBURG GAS,2014,legacy_fallback_pending_official_review,0.995,,2010,5700,0.0
high,MARSHALL,005859,8 LEWISBURG GAS,2014,legacy_fallback_pending_official_review,0.995,,2010,5700,0.0
high,MARSHALL,005851,8 LEWISBURG GAS,2014,legacy_fallback_pending_official_review,0.995,,2010,5700,0.0
low,MAURY,005953,ARMORY 7 1,2014,legacy_fallback_pending_official_review,0.75,,2010,5770,0.53383544
low,MAURY,005958,ARMORY 7 1,2014,legacy_fallback_pending_official_review,0.75,,2010,5770,0.26691249
low,MAURY,005952,ARMORY 7 1,2014,legacy_fallback_pending_official_review,0.75,,2010,5770,0.19840295
low,MAURY,005954,ARMORY 7 1,2014,legacy_fallback_pending_official_review,0.75,,2010,5770,0.00084912
low,MAURY,005956,ARMORY 7 1,2014,legacy_fallback_pending_official_review,0.75,,2010,5770,0.0
low,MAURY,005967,ARMORY 7 1,2014,legacy_fallback_pending_official_review,0.75,,2010,5770,0.0
low,MAURY,005966,BEAR CREEK 8 1,2014,legacy_fallback_pending_official_review,0.833333,,2010,5849,0.99996849
low,MAURY,005963,BEAR CREEK 8 1,2014,legacy_fallback_pending_official_review,0.833333,,2010,5849,3.151e-05
low,MAURY,005964,BEAR CREEK 8 1,2014,legacy_fallback_pending_official_review,0.833333,,2010,5849,0.0
low,MAURY,005969,BEAR CREEK 8 1,2014,legacy_fallback_pending_official_review,0.833333,,2010,5849,0.0
low,MAURY,005965,BEAR CREEK 8 1,2014,legacy_fallback_pending_official_review,0.833333,,2010,5849,0.0
low,MAURY,005957,BEAR CREEK 8 1,2014,legacy_fallback_pending_official_review,0.833333,,2010,5849,0.0
low,MAURY,005967,BEAR CREEK 8 1,2014,legacy_fallback_pending_official_review,0.833333,,2010,5849,0.0
low,MAURY,005968,BIGBYVILLE 9 1,2014,legacy_fallback_pending_official_review,0.833333,,2010,5772,1.0
low,MAURY,005964,BIGBYVILLE 9 1,2014,legacy_fallback_pending_official_review,0.833333,,2010,5772,0.0
low,MAURY,005969,BIGBYVILLE 9 1,2014,legacy_fallback_pending_official_review,0.833333,,2010,5772,0.0
low,MAURY,005963,COLLEGE HILL 3 1,2014,legacy_fallback_pending_official_review,0.857143,,2010,5780,0.7164247
low,MAURY,005966,COLLEGE HILL 3 1,2014,legacy_fallback_pending_official_review,0.857143,,2010,5780,0.22015817
low,MAURY,005964,COLLEGE HILL 3 1,2014,legacy_fallback_pending_official_review,0.857143,,2010,5780,0.05941089
low,MAURY,005958,COLLEGE HILL 3 1,2014,legacy_fallback_pending_official_review,0.857143,,2010,5780,0.00400624
low,MAURY,005960,COLLEGE HILL 3 1,2014,legacy_fallback_pending_official_review,0.857143,,2010,5780,0.0
low,MAURY,005967,COLLEGE HILL 3 1,2014,legacy_fallback_pending_official_review,0.857143,,2010,5780,0.0
low,MAURY,005959,COLLEGE HILL 3 1,2014,legacy_fallback_pending_official_review,0.857143,,2010,5780,0.0
high,MAURY,005957,CP CHURCH 5 1,2014,legacy_fallback_pending_official_review,1.0,,2010,5840,0.62064741
high,MAURY,005970,CP CHURCH 5 1,2014,legacy_fallback_pending_official_review,1.0,,2010,5840,0.16253934
high,MAURY,005967,CP CHURCH 5 1,2014,legacy_fallback_pending_official_review,1.0,,2010,5840,0.07015862
high,MAURY,005966,CP CHURCH 5 1,2014,legacy_fallback_pending_official_review,1.0,,2010,5840,0.06654105
high,MAURY,005958,CP CHURCH 5 1,2014,legacy_fallback_pending_official_review,1.0,,2010,5840,0.05878119
high,MAURY,005965,CP CHURCH 5 1,2014,legacy_fallback_pending_official_review,1.0,,2010,5840,0.02133238
high,MAURY,005971,CP CHURCH 5 1,2014,legacy_fallback_pending_official_review,1.0,,2010,5840,0.0
high,MAURY,005952,CP CHURCH 5 1,2014,legacy_fallback_pending_official_review,1.0,,2010,5840,0.0
low,MAURY,005960,FIRST FAMILY 2 1,2014,legacy_fallback_pending_official_review,0.857143,,2010,5813,0.92659703
low,MAURY,005964,FIRST FAMILY 2 1,2014,legacy_fallback_pending_official_review,0.857143,,2010,5813,0.07340297
low,MAURY,005956,FIRST FAMILY 2 1,2014,legacy_fallback_pending_official_review,0.857143,,2010,5813,0.0
low,MAURY,005963,FIRST FAMILY 2 1,2014,legacy_fallback_pending_official_review,0.857143,,2010,5813,0.0
low,MAURY,005962,HAMPSHIRE 7 2,2014,legacy_fallback_pending_official_review,0.818182,,2010,5808,0.9228608
low,MAURY,005961,HAMPSHIRE 7 2,2014,legacy_fallback_pending_official_review,0.818182,,2010,5808,0.0771392
low,MAURY,005953,HAMPSHIRE 7 2,2014,legacy_fallback_pending_official_review,0.818182,,2010,5808,0.0
high,MAURY,005960,HIGHLAND 2 2,2014,legacy_fallback_pending_official_review,1.0,,2010,5812,0.80258286
high,MAURY,005959,HIGHLAND 2 2,2014,legacy_fallback_pending_official_review,1.0,,2010,5812,0.19081996
high,MAURY,005958,HIGHLAND 2 2,2014,legacy_fallback_pending_official_review,1.0,,2010,5812,0.00659718
high,MAURY,005963,HIGHLAND 2 2,2014,legacy_fallback_pending_official_review,1.0,,2010,5812,0.0
low,MAURY,005961,MT PLEASANT 10 1,2014,legacy_fallback_pending_official_review,0.814815,,2010,5832,0.99307441
low,MAURY,005956,MT PLEASANT 10 1,2014,legacy_fallback_pending_official_review,0.814815,,2010,5832,0.00489407
low,MAURY,005962,MT PLEASANT 10 1,2014,legacy_fallback_pending_official_review,0.814815,,2010,5832,0.00178308
low,MAURY,005953,MT PLEASANT 10 1,2014,legacy_fallback_pending_official_review,0.814815,,2010,5832,0.00024844
low,MAURY,005968,MT PLEASANT 10 1,2014,legacy_fallback_pending_official_review,0.814815,,2010,5832,0.0
low,MAURY,005964,MT PLEASANT 10 1,2014,legacy_fallback_pending_official_review,0.814815,,2010,5832,0.0
high,MAURY,005971,NEAPOLIS 5 2,2014,legacy_fallback_pending_official_review,1.0,,2010,005971,1.0
high,MAURY,005965,RALLY HILL 11 1,2014,legacy_fallback_pending_official_review,1.0,,2010,5848,0.9769648
high,MAURY,005957,RALLY HILL 11 1,2014,legacy_fallback_pending_official_review,1.0,,2010,5848,0.02272961
high,MAURY,005951,RALLY HILL 11 1,2014,legacy_fallback_pending_official_review,1.0,,2010,5848,0.00030559
high,MAURY,005971,RALLY HILL 11 1,2014,legacy_fallback_pending_official_review,1.0,,2010,5848,0.0
high,MAURY,005966,RALLY HILL 11 1,2014,legacy_fallback_pending_official_review,1.0,,2010,5848,0.0
low,MAURY,005967,RIVERSIDE 1 1,2014,legacy_fallback_pending_official_review,0.818182,,2010,5852,0.98245623
low,MAURY,005963,RIVERSIDE 1 1,2014,legacy_fallback_pending_official_review,0.818182,,2010,5852,0.01754377
low,MAURY,005958,RIVERSIDE 1 1,2014,legacy_fallback_pending_official_review,0.818182,,2010,5852,0.0
low,MAURY,005957,RIVERSIDE 1 1,2014,legacy_fallback_pending_official_review,0.818182,,2010,5852,0.0
low,MAURY,005953,SANTA FE 6 1,2014,legacy_fallback_pending_official_review,0.8,,2010,5864,0.52232776
low,MAURY,005954,SANTA FE 6 1,2014,legacy_fallback_pending_official_review,0.8,,2010,5864,0.47767224
low,MAURY,005962,SANTA FE 6 1,2014,legacy_fallback_pending_official_review,0.8,,2010,5864,0.0
low,MAURY,005951,SPRING HILL 11 2,2014,legacy_fallback_pending_official_review,0.814815,,2010,5868,0.45970594
low,MAURY,005970,SPRING HILL 11 2,2014,legacy_fallback_pending_official_review,0.814815,,2010,5868,0.35072622
low,MAURY,005971,SPRING HILL 11 2,2014,legacy_fallback_pending_official_review,0.814815,,2010,5868,0.18100483
low,MAURY,005965,SPRING HILL 11 2,2014,legacy_fallback_pending_official_review,0.814815,,2010,5868,0.00856301
low,MAURY,005952,SPRING HILL 11 2,2014,legacy_fallback_pending_official_review,0.814815,,2010,5868,0.0
low,MAURY,005957,SPRING HILL 11 2,2014,legacy_fallback_pending_official_review,0.814815,,2010,5868,0.0
low,MAURY,005951,SPRING HILL 6 2,2014,legacy_fallback_pending_official_review,0.846154,,2010,5868,0.45970594
low,MAURY,005970,SPRING HILL 6 2,2014,legacy_fallback_pending_official_review,0.846154,,2010,5868,0.35072622
low,MAURY,005971,SPRING HILL 6 2,2014,legacy_fallback_pending_official_review,0.846154,,2010,5868,0.18100483
low,MAURY,005965,SPRING HILL 6 2,2014,legacy_fallback_pending_official_review,0.846154,,2010,5868,0.00856301
low,MAURY,005952,SPRING HILL 6 2,2014,legacy_fallback_pending_official_review,0.846154,,2010,5868,0.0
low,MAURY,005957,SPRING HILL 6 2,2014,legacy_fallback_pending_official_review,0.846154,,2010,5868,0.0
high,MAURY,005952,THETA 6 3,2014,legacy_fallback_pending_official_review,1.0,,2010,005952,1.0
high,MAURY,005958,WEST END 1 2,2014,legacy_fallback_pending_official_review,1.0,,2010,5824,0.85900694
high,MAURY,005963,WEST END 1 2,2014,legacy_fallback_pending_official_review,1.0,,2010,5824,0.0949803
high,MAURY,005959,WEST END 1 2,2014,legacy_fallback_pending_official_review,1.0,,2010,5824,0.04597646
high,MAURY,005953,WEST END 1 2,2014,legacy_fallback_pending_official_review,1.0,,2010,5824,3.63e-05
high,MAURY,005967,WEST END 1 2,2014,legacy_fallback_pending_official_review,1.0,,2010,5824,0.0
medium,MCMINN,006062,CALHOUN,2014,legacy_fallback_pending_official_review,0.982,,2010,5960,1.0
medium,MCMINN,006057,CALHOUN,2014,legacy_fallback_pending_official_review,0.982,,2010,5960,0.0
medium,MCMINN,006058,CALHOUN,2014,legacy_fallback_pending_official_review,0.982,,2010,5960,0.0
medium,MCMINN,006063,CALHOUN,2014,legacy_fallback_pending_official_review,0.982,,2010,5960,0.0
medium,MCMINN,006065,CENTRAL,2014,legacy_fallback_pending_official_review,0.982,,2010,5942,1.0
medium,MCMINN,006064,CENTRAL,2014,legacy_fallback_pending_official_review,0.982,,2010,5942,0.0
medium,MCMINN,006051,CENTRAL,2014,legacy_fallback_pending_official_review,0.982,,2010,5942,0.0
medium,MCMINN,006060,CITY PARK,2014,legacy_fallback_pending_official_review,0.982,,2010,5932,1.0
medium,MCMINN,006057,CITY PARK,2014,legacy_fallback_pending_official_review,0.982,,2010,5932,0.0
medium,MCMINN,006056,CITY PARK,2014,legacy_fallback_pending_official_review,0.982,,2010,5932,0.0
medium,MCMINN,006063,CITY PARK,2014,legacy_fallback_pending_official_review,0.982,,2010,5932,0.0
medium,MCMINN,006052,CITY PARK,2014,legacy_fallback_pending_official_review,0.982,,2010,5932,0.0
medium,MCMINN,006063,CLAXTON,2014,legacy_fallback_pending_official_review,0.982,,2010,5912,1.0
medium,MCMINN,006057,CLAXTON,2014,legacy_fallback_pending_official_review,0.982,,2010,5912,0.0
medium,MCMINN,006062,CLAXTON,2014,legacy_fallback_pending_official_review,0.982,,2010,5912,0.0
medium,MCMINN,006060,CLAXTON,2014,legacy_fallback_pending_official_review,0.982,,2010,5912,0.0
medium,MCMINN,006061,CLAXTON,2014,legacy_fallback_pending_official_review,0.982,,2010,5912,0.0
medium,MCMINN,006052,CLAXTON,2014,legacy_fallback_pending_official_review,0.982,,2010,5912,0.0
low,MCMINN,006052,COURTHOUSE,2014,legacy_fallback_pending_official_review,0.740741,,2010,5904,1.0
low,MCMINN,006060,COURTHOUSE,2014,legacy_fallback_pending_official_review,0.740741,,2010,5904,0.0
low,MCMINN,006053,COURTHOUSE,2014,legacy_fallback_pending_official_review,0.740741,,2010,5904,0.0
low,MCMINN,006055,COURTHOUSE,2014,legacy_fallback_pending_official_review,0.740741,,2010,5904,0.0
low,MCMINN,006051,COURTHOUSE,2014,legacy_fallback_pending_official_review,0.740741,,2010,5904,0.0
low,MCMINN,006056,COURTHOUSE,2014,legacy_fallback_pending_official_review,0.740741,,2010,5904,0.0
low,MCMINN,006061,COURTHOUSE,2014,legacy_fallback_pending_official_review,0.740741,,2010,5904,0.0
low,MCMINN,006063,COURTHOUSE,2014,legacy_fallback_pending_official_review,0.740741,,2010,5904,0.0
medium,MCMINN,006051,ENGLEWOOD,2014,legacy_fallback_pending_official_review,0.982,,2010,5948,1.0
medium,MCMINN,006052,ENGLEWOOD,2014,legacy_fallback_pending_official_review,0.982,,2010,5948,0.0
medium,MCMINN,006053,ENGLEWOOD,2014,legacy_fallback_pending_official_review,0.982,,2010,5948,0.0
medium,MCMINN,006065,ENGLEWOOD,2014,legacy_fallback_pending_official_review,0.982,,2010,5948,0.0
medium,MCMINN,006064,ENGLEWOOD,2014,legacy_fallback_pending_official_review,0.982,,2010,5948,0.0
medium,MCMINN,006064,ETOWAH,2014,legacy_fallback_pending_official_review,0.982,,2010,5940,1.0
medium,MCMINN,006061,ETOWAH,2014,legacy_fallback_pending_official_review,0.982,,2010,5940,0.0
medium,MCMINN,006065,ETOWAH,2014,legacy_fallback_pending_official_review,0.982,,2010,5940,0.0
medium,MCMINN,006052,ETOWAH,2014,legacy_fallback_pending_official_review,0.982,,2010,5940,0.0
medium,MCMINN,006051,ETOWAH,2014,legacy_fallback_pending_official_review,0.982,,2010,5940,0.0
medium,MCMINN,006055,INGLESIDE,2014,legacy_fallback_pending_official_review,0.982,,2010,5896,0.80971126
medium,MCMINN,006052,INGLESIDE,2014,legacy_fallback_pending_official_review,0.982,,2010,5896,0.14763173
medium,MCMINN,006053,INGLESIDE,2014,legacy_fallback_pending_official_review,0.982,,2010,5896,0.04265701
medium,MCMINN,006054,INGLESIDE,2014,legacy_fallback_pending_official_review,0.982,,2010,5896,0.0
medium,MCMINN,006061,MOUNTAIN VIEW,2014,legacy_fallback_pending_official_review,0.982,,2010,5928,0.9998632
medium,MCMINN,006064,MOUNTAIN VIEW,2014,legacy_fallback_pending_official_review,0.982,,2010,5928,0.0001368
medium,MCMINN,006063,MOUNTAIN VIEW,2014,legacy_fallback_pending_official_review,0.982,,2010,5928,0.0
medium,MCMINN,006052,MOUNTAIN VIEW,2014,legacy_fallback_pending_official_review,0.982,,2010,5928,0.0
medium,MCMINN,006053,NIOTA,2014,legacy_fallback_pending_official_review,0.982,,2010,5964,0.99977933
medium,MCMINN,006051,NIOTA,2014,legacy_fallback_pending_official_review,0.982,,2010,5964,0.00012753
medium,MCMINN,006351,NIOTA,2014,legacy_fallback_pending_official_review,0.982,,2010,5964,7.973e-05
medium,MCMINN,006059,NIOTA,2014,legacy_fallback_pending_official_review,0.982,,2010,5964,7e-06
medium,MCMINN,006055,NIOTA,2014,legacy_fallback_pending_official_review,0.982,,2010,5964,6.4e-06
medium,MCMINN,006054,NIOTA,2014,legacy_fallback_pending_official_review,0.982,,2010,5964,0.0
medium,MCMINN,006052,NIOTA,2014,legacy_fallback_pending_official_review,0.982,,2010,5964,0.0
medium,MCMINN,006054,NORTH CITY,2014,legacy_fallback_pending_official_review,0.982,,2010,5908,0.99378165
medium,MCMINN,006053,NORTH CITY,2014,legacy_fallback_pending_official_review,0.982,,2010,5908,0.00579084
medium,MCMINN,006052,NORTH CITY,2014,legacy_fallback_pending_official_review,0.982,,2010,5908,0.00038275
medium,MCMINN,006059,NORTH CITY,2014,legacy_fallback_pending_official_review,0.982,,2010,5908,4.475e-05
medium,MCMINN,006056,NORTH CITY,2014,legacy_fallback_pending_official_review,0.982,,2010,5908,0.0
medium,MCMINN,006055,NORTH CITY,2014,legacy_fallback_pending_official_review,0.982,,2010,5908,0.0
medium,MCMINN,006057,RICEVILLE,2014,legacy_fallback_pending_official_review,0.982,,2010,5956,0.99999897
medium,MCMINN,006056,RICEVILLE,2014,legacy_fallback_pending_official_review,0.982,,2010,5956,1.03e-06
medium,MCMINN,006058,RICEVILLE,2014,legacy_fallback_pending_official_review,0.982,,2010,5956,0.0
medium,MCMINN,006062,RICEVILLE,2014,legacy_fallback_pending_official_review,0.982,,2010,5956,0.0
medium,MCMINN,006060,RICEVILLE,2014,legacy_fallback_pending_official_review,0.982,,2010,5956,0.0
medium,MCMINN,006063,RICEVILLE,2014,legacy_fallback_pending_official_review,0.982,,2010,5956,0.0
medium,MCMINN,006058,ROGERS CREEK,2014,legacy_fallback_pending_official_review,0.982,,2010,5952,1.0
medium,MCMINN,006059,ROGERS CREEK,2014,legacy_fallback_pending_official_review,0.982,,2010,5952,0.0
medium,MCMINN,006057,ROGERS CREEK,2014,legacy_fallback_pending_official_review,0.982,,2010,5952,0.0
medium,MCMINN,006056,ROGERS CREEK,2014,legacy_fallback_pending_official_review,0.982,,2010,5952,0.0
medium,MCMINN,006062,ROGERS CREEK,2014,legacy_fallback_pending_official_review,0.982,,2010,5952,0.0
low,MCNAIRY,006151,ADAMSVILLE 2 1,2014,legacy_fallback_pending_official_review,0.833333,,2010,6052,1.0
low,MCNAIRY,006160,ADAMSVILLE 2 1,2014,legacy_fallback_pending_official_review,0.833333,,2010,6052,0.0
low,MCNAIRY,006162,ADAMSVILLE 2 1,2014,legacy_fallback_pending_official_review,0.833333,,2010,6052,0.0
high,MCNAIRY,006166,CYPRESS 5 1,2014,legacy_fallback_pending_official_review,1.0,,2010,5984,0.99996965
high,MCNAIRY,006155,CYPRESS 5 1,2014,legacy_fallback_pending_official_review,1.0,,2010,5984,3.035e-05
high,MCNAIRY,006152,CYPRESS 5 1,2014,legacy_fallback_pending_official_review,1.0,,2010,5984,0.0
high,MCNAIRY,006167,CYPRESS 5 1,2014,legacy_fallback_pending_official_review,1.0,,2010,5984,0.0
low,MCNAIRY,006164,EAST VIEW 5 2,2014,legacy_fallback_pending_official_review,0.818182,,2010,5992,0.99995474
low,MCNAIRY,006155,EAST VIEW 5 2,2014,legacy_fallback_pending_official_review,0.818182,,2010,5992,4.526e-05
low,MCNAIRY,006156,EAST VIEW 5 2,2014,legacy_fallback_pending_official_review,0.818182,,2010,5992,0.0
low,MCNAIRY,006165,EAST VIEW 5 2,2014,legacy_fallback_pending_official_review,0.818182,,2010,5992,0.0
low,MCNAIRY,006157,EAST VIEW 5 2,2014,legacy_fallback_pending_official_review,0.818182,,2010,5992,0.0
low,MCNAIRY,006159,FINGER 1 2,2014,legacy_fallback_pending_official_review,0.75,,2010,5996,1.0
low,MCNAIRY,006154,FINGER 1 2,2014,legacy_fallback_pending_official_review,0.75,,2010,5996,0.0
low,MCNAIRY,006160,FINGER 1 2,2014,legacy_fallback_pending_official_review,0.75,,2010,5996,0.0
low,MCNAIRY,006161,FINGER 1 2,2014,legacy_fallback_pending_official_review,0.75,,2010,5996,0.0
low,MCNAIRY,006162,LAWTON 2 2,2014,legacy_fallback_pending_official_review,0.75,,2010,6004,0.94355333
low,MCNAIRY,006163,LAWTON 2 2,2014,legacy_fallback_pending_official_review,0.75,,2010,6004,0.05640675
low,MCNAIRY,006151,LAWTON 2 2,2014,legacy_fallback_pending_official_review,0.75,,2010,6004,3.991e-05
low,MCNAIRY,006161,LAWTON 2 2,2014,legacy_fallback_pending_official_review,0.75,,2010,6004,0.0
low,MCNAIRY,006153,LAWTON 2 2,2014,legacy_fallback_pending_official_review,0.75,,2010,6004,0.0
low,MCNAIRY,006156,LAWTON 2 2,2014,legacy_fallback_pending_official_review,0.75,,2010,6004,0.0
low,MCNAIRY,006160,LEAPWOOD 3 1,2014,legacy_fallback_pending_official_review,0.8,,2010,6008,1.0
low,MCNAIRY,006159,LEAPWOOD 3 1,2014,legacy_fallback_pending_official_review,0.8,,2010,6008,0.0
low,MCNAIRY,006161,LEAPWOOD 3 1,2014,legacy_fallback_pending_official_review,0.8,,2010,6008,0.0
low,MCNAIRY,006151,LEAPWOOD 3 1,2014,legacy_fallback_pending_official_review,0.8,,2010,6008,0.0
low,MCNAIRY,006154,MCNAIRY 1 3,2014,legacy_fallback_pending_official_review,0.777778,,2010,6012,1.0
low,MCNAIRY,006159,MCNAIRY 1 3,2014,legacy_fallback_pending_official_review,0.777778,,2010,6012,0.0
low,MCNAIRY,006158,MCNAIRY 1 3,2014,legacy_fallback_pending_official_review,0.777778,,2010,6012,0.0
low,MCNAIRY,006152,MCNAIRY 1 3,2014,legacy_fallback_pending_official_review,0.777778,,2010,6012,0.0
low,MCNAIRY,006157,MICHIE 7 1,2014,legacy_fallback_pending_official_review,0.75,,2010,6016,1.0
low,MCNAIRY,006163,MICHIE 7 1,2014,legacy_fallback_pending_official_review,0.75,,2010,6016,0.0
low,MCNAIRY,006164,MICHIE 7 1,2014,legacy_fallback_pending_official_review,0.75,,2010,6016,0.0
low,MCNAIRY,006165,MICHIE 7 1,2014,legacy_fallback_pending_official_review,0.75,,2010,6016,0.0
low,MCNAIRY,006156,MICHIE 7 1,2014,legacy_fallback_pending_official_review,0.75,,2010,6016,0.0
low,MCNAIRY,006167,NORTH SELMER 4 1,2014,legacy_fallback_pending_official_review,0.857143,,2010,6028,0.99937271
low,MCNAIRY,006152,NORTH SELMER 4 1,2014,legacy_fallback_pending_official_review,0.857143,,2010,6028,0.00062729
low,MCNAIRY,006158,NORTH SELMER 4 1,2014,legacy_fallback_pending_official_review,0.857143,,2010,6028,0.0
low,MCNAIRY,006155,NORTH SELMER 4 1,2014,legacy_fallback_pending_official_review,0.857143,,2010,6028,0.0
low,MCNAIRY,006156,NORTH SELMER 4 1,2014,legacy_fallback_pending_official_review,0.857143,,2010,6028,0.0
low,MCNAIRY,006166,NORTH SELMER 4 1,2014,legacy_fallback_pending_official_review,0.857143,,2010,6028,0.0
low,MCNAIRY,006153,NORTH SELMER 4 1,2014,legacy_fallback_pending_official_review,0.857143,,2010,6028,0.0
low,MCNAIRY,006152,ROSE CREEK 4 2,2014,legacy_fallback_pending_official_review,0.833333,,2010,6040,0.99963504
low,MCNAIRY,006167,ROSE CREEK 4 2,2014,legacy_fallback_pending_official_review,0.833333,,2010,6040,0.00036496
low,MCNAIRY,006166,ROSE CREEK 4 2,2014,legacy_fallback_pending_official_review,0.833333,,2010,6040,0.0
low,MCNAIRY,006158,ROSE CREEK 4 2,2014,legacy_fallback_pending_official_review,0.833333,,2010,6040,0.0
low,MCNAIRY,006163,STANTONVILLE 7 2,2014,legacy_fallback_pending_official_review,0.857143,,2010,6048,1.0
low,MCNAIRY,006156,STANTONVILLE 7 2,2014,legacy_fallback_pending_official_review,0.857143,,2010,6048,0.0
low,MCNAIRY,006162,STANTONVILLE 7 2,2014,legacy_fallback_pending_official_review,0.857143,,2010,6048,0.0
low,MCNAIRY,006157,STANTONVILLE 7 2,2014,legacy_fallback_pending_official_review,0.857143,,2010,6048,0.0
medium,MONROE,006352,BROAD ST,2014,legacy_fallback_pending_official_review,0.982,,2010,6112,0.99688917
medium,MONROE,006351,BROAD ST,2014,legacy_fallback_pending_official_review,0.982,,2010,6112,0.00311083
medium,MONROE,006353,BROAD ST,2014,legacy_fallback_pending_official_review,0.982,,2010,6112,0.0
medium,MONROE,006353,BROWN,2014,legacy_fallback_pending_official_review,0.982,,2010,6116,0.97562927
medium,MONROE,006351,BROWN,2014,legacy_fallback_pending_official_review,0.982,,2010,6116,0.02369947
medium,MONROE,006352,BROWN,2014,legacy_fallback_pending_official_review,0.982,,2010,6116,0.00067127
medium,MONROE,006362,COKER CREEK,2014,legacy_fallback_pending_official_review,0.982,,2010,6100,0.83598061
medium,MONROE,006361,COKER CREEK,2014,legacy_fallback_pending_official_review,0.982,,2010,6100,0.16401939
medium,MONROE,006360,COKER CREEK,2014,legacy_fallback_pending_official_review,0.982,,2010,6100,0.0
high,MONROE,006361,ELECTION COMMISSION,2014,legacy_fallback_pending_official_review,1.0,,2010,6096,0.90834835
high,MONROE,006360,ELECTION COMMISSION,2014,legacy_fallback_pending_official_review,1.0,,2010,6096,0.04334905
high,MONROE,006363,ELECTION COMMISSION,2014,legacy_fallback_pending_official_review,1.0,,2010,6096,0.02899422
high,MONROE,006362,ELECTION COMMISSION,2014,legacy_fallback_pending_official_review,1.0,,2010,6096,0.01930838
high,MONROE,006359,ELECTION COMMISSION,2014,legacy_fallback_pending_official_review,1.0,,2010,6096,0.0
medium,MONROE,006356,MADISONVILLE MS,2014,legacy_fallback_pending_official_review,0.985,,2010,6128,0.97137196
medium,MONROE,006355,MADISONVILLE MS,2014,legacy_fallback_pending_official_review,0.985,,2010,6128,0.02862804
medium,MONROE,006359,MADISONVILLE MS,2014,legacy_fallback_pending_official_review,0.985,,2010,6128,0.0
medium,MONROE,006357,MADISONVILLE MS,2014,legacy_fallback_pending_official_review,0.985,,2010,6128,0.0
high,MONROE,006357,MADISONVILLE PRIMARY,2014,legacy_fallback_pending_official_review,1.0,,2010,6132,0.62895095
high,MONROE,006363,MADISONVILLE PRIMARY,2014,legacy_fallback_pending_official_review,1.0,,2010,6132,0.28254329
high,MONROE,006359,MADISONVILLE PRIMARY,2014,legacy_fallback_pending_official_review,1.0,,2010,6132,0.07882777
high,MONROE,006355,MADISONVILLE PRIMARY,2014,legacy_fallback_pending_official_review,1.0,,2010,6132,0.00967798
high,MONROE,006351,MADISONVILLE PRIMARY,2014,legacy_fallback_pending_official_review,1.0,,2010,6132,0.0
high,MONROE,006354,MADISONVILLE PRIMARY,2014,legacy_fallback_pending_official_review,1.0,,2010,6132,0.0
high,MONROE,006356,MADISONVILLE PRIMARY,2014,legacy_fallback_pending_official_review,1.0,,2010,6132,0.0
high,MONROE,006361,MADISONVILLE PRIMARY,2014,legacy_fallback_pending_official_review,1.0,,2010,6132,0.0
high,MONROE,006359,NOTCHEY CREEK,2014,legacy_fallback_pending_official_review,1.0,,2010,6140,1.0
high,MONROE,006356,NOTCHEY CREEK,2014,legacy_fallback_pending_official_review,1.0,,2010,6140,0.0
high,MONROE,006360,NOTCHEY CREEK,2014,legacy_fallback_pending_official_review,1.0,,2010,6140,0.0
high,MONROE,006361,NOTCHEY CREEK,2014,legacy_fallback_pending_official_review,1.0,,2010,6140,0.0
high,MONROE,006357,NOTCHEY CREEK,2014,legacy_fallback_pending_official_review,1.0,,2010,6140,0.0
high,MONROE,006355,NOTCHEY CREEK,2014,legacy_fallback_pending_official_review,1.0,,2010,6140,0.0
medium,MONROE,006360,RURAL VALE,2014,legacy_fallback_pending_official_review,0.982,,2010,6092,0.99688544
medium,MONROE,006361,RURAL VALE,2014,legacy_fallback_pending_official_review,0.982,,2010,6092,0.00311456
medium,MONROE,006359,RURAL VALE,2014,legacy_fallback_pending_official_review,0.982,,2010,6092,0.0
medium,MONROE,006362,RURAL VALE,2014,legacy_fallback_pending_official_review,0.982,,2010,6092,0.0
medium,MONROE,006351,SWEETWATER,2014,legacy_fallback_pending_official_review,0.982,,2010,6088,0.88697685
medium,MONROE,006356,SWEETWATER,2014,legacy_fallback_pending_official_review,0.982,,2010,6088,0.09374271
medium,MONROE,006352,SWEETWATER,2014,legacy_fallback_pending_official_review,0.982,,2010,6088,0.01294268
medium,MONROE,006353,SWEETWATER,2014,legacy_fallback_pending_official_review,0.982,,2010,6088,0.00517685
medium,MONROE,006357,SWEETWATER,2014,legacy_fallback_pending_official_review,0.982,,2010,6088,0.00116092
medium,MONROE,006354,SWEETWATER,2014,legacy_fallback_pending_official_review,0.982,,2010,6088,0.0
medium,MONROE,006361,TELLICO,2014,legacy_fallback_pending_official_review,0.982,,2010,6096,0.90834835
medium,MONROE,006360,TELLICO,2014,legacy_fallback_pending_official_review,0.982,,2010,6096,0.04334905
medium,MONROE,006363,TELLICO,2014,legacy_fallback_pending_official_review,0.982,,2010,6096,0.02899422
medium,MONROE,006362,TELLICO,2014,legacy_fallback_pending_official_review,0.982,,2010,6096,0.01930838
medium,MONROE,006359,TELLICO,2014,legacy_fallback_pending_official_review,0.982,,2010,6096,0.0
medium,MONROE,006363,TOQUA,2014,legacy_fallback_pending_official_review,0.982,,2010,6108,0.85756572
medium,MONROE,006354,TOQUA,2014,legacy_fallback_pending_official_review,0.982,,2010,6108,0.11317427
medium,MONROE,006361,TOQUA,2014,legacy_fallback_pending_official_review,0.982,,2010,6108,0.02484705
medium,MONROE,006359,TOQUA,2014,legacy_fallback_pending_official_review,0.982,,2010,6108,0.00441296
medium,MONROE,006357,TOQUA,2014,legacy_fallback_pending_official_review,0.982,,2010,6108,0.0
high,MONROE,006358,VONORE,2014,legacy_fallback_pending_official_review,1.0,,2010,6136,0.89556428
high,MONROE,006354,VONORE,2014,legacy_fallback_pending_official_review,1.0,,2010,6136,0.10443572
high,MONROE,006358,VONORE CC,2014,legacy_fallback_pending_official_review,1.0,,2010,6136,0.89556428
high,MONROE,006354,VONORE CC,2014,legacy_fallback_pending_official_review,1.0,,2010,6136,0.10443572
high,MORGAN,006651,1 1 COALFIELD,2014,legacy_fallback_pending_official_review,1.0,,2010,6276,0.99985971
high,MORGAN,006653,1 1 COALFIELD,2014,legacy_fallback_pending_official_review,1.0,,2010,6276,0.00014029
high,MORGAN,006662,1 1 COALFIELD,2014,legacy_fallback_pending_official_review,1.0,,2010,6276,0.0
high,MORGAN,006660,1 1 COALFIELD,2014,legacy_fallback_pending_official_review,1.0,,2010,6276,0.0
high,MORGAN,006659,2 1 OAKDALE HIGH,2014,legacy_fallback_pending_official_review,0.993,,2010,6268,0.99998138
high,MORGAN,006661,2 1 OAKDALE HIGH,2014,legacy_fallback_pending_official_review,0.993,,2010,6268,1.122e-05
high,MORGAN,006656,2 1 OAKDALE HIGH,2014,legacy_fallback_pending_official_review,0.993,,2010,6268,7.4e-06
high,MORGAN,006655,2 1 OAKDALE HIGH,2014,legacy_fallback_pending_official_review,0.993,,2010,6268,0.0
high,MORGAN,006659,2 2 MOSSY GROVE,2014,legacy_fallback_pending_official_review,0.993,,2010,6268,0.99998138
high,MORGAN,006661,2 2 MOSSY GROVE,2014,legacy_fallback_pending_official_review,0.993,,2010,6268,1.122e-05
high,MORGAN,006656,2 2 MOSSY GROVE,2014,legacy_fallback_pending_official_review,0.993,,2010,6268,7.4e-06
high,MORGAN,006655,2 2 MOSSY GROVE,2014,legacy_fallback_pending_official_review,0.993,,2010,6268,0.0
high,MORGAN,006659,2 3 OAKDALE,2014,legacy_fallback_pending_official_review,0.993,,2010,6268,0.99998138
high,MORGAN,006661,2 3 OAKDALE,2014,legacy_fallback_pending_official_review,0.993,,2010,6268,1.122e-05
high,MORGAN,006656,2 3 OAKDALE,2014,legacy_fallback_pending_official_review,0.993,,2010,6268,7.4e-06
high,MORGAN,006655,2 3 OAKDALE,2014,legacy_fallback_pending_official_review,0.993,,2010,6268,0.0
high,MORGAN,006654,3 1 WARTBURG,2014,legacy_fallback_pending_official_review,1.0,,2010,6316,0.65075202
high,MORGAN,006660,3 1 WARTBURG,2014,legacy_fallback_pending_official_review,1.0,,2010,6316,0.23507848
high,MORGAN,006658,3 1 WARTBURG,2014,legacy_fallback_pending_official_review,1.0,,2010,6316,0.05350332
high,MORGAN,006656,3 1 WARTBURG,2014,legacy_fallback_pending_official_review,1.0,,2010,6316,0.03367693
high,MORGAN,006653,3 1 WARTBURG,2014,legacy_fallback_pending_official_review,1.0,,2010,6316,0.02698924
high,MORGAN,006652,3 1 WARTBURG,2014,legacy_fallback_pending_official_review,1.0,,2010,6316,0.0
high,MORGAN,006651,3 1 WARTBURG,2014,legacy_fallback_pending_official_review,1.0,,2010,6316,0.0
high,MORGAN,006658,4 1 LANCING,2014,legacy_fallback_pending_official_review,1.0,,2010,6286,0.49341609
high,MORGAN,006656,4 1 LANCING,2014,legacy_fallback_pending_official_review,1.0,,2010,6286,0.37834427
high,MORGAN,006655,4 1 LANCING,2014,legacy_fallback_pending_official_review,1.0,,2010,6286,0.12823963
high,MORGAN,006654,4 1 LANCING,2014,legacy_fallback_pending_official_review,1.0,,2010,6286,0.0
high,MORGAN,006661,4 1 LANCING,2014,legacy_fallback_pending_official_review,1.0,,2010,6286,0.0
high,MORGAN,006658,4 2 DEER LODGE,2014,legacy_fallback_pending_official_review,1.0,,2010,6280,0.56297267
high,MORGAN,006661,4 2 DEER LODGE,2014,legacy_fallback_pending_official_review,1.0,,2010,6280,0.41674407
high,MORGAN,006656,4 2 DEER LODGE,2014,legacy_fallback_pending_official_review,1.0,,2010,6280,0.02028326
high,MORGAN,006659,4 2 DEER LODGE,2014,legacy_fallback_pending_official_review,1.0,,2010,6280,0.0
high,MORGAN,006655,4 2 DEER LODGE,2014,legacy_fallback_pending_official_review,1.0,,2010,6280,0.0
high,MORGAN,006656,5 1 SUNBRIGHT,2014,legacy_fallback_pending_official_review,1.0,,2010,6312,0.99990829
high,MORGAN,006661,5 1 SUNBRIGHT,2014,legacy_fallback_pending_official_review,1.0,,2010,6312,9.171e-05
high,MORGAN,006659,5 1 SUNBRIGHT,2014,legacy_fallback_pending_official_review,1.0,,2010,6312,0.0
high,MORGAN,006658,5 1 SUNBRIGHT,2014,legacy_fallback_pending_official_review,1.0,,2010,6312,0.0
high,MORGAN,006659,5 2 BURRVILLE,2014,legacy_fallback_pending_official_review,0.993,,2010,6268,0.99998138
high,MORGAN,006661,5 2 BURRVILLE,2014,legacy_fallback_pending_official_review,0.993,,2010,6268,1.122e-05
high,MORGAN,006656,5 2 BURRVILLE,2014,legacy_fallback_pending_official_review,0.993,,2010,6268,7.4e-06
high,MORGAN,006655,5 2 BURRVILLE,2014,legacy_fallback_pending_official_review,0.993,,2010,6268,0.0
high,MORGAN,006651,6 1 KELLYS,2014,legacy_fallback_pending_official_review,0.993,,2010,6276,0.99985971
high,MORGAN,006653,6 1 KELLYS,2014,legacy_fallback_pending_official_review,0.993,,2010,6276,0.00014029
high,MORGAN,006662,6 1 KELLYS,2014,legacy_fallback_pending_official_review,0.993,,2010,6276,0.0
high,MORGAN,006660,6 1 KELLYS,2014,legacy_fallback_pending_official_review,0.993,,2010,6276,0.0
high,MORGAN,006659,6 2 PETROS,2014,legacy_fallback_pending_official_review,0.993,,2010,6268,0.99998138
high,MORGAN,006661,6 2 PETROS,2014,legacy_fallback_pending_official_review,0.993,,2010,6268,1.122e-05
high,MORGAN,006656,6 2 PETROS,2014,legacy_fallback_pending_official_review,0.993,,2010,6268,7.4e-06
high,MORGAN,006655,6 2 PETROS,2014,legacy_fallback_pending_official_review,0.993,,2010,6268,0.0
high,PICKETT,007059,BARNES RIDGE 4 3,2014,legacy_fallback_pending_official_review,1.0,,2010,007059,1.0
low,PICKETT,007057,BOLESTOWN 4 4,2014,legacy_fallback_pending_official_review,0.818182,,2010,6560,1.0
low,PICKETT,007058,BOLESTOWN 4 4,2014,legacy_fallback_pending_official_review,0.818182,,2010,6560,0.0
low,PICKETT,007056,BOLESTOWN 4 4,2014,legacy_fallback_pending_official_review,0.818182,,2010,6560,0.0
high,PICKETT,007058,BOOM 4 1,2014,legacy_fallback_pending_official_review,1.0,,2010,007058,1.0
low,PICKETT,007053,CHANUTE 3 1,2014,legacy_fallback_pending_official_review,0.777778,,2010,6568,1.0
low,PICKETT,007054,CHANUTE 3 1,2014,legacy_fallback_pending_official_review,0.777778,,2010,6568,0.0
low,PICKETT,007055,CHANUTE 3 1,2014,legacy_fallback_pending_official_review,0.777778,,2010,6568,0.0
low,PICKETT,007051,CHANUTE 3 1,2014,legacy_fallback_pending_official_review,0.777778,,2010,6568,0.0
low,PICKETT,007056,CHANUTE 3 1,2014,legacy_fallback_pending_official_review,0.777778,,2010,6568,0.0
low,PICKETT,007051,HIGH SCHOOL 2 1,2014,legacy_fallback_pending_official_review,0.846154,,2010,6576,1.0
low,PICKETT,007052,HIGH SCHOOL 2 1,2014,legacy_fallback_pending_official_review,0.846154,,2010,6576,0.0
low,PICKETT,007059,HIGH SCHOOL 2 1,2014,legacy_fallback_pending_official_review,0.846154,,2010,6576,0.0
low,PICKETT,007053,HIGH SCHOOL 2 1,2014,legacy_fallback_pending_official_review,0.846154,,2010,6576,0.0
low,PICKETT,007058,HIGH SCHOOL 2 1,2014,legacy_fallback_pending_official_review,0.846154,,2010,6576,0.0
low,PICKETT,007054,HIGH SCHOOL 2 1,2014,legacy_fallback_pending_official_review,0.846154,,2010,6576,0.0
low,PICKETT,007056,MOODYVILLE 1 2,2014,legacy_fallback_pending_official_review,0.833333,,2010,6580,0.99748725
low,PICKETT,007055,MOODYVILLE 1 2,2014,legacy_fallback_pending_official_review,0.833333,,2010,6580,0.00251275
low,PICKETT,007054,MOODYVILLE 1 2,2014,legacy_fallback_pending_official_review,0.833333,,2010,6580,0.0
low,PICKETT,007058,MOODYVILLE 1 2,2014,legacy_fallback_pending_official_review,0.833333,,2010,6580,0.0
low,PICKETT,007053,MOODYVILLE 1 2,2014,legacy_fallback_pending_official_review,0.833333,,2010,6580,0.0
low,PICKETT,007057,MOODYVILLE 1 2,2014,legacy_fallback_pending_official_review,0.833333,,2010,6580,0.0
low,PICKETT,007052,OAK HILL 4 2,2014,legacy_fallback_pending_official_review,0.8,,2010,6584,1.0
low,PICKETT,007059,OAK HILL 4 2,2014,legacy_fallback_pending_official_review,0.8,,2010,6584,0.0
low,PICKETT,007051,OAK HILL 4 2,2014,legacy_fallback_pending_official_review,0.8,,2010,6584,0.0
low,PICKETT,007055,TRAVISVILLE 3 2,2014,legacy_fallback_pending_official_review,0.846154,,2010,6588,0.99995406
low,PICKETT,007053,TRAVISVILLE 3 2,2014,legacy_fallback_pending_official_review,0.846154,,2010,6588,4.594e-05
low,PICKETT,007056,TRAVISVILLE 3 2,2014,legacy_fallback_pending_official_review,0.846154,,2010,6588,0.0
high,SEVIER,007953,1 1 CATON S CHAPEL,2014,legacy_fallback_pending_official_review,1.0,,2010,7288,0.98002029
high,SEVIER,007951,1 1 CATON S CHAPEL,2014,legacy_fallback_pending_official_review,1.0,,2010,7288,0.01997971
high,SEVIER,007952,1 1 CATON S CHAPEL,2014,legacy_fallback_pending_official_review,1.0,,2010,7288,0.0
high,SEVIER,007954,1 1 CATON S CHAPEL,2014,legacy_fallback_pending_official_review,1.0,,2010,7288,0.0
high,SEVIER,007957,1 1 CATON S CHAPEL,2014,legacy_fallback_pending_official_review,1.0,,2010,7288,0.0
high,SEVIER,007972,1 1 CATON S CHAPEL,2014,legacy_fallback_pending_official_review,1.0,,2010,7288,0.0
high,SEVIER,007975,1 1 CATON S CHAPEL,2014,legacy_fallback_pending_official_review,1.0,,2010,7288,0.0
high,SEVIER,007956,1 1 CATON S CHAPEL,2014,legacy_fallback_pending_official_review,1.0,,2010,7288,0.0
high,SEVIER,007953,1 2 CATON S CHAPEL,2014,legacy_fallback_pending_official_review,0.993,,2010,7288,0.98002029
high,SEVIER,007951,1 2 CATON S CHAPEL,2014,legacy_fallback_pending_official_review,0.993,,2010,7288,0.01997971
high,SEVIER,007952,1 2 CATON S CHAPEL,2014,legacy_fallback_pending_official_review,0.993,,2010,7288,0.0
high,SEVIER,007954,1 2 CATON S CHAPEL,2014,legacy_fallback_pending_official_review,0.993,,2010,7288,0.0
high,SEVIER,007957,1 2 CATON S CHAPEL,2014,legacy_fallback_pending_official_review,0.993,,2010,7288,0.0
high,SEVIER,007972,1 2 CATON S CHAPEL,2014,legacy_fallback_pending_official_review,0.993,,2010,7288,0.0
high,SEVIER,007975,1 2 CATON S CHAPEL,2014,legacy_fallback_pending_official_review,0.993,,2010,7288,0.0
high,SEVIER,007956,1 2 CATON S CHAPEL,2014,legacy_fallback_pending_official_review,0.993,,2010,7288,0.0
high,SEVIER,007953,1 3 JONES COVE,2014,legacy_fallback_pending_official_review,0.993,,2010,7288,0.98002029
high,SEVIER,007951,1 3 JONES COVE,2014,legacy_fallback_pending_official_review,0.993,,2010,7288,0.01997971
high,SEVIER,007952,1 3 JONES COVE,2014,legacy_fallback_pending_official_review,0.993,,2010,7288,0.0
high,SEVIER,007954,1 3 JONES COVE,2014,legacy_fallback_pending_official_review,0.993,,2010,7288,0.0
high,SEVIER,007957,1 3 JONES COVE,2014,legacy_fallback_pending_official_review,0.993,,2010,7288,0.0
high,SEVIER,007972,1 3 JONES COVE,2014,legacy_fallback_pending_official_review,0.993,,2010,7288,0.0
high,SEVIER,007975,1 3 JONES COVE,2014,legacy_fallback_pending_official_review,0.993,,2010,7288,0.0
high,SEVIER,007956,1 3 JONES COVE,2014,legacy_fallback_pending_official_review,0.993,,2010,7288,0.0
high,SEVIER,007953,1 4 JONES COVE,2014,legacy_fallback_pending_official_review,0.993,,2010,7288,0.98002029
high,SEVIER,007951,1 4 JONES COVE,2014,legacy_fallback_pending_official_review,0.993,,2010,7288,0.01997971
high,SEVIER,007952,1 4 JONES COVE,2014,legacy_fallback_pending_official_review,0.993,,2010,7288,0.0
high,SEVIER,007954,1 4 JONES COVE,2014,legacy_fallback_pending_official_review,0.993,,2010,7288,0.0
high,SEVIER,007957,1 4 JONES COVE,2014,legacy_fallback_pending_official_review,0.993,,2010,7288,0.0
high,SEVIER,007972,1 4 JONES COVE,2014,legacy_fallback_pending_official_review,0.993,,2010,7288,0.0
high,SEVIER,007975,1 4 JONES COVE,2014,legacy_fallback_pending_official_review,0.993,,2010,7288,0.0
high,SEVIER,007956,1 4 JONES COVE,2014,legacy_fallback_pending_official_review,0.993,,2010,7288,0.0
high,SEVIER,007953,10 1 BOYDS CREEK,2014,legacy_fallback_pending_official_review,0.993,,2010,7288,0.98002029
high,SEVIER,007951,10 1 BOYDS CREEK,2014,legacy_fallback_pending_official_review,0.993,,2010,7288,0.01997971
high,SEVIER,007952,10 1 BOYDS CREEK,2014,legacy_fallback_pending_official_review,0.993,,2010,7288,0.0
high,SEVIER,007954,10 1 BOYDS CREEK,2014,legacy_fallback_pending_official_review,0.993,,2010,7288,0.0
high,SEVIER,007957,10 1 BOYDS CREEK,2014,legacy_fallback_pending_official_review,0.993,,2010,7288,0.0
high,SEVIER,007972,10 1 BOYDS CREEK,2014,legacy_fallback_pending_official_review,0.993,,2010,7288,0.0
high,SEVIER,007975,10 1 BOYDS CREEK,2014,legacy_fallback_pending_official_review,0.993,,2010,7288,0.0
high,SEVIER,007956,10 1 BOYDS CREEK,2014,legacy_fallback_pending_official_review,0.993,,2010,7288,0.0
high,SEVIER,007952,10 2 WHITES,2014,legacy_fallback_pending_official_review,0.993,,2010,7292,0.955767
high,SEVIER,007951,10 2 WHITES,2014,legacy_fallback_pending_official_review,0.993,,2010,7292,0.04422898
high,SEVIER,007953,10 2 WHITES,2014,legacy_fallback_pending_official_review,0.993,,2010,7292,4.02e-06
high,SEVIER,007955,10 2 WHITES,2014,legacy_fallback_pending_official_review,0.993,,2010,7292,0.0
high,SEVIER,007954,10 2 WHITES,2014,legacy_fallback_pending_official_review,0.993,,2010,7292,0.0
high,SEVIER,007971,10 2 WHITES,2014,legacy_fallback_pending_official_review,0.993,,2010,7292,0.0
high,SEVIER,007955,10 3 DUPONT,2014,legacy_fallback_pending_official_review,0.993,,2010,7304,0.79138064
high,SEVIER,007954,10 3 DUPONT,2014,legacy_fallback_pending_official_review,0.993,,2010,7304,0.18436546
high,SEVIER,007971,10 3 DUPONT,2014,legacy_fallback_pending_official_review,0.993,,2010,7304,0.02425391
high,SEVIER,007952,10 3 DUPONT,2014,legacy_fallback_pending_official_review,0.993,,2010,7304,0.0
high,SEVIER,007973,10 3 DUPONT,2014,legacy_fallback_pending_official_review,0.993,,2010,7304,0.0
high,SEVIER,007956,11 1 GATLINBURG,2014,legacy_fallback_pending_official_review,0.995,,2010,7356,1.0
high,SEVIER,007951,11 1 GATLINBURG,2014,legacy_fallback_pending_official_review,0.995,,2010,7356,0.0
high,SEVIER,007958,11 1 GATLINBURG,2014,legacy_fallback_pending_official_review,0.995,,2010,7356,0.0
high,SEVIER,007953,11 1 GATLINBURG,2014,legacy_fallback_pending_official_review,0.995,,2010,7356,0.0
high,SEVIER,007957,11 1 GATLINBURG,2014,legacy_fallback_pending_official_review,0.995,,2010,7356,0.0
high,SEVIER,007951,11 2 PITTMAN CENTER,2014,legacy_fallback_pending_official_review,0.995,,2010,7360,0.99521205
high,SEVIER,007956,11 2 PITTMAN CENTER,2014,legacy_fallback_pending_official_review,0.995,,2010,7360,0.00478795
high,SEVIER,007953,11 2 PITTMAN CENTER,2014,legacy_fallback_pending_official_review,0.995,,2010,7360,0.0
high,SEVIER,007952,11 2 PITTMAN CENTER,2014,legacy_fallback_pending_official_review,0.995,,2010,7360,0.0
high,SEVIER,007953,2 1 WEARWOOD,2014,legacy_fallback_pending_official_review,0.993,,2010,7288,0.98002029
high,SEVIER,007951,2 1 WEARWOOD,2014,legacy_fallback_pending_official_review,0.993,,2010,7288,0.01997971
high,SEVIER,007952,2 1 WEARWOOD,2014,legacy_fallback_pending_official_review,0.993,,2010,7288,0.0
high,SEVIER,007954,2 1 WEARWOOD,2014,legacy_fallback_pending_official_review,0.993,,2010,7288,0.0
high,SEVIER,007957,2 1 WEARWOOD,2014,legacy_fallback_pending_official_review,0.993,,2010,7288,0.0
high,SEVIER,007972,2 1 WEARWOOD,2014,legacy_fallback_pending_official_review,0.993,,2010,7288,0.0
high,SEVIER,007975,2 1 WEARWOOD,2014,legacy_fallback_pending_official_review,0.993,,2010,7288,0.0
high,SEVIER,007956,2 1 WEARWOOD,2014,legacy_fallback_pending_official_review,0.993,,2010,7288,0.0
high,SEVIER,007952,2 2 WALDENS CREEK,2014,legacy_fallback_pending_official_review,0.993,,2010,7292,0.955767
high,SEVIER,007951,2 2 WALDENS CREEK,2014,legacy_fallback_pending_official_review,0.993,,2010,7292,0.04422898
high,SEVIER,007953,2 2 WALDENS CREEK,2014,legacy_fallback_pending_official_review,0.993,,2010,7292,4.02e-06
high,SEVIER,007955,2 2 WALDENS CREEK,2014,legacy_fallback_pending_official_review,0.993,,2010,7292,0.0
high,SEVIER,007954,2 2 WALDENS CREEK,2014,legacy_fallback_pending_official_review,0.993,,2010,7292,0.0
high,SEVIER,007971,2 2 WALDENS CREEK,2014,legacy_fallback_pending_official_review,0.993,,2010,7292,0.0
high,SEVIER,007955,3 1 NEW CENTER,2014,legacy_fallback_pending_official_review,1.0,,2010,7304,0.79138064
high,SEVIER,007954,3 1 NEW CENTER,2014,legacy_fallback_pending_official_review,1.0,,2010,7304,0.18436546
high,SEVIER,007971,3 1 NEW CENTER,2014,legacy_fallback_pending_official_review,1.0,,2010,7304,0.02425391
high,SEVIER,007952,3 1 NEW CENTER,2014,legacy_fallback_pending_official_review,1.0,,2010,7304,0.0
high,SEVIER,007973,3 1 NEW CENTER,2014,legacy_fallback_pending_official_review,1.0,,2010,7304,0.0
high,SEVIER,007952,3 2 HARRISBURG,2014,legacy_fallback_pending_official_review,0.993,,2010,7292,0.955767
high,SEVIER,007951,3 2 HARRISBURG,2014,legacy_fallback_pending_official_review,0.993,,2010,7292,0.04422898
high,SEVIER,007953,3 2 HARRISBURG,2014,legacy_fallback_pending_official_review,0.993,,2010,7292,4.02e-06
high,SEVIER,007955,3 2 HARRISBURG,2014,legacy_fallback_pending_official_review,0.993,,2010,7292,0.0
high,SEVIER,007954,3 2 HARRISBURG,2014,legacy_fallback_pending_official_review,0.993,,2010,7292,0.0
high,SEVIER,007971,3 2 HARRISBURG,2014,legacy_fallback_pending_official_review,0.993,,2010,7292,0.0
high,SEVIER,007957,4 1 PIGEON FORGE,2014,legacy_fallback_pending_official_review,0.995,,2010,7312,0.74767576
high,SEVIER,007975,4 1 PIGEON FORGE,2014,legacy_fallback_pending_official_review,0.995,,2010,7312,0.1821471
high,SEVIER,007959,4 1 PIGEON FORGE,2014,legacy_fallback_pending_official_review,0.995,,2010,7312,0.03229254
high,SEVIER,007972,4 1 PIGEON FORGE,2014,legacy_fallback_pending_official_review,0.995,,2010,7312,0.02290634
high,SEVIER,007963,4 1 PIGEON FORGE,2014,legacy_fallback_pending_official_review,0.995,,2010,7312,0.00683189
high,SEVIER,007954,4 1 PIGEON FORGE,2014,legacy_fallback_pending_official_review,0.995,,2010,7312,0.0041732
high,SEVIER,007962,4 1 PIGEON FORGE,2014,legacy_fallback_pending_official_review,0.995,,2010,7312,0.00397316
high,SEVIER,007961,4 1 PIGEON FORGE,2014,legacy_fallback_pending_official_review,0.995,,2010,7312,0.0
high,SEVIER,007953,4 1 PIGEON FORGE,2014,legacy_fallback_pending_official_review,0.995,,2010,7312,0.0
high,SEVIER,007958,4 1 PIGEON FORGE,2014,legacy_fallback_pending_official_review,0.995,,2010,7312,0.0
high,SEVIER,007956,4 1 PIGEON FORGE,2014,legacy_fallback_pending_official_review,0.995,,2010,7312,0.0
high,SEVIER,007963,5 1 SEVIERVILLE,2014,legacy_fallback_pending_official_review,0.995,,2010,7316,0.98759433
high,SEVIER,007975,5 1 SEVIERVILLE,2014,legacy_fallback_pending_official_review,0.995,,2010,7316,0.01240567
high,SEVIER,007964,5 1 SEVIERVILLE,2014,legacy_fallback_pending_official_review,0.995,,2010,7316,0.0
high,SEVIER,007962,5 1 SEVIERVILLE,2014,legacy_fallback_pending_official_review,0.995,,2010,7316,0.0
high,SEVIER,007957,5 1 SEVIERVILLE,2014,legacy_fallback_pending_official_review,0.995,,2010,7316,0.0
high,SEVIER,007954,5 1 SEVIERVILLE,2014,legacy_fallback_pending_official_review,0.995,,2010,7316,0.0
high,SEVIER,007952,5 2 SENIOR CENTER,2014,legacy_fallback_pending_official_review,0.993,,2010,7292,0.955767
high,SEVIER,007951,5 2 SENIOR CENTER,2014,legacy_fallback_pending_official_review,0.993,,2010,7292,0.04422898
high,SEVIER,007953,5 2 SENIOR CENTER,2014,legacy_fallback_pending_official_review,0.993,,2010,7292,4.02e-06
high,SEVIER,007955,5 2 SENIOR CENTER,2014,legacy_fallback_pending_official_review,0.993,,2010,7292,0.0
high,SEVIER,007954,5 2 SENIOR CENTER,2014,legacy_fallback_pending_official_review,0.993,,2010,7292,0.0
high,SEVIER,007971,5 2 SENIOR CENTER,2014,legacy_fallback_pending_official_review,0.993,,2010,7292,0.0
high,SEVIER,007968,6 1 SEYMOUR,2014,legacy_fallback_pending_official_review,0.995,,2010,7324,0.84151815
high,SEVIER,007967,6 1 SEYMOUR,2014,legacy_fallback_pending_official_review,0.995,,2010,7324,0.15848185
high,SEVIER,007965,6 1 SEYMOUR,2014,legacy_fallback_pending_official_review,0.995,,2010,7324,0.0
high,SEVIER,007953,7 1 CATLETTSBURG,2014,legacy_fallback_pending_official_review,0.993,,2010,7288,0.98002029
high,SEVIER,007951,7 1 CATLETTSBURG,2014,legacy_fallback_pending_official_review,0.993,,2010,7288,0.01997971
high,SEVIER,007952,7 1 CATLETTSBURG,2014,legacy_fallback_pending_official_review,0.993,,2010,7288,0.0
high,SEVIER,007954,7 1 CATLETTSBURG,2014,legacy_fallback_pending_official_review,0.993,,2010,7288,0.0
high,SEVIER,007957,7 1 CATLETTSBURG,2014,legacy_fallback_pending_official_review,0.993,,2010,7288,0.0
high,SEVIER,007972,7 1 CATLETTSBURG,2014,legacy_fallback_pending_official_review,0.993,,2010,7288,0.0
high,SEVIER,007975,7 1 CATLETTSBURG,2014,legacy_fallback_pending_official_review,0.993,,2010,7288,0.0
high,SEVIER,007956,7 1 CATLETTSBURG,2014,legacy_fallback_pending_official_review,0.993,,2010,7288,0.0
high,SEVIER,007966,7 2 CATLETTSBURG,2014,legacy_fallback_pending_official_review,1.0,,2010,7328,0.75820504
high,SEVIER,007973,7 2 CATLETTSBURG,2014,legacy_fallback_pending_official_review,1.0,,2010,7328,0.19470196
high,SEVIER,007974,7 2 CATLETTSBURG,2014,legacy_fallback_pending_official_review,1.0,,2010,7328,0.03749746
high,SEVIER,007969,7 2 CATLETTSBURG,2014,legacy_fallback_pending_official_review,1.0,,2010,7328,0.00959554
high,SEVIER,007961,7 2 CATLETTSBURG,2014,legacy_fallback_pending_official_review,1.0,,2010,7328,0.0
high,SEVIER,007964,7 2 CATLETTSBURG,2014,legacy_fallback_pending_official_review,1.0,,2010,7328,0.0
high,SEVIER,007967,7 2 CATLETTSBURG,2014,legacy_fallback_pending_official_review,1.0,,2010,7328,0.0
high,SEVIER,007955,7 3 WALNUT GROVE,2014,legacy_fallback_pending_official_review,0.993,,2010,7304,0.79138064
high,SEVIER,007954,7 3 WALNUT GROVE,2014,legacy_fallback_pending_official_review,0.993,,2010,7304,0.18436546
high,SEVIER,007971,7 3 WALNUT GROVE,2014,legacy_fallback_pending_official_review,0.993,,2010,7304,0.02425391
high,SEVIER,007952,7 3 WALNUT GROVE,2014,legacy_fallback_pending_official_review,0.993,,2010,7304,0.0
high,SEVIER,007973,7 3 WALNUT GROVE,2014,legacy_fallback_pending_official_review,0.993,,2010,7304,0.0
high,SEVIER,007969,8 1 KODAK,2014,legacy_fallback_pending_official_review,1.0,,2010,7332,1.0
high,SEVIER,007967,8 1 KODAK,2014,legacy_fallback_pending_official_review,1.0,,2010,7332,0.0
high,SEVIER,007970,8 1 KODAK,2014,legacy_fallback_pending_official_review,1.0,,2010,7332,0.0
high,SEVIER,007974,8 1 KODAK,2014,legacy_fallback_pending_official_review,1.0,,2010,7332,0.0
high,SEVIER,007966,8 1 KODAK,2014,legacy_fallback_pending_official_review,1.0,,2010,7332,0.0
high,SEVIER,007952,8 2 KODAK,2014,legacy_fallback_pending_official_review,0.993,,2010,7292,0.955767
high,SEVIER,007951,8 2 KODAK,2014,legacy_fallback_pending_official_review,0.993,,2010,7292,0.04422898
high,SEVIER,007953,8 2 KODAK,2014,legacy_fallback_pending_official_review,0.993,,2010,7292,4.02e-06
high,SEVIER,007955,8 2 KODAK,2014,legacy_fallback_pending_official_review,0.993,,2010,7292,0.0
high,SEVIER,007954,8 2 KODAK,2014,legacy_fallback_pending_official_review,0.993,,2010,7292,0.0
high,SEVIER,007971,8 2 KODAK,2014,legacy_fallback_pending_official_review,0.993,,2010,7292,0.0
high,SEVIER,007955,8 3 UNDERWOOD,2014,legacy_fallback_pending_official_review,0.993,,2010,7304,0.79138064
high,SEVIER,007954,8 3 UNDERWOOD,2014,legacy_fallback_pending_official_review,0.993,,2010,7304,0.18436546
high,SEVIER,007971,8 3 UNDERWOOD,2014,legacy_fallback_pending_official_review,0.993,,2010,7304,0.02425391
high,SEVIER,007952,8 3 UNDERWOOD,2014,legacy_fallback_pending_official_review,0.993,,2010,7304,0.0
high,SEVIER,007973,8 3 UNDERWOOD,2014,legacy_fallback_pending_official_review,0.993,,2010,7304,0.0
high,SEVIER,007965,9 1 SEYMOUR PRIMARY,2014,legacy_fallback_pending_official_review,0.995,,2010,7340,1.0
high,SEVIER,007968,9 1 SEYMOUR PRIMARY,2014,legacy_fallback_pending_official_review,0.995,,2010,7340,0.0
high,SEVIER,007967,9 1 SEYMOUR PRIMARY,2014,legacy_fallback_pending_official_review,0.995,,2010,7340,0.0
high,SEVIER,007960,9 1 SEYMOUR PRIMARY,2014,legacy_fallback_pending_official_review,0.995,,2010,7340,0.0
high,SEVIER,007961,9 1 SEYMOUR PRIMARY,2014,legacy_fallback_pending_official_review,0.995,,2010,7340,0.0
high,SHELBY,008260,ARLINGTON 01,2014,legacy_fallback_pending_official_review,1.0,,2010,8512,0.99928648
high,SHELBY,008098,ARLINGTON 01,2014,legacy_fallback_pending_official_review,1.0,,2010,8512,0.00071352
high,SHELBY,008261,ARLINGTON 01,2014,legacy_fallback_pending_official_review,1.0,,2010,8512,0.0
high,SHELBY,008261,ARLINGTON 02,2014,legacy_fallback_pending_official_review,1.0,,2010,8516,0.98231962
high,SHELBY,008099,ARLINGTON 02,2014,legacy_fallback_pending_official_review,1.0,,2010,8516,0.01768038
high,SHELBY,008260,ARLINGTON 02,2014,legacy_fallback_pending_official_review,1.0,,2010,8516,0.0
high,SHELBY,008270,ARLINGTON 02,2014,legacy_fallback_pending_official_review,1.0,,2010,8516,0.0
high,SHELBY,008098,ARLINGTON 02,2014,legacy_fallback_pending_official_review,1.0,,2010,8516,0.0
high,SHELBY,008142,MEMPHIS 47,2014,legacy_fallback_pending_official_review,0.995,,2010,7872,1.0
high,SHELBY,008170,MEMPHIS 47,2014,legacy_fallback_pending_official_review,0.995,,2010,7872,0.0
high,SHELBY,008118,MEMPHIS 47,2014,legacy_fallback_pending_official_review,0.995,,2010,7872,0.0
high,SHELBY,008171,MEMPHIS 47,2014,legacy_fallback_pending_official_review,0.995,,2010,7872,0.0
high,SHELBY,008167,MEMPHIS 47,2014,legacy_fallback_pending_official_review,0.995,,2010,7872,0.0
high,SHELBY,008138,MEMPHIS 47,2014,legacy_fallback_pending_official_review,0.995,,2010,7872,0.0
high,SHELBY,008161,MEMPHIS 47,2014,legacy_fallback_pending_official_review,0.995,,2010,7872,0.0
high,SHELBY,008172,MEMPHIS 62,2014,legacy_fallback_pending_official_review,0.995,,2010,8048,1.0
high,SHELBY,008226,MEMPHIS 62,2014,legacy_fallback_pending_official_review,0.995,,2010,8048,0.0
high,SHELBY,008234,MEMPHIS 62,2014,legacy_fallback_pending_official_review,0.995,,2010,8048,0.0
high,SHELBY,008131,MEMPHIS 62,2014,legacy_fallback_pending_official_review,0.995,,2010,8048,0.0
high,SHELBY,008266,ROSS 01,2014,legacy_fallback_pending_official_review,0.997,,2010,8559,1.0
high,SHELBY,008168,ROSS 01,2014,legacy_fallback_pending_official_review,0.997,,2010,8559,0.0
high,SHELBY,008244,ROSS 01,2014,legacy_fallback_pending_official_review,0.997,,2010,8559,0.0
high,SHELBY,008248,ROSS 01,2014,legacy_fallback_pending_official_review,0.997,,2010,8559,0.0
high,SHELBY,008268,ROSS 05,2014,legacy_fallback_pending_official_review,0.997,,2010,8548,0.53653236
high,SHELBY,008265,ROSS 05,2014,legacy_fallback_pending_official_review,0.997,,2010,8548,0.45256492
high,SHELBY,008251,ROSS 05,2014,legacy_fallback_pending_official_review,0.997,,2010,8548,0.01090272
high,SHELBY,008221,ROSS 05,2014,legacy_fallback_pending_official_review,0.997,,2010,8548,0.0
high,SHELBY,008269,ROSS 05,2014,legacy_fallback_pending_official_review,0.997,,2010,8548,0.0
high,SHELBY,008266,ROSS 13,2014,legacy_fallback_pending_official_review,0.997,,2010,8532,1.0
high,SHELBY,008267,ROSS 13,2014,legacy_fallback_pending_official_review,0.997,,2010,8532,0.0
high,SHELBY,008248,ROSS 13,2014,legacy_fallback_pending_official_review,0.997,,2010,8532,0.0
high,SHELBY,008267,ROSS 14,2014,legacy_fallback_pending_official_review,0.997,,2010,8563,1.0
high,SHELBY,008269,ROSS 14,2014,legacy_fallback_pending_official_review,0.997,,2010,8563,0.0
high,SHELBY,008266,ROSS 14,2014,legacy_fallback_pending_official_review,0.997,,2010,8563,0.0
high,SHELBY,008271,ROSS 15,2014,legacy_fallback_pending_official_review,1.0,,2010,7433,1.0
high,SHELBY,008081,ROSS 15,2014,legacy_fallback_pending_official_review,1.0,,2010,7433,0.0
high,SHELBY,008068,ROSS 15,2014,legacy_fallback_pending_official_review,1.0,,2010,7433,0.0
high,SHELBY,008269,ROSS 16,2014,legacy_fallback_pending_official_review,0.997,,2010,8565,1.0
high,SHELBY,008266,ROSS 16,2014,legacy_fallback_pending_official_review,0.997,,2010,8565,0.0
high,SHELBY,008268,ROSS 16,2014,legacy_fallback_pending_official_review,0.997,,2010,8565,0.0
high,SHELBY,008265,ROSS 16,2014,legacy_fallback_pending_official_review,0.997,,2010,8565,0.0
high,SHELBY,008267,ROSS 16,2014,legacy_fallback_pending_official_review,0.997,,2010,8565,0.0
high,SHELBY,008251,ROSS 16,2014,legacy_fallback_pending_official_review,0.997,,2010,8565,0.0
high,TIPTON,008704,6 14 SW TIPTON,2014,legacy_fallback_pending_official_review,0.993,,2010,9076,0.9552418
high,TIPTON,008708,6 14 SW TIPTON,2014,legacy_fallback_pending_official_review,0.993,,2010,9076,0.0447582
high,TIPTON,008706,6 14 SW TIPTON,2014,legacy_fallback_pending_official_review,0.993,,2010,9076,0.0
high,TIPTON,008705,6 14 SW TIPTON,2014,legacy_fallback_pending_official_review,0.993,,2010,9076,0.0
high,UNION,009003,2 1 LUTTRELL,2014,legacy_fallback_pending_official_review,0.993,,2010,9232,0.75341037
high,UNION,009006,2 1 LUTTRELL,2014,legacy_fallback_pending_official_review,0.993,,2010,9232,0.10589661
high,UNION,009002,2 1 LUTTRELL,2014,legacy_fallback_pending_official_review,0.993,,2010,9232,0.05908723
high,UNION,009001,2 1 LUTTRELL,2014,legacy_fallback_pending_official_review,0.993,,2010,9232,0.04853726
high,UNION,009005,2 1 LUTTRELL,2014,legacy_fallback_pending_official_review,0.993,,2010,9232,0.03306853
high,UNION,009004,2 1 LUTTRELL,2014,legacy_fallback_pending_official_review,0.993,,2010,9232,0.0
high,UNION,009003,3 1 CEDAR GROVE,2014,legacy_fallback_pending_official_review,0.993,,2010,9232,0.75341037
high,UNION,009006,3 1 CEDAR GROVE,2014,legacy_fallback_pending_official_review,0.993,,2010,9232,0.10589661
high,UNION,009002,3 1 CEDAR GROVE,2014,legacy_fallback_pending_official_review,0.993,,2010,9232,0.05908723
high,UNION,009001,3 1 CEDAR GROVE,2014,legacy_fallback_pending_official_review,0.993,,2010,9232,0.04853726
high,UNION,009005,3 1 CEDAR GROVE,2014,legacy_fallback_pending_official_review,0.993,,2010,9232,0.03306853
high,UNION,009004,3 1 CEDAR GROVE,2014,legacy_fallback_pending_official_review,0.993,,2010,9232,0.0
high,UNION,009003,4 1 BIG RIDGE,2014,legacy_fallback_pending_official_review,0.993,,2010,9232,0.75341037
high,UNION,009006,4 1 BIG RIDGE,2014,legacy_fallback_pending_official_review,0.993,,2010,9232,0.10589661
high,UNION,009002,4 1 BIG RIDGE,2014,legacy_fallback_pending_official_review,0.993,,2010,9232,0.05908723
high,UNION,009001,4 1 BIG RIDGE,2014,legacy_fallback_pending_official_review,0.993,,2010,9232,0.04853726
high,UNION,009005,4 1 BIG RIDGE,2014,legacy_fallback_pending_official_review,0.993,,2010,9232,0.03306853
high,UNION,009004,4 1 BIG RIDGE,2014,legacy_fallback_pending_official_review,0.993,,2010,9232,0.0
high,UNION,009003,5 1 SHARP CHAPEL,2014,legacy_fallback_pending_official_review,0.993,,2010,9232,0.75341037
high,UNION,009006,5 1 SHARP CHAPEL,2014,legacy_fallback_pending_official_review,0.993,,2010,9232,0.10589661
high,UNION,009002,5 1 SHARP CHAPEL,2014,legacy_fallback_pending_official_review,0.993,,2010,9232,0.05908723
high,UNION,009001,5 1 SHARP CHAPEL,2014,legacy_fallback_pending_official_review,0.993,,2010,9232,0.04853726
high,UNION,009005,5 1 SHARP CHAPEL,2014,legacy_fallback_pending_official_review,0.993,,2010,9232,0.03306853
high,UNION,009004,5 1 SHARP CHAPEL,2014,legacy_fallback_pending_official_review,0.993,,2010,9232,0.0
high,UNION,009002,5 2 BRADEN CHAPEL,2014,legacy_fallback_pending_official_review,0.993,,2010,9236,0.74664268
high,UNION,009007,5 2 BRADEN CHAPEL,2014,legacy_fallback_pending_official_review,0.993,,2010,9236,0.21382304
high,UNION,009003,5 2 BRADEN CHAPEL,2014,legacy_fallback_pending_official_review,0.993,,2010,9236,0.03953429
high,UNION,009006,5 2 BRADEN CHAPEL,2014,legacy_fallback_pending_official_review,0.993,,2010,9236,0.0
high,UNION,009003,6 1 PAULETTE,2014,legacy_fallback_pending_official_review,0.993,,2010,9232,0.75341037
high,UNION,009006,6 1 PAULETTE,2014,legacy_fallback_pending_official_review,0.993,,2010,9232,0.10589661
high,UNION,009002,6 1 PAULETTE,2014,legacy_fallback_pending_official_review,0.993,,2010,9232,0.05908723
high,UNION,009001,6 1 PAULETTE,2014,legacy_fallback_pending_official_review,0.993,,2010,9232,0.04853726
high,UNION,009005,6 1 PAULETTE,2014,legacy_fallback_pending_official_review,0.993,,2010,9232,0.03306853
high,UNION,009004,6 1 PAULETTE,2014,legacy_fallback_pending_official_review,0.993,,2010,9232,0.0
high,VAN BUREN,009101,CEDAR GROVE,2014,legacy_fallback_pending_official_review,0.995,,2010,9280,0.94180078
high,VAN BUREN,009105,CEDAR GROVE,2014,legacy_fallback_pending_official_review,0.995,,2010,9280,0.05819922
high,VAN BUREN,009106,CEDAR GROVE,2014,legacy_fallback_pending_official_review,0.995,,2010,9280,0.0
high,VAN BUREN,009107,CEDAR GROVE,2014,legacy_fallback_pending_official_review,0.995,,2010,9280,0.0
high,VAN BUREN,009102,CEDAR GROVE,2014,legacy_fallback_pending_official_review,0.995,,2010,9280,0.0
high,VAN BUREN,009106,CUMMINGSVILLE,2014,legacy_fallback_pending_official_review,0.995,,2010,9284,1.0
high,VAN BUREN,009104,CUMMINGSVILLE,2014,legacy_fallback_pending_official_review,0.995,,2010,9284,0.0
high,VAN BUREN,009101,CUMMINGSVILLE,2014,legacy_fallback_pending_official_review,0.995,,2010,9284,0.0
high,VAN BUREN,009103,CUMMINGSVILLE,2014,legacy_fallback_pending_official_review,0.995,,2010,9284,0.0
high,VAN BUREN,009105,CUMMINGSVILLE,2014,legacy_fallback_pending_official_review,0.995,,2010,9284,0.0
high,VAN BUREN,009103,FALL CREEK FALLS,2014,legacy_fallback_pending_official_review,0.995,,2010,9292,1.0
high,VAN BUREN,009102,FALL CREEK FALLS,2014,legacy_fallback_pending_official_review,0.995,,2010,9292,0.0
high,VAN BUREN,009106,FALL CREEK FALLS,2014,legacy_fallback_pending_official_review,0.995,,2010,9292,0.0
high,VAN BUREN,009105,FALL CREEK FALLS,2014,legacy_fallback_pending_official_review,0.995,,2010,9292,0.0
high,VAN BUREN,009102,PINEY,2014,legacy_fallback_pending_official_review,0.995,,2010,9296,1.0
high,VAN BUREN,009107,PINEY,2014,legacy_fallback_pending_official_review,0.995,,2010,9296,0.0
high,VAN BUREN,009105,PINEY,2014,legacy_fallback_pending_official_review,0.995,,2010,9296,0.0
high,VAN BUREN,009103,PINEY,2014,legacy_fallback_pending_official_review,0.995,,2010,9296,0.0
high,VAN BUREN,009101,PINEY,2014,legacy_fallback_pending_official_review,0.995,,2010,9296,0.0
high,VAN BUREN,009107,WHITE HILL,2014,legacy_fallback_pending_official_review,0.995,,2010,9304,1.0
high,VAN BUREN,009102,WHITE HILL,2014,legacy_fallback_pending_official_review,0.995,,2010,9304,0.0
high,VAN BUREN,009101,WHITE HILL,2014,legacy_fallback_pending_official_review,0.995,,2010,9304,0.0
high,WARREN,009206,4 TSU NURSERY,2014,legacy_fallback_pending_official_review,0.993,,2010,9384,0.98618355
high,WARREN,009207,4 TSU NURSERY,2014,legacy_fallback_pending_official_review,0.993,,2010,9384,0.01381645
high,WARREN,009209,4 TSU NURSERY,2014,legacy_fallback_pending_official_review,0.993,,2010,9384,0.0
high,WARREN,009218,4 TSU NURSERY,2014,legacy_fallback_pending_official_review,0.993,,2010,9384,0.0
high,WARREN,009210,4 TSU NURSERY,2014,legacy_fallback_pending_official_review,0.993,,2010,9384,0.0
high,WARREN,009219,4 TSU NURSERY,2014,legacy_fallback_pending_official_review,0.993,,2010,9384,0.0
high,WARREN,009201,4 TSU NURSERY,2014,legacy_fallback_pending_official_review,0.993,,2010,9384,0.0
high,WAYNE,009404,3 1 BEECH CREEK,2014,legacy_fallback_pending_official_review,0.993,,2010,9552,0.999995
high,WAYNE,009407,3 1 BEECH CREEK,2014,legacy_fallback_pending_official_review,0.993,,2010,9552,5e-06
high,WAYNE,009409,3 1 BEECH CREEK,2014,legacy_fallback_pending_official_review,0.993,,2010,9552,0.0
high,WAYNE,009414,3 1 BEECH CREEK,2014,legacy_fallback_pending_official_review,0.993,,2010,9552,0.0
high,WAYNE,009408,3 1 BEECH CREEK,2014,legacy_fallback_pending_official_review,0.993,,2010,9552,0.0
high,WAYNE,009410,3 1 BEECH CREEK,2014,legacy_fallback_pending_official_review,0.993,,2010,9552,0.0
high,WAYNE,009409,3 3 EAGLE CREEK,2014,legacy_fallback_pending_official_review,0.993,,2010,9568,0.99742068
high,WAYNE,009410,3 3 EAGLE CREEK,2014,legacy_fallback_pending_official_review,0.993,,2010,9568,0.00257932
high,WAYNE,009402,3 3 EAGLE CREEK,2014,legacy_fallback_pending_official_review,0.993,,2010,9568,0.0
high,WAYNE,009408,3 3 EAGLE CREEK,2014,legacy_fallback_pending_official_review,0.993,,2010,9568,0.0
high,WAYNE,009404,3 3 EAGLE CREEK,2014,legacy_fallback_pending_official_review,0.993,,2010,9568,0.0
high,WAYNE,009404,4 1 COLLINWOOD,2014,legacy_fallback_pending_official_review,0.993,,2010,9552,0.999995
high,WAYNE,009407,4 1 COLLINWOOD,2014,legacy_fallback_pending_official_review,0.993,,2010,9552,5e-06
high,WAYNE,009409,4 1 COLLINWOOD,2014,legacy_fallback_pending_official_review,0.993,,2010,9552,0.0
high,WAYNE,009414,4 1 COLLINWOOD,2014,legacy_fallback_pending_official_review,0.993,,2010,9552,0.0
high,WAYNE,009408,4 1 COLLINWOOD,2014,legacy_fallback_pending_official_review,0.993,,2010,9552,0.0
high,WAYNE,009410,4 1 COLLINWOOD,2014,legacy_fallback_pending_official_review,0.993,,2010,9552,0.0
high,WAYNE,009409,5 3 WAYNE CO HIGH,2014,legacy_fallback_pending_official_review,0.993,,2010,9568,0.99742068
high,WAYNE,009410,5 3 WAYNE CO HIGH,2014,legacy_fallback_pending_official_review,0.993,,2010,9568,0.00257932
high,WAYNE,009402,5 3 WAYNE CO HIGH,2014,legacy_fallback_pending_official_review,0.993,,2010,9568,0.0
high,WAYNE,009408,5 3 WAYNE CO HIGH,2014,legacy_fallback_pending_official_review,0.993,,2010,9568,0.0
high,WAYNE,009404,5 3 WAYNE CO HIGH,2014,legacy_fallback_pending_official_review,0.993,,2010,9568,0.0
high,WAYNE,009404,6 1 HOLLY CREEK,2014,legacy_fallback_pending_official_review,0.993,,2010,9552,0.999995
high,WAYNE,009407,6 1 HOLLY CREEK,2014,legacy_fallback_pending_official_review,0.993,,2010,9552,5e-06
high,WAYNE,009409,6 1 HOLLY CREEK,2014,legacy_fallback_pending_official_review,0.993,,2010,9552,0.0
high,WAYNE,009414,6 1 HOLLY CREEK,2014,legacy_fallback_pending_official_review,0.993,,2010,9552,0.0
high,WAYNE,009408,6 1 HOLLY CREEK,2014,legacy_fallback_pending_official_review,0.993,,2010,9552,0.0
high,WAYNE,009410,6 1 HOLLY CREEK,2014,legacy_fallback_pending_official_review,0.993,,2010,9552,0.0
high,WAYNE,009402,6 2 SOUTH GATE,2014,legacy_fallback_pending_official_review,0.993,,2010,9556,0.99710569
high,WAYNE,009401,6 2 SOUTH GATE,2014,legacy_fallback_pending_official_review,0.993,,2010,9556,0.00289431
high,WAYNE,009408,6 2 SOUTH GATE,2014,legacy_fallback_pending_official_review,0.993,,2010,9556,0.0
high,WAYNE,009409,6 2 SOUTH GATE,2014,legacy_fallback_pending_official_review,0.993,,2010,9556,0.0
high,WAYNE,009404,7 1 BUFFALO RIVER,2014,legacy_fallback_pending_official_review,0.993,,2010,9552,0.999995
high,WAYNE,009407,7 1 BUFFALO RIVER,2014,legacy_fallback_pending_official_review,0.993,,2010,9552,5e-06
high,WAYNE,009409,7 1 BUFFALO RIVER,2014,legacy_fallback_pending_official_review,0.993,,2010,9552,0.0
high,WAYNE,009414,7 1 BUFFALO RIVER,2014,legacy_fallback_pending_official_review,0.993,,2010,9552,0.0
high,WAYNE,009408,7 1 BUFFALO RIVER,2014,legacy_fallback_pending_official_review,0.993,,2010,9552,0.0
high,WAYNE,009410,7 1 BUFFALO RIVER,2014,legacy_fallback_pending_official_review,0.993,,2010,9552,0.0
high,WAYNE,009402,7 2 OVILLA,2014,legacy_fallback_pending_official_review,0.993,,2010,9556,0.99710569
high,WAYNE,009401,7 2 OVILLA,2014,legacy_fallback_pending_official_review,0.993,,2010,9556,0.00289431
high,WAYNE,009408,7 2 OVILLA,2014,legacy_fallback_pending_official_review,0.993,,2010,9556,0.0
high,WAYNE,009409,7 2 OVILLA,2014,legacy_fallback_pending_official_review,0.993,,2010,9556,0.0
high,WEAKLEY,009502,2A GLEASON,2014,legacy_fallback_pending_official_review,0.993,,2010,9620,1.0
high,WEAKLEY,009506,2A GLEASON,2014,legacy_fallback_pending_official_review,0.993,,2010,9620,0.0
high,WEAKLEY,009507,2A GLEASON,2014,legacy_fallback_pending_official_review,0.993,,2010,9620,0.0
high,WEAKLEY,009501,2A GLEASON,2014,legacy_fallback_pending_official_review,0.993,,2010,9620,0.0
high,WEAKLEY,009507,3A GREENFIELD,2014,legacy_fallback_pending_official_review,1.0,,2010,9628,1.0
high,WEAKLEY,009506,3A GREENFIELD,2014,legacy_fallback_pending_official_review,1.0,,2010,9628,0.0
high,WEAKLEY,009502,3A GREENFIELD,2014,legacy_fallback_pending_official_review,1.0,,2010,9628,0.0
high,WEAKLEY,009506,4A SHARON,2014,legacy_fallback_pending_official_review,1.0,,2010,9636,0.99895119
high,WEAKLEY,009508,4A SHARON,2014,legacy_fallback_pending_official_review,1.0,,2010,9636,0.00061473
high,WEAKLEY,009505,4A SHARON,2014,legacy_fallback_pending_official_review,1.0,,2010,9636,0.00043408
high,WEAKLEY,009504,4A SHARON,2014,legacy_fallback_pending_official_review,1.0,,2010,9636,0.0
high,WEAKLEY,009507,4A SHARON,2014,legacy_fallback_pending_official_review,1.0,,2010,9636,0.0
high,WEAKLEY,009509,4A SHARON,2014,legacy_fallback_pending_official_review,1.0,,2010,9636,0.0
high,WEAKLEY,009502,4A SHARON,2014,legacy_fallback_pending_official_review,1.0,,2010,9636,0.0
high,WEAKLEY,009508,5A MARTIN COC,2014,legacy_fallback_pending_official_review,1.0,,2010,9640,0.98885513
high,WEAKLEY,009509,5A MARTIN COC,2014,legacy_fallback_pending_official_review,1.0,,2010,9640,0.01114487
high,WEAKLEY,009510,5A MARTIN COC,2014,legacy_fallback_pending_official_review,1.0,,2010,9640,0.0
high,WEAKLEY,009505,5A MARTIN COC,2014,legacy_fallback_pending_official_review,1.0,,2010,9640,0.0
high,WEAKLEY,009510,6A TRINITY,2014,legacy_fallback_pending_official_review,1.0,,2010,9656,0.99667127
high,WEAKLEY,009509,6A TRINITY,2014,legacy_fallback_pending_official_review,1.0,,2010,9656,0.00332873
high,WEAKLEY,009508,6A TRINITY,2014,legacy_fallback_pending_official_review,1.0,,2010,9656,0.0
high,WEAKLEY,009510,7A MARTIN SHEPHERD S,2014,legacy_fallback_pending_official_review,1.0,,2010,9656,0.99667127
high,WEAKLEY,009509,7A MARTIN SHEPHERD S,2014,legacy_fallback_pending_official_review,1.0,,2010,9656,0.00332873
high,WEAKLEY,009508,7A MARTIN SHEPHERD S,2014,legacy_fallback_pending_official_review,1.0,,2010,9656,0.0
high,WEAKLEY,009505,8A MARTIN FM,2014,legacy_fallback_pending_official_review,1.0,,2010,9664,0.73554739
high,WEAKLEY,009503,8A MARTIN FM,2014,legacy_fallback_pending_official_review,1.0,,2010,9664,0.25199868
high,WEAKLEY,009504,8A MARTIN FM,2014,legacy_fallback_pending_official_review,1.0,,2010,9664,0.01240949
high,WEAKLEY,009508,8A MARTIN FM,2014,legacy_fallback_pending_official_review,1.0,,2010,9664,4.444e-05
high,WEAKLEY,009509,8A MARTIN FM,2014,legacy_fallback_pending_official_review,1.0,,2010,9664,0.0
high,WEAKLEY,009504,9A DRESDEN,2014,legacy_fallback_pending_official_review,1.0,,2010,9668,0.98359852
high,WEAKLEY,009506,9A DRESDEN,2014,legacy_fallback_pending_official_review,1.0,,2010,9668,0.01640148
high,WEAKLEY,009503,9A DRESDEN,2014,legacy_fallback_pending_official_review,1.0,,2010,9668,0.0
high,WEAKLEY,009505,9A DRESDEN,2014,legacy_fallback_pending_official_review,1.0,,2010,9668,0.0
high,WEAKLEY,009501,9A DRESDEN,2014,legacy_fallback_pending_official_review,1.0,,2010,9668,0.0
