from_year,source_vintage,county_norm,from_precinct_norm,src_vtdst,dst_vtd20,weight,match_method,confidence_tier,match_score
2000,2000,ANDERSON,01 ANDERSON CO V,0001,0001,1.0,token_vtd,high,1.0
2000,2000,ANDERSON,02 ANDERSONVILLE,0002,0002,1.0,token_vtd,high,1.0
2000,2000,ANDERSON,03 BRICEVILLE,0003,0003,1.0,token_vtd,high,1.0
2000,2000,ANDERSON,04 BLOCKHOUSE VA,0004,0004,1.0,token_vtd,high,1.0
2000,2000,ANDERSON,05 CLINTON,0005,0005,1.0,token_vtd,high,1.0
2000,2000,ANDERSON,06 CLINTON HIGH,0006,0006,1.0,token_vtd,high,1.0
2000,2000,ANDERSON,07 CLAXTON,0007,0007,1.0,token_vtd,high,1.0
2000,2000,ANDERSON,08 CLINTON MIDDLE,0008,0008,0.90007602,token_vtd,high,1.0
2000,2000,ANDERSON,08 CLINTON MIDDLE,0008,000001,0.09805823,token_vtd,high,1.0
2000,2000,ANDERSON,08 CLINTON MIDDLE,0008,000018,0.00182604,token_vtd,high,1.0
2000,2000,ANDERSON,08 CLINTON MIDDLE,0008,000010,3.358e-05,token_vtd,high,1.0
2000,2000,ANDERSON,08 CLINTON MIDDLE,0008,000011,4.42e-06,token_vtd,high,1.0
2000,2000,ANDERSON,08 CLINTON MIDDLE,0008,000016,1.71e-06,token_vtd,high,1.0
2000,2000,ANDERSON,09 DUTCH VALLEY,0009,0009,1.0,token_vtd,high,1.0
2000,2000,ANDERSON,10 EMORY VALLEY,0010,0010,0.91666667,token_vtd,high,1.0
2000,2000,ANDERSON,10 EMORY VALLEY,0010,000003,0.08187991,token_vtd,high,1.0
2000,2000,ANDERSON,10 EMORY VALLEY,0010,000025,0.00086745,token_vtd,high,1.0
2000,2000,ANDERSON,10 EMORY VALLEY,0010,000005,0.00047794,token_vtd,high,1.0
2000,2000,ANDERSON,10 EMORY VALLEY,0010,000009,8.723e-05,token_vtd,high,1.0
2000,2000,ANDERSON,10 EMORY VALLEY,0010,000006,2.08e-05,token_vtd,high,1.0
2000,2000,ANDERSON,11 FAIRVIEW,0011,0011,1.0,token_vtd,high,1.0
2000,2000,ANDERSON,12 GLENWOOD,0012,0012,0.9166775,token_vtd,high,1.0
2000,2000,ANDERSON,12 GLENWOOD,0012,000002,0.08321497,token_vtd,high,1.0
2000,2000,ANDERSON,12 GLENWOOD,0012,000016,4.841e-05,token_vtd,high,1.0
2000,2000,ANDERSON,12 GLENWOOD,0012,000020,4.644e-05,token_vtd,high,1.0
2000,2000,ANDERSON,12 GLENWOOD,0012,000024,1.258e-05,token_vtd,high,1.0
2000,2000,ANDERSON,12 GLENWOOD,0012,000008,9e-08,token_vtd,high,1.0
2000,2000,ANDERSON,13 HIGHLAND VIEW,0013,0013,1.0,token_vtd,high,1.0
2000,2000,ANDERSON,14 LAKE CITY,0014,0014,1.0,token_vtd,high,1.0
2000,2000,ANDERSON,15 LAKE CITY MIDDL,0015,0015,1.0,token_vtd,high,1.0
2000,2000,ANDERSON,16 MARLOW,0016,0016,0.875,token_vtd,high,1.0
2000,2000,ANDERSON,16 MARLOW,0016,000021,0.1243345,token_vtd,high,1.0
2000,2000,ANDERSON,16 MARLOW,0016,000026,0.00064246,token_vtd,high,1.0
2000,2000,ANDERSON,16 MARLOW,0016,000014,1.851e-05,token_vtd,high,1.0
2000,2000,ANDERSON,16 MARLOW,0016,000023,4.53e-06,token_vtd,high,1.0
2000,2000,ANDERSON,17 NORTH CLINTON,0017,0017,1.0,token_vtd,high,1.0
2000,2000,ANDERSON,18 NORRIS,0018,0018,1.0,token_vtd,high,1.0
2000,2000,ANDERSON,19 NORWOOD,0019,0019,1.0,token_vtd,high,1.0
2000,2000,ANDERSON,20 CITY HALL,0020,0020,1.0,token_vtd,high,1.0
2000,2000,ANDERSON,21 OAK RIDGE HIGH,0021,0021,1.0,token_vtd,high,1.0
2000,2000,ANDERSON,22 PINE VALLEY,0022,0022,1.0,token_vtd,high,1.0
2000,2000,ANDERSON,23 ROBERTSVILLE,0023,0023,1.0,token_vtd,high,1.0
2000,2000,ANDERSON,24 ROSEDALE,0024,0024,0.83343829,token_vtd,high,1.0
2000,2000,ANDERSON,24 ROSEDALE,0024,000004,0.09859191,token_vtd,high,1.0
2000,2000,ANDERSON,24 ROSEDALE,0024,000003,0.06764591,token_vtd,high,1.0
2000,2000,ANDERSON,24 ROSEDALE,0024,000025,0.00029746,token_vtd,high,1.0
2000,2000,ANDERSON,24 ROSEDALE,0024,000009,1.306e-05,token_vtd,high,1.0
2000,2000,ANDERSON,24 ROSEDALE,0024,000013,9.08e-06,token_vtd,high,1.0
2000,2000,ANDERSON,24 ROSEDALE,0024,000019,4.3e-06,token_vtd,high,1.0
2000,2000,ANDERSON,25 SOUTH CLINTON,0025,0025,1.0,token_vtd,high,1.0
2000,2000,ANDERSON,26 WOODLAND A,0026,0026,1.0,token_vtd,high,1.0
2000,2000,ANDERSON,27 WOODLAND B,0027,0027,1.0,token_vtd,high,1.0
2000,2000,ANDERSON,28 WEST HILLS,0028,0028,0.91666667,token_vtd,high,1.0
2000,2000,ANDERSON,28 WEST HILLS,0028,000005,0.07381741,token_vtd,high,1.0
2000,2000,ANDERSON,28 WEST HILLS,0028,000006,0.00936712,token_vtd,high,1.0
2000,2000,ANDERSON,28 WEST HILLS,0028,000025,0.00011421,token_vtd,high,1.0
2000,2000,ANDERSON,28 WEST HILLS,0028,000019,3.459e-05,token_vtd,high,1.0
2000,2000,BEDFORD,303 UNIONVILLE,0004,0004,1.0,exact_name,high,1.0
2000,2000,BEDFORD,502 FLAT CREEK,0006,0006,1.0,exact_name,high,1.0
2000,2000,BEDFORD,601 EAST SIDE,0008,0008,1.0,exact_name,high,1.0
2000,2000,BEDFORD,701 DEERY EAKIN,0009,0009,1.0,exact_name,high,1.0
2000,2000,BENTON,01 HOLLADAY,0232,000204,0.9999866,code_token_name,high,0.993
2000,2000,BENTON,01 HOLLADAY,0232,000203,1.34e-05,code_token_name,high,0.993
2000,2000,BENTON,02 CHALK LEVEL,0272,000204,0.55856305,code_token_name,high,0.993
2000,2000,BENTON,02 CHALK LEVEL,0272,000203,0.4413232,code_token_name,high,0.993
2000,2000,BENTON,02 CHALK LEVEL,0272,000202,0.00011375,code_token_name,high,0.993
2000,2000,BENTON,02 DIVIDER,0272,000204,0.55856305,code_token_name,high,0.993
2000,2000,BENTON,02 DIVIDER,0272,000203,0.4413232,code_token_name,high,0.993
2000,2000,BENTON,02 DIVIDER,0272,000202,0.00011375,code_token_name,high,0.993
2000,2000,BENTON,03 SAWYERS MILL,0282,000201,0.99928428,code_token_name,high,0.993
2000,2000,BENTON,03 SAWYERS MILL,0282,000203,0.00038376,code_token_name,high,0.993
2000,2000,BENTON,03 SAWYERS MILL,0282,000206,0.00022446,code_token_name,high,0.993
2000,2000,BENTON,03 SAWYERS MILL,0282,000205,0.00010562,code_token_name,high,0.993
2000,2000,BENTON,03 SAWYERS MILL,0282,000202,1.87e-06,code_token_name,high,0.993
2000,2000,BENTON,04 COURT HOUSE,0292,000203,0.95353987,code_token_name,high,0.993
2000,2000,BENTON,04 COURT HOUSE,0292,000205,0.04532784,code_token_name,high,0.993
2000,2000,BENTON,04 COURT HOUSE,0292,000201,0.0011323,code_token_name,high,0.993
2000,2000,BENTON,05 HIGH SCHOOL,0296,000201,0.97627853,code_token_name,high,0.993
2000,2000,BENTON,05 HIGH SCHOOL,0296,000202,0.02303331,code_token_name,high,0.993
2000,2000,BENTON,05 HIGH SCHOOL,0296,000205,0.00067315,code_token_name,high,0.993
2000,2000,BENTON,05 HIGH SCHOOL,0296,000206,1.5e-05,code_token_name,high,0.993
2000,2000,BENTON,06 HIGH SCHOOL,0300,000205,0.99670015,code_token_name,high,0.993
2000,2000,BENTON,06 HIGH SCHOOL,0300,000201,0.00270674,code_token_name,high,0.993
2000,2000,BENTON,06 HIGH SCHOOL,0300,000203,0.00059312,code_token_name,high,0.993
2000,2000,BENTON,07 ELEMENTARY SC,0304,000202,0.98263966,code_token_name,high,0.993
2000,2000,BENTON,07 ELEMENTARY SC,0304,000205,0.01601399,code_token_name,high,0.993
2000,2000,BENTON,07 ELEMENTARY SC,0304,000201,0.00134635,code_token_name,high,0.993
2000,2000,BENTON,08 COURTHOUSE,0308,000205,0.95633235,code_token_name,high,0.993
2000,2000,BENTON,08 COURTHOUSE,0308,000202,0.04177625,code_token_name,high,0.993
2000,2000,BENTON,08 COURTHOUSE,0308,000201,0.00173616,code_token_name,high,0.993
2000,2000,BENTON,08 COURTHOUSE,0308,000203,0.00015525,code_token_name,high,0.993
2000,2000,BENTON,09 COURTHOUSE,0312,000203,0.87038079,code_token_name,high,0.993
2000,2000,BENTON,09 COURTHOUSE,0312,000202,0.12685799,code_token_name,high,0.993
2000,2000,BENTON,09 COURTHOUSE,0312,000205,0.00276122,code_token_name,high,0.993
2000,2000,BENTON,10 1 EVA,0242,000202,0.99229664,code_token_name,high,0.993
2000,2000,BENTON,10 1 EVA,0242,000203,0.00770336,code_token_name,high,0.993
2000,2000,BENTON,10 2 DUNBAR,0242,000202,0.99229664,code_token_name,high,0.993
2000,2000,BENTON,10 2 DUNBAR,0242,000203,0.00770336,code_token_name,high,0.993
2000,2000,BENTON,11 BIG SANDY,0252,000206,0.52775842,code_token_name,high,0.993
2000,2000,BENTON,11 BIG SANDY,0252,000202,0.47216667,code_token_name,high,0.993
2000,2000,BENTON,11 BIG SANDY,0252,000201,7.49e-05,code_token_name,high,0.993
2000,2000,BENTON,12 BIG SANDY,0262,000206,0.99990674,code_token_name,high,0.993
2000,2000,BENTON,12 BIG SANDY,0262,000201,8.394e-05,code_token_name,high,0.993
2000,2000,BENTON,12 BIG SANDY,0262,000202,9.32e-06,code_token_name,high,0.993
2000,2000,BLEDSOE,1 1 DILL,0316,000304,0.99894539,exact_name,high,1.0
2000,2000,BLEDSOE,1 1 DILL,0316,000305,0.0005622,exact_name,high,1.0
2000,2000,BLEDSOE,1 1 DILL,0316,000308,0.00049242,exact_name,high,1.0
2000,2000,BLEDSOE,1 2 GRIFFITH,0320,000305,0.98400492,exact_name,high,1.0
2000,2000,BLEDSOE,1 2 GRIFFITH,0320,000304,0.01479022,exact_name,high,1.0
2000,2000,BLEDSOE,1 2 GRIFFITH,0320,000309,0.00096783,exact_name,high,1.0
2000,2000,BLEDSOE,1 2 GRIFFITH,0320,000306,0.0002369,exact_name,high,1.0
2000,2000,BLEDSOE,1 2 GRIFFITH,0320,000311,1.3e-07,exact_name,high,1.0
2000,2000,BLEDSOE,1 3 MT CREST,0324,000309,0.99844349,exact_name,high,1.0
2000,2000,BLEDSOE,1 3 MT CREST,0324,000305,0.00121423,exact_name,high,1.0
2000,2000,BLEDSOE,1 3 MT CREST,0324,000301,0.000308,exact_name,high,1.0
2000,2000,BLEDSOE,1 3 MT CREST,0324,000311,3.411e-05,exact_name,high,1.0
2000,2000,BLEDSOE,1 3 MT CREST,0324,000303,1.8e-07,exact_name,high,1.0
2000,2000,BLEDSOE,2 1 COLD SPRINGS,0336,000303,0.73911929,exact_name,high,1.0
2000,2000,BLEDSOE,2 1 COLD SPRINGS,0336,000310,0.16549063,exact_name,high,1.0
2000,2000,BLEDSOE,2 1 COLD SPRINGS,0336,000311,0.06672419,exact_name,high,1.0
2000,2000,BLEDSOE,2 1 COLD SPRINGS,0336,000306,0.02822842,exact_name,high,1.0
2000,2000,BLEDSOE,2 1 COLD SPRINGS,0336,000307,0.0002334,exact_name,high,1.0
2000,2000,BLEDSOE,2 1 COLD SPRINGS,0336,000312,0.00014847,exact_name,high,1.0
2000,2000,BLEDSOE,2 1 COLD SPRINGS,0336,000301,5.362e-05,exact_name,high,1.0
2000,2000,BLEDSOE,2 1 COLD SPRINGS,0336,000309,1.98e-06,exact_name,high,1.0
2000,2000,BLEDSOE,2 2 LUMINARY,0340,000307,0.99879016,exact_name,high,1.0
2000,2000,BLEDSOE,2 2 LUMINARY,0340,000310,0.00094745,exact_name,high,1.0
2000,2000,BLEDSOE,2 2 LUMINARY,0340,000303,0.0002624,exact_name,high,1.0
2000,2000,BLEDSOE,3 1 BRAYTON,0348,000302,0.72484412,exact_name,high,1.0
2000,2000,BLEDSOE,3 1 BRAYTON,0348,000308,0.27512799,exact_name,high,1.0
2000,2000,BLEDSOE,3 1 BRAYTON,0348,000312,2.789e-05,exact_name,high,1.0
2000,2000,BLEDSOE,3 2 RIGSBY,0344,000312,0.76844432,exact_name,high,1.0
2000,2000,BLEDSOE,3 2 RIGSBY,0344,000307,0.20131139,exact_name,high,1.0
2000,2000,BLEDSOE,3 2 RIGSBY,0344,000303,0.02974775,exact_name,high,1.0
2000,2000,BLEDSOE,3 2 RIGSBY,0344,000306,0.00028819,exact_name,high,1.0
2000,2000,BLEDSOE,3 2 RIGSBY,0344,000308,0.00020179,exact_name,high,1.0
2000,2000,BLEDSOE,3 2 RIGSBY,0344,000302,6.56e-06,exact_name,high,1.0
2000,2000,BLEDSOE,4 1 PIKEVILLE 4TH,0352,000311,0.62978781,code_token_name,high,0.993
2000,2000,BLEDSOE,4 1 PIKEVILLE 4TH,0352,000306,0.36934426,code_token_name,high,0.993
2000,2000,BLEDSOE,4 1 PIKEVILLE 4TH,0352,000305,0.00086793,code_token_name,high,0.993
2000,2000,BLEDSOE,4 2 PIKEVILLE 7TH,0352,000311,0.62978781,code_token_name,high,0.993
2000,2000,BLEDSOE,4 2 PIKEVILLE 7TH,0352,000306,0.36934426,code_token_name,high,0.993
2000,2000,BLEDSOE,4 2 PIKEVILLE 7TH,0352,000305,0.00086793,code_token_name,high,0.993
2000,2000,BLEDSOE,5 1 BELLVIEW,0328,000301,0.79238536,exact_name,high,1.0
2000,2000,BLEDSOE,5 1 BELLVIEW,0328,000309,0.20738973,exact_name,high,1.0
2000,2000,BLEDSOE,5 1 BELLVIEW,0328,000310,0.00013631,exact_name,high,1.0
2000,2000,BLEDSOE,5 1 BELLVIEW,0328,000303,8.86e-05,exact_name,high,1.0
2000,2000,BLEDSOE,5 2 NINE MILE,0332,000310,0.99896119,exact_name,high,1.0
2000,2000,BLEDSOE,5 2 NINE MILE,0332,000307,0.00053829,exact_name,high,1.0
2000,2000,BLEDSOE,5 2 NINE MILE,0332,000301,0.00050052,exact_name,high,1.0
2000,2000,BLEDSOE,6 1 LEE STATION,0360,000306,0.99244335,exact_name,high,1.0
2000,2000,BLEDSOE,6 1 LEE STATION,0360,000311,0.00641069,exact_name,high,1.0
2000,2000,BLEDSOE,6 1 LEE STATION,0360,000308,0.00049973,exact_name,high,1.0
2000,2000,BLEDSOE,6 1 LEE STATION,0360,000305,0.00031353,exact_name,high,1.0
2000,2000,BLEDSOE,6 1 LEE STATION,0360,000312,0.00025529,exact_name,high,1.0
2000,2000,BLEDSOE,6 1 LEE STATION,0360,000304,7.741e-05,exact_name,high,1.0
2000,2000,BLEDSOE,6 2 LUSK,0358,000308,0.99910428,exact_name,high,1.0
2000,2000,BLEDSOE,6 2 LUSK,0358,000304,0.00068341,exact_name,high,1.0
2000,2000,BLEDSOE,6 2 LUSK,0358,000306,0.00021232,exact_name,high,1.0
2000,2000,BLEDSOE,6 3 SUNNYSIDE,0356,000308,0.99944488,exact_name,high,1.0
2000,2000,BLEDSOE,6 3 SUNNYSIDE,0356,000306,0.00025936,exact_name,high,1.0
2000,2000,BLEDSOE,6 3 SUNNYSIDE,0356,000312,0.00022778,exact_name,high,1.0
2000,2000,BLEDSOE,6 3 SUNNYSIDE,0356,000302,6.798e-05,exact_name,high,1.0
2000,2000,BLOUNT,01 ALCOA HIGH,0001,0001,1.0,token_vtd,high,1.0
2000,2000,BLOUNT,02 ALCOA MIDDLE,0002,0002,1.0,token_vtd,high,1.0
2000,2000,BLOUNT,03 BIG SPRINGS,0003,0003,1.0,token_vtd,high,1.0
2000,2000,BLOUNT,04 BINFIELD,0004,0004,1.0,token_vtd,high,1.0
2000,2000,BLOUNT,05 BUNGALOW,0005,0005,1.0,token_vtd,high,1.0
2000,2000,BLOUNT,06 CHANDLER STA,0006,0006,1.0,token_vtd,high,1.0
2000,2000,BLOUNT,07 CHILHOWEE VIE,0007,0007,1.0,token_vtd,high,1.0
2000,2000,BLOUNT,08 EAG ELEM CAFE,0008,0008,1.0,token_vtd,high,1.0
2000,2000,BLOUNT,09 EAG GYM 20,0009,0009,1.0,token_vtd,high,1.0
2000,2000,BLOUNT,10 EAG GYM 8,0010,0010,1.0,token_vtd,high,1.0
2000,2000,BLOUNT,11 EVERETT,0011,0011,1.0,token_vtd,high,1.0
2000,2000,BLOUNT,12 FAIRVIEW NORT,0012,0012,1.0,token_vtd,high,1.0
2000,2000,BLOUNT,13 FAIRVIEW SOUT,0013,0013,1.0,token_vtd,high,1.0
2000,2000,BLOUNT,14 FRIENDSVILLE,0014,0014,1.0,token_vtd,high,1.0
2000,2000,BLOUNT,15 FRIENDSVLLE CIT,0015,0015,1.0,token_vtd,high,1.0
2000,2000,BLOUNT,16 HAPPY VALLEY,0016,0016,1.0,token_vtd,high,1.0
2000,2000,BLOUNT,17 HOUSTON STATI,0017,0017,1.0,token_vtd,high,1.0
2000,2000,BLOUNT,18 HUBBARD,0018,0018,1.0,token_vtd,high,1.0
2000,2000,BLOUNT,19 JOHN SEVIER,0019,0019,1.0,token_vtd,high,1.0
2000,2000,BLOUNT,20 LANIER,0020,0020,1.0,token_vtd,high,1.0
2000,2000,BLOUNT,21 LOUISVILLE,0021,0021,1.0,token_vtd,high,1.0
2000,2000,BLOUNT,22 MIDDLESETTLEM,0022,0022,1.0,token_vtd,high,1.0
2000,2000,BLOUNT,23 MARYVILLE COLL,0023,0023,1.0,token_vtd,high,1.0
2000,2000,BLOUNT,24 MARYVILLE HS,0024,0024,1.0,token_vtd,high,1.0
2000,2000,BLOUNT,25 MARYVILLE MS,0025,0025,1.0,token_vtd,high,1.0
2000,2000,BLOUNT,26 MARY MUNI,0026,0026,1.0,token_vtd,high,1.0
2000,2000,BLOUNT,27 MENTOR,0027,0027,1.0,token_vtd,high,1.0
2000,2000,BRADLEY,101 MCDONALD,0001,0001,1.0,code_token_name,high,0.993
2000,2000,BRADLEY,201 E L ROSS,0004,0004,1.0,code_token_name,high,0.993
2000,2000,BRADLEY,601 VALLEY VIEW,0012,0012,1.0,code_token_name,high,0.993
2000,2000,BRADLEY,604 BLACKFOX,0604,000503,0.9993906,token_vtd,high,1.0
2000,2000,BRADLEY,604 BLACKFOX,0604,000515,0.00038835,token_vtd,high,1.0
2000,2000,BRADLEY,604 BLACKFOX,0604,000501,0.00022089,token_vtd,high,1.0
2000,2000,BRADLEY,604 BLACKFOX,0604,000514,1.6e-07,token_vtd,high,1.0
2000,2000,CAMPBELL,01 ALDER SPRINGS,0002,0002,1.0,code_token_name,high,0.993
2000,2000,CAMPBELL,02 CARYVILLE,0006,0006,1.0,code_token_name,high,0.993
2000,2000,CAMPBELL,03 CLINCHMORE,0014,0014,1.0,code_token_name,high,0.993
2000,2000,CAMPBELL,04 COLLEGE HILL,0018,0018,1.0,code_token_name,high,0.993
2000,2000,CAMPBELL,05 COOLIDGE,0022,0022,1.0,code_token_name,high,0.993
2000,2000,CAMPBELL,06 DAVIS CHAPEL,0006,0006,1.0,token_vtd,high,1.0
2000,2000,CAMPBELL,09 ELK VALLEY,0009,0009,1.0,token_vtd,high,1.0
2000,2000,CAMPBELL,12 JACKSBORO,0012,0012,1.0,token_vtd,high,1.0
2000,2000,CAMPBELL,13 JACKSBORO STA,0013,0013,1.0,token_vtd,high,1.0
2000,2000,CAMPBELL,14 JELLICO,0014,0014,1.0,token_vtd,high,1.0
2000,2000,CAMPBELL,15 JR HIGH,0015,0015,1.0,token_vtd,high,1.0
2000,2000,CAMPBELL,18 RIDGEWOOD,0018,0018,1.0,token_vtd,high,1.0
2000,2000,CAMPBELL,19 STINKING CREEK,0019,0019,1.0,token_vtd,high,1.0
2000,2000,CAMPBELL,20 TERRY CREEK,0020,0020,1.0,token_vtd,high,1.0
2000,2000,CAMPBELL,21 VALLEY VIEW,0021,0021,1.0,token_vtd,high,1.0
2000,2000,CAMPBELL,22 WELL SPRINGS,0022,0022,1.0,token_vtd,high,1.0
2000,2000,CAMPBELL,23 WEST LAFOLLET,0023,0023,1.0,token_vtd,high,1.0
2000,2000,CAMPBELL,24 WHITE OAK,0024,0024,1.0,token_vtd,high,1.0
2000,2000,CANNON,11 WESTSIDE,0001,0001,1.0,exact_name,high,1.0
2000,2000,CANNON,21 AUBURNTOWN,0002,0002,1.0,exact_name,high,1.0
2000,2000,CANNON,22 GASSAWAY,0003,0003,1.0,exact_name,high,1.0
2000,2000,CANNON,23 PLEASANT RIDGE,0004,0004,1.0,exact_name,high,1.0
2000,2000,CANNON,24 2 SHORT MTN,0005,0005,1.0,code_token_name,high,0.993
2000,2000,CANNON,32 WOODLAND,0006,0006,1.0,exact_name,high,1.0
2000,2000,CANNON,41 4 EASTSIDE,0007,0007,1.0,code_token_name,high,0.993
2000,2000,CANNON,42 4 SHORT MTN,0008,0008,1.0,code_token_name,high,0.993
2000,2000,CANNON,51 WOODBURY,0009,0009,1.0,exact_name,high,1.0
2000,2000,CARROLL,01 LAVINIA,0832,000816,0.97037295,exact_name,high,1.0
2000,2000,CARROLL,01 LAVINIA,0832,000804,0.02962705,exact_name,high,1.0
2000,2000,CARROLL,02 TREZEVANT,0860,000801,0.81248638,exact_name,high,1.0
2000,2000,CARROLL,02 TREZEVANT,0860,000807,0.17472092,exact_name,high,1.0
2000,2000,CARROLL,02 TREZEVANT,0860,000810,0.0124957,exact_name,high,1.0
2000,2000,CARROLL,02 TREZEVANT,0860,000817,0.00022304,exact_name,high,1.0
2000,2000,CARROLL,02 TREZEVANT,0860,000808,7.396e-05,exact_name,high,1.0
2000,2000,CARROLL,03 CHRISTMASVILLE,0864,000801,0.99954243,exact_name,high,1.0
2000,2000,CARROLL,03 CHRISTMASVILLE,0864,000808,0.00045757,exact_name,high,1.0
2000,2000,CARROLL,04 MCLEMORESVILL,0868,000809,0.87018619,code_token_name,high,0.993
2000,2000,CARROLL,04 MCLEMORESVILL,0868,000802,0.12962773,code_token_name,high,0.993
2000,2000,CARROLL,04 MCLEMORESVILL,0868,000808,0.00013768,code_token_name,high,0.993
2000,2000,CARROLL,04 MCLEMORESVILL,0868,000807,3.425e-05,code_token_name,high,0.993
2000,2000,CARROLL,04 MCLEMORESVILL,0868,000818,1.37e-05,code_token_name,high,0.993
2000,2000,CARROLL,04 MCLEMORESVILL,0868,000805,4.6e-07,code_token_name,high,0.993
2000,2000,CARROLL,05 CEDAR GROVE,0876,000810,0.99881495,code_token_name,high,0.993
2000,2000,CARROLL,05 CEDAR GROVE,0876,000807,0.00056562,code_token_name,high,0.993
2000,2000,CARROLL,05 CEDAR GROVE,0876,000804,0.0002995,code_token_name,high,0.993
2000,2000,CARROLL,05 CEDAR GROVE,0876,000817,0.00016649,code_token_name,high,0.993
2000,2000,CARROLL,05 CEDAR GROVE,0876,000801,8.846e-05,code_token_name,high,0.993
2000,2000,CARROLL,05 CEDAR GROVE,0876,000812,6.499e-05,code_token_name,high,0.993
2000,2000,CARROLL,06 CLARKSBURG,0880,000804,0.99950794,code_token_name,high,0.993
2000,2000,CARROLL,06 CLARKSBURG,0880,000812,0.00037337,code_token_name,high,0.993
2000,2000,CARROLL,06 CLARKSBURG,0880,000816,6.318e-05,code_token_name,high,0.993
2000,2000,CARROLL,06 CLARKSBURG,0880,000810,5.551e-05,code_token_name,high,0.993
2000,2000,CARROLL,07 MACEDONIA,0012,0012,1.0,code_token_name,high,0.993
2000,2000,CARROLL,08 MIXIE,0013,0013,1.0,code_token_name,high,0.993
2000,2000,CARROLL,09 CIVIC CENTER,0884,000802,0.74610639,code_token_name,high,0.993
2000,2000,CARROLL,09 CIVIC CENTER,0884,000809,0.25339454,code_token_name,high,0.993
2000,2000,CARROLL,09 CIVIC CENTER,0884,000814,0.00039538,code_token_name,high,0.993
2000,2000,CARROLL,09 CIVIC CENTER,0884,000805,0.00010369,code_token_name,high,0.993
2000,2000,CARROLL,10 HUNTINGDON,0784,000814,0.9993082,code_token_name,high,0.993
2000,2000,CARROLL,10 HUNTINGDON,0784,000811,0.00057467,code_token_name,high,0.993
2000,2000,CARROLL,10 HUNTINGDON,0784,000802,0.00011712,code_token_name,high,0.993
2000,2000,CARROLL,11 PALMER SHELTE,0788,000805,0.99921917,code_token_name,high,0.993
2000,2000,CARROLL,11 PALMER SHELTE,0788,000806,0.00032329,code_token_name,high,0.993
2000,2000,CARROLL,11 PALMER SHELTE,0788,000815,0.00016764,code_token_name,high,0.993
2000,2000,CARROLL,11 PALMER SHELTE,0788,000807,0.00016703,code_token_name,high,0.993
2000,2000,CARROLL,11 PALMER SHELTE,0788,000814,8.197e-05,code_token_name,high,0.993
2000,2000,CARROLL,11 PALMER SHELTE,0788,000819,4.064e-05,code_token_name,high,0.993
2000,2000,CARROLL,11 PALMER SHELTE,0788,000809,2.7e-07,code_token_name,high,0.993
2000,2000,CARROLL,12 YUMA,0796,000807,0.99928336,code_token_name,high,0.993
2000,2000,CARROLL,12 YUMA,0796,000806,0.00049198,code_token_name,high,0.993
2000,2000,CARROLL,12 YUMA,0796,000812,0.00022286,code_token_name,high,0.993
2000,2000,CARROLL,12 YUMA,0796,000805,1.8e-06,code_token_name,high,0.993
2000,2000,CARROLL,13 BUENA VISTA,0800,000812,0.99929565,code_token_name,high,0.993
2000,2000,CARROLL,13 BUENA VISTA,0800,000806,0.00023465,code_token_name,high,0.993
2000,2000,CARROLL,13 BUENA VISTA,0800,000807,0.00021131,code_token_name,high,0.993
2000,2000,CARROLL,13 BUENA VISTA,0800,000804,0.00015479,code_token_name,high,0.993
2000,2000,CARROLL,13 BUENA VISTA,0800,000813,9.501e-05,code_token_name,high,0.993
2000,2000,CARROLL,13 BUENA VISTA,0800,000810,8.58e-06,code_token_name,high,0.993
2000,2000,CARROLL,14 BRUCETON,0804,000812,0.99984689,code_token_name,high,0.993
2000,2000,CARROLL,14 BRUCETON,0804,000813,8.872e-05,code_token_name,high,0.993
2000,2000,CARROLL,14 BRUCETON,0804,000819,6.439e-05,code_token_name,high,0.993
2000,2000,CARROLL,15 HOLLOW ROCK,0808,000819,0.99877409,code_token_name,high,0.993
2000,2000,CARROLL,15 HOLLOW ROCK,0808,000803,0.00039679,code_token_name,high,0.993
2000,2000,CARROLL,15 HOLLOW ROCK,0808,000813,0.00034086,code_token_name,high,0.993
2000,2000,CARROLL,15 HOLLOW ROCK,0808,000815,0.00029355,code_token_name,high,0.993
2000,2000,CARROLL,15 HOLLOW ROCK,0808,000812,0.00014377,code_token_name,high,0.993
2000,2000,CARROLL,15 HOLLOW ROCK,0808,000805,5.095e-05,code_token_name,high,0.993
2000,2000,CARROLL,16 VALE,0812,000803,0.99340287,code_token_name,high,0.993
2000,2000,CARROLL,16 VALE,0812,000815,0.00615783,code_token_name,high,0.993
2000,2000,CARROLL,16 VALE,0812,000819,0.00033673,code_token_name,high,0.993
2000,2000,CARROLL,16 VALE,0812,000811,0.00010256,code_token_name,high,0.993
2000,2000,CARROLL,17 WESTVIEW,0820,000811,0.99925577,code_token_name,high,0.993
2000,2000,CARROLL,17 WESTVIEW,0820,000803,0.00038453,code_token_name,high,0.993
2000,2000,CARROLL,17 WESTVIEW,0820,000814,0.0003597,code_token_name,high,0.993
2000,2000,CARROLL,19 SENIOR CITIZENS,0828,000807,0.99995875,code_token_name,high,0.993
2000,2000,CARROLL,19 SENIOR CITIZENS,0828,000810,1.941e-05,code_token_name,high,0.993
2000,2000,CARROLL,19 SENIOR CITIZENS,0828,000801,1.394e-05,code_token_name,high,0.993
2000,2000,CARROLL,19 SENIOR CITIZENS,0828,000808,7.9e-06,code_token_name,high,0.993
2000,2000,CARROLL,20 CANNON,0836,000804,0.99141751,code_token_name,high,0.993
2000,2000,CARROLL,20 CANNON,0836,000816,0.00810433,code_token_name,high,0.993
2000,2000,CARROLL,20 CANNON,0836,000817,0.00035889,code_token_name,high,0.993
2000,2000,CARROLL,20 CANNON,0836,000810,0.00011927,code_token_name,high,0.993
2000,2000,CARROLL,21 CONCORD,0840,000817,0.99901078,code_token_name,high,0.993
2000,2000,CARROLL,21 CONCORD,0840,000801,0.00055082,code_token_name,high,0.993
2000,2000,CARROLL,21 CONCORD,0840,000810,0.00033765,code_token_name,high,0.993
2000,2000,CARROLL,21 CONCORD,0840,000804,0.00010075,code_token_name,high,0.993
2000,2000,CARROLL,22 WESTPORT,0844,000808,0.99927615,code_token_name,high,0.993
2000,2000,CARROLL,22 WESTPORT,0844,000809,0.0003248,code_token_name,high,0.993
2000,2000,CARROLL,22 WESTPORT,0844,000801,0.00031961,code_token_name,high,0.993
2000,2000,CARROLL,22 WESTPORT,0844,000807,7.944e-05,code_token_name,high,0.993
2000,2000,CARROLL,23 BETHEL FIELD,0848,000814,0.85126098,code_token_name,high,0.993
2000,2000,CARROLL,23 BETHEL FIELD,0848,000805,0.1482292,code_token_name,high,0.993
2000,2000,CARROLL,23 BETHEL FIELD,0848,000815,0.00037865,code_token_name,high,0.993
2000,2000,CARROLL,23 BETHEL FIELD,0848,000802,4.705e-05,code_token_name,high,0.993
2000,2000,CARROLL,23 BETHEL FIELD,0848,000803,3.936e-05,code_token_name,high,0.993
2000,2000,CARROLL,23 BETHEL FIELD,0848,000809,2.247e-05,code_token_name,high,0.993
2000,2000,CARROLL,23 BETHEL FIELD,0848,000811,2.228e-05,code_token_name,high,0.993
2000,2000,CARROLL,24 MCKENZIE MID S,0852,000806,0.85365737,code_token_name,high,0.993
2000,2000,CARROLL,24 MCKENZIE MID S,0852,000819,0.14490945,code_token_name,high,0.993
2000,2000,CARROLL,24 MCKENZIE MID S,0852,000812,0.00050012,code_token_name,high,0.993
2000,2000,CARROLL,24 MCKENZIE MID S,0852,000805,0.00041587,code_token_name,high,0.993
2000,2000,CARROLL,24 MCKENZIE MID S,0852,000813,0.00034967,code_token_name,high,0.993
2000,2000,CARROLL,24 MCKENZIE MID S,0852,000807,0.00016753,code_token_name,high,0.993
2000,2000,CARTER,01 HUNTER,0001,0001,1.0,token_vtd,high,1.0
2000,2000,CARTER,01 MIDWAY,0001,0001,1.0,token_vtd,high,1.0
2000,2000,CARTER,01 UNAKA,0001,0001,1.0,token_vtd,high,1.0
2000,2000,CARTER,02 ROAN MOUNTAIN,0002,0002,1.0,token_vtd,high,1.0
2000,2000,CARTER,02 TIGER VALLEY,0002,0002,1.0,token_vtd,high,1.0
2000,2000,CARTER,03 CENTRAL,0003,0003,1.0,token_vtd,high,1.0
2000,2000,CARTER,03 KEENBURG,0003,0003,1.0,token_vtd,high,1.0
2000,2000,CARTER,03 RANGE,0003,0003,1.0,token_vtd,high,1.0
2000,2000,CARTER,03 WATAUGA,0003,0003,1.0,token_vtd,high,1.0
2000,2000,CARTER,04 COURTHOUSE,0004,0004,1.0,token_vtd,high,1.0
2000,2000,CARTER,04 ELK MILLS,0004,0004,1.0,token_vtd,high,1.0
2000,2000,CARTER,04 HAMPTON,0004,0004,1.0,token_vtd,high,1.0
2000,2000,CARTER,04 LITTLE MILLIGAN,0004,0004,1.0,token_vtd,high,1.0
2000,2000,CARTER,04 SIAM,0004,0004,1.0,token_vtd,high,1.0
2000,2000,CARTER,05 HAPPY VALLEY,0005,0005,1.0,token_vtd,high,1.0
2000,2000,CARTER,06 EASTSIDE,0006,0006,1.0,token_vtd,high,1.0
2000,2000,CARTER,06 VALLEY FORGE,0006,0006,1.0,token_vtd,high,1.0
2000,2000,CARTER,07 GAP CREEK,0007,0007,1.0,token_vtd,high,1.0
2000,2000,CARTER,07 WESTSIDE,0007,0007,1.0,token_vtd,high,1.0
2000,2000,CARTER,08 HAROLD MCCORM,0008,0008,1.0,token_vtd,high,1.0
2000,2000,CARTER,08 HIGH SCHOOL,0008,0008,1.0,token_vtd,high,1.0
2000,2000,CARTER,08 LYNN AVENUE,0008,0008,1.0,token_vtd,high,1.0
2000,2000,CHEATHAM,1 1 A C CITY HALL,0988,001004,0.89367252,code_token_name,high,0.993
2000,2000,CHEATHAM,1 1 A C CITY HALL,0988,001001,0.05502708,code_token_name,high,0.993
2000,2000,CHEATHAM,1 1 A C CITY HALL,0988,001008,0.05129138,code_token_name,high,0.993
2000,2000,CHEATHAM,1 1 A C CITY HALL,0988,001005,4.64e-06,code_token_name,high,0.993
2000,2000,CHEATHAM,1 1 A C CITY HALL,0988,001007,4.38e-06,code_token_name,high,0.993
2000,2000,CHEATHAM,2 1 CHEATHAM CO H,0992,001008,0.6328441,code_token_name,high,0.993
2000,2000,CHEATHAM,2 1 CHEATHAM CO H,0992,001001,0.19987422,code_token_name,high,0.993
2000,2000,CHEATHAM,2 1 CHEATHAM CO H,0992,001004,0.16686316,code_token_name,high,0.993
2000,2000,CHEATHAM,2 1 CHEATHAM CO H,0992,001002,0.00041139,code_token_name,high,0.993
2000,2000,CHEATHAM,2 1 CHEATHAM CO H,0992,001005,7.13e-06,code_token_name,high,0.993
2000,2000,CHEATHAM,2 2 EAST CHEAT ELE,0992,001008,0.6328441,code_token_name,high,0.993
2000,2000,CHEATHAM,2 2 EAST CHEAT ELE,0992,001001,0.19987422,code_token_name,high,0.993
2000,2000,CHEATHAM,2 2 EAST CHEAT ELE,0992,001004,0.16686316,code_token_name,high,0.993
2000,2000,CHEATHAM,2 2 EAST CHEAT ELE,0992,001002,0.00041139,code_token_name,high,0.993
2000,2000,CHEATHAM,2 2 EAST CHEAT ELE,0992,001005,7.13e-06,code_token_name,high,0.993
2000,2000,CHEATHAM,3 1 P V ELEM,1000,001003,0.72352459,code_token_name,high,0.993
2000,2000,CHEATHAM,3 1 P V ELEM,1000,001008,0.13655462,code_token_name,high,0.993
2000,2000,CHEATHAM,3 1 P V ELEM,1000,001001,0.11199435,code_token_name,high,0.993
2000,2000,CHEATHAM,3 1 P V ELEM,1000,001002,0.02792644,code_token_name,high,0.993
2000,2000,CHEATHAM,4 1 WEST CHEAT EL,1004,001002,1.0,code_token_name,high,0.993
2000,2000,CHEATHAM,4 2 NEW HOPE CC,1004,001002,1.0,code_token_name,high,0.993
2000,2000,CHEATHAM,4 3 SYCAMORE M S,1004,001002,1.0,code_token_name,high,0.993
2000,2000,CHEATHAM,5 1 TWO RIVERS FIR,1012,001005,0.62666203,code_token_name,high,0.993
2000,2000,CHEATHAM,5 1 TWO RIVERS FIR,1012,001006,0.37283427,code_token_name,high,0.993
2000,2000,CHEATHAM,5 1 TWO RIVERS FIR,1012,001007,0.00050213,code_token_name,high,0.993
2000,2000,CHEATHAM,5 1 TWO RIVERS FIR,1012,001004,1.58e-06,code_token_name,high,0.993
2000,2000,CHEATHAM,5 2 PEGRAM CITY HA,1012,001005,0.62666203,code_token_name,high,0.993
2000,2000,CHEATHAM,5 2 PEGRAM CITY HA,1012,001006,0.37283427,code_token_name,high,0.993
2000,2000,CHEATHAM,5 2 PEGRAM CITY HA,1012,001007,0.00050213,code_token_name,high,0.993
2000,2000,CHEATHAM,5 2 PEGRAM CITY HA,1012,001004,1.58e-06,code_token_name,high,0.993
2000,2000,CHEATHAM,6 1 KINGSTON SPGS,1020,001006,0.99954817,code_token_name,high,0.993
2000,2000,CHEATHAM,6 1 KINGSTON SPGS,1020,001007,0.00045183,code_token_name,high,0.993
2000,2000,CHESTER,1 1 MILLEDGE SHIRL,1024,001108,1.0,code_token_name,high,0.993
2000,2000,CHESTER,1 2 ENVILLE,1032,001108,0.99954776,exact_name,high,1.0
2000,2000,CHESTER,1 2 ENVILLE,1032,001104,0.00045224,exact_name,high,1.0
2000,2000,CHESTER,1 3 CENTERPOINT,1024,001108,1.0,code_token_name,high,0.993
2000,2000,CHESTER,1 4 CABO,1036,001108,0.99929644,exact_name,high,1.0
2000,2000,CHESTER,1 4 CABO,1036,001107,0.00043254,exact_name,high,1.0
2000,2000,CHESTER,1 4 CABO,1036,001104,0.00027103,exact_name,high,1.0
2000,2000,CHESTER,1 5 SWEETLIPS,0002,0002,1.0,exact_name,high,1.0
2000,2000,CHESTER,1 6 HARMONY,1044,001109,0.61385668,exact_name,high,1.0
2000,2000,CHESTER,1 6 HARMONY,1044,001103,0.38580909,exact_name,high,1.0
2000,2000,CHESTER,1 6 HARMONY,1044,001104,0.0001945,exact_name,high,1.0
2000,2000,CHESTER,1 6 HARMONY,1044,001106,0.00013973,exact_name,high,1.0
2000,2000,CHESTER,2 1 JACKS CREEK,1048,001107,0.89483667,exact_name,high,1.0
2000,2000,CHESTER,2 1 JACKS CREEK,1048,001108,0.1044943,exact_name,high,1.0
2000,2000,CHESTER,2 1 JACKS CREEK,1048,001101,0.00058741,exact_name,high,1.0
2000,2000,CHESTER,2 1 JACKS CREEK,1048,001104,8.162e-05,exact_name,high,1.0
2000,2000,CHESTER,2 2 GLENDALE,1056,001101,0.63165889,exact_name,high,1.0
2000,2000,CHESTER,2 2 GLENDALE,1056,001105,0.3676673,exact_name,high,1.0
2000,2000,CHESTER,2 2 GLENDALE,1056,001104,0.00035192,exact_name,high,1.0
2000,2000,CHESTER,2 2 GLENDALE,1056,001107,0.00032189,exact_name,high,1.0
2000,2000,CHESTER,2 3 FRIENDSHIP,1060,001101,0.63972392,exact_name,high,1.0
2000,2000,CHESTER,2 3 FRIENDSHIP,1060,001105,0.36027608,exact_name,high,1.0
2000,2000,CHESTER,2 4 MIFFLIN,1052,001101,0.99993867,exact_name,high,1.0
2000,2000,CHESTER,2 4 MIFFLIN,1052,001107,6.133e-05,exact_name,high,1.0
2000,2000,CHESTER,3 2 MONTEZUMA,1080,001103,0.99231281,exact_name,high,1.0
2000,2000,CHESTER,3 2 MONTEZUMA,1080,001102,0.00652972,exact_name,high,1.0
2000,2000,CHESTER,3 2 MONTEZUMA,1080,001111,0.00084786,exact_name,high,1.0
2000,2000,CHESTER,3 2 MONTEZUMA,1080,001110,0.00030961,exact_name,high,1.0
2000,2000,CHESTER,3 4 MASSEYVILLE,1068,001111,0.9975054,exact_name,high,1.0
2000,2000,CHESTER,3 4 MASSEYVILLE,1068,001103,0.0024946,exact_name,high,1.0
2000,2000,CHESTER,3 5 WOODVILLE,1064,001111,0.99986171,exact_name,high,1.0
2000,2000,CHESTER,3 5 WOODVILLE,1064,001103,0.00013829,exact_name,high,1.0
2000,2000,CHESTER,3 6 DEANBURG,1076,001110,0.72308706,exact_name,high,1.0
2000,2000,CHESTER,3 6 DEANBURG,1076,001102,0.27651656,exact_name,high,1.0
2000,2000,CHESTER,3 6 DEANBURG,1076,001103,0.00039637,exact_name,high,1.0
2000,2000,CHESTER,4 WEST CHESTER,1084,001102,0.76060782,prefix_name,high,0.995
2000,2000,CHESTER,4 WEST CHESTER,1084,001106,0.06878372,prefix_name,high,0.995
2000,2000,CHESTER,4 WEST CHESTER,1084,001103,0.06289941,prefix_name,high,0.995
2000,2000,CHESTER,4 WEST CHESTER,1084,001105,0.04361365,prefix_name,high,0.995
2000,2000,CHESTER,4 WEST CHESTER,1084,001109,0.03780473,prefix_name,high,0.995
2000,2000,CHESTER,4 WEST CHESTER,1084,001104,0.02629066,prefix_name,high,0.995
2000,2000,CHESTER,5 EAST CHESTER,1088,001105,0.71332823,prefix_name,high,0.995
2000,2000,CHESTER,5 EAST CHESTER,1088,001102,0.27904806,prefix_name,high,0.995
2000,2000,CHESTER,5 EAST CHESTER,1088,001106,0.00739904,prefix_name,high,0.995
2000,2000,CHESTER,5 EAST CHESTER,1088,001101,0.00022467,prefix_name,high,0.995
2000,2000,CHESTER,6 CITY HALL,1092,001106,0.89006573,code_token_name,high,0.993
2000,2000,CHESTER,6 CITY HALL,1092,001105,0.09716333,code_token_name,high,0.993
2000,2000,CHESTER,6 CITY HALL,1092,001102,0.00988914,code_token_name,high,0.993
2000,2000,CHESTER,6 CITY HALL,1092,001109,0.0028818,code_token_name,high,0.993
2000,2000,CLAIBORNE,ARTHUR,1104,001201,0.80716152,exact_name,high,1.0
2000,2000,CLAIBORNE,ARTHUR,1104,001208,0.19121519,exact_name,high,1.0
2000,2000,CLAIBORNE,ARTHUR,1104,001204,0.00064805,exact_name,high,1.0
2000,2000,CLAIBORNE,ARTHUR,1104,001213,0.00059708,exact_name,high,1.0
2000,2000,CLAIBORNE,ARTHUR,1104,001202,0.00026709,exact_name,high,1.0
2000,2000,CLAIBORNE,ARTHUR,1104,001209,0.00011107,exact_name,high,1.0
2000,2000,CLAIBORNE,BIG SPRING UNION,1112,001203,0.99849553,exact_name,high,1.0
2000,2000,CLAIBORNE,BIG SPRING UNION,1112,001212,0.00085081,exact_name,high,1.0
2000,2000,CLAIBORNE,BIG SPRING UNION,1112,001204,0.00033299,exact_name,high,1.0
2000,2000,CLAIBORNE,BIG SPRING UNION,1112,001210,0.00032067,exact_name,high,1.0
2000,2000,CLAIBORNE,CLAIRFIELD,1116,001202,0.99965225,exact_name,high,1.0
2000,2000,CLAIBORNE,CLAIRFIELD,1116,001208,0.00019167,exact_name,high,1.0
2000,2000,CLAIBORNE,CLAIRFIELD,1116,001217,9.171e-05,exact_name,high,1.0
2000,2000,CLAIBORNE,CLAIRFIELD,1116,001209,3.813e-05,exact_name,high,1.0
2000,2000,CLAIBORNE,CLAIRFIELD,1116,001201,2.624e-05,exact_name,high,1.0
2000,2000,CLAIBORNE,CLOUDS,1120,001213,0.9979544,exact_name,high,1.0
2000,2000,CLAIBORNE,CLOUDS,1120,001201,0.00077935,exact_name,high,1.0
2000,2000,CLAIBORNE,CLOUDS,1120,001205,0.00041673,exact_name,high,1.0
2000,2000,CLAIBORNE,CLOUDS,1120,001206,0.00034486,exact_name,high,1.0
2000,2000,CLAIBORNE,CLOUDS,1120,001208,0.00021206,exact_name,high,1.0
2000,2000,CLAIBORNE,CLOUDS,1120,001204,0.00016954,exact_name,high,1.0
2000,2000,CLAIBORNE,CLOUDS,1120,001210,0.00012055,exact_name,high,1.0
2000,2000,CLAIBORNE,CLOUDS,1120,001211,2.51e-06,exact_name,high,1.0
2000,2000,CLAIBORNE,CUMBERLAND GAP,1124,001209,0.998546,exact_name,high,1.0
2000,2000,CLAIBORNE,CUMBERLAND GAP,1124,001204,0.00111907,exact_name,high,1.0
2000,2000,CLAIBORNE,CUMBERLAND GAP,1124,001202,0.0002265,exact_name,high,1.0
2000,2000,CLAIBORNE,CUMBERLAND GAP,1124,001201,0.00010843,exact_name,high,1.0
2000,2000,CLAIBORNE,GIBSON HALL,1128,001212,0.8783148,exact_name,high,1.0
2000,2000,CLAIBORNE,GIBSON HALL,1128,001210,0.11857831,exact_name,high,1.0
2000,2000,CLAIBORNE,GIBSON HALL,1128,001203,0.00199016,exact_name,high,1.0
2000,2000,CLAIBORNE,GIBSON HALL,1128,001216,0.00091489,exact_name,high,1.0
2000,2000,CLAIBORNE,GIBSON HALL,1128,001215,0.00020183,exact_name,high,1.0
2000,2000,CLAIBORNE,GOIN,1132,001205,0.88062164,exact_name,high,1.0
2000,2000,CLAIBORNE,GOIN,1132,001211,0.10148705,exact_name,high,1.0
2000,2000,CLAIBORNE,GOIN,1132,001213,0.01766499,exact_name,high,1.0
2000,2000,CLAIBORNE,GOIN,1132,001206,0.0001961,exact_name,high,1.0
2000,2000,CLAIBORNE,GOIN,1132,001217,2.33e-05,exact_name,high,1.0
2000,2000,CLAIBORNE,GOIN,1132,001208,6.91e-06,exact_name,high,1.0
2000,2000,CLAIBORNE,HARROGATE,1136,001204,0.99382615,exact_name,high,1.0
2000,2000,CLAIBORNE,HARROGATE,1136,001209,0.00485617,exact_name,high,1.0
2000,2000,CLAIBORNE,HARROGATE,1136,001201,0.00131769,exact_name,high,1.0
2000,2000,CLAIBORNE,LIBERTY,1144,001216,0.99811975,exact_name,high,1.0
2000,2000,CLAIBORNE,LIBERTY,1144,001212,0.00133437,exact_name,high,1.0
2000,2000,CLAIBORNE,LIBERTY,1144,001215,0.00054399,exact_name,high,1.0
2000,2000,CLAIBORNE,LIBERTY,1144,001214,1.89e-06,exact_name,high,1.0
2000,2000,CLAIBORNE,LONE MOUNTAIN,1148,001207,0.96708027,exact_name,high,1.0
2000,2000,CLAIBORNE,LONE MOUNTAIN,1148,001215,0.0304389,exact_name,high,1.0
2000,2000,CLAIBORNE,LONE MOUNTAIN,1148,001210,0.00113494,exact_name,high,1.0
2000,2000,CLAIBORNE,LONE MOUNTAIN,1148,001206,0.00106088,exact_name,high,1.0
2000,2000,CLAIBORNE,LONE MOUNTAIN,1148,001211,0.00028501,exact_name,high,1.0
2000,2000,CLAIBORNE,NEW TAZEWELL,1152,001206,0.99466416,exact_name,high,1.0
2000,2000,CLAIBORNE,NEW TAZEWELL,1152,001207,0.00272333,exact_name,high,1.0
2000,2000,CLAIBORNE,NEW TAZEWELL,1152,001213,0.00127278,exact_name,high,1.0
2000,2000,CLAIBORNE,NEW TAZEWELL,1152,001210,0.00074114,exact_name,high,1.0
2000,2000,CLAIBORNE,NEW TAZEWELL,1152,001211,0.00059859,exact_name,high,1.0
2000,2000,CLAIBORNE,NORTH BACCHUS,1109,001204,0.64620924,exact_name,high,1.0
2000,2000,CLAIBORNE,NORTH BACCHUS,1109,001210,0.35042442,exact_name,high,1.0
2000,2000,CLAIBORNE,NORTH BACCHUS,1109,001203,0.00336634,exact_name,high,1.0
2000,2000,CLAIBORNE,ROGERS MILL,1156,001217,0.99931174,exact_name,high,1.0
2000,2000,CLAIBORNE,ROGERS MILL,1156,001208,0.00048667,exact_name,high,1.0
2000,2000,CLAIBORNE,ROGERS MILL,1156,001202,0.00016811,exact_name,high,1.0
2000,2000,CLAIBORNE,ROGERS MILL,1156,001205,3.348e-05,exact_name,high,1.0
2000,2000,CLAIBORNE,SANDLICK,1160,001211,0.99644791,exact_name,high,1.0
2000,2000,CLAIBORNE,SANDLICK,1160,001206,0.00275881,exact_name,high,1.0
2000,2000,CLAIBORNE,SANDLICK,1160,001205,0.00059423,exact_name,high,1.0
2000,2000,CLAIBORNE,SANDLICK,1160,001207,0.00019905,exact_name,high,1.0
2000,2000,CLAIBORNE,SHAWANEE,1164,001204,0.99196471,exact_name,high,1.0
2000,2000,CLAIBORNE,SHAWANEE,1164,001203,0.00656245,exact_name,high,1.0
2000,2000,CLAIBORNE,SHAWANEE,1164,001201,0.00147283,exact_name,high,1.0
2000,2000,CLAIBORNE,SOUTH BACCHUS,1108,001204,0.59629458,exact_name,high,1.0
2000,2000,CLAIBORNE,SOUTH BACCHUS,1108,001213,0.36117327,exact_name,high,1.0
2000,2000,CLAIBORNE,SOUTH BACCHUS,1108,001210,0.04121093,exact_name,high,1.0
2000,2000,CLAIBORNE,SOUTH BACCHUS,1108,001201,0.00132123,exact_name,high,1.0
2000,2000,CLAIBORNE,SPRINGDALE,1168,001215,0.98377861,exact_name,high,1.0
2000,2000,CLAIBORNE,SPRINGDALE,1168,001210,0.01144998,exact_name,high,1.0
2000,2000,CLAIBORNE,SPRINGDALE,1168,001216,0.00362444,exact_name,high,1.0
2000,2000,CLAIBORNE,SPRINGDALE,1168,001214,0.00077604,exact_name,high,1.0
2000,2000,CLAIBORNE,SPRINGDALE,1168,001212,0.00026766,exact_name,high,1.0
2000,2000,CLAIBORNE,SPRINGDALE,1168,001207,0.00010328,exact_name,high,1.0
2000,2000,CLAIBORNE,TAZEWELL,1172,001210,0.82266766,exact_name,high,1.0
2000,2000,CLAIBORNE,TAZEWELL,1172,001204,0.10269526,exact_name,high,1.0
2000,2000,CLAIBORNE,TAZEWELL,1172,001215,0.07391641,exact_name,high,1.0
2000,2000,CLAIBORNE,TAZEWELL,1172,001206,0.00036463,exact_name,high,1.0
2000,2000,CLAIBORNE,TAZEWELL,1172,001213,0.00024643,exact_name,high,1.0
2000,2000,CLAIBORNE,TAZEWELL,1172,001212,6.324e-05,exact_name,high,1.0
2000,2000,CLAIBORNE,TAZEWELL,1172,001207,4.638e-05,exact_name,high,1.0
2000,2000,CLAY,1 DENTON CROSS R,1180,001303,0.93700597,code_token_name,high,0.993
2000,2000,CLAY,1 DENTON CROSS R,1180,001307,0.06240009,code_token_name,high,0.993
2000,2000,CLAY,1 DENTON CROSS R,1180,001302,0.00059394,code_token_name,high,0.993
2000,2000,CLAY,2 HERMITAGE SPRIN,1190,001307,0.99976307,code_token_name,high,0.993
2000,2000,CLAY,2 HERMITAGE SPRIN,1190,001303,0.00023693,code_token_name,high,0.993
2000,2000,CLAY,3 CELINA,1196,001305,0.99403486,exact_name,high,1.0
2000,2000,CLAY,3 CELINA,1196,001306,0.00580174,exact_name,high,1.0
2000,2000,CLAY,3 CELINA,1196,001302,0.0001634,exact_name,high,1.0
2000,2000,CLAY,4 1 MAPLE GROVE,1210,001301,0.99966467,exact_name,high,1.0
2000,2000,CLAY,4 1 MAPLE GROVE,1210,001304,0.00023746,exact_name,high,1.0
2000,2000,CLAY,4 1 MAPLE GROVE,1210,001306,9.787e-05,exact_name,high,1.0
2000,2000,CLAY,4 2 BUTLERS LANDIN,1210,001301,0.99966467,code_token_name,high,0.993
2000,2000,CLAY,4 2 BUTLERS LANDIN,1210,001304,0.00023746,code_token_name,high,0.993
2000,2000,CLAY,4 2 BUTLERS LANDIN,1210,001306,9.787e-05,code_token_name,high,0.993
2000,2000,CLAY,5 1 PEA RIDGE,1220,001304,0.94045924,exact_name,high,1.0
2000,2000,CLAY,5 1 PEA RIDGE,1220,001306,0.0589368,exact_name,high,1.0
2000,2000,CLAY,5 1 PEA RIDGE,1220,001301,0.00060396,exact_name,high,1.0
2000,2000,CLAY,5 2 FREE HILLS,1223,001304,0.79173695,exact_name,high,1.0
2000,2000,CLAY,5 2 FREE HILLS,1223,001305,0.20379759,exact_name,high,1.0
2000,2000,CLAY,5 2 FREE HILLS,1223,001302,0.00388738,exact_name,high,1.0
2000,2000,CLAY,5 2 FREE HILLS,1223,001306,0.00057809,exact_name,high,1.0
2000,2000,CLAY,5 3 ARCOT BEECH B,1220,001304,0.94045924,code_token_name,high,0.993
2000,2000,CLAY,5 3 ARCOT BEECH B,1220,001306,0.0589368,code_token_name,high,0.993
2000,2000,CLAY,5 3 ARCOT BEECH B,1220,001301,0.00060396,code_token_name,high,0.993
2000,2000,COCKE,01 BRIDGEPORT,0001,0001,1.0,token_vtd,high,1.0
2000,2000,COCKE,02 COCKE CO HIGH,0002,0002,1.0,token_vtd,high,1.0
2000,2000,COCKE,03 CENTRAL,0003,0003,1.0,token_vtd,high,1.0
2000,2000,COCKE,04 COSBY,0004,0004,1.0,token_vtd,high,1.0
2000,2000,COCKE,05 CENTERVIEW,0005,0005,1.0,token_vtd,high,1.0
2000,2000,COCKE,06 DEL RIO,0006,0006,1.0,token_vtd,high,1.0
2000,2000,COCKE,07 EDGEMONT,0007,0007,1.0,token_vtd,high,1.0
2000,2000,COCKE,08 EDWINA,0008,0008,1.0,token_vtd,high,1.0
2000,2000,COCKE,09 FOREST HILL,0009,0009,1.0,token_vtd,high,1.0
2000,2000,COCKE,10 GRASSY FORK,0010,0010,1.0,token_vtd,high,1.0
2000,2000,COCKE,11 HOUSTON VALLE,0011,0011,1.0,token_vtd,high,1.0
2000,2000,COCKE,12 LONG CREEK,0012,0012,1.0,token_vtd,high,1.0
2000,2000,COCKE,13 NEWPORT GRAM,0013,0013,1.0,token_vtd,high,1.0
2000,2000,COCKE,14 NORTHPORT,0014,0014,1.0,token_vtd,high,1.0
2000,2000,COCKE,15 PARROTTSVILLE,0015,0015,1.0,token_vtd,high,1.0
2000,2000,COCKE,16 RANKIN,0016,0016,1.0,token_vtd,high,1.0
2000,2000,COCKE,17 SMOKY MTN,0017,0017,1.0,token_vtd,high,1.0
2000,2000,COCKE,18 WEST END,0018,0018,1.0,token_vtd,high,1.0
2000,2000,COFFEE,01 1 COLLEGE ST,1328,001501,0.8916415,code_token_name,high,0.993
2000,2000,COFFEE,01 1 COLLEGE ST,1328,001502,0.08014762,code_token_name,high,0.993
2000,2000,COFFEE,01 1 COLLEGE ST,1328,001511,0.01695753,code_token_name,high,0.993
2000,2000,COFFEE,01 1 COLLEGE ST,1328,001510,0.01045394,code_token_name,high,0.993
2000,2000,COFFEE,01 1 COLLEGE ST,1328,001512,0.00061276,code_token_name,high,0.993
2000,2000,COFFEE,01 1 COLLEGE ST,1328,001508,0.000173,code_token_name,high,0.993
2000,2000,COFFEE,01 1 COLLEGE ST,1328,001504,1.365e-05,code_token_name,high,0.993
2000,2000,COFFEE,02 1 WESTWOOD JR,1376,001502,0.92745794,code_token_name,high,0.993
2000,2000,COFFEE,02 1 WESTWOOD JR,1376,001501,0.06327034,code_token_name,high,0.993
2000,2000,COFFEE,02 1 WESTWOOD JR,1376,001514,0.00431398,code_token_name,high,0.993
2000,2000,COFFEE,02 1 WESTWOOD JR,1376,001512,0.00393956,code_token_name,high,0.993
2000,2000,COFFEE,02 1 WESTWOOD JR,1376,001503,0.00099701,code_token_name,high,0.993
2000,2000,COFFEE,02 1 WESTWOOD JR,1376,001504,2.116e-05,code_token_name,high,0.993
2000,2000,COFFEE,03 1 CENTRAL HIGH,1330,001503,0.75154075,code_token_name,high,0.993
2000,2000,COFFEE,03 1 CENTRAL HIGH,1330,001504,0.21842543,code_token_name,high,0.993
2000,2000,COFFEE,03 1 CENTRAL HIGH,1330,001502,0.02069896,code_token_name,high,0.993
2000,2000,COFFEE,03 1 CENTRAL HIGH,1330,001506,0.0093204,code_token_name,high,0.993
2000,2000,COFFEE,03 1 CENTRAL HIGH,1330,001514,1.446e-05,code_token_name,high,0.993
2000,2000,COFFEE,04 1 MIDDLE SCHOO,1334,001501,0.5486568,code_token_name,high,0.993
2000,2000,COFFEE,04 1 MIDDLE SCHOO,1334,001504,0.44494781,code_token_name,high,0.993
2000,2000,COFFEE,04 1 MIDDLE SCHOO,1334,001506,0.00335742,code_token_name,high,0.993
2000,2000,COFFEE,04 1 MIDDLE SCHOO,1334,001507,0.00262518,code_token_name,high,0.993
2000,2000,COFFEE,04 1 MIDDLE SCHOO,1334,001503,0.00040157,code_token_name,high,0.993
2000,2000,COFFEE,04 1 MIDDLE SCHOO,1334,001502,1.122e-05,code_token_name,high,0.993
2000,2000,COFFEE,05 1 HILLSBORO,1352,001505,0.60786881,code_token_name,high,0.993
2000,2000,COFFEE,05 1 HILLSBORO,1352,001514,0.25009838,code_token_name,high,0.993
2000,2000,COFFEE,05 1 HILLSBORO,1352,001506,0.14201453,code_token_name,high,0.993
2000,2000,COFFEE,05 1 HILLSBORO,1352,001517,1.399e-05,code_token_name,high,0.993
2000,2000,COFFEE,05 1 HILLSBORO,1352,001519,3.68e-06,code_token_name,high,0.993
2000,2000,COFFEE,05 1 HILLSBORO,1352,001503,6.1e-07,code_token_name,high,0.993
2000,2000,COFFEE,06 1 ASBURY CC,1338,001506,0.61837259,code_token_name,high,0.993
2000,2000,COFFEE,06 1 ASBURY CC,1338,001505,0.33050404,code_token_name,high,0.993
2000,2000,COFFEE,06 1 ASBURY CC,1338,001504,0.02847454,code_token_name,high,0.993
2000,2000,COFFEE,06 1 ASBURY CC,1338,001507,0.02222809,code_token_name,high,0.993
2000,2000,COFFEE,06 1 ASBURY CC,1338,001503,0.00025883,code_token_name,high,0.993
2000,2000,COFFEE,06 1 ASBURY CC,1338,001514,0.00011172,code_token_name,high,0.993
2000,2000,COFFEE,06 1 ASBURY CC,1338,001501,5.018e-05,code_token_name,high,0.993
2000,2000,COFFEE,07 1 E COFFEE,1336,001507,0.92036344,code_token_name,high,0.993
2000,2000,COFFEE,07 1 E COFFEE,1336,001523,0.03898086,code_token_name,high,0.993
2000,2000,COFFEE,07 1 E COFFEE,1336,001508,0.02494599,code_token_name,high,0.993
2000,2000,COFFEE,07 1 E COFFEE,1336,001501,0.01321535,code_token_name,high,0.993
2000,2000,COFFEE,07 1 E COFFEE,1336,001506,0.00245329,code_token_name,high,0.993
2000,2000,COFFEE,07 1 E COFFEE,1336,001505,4.107e-05,code_token_name,high,0.993
2000,2000,COFFEE,08 1 NEW UNION FIR,1364,001508,0.65852719,code_token_name,high,0.993
2000,2000,COFFEE,08 1 NEW UNION FIR,1364,001510,0.21610219,code_token_name,high,0.993
2000,2000,COFFEE,08 1 NEW UNION FIR,1364,001509,0.10350761,code_token_name,high,0.993
2000,2000,COFFEE,08 1 NEW UNION FIR,1364,001511,0.02136484,code_token_name,high,0.993
2000,2000,COFFEE,08 1 NEW UNION FIR,1364,001501,0.00037932,code_token_name,high,0.993
2000,2000,COFFEE,08 1 NEW UNION FIR,1364,001523,0.00011328,code_token_name,high,0.993
2000,2000,COFFEE,08 1 NEW UNION FIR,1364,001507,5.57e-06,code_token_name,high,0.993
2000,2000,COFFEE,09 1 POCAHONTAS,1342,001522,0.69394628,code_token_name,high,0.993
2000,2000,COFFEE,09 1 POCAHONTAS,1342,001508,0.30575047,code_token_name,high,0.993
2000,2000,COFFEE,09 1 POCAHONTAS,1342,001523,0.00015951,code_token_name,high,0.993
2000,2000,COFFEE,09 1 POCAHONTAS,1342,001509,0.00014373,code_token_name,high,0.993
2000,2000,COFFEE,09 2 SUMMITVILLE,1342,001522,0.69394628,code_token_name,high,0.993
2000,2000,COFFEE,09 2 SUMMITVILLE,1342,001508,0.30575047,code_token_name,high,0.993
2000,2000,COFFEE,09 2 SUMMITVILLE,1342,001523,0.00015951,code_token_name,high,0.993
2000,2000,COFFEE,09 2 SUMMITVILLE,1342,001509,0.00014373,code_token_name,high,0.993
2000,2000,COFFEE,10 1 GOOSEPOND,1344,001509,0.51278474,prefix_name,high,0.995
2000,2000,COFFEE,10 1 GOOSEPOND,1344,001508,0.25695793,prefix_name,high,0.995
2000,2000,COFFEE,10 1 GOOSEPOND,1344,001522,0.23025615,prefix_name,high,0.995
2000,2000,COFFEE,10 1 GOOSEPOND,1344,001510,1.18e-06,prefix_name,high,0.995
2000,2000,COFFEE,10 2 NOAH CC,1344,001509,0.51278474,code_token_name,high,0.993
2000,2000,COFFEE,10 2 NOAH CC,1344,001508,0.25695793,code_token_name,high,0.993
2000,2000,COFFEE,10 2 NOAH CC,1344,001522,0.23025615,code_token_name,high,0.993
2000,2000,COFFEE,10 2 NOAH CC,1344,001510,1.18e-06,code_token_name,high,0.993
2000,2000,COFFEE,11 1 NORTH COFFEE,1350,001511,0.77733461,code_token_name,high,0.993
2000,2000,COFFEE,11 1 NORTH COFFEE,1350,001512,0.11007995,code_token_name,high,0.993
2000,2000,COFFEE,11 1 NORTH COFFEE,1350,001510,0.10823608,code_token_name,high,0.993
2000,2000,COFFEE,11 1 NORTH COFFEE,1350,001501,0.00357649,code_token_name,high,0.993
2000,2000,COFFEE,11 1 NORTH COFFEE,1350,001502,0.00051913,code_token_name,high,0.993
2000,2000,COFFEE,11 1 NORTH COFFEE,1350,001514,0.00017523,code_token_name,high,0.993
2000,2000,COFFEE,11 1 NORTH COFFEE,1350,001509,7.85e-05,code_token_name,high,0.993
2000,2000,COFFEE,12 1 BLANTON S CHP,1324,001512,0.62473974,code_token_name,high,0.993
2000,2000,COFFEE,12 1 BLANTON S CHP,1324,001511,0.26308797,code_token_name,high,0.993
2000,2000,COFFEE,12 1 BLANTON S CHP,1324,001514,0.10854915,code_token_name,high,0.993
2000,2000,COFFEE,12 1 BLANTON S CHP,1324,001502,0.00313702,code_token_name,high,0.993
2000,2000,COFFEE,12 1 BLANTON S CHP,1324,001513,0.00048613,code_token_name,high,0.993
2000,2000,COFFEE,12 2 JONES,1354,001513,0.89606772,prefix_name,high,0.995
2000,2000,COFFEE,12 2 JONES,1354,001518,0.09063684,prefix_name,high,0.995
2000,2000,COFFEE,12 2 JONES,1354,001515,0.0118093,prefix_name,high,0.995
2000,2000,COFFEE,12 2 JONES,1354,001512,0.0009678,prefix_name,high,0.995
2000,2000,COFFEE,12 2 JONES,1354,001516,0.00051834,prefix_name,high,0.995
2000,2000,COFFEE,13 1 HICKERSON,1348,001514,0.79052311,prefix_name,high,0.995
2000,2000,COFFEE,13 1 HICKERSON,1348,001513,0.12105451,prefix_name,high,0.995
2000,2000,COFFEE,13 1 HICKERSON,1348,001503,0.04500938,prefix_name,high,0.995
2000,2000,COFFEE,13 1 HICKERSON,1348,001512,0.03909751,prefix_name,high,0.995
2000,2000,COFFEE,13 1 HICKERSON,1348,001516,0.00299271,prefix_name,high,0.995
2000,2000,COFFEE,13 1 HICKERSON,1348,001517,0.00132136,prefix_name,high,0.995
2000,2000,COFFEE,13 1 HICKERSON,1348,001502,1.42e-06,prefix_name,high,0.995
2000,2000,COFFEE,14 1 DW WILSON,1332,001518,0.86040589,code_token_name,high,0.993
2000,2000,COFFEE,14 1 DW WILSON,1332,001520,0.13567692,code_token_name,high,0.993
2000,2000,COFFEE,14 1 DW WILSON,1332,001513,0.00357335,code_token_name,high,0.993
2000,2000,COFFEE,14 1 DW WILSON,1332,001515,0.00032755,code_token_name,high,0.993
2000,2000,COFFEE,14 1 DW WILSON,1332,001516,1.131e-05,code_token_name,high,0.993
2000,2000,COFFEE,14 1 DW WILSON,1332,001521,3.1e-06,code_token_name,high,0.993
2000,2000,COFFEE,14 1 DW WILSON,1332,001519,1.88e-06,code_token_name,high,0.993
2000,2000,COFFEE,15 1 GRACE BAPTIST,1356,001515,0.77763389,prefix_name,high,0.995
2000,2000,COFFEE,15 1 GRACE BAPTIST,1356,001518,0.21093879,prefix_name,high,0.995
2000,2000,COFFEE,15 1 GRACE BAPTIST,1356,001513,0.01092671,prefix_name,high,0.995
2000,2000,COFFEE,15 1 GRACE BAPTIST,1356,001516,0.00050061,prefix_name,high,0.995
2000,2000,COFFEE,16 1 LIONS CLUB,1360,001516,0.80688668,exact_name,high,1.0
2000,2000,COFFEE,16 1 LIONS CLUB,1360,001514,0.07706302,exact_name,high,1.0
2000,2000,COFFEE,16 1 LIONS CLUB,1360,001515,0.07537917,exact_name,high,1.0
2000,2000,COFFEE,16 1 LIONS CLUB,1360,001513,0.03997162,exact_name,high,1.0
2000,2000,COFFEE,16 1 LIONS CLUB,1360,001517,0.00068297,exact_name,high,1.0
2000,2000,COFFEE,16 1 LIONS CLUB,1360,001518,1.537e-05,exact_name,high,1.0
2000,2000,COFFEE,16 1 LIONS CLUB,1360,001519,1.17e-06,exact_name,high,1.0
2000,2000,COFFEE,17 1 NATIONAL GUAR,1358,001517,0.94042522,code_token_name,high,0.993
2000,2000,COFFEE,17 1 NATIONAL GUAR,1358,001514,0.05710619,code_token_name,high,0.993
2000,2000,COFFEE,17 1 NATIONAL GUAR,1358,001516,0.00242676,code_token_name,high,0.993
2000,2000,COFFEE,17 1 NATIONAL GUAR,1358,001519,4.184e-05,code_token_name,high,0.993
2000,2000,COFFEE,18 1 E LINCOLN,1340,001519,0.50919568,prefix_name,high,0.995
2000,2000,COFFEE,18 1 E LINCOLN,1340,001517,0.38869776,prefix_name,high,0.995
2000,2000,COFFEE,18 1 E LINCOLN,1340,001518,0.08478446,prefix_name,high,0.995
2000,2000,COFFEE,18 1 E LINCOLN,1340,001516,0.01188256,prefix_name,high,0.995
2000,2000,COFFEE,18 1 E LINCOLN,1340,001514,0.00543954,prefix_name,high,0.995
2000,2000,COFFEE,19 1 WEST MIDDLE,1372,001519,0.85877465,prefix_name,high,0.995
2000,2000,COFFEE,19 1 WEST MIDDLE,1372,001520,0.14122213,prefix_name,high,0.995
2000,2000,COFFEE,19 1 WEST MIDDLE,1372,001518,3.22e-06,prefix_name,high,0.995
2000,2000,COFFEE,20 1 BEL AIRE,1320,001520,0.82000687,prefix_name,high,0.995
2000,2000,COFFEE,20 1 BEL AIRE,1320,001521,0.17998377,prefix_name,high,0.995
2000,2000,COFFEE,20 1 BEL AIRE,1320,001518,9.37e-06,prefix_name,high,0.995
2000,2000,COFFEE,21 1 TULLAHOMA HI,1362,001518,0.53818384,code_token_name,high,0.993
2000,2000,COFFEE,21 1 TULLAHOMA HI,1362,001521,0.46170202,code_token_name,high,0.993
2000,2000,COFFEE,21 1 TULLAHOMA HI,1362,001520,0.00011414,code_token_name,high,0.993
2000,2000,CROCKETT,01,0001,0001,1.0,exact_name,high,1.0
2000,2000,CROCKETT,02,0002,0002,1.0,exact_name,high,1.0
2000,2000,CROCKETT,03,0003,0003,1.0,exact_name,high,1.0
2000,2000,CROCKETT,04,0004,0004,1.0,exact_name,high,1.0
2000,2000,CROCKETT,05,0005,0005,1.0,exact_name,high,1.0
2000,2000,CROCKETT,06,0006,0006,1.0,exact_name,high,1.0
2000,2000,CROCKETT,07,0007,0007,1.0,exact_name,high,1.0
2000,2000,CROCKETT,08,0008,0008,1.0,exact_name,high,1.0
2000,2000,CROCKETT,09,0009,0009,1.0,exact_name,high,1.0
2000,2000,CROCKETT,10,1388,001605,0.86259902,exact_name,high,1.0
2000,2000,CROCKETT,10,1388,001606,0.1362874,exact_name,high,1.0
2000,2000,CROCKETT,10,1388,001604,0.00111358,exact_name,high,1.0
2000,2000,CROCKETT,11,1392,001606,0.62036375,exact_name,high,1.0
2000,2000,CROCKETT,11,1392,001607,0.32508496,exact_name,high,1.0
2000,2000,CROCKETT,11,1392,001612,0.04107347,exact_name,high,1.0
2000,2000,CROCKETT,11,1392,001605,0.01346215,exact_name,high,1.0
2000,2000,CROCKETT,11,1392,001611,1.566e-05,exact_name,high,1.0
2000,2000,CROCKETT,12,1396,001607,0.64189788,exact_name,high,1.0
2000,2000,CROCKETT,12,1396,001612,0.35810212,exact_name,high,1.0
2000,2000,CUMBERLAND,01 1 CUMBERLAND H,1432,001705,0.87672403,code_token_name,high,0.993
2000,2000,CUMBERLAND,01 1 CUMBERLAND H,1432,001704,0.12194338,code_token_name,high,0.993
2000,2000,CUMBERLAND,01 1 CUMBERLAND H,1432,001719,0.00133258,code_token_name,high,0.993
2000,2000,CUMBERLAND,01 2 CROSS CITY SC,1432,001705,0.87672403,code_token_name,high,0.993
2000,2000,CUMBERLAND,01 2 CROSS CITY SC,1432,001704,0.12194338,code_token_name,high,0.993
2000,2000,CUMBERLAND,01 2 CROSS CITY SC,1432,001719,0.00133258,code_token_name,high,0.993
2000,2000,CUMBERLAND,02 1 COMM COMPLE,1440,001704,0.9791501,code_token_name,high,0.993
2000,2000,CUMBERLAND,02 1 COMM COMPLE,1440,001707,0.01904023,code_token_name,high,0.993
2000,2000,CUMBERLAND,02 1 COMM COMPLE,1440,001705,0.00130142,code_token_name,high,0.993
2000,2000,CUMBERLAND,02 1 COMM COMPLE,1440,001716,0.00050824,code_token_name,high,0.993
2000,2000,CUMBERLAND,02 2 ART CIR LIBRAR,1440,001704,0.9791501,code_token_name,high,0.993
2000,2000,CUMBERLAND,02 2 ART CIR LIBRAR,1440,001707,0.01904023,code_token_name,high,0.993
2000,2000,CUMBERLAND,02 2 ART CIR LIBRAR,1440,001705,0.00130142,code_token_name,high,0.993
2000,2000,CUMBERLAND,02 2 ART CIR LIBRAR,1440,001716,0.00050824,code_token_name,high,0.993
2000,2000,CUMBERLAND,03 1 DORTON,1448,001711,0.97748105,code_token_name,high,0.993
2000,2000,CUMBERLAND,03 1 DORTON,1448,001713,0.01978171,code_token_name,high,0.993
2000,2000,CUMBERLAND,03 1 DORTON,1448,001707,0.00093449,code_token_name,high,0.993
2000,2000,CUMBERLAND,03 1 DORTON,1448,001710,0.00060827,code_token_name,high,0.993
2000,2000,CUMBERLAND,03 1 DORTON,1448,001706,0.00037201,code_token_name,high,0.993
2000,2000,CUMBERLAND,03 1 DORTON,1448,001705,0.00035907,code_token_name,high,0.993
2000,2000,CUMBERLAND,03 1 DORTON,1448,001722,0.00024149,code_token_name,high,0.993
2000,2000,CUMBERLAND,03 1 DORTON,1448,001712,0.00011834,code_token_name,high,0.993
2000,2000,CUMBERLAND,03 1 DORTON,1448,001703,0.00010357,code_token_name,high,0.993
2000,2000,CUMBERLAND,03 2 HOMESTEAD,1448,001711,0.97748105,code_token_name,high,0.993
2000,2000,CUMBERLAND,03 2 HOMESTEAD,1448,001713,0.01978171,code_token_name,high,0.993
2000,2000,CUMBERLAND,03 2 HOMESTEAD,1448,001707,0.00093449,code_token_name,high,0.993
2000,2000,CUMBERLAND,03 2 HOMESTEAD,1448,001710,0.00060827,code_token_name,high,0.993
2000,2000,CUMBERLAND,03 2 HOMESTEAD,1448,001706,0.00037201,code_token_name,high,0.993
2000,2000,CUMBERLAND,03 2 HOMESTEAD,1448,001705,0.00035907,code_token_name,high,0.993
2000,2000,CUMBERLAND,03 2 HOMESTEAD,1448,001722,0.00024149,code_token_name,high,0.993
2000,2000,CUMBERLAND,03 2 HOMESTEAD,1448,001712,0.00011834,code_token_name,high,0.993
2000,2000,CUMBERLAND,03 2 HOMESTEAD,1448,001703,0.00010357,code_token_name,high,0.993
2000,2000,CUMBERLAND,03 3 BIG LICK,1448,001711,0.97748105,code_token_name,high,0.993
2000,2000,CUMBERLAND,03 3 BIG LICK,1448,001713,0.01978171,code_token_name,high,0.993
2000,2000,CUMBERLAND,03 3 BIG LICK,1448,001707,0.00093449,code_token_name,high,0.993
2000,2000,CUMBERLAND,03 3 BIG LICK,1448,001710,0.00060827,code_token_name,high,0.993
2000,2000,CUMBERLAND,03 3 BIG LICK,1448,001706,0.00037201,code_token_name,high,0.993
2000,2000,CUMBERLAND,03 3 BIG LICK,1448,001705,0.00035907,code_token_name,high,0.993
2000,2000,CUMBERLAND,03 3 BIG LICK,1448,001722,0.00024149,code_token_name,high,0.993
2000,2000,CUMBERLAND,03 3 BIG LICK,1448,001712,0.00011834,code_token_name,high,0.993
2000,2000,CUMBERLAND,03 3 BIG LICK,1448,001703,0.00010357,code_token_name,high,0.993
2000,2000,CUMBERLAND,03 4 LINARY,1448,001711,0.97748105,code_token_name,high,0.993
2000,2000,CUMBERLAND,03 4 LINARY,1448,001713,0.01978171,code_token_name,high,0.993
2000,2000,CUMBERLAND,03 4 LINARY,1448,001707,0.00093449,code_token_name,high,0.993
2000,2000,CUMBERLAND,03 4 LINARY,1448,001710,0.00060827,code_token_name,high,0.993
2000,2000,CUMBERLAND,03 4 LINARY,1448,001706,0.00037201,code_token_name,high,0.993
2000,2000,CUMBERLAND,03 4 LINARY,1448,001705,0.00035907,code_token_name,high,0.993
2000,2000,CUMBERLAND,03 4 LINARY,1448,001722,0.00024149,code_token_name,high,0.993
2000,2000,CUMBERLAND,03 4 LINARY,1448,001712,0.00011834,code_token_name,high,0.993
2000,2000,CUMBERLAND,03 4 LINARY,1448,001703,0.00010357,code_token_name,high,0.993
2000,2000,CUMBERLAND,04 1 BAKERS,1464,001721,0.99628442,code_token_name,high,0.993
2000,2000,CUMBERLAND,04 1 BAKERS,1464,001724,0.00187109,code_token_name,high,0.993
2000,2000,CUMBERLAND,04 1 BAKERS,1464,001716,0.00178218,code_token_name,high,0.993
2000,2000,CUMBERLAND,04 1 BAKERS,1464,001701,6.23e-05,code_token_name,high,0.993
2000,2000,CUMBERLAND,04 2 OAK HILL,1464,001721,0.99628442,code_token_name,high,0.993
2000,2000,CUMBERLAND,04 2 OAK HILL,1464,001724,0.00187109,code_token_name,high,0.993
2000,2000,CUMBERLAND,04 2 OAK HILL,1464,001716,0.00178218,code_token_name,high,0.993
2000,2000,CUMBERLAND,04 2 OAK HILL,1464,001701,6.23e-05,code_token_name,high,0.993
2000,2000,CUMBERLAND,04 3 TABOR,1464,001721,0.99628442,code_token_name,high,0.993
2000,2000,CUMBERLAND,04 3 TABOR,1464,001724,0.00187109,code_token_name,high,0.993
2000,2000,CUMBERLAND,04 3 TABOR,1464,001716,0.00178218,code_token_name,high,0.993
2000,2000,CUMBERLAND,04 3 TABOR,1464,001701,6.23e-05,code_token_name,high,0.993
2000,2000,CUMBERLAND,05 1 LANTANA,1482,001712,0.96589333,code_token_name,high,0.993
2000,2000,CUMBERLAND,05 1 LANTANA,1482,001711,0.02993085,code_token_name,high,0.993
2000,2000,CUMBERLAND,05 1 LANTANA,1482,001705,0.00164117,code_token_name,high,0.993
2000,2000,CUMBERLAND,05 1 LANTANA,1482,001719,0.00145725,code_token_name,high,0.993
2000,2000,CUMBERLAND,05 1 LANTANA,1482,001718,0.00045195,code_token_name,high,0.993
2000,2000,CUMBERLAND,05 1 LANTANA,1482,001722,0.00041544,code_token_name,high,0.993
2000,2000,CUMBERLAND,05 1 LANTANA,1482,001723,0.00012405,code_token_name,high,0.993
2000,2000,CUMBERLAND,05 1 LANTANA,1482,001715,8.596e-05,code_token_name,high,0.993
2000,2000,CUMBERLAND,05 2 MIDWAY,1482,001712,0.96589333,code_token_name,high,0.993
2000,2000,CUMBERLAND,05 2 MIDWAY,1482,001711,0.02993085,code_token_name,high,0.993
2000,2000,CUMBERLAND,05 2 MIDWAY,1482,001705,0.00164117,code_token_name,high,0.993
2000,2000,CUMBERLAND,05 2 MIDWAY,1482,001719,0.00145725,code_token_name,high,0.993
2000,2000,CUMBERLAND,05 2 MIDWAY,1482,001718,0.00045195,code_token_name,high,0.993
2000,2000,CUMBERLAND,05 2 MIDWAY,1482,001722,0.00041544,code_token_name,high,0.993
2000,2000,CUMBERLAND,05 2 MIDWAY,1482,001723,0.00012405,code_token_name,high,0.993
2000,2000,CUMBERLAND,05 2 MIDWAY,1482,001715,8.596e-05,code_token_name,high,0.993
2000,2000,CUMBERLAND,05 3 TANSI,1482,001712,0.96589333,code_token_name,high,0.993
2000,2000,CUMBERLAND,05 3 TANSI,1482,001711,0.02993085,code_token_name,high,0.993
2000,2000,CUMBERLAND,05 3 TANSI,1482,001705,0.00164117,code_token_name,high,0.993
2000,2000,CUMBERLAND,05 3 TANSI,1482,001719,0.00145725,code_token_name,high,0.993
2000,2000,CUMBERLAND,05 3 TANSI,1482,001718,0.00045195,code_token_name,high,0.993
2000,2000,CUMBERLAND,05 3 TANSI,1482,001722,0.00041544,code_token_name,high,0.993
2000,2000,CUMBERLAND,05 3 TANSI,1482,001723,0.00012405,code_token_name,high,0.993
2000,2000,CUMBERLAND,05 3 TANSI,1482,001715,8.596e-05,code_token_name,high,0.993
2000,2000,CUMBERLAND,05 4 VANDEVER,1482,001712,0.96589333,code_token_name,high,0.993
2000,2000,CUMBERLAND,05 4 VANDEVER,1482,001711,0.02993085,code_token_name,high,0.993
2000,2000,CUMBERLAND,05 4 VANDEVER,1482,001705,0.00164117,code_token_name,high,0.993
2000,2000,CUMBERLAND,05 4 VANDEVER,1482,001719,0.00145725,code_token_name,high,0.993
2000,2000,CUMBERLAND,05 4 VANDEVER,1482,001718,0.00045195,code_token_name,high,0.993
2000,2000,CUMBERLAND,05 4 VANDEVER,1482,001722,0.00041544,code_token_name,high,0.993
2000,2000,CUMBERLAND,05 4 VANDEVER,1482,001723,0.00012405,code_token_name,high,0.993
2000,2000,CUMBERLAND,05 4 VANDEVER,1482,001715,8.596e-05,code_token_name,high,0.993
2000,2000,CUMBERLAND,06 1 CHESTNUT HILL,1498,001706,0.99271136,code_token_name,high,0.993
2000,2000,CUMBERLAND,06 1 CHESTNUT HILL,1498,001710,0.00506131,code_token_name,high,0.993
2000,2000,CUMBERLAND,06 1 CHESTNUT HILL,1498,001717,0.00157354,code_token_name,high,0.993
2000,2000,CUMBERLAND,06 1 CHESTNUT HILL,1498,001703,0.0003134,code_token_name,high,0.993
2000,2000,CUMBERLAND,06 1 CHESTNUT HILL,1498,001709,0.00019396,code_token_name,high,0.993
2000,2000,CUMBERLAND,06 1 CHESTNUT HILL,1498,001711,0.00014643,code_token_name,high,0.993
2000,2000,CUMBERLAND,06 2 CRAB ORCHARD,1498,001706,0.99271136,code_token_name,high,0.993
2000,2000,CUMBERLAND,06 2 CRAB ORCHARD,1498,001710,0.00506131,code_token_name,high,0.993
2000,2000,CUMBERLAND,06 2 CRAB ORCHARD,1498,001717,0.00157354,code_token_name,high,0.993
2000,2000,CUMBERLAND,06 2 CRAB ORCHARD,1498,001703,0.0003134,code_token_name,high,0.993
2000,2000,CUMBERLAND,06 2 CRAB ORCHARD,1498,001709,0.00019396,code_token_name,high,0.993
2000,2000,CUMBERLAND,06 2 CRAB ORCHARD,1498,001711,0.00014643,code_token_name,high,0.993
2000,2000,CUMBERLAND,06 3 GRASSY COVE,1498,001706,0.99271136,code_token_name,high,0.993
2000,2000,CUMBERLAND,06 3 GRASSY COVE,1498,001710,0.00506131,code_token_name,high,0.993
2000,2000,CUMBERLAND,06 3 GRASSY COVE,1498,001717,0.00157354,code_token_name,high,0.993
2000,2000,CUMBERLAND,06 3 GRASSY COVE,1498,001703,0.0003134,code_token_name,high,0.993
2000,2000,CUMBERLAND,06 3 GRASSY COVE,1498,001709,0.00019396,code_token_name,high,0.993
2000,2000,CUMBERLAND,06 3 GRASSY COVE,1498,001711,0.00014643,code_token_name,high,0.993
2000,2000,CUMBERLAND,06 4 HEBBERTSBUR,1498,001706,0.99271136,code_token_name,high,0.993
2000,2000,CUMBERLAND,06 4 HEBBERTSBUR,1498,001710,0.00506131,code_token_name,high,0.993
2000,2000,CUMBERLAND,06 4 HEBBERTSBUR,1498,001717,0.00157354,code_token_name,high,0.993
2000,2000,CUMBERLAND,06 4 HEBBERTSBUR,1498,001703,0.0003134,code_token_name,high,0.993
2000,2000,CUMBERLAND,06 4 HEBBERTSBUR,1498,001709,0.00019396,code_token_name,high,0.993
2000,2000,CUMBERLAND,06 4 HEBBERTSBUR,1498,001711,0.00014643,code_token_name,high,0.993
2000,2000,CUMBERLAND,06 5 OZONE PINEVIE,1498,001706,0.99271136,code_token_name,high,0.993
2000,2000,CUMBERLAND,06 5 OZONE PINEVIE,1498,001710,0.00506131,code_token_name,high,0.993
2000,2000,CUMBERLAND,06 5 OZONE PINEVIE,1498,001717,0.00157354,code_token_name,high,0.993
2000,2000,CUMBERLAND,06 5 OZONE PINEVIE,1498,001703,0.0003134,code_token_name,high,0.993
2000,2000,CUMBERLAND,06 5 OZONE PINEVIE,1498,001709,0.00019396,code_token_name,high,0.993
2000,2000,CUMBERLAND,06 5 OZONE PINEVIE,1498,001711,0.00014643,code_token_name,high,0.993
2000,2000,CUMBERLAND,07 1 MAYLAND,1512,001720,0.99835482,code_token_name,high,0.993
2000,2000,CUMBERLAND,07 1 MAYLAND,1512,001724,0.00164518,code_token_name,high,0.993
2000,2000,CUMBERLAND,07 2 RINNIE,1512,001720,0.99835482,code_token_name,high,0.993
2000,2000,CUMBERLAND,07 2 RINNIE,1512,001724,0.00164518,code_token_name,high,0.993
2000,2000,CUMBERLAND,07 3 WOODY,1512,001720,0.99835482,code_token_name,high,0.993
2000,2000,CUMBERLAND,07 3 WOODY,1512,001724,0.00164518,code_token_name,high,0.993
2000,2000,CUMBERLAND,08 1 CLIFTY,1524,001719,0.89020134,code_token_name,high,0.993
2000,2000,CUMBERLAND,08 1 CLIFTY,1524,001701,0.10627665,code_token_name,high,0.993
2000,2000,CUMBERLAND,08 1 CLIFTY,1524,001718,0.0019914,code_token_name,high,0.993
2000,2000,CUMBERLAND,08 1 CLIFTY,1524,001705,0.00148195,code_token_name,high,0.993
2000,2000,CUMBERLAND,08 1 CLIFTY,1524,001712,4.461e-05,code_token_name,high,0.993
2000,2000,CUMBERLAND,08 1 CLIFTY,1524,001714,4.05e-06,code_token_name,high,0.993
2000,2000,CUMBERLAND,08 2 PLEASANT HILL,1524,001719,0.89020134,code_token_name,high,0.993
2000,2000,CUMBERLAND,08 2 PLEASANT HILL,1524,001701,0.10627665,code_token_name,high,0.993
2000,2000,CUMBERLAND,08 2 PLEASANT HILL,1524,001718,0.0019914,code_token_name,high,0.993
2000,2000,CUMBERLAND,08 2 PLEASANT HILL,1524,001705,0.00148195,code_token_name,high,0.993
2000,2000,CUMBERLAND,08 2 PLEASANT HILL,1524,001712,4.461e-05,code_token_name,high,0.993
2000,2000,CUMBERLAND,08 2 PLEASANT HILL,1524,001714,4.05e-06,code_token_name,high,0.993
2000,2000,CUMBERLAND,08 3 POMONA,1524,001719,0.89020134,code_token_name,high,0.993
2000,2000,CUMBERLAND,08 3 POMONA,1524,001701,0.10627665,code_token_name,high,0.993
2000,2000,CUMBERLAND,08 3 POMONA,1524,001718,0.0019914,code_token_name,high,0.993
2000,2000,CUMBERLAND,08 3 POMONA,1524,001705,0.00148195,code_token_name,high,0.993
2000,2000,CUMBERLAND,08 3 POMONA,1524,001712,4.461e-05,code_token_name,high,0.993
2000,2000,CUMBERLAND,08 3 POMONA,1524,001714,4.05e-06,code_token_name,high,0.993
2000,2000,CUMBERLAND,08 4 SHILOH,1524,001719,0.89020134,code_token_name,high,0.993
2000,2000,CUMBERLAND,08 4 SHILOH,1524,001701,0.10627665,code_token_name,high,0.993
2000,2000,CUMBERLAND,08 4 SHILOH,1524,001718,0.0019914,code_token_name,high,0.993
2000,2000,CUMBERLAND,08 4 SHILOH,1524,001705,0.00148195,code_token_name,high,0.993
2000,2000,CUMBERLAND,08 4 SHILOH,1524,001712,4.461e-05,code_token_name,high,0.993
2000,2000,CUMBERLAND,08 4 SHILOH,1524,001714,4.05e-06,code_token_name,high,0.993
2000,2000,CUMBERLAND,09 1 FAIRFIELD GLAD,1478,001706,0.57962109,code_token_name,high,0.993
2000,2000,CUMBERLAND,09 1 FAIRFIELD GLAD,1478,001716,0.40876423,code_token_name,high,0.993
2000,2000,CUMBERLAND,09 1 FAIRFIELD GLAD,1478,001708,0.01116375,code_token_name,high,0.993
2000,2000,CUMBERLAND,09 1 FAIRFIELD GLAD,1478,001703,0.00045094,code_token_name,high,0.993
2000,2000,CUMBERLAND,09 2 THE LAKES,1478,001706,0.57962109,code_token_name,high,0.993
2000,2000,CUMBERLAND,09 2 THE LAKES,1478,001716,0.40876423,code_token_name,high,0.993
2000,2000,CUMBERLAND,09 2 THE LAKES,1478,001708,0.01116375,code_token_name,high,0.993
2000,2000,CUMBERLAND,09 2 THE LAKES,1478,001703,0.00045094,code_token_name,high,0.993
2000,2000,DAVIDSON,01 1 JOELTON,1752,001801,0.82592547,prefix_name,high,0.995
2000,2000,DAVIDSON,01 1 JOELTON,1752,001812,0.17325865,prefix_name,high,0.995
2000,2000,DAVIDSON,01 1 JOELTON,1752,001802,0.0002672,prefix_name,high,0.995
2000,2000,DAVIDSON,01 1 JOELTON,1752,001811,0.00020716,prefix_name,high,0.995
2000,2000,DAVIDSON,01 1 JOELTON,1752,001813,0.00019452,prefix_name,high,0.995
2000,2000,DAVIDSON,01 1 JOELTON,1752,001814,7.84e-05,prefix_name,high,0.995
2000,2000,DAVIDSON,01 1 JOELTON,1752,001816,6.86e-05,prefix_name,high,0.995
2000,2000,DAVIDSON,01 2 MORNY,1760,001802,0.99764291,prefix_name,high,0.995
2000,2000,DAVIDSON,01 2 MORNY,1760,001803,0.00166019,prefix_name,high,0.995
2000,2000,DAVIDSON,01 2 MORNY,1760,001801,0.00058466,prefix_name,high,0.995
2000,2000,DAVIDSON,01 2 MORNY,1760,001804,0.00011224,prefix_name,high,0.995
2000,2000,DAVIDSON,01 3 SCOTTSBORO,1744,001804,0.99793514,prefix_name,high,0.995
2000,2000,DAVIDSON,01 3 SCOTTSBORO,1744,001802,0.00124526,prefix_name,high,0.995
2000,2000,DAVIDSON,01 3 SCOTTSBORO,1744,001958,0.00044415,prefix_name,high,0.995
2000,2000,DAVIDSON,01 3 SCOTTSBORO,1744,001896,0.00014398,prefix_name,high,0.995
2000,2000,DAVIDSON,01 3 SCOTTSBORO,1744,001803,0.00010473,prefix_name,high,0.995
2000,2000,DAVIDSON,01 3 SCOTTSBORO,1744,001898,9.117e-05,prefix_name,high,0.995
2000,2000,DAVIDSON,01 3 SCOTTSBORO,1744,001805,3.557e-05,prefix_name,high,0.995
2000,2000,DAVIDSON,01 4 TEMPLE BAPT,1740,001803,0.99855492,code_token_name,high,0.993
2000,2000,DAVIDSON,01 4 TEMPLE BAPT,1740,001802,0.00081379,code_token_name,high,0.993
2000,2000,DAVIDSON,01 4 TEMPLE BAPT,1740,001804,0.00032146,code_token_name,high,0.993
2000,2000,DAVIDSON,01 4 TEMPLE BAPT,1740,001805,0.00018971,code_token_name,high,0.993
2000,2000,DAVIDSON,01 4 TEMPLE BAPT,1740,001813,0.00012011,code_token_name,high,0.993
2000,2000,DAVIDSON,01 5 KING S LANE,1741,001803,0.53668984,prefix_name,high,0.995
2000,2000,DAVIDSON,01 5 KING S LANE,1741,001813,0.29292291,prefix_name,high,0.995
2000,2000,DAVIDSON,01 5 KING S LANE,1741,001815,0.17021742,prefix_name,high,0.995
2000,2000,DAVIDSON,01 5 KING S LANE,1741,001806,0.00016983,prefix_name,high,0.995
2000,2000,DAVIDSON,01 6 CUMBERLAND E,1740,001803,0.99855492,code_token_name,high,0.993
2000,2000,DAVIDSON,01 6 CUMBERLAND E,1740,001802,0.00081379,code_token_name,high,0.993
2000,2000,DAVIDSON,01 6 CUMBERLAND E,1740,001804,0.00032146,code_token_name,high,0.993
2000,2000,DAVIDSON,01 6 CUMBERLAND E,1740,001805,0.00018971,code_token_name,high,0.993
2000,2000,DAVIDSON,01 6 CUMBERLAND E,1740,001813,0.00012011,code_token_name,high,0.993
2000,2000,DAVIDSON,01 7 ALEX GREEN,1742,001813,0.8722974,prefix_name,high,0.995
2000,2000,DAVIDSON,01 7 ALEX GREEN,1742,001815,0.12433235,prefix_name,high,0.995
2000,2000,DAVIDSON,01 7 ALEX GREEN,1742,001814,0.00233595,prefix_name,high,0.995
2000,2000,DAVIDSON,01 7 ALEX GREEN,1742,001807,0.00103431,prefix_name,high,0.995
2000,2000,DAVIDSON,02 1 BAPTIST WORL,1944,001807,0.77916432,code_token_name,high,0.993
2000,2000,DAVIDSON,02 1 BAPTIST WORL,1944,001808,0.14397752,code_token_name,high,0.993
2000,2000,DAVIDSON,02 1 BAPTIST WORL,1944,001821,0.07569302,code_token_name,high,0.993
2000,2000,DAVIDSON,02 1 BAPTIST WORL,1944,001806,0.00073414,code_token_name,high,0.993
2000,2000,DAVIDSON,02 1 BAPTIST WORL,1944,001815,0.00043101,code_token_name,high,0.993
2000,2000,DAVIDSON,02 2 WHITE S CREEK,1948,001806,0.60235909,prefix_name,high,0.995
2000,2000,DAVIDSON,02 2 WHITE S CREEK,1948,001808,0.20964255,prefix_name,high,0.995
2000,2000,DAVIDSON,02 2 WHITE S CREEK,1948,001810,0.13140679,prefix_name,high,0.995
2000,2000,DAVIDSON,02 2 WHITE S CREEK,1948,001803,0.05131383,prefix_name,high,0.995
2000,2000,DAVIDSON,02 2 WHITE S CREEK,1948,001822,0.00235921,prefix_name,high,0.995
2000,2000,DAVIDSON,02 2 WHITE S CREEK,1948,001807,0.00115042,prefix_name,high,0.995
2000,2000,DAVIDSON,02 2 WHITE S CREEK,1948,001815,0.00110133,prefix_name,high,0.995
2000,2000,DAVIDSON,02 2 WHITE S CREEK,1948,001821,0.00050816,prefix_name,high,0.995
2000,2000,DAVIDSON,02 2 WHITE S CREEK,1948,001809,0.00015258,prefix_name,high,0.995
2000,2000,DAVIDSON,02 2 WHITE S CREEK,1948,001824,6.05e-06,prefix_name,high,0.995
2000,2000,DAVIDSON,02 3 NORTHWEST YM,1944,001807,0.77916432,code_token_name,high,0.993
2000,2000,DAVIDSON,02 3 NORTHWEST YM,1944,001808,0.14397752,code_token_name,high,0.993
2000,2000,DAVIDSON,02 3 NORTHWEST YM,1944,001821,0.07569302,code_token_name,high,0.993
2000,2000,DAVIDSON,02 3 NORTHWEST YM,1944,001806,0.00073414,code_token_name,high,0.993
2000,2000,DAVIDSON,02 3 NORTHWEST YM,1944,001815,0.00043101,code_token_name,high,0.993
2000,2000,DAVIDSON,03 1 MADISON SR CT,2084,001839,0.99687101,code_token_name,high,0.993
2000,2000,DAVIDSON,03 1 MADISON SR CT,2084,001837,0.00209794,code_token_name,high,0.993
2000,2000,DAVIDSON,03 1 MADISON SR CT,2084,001840,0.00071706,code_token_name,high,0.993
2000,2000,DAVIDSON,03 1 MADISON SR CT,2084,001836,0.00014418,code_token_name,high,0.993
2000,2000,DAVIDSON,03 1 MADISON SR CT,2084,001814,0.00010348,code_token_name,high,0.993
2000,2000,DAVIDSON,03 1 MADISON SR CT,2084,001842,6.632e-05,code_token_name,high,0.993
2000,2000,DAVIDSON,03 2 BELLSHIRE,2092,001814,0.87678565,prefix_name,high,0.995
2000,2000,DAVIDSON,03 2 BELLSHIRE,2092,001815,0.12152166,prefix_name,high,0.995
2000,2000,DAVIDSON,03 2 BELLSHIRE,2092,001812,0.00053914,prefix_name,high,0.995
2000,2000,DAVIDSON,03 2 BELLSHIRE,2092,001813,0.00052127,prefix_name,high,0.995
2000,2000,DAVIDSON,03 2 BELLSHIRE,2092,001807,0.00049776,prefix_name,high,0.995
2000,2000,DAVIDSON,03 2 BELLSHIRE,2092,001816,8.046e-05,prefix_name,high,0.995
2000,2000,DAVIDSON,03 2 BELLSHIRE,2092,001840,5.406e-05,prefix_name,high,0.995
2000,2000,DAVIDSON,03 3 PARKWAY BAPT,2084,001839,0.99687101,code_token_name,high,0.993
2000,2000,DAVIDSON,03 3 PARKWAY BAPT,2084,001837,0.00209794,code_token_name,high,0.993
2000,2000,DAVIDSON,03 3 PARKWAY BAPT,2084,001840,0.00071706,code_token_name,high,0.993
2000,2000,DAVIDSON,03 3 PARKWAY BAPT,2084,001836,0.00014418,code_token_name,high,0.993
2000,2000,DAVIDSON,03 3 PARKWAY BAPT,2084,001814,0.00010348,code_token_name,high,0.993
2000,2000,DAVIDSON,03 3 PARKWAY BAPT,2084,001842,6.632e-05,code_token_name,high,0.993
2000,2000,DAVIDSON,03 4 CHADWELL,2088,001840,0.99353991,prefix_name,high,0.995
2000,2000,DAVIDSON,03 4 CHADWELL,2088,001839,0.00477093,prefix_name,high,0.995
2000,2000,DAVIDSON,03 4 CHADWELL,2088,001814,0.00168915,prefix_name,high,0.995
2000,2000,DAVIDSON,03 5 GR NASH JR AC,2084,001839,0.99687101,code_token_name,high,0.993
2000,2000,DAVIDSON,03 5 GR NASH JR AC,2084,001837,0.00209794,code_token_name,high,0.993
2000,2000,DAVIDSON,03 5 GR NASH JR AC,2084,001840,0.00071706,code_token_name,high,0.993
2000,2000,DAVIDSON,03 5 GR NASH JR AC,2084,001836,0.00014418,code_token_name,high,0.993
2000,2000,DAVIDSON,03 5 GR NASH JR AC,2084,001814,0.00010348,code_token_name,high,0.993
2000,2000,DAVIDSON,03 5 GR NASH JR AC,2084,001842,6.632e-05,code_token_name,high,0.993
2000,2000,DAVIDSON,04 1 BRICK CHURCH,2104,001814,0.57329244,prefix_name,high,0.995
2000,2000,DAVIDSON,04 1 BRICK CHURCH,2104,001815,0.409995,prefix_name,high,0.995
2000,2000,DAVIDSON,04 1 BRICK CHURCH,2104,001807,0.01660567,prefix_name,high,0.995
2000,2000,DAVIDSON,04 1 BRICK CHURCH,2104,001837,0.00010658,prefix_name,high,0.995
2000,2000,DAVIDSON,04 1 BRICK CHURCH,2104,001839,3.1e-07,prefix_name,high,0.995
2000,2000,DAVIDSON,04 2 1ST APOSTOL C,2104,001814,0.57329244,code_token_name,high,0.993
2000,2000,DAVIDSON,04 2 1ST APOSTOL C,2104,001815,0.409995,code_token_name,high,0.993
2000,2000,DAVIDSON,04 2 1ST APOSTOL C,2104,001807,0.01660567,code_token_name,high,0.993
2000,2000,DAVIDSON,04 2 1ST APOSTOL C,2104,001837,0.00010658,code_token_name,high,0.993
2000,2000,DAVIDSON,04 2 1ST APOSTOL C,2104,001839,3.1e-07,code_token_name,high,0.993
2000,2000,DAVIDSON,04 3 TOM JOY,2112,001807,0.51515804,prefix_name,high,0.995
2000,2000,DAVIDSON,04 3 TOM JOY,2112,001821,0.2171417,prefix_name,high,0.995
2000,2000,DAVIDSON,04 3 TOM JOY,2112,001808,0.11351346,prefix_name,high,0.995
2000,2000,DAVIDSON,04 3 TOM JOY,2112,001837,0.08494915,prefix_name,high,0.995
2000,2000,DAVIDSON,04 3 TOM JOY,2112,001823,0.06791731,prefix_name,high,0.995
2000,2000,DAVIDSON,04 3 TOM JOY,2112,001815,0.0012205,prefix_name,high,0.995
2000,2000,DAVIDSON,04 3 TOM JOY,2112,001839,9.984e-05,prefix_name,high,0.995
2000,2000,DAVIDSON,04 4 GRA MAR,2116,001838,0.89839247,prefix_name,high,0.995
2000,2000,DAVIDSON,04 4 GRA MAR,2116,001839,0.09317226,prefix_name,high,0.995
2000,2000,DAVIDSON,04 4 GRA MAR,2116,001823,0.00803139,prefix_name,high,0.995
2000,2000,DAVIDSON,04 4 GRA MAR,2116,001837,0.00040388,prefix_name,high,0.995
2000,2000,DAVIDSON,05 1 HIGHLAND M S,2120,001822,0.74670467,code_token_name,high,0.993
2000,2000,DAVIDSON,05 1 HIGHLAND M S,2120,001821,0.25329533,code_token_name,high,0.993
2000,2000,DAVIDSON,05 2 CLEVELAND,2124,001822,0.54443755,prefix_name,high,0.995
2000,2000,DAVIDSON,05 2 CLEVELAND,2124,001824,0.40621486,prefix_name,high,0.995
2000,2000,DAVIDSON,05 2 CLEVELAND,2124,001828,0.0444775,prefix_name,high,0.995
2000,2000,DAVIDSON,05 2 CLEVELAND,2124,001808,0.002517,prefix_name,high,0.995
2000,2000,DAVIDSON,05 2 CLEVELAND,2124,001890,0.0013358,prefix_name,high,0.995
2000,2000,DAVIDSON,05 2 CLEVELAND,2124,001891,0.00057622,prefix_name,high,0.995
2000,2000,DAVIDSON,05 2 CLEVELAND,2124,001821,0.00044107,prefix_name,high,0.995
2000,2000,DAVIDSON,05 3 MEIGS,2128,001825,0.74794912,prefix_name,high,0.995
2000,2000,DAVIDSON,05 3 MEIGS,2128,001824,0.11400829,prefix_name,high,0.995
2000,2000,DAVIDSON,05 3 MEIGS,2128,001828,0.09511352,prefix_name,high,0.995
2000,2000,DAVIDSON,05 3 MEIGS,2128,001826,0.04291162,prefix_name,high,0.995
2000,2000,DAVIDSON,05 3 MEIGS,2128,001827,1.746e-05,prefix_name,high,0.995
2000,2000,DAVIDSON,05 4 EASTLAND,2122,001821,0.35292988,prefix_name,high,0.995
2000,2000,DAVIDSON,05 4 EASTLAND,2122,001825,0.28998294,prefix_name,high,0.995
2000,2000,DAVIDSON,05 4 EASTLAND,2122,001822,0.25764726,prefix_name,high,0.995
2000,2000,DAVIDSON,05 4 EASTLAND,2122,001824,0.09902982,prefix_name,high,0.995
2000,2000,DAVIDSON,05 4 EASTLAND,2122,001823,0.00040394,prefix_name,high,0.995
2000,2000,DAVIDSON,05 4 EASTLAND,2122,001830,5.2e-06,prefix_name,high,0.995
2000,2000,DAVIDSON,05 4 EASTLAND,2122,001827,9.6e-07,prefix_name,high,0.995
2000,2000,DAVIDSON,05 6 MCFERRIN,2130,001824,0.99888194,prefix_name,high,0.995
2000,2000,DAVIDSON,05 6 MCFERRIN,2130,001822,0.00102426,prefix_name,high,0.995
2000,2000,DAVIDSON,05 6 MCFERRIN,2130,001828,9.379e-05,prefix_name,high,0.995
2000,2000,DAVIDSON,06 1 EAST PARK CC,2140,001828,0.82874246,code_token_name,high,0.993
2000,2000,DAVIDSON,06 1 EAST PARK CC,2140,001826,0.16534093,code_token_name,high,0.993
2000,2000,DAVIDSON,06 1 EAST PARK CC,2140,001890,0.0040962,code_token_name,high,0.993
2000,2000,DAVIDSON,06 1 EAST PARK CC,2140,001895,0.00120651,code_token_name,high,0.993
2000,2000,DAVIDSON,06 1 EAST PARK CC,2140,001827,0.00060964,code_token_name,high,0.993
2000,2000,DAVIDSON,06 1 EAST PARK CC,2140,001825,4.27e-06,code_token_name,high,0.993
2000,2000,DAVIDSON,06 2 CORA HOWE,2144,001830,0.99918338,prefix_name,high,0.995
2000,2000,DAVIDSON,06 2 CORA HOWE,2144,001833,0.00072343,prefix_name,high,0.995
2000,2000,DAVIDSON,06 2 CORA HOWE,2144,001825,5.475e-05,prefix_name,high,0.995
2000,2000,DAVIDSON,06 2 CORA HOWE,2144,001827,3.844e-05,prefix_name,high,0.995
2000,2000,DAVIDSON,06 3 SHELBY COMM,2148,001827,0.69379207,prefix_name,high,0.995
2000,2000,DAVIDSON,06 3 SHELBY COMM,2148,001828,0.15739905,prefix_name,high,0.995
2000,2000,DAVIDSON,06 3 SHELBY COMM,2148,001826,0.14790608,prefix_name,high,0.995
2000,2000,DAVIDSON,06 3 SHELBY COMM,2148,001895,0.00087855,prefix_name,high,0.995
2000,2000,DAVIDSON,06 3 SHELBY COMM,2148,001829,2.425e-05,prefix_name,high,0.995
2000,2000,DAVIDSON,06 4 EAST HEAD STA,2140,001828,0.82874246,code_token_name,high,0.993
2000,2000,DAVIDSON,06 4 EAST HEAD STA,2140,001826,0.16534093,code_token_name,high,0.993
2000,2000,DAVIDSON,06 4 EAST HEAD STA,2140,001890,0.0040962,code_token_name,high,0.993
2000,2000,DAVIDSON,06 4 EAST HEAD STA,2140,001895,0.00120651,code_token_name,high,0.993
2000,2000,DAVIDSON,06 4 EAST HEAD STA,2140,001827,0.00060964,code_token_name,high,0.993
2000,2000,DAVIDSON,06 4 EAST HEAD STA,2140,001825,4.27e-06,code_token_name,high,0.993
2000,2000,DAVIDSON,07 1 MEMOR LUTHER,2156,001833,0.69801913,code_token_name,high,0.993
2000,2000,DAVIDSON,07 1 MEMOR LUTHER,2156,001829,0.14640254,code_token_name,high,0.993
2000,2000,DAVIDSON,07 1 MEMOR LUTHER,2156,001830,0.12290691,code_token_name,high,0.993
2000,2000,DAVIDSON,07 1 MEMOR LUTHER,2156,001831,0.03235775,code_token_name,high,0.993
2000,2000,DAVIDSON,07 1 MEMOR LUTHER,2156,001827,0.0002715,code_token_name,high,0.993
2000,2000,DAVIDSON,07 1 MEMOR LUTHER,2156,001823,4.158e-05,code_token_name,high,0.993
2000,2000,DAVIDSON,07 1 MEMOR LUTHER,2156,001834,5.9e-07,code_token_name,high,0.993
2000,2000,DAVIDSON,07 2 STRATFORD,2160,001831,0.58987634,prefix_name,high,0.995
2000,2000,DAVIDSON,07 2 STRATFORD,2160,001833,0.40955595,prefix_name,high,0.995
2000,2000,DAVIDSON,07 2 STRATFORD,2160,001832,0.00053281,prefix_name,high,0.995
2000,2000,DAVIDSON,07 2 STRATFORD,2160,001834,3.491e-05,prefix_name,high,0.995
2000,2000,DAVIDSON,07 3 CORNELIA,2164,001829,0.77203955,prefix_name,high,0.995
2000,2000,DAVIDSON,07 3 CORNELIA,2164,001831,0.22493641,prefix_name,high,0.995
2000,2000,DAVIDSON,07 3 CORNELIA,2164,001868,0.00139062,prefix_name,high,0.995
2000,2000,DAVIDSON,07 3 CORNELIA,2164,001832,0.0009745,prefix_name,high,0.995
2000,2000,DAVIDSON,07 3 CORNELIA,2164,001871,0.00047425,prefix_name,high,0.995
2000,2000,DAVIDSON,07 3 CORNELIA,2164,001827,0.00018377,prefix_name,high,0.995
2000,2000,DAVIDSON,07 3 CORNELIA,2164,001833,9e-07,prefix_name,high,0.995
2000,2000,DAVIDSON,07 4 E NASH PENTEC,2156,001833,0.69801913,code_token_name,high,0.993
2000,2000,DAVIDSON,07 4 E NASH PENTEC,2156,001829,0.14640254,code_token_name,high,0.993
2000,2000,DAVIDSON,07 4 E NASH PENTEC,2156,001830,0.12290691,code_token_name,high,0.993
2000,2000,DAVIDSON,07 4 E NASH PENTEC,2156,001831,0.03235775,code_token_name,high,0.993
2000,2000,DAVIDSON,07 4 E NASH PENTEC,2156,001827,0.0002715,code_token_name,high,0.993
2000,2000,DAVIDSON,07 4 E NASH PENTEC,2156,001823,4.158e-05,code_token_name,high,0.993
2000,2000,DAVIDSON,07 4 E NASH PENTEC,2156,001834,5.9e-07,code_token_name,high,0.993
2000,2000,DAVIDSON,07 5 ROSEBANK,2166,001829,0.99952137,prefix_name,high,0.995
2000,2000,DAVIDSON,07 5 ROSEBANK,2166,001827,0.00047863,prefix_name,high,0.995
2000,2000,DAVIDSON,08 1 ST JOSEPH,2172,001836,0.8197379,prefix_name,high,0.995
2000,2000,DAVIDSON,08 1 ST JOSEPH,2172,001842,0.13865576,prefix_name,high,0.995
2000,2000,DAVIDSON,08 1 ST JOSEPH,2172,001839,0.04048709,prefix_name,high,0.995
2000,2000,DAVIDSON,08 1 ST JOSEPH,2172,001835,0.00060643,prefix_name,high,0.995
2000,2000,DAVIDSON,08 1 ST JOSEPH,2172,001868,0.00050966,prefix_name,high,0.995
2000,2000,DAVIDSON,08 1 ST JOSEPH,2172,001843,3.15e-06,prefix_name,high,0.995
2000,2000,DAVIDSON,08 2 BRUSH HILL,2176,001835,0.75178824,prefix_name,high,0.995
2000,2000,DAVIDSON,08 2 BRUSH HILL,2176,001839,0.24720506,prefix_name,high,0.995
2000,2000,DAVIDSON,08 2 BRUSH HILL,2176,001868,0.00071416,prefix_name,high,0.995
2000,2000,DAVIDSON,08 2 BRUSH HILL,2176,001834,0.00022177,prefix_name,high,0.995
2000,2000,DAVIDSON,08 2 BRUSH HILL,2176,001832,7.077e-05,prefix_name,high,0.995
2000,2000,DAVIDSON,08 3 JERE BAXTER S,2172,001836,0.8197379,code_token_name,high,0.993
2000,2000,DAVIDSON,08 3 JERE BAXTER S,2172,001842,0.13865576,code_token_name,high,0.993
2000,2000,DAVIDSON,08 3 JERE BAXTER S,2172,001839,0.04048709,code_token_name,high,0.993
2000,2000,DAVIDSON,08 3 JERE BAXTER S,2172,001835,0.00060643,code_token_name,high,0.993
2000,2000,DAVIDSON,08 3 JERE BAXTER S,2172,001868,0.00050966,code_token_name,high,0.993
2000,2000,DAVIDSON,08 3 JERE BAXTER S,2172,001843,3.15e-06,code_token_name,high,0.993
2000,2000,DAVIDSON,08 4 DALEWOOD,2184,001832,0.88844627,prefix_name,high,0.995
2000,2000,DAVIDSON,08 4 DALEWOOD,2184,001834,0.08194937,prefix_name,high,0.995
2000,2000,DAVIDSON,08 4 DALEWOOD,2184,001833,0.02304536,prefix_name,high,0.995
2000,2000,DAVIDSON,08 4 DALEWOOD,2184,001831,0.00285177,prefix_name,high,0.995
2000,2000,DAVIDSON,08 4 DALEWOOD,2184,001829,0.00233229,prefix_name,high,0.995
2000,2000,DAVIDSON,08 4 DALEWOOD,2184,001868,0.00092888,prefix_name,high,0.995
2000,2000,DAVIDSON,08 4 DALEWOOD,2184,001835,0.00044606,prefix_name,high,0.995
2000,2000,DAVIDSON,08 5 JERE BAXTER,2181,001837,0.99985283,prefix_name,high,0.995
2000,2000,DAVIDSON,08 5 JERE BAXTER,2181,001834,0.00014717,prefix_name,high,0.995
2000,2000,DAVIDSON,09 1 MADISON PARK,2192,001841,0.99856029,prefix_name,high,0.995
2000,2000,DAVIDSON,09 1 MADISON PARK,2192,001842,0.00071847,prefix_name,high,0.995
2000,2000,DAVIDSON,09 1 MADISON PARK,2192,001848,0.00044802,prefix_name,high,0.995
2000,2000,DAVIDSON,09 1 MADISON PARK,2192,001850,0.00013846,prefix_name,high,0.995
2000,2000,DAVIDSON,09 1 MADISON PARK,2192,001849,0.00010166,prefix_name,high,0.995
2000,2000,DAVIDSON,09 1 MADISON PARK,2192,001840,2.822e-05,prefix_name,high,0.995
2000,2000,DAVIDSON,09 1 MADISON PARK,2192,001843,4.89e-06,prefix_name,high,0.995
2000,2000,DAVIDSON,09 2 MADISON FIRE,2196,001842,0.9916423,prefix_name,high,0.995
2000,2000,DAVIDSON,09 2 MADISON FIRE,2196,001841,0.00508686,prefix_name,high,0.995
2000,2000,DAVIDSON,09 2 MADISON FIRE,2196,001843,0.00314578,prefix_name,high,0.995
2000,2000,DAVIDSON,09 2 MADISON FIRE,2196,001836,0.00011517,prefix_name,high,0.995
2000,2000,DAVIDSON,09 2 MADISON FIRE,2196,001839,9.89e-06,prefix_name,high,0.995
2000,2000,DAVIDSON,09 3 NEELY S BEND,2200,001843,0.99800766,prefix_name,high,0.995
2000,2000,DAVIDSON,09 3 NEELY S BEND,2200,001868,0.0005294,prefix_name,high,0.995
2000,2000,DAVIDSON,09 3 NEELY S BEND,2200,001852,0.00044017,prefix_name,high,0.995
2000,2000,DAVIDSON,09 3 NEELY S BEND,2200,001850,0.00038764,prefix_name,high,0.995
2000,2000,DAVIDSON,09 3 NEELY S BEND,2200,001842,0.00028358,prefix_name,high,0.995
2000,2000,DAVIDSON,09 3 NEELY S BEND,2200,001864,0.00020748,prefix_name,high,0.995
2000,2000,DAVIDSON,09 3 NEELY S BEND,2200,001841,0.00014407,prefix_name,high,0.995
2000,2000,DAVIDSON,09 4 MADISON FIRE,2197,001836,0.99833921,prefix_name,high,0.995
2000,2000,DAVIDSON,09 4 MADISON FIRE,2197,001839,0.0015641,prefix_name,high,0.995
2000,2000,DAVIDSON,09 4 MADISON FIRE,2197,001842,9.669e-05,prefix_name,high,0.995
2000,2000,DAVIDSON,10 1 LUTON S UMC,1556,001849,0.9937514,code_token_name,high,0.993
2000,2000,DAVIDSON,10 1 LUTON S UMC,1556,001841,0.00541275,code_token_name,high,0.993
2000,2000,DAVIDSON,10 1 LUTON S UMC,1556,001847,0.00035715,code_token_name,high,0.993
2000,2000,DAVIDSON,10 1 LUTON S UMC,1556,001846,0.00029078,code_token_name,high,0.993
2000,2000,DAVIDSON,10 1 LUTON S UMC,1556,001848,0.00018364,code_token_name,high,0.993
2000,2000,DAVIDSON,10 1 LUTON S UMC,1556,001850,4.27e-06,code_token_name,high,0.993
2000,2000,DAVIDSON,10 2 GOODLETTSVIL,1556,001849,0.9937514,code_token_name,high,0.993
2000,2000,DAVIDSON,10 2 GOODLETTSVIL,1556,001841,0.00541275,code_token_name,high,0.993
2000,2000,DAVIDSON,10 2 GOODLETTSVIL,1556,001847,0.00035715,code_token_name,high,0.993
2000,2000,DAVIDSON,10 2 GOODLETTSVIL,1556,001846,0.00029078,code_token_name,high,0.993
2000,2000,DAVIDSON,10 2 GOODLETTSVIL,1556,001848,0.00018364,code_token_name,high,0.993
2000,2000,DAVIDSON,10 2 GOODLETTSVIL,1556,001850,4.27e-06,code_token_name,high,0.993
2000,2000,DAVIDSON,10 3 FIRST BAPTIST,1592,001847,0.99671648,prefix_name,high,0.995
2000,2000,DAVIDSON,10 3 FIRST BAPTIST,1592,001846,0.00126254,prefix_name,high,0.995
2000,2000,DAVIDSON,10 3 FIRST BAPTIST,1592,001848,0.00088368,prefix_name,high,0.995
2000,2000,DAVIDSON,10 3 FIRST BAPTIST,1592,001845,0.00080391,prefix_name,high,0.995
2000,2000,DAVIDSON,10 3 FIRST BAPTIST,1592,001811,0.00028846,prefix_name,high,0.995
2000,2000,DAVIDSON,10 3 FIRST BAPTIST,1592,001814,2.293e-05,prefix_name,high,0.995
2000,2000,DAVIDSON,10 3 FIRST BAPTIST,1592,001849,2.2e-05,prefix_name,high,0.995
2000,2000,DAVIDSON,10 4 GATEWAY,1556,001849,0.9937514,prefix_name,high,0.995
2000,2000,DAVIDSON,10 4 GATEWAY,1556,001841,0.00541275,prefix_name,high,0.995
2000,2000,DAVIDSON,10 4 GATEWAY,1556,001847,0.00035715,prefix_name,high,0.995
2000,2000,DAVIDSON,10 4 GATEWAY,1556,001846,0.00029078,prefix_name,high,0.995
2000,2000,DAVIDSON,10 4 GATEWAY,1556,001848,0.00018364,prefix_name,high,0.995
2000,2000,DAVIDSON,10 4 GATEWAY,1556,001850,4.27e-06,prefix_name,high,0.995
2000,2000,DAVIDSON,10 5 UNION HILL,1584,001811,0.70957058,prefix_name,high,0.995
2000,2000,DAVIDSON,10 5 UNION HILL,1584,001845,0.28823003,prefix_name,high,0.995
2000,2000,DAVIDSON,10 5 UNION HILL,1584,001816,0.00068183,prefix_name,high,0.995
2000,2000,DAVIDSON,10 5 UNION HILL,1584,001847,0.0005737,prefix_name,high,0.995
2000,2000,DAVIDSON,10 5 UNION HILL,1584,001801,0.00055606,prefix_name,high,0.995
2000,2000,DAVIDSON,10 5 UNION HILL,1584,001846,0.00022118,prefix_name,high,0.995
2000,2000,DAVIDSON,10 5 UNION HILL,1584,001844,0.00016662,prefix_name,high,0.995
2000,2000,DAVIDSON,10 6 DAVIDSON ACA,1556,001849,0.9937514,code_token_name,high,0.993
2000,2000,DAVIDSON,10 6 DAVIDSON ACA,1556,001841,0.00541275,code_token_name,high,0.993
2000,2000,DAVIDSON,10 6 DAVIDSON ACA,1556,001847,0.00035715,code_token_name,high,0.993
2000,2000,DAVIDSON,10 6 DAVIDSON ACA,1556,001846,0.00029078,code_token_name,high,0.993
2000,2000,DAVIDSON,10 6 DAVIDSON ACA,1556,001848,0.00018364,code_token_name,high,0.993
2000,2000,DAVIDSON,10 6 DAVIDSON ACA,1556,001850,4.27e-06,code_token_name,high,0.993
2000,2000,DAVIDSON,11 1 OLD HICKORY,1572,001850,0.99898678,prefix_name,high,0.995
2000,2000,DAVIDSON,11 1 OLD HICKORY,1572,001841,0.00059963,prefix_name,high,0.995
2000,2000,DAVIDSON,11 1 OLD HICKORY,1572,001843,0.00034247,prefix_name,high,0.995
2000,2000,DAVIDSON,11 1 OLD HICKORY,1572,001849,6.362e-05,prefix_name,high,0.995
2000,2000,DAVIDSON,11 1 OLD HICKORY,1572,001852,7.5e-06,prefix_name,high,0.995
2000,2000,DAVIDSON,11 2 LAKEWOOD CIT,1572,001850,0.99898678,code_token_name,high,0.993
2000,2000,DAVIDSON,11 2 LAKEWOOD CIT,1572,001841,0.00059963,code_token_name,high,0.993
2000,2000,DAVIDSON,11 2 LAKEWOOD CIT,1572,001843,0.00034247,code_token_name,high,0.993
2000,2000,DAVIDSON,11 2 LAKEWOOD CIT,1572,001849,6.362e-05,code_token_name,high,0.993
2000,2000,DAVIDSON,11 2 LAKEWOOD CIT,1572,001852,7.5e-06,code_token_name,high,0.993
2000,2000,DAVIDSON,11 3 ANDREW JACKS,1572,001850,0.99898678,code_token_name,high,0.993
2000,2000,DAVIDSON,11 3 ANDREW JACKS,1572,001841,0.00059963,code_token_name,high,0.993
2000,2000,DAVIDSON,11 3 ANDREW JACKS,1572,001843,0.00034247,code_token_name,high,0.993
2000,2000,DAVIDSON,11 3 ANDREW JACKS,1572,001849,6.362e-05,code_token_name,high,0.993
2000,2000,DAVIDSON,11 3 ANDREW JACKS,1572,001852,7.5e-06,code_token_name,high,0.993
2000,2000,DAVIDSON,11 4 HERMITAGE,1585,001851,0.6314768,prefix_name,high,0.995
2000,2000,DAVIDSON,11 4 HERMITAGE,1585,001853,0.26376758,prefix_name,high,0.995
2000,2000,DAVIDSON,11 4 HERMITAGE,1585,001854,0.10475125,prefix_name,high,0.995
2000,2000,DAVIDSON,11 4 HERMITAGE,1585,001852,4.37e-06,prefix_name,high,0.995
2000,2000,DAVIDSON,12 1 DUPONT TYLER,1596,001854,0.2574635,prefix_name,high,0.995
2000,2000,DAVIDSON,12 1 DUPONT TYLER,1596,001853,0.22914869,prefix_name,high,0.995
2000,2000,DAVIDSON,12 1 DUPONT TYLER,1596,001863,0.22145008,prefix_name,high,0.995
2000,2000,DAVIDSON,12 1 DUPONT TYLER,1596,001857,0.17368497,prefix_name,high,0.995
2000,2000,DAVIDSON,12 1 DUPONT TYLER,1596,001856,0.11812704,prefix_name,high,0.995
2000,2000,DAVIDSON,12 1 DUPONT TYLER,1596,001864,0.00012572,prefix_name,high,0.995
2000,2000,DAVIDSON,12 1 DUPONT TYLER,1596,001867,0.0,prefix_name,high,0.995
2000,2000,DAVIDSON,12 2 HERMITAGE BA,1596,001854,0.2574635,code_token_name,high,0.993
2000,2000,DAVIDSON,12 2 HERMITAGE BA,1596,001853,0.22914869,code_token_name,high,0.993
2000,2000,DAVIDSON,12 2 HERMITAGE BA,1596,001863,0.22145008,code_token_name,high,0.993
2000,2000,DAVIDSON,12 2 HERMITAGE BA,1596,001857,0.17368497,code_token_name,high,0.993
2000,2000,DAVIDSON,12 2 HERMITAGE BA,1596,001856,0.11812704,code_token_name,high,0.993
2000,2000,DAVIDSON,12 2 HERMITAGE BA,1596,001864,0.00012572,code_token_name,high,0.993
2000,2000,DAVIDSON,12 2 HERMITAGE BA,1596,001867,0.0,code_token_name,high,0.993
2000,2000,DAVIDSON,12 3 NEW HOPE,1604,001855,0.53286654,prefix_name,high,0.995
2000,2000,DAVIDSON,12 3 NEW HOPE,1604,001857,0.17553126,prefix_name,high,0.995
2000,2000,DAVIDSON,12 3 NEW HOPE,1604,001858,0.1102604,prefix_name,high,0.995
2000,2000,DAVIDSON,12 3 NEW HOPE,1604,001865,0.10117729,prefix_name,high,0.995
2000,2000,DAVIDSON,12 3 NEW HOPE,1604,001863,0.07429116,prefix_name,high,0.995
2000,2000,DAVIDSON,12 3 NEW HOPE,1604,001948,0.00311837,prefix_name,high,0.995
2000,2000,DAVIDSON,12 3 NEW HOPE,1604,001866,0.00240579,prefix_name,high,0.995
2000,2000,DAVIDSON,12 3 NEW HOPE,1604,001856,0.00017237,prefix_name,high,0.995
2000,2000,DAVIDSON,12 3 NEW HOPE,1604,001861,9.861e-05,prefix_name,high,0.995
2000,2000,DAVIDSON,12 3 NEW HOPE,1604,001867,7.758e-05,prefix_name,high,0.995
2000,2000,DAVIDSON,12 3 NEW HOPE,1604,001949,6.2e-07,prefix_name,high,0.995
2000,2000,DAVIDSON,12 4 THE TUNE HOUS,1596,001854,0.2574635,code_token_name,high,0.993
2000,2000,DAVIDSON,12 4 THE TUNE HOUS,1596,001853,0.22914869,code_token_name,high,0.993
2000,2000,DAVIDSON,12 4 THE TUNE HOUS,1596,001863,0.22145008,code_token_name,high,0.993
2000,2000,DAVIDSON,12 4 THE TUNE HOUS,1596,001857,0.17368497,code_token_name,high,0.993
2000,2000,DAVIDSON,12 4 THE TUNE HOUS,1596,001856,0.11812704,code_token_name,high,0.993
2000,2000,DAVIDSON,12 4 THE TUNE HOUS,1596,001864,0.00012572,code_token_name,high,0.993
2000,2000,DAVIDSON,12 4 THE TUNE HOUS,1596,001867,0.0,code_token_name,high,0.993
2000,2000,DAVIDSON,13 1 GLENGARRY,1612,001874,0.77977695,prefix_name,high,0.995
2000,2000,DAVIDSON,13 1 GLENGARRY,1612,001860,0.21946367,prefix_name,high,0.995
2000,2000,DAVIDSON,13 1 GLENGARRY,1612,001873,0.00061826,prefix_name,high,0.995
2000,2000,DAVIDSON,13 1 GLENGARRY,1612,001859,0.00014099,prefix_name,high,0.995
2000,2000,DAVIDSON,13 1 GLENGARRY,1612,001875,1.3e-07,prefix_name,high,0.995
2000,2000,DAVIDSON,13 2 GLENVIEW,1616,001859,0.9643728,prefix_name,high,0.995
2000,2000,DAVIDSON,13 2 GLENVIEW,1616,001860,0.03426655,prefix_name,high,0.995
2000,2000,DAVIDSON,13 2 GLENVIEW,1616,001861,0.00099119,prefix_name,high,0.995
2000,2000,DAVIDSON,13 2 GLENVIEW,1616,001870,0.00035503,prefix_name,high,0.995
2000,2000,DAVIDSON,13 2 GLENVIEW,1616,001874,1.444e-05,prefix_name,high,0.995
2000,2000,DAVIDSON,13 3 PLEASANT HILL,1620,001861,0.50474129,prefix_name,high,0.995
2000,2000,DAVIDSON,13 3 PLEASANT HILL,1620,001932,0.38671311,prefix_name,high,0.995
2000,2000,DAVIDSON,13 3 PLEASANT HILL,1620,001935,0.10639789,prefix_name,high,0.995
2000,2000,DAVIDSON,13 3 PLEASANT HILL,1620,001859,0.0020662,prefix_name,high,0.995
2000,2000,DAVIDSON,13 3 PLEASANT HILL,1620,001929,8.148e-05,prefix_name,high,0.995
2000,2000,DAVIDSON,13 3 PLEASANT HILL,1620,001870,3e-08,prefix_name,high,0.995
2000,2000,DAVIDSON,13 4 VULTEE CH OF,1612,001874,0.77977695,code_token_name,high,0.993
2000,2000,DAVIDSON,13 4 VULTEE CH OF,1612,001860,0.21946367,code_token_name,high,0.993
2000,2000,DAVIDSON,13 4 VULTEE CH OF,1612,001873,0.00061826,code_token_name,high,0.993
2000,2000,DAVIDSON,13 4 VULTEE CH OF,1612,001859,0.00014099,code_token_name,high,0.993
2000,2000,DAVIDSON,13 4 VULTEE CH OF,1612,001875,1.3e-07,code_token_name,high,0.993
2000,2000,DAVIDSON,13 5 WHITSETT BAPT,1612,001874,0.77977695,code_token_name,high,0.993
2000,2000,DAVIDSON,13 5 WHITSETT BAPT,1612,001860,0.21946367,code_token_name,high,0.993
2000,2000,DAVIDSON,13 5 WHITSETT BAPT,1612,001873,0.00061826,code_token_name,high,0.993
2000,2000,DAVIDSON,13 5 WHITSETT BAPT,1612,001859,0.00014099,code_token_name,high,0.993
2000,2000,DAVIDSON,13 5 WHITSETT BAPT,1612,001875,1.3e-07,code_token_name,high,0.993
2000,2000,DAVIDSON,13 6 VULTEE,1625,001873,0.99880632,prefix_name,high,0.995
2000,2000,DAVIDSON,13 6 VULTEE,1625,001872,0.00119368,prefix_name,high,0.995
2000,2000,DAVIDSON,13 7 GLENVIEW,1618,001859,0.99947925,prefix_name,high,0.995
2000,2000,DAVIDSON,13 7 GLENVIEW,1618,001871,0.00052075,prefix_name,high,0.995
2000,2000,DAVIDSON,14 1 HICKMAN,1640,001867,0.6683917,prefix_name,high,0.995
2000,2000,DAVIDSON,14 1 HICKMAN,1640,001870,0.32994992,prefix_name,high,0.995
2000,2000,DAVIDSON,14 1 HICKMAN,1640,001861,0.00160757,prefix_name,high,0.995
2000,2000,DAVIDSON,14 1 HICKMAN,1640,001862,5.081e-05,prefix_name,high,0.995
2000,2000,DAVIDSON,14 2 TN SCH FOR BLI,1640,001867,0.6683917,code_token_name,high,0.993
2000,2000,DAVIDSON,14 2 TN SCH FOR BLI,1640,001870,0.32994992,code_token_name,high,0.993
2000,2000,DAVIDSON,14 2 TN SCH FOR BLI,1640,001861,0.00160757,code_token_name,high,0.993
2000,2000,DAVIDSON,14 2 TN SCH FOR BLI,1640,001862,5.081e-05,code_token_name,high,0.993
2000,2000,DAVIDSON,14 3 HERMITAGE SC,1640,001867,0.6683917,code_token_name,high,0.993
2000,2000,DAVIDSON,14 3 HERMITAGE SC,1640,001870,0.32994992,code_token_name,high,0.993
2000,2000,DAVIDSON,14 3 HERMITAGE SC,1640,001861,0.00160757,code_token_name,high,0.993
2000,2000,DAVIDSON,14 3 HERMITAGE SC,1640,001862,5.081e-05,code_token_name,high,0.993
2000,2000,DAVIDSON,15 1 TWO RIVERS,1656,001868,0.92504751,prefix_name,high,0.995
2000,2000,DAVIDSON,15 1 TWO RIVERS,1656,001869,0.07281989,prefix_name,high,0.995
2000,2000,DAVIDSON,15 1 TWO RIVERS,1656,001843,0.00083659,prefix_name,high,0.995
2000,2000,DAVIDSON,15 1 TWO RIVERS,1656,001832,0.00036636,prefix_name,high,0.995
2000,2000,DAVIDSON,15 1 TWO RIVERS,1656,001836,0.00026236,prefix_name,high,0.995
2000,2000,DAVIDSON,15 1 TWO RIVERS,1656,001835,0.00022451,prefix_name,high,0.995
2000,2000,DAVIDSON,15 1 TWO RIVERS,1656,001864,0.00018678,prefix_name,high,0.995
2000,2000,DAVIDSON,15 1 TWO RIVERS,1656,001829,0.00017696,prefix_name,high,0.995
2000,2000,DAVIDSON,15 1 TWO RIVERS,1656,001871,4.514e-05,prefix_name,high,0.995
2000,2000,DAVIDSON,15 1 TWO RIVERS,1656,001870,3.313e-05,prefix_name,high,0.995
2000,2000,DAVIDSON,15 1 TWO RIVERS,1656,001842,7.6e-07,prefix_name,high,0.995
2000,2000,DAVIDSON,15 2 MARGARET ALL,1656,001868,0.92504751,code_token_name,high,0.993
2000,2000,DAVIDSON,15 2 MARGARET ALL,1656,001869,0.07281989,code_token_name,high,0.993
2000,2000,DAVIDSON,15 2 MARGARET ALL,1656,001843,0.00083659,code_token_name,high,0.993
2000,2000,DAVIDSON,15 2 MARGARET ALL,1656,001832,0.00036636,code_token_name,high,0.993
2000,2000,DAVIDSON,15 2 MARGARET ALL,1656,001836,0.00026236,code_token_name,high,0.993
2000,2000,DAVIDSON,15 2 MARGARET ALL,1656,001835,0.00022451,code_token_name,high,0.993
2000,2000,DAVIDSON,15 2 MARGARET ALL,1656,001864,0.00018678,code_token_name,high,0.993
2000,2000,DAVIDSON,15 2 MARGARET ALL,1656,001829,0.00017696,code_token_name,high,0.993
2000,2000,DAVIDSON,15 2 MARGARET ALL,1656,001871,4.514e-05,code_token_name,high,0.993
2000,2000,DAVIDSON,15 2 MARGARET ALL,1656,001870,3.313e-05,code_token_name,high,0.993
2000,2000,DAVIDSON,15 2 MARGARET ALL,1656,001842,7.6e-07,code_token_name,high,0.993
2000,2000,DAVIDSON,15 3 DONELSON UMC,1656,001868,0.92504751,code_token_name,high,0.993
2000,2000,DAVIDSON,15 3 DONELSON UMC,1656,001869,0.07281989,code_token_name,high,0.993
2000,2000,DAVIDSON,15 3 DONELSON UMC,1656,001843,0.00083659,code_token_name,high,0.993
2000,2000,DAVIDSON,15 3 DONELSON UMC,1656,001832,0.00036636,code_token_name,high,0.993
2000,2000,DAVIDSON,15 3 DONELSON UMC,1656,001836,0.00026236,code_token_name,high,0.993
2000,2000,DAVIDSON,15 3 DONELSON UMC,1656,001835,0.00022451,code_token_name,high,0.993
2000,2000,DAVIDSON,15 3 DONELSON UMC,1656,001864,0.00018678,code_token_name,high,0.993
2000,2000,DAVIDSON,15 3 DONELSON UMC,1656,001829,0.00017696,code_token_name,high,0.993
2000,2000,DAVIDSON,15 3 DONELSON UMC,1656,001871,4.514e-05,code_token_name,high,0.993
2000,2000,DAVIDSON,15 3 DONELSON UMC,1656,001870,3.313e-05,code_token_name,high,0.993
2000,2000,DAVIDSON,15 3 DONELSON UMC,1656,001842,7.6e-07,code_token_name,high,0.993
2000,2000,DAVIDSON,15 4 DONELSON LIB,1656,001868,0.92504751,code_token_name,high,0.993
2000,2000,DAVIDSON,15 4 DONELSON LIB,1656,001869,0.07281989,code_token_name,high,0.993
2000,2000,DAVIDSON,15 4 DONELSON LIB,1656,001843,0.00083659,code_token_name,high,0.993
2000,2000,DAVIDSON,15 4 DONELSON LIB,1656,001832,0.00036636,code_token_name,high,0.993
2000,2000,DAVIDSON,15 4 DONELSON LIB,1656,001836,0.00026236,code_token_name,high,0.993
2000,2000,DAVIDSON,15 4 DONELSON LIB,1656,001835,0.00022451,code_token_name,high,0.993
2000,2000,DAVIDSON,15 4 DONELSON LIB,1656,001864,0.00018678,code_token_name,high,0.993
2000,2000,DAVIDSON,15 4 DONELSON LIB,1656,001829,0.00017696,code_token_name,high,0.993
2000,2000,DAVIDSON,15 4 DONELSON LIB,1656,001871,4.514e-05,code_token_name,high,0.993
2000,2000,DAVIDSON,15 4 DONELSON LIB,1656,001870,3.313e-05,code_token_name,high,0.993
2000,2000,DAVIDSON,15 4 DONELSON LIB,1656,001842,7.6e-07,code_token_name,high,0.993
2000,2000,DAVIDSON,15 5 MARGARET ALL,1656,001868,0.92504751,code_token_name,high,0.993
2000,2000,DAVIDSON,15 5 MARGARET ALL,1656,001869,0.07281989,code_token_name,high,0.993
2000,2000,DAVIDSON,15 5 MARGARET ALL,1656,001843,0.00083659,code_token_name,high,0.993
2000,2000,DAVIDSON,15 5 MARGARET ALL,1656,001832,0.00036636,code_token_name,high,0.993
2000,2000,DAVIDSON,15 5 MARGARET ALL,1656,001836,0.00026236,code_token_name,high,0.993
2000,2000,DAVIDSON,15 5 MARGARET ALL,1656,001835,0.00022451,code_token_name,high,0.993
2000,2000,DAVIDSON,15 5 MARGARET ALL,1656,001864,0.00018678,code_token_name,high,0.993
2000,2000,DAVIDSON,15 5 MARGARET ALL,1656,001829,0.00017696,code_token_name,high,0.993
2000,2000,DAVIDSON,15 5 MARGARET ALL,1656,001871,4.514e-05,code_token_name,high,0.993
2000,2000,DAVIDSON,15 5 MARGARET ALL,1656,001870,3.313e-05,code_token_name,high,0.993
2000,2000,DAVIDSON,15 5 MARGARET ALL,1656,001842,7.6e-07,code_token_name,high,0.993
2000,2000,DAVIDSON,16 1 BERRY ELEM,1672,001884,0.57276923,code_token_name,high,0.993
2000,2000,DAVIDSON,16 1 BERRY ELEM,1672,001883,0.42268466,code_token_name,high,0.993
2000,2000,DAVIDSON,16 1 BERRY ELEM,1672,001882,0.0045461,code_token_name,high,0.993
2000,2000,DAVIDSON,16 2 WOODBINE PRE,1672,001884,0.57276923,code_token_name,high,0.993
2000,2000,DAVIDSON,16 2 WOODBINE PRE,1672,001883,0.42268466,code_token_name,high,0.993
2000,2000,DAVIDSON,16 2 WOODBINE PRE,1672,001882,0.0045461,code_token_name,high,0.993
2000,2000,DAVIDSON,16 3 WOODBINE BAP,1672,001884,0.57276923,code_token_name,high,0.993
2000,2000,DAVIDSON,16 3 WOODBINE BAP,1672,001883,0.42268466,code_token_name,high,0.993
2000,2000,DAVIDSON,16 3 WOODBINE BAP,1672,001882,0.0045461,code_token_name,high,0.993
2000,2000,DAVIDSON,16 4 GLENWOOD BA,1672,001884,0.57276923,code_token_name,high,0.993
2000,2000,DAVIDSON,16 4 GLENWOOD BA,1672,001883,0.42268466,code_token_name,high,0.993
2000,2000,DAVIDSON,16 4 GLENWOOD BA,1672,001882,0.0045461,code_token_name,high,0.993
2000,2000,DAVIDSON,16 5 GLENWOOD BA,1672,001884,0.57276923,code_token_name,high,0.993
2000,2000,DAVIDSON,16 5 GLENWOOD BA,1672,001883,0.42268466,code_token_name,high,0.993
2000,2000,DAVIDSON,16 5 GLENWOOD BA,1672,001882,0.0045461,code_token_name,high,0.993
2000,2000,DAVIDSON,17 1 MURRELL SCHO,1688,001878,0.72607468,code_token_name,high,0.993
2000,2000,DAVIDSON,17 1 MURRELL SCHO,1688,001879,0.13792242,code_token_name,high,0.993
2000,2000,DAVIDSON,17 1 MURRELL SCHO,1688,001886,0.13556525,code_token_name,high,0.993
2000,2000,DAVIDSON,17 1 MURRELL SCHO,1688,001881,0.00039123,code_token_name,high,0.993
2000,2000,DAVIDSON,17 1 MURRELL SCHO,1688,001884,4.388e-05,code_token_name,high,0.993
2000,2000,DAVIDSON,17 1 MURRELL SCHO,1688,001888,2.52e-06,code_token_name,high,0.993
2000,2000,DAVIDSON,17 1 MURRELL SCHO,1688,001893,2e-08,code_token_name,high,0.993
2000,2000,DAVIDSON,17 2 SEVIER PARK C,1688,001878,0.72607468,code_token_name,high,0.993
2000,2000,DAVIDSON,17 2 SEVIER PARK C,1688,001879,0.13792242,code_token_name,high,0.993
2000,2000,DAVIDSON,17 2 SEVIER PARK C,1688,001886,0.13556525,code_token_name,high,0.993
2000,2000,DAVIDSON,17 2 SEVIER PARK C,1688,001881,0.00039123,code_token_name,high,0.993
2000,2000,DAVIDSON,17 2 SEVIER PARK C,1688,001884,4.388e-05,code_token_name,high,0.993
2000,2000,DAVIDSON,17 2 SEVIER PARK C,1688,001888,2.52e-06,code_token_name,high,0.993
2000,2000,DAVIDSON,17 2 SEVIER PARK C,1688,001893,2e-08,code_token_name,high,0.993
2000,2000,DAVIDSON,17 3 VINE HILL,1696,001884,0.69401686,prefix_name,high,0.995
2000,2000,DAVIDSON,17 3 VINE HILL,1696,001880,0.22713376,prefix_name,high,0.995
2000,2000,DAVIDSON,17 3 VINE HILL,1696,001878,0.07857608,prefix_name,high,0.995
2000,2000,DAVIDSON,17 3 VINE HILL,1696,001882,0.00020019,prefix_name,high,0.995
2000,2000,DAVIDSON,17 3 VINE HILL,1696,001881,7.311e-05,prefix_name,high,0.995
2000,2000,DAVIDSON,17 4 BERRY HILL,1700,001882,0.93125093,prefix_name,high,0.995
2000,2000,DAVIDSON,17 4 BERRY HILL,1700,001881,0.0684699,prefix_name,high,0.995
2000,2000,DAVIDSON,17 4 BERRY HILL,1700,001884,0.00018839,prefix_name,high,0.995
2000,2000,DAVIDSON,17 4 BERRY HILL,1700,001919,8.26e-05,prefix_name,high,0.995
2000,2000,DAVIDSON,17 4 BERRY HILL,1700,001877,8.18e-06,prefix_name,high,0.995
2000,2000,DAVIDSON,17 5 BOY SCOUT HD,1688,001878,0.72607468,code_token_name,high,0.993
2000,2000,DAVIDSON,17 5 BOY SCOUT HD,1688,001879,0.13792242,code_token_name,high,0.993
2000,2000,DAVIDSON,17 5 BOY SCOUT HD,1688,001886,0.13556525,code_token_name,high,0.993
2000,2000,DAVIDSON,17 5 BOY SCOUT HD,1688,001881,0.00039123,code_token_name,high,0.993
2000,2000,DAVIDSON,17 5 BOY SCOUT HD,1688,001884,4.388e-05,code_token_name,high,0.993
2000,2000,DAVIDSON,17 5 BOY SCOUT HD,1688,001888,2.52e-06,code_token_name,high,0.993
2000,2000,DAVIDSON,17 5 BOY SCOUT HD,1688,001893,2e-08,code_token_name,high,0.993
2000,2000,DAVIDSON,17 6 SEVIER PARK C,1688,001878,0.72607468,code_token_name,high,0.993
2000,2000,DAVIDSON,17 6 SEVIER PARK C,1688,001879,0.13792242,code_token_name,high,0.993
2000,2000,DAVIDSON,17 6 SEVIER PARK C,1688,001886,0.13556525,code_token_name,high,0.993
2000,2000,DAVIDSON,17 6 SEVIER PARK C,1688,001881,0.00039123,code_token_name,high,0.993
2000,2000,DAVIDSON,17 6 SEVIER PARK C,1688,001884,4.388e-05,code_token_name,high,0.993
2000,2000,DAVIDSON,17 6 SEVIER PARK C,1688,001888,2.52e-06,code_token_name,high,0.993
2000,2000,DAVIDSON,17 6 SEVIER PARK C,1688,001893,2e-08,code_token_name,high,0.993
2000,2000,DAVIDSON,18 1 EAKIN SCHOOL,1704,001885,0.97418872,exact_name,high,1.0
2000,2000,DAVIDSON,18 1 EAKIN SCHOOL,1704,001902,0.02359905,exact_name,high,1.0
2000,2000,DAVIDSON,18 1 EAKIN SCHOOL,1704,001887,0.00210115,exact_name,high,1.0
2000,2000,DAVIDSON,18 1 EAKIN SCHOOL,1704,001893,0.00010012,exact_name,high,1.0
2000,2000,DAVIDSON,18 1 EAKIN SCHOOL,1704,001879,1.097e-05,exact_name,high,1.0
2000,2000,DAVIDSON,18 2 BELMONT UNIV,1704,001885,0.97418872,code_token_name,high,0.993
2000,2000,DAVIDSON,18 2 BELMONT UNIV,1704,001902,0.02359905,code_token_name,high,0.993
2000,2000,DAVIDSON,18 2 BELMONT UNIV,1704,001887,0.00210115,code_token_name,high,0.993
2000,2000,DAVIDSON,18 2 BELMONT UNIV,1704,001893,0.00010012,code_token_name,high,0.993
2000,2000,DAVIDSON,18 2 BELMONT UNIV,1704,001879,1.097e-05,code_token_name,high,0.993
2000,2000,DAVIDSON,18 3 HILLSBORO FIR,1704,001885,0.97418872,code_token_name,high,0.993
2000,2000,DAVIDSON,18 3 HILLSBORO FIR,1704,001902,0.02359905,code_token_name,high,0.993
2000,2000,DAVIDSON,18 3 HILLSBORO FIR,1704,001887,0.00210115,code_token_name,high,0.993
2000,2000,DAVIDSON,18 3 HILLSBORO FIR,1704,001893,0.00010012,code_token_name,high,0.993
2000,2000,DAVIDSON,18 3 HILLSBORO FIR,1704,001879,1.097e-05,code_token_name,high,0.993
2000,2000,DAVIDSON,18 4 BELMONT BAPT,1704,001885,0.97418872,code_token_name,high,0.993
2000,2000,DAVIDSON,18 4 BELMONT BAPT,1704,001902,0.02359905,code_token_name,high,0.993
2000,2000,DAVIDSON,18 4 BELMONT BAPT,1704,001887,0.00210115,code_token_name,high,0.993
2000,2000,DAVIDSON,18 4 BELMONT BAPT,1704,001893,0.00010012,code_token_name,high,0.993
2000,2000,DAVIDSON,18 4 BELMONT BAPT,1704,001879,1.097e-05,code_token_name,high,0.993
2000,2000,DAVIDSON,18 5 ST BERNARD S,1706,001887,0.9997402,exact_name,high,1.0
2000,2000,DAVIDSON,18 5 ST BERNARD S,1706,001888,7.772e-05,exact_name,high,1.0
2000,2000,DAVIDSON,18 5 ST BERNARD S,1706,001902,6.739e-05,exact_name,high,1.0
2000,2000,DAVIDSON,18 5 ST BERNARD S,1706,001885,6.103e-05,exact_name,high,1.0
2000,2000,DAVIDSON,18 5 ST BERNARD S,1706,001889,5.365e-05,exact_name,high,1.0
2000,2000,DAVIDSON,18 6 EAKIN SCHOOL,1710,001887,0.99972146,exact_name,high,1.0
2000,2000,DAVIDSON,18 6 EAKIN SCHOOL,1710,001885,0.00021267,exact_name,high,1.0
2000,2000,DAVIDSON,18 6 EAKIN SCHOOL,1710,001902,6.587e-05,exact_name,high,1.0
2000,2000,DAVIDSON,19 1 WATKINS CC,1716,001892,0.32288744,code_token_name,high,0.993
2000,2000,DAVIDSON,19 1 WATKINS CC,1716,001901,0.32279282,code_token_name,high,0.993
2000,2000,DAVIDSON,19 1 WATKINS CC,1716,001893,0.21167345,code_token_name,high,0.993
2000,2000,DAVIDSON,19 1 WATKINS CC,1716,001890,0.14204598,code_token_name,high,0.993
2000,2000,DAVIDSON,19 1 WATKINS CC,1716,001900,0.0006003,code_token_name,high,0.993
2000,2000,DAVIDSON,19 2 EDGEHILL ESTA,1716,001892,0.32288744,code_token_name,high,0.993
2000,2000,DAVIDSON,19 2 EDGEHILL ESTA,1716,001901,0.32279282,code_token_name,high,0.993
2000,2000,DAVIDSON,19 2 EDGEHILL ESTA,1716,001893,0.21167345,code_token_name,high,0.993
2000,2000,DAVIDSON,19 2 EDGEHILL ESTA,1716,001890,0.14204598,code_token_name,high,0.993
2000,2000,DAVIDSON,19 2 EDGEHILL ESTA,1716,001900,0.0006003,code_token_name,high,0.993
2000,2000,DAVIDSON,19 3 SEAY HUBBARD,1724,001880,0.99769889,prefix_name,high,0.995
2000,2000,DAVIDSON,19 3 SEAY HUBBARD,1724,001878,0.00225666,prefix_name,high,0.995
2000,2000,DAVIDSON,19 3 SEAY HUBBARD,1724,001883,1.905e-05,prefix_name,high,0.995
2000,2000,DAVIDSON,19 3 SEAY HUBBARD,1724,001884,1.836e-05,prefix_name,high,0.995
2000,2000,DAVIDSON,19 3 SEAY HUBBARD,1724,001894,7.05e-06,prefix_name,high,0.995
2000,2000,DAVIDSON,19 4 NAPIER,1728,001890,0.72853221,prefix_name,high,0.995
2000,2000,DAVIDSON,19 4 NAPIER,1728,001894,0.26332687,prefix_name,high,0.995
2000,2000,DAVIDSON,19 4 NAPIER,1728,001895,0.00749059,prefix_name,high,0.995
2000,2000,DAVIDSON,19 4 NAPIER,1728,001880,0.0005487,prefix_name,high,0.995
2000,2000,DAVIDSON,19 4 NAPIER,1728,001828,0.00010163,prefix_name,high,0.995
2000,2000,DAVIDSON,19 5 TREVECCA,1725,001883,0.74034779,prefix_name,high,0.995
2000,2000,DAVIDSON,19 5 TREVECCA,1725,001894,0.25656005,prefix_name,high,0.995
2000,2000,DAVIDSON,19 5 TREVECCA,1725,001880,0.00214372,prefix_name,high,0.995
2000,2000,DAVIDSON,19 5 TREVECCA,1725,001884,0.00094845,prefix_name,high,0.995
2000,2000,DAVIDSON,20 1 WHARTON,1768,001900,0.99900788,prefix_name,high,0.995
2000,2000,DAVIDSON,20 1 WHARTON,1768,001899,0.00092305,prefix_name,high,0.995
2000,2000,DAVIDSON,20 1 WHARTON,1768,001901,6.906e-05,prefix_name,high,0.995
2000,2000,DAVIDSON,20 3 ST VINCENT,1776,001900,0.92441668,prefix_name,high,0.995
2000,2000,DAVIDSON,20 3 ST VINCENT,1776,001892,0.07558332,prefix_name,high,0.995
2000,2000,DAVIDSON,20 4 JONES SCHOOL,1780,001809,0.81289881,exact_name,high,1.0
2000,2000,DAVIDSON,20 4 JONES SCHOOL,1780,001900,0.18541017,exact_name,high,1.0
2000,2000,DAVIDSON,20 4 JONES SCHOOL,1780,001808,0.00168777,exact_name,high,1.0
2000,2000,DAVIDSON,20 4 JONES SCHOOL,1780,001891,3.25e-06,exact_name,high,1.0
2000,2000,DAVIDSON,20 5 15TH AVE BAPT,1768,001900,0.99900788,code_token_name,high,0.993
2000,2000,DAVIDSON,20 5 15TH AVE BAPT,1768,001899,0.00092305,code_token_name,high,0.993
2000,2000,DAVIDSON,20 5 15TH AVE BAPT,1768,001901,6.906e-05,code_token_name,high,0.993
2000,2000,DAVIDSON,21 1 HADLEY PARK,1788,001899,0.88973164,prefix_name,high,0.995
2000,2000,DAVIDSON,21 1 HADLEY PARK,1788,001915,0.03667124,prefix_name,high,0.995
2000,2000,DAVIDSON,21 1 HADLEY PARK,1788,001901,0.03410616,prefix_name,high,0.995
2000,2000,DAVIDSON,21 1 HADLEY PARK,1788,001896,0.02740432,prefix_name,high,0.995
2000,2000,DAVIDSON,21 1 HADLEY PARK,1788,001897,0.01072026,prefix_name,high,0.995
2000,2000,DAVIDSON,21 1 HADLEY PARK,1788,001900,0.0009475,prefix_name,high,0.995
2000,2000,DAVIDSON,21 1 HADLEY PARK,1788,001805,0.00036313,prefix_name,high,0.995
2000,2000,DAVIDSON,21 1 HADLEY PARK,1788,001912,5.576e-05,prefix_name,high,0.995
2000,2000,DAVIDSON,21 2 45TH AVENUE,1788,001899,0.88973164,code_token_name,high,0.993
2000,2000,DAVIDSON,21 2 45TH AVENUE,1788,001915,0.03667124,code_token_name,high,0.993
2000,2000,DAVIDSON,21 2 45TH AVENUE,1788,001901,0.03410616,code_token_name,high,0.993
2000,2000,DAVIDSON,21 2 45TH AVENUE,1788,001896,0.02740432,code_token_name,high,0.993
2000,2000,DAVIDSON,21 2 45TH AVENUE,1788,001897,0.01072026,code_token_name,high,0.993
2000,2000,DAVIDSON,21 2 45TH AVENUE,1788,001900,0.0009475,code_token_name,high,0.993
2000,2000,DAVIDSON,21 2 45TH AVENUE,1788,001805,0.00036313,code_token_name,high,0.993
2000,2000,DAVIDSON,21 2 45TH AVENUE,1788,001912,5.576e-05,code_token_name,high,0.993
2000,2000,DAVIDSON,21 4 CENTENNIAL PA,1788,001899,0.88973164,code_token_name,high,0.993
2000,2000,DAVIDSON,21 4 CENTENNIAL PA,1788,001915,0.03667124,code_token_name,high,0.993
2000,2000,DAVIDSON,21 4 CENTENNIAL PA,1788,001901,0.03410616,code_token_name,high,0.993
2000,2000,DAVIDSON,21 4 CENTENNIAL PA,1788,001896,0.02740432,code_token_name,high,0.993
2000,2000,DAVIDSON,21 4 CENTENNIAL PA,1788,001897,0.01072026,code_token_name,high,0.993
2000,2000,DAVIDSON,21 4 CENTENNIAL PA,1788,001900,0.0009475,code_token_name,high,0.993
2000,2000,DAVIDSON,21 4 CENTENNIAL PA,1788,001805,0.00036313,code_token_name,high,0.993
2000,2000,DAVIDSON,21 4 CENTENNIAL PA,1788,001912,5.576e-05,code_token_name,high,0.993
2000,2000,DAVIDSON,21 5 PEARL COHN,1794,001901,0.71131291,prefix_name,high,0.995
2000,2000,DAVIDSON,21 5 PEARL COHN,1794,001902,0.24545288,prefix_name,high,0.995
2000,2000,DAVIDSON,21 5 PEARL COHN,1794,001893,0.04256158,prefix_name,high,0.995
2000,2000,DAVIDSON,21 5 PEARL COHN,1794,001899,0.00061384,prefix_name,high,0.995
2000,2000,DAVIDSON,21 5 PEARL COHN,1794,001885,5.393e-05,prefix_name,high,0.995
2000,2000,DAVIDSON,21 5 PEARL COHN,1794,001892,4.86e-06,prefix_name,high,0.995
2000,2000,DAVIDSON,21 6 CENTENNIAL AR,1788,001899,0.88973164,code_token_name,high,0.993
2000,2000,DAVIDSON,21 6 CENTENNIAL AR,1788,001915,0.03667124,code_token_name,high,0.993
2000,2000,DAVIDSON,21 6 CENTENNIAL AR,1788,001901,0.03410616,code_token_name,high,0.993
2000,2000,DAVIDSON,21 6 CENTENNIAL AR,1788,001896,0.02740432,code_token_name,high,0.993
2000,2000,DAVIDSON,21 6 CENTENNIAL AR,1788,001897,0.01072026,code_token_name,high,0.993
2000,2000,DAVIDSON,21 6 CENTENNIAL AR,1788,001900,0.0009475,code_token_name,high,0.993
2000,2000,DAVIDSON,21 6 CENTENNIAL AR,1788,001805,0.00036313,code_token_name,high,0.993
2000,2000,DAVIDSON,21 6 CENTENNIAL AR,1788,001912,5.576e-05,code_token_name,high,0.993
2000,2000,DAVIDSON,22 1 WEST PARK,1804,001898,0.70765715,prefix_name,high,0.995
2000,2000,DAVIDSON,22 1 WEST PARK,1804,001897,0.26791045,prefix_name,high,0.995
2000,2000,DAVIDSON,22 1 WEST PARK,1804,001913,0.01340752,prefix_name,high,0.995
2000,2000,DAVIDSON,22 1 WEST PARK,1804,001912,0.0073044,prefix_name,high,0.995
2000,2000,DAVIDSON,22 1 WEST PARK,1804,001896,0.00372006,prefix_name,high,0.995
2000,2000,DAVIDSON,22 1 WEST PARK,1804,001804,4.1e-07,prefix_name,high,0.995
2000,2000,DAVIDSON,22 2 CHARLOTTE PA,1804,001898,0.70765715,code_token_name,high,0.993
2000,2000,DAVIDSON,22 2 CHARLOTTE PA,1804,001897,0.26791045,code_token_name,high,0.993
2000,2000,DAVIDSON,22 2 CHARLOTTE PA,1804,001913,0.01340752,code_token_name,high,0.993
2000,2000,DAVIDSON,22 2 CHARLOTTE PA,1804,001912,0.0073044,code_token_name,high,0.993
2000,2000,DAVIDSON,22 2 CHARLOTTE PA,1804,001896,0.00372006,code_token_name,high,0.993
2000,2000,DAVIDSON,22 2 CHARLOTTE PA,1804,001804,4.1e-07,code_token_name,high,0.993
2000,2000,DAVIDSON,22 3 CENTENNIAL FI,1804,001898,0.70765715,code_token_name,high,0.993
2000,2000,DAVIDSON,22 3 CENTENNIAL FI,1804,001897,0.26791045,code_token_name,high,0.993
2000,2000,DAVIDSON,22 3 CENTENNIAL FI,1804,001913,0.01340752,code_token_name,high,0.993
2000,2000,DAVIDSON,22 3 CENTENNIAL FI,1804,001912,0.0073044,code_token_name,high,0.993
2000,2000,DAVIDSON,22 3 CENTENNIAL FI,1804,001896,0.00372006,code_token_name,high,0.993
2000,2000,DAVIDSON,22 3 CENTENNIAL FI,1804,001804,4.1e-07,code_token_name,high,0.993
2000,2000,DAVIDSON,23 1 GOWER,1820,001958,0.8714821,prefix_name,high,0.995
2000,2000,DAVIDSON,23 1 GOWER,1820,001903,0.12827111,prefix_name,high,0.995
2000,2000,DAVIDSON,23 1 GOWER,1820,001804,0.00011319,prefix_name,high,0.995
2000,2000,DAVIDSON,23 1 GOWER,1820,001905,8.399e-05,prefix_name,high,0.995
2000,2000,DAVIDSON,23 1 GOWER,1820,001959,3.405e-05,prefix_name,high,0.995
2000,2000,DAVIDSON,23 1 GOWER,1820,001960,1.556e-05,prefix_name,high,0.995
2000,2000,DAVIDSON,23 2 BELLEVUE CC,1820,001958,0.8714821,code_token_name,high,0.993
2000,2000,DAVIDSON,23 2 BELLEVUE CC,1820,001903,0.12827111,code_token_name,high,0.993
2000,2000,DAVIDSON,23 2 BELLEVUE CC,1820,001804,0.00011319,code_token_name,high,0.993
2000,2000,DAVIDSON,23 2 BELLEVUE CC,1820,001905,8.399e-05,code_token_name,high,0.993
2000,2000,DAVIDSON,23 2 BELLEVUE CC,1820,001959,3.405e-05,code_token_name,high,0.993
2000,2000,DAVIDSON,23 2 BELLEVUE CC,1820,001960,1.556e-05,code_token_name,high,0.993
2000,2000,DAVIDSON,23 3 WESTMEADE,1826,001908,0.99852442,prefix_name,high,0.995
2000,2000,DAVIDSON,23 3 WESTMEADE,1826,001907,0.00076253,prefix_name,high,0.995
2000,2000,DAVIDSON,23 3 WESTMEADE,1826,001956,0.00049364,prefix_name,high,0.995
2000,2000,DAVIDSON,23 3 WESTMEADE,1826,001909,0.0002194,prefix_name,high,0.995
2000,2000,DAVIDSON,23 4 BROOK HOLLO,1820,001958,0.8714821,code_token_name,high,0.993
2000,2000,DAVIDSON,23 4 BROOK HOLLO,1820,001903,0.12827111,code_token_name,high,0.993
2000,2000,DAVIDSON,23 4 BROOK HOLLO,1820,001804,0.00011319,code_token_name,high,0.993
2000,2000,DAVIDSON,23 4 BROOK HOLLO,1820,001905,8.399e-05,code_token_name,high,0.993
2000,2000,DAVIDSON,23 4 BROOK HOLLO,1820,001959,3.405e-05,code_token_name,high,0.993
2000,2000,DAVIDSON,23 4 BROOK HOLLO,1820,001960,1.556e-05,code_token_name,high,0.993
2000,2000,DAVIDSON,24 1 SYLVAN PARK,1836,001912,0.98865889,prefix_name,high,0.995
2000,2000,DAVIDSON,24 1 SYLVAN PARK,1836,001902,0.01028457,prefix_name,high,0.995
2000,2000,DAVIDSON,24 1 SYLVAN PARK,1836,001915,0.00096144,prefix_name,high,0.995
2000,2000,DAVIDSON,24 1 SYLVAN PARK,1836,001916,9.51e-05,prefix_name,high,0.995
2000,2000,DAVIDSON,24 2 MCCABE PARK,1840,001916,0.99157332,exact_name,high,1.0
2000,2000,DAVIDSON,24 2 MCCABE PARK,1840,001912,0.00461679,exact_name,high,1.0
2000,2000,DAVIDSON,24 2 MCCABE PARK,1840,001902,0.0020619,exact_name,high,1.0
2000,2000,DAVIDSON,24 2 MCCABE PARK,1840,001889,0.00093436,exact_name,high,1.0
2000,2000,DAVIDSON,24 2 MCCABE PARK,1840,001913,0.00043284,exact_name,high,1.0
2000,2000,DAVIDSON,24 2 MCCABE PARK,1840,001914,0.00023354,exact_name,high,1.0
2000,2000,DAVIDSON,24 2 MCCABE PARK,1840,001917,0.00014725,exact_name,high,1.0
2000,2000,DAVIDSON,24 3 VO TECH,1836,001912,0.98865889,code_token_name,high,0.993
2000,2000,DAVIDSON,24 3 VO TECH,1836,001902,0.01028457,code_token_name,high,0.993
2000,2000,DAVIDSON,24 3 VO TECH,1836,001915,0.00096144,code_token_name,high,0.993
2000,2000,DAVIDSON,24 3 VO TECH,1836,001916,9.51e-05,code_token_name,high,0.993
2000,2000,DAVIDSON,24 4 HILLWOOD HIGH,1848,001907,0.95714413,exact_name,high,1.0
2000,2000,DAVIDSON,24 4 HILLWOOD HIGH,1848,001911,0.04001118,exact_name,high,1.0
2000,2000,DAVIDSON,24 4 HILLWOOD HIGH,1848,001913,0.00146271,exact_name,high,1.0
2000,2000,DAVIDSON,24 4 HILLWOOD HIGH,1848,001909,0.00068932,exact_name,high,1.0
2000,2000,DAVIDSON,24 4 HILLWOOD HIGH,1848,001910,0.00034777,exact_name,high,1.0
2000,2000,DAVIDSON,24 4 HILLWOOD HIGH,1848,001908,0.00034489,exact_name,high,1.0
2000,2000,DAVIDSON,24 6 RICHLAND PARK,1847,001915,0.98896362,prefix_name,high,0.995
2000,2000,DAVIDSON,24 6 RICHLAND PARK,1847,001912,0.01101261,prefix_name,high,0.995
2000,2000,DAVIDSON,24 6 RICHLAND PARK,1847,001901,2.377e-05,prefix_name,high,0.995
2000,2000,DAVIDSON,25 1 TEACHER S CTR,1852,001917,0.54557601,code_token_name,high,0.993
2000,2000,DAVIDSON,25 1 TEACHER S CTR,1852,001914,0.45324554,code_token_name,high,0.993
2000,2000,DAVIDSON,25 1 TEACHER S CTR,1852,001916,0.00104592,code_token_name,high,0.993
2000,2000,DAVIDSON,25 1 TEACHER S CTR,1852,001918,0.00013253,code_token_name,high,0.993
2000,2000,DAVIDSON,25 2 HILLSBORO HIG,1852,001917,0.54557601,code_token_name,high,0.993
2000,2000,DAVIDSON,25 2 HILLSBORO HIG,1852,001914,0.45324554,code_token_name,high,0.993
2000,2000,DAVIDSON,25 2 HILLSBORO HIG,1852,001916,0.00104592,code_token_name,high,0.993
2000,2000,DAVIDSON,25 2 HILLSBORO HIG,1852,001918,0.00013253,code_token_name,high,0.993
2000,2000,DAVIDSON,25 3 CHRIST KING,1852,001917,0.54557601,code_token_name,high,0.993
2000,2000,DAVIDSON,25 3 CHRIST KING,1852,001914,0.45324554,code_token_name,high,0.993
2000,2000,DAVIDSON,25 3 CHRIST KING,1852,001916,0.00104592,code_token_name,high,0.993
2000,2000,DAVIDSON,25 3 CHRIST KING,1852,001918,0.00013253,code_token_name,high,0.993
2000,2000,DAVIDSON,25 4 STOKES,1864,001921,0.51347273,prefix_name,high,0.995
2000,2000,DAVIDSON,25 4 STOKES,1864,001920,0.34664738,prefix_name,high,0.995
2000,2000,DAVIDSON,25 4 STOKES,1864,001919,0.13981293,prefix_name,high,0.995
2000,2000,DAVIDSON,25 4 STOKES,1864,001918,6.696e-05,prefix_name,high,0.995
2000,2000,DAVIDSON,25 5 GREEN HILLS,1868,001918,0.99660348,prefix_name,high,0.995
2000,2000,DAVIDSON,25 5 GREEN HILLS,1868,001953,0.00339652,prefix_name,high,0.995
2000,2000,DAVIDSON,26 2 TUSCULUM SCH,1884,001926,0.33057707,code_token_name,high,0.993
2000,2000,DAVIDSON,26 2 TUSCULUM SCH,1884,001936,0.28022506,code_token_name,high,0.993
2000,2000,DAVIDSON,26 2 TUSCULUM SCH,1884,001922,0.27069326,code_token_name,high,0.993
2000,2000,DAVIDSON,26 2 TUSCULUM SCH,1884,001924,0.06805896,code_token_name,high,0.993
2000,2000,DAVIDSON,26 2 TUSCULUM SCH,1884,001937,0.04827132,code_token_name,high,0.993
2000,2000,DAVIDSON,26 2 TUSCULUM SCH,1884,001928,0.002173,code_token_name,high,0.993
2000,2000,DAVIDSON,26 2 TUSCULUM SCH,1884,001938,1.35e-06,code_token_name,high,0.993
2000,2000,DAVIDSON,26 3 NORMAN BINKL,1884,001926,0.33057707,code_token_name,high,0.993
2000,2000,DAVIDSON,26 3 NORMAN BINKL,1884,001936,0.28022506,code_token_name,high,0.993
2000,2000,DAVIDSON,26 3 NORMAN BINKL,1884,001922,0.27069326,code_token_name,high,0.993
2000,2000,DAVIDSON,26 3 NORMAN BINKL,1884,001924,0.06805896,code_token_name,high,0.993
2000,2000,DAVIDSON,26 3 NORMAN BINKL,1884,001937,0.04827132,code_token_name,high,0.993
2000,2000,DAVIDSON,26 3 NORMAN BINKL,1884,001928,0.002173,code_token_name,high,0.993
2000,2000,DAVIDSON,26 3 NORMAN BINKL,1884,001938,1.35e-06,code_token_name,high,0.993
2000,2000,DAVIDSON,26 4 HAYWOOD BAPT,1884,001926,0.33057707,code_token_name,high,0.993
2000,2000,DAVIDSON,26 4 HAYWOOD BAPT,1884,001936,0.28022506,code_token_name,high,0.993
2000,2000,DAVIDSON,26 4 HAYWOOD BAPT,1884,001922,0.27069326,code_token_name,high,0.993
2000,2000,DAVIDSON,26 4 HAYWOOD BAPT,1884,001924,0.06805896,code_token_name,high,0.993
2000,2000,DAVIDSON,26 4 HAYWOOD BAPT,1884,001937,0.04827132,code_token_name,high,0.993
2000,2000,DAVIDSON,26 4 HAYWOOD BAPT,1884,001928,0.002173,code_token_name,high,0.993
2000,2000,DAVIDSON,26 4 HAYWOOD BAPT,1884,001938,1.35e-06,code_token_name,high,0.993
2000,2000,DAVIDSON,27 1 GLENCLIFF H S,1900,001860,0.33335407,code_token_name,high,0.993
2000,2000,DAVIDSON,27 1 GLENCLIFF H S,1900,001875,0.32715428,code_token_name,high,0.993
2000,2000,DAVIDSON,27 1 GLENCLIFF H S,1900,001859,0.28854273,code_token_name,high,0.993
2000,2000,DAVIDSON,27 1 GLENCLIFF H S,1900,001929,0.05091793,code_token_name,high,0.993
2000,2000,DAVIDSON,27 1 GLENCLIFF H S,1900,001861,2.801e-05,code_token_name,high,0.993
2000,2000,DAVIDSON,27 1 GLENCLIFF H S,1900,001874,2.98e-06,code_token_name,high,0.993
2000,2000,DAVIDSON,27 2 PARAGON MILL,1900,001860,0.33335407,code_token_name,high,0.993
2000,2000,DAVIDSON,27 2 PARAGON MILL,1900,001875,0.32715428,code_token_name,high,0.993
2000,2000,DAVIDSON,27 2 PARAGON MILL,1900,001859,0.28854273,code_token_name,high,0.993
2000,2000,DAVIDSON,27 2 PARAGON MILL,1900,001929,0.05091793,code_token_name,high,0.993
2000,2000,DAVIDSON,27 2 PARAGON MILL,1900,001861,2.801e-05,code_token_name,high,0.993
2000,2000,DAVIDSON,27 2 PARAGON MILL,1900,001874,2.98e-06,code_token_name,high,0.993
2000,2000,DAVIDSON,27 3 UNA CHURCH,1908,001929,0.54531906,prefix_name,high,0.995
2000,2000,DAVIDSON,27 3 UNA CHURCH,1908,001860,0.31462014,prefix_name,high,0.995
2000,2000,DAVIDSON,27 3 UNA CHURCH,1908,001932,0.08390175,prefix_name,high,0.995
2000,2000,DAVIDSON,27 3 UNA CHURCH,1908,001931,0.03785425,prefix_name,high,0.995
2000,2000,DAVIDSON,27 3 UNA CHURCH,1908,001933,0.01766258,prefix_name,high,0.995
2000,2000,DAVIDSON,27 3 UNA CHURCH,1908,001859,0.00041692,prefix_name,high,0.995
2000,2000,DAVIDSON,27 3 UNA CHURCH,1908,001861,0.00015173,prefix_name,high,0.995
2000,2000,DAVIDSON,27 3 UNA CHURCH,1908,001930,4.942e-05,prefix_name,high,0.995
2000,2000,DAVIDSON,27 3 UNA CHURCH,1908,001922,1.398e-05,prefix_name,high,0.995
2000,2000,DAVIDSON,27 3 UNA CHURCH,1908,001875,1.017e-05,prefix_name,high,0.995
2000,2000,DAVIDSON,27 5 PRIEST LAKE,1909,001932,0.74642503,prefix_name,high,0.995
2000,2000,DAVIDSON,27 5 PRIEST LAKE,1909,001933,0.24203808,prefix_name,high,0.995
2000,2000,DAVIDSON,27 5 PRIEST LAKE,1909,001935,0.01153685,prefix_name,high,0.995
2000,2000,DAVIDSON,27 5 PRIEST LAKE,1909,001861,5e-08,prefix_name,high,0.995
2000,2000,DAVIDSON,28 1 APOLLO JR HIG,1920,001931,0.52863559,code_token_name,high,0.993
2000,2000,DAVIDSON,28 1 APOLLO JR HIG,1920,001930,0.32195152,code_token_name,high,0.993
2000,2000,DAVIDSON,28 1 APOLLO JR HIG,1920,001929,0.13584083,code_token_name,high,0.993
2000,2000,DAVIDSON,28 1 APOLLO JR HIG,1920,001939,0.01285441,code_token_name,high,0.993
2000,2000,DAVIDSON,28 1 APOLLO JR HIG,1920,001937,0.00039387,code_token_name,high,0.993
2000,2000,DAVIDSON,28 1 APOLLO JR HIG,1920,001945,0.00032378,code_token_name,high,0.993
2000,2000,DAVIDSON,28 2 ANTIOCH MS,1920,001931,0.52863559,code_token_name,high,0.993
2000,2000,DAVIDSON,28 2 ANTIOCH MS,1920,001930,0.32195152,code_token_name,high,0.993
2000,2000,DAVIDSON,28 2 ANTIOCH MS,1920,001929,0.13584083,code_token_name,high,0.993
2000,2000,DAVIDSON,28 2 ANTIOCH MS,1920,001939,0.01285441,code_token_name,high,0.993
2000,2000,DAVIDSON,28 2 ANTIOCH MS,1920,001937,0.00039387,code_token_name,high,0.993
2000,2000,DAVIDSON,28 2 ANTIOCH MS,1920,001945,0.00032378,code_token_name,high,0.993
2000,2000,DAVIDSON,28 3 LAKEVIEW ELE,1920,001931,0.52863559,code_token_name,high,0.993
2000,2000,DAVIDSON,28 3 LAKEVIEW ELE,1920,001930,0.32195152,code_token_name,high,0.993
2000,2000,DAVIDSON,28 3 LAKEVIEW ELE,1920,001929,0.13584083,code_token_name,high,0.993
2000,2000,DAVIDSON,28 3 LAKEVIEW ELE,1920,001939,0.01285441,code_token_name,high,0.993
2000,2000,DAVIDSON,28 3 LAKEVIEW ELE,1920,001937,0.00039387,code_token_name,high,0.993
2000,2000,DAVIDSON,28 3 LAKEVIEW ELE,1920,001945,0.00032378,code_token_name,high,0.993
2000,2000,DAVIDSON,28 4 ANTIOCH CH OF,1920,001931,0.52863559,code_token_name,high,0.993
2000,2000,DAVIDSON,28 4 ANTIOCH CH OF,1920,001930,0.32195152,code_token_name,high,0.993
2000,2000,DAVIDSON,28 4 ANTIOCH CH OF,1920,001929,0.13584083,code_token_name,high,0.993
2000,2000,DAVIDSON,28 4 ANTIOCH CH OF,1920,001939,0.01285441,code_token_name,high,0.993
2000,2000,DAVIDSON,28 4 ANTIOCH CH OF,1920,001937,0.00039387,code_token_name,high,0.993
2000,2000,DAVIDSON,28 4 ANTIOCH CH OF,1920,001945,0.00032378,code_token_name,high,0.993
2000,2000,DAVIDSON,29 1 HAMILTON UMC,1932,001949,0.62567153,code_token_name,high,0.993
2000,2000,DAVIDSON,29 1 HAMILTON UMC,1932,001934,0.21070401,code_token_name,high,0.993
2000,2000,DAVIDSON,29 1 HAMILTON UMC,1932,001950,0.13109701,code_token_name,high,0.993
2000,2000,DAVIDSON,29 1 HAMILTON UMC,1932,001935,0.03209278,code_token_name,high,0.993
2000,2000,DAVIDSON,29 1 HAMILTON UMC,1932,001933,0.00031494,code_token_name,high,0.993
2000,2000,DAVIDSON,29 1 HAMILTON UMC,1932,001944,0.00011973,code_token_name,high,0.993
2000,2000,DAVIDSON,29 2 MT VIEW ES,1932,001949,0.62567153,code_token_name,high,0.993
2000,2000,DAVIDSON,29 2 MT VIEW ES,1932,001934,0.21070401,code_token_name,high,0.993
2000,2000,DAVIDSON,29 2 MT VIEW ES,1932,001950,0.13109701,code_token_name,high,0.993
2000,2000,DAVIDSON,29 2 MT VIEW ES,1932,001935,0.03209278,code_token_name,high,0.993
2000,2000,DAVIDSON,29 2 MT VIEW ES,1932,001933,0.00031494,code_token_name,high,0.993
2000,2000,DAVIDSON,29 2 MT VIEW ES,1932,001944,0.00011973,code_token_name,high,0.993
2000,2000,DAVIDSON,29 3 SMITH SPRINGS,1940,001935,0.66027162,prefix_name,high,0.995
2000,2000,DAVIDSON,29 3 SMITH SPRINGS,1940,001949,0.26317284,prefix_name,high,0.995
2000,2000,DAVIDSON,29 3 SMITH SPRINGS,1940,001933,0.07646128,prefix_name,high,0.995
2000,2000,DAVIDSON,29 3 SMITH SPRINGS,1940,001934,9.395e-05,prefix_name,high,0.995
2000,2000,DAVIDSON,29 3 SMITH SPRINGS,1940,001932,3e-07,prefix_name,high,0.995
2000,2000,DAVIDSON,30 1 TUSCULUM,1960,001926,0.80116931,prefix_name,high,0.995
2000,2000,DAVIDSON,30 1 TUSCULUM,1960,001939,0.19465858,prefix_name,high,0.995
2000,2000,DAVIDSON,30 1 TUSCULUM,1960,001941,0.00183317,prefix_name,high,0.995
2000,2000,DAVIDSON,30 1 TUSCULUM,1960,001938,0.00119294,prefix_name,high,0.995
2000,2000,DAVIDSON,30 1 TUSCULUM,1960,001940,0.00067932,prefix_name,high,0.995
2000,2000,DAVIDSON,30 1 TUSCULUM,1960,001928,0.00046667,prefix_name,high,0.995
2000,2000,DAVIDSON,30 2 HAYWOOD SCH,1960,001926,0.80116931,code_token_name,high,0.993
2000,2000,DAVIDSON,30 2 HAYWOOD SCH,1960,001939,0.19465858,code_token_name,high,0.993
2000,2000,DAVIDSON,30 2 HAYWOOD SCH,1960,001941,0.00183317,code_token_name,high,0.993
2000,2000,DAVIDSON,30 2 HAYWOOD SCH,1960,001938,0.00119294,code_token_name,high,0.993
2000,2000,DAVIDSON,30 2 HAYWOOD SCH,1960,001940,0.00067932,code_token_name,high,0.993
2000,2000,DAVIDSON,30 2 HAYWOOD SCH,1960,001928,0.00046667,code_token_name,high,0.993
2000,2000,DAVIDSON,30 3 GRACE COLE,1968,001939,0.48311064,prefix_name,high,0.995
2000,2000,DAVIDSON,30 3 GRACE COLE,1968,001938,0.29946739,prefix_name,high,0.995
2000,2000,DAVIDSON,30 3 GRACE COLE,1968,001936,0.21366543,prefix_name,high,0.995
2000,2000,DAVIDSON,30 3 GRACE COLE,1968,001937,0.00209129,prefix_name,high,0.995
2000,2000,DAVIDSON,30 3 GRACE COLE,1968,001926,0.00166525,prefix_name,high,0.995
2000,2000,DAVIDSON,30 4 ANTIOCH UMC,1960,001926,0.80116931,code_token_name,high,0.993
2000,2000,DAVIDSON,30 4 ANTIOCH UMC,1960,001939,0.19465858,code_token_name,high,0.993
2000,2000,DAVIDSON,30 4 ANTIOCH UMC,1960,001941,0.00183317,code_token_name,high,0.993
2000,2000,DAVIDSON,30 4 ANTIOCH UMC,1960,001938,0.00119294,code_token_name,high,0.993
2000,2000,DAVIDSON,30 4 ANTIOCH UMC,1960,001940,0.00067932,code_token_name,high,0.993
2000,2000,DAVIDSON,30 4 ANTIOCH UMC,1960,001928,0.00046667,code_token_name,high,0.993
2000,2000,DAVIDSON,30 5 ST MATTHIAS,1965,001926,0.99310158,prefix_name,high,0.995
2000,2000,DAVIDSON,30 5 ST MATTHIAS,1965,001928,0.00541568,prefix_name,high,0.995
2000,2000,DAVIDSON,30 5 ST MATTHIAS,1965,001818,0.00134439,prefix_name,high,0.995
2000,2000,DAVIDSON,30 5 ST MATTHIAS,1965,001927,0.00013835,prefix_name,high,0.995
2000,2000,DAVIDSON,31 1 COMMUNITY BIB,1976,001820,0.79829165,code_token_name,high,0.993
2000,2000,DAVIDSON,31 1 COMMUNITY BIB,1976,001818,0.20041205,code_token_name,high,0.993
2000,2000,DAVIDSON,31 1 COMMUNITY BIB,1976,001942,0.00045243,code_token_name,high,0.993
2000,2000,DAVIDSON,31 1 COMMUNITY BIB,1976,001927,0.00030891,code_token_name,high,0.993
2000,2000,DAVIDSON,31 1 COMMUNITY BIB,1976,001819,0.00023183,code_token_name,high,0.993
2000,2000,DAVIDSON,31 1 COMMUNITY BIB,1976,001943,0.00014621,code_token_name,high,0.993
2000,2000,DAVIDSON,31 1 COMMUNITY BIB,1976,001926,0.00011648,code_token_name,high,0.993
2000,2000,DAVIDSON,31 1 COMMUNITY BIB,1976,001941,3.281e-05,code_token_name,high,0.993
2000,2000,DAVIDSON,31 1 COMMUNITY BIB,1976,001817,7.63e-06,code_token_name,high,0.993
2000,2000,DAVIDSON,31 2 CANE RIDGE,1988,001943,0.56301773,prefix_name,high,0.995
2000,2000,DAVIDSON,31 2 CANE RIDGE,1988,001951,0.37450108,prefix_name,high,0.995
2000,2000,DAVIDSON,31 2 CANE RIDGE,1988,001946,0.04964518,prefix_name,high,0.995
2000,2000,DAVIDSON,31 2 CANE RIDGE,1988,001942,0.01258315,prefix_name,high,0.995
2000,2000,DAVIDSON,31 2 CANE RIDGE,1988,001950,0.00014456,prefix_name,high,0.995
2000,2000,DAVIDSON,31 2 CANE RIDGE,1988,001820,0.00010829,prefix_name,high,0.995
2000,2000,DAVIDSON,31 3 BELL ROAD BAP,1976,001820,0.79829165,code_token_name,high,0.993
2000,2000,DAVIDSON,31 3 BELL ROAD BAP,1976,001818,0.20041205,code_token_name,high,0.993
2000,2000,DAVIDSON,31 3 BELL ROAD BAP,1976,001942,0.00045243,code_token_name,high,0.993
2000,2000,DAVIDSON,31 3 BELL ROAD BAP,1976,001927,0.00030891,code_token_name,high,0.993
2000,2000,DAVIDSON,31 3 BELL ROAD BAP,1976,001819,0.00023183,code_token_name,high,0.993
2000,2000,DAVIDSON,31 3 BELL ROAD BAP,1976,001943,0.00014621,code_token_name,high,0.993
2000,2000,DAVIDSON,31 3 BELL ROAD BAP,1976,001926,0.00011648,code_token_name,high,0.993
2000,2000,DAVIDSON,31 3 BELL ROAD BAP,1976,001941,3.281e-05,code_token_name,high,0.993
2000,2000,DAVIDSON,31 3 BELL ROAD BAP,1976,001817,7.63e-06,code_token_name,high,0.993
2000,2000,DAVIDSON,31 4 LORD S CHAPEL,1976,001820,0.79829165,code_token_name,high,0.993
2000,2000,DAVIDSON,31 4 LORD S CHAPEL,1976,001818,0.20041205,code_token_name,high,0.993
2000,2000,DAVIDSON,31 4 LORD S CHAPEL,1976,001942,0.00045243,code_token_name,high,0.993
2000,2000,DAVIDSON,31 4 LORD S CHAPEL,1976,001927,0.00030891,code_token_name,high,0.993
2000,2000,DAVIDSON,31 4 LORD S CHAPEL,1976,001819,0.00023183,code_token_name,high,0.993
2000,2000,DAVIDSON,31 4 LORD S CHAPEL,1976,001943,0.00014621,code_token_name,high,0.993
2000,2000,DAVIDSON,31 4 LORD S CHAPEL,1976,001926,0.00011648,code_token_name,high,0.993
2000,2000,DAVIDSON,31 4 LORD S CHAPEL,1976,001941,3.281e-05,code_token_name,high,0.993
2000,2000,DAVIDSON,31 4 LORD S CHAPEL,1976,001817,7.63e-06,code_token_name,high,0.993
2000,2000,DAVIDSON,31 5 LORD S CHAPEL,1976,001820,0.79829165,code_token_name,high,0.993
2000,2000,DAVIDSON,31 5 LORD S CHAPEL,1976,001818,0.20041205,code_token_name,high,0.993
2000,2000,DAVIDSON,31 5 LORD S CHAPEL,1976,001942,0.00045243,code_token_name,high,0.993
2000,2000,DAVIDSON,31 5 LORD S CHAPEL,1976,001927,0.00030891,code_token_name,high,0.993
2000,2000,DAVIDSON,31 5 LORD S CHAPEL,1976,001819,0.00023183,code_token_name,high,0.993
2000,2000,DAVIDSON,31 5 LORD S CHAPEL,1976,001943,0.00014621,code_token_name,high,0.993
2000,2000,DAVIDSON,31 5 LORD S CHAPEL,1976,001926,0.00011648,code_token_name,high,0.993
2000,2000,DAVIDSON,31 5 LORD S CHAPEL,1976,001941,3.281e-05,code_token_name,high,0.993
2000,2000,DAVIDSON,31 5 LORD S CHAPEL,1976,001817,7.63e-06,code_token_name,high,0.993
2000,2000,DAVIDSON,32 1 WOODSON CHA,1996,001817,0.67114007,code_token_name,high,0.993
2000,2000,DAVIDSON,32 1 WOODSON CHA,1996,001819,0.24392768,code_token_name,high,0.993
2000,2000,DAVIDSON,32 1 WOODSON CHA,1996,001956,0.04165563,code_token_name,high,0.993
2000,2000,DAVIDSON,32 1 WOODSON CHA,1996,001923,0.03469725,code_token_name,high,0.993
2000,2000,DAVIDSON,32 1 WOODSON CHA,1996,001927,0.0064523,code_token_name,high,0.993
2000,2000,DAVIDSON,32 1 WOODSON CHA,1996,001957,0.00138815,code_token_name,high,0.993
2000,2000,DAVIDSON,32 1 WOODSON CHA,1996,001820,0.00055729,code_token_name,high,0.993
2000,2000,DAVIDSON,32 1 WOODSON CHA,1996,001925,0.00018163,code_token_name,high,0.993
2000,2000,DAVIDSON,32 2 CRIEVE HALL,2000,001923,0.99904418,prefix_name,high,0.995
2000,2000,DAVIDSON,32 2 CRIEVE HALL,2000,001925,0.00090128,prefix_name,high,0.995
2000,2000,DAVIDSON,32 2 CRIEVE HALL,2000,001924,5.454e-05,prefix_name,high,0.995
2000,2000,DAVIDSON,32 3 MCMURRAY JR,2004,001928,0.9938686,prefix_name,high,0.995
2000,2000,DAVIDSON,32 3 MCMURRAY JR,2004,001926,0.00362221,prefix_name,high,0.995
2000,2000,DAVIDSON,32 3 MCMURRAY JR,2004,001927,0.00150248,prefix_name,high,0.995
2000,2000,DAVIDSON,32 3 MCMURRAY JR,2004,001924,0.00100541,prefix_name,high,0.995
2000,2000,DAVIDSON,32 3 MCMURRAY JR,2004,001938,1.29e-06,prefix_name,high,0.995
2000,2000,DAVIDSON,32 4 CHRIST CHURC,1996,001817,0.67114007,code_token_name,high,0.993
2000,2000,DAVIDSON,32 4 CHRIST CHURC,1996,001819,0.24392768,code_token_name,high,0.993
2000,2000,DAVIDSON,32 4 CHRIST CHURC,1996,001956,0.04165563,code_token_name,high,0.993
2000,2000,DAVIDSON,32 4 CHRIST CHURC,1996,001923,0.03469725,code_token_name,high,0.993
2000,2000,DAVIDSON,32 4 CHRIST CHURC,1996,001927,0.0064523,code_token_name,high,0.993
2000,2000,DAVIDSON,32 4 CHRIST CHURC,1996,001957,0.00138815,code_token_name,high,0.993
2000,2000,DAVIDSON,32 4 CHRIST CHURC,1996,001820,0.00055729,code_token_name,high,0.993
2000,2000,DAVIDSON,32 4 CHRIST CHURC,1996,001925,0.00018163,code_token_name,high,0.993
2000,2000,DAVIDSON,32 5 ELLINGTON,2001,001923,0.78344441,prefix_name,high,0.995
2000,2000,DAVIDSON,32 5 ELLINGTON,2001,001928,0.1617896,prefix_name,high,0.995
2000,2000,DAVIDSON,32 5 ELLINGTON,2001,001927,0.05196802,prefix_name,high,0.995
2000,2000,DAVIDSON,32 5 ELLINGTON,2001,001817,0.00151547,prefix_name,high,0.995
2000,2000,DAVIDSON,32 5 ELLINGTON,2001,001924,0.00128251,prefix_name,high,0.995
2000,2000,DAVIDSON,33 1 JOHN TROTWO,2016,001919,0.35135403,code_token_name,high,0.993
2000,2000,DAVIDSON,33 1 JOHN TROTWO,2016,001957,0.29107341,code_token_name,high,0.993
2000,2000,DAVIDSON,33 1 JOHN TROTWO,2016,001920,0.2874483,code_token_name,high,0.993
2000,2000,DAVIDSON,33 1 JOHN TROTWO,2016,001921,0.06871414,code_token_name,high,0.993
2000,2000,DAVIDSON,33 1 JOHN TROTWO,2016,001955,0.00120253,code_token_name,high,0.993
2000,2000,DAVIDSON,33 1 JOHN TROTWO,2016,001953,0.0002076,code_token_name,high,0.993
2000,2000,DAVIDSON,33 2 JUDSON BAPT,2016,001919,0.35135403,code_token_name,high,0.993
2000,2000,DAVIDSON,33 2 JUDSON BAPT,2016,001957,0.29107341,code_token_name,high,0.993
2000,2000,DAVIDSON,33 2 JUDSON BAPT,2016,001920,0.2874483,code_token_name,high,0.993
2000,2000,DAVIDSON,33 2 JUDSON BAPT,2016,001921,0.06871414,code_token_name,high,0.993
2000,2000,DAVIDSON,33 2 JUDSON BAPT,2016,001955,0.00120253,code_token_name,high,0.993
2000,2000,DAVIDSON,33 2 JUDSON BAPT,2016,001953,0.0002076,code_token_name,high,0.993
2000,2000,DAVIDSON,33 3 PERCY PRIEST,2022,001955,0.76713018,prefix_name,high,0.995
2000,2000,DAVIDSON,33 3 PERCY PRIEST,2022,001956,0.23153666,prefix_name,high,0.995
2000,2000,DAVIDSON,33 3 PERCY PRIEST,2022,001957,0.00125055,prefix_name,high,0.995
2000,2000,DAVIDSON,33 3 PERCY PRIEST,2022,001920,8.261e-05,prefix_name,high,0.995
2000,2000,DAVIDSON,33 4 HOLY TRINITY,2032,001957,0.88795375,prefix_name,high,0.995
2000,2000,DAVIDSON,33 4 HOLY TRINITY,2032,001925,0.09242936,prefix_name,high,0.995
2000,2000,DAVIDSON,33 4 HOLY TRINITY,2032,001923,0.01689378,prefix_name,high,0.995
2000,2000,DAVIDSON,33 4 HOLY TRINITY,2032,001956,0.00170377,prefix_name,high,0.995
2000,2000,DAVIDSON,33 4 HOLY TRINITY,2032,001955,0.00060984,prefix_name,high,0.995
2000,2000,DAVIDSON,33 4 HOLY TRINITY,2032,001919,0.00039352,prefix_name,high,0.995
2000,2000,DAVIDSON,33 4 HOLY TRINITY,2032,001817,1.598e-05,prefix_name,high,0.995
2000,2000,DAVIDSON,33 5 GLENDALE,2036,001919,0.92746894,prefix_name,high,0.995
2000,2000,DAVIDSON,33 5 GLENDALE,2036,001921,0.07045531,prefix_name,high,0.995
2000,2000,DAVIDSON,33 5 GLENDALE,2036,001877,0.00124713,prefix_name,high,0.995
2000,2000,DAVIDSON,33 5 GLENDALE,2036,001957,0.00079037,prefix_name,high,0.995
2000,2000,DAVIDSON,33 5 GLENDALE,2036,001882,3.694e-05,prefix_name,high,0.995
2000,2000,DAVIDSON,33 5 GLENDALE,2036,001875,1.31e-06,prefix_name,high,0.995
2000,2000,DAVIDSON,33 6 WOODSON CHA,2016,001919,0.35135403,code_token_name,high,0.993
2000,2000,DAVIDSON,33 6 WOODSON CHA,2016,001957,0.29107341,code_token_name,high,0.993
2000,2000,DAVIDSON,33 6 WOODSON CHA,2016,001920,0.2874483,code_token_name,high,0.993
2000,2000,DAVIDSON,33 6 WOODSON CHA,2016,001921,0.06871414,code_token_name,high,0.993
2000,2000,DAVIDSON,33 6 WOODSON CHA,2016,001955,0.00120253,code_token_name,high,0.993
2000,2000,DAVIDSON,33 6 WOODSON CHA,2016,001953,0.0002076,code_token_name,high,0.993
2000,2000,DAVIDSON,34 1 BELLE MEADE,2040,001910,0.99226181,prefix_name,high,0.995
2000,2000,DAVIDSON,34 1 BELLE MEADE,2040,001955,0.00423309,prefix_name,high,0.995
2000,2000,DAVIDSON,34 1 BELLE MEADE,2040,001917,0.00186922,prefix_name,high,0.995
2000,2000,DAVIDSON,34 1 BELLE MEADE,2040,001907,0.00078657,prefix_name,high,0.995
2000,2000,DAVIDSON,34 1 BELLE MEADE,2040,001909,0.0002907,prefix_name,high,0.995
2000,2000,DAVIDSON,34 1 BELLE MEADE,2040,001954,0.0002285,prefix_name,high,0.995
2000,2000,DAVIDSON,34 1 BELLE MEADE,2040,001953,0.00019814,prefix_name,high,0.995
2000,2000,DAVIDSON,34 1 BELLE MEADE,2040,001918,0.00010584,prefix_name,high,0.995
2000,2000,DAVIDSON,34 1 BELLE MEADE,2040,001913,2.614e-05,prefix_name,high,0.995
2000,2000,DAVIDSON,34 2 JULIA GREEN,2044,001953,0.84417907,prefix_name,high,0.995
2000,2000,DAVIDSON,34 2 JULIA GREEN,2044,001918,0.08444459,prefix_name,high,0.995
2000,2000,DAVIDSON,34 2 JULIA GREEN,2044,001917,0.06419179,prefix_name,high,0.995
2000,2000,DAVIDSON,34 2 JULIA GREEN,2044,001920,0.0042262,prefix_name,high,0.995
2000,2000,DAVIDSON,34 2 JULIA GREEN,2044,001955,0.00159339,prefix_name,high,0.995
2000,2000,DAVIDSON,34 2 JULIA GREEN,2044,001910,0.00135878,prefix_name,high,0.995
2000,2000,DAVIDSON,34 2 JULIA GREEN,2044,001913,3.44e-06,prefix_name,high,0.995
2000,2000,DAVIDSON,34 2 JULIA GREEN,2044,001916,2.75e-06,prefix_name,high,0.995
2000,2000,DAVIDSON,34 3 ST HENRY S,2048,001954,0.70340142,prefix_name,high,0.995
2000,2000,DAVIDSON,34 3 ST HENRY S,2048,001909,0.28773924,prefix_name,high,0.995
2000,2000,DAVIDSON,34 3 ST HENRY S,2048,001910,0.00556642,prefix_name,high,0.995
2000,2000,DAVIDSON,34 3 ST HENRY S,2048,001907,0.00114206,prefix_name,high,0.995
2000,2000,DAVIDSON,34 3 ST HENRY S,2048,001908,0.00086429,prefix_name,high,0.995
2000,2000,DAVIDSON,34 3 ST HENRY S,2048,001955,0.00072517,prefix_name,high,0.995
2000,2000,DAVIDSON,34 3 ST HENRY S,2048,001956,0.00056139,prefix_name,high,0.995
2000,2000,DAVIDSON,34 4 HILLSBORO PRE,2040,001910,0.99226181,code_token_name,high,0.993
2000,2000,DAVIDSON,34 4 HILLSBORO PRE,2040,001955,0.00423309,code_token_name,high,0.993
2000,2000,DAVIDSON,34 4 HILLSBORO PRE,2040,001917,0.00186922,code_token_name,high,0.993
2000,2000,DAVIDSON,34 4 HILLSBORO PRE,2040,001907,0.00078657,code_token_name,high,0.993
2000,2000,DAVIDSON,34 4 HILLSBORO PRE,2040,001909,0.0002907,code_token_name,high,0.993
2000,2000,DAVIDSON,34 4 HILLSBORO PRE,2040,001954,0.0002285,code_token_name,high,0.993
2000,2000,DAVIDSON,34 4 HILLSBORO PRE,2040,001953,0.00019814,code_token_name,high,0.993
2000,2000,DAVIDSON,34 4 HILLSBORO PRE,2040,001918,0.00010584,code_token_name,high,0.993
2000,2000,DAVIDSON,34 4 HILLSBORO PRE,2040,001913,2.614e-05,code_token_name,high,0.993
2000,2000,DAVIDSON,34 6 WEST END FIRE,2050,001914,0.65493274,prefix_name,high,0.995
2000,2000,DAVIDSON,34 6 WEST END FIRE,2050,001917,0.34467886,prefix_name,high,0.995
2000,2000,DAVIDSON,34 6 WEST END FIRE,2050,001918,0.0003884,prefix_name,high,0.995
2000,2000,DAVIDSON,35 1 SOUTH HARPET,2068,001956,0.82686893,code_token_name,high,0.993
2000,2000,DAVIDSON,35 1 SOUTH HARPET,2068,001909,0.15614689,code_token_name,high,0.993
2000,2000,DAVIDSON,35 1 SOUTH HARPET,2068,001961,0.01036436,code_token_name,high,0.993
2000,2000,DAVIDSON,35 1 SOUTH HARPET,2068,001906,0.00529108,code_token_name,high,0.993
2000,2000,DAVIDSON,35 1 SOUTH HARPET,2068,001908,0.00089605,code_token_name,high,0.993
2000,2000,DAVIDSON,35 1 SOUTH HARPET,2068,001954,0.0004327,code_token_name,high,0.993
2000,2000,DAVIDSON,35 2 BELLEVUE UMC,2076,001961,0.67688461,exact_name,high,1.0
2000,2000,DAVIDSON,35 2 BELLEVUE UMC,2076,001956,0.26614553,exact_name,high,1.0
2000,2000,DAVIDSON,35 2 BELLEVUE UMC,2076,001906,0.05547853,exact_name,high,1.0
2000,2000,DAVIDSON,35 2 BELLEVUE UMC,2076,001954,0.00067617,exact_name,high,1.0
2000,2000,DAVIDSON,35 2 BELLEVUE UMC,2076,001960,0.00062126,exact_name,high,1.0
2000,2000,DAVIDSON,35 2 BELLEVUE UMC,2076,001905,0.00016144,exact_name,high,1.0
2000,2000,DAVIDSON,35 2 BELLEVUE UMC,2076,001959,3.246e-05,exact_name,high,1.0
2000,2000,DAVIDSON,35 3 BELLEVUE MIDD,2068,001956,0.82686893,code_token_name,high,0.993
2000,2000,DAVIDSON,35 3 BELLEVUE MIDD,2068,001909,0.15614689,code_token_name,high,0.993
2000,2000,DAVIDSON,35 3 BELLEVUE MIDD,2068,001961,0.01036436,code_token_name,high,0.993
2000,2000,DAVIDSON,35 3 BELLEVUE MIDD,2068,001906,0.00529108,code_token_name,high,0.993
2000,2000,DAVIDSON,35 3 BELLEVUE MIDD,2068,001908,0.00089605,code_token_name,high,0.993
2000,2000,DAVIDSON,35 3 BELLEVUE MIDD,2068,001954,0.0004327,code_token_name,high,0.993
2000,2000,DAVIDSON,35 4 JEWISH COMM,2068,001956,0.82686893,prefix_name,high,0.995
2000,2000,DAVIDSON,35 4 JEWISH COMM,2068,001909,0.15614689,prefix_name,high,0.995
2000,2000,DAVIDSON,35 4 JEWISH COMM,2068,001961,0.01036436,prefix_name,high,0.995
2000,2000,DAVIDSON,35 4 JEWISH COMM,2068,001906,0.00529108,prefix_name,high,0.995
2000,2000,DAVIDSON,35 4 JEWISH COMM,2068,001908,0.00089605,prefix_name,high,0.995
2000,2000,DAVIDSON,35 4 JEWISH COMM,2068,001954,0.0004327,prefix_name,high,0.995
2000,2000,DAVIDSON,35 5 HARPETH VALL,2068,001956,0.82686893,code_token_name,high,0.993
2000,2000,DAVIDSON,35 5 HARPETH VALL,2068,001909,0.15614689,code_token_name,high,0.993
2000,2000,DAVIDSON,35 5 HARPETH VALL,2068,001961,0.01036436,code_token_name,high,0.993
2000,2000,DAVIDSON,35 5 HARPETH VALL,2068,001906,0.00529108,code_token_name,high,0.993
2000,2000,DAVIDSON,35 5 HARPETH VALL,2068,001908,0.00089605,code_token_name,high,0.993
2000,2000,DAVIDSON,35 5 HARPETH VALL,2068,001954,0.0004327,code_token_name,high,0.993
2000,2000,DECATUR,01 DUNBAR,2216,002054,0.99940973,exact_name,high,1.0
2000,2000,DECATUR,01 DUNBAR,2216,002052,0.00035286,exact_name,high,1.0
2000,2000,DECATUR,01 DUNBAR,2216,002051,0.00012989,exact_name,high,1.0
2000,2000,DECATUR,01 DUNBAR,2216,002060,0.00010753,exact_name,high,1.0
2000,2000,DECATUR,02 LIBERTY,2224,002060,0.72002436,exact_name,high,1.0
2000,2000,DECATUR,02 LIBERTY,2224,002054,0.27846641,exact_name,high,1.0
2000,2000,DECATUR,02 LIBERTY,2224,002051,0.00150923,exact_name,high,1.0
2000,2000,DECATUR,02 SCOTTS HILL,2228,002051,0.99874144,exact_name,high,1.0
2000,2000,DECATUR,02 SCOTTS HILL,2228,002060,0.00047052,exact_name,high,1.0
2000,2000,DECATUR,02 SCOTTS HILL,2228,002054,0.00044856,exact_name,high,1.0
2000,2000,DECATUR,02 SCOTTS HILL,2228,002052,0.00020713,exact_name,high,1.0
2000,2000,DECATUR,02 SCOTTS HILL,2228,002053,0.00013235,exact_name,high,1.0
2000,2000,DECATUR,03 DECATURVILLE,2232,002053,0.94948278,exact_name,high,1.0
2000,2000,DECATUR,03 DECATURVILLE,2232,002063,0.04485115,exact_name,high,1.0
2000,2000,DECATUR,03 DECATURVILLE,2232,002052,0.00447478,exact_name,high,1.0
2000,2000,DECATUR,03 DECATURVILLE,2232,002056,0.0007128,exact_name,high,1.0
2000,2000,DECATUR,03 DECATURVILLE,2232,002062,0.00029657,exact_name,high,1.0
2000,2000,DECATUR,03 DECATURVILLE,2232,002055,0.0001011,exact_name,high,1.0
2000,2000,DECATUR,03 DECATURVILLE,2232,002051,8.081e-05,exact_name,high,1.0
2000,2000,DECATUR,04 DECATURVILLE,2236,002052,0.98651182,exact_name,high,1.0
2000,2000,DECATUR,04 DECATURVILLE,2236,002054,0.01311789,exact_name,high,1.0
2000,2000,DECATUR,04 DECATURVILLE,2236,002053,0.0002408,exact_name,high,1.0
2000,2000,DECATUR,04 DECATURVILLE,2236,002051,0.0001295,exact_name,high,1.0
2000,2000,DECATUR,05 PARSONS,2240,002055,0.9970913,exact_name,high,1.0
2000,2000,DECATUR,05 PARSONS,2240,002053,0.00155825,exact_name,high,1.0
2000,2000,DECATUR,05 PARSONS,2240,002062,0.00068329,exact_name,high,1.0
2000,2000,DECATUR,05 PARSONS,2240,002056,0.00041522,exact_name,high,1.0
2000,2000,DECATUR,05 PARSONS,2240,002058,0.00025194,exact_name,high,1.0
2000,2000,DECATUR,06 PARSONS,2244,002056,0.99670539,exact_name,high,1.0
2000,2000,DECATUR,06 PARSONS,2244,002053,0.00174092,exact_name,high,1.0
2000,2000,DECATUR,06 PARSONS,2244,002063,0.00081659,exact_name,high,1.0
2000,2000,DECATUR,06 PARSONS,2244,002055,0.00057509,exact_name,high,1.0
2000,2000,DECATUR,06 PARSONS,2244,002058,0.00015673,exact_name,high,1.0
2000,2000,DECATUR,06 PARSONS,2244,002061,5.29e-06,exact_name,high,1.0
2000,2000,DECATUR,07 JEANETTE,2248,002057,0.89321244,exact_name,high,1.0
2000,2000,DECATUR,07 JEANETTE,2248,002059,0.10646017,exact_name,high,1.0
2000,2000,DECATUR,07 JEANETTE,2248,002062,0.00017654,exact_name,high,1.0
2000,2000,DECATUR,07 JEANETTE,2248,002058,0.00015085,exact_name,high,1.0
2000,2000,DECATUR,07 PERRYVILLE,2252,002062,0.99810186,exact_name,high,1.0
2000,2000,DECATUR,07 PERRYVILLE,2252,002058,0.00066245,exact_name,high,1.0
2000,2000,DECATUR,07 PERRYVILLE,2252,002057,0.00060411,exact_name,high,1.0
2000,2000,DECATUR,07 PERRYVILLE,2252,002055,0.00036943,exact_name,high,1.0
2000,2000,DECATUR,07 PERRYVILLE,2252,002053,0.00026215,exact_name,high,1.0
2000,2000,DECATUR,08 PARSONS,2256,002058,0.98880934,exact_name,high,1.0
2000,2000,DECATUR,08 PARSONS,2256,002061,0.00708306,exact_name,high,1.0
2000,2000,DECATUR,08 PARSONS,2256,002062,0.00155872,exact_name,high,1.0
2000,2000,DECATUR,08 PARSONS,2256,002057,0.00146301,exact_name,high,1.0
2000,2000,DECATUR,08 PARSONS,2256,002059,0.00085927,exact_name,high,1.0
2000,2000,DECATUR,08 PARSONS,2256,002055,0.00022502,exact_name,high,1.0
2000,2000,DECATUR,08 PARSONS,2256,002056,1.58e-06,exact_name,high,1.0
2000,2000,DECATUR,09 BEACON,2260,002061,0.82616133,exact_name,high,1.0
2000,2000,DECATUR,09 BEACON,2260,002063,0.17283971,exact_name,high,1.0
2000,2000,DECATUR,09 BEACON,2260,002058,0.00043438,exact_name,high,1.0
2000,2000,DECATUR,09 BEACON,2260,002059,0.00028751,exact_name,high,1.0
2000,2000,DECATUR,09 BEACON,2260,002056,0.00027707,exact_name,high,1.0
2000,2000,DECATUR,09 HYDRO,2264,002059,0.99675872,exact_name,high,1.0
2000,2000,DECATUR,09 HYDRO,2264,002061,0.00256758,exact_name,high,1.0
2000,2000,DECATUR,09 HYDRO,2264,002057,0.00044118,exact_name,high,1.0
2000,2000,DECATUR,09 HYDRO,2264,002058,0.00023252,exact_name,high,1.0
2000,2000,DEKALB,1 1 ALEXANDRIA,2272,002158,0.9987123,exact_name,high,1.0
2000,2000,DEKALB,1 1 ALEXANDRIA,2272,002159,0.00098601,exact_name,high,1.0
2000,2000,DEKALB,1 1 ALEXANDRIA,2272,002160,0.00023318,exact_name,high,1.0
2000,2000,DEKALB,1 1 ALEXANDRIA,2272,002152,6.851e-05,exact_name,high,1.0
2000,2000,DEKALB,1 2 TEMPERANCE HA,2272,002158,0.9987123,code_token_name,high,0.993
2000,2000,DEKALB,1 2 TEMPERANCE HA,2272,002159,0.00098601,code_token_name,high,0.993
2000,2000,DEKALB,1 2 TEMPERANCE HA,2272,002160,0.00023318,code_token_name,high,0.993
2000,2000,DEKALB,1 2 TEMPERANCE HA,2272,002152,6.851e-05,code_token_name,high,0.993
2000,2000,DEKALB,1 3 STATE PARK,2272,002158,0.9987123,code_token_name,high,0.993
2000,2000,DEKALB,1 3 STATE PARK,2272,002159,0.00098601,code_token_name,high,0.993
2000,2000,DEKALB,1 3 STATE PARK,2272,002160,0.00023318,code_token_name,high,0.993
2000,2000,DEKALB,1 3 STATE PARK,2272,002152,6.851e-05,code_token_name,high,0.993
2000,2000,DEKALB,2 1 LIBERTY,2284,002152,0.86786603,exact_name,high,1.0
2000,2000,DEKALB,2 1 LIBERTY,2284,002158,0.13105174,exact_name,high,1.0
2000,2000,DEKALB,2 1 LIBERTY,2284,002160,0.00108222,exact_name,high,1.0
2000,2000,DEKALB,2 2 DOWELLTOWN,2288,002160,0.99786905,exact_name,high,1.0
2000,2000,DEKALB,2 2 DOWELLTOWN,2288,002152,0.00093705,exact_name,high,1.0
2000,2000,DEKALB,2 2 DOWELLTOWN,2288,002161,0.00090127,exact_name,high,1.0
2000,2000,DEKALB,2 2 DOWELLTOWN,2288,002159,0.00016454,exact_name,high,1.0
2000,2000,DEKALB,2 2 DOWELLTOWN,2288,002158,0.0001281,exact_name,high,1.0
2000,2000,DEKALB,2 3 SNOW HILL,2284,002152,0.86786603,code_token_name,high,0.993
2000,2000,DEKALB,2 3 SNOW HILL,2284,002158,0.13105174,code_token_name,high,0.993
2000,2000,DEKALB,2 3 SNOW HILL,2284,002160,0.00108222,code_token_name,high,0.993
2000,2000,DEKALB,3 1 MIDDLE SCHOOL,2292,002153,0.83842477,code_token_name,high,0.993
2000,2000,DEKALB,3 1 MIDDLE SCHOOL,2292,002161,0.16024446,code_token_name,high,0.993
2000,2000,DEKALB,3 1 MIDDLE SCHOOL,2292,002155,0.00038238,code_token_name,high,0.993
2000,2000,DEKALB,3 1 MIDDLE SCHOOL,2292,002159,0.00029095,code_token_name,high,0.993
2000,2000,DEKALB,3 1 MIDDLE SCHOOL,2292,002151,0.00024845,code_token_name,high,0.993
2000,2000,DEKALB,3 1 MIDDLE SCHOOL,2292,002156,0.00020636,code_token_name,high,0.993
2000,2000,DEKALB,3 1 MIDDLE SCHOOL,2292,002160,0.00011567,code_token_name,high,0.993
2000,2000,DEKALB,3 1 MIDDLE SCHOOL,2292,002154,8.697e-05,code_token_name,high,0.993
2000,2000,DEKALB,4 1 CHERRY HILL,2300,002155,0.9990859,exact_name,high,1.0
2000,2000,DEKALB,4 1 CHERRY HILL,2300,002162,0.00073294,exact_name,high,1.0
2000,2000,DEKALB,4 1 CHERRY HILL,2300,002151,0.00018115,exact_name,high,1.0
2000,2000,DEKALB,4 2 ROCK CASTLE,2304,002162,0.99824217,exact_name,high,1.0
2000,2000,DEKALB,4 2 ROCK CASTLE,2304,002155,0.0012331,exact_name,high,1.0
2000,2000,DEKALB,4 2 ROCK CASTLE,2304,002164,0.00052473,exact_name,high,1.0
2000,2000,DEKALB,4 3 COURTHOUSE,2308,002155,0.89676942,exact_name,high,1.0
2000,2000,DEKALB,4 3 COURTHOUSE,2308,002153,0.10223729,exact_name,high,1.0
2000,2000,DEKALB,4 3 COURTHOUSE,2308,002162,0.00049919,exact_name,high,1.0
2000,2000,DEKALB,4 3 COURTHOUSE,2308,002157,0.0003115,exact_name,high,1.0
2000,2000,DEKALB,4 3 COURTHOUSE,2308,002164,0.00016922,exact_name,high,1.0
2000,2000,DEKALB,4 3 COURTHOUSE,2308,002151,1.312e-05,exact_name,high,1.0
2000,2000,DEKALB,4 3 COURTHOUSE,2308,002156,2.6e-07,exact_name,high,1.0
2000,2000,DEKALB,5 1 JOHNSON CHAPE,2312,002164,0.99892867,code_token_name,high,0.993
2000,2000,DEKALB,5 1 JOHNSON CHAPE,2312,002162,0.00042064,code_token_name,high,0.993
2000,2000,DEKALB,5 1 JOHNSON CHAPE,2312,002157,0.00038916,code_token_name,high,0.993
2000,2000,DEKALB,5 1 JOHNSON CHAPE,2312,002155,0.00020941,code_token_name,high,0.993
2000,2000,DEKALB,5 1 JOHNSON CHAPE,2312,002165,5.212e-05,code_token_name,high,0.993
2000,2000,DEKALB,5 2 ELEM SCHOOL,2312,002164,0.99892867,code_token_name,high,0.993
2000,2000,DEKALB,5 2 ELEM SCHOOL,2312,002162,0.00042064,code_token_name,high,0.993
2000,2000,DEKALB,5 2 ELEM SCHOOL,2312,002157,0.00038916,code_token_name,high,0.993
2000,2000,DEKALB,5 2 ELEM SCHOOL,2312,002155,0.00020941,code_token_name,high,0.993
2000,2000,DEKALB,5 2 ELEM SCHOOL,2312,002165,5.212e-05,code_token_name,high,0.993
2000,2000,DEKALB,6 1 BELK,2320,002166,0.99872696,exact_name,high,1.0
2000,2000,DEKALB,6 1 BELK,2320,002165,0.00127304,exact_name,high,1.0
2000,2000,DEKALB,6 2 KELTONBURG,2324,002165,0.90019324,exact_name,high,1.0
2000,2000,DEKALB,6 2 KELTONBURG,2324,002157,0.09875315,exact_name,high,1.0
2000,2000,DEKALB,6 2 KELTONBURG,2324,002166,0.00088875,exact_name,high,1.0
2000,2000,DEKALB,6 2 KELTONBURG,2324,002154,0.00010864,exact_name,high,1.0
2000,2000,DEKALB,6 2 KELTONBURG,2324,002164,5.203e-05,exact_name,high,1.0
2000,2000,DEKALB,6 2 KELTONBURG,2324,002156,4.19e-06,exact_name,high,1.0
2000,2000,DEKALB,6 3 BLUE SPRINGS,2328,002154,0.84259895,exact_name,high,1.0
2000,2000,DEKALB,6 3 BLUE SPRINGS,2328,002157,0.08455181,exact_name,high,1.0
2000,2000,DEKALB,6 3 BLUE SPRINGS,2328,002161,0.05899777,exact_name,high,1.0
2000,2000,DEKALB,6 3 BLUE SPRINGS,2328,002153,0.01316262,exact_name,high,1.0
2000,2000,DEKALB,6 3 BLUE SPRINGS,2328,002160,0.00032659,exact_name,high,1.0
2000,2000,DEKALB,6 3 BLUE SPRINGS,2328,002165,0.00019219,exact_name,high,1.0
2000,2000,DEKALB,6 3 BLUE SPRINGS,2328,002156,0.00017007,exact_name,high,1.0
2000,2000,DEKALB,7 1 CH OF CHRIST,2332,002156,0.99838362,code_token_name,high,0.993
2000,2000,DEKALB,7 1 CH OF CHRIST,2332,002153,0.0007395,code_token_name,high,0.993
2000,2000,DEKALB,7 1 CH OF CHRIST,2332,002157,0.00067504,code_token_name,high,0.993
2000,2000,DEKALB,7 1 CH OF CHRIST,2332,002155,0.00010682,code_token_name,high,0.993
2000,2000,DEKALB,7 1 CH OF CHRIST,2332,002154,9.501e-05,code_token_name,high,0.993
2000,2000,DICKSON,01 1 CHARLOTTE CO,2348,002263,0.52778571,code_token_name,high,0.993
2000,2000,DICKSON,01 1 CHARLOTTE CO,2348,002262,0.33024225,code_token_name,high,0.993
2000,2000,DICKSON,01 1 CHARLOTTE CO,2348,002264,0.08864692,code_token_name,high,0.993
2000,2000,DICKSON,01 1 CHARLOTTE CO,2348,002265,0.05289538,code_token_name,high,0.993
2000,2000,DICKSON,01 1 CHARLOTTE CO,2348,002261,0.00027983,code_token_name,high,0.993
2000,2000,DICKSON,01 1 CHARLOTTE CO,2348,002260,0.00014992,code_token_name,high,0.993
2000,2000,DICKSON,01 2 SYLVIA BAPTIST,2348,002263,0.52778571,code_token_name,high,0.993
2000,2000,DICKSON,01 2 SYLVIA BAPTIST,2348,002262,0.33024225,code_token_name,high,0.993
2000,2000,DICKSON,01 2 SYLVIA BAPTIST,2348,002264,0.08864692,code_token_name,high,0.993
2000,2000,DICKSON,01 2 SYLVIA BAPTIST,2348,002265,0.05289538,code_token_name,high,0.993
2000,2000,DICKSON,01 2 SYLVIA BAPTIST,2348,002261,0.00027983,code_token_name,high,0.993
2000,2000,DICKSON,01 2 SYLVIA BAPTIST,2348,002260,0.00014992,code_token_name,high,0.993
2000,2000,DICKSON,02 1 ENO C C,2368,002257,0.94628267,code_token_name,high,0.993
2000,2000,DICKSON,02 1 ENO C C,2368,002256,0.0535996,code_token_name,high,0.993
2000,2000,DICKSON,02 1 ENO C C,2368,002264,0.00011774,code_token_name,high,0.993
2000,2000,DICKSON,02 2 HILLCREST C C,2368,002257,0.94628267,code_token_name,high,0.993
2000,2000,DICKSON,02 2 HILLCREST C C,2368,002256,0.0535996,code_token_name,high,0.993
2000,2000,DICKSON,02 2 HILLCREST C C,2368,002264,0.00011774,code_token_name,high,0.993
2000,2000,DICKSON,02 3 TN CITY C C,2368,002257,0.94628267,code_token_name,high,0.993
2000,2000,DICKSON,02 3 TN CITY C C,2368,002256,0.0535996,code_token_name,high,0.993
2000,2000,DICKSON,02 3 TN CITY C C,2368,002264,0.00011774,code_token_name,high,0.993
2000,2000,DICKSON,02 4 YELLOW CRK FI,2368,002257,0.94628267,code_token_name,high,0.993
2000,2000,DICKSON,02 4 YELLOW CRK FI,2368,002256,0.0535996,code_token_name,high,0.993
2000,2000,DICKSON,02 4 YELLOW CRK FI,2368,002264,0.00011774,code_token_name,high,0.993
2000,2000,DICKSON,03 1 CUMBER FURN,2360,002259,0.65477656,code_token_name,high,0.993
2000,2000,DICKSON,03 1 CUMBER FURN,2360,002260,0.34505349,code_token_name,high,0.993
2000,2000,DICKSON,03 1 CUMBER FURN,2360,002262,0.00016409,code_token_name,high,0.993
2000,2000,DICKSON,03 1 CUMBER FURN,2360,002263,5.86e-06,code_token_name,high,0.993
2000,2000,DICKSON,03 2 SLAYDEN C C,2360,002259,0.65477656,code_token_name,high,0.993
2000,2000,DICKSON,03 2 SLAYDEN C C,2360,002260,0.34505349,code_token_name,high,0.993
2000,2000,DICKSON,03 2 SLAYDEN C C,2360,002262,0.00016409,code_token_name,high,0.993
2000,2000,DICKSON,03 2 SLAYDEN C C,2360,002263,5.86e-06,code_token_name,high,0.993
2000,2000,DICKSON,03 3 VANLEER,2360,002259,0.65477656,code_token_name,high,0.993
2000,2000,DICKSON,03 3 VANLEER,2360,002260,0.34505349,code_token_name,high,0.993
2000,2000,DICKSON,03 3 VANLEER,2360,002262,0.00016409,code_token_name,high,0.993
2000,2000,DICKSON,03 3 VANLEER,2360,002263,5.86e-06,code_token_name,high,0.993
2000,2000,DICKSON,04 1 HIGH POINT,2372,002260,0.79734034,code_token_name,high,0.993
2000,2000,DICKSON,04 1 HIGH POINT,2372,002261,0.18401679,code_token_name,high,0.993
2000,2000,DICKSON,04 1 HIGH POINT,2372,002263,0.01864287,code_token_name,high,0.993
2000,2000,DICKSON,04 2 JACKSON CHAP,2372,002260,0.79734034,code_token_name,high,0.993
2000,2000,DICKSON,04 2 JACKSON CHAP,2372,002261,0.18401679,code_token_name,high,0.993
2000,2000,DICKSON,04 2 JACKSON CHAP,2372,002263,0.01864287,code_token_name,high,0.993
2000,2000,DICKSON,04 3 STAYTON,2372,002260,0.79734034,code_token_name,high,0.993
2000,2000,DICKSON,04 3 STAYTON,2372,002261,0.18401679,code_token_name,high,0.993
2000,2000,DICKSON,04 3 STAYTON,2372,002263,0.01864287,code_token_name,high,0.993
2000,2000,DICKSON,05 1 CLAYLICK FIRE,2352,002261,0.99931859,code_token_name,high,0.993
2000,2000,DICKSON,05 1 CLAYLICK FIRE,2352,002260,0.00068141,code_token_name,high,0.993
2000,2000,DICKSON,05 2 WM JAMES JR,2352,002261,0.99931859,code_token_name,high,0.993
2000,2000,DICKSON,05 2 WM JAMES JR,2352,002260,0.00068141,code_token_name,high,0.993
2000,2000,DICKSON,06 1 BURNS,2344,002252,0.44386346,code_token_name,high,0.993
2000,2000,DICKSON,06 1 BURNS,2344,002251,0.34518049,code_token_name,high,0.993
2000,2000,DICKSON,06 1 BURNS,2344,002255,0.20853512,code_token_name,high,0.993
2000,2000,DICKSON,06 1 BURNS,2344,002266,0.00127709,code_token_name,high,0.993
2000,2000,DICKSON,06 1 BURNS,2344,002265,0.00061075,code_token_name,high,0.993
2000,2000,DICKSON,06 1 BURNS,2344,002253,0.00053309,code_token_name,high,0.993
2000,2000,DICKSON,06 2 PORTER C C,2344,002252,0.44386346,code_token_name,high,0.993
2000,2000,DICKSON,06 2 PORTER C C,2344,002251,0.34518049,code_token_name,high,0.993
2000,2000,DICKSON,06 2 PORTER C C,2344,002255,0.20853512,code_token_name,high,0.993
2000,2000,DICKSON,06 2 PORTER C C,2344,002266,0.00127709,code_token_name,high,0.993
2000,2000,DICKSON,06 2 PORTER C C,2344,002265,0.00061075,code_token_name,high,0.993
2000,2000,DICKSON,06 2 PORTER C C,2344,002253,0.00053309,code_token_name,high,0.993
2000,2000,DICKSON,07 1 MT SINAI C C,2388,002255,0.70688433,code_token_name,high,0.993
2000,2000,DICKSON,07 1 MT SINAI C C,2388,002256,0.29309406,code_token_name,high,0.993
2000,2000,DICKSON,07 1 MT SINAI C C,2388,002267,2.045e-05,code_token_name,high,0.993
2000,2000,DICKSON,07 1 MT SINAI C C,2388,002251,1.16e-06,code_token_name,high,0.993
2000,2000,DICKSON,07 2 POMONA,2388,002255,0.70688433,code_token_name,high,0.993
2000,2000,DICKSON,07 2 POMONA,2388,002256,0.29309406,code_token_name,high,0.993
2000,2000,DICKSON,07 2 POMONA,2388,002267,2.045e-05,code_token_name,high,0.993
2000,2000,DICKSON,07 2 POMONA,2388,002251,1.16e-06,code_token_name,high,0.993
2000,2000,DICKSON,08 1 MUNICIPAL BLD,2392,002256,0.66299884,code_token_name,high,0.993
2000,2000,DICKSON,08 1 MUNICIPAL BLD,2392,002267,0.33353375,code_token_name,high,0.993
2000,2000,DICKSON,08 1 MUNICIPAL BLD,2392,002255,0.00198281,code_token_name,high,0.993
2000,2000,DICKSON,08 1 MUNICIPAL BLD,2392,002257,0.00124469,code_token_name,high,0.993
2000,2000,DICKSON,08 1 MUNICIPAL BLD,2392,002266,0.00013088,code_token_name,high,0.993
2000,2000,DICKSON,08 1 MUNICIPAL BLD,2392,002264,0.00010623,code_token_name,high,0.993
2000,2000,DICKSON,08 1 MUNICIPAL BLD,2392,002265,2.79e-06,code_token_name,high,0.993
2000,2000,DICKSON,09 1 DICKSON SR HI,2408,002264,0.99904249,code_token_name,high,0.993
2000,2000,DICKSON,09 1 DICKSON SR HI,2408,002262,0.00058031,code_token_name,high,0.993
2000,2000,DICKSON,09 1 DICKSON SR HI,2408,002265,0.00017189,code_token_name,high,0.993
2000,2000,DICKSON,09 1 DICKSON SR HI,2408,002257,0.00011429,code_token_name,high,0.993
2000,2000,DICKSON,09 1 DICKSON SR HI,2408,002258,4.641e-05,code_token_name,high,0.993
2000,2000,DICKSON,09 1 DICKSON SR HI,2408,002267,2.302e-05,code_token_name,high,0.993
2000,2000,DICKSON,09 1 DICKSON SR HI,2408,002263,2.159e-05,code_token_name,high,0.993
2000,2000,DICKSON,10 1 DICKSON JR HIG,2380,002265,0.99915308,code_token_name,high,0.993
2000,2000,DICKSON,10 1 DICKSON JR HIG,2380,002264,0.00045177,code_token_name,high,0.993
2000,2000,DICKSON,10 1 DICKSON JR HIG,2380,002263,0.00018183,code_token_name,high,0.993
2000,2000,DICKSON,10 1 DICKSON JR HIG,2380,002261,0.00014375,code_token_name,high,0.993
2000,2000,DICKSON,10 1 DICKSON JR HIG,2380,002266,6.01e-05,code_token_name,high,0.993
2000,2000,DICKSON,10 1 DICKSON JR HIG,2380,002267,9.48e-06,code_token_name,high,0.993
2000,2000,DICKSON,11 1 CROSBY CENTE,2356,002266,0.9989924,code_token_name,high,0.993
2000,2000,DICKSON,11 1 CROSBY CENTE,2356,002267,0.00042741,code_token_name,high,0.993
2000,2000,DICKSON,11 1 CROSBY CENTE,2356,002265,0.00036288,code_token_name,high,0.993
2000,2000,DICKSON,11 1 CROSBY CENTE,2356,002255,0.00021525,code_token_name,high,0.993
2000,2000,DICKSON,11 1 CROSBY CENTE,2356,002252,2.06e-06,code_token_name,high,0.993
2000,2000,DICKSON,12 1 BUDDYS,2340,002265,0.88229676,exact_name,high,1.0
2000,2000,DICKSON,12 1 BUDDYS,2340,002254,0.07545373,exact_name,high,1.0
2000,2000,DICKSON,12 1 BUDDYS,2340,002253,0.02299319,exact_name,high,1.0
2000,2000,DICKSON,12 1 BUDDYS,2340,002266,0.01838764,exact_name,high,1.0
2000,2000,DICKSON,12 1 BUDDYS,2340,002252,0.00057164,exact_name,high,1.0
2000,2000,DICKSON,12 1 BUDDYS,2340,002261,0.00029703,exact_name,high,1.0
2000,2000,DICKSON,12 2 EASTSIDE STUA,2340,002265,0.88229676,code_token_name,high,0.993
2000,2000,DICKSON,12 2 EASTSIDE STUA,2340,002254,0.07545373,code_token_name,high,0.993
2000,2000,DICKSON,12 2 EASTSIDE STUA,2340,002253,0.02299319,code_token_name,high,0.993
2000,2000,DICKSON,12 2 EASTSIDE STUA,2340,002266,0.01838764,code_token_name,high,0.993
2000,2000,DICKSON,12 2 EASTSIDE STUA,2340,002252,0.00057164,code_token_name,high,0.993
2000,2000,DICKSON,12 2 EASTSIDE STUA,2340,002261,0.00029703,code_token_name,high,0.993
2000,2000,DICKSON,12 3 WHITE BLUFF C,2428,002253,0.55330687,prefix_name,high,0.995
2000,2000,DICKSON,12 3 WHITE BLUFF C,2428,002254,0.39987416,prefix_name,high,0.995
2000,2000,DICKSON,12 3 WHITE BLUFF C,2428,002261,0.03270246,prefix_name,high,0.995
2000,2000,DICKSON,12 3 WHITE BLUFF C,2428,002252,0.01030386,prefix_name,high,0.995
2000,2000,DICKSON,12 3 WHITE BLUFF C,2428,002251,0.00380653,prefix_name,high,0.995
2000,2000,DICKSON,12 3 WHITE BLUFF C,2428,002265,6.12e-06,prefix_name,high,0.995
2000,2000,DYER,01 A BONICORD,0001,0001,1.0,token_vtd,high,1.0
2000,2000,DYER,02 A FOWLKES,0002,0002,1.0,token_vtd,high,1.0
2000,2000,DYER,03 A TIGRETT,0003,0003,1.0,token_vtd,high,1.0
2000,2000,DYER,04 B NEWBERN,0004,0004,1.0,token_vtd,high,1.0
2000,2000,DYER,05 C TATUMVILLE,0005,0005,1.0,token_vtd,high,1.0
2000,2000,DYER,06 C TRIMBLE,0006,0006,1.0,token_vtd,high,1.0
2000,2000,DYER,07 C ROELLEN,0007,0007,1.0,token_vtd,high,1.0
2000,2000,DYER,08 D MILLSFIELD,0008,0008,1.0,token_vtd,high,1.0
2000,2000,DYER,09 D BOGOTA,0009,0009,1.0,token_vtd,high,1.0
2000,2000,DYER,10 E FINLEY,0010,0010,1.0,token_vtd,high,1.0
2000,2000,DYER,11 E LENOX,0011,0011,1.0,token_vtd,high,1.0
2000,2000,DYER,12 F FUTURE CITY,0012,0012,1.0,token_vtd,high,1.0
2000,2000,DYER,13 F BRUCE,0013,0013,1.0,token_vtd,high,1.0
2000,2000,DYER,14 F S DYERSBURG,0014,0014,1.0,token_vtd,high,1.0
2000,2000,DYER,15 G COURTHOUSE,0015,0015,1.0,token_vtd,high,1.0
2000,2000,FAYETTE,01 SOMERVILLE CITY,2559,002460,0.38631714,code_token_name,high,0.993
2000,2000,FAYETTE,01 SOMERVILLE CITY,2559,002461,0.29506101,code_token_name,high,0.993
2000,2000,FAYETTE,01 SOMERVILLE CITY,2559,002465,0.17342538,code_token_name,high,0.993
2000,2000,FAYETTE,01 SOMERVILLE CITY,2559,002464,0.08886482,code_token_name,high,0.993
2000,2000,FAYETTE,01 SOMERVILLE CITY,2559,002458,0.05606119,code_token_name,high,0.993
2000,2000,FAYETTE,01 SOMERVILLE CITY,2559,002456,0.00027046,code_token_name,high,0.993
2000,2000,FAYETTE,02 SOMERVILLE RUR,2564,002461,0.99993749,code_token_name,high,0.993
2000,2000,FAYETTE,02 SOMERVILLE RUR,2564,002464,6.251e-05,code_token_name,high,0.993
2000,2000,FAYETTE,03 FAY CORNR LACO,2572,002464,0.69345584,code_token_name,high,0.993
2000,2000,FAYETTE,03 FAY CORNR LACO,2572,002462,0.18263824,code_token_name,high,0.993
2000,2000,FAYETTE,03 FAY CORNR LACO,2572,002461,0.12390592,code_token_name,high,0.993
2000,2000,FAYETTE,04 GARNETT,2593,002456,0.36424828,code_token_name,high,0.993
2000,2000,FAYETTE,04 GARNETT,2593,002451,0.22703943,code_token_name,high,0.993
2000,2000,FAYETTE,04 GARNETT,2593,002464,0.21244209,code_token_name,high,0.993
2000,2000,FAYETTE,04 GARNETT,2593,002463,0.13557648,code_token_name,high,0.993
2000,2000,FAYETTE,04 GARNETT,2593,002465,0.0415159,code_token_name,high,0.993
2000,2000,FAYETTE,04 GARNETT,2593,002452,0.01917781,code_token_name,high,0.993
2000,2000,FAYETTE,05 LONGTOWN,2533,002455,0.91186421,code_token_name,high,0.993
2000,2000,FAYETTE,05 LONGTOWN,2533,002454,0.08813579,code_token_name,high,0.993
2000,2000,FAYETTE,06 GALLAWAY BRAD,2540,002456,0.66894251,code_token_name,high,0.993
2000,2000,FAYETTE,06 GALLAWAY BRAD,2540,002455,0.23432532,code_token_name,high,0.993
2000,2000,FAYETTE,06 GALLAWAY BRAD,2540,002453,0.09673217,code_token_name,high,0.993
2000,2000,FAYETTE,06 GALLAWAY BRAD,2540,002451,0.0,code_token_name,high,0.993
2000,2000,FAYETTE,07 OAKLAND,2545,002457,0.61272953,code_token_name,high,0.993
2000,2000,FAYETTE,07 OAKLAND,2545,002455,0.18790114,code_token_name,high,0.993
2000,2000,FAYETTE,07 OAKLAND,2545,002456,0.10755563,code_token_name,high,0.993
2000,2000,FAYETTE,07 OAKLAND,2545,002458,0.07725369,code_token_name,high,0.993
2000,2000,FAYETTE,07 OAKLAND,2545,002459,0.01456,code_token_name,high,0.993
2000,2000,FAYETTE,08 WARREN,2588,002452,0.63527857,code_token_name,high,0.993
2000,2000,FAYETTE,08 WARREN,2588,002463,0.28655472,code_token_name,high,0.993
2000,2000,FAYETTE,08 WARREN,2588,002451,0.03644261,code_token_name,high,0.993
2000,2000,FAYETTE,08 WARREN,2588,002456,0.02916432,code_token_name,high,0.993
2000,2000,FAYETTE,08 WARREN,2588,002453,0.01255979,code_token_name,high,0.993
2000,2000,FAYETTE,09 ELBA,0009,0009,1.0,token_vtd,high,1.0
2000,2000,FAYETTE,10 ROSSVILLE,0010,0010,1.0,token_vtd,high,1.0
2000,2000,FAYETTE,11 PIPERTON,0011,0011,1.0,token_vtd,high,1.0
2000,2000,FAYETTE,12 WILLISTON,0012,0012,1.0,token_vtd,high,1.0
2000,2000,FAYETTE,13 MACON,0013,0013,1.0,token_vtd,high,1.0
2000,2000,FAYETTE,14 MOSCOW,0014,0014,1.0,token_vtd,high,1.0
2000,2000,FAYETTE,15 LAGRANGE,0015,0015,1.0,token_vtd,high,1.0
2000,2000,FAYETTE,16 PARKS,0016,0016,1.0,token_vtd,high,1.0
2000,2000,FENTRESS,ALLARDT,2652,002553,0.99242469,exact_name,high,1.0
2000,2000,FENTRESS,ALLARDT,2652,002561,0.00472948,exact_name,high,1.0
2000,2000,FENTRESS,ALLARDT,2652,002557,0.00113492,exact_name,high,1.0
2000,2000,FENTRESS,ALLARDT,2652,002555,0.00094731,exact_name,high,1.0
2000,2000,FENTRESS,ALLARDT,2652,002551,0.0007636,exact_name,high,1.0
2000,2000,FENTRESS,ARMATHWAITE,2656,002551,0.99870681,exact_name,high,1.0
2000,2000,FENTRESS,ARMATHWAITE,2656,002555,0.00069971,exact_name,high,1.0
2000,2000,FENTRESS,ARMATHWAITE,2656,002553,0.00059349,exact_name,high,1.0
2000,2000,FENTRESS,BANNER SPRINGS,2644,002552,0.7727818,exact_name,high,1.0
2000,2000,FENTRESS,BANNER SPRINGS,2644,002562,0.22714447,exact_name,high,1.0
2000,2000,FENTRESS,BANNER SPRINGS,2644,002556,7.374e-05,exact_name,high,1.0
2000,2000,FENTRESS,CLARKRANGE,2640,002556,0.53719613,exact_name,high,1.0
2000,2000,FENTRESS,CLARKRANGE,2640,002562,0.3283802,exact_name,high,1.0
2000,2000,FENTRESS,CLARKRANGE,2640,002552,0.13418321,exact_name,high,1.0
2000,2000,FENTRESS,CLARKRANGE,2640,002560,0.00024047,exact_name,high,1.0
2000,2000,FENTRESS,COURTHOUSE,2612,002554,0.99765638,exact_name,high,1.0
2000,2000,FENTRESS,COURTHOUSE,2612,002557,0.0013776,exact_name,high,1.0
2000,2000,FENTRESS,COURTHOUSE,2612,002558,0.00096602,exact_name,high,1.0
2000,2000,FENTRESS,CROSSROADS,2616,002558,0.98939282,exact_name,high,1.0
2000,2000,FENTRESS,CROSSROADS,2616,002557,0.00770111,exact_name,high,1.0
2000,2000,FENTRESS,CROSSROADS,2616,002560,0.00114876,exact_name,high,1.0
2000,2000,FENTRESS,CROSSROADS,2616,002559,0.00104061,exact_name,high,1.0
2000,2000,FENTRESS,CROSSROADS,2616,002554,0.00047712,exact_name,high,1.0
2000,2000,FENTRESS,CROSSROADS,2616,002555,0.00015879,exact_name,high,1.0
2000,2000,FENTRESS,CROSSROADS,2616,002563,8.079e-05,exact_name,high,1.0
2000,2000,FENTRESS,GRIMSLEY,2632,002562,0.7963284,exact_name,high,1.0
2000,2000,FENTRESS,GRIMSLEY,2632,002553,0.13983361,exact_name,high,1.0
2000,2000,FENTRESS,GRIMSLEY,2632,002561,0.06347393,exact_name,high,1.0
2000,2000,FENTRESS,GRIMSLEY,2632,002560,0.00031857,exact_name,high,1.0
2000,2000,FENTRESS,GRIMSLEY,2632,002556,4.548e-05,exact_name,high,1.0
2000,2000,FENTRESS,PALL MALL,2620,002559,0.99914724,exact_name,high,1.0
2000,2000,FENTRESS,PALL MALL,2620,002563,0.00034277,exact_name,high,1.0
2000,2000,FENTRESS,PALL MALL,2620,002558,0.00026438,exact_name,high,1.0
2000,2000,FENTRESS,PALL MALL,2620,002560,0.0002456,exact_name,high,1.0
2000,2000,FENTRESS,PINE HAVEN,2648,002555,0.79241732,exact_name,high,1.0
2000,2000,FENTRESS,PINE HAVEN,2648,002563,0.20455614,exact_name,high,1.0
2000,2000,FENTRESS,PINE HAVEN,2648,002558,0.00158609,exact_name,high,1.0
2000,2000,FENTRESS,PINE HAVEN,2648,002559,0.00057612,exact_name,high,1.0
2000,2000,FENTRESS,PINE HAVEN,2648,002557,0.00038951,exact_name,high,1.0
2000,2000,FENTRESS,PINE HAVEN,2648,002553,0.00024737,exact_name,high,1.0
2000,2000,FENTRESS,PINE HAVEN,2648,002551,0.00022744,exact_name,high,1.0
2000,2000,FENTRESS,SHIRLEY,2636,002553,0.53362259,exact_name,high,1.0
2000,2000,FENTRESS,SHIRLEY,2636,002551,0.38230098,exact_name,high,1.0
2000,2000,FENTRESS,SHIRLEY,2636,002561,0.08407643,exact_name,high,1.0
2000,2000,FENTRESS,WEST FENTRESS,2624,002560,0.99916359,exact_name,high,1.0
2000,2000,FENTRESS,WEST FENTRESS,2624,002562,0.00036744,exact_name,high,1.0
2000,2000,FENTRESS,WEST FENTRESS,2624,002558,0.00024735,exact_name,high,1.0
2000,2000,FENTRESS,WEST FENTRESS,2624,002559,0.00021317,exact_name,high,1.0
2000,2000,FENTRESS,WEST FENTRESS,2624,002561,8.45e-06,exact_name,high,1.0
2000,2000,FRANKLIN,01 ALTO OAK GROV,0001,0001,1.0,code_token_name,high,0.993
2000,2000,FRANKLIN,02 BELVIDERE,0002,0002,1.0,code_token_name,high,0.993
2000,2000,FRANKLIN,03 BROADVIEW,0003,0003,1.0,code_token_name,high,0.993
2000,2000,FRANKLIN,04 CAPITOL HILL,0006,0006,1.0,code_token_name,high,0.993
2000,2000,FRANKLIN,05 CLARK MEM,0009,0009,1.0,code_token_name,high,0.993
2000,2000,FRANKLIN,06 COURTHOUSE,0012,0012,1.0,code_token_name,high,0.993
2000,2000,FRANKLIN,07 COWAN,0015,0015,1.0,code_token_name,high,0.993
2000,2000,FRANKLIN,08 DECHERD,0017,0017,1.0,code_token_name,high,0.993
2000,2000,FRANKLIN,09 ESTILL SPRINGS,0009,0009,1.0,token_vtd,high,1.0
2000,2000,FRANKLIN,10 HUNTLAND,0010,0010,1.0,token_vtd,high,1.0
2000,2000,FRANKLIN,11 KEITH SPGS,0011,0011,1.0,token_vtd,high,1.0
2000,2000,FRANKLIN,12 LIBERTY,0012,0012,1.0,token_vtd,high,1.0
2000,2000,FRANKLIN,13 NORTH LAKE,0013,0013,1.0,token_vtd,high,1.0
2000,2000,FRANKLIN,14 OLD SALEM,0014,0014,1.0,token_vtd,high,1.0
2000,2000,FRANKLIN,15 SEWANEE,0015,0015,1.0,token_vtd,high,1.0
2000,2000,FRANKLIN,16 SHERWOOD,0016,0016,1.0,token_vtd,high,1.0
2000,2000,FRANKLIN,17 UTSI,0017,0017,1.0,token_vtd,high,1.0
2000,2000,FRANKLIN,18 WINCHESTER SP,0018,0018,1.0,token_vtd,high,1.0
2000,2000,GIBSON,01 1 MEDINA CIVIC,2780,002759,0.66397869,code_token_name,high,0.993
2000,2000,GIBSON,01 1 MEDINA CIVIC,2780,002753,0.31928196,code_token_name,high,0.993
2000,2000,GIBSON,01 1 MEDINA CIVIC,2780,002752,0.00878485,code_token_name,high,0.993
2000,2000,GIBSON,01 1 MEDINA CIVIC,2780,002764,0.00788659,code_token_name,high,0.993
2000,2000,GIBSON,01 1 MEDINA CIVIC,2780,002751,5.72e-05,code_token_name,high,0.993
2000,2000,GIBSON,01 1 MEDINA CIVIC,2780,002754,1.03e-05,code_token_name,high,0.993
2000,2000,GIBSON,01 1 MEDINA CIVIC,2780,002758,3.9e-07,code_token_name,high,0.993
2000,2000,GIBSON,01 2 SITKA,2780,002759,0.66397869,code_token_name,high,0.993
2000,2000,GIBSON,01 2 SITKA,2780,002753,0.31928196,code_token_name,high,0.993
2000,2000,GIBSON,01 2 SITKA,2780,002752,0.00878485,code_token_name,high,0.993
2000,2000,GIBSON,01 2 SITKA,2780,002764,0.00788659,code_token_name,high,0.993
2000,2000,GIBSON,01 2 SITKA,2780,002751,5.72e-05,code_token_name,high,0.993
2000,2000,GIBSON,01 2 SITKA,2780,002754,1.03e-05,code_token_name,high,0.993
2000,2000,GIBSON,01 2 SITKA,2780,002758,3.9e-07,code_token_name,high,0.993
2000,2000,GIBSON,01 3 SOUTH GIBSON,2780,002759,0.66397869,code_token_name,high,0.993
2000,2000,GIBSON,01 3 SOUTH GIBSON,2780,002753,0.31928196,code_token_name,high,0.993
2000,2000,GIBSON,01 3 SOUTH GIBSON,2780,002752,0.00878485,code_token_name,high,0.993
2000,2000,GIBSON,01 3 SOUTH GIBSON,2780,002764,0.00788659,code_token_name,high,0.993
2000,2000,GIBSON,01 3 SOUTH GIBSON,2780,002751,5.72e-05,code_token_name,high,0.993
2000,2000,GIBSON,01 3 SOUTH GIBSON,2780,002754,1.03e-05,code_token_name,high,0.993
2000,2000,GIBSON,01 3 SOUTH GIBSON,2780,002758,3.9e-07,code_token_name,high,0.993
2000,2000,GIBSON,01 4 GIBSON MUNI B,2780,002759,0.66397869,code_token_name,high,0.993
2000,2000,GIBSON,01 4 GIBSON MUNI B,2780,002753,0.31928196,code_token_name,high,0.993
2000,2000,GIBSON,01 4 GIBSON MUNI B,2780,002752,0.00878485,code_token_name,high,0.993
2000,2000,GIBSON,01 4 GIBSON MUNI B,2780,002764,0.00788659,code_token_name,high,0.993
2000,2000,GIBSON,01 4 GIBSON MUNI B,2780,002751,5.72e-05,code_token_name,high,0.993
2000,2000,GIBSON,01 4 GIBSON MUNI B,2780,002754,1.03e-05,code_token_name,high,0.993
2000,2000,GIBSON,01 4 GIBSON MUNI B,2780,002758,3.9e-07,code_token_name,high,0.993
2000,2000,GIBSON,01 5 HUMBOLDT ARP,2780,002759,0.66397869,code_token_name,high,0.993
2000,2000,GIBSON,01 5 HUMBOLDT ARP,2780,002753,0.31928196,code_token_name,high,0.993
2000,2000,GIBSON,01 5 HUMBOLDT ARP,2780,002752,0.00878485,code_token_name,high,0.993
2000,2000,GIBSON,01 5 HUMBOLDT ARP,2780,002764,0.00788659,code_token_name,high,0.993
2000,2000,GIBSON,01 5 HUMBOLDT ARP,2780,002751,5.72e-05,code_token_name,high,0.993
2000,2000,GIBSON,01 5 HUMBOLDT ARP,2780,002754,1.03e-05,code_token_name,high,0.993
2000,2000,GIBSON,01 5 HUMBOLDT ARP,2780,002758,3.9e-07,code_token_name,high,0.993
2000,2000,GIBSON,02 3 HUMBOLDT CH,2784,002754,0.94673567,code_token_name,high,0.993
2000,2000,GIBSON,02 3 HUMBOLDT CH,2784,002756,0.04196722,code_token_name,high,0.993
2000,2000,GIBSON,02 3 HUMBOLDT CH,2784,002755,0.01020057,code_token_name,high,0.993
2000,2000,GIBSON,02 3 HUMBOLDT CH,2784,002757,0.00105911,code_token_name,high,0.993
2000,2000,GIBSON,02 3 HUMBOLDT CH,2784,002758,3.743e-05,code_token_name,high,0.993
2000,2000,GIBSON,03 4 HUMBOLDT BAI,2884,002755,0.71293121,code_token_name,high,0.993
2000,2000,GIBSON,03 4 HUMBOLDT BAI,2884,002756,0.28652647,code_token_name,high,0.993
2000,2000,GIBSON,03 4 HUMBOLDT BAI,2884,002754,0.00046767,code_token_name,high,0.993
2000,2000,GIBSON,03 4 HUMBOLDT BAI,2884,002757,7.465e-05,code_token_name,high,0.993
2000,2000,GIBSON,04 2 HUMBOLDT FIR,2772,002756,0.95857934,code_token_name,high,0.993
2000,2000,GIBSON,04 2 HUMBOLDT FIR,2772,002757,0.02618171,code_token_name,high,0.993
2000,2000,GIBSON,04 2 HUMBOLDT FIR,2772,002755,0.01523896,code_token_name,high,0.993
2000,2000,GIBSON,05 1 HUMBOLDT NE,2804,002757,0.62329114,code_token_name,high,0.993
2000,2000,GIBSON,05 1 HUMBOLDT NE,2804,002756,0.22334976,code_token_name,high,0.993
2000,2000,GIBSON,05 1 HUMBOLDT NE,2804,002760,0.1533591,code_token_name,high,0.993
2000,2000,GIBSON,06 5 HUMBOLDT OLD,2796,002757,0.47176562,code_token_name,high,0.993
2000,2000,GIBSON,06 5 HUMBOLDT OLD,2796,002758,0.45081417,code_token_name,high,0.993
2000,2000,GIBSON,06 5 HUMBOLDT OLD,2796,002760,0.06928796,code_token_name,high,0.993
2000,2000,GIBSON,06 5 HUMBOLDT OLD,2796,002753,0.00804454,code_token_name,high,0.993
2000,2000,GIBSON,06 5 HUMBOLDT OLD,2796,002756,4.507e-05,code_token_name,high,0.993
2000,2000,GIBSON,06 5 HUMBOLDT OLD,2796,002754,4.263e-05,code_token_name,high,0.993
2000,2000,GIBSON,07 1 TRENTON AGRI,2764,002760,0.99941613,code_token_name,high,0.993
2000,2000,GIBSON,07 1 TRENTON AGRI,2764,002761,0.00042385,code_token_name,high,0.993
2000,2000,GIBSON,07 1 TRENTON AGRI,2764,002759,0.00016002,code_token_name,high,0.993
2000,2000,GIBSON,07 2 EDISON,2764,002760,0.99941613,code_token_name,high,0.993
2000,2000,GIBSON,07 2 EDISON,2764,002761,0.00042385,code_token_name,high,0.993
2000,2000,GIBSON,07 2 EDISON,2764,002759,0.00016002,code_token_name,high,0.993
2000,2000,GIBSON,07 3 FRUITLAND,2764,002760,0.99941613,code_token_name,high,0.993
2000,2000,GIBSON,07 3 FRUITLAND,2764,002761,0.00042385,code_token_name,high,0.993
2000,2000,GIBSON,07 3 FRUITLAND,2764,002759,0.00016002,code_token_name,high,0.993
2000,2000,GIBSON,08 1 BRAZIL,2740,002761,0.99962938,code_token_name,high,0.993
2000,2000,GIBSON,08 1 BRAZIL,2740,002760,0.00020931,code_token_name,high,0.993
2000,2000,GIBSON,08 1 BRAZIL,2740,002762,0.0001613,code_token_name,high,0.993
2000,2000,GIBSON,08 3 SPRING HILL,2740,002761,0.99962938,code_token_name,high,0.993
2000,2000,GIBSON,08 3 SPRING HILL,2740,002760,0.00020931,code_token_name,high,0.993
2000,2000,GIBSON,08 3 SPRING HILL,2740,002762,0.0001613,code_token_name,high,0.993
2000,2000,GIBSON,08 4 NEBO,2740,002761,0.99962938,code_token_name,high,0.993
2000,2000,GIBSON,08 4 NEBO,2740,002760,0.00020931,code_token_name,high,0.993
2000,2000,GIBSON,08 4 NEBO,2740,002762,0.0001613,code_token_name,high,0.993
2000,2000,GIBSON,08 5 YORKVILLE,2740,002761,0.99962938,code_token_name,high,0.993
2000,2000,GIBSON,08 5 YORKVILLE,2740,002760,0.00020931,code_token_name,high,0.993
2000,2000,GIBSON,08 5 YORKVILLE,2740,002762,0.0001613,code_token_name,high,0.993
2000,2000,GIBSON,08 6 KENTON,2740,002761,0.99962938,code_token_name,high,0.993
2000,2000,GIBSON,08 6 KENTON,2740,002760,0.00020931,code_token_name,high,0.993
2000,2000,GIBSON,08 6 KENTON,2740,002762,0.0001613,code_token_name,high,0.993
2000,2000,GIBSON,08 7 FAIRVIEW,2740,002761,0.99962938,code_token_name,high,0.993
2000,2000,GIBSON,08 7 FAIRVIEW,2740,002760,0.00020931,code_token_name,high,0.993
2000,2000,GIBSON,08 7 FAIRVIEW,2740,002762,0.0001613,code_token_name,high,0.993
2000,2000,GIBSON,09 1 TRENTON CRTH,2792,002762,0.98989208,code_token_name,high,0.993
2000,2000,GIBSON,09 1 TRENTON CRTH,2792,002761,0.00999922,code_token_name,high,0.993
2000,2000,GIBSON,09 1 TRENTON CRTH,2792,002778,5.769e-05,code_token_name,high,0.993
2000,2000,GIBSON,09 1 TRENTON CRTH,2792,002760,5.101e-05,code_token_name,high,0.993
2000,2000,GIBSON,09 2 HICKORY GROV,2792,002762,0.98989208,code_token_name,high,0.993
2000,2000,GIBSON,09 2 HICKORY GROV,2792,002761,0.00999922,code_token_name,high,0.993
2000,2000,GIBSON,09 2 HICKORY GROV,2792,002778,5.769e-05,code_token_name,high,0.993
2000,2000,GIBSON,09 2 HICKORY GROV,2792,002760,5.101e-05,code_token_name,high,0.993
2000,2000,GIBSON,10 1 TRENTON CTY H,2876,002763,0.99437172,code_token_name,high,0.993
2000,2000,GIBSON,10 1 TRENTON CTY H,2876,002759,0.00542936,code_token_name,high,0.993
2000,2000,GIBSON,10 1 TRENTON CTY H,2876,002762,0.00019891,code_token_name,high,0.993
2000,2000,GIBSON,11 1 CONCORD,2748,002765,0.43869575,exact_name,high,1.0
2000,2000,GIBSON,11 1 CONCORD,2748,002764,0.32644282,exact_name,high,1.0
2000,2000,GIBSON,11 1 CONCORD,2748,002775,0.20776014,exact_name,high,1.0
2000,2000,GIBSON,11 1 CONCORD,2748,002762,0.02687402,exact_name,high,1.0
2000,2000,GIBSON,11 1 CONCORD,2748,002774,0.00022726,exact_name,high,1.0
2000,2000,GIBSON,11 2 MOORE S CHAP,2748,002765,0.43869575,code_token_name,high,0.993
2000,2000,GIBSON,11 2 MOORE S CHAP,2748,002764,0.32644282,code_token_name,high,0.993
2000,2000,GIBSON,11 2 MOORE S CHAP,2748,002775,0.20776014,code_token_name,high,0.993
2000,2000,GIBSON,11 2 MOORE S CHAP,2748,002762,0.02687402,code_token_name,high,0.993
2000,2000,GIBSON,11 2 MOORE S CHAP,2748,002774,0.00022726,code_token_name,high,0.993
2000,2000,GIBSON,11 3 UNION CENTRAL,2842,002765,0.96520415,exact_name,high,1.0
2000,2000,GIBSON,11 3 UNION CENTRAL,2842,002764,0.03151485,exact_name,high,1.0
2000,2000,GIBSON,11 3 UNION CENTRAL,2842,002769,0.00317872,exact_name,high,1.0
2000,2000,GIBSON,11 3 UNION CENTRAL,2842,002766,0.00010227,exact_name,high,1.0
2000,2000,GIBSON,11 4 GANN,2888,002766,0.58692466,exact_name,high,1.0
2000,2000,GIBSON,11 4 GANN,2888,002765,0.28695642,exact_name,high,1.0
2000,2000,GIBSON,11 4 GANN,2888,002770,0.08474653,exact_name,high,1.0
2000,2000,GIBSON,11 4 GANN,2888,002774,0.04098183,exact_name,high,1.0
2000,2000,GIBSON,11 4 GANN,2888,002769,0.00039057,exact_name,high,1.0
2000,2000,GIBSON,11 5 SKULLBONE,2864,002766,0.86521432,exact_name,high,1.0
2000,2000,GIBSON,11 5 SKULLBONE,2864,002774,0.1347782,exact_name,high,1.0
2000,2000,GIBSON,11 5 SKULLBONE,2864,002776,7.48e-06,exact_name,high,1.0
2000,2000,GIBSON,12 1 MILAN EXPRESS,2836,002767,0.68117858,exact_name,high,1.0
2000,2000,GIBSON,12 1 MILAN EXPRESS,2836,002770,0.17908897,exact_name,high,1.0
2000,2000,GIBSON,12 1 MILAN EXPRESS,2836,002768,0.12906589,exact_name,high,1.0
2000,2000,GIBSON,12 1 MILAN EXPRESS,2836,002764,0.01066656,exact_name,high,1.0
2000,2000,GIBSON,13 4 MILAN POLK CL,2840,002768,0.99375675,code_token_name,high,0.993
2000,2000,GIBSON,13 4 MILAN POLK CL,2840,002764,0.00607206,code_token_name,high,0.993
2000,2000,GIBSON,13 4 MILAN POLK CL,2840,002769,0.0001712,code_token_name,high,0.993
2000,2000,GIBSON,14 3 MILAN ASSY GO,2832,002769,0.98516724,code_token_name,high,0.993
2000,2000,GIBSON,14 3 MILAN ASSY GO,2832,002770,0.00650165,code_token_name,high,0.993
2000,2000,GIBSON,14 3 MILAN ASSY GO,2832,002764,0.0038579,code_token_name,high,0.993
2000,2000,GIBSON,14 3 MILAN ASSY GO,2832,002765,0.00277197,code_token_name,high,0.993
2000,2000,GIBSON,14 3 MILAN ASSY GO,2832,002768,0.00170124,code_token_name,high,0.993
2000,2000,GIBSON,15 2 MILAN MUNI BL,2838,002770,0.88709801,code_token_name,high,0.993
2000,2000,GIBSON,15 2 MILAN MUNI BL,2838,002769,0.08286531,code_token_name,high,0.993
2000,2000,GIBSON,15 2 MILAN MUNI BL,2838,002768,0.03002297,code_token_name,high,0.993
2000,2000,GIBSON,15 2 MILAN MUNI BL,2838,002767,1.371e-05,code_token_name,high,0.993
2000,2000,GIBSON,17 1 BRADFORD,2736,002774,0.88003947,exact_name,high,1.0
2000,2000,GIBSON,17 1 BRADFORD,2736,002776,0.11910002,exact_name,high,1.0
2000,2000,GIBSON,17 1 BRADFORD,2736,002766,0.00050819,exact_name,high,1.0
2000,2000,GIBSON,17 1 BRADFORD,2736,002775,0.00035232,exact_name,high,1.0
2000,2000,GIBSON,17 2 IDLEWILD,2812,002774,0.99911904,exact_name,high,1.0
2000,2000,GIBSON,17 2 IDLEWILD,2812,002765,0.00045784,exact_name,high,1.0
2000,2000,GIBSON,17 2 IDLEWILD,2812,002766,0.00026112,exact_name,high,1.0
2000,2000,GIBSON,17 2 IDLEWILD,2812,002776,0.00012303,exact_name,high,1.0
2000,2000,GIBSON,17 2 IDLEWILD,2812,002775,3.898e-05,exact_name,high,1.0
2000,2000,GIBSON,18 1 LANEVIEW,2820,002775,0.99921725,exact_name,high,1.0
2000,2000,GIBSON,18 1 LANEVIEW,2820,002762,0.00065673,exact_name,high,1.0
2000,2000,GIBSON,18 1 LANEVIEW,2820,002776,0.00012062,exact_name,high,1.0
2000,2000,GIBSON,18 1 LANEVIEW,2820,002774,5.39e-06,exact_name,high,1.0
2000,2000,GIBSON,18 2 POPLAR GROVE,2852,002777,0.5426843,exact_name,high,1.0
2000,2000,GIBSON,18 2 POPLAR GROVE,2852,002775,0.33395917,exact_name,high,1.0
2000,2000,GIBSON,18 2 POPLAR GROVE,2852,002762,0.11255877,exact_name,high,1.0
2000,2000,GIBSON,18 2 POPLAR GROVE,2852,002778,0.01072566,exact_name,high,1.0
2000,2000,GIBSON,18 2 POPLAR GROVE,2852,002776,7.211e-05,exact_name,high,1.0
2000,2000,GIBSON,18 3 LONOKE,2824,002776,0.99958202,exact_name,high,1.0
2000,2000,GIBSON,18 3 LONOKE,2824,002773,0.00035604,exact_name,high,1.0
2000,2000,GIBSON,18 3 LONOKE,2824,002772,6.194e-05,exact_name,high,1.0
2000,2000,GIBSON,18 4 GOOD LUCK,2788,002776,0.93507999,exact_name,high,1.0
2000,2000,GIBSON,18 4 GOOD LUCK,2788,002777,0.06215923,exact_name,high,1.0
2000,2000,GIBSON,18 4 GOOD LUCK,2788,002774,0.00271233,exact_name,high,1.0
2000,2000,GIBSON,18 4 GOOD LUCK,2788,002775,4.844e-05,exact_name,high,1.0
2000,2000,GIBSON,19 1 DYER,2756,002777,0.68201435,exact_name,high,1.0
2000,2000,GIBSON,19 1 DYER,2756,002778,0.31666317,exact_name,high,1.0
2000,2000,GIBSON,19 1 DYER,2756,002773,0.00092455,exact_name,high,1.0
2000,2000,GIBSON,19 1 DYER,2756,002762,0.00017896,exact_name,high,1.0
2000,2000,GIBSON,19 1 DYER,2756,002776,0.00012251,exact_name,high,1.0
2000,2000,GIBSON,19 1 DYER,2756,002775,7.438e-05,exact_name,high,1.0
2000,2000,GIBSON,19 1 DYER,2756,002771,2.208e-05,exact_name,high,1.0
2000,2000,GIBSON,19 2 CURRIE,2752,002778,0.99952852,exact_name,high,1.0
2000,2000,GIBSON,19 2 CURRIE,2752,002762,0.00021562,exact_name,high,1.0
2000,2000,GIBSON,19 2 CURRIE,2752,002777,0.00014681,exact_name,high,1.0
2000,2000,GIBSON,19 2 CURRIE,2752,002771,0.00010787,exact_name,high,1.0
2000,2000,GIBSON,19 2 CURRIE,2752,002761,1.17e-06,exact_name,high,1.0
2000,2000,GIBSON,20 1 RUTHERFORD,2856,002773,0.96522785,exact_name,high,1.0
2000,2000,GIBSON,20 1 RUTHERFORD,2856,002772,0.01781556,exact_name,high,1.0
2000,2000,GIBSON,20 1 RUTHERFORD,2856,002771,0.01663644,exact_name,high,1.0
2000,2000,GIBSON,20 1 RUTHERFORD,2856,002777,0.00016708,exact_name,high,1.0
2000,2000,GIBSON,20 1 RUTHERFORD,2856,002776,0.00015307,exact_name,high,1.0
2000,2000,GILES,01 1 ARDMORE,2908,002854,0.99919347,code_token_name,high,0.993
2000,2000,GILES,01 1 ARDMORE,2908,002851,0.0005222,code_token_name,high,0.993
2000,2000,GILES,01 1 ARDMORE,2908,002860,0.00028432,code_token_name,high,0.993
2000,2000,GILES,01 2 PROSPECT RES,2908,002854,0.99919347,code_token_name,high,0.993
2000,2000,GILES,01 2 PROSPECT RES,2908,002851,0.0005222,code_token_name,high,0.993
2000,2000,GILES,01 2 PROSPECT RES,2908,002860,0.00028432,code_token_name,high,0.993
2000,2000,GILES,02 1 MINOR HILL,2904,002852,0.90873596,code_token_name,high,0.993
2000,2000,GILES,02 1 MINOR HILL,2904,002851,0.03935296,code_token_name,high,0.993
2000,2000,GILES,02 1 MINOR HILL,2904,002864,0.03392139,code_token_name,high,0.993
2000,2000,GILES,02 1 MINOR HILL,2904,002859,0.01673607,code_token_name,high,0.993
2000,2000,GILES,02 1 MINOR HILL,2904,002855,0.00053104,code_token_name,high,0.993
2000,2000,GILES,02 1 MINOR HILL,2904,002853,0.00047666,code_token_name,high,0.993
2000,2000,GILES,02 1 MINOR HILL,2904,002860,0.00024592,code_token_name,high,0.993
2000,2000,GILES,02 2 AIRPORT,2904,002852,0.90873596,code_token_name,high,0.993
2000,2000,GILES,02 2 AIRPORT,2904,002851,0.03935296,code_token_name,high,0.993
2000,2000,GILES,02 2 AIRPORT,2904,002864,0.03392139,code_token_name,high,0.993
2000,2000,GILES,02 2 AIRPORT,2904,002859,0.01673607,code_token_name,high,0.993
2000,2000,GILES,02 2 AIRPORT,2904,002855,0.00053104,code_token_name,high,0.993
2000,2000,GILES,02 2 AIRPORT,2904,002853,0.00047666,code_token_name,high,0.993
2000,2000,GILES,02 2 AIRPORT,2904,002860,0.00024592,code_token_name,high,0.993
2000,2000,GILES,03 1 BODENHAM,2920,002855,0.88025756,code_token_name,high,0.993
2000,2000,GILES,03 1 BODENHAM,2920,002861,0.09669537,code_token_name,high,0.993
2000,2000,GILES,03 1 BODENHAM,2920,002859,0.02111551,code_token_name,high,0.993
2000,2000,GILES,03 1 BODENHAM,2920,002864,0.00125002,code_token_name,high,0.993
2000,2000,GILES,03 1 BODENHAM,2920,002856,0.00037982,code_token_name,high,0.993
2000,2000,GILES,03 1 BODENHAM,2920,002852,0.00027623,code_token_name,high,0.993
2000,2000,GILES,03 1 BODENHAM,2920,002862,1.684e-05,code_token_name,high,0.993
2000,2000,GILES,03 1 BODENHAM,2920,002857,8.66e-06,code_token_name,high,0.993
2000,2000,GILES,03 2 CAMPBELLSVIL,2920,002855,0.88025756,code_token_name,high,0.993
2000,2000,GILES,03 2 CAMPBELLSVIL,2920,002861,0.09669537,code_token_name,high,0.993
2000,2000,GILES,03 2 CAMPBELLSVIL,2920,002859,0.02111551,code_token_name,high,0.993
2000,2000,GILES,03 2 CAMPBELLSVIL,2920,002864,0.00125002,code_token_name,high,0.993
2000,2000,GILES,03 2 CAMPBELLSVIL,2920,002856,0.00037982,code_token_name,high,0.993
2000,2000,GILES,03 2 CAMPBELLSVIL,2920,002852,0.00027623,code_token_name,high,0.993
2000,2000,GILES,03 2 CAMPBELLSVIL,2920,002862,1.684e-05,code_token_name,high,0.993
2000,2000,GILES,03 2 CAMPBELLSVIL,2920,002857,8.66e-06,code_token_name,high,0.993
2000,2000,GILES,04 1 LYNNVILLE,2928,002858,0.933702,code_token_name,high,0.993
2000,2000,GILES,04 1 LYNNVILLE,2928,002859,0.06540152,code_token_name,high,0.993
2000,2000,GILES,04 1 LYNNVILLE,2928,002860,0.00047065,code_token_name,high,0.993
2000,2000,GILES,04 1 LYNNVILLE,2928,002857,0.00042584,code_token_name,high,0.993
2000,2000,GILES,04 2 BRICK CHURCH,2928,002858,0.933702,code_token_name,high,0.993
2000,2000,GILES,04 2 BRICK CHURCH,2928,002859,0.06540152,code_token_name,high,0.993
2000,2000,GILES,04 2 BRICK CHURCH,2928,002860,0.00047065,code_token_name,high,0.993
2000,2000,GILES,04 2 BRICK CHURCH,2928,002857,0.00042584,code_token_name,high,0.993
2000,2000,GILES,05 1 TN TECH CENTE,2936,002860,0.95162363,code_token_name,high,0.993
2000,2000,GILES,05 1 TN TECH CENTE,2936,002854,0.04759845,code_token_name,high,0.993
2000,2000,GILES,05 1 TN TECH CENTE,2936,002859,0.00048782,code_token_name,high,0.993
2000,2000,GILES,05 1 TN TECH CENTE,2936,002851,0.00021578,code_token_name,high,0.993
2000,2000,GILES,05 1 TN TECH CENTE,2936,002852,7.433e-05,code_token_name,high,0.993
2000,2000,GILES,05 2 CO OP,2936,002860,0.95162363,code_token_name,high,0.993
2000,2000,GILES,05 2 CO OP,2936,002854,0.04759845,code_token_name,high,0.993
2000,2000,GILES,05 2 CO OP,2936,002859,0.00048782,code_token_name,high,0.993
2000,2000,GILES,05 2 CO OP,2936,002851,0.00021578,code_token_name,high,0.993
2000,2000,GILES,05 2 CO OP,2936,002852,7.433e-05,code_token_name,high,0.993
2000,2000,GILES,06 1 COURTHOUSE,2900,002862,0.95894048,code_token_name,high,0.993
2000,2000,GILES,06 1 COURTHOUSE,2900,002859,0.02827575,code_token_name,high,0.993
2000,2000,GILES,06 1 COURTHOUSE,2900,002863,0.01038304,code_token_name,high,0.993
2000,2000,GILES,06 1 COURTHOUSE,2900,002861,0.00240074,code_token_name,high,0.993
2000,2000,GILES,06 2 BMS,2900,002862,0.95894048,code_token_name,high,0.993
2000,2000,GILES,06 2 BMS,2900,002859,0.02827575,code_token_name,high,0.993
2000,2000,GILES,06 2 BMS,2900,002863,0.01038304,code_token_name,high,0.993
2000,2000,GILES,06 2 BMS,2900,002861,0.00240074,code_token_name,high,0.993
2000,2000,GILES,07 1 GCHS,2912,002863,0.96019322,code_token_name,high,0.993
2000,2000,GILES,07 1 GCHS,2912,002859,0.03723266,code_token_name,high,0.993
2000,2000,GILES,07 1 GCHS,2912,002864,0.00203026,code_token_name,high,0.993
2000,2000,GILES,07 1 GCHS,2912,002862,0.0005124,code_token_name,high,0.993
2000,2000,GILES,07 1 GCHS,2912,002861,3.145e-05,code_token_name,high,0.993
2000,2000,GILES,07 2 REC CENTER,2912,002863,0.96019322,code_token_name,high,0.993
2000,2000,GILES,07 2 REC CENTER,2912,002859,0.03723266,code_token_name,high,0.993
2000,2000,GILES,07 2 REC CENTER,2912,002864,0.00203026,code_token_name,high,0.993
2000,2000,GILES,07 2 REC CENTER,2912,002862,0.0005124,code_token_name,high,0.993
2000,2000,GILES,07 2 REC CENTER,2912,002861,3.145e-05,code_token_name,high,0.993
2000,2000,GRAINGER,1 1 GR COURTHOUS,2960,002953,0.99838348,code_token_name,high,0.993
2000,2000,GRAINGER,1 1 GR COURTHOUS,2960,002952,0.00065499,code_token_name,high,0.993
2000,2000,GRAINGER,1 1 GR COURTHOUS,2960,002958,0.00046925,code_token_name,high,0.993
2000,2000,GRAINGER,1 1 GR COURTHOUS,2960,002956,0.00021528,code_token_name,high,0.993
2000,2000,GRAINGER,1 1 GR COURTHOUS,2960,002954,0.00013585,code_token_name,high,0.993
2000,2000,GRAINGER,1 1 GR COURTHOUS,2960,002951,8.996e-05,code_token_name,high,0.993
2000,2000,GRAINGER,1 1 GR COURTHOUS,2960,002957,5.06e-05,code_token_name,high,0.993
2000,2000,GRAINGER,1 1 GR COURTHOUS,2960,002955,5.9e-07,code_token_name,high,0.993
2000,2000,GRAINGER,1 2 CENTRAL PNT SC,2960,002953,0.99838348,code_token_name,high,0.993
2000,2000,GRAINGER,1 2 CENTRAL PNT SC,2960,002952,0.00065499,code_token_name,high,0.993
2000,2000,GRAINGER,1 2 CENTRAL PNT SC,2960,002958,0.00046925,code_token_name,high,0.993
2000,2000,GRAINGER,1 2 CENTRAL PNT SC,2960,002956,0.00021528,code_token_name,high,0.993
2000,2000,GRAINGER,1 2 CENTRAL PNT SC,2960,002954,0.00013585,code_token_name,high,0.993
2000,2000,GRAINGER,1 2 CENTRAL PNT SC,2960,002951,8.996e-05,code_token_name,high,0.993
2000,2000,GRAINGER,1 2 CENTRAL PNT SC,2960,002957,5.06e-05,code_token_name,high,0.993
2000,2000,GRAINGER,1 2 CENTRAL PNT SC,2960,002955,5.9e-07,code_token_name,high,0.993
2000,2000,GRAINGER,2 1 BEAN STA SCH,2968,002957,0.9994942,code_token_name,high,0.993
2000,2000,GRAINGER,2 1 BEAN STA SCH,2968,002958,0.00016776,code_token_name,high,0.993
2000,2000,GRAINGER,2 1 BEAN STA SCH,2968,002959,0.00015632,code_token_name,high,0.993
2000,2000,GRAINGER,2 1 BEAN STA SCH,2968,002956,0.00014726,code_token_name,high,0.993
2000,2000,GRAINGER,2 1 BEAN STA SCH,2968,002953,2.891e-05,code_token_name,high,0.993
2000,2000,GRAINGER,2 1 BEAN STA SCH,2968,002960,5.55e-06,code_token_name,high,0.993
2000,2000,GRAINGER,2 2 NARROW VALLEY,2968,002957,0.9994942,code_token_name,high,0.993
2000,2000,GRAINGER,2 2 NARROW VALLEY,2968,002958,0.00016776,code_token_name,high,0.993
2000,2000,GRAINGER,2 2 NARROW VALLEY,2968,002959,0.00015632,code_token_name,high,0.993
2000,2000,GRAINGER,2 2 NARROW VALLEY,2968,002956,0.00014726,code_token_name,high,0.993
2000,2000,GRAINGER,2 2 NARROW VALLEY,2968,002953,2.891e-05,code_token_name,high,0.993
2000,2000,GRAINGER,2 2 NARROW VALLEY,2968,002960,5.55e-06,code_token_name,high,0.993
2000,2000,GRAINGER,3 1 RED HOUSE,2976,002955,0.86970905,code_token_name,high,0.993
2000,2000,GRAINGER,3 1 RED HOUSE,2976,002953,0.12820468,code_token_name,high,0.993
2000,2000,GRAINGER,3 1 RED HOUSE,2976,002954,0.00191548,code_token_name,high,0.993
2000,2000,GRAINGER,3 1 RED HOUSE,2976,002951,0.00017079,code_token_name,high,0.993
2000,2000,GRAINGER,3 2 INDIAN RIDGE,2976,002955,0.86970905,code_token_name,high,0.993
2000,2000,GRAINGER,3 2 INDIAN RIDGE,2976,002953,0.12820468,code_token_name,high,0.993
2000,2000,GRAINGER,3 2 INDIAN RIDGE,2976,002954,0.00191548,code_token_name,high,0.993
2000,2000,GRAINGER,3 2 INDIAN RIDGE,2976,002951,0.00017079,code_token_name,high,0.993
2000,2000,GRAINGER,4 1 THORN HILL SCH,2984,002956,0.94165225,code_token_name,high,0.993
2000,2000,GRAINGER,4 1 THORN HILL SCH,2984,002951,0.05812922,code_token_name,high,0.993
2000,2000,GRAINGER,4 1 THORN HILL SCH,2984,002957,0.00013303,code_token_name,high,0.993
2000,2000,GRAINGER,4 1 THORN HILL SCH,2984,002953,8.549e-05,code_token_name,high,0.993
2000,2000,GRAINGER,4 2 LIBERTY HILL SC,2984,002956,0.94165225,code_token_name,high,0.993
2000,2000,GRAINGER,4 2 LIBERTY HILL SC,2984,002951,0.05812922,code_token_name,high,0.993
2000,2000,GRAINGER,4 2 LIBERTY HILL SC,2984,002957,0.00013303,code_token_name,high,0.993
2000,2000,GRAINGER,4 2 LIBERTY HILL SC,2984,002953,8.549e-05,code_token_name,high,0.993
2000,2000,GRAINGER,5 1 LAKEVIEW,2992,002959,0.99722311,code_token_name,high,0.993
2000,2000,GRAINGER,5 1 LAKEVIEW,2992,002960,0.00208766,code_token_name,high,0.993
2000,2000,GRAINGER,5 1 LAKEVIEW,2992,002957,0.00068923,code_token_name,high,0.993
2000,2000,GRAINGER,5 2 BEAN STA RESCU,2992,002959,0.99722311,code_token_name,high,0.993
2000,2000,GRAINGER,5 2 BEAN STA RESCU,2992,002960,0.00208766,code_token_name,high,0.993
2000,2000,GRAINGER,5 2 BEAN STA RESCU,2992,002957,0.00068923,code_token_name,high,0.993
2000,2000,GREENE,CHUCKEY,0003,0003,1.0,prefix_name,high,0.995
2000,2000,GREENE,CHUCKEY DOAK,0003,0003,1.0,exact_name,high,1.0
2000,2000,GREENE,SOUTH GREENE,0015,0015,1.0,exact_name,high,1.0
2000,2000,GRUNDY,01 ALTAMONT,0001,0001,1.0,token_vtd,high,1.0
2000,2000,GRUNDY,02 ALTAMONT 4,0002,0002,1.0,token_vtd,high,1.0
2000,2000,GRUNDY,03 BEERSHEBA,0003,0003,1.0,token_vtd,high,1.0
2000,2000,GRUNDY,04 COALMONT 4TH,0004,0004,1.0,token_vtd,high,1.0
2000,2000,GRUNDY,05 COALMONT 6TH,0005,0005,1.0,token_vtd,high,1.0
2000,2000,GRUNDY,06 CROSS ROADS,0006,0006,1.0,token_vtd,high,1.0
2000,2000,GRUNDY,07 GRUETLI LAAGER,0007,0007,1.0,token_vtd,high,1.0
2000,2000,GRUNDY,08 HUBBARD S COV,0008,0008,1.0,token_vtd,high,1.0
2000,2000,GRUNDY,09 MONTEAGLE,0009,0009,1.0,token_vtd,high,1.0
2000,2000,GRUNDY,10 PALMER,0010,0010,1.0,token_vtd,high,1.0
2000,2000,HAMBLEN,01 COURTHOUSE,3236,003252,0.87135467,code_token_name,high,0.993
2000,2000,HAMBLEN,01 COURTHOUSE,3236,003256,0.10516454,code_token_name,high,0.993
2000,2000,HAMBLEN,01 COURTHOUSE,3236,003255,0.02286637,code_token_name,high,0.993
2000,2000,HAMBLEN,01 COURTHOUSE,3236,003253,0.00057379,code_token_name,high,0.993
2000,2000,HAMBLEN,01 COURTHOUSE,3236,003267,2.342e-05,code_token_name,high,0.993
2000,2000,HAMBLEN,01 COURTHOUSE,3236,003251,1.719e-05,code_token_name,high,0.993
2000,2000,HAMBLEN,02 MEADOWVIEW,3240,003253,0.99771555,code_token_name,high,0.993
2000,2000,HAMBLEN,02 MEADOWVIEW,3240,003257,0.00180637,code_token_name,high,0.993
2000,2000,HAMBLEN,02 MEADOWVIEW,3240,003252,0.00030903,code_token_name,high,0.993
2000,2000,HAMBLEN,02 MEADOWVIEW,3240,003254,9.903e-05,code_token_name,high,0.993
2000,2000,HAMBLEN,02 MEADOWVIEW,3240,003256,7.001e-05,code_token_name,high,0.993
2000,2000,HAMBLEN,03 EAST HIGH SCH,3244,003254,0.98142571,code_token_name,high,0.993
2000,2000,HAMBLEN,03 EAST HIGH SCH,3244,003258,0.00969564,code_token_name,high,0.993
2000,2000,HAMBLEN,03 EAST HIGH SCH,3244,003253,0.00865076,code_token_name,high,0.993
2000,2000,HAMBLEN,03 EAST HIGH SCH,3244,003251,0.00022695,code_token_name,high,0.993
2000,2000,HAMBLEN,03 EAST HIGH SCH,3244,003262,8.8e-07,code_token_name,high,0.993
2000,2000,HAMBLEN,03 EAST HIGH SCH,3244,003252,6e-08,code_token_name,high,0.993
2000,2000,HAMBLEN,04 WEST HIGH CITY,3248,003251,0.94436544,code_token_name,high,0.993
2000,2000,HAMBLEN,04 WEST HIGH CITY,3248,003254,0.03354384,code_token_name,high,0.993
2000,2000,HAMBLEN,04 WEST HIGH CITY,3248,003262,0.02042929,code_token_name,high,0.993
2000,2000,HAMBLEN,04 WEST HIGH CITY,3248,003267,0.00090837,code_token_name,high,0.993
2000,2000,HAMBLEN,04 WEST HIGH CITY,3248,003266,0.000744,code_token_name,high,0.993
2000,2000,HAMBLEN,04 WEST HIGH CITY,3248,003252,9.06e-06,code_token_name,high,0.993
2000,2000,HAMBLEN,05 WESTVIEW MID,3252,003255,0.72438256,code_token_name,high,0.993
2000,2000,HAMBLEN,05 WESTVIEW MID,3252,003267,0.2737352,code_token_name,high,0.993
2000,2000,HAMBLEN,05 WESTVIEW MID,3252,003265,0.00068343,code_token_name,high,0.993
2000,2000,HAMBLEN,05 WESTVIEW MID,3252,003256,0.00062024,code_token_name,high,0.993
2000,2000,HAMBLEN,05 WESTVIEW MID,3252,003252,0.0005361,code_token_name,high,0.993
2000,2000,HAMBLEN,05 WESTVIEW MID,3252,003251,4.246e-05,code_token_name,high,0.993
2000,2000,HAMBLEN,06 FAIRVIEW,3256,003256,0.99835304,code_token_name,high,0.993
2000,2000,HAMBLEN,06 FAIRVIEW,3256,003252,0.00121019,code_token_name,high,0.993
2000,2000,HAMBLEN,06 FAIRVIEW,3256,003255,0.00019101,code_token_name,high,0.993
2000,2000,HAMBLEN,06 FAIRVIEW,3256,003257,0.0001631,code_token_name,high,0.993
2000,2000,HAMBLEN,06 FAIRVIEW,3256,003253,8.062e-05,code_token_name,high,0.993
2000,2000,HAMBLEN,06 FAIRVIEW,3256,003265,2.05e-06,code_token_name,high,0.993
2000,2000,HAMBLEN,07 CHEROKEE PARK,3260,003257,0.97943798,code_token_name,high,0.993
2000,2000,HAMBLEN,07 CHEROKEE PARK,3260,003253,0.01995645,code_token_name,high,0.993
2000,2000,HAMBLEN,07 CHEROKEE PARK,3260,003256,0.00029136,code_token_name,high,0.993
2000,2000,HAMBLEN,07 CHEROKEE PARK,3260,003258,0.00020884,code_token_name,high,0.993
2000,2000,HAMBLEN,07 CHEROKEE PARK,3260,003254,0.00010537,code_token_name,high,0.993
2000,2000,HAMBLEN,08 EAST RIDGE MS,3264,003258,0.78589387,code_token_name,high,0.993
2000,2000,HAMBLEN,08 EAST RIDGE MS,3264,003254,0.18736256,code_token_name,high,0.993
2000,2000,HAMBLEN,08 EAST RIDGE MS,3264,003257,0.01661427,code_token_name,high,0.993
2000,2000,HAMBLEN,08 EAST RIDGE MS,3264,003259,0.00863934,code_token_name,high,0.993
2000,2000,HAMBLEN,08 EAST RIDGE MS,3264,003261,0.00087062,code_token_name,high,0.993
2000,2000,HAMBLEN,08 EAST RIDGE MS,3264,003262,0.00049814,code_token_name,high,0.993
2000,2000,HAMBLEN,08 EAST RIDGE MS,3264,003260,0.00012121,code_token_name,high,0.993
2000,2000,HAMBLEN,09 1 EAST RIDGE MS,3268,003259,0.92174096,code_token_name,high,0.993
2000,2000,HAMBLEN,09 1 EAST RIDGE MS,3268,003258,0.0771476,code_token_name,high,0.993
2000,2000,HAMBLEN,09 1 EAST RIDGE MS,3268,003260,0.00111144,code_token_name,high,0.993
2000,2000,HAMBLEN,09 2 WHITESBURG,3268,003259,0.92174096,code_token_name,high,0.993
2000,2000,HAMBLEN,09 2 WHITESBURG,3268,003258,0.0771476,code_token_name,high,0.993
2000,2000,HAMBLEN,09 2 WHITESBURG,3268,003260,0.00111144,code_token_name,high,0.993
2000,2000,HAMBLEN,10 1 FISH HATCHERY,3208,003261,0.99862481,code_token_name,high,0.993
2000,2000,HAMBLEN,10 1 FISH HATCHERY,3208,003260,0.00055011,code_token_name,high,0.993
2000,2000,HAMBLEN,10 1 FISH HATCHERY,3208,003258,0.00045457,code_token_name,high,0.993
2000,2000,HAMBLEN,10 1 FISH HATCHERY,3208,003262,0.00037051,code_token_name,high,0.993
2000,2000,HAMBLEN,10 2 UNION HEIGHTS,3208,003261,0.99862481,code_token_name,high,0.993
2000,2000,HAMBLEN,10 2 UNION HEIGHTS,3208,003260,0.00055011,code_token_name,high,0.993
2000,2000,HAMBLEN,10 2 UNION HEIGHTS,3208,003258,0.00045457,code_token_name,high,0.993
2000,2000,HAMBLEN,10 2 UNION HEIGHTS,3208,003262,0.00037051,code_token_name,high,0.993
2000,2000,HAMBLEN,11 1 WEST HIGH CO,3216,003267,0.937215,code_token_name,high,0.993
2000,2000,HAMBLEN,11 1 WEST HIGH CO,3216,003251,0.04853092,code_token_name,high,0.993
2000,2000,HAMBLEN,11 1 WEST HIGH CO,3216,003255,0.01359162,code_token_name,high,0.993
2000,2000,HAMBLEN,11 1 WEST HIGH CO,3216,003266,0.00066246,code_token_name,high,0.993
2000,2000,HAMBLEN,11 2 WITT SCHOOL,3216,003267,0.937215,code_token_name,high,0.993
2000,2000,HAMBLEN,11 2 WITT SCHOOL,3216,003251,0.04853092,code_token_name,high,0.993
2000,2000,HAMBLEN,11 2 WITT SCHOOL,3216,003255,0.01359162,code_token_name,high,0.993
2000,2000,HAMBLEN,11 2 WITT SCHOOL,3216,003266,0.00066246,code_token_name,high,0.993
2000,2000,HAMBLEN,12 ALPHA,3224,003263,0.53075004,code_token_name,high,0.993
2000,2000,HAMBLEN,12 ALPHA,3224,003267,0.41774277,code_token_name,high,0.993
2000,2000,HAMBLEN,12 ALPHA,3224,003265,0.05066893,code_token_name,high,0.993
2000,2000,HAMBLEN,12 ALPHA,3224,003266,0.00051029,code_token_name,high,0.993
2000,2000,HAMBLEN,12 ALPHA,3224,003264,0.00029651,code_token_name,high,0.993
2000,2000,HAMBLEN,12 ALPHA,3224,003255,3.146e-05,code_token_name,high,0.993
2000,2000,HAMBLEN,13 CEDAR HILL,3228,003264,0.89890841,code_token_name,high,0.993
2000,2000,HAMBLEN,13 CEDAR HILL,3228,003265,0.06754101,code_token_name,high,0.993
2000,2000,HAMBLEN,13 CEDAR HILL,3228,003263,0.03355058,code_token_name,high,0.993
2000,2000,HAMBLEN,14 MANLEY,3232,003265,0.96171161,code_token_name,high,0.993
2000,2000,HAMBLEN,14 MANLEY,3232,003255,0.03705349,code_token_name,high,0.993
2000,2000,HAMBLEN,14 MANLEY,3232,003263,0.00096313,code_token_name,high,0.993
2000,2000,HAMBLEN,14 MANLEY,3232,003264,0.00026222,code_token_name,high,0.993
2000,2000,HAMBLEN,14 MANLEY,3232,003256,9.55e-06,code_token_name,high,0.993
2000,2000,HAMILTON,001 AIRPORT,3284,003477,0.28955308,code_token_name,high,0.993
2000,2000,HAMILTON,001 AIRPORT,3284,003351,0.2790442,code_token_name,high,0.993
2000,2000,HAMILTON,001 AIRPORT,3284,003414,0.18309177,code_token_name,high,0.993
2000,2000,HAMILTON,001 AIRPORT,3284,003416,0.12111662,code_token_name,high,0.993
2000,2000,HAMILTON,001 AIRPORT,3284,003381,0.09382196,code_token_name,high,0.993
2000,2000,HAMILTON,001 AIRPORT,3284,003469,0.0269634,code_token_name,high,0.993
2000,2000,HAMILTON,001 AIRPORT,3284,003417,0.00540482,code_token_name,high,0.993
2000,2000,HAMILTON,001 AIRPORT,3284,003476,0.00074445,code_token_name,high,0.993
2000,2000,HAMILTON,001 AIRPORT,3284,003364,0.00014729,code_token_name,high,0.993
2000,2000,HAMILTON,001 AIRPORT,3284,003390,8.267e-05,code_token_name,high,0.993
2000,2000,HAMILTON,001 AIRPORT,3284,003374,2.974e-05,code_token_name,high,0.993
2000,2000,HAMILTON,002 ALTON PARK,3288,003352,0.99292604,code_token_name,high,0.993
2000,2000,HAMILTON,002 ALTON PARK,3288,003399,0.00616289,code_token_name,high,0.993
2000,2000,HAMILTON,002 ALTON PARK,3288,003463,0.00091107,code_token_name,high,0.993
2000,2000,HAMILTON,003 AMNICOLA,3292,003354,0.997816,code_token_name,high,0.993
2000,2000,HAMILTON,003 AMNICOLA,3292,003465,0.00091706,code_token_name,high,0.993
2000,2000,HAMILTON,003 AMNICOLA,3292,003415,0.00061746,code_token_name,high,0.993
2000,2000,HAMILTON,003 AMNICOLA,3292,003454,0.0002479,code_token_name,high,0.993
2000,2000,HAMILTON,003 AMNICOLA,3292,003422,0.00022402,code_token_name,high,0.993
2000,2000,HAMILTON,003 AMNICOLA,3292,003379,0.00015815,code_token_name,high,0.993
2000,2000,HAMILTON,003 AMNICOLA,3292,003358,1.589e-05,code_token_name,high,0.993
2000,2000,HAMILTON,003 AMNICOLA,3292,003365,3.53e-06,code_token_name,high,0.993
2000,2000,HAMILTON,004 AVONDALE,3296,003358,0.9628581,code_token_name,high,0.993
2000,2000,HAMILTON,004 AVONDALE,3296,003365,0.03702,code_token_name,high,0.993
2000,2000,HAMILTON,004 AVONDALE,3296,003389,0.00010248,code_token_name,high,0.993
2000,2000,HAMILTON,004 AVONDALE,3296,003354,1.942e-05,code_token_name,high,0.993
2000,2000,HAMILTON,005 BONNY OAKS,3300,003362,0.99859735,code_token_name,high,0.993
2000,2000,HAMILTON,005 BONNY OAKS,3300,003433,0.00057532,code_token_name,high,0.993
2000,2000,HAMILTON,005 BONNY OAKS,3300,003466,0.00047455,code_token_name,high,0.993
2000,2000,HAMILTON,005 BONNY OAKS,3300,003416,0.00019917,code_token_name,high,0.993
2000,2000,HAMILTON,005 BONNY OAKS,3300,003417,0.00014967,code_token_name,high,0.993
2000,2000,HAMILTON,005 BONNY OAKS,3300,003469,3.93e-06,code_token_name,high,0.993
2000,2000,HAMILTON,006 BRAINERD,3304,003363,0.99598173,code_token_name,high,0.993
2000,2000,HAMILTON,006 BRAINERD,3304,003397,0.00223579,code_token_name,high,0.993
2000,2000,HAMILTON,006 BRAINERD,3304,003393,0.00168325,code_token_name,high,0.993
2000,2000,HAMILTON,006 BRAINERD,3304,003392,9.387e-05,code_token_name,high,0.993
2000,2000,HAMILTON,006 BRAINERD,3304,003426,5.35e-06,code_token_name,high,0.993
2000,2000,HAMILTON,007 BRAINERD HILLS,3308,003364,0.96847139,code_token_name,high,0.993
2000,2000,HAMILTON,007 BRAINERD HILLS,3308,003372,0.02842019,code_token_name,high,0.993
2000,2000,HAMILTON,007 BRAINERD HILLS,3308,003371,0.00190207,code_token_name,high,0.993
2000,2000,HAMILTON,007 BRAINERD HILLS,3308,003395,0.00071322,code_token_name,high,0.993
2000,2000,HAMILTON,007 BRAINERD HILLS,3308,003477,0.00045934,code_token_name,high,0.993
2000,2000,HAMILTON,007 BRAINERD HILLS,3308,003351,3.378e-05,code_token_name,high,0.993
2000,2000,HAMILTON,008 BUSHTOWN,3312,003365,0.99704007,code_token_name,high,0.993
2000,2000,HAMILTON,008 BUSHTOWN,3312,003358,0.00293003,code_token_name,high,0.993
2000,2000,HAMILTON,008 BUSHTOWN,3312,003399,1.955e-05,code_token_name,high,0.993
2000,2000,HAMILTON,008 BUSHTOWN,3312,003451,1.036e-05,code_token_name,high,0.993
2000,2000,HAMILTON,009 CEDAR HILL,3316,003391,0.99627262,code_token_name,high,0.993
2000,2000,HAMILTON,009 CEDAR HILL,3316,003352,0.00372444,code_token_name,high,0.993
2000,2000,HAMILTON,009 CEDAR HILL,3316,003426,2.94e-06,code_token_name,high,0.993
2000,2000,HAMILTON,010 CITY HALL,3320,003379,0.71197606,code_token_name,high,0.993
2000,2000,HAMILTON,010 CITY HALL,3320,003399,0.23429592,code_token_name,high,0.993
2000,2000,HAMILTON,010 CITY HALL,3320,003380,0.05131547,code_token_name,high,0.993
2000,2000,HAMILTON,010 CITY HALL,3320,003385,0.00122447,code_token_name,high,0.993
2000,2000,HAMILTON,010 CITY HALL,3320,003384,0.00117873,code_token_name,high,0.993
2000,2000,HAMILTON,010 CITY HALL,3320,003352,8.94e-06,code_token_name,high,0.993
2000,2000,HAMILTON,010 CITY HALL,3320,003365,4e-07,code_token_name,high,0.993
2000,2000,HAMILTON,011 CLIFTON HILLS,3324,003399,0.78984047,code_token_name,high,0.993
2000,2000,HAMILTON,011 CLIFTON HILLS,3324,003391,0.17161507,code_token_name,high,0.993
2000,2000,HAMILTON,011 CLIFTON HILLS,3324,003400,0.03421974,code_token_name,high,0.993
2000,2000,HAMILTON,011 CLIFTON HILLS,3324,003352,0.00429105,code_token_name,high,0.993
2000,2000,HAMILTON,011 CLIFTON HILLS,3324,003452,1.719e-05,code_token_name,high,0.993
2000,2000,HAMILTON,011 CLIFTON HILLS,3324,003451,1.648e-05,code_token_name,high,0.993
2000,2000,HAMILTON,012 CONCORD,3328,003371,0.56373305,code_token_name,high,0.993
2000,2000,HAMILTON,012 CONCORD,3328,003372,0.41825037,code_token_name,high,0.993
2000,2000,HAMILTON,012 CONCORD,3328,003374,0.01429019,code_token_name,high,0.993
2000,2000,HAMILTON,012 CONCORD,3328,003395,0.00248086,code_token_name,high,0.993
2000,2000,HAMILTON,012 CONCORD,3328,003364,0.00062741,code_token_name,high,0.993
2000,2000,HAMILTON,012 CONCORD,3328,003388,0.00056839,code_token_name,high,0.993
2000,2000,HAMILTON,012 CONCORD,3328,003387,4.973e-05,code_token_name,high,0.993
2000,2000,HAMILTON,013 COURTHOUSE,3332,003365,0.39093551,code_token_name,high,0.993
2000,2000,HAMILTON,013 COURTHOUSE,3332,003379,0.32315312,code_token_name,high,0.993
2000,2000,HAMILTON,013 COURTHOUSE,3332,003385,0.13018426,code_token_name,high,0.993
2000,2000,HAMILTON,013 COURTHOUSE,3332,003384,0.0870782,code_token_name,high,0.993
2000,2000,HAMILTON,013 COURTHOUSE,3332,003354,0.06707189,code_token_name,high,0.993
2000,2000,HAMILTON,013 COURTHOUSE,3332,003434,0.00156055,code_token_name,high,0.993
2000,2000,HAMILTON,013 COURTHOUSE,3332,003399,1.089e-05,code_token_name,high,0.993
2000,2000,HAMILTON,013 COURTHOUSE,3332,003358,5.59e-06,code_token_name,high,0.993
2000,2000,HAMILTON,014 DALEWOOD,3336,003381,0.66620235,code_token_name,high,0.993
2000,2000,HAMILTON,014 DALEWOOD,3336,003390,0.29496988,code_token_name,high,0.993
2000,2000,HAMILTON,014 DALEWOOD,3336,003405,0.02791998,code_token_name,high,0.993
2000,2000,HAMILTON,014 DALEWOOD,3336,003414,0.00608342,code_token_name,high,0.993
2000,2000,HAMILTON,014 DALEWOOD,3336,003396,0.00276634,code_token_name,high,0.993
2000,2000,HAMILTON,014 DALEWOOD,3336,003476,0.00205804,code_token_name,high,0.993
2000,2000,HAMILTON,015 DOWNTOWN,3340,003385,0.65396485,code_token_name,high,0.993
2000,2000,HAMILTON,015 DOWNTOWN,3340,003384,0.21354877,code_token_name,high,0.993
2000,2000,HAMILTON,015 DOWNTOWN,3340,003427,0.12759201,code_token_name,high,0.993
2000,2000,HAMILTON,015 DOWNTOWN,3340,003352,0.00484979,code_token_name,high,0.993
2000,2000,HAMILTON,015 DOWNTOWN,3340,003379,3.443e-05,code_token_name,high,0.993
2000,2000,HAMILTON,015 DOWNTOWN,3340,003380,1.015e-05,code_token_name,high,0.993
2000,2000,HAMILTON,016 DUPONT,3344,003386,0.99813631,code_token_name,high,0.993
2000,2000,HAMILTON,016 DUPONT,3344,003413,0.00164693,code_token_name,high,0.993
2000,2000,HAMILTON,016 DUPONT,3344,003432,0.00019432,code_token_name,high,0.993
2000,2000,HAMILTON,016 DUPONT,3344,003406,1.187e-05,code_token_name,high,0.993
2000,2000,HAMILTON,016 DUPONT,3344,003422,8.15e-06,code_token_name,high,0.993
2000,2000,HAMILTON,016 DUPONT,3344,003354,2.23e-06,code_token_name,high,0.993
2000,2000,HAMILTON,016 DUPONT,3344,003407,1.8e-07,code_token_name,high,0.993
2000,2000,HAMILTON,017 EAST BRAINERD,3348,003387,0.50486766,code_token_name,high,0.993
2000,2000,HAMILTON,017 EAST BRAINERD,3348,003388,0.49323235,code_token_name,high,0.993
2000,2000,HAMILTON,017 EAST BRAINERD,3348,003475,0.00094258,code_token_name,high,0.993
2000,2000,HAMILTON,017 EAST BRAINERD,3348,003371,0.00032818,code_token_name,high,0.993
2000,2000,HAMILTON,017 EAST BRAINERD,3348,003375,0.00025661,code_token_name,high,0.993
2000,2000,HAMILTON,017 EAST BRAINERD,3348,003474,0.00022751,code_token_name,high,0.993
2000,2000,HAMILTON,017 EAST BRAINERD,3348,003395,0.00012816,code_token_name,high,0.993
2000,2000,HAMILTON,017 EAST BRAINERD,3348,003372,1.568e-05,code_token_name,high,0.993
2000,2000,HAMILTON,017 EAST BRAINERD,3348,003376,1.28e-06,code_token_name,high,0.993
2000,2000,HAMILTON,018 EAST CHATTANO,3352,003390,0.49231874,code_token_name,high,0.993
2000,2000,HAMILTON,018 EAST CHATTANO,3352,003389,0.34947563,code_token_name,high,0.993
2000,2000,HAMILTON,018 EAST CHATTANO,3352,003358,0.1459881,code_token_name,high,0.993
2000,2000,HAMILTON,018 EAST CHATTANO,3352,003381,0.00687758,code_token_name,high,0.993
2000,2000,HAMILTON,018 EAST CHATTANO,3352,003415,0.00352725,code_token_name,high,0.993
2000,2000,HAMILTON,018 EAST CHATTANO,3352,003414,0.00168382,code_token_name,high,0.993
2000,2000,HAMILTON,018 EAST CHATTANO,3352,003354,0.00012888,code_token_name,high,0.993
2000,2000,HAMILTON,019 EASTLAKE,3356,003391,0.94470572,code_token_name,high,0.993
2000,2000,HAMILTON,019 EASTLAKE,3356,003452,0.05169419,code_token_name,high,0.993
2000,2000,HAMILTON,019 EASTLAKE,3356,003426,0.00189721,code_token_name,high,0.993
2000,2000,HAMILTON,019 EASTLAKE,3356,003352,0.00167687,code_token_name,high,0.993
2000,2000,HAMILTON,019 EASTLAKE,3356,003399,2.6e-05,code_token_name,high,0.993
2000,2000,HAMILTON,020 EAST SIDE,3360,003399,0.61556509,code_token_name,high,0.993
2000,2000,HAMILTON,020 EAST SIDE,3360,003451,0.20681447,code_token_name,high,0.993
2000,2000,HAMILTON,020 EAST SIDE,3360,003452,0.17761937,code_token_name,high,0.993
2000,2000,HAMILTON,020 EAST SIDE,3360,003426,1.06e-06,code_token_name,high,0.993
2000,2000,HAMILTON,021 EASTDALE,3364,003396,0.99600978,code_token_name,high,0.993
2000,2000,HAMILTON,021 EASTDALE,3364,003381,0.00146209,code_token_name,high,0.993
2000,2000,HAMILTON,021 EASTDALE,3364,003405,0.00102447,code_token_name,high,0.993
2000,2000,HAMILTON,021 EASTDALE,3364,003476,0.00084154,code_token_name,high,0.993
2000,2000,HAMILTON,021 EASTDALE,3364,003453,0.00060825,code_token_name,high,0.993
2000,2000,HAMILTON,021 EASTDALE,3364,003397,5.387e-05,code_token_name,high,0.993
2000,2000,HAMILTON,022 EASTGATE,3368,003364,0.61765276,code_token_name,high,0.993
2000,2000,HAMILTON,022 EASTGATE,3368,003363,0.37869912,code_token_name,high,0.993
2000,2000,HAMILTON,022 EASTGATE,3368,003395,0.00350607,code_token_name,high,0.993
2000,2000,HAMILTON,022 EASTGATE,3368,003398,0.00013634,code_token_name,high,0.993
2000,2000,HAMILTON,022 EASTGATE,3368,003392,5.71e-06,code_token_name,high,0.993
2000,2000,HAMILTON,023 GLENWOOD,3372,003405,0.49964367,code_token_name,high,0.993
2000,2000,HAMILTON,023 GLENWOOD,3372,003389,0.1984271,code_token_name,high,0.993
2000,2000,HAMILTON,023 GLENWOOD,3372,003390,0.10918364,code_token_name,high,0.993
2000,2000,HAMILTON,023 GLENWOOD,3372,003365,0.09925221,code_token_name,high,0.993
2000,2000,HAMILTON,023 GLENWOOD,3372,003358,0.08346995,code_token_name,high,0.993
2000,2000,HAMILTON,023 GLENWOOD,3372,003396,0.00945873,code_token_name,high,0.993
2000,2000,HAMILTON,023 GLENWOOD,3372,003452,0.00049097,code_token_name,high,0.993
2000,2000,HAMILTON,023 GLENWOOD,3372,003451,7.333e-05,code_token_name,high,0.993
2000,2000,HAMILTON,023 GLENWOOD,3372,003426,3.9e-07,code_token_name,high,0.993
2000,2000,HAMILTON,024 HIGHLAND PARK,3376,003451,0.55759472,code_token_name,high,0.993
2000,2000,HAMILTON,024 HIGHLAND PARK,3376,003399,0.44234664,code_token_name,high,0.993
2000,2000,HAMILTON,024 HIGHLAND PARK,3376,003365,5.864e-05,code_token_name,high,0.993
2000,2000,HAMILTON,025 HIXSON,3380,003412,0.58100662,code_token_name,high,0.993
2000,2000,HAMILTON,025 HIXSON,3380,003411,0.41740762,code_token_name,high,0.993
2000,2000,HAMILTON,025 HIXSON,3380,003438,0.00086914,code_token_name,high,0.993
2000,2000,HAMILTON,025 HIXSON,3380,003439,0.00035558,code_token_name,high,0.993
2000,2000,HAMILTON,025 HIXSON,3380,003413,0.00014839,code_token_name,high,0.993
2000,2000,HAMILTON,025 HIXSON,3380,003437,0.00012477,code_token_name,high,0.993
2000,2000,HAMILTON,025 HIXSON,3380,003386,8.543e-05,code_token_name,high,0.993
2000,2000,HAMILTON,025 HIXSON,3380,003446,2.45e-06,code_token_name,high,0.993
2000,2000,HAMILTON,026 HOWARD,3384,003352,0.51127596,code_token_name,high,0.993
2000,2000,HAMILTON,026 HOWARD,3384,003385,0.28768624,code_token_name,high,0.993
2000,2000,HAMILTON,026 HOWARD,3384,003399,0.12974822,code_token_name,high,0.993
2000,2000,HAMILTON,026 HOWARD,3384,003427,0.0688377,code_token_name,high,0.993
2000,2000,HAMILTON,026 HOWARD,3384,003463,0.00244539,code_token_name,high,0.993
2000,2000,HAMILTON,026 HOWARD,3384,003379,3.93e-06,code_token_name,high,0.993
2000,2000,HAMILTON,026 HOWARD,3384,003420,2.57e-06,code_token_name,high,0.993
2000,2000,HAMILTON,027 KINGSPOINT,3388,003414,0.43669465,code_token_name,high,0.993
2000,2000,HAMILTON,027 KINGSPOINT,3388,003415,0.3728502,code_token_name,high,0.993
2000,2000,HAMILTON,027 KINGSPOINT,3388,003354,0.11924482,code_token_name,high,0.993
2000,2000,HAMILTON,027 KINGSPOINT,3388,003381,0.06917109,code_token_name,high,0.993
2000,2000,HAMILTON,027 KINGSPOINT,3388,003390,0.00076799,code_token_name,high,0.993
2000,2000,HAMILTON,027 KINGSPOINT,3388,003389,0.00041552,code_token_name,high,0.993
2000,2000,HAMILTON,027 KINGSPOINT,3388,003416,0.00035646,code_token_name,high,0.993
2000,2000,HAMILTON,027 KINGSPOINT,3388,003358,0.00025942,code_token_name,high,0.993
2000,2000,HAMILTON,027 KINGSPOINT,3388,003417,0.00021297,code_token_name,high,0.993
2000,2000,HAMILTON,027 KINGSPOINT,3388,003386,2.605e-05,code_token_name,high,0.993
2000,2000,HAMILTON,027 KINGSPOINT,3388,003432,8.2e-07,code_token_name,high,0.993
2000,2000,HAMILTON,028 LAKEHILLS,3392,003417,0.99700894,code_token_name,high,0.993
2000,2000,HAMILTON,028 LAKEHILLS,3392,003414,0.00150068,code_token_name,high,0.993
2000,2000,HAMILTON,028 LAKEHILLS,3392,003432,0.00125117,code_token_name,high,0.993
2000,2000,HAMILTON,028 LAKEHILLS,3392,003362,0.00022219,code_token_name,high,0.993
2000,2000,HAMILTON,028 LAKEHILLS,3392,003415,9.22e-06,code_token_name,high,0.993
2000,2000,HAMILTON,028 LAKEHILLS,3392,003416,7.81e-06,code_token_name,high,0.993
2000,2000,HAMILTON,029 LUPTON CITY,3396,003422,0.72233041,code_token_name,high,0.993
2000,2000,HAMILTON,029 LUPTON CITY,3396,003386,0.27383561,code_token_name,high,0.993
2000,2000,HAMILTON,029 LUPTON CITY,3396,003450,0.00113836,code_token_name,high,0.993
2000,2000,HAMILTON,029 LUPTON CITY,3396,003437,0.00104299,code_token_name,high,0.993
2000,2000,HAMILTON,029 LUPTON CITY,3396,003465,0.00091438,code_token_name,high,0.993
2000,2000,HAMILTON,029 LUPTON CITY,3396,003354,0.00046384,code_token_name,high,0.993
2000,2000,HAMILTON,029 LUPTON CITY,3396,003449,0.00026931,code_token_name,high,0.993
2000,2000,HAMILTON,029 LUPTON CITY,3396,003413,5.1e-06,code_token_name,high,0.993
2000,2000,HAMILTON,030 MISSIONARY RD,3400,003405,0.62489967,code_token_name,high,0.993
2000,2000,HAMILTON,030 MISSIONARY RD,3400,003390,0.36773885,code_token_name,high,0.993
2000,2000,HAMILTON,030 MISSIONARY RD,3400,003396,0.00711023,code_token_name,high,0.993
2000,2000,HAMILTON,030 MISSIONARY RD,3400,003381,0.00025125,code_token_name,high,0.993
2000,2000,HAMILTON,031 MISSIONARY RD,3404,003426,0.82200204,code_token_name,high,0.993
2000,2000,HAMILTON,031 MISSIONARY RD,3404,003396,0.13275113,code_token_name,high,0.993
2000,2000,HAMILTON,031 MISSIONARY RD,3404,003452,0.03423621,code_token_name,high,0.993
2000,2000,HAMILTON,031 MISSIONARY RD,3404,003392,0.00549795,code_token_name,high,0.993
2000,2000,HAMILTON,031 MISSIONARY RD,3404,003391,0.00203606,code_token_name,high,0.993
2000,2000,HAMILTON,031 MISSIONARY RD,3404,003393,0.0020164,code_token_name,high,0.993
2000,2000,HAMILTON,031 MISSIONARY RD,3404,003405,0.00144712,code_token_name,high,0.993
2000,2000,HAMILTON,031 MISSIONARY RD,3404,003394,1.298e-05,code_token_name,high,0.993
2000,2000,HAMILTON,031 MISSIONARY RD,3404,003453,1e-07,code_token_name,high,0.993
2000,2000,HAMILTON,032 MOCCASIN BEND,3408,003427,0.93102222,code_token_name,high,0.993
2000,2000,HAMILTON,032 MOCCASIN BEND,3408,003435,0.06502703,code_token_name,high,0.993
2000,2000,HAMILTON,032 MOCCASIN BEND,3408,003434,0.00201519,code_token_name,high,0.993
2000,2000,HAMILTON,032 MOCCASIN BEND,3408,003448,0.00136318,code_token_name,high,0.993
2000,2000,HAMILTON,032 MOCCASIN BEND,3408,003465,0.00026282,code_token_name,high,0.993
2000,2000,HAMILTON,032 MOCCASIN BEND,3408,003420,0.00025635,code_token_name,high,0.993
2000,2000,HAMILTON,032 MOCCASIN BEND,3408,003454,2.899e-05,code_token_name,high,0.993
2000,2000,HAMILTON,032 MOCCASIN BEND,3408,003430,1.296e-05,code_token_name,high,0.993
2000,2000,HAMILTON,032 MOCCASIN BEND,3408,003379,1.127e-05,code_token_name,high,0.993
2000,2000,HAMILTON,033 MOUNTAIN CREE,3412,003428,0.83601784,code_token_name,high,0.993
2000,2000,HAMILTON,033 MOUNTAIN CREE,3412,003430,0.14653405,code_token_name,high,0.993
2000,2000,HAMILTON,033 MOUNTAIN CREE,3412,003450,0.00822887,code_token_name,high,0.993
2000,2000,HAMILTON,033 MOUNTAIN CREE,3412,003471,0.00431712,code_token_name,high,0.993
2000,2000,HAMILTON,033 MOUNTAIN CREE,3412,003448,0.00219653,code_token_name,high,0.993
2000,2000,HAMILTON,033 MOUNTAIN CREE,3412,003427,0.00193153,code_token_name,high,0.993
2000,2000,HAMILTON,033 MOUNTAIN CREE,3412,003456,0.00033633,code_token_name,high,0.993
2000,2000,HAMILTON,033 MOUNTAIN CREE,3412,003429,0.00029562,code_token_name,high,0.993
2000,2000,HAMILTON,033 MOUNTAIN CREE,3412,003439,0.00011441,code_token_name,high,0.993
2000,2000,HAMILTON,033 MOUNTAIN CREE,3412,003420,2.481e-05,code_token_name,high,0.993
2000,2000,HAMILTON,033 MOUNTAIN CREE,3412,003421,2.89e-06,code_token_name,high,0.993
2000,2000,HAMILTON,034 MURRAY HILLS,3416,003432,0.80510254,code_token_name,high,0.993
2000,2000,HAMILTON,034 MURRAY HILLS,3416,003433,0.16747891,code_token_name,high,0.993
2000,2000,HAMILTON,034 MURRAY HILLS,3416,003406,0.02158595,code_token_name,high,0.993
2000,2000,HAMILTON,034 MURRAY HILLS,3416,003415,0.00249739,code_token_name,high,0.993
2000,2000,HAMILTON,034 MURRAY HILLS,3416,003362,0.00201689,code_token_name,high,0.993
2000,2000,HAMILTON,034 MURRAY HILLS,3416,003354,0.00054862,code_token_name,high,0.993
2000,2000,HAMILTON,034 MURRAY HILLS,3416,003417,0.00040406,code_token_name,high,0.993
2000,2000,HAMILTON,034 MURRAY HILLS,3416,003386,0.00035633,code_token_name,high,0.993
2000,2000,HAMILTON,034 MURRAY HILLS,3416,003466,9.32e-06,code_token_name,high,0.993
2000,2000,HAMILTON,035 NORTH CHATTAN,3420,003434,0.89476433,code_token_name,high,0.993
2000,2000,HAMILTON,035 NORTH CHATTAN,3420,003454,0.0923401,code_token_name,high,0.993
2000,2000,HAMILTON,035 NORTH CHATTAN,3420,003435,0.01227755,code_token_name,high,0.993
2000,2000,HAMILTON,035 NORTH CHATTAN,3420,003354,0.00057324,code_token_name,high,0.993
2000,2000,HAMILTON,035 NORTH CHATTAN,3420,003379,4.479e-05,code_token_name,high,0.993
2000,2000,HAMILTON,036 NORTHGATE,3424,003437,0.81690634,code_token_name,high,0.993
2000,2000,HAMILTON,036 NORTHGATE,3424,003386,0.1551634,code_token_name,high,0.993
2000,2000,HAMILTON,036 NORTHGATE,3424,003422,0.02550149,code_token_name,high,0.993
2000,2000,HAMILTON,036 NORTHGATE,3424,003436,0.00209816,code_token_name,high,0.993
2000,2000,HAMILTON,036 NORTHGATE,3424,003450,0.00023324,code_token_name,high,0.993
2000,2000,HAMILTON,036 NORTHGATE,3424,003412,9.525e-05,code_token_name,high,0.993
2000,2000,HAMILTON,036 NORTHGATE,3424,003413,2.12e-06,code_token_name,high,0.993
2000,2000,HAMILTON,037 NORTHWOODS N,3428,003438,0.88853359,code_token_name,high,0.993
2000,2000,HAMILTON,037 NORTHWOODS N,3428,003439,0.08409169,code_token_name,high,0.993
2000,2000,HAMILTON,037 NORTHWOODS N,3428,003471,0.01803524,code_token_name,high,0.993
2000,2000,HAMILTON,037 NORTHWOODS N,3428,003428,0.00724545,code_token_name,high,0.993
2000,2000,HAMILTON,037 NORTHWOODS N,3428,003450,0.0011118,code_token_name,high,0.993
2000,2000,HAMILTON,037 NORTHWOODS N,3428,003436,0.00063293,code_token_name,high,0.993
2000,2000,HAMILTON,037 NORTHWOODS N,3428,003437,0.00019959,code_token_name,high,0.993
2000,2000,HAMILTON,037 NORTHWOODS N,3428,003411,0.00013683,code_token_name,high,0.993
2000,2000,HAMILTON,037 NORTHWOODS N,3428,003412,1.287e-05,code_token_name,high,0.993
2000,2000,HAMILTON,038 NORTHWOODS S,3432,003436,0.98395988,code_token_name,high,0.993
2000,2000,HAMILTON,038 NORTHWOODS S,3432,003450,0.0112929,code_token_name,high,0.993
2000,2000,HAMILTON,038 NORTHWOODS S,3432,003437,0.00455703,code_token_name,high,0.993
2000,2000,HAMILTON,038 NORTHWOODS S,3432,003438,0.00019019,code_token_name,high,0.993
2000,2000,HAMILTON,039 ORCHARD KNOB,3436,003365,0.9376816,code_token_name,high,0.993
2000,2000,HAMILTON,039 ORCHARD KNOB,3436,003358,0.06163336,code_token_name,high,0.993
2000,2000,HAMILTON,039 ORCHARD KNOB,3436,003405,0.00067381,code_token_name,high,0.993
2000,2000,HAMILTON,039 ORCHARD KNOB,3436,003451,1.123e-05,code_token_name,high,0.993
2000,2000,HAMILTON,040 PINEY WOODS,3440,003352,0.97900961,code_token_name,high,0.993
2000,2000,HAMILTON,040 PINEY WOODS,3440,003463,0.01602764,code_token_name,high,0.993
2000,2000,HAMILTON,040 PINEY WOODS,3440,003391,0.00488556,code_token_name,high,0.993
2000,2000,HAMILTON,040 PINEY WOODS,3440,003353,7.72e-05,code_token_name,high,0.993
2000,2000,HAMILTON,041 RIDGEDALE,3444,003451,0.66159821,code_token_name,high,0.993
2000,2000,HAMILTON,041 RIDGEDALE,3444,003452,0.2768588,code_token_name,high,0.993
2000,2000,HAMILTON,041 RIDGEDALE,3444,003426,0.06081232,code_token_name,high,0.993
2000,2000,HAMILTON,041 RIDGEDALE,3444,003405,0.00068759,code_token_name,high,0.993
2000,2000,HAMILTON,041 RIDGEDALE,3444,003399,4.267e-05,code_token_name,high,0.993
2000,2000,HAMILTON,041 RIDGEDALE,3444,003365,4e-07,code_token_name,high,0.993
2000,2000,HAMILTON,042 RIVERVIEW,3448,003454,0.70663032,code_token_name,high,0.993
2000,2000,HAMILTON,042 RIVERVIEW,3448,003465,0.28434527,code_token_name,high,0.993
2000,2000,HAMILTON,042 RIVERVIEW,3448,003435,0.0051201,code_token_name,high,0.993
2000,2000,HAMILTON,042 RIVERVIEW,3448,003448,0.00184873,code_token_name,high,0.993
2000,2000,HAMILTON,042 RIVERVIEW,3448,003354,0.00146075,code_token_name,high,0.993
2000,2000,HAMILTON,042 RIVERVIEW,3448,003434,0.00059482,code_token_name,high,0.993
2000,2000,HAMILTON,043 ST ELMO,3452,003463,0.90565704,code_token_name,high,0.993
2000,2000,HAMILTON,043 ST ELMO,3452,003385,0.05155242,code_token_name,high,0.993
2000,2000,HAMILTON,043 ST ELMO,3452,003353,0.02779742,code_token_name,high,0.993
2000,2000,HAMILTON,043 ST ELMO,3452,003420,0.00528071,code_token_name,high,0.993
2000,2000,HAMILTON,043 ST ELMO,3452,003464,0.00519114,code_token_name,high,0.993
2000,2000,HAMILTON,043 ST ELMO,3452,003352,0.00452127,code_token_name,high,0.993
2000,2000,HAMILTON,044 STUART HEIGHT,3456,003465,0.98101112,code_token_name,high,0.993
2000,2000,HAMILTON,044 STUART HEIGHT,3456,003422,0.01511642,code_token_name,high,0.993
2000,2000,HAMILTON,044 STUART HEIGHT,3456,003448,0.0016565,code_token_name,high,0.993
2000,2000,HAMILTON,044 STUART HEIGHT,3456,003449,0.00120599,code_token_name,high,0.993
2000,2000,HAMILTON,044 STUART HEIGHT,3456,003454,0.00100998,code_token_name,high,0.993
2000,2000,HAMILTON,045 SUNNYSIDE,3460,003426,0.45363257,code_token_name,high,0.993
2000,2000,HAMILTON,045 SUNNYSIDE,3460,003396,0.4081556,code_token_name,high,0.993
2000,2000,HAMILTON,045 SUNNYSIDE,3460,003397,0.13626607,code_token_name,high,0.993
2000,2000,HAMILTON,045 SUNNYSIDE,3460,003453,0.00179496,code_token_name,high,0.993
2000,2000,HAMILTON,045 SUNNYSIDE,3460,003363,0.00014859,code_token_name,high,0.993
2000,2000,HAMILTON,045 SUNNYSIDE,3460,003393,2.22e-06,code_token_name,high,0.993
2000,2000,HAMILTON,046 TYNER,3464,003469,0.46141381,code_token_name,high,0.993
2000,2000,HAMILTON,046 TYNER,3464,003374,0.27045358,code_token_name,high,0.993
2000,2000,HAMILTON,046 TYNER,3464,003377,0.10302823,code_token_name,high,0.993
2000,2000,HAMILTON,046 TYNER,3464,003351,0.08835731,code_token_name,high,0.993
2000,2000,HAMILTON,046 TYNER,3464,003470,0.07026653,code_token_name,high,0.993
2000,2000,HAMILTON,046 TYNER,3464,003364,0.00491131,code_token_name,high,0.993
2000,2000,HAMILTON,046 TYNER,3464,003372,0.00057987,code_token_name,high,0.993
2000,2000,HAMILTON,046 TYNER,3464,003378,0.00056512,code_token_name,high,0.993
2000,2000,HAMILTON,046 TYNER,3464,003466,0.00041587,code_token_name,high,0.993
2000,2000,HAMILTON,046 TYNER,3464,003375,8.37e-06,code_token_name,high,0.993
2000,2000,HAMILTON,047 LOOKOUT VALLE,3468,003420,0.79111648,code_token_name,high,0.993
2000,2000,HAMILTON,047 LOOKOUT VALLE,3468,003421,0.20839838,code_token_name,high,0.993
2000,2000,HAMILTON,047 LOOKOUT VALLE,3468,003427,0.00036583,code_token_name,high,0.993
2000,2000,HAMILTON,047 LOOKOUT VALLE,3468,003430,8.988e-05,code_token_name,high,0.993
2000,2000,HAMILTON,047 LOOKOUT VALLE,3468,003429,2.944e-05,code_token_name,high,0.993
2000,2000,HAMILTON,048 WAUHATCHIE CI,3472,003420,0.98583054,code_token_name,high,0.993
2000,2000,HAMILTON,048 WAUHATCHIE CI,3472,003385,0.00808796,code_token_name,high,0.993
2000,2000,HAMILTON,048 WAUHATCHIE CI,3472,003421,0.00484139,code_token_name,high,0.993
2000,2000,HAMILTON,048 WAUHATCHIE CI,3472,003464,0.00119193,code_token_name,high,0.993
2000,2000,HAMILTON,048 WAUHATCHIE CI,3472,003427,4.818e-05,code_token_name,high,0.993
2000,2000,HAMILTON,049 WOODMORE,3476,003476,0.9814342,code_token_name,high,0.993
2000,2000,HAMILTON,049 WOODMORE,3476,003396,0.01400556,code_token_name,high,0.993
2000,2000,HAMILTON,049 WOODMORE,3476,003477,0.00385571,code_token_name,high,0.993
2000,2000,HAMILTON,049 WOODMORE,3476,003398,0.00065928,code_token_name,high,0.993
2000,2000,HAMILTON,049 WOODMORE,3476,003397,4.525e-05,code_token_name,high,0.993
2000,2000,HAMILTON,050 APISON,3480,003355,0.89185877,code_token_name,high,0.993
2000,2000,HAMILTON,050 APISON,3480,003445,0.10529957,code_token_name,high,0.993
2000,2000,HAMILTON,050 APISON,3480,003368,0.0018071,code_token_name,high,0.993
2000,2000,HAMILTON,050 APISON,3480,003369,0.0006948,code_token_name,high,0.993
2000,2000,HAMILTON,050 APISON,3480,003370,0.0003239,code_token_name,high,0.993
2000,2000,HAMILTON,050 APISON,3480,003444,1.586e-05,code_token_name,high,0.993
2000,2000,HAMILTON,051 BIRCHWOOD,3484,003361,0.99855678,code_token_name,high,0.993
2000,2000,HAMILTON,051 BIRCHWOOD,3484,003423,0.00066483,code_token_name,high,0.993
2000,2000,HAMILTON,051 BIRCHWOOD,3484,003455,0.00048909,code_token_name,high,0.993
2000,2000,HAMILTON,051 BIRCHWOOD,3484,003360,0.00018232,code_token_name,high,0.993
2000,2000,HAMILTON,051 BIRCHWOOD,3484,003382,9.319e-05,code_token_name,high,0.993
2000,2000,HAMILTON,051 BIRCHWOOD,3484,003383,1.379e-05,code_token_name,high,0.993
2000,2000,HAMILTON,052 COLLEGEDALE,3488,003368,0.35889403,code_token_name,high,0.993
2000,2000,HAMILTON,052 COLLEGEDALE,3488,003367,0.25948835,code_token_name,high,0.993
2000,2000,HAMILTON,052 COLLEGEDALE,3488,003370,0.2012318,code_token_name,high,0.993
2000,2000,HAMILTON,052 COLLEGEDALE,3488,003369,0.06504551,code_token_name,high,0.993
2000,2000,HAMILTON,052 COLLEGEDALE,3488,003357,0.05125938,code_token_name,high,0.993
2000,2000,HAMILTON,052 COLLEGEDALE,3488,003443,0.03928708,code_token_name,high,0.993
2000,2000,HAMILTON,052 COLLEGEDALE,3488,003444,0.00901719,code_token_name,high,0.993
2000,2000,HAMILTON,052 COLLEGEDALE,3488,003355,0.0069775,code_token_name,high,0.993
2000,2000,HAMILTON,052 COLLEGEDALE,3488,003445,0.00605151,code_token_name,high,0.993
2000,2000,HAMILTON,052 COLLEGEDALE,3488,003356,0.00274747,code_token_name,high,0.993
2000,2000,HAMILTON,052 COLLEGEDALE,3488,003440,1.9e-07,code_token_name,high,0.993
2000,2000,HAMILTON,053 EAST RIDGE 1,3492,003393,0.9802796,code_token_name,high,0.993
2000,2000,HAMILTON,053 EAST RIDGE 1,3492,003426,0.01242316,code_token_name,high,0.993
2000,2000,HAMILTON,053 EAST RIDGE 1,3492,003392,0.00400137,code_token_name,high,0.993
2000,2000,HAMILTON,053 EAST RIDGE 1,3492,003363,0.00329434,code_token_name,high,0.993
2000,2000,HAMILTON,053 EAST RIDGE 1,3492,003394,1.53e-06,code_token_name,high,0.993
2000,2000,HAMILTON,054 EAST RIDGE 2,3496,003395,0.99365148,code_token_name,high,0.993
2000,2000,HAMILTON,054 EAST RIDGE 2,3496,003363,0.00226023,code_token_name,high,0.993
2000,2000,HAMILTON,054 EAST RIDGE 2,3496,003371,0.00148169,code_token_name,high,0.993
2000,2000,HAMILTON,054 EAST RIDGE 2,3496,003364,0.00120047,code_token_name,high,0.993
2000,2000,HAMILTON,054 EAST RIDGE 2,3496,003388,0.00064301,code_token_name,high,0.993
2000,2000,HAMILTON,054 EAST RIDGE 2,3496,003392,0.00041043,code_token_name,high,0.993
2000,2000,HAMILTON,054 EAST RIDGE 2,3496,003394,0.00035269,code_token_name,high,0.993
2000,2000,HAMILTON,055 EAST RIDGE 3,3500,003392,0.9872085,code_token_name,high,0.993
2000,2000,HAMILTON,055 EAST RIDGE 3,3500,003426,0.00756568,code_token_name,high,0.993
2000,2000,HAMILTON,055 EAST RIDGE 3,3500,003394,0.00413725,code_token_name,high,0.993
2000,2000,HAMILTON,055 EAST RIDGE 3,3500,003393,0.00108858,code_token_name,high,0.993
2000,2000,HAMILTON,056 EAST RIDGE 4,3504,003392,0.98772735,code_token_name,high,0.993
2000,2000,HAMILTON,056 EAST RIDGE 4,3504,003363,0.00798734,code_token_name,high,0.993
2000,2000,HAMILTON,056 EAST RIDGE 4,3504,003395,0.00226107,code_token_name,high,0.993
2000,2000,HAMILTON,056 EAST RIDGE 4,3504,003393,0.00149607,code_token_name,high,0.993
2000,2000,HAMILTON,056 EAST RIDGE 4,3504,003394,0.00052817,code_token_name,high,0.993
2000,2000,HAMILTON,057 EAST RIDGE 5,3508,003394,0.99492661,code_token_name,high,0.993
2000,2000,HAMILTON,057 EAST RIDGE 5,3508,003392,0.00242598,code_token_name,high,0.993
2000,2000,HAMILTON,057 EAST RIDGE 5,3508,003395,0.00174254,code_token_name,high,0.993
2000,2000,HAMILTON,057 EAST RIDGE 5,3508,003426,0.00090487,code_token_name,high,0.993
2000,2000,HAMILTON,058 HARRISON,3512,003407,0.89768535,code_token_name,high,0.993
2000,2000,HAMILTON,058 HARRISON,3512,003406,0.09061376,code_token_name,high,0.993
2000,2000,HAMILTON,058 HARRISON,3512,003433,0.00537258,code_token_name,high,0.993
2000,2000,HAMILTON,058 HARRISON,3512,003409,0.00409194,code_token_name,high,0.993
2000,2000,HAMILTON,058 HARRISON,3512,003466,0.00075602,code_token_name,high,0.993
2000,2000,HAMILTON,058 HARRISON,3512,003413,0.00048034,code_token_name,high,0.993
2000,2000,HAMILTON,058 HARRISON,3512,003408,0.00039251,code_token_name,high,0.993
2000,2000,HAMILTON,058 HARRISON,3512,003404,0.00038778,code_token_name,high,0.993
2000,2000,HAMILTON,058 HARRISON,3512,003386,0.00021972,code_token_name,high,0.993
2000,2000,HAMILTON,059 MEADOWVIEW,3516,003361,0.99639876,code_token_name,high,0.993
2000,2000,HAMILTON,059 MEADOWVIEW,3516,003423,0.00341077,code_token_name,high,0.993
2000,2000,HAMILTON,059 MEADOWVIEW,3516,003459,0.00019046,code_token_name,high,0.993
2000,2000,HAMILTON,060 OOLTEWAH,3520,003443,0.65011891,code_token_name,high,0.993
2000,2000,HAMILTON,060 OOLTEWAH,3520,003459,0.17144563,code_token_name,high,0.993
2000,2000,HAMILTON,060 OOLTEWAH,3520,003468,0.05957633,code_token_name,high,0.993
2000,2000,HAMILTON,060 OOLTEWAH,3520,003370,0.05160094,code_token_name,high,0.993
2000,2000,HAMILTON,060 OOLTEWAH,3520,003442,0.03570792,code_token_name,high,0.993
2000,2000,HAMILTON,060 OOLTEWAH,3520,003444,0.03090402,code_token_name,high,0.993
2000,2000,HAMILTON,060 OOLTEWAH,3520,003408,0.00024838,code_token_name,high,0.993
2000,2000,HAMILTON,060 OOLTEWAH,3520,003469,0.00011977,code_token_name,high,0.993
2000,2000,HAMILTON,060 OOLTEWAH,3520,003440,7.035e-05,code_token_name,high,0.993
2000,2000,HAMILTON,060 OOLTEWAH,3520,003409,6.742e-05,code_token_name,high,0.993
2000,2000,HAMILTON,060 OOLTEWAH,3520,003367,4.258e-05,code_token_name,high,0.993
2000,2000,HAMILTON,060 OOLTEWAH,3520,003467,3.964e-05,code_token_name,high,0.993
2000,2000,HAMILTON,060 OOLTEWAH,3520,003445,3.352e-05,code_token_name,high,0.993
2000,2000,HAMILTON,060 OOLTEWAH,3520,003361,2.461e-05,code_token_name,high,0.993
2000,2000,HAMILTON,061 RIDGESIDE,3524,003453,0.9497655,code_token_name,high,0.993
2000,2000,HAMILTON,061 RIDGESIDE,3524,003396,0.0502345,code_token_name,high,0.993
2000,2000,HAMILTON,062 SNOWHILL,3528,003458,0.3489133,code_token_name,high,0.993
2000,2000,HAMILTON,062 SNOWHILL,3528,003459,0.24364262,code_token_name,high,0.993
2000,2000,HAMILTON,062 SNOWHILL,3528,003361,0.20537191,code_token_name,high,0.993
2000,2000,HAMILTON,062 SNOWHILL,3528,003423,0.19930702,code_token_name,high,0.993
2000,2000,HAMILTON,062 SNOWHILL,3528,003409,0.00221389,code_token_name,high,0.993
2000,2000,HAMILTON,062 SNOWHILL,3528,003410,0.00027381,code_token_name,high,0.993
2000,2000,HAMILTON,062 SNOWHILL,3528,003383,0.00016178,code_token_name,high,0.993
2000,2000,HAMILTON,062 SNOWHILL,3528,003443,0.00011568,code_token_name,high,0.993
2000,2000,HAMILTON,063 SUMMIT,3532,003466,0.69080539,code_token_name,high,0.993
2000,2000,HAMILTON,063 SUMMIT,3532,003441,0.09488134,code_token_name,high,0.993
2000,2000,HAMILTON,063 SUMMIT,3532,003468,0.07385451,code_token_name,high,0.993
2000,2000,HAMILTON,063 SUMMIT,3532,003467,0.06069798,code_token_name,high,0.993
2000,2000,HAMILTON,063 SUMMIT,3532,003469,0.05011662,code_token_name,high,0.993
2000,2000,HAMILTON,063 SUMMIT,3532,003407,0.01411074,code_token_name,high,0.993
2000,2000,HAMILTON,063 SUMMIT,3532,003442,0.00939675,code_token_name,high,0.993
2000,2000,HAMILTON,063 SUMMIT,3532,003408,0.0038007,code_token_name,high,0.993
2000,2000,HAMILTON,063 SUMMIT,3532,003443,0.00113665,code_token_name,high,0.993
2000,2000,HAMILTON,063 SUMMIT,3532,003378,0.0007718,code_token_name,high,0.993
2000,2000,HAMILTON,063 SUMMIT,3532,003440,0.00033073,code_token_name,high,0.993
2000,2000,HAMILTON,063 SUMMIT,3532,003362,9.569e-05,code_token_name,high,0.993
2000,2000,HAMILTON,063 SUMMIT,3532,003433,1.1e-06,code_token_name,high,0.993
2000,2000,HAMILTON,064 WESTVIEW,3536,003473,0.99681281,code_token_name,high,0.993
2000,2000,HAMILTON,064 WESTVIEW,3536,003475,0.00166688,code_token_name,high,0.993
2000,2000,HAMILTON,064 WESTVIEW,3536,003474,0.00082173,code_token_name,high,0.993
2000,2000,HAMILTON,064 WESTVIEW,3536,003440,0.00036807,code_token_name,high,0.993
2000,2000,HAMILTON,064 WESTVIEW,3536,003355,0.00033046,code_token_name,high,0.993
2000,2000,HAMILTON,064 WESTVIEW,3536,003356,5e-08,code_token_name,high,0.993
2000,2000,HAMILTON,065 BAKEWELL,3540,003359,0.92934666,code_token_name,high,0.993
2000,2000,HAMILTON,065 BAKEWELL,3540,003360,0.05072215,code_token_name,high,0.993
2000,2000,HAMILTON,065 BAKEWELL,3540,003460,0.01459418,code_token_name,high,0.993
2000,2000,HAMILTON,065 BAKEWELL,3540,003455,0.00451961,code_token_name,high,0.993
2000,2000,HAMILTON,065 BAKEWELL,3540,003403,0.0008174,code_token_name,high,0.993
2000,2000,HAMILTON,066 DALLAS,3544,003382,0.67306336,code_token_name,high,0.993
2000,2000,HAMILTON,066 DALLAS,3544,003383,0.27112896,code_token_name,high,0.993
2000,2000,HAMILTON,066 DALLAS,3544,003425,0.04662876,code_token_name,high,0.993
2000,2000,HAMILTON,066 DALLAS,3544,003418,0.00804055,code_token_name,high,0.993
2000,2000,HAMILTON,066 DALLAS,3544,003460,0.00038046,code_token_name,high,0.993
2000,2000,HAMILTON,066 DALLAS,3544,003458,0.0002832,code_token_name,high,0.993
2000,2000,HAMILTON,066 DALLAS,3544,003410,0.00016156,code_token_name,high,0.993
2000,2000,HAMILTON,066 DALLAS,3544,003424,0.00012382,code_token_name,high,0.993
2000,2000,HAMILTON,066 DALLAS,3544,003461,0.00011945,code_token_name,high,0.993
2000,2000,HAMILTON,066 DALLAS,3544,003361,5.977e-05,code_token_name,high,0.993
2000,2000,HAMILTON,066 DALLAS,3544,003359,8.81e-06,code_token_name,high,0.993
2000,2000,HAMILTON,066 DALLAS,3544,003404,1.31e-06,code_token_name,high,0.993
2000,2000,HAMILTON,067 FAIRMOUNT,3548,003401,0.96215354,code_token_name,high,0.993
2000,2000,HAMILTON,067 FAIRMOUNT,3548,003456,0.03667288,code_token_name,high,0.993
2000,2000,HAMILTON,067 FAIRMOUNT,3548,003431,0.00061532,code_token_name,high,0.993
2000,2000,HAMILTON,067 FAIRMOUNT,3548,003472,0.00035123,code_token_name,high,0.993
2000,2000,HAMILTON,067 FAIRMOUNT,3548,003402,0.00020581,code_token_name,high,0.993
2000,2000,HAMILTON,067 FAIRMOUNT,3548,003457,1.22e-06,code_token_name,high,0.993
2000,2000,HAMILTON,068 FALLING WATER,3552,003402,0.59475535,code_token_name,high,0.993
2000,2000,HAMILTON,068 FALLING WATER,3552,003461,0.16603545,code_token_name,high,0.993
2000,2000,HAMILTON,068 FALLING WATER,3552,003439,0.12469219,code_token_name,high,0.993
2000,2000,HAMILTON,068 FALLING WATER,3552,003471,0.11291047,code_token_name,high,0.993
2000,2000,HAMILTON,068 FALLING WATER,3552,003401,0.00064725,code_token_name,high,0.993
2000,2000,HAMILTON,068 FALLING WATER,3552,003428,0.00048173,code_token_name,high,0.993
2000,2000,HAMILTON,068 FALLING WATER,3552,003446,0.00033504,code_token_name,high,0.993
2000,2000,HAMILTON,068 FALLING WATER,3552,003411,9.787e-05,code_token_name,high,0.993
2000,2000,HAMILTON,068 FALLING WATER,3552,003431,3.35e-05,code_token_name,high,0.993
2000,2000,HAMILTON,068 FALLING WATER,3552,003462,1.114e-05,code_token_name,high,0.993
2000,2000,HAMILTON,069 FLAT TOP MOUN,3556,003403,0.97328713,code_token_name,high,0.993
2000,2000,HAMILTON,069 FLAT TOP MOUN,3556,003460,0.02580384,code_token_name,high,0.993
2000,2000,HAMILTON,069 FLAT TOP MOUN,3556,003359,0.00054134,code_token_name,high,0.993
2000,2000,HAMILTON,069 FLAT TOP MOUN,3556,003431,0.00036769,code_token_name,high,0.993
2000,2000,HAMILTON,070 GANNS,3560,003404,0.75953285,code_token_name,high,0.993
2000,2000,HAMILTON,070 GANNS,3560,003446,0.18014373,code_token_name,high,0.993
2000,2000,HAMILTON,070 GANNS,3560,003418,0.05485762,code_token_name,high,0.993
2000,2000,HAMILTON,070 GANNS,3560,003413,0.00476353,code_token_name,high,0.993
2000,2000,HAMILTON,070 GANNS,3560,003407,0.00038769,code_token_name,high,0.993
2000,2000,HAMILTON,070 GANNS,3560,003424,0.00022661,code_token_name,high,0.993
2000,2000,HAMILTON,070 GANNS,3560,003412,4.426e-05,code_token_name,high,0.993
2000,2000,HAMILTON,070 GANNS,3560,003409,4.299e-05,code_token_name,high,0.993
2000,2000,HAMILTON,070 GANNS,3560,003410,6.5e-07,code_token_name,high,0.993
2000,2000,HAMILTON,070 GANNS,3560,003383,7e-08,code_token_name,high,0.993
2000,2000,HAMILTON,071 LAKESITE,3564,003418,0.99849801,code_token_name,high,0.993
2000,2000,HAMILTON,071 LAKESITE,3564,003383,0.00076845,code_token_name,high,0.993
2000,2000,HAMILTON,071 LAKESITE,3564,003410,0.00067281,code_token_name,high,0.993
2000,2000,HAMILTON,071 LAKESITE,3564,003404,6.073e-05,code_token_name,high,0.993
2000,2000,HAMILTON,072 LOOKOUT MOUN,3568,003419,0.99779081,code_token_name,high,0.993
2000,2000,HAMILTON,072 LOOKOUT MOUN,3568,003463,0.00131184,code_token_name,high,0.993
2000,2000,HAMILTON,072 LOOKOUT MOUN,3568,003421,0.00089735,code_token_name,high,0.993
2000,2000,HAMILTON,073 MIDDLE VALLEY,3572,003424,0.7680286,code_token_name,high,0.993
2000,2000,HAMILTON,073 MIDDLE VALLEY,3572,003462,0.17991747,code_token_name,high,0.993
2000,2000,HAMILTON,073 MIDDLE VALLEY,3572,003418,0.05040903,code_token_name,high,0.993
2000,2000,HAMILTON,073 MIDDLE VALLEY,3572,003461,0.00093138,code_token_name,high,0.993
2000,2000,HAMILTON,073 MIDDLE VALLEY,3572,003404,0.00038678,code_token_name,high,0.993
2000,2000,HAMILTON,073 MIDDLE VALLEY,3572,003446,0.00019095,code_token_name,high,0.993
2000,2000,HAMILTON,073 MIDDLE VALLEY,3572,003425,0.0001358,code_token_name,high,0.993
2000,2000,HAMILTON,074 MOWBRAY,3576,003431,0.97468558,code_token_name,high,0.993
2000,2000,HAMILTON,074 MOWBRAY,3576,003461,0.01233199,code_token_name,high,0.993
2000,2000,HAMILTON,074 MOWBRAY,3576,003460,0.01200169,code_token_name,high,0.993
2000,2000,HAMILTON,074 MOWBRAY,3576,003401,0.00059739,code_token_name,high,0.993
2000,2000,HAMILTON,074 MOWBRAY,3576,003403,0.00035401,code_token_name,high,0.993
2000,2000,HAMILTON,074 MOWBRAY,3576,003402,2.934e-05,code_token_name,high,0.993
2000,2000,HAMILTON,075 PLEASANT GROV,3580,003446,0.74574976,code_token_name,high,0.993
2000,2000,HAMILTON,075 PLEASANT GROV,3580,003447,0.09081083,code_token_name,high,0.993
2000,2000,HAMILTON,075 PLEASANT GROV,3580,003439,0.08570769,code_token_name,high,0.993
2000,2000,HAMILTON,075 PLEASANT GROV,3580,003462,0.07229487,code_token_name,high,0.993
2000,2000,HAMILTON,075 PLEASANT GROV,3580,003412,0.00444136,code_token_name,high,0.993
2000,2000,HAMILTON,075 PLEASANT GROV,3580,003461,0.00051297,code_token_name,high,0.993
2000,2000,HAMILTON,075 PLEASANT GROV,3580,003411,0.00048253,code_token_name,high,0.993
2000,2000,HAMILTON,076 RED BANK 1,3584,003448,0.98304059,code_token_name,high,0.993
2000,2000,HAMILTON,076 RED BANK 1,3584,003427,0.01069351,code_token_name,high,0.993
2000,2000,HAMILTON,076 RED BANK 1,3584,003435,0.00429086,code_token_name,high,0.993
2000,2000,HAMILTON,076 RED BANK 1,3584,003430,0.00074216,code_token_name,high,0.993
2000,2000,HAMILTON,076 RED BANK 1,3584,003465,0.00062226,code_token_name,high,0.993
2000,2000,HAMILTON,076 RED BANK 1,3584,003449,0.00049623,code_token_name,high,0.993
2000,2000,HAMILTON,076 RED BANK 1,3584,003428,0.0001141,code_token_name,high,0.993
2000,2000,HAMILTON,076 RED BANK 1,3584,003450,2.8e-07,code_token_name,high,0.993
2000,2000,HAMILTON,077 RED BANK 2,3588,003450,0.71403831,code_token_name,high,0.993
2000,2000,HAMILTON,077 RED BANK 2,3588,003449,0.27467503,code_token_name,high,0.993
2000,2000,HAMILTON,077 RED BANK 2,3588,003448,0.00850092,code_token_name,high,0.993
2000,2000,HAMILTON,077 RED BANK 2,3588,003436,0.00206498,code_token_name,high,0.993
2000,2000,HAMILTON,077 RED BANK 2,3588,003465,0.00066091,code_token_name,high,0.993
2000,2000,HAMILTON,077 RED BANK 2,3588,003422,5.984e-05,code_token_name,high,0.993
2000,2000,HAMILTON,078 RED BANK 3,3592,003450,0.99473722,code_token_name,high,0.993
2000,2000,HAMILTON,078 RED BANK 3,3592,003436,0.00204754,code_token_name,high,0.993
2000,2000,HAMILTON,078 RED BANK 3,3592,003439,0.00193863,code_token_name,high,0.993
2000,2000,HAMILTON,078 RED BANK 3,3592,003438,0.00127661,code_token_name,high,0.993
2000,2000,HAMILTON,079 RED BANK 4,3596,003450,0.80473724,code_token_name,high,0.993
2000,2000,HAMILTON,079 RED BANK 4,3596,003449,0.19023562,code_token_name,high,0.993
2000,2000,HAMILTON,079 RED BANK 4,3596,003428,0.0036297,code_token_name,high,0.993
2000,2000,HAMILTON,079 RED BANK 4,3596,003448,0.00139744,code_token_name,high,0.993
2000,2000,HAMILTON,080 SALE CREEK,3600,003455,0.99931856,code_token_name,high,0.993
2000,2000,HAMILTON,080 SALE CREEK,3600,003359,0.00049327,code_token_name,high,0.993
2000,2000,HAMILTON,080 SALE CREEK,3600,003360,0.00018799,code_token_name,high,0.993
2000,2000,HAMILTON,080 SALE CREEK,3600,003361,1.8e-07,code_token_name,high,0.993
2000,2000,HAMILTON,081 SIGNAL MTN EAS,3604,003457,0.9804571,code_token_name,high,0.993
2000,2000,HAMILTON,081 SIGNAL MTN EAS,3604,003456,0.01090211,code_token_name,high,0.993
2000,2000,HAMILTON,081 SIGNAL MTN EAS,3604,003471,0.00640617,code_token_name,high,0.993
2000,2000,HAMILTON,081 SIGNAL MTN EAS,3604,003472,0.00170863,code_token_name,high,0.993
2000,2000,HAMILTON,081 SIGNAL MTN EAS,3604,003428,0.00052307,code_token_name,high,0.993
2000,2000,HAMILTON,081 SIGNAL MTN EAS,3604,003401,2.92e-06,code_token_name,high,0.993
2000,2000,HAMILTON,082 SIGNAL MTN WE,3608,003456,0.98869774,code_token_name,high,0.993
2000,2000,HAMILTON,082 SIGNAL MTN WE,3608,003401,0.00785678,code_token_name,high,0.993
2000,2000,HAMILTON,082 SIGNAL MTN WE,3608,003457,0.00195406,code_token_name,high,0.993
2000,2000,HAMILTON,082 SIGNAL MTN WE,3608,003471,0.00110862,code_token_name,high,0.993
2000,2000,HAMILTON,082 SIGNAL MTN WE,3608,003428,0.0003828,code_token_name,high,0.993
2000,2000,HAMILTON,083 SODDY DAISY N,3612,003460,0.99868549,code_token_name,high,0.993
2000,2000,HAMILTON,083 SODDY DAISY N,3612,003403,0.00040952,code_token_name,high,0.993
2000,2000,HAMILTON,083 SODDY DAISY N,3612,003359,0.00038054,code_token_name,high,0.993
2000,2000,HAMILTON,083 SODDY DAISY N,3612,003360,0.00037465,code_token_name,high,0.993
2000,2000,HAMILTON,083 SODDY DAISY N,3612,003382,0.0001498,code_token_name,high,0.993
2000,2000,HAMILTON,084 SODDY DAISY SO,3616,003461,0.64525362,code_token_name,high,0.993
2000,2000,HAMILTON,084 SODDY DAISY SO,3616,003460,0.3448066,code_token_name,high,0.993
2000,2000,HAMILTON,084 SODDY DAISY SO,3616,003431,0.00536554,code_token_name,high,0.993
2000,2000,HAMILTON,084 SODDY DAISY SO,3616,003462,0.0042169,code_token_name,high,0.993
2000,2000,HAMILTON,084 SODDY DAISY SO,3616,003382,0.00030195,code_token_name,high,0.993
2000,2000,HAMILTON,084 SODDY DAISY SO,3616,003425,3.79e-05,code_token_name,high,0.993
2000,2000,HAMILTON,084 SODDY DAISY SO,3616,003439,1.622e-05,code_token_name,high,0.993
2000,2000,HAMILTON,084 SODDY DAISY SO,3616,003424,1.25e-06,code_token_name,high,0.993
2000,2000,HAMILTON,084 SODDY DAISY SO,3616,003402,2e-08,code_token_name,high,0.993
2000,2000,HAMILTON,085 VALDEAU,3620,003471,0.99308688,code_token_name,high,0.993
2000,2000,HAMILTON,085 VALDEAU,3620,003428,0.00477409,code_token_name,high,0.993
2000,2000,HAMILTON,085 VALDEAU,3620,003457,0.00145688,code_token_name,high,0.993
2000,2000,HAMILTON,085 VALDEAU,3620,003472,0.00050249,code_token_name,high,0.993
2000,2000,HAMILTON,085 VALDEAU,3620,003402,0.00017965,code_token_name,high,0.993
2000,2000,HAMILTON,086 WALDEN,3624,003472,0.96261345,code_token_name,high,0.993
2000,2000,HAMILTON,086 WALDEN,3624,003401,0.0230516,code_token_name,high,0.993
2000,2000,HAMILTON,086 WALDEN,3624,003471,0.01123081,code_token_name,high,0.993
2000,2000,HAMILTON,086 WALDEN,3624,003457,0.00183618,code_token_name,high,0.993
2000,2000,HAMILTON,086 WALDEN,3624,003402,0.00126796,code_token_name,high,0.993
2000,2000,HAMILTON,087 WAUHATCHIE CO,3629,003421,0.88673615,code_token_name,high,0.993
2000,2000,HAMILTON,087 WAUHATCHIE CO,3629,003463,0.06484735,code_token_name,high,0.993
2000,2000,HAMILTON,087 WAUHATCHIE CO,3629,003464,0.03865214,code_token_name,high,0.993
2000,2000,HAMILTON,087 WAUHATCHIE CO,3629,003420,0.00772218,code_token_name,high,0.993
2000,2000,HAMILTON,087 WAUHATCHIE CO,3629,003385,0.00179488,code_token_name,high,0.993
2000,2000,HAMILTON,087 WAUHATCHIE CO,3629,003419,0.0002473,code_token_name,high,0.993
2000,2000,HAMILTON,088 HIXSON 2,3381,003413,0.59073882,code_token_name,high,0.993
2000,2000,HAMILTON,088 HIXSON 2,3381,003412,0.40868027,code_token_name,high,0.993
2000,2000,HAMILTON,088 HIXSON 2,3381,003386,0.00041999,code_token_name,high,0.993
2000,2000,HAMILTON,088 HIXSON 2,3381,003404,0.00016093,code_token_name,high,0.993
2000,2000,HAMILTON,089 OOLTEWAH 2,3632,003440,0.44110925,code_token_name,high,0.993
2000,2000,HAMILTON,089 OOLTEWAH 2,3632,003356,0.19339312,code_token_name,high,0.993
2000,2000,HAMILTON,089 OOLTEWAH 2,3632,003441,0.1388603,code_token_name,high,0.993
2000,2000,HAMILTON,089 OOLTEWAH 2,3632,003378,0.13339147,code_token_name,high,0.993
2000,2000,HAMILTON,089 OOLTEWAH 2,3632,003367,0.08761174,code_token_name,high,0.993
2000,2000,HAMILTON,089 OOLTEWAH 2,3632,003375,0.00371048,code_token_name,high,0.993
2000,2000,HAMILTON,089 OOLTEWAH 2,3632,003473,0.00044533,code_token_name,high,0.993
2000,2000,HAMILTON,089 OOLTEWAH 2,3632,003355,0.00044384,code_token_name,high,0.993
2000,2000,HAMILTON,089 OOLTEWAH 2,3632,003475,0.0004302,code_token_name,high,0.993
2000,2000,HAMILTON,089 OOLTEWAH 2,3632,003469,0.000268,code_token_name,high,0.993
2000,2000,HAMILTON,089 OOLTEWAH 2,3632,003370,0.00020791,code_token_name,high,0.993
2000,2000,HAMILTON,089 OOLTEWAH 2,3632,003443,0.00011155,code_token_name,high,0.993
2000,2000,HAMILTON,089 OOLTEWAH 2,3632,003467,1.682e-05,code_token_name,high,0.993
2000,2000,HAMILTON,090 HARRISON 2,3636,003409,0.40357458,code_token_name,high,0.993
2000,2000,HAMILTON,090 HARRISON 2,3636,003408,0.29518904,code_token_name,high,0.993
2000,2000,HAMILTON,090 HARRISON 2,3636,003410,0.24150707,code_token_name,high,0.993
2000,2000,HAMILTON,090 HARRISON 2,3636,003407,0.0572201,code_token_name,high,0.993
2000,2000,HAMILTON,090 HARRISON 2,3636,003459,0.00145827,code_token_name,high,0.993
2000,2000,HAMILTON,090 HARRISON 2,3636,003458,0.000334,code_token_name,high,0.993
2000,2000,HAMILTON,090 HARRISON 2,3636,003404,0.00018686,code_token_name,high,0.993
2000,2000,HAMILTON,090 HARRISON 2,3636,003443,0.00017698,code_token_name,high,0.993
2000,2000,HAMILTON,090 HARRISON 2,3636,003418,0.00015464,code_token_name,high,0.993
2000,2000,HAMILTON,090 HARRISON 2,3636,003468,0.00014489,code_token_name,high,0.993
2000,2000,HAMILTON,090 HARRISON 2,3636,003383,3.848e-05,code_token_name,high,0.993
2000,2000,HAMILTON,090 HARRISON 2,3636,003467,1.509e-05,code_token_name,high,0.993
2000,2000,HAMILTON,091 WESTVIEW 2,3640,003355,0.65934037,code_token_name,high,0.993
2000,2000,HAMILTON,091 WESTVIEW 2,3640,003474,0.33414482,code_token_name,high,0.993
2000,2000,HAMILTON,091 WESTVIEW 2,3640,003473,0.00357797,code_token_name,high,0.993
2000,2000,HAMILTON,091 WESTVIEW 2,3640,003367,0.00210504,code_token_name,high,0.993
2000,2000,HAMILTON,091 WESTVIEW 2,3640,003388,0.00047658,code_token_name,high,0.993
2000,2000,HAMILTON,091 WESTVIEW 2,3640,003356,0.00019705,code_token_name,high,0.993
2000,2000,HAMILTON,091 WESTVIEW 2,3640,003475,0.00015817,code_token_name,high,0.993
2000,2000,HAMILTON,091 WESTVIEW 2,3640,003368,0.0,code_token_name,high,0.993
2000,2000,HAMILTON,092 LOOKOUT VALLE,3622,003421,0.80081911,code_token_name,high,0.993
2000,2000,HAMILTON,092 LOOKOUT VALLE,3622,003420,0.19918089,code_token_name,high,0.993
2000,2000,HAMILTON,093 CONCORD 2,3329,003375,0.78489721,code_token_name,high,0.993
2000,2000,HAMILTON,093 CONCORD 2,3329,003372,0.17639327,code_token_name,high,0.993
2000,2000,HAMILTON,093 CONCORD 2,3329,003378,0.03183452,code_token_name,high,0.993
2000,2000,HAMILTON,093 CONCORD 2,3329,003376,0.00395162,code_token_name,high,0.993
2000,2000,HAMILTON,093 CONCORD 2,3329,003441,0.00169264,code_token_name,high,0.993
2000,2000,HAMILTON,093 CONCORD 2,3329,003475,0.00044625,code_token_name,high,0.993
2000,2000,HAMILTON,093 CONCORD 2,3329,003377,0.00042316,code_token_name,high,0.993
2000,2000,HAMILTON,093 CONCORD 2,3329,003387,0.00036078,code_token_name,high,0.993
2000,2000,HAMILTON,093 CONCORD 2,3329,003470,5.6e-07,code_token_name,high,0.993
2000,2000,HAMILTON,094 BRAINERD 2,3430,003439,0.9912583,code_token_name,high,0.993
2000,2000,HAMILTON,094 BRAINERD 2,3430,003438,0.00501762,code_token_name,high,0.993
2000,2000,HAMILTON,094 BRAINERD 2,3430,003428,0.00228179,code_token_name,high,0.993
2000,2000,HAMILTON,094 BRAINERD 2,3430,003450,0.00144229,code_token_name,high,0.993
2000,2000,HAMILTON,095 EASTGATE 2,3369,003398,0.97653339,code_token_name,high,0.993
2000,2000,HAMILTON,095 EASTGATE 2,3369,003476,0.02068726,code_token_name,high,0.993
2000,2000,HAMILTON,095 EASTGATE 2,3369,003364,0.00207222,code_token_name,high,0.993
2000,2000,HAMILTON,095 EASTGATE 2,3369,003477,0.00033594,code_token_name,high,0.993
2000,2000,HAMILTON,095 EASTGATE 2,3369,003397,0.00026634,code_token_name,high,0.993
2000,2000,HAMILTON,095 EASTGATE 2,3369,003363,0.00010484,code_token_name,high,0.993
2000,2000,HAMILTON,096 WESTVIEW 3,3641,003475,0.98349858,code_token_name,high,0.993
2000,2000,HAMILTON,096 WESTVIEW 3,3641,003387,0.01321212,code_token_name,high,0.993
2000,2000,HAMILTON,096 WESTVIEW 3,3641,003473,0.00130781,code_token_name,high,0.993
2000,2000,HAMILTON,096 WESTVIEW 3,3641,003440,0.00126715,code_token_name,high,0.993
2000,2000,HAMILTON,096 WESTVIEW 3,3641,003474,0.00024232,code_token_name,high,0.993
2000,2000,HAMILTON,096 WESTVIEW 3,3641,003375,0.00022903,code_token_name,high,0.993
2000,2000,HAMILTON,096 WESTVIEW 3,3641,003441,0.00013167,code_token_name,high,0.993
2000,2000,HAMILTON,096 WESTVIEW 3,3641,003388,0.00011131,code_token_name,high,0.993
2000,2000,HAMILTON,097 TYNER 2,3465,003469,0.73966415,code_token_name,high,0.993
2000,2000,HAMILTON,097 TYNER 2,3465,003416,0.13831979,code_token_name,high,0.993
2000,2000,HAMILTON,097 TYNER 2,3465,003470,0.12114245,code_token_name,high,0.993
2000,2000,HAMILTON,097 TYNER 2,3465,003417,0.00043998,code_token_name,high,0.993
2000,2000,HAMILTON,097 TYNER 2,3465,003362,0.00028256,code_token_name,high,0.993
2000,2000,HAMILTON,097 TYNER 2,3465,003351,0.0001413,code_token_name,high,0.993
2000,2000,HAMILTON,097 TYNER 2,3465,003466,9.78e-06,code_token_name,high,0.993
2000,2000,HAMILTON,098 HARRISON 3,3637,003406,0.97074704,code_token_name,high,0.993
2000,2000,HAMILTON,098 HARRISON 3,3637,003433,0.02185253,code_token_name,high,0.993
2000,2000,HAMILTON,098 HARRISON 3,3637,003466,0.00731201,code_token_name,high,0.993
2000,2000,HAMILTON,098 HARRISON 3,3637,003407,8.687e-05,code_token_name,high,0.993
2000,2000,HAMILTON,098 HARRISON 3,3637,003432,1.56e-06,code_token_name,high,0.993
2000,2000,HAMILTON,099 BAKEWELL 2,3541,003360,0.90498336,code_token_name,high,0.993
2000,2000,HAMILTON,099 BAKEWELL 2,3541,003359,0.09183213,code_token_name,high,0.993
2000,2000,HAMILTON,099 BAKEWELL 2,3541,003455,0.001332,code_token_name,high,0.993
2000,2000,HAMILTON,099 BAKEWELL 2,3541,003460,0.00131304,code_token_name,high,0.993
2000,2000,HAMILTON,099 BAKEWELL 2,3541,003361,0.00042762,code_token_name,high,0.993
2000,2000,HAMILTON,099 BAKEWELL 2,3541,003382,0.00011185,code_token_name,high,0.993
2000,2000,HAMILTON,100 HIXSON 3,3382,003412,0.94228324,exact_name,high,1.0
2000,2000,HAMILTON,100 HIXSON 3,3382,003446,0.05737383,exact_name,high,1.0
2000,2000,HAMILTON,100 HIXSON 3,3382,003413,0.00019972,exact_name,high,1.0
2000,2000,HAMILTON,100 HIXSON 3,3382,003404,0.00014321,exact_name,high,1.0
2000,2000,HAMILTON,101 HIXSON 4,3383,003413,0.96460615,exact_name,high,1.0
2000,2000,HAMILTON,101 HIXSON 4,3383,003404,0.03444308,exact_name,high,1.0
2000,2000,HAMILTON,101 HIXSON 4,3383,003386,0.00081531,exact_name,high,1.0
2000,2000,HAMILTON,101 HIXSON 4,3383,003407,0.00013546,exact_name,high,1.0
2000,2000,HAMILTON,102 NORTHWOODS N,3306,003397,0.99754697,code_token_name,high,0.993
2000,2000,HAMILTON,102 NORTHWOODS N,3306,003363,0.00146703,code_token_name,high,0.993
2000,2000,HAMILTON,102 NORTHWOODS N,3306,003476,0.00061346,code_token_name,high,0.993
2000,2000,HAMILTON,102 NORTHWOODS N,3306,003398,0.00032249,code_token_name,high,0.993
2000,2000,HAMILTON,102 NORTHWOODS N,3306,003396,5.005e-05,code_token_name,high,0.993
2000,2000,HAMILTON,103 PLEASANT GROV,3582,003446,0.99916119,code_token_name,high,0.993
2000,2000,HAMILTON,103 PLEASANT GROV,3582,003424,0.00083879,code_token_name,high,0.993
2000,2000,HAMILTON,103 PLEASANT GROV,3582,003462,2e-08,code_token_name,high,0.993
2000,2000,HANCOCK,01,0001,0001,1.0,token_vtd,high,1.0
2000,2000,HANCOCK,02,0002,0002,1.0,token_vtd,high,1.0
2000,2000,HANCOCK,03,0003,0003,1.0,token_vtd,high,1.0
2000,2000,HANCOCK,04,0004,0004,1.0,token_vtd,high,1.0
2000,2000,HANCOCK,05,0005,0005,1.0,token_vtd,high,1.0
2000,2000,HANCOCK,06,0006,0006,1.0,token_vtd,high,1.0
2000,2000,HANCOCK,07,0007,0007,1.0,token_vtd,high,1.0
2000,2000,HARDEMAN,01 WEST BOLIVAR,0001,0001,1.0,token_vtd,high,1.0
2000,2000,HARDEMAN,02 BOLIVAR,0002,0002,1.0,token_vtd,high,1.0
2000,2000,HARDEMAN,03 WHITEVILLE,0003,0003,1.0,token_vtd,high,1.0
2000,2000,HARDEMAN,04 HICKORY VALLEY,0004,0004,1.0,token_vtd,high,1.0
2000,2000,HARDEMAN,05 GRAND JUNCTIO,0005,0005,1.0,token_vtd,high,1.0
2000,2000,HARDEMAN,06 SAULSBURY,0006,0006,1.0,token_vtd,high,1.0
2000,2000,HARDEMAN,07 MIDDLETON,0007,0007,1.0,token_vtd,high,1.0
2000,2000,HARDEMAN,08 POCAHONTAS,0008,0008,1.0,token_vtd,high,1.0
2000,2000,HARDEMAN,09 LACY,0009,0009,1.0,token_vtd,high,1.0
2000,2000,HARDEMAN,10 HORNSBY,0010,0010,1.0,token_vtd,high,1.0
2000,2000,HARDEMAN,11 SILERTON,0011,0011,1.0,token_vtd,high,1.0
2000,2000,HARDEMAN,12 CAMPBELL CHAP,0012,0012,1.0,token_vtd,high,1.0
2000,2000,HARDIN,01 1 ARMORY,3736,003702,0.78386139,code_token_name,high,0.993
2000,2000,HARDIN,01 1 ARMORY,3736,003703,0.16367411,code_token_name,high,0.993
2000,2000,HARDIN,01 1 ARMORY,3736,003704,0.03223272,code_token_name,high,0.993
2000,2000,HARDIN,01 1 ARMORY,3736,003707,0.02022017,code_token_name,high,0.993
2000,2000,HARDIN,01 1 ARMORY,3736,003701,1.161e-05,code_token_name,high,0.993
2000,2000,HARDIN,01 2 OLIVET,3736,003702,0.78386139,code_token_name,high,0.993
2000,2000,HARDIN,01 2 OLIVET,3736,003703,0.16367411,code_token_name,high,0.993
2000,2000,HARDIN,01 2 OLIVET,3736,003704,0.03223272,code_token_name,high,0.993
2000,2000,HARDIN,01 2 OLIVET,3736,003707,0.02022017,code_token_name,high,0.993
2000,2000,HARDIN,01 2 OLIVET,3736,003701,1.161e-05,code_token_name,high,0.993
2000,2000,HARDIN,02 1 NIXON,3784,003708,0.99913131,code_token_name,high,0.993
2000,2000,HARDIN,02 1 NIXON,3784,003701,0.00026075,code_token_name,high,0.993
2000,2000,HARDIN,02 1 NIXON,3784,003715,0.00015975,code_token_name,high,0.993
2000,2000,HARDIN,02 1 NIXON,3784,003713,0.00015022,code_token_name,high,0.993
2000,2000,HARDIN,02 1 NIXON,3784,003710,0.00011653,code_token_name,high,0.993
2000,2000,HARDIN,02 1 NIXON,3784,003716,8.59e-05,code_token_name,high,0.993
2000,2000,HARDIN,02 1 NIXON,3784,003714,5.406e-05,code_token_name,high,0.993
2000,2000,HARDIN,02 1 NIXON,3784,003709,2.372e-05,code_token_name,high,0.993
2000,2000,HARDIN,02 1 NIXON,3784,003703,1.772e-05,code_token_name,high,0.993
2000,2000,HARDIN,02 1 NIXON,3784,003702,5e-08,code_token_name,high,0.993
2000,2000,HARDIN,02 2 WALKERS,3784,003708,0.99913131,code_token_name,high,0.993
2000,2000,HARDIN,02 2 WALKERS,3784,003701,0.00026075,code_token_name,high,0.993
2000,2000,HARDIN,02 2 WALKERS,3784,003715,0.00015975,code_token_name,high,0.993
2000,2000,HARDIN,02 2 WALKERS,3784,003713,0.00015022,code_token_name,high,0.993
2000,2000,HARDIN,02 2 WALKERS,3784,003710,0.00011653,code_token_name,high,0.993
2000,2000,HARDIN,02 2 WALKERS,3784,003716,8.59e-05,code_token_name,high,0.993
2000,2000,HARDIN,02 2 WALKERS,3784,003714,5.406e-05,code_token_name,high,0.993
2000,2000,HARDIN,02 2 WALKERS,3784,003709,2.372e-05,code_token_name,high,0.993
2000,2000,HARDIN,02 2 WALKERS,3784,003703,1.772e-05,code_token_name,high,0.993
2000,2000,HARDIN,02 2 WALKERS,3784,003702,5e-08,code_token_name,high,0.993
2000,2000,HARDIN,03 1 COUNCE,3760,003714,0.9879698,code_token_name,high,0.993
2000,2000,HARDIN,03 1 COUNCE,3760,003713,0.01196863,code_token_name,high,0.993
2000,2000,HARDIN,03 1 COUNCE,3760,003708,4.579e-05,code_token_name,high,0.993
2000,2000,HARDIN,03 1 COUNCE,3760,003715,1.578e-05,code_token_name,high,0.993
2000,2000,HARDIN,03 2 SOUTHSIDE,3760,003714,0.9879698,code_token_name,high,0.993
2000,2000,HARDIN,03 2 SOUTHSIDE,3760,003713,0.01196863,code_token_name,high,0.993
2000,2000,HARDIN,03 2 SOUTHSIDE,3760,003708,4.579e-05,code_token_name,high,0.993
2000,2000,HARDIN,03 2 SOUTHSIDE,3760,003715,1.578e-05,code_token_name,high,0.993
2000,2000,HARDIN,04 1 SHILOH,3764,003710,0.8960208,code_token_name,high,0.993
2000,2000,HARDIN,04 1 SHILOH,3764,003717,0.1033158,code_token_name,high,0.993
2000,2000,HARDIN,04 1 SHILOH,3764,003716,0.00037278,code_token_name,high,0.993
2000,2000,HARDIN,04 1 SHILOH,3764,003705,0.00013464,code_token_name,high,0.993
2000,2000,HARDIN,04 1 SHILOH,3764,003703,9.592e-05,code_token_name,high,0.993
2000,2000,HARDIN,04 1 SHILOH,3764,003708,6.006e-05,code_token_name,high,0.993
2000,2000,HARDIN,04 2 CRUMP,3764,003710,0.8960208,code_token_name,high,0.993
2000,2000,HARDIN,04 2 CRUMP,3764,003717,0.1033158,code_token_name,high,0.993
2000,2000,HARDIN,04 2 CRUMP,3764,003716,0.00037278,code_token_name,high,0.993
2000,2000,HARDIN,04 2 CRUMP,3764,003705,0.00013464,code_token_name,high,0.993
2000,2000,HARDIN,04 2 CRUMP,3764,003703,9.592e-05,code_token_name,high,0.993
2000,2000,HARDIN,04 2 CRUMP,3764,003708,6.006e-05,code_token_name,high,0.993
2000,2000,HARDIN,05 1 SALTILLO,3772,003717,0.58329944,code_token_name,high,0.993
2000,2000,HARDIN,05 1 SALTILLO,3772,003718,0.41601637,code_token_name,high,0.993
2000,2000,HARDIN,05 1 SALTILLO,3772,003706,0.00034372,code_token_name,high,0.993
2000,2000,HARDIN,05 1 SALTILLO,3772,003705,0.00033763,code_token_name,high,0.993
2000,2000,HARDIN,05 1 SALTILLO,3772,003710,2.84e-06,code_token_name,high,0.993
2000,2000,HARDIN,05 2 MORRIS CHAPE,3772,003717,0.58329944,code_token_name,high,0.993
2000,2000,HARDIN,05 2 MORRIS CHAPE,3772,003718,0.41601637,code_token_name,high,0.993
2000,2000,HARDIN,05 2 MORRIS CHAPE,3772,003706,0.00034372,code_token_name,high,0.993
2000,2000,HARDIN,05 2 MORRIS CHAPE,3772,003705,0.00033763,code_token_name,high,0.993
2000,2000,HARDIN,05 2 MORRIS CHAPE,3772,003710,2.84e-06,code_token_name,high,0.993
2000,2000,HARDIN,05 3 HURRICANE,3772,003717,0.58329944,code_token_name,high,0.993
2000,2000,HARDIN,05 3 HURRICANE,3772,003718,0.41601637,code_token_name,high,0.993
2000,2000,HARDIN,05 3 HURRICANE,3772,003706,0.00034372,code_token_name,high,0.993
2000,2000,HARDIN,05 3 HURRICANE,3772,003705,0.00033763,code_token_name,high,0.993
2000,2000,HARDIN,05 3 HURRICANE,3772,003710,2.84e-06,code_token_name,high,0.993
2000,2000,HARDIN,05 4 HOOKERS BEND,3772,003717,0.58329944,code_token_name,high,0.993
2000,2000,HARDIN,05 4 HOOKERS BEND,3772,003718,0.41601637,code_token_name,high,0.993
2000,2000,HARDIN,05 4 HOOKERS BEND,3772,003706,0.00034372,code_token_name,high,0.993
2000,2000,HARDIN,05 4 HOOKERS BEND,3772,003705,0.00033763,code_token_name,high,0.993
2000,2000,HARDIN,05 4 HOOKERS BEND,3772,003710,2.84e-06,code_token_name,high,0.993
2000,2000,HARDIN,06 1 CERRO GORDO,3756,003706,0.83185019,code_token_name,high,0.993
2000,2000,HARDIN,06 1 CERRO GORDO,3756,003712,0.10897368,code_token_name,high,0.993
2000,2000,HARDIN,06 1 CERRO GORDO,3756,003711,0.05448682,code_token_name,high,0.993
2000,2000,HARDIN,06 1 CERRO GORDO,3756,003705,0.00456647,code_token_name,high,0.993
2000,2000,HARDIN,06 1 CERRO GORDO,3756,003717,8.689e-05,code_token_name,high,0.993
2000,2000,HARDIN,06 1 CERRO GORDO,3756,003718,3.596e-05,code_token_name,high,0.993
2000,2000,HARDIN,06 2 RHODES,3756,003706,0.83185019,code_token_name,high,0.993
2000,2000,HARDIN,06 2 RHODES,3756,003712,0.10897368,code_token_name,high,0.993
2000,2000,HARDIN,06 2 RHODES,3756,003711,0.05448682,code_token_name,high,0.993
2000,2000,HARDIN,06 2 RHODES,3756,003705,0.00456647,code_token_name,high,0.993
2000,2000,HARDIN,06 2 RHODES,3756,003717,8.689e-05,code_token_name,high,0.993
2000,2000,HARDIN,06 2 RHODES,3756,003718,3.596e-05,code_token_name,high,0.993
2000,2000,HARDIN,06 3 OLIVE HILL,3756,003706,0.83185019,code_token_name,high,0.993
2000,2000,HARDIN,06 3 OLIVE HILL,3756,003712,0.10897368,code_token_name,high,0.993
2000,2000,HARDIN,06 3 OLIVE HILL,3756,003711,0.05448682,code_token_name,high,0.993
2000,2000,HARDIN,06 3 OLIVE HILL,3756,003705,0.00456647,code_token_name,high,0.993
2000,2000,HARDIN,06 3 OLIVE HILL,3756,003717,8.689e-05,code_token_name,high,0.993
2000,2000,HARDIN,06 3 OLIVE HILL,3756,003718,3.596e-05,code_token_name,high,0.993
2000,2000,HARDIN,07 1 WHITES,3748,003702,0.5259251,code_token_name,high,0.993
2000,2000,HARDIN,07 1 WHITES,3748,003709,0.470379,code_token_name,high,0.993
2000,2000,HARDIN,07 1 WHITES,3748,003707,0.00237796,code_token_name,high,0.993
2000,2000,HARDIN,07 1 WHITES,3748,003701,0.00074996,code_token_name,high,0.993
2000,2000,HARDIN,07 1 WHITES,3748,003708,0.00056799,code_token_name,high,0.993
2000,2000,HARDIN,07 2 WALNUT GROVE,3748,003702,0.5259251,code_token_name,high,0.993
2000,2000,HARDIN,07 2 WALNUT GROVE,3748,003709,0.470379,code_token_name,high,0.993
2000,2000,HARDIN,07 2 WALNUT GROVE,3748,003707,0.00237796,code_token_name,high,0.993
2000,2000,HARDIN,07 2 WALNUT GROVE,3748,003701,0.00074996,code_token_name,high,0.993
2000,2000,HARDIN,07 2 WALNUT GROVE,3748,003708,0.00056799,code_token_name,high,0.993
2000,2000,HARDIN,07 3 AIRPORT,3748,003702,0.5259251,code_token_name,high,0.993
2000,2000,HARDIN,07 3 AIRPORT,3748,003709,0.470379,code_token_name,high,0.993
2000,2000,HARDIN,07 3 AIRPORT,3748,003707,0.00237796,code_token_name,high,0.993
2000,2000,HARDIN,07 3 AIRPORT,3748,003701,0.00074996,code_token_name,high,0.993
2000,2000,HARDIN,07 3 AIRPORT,3748,003708,0.00056799,code_token_name,high,0.993
2000,2000,HARDIN,08 NORTH,3788,003705,0.99800355,code_token_name,high,0.993
2000,2000,HARDIN,08 NORTH,3788,003717,0.00075437,code_token_name,high,0.993
2000,2000,HARDIN,08 NORTH,3788,003710,0.00059915,code_token_name,high,0.993
2000,2000,HARDIN,08 NORTH,3788,003712,0.00043055,code_token_name,high,0.993
2000,2000,HARDIN,08 NORTH,3788,003703,9.105e-05,code_token_name,high,0.993
2000,2000,HARDIN,08 NORTH,3788,003704,9.005e-05,code_token_name,high,0.993
2000,2000,HARDIN,08 NORTH,3788,003706,3.128e-05,code_token_name,high,0.993
2000,2000,HARDIN,09 COURTHOUSE,3752,003703,0.99861551,code_token_name,high,0.993
2000,2000,HARDIN,09 COURTHOUSE,3752,003710,0.00098669,code_token_name,high,0.993
2000,2000,HARDIN,09 COURTHOUSE,3752,003704,0.00030118,code_token_name,high,0.993
2000,2000,HARDIN,09 COURTHOUSE,3752,003705,6.974e-05,code_token_name,high,0.993
2000,2000,HARDIN,09 COURTHOUSE,3752,003702,2.688e-05,code_token_name,high,0.993
2000,2000,HARDIN,09 COURTHOUSE,3752,003708,0.0,code_token_name,high,0.993
2000,2000,HARDIN,10 FAIRGROUND,3744,003704,0.7075009,exact_name,high,1.0
2000,2000,HARDIN,10 FAIRGROUND,3744,003705,0.28559509,exact_name,high,1.0
2000,2000,HARDIN,10 FAIRGROUND,3744,003702,0.00592391,exact_name,high,1.0
2000,2000,HARDIN,10 FAIRGROUND,3744,003712,0.00093763,exact_name,high,1.0
2000,2000,HARDIN,10 FAIRGROUND,3744,003703,4.247e-05,exact_name,high,1.0
2000,2000,HAWKINS,01 ALUM WELL,3849,003824,0.57688881,code_token_name,high,0.993
2000,2000,HAWKINS,01 ALUM WELL,3849,003808,0.41229344,code_token_name,high,0.993
2000,2000,HAWKINS,01 ALUM WELL,3849,003809,0.01081775,code_token_name,high,0.993
2000,2000,HAWKINS,02 ARMORY,3868,003825,0.97425647,code_token_name,high,0.993
2000,2000,HAWKINS,02 ARMORY,3868,003811,0.01991035,code_token_name,high,0.993
2000,2000,HAWKINS,02 ARMORY,3868,003808,0.00427987,code_token_name,high,0.993
2000,2000,HAWKINS,02 ARMORY,3868,003809,0.00063743,code_token_name,high,0.993
2000,2000,HAWKINS,02 ARMORY,3868,003803,0.00046334,code_token_name,high,0.993
2000,2000,HAWKINS,02 ARMORY,3868,003826,0.00045254,code_token_name,high,0.993
2000,2000,HAWKINS,04 BULLS GAP,3860,003801,0.99899817,code_token_name,high,0.993
2000,2000,HAWKINS,04 BULLS GAP,3860,003823,0.00054573,code_token_name,high,0.993
2000,2000,HAWKINS,04 BULLS GAP,3860,003816,0.00028044,code_token_name,high,0.993
2000,2000,HAWKINS,04 BULLS GAP,3860,003814,0.00016121,code_token_name,high,0.993
2000,2000,HAWKINS,04 BULLS GAP,3860,003802,1.444e-05,code_token_name,high,0.993
2000,2000,HAWKINS,06 CARTER S VALLE,3844,003812,0.99894277,code_token_name,high,0.993
2000,2000,HAWKINS,06 CARTER S VALLE,3844,003820,0.00043823,code_token_name,high,0.993
2000,2000,HAWKINS,06 CARTER S VALLE,3844,003817,0.00026525,code_token_name,high,0.993
2000,2000,HAWKINS,06 CARTER S VALLE,3844,003813,0.00021344,code_token_name,high,0.993
2000,2000,HAWKINS,06 CARTER S VALLE,3844,003818,0.00013737,code_token_name,high,0.993
2000,2000,HAWKINS,06 CARTER S VALLE,3844,003819,2.94e-06,code_token_name,high,0.993
2000,2000,HAWKINS,07 CHEROKEE,3852,003823,0.99870453,code_token_name,high,0.993
2000,2000,HAWKINS,07 CHEROKEE,3852,003816,0.00090588,code_token_name,high,0.993
2000,2000,HAWKINS,07 CHEROKEE,3852,003801,0.0003896,code_token_name,high,0.993
2000,2000,HAWKINS,08 CHOPTACK,0008,0008,1.0,token_vtd,high,1.0
2000,2000,HAWKINS,09 CHURCH HILL,0009,0009,1.0,token_vtd,high,1.0
2000,2000,HAWKINS,10 CLINCH,0010,0010,1.0,token_vtd,high,1.0
2000,2000,HAWKINS,11 DYKES,0011,0011,1.0,token_vtd,high,1.0
2000,2000,HAWKINS,12 KEPLAR,0012,0012,1.0,token_vtd,high,1.0
2000,2000,HAWKINS,13 MCPHEETER S BE,0013,0013,1.0,token_vtd,high,1.0
2000,2000,HAWKINS,14 MOORESBURG,0014,0014,1.0,token_vtd,high,1.0
2000,2000,HAWKINS,15 MT CARMEL,0015,0015,1.0,token_vtd,high,1.0
2000,2000,HAWKINS,16 NO ROGERS IN,0016,0016,1.0,token_vtd,high,1.0
2000,2000,HAWKINS,17 NO ROGERS OUT,0017,0017,1.0,token_vtd,high,1.0
2000,2000,HAWKINS,18 SO ROGERS IN,0018,0018,1.0,token_vtd,high,1.0
2000,2000,HAWKINS,19 SO ROGERS OUT,0019,0019,1.0,token_vtd,high,1.0
2000,2000,HAYWOOD,01 0 CITY HALL,0001,0001,1.0,code_token_name,high,0.993
2000,2000,HAYWOOD,02 0 PARKS RECRE,0002,0002,1.0,code_token_name,high,0.993
2000,2000,HAYWOOD,03 1 COURTHOUSE,0003,0003,1.0,code_token_name,high,0.993
2000,2000,HAYWOOD,03 2 EAST SIDE SCHL,0003,0003,1.0,code_token_name,high,0.993
2000,2000,HAYWOOD,04 1 COLL HILL THT,0004,0004,1.0,code_token_name,high,0.993
2000,2000,HAYWOOD,05 1 BELLE EAGLE,0005,0005,1.0,code_token_name,high,0.993
2000,2000,HAYWOOD,05 2 NUTBUSH,0005,0005,1.0,code_token_name,high,0.993
2000,2000,HAYWOOD,05 3 FORKED DEER,0005,0005,1.0,code_token_name,high,0.993
2000,2000,HAYWOOD,05 4 TIBBS,0005,0005,1.0,code_token_name,high,0.993
2000,2000,HAYWOOD,06 1 FIRE DEPT,0006,0006,1.0,code_token_name,high,0.993
2000,2000,HAYWOOD,06 2 HOLLY GROVE,0006,0006,1.0,code_token_name,high,0.993
2000,2000,HAYWOOD,07 1 SUNNY HILL,0007,0007,1.0,code_token_name,high,0.993
2000,2000,HAYWOOD,07 2 UNION,0007,0007,1.0,code_token_name,high,0.993
2000,2000,HAYWOOD,08 1 DOUGLAS SCHO,0008,0008,1.0,code_token_name,high,0.993
2000,2000,HAYWOOD,08 2 KOKO,0008,0008,1.0,code_token_name,high,0.993
2000,2000,HAYWOOD,08 3 STANTON HEAD,0008,0008,1.0,code_token_name,high,0.993
2000,2000,HAYWOOD,09 1 STANTON FIRE,0009,0009,1.0,code_token_name,high,0.993
2000,2000,HAYWOOD,09 2 COLL HILL CAFE,0009,0009,1.0,code_token_name,high,0.993
2000,2000,HAYWOOD,09 3 WEST HAYWOO,0009,0009,1.0,code_token_name,high,0.993
2000,2000,HAYWOOD,10 1 HAYWOOD JR H,0011,0011,1.0,code_token_name,high,0.993
2000,2000,HAYWOOD,10 2 ST PETER S CH,0011,0011,1.0,code_token_name,high,0.993
2000,2000,HENRY,1 1 PURYEAR,4128,004101,0.99970839,exact_name,high,1.0
2000,2000,HENRY,1 1 PURYEAR,4128,004107,0.00014893,exact_name,high,1.0
2000,2000,HENRY,1 1 PURYEAR,4128,004106,0.00013544,exact_name,high,1.0
2000,2000,HENRY,1 1 PURYEAR,4128,004104,7.23e-06,exact_name,high,1.0
2000,2000,HENRY,1 2 COTTAGE GROVE,4096,004106,0.99985061,exact_name,high,1.0
2000,2000,HENRY,1 2 COTTAGE GROVE,4096,004101,0.00013242,exact_name,high,1.0
2000,2000,HENRY,1 2 COTTAGE GROVE,4096,004108,1.697e-05,exact_name,high,1.0
2000,2000,HENRY,1 3 BUCHANAN,4088,004107,0.96091384,exact_name,high,1.0
2000,2000,HENRY,1 3 BUCHANAN,4088,004112,0.03872429,exact_name,high,1.0
2000,2000,HENRY,1 3 BUCHANAN,4088,004101,0.00026933,exact_name,high,1.0
2000,2000,HENRY,1 3 BUCHANAN,4088,004103,9.254e-05,exact_name,high,1.0
2000,2000,HENRY,2 1 HENRY,4104,004108,0.96630774,exact_name,high,1.0
2000,2000,HENRY,2 1 HENRY,4104,004106,0.03164335,exact_name,high,1.0
2000,2000,HENRY,2 1 HENRY,4104,004102,0.00204678,exact_name,high,1.0
2000,2000,HENRY,2 1 HENRY,4104,004110,2.13e-06,exact_name,high,1.0
2000,2000,HENRY,2 3 MANSFIELD,4124,004102,0.6631859,exact_name,high,1.0
2000,2000,HENRY,2 3 MANSFIELD,4124,004113,0.33669904,exact_name,high,1.0
2000,2000,HENRY,2 3 MANSFIELD,4124,004108,0.00011506,exact_name,high,1.0
2000,2000,HENRY,2 4 OAKLAND,4112,004113,0.62289488,exact_name,high,1.0
2000,2000,HENRY,2 4 OAKLAND,4112,004102,0.35004548,exact_name,high,1.0
2000,2000,HENRY,2 4 OAKLAND,4112,004105,0.02309825,exact_name,high,1.0
2000,2000,HENRY,2 4 OAKLAND,4112,004103,0.00381214,exact_name,high,1.0
2000,2000,HENRY,2 4 OAKLAND,4112,004108,0.00011277,exact_name,high,1.0
2000,2000,HENRY,2 4 OAKLAND,4112,004111,3.648e-05,exact_name,high,1.0
2000,2000,HENRY,3 1 RUSSWOOD,4116,004112,0.99960983,exact_name,high,1.0
2000,2000,HENRY,3 1 RUSSWOOD,4116,004103,0.00020166,exact_name,high,1.0
2000,2000,HENRY,3 1 RUSSWOOD,4116,004107,0.00018851,exact_name,high,1.0
2000,2000,HENRY,3 2 VFW,4136,004103,0.92087967,exact_name,high,1.0
2000,2000,HENRY,3 2 VFW,4136,004107,0.04225076,exact_name,high,1.0
2000,2000,HENRY,3 2 VFW,4136,004105,0.03616658,exact_name,high,1.0
2000,2000,HENRY,3 2 VFW,4136,004112,0.0004023,exact_name,high,1.0
2000,2000,HENRY,3 2 VFW,4136,004113,0.00024636,exact_name,high,1.0
2000,2000,HENRY,3 2 VFW,4136,004104,4.197e-05,exact_name,high,1.0
2000,2000,HENRY,3 2 VFW,4136,004111,1.237e-05,exact_name,high,1.0
2000,2000,HENRY,3 3 SPRINGVILLE,4132,004111,0.71636856,exact_name,high,1.0
2000,2000,HENRY,3 3 SPRINGVILLE,4132,004103,0.24719752,exact_name,high,1.0
2000,2000,HENRY,3 3 SPRINGVILLE,4132,004113,0.03639754,exact_name,high,1.0
2000,2000,HENRY,3 3 SPRINGVILLE,4132,004112,3.638e-05,exact_name,high,1.0
2000,2000,HENRY,4 1 LEE SCH,4092,004104,0.50469433,code_token_name,high,0.993
2000,2000,HENRY,4 1 LEE SCH,4092,004107,0.19979254,code_token_name,high,0.993
2000,2000,HENRY,4 1 LEE SCH,4092,004101,0.15719257,code_token_name,high,0.993
2000,2000,HENRY,4 1 LEE SCH,4092,004105,0.11427827,code_token_name,high,0.993
2000,2000,HENRY,4 1 LEE SCH,4092,004103,0.01210621,code_token_name,high,0.993
2000,2000,HENRY,4 1 LEE SCH,4092,004110,0.01193608,code_token_name,high,0.993
2000,2000,HENRY,4 1 LEE SCH,4092,004106,0.0,code_token_name,high,0.993
2000,2000,HENRY,4 3 CITY HALL,4092,004104,0.50469433,exact_name,high,1.0
2000,2000,HENRY,4 3 CITY HALL,4092,004107,0.19979254,exact_name,high,1.0
2000,2000,HENRY,4 3 CITY HALL,4092,004101,0.15719257,exact_name,high,1.0
2000,2000,HENRY,4 3 CITY HALL,4092,004105,0.11427827,exact_name,high,1.0
2000,2000,HENRY,4 3 CITY HALL,4092,004103,0.01210621,exact_name,high,1.0
2000,2000,HENRY,4 3 CITY HALL,4092,004110,0.01193608,exact_name,high,1.0
2000,2000,HENRY,4 3 CITY HALL,4092,004106,0.0,exact_name,high,1.0
2000,2000,HENRY,5 2 GROVE,4100,004108,0.59178774,exact_name,high,1.0
2000,2000,HENRY,5 2 GROVE,4100,004106,0.18727937,exact_name,high,1.0
2000,2000,HENRY,5 2 GROVE,4100,004110,0.11893263,exact_name,high,1.0
2000,2000,HENRY,5 2 GROVE,4100,004105,0.08921402,exact_name,high,1.0
2000,2000,HENRY,5 2 GROVE,4100,004109,0.00904573,exact_name,high,1.0
2000,2000,HENRY,5 2 GROVE,4100,004102,0.00374042,exact_name,high,1.0
2000,2000,HENRY,5 2 GROVE,4100,004104,9e-08,exact_name,high,1.0
2000,2000,HENRY,5 4 ATKINS PORTER,4084,004104,0.47657688,prefix_name,high,0.995
2000,2000,HENRY,5 4 ATKINS PORTER,4084,004105,0.42475195,prefix_name,high,0.995
2000,2000,HENRY,5 4 ATKINS PORTER,4084,004109,0.05708456,prefix_name,high,0.995
2000,2000,HENRY,5 4 ATKINS PORTER,4084,004110,0.04158661,prefix_name,high,0.995
2000,2000,HENRY,6 5 HENRY CO HIGH,4108,004105,0.77463619,code_token_name,high,0.993
2000,2000,HENRY,6 5 HENRY CO HIGH,4108,004113,0.16451511,code_token_name,high,0.993
2000,2000,HENRY,6 5 HENRY CO HIGH,4108,004109,0.05597593,code_token_name,high,0.993
2000,2000,HENRY,6 5 HENRY CO HIGH,4108,004102,0.00487277,code_token_name,high,0.993
2000,2000,HENRY,6 6 VOCATIONAL SC,4108,004105,0.77463619,code_token_name,high,0.993
2000,2000,HENRY,6 6 VOCATIONAL SC,4108,004113,0.16451511,code_token_name,high,0.993
2000,2000,HENRY,6 6 VOCATIONAL SC,4108,004109,0.05597593,code_token_name,high,0.993
2000,2000,HENRY,6 6 VOCATIONAL SC,4108,004102,0.00487277,code_token_name,high,0.993
2000,2000,HICKMAN,01 1 ONLY,4157,004212,0.99940698,exact_name,high,1.0
2000,2000,HICKMAN,01 1 ONLY,4157,004214,0.00052781,exact_name,high,1.0
2000,2000,HICKMAN,01 1 ONLY,4157,004213,6.521e-05,exact_name,high,1.0
2000,2000,HICKMAN,01 2 NUNNELLY 1,4156,004212,0.52219207,code_token_name,high,0.993
2000,2000,HICKMAN,01 2 NUNNELLY 1,4156,004213,0.46544928,code_token_name,high,0.993
2000,2000,HICKMAN,01 2 NUNNELLY 1,4156,004209,0.01230422,code_token_name,high,0.993
2000,2000,HICKMAN,01 2 NUNNELLY 1,4156,004205,5.443e-05,code_token_name,high,0.993
2000,2000,HICKMAN,02 1 NUNNELLY 2,4160,004212,0.67460812,code_token_name,high,0.993
2000,2000,HICKMAN,02 1 NUNNELLY 2,4160,004205,0.22951799,code_token_name,high,0.993
2000,2000,HICKMAN,02 1 NUNNELLY 2,4160,004201,0.09144759,code_token_name,high,0.993
2000,2000,HICKMAN,02 1 NUNNELLY 2,4160,004209,0.00430654,code_token_name,high,0.993
2000,2000,HICKMAN,02 1 NUNNELLY 2,4160,004204,8.6e-05,code_token_name,high,0.993
2000,2000,HICKMAN,02 1 NUNNELLY 2,4160,004207,3.292e-05,code_token_name,high,0.993
2000,2000,HICKMAN,02 1 NUNNELLY 2,4160,004213,8.4e-07,code_token_name,high,0.993
2000,2000,HICKMAN,02 2 PATTON S PARK,4164,004202,0.64097814,exact_name,high,1.0
2000,2000,HICKMAN,02 2 PATTON S PARK,4164,004204,0.35667309,exact_name,high,1.0
2000,2000,HICKMAN,02 2 PATTON S PARK,4164,004205,0.0017311,exact_name,high,1.0
2000,2000,HICKMAN,02 2 PATTON S PARK,4164,004201,0.00061767,exact_name,high,1.0
2000,2000,HICKMAN,02 3 PINEWOOD,4168,004201,0.95150545,exact_name,high,1.0
2000,2000,HICKMAN,02 3 PINEWOOD,4168,004205,0.0460847,exact_name,high,1.0
2000,2000,HICKMAN,02 3 PINEWOOD,4168,004202,0.00211208,exact_name,high,1.0
2000,2000,HICKMAN,02 3 PINEWOOD,4168,004212,0.00029776,exact_name,high,1.0
2000,2000,HICKMAN,03 1 EAST SCHOOL,4172,004202,0.96903148,exact_name,high,1.0
2000,2000,HICKMAN,03 1 EAST SCHOOL,4172,004201,0.0200169,exact_name,high,1.0
2000,2000,HICKMAN,03 1 EAST SCHOOL,4172,004204,0.01082749,exact_name,high,1.0
2000,2000,HICKMAN,03 1 EAST SCHOOL,4172,004203,0.00012413,exact_name,high,1.0
2000,2000,HICKMAN,04 1 FOX HUNTERS,4176,004203,0.9128549,exact_name,high,1.0
2000,2000,HICKMAN,04 1 FOX HUNTERS,4176,004204,0.08700141,exact_name,high,1.0
2000,2000,HICKMAN,04 1 FOX HUNTERS,4176,004206,0.00010681,exact_name,high,1.0
2000,2000,HICKMAN,04 1 FOX HUNTERS,4176,004202,3.687e-05,exact_name,high,1.0
2000,2000,HICKMAN,05 1 WRIGLEY,4180,004204,0.51883815,exact_name,high,1.0
2000,2000,HICKMAN,05 1 WRIGLEY,4180,004205,0.47924698,exact_name,high,1.0
2000,2000,HICKMAN,05 1 WRIGLEY,4180,004207,0.00180951,exact_name,high,1.0
2000,2000,HICKMAN,05 1 WRIGLEY,4180,004206,0.0001008,exact_name,high,1.0
2000,2000,HICKMAN,05 1 WRIGLEY,4180,004202,4.56e-06,exact_name,high,1.0
2000,2000,HICKMAN,05 2 MIDDLE SCHOO,4180,004204,0.51883815,code_token_name,high,0.993
2000,2000,HICKMAN,05 2 MIDDLE SCHOO,4180,004205,0.47924698,code_token_name,high,0.993
2000,2000,HICKMAN,05 2 MIDDLE SCHOO,4180,004207,0.00180951,code_token_name,high,0.993
2000,2000,HICKMAN,05 2 MIDDLE SCHOO,4180,004206,0.0001008,code_token_name,high,0.993
2000,2000,HICKMAN,05 2 MIDDLE SCHOO,4180,004202,4.56e-06,code_token_name,high,0.993
2000,2000,HICKMAN,06 1 SENIOR HIGH,4184,004209,0.94583396,exact_name,high,1.0
2000,2000,HICKMAN,06 1 SENIOR HIGH,4184,004213,0.0314629,exact_name,high,1.0
2000,2000,HICKMAN,06 1 SENIOR HIGH,4184,004207,0.02184398,exact_name,high,1.0
2000,2000,HICKMAN,06 1 SENIOR HIGH,4184,004205,0.00085916,exact_name,high,1.0
2000,2000,HICKMAN,07 1 CENTERVILLE E,4188,004209,0.90405674,code_token_name,high,0.993
2000,2000,HICKMAN,07 1 CENTERVILLE E,4188,004213,0.06955793,code_token_name,high,0.993
2000,2000,HICKMAN,07 1 CENTERVILLE E,4188,004210,0.02341332,code_token_name,high,0.993
2000,2000,HICKMAN,07 1 CENTERVILLE E,4188,004207,0.00297201,code_token_name,high,0.993
2000,2000,HICKMAN,08 1 COBLE,4152,004214,0.68613428,exact_name,high,1.0
2000,2000,HICKMAN,08 1 COBLE,4152,004211,0.13083783,exact_name,high,1.0
2000,2000,HICKMAN,08 1 COBLE,4152,004213,0.11612942,exact_name,high,1.0
2000,2000,HICKMAN,08 1 COBLE,4152,004210,0.0626642,exact_name,high,1.0
2000,2000,HICKMAN,08 1 COBLE,4152,004209,0.00381532,exact_name,high,1.0
2000,2000,HICKMAN,08 1 COBLE,4152,004212,0.00041895,exact_name,high,1.0
2000,2000,HICKMAN,08 2 PLEASANTVILLE,4153,004211,0.90661037,exact_name,high,1.0
2000,2000,HICKMAN,08 2 PLEASANTVILLE,4153,004210,0.09319436,exact_name,high,1.0
2000,2000,HICKMAN,08 2 PLEASANTVILLE,4153,004214,0.00019527,exact_name,high,1.0
2000,2000,HICKMAN,08 3 BRUSHY,4148,004210,0.92715919,exact_name,high,1.0
2000,2000,HICKMAN,08 3 BRUSHY,4148,004214,0.07227067,exact_name,high,1.0
2000,2000,HICKMAN,08 3 BRUSHY,4148,004211,0.00054709,exact_name,high,1.0
2000,2000,HICKMAN,08 3 BRUSHY,4148,004209,2.305e-05,exact_name,high,1.0
2000,2000,HICKMAN,09 1 MT PLEASANT,4195,004206,0.60518981,prefix_name,high,0.995
2000,2000,HICKMAN,09 1 MT PLEASANT,4195,004208,0.38427728,prefix_name,high,0.995
2000,2000,HICKMAN,09 1 MT PLEASANT,4195,004204,0.0099469,prefix_name,high,0.995
2000,2000,HICKMAN,09 1 MT PLEASANT,4195,004207,0.000586,prefix_name,high,0.995
2000,2000,HICKMAN,09 2 EAST BANK,4194,004204,0.38054287,exact_name,high,1.0
2000,2000,HICKMAN,09 2 EAST BANK,4194,004206,0.35138786,exact_name,high,1.0
2000,2000,HICKMAN,09 2 EAST BANK,4194,004203,0.26806906,exact_name,high,1.0
2000,2000,HICKMAN,09 2 EAST BANK,4194,004202,2.1e-07,exact_name,high,1.0
2000,2000,HICKMAN,10 1 SHADY GROVE,4200,004210,0.5078452,exact_name,high,1.0
2000,2000,HICKMAN,10 1 SHADY GROVE,4200,004208,0.4921548,exact_name,high,1.0
2000,2000,HICKMAN,10 2 BRUSHY,4147,004210,1.0,exact_name,high,1.0
2000,2000,HICKMAN,10 3 ARMORY,4192,004210,0.40731289,exact_name,high,1.0
2000,2000,HICKMAN,10 3 ARMORY,4192,004208,0.38817779,exact_name,high,1.0
2000,2000,HICKMAN,10 3 ARMORY,4192,004207,0.1932862,exact_name,high,1.0
2000,2000,HICKMAN,10 3 ARMORY,4192,004209,0.01122312,exact_name,high,1.0
2000,2000,HOUSTON,01 STEWART COMM,0001,0001,1.0,token_vtd,high,1.0
2000,2000,HOUSTON,02 ARMORY,0002,0002,1.0,token_vtd,high,1.0
2000,2000,HOUSTON,03 ERIN CITY HALL,0003,0003,1.0,token_vtd,high,1.0
2000,2000,HOUSTON,04 SENIOR CITIZENS,0004,0004,1.0,token_vtd,high,1.0
2000,2000,HOUSTON,05 ERIN ELEMENTA,0005,0005,1.0,code_token_name,high,0.993
2000,2000,HOUSTON,06 HOUSTON H S,0006,0006,1.0,token_vtd,high,1.0
2000,2000,HOUSTON,07 SPRING HILL CHU,0007,0007,1.0,token_vtd,high,1.0
2000,2000,HUMPHREYS,01 01 NEW JOHNSON,4240,004408,0.86500845,code_token_name,high,0.993
2000,2000,HUMPHREYS,01 01 NEW JOHNSON,4240,004402,0.09515661,code_token_name,high,0.993
2000,2000,HUMPHREYS,01 01 NEW JOHNSON,4240,004404,0.03983494,code_token_name,high,0.993
2000,2000,HUMPHREYS,01 02 NATL GRD ARM,4240,004408,0.86500845,code_token_name,high,0.993
2000,2000,HUMPHREYS,01 02 NATL GRD ARM,4240,004402,0.09515661,code_token_name,high,0.993
2000,2000,HUMPHREYS,01 02 NATL GRD ARM,4240,004404,0.03983494,code_token_name,high,0.993
2000,2000,HUMPHREYS,01 03 HILLCREST,4240,004408,0.86500845,code_token_name,high,0.993
2000,2000,HUMPHREYS,01 03 HILLCREST,4240,004402,0.09515661,code_token_name,high,0.993
2000,2000,HUMPHREYS,01 03 HILLCREST,4240,004404,0.03983494,code_token_name,high,0.993
2000,2000,HUMPHREYS,01 04 ELIZABETH,4240,004408,0.86500845,code_token_name,high,0.993
2000,2000,HUMPHREYS,01 04 ELIZABETH,4240,004402,0.09515661,code_token_name,high,0.993
2000,2000,HUMPHREYS,01 04 ELIZABETH,4240,004404,0.03983494,code_token_name,high,0.993
2000,2000,HUMPHREYS,02 05 JR HIGH SCHO,4256,004401,0.99612314,code_token_name,high,0.993
2000,2000,HUMPHREYS,02 05 JR HIGH SCHO,4256,004403,0.00288936,code_token_name,high,0.993
2000,2000,HUMPHREYS,02 05 JR HIGH SCHO,4256,004404,0.0009875,code_token_name,high,0.993
2000,2000,HUMPHREYS,03 06 COURTHOUSE,4260,004403,0.8439207,code_token_name,high,0.993
2000,2000,HUMPHREYS,03 06 COURTHOUSE,4260,004404,0.12233348,code_token_name,high,0.993
2000,2000,HUMPHREYS,03 06 COURTHOUSE,4260,004402,0.01780099,code_token_name,high,0.993
2000,2000,HUMPHREYS,03 06 COURTHOUSE,4260,004405,0.00902838,code_token_name,high,0.993
2000,2000,HUMPHREYS,03 06 COURTHOUSE,4260,004401,0.00691645,code_token_name,high,0.993
2000,2000,HUMPHREYS,04 07 LAKEVIEW SCH,4264,004402,0.87719105,code_token_name,high,0.993
2000,2000,HUMPHREYS,04 07 LAKEVIEW SCH,4264,004408,0.12280895,code_token_name,high,0.993
2000,2000,HUMPHREYS,04 08 PLANT,4264,004402,0.87719105,code_token_name,high,0.993
2000,2000,HUMPHREYS,04 08 PLANT,4264,004408,0.12280895,code_token_name,high,0.993
2000,2000,HUMPHREYS,04 09 HUSTBURG,4264,004402,0.87719105,code_token_name,high,0.993
2000,2000,HUMPHREYS,04 09 HUSTBURG,4264,004408,0.12280895,code_token_name,high,0.993
2000,2000,HUMPHREYS,05 10 AG CENTER,4276,004405,0.85055164,code_token_name,high,0.993
2000,2000,HUMPHREYS,05 10 AG CENTER,4276,004403,0.14914663,code_token_name,high,0.993
2000,2000,HUMPHREYS,05 10 AG CENTER,4276,004402,0.00022015,code_token_name,high,0.993
2000,2000,HUMPHREYS,05 10 AG CENTER,4276,004406,7.771e-05,code_token_name,high,0.993
2000,2000,HUMPHREYS,05 10 AG CENTER,4276,004401,3.87e-06,code_token_name,high,0.993
2000,2000,HUMPHREYS,05 11 HURRICANE MI,4276,004405,0.85055164,code_token_name,high,0.993
2000,2000,HUMPHREYS,05 11 HURRICANE MI,4276,004403,0.14914663,code_token_name,high,0.993
2000,2000,HUMPHREYS,05 11 HURRICANE MI,4276,004402,0.00022015,code_token_name,high,0.993
2000,2000,HUMPHREYS,05 11 HURRICANE MI,4276,004406,7.771e-05,code_token_name,high,0.993
2000,2000,HUMPHREYS,05 11 HURRICANE MI,4276,004401,3.87e-06,code_token_name,high,0.993
2000,2000,HUMPHREYS,05 12 BUFFALO,4276,004405,0.85055164,code_token_name,high,0.993
2000,2000,HUMPHREYS,05 12 BUFFALO,4276,004403,0.14914663,code_token_name,high,0.993
2000,2000,HUMPHREYS,05 12 BUFFALO,4276,004402,0.00022015,code_token_name,high,0.993
2000,2000,HUMPHREYS,05 12 BUFFALO,4276,004406,7.771e-05,code_token_name,high,0.993
2000,2000,HUMPHREYS,05 12 BUFFALO,4276,004401,3.87e-06,code_token_name,high,0.993
2000,2000,HUMPHREYS,05 13 BAKERVILLE,4276,004405,0.85055164,code_token_name,high,0.993
2000,2000,HUMPHREYS,05 13 BAKERVILLE,4276,004403,0.14914663,code_token_name,high,0.993
2000,2000,HUMPHREYS,05 13 BAKERVILLE,4276,004402,0.00022015,code_token_name,high,0.993
2000,2000,HUMPHREYS,05 13 BAKERVILLE,4276,004406,7.771e-05,code_token_name,high,0.993
2000,2000,HUMPHREYS,05 13 BAKERVILLE,4276,004401,3.87e-06,code_token_name,high,0.993
2000,2000,HUMPHREYS,06 14 SOUTH MCEWE,4292,004406,0.86468455,code_token_name,high,0.993
2000,2000,HUMPHREYS,06 14 SOUTH MCEWE,4292,004405,0.05902585,code_token_name,high,0.993
2000,2000,HUMPHREYS,06 14 SOUTH MCEWE,4292,004407,0.05020984,code_token_name,high,0.993
2000,2000,HUMPHREYS,06 14 SOUTH MCEWE,4292,004403,0.02607622,code_token_name,high,0.993
2000,2000,HUMPHREYS,06 14 SOUTH MCEWE,4292,004401,3.53e-06,code_token_name,high,0.993
2000,2000,HUMPHREYS,06 15 POPLAR GROV,4292,004406,0.86468455,code_token_name,high,0.993
2000,2000,HUMPHREYS,06 15 POPLAR GROV,4292,004405,0.05902585,code_token_name,high,0.993
2000,2000,HUMPHREYS,06 15 POPLAR GROV,4292,004407,0.05020984,code_token_name,high,0.993
2000,2000,HUMPHREYS,06 15 POPLAR GROV,4292,004403,0.02607622,code_token_name,high,0.993
2000,2000,HUMPHREYS,06 15 POPLAR GROV,4292,004401,3.53e-06,code_token_name,high,0.993
2000,2000,HUMPHREYS,07 16 NORTH MCEWE,4304,004407,0.73819313,code_token_name,high,0.993
2000,2000,HUMPHREYS,07 16 NORTH MCEWE,4304,004404,0.16943862,code_token_name,high,0.993
2000,2000,HUMPHREYS,07 16 NORTH MCEWE,4304,004401,0.09226225,code_token_name,high,0.993
2000,2000,HUMPHREYS,07 16 NORTH MCEWE,4304,004406,7.472e-05,code_token_name,high,0.993
2000,2000,HUMPHREYS,07 16 NORTH MCEWE,4304,004403,3.128e-05,code_token_name,high,0.993
2000,2000,HUMPHREYS,07 17 OAK GROVE,4304,004407,0.73819313,code_token_name,high,0.993
2000,2000,HUMPHREYS,07 17 OAK GROVE,4304,004404,0.16943862,code_token_name,high,0.993
2000,2000,HUMPHREYS,07 17 OAK GROVE,4304,004401,0.09226225,code_token_name,high,0.993
2000,2000,HUMPHREYS,07 17 OAK GROVE,4304,004406,7.472e-05,code_token_name,high,0.993
2000,2000,HUMPHREYS,07 17 OAK GROVE,4304,004403,3.128e-05,code_token_name,high,0.993
2000,2000,JACKSON,01 1,4310,004507,0.99501664,code_token_name,high,0.993
2000,2000,JACKSON,01 1,4310,004508,0.00398357,code_token_name,high,0.993
2000,2000,JACKSON,01 1,4310,004506,0.00072331,code_token_name,high,0.993
2000,2000,JACKSON,01 1,4310,004504,0.00027648,code_token_name,high,0.993
2000,2000,JACKSON,01 2,4310,004507,0.99501664,code_token_name,high,0.993
2000,2000,JACKSON,01 2,4310,004508,0.00398357,code_token_name,high,0.993
2000,2000,JACKSON,01 2,4310,004506,0.00072331,code_token_name,high,0.993
2000,2000,JACKSON,01 2,4310,004504,0.00027648,code_token_name,high,0.993
2000,2000,JACKSON,01 3,4310,004507,0.99501664,code_token_name,high,0.993
2000,2000,JACKSON,01 3,4310,004508,0.00398357,code_token_name,high,0.993
2000,2000,JACKSON,01 3,4310,004506,0.00072331,code_token_name,high,0.993
2000,2000,JACKSON,01 3,4310,004504,0.00027648,code_token_name,high,0.993
2000,2000,JACKSON,02 1,4318,004502,0.99228602,code_token_name,high,0.993
2000,2000,JACKSON,02 1,4318,004508,0.00658674,code_token_name,high,0.993
2000,2000,JACKSON,02 1,4318,004509,0.0005586,code_token_name,high,0.993
2000,2000,JACKSON,02 1,4318,004501,0.00043035,code_token_name,high,0.993
2000,2000,JACKSON,02 1,4318,004507,0.0001383,code_token_name,high,0.993
2000,2000,JACKSON,02 2,4318,004502,0.99228602,code_token_name,high,0.993
2000,2000,JACKSON,02 2,4318,004508,0.00658674,code_token_name,high,0.993
2000,2000,JACKSON,02 2,4318,004509,0.0005586,code_token_name,high,0.993
2000,2000,JACKSON,02 2,4318,004501,0.00043035,code_token_name,high,0.993
2000,2000,JACKSON,02 2,4318,004507,0.0001383,code_token_name,high,0.993
2000,2000,JACKSON,03 1,4326,004504,0.75142259,code_token_name,high,0.993
2000,2000,JACKSON,03 1,4326,004507,0.2472289,code_token_name,high,0.993
2000,2000,JACKSON,03 1,4326,004511,0.00046603,code_token_name,high,0.993
2000,2000,JACKSON,03 1,4326,004506,0.00036756,code_token_name,high,0.993
2000,2000,JACKSON,03 1,4326,004509,0.00032515,code_token_name,high,0.993
2000,2000,JACKSON,03 1,4326,004510,0.00017107,code_token_name,high,0.993
2000,2000,JACKSON,03 1,4326,004512,1.871e-05,code_token_name,high,0.993
2000,2000,JACKSON,03 2,4326,004504,0.75142259,code_token_name,high,0.993
2000,2000,JACKSON,03 2,4326,004507,0.2472289,code_token_name,high,0.993
2000,2000,JACKSON,03 2,4326,004511,0.00046603,code_token_name,high,0.993
2000,2000,JACKSON,03 2,4326,004506,0.00036756,code_token_name,high,0.993
2000,2000,JACKSON,03 2,4326,004509,0.00032515,code_token_name,high,0.993
2000,2000,JACKSON,03 2,4326,004510,0.00017107,code_token_name,high,0.993
2000,2000,JACKSON,03 2,4326,004512,1.871e-05,code_token_name,high,0.993
2000,2000,JACKSON,04 1,4334,004511,0.51523998,code_token_name,high,0.993
2000,2000,JACKSON,04 1,4334,004505,0.48420322,code_token_name,high,0.993
2000,2000,JACKSON,04 1,4334,004506,0.0005568,code_token_name,high,0.993
2000,2000,JACKSON,04 2,4334,004511,0.51523998,code_token_name,high,0.993
2000,2000,JACKSON,04 2,4334,004505,0.48420322,code_token_name,high,0.993
2000,2000,JACKSON,04 2,4334,004506,0.0005568,code_token_name,high,0.993
2000,2000,JACKSON,04 3,4334,004511,0.51523998,code_token_name,high,0.993
2000,2000,JACKSON,04 3,4334,004505,0.48420322,code_token_name,high,0.993
2000,2000,JACKSON,04 3,4334,004506,0.0005568,code_token_name,high,0.993
2000,2000,JACKSON,05 1,4346,004505,0.99923511,code_token_name,high,0.993
2000,2000,JACKSON,05 1,4346,004506,0.00045914,code_token_name,high,0.993
2000,2000,JACKSON,05 1,4346,004511,0.00018627,code_token_name,high,0.993
2000,2000,JACKSON,05 1,4346,004503,0.00011948,code_token_name,high,0.993
2000,2000,JACKSON,05 2,4346,004505,0.99923511,code_token_name,high,0.993
2000,2000,JACKSON,05 2,4346,004506,0.00045914,code_token_name,high,0.993
2000,2000,JACKSON,05 2,4346,004511,0.00018627,code_token_name,high,0.993
2000,2000,JACKSON,05 2,4346,004503,0.00011948,code_token_name,high,0.993
2000,2000,JACKSON,05 3,4346,004505,0.99923511,code_token_name,high,0.993
2000,2000,JACKSON,05 3,4346,004506,0.00045914,code_token_name,high,0.993
2000,2000,JACKSON,05 3,4346,004511,0.00018627,code_token_name,high,0.993
2000,2000,JACKSON,05 3,4346,004503,0.00011948,code_token_name,high,0.993
2000,2000,JACKSON,06 1,4358,004503,0.99932594,code_token_name,high,0.993
2000,2000,JACKSON,06 1,4358,004501,0.00037194,code_token_name,high,0.993
2000,2000,JACKSON,06 1,4358,004506,0.00019978,code_token_name,high,0.993
2000,2000,JACKSON,06 1,4358,004505,0.00010234,code_token_name,high,0.993
2000,2000,JACKSON,06 2,4358,004503,0.99932594,code_token_name,high,0.993
2000,2000,JACKSON,06 2,4358,004501,0.00037194,code_token_name,high,0.993
2000,2000,JACKSON,06 2,4358,004506,0.00019978,code_token_name,high,0.993
2000,2000,JACKSON,06 2,4358,004505,0.00010234,code_token_name,high,0.993
2000,2000,JACKSON,06 3,4358,004503,0.99932594,code_token_name,high,0.993
2000,2000,JACKSON,06 3,4358,004501,0.00037194,code_token_name,high,0.993
2000,2000,JACKSON,06 3,4358,004506,0.00019978,code_token_name,high,0.993
2000,2000,JACKSON,06 3,4358,004505,0.00010234,code_token_name,high,0.993
2000,2000,JACKSON,06 4,4358,004503,0.99932594,code_token_name,high,0.993
2000,2000,JACKSON,06 4,4358,004501,0.00037194,code_token_name,high,0.993
2000,2000,JACKSON,06 4,4358,004506,0.00019978,code_token_name,high,0.993
2000,2000,JACKSON,06 4,4358,004505,0.00010234,code_token_name,high,0.993
2000,2000,JEFFERSON,01 DANDRIDGE ELEM,4408,004604,0.82961897,code_token_name,high,0.993
2000,2000,JEFFERSON,01 DANDRIDGE ELEM,4408,004606,0.10209646,code_token_name,high,0.993
2000,2000,JEFFERSON,01 DANDRIDGE ELEM,4408,004603,0.06758131,code_token_name,high,0.993
2000,2000,JEFFERSON,01 DANDRIDGE ELEM,4408,004601,0.00030928,code_token_name,high,0.993
2000,2000,JEFFERSON,01 DANDRIDGE ELEM,4408,004611,0.00019136,code_token_name,high,0.993
2000,2000,JEFFERSON,01 DANDRIDGE ELEM,4408,004610,0.00015499,code_token_name,high,0.993
2000,2000,JEFFERSON,01 DANDRIDGE ELEM,4408,004609,4.764e-05,code_token_name,high,0.993
2000,2000,JEFFERSON,02 PIEDMONT,4424,004601,0.68146862,exact_name,high,1.0
2000,2000,JEFFERSON,02 PIEDMONT,4424,004608,0.20734448,exact_name,high,1.0
2000,2000,JEFFERSON,02 PIEDMONT,4424,004606,0.11066273,exact_name,high,1.0
2000,2000,JEFFERSON,02 PIEDMONT,4424,004604,0.00019669,exact_name,high,1.0
2000,2000,JEFFERSON,02 PIEDMONT,4424,004607,0.00016415,exact_name,high,1.0
2000,2000,JEFFERSON,02 PIEDMONT,4424,004609,0.00016333,exact_name,high,1.0
2000,2000,JEFFERSON,03 WHITE PINE SCHO,4436,004603,0.99977963,code_token_name,high,0.993
2000,2000,JEFFERSON,03 WHITE PINE SCHO,4436,004610,0.00012808,code_token_name,high,0.993
2000,2000,JEFFERSON,03 WHITE PINE SCHO,4436,004611,7.085e-05,code_token_name,high,0.993
2000,2000,JEFFERSON,03 WHITE PINE SCHO,4436,004604,2.144e-05,code_token_name,high,0.993
2000,2000,JEFFERSON,04 JEFFERSON ELEM,4412,004602,0.97381614,code_token_name,high,0.993
2000,2000,JEFFERSON,04 JEFFERSON ELEM,4412,004605,0.02508628,code_token_name,high,0.993
2000,2000,JEFFERSON,04 JEFFERSON ELEM,4412,004608,0.00109758,code_token_name,high,0.993
2000,2000,JEFFERSON,05 JEFFERSON MID,4416,004606,0.77851466,code_token_name,high,0.993
2000,2000,JEFFERSON,05 JEFFERSON MID,4416,004602,0.20591943,code_token_name,high,0.993
2000,2000,JEFFERSON,05 JEFFERSON MID,4416,004605,0.01448431,code_token_name,high,0.993
2000,2000,JEFFERSON,05 JEFFERSON MID,4416,004610,0.00065624,code_token_name,high,0.993
2000,2000,JEFFERSON,05 JEFFERSON MID,4416,004608,0.00036553,code_token_name,high,0.993
2000,2000,JEFFERSON,05 JEFFERSON MID,4416,004601,5.983e-05,code_token_name,high,0.993
2000,2000,JEFFERSON,06 RUSH STRONG,4428,004607,0.99917731,prefix_name,high,0.995
2000,2000,JEFFERSON,06 RUSH STRONG,4428,004608,0.00082269,prefix_name,high,0.995
2000,2000,JEFFERSON,07 NEW MARKET SC,4420,004608,0.97615853,code_token_name,high,0.993
2000,2000,JEFFERSON,07 NEW MARKET SC,4420,004606,0.02158736,code_token_name,high,0.993
2000,2000,JEFFERSON,07 NEW MARKET SC,4420,004607,0.00183443,code_token_name,high,0.993
2000,2000,JEFFERSON,07 NEW MARKET SC,4420,004602,0.00041969,code_token_name,high,0.993
2000,2000,JEFFERSON,08 CHESTNUT,4400,004609,0.98157736,prefix_name,high,0.995
2000,2000,JEFFERSON,08 CHESTNUT,4400,004611,0.01816373,prefix_name,high,0.995
2000,2000,JEFFERSON,08 CHESTNUT,4400,004601,0.00024421,prefix_name,high,0.995
2000,2000,JEFFERSON,08 CHESTNUT,4400,004604,1.47e-05,prefix_name,high,0.995
2000,2000,JEFFERSON,08 OLD SWANNSYLV,4400,004609,0.98157736,code_token_name,high,0.993
2000,2000,JEFFERSON,08 OLD SWANNSYLV,4400,004611,0.01816373,code_token_name,high,0.993
2000,2000,JEFFERSON,08 OLD SWANNSYLV,4400,004601,0.00024421,code_token_name,high,0.993
2000,2000,JEFFERSON,08 OLD SWANNSYLV,4400,004604,1.47e-05,code_token_name,high,0.993
2000,2000,JEFFERSON,09 TALBOTT SCHOOL,4432,004610,0.99908394,exact_name,high,1.0
2000,2000,JEFFERSON,09 TALBOTT SCHOOL,4432,004606,0.00047373,exact_name,high,1.0
2000,2000,JEFFERSON,09 TALBOTT SCHOOL,4432,004603,0.00031506,exact_name,high,1.0
2000,2000,JEFFERSON,09 TALBOTT SCHOOL,4432,004602,9.737e-05,exact_name,high,1.0
2000,2000,JEFFERSON,09 TALBOTT SCHOOL,4432,004605,2.85e-05,exact_name,high,1.0
2000,2000,JEFFERSON,09 TALBOTT SCHOOL,4432,004604,1.4e-06,exact_name,high,1.0
2000,2000,JEFFERSON,10 CITY HLL JEFF CT,4404,004605,0.95740311,code_token_name,high,0.993
2000,2000,JEFFERSON,10 CITY HLL JEFF CT,4404,004610,0.04238466,code_token_name,high,0.993
2000,2000,JEFFERSON,10 CITY HLL JEFF CT,4404,004602,0.00021223,code_token_name,high,0.993
2000,2000,JOHNSON,01 LAUREL,4444,004704,0.99538315,exact_name,high,1.0
2000,2000,JOHNSON,01 LAUREL,4444,004708,0.0039765,exact_name,high,1.0
2000,2000,JOHNSON,01 LAUREL,4444,004706,0.00026319,exact_name,high,1.0
2000,2000,JOHNSON,01 LAUREL,4444,004701,0.00019474,exact_name,high,1.0
2000,2000,JOHNSON,01 LAUREL,4444,004707,0.00018242,exact_name,high,1.0
2000,2000,JOHNSON,02 SHOUNS,4452,004701,0.74330196,exact_name,high,1.0
2000,2000,JOHNSON,02 SHOUNS,4452,004703,0.25028168,exact_name,high,1.0
2000,2000,JOHNSON,02 SHOUNS,4452,004707,0.00524417,exact_name,high,1.0
2000,2000,JOHNSON,02 SHOUNS,4452,004710,0.0005785,exact_name,high,1.0
2000,2000,JOHNSON,02 SHOUNS,4452,004704,0.00044309,exact_name,high,1.0
2000,2000,JOHNSON,02 SHOUNS,4452,004705,0.0001506,exact_name,high,1.0
2000,2000,JOHNSON,03 TRADE,4460,004710,0.99891267,exact_name,high,1.0
2000,2000,JOHNSON,03 TRADE,4460,004701,0.00074441,exact_name,high,1.0
2000,2000,JOHNSON,03 TRADE,4460,004703,0.00034292,exact_name,high,1.0
2000,2000,JOHNSON,04 NEVA,4464,004703,0.70060378,exact_name,high,1.0
2000,2000,JOHNSON,04 NEVA,4464,004709,0.1483403,exact_name,high,1.0
2000,2000,JOHNSON,04 NEVA,4464,004710,0.13443469,exact_name,high,1.0
2000,2000,JOHNSON,04 NEVA,4464,004702,0.01643433,exact_name,high,1.0
2000,2000,JOHNSON,04 NEVA,4464,004705,0.0001869,exact_name,high,1.0
2000,2000,JOHNSON,05 DRY RUN,4468,004709,0.90463166,exact_name,high,1.0
2000,2000,JOHNSON,05 DRY RUN,4468,004703,0.09523034,exact_name,high,1.0
2000,2000,JOHNSON,05 DRY RUN,4468,004702,0.000138,exact_name,high,1.0
2000,2000,JOHNSON,06 BUTLER,4472,004702,0.89468146,exact_name,high,1.0
2000,2000,JOHNSON,06 BUTLER,4472,004705,0.10456853,exact_name,high,1.0
2000,2000,JOHNSON,06 BUTLER,4472,004709,0.00075001,exact_name,high,1.0
2000,2000,JOHNSON,07 DOE,4476,004705,0.80220111,exact_name,high,1.0
2000,2000,JOHNSON,07 DOE,4476,004708,0.10848361,exact_name,high,1.0
2000,2000,JOHNSON,07 DOE,4476,004706,0.08862324,exact_name,high,1.0
2000,2000,JOHNSON,07 DOE,4476,004707,0.00040028,exact_name,high,1.0
2000,2000,JOHNSON,07 DOE,4476,004709,0.00014788,exact_name,high,1.0
2000,2000,JOHNSON,07 DOE,4476,004703,0.00012333,exact_name,high,1.0
2000,2000,JOHNSON,07 DOE,4476,004702,2.056e-05,exact_name,high,1.0
2000,2000,JOHNSON,08A SHADY VALLEY,4484,004706,0.99960138,exact_name,high,1.0
2000,2000,JOHNSON,08A SHADY VALLEY,4484,004705,0.0001926,exact_name,high,1.0
2000,2000,JOHNSON,08A SHADY VALLEY,4484,004708,0.00015953,exact_name,high,1.0
2000,2000,JOHNSON,08A SHADY VALLEY,4484,004704,4.649e-05,exact_name,high,1.0
2000,2000,JOHNSON,08B SUTHERLAND,4488,004706,0.99966078,exact_name,high,1.0
2000,2000,JOHNSON,08B SUTHERLAND,4488,004704,0.00033922,exact_name,high,1.0
2000,2000,JOHNSON,09 COLD SPRINGS,4448,004708,0.99757909,exact_name,high,1.0
2000,2000,JOHNSON,09 COLD SPRINGS,4448,004704,0.00162986,exact_name,high,1.0
2000,2000,JOHNSON,09 COLD SPRINGS,4448,004706,0.00040011,exact_name,high,1.0
2000,2000,JOHNSON,09 COLD SPRINGS,4448,004707,0.00038932,exact_name,high,1.0
2000,2000,JOHNSON,09 COLD SPRINGS,4448,004705,1.62e-06,exact_name,high,1.0
2000,2000,JOHNSON,10 HIGH SCHOOL,4456,004707,0.9905498,exact_name,high,1.0
2000,2000,JOHNSON,10 HIGH SCHOOL,4456,004708,0.0058737,exact_name,high,1.0
2000,2000,JOHNSON,10 HIGH SCHOOL,4456,004701,0.00194722,exact_name,high,1.0
2000,2000,JOHNSON,10 HIGH SCHOOL,4456,004704,0.00162928,exact_name,high,1.0
2000,2000,JOHNSON,11 CITY SCHOOL,4454,004707,0.95547435,exact_name,high,1.0
2000,2000,JOHNSON,11 CITY SCHOOL,4454,004703,0.0343404,exact_name,high,1.0
2000,2000,JOHNSON,11 CITY SCHOOL,4454,004701,0.00537837,exact_name,high,1.0
2000,2000,JOHNSON,11 CITY SCHOOL,4454,004705,0.00480608,exact_name,high,1.0
2000,2000,JOHNSON,11 CITY SCHOOL,4454,004708,8e-07,exact_name,high,1.0
2000,2000,KNOX,001 006,0001,0001,1.0,token_vtd,high,1.0
2000,2000,KNOX,003 009,0003,0003,1.0,token_vtd,high,1.0
2000,2000,KNOX,004 10N,0004,0004,1.0,token_vtd,high,1.0
2000,2000,KNOX,005 10S,0005,0005,1.0,token_vtd,high,1.0
2000,2000,KNOX,006 11E,4492,004864,0.99442579,code_token_name,high,0.993
2000,2000,KNOX,006 11E,4492,004861,0.00306321,code_token_name,high,0.993
2000,2000,KNOX,006 11E,4492,004875,0.00106704,code_token_name,high,0.993
2000,2000,KNOX,006 11E,4492,004809,0.00061525,code_token_name,high,0.993
2000,2000,KNOX,006 11E,4492,004862,0.00050634,code_token_name,high,0.993
2000,2000,KNOX,006 11E,4492,004832,0.00016926,code_token_name,high,0.993
2000,2000,KNOX,006 11E,4492,004865,0.0001486,code_token_name,high,0.993
2000,2000,KNOX,006 11E,4492,004831,4.51e-06,code_token_name,high,0.993
2000,2000,KNOX,007 11W,0007,0007,1.0,token_vtd,high,1.0
2000,2000,KNOX,008 012,0008,0008,1.0,token_vtd,high,1.0
2000,2000,KNOX,009 013,4496,004861,0.99701711,code_token_name,high,0.993
2000,2000,KNOX,009 013,4496,004862,0.00130934,code_token_name,high,0.993
2000,2000,KNOX,009 013,4496,004804,0.00090083,code_token_name,high,0.993
2000,2000,KNOX,009 013,4496,004864,0.00050673,code_token_name,high,0.993
2000,2000,KNOX,009 013,4496,004859,0.0002261,code_token_name,high,0.993
2000,2000,KNOX,009 013,4496,004860,3.866e-05,code_token_name,high,0.993
2000,2000,KNOX,009 013,4496,004863,1.23e-06,code_token_name,high,0.993
2000,2000,KNOX,010 14E,0010,0010,1.0,token_vtd,high,1.0
2000,2000,KNOX,011 14M,0007,0007,1.0,code_token_name,high,0.993
2000,2000,KNOX,012 015,4504,004865,0.99395321,code_token_name,high,0.993
2000,2000,KNOX,012 015,4504,004868,0.00368176,code_token_name,high,0.993
2000,2000,KNOX,012 015,4504,004809,0.00160127,code_token_name,high,0.993
2000,2000,KNOX,012 015,4504,004864,0.00070692,code_token_name,high,0.993
2000,2000,KNOX,012 015,4504,004873,5.685e-05,code_token_name,high,0.993
2000,2000,KNOX,014 16N,0010,0010,1.0,code_token_name,high,0.993
2000,2000,KNOX,015 16S,4520,004867,0.99472185,code_token_name,high,0.993
2000,2000,KNOX,015 16S,4520,004875,0.00186434,code_token_name,high,0.993
2000,2000,KNOX,015 16S,4520,004871,0.00186218,code_token_name,high,0.993
2000,2000,KNOX,015 16S,4520,004883,0.00126085,code_token_name,high,0.993
2000,2000,KNOX,015 16S,4520,004865,0.00020952,code_token_name,high,0.993
2000,2000,KNOX,015 16S,4520,004873,8.126e-05,code_token_name,high,0.993
2000,2000,KNOX,017 017,4560,004876,0.99687749,code_token_name,high,0.993
2000,2000,KNOX,017 017,4560,004877,0.00188018,code_token_name,high,0.993
2000,2000,KNOX,017 017,4560,004875,0.00088847,code_token_name,high,0.993
2000,2000,KNOX,017 017,4560,004804,0.00022205,code_token_name,high,0.993
2000,2000,KNOX,017 017,4560,004883,0.00013182,code_token_name,high,0.993
2000,2000,KNOX,018 018,4568,004877,0.99816119,code_token_name,high,0.993
2000,2000,KNOX,018 018,4568,004804,0.00130091,code_token_name,high,0.993
2000,2000,KNOX,018 018,4568,004879,0.00025572,code_token_name,high,0.993
2000,2000,KNOX,018 018,4568,004876,0.00019563,code_token_name,high,0.993
2000,2000,KNOX,018 018,4568,004883,8.653e-05,code_token_name,high,0.993
2000,2000,KNOX,018 018,4568,004882,1e-08,code_token_name,high,0.993
2000,2000,KNOX,019 19L,0018,0018,1.0,code_token_name,high,0.993
2000,2000,KNOX,020 19S,4572,004863,0.99034184,code_token_name,high,0.993
2000,2000,KNOX,020 19S,4572,004804,0.00680703,code_token_name,high,0.993
2000,2000,KNOX,020 19S,4572,004861,0.00192339,code_token_name,high,0.993
2000,2000,KNOX,020 19S,4572,004875,0.00091261,code_token_name,high,0.993
2000,2000,KNOX,020 19S,4572,004864,1.514e-05,code_token_name,high,0.993
2000,2000,KNOX,021 020,4536,004861,0.99769621,code_token_name,high,0.993
2000,2000,KNOX,021 020,4536,004863,0.00230379,code_token_name,high,0.993
2000,2000,KNOX,023 23N,0020,0020,1.0,code_token_name,high,0.993
2000,2000,KNOX,024 23S,0024,0024,1.0,token_vtd,high,1.0
2000,2000,KNOX,025 24N,4828,004831,0.99257566,code_token_name,high,0.993
2000,2000,KNOX,025 24N,4828,004829,0.00495997,code_token_name,high,0.993
2000,2000,KNOX,025 24N,4828,004827,0.00121018,code_token_name,high,0.993
2000,2000,KNOX,025 24N,4828,004809,0.00056541,code_token_name,high,0.993
2000,2000,KNOX,025 24N,4828,004826,0.00056396,code_token_name,high,0.993
2000,2000,KNOX,025 24N,4828,004832,0.00012464,code_token_name,high,0.993
2000,2000,KNOX,025 24N,4828,004864,1.8e-07,code_token_name,high,0.993
2000,2000,KNOX,026 24Q,4838,004809,0.99151906,code_token_name,high,0.993
2000,2000,KNOX,026 24Q,4838,004826,0.00468104,code_token_name,high,0.993
2000,2000,KNOX,026 24Q,4838,004868,0.00133681,code_token_name,high,0.993
2000,2000,KNOX,026 24Q,4838,004821,0.00132545,code_token_name,high,0.993
2000,2000,KNOX,026 24Q,4838,004864,0.00067138,code_token_name,high,0.993
2000,2000,KNOX,026 24Q,4838,004831,0.00036112,code_token_name,high,0.993
2000,2000,KNOX,026 24Q,4838,004865,0.00010513,code_token_name,high,0.993
2000,2000,KNOX,027 025,4844,004827,0.99229313,code_token_name,high,0.993
2000,2000,KNOX,027 025,4844,004824,0.00295597,code_token_name,high,0.993
2000,2000,KNOX,027 025,4844,004829,0.00200752,code_token_name,high,0.993
2000,2000,KNOX,027 025,4844,004831,0.00139233,code_token_name,high,0.993
2000,2000,KNOX,027 025,4844,004826,0.00135104,code_token_name,high,0.993
2000,2000,KNOX,028 026,4848,004826,0.99470915,code_token_name,high,0.993
2000,2000,KNOX,028 026,4848,004809,0.00345726,code_token_name,high,0.993
2000,2000,KNOX,028 026,4848,004831,0.00096572,code_token_name,high,0.993
2000,2000,KNOX,028 026,4848,004827,0.00086788,code_token_name,high,0.993
2000,2000,KNOX,030 027,4540,004868,0.99399325,code_token_name,high,0.993
2000,2000,KNOX,030 027,4540,004871,0.00472668,code_token_name,high,0.993
2000,2000,KNOX,030 027,4540,004865,0.00087247,code_token_name,high,0.993
2000,2000,KNOX,030 027,4540,004870,0.00032316,code_token_name,high,0.993
2000,2000,KNOX,030 027,4540,004873,8.444e-05,code_token_name,high,0.993
2000,2000,KNOX,031 028,4736,004870,0.81399892,code_token_name,high,0.993
2000,2000,KNOX,031 028,4736,004871,0.1827039,code_token_name,high,0.993
2000,2000,KNOX,031 028,4736,004816,0.00164727,code_token_name,high,0.993
2000,2000,KNOX,031 028,4736,004868,0.00108807,code_token_name,high,0.993
2000,2000,KNOX,031 028,4736,004872,0.00028855,code_token_name,high,0.993
2000,2000,KNOX,031 028,4736,004818,0.00026595,code_token_name,high,0.993
2000,2000,KNOX,031 028,4736,004821,7.34e-06,code_token_name,high,0.993
2000,2000,KNOX,032 029,4740,004872,0.99356934,code_token_name,high,0.993
2000,2000,KNOX,032 029,4740,004816,0.00380823,code_token_name,high,0.993
2000,2000,KNOX,032 029,4740,004808,0.00094981,code_token_name,high,0.993
2000,2000,KNOX,032 029,4740,004884,0.00089757,code_token_name,high,0.993
2000,2000,KNOX,032 029,4740,004883,0.00042007,code_token_name,high,0.993
2000,2000,KNOX,032 029,4740,004871,0.00025322,code_token_name,high,0.993
2000,2000,KNOX,032 029,4740,004870,0.00010177,code_token_name,high,0.993
2000,2000,KNOX,033 030,4744,004884,0.98209998,code_token_name,high,0.993
2000,2000,KNOX,033 030,4744,004872,0.01624357,code_token_name,high,0.993
2000,2000,KNOX,033 030,4744,004808,0.00052289,code_token_name,high,0.993
2000,2000,KNOX,033 030,4744,004883,0.00051801,code_token_name,high,0.993
2000,2000,KNOX,033 030,4744,004882,0.00045665,code_token_name,high,0.993
2000,2000,KNOX,033 030,4744,004885,0.0001589,code_token_name,high,0.993
2000,2000,KNOX,034 031,4748,004882,0.99099022,code_token_name,high,0.993
2000,2000,KNOX,034 031,4748,004885,0.00641906,code_token_name,high,0.993
2000,2000,KNOX,034 031,4748,004881,0.00108302,code_token_name,high,0.993
2000,2000,KNOX,034 031,4748,004884,0.00096474,code_token_name,high,0.993
2000,2000,KNOX,034 031,4748,004880,0.00024211,code_token_name,high,0.993
2000,2000,KNOX,034 031,4748,004879,0.00020092,code_token_name,high,0.993
2000,2000,KNOX,034 031,4748,004883,9.992e-05,code_token_name,high,0.993
2000,2000,KNOX,036 032,4756,004880,0.99565328,code_token_name,high,0.993
2000,2000,KNOX,036 032,4756,004887,0.00236003,code_token_name,high,0.993
2000,2000,KNOX,036 032,4756,004879,0.00095304,code_token_name,high,0.993
2000,2000,KNOX,036 032,4756,004881,0.00074068,code_token_name,high,0.993
2000,2000,KNOX,036 032,4756,004882,0.00029297,code_token_name,high,0.993
2000,2000,KNOX,038 033,4580,004879,0.99811927,code_token_name,high,0.993
2000,2000,KNOX,038 033,4580,004802,0.00096567,code_token_name,high,0.993
2000,2000,KNOX,038 033,4580,004880,0.00079975,code_token_name,high,0.993
2000,2000,KNOX,038 033,4580,004888,0.00011531,code_token_name,high,0.993
2000,2000,KNOX,039 034,0036,0036,1.0,code_token_name,high,0.993
2000,2000,KNOX,040 035,4596,004806,0.99844866,code_token_name,high,0.993
2000,2000,KNOX,040 035,4596,004802,0.00106145,code_token_name,high,0.993
2000,2000,KNOX,040 035,4596,004888,0.00036127,code_token_name,high,0.993
2000,2000,KNOX,040 035,4596,004803,0.00012841,code_token_name,high,0.993
2000,2000,KNOX,040 035,4596,004856,2.1e-07,code_token_name,high,0.993
2000,2000,KNOX,041 036,4600,004803,0.73237976,code_token_name,high,0.993
2000,2000,KNOX,041 036,4600,004894,0.26527727,code_token_name,high,0.993
2000,2000,KNOX,041 036,4600,004804,0.00088311,code_token_name,high,0.993
2000,2000,KNOX,041 036,4600,004857,0.0005562,code_token_name,high,0.993
2000,2000,KNOX,041 036,4600,004806,0.00049313,code_token_name,high,0.993
2000,2000,KNOX,041 036,4600,004856,0.00031896,code_token_name,high,0.993
2000,2000,KNOX,041 036,4600,004802,8.93e-05,code_token_name,high,0.993
2000,2000,KNOX,041 036,4600,004859,2.29e-06,code_token_name,high,0.993
2000,2000,KNOX,042 037,4604,004856,0.84718575,code_token_name,high,0.993
2000,2000,KNOX,042 037,4604,004806,0.1502525,code_token_name,high,0.993
2000,2000,KNOX,042 037,4604,004855,0.00160279,code_token_name,high,0.993
2000,2000,KNOX,042 037,4604,004857,0.00069302,code_token_name,high,0.993
2000,2000,KNOX,042 037,4604,004848,0.00017336,code_token_name,high,0.993
2000,2000,KNOX,042 037,4604,004888,6.992e-05,code_token_name,high,0.993
2000,2000,KNOX,042 037,4604,004803,2.266e-05,code_token_name,high,0.993
2000,2000,KNOX,043 038,4608,004857,0.98539104,code_token_name,high,0.993
2000,2000,KNOX,043 038,4608,004859,0.01043084,code_token_name,high,0.993
2000,2000,KNOX,043 038,4608,004855,0.00173996,code_token_name,high,0.993
2000,2000,KNOX,043 038,4608,004894,0.00095868,code_token_name,high,0.993
2000,2000,KNOX,043 038,4608,004856,0.00067801,code_token_name,high,0.993
2000,2000,KNOX,043 038,4608,004858,0.00037514,code_token_name,high,0.993
2000,2000,KNOX,043 038,4608,004803,0.00022889,code_token_name,high,0.993
2000,2000,KNOX,043 038,4608,004854,0.00017713,code_token_name,high,0.993
2000,2000,KNOX,043 038,4608,004801,2.032e-05,code_token_name,high,0.993
2000,2000,KNOX,044 39E,4612,004855,0.96572181,code_token_name,high,0.993
2000,2000,KNOX,044 39E,4612,004854,0.01956704,code_token_name,high,0.993
2000,2000,KNOX,044 39E,4612,004856,0.01079259,code_token_name,high,0.993
2000,2000,KNOX,044 39E,4612,004848,0.00255094,code_token_name,high,0.993
2000,2000,KNOX,044 39E,4612,004857,0.00128955,code_token_name,high,0.993
2000,2000,KNOX,044 39E,4612,004828,7.808e-05,code_token_name,high,0.993
2000,2000,KNOX,045 39W,4616,004854,0.99560846,code_token_name,high,0.993
2000,2000,KNOX,045 39W,4616,004838,0.00189763,code_token_name,high,0.993
2000,2000,KNOX,045 39W,4616,004855,0.00135397,code_token_name,high,0.993
2000,2000,KNOX,045 39W,4616,004837,0.00072319,code_token_name,high,0.993
2000,2000,KNOX,045 39W,4616,004801,0.00037103,code_token_name,high,0.993
2000,2000,KNOX,045 39W,4616,004857,4.572e-05,code_token_name,high,0.993
2000,2000,KNOX,048 040,4624,004801,0.99061105,code_token_name,high,0.993
2000,2000,KNOX,048 040,4624,004857,0.00471797,code_token_name,high,0.993
2000,2000,KNOX,048 040,4624,004858,0.0022655,code_token_name,high,0.993
2000,2000,KNOX,048 040,4624,004837,0.00129006,code_token_name,high,0.993
2000,2000,KNOX,048 040,4624,004854,0.00073193,code_token_name,high,0.993
2000,2000,KNOX,048 040,4624,004834,0.00038182,code_token_name,high,0.993
2000,2000,KNOX,048 040,4624,004860,1.67e-06,code_token_name,high,0.993
2000,2000,KNOX,049 041,4652,004834,0.99182486,code_token_name,high,0.993
2000,2000,KNOX,049 041,4652,004829,0.00465363,code_token_name,high,0.993
2000,2000,KNOX,049 041,4652,004801,0.00111617,code_token_name,high,0.993
2000,2000,KNOX,049 041,4652,004836,0.00080393,code_token_name,high,0.993
2000,2000,KNOX,049 041,4652,004833,0.00063933,code_token_name,high,0.993
2000,2000,KNOX,049 041,4652,004835,0.00049641,code_token_name,high,0.993
2000,2000,KNOX,049 041,4652,004837,0.00041125,code_token_name,high,0.993
2000,2000,KNOX,049 041,4652,004860,5.442e-05,code_token_name,high,0.993
2000,2000,KNOX,050 042,0050,0050,1.0,token_vtd,high,1.0
2000,2000,KNOX,051 043,4664,004835,0.48521609,code_token_name,high,0.993
2000,2000,KNOX,051 043,4664,004836,0.40170968,code_token_name,high,0.993
2000,2000,KNOX,051 043,4664,004829,0.10383302,code_token_name,high,0.993
2000,2000,KNOX,051 043,4664,004834,0.00900646,code_token_name,high,0.993
2000,2000,KNOX,051 043,4664,004837,0.00015914,code_token_name,high,0.993
2000,2000,KNOX,051 043,4664,004839,7.561e-05,code_token_name,high,0.993
2000,2000,KNOX,052 044,0052,0052,1.0,token_vtd,high,1.0
2000,2000,KNOX,053 045,0053,0053,1.0,token_vtd,high,1.0
2000,2000,KNOX,054 046,0054,0054,1.0,token_vtd,high,1.0
2000,2000,KNOX,055 47E,4628,004854,0.81424236,code_token_name,high,0.993
2000,2000,KNOX,055 47E,4628,004853,0.1738411,code_token_name,high,0.993
2000,2000,KNOX,055 47E,4628,004852,0.00676279,code_token_name,high,0.993
2000,2000,KNOX,055 47E,4628,004855,0.00381747,code_token_name,high,0.993
2000,2000,KNOX,055 47E,4628,004838,0.00072224,code_token_name,high,0.993
2000,2000,KNOX,055 47E,4628,004828,0.00061405,code_token_name,high,0.993
2000,2000,KNOX,056 47W,4724,004890,0.99884345,code_token_name,high,0.993
2000,2000,KNOX,056 47W,4724,004892,0.00048477,code_token_name,high,0.993
2000,2000,KNOX,056 47W,4724,004895,0.00038853,code_token_name,high,0.993
2000,2000,KNOX,056 47W,4724,004810,0.00023142,code_token_name,high,0.993
2000,2000,KNOX,056 47W,4724,004891,5.183e-05,code_token_name,high,0.993
2000,2000,KNOX,057 048,4796,004810,0.99853756,code_token_name,high,0.993
2000,2000,KNOX,057 048,4796,004811,0.00099998,code_token_name,high,0.993
2000,2000,KNOX,057 048,4796,004890,0.00031324,code_token_name,high,0.993
2000,2000,KNOX,057 048,4796,004895,0.00014922,code_token_name,high,0.993
2000,2000,KNOX,058 049,4728,004891,0.58960105,code_token_name,high,0.993
2000,2000,KNOX,058 049,4728,004895,0.40829028,code_token_name,high,0.993
2000,2000,KNOX,058 049,4728,004887,0.00052896,code_token_name,high,0.993
2000,2000,KNOX,058 049,4728,004890,0.0005224,code_token_name,high,0.993
2000,2000,KNOX,058 049,4728,004811,0.00043025,code_token_name,high,0.993
2000,2000,KNOX,058 049,4728,004886,0.00033759,code_token_name,high,0.993
2000,2000,KNOX,058 049,4728,004810,0.000261,code_token_name,high,0.993
2000,2000,KNOX,058 049,4728,004892,2.846e-05,code_token_name,high,0.993
2000,2000,KNOX,059 50N,4764,004887,0.9777476,code_token_name,high,0.993
2000,2000,KNOX,059 50N,4764,004880,0.01805878,code_token_name,high,0.993
2000,2000,KNOX,059 50N,4764,004891,0.00259876,code_token_name,high,0.993
2000,2000,KNOX,059 50N,4764,004886,0.00102847,code_token_name,high,0.993
2000,2000,KNOX,059 50N,4764,004888,0.00032738,code_token_name,high,0.993
2000,2000,KNOX,059 50N,4764,004881,0.00016134,code_token_name,high,0.993
2000,2000,KNOX,059 50N,4764,004879,7.767e-05,code_token_name,high,0.993
2000,2000,KNOX,060 50S,4788,004811,0.99797189,code_token_name,high,0.993
2000,2000,KNOX,060 50S,4788,004812,0.0007487,code_token_name,high,0.993
2000,2000,KNOX,060 50S,4788,004810,0.00066769,code_token_name,high,0.993
2000,2000,KNOX,060 50S,4788,004886,0.00045942,code_token_name,high,0.993
2000,2000,KNOX,060 50S,4788,004895,0.0001523,code_token_name,high,0.993
2000,2000,KNOX,060 50S,4788,004891,1e-08,code_token_name,high,0.993
2000,2000,KNOX,061 051,4768,004886,0.98743722,code_token_name,high,0.993
2000,2000,KNOX,061 051,4768,004881,0.00899052,code_token_name,high,0.993
2000,2000,KNOX,061 051,4768,004811,0.00093223,code_token_name,high,0.993
2000,2000,KNOX,061 051,4768,004885,0.00085274,code_token_name,high,0.993
2000,2000,KNOX,061 051,4768,004812,0.00081074,code_token_name,high,0.993
2000,2000,KNOX,061 051,4768,004887,0.00052395,code_token_name,high,0.993
2000,2000,KNOX,061 051,4768,004891,0.00036085,code_token_name,high,0.993
2000,2000,KNOX,061 051,4768,004880,7.857e-05,code_token_name,high,0.993
2000,2000,KNOX,061 051,4768,004808,1.318e-05,code_token_name,high,0.993
2000,2000,KNOX,062 070,4704,004844,0.99721889,code_token_name,high,0.993
2000,2000,KNOX,062 070,4704,004805,0.00197035,code_token_name,high,0.993
2000,2000,KNOX,062 070,4704,004846,0.00051268,code_token_name,high,0.993
2000,2000,KNOX,062 070,4704,004845,0.00020062,code_token_name,high,0.993
2000,2000,KNOX,062 070,4704,004847,9.747e-05,code_token_name,high,0.993
2000,2000,KNOX,063 69N,4712,004848,0.72286341,code_token_name,high,0.993
2000,2000,KNOX,063 69N,4712,004849,0.2676453,code_token_name,high,0.993
2000,2000,KNOX,063 69N,4712,004855,0.00426526,code_token_name,high,0.993
2000,2000,KNOX,063 69N,4712,004806,0.0035567,code_token_name,high,0.993
2000,2000,KNOX,063 69N,4712,004828,0.00053574,code_token_name,high,0.993
2000,2000,KNOX,063 69N,4712,004846,0.00043235,code_token_name,high,0.993
2000,2000,KNOX,063 69N,4712,004888,0.00037255,code_token_name,high,0.993
2000,2000,KNOX,063 69N,4712,004856,0.00018275,code_token_name,high,0.993
2000,2000,KNOX,063 69N,4712,004892,0.00014595,code_token_name,high,0.993
2000,2000,KNOX,063 69S,4712,004848,0.72286341,code_token_name,high,0.993
2000,2000,KNOX,063 69S,4712,004849,0.2676453,code_token_name,high,0.993
2000,2000,KNOX,063 69S,4712,004855,0.00426526,code_token_name,high,0.993
2000,2000,KNOX,063 69S,4712,004806,0.0035567,code_token_name,high,0.993
2000,2000,KNOX,063 69S,4712,004828,0.00053574,code_token_name,high,0.993
2000,2000,KNOX,063 69S,4712,004846,0.00043235,code_token_name,high,0.993
2000,2000,KNOX,063 69S,4712,004888,0.00037255,code_token_name,high,0.993
2000,2000,KNOX,063 69S,4712,004856,0.00018275,code_token_name,high,0.993
2000,2000,KNOX,063 69S,4712,004892,0.00014595,code_token_name,high,0.993
2000,2000,KNOX,064 090,4716,004846,0.99832225,code_token_name,high,0.993
2000,2000,KNOX,064 090,4716,004848,0.00060027,code_token_name,high,0.993
2000,2000,KNOX,064 090,4716,004844,0.00047336,code_token_name,high,0.993
2000,2000,KNOX,064 090,4716,004828,0.00031143,code_token_name,high,0.993
2000,2000,KNOX,064 090,4716,004849,0.0001555,code_token_name,high,0.993
2000,2000,KNOX,064 090,4716,004847,0.00013718,code_token_name,high,0.993
2000,2000,KNOX,065 059,4692,004841,0.65666199,code_token_name,high,0.993
2000,2000,KNOX,065 059,4692,004896,0.34246813,code_token_name,high,0.993
2000,2000,KNOX,065 059,4692,004839,0.00020293,code_token_name,high,0.993
2000,2000,KNOX,065 059,4692,004840,0.00019394,code_token_name,high,0.993
2000,2000,KNOX,065 059,4692,004842,0.00018254,code_token_name,high,0.993
2000,2000,KNOX,065 059,4692,004805,0.00016829,code_token_name,high,0.993
2000,2000,KNOX,065 059,4692,004897,8.013e-05,code_token_name,high,0.993
2000,2000,KNOX,065 059,4692,004850,4.205e-05,code_token_name,high,0.993
2000,2000,KNOX,066 086,0066,0066,1.0,token_vtd,high,1.0
2000,2000,KNOX,068 68E,4680,004850,0.99825557,code_token_name,high,0.993
2000,2000,KNOX,068 68E,4680,004896,0.00101795,code_token_name,high,0.993
2000,2000,KNOX,068 68E,4680,004840,0.00072648,code_token_name,high,0.993
2000,2000,KNOX,069 067,0069,0069,1.0,token_vtd,high,1.0
2000,2000,KNOX,070 068,4708,004828,0.51311217,code_token_name,high,0.993
2000,2000,KNOX,070 068,4708,004847,0.48245844,code_token_name,high,0.993
2000,2000,KNOX,070 068,4708,004845,0.00131663,code_token_name,high,0.993
2000,2000,KNOX,070 068,4708,004848,0.00116944,code_token_name,high,0.993
2000,2000,KNOX,070 068,4708,004854,0.00043774,code_token_name,high,0.993
2000,2000,KNOX,070 068,4708,004846,0.0004183,code_token_name,high,0.993
2000,2000,KNOX,070 068,4708,004853,0.00040442,code_token_name,high,0.993
2000,2000,KNOX,070 068,4708,004844,0.00034577,code_token_name,high,0.993
2000,2000,KNOX,070 068,4708,004852,0.00022755,code_token_name,high,0.993
2000,2000,KNOX,070 068,4708,004805,0.00010954,code_token_name,high,0.993
2000,2000,KNOX,071 065,4668,004835,0.99908334,code_token_name,high,0.993
2000,2000,KNOX,071 065,4668,004839,0.00059583,code_token_name,high,0.993
2000,2000,KNOX,071 065,4668,004807,0.00032083,code_token_name,high,0.993
2000,2000,KNOX,072 65N,4732,004888,0.99688912,code_token_name,high,0.993
2000,2000,KNOX,072 65N,4732,004879,0.00080372,code_token_name,high,0.993
2000,2000,KNOX,072 65N,4732,004887,0.00077135,code_token_name,high,0.993
2000,2000,KNOX,072 65N,4732,004802,0.00073667,code_token_name,high,0.993
2000,2000,KNOX,072 65N,4732,004806,0.00035474,code_token_name,high,0.993
2000,2000,KNOX,072 65N,4732,004892,0.00025974,code_token_name,high,0.993
2000,2000,KNOX,072 65N,4732,004848,0.00018466,code_token_name,high,0.993
2000,2000,KNOX,073 080,4720,004892,0.93145371,code_token_name,high,0.993
2000,2000,KNOX,073 080,4720,004888,0.06350522,code_token_name,high,0.993
2000,2000,KNOX,073 080,4720,004887,0.00371456,code_token_name,high,0.993
2000,2000,KNOX,073 080,4720,004890,0.00118122,code_token_name,high,0.993
2000,2000,KNOX,073 080,4720,004849,0.00013008,code_token_name,high,0.993
2000,2000,KNOX,073 080,4720,004891,1.52e-05,code_token_name,high,0.993
2000,2000,KNOX,074 072,4760,004885,0.97304759,code_token_name,high,0.993
2000,2000,KNOX,074 072,4760,004881,0.02172751,code_token_name,high,0.993
2000,2000,KNOX,074 072,4760,004882,0.00276522,code_token_name,high,0.993
2000,2000,KNOX,074 072,4760,004884,0.00168541,code_token_name,high,0.993
2000,2000,KNOX,074 072,4760,004886,0.00045261,code_token_name,high,0.993
2000,2000,KNOX,074 072,4760,004808,0.00032166,code_token_name,high,0.993
2000,2000,KNOX,075 079,4800,004868,0.99455727,code_token_name,high,0.993
2000,2000,KNOX,075 079,4800,004809,0.00235678,code_token_name,high,0.993
2000,2000,KNOX,075 079,4800,004821,0.00159737,code_token_name,high,0.993
2000,2000,KNOX,075 079,4800,004865,0.00148858,code_token_name,high,0.993
2000,2000,KNOX,076 082,4820,004818,0.94364969,code_token_name,high,0.993
2000,2000,KNOX,076 082,4820,004820,0.05359514,code_token_name,high,0.993
2000,2000,KNOX,076 082,4820,004816,0.00115574,code_token_name,high,0.993
2000,2000,KNOX,076 082,4820,004815,0.00061646,code_token_name,high,0.993
2000,2000,KNOX,076 082,4820,004814,0.00058698,code_token_name,high,0.993
2000,2000,KNOX,076 082,4820,004870,0.00026856,code_token_name,high,0.993
2000,2000,KNOX,076 082,4820,004821,0.00012731,code_token_name,high,0.993
2000,2000,KNOX,076 082,4820,004817,1.1e-07,code_token_name,high,0.993
2000,2000,KNOX,078 66N,4812,004819,0.9884388,code_token_name,high,0.993
2000,2000,KNOX,078 66N,4812,004817,0.00879695,code_token_name,high,0.993
2000,2000,KNOX,078 66N,4812,004822,0.00124901,code_token_name,high,0.993
2000,2000,KNOX,078 66N,4812,004820,0.000848,code_token_name,high,0.993
2000,2000,KNOX,078 66N,4812,004823,0.00033732,code_token_name,high,0.993
2000,2000,KNOX,078 66N,4812,004821,0.0003299,code_token_name,high,0.993
2000,2000,KNOX,078 66N,4812,004809,2e-08,code_token_name,high,0.993
2000,2000,KNOX,079 66S,4780,004820,0.99752469,code_token_name,high,0.993
2000,2000,KNOX,079 66S,4780,004821,0.001159,code_token_name,high,0.993
2000,2000,KNOX,079 66S,4780,004819,0.00093686,code_token_name,high,0.993
2000,2000,KNOX,079 66S,4780,004817,0.00037798,code_token_name,high,0.993
2000,2000,KNOX,079 66S,4780,004818,1.46e-06,code_token_name,high,0.993
2000,2000,KNOX,080 060,4776,004813,0.99800134,code_token_name,high,0.993
2000,2000,KNOX,080 060,4776,004814,0.00158205,code_token_name,high,0.993
2000,2000,KNOX,080 060,4776,004808,0.00024927,code_token_name,high,0.993
2000,2000,KNOX,080 060,4776,004812,0.00016733,code_token_name,high,0.993
2000,2000,KNOX,081 092,4792,004812,0.99379926,code_token_name,high,0.993
2000,2000,KNOX,081 092,4792,004808,0.00499981,code_token_name,high,0.993
2000,2000,KNOX,081 092,4792,004886,0.00066406,code_token_name,high,0.993
2000,2000,KNOX,081 092,4792,004811,0.00030585,code_token_name,high,0.993
2000,2000,KNOX,081 092,4792,004813,0.00023103,code_token_name,high,0.993
2000,2000,KNOX,082 081,4784,004816,0.99684251,code_token_name,high,0.993
2000,2000,KNOX,082 081,4784,004818,0.00115157,code_token_name,high,0.993
2000,2000,KNOX,082 081,4784,004814,0.00080212,code_token_name,high,0.993
2000,2000,KNOX,082 081,4784,004870,0.00071239,code_token_name,high,0.993
2000,2000,KNOX,082 081,4784,004808,0.00042699,code_token_name,high,0.993
2000,2000,KNOX,082 081,4784,004872,6.442e-05,code_token_name,high,0.993
2000,2000,KNOX,083 061,0083,0083,1.0,token_vtd,high,1.0
2000,2000,KNOX,084 062,4808,004808,0.99910371,code_token_name,high,0.993
2000,2000,KNOX,084 062,4808,004812,0.00025234,code_token_name,high,0.993
2000,2000,KNOX,084 062,4808,004813,0.00017746,code_token_name,high,0.993
2000,2000,KNOX,084 062,4808,004816,0.0001042,code_token_name,high,0.993
2000,2000,KNOX,084 062,4808,004884,0.00010321,code_token_name,high,0.993
2000,2000,KNOX,084 062,4808,004886,9.742e-05,code_token_name,high,0.993
2000,2000,KNOX,084 062,4808,004814,9.083e-05,code_token_name,high,0.993
2000,2000,KNOX,084 062,4808,004885,7.083e-05,code_token_name,high,0.993
2000,2000,KNOX,085 056,4816,004814,0.99834372,code_token_name,high,0.993
2000,2000,KNOX,085 056,4816,004813,0.00076229,code_token_name,high,0.993
2000,2000,KNOX,085 056,4816,004815,0.00039455,code_token_name,high,0.993
2000,2000,KNOX,085 056,4816,004818,0.00033811,code_token_name,high,0.993
2000,2000,KNOX,085 056,4816,004816,9.662e-05,code_token_name,high,0.993
2000,2000,KNOX,085 056,4816,004808,6.47e-05,code_token_name,high,0.993
2000,2000,KNOX,086 057,4772,004815,0.99786506,code_token_name,high,0.993
2000,2000,KNOX,086 057,4772,004818,0.0008173,code_token_name,high,0.993
2000,2000,KNOX,086 057,4772,004814,0.00067569,code_token_name,high,0.993
2000,2000,KNOX,086 057,4772,004817,0.00064195,code_token_name,high,0.993
2000,2000,KNOX,087 093,4824,004817,0.99666054,code_token_name,high,0.993
2000,2000,KNOX,087 093,4824,004819,0.00167207,code_token_name,high,0.993
2000,2000,KNOX,087 093,4824,004822,0.00110253,code_token_name,high,0.993
2000,2000,KNOX,087 093,4824,004815,0.00041226,code_token_name,high,0.993
2000,2000,KNOX,087 093,4824,004820,0.00015259,code_token_name,high,0.993
2000,2000,KNOX,087 093,4824,004818,0.0,code_token_name,high,0.993
2000,2000,KNOX,088 075,4837,004826,0.75690697,code_token_name,high,0.993
2000,2000,KNOX,088 075,4837,004823,0.22927327,code_token_name,high,0.993
2000,2000,KNOX,088 075,4837,004809,0.01381977,code_token_name,high,0.993
2000,2000,KNOX,089 063,4872,004829,0.99434934,code_token_name,high,0.993
2000,2000,KNOX,089 063,4872,004835,0.00176682,code_token_name,high,0.993
2000,2000,KNOX,089 063,4872,004831,0.00153894,code_token_name,high,0.993
2000,2000,KNOX,089 063,4872,004833,0.00118893,code_token_name,high,0.993
2000,2000,KNOX,089 063,4872,004824,0.00074754,code_token_name,high,0.993
2000,2000,KNOX,089 063,4872,004834,0.00031844,code_token_name,high,0.993
2000,2000,KNOX,089 063,4872,004827,9e-05,code_token_name,high,0.993
2000,2000,KNOX,090 88N,4856,004824,0.99839293,code_token_name,high,0.993
2000,2000,KNOX,090 88N,4856,004827,0.0008329,code_token_name,high,0.993
2000,2000,KNOX,090 88N,4856,004823,0.0005654,code_token_name,high,0.993
2000,2000,KNOX,090 88N,4856,004829,0.00020876,code_token_name,high,0.993
2000,2000,KNOX,091 88S,4876,004831,0.99869781,code_token_name,high,0.993
2000,2000,KNOX,091 88S,4876,004829,0.00080306,code_token_name,high,0.993
2000,2000,KNOX,091 88S,4876,004832,0.0004545,code_token_name,high,0.993
2000,2000,KNOX,091 88S,4876,004893,4.464e-05,code_token_name,high,0.993
2000,2000,KNOX,092 055,4860,004822,0.99830273,code_token_name,high,0.993
2000,2000,KNOX,092 055,4860,004823,0.00081834,code_token_name,high,0.993
2000,2000,KNOX,092 055,4860,004819,0.00069721,code_token_name,high,0.993
2000,2000,KNOX,092 055,4860,004817,0.00018172,code_token_name,high,0.993
2000,2000,KNOX,093 089,4864,004823,0.99777293,code_token_name,high,0.993
2000,2000,KNOX,093 089,4864,004826,0.000787,code_token_name,high,0.993
2000,2000,KNOX,093 089,4864,004822,0.00063373,code_token_name,high,0.993
2000,2000,KNOX,093 089,4864,004824,0.00043009,code_token_name,high,0.993
2000,2000,KNOX,093 089,4864,004819,0.00033671,code_token_name,high,0.993
2000,2000,KNOX,093 089,4864,004809,3.946e-05,code_token_name,high,0.993
2000,2000,KNOX,093 089,4864,004827,8e-08,code_token_name,high,0.993
2000,2000,KNOX,094 058,0094,0094,1.0,token_vtd,high,1.0
2000,2000,KNOX,095 073,0095,0095,1.0,token_vtd,high,1.0
2000,2000,KNOX,096 077,0096,0096,1.0,token_vtd,high,1.0
2000,2000,KNOX,097 084,0097,0097,1.0,token_vtd,high,1.0
2000,2000,KNOX,098 078,0098,0098,1.0,token_vtd,high,1.0
2000,2000,KNOX,099 071,0099,0099,1.0,token_vtd,high,1.0
2000,2000,KNOX,100 074,0100,0100,1.0,token_vtd,high,1.0
2000,2000,KNOX,101 085,0101,0101,1.0,token_vtd,high,1.0
2000,2000,KNOX,102 064,0102,0102,1.0,token_vtd,high,1.0
2000,2000,KNOX,103 076,0103,0103,1.0,token_vtd,high,1.0
2000,2000,LAKE,1 NEW SR CITZ BLDG,4904,004951,0.99726489,code_token_name,high,0.993
2000,2000,LAKE,1 NEW SR CITZ BLDG,4904,004952,0.00273511,code_token_name,high,0.993
2000,2000,LAKE,2A LAKE COURTHOU,4884,004952,0.7536526,code_token_name,high,0.993
2000,2000,LAKE,2A LAKE COURTHOU,4884,004951,0.2463474,code_token_name,high,0.993
2000,2000,LAKE,2B LAKE CO HIGH SC,4888,004952,1.0,code_token_name,high,0.993
2000,2000,LAKE,3 ELLINGTON HALL,4892,004951,0.71600425,exact_name,high,1.0
2000,2000,LAKE,3 ELLINGTON HALL,4892,004952,0.21713918,exact_name,high,1.0
2000,2000,LAKE,3 ELLINGTON HALL,4892,004953,0.06685656,exact_name,high,1.0
2000,2000,LAKE,4 LAKE CO JHS TITL,4896,004953,0.81505998,code_token_name,high,0.993
2000,2000,LAKE,4 LAKE CO JHS TITL,4896,004952,0.18494002,code_token_name,high,0.993
2000,2000,LAKE,5 LAKE CO JHS GYM,4900,004953,1.0,exact_name,high,1.0
2000,2000,LAUDERDALE,01 ARP,4960,005058,0.55747487,code_token_name,high,0.993
2000,2000,LAUDERDALE,01 ARP,4960,005064,0.41937681,code_token_name,high,0.993
2000,2000,LAUDERDALE,01 ARP,4960,005060,0.02314832,code_token_name,high,0.993
2000,2000,LAUDERDALE,02 CENTRAL,4932,005054,0.99720887,code_token_name,high,0.993
2000,2000,LAUDERDALE,02 CENTRAL,4932,005051,0.00250619,code_token_name,high,0.993
2000,2000,LAUDERDALE,02 CENTRAL,4932,005056,0.00023745,code_token_name,high,0.993
2000,2000,LAUDERDALE,02 CENTRAL,4932,005057,4.749e-05,code_token_name,high,0.993
2000,2000,LAUDERDALE,03 CONNER,5008,005057,0.70891393,code_token_name,high,0.993
2000,2000,LAUDERDALE,03 CONNER,5008,005056,0.27053938,code_token_name,high,0.993
2000,2000,LAUDERDALE,03 CONNER,5008,005054,0.01736758,code_token_name,high,0.993
2000,2000,LAUDERDALE,03 CONNER,5008,005051,0.0030163,code_token_name,high,0.993
2000,2000,LAUDERDALE,03 CONNER,5008,005064,0.00016281,code_token_name,high,0.993
2000,2000,LAUDERDALE,04 CURVE,5012,005056,0.97877603,code_token_name,high,0.993
2000,2000,LAUDERDALE,04 CURVE,5012,005057,0.01966599,code_token_name,high,0.993
2000,2000,LAUDERDALE,04 CURVE,5012,005054,0.0010089,code_token_name,high,0.993
2000,2000,LAUDERDALE,04 CURVE,5012,005064,0.00054908,code_token_name,high,0.993
2000,2000,LAUDERDALE,05 EDITH,4936,005060,0.88393067,code_token_name,high,0.993
2000,2000,LAUDERDALE,05 EDITH,4936,005064,0.11603104,code_token_name,high,0.993
2000,2000,LAUDERDALE,05 EDITH,4936,005058,3.829e-05,code_token_name,high,0.993
2000,2000,LAUDERDALE,06 GATES,4912,005052,0.69769789,code_token_name,high,0.993
2000,2000,LAUDERDALE,06 GATES,4912,005054,0.29956105,code_token_name,high,0.993
2000,2000,LAUDERDALE,06 GATES,4912,005051,0.00274106,code_token_name,high,0.993
2000,2000,LAUDERDALE,07 GLIMP,4948,005053,0.85834016,code_token_name,high,0.993
2000,2000,LAUDERDALE,07 GLIMP,4948,005063,0.14134935,code_token_name,high,0.993
2000,2000,LAUDERDALE,07 GLIMP,4948,005051,0.00029897,code_token_name,high,0.993
2000,2000,LAUDERDALE,07 GLIMP,4948,005052,1.152e-05,code_token_name,high,0.993
2000,2000,LAUDERDALE,08 HALLS 8,4967,005063,0.99945791,code_token_name,high,0.993
2000,2000,LAUDERDALE,08 HALLS 8,4967,005053,0.00054209,code_token_name,high,0.993
2000,2000,LAUDERDALE,09 HALLS 9,4972,005063,0.99976645,code_token_name,high,0.993
2000,2000,LAUDERDALE,09 HALLS 9,4972,005052,0.00023355,code_token_name,high,0.993
2000,2000,LAUDERDALE,10 HENNING,0010,0010,1.0,token_vtd,high,1.0
2000,2000,LAWRENCE,1 1 IRON CITY,5016,005171,0.99554704,exact_name,high,1.0
2000,2000,LAWRENCE,1 1 IRON CITY,5016,005170,0.00397536,exact_name,high,1.0
2000,2000,LAWRENCE,1 1 IRON CITY,5016,005156,0.0004776,exact_name,high,1.0
2000,2000,LAWRENCE,1 2 WEST POINT,5018,005156,0.94930062,exact_name,high,1.0
2000,2000,LAWRENCE,1 2 WEST POINT,5018,005171,0.05052839,exact_name,high,1.0
2000,2000,LAWRENCE,1 2 WEST POINT,5018,005154,0.00017099,exact_name,high,1.0
2000,2000,LAWRENCE,1 3 LEOMA,5050,005155,0.42060794,exact_name,high,1.0
2000,2000,LAWRENCE,1 3 LEOMA,5050,005156,0.31034697,exact_name,high,1.0
2000,2000,LAWRENCE,1 3 LEOMA,5050,005169,0.23101712,exact_name,high,1.0
2000,2000,LAWRENCE,1 3 LEOMA,5050,005154,0.02496741,exact_name,high,1.0
2000,2000,LAWRENCE,1 3 LEOMA,5050,005151,0.01150926,exact_name,high,1.0
2000,2000,LAWRENCE,1 3 LEOMA,5050,005172,0.00077306,exact_name,high,1.0
2000,2000,LAWRENCE,1 3 LEOMA,5050,005165,0.00072537,exact_name,high,1.0
2000,2000,LAWRENCE,1 3 LEOMA,5050,005153,4.402e-05,exact_name,high,1.0
2000,2000,LAWRENCE,1 3 LEOMA,5050,005157,8.86e-06,exact_name,high,1.0
2000,2000,LAWRENCE,1 4 GANDY,5052,005172,0.62211804,exact_name,high,1.0
2000,2000,LAWRENCE,1 4 GANDY,5052,005156,0.30192693,exact_name,high,1.0
2000,2000,LAWRENCE,1 4 GANDY,5052,005165,0.07501176,exact_name,high,1.0
2000,2000,LAWRENCE,1 4 GANDY,5052,005155,0.0009326,exact_name,high,1.0
2000,2000,LAWRENCE,1 4 GANDY,5052,005163,1.067e-05,exact_name,high,1.0
2000,2000,LAWRENCE,2 1 ST JOSPEH,5020,005170,0.86976849,code_token_name,high,0.993
2000,2000,LAWRENCE,2 1 ST JOSPEH,5020,005171,0.13023151,code_token_name,high,0.993
2000,2000,LAWRENCE,2 2 WEST LORETTO,5022,005154,0.86696257,exact_name,high,1.0
2000,2000,LAWRENCE,2 2 WEST LORETTO,5022,005171,0.07124479,exact_name,high,1.0
2000,2000,LAWRENCE,2 2 WEST LORETTO,5022,005170,0.05264093,exact_name,high,1.0
2000,2000,LAWRENCE,2 2 WEST LORETTO,5022,005151,0.00829362,exact_name,high,1.0
2000,2000,LAWRENCE,2 2 WEST LORETTO,5022,005156,0.0008581,exact_name,high,1.0
2000,2000,LAWRENCE,2 3 EAST LORETTO,5080,005151,0.83947836,exact_name,high,1.0
2000,2000,LAWRENCE,2 3 EAST LORETTO,5080,005170,0.15751587,exact_name,high,1.0
2000,2000,LAWRENCE,2 3 EAST LORETTO,5080,005154,0.00293055,exact_name,high,1.0
2000,2000,LAWRENCE,2 3 EAST LORETTO,5080,005169,7.521e-05,exact_name,high,1.0
2000,2000,LAWRENCE,3 1 SOUTH EAST LW,5034,005153,0.71334692,code_token_name,high,0.993
2000,2000,LAWRENCE,3 1 SOUTH EAST LW,5034,005151,0.16530684,code_token_name,high,0.993
2000,2000,LAWRENCE,3 1 SOUTH EAST LW,5034,005169,0.12119242,code_token_name,high,0.993
2000,2000,LAWRENCE,3 1 SOUTH EAST LW,5034,005152,0.00015382,code_token_name,high,0.993
2000,2000,LAWRENCE,3 2 REVILO,5040,005152,0.65033919,exact_name,high,1.0
2000,2000,LAWRENCE,3 2 REVILO,5040,005153,0.27572418,exact_name,high,1.0
2000,2000,LAWRENCE,3 2 REVILO,5040,005169,0.0738579,exact_name,high,1.0
2000,2000,LAWRENCE,3 2 REVILO,5040,005158,7.872e-05,exact_name,high,1.0
2000,2000,LAWRENCE,3 3 DUNN,5042,005152,0.66593603,exact_name,high,1.0
2000,2000,LAWRENCE,3 3 DUNN,5042,005155,0.20321177,exact_name,high,1.0
2000,2000,LAWRENCE,3 3 DUNN,5042,005169,0.12968706,exact_name,high,1.0
2000,2000,LAWRENCE,3 3 DUNN,5042,005157,0.00094757,exact_name,high,1.0
2000,2000,LAWRENCE,3 3 DUNN,5042,005158,0.00021757,exact_name,high,1.0
2000,2000,LAWRENCE,3 4 FALL RIVER,5041,005152,0.99960924,exact_name,high,1.0
2000,2000,LAWRENCE,3 4 FALL RIVER,5041,005153,0.00039076,exact_name,high,1.0
2000,2000,LAWRENCE,4 1 NEW PUBLIC SCH,5090,005158,0.74301643,code_token_name,high,0.993
2000,2000,LAWRENCE,4 1 NEW PUBLIC SCH,5090,005152,0.14550754,code_token_name,high,0.993
2000,2000,LAWRENCE,4 1 NEW PUBLIC SCH,5090,005157,0.11130108,code_token_name,high,0.993
2000,2000,LAWRENCE,4 1 NEW PUBLIC SCH,5090,005168,0.00017496,code_token_name,high,0.993
2000,2000,LAWRENCE,4 1 NEW PUBLIC SCH,5090,005167,0.0,code_token_name,high,0.993
2000,2000,LAWRENCE,4 2 NEW PROSPECT,5090,005158,0.74301643,exact_name,high,1.0
2000,2000,LAWRENCE,4 2 NEW PROSPECT,5090,005152,0.14550754,exact_name,high,1.0
2000,2000,LAWRENCE,4 2 NEW PROSPECT,5090,005157,0.11130108,exact_name,high,1.0
2000,2000,LAWRENCE,4 2 NEW PROSPECT,5090,005168,0.00017496,exact_name,high,1.0
2000,2000,LAWRENCE,4 2 NEW PROSPECT,5090,005167,0.0,exact_name,high,1.0
2000,2000,LAWRENCE,4 3 MARS HILL,5092,005158,0.76289198,exact_name,high,1.0
2000,2000,LAWRENCE,4 3 MARS HILL,5092,005159,0.23639676,exact_name,high,1.0
2000,2000,LAWRENCE,4 3 MARS HILL,5092,005167,0.00071126,exact_name,high,1.0
2000,2000,LAWRENCE,5 1 DAVY CROCKETT,5032,005165,0.88971281,exact_name,high,1.0
2000,2000,LAWRENCE,5 1 DAVY CROCKETT,5032,005157,0.05877922,exact_name,high,1.0
2000,2000,LAWRENCE,5 1 DAVY CROCKETT,5032,005155,0.03495729,exact_name,high,1.0
2000,2000,LAWRENCE,5 1 DAVY CROCKETT,5032,005166,0.01655068,exact_name,high,1.0
2000,2000,LAWRENCE,5 2 PEA RIDGE,5070,005156,0.75485997,exact_name,high,1.0
2000,2000,LAWRENCE,5 2 PEA RIDGE,5070,005163,0.24507132,exact_name,high,1.0
2000,2000,LAWRENCE,5 2 PEA RIDGE,5070,005165,3.717e-05,exact_name,high,1.0
2000,2000,LAWRENCE,5 2 PEA RIDGE,5070,005172,3.154e-05,exact_name,high,1.0
2000,2000,LAWRENCE,5 3 WEST END,5072,005163,0.91252437,exact_name,high,1.0
2000,2000,LAWRENCE,5 3 WEST END,5072,005174,0.08565789,exact_name,high,1.0
2000,2000,LAWRENCE,5 3 WEST END,5072,005156,0.00180821,exact_name,high,1.0
2000,2000,LAWRENCE,5 3 WEST END,5072,005165,9.53e-06,exact_name,high,1.0
2000,2000,LAWRENCE,5 4 MIDWEST,5033,005163,0.54234479,exact_name,high,1.0
2000,2000,LAWRENCE,5 4 MIDWEST,5033,005165,0.45765146,exact_name,high,1.0
2000,2000,LAWRENCE,5 4 MIDWEST,5033,005164,3.63e-06,exact_name,high,1.0
2000,2000,LAWRENCE,5 4 MIDWEST,5033,005172,1.2e-07,exact_name,high,1.0
2000,2000,LAWRENCE,6 1 CRAWFISH VALL,5100,005164,0.60771118,code_token_name,high,0.993
2000,2000,LAWRENCE,6 1 CRAWFISH VALL,5100,005162,0.16864557,code_token_name,high,0.993
2000,2000,LAWRENCE,6 1 CRAWFISH VALL,5100,005165,0.1349835,code_token_name,high,0.993
2000,2000,LAWRENCE,6 1 CRAWFISH VALL,5100,005163,0.05106026,code_token_name,high,0.993
2000,2000,LAWRENCE,6 1 CRAWFISH VALL,5100,005174,0.03747095,code_token_name,high,0.993
2000,2000,LAWRENCE,6 1 CRAWFISH VALL,5100,005166,0.00012853,code_token_name,high,0.993
2000,2000,LAWRENCE,6 1 CRAWFISH VALL,5100,005167,1e-08,code_token_name,high,0.993
2000,2000,LAWRENCE,6 2 CENTER,5102,005174,0.86399052,exact_name,high,1.0
2000,2000,LAWRENCE,6 2 CENTER,5102,005163,0.1353024,exact_name,high,1.0
2000,2000,LAWRENCE,6 2 CENTER,5102,005162,0.00069785,exact_name,high,1.0
2000,2000,LAWRENCE,6 2 CENTER,5102,005164,9.23e-06,exact_name,high,1.0
2000,2000,LAWRENCE,6 3 HENRYVILLE,5110,005162,0.79206637,exact_name,high,1.0
2000,2000,LAWRENCE,6 3 HENRYVILLE,5110,005161,0.20735507,exact_name,high,1.0
2000,2000,LAWRENCE,6 3 HENRYVILLE,5110,005174,0.00045748,exact_name,high,1.0
2000,2000,LAWRENCE,6 3 HENRYVILLE,5110,005164,7.443e-05,exact_name,high,1.0
2000,2000,LAWRENCE,6 3 HENRYVILLE,5110,005160,4.666e-05,exact_name,high,1.0
2000,2000,LAWRENCE,6 4 SUMMERTOWN,5104,005161,0.78196238,exact_name,high,1.0
2000,2000,LAWRENCE,6 4 SUMMERTOWN,5104,005160,0.16898133,exact_name,high,1.0
2000,2000,LAWRENCE,6 4 SUMMERTOWN,5104,005162,0.04905629,exact_name,high,1.0
2000,2000,LAWRENCE,7 1 ETHRIDGE,5044,005173,0.40085617,exact_name,high,1.0
2000,2000,LAWRENCE,7 1 ETHRIDGE,5044,005159,0.24192568,exact_name,high,1.0
2000,2000,LAWRENCE,7 1 ETHRIDGE,5044,005164,0.23780028,exact_name,high,1.0
2000,2000,LAWRENCE,7 1 ETHRIDGE,5044,005160,0.11932215,exact_name,high,1.0
2000,2000,LAWRENCE,7 1 ETHRIDGE,5044,005158,8.981e-05,exact_name,high,1.0
2000,2000,LAWRENCE,7 1 ETHRIDGE,5044,005162,5.92e-06,exact_name,high,1.0
2000,2000,LAWRENCE,7 2 BRACE,5114,005160,0.51391306,exact_name,high,1.0
2000,2000,LAWRENCE,7 2 BRACE,5114,005164,0.48580353,exact_name,high,1.0
2000,2000,LAWRENCE,7 2 BRACE,5114,005162,0.00028341,exact_name,high,1.0
2000,2000,LAWRENCE,7 3 HOWARDS,5044,005173,0.40085617,code_token_name,high,0.993
2000,2000,LAWRENCE,7 3 HOWARDS,5044,005159,0.24192568,code_token_name,high,0.993
2000,2000,LAWRENCE,7 3 HOWARDS,5044,005164,0.23780028,code_token_name,high,0.993
2000,2000,LAWRENCE,7 3 HOWARDS,5044,005160,0.11932215,code_token_name,high,0.993
2000,2000,LAWRENCE,7 3 HOWARDS,5044,005158,8.981e-05,code_token_name,high,0.993
2000,2000,LAWRENCE,7 3 HOWARDS,5044,005162,5.92e-06,code_token_name,high,0.993
2000,2000,LAWRENCE,8 1 COURTHOUSE,5132,005166,0.98029646,exact_name,high,1.0
2000,2000,LAWRENCE,8 1 COURTHOUSE,5132,005164,0.01233215,exact_name,high,1.0
2000,2000,LAWRENCE,8 1 COURTHOUSE,5132,005165,0.00487341,exact_name,high,1.0
2000,2000,LAWRENCE,8 1 COURTHOUSE,5132,005167,0.00162517,exact_name,high,1.0
2000,2000,LAWRENCE,8 1 COURTHOUSE,5132,005168,0.00076258,exact_name,high,1.0
2000,2000,LAWRENCE,8 1 COURTHOUSE,5132,005157,0.00011023,exact_name,high,1.0
2000,2000,LAWRENCE,8 2 ROTARY PARK,5108,005164,0.49158171,exact_name,high,1.0
2000,2000,LAWRENCE,8 2 ROTARY PARK,5108,005167,0.32416878,exact_name,high,1.0
2000,2000,LAWRENCE,8 2 ROTARY PARK,5108,005166,0.18424951,exact_name,high,1.0
2000,2000,LAWRENCE,9 1 E O COFFMAN,5068,005168,0.9912665,exact_name,high,1.0
2000,2000,LAWRENCE,9 1 E O COFFMAN,5068,005157,0.0068872,exact_name,high,1.0
2000,2000,LAWRENCE,9 1 E O COFFMAN,5068,005166,0.0018269,exact_name,high,1.0
2000,2000,LAWRENCE,9 1 E O COFFMAN,5068,005158,1.94e-05,exact_name,high,1.0
2000,2000,LAWRENCE,9 2 SOWELL,5112,005168,0.7049205,exact_name,high,1.0
2000,2000,LAWRENCE,9 2 SOWELL,5112,005167,0.27511665,exact_name,high,1.0
2000,2000,LAWRENCE,9 2 SOWELL,5112,005158,0.01996285,exact_name,high,1.0
2000,2000,LAWRENCE,9 3 L C H,5064,005167,0.74453776,code_token_name,high,0.993
2000,2000,LAWRENCE,9 3 L C H,5064,005159,0.21035486,code_token_name,high,0.993
2000,2000,LAWRENCE,9 3 L C H,5064,005164,0.04477309,code_token_name,high,0.993
2000,2000,LAWRENCE,9 3 L C H,5064,005158,0.00030251,code_token_name,high,0.993
2000,2000,LAWRENCE,9 3 L C H,5064,005168,3.178e-05,code_token_name,high,0.993
2000,2000,LEWIS,1 1,5144,005254,0.72928075,exact_name,high,1.0
2000,2000,LEWIS,1 1,5144,005255,0.27071925,exact_name,high,1.0
2000,2000,LEWIS,1 2,5145,005254,0.99963515,exact_name,high,1.0
2000,2000,LEWIS,1 2,5145,005251,0.00036485,exact_name,high,1.0
2000,2000,LEWIS,2 1,5148,005251,0.99960639,exact_name,high,1.0
2000,2000,LEWIS,2 1,5148,005254,0.00025778,exact_name,high,1.0
2000,2000,LEWIS,2 1,5148,005253,0.00013583,exact_name,high,1.0
2000,2000,LEWIS,2 2,5152,005251,0.93407112,exact_name,high,1.0
2000,2000,LEWIS,2 2,5152,005258,0.06521044,exact_name,high,1.0
2000,2000,LEWIS,2 2,5152,005253,0.00024947,exact_name,high,1.0
2000,2000,LEWIS,2 2,5152,005254,0.00024753,exact_name,high,1.0
2000,2000,LEWIS,2 2,5152,005255,0.00014698,exact_name,high,1.0
2000,2000,LEWIS,2 2,5152,005257,7.445e-05,exact_name,high,1.0
2000,2000,LEWIS,3 1,5160,005253,0.9537643,exact_name,high,1.0
2000,2000,LEWIS,3 1,5160,005256,0.04543356,exact_name,high,1.0
2000,2000,LEWIS,3 1,5160,005258,0.00040162,exact_name,high,1.0
2000,2000,LEWIS,3 1,5160,005251,0.00040053,exact_name,high,1.0
2000,2000,LEWIS,3 2,5164,005253,0.98443397,exact_name,high,1.0
2000,2000,LEWIS,3 2,5164,005256,0.01544041,exact_name,high,1.0
2000,2000,LEWIS,3 2,5164,005252,0.00012562,exact_name,high,1.0
2000,2000,LEWIS,4 1,5168,005252,0.92247905,exact_name,high,1.0
2000,2000,LEWIS,4 1,5168,005257,0.04091442,exact_name,high,1.0
2000,2000,LEWIS,4 1,5168,005253,0.03450269,exact_name,high,1.0
2000,2000,LEWIS,4 1,5168,005259,0.00208904,exact_name,high,1.0
2000,2000,LEWIS,4 1,5168,005255,8.06e-06,exact_name,high,1.0
2000,2000,LEWIS,4 1,5168,005256,6.73e-06,exact_name,high,1.0
2000,2000,LEWIS,5 1,5176,005255,0.69855044,exact_name,high,1.0
2000,2000,LEWIS,5 1,5176,005257,0.15396357,exact_name,high,1.0
2000,2000,LEWIS,5 1,5176,005254,0.06801235,exact_name,high,1.0
2000,2000,LEWIS,5 1,5176,005251,0.05064214,exact_name,high,1.0
2000,2000,LEWIS,5 1,5176,005258,0.02871038,exact_name,high,1.0
2000,2000,LEWIS,5 1,5176,005252,0.00012113,exact_name,high,1.0
2000,2000,LEWIS,5 2,5180,005255,0.94511559,exact_name,high,1.0
2000,2000,LEWIS,5 2,5180,005252,0.05083196,exact_name,high,1.0
2000,2000,LEWIS,5 2,5180,005257,0.00405245,exact_name,high,1.0
2000,2000,LEWIS,6 1,5184,005256,0.92608496,exact_name,high,1.0
2000,2000,LEWIS,6 1,5184,005253,0.07083242,exact_name,high,1.0
2000,2000,LEWIS,6 1,5184,005259,0.00255886,exact_name,high,1.0
2000,2000,LEWIS,6 1,5184,005258,0.00049406,exact_name,high,1.0
2000,2000,LEWIS,6 1,5184,005257,2.741e-05,exact_name,high,1.0
2000,2000,LEWIS,6 1,5184,005252,2.29e-06,exact_name,high,1.0
2000,2000,LEWIS,7 1,5188,005257,0.67216419,exact_name,high,1.0
2000,2000,LEWIS,7 1,5188,005259,0.15719023,exact_name,high,1.0
2000,2000,LEWIS,7 1,5188,005258,0.14721609,exact_name,high,1.0
2000,2000,LEWIS,7 1,5188,005256,0.02342948,exact_name,high,1.0
2000,2000,LEWIS,8 1,5192,005258,0.99311495,exact_name,high,1.0
2000,2000,LEWIS,8 1,5192,005259,0.0055111,exact_name,high,1.0
2000,2000,LEWIS,8 1,5192,005253,0.000958,exact_name,high,1.0
2000,2000,LEWIS,8 1,5192,005256,0.00041543,exact_name,high,1.0
2000,2000,LEWIS,8 1,5192,005251,5.2e-07,exact_name,high,1.0
2000,2000,LEWIS,9 1,5191,005259,0.58000362,exact_name,high,1.0
2000,2000,LEWIS,9 1,5191,005256,0.18961227,exact_name,high,1.0
2000,2000,LEWIS,9 1,5191,005257,0.17175746,exact_name,high,1.0
2000,2000,LEWIS,9 1,5191,005252,0.05862648,exact_name,high,1.0
2000,2000,LEWIS,9 1,5191,005253,1.6e-07,exact_name,high,1.0
2000,2000,LINCOLN,01 BLANCHE,0003,0003,1.0,code_token_name,high,0.993
2000,2000,LINCOLN,02 MOLINO FIRE TH6,0006,0006,1.0,code_token_name,high,0.993
2000,2000,LINCOLN,03 MOLINO FIRE TH6,0007,0007,1.0,code_token_name,high,0.993
2000,2000,LINCOLN,04 TAFT FIREHALL,0010,0010,1.0,code_token_name,high,0.993
2000,2000,LINCOLN,05 BOONSHILL,0011,0011,1.0,code_token_name,high,0.993
2000,2000,LINCOLN,06 HOWELL FIRE TH,0014,0014,1.0,code_token_name,high,0.993
2000,2000,LINCOLN,07 HOWELL FIRE TH,0016,0016,1.0,code_token_name,high,0.993
2000,2000,LINCOLN,08 PETERSBURG TH,0019,0019,1.0,code_token_name,high,0.993
2000,2000,LINCOLN,09 PETERSBURG TH,0009,0009,1.0,token_vtd,high,1.0
2000,2000,LINCOLN,10 COURTHOUSE,0010,0010,1.0,token_vtd,high,1.0
2000,2000,LINCOLN,11 T PKWY FIRE TH6,0011,0011,1.0,token_vtd,high,1.0
2000,2000,LINCOLN,12 T PKWY FIRE TH6,0012,0012,1.0,token_vtd,high,1.0
2000,2000,LINCOLN,13 HIGHLAND RIM,0013,0013,1.0,token_vtd,high,1.0
2000,2000,LINCOLN,14 ARMORY,0014,0014,1.0,token_vtd,high,1.0
2000,2000,LINCOLN,15 CENTRAL,0015,0015,1.0,token_vtd,high,1.0
2000,2000,LINCOLN,16 CO HWY GAR TH,0016,0016,1.0,token_vtd,high,1.0
2000,2000,LINCOLN,17 CO HWY GAR TH,0017,0017,1.0,token_vtd,high,1.0
2000,2000,LINCOLN,18 ASKINS,0018,0018,1.0,token_vtd,high,1.0
2000,2000,LINCOLN,19 BELLEVILLE,0019,0019,1.0,token_vtd,high,1.0
2000,2000,LINCOLN,20 REC CENTER,0020,0020,1.0,token_vtd,high,1.0
2000,2000,LOUDON,01 BEALS CHAPEL,0001,0001,1.0,token_vtd,high,1.0
2000,2000,LOUDON,02 BROWDER,0002,0002,1.0,token_vtd,high,1.0
2000,2000,LOUDON,03 DAVIS,0003,0003,1.0,token_vtd,high,1.0
2000,2000,LOUDON,04 EATONS,0004,0004,1.0,token_vtd,high,1.0
2000,2000,LOUDON,05 GLENDALE,0005,0005,1.0,token_vtd,high,1.0
2000,2000,LOUDON,06 GREENBACK,0006,0006,1.0,token_vtd,high,1.0
2000,2000,LOUDON,07 HIGHLAND PARK,0007,0007,1.0,token_vtd,high,1.0
2000,2000,LOUDON,08 LENOIR CITY EAS,0008,0008,1.0,token_vtd,high,1.0
2000,2000,LOUDON,09 LENOIR CITY OUT,0009,0009,1.0,token_vtd,high,1.0
2000,2000,LOUDON,10 LENOIR CITY WE,0010,0010,1.0,token_vtd,high,1.0
2000,2000,LOUDON,11 LOUDON EAST,0011,0011,1.0,token_vtd,high,1.0
2000,2000,LOUDON,12 LOUDON OUTSID,0012,0012,1.0,token_vtd,high,1.0
2000,2000,LOUDON,13 LOUDON WEST,0013,0013,1.0,token_vtd,high,1.0
2000,2000,LOUDON,14 LUTTRELL,0014,0014,1.0,token_vtd,high,1.0
2000,2000,LOUDON,15 PHILA,0015,0015,1.0,token_vtd,high,1.0
2000,2000,MACON,01 NAT L GUARD A,5340,005558,0.37570691,code_token_name,high,0.993
2000,2000,MACON,01 NAT L GUARD A,5340,005557,0.32753236,code_token_name,high,0.993
2000,2000,MACON,01 NAT L GUARD A,5340,005555,0.2872994,code_token_name,high,0.993
2000,2000,MACON,01 NAT L GUARD A,5340,005559,0.00916548,code_token_name,high,0.993
2000,2000,MACON,01 NAT L GUARD A,5340,005556,0.0001638,code_token_name,high,0.993
2000,2000,MACON,01 NAT L GUARD A,5340,005560,0.00013205,code_token_name,high,0.993
2000,2000,MACON,02 CROSS ROADS,5344,005558,0.46024995,exact_name,high,1.0
2000,2000,MACON,02 CROSS ROADS,5344,005556,0.4592627,exact_name,high,1.0
2000,2000,MACON,02 CROSS ROADS,5344,005557,0.08044584,exact_name,high,1.0
2000,2000,MACON,02 CROSS ROADS,5344,005555,4.15e-05,exact_name,high,1.0
2000,2000,MACON,03 WESTSIDE,5348,005555,0.68820591,exact_name,high,1.0
2000,2000,MACON,03 WESTSIDE,5348,005557,0.31179409,exact_name,high,1.0
2000,2000,MACON,04 ARMORY,5352,005557,0.71030919,exact_name,high,1.0
2000,2000,MACON,04 ARMORY,5352,005554,0.25028447,exact_name,high,1.0
2000,2000,MACON,04 ARMORY,5352,005552,0.03831811,exact_name,high,1.0
2000,2000,MACON,04 ARMORY,5352,005560,0.00108822,exact_name,high,1.0
2000,2000,MACON,05 WILLIAMS,5356,005558,0.56445481,exact_name,high,1.0
2000,2000,MACON,05 WILLIAMS,5356,005553,0.43534617,exact_name,high,1.0
2000,2000,MACON,05 WILLIAMS,5356,005559,0.00019894,exact_name,high,1.0
2000,2000,MACON,05 WILLIAMS,5356,005554,8e-08,exact_name,high,1.0
2000,2000,MACON,06 RED BOILING HS,5360,005552,0.76429401,code_token_name,high,0.993
2000,2000,MACON,06 RED BOILING HS,5360,005551,0.23570599,code_token_name,high,0.993
2000,2000,MACON,07 WILLETTE,5364,005552,1.0,exact_name,high,1.0
2000,2000,MACON,08 JR HIGH SCHOOL,5368,005552,0.64644559,code_token_name,high,0.993
2000,2000,MACON,08 JR HIGH SCHOOL,5368,005554,0.35319908,code_token_name,high,0.993
2000,2000,MACON,08 JR HIGH SCHOOL,5368,005560,0.00035533,code_token_name,high,0.993
2000,2000,MACON,09 GALEN,5372,005553,0.99919909,exact_name,high,1.0
2000,2000,MACON,09 GALEN,5372,005558,0.00079968,exact_name,high,1.0
2000,2000,MACON,09 GALEN,5372,005554,1.23e-06,exact_name,high,1.0
2000,2000,MACON,10 JR HIGH SCHOOL,5376,005552,0.4355314,code_token_name,high,0.993
2000,2000,MACON,10 JR HIGH SCHOOL,5376,005553,0.37102322,code_token_name,high,0.993
2000,2000,MACON,10 JR HIGH SCHOOL,5376,005554,0.18625597,code_token_name,high,0.993
2000,2000,MACON,10 JR HIGH SCHOOL,5376,005551,0.00718941,code_token_name,high,0.993
2000,2000,MACON,11 CROSS ROADS,5380,005556,0.93367216,exact_name,high,1.0
2000,2000,MACON,11 CROSS ROADS,5380,005555,0.06623328,exact_name,high,1.0
2000,2000,MACON,11 CROSS ROADS,5380,005558,9.456e-05,exact_name,high,1.0
2000,2000,MACON,12 RED BOILING HS,5384,005551,0.76191024,code_token_name,high,0.993
2000,2000,MACON,12 RED BOILING HS,5384,005553,0.17455195,code_token_name,high,0.993
2000,2000,MACON,12 RED BOILING HS,5384,005552,0.06353781,code_token_name,high,0.993
2000,2000,MACON,13 MIDDLE SCHOOL,5388,005559,0.74609714,exact_name,high,1.0
2000,2000,MACON,13 MIDDLE SCHOOL,5388,005558,0.21923906,exact_name,high,1.0
2000,2000,MACON,13 MIDDLE SCHOOL,5388,005560,0.0346638,exact_name,high,1.0
2000,2000,MACON,14 POLICE STA,5392,005560,0.60321128,code_token_name,high,0.993
2000,2000,MACON,14 POLICE STA,5392,005559,0.39479707,code_token_name,high,0.993
2000,2000,MACON,14 POLICE STA,5392,005554,0.00199165,code_token_name,high,0.993
2000,2000,MACON,15 FAIRLANE,5396,005560,0.9331716,exact_name,high,1.0
2000,2000,MACON,15 FAIRLANE,5396,005559,0.04158628,exact_name,high,1.0
2000,2000,MACON,15 FAIRLANE,5396,005557,0.01942781,exact_name,high,1.0
2000,2000,MACON,15 FAIRLANE,5396,005554,0.0058143,exact_name,high,1.0
2000,2000,MACON,16 FAIRLANE,5400,005560,0.43137931,exact_name,high,1.0
2000,2000,MACON,16 FAIRLANE,5400,005557,0.34146907,exact_name,high,1.0
2000,2000,MACON,16 FAIRLANE,5400,005558,0.19199199,exact_name,high,1.0
2000,2000,MACON,16 FAIRLANE,5400,005559,0.03515963,exact_name,high,1.0
2000,2000,MACON,17 CENTRAL SCHOO,5404,005559,0.9495962,code_token_name,high,0.993
2000,2000,MACON,17 CENTRAL SCHOO,5404,005554,0.04780982,code_token_name,high,0.993
2000,2000,MACON,17 CENTRAL SCHOO,5404,005558,0.00154347,code_token_name,high,0.993
2000,2000,MACON,17 CENTRAL SCHOO,5404,005553,0.00105052,code_token_name,high,0.993
2000,2000,MACON,18 CENTRAL SCHOO,5408,005554,0.84434504,code_token_name,high,0.993
2000,2000,MACON,18 CENTRAL SCHOO,5408,005553,0.07106022,code_token_name,high,0.993
2000,2000,MACON,18 CENTRAL SCHOO,5408,005559,0.04526538,code_token_name,high,0.993
2000,2000,MACON,18 CENTRAL SCHOO,5408,005560,0.03932937,code_token_name,high,0.993
2000,2000,MACON,19 RED BOILING HS,5412,005551,0.74856954,code_token_name,high,0.993
2000,2000,MACON,19 RED BOILING HS,5412,005553,0.14308524,code_token_name,high,0.993
2000,2000,MACON,19 RED BOILING HS,5412,005552,0.10834523,code_token_name,high,0.993
2000,2000,MACON,20 WESTSIDE,5416,005555,0.68307654,exact_name,high,1.0
2000,2000,MACON,20 WESTSIDE,5416,005556,0.30044955,exact_name,high,1.0
2000,2000,MACON,20 WESTSIDE,5416,005557,0.01647391,exact_name,high,1.0
2000,2000,MADISON,01 1 LAW ENFORCE,5440,005651,0.59412378,code_token_name,high,0.993
2000,2000,MADISON,01 1 LAW ENFORCE,5440,005656,0.40333647,code_token_name,high,0.993
2000,2000,MADISON,01 1 LAW ENFORCE,5440,005664,0.00203715,code_token_name,high,0.993
2000,2000,MADISON,01 1 LAW ENFORCE,5440,005652,0.00036579,code_token_name,high,0.993
2000,2000,MADISON,01 1 LAW ENFORCE,5440,005682,0.00012979,code_token_name,high,0.993
2000,2000,MADISON,01 1 LAW ENFORCE,5440,005663,7e-06,code_token_name,high,0.993
2000,2000,MADISON,01 1 LAW ENFORCE,5440,005672,2e-08,code_token_name,high,0.993
2000,2000,MADISON,01 2 WASH DOUGLA,5440,005651,0.59412378,code_token_name,high,0.993
2000,2000,MADISON,01 2 WASH DOUGLA,5440,005656,0.40333647,code_token_name,high,0.993
2000,2000,MADISON,01 2 WASH DOUGLA,5440,005664,0.00203715,code_token_name,high,0.993
2000,2000,MADISON,01 2 WASH DOUGLA,5440,005652,0.00036579,code_token_name,high,0.993
2000,2000,MADISON,01 2 WASH DOUGLA,5440,005682,0.00012979,code_token_name,high,0.993
2000,2000,MADISON,01 2 WASH DOUGLA,5440,005663,7e-06,code_token_name,high,0.993
2000,2000,MADISON,01 2 WASH DOUGLA,5440,005672,2e-08,code_token_name,high,0.993
2000,2000,MADISON,02 1 ALEXANDER EL,5450,005671,0.52567497,code_token_name,high,0.993
2000,2000,MADISON,02 1 ALEXANDER EL,5450,005651,0.47430654,code_token_name,high,0.993
2000,2000,MADISON,02 1 ALEXANDER EL,5450,005654,1.85e-05,code_token_name,high,0.993
2000,2000,MADISON,02 2 WEST JACKSON,5450,005671,0.52567497,code_token_name,high,0.993
2000,2000,MADISON,02 2 WEST JACKSON,5450,005651,0.47430654,code_token_name,high,0.993
2000,2000,MADISON,02 2 WEST JACKSON,5450,005654,1.85e-05,code_token_name,high,0.993
2000,2000,MADISON,02 3 TIGRETT MIDDL,5450,005671,0.52567497,code_token_name,high,0.993
2000,2000,MADISON,02 3 TIGRETT MIDDL,5450,005651,0.47430654,code_token_name,high,0.993
2000,2000,MADISON,02 3 TIGRETT MIDDL,5450,005654,1.85e-05,code_token_name,high,0.993
2000,2000,MADISON,02 4 HIGHLAND PAR,5450,005671,0.52567497,code_token_name,high,0.993
2000,2000,MADISON,02 4 HIGHLAND PAR,5450,005651,0.47430654,code_token_name,high,0.993
2000,2000,MADISON,02 4 HIGHLAND PAR,5450,005654,1.85e-05,code_token_name,high,0.993
2000,2000,MADISON,03 1 BD EDUC,5460,005678,0.45336724,code_token_name,high,0.993
2000,2000,MADISON,03 1 BD EDUC,5460,005677,0.42078177,code_token_name,high,0.993
2000,2000,MADISON,03 1 BD EDUC,5460,005656,0.12547945,code_token_name,high,0.993
2000,2000,MADISON,03 1 BD EDUC,5460,005674,0.00025868,code_token_name,high,0.993
2000,2000,MADISON,03 1 BD EDUC,5460,005675,8.476e-05,code_token_name,high,0.993
2000,2000,MADISON,03 1 BD EDUC,5460,005679,2.342e-05,code_token_name,high,0.993
2000,2000,MADISON,03 1 BD EDUC,5460,005676,4.68e-06,code_token_name,high,0.993
2000,2000,MADISON,03 2 OLD BELLS FIRE,5460,005678,0.45336724,code_token_name,high,0.993
2000,2000,MADISON,03 2 OLD BELLS FIRE,5460,005677,0.42078177,code_token_name,high,0.993
2000,2000,MADISON,03 2 OLD BELLS FIRE,5460,005656,0.12547945,code_token_name,high,0.993
2000,2000,MADISON,03 2 OLD BELLS FIRE,5460,005674,0.00025868,code_token_name,high,0.993
2000,2000,MADISON,03 2 OLD BELLS FIRE,5460,005675,8.476e-05,code_token_name,high,0.993
2000,2000,MADISON,03 2 OLD BELLS FIRE,5460,005679,2.342e-05,code_token_name,high,0.993
2000,2000,MADISON,03 2 OLD BELLS FIRE,5460,005676,4.68e-06,code_token_name,high,0.993
2000,2000,MADISON,04 1 NO PARKWAY,5470,005655,0.58138428,code_token_name,high,0.993
2000,2000,MADISON,04 1 NO PARKWAY,5470,005671,0.26642864,code_token_name,high,0.993
2000,2000,MADISON,04 1 NO PARKWAY,5470,005654,0.15172734,code_token_name,high,0.993
2000,2000,MADISON,04 1 NO PARKWAY,5470,005673,0.00045947,code_token_name,high,0.993
2000,2000,MADISON,04 1 NO PARKWAY,5470,005672,2.7e-07,code_token_name,high,0.993
2000,2000,MADISON,04 2 A JACKSON ELE,5470,005655,0.58138428,code_token_name,high,0.993
2000,2000,MADISON,04 2 A JACKSON ELE,5470,005671,0.26642864,code_token_name,high,0.993
2000,2000,MADISON,04 2 A JACKSON ELE,5470,005654,0.15172734,code_token_name,high,0.993
2000,2000,MADISON,04 2 A JACKSON ELE,5470,005673,0.00045947,code_token_name,high,0.993
2000,2000,MADISON,04 2 A JACKSON ELE,5470,005672,2.7e-07,code_token_name,high,0.993
2000,2000,MADISON,04 3 CALVARY BAPTI,5470,005655,0.58138428,code_token_name,high,0.993
2000,2000,MADISON,04 3 CALVARY BAPTI,5470,005671,0.26642864,code_token_name,high,0.993
2000,2000,MADISON,04 3 CALVARY BAPTI,5470,005654,0.15172734,code_token_name,high,0.993
2000,2000,MADISON,04 3 CALVARY BAPTI,5470,005673,0.00045947,code_token_name,high,0.993
2000,2000,MADISON,04 3 CALVARY BAPTI,5470,005672,2.7e-07,code_token_name,high,0.993
2000,2000,MADISON,05 1 WHITEHALL ELE,5480,005652,0.51549643,code_token_name,high,0.993
2000,2000,MADISON,05 1 WHITEHALL ELE,5480,005653,0.46645373,code_token_name,high,0.993
2000,2000,MADISON,05 1 WHITEHALL ELE,5480,005664,0.01664472,code_token_name,high,0.993
2000,2000,MADISON,05 1 WHITEHALL ELE,5480,005667,0.00084961,code_token_name,high,0.993
2000,2000,MADISON,05 1 WHITEHALL ELE,5480,005654,0.0005555,code_token_name,high,0.993
2000,2000,MADISON,05 2 LINCOLN ELEM,5480,005652,0.51549643,code_token_name,high,0.993
2000,2000,MADISON,05 2 LINCOLN ELEM,5480,005653,0.46645373,code_token_name,high,0.993
2000,2000,MADISON,05 2 LINCOLN ELEM,5480,005664,0.01664472,code_token_name,high,0.993
2000,2000,MADISON,05 2 LINCOLN ELEM,5480,005667,0.00084961,code_token_name,high,0.993
2000,2000,MADISON,05 2 LINCOLN ELEM,5480,005654,0.0005555,code_token_name,high,0.993
2000,2000,MADISON,06 1 SOUTHSIDE HS,5490,005682,0.95201583,code_token_name,high,0.993
2000,2000,MADISON,06 1 SOUTHSIDE HS,5490,005663,0.04323714,code_token_name,high,0.993
2000,2000,MADISON,06 1 SOUTHSIDE HS,5490,005660,0.00375406,code_token_name,high,0.993
2000,2000,MADISON,06 1 SOUTHSIDE HS,5490,005657,0.00066958,code_token_name,high,0.993
2000,2000,MADISON,06 1 SOUTHSIDE HS,5490,005651,0.00032321,code_token_name,high,0.993
2000,2000,MADISON,06 1 SOUTHSIDE HS,5490,005656,1.8e-07,code_token_name,high,0.993
2000,2000,MADISON,06 2 SO ELEMENTAR,5490,005682,0.95201583,code_token_name,high,0.993
2000,2000,MADISON,06 2 SO ELEMENTAR,5490,005663,0.04323714,code_token_name,high,0.993
2000,2000,MADISON,06 2 SO ELEMENTAR,5490,005660,0.00375406,code_token_name,high,0.993
2000,2000,MADISON,06 2 SO ELEMENTAR,5490,005657,0.00066958,code_token_name,high,0.993
2000,2000,MADISON,06 2 SO ELEMENTAR,5490,005651,0.00032321,code_token_name,high,0.993
2000,2000,MADISON,06 2 SO ELEMENTAR,5490,005656,1.8e-07,code_token_name,high,0.993
2000,2000,MADISON,06 3 LESTERS FIRES,5490,005682,0.95201583,code_token_name,high,0.993
2000,2000,MADISON,06 3 LESTERS FIRES,5490,005663,0.04323714,code_token_name,high,0.993
2000,2000,MADISON,06 3 LESTERS FIRES,5490,005660,0.00375406,code_token_name,high,0.993
2000,2000,MADISON,06 3 LESTERS FIRES,5490,005657,0.00066958,code_token_name,high,0.993
2000,2000,MADISON,06 3 LESTERS FIRES,5490,005651,0.00032321,code_token_name,high,0.993
2000,2000,MADISON,06 3 LESTERS FIRES,5490,005656,1.8e-07,code_token_name,high,0.993
2000,2000,MADISON,06 4 MALESUS,5490,005682,0.95201583,code_token_name,high,0.993
2000,2000,MADISON,06 4 MALESUS,5490,005663,0.04323714,code_token_name,high,0.993
2000,2000,MADISON,06 4 MALESUS,5490,005660,0.00375406,code_token_name,high,0.993
2000,2000,MADISON,06 4 MALESUS,5490,005657,0.00066958,code_token_name,high,0.993
2000,2000,MADISON,06 4 MALESUS,5490,005651,0.00032321,code_token_name,high,0.993
2000,2000,MADISON,06 4 MALESUS,5490,005656,1.8e-07,code_token_name,high,0.993
2000,2000,MADISON,06 5 MEDON CITY HA,5490,005682,0.95201583,code_token_name,high,0.993
2000,2000,MADISON,06 5 MEDON CITY HA,5490,005663,0.04323714,code_token_name,high,0.993
2000,2000,MADISON,06 5 MEDON CITY HA,5490,005660,0.00375406,code_token_name,high,0.993
2000,2000,MADISON,06 5 MEDON CITY HA,5490,005657,0.00066958,code_token_name,high,0.993
2000,2000,MADISON,06 5 MEDON CITY HA,5490,005651,0.00032321,code_token_name,high,0.993
2000,2000,MADISON,06 5 MEDON CITY HA,5490,005656,1.8e-07,code_token_name,high,0.993
2000,2000,MADISON,07 1 DENMARK ELEM,5500,005657,0.58619494,code_token_name,high,0.993
2000,2000,MADISON,07 1 DENMARK ELEM,5500,005658,0.34744778,code_token_name,high,0.993
2000,2000,MADISON,07 1 DENMARK ELEM,5500,005656,0.06630333,code_token_name,high,0.993
2000,2000,MADISON,07 1 DENMARK ELEM,5500,005659,5.395e-05,code_token_name,high,0.993
2000,2000,MADISON,07 2 PROVIDENCE FI,5500,005657,0.58619494,code_token_name,high,0.993
2000,2000,MADISON,07 2 PROVIDENCE FI,5500,005658,0.34744778,code_token_name,high,0.993
2000,2000,MADISON,07 2 PROVIDENCE FI,5500,005656,0.06630333,code_token_name,high,0.993
2000,2000,MADISON,07 2 PROVIDENCE FI,5500,005659,5.395e-05,code_token_name,high,0.993
2000,2000,MADISON,07 3 MADISON HALL,5500,005657,0.58619494,code_token_name,high,0.993
2000,2000,MADISON,07 3 MADISON HALL,5500,005658,0.34744778,code_token_name,high,0.993
2000,2000,MADISON,07 3 MADISON HALL,5500,005656,0.06630333,code_token_name,high,0.993
2000,2000,MADISON,07 3 MADISON HALL,5500,005659,5.395e-05,code_token_name,high,0.993
2000,2000,MADISON,07 4 MERCER FIRE,5500,005657,0.58619494,code_token_name,high,0.993
2000,2000,MADISON,07 4 MERCER FIRE,5500,005658,0.34744778,code_token_name,high,0.993
2000,2000,MADISON,07 4 MERCER FIRE,5500,005656,0.06630333,code_token_name,high,0.993
2000,2000,MADISON,07 4 MERCER FIRE,5500,005659,5.395e-05,code_token_name,high,0.993
2000,2000,MADISON,08 1 BEECH BLUFF,5510,005666,0.72274271,code_token_name,high,0.993
2000,2000,MADISON,08 1 BEECH BLUFF,5510,005667,0.27683455,code_token_name,high,0.993
2000,2000,MADISON,08 1 BEECH BLUFF,5510,005664,0.00039912,code_token_name,high,0.993
2000,2000,MADISON,08 1 BEECH BLUFF,5510,005665,2.362e-05,code_token_name,high,0.993
2000,2000,MADISON,08 2 BROWN S FIRE,5510,005666,0.72274271,code_token_name,high,0.993
2000,2000,MADISON,08 2 BROWN S FIRE,5510,005667,0.27683455,code_token_name,high,0.993
2000,2000,MADISON,08 2 BROWN S FIRE,5510,005664,0.00039912,code_token_name,high,0.993
2000,2000,MADISON,08 2 BROWN S FIRE,5510,005665,2.362e-05,code_token_name,high,0.993
2000,2000,MADISON,08 3 MIFFLIN FIRE,5510,005666,0.72274271,code_token_name,high,0.993
2000,2000,MADISON,08 3 MIFFLIN FIRE,5510,005667,0.27683455,code_token_name,high,0.993
2000,2000,MADISON,08 3 MIFFLIN FIRE,5510,005664,0.00039912,code_token_name,high,0.993
2000,2000,MADISON,08 3 MIFFLIN FIRE,5510,005665,2.362e-05,code_token_name,high,0.993
2000,2000,MADISON,08 4 EAST UNION CC,5510,005666,0.72274271,code_token_name,high,0.993
2000,2000,MADISON,08 4 EAST UNION CC,5510,005667,0.27683455,code_token_name,high,0.993
2000,2000,MADISON,08 4 EAST UNION CC,5510,005664,0.00039912,code_token_name,high,0.993
2000,2000,MADISON,08 4 EAST UNION CC,5510,005665,2.362e-05,code_token_name,high,0.993
2000,2000,MADISON,09 1 NORTHSIDE HS,5520,005676,0.61785981,code_token_name,high,0.993
2000,2000,MADISON,09 1 NORTHSIDE HS,5520,005675,0.23002244,code_token_name,high,0.993
2000,2000,MADISON,09 1 NORTHSIDE HS,5520,005669,0.15068433,code_token_name,high,0.993
2000,2000,MADISON,09 1 NORTHSIDE HS,5520,005673,0.00129612,code_token_name,high,0.993
2000,2000,MADISON,09 1 NORTHSIDE HS,5520,005680,0.00013729,code_token_name,high,0.993
2000,2000,MADISON,09 2 POPE ELEM,5520,005676,0.61785981,code_token_name,high,0.993
2000,2000,MADISON,09 2 POPE ELEM,5520,005675,0.23002244,code_token_name,high,0.993
2000,2000,MADISON,09 2 POPE ELEM,5520,005669,0.15068433,code_token_name,high,0.993
2000,2000,MADISON,09 2 POPE ELEM,5520,005673,0.00129612,code_token_name,high,0.993
2000,2000,MADISON,09 2 POPE ELEM,5520,005680,0.00013729,code_token_name,high,0.993
2000,2000,MADISON,09 3 VFW,5520,005676,0.61785981,code_token_name,high,0.993
2000,2000,MADISON,09 3 VFW,5520,005675,0.23002244,code_token_name,high,0.993
2000,2000,MADISON,09 3 VFW,5520,005669,0.15068433,code_token_name,high,0.993
2000,2000,MADISON,09 3 VFW,5520,005673,0.00129612,code_token_name,high,0.993
2000,2000,MADISON,09 3 VFW,5520,005680,0.00013729,code_token_name,high,0.993
2000,2000,MADISON,09 4 FIRESTA 5,5520,005676,0.61785981,code_token_name,high,0.993
2000,2000,MADISON,09 4 FIRESTA 5,5520,005675,0.23002244,code_token_name,high,0.993
2000,2000,MADISON,09 4 FIRESTA 5,5520,005669,0.15068433,code_token_name,high,0.993
2000,2000,MADISON,09 4 FIRESTA 5,5520,005673,0.00129612,code_token_name,high,0.993
2000,2000,MADISON,09 4 FIRESTA 5,5520,005680,0.00013729,code_token_name,high,0.993
2000,2000,MADISON,09 5 W JACKSON BA,5520,005676,0.61785981,code_token_name,high,0.993
2000,2000,MADISON,09 5 W JACKSON BA,5520,005675,0.23002244,code_token_name,high,0.993
2000,2000,MADISON,09 5 W JACKSON BA,5520,005669,0.15068433,code_token_name,high,0.993
2000,2000,MADISON,09 5 W JACKSON BA,5520,005673,0.00129612,code_token_name,high,0.993
2000,2000,MADISON,09 5 W JACKSON BA,5520,005680,0.00013729,code_token_name,high,0.993
2000,2000,MADISON,10 1 SPRING CRK FIR,5530,005683,0.99958295,code_token_name,high,0.993
2000,2000,MADISON,10 1 SPRING CRK FIR,5530,005668,0.00041705,code_token_name,high,0.993
2000,2000,MADISON,10 2 NOVA ELEM,5530,005683,0.99958295,code_token_name,high,0.993
2000,2000,MADISON,10 2 NOVA ELEM,5530,005668,0.00041705,code_token_name,high,0.993
2000,2000,MADISON,10 3 FAIRVIEW 3 WA,5530,005683,0.99958295,code_token_name,high,0.993
2000,2000,MADISON,10 3 FAIRVIEW 3 WA,5530,005668,0.00041705,code_token_name,high,0.993
2000,2000,MARION,01 SOUTH PITTSBUR,0001,0001,1.0,token_vtd,high,1.0
2000,2000,MARION,02 RICHARD CITY,0002,0002,1.0,token_vtd,high,1.0
2000,2000,MARION,03 NEW HOPE,0003,0003,1.0,token_vtd,high,1.0
2000,2000,MARION,04 ORME,0004,0004,1.0,token_vtd,high,1.0
2000,2000,MARION,05 LODGE,0005,0005,1.0,token_vtd,high,1.0
2000,2000,MARION,06 BATTLE CREEK,0006,0006,1.0,token_vtd,high,1.0
2000,2000,MARION,07 JUMPOFF,0007,0007,1.0,token_vtd,high,1.0
2000,2000,MARION,08 MONTEAGLE,0008,0008,1.0,token_vtd,high,1.0
2000,2000,MARION,09 KIMBALL,0009,0009,1.0,token_vtd,high,1.0
2000,2000,MARION,10 SHELLMOUND,0010,0010,1.0,token_vtd,high,1.0
2000,2000,MARION,11 HALETOWN LADD,0011,0011,1.0,token_vtd,high,1.0
2000,2000,MARION,12 WHITESIDE,0012,0012,1.0,token_vtd,high,1.0
2000,2000,MARION,13 RICHIES STORE,0013,0013,1.0,token_vtd,high,1.0
2000,2000,MARION,14 JASPER,0014,0014,1.0,token_vtd,high,1.0
2000,2000,MARION,15 CEDAR GROVE,0015,0015,1.0,token_vtd,high,1.0
2000,2000,MARION,16 FOSTER FALLS,0016,0016,1.0,token_vtd,high,1.0
2000,2000,MARION,17 GRIFFITH CREEK,0017,0017,1.0,token_vtd,high,1.0
2000,2000,MARSHALL,1 1 CHAPEL HILL,5716,005854,0.58737834,exact_name,high,1.0
2000,2000,MARSHALL,1 1 CHAPEL HILL,5716,005851,0.33748039,exact_name,high,1.0
2000,2000,MARSHALL,1 1 CHAPEL HILL,5716,005856,0.07514127,exact_name,high,1.0
2000,2000,MARSHALL,2 1 BERLIN,5708,005856,0.59450155,exact_name,high,1.0
2000,2000,MARSHALL,2 1 BERLIN,5708,005855,0.25739531,exact_name,high,1.0
2000,2000,MARSHALL,2 1 BERLIN,5708,005857,0.14810314,exact_name,high,1.0
2000,2000,MARSHALL,2 2 CANEY SPRING,5708,005856,0.59450155,code_token_name,high,0.993
2000,2000,MARSHALL,2 2 CANEY SPRING,5708,005855,0.25739531,code_token_name,high,0.993
2000,2000,MARSHALL,2 2 CANEY SPRING,5708,005857,0.14810314,code_token_name,high,0.993
2000,2000,MARSHALL,2 3 RICH CREEK,5756,005851,0.41410666,exact_name,high,1.0
2000,2000,MARSHALL,2 3 RICH CREEK,5756,005858,0.36510332,exact_name,high,1.0
2000,2000,MARSHALL,2 3 RICH CREEK,5756,005853,0.11113479,exact_name,high,1.0
2000,2000,MARSHALL,2 3 RICH CREEK,5756,005857,0.07542484,exact_name,high,1.0
2000,2000,MARSHALL,2 3 RICH CREEK,5756,005856,0.03423039,exact_name,high,1.0
2000,2000,MARSHALL,3 1 BELFAST,5704,005853,0.99965002,exact_name,high,1.0
2000,2000,MARSHALL,3 1 BELFAST,5704,005858,0.0001965,exact_name,high,1.0
2000,2000,MARSHALL,3 1 BELFAST,5704,005852,0.00015348,exact_name,high,1.0
2000,2000,MARSHALL,4 1 CORNERSVILLE,5720,005852,0.91273908,exact_name,high,1.0
2000,2000,MARSHALL,4 1 CORNERSVILLE,5720,005858,0.08699036,exact_name,high,1.0
2000,2000,MARSHALL,4 1 CORNERSVILLE,5720,005859,0.00027056,exact_name,high,1.0
2000,2000,MARSHALL,4 2 OSTELLA,5746,005852,0.88410429,exact_name,high,1.0
2000,2000,MARSHALL,4 2 OSTELLA,5746,005853,0.1157057,exact_name,high,1.0
2000,2000,MARSHALL,4 2 OSTELLA,5746,005858,0.00019001,exact_name,high,1.0
2000,2000,MARSHALL,5 1 RECREATION CE,5752,005859,0.84140305,code_token_name,high,0.993
2000,2000,MARSHALL,5 1 RECREATION CE,5752,005855,0.15409686,code_token_name,high,0.993
2000,2000,MARSHALL,5 1 RECREATION CE,5752,005852,0.00444854,code_token_name,high,0.993
2000,2000,MARSHALL,5 1 RECREATION CE,5752,005856,5.155e-05,code_token_name,high,0.993
2000,2000,MARSHALL,6 1 MOORESVILLE,5744,005852,0.86930998,exact_name,high,1.0
2000,2000,MARSHALL,6 1 MOORESVILLE,5744,005859,0.13069002,exact_name,high,1.0
2000,2000,MARSHALL,6 2 WESTHILLS ELE,5740,005855,0.52382732,code_token_name,high,0.993
2000,2000,MARSHALL,6 2 WESTHILLS ELE,5740,005859,0.32692989,code_token_name,high,0.993
2000,2000,MARSHALL,6 2 WESTHILLS ELE,5740,005856,0.14913083,code_token_name,high,0.993
2000,2000,MARSHALL,6 2 WESTHILLS ELE,5740,005857,0.00011196,code_token_name,high,0.993
2000,2000,MARSHALL,7 1 HARDISON SCHO,5732,005857,0.99817044,code_token_name,high,0.993
2000,2000,MARSHALL,7 1 HARDISON SCHO,5732,005858,0.00145518,code_token_name,high,0.993
2000,2000,MARSHALL,7 1 HARDISON SCHO,5732,005856,0.00034472,code_token_name,high,0.993
2000,2000,MARSHALL,7 1 HARDISON SCHO,5732,005859,2.966e-05,code_token_name,high,0.993
2000,2000,MARSHALL,8 1 ARMORY,5700,005858,0.82987127,exact_name,high,1.0
2000,2000,MARSHALL,8 1 ARMORY,5700,005852,0.1163166,exact_name,high,1.0
2000,2000,MARSHALL,8 1 ARMORY,5700,005853,0.03882312,exact_name,high,1.0
2000,2000,MARSHALL,8 1 ARMORY,5700,005857,0.0146629,exact_name,high,1.0
2000,2000,MARSHALL,8 1 ARMORY,5700,005859,0.0003261,exact_name,high,1.0
2000,2000,MARSHALL,9 1 COURTHOUSE,5724,005859,0.99689027,exact_name,high,1.0
2000,2000,MARSHALL,9 1 COURTHOUSE,5724,005852,0.00159262,exact_name,high,1.0
2000,2000,MARSHALL,9 1 COURTHOUSE,5724,005858,0.00101853,exact_name,high,1.0
2000,2000,MARSHALL,9 1 COURTHOUSE,5724,005855,0.0004234,exact_name,high,1.0
2000,2000,MARSHALL,9 1 COURTHOUSE,5724,005857,7.518e-05,exact_name,high,1.0
2000,2000,MAURY,001 COURTHOUSE,0001,0001,1.0,token_vtd,high,1.0
2000,2000,MAURY,002 WEST END BAPTI,0002,0002,1.0,token_vtd,high,1.0
2000,2000,MAURY,003 BROWN,0003,0003,1.0,token_vtd,high,1.0
2000,2000,MAURY,004 HIGHLAND,0004,0004,1.0,token_vtd,high,1.0
2000,2000,MAURY,005 COLLEGE HILL,0005,0005,1.0,token_vtd,high,1.0
2000,2000,MAURY,006 BAKER,0006,0006,1.0,token_vtd,high,1.0
2000,2000,MAURY,007 TRADEWINDS,0007,0007,1.0,token_vtd,high,1.0
2000,2000,MAURY,008 CP CHURCH,0008,0008,1.0,token_vtd,high,1.0
2000,2000,MAURY,009 RIVERSIDE,0009,0009,1.0,token_vtd,high,1.0
2000,2000,MAURY,010 SANTA FE,0010,0010,1.0,token_vtd,high,1.0
2000,2000,MAURY,011 SPRING HILL,0011,0011,1.0,token_vtd,high,1.0
2000,2000,MAURY,012 THETA,0012,0012,1.0,token_vtd,high,1.0
2000,2000,MAURY,013 HAMPSHIRE TH,0013,0013,1.0,token_vtd,high,1.0
2000,2000,MAURY,014 ST CATHERINE 6,0014,0014,1.0,token_vtd,high,1.0
2000,2000,MAURY,015 WILLIAMSPORT,0015,0015,1.0,token_vtd,high,1.0
2000,2000,MAURY,016 BEAR CREEK,0016,0016,1.0,token_vtd,high,1.0
2000,2000,MAURY,017 CULLEOKA,0017,0017,1.0,token_vtd,high,1.0
2000,2000,MAURY,018 RALLY HILL,0018,0018,1.0,token_vtd,high,1.0
2000,2000,MAURY,019 ROCK SPRINGS,0019,0019,1.0,token_vtd,high,1.0
2000,2000,MAURY,020 BIGBYVILLE,0020,0020,1.0,token_vtd,high,1.0
2000,2000,MAURY,021 PLEASANT HEIG,0021,0021,1.0,token_vtd,high,1.0
2000,2000,MAURY,022 PORTERS CHAPE,0022,0022,1.0,token_vtd,high,1.0
2000,2000,MCMINN,01 CITY PARK SCHO,5932,006060,0.94271079,code_token_name,high,0.993
2000,2000,MCMINN,01 CITY PARK SCHO,5932,006063,0.04421063,code_token_name,high,0.993
2000,2000,MCMINN,01 CITY PARK SCHO,5932,006052,0.0114491,code_token_name,high,0.993
2000,2000,MCMINN,01 CITY PARK SCHO,5932,006061,0.0007067,code_token_name,high,0.993
2000,2000,MCMINN,01 CITY PARK SCHO,5932,006057,0.00054228,code_token_name,high,0.993
2000,2000,MCMINN,01 CITY PARK SCHO,5932,006056,0.0003805,code_token_name,high,0.993
2000,2000,MCMINN,02 ETOWAH LIBRAR,5936,006064,0.99844493,code_token_name,high,0.993
2000,2000,MCMINN,02 ETOWAH LIBRAR,5936,006065,0.00078112,code_token_name,high,0.993
2000,2000,MCMINN,02 ETOWAH LIBRAR,5936,006051,0.00035214,code_token_name,high,0.993
2000,2000,MCMINN,02 ETOWAH LIBRAR,5936,006061,0.00025344,code_token_name,high,0.993
2000,2000,MCMINN,02 ETOWAH LIBRAR,5936,006052,0.00016837,code_token_name,high,0.993
2000,2000,MCMINN,03 ETOWAH COMM,5940,006064,0.99724025,code_token_name,high,0.993
2000,2000,MCMINN,03 ETOWAH COMM,5940,006061,0.00167049,code_token_name,high,0.993
2000,2000,MCMINN,03 ETOWAH COMM,5940,006065,0.00108926,code_token_name,high,0.993
2000,2000,MCMINN,04 ETOWAH DEPOT,5944,006065,0.99888004,exact_name,high,1.0
2000,2000,MCMINN,04 ETOWAH DEPOT,5944,006064,0.00106718,exact_name,high,1.0
2000,2000,MCMINN,04 ETOWAH DEPOT,5944,006051,5.278e-05,exact_name,high,1.0
2000,2000,MCMINN,05 ENGLEWOOD SC,5948,006051,0.61517844,code_token_name,high,0.993
2000,2000,MCMINN,05 ENGLEWOOD SC,5948,006065,0.38417539,code_token_name,high,0.993
2000,2000,MCMINN,05 ENGLEWOOD SC,5948,006052,0.00044726,code_token_name,high,0.993
2000,2000,MCMINN,05 ENGLEWOOD SC,5948,006064,0.0001989,code_token_name,high,0.993
2000,2000,MCMINN,06 ROGERS CREEK,5952,006058,0.99892255,prefix_name,high,0.995
2000,2000,MCMINN,06 ROGERS CREEK,5952,006059,0.00045862,prefix_name,high,0.995
2000,2000,MCMINN,06 ROGERS CREEK,5952,006057,0.00034784,prefix_name,high,0.995
2000,2000,MCMINN,06 ROGERS CREEK,5952,006056,0.00027099,prefix_name,high,0.995
2000,2000,MCMINN,07 RICEVILLE SCHO,5956,006057,0.99767434,code_token_name,high,0.993
2000,2000,MCMINN,07 RICEVILLE SCHO,5956,006058,0.00110256,code_token_name,high,0.993
2000,2000,MCMINN,07 RICEVILLE SCHO,5956,006062,0.00051806,code_token_name,high,0.993
2000,2000,MCMINN,07 RICEVILLE SCHO,5956,006063,0.00026723,code_token_name,high,0.993
2000,2000,MCMINN,07 RICEVILLE SCHO,5956,006060,0.00026389,code_token_name,high,0.993
2000,2000,MCMINN,07 RICEVILLE SCHO,5956,006056,0.00017392,code_token_name,high,0.993
2000,2000,MCMINN,08 CALHOUN SCHO,5960,006062,0.99826937,code_token_name,high,0.993
2000,2000,MCMINN,08 CALHOUN SCHO,5960,006057,0.00145666,code_token_name,high,0.993
2000,2000,MCMINN,08 CALHOUN SCHO,5960,006058,0.00019439,code_token_name,high,0.993
2000,2000,MCMINN,08 CALHOUN SCHO,5960,006063,7.958e-05,code_token_name,high,0.993
2000,2000,MCMINN,09 NIOTA SCHOOL,5964,006053,0.99657202,exact_name,high,1.0
2000,2000,MCMINN,09 NIOTA SCHOOL,5964,006059,0.00199666,exact_name,high,1.0
2000,2000,MCMINN,09 NIOTA SCHOOL,5964,006054,0.00089094,exact_name,high,1.0
2000,2000,MCMINN,09 NIOTA SCHOOL,5964,006055,0.00028686,exact_name,high,1.0
2000,2000,MCMINN,09 NIOTA SCHOOL,5964,006051,0.00021327,exact_name,high,1.0
2000,2000,MCMINN,09 NIOTA SCHOOL,5964,006052,4.025e-05,exact_name,high,1.0
2000,2000,MCMINN,10 ENGLEWOOD CIT,5892,006051,0.99925182,code_token_name,high,0.993
2000,2000,MCMINN,10 ENGLEWOOD CIT,5892,006053,0.00047018,code_token_name,high,0.993
2000,2000,MCMINN,10 ENGLEWOOD CIT,5892,006052,0.000278,code_token_name,high,0.993
2000,2000,MCMINN,11 INGLESIDE SCHO,5896,006055,0.77944853,code_token_name,high,0.993
2000,2000,MCMINN,11 INGLESIDE SCHO,5896,006052,0.19311606,code_token_name,high,0.993
2000,2000,MCMINN,11 INGLESIDE SCHO,5896,006053,0.02488485,code_token_name,high,0.993
2000,2000,MCMINN,11 INGLESIDE SCHO,5896,006054,0.00254777,code_token_name,high,0.993
2000,2000,MCMINN,11 INGLESIDE SCHO,5896,006056,2.78e-06,code_token_name,high,0.993
2000,2000,MCMINN,12 MCMINN CO HS,5900,006056,0.85265426,code_token_name,high,0.993
2000,2000,MCMINN,12 MCMINN CO HS,5900,006057,0.14483059,code_token_name,high,0.993
2000,2000,MCMINN,12 MCMINN CO HS,5900,006058,0.00100943,code_token_name,high,0.993
2000,2000,MCMINN,12 MCMINN CO HS,5900,006059,0.0006385,code_token_name,high,0.993
2000,2000,MCMINN,12 MCMINN CO HS,5900,006060,0.00057405,code_token_name,high,0.993
2000,2000,MCMINN,12 MCMINN CO HS,5900,006054,0.00027681,code_token_name,high,0.993
2000,2000,MCMINN,12 MCMINN CO HS,5900,006052,1.636e-05,code_token_name,high,0.993
2000,2000,MCMINN,13 MCMINN CRTHOU,5904,006052,0.99841842,code_token_name,high,0.993
2000,2000,MCMINN,13 MCMINN CRTHOU,5904,006051,0.00075143,code_token_name,high,0.993
2000,2000,MCMINN,13 MCMINN CRTHOU,5904,006060,0.00048064,code_token_name,high,0.993
2000,2000,MCMINN,13 MCMINN CRTHOU,5904,006053,0.00015986,code_token_name,high,0.993
2000,2000,MCMINN,13 MCMINN CRTHOU,5904,006061,7.117e-05,code_token_name,high,0.993
2000,2000,MCMINN,13 MCMINN CRTHOU,5904,006064,3.84e-05,code_token_name,high,0.993
2000,2000,MCMINN,13 MCMINN CRTHOU,5904,006063,3.765e-05,code_token_name,high,0.993
2000,2000,MCMINN,13 MCMINN CRTHOU,5904,006055,3.201e-05,code_token_name,high,0.993
2000,2000,MCMINN,13 MCMINN CRTHOU,5904,006056,1.042e-05,code_token_name,high,0.993
2000,2000,MCMINN,14 NORTH CITY SCH,5908,006054,0.95760561,code_token_name,high,0.993
2000,2000,MCMINN,14 NORTH CITY SCH,5908,006055,0.02651843,code_token_name,high,0.993
2000,2000,MCMINN,14 NORTH CITY SCH,5908,006053,0.01006242,code_token_name,high,0.993
2000,2000,MCMINN,14 NORTH CITY SCH,5908,006059,0.005018,code_token_name,high,0.993
2000,2000,MCMINN,14 NORTH CITY SCH,5908,006056,0.00062092,code_token_name,high,0.993
2000,2000,MCMINN,14 NORTH CITY SCH,5908,006052,0.00017461,code_token_name,high,0.993
2000,2000,MCMINN,15 CLAXTON FIRE,5912,006063,0.94740531,prefix_name,high,0.995
2000,2000,MCMINN,15 CLAXTON FIRE,5912,006062,0.05137592,prefix_name,high,0.995
2000,2000,MCMINN,15 CLAXTON FIRE,5912,006057,0.00077414,prefix_name,high,0.995
2000,2000,MCMINN,15 CLAXTON FIRE,5912,006061,0.00031798,prefix_name,high,0.995
2000,2000,MCMINN,15 CLAXTON FIRE,5912,006060,0.00012665,prefix_name,high,0.995
2000,2000,MCMINN,16 UNION GROVE FI,5916,006053,0.99950513,code_token_name,high,0.993
2000,2000,MCMINN,16 UNION GROVE FI,5916,006059,0.00049487,code_token_name,high,0.993
2000,2000,MCMINN,17 EK BAKER SCHO,5920,006059,0.98919759,code_token_name,high,0.993
2000,2000,MCMINN,17 EK BAKER SCHO,5920,006053,0.00537397,code_token_name,high,0.993
2000,2000,MCMINN,17 EK BAKER SCHO,5920,006054,0.00504311,code_token_name,high,0.993
2000,2000,MCMINN,17 EK BAKER SCHO,5920,006058,0.00034461,code_token_name,high,0.993
2000,2000,MCMINN,17 EK BAKER SCHO,5920,006056,4.072e-05,code_token_name,high,0.993
2000,2000,MCMINN,18 HILLVIEW FIRE,5924,006058,0.9992411,code_token_name,high,0.993
2000,2000,MCMINN,18 HILLVIEW FIRE,5924,006057,0.00050198,code_token_name,high,0.993
2000,2000,MCMINN,18 HILLVIEW FIRE,5924,006062,0.00025692,code_token_name,high,0.993
2000,2000,MCMINN,19 MOUNTAIN VIEW,5928,006061,0.99599781,exact_name,high,1.0
2000,2000,MCMINN,19 MOUNTAIN VIEW,5928,006063,0.00198397,exact_name,high,1.0
2000,2000,MCMINN,19 MOUNTAIN VIEW,5928,006064,0.00195434,exact_name,high,1.0
2000,2000,MCMINN,19 MOUNTAIN VIEW,5928,006052,6.387e-05,exact_name,high,1.0
2000,2000,MCNAIRY,1 1 BETHEL SPRINGS,5972,006158,0.86393564,code_token_name,high,0.993
2000,2000,MCNAIRY,1 1 BETHEL SPRINGS,5972,006152,0.13512162,code_token_name,high,0.993
2000,2000,MCNAIRY,1 1 BETHEL SPRINGS,5972,006154,0.00047883,code_token_name,high,0.993
2000,2000,MCNAIRY,1 1 BETHEL SPRINGS,5972,006161,0.00030868,code_token_name,high,0.993
2000,2000,MCNAIRY,1 1 BETHEL SPRINGS,5972,006167,9.033e-05,code_token_name,high,0.993
2000,2000,MCNAIRY,1 1 BETHEL SPRINGS,5972,006153,6.49e-05,code_token_name,high,0.993
2000,2000,MCNAIRY,1 2 FINGER,5972,006158,0.86393564,code_token_name,high,0.993
2000,2000,MCNAIRY,1 2 FINGER,5972,006152,0.13512162,code_token_name,high,0.993
2000,2000,MCNAIRY,1 2 FINGER,5972,006154,0.00047883,code_token_name,high,0.993
2000,2000,MCNAIRY,1 2 FINGER,5972,006161,0.00030868,code_token_name,high,0.993
2000,2000,MCNAIRY,1 2 FINGER,5972,006167,9.033e-05,code_token_name,high,0.993
2000,2000,MCNAIRY,1 2 FINGER,5972,006153,6.49e-05,code_token_name,high,0.993
2000,2000,MCNAIRY,1 3 MCNAIRY,5972,006158,0.86393564,code_token_name,high,0.993
2000,2000,MCNAIRY,1 3 MCNAIRY,5972,006152,0.13512162,code_token_name,high,0.993
2000,2000,MCNAIRY,1 3 MCNAIRY,5972,006154,0.00047883,code_token_name,high,0.993
2000,2000,MCNAIRY,1 3 MCNAIRY,5972,006161,0.00030868,code_token_name,high,0.993
2000,2000,MCNAIRY,1 3 MCNAIRY,5972,006167,9.033e-05,code_token_name,high,0.993
2000,2000,MCNAIRY,1 3 MCNAIRY,5972,006153,6.49e-05,code_token_name,high,0.993
2000,2000,MCNAIRY,2 1 ADAMSVILLE,6004,006162,0.91432025,code_token_name,high,0.993
2000,2000,MCNAIRY,2 1 ADAMSVILLE,6004,006163,0.08483048,code_token_name,high,0.993
2000,2000,MCNAIRY,2 1 ADAMSVILLE,6004,006156,0.00041475,code_token_name,high,0.993
2000,2000,MCNAIRY,2 1 ADAMSVILLE,6004,006151,0.00035871,code_token_name,high,0.993
2000,2000,MCNAIRY,2 1 ADAMSVILLE,6004,006161,7.582e-05,code_token_name,high,0.993
2000,2000,MCNAIRY,2 2 LAWTON,6004,006162,0.91432025,code_token_name,high,0.993
2000,2000,MCNAIRY,2 2 LAWTON,6004,006163,0.08483048,code_token_name,high,0.993
2000,2000,MCNAIRY,2 2 LAWTON,6004,006156,0.00041475,code_token_name,high,0.993
2000,2000,MCNAIRY,2 2 LAWTON,6004,006151,0.00035871,code_token_name,high,0.993
2000,2000,MCNAIRY,2 2 LAWTON,6004,006161,7.582e-05,code_token_name,high,0.993
2000,2000,MCNAIRY,2 3 MILLEDGEVILLE,6004,006162,0.91432025,code_token_name,high,0.993
2000,2000,MCNAIRY,2 3 MILLEDGEVILLE,6004,006163,0.08483048,code_token_name,high,0.993
2000,2000,MCNAIRY,2 3 MILLEDGEVILLE,6004,006156,0.00041475,code_token_name,high,0.993
2000,2000,MCNAIRY,2 3 MILLEDGEVILLE,6004,006151,0.00035871,code_token_name,high,0.993
2000,2000,MCNAIRY,2 3 MILLEDGEVILLE,6004,006161,7.582e-05,code_token_name,high,0.993
2000,2000,MCNAIRY,3 1 LEAPWOOD,6008,006160,0.99151805,code_token_name,high,0.993
2000,2000,MCNAIRY,3 1 LEAPWOOD,6008,006151,0.00784234,code_token_name,high,0.993
2000,2000,MCNAIRY,3 1 LEAPWOOD,6008,006159,0.00033657,code_token_name,high,0.993
2000,2000,MCNAIRY,3 1 LEAPWOOD,6008,006161,0.00030305,code_token_name,high,0.993
2000,2000,MCNAIRY,3 2 NO EAST SELME,6008,006160,0.99151805,code_token_name,high,0.993
2000,2000,MCNAIRY,3 2 NO EAST SELME,6008,006151,0.00784234,code_token_name,high,0.993
2000,2000,MCNAIRY,3 2 NO EAST SELME,6008,006159,0.00033657,code_token_name,high,0.993
2000,2000,MCNAIRY,3 2 NO EAST SELME,6008,006161,0.00030305,code_token_name,high,0.993
2000,2000,MCNAIRY,3 3 PURDY,6008,006160,0.99151805,code_token_name,high,0.993
2000,2000,MCNAIRY,3 3 PURDY,6008,006151,0.00784234,code_token_name,high,0.993
2000,2000,MCNAIRY,3 3 PURDY,6008,006159,0.00033657,code_token_name,high,0.993
2000,2000,MCNAIRY,3 3 PURDY,6008,006161,0.00030305,code_token_name,high,0.993
2000,2000,MCNAIRY,4 1 NORTH SELMER,6028,006167,0.98605438,code_token_name,high,0.993
2000,2000,MCNAIRY,4 1 NORTH SELMER,6028,006153,0.01041457,code_token_name,high,0.993
2000,2000,MCNAIRY,4 1 NORTH SELMER,6028,006152,0.00165305,code_token_name,high,0.993
2000,2000,MCNAIRY,4 1 NORTH SELMER,6028,006156,0.00123732,code_token_name,high,0.993
2000,2000,MCNAIRY,4 1 NORTH SELMER,6028,006155,0.00039165,code_token_name,high,0.993
2000,2000,MCNAIRY,4 1 NORTH SELMER,6028,006166,0.00014979,code_token_name,high,0.993
2000,2000,MCNAIRY,4 1 NORTH SELMER,6028,006158,9.924e-05,code_token_name,high,0.993
2000,2000,MCNAIRY,4 2 ROSE CREEK,6028,006167,0.98605438,code_token_name,high,0.993
2000,2000,MCNAIRY,4 2 ROSE CREEK,6028,006153,0.01041457,code_token_name,high,0.993
2000,2000,MCNAIRY,4 2 ROSE CREEK,6028,006152,0.00165305,code_token_name,high,0.993
2000,2000,MCNAIRY,4 2 ROSE CREEK,6028,006156,0.00123732,code_token_name,high,0.993
2000,2000,MCNAIRY,4 2 ROSE CREEK,6028,006155,0.00039165,code_token_name,high,0.993
2000,2000,MCNAIRY,4 2 ROSE CREEK,6028,006166,0.00014979,code_token_name,high,0.993
2000,2000,MCNAIRY,4 2 ROSE CREEK,6028,006158,9.924e-05,code_token_name,high,0.993
2000,2000,MCNAIRY,5 1 CHEWALLA,5976,006155,0.99691626,code_token_name,high,0.993
2000,2000,MCNAIRY,5 1 CHEWALLA,5976,006166,0.00279467,code_token_name,high,0.993
2000,2000,MCNAIRY,5 1 CHEWALLA,5976,006165,0.00028907,code_token_name,high,0.993
2000,2000,MCNAIRY,5 2 CYPRESS,5976,006155,0.99691626,code_token_name,high,0.993
2000,2000,MCNAIRY,5 2 CYPRESS,5976,006166,0.00279467,code_token_name,high,0.993
2000,2000,MCNAIRY,5 2 CYPRESS,5976,006165,0.00028907,code_token_name,high,0.993
2000,2000,MCNAIRY,5 3 EASTVIEW,5976,006155,0.99691626,code_token_name,high,0.993
2000,2000,MCNAIRY,5 3 EASTVIEW,5976,006166,0.00279467,code_token_name,high,0.993
2000,2000,MCNAIRY,5 3 EASTVIEW,5976,006165,0.00028907,code_token_name,high,0.993
2000,2000,MCNAIRY,5 4 GUYS,5976,006155,0.99691626,code_token_name,high,0.993
2000,2000,MCNAIRY,5 4 GUYS,5976,006166,0.00279467,code_token_name,high,0.993
2000,2000,MCNAIRY,5 4 GUYS,5976,006165,0.00028907,code_token_name,high,0.993
2000,2000,MCNAIRY,5 5 RAMER,5976,006155,0.99691626,code_token_name,high,0.993
2000,2000,MCNAIRY,5 5 RAMER,5976,006166,0.00279467,code_token_name,high,0.993
2000,2000,MCNAIRY,5 5 RAMER,5976,006165,0.00028907,code_token_name,high,0.993
2000,2000,MCNAIRY,6 1 COURTHOUSE SE,6044,006156,0.99821111,code_token_name,high,0.993
2000,2000,MCNAIRY,6 1 COURTHOUSE SE,6044,006153,0.00049102,code_token_name,high,0.993
2000,2000,MCNAIRY,6 1 COURTHOUSE SE,6044,006164,0.00043249,code_token_name,high,0.993
2000,2000,MCNAIRY,6 1 COURTHOUSE SE,6044,006167,0.0003285,code_token_name,high,0.993
2000,2000,MCNAIRY,6 1 COURTHOUSE SE,6044,006163,0.00020578,code_token_name,high,0.993
2000,2000,MCNAIRY,6 1 COURTHOUSE SE,6044,006155,0.00019492,code_token_name,high,0.993
2000,2000,MCNAIRY,6 1 COURTHOUSE SE,6044,006157,8.864e-05,code_token_name,high,0.993
2000,2000,MCNAIRY,6 1 COURTHOUSE SE,6044,006162,4.754e-05,code_token_name,high,0.993
2000,2000,MCNAIRY,7 1 MICHIE,6016,006157,0.95203155,code_token_name,high,0.993
2000,2000,MCNAIRY,7 1 MICHIE,6016,006164,0.0283813,code_token_name,high,0.993
2000,2000,MCNAIRY,7 1 MICHIE,6016,006163,0.01446495,code_token_name,high,0.993
2000,2000,MCNAIRY,7 1 MICHIE,6016,006156,0.00508225,code_token_name,high,0.993
2000,2000,MCNAIRY,7 1 MICHIE,6016,006165,3.994e-05,code_token_name,high,0.993
2000,2000,MCNAIRY,7 2 STANTONVILLE,6016,006157,0.95203155,code_token_name,high,0.993
2000,2000,MCNAIRY,7 2 STANTONVILLE,6016,006164,0.0283813,code_token_name,high,0.993
2000,2000,MCNAIRY,7 2 STANTONVILLE,6016,006163,0.01446495,code_token_name,high,0.993
2000,2000,MCNAIRY,7 2 STANTONVILLE,6016,006156,0.00508225,code_token_name,high,0.993
2000,2000,MCNAIRY,7 2 STANTONVILLE,6016,006165,3.994e-05,code_token_name,high,0.993
2000,2000,MEIGS,01 EASTVIEW,6072,006253,0.94395721,code_token_name,high,0.993
2000,2000,MEIGS,01 EASTVIEW,6072,006251,0.05604279,code_token_name,high,0.993
2000,2000,MEIGS,02 MEIGS SO ELEM,6060,006251,0.92129301,code_token_name,high,0.993
2000,2000,MEIGS,02 MEIGS SO ELEM,6060,006252,0.07554453,code_token_name,high,0.993
2000,2000,MEIGS,02 MEIGS SO ELEM,6060,006253,0.00316245,code_token_name,high,0.993
2000,2000,MEIGS,03 CITY HALL,6064,006254,0.95763936,code_token_name,high,0.993
2000,2000,MEIGS,03 CITY HALL,6064,006252,0.04046592,code_token_name,high,0.993
2000,2000,MEIGS,03 CITY HALL,6064,006255,0.00189472,code_token_name,high,0.993
2000,2000,MEIGS,03 COURTHOUSE,6064,006254,0.95763936,code_token_name,high,0.993
2000,2000,MEIGS,03 COURTHOUSE,6064,006252,0.04046592,code_token_name,high,0.993
2000,2000,MEIGS,03 COURTHOUSE,6064,006255,0.00189472,code_token_name,high,0.993
2000,2000,MEIGS,04 MEIGS NO ELEM,6076,006255,0.95651036,code_token_name,high,0.993
2000,2000,MEIGS,04 MEIGS NO ELEM,6076,006256,0.04254502,code_token_name,high,0.993
2000,2000,MEIGS,04 MEIGS NO ELEM,6076,006254,0.00053547,code_token_name,high,0.993
2000,2000,MEIGS,04 MEIGS NO ELEM,6076,006252,0.00040914,code_token_name,high,0.993
2000,2000,MEIGS,05 TEN MILE,6080,006256,0.98742462,code_token_name,high,0.993
2000,2000,MEIGS,05 TEN MILE,6080,006255,0.01257538,code_token_name,high,0.993
2000,2000,MONROE,01 SWEETWATER H,6088,006351,0.88352954,code_token_name,high,0.993
2000,2000,MONROE,01 SWEETWATER H,6088,006356,0.09286889,code_token_name,high,0.993
2000,2000,MONROE,01 SWEETWATER H,6088,006352,0.01551191,code_token_name,high,0.993
2000,2000,MONROE,01 SWEETWATER H,6088,006353,0.00577604,code_token_name,high,0.993
2000,2000,MONROE,01 SWEETWATER H,6088,006357,0.00226496,code_token_name,high,0.993
2000,2000,MONROE,01 SWEETWATER H,6088,006354,4.865e-05,code_token_name,high,0.993
2000,2000,MONROE,02 BROAD STREET,6112,006352,0.98745818,prefix_name,high,0.995
2000,2000,MONROE,02 BROAD STREET,6112,006351,0.01207187,prefix_name,high,0.995
2000,2000,MONROE,02 BROAD STREET,6112,006353,0.00046995,prefix_name,high,0.995
2000,2000,MONROE,03 BROWN ELEM,6116,006353,0.95165633,code_token_name,high,0.993
2000,2000,MONROE,03 BROWN ELEM,6116,006351,0.04630695,code_token_name,high,0.993
2000,2000,MONROE,03 BROWN ELEM,6116,006352,0.00203671,code_token_name,high,0.993
2000,2000,MONROE,04 VONORE ES,6129,006354,0.61432943,code_token_name,high,0.993
2000,2000,MONROE,04 VONORE ES,6129,006357,0.3827403,code_token_name,high,0.993
2000,2000,MONROE,04 VONORE ES,6129,006358,0.00187521,code_token_name,high,0.993
2000,2000,MONROE,04 VONORE ES,6129,006351,0.00105506,code_token_name,high,0.993
2000,2000,MONROE,05 MADISONVILLE IN,6124,006355,0.99334895,code_token_name,high,0.993
2000,2000,MONROE,05 MADISONVILLE IN,6124,006357,0.00377776,code_token_name,high,0.993
2000,2000,MONROE,05 MADISONVILLE IN,6124,006356,0.00287329,code_token_name,high,0.993
2000,2000,MONROE,06 MADISONVILLE M,6128,006356,0.97793264,code_token_name,high,0.993
2000,2000,MONROE,06 MADISONVILLE M,6128,006355,0.02098392,code_token_name,high,0.993
2000,2000,MONROE,06 MADISONVILLE M,6128,006359,0.00074959,code_token_name,high,0.993
2000,2000,MONROE,06 MADISONVILLE M,6128,006357,0.00033385,code_token_name,high,0.993
2000,2000,MONROE,07 MADISONVILLE P,6132,006357,0.54283652,code_token_name,high,0.993
2000,2000,MONROE,07 MADISONVILLE P,6132,006363,0.24424587,code_token_name,high,0.993
2000,2000,MONROE,07 MADISONVILLE P,6132,006354,0.0993152,code_token_name,high,0.993
2000,2000,MONROE,07 MADISONVILLE P,6132,006359,0.06832985,code_token_name,high,0.993
2000,2000,MONROE,07 MADISONVILLE P,6132,006358,0.03711849,code_token_name,high,0.993
2000,2000,MONROE,07 MADISONVILLE P,6132,006355,0.00785547,code_token_name,high,0.993
2000,2000,MONROE,07 MADISONVILLE P,6132,006351,0.00019515,code_token_name,high,0.993
2000,2000,MONROE,07 MADISONVILLE P,6132,006361,5.585e-05,code_token_name,high,0.993
2000,2000,MONROE,07 MADISONVILLE P,6132,006356,4.759e-05,code_token_name,high,0.993
2000,2000,MONROE,08 VONORE CC,6136,006358,0.77425761,code_token_name,high,0.993
2000,2000,MONROE,08 VONORE CC,6136,006354,0.22552182,code_token_name,high,0.993
2000,2000,MONROE,08 VONORE CC,6136,006357,0.00022057,code_token_name,high,0.993
2000,2000,MONROE,09 OLD NOTCHEY C,6140,006359,0.99871385,code_token_name,high,0.993
2000,2000,MONROE,09 OLD NOTCHEY C,6140,006356,0.00065956,code_token_name,high,0.993
2000,2000,MONROE,09 OLD NOTCHEY C,6140,006361,0.00034864,code_token_name,high,0.993
2000,2000,MONROE,09 OLD NOTCHEY C,6140,006360,0.00027687,code_token_name,high,0.993
2000,2000,MONROE,09 OLD NOTCHEY C,6140,006357,1.07e-06,code_token_name,high,0.993
2000,2000,MONROE,10 RURAL VALE,6092,006360,0.99634088,exact_name,high,1.0
2000,2000,MONROE,10 RURAL VALE,6092,006361,0.0031176,exact_name,high,1.0
2000,2000,MONROE,10 RURAL VALE,6092,006362,0.00038159,exact_name,high,1.0
2000,2000,MONROE,10 RURAL VALE,6092,006359,0.00015994,exact_name,high,1.0
2000,2000,MONROE,11 TELLICO CC,6096,006361,0.91793927,code_token_name,high,0.993
2000,2000,MONROE,11 TELLICO CC,6096,006360,0.03891021,code_token_name,high,0.993
2000,2000,MONROE,11 TELLICO CC,6096,006363,0.02572552,code_token_name,high,0.993
2000,2000,MONROE,11 TELLICO CC,6096,006362,0.01737667,code_token_name,high,0.993
2000,2000,MONROE,11 TELLICO CC,6096,006359,4.834e-05,code_token_name,high,0.993
2000,2000,MONROE,12 COKER CREEK S,6100,006362,0.83585601,code_token_name,high,0.993
2000,2000,MONROE,12 COKER CREEK S,6100,006361,0.16392746,code_token_name,high,0.993
2000,2000,MONROE,12 COKER CREEK S,6100,006360,0.00021653,code_token_name,high,0.993
2000,2000,MONROE,14 TOQUA COMM CT,6108,006363,0.85697332,code_token_name,high,0.993
2000,2000,MONROE,14 TOQUA COMM CT,6108,006354,0.11347012,code_token_name,high,0.993
2000,2000,MONROE,14 TOQUA COMM CT,6108,006361,0.02516883,code_token_name,high,0.993
2000,2000,MONROE,14 TOQUA COMM CT,6108,006359,0.00438774,code_token_name,high,0.993
2000,2000,MONTGOMERY,01,6150,006471,0.86494693,code_token_name,high,0.993
2000,2000,MONTGOMERY,01,6150,006467,0.07990706,code_token_name,high,0.993
2000,2000,MONTGOMERY,01,6150,006464,0.040162,code_token_name,high,0.993
2000,2000,MONTGOMERY,01,6150,006463,0.00992619,code_token_name,high,0.993
2000,2000,MONTGOMERY,01,6150,006479,0.00468797,code_token_name,high,0.993
2000,2000,MONTGOMERY,01,6150,006453,0.00031065,code_token_name,high,0.993
2000,2000,MONTGOMERY,01,6150,006468,4.526e-05,code_token_name,high,0.993
2000,2000,MONTGOMERY,01,6150,006478,1.192e-05,code_token_name,high,0.993
2000,2000,MONTGOMERY,01,6150,006465,2.03e-06,code_token_name,high,0.993
2000,2000,MONTGOMERY,02,6155,006464,0.62568201,code_token_name,high,0.993
2000,2000,MONTGOMERY,02,6155,006478,0.1784317,code_token_name,high,0.993
2000,2000,MONTGOMERY,02,6155,006468,0.17494397,code_token_name,high,0.993
2000,2000,MONTGOMERY,02,6155,006471,0.01392072,code_token_name,high,0.993
2000,2000,MONTGOMERY,02,6155,006469,0.00568315,code_token_name,high,0.993
2000,2000,MONTGOMERY,02,6155,006462,0.00057241,code_token_name,high,0.993
2000,2000,MONTGOMERY,02,6155,006453,0.00026126,code_token_name,high,0.993
2000,2000,MONTGOMERY,02,6155,006467,0.00023842,code_token_name,high,0.993
2000,2000,MONTGOMERY,02,6155,006465,0.00013329,code_token_name,high,0.993
2000,2000,MONTGOMERY,02,6155,006474,0.00013306,code_token_name,high,0.993
2000,2000,MONTGOMERY,03,6160,006453,0.8973884,code_token_name,high,0.993
2000,2000,MONTGOMERY,03,6160,006468,0.10214206,code_token_name,high,0.993
2000,2000,MONTGOMERY,03,6160,006471,0.00033916,code_token_name,high,0.993
2000,2000,MONTGOMERY,03,6160,006461,0.00013038,code_token_name,high,0.993
2000,2000,MONTGOMERY,04,6165,006461,0.92873615,code_token_name,high,0.993
2000,2000,MONTGOMERY,04,6165,006460,0.07109795,code_token_name,high,0.993
2000,2000,MONTGOMERY,04,6165,006453,0.00011866,code_token_name,high,0.993
2000,2000,MONTGOMERY,04,6165,006477,4.695e-05,code_token_name,high,0.993
2000,2000,MONTGOMERY,04,6165,006472,3e-07,code_token_name,high,0.993
2000,2000,MONTGOMERY,05A,6170,006472,0.86641316,code_token_name,high,0.993
2000,2000,MONTGOMERY,05A,6170,006459,0.13252492,code_token_name,high,0.993
2000,2000,MONTGOMERY,05A,6170,006460,0.00105281,code_token_name,high,0.993
2000,2000,MONTGOMERY,05A,6170,006461,9.12e-06,code_token_name,high,0.993
2000,2000,MONTGOMERY,05B,6172,006460,0.99866612,code_token_name,high,0.993
2000,2000,MONTGOMERY,05B,6172,006455,0.00068692,code_token_name,high,0.993
2000,2000,MONTGOMERY,05B,6172,006458,0.00030922,code_token_name,high,0.993
2000,2000,MONTGOMERY,05B,6172,006470,0.00015452,code_token_name,high,0.993
2000,2000,MONTGOMERY,05B,6172,006476,0.00010924,code_token_name,high,0.993
2000,2000,MONTGOMERY,05B,6172,006472,7.343e-05,code_token_name,high,0.993
2000,2000,MONTGOMERY,05B,6172,006461,5.5e-07,code_token_name,high,0.993
2000,2000,MONTGOMERY,06A,6180,006460,0.99976161,code_token_name,high,0.993
2000,2000,MONTGOMERY,06A,6180,006461,0.0001584,code_token_name,high,0.993
2000,2000,MONTGOMERY,06A,6180,006455,6.965e-05,code_token_name,high,0.993
2000,2000,MONTGOMERY,06A,6180,006473,1.034e-05,code_token_name,high,0.993
2000,2000,MONTGOMERY,06B,6175,006473,0.60378613,code_token_name,high,0.993
2000,2000,MONTGOMERY,06B,6175,006460,0.39608893,code_token_name,high,0.993
2000,2000,MONTGOMERY,06B,6175,006455,0.00010191,code_token_name,high,0.993
2000,2000,MONTGOMERY,06B,6175,006461,2.304e-05,code_token_name,high,0.993
2000,2000,MONTGOMERY,07,6185,006455,0.98441122,code_token_name,high,0.993
2000,2000,MONTGOMERY,07,6185,006454,0.01425848,code_token_name,high,0.993
2000,2000,MONTGOMERY,07,6185,006470,0.00110485,code_token_name,high,0.993
2000,2000,MONTGOMERY,07,6185,006473,0.00015396,code_token_name,high,0.993
2000,2000,MONTGOMERY,07,6185,006460,6.952e-05,code_token_name,high,0.993
2000,2000,MONTGOMERY,07,6185,006456,1.97e-06,code_token_name,high,0.993
2000,2000,MONTGOMERY,08,6190,006454,0.93490601,code_token_name,high,0.993
2000,2000,MONTGOMERY,08,6190,006451,0.05035218,code_token_name,high,0.993
2000,2000,MONTGOMERY,08,6190,006452,0.01210041,code_token_name,high,0.993
2000,2000,MONTGOMERY,08,6190,006455,0.00264139,code_token_name,high,0.993
2000,2000,MONTGOMERY,09,6195,006452,0.52569063,code_token_name,high,0.993
2000,2000,MONTGOMERY,09,6195,006463,0.15882445,code_token_name,high,0.993
2000,2000,MONTGOMERY,09,6195,006457,0.13883681,code_token_name,high,0.993
2000,2000,MONTGOMERY,09,6195,006480,0.10334228,code_token_name,high,0.993
2000,2000,MONTGOMERY,09,6195,006451,0.07273295,code_token_name,high,0.993
2000,2000,MONTGOMERY,09,6195,006465,0.00057288,code_token_name,high,0.993
2000,2000,MONTGOMERY,10,6200,006454,0.94524987,exact_name,high,1.0
2000,2000,MONTGOMERY,10,6200,006456,0.05450802,exact_name,high,1.0
2000,2000,MONTGOMERY,10,6200,006457,0.00024212,exact_name,high,1.0
2000,2000,MONTGOMERY,11,6205,006454,0.48388755,exact_name,high,1.0
2000,2000,MONTGOMERY,11,6205,006470,0.30174273,exact_name,high,1.0
2000,2000,MONTGOMERY,11,6205,006456,0.19636094,exact_name,high,1.0
2000,2000,MONTGOMERY,11,6205,006455,0.01787466,exact_name,high,1.0
2000,2000,MONTGOMERY,11,6205,006458,0.00011456,exact_name,high,1.0
2000,2000,MONTGOMERY,11,6205,006460,1.956e-05,exact_name,high,1.0
2000,2000,MONTGOMERY,12,6210,006457,0.66079218,exact_name,high,1.0
2000,2000,MONTGOMERY,12,6210,006452,0.31526625,exact_name,high,1.0
2000,2000,MONTGOMERY,12,6210,006454,0.02346702,exact_name,high,1.0
2000,2000,MONTGOMERY,12,6210,006465,0.00047454,exact_name,high,1.0
2000,2000,MONTGOMERY,13,6215,006458,0.69586599,exact_name,high,1.0
2000,2000,MONTGOMERY,13,6215,006457,0.21232398,exact_name,high,1.0
2000,2000,MONTGOMERY,13,6215,006470,0.09031016,exact_name,high,1.0
2000,2000,MONTGOMERY,13,6215,006465,0.00149987,exact_name,high,1.0
2000,2000,MONTGOMERY,14,6220,006465,0.34598338,exact_name,high,1.0
2000,2000,MONTGOMERY,14,6220,006466,0.24635831,exact_name,high,1.0
2000,2000,MONTGOMERY,14,6220,006463,0.17728451,exact_name,high,1.0
2000,2000,MONTGOMERY,14,6220,006467,0.17660789,exact_name,high,1.0
2000,2000,MONTGOMERY,14,6220,006471,0.02785316,exact_name,high,1.0
2000,2000,MONTGOMERY,14,6220,006479,0.02460013,exact_name,high,1.0
2000,2000,MONTGOMERY,14,6220,006458,0.00069125,exact_name,high,1.0
2000,2000,MONTGOMERY,14,6220,006457,0.0005928,exact_name,high,1.0
2000,2000,MONTGOMERY,14,6220,006464,2.856e-05,exact_name,high,1.0
2000,2000,MONTGOMERY,14,6220,006474,1e-08,exact_name,high,1.0
2000,2000,MONTGOMERY,15,6225,006470,0.6782233,exact_name,high,1.0
2000,2000,MONTGOMERY,15,6225,006456,0.32022999,exact_name,high,1.0
2000,2000,MONTGOMERY,15,6225,006458,0.00154671,exact_name,high,1.0
2000,2000,MONTGOMERY,16,6232,006457,0.53626879,exact_name,high,1.0
2000,2000,MONTGOMERY,16,6232,006470,0.25162188,exact_name,high,1.0
2000,2000,MONTGOMERY,16,6232,006456,0.2114767,exact_name,high,1.0
2000,2000,MONTGOMERY,16,6232,006458,0.00059699,exact_name,high,1.0
2000,2000,MONTGOMERY,16,6232,006454,3.564e-05,exact_name,high,1.0
2000,2000,MONTGOMERY,17,6230,006474,0.60862193,exact_name,high,1.0
2000,2000,MONTGOMERY,17,6230,006458,0.34617229,exact_name,high,1.0
2000,2000,MONTGOMERY,17,6230,006476,0.04339452,exact_name,high,1.0
2000,2000,MONTGOMERY,17,6230,006478,0.00149917,exact_name,high,1.0
2000,2000,MONTGOMERY,17,6230,006465,0.00031009,exact_name,high,1.0
2000,2000,MONTGOMERY,17,6230,006462,1.99e-06,exact_name,high,1.0
2000,2000,MONTGOMERY,18,6228,006458,0.77414979,exact_name,high,1.0
2000,2000,MONTGOMERY,18,6228,006476,0.19372342,exact_name,high,1.0
2000,2000,MONTGOMERY,18,6228,006470,0.03129442,exact_name,high,1.0
2000,2000,MONTGOMERY,18,6228,006465,0.00083106,exact_name,high,1.0
2000,2000,MONTGOMERY,18,6228,006460,8.6e-07,exact_name,high,1.0
2000,2000,MONTGOMERY,18,6228,006472,4.5e-07,exact_name,high,1.0
2000,2000,MONTGOMERY,19,6234,006459,0.68957409,exact_name,high,1.0
2000,2000,MONTGOMERY,19,6234,006472,0.17048529,exact_name,high,1.0
2000,2000,MONTGOMERY,19,6234,006476,0.10401744,exact_name,high,1.0
2000,2000,MONTGOMERY,19,6234,006474,0.03592174,exact_name,high,1.0
2000,2000,MONTGOMERY,19,6234,006460,1.44e-06,exact_name,high,1.0
2000,2000,MONTGOMERY,20A,6236,006453,0.60718768,exact_name,high,1.0
2000,2000,MONTGOMERY,20A,6236,006469,0.26762679,exact_name,high,1.0
2000,2000,MONTGOMERY,20A,6236,006468,0.1003085,exact_name,high,1.0
2000,2000,MONTGOMERY,20A,6236,006477,0.02481459,exact_name,high,1.0
2000,2000,MONTGOMERY,20A,6236,006461,6.244e-05,exact_name,high,1.0
2000,2000,MONTGOMERY,20B,6237,006477,0.48737202,exact_name,high,1.0
2000,2000,MONTGOMERY,20B,6237,006469,0.314435,exact_name,high,1.0
2000,2000,MONTGOMERY,20B,6237,006462,0.1969359,exact_name,high,1.0
2000,2000,MONTGOMERY,20B,6237,006464,0.00125708,exact_name,high,1.0
2000,2000,MONTGOMERY,21,6238,006477,0.47002355,exact_name,high,1.0
2000,2000,MONTGOMERY,21,6238,006476,0.31497061,exact_name,high,1.0
2000,2000,MONTGOMERY,21,6238,006474,0.16146769,exact_name,high,1.0
2000,2000,MONTGOMERY,21,6238,006472,0.05306591,exact_name,high,1.0
2000,2000,MONTGOMERY,21,6238,006459,0.00046473,exact_name,high,1.0
2000,2000,MONTGOMERY,21,6238,006461,7.51e-06,exact_name,high,1.0
2000,2000,MONTGOMERY,22,6240,006462,0.99652013,exact_name,high,1.0
2000,2000,MONTGOMERY,22,6240,006478,0.00195262,exact_name,high,1.0
2000,2000,MONTGOMERY,22,6240,006464,0.00139823,exact_name,high,1.0
2000,2000,MONTGOMERY,22,6240,006474,0.00010032,exact_name,high,1.0
2000,2000,MONTGOMERY,22,6240,006469,2.87e-05,exact_name,high,1.0
2000,2000,MOORE,01 COURTHOUSE,6248,006554,0.99620065,code_token_name,high,0.993
2000,2000,MOORE,01 COURTHOUSE,6248,006552,0.00312952,code_token_name,high,0.993
2000,2000,MOORE,01 COURTHOUSE,6248,006553,0.0005892,code_token_name,high,0.993
2000,2000,MOORE,01 COURTHOUSE,6248,006551,8.063e-05,code_token_name,high,0.993
2000,2000,MOORE,02 MCHS,6256,006551,0.67961478,code_token_name,high,0.993
2000,2000,MOORE,02 MCHS,6256,006552,0.15842407,code_token_name,high,0.993
2000,2000,MOORE,02 MCHS,6256,006553,0.09239651,code_token_name,high,0.993
2000,2000,MOORE,02 MCHS,6256,006554,0.04868445,code_token_name,high,0.993
2000,2000,MOORE,02 MCHS,6256,006555,0.02088019,code_token_name,high,0.993
2000,2000,MOORE,04 ELEM SCHOOL,6252,006552,0.98123665,code_token_name,high,0.993
2000,2000,MOORE,04 ELEM SCHOOL,6252,006551,0.01815527,code_token_name,high,0.993
2000,2000,MOORE,04 ELEM SCHOOL,6252,006555,0.00040191,code_token_name,high,0.993
2000,2000,MOORE,04 ELEM SCHOOL,6252,006554,0.00020618,code_token_name,high,0.993
2000,2000,MOORE,05 MOTLOW COLLEG,6260,006555,0.9816675,code_token_name,high,0.993
2000,2000,MOORE,05 MOTLOW COLLEG,6260,006551,0.0179518,code_token_name,high,0.993
2000,2000,MOORE,05 MOTLOW COLLEG,6260,006552,0.0003807,code_token_name,high,0.993
2000,2000,MORGAN,1 1 COALFIELD,6276,006651,0.99957051,exact_name,high,1.0
2000,2000,MORGAN,1 1 COALFIELD,6276,006653,0.0003564,exact_name,high,1.0
2000,2000,MORGAN,1 1 COALFIELD,6276,006662,7.309e-05,exact_name,high,1.0
2000,2000,MORGAN,2 1 OAKDALE,6300,006662,0.64524697,exact_name,high,1.0
2000,2000,MORGAN,2 1 OAKDALE,6300,006657,0.24051231,exact_name,high,1.0
2000,2000,MORGAN,2 1 OAKDALE,6300,006651,0.1139847,exact_name,high,1.0
2000,2000,MORGAN,2 1 OAKDALE,6300,006652,0.00016805,exact_name,high,1.0
2000,2000,MORGAN,2 1 OAKDALE,6300,006654,8.797e-05,exact_name,high,1.0
2000,2000,MORGAN,2 2 OAKDALE HIGH,6304,006652,0.83115355,exact_name,high,1.0
2000,2000,MORGAN,2 2 OAKDALE HIGH,6304,006654,0.11724637,exact_name,high,1.0
2000,2000,MORGAN,2 2 OAKDALE HIGH,6304,006658,0.04269565,exact_name,high,1.0
2000,2000,MORGAN,2 2 OAKDALE HIGH,6304,006662,0.00890444,exact_name,high,1.0
2000,2000,MORGAN,3 1 WARTBURG,6316,006654,0.65033375,exact_name,high,1.0
2000,2000,MORGAN,3 1 WARTBURG,6316,006660,0.23518759,exact_name,high,1.0
2000,2000,MORGAN,3 1 WARTBURG,6316,006658,0.05364284,exact_name,high,1.0
2000,2000,MORGAN,3 1 WARTBURG,6316,006656,0.03378379,exact_name,high,1.0
2000,2000,MORGAN,3 1 WARTBURG,6316,006653,0.02695623,exact_name,high,1.0
2000,2000,MORGAN,3 1 WARTBURG,6316,006652,8.124e-05,exact_name,high,1.0
2000,2000,MORGAN,3 1 WARTBURG,6316,006651,1.456e-05,exact_name,high,1.0
2000,2000,MORGAN,4 1 CHESTNUT RIDG,6280,006658,0.56294894,code_token_name,high,0.993
2000,2000,MORGAN,4 1 CHESTNUT RIDG,6280,006661,0.43598187,code_token_name,high,0.993
2000,2000,MORGAN,4 1 CHESTNUT RIDG,6280,006655,0.00041168,code_token_name,high,0.993
2000,2000,MORGAN,4 1 CHESTNUT RIDG,6280,006659,0.00037627,code_token_name,high,0.993
2000,2000,MORGAN,4 1 CHESTNUT RIDG,6280,006656,0.00028123,code_token_name,high,0.993
2000,2000,MORGAN,4 2 LANCING,6286,006658,0.49337778,exact_name,high,1.0
2000,2000,MORGAN,4 2 LANCING,6286,006656,0.37834915,exact_name,high,1.0
2000,2000,MORGAN,4 2 LANCING,6286,006655,0.12806392,exact_name,high,1.0
2000,2000,MORGAN,4 2 LANCING,6286,006654,0.00019462,exact_name,high,1.0
2000,2000,MORGAN,4 2 LANCING,6286,006661,1.453e-05,exact_name,high,1.0
2000,2000,MORGAN,4 3 DEER LODGE,0006,0006,1.0,exact_name,high,1.0
2000,2000,MORGAN,5 1 BURRVILLE,6268,006659,0.99906416,exact_name,high,1.0
2000,2000,MORGAN,5 1 BURRVILLE,6268,006656,0.00036193,exact_name,high,1.0
2000,2000,MORGAN,5 1 BURRVILLE,6268,006661,0.00032659,exact_name,high,1.0
2000,2000,MORGAN,5 1 BURRVILLE,6268,006655,0.00024732,exact_name,high,1.0
2000,2000,MORGAN,5 2 SUNBRIGHT,6312,006656,0.99920894,exact_name,high,1.0
2000,2000,MORGAN,5 2 SUNBRIGHT,6312,006659,0.0003813,exact_name,high,1.0
2000,2000,MORGAN,5 2 SUNBRIGHT,6312,006658,0.00025934,exact_name,high,1.0
2000,2000,MORGAN,5 2 SUNBRIGHT,6312,006661,0.00015042,exact_name,high,1.0
2000,2000,MORGAN,6 1 MOSSY GROVE,6296,006654,0.67310993,exact_name,high,1.0
2000,2000,MORGAN,6 1 MOSSY GROVE,6296,006657,0.31230105,exact_name,high,1.0
2000,2000,MORGAN,6 1 MOSSY GROVE,6296,006651,0.01335401,exact_name,high,1.0
2000,2000,MORGAN,6 1 MOSSY GROVE,6296,006660,0.00073116,exact_name,high,1.0
2000,2000,MORGAN,6 1 MOSSY GROVE,6296,006662,0.00029701,exact_name,high,1.0
2000,2000,MORGAN,6 1 MOSSY GROVE,6296,006652,0.00020684,exact_name,high,1.0
2000,2000,MORGAN,6 2 PETROS,6308,006653,0.46272389,exact_name,high,1.0
2000,2000,MORGAN,6 2 PETROS,6308,006651,0.30443565,exact_name,high,1.0
2000,2000,MORGAN,6 2 PETROS,6308,006660,0.23284046,exact_name,high,1.0
2000,2000,MORGAN,6 3 KELLYS,6284,006651,0.88753963,exact_name,high,1.0
2000,2000,MORGAN,6 3 KELLYS,6284,006660,0.1116188,exact_name,high,1.0
2000,2000,MORGAN,6 3 KELLYS,6284,006654,0.00065832,exact_name,high,1.0
2000,2000,MORGAN,6 3 KELLYS,6284,006657,0.00018324,exact_name,high,1.0
2000,2000,OBION,01 1 EAST SIDE,6370,006751,1.0,code_token_name,high,0.993
2000,2000,OBION,01 2 WEST SIDE,6370,006751,1.0,code_token_name,high,0.993
2000,2000,OBION,02 1 CALDWELLS,6320,006753,0.78007338,code_token_name,high,0.993
2000,2000,OBION,02 1 CALDWELLS,6320,006756,0.21982627,code_token_name,high,0.993
2000,2000,OBION,02 1 CALDWELLS,6320,006762,0.00010035,code_token_name,high,0.993
2000,2000,OBION,02 2 CLAYTON,6320,006753,0.78007338,code_token_name,high,0.993
2000,2000,OBION,02 2 CLAYTON,6320,006756,0.21982627,code_token_name,high,0.993
2000,2000,OBION,02 2 CLAYTON,6320,006762,0.00010035,code_token_name,high,0.993
2000,2000,OBION,02 3 SHAWTOWN,6320,006753,0.78007338,code_token_name,high,0.993
2000,2000,OBION,02 3 SHAWTOWN,6320,006756,0.21982627,code_token_name,high,0.993
2000,2000,OBION,02 3 SHAWTOWN,6320,006762,0.00010035,code_token_name,high,0.993
2000,2000,OBION,02 4 WOODLAND MIL,6320,006753,0.78007338,code_token_name,high,0.993
2000,2000,OBION,02 4 WOODLAND MIL,6320,006756,0.21982627,code_token_name,high,0.993
2000,2000,OBION,02 4 WOODLAND MIL,6320,006762,0.00010035,code_token_name,high,0.993
2000,2000,OBION,03 1 CENTRAL,6380,006761,0.56346722,code_token_name,high,0.993
2000,2000,OBION,03 1 CENTRAL,6380,006757,0.43653278,code_token_name,high,0.993
2000,2000,OBION,03 2 KENTON,6380,006761,0.56346722,code_token_name,high,0.993
2000,2000,OBION,03 2 KENTON,6380,006757,0.43653278,code_token_name,high,0.993
2000,2000,OBION,03 3 MASON HALL,6380,006761,0.56346722,code_token_name,high,0.993
2000,2000,OBION,03 3 MASON HALL,6380,006757,0.43653278,code_token_name,high,0.993
2000,2000,OBION,03 4 RIVES,6380,006761,0.56346722,code_token_name,high,0.993
2000,2000,OBION,03 4 RIVES,6380,006757,0.43653278,code_token_name,high,0.993
2000,2000,OBION,03 5 SUNNYSIDE,6380,006761,0.56346722,code_token_name,high,0.993
2000,2000,OBION,03 5 SUNNYSIDE,6380,006757,0.43653278,code_token_name,high,0.993
2000,2000,OBION,04 1 OBION,6368,006758,0.99946582,code_token_name,high,0.993
2000,2000,OBION,04 1 OBION,6368,006760,0.00031173,code_token_name,high,0.993
2000,2000,OBION,04 1 OBION,6368,006759,0.00020616,code_token_name,high,0.993
2000,2000,OBION,04 1 OBION,6368,006757,1.629e-05,code_token_name,high,0.993
2000,2000,OBION,05 1 CASHTOWN,6390,006754,0.842175,code_token_name,high,0.993
2000,2000,OBION,05 1 CASHTOWN,6390,006755,0.15737828,code_token_name,high,0.993
2000,2000,OBION,05 1 CASHTOWN,6390,006759,0.00028524,code_token_name,high,0.993
2000,2000,OBION,05 1 CASHTOWN,6390,006760,0.00016148,code_token_name,high,0.993
2000,2000,OBION,05 2 CLOVERDALE,6390,006754,0.842175,code_token_name,high,0.993
2000,2000,OBION,05 2 CLOVERDALE,6390,006755,0.15737828,code_token_name,high,0.993
2000,2000,OBION,05 2 CLOVERDALE,6390,006759,0.00028524,code_token_name,high,0.993
2000,2000,OBION,05 2 CLOVERDALE,6390,006760,0.00016148,code_token_name,high,0.993
2000,2000,OBION,05 4 HORNBEAK,6390,006754,0.842175,code_token_name,high,0.993
2000,2000,OBION,05 4 HORNBEAK,6390,006755,0.15737828,code_token_name,high,0.993
2000,2000,OBION,05 4 HORNBEAK,6390,006759,0.00028524,code_token_name,high,0.993
2000,2000,OBION,05 4 HORNBEAK,6390,006760,0.00016148,code_token_name,high,0.993
2000,2000,OBION,05 5 SAMBURG,6390,006754,0.842175,code_token_name,high,0.993
2000,2000,OBION,05 5 SAMBURG,6390,006755,0.15737828,code_token_name,high,0.993
2000,2000,OBION,05 5 SAMBURG,6390,006759,0.00028524,code_token_name,high,0.993
2000,2000,OBION,05 5 SAMBURG,6390,006760,0.00016148,code_token_name,high,0.993
2000,2000,OBION,06 1 TROY,6388,006760,0.72358501,code_token_name,high,0.993
2000,2000,OBION,06 1 TROY,6388,006758,0.21879933,code_token_name,high,0.993
2000,2000,OBION,06 1 TROY,6388,006754,0.0491218,code_token_name,high,0.993
2000,2000,OBION,06 1 TROY,6388,006761,0.00816541,code_token_name,high,0.993
2000,2000,OBION,06 1 TROY,6388,006757,0.00021093,code_token_name,high,0.993
2000,2000,OBION,06 1 TROY,6388,006759,0.00011752,code_token_name,high,0.993
2000,2000,OBION,07 1 COURT HOUSE,6340,006761,0.3562744,code_token_name,high,0.993
2000,2000,OBION,07 1 COURT HOUSE,6340,006756,0.25532889,code_token_name,high,0.993
2000,2000,OBION,07 1 COURT HOUSE,6340,006753,0.19829922,code_token_name,high,0.993
2000,2000,OBION,07 1 COURT HOUSE,6340,006752,0.1900975,code_token_name,high,0.993
2000,2000,OBION,07 2 MIDDLE SCHOO,6340,006761,0.3562744,code_token_name,high,0.993
2000,2000,OBION,07 2 MIDDLE SCHOO,6340,006756,0.25532889,code_token_name,high,0.993
2000,2000,OBION,07 2 MIDDLE SCHOO,6340,006753,0.19829922,code_token_name,high,0.993
2000,2000,OBION,07 2 MIDDLE SCHOO,6340,006752,0.1900975,code_token_name,high,0.993
2000,2000,OBION,08 1 FIRE STATION,6400,006756,0.9999029,code_token_name,high,0.993
2000,2000,OBION,08 1 FIRE STATION,6400,006762,9.136e-05,code_token_name,high,0.993
2000,2000,OBION,08 1 FIRE STATION,6400,006752,5.74e-06,code_token_name,high,0.993
2000,2000,OBION,08 1 FIRE STATION,6400,006753,1e-08,code_token_name,high,0.993
2000,2000,OBION,08 2 CITY HALL,6400,006756,0.9999029,code_token_name,high,0.993
2000,2000,OBION,08 2 CITY HALL,6400,006762,9.136e-05,code_token_name,high,0.993
2000,2000,OBION,08 2 CITY HALL,6400,006752,5.74e-06,code_token_name,high,0.993
2000,2000,OBION,08 2 CITY HALL,6400,006753,1e-08,code_token_name,high,0.993
2000,2000,OBION,09 1 MILES SCHOOL,6404,006762,0.95859323,code_token_name,high,0.993
2000,2000,OBION,09 1 MILES SCHOOL,6404,006756,0.04123743,code_token_name,high,0.993
2000,2000,OBION,09 1 MILES SCHOOL,6404,006752,0.00016933,code_token_name,high,0.993
2000,2000,OBION,09 2 NATL GR ARMO,6404,006762,0.95859323,code_token_name,high,0.993
2000,2000,OBION,09 2 NATL GR ARMO,6404,006756,0.04123743,code_token_name,high,0.993
2000,2000,OBION,09 2 NATL GR ARMO,6404,006752,0.00016933,code_token_name,high,0.993
2000,2000,OBION,10 2 WAYMATIC,6362,006751,0.39460332,exact_name,high,1.0
2000,2000,OBION,10 2 WAYMATIC,6362,006761,0.28142914,exact_name,high,1.0
2000,2000,OBION,10 2 WAYMATIC,6362,006756,0.2789613,exact_name,high,1.0
2000,2000,OBION,10 2 WAYMATIC,6362,006762,0.04500624,exact_name,high,1.0
2000,2000,OVERTON,1 1 LIVINGSTON,6428,006853,0.98395967,code_token_name,high,0.993
2000,2000,OVERTON,1 1 LIVINGSTON,6428,006852,0.0143444,code_token_name,high,0.993
2000,2000,OVERTON,1 1 LIVINGSTON,6428,006856,0.00168182,code_token_name,high,0.993
2000,2000,OVERTON,1 1 LIVINGSTON,6428,006854,1.41e-05,code_token_name,high,0.993
2000,2000,OVERTON,2 1 ALLONS,0002,0002,1.0,exact_name,high,1.0
2000,2000,OVERTON,2 2 INDEPENDENCE,6438,006852,0.99929527,code_token_name,high,0.993
2000,2000,OVERTON,2 2 INDEPENDENCE,6438,006853,0.00059567,code_token_name,high,0.993
2000,2000,OVERTON,2 2 INDEPENDENCE,6438,006854,0.00010906,code_token_name,high,0.993
2000,2000,OVERTON,2 3 MONROE,0003,0003,1.0,exact_name,high,1.0
2000,2000,OVERTON,3 1 ALPINE,6448,006856,0.83314613,code_token_name,high,0.993
2000,2000,OVERTON,3 1 ALPINE,6448,006853,0.1664093,code_token_name,high,0.993
2000,2000,OVERTON,3 1 ALPINE,6448,006854,0.00031844,code_token_name,high,0.993
2000,2000,OVERTON,3 1 ALPINE,6448,006855,0.00012614,code_token_name,high,0.993
2000,2000,OVERTON,3 2 POTEET,0004,0004,1.0,exact_name,high,1.0
2000,2000,OVERTON,3 3 WILSON,0005,0005,1.0,exact_name,high,1.0
2000,2000,OVERTON,3 4 RUSHING SPGS,6448,006856,0.83314613,code_token_name,high,0.993
2000,2000,OVERTON,3 4 RUSHING SPGS,6448,006853,0.1664093,code_token_name,high,0.993
2000,2000,OVERTON,3 4 RUSHING SPGS,6448,006854,0.00031844,code_token_name,high,0.993
2000,2000,OVERTON,3 4 RUSHING SPGS,6448,006855,0.00012614,code_token_name,high,0.993
2000,2000,OVERTON,4 1 PLEASANT VALLE,6458,006857,0.879044,code_token_name,high,0.993
2000,2000,OVERTON,4 1 PLEASANT VALLE,6458,006855,0.06081422,code_token_name,high,0.993
2000,2000,OVERTON,4 1 PLEASANT VALLE,6458,006851,0.06014178,code_token_name,high,0.993
2000,2000,OVERTON,4 2 RICKMAN,0007,0007,1.0,exact_name,high,1.0
2000,2000,OVERTON,4 3 HARDY CHAPEL,6458,006857,0.879044,code_token_name,high,0.993
2000,2000,OVERTON,4 3 HARDY CHAPEL,6458,006855,0.06081422,code_token_name,high,0.993
2000,2000,OVERTON,4 3 HARDY CHAPEL,6458,006851,0.06014178,code_token_name,high,0.993
2000,2000,OVERTON,5 1 HILHAM,0008,0008,1.0,exact_name,high,1.0
2000,2000,OVERTON,5 2 FAIRGROUNDS,0009,0009,1.0,exact_name,high,1.0
2000,2000,OVERTON,5 3 HARDY CHAPEL,6467,006851,0.99972582,code_token_name,high,0.993
2000,2000,OVERTON,5 3 HARDY CHAPEL,6467,006855,0.00027418,code_token_name,high,0.993
2000,2000,PERRY,301 COON CREEK,0005,0005,1.0,exact_name,high,1.0
2000,2000,PERRY,302 FLATWOODS,0006,0006,1.0,exact_name,high,1.0
2000,2000,PERRY,401 CHESTNUT GRO,0007,0007,1.0,code_token_name,high,0.993
2000,2000,PICKETT,01 BARNES,0001,0001,1.0,token_vtd,high,1.0
2000,2000,PICKETT,02 BOLESTOWN,0002,0002,1.0,token_vtd,high,1.0
2000,2000,PICKETT,03 BOOM,0003,0003,1.0,token_vtd,high,1.0
2000,2000,PICKETT,04 COMM CTR,0004,0004,1.0,token_vtd,high,1.0
2000,2000,PICKETT,05 CHANUTE,0005,0005,1.0,token_vtd,high,1.0
2000,2000,PICKETT,06 HIGH SCHOOL,0006,0006,1.0,token_vtd,high,1.0
2000,2000,PICKETT,07 MOODYVL,0007,0007,1.0,token_vtd,high,1.0
2000,2000,PICKETT,08 OAK HILL,0008,0008,1.0,token_vtd,high,1.0
2000,2000,PICKETT,09 TRAVISVL,0009,0009,1.0,token_vtd,high,1.0
2000,2000,POLK,01 01 DELANO LIONS,6596,007151,0.99906903,code_token_name,high,0.993
2000,2000,POLK,01 01 DELANO LIONS,6596,007152,0.00050721,code_token_name,high,0.993
2000,2000,POLK,01 01 DELANO LIONS,6596,007160,0.00042359,code_token_name,high,0.993
2000,2000,POLK,01 01 DELANO LIONS,6596,007153,1.6e-07,code_token_name,high,0.993
2000,2000,POLK,01 01A FIREHALL 5,6596,007151,0.99906903,code_token_name,high,0.993
2000,2000,POLK,01 01A FIREHALL 5,6596,007152,0.00050721,code_token_name,high,0.993
2000,2000,POLK,01 01A FIREHALL 5,6596,007160,0.00042359,code_token_name,high,0.993
2000,2000,POLK,01 01A FIREHALL 5,6596,007153,1.6e-07,code_token_name,high,0.993
2000,2000,POLK,02 02 HIGH SCHOOL,6608,007153,0.62488181,code_token_name,high,0.993
2000,2000,POLK,02 02 HIGH SCHOOL,6608,007159,0.23621641,code_token_name,high,0.993
2000,2000,POLK,02 02 HIGH SCHOOL,6608,007157,0.13854185,code_token_name,high,0.993
2000,2000,POLK,02 02 HIGH SCHOOL,6608,007152,0.00028214,code_token_name,high,0.993
2000,2000,POLK,02 02 HIGH SCHOOL,6608,007151,7.778e-05,code_token_name,high,0.993
2000,2000,POLK,03 03 GREASY CREE,6612,007158,0.98895462,code_token_name,high,0.993
2000,2000,POLK,03 03 GREASY CREE,6612,007157,0.01013022,code_token_name,high,0.993
2000,2000,POLK,03 03 GREASY CREE,6612,007159,0.00022564,code_token_name,high,0.993
2000,2000,POLK,03 03 GREASY CREE,6612,007161,0.00020284,code_token_name,high,0.993
2000,2000,POLK,03 03 GREASY CREE,6612,007160,0.00018,code_token_name,high,0.993
2000,2000,POLK,03 03 GREASY CREE,6612,007154,0.00016701,code_token_name,high,0.993
2000,2000,POLK,03 03 GREASY CREE,6612,007152,0.00013966,code_token_name,high,0.993
2000,2000,POLK,03 03A SPGTWN FIRE,6612,007158,0.98895462,code_token_name,high,0.993
2000,2000,POLK,03 03A SPGTWN FIRE,6612,007157,0.01013022,code_token_name,high,0.993
2000,2000,POLK,03 03A SPGTWN FIRE,6612,007159,0.00022564,code_token_name,high,0.993
2000,2000,POLK,03 03A SPGTWN FIRE,6612,007161,0.00020284,code_token_name,high,0.993
2000,2000,POLK,03 03A SPGTWN FIRE,6612,007160,0.00018,code_token_name,high,0.993
2000,2000,POLK,03 03A SPGTWN FIRE,6612,007154,0.00016701,code_token_name,high,0.993
2000,2000,POLK,03 03A SPGTWN FIRE,6612,007152,0.00013966,code_token_name,high,0.993
2000,2000,POLK,03 03B RIVER RATS,6612,007158,0.98895462,code_token_name,high,0.993
2000,2000,POLK,03 03B RIVER RATS,6612,007157,0.01013022,code_token_name,high,0.993
2000,2000,POLK,03 03B RIVER RATS,6612,007159,0.00022564,code_token_name,high,0.993
2000,2000,POLK,03 03B RIVER RATS,6612,007161,0.00020284,code_token_name,high,0.993
2000,2000,POLK,03 03B RIVER RATS,6612,007160,0.00018,code_token_name,high,0.993
2000,2000,POLK,03 03B RIVER RATS,6612,007154,0.00016701,code_token_name,high,0.993
2000,2000,POLK,03 03B RIVER RATS,6612,007152,0.00013966,code_token_name,high,0.993
2000,2000,POLK,04 04 S POLK SCHO,6624,007156,0.99860334,code_token_name,high,0.993
2000,2000,POLK,04 04 S POLK SCHO,6624,007157,0.00081517,code_token_name,high,0.993
2000,2000,POLK,04 04 S POLK SCHO,6624,007155,0.0005815,code_token_name,high,0.993
2000,2000,POLK,04 04A OCOEE FIRE,6624,007156,0.99860334,code_token_name,high,0.993
2000,2000,POLK,04 04A OCOEE FIRE,6624,007157,0.00081517,code_token_name,high,0.993
2000,2000,POLK,04 04A OCOEE FIRE,6624,007155,0.0005815,code_token_name,high,0.993
2000,2000,POLK,05 09A DUCKTOWN C,0005,0005,1.0,token_vtd,high,1.0
2000,2000,POLK,05 10 DUCKTOWN BR,0005,0005,1.0,token_vtd,high,1.0
2000,2000,POLK,06 08 TURTLETOWN,0006,0006,1.0,token_vtd,high,1.0
2000,2000,POLK,06 09 DUCKTOWN SC,0006,0006,1.0,token_vtd,high,1.0
2000,2000,PUTNAM,ARMORY INSIDE,6660,007263,0.80050416,exact_name,high,1.0
2000,2000,PUTNAM,ARMORY INSIDE,6660,007266,0.19849471,exact_name,high,1.0
2000,2000,PUTNAM,ARMORY INSIDE,6660,007264,0.0008907,exact_name,high,1.0
2000,2000,PUTNAM,ARMORY INSIDE,6660,007267,0.00011043,exact_name,high,1.0
2000,2000,PUTNAM,ARMORY OUTSIDE,6661,007263,0.9985607,exact_name,high,1.0
2000,2000,PUTNAM,ARMORY OUTSIDE,6661,007267,0.00142719,exact_name,high,1.0
2000,2000,PUTNAM,ARMORY OUTSIDE,6661,007264,1.039e-05,exact_name,high,1.0
2000,2000,PUTNAM,ARMORY OUTSIDE,6661,007266,1.71e-06,exact_name,high,1.0
2000,2000,PUTNAM,BANGHAM,6664,007253,0.9992569,exact_name,high,1.0
2000,2000,PUTNAM,BANGHAM,6664,007257,0.00034663,exact_name,high,1.0
2000,2000,PUTNAM,BANGHAM,6664,007251,0.00031291,exact_name,high,1.0
2000,2000,PUTNAM,BANGHAM,6664,007252,8.356e-05,exact_name,high,1.0
2000,2000,PUTNAM,BAXTER CITY HALL,6673,007269,0.99953289,exact_name,high,1.0
2000,2000,PUTNAM,BAXTER CITY HALL,6673,007265,0.00046711,exact_name,high,1.0
2000,2000,PUTNAM,BLOOMINGTON,6676,007271,0.55195625,prefix_name,high,0.995
2000,2000,PUTNAM,BLOOMINGTON,6676,007265,0.44787161,prefix_name,high,0.995
2000,2000,PUTNAM,BLOOMINGTON,6676,007269,0.00017213,prefix_name,high,0.995
2000,2000,PUTNAM,BOMA,6680,007272,0.99828172,exact_name,high,1.0
2000,2000,PUTNAM,BOMA,6680,007269,0.00131852,exact_name,high,1.0
2000,2000,PUTNAM,BOMA,6680,007271,0.00037769,exact_name,high,1.0
2000,2000,PUTNAM,BOMA,6680,007270,2.206e-05,exact_name,high,1.0
2000,2000,PUTNAM,BRIDGE,6684,007267,0.99507801,prefix_name,high,0.995
2000,2000,PUTNAM,BRIDGE,6684,007266,0.00398071,prefix_name,high,0.995
2000,2000,PUTNAM,BRIDGE,6684,007261,0.00056287,prefix_name,high,0.995
2000,2000,PUTNAM,BRIDGE,6684,007274,0.00037841,prefix_name,high,0.995
2000,2000,PUTNAM,BROTHERTON,6688,007260,0.58283001,exact_name,high,1.0
2000,2000,PUTNAM,BROTHERTON,6688,007262,0.29170729,exact_name,high,1.0
2000,2000,PUTNAM,BROTHERTON,6688,007261,0.12450643,exact_name,high,1.0
2000,2000,PUTNAM,BROTHERTON,6688,007254,0.00095626,exact_name,high,1.0
2000,2000,PUTNAM,BUFFALO VALLEY,6692,007270,0.99868871,exact_name,high,1.0
2000,2000,PUTNAM,BUFFALO VALLEY,6692,007271,0.00108944,exact_name,high,1.0
2000,2000,PUTNAM,BUFFALO VALLEY,6692,007272,0.00022185,exact_name,high,1.0
2000,2000,PUTNAM,BURGESS,6713,007267,0.99880664,exact_name,high,1.0
2000,2000,PUTNAM,BURGESS,6713,007263,0.00107579,exact_name,high,1.0
2000,2000,PUTNAM,BURGESS,6713,007266,0.00011756,exact_name,high,1.0
2000,2000,PUTNAM,BUSSELL,6696,007263,0.4877593,exact_name,high,1.0
2000,2000,PUTNAM,BUSSELL,6696,007268,0.45844958,exact_name,high,1.0
2000,2000,PUTNAM,BUSSELL,6696,007267,0.04778649,exact_name,high,1.0
2000,2000,PUTNAM,BUSSELL,6696,007269,0.00590505,exact_name,high,1.0
2000,2000,PUTNAM,BUSSELL,6696,007264,9.959e-05,exact_name,high,1.0
2000,2000,PUTNAM,CANE CREEK,6755,007264,0.99992226,exact_name,high,1.0
2000,2000,PUTNAM,CANE CREEK,6755,007265,7.347e-05,exact_name,high,1.0
2000,2000,PUTNAM,CANE CREEK,6755,007263,4.28e-06,exact_name,high,1.0
2000,2000,PUTNAM,CAPSHAW,6704,007266,0.97508697,exact_name,high,1.0
2000,2000,PUTNAM,CAPSHAW,6704,007264,0.024902,exact_name,high,1.0
2000,2000,PUTNAM,CAPSHAW,6704,007261,1.103e-05,exact_name,high,1.0
2000,2000,PUTNAM,CEDAR HILL,6708,007271,0.99959965,exact_name,high,1.0
2000,2000,PUTNAM,CEDAR HILL,6708,007270,0.0002314,exact_name,high,1.0
2000,2000,PUTNAM,CEDAR HILL,6708,007272,9.148e-05,exact_name,high,1.0
2000,2000,PUTNAM,CEDAR HILL,6708,007269,7.747e-05,exact_name,high,1.0
2000,2000,PUTNAM,COURTHOUSE,6716,007266,0.92105391,exact_name,high,1.0
2000,2000,PUTNAM,COURTHOUSE,6716,007256,0.0412251,exact_name,high,1.0
2000,2000,PUTNAM,COURTHOUSE,6716,007255,0.03766252,exact_name,high,1.0
2000,2000,PUTNAM,COURTHOUSE,6716,007264,5.846e-05,exact_name,high,1.0
2000,2000,PUTNAM,DOUBLE SPRINGS,6720,007265,0.54910547,exact_name,high,1.0
2000,2000,PUTNAM,DOUBLE SPRINGS,6720,007269,0.26195713,exact_name,high,1.0
2000,2000,PUTNAM,DOUBLE SPRINGS,6720,007263,0.11312224,exact_name,high,1.0
2000,2000,PUTNAM,DOUBLE SPRINGS,6720,007264,0.07041043,exact_name,high,1.0
2000,2000,PUTNAM,DOUBLE SPRINGS,6720,007257,0.00521287,exact_name,high,1.0
2000,2000,PUTNAM,DOUBLE SPRINGS,6720,007258,0.00017901,exact_name,high,1.0
2000,2000,PUTNAM,DOUBLE SPRINGS,6720,007268,1.228e-05,exact_name,high,1.0
2000,2000,PUTNAM,DOUBLE SPRINGS,6720,007271,5.7e-07,exact_name,high,1.0
2000,2000,PUTNAM,DRY VALLEY,6724,007274,0.74401321,exact_name,high,1.0
2000,2000,PUTNAM,DRY VALLEY,6724,007262,0.20073045,exact_name,high,1.0
2000,2000,PUTNAM,DRY VALLEY,6724,007275,0.05479686,exact_name,high,1.0
2000,2000,PUTNAM,DRY VALLEY,6724,007267,0.00032413,exact_name,high,1.0
2000,2000,PUTNAM,DRY VALLEY,6724,007261,0.00013535,exact_name,high,1.0
2000,2000,PUTNAM,GENTRY,6732,007271,0.99948464,exact_name,high,1.0
2000,2000,PUTNAM,GENTRY,6732,007270,0.00051536,exact_name,high,1.0
2000,2000,PUTNAM,JERE WHITSON,6736,007251,0.66609152,exact_name,high,1.0
2000,2000,PUTNAM,JERE WHITSON,6736,007255,0.3318868,exact_name,high,1.0
2000,2000,PUTNAM,JERE WHITSON,6736,007256,0.00202168,exact_name,high,1.0
2000,2000,PUTNAM,PARKVIEW INSIDE,6756,007264,0.99930573,exact_name,high,1.0
2000,2000,PUTNAM,PARKVIEW INSIDE,6756,007266,0.00040847,exact_name,high,1.0
2000,2000,PUTNAM,PARKVIEW INSIDE,6756,007263,0.00017231,exact_name,high,1.0
2000,2000,PUTNAM,PARKVIEW INSIDE,6756,007258,7.915e-05,exact_name,high,1.0
2000,2000,PUTNAM,PARKVIEW INSIDE,6756,007256,3.433e-05,exact_name,high,1.0
2000,2000,PUTNAM,PARKVIEW OUTSIDE,6757,007264,0.99947794,exact_name,high,1.0
2000,2000,PUTNAM,PARKVIEW OUTSIDE,6757,007263,0.00052206,exact_name,high,1.0
2000,2000,PUTNAM,PAVILION,6678,007257,0.64485213,exact_name,high,1.0
2000,2000,PUTNAM,PAVILION,6678,007265,0.34877662,exact_name,high,1.0
2000,2000,PUTNAM,PAVILION,6678,007258,0.00573132,exact_name,high,1.0
2000,2000,PUTNAM,PAVILION,6678,007253,0.00049456,exact_name,high,1.0
2000,2000,PUTNAM,PAVILION,6678,007251,0.00014538,exact_name,high,1.0
2000,2000,PUTNAM,POPLAR GROVE,6760,007275,0.53580589,exact_name,high,1.0
2000,2000,PUTNAM,POPLAR GROVE,6760,007261,0.46078295,exact_name,high,1.0
2000,2000,PUTNAM,POPLAR GROVE,6760,007274,0.00129772,exact_name,high,1.0
2000,2000,PUTNAM,POPLAR GROVE,6760,007262,0.00129115,exact_name,high,1.0
2000,2000,PUTNAM,POPLAR GROVE,6760,007260,0.00067792,exact_name,high,1.0
2000,2000,PUTNAM,POPLAR GROVE,6760,007267,0.00014437,exact_name,high,1.0
2000,2000,PUTNAM,PRESCOTT CENTRAL,6740,007255,0.99807456,exact_name,high,1.0
2000,2000,PUTNAM,PRESCOTT CENTRAL,6740,007266,0.00106208,exact_name,high,1.0
2000,2000,PUTNAM,PRESCOTT CENTRAL,6740,007256,0.00086336,exact_name,high,1.0
2000,2000,PUTNAM,SAND SPRINGS,6764,007262,0.99946915,exact_name,high,1.0
2000,2000,PUTNAM,SAND SPRINGS,6764,007275,0.00027461,exact_name,high,1.0
2000,2000,PUTNAM,SAND SPRINGS,6764,007274,0.00025624,exact_name,high,1.0
2000,2000,PUTNAM,SILVER POINT,6768,007272,0.98986841,exact_name,high,1.0
2000,2000,PUTNAM,SILVER POINT,6768,007269,0.00998443,exact_name,high,1.0
2000,2000,PUTNAM,SILVER POINT,6768,007270,0.00014716,exact_name,high,1.0
2000,2000,PUTNAM,SOUTH COOKEVILLE,6714,007266,0.99940522,exact_name,high,1.0
2000,2000,PUTNAM,SOUTH COOKEVILLE,6714,007267,0.00056322,exact_name,high,1.0
2000,2000,PUTNAM,SOUTH COOKEVILLE,6714,007263,3.155e-05,exact_name,high,1.0
2000,2000,PUTNAM,SYCAMORE INSIDE,6772,007258,0.62777649,exact_name,high,1.0
2000,2000,PUTNAM,SYCAMORE INSIDE,6772,007256,0.26655076,exact_name,high,1.0
2000,2000,PUTNAM,SYCAMORE INSIDE,6772,007264,0.10057179,exact_name,high,1.0
2000,2000,PUTNAM,SYCAMORE INSIDE,6772,007257,0.00359159,exact_name,high,1.0
2000,2000,PUTNAM,SYCAMORE INSIDE,6772,007265,0.0008549,exact_name,high,1.0
2000,2000,PUTNAM,SYCAMORE INSIDE,6772,007251,0.00063091,exact_name,high,1.0
2000,2000,PUTNAM,SYCAMORE INSIDE,6772,007255,2.355e-05,exact_name,high,1.0
2000,2000,PUTNAM,SYCAMORE OUTSIDE,6773,007257,0.967224,exact_name,high,1.0
2000,2000,PUTNAM,SYCAMORE OUTSIDE,6773,007258,0.03247392,exact_name,high,1.0
2000,2000,PUTNAM,SYCAMORE OUTSIDE,6773,007251,0.00030207,exact_name,high,1.0
2000,2000,PUTNAM,SYCAMORE OUTSIDE,6773,007256,0.0,exact_name,high,1.0
2000,2000,PUTNAM,TWIN OAK,6776,007268,0.99977122,exact_name,high,1.0
2000,2000,PUTNAM,TWIN OAK,6776,007269,0.00022878,exact_name,high,1.0
2000,2000,PUTNAM,UNIVERSITY,6780,007256,0.86925137,exact_name,high,1.0
2000,2000,PUTNAM,UNIVERSITY,6780,007255,0.12908139,exact_name,high,1.0
2000,2000,PUTNAM,UNIVERSITY,6780,007258,0.00166279,exact_name,high,1.0
2000,2000,PUTNAM,UNIVERSITY,6780,007264,4.45e-06,exact_name,high,1.0
2000,2000,RHEA,1 1 GRANDVIEW,6800,007352,0.99858554,exact_name,high,1.0
2000,2000,RHEA,1 1 GRANDVIEW,6800,007353,0.00104485,exact_name,high,1.0
2000,2000,RHEA,1 1 GRANDVIEW,6800,007351,0.00036962,exact_name,high,1.0
2000,2000,RHEA,1 2 ST CLAIR,6802,007351,0.96321083,exact_name,high,1.0
2000,2000,RHEA,1 2 ST CLAIR,6802,007352,0.03669902,exact_name,high,1.0
2000,2000,RHEA,1 2 ST CLAIR,6802,007354,9.015e-05,exact_name,high,1.0
2000,2000,RHEA,1 3 MARS HILL,6804,007351,0.99894121,exact_name,high,1.0
2000,2000,RHEA,1 3 MARS HILL,6804,007352,0.00069048,exact_name,high,1.0
2000,2000,RHEA,1 3 MARS HILL,6804,007353,0.0003683,exact_name,high,1.0
2000,2000,RHEA,2 1 S C W,6810,007353,0.8977995,exact_name,high,1.0
2000,2000,RHEA,2 1 S C W,6810,007351,0.10100386,exact_name,high,1.0
2000,2000,RHEA,2 1 S C W,6810,007352,0.00119664,exact_name,high,1.0
2000,2000,RHEA,2 2 S C E,6812,007353,0.76362628,exact_name,high,1.0
2000,2000,RHEA,2 2 S C E,6812,007351,0.23576046,exact_name,high,1.0
2000,2000,RHEA,2 2 S C E,6812,007354,0.00061326,exact_name,high,1.0
2000,2000,RHEA,3 1 WOLF CREEK,6820,007353,0.42976675,exact_name,high,1.0
2000,2000,RHEA,3 1 WOLF CREEK,6820,007354,0.32409279,exact_name,high,1.0
2000,2000,RHEA,3 1 WOLF CREEK,6820,007355,0.24603212,exact_name,high,1.0
2000,2000,RHEA,3 1 WOLF CREEK,6820,007356,5.779e-05,exact_name,high,1.0
2000,2000,RHEA,3 1 WOLF CREEK,6820,007351,5.054e-05,exact_name,high,1.0
2000,2000,RHEA,4 1 EVENSVILLE,6830,007355,0.80026529,exact_name,high,1.0
2000,2000,RHEA,4 1 EVENSVILLE,6830,007356,0.19558142,exact_name,high,1.0
2000,2000,RHEA,4 1 EVENSVILLE,6830,007353,0.00415317,exact_name,high,1.0
2000,2000,RHEA,4 1 EVENSVILLE,6830,007359,1.2e-07,exact_name,high,1.0
2000,2000,RHEA,4 2 RICHLAND PARK,6832,007356,0.99162296,exact_name,high,1.0
2000,2000,RHEA,4 2 RICHLAND PARK,6832,007357,0.00706989,exact_name,high,1.0
2000,2000,RHEA,4 2 RICHLAND PARK,6832,007362,0.00062195,exact_name,high,1.0
2000,2000,RHEA,4 2 RICHLAND PARK,6832,007355,0.00041726,exact_name,high,1.0
2000,2000,RHEA,4 2 RICHLAND PARK,6832,007359,0.00016864,exact_name,high,1.0
2000,2000,RHEA,4 2 RICHLAND PARK,6832,007358,9.93e-05,exact_name,high,1.0
2000,2000,RHEA,5 1 N DAYTON W,6840,007357,0.98563931,code_token_name,high,0.993
2000,2000,RHEA,5 1 N DAYTON W,6840,007356,0.01067087,code_token_name,high,0.993
2000,2000,RHEA,5 1 N DAYTON W,6840,007359,0.0012981,code_token_name,high,0.993
2000,2000,RHEA,5 1 N DAYTON W,6840,007360,0.00124908,code_token_name,high,0.993
2000,2000,RHEA,5 1 N DAYTON W,6840,007358,0.00114264,code_token_name,high,0.993
2000,2000,RHEA,6 1 S DAYTON W,6850,007358,0.83701933,code_token_name,high,0.993
2000,2000,RHEA,6 1 S DAYTON W,6850,007361,0.15347473,code_token_name,high,0.993
2000,2000,RHEA,6 1 S DAYTON W,6850,007357,0.00736824,code_token_name,high,0.993
2000,2000,RHEA,6 1 S DAYTON W,6850,007362,0.00194573,code_token_name,high,0.993
2000,2000,RHEA,6 1 S DAYTON W,6850,007356,0.00014729,code_token_name,high,0.993
2000,2000,RHEA,6 1 S DAYTON W,6850,007360,4.468e-05,code_token_name,high,0.993
2000,2000,RHEA,7 1 OLD WASHINGTO,6858,007359,0.68051491,code_token_name,high,0.993
2000,2000,RHEA,7 1 OLD WASHINGTO,6858,007356,0.31919811,code_token_name,high,0.993
2000,2000,RHEA,7 1 OLD WASHINGTO,6858,007357,0.00028698,code_token_name,high,0.993
2000,2000,RHEA,7 2 FRAZIER,6862,007359,0.99959445,exact_name,high,1.0
2000,2000,RHEA,7 2 FRAZIER,6862,007360,0.00038244,exact_name,high,1.0
2000,2000,RHEA,7 2 FRAZIER,6862,007357,2.31e-05,exact_name,high,1.0
2000,2000,RHEA,8 1 SPIVEY,6870,007360,0.87430905,exact_name,high,1.0
2000,2000,RHEA,8 1 SPIVEY,6870,007358,0.12542159,exact_name,high,1.0
2000,2000,RHEA,8 1 SPIVEY,6870,007361,0.00026936,exact_name,high,1.0
2000,2000,RHEA,8 2 N DAYTON E,6870,007360,0.87430905,code_token_name,high,0.993
2000,2000,RHEA,8 2 N DAYTON E,6870,007358,0.12542159,code_token_name,high,0.993
2000,2000,RHEA,8 2 N DAYTON E,6870,007361,0.00026936,code_token_name,high,0.993
2000,2000,RHEA,9 1 WALDENS RIDGE,6878,007362,0.99881671,exact_name,high,1.0
2000,2000,RHEA,9 1 WALDENS RIDGE,6878,007356,0.00061873,exact_name,high,1.0
2000,2000,RHEA,9 1 WALDENS RIDGE,6878,007358,0.00038046,exact_name,high,1.0
2000,2000,RHEA,9 1 WALDENS RIDGE,6878,007361,0.0001841,exact_name,high,1.0
2000,2000,RHEA,9 2 GRAYSVILLE,6882,007361,0.99823659,exact_name,high,1.0
2000,2000,RHEA,9 2 GRAYSVILLE,6882,007362,0.00133326,exact_name,high,1.0
2000,2000,RHEA,9 2 GRAYSVILLE,6882,007358,0.00043015,exact_name,high,1.0
2000,2000,ROANE,01 CAVE CREEK,0001,0001,1.0,token_vtd,high,1.0
2000,2000,ROANE,02 EMORY HEIGHTS,0002,0002,1.0,token_vtd,high,1.0
2000,2000,ROANE,03 EMORY,0003,0003,1.0,token_vtd,high,1.0
2000,2000,ROANE,04 FAIRMONT,0004,0004,1.0,token_vtd,high,1.0
2000,2000,ROANE,05 FAIRVIEW,0005,0005,1.0,token_vtd,high,1.0
2000,2000,ROANE,06 GLEN ALICE,0006,0006,1.0,token_vtd,high,1.0
2000,2000,ROANE,07 MIDTOWN,0007,0007,1.0,token_vtd,high,1.0
2000,2000,ROANE,08 MIDWAY,0008,0008,1.0,token_vtd,high,1.0
2000,2000,ROANE,09 OAK HILLS,0009,0009,1.0,token_vtd,high,1.0
2000,2000,ROANE,10 OLIVER SPGS,0010,0010,1.0,token_vtd,high,1.0
2000,2000,ROANE,11 ORCHARD VIEW,0011,0011,1.0,token_vtd,high,1.0
2000,2000,ROANE,12 POND GROVE,0012,0012,1.0,token_vtd,high,1.0
2000,2000,ROANE,13 PAW PAW,0013,0013,1.0,token_vtd,high,1.0
2000,2000,ROANE,14 PAINT ROCK,0014,0014,1.0,token_vtd,high,1.0
2000,2000,ROANE,15 S0 HARRIMAN,0015,0015,1.0,token_vtd,high,1.0
2000,2000,ROANE,16 WALNUT HILL,0016,0016,1.0,token_vtd,high,1.0
2000,2000,ROANE,17 DYLLIS,0017,0017,1.0,token_vtd,high,1.0
2000,2000,ROANE,18 EUREKA,0018,0018,1.0,token_vtd,high,1.0
2000,2000,ROANE,19 HARRIMAN W 1,0019,0019,1.0,token_vtd,high,1.0
2000,2000,ROANE,20 HARRIMAN W 2,0020,0020,1.0,token_vtd,high,1.0
2000,2000,ROBERTSON,01 01 EAST ROBERT,6996,007551,0.90963777,code_token_name,high,0.993
2000,2000,ROBERTSON,01 01 EAST ROBERT,6996,007552,0.08980173,code_token_name,high,0.993
2000,2000,ROBERTSON,01 01 EAST ROBERT,6996,007563,0.00039778,code_token_name,high,0.993
2000,2000,ROBERTSON,01 01 EAST ROBERT,6996,007562,8.715e-05,code_token_name,high,0.993
2000,2000,ROBERTSON,01 01 EAST ROBERT,6996,007553,7.557e-05,code_token_name,high,0.993
2000,2000,ROBERTSON,01 02 ORLINDA C H,6996,007551,0.90963777,code_token_name,high,0.993
2000,2000,ROBERTSON,01 02 ORLINDA C H,6996,007552,0.08980173,code_token_name,high,0.993
2000,2000,ROBERTSON,01 02 ORLINDA C H,6996,007563,0.00039778,code_token_name,high,0.993
2000,2000,ROBERTSON,01 02 ORLINDA C H,6996,007562,8.715e-05,code_token_name,high,0.993
2000,2000,ROBERTSON,01 02 ORLINDA C H,6996,007553,7.557e-05,code_token_name,high,0.993
2000,2000,ROBERTSON,02 01 TRI CNTY BAPT,7044,007552,0.3936158,code_token_name,high,0.993
2000,2000,ROBERTSON,02 01 TRI CNTY BAPT,7044,007553,0.36342771,code_token_name,high,0.993
2000,2000,ROBERTSON,02 01 TRI CNTY BAPT,7044,007551,0.13803451,code_token_name,high,0.993
2000,2000,ROBERTSON,02 01 TRI CNTY BAPT,7044,007563,0.08039715,code_token_name,high,0.993
2000,2000,ROBERTSON,02 01 TRI CNTY BAPT,7044,007554,0.02452483,code_token_name,high,0.993
2000,2000,ROBERTSON,03 01 SOUTH HAVEN,7032,007560,0.35542653,code_token_name,high,0.993
2000,2000,ROBERTSON,03 01 SOUTH HAVEN,7032,007553,0.23617423,code_token_name,high,0.993
2000,2000,ROBERTSON,03 01 SOUTH HAVEN,7032,007565,0.20740257,code_token_name,high,0.993
2000,2000,ROBERTSON,03 01 SOUTH HAVEN,7032,007564,0.13501048,code_token_name,high,0.993
2000,2000,ROBERTSON,03 01 SOUTH HAVEN,7032,007554,0.04509381,code_token_name,high,0.993
2000,2000,ROBERTSON,03 01 SOUTH HAVEN,7032,007555,0.01993996,code_token_name,high,0.993
2000,2000,ROBERTSON,03 01 SOUTH HAVEN,7032,007563,0.00095242,code_token_name,high,0.993
2000,2000,ROBERTSON,04 01 RIDGETOP ADV,7035,007554,0.9356193,code_token_name,high,0.993
2000,2000,ROBERTSON,04 01 RIDGETOP ADV,7035,007553,0.06391236,code_token_name,high,0.993
2000,2000,ROBERTSON,04 01 RIDGETOP ADV,7035,007555,0.00016944,code_token_name,high,0.993
2000,2000,ROBERTSON,04 01 RIDGETOP ADV,7035,007560,0.00015715,code_token_name,high,0.993
2000,2000,ROBERTSON,04 01 RIDGETOP ADV,7035,007552,0.00013851,code_token_name,high,0.993
2000,2000,ROBERTSON,04 01 RIDGETOP ADV,7035,007556,3.23e-06,code_token_name,high,0.993
2000,2000,ROBERTSON,05 01 GREENBRIER,7004,007555,0.85962268,code_token_name,high,0.993
2000,2000,ROBERTSON,05 01 GREENBRIER,7004,007560,0.07231111,code_token_name,high,0.993
2000,2000,ROBERTSON,05 01 GREENBRIER,7004,007554,0.04652828,code_token_name,high,0.993
2000,2000,ROBERTSON,05 01 GREENBRIER,7004,007565,0.02151355,code_token_name,high,0.993
2000,2000,ROBERTSON,05 01 GREENBRIER,7004,007556,2.437e-05,code_token_name,high,0.993
2000,2000,ROBERTSON,06 01 COOPERTOWN,6992,007557,0.52953935,code_token_name,high,0.993
2000,2000,ROBERTSON,06 01 COOPERTOWN,6992,007566,0.28993076,code_token_name,high,0.993
2000,2000,ROBERTSON,06 01 COOPERTOWN,6992,007558,0.15837231,code_token_name,high,0.993
2000,2000,ROBERTSON,06 01 COOPERTOWN,6992,007556,0.02213044,code_token_name,high,0.993
2000,2000,ROBERTSON,06 01 COOPERTOWN,6992,007565,2.714e-05,code_token_name,high,0.993
2000,2000,ROBERTSON,06 02 MT SHARON,6992,007557,0.52953935,code_token_name,high,0.993
2000,2000,ROBERTSON,06 02 MT SHARON,6992,007566,0.28993076,code_token_name,high,0.993
2000,2000,ROBERTSON,06 02 MT SHARON,6992,007558,0.15837231,code_token_name,high,0.993
2000,2000,ROBERTSON,06 02 MT SHARON,6992,007556,0.02213044,code_token_name,high,0.993
2000,2000,ROBERTSON,06 02 MT SHARON,6992,007565,2.714e-05,code_token_name,high,0.993
2000,2000,ROBERTSON,07 01 ADAMS METHO,6972,007559,0.99963499,code_token_name,high,0.993
2000,2000,ROBERTSON,07 01 ADAMS METHO,6972,007558,0.00036501,code_token_name,high,0.993
2000,2000,ROBERTSON,07 02 CEDAR HILL,6972,007559,0.99963499,code_token_name,high,0.993
2000,2000,ROBERTSON,07 02 CEDAR HILL,6972,007558,0.00036501,code_token_name,high,0.993
2000,2000,ROBERTSON,07 03 STROUDSVILL,6972,007559,0.99963499,code_token_name,high,0.993
2000,2000,ROBERTSON,07 03 STROUDSVILL,6972,007558,0.00036501,code_token_name,high,0.993
2000,2000,ROBERTSON,08 01 KRISLE,7008,007562,0.92726982,code_token_name,high,0.993
2000,2000,ROBERTSON,08 01 KRISLE,7008,007551,0.07162453,code_token_name,high,0.993
2000,2000,ROBERTSON,08 01 KRISLE,7008,007563,0.00056797,code_token_name,high,0.993
2000,2000,ROBERTSON,08 01 KRISLE,7008,007561,0.00053768,code_token_name,high,0.993
2000,2000,ROBERTSON,08 02 HATS,7008,007562,0.92726982,code_token_name,high,0.993
2000,2000,ROBERTSON,08 02 HATS,7008,007551,0.07162453,code_token_name,high,0.993
2000,2000,ROBERTSON,08 02 HATS,7008,007563,0.00056797,code_token_name,high,0.993
2000,2000,ROBERTSON,08 02 HATS,7008,007561,0.00053768,code_token_name,high,0.993
2000,2000,ROBERTSON,08 03 OWENS CHAPE,7008,007562,0.92726982,code_token_name,high,0.993
2000,2000,ROBERTSON,08 03 OWENS CHAPE,7008,007551,0.07162453,code_token_name,high,0.993
2000,2000,ROBERTSON,08 03 OWENS CHAPE,7008,007563,0.00056797,code_token_name,high,0.993
2000,2000,ROBERTSON,08 03 OWENS CHAPE,7008,007561,0.00053768,code_token_name,high,0.993
2000,2000,ROBERTSON,09 01 CENTER,6988,007564,0.67117276,code_token_name,high,0.993
2000,2000,ROBERTSON,09 01 CENTER,6988,007563,0.28187892,code_token_name,high,0.993
2000,2000,ROBERTSON,09 01 CENTER,6988,007568,0.04575014,code_token_name,high,0.993
2000,2000,ROBERTSON,09 01 CENTER,6988,007562,0.00041342,code_token_name,high,0.993
2000,2000,ROBERTSON,09 01 CENTER,6988,007567,0.00032004,code_token_name,high,0.993
2000,2000,ROBERTSON,09 01 CENTER,6988,007565,0.00027448,code_token_name,high,0.993
2000,2000,ROBERTSON,09 01 CENTER,6988,007561,0.00019023,code_token_name,high,0.993
2000,2000,ROBERTSON,10 01 CATH SCH,6980,007565,0.75993034,code_token_name,high,0.993
2000,2000,ROBERTSON,10 01 CATH SCH,6980,007568,0.17928789,code_token_name,high,0.993
2000,2000,ROBERTSON,10 01 CATH SCH,6980,007564,0.06078177,code_token_name,high,0.993
2000,2000,ROBERTSON,11 01 WESTSIDE,7040,007567,0.73139719,code_token_name,high,0.993
2000,2000,ROBERTSON,11 01 WESTSIDE,7040,007566,0.2645272,code_token_name,high,0.993
2000,2000,ROBERTSON,11 01 WESTSIDE,7040,007568,0.00348698,code_token_name,high,0.993
2000,2000,ROBERTSON,11 01 WESTSIDE,7040,007558,0.00025409,code_token_name,high,0.993
2000,2000,ROBERTSON,11 01 WESTSIDE,7040,007557,0.00017399,code_token_name,high,0.993
2000,2000,ROBERTSON,11 01 WESTSIDE,7040,007564,0.00012065,code_token_name,high,0.993
2000,2000,ROBERTSON,11 01 WESTSIDE,7040,007565,3.99e-05,code_token_name,high,0.993
2000,2000,ROBERTSON,11 02 MT DENSON C,7040,007567,0.73139719,code_token_name,high,0.993
2000,2000,ROBERTSON,11 02 MT DENSON C,7040,007566,0.2645272,code_token_name,high,0.993
2000,2000,ROBERTSON,11 02 MT DENSON C,7040,007568,0.00348698,code_token_name,high,0.993
2000,2000,ROBERTSON,11 02 MT DENSON C,7040,007558,0.00025409,code_token_name,high,0.993
2000,2000,ROBERTSON,11 02 MT DENSON C,7040,007557,0.00017399,code_token_name,high,0.993
2000,2000,ROBERTSON,11 02 MT DENSON C,7040,007564,0.00012065,code_token_name,high,0.993
2000,2000,ROBERTSON,11 02 MT DENSON C,7040,007565,3.99e-05,code_token_name,high,0.993
2000,2000,ROBERTSON,12 01 BRANSFORD,6976,007565,0.7202128,code_token_name,high,0.993
2000,2000,ROBERTSON,12 01 BRANSFORD,6976,007568,0.27908088,code_token_name,high,0.993
2000,2000,ROBERTSON,12 01 BRANSFORD,6976,007567,0.00029031,code_token_name,high,0.993
2000,2000,ROBERTSON,12 01 BRANSFORD,6976,007557,0.00027208,code_token_name,high,0.993
2000,2000,ROBERTSON,12 01 BRANSFORD,6976,007556,0.00014393,code_token_name,high,0.993
2000,2000,RUTHERFORD,01 1 JOHN COLEMAN,0001,0001,1.0,code_token_name,high,0.993
2000,2000,RUTHERFORD,01 2 LAVERGNE CTY,0001,0001,1.0,code_token_name,high,0.993
2000,2000,RUTHERFORD,02 1 LASCASSAS SC,0002,0002,1.0,code_token_name,high,0.993
2000,2000,RUTHERFORD,02 2 MILTON FIRE DE,0002,0002,1.0,code_token_name,high,0.993
2000,2000,RUTHERFORD,02 3 OAKLAND II,0002,0002,1.0,code_token_name,high,0.993
2000,2000,RUTHERFORD,02 4 WALTER HILL,0002,0002,1.0,code_token_name,high,0.993
2000,2000,RUTHERFORD,03 1 LEANA,0004,0004,1.0,code_token_name,high,0.993
2000,2000,RUTHERFORD,03 2 MONA MARKET,0004,0004,1.0,code_token_name,high,0.993
2000,2000,RUTHERFORD,03 3 JOE EDY S STO,0004,0004,1.0,code_token_name,high,0.993
2000,2000,RUTHERFORD,04 1 BUDS TIRE SHO,0006,0006,1.0,code_token_name,high,0.993
2000,2000,RUTHERFORD,04 2 KITTRELL IV,0006,0006,1.0,code_token_name,high,0.993
2000,2000,RUTHERFORD,04 3 OAKLAND IV,0006,0006,1.0,code_token_name,high,0.993
2000,2000,RUTHERFORD,05 1 LAVERGNE CVC,0008,0008,1.0,code_token_name,high,0.993
2000,2000,RUTHERFORD,06 1 BUCHANAN SCH,0009,0009,1.0,code_token_name,high,0.993
2000,2000,RUTHERFORD,06 2 CHRISTIANA,0009,0009,1.0,code_token_name,high,0.993
2000,2000,RUTHERFORD,06 3 KITTRELL VI,0009,0009,1.0,code_token_name,high,0.993
2000,2000,RUTHERFORD,07 1 MIDLAND,0011,0011,1.0,code_token_name,high,0.993
2000,2000,RUTHERFORD,07 2 RIVERDALE,0011,0011,1.0,code_token_name,high,0.993
2000,2000,RUTHERFORD,07 3 SALEM BLACKM,0011,0011,1.0,code_token_name,high,0.993
2000,2000,RUTHERFORD,08 1 ALMAVILLE CO,0012,0012,1.0,code_token_name,high,0.993
2000,2000,RUTHERFORD,08 2 EAGLEVILLE CO,0012,0012,1.0,code_token_name,high,0.993
2000,2000,RUTHERFORD,08 3 ROCKVALE,0012,0012,1.0,code_token_name,high,0.993
2000,2000,RUTHERFORD,09 1 ALMAVILLE FIRE,0013,0013,1.0,code_token_name,high,0.993
2000,2000,RUTHERFORD,09 2 BLACKMAN CO,0013,0013,1.0,code_token_name,high,0.993
2000,2000,RUTHERFORD,10 1 STEWARTSBOR,0014,0014,1.0,code_token_name,high,0.993
2000,2000,RUTHERFORD,11 1 SMYRNA LIBRA,0016,0016,1.0,code_token_name,high,0.993
2000,2000,RUTHERFORD,12 1 NISSAN FIRE HA,0018,0018,1.0,code_token_name,high,0.993
2000,2000,RUTHERFORD,13 1 CASON LANE AC,0020,0020,1.0,code_token_name,high,0.993
2000,2000,RUTHERFORD,13 2 COURTHOUSE,0020,0020,1.0,code_token_name,high,0.993
2000,2000,RUTHERFORD,14 1 NORTHFIELD,0021,0021,1.0,code_token_name,high,0.993
2000,2000,RUTHERFORD,15 1 SPORTS COMM,0023,0023,1.0,code_token_name,high,0.993
2000,2000,RUTHERFORD,16 1 CENTRAL MIDDL,0025,0025,1.0,code_token_name,high,0.993
2000,2000,RUTHERFORD,16 2 MITCHELL N EL,0025,0025,1.0,code_token_name,high,0.993
2000,2000,RUTHERFORD,17 1 REEVES ROGER,0027,0027,1.0,code_token_name,high,0.993
2000,2000,RUTHERFORD,18 1 BELLWOOD SCH,0028,0028,1.0,code_token_name,high,0.993
2000,2000,RUTHERFORD,18 2 VINE ST FIRE,0028,0028,1.0,code_token_name,high,0.993
2000,2000,RUTHERFORD,19 1 MITCHELL N PRI,0030,0030,1.0,code_token_name,high,0.993
2000,2000,RUTHERFORD,20 1 SPORTSMANS C,0031,0031,1.0,code_token_name,high,0.993
2000,2000,RUTHERFORD,20 2 NISSAN ACTIVIT,0031,0031,1.0,code_token_name,high,0.993
2000,2000,RUTHERFORD,21 1 HOBGOOD SCH,0032,0032,1.0,code_token_name,high,0.993
2000,2000,SCOTT,1 1 FAIRVIEW,7196,007754,0.99959497,exact_name,high,1.0
2000,2000,SCOTT,1 1 FAIRVIEW,7196,007753,0.00028574,exact_name,high,1.0
2000,2000,SCOTT,1 1 FAIRVIEW,7196,007751,0.00011929,exact_name,high,1.0
2000,2000,SCOTT,2 1 ELGIN,7192,007758,0.99857976,exact_name,high,1.0
2000,2000,SCOTT,2 1 ELGIN,7192,007751,0.00098508,exact_name,high,1.0
2000,2000,SCOTT,2 1 ELGIN,7192,007757,0.00027471,exact_name,high,1.0
2000,2000,SCOTT,2 1 ELGIN,7192,007752,0.00016045,exact_name,high,1.0
2000,2000,SCOTT,2 2 ROBBINS,7220,007751,0.98991927,exact_name,high,1.0
2000,2000,SCOTT,2 2 ROBBINS,7220,007754,0.00923971,exact_name,high,1.0
2000,2000,SCOTT,2 2 ROBBINS,7220,007758,0.00082417,exact_name,high,1.0
2000,2000,SCOTT,2 2 ROBBINS,7220,007753,1.686e-05,exact_name,high,1.0
2000,2000,SCOTT,3 1 HUNTSVILLE,7204,007753,0.92891044,exact_name,high,1.0
2000,2000,SCOTT,3 1 HUNTSVILLE,7204,007752,0.04290892,exact_name,high,1.0
2000,2000,SCOTT,3 1 HUNTSVILLE,7204,007751,0.02714466,exact_name,high,1.0
2000,2000,SCOTT,3 1 HUNTSVILLE,7204,007754,0.00066474,exact_name,high,1.0
2000,2000,SCOTT,3 1 HUNTSVILLE,7204,007759,0.00037124,exact_name,high,1.0
2000,2000,SCOTT,3 2 PAINT ROCK,7212,007759,0.9956839,exact_name,high,1.0
2000,2000,SCOTT,3 2 PAINT ROCK,7212,007760,0.00211371,exact_name,high,1.0
2000,2000,SCOTT,3 2 PAINT ROCK,7212,007753,0.0015875,exact_name,high,1.0
2000,2000,SCOTT,3 2 PAINT ROCK,7212,007752,0.00057678,exact_name,high,1.0
2000,2000,SCOTT,3 2 PAINT ROCK,7212,007756,3.811e-05,exact_name,high,1.0
2000,2000,SCOTT,4 1 HELENWOOD,7200,007752,0.95167404,exact_name,high,1.0
2000,2000,SCOTT,4 1 HELENWOOD,7200,007751,0.04751329,exact_name,high,1.0
2000,2000,SCOTT,4 1 HELENWOOD,7200,007757,0.00029911,exact_name,high,1.0
2000,2000,SCOTT,4 1 HELENWOOD,7200,007756,0.00017302,exact_name,high,1.0
2000,2000,SCOTT,4 1 HELENWOOD,7200,007759,0.00011753,exact_name,high,1.0
2000,2000,SCOTT,4 1 HELENWOOD,7200,007753,0.00011315,exact_name,high,1.0
2000,2000,SCOTT,4 1 HELENWOOD,7200,007758,0.00010987,exact_name,high,1.0
2000,2000,SCOTT,5 1 PINE HILL,7216,007760,0.81989356,exact_name,high,1.0
2000,2000,SCOTT,5 1 PINE HILL,7216,007754,0.17419165,exact_name,high,1.0
2000,2000,SCOTT,5 1 PINE HILL,7216,007755,0.0056141,exact_name,high,1.0
2000,2000,SCOTT,5 1 PINE HILL,7216,007759,0.00020307,exact_name,high,1.0
2000,2000,SCOTT,5 1 PINE HILL,7216,007756,9.762e-05,exact_name,high,1.0
2000,2000,SCOTT,5 2 WINFIELD,7228,007755,0.99923028,exact_name,high,1.0
2000,2000,SCOTT,5 2 WINFIELD,7228,007760,0.00053776,exact_name,high,1.0
2000,2000,SCOTT,5 2 WINFIELD,7228,007756,0.00017601,exact_name,high,1.0
2000,2000,SCOTT,5 2 WINFIELD,7228,007757,5.595e-05,exact_name,high,1.0
2000,2000,SCOTT,5 3 CAPITOL HILL SC,7197,007754,0.66445197,code_token_name,high,0.993
2000,2000,SCOTT,5 3 CAPITOL HILL SC,7197,007760,0.33448112,code_token_name,high,0.993
2000,2000,SCOTT,5 3 CAPITOL HILL SC,7197,007759,0.00073455,code_token_name,high,0.993
2000,2000,SCOTT,5 3 CAPITOL HILL SC,7197,007753,0.00033236,code_token_name,high,0.993
2000,2000,SCOTT,6 1 ONEIDA,7208,007756,0.98895442,exact_name,high,1.0
2000,2000,SCOTT,6 1 ONEIDA,7208,007760,0.00590465,exact_name,high,1.0
2000,2000,SCOTT,6 1 ONEIDA,7208,007757,0.00228935,exact_name,high,1.0
2000,2000,SCOTT,6 1 ONEIDA,7208,007759,0.0014627,exact_name,high,1.0
2000,2000,SCOTT,6 1 ONEIDA,7208,007755,0.0007342,exact_name,high,1.0
2000,2000,SCOTT,6 1 ONEIDA,7208,007752,0.00065467,exact_name,high,1.0
2000,2000,SCOTT,7 1 WEST ONEIDA,7232,007757,0.93053393,exact_name,high,1.0
2000,2000,SCOTT,7 1 WEST ONEIDA,7232,007756,0.06897422,exact_name,high,1.0
2000,2000,SCOTT,7 1 WEST ONEIDA,7232,007755,0.00026947,exact_name,high,1.0
2000,2000,SCOTT,7 1 WEST ONEIDA,7232,007752,0.0001351,exact_name,high,1.0
2000,2000,SCOTT,7 1 WEST ONEIDA,7232,007758,8.729e-05,exact_name,high,1.0
2000,2000,SEQUATCHIE,1 ELM HILL,7242,007851,0.51623344,exact_name,high,1.0
2000,2000,SEQUATCHIE,1 ELM HILL,7242,007859,0.34956756,exact_name,high,1.0
2000,2000,SEQUATCHIE,1 ELM HILL,7242,007855,0.11810278,exact_name,high,1.0
2000,2000,SEQUATCHIE,1 ELM HILL,7242,007858,0.00955978,exact_name,high,1.0
2000,2000,SEQUATCHIE,1 ELM HILL,7242,007853,0.00645418,exact_name,high,1.0
2000,2000,SEQUATCHIE,1 ELM HILL,7242,007856,8.226e-05,exact_name,high,1.0
2000,2000,SEQUATCHIE,1 LEWIS CHAPEL,7240,007851,0.99972658,exact_name,high,1.0
2000,2000,SEQUATCHIE,1 LEWIS CHAPEL,7240,007852,0.00027342,exact_name,high,1.0
2000,2000,SEQUATCHIE,2 CAGLE,7250,007855,0.50419586,exact_name,high,1.0
2000,2000,SEQUATCHIE,2 CAGLE,7250,007856,0.49580414,exact_name,high,1.0
2000,2000,SEQUATCHIE,2 FREDONIA,7262,007856,0.99920545,exact_name,high,1.0
2000,2000,SEQUATCHIE,2 FREDONIA,7262,007854,0.00075027,exact_name,high,1.0
2000,2000,SEQUATCHIE,2 FREDONIA,7262,007855,4.428e-05,exact_name,high,1.0
2000,2000,SEQUATCHIE,3 OLD MIDDLE SCHO,7260,007856,0.74330401,code_token_name,high,0.993
2000,2000,SEQUATCHIE,3 OLD MIDDLE SCHO,7260,007858,0.25592379,code_token_name,high,0.993
2000,2000,SEQUATCHIE,3 OLD MIDDLE SCHO,7260,007855,0.00064965,code_token_name,high,0.993
2000,2000,SEQUATCHIE,3 OLD MIDDLE SCHO,7260,007859,0.00012256,code_token_name,high,0.993
2000,2000,SEQUATCHIE,4 COURTHOUSE,7252,007859,0.91703258,exact_name,high,1.0
2000,2000,SEQUATCHIE,4 COURTHOUSE,7252,007857,0.06611088,exact_name,high,1.0
2000,2000,SEQUATCHIE,4 COURTHOUSE,7252,007858,0.0152414,exact_name,high,1.0
2000,2000,SEQUATCHIE,4 COURTHOUSE,7252,007853,0.00161514,exact_name,high,1.0
2000,2000,SEQUATCHIE,5 CHAPEL HILL,7244,007852,0.51525065,exact_name,high,1.0
2000,2000,SEQUATCHIE,5 CHAPEL HILL,7244,007853,0.38506607,exact_name,high,1.0
2000,2000,SEQUATCHIE,5 CHAPEL HILL,7244,007851,0.0637447,exact_name,high,1.0
2000,2000,SEQUATCHIE,5 CHAPEL HILL,7244,007857,0.03588122,exact_name,high,1.0
2000,2000,SEQUATCHIE,5 CHAPEL HILL,7244,007859,5.636e-05,exact_name,high,1.0
2000,2000,SEQUATCHIE,5 CHAPEL HILL,7244,007854,1e-06,exact_name,high,1.0
2000,2000,SEQUATCHIE,6 DAUS,7256,007854,0.78202009,exact_name,high,1.0
2000,2000,SEQUATCHIE,6 DAUS,7256,007853,0.17437227,exact_name,high,1.0
2000,2000,SEQUATCHIE,6 DAUS,7256,007857,0.04333873,exact_name,high,1.0
2000,2000,SEQUATCHIE,6 DAUS,7256,007856,0.00026891,exact_name,high,1.0
2000,2000,SEQUATCHIE,7 HIGH SCHOOL,7272,007854,0.66421097,exact_name,high,1.0
2000,2000,SEQUATCHIE,7 HIGH SCHOOL,7272,007853,0.1689651,exact_name,high,1.0
2000,2000,SEQUATCHIE,7 HIGH SCHOOL,7272,007857,0.09942121,exact_name,high,1.0
2000,2000,SEQUATCHIE,7 HIGH SCHOOL,7272,007856,0.06740272,exact_name,high,1.0
2000,2000,SEQUATCHIE,8 LONE OAK,0008,0008,1.0,exact_name,high,1.0
2000,2000,SEQUATCHIE,9 COMMUNITY BLDG,7248,007858,0.36742092,code_token_name,high,0.993
2000,2000,SEQUATCHIE,9 COMMUNITY BLDG,7248,007856,0.33277081,code_token_name,high,0.993
2000,2000,SEQUATCHIE,9 COMMUNITY BLDG,7248,007857,0.28660326,code_token_name,high,0.993
2000,2000,SEQUATCHIE,9 COMMUNITY BLDG,7248,007859,0.01320501,code_token_name,high,0.993
2000,2000,SEVIER,01 1 CATON S CHAPE,7288,007953,0.83694591,code_token_name,high,0.993
2000,2000,SEVIER,01 1 CATON S CHAPE,7288,007951,0.07905771,code_token_name,high,0.993
2000,2000,SEVIER,01 1 CATON S CHAPE,7288,007975,0.05702514,code_token_name,high,0.993
2000,2000,SEVIER,01 1 CATON S CHAPE,7288,007972,0.01208555,code_token_name,high,0.993
2000,2000,SEVIER,01 1 CATON S CHAPE,7288,007957,0.0097722,code_token_name,high,0.993
2000,2000,SEVIER,01 1 CATON S CHAPE,7288,007954,0.00331211,code_token_name,high,0.993
2000,2000,SEVIER,01 1 CATON S CHAPE,7288,007952,0.00164983,code_token_name,high,0.993
2000,2000,SEVIER,01 1 CATON S CHAPE,7288,007956,0.00013312,code_token_name,high,0.993
2000,2000,SEVIER,01 1 CATON S CHAPE,7288,007963,1.843e-05,code_token_name,high,0.993
2000,2000,SEVIER,01 2 JONES COVE,7288,007953,0.83694591,code_token_name,high,0.993
2000,2000,SEVIER,01 2 JONES COVE,7288,007951,0.07905771,code_token_name,high,0.993
2000,2000,SEVIER,01 2 JONES COVE,7288,007975,0.05702514,code_token_name,high,0.993
2000,2000,SEVIER,01 2 JONES COVE,7288,007972,0.01208555,code_token_name,high,0.993
2000,2000,SEVIER,01 2 JONES COVE,7288,007957,0.0097722,code_token_name,high,0.993
2000,2000,SEVIER,01 2 JONES COVE,7288,007954,0.00331211,code_token_name,high,0.993
2000,2000,SEVIER,01 2 JONES COVE,7288,007952,0.00164983,code_token_name,high,0.993
2000,2000,SEVIER,01 2 JONES COVE,7288,007956,0.00013312,code_token_name,high,0.993
2000,2000,SEVIER,01 2 JONES COVE,7288,007963,1.843e-05,code_token_name,high,0.993
2000,2000,SEVIER,02 1 P F PRIMARY S,7296,007959,0.99445644,code_token_name,high,0.993
2000,2000,SEVIER,02 1 P F PRIMARY S,7296,007957,0.00349353,code_token_name,high,0.993
2000,2000,SEVIER,02 1 P F PRIMARY S,7296,007958,0.00192166,code_token_name,high,0.993
2000,2000,SEVIER,02 1 P F PRIMARY S,7296,007960,0.00012837,code_token_name,high,0.993
2000,2000,SEVIER,02 2 WEARWOOD SC,7296,007959,0.99445644,code_token_name,high,0.993
2000,2000,SEVIER,02 2 WEARWOOD SC,7296,007957,0.00349353,code_token_name,high,0.993
2000,2000,SEVIER,02 2 WEARWOOD SC,7296,007958,0.00192166,code_token_name,high,0.993
2000,2000,SEVIER,02 2 WEARWOOD SC,7296,007960,0.00012837,code_token_name,high,0.993
2000,2000,SEVIER,03 1 HB VOC CTR,7304,007955,0.79032128,code_token_name,high,0.993
2000,2000,SEVIER,03 1 HB VOC CTR,7304,007954,0.18476505,code_token_name,high,0.993
2000,2000,SEVIER,03 1 HB VOC CTR,7304,007971,0.02404514,code_token_name,high,0.993
2000,2000,SEVIER,03 1 HB VOC CTR,7304,007952,0.00073933,code_token_name,high,0.993
2000,2000,SEVIER,03 1 HB VOC CTR,7304,007973,0.00012919,code_token_name,high,0.993
2000,2000,SEVIER,03 2 NEW CENTER S,7304,007955,0.79032128,code_token_name,high,0.993
2000,2000,SEVIER,03 2 NEW CENTER S,7304,007954,0.18476505,code_token_name,high,0.993
2000,2000,SEVIER,03 2 NEW CENTER S,7304,007971,0.02404514,code_token_name,high,0.993
2000,2000,SEVIER,03 2 NEW CENTER S,7304,007952,0.00073933,code_token_name,high,0.993
2000,2000,SEVIER,03 2 NEW CENTER S,7304,007973,0.00012919,code_token_name,high,0.993
2000,2000,SEVIER,04 1 P F CITY HALL,7312,007957,0.7625127,code_token_name,high,0.993
2000,2000,SEVIER,04 1 P F CITY HALL,7312,007975,0.12519376,code_token_name,high,0.993
2000,2000,SEVIER,04 1 P F CITY HALL,7312,007958,0.05503427,code_token_name,high,0.993
2000,2000,SEVIER,04 1 P F CITY HALL,7312,007959,0.04014448,code_token_name,high,0.993
2000,2000,SEVIER,04 1 P F CITY HALL,7312,007963,0.00844791,code_token_name,high,0.993
2000,2000,SEVIER,04 1 P F CITY HALL,7312,007972,0.00842723,code_token_name,high,0.993
2000,2000,SEVIER,04 1 P F CITY HALL,7312,007961,0.00014641,code_token_name,high,0.993
2000,2000,SEVIER,04 1 P F CITY HALL,7312,007953,8.083e-05,code_token_name,high,0.993
2000,2000,SEVIER,04 1 P F CITY HALL,7312,007962,1.241e-05,code_token_name,high,0.993
2000,2000,SEVIER,05 1 SEVIER MID SC,7316,007963,0.9290602,code_token_name,high,0.993
2000,2000,SEVIER,05 1 SEVIER MID SC,7316,007975,0.04152128,code_token_name,high,0.993
2000,2000,SEVIER,05 1 SEVIER MID SC,7316,007962,0.02790085,code_token_name,high,0.993
2000,2000,SEVIER,05 1 SEVIER MID SC,7316,007964,0.00108454,code_token_name,high,0.993
2000,2000,SEVIER,05 1 SEVIER MID SC,7316,007957,0.00041804,code_token_name,high,0.993
2000,2000,SEVIER,05 1 SEVIER MID SC,7316,007954,1.509e-05,code_token_name,high,0.993
2000,2000,SEVIER,05 2 SR CITZN CITY,7316,007963,0.9290602,code_token_name,high,0.993
2000,2000,SEVIER,05 2 SR CITZN CITY,7316,007975,0.04152128,code_token_name,high,0.993
2000,2000,SEVIER,05 2 SR CITZN CITY,7316,007962,0.02790085,code_token_name,high,0.993
2000,2000,SEVIER,05 2 SR CITZN CITY,7316,007964,0.00108454,code_token_name,high,0.993
2000,2000,SEVIER,05 2 SR CITZN CITY,7316,007957,0.00041804,code_token_name,high,0.993
2000,2000,SEVIER,05 2 SR CITZN CITY,7316,007954,1.509e-05,code_token_name,high,0.993
2000,2000,SEVIER,06 1 SEYMOUR INTE,7324,007968,0.88889272,code_token_name,high,0.993
2000,2000,SEVIER,06 1 SEYMOUR INTE,7324,007967,0.11097199,code_token_name,high,0.993
2000,2000,SEVIER,06 1 SEYMOUR INTE,7324,007965,0.00013529,code_token_name,high,0.993
2000,2000,SEVIER,07 1 CATLETTSBURG,7328,007966,0.75953089,code_token_name,high,0.993
2000,2000,SEVIER,07 1 CATLETTSBURG,7328,007973,0.2090638,code_token_name,high,0.993
2000,2000,SEVIER,07 1 CATLETTSBURG,7328,007969,0.02081507,code_token_name,high,0.993
2000,2000,SEVIER,07 1 CATLETTSBURG,7328,007974,0.00998942,code_token_name,high,0.993
2000,2000,SEVIER,07 1 CATLETTSBURG,7328,007964,0.00042185,code_token_name,high,0.993
2000,2000,SEVIER,07 1 CATLETTSBURG,7328,007961,0.00015685,code_token_name,high,0.993
2000,2000,SEVIER,07 1 CATLETTSBURG,7328,007967,2.212e-05,code_token_name,high,0.993
2000,2000,SEVIER,07 2 VOT MACH WAR,7328,007966,0.75953089,code_token_name,high,0.993
2000,2000,SEVIER,07 2 VOT MACH WAR,7328,007973,0.2090638,code_token_name,high,0.993
2000,2000,SEVIER,07 2 VOT MACH WAR,7328,007969,0.02081507,code_token_name,high,0.993
2000,2000,SEVIER,07 2 VOT MACH WAR,7328,007974,0.00998942,code_token_name,high,0.993
2000,2000,SEVIER,07 2 VOT MACH WAR,7328,007964,0.00042185,code_token_name,high,0.993
2000,2000,SEVIER,07 2 VOT MACH WAR,7328,007961,0.00015685,code_token_name,high,0.993
2000,2000,SEVIER,07 2 VOT MACH WAR,7328,007967,2.212e-05,code_token_name,high,0.993
2000,2000,SEVIER,08 1 KODAK,0011,0011,1.0,exact_name,high,1.0
2000,2000,SEVIER,08 2 UNDERWOOD,0020,0020,1.0,exact_name,high,1.0
2000,2000,SEVIER,09 1 SEYMOUR PRIM,7340,007965,0.85286526,code_token_name,high,0.993
2000,2000,SEVIER,09 1 SEYMOUR PRIM,7340,007968,0.14498855,code_token_name,high,0.993
2000,2000,SEVIER,09 1 SEYMOUR PRIM,7340,007960,0.00149144,code_token_name,high,0.993
2000,2000,SEVIER,09 1 SEYMOUR PRIM,7340,007967,0.00034233,code_token_name,high,0.993
2000,2000,SEVIER,09 1 SEYMOUR PRIM,7340,007961,0.00031241,code_token_name,high,0.993
2000,2000,SEVIER,10 1 BOYDS CREEK,0001,0001,1.0,exact_name,high,1.0
2000,2000,SEVIER,10 2 DUPONT,0006,0006,1.0,exact_name,high,1.0
2000,2000,SEVIER,10 3 WHITES SCHOO,7344,007967,0.67870333,code_token_name,high,0.993
2000,2000,SEVIER,10 3 WHITES SCHOO,7344,007966,0.18876321,code_token_name,high,0.993
2000,2000,SEVIER,10 3 WHITES SCHOO,7344,007961,0.10496048,code_token_name,high,0.993
2000,2000,SEVIER,10 3 WHITES SCHOO,7344,007965,0.02633396,code_token_name,high,0.993
2000,2000,SEVIER,10 3 WHITES SCHOO,7344,007969,0.00064731,code_token_name,high,0.993
2000,2000,SEVIER,10 3 WHITES SCHOO,7344,007968,0.0005917,code_token_name,high,0.993
2000,2000,SEVIER,11 1 GATLINBURG,0007,0007,1.0,exact_name,high,1.0
2000,2000,SEVIER,12 1 PITTMAN CENTE,7360,007951,0.48366656,code_token_name,high,0.993
2000,2000,SEVIER,12 1 PITTMAN CENTE,7360,007956,0.35044425,code_token_name,high,0.993
2000,2000,SEVIER,12 1 PITTMAN CENTE,7360,007957,0.09517143,code_token_name,high,0.993
2000,2000,SEVIER,12 1 PITTMAN CENTE,7360,007953,0.070551,code_token_name,high,0.993
2000,2000,SEVIER,12 1 PITTMAN CENTE,7360,007952,0.00016675,code_token_name,high,0.993
2000,2000,SHELBY,001,0001,0001,1.0,code_token_name,high,0.993
2000,2000,SHELBY,002,0012,0012,1.0,code_token_name,high,0.993
2000,2000,SHELBY,007,0070,0070,1.0,code_token_name,high,0.993
2000,2000,SHELBY,011,7556,008103,0.99872928,shelby_alias_name,high,0.997
2000,2000,SHELBY,011,7556,008105,0.00111271,shelby_alias_name,high,0.997
2000,2000,SHELBY,011,7556,008102,0.00015801,shelby_alias_name,high,0.997
2000,2000,SHELBY,012,7564,008104,0.99961507,shelby_alias_name,high,0.997
2000,2000,SHELBY,012,7564,008105,0.00035091,shelby_alias_name,high,0.997
2000,2000,SHELBY,012,7564,008145,1.833e-05,shelby_alias_name,high,0.997
2000,2000,SHELBY,012,7564,008102,1.274e-05,shelby_alias_name,high,0.997
2000,2000,SHELBY,012,7564,008121,2.03e-06,shelby_alias_name,high,0.997
2000,2000,SHELBY,012,7564,008103,9.2e-07,shelby_alias_name,high,0.997
2000,2000,SHELBY,013 1,7568,008105,0.9916985,shelby_alias_name,high,0.997
2000,2000,SHELBY,013 1,7568,008103,0.00455566,shelby_alias_name,high,0.997
2000,2000,SHELBY,013 1,7568,008104,0.00374585,shelby_alias_name,high,0.997
2000,2000,SHELBY,013 2,7572,008105,0.99828855,shelby_alias_name,high,0.997
2000,2000,SHELBY,013 2,7572,008104,0.00151498,shelby_alias_name,high,0.997
2000,2000,SHELBY,013 2,7572,008120,0.00015981,shelby_alias_name,high,0.997
2000,2000,SHELBY,013 2,7572,008121,3.666e-05,shelby_alias_name,high,0.997
2000,2000,SHELBY,015,7588,008106,0.99680291,shelby_alias_name,high,0.997
2000,2000,SHELBY,015,7588,008113,0.00233799,shelby_alias_name,high,0.997
2000,2000,SHELBY,015,7588,008103,0.0005554,shelby_alias_name,high,0.997
2000,2000,SHELBY,015,7588,008117,0.00030027,shelby_alias_name,high,0.997
2000,2000,SHELBY,015,7588,008107,3.42e-06,shelby_alias_name,high,0.997
2000,2000,SHELBY,016 1,7596,008107,0.99971353,shelby_alias_name,high,0.997
2000,2000,SHELBY,016 1,7596,008108,0.00014491,shelby_alias_name,high,0.997
2000,2000,SHELBY,016 1,7596,008106,6.253e-05,shelby_alias_name,high,0.997
2000,2000,SHELBY,016 1,7596,008109,6.14e-05,shelby_alias_name,high,0.997
2000,2000,SHELBY,016 1,7596,008114,1.764e-05,shelby_alias_name,high,0.997
2000,2000,SHELBY,016 3,7604,008106,0.99915023,shelby_alias_name,high,0.997
2000,2000,SHELBY,016 3,7604,008103,0.00071528,shelby_alias_name,high,0.997
2000,2000,SHELBY,016 3,7604,008107,8.964e-05,shelby_alias_name,high,0.997
2000,2000,SHELBY,016 3,7604,008110,2.696e-05,shelby_alias_name,high,0.997
2000,2000,SHELBY,016 3,7604,008108,1.787e-05,shelby_alias_name,high,0.997
2000,2000,SHELBY,017,7608,008108,0.99987273,shelby_alias_name,high,0.997
2000,2000,SHELBY,017,7608,008109,6.371e-05,shelby_alias_name,high,0.997
2000,2000,SHELBY,017,7608,008107,4.913e-05,shelby_alias_name,high,0.997
2000,2000,SHELBY,017,7608,008106,1.443e-05,shelby_alias_name,high,0.997
2000,2000,SHELBY,020 1,7620,008109,0.99893918,shelby_alias_name,high,0.997
2000,2000,SHELBY,020 1,7620,008122,0.00078551,shelby_alias_name,high,0.997
2000,2000,SHELBY,020 1,7620,008108,0.00012989,shelby_alias_name,high,0.997
2000,2000,SHELBY,020 1,7620,008110,0.00012831,shelby_alias_name,high,0.997
2000,2000,SHELBY,020 1,7620,008107,7.63e-06,shelby_alias_name,high,0.997
2000,2000,SHELBY,020 1,7620,008114,6.1e-06,shelby_alias_name,high,0.997
2000,2000,SHELBY,020 1,7620,008119,2.91e-06,shelby_alias_name,high,0.997
2000,2000,SHELBY,020 1,7620,008106,4.6e-07,shelby_alias_name,high,0.997
2000,2000,SHELBY,020 3,7628,008110,0.99942555,shelby_alias_name,high,0.997
2000,2000,SHELBY,020 3,7628,008111,0.0004631,shelby_alias_name,high,0.997
2000,2000,SHELBY,020 3,7628,008109,6.072e-05,shelby_alias_name,high,0.997
2000,2000,SHELBY,020 3,7628,008103,2.975e-05,shelby_alias_name,high,0.997
2000,2000,SHELBY,020 3,7628,008106,2.076e-05,shelby_alias_name,high,0.997
2000,2000,SHELBY,020 3,7628,008122,1.3e-07,shelby_alias_name,high,0.997
2000,2000,SHELBY,021 1,7632,008111,0.9944558,shelby_alias_name,high,0.997
2000,2000,SHELBY,021 1,7632,008110,0.00554035,shelby_alias_name,high,0.997
2000,2000,SHELBY,021 1,7632,008122,3.85e-06,shelby_alias_name,high,0.997
2000,2000,SHELBY,021 2,7636,008111,0.99991354,shelby_alias_name,high,0.997
2000,2000,SHELBY,021 2,7636,008110,6.149e-05,shelby_alias_name,high,0.997
2000,2000,SHELBY,021 2,7636,008123,2.498e-05,shelby_alias_name,high,0.997
2000,2000,SHELBY,021 3,7640,008111,0.99967157,shelby_alias_name,high,0.997
2000,2000,SHELBY,021 3,7640,008123,0.00032843,shelby_alias_name,high,0.997
2000,2000,SHELBY,022,7644,008101,0.99951029,shelby_alias_name,high,0.997
2000,2000,SHELBY,022,7644,008110,0.00048971,shelby_alias_name,high,0.997
2000,2000,SHELBY,025 1,7648,008105,0.99258595,shelby_alias_name,high,0.997
2000,2000,SHELBY,025 1,7648,008103,0.00738519,shelby_alias_name,high,0.997
2000,2000,SHELBY,025 1,7648,008120,2.886e-05,shelby_alias_name,high,0.997
2000,2000,SHELBY,025 2,7652,008120,0.99931942,shelby_alias_name,high,0.997
2000,2000,SHELBY,025 2,7652,008113,0.00037838,shelby_alias_name,high,0.997
2000,2000,SHELBY,025 2,7652,008105,0.00018634,shelby_alias_name,high,0.997
2000,2000,SHELBY,025 2,7652,008144,0.00011585,shelby_alias_name,high,0.997
2000,2000,SHELBY,026 1,7669,008113,0.99987691,shelby_alias_name,high,0.997
2000,2000,SHELBY,026 1,7669,008170,0.00012309,shelby_alias_name,high,0.997
2000,2000,SHELBY,026 2,7670,008113,0.99906076,shelby_alias_name,high,0.997
2000,2000,SHELBY,026 2,7670,008170,0.00054541,shelby_alias_name,high,0.997
2000,2000,SHELBY,026 2,7670,008120,0.00038692,shelby_alias_name,high,0.997
2000,2000,SHELBY,026 2,7670,008144,6.91e-06,shelby_alias_name,high,0.997
2000,2000,SHELBY,026 3,7671,008113,0.99620208,shelby_alias_name,high,0.997
2000,2000,SHELBY,026 3,7671,008106,0.00358332,shelby_alias_name,high,0.997
2000,2000,SHELBY,026 3,7671,008103,0.00021075,shelby_alias_name,high,0.997
2000,2000,SHELBY,026 3,7671,008120,3.85e-06,shelby_alias_name,high,0.997
2000,2000,SHELBY,027 1,7672,008110,0.99777642,shelby_alias_name,high,0.997
2000,2000,SHELBY,027 1,7672,008101,0.00222358,shelby_alias_name,high,0.997
2000,2000,SHELBY,027 2,7676,008110,0.99962645,shelby_alias_name,high,0.997
2000,2000,SHELBY,027 2,7676,008111,0.00037355,shelby_alias_name,high,0.997
2000,2000,SHELBY,028 1,7684,008114,0.99936238,shelby_alias_name,high,0.997
2000,2000,SHELBY,028 1,7684,008109,0.00047616,shelby_alias_name,high,0.997
2000,2000,SHELBY,028 1,7684,008107,0.0001135,shelby_alias_name,high,0.997
2000,2000,SHELBY,028 1,7684,008119,4.403e-05,shelby_alias_name,high,0.997
2000,2000,SHELBY,028 1,7684,008139,3.93e-06,shelby_alias_name,high,0.997
2000,2000,SHELBY,028 2,7686,008114,0.99756554,shelby_alias_name,high,0.997
2000,2000,SHELBY,028 2,7686,008139,0.00224888,shelby_alias_name,high,0.997
2000,2000,SHELBY,028 2,7686,008118,0.00017975,shelby_alias_name,high,0.997
2000,2000,SHELBY,028 2,7686,008171,5.82e-06,shelby_alias_name,high,0.997
2000,2000,SHELBY,029 1,7692,008118,0.99834416,shelby_alias_name,high,0.997
2000,2000,SHELBY,029 1,7692,008142,0.00132771,shelby_alias_name,high,0.997
2000,2000,SHELBY,029 1,7692,008117,0.00016595,shelby_alias_name,high,0.997
2000,2000,SHELBY,029 1,7692,008114,0.00010861,shelby_alias_name,high,0.997
2000,2000,SHELBY,029 1,7692,008171,5.357e-05,shelby_alias_name,high,0.997
2000,2000,SHELBY,029 2,7696,008171,0.99827023,shelby_alias_name,high,0.997
2000,2000,SHELBY,029 2,7696,008118,0.00123811,shelby_alias_name,high,0.997
2000,2000,SHELBY,029 2,7696,008138,0.00027226,shelby_alias_name,high,0.997
2000,2000,SHELBY,029 2,7696,008139,0.00021602,shelby_alias_name,high,0.997
2000,2000,SHELBY,029 2,7696,008114,3.37e-06,shelby_alias_name,high,0.997
2000,2000,SHELBY,030,7700,008107,0.99804618,shelby_alias_name,high,0.997
2000,2000,SHELBY,030,7700,008117,0.0016621,shelby_alias_name,high,0.997
2000,2000,SHELBY,030,7700,008106,0.0002855,shelby_alias_name,high,0.997
2000,2000,SHELBY,030,7700,008114,6.21e-06,shelby_alias_name,high,0.997
2000,2000,SHELBY,031 1,7704,008117,0.99937723,shelby_alias_name,high,0.997
2000,2000,SHELBY,031 1,7704,008118,0.00053108,shelby_alias_name,high,0.997
2000,2000,SHELBY,031 1,7704,008107,9.169e-05,shelby_alias_name,high,0.997
2000,2000,SHELBY,031 2,7708,008117,0.99782437,shelby_alias_name,high,0.997
2000,2000,SHELBY,031 2,7708,008106,0.00081001,shelby_alias_name,high,0.997
2000,2000,SHELBY,031 2,7708,008107,0.00077776,shelby_alias_name,high,0.997
2000,2000,SHELBY,031 2,7708,008118,0.00058179,shelby_alias_name,high,0.997
2000,2000,SHELBY,031 2,7708,008113,6.07e-06,shelby_alias_name,high,0.997
2000,2000,SHELBY,031 3,7712,008113,0.99729882,shelby_alias_name,high,0.997
2000,2000,SHELBY,031 3,7712,008170,0.00198659,shelby_alias_name,high,0.997
2000,2000,SHELBY,031 3,7712,008118,0.00071459,shelby_alias_name,high,0.997
2000,2000,SHELBY,031 4,7716,008118,0.99902764,shelby_alias_name,high,0.997
2000,2000,SHELBY,031 4,7716,008113,0.00078474,shelby_alias_name,high,0.997
2000,2000,SHELBY,031 4,7716,008117,0.00016211,shelby_alias_name,high,0.997
2000,2000,SHELBY,031 4,7716,008142,2.034e-05,shelby_alias_name,high,0.997
2000,2000,SHELBY,031 4,7716,008170,5.17e-06,shelby_alias_name,high,0.997
2000,2000,SHELBY,032,7720,008103,0.99731645,shelby_alias_name,high,0.997
2000,2000,SHELBY,032,7720,008106,0.00261723,shelby_alias_name,high,0.997
2000,2000,SHELBY,032,7720,008110,4.951e-05,shelby_alias_name,high,0.997
2000,2000,SHELBY,032,7720,008113,9.94e-06,shelby_alias_name,high,0.997
2000,2000,SHELBY,032,7720,008105,4.17e-06,shelby_alias_name,high,0.997
2000,2000,SHELBY,032,7720,008120,2.7e-06,shelby_alias_name,high,0.997
2000,2000,SHELBY,033,7728,008119,0.99755812,shelby_alias_name,high,0.997
2000,2000,SHELBY,033,7728,008109,0.00127211,shelby_alias_name,high,0.997
2000,2000,SHELBY,033,7728,008125,0.00078068,shelby_alias_name,high,0.997
2000,2000,SHELBY,033,7728,008114,0.00020984,shelby_alias_name,high,0.997
2000,2000,SHELBY,033,7728,008146,0.00017926,shelby_alias_name,high,0.997
2000,2000,SHELBY,034 1,7732,008144,0.99995792,shelby_alias_name,high,0.997
2000,2000,SHELBY,034 1,7732,008120,4.195e-05,shelby_alias_name,high,0.997
2000,2000,SHELBY,034 1,7732,008113,1.3e-07,shelby_alias_name,high,0.997
2000,2000,SHELBY,034 2,7736,008120,0.99988549,shelby_alias_name,high,0.997
2000,2000,SHELBY,034 2,7736,008144,9.288e-05,shelby_alias_name,high,0.997
2000,2000,SHELBY,034 2,7736,008121,1.964e-05,shelby_alias_name,high,0.997
2000,2000,SHELBY,034 2,7736,008105,1.99e-06,shelby_alias_name,high,0.997
2000,2000,SHELBY,035 1,7740,008121,0.99484456,shelby_alias_name,high,0.997
2000,2000,SHELBY,035 1,7740,008120,0.00514126,shelby_alias_name,high,0.997
2000,2000,SHELBY,035 1,7740,008104,1.201e-05,shelby_alias_name,high,0.997
2000,2000,SHELBY,035 1,7740,008105,2.17e-06,shelby_alias_name,high,0.997
2000,2000,SHELBY,035 2,7744,008121,0.9992409,shelby_alias_name,high,0.997
2000,2000,SHELBY,035 2,7744,008145,0.0007591,shelby_alias_name,high,0.997
2000,2000,SHELBY,035 3,7748,008145,0.99932055,shelby_alias_name,high,0.997
2000,2000,SHELBY,035 3,7748,008104,0.00063223,shelby_alias_name,high,0.997
2000,2000,SHELBY,035 3,7748,008121,4.722e-05,shelby_alias_name,high,0.997
2000,2000,SHELBY,036 1,7752,008122,0.9995188,shelby_alias_name,high,0.997
2000,2000,SHELBY,036 1,7752,008109,0.00042817,shelby_alias_name,high,0.997
2000,2000,SHELBY,036 1,7752,008146,5.303e-05,shelby_alias_name,high,0.997
2000,2000,SHELBY,036 1,7752,008110,0.0,shelby_alias_name,high,0.997
2000,2000,SHELBY,036 2,7756,008123,0.99767928,shelby_alias_name,high,0.997
2000,2000,SHELBY,036 2,7756,008122,0.00207578,shelby_alias_name,high,0.997
2000,2000,SHELBY,036 2,7756,008130,0.00012564,shelby_alias_name,high,0.997
2000,2000,SHELBY,036 2,7756,008111,0.0001193,shelby_alias_name,high,0.997
2000,2000,SHELBY,036 3,7760,008122,0.99952481,shelby_alias_name,high,0.997
2000,2000,SHELBY,036 3,7760,008123,0.00035863,shelby_alias_name,high,0.997
2000,2000,SHELBY,036 3,7760,008111,0.00010518,shelby_alias_name,high,0.997
2000,2000,SHELBY,036 3,7760,008110,9.16e-06,shelby_alias_name,high,0.997
2000,2000,SHELBY,036 3,7760,008109,2.22e-06,shelby_alias_name,high,0.997
2000,2000,SHELBY,037,7764,008125,0.99656964,shelby_alias_name,high,0.997
2000,2000,SHELBY,037,7764,008136,0.00333459,shelby_alias_name,high,0.997
2000,2000,SHELBY,037,7764,008119,6.111e-05,shelby_alias_name,high,0.997
2000,2000,SHELBY,037,7764,008139,3.466e-05,shelby_alias_name,high,0.997
2000,2000,SHELBY,038 1,7768,008149,0.99779809,shelby_alias_name,high,0.997
2000,2000,SHELBY,038 1,7768,008152,0.00210613,shelby_alias_name,high,0.997
2000,2000,SHELBY,038 1,7768,008133,8.591e-05,shelby_alias_name,high,0.997
2000,2000,SHELBY,038 1,7768,008125,9.87e-06,shelby_alias_name,high,0.997
2000,2000,SHELBY,038 2,7776,008125,0.99976794,shelby_alias_name,high,0.997
2000,2000,SHELBY,038 2,7776,008136,0.00015193,shelby_alias_name,high,0.997
2000,2000,SHELBY,038 2,7776,008149,8.013e-05,shelby_alias_name,high,0.997
2000,2000,SHELBY,039,7780,008101,0.57706468,shelby_alias_name,high,0.997
2000,2000,SHELBY,039,7780,008110,0.42078893,shelby_alias_name,high,0.997
2000,2000,SHELBY,039,7780,008182,0.00130432,shelby_alias_name,high,0.997
2000,2000,SHELBY,039,7780,008184,0.00062949,shelby_alias_name,high,0.997
2000,2000,SHELBY,039,7780,008111,0.00021259,shelby_alias_name,high,0.997
2000,2000,SHELBY,040 1,7784,008111,0.99137057,shelby_alias_name,high,0.997
2000,2000,SHELBY,040 1,7784,008131,0.00396959,shelby_alias_name,high,0.997
2000,2000,SHELBY,040 1,7784,008184,0.00239926,shelby_alias_name,high,0.997
2000,2000,SHELBY,040 1,7784,008130,0.00145388,shelby_alias_name,high,0.997
2000,2000,SHELBY,040 1,7784,008110,0.00041397,shelby_alias_name,high,0.997
2000,2000,SHELBY,040 1,7784,008190,0.00036555,shelby_alias_name,high,0.997
2000,2000,SHELBY,040 1,7784,008123,2.719e-05,shelby_alias_name,high,0.997
2000,2000,SHELBY,040 2,7786,008123,0.99537801,shelby_alias_name,high,0.997
2000,2000,SHELBY,040 2,7786,008111,0.00432482,shelby_alias_name,high,0.997
2000,2000,SHELBY,040 2,7786,008130,0.00029717,shelby_alias_name,high,0.997
2000,2000,SHELBY,041 1,7792,008131,0.990822,shelby_alias_name,high,0.997
2000,2000,SHELBY,041 1,7792,008190,0.00518708,shelby_alias_name,high,0.997
2000,2000,SHELBY,041 1,7792,008111,0.00396562,shelby_alias_name,high,0.997
2000,2000,SHELBY,041 1,7792,008130,2.53e-05,shelby_alias_name,high,0.997
2000,2000,SHELBY,041 2,7796,008130,0.99818906,shelby_alias_name,high,0.997
2000,2000,SHELBY,041 2,7796,008123,0.00181094,shelby_alias_name,high,0.997
2000,2000,SHELBY,041 3,7800,008130,0.99990444,shelby_alias_name,high,0.997
2000,2000,SHELBY,041 3,7800,008131,9.556e-05,shelby_alias_name,high,0.997
2000,2000,SHELBY,042 1,7804,008131,0.99941409,shelby_alias_name,high,0.997
2000,2000,SHELBY,042 1,7804,008190,0.00055798,shelby_alias_name,high,0.997
2000,2000,SHELBY,042 1,7804,008130,2.793e-05,shelby_alias_name,high,0.997
2000,2000,SHELBY,042 2,7808,008130,0.99978716,shelby_alias_name,high,0.997
2000,2000,SHELBY,042 2,7808,008146,0.00016554,shelby_alias_name,high,0.997
2000,2000,SHELBY,042 2,7808,008131,4.504e-05,shelby_alias_name,high,0.997
2000,2000,SHELBY,042 2,7808,008123,2.27e-06,shelby_alias_name,high,0.997
2000,2000,SHELBY,043 1,7816,008149,0.98638907,shelby_alias_name,high,0.997
2000,2000,SHELBY,043 1,7816,008131,0.00768895,shelby_alias_name,high,0.997
2000,2000,SHELBY,043 1,7816,008172,0.00410069,shelby_alias_name,high,0.997
2000,2000,SHELBY,043 1,7816,008125,0.00180342,shelby_alias_name,high,0.997
2000,2000,SHELBY,043 1,7816,008146,1.786e-05,shelby_alias_name,high,0.997
2000,2000,SHELBY,043 2,7820,008131,0.99419141,shelby_alias_name,high,0.997
2000,2000,SHELBY,043 2,7820,008226,0.00483959,shelby_alias_name,high,0.997
2000,2000,SHELBY,043 2,7820,008172,0.00088559,shelby_alias_name,high,0.997
2000,2000,SHELBY,043 2,7820,008130,4.777e-05,shelby_alias_name,high,0.997
2000,2000,SHELBY,043 2,7820,008149,3.564e-05,shelby_alias_name,high,0.997
2000,2000,SHELBY,044 1,7824,008133,0.99809804,shelby_alias_name,high,0.997
2000,2000,SHELBY,044 1,7824,008154,0.00088484,shelby_alias_name,high,0.997
2000,2000,SHELBY,044 1,7824,008152,0.00074111,shelby_alias_name,high,0.997
2000,2000,SHELBY,044 1,7824,008149,0.0002609,shelby_alias_name,high,0.997
2000,2000,SHELBY,044 1,7824,008136,1.511e-05,shelby_alias_name,high,0.997
2000,2000,SHELBY,044 2,7828,008133,0.99837403,shelby_alias_name,high,0.997
2000,2000,SHELBY,044 2,7828,008154,0.00159816,shelby_alias_name,high,0.997
2000,2000,SHELBY,044 2,7828,008157,2.673e-05,shelby_alias_name,high,0.997
2000,2000,SHELBY,044 2,7828,008136,1.08e-06,shelby_alias_name,high,0.997
2000,2000,SHELBY,044 3,7832,008157,0.99990762,shelby_alias_name,high,0.997
2000,2000,SHELBY,044 3,7832,008133,6.254e-05,shelby_alias_name,high,0.997
2000,2000,SHELBY,044 3,7832,008141,2.85e-05,shelby_alias_name,high,0.997
2000,2000,SHELBY,044 3,7832,008139,1.35e-06,shelby_alias_name,high,0.997
2000,2000,SHELBY,044 4,7836,008136,0.99950709,shelby_alias_name,high,0.997
2000,2000,SHELBY,044 4,7836,008139,0.00043267,shelby_alias_name,high,0.997
2000,2000,SHELBY,044 4,7836,008157,4.492e-05,shelby_alias_name,high,0.997
2000,2000,SHELBY,044 4,7836,008133,1.532e-05,shelby_alias_name,high,0.997
2000,2000,SHELBY,044 5,7840,008136,0.99846867,shelby_alias_name,high,0.997
2000,2000,SHELBY,044 5,7840,008125,0.00150357,shelby_alias_name,high,0.997
2000,2000,SHELBY,044 5,7840,008133,2.776e-05,shelby_alias_name,high,0.997
2000,2000,SHELBY,045 1,7844,008139,0.9998788,shelby_alias_name,high,0.997
2000,2000,SHELBY,045 1,7844,008138,5.9e-05,shelby_alias_name,high,0.997
2000,2000,SHELBY,045 1,7844,008136,2.839e-05,shelby_alias_name,high,0.997
2000,2000,SHELBY,045 1,7844,008114,2.422e-05,shelby_alias_name,high,0.997
2000,2000,SHELBY,045 1,7844,008171,8.27e-06,shelby_alias_name,high,0.997
2000,2000,SHELBY,045 1,7844,008125,1.32e-06,shelby_alias_name,high,0.997
2000,2000,SHELBY,045 2,7848,008138,0.99965658,shelby_alias_name,high,0.997
2000,2000,SHELBY,045 2,7848,008171,0.00028016,shelby_alias_name,high,0.997
2000,2000,SHELBY,045 2,7848,008139,6.327e-05,shelby_alias_name,high,0.997
2000,2000,SHELBY,045 4,7856,008139,0.99967312,shelby_alias_name,high,0.997
2000,2000,SHELBY,045 4,7856,008138,0.00026515,shelby_alias_name,high,0.997
2000,2000,SHELBY,045 4,7856,008136,3.353e-05,shelby_alias_name,high,0.997
2000,2000,SHELBY,045 4,7856,008141,2.416e-05,shelby_alias_name,high,0.997
2000,2000,SHELBY,045 4,7856,008157,4.05e-06,shelby_alias_name,high,0.997
2000,2000,SHELBY,046 1,7860,008141,0.99982913,shelby_alias_name,high,0.997
2000,2000,SHELBY,046 1,7860,008157,0.00016784,shelby_alias_name,high,0.997
2000,2000,SHELBY,046 1,7860,008139,3.03e-06,shelby_alias_name,high,0.997
2000,2000,SHELBY,046 2,7864,008141,0.99925511,shelby_alias_name,high,0.997
2000,2000,SHELBY,046 2,7864,008157,0.00055706,shelby_alias_name,high,0.997
2000,2000,SHELBY,046 2,7864,008177,0.00015289,shelby_alias_name,high,0.997
2000,2000,SHELBY,046 2,7864,008158,2.332e-05,shelby_alias_name,high,0.997
2000,2000,SHELBY,046 2,7864,008159,1.145e-05,shelby_alias_name,high,0.997
2000,2000,SHELBY,046 2,7864,008139,1.7e-07,shelby_alias_name,high,0.997
2000,2000,SHELBY,047 1,7872,008142,0.99818511,shelby_alias_name,high,0.997
2000,2000,SHELBY,047 1,7872,008118,0.00073251,shelby_alias_name,high,0.997
2000,2000,SHELBY,047 1,7872,008171,0.00039053,shelby_alias_name,high,0.997
2000,2000,SHELBY,047 1,7872,008161,0.00029411,shelby_alias_name,high,0.997
2000,2000,SHELBY,047 1,7872,008167,0.00023785,shelby_alias_name,high,0.997
2000,2000,SHELBY,047 1,7872,008170,0.00015989,shelby_alias_name,high,0.997
2000,2000,SHELBY,047 2,7876,008142,0.99813829,shelby_alias_name,high,0.997
2000,2000,SHELBY,047 2,7876,008171,0.00186167,shelby_alias_name,high,0.997
2000,2000,SHELBY,047 2,7876,008138,5e-08,shelby_alias_name,high,0.997
2000,2000,SHELBY,047 3,7880,008142,0.99975398,shelby_alias_name,high,0.997
2000,2000,SHELBY,047 3,7880,008161,0.00024602,shelby_alias_name,high,0.997
2000,2000,SHELBY,048,7884,008170,0.98927142,shelby_alias_name,high,0.997
2000,2000,SHELBY,048,7884,008144,0.00702775,shelby_alias_name,high,0.997
2000,2000,SHELBY,048,7884,008164,0.00305609,shelby_alias_name,high,0.997
2000,2000,SHELBY,048,7884,008142,0.00037406,shelby_alias_name,high,0.997
2000,2000,SHELBY,048,7884,008113,0.00025566,shelby_alias_name,high,0.997
2000,2000,SHELBY,048,7884,008118,1.502e-05,shelby_alias_name,high,0.997
2000,2000,SHELBY,049 1,7888,008144,0.99582736,shelby_alias_name,high,0.997
2000,2000,SHELBY,049 1,7888,008121,0.00417025,shelby_alias_name,high,0.997
2000,2000,SHELBY,049 1,7888,008120,2.39e-06,shelby_alias_name,high,0.997
2000,2000,SHELBY,049 2,7892,008144,0.99862323,shelby_alias_name,high,0.997
2000,2000,SHELBY,049 2,7892,008164,0.00137677,shelby_alias_name,high,0.997
2000,2000,SHELBY,050 1,7900,008145,0.99973374,shelby_alias_name,high,0.997
2000,2000,SHELBY,050 1,7900,008203,0.00012447,shelby_alias_name,high,0.997
2000,2000,SHELBY,050 1,7900,008224,5.828e-05,shelby_alias_name,high,0.997
2000,2000,SHELBY,050 1,7900,008200,4.469e-05,shelby_alias_name,high,0.997
2000,2000,SHELBY,050 1,7900,008104,3.422e-05,shelby_alias_name,high,0.997
2000,2000,SHELBY,050 1,7900,008121,4.6e-06,shelby_alias_name,high,0.997
2000,2000,SHELBY,050 2,7904,008121,0.99814527,shelby_alias_name,high,0.997
2000,2000,SHELBY,050 2,7904,008144,0.00121029,shelby_alias_name,high,0.997
2000,2000,SHELBY,050 2,7904,008145,0.00054801,shelby_alias_name,high,0.997
2000,2000,SHELBY,050 2,7904,008120,9.616e-05,shelby_alias_name,high,0.997
2000,2000,SHELBY,050 2,7904,008200,2.7e-07,shelby_alias_name,high,0.997
2000,2000,SHELBY,051,7908,008110,0.99952754,shelby_alias_name,high,0.997
2000,2000,SHELBY,051,7908,008111,0.00039032,shelby_alias_name,high,0.997
2000,2000,SHELBY,051,7908,008103,8.214e-05,shelby_alias_name,high,0.997
2000,2000,SHELBY,052 1,7912,008146,0.99815548,shelby_alias_name,high,0.997
2000,2000,SHELBY,052 1,7912,008130,0.00092185,shelby_alias_name,high,0.997
2000,2000,SHELBY,052 1,7912,008149,0.000515,shelby_alias_name,high,0.997
2000,2000,SHELBY,052 1,7912,008131,0.00020271,shelby_alias_name,high,0.997
2000,2000,SHELBY,052 1,7912,008125,0.0001584,shelby_alias_name,high,0.997
2000,2000,SHELBY,052 1,7912,008122,4.655e-05,shelby_alias_name,high,0.997
2000,2000,SHELBY,052 2,7916,008146,0.99824289,shelby_alias_name,high,0.997
2000,2000,SHELBY,052 2,7916,008125,0.00111302,shelby_alias_name,high,0.997
2000,2000,SHELBY,052 2,7916,008122,0.00051911,shelby_alias_name,high,0.997
2000,2000,SHELBY,052 2,7916,008119,0.00012497,shelby_alias_name,high,0.997
2000,2000,SHELBY,052 2,7916,008109,2e-08,shelby_alias_name,high,0.997
2000,2000,SHELBY,052 3,7920,008125,0.99998409,shelby_alias_name,high,0.997
2000,2000,SHELBY,052 3,7920,008146,1.101e-05,shelby_alias_name,high,0.997
2000,2000,SHELBY,052 3,7920,008136,4.9e-06,shelby_alias_name,high,0.997
2000,2000,SHELBY,053 1,7924,008149,0.99945607,shelby_alias_name,high,0.997
2000,2000,SHELBY,053 1,7924,008152,0.00045523,shelby_alias_name,high,0.997
2000,2000,SHELBY,053 1,7924,008172,8.87e-05,shelby_alias_name,high,0.997
2000,2000,SHELBY,053 2,7928,008172,0.99175361,shelby_alias_name,high,0.997
2000,2000,SHELBY,053 2,7928,008149,0.00546095,shelby_alias_name,high,0.997
2000,2000,SHELBY,053 2,7928,008152,0.00278543,shelby_alias_name,high,0.997
2000,2000,SHELBY,053 3,7932,008152,0.9970441,shelby_alias_name,high,0.997
2000,2000,SHELBY,053 3,7932,008172,0.0017891,shelby_alias_name,high,0.997
2000,2000,SHELBY,053 3,7932,008149,0.0011668,shelby_alias_name,high,0.997
2000,2000,SHELBY,053 4,7934,008152,0.99989276,shelby_alias_name,high,0.997
2000,2000,SHELBY,053 4,7934,008172,8.401e-05,shelby_alias_name,high,0.997
2000,2000,SHELBY,053 4,7934,008234,2.323e-05,shelby_alias_name,high,0.997
2000,2000,SHELBY,054,7936,008152,0.99961566,shelby_alias_name,high,0.997
2000,2000,SHELBY,054,7936,008133,0.00030351,shelby_alias_name,high,0.997
2000,2000,SHELBY,054,7936,008154,6.428e-05,shelby_alias_name,high,0.997
2000,2000,SHELBY,054,7936,008149,1.655e-05,shelby_alias_name,high,0.997
2000,2000,SHELBY,055 1,7944,008154,0.99857331,shelby_alias_name,high,0.997
2000,2000,SHELBY,055 1,7944,008133,0.00142392,shelby_alias_name,high,0.997
2000,2000,SHELBY,055 1,7944,008157,2.77e-06,shelby_alias_name,high,0.997
2000,2000,SHELBY,055 2,7948,008154,0.99838118,shelby_alias_name,high,0.997
2000,2000,SHELBY,055 2,7948,008152,0.00156419,shelby_alias_name,high,0.997
2000,2000,SHELBY,055 2,7948,008174,3.025e-05,shelby_alias_name,high,0.997
2000,2000,SHELBY,055 2,7948,008157,2.438e-05,shelby_alias_name,high,0.997
2000,2000,SHELBY,056 1,7952,008157,0.99794732,shelby_alias_name,high,0.997
2000,2000,SHELBY,056 1,7952,008174,0.0018057,shelby_alias_name,high,0.997
2000,2000,SHELBY,056 1,7952,008154,0.00022258,shelby_alias_name,high,0.997
2000,2000,SHELBY,056 1,7952,008180,1.719e-05,shelby_alias_name,high,0.997
2000,2000,SHELBY,056 1,7952,008177,7.21e-06,shelby_alias_name,high,0.997
2000,2000,SHELBY,056 2,7956,008180,0.99909421,shelby_alias_name,high,0.997
2000,2000,SHELBY,056 2,7956,008178,0.0008595,shelby_alias_name,high,0.997
2000,2000,SHELBY,056 2,7956,008217,3.427e-05,shelby_alias_name,high,0.997
2000,2000,SHELBY,056 2,7956,008174,6.07e-06,shelby_alias_name,high,0.997
2000,2000,SHELBY,056 2,7956,008157,5.95e-06,shelby_alias_name,high,0.997
2000,2000,SHELBY,056 3,7958,008177,0.99767885,shelby_alias_name,high,0.997
2000,2000,SHELBY,056 3,7958,008157,0.00127893,shelby_alias_name,high,0.997
2000,2000,SHELBY,056 3,7958,008180,0.00067684,shelby_alias_name,high,0.997
2000,2000,SHELBY,056 3,7958,008141,0.00022755,shelby_alias_name,high,0.997
2000,2000,SHELBY,056 3,7958,008176,0.00013783,shelby_alias_name,high,0.997
2000,2000,SHELBY,057,7960,008157,0.99981906,shelby_alias_name,high,0.997
2000,2000,SHELBY,057,7960,008141,0.00013699,shelby_alias_name,high,0.997
2000,2000,SHELBY,057,7960,008154,4.25e-05,shelby_alias_name,high,0.997
2000,2000,SHELBY,057,7960,008177,1.45e-06,shelby_alias_name,high,0.997
2000,2000,SHELBY,058 1,7964,008158,0.99926584,shelby_alias_name,high,0.997
2000,2000,SHELBY,058 1,7964,008138,0.000413,shelby_alias_name,high,0.997
2000,2000,SHELBY,058 1,7964,008141,0.00018975,shelby_alias_name,high,0.997
2000,2000,SHELBY,058 1,7964,008159,0.00011946,shelby_alias_name,high,0.997
2000,2000,SHELBY,058 1,7964,008139,1.195e-05,shelby_alias_name,high,0.997
2000,2000,SHELBY,058 2,7968,008158,0.99989488,shelby_alias_name,high,0.997
2000,2000,SHELBY,058 2,7968,008159,0.00010279,shelby_alias_name,high,0.997
2000,2000,SHELBY,058 2,7968,008138,2.33e-06,shelby_alias_name,high,0.997
2000,2000,SHELBY,058 2,7968,008161,0.0,shelby_alias_name,high,0.997
2000,2000,SHELBY,058 3,7972,008159,0.99919232,shelby_alias_name,high,0.997
2000,2000,SHELBY,058 3,7972,008161,0.00065452,shelby_alias_name,high,0.997
2000,2000,SHELBY,058 3,7972,008158,0.00013109,shelby_alias_name,high,0.997
2000,2000,SHELBY,058 3,7972,008191,2.207e-05,shelby_alias_name,high,0.997
2000,2000,SHELBY,058 4,7976,008159,0.99725925,shelby_alias_name,high,0.997
2000,2000,SHELBY,058 4,7976,008141,0.0018745,shelby_alias_name,high,0.997
2000,2000,SHELBY,058 4,7976,008176,0.00086309,shelby_alias_name,high,0.997
2000,2000,SHELBY,058 4,7976,008192,2.48e-06,shelby_alias_name,high,0.997
2000,2000,SHELBY,058 4,7976,008158,6.8e-07,shelby_alias_name,high,0.997
2000,2000,SHELBY,059 1,7984,008138,0.79554655,shelby_alias_name,high,0.997
2000,2000,SHELBY,059 1,7984,008142,0.20443621,shelby_alias_name,high,0.997
2000,2000,SHELBY,059 1,7984,008161,1.554e-05,shelby_alias_name,high,0.997
2000,2000,SHELBY,059 1,7984,008171,1.69e-06,shelby_alias_name,high,0.997
2000,2000,SHELBY,059 2,7988,008138,0.99963003,shelby_alias_name,high,0.997
2000,2000,SHELBY,059 2,7988,008158,0.00034867,shelby_alias_name,high,0.997
2000,2000,SHELBY,059 2,7988,008161,2.13e-05,shelby_alias_name,high,0.997
2000,2000,SHELBY,059 3,7992,008161,0.9986974,shelby_alias_name,high,0.997
2000,2000,SHELBY,059 3,7992,008159,0.00125572,shelby_alias_name,high,0.997
2000,2000,SHELBY,059 3,7992,008158,3.956e-05,shelby_alias_name,high,0.997
2000,2000,SHELBY,059 3,7992,008138,7.31e-06,shelby_alias_name,high,0.997
2000,2000,SHELBY,059 4,7996,008161,0.99936504,shelby_alias_name,high,0.997
2000,2000,SHELBY,059 4,7996,008142,0.00063493,shelby_alias_name,high,0.997
2000,2000,SHELBY,059 4,7996,008138,3e-08,shelby_alias_name,high,0.997
2000,2000,SHELBY,059 5,8000,008161,0.99317225,shelby_alias_name,high,0.997
2000,2000,SHELBY,059 5,8000,008159,0.00426662,shelby_alias_name,high,0.997
2000,2000,SHELBY,059 5,8000,008191,0.00256113,shelby_alias_name,high,0.997
2000,2000,SHELBY,059 6,8002,008161,1.0,shelby_alias_name,high,0.997
2000,2000,SHELBY,060 01,8004,008164,0.99885171,shelby_alias_name,high,0.997
2000,2000,SHELBY,060 01,8004,008207,0.00049383,shelby_alias_name,high,0.997
2000,2000,SHELBY,060 01,8004,008144,0.00044737,shelby_alias_name,high,0.997
2000,2000,SHELBY,060 01,8004,008170,0.00017773,shelby_alias_name,high,0.997
2000,2000,SHELBY,060 01,8004,008167,2.936e-05,shelby_alias_name,high,0.997
2000,2000,SHELBY,060 02,8008,008161,0.99892089,shelby_alias_name,high,0.997
2000,2000,SHELBY,060 02,8008,008167,0.00052317,shelby_alias_name,high,0.997
2000,2000,SHELBY,060 02,8008,008166,0.00037168,shelby_alias_name,high,0.997
2000,2000,SHELBY,060 02,8008,008191,0.00017603,shelby_alias_name,high,0.997
2000,2000,SHELBY,060 02,8008,008142,8.22e-06,shelby_alias_name,high,0.997
2000,2000,SHELBY,060 03,8012,008164,0.99925314,shelby_alias_name,high,0.997
2000,2000,SHELBY,060 03,8012,008170,0.00039772,shelby_alias_name,high,0.997
2000,2000,SHELBY,060 03,8012,008167,0.00034915,shelby_alias_name,high,0.997
2000,2000,SHELBY,060 04,8016,008170,0.99948898,shelby_alias_name,high,0.997
2000,2000,SHELBY,060 04,8016,008164,0.00045117,shelby_alias_name,high,0.997
2000,2000,SHELBY,060 04,8016,008167,5.985e-05,shelby_alias_name,high,0.997
2000,2000,SHELBY,060 05,8020,008166,0.99794741,shelby_alias_name,high,0.997
2000,2000,SHELBY,060 05,8020,008168,0.00095109,shelby_alias_name,high,0.997
2000,2000,SHELBY,060 05,8020,008191,0.00044444,shelby_alias_name,high,0.997
2000,2000,SHELBY,060 05,8020,008199,0.00024579,shelby_alias_name,high,0.997
2000,2000,SHELBY,060 05,8020,008167,0.00016522,shelby_alias_name,high,0.997
2000,2000,SHELBY,060 05,8020,008210,0.00014773,shelby_alias_name,high,0.997
2000,2000,SHELBY,060 05,8020,008161,9.832e-05,shelby_alias_name,high,0.997
2000,2000,SHELBY,060 06,8024,008167,0.99799985,shelby_alias_name,high,0.997
2000,2000,SHELBY,060 06,8024,008161,0.00181599,shelby_alias_name,high,0.997
2000,2000,SHELBY,060 06,8024,008166,0.00014674,shelby_alias_name,high,0.997
2000,2000,SHELBY,060 06,8024,008170,2.429e-05,shelby_alias_name,high,0.997
2000,2000,SHELBY,060 06,8024,008210,7.71e-06,shelby_alias_name,high,0.997
2000,2000,SHELBY,060 06,8024,008142,3.36e-06,shelby_alias_name,high,0.997
2000,2000,SHELBY,060 06,8024,008164,2.06e-06,shelby_alias_name,high,0.997
2000,2000,SHELBY,060 07,8028,008168,0.99882833,shelby_alias_name,high,0.997
2000,2000,SHELBY,060 07,8028,008166,0.00104875,shelby_alias_name,high,0.997
2000,2000,SHELBY,060 07,8028,008210,5.565e-05,shelby_alias_name,high,0.997
2000,2000,SHELBY,060 07,8028,008244,4.617e-05,shelby_alias_name,high,0.997
2000,2000,SHELBY,060 07,8028,008214,1.889e-05,shelby_alias_name,high,0.997
2000,2000,SHELBY,060 07,8028,008211,1.24e-06,shelby_alias_name,high,0.997
2000,2000,SHELBY,060 07,8028,008199,9.7e-07,shelby_alias_name,high,0.997
2000,2000,SHELBY,060 08,8032,008167,0.99941771,shelby_alias_name,high,0.997
2000,2000,SHELBY,060 08,8032,008210,0.00054525,shelby_alias_name,high,0.997
2000,2000,SHELBY,060 08,8032,008164,3.703e-05,shelby_alias_name,high,0.997
2000,2000,SHELBY,060 09,8036,008170,0.99557692,shelby_alias_name,high,0.997
2000,2000,SHELBY,060 09,8036,008142,0.00428619,shelby_alias_name,high,0.997
2000,2000,SHELBY,060 09,8036,008167,0.00013689,shelby_alias_name,high,0.997
2000,2000,SHELBY,060 10,8038,008161,0.99014819,shelby_alias_name,high,0.997
2000,2000,SHELBY,060 10,8038,008142,0.00985181,shelby_alias_name,high,0.997
2000,2000,SHELBY,061,8044,008171,0.9997453,shelby_alias_name,high,0.997
2000,2000,SHELBY,061,8044,008138,0.00020027,shelby_alias_name,high,0.997
2000,2000,SHELBY,061,8044,008142,5.444e-05,shelby_alias_name,high,0.997
2000,2000,SHELBY,062 1,8048,008172,0.9938435,shelby_alias_name,high,0.997
2000,2000,SHELBY,062 1,8048,008226,0.00376129,shelby_alias_name,high,0.997
2000,2000,SHELBY,062 1,8048,008234,0.00239521,shelby_alias_name,high,0.997
2000,2000,SHELBY,062 2,8052,008172,0.99835821,shelby_alias_name,high,0.997
2000,2000,SHELBY,062 2,8052,008234,0.00164179,shelby_alias_name,high,0.997
2000,2000,SHELBY,063 1,8056,008152,1.0,shelby_alias_name,high,0.997
2000,2000,SHELBY,063 2,8060,008152,0.99875837,shelby_alias_name,high,0.997
2000,2000,SHELBY,063 2,8060,008179,0.00071994,shelby_alias_name,high,0.997
2000,2000,SHELBY,063 2,8060,008174,0.00051544,shelby_alias_name,high,0.997
2000,2000,SHELBY,063 2,8060,008154,6.24e-06,shelby_alias_name,high,0.997
2000,2000,SHELBY,064,8064,008174,0.9928158,shelby_alias_name,high,0.997
2000,2000,SHELBY,064,8064,008152,0.00574471,shelby_alias_name,high,0.997
2000,2000,SHELBY,064,8064,008157,0.00064007,shelby_alias_name,high,0.997
2000,2000,SHELBY,064,8064,008154,0.00042072,shelby_alias_name,high,0.997
2000,2000,SHELBY,064,8064,008179,0.00035575,shelby_alias_name,high,0.997
2000,2000,SHELBY,064,8064,008180,2.296e-05,shelby_alias_name,high,0.997
2000,2000,SHELBY,065 1,8072,008141,0.99660108,shelby_alias_name,high,0.997
2000,2000,SHELBY,065 1,8072,008159,0.00334376,shelby_alias_name,high,0.997
2000,2000,SHELBY,065 1,8072,008176,5.516e-05,shelby_alias_name,high,0.997
2000,2000,SHELBY,065 2,8076,008176,0.99993531,shelby_alias_name,high,0.997
2000,2000,SHELBY,065 2,8076,008177,6.176e-05,shelby_alias_name,high,0.997
2000,2000,SHELBY,065 2,8076,008141,2.93e-06,shelby_alias_name,high,0.997
2000,2000,SHELBY,066 1,8080,008176,0.9966067,shelby_alias_name,high,0.997
2000,2000,SHELBY,066 1,8080,008192,0.00255072,shelby_alias_name,high,0.997
2000,2000,SHELBY,066 1,8080,008141,0.00061773,shelby_alias_name,high,0.997
2000,2000,SHELBY,066 1,8080,008159,0.0002248,shelby_alias_name,high,0.997
2000,2000,SHELBY,066 1,8080,008194,5e-08,shelby_alias_name,high,0.997
2000,2000,SHELBY,066 2,8084,008176,0.97645498,shelby_alias_name,high,0.997
2000,2000,SHELBY,066 2,8084,008194,0.02353107,shelby_alias_name,high,0.997
2000,2000,SHELBY,066 2,8084,008177,1.395e-05,shelby_alias_name,high,0.997
2000,2000,SHELBY,067 1,8092,008177,0.99883628,shelby_alias_name,high,0.997
2000,2000,SHELBY,067 1,8092,008180,0.00110947,shelby_alias_name,high,0.997
2000,2000,SHELBY,067 1,8092,008178,4.283e-05,shelby_alias_name,high,0.997
2000,2000,SHELBY,067 1,8092,008176,1.142e-05,shelby_alias_name,high,0.997
2000,2000,SHELBY,067 2,8096,008177,0.82671781,shelby_alias_name,high,0.997
2000,2000,SHELBY,067 2,8096,008178,0.15303266,shelby_alias_name,high,0.997
2000,2000,SHELBY,067 2,8096,008194,0.01738505,shelby_alias_name,high,0.997
2000,2000,SHELBY,067 2,8096,008176,0.00195188,shelby_alias_name,high,0.997
2000,2000,SHELBY,067 2,8096,008222,0.00091261,shelby_alias_name,high,0.997
2000,2000,SHELBY,067 3,8100,008178,0.99704457,shelby_alias_name,high,0.997
2000,2000,SHELBY,067 3,8100,008217,0.00148659,shelby_alias_name,high,0.997
2000,2000,SHELBY,067 3,8100,008222,0.00146458,shelby_alias_name,high,0.997
2000,2000,SHELBY,067 3,8100,008177,4.26e-06,shelby_alias_name,high,0.997
2000,2000,SHELBY,068 1,8104,008237,0.58145968,shelby_alias_name,high,0.997
2000,2000,SHELBY,068 1,8104,008179,0.41705417,shelby_alias_name,high,0.997
2000,2000,SHELBY,068 1,8104,008217,0.0005165,shelby_alias_name,high,0.997
2000,2000,SHELBY,068 1,8104,008174,0.00033462,shelby_alias_name,high,0.997
2000,2000,SHELBY,068 1,8104,008089,0.00020319,shelby_alias_name,high,0.997
2000,2000,SHELBY,068 1,8104,008216,0.00016995,shelby_alias_name,high,0.997
2000,2000,SHELBY,068 1,8104,008241,0.00012408,shelby_alias_name,high,0.997
2000,2000,SHELBY,068 1,8104,008236,5.792e-05,shelby_alias_name,high,0.997
2000,2000,SHELBY,068 1,8104,008080,5.037e-05,shelby_alias_name,high,0.997
2000,2000,SHELBY,068 1,8104,008152,2.951e-05,shelby_alias_name,high,0.997
2000,2000,SHELBY,068 2,8108,008174,0.98695654,shelby_alias_name,high,0.997
2000,2000,SHELBY,068 2,8108,008217,0.01098693,shelby_alias_name,high,0.997
2000,2000,SHELBY,068 2,8108,008180,0.00134963,shelby_alias_name,high,0.997
2000,2000,SHELBY,068 2,8108,008179,0.00070691,shelby_alias_name,high,0.997
2000,2000,SHELBY,068 3,8112,008180,0.99928013,shelby_alias_name,high,0.997
2000,2000,SHELBY,068 3,8112,008174,0.00071975,shelby_alias_name,high,0.997
2000,2000,SHELBY,068 3,8112,008217,1.2e-07,shelby_alias_name,high,0.997
2000,2000,SHELBY,069 1,8116,008182,0.99394627,shelby_alias_name,high,0.997
2000,2000,SHELBY,069 1,8116,008100,0.00605335,shelby_alias_name,high,0.997
2000,2000,SHELBY,069 1,8116,008187,3.8e-07,shelby_alias_name,high,0.997
2000,2000,SHELBY,069 2,8120,008182,0.9993702,shelby_alias_name,high,0.997
2000,2000,SHELBY,069 2,8120,008101,0.00030234,shelby_alias_name,high,0.997
2000,2000,SHELBY,069 2,8120,008100,0.00023273,shelby_alias_name,high,0.997
2000,2000,SHELBY,069 2,8120,008184,7.462e-05,shelby_alias_name,high,0.997
2000,2000,SHELBY,069 2,8120,008187,2.012e-05,shelby_alias_name,high,0.997
2000,2000,SHELBY,070 1,8124,008183,0.70846592,shelby_alias_name,high,0.997
2000,2000,SHELBY,070 1,8124,008184,0.29140733,shelby_alias_name,high,0.997
2000,2000,SHELBY,070 1,8124,008182,0.00012221,shelby_alias_name,high,0.997
2000,2000,SHELBY,070 1,8124,008187,4.54e-06,shelby_alias_name,high,0.997
2000,2000,SHELBY,070 2,8128,008184,0.99819957,shelby_alias_name,high,0.997
2000,2000,SHELBY,070 2,8128,008111,0.00076068,shelby_alias_name,high,0.997
2000,2000,SHELBY,070 2,8128,008110,0.00052592,shelby_alias_name,high,0.997
2000,2000,SHELBY,070 2,8128,008190,0.00040047,shelby_alias_name,high,0.997
2000,2000,SHELBY,070 2,8128,008182,0.00011336,shelby_alias_name,high,0.997
2000,2000,SHELBY,070 3,8132,008184,0.90374172,shelby_alias_name,high,0.997
2000,2000,SHELBY,070 3,8132,008183,0.09518555,shelby_alias_name,high,0.997
2000,2000,SHELBY,070 3,8132,008190,0.00105682,shelby_alias_name,high,0.997
2000,2000,SHELBY,070 3,8132,008182,1.591e-05,shelby_alias_name,high,0.997
2000,2000,SHELBY,071 1,8136,008187,0.90324174,shelby_alias_name,high,0.997
2000,2000,SHELBY,071 1,8136,008098,0.09675821,shelby_alias_name,high,0.997
2000,2000,SHELBY,071 1,8136,008100,5e-08,shelby_alias_name,high,0.997
2000,2000,SHELBY,071 2,8140,008187,0.9666476,shelby_alias_name,high,0.997
2000,2000,SHELBY,071 2,8140,008098,0.03294475,shelby_alias_name,high,0.997
2000,2000,SHELBY,071 2,8140,008239,0.00038404,shelby_alias_name,high,0.997
2000,2000,SHELBY,071 2,8140,008189,2.361e-05,shelby_alias_name,high,0.997
2000,2000,SHELBY,071 3,8144,008187,0.9981304,shelby_alias_name,high,0.997
2000,2000,SHELBY,071 3,8144,008189,0.0018696,shelby_alias_name,high,0.997
2000,2000,SHELBY,071 4,8148,008187,0.74586033,shelby_alias_name,high,0.997
2000,2000,SHELBY,071 4,8148,008100,0.25394706,shelby_alias_name,high,0.997
2000,2000,SHELBY,071 4,8148,008183,9.517e-05,shelby_alias_name,high,0.997
2000,2000,SHELBY,071 4,8148,008184,4.588e-05,shelby_alias_name,high,0.997
2000,2000,SHELBY,071 4,8148,008182,4.218e-05,shelby_alias_name,high,0.997
2000,2000,SHELBY,071 4,8148,008189,9.38e-06,shelby_alias_name,high,0.997
2000,2000,SHELBY,072 1,8152,008183,0.99801445,shelby_alias_name,high,0.997
2000,2000,SHELBY,072 1,8152,008189,0.00123135,shelby_alias_name,high,0.997
2000,2000,SHELBY,072 1,8152,008190,0.00067431,shelby_alias_name,high,0.997
2000,2000,SHELBY,072 1,8152,008187,7.989e-05,shelby_alias_name,high,0.997
2000,2000,SHELBY,072 3,8160,008189,0.99533169,shelby_alias_name,high,0.997
2000,2000,SHELBY,072 3,8160,008187,0.00225716,shelby_alias_name,high,0.997
2000,2000,SHELBY,072 3,8160,008239,0.00213424,shelby_alias_name,high,0.997
2000,2000,SHELBY,072 3,8160,008228,0.00027691,shelby_alias_name,high,0.997
2000,2000,SHELBY,072 4,8164,008190,0.92209423,shelby_alias_name,high,0.997
2000,2000,SHELBY,072 4,8164,008183,0.07565996,shelby_alias_name,high,0.997
2000,2000,SHELBY,072 4,8164,008184,0.00160185,shelby_alias_name,high,0.997
2000,2000,SHELBY,072 4,8164,008189,0.00064395,shelby_alias_name,high,0.997
2000,2000,SHELBY,072 5,8168,008189,0.99674355,shelby_alias_name,high,0.997
2000,2000,SHELBY,072 5,8168,008190,0.00289172,shelby_alias_name,high,0.997
2000,2000,SHELBY,072 5,8168,008228,0.00036473,shelby_alias_name,high,0.997
2000,2000,SHELBY,072 6,8172,008189,0.99892331,shelby_alias_name,high,0.997
2000,2000,SHELBY,072 6,8172,008183,0.00061524,shelby_alias_name,high,0.997
2000,2000,SHELBY,072 6,8172,008187,0.00046145,shelby_alias_name,high,0.997
2000,2000,SHELBY,072 7,8176,008190,0.88863538,shelby_alias_name,high,0.997
2000,2000,SHELBY,072 7,8176,008131,0.10988816,shelby_alias_name,high,0.997
2000,2000,SHELBY,072 7,8176,008228,0.00081103,shelby_alias_name,high,0.997
2000,2000,SHELBY,072 7,8176,008226,0.00045799,shelby_alias_name,high,0.997
2000,2000,SHELBY,072 7,8176,008240,0.00020745,shelby_alias_name,high,0.997
2000,2000,SHELBY,073 1,8180,008191,0.9874167,shelby_alias_name,high,0.997
2000,2000,SHELBY,073 1,8180,008159,0.01129061,shelby_alias_name,high,0.997
2000,2000,SHELBY,073 1,8180,008166,0.00113312,shelby_alias_name,high,0.997
2000,2000,SHELBY,073 1,8180,008192,0.00011027,shelby_alias_name,high,0.997
2000,2000,SHELBY,073 1,8180,008161,4.931e-05,shelby_alias_name,high,0.997
2000,2000,SHELBY,073 2,8184,008192,0.99869146,shelby_alias_name,high,0.997
2000,2000,SHELBY,073 2,8184,008159,0.00065241,shelby_alias_name,high,0.997
2000,2000,SHELBY,073 2,8184,008197,0.0005956,shelby_alias_name,high,0.997
2000,2000,SHELBY,073 2,8184,008191,5.03e-05,shelby_alias_name,high,0.997
2000,2000,SHELBY,073 2,8184,008176,9.78e-06,shelby_alias_name,high,0.997
2000,2000,SHELBY,073 2,8184,008194,4.5e-07,shelby_alias_name,high,0.997
2000,2000,SHELBY,073 3,8188,008192,0.99975448,shelby_alias_name,high,0.997
2000,2000,SHELBY,073 3,8188,008191,0.00012186,shelby_alias_name,high,0.997
2000,2000,SHELBY,073 3,8188,008199,0.00010325,shelby_alias_name,high,0.997
2000,2000,SHELBY,073 3,8188,008197,2.041e-05,shelby_alias_name,high,0.997
2000,2000,SHELBY,073 4,8192,008191,0.99881373,shelby_alias_name,high,0.997
2000,2000,SHELBY,073 4,8192,008192,0.00093794,shelby_alias_name,high,0.997
2000,2000,SHELBY,073 4,8192,008199,0.00023122,shelby_alias_name,high,0.997
2000,2000,SHELBY,073 4,8192,008166,1.711e-05,shelby_alias_name,high,0.997
2000,2000,SHELBY,074 1,8216,008194,0.99893364,shelby_alias_name,high,0.997
2000,2000,SHELBY,074 1,8216,008197,0.00071976,shelby_alias_name,high,0.997
2000,2000,SHELBY,074 1,8216,008195,0.0003466,shelby_alias_name,high,0.997
2000,2000,SHELBY,074 2,8220,008195,0.99788959,shelby_alias_name,high,0.997
2000,2000,SHELBY,074 2,8220,008194,0.00127362,shelby_alias_name,high,0.997
2000,2000,SHELBY,074 2,8220,008199,0.00056814,shelby_alias_name,high,0.997
2000,2000,SHELBY,074 2,8220,008197,0.0001847,shelby_alias_name,high,0.997
2000,2000,SHELBY,074 2,8220,008243,8.395e-05,shelby_alias_name,high,0.997
2000,2000,SHELBY,074 4,8228,008199,0.99732107,shelby_alias_name,high,0.997
2000,2000,SHELBY,074 4,8228,008243,0.001571,shelby_alias_name,high,0.997
2000,2000,SHELBY,074 4,8228,008168,0.00101268,shelby_alias_name,high,0.997
2000,2000,SHELBY,074 4,8228,008244,9.525e-05,shelby_alias_name,high,0.997
2000,2000,SHELBY,074 5,8232,008197,0.99504395,shelby_alias_name,high,0.997
2000,2000,SHELBY,074 5,8232,008194,0.00295086,shelby_alias_name,high,0.997
2000,2000,SHELBY,074 5,8232,008195,0.00147804,shelby_alias_name,high,0.997
2000,2000,SHELBY,074 5,8232,008199,0.0003937,shelby_alias_name,high,0.997
2000,2000,SHELBY,074 5,8232,008192,0.00013345,shelby_alias_name,high,0.997
2000,2000,SHELBY,074 6,8236,008194,0.85160881,shelby_alias_name,high,0.997
2000,2000,SHELBY,074 6,8236,008222,0.14288305,shelby_alias_name,high,0.997
2000,2000,SHELBY,074 6,8236,008178,0.0041744,shelby_alias_name,high,0.997
2000,2000,SHELBY,074 6,8236,008197,0.0009416,shelby_alias_name,high,0.997
2000,2000,SHELBY,074 6,8236,008177,0.00036597,shelby_alias_name,high,0.997
2000,2000,SHELBY,074 6,8236,008217,2.129e-05,shelby_alias_name,high,0.997
2000,2000,SHELBY,074 6,8236,008195,3.6e-06,shelby_alias_name,high,0.997
2000,2000,SHELBY,074 6,8236,008192,1.28e-06,shelby_alias_name,high,0.997
2000,2000,SHELBY,074 6,8236,008176,0.0,shelby_alias_name,high,0.997
2000,2000,SHELBY,074 8,8244,008195,0.99848788,shelby_alias_name,high,0.997
2000,2000,SHELBY,074 8,8244,008243,0.00111589,shelby_alias_name,high,0.997
2000,2000,SHELBY,074 8,8244,008246,0.00035227,shelby_alias_name,high,0.997
2000,2000,SHELBY,074 8,8244,008194,4.396e-05,shelby_alias_name,high,0.997
2000,2000,SHELBY,074 9,8248,008199,0.99720677,shelby_alias_name,high,0.997
2000,2000,SHELBY,074 9,8248,008191,0.00119923,shelby_alias_name,high,0.997
2000,2000,SHELBY,074 9,8248,008195,0.00108106,shelby_alias_name,high,0.997
2000,2000,SHELBY,074 9,8248,008192,0.00032407,shelby_alias_name,high,0.997
2000,2000,SHELBY,074 9,8248,008166,0.00010839,shelby_alias_name,high,0.997
2000,2000,SHELBY,074 9,8248,008197,6.689e-05,shelby_alias_name,high,0.997
2000,2000,SHELBY,074 9,8248,008168,1.359e-05,shelby_alias_name,high,0.997
2000,2000,SHELBY,075 01,8252,008200,0.99898638,shelby_alias_name,high,0.997
2000,2000,SHELBY,075 01,8252,008203,0.0005988,shelby_alias_name,high,0.997
2000,2000,SHELBY,075 01,8252,008145,0.00041483,shelby_alias_name,high,0.997
2000,2000,SHELBY,075 02,8268,008200,0.80133715,shelby_alias_name,high,0.997
2000,2000,SHELBY,075 02,8268,008203,0.19496342,shelby_alias_name,high,0.997
2000,2000,SHELBY,075 02,8268,008207,0.00233941,shelby_alias_name,high,0.997
2000,2000,SHELBY,075 02,8268,008121,0.00136002,shelby_alias_name,high,0.997
2000,2000,SHELBY,075 04,8276,008202,0.99908704,shelby_alias_name,high,0.997
2000,2000,SHELBY,075 04,8276,008201,0.00091296,shelby_alias_name,high,0.997
2000,2000,SHELBY,075 05,8280,008201,0.9996611,shelby_alias_name,high,0.997
2000,2000,SHELBY,075 05,8280,008205,0.0002959,shelby_alias_name,high,0.997
2000,2000,SHELBY,075 05,8280,008224,3.461e-05,shelby_alias_name,high,0.997
2000,2000,SHELBY,075 05,8280,008202,8.39e-06,shelby_alias_name,high,0.997
2000,2000,SHELBY,075 06,8284,008202,0.99575131,shelby_alias_name,high,0.997
2000,2000,SHELBY,075 06,8284,008203,0.00396557,shelby_alias_name,high,0.997
2000,2000,SHELBY,075 06,8284,008201,0.00027904,shelby_alias_name,high,0.997
2000,2000,SHELBY,075 06,8284,008204,4.07e-06,shelby_alias_name,high,0.997
2000,2000,SHELBY,075 07,8288,008203,0.99969453,shelby_alias_name,high,0.997
2000,2000,SHELBY,075 07,8288,008202,0.00026775,shelby_alias_name,high,0.997
2000,2000,SHELBY,075 07,8288,008200,3.771e-05,shelby_alias_name,high,0.997
2000,2000,SHELBY,075 10,8256,008203,0.99644837,shelby_alias_name,high,0.997
2000,2000,SHELBY,075 10,8256,008207,0.00213975,shelby_alias_name,high,0.997
2000,2000,SHELBY,075 10,8256,008202,0.00141188,shelby_alias_name,high,0.997
2000,2000,SHELBY,075 11,8260,008201,0.99912445,shelby_alias_name,high,0.997
2000,2000,SHELBY,075 11,8260,008202,0.00060098,shelby_alias_name,high,0.997
2000,2000,SHELBY,075 11,8260,008204,0.0002665,shelby_alias_name,high,0.997
2000,2000,SHELBY,075 11,8260,008205,8.07e-06,shelby_alias_name,high,0.997
2000,2000,SHELBY,076 1,8300,008207,0.99808253,shelby_alias_name,high,0.997
2000,2000,SHELBY,076 1,8300,008200,0.00078661,shelby_alias_name,high,0.997
2000,2000,SHELBY,076 1,8300,008121,0.00057608,shelby_alias_name,high,0.997
2000,2000,SHELBY,076 1,8300,008204,0.00042788,shelby_alias_name,high,0.997
2000,2000,SHELBY,076 1,8300,008209,9.634e-05,shelby_alias_name,high,0.997
2000,2000,SHELBY,076 1,8300,008164,3.056e-05,shelby_alias_name,high,0.997
2000,2000,SHELBY,076 1,8300,008203,0.0,shelby_alias_name,high,0.997
2000,2000,SHELBY,076 2,8304,008204,0.65788236,shelby_alias_name,high,0.997
2000,2000,SHELBY,076 2,8304,008206,0.34051332,shelby_alias_name,high,0.997
2000,2000,SHELBY,076 2,8304,008201,0.00157569,shelby_alias_name,high,0.997
2000,2000,SHELBY,076 2,8304,008205,2.863e-05,shelby_alias_name,high,0.997
2000,2000,SHELBY,076 4,8312,008204,0.99710242,shelby_alias_name,high,0.997
2000,2000,SHELBY,076 4,8312,008207,0.00169456,shelby_alias_name,high,0.997
2000,2000,SHELBY,076 4,8312,008206,0.00089681,shelby_alias_name,high,0.997
2000,2000,SHELBY,076 4,8312,008202,0.00029034,shelby_alias_name,high,0.997
2000,2000,SHELBY,076 4,8312,008209,1.587e-05,shelby_alias_name,high,0.997
2000,2000,SHELBY,076 5,8316,008205,0.9983089,shelby_alias_name,high,0.997
2000,2000,SHELBY,076 5,8316,008201,0.00129315,shelby_alias_name,high,0.997
2000,2000,SHELBY,076 5,8316,008204,0.00027051,shelby_alias_name,high,0.997
2000,2000,SHELBY,076 5,8316,008213,8.825e-05,shelby_alias_name,high,0.997
2000,2000,SHELBY,076 5,8316,008206,3.919e-05,shelby_alias_name,high,0.997
2000,2000,SHELBY,076 6,8320,008206,0.99943786,shelby_alias_name,high,0.997
2000,2000,SHELBY,076 6,8320,008205,0.0003941,shelby_alias_name,high,0.997
2000,2000,SHELBY,076 6,8320,008204,0.00016804,shelby_alias_name,high,0.997
2000,2000,SHELBY,077 1,8324,008207,0.99951127,shelby_alias_name,high,0.997
2000,2000,SHELBY,077 1,8324,008164,0.00028049,shelby_alias_name,high,0.997
2000,2000,SHELBY,077 1,8324,008209,0.00017743,shelby_alias_name,high,0.997
2000,2000,SHELBY,077 1,8324,008210,3.081e-05,shelby_alias_name,high,0.997
2000,2000,SHELBY,077 2,8328,008206,0.61154921,shelby_alias_name,high,0.997
2000,2000,SHELBY,077 2,8328,008212,0.38737894,shelby_alias_name,high,0.997
2000,2000,SHELBY,077 2,8328,008213,0.00045176,shelby_alias_name,high,0.997
2000,2000,SHELBY,077 2,8328,008209,0.00029683,shelby_alias_name,high,0.997
2000,2000,SHELBY,077 2,8328,008204,0.00016413,shelby_alias_name,high,0.997
2000,2000,SHELBY,077 2,8328,008211,0.00015914,shelby_alias_name,high,0.997
2000,2000,SHELBY,077 3,8332,008209,0.99906828,shelby_alias_name,high,0.997
2000,2000,SHELBY,077 3,8332,008207,0.00055624,shelby_alias_name,high,0.997
2000,2000,SHELBY,077 3,8332,008211,0.0001801,shelby_alias_name,high,0.997
2000,2000,SHELBY,077 3,8332,008206,0.0001607,shelby_alias_name,high,0.997
2000,2000,SHELBY,077 3,8332,008204,2.679e-05,shelby_alias_name,high,0.997
2000,2000,SHELBY,077 3,8332,008210,7.9e-06,shelby_alias_name,high,0.997
2000,2000,SHELBY,078 1,8336,008210,0.99909048,shelby_alias_name,high,0.997
2000,2000,SHELBY,078 1,8336,008209,0.00072367,shelby_alias_name,high,0.997
2000,2000,SHELBY,078 1,8336,008207,0.00018585,shelby_alias_name,high,0.997
2000,2000,SHELBY,078 2,8340,008210,0.60157577,shelby_alias_name,high,0.997
2000,2000,SHELBY,078 2,8340,008209,0.39759983,shelby_alias_name,high,0.997
2000,2000,SHELBY,078 2,8340,008168,0.00079136,shelby_alias_name,high,0.997
2000,2000,SHELBY,078 2,8340,008211,3.304e-05,shelby_alias_name,high,0.997
2000,2000,SHELBY,078 3,8344,008210,0.99945624,shelby_alias_name,high,0.997
2000,2000,SHELBY,078 3,8344,008166,0.00030604,shelby_alias_name,high,0.997
2000,2000,SHELBY,078 3,8344,008207,0.00019879,shelby_alias_name,high,0.997
2000,2000,SHELBY,078 3,8344,008167,3.867e-05,shelby_alias_name,high,0.997
2000,2000,SHELBY,078 3,8344,008209,2.6e-07,shelby_alias_name,high,0.997
2000,2000,SHELBY,079 1,8356,008211,0.99993358,shelby_alias_name,high,0.997
2000,2000,SHELBY,079 1,8356,008212,6.251e-05,shelby_alias_name,high,0.997
2000,2000,SHELBY,079 1,8356,008209,3.92e-06,shelby_alias_name,high,0.997
2000,2000,SHELBY,079 2,8360,008212,0.99982822,shelby_alias_name,high,0.997
2000,2000,SHELBY,079 2,8360,008213,0.00012292,shelby_alias_name,high,0.997
2000,2000,SHELBY,079 2,8360,008214,3.222e-05,shelby_alias_name,high,0.997
2000,2000,SHELBY,079 2,8360,008211,1.663e-05,shelby_alias_name,high,0.997
2000,2000,SHELBY,079 3,8364,008213,0.99994801,shelby_alias_name,high,0.997
2000,2000,SHELBY,079 3,8364,008206,4.271e-05,shelby_alias_name,high,0.997
2000,2000,SHELBY,079 3,8364,008205,9.28e-06,shelby_alias_name,high,0.997
2000,2000,SHELBY,079 6,8376,008213,0.99995871,shelby_alias_name,high,0.997
2000,2000,SHELBY,079 6,8376,008214,4.129e-05,shelby_alias_name,high,0.997
2000,2000,SHELBY,079 7,8380,008214,0.99961306,shelby_alias_name,high,0.997
2000,2000,SHELBY,079 7,8380,008211,0.00021531,shelby_alias_name,high,0.997
2000,2000,SHELBY,079 7,8380,008213,0.00011883,shelby_alias_name,high,0.997
2000,2000,SHELBY,079 7,8380,008168,4.729e-05,shelby_alias_name,high,0.997
2000,2000,SHELBY,079 7,8380,008212,5.52e-06,shelby_alias_name,high,0.997
2000,2000,SHELBY,079 8,8384,008211,0.99975497,shelby_alias_name,high,0.997
2000,2000,SHELBY,079 8,8384,008214,9.253e-05,shelby_alias_name,high,0.997
2000,2000,SHELBY,079 8,8384,008210,8.106e-05,shelby_alias_name,high,0.997
2000,2000,SHELBY,079 8,8384,008209,3.982e-05,shelby_alias_name,high,0.997
2000,2000,SHELBY,079 8,8384,008168,3.162e-05,shelby_alias_name,high,0.997
2000,2000,SHELBY,079 9,8388,008213,0.99910387,shelby_alias_name,high,0.997
2000,2000,SHELBY,079 9,8388,008168,0.00060865,shelby_alias_name,high,0.997
2000,2000,SHELBY,079 9,8388,008214,0.00028749,shelby_alias_name,high,0.997
2000,2000,SHELBY,080 1,8392,008216,0.99978169,shelby_alias_name,high,0.997
2000,2000,SHELBY,080 1,8392,008086,0.0001214,shelby_alias_name,high,0.997
2000,2000,SHELBY,080 1,8392,008089,9.692e-05,shelby_alias_name,high,0.997
2000,2000,SHELBY,080 2,8396,008216,0.69012403,shelby_alias_name,high,0.997
2000,2000,SHELBY,080 2,8396,008217,0.30320402,shelby_alias_name,high,0.997
2000,2000,SHELBY,080 2,8396,008089,0.00465126,shelby_alias_name,high,0.997
2000,2000,SHELBY,080 2,8396,008179,0.00135255,shelby_alias_name,high,0.997
2000,2000,SHELBY,080 2,8396,008237,0.00066813,shelby_alias_name,high,0.997
2000,2000,SHELBY,081 1,8400,008217,0.9966295,shelby_alias_name,high,0.997
2000,2000,SHELBY,081 1,8400,008216,0.00210685,shelby_alias_name,high,0.997
2000,2000,SHELBY,081 1,8400,008180,0.00126365,shelby_alias_name,high,0.997
2000,2000,SHELBY,081 2,8404,008222,0.98937189,shelby_alias_name,high,0.997
2000,2000,SHELBY,081 2,8404,008219,0.00393112,shelby_alias_name,high,0.997
2000,2000,SHELBY,081 2,8404,008217,0.00367207,shelby_alias_name,high,0.997
2000,2000,SHELBY,081 2,8404,008194,0.00302492,shelby_alias_name,high,0.997
2000,2000,SHELBY,081 3,8408,008219,0.99759883,shelby_alias_name,high,0.997
2000,2000,SHELBY,081 3,8408,008086,0.00239058,shelby_alias_name,high,0.997
2000,2000,SHELBY,081 3,8408,008217,1.059e-05,shelby_alias_name,high,0.997
2000,2000,SHELBY,081 4,8412,008222,0.58736637,shelby_alias_name,high,0.997
2000,2000,SHELBY,081 4,8412,008219,0.30556609,shelby_alias_name,high,0.997
2000,2000,SHELBY,081 4,8412,008217,0.10645128,shelby_alias_name,high,0.997
2000,2000,SHELBY,081 4,8412,008194,0.00037077,shelby_alias_name,high,0.997
2000,2000,SHELBY,081 4,8412,008245,0.00019529,shelby_alias_name,high,0.997
2000,2000,SHELBY,081 4,8412,008221,5.02e-05,shelby_alias_name,high,0.997
2000,2000,SHELBY,081 5,8416,008221,0.95396638,shelby_alias_name,high,0.997
2000,2000,SHELBY,081 5,8416,008090,0.03958612,shelby_alias_name,high,0.997
2000,2000,SHELBY,081 5,8416,008268,0.0038629,shelby_alias_name,high,0.997
2000,2000,SHELBY,081 5,8416,008086,0.001104,shelby_alias_name,high,0.997
2000,2000,SHELBY,081 5,8416,008245,0.00085823,shelby_alias_name,high,0.997
2000,2000,SHELBY,081 5,8416,008222,0.00043992,shelby_alias_name,high,0.997
2000,2000,SHELBY,081 5,8416,008082,0.00018223,shelby_alias_name,high,0.997
2000,2000,SHELBY,081 5,8416,008251,2.3e-07,shelby_alias_name,high,0.997
2000,2000,SHELBY,081 6,8420,008217,0.90980934,shelby_alias_name,high,0.997
2000,2000,SHELBY,081 6,8420,008216,0.08905327,shelby_alias_name,high,0.997
2000,2000,SHELBY,081 6,8420,008222,0.00042806,shelby_alias_name,high,0.997
2000,2000,SHELBY,081 6,8420,008219,0.00034417,shelby_alias_name,high,0.997
2000,2000,SHELBY,081 6,8420,008086,0.00028627,shelby_alias_name,high,0.997
2000,2000,SHELBY,081 6,8420,008178,6.637e-05,shelby_alias_name,high,0.997
2000,2000,SHELBY,081 6,8420,008180,1.253e-05,shelby_alias_name,high,0.997
2000,2000,SHELBY,081 7,8424,008222,0.64541736,shelby_alias_name,high,0.997
2000,2000,SHELBY,081 7,8424,008219,0.35335419,shelby_alias_name,high,0.997
2000,2000,SHELBY,081 7,8424,008086,0.00122843,shelby_alias_name,high,0.997
2000,2000,SHELBY,081 7,8424,008221,2e-08,shelby_alias_name,high,0.997
2000,2000,SHELBY,081 8,8426,008222,0.99200398,shelby_alias_name,high,0.997
2000,2000,SHELBY,081 8,8426,008221,0.00799602,shelby_alias_name,high,0.997
2000,2000,SHELBY,082 1,8428,008203,0.99862627,shelby_alias_name,high,0.997
2000,2000,SHELBY,082 1,8428,008145,0.00063957,shelby_alias_name,high,0.997
2000,2000,SHELBY,082 1,8428,008200,0.00040202,shelby_alias_name,high,0.997
2000,2000,SHELBY,082 1,8428,008202,0.000247,shelby_alias_name,high,0.997
2000,2000,SHELBY,082 1,8428,008224,8.515e-05,shelby_alias_name,high,0.997
2000,2000,SHELBY,082 2,8432,008224,0.99945413,shelby_alias_name,high,0.997
2000,2000,SHELBY,082 2,8432,008201,0.00039179,shelby_alias_name,high,0.997
2000,2000,SHELBY,082 2,8432,008145,0.00011874,shelby_alias_name,high,0.997
2000,2000,SHELBY,082 2,8432,008202,2.008e-05,shelby_alias_name,high,0.997
2000,2000,SHELBY,082 2,8432,008203,1.525e-05,shelby_alias_name,high,0.997
2000,2000,SHELBY,082 3,8436,008202,0.99950651,shelby_alias_name,high,0.997
2000,2000,SHELBY,082 3,8436,008203,0.00026447,shelby_alias_name,high,0.997
2000,2000,SHELBY,082 3,8436,008224,0.00022902,shelby_alias_name,high,0.997
2000,2000,SHELBY,083,8440,008226,0.84931749,shelby_alias_name,high,0.997
2000,2000,SHELBY,083,8440,008172,0.08737014,shelby_alias_name,high,0.997
2000,2000,SHELBY,083,8440,008131,0.0613647,shelby_alias_name,high,0.997
2000,2000,SHELBY,083,8440,008240,0.00122119,shelby_alias_name,high,0.997
2000,2000,SHELBY,083,8440,008234,0.0007153,shelby_alias_name,high,0.997
2000,2000,SHELBY,083,8440,008190,1.119e-05,shelby_alias_name,high,0.997
2000,2000,SHELBY,084 1,8444,008240,0.99836111,shelby_alias_name,high,0.997
2000,2000,SHELBY,084 1,8444,008226,0.00093401,shelby_alias_name,high,0.997
2000,2000,SHELBY,084 1,8444,008229,0.00041919,shelby_alias_name,high,0.997
2000,2000,SHELBY,084 1,8444,008228,0.00028568,shelby_alias_name,high,0.997
2000,2000,SHELBY,084 2,8448,008228,0.99686572,shelby_alias_name,high,0.997
2000,2000,SHELBY,084 2,8448,008240,0.00217237,shelby_alias_name,high,0.997
2000,2000,SHELBY,084 2,8448,008189,0.00067392,shelby_alias_name,high,0.997
2000,2000,SHELBY,084 2,8448,008190,0.00028763,shelby_alias_name,high,0.997
2000,2000,SHELBY,084 2,8448,008239,3.6e-07,shelby_alias_name,high,0.997
2000,2000,SHELBY,085,8452,008229,0.99775876,shelby_alias_name,high,0.997
2000,2000,SHELBY,085,8452,008231,0.00112832,shelby_alias_name,high,0.997
2000,2000,SHELBY,085,8452,008240,0.00104716,shelby_alias_name,high,0.997
2000,2000,SHELBY,085,8452,008234,6.577e-05,shelby_alias_name,high,0.997
2000,2000,SHELBY,086,8460,008229,0.97905448,shelby_alias_name,high,0.997
2000,2000,SHELBY,086,8460,008061,0.01922161,shelby_alias_name,high,0.997
2000,2000,SHELBY,086,8460,008239,0.00097495,shelby_alias_name,high,0.997
2000,2000,SHELBY,086,8460,008240,0.00071005,shelby_alias_name,high,0.997
2000,2000,SHELBY,086,8460,008231,3.891e-05,shelby_alias_name,high,0.997
2000,2000,SHELBY,087 1,8464,008231,0.99963536,shelby_alias_name,high,0.997
2000,2000,SHELBY,087 1,8464,008229,0.00032661,shelby_alias_name,high,0.997
2000,2000,SHELBY,087 1,8464,008234,2.032e-05,shelby_alias_name,high,0.997
2000,2000,SHELBY,087 1,8464,008061,1.353e-05,shelby_alias_name,high,0.997
2000,2000,SHELBY,087 1,8464,008064,4.18e-06,shelby_alias_name,high,0.997
2000,2000,SHELBY,087 2,8468,008231,0.99062033,shelby_alias_name,high,0.997
2000,2000,SHELBY,087 2,8468,008064,0.00933331,shelby_alias_name,high,0.997
2000,2000,SHELBY,087 2,8468,008057,4.636e-05,shelby_alias_name,high,0.997
2000,2000,SHELBY,087 3,8472,008231,0.99737225,shelby_alias_name,high,0.997
2000,2000,SHELBY,087 3,8472,008057,0.00260043,shelby_alias_name,high,0.997
2000,2000,SHELBY,087 3,8472,008232,2.732e-05,shelby_alias_name,high,0.997
2000,2000,SHELBY,088 1,8476,008233,0.80064948,shelby_alias_name,high,0.997
2000,2000,SHELBY,088 1,8476,008152,0.19842334,shelby_alias_name,high,0.997
2000,2000,SHELBY,088 1,8476,008236,0.00045306,shelby_alias_name,high,0.997
2000,2000,SHELBY,088 1,8476,008232,0.00042981,shelby_alias_name,high,0.997
2000,2000,SHELBY,088 1,8476,008234,4.431e-05,shelby_alias_name,high,0.997
2000,2000,SHELBY,088 2,8480,008232,0.99782528,shelby_alias_name,high,0.997
2000,2000,SHELBY,088 2,8480,008233,0.00110029,shelby_alias_name,high,0.997
2000,2000,SHELBY,088 2,8480,008057,0.00098788,shelby_alias_name,high,0.997
2000,2000,SHELBY,088 2,8480,008231,8.655e-05,shelby_alias_name,high,0.997
2000,2000,SHELBY,088 3,8484,008233,0.99813954,shelby_alias_name,high,0.997
2000,2000,SHELBY,088 3,8484,008053,0.00083085,shelby_alias_name,high,0.997
2000,2000,SHELBY,088 3,8484,008236,0.00073169,shelby_alias_name,high,0.997
2000,2000,SHELBY,088 3,8484,008057,0.00029792,shelby_alias_name,high,0.997
2000,2000,SHELBY,088 3,8484,008232,1e-08,shelby_alias_name,high,0.997
2000,2000,SHELBY,088 4,8570,008234,0.99536202,shelby_alias_name,high,0.997
2000,2000,SHELBY,088 4,8570,008231,0.00319322,shelby_alias_name,high,0.997
2000,2000,SHELBY,088 4,8570,008232,0.00143053,shelby_alias_name,high,0.997
2000,2000,SHELBY,088 4,8570,008229,1.405e-05,shelby_alias_name,high,0.997
2000,2000,SHELBY,088 4,8570,008226,1.8e-07,shelby_alias_name,high,0.997
2000,2000,SHELBY,088 5,8574,008234,0.99773871,shelby_alias_name,high,0.997
2000,2000,SHELBY,088 5,8574,008172,0.00152466,shelby_alias_name,high,0.997
2000,2000,SHELBY,088 5,8574,008233,0.0006853,shelby_alias_name,high,0.997
2000,2000,SHELBY,088 5,8574,008226,5.088e-05,shelby_alias_name,high,0.997
2000,2000,SHELBY,088 5,8574,008152,4.4e-07,shelby_alias_name,high,0.997
2000,2000,SHELBY,089 1,8488,008236,0.99991013,shelby_alias_name,high,0.997
2000,2000,SHELBY,089 1,8488,008233,5.698e-05,shelby_alias_name,high,0.997
2000,2000,SHELBY,089 1,8488,008053,2.12e-05,shelby_alias_name,high,0.997
2000,2000,SHELBY,089 1,8488,008237,9.83e-06,shelby_alias_name,high,0.997
2000,2000,SHELBY,089 1,8488,008252,1.82e-06,shelby_alias_name,high,0.997
2000,2000,SHELBY,089 1,8488,008179,5e-08,shelby_alias_name,high,0.997
2000,2000,SHELBY,089 2,8492,008237,0.99957982,shelby_alias_name,high,0.997
2000,2000,SHELBY,089 2,8492,008179,0.00039587,shelby_alias_name,high,0.997
2000,2000,SHELBY,089 2,8492,008078,2.431e-05,shelby_alias_name,high,0.997
2000,2000,SHELBY,089 3,8494,008237,0.94946506,shelby_alias_name,high,0.997
2000,2000,SHELBY,089 3,8494,008236,0.03302702,shelby_alias_name,high,0.997
2000,2000,SHELBY,089 3,8494,008179,0.01750792,shelby_alias_name,high,0.997
2000,2000,SHELBY,090 1,8496,008239,0.99832245,shelby_alias_name,high,0.997
2000,2000,SHELBY,090 1,8496,008098,0.00112225,shelby_alias_name,high,0.997
2000,2000,SHELBY,090 1,8496,008187,0.00033582,shelby_alias_name,high,0.997
2000,2000,SHELBY,090 1,8496,008240,0.00011515,shelby_alias_name,high,0.997
2000,2000,SHELBY,090 1,8496,008228,8.478e-05,shelby_alias_name,high,0.997
2000,2000,SHELBY,090 1,8496,008189,1.955e-05,shelby_alias_name,high,0.997
2000,2000,SHELBY,090 2,8500,008239,0.99045302,shelby_alias_name,high,0.997
2000,2000,SHELBY,090 2,8500,008061,0.00757256,shelby_alias_name,high,0.997
2000,2000,SHELBY,090 2,8500,008240,0.00099106,shelby_alias_name,high,0.997
2000,2000,SHELBY,090 2,8500,008099,0.00081882,shelby_alias_name,high,0.997
2000,2000,SHELBY,090 2,8500,008229,0.0001642,shelby_alias_name,high,0.997
2000,2000,SHELBY,090 2,8500,008098,3.4e-07,shelby_alias_name,high,0.997
2000,2000,SHELBY,090 3,8504,008240,0.99716177,shelby_alias_name,high,0.997
2000,2000,SHELBY,090 3,8504,008239,0.002136,shelby_alias_name,high,0.997
2000,2000,SHELBY,090 3,8504,008229,0.00064671,shelby_alias_name,high,0.997
2000,2000,SHELBY,090 3,8504,008228,5.552e-05,shelby_alias_name,high,0.997
2000,2000,SHELBY,091 01,7459,008241,0.99806927,shelby_alias_name,high,0.997
2000,2000,SHELBY,091 01,7459,008242,0.00092967,shelby_alias_name,high,0.997
2000,2000,SHELBY,091 01,7459,008237,0.00058116,shelby_alias_name,high,0.997
2000,2000,SHELBY,091 01,7459,008257,0.00021066,shelby_alias_name,high,0.997
2000,2000,SHELBY,091 01,7459,008078,0.00018014,shelby_alias_name,high,0.997
2000,2000,SHELBY,091 01,7459,008077,2.249e-05,shelby_alias_name,high,0.997
2000,2000,SHELBY,091 01,7459,008256,6.62e-06,shelby_alias_name,high,0.997
2000,2000,SHELBY,091 02,7462,008242,0.99809043,shelby_alias_name,high,0.997
2000,2000,SHELBY,091 02,7462,008241,0.00083393,shelby_alias_name,high,0.997
2000,2000,SHELBY,091 02,7462,008080,0.00050525,shelby_alias_name,high,0.997
2000,2000,SHELBY,091 02,7462,008076,0.00042489,shelby_alias_name,high,0.997
2000,2000,SHELBY,091 02,7462,008258,0.0001455,shelby_alias_name,high,0.997
2000,2000,SHELBY,091 03,7450,008080,0.99614727,shelby_alias_name,high,0.997
2000,2000,SHELBY,091 03,7450,008242,0.00373639,shelby_alias_name,high,0.997
2000,2000,SHELBY,091 03,7450,008237,0.00011634,shelby_alias_name,high,0.997
2000,2000,SHELBY,092 1,7428,008243,0.99783795,shelby_alias_name,high,0.997
2000,2000,SHELBY,092 1,7428,008195,0.00107977,shelby_alias_name,high,0.997
2000,2000,SHELBY,092 1,7428,008246,0.00106831,shelby_alias_name,high,0.997
2000,2000,SHELBY,092 1,7428,008250,1.397e-05,shelby_alias_name,high,0.997
2000,2000,SHELBY,092 2,7429,008244,0.99990991,shelby_alias_name,high,0.997
2000,2000,SHELBY,092 2,7429,008199,3.914e-05,shelby_alias_name,high,0.997
2000,2000,SHELBY,092 2,7429,008168,2.336e-05,shelby_alias_name,high,0.997
2000,2000,SHELBY,092 2,7429,008266,1.489e-05,shelby_alias_name,high,0.997
2000,2000,SHELBY,092 2,7429,008250,1.258e-05,shelby_alias_name,high,0.997
2000,2000,SHELBY,092 2,7429,008243,1.2e-07,shelby_alias_name,high,0.997
2000,2000,SHELBY,092 3,7430,008243,0.99707303,shelby_alias_name,high,0.997
2000,2000,SHELBY,092 3,7430,008199,0.0020766,shelby_alias_name,high,0.997
2000,2000,SHELBY,092 3,7430,008244,0.00080205,shelby_alias_name,high,0.997
2000,2000,SHELBY,092 3,7430,008250,4.832e-05,shelby_alias_name,high,0.997
2000,2000,SHELBY,093 1,7512,008245,0.55976404,shelby_alias_name,high,0.997
2000,2000,SHELBY,093 1,7512,008194,0.43617407,shelby_alias_name,high,0.997
2000,2000,SHELBY,093 1,7512,008222,0.00246357,shelby_alias_name,high,0.997
2000,2000,SHELBY,093 1,7512,008246,0.00159733,shelby_alias_name,high,0.997
2000,2000,SHELBY,093 1,7512,008195,9.8e-07,shelby_alias_name,high,0.997
2000,2000,SHELBY,093 2,7516,008245,0.9960602,shelby_alias_name,high,0.997
2000,2000,SHELBY,093 2,7516,008221,0.0027156,shelby_alias_name,high,0.997
2000,2000,SHELBY,093 2,7516,008251,0.00115023,shelby_alias_name,high,0.997
2000,2000,SHELBY,093 2,7516,008246,4.172e-05,shelby_alias_name,high,0.997
2000,2000,SHELBY,093 2,7516,008248,3.065e-05,shelby_alias_name,high,0.997
2000,2000,SHELBY,093 2,7516,008250,1.59e-06,shelby_alias_name,high,0.997
2000,2000,SHELBY,093 3,7520,008246,0.99776973,shelby_alias_name,high,0.997
2000,2000,SHELBY,093 3,7520,008245,0.0012388,shelby_alias_name,high,0.997
2000,2000,SHELBY,093 3,7520,008250,0.0009501,shelby_alias_name,high,0.997
2000,2000,SHELBY,093 3,7520,008195,3.73e-05,shelby_alias_name,high,0.997
2000,2000,SHELBY,093 3,7520,008243,4.07e-06,shelby_alias_name,high,0.997
2000,2000,SHELBY,094 1,8536,008250,0.9992663,shelby_alias_name,high,0.997
2000,2000,SHELBY,094 1,8536,008248,0.00067632,shelby_alias_name,high,0.997
2000,2000,SHELBY,094 1,8536,008245,5.738e-05,shelby_alias_name,high,0.997
2000,2000,SHELBY,094 2,8544,008250,0.99837949,shelby_alias_name,high,0.997
2000,2000,SHELBY,094 2,8544,008244,0.00099719,shelby_alias_name,high,0.997
2000,2000,SHELBY,094 2,8544,008248,0.00062332,shelby_alias_name,high,0.997
2000,2000,SHELBY,094 3,8552,008248,0.99752583,shelby_alias_name,high,0.997
2000,2000,SHELBY,094 3,8552,008244,0.00237268,shelby_alias_name,high,0.997
2000,2000,SHELBY,094 3,8552,008250,8.359e-05,shelby_alias_name,high,0.997
2000,2000,SHELBY,094 3,8552,008266,1.012e-05,shelby_alias_name,high,0.997
2000,2000,SHELBY,094 3,8552,008251,7.77e-06,shelby_alias_name,high,0.997
2000,2000,SHELBY,094 4,8556,008250,0.99985969,shelby_alias_name,high,0.997
2000,2000,SHELBY,094 4,8556,008243,0.00014031,shelby_alias_name,high,0.997
2000,2000,SHELBY,094 5,8560,008248,0.99950626,shelby_alias_name,high,0.997
2000,2000,SHELBY,094 5,8560,008250,0.00047442,shelby_alias_name,high,0.997
2000,2000,SHELBY,094 5,8560,008251,1.909e-05,shelby_alias_name,high,0.997
2000,2000,SHELBY,094 5,8560,008245,2.3e-07,shelby_alias_name,high,0.997
2000,2000,SHELBY,094 6,8561,008244,0.99764785,shelby_alias_name,high,0.997
2000,2000,SHELBY,094 6,8561,008250,0.00193941,shelby_alias_name,high,0.997
2000,2000,SHELBY,094 6,8561,008248,0.00022151,shelby_alias_name,high,0.997
2000,2000,SHELBY,094 6,8561,008266,0.00019123,shelby_alias_name,high,0.997
2000,2000,SHELBY,094 7,8554,008250,1.0,shelby_alias_name,high,0.997
2000,2000,SHELBY,100 ARL,0100,0100,1.0,token_vtd,high,1.0
2000,2000,SHELBY,101 01 BAR 01,0101,0101,1.0,token_vtd,high,1.0
2000,2000,SHELBY,101 02 BAR 02,0101,0101,1.0,token_vtd,high,1.0
2000,2000,SHELBY,101 03 BAR 03,0101,0101,1.0,token_vtd,high,1.0
2000,2000,SHELBY,101 04 BAR 04,0101,0101,1.0,token_vtd,high,1.0
2000,2000,SHELBY,101 05 BAR 05,0101,0101,1.0,token_vtd,high,1.0
2000,2000,SHELBY,101 06 BAR 06,0101,0101,1.0,token_vtd,high,1.0
2000,2000,SHELBY,101 07 BAR 07,0101,0101,1.0,token_vtd,high,1.0
2000,2000,SHELBY,101 08 BAR 08,0101,0101,1.0,token_vtd,high,1.0
2000,2000,SHELBY,101 09 BAR 09,0101,0101,1.0,token_vtd,high,1.0
2000,2000,SHELBY,101 10 BAR 10,0101,0101,1.0,token_vtd,high,1.0
2000,2000,SHELBY,101 11 BAR 11,0101,0101,1.0,token_vtd,high,1.0
2000,2000,SHELBY,101 12 BAR 12,0101,0101,1.0,token_vtd,high,1.0
2000,2000,SHELBY,102 1 BRU 1,0102,0102,1.0,token_vtd,high,1.0
2000,2000,SHELBY,102 2 BRU 2,0102,0102,1.0,token_vtd,high,1.0
2000,2000,SHELBY,103 1 CAP 1,0103,0103,1.0,token_vtd,high,1.0
2000,2000,SHELBY,103 2 CAP 5,0103,0103,1.0,token_vtd,high,1.0
2000,2000,SHELBY,104 1 COL 1,0104,0104,1.0,token_vtd,high,1.0
2000,2000,SHELBY,104 2 COL 2,0104,0104,1.0,token_vtd,high,1.0
2000,2000,SHELBY,104 3 COL 3,0104,0104,1.0,token_vtd,high,1.0
2000,2000,SHELBY,104 4 COL 4,0104,0104,1.0,token_vtd,high,1.0
2000,2000,SHELBY,104 5 COL 5,0104,0104,1.0,token_vtd,high,1.0
2000,2000,SHELBY,104 6 COL 6,0104,0104,1.0,token_vtd,high,1.0
2000,2000,SHELBY,105 01 COR 1,0105,0105,1.0,token_vtd,high,1.0
2000,2000,SHELBY,105 02 COR 2,0105,0105,1.0,token_vtd,high,1.0
2000,2000,SHELBY,105 03 COR 3,0105,0105,1.0,token_vtd,high,1.0
2000,2000,SHELBY,105 04 COR 4,0105,0105,1.0,token_vtd,high,1.0
2000,2000,SHELBY,105 05 COR 5,0105,0105,1.0,token_vtd,high,1.0
2000,2000,SHELBY,105 06 COR 6,0105,0105,1.0,token_vtd,high,1.0
2000,2000,SHELBY,105 07 COR 7,0105,0105,1.0,token_vtd,high,1.0
2000,2000,SHELBY,105 08 COR 8,0105,0105,1.0,token_vtd,high,1.0
2000,2000,SHELBY,105 09 COR 9,0105,0105,1.0,token_vtd,high,1.0
2000,2000,SHELBY,105 10 COR 10,0105,0105,1.0,token_vtd,high,1.0
2000,2000,SHELBY,105 11 COR 11,0105,0105,1.0,token_vtd,high,1.0
2000,2000,SHELBY,106 EAD,0106,0106,1.0,token_vtd,high,1.0
2000,2000,SHELBY,107 FOR,0107,0107,1.0,token_vtd,high,1.0
2000,2000,SHELBY,108 01 GER 01,0108,0108,1.0,token_vtd,high,1.0
2000,2000,SHELBY,108 02 GER 02,0108,0108,1.0,token_vtd,high,1.0
2000,2000,SHELBY,108 03 GER 03,0108,0108,1.0,token_vtd,high,1.0
2000,2000,SHELBY,108 04 GER 04,0108,0108,1.0,token_vtd,high,1.0
2000,2000,SHELBY,108 05 GER 05,0108,0108,1.0,token_vtd,high,1.0
2000,2000,SHELBY,108 06 GER 06,0108,0108,1.0,token_vtd,high,1.0
2000,2000,SHELBY,108 07 GER 07,0108,0108,1.0,token_vtd,high,1.0
2000,2000,SHELBY,108 08 GER 08,0108,0108,1.0,token_vtd,high,1.0
2000,2000,SHELBY,108 09 GER 09,0108,0108,1.0,token_vtd,high,1.0
2000,2000,SHELBY,108 10 GER 10,0108,0108,1.0,token_vtd,high,1.0
2000,2000,SHELBY,108 11 GER 11,0108,0108,1.0,token_vtd,high,1.0
2000,2000,SHELBY,108 12 GER 12,0108,0108,1.0,token_vtd,high,1.0
2000,2000,SHELBY,109 KER,0109,0109,1.0,token_vtd,high,1.0
2000,2000,SHELBY,110 1 LAK 1,0110,0110,1.0,token_vtd,high,1.0
2000,2000,SHELBY,110 2 LAK 2,0110,0110,1.0,token_vtd,high,1.0
2000,2000,SHELBY,111 LOC,0111,0111,1.0,token_vtd,high,1.0
2000,2000,SHELBY,112 1 LUC 1,0112,0112,1.0,token_vtd,high,1.0
2000,2000,SHELBY,112 2 LUC 2,0112,0112,1.0,token_vtd,high,1.0
2000,2000,SHELBY,113 MCC,0113,0113,1.0,token_vtd,high,1.0
2000,2000,SHELBY,114 1 MIL 1,0114,0114,1.0,token_vtd,high,1.0
2000,2000,SHELBY,114 2 MIL 2,0114,0114,1.0,token_vtd,high,1.0
2000,2000,SHELBY,114 3 MIL 3,0114,0114,1.0,token_vtd,high,1.0
2000,2000,SHELBY,114 4 MIL 4,0114,0114,1.0,token_vtd,high,1.0
2000,2000,SHELBY,115 MOR,0115,0115,1.0,token_vtd,high,1.0
2000,2000,SHELBY,116 1 ROS 01,0116,0116,1.0,token_vtd,high,1.0
2000,2000,SHELBY,116 2 ROS 05,0116,0116,1.0,token_vtd,high,1.0
2000,2000,SHELBY,116 3 ROS 10,0116,0116,1.0,token_vtd,high,1.0
2000,2000,SHELBY,116 4 ROS 12,0116,0116,1.0,token_vtd,high,1.0
2000,2000,SHELBY,116 5 ROS 13,0116,0116,1.0,token_vtd,high,1.0
2000,2000,SHELBY,116 6 ROS 14,0116,0116,1.0,token_vtd,high,1.0
2000,2000,SHELBY,117 STE,0117,0117,1.0,token_vtd,high,1.0
2000,2000,SHELBY,118 WOO 1,0118,0118,1.0,token_vtd,high,1.0
2000,2000,SHELBY,119 WOO 2,0119,0119,1.0,token_vtd,high,1.0
2000,2000,SMITH,01 1 PLEASANT SHA,8576,008303,0.99991429,code_token_name,high,0.993
2000,2000,SMITH,01 1 PLEASANT SHA,8576,008307,8.571e-05,code_token_name,high,0.993
2000,2000,SMITH,01 2 DIFFICULT,8576,008303,0.99991429,exact_name,high,1.0
2000,2000,SMITH,01 2 DIFFICULT,8576,008307,8.571e-05,exact_name,high,1.0
2000,2000,SMITH,02 1 DIXON SPRINGS,8580,008308,0.99938376,exact_name,high,1.0
2000,2000,SMITH,02 1 DIXON SPRINGS,8580,008303,0.00031054,exact_name,high,1.0
2000,2000,SMITH,02 1 DIXON SPRINGS,8580,008301,0.00030571,exact_name,high,1.0
2000,2000,SMITH,02 2 MONOVILLE,8628,008308,0.81300397,exact_name,high,1.0
2000,2000,SMITH,02 2 MONOVILLE,8628,008303,0.18699603,exact_name,high,1.0
2000,2000,SMITH,02 3 TANGLEWOOD,8636,008308,0.99764476,exact_name,high,1.0
2000,2000,SMITH,02 3 TANGLEWOOD,8636,008301,0.00134235,exact_name,high,1.0
2000,2000,SMITH,02 3 TANGLEWOOD,8636,008306,0.00063429,exact_name,high,1.0
2000,2000,SMITH,02 3 TANGLEWOOD,8636,008305,0.0003786,exact_name,high,1.0
2000,2000,SMITH,03 DEFEATED,8584,008303,0.99896915,exact_name,high,1.0
2000,2000,SMITH,03 DEFEATED,8584,008307,0.00079331,exact_name,high,1.0
2000,2000,SMITH,03 DEFEATED,8584,008308,0.00023753,exact_name,high,1.0
2000,2000,SMITH,04 1 ROCK CITY,8588,008301,0.99922795,exact_name,high,1.0
2000,2000,SMITH,04 1 ROCK CITY,8588,008306,0.00035337,exact_name,high,1.0
2000,2000,SMITH,04 1 ROCK CITY,8588,008308,0.00027612,exact_name,high,1.0
2000,2000,SMITH,04 1 ROCK CITY,8588,008302,0.00014255,exact_name,high,1.0
2000,2000,SMITH,04 2 NEW MIDDLETO,8588,008301,0.99922795,code_token_name,high,0.993
2000,2000,SMITH,04 2 NEW MIDDLETO,8588,008306,0.00035337,code_token_name,high,0.993
2000,2000,SMITH,04 2 NEW MIDDLETO,8588,008308,0.00027612,code_token_name,high,0.993
2000,2000,SMITH,04 2 NEW MIDDLETO,8588,008302,0.00014255,code_token_name,high,0.993
2000,2000,SMITH,05 CARTHAGE COUR,8632,008308,0.90465464,code_token_name,high,0.993
2000,2000,SMITH,05 CARTHAGE COUR,8632,008305,0.09444566,code_token_name,high,0.993
2000,2000,SMITH,05 CARTHAGE COUR,8632,008307,0.00058116,code_token_name,high,0.993
2000,2000,SMITH,05 CARTHAGE COUR,8632,008303,0.00016581,code_token_name,high,0.993
2000,2000,SMITH,05 CARTHAGE COUR,8632,008306,0.00015273,code_token_name,high,0.993
2000,2000,SMITH,06 CARTHAGE FIRE D,8640,008305,0.9982082,code_token_name,high,0.993
2000,2000,SMITH,06 CARTHAGE FIRE D,8640,008307,0.00091307,code_token_name,high,0.993
2000,2000,SMITH,06 CARTHAGE FIRE D,8640,008308,0.00070526,code_token_name,high,0.993
2000,2000,SMITH,06 CARTHAGE FIRE D,8640,008306,0.00017346,code_token_name,high,0.993
2000,2000,SMITH,07 SOUTH CARTHAG,8600,008306,0.69971174,code_token_name,high,0.993
2000,2000,SMITH,07 SOUTH CARTHAG,8600,008307,0.17950109,code_token_name,high,0.993
2000,2000,SMITH,07 SOUTH CARTHAG,8600,008302,0.11987026,code_token_name,high,0.993
2000,2000,SMITH,07 SOUTH CARTHAG,8600,008301,0.00032152,code_token_name,high,0.993
2000,2000,SMITH,07 SOUTH CARTHAG,8600,008304,0.00021964,code_token_name,high,0.993
2000,2000,SMITH,07 SOUTH CARTHAG,8600,008308,0.00018836,code_token_name,high,0.993
2000,2000,SMITH,07 SOUTH CARTHAG,8600,008305,0.00018739,code_token_name,high,0.993
2000,2000,SMITH,08 1 ELMWOOD,8604,008307,0.99894148,exact_name,high,1.0
2000,2000,SMITH,08 1 ELMWOOD,8604,008303,0.00049001,exact_name,high,1.0
2000,2000,SMITH,08 1 ELMWOOD,8604,008304,0.00024122,exact_name,high,1.0
2000,2000,SMITH,08 1 ELMWOOD,8604,008308,0.00021302,exact_name,high,1.0
2000,2000,SMITH,08 1 ELMWOOD,8604,008305,6.974e-05,exact_name,high,1.0
2000,2000,SMITH,08 1 ELMWOOD,8604,008306,4.452e-05,exact_name,high,1.0
2000,2000,SMITH,08 2 CHESTNUT MOU,8604,008307,0.99894148,code_token_name,high,0.993
2000,2000,SMITH,08 2 CHESTNUT MOU,8604,008303,0.00049001,code_token_name,high,0.993
2000,2000,SMITH,08 2 CHESTNUT MOU,8604,008304,0.00024122,code_token_name,high,0.993
2000,2000,SMITH,08 2 CHESTNUT MOU,8604,008308,0.00021302,code_token_name,high,0.993
2000,2000,SMITH,08 2 CHESTNUT MOU,8604,008305,6.974e-05,code_token_name,high,0.993
2000,2000,SMITH,08 2 CHESTNUT MOU,8604,008306,4.452e-05,code_token_name,high,0.993
2000,2000,SMITH,09 GORDONSVILLE,8612,008304,0.94947203,exact_name,high,1.0
2000,2000,SMITH,09 GORDONSVILLE,8612,008302,0.04431011,exact_name,high,1.0
2000,2000,SMITH,09 GORDONSVILLE,8612,008306,0.00571521,exact_name,high,1.0
2000,2000,SMITH,09 GORDONSVILLE,8612,008307,0.00050264,exact_name,high,1.0
2000,2000,SMITH,10 1 HICKMAN,8644,008304,0.78868706,exact_name,high,1.0
2000,2000,SMITH,10 1 HICKMAN,8644,008302,0.21131294,exact_name,high,1.0
2000,2000,SMITH,10 2 BRUSH CREEK,8616,008302,0.98866331,exact_name,high,1.0
2000,2000,SMITH,10 2 BRUSH CREEK,8616,008304,0.01133669,exact_name,high,1.0
2000,2000,SMITH,10 3 LANCASTER,8620,008304,0.99909144,exact_name,high,1.0
2000,2000,SMITH,10 3 LANCASTER,8620,008307,0.00090856,exact_name,high,1.0
2000,2000,STEWART,1 1 INDIAN MOUND,8680,008404,0.99936534,exact_name,high,1.0
2000,2000,STEWART,1 1 INDIAN MOUND,8680,008401,0.00033312,exact_name,high,1.0
2000,2000,STEWART,1 1 INDIAN MOUND,8680,008407,0.00013737,exact_name,high,1.0
2000,2000,STEWART,1 1 INDIAN MOUND,8680,008406,0.00010667,exact_name,high,1.0
2000,2000,STEWART,1 1 INDIAN MOUND,8680,008402,5.75e-05,exact_name,high,1.0
2000,2000,STEWART,2 1 BIG ROCK,8648,008401,0.99918504,exact_name,high,1.0
2000,2000,STEWART,2 1 BIG ROCK,8648,008403,0.00045111,exact_name,high,1.0
2000,2000,STEWART,2 1 BIG ROCK,8648,008404,0.00026519,exact_name,high,1.0
2000,2000,STEWART,2 1 BIG ROCK,8648,008402,9.866e-05,exact_name,high,1.0
2000,2000,STEWART,3 1 BUMPUS MILLS,8656,008402,0.76938709,exact_name,high,1.0
2000,2000,STEWART,3 1 BUMPUS MILLS,8656,008403,0.23039167,exact_name,high,1.0
2000,2000,STEWART,3 1 BUMPUS MILLS,8656,008401,0.0001963,exact_name,high,1.0
2000,2000,STEWART,3 1 BUMPUS MILLS,8656,008405,2.494e-05,exact_name,high,1.0
2000,2000,STEWART,4 1 CHURCH STREET,8664,008402,0.99658213,exact_name,high,1.0
2000,2000,STEWART,4 1 CHURCH STREET,8664,008405,0.00279283,exact_name,high,1.0
2000,2000,STEWART,4 1 CHURCH STREET,8664,008401,0.0002847,exact_name,high,1.0
2000,2000,STEWART,4 1 CHURCH STREET,8664,008404,0.00022469,exact_name,high,1.0
2000,2000,STEWART,4 1 CHURCH STREET,8664,008406,7.495e-05,exact_name,high,1.0
2000,2000,STEWART,4 1 CHURCH STREET,8664,008403,4.071e-05,exact_name,high,1.0
2000,2000,STEWART,5 1 NATCOR DRIVE,8672,008405,0.69986549,exact_name,high,1.0
2000,2000,STEWART,5 1 NATCOR DRIVE,8672,008406,0.29991588,exact_name,high,1.0
2000,2000,STEWART,5 1 NATCOR DRIVE,8672,008402,0.00021863,exact_name,high,1.0
2000,2000,STEWART,5 2 LEATHERWOOD,8674,008405,0.99806524,exact_name,high,1.0
2000,2000,STEWART,5 2 LEATHERWOOD,8674,008406,0.00155567,exact_name,high,1.0
2000,2000,STEWART,5 2 LEATHERWOOD,8674,008407,0.00037909,exact_name,high,1.0
2000,2000,STEWART,6 1 HIGH SCHOOL,8660,008406,0.96230456,exact_name,high,1.0
2000,2000,STEWART,6 1 HIGH SCHOOL,8660,008407,0.03360208,exact_name,high,1.0
2000,2000,STEWART,6 1 HIGH SCHOOL,8660,008405,0.00385393,exact_name,high,1.0
2000,2000,STEWART,6 1 HIGH SCHOOL,8660,008404,0.00012621,exact_name,high,1.0
2000,2000,STEWART,6 1 HIGH SCHOOL,8660,008402,0.00011322,exact_name,high,1.0
2000,2000,STEWART,7 1 CUMB CITY,8676,008407,0.9997838,code_token_name,high,0.993
2000,2000,STEWART,7 1 CUMB CITY,8676,008404,0.0002162,code_token_name,high,0.993
2000,2000,STEWART,7 2 CARLISLE,8678,008407,0.9190136,exact_name,high,1.0
2000,2000,STEWART,7 2 CARLISLE,8678,008406,0.08071195,exact_name,high,1.0
2000,2000,STEWART,7 2 CARLISLE,8678,008405,0.00026111,exact_name,high,1.0
2000,2000,STEWART,7 2 CARLISLE,8678,008404,1.333e-05,exact_name,high,1.0
2000,2000,SULLIVAN,01 S HOLSTON RURI,8696,008504,0.99969971,code_token_name,high,0.993
2000,2000,SULLIVAN,01 S HOLSTON RURI,8696,008507,0.00023327,code_token_name,high,0.993
2000,2000,SULLIVAN,01 S HOLSTON RURI,8696,008515,6.701e-05,code_token_name,high,0.993
2000,2000,SULLIVAN,02HV HOLSTON VIE,8700,008517,0.86326052,alpha_code_name,high,0.992
2000,2000,SULLIVAN,02HV HOLSTON VIE,8700,008504,0.07997441,alpha_code_name,high,0.992
2000,2000,SULLIVAN,02HV HOLSTON VIE,8700,008501,0.05676507,alpha_code_name,high,0.992
2000,2000,SULLIVAN,02VP VALLEY PIKE,8704,008504,0.95257481,alpha_code_name,high,0.992
2000,2000,SULLIVAN,02VP VALLEY PIKE,8704,008517,0.04672806,alpha_code_name,high,0.992
2000,2000,SULLIVAN,02VP VALLEY PIKE,8704,008501,0.00064594,alpha_code_name,high,0.992
2000,2000,SULLIVAN,02VP VALLEY PIKE,8704,008516,5.003e-05,alpha_code_name,high,0.992
2000,2000,SULLIVAN,02VP VALLEY PIKE,8704,008515,1.16e-06,alpha_code_name,high,0.992
2000,2000,SULLIVAN,03 HICKORY TREE FI,8708,008507,0.9853119,code_token_name,high,0.993
2000,2000,SULLIVAN,03 HICKORY TREE FI,8708,008504,0.01357037,code_token_name,high,0.993
2000,2000,SULLIVAN,03 HICKORY TREE FI,8708,008515,0.00111772,code_token_name,high,0.993
2000,2000,SULLIVAN,04A AVOCA SCHOOL,0006,0006,1.0,code_token_name,high,0.993
2000,2000,SULLIVAN,04OS AVOCA FIREHL,8716,008516,0.33939791,alpha_code_name,high,0.992
2000,2000,SULLIVAN,04OS AVOCA FIREHL,8716,008515,0.30119291,alpha_code_name,high,0.992
2000,2000,SULLIVAN,04OS AVOCA FIREHL,8716,008514,0.25759424,alpha_code_name,high,0.992
2000,2000,SULLIVAN,04OS AVOCA FIREHL,8716,008502,0.10132137,alpha_code_name,high,0.992
2000,2000,SULLIVAN,04OS AVOCA FIREHL,8716,008512,0.0002955,alpha_code_name,high,0.992
2000,2000,SULLIVAN,04OS AVOCA FIREHL,8716,008501,0.00019808,alpha_code_name,high,0.992
2000,2000,SULLIVAN,05N SULLIVAN CNTY,8720,008502,0.76726509,alpha_code_name,high,0.992
2000,2000,SULLIVAN,05N SULLIVAN CNTY,8720,008503,0.1164219,alpha_code_name,high,0.992
2000,2000,SULLIVAN,05N SULLIVAN CNTY,8720,008520,0.11584825,alpha_code_name,high,0.992
2000,2000,SULLIVAN,05N SULLIVAN CNTY,8720,008508,0.00046475,alpha_code_name,high,0.992
2000,2000,SULLIVAN,05S PUBLIC LIBRARY,8724,008502,0.84773461,alpha_code_name,high,0.992
2000,2000,SULLIVAN,05S PUBLIC LIBRARY,8724,008503,0.10053737,alpha_code_name,high,0.992
2000,2000,SULLIVAN,05S PUBLIC LIBRARY,8724,008520,0.04427311,alpha_code_name,high,0.992
2000,2000,SULLIVAN,05S PUBLIC LIBRARY,8724,008516,0.00680333,alpha_code_name,high,0.992
2000,2000,SULLIVAN,05S PUBLIC LIBRARY,8724,008514,0.00060973,alpha_code_name,high,0.992
2000,2000,SULLIVAN,05S PUBLIC LIBRARY,8724,008509,4.185e-05,alpha_code_name,high,0.992
2000,2000,SULLIVAN,06 CENTRAL HEIGHT,8728,008508,0.92818888,code_token_name,high,0.993
2000,2000,SULLIVAN,06 CENTRAL HEIGHT,8728,008502,0.07036781,code_token_name,high,0.993
2000,2000,SULLIVAN,06 CENTRAL HEIGHT,8728,008521,0.00101478,code_token_name,high,0.993
2000,2000,SULLIVAN,06 CENTRAL HEIGHT,8728,008520,0.00038082,code_token_name,high,0.993
2000,2000,SULLIVAN,06 CENTRAL HEIGHT,8728,008503,4.77e-05,code_token_name,high,0.993
2000,2000,SULLIVAN,07 INDIAN SPRINGS,8732,008520,0.93058341,code_token_name,high,0.993
2000,2000,SULLIVAN,07 INDIAN SPRINGS,8732,008509,0.0466197,code_token_name,high,0.993
2000,2000,SULLIVAN,07 INDIAN SPRINGS,8732,008519,0.01404489,code_token_name,high,0.993
2000,2000,SULLIVAN,07 INDIAN SPRINGS,8732,008522,0.00833361,code_token_name,high,0.993
2000,2000,SULLIVAN,07 INDIAN SPRINGS,8732,008508,0.00020642,code_token_name,high,0.993
2000,2000,SULLIVAN,07 INDIAN SPRINGS,8732,008521,0.00018855,code_token_name,high,0.993
2000,2000,SULLIVAN,07 INDIAN SPRINGS,8732,008502,2.342e-05,code_token_name,high,0.993
2000,2000,SULLIVAN,07C FIREHALL 3,0017,0017,1.0,code_token_name,high,0.993
2000,2000,SULLIVAN,08 BUFFALO RURITA,8740,008514,0.87102773,code_token_name,high,0.993
2000,2000,SULLIVAN,08 BUFFALO RURITA,8740,008513,0.11481149,code_token_name,high,0.993
2000,2000,SULLIVAN,08 BUFFALO RURITA,8740,008509,0.01032617,code_token_name,high,0.993
2000,2000,SULLIVAN,08 BUFFALO RURITA,8740,008502,0.00381803,code_token_name,high,0.993
2000,2000,SULLIVAN,08 BUFFALO RURITA,8740,008512,1.659e-05,code_token_name,high,0.993
2000,2000,SULLIVAN,09 PINEY FLATS FIRE,8744,008513,0.99718187,code_token_name,high,0.993
2000,2000,SULLIVAN,09 PINEY FLATS FIRE,8744,008512,0.00281813,code_token_name,high,0.993
2000,2000,SULLIVAN,10BD KETRON MS,8748,008521,0.99922442,alpha_code_name,high,0.992
2000,2000,SULLIVAN,10BD KETRON MS,8748,008508,0.00044397,alpha_code_name,high,0.992
2000,2000,SULLIVAN,10BD KETRON MS,8748,008505,0.00033161,alpha_code_name,high,0.992
2000,2000,SULLIVAN,11AJ A JOHNSON SC,8756,008506,0.98644315,alpha_code_name,high,0.992
2000,2000,SULLIVAN,11AJ A JOHNSON SC,8756,008510,0.01355685,alpha_code_name,high,0.992
2000,2000,SULLIVAN,11C KINGSPORT ANN,8760,008523,0.99576079,alpha_code_name,high,0.992
2000,2000,SULLIVAN,11C KINGSPORT ANN,8760,008522,0.00292482,alpha_code_name,high,0.992
2000,2000,SULLIVAN,11C KINGSPORT ANN,8760,008506,0.00131439,alpha_code_name,high,0.992
2000,2000,SULLIVAN,11CG CEDAR GROVE,8764,008505,0.99633904,alpha_code_name,high,0.992
2000,2000,SULLIVAN,11CG CEDAR GROVE,8764,008522,0.00314147,alpha_code_name,high,0.992
2000,2000,SULLIVAN,11CG CEDAR GROVE,8764,008511,0.00030333,alpha_code_name,high,0.992
2000,2000,SULLIVAN,11CG CEDAR GROVE,8764,008521,0.00021617,alpha_code_name,high,0.992
2000,2000,SULLIVAN,11D DICKSON CENTE,8768,008522,0.99228642,alpha_code_name,high,0.992
2000,2000,SULLIVAN,11D DICKSON CENTE,8768,008521,0.00386551,alpha_code_name,high,0.992
2000,2000,SULLIVAN,11D DICKSON CENTE,8768,008520,0.00267923,alpha_code_name,high,0.992
2000,2000,SULLIVAN,11D DICKSON CENTE,8768,008506,0.00116883,alpha_code_name,high,0.992
2000,2000,SULLIVAN,11E RENAISSANCE C,8772,008506,0.99315692,alpha_code_name,high,0.992
2000,2000,SULLIVAN,11E RENAISSANCE C,8772,008522,0.00512573,alpha_code_name,high,0.992
2000,2000,SULLIVAN,11E RENAISSANCE C,8772,008523,0.00171735,alpha_code_name,high,0.992
2000,2000,SULLIVAN,11G GRAVELY SCHO,8776,008505,0.7507537,alpha_code_name,high,0.992
2000,2000,SULLIVAN,11G GRAVELY SCHO,8776,008511,0.2492463,alpha_code_name,high,0.992
2000,2000,SULLIVAN,11J GRACE EVANGE,8780,008522,0.82697435,alpha_code_name,high,0.992
2000,2000,SULLIVAN,11J GRACE EVANGE,8780,008523,0.1126019,alpha_code_name,high,0.992
2000,2000,SULLIVAN,11J GRACE EVANGE,8780,008506,0.03612825,alpha_code_name,high,0.992
2000,2000,SULLIVAN,11J GRACE EVANGE,8780,008505,0.01535842,alpha_code_name,high,0.992
2000,2000,SULLIVAN,11J GRACE EVANGE,8780,008521,0.00809204,alpha_code_name,high,0.992
2000,2000,SULLIVAN,11J GRACE EVANGE,8780,008511,0.00084503,alpha_code_name,high,0.992
2000,2000,SULLIVAN,11R KINGSPORT CH,8784,008506,0.83131739,alpha_code_name,high,0.992
2000,2000,SULLIVAN,11R KINGSPORT CH,8784,008522,0.15670108,alpha_code_name,high,0.992
2000,2000,SULLIVAN,11R KINGSPORT CH,8784,008520,0.00903414,alpha_code_name,high,0.992
2000,2000,SULLIVAN,11R KINGSPORT CH,8784,008519,0.00294739,alpha_code_name,high,0.992
2000,2000,SULLIVAN,11S CIVIC AUDITORIU,8788,008506,0.99481405,alpha_code_name,high,0.992
2000,2000,SULLIVAN,11S CIVIC AUDITORIU,8788,008523,0.00510878,alpha_code_name,high,0.992
2000,2000,SULLIVAN,11S CIVIC AUDITORIU,8788,008510,7.717e-05,alpha_code_name,high,0.992
2000,2000,SULLIVAN,11W KINGSPORT LIB,8792,008523,0.77243873,alpha_code_name,high,0.992
2000,2000,SULLIVAN,11W KINGSPORT LIB,8792,008511,0.2249033,alpha_code_name,high,0.992
2000,2000,SULLIVAN,11W KINGSPORT LIB,8792,008506,0.00132833,alpha_code_name,high,0.992
2000,2000,SULLIVAN,11W KINGSPORT LIB,8792,008510,0.00083281,alpha_code_name,high,0.992
2000,2000,SULLIVAN,11W KINGSPORT LIB,8792,008524,0.00049684,alpha_code_name,high,0.992
2000,2000,SULLIVAN,12BR N KPT FIREHA,8796,008511,1.0,alpha_code_name,high,0.992
2000,2000,SULLIVAN,12CB RIDGEFIELDS,8800,008524,0.83809409,alpha_code_name,high,0.992
2000,2000,SULLIVAN,12CB RIDGEFIELDS,8800,008510,0.16069051,alpha_code_name,high,0.992
2000,2000,SULLIVAN,12CB RIDGEFIELDS,8800,008511,0.00105631,alpha_code_name,high,0.992
2000,2000,SULLIVAN,12CB RIDGEFIELDS,8800,008523,0.00015909,alpha_code_name,high,0.992
2000,2000,SULLIVAN,12LG LYNN VIEW MS,8804,008511,0.99821862,alpha_code_name,high,0.992
2000,2000,SULLIVAN,12LG LYNN VIEW MS,8804,008505,0.00135815,alpha_code_name,high,0.992
2000,2000,SULLIVAN,12LG LYNN VIEW MS,8804,008523,0.00038892,alpha_code_name,high,0.992
2000,2000,SULLIVAN,12LG LYNN VIEW MS,8804,008522,3.432e-05,alpha_code_name,high,0.992
2000,2000,SULLIVAN,12OK FIREHALL 4,8808,008511,0.99794758,alpha_code_name,high,0.992
2000,2000,SULLIVAN,12OK FIREHALL 4,8808,008524,0.00157462,alpha_code_name,high,0.992
2000,2000,SULLIVAN,12OK FIREHALL 4,8808,008523,0.0004778,alpha_code_name,high,0.992
2000,2000,SULLIVAN,12WV WV BAPTIST,8812,008511,0.56937149,alpha_code_name,high,0.992
2000,2000,SULLIVAN,12WV WV BAPTIST,8812,008523,0.43062851,alpha_code_name,high,0.992
2000,2000,SULLIVAN,13P SULL SOUTH HS,8820,008510,0.99695924,alpha_code_name,high,0.992
2000,2000,SULLIVAN,13P SULL SOUTH HS,8820,008525,0.00216987,alpha_code_name,high,0.992
2000,2000,SULLIVAN,13P SULL SOUTH HS,8820,008506,0.0008066,alpha_code_name,high,0.992
2000,2000,SULLIVAN,13P SULL SOUTH HS,8820,008524,6.428e-05,alpha_code_name,high,0.992
2000,2000,SULLIVAN,14CH COLON HGTS,8828,008519,0.6854156,alpha_code_name,high,0.992
2000,2000,SULLIVAN,14CH COLON HGTS,8828,008510,0.31041372,alpha_code_name,high,0.992
2000,2000,SULLIVAN,14CH COLON HGTS,8828,008518,0.00355596,alpha_code_name,high,0.992
2000,2000,SULLIVAN,14CH COLON HGTS,8828,008520,0.0004131,alpha_code_name,high,0.992
2000,2000,SULLIVAN,14CH COLON HGTS,8828,008506,0.00020092,alpha_code_name,high,0.992
2000,2000,SULLIVAN,14CH COLON HGTS,8828,008525,7e-07,alpha_code_name,high,0.992
2000,2000,SULLIVAN,14MP MILLER PERRY,8832,008518,0.99885974,alpha_code_name,high,0.992
2000,2000,SULLIVAN,14MP MILLER PERRY,8832,008509,0.00085681,alpha_code_name,high,0.992
2000,2000,SULLIVAN,14MP MILLER PERRY,8832,008519,0.00015403,alpha_code_name,high,0.992
2000,2000,SULLIVAN,14MP MILLER PERRY,8832,008510,0.00012943,alpha_code_name,high,0.992
2000,2000,SULLIVAN,15 SULLIVAN WEST,8836,008525,0.99866163,code_token_name,high,0.993
2000,2000,SULLIVAN,15 SULLIVAN WEST,8836,008510,0.00131903,code_token_name,high,0.993
2000,2000,SULLIVAN,15 SULLIVAN WEST,8836,008518,1.934e-05,code_token_name,high,0.993
2000,2000,SULLIVAN,16BC BLUFF CITY MS,8840,008512,0.71133779,alpha_code_name,high,0.992
2000,2000,SULLIVAN,16BC BLUFF CITY MS,8840,008514,0.1639946,alpha_code_name,high,0.992
2000,2000,SULLIVAN,16BC BLUFF CITY MS,8840,008515,0.12382866,alpha_code_name,high,0.992
2000,2000,SULLIVAN,16BC BLUFF CITY MS,8840,008513,0.00083895,alpha_code_name,high,0.992
2000,2000,SULLIVAN,16BC BLUFF CITY MS,8840,008507,0.0,alpha_code_name,high,0.992
2000,2000,SULLIVAN,16CG CHINQUAPIN,8844,008507,0.60450402,alpha_code_name,high,0.992
2000,2000,SULLIVAN,16CG CHINQUAPIN,8844,008512,0.39537911,alpha_code_name,high,0.992
2000,2000,SULLIVAN,16CG CHINQUAPIN,8844,008513,0.00011687,alpha_code_name,high,0.992
2000,2000,SULLIVAN,17E FAIRMOUNT SCH,8852,008501,0.99622469,alpha_code_name,high,0.992
2000,2000,SULLIVAN,17E FAIRMOUNT SCH,8852,008517,0.00338935,alpha_code_name,high,0.992
2000,2000,SULLIVAN,17E FAIRMOUNT SCH,8852,008503,0.00038597,alpha_code_name,high,0.992
2000,2000,SULLIVAN,17S HAYNESFIELD S,8860,008501,0.98299205,alpha_code_name,high,0.992
2000,2000,SULLIVAN,17S HAYNESFIELD S,8860,008503,0.01380338,alpha_code_name,high,0.992
2000,2000,SULLIVAN,17S HAYNESFIELD S,8860,008516,0.00189272,alpha_code_name,high,0.992
2000,2000,SULLIVAN,17S HAYNESFIELD S,8860,008504,0.00131185,alpha_code_name,high,0.992
2000,2000,SULLIVAN,17W ANDERSON SCH,8864,008503,0.99807449,alpha_code_name,high,0.992
2000,2000,SULLIVAN,17W ANDERSON SCH,8864,008501,0.00111012,alpha_code_name,high,0.992
2000,2000,SULLIVAN,17W ANDERSON SCH,8864,008516,0.00059547,alpha_code_name,high,0.992
2000,2000,SULLIVAN,17W ANDERSON SCH,8864,008502,0.00021992,alpha_code_name,high,0.992
2000,2000,SULLIVAN,18 HOLSTON MID SC,8868,008509,0.88367529,code_token_name,high,0.993
2000,2000,SULLIVAN,18 HOLSTON MID SC,8868,008502,0.11512621,code_token_name,high,0.993
2000,2000,SULLIVAN,18 HOLSTON MID SC,8868,008518,0.0005247,code_token_name,high,0.993
2000,2000,SULLIVAN,18 HOLSTON MID SC,8868,008513,0.00052352,code_token_name,high,0.993
2000,2000,SULLIVAN,18 HOLSTON MID SC,8868,008514,0.00013648,code_token_name,high,0.993
2000,2000,SULLIVAN,18 HOLSTON MID SC,8868,008520,1.379e-05,code_token_name,high,0.993
2000,2000,SULLIVAN,19H E CHEROKEE SC,8876,008504,1.0,alpha_code_name,high,0.992
2000,2000,SULLIVAN,20 ROCKY SPGS CO,8880,008513,0.99953319,code_token_name,high,0.993
2000,2000,SULLIVAN,20 ROCKY SPGS CO,8880,008509,0.00031524,code_token_name,high,0.993
2000,2000,SULLIVAN,20 ROCKY SPGS CO,8880,008514,0.00015157,code_token_name,high,0.993
2000,2000,SULLIVAN,21 WEAVER SCHOOL,8884,008515,0.70737207,code_token_name,high,0.993
2000,2000,SULLIVAN,21 WEAVER SCHOOL,8884,008516,0.19483016,code_token_name,high,0.993
2000,2000,SULLIVAN,21 WEAVER SCHOOL,8884,008504,0.097351,code_token_name,high,0.993
2000,2000,SULLIVAN,21 WEAVER SCHOOL,8884,008501,0.00020807,code_token_name,high,0.993
2000,2000,SULLIVAN,21 WEAVER SCHOOL,8884,008512,0.00018901,code_token_name,high,0.993
2000,2000,SULLIVAN,21 WEAVER SCHOOL,8884,008507,4.97e-05,code_token_name,high,0.993
2000,2000,SULLIVAN,22 HOLSTON VALLEY,8888,008504,1.0,code_token_name,high,0.993
2000,2000,SUMNER,01 N SUMNER,8976,008636,0.99579236,code_token_name,high,0.993
2000,2000,SUMNER,01 N SUMNER,8976,008635,0.00365175,code_token_name,high,0.993
2000,2000,SUMNER,01 N SUMNER,8976,008632,0.00055588,code_token_name,high,0.993
2000,2000,SUMNER,01 WESTMORELAND,9044,008632,0.999485,exact_name,high,1.0
2000,2000,SUMNER,01 WESTMORELAND,9044,008636,0.00047881,exact_name,high,1.0
2000,2000,SUMNER,01 WESTMORELAND,9044,008635,3.619e-05,exact_name,high,1.0
2000,2000,SUMNER,02 FOUNTAIN HEAD,8920,008613,0.56583008,exact_name,high,1.0
2000,2000,SUMNER,02 FOUNTAIN HEAD,8920,008636,0.34646633,exact_name,high,1.0
2000,2000,SUMNER,02 FOUNTAIN HEAD,8920,008612,0.08737413,exact_name,high,1.0
2000,2000,SUMNER,02 FOUNTAIN HEAD,8920,008635,0.00027362,exact_name,high,1.0
2000,2000,SUMNER,02 FOUNTAIN HEAD,8920,008614,4.418e-05,exact_name,high,1.0
2000,2000,SUMNER,02 FOUNTAIN HEAD,8920,008627,1.166e-05,exact_name,high,1.0
2000,2000,SUMNER,02 MITCHELLVILLE,8964,008614,0.73999623,exact_name,high,1.0
2000,2000,SUMNER,02 MITCHELLVILLE,8964,008636,0.26000377,exact_name,high,1.0
2000,2000,SUMNER,02 PORTLAND,8992,008614,0.43003026,exact_name,high,1.0
2000,2000,SUMNER,02 PORTLAND,8992,008613,0.27391843,exact_name,high,1.0
2000,2000,SUMNER,02 PORTLAND,8992,008636,0.19771727,exact_name,high,1.0
2000,2000,SUMNER,02 PORTLAND,8992,008612,0.09833405,exact_name,high,1.0
2000,2000,SUMNER,03 BUSHES CHAPEL,9024,008635,0.98784345,exact_name,high,1.0
2000,2000,SUMNER,03 BUSHES CHAPEL,9024,008636,0.01191524,exact_name,high,1.0
2000,2000,SUMNER,03 BUSHES CHAPEL,9024,008610,0.00016801,exact_name,high,1.0
2000,2000,SUMNER,03 BUSHES CHAPEL,9024,008627,7.329e-05,exact_name,high,1.0
2000,2000,SUMNER,03 CAIRO,8904,008607,0.98830033,exact_name,high,1.0
2000,2000,SUMNER,03 CAIRO,8904,008608,0.01044428,exact_name,high,1.0
2000,2000,SUMNER,03 CAIRO,8904,008609,0.00115886,exact_name,high,1.0
2000,2000,SUMNER,03 CAIRO,8904,008635,9.646e-05,exact_name,high,1.0
2000,2000,SUMNER,03 CAIRO,8904,008618,7e-08,exact_name,high,1.0
2000,2000,SUMNER,03 CAST SPRINGS,8904,008607,0.98830033,code_token_name,high,0.993
2000,2000,SUMNER,03 CAST SPRINGS,8904,008608,0.01044428,code_token_name,high,0.993
2000,2000,SUMNER,03 CAST SPRINGS,8904,008609,0.00115886,code_token_name,high,0.993
2000,2000,SUMNER,03 CAST SPRINGS,8904,008635,9.646e-05,code_token_name,high,0.993
2000,2000,SUMNER,03 CAST SPRINGS,8904,008618,7e-08,code_token_name,high,0.993
2000,2000,SUMNER,03 SIDEVIEW,9012,008635,0.96566159,exact_name,high,1.0
2000,2000,SUMNER,03 SIDEVIEW,9012,008636,0.03126792,exact_name,high,1.0
2000,2000,SUMNER,03 SIDEVIEW,9012,008609,0.00261306,exact_name,high,1.0
2000,2000,SUMNER,03 SIDEVIEW,9012,008607,0.00034922,exact_name,high,1.0
2000,2000,SUMNER,03 SIDEVIEW,9012,008632,0.00010806,exact_name,high,1.0
2000,2000,SUMNER,03 SIDEVIEW,9012,008610,1.6e-07,exact_name,high,1.0
2000,2000,SUMNER,04 COTTONTOWN,8952,008627,0.99775483,exact_name,high,1.0
2000,2000,SUMNER,04 COTTONTOWN,8952,008610,0.00078259,exact_name,high,1.0
2000,2000,SUMNER,04 COTTONTOWN,8952,008624,0.0005205,exact_name,high,1.0
2000,2000,SUMNER,04 COTTONTOWN,8952,008611,0.00050029,exact_name,high,1.0
2000,2000,SUMNER,04 COTTONTOWN,8952,008612,0.00044179,exact_name,high,1.0
2000,2000,SUMNER,04 SALEM,9000,008610,0.71891451,exact_name,high,1.0
2000,2000,SUMNER,04 SALEM,9000,008627,0.280174,exact_name,high,1.0
2000,2000,SUMNER,04 SALEM,9000,008635,0.00082157,exact_name,high,1.0
2000,2000,SUMNER,04 SALEM,9000,008611,5.721e-05,exact_name,high,1.0
2000,2000,SUMNER,04 SALEM,9000,008612,3.094e-05,exact_name,high,1.0
2000,2000,SUMNER,04 SALEM,9000,008636,1.77e-06,exact_name,high,1.0
2000,2000,SUMNER,04 UNION ELEM,8952,008627,0.99775483,code_token_name,high,0.993
2000,2000,SUMNER,04 UNION ELEM,8952,008610,0.00078259,code_token_name,high,0.993
2000,2000,SUMNER,04 UNION ELEM,8952,008624,0.0005205,code_token_name,high,0.993
2000,2000,SUMNER,04 UNION ELEM,8952,008611,0.00050029,code_token_name,high,0.993
2000,2000,SUMNER,04 UNION ELEM,8952,008612,0.00044179,code_token_name,high,0.993
2000,2000,SUMNER,05 CITY HALL,8912,008609,0.99481296,exact_name,high,1.0
2000,2000,SUMNER,05 CITY HALL,8912,008607,0.00279051,exact_name,high,1.0
2000,2000,SUMNER,05 CITY HALL,8912,008608,0.00134592,exact_name,high,1.0
2000,2000,SUMNER,05 CITY HALL,8912,008635,0.00051147,exact_name,high,1.0
2000,2000,SUMNER,05 CITY HALL,8912,008618,0.00040968,exact_name,high,1.0
2000,2000,SUMNER,05 CITY HALL,8912,008610,0.00012946,exact_name,high,1.0
2000,2000,SUMNER,05 SOUTH WATER,8924,008608,0.889191,exact_name,high,1.0
2000,2000,SUMNER,05 SOUTH WATER,8924,008618,0.10789503,exact_name,high,1.0
2000,2000,SUMNER,05 SOUTH WATER,8924,008607,0.00272835,exact_name,high,1.0
2000,2000,SUMNER,05 SOUTH WATER,8924,008609,0.00018563,exact_name,high,1.0
2000,2000,SUMNER,06 BLUEGRASS,8900,008602,0.99786471,exact_name,high,1.0
2000,2000,SUMNER,06 BLUEGRASS,8900,008601,0.00102593,exact_name,high,1.0
2000,2000,SUMNER,06 BLUEGRASS,8900,008622,0.00070002,exact_name,high,1.0
2000,2000,SUMNER,06 BLUEGRASS,8900,008603,0.00040934,exact_name,high,1.0
2000,2000,SUMNER,06 SR HIGH,9016,008618,0.84059785,prefix_name,high,0.995
2000,2000,SUMNER,06 SR HIGH,9016,008608,0.15916349,prefix_name,high,0.995
2000,2000,SUMNER,06 SR HIGH,9016,008611,0.0002377,prefix_name,high,0.995
2000,2000,SUMNER,06 SR HIGH,9016,008609,9.5e-07,prefix_name,high,0.995
2000,2000,SUMNER,06 VOL STATE,8972,008601,0.62106627,exact_name,high,1.0
2000,2000,SUMNER,06 VOL STATE,8972,008618,0.35899426,exact_name,high,1.0
2000,2000,SUMNER,06 VOL STATE,8972,008608,0.01835692,exact_name,high,1.0
2000,2000,SUMNER,06 VOL STATE,8972,008602,0.00143914,exact_name,high,1.0
2000,2000,SUMNER,06 VOL STATE,8972,008611,0.0001427,exact_name,high,1.0
2000,2000,SUMNER,06 VOL STATE,8972,008607,7.1e-07,exact_name,high,1.0
2000,2000,SUMNER,07 KNOX DOSS,8944,008622,0.59122499,exact_name,high,1.0
2000,2000,SUMNER,07 KNOX DOSS,8944,008619,0.35792644,exact_name,high,1.0
2000,2000,SUMNER,07 KNOX DOSS,8944,008633,0.0505081,exact_name,high,1.0
2000,2000,SUMNER,07 KNOX DOSS,8944,008603,0.0003168,exact_name,high,1.0
2000,2000,SUMNER,07 KNOX DOSS,8944,008621,2.367e-05,exact_name,high,1.0
2000,2000,SUMNER,07 LONG HOLLOW,8986,008628,0.95804696,exact_name,high,1.0
2000,2000,SUMNER,07 LONG HOLLOW,8986,008622,0.03996452,exact_name,high,1.0
2000,2000,SUMNER,07 LONG HOLLOW,8986,008624,0.00161109,exact_name,high,1.0
2000,2000,SUMNER,07 LONG HOLLOW,8986,008611,0.00025344,exact_name,high,1.0
2000,2000,SUMNER,07 LONG HOLLOW,8986,008633,0.00012399,exact_name,high,1.0
2000,2000,SUMNER,07 SAUNDERSVILLE,9042,008622,0.6730184,exact_name,high,1.0
2000,2000,SUMNER,07 SAUNDERSVILLE,9042,008628,0.32666982,exact_name,high,1.0
2000,2000,SUMNER,07 SAUNDERSVILLE,9042,008602,0.00017348,exact_name,high,1.0
2000,2000,SUMNER,07 SAUNDERSVILLE,9042,008611,9.493e-05,exact_name,high,1.0
2000,2000,SUMNER,07 SAUNDERSVILLE,9042,008603,4.335e-05,exact_name,high,1.0
2000,2000,SUMNER,07 SAUNDERSVILLE,9042,008601,2e-08,exact_name,high,1.0
2000,2000,SUMNER,08 BROWN ELEM,8928,008619,0.77449662,code_token_name,high,0.993
2000,2000,SUMNER,08 BROWN ELEM,8928,008603,0.22142215,code_token_name,high,0.993
2000,2000,SUMNER,08 BROWN ELEM,8928,008621,0.00229356,code_token_name,high,0.993
2000,2000,SUMNER,08 BROWN ELEM,8928,008620,0.00095442,code_token_name,high,0.993
2000,2000,SUMNER,08 BROWN ELEM,8928,008631,0.00083324,code_token_name,high,0.993
2000,2000,SUMNER,08 LAKESIDE,8948,008631,0.96884652,exact_name,high,1.0
2000,2000,SUMNER,08 LAKESIDE,8948,008620,0.02974013,exact_name,high,1.0
2000,2000,SUMNER,08 LAKESIDE,8948,008619,0.00072567,exact_name,high,1.0
2000,2000,SUMNER,08 LAKESIDE,8948,008621,0.00068768,exact_name,high,1.0
2000,2000,SUMNER,09 INDIAN LAKE,8936,008620,0.99930781,exact_name,high,1.0
2000,2000,SUMNER,09 INDIAN LAKE,8936,008631,0.00061913,exact_name,high,1.0
2000,2000,SUMNER,09 INDIAN LAKE,8936,008619,7.3e-05,exact_name,high,1.0
2000,2000,SUMNER,09 INDIAN LAKE,8936,008603,6e-08,exact_name,high,1.0
2000,2000,SUMNER,09 NANNIE BERRY,8968,008603,0.9863074,exact_name,high,1.0
2000,2000,SUMNER,09 NANNIE BERRY,8968,008620,0.01292975,exact_name,high,1.0
2000,2000,SUMNER,09 NANNIE BERRY,8968,008602,0.00071154,exact_name,high,1.0
2000,2000,SUMNER,09 NANNIE BERRY,8968,008622,5.131e-05,exact_name,high,1.0
2000,2000,SUMNER,09 ROCK CASTLE,8969,008620,0.68842739,exact_name,high,1.0
2000,2000,SUMNER,09 ROCK CASTLE,8969,008603,0.31157261,exact_name,high,1.0
2000,2000,SUMNER,10 FREEHILL FIREHA,9036,008621,0.86757272,code_token_name,high,0.993
2000,2000,SUMNER,10 FREEHILL FIREHA,9036,008631,0.1319848,code_token_name,high,0.993
2000,2000,SUMNER,10 FREEHILL FIREHA,9036,008619,0.00044248,code_token_name,high,0.993
2000,2000,SUMNER,10 WALTON FERRY,9036,008621,0.86757272,exact_name,high,1.0
2000,2000,SUMNER,10 WALTON FERRY,9036,008631,0.1319848,exact_name,high,1.0
2000,2000,SUMNER,10 WALTON FERRY,9036,008619,0.00044248,exact_name,high,1.0
2000,2000,SUMNER,11 MADISON CREEK,8956,008623,0.98326372,exact_name,high,1.0
2000,2000,SUMNER,11 MADISON CREEK,8956,008625,0.01051179,exact_name,high,1.0
2000,2000,SUMNER,11 MADISON CREEK,8956,008624,0.00622449,exact_name,high,1.0
2000,2000,SUMNER,11 MILLERSVILLE,8960,008625,0.95914624,exact_name,high,1.0
2000,2000,SUMNER,11 MILLERSVILLE,8960,008626,0.0366567,exact_name,high,1.0
2000,2000,SUMNER,11 MILLERSVILLE,8960,008623,0.00408993,exact_name,high,1.0
2000,2000,SUMNER,11 MILLERSVILLE,8960,008624,0.00010713,exact_name,high,1.0
2000,2000,SUMNER,11 SHACKLE ISLAND,8932,008624,0.75368801,exact_name,high,1.0
2000,2000,SUMNER,11 SHACKLE ISLAND,8932,008627,0.15902918,exact_name,high,1.0
2000,2000,SUMNER,11 SHACKLE ISLAND,8932,008633,0.07948811,exact_name,high,1.0
2000,2000,SUMNER,11 SHACKLE ISLAND,8932,008623,0.00373976,exact_name,high,1.0
2000,2000,SUMNER,11 SHACKLE ISLAND,8932,008625,0.00299138,exact_name,high,1.0
2000,2000,SUMNER,11 SHACKLE ISLAND,8932,008628,0.00059363,exact_name,high,1.0
2000,2000,SUMNER,11 SHACKLE ISLAND,8932,008626,0.00041686,exact_name,high,1.0
2000,2000,SUMNER,11 SHACKLE ISLAND,8932,008622,4.542e-05,exact_name,high,1.0
2000,2000,SUMNER,11 SHACKLE ISLAND,8932,008611,7.66e-06,exact_name,high,1.0
2000,2000,SUMNER,12 OAKMONT,8980,008612,0.8870116,exact_name,high,1.0
2000,2000,SUMNER,12 OAKMONT,8980,008627,0.11284886,exact_name,high,1.0
2000,2000,SUMNER,12 OAKMONT,8980,008613,0.00013901,exact_name,high,1.0
2000,2000,SUMNER,12 OAKMONT,8980,008636,5.3e-07,exact_name,high,1.0
2000,2000,SUMNER,12 WHITE HOUSE,9052,008626,0.55306,exact_name,high,1.0
2000,2000,SUMNER,12 WHITE HOUSE,9052,008612,0.20338697,exact_name,high,1.0
2000,2000,SUMNER,12 WHITE HOUSE,9052,008627,0.19599668,exact_name,high,1.0
2000,2000,SUMNER,12 WHITE HOUSE,9052,008625,0.04750675,exact_name,high,1.0
2000,2000,SUMNER,12 WHITE HOUSE,9052,008624,4.959e-05,exact_name,high,1.0
2000,2000,TIPTON,01 01 FIRE STATION,9120,008708,0.99995851,code_token_name,high,0.993
2000,2000,TIPTON,01 01 FIRE STATION,9120,008705,4.149e-05,code_token_name,high,0.993
2000,2000,TIPTON,01 02 AIRPORT,9120,008708,0.99995851,code_token_name,high,0.993
2000,2000,TIPTON,01 02 AIRPORT,9120,008705,4.149e-05,code_token_name,high,0.993
2000,2000,TIPTON,02 03 S COVINGTON,9104,008708,0.6708465,code_token_name,high,0.993
2000,2000,TIPTON,02 03 S COVINGTON,9104,008705,0.3291535,code_token_name,high,0.993
2000,2000,TIPTON,02 04 FIRE STATION,9104,008708,0.6708465,code_token_name,high,0.993
2000,2000,TIPTON,02 04 FIRE STATION,9104,008705,0.3291535,code_token_name,high,0.993
2000,2000,TIPTON,02 05 CHARLESTON,9104,008708,0.6708465,code_token_name,high,0.993
2000,2000,TIPTON,02 05 CHARLESTON,9104,008705,0.3291535,code_token_name,high,0.993
2000,2000,TIPTON,03 06 W COVINGTON,9128,008705,0.99994246,code_token_name,high,0.993
2000,2000,TIPTON,03 06 W COVINGTON,9128,008702,2.974e-05,code_token_name,high,0.993
2000,2000,TIPTON,03 06 W COVINGTON,9128,008708,1.694e-05,code_token_name,high,0.993
2000,2000,TIPTON,03 06 W COVINGTON,9128,008703,1.086e-05,code_token_name,high,0.993
2000,2000,TIPTON,03 07 GARLAND,9128,008705,0.99994246,code_token_name,high,0.993
2000,2000,TIPTON,03 07 GARLAND,9128,008702,2.974e-05,code_token_name,high,0.993
2000,2000,TIPTON,03 07 GARLAND,9128,008708,1.694e-05,code_token_name,high,0.993
2000,2000,TIPTON,03 07 GARLAND,9128,008703,1.086e-05,code_token_name,high,0.993
2000,2000,TIPTON,03 08 BURLISON,9128,008705,0.99994246,code_token_name,high,0.993
2000,2000,TIPTON,03 08 BURLISON,9128,008702,2.974e-05,code_token_name,high,0.993
2000,2000,TIPTON,03 08 BURLISON,9128,008708,1.694e-05,code_token_name,high,0.993
2000,2000,TIPTON,03 08 BURLISON,9128,008703,1.086e-05,code_token_name,high,0.993
2000,2000,TIPTON,04 09 ATOKA,9129,008702,0.53739782,code_token_name,high,0.993
2000,2000,TIPTON,04 09 ATOKA,9129,008705,0.46249641,code_token_name,high,0.993
2000,2000,TIPTON,04 09 ATOKA,9129,008708,0.00010577,code_token_name,high,0.993
2000,2000,TIPTON,04 10 WILKINSVILLE,9129,008702,0.53739782,code_token_name,high,0.993
2000,2000,TIPTON,04 10 WILKINSVILLE,9129,008705,0.46249641,code_token_name,high,0.993
2000,2000,TIPTON,04 10 WILKINSVILLE,9129,008708,0.00010577,code_token_name,high,0.993
2000,2000,TIPTON,05 11 E MUNFORD,9080,008705,0.99979124,code_token_name,high,0.993
2000,2000,TIPTON,05 11 E MUNFORD,9080,008703,0.00020876,code_token_name,high,0.993
2000,2000,TIPTON,05 12 W MUNFORD,9080,008705,0.99979124,code_token_name,high,0.993
2000,2000,TIPTON,05 12 W MUNFORD,9080,008703,0.00020876,code_token_name,high,0.993
2000,2000,TIPTON,06 13 GILT EDGE,9136,008704,0.58820551,code_token_name,high,0.993
2000,2000,TIPTON,06 13 GILT EDGE,9136,008708,0.32291342,code_token_name,high,0.993
2000,2000,TIPTON,06 13 GILT EDGE,9136,008702,0.05241617,code_token_name,high,0.993
2000,2000,TIPTON,06 13 GILT EDGE,9136,008705,0.0364649,code_token_name,high,0.993
2000,2000,TIPTON,06 14 DRUMMONDS,9136,008704,0.58820551,code_token_name,high,0.993
2000,2000,TIPTON,06 14 DRUMMONDS,9136,008708,0.32291342,code_token_name,high,0.993
2000,2000,TIPTON,06 14 DRUMMONDS,9136,008702,0.05241617,code_token_name,high,0.993
2000,2000,TIPTON,06 14 DRUMMONDS,9136,008705,0.0364649,code_token_name,high,0.993
2000,2000,TIPTON,06 15 QUITO,9136,008704,0.58820551,code_token_name,high,0.993
2000,2000,TIPTON,06 15 QUITO,9136,008708,0.32291342,code_token_name,high,0.993
2000,2000,TIPTON,06 15 QUITO,9136,008702,0.05241617,code_token_name,high,0.993
2000,2000,TIPTON,06 15 QUITO,9136,008705,0.0364649,code_token_name,high,0.993
2000,2000,TIPTON,06 16 CORONA,9136,008704,0.58820551,code_token_name,high,0.993
2000,2000,TIPTON,06 16 CORONA,9136,008708,0.32291342,code_token_name,high,0.993
2000,2000,TIPTON,06 16 CORONA,9136,008702,0.05241617,code_token_name,high,0.993
2000,2000,TIPTON,06 16 CORONA,9136,008705,0.0364649,code_token_name,high,0.993
2000,2000,TIPTON,06 17 REVERIE,9136,008704,0.58820551,code_token_name,high,0.993
2000,2000,TIPTON,06 17 REVERIE,9136,008708,0.32291342,code_token_name,high,0.993
2000,2000,TIPTON,06 17 REVERIE,9136,008702,0.05241617,code_token_name,high,0.993
2000,2000,TIPTON,06 17 REVERIE,9136,008705,0.0364649,code_token_name,high,0.993
2000,2000,TIPTON,07 18 BRIGHTON,9100,008704,0.84309334,code_token_name,high,0.993
2000,2000,TIPTON,07 18 BRIGHTON,9100,008708,0.15690666,code_token_name,high,0.993
2000,2000,TIPTON,07 19 CLOPTON,9100,008704,0.84309334,code_token_name,high,0.993
2000,2000,TIPTON,07 19 CLOPTON,9100,008708,0.15690666,code_token_name,high,0.993
2000,2000,TIPTON,07 20 MASON,9100,008704,0.84309334,code_token_name,high,0.993
2000,2000,TIPTON,07 20 MASON,9100,008708,0.15690666,code_token_name,high,0.993
2000,2000,TROUSDALE,01 ELEM SCHOOL,0001,0001,1.0,code_token_name,high,0.993
2000,2000,TROUSDALE,02 CATO,0002,0002,1.0,exact_name,high,1.0
2000,2000,TROUSDALE,03 BEECH GROVE,0003,0003,1.0,exact_name,high,1.0
2000,2000,TROUSDALE,04 WILLARD,0004,0004,1.0,code_token_name,high,0.993
2000,2000,TROUSDALE,05 TEMPLOW,0005,0005,1.0,exact_name,high,1.0
2000,2000,TROUSDALE,06 WALNUT GROVE,0006,0006,1.0,code_token_name,high,0.993
2000,2000,TROUSDALE,07 COURT HOUSE,0007,0007,1.0,code_token_name,high,0.993
2000,2000,TROUSDALE,08 CITY HALL,0008,0008,1.0,code_token_name,high,0.993
2000,2000,TROUSDALE,09 HIGH SCHOOL,0007,0007,1.0,exact_name,high,1.0
2000,2000,TROUSDALE,10 PROVIDENCE,0010,0010,1.0,exact_name,high,1.0
2000,2000,UNICOI,FISHERY,9192,008905,0.51459987,exact_name,high,1.0
2000,2000,UNICOI,FISHERY,9192,008901,0.28556691,exact_name,high,1.0
2000,2000,UNICOI,FISHERY,9192,008902,0.14751974,exact_name,high,1.0
2000,2000,UNICOI,FISHERY,9192,008906,0.04797704,exact_name,high,1.0
2000,2000,UNICOI,FISHERY,9192,008907,0.00247924,exact_name,high,1.0
2000,2000,UNICOI,FISHERY,9192,008904,0.00182856,exact_name,high,1.0
2000,2000,UNICOI,FISHERY,9192,008903,2.866e-05,exact_name,high,1.0
2000,2000,UNICOI,FLAG POND,9196,008908,0.99986561,exact_name,high,1.0
2000,2000,UNICOI,FLAG POND,9196,008903,0.00013439,exact_name,high,1.0
2000,2000,UNICOI,LIMESTONE COVE,9200,008907,0.99284687,exact_name,high,1.0
2000,2000,UNICOI,LIMESTONE COVE,9200,008905,0.00683923,exact_name,high,1.0
2000,2000,UNICOI,LIMESTONE COVE,9200,008906,0.00028106,exact_name,high,1.0
2000,2000,UNICOI,LIMESTONE COVE,9200,008904,3.285e-05,exact_name,high,1.0
2000,2000,UNICOI,LOVE CHAPEL,9204,008903,0.75307006,exact_name,high,1.0
2000,2000,UNICOI,LOVE CHAPEL,9204,008902,0.24689597,exact_name,high,1.0
2000,2000,UNICOI,LOVE CHAPEL,9204,008901,3.396e-05,exact_name,high,1.0
2000,2000,UNICOI,MIDDLE SCHOOL,9188,008902,0.7173542,exact_name,high,1.0
2000,2000,UNICOI,MIDDLE SCHOOL,9188,008901,0.27984633,exact_name,high,1.0
2000,2000,UNICOI,MIDDLE SCHOOL,9188,008903,0.0015537,exact_name,high,1.0
2000,2000,UNICOI,MIDDLE SCHOOL,9188,008906,0.00124576,exact_name,high,1.0
2000,2000,UNICOI,ROCK CREEK,9216,008906,0.96735468,exact_name,high,1.0
2000,2000,UNICOI,ROCK CREEK,9216,008901,0.03065675,exact_name,high,1.0
2000,2000,UNICOI,ROCK CREEK,9216,008907,0.00104443,exact_name,high,1.0
2000,2000,UNICOI,ROCK CREEK,9216,008902,0.00058267,exact_name,high,1.0
2000,2000,UNICOI,ROCK CREEK,9216,008905,0.00036146,exact_name,high,1.0
2000,2000,UNICOI,TEMPLE HILL,9220,008903,0.86996203,exact_name,high,1.0
2000,2000,UNICOI,TEMPLE HILL,9220,008908,0.13003797,exact_name,high,1.0
2000,2000,UNION,1 1 MAYNARDVILLE E,9232,009003,0.75269513,code_token_name,high,0.993
2000,2000,UNION,1 1 MAYNARDVILLE E,9232,009006,0.10468311,code_token_name,high,0.993
2000,2000,UNION,1 1 MAYNARDVILLE E,9232,009002,0.05949049,code_token_name,high,0.993
2000,2000,UNION,1 1 MAYNARDVILLE E,9232,009001,0.04844931,code_token_name,high,0.993
2000,2000,UNION,1 1 MAYNARDVILLE E,9232,009005,0.03422976,code_token_name,high,0.993
2000,2000,UNION,1 1 MAYNARDVILLE E,9232,009004,0.0004522,code_token_name,high,0.993
2000,2000,UNION,2 2 LUTTRELL ELEM,9236,009002,0.74764294,code_token_name,high,0.993
2000,2000,UNION,2 2 LUTTRELL ELEM,9236,009007,0.21282358,code_token_name,high,0.993
2000,2000,UNION,2 2 LUTTRELL ELEM,9236,009003,0.03945554,code_token_name,high,0.993
2000,2000,UNION,2 2 LUTTRELL ELEM,9236,009006,7.794e-05,code_token_name,high,0.993
2000,2000,UNION,3 2 CEDAR GROVE C,9240,009004,0.99809931,code_token_name,high,0.993
2000,2000,UNION,3 2 CEDAR GROVE C,9240,009001,0.0006275,code_token_name,high,0.993
2000,2000,UNION,3 2 CEDAR GROVE C,9240,009003,0.00060365,code_token_name,high,0.993
2000,2000,UNION,3 2 CEDAR GROVE C,9240,009009,0.00041458,code_token_name,high,0.993
2000,2000,UNION,3 2 CEDAR GROVE C,9240,009005,0.00025496,code_token_name,high,0.993
2000,2000,UNION,3 3 BROCK COMM CT,9240,009004,0.99809931,code_token_name,high,0.993
2000,2000,UNION,3 3 BROCK COMM CT,9240,009001,0.0006275,code_token_name,high,0.993
2000,2000,UNION,3 3 BROCK COMM CT,9240,009003,0.00060365,code_token_name,high,0.993
2000,2000,UNION,3 3 BROCK COMM CT,9240,009009,0.00041458,code_token_name,high,0.993
2000,2000,UNION,3 3 BROCK COMM CT,9240,009005,0.00025496,code_token_name,high,0.993
2000,2000,UNION,4 7 BIG RIDGE ELEM,9248,009005,0.99924433,code_token_name,high,0.993
2000,2000,UNION,4 7 BIG RIDGE ELEM,9248,009009,0.00030931,code_token_name,high,0.993
2000,2000,UNION,4 7 BIG RIDGE ELEM,9248,009004,0.00028392,code_token_name,high,0.993
2000,2000,UNION,4 7 BIG RIDGE ELEM,9248,009006,0.00016243,code_token_name,high,0.993
2000,2000,UNION,5 10 SHARP CHAPEL,9252,009009,0.99949232,code_token_name,high,0.993
2000,2000,UNION,5 10 SHARP CHAPEL,9252,009008,0.00023034,code_token_name,high,0.993
2000,2000,UNION,5 10 SHARP CHAPEL,9252,009005,0.0001395,code_token_name,high,0.993
2000,2000,UNION,5 10 SHARP CHAPEL,9252,009004,0.00011764,code_token_name,high,0.993
2000,2000,UNION,5 10 SHARP CHAPEL,9252,009001,2.02e-05,code_token_name,high,0.993
2000,2000,UNION,5 13 BRADEN CHAPE,9252,009009,0.99949232,code_token_name,high,0.993
2000,2000,UNION,5 13 BRADEN CHAPE,9252,009008,0.00023034,code_token_name,high,0.993
2000,2000,UNION,5 13 BRADEN CHAPE,9252,009005,0.0001395,code_token_name,high,0.993
2000,2000,UNION,5 13 BRADEN CHAPE,9252,009004,0.00011764,code_token_name,high,0.993
2000,2000,UNION,5 13 BRADEN CHAPE,9252,009001,2.02e-05,code_token_name,high,0.993
2000,2000,UNION,6 5 PLAINVIEW COM,9264,009007,0.81307719,code_token_name,high,0.993
2000,2000,UNION,6 5 PLAINVIEW COM,9264,009006,0.18598836,code_token_name,high,0.993
2000,2000,UNION,6 5 PLAINVIEW COM,9264,009003,0.00093446,code_token_name,high,0.993
2000,2000,UNION,6 6 PAULETTE COMM,9264,009007,0.81307719,code_token_name,high,0.993
2000,2000,UNION,6 6 PAULETTE COMM,9264,009006,0.18598836,code_token_name,high,0.993
2000,2000,UNION,6 6 PAULETTE COMM,9264,009003,0.00093446,code_token_name,high,0.993
2000,2000,VAN BUREN,1 BONE CAVE CC,0001,0001,1.0,token_vtd,high,1.0
2000,2000,VAN BUREN,2 CEDAR GROVE CC,0002,0002,1.0,token_vtd,high,1.0
2000,2000,VAN BUREN,3 CUMMINGSVILLE,0003,0003,1.0,token_vtd,high,1.0
2000,2000,VAN BUREN,4 FALL CRK FALLS C,0004,0004,1.0,token_vtd,high,1.0
2000,2000,VAN BUREN,5 HIGHLAND VILLAG,0005,0005,1.0,token_vtd,high,1.0
2000,2000,VAN BUREN,6 PINEY FIRE HALL,0006,0006,1.0,token_vtd,high,1.0
2000,2000,VAN BUREN,7 SPENCER ELEM S,0007,0007,1.0,token_vtd,high,1.0
2000,2000,WARREN,01 1 BOBBY RAY ELE,9348,009201,0.86754912,code_token_name,high,0.993
2000,2000,WARREN,01 1 BOBBY RAY ELE,9348,009220,0.09954725,code_token_name,high,0.993
2000,2000,WARREN,01 1 BOBBY RAY ELE,9348,009209,0.0297416,code_token_name,high,0.993
2000,2000,WARREN,01 1 BOBBY RAY ELE,9348,009202,0.00238124,code_token_name,high,0.993
2000,2000,WARREN,01 1 BOBBY RAY ELE,9348,009206,0.00068868,code_token_name,high,0.993
2000,2000,WARREN,01 1 BOBBY RAY ELE,9348,009203,9.212e-05,code_token_name,high,0.993
2000,2000,WARREN,02 1 COURTHOUSE,9324,009203,0.46061609,exact_name,high,1.0
2000,2000,WARREN,02 1 COURTHOUSE,9324,009217,0.26692326,exact_name,high,1.0
2000,2000,WARREN,02 1 COURTHOUSE,9324,009202,0.14480507,exact_name,high,1.0
2000,2000,WARREN,02 1 COURTHOUSE,9324,009205,0.11394392,exact_name,high,1.0
2000,2000,WARREN,02 1 COURTHOUSE,9324,009204,0.01325957,exact_name,high,1.0
2000,2000,WARREN,02 1 COURTHOUSE,9324,009201,0.00017345,exact_name,high,1.0
2000,2000,WARREN,02 1 COURTHOUSE,9324,009220,9.371e-05,exact_name,high,1.0
2000,2000,WARREN,02 1 COURTHOUSE,9324,009214,7.819e-05,exact_name,high,1.0
2000,2000,WARREN,02 1 COURTHOUSE,9324,009208,5.924e-05,exact_name,high,1.0
2000,2000,WARREN,02 1 COURTHOUSE,9324,009216,4.749e-05,exact_name,high,1.0
2000,2000,WARREN,02 1 COURTHOUSE,9324,009207,1e-08,exact_name,high,1.0
2000,2000,WARREN,02 2 WARREN CO AIR,9324,009203,0.46061609,code_token_name,high,0.993
2000,2000,WARREN,02 2 WARREN CO AIR,9324,009217,0.26692326,code_token_name,high,0.993
2000,2000,WARREN,02 2 WARREN CO AIR,9324,009202,0.14480507,code_token_name,high,0.993
2000,2000,WARREN,02 2 WARREN CO AIR,9324,009205,0.11394392,code_token_name,high,0.993
2000,2000,WARREN,02 2 WARREN CO AIR,9324,009204,0.01325957,code_token_name,high,0.993
2000,2000,WARREN,02 2 WARREN CO AIR,9324,009201,0.00017345,code_token_name,high,0.993
2000,2000,WARREN,02 2 WARREN CO AIR,9324,009220,9.371e-05,code_token_name,high,0.993
2000,2000,WARREN,02 2 WARREN CO AIR,9324,009214,7.819e-05,code_token_name,high,0.993
2000,2000,WARREN,02 2 WARREN CO AIR,9324,009208,5.924e-05,code_token_name,high,0.993
2000,2000,WARREN,02 2 WARREN CO AIR,9324,009216,4.749e-05,code_token_name,high,0.993
2000,2000,WARREN,02 2 WARREN CO AIR,9324,009207,1e-08,code_token_name,high,0.993
2000,2000,WARREN,03 1 BLUE BUILDING,9316,009213,0.6366907,code_token_name,high,0.993
2000,2000,WARREN,03 1 BLUE BUILDING,9316,009204,0.35886118,code_token_name,high,0.993
2000,2000,WARREN,03 1 BLUE BUILDING,9316,009208,0.00263718,code_token_name,high,0.993
2000,2000,WARREN,03 1 BLUE BUILDING,9316,009205,0.00119964,code_token_name,high,0.993
2000,2000,WARREN,03 1 BLUE BUILDING,9316,009211,0.00039342,code_token_name,high,0.993
2000,2000,WARREN,03 1 BLUE BUILDING,9316,009202,0.00021787,code_token_name,high,0.993
2000,2000,WARREN,03 2 SMARTT FIRE H,9316,009213,0.6366907,code_token_name,high,0.993
2000,2000,WARREN,03 2 SMARTT FIRE H,9316,009204,0.35886118,code_token_name,high,0.993
2000,2000,WARREN,03 2 SMARTT FIRE H,9316,009208,0.00263718,code_token_name,high,0.993
2000,2000,WARREN,03 2 SMARTT FIRE H,9316,009205,0.00119964,code_token_name,high,0.993
2000,2000,WARREN,03 2 SMARTT FIRE H,9316,009211,0.00039342,code_token_name,high,0.993
2000,2000,WARREN,03 2 SMARTT FIRE H,9316,009202,0.00021787,code_token_name,high,0.993
2000,2000,WARREN,04 TSU NURSERY RE,9384,009206,0.98382277,code_token_name,high,0.993
2000,2000,WARREN,04 TSU NURSERY RE,9384,009207,0.0140396,code_token_name,high,0.993
2000,2000,WARREN,04 TSU NURSERY RE,9384,009210,0.00103954,code_token_name,high,0.993
2000,2000,WARREN,04 TSU NURSERY RE,9384,009218,0.00052171,code_token_name,high,0.993
2000,2000,WARREN,04 TSU NURSERY RE,9384,009209,0.00052079,code_token_name,high,0.993
2000,2000,WARREN,04 TSU NURSERY RE,9384,009219,5.075e-05,code_token_name,high,0.993
2000,2000,WARREN,04 TSU NURSERY RE,9384,009201,4.85e-06,code_token_name,high,0.993
2000,2000,WARREN,05 1 THREE STAR MA,9312,009208,0.99212924,code_token_name,high,0.993
2000,2000,WARREN,05 1 THREE STAR MA,9312,009213,0.00517159,code_token_name,high,0.993
2000,2000,WARREN,05 1 THREE STAR MA,9312,009207,0.00250541,code_token_name,high,0.993
2000,2000,WARREN,05 1 THREE STAR MA,9312,009204,0.00019376,code_token_name,high,0.993
2000,2000,WARREN,05 2 BEERSHEBA TO,9312,009208,0.99212924,code_token_name,high,0.993
2000,2000,WARREN,05 2 BEERSHEBA TO,9312,009213,0.00517159,code_token_name,high,0.993
2000,2000,WARREN,05 2 BEERSHEBA TO,9312,009207,0.00250541,code_token_name,high,0.993
2000,2000,WARREN,05 2 BEERSHEBA TO,9312,009204,0.00019376,code_token_name,high,0.993
2000,2000,WARREN,06 1 WARREN CO MI,9372,009209,0.95487906,code_token_name,high,0.993
2000,2000,WARREN,06 1 WARREN CO MI,9372,009206,0.04410115,code_token_name,high,0.993
2000,2000,WARREN,06 1 WARREN CO MI,9372,009201,0.0005676,code_token_name,high,0.993
2000,2000,WARREN,06 1 WARREN CO MI,9372,009220,0.00031035,code_token_name,high,0.993
2000,2000,WARREN,06 1 WARREN CO MI,9372,009219,0.00014184,code_token_name,high,0.993
2000,2000,WARREN,07 1 EASTSIDE SCHO,9336,009210,0.99919245,code_token_name,high,0.993
2000,2000,WARREN,07 1 EASTSIDE SCHO,9336,009206,0.00030133,code_token_name,high,0.993
2000,2000,WARREN,07 1 EASTSIDE SCHO,9336,009211,0.0002998,code_token_name,high,0.993
2000,2000,WARREN,07 1 EASTSIDE SCHO,9336,009218,0.00012091,code_token_name,high,0.993
2000,2000,WARREN,07 1 EASTSIDE SCHO,9336,009207,8.551e-05,code_token_name,high,0.993
2000,2000,WARREN,08 1 FAIRVIEW COM,9340,009211,0.90833882,code_token_name,high,0.993
2000,2000,WARREN,08 1 FAIRVIEW COM,9340,009207,0.0593566,code_token_name,high,0.993
2000,2000,WARREN,08 1 FAIRVIEW COM,9340,009208,0.03156256,code_token_name,high,0.993
2000,2000,WARREN,08 1 FAIRVIEW COM,9340,009210,0.00062241,code_token_name,high,0.993
2000,2000,WARREN,08 1 FAIRVIEW COM,9340,009213,0.00011962,code_token_name,high,0.993
2000,2000,WARREN,08 2 IRV COL SCHO,9340,009211,0.90833882,code_token_name,high,0.993
2000,2000,WARREN,08 2 IRV COL SCHO,9340,009207,0.0593566,code_token_name,high,0.993
2000,2000,WARREN,08 2 IRV COL SCHO,9340,009208,0.03156256,code_token_name,high,0.993
2000,2000,WARREN,08 2 IRV COL SCHO,9340,009210,0.00062241,code_token_name,high,0.993
2000,2000,WARREN,08 2 IRV COL SCHO,9340,009213,0.00011962,code_token_name,high,0.993
2000,2000,WARREN,09 1 MORRISON RURI,9360,009214,0.86885255,code_token_name,high,0.993
2000,2000,WARREN,09 1 MORRISON RURI,9360,009217,0.0995669,code_token_name,high,0.993
2000,2000,WARREN,09 1 MORRISON RURI,9360,009205,0.03111368,code_token_name,high,0.993
2000,2000,WARREN,09 1 MORRISON RURI,9360,009215,0.00031672,code_token_name,high,0.993
2000,2000,WARREN,09 1 MORRISON RURI,9360,009203,0.00015015,code_token_name,high,0.993
2000,2000,WARREN,09 2 VIOLA VALLEY C,9360,009214,0.86885255,code_token_name,high,0.993
2000,2000,WARREN,09 2 VIOLA VALLEY C,9360,009217,0.0995669,code_token_name,high,0.993
2000,2000,WARREN,09 2 VIOLA VALLEY C,9360,009205,0.03111368,code_token_name,high,0.993
2000,2000,WARREN,09 2 VIOLA VALLEY C,9360,009215,0.00031672,code_token_name,high,0.993
2000,2000,WARREN,09 2 VIOLA VALLEY C,9360,009203,0.00015015,code_token_name,high,0.993
2000,2000,WARREN,10 1 CENTERTOWN S,9320,009217,0.95781476,code_token_name,high,0.993
2000,2000,WARREN,10 1 CENTERTOWN S,9320,009216,0.04158318,code_token_name,high,0.993
2000,2000,WARREN,10 1 CENTERTOWN S,9320,009214,0.00060207,code_token_name,high,0.993
2000,2000,WARREN,10 2 CENTERTOWN C,9320,009217,0.95781476,code_token_name,high,0.993
2000,2000,WARREN,10 2 CENTERTOWN C,9320,009216,0.04158318,code_token_name,high,0.993
2000,2000,WARREN,10 2 CENTERTOWN C,9320,009214,0.00060207,code_token_name,high,0.993
2000,2000,WARREN,11 1 MIDWAY COMM,9332,009219,0.98684758,code_token_name,high,0.993
2000,2000,WARREN,11 1 MIDWAY COMM,9332,009209,0.01227541,code_token_name,high,0.993
2000,2000,WARREN,11 1 MIDWAY COMM,9332,009221,0.00038955,code_token_name,high,0.993
2000,2000,WARREN,11 1 MIDWAY COMM,9332,009218,0.00033902,code_token_name,high,0.993
2000,2000,WARREN,11 1 MIDWAY COMM,9332,009220,8.538e-05,code_token_name,high,0.993
2000,2000,WARREN,11 1 MIDWAY COMM,9332,009206,6.306e-05,code_token_name,high,0.993
2000,2000,WARREN,11 2 N WARREN FIRE,9332,009219,0.98684758,code_token_name,high,0.993
2000,2000,WARREN,11 2 N WARREN FIRE,9332,009209,0.01227541,code_token_name,high,0.993
2000,2000,WARREN,11 2 N WARREN FIRE,9332,009221,0.00038955,code_token_name,high,0.993
2000,2000,WARREN,11 2 N WARREN FIRE,9332,009218,0.00033902,code_token_name,high,0.993
2000,2000,WARREN,11 2 N WARREN FIRE,9332,009220,8.538e-05,code_token_name,high,0.993
2000,2000,WARREN,11 2 N WARREN FIRE,9332,009206,6.306e-05,code_token_name,high,0.993
2000,2000,WARREN,12 1 AG RI EXT,9352,009221,0.99902823,code_token_name,high,0.993
2000,2000,WARREN,12 1 AG RI EXT,9352,009219,0.00058123,code_token_name,high,0.993
2000,2000,WARREN,12 1 AG RI EXT,9352,009216,0.00029415,code_token_name,high,0.993
2000,2000,WARREN,12 1 AG RI EXT,9352,009220,9.64e-05,code_token_name,high,0.993
2000,2000,WARREN,12 2 LUCKY COMMU,9352,009221,0.99902823,code_token_name,high,0.993
2000,2000,WARREN,12 2 LUCKY COMMU,9352,009219,0.00058123,code_token_name,high,0.993
2000,2000,WARREN,12 2 LUCKY COMMU,9352,009216,0.00029415,code_token_name,high,0.993
2000,2000,WARREN,12 2 LUCKY COMMU,9352,009220,9.64e-05,code_token_name,high,0.993
2000,2000,WASHINGTON,01 SOUTH CENTRAL,9392,009330,0.54371453,exact_name,high,1.0
2000,2000,WASHINGTON,01 SOUTH CENTRAL,9392,009329,0.40565562,exact_name,high,1.0
2000,2000,WASHINGTON,01 SOUTH CENTRAL,9392,009310,0.05062985,exact_name,high,1.0
2000,2000,WASHINGTON,02 CONKLIN,9396,009330,0.55414972,exact_name,high,1.0
2000,2000,WASHINGTON,02 CONKLIN,9396,009326,0.44359038,exact_name,high,1.0
2000,2000,WASHINGTON,02 CONKLIN,9396,009329,0.00176352,exact_name,high,1.0
2000,2000,WASHINGTON,02 CONKLIN,9396,009327,0.00049639,exact_name,high,1.0
2000,2000,WASHINGTON,03 WEST VIEW,9400,009326,0.9808771,exact_name,high,1.0
2000,2000,WASHINGTON,03 WEST VIEW,9400,009330,0.01821795,exact_name,high,1.0
2000,2000,WASHINGTON,03 WEST VIEW,9400,009329,0.00070497,exact_name,high,1.0
2000,2000,WASHINGTON,03 WEST VIEW,9400,009327,0.0001504,exact_name,high,1.0
2000,2000,WASHINGTON,03 WEST VIEW,9400,009307,4.958e-05,exact_name,high,1.0
2000,2000,WASHINGTON,04 LAMAR,9404,009325,0.84646204,exact_name,high,1.0
2000,2000,WASHINGTON,04 LAMAR,9404,009327,0.09455063,exact_name,high,1.0
2000,2000,WASHINGTON,04 LAMAR,9404,009326,0.05897292,exact_name,high,1.0
2000,2000,WASHINGTON,04 LAMAR,9404,009310,1.426e-05,exact_name,high,1.0
2000,2000,WASHINGTON,04 LAMAR,9404,009316,1.5e-07,exact_name,high,1.0
2000,2000,WASHINGTON,05 TELFORD,9408,009327,0.82774556,exact_name,high,1.0
2000,2000,WASHINGTON,05 TELFORD,9408,009326,0.1642461,exact_name,high,1.0
2000,2000,WASHINGTON,05 TELFORD,9408,009309,0.00780924,exact_name,high,1.0
2000,2000,WASHINGTON,05 TELFORD,9408,009307,0.00019909,exact_name,high,1.0
2000,2000,WASHINGTON,06 EMBREEVILLE,9412,009310,0.91087373,exact_name,high,1.0
2000,2000,WASHINGTON,06 EMBREEVILLE,9412,009325,0.06783094,exact_name,high,1.0
2000,2000,WASHINGTON,06 EMBREEVILLE,9412,009330,0.01430241,exact_name,high,1.0
2000,2000,WASHINGTON,06 EMBREEVILLE,9412,009326,0.00699293,exact_name,high,1.0
2000,2000,WASHINGTON,07 FALL BRANCH,9416,009313,0.99931161,exact_name,high,1.0
2000,2000,WASHINGTON,07 FALL BRANCH,9416,009319,0.00068647,exact_name,high,1.0
2000,2000,WASHINGTON,07 FALL BRANCH,9416,009307,1.92e-06,exact_name,high,1.0
2000,2000,WASHINGTON,08 01 MIDWAY OUTSI,9420,009316,0.8625109,code_token_name,high,0.993
2000,2000,WASHINGTON,08 01 MIDWAY OUTSI,9420,009311,0.13606879,code_token_name,high,0.993
2000,2000,WASHINGTON,08 01 MIDWAY OUTSI,9420,009309,0.0011324,code_token_name,high,0.993
2000,2000,WASHINGTON,08 01 MIDWAY OUTSI,9420,009301,0.00028791,code_token_name,high,0.993
2000,2000,WASHINGTON,08 02 CHEROKEE OU,9420,009316,0.8625109,code_token_name,high,0.993
2000,2000,WASHINGTON,08 02 CHEROKEE OU,9420,009311,0.13606879,code_token_name,high,0.993
2000,2000,WASHINGTON,08 02 CHEROKEE OU,9420,009309,0.0011324,code_token_name,high,0.993
2000,2000,WASHINGTON,08 02 CHEROKEE OU,9420,009301,0.00028791,code_token_name,high,0.993
2000,2000,WASHINGTON,08 14 CHEROKEE INS,9420,009316,0.8625109,code_token_name,high,0.993
2000,2000,WASHINGTON,08 14 CHEROKEE INS,9420,009311,0.13606879,code_token_name,high,0.993
2000,2000,WASHINGTON,08 14 CHEROKEE INS,9420,009309,0.0011324,code_token_name,high,0.993
2000,2000,WASHINGTON,08 14 CHEROKEE INS,9420,009301,0.00028791,code_token_name,high,0.993
2000,2000,WASHINGTON,08 15 MIDWAY INSID,9420,009316,0.8625109,code_token_name,high,0.993
2000,2000,WASHINGTON,08 15 MIDWAY INSID,9420,009311,0.13606879,code_token_name,high,0.993
2000,2000,WASHINGTON,08 15 MIDWAY INSID,9420,009309,0.0011324,code_token_name,high,0.993
2000,2000,WASHINGTON,08 15 MIDWAY INSID,9420,009301,0.00028791,code_token_name,high,0.993
2000,2000,WASHINGTON,09 01 SOUTHSIDE,9440,009314,0.45306933,code_token_name,high,0.993
2000,2000,WASHINGTON,09 01 SOUTHSIDE,9440,009331,0.28497331,code_token_name,high,0.993
2000,2000,WASHINGTON,09 01 SOUTHSIDE,9440,009323,0.2583456,code_token_name,high,0.993
2000,2000,WASHINGTON,09 01 SOUTHSIDE,9440,009308,0.00330461,code_token_name,high,0.993
2000,2000,WASHINGTON,09 01 SOUTHSIDE,9440,009315,0.00030715,code_token_name,high,0.993
2000,2000,WASHINGTON,09 02 COLUMBUS PO,9440,009314,0.45306933,code_token_name,high,0.993
2000,2000,WASHINGTON,09 02 COLUMBUS PO,9440,009331,0.28497331,code_token_name,high,0.993
2000,2000,WASHINGTON,09 02 COLUMBUS PO,9440,009323,0.2583456,code_token_name,high,0.993
2000,2000,WASHINGTON,09 02 COLUMBUS PO,9440,009308,0.00330461,code_token_name,high,0.993
2000,2000,WASHINGTON,09 02 COLUMBUS PO,9440,009315,0.00030715,code_token_name,high,0.993
2000,2000,WASHINGTON,09 10 FAIRMONT,9444,009324,0.33721483,exact_name,high,1.0
2000,2000,WASHINGTON,09 10 FAIRMONT,9444,009308,0.33574797,exact_name,high,1.0
2000,2000,WASHINGTON,09 10 FAIRMONT,9444,009312,0.32691054,exact_name,high,1.0
2000,2000,WASHINGTON,09 10 FAIRMONT,9444,009320,0.00011747,exact_name,high,1.0
2000,2000,WASHINGTON,09 10 FAIRMONT,9444,009321,9.2e-06,exact_name,high,1.0
2000,2000,WASHINGTON,09 3 KEYSTONE,9448,009323,0.99207443,exact_name,high,1.0
2000,2000,WASHINGTON,09 3 KEYSTONE,9448,009308,0.00404904,exact_name,high,1.0
2000,2000,WASHINGTON,09 3 KEYSTONE,9448,009324,0.00387541,exact_name,high,1.0
2000,2000,WASHINGTON,09 3 KEYSTONE,9448,009331,1.11e-06,exact_name,high,1.0
2000,2000,WASHINGTON,09 5 NORTHSIDE,9456,009308,0.43014034,exact_name,high,1.0
2000,2000,WASHINGTON,09 5 NORTHSIDE,9456,009312,0.28721769,exact_name,high,1.0
2000,2000,WASHINGTON,09 5 NORTHSIDE,9456,009320,0.28260378,exact_name,high,1.0
2000,2000,WASHINGTON,09 5 NORTHSIDE,9456,009323,3.82e-05,exact_name,high,1.0
2000,2000,WASHINGTON,09 6 STRATTON,9460,009324,0.62401421,exact_name,high,1.0
2000,2000,WASHINGTON,09 6 STRATTON,9460,009312,0.28608862,exact_name,high,1.0
2000,2000,WASHINGTON,09 6 STRATTON,9460,009308,0.0776954,exact_name,high,1.0
2000,2000,WASHINGTON,09 6 STRATTON,9460,009328,0.01157001,exact_name,high,1.0
2000,2000,WASHINGTON,09 6 STRATTON,9460,009323,0.00063176,exact_name,high,1.0
2000,2000,WASHINGTON,09 7 AI WOODLAND,9464,009336,0.97199442,exact_name,high,1.0
2000,2000,WASHINGTON,09 7 AI WOODLAND,9464,009321,0.01972836,exact_name,high,1.0
2000,2000,WASHINGTON,09 7 AI WOODLAND,9464,009301,0.00827722,exact_name,high,1.0
2000,2000,WASHINGTON,09 7 AO ASBURY,9468,009301,0.62011663,prefix_name,high,0.995
2000,2000,WASHINGTON,09 7 AO ASBURY,9468,009336,0.31692005,prefix_name,high,0.995
2000,2000,WASHINGTON,09 7 AO ASBURY,9468,009333,0.03453288,prefix_name,high,0.995
2000,2000,WASHINGTON,09 7 AO ASBURY,9468,009334,0.01507679,prefix_name,high,0.995
2000,2000,WASHINGTON,09 7 AO ASBURY,9468,009321,0.01312155,prefix_name,high,0.995
2000,2000,WASHINGTON,09 7 AO ASBURY,9468,009335,0.00023211,prefix_name,high,0.995
2000,2000,WASHINGTON,09 7K MTN VIEW,9440,009314,0.45306933,code_token_name,high,0.993
2000,2000,WASHINGTON,09 7K MTN VIEW,9440,009331,0.28497331,code_token_name,high,0.993
2000,2000,WASHINGTON,09 7K MTN VIEW,9440,009323,0.2583456,code_token_name,high,0.993
2000,2000,WASHINGTON,09 7K MTN VIEW,9440,009308,0.00330461,code_token_name,high,0.993
2000,2000,WASHINGTON,09 7K MTN VIEW,9440,009315,0.00030715,code_token_name,high,0.993
2000,2000,WASHINGTON,09 8 ETSU MINIDOME,9484,009314,0.65481132,exact_name,high,1.0
2000,2000,WASHINGTON,09 8 ETSU MINIDOME,9484,009311,0.15513224,exact_name,high,1.0
2000,2000,WASHINGTON,09 8 ETSU MINIDOME,9484,009331,0.14809363,exact_name,high,1.0
2000,2000,WASHINGTON,09 8 ETSU MINIDOME,9484,009321,0.03664631,exact_name,high,1.0
2000,2000,WASHINGTON,09 8 ETSU MINIDOME,9484,009315,0.00531531,exact_name,high,1.0
2000,2000,WASHINGTON,09 8 ETSU MINIDOME,9484,009320,1.2e-06,exact_name,high,1.0
2000,2000,WASHINGTON,09 9 HENRY JOHNSO,9440,009314,0.45306933,code_token_name,high,0.993
2000,2000,WASHINGTON,09 9 HENRY JOHNSO,9440,009331,0.28497331,code_token_name,high,0.993
2000,2000,WASHINGTON,09 9 HENRY JOHNSO,9440,009323,0.2583456,code_token_name,high,0.993
2000,2000,WASHINGTON,09 9 HENRY JOHNSO,9440,009308,0.00330461,code_token_name,high,0.993
2000,2000,WASHINGTON,09 9 HENRY JOHNSO,9440,009315,0.00030715,code_token_name,high,0.993
2000,2000,WASHINGTON,10 01 PRINCETON,9492,009328,0.91764354,code_token_name,high,0.993
2000,2000,WASHINGTON,10 01 PRINCETON,9492,009324,0.08204818,code_token_name,high,0.993
2000,2000,WASHINGTON,10 01 PRINCETON,9492,009312,0.00030828,code_token_name,high,0.993
2000,2000,WASHINGTON,10 02 PRINCETON,9492,009328,0.91764354,code_token_name,high,0.993
2000,2000,WASHINGTON,10 02 PRINCETON,9492,009324,0.08204818,code_token_name,high,0.993
2000,2000,WASHINGTON,10 02 PRINCETON,9492,009312,0.00030828,code_token_name,high,0.993
2000,2000,WASHINGTON,10 12E INDIAN TRAIL,9492,009328,0.91764354,code_token_name,high,0.993
2000,2000,WASHINGTON,10 12E INDIAN TRAIL,9492,009324,0.08204818,code_token_name,high,0.993
2000,2000,WASHINGTON,10 12E INDIAN TRAIL,9492,009312,0.00030828,code_token_name,high,0.993
2000,2000,WASHINGTON,10 12W TOWNE ACR,9492,009328,0.91764354,code_token_name,high,0.993
2000,2000,WASHINGTON,10 12W TOWNE ACR,9492,009324,0.08204818,code_token_name,high,0.993
2000,2000,WASHINGTON,10 12W TOWNE ACR,9492,009312,0.00030828,code_token_name,high,0.993
2000,2000,WASHINGTON,11 16 LAKERIDGE,9508,009305,0.45692339,code_token_name,high,0.993
2000,2000,WASHINGTON,11 16 LAKERIDGE,9508,009306,0.20357813,code_token_name,high,0.993
2000,2000,WASHINGTON,11 16 LAKERIDGE,9508,009301,0.08372087,code_token_name,high,0.993
2000,2000,WASHINGTON,11 16 LAKERIDGE,9508,009304,0.06013658,code_token_name,high,0.993
2000,2000,WASHINGTON,11 16 LAKERIDGE,9508,009328,0.04294748,code_token_name,high,0.993
2000,2000,WASHINGTON,11 16 LAKERIDGE,9508,009324,0.03908362,code_token_name,high,0.993
2000,2000,WASHINGTON,11 16 LAKERIDGE,9508,009336,0.03497888,code_token_name,high,0.993
2000,2000,WASHINGTON,11 16 LAKERIDGE,9508,009334,0.02332314,code_token_name,high,0.993
2000,2000,WASHINGTON,11 16 LAKERIDGE,9508,009333,0.0180674,code_token_name,high,0.993
2000,2000,WASHINGTON,11 16 LAKERIDGE,9508,009318,0.01524658,code_token_name,high,0.993
2000,2000,WASHINGTON,11 16 LAKERIDGE,9508,009302,0.01167294,code_token_name,high,0.993
2000,2000,WASHINGTON,11 16 LAKERIDGE,9508,009322,0.00837885,code_token_name,high,0.993
2000,2000,WASHINGTON,11 16 LAKERIDGE,9508,009317,0.00194215,code_token_name,high,0.993
2000,2000,WASHINGTON,11 BOONES CREEK,9508,009305,0.45692339,prefix_name,high,0.995
2000,2000,WASHINGTON,11 BOONES CREEK,9508,009306,0.20357813,prefix_name,high,0.995
2000,2000,WASHINGTON,11 BOONES CREEK,9508,009301,0.08372087,prefix_name,high,0.995
2000,2000,WASHINGTON,11 BOONES CREEK,9508,009304,0.06013658,prefix_name,high,0.995
2000,2000,WASHINGTON,11 BOONES CREEK,9508,009328,0.04294748,prefix_name,high,0.995
2000,2000,WASHINGTON,11 BOONES CREEK,9508,009324,0.03908362,prefix_name,high,0.995
2000,2000,WASHINGTON,11 BOONES CREEK,9508,009336,0.03497888,prefix_name,high,0.995
2000,2000,WASHINGTON,11 BOONES CREEK,9508,009334,0.02332314,prefix_name,high,0.995
2000,2000,WASHINGTON,11 BOONES CREEK,9508,009333,0.0180674,prefix_name,high,0.995
2000,2000,WASHINGTON,11 BOONES CREEK,9508,009318,0.01524658,prefix_name,high,0.995
2000,2000,WASHINGTON,11 BOONES CREEK,9508,009302,0.01167294,prefix_name,high,0.995
2000,2000,WASHINGTON,11 BOONES CREEK,9508,009322,0.00837885,prefix_name,high,0.995
2000,2000,WASHINGTON,11 BOONES CREEK,9508,009317,0.00194215,prefix_name,high,0.995
2000,2000,WASHINGTON,12E GRAY EAST,9516,009318,0.8572879,code_token_name,high,0.993
2000,2000,WASHINGTON,12E GRAY EAST,9516,009317,0.09351317,code_token_name,high,0.993
2000,2000,WASHINGTON,12E GRAY EAST,9516,009305,0.04919894,code_token_name,high,0.993
2000,2000,WASHINGTON,12W GRAY WEST,9518,009318,0.86173463,code_token_name,high,0.993
2000,2000,WASHINGTON,12W GRAY WEST,9518,009317,0.06965724,code_token_name,high,0.993
2000,2000,WASHINGTON,12W GRAY WEST,9518,009332,0.05261311,code_token_name,high,0.993
2000,2000,WASHINGTON,12W GRAY WEST,9518,009319,0.01581402,code_token_name,high,0.993
2000,2000,WASHINGTON,12W GRAY WEST,9518,009306,0.00018099,code_token_name,high,0.993
2000,2000,WASHINGTON,13 HARMONY,9520,009319,0.9015821,exact_name,high,1.0
2000,2000,WASHINGTON,13 HARMONY,9520,009332,0.09763158,exact_name,high,1.0
2000,2000,WASHINGTON,13 HARMONY,9520,009307,0.00047258,exact_name,high,1.0
2000,2000,WASHINGTON,13 HARMONY,9520,009313,0.00031373,exact_name,high,1.0
2000,2000,WASHINGTON,14 SULPHUR SPRING,9524,009332,0.99917116,code_token_name,high,0.993
2000,2000,WASHINGTON,14 SULPHUR SPRING,9524,009318,0.00036059,code_token_name,high,0.993
2000,2000,WASHINGTON,14 SULPHUR SPRING,9524,009319,0.00017996,code_token_name,high,0.993
2000,2000,WASHINGTON,14 SULPHUR SPRING,9524,009306,0.00015746,code_token_name,high,0.993
2000,2000,WASHINGTON,14 SULPHUR SPRING,9524,009307,0.0001283,code_token_name,high,0.993
2000,2000,WASHINGTON,14 SULPHUR SPRING,9524,009309,2.55e-06,code_token_name,high,0.993
2000,2000,WASHINGTON,15 1 TOWN HALL,9528,009335,0.96762843,code_token_name,high,0.993
2000,2000,WASHINGTON,15 1 TOWN HALL,9528,009309,0.02795083,code_token_name,high,0.993
2000,2000,WASHINGTON,15 1 TOWN HALL,9528,009301,0.00442074,code_token_name,high,0.993
2000,2000,WASHINGTON,15 2 COURTHOUSE,9528,009335,0.96762843,code_token_name,high,0.993
2000,2000,WASHINGTON,15 2 COURTHOUSE,9528,009309,0.02795083,code_token_name,high,0.993
2000,2000,WASHINGTON,15 2 COURTHOUSE,9528,009301,0.00442074,code_token_name,high,0.993
2000,2000,WASHINGTON,16 LEESBURG,9536,009307,0.73830941,exact_name,high,1.0
2000,2000,WASHINGTON,16 LEESBURG,9536,009332,0.14069851,exact_name,high,1.0
2000,2000,WASHINGTON,16 LEESBURG,9536,009309,0.11420856,exact_name,high,1.0
2000,2000,WASHINGTON,16 LEESBURG,9536,009335,0.00666783,exact_name,high,1.0
2000,2000,WASHINGTON,16 LEESBURG,9536,009327,0.00011249,exact_name,high,1.0
2000,2000,WASHINGTON,16 LEESBURG,9536,009326,3.2e-06,exact_name,high,1.0
2000,2000,WASHINGTON,17 BOWMANTOWN,9540,009307,0.93314975,exact_name,high,1.0
2000,2000,WASHINGTON,17 BOWMANTOWN,9540,009329,0.06664655,exact_name,high,1.0
2000,2000,WASHINGTON,17 BOWMANTOWN,9540,009319,0.00014214,exact_name,high,1.0
2000,2000,WASHINGTON,17 BOWMANTOWN,9540,009332,6.04e-05,exact_name,high,1.0
2000,2000,WASHINGTON,17 BOWMANTOWN,9540,009326,1.15e-06,exact_name,high,1.0
2000,2000,WASHINGTON,18 LIMESTONE,9544,009329,0.99287911,exact_name,high,1.0
2000,2000,WASHINGTON,18 LIMESTONE,9544,009326,0.0037324,exact_name,high,1.0
2000,2000,WASHINGTON,18 LIMESTONE,9544,009330,0.0031815,exact_name,high,1.0
2000,2000,WASHINGTON,18 LIMESTONE,9544,009307,0.00020699,exact_name,high,1.0
2000,2000,WAYNE,1 1 CITY,9552,009404,0.54734403,code_token_name,high,0.993
2000,2000,WAYNE,1 1 CITY,9552,009407,0.45066384,code_token_name,high,0.993
2000,2000,WAYNE,1 1 CITY,9552,009414,0.00129622,code_token_name,high,0.993
2000,2000,WAYNE,1 1 CITY,9552,009409,0.0005062,code_token_name,high,0.993
2000,2000,WAYNE,1 1 CITY,9552,009408,0.00018971,code_token_name,high,0.993
2000,2000,WAYNE,2 1 BEECH CR,9556,009402,0.72697243,code_token_name,high,0.993
2000,2000,WAYNE,2 1 BEECH CR,9556,009409,0.27292047,code_token_name,high,0.993
2000,2000,WAYNE,2 1 BEECH CR,9556,009410,8.456e-05,code_token_name,high,0.993
2000,2000,WAYNE,2 1 BEECH CR,9556,009408,2.255e-05,code_token_name,high,0.993
2000,2000,WAYNE,2 2 CLIFTON,9556,009402,0.72697243,code_token_name,high,0.993
2000,2000,WAYNE,2 2 CLIFTON,9556,009409,0.27292047,code_token_name,high,0.993
2000,2000,WAYNE,2 2 CLIFTON,9556,009410,8.456e-05,code_token_name,high,0.993
2000,2000,WAYNE,2 2 CLIFTON,9556,009408,2.255e-05,code_token_name,high,0.993
2000,2000,WAYNE,3 1 BUFFALO RIVER,9568,009410,0.45214656,code_token_name,high,0.993
2000,2000,WAYNE,3 1 BUFFALO RIVER,9568,009407,0.317497,code_token_name,high,0.993
2000,2000,WAYNE,3 1 BUFFALO RIVER,9568,009409,0.21484665,code_token_name,high,0.993
2000,2000,WAYNE,3 1 BUFFALO RIVER,9568,009404,0.01542446,code_token_name,high,0.993
2000,2000,WAYNE,3 1 BUFFALO RIVER,9568,009402,4.403e-05,code_token_name,high,0.993
2000,2000,WAYNE,3 1 BUFFALO RIVER,9568,009408,4.13e-05,code_token_name,high,0.993
2000,2000,WAYNE,3 2 ROBNETT,9568,009410,0.45214656,code_token_name,high,0.993
2000,2000,WAYNE,3 2 ROBNETT,9568,009407,0.317497,code_token_name,high,0.993
2000,2000,WAYNE,3 2 ROBNETT,9568,009409,0.21484665,code_token_name,high,0.993
2000,2000,WAYNE,3 2 ROBNETT,9568,009404,0.01542446,code_token_name,high,0.993
2000,2000,WAYNE,3 2 ROBNETT,9568,009402,4.403e-05,code_token_name,high,0.993
2000,2000,WAYNE,3 2 ROBNETT,9568,009408,4.13e-05,code_token_name,high,0.993
2000,2000,WAYNE,4 1 C WOOD CITY,9576,009411,0.95047284,code_token_name,high,0.993
2000,2000,WAYNE,4 1 C WOOD CITY,9576,009403,0.04041257,code_token_name,high,0.993
2000,2000,WAYNE,4 1 C WOOD CITY,9576,009405,0.00611883,code_token_name,high,0.993
2000,2000,WAYNE,4 1 C WOOD CITY,9576,009412,0.00298918,code_token_name,high,0.993
2000,2000,WAYNE,4 1 C WOOD CITY,9576,009413,6.58e-06,code_token_name,high,0.993
2000,2000,WAYNE,4 2 C WOOD DIST,9576,009411,0.95047284,code_token_name,high,0.993
2000,2000,WAYNE,4 2 C WOOD DIST,9576,009403,0.04041257,code_token_name,high,0.993
2000,2000,WAYNE,4 2 C WOOD DIST,9576,009405,0.00611883,code_token_name,high,0.993
2000,2000,WAYNE,4 2 C WOOD DIST,9576,009412,0.00298918,code_token_name,high,0.993
2000,2000,WAYNE,4 2 C WOOD DIST,9576,009413,6.58e-06,code_token_name,high,0.993
2000,2000,WAYNE,5 1 BIG C,9584,009413,0.72273179,code_token_name,high,0.993
2000,2000,WAYNE,5 1 BIG C,9584,009412,0.24286114,code_token_name,high,0.993
2000,2000,WAYNE,5 1 BIG C,9584,009405,0.03440213,code_token_name,high,0.993
2000,2000,WAYNE,5 1 BIG C,9584,009403,4.94e-06,code_token_name,high,0.993
2000,2000,WAYNE,5 2 LUTTS,0009,0009,1.0,exact_name,high,1.0
2000,2000,WAYNE,6 1 FAIR,9592,009412,0.55157541,code_token_name,high,0.993
2000,2000,WAYNE,6 1 FAIR,9592,009406,0.44842459,code_token_name,high,0.993
2000,2000,WAYNE,6 2 SHAW,9592,009412,0.55157541,code_token_name,high,0.993
2000,2000,WAYNE,6 2 SHAW,9592,009406,0.44842459,code_token_name,high,0.993
2000,2000,WAYNE,7 1 W C H S,9600,009407,0.41031586,code_token_name,high,0.993
2000,2000,WAYNE,7 1 W C H S,9600,009414,0.29292853,code_token_name,high,0.993
2000,2000,WAYNE,7 1 W C H S,9600,009405,0.15151079,code_token_name,high,0.993
2000,2000,WAYNE,7 1 W C H S,9600,009411,0.08474163,code_token_name,high,0.993
2000,2000,WAYNE,7 1 W C H S,9600,009408,0.05921709,code_token_name,high,0.993
2000,2000,WAYNE,7 1 W C H S,9600,009404,0.00098308,code_token_name,high,0.993
2000,2000,WAYNE,7 1 W C H S,9600,009403,0.00021343,code_token_name,high,0.993
2000,2000,WAYNE,7 1 W C H S,9600,009409,8.279e-05,code_token_name,high,0.993
2000,2000,WAYNE,7 1 W C H S,9600,009402,6.79e-06,code_token_name,high,0.993
2000,2000,WEAKLEY,01A PALMERSVILLE,9608,009501,0.77453606,exact_name,high,1.0
2000,2000,WEAKLEY,01A PALMERSVILLE,9608,009502,0.1127513,exact_name,high,1.0
2000,2000,WEAKLEY,01A PALMERSVILLE,9608,009503,0.11271265,exact_name,high,1.0
2000,2000,WEAKLEY,01B LATHAM FIRE,9612,009503,0.8973861,code_token_name,high,0.993
2000,2000,WEAKLEY,01B LATHAM FIRE,9612,009505,0.10254144,code_token_name,high,0.993
2000,2000,WEAKLEY,01B LATHAM FIRE,9612,009501,7.246e-05,code_token_name,high,0.993
2000,2000,WEAKLEY,02 DRESDEN FIRE,9616,009501,0.56143321,code_token_name,high,0.993
2000,2000,WEAKLEY,02 DRESDEN FIRE,9616,009503,0.30034471,code_token_name,high,0.993
2000,2000,WEAKLEY,02 DRESDEN FIRE,9616,009504,0.13795217,code_token_name,high,0.993
2000,2000,WEAKLEY,02 DRESDEN FIRE,9616,009502,0.00026991,code_token_name,high,0.993
2000,2000,WEAKLEY,03A GLEASON FIRE,9620,009502,0.84302347,code_token_name,high,0.993
2000,2000,WEAKLEY,03A GLEASON FIRE,9620,009501,0.13057709,code_token_name,high,0.993
2000,2000,WEAKLEY,03A GLEASON FIRE,9620,009506,0.02592538,code_token_name,high,0.993
2000,2000,WEAKLEY,03A GLEASON FIRE,9620,009504,0.00047407,code_token_name,high,0.993
2000,2000,WEAKLEY,03B CAMPBELL WEL,9624,009502,0.67652809,code_token_name,high,0.993
2000,2000,WEAKLEY,03B CAMPBELL WEL,9624,009507,0.32321006,code_token_name,high,0.993
2000,2000,WEAKLEY,03B CAMPBELL WEL,9624,009506,0.00026185,code_token_name,high,0.993
2000,2000,WEAKLEY,04A GREENFIELD PA,9628,009507,0.99989,code_token_name,high,0.993
2000,2000,WEAKLEY,04A GREENFIELD PA,9628,009506,0.00011,code_token_name,high,0.993
2000,2000,WEAKLEY,04B STAFFORD STOR,9632,009507,1.0,code_token_name,high,0.993
2000,2000,WEAKLEY,05A SHARON FIRE,9636,009506,0.87170598,code_token_name,high,0.993
2000,2000,WEAKLEY,05A SHARON FIRE,9636,009507,0.09863351,code_token_name,high,0.993
2000,2000,WEAKLEY,05A SHARON FIRE,9636,009502,0.02962696,code_token_name,high,0.993
2000,2000,WEAKLEY,05A SHARON FIRE,9636,009504,3.355e-05,code_token_name,high,0.993
2000,2000,WEAKLEY,05B SIDONIA FIRE,9640,009506,0.84261977,code_token_name,high,0.993
2000,2000,WEAKLEY,05B SIDONIA FIRE,9640,009507,0.15738023,code_token_name,high,0.993
2000,2000,WEAKLEY,06A GARDNER,9644,009509,0.99949991,exact_name,high,1.0
2000,2000,WEAKLEY,06A GARDNER,9644,009505,0.00031843,exact_name,high,1.0
2000,2000,WEAKLEY,06A GARDNER,9644,009510,0.00015449,exact_name,high,1.0
2000,2000,WEAKLEY,06A GARDNER,9644,009508,1.611e-05,exact_name,high,1.0
2000,2000,WEAKLEY,06A GARDNER,9644,009506,1.105e-05,exact_name,high,1.0
2000,2000,WEAKLEY,06C MARTIN MS,9652,009509,0.47983049,code_token_name,high,0.993
2000,2000,WEAKLEY,06C MARTIN MS,9652,009506,0.47024311,code_token_name,high,0.993
2000,2000,WEAKLEY,06C MARTIN MS,9652,009508,0.03889473,code_token_name,high,0.993
2000,2000,WEAKLEY,06C MARTIN MS,9652,009510,0.01099838,code_token_name,high,0.993
2000,2000,WEAKLEY,06C MARTIN MS,9652,009505,3.329e-05,code_token_name,high,0.993
2000,2000,WEAKLEY,07 TRINITY PRES CH,9656,009509,0.61571386,code_token_name,high,0.993
2000,2000,WEAKLEY,07 TRINITY PRES CH,9656,009510,0.37597126,code_token_name,high,0.993
2000,2000,WEAKLEY,07 TRINITY PRES CH,9656,009508,0.00831488,code_token_name,high,0.993
2000,2000,WEAKLEY,08 MARTIN MAIN FIR,9660,009508,0.91599612,code_token_name,high,0.993
2000,2000,WEAKLEY,08 MARTIN MAIN FIR,9660,009510,0.08248758,code_token_name,high,0.993
2000,2000,WEAKLEY,08 MARTIN MAIN FIR,9660,009509,0.0015163,code_token_name,high,0.993
2000,2000,WEAKLEY,09 METHODIST CENT,9664,009505,0.86712685,code_token_name,high,0.993
2000,2000,WEAKLEY,09 METHODIST CENT,9664,009508,0.07932693,code_token_name,high,0.993
2000,2000,WEAKLEY,09 METHODIST CENT,9664,009509,0.03532925,code_token_name,high,0.993
2000,2000,WEAKLEY,09 METHODIST CENT,9664,009503,0.01821697,code_token_name,high,0.993
2000,2000,WEAKLEY,10 WEAKLEY CO CO,9668,009505,0.45937567,code_token_name,high,0.993
2000,2000,WEAKLEY,10 WEAKLEY CO CO,9668,009504,0.27372637,code_token_name,high,0.993
2000,2000,WEAKLEY,10 WEAKLEY CO CO,9668,009506,0.16814216,code_token_name,high,0.993
2000,2000,WEAKLEY,10 WEAKLEY CO CO,9668,009503,0.09827016,code_token_name,high,0.993
2000,2000,WEAKLEY,10 WEAKLEY CO CO,9668,009508,0.00048562,code_token_name,high,0.993
2000,2000,WEAKLEY,10 WEAKLEY CO CO,9668,009502,1e-08,code_token_name,high,0.993
2000,2000,WHITE,1 1 RESCUE SQUAD,9680,009608,0.97597164,prefix_name,high,0.995
2000,2000,WHITE,1 1 RESCUE SQUAD,9680,009609,0.02043335,prefix_name,high,0.995
2000,2000,WHITE,1 1 RESCUE SQUAD,9680,009611,0.00359502,prefix_name,high,0.995
2000,2000,WHITE,2 1 SENIOR HS,9684,009611,0.93501989,code_token_name,high,0.993
2000,2000,WHITE,2 1 SENIOR HS,9684,009608,0.04973397,code_token_name,high,0.993
2000,2000,WHITE,2 1 SENIOR HS,9684,009607,0.01161991,code_token_name,high,0.993
2000,2000,WHITE,2 1 SENIOR HS,9684,009610,0.00300236,code_token_name,high,0.993
2000,2000,WHITE,2 1 SENIOR HS,9684,009609,0.00055125,code_token_name,high,0.993
2000,2000,WHITE,2 1 SENIOR HS,9684,009604,7.261e-05,code_token_name,high,0.993
2000,2000,WHITE,2 2 ARMORY,9684,009611,0.93501989,code_token_name,high,0.993
2000,2000,WHITE,2 2 ARMORY,9684,009608,0.04973397,code_token_name,high,0.993
2000,2000,WHITE,2 2 ARMORY,9684,009607,0.01161991,code_token_name,high,0.993
2000,2000,WHITE,2 2 ARMORY,9684,009610,0.00300236,code_token_name,high,0.993
2000,2000,WHITE,2 2 ARMORY,9684,009609,0.00055125,code_token_name,high,0.993
2000,2000,WHITE,2 2 ARMORY,9684,009604,7.261e-05,code_token_name,high,0.993
2000,2000,WHITE,3 1 FINDLAY,9688,009607,0.97656203,code_token_name,high,0.993
2000,2000,WHITE,3 1 FINDLAY,9688,009609,0.01706604,code_token_name,high,0.993
2000,2000,WHITE,3 1 FINDLAY,9688,009604,0.00546624,code_token_name,high,0.993
2000,2000,WHITE,3 1 FINDLAY,9688,009606,0.00033728,code_token_name,high,0.993
2000,2000,WHITE,3 1 FINDLAY,9688,009608,0.00032276,code_token_name,high,0.993
2000,2000,WHITE,3 1 FINDLAY,9688,009611,0.00019909,code_token_name,high,0.993
2000,2000,WHITE,3 1 FINDLAY,9688,009605,4.655e-05,code_token_name,high,0.993
2000,2000,WHITE,4 1 SPARTA ELEC,9692,009605,0.94846914,code_token_name,high,0.993
2000,2000,WHITE,4 1 SPARTA ELEC,9692,009609,0.05071174,code_token_name,high,0.993
2000,2000,WHITE,4 1 SPARTA ELEC,9692,009606,0.00066286,code_token_name,high,0.993
2000,2000,WHITE,4 1 SPARTA ELEC,9692,009608,0.00011606,code_token_name,high,0.993
2000,2000,WHITE,4 1 SPARTA ELEC,9692,009603,3.145e-05,code_token_name,high,0.993
2000,2000,WHITE,4 1 SPARTA ELEC,9692,009607,8.75e-06,code_token_name,high,0.993
2000,2000,WHITE,4 2 BONDECROFT,0007,0007,1.0,exact_name,high,1.0
2000,2000,WHITE,5 1 DOYLE CIVIC CTR,9700,009603,0.87303858,code_token_name,high,0.993
2000,2000,WHITE,5 1 DOYLE CIVIC CTR,9700,009610,0.06432571,code_token_name,high,0.993
2000,2000,WHITE,5 1 DOYLE CIVIC CTR,9700,009609,0.06216601,code_token_name,high,0.993
2000,2000,WHITE,5 1 DOYLE CIVIC CTR,9700,009608,0.00041136,code_token_name,high,0.993
2000,2000,WHITE,5 1 DOYLE CIVIC CTR,9700,009605,5.752e-05,code_token_name,high,0.993
2000,2000,WHITE,5 1 DOYLE CIVIC CTR,9700,009611,8.3e-07,code_token_name,high,0.993
2000,2000,WHITE,6 1 CENTRAL VIEW,0009,0009,1.0,exact_name,high,1.0
2000,2000,WHITE,6 2 CASSVILLE,0010,0010,1.0,exact_name,high,1.0
2000,2000,WHITE,7 1 NORTH END FIRE,9712,009604,0.84056174,prefix_name,high,0.995
2000,2000,WHITE,7 1 NORTH END FIRE,9712,009601,0.11417119,prefix_name,high,0.995
2000,2000,WHITE,7 1 NORTH END FIRE,9712,009610,0.04124467,prefix_name,high,0.995
2000,2000,WHITE,7 1 NORTH END FIRE,9712,009607,0.00319065,prefix_name,high,0.995
2000,2000,WHITE,7 1 NORTH END FIRE,9712,009611,0.00083175,prefix_name,high,0.995
2000,2000,WILLIAMSON,01 1 FAIRVIEW ELEM,9720,009701,0.51220221,code_token_name,high,0.993
2000,2000,WILLIAMSON,01 1 FAIRVIEW ELEM,9720,009702,0.4868549,code_token_name,high,0.993
2000,2000,WILLIAMSON,01 1 FAIRVIEW ELEM,9720,009703,0.00094289,code_token_name,high,0.993
2000,2000,WILLIAMSON,01 2 FAIRVW REC CT,9720,009701,0.51220221,code_token_name,high,0.993
2000,2000,WILLIAMSON,01 2 FAIRVW REC CT,9720,009702,0.4868549,code_token_name,high,0.993
2000,2000,WILLIAMSON,01 2 FAIRVW REC CT,9720,009703,0.00094289,code_token_name,high,0.993
2000,2000,WILLIAMSON,02 1 PINEWOOD,9724,009703,0.90155906,prefix_name,high,0.995
2000,2000,WILLIAMSON,02 1 PINEWOOD,9724,009702,0.09819016,prefix_name,high,0.995
2000,2000,WILLIAMSON,02 1 PINEWOOD,9724,009731,0.00024921,prefix_name,high,0.995
2000,2000,WILLIAMSON,02 1 PINEWOOD,9724,009704,1.57e-06,prefix_name,high,0.995
2000,2000,WILLIAMSON,02 2 HILLSBORO,9728,009731,0.58411145,prefix_name,high,0.995
2000,2000,WILLIAMSON,02 2 HILLSBORO,9728,009704,0.22470868,prefix_name,high,0.995
2000,2000,WILLIAMSON,02 2 HILLSBORO,9728,009702,0.08484491,prefix_name,high,0.995
2000,2000,WILLIAMSON,02 2 HILLSBORO,9728,009703,0.05719201,prefix_name,high,0.995
2000,2000,WILLIAMSON,02 2 HILLSBORO,9728,009730,0.04897149,prefix_name,high,0.995
2000,2000,WILLIAMSON,02 2 HILLSBORO,9728,009729,0.00014647,prefix_name,high,0.995
2000,2000,WILLIAMSON,02 2 HILLSBORO,9728,009728,2.499e-05,prefix_name,high,0.995
2000,2000,WILLIAMSON,02 3 HUFF S,9724,009703,0.90155906,code_token_name,high,0.993
2000,2000,WILLIAMSON,02 3 HUFF S,9724,009702,0.09819016,code_token_name,high,0.993
2000,2000,WILLIAMSON,02 3 HUFF S,9724,009731,0.00024921,code_token_name,high,0.993
2000,2000,WILLIAMSON,02 3 HUFF S,9724,009704,1.57e-06,code_token_name,high,0.993
2000,2000,WILLIAMSON,03 1 THOMPSON S ST,9736,009741,0.27930009,code_token_name,high,0.993
2000,2000,WILLIAMSON,03 1 THOMPSON S ST,9736,009704,0.25888194,code_token_name,high,0.993
2000,2000,WILLIAMSON,03 1 THOMPSON S ST,9736,009706,0.12682553,code_token_name,high,0.993
2000,2000,WILLIAMSON,03 1 THOMPSON S ST,9736,009999,0.10101789,code_token_name,high,0.993
2000,2000,WILLIAMSON,03 1 THOMPSON S ST,9736,009709,0.09614902,code_token_name,high,0.993
2000,2000,WILLIAMSON,03 1 THOMPSON S ST,9736,009710,0.05495461,code_token_name,high,0.993
2000,2000,WILLIAMSON,03 1 THOMPSON S ST,9736,009742,0.04288913,code_token_name,high,0.993
2000,2000,WILLIAMSON,03 1 THOMPSON S ST,9736,009711,0.03675622,code_token_name,high,0.993
2000,2000,WILLIAMSON,03 1 THOMPSON S ST,9736,009705,0.00183931,code_token_name,high,0.993
2000,2000,WILLIAMSON,03 1 THOMPSON S ST,9736,009737,0.00138627,code_token_name,high,0.993
2000,2000,WILLIAMSON,03 2 BETHESDA,9740,009705,0.99850416,prefix_name,high,0.995
2000,2000,WILLIAMSON,03 2 BETHESDA,9740,009711,0.00112565,prefix_name,high,0.995
2000,2000,WILLIAMSON,03 2 BETHESDA,9740,009708,0.00037019,prefix_name,high,0.995
2000,2000,WILLIAMSON,03 3 COLLEGE GROV,9736,009741,0.27930009,code_token_name,high,0.993
2000,2000,WILLIAMSON,03 3 COLLEGE GROV,9736,009704,0.25888194,code_token_name,high,0.993
2000,2000,WILLIAMSON,03 3 COLLEGE GROV,9736,009706,0.12682553,code_token_name,high,0.993
2000,2000,WILLIAMSON,03 3 COLLEGE GROV,9736,009999,0.10101789,code_token_name,high,0.993
2000,2000,WILLIAMSON,03 3 COLLEGE GROV,9736,009709,0.09614902,code_token_name,high,0.993
2000,2000,WILLIAMSON,03 3 COLLEGE GROV,9736,009710,0.05495461,code_token_name,high,0.993
2000,2000,WILLIAMSON,03 3 COLLEGE GROV,9736,009742,0.04288913,code_token_name,high,0.993
2000,2000,WILLIAMSON,03 3 COLLEGE GROV,9736,009711,0.03675622,code_token_name,high,0.993
2000,2000,WILLIAMSON,03 3 COLLEGE GROV,9736,009705,0.00183931,code_token_name,high,0.993
2000,2000,WILLIAMSON,03 3 COLLEGE GROV,9736,009737,0.00138627,code_token_name,high,0.993
2000,2000,WILLIAMSON,03 4 OAKVIEW SCHO,9736,009741,0.27930009,code_token_name,high,0.993
2000,2000,WILLIAMSON,03 4 OAKVIEW SCHO,9736,009704,0.25888194,code_token_name,high,0.993
2000,2000,WILLIAMSON,03 4 OAKVIEW SCHO,9736,009706,0.12682553,code_token_name,high,0.993
2000,2000,WILLIAMSON,03 4 OAKVIEW SCHO,9736,009999,0.10101789,code_token_name,high,0.993
2000,2000,WILLIAMSON,03 4 OAKVIEW SCHO,9736,009709,0.09614902,code_token_name,high,0.993
2000,2000,WILLIAMSON,03 4 OAKVIEW SCHO,9736,009710,0.05495461,code_token_name,high,0.993
2000,2000,WILLIAMSON,03 4 OAKVIEW SCHO,9736,009742,0.04288913,code_token_name,high,0.993
2000,2000,WILLIAMSON,03 4 OAKVIEW SCHO,9736,009711,0.03675622,code_token_name,high,0.993
2000,2000,WILLIAMSON,03 4 OAKVIEW SCHO,9736,009705,0.00183931,code_token_name,high,0.993
2000,2000,WILLIAMSON,03 4 OAKVIEW SCHO,9736,009737,0.00138627,code_token_name,high,0.993
2000,2000,WILLIAMSON,04 1 MOORE ELEM,9748,009705,0.37199301,code_token_name,high,0.993
2000,2000,WILLIAMSON,04 1 MOORE ELEM,9748,009740,0.30269903,code_token_name,high,0.993
2000,2000,WILLIAMSON,04 1 MOORE ELEM,9748,009999,0.10065006,code_token_name,high,0.993
2000,2000,WILLIAMSON,04 1 MOORE ELEM,9748,009717,0.09607402,code_token_name,high,0.993
2000,2000,WILLIAMSON,04 1 MOORE ELEM,9748,009707,0.06158335,code_token_name,high,0.993
2000,2000,WILLIAMSON,04 1 MOORE ELEM,9748,009713,0.05203106,code_token_name,high,0.993
2000,2000,WILLIAMSON,04 1 MOORE ELEM,9748,009708,0.01208402,code_token_name,high,0.993
2000,2000,WILLIAMSON,04 1 MOORE ELEM,9748,009739,0.0028708,code_token_name,high,0.993
2000,2000,WILLIAMSON,04 1 MOORE ELEM,9748,009737,1.465e-05,code_token_name,high,0.993
2000,2000,WILLIAMSON,04 2 MILLVIEW C OF,9748,009705,0.37199301,code_token_name,high,0.993
2000,2000,WILLIAMSON,04 2 MILLVIEW C OF,9748,009740,0.30269903,code_token_name,high,0.993
2000,2000,WILLIAMSON,04 2 MILLVIEW C OF,9748,009999,0.10065006,code_token_name,high,0.993
2000,2000,WILLIAMSON,04 2 MILLVIEW C OF,9748,009717,0.09607402,code_token_name,high,0.993
2000,2000,WILLIAMSON,04 2 MILLVIEW C OF,9748,009707,0.06158335,code_token_name,high,0.993
2000,2000,WILLIAMSON,04 2 MILLVIEW C OF,9748,009713,0.05203106,code_token_name,high,0.993
2000,2000,WILLIAMSON,04 2 MILLVIEW C OF,9748,009708,0.01208402,code_token_name,high,0.993
2000,2000,WILLIAMSON,04 2 MILLVIEW C OF,9748,009739,0.0028708,code_token_name,high,0.993
2000,2000,WILLIAMSON,04 2 MILLVIEW C OF,9748,009737,1.465e-05,code_token_name,high,0.993
2000,2000,WILLIAMSON,04 3 1ST PRESBYTER,9748,009705,0.37199301,code_token_name,high,0.993
2000,2000,WILLIAMSON,04 3 1ST PRESBYTER,9748,009740,0.30269903,code_token_name,high,0.993
2000,2000,WILLIAMSON,04 3 1ST PRESBYTER,9748,009999,0.10065006,code_token_name,high,0.993
2000,2000,WILLIAMSON,04 3 1ST PRESBYTER,9748,009717,0.09607402,code_token_name,high,0.993
2000,2000,WILLIAMSON,04 3 1ST PRESBYTER,9748,009707,0.06158335,code_token_name,high,0.993
2000,2000,WILLIAMSON,04 3 1ST PRESBYTER,9748,009713,0.05203106,code_token_name,high,0.993
2000,2000,WILLIAMSON,04 3 1ST PRESBYTER,9748,009708,0.01208402,code_token_name,high,0.993
2000,2000,WILLIAMSON,04 3 1ST PRESBYTER,9748,009739,0.0028708,code_token_name,high,0.993
2000,2000,WILLIAMSON,04 3 1ST PRESBYTER,9748,009737,1.465e-05,code_token_name,high,0.993
2000,2000,WILLIAMSON,05 1 NOLENSVILLE,9756,009716,0.3277798,prefix_name,high,0.995
2000,2000,WILLIAMSON,05 1 NOLENSVILLE,9756,009718,0.26609057,prefix_name,high,0.995
2000,2000,WILLIAMSON,05 1 NOLENSVILLE,9756,009717,0.19927657,prefix_name,high,0.995
2000,2000,WILLIAMSON,05 1 NOLENSVILLE,9756,009715,0.12643747,prefix_name,high,0.995
2000,2000,WILLIAMSON,05 1 NOLENSVILLE,9756,009720,0.06514306,prefix_name,high,0.995
2000,2000,WILLIAMSON,05 1 NOLENSVILLE,9756,009713,0.0116411,prefix_name,high,0.995
2000,2000,WILLIAMSON,05 1 NOLENSVILLE,9756,009721,0.00360053,prefix_name,high,0.995
2000,2000,WILLIAMSON,05 1 NOLENSVILLE,9756,009724,2.625e-05,prefix_name,high,0.995
2000,2000,WILLIAMSON,05 1 NOLENSVILLE,9756,009712,2.44e-06,prefix_name,high,0.995
2000,2000,WILLIAMSON,05 1 NOLENSVILLE,9756,009714,2.21e-06,prefix_name,high,0.995
2000,2000,WILLIAMSON,05 2 HOLY FAMILY C,9732,009721,0.59109697,code_token_name,high,0.993
2000,2000,WILLIAMSON,05 2 HOLY FAMILY C,9732,009712,0.29320329,code_token_name,high,0.993
2000,2000,WILLIAMSON,05 2 HOLY FAMILY C,9732,009720,0.07248886,code_token_name,high,0.993
2000,2000,WILLIAMSON,05 2 HOLY FAMILY C,9732,009713,0.02746797,code_token_name,high,0.993
2000,2000,WILLIAMSON,05 2 HOLY FAMILY C,9732,009718,0.01484328,code_token_name,high,0.993
2000,2000,WILLIAMSON,05 2 HOLY FAMILY C,9732,009719,0.00065608,code_token_name,high,0.993
2000,2000,WILLIAMSON,05 2 HOLY FAMILY C,9732,009715,0.00016603,code_token_name,high,0.993
2000,2000,WILLIAMSON,05 2 HOLY FAMILY C,9732,009724,7.28e-05,code_token_name,high,0.993
2000,2000,WILLIAMSON,05 2 HOLY FAMILY C,9732,009726,4.72e-06,code_token_name,high,0.993
2000,2000,WILLIAMSON,06 1 CONCORD C OF,9764,009719,0.99775975,code_token_name,high,0.993
2000,2000,WILLIAMSON,06 1 CONCORD C OF,9764,009721,0.00084799,code_token_name,high,0.993
2000,2000,WILLIAMSON,06 1 CONCORD C OF,9764,009724,0.000538,code_token_name,high,0.993
2000,2000,WILLIAMSON,06 1 CONCORD C OF,9764,009712,0.00049296,code_token_name,high,0.993
2000,2000,WILLIAMSON,06 1 CONCORD C OF,9764,009720,0.00034915,code_token_name,high,0.993
2000,2000,WILLIAMSON,06 1 CONCORD C OF,9764,009723,1.214e-05,code_token_name,high,0.993
2000,2000,WILLIAMSON,06 2 NEW HOPE,9768,009724,0.909382,prefix_name,high,0.995
2000,2000,WILLIAMSON,06 2 NEW HOPE,9768,009719,0.08991249,prefix_name,high,0.995
2000,2000,WILLIAMSON,06 2 NEW HOPE,9768,009720,0.00042845,prefix_name,high,0.995
2000,2000,WILLIAMSON,06 2 NEW HOPE,9768,009723,0.00027706,prefix_name,high,0.995
2000,2000,WILLIAMSON,07 1 BRENTWOOD H,9772,009722,0.67930935,code_token_name,high,0.993
2000,2000,WILLIAMSON,07 1 BRENTWOOD H,9772,009724,0.17026862,code_token_name,high,0.993
2000,2000,WILLIAMSON,07 1 BRENTWOOD H,9772,009723,0.15042204,code_token_name,high,0.993
2000,2000,WILLIAMSON,07 2 CHILDREN S HO,9772,009722,0.67930935,code_token_name,high,0.993
2000,2000,WILLIAMSON,07 2 CHILDREN S HO,9772,009724,0.17026862,code_token_name,high,0.993
2000,2000,WILLIAMSON,07 2 CHILDREN S HO,9772,009723,0.15042204,code_token_name,high,0.993
2000,2000,WILLIAMSON,08 1 GRASSLAND,9780,009725,0.55149203,prefix_name,high,0.995
2000,2000,WILLIAMSON,08 1 GRASSLAND,9780,009726,0.27961991,prefix_name,high,0.995
2000,2000,WILLIAMSON,08 1 GRASSLAND,9780,009734,0.08882626,prefix_name,high,0.995
2000,2000,WILLIAMSON,08 1 GRASSLAND,9780,009733,0.06583917,prefix_name,high,0.995
2000,2000,WILLIAMSON,08 1 GRASSLAND,9780,009723,0.01314608,prefix_name,high,0.995
2000,2000,WILLIAMSON,08 1 GRASSLAND,9780,009732,0.0006078,prefix_name,high,0.995
2000,2000,WILLIAMSON,08 1 GRASSLAND,9780,009728,0.00024324,prefix_name,high,0.995
2000,2000,WILLIAMSON,08 1 GRASSLAND,9780,009722,0.00019997,prefix_name,high,0.995
2000,2000,WILLIAMSON,08 1 GRASSLAND,9780,009727,2.555e-05,prefix_name,high,0.995
2000,2000,WILLIAMSON,08 1 GRASSLAND,9780,009729,0.0,prefix_name,high,0.995
2000,2000,WILLIAMSON,08 2 SCALES,9784,009722,0.61842176,prefix_name,high,0.995
2000,2000,WILLIAMSON,08 2 SCALES,9784,009725,0.3777627,prefix_name,high,0.995
2000,2000,WILLIAMSON,08 2 SCALES,9784,009723,0.00312931,prefix_name,high,0.995
2000,2000,WILLIAMSON,08 2 SCALES,9784,009727,0.00068623,prefix_name,high,0.995
2000,2000,WILLIAMSON,08 3 EPISCOPAL CHU,9780,009725,0.55149203,code_token_name,high,0.993
2000,2000,WILLIAMSON,08 3 EPISCOPAL CHU,9780,009726,0.27961991,code_token_name,high,0.993
2000,2000,WILLIAMSON,08 3 EPISCOPAL CHU,9780,009734,0.08882626,code_token_name,high,0.993
2000,2000,WILLIAMSON,08 3 EPISCOPAL CHU,9780,009733,0.06583917,code_token_name,high,0.993
2000,2000,WILLIAMSON,08 3 EPISCOPAL CHU,9780,009723,0.01314608,code_token_name,high,0.993
2000,2000,WILLIAMSON,08 3 EPISCOPAL CHU,9780,009732,0.0006078,code_token_name,high,0.993
2000,2000,WILLIAMSON,08 3 EPISCOPAL CHU,9780,009728,0.00024324,code_token_name,high,0.993
2000,2000,WILLIAMSON,08 3 EPISCOPAL CHU,9780,009722,0.00019997,code_token_name,high,0.993
2000,2000,WILLIAMSON,08 3 EPISCOPAL CHU,9780,009727,2.555e-05,code_token_name,high,0.993
2000,2000,WILLIAMSON,08 3 EPISCOPAL CHU,9780,009729,0.0,code_token_name,high,0.993
2000,2000,WILLIAMSON,09 1 WALNUT GROVE,9788,009728,0.70414649,code_token_name,high,0.993
2000,2000,WILLIAMSON,09 1 WALNUT GROVE,9788,009732,0.14256419,code_token_name,high,0.993
2000,2000,WILLIAMSON,09 1 WALNUT GROVE,9788,009734,0.07821261,code_token_name,high,0.993
2000,2000,WILLIAMSON,09 1 WALNUT GROVE,9788,009730,0.06788947,code_token_name,high,0.993
2000,2000,WILLIAMSON,09 1 WALNUT GROVE,9788,009729,0.00708981,code_token_name,high,0.993
2000,2000,WILLIAMSON,09 1 WALNUT GROVE,9788,009725,6.955e-05,code_token_name,high,0.993
2000,2000,WILLIAMSON,09 1 WALNUT GROVE,9788,009726,2.786e-05,code_token_name,high,0.993
2000,2000,WILLIAMSON,09 2 BENTON HALL,9792,009729,0.99195568,exact_name,high,1.0
2000,2000,WILLIAMSON,09 2 BENTON HALL,9792,009727,0.00765237,exact_name,high,1.0
2000,2000,WILLIAMSON,09 2 BENTON HALL,9792,009730,0.00016308,exact_name,high,1.0
2000,2000,WILLIAMSON,09 2 BENTON HALL,9792,009731,0.00015765,exact_name,high,1.0
2000,2000,WILLIAMSON,09 2 BENTON HALL,9792,009728,7.117e-05,exact_name,high,1.0
2000,2000,WILLIAMSON,09 2 BENTON HALL,9792,009725,4e-08,exact_name,high,1.0
2000,2000,WILLIAMSON,10 1 RECREATION CE,9796,009732,0.99667796,code_token_name,high,0.993
2000,2000,WILLIAMSON,10 1 RECREATION CE,9796,009733,0.00189798,code_token_name,high,0.993
2000,2000,WILLIAMSON,10 1 RECREATION CE,9796,009734,0.00142177,code_token_name,high,0.993
2000,2000,WILLIAMSON,10 1 RECREATION CE,9796,009736,2.24e-06,code_token_name,high,0.993
2000,2000,WILLIAMSON,10 1 RECREATION CE,9796,009730,4e-08,code_token_name,high,0.993
2000,2000,WILLIAMSON,10 2 LIBERTY ELEM,9796,009732,0.99667796,code_token_name,high,0.993
2000,2000,WILLIAMSON,10 2 LIBERTY ELEM,9796,009733,0.00189798,code_token_name,high,0.993
2000,2000,WILLIAMSON,10 2 LIBERTY ELEM,9796,009734,0.00142177,code_token_name,high,0.993
2000,2000,WILLIAMSON,10 2 LIBERTY ELEM,9796,009736,2.24e-06,code_token_name,high,0.993
2000,2000,WILLIAMSON,10 2 LIBERTY ELEM,9796,009730,4e-08,code_token_name,high,0.993
2000,2000,WILLIAMSON,11 1 FRANKLIN UPPE,9800,009735,0.72638579,code_token_name,high,0.993
2000,2000,WILLIAMSON,11 1 FRANKLIN UPPE,9800,009736,0.14198239,code_token_name,high,0.993
2000,2000,WILLIAMSON,11 1 FRANKLIN UPPE,9800,009739,0.05991012,code_token_name,high,0.993
2000,2000,WILLIAMSON,11 1 FRANKLIN UPPE,9800,009737,0.04643716,code_token_name,high,0.993
2000,2000,WILLIAMSON,11 1 FRANKLIN UPPE,9800,009732,0.02455956,code_token_name,high,0.993
2000,2000,WILLIAMSON,11 1 FRANKLIN UPPE,9800,009730,0.00072498,code_token_name,high,0.993
2000,2000,WILLIAMSON,12 1 FRANKLIN CTY,9804,009739,0.9672527,code_token_name,high,0.993
2000,2000,WILLIAMSON,12 1 FRANKLIN CTY,9804,009736,0.03087371,code_token_name,high,0.993
2000,2000,WILLIAMSON,12 1 FRANKLIN CTY,9804,009735,0.00163207,code_token_name,high,0.993
2000,2000,WILLIAMSON,12 1 FRANKLIN CTY,9804,009733,0.00022191,code_token_name,high,0.993
2000,2000,WILLIAMSON,12 1 FRANKLIN CTY,9804,009738,1.961e-05,code_token_name,high,0.993
2000,2000,WILLIAMSON,12 2 FRANKLIN CTY S,9804,009739,0.9672527,code_token_name,high,0.993
2000,2000,WILLIAMSON,12 2 FRANKLIN CTY S,9804,009736,0.03087371,code_token_name,high,0.993
2000,2000,WILLIAMSON,12 2 FRANKLIN CTY S,9804,009735,0.00163207,code_token_name,high,0.993
2000,2000,WILLIAMSON,12 2 FRANKLIN CTY S,9804,009733,0.00022191,code_token_name,high,0.993
2000,2000,WILLIAMSON,12 2 FRANKLIN CTY S,9804,009738,1.961e-05,code_token_name,high,0.993
2000,2000,WILSON,01 LAK,9816,009810,0.62393404,code_token_name,high,0.993
2000,2000,WILSON,01 LAK,9816,009801,0.30966949,code_token_name,high,0.993
2000,2000,WILSON,01 LAK,9816,009829,0.06599146,code_token_name,high,0.993
2000,2000,WILSON,01 LAK,9816,009824,0.000405,code_token_name,high,0.993
2000,2000,WILSON,02 STS,9820,009810,0.38057173,code_token_name,high,0.993
2000,2000,WILSON,02 STS,9820,009802,0.36612485,code_token_name,high,0.993
2000,2000,WILSON,02 STS,9820,009814,0.13318606,code_token_name,high,0.993
2000,2000,WILSON,02 STS,9820,009801,0.09147227,code_token_name,high,0.993
2000,2000,WILSON,02 STS,9820,009829,0.01545392,code_token_name,high,0.993
2000,2000,WILSON,02 STS,9820,009803,0.01319118,code_token_name,high,0.993
2000,2000,WILSON,03 LEE,9824,009832,0.52536315,code_token_name,high,0.993
2000,2000,WILSON,03 LEE,9824,009814,0.34993896,code_token_name,high,0.993
2000,2000,WILSON,03 LEE,9824,009803,0.09574852,code_token_name,high,0.993
2000,2000,WILSON,03 LEE,9824,009829,0.01833596,code_token_name,high,0.993
2000,2000,WILSON,03 LEE,9824,009833,0.01057617,code_token_name,high,0.993
2000,2000,WILSON,03 LEE,9824,009815,3.723e-05,code_token_name,high,0.993
2000,2000,WILSON,03 LEE,9824,009819,1e-08,code_token_name,high,0.993
2000,2000,WILSON,03 MJA,9824,009832,0.52536315,code_token_name,high,0.993
2000,2000,WILSON,03 MJA,9824,009814,0.34993896,code_token_name,high,0.993
2000,2000,WILSON,03 MJA,9824,009803,0.09574852,code_token_name,high,0.993
2000,2000,WILSON,03 MJA,9824,009829,0.01833596,code_token_name,high,0.993
2000,2000,WILSON,03 MJA,9824,009833,0.01057617,code_token_name,high,0.993
2000,2000,WILSON,03 MJA,9824,009815,3.723e-05,code_token_name,high,0.993
2000,2000,WILSON,03 MJA,9824,009819,1e-08,code_token_name,high,0.993
2000,2000,WILSON,04 WST,9836,009804,0.61993167,code_token_name,high,0.993
2000,2000,WILSON,04 WST,9836,009832,0.24845697,code_token_name,high,0.993
2000,2000,WILSON,04 WST,9836,009829,0.11182953,code_token_name,high,0.993
2000,2000,WILSON,04 WST,9836,009833,0.0095064,code_token_name,high,0.993
2000,2000,WILSON,04 WST,9836,009830,0.00879439,code_token_name,high,0.993
2000,2000,WILSON,04 WST,9836,009814,0.00129754,code_token_name,high,0.993
2000,2000,WILSON,04 WST,9836,009806,0.00016628,code_token_name,high,0.993
2000,2000,WILSON,04 WST,9836,009805,1.722e-05,code_token_name,high,0.993
2000,2000,WILSON,05 FCS,9840,009806,0.81550669,code_token_name,high,0.993
2000,2000,WILSON,05 FCS,9840,009823,0.11755381,code_token_name,high,0.993
2000,2000,WILSON,05 FCS,9840,009807,0.06683941,code_token_name,high,0.993
2000,2000,WILSON,05 FCS,9840,009825,7.361e-05,code_token_name,high,0.993
2000,2000,WILSON,05 FCS,9840,009830,2.647e-05,code_token_name,high,0.993
2000,2000,WILSON,05 LAG,9840,009806,0.81550669,code_token_name,high,0.993
2000,2000,WILSON,05 LAG,9840,009823,0.11755381,code_token_name,high,0.993
2000,2000,WILSON,05 LAG,9840,009807,0.06683941,code_token_name,high,0.993
2000,2000,WILSON,05 LAG,9840,009825,7.361e-05,code_token_name,high,0.993
2000,2000,WILSON,05 LAG,9840,009830,2.647e-05,code_token_name,high,0.993
2000,2000,WILSON,06 CO,9848,009807,0.91791967,code_token_name,high,0.993
2000,2000,WILSON,06 CO,9848,009820,0.04195628,code_token_name,high,0.993
2000,2000,WILSON,06 CO,9848,009825,0.03995844,code_token_name,high,0.993
2000,2000,WILSON,06 CO,9848,009806,0.00012021,code_token_name,high,0.993
2000,2000,WILSON,06 CO,9848,009823,4.54e-05,code_token_name,high,0.993
2000,2000,WILSON,07 SHS,9856,009808,0.57796372,code_token_name,high,0.993
2000,2000,WILSON,07 SHS,9856,009816,0.32811265,code_token_name,high,0.993
2000,2000,WILSON,07 SHS,9856,009828,0.08777908,code_token_name,high,0.993
2000,2000,WILSON,07 SHS,9856,009809,0.00580121,code_token_name,high,0.993
2000,2000,WILSON,07 SHS,9856,009817,0.0002055,code_token_name,high,0.993
2000,2000,WILSON,07 SHS,9856,009811,9.418e-05,code_token_name,high,0.993
2000,2000,WILSON,07 SHS,9856,009820,4.366e-05,code_token_name,high,0.993
2000,2000,WILSON,07 WHS,9856,009808,0.57796372,code_token_name,high,0.993
2000,2000,WILSON,07 WHS,9856,009816,0.32811265,code_token_name,high,0.993
2000,2000,WILSON,07 WHS,9856,009828,0.08777908,code_token_name,high,0.993
2000,2000,WILSON,07 WHS,9856,009809,0.00580121,code_token_name,high,0.993
2000,2000,WILSON,07 WHS,9856,009817,0.0002055,code_token_name,high,0.993
2000,2000,WILSON,07 WHS,9856,009811,9.418e-05,code_token_name,high,0.993
2000,2000,WILSON,07 WHS,9856,009820,4.366e-05,code_token_name,high,0.993
2000,2000,WILSON,08 HGC,9864,009810,0.534393,code_token_name,high,0.993
2000,2000,WILSON,08 HGC,9864,009801,0.45656343,code_token_name,high,0.993
2000,2000,WILSON,08 HGC,9864,009829,0.0086006,code_token_name,high,0.993
2000,2000,WILSON,08 HGC,9864,009814,0.00044297,code_token_name,high,0.993
2000,2000,WILSON,09 COM,9868,009812,0.99996444,code_token_name,high,0.993
2000,2000,WILSON,09 COM,9868,009811,3.556e-05,code_token_name,high,0.993
2000,2000,WILSON,09 CTH,9868,009812,0.99996444,code_token_name,high,0.993
2000,2000,WILSON,09 CTH,9868,009811,3.556e-05,code_token_name,high,0.993
2000,2000,WILSON,09 STA,9868,009812,0.99996444,code_token_name,high,0.993
2000,2000,WILSON,09 STA,9868,009811,3.556e-05,code_token_name,high,0.993
2000,2000,WILSON,09 WCC,9868,009812,0.99996444,code_token_name,high,0.993
2000,2000,WILSON,09 WCC,9868,009811,3.556e-05,code_token_name,high,0.993
2000,2000,WILSON,10 SRC,9884,009814,0.42464528,code_token_name,high,0.993
2000,2000,WILSON,10 SRC,9884,009803,0.36774315,code_token_name,high,0.993
2000,2000,WILSON,10 SRC,9884,009829,0.16864839,code_token_name,high,0.993
2000,2000,WILSON,10 SRC,9884,009802,0.0383325,code_token_name,high,0.993
2000,2000,WILSON,10 SRC,9884,009832,0.00063067,code_token_name,high,0.993
2000,2000,WILSON,11 VBC,9888,009819,0.80242486,code_token_name,high,0.993
2000,2000,WILSON,11 VBC,9888,009815,0.17704289,code_token_name,high,0.993
2000,2000,WILSON,11 VBC,9888,009822,0.02047782,code_token_name,high,0.993
2000,2000,WILSON,11 VBC,9888,009833,1.985e-05,code_token_name,high,0.993
2000,2000,WILSON,11 VBC,9888,009803,1.817e-05,code_token_name,high,0.993
2000,2000,WILSON,11 VBC,9888,009832,1.641e-05,code_token_name,high,0.993
2000,2000,WILSON,12 CF,9896,009817,0.59411287,code_token_name,high,0.993
2000,2000,WILSON,12 CF,9896,009818,0.40546678,code_token_name,high,0.993
2000,2000,WILSON,12 CF,9896,009816,0.0003228,code_token_name,high,0.993
2000,2000,WILSON,12 CF,9896,009819,9.756e-05,code_token_name,high,0.993
2000,2000,WILSON,12 NOR,9896,009817,0.59411287,code_token_name,high,0.993
2000,2000,WILSON,12 NOR,9896,009818,0.40546678,code_token_name,high,0.993
2000,2000,WILSON,12 NOR,9896,009816,0.0003228,code_token_name,high,0.993
2000,2000,WILSON,12 NOR,9896,009819,9.756e-05,code_token_name,high,0.993
2000,2000,WILSON,12 SS,9896,009817,0.59411287,code_token_name,high,0.993
2000,2000,WILSON,12 SS,9896,009818,0.40546678,code_token_name,high,0.993
2000,2000,WILSON,12 SS,9896,009816,0.0003228,code_token_name,high,0.993
2000,2000,WILSON,12 SS,9896,009819,9.756e-05,code_token_name,high,0.993
2000,2000,WILSON,13 GLD,9908,009818,0.80732548,code_token_name,high,0.993
2000,2000,WILSON,13 GLD,9908,009819,0.13991908,code_token_name,high,0.993
2000,2000,WILSON,13 GLD,9908,009815,0.04567383,code_token_name,high,0.993
2000,2000,WILSON,13 GLD,9908,009822,0.00708161,code_token_name,high,0.993
2000,2000,WILSON,14 BOE,9916,009819,0.35809246,prefix_name,high,0.995
2000,2000,WILSON,14 BOE,9916,009817,0.29501488,prefix_name,high,0.995
2000,2000,WILSON,14 BOE,9916,009809,0.28926124,prefix_name,high,0.995
2000,2000,WILSON,14 BOE,9916,009827,0.05760504,prefix_name,high,0.995
2000,2000,WILSON,14 BOE,9916,009833,1.981e-05,prefix_name,high,0.995
2000,2000,WILSON,14 BOE,9916,009830,6.57e-06,prefix_name,high,0.995
2000,2000,WILSON,14 GES,9914,009819,0.99950225,exact_name,high,1.0
2000,2000,WILSON,14 GES,9914,009818,0.00046223,exact_name,high,1.0
2000,2000,WILSON,14 GES,9914,009815,3.552e-05,exact_name,high,1.0
2000,2000,WILSON,14 GLV,9912,009819,0.74543958,exact_name,high,1.0
2000,2000,WILSON,14 GLV,9912,009818,0.25423686,exact_name,high,1.0
2000,2000,WILSON,14 GLV,9912,009817,0.00032357,exact_name,high,1.0
2000,2000,WILSON,15 FGT,9920,009820,0.66549654,code_token_name,high,0.993
2000,2000,WILSON,15 FGT,9920,009807,0.33447647,code_token_name,high,0.993
2000,2000,WILSON,15 FGT,9920,009826,1.601e-05,code_token_name,high,0.993
2000,2000,WILSON,15 FGT,9920,009828,1.092e-05,code_token_name,high,0.993
2000,2000,WILSON,15 FGT,9920,009825,7e-08,code_token_name,high,0.993
2000,2000,WILSON,15 TXR,9920,009820,0.66549654,code_token_name,high,0.993
2000,2000,WILSON,15 TXR,9920,009807,0.33447647,code_token_name,high,0.993
2000,2000,WILSON,15 TXR,9920,009826,1.601e-05,code_token_name,high,0.993
2000,2000,WILSON,15 TXR,9920,009828,1.092e-05,code_token_name,high,0.993
2000,2000,WILSON,15 TXR,9920,009825,7e-08,code_token_name,high,0.993
2000,2000,WILSON,16 CCC,9928,009822,0.65649692,code_token_name,high,0.993
2000,2000,WILSON,16 CCC,9928,009803,0.25932791,code_token_name,high,0.993
2000,2000,WILSON,16 CCC,9928,009818,0.03455998,code_token_name,high,0.993
2000,2000,WILSON,16 CCC,9928,009802,0.03450612,code_token_name,high,0.993
2000,2000,WILSON,16 CCC,9928,009815,0.01501694,code_token_name,high,0.993
2000,2000,WILSON,16 CCC,9928,009819,9.214e-05,code_token_name,high,0.993
2000,2000,WILSON,17 BD,9932,009823,0.59334384,code_token_name,high,0.993
2000,2000,WILSON,17 BD,9932,009825,0.19409369,code_token_name,high,0.993
2000,2000,WILSON,17 BD,9932,009831,0.1179668,code_token_name,high,0.993
2000,2000,WILSON,17 BD,9932,009830,0.09431582,code_token_name,high,0.993
2000,2000,WILSON,17 BD,9932,009806,0.00027985,code_token_name,high,0.993
2000,2000,WILSON,18 LKE,9936,009824,0.98921395,code_token_name,high,0.993
2000,2000,WILSON,18 LKE,9936,009810,0.01066236,code_token_name,high,0.993
2000,2000,WILSON,18 LKE,9936,009829,0.00012369,code_token_name,high,0.993
2000,2000,WILSON,19 SH,9940,009825,0.97868441,code_token_name,high,0.993
2000,2000,WILSON,19 SH,9940,009826,0.02069705,code_token_name,high,0.993
2000,2000,WILSON,19 SH,9940,009820,0.00061508,code_token_name,high,0.993
2000,2000,WILSON,19 SH,9940,009807,2.71e-06,code_token_name,high,0.993
2000,2000,WILSON,19 SH,9940,009831,7.4e-07,code_token_name,high,0.993
2000,2000,WILSON,20 MKS,9944,009828,0.50128301,code_token_name,high,0.993
2000,2000,WILSON,20 MKS,9944,009826,0.3977405,code_token_name,high,0.993
2000,2000,WILSON,20 MKS,9944,009820,0.10086744,code_token_name,high,0.993
2000,2000,WILSON,20 MKS,9944,009825,0.00010905,code_token_name,high,0.993
2000,2000,WILSON,21 WAC,9948,009828,0.32582217,code_token_name,high,0.993
2000,2000,WILSON,21 WAC,9948,009827,0.21905683,code_token_name,high,0.993
2000,2000,WILSON,21 WAC,9948,009808,0.20236727,code_token_name,high,0.993
2000,2000,WILSON,21 WAC,9948,009826,0.13298798,code_token_name,high,0.993
2000,2000,WILSON,21 WAC,9948,009809,0.11976575,code_token_name,high,0.993
2000,2000,WILSON,22 WAW,9952,009829,0.83372536,code_token_name,high,0.993
2000,2000,WILSON,22 WAW,9952,009824,0.13596567,code_token_name,high,0.993
2000,2000,WILSON,22 WAW,9952,009804,0.01543917,code_token_name,high,0.993
2000,2000,WILSON,22 WAW,9952,009810,0.01486545,code_token_name,high,0.993
2000,2000,WILSON,22 WAW,9952,009814,4.35e-06,code_token_name,high,0.993
2000,2000,WILSON,23 NGA,9956,009830,0.5426079,code_token_name,high,0.993
2000,2000,WILSON,23 NGA,9956,009833,0.17327231,code_token_name,high,0.993
2000,2000,WILSON,23 NGA,9956,009809,0.14140618,code_token_name,high,0.993
2000,2000,WILSON,23 NGA,9956,009827,0.08953321,code_token_name,high,0.993
2000,2000,WILSON,23 NGA,9956,009831,0.05315936,code_token_name,high,0.993
2000,2000,WILSON,23 NGA,9956,009819,2.104e-05,code_token_name,high,0.993
2000,2000,WILSON,24 FMC,9960,009831,0.43194437,code_token_name,high,0.993
2000,2000,WILSON,24 FMC,9960,009825,0.34078443,code_token_name,high,0.993
2000,2000,WILSON,24 FMC,9960,009823,0.1541418,code_token_name,high,0.993
2000,2000,WILSON,24 FMC,9960,009827,0.06038584,code_token_name,high,0.993
2000,2000,WILSON,24 FMC,9960,009826,0.01274355,code_token_name,high,0.993
2000,2000,WILSON,25 BF,9964,009830,0.68035541,code_token_name,high,0.993
2000,2000,WILSON,25 BF,9964,009804,0.22104345,code_token_name,high,0.993
2000,2000,WILSON,25 BF,9964,009806,0.06645667,code_token_name,high,0.993
2000,2000,WILSON,25 BF,9964,009831,0.02303614,code_token_name,high,0.993
2000,2000,WILSON,25 BF,9964,009823,0.00905564,code_token_name,high,0.993
2000,2000,WILSON,25 BF,9964,009833,5.269e-05,code_token_name,high,0.993
